{
  "eraser": {
    "volume": 1.0,
    "sounds": [
      {
        "name": "sounds/eraser",
        "load_on_low_memory": true
      }
    ]
  },
  "explosion": {
    "volume": 1.0,
    "sounds": [
      {
        "name": "sounds/explosion",
        "load_on_low_memory": true
      }
    ]
  },
  "explosion2": {
    "volume": 1.0,
    "sounds": [
      {
        "name": "sounds/explosion2",
        "load_on_low_memory": true
      }
    ]
  },
  "explosion3": {
    "volume": 1.0,
    "sounds": [
      {
        "name": "sounds/explosion3",
        "load_on_low_memory": true
      }
    ]
  },
  "overhaul_destroy": {
    "volume": 1.0,
    "sounds": [
      {
        "name": "sounds/overhaul_destroy",
        "load_on_low_memory": true
      }
    ]
  },
  "teleport": {
    "volume": 1.0,
    "sounds": [
      {
        "name": "sounds/teleport",
        "load_on_low_memory": true
      }
    ]
  },
  "woosh": {
    "volume": 1.0,
    "sounds": [
      {
        "name": "sounds/woosh",
        "load_on_low_memory": true
      }
    ]
  }
}