{
	"format_version": "1.8.0",
	"animations": {
		"animation.bisento.stop": {
			"loop": true,
			"animation_length": 1,
			"bones": {
				"rightArm": {
					"rotation": {
						"0.0": [-83.97434, -32.19779, 54.21379],
						"1.0": [-83.97, -32.2, 54.21]
					}
				},
				"leftArm": {
					"rotation": {
						"0.0": [-92.33495, 8.45031, 22.17598],
						"1.0": [-92.33, 8.45, 22.18]
					}
				}
			}
		},
		"animation.bisento.slash1": {
			"animation_length": 0.75,
			"bones": {
				"body": {
					"rotation": {
						"0.0": {
							"post": [0, 12.5, 0],
							"lerp_mode": "catmullrom"
						},
						"0.25": {
							"post": [0, 20, 0],
							"lerp_mode": "catmullrom"
						},
						"0.4167": {
							"post": [0, -27.5, 0],
							"lerp_mode": "catmullrom"
						},
						"0.75": {
							"post": [0, -27.5, 0],
							"lerp_mode": "catmullrom"
						}
					}
				},
				"rightArm": {
					"rotation": {
						"0.0": {
							"post": [-131.29366, -34.392, -10.57017],
							"lerp_mode": "catmullrom"
						},
						"0.25": {
							"post": [-151.29366, -34.392, -10.57017],
							"lerp_mode": "catmullrom"
						},
						"0.4167": {
							"post": [-8.05704, 22.41959, 6.37794],
							"lerp_mode": "catmullrom"
						},
						"0.75": {
							"post": [-8.06, 22.42, 6.38],
							"lerp_mode": "catmullrom"
						}
					}
				},
				"leftArm": {
					"rotation": {
						"0.0": {
							"post": [-119.49246, 23.358, -27.65479],
							"lerp_mode": "catmullrom"
						},
						"0.25": {
							"post": [-141.94522, 31.5075, -38.35345],
							"lerp_mode": "catmullrom"
						},
						"0.4167": {
							"post": [3.05, 31.51, -38.35],
							"lerp_mode": "catmullrom"
						},
						"0.75": {
							"post": [3.05, 31.51, -38.35],
							"lerp_mode": "catmullrom"
						}
					}
				}
			}
		},
		"animation.bisento.slash2": {
			"animation_length": 0.625,
			"bones": {
				"body": {
					"rotation": {
						"0.0": {
							"post": [0, 30, 0],
							"lerp_mode": "catmullrom"
						},
						"0.25": {
							"post": [0, 45, 0],
							"lerp_mode": "catmullrom"
						},
						"0.375": {
							"post": [0, -25, 0],
							"lerp_mode": "catmullrom"
						},
						"0.625": {
							"post": [0, -25, 0],
							"lerp_mode": "catmullrom"
						}
					}
				},
				"rightArm": {
					"rotation": {
						"0.0": {
							"post": [-237.80673, 0.95443, -129.64571],
							"lerp_mode": "catmullrom"
						},
						"0.25": {
							"post": [-250.30673, 0.95443, -129.64571],
							"lerp_mode": "catmullrom"
						},
						"0.375": {
							"post": [-45.30673, 0.95443, -129.64571],
							"lerp_mode": "catmullrom"
						},
						"0.625": {
							"post": [-45.31, 0.95, -129.65],
							"lerp_mode": "catmullrom"
						}
					}
				},
				"leftArm": {
					"rotation": {
						"0.0": {
							"post": [-50, 0, -47.5],
							"lerp_mode": "catmullrom"
						},
						"0.25": {
							"post": [-32.5, 0, -47.5],
							"lerp_mode": "catmullrom"
						},
						"0.375": {
							"post": [77.5, 0, -47.5],
							"lerp_mode": "catmullrom"
						},
						"0.625": {
							"post": [77.5, 0, -47.5],
							"lerp_mode": "catmullrom"
						}
					}
				}
			}
		},
		"animation.bisento.slash3": {
			"animation_length": 0.625,
			"bones": {
				"body": {
					"rotation": {
						"0.0": {
							"post": [0, -45, 0],
							"lerp_mode": "catmullrom"
						},
						"0.25": {
							"post": [0, -62.5, 0],
							"lerp_mode": "catmullrom"
						},
						"0.375": {
							"post": [0, 17.5, 0],
							"lerp_mode": "catmullrom"
						},
						"0.625": {
							"post": [0, 17.5, 0],
							"lerp_mode": "catmullrom"
						}
					}
				},
				"rightArm": {
					"rotation": {
						"0.0": {
							"post": [-106.86612, -17.22575, 79.52521],
							"lerp_mode": "catmullrom"
						},
						"0.25": {
							"post": [-119.36612, -17.22575, 79.52521],
							"lerp_mode": "catmullrom"
						},
						"0.375": {
							"post": [38.13388, -17.22575, 79.52521],
							"lerp_mode": "catmullrom"
						},
						"0.625": {
							"post": [38.13, -17.23, 79.53],
							"lerp_mode": "catmullrom"
						}
					}
				},
				"leftArm": {
					"rotation": {
						"0.0": {
							"post": [-124.11397, -52.42246, 28.22975],
							"lerp_mode": "catmullrom"
						},
						"0.25": {
							"post": [-181.53991, -58.42978, 67.08047],
							"lerp_mode": "catmullrom"
						},
						"0.375": {
							"post": [-87.77233, 31.14163, -34.37261],
							"lerp_mode": "catmullrom"
						},
						"0.625": {
							"post": [-87.77, 31.14, -34.37],
							"lerp_mode": "catmullrom"
						}
					}
				}
			}
		}
	}
}