{
	"format_version": "1.8.0",
	"animations": {
		"animation.cdk.stop": {
			"loop": true,
			"animation_length": 2,
			"bones": {
				"body": {
					"rotation": {
						"0.0": {
							"post": [0, 25, 0],
							"lerp_mode": "catmullrom"
						},
						"1.0": {
							"post": [0, 17.5, 0],
							"lerp_mode": "catmullrom"
						},
						"2.0": {
							"post": [0, 25, 0],
							"lerp_mode": "catmullrom"
						}
					}
				},
				"rightArm": {
					"rotation": {
						"0.0": {
							"post": [-194.01561, 61.04846, -31.02881],
							"lerp_mode": "catmullrom"
						},
						"1.0": {
							"post": [-204.01561, 61.04846, -31.02881],
							"lerp_mode": "catmullrom"
						},
						"2.0": {
							"post": [-194.01561, 61.04846, -31.02881],
							"lerp_mode": "catmullrom"
						}
					},
					"position": {
						"0.0": {
							"post": [0, -3, 0],
							"lerp_mode": "catmullrom"
						},
						"1.0": {
							"post": [0, -4, 0],
							"lerp_mode": "catmullrom"
						},
						"2.0": {
							"post": [0, -3, 0],
							"lerp_mode": "catmullrom"
						}
					}
				},
				"Haki": {
					"scale": {
						"0.0": {
							"post": [1, 1, 1],
							"lerp_mode": "catmullrom"
						},
						"1.0": {
							"post": [1, 1.8, 1.2],
							"lerp_mode": "catmullrom"
						},
						"2.0": {
							"post": [1, 1, 1],
							"lerp_mode": "catmullrom"
						}
					}
				},
				"leftArm": {
					"rotation": {
						"0.0": {
							"post": [-66.12888, 39.64994, -56.74523],
							"lerp_mode": "catmullrom"
						},
						"1.0": {
							"post": [-73.62888, 39.64994, -56.74523],
							"lerp_mode": "catmullrom"
						},
						"2.0": {
							"post": [-66.12888, 39.64994, -56.74523],
							"lerp_mode": "catmullrom"
						}
					}
				},
				"Haki2": {
					"scale": {
						"0.0": {
							"post": [1, 1, 1],
							"lerp_mode": "catmullrom"
						},
						"1.0": {
							"post": [1, 2, 1.3],
							"lerp_mode": "catmullrom"
						},
						"2.0": {
							"post": [1, 1, 1],
							"lerp_mode": "catmullrom"
						}
					}
				}
			}
		},
		"animation.cdk.slash1": {
			"animation_length": 0.625,
			"bones": {
				"waist": {
					"rotation": {
						"0.0": {
							"post": [0, 0, 0],
							"lerp_mode": "catmullrom"
						},
						"0.25": {
							"post": [-12.5, 0, 0],
							"lerp_mode": "catmullrom"
						},
						"0.375": {
							"post": [32.5, 0, 0],
							"lerp_mode": "catmullrom"
						},
						"0.625": {
							"post": [32.5, 0, 0],
							"lerp_mode": "catmullrom"
						}
					}
				},
				"rightArm": {
					"rotation": {
						"0.0": {
							"post": [-111.29717, 4.82922, 74.9453],
							"lerp_mode": "catmullrom"
						},
						"0.25": {
							"post": [-123.79717, 4.82922, 74.9453],
							"lerp_mode": "catmullrom"
						},
						"0.375": {
							"post": [53.70283, 4.82922, 74.9453],
							"lerp_mode": "catmullrom"
						},
						"0.625": {
							"post": [53.7, 4.83, 74.95],
							"lerp_mode": "catmullrom"
						}
					}
				},
				"leftArm": {
					"rotation": {
						"0.0": {
							"post": [-108.08243, 4.61854, -67.42266],
							"lerp_mode": "catmullrom"
						},
						"0.25": {
							"post": [-120.58243, 4.61854, -67.42266],
							"lerp_mode": "catmullrom"
						},
						"0.375": {
							"post": [44.41757, 4.61854, -67.42266],
							"lerp_mode": "catmullrom"
						},
						"0.625": {
							"post": [44.42, 4.62, -67.42],
							"lerp_mode": "catmullrom"
						}
					}
				}
			},
			"particle_effects": {
				"0.375": [
					{
						"effect": "cdkslash1"
					},
					{
						"effect": "cdkslash2"
					}
				]
			}
		},
		"animation.cdk.slash2": {
			"animation_length": 0.58333,
			"bones": {
				"waist": {
					"rotation": {
						"0.0": {
							"post": [0, 0, 0],
							"lerp_mode": "catmullrom"
						},
						"0.2083": {
							"post": [-20, 0, 0],
							"lerp_mode": "catmullrom"
						},
						"0.3333": {
							"post": [10, 0, 0],
							"lerp_mode": "catmullrom"
						},
						"0.5833": {
							"post": [10, 0, 0],
							"lerp_mode": "catmullrom"
						}
					}
				},
				"rightArm": {
					"rotation": {
						"0.0": {
							"post": [-134.85385, -24.30509, 22.26914],
							"lerp_mode": "catmullrom"
						},
						"0.2083": {
							"post": [-157.35385, -24.30509, 22.26914],
							"lerp_mode": "catmullrom"
						},
						"0.3333": {
							"post": [17.64615, -24.30509, 22.26914],
							"lerp_mode": "catmullrom"
						},
						"0.5833": {
							"post": [17.65, -24.31, 22.27],
							"lerp_mode": "catmullrom"
						}
					}
				},
				"leftArm": {
					"rotation": {
						"0.0": {
							"post": [-133.76538, 13.20587, -14.76579],
							"lerp_mode": "catmullrom"
						},
						"0.2083": {
							"post": [-148.77972, 6.13931, -11.1557],
							"lerp_mode": "catmullrom"
						},
						"0.3333": {
							"post": [28.72028, 6.13931, -11.1557],
							"lerp_mode": "catmullrom"
						},
						"0.5833": {
							"post": [28.72, 6.14, -11.16],
							"lerp_mode": "catmullrom"
						}
					}
				}
			},
			"particle_effects": {
				"0.3333": [
					{
						"effect": "cdkslash3"
					},
					{
						"effect": "cdkslash3_2"
					}
				]
			}
		},
		"animation.cdk.slash3": {
			"animation_length": 1,
			"bones": {
				"root": {
					"rotation": {
						"0.0": {
							"post": [0, 0, 0],
							"lerp_mode": "catmullrom"
						},
						"0.0833": {
							"post": [0, 110, 0],
							"lerp_mode": "catmullrom"
						},
						"0.1667": {
							"post": [0, 225, 0],
							"lerp_mode": "catmullrom"
						},
						"0.25": {
							"post": [0, 342.5, 0],
							"lerp_mode": "catmullrom"
						},
						"0.3333": {
							"post": [0, 445, 0],
							"lerp_mode": "catmullrom"
						},
						"0.4167": {
							"post": [0, 527.5, 0],
							"lerp_mode": "catmullrom"
						},
						"0.5": {
							"post": [0, 660, 0],
							"lerp_mode": "catmullrom"
						},
						"0.5833": {
							"post": [0, 780, 0],
							"lerp_mode": "catmullrom"
						},
						"0.6667": {
							"post": [0, 935, 0],
							"lerp_mode": "catmullrom"
						},
						"0.75": {
							"post": [10, 1100, 0],
							"lerp_mode": "catmullrom"
						},
						"1.0": {
							"post": [10, 1100, 0],
							"lerp_mode": "catmullrom"
						}
					}
				},
				"rightArm": {
					"rotation": {
						"0.0": {
							"post": [-90, 0, 85],
							"lerp_mode": "catmullrom"
						},
						"0.6667": {
							"post": [-90, 0, 85],
							"lerp_mode": "catmullrom"
						},
						"0.75": {
							"post": [54.04114, 43.96924, 58.26758],
							"lerp_mode": "catmullrom"
						},
						"1.0": {
							"post": [54.04, 43.97, 58.27],
							"lerp_mode": "catmullrom"
						}
					}
				},
				"leftArm": {
					"rotation": {
						"0.0": {
							"post": [-90, 0, 82.5],
							"lerp_mode": "catmullrom"
						},
						"0.6667": {
							"post": [-90, 0, 82.5],
							"lerp_mode": "catmullrom"
						},
						"0.75": {
							"post": [-32.15172, -20.43663, 53.4473],
							"lerp_mode": "catmullrom"
						},
						"1.0": {
							"post": [-32.15, -20.44, 53.45],
							"lerp_mode": "catmullrom"
						}
					}
				},
				"leftLeg": {
					"rotation": {
						"0.6667": {
							"pre": [0, 0, 0],
							"post": [0, 0, 0],
							"lerp_mode": "catmullrom"
						},
						"0.75": {
							"post": [-20, 0, -20],
							"lerp_mode": "catmullrom"
						},
						"1.0": {
							"post": [-20, 0, -20],
							"lerp_mode": "catmullrom"
						}
					}
				},
				"rightLeg": {
					"rotation": {
						"0.6667": {
							"pre": [0, 0, 0],
							"post": [0, 0, 0],
							"lerp_mode": "catmullrom"
						},
						"0.75": {
							"post": [14.87739, -1.93597, 7.24721],
							"lerp_mode": "catmullrom"
						},
						"1.0": {
							"post": [14.88, -1.94, 7.25],
							"lerp_mode": "catmullrom"
						}
					}
				}
			},
			"particle_effects": {
				"0.125": {
					"effect": "cdkslash2"
				},
				"0.25": {
					"effect": "cdkslash3"
				},
				"0.4583": {
					"effect": "cdkslash3_2"
				},
				"0.7083": {
					"effect": "cdkslash3"
				},
				"0.875": {
					"effect": "cdkslash1"
				}
			}
		}
	}
}