{
	"format_version": "1.8.0",
	"animations": {
		"animation.dragon.stop": {
			"loop": true,
			"animation_length": 3,
			"bones": {
				"bone8": {
					"rotation": [-97.5, 0, 0],
					"position": [0, 36, 0]
				},
				"fire": {
					"rotation": [-54.77962, 22.87037, 2.01027],
					"position": [0, -2, 5]
				},
				"fire2": {
					"rotation": [-41.54311, -18.26188, 8.15053],
					"position": [1, -1, 6]
				},
				"Cauda2": {
					"rotation": {
						"0.0": [77.5, 27.5, 0],
						"1.3333": [85, 27.5, 0],
						"3.0": [77.5, 27.5, 0]
					}
				},
				"Cauda": {
					"rotation": [-72.54407, 18.95248, -26.99054]
				},
				"Cauda3": {
					"rotation": [-39.90333, 19.42579, 60.89143]
				},
				"Cauda4": {
					"rotation": [-72.5, 0, 0]
				},
				"Cauda5": {
					"rotation": [-14.7507, 15.78872, 19.63677]
				},
				"Cauda6": {
					"rotation": [-20, 0, 0]
				},
				"Cauda7": {
					"rotation": [-62.5, 0, 0]
				},
				"Cauda8": {
					"rotation": [-52.5, 0, 0]
				},
				"Cauda9": {
					"rotation": [-55, 0, 0]
				},
				"Cauda10": {
					"rotation": [-40, 0, 0]
				},
				"Cauda13": {
					"rotation": [-27.5, 35, 0]
				},
				"Cauda14": {
					"rotation": [-32.5, 0, 0]
				},
				"Cauda15": {
					"rotation": {
						"0.0": [0, 0, 0],
						"1.375": [12.5, 5, 0],
						"3.0": [0, 0, 0]
					}
				},
				"Cauda16": {
					"rotation": [-22.5, 0, 0]
				},
				"Cauda17": {
					"rotation": [-17.5, 0, 0]
				},
				"Cauda19": {
					"rotation": [-42.51314, 33.42213, -22.84707]
				},
				"Cauda20": {
					"rotation": [-69.03808, 10.49974, -14.10355]
				},
				"Cauda22": {
					"rotation": [0, 0, 42.5]
				},
				"Cauda23": {
					"rotation": [8.64867, -2.18002, 65.30185]
				},
				"Cauda24": {
					"rotation": [0, 37.5, 0]
				},
				"bone2": {
					"rotation": [0, 15, 0]
				},
				"bone3": {
					"rotation": [0, 30, 0]
				},
				"bone4": {
					"rotation": [0, 10, 0]
				},
				"bone5": {
					"rotation": [0, 42.5, 0]
				},
				"bone6": {
					"rotation": [0, 30, 0]
				},
				"Pelo": {
					"rotation": [0, 22.5, 0]
				},
				"bracodireito": {
					"rotation": {
						"0.0": [35.88945, -7.4312, -44.08274],
						"1.3333": [38.4331, -14.3836, -48.71673],
						"3.0": [35.88945, -7.4312, -44.08274]
					}
				},
				"rightAnte": {
					"rotation": [-57.5, 0, 0]
				},
				"bracodireito2": {
					"rotation": {
						"0.0": [30.63617, 14.26504, 35.08711],
						"1.3333": [35.11914, 23.32636, 41.88577],
						"3.0": [30.63617, 14.26504, 35.08711]
					}
				},
				"leftAnte": {
					"rotation": [-52.5, 0, 0]
				},
				"bone9": {
					"rotation": {
						"0.0": [65, 0, 0],
						"1.3333": [70, 0, 0],
						"3.0": [65, 0, 0]
					}
				},
				"bone10": {
					"rotation": {
						"0.0": [57.5, 0, 0],
						"1.3333": [60, 0, 0],
						"3.0": [57.5, 0, 0]
					}
				},
				"bone11": {
					"rotation": [27.5, 0, 0]
				},
				"Head": {
					"rotation": {
						"0.0": [0, 0, 0],
						"1.3333": [-7.5, 0, 0],
						"3.0": [0, 0, 0]
					}
				},
				"Jaw": {
					"rotation": [0, 0, 0]
				}
			}
		},
		"animation.dragon.fly": {
			"loop": true,
			"animation_length": 2.04167,
			"bones": {
				"bone8": {
					"rotation": {
						"0.0": {
							"post": [-10.2397, 1.30016, -0.7543],
							"lerp_mode": "catmullrom"
						},
						"2.0417": {
							"post": [-10.24, 1.3, -0.75],
							"lerp_mode": "catmullrom"
						}
					},
					"position": {
						"0.0": {
							"post": [0, -1, -16],
							"lerp_mode": "catmullrom"
						},
						"0.4583": {
							"post": [0, 2, -13],
							"lerp_mode": "catmullrom"
						},
						"0.7917": {
							"post": [0, -1, -16],
							"lerp_mode": "catmullrom"
						},
						"1.0": {
							"post": [0, -1, -16],
							"lerp_mode": "catmullrom"
						},
						"1.2083": {
							"post": [0, 2, -13],
							"lerp_mode": "catmullrom"
						},
						"2.0417": {
							"post": [0, -1, -16],
							"lerp_mode": "catmullrom"
						}
					}
				},
				"Cauda2": {
					"rotation": {
						"0.0": {
							"post": [14.99442, -24.99999, 0.01555],
							"lerp_mode": "catmullrom"
						},
						"0.4167": {
							"post": [39.10395, -24.57225, 14.09501],
							"lerp_mode": "catmullrom"
						},
						"1.0": {
							"post": [13.00253, -24.04318, 31.5098],
							"lerp_mode": "catmullrom"
						},
						"1.2917": {
							"post": [39.10395, -24.57225, 14.09501],
							"lerp_mode": "catmullrom"
						},
						"2.0417": {
							"post": [14.99442, -24.99999, 0.01555],
							"lerp_mode": "catmullrom"
						}
					}
				},
				"Cauda": {
					"rotation": {
						"0.0": {
							"post": [20, -12.5, 0],
							"lerp_mode": "catmullrom"
						},
						"0.4167": {
							"post": [-13.03969, -7.50751, -0.27743],
							"lerp_mode": "catmullrom"
						},
						"0.9583": {
							"post": [20, -12.5, 0],
							"lerp_mode": "catmullrom"
						},
						"1.2917": {
							"post": [-13.05129, -2.51018, -0.11356],
							"lerp_mode": "catmullrom"
						},
						"2.0417": {
							"post": [20, -12.5, 0],
							"lerp_mode": "catmullrom"
						}
					}
				},
				"Cauda3": {
					"rotation": [-10, 0, 0]
				},
				"Cauda4": {
					"rotation": {
						"0.0": {
							"post": [0, 27.5, 0],
							"lerp_mode": "catmullrom"
						},
						"1.4583": {
							"post": [15, 27.5, 0],
							"lerp_mode": "catmullrom"
						},
						"2.0417": {
							"post": [0, 27.5, 0],
							"lerp_mode": "catmullrom"
						}
					}
				},
				"Cauda5": {
					"rotation": {
						"0.0": {
							"post": [0, 22.5, 0],
							"lerp_mode": "catmullrom"
						},
						"1.4583": {
							"post": [15, 22.5, 0],
							"lerp_mode": "catmullrom"
						},
						"2.0417": {
							"post": [0, 22.5, 0],
							"lerp_mode": "catmullrom"
						}
					}
				},
				"Cauda6": {
					"rotation": {
						"0.0": {
							"post": [0, 12.5, 0],
							"lerp_mode": "catmullrom"
						},
						"1.4583": {
							"post": [-17.5, 12.5, 0],
							"lerp_mode": "catmullrom"
						},
						"2.0417": {
							"post": [0, 12.5, 0],
							"lerp_mode": "catmullrom"
						}
					}
				},
				"Cauda7": {
					"rotation": {
						"0.0": {
							"post": [0, 17.5, 0],
							"lerp_mode": "catmullrom"
						},
						"1.4583": {
							"post": [-15, 17.5, 0],
							"lerp_mode": "catmullrom"
						},
						"2.0417": {
							"post": [0, 17.5, 0],
							"lerp_mode": "catmullrom"
						}
					}
				},
				"Cauda8": {
					"rotation": {
						"0.0": {
							"post": [-30, 0, 0],
							"lerp_mode": "catmullrom"
						},
						"0.2917": {
							"post": [-8.56545, -1.60354, 10.41457],
							"lerp_mode": "catmullrom"
						},
						"0.6667": {
							"post": [-19.0522, -3.62379, -8.43669],
							"lerp_mode": "catmullrom"
						},
						"1.4583": {
							"post": [-52.69534, -1.76914, 5.26156],
							"lerp_mode": "catmullrom"
						},
						"2.0417": {
							"post": [-30, 0, 0],
							"lerp_mode": "catmullrom"
						}
					}
				},
				"Cauda9": {
					"rotation": {
						"0.0": {
							"post": [-30, -42.5, 0],
							"lerp_mode": "catmullrom"
						},
						"2.0417": {
							"post": [-30, -42.5, 0],
							"lerp_mode": "catmullrom"
						}
					}
				},
				"Cauda10": {
					"rotation": {
						"0.0": {
							"post": [-6.50711, -21.06505, 8.09292],
							"lerp_mode": "catmullrom"
						},
						"2.0417": {
							"post": [-6.51, -21.07, 8.09],
							"lerp_mode": "catmullrom"
						}
					}
				},
				"Cauda11": {
					"rotation": {
						"0.0": {
							"post": [0, -7.5, 0],
							"lerp_mode": "catmullrom"
						},
						"2.0417": {
							"post": [0, -7.5, 0],
							"lerp_mode": "catmullrom"
						}
					}
				},
				"Cauda12": {
					"rotation": {
						"0.0": {
							"post": [0, -15, 0],
							"lerp_mode": "catmullrom"
						},
						"2.0417": {
							"post": [0, -15, 0],
							"lerp_mode": "catmullrom"
						}
					}
				},
				"Cauda13": {
					"rotation": {
						"0.0": {
							"post": [0, -20, 0],
							"lerp_mode": "catmullrom"
						},
						"2.0417": {
							"post": [0, -20, 0],
							"lerp_mode": "catmullrom"
						}
					}
				},
				"Cauda14": {
					"rotation": {
						"0.0": {
							"post": [17.5, 17.5, 0],
							"lerp_mode": "catmullrom"
						},
						"2.0417": {
							"post": [17.5, 17.5, 0],
							"lerp_mode": "catmullrom"
						}
					}
				},
				"Cauda15": {
					"rotation": {
						"0.0": {
							"post": [47.5, 0, 0],
							"lerp_mode": "catmullrom"
						},
						"0.3333": {
							"post": [4.31287, 9.82658, 17.53415],
							"lerp_mode": "catmullrom"
						},
						"0.5833": {
							"post": [20.61683, 16.56398, 19.04545],
							"lerp_mode": "catmullrom"
						},
						"1.125": {
							"post": [25.02, 11.4, 12.65],
							"lerp_mode": "catmullrom"
						},
						"1.5417": {
							"post": [36.71808, 2.08848, -2.6309],
							"lerp_mode": "catmullrom"
						},
						"2.0417": {
							"post": [47.5, 0, 0],
							"lerp_mode": "catmullrom"
						}
					}
				},
				"Cauda17": {
					"rotation": {
						"0.0": {
							"post": [27.73763, 17.43338, 1.5498],
							"lerp_mode": "catmullrom"
						},
						"2.0417": {
							"post": [27.74, 17.43, 1.55],
							"lerp_mode": "catmullrom"
						}
					}
				},
				"Cauda18": {
					"rotation": {
						"0.0": {
							"post": [57.95067, 10.16216, 20.94951],
							"lerp_mode": "catmullrom"
						},
						"2.0417": {
							"post": [57.95, 10.16, 20.95],
							"lerp_mode": "catmullrom"
						}
					}
				},
				"Cauda19": {
					"rotation": {
						"0.0": {
							"post": [21.66756, 24.74117, 12.21388],
							"lerp_mode": "catmullrom"
						},
						"2.0417": {
							"post": [21.67, 24.74, 12.21],
							"lerp_mode": "catmullrom"
						}
					}
				},
				"Cauda20": {
					"rotation": {
						"0.0": {
							"post": [-10, 0, 0],
							"lerp_mode": "catmullrom"
						},
						"2.0417": {
							"post": [-10, 0, 0],
							"lerp_mode": "catmullrom"
						}
					}
				},
				"Cauda21": {
					"rotation": {
						"0.0": {
							"post": [-77.5, 0, 0],
							"lerp_mode": "catmullrom"
						},
						"2.0417": {
							"post": [-77.5, 0, 0],
							"lerp_mode": "catmullrom"
						}
					}
				},
				"Cauda22": {
					"rotation": {
						"0.0": {
							"post": [-35, 0, 0],
							"lerp_mode": "catmullrom"
						},
						"2.0417": {
							"post": [-35, 0, 0],
							"lerp_mode": "catmullrom"
						}
					}
				},
				"Cauda24": {
					"rotation": {
						"0.0": {
							"post": [0, 0, 30],
							"lerp_mode": "catmullrom"
						},
						"2.0417": {
							"post": [0, 0, 30],
							"lerp_mode": "catmullrom"
						}
					}
				},
				"bone2": {
					"rotation": {
						"0.0": {
							"post": [12.5, 0, 0],
							"lerp_mode": "catmullrom"
						},
						"2.0417": {
							"post": [12.5, 0, 0],
							"lerp_mode": "catmullrom"
						}
					}
				},
				"bone4": {
					"rotation": {
						"0.0": {
							"post": [45, 0, 0],
							"lerp_mode": "catmullrom"
						},
						"2.0417": {
							"post": [45, 0, 0],
							"lerp_mode": "catmullrom"
						}
					}
				},
				"bone5": {
					"rotation": {
						"0.0": {
							"post": [25, 0, 0],
							"lerp_mode": "catmullrom"
						},
						"2.0417": {
							"post": [25, 0, 0],
							"lerp_mode": "catmullrom"
						}
					}
				},
				"bracodireito": {
					"rotation": {
						"0.0": {
							"post": [-17.5, 0, 0],
							"lerp_mode": "catmullrom"
						},
						"0.4583": {
							"post": [-95, 0, 0],
							"lerp_mode": "catmullrom"
						},
						"0.8333": {
							"post": [-95, 0, 0],
							"lerp_mode": "catmullrom"
						},
						"1.0417": {
							"post": [-7.5, 0, 0],
							"lerp_mode": "catmullrom"
						},
						"1.625": {
							"post": [-17.5, 0, 0],
							"lerp_mode": "catmullrom"
						},
						"2.0417": {
							"post": [-17.5, 0, 0],
							"lerp_mode": "catmullrom"
						}
					}
				},
				"rightAnte": {
					"rotation": {
						"0.0": {
							"post": [-60, 0, 0],
							"lerp_mode": "catmullrom"
						},
						"1.125": {
							"post": [-85, 0, 0],
							"lerp_mode": "catmullrom"
						},
						"1.5417": {
							"post": [-60, 0, 0],
							"lerp_mode": "catmullrom"
						},
						"2.0417": {
							"post": [-60, 0, 0],
							"lerp_mode": "catmullrom"
						}
					}
				},
				"bracodireito2": {
					"rotation": {
						"0.0": {
							"post": [-127.5, 0, 0],
							"lerp_mode": "catmullrom"
						},
						"0.3333": {
							"post": [-5, 0, 0],
							"lerp_mode": "catmullrom"
						},
						"0.875": {
							"post": [-5, 0, 0],
							"lerp_mode": "catmullrom"
						},
						"1.2083": {
							"post": [-124.01631, -6.33627, -17.56554],
							"lerp_mode": "catmullrom"
						},
						"1.7083": {
							"post": [-127.5, 0, 0],
							"lerp_mode": "catmullrom"
						},
						"2.0417": {
							"post": [-127.5, 0, 0],
							"lerp_mode": "catmullrom"
						}
					}
				},
				"leftAnte": {
					"rotation": {
						"0.0": {
							"post": [-27.5, 0, 0],
							"lerp_mode": "catmullrom"
						},
						"0.5833": {
							"post": [-82.5, 0, 0],
							"lerp_mode": "catmullrom"
						},
						"1.2083": {
							"post": [-17.5, 0, 0],
							"lerp_mode": "catmullrom"
						},
						"1.5833": {
							"post": [-27.5, 0, 0],
							"lerp_mode": "catmullrom"
						},
						"2.0417": {
							"post": [-27.5, 0, 0],
							"lerp_mode": "catmullrom"
						}
					}
				},
				"bone9": {
					"rotation": {
						"0.0": {
							"post": [22.5, 0, 0],
							"lerp_mode": "catmullrom"
						},
						"0.3333": {
							"post": [10, 0, 0],
							"lerp_mode": "catmullrom"
						},
						"0.875": {
							"post": [17.5, 0, 0],
							"lerp_mode": "catmullrom"
						},
						"1.1667": {
							"post": [0.63, 0, 0],
							"lerp_mode": "catmullrom"
						},
						"1.4583": {
							"post": [22.5, 0, 0],
							"lerp_mode": "catmullrom"
						},
						"2.0417": {
							"post": [22.5, 0, 0],
							"lerp_mode": "catmullrom"
						}
					}
				},
				"bone10": {
					"rotation": {
						"0.0": {
							"post": [17.5, 0, 0],
							"lerp_mode": "catmullrom"
						},
						"0.3333": {
							"post": [10, 0, 0],
							"lerp_mode": "catmullrom"
						},
						"1.0417": {
							"post": [30, 0, 0],
							"lerp_mode": "catmullrom"
						},
						"1.25": {
							"post": [45.94, 0, 0],
							"lerp_mode": "catmullrom"
						},
						"1.4583": {
							"post": [12.19, 0, 0],
							"lerp_mode": "catmullrom"
						},
						"1.75": {
							"post": [17.5, 0, 0],
							"lerp_mode": "catmullrom"
						},
						"2.0417": {
							"post": [17.5, 0, 0],
							"lerp_mode": "catmullrom"
						}
					}
				},
				"bone11": {
					"rotation": {
						"0.0": {
							"post": [5, 0, 0],
							"lerp_mode": "catmullrom"
						},
						"0.625": {
							"post": [-10, 0, 0],
							"lerp_mode": "catmullrom"
						},
						"0.9583": {
							"post": [17.5, 0, 0],
							"lerp_mode": "catmullrom"
						},
						"1.2083": {
							"post": [30, 0, 0],
							"lerp_mode": "catmullrom"
						},
						"1.7083": {
							"post": [2.5, 0, 0],
							"lerp_mode": "catmullrom"
						},
						"2.0417": {
							"post": [2.5, 0, 0],
							"lerp_mode": "catmullrom"
						}
					}
				}
			}
		},
		"animation.dragon.scream": {
			"loop": true,
			"animation_length": 2.5,
			"bones": {
				"bone8": {
					"rotation": {
						"0.0": {
							"post": [-7.5, 0, 0],
							"lerp_mode": "catmullrom"
						},
						"0.0833": {
							"post": [-7.5, 0, 0],
							"lerp_mode": "catmullrom"
						},
						"0.2917": {
							"post": [-87.5, 0, 0],
							"lerp_mode": "catmullrom"
						},
						"2.1667": {
							"post": [-87.5, 0, 0],
							"lerp_mode": "catmullrom"
						},
						"2.5": {
							"post": [-87.5, 0, 0],
							"lerp_mode": "catmullrom"
						}
					}
				},
				"bracodireito": {
					"rotation": {
						"0.0": {
							"post": [-6.57276, -23.43374, -1.05397],
							"lerp_mode": "catmullrom"
						},
						"0.0833": {
							"post": [-86.57, -23.43, -1.05],
							"lerp_mode": "catmullrom"
						},
						"0.2917": {
							"post": [28.20053, -16.24579, -34.52268],
							"lerp_mode": "catmullrom"
						},
						"0.625": {
							"post": [42.83338, -4.75104, -88.07898],
							"lerp_mode": "catmullrom"
						},
						"1.4583": {
							"post": [46.60596, -9.11955, -95.24857],
							"lerp_mode": "catmullrom"
						},
						"2.1667": {
							"post": [46.61, -9.12, -95.25],
							"lerp_mode": "catmullrom"
						},
						"2.25": {
							"post": [52.08361, -20.37827, -88.17402],
							"lerp_mode": "catmullrom"
						},
						"2.5": {
							"post": [52.08, -20.38, -88.17],
							"lerp_mode": "catmullrom"
						}
					}
				},
				"rightAnte": {
					"rotation": {
						"0.0": {
							"post": [-60, 0, 0],
							"lerp_mode": "catmullrom"
						},
						"0.0833": {
							"post": [-60, 0, 0],
							"lerp_mode": "catmullrom"
						},
						"0.2917": {
							"post": [-9.04, 0, 0],
							"lerp_mode": "catmullrom"
						},
						"0.625": {
							"post": [-25, 0, 0],
							"lerp_mode": "catmullrom"
						},
						"2.1667": {
							"post": [-25, 0, 0],
							"lerp_mode": "catmullrom"
						},
						"2.25": {
							"post": [-42.5, 0, 0],
							"lerp_mode": "catmullrom"
						},
						"2.5": {
							"post": [-42.5, 0, 0],
							"lerp_mode": "catmullrom"
						}
					}
				},
				"bracodireito2": {
					"rotation": {
						"0.0": {
							"post": [36.78373, 36.49129, 0.79851],
							"lerp_mode": "catmullrom"
						},
						"0.0833": {
							"post": [36.78, 36.49, 0.8],
							"lerp_mode": "catmullrom"
						},
						"0.625": {
							"post": [-1.48358, 14.39934, 55.67526],
							"lerp_mode": "catmullrom"
						},
						"1.4583": {
							"post": [21.01642, 14.39934, 55.67526],
							"lerp_mode": "catmullrom"
						},
						"2.1667": {
							"post": [21.02, 14.4, 55.68],
							"lerp_mode": "catmullrom"
						},
						"2.25": {
							"post": [37.29978, 16.30892, 78.63275],
							"lerp_mode": "catmullrom"
						},
						"2.5": {
							"post": [37.3, 16.31, 78.63],
							"lerp_mode": "catmullrom"
						}
					}
				},
				"leftAnte": {
					"rotation": {
						"0.0": {
							"post": [-70, 0, 0],
							"lerp_mode": "catmullrom"
						},
						"0.0833": {
							"post": [-70, 0, 0],
							"lerp_mode": "catmullrom"
						},
						"0.625": {
							"post": [0, 0, 0],
							"lerp_mode": "catmullrom"
						},
						"2.1667": {
							"post": [0, 0, 0],
							"lerp_mode": "catmullrom"
						},
						"2.25": {
							"post": [-35, 0, 0],
							"lerp_mode": "catmullrom"
						},
						"2.5": {
							"post": [-35, 0, 0],
							"lerp_mode": "catmullrom"
						}
					}
				},
				"bone9": {
					"rotation": {
						"0.0": {
							"post": [37.5, 0, 0],
							"lerp_mode": "catmullrom"
						},
						"0.0833": {
							"post": [37.5, 0, 0],
							"lerp_mode": "catmullrom"
						},
						"0.2083": {
							"post": [81.26, 0, 0],
							"lerp_mode": "catmullrom"
						},
						"0.5833": {
							"post": [27.5, 0, 0],
							"lerp_mode": "catmullrom"
						},
						"2.1667": {
							"post": [27.5, 0, 0],
							"lerp_mode": "catmullrom"
						},
						"2.5": {
							"post": [27.5, 0, 0],
							"lerp_mode": "catmullrom"
						}
					}
				},
				"bone10": {
					"rotation": {
						"0.0": {
							"post": [50, 0, 0],
							"lerp_mode": "catmullrom"
						},
						"0.0833": {
							"post": [50, 0, 0],
							"lerp_mode": "catmullrom"
						},
						"0.2083": {
							"post": [70.36, 0, 0],
							"lerp_mode": "catmullrom"
						},
						"0.625": {
							"post": [2.5, 0, 0],
							"lerp_mode": "catmullrom"
						},
						"2.1667": {
							"post": [2.5, 0, 0],
							"lerp_mode": "catmullrom"
						},
						"2.25": {
							"post": [45, 0, 0],
							"lerp_mode": "catmullrom"
						},
						"2.5": {
							"post": [45, 0, 0],
							"lerp_mode": "catmullrom"
						}
					}
				},
				"bone11": {
					"rotation": {
						"0.0": {
							"post": [17.5, 0, 0],
							"lerp_mode": "catmullrom"
						},
						"0.0833": {
							"post": [17.5, 0, 0],
							"lerp_mode": "catmullrom"
						},
						"0.2083": {
							"post": [31.3, 0, 0],
							"lerp_mode": "catmullrom"
						},
						"0.625": {
							"post": [-32.5, 0, 0],
							"lerp_mode": "catmullrom"
						},
						"2.1667": {
							"post": [-32.5, 0, 0],
							"lerp_mode": "catmullrom"
						},
						"2.25": {
							"post": [25, 0, 0],
							"lerp_mode": "catmullrom"
						},
						"2.5": {
							"post": [25, 0, 0],
							"lerp_mode": "catmullrom"
						}
					}
				},
				"Head": {
					"rotation": {
						"0.0": {
							"post": [20, 0, 0],
							"lerp_mode": "catmullrom"
						},
						"0.0833": {
							"post": [20, 0, 0],
							"lerp_mode": "catmullrom"
						},
						"0.2917": {
							"post": [7.5, 0, 0],
							"lerp_mode": "catmullrom"
						},
						"0.5833": {
							"post": [52.5, 0, 0],
							"lerp_mode": "catmullrom"
						},
						"1.4583": {
							"post": [42.5, 0, 0],
							"lerp_mode": "catmullrom"
						},
						"2.1667": {
							"post": [42.5, 0, 0],
							"lerp_mode": "catmullrom"
						},
						"2.25": {
							"post": [42.5, 0, 0],
							"lerp_mode": "catmullrom"
						},
						"2.5": {
							"post": [42.5, 0, 0],
							"lerp_mode": "catmullrom"
						}
					}
				},
				"Jaw": {
					"rotation": {
						"0.0": {
							"post": [-12.5, 0, 0],
							"lerp_mode": "catmullrom"
						},
						"0.0833": {
							"post": [-12.5, 0, 0],
							"lerp_mode": "catmullrom"
						},
						"0.2917": {
							"post": [-12.5, 0, 0],
							"lerp_mode": "catmullrom"
						},
						"0.5": {
							"post": [-12.5, 0, 0],
							"lerp_mode": "catmullrom"
						},
						"0.625": {
							"post": [70, 0, 0],
							"lerp_mode": "catmullrom"
						},
						"0.6667": {
							"post": [57.5, 0, 0],
							"lerp_mode": "catmullrom"
						},
						"0.7083": {
							"post": [67.5, 0, 0],
							"lerp_mode": "catmullrom"
						},
						"0.75": {
							"post": [50, 0, 0],
							"lerp_mode": "catmullrom"
						},
						"0.7917": {
							"post": [75, 0, 0],
							"lerp_mode": "catmullrom"
						},
						"0.8333": {
							"post": [55, 0, 0],
							"lerp_mode": "catmullrom"
						},
						"0.875": {
							"post": [85, 0, 0],
							"lerp_mode": "catmullrom"
						},
						"0.9167": {
							"post": [50, 0, 0],
							"lerp_mode": "catmullrom"
						},
						"0.9583": {
							"post": [65, 0, 0],
							"lerp_mode": "catmullrom"
						},
						"1.0": {
							"post": [47.5, 0, 0],
							"lerp_mode": "catmullrom"
						},
						"1.0417": {
							"post": [62.5, 0, 0],
							"lerp_mode": "catmullrom"
						},
						"1.0833": {
							"post": [45, 0, 0],
							"lerp_mode": "catmullrom"
						},
						"1.125": {
							"post": [65, 0, 0],
							"lerp_mode": "catmullrom"
						},
						"1.1667": {
							"post": [45, 0, 0],
							"lerp_mode": "catmullrom"
						},
						"1.2083": {
							"post": [62.5, 0, 0],
							"lerp_mode": "catmullrom"
						},
						"1.25": {
							"post": [47.5, 0, 0],
							"lerp_mode": "catmullrom"
						},
						"1.2917": {
							"post": [65, 0, 0],
							"lerp_mode": "catmullrom"
						},
						"1.3333": {
							"post": [37.5, 0, 0],
							"lerp_mode": "catmullrom"
						},
						"1.375": {
							"post": [57.5, 0, 0],
							"lerp_mode": "catmullrom"
						},
						"1.4167": {
							"post": [32.5, 0, 0],
							"lerp_mode": "catmullrom"
						},
						"1.4583": {
							"post": [47.5, 0, 0],
							"lerp_mode": "catmullrom"
						},
						"2.1667": {
							"post": [47.5, 0, 0],
							"lerp_mode": "catmullrom"
						},
						"2.25": {
							"post": [-12.5, 0, 0],
							"lerp_mode": "catmullrom"
						},
						"2.5": {
							"post": [-12.5, 0, 0],
							"lerp_mode": "catmullrom"
						}
					}
				}
			}
		},
		"animation.dragon.borobreathhold": {
			"loop": true,
			"animation_length": 6,
			"bones": {
				"bone8": {
					"rotation": [-105, 0, 0],
					"position": [0, 0, -18]
				},
				"fire": {
					"position": [0, 0, 4]
				},
				"fire2": {
					"position": [0, 0, 4]
				},
				"bracodireito": {
					"rotation": {
						"0.0": [35.88945, -7.4312, -44.08274],
						"1.25": [38.3373, -10.84839, -48.46871],
						"3.375": [34.80994, -5.65956, -42.00503],
						"6.0": [35.88945, -7.4312, -44.08274]
					}
				},
				"rightAnte": {
					"rotation": {
						"0.0": [-57.5, 0, 0],
						"6.0": [-57.5, 0, 0]
					}
				},
				"bracodireito2": {
					"rotation": {
						"0.0": [30.63617, 14.26504, 35.08711],
						"1.25": [33.51848, 17.98894, 39.48732],
						"3.375": [35.17691, 19.78565, 41.88987],
						"6.0": [30.63617, 14.26504, 35.08711]
					}
				},
				"leftAnte": {
					"rotation": [-52.5, 0, 0]
				},
				"bone9": {
					"rotation": {
						"0.0": [22.5, 0, 0],
						"3.375": [20, 0, 0],
						"6.0": [22.5, 0, 0]
					}
				},
				"bone10": {
					"rotation": {
						"0.0": [12.5, 0, 0],
						"3.375": [15, 0, 0],
						"6.0": [12.5, 0, 0]
					}
				},
				"bone11": {
					"rotation": [-12.5, 0, 0]
				},
				"Head": {
					"rotation": [0, 0, 0]
				},
				"Jaw": {
					"rotation": [80, 0, 0]
				}
			}
		},
		"animation.dragon.new": {
			"loop": true,
			"animation_length": 1.91667,
			"bones": {
				"bone8": {
					"rotation": {
						"0.0": {
							"post": [-105, 0, 0],
							"lerp_mode": "catmullrom"
						},
						"0.2083": {
							"post": [-115, 0, 0],
							"lerp_mode": "catmullrom"
						},
						"0.2917": {
							"post": [-115, 0, 0],
							"lerp_mode": "catmullrom"
						},
						"0.4167": {
							"post": [-47.5, 0, 0],
							"lerp_mode": "catmullrom"
						},
						"1.5417": {
							"post": [-47.5, 0, 0],
							"lerp_mode": "catmullrom"
						},
						"1.9167": {
							"post": [-105, 0, 0],
							"lerp_mode": "catmullrom"
						}
					},
					"position": {
						"0.0": {
							"post": [0, 0, -18],
							"lerp_mode": "catmullrom"
						},
						"1.5417": {
							"post": [0, 0, -18],
							"lerp_mode": "catmullrom"
						},
						"1.9167": {
							"post": [0, 0, -18],
							"lerp_mode": "catmullrom"
						}
					}
				},
				"bracodireito": {
					"rotation": {
						"0.0": {
							"post": [35.88945, -7.4312, -44.08274],
							"lerp_mode": "catmullrom"
						},
						"0.0833": {
							"post": [35.89, -7.43, -44.08],
							"lerp_mode": "catmullrom"
						},
						"0.2083": {
							"post": [65.89, -7.43, -44.08],
							"lerp_mode": "catmullrom"
						},
						"0.2917": {
							"post": [65.89, -7.43, -44.08],
							"lerp_mode": "catmullrom"
						},
						"1.9167": {
							"post": [65.89, -7.43, -44.08],
							"lerp_mode": "catmullrom"
						}
					}
				},
				"rightAnte": {
					"rotation": {
						"0.0": {
							"post": [-57.5, 0, 0],
							"lerp_mode": "catmullrom"
						},
						"0.0833": {
							"post": [-57.5, 0, 0],
							"lerp_mode": "catmullrom"
						},
						"1.9167": {
							"post": [-57.5, 0, 0],
							"lerp_mode": "catmullrom"
						}
					}
				},
				"bracodireito2": {
					"rotation": {
						"0.0": {
							"post": [30.63617, 14.26504, 35.08711],
							"lerp_mode": "catmullrom"
						},
						"0.0833": {
							"post": [30.64, 14.27, 35.09],
							"lerp_mode": "catmullrom"
						},
						"0.2083": {
							"post": [50.64, 14.27, 35.09],
							"lerp_mode": "catmullrom"
						},
						"0.2917": {
							"post": [50.64, 14.27, 35.09],
							"lerp_mode": "catmullrom"
						},
						"1.5417": {
							"post": [50.64, 14.27, 35.09],
							"lerp_mode": "catmullrom"
						},
						"1.9167": {
							"post": [50.64, 14.27, 35.09],
							"lerp_mode": "catmullrom"
						}
					}
				},
				"leftAnte": {
					"rotation": {
						"0.0": {
							"post": [-52.5, 0, 0],
							"lerp_mode": "catmullrom"
						},
						"0.0833": {
							"post": [-52.5, 0, 0],
							"lerp_mode": "catmullrom"
						},
						"1.5417": {
							"post": [-52.5, 0, 0],
							"lerp_mode": "catmullrom"
						},
						"1.9167": {
							"post": [-52.5, 0, 0],
							"lerp_mode": "catmullrom"
						}
					}
				},
				"bone9": {
					"rotation": {
						"0.0": {
							"post": [22.5, 0, 0],
							"lerp_mode": "catmullrom"
						},
						"0.0833": {
							"post": [22.5, 0, 0],
							"lerp_mode": "catmullrom"
						},
						"0.1667": {
							"post": [-25, 0, 0],
							"lerp_mode": "catmullrom"
						},
						"0.2917": {
							"post": [-25, 0, 0],
							"lerp_mode": "catmullrom"
						},
						"0.4167": {
							"post": [52.5, 0, 0],
							"lerp_mode": "catmullrom"
						},
						"1.5417": {
							"post": [52.5, 0, 0],
							"lerp_mode": "catmullrom"
						},
						"1.9167": {
							"post": [55, 0, 0],
							"lerp_mode": "catmullrom"
						}
					}
				},
				"bone10": {
					"rotation": {
						"0.0": {
							"post": [12.5, 0, 0],
							"lerp_mode": "catmullrom"
						},
						"0.0833": {
							"post": [12.5, 0, 0],
							"lerp_mode": "catmullrom"
						},
						"0.1667": {
							"post": [90, 0, 0],
							"lerp_mode": "catmullrom"
						},
						"0.2917": {
							"post": [90, 0, 0],
							"lerp_mode": "catmullrom"
						},
						"0.4167": {
							"post": [20, 0, 0],
							"lerp_mode": "catmullrom"
						},
						"1.5417": {
							"post": [20, 0, 0],
							"lerp_mode": "catmullrom"
						},
						"1.9167": {
							"post": [65, 0, 0],
							"lerp_mode": "catmullrom"
						}
					}
				},
				"bone11": {
					"rotation": {
						"0.0": {
							"post": [-12.5, 0, 0],
							"lerp_mode": "catmullrom"
						},
						"0.0833": {
							"post": [-12.5, 0, 0],
							"lerp_mode": "catmullrom"
						},
						"0.1667": {
							"post": [90.95005, -11.72056, 1.39268],
							"lerp_mode": "catmullrom"
						},
						"0.2917": {
							"post": [90.95, -11.72, 1.39],
							"lerp_mode": "catmullrom"
						},
						"0.4167": {
							"post": [-0.84341, 0.96657, -0.50862],
							"lerp_mode": "catmullrom"
						},
						"1.5417": {
							"post": [-0.84, 0.97, -0.51],
							"lerp_mode": "catmullrom"
						},
						"1.9167": {
							"post": [36.66, 0.97, -0.51],
							"lerp_mode": "catmullrom"
						}
					}
				},
				"Head": {
					"rotation": {
						"0.0": {
							"post": [0, 0, 0],
							"lerp_mode": "catmullrom"
						},
						"0.0833": {
							"post": [0, 0, 0],
							"lerp_mode": "catmullrom"
						},
						"0.2917": {
							"post": [0, 0, 0],
							"lerp_mode": "catmullrom"
						},
						"0.4167": {
							"post": [-15, 0, 0],
							"lerp_mode": "catmullrom"
						},
						"1.5417": {
							"post": [-15, 0, 0],
							"lerp_mode": "catmullrom"
						},
						"1.9167": {
							"post": [-15, 0, 0],
							"lerp_mode": "catmullrom"
						}
					}
				},
				"Jaw": {
					"rotation": {
						"0.0": {
							"post": [80, 0, 0],
							"lerp_mode": "catmullrom"
						},
						"0.0833": {
							"post": [80, 0, 0],
							"lerp_mode": "catmullrom"
						},
						"0.1667": {
							"post": [27.5, 0, 0],
							"lerp_mode": "catmullrom"
						},
						"0.4167": {
							"post": [45, 0, 0],
							"lerp_mode": "catmullrom"
						},
						"1.5417": {
							"post": [45, 0, 0],
							"lerp_mode": "catmullrom"
						},
						"1.9167": {
							"post": [-12.5, 0, 0],
							"lerp_mode": "catmullrom"
						}
					}
				}
			}
		}
	}
}