{
	"format_version": "1.8.0",
	"animations": {
		"animation.elthor2": {
			"animation_length": 1.16667,
			"bones": {
				"bone": {
					"rotation": {
						"0.0": {
							"post": [0, 0, 0],
							"lerp_mode": "catmullrom"
						},
						"0.1667": {
							"post": [0, -540, 0],
							"lerp_mode": "catmullrom"
						},
						"0.5833": {
							"post": [0, -1155, 0],
							"lerp_mode": "catmullrom"
						},
						"1.0": {
							"post": [0, -615, 0],
							"lerp_mode": "catmullrom"
						},
						"1.1667": {
							"post": [0, 0, 0],
							"lerp_mode": "catmullrom"
						}
					},
					"scale": {
						"0.0": {
							"post": [1, 1, 1],
							"lerp_mode": "catmullrom"
						},
						"0.1667": {
							"post": [14.4, 13, 14.7],
							"lerp_mode": "catmullrom"
						},
						"0.5833": {
							"post": [14.4, 13, 14.7],
							"lerp_mode": "catmullrom"
						},
						"1.0": {
							"post": [14.4, 13, 14.7],
							"lerp_mode": "catmullrom"
						},
						"1.1667": {
							"post": [1, 1, 1],
							"lerp_mode": "catmullrom"
						}
					}
				}
			}
		}
	}
}