{
	"format_version": "1.8.0",
	"animations": {
		"animation.gpush": {
			"animation_length": 0.625,
			"bones": {
				"bone": {
					"scale": {
						"0.0": {
							"post": [2.7, 0, 2.6],
							"lerp_mode": "catmullrom"
						},
						"0.0833": {
							"post": [1, 1.8, 1],
							"lerp_mode": "catmullrom"
						},
						"0.2083": {
							"post": [1, 4, 1],
							"lerp_mode": "catmullrom"
						},
						"0.4167": {
							"post": [1, 4, 1],
							"lerp_mode": "catmullrom"
						},
						"0.5417": {
							"post": [1, 0, 1],
							"lerp_mode": "catmullrom"
						},
						"0.625": {
							"post": [1, 0, 1],
							"lerp_mode": "catmullrom"
						}
					}
				}
			}
		}
	}
}