{
	"format_version": "1.8.0",
	"animations": {
		"animation.palm_hold": {
			"loop": true,
			"animation_length": 0.25,
			"bones": {
				"leftArm": {
					"rotation": {
						"0.0": [-118.03458, 44.72566, -31.03795],
						"0.25": [-118.03, 44.73, -31.04]
					}
				},
				"rightArm": {
					"rotation": {
						"0.0": [-124.11397, -52.42246, 28.22975],
						"0.25": [-124.11, -52.42, 28.23]
					}
				},
				"leftLeg": {
					"rotation": {
						"0.0": [0, -45, 0],
						"0.25": [0, -45, 0]
					},
					"position": {
						"0.0": [2, 0, -2],
						"0.25": [2, 0, -2]
					}
				},
				"rightLeg": {
					"rotation": {
						"0.0": [0, 37.5, 0],
						"0.25": [0, 37.5, 0]
					},
					"position": {
						"0.0": [-2, 0, -2],
						"0.25": [-2, 0, -2]
					}
				}
			}
		},
		"animation.palm": {
			"animation_length": 0.375,
			"bones": {
				"leftArm": {
					"rotation": {
						"0.0": {
							"post": [-118.03458, 44.72566, -31.03795],
							"lerp_mode": "catmullrom"
						},
						"0.125": {
							"post": [-128.24822, 57.35669, -44.07129],
							"lerp_mode": "catmullrom"
						},
						"0.2083": {
							"post": [-184.80377, -70.42091, 84.60087],
							"lerp_mode": "catmullrom"
						},
						"0.375": {
							"post": [-184.8, -70.42, 84.6],
							"lerp_mode": "catmullrom"
						}
					}
				},
				"rightArm": {
					"rotation": {
						"0.0": {
							"post": [-124.11397, -52.42246, 28.22975],
							"lerp_mode": "catmullrom"
						},
						"0.125": {
							"post": [-136.78082, -62.00911, 43.21918],
							"lerp_mode": "catmullrom"
						},
						"0.2083": {
							"post": [-210.73838, 66.55151, -122.95098],
							"lerp_mode": "catmullrom"
						},
						"0.375": {
							"post": [-210.74, 66.55, -122.95],
							"lerp_mode": "catmullrom"
						}
					}
				},
				"leftLeg": {
					"rotation": {
						"0.0": {
							"post": [0, -45, 0],
							"lerp_mode": "catmullrom"
						},
						"0.125": {
							"post": [0, -57.5, 0],
							"lerp_mode": "catmullrom"
						},
						"0.2083": {
							"post": [0, -75, 0],
							"lerp_mode": "catmullrom"
						},
						"0.375": {
							"post": [0, -75, 0],
							"lerp_mode": "catmullrom"
						}
					},
					"position": {
						"0.0": {
							"post": [2, 0, -2],
							"lerp_mode": "catmullrom"
						},
						"0.2083": {
							"post": [2, 0, -2],
							"lerp_mode": "catmullrom"
						},
						"0.375": {
							"post": [2, 0, -2],
							"lerp_mode": "catmullrom"
						}
					}
				},
				"rightLeg": {
					"rotation": {
						"0.0": {
							"post": [0, 37.5, 0],
							"lerp_mode": "catmullrom"
						},
						"0.125": {
							"post": [0, 47.5, 0],
							"lerp_mode": "catmullrom"
						},
						"0.2083": {
							"post": [0, 67.5, 0],
							"lerp_mode": "catmullrom"
						},
						"0.375": {
							"post": [0, 67.5, 0],
							"lerp_mode": "catmullrom"
						}
					},
					"position": {
						"0.0": {
							"post": [-2, 0, -2],
							"lerp_mode": "catmullrom"
						},
						"0.2083": {
							"post": [-2, 0, -2],
							"lerp_mode": "catmullrom"
						},
						"0.375": {
							"post": [-2, 0, -2],
							"lerp_mode": "catmullrom"
						}
					}
				}
			}
		},
		"animation.player.tornado_hold": {
			"loop": true,
			"animation_length": 0.25,
			"bones": {
				"waist": {
					"rotation": {
						"0.0": [-10, 0, 0],
						"0.25": [-10, 0, 0]
					}
				},
				"head": {
					"rotation": {
						"0.0": [32.5, 0, 0],
						"0.25": [32.5, 0, 0]
					}
				},
				"leftArm": {
					"rotation": {
						"0.0": [0, -65, -150],
						"0.25": [0, -65, -150]
					}
				},
				"rightArm": {
					"rotation": {
						"0.0": [-170.71865, -20.29348, -9.92926],
						"0.25": [-170.72, -20.29, -9.93]
					}
				},
				"rightLeg": {
					"rotation": {
						"0.0": [27.5, 0, 0],
						"0.25": [27.5, 0, 0]
					},
					"position": {
						"0.0": [0, 3, -5],
						"0.25": [0, 3, -5]
					}
				}
			}
		},
		"animation.player.tornado": {
			"animation_length": 0.375,
			"bones": {
				"waist": {
					"rotation": {
						"0.0": {
							"post": [-10, 0, 0],
							"lerp_mode": "catmullrom"
						},
						"0.1667": {
							"post": [-22.5, 0, 0],
							"lerp_mode": "catmullrom"
						},
						"0.25": {
							"post": [35, 0, 0],
							"lerp_mode": "catmullrom"
						},
						"0.375": {
							"post": [35, 0, 0],
							"lerp_mode": "catmullrom"
						}
					}
				},
				"head": {
					"rotation": {
						"0.0": {
							"post": [32.5, 0, 0],
							"lerp_mode": "catmullrom"
						},
						"0.1667": {
							"post": [40, 0, 0],
							"lerp_mode": "catmullrom"
						},
						"0.25": {
							"post": [67.5, 0, 0],
							"lerp_mode": "catmullrom"
						},
						"0.375": {
							"post": [67.5, 0, 0],
							"lerp_mode": "catmullrom"
						}
					}
				},
				"leftArm": {
					"rotation": {
						"0.0": {
							"post": [0, -65, -150],
							"lerp_mode": "catmullrom"
						},
						"0.1667": {
							"post": [46.99693, -51.7101, -203.79601],
							"lerp_mode": "catmullrom"
						},
						"0.25": {
							"post": [-62.26879, 24.73906, -47.59252],
							"lerp_mode": "catmullrom"
						},
						"0.375": {
							"post": [-62.27, 24.74, -47.59],
							"lerp_mode": "catmullrom"
						}
					}
				},
				"rightArm": {
					"rotation": {
						"0.0": {
							"post": [-170.71865, -20.29348, -9.92926],
							"lerp_mode": "catmullrom"
						},
						"0.1667": {
							"post": [-185.71865, -20.29348, -9.92926],
							"lerp_mode": "catmullrom"
						},
						"0.25": {
							"post": [-68.21865, -20.29348, -9.92926],
							"lerp_mode": "catmullrom"
						},
						"0.375": {
							"post": [-68.22, -20.29, -9.93],
							"lerp_mode": "catmullrom"
						}
					}
				},
				"rightLeg": {
					"rotation": {
						"0.0": {
							"post": [27.5, 0, 0],
							"lerp_mode": "catmullrom"
						},
						"0.1667": {
							"post": [-25, 0, 0],
							"lerp_mode": "catmullrom"
						},
						"0.25": {
							"post": [-7.5, 0, 0],
							"lerp_mode": "catmullrom"
						},
						"0.375": {
							"post": [-7.5, 0, 0],
							"lerp_mode": "catmullrom"
						}
					},
					"position": {
						"0.0": {
							"post": [0, 3, -5],
							"lerp_mode": "catmullrom"
						},
						"0.1667": {
							"post": [0, 6, -2],
							"lerp_mode": "catmullrom"
						},
						"0.25": {
							"post": [0, 0, -3],
							"lerp_mode": "catmullrom"
						},
						"0.375": {
							"post": [0, 0, -3],
							"lerp_mode": "catmullrom"
						}
					}
				}
			}
		},
		"animation.galaxy.hold": {
			"loop": true,
			"animation_length": 0.25,
			"bones": {
				"root": {
					"rotation": {
						"0.0": [56.34819, 23.03568, 30.44729],
						"0.25": [56.35, 23.04, 30.45]
					},
					"position": {
						"0.0": [0, 0, 10],
						"0.25": [0, 0, 10]
					}
				},
				"head": {
					"rotation": {
						"0.0": [22.5, -25, 0],
						"0.25": [22.5, -25, 0]
					}
				},
				"leftArm": {
					"rotation": {
						"0.0": [-80.2484, 39.58992, 6.25038],
						"0.25": [-80.25, 39.59, 6.25]
					}
				},
				"rightArm": {
					"rotation": {
						"0.0": [-57.8335, 13.47157, -1.80856],
						"0.25": [-57.83, 13.47, -1.81]
					},
					"position": {
						"0.0": [0, 4, 3],
						"0.25": [0, 4, 3]
					}
				},
				"leftLeg": {
					"rotation": {
						"0.0": [-30, 0, 0],
						"0.25": [-30, 0, 0]
					}
				},
				"rightLeg": {
					"rotation": {
						"0.0": [55, 0, 0],
						"0.25": [55, 0, 0]
					}
				}
			}
		},
		"animation.galaxy": {
			"animation_length": 0.33333,
			"bones": {
				"root": {
					"rotation": {
						"0.0": {
							"post": [56.34819, 23.03568, 30.44729],
							"lerp_mode": "catmullrom"
						},
						"0.125": {
							"post": [70.47885, 35.63406, 58.67474],
							"lerp_mode": "catmullrom"
						},
						"0.2083": {
							"post": [53.99649, -18.74297, -23.86262],
							"lerp_mode": "catmullrom"
						},
						"0.3333": {
							"post": [54, -18.74, -23.86],
							"lerp_mode": "catmullrom"
						}
					},
					"position": {
						"0.0": {
							"post": [0, 0, 10],
							"lerp_mode": "catmullrom"
						},
						"0.125": {
							"post": [0, 3, 10],
							"lerp_mode": "catmullrom"
						},
						"0.2083": {
							"post": [0, -3, 10],
							"lerp_mode": "catmullrom"
						},
						"0.3333": {
							"post": [0, -3, 10],
							"lerp_mode": "catmullrom"
						}
					}
				},
				"head": {
					"rotation": {
						"0.0": {
							"post": [22.5, -25, 0],
							"lerp_mode": "catmullrom"
						},
						"0.125": {
							"post": [24.78243, -34.16629, -4.60659],
							"lerp_mode": "catmullrom"
						},
						"0.2083": {
							"post": [24.78, -34.17, -4.61],
							"lerp_mode": "catmullrom"
						},
						"0.3333": {
							"post": [24.78, -34.17, -4.61],
							"lerp_mode": "catmullrom"
						}
					}
				},
				"leftArm": {
					"rotation": {
						"0.0": {
							"post": [-80.2484, 39.58992, 6.25038],
							"lerp_mode": "catmullrom"
						},
						"0.125": {
							"post": [-72.69733, 63.96867, 15.63769],
							"lerp_mode": "catmullrom"
						},
						"0.2083": {
							"post": [-66.35564, 71.0069, 22.48839],
							"lerp_mode": "catmullrom"
						},
						"0.3333": {
							"post": [-66.36, 71.01, 22.49],
							"lerp_mode": "catmullrom"
						}
					}
				},
				"rightArm": {
					"rotation": {
						"0.0": {
							"post": [-57.8335, 13.47157, -1.80856],
							"lerp_mode": "catmullrom"
						},
						"0.125": {
							"post": [-52.36325, 32.02301, 12.0956],
							"lerp_mode": "catmullrom"
						},
						"0.2083": {
							"post": [-54.83097, 25.97921, 7.01278],
							"lerp_mode": "catmullrom"
						},
						"0.3333": {
							"post": [-54.83, 25.98, 7.01],
							"lerp_mode": "catmullrom"
						}
					},
					"position": {
						"0.0": {
							"post": [0, 4, 3],
							"lerp_mode": "catmullrom"
						},
						"0.125": {
							"post": [2, 4, 7],
							"lerp_mode": "catmullrom"
						},
						"0.2083": {
							"post": [0, 0, -3],
							"lerp_mode": "catmullrom"
						},
						"0.3333": {
							"post": [0, 0, -3],
							"lerp_mode": "catmullrom"
						}
					}
				},
				"leftLeg": {
					"rotation": {
						"0.0": {
							"post": [-30, 0, 0],
							"lerp_mode": "catmullrom"
						},
						"0.125": {
							"post": [-47.5, 0, 0],
							"lerp_mode": "catmullrom"
						},
						"0.2083": {
							"post": [37.5, 0, 0],
							"lerp_mode": "catmullrom"
						},
						"0.3333": {
							"post": [37.5, 0, 0],
							"lerp_mode": "catmullrom"
						}
					}
				},
				"rightLeg": {
					"rotation": {
						"0.0": {
							"post": [55, 0, 0],
							"lerp_mode": "catmullrom"
						},
						"0.125": {
							"post": [72.5, 0, 0],
							"lerp_mode": "catmullrom"
						},
						"0.2083": {
							"post": [-35, 0, 0],
							"lerp_mode": "catmullrom"
						},
						"0.3333": {
							"post": [-35, 0, 0],
							"lerp_mode": "catmullrom"
						}
					}
				}
			}
		}
	}
}