{
	"format_version": "1.8.0",
	"animations": {
		"animation.ilha.flutuar": {
			"loop": true,
			"animation_length": 1.91667,
			"bones": {
				"Ilha": {
					"rotation": {
						"0.0": [0, 0, 0],
						"0.9167": [0, 5, 0],
						"1.9167": [0, 0, 0]
					}
				},
				"Nuven": {
					"rotation": {
						"0.0": [0, 0, 0],
						"0.0833": {"pre": [0, 0, 0], "post": [0, -90, 0]},
						"0.1667": {"pre": [0, -90, 0], "post": [0, -177.5, 0]},
						"0.25": {"pre": [0, -177.5, 0], "post": [0, -270, 0]},
						"0.3333": {"pre": [0, -270, 0], "post": [0, 0, 0]},
						"0.4167": {"pre": [0, 0, 0], "post": [0, -90, 0]},
						"0.5": {"pre": [0, -90, 0], "post": [0, -177.5, 0]},
						"0.5833": {"pre": [0, -177.5, 0], "post": [0, -270, 0]},
						"0.6667": {"pre": [0, -270, 0], "post": [0, 0, 0]},
						"0.75": {"pre": [0, 0, 0], "post": [0, -90, 0]},
						"0.8333": {"pre": [0, -90, 0], "post": [0, -177.5, 0]},
						"0.9167": {"pre": [0, -177.5, 0], "post": [0, -270, 0]},
						"1.0": {"pre": [0, -270, 0], "post": [0, 0, 0]},
						"1.0833": {"pre": [0, 0, 0], "post": [0, -90, 0]},
						"1.1667": {"pre": [0, -90, 0], "post": [0, -177.5, 0]},
						"1.25": {"pre": [0, -177.5, 0], "post": [0, -270, 0]},
						"1.3333": {"pre": [0, -270, 0], "post": [0, 0, 0]},
						"1.4167": {"pre": [0, 0, 0], "post": [0, -90, 0]},
						"1.5": {"pre": [0, -90, 0], "post": [0, -177.5, 0]},
						"1.5833": {"pre": [0, -177.5, 0], "post": [0, -270, 0]},
						"1.6667": {"pre": [0, -270, 0], "post": [0, 0, 0]},
						"1.75": {"pre": [0, 0, 0], "post": [0, -90, 0]},
						"1.8333": {"pre": [0, -90, 0], "post": [0, -177.5, 0]},
						"1.9167": {"pre": [0, -177.5, 0], "post": [0, -270, 0]}
					},
					"position": {
						"0.0": [0, 0, 0],
						"0.3333": {"pre": [0, 0, 0], "post": [0, 0, 0]},
						"0.6667": {"pre": [0, 0, 0], "post": [0, 0, 0]},
						"1.0": {"pre": [0, 0, 0], "post": [0, 0, 0]},
						"1.3333": {"pre": [0, 0, 0], "post": [0, 0, 0]},
						"1.6667": {"pre": [0, 0, 0], "post": [0, 0, 0]}
					},
					"scale": {
						"0.0": [1, 1, 1],
						"0.3333": {"pre": [1, 1, 1], "post": [1, 1, 1]},
						"0.6667": {"pre": [1, 1, 1], "post": [1, 1, 1]},
						"1.0": {"pre": [1, 1, 1], "post": [1, 1, 1]},
						"1.3333": {"pre": [1, 1, 1], "post": [1, 1, 1]},
						"1.6667": {"pre": [1, 1, 1], "post": [1, 1, 1]}
					}
				},
				"Nuven2": {
					"rotation": {
						"0.0": [0, 0, 0],
						"0.0833": {"pre": [0, 0, 0], "post": [0, 90, 0]},
						"0.1667": {"pre": [0, 90, 0], "post": [0, 180, 0]},
						"0.25": {"pre": [0, 180, 0], "post": [0, 267.5, 0]},
						"0.3333": {"pre": [0, 267.5, 0], "post": [0, 0, 0]},
						"0.4167": {"pre": [0, 0, 0], "post": [0, 90, 0]},
						"0.5": {"pre": [0, 90, 0], "post": [0, 180, 0]},
						"0.5833": {"pre": [0, 180, 0], "post": [0, 267.5, 0]},
						"0.6667": {"pre": [0, 267.5, 0], "post": [0, 0, 0]},
						"0.75": {"pre": [0, 0, 0], "post": [0, 90, 0]},
						"0.8333": {"pre": [0, 90, 0], "post": [0, 180, 0]},
						"0.9167": {"pre": [0, 180, 0], "post": [0, 267.5, 0]},
						"1.0": {"pre": [0, 267.5, 0], "post": [0, 0, 0]},
						"1.0833": {"pre": [0, 0, 0], "post": [0, 90, 0]},
						"1.1667": {"pre": [0, 90, 0], "post": [0, 180, 0]},
						"1.25": {"pre": [0, 180, 0], "post": [0, 267.5, 0]},
						"1.3333": {"pre": [0, 267.5, 0], "post": [0, 0, 0]},
						"1.4167": {"pre": [0, 0, 0], "post": [0, 90, 0]},
						"1.5": {"pre": [0, 90, 0], "post": [0, 180, 0]},
						"1.5833": {"pre": [0, 180, 0], "post": [0, 267.5, 0]},
						"1.6667": {"pre": [0, 267.5, 0], "post": [0, 0, 0]},
						"1.75": {"pre": [0, 0, 0], "post": [0, 90, 0]},
						"1.8333": {"pre": [0, 90, 0], "post": [0, 180, 0]},
						"1.9167": {"pre": [0, 180, 0], "post": [0, 267.5, 0]}
					},
					"position": {
						"0.0": [0, 0, 0],
						"0.3333": {"pre": [0, 0, 0], "post": [0, 0, 0]},
						"0.6667": {"pre": [0, 0, 0], "post": [0, 0, 0]},
						"1.0": {"pre": [0, 0, 0], "post": [0, 0, 0]},
						"1.3333": {"pre": [0, 0, 0], "post": [0, 0, 0]},
						"1.6667": {"pre": [0, 0, 0], "post": [0, 0, 0]}
					},
					"scale": {
						"0.0": [1, 1, 1],
						"0.3333": {"pre": [1, 1, 1], "post": [1, 1, 1]},
						"0.6667": {"pre": [1, 1, 1], "post": [1, 1, 1]},
						"1.0": {"pre": [1, 1, 1], "post": [1, 1, 1]},
						"1.3333": {"pre": [1, 1, 1], "post": [1, 1, 1]},
						"1.6667": {"pre": [1, 1, 1], "post": [1, 1, 1]}
					}
				}
			}
		}
	}
}