{
	"format_version": "1.8.0",
	"animations": {
		"animation.kaminari": {
			"loop": true,
			"bones": {
				"body": {
					"rotation": [0, 20, 0]
				},
				"head": {
					"rotation": [5, -17.5, 0]
				},
				"leftArm": {
					"rotation": [-56.87402, -10.51794, -6.79286]
				},
				"rightArm": {
					"rotation": [-215.34344, 2.24944, -17.35932]
				},
				"leftLeg": {
					"rotation": [-12.5, 0, 0]
				},
				"rightLeg": {
					"rotation": [12.5, 0, 0],
					"position": [0, 2, -3]
				}
			}
		}
	}
}