{
	"format_version": "1.8.0",
	"animations": {
		"animation.ldragon.attack": {
			"loop": true,
			"animation_length": 0.79167,
			"bones": {
				"bb_main": {
					"rotation": {
						"0.0": {
							"post": [-22.5, -37.5, 0],
							"lerp_mode": "catmullrom"
						},
						"0.2083": {
							"post": [-17.9446, 9.79816, -17.30702],
							"lerp_mode": "catmullrom"
						},
						"0.5": {
							"post": [11.56333, -15.11277, 11.08547],
							"lerp_mode": "catmullrom"
						},
						"0.7917": {
							"post": [-22.5, -37.5, 0],
							"lerp_mode": "catmullrom"
						}
					},
					"position": {
						"0.0": {
							"post": [26, 0, 0],
							"lerp_mode": "catmullrom"
						},
						"0.2083": {
							"post": [11, 0, 0],
							"lerp_mode": "catmullrom"
						},
						"0.5": {
							"post": [-13, 0, 0],
							"lerp_mode": "catmullrom"
						},
						"0.7917": {
							"post": [26, 0, 0],
							"lerp_mode": "catmullrom"
						}
					}
				},
				"Cabeca": {
					"rotation": {
						"0.0": {
							"post": [-35.48485, 65.98301, -26.2698],
							"lerp_mode": "catmullrom"
						},
						"0.125": {
							"post": [-37.36284, 9.55216, -34.02575],
							"lerp_mode": "catmullrom"
						},
						"0.25": {
							"post": [23.23535, -26.90294, 12.98587],
							"lerp_mode": "catmullrom"
						},
						"0.5": {
							"post": [-49.26465, -26.90294, 12.98587],
							"lerp_mode": "catmullrom"
						},
						"0.7917": {
							"post": [-35.48485, 65.98301, -26.2698],
							"lerp_mode": "catmullrom"
						}
					}
				}
			}
		}
	}
}