{
	"format_version": "1.8.0",
	"animations": {
		"animation.leg.atk": {
			"animation_length": 0.70833,
			"bones": {
				"root": {
					"rotation": {
						"0.0": {
							"post": [0, 0, 0],
							"lerp_mode": "catmullrom"
						},
						"0.1667": {
							"post": [0, 17.5, 0],
							"lerp_mode": "catmullrom"
						},
						"0.3333": {
							"post": [0, 17.5, 0],
							"lerp_mode": "catmullrom"
						},
						"0.4583": {
							"post": [-11.69208, -48.97354, 15.33981],
							"lerp_mode": "catmullrom"
						},
						"0.7083": {
							"post": [-11.69, -48.97, 15.34],
							"lerp_mode": "catmullrom"
						}
					}
				},
				"rightLeg": {
					"rotation": {
						"0.0": {
							"post": [1.50981, -6.3873, 3.38227],
							"lerp_mode": "catmullrom"
						},
						"0.1667": {
							"post": [67.5, 0, 25],
							"lerp_mode": "catmullrom"
						},
						"0.3333": {
							"post": [67.5, 0, 25],
							"lerp_mode": "catmullrom"
						},
						"0.4583": {
							"post": [-27.75296, 8.60578, 56.37845],
							"lerp_mode": "catmullrom"
						},
						"0.7083": {
							"post": [-27.75, 8.61, 56.38],
							"lerp_mode": "catmullrom"
						}
					}
				}
			}
		},
		"animation.leg.skill1": {
			"animation_length": 1,
			"bones": {
				"root": {
					"rotation": {
						"0.0": [-86.63462, -44.35754, 91.3461],
						"1.0": [-86.63, -44.36, 91.35]
					},
					"position": {
						"0.0": [0, 4, -7],
						"1.0": [0, 4, -7]
					}
				},
				"body": {
					"rotation": {
						"0.0": [0, 15, 0],
						"1.0": [0, 15, 0]
					}
				},
				"leftArm": {
					"rotation": {
						"0.0": [-42.62647, -23.33702, -23.28697],
						"1.0": [-42.63, -23.34, -23.29]
					}
				},
				"rightArm": {
					"rotation": {
						"0.0": [40, 0, 47.5],
						"1.0": [40, 0, 47.5]
					}
				},
				"leftLeg": {
					"rotation": {
						"0.0": [42.24682, -17.04679, -14.9092],
						"1.0": [42.25, -17.05, -14.91]
					},
					"position": {
						"0.0": [0, 2, -4],
						"1.0": [0, 2, -4]
					}
				},
				"rightLeg": {
					"rotation": {
						"0.0": [0, 0, 37.5],
						"1.0": [0, 0, 37.5]
					}
				}
			}
		},
		"animation.leg.skill2": {
			"animation_length": 0.5,
			"bones": {
				"root": {
					"rotation": {
						"0.0": [0, 0, 0],
						"0.0833": [0, -90, 0],
						"0.1667": [0, -180, 0],
						"0.25": [0, -270, 0],
						"0.3333": [0, -360, 0],
						"0.4167": [0, -450, 0],
						"0.5": [0, -540, 0]
					}
				},
				"leftArm": {
					"rotation": [0, 0, -42.5]
				},
				"rightArm": {
					"rotation": [0, 0, 37.5]
				},
				"rightLeg": {
					"rotation": [65, 0, 0],
					"position": [0, 0, -5]
				}
			}
		},
		"animation.leg.skill3": {
			"loop": true,
			"animation_length": 0.45833,
			"bones": {
				"root": {
					"rotation": {
						"0.0": [-35.97845, -61.77771, 39.48564],
						"0.0417": [-62.99925, -71.83282, 68.67881],
						"0.0833": [-23.30167, -41.03612, 22.75371],
						"0.125": [-42.6288, -62.91131, 46.49645],
						"0.1667": [-22.5192, -38.66905, 21.61687],
						"0.2083": [-72.39986, -70.8551, 78.70322],
						"0.25": [-35.97845, -61.77771, 39.48564],
						"0.2917": [-21.12062, -39.55633, 20.70026],
						"0.3333": [-46.41733, -67.44798, 51.01912],
						"0.375": [-21.12062, -39.55633, 20.70026],
						"0.4167": [-35.97845, -61.77771, 39.48564],
						"0.4583": [-35.97845, -61.77771, 39.48564]
					},
					"position": {
						"0.0": [0, 24, 6],
						"0.25": [0, 24, 6]
					}
				},
				"leftArm": {
					"rotation": [42.5, 0, 0]
				},
				"rightArm": {
					"rotation": [-47.5, 0, 0]
				},
				"leftLeg": {
					"rotation": {
						"0.0": [27.5, 0, 0],
						"0.0833": [-12.5, 0, 0],
						"0.125": [-12.5, 0, 0],
						"0.2083": [-12.5, 0, 0],
						"0.25": [27.5, 0, 0],
						"0.3333": [-12.5, 0, 0],
						"0.375": [-12.5, 0, 0],
						"0.4583": [-12.5, 0, 0]
					},
					"position": {
						"0.0": [0, 1, -3],
						"0.0833": [0, -1, 0],
						"0.125": [0, -1, 0],
						"0.2083": [0, -1, 0],
						"0.25": [0, 1, -3],
						"0.3333": [0, -1, 0],
						"0.375": [0, -1, 0],
						"0.4583": [0, -1, 0]
					},
					"scale": {
						"0.0": [1, 1, 1],
						"0.0833": [1, 1, 1],
						"0.125": [1, 3, 1],
						"0.2083": [1, 0.9, 1],
						"0.25": [1, 1, 1],
						"0.3333": [1, 1, 1],
						"0.375": [1, 3, 1],
						"0.4583": [1, 0.9, 1]
					}
				},
				"rightLeg": {
					"rotation": {
						"0.0": [0, 0, 0],
						"0.0833": [22.5, 0, 0],
						"0.125": [22.5, 0, 0],
						"0.2083": [-12.5, 0, 0],
						"0.25": [0, 0, 0],
						"0.3333": [22.5, 0, 0],
						"0.375": [22.5, 0, 0],
						"0.4583": [-12.5, 0, 0]
					},
					"position": {
						"0.0": [0, 0, 0],
						"0.0833": [0, 1, -3],
						"0.125": [0, 1, -3],
						"0.2083": [0, 0, 0],
						"0.25": [0, 0, 0],
						"0.3333": [0, 1, -3],
						"0.375": [0, 1, -3],
						"0.4583": [0, 0, 0]
					},
					"scale": {
						"0.0": [1, 3.3, 1],
						"0.0833": [1, 1, 1],
						"0.125": [1, 1, 1],
						"0.2083": [1, 1, 1],
						"0.25": [1, 3.3, 1],
						"0.3333": [1, 1, 1],
						"0.375": [1, 1, 1],
						"0.4583": [1, 1, 1]
					}
				}
			}
		}
	}
}