{
	"format_version": "1.8.0",
	"animations": {
		"animation.leopardv1.ground": {
			"animation_length": 0.66667,
			"bones": {
				"corpo": {
					"rotation": {
						"0.0": {
							"post": [0, 0, 0],
							"lerp_mode": "catmullrom"
						},
						"0.25": {
							"post": [-10, 0, 0],
							"lerp_mode": "catmullrom"
						},
						"0.375": {
							"post": [7.5, 0, 0],
							"lerp_mode": "catmullrom"
						},
						"0.6667": {
							"post": [7.5, 0, 0],
							"lerp_mode": "catmullrom"
						}
					}
				},
				"bracodireito": {
					"rotation": {
						"0.0": {
							"post": [-187.5, 0, 0],
							"lerp_mode": "catmullrom"
						},
						"0.25": {
							"post": [-216.20935, -4.59448, -6.06827],
							"lerp_mode": "catmullrom"
						},
						"0.375": {
							"post": [-58.70935, -4.59448, -6.06827],
							"lerp_mode": "catmullrom"
						},
						"0.6667": {
							"post": [-58.71, -4.59, -6.07],
							"lerp_mode": "catmullrom"
						}
					}
				},
				"bracoesquerdo": {
					"rotation": {
						"0.0": {
							"post": [-172.74359, -7.87754, 21.21157],
							"lerp_mode": "catmullrom"
						},
						"0.25": {
							"post": [-205.24359, -7.87754, 21.21157],
							"lerp_mode": "catmullrom"
						},
						"0.375": {
							"post": [-45.24, -7.88, 21.21],
							"lerp_mode": "catmullrom"
						},
						"0.6667": {
							"post": [-45.24, -7.88, 21.21],
							"lerp_mode": "catmullrom"
						}
					}
				}
			}
		}
	}
}