{
	"format_version": "1.8.0",
	"animations": {
		"animation.lunarian.stop": {
			"loop": true,
			"animation_length": 2,
			"bones": {
				"leftWing": {
					"rotation": {
						"0.0": [19.86961, 34.70717, 7.48085],
						"1.0417": [22.21463, 33.38537, 10.64338],
						"2.0": [19.86961, 34.70717, 7.48085]
					}
				},
				"leftWingDown": {
					"rotation": {
						"0.0": [0, 0, -85],
						"1.0417": [0, 0, -75],
						"2.0": [0, 0, -85]
					}
				},
				"rightWing": {
					"rotation": {
						"0.0": [21.8092, -32.51094, -3.73515],
						"1.0417": [23.89862, -31.1443, -6.65846],
						"2.0": [21.8092, -32.51094, -3.73515]
					}
				},
				"rightWingDown": {
					"rotation": {
						"0.0": [0, 0, 85],
						"1.0417": [0, 0, 77.5],
						"2.0": [0, 0, 85]
					},
					"position": [0, 0, 0],
					"scale": [1, 1, 1]
				}
			}
		},
		"animation.lunarian.jump": {
			"loop": true,
			"animation_length": 1.20833,
			"bones": {
				"rightArm": {
					"rotation": {
						"0.0": [0, 0, 5],
						"0.0833": [0, 0, 12.5],
						"0.5417": [0, 0, 12.5],
						"0.625": [0, 0, 5]
					}
				},
				"leftArm": {
					"rotation": {
						"0.0": [0, 0, -7.5],
						"0.0833": [0, 0, -20],
						"0.5417": [0, 0, -20],
						"0.625": [0, 0, -5]
					}
				},
				"leftWing": {
					"rotation": {
						"0.0": {
							"post": [19.86961, 34.70717, 7.48085],
							"lerp_mode": "catmullrom"
						},
						"0.125": {
							"post": [11.70803, 13.55491, -9.56255],
							"lerp_mode": "catmullrom"
						},
						"0.375": {
							"post": [-2.46628, -30.91152, -26.7873],
							"lerp_mode": "catmullrom"
						},
						"0.5417": {
							"post": [0.36924, -58.03183, -32.18833],
							"lerp_mode": "catmullrom"
						},
						"0.6667": {
							"post": [9.19112, -79.78119, -42.74196],
							"lerp_mode": "catmullrom"
						},
						"0.875": {
							"post": [-1.81668, 13.61962, -20.10534],
							"lerp_mode": "catmullrom"
						},
						"1.0": {
							"post": [-1.82, 13.62, -20.11],
							"lerp_mode": "catmullrom"
						},
						"1.2083": {
							"post": [19.86961, 34.70717, 7.48085],
							"lerp_mode": "catmullrom"
						}
					}
				},
				"leftWingDown": {
					"rotation": {
						"0.0": {
							"post": [0, 0, -85],
							"lerp_mode": "catmullrom"
						},
						"0.125": {
							"post": [0, 0, 12.5],
							"lerp_mode": "catmullrom"
						},
						"0.3333": {
							"post": [0, 25, 12.5],
							"lerp_mode": "catmullrom"
						},
						"0.5417": {
							"post": [0, -60, 12.5],
							"lerp_mode": "catmullrom"
						},
						"0.6667": {
							"post": [0, -75, 12.5],
							"lerp_mode": "catmullrom"
						},
						"1.0": {
							"post": [9.40804, -3.40487, -57.78025],
							"lerp_mode": "catmullrom"
						},
						"1.2083": {
							"post": [0, 0, -85],
							"lerp_mode": "catmullrom"
						}
					}
				},
				"leftLeg": {
					"rotation": {
						"0.0": [0, 0, 0],
						"0.125": [25, 0, 0],
						"0.2917": [-2.47864, -0.32621, -7.49294],
						"0.9167": [-2.48, -0.33, -7.49],
						"1.0417": [-0.00184, -0.00358, 0.00294]
					}
				},
				"rightLeg": {
					"rotation": {
						"0.0": [0, 0, 0],
						"0.125": [-30, 0, 0],
						"0.2917": [42.5, 0, 0],
						"0.9167": [0, 0, 0]
					},
					"position": {
						"0.0": [0, 0, 0],
						"0.125": [0, 1, -2],
						"0.2917": [0, 0, 0]
					}
				},
				"rightWing": {
					"rotation": {
						"0.0": {
							"post": [21.8092, -32.51094, -3.73515],
							"lerp_mode": "catmullrom"
						},
						"0.125": {
							"post": [20.69799, -13.74657, -0.01315],
							"lerp_mode": "catmullrom"
						},
						"0.375": {
							"post": [3.87937, 34.50678, 27.26961],
							"lerp_mode": "catmullrom"
						},
						"0.5417": {
							"post": [2.9069, 56.08708, 34.83473],
							"lerp_mode": "catmullrom"
						},
						"0.6667": {
							"post": [10.72339, 75.20379, 44.62855],
							"lerp_mode": "catmullrom"
						},
						"0.875": {
							"post": [1.36666, -19.96933, 18.59853],
							"lerp_mode": "catmullrom"
						},
						"1.0": {
							"post": [1.37, -19.97, 18.6],
							"lerp_mode": "catmullrom"
						},
						"1.2083": {
							"post": [21.8092, -32.51094, -3.73515],
							"lerp_mode": "catmullrom"
						}
					}
				},
				"rightWingDown": {
					"rotation": {
						"0.0": {
							"post": [0, 0, 85],
							"lerp_mode": "catmullrom"
						},
						"0.125": {
							"post": [0, 0, 2.5],
							"lerp_mode": "catmullrom"
						},
						"0.3333": {
							"post": [0, -32.5, 2.5],
							"lerp_mode": "catmullrom"
						},
						"0.5417": {
							"post": [-6.01146, 67.36871, -4.00882],
							"lerp_mode": "catmullrom"
						},
						"0.6667": {
							"post": [-13.05171, 79.7206, -11.30645],
							"lerp_mode": "catmullrom"
						},
						"1.0": {
							"post": [-7.66633, -1.74455, 61.81395],
							"lerp_mode": "catmullrom"
						},
						"1.2083": {
							"post": [0, 0, 85],
							"lerp_mode": "catmullrom"
						}
					},
					"position": {
						"0.0": {
							"post": [0, 0, 0],
							"lerp_mode": "catmullrom"
						},
						"1.0": {
							"post": [0, 0, 0],
							"lerp_mode": "catmullrom"
						},
						"1.2083": {
							"post": [0, 0, 0],
							"lerp_mode": "catmullrom"
						}
					},
					"scale": {
						"0.0": {
							"post": [1, 1, 1],
							"lerp_mode": "catmullrom"
						},
						"1.0": {
							"post": [1, 1, 1],
							"lerp_mode": "catmullrom"
						},
						"1.2083": {
							"post": [1, 1, 1],
							"lerp_mode": "catmullrom"
						}
					}
				}
			}
		}
	}
}