{
	"format_version": "1.8.0",
	"animations": {
		"animation.magneticcube": {
			"animation_length": 0.66667,
			"bones": {
				"bone": {
					"scale": {
						"0.0": {
							"post": [9.3, 7.8, 6.3],
							"lerp_mode": "catmullrom"
						},
						"0.1667": {
							"post": [1, 1, 1],
							"lerp_mode": "catmullrom"
						},
						"0.4583": {
							"post": [1, 1, 1],
							"lerp_mode": "catmullrom"
						},
						"0.6667": {
							"post": [1, 1, 1],
							"lerp_mode": "catmullrom"
						}
					}
				}
			}
		}
	}
}