{
	"format_version": "1.8.0",
	"animations": {
		"animation.magnetpalm.skill": {
			"animation_length": 0.375,
			"bones": {
				"rightArm": {
					"rotation": {
						"0.0": {
							"post": [0, 0, 0],
							"lerp_mode": "catmullrom"
						},
						"0.125": {
							"post": [-43.65054, 19.14868, 16.18882],
							"lerp_mode": "catmullrom"
						},
						"0.375": {
							"post": [-43.65, 19.15, 16.19],
							"lerp_mode": "catmullrom"
						}
					},
					"scale": {
						"0.0": {
							"post": [1, 1, 1],
							"lerp_mode": "catmullrom"
						},
						"0.125": {
							"post": [1.3, 1.2, 1.1],
							"lerp_mode": "catmullrom"
						},
						"0.375": {
							"post": [1.3, 1.2, 1.1],
							"lerp_mode": "catmullrom"
						}
					}
				},
				"Antebraco": {
					"rotation": {
						"0.0": {
							"post": [0, 0, 0],
							"lerp_mode": "catmullrom"
						},
						"0.125": {
							"post": [-22.5, 0, 0],
							"lerp_mode": "catmullrom"
						},
						"0.375": {
							"post": [-22.5, 0, 0],
							"lerp_mode": "catmullrom"
						}
					}
				},
				"Metal7": {
					"rotation": {
						"0.0": {
							"post": [0, 0, 0],
							"lerp_mode": "catmullrom"
						},
						"0.125": {
							"post": [-45, 0, 0],
							"lerp_mode": "catmullrom"
						},
						"0.375": {
							"post": [-45, 0, 0],
							"lerp_mode": "catmullrom"
						}
					}
				},
				"Metal2": {
					"rotation": {
						"0.0": {
							"post": [0, 0, 0],
							"lerp_mode": "catmullrom"
						},
						"0.125": {
							"post": [-62.5, 0, 0],
							"lerp_mode": "catmullrom"
						},
						"0.375": {
							"post": [-62.5, 0, 0],
							"lerp_mode": "catmullrom"
						}
					}
				},
				"Metal4": {
					"rotation": {
						"0.0": {
							"post": [0, 0, 0],
							"lerp_mode": "catmullrom"
						},
						"0.125": {
							"post": [-67.5, 0, 0],
							"lerp_mode": "catmullrom"
						},
						"0.375": {
							"post": [-67.5, 0, 0],
							"lerp_mode": "catmullrom"
						}
					}
				},
				"Metal6": {
					"rotation": {
						"0.0": {
							"post": [0, 0, 0],
							"lerp_mode": "catmullrom"
						},
						"0.125": {
							"post": [-50, 0, 0],
							"lerp_mode": "catmullrom"
						},
						"0.375": {
							"post": [-50, 0, 0],
							"lerp_mode": "catmullrom"
						}
					}
				},
				"Metal5": {
					"rotation": {
						"0.0": {
							"post": [0, 0, 0],
							"lerp_mode": "catmullrom"
						},
						"0.125": {
							"post": [-47.5, 0, 0],
							"lerp_mode": "catmullrom"
						},
						"0.375": {
							"post": [-47.5, 0, 0],
							"lerp_mode": "catmullrom"
						}
					}
				}
			}
		}
	}
}