{
	"format_version": "1.8.0",
	"animations": {
		"animation.yslash": {
			"animation_length": 2,
			"bones": {
				"bone": {
					"scale": {
						"0.0": {
							"post": [1, 0.1, 0.4],
							"lerp_mode": "catmullrom"
						},
						"0.125": {
							"post": [1, 2.1, 0.4],
							"lerp_mode": "catmullrom"
						},
						"0.3333": {
							"post": [1, 1.7, 2.7],
							"lerp_mode": "catmullrom"
						},
						"1.8333": {
							"post": [1, 1.7, 2.7],
							"lerp_mode": "catmullrom"
						},
						"2.0": {
							"post": [1, 1.7, 0.1],
							"lerp_mode": "catmullrom"
						}
					}
				}
			}
		}
	}
}