{
	"format_version": "1.8.0",
	"animations": {
		"animation.phoenix.cure": {
			"loop": true,
			"animation_length": 0.5,
			"bones": {
				"root": {
					"rotation": {
						"0.0": {
							"post": [0, 0, 0],
							"lerp_mode": "catmullrom"
						},
						"0.1667": {
							"post": [0, -87.5, 0],
							"lerp_mode": "catmullrom"
						},
						"0.3333": {
							"post": [0, -180, 0],
							"lerp_mode": "catmullrom"
						},
						"0.5": {
							"post": [0, -272.5, 0],
							"lerp_mode": "catmullrom"
						}
					},
					"position": {
						"0.0": {
							"post": [0, 34, 0],
							"lerp_mode": "catmullrom"
						},
						"0.25": {
							"post": [0, 43, 0],
							"lerp_mode": "catmullrom"
						},
						"0.5": {
							"post": [0, 34, 0],
							"lerp_mode": "catmullrom"
						}
					}
				},
				"rightAsa": {
					"rotation": {
						"0.0": {
							"post": [92.5, 0, 0],
							"lerp_mode": "catmullrom"
						},
						"0.5": {
							"post": [92.5, 0, 0],
							"lerp_mode": "catmullrom"
						}
					}
				},
				"leftAsa": {
					"rotation": {
						"0.0": {
							"post": [85, 0, 0],
							"lerp_mode": "catmullrom"
						},
						"0.5": {
							"post": [85, 0, 0],
							"lerp_mode": "catmullrom"
						}
					}
				}
			}
		}
	}
}