{
	"format_version": "1.8.0",
	"animations": {
		"animation.phoenix.stop": {
			"loop": true,
			"animation_length": 1.125,
			"bones": {
				"root": {
					"rotation": [0, 0, 0],
					"position": {
						"0.0": [0, 6, 0],
						"0.4583": [0, 6, 0],
						"0.6667": [0, 8, 0],
						"1.125": [0, 6, 0]
					},
					"scale": [1, 1, 1]
				},
				"body": {
					"rotation": [12.5, 0, 0],
					"position": [0, 0, -3]
				},
				"rightAsa": {
					"rotation": {
						"0.0": [-43.56431, 60.24584, -39.54682],
						"0.2917": [-18.9568, -32.61461, 13.46783],
						"0.5417": [-38.54777, -63.95375, 38.57717],
						"0.8333": [-25.87108, -51.16404, 23.67326],
						"1.125": [-43.56431, 60.24584, -39.54682]
					}
				},
				"rightLeg": {
					"rotation": {
						"0.0": [14.94548, -1.29256, 4.83045],
						"0.3333": [27.44548, -1.29256, 4.83045],
						"0.7083": [9.94548, -1.29256, 4.83045],
						"1.125": [14.94548, -1.29256, 4.83045]
					},
					"position": [-1, 5, -4]
				},
				"Rabo": {
					"rotation": {
						"0.0": [0, 0, 7.5],
						"0.5417": [77.5, 0, 7.5],
						"1.125": [0, 0, 7.5]
					}
				},
				"leftLeg": {
					"rotation": {
						"0.0": [-44.22707, -10.57252, -3.62167],
						"0.3333": [-54.22707, -10.57252, -3.62167],
						"0.7083": [-36.72707, -10.57252, -3.62167],
						"1.125": [-44.22707, -10.57252, -3.62167]
					}
				},
				"Rabo2": {
					"rotation": {
						"0.0": [-32.5, 0, 0],
						"0.5417": [-65, 0, 0],
						"1.125": [-32.5, 0, 0]
					}
				},
				"Rabo3": {
					"rotation": {
						"0.0": [-25, 0, 0],
						"0.5417": [-45, 0, 0],
						"1.125": [-25, 0, 0]
					}
				},
				"leftRabo": {
					"rotation": {
						"0.0": [37.5, 0, 0],
						"0.5417": [69.0943, 14.02846, 32.39936],
						"1.125": [37.5, 0, 0]
					}
				},
				"Rabo5": {
					"rotation": {
						"0.0": [-50, 0, 0],
						"0.4167": [-31.73, 0, 0],
						"0.5417": [32.5, 0, 0],
						"1.125": [-50, 0, 0]
					}
				},
				"Rabo6": {
					"rotation": {
						"0.0": [-50, 0, 0],
						"0.4167": [-64.81, 0, 0],
						"0.5417": [60, 0, 0],
						"1.125": [-50, 0, 0]
					}
				},
				"rightRabo": {
					"rotation": {
						"0.0": [22.5, 0, 20],
						"0.5417": [-40, 0, 20],
						"1.125": [22.5, 0, 20]
					}
				},
				"Rabo8": {
					"rotation": {
						"0.0": [25, 0, 0],
						"0.5417": [-57.5, 0, 0],
						"1.125": [25, 0, 0]
					}
				},
				"Rabo9": {
					"rotation": {
						"0.0": [57.5, 0, 0],
						"0.5417": [-45, 0, 0],
						"1.125": [57.5, 0, 0]
					}
				},
				"bone": {
					"rotation": {
						"0.0": [0, -40, 0],
						"0.1667": [0, 17, 0],
						"0.4167": [0, 40, 0],
						"0.7917": [0, -30, 0],
						"1.0833": [0, -40, 0]
					}
				},
				"bone2": {
					"rotation": {
						"0.0": [0, -40, 0],
						"0.1667": [0, 29.55, 0],
						"0.4583": [0, 55, 0],
						"0.75": [0, -40, 0],
						"1.125": [0, -40, 0]
					}
				},
				"bone3": {
					"rotation": {
						"0.0": [0, -27.5, 0],
						"0.1667": [0, 24.77, 0],
						"0.4583": [0, 20, 0],
						"0.7083": [0, -35, 0],
						"1.0833": [0, -27.5, 0]
					}
				},
				"leftAsa": {
					"rotation": {
						"0.0": [-24.89867, -62.22995, 27.68035],
						"0.375": [-13.42051, 32.3097, -1.91555],
						"0.625": [-28.13453, 65.41785, -20.57929],
						"0.875": [-13.07495, 29.8762, -1.24658],
						"1.125": [-24.89867, -62.22995, 27.68035]
					}
				},
				"bone4": {
					"rotation": {
						"0.0": [0, 40, 0],
						"0.1667": [0, -21, 0],
						"0.4167": [0, -50, 0],
						"0.8333": [0, 40, 0],
						"1.125": [0, 40, 0]
					}
				},
				"bone5": {
					"rotation": {
						"0.0": [0, 37.5, 0],
						"0.1667": [0, -18.5, 0],
						"0.4167": [0, -27.5, 0],
						"0.7917": [0, 52.5, 0],
						"1.125": [0, 37.5, 0]
					}
				},
				"bone6": {
					"rotation": {
						"0.0": [0, 35, 0],
						"0.1667": [0, -30.68, 0],
						"0.4583": [0, -42.5, 0],
						"0.7083": [0, 55, 0],
						"1.0833": [0, 35, 0]
					}
				}
			}
		},
		"animation.phoenix.walk": {
			"loop": true,
			"animation_length": 1,
			"bones": {
				"root": {
					"rotation": {
						"0.0": [12.5, 0, 0],
						"1.0": [12.5, 0, 0]
					},
					"position": {
						"0.0": [0, 1, 0],
						"1.0": [0, 1, 0]
					}
				},
				"Rabo": {
					"rotation": {
						"0.0": [15, 0, 0],
						"0.5": [27.5, 0, 0],
						"1.0": [15, 0, 0]
					}
				},
				"leftRabo": {
					"rotation": {
						"0.0": [17.5, 0, 0],
						"0.5": [25, 0, 0],
						"1.0": [17.5, 0, 0]
					}
				},
				"rightRabo": {
					"rotation": {
						"0.0": [10, 0, 0],
						"0.5": [22.5, 0, 0],
						"1.0": [10, 0, 0]
					}
				},
				"rightAsa": {
					"rotation": {
						"0.0": [80.14422, 2.46784, -61.94737],
						"0.5": [80.71445, 4.13462, -52.07047],
						"1.0": [80.14422, 2.46784, -61.94737]
					}
				},
				"bone": {
					"rotation": {
						"0.0": [0, 27.5, 0],
						"1.0": [0, 27.5, 0]
					}
				},
				"bone2": {
					"rotation": {
						"0.0": [0, 70, 0],
						"1.0": [0, 70, 0]
					}
				},
				"leftAsa": {
					"rotation": {
						"0.0": [86.61738, 3.68425, 47.39118],
						"0.5": [86.16576, 3.21154, 39.89247],
						"1.0": [86.61738, 3.68425, 47.39118]
					}
				},
				"bone4": {
					"rotation": {
						"0.0": [0, -22.5, 0],
						"1.0": [0, -22.5, 0]
					}
				},
				"bone5": {
					"rotation": {
						"0.0": [0, -60, 0],
						"1.0": [0, -60, 0]
					}
				}
			}
		},
		"animation.phoenix.run": {
			"loop": true,
			"animation_length": 1.5,
			"bones": {
				"root": {
					"rotation": {
						"0.0": {
							"post": [55, 0, 0],
							"lerp_mode": "catmullrom"
						},
						"1.5": {
							"post": [55, 0, 0],
							"lerp_mode": "catmullrom"
						}
					},
					"position": {
						"0.0": {
							"post": [0, 6, 13],
							"lerp_mode": "catmullrom"
						},
						"1.5": {
							"post": [0, 6, 13],
							"lerp_mode": "catmullrom"
						}
					}
				},
				"rightAsa": {
					"rotation": {
						"0.0": {
							"post": [26.15697, 29.76212, 13.70122],
							"lerp_mode": "catmullrom"
						},
						"0.5": {
							"post": [26.15697, -29.76212, -13.70122],
							"lerp_mode": "catmullrom"
						},
						"1.0": {
							"post": [22.67458, 6.92618, 2.88419],
							"lerp_mode": "catmullrom"
						},
						"1.5": {
							"post": [26.15697, 29.76212, 13.70122],
							"lerp_mode": "catmullrom"
						}
					}
				},
				"bone": {
					"rotation": {
						"0.0": {
							"post": [0, 17.5, 0],
							"lerp_mode": "catmullrom"
						},
						"0.5": {
							"post": [0, -10, 0],
							"lerp_mode": "catmullrom"
						},
						"1.0": {
							"post": [0, -32.5, 0],
							"lerp_mode": "catmullrom"
						},
						"1.5": {
							"post": [0, 17.5, 0],
							"lerp_mode": "catmullrom"
						}
					}
				},
				"bone2": {
					"rotation": {
						"0.0": {
							"post": [0, 0, 0],
							"lerp_mode": "catmullrom"
						},
						"0.5": {
							"post": [0, -20, 0],
							"lerp_mode": "catmullrom"
						},
						"1.0": {
							"post": [0, -37.5, 0],
							"lerp_mode": "catmullrom"
						},
						"1.5": {
							"post": [0, 0, 0],
							"lerp_mode": "catmullrom"
						}
					}
				},
				"leftAsa": {
					"rotation": {
						"0.0": {
							"post": [29.65098, -31.3213, -16.48457],
							"lerp_mode": "catmullrom"
						},
						"0.5": {
							"post": [33.4032, 39.85571, 22.90981],
							"lerp_mode": "catmullrom"
						},
						"1.0": {
							"post": [25.0209, -2.26564, -1.0571],
							"lerp_mode": "catmullrom"
						},
						"1.5": {
							"post": [29.65098, -31.3213, -16.48457],
							"lerp_mode": "catmullrom"
						}
					}
				},
				"bone4": {
					"rotation": {
						"0.0": {
							"post": [0, -15, 0],
							"lerp_mode": "catmullrom"
						},
						"0.5": {
							"post": [0, 5, 0],
							"lerp_mode": "catmullrom"
						},
						"1.0": {
							"post": [0, 32.5, 0],
							"lerp_mode": "catmullrom"
						},
						"1.5": {
							"post": [0, -15, 0],
							"lerp_mode": "catmullrom"
						}
					}
				},
				"bone5": {
					"rotation": {
						"0.0": {
							"post": [0, 0, 0],
							"lerp_mode": "catmullrom"
						},
						"0.5": {
							"post": [0, 22.5, 0],
							"lerp_mode": "catmullrom"
						},
						"1.0": {
							"post": [0, 47.5, 0],
							"lerp_mode": "catmullrom"
						},
						"1.5": {
							"post": [0, 0, 0],
							"lerp_mode": "catmullrom"
						}
					}
				}
			}
		},
		"animation.phoenix.atk": {
			"animation_length": 0.375,
			"bones": {
				"root": {
					"rotation": [-59.75047, -54.39239, 63.68289],
					"position": {
						"0.0": [0, 9, -7],
						"0.125": [0, 9, -14],
						"0.375": [0, 9, -14]
					}
				},
				"rightAsa": {
					"rotation": [24.56202, 22.9824, 10.11783]
				},
				"leftAsa": {
					"rotation": [0, -12.5, -20]
				},
				"rightLeg": {
					"rotation": [0, 0, 32.5]
				},
				"leftLeg": {
					"rotation": [42.5, -25, 0]
				}
			}
		}
	}
}