{
	"format_version": "1.8.0",
	"animations": {
		"animation.nimra.stop": {
			"loop": true,
			"animation_length": 1.16667,
			"bones": {
				"head": {
					"rotation": {
						"0.0": {
							"post": [22.5, 0, 0],
							"lerp_mode": "catmullrom"
						},
						"0.5": {
							"post": [22.5, 0, 0],
							"lerp_mode": "catmullrom"
						},
						"0.7917": {
							"post": [25.56145, 27.51235, 12.45891],
							"lerp_mode": "catmullrom"
						},
						"1.0": {
							"post": [25.56, 27.51, 12.46],
							"lerp_mode": "catmullrom"
						},
						"1.1667": {
							"post": [22.5, 0, 0],
							"lerp_mode": "catmullrom"
						}
					}
				},
				"leftArm": {
					"rotation": {
						"0.0": {
							"post": [-10.90741, 18.51497, 5.14833],
							"lerp_mode": "catmullrom"
						},
						"1.0": {
							"post": [-10.91, 18.51, 5.15],
							"lerp_mode": "catmullrom"
						},
						"1.1667": {
							"post": [-10.91, 18.51, 5.15],
							"lerp_mode": "catmullrom"
						}
					}
				},
				"rightArm": {
					"rotation": {
						"0.0": {
							"post": [-24.76262, -23.82896, -27.19461],
							"lerp_mode": "catmullrom"
						},
						"0.125": {
							"post": [-34.76262, -23.82896, -27.19461],
							"lerp_mode": "catmullrom"
						},
						"0.25": {
							"post": [-23.79398, -22.6906, -24.21642],
							"lerp_mode": "catmullrom"
						},
						"0.375": {
							"post": [-38.79398, -22.6906, -24.21642],
							"lerp_mode": "catmullrom"
						},
						"0.5": {
							"post": [-30.03409, -22.16815, -21.71293],
							"lerp_mode": "catmullrom"
						},
						"0.625": {
							"post": [-37.53409, -22.16815, -21.71293],
							"lerp_mode": "catmullrom"
						},
						"0.7917": {
							"post": [-63.73414, 2.70661, 1.77582],
							"lerp_mode": "catmullrom"
						},
						"1.0": {
							"post": [-63.73, 2.71, 1.78],
							"lerp_mode": "catmullrom"
						},
						"1.1667": {
							"post": [-24.76262, -23.82896, -27.19461],
							"lerp_mode": "catmullrom"
						}
					}
				},
				"leftLeg": {
					"rotation": {
						"0.0": {
							"post": [12.5, 0, 0],
							"lerp_mode": "catmullrom"
						},
						"1.0": {
							"post": [12.5, 0, 0],
							"lerp_mode": "catmullrom"
						},
						"1.1667": {
							"post": [12.5, 0, 0],
							"lerp_mode": "catmullrom"
						}
					},
					"position": {
						"0.0": {
							"post": [0, 0, -3],
							"lerp_mode": "catmullrom"
						},
						"1.0": {
							"post": [0, 0, -3],
							"lerp_mode": "catmullrom"
						},
						"1.1667": {
							"post": [0, 0, -3],
							"lerp_mode": "catmullrom"
						}
					}
				}
			}
		}
	}
}