{
	"format_version": "1.8.0",
	"animations": {
		"animation.ryp.stop": {
			"loop": true,
			"animation_length": 3.5,
			"bones": {
				"head": {
					"rotation": {
						"0.0": {
							"post": [7.56397, -7.43547, -0.98448],
							"lerp_mode": "catmullrom"
						},
						"1.0": {
							"post": [3.51297, -7.04213, -8.52975],
							"lerp_mode": "catmullrom"
						},
						"2.0": {
							"post": [3.51, -7.04, -8.53],
							"lerp_mode": "catmullrom"
						},
						"2.3333": {
							"post": [4.68674, -41.95767, -11.23661],
							"lerp_mode": "catmullrom"
						},
						"2.6667": {
							"post": [17.36263, -39.05558, -30.63809],
							"lerp_mode": "catmullrom"
						},
						"3.0": {
							"post": [4.68674, -41.95767, -11.23661],
							"lerp_mode": "catmullrom"
						},
						"3.5": {
							"post": [7.56397, -7.43547, -0.98448],
							"lerp_mode": "catmullrom"
						}
					}
				},
				"leftArm": {
					"rotation": {
						"0.0": {
							"post": [-93.05863, 27.16428, -11.0293],
							"lerp_mode": "catmullrom"
						},
						"1.0": {
							"post": [-95.55863, 27.16428, -11.0293],
							"lerp_mode": "catmullrom"
						},
						"2.0": {
							"post": [-93.05863, 27.16428, -11.0293],
							"lerp_mode": "catmullrom"
						},
						"2.3333": {
							"post": [-135.67116, -50.17827, -4.67024],
							"lerp_mode": "catmullrom"
						},
						"2.6667": {
							"post": [-101.44491, -62.83368, -44.97142],
							"lerp_mode": "catmullrom"
						},
						"3.0": {
							"post": [-135.67116, -50.17827, -4.67024],
							"lerp_mode": "catmullrom"
						},
						"3.5": {
							"post": [-93.05863, 27.16428, -11.0293],
							"lerp_mode": "catmullrom"
						}
					}
				},
				"rightArm": {
					"rotation": {
						"0.0": {
							"post": [-84.48615, -24.89837, -2.3273],
							"lerp_mode": "catmullrom"
						},
						"1.0": {
							"post": [-79.48615, -24.89837, -2.3273],
							"lerp_mode": "catmullrom"
						},
						"2.0": {
							"post": [-84.48615, -24.89837, -2.3273],
							"lerp_mode": "catmullrom"
						},
						"2.3333": {
							"post": [-1.98615, -24.89837, -2.3273],
							"lerp_mode": "catmullrom"
						},
						"3.0": {
							"post": [-1.99, -24.9, -2.33],
							"lerp_mode": "catmullrom"
						},
						"3.5": {
							"post": [-84.48615, -24.89837, -2.3273],
							"lerp_mode": "catmullrom"
						}
					}
				}
			}
		}
	}
}