{
	"format_version": "1.8.0",
	"animations": {
		"animation.stornado": {
			"animation_length": 0.58333,
			"bones": {
				"leftArm": {
					"rotation": {
						"0.0": {
							"post": [-95.51385, 24.89837, -2.3273],
							"lerp_mode": "catmullrom"
						},
						"0.25": {
							"post": [-95.92236, 32.36121, -3.17805],
							"lerp_mode": "catmullrom"
						},
						"0.375": {
							"post": [-255.65143, -69.40933, 166.53361],
							"lerp_mode": "catmullrom"
						},
						"0.5833": {
							"post": [-255.65, -69.41, 166.53],
							"lerp_mode": "catmullrom"
						}
					}
				},
				"rightArm": {
					"rotation": {
						"0.0": {
							"post": [-95.80524, -22.13991, 4.11405],
							"lerp_mode": "catmullrom"
						},
						"0.25": {
							"post": [-96.34863, -32.08411, 5.30189],
							"lerp_mode": "catmullrom"
						},
						"0.375": {
							"post": [-261.71474, 49.44623, -171.76653],
							"lerp_mode": "catmullrom"
						},
						"0.5833": {
							"post": [-261.71, 49.45, -171.77],
							"lerp_mode": "catmullrom"
						}
					}
				}
			}
		}
	}
}