{
	"format_version": "1.8.0",
	"animations": {
		"animation.mera.pistol": {
			"animation_length": 0.29167,
			"bones": {
				"leftArm": {
					"rotation": [-90, 0, 0],
					"position": {
						"0.0": [0, 0, 0],
						"0.0833": [0, 0, 2],
						"0.2917": [0, 0, 0]
					}
				},
				"rightArm": {
					"rotation": [-90, 0, 0],
					"position": {
						"0.0": [0, 0, 0],
						"0.0833": [0, 0, 2],
						"0.2917": [0, 0, 0]
					}
				},
				"leftLeg": {
					"position": [1, 0, -3]
				},
				"rightLeg": {
					"position": [-1, 0, -3]
				}
			}
		},
		"animation.mera.tp": {
			"animation_length": 0.66667,
			"bones": {
				"body": {
					"rotation": {
						"0.0": {
							"post": [0, 20, 0],
							"lerp_mode": "catmullrom"
						},
						"0.25": {
							"post": [0, 32.5, 0],
							"lerp_mode": "catmullrom"
						},
						"0.375": {
							"post": [0, -42.5, 0],
							"lerp_mode": "catmullrom"
						},
						"0.6667": {
							"post": [0, -42.5, 0],
							"lerp_mode": "catmullrom"
						}
					}
				},
				"leftArm": {
					"rotation": {
						"0.0": {
							"post": [-92.88614, -29.96852, 1.44261],
							"lerp_mode": "catmullrom"
						},
						"0.25": {
							"post": [-93.38905, -42.45005, 2.28888],
							"lerp_mode": "catmullrom"
						},
						"0.375": {
							"post": [-92.75806, 24.97457, -1.16524],
							"lerp_mode": "catmullrom"
						},
						"0.6667": {
							"post": [-92.76, 24.97, -1.17],
							"lerp_mode": "catmullrom"
						}
					},
					"position": {
						"0.25": {
							"pre": [0, 0, 0],
							"post": [0, 0, 0],
							"lerp_mode": "catmullrom"
						},
						"0.375": {
							"post": [0, 0, 2],
							"lerp_mode": "catmullrom"
						},
						"0.6667": {
							"post": [0, 0, 2],
							"lerp_mode": "catmullrom"
						}
					}
				},
				"rightArm": {
					"rotation": {
						"0.0": {
							"post": [-95.12076, -12.45167, 1.10693],
							"lerp_mode": "catmullrom"
						},
						"0.25": {
							"post": [-95.019, -4.98093, 0.43688],
							"lerp_mode": "catmullrom"
						},
						"0.375": {
							"post": [-96.29298, 37.33289, -3.82607],
							"lerp_mode": "catmullrom"
						},
						"0.6667": {
							"post": [-96.29, 37.33, -3.83],
							"lerp_mode": "catmullrom"
						}
					},
					"position": {
						"0.0": {
							"post": [-1, 0, 3],
							"lerp_mode": "catmullrom"
						},
						"0.25": {
							"post": [-1, 0, 4],
							"lerp_mode": "catmullrom"
						},
						"0.375": {
							"post": [-1, 0, -2],
							"lerp_mode": "catmullrom"
						},
						"0.6667": {
							"post": [-1, 0, -2],
							"lerp_mode": "catmullrom"
						}
					}
				}
			}
		}
	}
}