{
	"format_version": "1.8.0",
	"animations": {
		"animation.logia.throw": {
			"animation_length": 0.875,
			"bones": {
				"rightArm": {
					"rotation": {
						"0.0": {
							"post": [0, 0, -5],
							"lerp_mode": "catmullrom"
						},
						"0.3333": {
							"post": [0, 0, -5],
							"lerp_mode": "catmullrom"
						},
						"0.7083": {
							"post": [0, 0, 85],
							"lerp_mode": "catmullrom"
						},
						"0.875": {
							"post": [0, 0, 0],
							"lerp_mode": "catmullrom"
						}
					},
					"position": {
						"0.0": {
							"post": [4, 0, 0],
							"lerp_mode": "catmullrom"
						},
						"0.3333": {
							"post": [4, 0, 0],
							"lerp_mode": "catmullrom"
						},
						"0.7083": {
							"post": [0, 0, 0],
							"lerp_mode": "catmullrom"
						},
						"0.875": {
							"post": [0, 0, 0],
							"lerp_mode": "catmullrom"
						}
					},
					"scale": {
						"0.0": {
							"post": [0.7, 1, 0.2],
							"lerp_mode": "catmullrom"
						},
						"0.3333": {
							"post": [0.7, 1, 0.2],
							"lerp_mode": "catmullrom"
						},
						"0.7083": {
							"post": [1, 1, 1],
							"lerp_mode": "catmullrom"
						},
						"0.875": {
							"post": [1, 1, 1],
							"lerp_mode": "catmullrom"
						}
					}
				}
			}
		}
	}
}