{
	"format_version": "1.8.0",
	"animations": {
		"animation.sb.summon": {
			"animation_length": 1.70833,
			"bones": {
				"bb_main": {
					"rotation": {
						"0.0": {
							"post": [9.92942, -0.83487, -0.92015],
							"lerp_mode": "catmullrom"
						},
						"0.2917": {
							"post": [7.90203, 1.4139, -15.59655],
							"lerp_mode": "catmullrom"
						},
						"0.7917": {
							"post": [5.14716, -25.71565, 8.61804],
							"lerp_mode": "catmullrom"
						},
						"0.9583": {
							"post": [-2.32208, 12.57367, 23.86897],
							"lerp_mode": "catmullrom"
						},
						"1.2083": {
							"post": [-4.00225, 5.60608, -12.26955],
							"lerp_mode": "catmullrom"
						},
						"1.5": {
							"post": [0, 0, 0],
							"lerp_mode": "catmullrom"
						},
						"1.7083": {
							"post": [0, 0, 0],
							"lerp_mode": "catmullrom"
						}
					},
					"position": {
						"0.0": {
							"post": [0, -92, 0],
							"lerp_mode": "catmullrom"
						},
						"0.9583": {
							"post": [-1.72, -33.22, 0],
							"lerp_mode": "catmullrom"
						},
						"1.2083": {
							"post": [18, -17.89, 0],
							"lerp_mode": "catmullrom"
						},
						"1.5": {
							"post": [0, 0, 0],
							"lerp_mode": "catmullrom"
						},
						"1.7083": {
							"post": [0, 0, 0],
							"lerp_mode": "catmullrom"
						}
					},
					"scale": {
						"1.5": {
							"pre": [1, 1, 1],
							"post": [1, 1, 1],
							"lerp_mode": "catmullrom"
						},
						"1.7083": {
							"post": [1, 1, 1],
							"lerp_mode": "catmullrom"
						}
					}
				},
				"Head": {
					"rotation": {
						"0.0": {
							"post": [14.89965, -1.18945, -1.43101],
							"lerp_mode": "catmullrom"
						},
						"0.1667": {
							"post": [52.10745, 11.09446, 14.39804],
							"lerp_mode": "catmullrom"
						},
						"0.2917": {
							"post": [56.64208, 13.14178, 17.03621],
							"lerp_mode": "catmullrom"
						},
						"0.5": {
							"post": [54.58775, -6.69474, 11.77061],
							"lerp_mode": "catmullrom"
						},
						"0.625": {
							"post": [67.56944, -18.59666, 8.61125],
							"lerp_mode": "catmullrom"
						},
						"0.7917": {
							"post": [-14.2883, -34.46588, 4.39877],
							"lerp_mode": "catmullrom"
						},
						"0.9583": {
							"post": [-33.19859, -2.40132, -9.55804],
							"lerp_mode": "catmullrom"
						},
						"1.25": {
							"post": [-26.09166, -1.1083, -4.4114],
							"lerp_mode": "catmullrom"
						},
						"1.3333": {
							"post": [-0.72777, -0.73887, -2.94094],
							"lerp_mode": "catmullrom"
						},
						"1.5": {
							"post": [12.5, 0, 0],
							"lerp_mode": "catmullrom"
						},
						"1.7083": {
							"post": [12.5, 0, 0],
							"lerp_mode": "catmullrom"
						}
					},
					"position": {
						"0.0": {
							"post": [0, 0, 0],
							"lerp_mode": "catmullrom"
						},
						"0.2083": {
							"post": [0, -4, -1],
							"lerp_mode": "catmullrom"
						},
						"0.75": {
							"post": [7, -4, -1],
							"lerp_mode": "catmullrom"
						},
						"1.0417": {
							"post": [0, 4, -6],
							"lerp_mode": "catmullrom"
						},
						"1.3333": {
							"post": [0, 2, -5],
							"lerp_mode": "catmullrom"
						},
						"1.7083": {
							"post": [0, 2, -5],
							"lerp_mode": "catmullrom"
						}
					},
					"scale": {
						"1.5": {
							"pre": [1, 1, 1],
							"post": [1, 1, 1],
							"lerp_mode": "catmullrom"
						},
						"1.7083": {
							"post": [1, 1, 1],
							"lerp_mode": "catmullrom"
						}
					}
				},
				"Mandibula": {
					"rotation": {
						"0.0": {
							"post": [-10, 0, 0],
							"lerp_mode": "catmullrom"
						},
						"0.5": {
							"post": [1.25, 0, 0],
							"lerp_mode": "catmullrom"
						},
						"0.75": {
							"post": [9.88, 0, 0],
							"lerp_mode": "catmullrom"
						},
						"0.9167": {
							"post": [-9.37, 0, 0],
							"lerp_mode": "catmullrom"
						},
						"1.25": {
							"post": [-6.87, 0, 0],
							"lerp_mode": "catmullrom"
						},
						"1.3333": {
							"post": [22.5, 0, 0],
							"lerp_mode": "catmullrom"
						},
						"1.4167": {
							"post": [12.5, 0, 0],
							"lerp_mode": "catmullrom"
						},
						"1.4583": {
							"post": [26.25, 0, 0],
							"lerp_mode": "catmullrom"
						},
						"1.5": {
							"post": [5, 0, 0],
							"lerp_mode": "catmullrom"
						},
						"1.5833": {
							"post": [0, 0, 0],
							"lerp_mode": "catmullrom"
						},
						"1.7083": {
							"post": [0, 0, 0],
							"lerp_mode": "catmullrom"
						}
					},
					"position": {
						"0.0": {
							"post": [0, 0, 0],
							"lerp_mode": "catmullrom"
						},
						"1.7083": {
							"post": [0, 0, 0],
							"lerp_mode": "catmullrom"
						}
					},
					"scale": {
						"0.0": {
							"post": [1, 1, 1],
							"lerp_mode": "catmullrom"
						},
						"1.7083": {
							"post": [1, 1, 1],
							"lerp_mode": "catmullrom"
						}
					}
				}
			}
		},
		"animation.sb.waterball": {
			"animation_length": 0.83333,
			"bones": {
				"bb_main": {
					"rotation": {
						"0.0": {
							"post": [0, 0, 0],
							"lerp_mode": "catmullrom"
						},
						"0.125": {
							"post": [0, 0, 0],
							"lerp_mode": "catmullrom"
						},
						"0.25": {
							"post": [-20, 0, 0],
							"lerp_mode": "catmullrom"
						},
						"0.3333": {
							"post": [-22.5, 0, 0],
							"lerp_mode": "catmullrom"
						},
						"0.4167": {
							"post": [-22.5, 0, 0],
							"lerp_mode": "catmullrom"
						},
						"0.5": {
							"post": [25, 0, 0],
							"lerp_mode": "catmullrom"
						},
						"0.625": {
							"post": [42.5, 0, 0],
							"lerp_mode": "catmullrom"
						},
						"0.8333": {
							"post": [42.5, 0, 0],
							"lerp_mode": "catmullrom"
						}
					},
					"position": {
						"0.0": {
							"post": [0, -4, 0],
							"lerp_mode": "catmullrom"
						},
						"0.125": {
							"post": [0, -7, 0],
							"lerp_mode": "catmullrom"
						},
						"0.4167": {
							"post": [0, -4, 0],
							"lerp_mode": "catmullrom"
						},
						"0.5833": {
							"post": [0, -7, 0],
							"lerp_mode": "catmullrom"
						},
						"0.8333": {
							"post": [0, -7, 0],
							"lerp_mode": "catmullrom"
						}
					},
					"scale": {
						"0.0": {
							"post": [1, 1, 1],
							"lerp_mode": "catmullrom"
						},
						"0.125": {
							"post": [1, 1, 1],
							"lerp_mode": "catmullrom"
						},
						"0.4167": {
							"post": [1, 1, 1],
							"lerp_mode": "catmullrom"
						},
						"0.8333": {
							"post": [1, 1, 1],
							"lerp_mode": "catmullrom"
						}
					}
				},
				"Head": {
					"rotation": {
						"0.0": {
							"post": [7.5, 0, 0],
							"lerp_mode": "catmullrom"
						},
						"0.25": {
							"post": [32.5, 0, 0],
							"lerp_mode": "catmullrom"
						},
						"0.3333": {
							"post": [40, 0, 0],
							"lerp_mode": "catmullrom"
						},
						"0.4167": {
							"post": [40, 0, 0],
							"lerp_mode": "catmullrom"
						},
						"0.4583": {
							"post": [-62.5, 0, 0],
							"lerp_mode": "catmullrom"
						},
						"0.5": {
							"post": [-60, 0, 0],
							"lerp_mode": "catmullrom"
						},
						"0.625": {
							"post": [-67.5, 0, 0],
							"lerp_mode": "catmullrom"
						},
						"0.8333": {
							"post": [-67.5, 0, 0],
							"lerp_mode": "catmullrom"
						}
					},
					"position": {
						"0.4167": {
							"pre": [0, 0, 0],
							"post": [0, 0, 0],
							"lerp_mode": "catmullrom"
						},
						"0.8333": {
							"post": [0, 0, 0],
							"lerp_mode": "catmullrom"
						}
					}
				},
				"Mandibula": {
					"rotation": {
						"0.0": {
							"post": [0, 0, 0],
							"lerp_mode": "catmullrom"
						},
						"0.25": {
							"post": [-10, 0, 0],
							"lerp_mode": "catmullrom"
						},
						"0.4167": {
							"post": [-10, 0, 0],
							"lerp_mode": "catmullrom"
						},
						"0.5": {
							"post": [85, 0, 0],
							"lerp_mode": "catmullrom"
						},
						"0.5833": {
							"post": [75, 0, 0],
							"lerp_mode": "catmullrom"
						},
						"0.6667": {
							"post": [62.5, 0, 0],
							"lerp_mode": "catmullrom"
						},
						"0.75": {
							"post": [82.5, 0, 0],
							"lerp_mode": "catmullrom"
						},
						"0.8333": {
							"post": [82.5, 0, 0],
							"lerp_mode": "catmullrom"
						}
					}
				}
			}
		},
		"animation.sb.scream": {
			"animation_length": 1.33333,
			"bones": {
				"bb_main": {
					"rotation": {
						"0.0": [0, 0, 0],
						"0.0833": [20, 0, 0],
						"0.25": [20, 0, 0],
						"0.375": [2.5, 0, 0]
					},
					"position": {
						"0.0": [0, 0, 0],
						"0.0833": [0, -6, 0],
						"0.25": [0, -6, 0]
					},
					"scale": [1, 1, 1]
				},
				"Head": {
					"rotation": {
						"0.0": [0, 0, 0],
						"0.0833": [62.5, 0, 0],
						"0.25": [62.5, 0, 0],
						"0.375": [-70, 0, 0],
						"0.4167": [-72.5, 0, 0],
						"0.4583": [-62.5, 0, 0],
						"0.5": [-72.5, 0, 0],
						"0.5417": [-62.5, 0, 0],
						"0.5833": [-75, 0, 0],
						"0.625": [-67.5, 0, 0],
						"0.6667": [-75, 0, 0],
						"0.7083": [-57.5, 0, 0],
						"0.75": [-67.5, 0, 0],
						"0.7917": [-57.5, 0, 0],
						"0.8333": [-62.5, 0, 0],
						"0.875": [-57.5, 0, 0],
						"0.9167": [-72.5, 0, 0],
						"0.9583": [-62.5, 0, 0],
						"1.0": [-70, 0, 0],
						"1.0417": [-70, 0, 0],
						"1.25": [25, 0, 0]
					},
					"position": {
						"0.0": [0, 0, 0],
						"0.25": [0, 0, 0],
						"0.375": [0, 6, 5],
						"0.9167": [0, 6, 5],
						"1.0417": [0, 11, -2],
						"1.25": [0, 0, -2]
					},
					"scale": [1, 1, 1]
				},
				"Mandibula": {
					"rotation": {
						"0.0": [0, 0, 0],
						"0.0833": [-12.5, 0, 0],
						"0.25": [-12.5, 0, 0],
						"0.4167": [67.5, 0, 0],
						"0.4583": [50, 0, 0],
						"0.5": [59.96883, 0.23094, -0.7356],
						"0.5417": [50, 0, 0],
						"0.5833": [60, 0, 0],
						"0.625": [45, 0, 0],
						"0.6667": [55, 0, 0],
						"0.7083": [40, 0, 0],
						"0.75": [55, 0, 0],
						"0.7917": [35.97498, 3.15545, -5.88909],
						"0.8333": [48.47498, 3.15545, -5.88909],
						"0.875": [33.47498, 3.15545, -5.88909],
						"0.9167": [50.97498, 3.15545, -5.88909],
						"0.9583": [30.97498, 3.15545, -5.88909],
						"1.0": [53.47498, 3.15545, -5.88909],
						"1.0417": [-6.21512, -1.25954, -0.36933]
					},
					"position": [0, 0, 0],
					"scale": [1, 1, 1]
				}
			}
		},
		"animation.sb.stop": {
			"loop": true,
			"animation_length": 1.79167,
			"bones": {
				"bb_main": {
					"rotation": {
						"0.0": [0, 0, 0],
						"0.9167": [7.5, 0, 0],
						"1.7917": [0, 0, 0]
					},
					"position": [0, -2, 0],
					"scale": [1, 1, 1]
				},
				"Head": {
					"rotation": {
						"0.0": [0, 0, 0],
						"0.9167": [-7.5, 0, 0],
						"1.7917": [0, 0, 0]
					},
					"position": [0, 0, 0],
					"scale": [1, 1, 1]
				},
				"Mandibula": {
					"rotation": {
						"0.0": [0, 0, 0],
						"0.9167": [15, 0, 0],
						"1.7917": [0, 0, 0]
					},
					"position": [0, 0, 0],
					"scale": [1, 1, 1]
				}
			}
		}
	}
}