{
	"format_version": "1.8.0",
	"animations": {
		"animation.torifalcon.stop": {
			"loop": true,
			"animation_length": 3.125,
			"bones": {
				"corpo": {
					"rotation": {
						"0.0": {
							"post": [0, -12.5, 0],
							"lerp_mode": "catmullrom"
						},
						"1.1667": {
							"post": [2.5, -12.5, 0],
							"lerp_mode": "catmullrom"
						},
						"3.125": {
							"post": [0, -12.5, 0],
							"lerp_mode": "catmullrom"
						}
					},
					"position": {
						"0.0": {
							"post": [0, 2, 0],
							"lerp_mode": "catmullrom"
						},
						"3.125": {
							"post": [0, 2, 0],
							"lerp_mode": "catmullrom"
						}
					}
				},
				"feathers": {
					"rotation": [7.5, 0, 0]
				},
				"rightWing": {
					"rotation": {
						"0.0": {
							"post": [0, 0, 0],
							"lerp_mode": "catmullrom"
						},
						"1.5833": {
							"post": [0, 0, 10],
							"lerp_mode": "catmullrom"
						},
						"3.125": {
							"post": [0, 0, 0],
							"lerp_mode": "catmullrom"
						}
					}
				},
				"leftWingDown": {
					"rotation": {
						"0.0": {
							"post": [0, 0, 0],
							"lerp_mode": "catmullrom"
						},
						"1.5833": {
							"post": [0, 0, -5],
							"lerp_mode": "catmullrom"
						},
						"3.125": {
							"post": [0, 0, 0],
							"lerp_mode": "catmullrom"
						}
					}
				},
				"leftWing": {
					"rotation": {
						"0.0": {
							"post": [0, 0, 0],
							"lerp_mode": "catmullrom"
						},
						"1.5833": {
							"post": [0, 0, -10],
							"lerp_mode": "catmullrom"
						},
						"3.125": {
							"post": [0, 0, 0],
							"lerp_mode": "catmullrom"
						}
					}
				},
				"rightWingDown": {
					"rotation": {
						"0.0": {
							"post": [0, 0, 0],
							"lerp_mode": "catmullrom"
						},
						"1.5833": {
							"post": [0, 0, 7.5],
							"lerp_mode": "catmullrom"
						},
						"3.125": {
							"post": [0, 0, 0],
							"lerp_mode": "catmullrom"
						}
					}
				},
				"bracodireito": {
					"rotation": {
						"0.0": {
							"post": [-97.73149, 3.46657, 75.84874],
							"lerp_mode": "catmullrom"
						},
						"3.125": {
							"post": [-97.73, 3.47, 75.85],
							"lerp_mode": "catmullrom"
						}
					},
					"position": {
						"0.0": {
							"post": [0, -2, -3],
							"lerp_mode": "catmullrom"
						},
						"1.1667": {
							"post": [0, -1, -3],
							"lerp_mode": "catmullrom"
						},
						"3.125": {
							"post": [0, -2, -3],
							"lerp_mode": "catmullrom"
						}
					}
				},
				"rightAnte": {
					"rotation": {
						"0.0": {
							"post": [-53.66086, 24.94169, 17.23442],
							"lerp_mode": "catmullrom"
						},
						"1.1667": {
							"post": [-47.67159, 20.85412, 31.15196],
							"lerp_mode": "catmullrom"
						},
						"3.125": {
							"post": [-53.66086, 24.94169, 17.23442],
							"lerp_mode": "catmullrom"
						}
					}
				},
				"rightGarras": {
					"rotation": {
						"0.0": {
							"post": [94.94132, -18.50262, 146.67185],
							"lerp_mode": "catmullrom"
						},
						"0.9583": {
							"post": [109.94132, -18.50262, 146.67185],
							"lerp_mode": "catmullrom"
						},
						"1.5833": {
							"post": [99.94132, -18.50262, 146.67185],
							"lerp_mode": "catmullrom"
						},
						"3.125": {
							"post": [94.94132, -18.50262, 146.67185],
							"lerp_mode": "catmullrom"
						}
					}
				},
				"bracoesquerdo": {
					"rotation": {
						"0.0": {
							"post": [-95.39682, 7.11891, -56.91699],
							"lerp_mode": "catmullrom"
						},
						"3.125": {
							"post": [-95.4, 7.12, -56.92],
							"lerp_mode": "catmullrom"
						}
					},
					"position": {
						"0.0": {
							"post": [0, -2, -3],
							"lerp_mode": "catmullrom"
						},
						"1.1667": {
							"post": [0, -1, -3],
							"lerp_mode": "catmullrom"
						},
						"3.125": {
							"post": [0, -2, -3],
							"lerp_mode": "catmullrom"
						}
					}
				},
				"leftAnte": {
					"rotation": {
						"0.0": {
							"post": [-40, 0, 0],
							"lerp_mode": "catmullrom"
						},
						"1.1667": {
							"post": [-39.89247, 3.21154, 3.83424],
							"lerp_mode": "catmullrom"
						},
						"3.125": {
							"post": [-40, 0, 0],
							"lerp_mode": "catmullrom"
						}
					}
				},
				"leftGarras": {
					"rotation": {
						"0.0": {
							"post": [97.59116, 17.79152, -156.32646],
							"lerp_mode": "catmullrom"
						},
						"0.9583": {
							"post": [115.09116, 17.79152, -156.32646],
							"lerp_mode": "catmullrom"
						},
						"1.5833": {
							"post": [85.09116, 17.79152, -156.32646],
							"lerp_mode": "catmullrom"
						},
						"3.125": {
							"post": [97.59116, 17.79152, -156.32646],
							"lerp_mode": "catmullrom"
						}
					}
				},
				"pernadireita": {
					"rotation": {
						"0.0": {
							"post": [-2.14854, 14.04851, -1.98614],
							"lerp_mode": "catmullrom"
						},
						"1.5833": {
							"post": [-9.64854, 14.04851, -1.98614],
							"lerp_mode": "catmullrom"
						},
						"3.125": {
							"post": [-2.14854, 14.04851, -1.98614],
							"lerp_mode": "catmullrom"
						}
					}
				},
				"rightCanela": {
					"rotation": {
						"0.0": {
							"post": [10, 0, 0],
							"lerp_mode": "catmullrom"
						},
						"3.125": {
							"post": [10, 0, 0],
							"lerp_mode": "catmullrom"
						}
					}
				},
				"pernaesquerda": {
					"rotation": {
						"0.0": {
							"post": [0.0279, -4.29267, 5.61788],
							"lerp_mode": "catmullrom"
						},
						"1.1667": {
							"post": [-2.4721, -4.29267, 5.61788],
							"lerp_mode": "catmullrom"
						},
						"3.125": {
							"post": [0.0279, -4.29267, 5.61788],
							"lerp_mode": "catmullrom"
						}
					}
				},
				"leftCanela": {
					"rotation": {
						"0.0": {
							"post": [7.5, 0, 0],
							"lerp_mode": "catmullrom"
						},
						"3.125": {
							"post": [7.5, 0, 0],
							"lerp_mode": "catmullrom"
						}
					}
				}
			}
		},
		"animation.torifalcon.walk": {
			"loop": true,
			"animation_length": 1.54167,
			"bones": {
				"Root": {
					"position": {
						"0.0": {
							"post": [0, 2, 1],
							"lerp_mode": "catmullrom"
						},
						"1.5417": {
							"post": [0, 2, 1],
							"lerp_mode": "catmullrom"
						}
					}
				},
				"corpo": {
					"rotation": {
						"0.0": {
							"post": [5, -10, 0],
							"lerp_mode": "catmullrom"
						},
						"0.375": {
							"post": [0, -2.5, 0],
							"lerp_mode": "catmullrom"
						},
						"0.75": {
							"post": [0, 2.5, 0],
							"lerp_mode": "catmullrom"
						},
						"1.1667": {
							"post": [5, -2.5, 0],
							"lerp_mode": "catmullrom"
						},
						"1.5417": {
							"post": [5, -10, 0],
							"lerp_mode": "catmullrom"
						}
					}
				},
				"rightWing": {
					"rotation": {
						"0.0": {
							"post": [5.49755, 21.63336, 5.97644],
							"lerp_mode": "catmullrom"
						},
						"0.375": {
							"post": [5.49755, 21.63336, 5.97644],
							"lerp_mode": "catmullrom"
						},
						"1.125": {
							"post": [-5.28321, -2.33187, -6.96546],
							"lerp_mode": "catmullrom"
						},
						"1.5417": {
							"post": [5.49755, 21.63336, 5.97644],
							"lerp_mode": "catmullrom"
						}
					}
				},
				"leftWing": {
					"rotation": {
						"0.0": {
							"post": [0, 12.5, 0],
							"lerp_mode": "catmullrom"
						},
						"0.375": {
							"post": [0, 12.5, 0],
							"lerp_mode": "catmullrom"
						},
						"1.125": {
							"post": [7.73064, -13.17272, -9.02179],
							"lerp_mode": "catmullrom"
						},
						"1.5417": {
							"post": [0, 12.5, 0],
							"lerp_mode": "catmullrom"
						}
					}
				},
				"bracodireito": {
					"rotation": {
						"0.0": {
							"post": [-32.94369, -19.81885, 10.13826],
							"lerp_mode": "catmullrom"
						},
						"0.375": {
							"post": [17.51087, 1.52339, 5.86791],
							"lerp_mode": "catmullrom"
						},
						"0.75": {
							"post": [27.54796, 11.27134, 13.90174],
							"lerp_mode": "catmullrom"
						},
						"1.1667": {
							"post": [-2.59428, 10.82544, 6.41364],
							"lerp_mode": "catmullrom"
						},
						"1.5417": {
							"post": [-32.94369, -19.81885, 10.13826],
							"lerp_mode": "catmullrom"
						}
					}
				},
				"rightAnte": {
					"rotation": {
						"0.0": {
							"post": [-22.5, 0, 0],
							"lerp_mode": "catmullrom"
						},
						"0.1667": {
							"post": [-37.5, 0, 0],
							"lerp_mode": "catmullrom"
						},
						"0.5417": {
							"post": [-7.5, 0, 0],
							"lerp_mode": "catmullrom"
						},
						"1.5417": {
							"post": [-22.5, 0, 0],
							"lerp_mode": "catmullrom"
						}
					}
				},
				"rightGarras": {
					"rotation": {
						"0.0": {
							"post": [0, 0, 0],
							"lerp_mode": "catmullrom"
						},
						"0.2917": {
							"post": [0, -17.5, 0],
							"lerp_mode": "catmullrom"
						},
						"0.5833": {
							"post": [-8.8781, 2.17172, -9.02828],
							"lerp_mode": "catmullrom"
						},
						"1.0417": {
							"post": [-122.18074, 6.03492, -122.73605],
							"lerp_mode": "catmullrom"
						},
						"1.5417": {
							"post": [0, 0, 0],
							"lerp_mode": "catmullrom"
						}
					},
					"position": {
						"0.0": {
							"post": [0, 0, 0],
							"lerp_mode": "catmullrom"
						},
						"1.5417": {
							"post": [0, 0, 0],
							"lerp_mode": "catmullrom"
						}
					}
				},
				"bracoesquerdo": {
					"rotation": {
						"0.0": {
							"post": [31.67979, -30.5604, -17.34865],
							"lerp_mode": "catmullrom"
						},
						"0.375": {
							"post": [6.56857, 2.2735, -17.6863],
							"lerp_mode": "catmullrom"
						},
						"0.75": {
							"post": [-26.82018, 27.74218, -30.2094],
							"lerp_mode": "catmullrom"
						},
						"1.1667": {
							"post": [10.33726, -3.48576, -5.639],
							"lerp_mode": "catmullrom"
						},
						"1.5417": {
							"post": [31.67979, -30.5604, -17.34865],
							"lerp_mode": "catmullrom"
						}
					}
				},
				"leftAnte": {
					"rotation": {
						"0.0": {
							"post": [-22.5, 0, 0],
							"lerp_mode": "catmullrom"
						},
						"0.375": {
							"post": [5, 0, 0],
							"lerp_mode": "catmullrom"
						},
						"0.75": {
							"post": [-30, 0, 0],
							"lerp_mode": "catmullrom"
						},
						"1.5417": {
							"post": [-22.5, 0, 0],
							"lerp_mode": "catmullrom"
						}
					}
				},
				"leftGarras": {
					"rotation": {
						"0.0": {
							"post": [-73.34761, 54.2564, 66.21372],
							"lerp_mode": "catmullrom"
						},
						"0.375": {
							"post": [-63.34761, 54.2564, 66.21372],
							"lerp_mode": "catmullrom"
						},
						"0.75": {
							"post": [-35.84761, 54.2564, 66.21372],
							"lerp_mode": "catmullrom"
						},
						"1.5417": {
							"post": [-73.34761, 54.2564, 66.21372],
							"lerp_mode": "catmullrom"
						}
					}
				},
				"pernadireita": {
					"rotation": {
						"0.0": {
							"post": [24.92372, 1.60233, -7.32747],
							"lerp_mode": "catmullrom"
						},
						"0.375": {
							"post": [-10.19558, 8.9823, -8.67013],
							"lerp_mode": "catmullrom"
						},
						"0.75": {
							"post": [-32.69558, 8.9823, -8.67013],
							"lerp_mode": "catmullrom"
						},
						"0.875": {
							"post": [-17.94558, 8.9823, -8.67013],
							"lerp_mode": "catmullrom"
						},
						"1.1667": {
							"post": [-0.19558, 8.9823, -8.67013],
							"lerp_mode": "catmullrom"
						},
						"1.5417": {
							"post": [24.92372, 1.60233, -7.32747],
							"lerp_mode": "catmullrom"
						}
					}
				},
				"rightCanela": {
					"rotation": {
						"0.0": {
							"post": [0, 0, 0],
							"lerp_mode": "catmullrom"
						},
						"0.375": {
							"post": [92.5, 0, 0],
							"lerp_mode": "catmullrom"
						},
						"0.75": {
							"post": [7.5, 0, 0],
							"lerp_mode": "catmullrom"
						},
						"0.875": {
							"post": [-2.5, 0, 0],
							"lerp_mode": "catmullrom"
						},
						"1.5417": {
							"post": [0, 0, 0],
							"lerp_mode": "catmullrom"
						}
					}
				},
				"pernaesquerda": {
					"rotation": {
						"0.0": {
							"post": [-17.44311, 9.13526, 8.53735],
							"lerp_mode": "catmullrom"
						},
						"0.375": {
							"post": [2.11675, -0.76245, 5.6579],
							"lerp_mode": "catmullrom"
						},
						"0.75": {
							"post": [19.61675, -0.76245, 5.6579],
							"lerp_mode": "catmullrom"
						},
						"0.875": {
							"post": [20.86675, -0.76245, 5.6579],
							"lerp_mode": "catmullrom"
						},
						"1.1667": {
							"post": [-17.88325, -0.76245, 5.6579],
							"lerp_mode": "catmullrom"
						},
						"1.5417": {
							"post": [-17.44311, 9.13526, 8.53735],
							"lerp_mode": "catmullrom"
						}
					}
				},
				"leftCanela": {
					"rotation": {
						"0.0": {
							"post": [0, 0, 0],
							"lerp_mode": "catmullrom"
						},
						"0.7917": {
							"post": [-12.5, 0, 0],
							"lerp_mode": "catmullrom"
						},
						"1.1667": {
							"post": [70, 0, 0],
							"lerp_mode": "catmullrom"
						},
						"1.5417": {
							"post": [0, 0, 0],
							"lerp_mode": "catmullrom"
						}
					}
				}
			}
		},
		"animation.torifalcon.run": {
			"loop": true,
			"animation_length": 0.79167,
			"bones": {
				"Root": {
					"position": {
						"0.0": [0, -1, 0],
						"0.125": [0, -3, 0],
						"0.2917": [0, 1, 0],
						"0.5": [0, -3, 0],
						"0.625": [0, 1, 0],
						"0.7917": [0, -1, 0]
					}
				},
				"corpo": {
					"rotation": {
						"0.0": {
							"post": [42.5, 0, 0],
							"lerp_mode": "catmullrom"
						},
						"0.7917": {
							"post": [42.5, 0, 0],
							"lerp_mode": "catmullrom"
						}
					},
					"position": {
						"0.0": {
							"post": [0, -5, -7],
							"lerp_mode": "catmullrom"
						},
						"0.7917": {
							"post": [0, -5, -7],
							"lerp_mode": "catmullrom"
						}
					}
				},
				"rightWing": {
					"rotation": {
						"0.0": [-39.36145, 3.65451, -50.61414],
						"0.3333": [-46.60052, 0.41852, -60.52039],
						"0.7917": [-39.36145, 3.65451, -50.61414]
					}
				},
				"leftWingDown": {
					"rotation": [0, 0, 62.5]
				},
				"leftWing": {
					"rotation": {
						"0.0": [-34.64063, -0.95551, 50.59754],
						"0.3333": [-41.54247, 1.68953, 60.43819],
						"0.7917": [-34.64063, -0.95551, 50.59754]
					}
				},
				"rightWingDown": {
					"rotation": [0, 0, -57.5]
				},
				"bracodireito": {
					"rotation": {
						"0.0": {
							"post": [37.3028, -13.59039, -25.16268],
							"lerp_mode": "catmullrom"
						},
						"0.125": {
							"post": [32.30249, -13.59035, -25.16238],
							"lerp_mode": "catmullrom"
						},
						"0.2917": {
							"post": [55.46602, -13.59027, -25.16188],
							"lerp_mode": "catmullrom"
						},
						"0.5": {
							"post": [46.2174, -3.35835, -13.57655],
							"lerp_mode": "catmullrom"
						},
						"0.7917": {
							"post": [37.3, -13.59, -25.16],
							"lerp_mode": "catmullrom"
						}
					}
				},
				"rightAnte": {
					"rotation": {
						"0.0": {
							"post": [10, 0, 22.5],
							"lerp_mode": "catmullrom"
						},
						"0.1667": {
							"post": [25, 0, 22.5],
							"lerp_mode": "catmullrom"
						},
						"0.2917": {
							"post": [-6.32, 0, 22.5],
							"lerp_mode": "catmullrom"
						},
						"0.7917": {
							"post": [10, 0, 22.5],
							"lerp_mode": "catmullrom"
						}
					}
				},
				"rightGarras": {
					"rotation": {
						"0.0": {
							"post": [-63.68648, -63.78643, -87.04621],
							"lerp_mode": "catmullrom"
						},
						"0.7917": {
							"post": [-63.69, -63.79, -87.05],
							"lerp_mode": "catmullrom"
						}
					}
				},
				"bracoesquerdo": {
					"rotation": {
						"0.0": {
							"post": [33.43136, 6.35721, 4.08891],
							"lerp_mode": "catmullrom"
						},
						"0.125": {
							"post": [25.9312, 6.35752, 4.08904],
							"lerp_mode": "catmullrom"
						},
						"0.2917": {
							"post": [47.05354, -5.54886, -8.97523],
							"lerp_mode": "catmullrom"
						},
						"0.5": {
							"post": [44.5975, 5.65143, 2.24352],
							"lerp_mode": "catmullrom"
						},
						"0.7917": {
							"post": [33.43, 6.36, 4.09],
							"lerp_mode": "catmullrom"
						}
					}
				},
				"leftAnte": {
					"rotation": {
						"0.0": {
							"post": [0, 0, -10],
							"lerp_mode": "catmullrom"
						},
						"0.125": {
							"post": [20, 0, -10],
							"lerp_mode": "catmullrom"
						},
						"0.2917": {
							"post": [-12.65625, 0, -10],
							"lerp_mode": "catmullrom"
						},
						"0.7917": {
							"post": [0, 0, -10],
							"lerp_mode": "catmullrom"
						}
					}
				},
				"leftGarras": {
					"rotation": {
						"0.0": {
							"post": [-81.54578, 57.11224, 77.49533],
							"lerp_mode": "catmullrom"
						},
						"0.7917": {
							"post": [-81.55, 57.11, 77.5],
							"lerp_mode": "catmullrom"
						}
					}
				},
				"pernadireita": {
					"rotation": {
						"0.0": {
							"post": [-95, 0, 0],
							"lerp_mode": "catmullrom"
						},
						"0.125": {
							"post": [-102.5, 0, 0],
							"lerp_mode": "catmullrom"
						},
						"0.25": {
							"post": [-69.92398, -4.70193, -1.70271],
							"lerp_mode": "catmullrom"
						},
						"0.375": {
							"post": [7.5, 0, 0],
							"lerp_mode": "catmullrom"
						},
						"0.5417": {
							"post": [24.83717, 3.1467, -6.81076],
							"lerp_mode": "catmullrom"
						},
						"0.6667": {
							"post": [-45.16283, 3.1467, -6.81076],
							"lerp_mode": "catmullrom"
						},
						"0.7917": {
							"post": [-95, 0, 0],
							"lerp_mode": "catmullrom"
						}
					}
				},
				"rightCanela": {
					"rotation": {
						"0.0": {
							"post": [107.5, 0, 0],
							"lerp_mode": "catmullrom"
						},
						"0.125": {
							"post": [5, 0, 0],
							"lerp_mode": "catmullrom"
						},
						"0.25": {
							"post": [45, 0, 0],
							"lerp_mode": "catmullrom"
						},
						"0.375": {
							"post": [2.5, 0, 0],
							"lerp_mode": "catmullrom"
						},
						"0.5417": {
							"post": [20, 0, 0],
							"lerp_mode": "catmullrom"
						},
						"0.625": {
							"post": [70, 0, 0],
							"lerp_mode": "catmullrom"
						},
						"0.7917": {
							"post": [107.5, 0, 0],
							"lerp_mode": "catmullrom"
						}
					}
				},
				"pernaesquerda": {
					"rotation": {
						"0.0": {
							"post": [9.94375, -1.28208, 7.38997],
							"lerp_mode": "catmullrom"
						},
						"0.125": {
							"post": [14.94375, -1.28208, 7.38997],
							"lerp_mode": "catmullrom"
						},
						"0.25": {
							"post": [-52.55625, -1.28208, 7.38997],
							"lerp_mode": "catmullrom"
						},
						"0.375": {
							"post": [-112.59773, 3.33038, 5.45891],
							"lerp_mode": "catmullrom"
						},
						"0.5": {
							"post": [-112.79637, 7.93879, 3.50852],
							"lerp_mode": "catmullrom"
						},
						"0.625": {
							"post": [-72.79637, 7.93879, 3.50852],
							"lerp_mode": "catmullrom"
						},
						"0.7917": {
							"post": [9.94375, -1.28208, 7.38997],
							"lerp_mode": "catmullrom"
						}
					}
				},
				"leftCanela": {
					"rotation": {
						"0.0": {
							"post": [2.5, 0, 0],
							"lerp_mode": "catmullrom"
						},
						"0.125": {
							"post": [25, 0, 0],
							"lerp_mode": "catmullrom"
						},
						"0.25": {
							"post": [85, 0, 0],
							"lerp_mode": "catmullrom"
						},
						"0.375": {
							"post": [132.5, 0, 0],
							"lerp_mode": "catmullrom"
						},
						"0.5": {
							"post": [10, 0, 0],
							"lerp_mode": "catmullrom"
						},
						"0.625": {
							"post": [37.5, 0, 0],
							"lerp_mode": "catmullrom"
						},
						"0.7917": {
							"post": [2.5, 0, 0],
							"lerp_mode": "catmullrom"
						}
					}
				}
			}
		},
		"animation.torifalcon.fly": {
			"loop": true,
			"animation_length": 3.83333,
			"bones": {
				"feathers": {
					"rotation": {
						"0.0": {
							"post": [-15, 0, 0],
							"lerp_mode": "catmullrom"
						},
						"0.9167": {
							"post": [-5, 0, 0],
							"lerp_mode": "catmullrom"
						},
						"1.9583": {
							"post": [-15.01, 0, 0],
							"lerp_mode": "catmullrom"
						},
						"2.5833": {
							"post": [-10.75, 0, 0],
							"lerp_mode": "catmullrom"
						},
						"2.7917": {
							"post": [-13.52, 0, 0],
							"lerp_mode": "catmullrom"
						},
						"3.8333": {
							"post": [-15, 0, 0],
							"lerp_mode": "catmullrom"
						}
					},
					"scale": {
						"0.0": {
							"post": [1.2, 1.4, 1],
							"lerp_mode": "catmullrom"
						},
						"3.8333": {
							"post": [1.2, 1.4, 1],
							"lerp_mode": "catmullrom"
						}
					}
				},
				"rightWing": {
					"rotation": {
						"0.0": {
							"post": [-17.6613, -41.22646, -16.74936],
							"lerp_mode": "catmullrom"
						},
						"0.2917": {
							"post": [-17.72912, 1.27334, -16.89982],
							"lerp_mode": "catmullrom"
						},
						"0.625": {
							"post": [-17.76656, 8.77327, -16.9487],
							"lerp_mode": "catmullrom"
						},
						"0.875": {
							"post": [-17.77, 8.77, -16.95],
							"lerp_mode": "catmullrom"
						},
						"1.0417": {
							"post": [-17.70095, -81.22955, -16.62301],
							"lerp_mode": "catmullrom"
						},
						"1.4167": {
							"post": [-17.70095, -81.22955, -16.62301],
							"lerp_mode": "catmullrom"
						},
						"1.875": {
							"post": [-17.70669, -6.22988, -16.86287],
							"lerp_mode": "catmullrom"
						},
						"2.0833": {
							"post": [-17.6613, -41.22646, -16.74936],
							"lerp_mode": "catmullrom"
						},
						"2.375": {
							"post": [-20.29443, -43.27133, -21.74468],
							"lerp_mode": "catmullrom"
						},
						"2.625": {
							"post": [-12.55228, -43.35145, -18.92378],
							"lerp_mode": "catmullrom"
						},
						"2.875": {
							"post": [-15.28325, -43.11512, -15.89567],
							"lerp_mode": "catmullrom"
						},
						"3.0833": {
							"post": [-8.45791, -42.71066, -18.3394],
							"lerp_mode": "catmullrom"
						},
						"3.8333": {
							"post": [-17.66, -41.23, -16.75],
							"lerp_mode": "catmullrom"
						}
					},
					"position": {
						"0.0": [0, 0, 0],
						"0.875": [0, 0, 0],
						"1.0417": [0, 0, 3],
						"1.4167": [0, 0, 3],
						"1.875": [0, 0, 0]
					}
				},
				"leftWingDown": {
					"rotation": {
						"0.0": {
							"post": [0, 0, 75],
							"lerp_mode": "catmullrom"
						},
						"0.2917": {
							"post": [0, -77.5, 75],
							"lerp_mode": "catmullrom"
						},
						"0.625": {
							"post": [0, 22.5, 75],
							"lerp_mode": "catmullrom"
						},
						"0.9167": {
							"post": [0, 51.53846, 75],
							"lerp_mode": "catmullrom"
						},
						"1.1667": {
							"post": [0, -35, 75],
							"lerp_mode": "catmullrom"
						},
						"1.4167": {
							"post": [0, -35, 75],
							"lerp_mode": "catmullrom"
						},
						"1.875": {
							"post": [0, -85, 75],
							"lerp_mode": "catmullrom"
						},
						"2.0833": {
							"post": [0, 0, 75],
							"lerp_mode": "catmullrom"
						},
						"3.8333": {
							"post": [0, 0, 75],
							"lerp_mode": "catmullrom"
						}
					}
				},
				"leftWing": {
					"rotation": {
						"0.0": {
							"post": [-20.78095, 36.59678, 18.2169],
							"lerp_mode": "catmullrom"
						},
						"0.2917": {
							"post": [-23.249, -10.78224, 22.49122],
							"lerp_mode": "catmullrom"
						},
						"0.875": {
							"post": [-23.25, -10.78, 22.49],
							"lerp_mode": "catmullrom"
						},
						"1.0417": {
							"post": [-21.42688, 79.02329, 15.54026],
							"lerp_mode": "catmullrom"
						},
						"1.4167": {
							"post": [-21.42688, 79.02329, 15.54026],
							"lerp_mode": "catmullrom"
						},
						"1.875": {
							"post": [-21.78073, 4.16459, 20.53362],
							"lerp_mode": "catmullrom"
						},
						"2.0833": {
							"post": [-20.78095, 36.59678, 18.2169],
							"lerp_mode": "catmullrom"
						},
						"2.375": {
							"post": [-21.26475, 38.77834, 23.10324],
							"lerp_mode": "catmullrom"
						},
						"2.5833": {
							"post": [-18.49458, 38.71233, 20.55116],
							"lerp_mode": "catmullrom"
						},
						"2.875": {
							"post": [-21.22886, 38.31569, 19.94342],
							"lerp_mode": "catmullrom"
						},
						"3.0833": {
							"post": [-18.83489, 37.9988, 19.61117],
							"lerp_mode": "catmullrom"
						},
						"3.8333": {
							"post": [-20.78, 36.6, 18.22],
							"lerp_mode": "catmullrom"
						}
					},
					"position": {
						"0.0": [0, 0, 0],
						"0.875": [0, 0, 0],
						"1.0417": [0, 0, 3],
						"1.4167": [0, 0, 3],
						"1.875": [0, 0, 0]
					}
				},
				"rightWingDown": {
					"rotation": {
						"0.0": {
							"post": [0, 0, -75],
							"lerp_mode": "catmullrom"
						},
						"0.2917": {
							"post": [0, 90, -75],
							"lerp_mode": "catmullrom"
						},
						"0.625": {
							"post": [0, -32.5, -75],
							"lerp_mode": "catmullrom"
						},
						"0.9167": {
							"post": [0, -40, -75],
							"lerp_mode": "catmullrom"
						},
						"1.1667": {
							"post": [0, 32.5, -75],
							"lerp_mode": "catmullrom"
						},
						"1.4167": {
							"post": [0, 32.5, -75],
							"lerp_mode": "catmullrom"
						},
						"1.875": {
							"post": [0, 90, -75],
							"lerp_mode": "catmullrom"
						},
						"2.0833": {
							"post": [0, 0, -75],
							"lerp_mode": "catmullrom"
						},
						"3.8333": {
							"post": [0, 0, -75],
							"lerp_mode": "catmullrom"
						}
					}
				},
				"bracodireito": {
					"rotation": {
						"0.0": {
							"post": [63.55374, 96.87267, 136.14656],
							"lerp_mode": "catmullrom"
						},
						"3.8333": {
							"post": [63.55, 96.87, 136.15],
							"lerp_mode": "catmullrom"
						}
					},
					"position": {
						"0.0": {
							"post": [1, -3, 1],
							"lerp_mode": "catmullrom"
						},
						"3.8333": {
							"post": [1, -3, 1],
							"lerp_mode": "catmullrom"
						}
					},
					"scale": {
						"0.0": {
							"post": [1, 0, 0],
							"lerp_mode": "catmullrom"
						},
						"3.8333": {
							"post": [1, 0, 0],
							"lerp_mode": "catmullrom"
						}
					}
				},
				"rightAnte": {
					"rotation": {
						"0.0": {
							"post": [0, 0, 12.5],
							"lerp_mode": "catmullrom"
						},
						"3.8333": {
							"post": [0, 0, 12.5],
							"lerp_mode": "catmullrom"
						}
					}
				},
				"rightGarras": {
					"rotation": {
						"0.0": {
							"post": [-22.5, 0, 0],
							"lerp_mode": "catmullrom"
						},
						"3.8333": {
							"post": [-22.5, 0, 0],
							"lerp_mode": "catmullrom"
						}
					}
				},
				"bracoesquerdo": {
					"rotation": {
						"0.0": {
							"post": [-155.24345, -97.28027, 81.29543],
							"lerp_mode": "catmullrom"
						},
						"3.8333": {
							"post": [-155.24, -97.28, 81.3],
							"lerp_mode": "catmullrom"
						}
					},
					"position": {
						"0.0": {
							"post": [0, -3, 2],
							"lerp_mode": "catmullrom"
						},
						"3.8333": {
							"post": [0, -3, 2],
							"lerp_mode": "catmullrom"
						}
					},
					"scale": {
						"0.0": {
							"post": [1, 0, 0],
							"lerp_mode": "catmullrom"
						},
						"3.8333": {
							"post": [1, 0, 0],
							"lerp_mode": "catmullrom"
						}
					}
				},
				"leftAnte": {
					"rotation": {
						"0.0": {
							"post": [0, 0, -15],
							"lerp_mode": "catmullrom"
						},
						"3.8333": {
							"post": [0, 0, -15],
							"lerp_mode": "catmullrom"
						}
					}
				},
				"pernadireita": {
					"rotation": {
						"0.0": {
							"post": [12.35282, 2.13265, -9.77161],
							"lerp_mode": "catmullrom"
						},
						"3.8333": {
							"post": [12.35, 2.13, -9.77],
							"lerp_mode": "catmullrom"
						}
					}
				},
				"rightCanela": {
					"rotation": {
						"0.0": {
							"post": [5, 0, 0],
							"lerp_mode": "catmullrom"
						},
						"3.8333": {
							"post": [5, 0, 0],
							"lerp_mode": "catmullrom"
						}
					}
				},
				"pernaesquerda": {
					"rotation": {
						"0.0": {
							"post": [9.85396, -2.03465, 9.80058],
							"lerp_mode": "catmullrom"
						},
						"3.8333": {
							"post": [9.85, -2.03, 9.8],
							"lerp_mode": "catmullrom"
						}
					}
				},
				"leftCanela": {
					"rotation": {
						"0.0": {
							"post": [7.5, 0, 0],
							"lerp_mode": "catmullrom"
						},
						"3.8333": {
							"post": [7.5, 0, 0],
							"lerp_mode": "catmullrom"
						}
					}
				}
			}
		},
		"animation.torifalcon.attack1": {
			"loop": true,
			"animation_length": 0.66667,
			"bones": {
				"corpo": {
					"rotation": {
						"0.0": {
							"post": [0, 0, 0],
							"lerp_mode": "catmullrom"
						},
						"0.25": {
							"post": [0, 27.5, 0],
							"lerp_mode": "catmullrom"
						},
						"0.375": {
							"post": [0, 27.5, 0],
							"lerp_mode": "catmullrom"
						},
						"0.5": {
							"post": [0, -40, 0],
							"lerp_mode": "catmullrom"
						},
						"0.6667": {
							"post": [0, -40, 0],
							"lerp_mode": "catmullrom"
						}
					},
					"position": {
						"0.0": {
							"post": [0, 0, 0],
							"lerp_mode": "catmullrom"
						},
						"0.6667": {
							"post": [0, 0, 0],
							"lerp_mode": "catmullrom"
						}
					},
					"scale": {
						"0.0": {
							"post": [1, 1, 1],
							"lerp_mode": "catmullrom"
						},
						"0.6667": {
							"post": [1, 1, 1],
							"lerp_mode": "catmullrom"
						}
					}
				},
				"bracodireito": {
					"rotation": {
						"0.0": {
							"post": [0, 0, 0],
							"lerp_mode": "catmullrom"
						},
						"0.25": {
							"post": [-72.5, 45, 0],
							"lerp_mode": "catmullrom"
						},
						"0.375": {
							"post": [-72.5, 45, 0],
							"lerp_mode": "catmullrom"
						},
						"0.5": {
							"post": [-72.95349, -22.78238, -18.6353],
							"lerp_mode": "catmullrom"
						},
						"0.6667": {
							"post": [-72.95, -22.78, -18.64],
							"lerp_mode": "catmullrom"
						}
					},
					"position": {
						"0.0": {
							"post": [0, 0, 0],
							"lerp_mode": "catmullrom"
						},
						"0.5": {
							"post": [0, 0, -5],
							"lerp_mode": "catmullrom"
						},
						"0.6667": {
							"post": [0, 0, -5],
							"lerp_mode": "catmullrom"
						}
					},
					"scale": {
						"0.0": {
							"post": [1, 1, 1],
							"lerp_mode": "catmullrom"
						},
						"0.6667": {
							"post": [1, 1, 1],
							"lerp_mode": "catmullrom"
						}
					}
				},
				"rightAnte": {
					"rotation": {
						"0.0": {
							"post": [0, 0, 0],
							"lerp_mode": "catmullrom"
						},
						"0.25": {
							"post": [-87.5, 0, 0],
							"lerp_mode": "catmullrom"
						},
						"0.375": {
							"post": [-87.5, 0, 0],
							"lerp_mode": "catmullrom"
						},
						"0.4583": {
							"post": [-10.38815, -60.80735, 45.78922],
							"lerp_mode": "catmullrom"
						},
						"0.5417": {
							"post": [9.11351, -79.69532, -13.89476],
							"lerp_mode": "catmullrom"
						},
						"0.6667": {
							"post": [9.11, -79.7, -13.89],
							"lerp_mode": "catmullrom"
						}
					},
					"position": {
						"0.0": {
							"post": [0, 0, 0],
							"lerp_mode": "catmullrom"
						},
						"0.6667": {
							"post": [0, 0, 0],
							"lerp_mode": "catmullrom"
						}
					},
					"scale": {
						"0.0": {
							"post": [1, 1, 1],
							"lerp_mode": "catmullrom"
						},
						"0.6667": {
							"post": [1, 1, 1],
							"lerp_mode": "catmullrom"
						}
					}
				},
				"rightGarras": {
					"rotation": {
						"0.0": {
							"post": [0, 0, 0],
							"lerp_mode": "catmullrom"
						},
						"0.25": {
							"post": [58.56984, -68.70545, 92.57903],
							"lerp_mode": "catmullrom"
						},
						"0.375": {
							"post": [114.45, -26.01, 164.03],
							"lerp_mode": "catmullrom"
						},
						"0.4583": {
							"post": [178.8531, -49.70409, 277.6604],
							"lerp_mode": "catmullrom"
						},
						"0.5417": {
							"post": [278.55464, -61.55114, 334.47559],
							"lerp_mode": "catmullrom"
						},
						"0.6667": {
							"post": [278.55, -61.55, 334.48],
							"lerp_mode": "catmullrom"
						}
					},
					"position": {
						"0.0": {
							"post": [0, 0, 0],
							"lerp_mode": "catmullrom"
						},
						"0.6667": {
							"post": [0, 0, 0],
							"lerp_mode": "catmullrom"
						}
					},
					"scale": {
						"0.0": {
							"post": [1, 1, 1],
							"lerp_mode": "catmullrom"
						},
						"0.6667": {
							"post": [1, 1, 1],
							"lerp_mode": "catmullrom"
						}
					}
				},
				"bracoesquerdo": {
					"rotation": {
						"0.0": {
							"post": [0, 0, 0],
							"lerp_mode": "catmullrom"
						},
						"0.25": {
							"post": [-80.30635, 24.43674, -60.33105],
							"lerp_mode": "catmullrom"
						},
						"0.375": {
							"post": [-80.31, 24.44, -60.33],
							"lerp_mode": "catmullrom"
						},
						"0.5": {
							"post": [-81.59694, -25.11691, -67.31142],
							"lerp_mode": "catmullrom"
						},
						"0.6667": {
							"post": [-81.6, -25.12, -67.31],
							"lerp_mode": "catmullrom"
						}
					},
					"position": {
						"0.0": {
							"post": [0, 0, 0],
							"lerp_mode": "catmullrom"
						},
						"0.6667": {
							"post": [0, 0, 0],
							"lerp_mode": "catmullrom"
						}
					},
					"scale": {
						"0.0": {
							"post": [1, 1, 1],
							"lerp_mode": "catmullrom"
						},
						"0.6667": {
							"post": [1, 1, 1],
							"lerp_mode": "catmullrom"
						}
					}
				},
				"leftAnte": {
					"rotation": {
						"0.0": {
							"post": [0, 0, 0],
							"lerp_mode": "catmullrom"
						},
						"0.25": {
							"post": [-60, 0, 0],
							"lerp_mode": "catmullrom"
						},
						"0.375": {
							"post": [-60, 0, 0],
							"lerp_mode": "catmullrom"
						},
						"0.6667": {
							"post": [-60, 0, 0],
							"lerp_mode": "catmullrom"
						}
					},
					"position": {
						"0.0": {
							"post": [0, 0, 0],
							"lerp_mode": "catmullrom"
						},
						"0.6667": {
							"post": [0, 0, 0],
							"lerp_mode": "catmullrom"
						}
					},
					"scale": {
						"0.0": {
							"post": [1, 1, 1],
							"lerp_mode": "catmullrom"
						},
						"0.6667": {
							"post": [1, 1, 1],
							"lerp_mode": "catmullrom"
						}
					}
				},
				"leftGarras": {
					"rotation": {
						"0.0": {
							"post": [0, 0, 0],
							"lerp_mode": "catmullrom"
						},
						"0.25": {
							"post": [80.22546, 22.96109, -154.31471],
							"lerp_mode": "catmullrom"
						},
						"0.375": {
							"post": [80.23, 22.96, -154.31],
							"lerp_mode": "catmullrom"
						},
						"0.6667": {
							"post": [80.23, 22.96, -154.31],
							"lerp_mode": "catmullrom"
						}
					},
					"position": {
						"0.0": {
							"post": [0, 0, 0],
							"lerp_mode": "catmullrom"
						},
						"0.6667": {
							"post": [0, 0, 0],
							"lerp_mode": "catmullrom"
						}
					},
					"scale": {
						"0.0": {
							"post": [1, 1, 1],
							"lerp_mode": "catmullrom"
						},
						"0.6667": {
							"post": [1, 1, 1],
							"lerp_mode": "catmullrom"
						}
					}
				}
			}
		},
		"animation.torifalcon.attack2": {
			"loop": true,
			"animation_length": 0.54167,
			"bones": {
				"corpo": {
					"rotation": {
						"0.0": {
							"post": [0, -20, 0],
							"lerp_mode": "catmullrom"
						},
						"0.1667": {
							"post": [0, -17.5, 0],
							"lerp_mode": "catmullrom"
						},
						"0.2917": {
							"post": [0, -17.5, 0],
							"lerp_mode": "catmullrom"
						},
						"0.4167": {
							"post": [0, 15, 0],
							"lerp_mode": "catmullrom"
						},
						"0.5417": {
							"post": [0, 15, 0],
							"lerp_mode": "catmullrom"
						}
					}
				},
				"bracodireito": {
					"rotation": {
						"0.0": {
							"post": [-124.03061, -7.86402, 76.41903],
							"lerp_mode": "catmullrom"
						},
						"0.1667": {
							"post": [-124.03061, -7.86402, 76.41903],
							"lerp_mode": "catmullrom"
						},
						"0.25": {
							"post": [-6.53061, -7.86402, 76.41903],
							"lerp_mode": "catmullrom"
						},
						"0.375": {
							"post": [-6.53, -7.86, 76.42],
							"lerp_mode": "catmullrom"
						},
						"0.5417": {
							"post": [-6.53, -7.86, 76.42],
							"lerp_mode": "catmullrom"
						}
					},
					"position": {
						"0.0": {
							"post": [0, 0, -4],
							"lerp_mode": "catmullrom"
						},
						"0.1667": {
							"post": [0, 0, -4],
							"lerp_mode": "catmullrom"
						},
						"0.25": {
							"post": [-1, 0, 0],
							"lerp_mode": "catmullrom"
						},
						"0.375": {
							"post": [-1, 0, 0],
							"lerp_mode": "catmullrom"
						},
						"0.5417": {
							"post": [-1, 0, 0],
							"lerp_mode": "catmullrom"
						}
					}
				},
				"rightAnte": {
					"rotation": {
						"0.0": {
							"post": [-42.5, 0, 0],
							"lerp_mode": "catmullrom"
						},
						"0.2083": {
							"post": [-42.5, 0, 0],
							"lerp_mode": "catmullrom"
						},
						"0.375": {
							"post": [2.16541, -1.2497, 29.97638],
							"lerp_mode": "catmullrom"
						},
						"0.5417": {
							"post": [2.17, -1.25, 29.98],
							"lerp_mode": "catmullrom"
						}
					}
				},
				"rightGarras": {
					"rotation": {
						"0.0": {
							"post": [37.52771, -57.51467, 92.93656],
							"lerp_mode": "catmullrom"
						},
						"0.1667": {
							"post": [20.73604, -48.44625, 55.26863],
							"lerp_mode": "catmullrom"
						},
						"0.2917": {
							"post": [20.74, -48.45, 55.27],
							"lerp_mode": "catmullrom"
						},
						"0.4583": {
							"post": [-34.68918, -69.59768, -31.19803],
							"lerp_mode": "catmullrom"
						},
						"0.5417": {
							"post": [-34.69, -69.6, -31.2],
							"lerp_mode": "catmullrom"
						}
					}
				},
				"bracoesquerdo": {
					"rotation": {
						"0.0": {
							"post": [-81.263, -43.1172, -21.22842],
							"lerp_mode": "catmullrom"
						},
						"0.1667": {
							"post": [-109.23391, -55.34514, 16.11392],
							"lerp_mode": "catmullrom"
						},
						"0.2917": {
							"post": [-109.23, -55.35, 16.11],
							"lerp_mode": "catmullrom"
						},
						"0.375": {
							"post": [-85.93521, 2.46471, -1.6427],
							"lerp_mode": "catmullrom"
						},
						"0.5417": {
							"post": [-85.94, 2.46, -1.64],
							"lerp_mode": "catmullrom"
						}
					},
					"position": {
						"0.0": {
							"post": [0, 0, 0],
							"lerp_mode": "catmullrom"
						},
						"0.2917": {
							"post": [0, 0, 0],
							"lerp_mode": "catmullrom"
						},
						"0.375": {
							"post": [0, 0, -4],
							"lerp_mode": "catmullrom"
						},
						"0.4583": {
							"post": [0, 0, -2],
							"lerp_mode": "catmullrom"
						},
						"0.5417": {
							"post": [0, 0, -2],
							"lerp_mode": "catmullrom"
						}
					}
				},
				"leftAnte": {
					"rotation": {
						"0.0": {
							"post": [-67.5, 0, 0],
							"lerp_mode": "catmullrom"
						},
						"0.2917": {
							"post": [-76.67, 0, 0],
							"lerp_mode": "catmullrom"
						},
						"0.375": {
							"post": [15, 0, 0],
							"lerp_mode": "catmullrom"
						},
						"0.5417": {
							"post": [15, 0, 0],
							"lerp_mode": "catmullrom"
						}
					}
				},
				"leftGarras": {
					"rotation": {
						"0.0": {
							"post": [92.14218, 51.64078, -96.70042],
							"lerp_mode": "catmullrom"
						},
						"0.375": {
							"post": [18.31889, 63.93289, -115.48406],
							"lerp_mode": "catmullrom"
						},
						"0.5417": {
							"post": [18.32, 63.93, -115.48],
							"lerp_mode": "catmullrom"
						}
					}
				}
			}
		},
		"animation.torifalcon.attack3": {
			"loop": true,
			"animation_length": 0.45833,
			"bones": {
				"corpo": {
					"rotation": {
						"0.0": {
							"post": [0, 22.5, 0],
							"lerp_mode": "catmullrom"
						},
						"0.125": {
							"post": [0, 27.5, 0],
							"lerp_mode": "catmullrom"
						},
						"0.25": {
							"post": [0, 27.5, 0],
							"lerp_mode": "catmullrom"
						},
						"0.3333": {
							"post": [20, -4.17, 0],
							"lerp_mode": "catmullrom"
						},
						"0.4583": {
							"post": [20, -4.17, 0],
							"lerp_mode": "catmullrom"
						}
					}
				},
				"bracodireito": {
					"rotation": {
						"0.0": {
							"post": [-0.02862, -7.49909, 75.12047],
							"lerp_mode": "catmullrom"
						},
						"0.125": {
							"post": [-3.51125, 25.12105, 77.39369],
							"lerp_mode": "catmullrom"
						},
						"0.25": {
							"post": [-3.51, 25.12, 77.39],
							"lerp_mode": "catmullrom"
						},
						"0.3333": {
							"post": [-85.83279, -13.68552, 3.11069],
							"lerp_mode": "catmullrom"
						},
						"0.4583": {
							"post": [-85.83, -13.69, 3.11],
							"lerp_mode": "catmullrom"
						}
					},
					"position": {
						"0.3333": {
							"pre": [0, 0, -5],
							"post": [0, 0, -5],
							"lerp_mode": "catmullrom"
						},
						"0.4583": {
							"post": [0, 0, -3],
							"lerp_mode": "catmullrom"
						}
					}
				},
				"rightAnte": {
					"rotation": {
						"0.0": {
							"post": [2.5, 0, 0],
							"lerp_mode": "catmullrom"
						},
						"0.125": {
							"post": [-67.5, 0, 0],
							"lerp_mode": "catmullrom"
						},
						"0.25": {
							"post": [-67.5, 0, 0],
							"lerp_mode": "catmullrom"
						},
						"0.3333": {
							"post": [10, 0, 0],
							"lerp_mode": "catmullrom"
						},
						"0.4583": {
							"post": [10, 0, 0],
							"lerp_mode": "catmullrom"
						}
					}
				},
				"rightGarras": {
					"rotation": {
						"0.0": {
							"post": [-50.20118, -37.25754, -31.02704],
							"lerp_mode": "catmullrom"
						},
						"0.125": {
							"post": [-80, 0, 0],
							"lerp_mode": "catmullrom"
						},
						"0.25": {
							"post": [-80, 0, 0],
							"lerp_mode": "catmullrom"
						},
						"0.3333": {
							"post": [-140.77508, -71.37115, -49.61296],
							"lerp_mode": "catmullrom"
						},
						"0.4583": {
							"post": [-140.78, -71.37, -49.61],
							"lerp_mode": "catmullrom"
						}
					}
				},
				"bracoesquerdo": {
					"rotation": {
						"0.0": {
							"post": [-70.57811, -2.70409, -63.95778],
							"lerp_mode": "catmullrom"
						},
						"0.125": {
							"post": [-22.82249, -4.49369, -84.00313],
							"lerp_mode": "catmullrom"
						},
						"0.25": {
							"post": [-95.32, -4.49, -84],
							"lerp_mode": "catmullrom"
						},
						"0.3333": {
							"post": [-110.32, -4.49, -84],
							"lerp_mode": "catmullrom"
						},
						"0.4583": {
							"post": [-110.32, -4.49, -84],
							"lerp_mode": "catmullrom"
						}
					},
					"position": {
						"0.0": {
							"post": [0, 0, -3],
							"lerp_mode": "catmullrom"
						},
						"0.25": {
							"post": [0, 0, -3],
							"lerp_mode": "catmullrom"
						},
						"0.3333": {
							"post": [0, 0, -4],
							"lerp_mode": "catmullrom"
						},
						"0.4583": {
							"post": [0, 0, -3],
							"lerp_mode": "catmullrom"
						}
					}
				},
				"leftAnte": {
					"rotation": {
						"0.0": {
							"post": [5, 0, 0],
							"lerp_mode": "catmullrom"
						},
						"0.125": {
							"post": [-70, 0, 0],
							"lerp_mode": "catmullrom"
						},
						"0.25": {
							"post": [-70, 0, 0],
							"lerp_mode": "catmullrom"
						},
						"0.3333": {
							"post": [12.5, 0, 0],
							"lerp_mode": "catmullrom"
						},
						"0.4583": {
							"post": [12.5, 0, 0],
							"lerp_mode": "catmullrom"
						}
					}
				},
				"leftGarras": {
					"rotation": {
						"0.0": {
							"post": [-107.5, 0, 0],
							"lerp_mode": "catmullrom"
						},
						"0.125": {
							"post": [-87.5, 0, 0],
							"lerp_mode": "catmullrom"
						},
						"0.25": {
							"post": [-87.5, 0, 0],
							"lerp_mode": "catmullrom"
						},
						"0.3333": {
							"post": [-92.5, 0, 0],
							"lerp_mode": "catmullrom"
						},
						"0.4583": {
							"post": [-92.5, 0, 0],
							"lerp_mode": "catmullrom"
						}
					}
				}
			}
		}
	}
}