{
	"format_version": "1.8.0",
	"animations": {
		"animation.triplekatana.tornado": {
			"animation_length": 0.95833,
			"bones": {
				"root": {
					"rotation": {
						"0.0": {
							"post": [25, 0, 0],
							"lerp_mode": "catmullrom"
						},
						"0.0833": {
							"post": [110.42481, -63.19404, -112.64713],
							"lerp_mode": "catmullrom"
						},
						"0.1667": {
							"post": [154.9791, -2.26564, -178.9429],
							"lerp_mode": "catmullrom"
						},
						"0.25": {
							"post": [65.10133, 62.22995, -297.68035],
							"lerp_mode": "catmullrom"
						},
						"0.3333": {
							"post": [26.05573, -15.81499, -367.59001],
							"lerp_mode": "catmullrom"
						},
						"0.4167": {
							"post": [129.37461, -56.85811, -494.42457],
							"lerp_mode": "catmullrom"
						},
						"0.5": {
							"post": [152.26879, 24.73906, -552.40748],
							"lerp_mode": "catmullrom"
						},
						"0.5833": {
							"post": [25.33761, -9.05478, -724.26175],
							"lerp_mode": "catmullrom"
						},
						"0.7083": {
							"post": [2.45018, -1.23871, -719.5592],
							"lerp_mode": "catmullrom"
						},
						"0.9583": {
							"post": [2.45, -1.24, -719.56],
							"lerp_mode": "catmullrom"
						}
					},
					"position": {
						"0.0": {
							"post": [0, 0, 6],
							"lerp_mode": "catmullrom"
						},
						"0.5833": {
							"post": [0, 0, 6],
							"lerp_mode": "catmullrom"
						},
						"0.7083": {
							"post": [0, 0, 0],
							"lerp_mode": "catmullrom"
						},
						"0.9583": {
							"post": [0, 0, 0],
							"lerp_mode": "catmullrom"
						}
					}
				},
				"rightArm": {
					"rotation": {
						"0.0": {
							"post": [-180, 0, -90],
							"lerp_mode": "catmullrom"
						},
						"0.5833": {
							"post": [-180, 0, -90],
							"lerp_mode": "catmullrom"
						},
						"0.7083": {
							"post": [-343.26366, 42.406, -310.96792],
							"lerp_mode": "catmullrom"
						},
						"0.9583": {
							"post": [-343.26, 42.41, -310.97],
							"lerp_mode": "catmullrom"
						}
					},
					"position": {
						"0.0": {
							"post": [0, 2, 0],
							"lerp_mode": "catmullrom"
						},
						"0.5833": {
							"post": [0, 2, 0],
							"lerp_mode": "catmullrom"
						},
						"0.7083": {
							"post": [0, 0, 0],
							"lerp_mode": "catmullrom"
						},
						"0.9583": {
							"post": [0, 0, 0],
							"lerp_mode": "catmullrom"
						}
					}
				},
				"leftArm": {
					"rotation": {
						"0.0": {
							"post": [0, 0, -90],
							"lerp_mode": "catmullrom"
						},
						"0.5833": {
							"post": [0, 0, -90],
							"lerp_mode": "catmullrom"
						},
						"0.7083": {
							"post": [0, 0, -20],
							"lerp_mode": "catmullrom"
						},
						"0.9583": {
							"post": [0, 0, -20],
							"lerp_mode": "catmullrom"
						}
					}
				}
			}
		}
	}
}