{
	"format_version": "1.8.0",
	"animations": {
		"animation.tsunami": {
			"animation_length": 3,
			"bones": {
				"leftTsunami": {
					"rotation": {
						"1.5833": [22.5, 0, 0],
						"2.0833": [50, 0, 0],
						"2.5833": [52.5, 0, 0],
						"2.6667": [45, 0, 0],
						"2.75": [55, 0, 0]
					},
					"position": {
						"0.0": [1135, -323, 0],
						"0.6667": [747.36, 0, 0],
						"1.4167": [159, 0, 0],
						"1.5833": [41, 0, 0],
						"2.3333": [-189, -131, 0],
						"2.5": [-446, -206, 0]
					}
				},
				"rightTsunami": {
					"rotation": {
						"1.5833": [20, 0, 0],
						"2.0833": [55, 0, 0],
						"2.3333": [67.5, 0, 0],
						"2.625": [62.5, 0, 0],
						"2.7083": [70, 0, 0]
					},
					"position": {
						"0.0": [-1090, -323, 0],
						"0.6667": [-678.3, 0, 0],
						"1.4167": [-169, 0, 0],
						"1.5833": [-101, 0, 0],
						"2.3333": [78, -141, 0],
						"2.5": [418, -148, 0]
					}
				}
			}
		}
	}
}