{
	"format_version": "1.8.0",
	"animations": {
		"animation.fcloud.chargi": {
			"loop": true,
			"animation_length": 0.5,
			"bones": {
				"corpo": {
					"position": {
						"0.0": [0, 6, 0],
						"0.5": [0, 6, 0]
					}
				},
				"bracodireito": {
					"rotation": {
						"0.0": [-3.13163, 87.46919, 35.93029],
						"0.5": [-3.13, 87.47, 35.93]
					}
				},
				"bracoesquerdo": {
					"rotation": {
						"0.0": [-1.38814, -77.48298, -40.25129],
						"0.5": [-1.39, -77.48, -40.25]
					}
				},
				"pernadireita": {
					"rotation": {
						"0.0": [-15, 0, 0],
						"0.5": [-15, 0, 0]
					}
				},
				"rightCanela": {
					"rotation": {
						"0.0": [32.5, 0, 0],
						"0.5": [32.5, 0, 0]
					}
				},
				"rightPe": {
					"rotation": {
						"0.0": [-20, 0, 0],
						"0.5": [-20, 0, 0]
					}
				},
				"pernaesquerda": {
					"rotation": {
						"0.0": [16.94197, -17.42305, 1.73772],
						"0.5": [16.94, -17.42, 1.74]
					}
				},
				"leftCanela": {
					"rotation": {
						"0.0": [-25, 0, 0],
						"0.5": [-25, 0, 0]
					}
				},
				"leftPe": {
					"rotation": {
						"0.0": [20, 0, 0],
						"0.5": [20, 0, 0]
					}
				},
				"head": {
					"rotation": {
						"0.0": [12.5, 0, 0],
						"0.5": [12.5, 0, 0]
					}
				}
			}
		}
	}
}