{
	"format_version": "1.8.0",
	"animations": {
		"animation.boro.charge": {
			"loop": true,
			"animation_length": 0.75,
			"bones": {
				"corpo": {
					"rotation": {
						"0.0": [-12.5, 0, 0],
						"0.75": [-12.5, 0, 0]
					}
				},
				"bracodireito": {
					"rotation": {
						"0.0": [-70, 0, 0],
						"0.75": [-70, 0, 0]
					}
				},
				"bracoesquerdo": {
					"rotation": {
						"0.0": [-65, 0, 0],
						"0.75": [-65, 0, 0]
					}
				},
				"pernadireita": {
					"rotation": {
						"0.0": [25.0975, -2.86838, 2.95846],
						"0.75": [25.1, -2.87, 2.96]
					}
				},
				"pernaesquerda": {
					"rotation": {
						"0.0": [30, 0, 0],
						"0.75": [30, 0, 0]
					}
				},
				"head": {
					"rotation": {
						"0.0": [27.5, 0, 0],
						"0.75": [27.5, 0, 0]
					}
				}
			},
			"particle_effects": {
				"0.0": {
					"effect": "borocharge",
					"locator": "locator"
				}
			}
		},
		"animation.boro.launch": {
			"loop": true,
			"animation_length": 0.375,
			"bones": {
				"corpo": {
					"rotation": {
						"0.0": {
							"post": [-12.5, 0, 0],
							"lerp_mode": "catmullrom"
						},
						"0.125": {
							"post": [-15, 0, 0],
							"lerp_mode": "catmullrom"
						},
						"0.2083": {
							"post": [17.5, 0, 0],
							"lerp_mode": "catmullrom"
						},
						"0.375": {
							"post": [17.5, 0, 0],
							"lerp_mode": "catmullrom"
						}
					}
				},
				"bracodireito": {
					"rotation": {
						"0.0": {
							"post": [-70, 0, 0],
							"lerp_mode": "catmullrom"
						},
						"0.125": {
							"post": [-69.12108, -9.42593, -3.45679],
							"lerp_mode": "catmullrom"
						},
						"0.2083": {
							"post": [50.87892, -9.42593, -3.45679],
							"lerp_mode": "catmullrom"
						},
						"0.375": {
							"post": [50.88, -9.43, -3.46],
							"lerp_mode": "catmullrom"
						}
					}
				},
				"bracoesquerdo": {
					"rotation": {
						"0.0": {
							"post": [-65, 0, 0],
							"lerp_mode": "catmullrom"
						},
						"0.125": {
							"post": [-64.2597, 6.82708, 3.19378],
							"lerp_mode": "catmullrom"
						},
						"0.2083": {
							"post": [42.3828, -18.29298, -8.12045],
							"lerp_mode": "catmullrom"
						},
						"0.375": {
							"post": [42.38, -18.29, -8.12],
							"lerp_mode": "catmullrom"
						}
					}
				},
				"pernadireita": {
					"rotation": {
						"0.0": {
							"post": [25.0975, -2.86838, 2.95846],
							"lerp_mode": "catmullrom"
						},
						"0.125": {
							"post": [37.5975, -2.86838, 2.95846],
							"lerp_mode": "catmullrom"
						},
						"0.2083": {
							"post": [-22.72028, -6.41777, -0.57804],
							"lerp_mode": "catmullrom"
						},
						"0.375": {
							"post": [-22.72, -6.42, -0.58],
							"lerp_mode": "catmullrom"
						}
					}
				},
				"pernaesquerda": {
					"rotation": {
						"0.0": {
							"post": [30, 0, 0],
							"lerp_mode": "catmullrom"
						},
						"0.125": {
							"post": [40, 0, 0],
							"lerp_mode": "catmullrom"
						},
						"0.2083": {
							"post": [5, 0, 0],
							"lerp_mode": "catmullrom"
						},
						"0.375": {
							"post": [5, 0, 0],
							"lerp_mode": "catmullrom"
						}
					}
				}
			},
			"particle_effects": {
				"0.0": {
					"effect": "borocharge",
					"locator": "locator"
				}
			}
		}
	}
}