{
	"format_version": "1.8.0",
	"animations": {
		"animation.yoru.stop": {
			"loop": true,
			"animation_length": 2,
			"bones": {
				"leftArm": {
					"rotation": {
						"0.0": {
							"post": [0, 0, -5],
							"lerp_mode": "catmullrom"
						},
						"1.0": {
							"post": [-15.15108, 9.84655, -6.75378],
							"lerp_mode": "catmullrom"
						},
						"2.0": {
							"post": [0, 0, -5],
							"lerp_mode": "catmullrom"
						}
					}
				},
				"rightArm": {
					"rotation": {
						"0.0": {
							"post": [0, 27.5, 0],
							"lerp_mode": "catmullrom"
						},
						"1.0": {
							"post": [-17.96378, 41.895, -5.16314],
							"lerp_mode": "catmullrom"
						},
						"2.0": {
							"post": [0, 27.5, 0],
							"lerp_mode": "catmullrom"
						}
					}
				}
			}
		},
		"animation.yoru.slash1": {
			"animation_length": 0.625,
			"bones": {
				"body": {
					"rotation": {
						"0.0": {
							"post": [0, 35, 0],
							"lerp_mode": "catmullrom"
						},
						"0.2083": {
							"post": [0, 50, 0],
							"lerp_mode": "catmullrom"
						},
						"0.3333": {
							"post": [0, -37.5, 0],
							"lerp_mode": "catmullrom"
						},
						"0.625": {
							"post": [0, -37.5, 0],
							"lerp_mode": "catmullrom"
						}
					}
				},
				"leftArm": {
					"rotation": {
						"0.0": {
							"post": [-84.57286, 54.30595, 10.55935],
							"lerp_mode": "catmullrom"
						},
						"0.2083": {
							"post": [-82.70364, 64.24599, 12.72554],
							"lerp_mode": "catmullrom"
						},
						"0.3333": {
							"post": [73.22448, -78.97355, -157.36902],
							"lerp_mode": "catmullrom"
						},
						"0.625": {
							"post": [73.22, -78.97, -157.37],
							"lerp_mode": "catmullrom"
						}
					}
				},
				"rightArm": {
					"rotation": {
						"0.0": {
							"post": [-113.41367, 3.09041, -63.12031],
							"lerp_mode": "catmullrom"
						},
						"0.2083": {
							"post": [-135.91367, 3.09041, -63.12031],
							"lerp_mode": "catmullrom"
						},
						"0.3333": {
							"post": [-20.91367, 3.09041, -63.12031],
							"lerp_mode": "catmullrom"
						},
						"0.625": {
							"post": [-20.91, 3.09, -63.12],
							"lerp_mode": "catmullrom"
						}
					}
				}
			},
			"particle_effects": {
				"0.3333": {
					"effect": "yslash1"
				}
			}
		},
		"animation.yoru.slash2": {
			"animation_length": 0.625,
			"bones": {
				"rightArm": {
					"rotation": {
						"0.0": {
							"post": [-86.73847, -38.96482, 48.1126],
							"lerp_mode": "catmullrom"
						},
						"0.25": {
							"post": [-102.90516, -28.64831, 65.89004],
							"lerp_mode": "catmullrom"
						},
						"0.375": {
							"post": [52.09484, -28.64831, 65.89004],
							"lerp_mode": "catmullrom"
						},
						"0.625": {
							"post": [52.09, -28.65, 65.89],
							"lerp_mode": "catmullrom"
						}
					}
				},
				"body": {
					"rotation": {
						"0.0": {
							"post": [0, -20, 0],
							"lerp_mode": "catmullrom"
						},
						"0.25": {
							"post": [0, -30, 0],
							"lerp_mode": "catmullrom"
						},
						"0.375": {
							"post": [0, 20, 0],
							"lerp_mode": "catmullrom"
						},
						"0.625": {
							"post": [0, 20, 0],
							"lerp_mode": "catmullrom"
						}
					}
				},
				"leftArm": {
					"rotation": {
						"0.0": {
							"post": [0, 0, -17.5],
							"lerp_mode": "catmullrom"
						},
						"0.25": {
							"post": [12.5, 0, -17.5],
							"lerp_mode": "catmullrom"
						},
						"0.375": {
							"post": [-35, 0, -17.5],
							"lerp_mode": "catmullrom"
						},
						"0.625": {
							"post": [-35, 0, -17.5],
							"lerp_mode": "catmullrom"
						}
					}
				}
			},
			"particle_effects": {
				"0.375": {
					"effect": "yslash2"
				}
			}
		},
		"animation.yoru.slash3": {
			"animation_length": 0.58333,
			"bones": {
				"body": {
					"rotation": {
						"0.0": {
							"post": [0, 0, 0],
							"lerp_mode": "catmullrom"
						},
						"0.2083": {
							"post": [0, -12.5, 0],
							"lerp_mode": "catmullrom"
						},
						"0.3333": {
							"post": [0, 27.5, 0],
							"lerp_mode": "catmullrom"
						},
						"0.5833": {
							"post": [0, 27.5, 0],
							"lerp_mode": "catmullrom"
						}
					}
				},
				"leftArm": {
					"rotation": {
						"0.0": {
							"post": [-260.42476, -74.79781, 170.75394],
							"lerp_mode": "catmullrom"
						},
						"0.2083": {
							"post": [-266.11419, -49.93505, 177.02424],
							"lerp_mode": "catmullrom"
						},
						"0.3333": {
							"post": [-92.5, 0, 0],
							"lerp_mode": "catmullrom"
						},
						"0.5833": {
							"post": [-92.5, 0, 0],
							"lerp_mode": "catmullrom"
						}
					}
				},
				"rightArm": {
					"rotation": {
						"0.0": {
							"post": [-115, 0, 87.5],
							"lerp_mode": "catmullrom"
						},
						"0.2083": {
							"post": [-122.5, 0, 87.5],
							"lerp_mode": "catmullrom"
						},
						"0.3333": {
							"post": [67.5, 0, 87.5],
							"lerp_mode": "catmullrom"
						},
						"0.5833": {
							"post": [67.5, 0, 87.5],
							"lerp_mode": "catmullrom"
						}
					}
				}
			},
			"particle_effects": {
				"0.3333": {
					"effect": "yslash3"
				}
			}
		},
		"animation.yoru.skill": {
			"animation_length": 0.58333,
			"bones": {
				"waist": {
					"rotation": {
						"0.0": {
							"post": [-22.5, 0, 0],
							"lerp_mode": "catmullrom"
						},
						"0.2083": {
							"post": [-32.5, 0, 0],
							"lerp_mode": "catmullrom"
						},
						"0.3333": {
							"post": [30, 0, 0],
							"lerp_mode": "catmullrom"
						},
						"0.5833": {
							"post": [30, 0, 0],
							"lerp_mode": "catmullrom"
						}
					}
				},
				"leftArm": {
					"rotation": {
						"0.0": {
							"post": [-155, 0, 0],
							"lerp_mode": "catmullrom"
						},
						"0.2083": {
							"post": [-90, 0, 0],
							"lerp_mode": "catmullrom"
						},
						"0.3333": {
							"post": [85, 0, 0],
							"lerp_mode": "catmullrom"
						},
						"0.5833": {
							"post": [85, 0, 0],
							"lerp_mode": "catmullrom"
						}
					}
				},
				"rightArm": {
					"rotation": {
						"0.0": {
							"post": [-150.41103, -5.71617, 8.21888],
							"lerp_mode": "catmullrom"
						},
						"0.2083": {
							"post": [-180.41103, -5.71617, 8.21888],
							"lerp_mode": "catmullrom"
						},
						"0.3333": {
							"post": [-32.91103, -5.71617, 8.21888],
							"lerp_mode": "catmullrom"
						},
						"0.5833": {
							"post": [-32.91, -5.72, 8.22],
							"lerp_mode": "catmullrom"
						}
					}
				}
			}
		}
	}
}