{  "format_version": "1.10.0",	"minecraft:entity": {    "description": {      "identifier": "jedy:dmt_gas",      "is_spawnable": false,      "is_summonable": true,      "is_experimental": false,      "runtime_identifier": "jedy:dmt_gas"    },	"components": {     "minecraft:type_family": {       "family": [ "jedy_dmtgas" ]     },        "minecraft:behavior.knockback_roar": {          "priority": 1,          "duration": 0.1,          "attack_time": 0.1,          "knockback_damage": 0,          "knockback_strength": 17,          "knockback_range": 2,          "knockback_filters": {            "test": "is_family",            "subject": "other",            "operator": "=",            "value": "player"          },          "damage_filters": {            "test": "is_family",            "subject": "other",            "operator": "=",            "value": "none"          },          "cooldown_time": 0.1        },     "minecraft:explode": {      "fuseLength": 1,      "fuseLit": true,      "power": 0,      "fireAffectedByGriefing": true,      "destroyAffectedByGriefing": true,      "breaks_blocks": false     },     "minecraft:damage_sensor": [       {        "cause": "all",        "deals_damage": false       }     ],     "minecraft:collision_box": {		"width": 0.251606,		"height": 0.251606     },     "minecraft:scale": {       "value": 0.0     },         "minecraft:physics": {           "has_gravity": false,           "has_collision": false         }		}	}}