{
	"format_version": "1.16.100",
	"minecraft:entity": {
		"description": {
			"identifier": "jedy:kamuigo",
			"is_spawnable": true,
			"is_summonable": true,
			"is_experimental": false,
	  "scripts": {
	    "animate": [ "walk" ]
	  },
	  "animations": {
	    "walk": "copia.mais.menkkk"
	  }
    },
	"component_groups": {
	  "minecraft:vanish": {
	    "minecraft:transformation": {
		  "into": "minecraft:area_effect_cloud"
		}
	  }
	},

    "components": {
      "minecraft:breathable": {
        "totalSupply": 15,
        "suffocateTime": 0
      },
      "minecraft:nameable": {
      },
	  "minecraft:timer": {
	    "looping": false,
		"randomInterval": false,
		"time": 5,
		"time_down_event": {
		  "event": "minecraft:event_vanish"
		}
	  },
            "minecraft:loot": {
                "table": "loot_tables/entities/lord.json"
            },

      "minecraft:type_family": {
        "family": [ "lord" ]
      },
      "minecraft:collision_box": {
        "width": 1.0,
        "height": 1.0
      },
      "minecraft:movement": {
        "value": 0.0
      },
      "minecraft:navigation.walk": {
        "can_path_over_water": true
      },
      "minecraft:movement.basic": {
        
      },
      "minecraft:jump.static": {
      },
      "minecraft:can_climb": {
      },
		  "minecraft:health": {
        "value": 99999,
        "max": 99999
      },
     

      "minecraft:behavior.float": {
        "priority": 0
      },

      "minecraft:behavior.melee_attack": {
        "priority": 3,
        "speed_multiplier": 1,
        "track_target": true
      },


      "minecraft:behavior.random_stroll": {
        "priority": 6,
        "speed_multiplier": 1
      },
	    "minecraft:physics": {
      }
    },
	
	"events": {
	  "minecraft:event_vanish": {
	    "add": {
		  "component_groups": [
		    "minecraft:vanish"
		  ]
		}
	  }
	}
  }
}