{
  "resource_pack_name": "vanilla",
  "texture_name": "atlas.items",
  "texture_data": {
    "all_for_one_suit": {
      "textures": "textures/items/all_for_one_suit"
    },
    "all_might_suit": {
      "textures": "textures/items/all_might_suit"
    },
    "bakugou_suit": {
      "textures": "textures/items/bakugou_suit"
    },
    "chargezuma_suit": {
      "textures": "textures/items/chargezuma_suit"
    },
    "deku_suit": {
      "textures": "textures/items/deku_suit"
    },
    "endeavor_suit": {
      "textures": "textures/items/endeavor_suit"
    },
    "eraser_suit": {
      "textures": "textures/items/eraser_suit"
    },
    "hawks_suit": {
      "textures": "textures/items/hawks_suit"
    },
    "katana_stain": {
      "textures": "textures/items/katana_stain"
    },
    "lemillion_suit": {
      "textures": "textures/items/lemillion_suit"
    },
    "mirko_suit": {
      "textures": "textures/items/mirko_suit"
    },
    "menu": {
      "textures": "textures/items/menu"
    },
    "money": {
      "textures": "textures/items/money"
    },
    "overhaul_suit": {
      "textures": "textures/items/overhaul_suit"
    },
    "rule_suit": {
      "textures": "textures/items/rule_suit"
    },
    "shigaraki_suit": {
      "textures": "textures/items/shigaraki_suit"
    },
    "shoto_suit": {
      "textures": "textures/items/shoto_suit"
    },
    "stain_suit": {
      "textures": "textures/items/stain_suit"
    },
    "red_riot_suit": {
      "textures": "textures/items/red_riot_suit"
    },
    "tsukuyomi_suit": {
      "textures": "textures/items/tsukuyomi_suit"
    },
    "uravity_suit": {
      "textures": "textures/items/uravity_suit"
    },
    
    "quirk": {
      "textures": "textures/items/quirk"
    },
    "quirk_all_for_one": {
      "textures": "textures/items/quirk_all_for_one"
    },
    "quirk_black_whip": {
      "textures": "textures/items/quirk_black_whip"
    },
    "quirk_blood_curdle": {
      "textures": "textures/items/quirk_blood_curdle"
    },
    "quirk_clones": {
      "textures": "textures/items/quirk_clones"
    },
    "quirk_copy": {
      "textures": "textures/items/quirk_copy"
    },
    "quirk_cremation": {
      "textures": "textures/items/quirk_cremation"
    },
    "quirk_dark_shadow": {
      "textures": "textures/items/quirk_dark_shadow"
    },
    "quirk_decay": {
      "textures": "textures/items/quirk_decay"
    },
    "quirk_danger_sensor": {
      "textures": "textures/items/quirk_danger_sensor"
    },
    "quirk_electrification": {
      "textures": "textures/items/quirk_electrification"
    },
    "quirk_erasure": {
      "textures": "textures/items/quirk_erasure"
    },
    "quirk_explosion": {
      "textures": "textures/items/quirk_explosion"
    },
    "quirk_fierce_wings": {
      "textures": "textures/items/quirk_fierce_wings"
    },
    "quirk_float": {
      "textures": "textures/items/quirk_float"
    },
    "quirk_giant": {
      "textures": "textures/items/quirk_giant"
    },
    "quirk_halfcold_halfhot": {
      "textures": "textures/items/quirk_halfcold_halfhot"
    },
    "quirk_hell_flame": {
      "textures": "textures/items/quirk_hell_flame"
    },
    "quirk_ice": {
      "textures": "textures/items/quirk_ice"
    },
    "quirk_muscle": {
      "textures": "textures/items/quirk_muscle"
    },
    "quirk_one_for_all": {
      "textures": "textures/items/quirk_one_for_all"
    },
    "quirk_overhaul": {
      "textures": "textures/items/quirk_overhaul"
    },
    "quirk_permeation": {
      "textures": "textures/items/quirk_permeation"
    },
    "quirk_rabbit": {
      "textures": "textures/items/quirk_rabbit"
    },
    "quirk_random": {
      "textures": "textures/items/quirk_random"
    },
    "quirk_regeneration": {
      "textures": "textures/items/quirk_regeneration"
    },
    "quirk_size": {
      "textures": "textures/items/quirk_size"
    },
    "quirk_smoke_screen": {
      "textures": "textures/items/quirk_smoke_screen"
    },
    "quirk_warp_gate": {
      "textures": "textures/items/quirk_warp_gate"
    },
    "quirk_zero_gravity": {
      "textures": "textures/items/quirk_zero_gravity"
    }
  }
}