{
  "format_version": "1.21.10",
  "minecraft:item": {
    "description": {
      "identifier": "wesl3y:ame_no_habakiri",
      "menu_category": {
        "category": "equipment",
        "group": "itemGroup.name.sword"
      }
    },
    "components": {
      "minecraft:tags": {
        "tags": [
          "first_person",
          "katana",
          "espada",
          "3skills",
          "style"
        ]
      },
      "minecraft:enchantable": {
        "value": 10,
        "slot": "sword"
      },
      "minecraft:durability":{
        "max_durability": 1000
      },
      "minecraft:damage": 12,
      "minecraft:max_stack_size": 1,
      "minecraft:hand_equipped": true,
      "minecraft:allow_off_hand": true,
      "minecraft:icon": {
        "textures": {
          "default": "ame_no_habakiri"
        }
      },
      "minecraft:display_name": {
        "value": "Ame no Habakiri"
      }
    }
  }
}