{
  "format_version": "1.21.10",
  "minecraft:item": {
    "description": {
      "identifier": "wesl3y:mogura",
      "menu_category": {
        "category": "equipment",
        "group": "itemGroup.name.sword"
      }
    },
    "components": {
      "minecraft:tags": {
        "tags": [
          "first_person",
          "espada",
          "3skills",
          "style"
        ]
      },
      "minecraft:use_modifiers": {
        "movement_modifier": 0.35,
        "use_duration": 99999
      },
      "minecraft:enchantable": {
        "value": 10,
        "slot": "sword"
      },
      "minecraft:durability":{
        "max_durability": 1000
      },
      "minecraft:damage": 8,
      "minecraft:max_stack_size": 1,
      "minecraft:hand_equipped": true,
      "minecraft:icon": {
        "textures": {
          "default": "mogura"
        }
      },
      "minecraft:display_name": {
        "value": "Mogura\n§f(Default)§f"
      },
      "minecraft:custom_components": [
        "wesl3y:mogura"
      ]
    }
  }
}/*
      "minecraft:on_use": {
        "on_use": {
          "event": "using",
          "target": "self"
        }
      }
    },
    "events": {
      "using": {
        "sequence": [
          {
            "condition": "query.property('wesl3y:empty') == 0 && query.property('wesl3y:skill') == 0 && query.scoreboard('slotSkill2') == 0 && query.scoreboard('2cooldown1') == 0 && query.scoreboard('hurtCur') == 0 && !q.is_sneaking && !query.is_riding",
            "run_command": {
              "command": [
                "tellraw @s[scores={styleMaes=..0}] {\"rawtext\":[{\"text\":\"§c\"}, {\"translate\":\"text.requires\"}, {\"text\":\"Style 1\"}]}",
                "tellraw @s[scores={styleMaes=1..,energyCur=..49}] {\"rawtext\":[{\"text\":\"§c\"}, {\"translate\":\"text.requires\"}, {\"text\":\"Energy 1\"}]}",
                "event entity @s[scores={styleMaes=1..,energyCur=50..}] wesl3y:skill1"
              ]
            }
          },
          {
            "condition": "query.property('wesl3y:empty') == 0 && query.property('wesl3y:skill') == 0 && query.scoreboard('slotSkill2') == 1 && query.scoreboard('2cooldown2') == 0 && query.scoreboard('hurtCur') == 0 && !q.is_sneaking && !query.is_riding",
            "run_command": {
              "command": [
                "tellraw @s[scores={styleMaes=..49}] {\"rawtext\":[{\"text\":\"§c\"}, {\"translate\":\"text.requires\"}, {\"text\":\"Style 50\"}]}",
                "tellraw @s[scores={styleMaes=50..,energyCur=..49}] {\"rawtext\":[{\"text\":\"§c\"}, {\"translate\":\"text.requires\"}, {\"text\":\"Energy 50\"}]}",
                "event entity @s[scores={styleMaes=50..,energyCur=50..}] wesl3y:skill2"
              ]
            }
          },
          {
            "condition": "query.property('wesl3y:empty') == 0 && query.property('wesl3y:skill') == 0 && query.scoreboard('slotSkill2') >= 2 && query.scoreboard('2cooldown3') == 0 && query.scoreboard('hurtCur') == 0 && !q.is_sneaking && !query.is_riding",
            "run_command": {
              "command": [
                "tellraw @s[scores={styleMaes=..99}] {\"rawtext\":[{\"text\":\"§c\"}, {\"translate\":\"text.requires\"}, {\"text\":\"Style 100\"}]}",
                "tellraw @s[scores={styleMaes=100..,energyCur=..49}] {\"rawtext\":[{\"text\":\"§c\"}, {\"translate\":\"text.requires\"}, {\"text\":\"Energy 50\"}]}",
                "event entity @s[scores={styleMaes=100..,energyCur=50..}] wesl3y:skill3"
              ]
            }
          }
        ]
      }
    }
  }
}*/