
{
	"format_version": "1.20.30",
	"minecraft:entity": {
		"description": {
			"properties":{
				"property:hair": { 
					"type": "int", 
					"range": [0, 100], 
					"default": 0,
					"client_sync": true
				},
				"property:top": { 
					"type": "int", 
					"range": [0, 100], 
					"default": 0,
					"client_sync": true
				},
				"property:bottom": { 
					"type": "int", 
					"range": [0, 100], 
					"default": 0,
					"client_sync": true
				},
				"property:skin": { 
					"type": "int", 
					"range": [0, 10], 
					"default": 0,
					"client_sync": true
				},
				"property:eyes": { 
					"type": "int", 
					"range": [0, 100], 
					"default": 0,
					"client_sync": true
				},
				"property:sclera": { 
					"type": "int", 
					"range": [0, 100], 
					"default": 0,
					"client_sync": true
				},
				"property:pupil": { 
					"type": "int", 
					"range": [0, 100], 
					"default": 0,
					"client_sync": true
				},
				"property:marking": { 
					"type": "int", 
					"range": [0, 100], 
					"default": 0,
					"client_sync": true
				},
				"property:uniform": { 
					"type": "int", 
					"range": [0, 10], 
					"default": 0,
					"client_sync": true
				},
				"property:character": { 
					"type": "int", 
					"range": [0, 10], 
					"default": 0,
					"client_sync": true
				},
				"property:haoribase": { 
					"type": "int", 
					"range": [0, 100], 
					"default": 0,
					"client_sync": true
				},
				"property:haoripattern": { 
					"type": "int", 
					"range": [0, 100], 
					"default": 0,
					"client_sync": true
				},
				"property:headcosmetic": { 
					"type": "int", 
					"range": [0, 100], 
					"default": 0,
					"client_sync": true
				},
				"property:kimono": { 
					"type": "int", 
					"range": [0, 100], 
					"default": 0,
					"client_sync": true
				},
				
				"property:headcosmeticcolor": { 
					"type": "int", 
					"range": [0, 100], 
					"default": 0,
					"client_sync": true
				},
				
				"property:sheathcolor":{
					"type": "enum",
					"values":[
					"off",
					"black",
					"white",
					"gray"
					],
   				 "default": "off",
   				 "client_sync": true
				},
				"property:slayermark":{
					"type": "enum",
					"values":[
					"off",
					"sun",
					"moon",
					"thunder",
					"water",
					"flame",
					"wind",
					"stone",
					"sound",
					"serpent",
					"flower",
					"insect",
					"love",
					"beast",
					"mist"
					],
   				 "default": "off",
   				 "client_sync": true
				},
			"property:bladecolor":{
					"type": "enum",
					"values":[
					"off",
					"black",
					"white",
					"gray",
					"red",
					"blue",
					"yellow",
					"pink",
					"purple",
					"green",
					"indigo",
					"orange",
					"cyan",
					"blood"
					],
   				 "default": "off",
   				 "client_sync": true
				},
			"property:bladetype":{
					"type": "enum",
					"values":[
					"off",
					"wave",
					"curl",
					"crackle",
					"stripe",
					"bloodwave",
					"bloodcurl",
					"bloodcrackle",
					"bloodstripe",
					"pure",
					"kusarigama",
					"rapier",
					"bend",
					"whip"
					],
   				 "default": "off",
   				 "client_sync": true
				},
				"property:tsuba":{
					"type": "enum",
					"values":[
					"off",
					"base",
					"tanjiro",
					"zenitsu",
					"rengoku",
					"giyuu",
					"shinobu",
					"tengen",
					"muichiro",
					"mitsuri",
					"sanemi",
					"obanai",
					"yoriichi"
					],
   				 "default": "off",
   				 "client_sync": true
				},
				"property:tsukaend":{
					"type": "enum",
					"values":[
					"off",
					"black",
					"silver",
					"gold"
					],
   				 "default": "off",
   				 "client_sync": true
				},
				"property:sheathed_tsukaend":{
					"type": "enum",
					"values":[
					"off",
					"black",
					"silver",
					"gold"
					],
   				 "default": "off",
   				 "client_sync": true
				},
				
				"property:tsukaout":{
					"type": "enum",
					"values":[
					"off",
					"black",
					"white",
					"gray"
					],
   				 "default": "off",
   				 "client_sync": true
				},
				"property:sheathed_tsukaout":{
					"type": "enum",
					"values":[
					"off",
					"black",
					"white",
					"gray"
					],
   				 "default": "off",
   				 "client_sync": true
				},
				
				"property:tsukain":{
					"type": "enum",
					"values":[
					"off",
					"black",
					"white",
					"gray",
					"red",
					"blue",
					"yellow",
					"pink",
					"purple",
					"green",
					"indigo",
					"orange",
					"cyan"
					],
   				 "default": "off",
   				 "client_sync": true
				},
				"property:sheathed_tsukain":{
					"type": "enum",
					"values":[
					"off",
					"black",
					"white",
					"gray",
					"red",
					"blue",
					"yellow",
					"pink",
					"purple",
					"green",
					"indigo",
					"orange",
					"cyan"
					],
   				 "default": "off",
   				 "client_sync": true
				}
				
				
	},
			"identifier": "ds:basic_demon",
			"is_spawnable": true,
			"is_summonable": true,
			"is_experimental": false,
			"scripts": {
				"animate": [
					"bridge_execute_commands"
				]
			},
			"animations": {
				"bridge_execute_commands": "controller.animation.bridge_basic_demon.execute_commands"
			}
		},
		"component_groups": {
			"ds:basic_demon_adult": {
				"minecraft:movement": {
					"value": 0.1
				},
				"minecraft:rideable": {
					"seat_count": 1,
					"family_types": [
						"basic_demon"
					],
					"seats": {
						"position": [
							0,
							1.1,
							-0.35
						],
						"lock_rider_rotation": 0
					}
				},
				"minecraft:behavior.mount_pathing": {
					"priority": 2,
					"speed_multiplier": 1.25,
					"target_dist": 0,
					"track_target": true
				}
			},
			"bridge:execute_command_id_1": {
				"minecraft:skin_id": {
					"value": 1
				}
			},
			"bridge:execute_no_command": {
				"minecraft:skin_id": {
					"value": 0
				}
			}
		},
		"components": {
			"minecraft:nameable": {},
			"minecraft:type_family": {
				"family": [
					"demon"
				]
			},
			"minecraft:collision_box": {
				"width": 0.6,
				"height": 1.9
			},
			"minecraft:movement.basic": {},
			"minecraft:navigation.walk": {
				"is_amphibious": true,
				"can_pass_doors": true,
				"can_walk": true,
				"can_break_doors": true
			},
			"minecraft:annotation.break_door": {},
			"minecraft:jump.static": {},
			"minecraft:can_climb": {},
			"minecraft:health": {
				"value": 40,
				"max": 40
			},
			"minecraft:hurt_on_condition": {
				"damage_conditions": [
					{
						"filters": {
							"test": "in_lava",
							"subject": "self",
							"operator": "==",
							"value": true
						},
						"cause": "lava",
						"damage_per_tick": 4
					}
				]
			},
			"minecraft:breathable": {
				"total_supply": 15,
				"suffocate_time": 0,
				"breathes_air": true,
				"breathes_water": true
			},
			"minecraft:attack": {
				"damage": 0
			},
			"minecraft:behavior.melee_attack": {
        "priority": 3,
        "track_target": true,
		"speed_multiplier": 0.9,
		"reach_multiplier": 1,
           "on_attack": {
                        "event": "demon_attack"
                    }
      },
			"minecraft:behavior.stomp_turtle_egg": {
				"priority": 4,
				"speed_multiplier": 1,
				"search_range": 10,
				"search_height": 3,
				"goal_radius": 1.14,
				"search_count": 4,
				"interval": 20
			},
			"minecraft:behavior.move_towards_restriction": {
				"priority": 5,
				"speed_multiplier": 3
			},
			"minecraft:behavior.random_stroll": {
				"priority": 6,
				"speed_multiplier": 0.5
			},
			"minecraft:behavior.look_at_player": {
				"priority": 10,
				"look_distance": 35,
				"probability": 1
			},
			"minecraft:behavior.random_look_around": {
				"priority": 7
			},
			"minecraft:behavior.hurt_by_target": {
				"priority": 1
			},
			"minecraft:behavior.nearest_attackable_target": {
				"priority": 2,
				"within_radius": 25,
				"reselect_targets": true,
				"entity_types": [
					{
						"filters": {
							"any_of": [
								{
                      "test":"is_family",
                      "subject":"other",
                      "operator":"!=",
                      "value":"demon"
                  }
							]
						},
						"max_dist": 35
					},
					{
						"filters": {
							"any_of": [
								{
									"test": "is_family",
									"subject": "other",
									"value": "villager"
								},
								{
									"test": "is_family",
									"subject": "other",
									"value": "wandering_trader"
								}
							]
						},
						"max_dist": 35,
						"must_see": false
					},
					{
						"filters": {
							"all_of": [
								{
									"test": "is_family",
									"subject": "other",
									"value": "baby_turtle"
								},
								{
									"test": "in_water",
									"subject": "other",
									"operator": "!=",
									"value": true
								}
							]
						},
						"max_dist": 35
					}
				],
				"must_see": true,
				"must_see_forget_duration": 17
			},
			"minecraft:physics": {},
			"minecraft:pushable": {
				"is_pushable": true,
				"is_pushable_by_piston": true
			},
			"minecraft:burns_in_daylight": {},
			"minecraft:on_death": {
				"event": "ds:join_corps"
			}
		},
		"events": {
			"demon_attack": {
			"run_command": {
				"command": [
					"execute as @s at @s run tag @s add basicdemonattack"
				]
			}
		},
					"ds:haori_off": {
                "set_property": {
					"property:haoribase": 0
				}
            },
			"ds:haoripattern_off": {
                "set_property": {
					"property:haoripattern": 0
				}
            },
			"ds:kimono_off": {
                "set_property": {
					"property:kimono": 0
				}
            },
			"ds:top_off": {
                "set_property": {
					"property:top": 0
				}
            },
			"ds:top_akaza_black": {
                "set_property": {
					"property:top": 1
				}
            },
			"ds:top_akaza_blue": {
                "set_property": {
					"property:top": 2
				}
            },
			"ds:top_akaza_cyan": {
                "set_property": {
					"property:top": 3
				}
            },
			"ds:top_akaza_green": {
                "set_property": {
					"property:top": 4
				}
            },
			"ds:top_akaza_orange": {
                "set_property": {
					"property:top": 5
				}
            },
			"ds:top_akaza_pink": {
                "set_property": {
					"property:top": 6
				}
            },
			"ds:top_akaza_purple": {
                "set_property": {
					"property:top": 7
				}
            },
			"ds:top_akaza_red": {
                "set_property": {
					"property:top": 8
				}
            },
			"ds:top_akaza_white": {
                "set_property": {
					"property:top": 9
				}
            },
			"ds:top_akaza_yellow": {
                "set_property": {
					"property:top": 10
				}
            },
			"ds:top_gyutaro_black": {
                "set_property": {
					"property:top": 11
				}
            },
			"ds:top_gyutaro_blue": {
                "set_property": {
					"property:top": 12
				}
            },
			"ds:top_gyutaro_cyan": {
                "set_property": {
					"property:top": 13
				}
            },
			"ds:top_gyutaro_green": {
                "set_property": {
					"property:top": 14
				}
            },
			"ds:top_gyutaro_orange": {
                "set_property": {
					"property:top": 15
				}
            },
			"ds:top_gyutaro_pink": {
                "set_property": {
					"property:top": 16
				}
            },
			"ds:top_gyutaro_purple": {
                "set_property": {
					"property:top": 17
				}
            },
			"ds:top_gyutaro_red": {
                "set_property": {
					"property:top": 18
				}
            },
			"ds:top_gyutaro_white": {
                "set_property": {
					"property:top": 19
				}
            },
			"ds:top_gyutaro_yellow": {
                "set_property": {
					"property:top": 20
				}
            },
			
			
			"ds:bottom_off": {
                "set_property": {
					"property:bottom": 0
				}
            },
			
			"ds:bottom_akaza_black": {
                "set_property": {
					"property:bottom": 1
				}
            },
			"ds:bottom_akaza_blue": {
                "set_property": {
					"property:bottom": 2
				}
            },
			"ds:bottom_akaza_cyan": {
                "set_property": {
					"property:bottom": 3
				}
            },
			"ds:bottom_akaza_green": {
                "set_property": {
					"property:bottom": 4
				}
            },
			"ds:bottom_akaza_orange": {
                "set_property": {
					"property:bottom": 5
				}
            },
			"ds:bottom_akaza_pink": {
                "set_property": {
					"property:bottom": 6
				}
            },
			"ds:bottom_akaza_purple": {
                "set_property": {
					"property:bottom": 7
				}
            },
			"ds:bottom_akaza_red": {
                "set_property": {
					"property:bottom": 8
				}
            },
			"ds:bottom_akaza_white": {
                "set_property": {
					"property:bottom": 9
				}
            },
			"ds:bottom_akaza_yellow": {
                "set_property": {
					"property:bottom": 10
				}
            },
			
			"ds:bottom_gyutaro_black": {
                "set_property": {
					"property:bottom": 11
				}
            },
			"ds:bottom_gyutaro_blue": {
                "set_property": {
					"property:bottom": 12
				}
            },
			"ds:bottom_gyutaro_cyan": {
                "set_property": {
					"property:bottom": 13
				}
            },
			"ds:bottom_gyutaro_green": {
                "set_property": {
					"property:bottom": 14
				}
            },
			"ds:bottom_gyutaro_orange": {
                "set_property": {
					"property:bottom": 15
				}
            },
			"ds:bottom_gyutaro_pink": {
                "set_property": {
					"property:bottom": 16
				}
            },
			"ds:bottom_gyutaro_purple": {
                "set_property": {
					"property:bottom": 17
				}
            },
			"ds:bottom_gyutaro_red": {
                "set_property": {
					"property:bottom": 18
				}
            },
			"ds:bottom_gyutaro_white": {
                "set_property": {
					"property:bottom": 19
				}
            },
			"ds:bottom_gyutaro_yellow": {
                "set_property": {
					"property:bottom": 20
				}
            },
			"ds:top_rui_black": {
                "set_property": {
					"property:top": 21
				}
            },
			"ds:top_rui_blue": {
                "set_property": {
					"property:top": 22
				}
            },
			"ds:top_rui_cyan": {
                "set_property": {
					"property:top": 23
				}
            },
			"ds:top_rui_green": {
                "set_property": {
					"property:top": 24
				}
            },
			"ds:top_rui_orange": {
                "set_property": {
					"property:top": 25
				}
            },
			"ds:top_rui_pink": {
                "set_property": {
					"property:top": 26
				}
            },
			"ds:top_rui_purple": {
                "set_property": {
					"property:top": 27
				}
            },
			"ds:top_rui_red": {
                "set_property": {
					"property:top": 28
				}
            },
			"ds:top_rui_white": {
                "set_property": {
					"property:top": 29
				}
            },
			"ds:top_rui_yellow": {
                "set_property": {
					"property:top": 30
				}
            },
			
			"ds:no_head_cosmetic": {
                "set_property": {
					"property:headcosmetic": 0
				}
			},
			"ds:no_head_cosmetic_color": {
                "set_property": {
					"property:headcosmeticcolor": 0
				}
			},
			"ds:demon_sclera_off": {
                "set_property": {
					"property:sclera": 0
				}
			},
			"ds:demon_pupil_off": {
                "set_property": {
					"property:pupil": 0
				}
			},
			"ds:demon_marking_off": {
                "set_property": {
					"property:marking": 0
				}
			},
			"ds:demon_akaza_yellow": {
                "set_property": {
					"property:marking": 10
				}
			},
			"ds:demon_akaza_black": {
                "set_property": {
					"property:marking": 1
				}
			},
			"ds:demon_akaza_blue": {
                "set_property": {
					"property:marking": 2
				}
			},
			"ds:demon_akaza_cyan": {
                "set_property": {
					"property:marking": 3
				}
			},
			"ds:demon_akaza_green": {
                "set_property": {
					"property:marking": 4
				}
			},
			"ds:demon_akaza_orange": {
                "set_property": {
					"property:marking": 5
				}
			},
			"ds:demon_akaza_pink": {
                "set_property": {
					"property:marking": 6
				}
			},
			"ds:demon_akaza_purple": {
                "set_property": {
					"property:marking": 7
				}
			},
			"ds:demon_akaza_red": {
                "set_property": {
					"property:marking": 8
				}
			},
			"ds:demon_akaza_white": {
                "set_property": {
					"property:marking": 9
				}
			},
			
			
			"ds:demon_slasher_black": {
                "set_property": {
					"property:marking": 11
				}
			},
			"ds:demon_slasher_blue": {
                "set_property": {
					"property:marking": 12
				}
			},
			"ds:demon_slasher_cyan": {
                "set_property": {
					"property:marking": 13
				}
			},
			"ds:demon_slasher_green": {
                "set_property": {
					"property:marking": 14
				}
			},
			"ds:demon_slasher_orange": {
                "set_property": {
					"property:marking": 15
				}
			},
			"ds:demon_slasher_pink": {
                "set_property": {
					"property:marking": 16
				}
			},
			"ds:demon_slasher_purple": {
                "set_property": {
					"property:marking": 17
				}
			},
			"ds:demon_slasher_red": {
                "set_property": {
					"property:marking": 18
				}
			},
			"ds:demon_slasher_white": {
                "set_property": {
					"property:marking": 19
				}
			},
			"ds:demon_slasher_yellow": {
                "set_property": {
					"property:marking": 20
				}
			},
			
			
			
			"ds:demon_spider_black": {
                "set_property": {
					"property:marking": 21
				}
			},
			"ds:demon_spider_blue": {
                "set_property": {
					"property:marking": 22
				}
			},
			"ds:demon_spider_cyan": {
                "set_property": {
					"property:marking": 23
				}
			},
			"ds:demon_spider_green": {
                "set_property": {
					"property:marking": 24
				}
			},
			"ds:demon_spider_orange": {
                "set_property": {
					"property:marking": 25
				}
			},
			"ds:demon_spider_pink": {
                "set_property": {
					"property:marking": 26
				}
			},
			"ds:demon_spider_purple": {
                "set_property": {
					"property:marking": 27
				}
			},
			"ds:demon_spider_red": {
                "set_property": {
					"property:marking": 28
				}
			},
			"ds:demon_spider_white": {
                "set_property": {
					"property:marking": 29
				}
			},
			"ds:demon_spider_yellow": {
                "set_property": {
					"property:marking": 30
				}
			},
			
			
			"ds:tusks": {
                "set_property": {
					"property:headcosmetic": 11
				}
			},
			"ds:horns": {
                "set_property": {
					"property:headcosmetic": 12
				}
			},
			"ds:horn": {
                "set_property": {
					"property:headcosmetic": 13
				}
			},
			
			"ds:hair_off": {
                "set_property": {
					"property:hair": 0
				}
            },
			"ds:hair_kyojuro_black": {
                "set_property": {
					"property:hair": 2
				}
            },
			"ds:hair_muichiro_black": {
                "set_property": {
					"property:hair": 12
				}
            },
			"ds:hair_shinobu_black": {
                "set_property": {
					"property:hair": 22
				}
            },
			"ds:hair_mitsuri_black": {
                "set_property": {
					"property:hair": 32
				}
            },
			"ds:hair_obanai_black": {
                "set_property": {
					"property:hair": 42
				}
            },
			"ds:hair_giyuu_black": {
                "set_property": {
					"property:hair": 52
				}
            },
			"ds:hair_sanemi_black": {
                "set_property": {
					"property:hair": 62
				}
            },
			"ds:hair_zenitsu_black": {
                "set_property": {
					"property:hair": 72
				}
            },
			"ds:demon_eyes_blue": {
                "set_property": {
					"property:eyes": 31
				}
            },
			"ds:demon_eyes_green": {
                "set_property": {
					"property:eyes": 32
				}
            },
			"minecraft:entity_spawned": {
				"run_command": {
				"command": [
					"function main/mob/basicdemon/spawn"
				]
			}
			},
			"ds:demon_eyes_indigo": {
                "set_property": {
					"property:eyes": 33
				}
            },
			"ds:demon_eyes_pink": {
                "set_property": {
					"property:eyes": 34
				}
            },
			"ds:demon_eyes_red": {
                "set_property": {
					"property:eyes": 35
				}
            },
			"ds:demon_eyes_white": {
                "set_property": {
					"property:eyes": 36
				}
            },
			"ds:demon_eyes_yellow": {
                "set_property": {
					"property:eyes": 37
				}
            },
			"ds:demon_black_sclera": {
                "set_property": {
					"property:sclera": 1
				}
            },
			"ds:demon_blue_sclera": {
                "set_property": {
					"property:sclera": 2
				}
            },
			"ds:demon_red_sclera": {
                "set_property": {
					"property:sclera": 3
				}
            },
			"ds:demon_white_sclera": {
                "set_property": {
					"property:sclera": 4
				}
            },
			"ds:demon_slit_pupil": {
                "set_property": {
					"property:pupil": 1
				}
            },"ds:demon_cross_pupil": {
                "set_property": {
					"property:pupil": 2
				}
            },"ds:demon_dot_pupil": {
                "set_property": {
					"property:pupil": 3
				}
            },"ds:demon_line_pupil": {
                "set_property": {
					"property:pupil": 4
				}
            },
			
			"ds:demon_yellow_sclera": {
                "set_property": {
					"property:sclera": 5
				}
            },
			
			"ds:eyes_red": {
                "set_property": {
					"property:eyes": 1
				}
            },
			"ds:eyes_stw_red": {
                "set_property": {
					"property:eyes": 21
				}
            },
			"ds:eyes_blue": {
                "set_property": {
					"property:eyes": 2
				}
            },
			"ds:eyes_stw_blue": {
                "set_property": {
					"property:eyes": 22
				}
            },
			"ds:eyes_yellow": {
                "set_property": {
					"property:eyes": 3
				}
            },
			"ds:eyes_stw_yellow": {
                "set_property": {
					"property:eyes": 23
				}
            },
			"ds:eyes_black": {
                "set_property": {
					"property:eyes": 4
				}
            },
			"ds:eyes_stw_black": {
                "set_property": {
					"property:eyes": 24
				}
            },
			"ds:eyes_indigo": {
                "set_property": {
					"property:eyes": 5
				}
            },
			"ds:eyes_stw_indigo": {
                "set_property": {
					"property:eyes": 25
				}
            },
			"ds:eyes_green": {
                "set_property": {
					"property:eyes": 6
				}
            },
			"ds:eyes_stw_green": {
                "set_property": {
					"property:eyes": 26
				}
            },
			"ds:eyes_purple": {
                "set_property": {
					"property:eyes": 7
				}
            },
			"ds:eyes_stw_purple": {
                "set_property": {
					"property:eyes": 27
				}
            },
			"ds:eyes_rengoku": {
                "set_property": {
					"property:eyes": 8
				}
            },
			"ds:eyes_stw_rengoku": {
                "set_property": {
					"property:eyes": 28
				}
            },
			"ds:eyes_iguro": {
                "set_property": {
					"property:eyes": 9
				}
            },
			"ds:eyes_stw_iguro": {
                "set_property": {
					"property:eyes": 29
				}
            },
			"ds:eyes_sleepingraijin": {
                "set_property": {
					"property:eyes": 10
				}
            },
			"ds:eyes_stw_sleepingraijin": {
                "set_property": {
					"property:eyes": 30
				}
            },
			"ds:skin_white": {
                "set_property": {
					"property:skin": 1
				}
            },
			"ds:skin_tan": {
                "set_property": {
					"property:skin": 3
				}
            },
			"ds:skin_black": {
                "set_property": {
					"property:skin": 2
				}
            },
			"ds:skin_demonblack": {
                "set_property": {
					"property:skin": 4
				}
            },
			"ds:skin_demonwhite": {
                "set_property": {
					"property:skin": 5
				}
            },
			"ds:skin_demonred": {
                "set_property": {
					"property:skin": 6
				}
            },
			"ds:skin_demonblue": {
                "set_property": {
					"property:skin": 7
				}
            },
			"ds:skin_demongreen": {
                "set_property": {
					"property:skin": 8
				}
            },
		"ds:damaged": {
                "run_command": {
                    "command": [
						"tag @s add damaged"
                    ]
                }
            },
			"ds:join_corps": {
				"execute": {
					"commands": [
					"/give @p[tag=!demonslayer,r=6,tag=!demon] ds:nichirin_blade",
					"/tag @p[tag=!demonslayer,r=6,tag=!demon] add demonslayer"
					]
				}
			}
		}
	}
}