{
  "format_version": "1.13.0",
  "minecraft:entity": {
    "description": {
      "identifier": "ds:placeholder",
      "is_spawnable": false,
      "is_summonable": true,
      "is_experimental": false
    },
    "components": {
		 "minecraft:knockback_resistance": {
        "value": 1.0
      },
      "minecraft:type_family": {
        "family": [ "mob" ]
      },
      "minecraft:collision_box": {
        "width": 0.1,
        "height": 0.1
      },
      "minecraft:health": {
        "value": 9999,
        "max": 9999
      },
      "minecraft:hurt_on_condition": {
        "damage_conditions": [
          {
            "filters": { "test": "in_lava", "subject": "self", "operator": "==", "value": true },
            "cause": "lava",
            "damage_per_tick": 0
          }
        ]
      },
      "minecraft:loot": {
        "table": "loot_tables/entities/none.json"
      },
      "minecraft:nameable": {
      },
      "minecraft:persistent": {
      },
      "minecraft:physics": {
      },
      "minecraft:pushable": {
        "is_pushable": false,
        "is_pushable_by_piston": false
      }
    },

    "events": {
    }
  }
}