 {
  "format_version": "1.16.100",
  "minecraft:item": {
    "description": {
      "identifier": "mello:invocar_sapo",
      "category": "Equipment"
    },
    "components": {
      "minecraft:creative_category": {
        "parent": "itemGroup.name.sword"
      },
      "minecraft:icon": {
        "texture": "invocar_sapo"
      },
	  "minecraft:display_name": {
	    "value":"Jutsu De Invocaçao Do Sapo\n§4 100 niveis de xp para evoluir"
	  },
      "minecraft:max_stack_size": 1,
      "minecraft:hand_equipped": false,
      "minecraft:use_duration": 9999,
    "minecraft:mining_speed": 1,
    "minecraft:enchantable": {
      "value": 30,
      "slot": "sword"
    },
      "minecraft:damage": 0,
	  "minecraft:cooldown": {
		"category": "invocar_sapo",
		"duration": 120
  },
  "minecraft:durability": {
    "max_durability": 800
	  }, 
	  "minecraft:on_use": {
      "on_use": {
        "event": "mello",
        "target": "self"
		}
	  },
      "minecraft:food": {
        "can_always_eat": true
      }
    },
    "events": {
	  "mello": {
      "shoot": {
        "projectile": "mello:gamakichi_domar",
        "launch_power": 1,
            "angle_offset": 1
      },
      "run_command": {
          "command": [
            ""  
		      ]
	      }
	    }
    }
  }
}
