{
  "format_version": "1.16.0",
  "minecraft:entity": {
    "description": {
      "identifier": "wesl3y:explosion_long",
      "is_spawnable": false,
      "is_summonable": true,
      "is_experimental": false,
      "runtime_identifier": "minecraft:snowball"
    },
	"component_groups": {
	  "wesl3y:despawn": {
        "minecraft:instant_despawn": {}
      },
	  "wesl3y:ap_machine_gun": {
	    "minecraft:variant": {
          "value": 3
        },
        "minecraft:type_family": {
          "family": [ "ap_machine_gun", "explosion", "projectile", "attack" ]
        },
        "minecraft:scale": {
          "value": 1.0
        },
        "minecraft:transformation": {
          "into": "wesl3y:explosion_short<wesl3y:ap_machine_gun>",
          "delay": 1.25
        },
        "minecraft:projectile": {
          "on_hit": {
            "impact_damage": {
              "damage": 0,
              "destroy_on_hit": false
            },
            "definition_event": {
              "affectProjectile": true,
              "eventTrigger": {
			    "event": "wesl3y:explode",
			    "target": "self"
			  }
            }
          },
          "power": 1.25,
          "gravity": 0,
          "angle_offset": 0.0,
          "inertia": 1,
		  "uncertaintyBase": 15,
          "liquid_inertia": 1,
          "stop_on_hurt": true
        }
	  }
	},
    "components": {
      "minecraft:transformation": {
        "into": "wesl3y:despawn",
        "delay": 5.0
      },
      "minecraft:despawn": {
        "filters": {
          "any_of": [
            { "test": "distance_to_nearest_player", "operator": ">", "value": 32}
          ]
        }
      },
      "minecraft:damage_sensor": {
        "triggers":[
          {
            "cause": "all",
            "deals_damage": false
          }
        ]
      },
      "minecraft:timer": {
        "time": 0.1,
        "looping": true,
        "time_down_event": {
          "event": "wesl3y:command"
        }
      },
      "minecraft:physics": {},
      "minecraft:pushable": {
        "is_pushable": false,
        "is_pushable_by_piston": true
      },
      "minecraft:conditional_bandwidth_optimization": {
        "default_values": {
          "max_optimized_distance": 80,
          "max_dropped_ticks": 10,
          "use_motion_prediction_hints": true
        }
      }
    },
	
	"events": {
	  "wesl3y:entity_spawned": {
        "sequence": [
          {
            "filters": {
              "test": "has_tag",
              "subject": "other",
              "value": "ap_machine_gun"
            },
            "add": {
              "component_groups": [
                "wesl3y:ap_machine_gun"
              ]
            }
          }
        ]
	  },
      "wesl3y:command": {},
	  "wesl3y:explode": {
        "sequence": [
          {
            "filters": {
              "test": "is_family",
              "value": "ap_machine_gun"
            },
            "run_command": {
              "command": [
                "summon wesl3y:explosion_short ~~~ ~ ~ wesl3y:ap_machine_gun"
              ]
            },
            "add": {
              "component_groups": [
                "wesl3y:despawn"
              ]
            }
          }
        ]
      },
	  "wesl3y:despawn": {
	    "add": {
	      "component_groups": [
	        "wesl3y:despawn"
	      ]
	    }
	  }
	}
  }
}