{
  "format_version": "1.16.0",
  "minecraft:entity": {
    "description": {
      "identifier": "wesl3y:explosion_short",
      "is_spawnable": false,
      "is_summonable": true,
      "is_experimental": false
    },
	"component_groups": {
	  "wesl3y:despawn": {
        "minecraft:instant_despawn": {}
	  },
	  "wesl3y:stun_grenade": {
        "minecraft:type_family": {
          "family": [ "stun_grenade", "explosion", "knockback", "attack" ]
        },
        "minecraft:scale": {
          "value": 1.0
        },
        "minecraft:transformation": {
          "into": "wesl3y:despawn",
          "delay": 0.25
        },
        "minecraft:explode": {
          "fuseLength": 0.1,
          "fuseLit": true,
          "power": 4,
          "breaks_blocks": true
        }
      },
	  "wesl3y:ap_machine_gun": {
        "minecraft:type_family": {
          "family": [ "ap_machine_gun", "explosion", "knockback", "attack" ]
        },
        "minecraft:scale": {
          "value": 1.0
        },
        "minecraft:transformation": {
          "into": "wesl3y:despawn",
          "delay": 0.25
        }
      },
	  "wesl3y:howitzer_impact": {
        "minecraft:type_family": {
          "family": [ "howitzer_impact", "explosion", "knockback", "attack" ]
        },
        "minecraft:scale": {
          "value": 1.0
        },
        "minecraft:transformation": {
          "into": "wesl3y:despawn",
          "delay": 0.25
        },
        "minecraft:behavior.knockback_roar": {
          "priority": 1,
          "duration": 0.2,
          "attack_time": 0.1,
          "knockback_damage": 0,
          "knockback_horizontal_strength": 8,
          "knockback_vertical_strength": 0,
          "knockback_range": 3,
          "knockback_filters": {
            "test": "has_tag",
            "subject": "other",
            "operator": "==",
            "value": "quirk_explosion"
          },
          "damage_filters": {
            "test": "has_tag",
            "subject": "other",
            "operator": "==",
            "value": "sla"
          },
          "on_roar_end": {
            "event": "wesl3y:despawn"
          },
          "cooldown_time": 0.1
        }
	  },
	  "wesl3y:howitzer_impact2": {
        "minecraft:type_family": {
          "family": [ "howitzer_impact2", "explosion", "knockback", "attack" ]
        },
        "minecraft:scale": {
          "value": 1.0
        },
        "minecraft:transformation": {
          "into": "wesl3y:despawn",
          "delay": 0.25
        },
        "minecraft:explode": {
          "fuseLength": 0.1,
          "fuseLit": true,
          "power": 6,
          "breaks_blocks": true
        }
	  }
	},
    "components": {
      "minecraft:transformation": {
        "into": "wesl3y:despawn",
        "delay": 5.0
      },
      "minecraft:despawn": {
        "filters": {
          "any_of": [
            { "test": "distance_to_nearest_player", "operator": ">", "value": 32}
          ]
        }
      },
      "minecraft:damage_sensor": {
        "triggers":[
          {
            "cause": "all",
            "deals_damage": false
          }
        ]
      },
      "minecraft:timer": {
        "time": 0.1,
        "looping": true,
        "time_down_event": {
          "event": "wesl3y:command"
        }
      },
      "minecraft:physics": {},
      "minecraft:pushable": {
        "is_pushable": false,
        "is_pushable_by_piston": true
      },
      "minecraft:conditional_bandwidth_optimization": {
        "default_values": {
          "max_optimized_distance": 80,
          "max_dropped_ticks": 10,
          "use_motion_prediction_hints": true
        }
      }
    },
	
	"events": {
      "wesl3y:command": {},
	  "wesl3y:stun_grenade": {
	    "add": {
	      "component_groups": [
	        "wesl3y:stun_grenade"
	      ]
	    },
	    "run_command": {
	      "command": [
	        "damage @e[family=!attack,tag=!quirk_explosion,rm=0.1,r=6] 7 entity_attack entity @p[tag=quirk_explosion]",
            "particle wesl3y:stun_grenade ~~~"
          ]
	    }
	  },
	  "wesl3y:ap_machine_gun": {
	    "randomize": [
	      {
	        "weight": 47,
	        "run_command": {
	          "command": [
	            "function damage/explosion/ap_machine_gun"
	          ]
	        }
	      },
	      {
	        "weight": 52,
	        "run_command": {
	          "command": [
	            "function damage/explosion/ap_machine_gun",
	            "particle wesl3y:ap_machine_gun_explosion ~~~"
	          ]
	        }
	      }
	    ]
	  },
	  "wesl3y:howitzer_impact": {
	    "add": {
	      "component_groups": [
	        "wesl3y:howitzer_impact"
	      ]
	    }
	  },
	  "wesl3y:howitzer_impact2": {
	    "add": {
	      "component_groups": [
	        "wesl3y:howitzer_impact2"
	      ]
	    }
	  },
	  "wesl3y:despawn": {
	    "add": {
	      "component_groups": [
	        "wesl3y:despawn"
	      ]
	    }
	  }
	}
  }
}