{
  "format_version": "1.16.0",
  "minecraft:entity": {
    "description": {
      "identifier": "wesl3y:npc",
      "is_spawnable": true,
      "is_summonable": true,
      "is_experimental": false
    },
    "component_groups": {
      "wesl3y:despawn":{
        "minecraft:instant_despawn": {}
      },
      "wesl3y:variant1": {
        "minecraft:variant": {
          "value": 0
        }
      },
      "wesl3y:variant2": {
        "minecraft:variant": {
          "value": 1
        },
        "minecraft:equipment": {
          "table": "loot_tables/equip/eraser_head.json"
        }
      },
      "wesl3y:variant3": {
        "minecraft:variant": {
          "value": 2
        }
      }
    },
    "components": {
      "minecraft:experience_reward": {
        "on_death": "query.last_hit_by_player ? 5 : 0"
      },
      "minecraft:type_family": {
        "family": [ "mob", "npc" ]
      },
      "minecraft:breathable": {
        "total_supply": 15,
        "suffocate_time": 0
      },
      "minecraft:nameable": {},
      "minecraft:collision_box": {
        "width": 0.6,
        "height": 1.8
      },
      "minecraft:health": {
        "value": 1,
        "min": 0
      },
      "minecraft:scale": {
        "value": 1.0
      },
      "minecraft:knockback_resistance": {
        "value": 1.0
      },
      "minecraft:damage_sensor": {
        "triggers": [
          {
            "cause": "all",
            "deals_damage": false
          }
        ]
      },
      "minecraft:hurt_on_condition": {
        "damage_conditions": [
          {
            "filters": { "test": "in_lava", "subject": "self", "operator": "==", "value": true },
            "cause": "lava",
            "damage_per_tick": 4
          }
        ]
      },
      "minecraft:navigation.walk": {
        "can_path_over_lava": true,
        "is_amphibious": true,
        "can_pass_doors":true,
        "can_walk":true,
        "can_open_doors": true,
        "can_path_over_water": true,
        "can_walk_in_lava": false,
        "avoid_water": true
      },
      "minecraft:behavior.float": {
        "priority": 0
      },
      "minecraft:movement.basic": {},
      "minecraft:jump.static": {},
      "minecraft:can_climb": {},
      "minecraft:physics": {},
      "minecraft:pushable": {
        "is_pushable": false,
        "is_pushable_by_piston": false
      },
      "minecraft:conditional_bandwidth_optimization": {}
    },
    "events": {
      "minecraft:entity_spawned": {
        "add": {
          "component_groups": [
            "wesl3y:variant"
          ]
        },
        "run_command": {
          "command": [
            "tag @s add variant1"
          ]
        }
      },
      "wesl3y:variant2": {
        "add": {
          "component_groups": [
            "wesl3y:variant2"
          ]
        },
        "run_command": {
          "command": [
            "tag @s add variant2"
          ]
        }
      },
      "wesl3y:variant3": {
        "add": {
          "component_groups": [
            "wesl3y:variant3"
          ]
        },
        "run_command": {
          "command": [
            "tag @s add variant3"
          ]
        }
      },
      "despawn": {
        "add": {
          "component_groups": [
            "despawn"
          ]
        }
      }
    }
  }
}