{
	"format_version": "1.16.100",
	"minecraft:item": {
		"description": {
			"identifier": "mello:celulas",
			"category": "equipment0"
		},
		"components": {
			"minecraft:max_stack_size": 1,
			"minecraft:enchantable": {
				"value": 9,
				"slot": "armor_torso"
			},
			"minecraft:icon": {
				"texture": "celulas"
			},
			"minecraft:render_offsets": "chestplates",
			"minecraft:armor": {
				"protection": 20
			},
			"minecraft:wearable": {
				"slot": "slot.armor.chest"
			},
			"minecraft:display_name": {
				"value": "celulas_modo"
			}
		}
	}
}