{
  "format_version": "1.8.0",
  "render_controllers": {
    "controller.render.camada_manto_tenseigan": {
      "geometry": "Geometry.camada_manto_tenseigan",
      "materials": [ { "*": "Material.camada" } ],
      "textures": [ "Texture.camada" ],
      "overlay_color": {
        "r": 0.0,
        "g": 2.55,
        "b": 1.0,

        
        "a": 0.45
      },
      "light_color_multiplier": 1.75,
      "ignore_lighting" : true,
      "part_visibility": [
        { "*": "variable.is_third_person" },
        { "rightArm": "(variable.is_first_person && q.get_equipped_item_name=='') || variable.is_third_person" }
      ]
    },

    "controller.render.camada_gudoudamas_tenseigan": {
      "geometry": "Geometry.camada_gudoudamas_tenseigan",
      "materials": [ { "*": "Material.camada" } ],
      "textures": [ "Texture.camada" ],
      "overlay_color": {
        "r": 0.0,
        "g": 2.55,
        "b": 1.0,

        
        "a": 0.45
      },
      "light_color_multiplier": 1.75,
      "ignore_lighting" : true,
      "part_visibility": [
        { "*": "variable.is_third_person" },
        { "rightArm": "variable.is_first_person || variable.is_third_person" }
      ]
    },

    "controller.render.camada_susanoo_sasuke": {
      "geometry": "Geometry.camada_susanoo_sasuke",
      "materials": [ { "*": "Material.camada" } ],
      "textures": [ "Texture.camada" ],
      "overlay_color": {
        "r": 2.55,
        "g": 0.0,
        "b": 2.55,

        
        "a": 0.25
      },
      "light_color_multiplier": 1.75,
      "ignore_lighting" : true,
      "part_visibility": [
        { "*": "variable.is_third_person" },
        { "rightArm": "variable.is_first_person || variable.is_third_person" }
      ]
    },

    "controller.render.camada_susanoo_madara": {
      "geometry": "Geometry.camada_susanoo_madara",
      "materials": [ { "*": "Material.camada" } ],
      "textures": [ "Texture.camada" ],
      "overlay_color": {
        "r": 0.0,
        "g": 0.0,
        "b": 2.55,

        
        "a": 0.25
      },
      "light_color_multiplier": 1.75,
      "ignore_lighting" : true,
      "part_visibility": [
        { "*": "variable.is_third_person" },
        { "rightArm": "variable.is_first_person || variable.is_third_person" }
      ]
    },

    "controller.render.camada_susanoo_kakashi": {
      "geometry": "Geometry.camada_susanoo_kakashi",
      "materials": [ { "*": "Material.camada" } ],
      "textures": [ "Texture.camada" ],
      "overlay_color": {
        "r": 0.0,
        "g": 2.55,
        "b": 2.55,

        
        "a": 0.25
      },
      "light_color_multiplier": 1.75,
      "ignore_lighting" : true,
      "part_visibility": [
        { "*": "variable.is_third_person" },
        { "rightArm": "variable.is_first_person || variable.is_third_person" }
      ]
    },

    "controller.render.camada_susanoo_shisui": {
      "geometry": "Geometry.camada_susanoo_shisui",
      "materials": [ { "*": "Material.camada" } ],
      "textures": [ "Texture.camada" ],
      "overlay_color": {
        "r": 0.0,
        "g": 2.55,
        "b": 0.0,

        
        "a": 0.25
      },
      "light_color_multiplier": 1.75,
      "ignore_lighting" : true,
      "part_visibility": [
        { "*": "variable.is_third_person" },
        { "rightArm": "variable.is_first_person || variable.is_third_person" }
      ]
    },

    "controller.render.camada_susanoo_itachi": {
      "geometry": "Geometry.camada_susanoo_itachi",
      "materials": [ { "*": "Material.camada" } ],
      "textures": [ "Texture.camada" ],
      "overlay_color": {
        "r": 2.55,
        "g": 0.3,
        "b": 0.0,

        
        "a": 0.25
      },
      "light_color_multiplier": 1.75,
      "ignore_lighting" : true,
      "part_visibility": [
        { "*": "variable.is_third_person" },
        { "rightArm": "variable.is_first_person || variable.is_third_person" }
      ]
    }
  }
}