{
	"format_version": "1.20.30",
	"minecraft:item": {
		"description": {
			"identifier": "stk:brolyf",
			"menu_category": {
				"category": "equipment",
	"group": "itemGroup.name.sword"
			}
		},
		"components": {
			"minecraft:can_destroy_in_creative": false,
			"minecraft:damage": 2,
			"minecraft:food": {
				"nutrition": 0,
				"saturation_modifier": 0,
				"can_always_eat": true
			},
			"minecraft:display_name": {
        "value": "§bBroly fighting style\n\n§eLegendary breaker \n§b(use)\n\n§eEnergy massacre\n§cCost: 50 ki\n§b(jump + use)"
			},
			"minecraft:cooldown": {
           "category": "brolyf",
            "duration": 1
         },
			"minecraft:use_modifiers": {
				"use_duration": 1.6
			},
			"minecraft:hand_equipped": true,
			"minecraft:icon": "brolyf",
			"minecraft:max_stack_size": 1,
			"minecraft:tags": {
				"tags": [
					"minecraft:is_sword",
					"minecraft:is_tool"
				]
			}
		}
	}
}