{
	"format_version": "1.12.0",
	"minecraft:geometry": [
		{
			"description": {
				"identifier": "geometry.asta_grimoire",
				"texture_width": 64,
				"texture_height": 64,
				"visible_bounds_width": 4,
				"visible_bounds_height": 4,
				"visible_bounds_offset": [0, 1, 0]
			},
			"bones": [
				{
					"name": "root",
					"pivot": [0, 0, 0]
				},
				{
					"name": "waist",
					"parent": "root",
					"pivot": [0, 12, 0]
				},
				{
					"name": "body",
					"parent": "waist",
					"pivot": [0, 24, 0]
				},
				{
					"name": "grimorio",
					"parent": "body",
					"pivot": [12, 20, -12],
					"locators": {
						"demon_grimoire": [12, 20, -12]
					}
				},
				{
					"name": "grimorio1",
					"parent": "grimorio",
					"pivot": [12, 20, -12],
					"cubes": [
						{"origin": [12, 19.5, -16], "size": [5, 1, 8], "uv": [0, 19]},
						{"origin": [12, 19.5, -16.5], "size": [5.5, 0, 9], "inflate": 0.001, "uv": [0, 9]},
						{"origin": [12, 15.49, -12.5], "size": [0, 9, 0.5], "inflate": 0.001, "pivot": [12, 19.99, -12], "rotation": [90, 0, 0], "uv": [9, 0]}
					]
				},
				{
					"name": "grimorio2",
					"parent": "grimorio",
					"pivot": [12, 20, -12],
					"cubes": [
						{"origin": [7, 19.5, -16], "size": [5, 1, 8], "uv": [11, 10]},
						{"origin": [6.5, 19.5, -16.5], "size": [5.5, 0, 9], "inflate": 0.001, "uv": [0, 0]},
						{"origin": [12, 15.49, -12.5], "size": [0, 9, 0.5], "inflate": 0.001, "pivot": [12, 19.99, -12], "rotation": [90, 0, 0], "uv": [9, 0]}
					]
				}
			]
		}
	]
}