{
	"format_version": "1.12.0",
	"minecraft:geometry": [
		{
			"description": {
				"identifier": "geometry.asta_swords",
				"texture_width": 64,
				"texture_height": 64,
				"visible_bounds_width": 5,
				"visible_bounds_height": 4,
				"visible_bounds_offset": [0, 1, 0]
			},
			"bones": [
				{
					"name": "root",
					"pivot": [0, 0, 0]
				},
				{
					"name": "waist",
					"parent": "root",
					"pivot": [0, 12, 0]
				},
				{
					"name": "body",
					"parent": "waist",
					"pivot": [0, 24, 0]
				},
				{
					"name": "rightArm",
					"parent": "body",
					"pivot": [-5, 22, 0]
				},
				{
					"name": "demon_slayer",
					"parent": "rightArm",
					"pivot": [-5, 13.5, 0],
					"cubes": [
						{
							"origin": [-5.5, 12.5, -4],
							"size": [1, 1.5, 10],
							"uv": {
								"north": {"uv": [14, 49.5], "uv_size": [1, 1.5]},
								"east": {"uv": [0, 47.5], "uv_size": [10, 1.5]},
								"south": {"uv": [15, 49.5], "uv_size": [1, 1.5]},
								"west": {"uv": [10, 47.5], "uv_size": [10, 1.5]},
								"up": {"uv": [20, 47.5], "uv_size": [1, 10]},
								"down": {"uv": [21, 57.5], "uv_size": [1, -10]}
							}
						},
						{
							"origin": [-5.5, 12.5, -7],
							"size": [1, 1.5, 2],
							"uv": {
								"north": {"uv": [16, 49.5], "uv_size": [1, 1.5]},
								"east": {"uv": [0, 49.5], "uv_size": [2, 1.5]},
								"south": {"uv": [17, 49.5], "uv_size": [1, 1.5]},
								"west": {"uv": [2, 49.5], "uv_size": [2, 1.5]},
								"up": {"uv": [12, 49.5], "uv_size": [1, 2]},
								"down": {"uv": [13, 51.5], "uv_size": [1, -2]}
							}
						},
						{
							"origin": [-5, 8.5, -46],
							"size": [0, 9.5, 40],
							"uv": {
								"north": {"uv": [0, 28], "uv_size": [0, 8.5]},
								"east": {"uv": [0, 28], "uv_size": [40, 9.5]},
								"south": {"uv": [0, 28], "uv_size": [0, 8.5]},
								"west": {"uv": [0, 37.5], "uv_size": [40, 9.5]},
								"up": {"uv": [0, 28], "uv_size": [0, 8.5]},
								"down": {"uv": [0, 36.5], "uv_size": [0, -8.5]}
							}
						},
						{
							"origin": [-5.5, 12.5, -5],
							"size": [1, 1.5, 1],
							"inflate": 0.25,
							"uv": {
								"north": {"uv": [18, 49.5], "uv_size": [1, 1.5]},
								"east": {"uv": [19, 49.5], "uv_size": [1, 1.5]},
								"south": {"uv": [22, 47.5], "uv_size": [1, 1.5]},
								"west": {"uv": [22, 49.5], "uv_size": [1, 1.5]},
								"up": {"uv": [2, 51.5], "uv_size": [1, 1]},
								"down": {"uv": [3, 52.5], "uv_size": [1, -1]}
							}
						},
						{
							"origin": [-5.5, 9.5, -5],
							"size": [1, 3, 1],
							"uv": {
								"north": {"uv": [8, 49.5], "uv_size": [1, 3]},
								"east": {"uv": [9, 49.5], "uv_size": [1, 3]},
								"south": {"uv": [10, 49.5], "uv_size": [1, 3]},
								"west": {"uv": [11, 49.5], "uv_size": [1, 3]},
								"up": {"uv": [14, 51.5], "uv_size": [1, 1]},
								"down": {"uv": [15, 52.5], "uv_size": [1, -1]}
							}
						},
						{
							"origin": [-5.5, 14, -5],
							"size": [1, 3, 1],
							"uv": {
								"north": {"uv": [8, 52.5], "uv_size": [1, -3]},
								"east": {"uv": [9, 52.5], "uv_size": [1, -3]},
								"south": {"uv": [10, 52.5], "uv_size": [1, -3]},
								"west": {"uv": [11, 52.5], "uv_size": [1, -3]},
								"up": {"uv": [15, 51.5], "uv_size": [1, 1]},
								"down": {"uv": [14, 52.5], "uv_size": [1, -1]}
							}
						},
						{
							"origin": [-5.5, 17, -5],
							"size": [1, 1, 1],
							"inflate": 0.25,
							"uv": {
								"north": {"uv": [16, 51.5], "uv_size": [1, 1]},
								"east": {"uv": [17, 51.5], "uv_size": [1, 1]},
								"south": {"uv": [18, 51.5], "uv_size": [1, 1]},
								"west": {"uv": [19, 51.5], "uv_size": [1, 1]},
								"up": {"uv": [24, 47.5], "uv_size": [1, 1]},
								"down": {"uv": [24, 49.5], "uv_size": [1, -1]}
							}
						},
						{
							"origin": [-5.5, 8.5, -5],
							"size": [1, 1, 1],
							"inflate": 0.25,
							"uv": {
								"north": {"uv": [22, 51.5], "uv_size": [1, 1]},
								"east": {"uv": [24, 49.5], "uv_size": [1, 1]},
								"south": {"uv": [23, 51.5], "uv_size": [1, 1]},
								"west": {"uv": [24, 50.5], "uv_size": [1, 1]},
								"up": {"uv": [24, 51.5], "uv_size": [1, 1]},
								"down": {"uv": [2, 53.5], "uv_size": [1, -1]}
							}
						},
						{
							"origin": [-5.5, 12.5, 6],
							"size": [1, 1.5, 1],
							"inflate": 0.25,
							"uv": {
								"north": {"uv": [23, 47.5], "uv_size": [1, 1.5]},
								"east": {"uv": [23, 49.5], "uv_size": [1, 1.5]},
								"south": {"uv": [0, 51.5], "uv_size": [1, 1.5]},
								"west": {"uv": [1, 51.5], "uv_size": [1, 1.5]},
								"up": {"uv": [3, 52.5], "uv_size": [1, 1]},
								"down": {"uv": [4, 53.5], "uv_size": [1, -1]}
							}
						}
					],
					"locators": {
						"demon_sword": [-5, 13, -10],
						"demon_sword2": [-5, 13, -14],
						"demon_sword3": [-5, 13, -18],
						"demon_sword4": [-5, 13, -22],
						"demon_sword5": [-5, 13, -26],
						"demon_sword6": [-5, 13, -30],
						"demon_sword7": [-5, 13, -34],
						"demon_sword8": [-5, 13, -38],
						"demon_sword9": [-5, 13, -42]
					}
				},
				{
					"name": "leftArm",
					"parent": "body",
					"pivot": [5, 22, 0]
				},
				{
					"name": "demon_dweller",
					"parent": "leftArm",
					"pivot": [5, 13.5, 0],
					"cubes": [
						{
							"origin": [4.5, 12.5, -5],
							"size": [1, 1.5, 9],
							"uv": {
								"north": {"uv": [7, 19], "uv_size": [-1, 1.5]},
								"east": {"uv": [27, 21], "uv_size": [-9, 1.5]},
								"south": {"uv": [8, 19], "uv_size": [-1, 1.5]},
								"west": {"uv": [27, 19], "uv_size": [-9, 1.5]},
								"up": {"uv": [5, 19], "uv_size": [-1, 9]},
								"down": {"uv": [6, 28], "uv_size": [-1, -9]}
							}
						},
						{
							"origin": [-0.5, 10.75, -5],
							"size": [4, 5, 0],
							"pivot": [3.5, 13.25, -5],
							"rotation": [0, 45, 0],
							"uv": {
								"north": {"uv": [4, 14], "uv_size": [-4, 5]},
								"east": {"uv": [0, 0], "uv_size": [0, 5]},
								"south": {"uv": [8, 14], "uv_size": [-4, 5]},
								"west": {"uv": [0, 0], "uv_size": [0, 5]},
								"up": {"uv": [4, 0], "uv_size": [-4, 0]},
								"down": {"uv": [4, 0], "uv_size": [-4, 0]}
							}
						},
						{
							"origin": [6.5, 10.75, -5],
							"size": [4, 5, 0],
							"pivot": [6.5, 13.25, -5],
							"rotation": [0, -45, 0],
							"uv": {
								"north": {"uv": [22, 14], "uv_size": [-4, 5]},
								"east": {"uv": [0, 0], "uv_size": [0, 5]},
								"south": {"uv": [4, 19], "uv_size": [-4, 5]},
								"west": {"uv": [0, 0], "uv_size": [0, 5]},
								"up": {"uv": [4, 0], "uv_size": [-4, 0]},
								"down": {"uv": [4, 0], "uv_size": [-4, 0]}
							}
						},
						{
							"origin": [3.5, 11.75, -5],
							"size": [3, 3, 0],
							"uv": {
								"north": {"uv": [9, 22], "uv_size": [-3, 3]},
								"east": {"uv": [0, 0], "uv_size": [0, 3]},
								"south": {"uv": [12, 22], "uv_size": [-3, 3]},
								"west": {"uv": [0, 0], "uv_size": [0, 3]},
								"up": {"uv": [3, 0], "uv_size": [-3, 0]},
								"down": {"uv": [3, 0], "uv_size": [-3, 0]}
							}
						},
						{
							"origin": [2.5, 14.75, -5],
							"size": [5, 4, 0],
							"pivot": [5, 14.75, -5],
							"rotation": [-45, 0, 0],
							"uv": {
								"north": {"uv": [13, 14], "uv_size": [-5, 4]},
								"east": {"uv": [0, 0], "uv_size": [0, 4]},
								"south": {"uv": [18, 14], "uv_size": [-5, 4]},
								"west": {"uv": [0, 0], "uv_size": [0, 4]},
								"up": {"uv": [5, 0], "uv_size": [-5, 0]},
								"down": {"uv": [5, 0], "uv_size": [-5, 0]}
							}
						},
						{
							"origin": [2.5, 7.75, -5],
							"size": [5, 4, 0],
							"pivot": [5, 11.75, -5],
							"rotation": [45, 0, 0],
							"uv": {
								"north": {"uv": [13, 18], "uv_size": [-5, 4]},
								"east": {"uv": [0, 0], "uv_size": [0, 4]},
								"south": {"uv": [18, 18], "uv_size": [-5, 4]},
								"west": {"uv": [0, 0], "uv_size": [0, 4]},
								"up": {"uv": [5, 0], "uv_size": [-5, 0]},
								"down": {"uv": [5, 0], "uv_size": [-5, 0]}
							}
						},
						{
							"origin": [5, 9.75, -39],
							"size": [0, 7, 34],
							"uv": {
								"north": {"uv": [0, 0], "uv_size": [0, 7]},
								"east": {"uv": [34, 7], "uv_size": [-34, 7]},
								"south": {"uv": [0, 0], "uv_size": [0, 7]},
								"west": {"uv": [34, 0], "uv_size": [-34, 7]},
								"up": {"uv": [0, 0], "uv_size": [0, 34]},
								"down": {"uv": [0, 34], "uv_size": [0, -34]}
							}
						},
						{
							"origin": [4.5, 12.5, 4],
							"size": [1, 1.5, 1],
							"inflate": 0.25,
							"uv": {
								"north": {"uv": [13, 22], "uv_size": [-1, 1.5]},
								"east": {"uv": [23, 14], "uv_size": [-1, 1.5]},
								"south": {"uv": [15, 22], "uv_size": [-1, 1.5]},
								"west": {"uv": [14, 22], "uv_size": [-1, 1.5]},
								"up": {"uv": [7, 21], "uv_size": [-1, 1]},
								"down": {"uv": [8, 22], "uv_size": [-1, -1]}
							}
						}
					],
					"locators": {
						"demon_sword10": [5, 13, -10],
						"demon_sword11": [5, 13, -14],
						"demon_sword12": [5, 13, -18],
						"demon_sword13": [5, 13, -22],
						"demon_sword14": [5, 13, -26],
						"demon_sword15": [5, 13, -30],
						"demon_sword16": [5, 13, -34]
					}
				},
				{
					"name": "demon_slayer_fly",
					"parent": "root",
					"pivot": [0, 0.25, 22],
					"rotation": [0, 0, 90],
					"cubes": [
						{
							"origin": [-0.25, -0.5, 18],
							"size": [1, 1.5, 10],
							"uv": {
								"north": {"uv": [14, 49.5], "uv_size": [1, 1.5]},
								"east": {"uv": [0, 47.5], "uv_size": [10, 1.5]},
								"south": {"uv": [15, 49.5], "uv_size": [1, 1.5]},
								"west": {"uv": [10, 47.5], "uv_size": [10, 1.5]},
								"up": {"uv": [20, 47.5], "uv_size": [1, 10]},
								"down": {"uv": [21, 57.5], "uv_size": [1, -10]}
							}
						},
						{
							"origin": [-0.25, -0.5, 15],
							"size": [1, 1.5, 2],
							"uv": {
								"north": {"uv": [16, 49.5], "uv_size": [1, 1.5]},
								"east": {"uv": [0, 49.5], "uv_size": [2, 1.5]},
								"south": {"uv": [17, 49.5], "uv_size": [1, 1.5]},
								"west": {"uv": [2, 49.5], "uv_size": [2, 1.5]},
								"up": {"uv": [12, 49.5], "uv_size": [1, 2]},
								"down": {"uv": [13, 51.5], "uv_size": [1, -2]}
							}
						},
						{
							"origin": [0.25, -4.5, -24],
							"size": [0, 9.5, 40],
							"uv": {
								"north": {"uv": [0, 28], "uv_size": [0, 8.5]},
								"east": {"uv": [0, 28], "uv_size": [40, 9.5]},
								"south": {"uv": [0, 28], "uv_size": [0, 8.5]},
								"west": {"uv": [0, 37.5], "uv_size": [40, 9.5]},
								"up": {"uv": [0, 28], "uv_size": [0, 8.5]},
								"down": {"uv": [0, 36.5], "uv_size": [0, -8.5]}
							}
						},
						{
							"origin": [-0.25, -0.5, 17],
							"size": [1, 1.5, 1],
							"inflate": 0.25,
							"uv": {
								"north": {"uv": [18, 49.5], "uv_size": [1, 1.5]},
								"east": {"uv": [19, 49.5], "uv_size": [1, 1.5]},
								"south": {"uv": [22, 47.5], "uv_size": [1, 1.5]},
								"west": {"uv": [22, 49.5], "uv_size": [1, 1.5]},
								"up": {"uv": [2, 51.5], "uv_size": [1, 1]},
								"down": {"uv": [3, 52.5], "uv_size": [1, -1]}
							}
						},
						{
							"origin": [-0.25, -3.5, 17],
							"size": [1, 3, 1],
							"uv": {
								"north": {"uv": [8, 49.5], "uv_size": [1, 3]},
								"east": {"uv": [9, 49.5], "uv_size": [1, 3]},
								"south": {"uv": [10, 49.5], "uv_size": [1, 3]},
								"west": {"uv": [11, 49.5], "uv_size": [1, 3]},
								"up": {"uv": [14, 51.5], "uv_size": [1, 1]},
								"down": {"uv": [15, 52.5], "uv_size": [1, -1]}
							}
						},
						{
							"origin": [-0.25, 1, 17],
							"size": [1, 3, 1],
							"uv": {
								"north": {"uv": [8, 52.5], "uv_size": [1, -3]},
								"east": {"uv": [9, 52.5], "uv_size": [1, -3]},
								"south": {"uv": [10, 52.5], "uv_size": [1, -3]},
								"west": {"uv": [11, 52.5], "uv_size": [1, -3]},
								"up": {"uv": [15, 51.5], "uv_size": [1, 1]},
								"down": {"uv": [14, 52.5], "uv_size": [1, -1]}
							}
						},
						{
							"origin": [-0.25, 4, 17],
							"size": [1, 1, 1],
							"inflate": 0.25,
							"uv": {
								"north": {"uv": [16, 51.5], "uv_size": [1, 1]},
								"east": {"uv": [17, 51.5], "uv_size": [1, 1]},
								"south": {"uv": [18, 51.5], "uv_size": [1, 1]},
								"west": {"uv": [19, 51.5], "uv_size": [1, 1]},
								"up": {"uv": [24, 47.5], "uv_size": [1, 1]},
								"down": {"uv": [24, 49.5], "uv_size": [1, -1]}
							}
						},
						{
							"origin": [-0.25, -4.5, 17],
							"size": [1, 1, 1],
							"inflate": 0.25,
							"uv": {
								"north": {"uv": [22, 51.5], "uv_size": [1, 1]},
								"east": {"uv": [24, 49.5], "uv_size": [1, 1]},
								"south": {"uv": [23, 51.5], "uv_size": [1, 1]},
								"west": {"uv": [24, 50.5], "uv_size": [1, 1]},
								"up": {"uv": [24, 51.5], "uv_size": [1, 1]},
								"down": {"uv": [2, 53.5], "uv_size": [1, -1]}
							}
						},
						{
							"origin": [-0.25, -0.5, 28],
							"size": [1, 1.5, 1],
							"inflate": 0.25,
							"uv": {
								"north": {"uv": [23, 47.5], "uv_size": [1, 1.5]},
								"east": {"uv": [23, 49.5], "uv_size": [1, 1.5]},
								"south": {"uv": [0, 51.5], "uv_size": [1, 1.5]},
								"west": {"uv": [1, 51.5], "uv_size": [1, 1.5]},
								"up": {"uv": [3, 52.5], "uv_size": [1, 1]},
								"down": {"uv": [4, 53.5], "uv_size": [1, -1]}
							}
						}
					],
					"locators": {
						"demon_sword17": [0, -0.25, 12.25],
						"demon_sword18": [0, -0.25, 8.25],
						"demon_sword19": [0, -0.25, 4.25],
						"demon_sword20": [0, -0.25, 0.25],
						"demon_sword21": [0, -0.25, -3.75],
						"demon_sword22": [0, -0.25, -7.75],
						"demon_sword23": [0, -0.25, -11.75],
						"demon_sword24": [0, -0.25, -15.75],
						"demon_sword25": [0, -0.25, -19.75]
					}
				}
			]
		}
	]
}