{
	"format_version": "1.8.0",
	"animations": {
		"animation.broly.meteor": {
			"loop": true,
			"animation_length": 1.41667,
			"bones": {
				"Tudo": {
					"rotation": {
						"0.0": [0, 0, 0],
						"0.0833": [-10, 10, 0],
						"0.1667": [-16.04718, -30.8649, 1.84326],
						"0.25": [-13.1351, 9.05726, -3.57506],
						"0.3333": [-6.12681, -17.72367, 2.74949],
						"0.4167": [1.658, -2.80445, 1.16467],
						"0.5": [-8.33085, 7.19136, 1.45482],
						"0.5833": [1.66036, -7.65197, 3.62324],
						"0.6667": [1.65918, 7.34181, 4.05647],
						"0.75": [0, 0, 0],
						"0.8333": [-10, 10, 0],
						"0.9167": [-16.04718, -30.8649, 1.84326],
						"1.0": [-13.1351, 9.05726, -3.57506],
						"1.0833": [-6.12681, -17.72367, 2.74949],
						"1.1667": [1.658, -2.80445, 1.16467],
						"1.25": [-8.33085, 7.19136, 1.45482],
						"1.3333": [1.66036, -7.65197, 3.62324],
						"1.4167": [1.65918, 7.34181, 4.05647]
					},
					"position": {
						"0.0": [0, 0, 0],
						"0.0833": [0, 1, 0],
						"0.1667": [0, 0, 0],
						"0.25": [0, 0, 0],
						"0.3333": [0, 1, 0],
						"0.4167": [0, 0, 0],
						"0.5": [0, 0, 0],
						"0.5833": [0, 1, 0],
						"0.6667": [0, 0, 0],
						"0.75": [0, 0, 0],
						"0.8333": [0, 1, 0],
						"0.9167": [0, 0, 0],
						"1.0": [0, 0, 0],
						"1.0833": [0, 1, 0],
						"1.1667": [0, 0, 0],
						"1.25": [0, 0, 0],
						"1.3333": [0, 1, 0],
						"1.4167": [0, 0, 0]
					}
				},
				"rightBraco": {
					"rotation": [0, 15, 25]
				},
				"leftBraco": {
					"rotation": [0, -35, -27.5]
				},
				"rightPerna": {
					"rotation": [12.5, 0, 15]
				},
				"leftPerna": {
					"rotation": [15, 0, -10]
				},
				"Face2": {
					"position": [0, 0, -1]
				},
				"Hair": {
					"rotation": {
						"0.0": [0, 0, 0],
						"0.0833": [0, 0, -7.5],
						"0.1667": [0, 0, 2.5],
						"0.25": [10, 0, 2.5],
						"0.3333": [0, 0, 2.5],
						"0.4167": [0, 7.5, 2.5],
						"0.5": [-5, -2.5, 2.5],
						"0.5833": [-10, -2.5, 2.5],
						"0.6667": [2.5, -2.5, 2.5],
						"0.75": [0, 0, 0],
						"0.8333": [0, 0, -7.5],
						"0.9167": [0, 0, 2.5],
						"1.0": [10, 0, 2.5],
						"1.0833": [0, 0, 2.5],
						"1.1667": [0, 7.5, 2.5],
						"1.25": [-5, -2.5, 2.5],
						"1.3333": [-10, -2.5, 2.5],
						"1.4167": [2.5, -2.5, 2.5]
					}
				}
			}
		}
	}
}