{
	"format_version": "1.8.0",
	"animations": {
		"animation.dekuawk.trans": {
			"loop": true,
			"animation_length": 2,
			"bones": {
				"Corpo": {
					"rotation": {
						"0.0": {
							"post": [0, 0, 0],
							"lerp_mode": "catmullrom"
						},
						"0.25": {
							"post": [0, 0, 0],
							"lerp_mode": "catmullrom"
						},
						"0.4583": {
							"post": [10, 0, 0],
							"lerp_mode": "catmullrom"
						},
						"0.5833": {
							"post": [10, 0, 0],
							"lerp_mode": "catmullrom"
						},
						"0.75": {
							"post": [-17.5, 0, 0],
							"lerp_mode": "catmullrom"
						},
						"0.875": {
							"post": [-17.5, 0, 0],
							"lerp_mode": "catmullrom"
						},
						"1.0": {
							"post": [5, 0, 0],
							"lerp_mode": "catmullrom"
						},
						"2.0": {
							"post": [5, 0, 0],
							"lerp_mode": "catmullrom"
						}
					},
					"position": {
						"1.0": {
							"pre": [0, 0, -2],
							"post": [0, 0, -2],
							"lerp_mode": "catmullrom"
						},
						"2.0": {
							"post": [0, 0, -2],
							"lerp_mode": "catmullrom"
						}
					}
				},
				"rightBraco": {
					"rotation": {
						"0.0": {
							"post": [-38.25563, 12.70001, 15.57939],
							"lerp_mode": "catmullrom"
						},
						"0.25": {
							"post": [-38.26, 12.7, 15.58],
							"lerp_mode": "catmullrom"
						},
						"0.4583": {
							"post": [19.24, 12.7, 15.58],
							"lerp_mode": "catmullrom"
						},
						"0.5833": {
							"post": [19.24, 12.7, 15.58],
							"lerp_mode": "catmullrom"
						},
						"0.75": {
							"post": [-141.62165, -4.26947, 37.36074],
							"lerp_mode": "catmullrom"
						},
						"0.875": {
							"post": [-141.62, -4.27, 37.36],
							"lerp_mode": "catmullrom"
						},
						"1.0": {
							"post": [8.38, -4.27, 37.36],
							"lerp_mode": "catmullrom"
						},
						"2.0": {
							"post": [8.38, -4.27, 37.36],
							"lerp_mode": "catmullrom"
						}
					}
				},
				"leftBraco": {
					"rotation": {
						"0.0": {
							"post": [-30.00135, -13.12479, -21.46872],
							"lerp_mode": "catmullrom"
						},
						"0.25": {
							"post": [-30, -13.12, -21.47],
							"lerp_mode": "catmullrom"
						},
						"0.4583": {
							"post": [25, -13.12, -21.47],
							"lerp_mode": "catmullrom"
						},
						"0.5833": {
							"post": [25, -13.12, -21.47],
							"lerp_mode": "catmullrom"
						},
						"0.75": {
							"post": [-145.22649, -0.54226, -40.30031],
							"lerp_mode": "catmullrom"
						},
						"0.875": {
							"post": [-145.23, -0.54, -40.3],
							"lerp_mode": "catmullrom"
						},
						"1.0": {
							"post": [42.27, -0.54, -40.3],
							"lerp_mode": "catmullrom"
						},
						"2.0": {
							"post": [42.27, -0.54, -40.3],
							"lerp_mode": "catmullrom"
						}
					}
				},
				"rightPerna": {
					"rotation": {
						"0.0": {
							"post": [10, 30, 0],
							"lerp_mode": "catmullrom"
						},
						"0.25": {
							"post": [10, 30, 0],
							"lerp_mode": "catmullrom"
						},
						"0.4583": {
							"post": [-10, 30, 0],
							"lerp_mode": "catmullrom"
						},
						"0.5833": {
							"post": [-10, 30, 0],
							"lerp_mode": "catmullrom"
						},
						"0.75": {
							"post": [29.74307, 20.40108, 22.56122],
							"lerp_mode": "catmullrom"
						},
						"0.875": {
							"post": [29.74, 20.4, 22.56],
							"lerp_mode": "catmullrom"
						},
						"1.0": {
							"post": [14.05518, 20.90017, 6.5324],
							"lerp_mode": "catmullrom"
						},
						"2.0": {
							"post": [14.06, 20.9, 6.53],
							"lerp_mode": "catmullrom"
						}
					},
					"position": {
						"0.0": {
							"post": [-2, 0, -4],
							"lerp_mode": "catmullrom"
						},
						"0.25": {
							"post": [-2, 0, -4],
							"lerp_mode": "catmullrom"
						},
						"0.4583": {
							"post": [-2, 0, -4],
							"lerp_mode": "catmullrom"
						},
						"0.5833": {
							"post": [-2, 0, -4],
							"lerp_mode": "catmullrom"
						},
						"0.75": {
							"post": [-1, 0, 0],
							"lerp_mode": "catmullrom"
						},
						"0.875": {
							"post": [-1, 0, 0],
							"lerp_mode": "catmullrom"
						},
						"2.0": {
							"post": [-1, 0, 0],
							"lerp_mode": "catmullrom"
						}
					}
				},
				"leftPerna": {
					"rotation": {
						"0.0": {
							"post": [10, -15, 0],
							"lerp_mode": "catmullrom"
						},
						"0.25": {
							"post": [10, -15, 0],
							"lerp_mode": "catmullrom"
						},
						"0.4583": {
							"post": [-7.5, -15, 0],
							"lerp_mode": "catmullrom"
						},
						"0.5833": {
							"post": [-7.5, -15, 0],
							"lerp_mode": "catmullrom"
						},
						"0.75": {
							"post": [29.96402, -16.54407, -18.12003],
							"lerp_mode": "catmullrom"
						},
						"0.875": {
							"post": [29.96, -16.54, -18.12],
							"lerp_mode": "catmullrom"
						},
						"1.0": {
							"post": [-12.79053, -10.95972, -6.59824],
							"lerp_mode": "catmullrom"
						},
						"2.0": {
							"post": [-12.79, -10.96, -6.6],
							"lerp_mode": "catmullrom"
						}
					},
					"position": {
						"0.0": {
							"post": [2, 0, -3],
							"lerp_mode": "catmullrom"
						},
						"0.25": {
							"post": [2, 0, -3],
							"lerp_mode": "catmullrom"
						},
						"0.5833": {
							"post": [2, 0, -3],
							"lerp_mode": "catmullrom"
						},
						"0.75": {
							"post": [2, 0, 1],
							"lerp_mode": "catmullrom"
						},
						"0.875": {
							"post": [2, 0, 1],
							"lerp_mode": "catmullrom"
						},
						"1.0": {
							"post": [0, 0, -1],
							"lerp_mode": "catmullrom"
						},
						"2.0": {
							"post": [0, 0, -1],
							"lerp_mode": "catmullrom"
						}
					}
				},
				"Hair": {
					"rotation": {
						"1.0": {
							"pre": [0, 0, 0],
							"post": [0, 0, 0],
							"lerp_mode": "catmullrom"
						},
						"1.0833": {
							"post": [0, 0, 7.5],
							"lerp_mode": "catmullrom"
						},
						"1.1667": {
							"post": [0, 0, -10],
							"lerp_mode": "catmullrom"
						},
						"1.25": {
							"post": [0, 0, 20],
							"lerp_mode": "catmullrom"
						},
						"1.3333": {
							"post": [0, 0, -10],
							"lerp_mode": "catmullrom"
						},
						"1.4167": {
							"post": [0, 0, 0],
							"lerp_mode": "catmullrom"
						},
						"1.5": {
							"post": [0, 0, 17.5],
							"lerp_mode": "catmullrom"
						},
						"1.5833": {
							"post": [0, 0, -10],
							"lerp_mode": "catmullrom"
						},
						"1.6667": {
							"post": [0, 0, -10],
							"lerp_mode": "catmullrom"
						},
						"1.75": {
							"post": [0, 0, 0],
							"lerp_mode": "catmullrom"
						},
						"2.0": {
							"post": [0, 0, 0],
							"lerp_mode": "catmullrom"
						}
					},
					"scale": {
						"1.3333": {
							"pre": [1, 1, 1],
							"post": [1, 1, 1],
							"lerp_mode": "catmullrom"
						},
						"1.4167": {
							"post": [1, 1.3, 1],
							"lerp_mode": "catmullrom"
						},
						"1.5": {
							"post": [1, 0.9, 1],
							"lerp_mode": "catmullrom"
						},
						"1.5833": {
							"post": [1, 1.2, 1],
							"lerp_mode": "catmullrom"
						},
						"1.6667": {
							"post": [1, 1, 1],
							"lerp_mode": "catmullrom"
						},
						"2.0": {
							"post": [1, 1, 1],
							"lerp_mode": "catmullrom"
						}
					}
				}
			},
			"particle_effects": {
				"1.0": {
					"effect": "tr100",
					"locator": "100ab2"
				}
			}
		}
	}
}