{
	"format_version": "1.8.0",
	"animations": {
		"animation.gaexp": {
			"animation_length": 10,
			"bones": {
				"bone": {
					"position": {
						"0.125": [0, 0, 0],
						"0.25": [0, 2, 0],
						"10.0": [0, 2, 0]
					},
					"scale": {
						"0.0": [1, 1, 1],
						"0.125": [1, 1, 1],
						"0.25": [102.6, 39.4, 96.4],
						"10.0": [102.6, 39.4, 96.4]
					}
				},
				"bone2": {
					"scale": {
						"0.0": [1, 1, 1],
						"0.125": [103.2, 50.7, 98.1],
						"0.25": [104.9, 50.7, 98.1],
						"10.0": [104.9, 50.7, 98.1]
					}
				}
			}
		}
	}
}