{
	"format_version": "1.8.0",
	"animations": {
		"animation.gohanteen.transform": {
			"loop": true,
			"animation_length": 5.5417,
			"bones": {
				"Corpo": {
					"rotation": {
						"0.0": {
							"post": [0, 0, 0],
							"lerp_mode": "catmullrom"
						},
						"0.125": {
							"post": [0, 0, 0],
							"lerp_mode": "catmullrom"
						},
						"0.2917": {
							"post": [-10, 0, 0],
							"lerp_mode": "catmullrom"
						},
						"0.4167": {
							"post": [-10, 0, 0],
							"lerp_mode": "catmullrom"
						},
						"0.9167": {
							"post": [-10, 0, 0],
							"lerp_mode": "catmullrom"
						},
						"1.0": {
							"post": [47.5, 0, 0],
							"lerp_mode": "catmullrom"
						},
						"1.75": {
							"post": [47.5, 0, 0],
							"lerp_mode": "catmullrom"
						},
						"2.6667": {
							"post": [47.5, 0, 0],
							"lerp_mode": "catmullrom"
						},
						"3.5833": {
							"post": [47.5, 0, 0],
							"lerp_mode": "catmullrom"
						},
						"4.5": {
							"post": [47.5, 0, 0],
							"lerp_mode": "catmullrom"
						},
						"4.75": {
							"post": [47.5, 0, 0],
							"lerp_mode": "catmullrom"
						},
						"4.8333": {
							"post": [-15, 0, 0],
							"lerp_mode": "catmullrom"
						},
						"5.5417": {
							"post": [-15, 0, 0],
							"lerp_mode": "catmullrom"
						}
					},
					"position": {
						"0.0": {
							"post": [0, 0, 0],
							"lerp_mode": "catmullrom"
						},
						"0.125": {
							"post": [0, 0, 0],
							"lerp_mode": "catmullrom"
						},
						"0.4167": {
							"post": [0, 0, 0],
							"lerp_mode": "catmullrom"
						},
						"0.9167": {
							"post": [0, 0, 0],
							"lerp_mode": "catmullrom"
						},
						"1.0": {
							"post": [0, -4, -3],
							"lerp_mode": "catmullrom"
						},
						"1.75": {
							"post": [0, -4, -3],
							"lerp_mode": "catmullrom"
						},
						"2.6667": {
							"post": [0, -4, -3],
							"lerp_mode": "catmullrom"
						},
						"3.5833": {
							"post": [0, -4, -3],
							"lerp_mode": "catmullrom"
						},
						"4.5": {
							"post": [0, -4, -3],
							"lerp_mode": "catmullrom"
						},
						"4.75": {
							"post": [0, -4, -3],
							"lerp_mode": "catmullrom"
						},
						"4.8333": {
							"post": [0, 0, 0],
							"lerp_mode": "catmullrom"
						},
						"5.5417": {
							"post": [0, 0, 0],
							"lerp_mode": "catmullrom"
						}
					},
					"scale": {
						"0.0": {
							"post": [1, 1, 1],
							"lerp_mode": "catmullrom"
						},
						"0.125": {
							"post": [1, 1, 1],
							"lerp_mode": "catmullrom"
						},
						"0.4167": {
							"post": [1, 1, 1],
							"lerp_mode": "catmullrom"
						},
						"0.9167": {
							"post": [1, 1, 1],
							"lerp_mode": "catmullrom"
						},
						"1.75": {
							"post": [1, 1, 1],
							"lerp_mode": "catmullrom"
						},
						"2.6667": {
							"post": [1, 1, 1],
							"lerp_mode": "catmullrom"
						},
						"3.5833": {
							"post": [1, 1, 1],
							"lerp_mode": "catmullrom"
						},
						"4.5": {
							"post": [1, 1, 1],
							"lerp_mode": "catmullrom"
						},
						"4.75": {
							"post": [1, 1, 1],
							"lerp_mode": "catmullrom"
						},
						"5.5417": {
							"post": [1, 1, 1],
							"lerp_mode": "catmullrom"
						}
					}
				},
				"Roupa": {
					"rotation": {
						"0.0": {
							"post": [0, 0, 0],
							"lerp_mode": "catmullrom"
						},
						"0.125": {
							"post": [0, 0, 0],
							"lerp_mode": "catmullrom"
						},
						"0.4167": {
							"post": [0, 0, 0],
							"lerp_mode": "catmullrom"
						},
						"0.9167": {
							"post": [0, 0, 0],
							"lerp_mode": "catmullrom"
						},
						"1.0": {
							"post": [0, 0, 7.5],
							"lerp_mode": "catmullrom"
						},
						"1.0833": {
							"post": [0, 0, -2.5],
							"lerp_mode": "catmullrom"
						},
						"1.1667": {
							"post": [0, 0, 2.5],
							"lerp_mode": "catmullrom"
						},
						"1.25": {
							"post": [0, 0, 0],
							"lerp_mode": "catmullrom"
						},
						"1.3333": {
							"post": [0, 0, -2.5],
							"lerp_mode": "catmullrom"
						},
						"1.4167": {
							"post": [0, 0, 0],
							"lerp_mode": "catmullrom"
						},
						"1.5": {
							"post": [0, 0, -2.5],
							"lerp_mode": "catmullrom"
						},
						"1.5833": {
							"post": [0, 0, 0],
							"lerp_mode": "catmullrom"
						},
						"1.6667": {
							"post": [0, 0, -2.5],
							"lerp_mode": "catmullrom"
						},
						"1.75": {
							"post": [0, 0, 7.5],
							"lerp_mode": "catmullrom"
						},
						"1.8333": {
							"post": [0, 0, -2.5],
							"lerp_mode": "catmullrom"
						},
						"1.9167": {
							"post": [0, 0, 2.5],
							"lerp_mode": "catmullrom"
						},
						"2.0": {
							"post": [0, 0, 0],
							"lerp_mode": "catmullrom"
						},
						"2.0833": {
							"post": [0, 0, -2.5],
							"lerp_mode": "catmullrom"
						},
						"2.1667": {
							"post": [0, 0, 0],
							"lerp_mode": "catmullrom"
						},
						"2.25": {
							"post": [0, 0, 7.5],
							"lerp_mode": "catmullrom"
						},
						"2.3333": {
							"post": [0, 0, 0],
							"lerp_mode": "catmullrom"
						},
						"2.4167": {
							"post": [0, 0, -2.5],
							"lerp_mode": "catmullrom"
						},
						"2.5": {
							"post": [0, 0, 0],
							"lerp_mode": "catmullrom"
						},
						"2.5833": {
							"post": [0, 0, -2.5],
							"lerp_mode": "catmullrom"
						},
						"2.6667": {
							"post": [0, 0, 7.5],
							"lerp_mode": "catmullrom"
						},
						"2.8333": {
							"post": [0, 0, 2.5],
							"lerp_mode": "catmullrom"
						},
						"2.9167": {
							"post": [0, 0, 0],
							"lerp_mode": "catmullrom"
						},
						"3.0": {
							"post": [0, 0, -2.5],
							"lerp_mode": "catmullrom"
						},
						"3.0833": {
							"post": [0, 0, 0],
							"lerp_mode": "catmullrom"
						},
						"3.1667": {
							"post": [0, 0, 7.5],
							"lerp_mode": "catmullrom"
						},
						"3.25": {
							"post": [0, 0, 0],
							"lerp_mode": "catmullrom"
						},
						"3.3333": {
							"post": [0, 0, -2.5],
							"lerp_mode": "catmullrom"
						},
						"3.4167": {
							"post": [0, 0, 0],
							"lerp_mode": "catmullrom"
						},
						"3.5": {
							"post": [0, 0, -2.5],
							"lerp_mode": "catmullrom"
						},
						"3.5833": {
							"post": [0, 0, 7.5],
							"lerp_mode": "catmullrom"
						},
						"3.75": {
							"post": [0, 0, 2.5],
							"lerp_mode": "catmullrom"
						},
						"3.8333": {
							"post": [0, 0, 0],
							"lerp_mode": "catmullrom"
						},
						"3.9167": {
							"post": [0, 0, -2.5],
							"lerp_mode": "catmullrom"
						},
						"4.0": {
							"post": [0, 0, 0],
							"lerp_mode": "catmullrom"
						},
						"4.0833": {
							"post": [0, 0, 7.5],
							"lerp_mode": "catmullrom"
						},
						"4.1667": {
							"post": [0, 0, 0],
							"lerp_mode": "catmullrom"
						},
						"4.25": {
							"post": [0, 0, -2.5],
							"lerp_mode": "catmullrom"
						},
						"4.3333": {
							"post": [0, 0, 0],
							"lerp_mode": "catmullrom"
						},
						"4.4167": {
							"post": [0, 0, -2.5],
							"lerp_mode": "catmullrom"
						},
						"4.5": {
							"post": [0, 0, 7.5],
							"lerp_mode": "catmullrom"
						},
						"4.75": {
							"post": [0, 0, 7.5],
							"lerp_mode": "catmullrom"
						},
						"4.8333": {
							"post": [0, 0, -5],
							"lerp_mode": "catmullrom"
						},
						"4.9167": {
							"post": [0, 0, 5],
							"lerp_mode": "catmullrom"
						},
						"5.0": {
							"post": [0, 0, -7.5],
							"lerp_mode": "catmullrom"
						},
						"5.125": {
							"post": [0, 0, 5],
							"lerp_mode": "catmullrom"
						},
						"5.25": {
							"post": [0, 0, 0],
							"lerp_mode": "catmullrom"
						},
						"5.5417": {
							"post": [0, 0, 0],
							"lerp_mode": "catmullrom"
						}
					},
					"position": {
						"0.0": {
							"post": [0, 0, 0],
							"lerp_mode": "catmullrom"
						},
						"0.125": {
							"post": [0, 0, 0],
							"lerp_mode": "catmullrom"
						},
						"0.4167": {
							"post": [0, 0, 0],
							"lerp_mode": "catmullrom"
						},
						"0.9167": {
							"post": [0, 0, 0],
							"lerp_mode": "catmullrom"
						},
						"1.75": {
							"post": [0, 0, 0],
							"lerp_mode": "catmullrom"
						},
						"2.6667": {
							"post": [0, 0, 0],
							"lerp_mode": "catmullrom"
						},
						"3.5833": {
							"post": [0, 0, 0],
							"lerp_mode": "catmullrom"
						},
						"4.5": {
							"post": [0, 0, 0],
							"lerp_mode": "catmullrom"
						},
						"4.75": {
							"post": [0, 0, 0],
							"lerp_mode": "catmullrom"
						},
						"5.5417": {
							"post": [0, 0, 0],
							"lerp_mode": "catmullrom"
						}
					},
					"scale": {
						"0.0": {
							"post": [1, 1, 1],
							"lerp_mode": "catmullrom"
						},
						"0.125": {
							"post": [1, 1, 1],
							"lerp_mode": "catmullrom"
						},
						"0.4167": {
							"post": [1, 1, 1],
							"lerp_mode": "catmullrom"
						},
						"0.9167": {
							"post": [1, 1, 1],
							"lerp_mode": "catmullrom"
						},
						"1.0": {
							"post": [1.1, 1, 1],
							"lerp_mode": "catmullrom"
						},
						"1.0833": {
							"post": [1, 1.1, 1],
							"lerp_mode": "catmullrom"
						},
						"1.1667": {
							"post": [1.1, 1, 1],
							"lerp_mode": "catmullrom"
						},
						"1.25": {
							"post": [1, 1.1, 1],
							"lerp_mode": "catmullrom"
						},
						"1.3333": {
							"post": [1.1, 1, 1],
							"lerp_mode": "catmullrom"
						},
						"1.4167": {
							"post": [1, 1.1, 1],
							"lerp_mode": "catmullrom"
						},
						"1.5": {
							"post": [1.1, 1, 1],
							"lerp_mode": "catmullrom"
						},
						"1.5833": {
							"post": [1, 1.1, 1],
							"lerp_mode": "catmullrom"
						},
						"1.6667": {
							"post": [1.1, 1, 1],
							"lerp_mode": "catmullrom"
						},
						"1.75": {
							"post": [1, 1, 1],
							"lerp_mode": "catmullrom"
						},
						"1.8333": {
							"post": [1.1, 1, 1],
							"lerp_mode": "catmullrom"
						},
						"1.9167": {
							"post": [1.1, 1, 1],
							"lerp_mode": "catmullrom"
						},
						"2.0": {
							"post": [1, 1.1, 1],
							"lerp_mode": "catmullrom"
						},
						"2.0833": {
							"post": [1.1, 1, 1],
							"lerp_mode": "catmullrom"
						},
						"2.1667": {
							"post": [1, 1.1, 1],
							"lerp_mode": "catmullrom"
						},
						"2.25": {
							"post": [1.1, 1, 1],
							"lerp_mode": "catmullrom"
						},
						"2.3333": {
							"post": [1, 1.1, 1],
							"lerp_mode": "catmullrom"
						},
						"2.4167": {
							"post": [1.1, 1, 1],
							"lerp_mode": "catmullrom"
						},
						"2.5": {
							"post": [1, 1.1, 1],
							"lerp_mode": "catmullrom"
						},
						"2.5833": {
							"post": [1.1, 1, 1],
							"lerp_mode": "catmullrom"
						},
						"2.6667": {
							"post": [1, 1, 1],
							"lerp_mode": "catmullrom"
						},
						"2.8333": {
							"post": [1.1, 1, 1],
							"lerp_mode": "catmullrom"
						},
						"2.9167": {
							"post": [1, 1.1, 1],
							"lerp_mode": "catmullrom"
						},
						"3.0": {
							"post": [1.1, 1, 1],
							"lerp_mode": "catmullrom"
						},
						"3.0833": {
							"post": [1, 1.1, 1],
							"lerp_mode": "catmullrom"
						},
						"3.1667": {
							"post": [1.1, 1, 1],
							"lerp_mode": "catmullrom"
						},
						"3.25": {
							"post": [1, 1.1, 1],
							"lerp_mode": "catmullrom"
						},
						"3.3333": {
							"post": [1.1, 1, 1],
							"lerp_mode": "catmullrom"
						},
						"3.4167": {
							"post": [1, 1.1, 1],
							"lerp_mode": "catmullrom"
						},
						"3.5": {
							"post": [1.1, 1, 1],
							"lerp_mode": "catmullrom"
						},
						"3.5833": {
							"post": [1, 1, 1],
							"lerp_mode": "catmullrom"
						},
						"3.75": {
							"post": [1.1, 1, 1],
							"lerp_mode": "catmullrom"
						},
						"3.8333": {
							"post": [1, 1.1, 1],
							"lerp_mode": "catmullrom"
						},
						"3.9167": {
							"post": [1.1, 1, 1],
							"lerp_mode": "catmullrom"
						},
						"4.0": {
							"post": [1, 1.1, 1],
							"lerp_mode": "catmullrom"
						},
						"4.0833": {
							"post": [1.1, 1, 1],
							"lerp_mode": "catmullrom"
						},
						"4.1667": {
							"post": [1, 1.1, 1],
							"lerp_mode": "catmullrom"
						},
						"4.25": {
							"post": [1.1, 1, 1],
							"lerp_mode": "catmullrom"
						},
						"4.3333": {
							"post": [1, 1.1, 1],
							"lerp_mode": "catmullrom"
						},
						"4.4167": {
							"post": [1.1, 1, 1],
							"lerp_mode": "catmullrom"
						},
						"4.5": {
							"post": [1, 1, 1],
							"lerp_mode": "catmullrom"
						},
						"4.75": {
							"post": [1, 1, 1],
							"lerp_mode": "catmullrom"
						},
						"4.8333": {
							"post": [1.1, 1, 1],
							"lerp_mode": "catmullrom"
						},
						"5.25": {
							"post": [1, 1, 1],
							"lerp_mode": "catmullrom"
						},
						"5.5417": {
							"post": [1, 1, 1],
							"lerp_mode": "catmullrom"
						}
					}
				},
				"rightBraco": {
					"rotation": {
						"0.0": {
							"post": [0, 0, 0],
							"lerp_mode": "catmullrom"
						},
						"0.125": {
							"post": [0, 0, 0],
							"lerp_mode": "catmullrom"
						},
						"0.2917": {
							"post": [-139.39377, 3.58754, 59.60969],
							"lerp_mode": "catmullrom"
						},
						"0.4167": {
							"post": [-139.39, 3.59, 59.61],
							"lerp_mode": "catmullrom"
						},
						"0.9167": {
							"post": [-139.39, 3.59, 59.61],
							"lerp_mode": "catmullrom"
						},
						"1.0": {
							"post": [-112.96773, 38.96805, -46.32396],
							"lerp_mode": "catmullrom"
						},
						"1.75": {
							"post": [-112.96773, 38.96805, -46.32396],
							"lerp_mode": "catmullrom"
						},
						"1.875": {
							"post": [-115.46773, 38.96805, -46.32396],
							"lerp_mode": "catmullrom"
						},
						"2.0417": {
							"post": [-107.96773, 38.96805, -46.32396],
							"lerp_mode": "catmullrom"
						},
						"2.25": {
							"post": [-115.46773, 38.96805, -46.32396],
							"lerp_mode": "catmullrom"
						},
						"2.4583": {
							"post": [-110.46773, 38.96805, -46.32396],
							"lerp_mode": "catmullrom"
						},
						"2.6667": {
							"post": [-112.96773, 38.96805, -46.32396],
							"lerp_mode": "catmullrom"
						},
						"2.7917": {
							"post": [-115.46773, 38.96805, -46.32396],
							"lerp_mode": "catmullrom"
						},
						"2.9583": {
							"post": [-107.96773, 38.96805, -46.32396],
							"lerp_mode": "catmullrom"
						},
						"3.1667": {
							"post": [-115.46773, 38.96805, -46.32396],
							"lerp_mode": "catmullrom"
						},
						"3.375": {
							"post": [-110.46773, 38.96805, -46.32396],
							"lerp_mode": "catmullrom"
						},
						"3.5833": {
							"post": [-112.96773, 38.96805, -46.32396],
							"lerp_mode": "catmullrom"
						},
						"3.7083": {
							"post": [-115.46773, 38.96805, -46.32396],
							"lerp_mode": "catmullrom"
						},
						"3.875": {
							"post": [-107.96773, 38.96805, -46.32396],
							"lerp_mode": "catmullrom"
						},
						"4.0833": {
							"post": [-115.46773, 38.96805, -46.32396],
							"lerp_mode": "catmullrom"
						},
						"4.2917": {
							"post": [-110.46773, 38.96805, -46.32396],
							"lerp_mode": "catmullrom"
						},
						"4.5": {
							"post": [-112.96773, 38.96805, -46.32396],
							"lerp_mode": "catmullrom"
						},
						"4.6667": {
							"post": [-165.80321, 37.4157, -11.17156],
							"lerp_mode": "catmullrom"
						},
						"4.75": {
							"post": [-165.8, 37.42, -11.17],
							"lerp_mode": "catmullrom"
						},
						"4.8333": {
							"post": [27.50865, 35.33039, 42.96944],
							"lerp_mode": "catmullrom"
						},
						"5.5417": {
							"post": [27.51, 35.33, 42.97],
							"lerp_mode": "catmullrom"
						}
					},
					"position": {
						"0.0": {
							"post": [0, 0, 0],
							"lerp_mode": "catmullrom"
						},
						"0.125": {
							"post": [0, 0, 0],
							"lerp_mode": "catmullrom"
						},
						"0.2917": {
							"post": [0, 0, -1],
							"lerp_mode": "catmullrom"
						},
						"0.4167": {
							"post": [0, 0, -1],
							"lerp_mode": "catmullrom"
						},
						"0.9167": {
							"post": [0, 0, -1],
							"lerp_mode": "catmullrom"
						},
						"1.0": {
							"post": [0, 0, 1],
							"lerp_mode": "catmullrom"
						},
						"1.75": {
							"post": [0, 0, 1],
							"lerp_mode": "catmullrom"
						},
						"2.6667": {
							"post": [0, 0, 1],
							"lerp_mode": "catmullrom"
						},
						"3.5833": {
							"post": [0, 0, 1],
							"lerp_mode": "catmullrom"
						},
						"4.5": {
							"post": [0, 0, 1],
							"lerp_mode": "catmullrom"
						},
						"4.75": {
							"post": [0, 0, 1],
							"lerp_mode": "catmullrom"
						},
						"5.5417": {
							"post": [0, 0, 1],
							"lerp_mode": "catmullrom"
						}
					},
					"scale": {
						"0.0": {
							"post": [1, 1, 1],
							"lerp_mode": "catmullrom"
						},
						"0.125": {
							"post": [1, 1, 1],
							"lerp_mode": "catmullrom"
						},
						"0.4167": {
							"post": [1, 1, 1],
							"lerp_mode": "catmullrom"
						},
						"0.9167": {
							"post": [1, 1, 1],
							"lerp_mode": "catmullrom"
						},
						"1.75": {
							"post": [1, 1, 1],
							"lerp_mode": "catmullrom"
						},
						"2.6667": {
							"post": [1, 1, 1],
							"lerp_mode": "catmullrom"
						},
						"3.5833": {
							"post": [1, 1, 1],
							"lerp_mode": "catmullrom"
						},
						"4.5": {
							"post": [1, 1, 1],
							"lerp_mode": "catmullrom"
						},
						"4.75": {
							"post": [1, 1, 1],
							"lerp_mode": "catmullrom"
						},
						"5.5417": {
							"post": [1, 1, 1],
							"lerp_mode": "catmullrom"
						}
					}
				},
				"leftBiceps": {
					"rotation": {
						"0.0": [0, 0, 0],
						"0.125": [0, 0, 0],
						"0.4167": [0, 0, 0],
						"0.9167": [0, 0, 0]
					},
					"position": {
						"0.0": [0, 0, 0],
						"0.125": [0, 0, 0],
						"0.4167": [0, 0, 0],
						"0.9167": [0, 0, 0]
					},
					"scale": {
						"0.0": [1, 1, 1],
						"0.125": [1, 1, 1],
						"0.4167": [1, 1, 1],
						"0.9167": [1, 1, 1]
					}
				},
				"leftBraco": {
					"rotation": {
						"0.0": {
							"post": [0, 0, 0],
							"lerp_mode": "catmullrom"
						},
						"0.125": {
							"post": [0, 0, 0],
							"lerp_mode": "catmullrom"
						},
						"0.2917": {
							"post": [-123.65495, -2.21738, -62.47765],
							"lerp_mode": "catmullrom"
						},
						"0.4167": {
							"post": [-123.65, -2.22, -62.48],
							"lerp_mode": "catmullrom"
						},
						"0.9167": {
							"post": [-123.65, -2.22, -62.48],
							"lerp_mode": "catmullrom"
						},
						"1.0": {
							"post": [-104.14364, -35.07564, 39.42602],
							"lerp_mode": "catmullrom"
						},
						"1.75": {
							"post": [-104.14364, -35.07564, 39.42602],
							"lerp_mode": "catmullrom"
						},
						"1.875": {
							"post": [-106.64364, -35.07564, 39.42602],
							"lerp_mode": "catmullrom"
						},
						"2.0417": {
							"post": [-101.64364, -35.07564, 39.42602],
							"lerp_mode": "catmullrom"
						},
						"2.25": {
							"post": [-106.64364, -35.07564, 39.42602],
							"lerp_mode": "catmullrom"
						},
						"2.4583": {
							"post": [-104.84487, -34.05896, 40.14397],
							"lerp_mode": "catmullrom"
						},
						"2.6667": {
							"post": [-104.14364, -35.07564, 39.42602],
							"lerp_mode": "catmullrom"
						},
						"2.7917": {
							"post": [-106.64364, -35.07564, 39.42602],
							"lerp_mode": "catmullrom"
						},
						"2.9583": {
							"post": [-101.64364, -35.07564, 39.42602],
							"lerp_mode": "catmullrom"
						},
						"3.1667": {
							"post": [-106.64364, -35.07564, 39.42602],
							"lerp_mode": "catmullrom"
						},
						"3.375": {
							"post": [-104.84487, -34.05896, 40.14397],
							"lerp_mode": "catmullrom"
						},
						"3.5833": {
							"post": [-104.14364, -35.07564, 39.42602],
							"lerp_mode": "catmullrom"
						},
						"3.7083": {
							"post": [-106.64364, -35.07564, 39.42602],
							"lerp_mode": "catmullrom"
						},
						"3.875": {
							"post": [-101.64364, -35.07564, 39.42602],
							"lerp_mode": "catmullrom"
						},
						"4.0833": {
							"post": [-106.64364, -35.07564, 39.42602],
							"lerp_mode": "catmullrom"
						},
						"4.2917": {
							"post": [-104.84487, -34.05896, 40.14397],
							"lerp_mode": "catmullrom"
						},
						"4.5": {
							"post": [-104.14364, -35.07564, 39.42602],
							"lerp_mode": "catmullrom"
						},
						"4.6667": {
							"post": [-159.99483, -29.44265, 4.39017],
							"lerp_mode": "catmullrom"
						},
						"4.75": {
							"post": [-159.99, -29.44, 4.39],
							"lerp_mode": "catmullrom"
						},
						"4.8333": {
							"post": [4.0293, -31.52989, -27.54145],
							"lerp_mode": "catmullrom"
						},
						"5.5417": {
							"post": [4.03, -31.53, -27.54],
							"lerp_mode": "catmullrom"
						}
					},
					"position": {
						"0.0": {
							"post": [0, 0, 0],
							"lerp_mode": "catmullrom"
						},
						"0.125": {
							"post": [0, 0, 0],
							"lerp_mode": "catmullrom"
						},
						"0.2917": {
							"post": [0, 0, -1],
							"lerp_mode": "catmullrom"
						},
						"0.4167": {
							"post": [0, 0, -1],
							"lerp_mode": "catmullrom"
						},
						"0.9167": {
							"post": [0, 0, -1],
							"lerp_mode": "catmullrom"
						},
						"1.0": {
							"post": [0, 0, 2],
							"lerp_mode": "catmullrom"
						},
						"1.75": {
							"post": [0, 0, 2],
							"lerp_mode": "catmullrom"
						},
						"2.6667": {
							"post": [0, 0, 2],
							"lerp_mode": "catmullrom"
						},
						"3.5833": {
							"post": [0, 0, 2],
							"lerp_mode": "catmullrom"
						},
						"4.5": {
							"post": [0, 0, 2],
							"lerp_mode": "catmullrom"
						},
						"4.75": {
							"post": [0, 0, 2],
							"lerp_mode": "catmullrom"
						},
						"5.5417": {
							"post": [0, 0, 2],
							"lerp_mode": "catmullrom"
						}
					},
					"scale": {
						"0.0": {
							"post": [1, 1, 1],
							"lerp_mode": "catmullrom"
						},
						"0.125": {
							"post": [1, 1, 1],
							"lerp_mode": "catmullrom"
						},
						"0.4167": {
							"post": [1, 1, 1],
							"lerp_mode": "catmullrom"
						},
						"0.9167": {
							"post": [1, 1, 1],
							"lerp_mode": "catmullrom"
						},
						"1.75": {
							"post": [1, 1, 1],
							"lerp_mode": "catmullrom"
						},
						"2.6667": {
							"post": [1, 1, 1],
							"lerp_mode": "catmullrom"
						},
						"3.5833": {
							"post": [1, 1, 1],
							"lerp_mode": "catmullrom"
						},
						"4.5": {
							"post": [1, 1, 1],
							"lerp_mode": "catmullrom"
						},
						"4.75": {
							"post": [1, 1, 1],
							"lerp_mode": "catmullrom"
						},
						"5.5417": {
							"post": [1, 1, 1],
							"lerp_mode": "catmullrom"
						}
					}
				},
				"rightBiceps": {
					"rotation": {
						"0.0": [0, 0, 0],
						"0.125": [0, 0, 0],
						"0.4167": [0, 0, 0],
						"0.9167": [0, 0, 0]
					},
					"position": {
						"0.0": [0, 0, 0],
						"0.125": [0, 0, 0],
						"0.4167": [0, 0, 0],
						"0.9167": [0, 0, 0]
					},
					"scale": {
						"0.0": [1, 1, 1],
						"0.125": [1, 1, 1],
						"0.4167": [1, 1, 1],
						"0.9167": [1, 1, 1]
					}
				},
				"rightPerna": {
					"rotation": {
						"0.0": {
							"post": [0, 0, 0],
							"lerp_mode": "catmullrom"
						},
						"0.125": {
							"post": [0, 0, 0],
							"lerp_mode": "catmullrom"
						},
						"0.2917": {
							"post": [15.21645, 10.78019, 8.0879],
							"lerp_mode": "catmullrom"
						},
						"0.4167": {
							"post": [15.22, 10.78, 8.09],
							"lerp_mode": "catmullrom"
						},
						"0.9167": {
							"post": [15.22, 10.78, 8.09],
							"lerp_mode": "catmullrom"
						},
						"1.0": {
							"post": [-49.78, 10.78, 8.09],
							"lerp_mode": "catmullrom"
						},
						"1.75": {
							"post": [-49.78, 10.78, 8.09],
							"lerp_mode": "catmullrom"
						},
						"2.6667": {
							"post": [-49.78, 10.78, 8.09],
							"lerp_mode": "catmullrom"
						},
						"3.5833": {
							"post": [-49.78, 10.78, 8.09],
							"lerp_mode": "catmullrom"
						},
						"4.5": {
							"post": [-49.78, 10.78, 8.09],
							"lerp_mode": "catmullrom"
						},
						"4.75": {
							"post": [-49.78, 10.78, 8.09],
							"lerp_mode": "catmullrom"
						},
						"4.8333": {
							"post": [20.22, 10.78, 8.09],
							"lerp_mode": "catmullrom"
						},
						"5.5417": {
							"post": [20.22, 10.78, 8.09],
							"lerp_mode": "catmullrom"
						}
					},
					"position": {
						"0.0": {
							"post": [0, 0, 0],
							"lerp_mode": "catmullrom"
						},
						"0.125": {
							"post": [0, 0, 0],
							"lerp_mode": "catmullrom"
						},
						"0.4167": {
							"post": [0, 0, 0],
							"lerp_mode": "catmullrom"
						},
						"0.9167": {
							"post": [0, 0, 0],
							"lerp_mode": "catmullrom"
						},
						"1.0": {
							"post": [-1, 3, -3],
							"lerp_mode": "catmullrom"
						},
						"1.75": {
							"post": [-1, 3, -3],
							"lerp_mode": "catmullrom"
						},
						"2.6667": {
							"post": [-1, 3, -3],
							"lerp_mode": "catmullrom"
						},
						"3.5833": {
							"post": [-1, 3, -3],
							"lerp_mode": "catmullrom"
						},
						"4.5": {
							"post": [-1, 3, -3],
							"lerp_mode": "catmullrom"
						},
						"4.75": {
							"post": [-1, 3, -3],
							"lerp_mode": "catmullrom"
						},
						"4.8333": {
							"post": [0, 0, 0],
							"lerp_mode": "catmullrom"
						},
						"5.5417": {
							"post": [0, 0, 0],
							"lerp_mode": "catmullrom"
						}
					},
					"scale": {
						"0.0": {
							"post": [1, 1, 1],
							"lerp_mode": "catmullrom"
						},
						"0.125": {
							"post": [1, 1, 1],
							"lerp_mode": "catmullrom"
						},
						"0.4167": {
							"post": [1, 1, 1],
							"lerp_mode": "catmullrom"
						},
						"0.9167": {
							"post": [1, 1, 1],
							"lerp_mode": "catmullrom"
						},
						"1.75": {
							"post": [1, 1, 1],
							"lerp_mode": "catmullrom"
						},
						"2.6667": {
							"post": [1, 1, 1],
							"lerp_mode": "catmullrom"
						},
						"3.5833": {
							"post": [1, 1, 1],
							"lerp_mode": "catmullrom"
						},
						"4.5": {
							"post": [1, 1, 1],
							"lerp_mode": "catmullrom"
						},
						"4.75": {
							"post": [1, 1, 1],
							"lerp_mode": "catmullrom"
						},
						"5.5417": {
							"post": [1, 1, 1],
							"lerp_mode": "catmullrom"
						}
					}
				},
				"leftPerna": {
					"rotation": {
						"0.0": {
							"post": [0, 0, 0],
							"lerp_mode": "catmullrom"
						},
						"0.125": {
							"post": [0, 0, 0],
							"lerp_mode": "catmullrom"
						},
						"0.2917": {
							"post": [12.52713, -6.24209, -6.50469],
							"lerp_mode": "catmullrom"
						},
						"0.4167": {
							"post": [12.53, -6.24, -6.5],
							"lerp_mode": "catmullrom"
						},
						"0.9167": {
							"post": [12.53, -6.24, -6.5],
							"lerp_mode": "catmullrom"
						},
						"1.0": {
							"post": [-44.97, -6.24, -6.5],
							"lerp_mode": "catmullrom"
						},
						"1.75": {
							"post": [-44.97, -6.24, -6.5],
							"lerp_mode": "catmullrom"
						},
						"2.6667": {
							"post": [-44.97, -6.24, -6.5],
							"lerp_mode": "catmullrom"
						},
						"3.5833": {
							"post": [-44.97, -6.24, -6.5],
							"lerp_mode": "catmullrom"
						},
						"4.5": {
							"post": [-44.97, -6.24, -6.5],
							"lerp_mode": "catmullrom"
						},
						"4.75": {
							"post": [-44.97, -6.24, -6.5],
							"lerp_mode": "catmullrom"
						},
						"4.8333": {
							"post": [20.03, -6.24, -6.5],
							"lerp_mode": "catmullrom"
						},
						"5.5417": {
							"post": [20.03, -6.24, -6.5],
							"lerp_mode": "catmullrom"
						}
					},
					"position": {
						"0.0": {
							"post": [0, 0, 0],
							"lerp_mode": "catmullrom"
						},
						"0.125": {
							"post": [0, 0, 0],
							"lerp_mode": "catmullrom"
						},
						"0.4167": {
							"post": [0, 0, 0],
							"lerp_mode": "catmullrom"
						},
						"0.9167": {
							"post": [0, 0, 0],
							"lerp_mode": "catmullrom"
						},
						"1.0": {
							"post": [1, 3, -3],
							"lerp_mode": "catmullrom"
						},
						"1.75": {
							"post": [1, 3, -3],
							"lerp_mode": "catmullrom"
						},
						"2.6667": {
							"post": [1, 3, -3],
							"lerp_mode": "catmullrom"
						},
						"3.5833": {
							"post": [1, 3, -3],
							"lerp_mode": "catmullrom"
						},
						"4.5": {
							"post": [1, 3, -3],
							"lerp_mode": "catmullrom"
						},
						"4.75": {
							"post": [1, 3, -3],
							"lerp_mode": "catmullrom"
						},
						"4.8333": {
							"post": [0, 0, 0],
							"lerp_mode": "catmullrom"
						},
						"5.5417": {
							"post": [0, 0, 0],
							"lerp_mode": "catmullrom"
						}
					},
					"scale": {
						"0.0": {
							"post": [1, 1, 1],
							"lerp_mode": "catmullrom"
						},
						"0.125": {
							"post": [1, 1, 1],
							"lerp_mode": "catmullrom"
						},
						"0.4167": {
							"post": [1, 1, 1],
							"lerp_mode": "catmullrom"
						},
						"0.9167": {
							"post": [1, 1, 1],
							"lerp_mode": "catmullrom"
						},
						"1.75": {
							"post": [1, 1, 1],
							"lerp_mode": "catmullrom"
						},
						"2.6667": {
							"post": [1, 1, 1],
							"lerp_mode": "catmullrom"
						},
						"3.5833": {
							"post": [1, 1, 1],
							"lerp_mode": "catmullrom"
						},
						"4.5": {
							"post": [1, 1, 1],
							"lerp_mode": "catmullrom"
						},
						"4.75": {
							"post": [1, 1, 1],
							"lerp_mode": "catmullrom"
						},
						"5.5417": {
							"post": [1, 1, 1],
							"lerp_mode": "catmullrom"
						}
					}
				},
				"Mecha": {
					"rotation": {
						"1.0": {
							"pre": [0, 0, 0],
							"post": [0, 0, 0],
							"lerp_mode": "catmullrom"
						},
						"1.0833": {
							"post": [0, 0, 15],
							"lerp_mode": "catmullrom"
						},
						"1.1667": {
							"post": [0, 0, 2.5],
							"lerp_mode": "catmullrom"
						},
						"1.2917": {
							"post": [0, 0, 25],
							"lerp_mode": "catmullrom"
						},
						"1.375": {
							"post": [0, 0, 17.5],
							"lerp_mode": "catmullrom"
						},
						"1.5417": {
							"post": [0, 0, 25],
							"lerp_mode": "catmullrom"
						},
						"1.625": {
							"post": [0, 0, 17.5],
							"lerp_mode": "catmullrom"
						},
						"1.75": {
							"post": [0, 0, 0],
							"lerp_mode": "catmullrom"
						},
						"1.9167": {
							"post": [0, 0, 2.5],
							"lerp_mode": "catmullrom"
						},
						"2.0417": {
							"post": [0, 0, 25],
							"lerp_mode": "catmullrom"
						},
						"2.125": {
							"post": [0, 0, 17.5],
							"lerp_mode": "catmullrom"
						},
						"2.2917": {
							"post": [0, 0, 25],
							"lerp_mode": "catmullrom"
						},
						"2.375": {
							"post": [0, 0, 17.5],
							"lerp_mode": "catmullrom"
						},
						"2.5417": {
							"post": [4.6653, 16.88547, 23.19284],
							"lerp_mode": "catmullrom"
						},
						"2.6667": {
							"post": [0, 0, 0],
							"lerp_mode": "catmullrom"
						},
						"2.8333": {
							"post": [0, 0, 2.5],
							"lerp_mode": "catmullrom"
						},
						"2.9583": {
							"post": [0, 0, 25],
							"lerp_mode": "catmullrom"
						},
						"3.0417": {
							"post": [0, 0, 17.5],
							"lerp_mode": "catmullrom"
						},
						"3.2083": {
							"post": [0, 0, 25],
							"lerp_mode": "catmullrom"
						},
						"3.2917": {
							"post": [0, 0, 17.5],
							"lerp_mode": "catmullrom"
						},
						"3.4583": {
							"post": [4.6653, 16.88547, 23.19284],
							"lerp_mode": "catmullrom"
						},
						"3.5833": {
							"post": [0, 0, 0],
							"lerp_mode": "catmullrom"
						},
						"3.75": {
							"post": [0, 0, 2.5],
							"lerp_mode": "catmullrom"
						},
						"3.875": {
							"post": [0, 0, 25],
							"lerp_mode": "catmullrom"
						},
						"3.9583": {
							"post": [0, 0, 17.5],
							"lerp_mode": "catmullrom"
						},
						"4.125": {
							"post": [0, 0, 25],
							"lerp_mode": "catmullrom"
						},
						"4.2083": {
							"post": [0, 0, 17.5],
							"lerp_mode": "catmullrom"
						},
						"4.375": {
							"post": [4.6653, 16.88547, 23.19284],
							"lerp_mode": "catmullrom"
						},
						"4.5": {
							"post": [0, 0, 0],
							"lerp_mode": "catmullrom"
						},
						"4.5833": {
							"post": [-0.96353, -0.86921, 30.78555],
							"lerp_mode": "catmullrom"
						},
						"4.6667": {
							"post": [0.02618, -0.72946, -32.68561],
							"lerp_mode": "catmullrom"
						},
						"4.75": {
							"post": [0, 0, 0],
							"lerp_mode": "catmullrom"
						},
						"4.8333": {
							"post": [0, 0, 7.5],
							"lerp_mode": "catmullrom"
						},
						"4.9167": {
							"post": [0, 0, 0],
							"lerp_mode": "catmullrom"
						},
						"5.0833": {
							"post": [0, 0, 40],
							"lerp_mode": "catmullrom"
						},
						"5.2917": {
							"post": [0, 0, 0],
							"lerp_mode": "catmullrom"
						},
						"5.5417": {
							"post": [0, 0, 0],
							"lerp_mode": "catmullrom"
						}
					},
					"position": {
						"1.0": {
							"pre": [0, 0, 0],
							"post": [0, 0, 0],
							"lerp_mode": "catmullrom"
						},
						"1.75": {
							"post": [0, 0, 0],
							"lerp_mode": "catmullrom"
						},
						"2.6667": {
							"post": [0, 0, 0],
							"lerp_mode": "catmullrom"
						},
						"3.5833": {
							"post": [0, 0, 0],
							"lerp_mode": "catmullrom"
						},
						"4.5": {
							"post": [0, 0, 0],
							"lerp_mode": "catmullrom"
						},
						"4.75": {
							"post": [0, 0, 0],
							"lerp_mode": "catmullrom"
						},
						"5.5417": {
							"post": [0, 0, 0],
							"lerp_mode": "catmullrom"
						}
					},
					"scale": {
						"1.0": {
							"pre": [1, 1, 1],
							"post": [1, 1, 1],
							"lerp_mode": "catmullrom"
						},
						"1.75": {
							"post": [1, 1, 1],
							"lerp_mode": "catmullrom"
						},
						"2.6667": {
							"post": [1, 1, 1],
							"lerp_mode": "catmullrom"
						},
						"3.5833": {
							"post": [1, 1, 1],
							"lerp_mode": "catmullrom"
						},
						"4.5": {
							"post": [1, 1, 1],
							"lerp_mode": "catmullrom"
						},
						"4.75": {
							"post": [1, 1, 1],
							"lerp_mode": "catmullrom"
						},
						"5.5417": {
							"post": [1, 1, 1],
							"lerp_mode": "catmullrom"
						}
					}
				},
				"Mecha5": {
					"rotation": {
						"1.0": {
							"pre": [0, 0, 0],
							"post": [0, 0, 0],
							"lerp_mode": "catmullrom"
						},
						"1.0833": {
							"post": [0, 0, -20],
							"lerp_mode": "catmullrom"
						},
						"1.2083": {
							"post": [0, 0, 7.5],
							"lerp_mode": "catmullrom"
						},
						"1.375": {
							"post": [0, 0, -22.5],
							"lerp_mode": "catmullrom"
						},
						"1.4583": {
							"post": [0, 0, 0],
							"lerp_mode": "catmullrom"
						},
						"1.5833": {
							"post": [0, 0, -25],
							"lerp_mode": "catmullrom"
						},
						"1.7083": {
							"post": [0, 0, -7.5],
							"lerp_mode": "catmullrom"
						},
						"1.75": {
							"post": [0, 0, 0],
							"lerp_mode": "catmullrom"
						},
						"1.9583": {
							"post": [0, 0, 7.5],
							"lerp_mode": "catmullrom"
						},
						"2.125": {
							"post": [0, 0, -22.5],
							"lerp_mode": "catmullrom"
						},
						"2.2083": {
							"post": [0, 0, 0],
							"lerp_mode": "catmullrom"
						},
						"2.3333": {
							"post": [0, 0, -25],
							"lerp_mode": "catmullrom"
						},
						"2.4583": {
							"post": [0, 0, -7.5],
							"lerp_mode": "catmullrom"
						},
						"2.5833": {
							"post": [-0.01475, -12.46183, -3.97818],
							"lerp_mode": "catmullrom"
						},
						"2.6667": {
							"post": [0, 0, 0],
							"lerp_mode": "catmullrom"
						},
						"2.875": {
							"post": [0, 0, 7.5],
							"lerp_mode": "catmullrom"
						},
						"3.0417": {
							"post": [0, 0, -22.5],
							"lerp_mode": "catmullrom"
						},
						"3.125": {
							"post": [0, 0, 0],
							"lerp_mode": "catmullrom"
						},
						"3.25": {
							"post": [0, 0, -25],
							"lerp_mode": "catmullrom"
						},
						"3.375": {
							"post": [0, 0, -7.5],
							"lerp_mode": "catmullrom"
						},
						"3.5": {
							"post": [-0.01475, -12.46183, -3.97818],
							"lerp_mode": "catmullrom"
						},
						"3.5833": {
							"post": [0, 0, 0],
							"lerp_mode": "catmullrom"
						},
						"3.7917": {
							"post": [0, 0, 7.5],
							"lerp_mode": "catmullrom"
						},
						"3.9583": {
							"post": [0, 0, -22.5],
							"lerp_mode": "catmullrom"
						},
						"4.0417": {
							"post": [0, 0, 0],
							"lerp_mode": "catmullrom"
						},
						"4.1667": {
							"post": [0, 0, -25],
							"lerp_mode": "catmullrom"
						},
						"4.2917": {
							"post": [0, 0, -7.5],
							"lerp_mode": "catmullrom"
						},
						"4.4167": {
							"post": [-0.01475, -12.46183, -3.97818],
							"lerp_mode": "catmullrom"
						},
						"4.5": {
							"post": [0, 0, 0],
							"lerp_mode": "catmullrom"
						},
						"4.5833": {
							"post": [3.40031, -2.39601, 30.30345],
							"lerp_mode": "catmullrom"
						},
						"4.6667": {
							"post": [-7.03357, 1.13527, -48.45835],
							"lerp_mode": "catmullrom"
						},
						"4.75": {
							"post": [0, 0, 0],
							"lerp_mode": "catmullrom"
						},
						"4.8333": {
							"post": [-27.5, 0, 0],
							"lerp_mode": "catmullrom"
						},
						"4.9167": {
							"post": [-7.5, 0, 0],
							"lerp_mode": "catmullrom"
						},
						"5.0": {
							"post": [-8.68886, -0.62787, -10.0507],
							"lerp_mode": "catmullrom"
						},
						"5.2917": {
							"post": [0, 0, 0],
							"lerp_mode": "catmullrom"
						},
						"5.5417": {
							"post": [0, 0, 0],
							"lerp_mode": "catmullrom"
						}
					},
					"position": {
						"1.0": {
							"pre": [0, 0, 0],
							"post": [0, 0, 0],
							"lerp_mode": "catmullrom"
						},
						"1.75": {
							"post": [0, 0, 0],
							"lerp_mode": "catmullrom"
						},
						"2.6667": {
							"post": [0, 0, 0],
							"lerp_mode": "catmullrom"
						},
						"3.5833": {
							"post": [0, 0, 0],
							"lerp_mode": "catmullrom"
						},
						"4.5": {
							"post": [0, 0, 0],
							"lerp_mode": "catmullrom"
						},
						"4.75": {
							"post": [0, 0, 0],
							"lerp_mode": "catmullrom"
						},
						"5.5417": {
							"post": [0, 0, 0],
							"lerp_mode": "catmullrom"
						}
					},
					"scale": {
						"1.0": {
							"pre": [1, 1, 1],
							"post": [1, 1, 1],
							"lerp_mode": "catmullrom"
						},
						"1.75": {
							"post": [1, 1, 1],
							"lerp_mode": "catmullrom"
						},
						"2.6667": {
							"post": [1, 1, 1],
							"lerp_mode": "catmullrom"
						},
						"3.5833": {
							"post": [1, 1, 1],
							"lerp_mode": "catmullrom"
						},
						"4.5": {
							"post": [1, 1, 1],
							"lerp_mode": "catmullrom"
						},
						"4.75": {
							"post": [1, 1, 1],
							"lerp_mode": "catmullrom"
						},
						"5.5417": {
							"post": [1, 1, 1],
							"lerp_mode": "catmullrom"
						}
					}
				},
				"Mecha2": {
					"rotation": {
						"1.0": {
							"pre": [0, 0, 0],
							"post": [0, 0, 0],
							"lerp_mode": "catmullrom"
						},
						"1.0833": {
							"post": [0, 0, 15],
							"lerp_mode": "catmullrom"
						},
						"1.2083": {
							"post": [0, 0, 0],
							"lerp_mode": "catmullrom"
						},
						"1.3333": {
							"post": [0, 0, 17.5],
							"lerp_mode": "catmullrom"
						},
						"1.4583": {
							"post": [0, 0, -2.5],
							"lerp_mode": "catmullrom"
						},
						"1.5417": {
							"post": [0, 0, 17.5],
							"lerp_mode": "catmullrom"
						},
						"1.625": {
							"post": [0, 0, -5],
							"lerp_mode": "catmullrom"
						},
						"1.7083": {
							"post": [0, 0, 10],
							"lerp_mode": "catmullrom"
						},
						"1.75": {
							"post": [0, 0, 0],
							"lerp_mode": "catmullrom"
						},
						"1.9583": {
							"post": [0, 0, 0],
							"lerp_mode": "catmullrom"
						},
						"2.0833": {
							"post": [0, 0, 17.5],
							"lerp_mode": "catmullrom"
						},
						"2.2083": {
							"post": [0, 0, -2.5],
							"lerp_mode": "catmullrom"
						},
						"2.2917": {
							"post": [0, 0, 17.5],
							"lerp_mode": "catmullrom"
						},
						"2.375": {
							"post": [0, 0, -5],
							"lerp_mode": "catmullrom"
						},
						"2.4583": {
							"post": [0, 0, 10],
							"lerp_mode": "catmullrom"
						},
						"2.6667": {
							"post": [0, 0, 0],
							"lerp_mode": "catmullrom"
						},
						"2.875": {
							"post": [0, 0, 0],
							"lerp_mode": "catmullrom"
						},
						"3.0": {
							"post": [0, 0, 17.5],
							"lerp_mode": "catmullrom"
						},
						"3.125": {
							"post": [0, 0, -2.5],
							"lerp_mode": "catmullrom"
						},
						"3.2083": {
							"post": [0, 0, 17.5],
							"lerp_mode": "catmullrom"
						},
						"3.2917": {
							"post": [0, 0, -5],
							"lerp_mode": "catmullrom"
						},
						"3.375": {
							"post": [0, 0, 10],
							"lerp_mode": "catmullrom"
						},
						"3.5833": {
							"post": [0, 0, 0],
							"lerp_mode": "catmullrom"
						},
						"3.7917": {
							"post": [0, 0, 0],
							"lerp_mode": "catmullrom"
						},
						"3.9167": {
							"post": [0, 0, 17.5],
							"lerp_mode": "catmullrom"
						},
						"4.0417": {
							"post": [0, 0, -2.5],
							"lerp_mode": "catmullrom"
						},
						"4.125": {
							"post": [0, 0, 17.5],
							"lerp_mode": "catmullrom"
						},
						"4.2083": {
							"post": [0, 0, -5],
							"lerp_mode": "catmullrom"
						},
						"4.2917": {
							"post": [0, 0, 10],
							"lerp_mode": "catmullrom"
						},
						"4.5": {
							"post": [0, 0, 0],
							"lerp_mode": "catmullrom"
						},
						"4.5833": {
							"post": [-15, 0, -0.74074],
							"lerp_mode": "catmullrom"
						},
						"4.6667": {
							"post": [4.0625, 0, -0.41667],
							"lerp_mode": "catmullrom"
						},
						"4.75": {
							"post": [0, 0, 0],
							"lerp_mode": "catmullrom"
						},
						"4.8333": {
							"post": [0, 0, 20],
							"lerp_mode": "catmullrom"
						},
						"4.9167": {
							"post": [0, 0, 0],
							"lerp_mode": "catmullrom"
						},
						"5.0": {
							"post": [0, 0, 10],
							"lerp_mode": "catmullrom"
						},
						"5.2917": {
							"post": [0, 0, 0],
							"lerp_mode": "catmullrom"
						},
						"5.5417": {
							"post": [0, 0, 0],
							"lerp_mode": "catmullrom"
						}
					},
					"position": {
						"1.0": {
							"pre": [0, 0, 0],
							"post": [0, 0, 0],
							"lerp_mode": "catmullrom"
						},
						"1.75": {
							"post": [0, 0, 0],
							"lerp_mode": "catmullrom"
						},
						"2.6667": {
							"post": [0, 0, 0],
							"lerp_mode": "catmullrom"
						},
						"3.5833": {
							"post": [0, 0, 0],
							"lerp_mode": "catmullrom"
						},
						"4.5": {
							"post": [0, 0, 0],
							"lerp_mode": "catmullrom"
						},
						"4.75": {
							"post": [0, 0, 0],
							"lerp_mode": "catmullrom"
						},
						"5.5417": {
							"post": [0, 0, 0],
							"lerp_mode": "catmullrom"
						}
					},
					"scale": {
						"1.0": {
							"pre": [1, 1, 1],
							"post": [1, 1, 1],
							"lerp_mode": "catmullrom"
						},
						"1.75": {
							"post": [1, 1, 1],
							"lerp_mode": "catmullrom"
						},
						"2.6667": {
							"post": [1, 1, 1],
							"lerp_mode": "catmullrom"
						},
						"3.5833": {
							"post": [1, 1, 1],
							"lerp_mode": "catmullrom"
						},
						"4.5": {
							"post": [1, 1, 1],
							"lerp_mode": "catmullrom"
						},
						"4.75": {
							"post": [1, 1, 1],
							"lerp_mode": "catmullrom"
						},
						"5.5417": {
							"post": [1, 1, 1],
							"lerp_mode": "catmullrom"
						}
					}
				},
				"Mecha3": {
					"rotation": {
						"1.0": {
							"pre": [0, 0, 0],
							"post": [0, 0, 0],
							"lerp_mode": "catmullrom"
						},
						"1.0833": {
							"post": [0, 0, 20],
							"lerp_mode": "catmullrom"
						},
						"1.2083": {
							"post": [0, 0, -7.5],
							"lerp_mode": "catmullrom"
						},
						"1.3333": {
							"post": [14.63772, 8.68135, 12.90867],
							"lerp_mode": "catmullrom"
						},
						"1.4583": {
							"post": [0.00616, 1.8242, -5.05929],
							"lerp_mode": "catmullrom"
						},
						"1.5833": {
							"post": [14.63772, 8.68135, 12.90867],
							"lerp_mode": "catmullrom"
						},
						"1.6667": {
							"post": [0.36803, 1.80977, -4.99859],
							"lerp_mode": "catmullrom"
						},
						"1.75": {
							"post": [0, 0, 0],
							"lerp_mode": "catmullrom"
						},
						"1.9583": {
							"post": [0, 0, -7.5],
							"lerp_mode": "catmullrom"
						},
						"2.0833": {
							"post": [14.63772, 8.68135, 12.90867],
							"lerp_mode": "catmullrom"
						},
						"2.2083": {
							"post": [0.00616, 1.8242, -5.05929],
							"lerp_mode": "catmullrom"
						},
						"2.3333": {
							"post": [14.63772, 8.68135, 12.90867],
							"lerp_mode": "catmullrom"
						},
						"2.4167": {
							"post": [0.36803, 1.80977, -4.99859],
							"lerp_mode": "catmullrom"
						},
						"2.5417": {
							"post": [-16.67182, 14.24418, 10.16717],
							"lerp_mode": "catmullrom"
						},
						"2.6667": {
							"post": [0, 0, 0],
							"lerp_mode": "catmullrom"
						},
						"2.875": {
							"post": [0, 0, -7.5],
							"lerp_mode": "catmullrom"
						},
						"3.0": {
							"post": [14.63772, 8.68135, 12.90867],
							"lerp_mode": "catmullrom"
						},
						"3.125": {
							"post": [0.00616, 1.8242, -5.05929],
							"lerp_mode": "catmullrom"
						},
						"3.25": {
							"post": [14.63772, 8.68135, 12.90867],
							"lerp_mode": "catmullrom"
						},
						"3.3333": {
							"post": [0.36803, 1.80977, -4.99859],
							"lerp_mode": "catmullrom"
						},
						"3.4583": {
							"post": [-16.67182, 14.24418, 10.16717],
							"lerp_mode": "catmullrom"
						},
						"3.5833": {
							"post": [0, 0, 0],
							"lerp_mode": "catmullrom"
						},
						"3.7917": {
							"post": [0, 0, -7.5],
							"lerp_mode": "catmullrom"
						},
						"3.9167": {
							"post": [14.63772, 8.68135, 12.90867],
							"lerp_mode": "catmullrom"
						},
						"4.0417": {
							"post": [0.00616, 1.8242, -5.05929],
							"lerp_mode": "catmullrom"
						},
						"4.1667": {
							"post": [14.63772, 8.68135, 12.90867],
							"lerp_mode": "catmullrom"
						},
						"4.25": {
							"post": [0.36803, 1.80977, -4.99859],
							"lerp_mode": "catmullrom"
						},
						"4.375": {
							"post": [-16.67182, 14.24418, 10.16717],
							"lerp_mode": "catmullrom"
						},
						"4.5": {
							"post": [0, 0, 0],
							"lerp_mode": "catmullrom"
						},
						"4.625": {
							"post": [36.72342, 9.77889, 42.91254],
							"lerp_mode": "catmullrom"
						},
						"4.75": {
							"post": [0, 0, 0],
							"lerp_mode": "catmullrom"
						},
						"4.8333": {
							"post": [0, 0, 20],
							"lerp_mode": "catmullrom"
						},
						"4.9167": {
							"post": [25, 0, 20],
							"lerp_mode": "catmullrom"
						},
						"5.0": {
							"post": [2.5, 0, 20],
							"lerp_mode": "catmullrom"
						},
						"5.2917": {
							"post": [0, 0, 0],
							"lerp_mode": "catmullrom"
						},
						"5.5417": {
							"post": [0, 0, 0],
							"lerp_mode": "catmullrom"
						}
					},
					"position": {
						"1.0": {
							"pre": [0, 0, 0],
							"post": [0, 0, 0],
							"lerp_mode": "catmullrom"
						},
						"1.75": {
							"post": [0, 0, 0],
							"lerp_mode": "catmullrom"
						},
						"2.6667": {
							"post": [0, 0, 0],
							"lerp_mode": "catmullrom"
						},
						"3.5833": {
							"post": [0, 0, 0],
							"lerp_mode": "catmullrom"
						},
						"4.5": {
							"post": [0, 0, 0],
							"lerp_mode": "catmullrom"
						},
						"4.75": {
							"post": [0, 0, 0],
							"lerp_mode": "catmullrom"
						},
						"5.5417": {
							"post": [0, 0, 0],
							"lerp_mode": "catmullrom"
						}
					},
					"scale": {
						"1.0": {
							"pre": [1, 1, 1],
							"post": [1, 1, 1],
							"lerp_mode": "catmullrom"
						},
						"1.75": {
							"post": [1, 1, 1],
							"lerp_mode": "catmullrom"
						},
						"2.6667": {
							"post": [1, 1, 1],
							"lerp_mode": "catmullrom"
						},
						"3.5833": {
							"post": [1, 1, 1],
							"lerp_mode": "catmullrom"
						},
						"4.5": {
							"post": [1, 1, 1],
							"lerp_mode": "catmullrom"
						},
						"4.75": {
							"post": [1, 1, 1],
							"lerp_mode": "catmullrom"
						},
						"5.5417": {
							"post": [1, 1, 1],
							"lerp_mode": "catmullrom"
						}
					}
				},
				"Mecha4": {
					"rotation": {
						"1.0": {
							"pre": [0, 0, 0],
							"post": [0, 0, 0],
							"lerp_mode": "catmullrom"
						},
						"1.0833": {
							"post": [0, 12.5, 0],
							"lerp_mode": "catmullrom"
						},
						"1.2083": {
							"post": [0, -5, 0],
							"lerp_mode": "catmullrom"
						},
						"1.3333": {
							"post": [0, 17.5, 0],
							"lerp_mode": "catmullrom"
						},
						"1.4583": {
							"post": [0, -15, 0],
							"lerp_mode": "catmullrom"
						},
						"1.5833": {
							"post": [0, 27.5, 0],
							"lerp_mode": "catmullrom"
						},
						"1.7083": {
							"post": [0, 10, 0],
							"lerp_mode": "catmullrom"
						},
						"1.75": {
							"post": [0, 0, 0],
							"lerp_mode": "catmullrom"
						},
						"1.9583": {
							"post": [0, -5, 0],
							"lerp_mode": "catmullrom"
						},
						"2.0833": {
							"post": [0, 17.5, 0],
							"lerp_mode": "catmullrom"
						},
						"2.2083": {
							"post": [0, -15, 0],
							"lerp_mode": "catmullrom"
						},
						"2.3333": {
							"post": [0, 27.5, 0],
							"lerp_mode": "catmullrom"
						},
						"2.4583": {
							"post": [0, 10, 0],
							"lerp_mode": "catmullrom"
						},
						"2.5417": {
							"post": [0, 36, 0],
							"lerp_mode": "catmullrom"
						},
						"2.6667": {
							"post": [0, 0, 0],
							"lerp_mode": "catmullrom"
						},
						"2.875": {
							"post": [0, -5, 0],
							"lerp_mode": "catmullrom"
						},
						"3.0": {
							"post": [0, 17.5, 0],
							"lerp_mode": "catmullrom"
						},
						"3.125": {
							"post": [0, -15, 0],
							"lerp_mode": "catmullrom"
						},
						"3.25": {
							"post": [0, 27.5, 0],
							"lerp_mode": "catmullrom"
						},
						"3.375": {
							"post": [0, 10, 0],
							"lerp_mode": "catmullrom"
						},
						"3.4583": {
							"post": [0, 36, 0],
							"lerp_mode": "catmullrom"
						},
						"3.5833": {
							"post": [0, 0, 0],
							"lerp_mode": "catmullrom"
						},
						"3.7917": {
							"post": [0, -5, 0],
							"lerp_mode": "catmullrom"
						},
						"3.9167": {
							"post": [0, 17.5, 0],
							"lerp_mode": "catmullrom"
						},
						"4.0417": {
							"post": [0, -15, 0],
							"lerp_mode": "catmullrom"
						},
						"4.1667": {
							"post": [0, 27.5, 0],
							"lerp_mode": "catmullrom"
						},
						"4.2917": {
							"post": [0, 10, 0],
							"lerp_mode": "catmullrom"
						},
						"4.375": {
							"post": [0, 36, 0],
							"lerp_mode": "catmullrom"
						},
						"4.5": {
							"post": [0, 0, 0],
							"lerp_mode": "catmullrom"
						},
						"4.625": {
							"post": [-9.41046, -13.29808, 26.89405],
							"lerp_mode": "catmullrom"
						},
						"4.75": {
							"post": [0, 0, 0],
							"lerp_mode": "catmullrom"
						},
						"4.8333": {
							"post": [0, 0, 27.5],
							"lerp_mode": "catmullrom"
						},
						"4.9167": {
							"post": [-14.32343, 3.66442, 10.0949],
							"lerp_mode": "catmullrom"
						},
						"5.0": {
							"post": [-16.47459, 0.94741, 22.48464],
							"lerp_mode": "catmullrom"
						},
						"5.2917": {
							"post": [0, 0, 0],
							"lerp_mode": "catmullrom"
						},
						"5.5417": {
							"post": [0, 0, 0],
							"lerp_mode": "catmullrom"
						}
					},
					"position": {
						"1.0": {
							"pre": [0, 0, 0],
							"post": [0, 0, 0],
							"lerp_mode": "catmullrom"
						},
						"1.75": {
							"post": [0, 0, 0],
							"lerp_mode": "catmullrom"
						},
						"2.6667": {
							"post": [0, 0, 0],
							"lerp_mode": "catmullrom"
						},
						"3.5833": {
							"post": [0, 0, 0],
							"lerp_mode": "catmullrom"
						},
						"4.5": {
							"post": [0, 0, 0],
							"lerp_mode": "catmullrom"
						},
						"4.75": {
							"post": [0, 0, 0],
							"lerp_mode": "catmullrom"
						},
						"5.5417": {
							"post": [0, 0, 0],
							"lerp_mode": "catmullrom"
						}
					},
					"scale": {
						"1.0": {
							"pre": [1, 1, 1],
							"post": [1, 1, 1],
							"lerp_mode": "catmullrom"
						},
						"1.75": {
							"post": [1, 1, 1],
							"lerp_mode": "catmullrom"
						},
						"2.6667": {
							"post": [1, 1, 1],
							"lerp_mode": "catmullrom"
						},
						"3.5833": {
							"post": [1, 1, 1],
							"lerp_mode": "catmullrom"
						},
						"4.5": {
							"post": [1, 1, 1],
							"lerp_mode": "catmullrom"
						},
						"4.75": {
							"post": [1, 1, 1],
							"lerp_mode": "catmullrom"
						},
						"5.5417": {
							"post": [1, 1, 1],
							"lerp_mode": "catmullrom"
						}
					}
				}
			},
			"sound_effects": {
				"1.0": {
					"effect": "aura"
				}
			},
			"particle_effects": {
				"1.0": {
					"effect": "ssj_tr"
				},
				"3.25": {
					"effect": "ssj_tr"
				}
			}
		}
	}
}