{
	"format_version": "1.8.0",
	"animations": {
		"animation.luffygear5.kaminari": {
			"animation_length": 1.1667,
			"bones": {
				"Corpo": {
					"rotation": {
						"0.0": {
							"post": [15.09, 17.18, 2.29],
							"lerp_mode": "catmullrom"
						},
						"0.3333": {
							"post": [29.77399, 36.41097, 15.51688],
							"lerp_mode": "catmullrom"
						},
						"0.4583": {
							"post": [26.27239, 1.552, -5.71852],
							"lerp_mode": "catmullrom"
						},
						"0.5833": {
							"post": [79.14974, -64.03518, -116.64313],
							"lerp_mode": "catmullrom"
						},
						"0.7917": {
							"post": [119.42566, -59.56058, -164.5325],
							"lerp_mode": "catmullrom"
						},
						"1.1667": {
							"post": [119.43, -59.56, -164.53],
							"lerp_mode": "catmullrom"
						}
					},
					"position": {
						"0.0": {
							"post": [0, 0, 0],
							"lerp_mode": "catmullrom"
						},
						"0.4583": {
							"post": [0, 0, 0],
							"lerp_mode": "catmullrom"
						},
						"1.1667": {
							"post": [0, 0, 0],
							"lerp_mode": "catmullrom"
						}
					},
					"scale": {
						"0.0": {
							"post": [1, 1, 1],
							"lerp_mode": "catmullrom"
						},
						"0.4583": {
							"post": [1, 1, 1],
							"lerp_mode": "catmullrom"
						},
						"1.1667": {
							"post": [1, 1, 1],
							"lerp_mode": "catmullrom"
						}
					}
				},
				"rightBraco": {
					"rotation": {
						"0.0": {
							"post": [-144.85, 11.1, -17.44],
							"lerp_mode": "catmullrom"
						},
						"0.4167": {
							"post": [-187.35, 11.1, -17.44],
							"lerp_mode": "catmullrom"
						},
						"0.5": {
							"post": [-50.485, -38.78658, -27.84052],
							"lerp_mode": "catmullrom"
						},
						"0.5833": {
							"post": [-110.11972, -7.82175, 50.30283],
							"lerp_mode": "catmullrom"
						},
						"0.7917": {
							"post": [-135.11972, -7.82175, 50.30283],
							"lerp_mode": "catmullrom"
						},
						"1.1667": {
							"post": [-135.12, -7.82, 50.3],
							"lerp_mode": "catmullrom"
						}
					},
					"position": {
						"0.0": {
							"post": [-1, 2, 0],
							"lerp_mode": "catmullrom"
						},
						"0.4167": {
							"post": [-1, 2, 0],
							"lerp_mode": "catmullrom"
						},
						"0.5": {
							"post": [-0.41, 2, -6.19],
							"lerp_mode": "catmullrom"
						},
						"0.5833": {
							"post": [1, 2, -4],
							"lerp_mode": "catmullrom"
						},
						"1.1667": {
							"post": [1, 2, -4],
							"lerp_mode": "catmullrom"
						}
					},
					"scale": {
						"0.0": {
							"post": [1, 1, 1],
							"lerp_mode": "catmullrom"
						},
						"0.4583": {
							"post": [1, 1, 1],
							"lerp_mode": "catmullrom"
						},
						"1.1667": {
							"post": [1, 1, 1],
							"lerp_mode": "catmullrom"
						}
					}
				},
				"leftBraco": {
					"rotation": {
						"0.0": {
							"post": [-35.24, 41.93, -55.39],
							"lerp_mode": "catmullrom"
						},
						"0.4583": {
							"post": [-35.24, 41.93, -55.39],
							"lerp_mode": "catmullrom"
						},
						"0.5833": {
							"post": [45.63786, 18.18887, -39.10334],
							"lerp_mode": "catmullrom"
						},
						"0.7917": {
							"post": [58.13786, 18.18887, -39.10334],
							"lerp_mode": "catmullrom"
						},
						"1.1667": {
							"post": [58.14, 18.19, -39.1],
							"lerp_mode": "catmullrom"
						}
					},
					"position": {
						"0.0": {
							"post": [1, 0, -1],
							"lerp_mode": "catmullrom"
						},
						"0.4583": {
							"post": [1, 0, -1],
							"lerp_mode": "catmullrom"
						},
						"0.5833": {
							"post": [1, 0, 2],
							"lerp_mode": "catmullrom"
						},
						"1.1667": {
							"post": [1, 0, 2],
							"lerp_mode": "catmullrom"
						}
					},
					"scale": {
						"0.0": {
							"post": [1, 1, 1],
							"lerp_mode": "catmullrom"
						},
						"0.4583": {
							"post": [1, 1, 1],
							"lerp_mode": "catmullrom"
						},
						"1.1667": {
							"post": [1, 1, 1],
							"lerp_mode": "catmullrom"
						}
					}
				},
				"rightPerna": {
					"relative_to": {
						"rotation": "entity"
					},
					"rotation": {
						"0.0": {
							"post": [36.02, 47.65, 34.53],
							"lerp_mode": "catmullrom"
						},
						"0.4167": {
							"post": [36.02, 47.65, 34.53],
							"lerp_mode": "catmullrom"
						},
						"0.5833": {
							"post": [-14.9505, -44.57016, -87.58704],
							"lerp_mode": "catmullrom"
						},
						"0.7917": {
							"post": [-14.9505, -44.57016, -82.58704],
							"lerp_mode": "catmullrom"
						},
						"1.1667": {
							"post": [-14.95, -44.57, -82.59],
							"lerp_mode": "catmullrom"
						}
					},
					"position": {
						"0.0": {
							"post": [-1, 2, -2],
							"lerp_mode": "catmullrom"
						},
						"0.4167": {
							"post": [-1, 2, -2],
							"lerp_mode": "catmullrom"
						},
						"1.1667": {
							"post": [-1, 2, -2],
							"lerp_mode": "catmullrom"
						}
					},
					"scale": {
						"0.0": {
							"post": [1, 1, 1],
							"lerp_mode": "catmullrom"
						},
						"0.4167": {
							"post": [1, 1, 1],
							"lerp_mode": "catmullrom"
						},
						"1.1667": {
							"post": [1, 1, 1],
							"lerp_mode": "catmullrom"
						}
					}
				},
				"leftPerna": {
					"relative_to": {
						"rotation": "entity"
					},
					"rotation": {
						"0.0": {
							"post": [-33.52, -16.92, -3.01],
							"lerp_mode": "catmullrom"
						},
						"0.4167": {
							"post": [-33.52, -16.92, -3.01],
							"lerp_mode": "catmullrom"
						},
						"0.5833": {
							"post": [0.54128, -45.03007, -146.47144],
							"lerp_mode": "catmullrom"
						},
						"0.7917": {
							"post": [0.54128, -45.03007, -156.47144],
							"lerp_mode": "catmullrom"
						},
						"1.1667": {
							"post": [0.54, -45.03, -156.47],
							"lerp_mode": "catmullrom"
						}
					},
					"position": {
						"0.0": {
							"post": [1, 5, -3],
							"lerp_mode": "catmullrom"
						},
						"0.4167": {
							"post": [1, 5, -3],
							"lerp_mode": "catmullrom"
						},
						"0.5833": {
							"post": [1, 3, -3],
							"lerp_mode": "catmullrom"
						},
						"1.1667": {
							"post": [1, 3, -3],
							"lerp_mode": "catmullrom"
						}
					},
					"scale": {
						"0.0": {
							"post": [1, 1, 1],
							"lerp_mode": "catmullrom"
						},
						"0.4167": {
							"post": [1, 1, 1],
							"lerp_mode": "catmullrom"
						},
						"1.1667": {
							"post": [1, 1, 1],
							"lerp_mode": "catmullrom"
						}
					}
				},
				"legrun": {
					"scale": [0, 1, 0]
				}
			},
			"particle_effects": {
				"0.0": {
					"effect": "kaminari",
					"locator": "kaminari"
				}
			}
		}
	}
}