{
	"format_version": "1.8.0",
	"animations": {
		"animation.luffy.redrock": {
			"animation_length": 2.83333,
			"bones": {
				"Corpo": {
					"rotation": {
						"0.0": {
							"post": [5, -15, 0],
							"lerp_mode": "catmullrom"
						},
						"0.0833": {
							"post": [5.32336, 24.85073, 3.53965],
							"lerp_mode": "catmullrom"
						},
						"0.1667": {
							"post": [5.32, 24.85, 3.54],
							"lerp_mode": "catmullrom"
						},
						"0.25": {
							"post": [70.97152, -45.47877, -36.54197],
							"lerp_mode": "catmullrom"
						},
						"0.3333": {
							"post": [-42.97343, -56.50962, 37.76258],
							"lerp_mode": "catmullrom"
						},
						"0.4167": {
							"post": [-24.96108, 7.19159, -4.38175],
							"lerp_mode": "catmullrom"
						},
						"0.5": {
							"post": [-3.59104, 47.14202, -6.70745],
							"lerp_mode": "catmullrom"
						},
						"0.5833": {
							"post": [-27.09207, 34.62492, -15.82557],
							"lerp_mode": "catmullrom"
						},
						"0.8333": {
							"post": [-22.38348, 41.22091, -20.3584],
							"lerp_mode": "catmullrom"
						},
						"1.0417": {
							"post": [-27.38348, 41.22091, -20.3584],
							"lerp_mode": "catmullrom"
						},
						"1.2917": {
							"post": [-27.38, 41.22, -20.36],
							"lerp_mode": "catmullrom"
						},
						"1.375": {
							"post": [17.3463, -16.90701, 17.71855],
							"lerp_mode": "catmullrom"
						},
						"2.4583": {
							"post": [17.35, -16.91, 17.72],
							"lerp_mode": "catmullrom"
						},
						"2.5417": {
							"post": [21.28381, -38.18528, 9.37189],
							"lerp_mode": "catmullrom"
						},
						"2.8333": {
							"post": [21.28, -38.19, 9.37],
							"lerp_mode": "catmullrom"
						}
					},
					"position": {
						"0.0": {
							"post": [0, 0, 0],
							"lerp_mode": "catmullrom"
						},
						"0.1667": {
							"post": [0, 0, 0],
							"lerp_mode": "catmullrom"
						},
						"0.25": {
							"post": [0, -7, -4],
							"lerp_mode": "catmullrom"
						},
						"0.3333": {
							"post": [0, 5, 3],
							"lerp_mode": "catmullrom"
						},
						"0.5833": {
							"post": [0, 9, -5],
							"lerp_mode": "catmullrom"
						},
						"1.2917": {
							"post": [0, 9, -5],
							"lerp_mode": "catmullrom"
						},
						"2.4583": {
							"post": [0, 9, -5],
							"lerp_mode": "catmullrom"
						},
						"2.8333": {
							"post": [0, 9, -5],
							"lerp_mode": "catmullrom"
						}
					},
					"scale": {
						"0.0": {
							"post": [1, 1, 1],
							"lerp_mode": "catmullrom"
						},
						"0.1667": {
							"post": [1, 1, 1],
							"lerp_mode": "catmullrom"
						},
						"1.2917": {
							"post": [1, 1, 1],
							"lerp_mode": "catmullrom"
						},
						"2.4583": {
							"post": [1, 1, 1],
							"lerp_mode": "catmullrom"
						},
						"2.8333": {
							"post": [1, 1, 1],
							"lerp_mode": "catmullrom"
						}
					}
				},
				"Head": {
					"rotation": {
						"0.0": {
							"post": [0, 0, 0],
							"lerp_mode": "catmullrom"
						},
						"0.0833": {
							"post": [0, -25, 0],
							"lerp_mode": "catmullrom"
						},
						"0.1667": {
							"post": [0, -25, 0],
							"lerp_mode": "catmullrom"
						},
						"0.4167": {
							"post": [0, -12.5, 0],
							"lerp_mode": "catmullrom"
						},
						"1.0417": {
							"post": [25.82237, -38.8161, 10.51596],
							"lerp_mode": "catmullrom"
						},
						"1.2917": {
							"post": [25.82, -38.82, 10.52],
							"lerp_mode": "catmullrom"
						},
						"2.4583": {
							"post": [25.82, -38.82, 10.52],
							"lerp_mode": "catmullrom"
						},
						"2.8333": {
							"post": [25.82, -38.82, 10.52],
							"lerp_mode": "catmullrom"
						}
					},
					"position": {
						"0.0": {
							"post": [0, 0, 0],
							"lerp_mode": "catmullrom"
						},
						"0.0833": {
							"post": [0, 0, 0],
							"lerp_mode": "catmullrom"
						},
						"0.1667": {
							"post": [0, 0, 0],
							"lerp_mode": "catmullrom"
						},
						"1.2917": {
							"post": [0, 0, 0],
							"lerp_mode": "catmullrom"
						},
						"2.4583": {
							"post": [0, 0, 0],
							"lerp_mode": "catmullrom"
						},
						"2.8333": {
							"post": [0, 0, 0],
							"lerp_mode": "catmullrom"
						}
					},
					"scale": {
						"0.0": {
							"post": [1, 1, 1],
							"lerp_mode": "catmullrom"
						},
						"0.0833": {
							"post": [1, 1, 1],
							"lerp_mode": "catmullrom"
						},
						"0.1667": {
							"post": [1, 1, 1],
							"lerp_mode": "catmullrom"
						},
						"1.2917": {
							"post": [1, 1, 1],
							"lerp_mode": "catmullrom"
						},
						"2.4583": {
							"post": [1, 1, 1],
							"lerp_mode": "catmullrom"
						},
						"2.8333": {
							"post": [1, 1, 1],
							"lerp_mode": "catmullrom"
						}
					}
				},
				"rightBraco": {
					"rotation": {
						"0.0": {
							"post": [-35, 0, 20],
							"lerp_mode": "catmullrom"
						},
						"0.0833": {
							"post": [-10.27206, 33.64409, 91.88679],
							"lerp_mode": "catmullrom"
						},
						"0.1667": {
							"post": [-10.27, 33.64, 91.89],
							"lerp_mode": "catmullrom"
						},
						"0.25": {
							"post": [-100.62023, -3.1404, 99.63484],
							"lerp_mode": "catmullrom"
						},
						"0.375": {
							"post": [-28.12, -3.14, 99.63],
							"lerp_mode": "catmullrom"
						},
						"0.5": {
							"post": [86.60408, 58.28233, 191.5624],
							"lerp_mode": "catmullrom"
						},
						"0.5833": {
							"post": [87.17613, 50.79325, 192.26323],
							"lerp_mode": "catmullrom"
						},
						"1.2917": {
							"post": [87.18, 50.79, 192.26],
							"lerp_mode": "catmullrom"
						},
						"2.4583": {
							"post": [87.18, 50.79, 192.26],
							"lerp_mode": "catmullrom"
						},
						"2.5": {
							"post": [-80.14427, 39.42719, 12.57594],
							"lerp_mode": "catmullrom"
						},
						"2.8333": {
							"post": [-80.14, 39.43, 12.58],
							"lerp_mode": "catmullrom"
						}
					},
					"position": {
						"0.0": {
							"post": [0, 0, 0],
							"lerp_mode": "catmullrom"
						},
						"0.1667": {
							"post": [0, 0, 0],
							"lerp_mode": "catmullrom"
						},
						"0.25": {
							"post": [0, 1, -3],
							"lerp_mode": "catmullrom"
						},
						"0.375": {
							"post": [0, 1, 0.5],
							"lerp_mode": "catmullrom"
						},
						"0.5": {
							"post": [-2, 1, 2],
							"lerp_mode": "catmullrom"
						},
						"0.5833": {
							"post": [1, 1, 3],
							"lerp_mode": "catmullrom"
						},
						"1.2917": {
							"post": [1, 1, 3],
							"lerp_mode": "catmullrom"
						},
						"2.4583": {
							"post": [1, 1, 3],
							"lerp_mode": "catmullrom"
						},
						"2.5": {
							"post": [1, 1, -3],
							"lerp_mode": "catmullrom"
						},
						"2.8333": {
							"post": [1, 1, -3],
							"lerp_mode": "catmullrom"
						}
					},
					"scale": {
						"0.0": {
							"post": [1, 1, 1],
							"lerp_mode": "catmullrom"
						},
						"0.1667": {
							"post": [1, 1, 1],
							"lerp_mode": "catmullrom"
						},
						"0.375": {
							"post": [1, 1, 1],
							"lerp_mode": "catmullrom"
						},
						"1.2917": {
							"post": [1, 1, 1],
							"lerp_mode": "catmullrom"
						},
						"2.4583": {
							"post": [1, 1, 1],
							"lerp_mode": "catmullrom"
						},
						"2.8333": {
							"post": [1, 1, 1],
							"lerp_mode": "catmullrom"
						}
					}
				},
				"rightPerna": {
					"relative_to": {
						"rotation": "entity"
					},
					"rotation": {
						"0.0": {
							"post": [0.21046, 9.81651, 7.16243],
							"lerp_mode": "catmullrom"
						},
						"0.1667": {
							"post": [0.21, 9.82, 7.16],
							"lerp_mode": "catmullrom"
						},
						"0.25": {
							"post": [37.44779, 3.47107, 11.63238],
							"lerp_mode": "catmullrom"
						},
						"0.3333": {
							"post": [61.91214, -1.72973, 12.01027],
							"lerp_mode": "catmullrom"
						},
						"0.4167": {
							"post": [-43.05846, 12.0472, -1.44582],
							"lerp_mode": "catmullrom"
						},
						"0.5833": {
							"post": [5.75833, 56.34303, 31.88354],
							"lerp_mode": "catmullrom"
						},
						"1.0417": {
							"post": [5.75833, 56.34303, 21.88354],
							"lerp_mode": "catmullrom"
						},
						"1.2917": {
							"post": [5.76, 56.34, 21.88],
							"lerp_mode": "catmullrom"
						},
						"1.375": {
							"post": [72.03069, -3.37561, 58.98705],
							"lerp_mode": "catmullrom"
						},
						"2.4583": {
							"post": [72.03, -3.38, 58.99],
							"lerp_mode": "catmullrom"
						},
						"2.8333": {
							"post": [72.03, -3.38, 58.99],
							"lerp_mode": "catmullrom"
						}
					},
					"position": {
						"0.0": {
							"post": [0, 0, 0],
							"lerp_mode": "catmullrom"
						},
						"0.1667": {
							"post": [0, 0, 0],
							"lerp_mode": "catmullrom"
						},
						"0.3333": {
							"post": [0, 0, -5],
							"lerp_mode": "catmullrom"
						},
						"0.4167": {
							"post": [0, 0, -2],
							"lerp_mode": "catmullrom"
						},
						"0.5833": {
							"post": [0, 0, 2],
							"lerp_mode": "catmullrom"
						},
						"1.2917": {
							"post": [0, 0, 2],
							"lerp_mode": "catmullrom"
						},
						"2.4583": {
							"post": [0, 0, 2],
							"lerp_mode": "catmullrom"
						},
						"2.8333": {
							"post": [0, 0, 2],
							"lerp_mode": "catmullrom"
						}
					},
					"scale": {
						"0.0": {
							"post": [1, 1, 1],
							"lerp_mode": "catmullrom"
						},
						"0.1667": {
							"post": [1, 1, 1],
							"lerp_mode": "catmullrom"
						},
						"1.2917": {
							"post": [1, 1, 1],
							"lerp_mode": "catmullrom"
						},
						"2.4583": {
							"post": [1, 1, 1],
							"lerp_mode": "catmullrom"
						},
						"2.8333": {
							"post": [1, 1, 1],
							"lerp_mode": "catmullrom"
						}
					}
				},
				"leftPerna": {
					"relative_to": {
						"rotation": "entity"
					},
					"rotation": {
						"0.0": {
							"post": [1.31845, -9.91358, -7.61435],
							"lerp_mode": "catmullrom"
						},
						"0.1667": {
							"post": [1.32, -9.91, -7.61],
							"lerp_mode": "catmullrom"
						},
						"0.3333": {
							"post": [33.60112, -4.30444, -11.7163],
							"lerp_mode": "catmullrom"
						},
						"0.4167": {
							"post": [43.39813, -2.22095, -12.27534],
							"lerp_mode": "catmullrom"
						},
						"0.5833": {
							"post": [-93.3911, 41.67026, 15.53009],
							"lerp_mode": "catmullrom"
						},
						"1.0417": {
							"post": [-103.33462, 43.25608, 8.80724],
							"lerp_mode": "catmullrom"
						},
						"1.2917": {
							"post": [-103.33, 43.26, 8.81],
							"lerp_mode": "catmullrom"
						},
						"1.375": {
							"post": [5.15418, 3.22532, -16.56592],
							"lerp_mode": "catmullrom"
						},
						"2.4583": {
							"post": [5.15, 3.23, -16.57],
							"lerp_mode": "catmullrom"
						},
						"2.8333": {
							"post": [5.15, 3.23, -16.57],
							"lerp_mode": "catmullrom"
						}
					},
					"position": {
						"0.0": {
							"post": [0, 0, 0],
							"lerp_mode": "catmullrom"
						},
						"0.1667": {
							"post": [0, 0, 0],
							"lerp_mode": "catmullrom"
						},
						"0.25": {
							"post": [0, 4, -3],
							"lerp_mode": "catmullrom"
						},
						"0.3333": {
							"post": [0, 0, 1],
							"lerp_mode": "catmullrom"
						},
						"0.5833": {
							"post": [0, 1, -3],
							"lerp_mode": "catmullrom"
						},
						"1.2917": {
							"post": [0, 1, -3],
							"lerp_mode": "catmullrom"
						},
						"2.4583": {
							"post": [0, 1, -3],
							"lerp_mode": "catmullrom"
						},
						"2.8333": {
							"post": [0, 1, -3],
							"lerp_mode": "catmullrom"
						}
					},
					"scale": {
						"0.0": {
							"post": [1, 1, 1],
							"lerp_mode": "catmullrom"
						},
						"0.1667": {
							"post": [1, 1, 1],
							"lerp_mode": "catmullrom"
						},
						"1.2917": {
							"post": [1, 1, 1],
							"lerp_mode": "catmullrom"
						},
						"2.4583": {
							"post": [1, 1, 1],
							"lerp_mode": "catmullrom"
						},
						"2.8333": {
							"post": [1, 1, 1],
							"lerp_mode": "catmullrom"
						}
					}
				},
				"rightHaki": {
					"rotation": {
						"0.0": {
							"post": [0, 0, 0],
							"lerp_mode": "catmullrom"
						},
						"0.0417": {
							"post": [0, 0, 0],
							"lerp_mode": "catmullrom"
						},
						"0.1667": {
							"post": [0, 0, 0],
							"lerp_mode": "catmullrom"
						},
						"0.5833": {
							"post": [0, 0, -140],
							"lerp_mode": "catmullrom"
						},
						"1.2917": {
							"post": [0, 0, -140],
							"lerp_mode": "catmullrom"
						},
						"1.375": {
							"post": [-5.84757, 25.97052, -121.31564],
							"lerp_mode": "catmullrom"
						},
						"2.4583": {
							"post": [-5.85, 25.97, -121.32],
							"lerp_mode": "catmullrom"
						},
						"2.5": {
							"post": [-9.98622, 18.57607, -8.44926],
							"lerp_mode": "catmullrom"
						},
						"2.8333": {
							"post": [-9.99, 18.58, -8.45],
							"lerp_mode": "catmullrom"
						}
					},
					"position": {
						"0.0": {
							"post": [0, 0, 0],
							"lerp_mode": "catmullrom"
						},
						"0.0417": {
							"post": [0, 0, 0],
							"lerp_mode": "catmullrom"
						},
						"0.1667": {
							"post": [0, 0, 0],
							"lerp_mode": "catmullrom"
						},
						"0.5": {
							"post": [0, -21, 0],
							"lerp_mode": "catmullrom"
						},
						"0.5833": {
							"post": [20, -1, 0],
							"lerp_mode": "catmullrom"
						},
						"1.2917": {
							"post": [20, -1, 0],
							"lerp_mode": "catmullrom"
						},
						"1.375": {
							"post": [-5, -24, 7],
							"lerp_mode": "catmullrom"
						},
						"2.4583": {
							"post": [31, 5, 8],
							"lerp_mode": "catmullrom"
						},
						"2.5": {
							"post": [12, -164, -26],
							"lerp_mode": "catmullrom"
						},
						"2.5833": {
							"post": [12, -154, -26],
							"lerp_mode": "catmullrom"
						},
						"2.6667": {
							"post": [12, -174, -26],
							"lerp_mode": "catmullrom"
						},
						"2.8333": {
							"post": [12, -174, -26],
							"lerp_mode": "catmullrom"
						}
					},
					"scale": {
						"0.0": {
							"post": [1, 1, 1],
							"lerp_mode": "catmullrom"
						},
						"0.0833": {
							"post": [1.1, 1.1, 1.1],
							"lerp_mode": "catmullrom"
						},
						"0.1667": {
							"post": [1.1, 1.1, 1.1],
							"lerp_mode": "catmullrom"
						},
						"0.5": {
							"post": [9, 3.5, 7.1],
							"lerp_mode": "catmullrom"
						},
						"1.2917": {
							"post": [9, 3.5, 7.1],
							"lerp_mode": "catmullrom"
						},
						"1.375": {
							"post": [8.5, 25.6, 6.5],
							"lerp_mode": "catmullrom"
						},
						"2.4583": {
							"post": [8.5, 30, 6.5],
							"lerp_mode": "catmullrom"
						},
						"2.5833": {
							"post": [8.5, 26.5, 6.5],
							"lerp_mode": "catmullrom"
						},
						"2.6667": {
							"post": [8.5, 28.8, 6.5],
							"lerp_mode": "catmullrom"
						},
						"2.8333": {
							"post": [8.5, 28.8, 6.5],
							"lerp_mode": "catmullrom"
						}
					}
				},
				"leftBraco": {
					"rotation": {
						"0.0": {
							"post": [7.67995, -12.39135, -19.1575],
							"lerp_mode": "catmullrom"
						},
						"0.1667": {
							"post": [7.68, -12.39, -19.16],
							"lerp_mode": "catmullrom"
						},
						"0.25": {
							"post": [45.50472, -33.1789, -38.86778],
							"lerp_mode": "catmullrom"
						},
						"0.5": {
							"post": [-89.56614, -13.17955, -38.69049],
							"lerp_mode": "catmullrom"
						},
						"1.0417": {
							"post": [-42.06614, -13.17955, -38.69049],
							"lerp_mode": "catmullrom"
						},
						"1.2917": {
							"post": [-42.07, -13.18, -38.69],
							"lerp_mode": "catmullrom"
						},
						"1.375": {
							"post": [37.93, -13.18, -38.69],
							"lerp_mode": "catmullrom"
						},
						"2.4583": {
							"post": [37.93, -13.18, -38.69],
							"lerp_mode": "catmullrom"
						},
						"2.8333": {
							"post": [37.93, -13.18, -38.69],
							"lerp_mode": "catmullrom"
						}
					},
					"position": {
						"0.0": {
							"post": [0, 0, 0],
							"lerp_mode": "catmullrom"
						},
						"0.1667": {
							"post": [0, 0, 0],
							"lerp_mode": "catmullrom"
						},
						"0.25": {
							"post": [0, 0, 2],
							"lerp_mode": "catmullrom"
						},
						"0.5": {
							"post": [0, 0, -3],
							"lerp_mode": "catmullrom"
						},
						"1.0417": {
							"post": [0, -2, -2],
							"lerp_mode": "catmullrom"
						},
						"1.2917": {
							"post": [0, -2, -2],
							"lerp_mode": "catmullrom"
						},
						"1.375": {
							"post": [0, 0, 4],
							"lerp_mode": "catmullrom"
						},
						"2.4583": {
							"post": [0, 0, 4],
							"lerp_mode": "catmullrom"
						},
						"2.8333": {
							"post": [0, 0, 4],
							"lerp_mode": "catmullrom"
						}
					},
					"scale": {
						"0.0": {
							"post": [1, 1, 1],
							"lerp_mode": "catmullrom"
						},
						"0.1667": {
							"post": [1, 1, 1],
							"lerp_mode": "catmullrom"
						},
						"1.2917": {
							"post": [1, 1, 1],
							"lerp_mode": "catmullrom"
						},
						"2.4583": {
							"post": [1, 1, 1],
							"lerp_mode": "catmullrom"
						},
						"2.8333": {
							"post": [1, 1, 1],
							"lerp_mode": "catmullrom"
						}
					}
				}
			},
			"particle_effects": {
				"0.0": [
					{
						"effect": "redrochaki",
						"locator": "redhawk"
					},
					{
						"effect": "redroc",
						"locator": "redhawk"
					},
					{
						"effect": "redrocflower",
						"locator": "redhawk"
					}
				],
				"1.0": [
					{
						"effect": "redrochaki",
						"locator": "redhawk"
					},
					{
						"effect": "redrocflower",
						"locator": "redhawk"
					}
				],
				"2.0": [
					{
						"effect": "redrochaki",
						"locator": "redhawk"
					},
					{
						"effect": "redrocflower",
						"locator": "redhawk"
					}
				]
			}
		}
	}
}