{
	"format_version": "1.8.0",
	"animations": {
		"animation.naruto1calda.rasengan_hold": {
			"loop": true,
			"animation_length": 0.33333,
			"bones": {
				"Corpo": {
					"rotation": {
						"0.0": [32.5, 17.5, 0],
						"0.3333": [32.5, 17.5, 0]
					},
					"position": {
						"0.0": [-2, -3, -5],
						"0.3333": [-2, -3, -5]
					}
				},
				"rightBraco": {
					"rotation": {
						"0.0": [36.06176, 65.62784, 83.74958],
						"0.3333": [36.06, 65.63, 83.75]
					}
				},
				"leftBraco": {
					"rotation": {
						"0.0": [-70.27832, 12.94529, -64.95307],
						"0.3333": [-70.28, 12.95, -64.95]
					}
				},
				"rightPerna": {
					"rotation": {
						"0.0": [0, 0, 12.5],
						"0.3333": [0, 0, 12.5]
					}
				},
				"leftPerna": {
					"rotation": {
						"0.0": [-30, 0, 0],
						"0.3333": [-30, 0, 0]
					},
					"position": {
						"0.0": [0, 4, -4],
						"0.3333": [0, 4, -4]
					}
				}
			},
			"particle_effects": {
				"0.0": {
					"effect": "urasengan",
					"locator": "locator"
				}
			}
		},
		"animation.naruto1calda.rasengan": {
			"loop": true,
			"animation_length": 2,
			"bones": {
				"Corpo": {
					"rotation": {
						"0.0": {
							"post": [32.5, 17.5, 0],
							"lerp_mode": "catmullrom"
						},
						"0.125": {
							"post": [36.24016, 29.91022, 9.23195],
							"lerp_mode": "catmullrom"
						},
						"0.2083": {
							"post": [35.1329, -27.07015, -28.60126],
							"lerp_mode": "catmullrom"
						},
						"2.0": {
							"post": [35.13, -27.07, -28.6],
							"lerp_mode": "catmullrom"
						}
					},
					"position": {
						"0.0": {
							"post": [-2, -3, -5],
							"lerp_mode": "catmullrom"
						},
						"0.125": {
							"post": [-2, 0, -5],
							"lerp_mode": "catmullrom"
						},
						"0.2083": {
							"post": [0, 0, -11],
							"lerp_mode": "catmullrom"
						},
						"2.0": {
							"post": [0, 0, -11],
							"lerp_mode": "catmullrom"
						}
					}
				},
				"rightBraco": {
					"rotation": {
						"0.0": {
							"post": [36.06, 65.63, 83.75],
							"lerp_mode": "catmullrom"
						},
						"0.125": {
							"post": [-123.70371, 46.17276, -23.25694],
							"lerp_mode": "catmullrom"
						},
						"0.2083": {
							"post": [-121.87553, 19.06725, -7.33828],
							"lerp_mode": "catmullrom"
						},
						"2.0": {
							"post": [-121.88, 19.07, -7.34],
							"lerp_mode": "catmullrom"
						}
					}
				},
				"leftBraco": {
					"rotation": {
						"0.0": {
							"post": [-70.28, 12.95, -64.95],
							"lerp_mode": "catmullrom"
						},
						"0.125": {
							"post": [-127.78, 12.95, -64.95],
							"lerp_mode": "catmullrom"
						},
						"0.2083": {
							"post": [54.72, 12.95, -64.95],
							"lerp_mode": "catmullrom"
						},
						"2.0": {
							"post": [54.72, 12.95, -64.95],
							"lerp_mode": "catmullrom"
						}
					}
				},
				"rightPerna": {
					"rotation": {
						"0.0": {
							"post": [0, 0, 12.5],
							"lerp_mode": "catmullrom"
						},
						"0.125": {
							"post": [35, 0, 12.5],
							"lerp_mode": "catmullrom"
						},
						"0.2083": {
							"post": [17.5, 0, 12.5],
							"lerp_mode": "catmullrom"
						},
						"2.0": {
							"post": [17.5, 0, 12.5],
							"lerp_mode": "catmullrom"
						}
					}
				},
				"leftPerna": {
					"rotation": {
						"0.0": {
							"post": [-30, 0, 0],
							"lerp_mode": "catmullrom"
						},
						"0.125": {
							"post": [-39, 0, 0],
							"lerp_mode": "catmullrom"
						},
						"0.2083": {
							"post": [42.5, 0, 0],
							"lerp_mode": "catmullrom"
						},
						"2.0": {
							"post": [42.5, 0, 0],
							"lerp_mode": "catmullrom"
						}
					},
					"position": {
						"0.0": {
							"post": [0, 4, -4],
							"lerp_mode": "catmullrom"
						},
						"0.125": {
							"post": [0, 1, -2],
							"lerp_mode": "catmullrom"
						},
						"0.2083": {
							"post": [0, -1, 0],
							"lerp_mode": "catmullrom"
						},
						"2.0": {
							"post": [0, -1, 0],
							"lerp_mode": "catmullrom"
						}
					}
				}
			},
			"particle_effects": {
				"0.0": {
					"effect": "urasengan",
					"locator": "locator"
				}
			}
		}
	}
}