{
	"format_version": "1.8.0",
	"animations": {
		"animation.narutochakra.charging": {
			"loop": true,
			"animation_length": 1.29167,
			"bones": {
				"Corpo": {
					"rotation": {
						"0.0": {
							"post": [28.65149, -26.56815, -3.69982],
							"lerp_mode": "catmullrom"
						},
						"0.4583": {
							"post": [28.65149, -26.56815, -3.69982],
							"lerp_mode": "catmullrom"
						},
						"0.875": {
							"post": [28.65149, -26.56815, -3.69982],
							"lerp_mode": "catmullrom"
						},
						"1.2917": {
							"post": [28.65, -26.57, -3.7],
							"lerp_mode": "catmullrom"
						}
					},
					"position": {
						"0.0": {
							"post": [0, -5, -1],
							"lerp_mode": "catmullrom"
						},
						"0.4583": {
							"post": [0, -5, -1],
							"lerp_mode": "catmullrom"
						},
						"0.875": {
							"post": [0, -5, -1],
							"lerp_mode": "catmullrom"
						},
						"1.2917": {
							"post": [0, -5, -1],
							"lerp_mode": "catmullrom"
						}
					}
				},
				"rightBraco": {
					"rotation": {
						"0.0": {
							"post": [-123.71423, -1.66406, 33.65882],
							"lerp_mode": "catmullrom"
						},
						"0.0833": {
							"post": [-126.21423, -1.66406, 33.65882],
							"lerp_mode": "catmullrom"
						},
						"0.1667": {
							"post": [-123.71423, -1.66406, 33.65882],
							"lerp_mode": "catmullrom"
						},
						"0.4583": {
							"post": [-123.71423, -1.66406, 33.65882],
							"lerp_mode": "catmullrom"
						},
						"0.5417": {
							"post": [-126.21423, -1.66406, 33.65882],
							"lerp_mode": "catmullrom"
						},
						"0.625": {
							"post": [-123.71423, -1.66406, 33.65882],
							"lerp_mode": "catmullrom"
						},
						"0.875": {
							"post": [-123.71423, -1.66406, 33.65882],
							"lerp_mode": "catmullrom"
						},
						"0.9583": {
							"post": [-126.21423, -1.66406, 33.65882],
							"lerp_mode": "catmullrom"
						},
						"1.0417": {
							"post": [-123.71423, -1.66406, 33.65882],
							"lerp_mode": "catmullrom"
						},
						"1.2917": {
							"post": [-123.71, -1.66, 33.66],
							"lerp_mode": "catmullrom"
						}
					},
					"position": {
						"0.0": {
							"post": [1, -3, 0],
							"lerp_mode": "catmullrom"
						},
						"0.4583": {
							"post": [1, -3, 0],
							"lerp_mode": "catmullrom"
						},
						"0.875": {
							"post": [1, -3, 0],
							"lerp_mode": "catmullrom"
						},
						"1.2917": {
							"post": [1, -3, 0],
							"lerp_mode": "catmullrom"
						}
					}
				},
				"leftBraco": {
					"rotation": {
						"0.0": {
							"post": [-163.85141, -15.28772, -69.70507],
							"lerp_mode": "catmullrom"
						},
						"0.0833": {
							"post": [-165.23003, -16.62137, -64.69289],
							"lerp_mode": "catmullrom"
						},
						"0.1667": {
							"post": [-164.5244, -15.96904, -67.20732],
							"lerp_mode": "catmullrom"
						},
						"0.4583": {
							"post": [-163.85141, -15.28772, -69.70507],
							"lerp_mode": "catmullrom"
						},
						"0.5417": {
							"post": [-165.23003, -16.62137, -64.69289],
							"lerp_mode": "catmullrom"
						},
						"0.625": {
							"post": [-164.5244, -15.96904, -67.20732],
							"lerp_mode": "catmullrom"
						},
						"0.875": {
							"post": [-163.85141, -15.28772, -69.70507],
							"lerp_mode": "catmullrom"
						},
						"0.9583": {
							"post": [-165.23003, -16.62137, -64.69289],
							"lerp_mode": "catmullrom"
						},
						"1.0417": {
							"post": [-164.5244, -15.96904, -67.20732],
							"lerp_mode": "catmullrom"
						},
						"1.2917": {
							"post": [-164.52, -15.97, -67.21],
							"lerp_mode": "catmullrom"
						}
					},
					"position": {
						"0.0": {
							"post": [-2, 0, -4],
							"lerp_mode": "catmullrom"
						},
						"0.4583": {
							"post": [-2, 0, -4],
							"lerp_mode": "catmullrom"
						},
						"0.875": {
							"post": [-2, 0, -4],
							"lerp_mode": "catmullrom"
						},
						"1.2917": {
							"post": [-2, 0, -4],
							"lerp_mode": "catmullrom"
						}
					}
				},
				"rightPerna": {
					"rotation": {
						"0.0": {
							"post": [9.51989, 31.03919, 8.38353],
							"lerp_mode": "catmullrom"
						},
						"0.4583": {
							"post": [9.51989, 31.03919, 8.38353],
							"lerp_mode": "catmullrom"
						},
						"0.875": {
							"post": [9.51989, 31.03919, 8.38353],
							"lerp_mode": "catmullrom"
						},
						"1.2917": {
							"post": [9.52, 31.04, 8.38],
							"lerp_mode": "catmullrom"
						}
					},
					"position": {
						"0.0": {
							"post": [-2, 3, -3],
							"lerp_mode": "catmullrom"
						},
						"0.4583": {
							"post": [-2, 3, -3],
							"lerp_mode": "catmullrom"
						},
						"0.875": {
							"post": [-2, 3, -3],
							"lerp_mode": "catmullrom"
						},
						"1.2917": {
							"post": [-2, 3, -3],
							"lerp_mode": "catmullrom"
						}
					},
					"scale": {
						"0.0": {
							"post": [1, 1, 1],
							"lerp_mode": "catmullrom"
						},
						"1.2917": {
							"post": [1, 1, 1],
							"lerp_mode": "catmullrom"
						}
					}
				},
				"leftPerna": {
					"rotation": {
						"0.0": {
							"post": [-18.33848, -6.59114, -15.76904],
							"lerp_mode": "catmullrom"
						},
						"0.4583": {
							"post": [-18.33848, -6.59114, -15.76904],
							"lerp_mode": "catmullrom"
						},
						"0.875": {
							"post": [-18.33848, -6.59114, -15.76904],
							"lerp_mode": "catmullrom"
						},
						"1.2917": {
							"post": [-18.34, -6.59, -15.77],
							"lerp_mode": "catmullrom"
						}
					},
					"position": {
						"0.0": {
							"post": [0, 5, -4],
							"lerp_mode": "catmullrom"
						},
						"0.4583": {
							"post": [0, 5, -4],
							"lerp_mode": "catmullrom"
						},
						"0.875": {
							"post": [0, 5, -4],
							"lerp_mode": "catmullrom"
						},
						"1.2917": {
							"post": [0, 5, -4],
							"lerp_mode": "catmullrom"
						}
					}
				},
				"head": {
					"rotation": {
						"0.0": {
							"post": [-18.76536, 30.13174, -10.7776],
							"lerp_mode": "catmullrom"
						},
						"0.4583": {
							"post": [-18.76536, 30.13174, -10.7776],
							"lerp_mode": "catmullrom"
						},
						"0.875": {
							"post": [-18.76536, 30.13174, -10.7776],
							"lerp_mode": "catmullrom"
						},
						"1.2917": {
							"post": [-18.77, 30.13, -10.78],
							"lerp_mode": "catmullrom"
						}
					}
				},
				"Mecha23": {
					"rotation": {
						"0.0": {
							"post": [0, 0, -5],
							"lerp_mode": "catmullrom"
						},
						"0.125": {
							"post": [0, 0, 5],
							"lerp_mode": "catmullrom"
						},
						"0.25": {
							"post": [0, 0, -7.5],
							"lerp_mode": "catmullrom"
						},
						"0.3333": {
							"post": [0, 0, 10],
							"lerp_mode": "catmullrom"
						},
						"0.4583": {
							"post": [0, 0, -5],
							"lerp_mode": "catmullrom"
						},
						"0.5833": {
							"post": [0, 0, 5],
							"lerp_mode": "catmullrom"
						},
						"0.7083": {
							"post": [0, 0, -7.5],
							"lerp_mode": "catmullrom"
						},
						"0.7917": {
							"post": [0, 0, 10],
							"lerp_mode": "catmullrom"
						},
						"0.875": {
							"post": [0, 0, -5],
							"lerp_mode": "catmullrom"
						},
						"1.0": {
							"post": [0, 0, 5],
							"lerp_mode": "catmullrom"
						},
						"1.125": {
							"post": [0, 0, -7.5],
							"lerp_mode": "catmullrom"
						},
						"1.2083": {
							"post": [0, 0, 10],
							"lerp_mode": "catmullrom"
						},
						"1.2917": {
							"post": [0, 0, 10],
							"lerp_mode": "catmullrom"
						}
					}
				},
				"Mecha24": {
					"rotation": {
						"0.0": {
							"post": [0, 0, 10],
							"lerp_mode": "catmullrom"
						},
						"0.125": {
							"post": [0, 0, -2.5],
							"lerp_mode": "catmullrom"
						},
						"0.25": {
							"post": [0, 0, 5],
							"lerp_mode": "catmullrom"
						},
						"0.3333": {
							"post": [0, 0, 15],
							"lerp_mode": "catmullrom"
						},
						"0.4583": {
							"post": [0, 0, 10],
							"lerp_mode": "catmullrom"
						},
						"0.5833": {
							"post": [0, 0, -2.5],
							"lerp_mode": "catmullrom"
						},
						"0.7083": {
							"post": [0, 0, 5],
							"lerp_mode": "catmullrom"
						},
						"0.7917": {
							"post": [0, 0, 15],
							"lerp_mode": "catmullrom"
						},
						"0.875": {
							"post": [0, 0, 10],
							"lerp_mode": "catmullrom"
						},
						"1.0": {
							"post": [0, 0, -2.5],
							"lerp_mode": "catmullrom"
						},
						"1.125": {
							"post": [0, 0, 5],
							"lerp_mode": "catmullrom"
						},
						"1.2083": {
							"post": [0, 0, 15],
							"lerp_mode": "catmullrom"
						},
						"1.2917": {
							"post": [0, 0, 15],
							"lerp_mode": "catmullrom"
						}
					}
				},
				"Mecha7": {
					"rotation": {
						"0.0": {
							"post": [0, 0, 0],
							"lerp_mode": "catmullrom"
						},
						"0.125": {
							"post": [0, 0, 5],
							"lerp_mode": "catmullrom"
						},
						"0.4583": {
							"post": [0, 0, 0],
							"lerp_mode": "catmullrom"
						},
						"0.5833": {
							"post": [0, 0, 5],
							"lerp_mode": "catmullrom"
						},
						"0.875": {
							"post": [0, 0, 0],
							"lerp_mode": "catmullrom"
						},
						"1.0": {
							"post": [0, 0, 5],
							"lerp_mode": "catmullrom"
						},
						"1.2917": {
							"post": [0, 0, 5],
							"lerp_mode": "catmullrom"
						}
					}
				},
				"Mecha12": {
					"rotation": {
						"0.0": {
							"post": [0, 0, -2.5],
							"lerp_mode": "catmullrom"
						},
						"0.125": {
							"post": [0, 0, -15],
							"lerp_mode": "catmullrom"
						},
						"0.25": {
							"post": [0, 0, -5],
							"lerp_mode": "catmullrom"
						},
						"0.3333": {
							"post": [0, 0, 7.5],
							"lerp_mode": "catmullrom"
						},
						"0.4583": {
							"post": [0, 0, -2.5],
							"lerp_mode": "catmullrom"
						},
						"0.5833": {
							"post": [0, 0, -15],
							"lerp_mode": "catmullrom"
						},
						"0.7083": {
							"post": [0, 0, -5],
							"lerp_mode": "catmullrom"
						},
						"0.7917": {
							"post": [0, 0, 7.5],
							"lerp_mode": "catmullrom"
						},
						"0.875": {
							"post": [0, 0, -2.5],
							"lerp_mode": "catmullrom"
						},
						"1.0": {
							"post": [0, 0, -15],
							"lerp_mode": "catmullrom"
						},
						"1.125": {
							"post": [0, 0, -5],
							"lerp_mode": "catmullrom"
						},
						"1.2083": {
							"post": [0, 0, 7.5],
							"lerp_mode": "catmullrom"
						},
						"1.2917": {
							"post": [0, 0, 7.5],
							"lerp_mode": "catmullrom"
						}
					}
				},
				"Mecha13": {
					"rotation": {
						"0.0": {
							"post": [0, 0, 7.5],
							"lerp_mode": "catmullrom"
						},
						"0.125": {
							"post": [0, 0, 0],
							"lerp_mode": "catmullrom"
						},
						"0.25": {
							"post": [0, 0, 12.5],
							"lerp_mode": "catmullrom"
						},
						"0.3333": {
							"post": [0, 0, 0],
							"lerp_mode": "catmullrom"
						},
						"0.4583": {
							"post": [0, 0, 7.5],
							"lerp_mode": "catmullrom"
						},
						"0.5833": {
							"post": [0, 0, 0],
							"lerp_mode": "catmullrom"
						},
						"0.7083": {
							"post": [0, 0, 12.5],
							"lerp_mode": "catmullrom"
						},
						"0.7917": {
							"post": [0, 0, 0],
							"lerp_mode": "catmullrom"
						},
						"0.875": {
							"post": [0, 0, 7.5],
							"lerp_mode": "catmullrom"
						},
						"1.0": {
							"post": [0, 0, 0],
							"lerp_mode": "catmullrom"
						},
						"1.125": {
							"post": [0, 0, 12.5],
							"lerp_mode": "catmullrom"
						},
						"1.2083": {
							"post": [0, 0, 0],
							"lerp_mode": "catmullrom"
						},
						"1.2917": {
							"post": [0, 0, 2.5],
							"lerp_mode": "catmullrom"
						}
					}
				}
			}
		},
		"animation.mobs.walk": {
			"loop": true,
			"animation_length": 1.25,
			"bones": {
				"Corpo": {
					"rotation": {
						"0.0": {
							"post": [0, -10, 0],
							"lerp_mode": "catmullrom"
						},
						"0.625": {
							"post": [0, 12.5, 0],
							"lerp_mode": "catmullrom"
						},
						"0.9583": {
							"post": [0, -5, 0],
							"lerp_mode": "catmullrom"
						},
						"1.25": {
							"post": [0, -10, 0],
							"lerp_mode": "catmullrom"
						}
					},
					"position": {
						"0.0": {
							"post": [0, 0, 1],
							"lerp_mode": "catmullrom"
						},
						"0.2917": {
							"post": [0, 0, 1],
							"lerp_mode": "catmullrom"
						},
						"0.625": {
							"post": [0, 0, 1],
							"lerp_mode": "catmullrom"
						},
						"0.9583": {
							"post": [0, 0, 1],
							"lerp_mode": "catmullrom"
						},
						"1.25": {
							"post": [0, 0, 1],
							"lerp_mode": "catmullrom"
						}
					}
				},
				"rightBraco": {
					"rotation": {
						"0.0": {
							"post": [-36.26893, -26.40156, 14.53963],
							"lerp_mode": "catmullrom"
						},
						"0.625": {
							"post": [38.32603, -2.66473, 7.00238],
							"lerp_mode": "catmullrom"
						},
						"0.9583": {
							"post": [-9.17397, -2.66473, 7.00238],
							"lerp_mode": "catmullrom"
						},
						"1.25": {
							"post": [-36.26893, -26.40156, 14.53963],
							"lerp_mode": "catmullrom"
						}
					}
				},
				"leftBraco": {
					"rotation": {
						"0.0": {
							"post": [34.58897, 5.71617, -8.21888],
							"lerp_mode": "catmullrom"
						},
						"0.625": {
							"post": [-42.96335, 18.83317, -20.10483],
							"lerp_mode": "catmullrom"
						},
						"0.9583": {
							"post": [8.16049, -7.91964, -9.11634],
							"lerp_mode": "catmullrom"
						},
						"1.25": {
							"post": [34.58897, 5.71617, -8.21888],
							"lerp_mode": "catmullrom"
						}
					}
				},
				"rightPerna": {
					"rotation": {
						"0.0": {
							"post": [36.28009, -1.47322, 1.91665],
							"lerp_mode": "catmullrom"
						},
						"0.2917": {
							"post": [31.77411, 1.06794, -1.67959],
							"lerp_mode": "catmullrom"
						},
						"0.625": {
							"post": [-32.07543, -5.69999, 4.91585],
							"lerp_mode": "catmullrom"
						},
						"0.9583": {
							"post": [2.05902, 8.54512, 0.49812],
							"lerp_mode": "catmullrom"
						},
						"1.25": {
							"post": [36.28009, -1.47322, 1.91665],
							"lerp_mode": "catmullrom"
						}
					},
					"position": {
						"0.0": {
							"post": [0, 0, 0],
							"lerp_mode": "catmullrom"
						},
						"0.2917": {
							"post": [0, 1, -3],
							"lerp_mode": "catmullrom"
						},
						"0.625": {
							"post": [0, 0, 0],
							"lerp_mode": "catmullrom"
						},
						"1.25": {
							"post": [0, 0, 0],
							"lerp_mode": "catmullrom"
						}
					},
					"scale": {
						"0.0": {
							"post": [1, 1, 1],
							"lerp_mode": "catmullrom"
						},
						"1.25": {
							"post": [1, 1, 1],
							"lerp_mode": "catmullrom"
						}
					}
				},
				"leftPerna": {
					"rotation": {
						"0.0": {
							"post": [-28.39324, -3.35185, -0.94429],
							"lerp_mode": "catmullrom"
						},
						"0.625": {
							"post": [29.9188, -11.12388, -4.41146],
							"lerp_mode": "catmullrom"
						},
						"0.9583": {
							"post": [43.84456, -0.52273, -1.30457],
							"lerp_mode": "catmullrom"
						},
						"1.25": {
							"post": [-28.39324, -3.35185, -0.94429],
							"lerp_mode": "catmullrom"
						}
					},
					"position": {
						"0.0": {
							"post": [0, 0, 0],
							"lerp_mode": "catmullrom"
						},
						"0.75": {
							"post": [0, 0, 0],
							"lerp_mode": "catmullrom"
						},
						"0.9583": {
							"post": [0, 1, -3.74],
							"lerp_mode": "catmullrom"
						},
						"1.25": {
							"post": [0, 0, 0],
							"lerp_mode": "catmullrom"
						}
					},
					"scale": {
						"0.0": {
							"post": [1, 1, 1],
							"lerp_mode": "catmullrom"
						},
						"1.25": {
							"post": [1, 1, 1],
							"lerp_mode": "catmullrom"
						}
					}
				},
				"Tudo": {
					"position": [0, -1, 0]
				}
			}
		},
		"animation.ninja.run": {
			"loop": true,
			"animation_length": 0.625,
			"bones": {
				"Corpo": {
					"rotation": {
						"0.0": {
							"post": [20.06369, -1.61689, -2.1892],
							"lerp_mode": "catmullrom"
						},
						"0.125": {
							"post": [20, 0, 0],
							"lerp_mode": "catmullrom"
						},
						"0.2917": {
							"post": [20.06369, 1.61689, 2.1892],
							"lerp_mode": "catmullrom"
						},
						"0.4583": {
							"post": [17.5, 0, 0],
							"lerp_mode": "catmullrom"
						},
						"0.625": {
							"post": [20.06369, -1.61689, -2.1892],
							"lerp_mode": "catmullrom"
						}
					},
					"position": {
						"0.0": {
							"post": [0, -1, -3],
							"lerp_mode": "catmullrom"
						},
						"0.125": {
							"post": [0, -1, -3],
							"lerp_mode": "catmullrom"
						},
						"0.2917": {
							"post": [0, -1, -3],
							"lerp_mode": "catmullrom"
						},
						"0.4583": {
							"post": [0, -1, -3],
							"lerp_mode": "catmullrom"
						},
						"0.625": {
							"post": [0, -1, -3],
							"lerp_mode": "catmullrom"
						}
					}
				},
				"rightBraco": {
					"rotation": {
						"0.0": [52.5, 0, 0],
						"0.1667": [45, 0, 0],
						"0.375": [50, 0, 0],
						"0.5": [48.75, 0, 0],
						"0.625": [52.5, 0, 0]
					}
				},
				"leftBraco": {
					"rotation": {
						"0.0": [52.5, 0, 0],
						"0.1667": [50, 0, 0],
						"0.3333": [55, 0, 0],
						"0.5": [47.5, 0, 0],
						"0.625": [52.5, 0, 0]
					}
				},
				"rightPerna": {
					"rotation": {
						"0.0": {
							"post": [37.5, 0, 0],
							"lerp_mode": "catmullrom"
						},
						"0.125": {
							"post": [37.5, 0, 0],
							"lerp_mode": "catmullrom"
						},
						"0.2917": {
							"post": [-84.99526, 2.49048, 0.21803],
							"lerp_mode": "catmullrom"
						},
						"0.4583": {
							"post": [-40, 0, 0],
							"lerp_mode": "catmullrom"
						},
						"0.625": {
							"post": [37.5, 0, 0],
							"lerp_mode": "catmullrom"
						}
					},
					"position": {
						"0.0": {
							"post": [0, 0, 0],
							"lerp_mode": "catmullrom"
						},
						"0.125": {
							"post": [0, 2, -4],
							"lerp_mode": "catmullrom"
						},
						"0.2083": {
							"post": [0, 4.2, -2.4],
							"lerp_mode": "catmullrom"
						},
						"0.2917": {
							"post": [0, 0, 0],
							"lerp_mode": "catmullrom"
						},
						"0.4583": {
							"post": [0, 1, 1],
							"lerp_mode": "catmullrom"
						},
						"0.625": {
							"post": [0, 0, 0],
							"lerp_mode": "catmullrom"
						}
					}
				},
				"leftPerna": {
					"rotation": {
						"0.0": {
							"post": [-77.48846, -2.44071, -0.54142],
							"lerp_mode": "catmullrom"
						},
						"0.125": {
							"post": [-37.5, 0, 0],
							"lerp_mode": "catmullrom"
						},
						"0.2917": {
							"post": [20, 0, 0],
							"lerp_mode": "catmullrom"
						},
						"0.4583": {
							"post": [47.5, 0, 0],
							"lerp_mode": "catmullrom"
						},
						"0.625": {
							"post": [-77.48846, -2.44071, -0.54142],
							"lerp_mode": "catmullrom"
						}
					},
					"position": {
						"0.0": {
							"post": [0, 0, -1],
							"lerp_mode": "catmullrom"
						},
						"0.125": {
							"post": [0, 1, 1],
							"lerp_mode": "catmullrom"
						},
						"0.2917": {
							"post": [0, 0, 0],
							"lerp_mode": "catmullrom"
						},
						"0.4583": {
							"post": [0, 3, -6],
							"lerp_mode": "catmullrom"
						},
						"0.5417": {
							"post": [0, 3.2, -3],
							"lerp_mode": "catmullrom"
						},
						"0.625": {
							"post": [0, 0, -1],
							"lerp_mode": "catmullrom"
						}
					}
				},
				"Tudo": {
					"rotation": [22.5, 0, 0],
					"position": {
						"0.0": [0, 0, 6],
						"0.1667": [0, -1, 6],
						"0.3333": [0, 0, 6],
						"0.5": [0, -1, 6],
						"0.625": [0, 0, 6]
					}
				}
			}
		},
		"animation.narutochakra.stop": {
			"loop": true,
			"animation_length": 1.66667,
			"bones": {
				"Corpo": {
					"rotation": {
						"0.0": [35, 0, 0],
						"0.8333": [37.5, 0, 0],
						"1.6667": [35, 0, 0]
					},
					"position": {
						"0.0": [0, -4, -1],
						"0.8333": [0, -5, -1],
						"1.6667": [0, -4, -1]
					}
				},
				"rightBraco": {
					"rotation": {
						"0.0": [-38.49983, 6.5861, 46.71085],
						"0.8333": [-38.24655, 8.13821, 48.68704],
						"1.6667": [-38.49983, 6.5861, 46.71085]
					},
					"position": [0, -1, 1]
				},
				"leftBraco": {
					"rotation": {
						"0.0": [-37.5, -50, -15],
						"0.8333": [-42.5, -50, -15],
						"1.6667": [-37.5, -50, -15]
					},
					"position": [0, -2, 2]
				},
				"rightPerna": {
					"rotation": [-48.30967, 10.40452, -4.08353],
					"position": {
						"0.0": [0, 3, -3],
						"0.8333": [0, 4, -3],
						"1.6667": [0, 3, -3]
					}
				},
				"leftPerna": {
					"rotation": [-16.54626, -28.32408, 1.05792],
					"position": {
						"0.0": [1, 4, -3],
						"0.8333": [1, 5, -3],
						"1.6667": [1, 4, -3]
					}
				}
			}
		},
		"animation.narutochakra.attack1": {
			"loop": true,
			"animation_length": 0.41667,
			"bones": {
				"Corpo": {
					"rotation": {
						"0.0": {
							"post": [0, 0, 0],
							"lerp_mode": "catmullrom"
						},
						"0.0833": {
							"post": [0, 32.5, 0],
							"lerp_mode": "catmullrom"
						},
						"0.1667": {
							"post": [0, 32.5, 0],
							"lerp_mode": "catmullrom"
						},
						"0.25": {
							"post": [27.5, -35, 0],
							"lerp_mode": "catmullrom"
						},
						"0.4167": {
							"post": [27.5, -35, 0],
							"lerp_mode": "catmullrom"
						}
					},
					"position": {
						"0.0": {
							"post": [0, 0, 0],
							"lerp_mode": "catmullrom"
						},
						"0.1667": {
							"post": [0, 0, 0],
							"lerp_mode": "catmullrom"
						},
						"0.25": {
							"post": [0, -1, -2],
							"lerp_mode": "catmullrom"
						},
						"0.4167": {
							"post": [0, -1, -2],
							"lerp_mode": "catmullrom"
						}
					},
					"scale": {
						"0.0": {
							"post": [1, 1, 1],
							"lerp_mode": "catmullrom"
						},
						"0.1667": {
							"post": [1, 1, 1],
							"lerp_mode": "catmullrom"
						},
						"0.4167": {
							"post": [1, 1, 1],
							"lerp_mode": "catmullrom"
						}
					}
				},
				"rightBraco": {
					"rotation": {
						"0.0": {
							"post": [0, 0, 0],
							"lerp_mode": "catmullrom"
						},
						"0.0833": {
							"post": [-92.81797, 27.47162, -1.30078],
							"lerp_mode": "catmullrom"
						},
						"0.1667": {
							"post": [-92.82, 27.47, -1.3],
							"lerp_mode": "catmullrom"
						},
						"0.25": {
							"post": [-94.10544, -52.43046, 3.25775],
							"lerp_mode": "catmullrom"
						},
						"0.4167": {
							"post": [-94.11, -52.43, 3.26],
							"lerp_mode": "catmullrom"
						}
					},
					"position": {
						"0.0": {
							"post": [0, 0, 0],
							"lerp_mode": "catmullrom"
						},
						"0.0833": {
							"post": [1, 0, 3],
							"lerp_mode": "catmullrom"
						},
						"0.1667": {
							"post": [1, 0, 3],
							"lerp_mode": "catmullrom"
						},
						"0.25": {
							"post": [2, 2, -4],
							"lerp_mode": "catmullrom"
						},
						"0.3333": {
							"post": [2, 2, -3],
							"lerp_mode": "catmullrom"
						},
						"0.4167": {
							"post": [2, 2, -3],
							"lerp_mode": "catmullrom"
						}
					},
					"scale": {
						"0.0": {
							"post": [1, 1, 1],
							"lerp_mode": "catmullrom"
						},
						"0.1667": {
							"post": [1, 1, 1],
							"lerp_mode": "catmullrom"
						},
						"0.4167": {
							"post": [1, 1, 1],
							"lerp_mode": "catmullrom"
						}
					}
				},
				"leftBraco": {
					"rotation": {
						"0.0": {
							"post": [0, 0, 0],
							"lerp_mode": "catmullrom"
						},
						"0.0833": {
							"post": [-71.33799, -36.01651, -11.23272],
							"lerp_mode": "catmullrom"
						},
						"0.1667": {
							"post": [-71.34, -36.02, -11.23],
							"lerp_mode": "catmullrom"
						},
						"0.25": {
							"post": [55.79883, -18.11443, -26.65363],
							"lerp_mode": "catmullrom"
						},
						"0.4167": {
							"post": [55.8, -18.11, -26.65],
							"lerp_mode": "catmullrom"
						}
					},
					"position": {
						"0.0": {
							"post": [0, 0, 0],
							"lerp_mode": "catmullrom"
						},
						"0.1667": {
							"post": [0, 0, 0],
							"lerp_mode": "catmullrom"
						},
						"0.4167": {
							"post": [0, 0, 0],
							"lerp_mode": "catmullrom"
						}
					},
					"scale": {
						"0.0": {
							"post": [1, 1, 1],
							"lerp_mode": "catmullrom"
						},
						"0.1667": {
							"post": [1, 1, 1],
							"lerp_mode": "catmullrom"
						},
						"0.4167": {
							"post": [1, 1, 1],
							"lerp_mode": "catmullrom"
						}
					}
				},
				"rightPerna": {
					"rotation": {
						"0.0": {
							"post": [0, 0, 0],
							"lerp_mode": "catmullrom"
						},
						"0.1667": {
							"post": [0, 0, 0],
							"lerp_mode": "catmullrom"
						},
						"0.25": {
							"post": [-50, 0, 0],
							"lerp_mode": "catmullrom"
						},
						"0.4167": {
							"post": [-50, 0, 0],
							"lerp_mode": "catmullrom"
						}
					},
					"position": {
						"0.0": {
							"post": [0, 0, 0],
							"lerp_mode": "catmullrom"
						},
						"0.1667": {
							"post": [0, 0, 0],
							"lerp_mode": "catmullrom"
						},
						"0.4167": {
							"post": [0, 0, 0],
							"lerp_mode": "catmullrom"
						}
					},
					"scale": {
						"0.0": {
							"post": [1, 1, 1],
							"lerp_mode": "catmullrom"
						},
						"0.1667": {
							"post": [1, 1, 1],
							"lerp_mode": "catmullrom"
						},
						"0.4167": {
							"post": [1, 1, 1],
							"lerp_mode": "catmullrom"
						}
					}
				},
				"leftPerna": {
					"rotation": {
						"0.0": {
							"post": [0, 0, 0],
							"lerp_mode": "catmullrom"
						},
						"0.1667": {
							"post": [0, 0, 0],
							"lerp_mode": "catmullrom"
						},
						"0.25": {
							"post": [42.5, 0, 0],
							"lerp_mode": "catmullrom"
						},
						"0.4167": {
							"post": [42.5, 0, 0],
							"lerp_mode": "catmullrom"
						}
					},
					"position": {
						"0.0": {
							"post": [0, 0, 0],
							"lerp_mode": "catmullrom"
						},
						"0.1667": {
							"post": [0, 0, 0],
							"lerp_mode": "catmullrom"
						},
						"0.4167": {
							"post": [0, 0, 0],
							"lerp_mode": "catmullrom"
						}
					},
					"scale": {
						"0.0": {
							"post": [1, 1, 1],
							"lerp_mode": "catmullrom"
						},
						"0.1667": {
							"post": [1, 1, 1],
							"lerp_mode": "catmullrom"
						},
						"0.4167": {
							"post": [1, 1, 1],
							"lerp_mode": "catmullrom"
						}
					}
				}
			}
		},
		"animation.narutochakra.attack2": {
			"loop": true,
			"animation_length": 0.41667,
			"bones": {
				"Corpo": {
					"rotation": {
						"0.0": {
							"post": [27.5, -35, 0],
							"lerp_mode": "catmullrom"
						},
						"0.0833": {
							"post": [22.68313, -3.44143, 9.79666],
							"lerp_mode": "catmullrom"
						},
						"0.1667": {
							"post": [20.69772, 28.22167, -1.60312],
							"lerp_mode": "catmullrom"
						},
						"0.3333": {
							"post": [19.51031, 21.17708, -4.43893],
							"lerp_mode": "catmullrom"
						},
						"0.4167": {
							"post": [19.51, 21.18, -4.44],
							"lerp_mode": "catmullrom"
						}
					},
					"position": {
						"0.0": {
							"post": [0, -1, -2],
							"lerp_mode": "catmullrom"
						},
						"0.0833": {
							"post": [1, -1, -2],
							"lerp_mode": "catmullrom"
						},
						"0.1667": {
							"post": [0, -2, -2],
							"lerp_mode": "catmullrom"
						},
						"0.4167": {
							"post": [0, -2, -2],
							"lerp_mode": "catmullrom"
						}
					},
					"scale": {
						"0.0": {
							"post": [1, 1, 1],
							"lerp_mode": "catmullrom"
						},
						"0.4167": {
							"post": [1, 1, 1],
							"lerp_mode": "catmullrom"
						}
					}
				},
				"rightBraco": {
					"rotation": {
						"0.0": {
							"post": [-94.11, -52.43, 3.26],
							"lerp_mode": "catmullrom"
						},
						"0.0833": {
							"post": [-94.99955, 59.90406, -4.32801],
							"lerp_mode": "catmullrom"
						},
						"0.1667": {
							"post": [-39.99955, 59.90406, -4.32801],
							"lerp_mode": "catmullrom"
						},
						"0.4167": {
							"post": [-40, 59.9, -4.33],
							"lerp_mode": "catmullrom"
						}
					},
					"position": {
						"0.0": {
							"post": [2, 2, -3],
							"lerp_mode": "catmullrom"
						},
						"0.0833": {
							"post": [-1, 1, 0],
							"lerp_mode": "catmullrom"
						},
						"0.4167": {
							"post": [-1, 1, 0],
							"lerp_mode": "catmullrom"
						}
					},
					"scale": {
						"0.0": {
							"post": [1, 1, 1],
							"lerp_mode": "catmullrom"
						},
						"0.4167": {
							"post": [1, 1, 1],
							"lerp_mode": "catmullrom"
						}
					}
				},
				"leftBraco": {
					"rotation": {
						"0.0": {
							"post": [55.8, -18.11, -26.65],
							"lerp_mode": "catmullrom"
						},
						"0.0833": {
							"post": [-105.30926, -54.86209, -16.91404],
							"lerp_mode": "catmullrom"
						},
						"0.125": {
							"post": [-130.77514, -51.08613, 3.76762],
							"lerp_mode": "catmullrom"
						},
						"0.2083": {
							"post": [-103.23273, 48.40551, -39.50621],
							"lerp_mode": "catmullrom"
						},
						"0.4167": {
							"post": [-103.23, 48.41, -39.51],
							"lerp_mode": "catmullrom"
						}
					},
					"position": {
						"0.0": {
							"post": [0, 0, 0],
							"lerp_mode": "catmullrom"
						},
						"0.0833": {
							"post": [-3, 0, 5],
							"lerp_mode": "catmullrom"
						},
						"0.125": {
							"post": [-2.19, 0, 4.81],
							"lerp_mode": "catmullrom"
						},
						"0.2083": {
							"post": [-1, 0, -4],
							"lerp_mode": "catmullrom"
						},
						"0.2917": {
							"post": [-1, 0, -3],
							"lerp_mode": "catmullrom"
						},
						"0.4167": {
							"post": [-1, 0, -3],
							"lerp_mode": "catmullrom"
						}
					},
					"scale": {
						"0.0": {
							"post": [1, 1, 1],
							"lerp_mode": "catmullrom"
						},
						"0.4167": {
							"post": [1, 1, 1],
							"lerp_mode": "catmullrom"
						}
					}
				},
				"rightPerna": {
					"rotation": {
						"0.0": {
							"post": [-50, 0, 0],
							"lerp_mode": "catmullrom"
						},
						"0.0833": {
							"post": [-10, 0, 0],
							"lerp_mode": "catmullrom"
						},
						"0.1667": {
							"post": [7.5, 0, 0],
							"lerp_mode": "catmullrom"
						},
						"0.3333": {
							"post": [7.43656, -0.9762, 7.43656],
							"lerp_mode": "catmullrom"
						},
						"0.4167": {
							"post": [7.44, -0.98, 7.44],
							"lerp_mode": "catmullrom"
						}
					},
					"position": {
						"0.0": {
							"post": [0, 0, 0],
							"lerp_mode": "catmullrom"
						},
						"0.4167": {
							"post": [0, 0, 0],
							"lerp_mode": "catmullrom"
						}
					},
					"scale": {
						"0.0": {
							"post": [1, 1, 1],
							"lerp_mode": "catmullrom"
						},
						"0.4167": {
							"post": [1, 1, 1],
							"lerp_mode": "catmullrom"
						}
					}
				},
				"leftPerna": {
					"rotation": {
						"0.0": {
							"post": [42.5, 0, 0],
							"lerp_mode": "catmullrom"
						},
						"0.1667": {
							"post": [-40, 0, 0],
							"lerp_mode": "catmullrom"
						},
						"0.3333": {
							"post": [-39.75778, 4.81281, 5.7589],
							"lerp_mode": "catmullrom"
						},
						"0.4167": {
							"post": [-39.76, 4.81, 5.76],
							"lerp_mode": "catmullrom"
						}
					},
					"position": {
						"0.0": {
							"post": [0, 0, 0],
							"lerp_mode": "catmullrom"
						},
						"0.0833": {
							"post": [0, 2, -4],
							"lerp_mode": "catmullrom"
						},
						"0.1667": {
							"post": [0, 1, -2],
							"lerp_mode": "catmullrom"
						},
						"0.4167": {
							"post": [0, 1, -2],
							"lerp_mode": "catmullrom"
						}
					},
					"scale": {
						"0.0": {
							"post": [1, 1, 1],
							"lerp_mode": "catmullrom"
						},
						"0.4167": {
							"post": [1, 1, 1],
							"lerp_mode": "catmullrom"
						}
					}
				}
			}
		},
		"animation.narutochakra.attack3": {
			"loop": true,
			"animation_length": 0.58333,
			"bones": {
				"Corpo": {
					"rotation": {
						"0.0": {
							"post": [19.51, 21.18, -4.44],
							"lerp_mode": "catmullrom"
						},
						"0.0833": {
							"post": [54.28999, -5.62287, -4.02547],
							"lerp_mode": "catmullrom"
						},
						"0.2083": {
							"post": [-15.71001, -5.62287, -4.02547],
							"lerp_mode": "catmullrom"
						},
						"0.3333": {
							"post": [41.78999, -5.62287, -4.02547],
							"lerp_mode": "catmullrom"
						},
						"0.4167": {
							"post": [41.79, -5.62, -4.03],
							"lerp_mode": "catmullrom"
						},
						"0.5833": {
							"post": [41.79, -5.62, -4.03],
							"lerp_mode": "catmullrom"
						}
					},
					"position": {
						"0.0": {
							"post": [0, -2, -2],
							"lerp_mode": "catmullrom"
						},
						"0.0833": {
							"post": [0, -5, -5],
							"lerp_mode": "catmullrom"
						},
						"0.2083": {
							"post": [0, 0, 0],
							"lerp_mode": "catmullrom"
						},
						"0.3333": {
							"post": [0, -3, -1],
							"lerp_mode": "catmullrom"
						},
						"0.4167": {
							"post": [0, -3, -1],
							"lerp_mode": "catmullrom"
						},
						"0.5833": {
							"post": [0, -3, -1],
							"lerp_mode": "catmullrom"
						}
					},
					"scale": {
						"0.0": {
							"post": [1, 1, 1],
							"lerp_mode": "catmullrom"
						},
						"0.4167": {
							"post": [1, 1, 1],
							"lerp_mode": "catmullrom"
						},
						"0.5833": {
							"post": [1, 1, 1],
							"lerp_mode": "catmullrom"
						}
					}
				},
				"rightBraco": {
					"rotation": {
						"0.0": {
							"post": [-40, 59.9, -4.33],
							"lerp_mode": "catmullrom"
						},
						"0.0833": {
							"post": [-65.88966, -48.51428, 23.15939],
							"lerp_mode": "catmullrom"
						},
						"0.2083": {
							"post": [-219.6473, -7.02164, 26.55549],
							"lerp_mode": "catmullrom"
						},
						"0.3333": {
							"post": [-92.2015, -14.51625, 26.84494],
							"lerp_mode": "catmullrom"
						},
						"0.4167": {
							"post": [-92.2, -14.52, 26.84],
							"lerp_mode": "catmullrom"
						},
						"0.5833": {
							"post": [-92.2, -14.52, 26.84],
							"lerp_mode": "catmullrom"
						}
					},
					"position": {
						"0.0": {
							"post": [-1, 1, 0],
							"lerp_mode": "catmullrom"
						},
						"0.0833": {
							"post": [-1, -1, -1],
							"lerp_mode": "catmullrom"
						},
						"0.2083": {
							"post": [0, 3, 2],
							"lerp_mode": "catmullrom"
						},
						"0.3333": {
							"post": [1, -1, -2],
							"lerp_mode": "catmullrom"
						},
						"0.4167": {
							"post": [1, -1, -2],
							"lerp_mode": "catmullrom"
						},
						"0.5833": {
							"post": [1, -1, -2],
							"lerp_mode": "catmullrom"
						}
					},
					"scale": {
						"0.0": {
							"post": [1, 1, 1],
							"lerp_mode": "catmullrom"
						},
						"0.4167": {
							"post": [1, 1, 1],
							"lerp_mode": "catmullrom"
						},
						"0.5833": {
							"post": [1, 1, 1],
							"lerp_mode": "catmullrom"
						}
					}
				},
				"leftBraco": {
					"rotation": {
						"0.0": {
							"post": [-103.23, 48.41, -39.51],
							"lerp_mode": "catmullrom"
						},
						"0.0833": {
							"post": [-61.46103, 41.77732, -12.59666],
							"lerp_mode": "catmullrom"
						},
						"0.2083": {
							"post": [-226.30498, 9.78692, -28.74211],
							"lerp_mode": "catmullrom"
						},
						"0.3333": {
							"post": [-91.48171, 29.78115, -29.25632],
							"lerp_mode": "catmullrom"
						},
						"0.4167": {
							"post": [-91.48, 29.78, -29.26],
							"lerp_mode": "catmullrom"
						},
						"0.5833": {
							"post": [-91.48, 29.78, -29.26],
							"lerp_mode": "catmullrom"
						}
					},
					"position": {
						"0.0": {
							"post": [-1, 0, -3],
							"lerp_mode": "catmullrom"
						},
						"0.0833": {
							"post": [0, -1, -1],
							"lerp_mode": "catmullrom"
						},
						"0.2083": {
							"post": [-0.67, 2.96, 1.37],
							"lerp_mode": "catmullrom"
						},
						"0.3333": {
							"post": [-1, -1, -2],
							"lerp_mode": "catmullrom"
						},
						"0.4167": {
							"post": [-1, -1, -2],
							"lerp_mode": "catmullrom"
						},
						"0.5833": {
							"post": [-1, -1, -2],
							"lerp_mode": "catmullrom"
						}
					},
					"scale": {
						"0.0": {
							"post": [1, 1, 1],
							"lerp_mode": "catmullrom"
						},
						"0.4167": {
							"post": [1, 1, 1],
							"lerp_mode": "catmullrom"
						},
						"0.5833": {
							"post": [1, 1, 1],
							"lerp_mode": "catmullrom"
						}
					}
				},
				"rightPerna": {
					"rotation": {
						"0.0": {
							"post": [7.44, -0.98, 7.44],
							"lerp_mode": "catmullrom"
						},
						"0.0833": {
							"post": [-25.04303, 3.97786, 8.08819],
							"lerp_mode": "catmullrom"
						},
						"0.2083": {
							"post": [30.01971, 1.43659, 13.38032],
							"lerp_mode": "catmullrom"
						},
						"0.3333": {
							"post": [-128.46349, 42.13053, -13.92566],
							"lerp_mode": "catmullrom"
						},
						"0.4167": {
							"post": [-128.46, 42.13, -13.93],
							"lerp_mode": "catmullrom"
						},
						"0.5833": {
							"post": [-128.46, 42.13, -13.93],
							"lerp_mode": "catmullrom"
						}
					},
					"position": {
						"0.0": {
							"post": [0, 0, 0],
							"lerp_mode": "catmullrom"
						},
						"0.0833": {
							"post": [0, 4, -4],
							"lerp_mode": "catmullrom"
						},
						"0.2083": {
							"post": [0, 0, 0],
							"lerp_mode": "catmullrom"
						},
						"0.4167": {
							"post": [0, 0, 0],
							"lerp_mode": "catmullrom"
						},
						"0.5833": {
							"post": [0, 0, 0],
							"lerp_mode": "catmullrom"
						}
					},
					"scale": {
						"0.0": {
							"post": [1, 1, 1],
							"lerp_mode": "catmullrom"
						},
						"0.4167": {
							"post": [1, 1, 1],
							"lerp_mode": "catmullrom"
						},
						"0.5833": {
							"post": [1, 1, 1],
							"lerp_mode": "catmullrom"
						}
					}
				},
				"leftPerna": {
					"rotation": {
						"0.0": {
							"post": [-39.76, 4.81, 5.76],
							"lerp_mode": "catmullrom"
						},
						"0.0833": {
							"post": [-23.20779, 6.07799, -4.20455],
							"lerp_mode": "catmullrom"
						},
						"0.2083": {
							"post": [35.54156, -6.27063, -12.4597],
							"lerp_mode": "catmullrom"
						},
						"0.3333": {
							"post": [-120.77039, -28.25732, 0.10326],
							"lerp_mode": "catmullrom"
						},
						"0.4167": {
							"post": [-120.77, -28.26, 0.1],
							"lerp_mode": "catmullrom"
						},
						"0.5833": {
							"post": [-120.77, -28.26, 0.1],
							"lerp_mode": "catmullrom"
						}
					},
					"position": {
						"0.0": {
							"post": [0, 1, -2],
							"lerp_mode": "catmullrom"
						},
						"0.0833": {
							"post": [0, 4, -4],
							"lerp_mode": "catmullrom"
						},
						"0.2083": {
							"post": [0, 0, 0],
							"lerp_mode": "catmullrom"
						},
						"0.4167": {
							"post": [0, 0, 0],
							"lerp_mode": "catmullrom"
						},
						"0.5833": {
							"post": [0, 0, 0],
							"lerp_mode": "catmullrom"
						}
					},
					"scale": {
						"0.0": {
							"post": [1, 1, 1],
							"lerp_mode": "catmullrom"
						},
						"0.4167": {
							"post": [1, 1, 1],
							"lerp_mode": "catmullrom"
						},
						"0.5833": {
							"post": [1, 1, 1],
							"lerp_mode": "catmullrom"
						}
					}
				}
			}
		},
		"animation.narutochakra.attack4": {
			"loop": true,
			"animation_length": 0.70833,
			"bones": {
				"Corpo": {
					"rotation": {
						"0.0": {
							"post": [41.79, -5.62, -4.03],
							"lerp_mode": "catmullrom"
						},
						"0.1667": {
							"post": [35, 0, 0],
							"lerp_mode": "catmullrom"
						},
						"0.25": {
							"post": [3.01293, -34.63641, -9.22058],
							"lerp_mode": "catmullrom"
						},
						"0.3333": {
							"post": [3.01293, -34.63641, -9.22058],
							"lerp_mode": "catmullrom"
						},
						"0.4167": {
							"post": [22.60344, 17.80928, -6.71031],
							"lerp_mode": "catmullrom"
						},
						"0.7083": {
							"post": [22.6, 17.81, -6.71],
							"lerp_mode": "catmullrom"
						}
					},
					"position": {
						"0.0": {
							"post": [0, -3, -1],
							"lerp_mode": "catmullrom"
						},
						"0.1667": {
							"post": [0, -5, -1],
							"lerp_mode": "catmullrom"
						},
						"0.25": {
							"post": [-2, 0, -1],
							"lerp_mode": "catmullrom"
						},
						"0.7083": {
							"post": [-2, 0, -1],
							"lerp_mode": "catmullrom"
						}
					},
					"scale": {
						"0.0": {
							"post": [1, 1, 1],
							"lerp_mode": "catmullrom"
						},
						"0.7083": {
							"post": [1, 1, 1],
							"lerp_mode": "catmullrom"
						}
					}
				},
				"rightBraco": {
					"rotation": {
						"0.0": {
							"post": [-92.2, -14.52, 26.84],
							"lerp_mode": "catmullrom"
						},
						"0.1667": {
							"post": [10.3, -14.52, 26.84],
							"lerp_mode": "catmullrom"
						},
						"0.25": {
							"post": [29.78888, -10.60639, 62.51003],
							"lerp_mode": "catmullrom"
						},
						"0.3333": {
							"post": [29.78888, -10.60639, 62.51003],
							"lerp_mode": "catmullrom"
						},
						"0.4167": {
							"post": [-160.21182, 10.59598, 70.08405],
							"lerp_mode": "catmullrom"
						},
						"0.7083": {
							"post": [-160.21, 10.6, 70.08],
							"lerp_mode": "catmullrom"
						}
					},
					"position": {
						"0.0": {
							"post": [1, -1, -2],
							"lerp_mode": "catmullrom"
						},
						"0.1667": {
							"post": [0, -1, 0],
							"lerp_mode": "catmullrom"
						},
						"0.4167": {
							"post": [0, 1, -3],
							"lerp_mode": "catmullrom"
						},
						"0.7083": {
							"post": [0, 1, -3],
							"lerp_mode": "catmullrom"
						}
					},
					"scale": {
						"0.0": {
							"post": [1, 1, 1],
							"lerp_mode": "catmullrom"
						},
						"0.7083": {
							"post": [1, 1, 1],
							"lerp_mode": "catmullrom"
						}
					}
				},
				"leftBraco": {
					"rotation": {
						"0.0": {
							"post": [-91.48, 29.78, -29.26],
							"lerp_mode": "catmullrom"
						},
						"0.1667": {
							"post": [0.89337, -7.71516, -29.88659],
							"lerp_mode": "catmullrom"
						},
						"0.25": {
							"post": [-126.60663, -7.71516, -29.88659],
							"lerp_mode": "catmullrom"
						},
						"0.3333": {
							"post": [-126.60663, -7.71516, -29.88659],
							"lerp_mode": "catmullrom"
						},
						"0.4167": {
							"post": [36.1232, -1.00241, -95.70439],
							"lerp_mode": "catmullrom"
						},
						"0.7083": {
							"post": [36.12, -1, -95.7],
							"lerp_mode": "catmullrom"
						}
					},
					"position": {
						"0.0": {
							"post": [-1, -1, -2],
							"lerp_mode": "catmullrom"
						},
						"0.1667": {
							"post": [0, -1, 0],
							"lerp_mode": "catmullrom"
						},
						"0.7083": {
							"post": [0, -1, 0],
							"lerp_mode": "catmullrom"
						}
					},
					"scale": {
						"0.0": {
							"post": [1, 1, 1],
							"lerp_mode": "catmullrom"
						},
						"0.7083": {
							"post": [1, 1, 1],
							"lerp_mode": "catmullrom"
						}
					}
				},
				"rightPerna": {
					"rotation": {
						"0.0": {
							"post": [-128.46, 42.13, -13.93],
							"lerp_mode": "catmullrom"
						},
						"0.1667": {
							"post": [-34.78157, 12.66717, -7.40305],
							"lerp_mode": "catmullrom"
						},
						"0.25": {
							"post": [2.71843, 12.66717, -7.40305],
							"lerp_mode": "catmullrom"
						},
						"0.3333": {
							"post": [2.71843, 12.66717, -7.40305],
							"lerp_mode": "catmullrom"
						},
						"0.4167": {
							"post": [46.91505, 23.94589, -17.84301],
							"lerp_mode": "catmullrom"
						},
						"0.7083": {
							"post": [46.91505, 23.94589, -17.84301],
							"lerp_mode": "catmullrom"
						}
					},
					"position": {
						"0.0": {
							"post": [0, 0, 0],
							"lerp_mode": "catmullrom"
						},
						"0.1667": {
							"post": [-1, 5, -2],
							"lerp_mode": "catmullrom"
						},
						"0.25": {
							"post": [0, 0, 0],
							"lerp_mode": "catmullrom"
						},
						"0.3333": {
							"post": [0, 0, 0],
							"lerp_mode": "catmullrom"
						},
						"0.4167": {
							"post": [0.07, -1.37, -2.85],
							"lerp_mode": "catmullrom"
						},
						"0.7083": {
							"post": [0.07, -1.37, -2.85],
							"lerp_mode": "catmullrom"
						}
					},
					"scale": {
						"0.0": {
							"post": [1, 1, 1],
							"lerp_mode": "catmullrom"
						},
						"0.7083": {
							"post": [1, 1, 1],
							"lerp_mode": "catmullrom"
						}
					}
				},
				"leftPerna": {
					"rotation": {
						"0.0": {
							"post": [-120.77, -28.26, 0.1],
							"lerp_mode": "catmullrom"
						},
						"0.1667": {
							"post": [-34.47449, -6.95794, 2.16562],
							"lerp_mode": "catmullrom"
						},
						"0.25": {
							"post": [33.62214, 2.14558, -54.60875],
							"lerp_mode": "catmullrom"
						},
						"0.3333": {
							"post": [33.62214, 2.14558, -54.60875],
							"lerp_mode": "catmullrom"
						},
						"0.4167": {
							"post": [-141.37786, 2.14558, -54.60875],
							"lerp_mode": "catmullrom"
						},
						"0.7083": {
							"post": [-141.38, 2.15, -54.61],
							"lerp_mode": "catmullrom"
						}
					},
					"position": {
						"0.0": {
							"post": [0, 0, 0],
							"lerp_mode": "catmullrom"
						},
						"0.1667": {
							"post": [1, 5, -2],
							"lerp_mode": "catmullrom"
						},
						"0.25": {
							"post": [1, 2, -3],
							"lerp_mode": "catmullrom"
						},
						"0.3333": {
							"post": [1, 2, -3],
							"lerp_mode": "catmullrom"
						},
						"0.4167": {
							"post": [0, 2, -3],
							"lerp_mode": "catmullrom"
						},
						"0.7083": {
							"post": [0, 2, -3],
							"lerp_mode": "catmullrom"
						}
					},
					"scale": {
						"0.0": {
							"post": [1, 1, 1],
							"lerp_mode": "catmullrom"
						},
						"0.7083": {
							"post": [1, 1, 1],
							"lerp_mode": "catmullrom"
						}
					}
				}
			}
		},
		"animation.narutochakra.clones": {
			"loop": true,
			"animation_length": 1.45833,
			"bones": {
				"Corpo": {
					"rotation": {
						"0.0": {
							"post": [0, 0, 0],
							"lerp_mode": "catmullrom"
						},
						"0.2083": {
							"post": [20, 0, 0],
							"lerp_mode": "catmullrom"
						},
						"1.4583": {
							"post": [20, 0, 0],
							"lerp_mode": "catmullrom"
						}
					},
					"position": {
						"0.0": {
							"post": [0, 0, 0],
							"lerp_mode": "catmullrom"
						},
						"0.2083": {
							"post": [0, -3, 0],
							"lerp_mode": "catmullrom"
						},
						"1.4583": {
							"post": [0, -3, 0],
							"lerp_mode": "catmullrom"
						}
					},
					"scale": {
						"0.0": {
							"post": [1, 1, 1],
							"lerp_mode": "catmullrom"
						},
						"1.4583": {
							"post": [1, 1, 1],
							"lerp_mode": "catmullrom"
						}
					}
				},
				"rightBraco": {
					"rotation": {
						"0.0": {
							"post": [0, 0, 0],
							"lerp_mode": "catmullrom"
						},
						"0.2083": {
							"post": [-151.8817, 24.09293, 73.52973],
							"lerp_mode": "catmullrom"
						},
						"1.4583": {
							"post": [-151.88, 24.09, 73.53],
							"lerp_mode": "catmullrom"
						}
					},
					"position": {
						"0.0": {
							"post": [0, 0, 0],
							"lerp_mode": "catmullrom"
						},
						"0.2083": {
							"post": [-2, -3, -2],
							"lerp_mode": "catmullrom"
						},
						"1.4583": {
							"post": [-2, -3, -2],
							"lerp_mode": "catmullrom"
						}
					},
					"scale": {
						"0.0": {
							"post": [1, 1, 1],
							"lerp_mode": "catmullrom"
						},
						"1.4583": {
							"post": [1, 1, 1],
							"lerp_mode": "catmullrom"
						}
					}
				},
				"leftBraco": {
					"rotation": {
						"0.0": {
							"post": [0, 0, 0],
							"lerp_mode": "catmullrom"
						},
						"0.2083": {
							"post": [-129.43255, -34.39275, -77.85213],
							"lerp_mode": "catmullrom"
						},
						"1.4583": {
							"post": [-129.43, -34.39, -77.85],
							"lerp_mode": "catmullrom"
						}
					},
					"position": {
						"0.0": {
							"post": [0, 0, 0],
							"lerp_mode": "catmullrom"
						},
						"0.2083": {
							"post": [1, -3, -2],
							"lerp_mode": "catmullrom"
						},
						"1.4583": {
							"post": [1, -3, -2],
							"lerp_mode": "catmullrom"
						}
					},
					"scale": {
						"0.0": {
							"post": [1, 1, 1],
							"lerp_mode": "catmullrom"
						},
						"1.4583": {
							"post": [1, 1, 1],
							"lerp_mode": "catmullrom"
						}
					}
				},
				"rightPerna": {
					"rotation": {
						"0.0": {
							"post": [0, 0, 0],
							"lerp_mode": "catmullrom"
						},
						"0.2083": {
							"post": [-11.62962, 4.92385, 10.03742],
							"lerp_mode": "catmullrom"
						},
						"1.4583": {
							"post": [-11.63, 4.92, 10.04],
							"lerp_mode": "catmullrom"
						}
					},
					"position": {
						"0.0": {
							"post": [0, 0, 0],
							"lerp_mode": "catmullrom"
						},
						"0.2083": {
							"post": [0, 3, -3],
							"lerp_mode": "catmullrom"
						},
						"1.4583": {
							"post": [0, 3, -3],
							"lerp_mode": "catmullrom"
						}
					},
					"scale": {
						"0.0": {
							"post": [1, 1, 1],
							"lerp_mode": "catmullrom"
						},
						"1.4583": {
							"post": [1, 1, 1],
							"lerp_mode": "catmullrom"
						}
					}
				},
				"leftPerna": {
					"rotation": {
						"0.0": {
							"post": [0, 0, 0],
							"lerp_mode": "catmullrom"
						},
						"0.2083": {
							"post": [-9.66568, -2.91279, -7.47156],
							"lerp_mode": "catmullrom"
						},
						"1.4583": {
							"post": [-9.67, -2.91, -7.47],
							"lerp_mode": "catmullrom"
						}
					},
					"position": {
						"0.0": {
							"post": [0, 0, 0],
							"lerp_mode": "catmullrom"
						},
						"0.2083": {
							"post": [0, 3, -3],
							"lerp_mode": "catmullrom"
						},
						"1.4583": {
							"post": [0, 3, -3],
							"lerp_mode": "catmullrom"
						}
					},
					"scale": {
						"0.0": {
							"post": [1, 1, 1],
							"lerp_mode": "catmullrom"
						},
						"1.4583": {
							"post": [1, 1, 1],
							"lerp_mode": "catmullrom"
						}
					}
				}
			}
		},
		"animation.narutochakra.clonerasengan": {
			"loop": true,
			"animation_length": 0.5,
			"bones": {
				"Corpo": {
					"rotation": [20, -22.5, 0],
					"position": [0, -1, 0]
				},
				"rightBraco": {
					"rotation": {
						"0.0": [-91.54758, -10.5124, 52.80877],
						"0.0833": [-91.81445, -33.00302, 53.51488],
						"0.1667": [-91.54758, -10.5124, 52.80877],
						"0.25": [-111.17269, 1.13515, 48.24847],
						"0.3333": [-86.17269, 1.13515, 48.24847],
						"0.4167": [-103.67269, 1.13515, 48.24847],
						"0.5": [-91.54758, -10.5124, 52.80877]
					},
					"position": [0, 0, -3]
				},
				"leftBraco": {
					"rotation": {
						"0.0": [-90, 0, -32.5],
						"0.0833": [-100.15108, 9.84655, -34.25378],
						"0.1667": [-100.00933, 2.462, -32.93439],
						"0.25": [-90.80524, 22.13991, -36.61405],
						"0.3333": [-118.30524, 22.13991, -36.61405],
						"0.4167": [-105.80524, 22.13991, -36.61405],
						"0.5": [-90, 0, -32.5]
					},
					"position": [0, 0, -3]
				},
				"rightPerna": {
					"rotation": [-7.32417, 1.61888, 12.39638],
					"position": [0, 1, -2]
				},
				"leftPerna": {
					"rotation": [-7.43656, -0.9762, -7.43656],
					"position": [0, 1, -2]
				}
			}
		},
		"animation.narutochakra.rasengan": {
			"loop": true,
			"animation_length": 0.70833,
			"bones": {
				"Corpo": {
					"rotation": {
						"0.0": {
							"post": [25, 60, 0],
							"lerp_mode": "catmullrom"
						},
						"0.0833": {
							"post": [25, 60, 0],
							"lerp_mode": "catmullrom"
						},
						"0.1667": {
							"post": [39.5345, 22.68026, 11.00029],
							"lerp_mode": "catmullrom"
						},
						"0.25": {
							"post": [39.53, 22.68, 11],
							"lerp_mode": "catmullrom"
						},
						"0.3333": {
							"post": [49.03222, 38.94467, 29.25054],
							"lerp_mode": "catmullrom"
						},
						"0.4167": {
							"post": [38.46841, -19.26033, -21.33669],
							"lerp_mode": "catmullrom"
						},
						"0.7083": {
							"post": [38.47, -19.26, -21.34],
							"lerp_mode": "catmullrom"
						}
					},
					"position": {
						"0.0": {
							"post": [0, -3, 0],
							"lerp_mode": "catmullrom"
						},
						"0.0833": {
							"post": [0, -3, 0],
							"lerp_mode": "catmullrom"
						},
						"0.1667": {
							"post": [0, -3, -3],
							"lerp_mode": "catmullrom"
						},
						"0.25": {
							"post": [0, -3, -3],
							"lerp_mode": "catmullrom"
						},
						"0.3333": {
							"post": [0, -3, -3],
							"lerp_mode": "catmullrom"
						},
						"0.7083": {
							"post": [0, -3, -3],
							"lerp_mode": "catmullrom"
						}
					},
					"scale": {
						"0.0": {
							"post": [1, 1, 1],
							"lerp_mode": "catmullrom"
						},
						"0.0833": {
							"post": [1, 1, 1],
							"lerp_mode": "catmullrom"
						},
						"0.25": {
							"post": [1, 1, 1],
							"lerp_mode": "catmullrom"
						},
						"0.3333": {
							"post": [1, 1, 1],
							"lerp_mode": "catmullrom"
						},
						"0.7083": {
							"post": [1, 1, 1],
							"lerp_mode": "catmullrom"
						}
					}
				},
				"rightBraco": {
					"rotation": {
						"0.0": {
							"post": [-112.47622, 45.16366, -71.04085],
							"lerp_mode": "catmullrom"
						},
						"0.0833": {
							"post": [-112.48, 45.16, -71.04],
							"lerp_mode": "catmullrom"
						},
						"0.1667": {
							"post": [-270.69437, 56.576, -209.58543],
							"lerp_mode": "catmullrom"
						},
						"0.25": {
							"post": [-270.69, 56.58, -209.59],
							"lerp_mode": "catmullrom"
						},
						"0.3333": {
							"post": [-270.52902, 44.08069, -209.38211],
							"lerp_mode": "catmullrom"
						},
						"0.4167": {
							"post": [-479.21021, 13.69764, -343.87597],
							"lerp_mode": "catmullrom"
						},
						"0.7083": {
							"post": [-479.21, 13.7, -343.88],
							"lerp_mode": "catmullrom"
						}
					},
					"position": {
						"0.0": {
							"post": [0, 0, 0],
							"lerp_mode": "catmullrom"
						},
						"0.0833": {
							"post": [0, 0, 0],
							"lerp_mode": "catmullrom"
						},
						"0.25": {
							"post": [0, 0, 0],
							"lerp_mode": "catmullrom"
						},
						"0.3333": {
							"post": [0, 0, 0],
							"lerp_mode": "catmullrom"
						},
						"0.4167": {
							"post": [0, 3, -3],
							"lerp_mode": "catmullrom"
						},
						"0.7083": {
							"post": [0, 3, -3],
							"lerp_mode": "catmullrom"
						}
					},
					"scale": {
						"0.0": {
							"post": [1, 1, 1],
							"lerp_mode": "catmullrom"
						},
						"0.0833": {
							"post": [1, 1, 1],
							"lerp_mode": "catmullrom"
						},
						"0.25": {
							"post": [1, 1, 1],
							"lerp_mode": "catmullrom"
						},
						"0.3333": {
							"post": [1, 1, 1],
							"lerp_mode": "catmullrom"
						},
						"0.7083": {
							"post": [1, 1, 1],
							"lerp_mode": "catmullrom"
						}
					}
				},
				"leftBraco": {
					"rotation": {
						"0.0": {
							"post": [-18.93283, -27.24736, -25.21046],
							"lerp_mode": "catmullrom"
						},
						"0.0833": {
							"post": [-18.93, -27.25, -25.21],
							"lerp_mode": "catmullrom"
						},
						"0.25": {
							"post": [-18.93, -27.25, -25.21],
							"lerp_mode": "catmullrom"
						},
						"0.3333": {
							"post": [-66.43, -27.25, -25.21],
							"lerp_mode": "catmullrom"
						},
						"0.4167": {
							"post": [43.57, -27.25, -25.21],
							"lerp_mode": "catmullrom"
						},
						"0.7083": {
							"post": [43.57, -27.25, -25.21],
							"lerp_mode": "catmullrom"
						}
					},
					"position": {
						"0.0": {
							"post": [0, 0, 0],
							"lerp_mode": "catmullrom"
						},
						"0.0833": {
							"post": [0, 0, 0],
							"lerp_mode": "catmullrom"
						},
						"0.25": {
							"post": [0, 0, 0],
							"lerp_mode": "catmullrom"
						},
						"0.3333": {
							"post": [0, 0, 0],
							"lerp_mode": "catmullrom"
						},
						"0.4167": {
							"post": [0, 0, 2],
							"lerp_mode": "catmullrom"
						},
						"0.7083": {
							"post": [0, 0, 2],
							"lerp_mode": "catmullrom"
						}
					},
					"scale": {
						"0.0": {
							"post": [1, 1, 1],
							"lerp_mode": "catmullrom"
						},
						"0.0833": {
							"post": [1, 1, 1],
							"lerp_mode": "catmullrom"
						},
						"0.25": {
							"post": [1, 1, 1],
							"lerp_mode": "catmullrom"
						},
						"0.3333": {
							"post": [1, 1, 1],
							"lerp_mode": "catmullrom"
						},
						"0.7083": {
							"post": [1, 1, 1],
							"lerp_mode": "catmullrom"
						}
					}
				},
				"rightPerna": {
					"rotation": {
						"0.0": {
							"post": [-4.40842, 6.21271, 10.86815],
							"lerp_mode": "catmullrom"
						},
						"0.0833": {
							"post": [-4.41, 6.21, 10.87],
							"lerp_mode": "catmullrom"
						},
						"0.25": {
							"post": [-4.41, 6.21, 10.87],
							"lerp_mode": "catmullrom"
						},
						"0.3333": {
							"post": [-5.42118, 5.35092, 0.85582],
							"lerp_mode": "catmullrom"
						},
						"0.7083": {
							"post": [-5.42, 5.35, 0.86],
							"lerp_mode": "catmullrom"
						}
					},
					"position": {
						"0.0": {
							"post": [0, 1, 0],
							"lerp_mode": "catmullrom"
						},
						"0.0833": {
							"post": [0, 1, 0],
							"lerp_mode": "catmullrom"
						},
						"0.1667": {
							"post": [0, 4, -3],
							"lerp_mode": "catmullrom"
						},
						"0.25": {
							"post": [0, 4, -3],
							"lerp_mode": "catmullrom"
						},
						"0.3333": {
							"post": [0, 4, -3],
							"lerp_mode": "catmullrom"
						},
						"0.7083": {
							"post": [0, 4, -3],
							"lerp_mode": "catmullrom"
						}
					},
					"scale": {
						"0.0": {
							"post": [1, 1, 1],
							"lerp_mode": "catmullrom"
						},
						"0.0833": {
							"post": [1, 1, 1],
							"lerp_mode": "catmullrom"
						},
						"0.25": {
							"post": [1, 1, 1],
							"lerp_mode": "catmullrom"
						},
						"0.3333": {
							"post": [1, 1, 1],
							"lerp_mode": "catmullrom"
						},
						"0.7083": {
							"post": [1, 1, 1],
							"lerp_mode": "catmullrom"
						}
					}
				},
				"leftPerna": {
					"rotation": {
						"0.0": {
							"post": [-27.14233, -4.59902, -8.88927],
							"lerp_mode": "catmullrom"
						},
						"0.0833": {
							"post": [-27.14, -4.6, -8.89],
							"lerp_mode": "catmullrom"
						},
						"0.1667": {
							"post": [5.36, -4.6, -8.89],
							"lerp_mode": "catmullrom"
						},
						"0.25": {
							"post": [5.36, -4.6, -8.89],
							"lerp_mode": "catmullrom"
						},
						"0.3333": {
							"post": [5.36, -4.6, -8.89],
							"lerp_mode": "catmullrom"
						},
						"0.7083": {
							"post": [5.36, -4.6, -8.89],
							"lerp_mode": "catmullrom"
						}
					},
					"position": {
						"0.0": {
							"post": [0, 2, -1],
							"lerp_mode": "catmullrom"
						},
						"0.0833": {
							"post": [0, 2, -1],
							"lerp_mode": "catmullrom"
						},
						"0.1667": {
							"post": [0, 0, 0],
							"lerp_mode": "catmullrom"
						},
						"0.25": {
							"post": [0, 0, 0],
							"lerp_mode": "catmullrom"
						},
						"0.3333": {
							"post": [0, 0, 0],
							"lerp_mode": "catmullrom"
						},
						"0.7083": {
							"post": [0, 0, 0],
							"lerp_mode": "catmullrom"
						}
					},
					"scale": {
						"0.0": {
							"post": [1, 1, 1],
							"lerp_mode": "catmullrom"
						},
						"0.0833": {
							"post": [1, 1, 1],
							"lerp_mode": "catmullrom"
						},
						"0.25": {
							"post": [1, 1, 1],
							"lerp_mode": "catmullrom"
						},
						"0.3333": {
							"post": [1, 1, 1],
							"lerp_mode": "catmullrom"
						},
						"0.7083": {
							"post": [1, 1, 1],
							"lerp_mode": "catmullrom"
						}
					}
				},
				"head": {
					"rotation": {
						"0.0": {
							"post": [-34.23216, -47.13536, 26.50648],
							"lerp_mode": "catmullrom"
						},
						"0.1667": {
							"post": [-24.56202, -22.9824, 10.11783],
							"lerp_mode": "catmullrom"
						},
						"0.3333": {
							"post": [-24.56, -22.98, 10.12],
							"lerp_mode": "catmullrom"
						},
						"0.7083": {
							"post": [-24.56, -22.98, 10.12],
							"lerp_mode": "catmullrom"
						}
					}
				}
			}
		},
		"animation.narutochakra.rasengan_hold": {
			"loop": true,
			"animation_length": 6,
			"bones": {
				"Corpo": {
					"rotation": {
						"0.0": {
							"post": [0, 0, 0],
							"lerp_mode": "catmullrom"
						},
						"0.125": {
							"post": [20, 0, 0],
							"lerp_mode": "catmullrom"
						},
						"0.2917": {
							"post": [20, 0, 0],
							"lerp_mode": "catmullrom"
						},
						"0.4583": [25, 60, 0]
					},
					"position": {
						"0.0": {
							"post": [0, 0, 0],
							"lerp_mode": "catmullrom"
						},
						"0.125": {
							"post": [0, -3, 0],
							"lerp_mode": "catmullrom"
						},
						"0.2917": {
							"post": [0, -3, 0],
							"lerp_mode": "catmullrom"
						},
						"0.4583": [0, -3, 0]
					},
					"scale": {
						"0.0": {
							"post": [1, 1, 1],
							"lerp_mode": "catmullrom"
						},
						"0.2917": {
							"post": [1, 1, 1],
							"lerp_mode": "catmullrom"
						},
						"0.4583": [1, 1, 1]
					}
				},
				"rightBraco": {
					"rotation": {
						"0.0": {
							"post": [0, 0, 0],
							"lerp_mode": "catmullrom"
						},
						"0.125": {
							"post": [-151.8817, 24.09293, 73.52973],
							"lerp_mode": "catmullrom"
						},
						"0.2917": {
							"post": [-151.88, 24.09, 73.53],
							"lerp_mode": "catmullrom"
						},
						"0.4583": [-112.47622, 45.16366, -71.04085]
					},
					"position": {
						"0.0": {
							"post": [0, 0, 0],
							"lerp_mode": "catmullrom"
						},
						"0.125": {
							"post": [-2, -3, -2],
							"lerp_mode": "catmullrom"
						},
						"0.2917": {
							"post": [-2, -3, -2],
							"lerp_mode": "catmullrom"
						},
						"0.4583": [0, 0, 0]
					},
					"scale": {
						"0.0": {
							"post": [1, 1, 1],
							"lerp_mode": "catmullrom"
						},
						"0.2917": {
							"post": [1, 1, 1],
							"lerp_mode": "catmullrom"
						},
						"0.4583": [1, 1, 1]
					}
				},
				"leftBraco": {
					"rotation": {
						"0.0": {
							"post": [0, 0, 0],
							"lerp_mode": "catmullrom"
						},
						"0.125": {
							"post": [-129.43255, -34.39275, -77.85213],
							"lerp_mode": "catmullrom"
						},
						"0.2917": {
							"post": [-129.43, -34.39, -77.85],
							"lerp_mode": "catmullrom"
						},
						"0.4583": [-18.93283, -27.24736, -25.21046]
					},
					"position": {
						"0.0": {
							"post": [0, 0, 0],
							"lerp_mode": "catmullrom"
						},
						"0.125": {
							"post": [1, -3, -2],
							"lerp_mode": "catmullrom"
						},
						"0.2917": {
							"post": [1, -3, -2],
							"lerp_mode": "catmullrom"
						},
						"0.4583": [0, 0, 0]
					},
					"scale": {
						"0.0": {
							"post": [1, 1, 1],
							"lerp_mode": "catmullrom"
						},
						"0.2917": {
							"post": [1, 1, 1],
							"lerp_mode": "catmullrom"
						},
						"0.4583": [1, 1, 1]
					}
				},
				"rightPerna": {
					"rotation": {
						"0.0": {
							"post": [0, 0, 0],
							"lerp_mode": "catmullrom"
						},
						"0.125": {
							"post": [-11.62962, 4.92385, 10.03742],
							"lerp_mode": "catmullrom"
						},
						"0.2917": {
							"post": [-11.63, 4.92, 10.04],
							"lerp_mode": "catmullrom"
						},
						"0.4583": [-4.40842, 6.21271, 10.86815]
					},
					"position": {
						"0.0": {
							"post": [0, 0, 0],
							"lerp_mode": "catmullrom"
						},
						"0.125": {
							"post": [0, 3, -3],
							"lerp_mode": "catmullrom"
						},
						"0.2917": {
							"post": [0, 3, -3],
							"lerp_mode": "catmullrom"
						},
						"0.4583": [0, 1, 0]
					},
					"scale": {
						"0.0": {
							"post": [1, 1, 1],
							"lerp_mode": "catmullrom"
						},
						"0.2917": {
							"post": [1, 1, 1],
							"lerp_mode": "catmullrom"
						},
						"0.4583": [1, 1, 1]
					}
				},
				"leftPerna": {
					"rotation": {
						"0.0": {
							"post": [0, 0, 0],
							"lerp_mode": "catmullrom"
						},
						"0.125": {
							"post": [-9.66568, -2.91279, -7.47156],
							"lerp_mode": "catmullrom"
						},
						"0.2917": {
							"post": [-9.67, -2.91, -7.47],
							"lerp_mode": "catmullrom"
						},
						"0.4583": [-27.14233, -4.59902, -8.88927]
					},
					"position": {
						"0.0": {
							"post": [0, 0, 0],
							"lerp_mode": "catmullrom"
						},
						"0.125": {
							"post": [0, 3, -3],
							"lerp_mode": "catmullrom"
						},
						"0.2917": {
							"post": [0, 3, -3],
							"lerp_mode": "catmullrom"
						},
						"0.4583": [0, 2, -1]
					},
					"scale": {
						"0.0": {
							"post": [1, 1, 1],
							"lerp_mode": "catmullrom"
						},
						"0.2917": {
							"post": [1, 1, 1],
							"lerp_mode": "catmullrom"
						},
						"0.4583": [1, 1, 1]
					}
				},
				"head": {
					"rotation": {
						"0.0": [0, 0, 0],
						"0.3333": [0, 0, 0],
						"0.4583": [-34.23216, -47.13536, 26.50648]
					}
				}
			}
		},
		"animation.narutochakra.transform": {
			"loop": true,
			"animation_length": 2.5,
			"bones": {
				"Corpo": {
					"rotation": {
						"0.0": {
							"post": [0, 0, 0],
							"lerp_mode": "catmullrom"
						},
						"0.2917": {
							"post": [-42.5, 0, 0],
							"lerp_mode": "catmullrom"
						},
						"1.375": {
							"post": [-42.5, 0, 0],
							"lerp_mode": "catmullrom"
						},
						"1.4583": {
							"post": [55, 0, 0],
							"lerp_mode": "catmullrom"
						},
						"1.8333": {
							"post": [75, 0, 0],
							"lerp_mode": "catmullrom"
						},
						"2.5": {
							"post": [75, 0, 0],
							"lerp_mode": "catmullrom"
						}
					},
					"position": {
						"0.0": {
							"post": [0, 0, 0],
							"lerp_mode": "catmullrom"
						},
						"0.2917": {
							"post": [0, -3, 8],
							"lerp_mode": "catmullrom"
						},
						"1.375": {
							"post": [0, -3, 8],
							"lerp_mode": "catmullrom"
						},
						"1.4583": {
							"post": [0, -7, -5],
							"lerp_mode": "catmullrom"
						},
						"1.8333": {
							"post": [0, -11, -5],
							"lerp_mode": "catmullrom"
						},
						"2.5": {
							"post": [0, -11, -5],
							"lerp_mode": "catmullrom"
						}
					},
					"scale": {
						"0.0": {
							"post": [1, 1, 1],
							"lerp_mode": "catmullrom"
						},
						"1.375": {
							"post": [1, 1, 1],
							"lerp_mode": "catmullrom"
						},
						"2.5": {
							"post": [1, 1, 1],
							"lerp_mode": "catmullrom"
						}
					}
				},
				"rightBraco": {
					"rotation": {
						"0.0": {
							"post": [0, 0, 0],
							"lerp_mode": "catmullrom"
						},
						"0.2917": {
							"post": [52.5, 0, 0],
							"lerp_mode": "catmullrom"
						},
						"1.0": {
							"post": [-99.32537, -53.70399, -33.61372],
							"lerp_mode": "catmullrom"
						},
						"1.375": {
							"post": [-99.33, -53.7, -33.61],
							"lerp_mode": "catmullrom"
						},
						"1.4583": {
							"post": [41.71843, -15.83627, 43.08711],
							"lerp_mode": "catmullrom"
						},
						"1.8333": {
							"post": [-95.67638, 11.53156, 40.36608],
							"lerp_mode": "catmullrom"
						},
						"2.5": {
							"post": [-95.68, 11.53, 40.37],
							"lerp_mode": "catmullrom"
						}
					},
					"position": {
						"0.0": {
							"post": [0, 0, 0],
							"lerp_mode": "catmullrom"
						},
						"1.375": {
							"post": [0, 0, 0],
							"lerp_mode": "catmullrom"
						},
						"1.8333": {
							"post": [0, 0, -2],
							"lerp_mode": "catmullrom"
						},
						"2.5": {
							"post": [0, 0, -2],
							"lerp_mode": "catmullrom"
						}
					},
					"scale": {
						"0.0": {
							"post": [1, 1, 1],
							"lerp_mode": "catmullrom"
						},
						"1.375": {
							"post": [1, 1, 1],
							"lerp_mode": "catmullrom"
						},
						"2.5": {
							"post": [1, 1, 1],
							"lerp_mode": "catmullrom"
						}
					}
				},
				"leftBraco": {
					"rotation": {
						"0.0": {
							"post": [0, 0, 0],
							"lerp_mode": "catmullrom"
						},
						"0.2917": {
							"post": [47.5, 0, 0],
							"lerp_mode": "catmullrom"
						},
						"1.0": {
							"post": [-106.79687, 42.18145, 11.32376],
							"lerp_mode": "catmullrom"
						},
						"1.375": {
							"post": [-106.8, 42.18, 11.32],
							"lerp_mode": "catmullrom"
						},
						"1.4583": {
							"post": [51.28272, 16.08423, -16.41052],
							"lerp_mode": "catmullrom"
						},
						"1.8333": {
							"post": [-91.06457, -11.87677, -27.41249],
							"lerp_mode": "catmullrom"
						},
						"2.5": {
							"post": [-91.06, -11.88, -27.41],
							"lerp_mode": "catmullrom"
						}
					},
					"position": {
						"0.0": {
							"post": [0, 0, 0],
							"lerp_mode": "catmullrom"
						},
						"1.375": {
							"post": [0, 0, 0],
							"lerp_mode": "catmullrom"
						},
						"1.8333": {
							"post": [0, 0, -2],
							"lerp_mode": "catmullrom"
						},
						"2.5": {
							"post": [0, 0, -2],
							"lerp_mode": "catmullrom"
						}
					},
					"scale": {
						"0.0": {
							"post": [1, 1, 1],
							"lerp_mode": "catmullrom"
						},
						"1.375": {
							"post": [1, 1, 1],
							"lerp_mode": "catmullrom"
						},
						"2.5": {
							"post": [1, 1, 1],
							"lerp_mode": "catmullrom"
						}
					}
				},
				"rightPerna": {
					"rotation": {
						"0.0": {
							"post": [0, 0, 0],
							"lerp_mode": "catmullrom"
						},
						"0.2917": {
							"post": [36.54514, -9.06524, 12.0012],
							"lerp_mode": "catmullrom"
						},
						"1.0": {
							"post": [36.88036, -7.52137, 10.01463],
							"lerp_mode": "catmullrom"
						},
						"1.375": {
							"post": [36.88, -7.52, 10.01],
							"lerp_mode": "catmullrom"
						},
						"1.4583": {
							"post": [-32.82023, 12.65403, 0.52198],
							"lerp_mode": "catmullrom"
						},
						"2.5": {
							"post": [-32.82, 12.65, 0.52],
							"lerp_mode": "catmullrom"
						}
					},
					"position": {
						"0.0": {
							"post": [0, 0, 0],
							"lerp_mode": "catmullrom"
						},
						"1.375": {
							"post": [0, 0, 0],
							"lerp_mode": "catmullrom"
						},
						"1.4583": {
							"post": [0, 5, -2],
							"lerp_mode": "catmullrom"
						},
						"1.8333": {
							"post": [-1, 5, -2],
							"lerp_mode": "catmullrom"
						},
						"2.5": {
							"post": [-1, 5, -2],
							"lerp_mode": "catmullrom"
						}
					},
					"scale": {
						"0.0": {
							"post": [1, 1, 1],
							"lerp_mode": "catmullrom"
						},
						"1.375": {
							"post": [1, 1, 1],
							"lerp_mode": "catmullrom"
						},
						"2.5": {
							"post": [1, 1, 1],
							"lerp_mode": "catmullrom"
						}
					}
				},
				"leftPerna": {
					"rotation": {
						"0.0": {
							"post": [0, 0, 0],
							"lerp_mode": "catmullrom"
						},
						"0.2917": {
							"post": [39.02504, 9.57658, -11.59948],
							"lerp_mode": "catmullrom"
						},
						"1.0": {
							"post": [39.56869, 6.40865, -7.69263],
							"lerp_mode": "catmullrom"
						},
						"1.375": {
							"post": [39.57, 6.41, -7.69],
							"lerp_mode": "catmullrom"
						},
						"1.4583": {
							"post": [-29.43834, -10.86769, -4.28524],
							"lerp_mode": "catmullrom"
						},
						"1.5833": {
							"post": [-71.93834, -10.86769, -4.28524],
							"lerp_mode": "catmullrom"
						},
						"1.8333": {
							"post": [-14.43834, -10.86769, -4.28524],
							"lerp_mode": "catmullrom"
						},
						"2.5": {
							"post": [-14.44, -10.87, -4.29],
							"lerp_mode": "catmullrom"
						}
					},
					"position": {
						"0.0": {
							"post": [0, 0, 0],
							"lerp_mode": "catmullrom"
						},
						"1.375": {
							"post": [0, 0, 0],
							"lerp_mode": "catmullrom"
						},
						"1.4583": {
							"post": [0, 7, -2],
							"lerp_mode": "catmullrom"
						},
						"1.5833": {
							"post": [0, 6, -3],
							"lerp_mode": "catmullrom"
						},
						"1.8333": {
							"post": [2, 6, -3],
							"lerp_mode": "catmullrom"
						},
						"2.5": {
							"post": [2, 6, -3],
							"lerp_mode": "catmullrom"
						}
					},
					"scale": {
						"0.0": {
							"post": [1, 1, 1],
							"lerp_mode": "catmullrom"
						},
						"1.375": {
							"post": [1, 1, 1],
							"lerp_mode": "catmullrom"
						},
						"2.5": {
							"post": [1, 1, 1],
							"lerp_mode": "catmullrom"
						}
					}
				},
				"head": {
					"rotation": {
						"1.375": {
							"pre": [0, 0, 0],
							"post": [0, 0, 0],
							"lerp_mode": "catmullrom"
						},
						"1.8333": {
							"post": [-47.5, 0, 0],
							"lerp_mode": "catmullrom"
						},
						"2.5": {
							"post": [-47.5, 0, 0],
							"lerp_mode": "catmullrom"
						}
					}
				}
			}
		}
	}
}