{
	"format_version": "1.8.0",
	"animations": {
		"animation.saitama.sseriouslateraljumps": {
			"loop": true,
			"animation_length": 0.33333,
			"bones": {
				"Corpo": {
					"rotation": {
						"0.0": {
							"post": [15.12353, 7.24305, 1.95155],
							"lerp_mode": "catmullrom"
						},
						"0.0833": {
							"post": [15.01365, -2.41476, -0.64743],
							"lerp_mode": "catmullrom"
						},
						"0.3333": {
							"post": [15.01, -2.41, -0.65],
							"lerp_mode": "catmullrom"
						}
					},
					"position": {
						"0.0": {
							"post": [-24, 0, 0],
							"lerp_mode": "catmullrom"
						},
						"0.0417": {
							"post": [3, 0, 0],
							"lerp_mode": "catmullrom"
						},
						"0.0833": {
							"post": [24, 0, 0],
							"lerp_mode": "catmullrom"
						},
						"0.125": {
							"post": [-2, 0, -7],
							"lerp_mode": "catmullrom"
						},
						"0.1667": {
							"post": [-22, 0, 0],
							"lerp_mode": "catmullrom"
						},
						"0.2083": {
							"post": [3, 0, 0],
							"lerp_mode": "catmullrom"
						},
						"0.25": {
							"post": [-26, 0, 0],
							"lerp_mode": "catmullrom"
						},
						"0.2917": {
							"post": [21, 0, 0],
							"lerp_mode": "catmullrom"
						},
						"0.3333": {
							"post": [-5, 0, 0],
							"lerp_mode": "catmullrom"
						}
					}
				},
				"head": {
					"rotation": {
						"0.0": {
							"post": [25, 0, 0],
							"lerp_mode": "catmullrom"
						},
						"0.3333": {
							"post": [25, 0, 0],
							"lerp_mode": "catmullrom"
						}
					}
				},
				"Face2": {
					"position": {
						"0.0": {
							"post": [0, 0, -1],
							"lerp_mode": "catmullrom"
						},
						"0.3333": {
							"post": [0, 0, -1],
							"lerp_mode": "catmullrom"
						}
					}
				},
				"rightBraco": {
					"rotation": {
						"0.0": {
							"post": [0, -40, 25],
							"lerp_mode": "catmullrom"
						},
						"0.3333": {
							"post": [0, -40, 25],
							"lerp_mode": "catmullrom"
						}
					}
				},
				"rightBarrage": {
					"position": {
						"0.0": {
							"post": [17, 11, -14],
							"lerp_mode": "catmullrom"
						},
						"0.0417": {
							"post": [-13, -9.5, 8.5],
							"lerp_mode": "catmullrom"
						},
						"0.0833": {
							"post": [-11, -6, 15],
							"lerp_mode": "catmullrom"
						},
						"0.125": {
							"post": [19, 7.5, -15.5],
							"lerp_mode": "catmullrom"
						},
						"0.1667": {
							"post": [17, 11, -14],
							"lerp_mode": "catmullrom"
						},
						"0.2083": {
							"post": [-13, -10.5, 6.5],
							"lerp_mode": "catmullrom"
						},
						"0.25": {
							"post": [22, 7, -15],
							"lerp_mode": "catmullrom"
						},
						"0.2917": {
							"post": [-13.5, -12, 14.5],
							"lerp_mode": "catmullrom"
						},
						"0.3333": {
							"post": [17, 11, -14],
							"lerp_mode": "catmullrom"
						}
					}
				},
				"leftBraco": {
					"rotation": {
						"0.0": {
							"post": [0, 22.5, -30],
							"lerp_mode": "catmullrom"
						},
						"0.25": {
							"post": [0, 22.5, -30],
							"lerp_mode": "catmullrom"
						},
						"0.3333": {
							"post": [0, 22.5, -30],
							"lerp_mode": "catmullrom"
						}
					}
				},
				"leftBarrage": {
					"position": {
						"0.0": {
							"post": [21, -13, 10],
							"lerp_mode": "catmullrom"
						},
						"0.0417": {
							"post": [-18.5, 10, -6],
							"lerp_mode": "catmullrom"
						},
						"0.0833": {
							"post": [-18, 11, -6],
							"lerp_mode": "catmullrom"
						},
						"0.125": {
							"post": [18.5, -14, 5],
							"lerp_mode": "catmullrom"
						},
						"0.1667": {
							"post": [21, -13, 10],
							"lerp_mode": "catmullrom"
						},
						"0.2083": {
							"post": [-20.5, 8, -10],
							"lerp_mode": "catmullrom"
						},
						"0.25": {
							"post": [20, -17, 10],
							"lerp_mode": "catmullrom"
						},
						"0.2917": {
							"post": [-22.5, 11, -11],
							"lerp_mode": "catmullrom"
						},
						"0.3333": {
							"post": [21, -13, 10],
							"lerp_mode": "catmullrom"
						}
					}
				},
				"rightPerna": {
					"relative_to": {
						"rotation": "entity"
					},
					"rotation": {
						"0.0": {
							"post": [0, 0, 10],
							"lerp_mode": "catmullrom"
						},
						"0.3333": {
							"post": [0, 0, 10],
							"lerp_mode": "catmullrom"
						}
					},
					"position": {
						"0.0": {
							"post": [0, 2, -2],
							"lerp_mode": "catmullrom"
						},
						"0.0833": {
							"post": [0, -1, 1],
							"lerp_mode": "catmullrom"
						},
						"0.3333": {
							"post": [0, -1, 1],
							"lerp_mode": "catmullrom"
						}
					}
				},
				"leftPerna": {
					"relative_to": {
						"rotation": "entity"
					},
					"rotation": {
						"0.0": {
							"post": [0, 0, -7.5],
							"lerp_mode": "catmullrom"
						},
						"0.3333": {
							"post": [0, 0, -7.5],
							"lerp_mode": "catmullrom"
						}
					},
					"position": {
						"0.0": {
							"post": [0, 0, -1],
							"lerp_mode": "catmullrom"
						},
						"0.0833": {
							"post": [0, 3, -3],
							"lerp_mode": "catmullrom"
						},
						"0.3333": {
							"post": [0, 3, -3],
							"lerp_mode": "catmullrom"
						}
					}
				},
				"Capa": {
					"rotation": {
						"0.0": {
							"post": [0, 0, -67.5],
							"lerp_mode": "catmullrom"
						},
						"0.0417": {
							"post": [0, 0, 47.5],
							"lerp_mode": "catmullrom"
						},
						"0.0833": {
							"post": [0, 0, 65],
							"lerp_mode": "catmullrom"
						},
						"0.125": {
							"post": [0, 0, -75],
							"lerp_mode": "catmullrom"
						},
						"0.1667": {
							"post": [3.68536, -1.19327, -84.25948],
							"lerp_mode": "catmullrom"
						},
						"0.2083": {
							"post": [-3.86134, -0.3067, 73.28924],
							"lerp_mode": "catmullrom"
						},
						"0.25": {
							"post": [3.15683, -2.24574, -66.78298],
							"lerp_mode": "catmullrom"
						},
						"0.2917": {
							"post": [-3.86834, 0.19955, 80.77217],
							"lerp_mode": "catmullrom"
						},
						"0.3333": {
							"post": [3.56756, -1.50973, -79.26811],
							"lerp_mode": "catmullrom"
						}
					}
				}
			}
		}
	}
}