{
	"format_version": "1.8.0",
	"animations": {
		"animation.shenlong.stop": {
			"loop": true,
			"animation_length": 0.5,
			"bones": {
				"corpo": {
					"rotation": [-26.56434, -3.46725, -8.80387],
					"position": [0, 85, 7]
				},
				"Head": {
					"rotation": [50.30872, -3.86732, 7.31844]
				},
				"rightBracoFrontal": {
					"rotation": [14.94159, -0.28862, -70.06219]
				},
				"rightAnte": {
					"rotation": [-59.50165, 31.16686, -41.30425]
				},
				"corpo2": {
					"rotation": [-42.5, 0, 0]
				},
				"corpo3": {
					"rotation": [-50, 0, 0]
				},
				"corpo4": {
					"rotation": [-10.35833, -9.8655, -6.69075]
				},
				"corpo5": {
					"rotation": [49.10661, -20.70481, -22.20765]
				},
				"corpo6": {
					"rotation": [49.87926, -32.79775, -32.73241]
				},
				"corpo7": {
					"rotation": [-40, 0, 0]
				},
				"corpo8": {
					"rotation": [0, 115, 0]
				},
				"corpo9": {
					"rotation": [-37.5, 45, 0]
				},
				"corpo10": {
					"rotation": [0, 22.5, 0]
				},
				"corpo11": {
					"rotation": [27.56928, -34.22348, -16.36452]
				},
				"corpo12": {
					"rotation": [-50.29111, -16.58974, 18.97287]
				},
				"corpo13": {
					"rotation": [-55, 0, 0]
				},
				"corpo14": {
					"rotation": [-42.5, -47.5, 0]
				},
				"corpo15": {
					"rotation": [12.5, 0, 0]
				},
				"corpo16": {
					"rotation": [26.78135, -20.29348, -9.92926]
				},
				"leftBracoFrontal": {
					"rotation": [56.8226, 15.44699, 76.32417]
				},
				"leftAnte": {
					"rotation": [-54.66298, -3.97901, 41.64214]
				},
				"leftBracoTraseiro": {
					"rotation": [-12.5, 0, 0]
				},
				"leftAnte2": {
					"rotation": [-36.77809, 40.53233, 41.00374]
				},
				"rightBracoTraseiro": {
					"rotation": [-156.44523, -56.47929, 144.81905]
				},
				"rightAnte2": {
					"rotation": [-97.5, 0, 0]
				}
			}
		}
	}
}