{
	"format_version": "1.8.0",
	"animations": {
		"animation.vegeta.stop": {
			"loop": true,
			"bones": {
				"Corpo": {
					"rotation": [-7.5, -20, 0],
					"position": [0, 0, 1]
				},
				"rightBraco": {
					"rotation": [1.81693, 19.92066, 5.3191]
				},
				"leftBraco": {
					"rotation": [0, 0, -7.5]
				},
				"rightPerna": {
					"rotation": [9.04174, 14.13765, 7.11229]
				},
				"leftPerna": {
					"rotation": [7.5, 0, 0]
				}
			}
		},
		"animation.gohanteen.charging": {
			"loop": true,
			"animation_length": 0.91667,
			"bones": {
				"Corpo": {
					"rotation": {
						"0.0": {
							"post": [47.5, 0, 0],
							"lerp_mode": "catmullrom"
						},
						"0.9167": {
							"post": [47.5, 0, 0],
							"lerp_mode": "catmullrom"
						}
					},
					"position": {
						"0.0": {
							"post": [0, -4, -3],
							"lerp_mode": "catmullrom"
						},
						"0.9167": {
							"post": [0, -4, -3],
							"lerp_mode": "catmullrom"
						}
					},
					"scale": {
						"0.0": {
							"post": [1, 1, 1],
							"lerp_mode": "catmullrom"
						},
						"0.9167": {
							"post": [1, 1, 1],
							"lerp_mode": "catmullrom"
						}
					}
				},
				"Roupa": {
					"rotation": {
						"0.0": {
							"post": [0, 0, 7.5],
							"lerp_mode": "catmullrom"
						},
						"0.1667": {
							"post": [0, 0, 2.5],
							"lerp_mode": "catmullrom"
						},
						"0.25": {
							"post": [0, 0, 0],
							"lerp_mode": "catmullrom"
						},
						"0.3333": {
							"post": [0, 0, -2.5],
							"lerp_mode": "catmullrom"
						},
						"0.4167": {
							"post": [0, 0, 0],
							"lerp_mode": "catmullrom"
						},
						"0.5": {
							"post": [0, 0, 7.5],
							"lerp_mode": "catmullrom"
						},
						"0.5833": {
							"post": [0, 0, 0],
							"lerp_mode": "catmullrom"
						},
						"0.6667": {
							"post": [0, 0, -2.5],
							"lerp_mode": "catmullrom"
						},
						"0.75": {
							"post": [0, 0, 0],
							"lerp_mode": "catmullrom"
						},
						"0.8333": {
							"post": [0, 0, -2.5],
							"lerp_mode": "catmullrom"
						},
						"0.9167": {
							"post": [0, 0, 7.5],
							"lerp_mode": "catmullrom"
						}
					},
					"position": {
						"0.0": {
							"post": [0, 0, 0],
							"lerp_mode": "catmullrom"
						},
						"0.9167": {
							"post": [0, 0, 0],
							"lerp_mode": "catmullrom"
						}
					},
					"scale": {
						"0.0": {
							"post": [1, 1, 1],
							"lerp_mode": "catmullrom"
						},
						"0.1667": {
							"post": [1.1, 1, 1],
							"lerp_mode": "catmullrom"
						},
						"0.25": {
							"post": [1, 1.1, 1],
							"lerp_mode": "catmullrom"
						},
						"0.3333": {
							"post": [1.1, 1, 1],
							"lerp_mode": "catmullrom"
						},
						"0.4167": {
							"post": [1, 1.1, 1],
							"lerp_mode": "catmullrom"
						},
						"0.5": {
							"post": [1.1, 1, 1],
							"lerp_mode": "catmullrom"
						},
						"0.5833": {
							"post": [1, 1.1, 1],
							"lerp_mode": "catmullrom"
						},
						"0.6667": {
							"post": [1.1, 1, 1],
							"lerp_mode": "catmullrom"
						},
						"0.75": {
							"post": [1, 1.1, 1],
							"lerp_mode": "catmullrom"
						},
						"0.8333": {
							"post": [1.1, 1, 1],
							"lerp_mode": "catmullrom"
						},
						"0.9167": {
							"post": [1, 1, 1],
							"lerp_mode": "catmullrom"
						}
					}
				},
				"rightBraco": {
					"rotation": {
						"0.0": {
							"post": [-112.96773, 38.96805, -46.32396],
							"lerp_mode": "catmullrom"
						},
						"0.125": {
							"post": [-115.46773, 38.96805, -46.32396],
							"lerp_mode": "catmullrom"
						},
						"0.2917": {
							"post": [-107.96773, 38.96805, -46.32396],
							"lerp_mode": "catmullrom"
						},
						"0.5": {
							"post": [-115.46773, 38.96805, -46.32396],
							"lerp_mode": "catmullrom"
						},
						"0.7083": {
							"post": [-110.46773, 38.96805, -46.32396],
							"lerp_mode": "catmullrom"
						},
						"0.9167": {
							"post": [-112.96773, 38.96805, -46.32396],
							"lerp_mode": "catmullrom"
						}
					},
					"position": {
						"0.0": {
							"post": [0, 0, 1],
							"lerp_mode": "catmullrom"
						},
						"0.9167": {
							"post": [0, 0, 1],
							"lerp_mode": "catmullrom"
						}
					},
					"scale": {
						"0.0": {
							"post": [1, 1, 1],
							"lerp_mode": "catmullrom"
						},
						"0.9167": {
							"post": [1, 1, 1],
							"lerp_mode": "catmullrom"
						}
					}
				},
				"leftBraco": {
					"rotation": {
						"0.0": {
							"post": [-104.14364, -35.07564, 39.42602],
							"lerp_mode": "catmullrom"
						},
						"0.125": {
							"post": [-106.64364, -35.07564, 39.42602],
							"lerp_mode": "catmullrom"
						},
						"0.2917": {
							"post": [-101.64364, -35.07564, 39.42602],
							"lerp_mode": "catmullrom"
						},
						"0.5": {
							"post": [-106.64364, -35.07564, 39.42602],
							"lerp_mode": "catmullrom"
						},
						"0.7083": {
							"post": [-104.84487, -34.05896, 40.14397],
							"lerp_mode": "catmullrom"
						},
						"0.9167": {
							"post": [-104.14364, -35.07564, 39.42602],
							"lerp_mode": "catmullrom"
						}
					},
					"position": {
						"0.0": {
							"post": [0, 0, 2],
							"lerp_mode": "catmullrom"
						},
						"0.9167": {
							"post": [0, 0, 2],
							"lerp_mode": "catmullrom"
						}
					},
					"scale": {
						"0.0": {
							"post": [1, 1, 1],
							"lerp_mode": "catmullrom"
						},
						"0.9167": {
							"post": [1, 1, 1],
							"lerp_mode": "catmullrom"
						}
					}
				},
				"rightPerna": {
					"rotation": {
						"0.0": {
							"post": [-49.78, 10.78, 8.09],
							"lerp_mode": "catmullrom"
						},
						"0.9167": {
							"post": [-49.78, 10.78, 8.09],
							"lerp_mode": "catmullrom"
						}
					},
					"position": {
						"0.0": {
							"post": [-1, 3, -3],
							"lerp_mode": "catmullrom"
						},
						"0.9167": {
							"post": [-1, 3, -3],
							"lerp_mode": "catmullrom"
						}
					},
					"scale": {
						"0.0": {
							"post": [1, 1, 1],
							"lerp_mode": "catmullrom"
						},
						"0.9167": {
							"post": [1, 1, 1],
							"lerp_mode": "catmullrom"
						}
					}
				},
				"leftPerna": {
					"rotation": {
						"0.0": {
							"post": [-44.97, -6.24, -6.5],
							"lerp_mode": "catmullrom"
						},
						"0.9167": {
							"post": [-44.97, -6.24, -6.5],
							"lerp_mode": "catmullrom"
						}
					},
					"position": {
						"0.0": {
							"post": [1, 3, -3],
							"lerp_mode": "catmullrom"
						},
						"0.9167": {
							"post": [1, 3, -3],
							"lerp_mode": "catmullrom"
						}
					},
					"scale": {
						"0.0": {
							"post": [1, 1, 1],
							"lerp_mode": "catmullrom"
						},
						"0.9167": {
							"post": [1, 1, 1],
							"lerp_mode": "catmullrom"
						}
					}
				},
				"Mecha": {
					"rotation": {
						"0.0": {
							"post": [0, 0, 0],
							"lerp_mode": "catmullrom"
						},
						"0.1667": {
							"post": [0, 0, 2.5],
							"lerp_mode": "catmullrom"
						},
						"0.2917": {
							"post": [0, 0, 25],
							"lerp_mode": "catmullrom"
						},
						"0.375": {
							"post": [0, 0, 17.5],
							"lerp_mode": "catmullrom"
						},
						"0.5417": {
							"post": [0, 0, 25],
							"lerp_mode": "catmullrom"
						},
						"0.625": {
							"post": [0, 0, 17.5],
							"lerp_mode": "catmullrom"
						},
						"0.7917": {
							"post": [4.6653, 16.88547, 23.19284],
							"lerp_mode": "catmullrom"
						},
						"0.9167": {
							"post": [0, 0, 0],
							"lerp_mode": "catmullrom"
						}
					},
					"position": {
						"0.0": {
							"post": [0, 0, 0],
							"lerp_mode": "catmullrom"
						},
						"0.9167": {
							"post": [0, 0, 0],
							"lerp_mode": "catmullrom"
						}
					},
					"scale": {
						"0.0": {
							"post": [1, 1, 1],
							"lerp_mode": "catmullrom"
						},
						"0.9167": {
							"post": [1, 1, 1],
							"lerp_mode": "catmullrom"
						}
					}
				},
				"Mecha5": {
					"rotation": {
						"0.0": {
							"post": [0, 0, 0],
							"lerp_mode": "catmullrom"
						},
						"0.2083": {
							"post": [0, 0, 7.5],
							"lerp_mode": "catmullrom"
						},
						"0.375": {
							"post": [0, 0, -22.5],
							"lerp_mode": "catmullrom"
						},
						"0.4583": {
							"post": [0, 0, 0],
							"lerp_mode": "catmullrom"
						},
						"0.5833": {
							"post": [0, 0, -25],
							"lerp_mode": "catmullrom"
						},
						"0.7083": {
							"post": [0, 0, -7.5],
							"lerp_mode": "catmullrom"
						},
						"0.8333": {
							"post": [-0.01475, -12.46183, -3.97818],
							"lerp_mode": "catmullrom"
						},
						"0.9167": {
							"post": [0, 0, 0],
							"lerp_mode": "catmullrom"
						}
					},
					"position": {
						"0.0": {
							"post": [0, 0, 0],
							"lerp_mode": "catmullrom"
						},
						"0.9167": {
							"post": [0, 0, 0],
							"lerp_mode": "catmullrom"
						}
					},
					"scale": {
						"0.0": {
							"post": [1, 1, 1],
							"lerp_mode": "catmullrom"
						},
						"0.9167": {
							"post": [1, 1, 1],
							"lerp_mode": "catmullrom"
						}
					}
				},
				"Mecha2": {
					"rotation": {
						"0.0": {
							"post": [0, 0, 0],
							"lerp_mode": "catmullrom"
						},
						"0.2083": {
							"post": [0, 0, 0],
							"lerp_mode": "catmullrom"
						},
						"0.3333": {
							"post": [0, 0, 17.5],
							"lerp_mode": "catmullrom"
						},
						"0.4583": {
							"post": [0, 0, -2.5],
							"lerp_mode": "catmullrom"
						},
						"0.5417": {
							"post": [0, 0, 17.5],
							"lerp_mode": "catmullrom"
						},
						"0.625": {
							"post": [0, 0, -5],
							"lerp_mode": "catmullrom"
						},
						"0.7083": {
							"post": [0, 0, 10],
							"lerp_mode": "catmullrom"
						},
						"0.9167": {
							"post": [0, 0, 0],
							"lerp_mode": "catmullrom"
						}
					},
					"position": {
						"0.0": {
							"post": [0, 0, 0],
							"lerp_mode": "catmullrom"
						},
						"0.9167": {
							"post": [0, 0, 0],
							"lerp_mode": "catmullrom"
						}
					},
					"scale": {
						"0.0": {
							"post": [1, 1, 1],
							"lerp_mode": "catmullrom"
						},
						"0.9167": {
							"post": [1, 1, 1],
							"lerp_mode": "catmullrom"
						}
					}
				},
				"Mecha3": {
					"rotation": {
						"0.0": {
							"post": [0, 0, 0],
							"lerp_mode": "catmullrom"
						},
						"0.2083": {
							"post": [0, 0, -7.5],
							"lerp_mode": "catmullrom"
						},
						"0.3333": {
							"post": [14.63772, 8.68135, 12.90867],
							"lerp_mode": "catmullrom"
						},
						"0.4583": {
							"post": [0.00616, 1.8242, -5.05929],
							"lerp_mode": "catmullrom"
						},
						"0.5833": {
							"post": [14.63772, 8.68135, 12.90867],
							"lerp_mode": "catmullrom"
						},
						"0.6667": {
							"post": [0.36803, 1.80977, -4.99859],
							"lerp_mode": "catmullrom"
						},
						"0.7917": {
							"post": [-16.67182, 14.24418, 10.16717],
							"lerp_mode": "catmullrom"
						},
						"0.9167": {
							"post": [0, 0, 0],
							"lerp_mode": "catmullrom"
						}
					},
					"position": {
						"0.0": {
							"post": [0, 0, 0],
							"lerp_mode": "catmullrom"
						},
						"0.9167": {
							"post": [0, 0, 0],
							"lerp_mode": "catmullrom"
						}
					},
					"scale": {
						"0.0": {
							"post": [1, 1, 1],
							"lerp_mode": "catmullrom"
						},
						"0.9167": {
							"post": [1, 1, 1],
							"lerp_mode": "catmullrom"
						}
					}
				},
				"Mecha4": {
					"rotation": {
						"0.0": {
							"post": [0, 0, 0],
							"lerp_mode": "catmullrom"
						},
						"0.2083": {
							"post": [0, -5, 0],
							"lerp_mode": "catmullrom"
						},
						"0.3333": {
							"post": [0, 17.5, 0],
							"lerp_mode": "catmullrom"
						},
						"0.4583": {
							"post": [0, -15, 0],
							"lerp_mode": "catmullrom"
						},
						"0.5833": {
							"post": [0, 27.5, 0],
							"lerp_mode": "catmullrom"
						},
						"0.7083": {
							"post": [0, 10, 0],
							"lerp_mode": "catmullrom"
						},
						"0.7917": {
							"post": [0, 36, 0],
							"lerp_mode": "catmullrom"
						},
						"0.9167": {
							"post": [0, 0, 0],
							"lerp_mode": "catmullrom"
						}
					},
					"position": {
						"0.0": {
							"post": [0, 0, 0],
							"lerp_mode": "catmullrom"
						},
						"0.9167": {
							"post": [0, 0, 0],
							"lerp_mode": "catmullrom"
						}
					},
					"scale": {
						"0.0": {
							"post": [1, 1, 1],
							"lerp_mode": "catmullrom"
						},
						"0.9167": {
							"post": [1, 1, 1],
							"lerp_mode": "catmullrom"
						}
					}
				}
			}
		},
		"animation.vegeta.galickho_hold": {
			"loop": true,
			"animation_length": 2.33333,
			"bones": {
				"Corpo": {
					"rotation": [30.77213, -69.20421, -61.14967],
					"position": [-4, 0, 0],
					"scale": 1
				},
				"rightBraco": {
					"rotation": [-140.68307, -19.92066, 84.6809],
					"position": [0, 0, -4],
					"scale": 1
				},
				"leftBraco": {
					"rotation": [-86.51939, -3.83735, -52.92694],
					"position": [2, 0, 3],
					"scale": 1
				},
				"rightPerna": {
					"rotation": [32.10382, -5.35355, 8.45862],
					"position": [0, 3, -6],
					"scale": 1
				},
				"leftPerna": {
					"rotation": [52.84154, -18.26883, 13.36473],
					"position": [0, 0, 0],
					"scale": 1
				}
			}
		},
		"animation.vegeta.galickho": {
			"loop": true,
			"animation_length": 1.54167,
			"bones": {
				"Corpo": {
					"rotation": {
						"0.0": {
							"post": [30.77213, -69.20421, -61.14967],
							"lerp_mode": "catmullrom"
						},
						"0.125": {
							"post": [147.60869, -70.17897, -181.21672],
							"lerp_mode": "catmullrom"
						},
						"0.2083": {
							"post": [10.46619, 0.56253, -31.94249],
							"lerp_mode": "catmullrom"
						},
						"0.2917": {
							"post": [21.01366, -3.37767, -3.60432],
							"lerp_mode": "catmullrom"
						},
						"1.5417": {
							"post": [21.01, -3.38, -3.6],
							"lerp_mode": "catmullrom"
						}
					},
					"position": {
						"0.0": {
							"post": [-4, 0, 0],
							"lerp_mode": "catmullrom"
						},
						"0.125": {
							"post": [-4, 0, 0],
							"lerp_mode": "catmullrom"
						},
						"0.2917": {
							"post": [0, -4, -3],
							"lerp_mode": "catmullrom"
						},
						"1.5417": {
							"post": [0, -4, -3],
							"lerp_mode": "catmullrom"
						}
					},
					"scale": {
						"0.0": {
							"post": [1, 1, 1],
							"lerp_mode": "catmullrom"
						},
						"0.125": {
							"post": [1, 1, 1],
							"lerp_mode": "catmullrom"
						},
						"1.5417": {
							"post": [1, 1, 1],
							"lerp_mode": "catmullrom"
						}
					}
				},
				"rightBraco": {
					"rotation": {
						"0.0": {
							"post": [-140.68307, -19.92066, 84.6809],
							"lerp_mode": "catmullrom"
						},
						"0.125": {
							"post": [-148.18307, -19.92066, 84.6809],
							"lerp_mode": "catmullrom"
						},
						"0.2083": {
							"post": [-102.01083, -71.46033, 14.13917],
							"lerp_mode": "catmullrom"
						},
						"0.2917": {
							"post": [-111.32095, -6.82423, 3.18958],
							"lerp_mode": "catmullrom"
						},
						"1.5417": {
							"post": [-111.32, -6.82, 3.19],
							"lerp_mode": "catmullrom"
						}
					},
					"position": {
						"0.0": {
							"post": [0, 0, -4],
							"lerp_mode": "catmullrom"
						},
						"0.125": {
							"post": [0, 0, -4],
							"lerp_mode": "catmullrom"
						},
						"0.2083": {
							"post": [2, 1, -4],
							"lerp_mode": "catmullrom"
						},
						"0.2917": {
							"post": [2, 0, -2],
							"lerp_mode": "catmullrom"
						},
						"1.5417": {
							"post": [2, 0, -2],
							"lerp_mode": "catmullrom"
						}
					},
					"scale": {
						"0.0": {
							"post": [1, 1, 1],
							"lerp_mode": "catmullrom"
						},
						"0.125": {
							"post": [1, 1, 1],
							"lerp_mode": "catmullrom"
						},
						"1.5417": {
							"post": [1, 1, 1],
							"lerp_mode": "catmullrom"
						}
					}
				},
				"leftBraco": {
					"rotation": {
						"0.0": {
							"post": [-86.51939, -3.83735, -52.92694],
							"lerp_mode": "catmullrom"
						},
						"0.125": {
							"post": [-71.51939, -3.83735, -52.92694],
							"lerp_mode": "catmullrom"
						},
						"0.2083": {
							"post": [-85.82099, -33.7739, -55.01975],
							"lerp_mode": "catmullrom"
						},
						"0.2917": {
							"post": [-115.68301, 10.62453, -13.57967],
							"lerp_mode": "catmullrom"
						},
						"1.5417": {
							"post": [-115.68, 10.62, -13.58],
							"lerp_mode": "catmullrom"
						}
					},
					"position": {
						"0.0": {
							"post": [2, 0, 3],
							"lerp_mode": "catmullrom"
						},
						"0.125": {
							"post": [2, 0, 3],
							"lerp_mode": "catmullrom"
						},
						"0.2083": {
							"post": [1, -1, 3],
							"lerp_mode": "catmullrom"
						},
						"0.2917": {
							"post": [-1, 0, -3],
							"lerp_mode": "catmullrom"
						},
						"1.5417": {
							"post": [-1, 0, -3],
							"lerp_mode": "catmullrom"
						}
					},
					"scale": {
						"0.0": {
							"post": [1, 1, 1],
							"lerp_mode": "catmullrom"
						},
						"0.125": {
							"post": [1, 1, 1],
							"lerp_mode": "catmullrom"
						},
						"1.5417": {
							"post": [1, 1, 1],
							"lerp_mode": "catmullrom"
						}
					}
				},
				"rightPerna": {
					"rotation": {
						"0.0": {
							"post": [32.10382, -5.35355, 8.45862],
							"lerp_mode": "catmullrom"
						},
						"0.125": {
							"post": [12.10382, -5.35355, 8.45862],
							"lerp_mode": "catmullrom"
						},
						"0.2083": {
							"post": [-13.93009, -0.66886, 27.93485],
							"lerp_mode": "catmullrom"
						},
						"0.2917": {
							"post": [-28.93687, 17.66345, 8.04257],
							"lerp_mode": "catmullrom"
						},
						"1.5417": {
							"post": [-28.94, 17.66, 8.04],
							"lerp_mode": "catmullrom"
						}
					},
					"position": {
						"0.0": {
							"post": [0, 3, -6],
							"lerp_mode": "catmullrom"
						},
						"0.125": {
							"post": [0, 3, -6],
							"lerp_mode": "catmullrom"
						},
						"0.2083": {
							"post": [0, 3, -3],
							"lerp_mode": "catmullrom"
						},
						"0.2917": {
							"post": [0, 5, -3],
							"lerp_mode": "catmullrom"
						},
						"1.5417": {
							"post": [0, 5, -3],
							"lerp_mode": "catmullrom"
						}
					},
					"scale": {
						"0.0": {
							"post": [1, 1, 1],
							"lerp_mode": "catmullrom"
						},
						"0.125": {
							"post": [1, 1, 1],
							"lerp_mode": "catmullrom"
						},
						"1.5417": {
							"post": [1, 1, 1],
							"lerp_mode": "catmullrom"
						}
					}
				},
				"leftPerna": {
					"rotation": {
						"0.0": {
							"post": [52.84154, -18.26883, 13.36473],
							"lerp_mode": "catmullrom"
						},
						"0.125": {
							"post": [49.47632, -28.02432, 21.88151],
							"lerp_mode": "catmullrom"
						},
						"0.2083": {
							"post": [9.83349, -3.49799, 16.03274],
							"lerp_mode": "catmullrom"
						},
						"0.2917": {
							"post": [30.17734, 2.30011, -15.96141],
							"lerp_mode": "catmullrom"
						},
						"1.5417": {
							"post": [30.18, 2.3, -15.96],
							"lerp_mode": "catmullrom"
						}
					},
					"position": {
						"0.0": {
							"post": [0, 0, 0],
							"lerp_mode": "catmullrom"
						},
						"0.125": {
							"post": [0, 0, 0],
							"lerp_mode": "catmullrom"
						},
						"0.2917": {
							"post": [0, 0, -2],
							"lerp_mode": "catmullrom"
						},
						"1.5417": {
							"post": [0, 0, -2],
							"lerp_mode": "catmullrom"
						}
					},
					"scale": {
						"0.0": {
							"post": [1, 1, 1],
							"lerp_mode": "catmullrom"
						},
						"0.125": {
							"post": [1, 1, 1],
							"lerp_mode": "catmullrom"
						},
						"1.5417": {
							"post": [1, 1, 1],
							"lerp_mode": "catmullrom"
						}
					}
				}
			}
		},
		"animation.vegeta.explosivewave": {
			"loop": true,
			"animation_length": 0.75,
			"bones": {
				"Corpo": {
					"rotation": {
						"0.0": {
							"post": [0, 0, 0],
							"lerp_mode": "catmullrom"
						},
						"0.0833": {
							"post": [20, 0, 0],
							"lerp_mode": "catmullrom"
						},
						"0.2083": {
							"post": [20, 0, 0],
							"lerp_mode": "catmullrom"
						},
						"0.2917": {
							"post": [-5, 0, 0],
							"lerp_mode": "catmullrom"
						},
						"0.75": {
							"post": [-5, 0, 0],
							"lerp_mode": "catmullrom"
						}
					},
					"position": {
						"0.0": {
							"post": [0, 0, 0],
							"lerp_mode": "catmullrom"
						},
						"0.2083": {
							"post": [0, 0, 0],
							"lerp_mode": "catmullrom"
						},
						"0.75": {
							"post": [0, 0, 0],
							"lerp_mode": "catmullrom"
						}
					},
					"scale": {
						"0.0": {
							"post": [1, 1, 1],
							"lerp_mode": "catmullrom"
						},
						"0.2083": {
							"post": [1, 1, 1],
							"lerp_mode": "catmullrom"
						},
						"0.75": {
							"post": [1, 1, 1],
							"lerp_mode": "catmullrom"
						}
					}
				},
				"rightBraco": {
					"rotation": {
						"0.0": {
							"post": [0, 0, 0],
							"lerp_mode": "catmullrom"
						},
						"0.0833": {
							"post": [-131.44768, 12.3093, 90.65966],
							"lerp_mode": "catmullrom"
						},
						"0.2083": {
							"post": [-131.45, 12.31, 90.66],
							"lerp_mode": "catmullrom"
						},
						"0.2917": {
							"post": [-1.42248, -5.18459, 91.09777],
							"lerp_mode": "catmullrom"
						},
						"0.75": {
							"post": [-1.42, -5.18, 91.1],
							"lerp_mode": "catmullrom"
						}
					},
					"position": {
						"0.0": {
							"post": [0, 0, 0],
							"lerp_mode": "catmullrom"
						},
						"0.0833": {
							"post": [0, 0, -3],
							"lerp_mode": "catmullrom"
						},
						"0.2083": {
							"post": [0, 0, -3],
							"lerp_mode": "catmullrom"
						},
						"0.2917": {
							"post": [0, 0, 1],
							"lerp_mode": "catmullrom"
						},
						"0.75": {
							"post": [0, 0, 1],
							"lerp_mode": "catmullrom"
						}
					},
					"scale": {
						"0.0": {
							"post": [1, 1, 1],
							"lerp_mode": "catmullrom"
						},
						"0.2083": {
							"post": [1, 1, 1],
							"lerp_mode": "catmullrom"
						},
						"0.75": {
							"post": [1, 1, 1],
							"lerp_mode": "catmullrom"
						}
					}
				},
				"leftBraco": {
					"rotation": {
						"0.0": {
							"post": [0, 0, 0],
							"lerp_mode": "catmullrom"
						},
						"0.0833": {
							"post": [-118.22934, -27.51173, -92.078],
							"lerp_mode": "catmullrom"
						},
						"0.2083": {
							"post": [-118.23, -27.51, -92.08],
							"lerp_mode": "catmullrom"
						},
						"0.2917": {
							"post": [12.63373, 1.70548, -84.99738],
							"lerp_mode": "catmullrom"
						},
						"0.75": {
							"post": [12.63, 1.71, -85],
							"lerp_mode": "catmullrom"
						}
					},
					"position": {
						"0.0": {
							"post": [0, 0, 0],
							"lerp_mode": "catmullrom"
						},
						"0.2083": {
							"post": [0, 0, 0],
							"lerp_mode": "catmullrom"
						},
						"0.75": {
							"post": [0, 0, 0],
							"lerp_mode": "catmullrom"
						}
					},
					"scale": {
						"0.0": {
							"post": [1, 1, 1],
							"lerp_mode": "catmullrom"
						},
						"0.2083": {
							"post": [1, 1, 1],
							"lerp_mode": "catmullrom"
						},
						"0.75": {
							"post": [1, 1, 1],
							"lerp_mode": "catmullrom"
						}
					}
				},
				"rightPerna": {
					"rotation": {
						"0.0": {
							"post": [0, 0, 0],
							"lerp_mode": "catmullrom"
						},
						"0.0833": {
							"post": [17.84625, 14.91593, -5.73741],
							"lerp_mode": "catmullrom"
						},
						"0.2083": {
							"post": [17.85, 14.92, -5.74],
							"lerp_mode": "catmullrom"
						},
						"0.2917": {
							"post": [12.30143, 6.20989, 18.12912],
							"lerp_mode": "catmullrom"
						},
						"0.75": {
							"post": [12.3, 6.21, 18.13],
							"lerp_mode": "catmullrom"
						}
					},
					"position": {
						"0.0": {
							"post": [0, 0, 0],
							"lerp_mode": "catmullrom"
						},
						"0.0833": {
							"post": [-2, 4, -4],
							"lerp_mode": "catmullrom"
						},
						"0.2083": {
							"post": [-2, 4, -4],
							"lerp_mode": "catmullrom"
						},
						"0.2917": {
							"post": [0, 0, 0],
							"lerp_mode": "catmullrom"
						},
						"0.75": {
							"post": [0, 0, 0],
							"lerp_mode": "catmullrom"
						}
					},
					"scale": {
						"0.0": {
							"post": [1, 1, 1],
							"lerp_mode": "catmullrom"
						},
						"0.2083": {
							"post": [1, 1, 1],
							"lerp_mode": "catmullrom"
						},
						"0.75": {
							"post": [1, 1, 1],
							"lerp_mode": "catmullrom"
						}
					}
				},
				"leftPerna": {
					"rotation": {
						"0.0": {
							"post": [0, 0, 0],
							"lerp_mode": "catmullrom"
						},
						"0.0833": {
							"post": [29.38725, -8.05343, 4.0444],
							"lerp_mode": "catmullrom"
						},
						"0.2083": {
							"post": [29.39, -8.05, 4.04],
							"lerp_mode": "catmullrom"
						},
						"0.2917": {
							"post": [10.37291, -0.54439, -8.9934],
							"lerp_mode": "catmullrom"
						},
						"0.75": {
							"post": [10.37, -0.54, -8.99],
							"lerp_mode": "catmullrom"
						}
					},
					"position": {
						"0.0": {
							"post": [0, 0, 0],
							"lerp_mode": "catmullrom"
						},
						"0.0833": {
							"post": [2, 4, -5],
							"lerp_mode": "catmullrom"
						},
						"0.2083": {
							"post": [2, 4, -5],
							"lerp_mode": "catmullrom"
						},
						"0.2917": {
							"post": [0, 0, 0],
							"lerp_mode": "catmullrom"
						},
						"0.75": {
							"post": [0, 0, 0],
							"lerp_mode": "catmullrom"
						}
					},
					"scale": {
						"0.0": {
							"post": [1, 1, 1],
							"lerp_mode": "catmullrom"
						},
						"0.2083": {
							"post": [1, 1, 1],
							"lerp_mode": "catmullrom"
						},
						"0.75": {
							"post": [1, 1, 1],
							"lerp_mode": "catmullrom"
						}
					}
				}
			}
		},
		"animation.vegeta.finalflash_hold": {
			"loop": true,
			"animation_length": 1.5,
			"bones": {
				"Corpo": {
					"rotation": [0, 0, 0],
					"position": [0, 0, 0],
					"scale": 1
				},
				"rightBraco": {
					"rotation": [-1.93266, -4.78558, 87.4152],
					"position": [0, 0, 0],
					"scale": 1
				},
				"leftBraco": {
					"rotation": [2.33778, 2.05844, -92.12103],
					"position": [0, 0, 0],
					"scale": 1
				},
				"rightPerna": {
					"rotation": [0, 10, 7.5],
					"position": [0, 0, 0],
					"scale": 1
				},
				"leftPerna": {
					"rotation": [-0.32902, -7.49282, -7.47846],
					"position": [0, 0, 0],
					"scale": 1
				}
			}
		},
		"animation.vegeta.finalflash": {
			"loop": true,
			"animation_length": 1.54167,
			"bones": {
				"Corpo": {
					"rotation": {
						"0.0": {
							"post": [0, 0, 0],
							"lerp_mode": "catmullrom"
						},
						"0.0833": {
							"post": [-7.5, 0, 0],
							"lerp_mode": "catmullrom"
						},
						"0.25": {
							"post": [-15, 0, 0],
							"lerp_mode": "catmullrom"
						},
						"0.375": {
							"post": [-15, 0, 0],
							"lerp_mode": "catmullrom"
						},
						"0.4583": {
							"post": [-25, 0, 0],
							"lerp_mode": "catmullrom"
						},
						"0.7917": {
							"post": [-15, 0, 0],
							"lerp_mode": "catmullrom"
						},
						"1.5417": {
							"post": [-15, 0, 0],
							"lerp_mode": "catmullrom"
						}
					},
					"position": {
						"0.0": {
							"post": [0, 0, 0],
							"lerp_mode": "catmullrom"
						},
						"0.0833": {
							"post": [0, 0, 0],
							"lerp_mode": "catmullrom"
						},
						"0.25": {
							"post": [0, -1, 4],
							"lerp_mode": "catmullrom"
						},
						"0.375": {
							"post": [0, -1, 4],
							"lerp_mode": "catmullrom"
						},
						"0.4583": {
							"post": [0, -3, 6],
							"lerp_mode": "catmullrom"
						},
						"0.8333": {
							"post": [0, -1, 4],
							"lerp_mode": "catmullrom"
						},
						"1.5417": {
							"post": [0, -1, 4],
							"lerp_mode": "catmullrom"
						}
					},
					"scale": {
						"0.0": {
							"post": [1, 1, 1],
							"lerp_mode": "catmullrom"
						},
						"0.0833": {
							"post": [1, 1, 1],
							"lerp_mode": "catmullrom"
						},
						"0.375": {
							"post": [1, 1, 1],
							"lerp_mode": "catmullrom"
						},
						"1.5417": {
							"post": [1, 1, 1],
							"lerp_mode": "catmullrom"
						}
					}
				},
				"rightBraco": {
					"rotation": {
						"0.0": {
							"post": [-1.93266, -4.78558, 87.4152],
							"lerp_mode": "catmullrom"
						},
						"0.0833": {
							"post": [-3.37294, 55.16515, 84.48434],
							"lerp_mode": "catmullrom"
						},
						"0.1667": {
							"post": [-98.42793, 25.65638, 91.85531],
							"lerp_mode": "catmullrom"
						},
						"0.25": {
							"post": [-80.9, -7.59182, 5.52589],
							"lerp_mode": "catmullrom"
						},
						"0.375": {
							"post": [-80.9, -7.59, 5.53],
							"lerp_mode": "catmullrom"
						},
						"0.4583": {
							"post": [-65.9, -7.59, 5.53],
							"lerp_mode": "catmullrom"
						},
						"0.8333": {
							"post": [-80.9, -7.59, 5.53],
							"lerp_mode": "catmullrom"
						},
						"1.5417": {
							"post": [-80.9, -7.59, 5.53],
							"lerp_mode": "catmullrom"
						}
					},
					"position": {
						"0.0": {
							"post": [0, 0, 0],
							"lerp_mode": "catmullrom"
						},
						"0.0833": {
							"post": [0, 0, 0],
							"lerp_mode": "catmullrom"
						},
						"0.1667": {
							"post": [0, 0, -2],
							"lerp_mode": "catmullrom"
						},
						"0.25": {
							"post": [2, 0, -3],
							"lerp_mode": "catmullrom"
						},
						"0.375": {
							"post": [2, 0, -3],
							"lerp_mode": "catmullrom"
						},
						"0.875": {
							"post": [2, 0, -3],
							"lerp_mode": "catmullrom"
						},
						"1.5417": {
							"post": [2, 0, -3],
							"lerp_mode": "catmullrom"
						}
					},
					"scale": {
						"0.0": {
							"post": [1, 1, 1],
							"lerp_mode": "catmullrom"
						},
						"0.0833": {
							"post": [1, 1, 1],
							"lerp_mode": "catmullrom"
						},
						"0.375": {
							"post": [1, 1, 1],
							"lerp_mode": "catmullrom"
						},
						"0.8333": {
							"post": [1, 1, 1],
							"lerp_mode": "catmullrom"
						},
						"1.5417": {
							"post": [1, 1, 1],
							"lerp_mode": "catmullrom"
						}
					}
				},
				"leftBraco": {
					"rotation": {
						"0.0": {
							"post": [2.33778, 2.05844, -92.12103],
							"lerp_mode": "catmullrom"
						},
						"0.0833": {
							"post": [2.5868, -25.4172, -93.31593],
							"lerp_mode": "catmullrom"
						},
						"0.1667": {
							"post": [-94.9132, -25.4172, -93.31593],
							"lerp_mode": "catmullrom"
						},
						"0.25": {
							"post": [-80.65269, 3.35722, -7.68916],
							"lerp_mode": "catmullrom"
						},
						"0.375": {
							"post": [-80.65, 3.36, -7.69],
							"lerp_mode": "catmullrom"
						},
						"0.4583": {
							"post": [-65.65, 3.36, -7.69],
							"lerp_mode": "catmullrom"
						},
						"0.8333": {
							"post": [-80.65, 3.36, -7.69],
							"lerp_mode": "catmullrom"
						},
						"1.5417": {
							"post": [-80.65, 3.36, -7.69],
							"lerp_mode": "catmullrom"
						}
					},
					"position": {
						"0.0": {
							"post": [0, 0, 0],
							"lerp_mode": "catmullrom"
						},
						"0.0833": {
							"post": [0, 0, 0],
							"lerp_mode": "catmullrom"
						},
						"0.1667": {
							"post": [0, 0, -2],
							"lerp_mode": "catmullrom"
						},
						"0.25": {
							"post": [-2, 0, -3],
							"lerp_mode": "catmullrom"
						},
						"0.375": {
							"post": [-2, 0, -3],
							"lerp_mode": "catmullrom"
						},
						"1.5417": {
							"post": [-2, 0, -3],
							"lerp_mode": "catmullrom"
						}
					},
					"scale": {
						"0.0": {
							"post": [1, 1, 1],
							"lerp_mode": "catmullrom"
						},
						"0.0833": {
							"post": [1, 1, 1],
							"lerp_mode": "catmullrom"
						},
						"1.5417": {
							"post": [1, 1, 1],
							"lerp_mode": "catmullrom"
						}
					}
				},
				"rightPerna": {
					"rotation": {
						"0.0": {
							"post": [0, 10, 7.5],
							"lerp_mode": "catmullrom"
						},
						"0.0833": {
							"post": [10, 10, 7.5],
							"lerp_mode": "catmullrom"
						},
						"0.375": {
							"post": [10, 10, 7.5],
							"lerp_mode": "catmullrom"
						},
						"0.4583": {
							"post": [20, 10, 7.5],
							"lerp_mode": "catmullrom"
						},
						"0.875": {
							"post": [10, 10, 7.5],
							"lerp_mode": "catmullrom"
						},
						"1.5417": {
							"post": [10, 10, 7.5],
							"lerp_mode": "catmullrom"
						}
					},
					"position": {
						"0.0": {
							"post": [0, 0, 0],
							"lerp_mode": "catmullrom"
						},
						"0.0833": {
							"post": [0, 0, 0],
							"lerp_mode": "catmullrom"
						},
						"0.375": {
							"post": [0, 0, 0],
							"lerp_mode": "catmullrom"
						},
						"0.4583": {
							"post": [0, 0, -3],
							"lerp_mode": "catmullrom"
						},
						"0.9167": {
							"post": [0, 0, 0],
							"lerp_mode": "catmullrom"
						},
						"1.5417": {
							"post": [0, 0, 0],
							"lerp_mode": "catmullrom"
						}
					},
					"scale": {
						"0.0": {
							"post": [1, 1, 1],
							"lerp_mode": "catmullrom"
						},
						"0.0833": {
							"post": [1, 1, 1],
							"lerp_mode": "catmullrom"
						},
						"0.375": {
							"post": [1, 1, 1],
							"lerp_mode": "catmullrom"
						},
						"1.5417": {
							"post": [1, 1, 1],
							"lerp_mode": "catmullrom"
						}
					}
				},
				"leftPerna": {
					"rotation": {
						"0.0": {
							"post": [-0.32902, -7.49282, -7.47846],
							"lerp_mode": "catmullrom"
						},
						"0.0833": {
							"post": [12.17098, -7.49282, -7.47846],
							"lerp_mode": "catmullrom"
						},
						"0.375": {
							"post": [12.17, -7.49, -7.48],
							"lerp_mode": "catmullrom"
						},
						"0.4583": {
							"post": [54.67, -7.49, -7.48],
							"lerp_mode": "catmullrom"
						},
						"0.875": {
							"post": [27.17, -7.49, -7.48],
							"lerp_mode": "catmullrom"
						},
						"1.5417": {
							"post": [27.17, -7.49, -7.48],
							"lerp_mode": "catmullrom"
						}
					},
					"position": {
						"0.0": {
							"post": [0, 0, 0],
							"lerp_mode": "catmullrom"
						},
						"0.0833": {
							"post": [0, 0, 0],
							"lerp_mode": "catmullrom"
						},
						"0.375": {
							"post": [0, 0, 0],
							"lerp_mode": "catmullrom"
						},
						"0.4583": {
							"post": [0, 0, -1],
							"lerp_mode": "catmullrom"
						},
						"0.9167": {
							"post": [0, 0, 0],
							"lerp_mode": "catmullrom"
						},
						"1.5417": {
							"post": [0, 0, 0],
							"lerp_mode": "catmullrom"
						}
					},
					"scale": {
						"0.0": {
							"post": [1, 1, 1],
							"lerp_mode": "catmullrom"
						},
						"0.0833": {
							"post": [1, 1, 1],
							"lerp_mode": "catmullrom"
						},
						"0.375": {
							"post": [1, 1, 1],
							"lerp_mode": "catmullrom"
						},
						"1.5417": {
							"post": [1, 1, 1],
							"lerp_mode": "catmullrom"
						}
					}
				}
			}
		},
		"animation.vegeta.bigbangattack": {
			"loop": true,
			"animation_length": 0.5,
			"bones": {
				"Corpo": {
					"rotation": {
						"0.0": [0, -62.5, 0],
						"0.375": [0, -62.5, 0]
					},
					"position": {
						"0.0": [0, 0, 0],
						"0.375": [0, 0, 0]
					},
					"scale": {
						"0.0": [1, 1, 1],
						"0.375": [1, 1, 1]
					}
				},
				"rightBraco": {
					"rotation": {
						"0.0": [-30, 0, 90],
						"0.375": [-30, 0, 90]
					},
					"position": {
						"0.0": [0, 0, 0],
						"0.375": [0, 0, 0]
					},
					"scale": {
						"0.0": [1, 1, 1],
						"0.375": [1, 1, 1]
					}
				},
				"leftBraco": {
					"rotation": {
						"0.0": [4.64185, -18.43747, -6.90975],
						"0.375": [4.64, -18.44, -6.91]
					},
					"position": {
						"0.0": [0, 0, 0],
						"0.375": [0, 0, 0]
					},
					"scale": {
						"0.0": [1, 1, 1],
						"0.375": [1, 1, 1]
					}
				},
				"rightPerna": {
					"rotation": {
						"0.0": [0, 15, 7.5],
						"0.375": [0, 15, 7.5]
					},
					"position": {
						"0.0": [0, 0, 0],
						"0.375": [0, 0, 0]
					},
					"scale": {
						"0.0": [1, 1, 1],
						"0.375": [1, 1, 1]
					}
				},
				"leftPerna": {
					"rotation": {
						"0.0": [0, -20, -7.5],
						"0.375": [0, -20, -7.5]
					},
					"position": {
						"0.0": [0, 0, 0],
						"0.375": [0, 0, 0]
					},
					"scale": {
						"0.0": [1, 1, 1],
						"0.375": [1, 1, 1]
					}
				}
			}
		},
		"animation.vegeta.finalexplosion": {
			"loop": true,
			"animation_length": 3.75,
			"bones": {
				"Corpo": {
					"rotation": {
						"0.0": {
							"post": [-5, -12.5, 0],
							"lerp_mode": "catmullrom"
						},
						"0.0833": {
							"post": [-5, -12.5, 0],
							"lerp_mode": "catmullrom"
						},
						"0.5": {
							"post": [-9.88565, 2.44486, -1.29374],
							"lerp_mode": "catmullrom"
						},
						"1.1667": {
							"post": [-9.89, 2.44, -1.29],
							"lerp_mode": "catmullrom"
						},
						"1.25": {
							"post": [-22.39, 2.44, -1.29],
							"lerp_mode": "catmullrom"
						},
						"3.75": {
							"post": [-22.39, 2.44, -1.29],
							"lerp_mode": "catmullrom"
						}
					},
					"position": {
						"0.0": {
							"post": [0, 0, 2],
							"lerp_mode": "catmullrom"
						},
						"0.0833": {
							"post": [0, 0, 2],
							"lerp_mode": "catmullrom"
						},
						"1.1667": {
							"post": [0, 0, 2],
							"lerp_mode": "catmullrom"
						},
						"1.25": {
							"post": [0, 2, 5],
							"lerp_mode": "catmullrom"
						},
						"3.75": {
							"post": [0, 2, 5],
							"lerp_mode": "catmullrom"
						}
					},
					"scale": {
						"0.0": {
							"post": [1, 1, 1],
							"lerp_mode": "catmullrom"
						},
						"0.0833": {
							"post": [1, 1, 1],
							"lerp_mode": "catmullrom"
						},
						"1.1667": {
							"post": [1, 1, 1],
							"lerp_mode": "catmullrom"
						},
						"3.75": {
							"post": [1, 1, 1],
							"lerp_mode": "catmullrom"
						}
					}
				},
				"rightBraco": {
					"rotation": {
						"0.0": {
							"post": [-106.29437, 34.62695, -72.31311],
							"lerp_mode": "catmullrom"
						},
						"0.0833": {
							"post": [-106.29, 34.63, -72.31],
							"lerp_mode": "catmullrom"
						},
						"0.5": {
							"post": [-146.40457, 41.93301, 63.46231],
							"lerp_mode": "catmullrom"
						},
						"1.1667": {
							"post": [-146.4, 41.93, 63.46],
							"lerp_mode": "catmullrom"
						},
						"1.25": {
							"post": [-56.27319, 49.05721, -25.77607],
							"lerp_mode": "catmullrom"
						},
						"3.75": {
							"post": [-56.27, 49.06, -25.78],
							"lerp_mode": "catmullrom"
						}
					},
					"position": {
						"0.0": {
							"post": [1, -1, 4],
							"lerp_mode": "catmullrom"
						},
						"0.0833": {
							"post": [1, -1, 4],
							"lerp_mode": "catmullrom"
						},
						"0.5": {
							"post": [-1, -2, -2],
							"lerp_mode": "catmullrom"
						},
						"1.1667": {
							"post": [-1, -2, -2],
							"lerp_mode": "catmullrom"
						},
						"1.25": {
							"post": [0, 0, 1],
							"lerp_mode": "catmullrom"
						},
						"3.75": {
							"post": [0, 0, 1],
							"lerp_mode": "catmullrom"
						}
					},
					"scale": {
						"0.0": {
							"post": [1, 1, 1],
							"lerp_mode": "catmullrom"
						},
						"0.0833": {
							"post": [1, 1, 1],
							"lerp_mode": "catmullrom"
						},
						"1.1667": {
							"post": [1, 1, 1],
							"lerp_mode": "catmullrom"
						},
						"3.75": {
							"post": [1, 1, 1],
							"lerp_mode": "catmullrom"
						}
					}
				},
				"leftBraco": {
					"rotation": {
						"0.0": {
							"post": [5, -15, -12.5],
							"lerp_mode": "catmullrom"
						},
						"0.0833": {
							"post": [5, -15, -12.5],
							"lerp_mode": "catmullrom"
						},
						"0.5": {
							"post": [-146.64529, -19.51367, -56.78725],
							"lerp_mode": "catmullrom"
						},
						"1.1667": {
							"post": [-146.65, -19.51, -56.79],
							"lerp_mode": "catmullrom"
						},
						"1.25": {
							"post": [-82.61506, -57.0257, 49.49071],
							"lerp_mode": "catmullrom"
						},
						"3.75": {
							"post": [-82.62, -57.03, 49.49],
							"lerp_mode": "catmullrom"
						}
					},
					"position": {
						"0.0": {
							"post": [0, 0, 0],
							"lerp_mode": "catmullrom"
						},
						"0.0833": {
							"post": [0, 0, 0],
							"lerp_mode": "catmullrom"
						},
						"0.5": {
							"post": [0, -2, -4],
							"lerp_mode": "catmullrom"
						},
						"1.1667": {
							"post": [0, -2, -4],
							"lerp_mode": "catmullrom"
						},
						"1.25": {
							"post": [0, 0, 1],
							"lerp_mode": "catmullrom"
						},
						"3.75": {
							"post": [0, 0, 1],
							"lerp_mode": "catmullrom"
						}
					},
					"scale": {
						"0.0": {
							"post": [1, 1, 1],
							"lerp_mode": "catmullrom"
						},
						"0.0833": {
							"post": [1, 1, 1],
							"lerp_mode": "catmullrom"
						},
						"1.1667": {
							"post": [1, 1, 1],
							"lerp_mode": "catmullrom"
						},
						"3.75": {
							"post": [1, 1, 1],
							"lerp_mode": "catmullrom"
						}
					}
				},
				"rightPerna": {
					"rotation": {
						"0.0": {
							"post": [7.61435, 9.91358, 3.81845],
							"lerp_mode": "catmullrom"
						},
						"0.0833": {
							"post": [7.61, 9.91, 3.82],
							"lerp_mode": "catmullrom"
						},
						"0.5": {
							"post": [8.83701, 8.83567, 11.34336],
							"lerp_mode": "catmullrom"
						},
						"1.1667": {
							"post": [8.84, 8.84, 11.34],
							"lerp_mode": "catmullrom"
						},
						"1.25": {
							"post": [32.26562, 3.56017, 19.88574],
							"lerp_mode": "catmullrom"
						},
						"3.75": {
							"post": [32.27, 3.56, 19.89],
							"lerp_mode": "catmullrom"
						}
					},
					"position": {
						"0.0": {
							"post": [0, 0, 0],
							"lerp_mode": "catmullrom"
						},
						"0.0833": {
							"post": [0, 0, 0],
							"lerp_mode": "catmullrom"
						},
						"1.1667": {
							"post": [0, 0, 0],
							"lerp_mode": "catmullrom"
						},
						"3.75": {
							"post": [0, 0, 0],
							"lerp_mode": "catmullrom"
						}
					},
					"scale": {
						"0.0": {
							"post": [1, 1, 1],
							"lerp_mode": "catmullrom"
						},
						"0.0833": {
							"post": [1, 1, 1],
							"lerp_mode": "catmullrom"
						},
						"1.1667": {
							"post": [1, 1, 1],
							"lerp_mode": "catmullrom"
						},
						"3.75": {
							"post": [1, 1, 1],
							"lerp_mode": "catmullrom"
						}
					}
				},
				"leftPerna": {
					"rotation": {
						"0.0": {
							"post": [7.43656, 0.9762, -7.43656],
							"lerp_mode": "catmullrom"
						},
						"0.0833": {
							"post": [7.44, 0.98, -7.44],
							"lerp_mode": "catmullrom"
						},
						"0.5": {
							"post": [10.35659, -16.25046, -10.53932],
							"lerp_mode": "catmullrom"
						},
						"1.1667": {
							"post": [10.36, -16.25, -10.54],
							"lerp_mode": "catmullrom"
						},
						"1.25": {
							"post": [33.04508, -17.00241, -25.70477],
							"lerp_mode": "catmullrom"
						},
						"3.75": {
							"post": [33.05, -17, -25.7],
							"lerp_mode": "catmullrom"
						}
					},
					"position": {
						"0.0": {
							"post": [0, 0, 0],
							"lerp_mode": "catmullrom"
						},
						"0.0833": {
							"post": [0, 0, 0],
							"lerp_mode": "catmullrom"
						},
						"1.1667": {
							"post": [0, 0, 0],
							"lerp_mode": "catmullrom"
						},
						"3.75": {
							"post": [0, 0, 0],
							"lerp_mode": "catmullrom"
						}
					},
					"scale": {
						"0.0": {
							"post": [1, 1, 1],
							"lerp_mode": "catmullrom"
						},
						"0.0833": {
							"post": [1, 1, 1],
							"lerp_mode": "catmullrom"
						},
						"1.1667": {
							"post": [1, 1, 1],
							"lerp_mode": "catmullrom"
						},
						"3.75": {
							"post": [1, 1, 1],
							"lerp_mode": "catmullrom"
						}
					}
				}
			}
		},
		"animation.vegeta.transform": {
			"loop": true,
			"animation_length": 5.91667,
			"bones": {
				"Corpo": {
					"rotation": {
						"0.0": {
							"post": [0, 0, 0],
							"lerp_mode": "catmullrom"
						},
						"0.125": {
							"post": [0, 0, 0],
							"lerp_mode": "catmullrom"
						},
						"0.2917": {
							"post": [-10, 0, 0],
							"lerp_mode": "catmullrom"
						},
						"0.4167": {
							"post": [-10, 0, 0],
							"lerp_mode": "catmullrom"
						},
						"0.9167": {
							"post": [-10, 0, 0],
							"lerp_mode": "catmullrom"
						},
						"1.0": {
							"post": [47.5, 0, 0],
							"lerp_mode": "catmullrom"
						},
						"1.75": {
							"post": [47.5, 0, 0],
							"lerp_mode": "catmullrom"
						},
						"2.6667": {
							"post": [47.5, 0, 0],
							"lerp_mode": "catmullrom"
						},
						"3.5833": {
							"post": [47.5, 0, 0],
							"lerp_mode": "catmullrom"
						},
						"4.5": {
							"post": [47.5, 0, 0],
							"lerp_mode": "catmullrom"
						},
						"4.75": {
							"post": [47.5, 0, 0],
							"lerp_mode": "catmullrom"
						},
						"4.8333": {
							"post": [-15, 0, 0],
							"lerp_mode": "catmullrom"
						},
						"5.0": {
							"post": [-15, 0, 0],
							"lerp_mode": "catmullrom"
						},
						"5.125": {
							"post": [2.5, 0, 0],
							"lerp_mode": "catmullrom"
						},
						"5.9167": {
							"post": [2.5, 0, 0],
							"lerp_mode": "catmullrom"
						}
					},
					"position": {
						"0.0": {
							"post": [0, 0, 0],
							"lerp_mode": "catmullrom"
						},
						"0.125": {
							"post": [0, 0, 0],
							"lerp_mode": "catmullrom"
						},
						"0.4167": {
							"post": [0, 0, 0],
							"lerp_mode": "catmullrom"
						},
						"0.9167": {
							"post": [0, 0, 0],
							"lerp_mode": "catmullrom"
						},
						"1.0": {
							"post": [0, -4, -3],
							"lerp_mode": "catmullrom"
						},
						"1.75": {
							"post": [0, -4, -3],
							"lerp_mode": "catmullrom"
						},
						"2.6667": {
							"post": [0, -4, -3],
							"lerp_mode": "catmullrom"
						},
						"3.5833": {
							"post": [0, -4, -3],
							"lerp_mode": "catmullrom"
						},
						"4.5": {
							"post": [0, -4, -3],
							"lerp_mode": "catmullrom"
						},
						"4.75": {
							"post": [0, -4, -3],
							"lerp_mode": "catmullrom"
						},
						"4.8333": {
							"post": [0, 0, 0],
							"lerp_mode": "catmullrom"
						},
						"5.0": {
							"post": [0, 0, 0],
							"lerp_mode": "catmullrom"
						},
						"5.9167": {
							"post": [0, 0, 0],
							"lerp_mode": "catmullrom"
						}
					},
					"scale": {
						"0.0": {
							"post": [1, 1, 1],
							"lerp_mode": "catmullrom"
						},
						"0.125": {
							"post": [1, 1, 1],
							"lerp_mode": "catmullrom"
						},
						"0.4167": {
							"post": [1, 1, 1],
							"lerp_mode": "catmullrom"
						},
						"0.9167": {
							"post": [1, 1, 1],
							"lerp_mode": "catmullrom"
						},
						"1.75": {
							"post": [1, 1, 1],
							"lerp_mode": "catmullrom"
						},
						"2.6667": {
							"post": [1, 1, 1],
							"lerp_mode": "catmullrom"
						},
						"3.5833": {
							"post": [1, 1, 1],
							"lerp_mode": "catmullrom"
						},
						"4.5": {
							"post": [1, 1, 1],
							"lerp_mode": "catmullrom"
						},
						"4.75": {
							"post": [1, 1, 1],
							"lerp_mode": "catmullrom"
						},
						"5.0": {
							"post": [1, 1, 1],
							"lerp_mode": "catmullrom"
						},
						"5.9167": {
							"post": [1, 1, 1],
							"lerp_mode": "catmullrom"
						}
					}
				},
				"rightBraco": {
					"rotation": {
						"0.0": {
							"post": [0, 0, 0],
							"lerp_mode": "catmullrom"
						},
						"0.125": {
							"post": [0, 0, 0],
							"lerp_mode": "catmullrom"
						},
						"0.2917": {
							"post": [-139.39377, 3.58754, 59.60969],
							"lerp_mode": "catmullrom"
						},
						"0.4167": {
							"post": [-139.39, 3.59, 59.61],
							"lerp_mode": "catmullrom"
						},
						"0.9167": {
							"post": [-139.39, 3.59, 59.61],
							"lerp_mode": "catmullrom"
						},
						"1.0": {
							"post": [-112.96773, 38.96805, -46.32396],
							"lerp_mode": "catmullrom"
						},
						"1.75": {
							"post": [-112.96773, 38.96805, -46.32396],
							"lerp_mode": "catmullrom"
						},
						"1.875": {
							"post": [-115.46773, 38.96805, -46.32396],
							"lerp_mode": "catmullrom"
						},
						"2.0417": {
							"post": [-107.96773, 38.96805, -46.32396],
							"lerp_mode": "catmullrom"
						},
						"2.25": {
							"post": [-115.46773, 38.96805, -46.32396],
							"lerp_mode": "catmullrom"
						},
						"2.4583": {
							"post": [-110.46773, 38.96805, -46.32396],
							"lerp_mode": "catmullrom"
						},
						"2.6667": {
							"post": [-112.96773, 38.96805, -46.32396],
							"lerp_mode": "catmullrom"
						},
						"2.7917": {
							"post": [-115.46773, 38.96805, -46.32396],
							"lerp_mode": "catmullrom"
						},
						"2.9583": {
							"post": [-107.96773, 38.96805, -46.32396],
							"lerp_mode": "catmullrom"
						},
						"3.1667": {
							"post": [-115.46773, 38.96805, -46.32396],
							"lerp_mode": "catmullrom"
						},
						"3.375": {
							"post": [-110.46773, 38.96805, -46.32396],
							"lerp_mode": "catmullrom"
						},
						"3.5833": {
							"post": [-112.96773, 38.96805, -46.32396],
							"lerp_mode": "catmullrom"
						},
						"3.7083": {
							"post": [-115.46773, 38.96805, -46.32396],
							"lerp_mode": "catmullrom"
						},
						"3.875": {
							"post": [-107.96773, 38.96805, -46.32396],
							"lerp_mode": "catmullrom"
						},
						"4.0833": {
							"post": [-115.46773, 38.96805, -46.32396],
							"lerp_mode": "catmullrom"
						},
						"4.2917": {
							"post": [-110.46773, 38.96805, -46.32396],
							"lerp_mode": "catmullrom"
						},
						"4.5": {
							"post": [-112.96773, 38.96805, -46.32396],
							"lerp_mode": "catmullrom"
						},
						"4.6667": {
							"post": [-165.80321, 37.4157, -11.17156],
							"lerp_mode": "catmullrom"
						},
						"4.75": {
							"post": [-165.8, 37.42, -11.17],
							"lerp_mode": "catmullrom"
						},
						"4.8333": {
							"post": [27.50865, 35.33039, 42.96944],
							"lerp_mode": "catmullrom"
						},
						"5.0": {
							"post": [27.51, 35.33, 42.97],
							"lerp_mode": "catmullrom"
						},
						"5.125": {
							"post": [-106.39506, -28.65895, -50.94724],
							"lerp_mode": "catmullrom"
						},
						"5.25": {
							"post": [-106.4, -28.66, -50.95],
							"lerp_mode": "catmullrom"
						},
						"5.3333": {
							"post": [-107.79292, -35.83, -48.34472],
							"lerp_mode": "catmullrom"
						},
						"5.375": {
							"post": [-106.03708, -26.25945, -51.73686],
							"lerp_mode": "catmullrom"
						},
						"5.4167": {
							"post": [-108.37823, -38.20655, -47.37278],
							"lerp_mode": "catmullrom"
						},
						"5.5417": {
							"post": [-106.4, -28.66, -50.95],
							"lerp_mode": "catmullrom"
						},
						"5.9167": {
							"post": [-106.4, -28.66, -50.95],
							"lerp_mode": "catmullrom"
						}
					},
					"position": {
						"0.0": {
							"post": [0, 0, 0],
							"lerp_mode": "catmullrom"
						},
						"0.125": {
							"post": [0, 0, 0],
							"lerp_mode": "catmullrom"
						},
						"0.2917": {
							"post": [0, 0, -1],
							"lerp_mode": "catmullrom"
						},
						"0.4167": {
							"post": [0, 0, -1],
							"lerp_mode": "catmullrom"
						},
						"0.9167": {
							"post": [0, 0, -1],
							"lerp_mode": "catmullrom"
						},
						"1.0": {
							"post": [0, 0, 1],
							"lerp_mode": "catmullrom"
						},
						"1.75": {
							"post": [0, 0, 1],
							"lerp_mode": "catmullrom"
						},
						"2.6667": {
							"post": [0, 0, 1],
							"lerp_mode": "catmullrom"
						},
						"3.5833": {
							"post": [0, 0, 1],
							"lerp_mode": "catmullrom"
						},
						"4.5": {
							"post": [0, 0, 1],
							"lerp_mode": "catmullrom"
						},
						"4.75": {
							"post": [0, 0, 1],
							"lerp_mode": "catmullrom"
						},
						"5.0": {
							"post": [0, 0, 1],
							"lerp_mode": "catmullrom"
						},
						"5.125": {
							"post": [0, -5, 1],
							"lerp_mode": "catmullrom"
						},
						"5.25": {
							"post": [0, -5, 1],
							"lerp_mode": "catmullrom"
						},
						"5.9167": {
							"post": [0, -5, 1],
							"lerp_mode": "catmullrom"
						}
					},
					"scale": {
						"0.0": {
							"post": [1, 1, 1],
							"lerp_mode": "catmullrom"
						},
						"0.125": {
							"post": [1, 1, 1],
							"lerp_mode": "catmullrom"
						},
						"0.4167": {
							"post": [1, 1, 1],
							"lerp_mode": "catmullrom"
						},
						"0.9167": {
							"post": [1, 1, 1],
							"lerp_mode": "catmullrom"
						},
						"1.75": {
							"post": [1, 1, 1],
							"lerp_mode": "catmullrom"
						},
						"2.6667": {
							"post": [1, 1, 1],
							"lerp_mode": "catmullrom"
						},
						"3.5833": {
							"post": [1, 1, 1],
							"lerp_mode": "catmullrom"
						},
						"4.5": {
							"post": [1, 1, 1],
							"lerp_mode": "catmullrom"
						},
						"4.75": {
							"post": [1, 1, 1],
							"lerp_mode": "catmullrom"
						},
						"5.0": {
							"post": [1, 1, 1],
							"lerp_mode": "catmullrom"
						},
						"5.9167": {
							"post": [1, 1, 1],
							"lerp_mode": "catmullrom"
						}
					}
				},
				"leftBiceps": {
					"rotation": {
						"0.0": [0, 0, 0],
						"0.125": [0, 0, 0],
						"0.4167": [0, 0, 0],
						"0.9167": [0, 0, 0]
					},
					"position": {
						"0.0": [0, 0, 0],
						"0.125": [0, 0, 0],
						"0.4167": [0, 0, 0],
						"0.9167": [0, 0, 0]
					},
					"scale": {
						"0.0": [1, 1, 1],
						"0.125": [1, 1, 1],
						"0.4167": [1, 1, 1],
						"0.9167": [1, 1, 1]
					}
				},
				"leftBraco": {
					"rotation": {
						"0.0": {
							"post": [0, 0, 0],
							"lerp_mode": "catmullrom"
						},
						"0.125": {
							"post": [0, 0, 0],
							"lerp_mode": "catmullrom"
						},
						"0.2917": {
							"post": [-123.65495, -2.21738, -62.47765],
							"lerp_mode": "catmullrom"
						},
						"0.4167": {
							"post": [-123.65, -2.22, -62.48],
							"lerp_mode": "catmullrom"
						},
						"0.9167": {
							"post": [-123.65, -2.22, -62.48],
							"lerp_mode": "catmullrom"
						},
						"1.0": {
							"post": [-104.14364, -35.07564, 39.42602],
							"lerp_mode": "catmullrom"
						},
						"1.75": {
							"post": [-104.14364, -35.07564, 39.42602],
							"lerp_mode": "catmullrom"
						},
						"1.875": {
							"post": [-106.64364, -35.07564, 39.42602],
							"lerp_mode": "catmullrom"
						},
						"2.0417": {
							"post": [-101.64364, -35.07564, 39.42602],
							"lerp_mode": "catmullrom"
						},
						"2.25": {
							"post": [-106.64364, -35.07564, 39.42602],
							"lerp_mode": "catmullrom"
						},
						"2.4583": {
							"post": [-104.84487, -34.05896, 40.14397],
							"lerp_mode": "catmullrom"
						},
						"2.6667": {
							"post": [-104.14364, -35.07564, 39.42602],
							"lerp_mode": "catmullrom"
						},
						"2.7917": {
							"post": [-106.64364, -35.07564, 39.42602],
							"lerp_mode": "catmullrom"
						},
						"2.9583": {
							"post": [-101.64364, -35.07564, 39.42602],
							"lerp_mode": "catmullrom"
						},
						"3.1667": {
							"post": [-106.64364, -35.07564, 39.42602],
							"lerp_mode": "catmullrom"
						},
						"3.375": {
							"post": [-104.84487, -34.05896, 40.14397],
							"lerp_mode": "catmullrom"
						},
						"3.5833": {
							"post": [-104.14364, -35.07564, 39.42602],
							"lerp_mode": "catmullrom"
						},
						"3.7083": {
							"post": [-106.64364, -35.07564, 39.42602],
							"lerp_mode": "catmullrom"
						},
						"3.875": {
							"post": [-101.64364, -35.07564, 39.42602],
							"lerp_mode": "catmullrom"
						},
						"4.0833": {
							"post": [-106.64364, -35.07564, 39.42602],
							"lerp_mode": "catmullrom"
						},
						"4.2917": {
							"post": [-104.84487, -34.05896, 40.14397],
							"lerp_mode": "catmullrom"
						},
						"4.5": {
							"post": [-104.14364, -35.07564, 39.42602],
							"lerp_mode": "catmullrom"
						},
						"4.6667": {
							"post": [-159.99483, -29.44265, 4.39017],
							"lerp_mode": "catmullrom"
						},
						"4.75": {
							"post": [-159.99, -29.44, 4.39],
							"lerp_mode": "catmullrom"
						},
						"4.8333": {
							"post": [4.0293, -31.52989, -27.54145],
							"lerp_mode": "catmullrom"
						},
						"5.0": {
							"post": [4.03, -31.53, -27.54],
							"lerp_mode": "catmullrom"
						},
						"5.125": {
							"post": [-70.30047, -36.61341, 40.28179],
							"lerp_mode": "catmullrom"
						},
						"5.9167": {
							"post": [-70.3, -36.61, 40.28],
							"lerp_mode": "catmullrom"
						}
					},
					"position": {
						"0.0": {
							"post": [0, 0, 0],
							"lerp_mode": "catmullrom"
						},
						"0.125": {
							"post": [0, 0, 0],
							"lerp_mode": "catmullrom"
						},
						"0.2917": {
							"post": [0, 0, -1],
							"lerp_mode": "catmullrom"
						},
						"0.4167": {
							"post": [0, 0, -1],
							"lerp_mode": "catmullrom"
						},
						"0.9167": {
							"post": [0, 0, -1],
							"lerp_mode": "catmullrom"
						},
						"1.0": {
							"post": [0, 0, 2],
							"lerp_mode": "catmullrom"
						},
						"1.75": {
							"post": [0, 0, 2],
							"lerp_mode": "catmullrom"
						},
						"2.6667": {
							"post": [0, 0, 2],
							"lerp_mode": "catmullrom"
						},
						"3.5833": {
							"post": [0, 0, 2],
							"lerp_mode": "catmullrom"
						},
						"4.5": {
							"post": [0, 0, 2],
							"lerp_mode": "catmullrom"
						},
						"4.75": {
							"post": [0, 0, 2],
							"lerp_mode": "catmullrom"
						},
						"5.0": {
							"post": [0, 0, 2],
							"lerp_mode": "catmullrom"
						},
						"5.125": {
							"post": [0, -1, 2],
							"lerp_mode": "catmullrom"
						},
						"5.9167": {
							"post": [0, -1, 2],
							"lerp_mode": "catmullrom"
						}
					},
					"scale": {
						"0.0": {
							"post": [1, 1, 1],
							"lerp_mode": "catmullrom"
						},
						"0.125": {
							"post": [1, 1, 1],
							"lerp_mode": "catmullrom"
						},
						"0.4167": {
							"post": [1, 1, 1],
							"lerp_mode": "catmullrom"
						},
						"0.9167": {
							"post": [1, 1, 1],
							"lerp_mode": "catmullrom"
						},
						"1.75": {
							"post": [1, 1, 1],
							"lerp_mode": "catmullrom"
						},
						"2.6667": {
							"post": [1, 1, 1],
							"lerp_mode": "catmullrom"
						},
						"3.5833": {
							"post": [1, 1, 1],
							"lerp_mode": "catmullrom"
						},
						"4.5": {
							"post": [1, 1, 1],
							"lerp_mode": "catmullrom"
						},
						"4.75": {
							"post": [1, 1, 1],
							"lerp_mode": "catmullrom"
						},
						"5.0": {
							"post": [1, 1, 1],
							"lerp_mode": "catmullrom"
						},
						"5.9167": {
							"post": [1, 1, 1],
							"lerp_mode": "catmullrom"
						}
					}
				},
				"rightBiceps": {
					"rotation": {
						"0.0": [0, 0, 0],
						"0.125": [0, 0, 0],
						"0.4167": [0, 0, 0],
						"0.9167": [0, 0, 0]
					},
					"position": {
						"0.0": [0, 0, 0],
						"0.125": [0, 0, 0],
						"0.4167": [0, 0, 0],
						"0.9167": [0, 0, 0]
					},
					"scale": {
						"0.0": [1, 1, 1],
						"0.125": [1, 1, 1],
						"0.4167": [1, 1, 1],
						"0.9167": [1, 1, 1]
					}
				},
				"rightPerna": {
					"rotation": {
						"0.0": {
							"post": [0, 0, 0],
							"lerp_mode": "catmullrom"
						},
						"0.125": {
							"post": [0, 0, 0],
							"lerp_mode": "catmullrom"
						},
						"0.2917": {
							"post": [15.21645, 10.78019, 8.0879],
							"lerp_mode": "catmullrom"
						},
						"0.4167": {
							"post": [15.22, 10.78, 8.09],
							"lerp_mode": "catmullrom"
						},
						"0.9167": {
							"post": [15.22, 10.78, 8.09],
							"lerp_mode": "catmullrom"
						},
						"1.0": {
							"post": [-49.78, 10.78, 8.09],
							"lerp_mode": "catmullrom"
						},
						"1.75": {
							"post": [-49.78, 10.78, 8.09],
							"lerp_mode": "catmullrom"
						},
						"2.6667": {
							"post": [-49.78, 10.78, 8.09],
							"lerp_mode": "catmullrom"
						},
						"3.5833": {
							"post": [-49.78, 10.78, 8.09],
							"lerp_mode": "catmullrom"
						},
						"4.5": {
							"post": [-49.78, 10.78, 8.09],
							"lerp_mode": "catmullrom"
						},
						"4.75": {
							"post": [-49.78, 10.78, 8.09],
							"lerp_mode": "catmullrom"
						},
						"4.8333": {
							"post": [20.22, 10.78, 8.09],
							"lerp_mode": "catmullrom"
						},
						"5.0": {
							"post": [20.22, 10.78, 8.09],
							"lerp_mode": "catmullrom"
						},
						"5.125": {
							"post": [-2.28, 10.78, 8.09],
							"lerp_mode": "catmullrom"
						},
						"5.9167": {
							"post": [-2.28, 10.78, 8.09],
							"lerp_mode": "catmullrom"
						}
					},
					"position": {
						"0.0": {
							"post": [0, 0, 0],
							"lerp_mode": "catmullrom"
						},
						"0.125": {
							"post": [0, 0, 0],
							"lerp_mode": "catmullrom"
						},
						"0.4167": {
							"post": [0, 0, 0],
							"lerp_mode": "catmullrom"
						},
						"0.9167": {
							"post": [0, 0, 0],
							"lerp_mode": "catmullrom"
						},
						"1.0": {
							"post": [-1, 3, -3],
							"lerp_mode": "catmullrom"
						},
						"1.75": {
							"post": [-1, 3, -3],
							"lerp_mode": "catmullrom"
						},
						"2.6667": {
							"post": [-1, 3, -3],
							"lerp_mode": "catmullrom"
						},
						"3.5833": {
							"post": [-1, 3, -3],
							"lerp_mode": "catmullrom"
						},
						"4.5": {
							"post": [-1, 3, -3],
							"lerp_mode": "catmullrom"
						},
						"4.75": {
							"post": [-1, 3, -3],
							"lerp_mode": "catmullrom"
						},
						"4.8333": {
							"post": [0, 0, 0],
							"lerp_mode": "catmullrom"
						},
						"5.0": {
							"post": [0, 0, 0],
							"lerp_mode": "catmullrom"
						},
						"5.9167": {
							"post": [0, 0, 0],
							"lerp_mode": "catmullrom"
						}
					},
					"scale": {
						"0.0": {
							"post": [1, 1, 1],
							"lerp_mode": "catmullrom"
						},
						"0.125": {
							"post": [1, 1, 1],
							"lerp_mode": "catmullrom"
						},
						"0.4167": {
							"post": [1, 1, 1],
							"lerp_mode": "catmullrom"
						},
						"0.9167": {
							"post": [1, 1, 1],
							"lerp_mode": "catmullrom"
						},
						"1.75": {
							"post": [1, 1, 1],
							"lerp_mode": "catmullrom"
						},
						"2.6667": {
							"post": [1, 1, 1],
							"lerp_mode": "catmullrom"
						},
						"3.5833": {
							"post": [1, 1, 1],
							"lerp_mode": "catmullrom"
						},
						"4.5": {
							"post": [1, 1, 1],
							"lerp_mode": "catmullrom"
						},
						"4.75": {
							"post": [1, 1, 1],
							"lerp_mode": "catmullrom"
						},
						"5.0": {
							"post": [1, 1, 1],
							"lerp_mode": "catmullrom"
						},
						"5.9167": {
							"post": [1, 1, 1],
							"lerp_mode": "catmullrom"
						}
					}
				},
				"leftPerna": {
					"rotation": {
						"0.0": {
							"post": [0, 0, 0],
							"lerp_mode": "catmullrom"
						},
						"0.125": {
							"post": [0, 0, 0],
							"lerp_mode": "catmullrom"
						},
						"0.2917": {
							"post": [12.52713, -6.24209, -6.50469],
							"lerp_mode": "catmullrom"
						},
						"0.4167": {
							"post": [12.53, -6.24, -6.5],
							"lerp_mode": "catmullrom"
						},
						"0.9167": {
							"post": [12.53, -6.24, -6.5],
							"lerp_mode": "catmullrom"
						},
						"1.0": {
							"post": [-44.97, -6.24, -6.5],
							"lerp_mode": "catmullrom"
						},
						"1.75": {
							"post": [-44.97, -6.24, -6.5],
							"lerp_mode": "catmullrom"
						},
						"2.6667": {
							"post": [-44.97, -6.24, -6.5],
							"lerp_mode": "catmullrom"
						},
						"3.5833": {
							"post": [-44.97, -6.24, -6.5],
							"lerp_mode": "catmullrom"
						},
						"4.5": {
							"post": [-44.97, -6.24, -6.5],
							"lerp_mode": "catmullrom"
						},
						"4.75": {
							"post": [-44.97, -6.24, -6.5],
							"lerp_mode": "catmullrom"
						},
						"4.8333": {
							"post": [20.03, -6.24, -6.5],
							"lerp_mode": "catmullrom"
						},
						"5.0": {
							"post": [20.03, -6.24, -6.5],
							"lerp_mode": "catmullrom"
						},
						"5.125": {
							"post": [0.03, -6.24, -6.5],
							"lerp_mode": "catmullrom"
						},
						"5.9167": {
							"post": [0.03, -6.24, -6.5],
							"lerp_mode": "catmullrom"
						}
					},
					"position": {
						"0.0": {
							"post": [0, 0, 0],
							"lerp_mode": "catmullrom"
						},
						"0.125": {
							"post": [0, 0, 0],
							"lerp_mode": "catmullrom"
						},
						"0.4167": {
							"post": [0, 0, 0],
							"lerp_mode": "catmullrom"
						},
						"0.9167": {
							"post": [0, 0, 0],
							"lerp_mode": "catmullrom"
						},
						"1.0": {
							"post": [1, 3, -3],
							"lerp_mode": "catmullrom"
						},
						"1.75": {
							"post": [1, 3, -3],
							"lerp_mode": "catmullrom"
						},
						"2.6667": {
							"post": [1, 3, -3],
							"lerp_mode": "catmullrom"
						},
						"3.5833": {
							"post": [1, 3, -3],
							"lerp_mode": "catmullrom"
						},
						"4.5": {
							"post": [1, 3, -3],
							"lerp_mode": "catmullrom"
						},
						"4.75": {
							"post": [1, 3, -3],
							"lerp_mode": "catmullrom"
						},
						"4.8333": {
							"post": [1, 0, 0],
							"lerp_mode": "catmullrom"
						},
						"5.0": {
							"post": [0, 0, 0],
							"lerp_mode": "catmullrom"
						},
						"5.9167": {
							"post": [0, 0, 0],
							"lerp_mode": "catmullrom"
						}
					},
					"scale": {
						"0.0": {
							"post": [1, 1, 1],
							"lerp_mode": "catmullrom"
						},
						"0.125": {
							"post": [1, 1, 1],
							"lerp_mode": "catmullrom"
						},
						"0.4167": {
							"post": [1, 1, 1],
							"lerp_mode": "catmullrom"
						},
						"0.9167": {
							"post": [1, 1, 1],
							"lerp_mode": "catmullrom"
						},
						"1.75": {
							"post": [1, 1, 1],
							"lerp_mode": "catmullrom"
						},
						"2.6667": {
							"post": [1, 1, 1],
							"lerp_mode": "catmullrom"
						},
						"3.5833": {
							"post": [1, 1, 1],
							"lerp_mode": "catmullrom"
						},
						"4.5": {
							"post": [1, 1, 1],
							"lerp_mode": "catmullrom"
						},
						"4.75": {
							"post": [1, 1, 1],
							"lerp_mode": "catmullrom"
						},
						"5.0": {
							"post": [1, 1, 1],
							"lerp_mode": "catmullrom"
						},
						"5.9167": {
							"post": [1, 1, 1],
							"lerp_mode": "catmullrom"
						}
					}
				},
				"Mecha": {
					"rotation": {
						"0.0": {
							"post": [0, 0, 0],
							"lerp_mode": "catmullrom"
						},
						"1.0": {
							"post": [0, 0, 0],
							"lerp_mode": "catmullrom"
						},
						"1.0833": {
							"post": [0, 0, 15],
							"lerp_mode": "catmullrom"
						},
						"1.1667": {
							"post": [0, 0, 2.5],
							"lerp_mode": "catmullrom"
						},
						"1.2917": {
							"post": [0, 0, 25],
							"lerp_mode": "catmullrom"
						},
						"1.375": {
							"post": [0, 0, 17.5],
							"lerp_mode": "catmullrom"
						},
						"1.5417": {
							"post": [0, 0, 25],
							"lerp_mode": "catmullrom"
						},
						"1.625": {
							"post": [0, 0, 17.5],
							"lerp_mode": "catmullrom"
						},
						"1.75": {
							"post": [0, 0, 0],
							"lerp_mode": "catmullrom"
						},
						"1.9167": {
							"post": [0, 0, 2.5],
							"lerp_mode": "catmullrom"
						},
						"2.0417": {
							"post": [0, 0, 25],
							"lerp_mode": "catmullrom"
						},
						"2.125": {
							"post": [0, 0, 17.5],
							"lerp_mode": "catmullrom"
						},
						"2.2917": {
							"post": [0, 0, 25],
							"lerp_mode": "catmullrom"
						},
						"2.375": {
							"post": [0, 0, 17.5],
							"lerp_mode": "catmullrom"
						},
						"2.5417": {
							"post": [4.6653, 16.88547, 23.19284],
							"lerp_mode": "catmullrom"
						},
						"2.6667": {
							"post": [0, 0, 0],
							"lerp_mode": "catmullrom"
						},
						"2.8333": {
							"post": [0, 0, 2.5],
							"lerp_mode": "catmullrom"
						},
						"2.9583": {
							"post": [0, 0, 25],
							"lerp_mode": "catmullrom"
						},
						"3.0417": {
							"post": [0, 0, 17.5],
							"lerp_mode": "catmullrom"
						},
						"3.2083": {
							"post": [0, 0, 25],
							"lerp_mode": "catmullrom"
						},
						"3.2917": {
							"post": [0, 0, 17.5],
							"lerp_mode": "catmullrom"
						},
						"3.4583": {
							"post": [4.6653, 16.88547, 23.19284],
							"lerp_mode": "catmullrom"
						},
						"3.5833": {
							"post": [0, 0, 0],
							"lerp_mode": "catmullrom"
						},
						"3.75": {
							"post": [0, 0, 2.5],
							"lerp_mode": "catmullrom"
						},
						"3.875": {
							"post": [0, 0, 25],
							"lerp_mode": "catmullrom"
						},
						"3.9583": {
							"post": [0, 0, 17.5],
							"lerp_mode": "catmullrom"
						},
						"4.125": {
							"post": [0, 0, 25],
							"lerp_mode": "catmullrom"
						},
						"4.2083": {
							"post": [0, 0, 17.5],
							"lerp_mode": "catmullrom"
						},
						"4.375": {
							"post": [4.6653, 16.88547, 23.19284],
							"lerp_mode": "catmullrom"
						},
						"4.5": {
							"post": [0, 0, 0],
							"lerp_mode": "catmullrom"
						},
						"4.5833": {
							"post": [-0.96353, -0.86921, 30.78555],
							"lerp_mode": "catmullrom"
						},
						"4.6667": {
							"post": [0.02618, -0.72946, -32.68561],
							"lerp_mode": "catmullrom"
						},
						"4.75": {
							"post": [0, 0, 0],
							"lerp_mode": "catmullrom"
						},
						"4.8333": {
							"post": [0, 0, 7.5],
							"lerp_mode": "catmullrom"
						},
						"4.9167": {
							"post": [0, 0, 0],
							"lerp_mode": "catmullrom"
						},
						"5.0833": {
							"post": [0, 0, 40],
							"lerp_mode": "catmullrom"
						},
						"5.2917": {
							"post": [0, 0, 0],
							"lerp_mode": "catmullrom"
						},
						"5.5417": {
							"post": [0, 0, 0],
							"lerp_mode": "catmullrom"
						},
						"5.9167": {
							"post": [0, 0, 0],
							"lerp_mode": "catmullrom"
						}
					},
					"position": {
						"0.0": {
							"post": [0, 0, 0],
							"lerp_mode": "catmullrom"
						},
						"1.0": {
							"post": [0, 0, 0],
							"lerp_mode": "catmullrom"
						},
						"1.75": {
							"post": [0, 0, 0],
							"lerp_mode": "catmullrom"
						},
						"2.6667": {
							"post": [0, 0, 0],
							"lerp_mode": "catmullrom"
						},
						"3.5833": {
							"post": [0, 0, 0],
							"lerp_mode": "catmullrom"
						},
						"4.5": {
							"post": [0, 0, 0],
							"lerp_mode": "catmullrom"
						},
						"4.75": {
							"post": [0, 0, 0],
							"lerp_mode": "catmullrom"
						},
						"5.5417": {
							"post": [0, 0, 0],
							"lerp_mode": "catmullrom"
						},
						"5.9167": {
							"post": [0, 0, 0],
							"lerp_mode": "catmullrom"
						}
					},
					"scale": {
						"0.0": {
							"post": [1, 1, 1],
							"lerp_mode": "catmullrom"
						},
						"1.0": {
							"post": [1, 1, 1],
							"lerp_mode": "catmullrom"
						},
						"1.75": {
							"post": [1, 1, 1],
							"lerp_mode": "catmullrom"
						},
						"2.6667": {
							"post": [1, 1, 1],
							"lerp_mode": "catmullrom"
						},
						"3.5833": {
							"post": [1, 1, 1],
							"lerp_mode": "catmullrom"
						},
						"4.5": {
							"post": [1, 1, 1],
							"lerp_mode": "catmullrom"
						},
						"4.75": {
							"post": [1, 1, 1],
							"lerp_mode": "catmullrom"
						},
						"5.5417": {
							"post": [1, 1, 1],
							"lerp_mode": "catmullrom"
						},
						"5.9167": {
							"post": [1, 1, 1],
							"lerp_mode": "catmullrom"
						}
					}
				},
				"Mecha5": {
					"rotation": {
						"1.0": {
							"pre": [0, 0, 0],
							"post": [0, 0, 0],
							"lerp_mode": "catmullrom"
						},
						"1.0833": {
							"post": [0, 0, -20],
							"lerp_mode": "catmullrom"
						},
						"1.2083": {
							"post": [0, 0, 7.5],
							"lerp_mode": "catmullrom"
						},
						"1.375": {
							"post": [0, 0, -22.5],
							"lerp_mode": "catmullrom"
						},
						"1.4583": {
							"post": [0, 0, 0],
							"lerp_mode": "catmullrom"
						},
						"1.5833": {
							"post": [0, 0, -25],
							"lerp_mode": "catmullrom"
						},
						"1.7083": {
							"post": [0, 0, -7.5],
							"lerp_mode": "catmullrom"
						},
						"1.75": {
							"post": [0, 0, 0],
							"lerp_mode": "catmullrom"
						},
						"1.9583": {
							"post": [0, 0, 7.5],
							"lerp_mode": "catmullrom"
						},
						"2.125": {
							"post": [0, 0, -22.5],
							"lerp_mode": "catmullrom"
						},
						"2.2083": {
							"post": [0, 0, 0],
							"lerp_mode": "catmullrom"
						},
						"2.3333": {
							"post": [0, 0, -25],
							"lerp_mode": "catmullrom"
						},
						"2.4583": {
							"post": [0, 0, -7.5],
							"lerp_mode": "catmullrom"
						},
						"2.5833": {
							"post": [-0.01475, -12.46183, -3.97818],
							"lerp_mode": "catmullrom"
						},
						"2.6667": {
							"post": [0, 0, 0],
							"lerp_mode": "catmullrom"
						},
						"2.875": {
							"post": [0, 0, 7.5],
							"lerp_mode": "catmullrom"
						},
						"3.0417": {
							"post": [0, 0, -22.5],
							"lerp_mode": "catmullrom"
						},
						"3.125": {
							"post": [0, 0, 0],
							"lerp_mode": "catmullrom"
						},
						"3.25": {
							"post": [0, 0, -25],
							"lerp_mode": "catmullrom"
						},
						"3.375": {
							"post": [0, 0, -7.5],
							"lerp_mode": "catmullrom"
						},
						"3.5": {
							"post": [-0.01475, -12.46183, -3.97818],
							"lerp_mode": "catmullrom"
						},
						"3.5833": {
							"post": [0, 0, 0],
							"lerp_mode": "catmullrom"
						},
						"3.7917": {
							"post": [0, 0, 7.5],
							"lerp_mode": "catmullrom"
						},
						"3.9583": {
							"post": [0, 0, -22.5],
							"lerp_mode": "catmullrom"
						},
						"4.0417": {
							"post": [0, 0, 0],
							"lerp_mode": "catmullrom"
						},
						"4.1667": {
							"post": [0, 0, -25],
							"lerp_mode": "catmullrom"
						},
						"4.2917": {
							"post": [0, 0, -7.5],
							"lerp_mode": "catmullrom"
						},
						"4.4167": {
							"post": [-0.01475, -12.46183, -3.97818],
							"lerp_mode": "catmullrom"
						},
						"4.5": {
							"post": [0, 0, 0],
							"lerp_mode": "catmullrom"
						},
						"4.5833": {
							"post": [3.40031, -2.39601, 30.30345],
							"lerp_mode": "catmullrom"
						},
						"4.6667": {
							"post": [-7.03357, 1.13527, -48.45835],
							"lerp_mode": "catmullrom"
						},
						"4.75": {
							"post": [0, 0, 0],
							"lerp_mode": "catmullrom"
						},
						"4.8333": {
							"post": [-27.5, 0, 0],
							"lerp_mode": "catmullrom"
						},
						"4.9167": {
							"post": [-7.5, 0, 0],
							"lerp_mode": "catmullrom"
						},
						"5.0": {
							"post": [0, 0, 0],
							"lerp_mode": "catmullrom"
						},
						"5.9167": {
							"post": [0, 0, 0],
							"lerp_mode": "catmullrom"
						}
					},
					"position": {
						"1.0": {
							"pre": [0, 0, 0],
							"post": [0, 0, 0],
							"lerp_mode": "catmullrom"
						},
						"1.75": {
							"post": [0, 0, 0],
							"lerp_mode": "catmullrom"
						},
						"2.6667": {
							"post": [0, 0, 0],
							"lerp_mode": "catmullrom"
						},
						"3.5833": {
							"post": [0, 0, 0],
							"lerp_mode": "catmullrom"
						},
						"4.5": {
							"post": [0, 0, 0],
							"lerp_mode": "catmullrom"
						},
						"4.75": {
							"post": [0, 0, 0],
							"lerp_mode": "catmullrom"
						},
						"5.0": {
							"post": [0, 0, 0],
							"lerp_mode": "catmullrom"
						},
						"5.9167": {
							"post": [0, 0, 0],
							"lerp_mode": "catmullrom"
						}
					},
					"scale": {
						"1.0": {
							"pre": [1, 1, 1],
							"post": [1, 1, 1],
							"lerp_mode": "catmullrom"
						},
						"1.75": {
							"post": [1, 1, 1],
							"lerp_mode": "catmullrom"
						},
						"2.6667": {
							"post": [1, 1, 1],
							"lerp_mode": "catmullrom"
						},
						"3.5833": {
							"post": [1, 1, 1],
							"lerp_mode": "catmullrom"
						},
						"4.5": {
							"post": [1, 1, 1],
							"lerp_mode": "catmullrom"
						},
						"4.75": {
							"post": [1, 1, 1],
							"lerp_mode": "catmullrom"
						},
						"5.0": {
							"post": [1, 1, 1],
							"lerp_mode": "catmullrom"
						},
						"5.9167": {
							"post": [1, 1, 1],
							"lerp_mode": "catmullrom"
						}
					}
				},
				"Mecha2": {
					"rotation": {
						"1.0": {
							"pre": [0, 0, 0],
							"post": [0, 0, 0],
							"lerp_mode": "catmullrom"
						},
						"1.0833": {
							"post": [0, 0, 15],
							"lerp_mode": "catmullrom"
						},
						"1.2083": {
							"post": [0, 0, 0],
							"lerp_mode": "catmullrom"
						},
						"1.3333": {
							"post": [0, 0, 17.5],
							"lerp_mode": "catmullrom"
						},
						"1.4583": {
							"post": [0, 0, -2.5],
							"lerp_mode": "catmullrom"
						},
						"1.5417": {
							"post": [0, 0, 17.5],
							"lerp_mode": "catmullrom"
						},
						"1.625": {
							"post": [0, 0, -5],
							"lerp_mode": "catmullrom"
						},
						"1.7083": {
							"post": [0, 0, 10],
							"lerp_mode": "catmullrom"
						},
						"1.75": {
							"post": [0, 0, 0],
							"lerp_mode": "catmullrom"
						},
						"1.9583": {
							"post": [0, 0, 0],
							"lerp_mode": "catmullrom"
						},
						"2.0833": {
							"post": [0, 0, 17.5],
							"lerp_mode": "catmullrom"
						},
						"2.2083": {
							"post": [0, 0, -2.5],
							"lerp_mode": "catmullrom"
						},
						"2.2917": {
							"post": [0, 0, 17.5],
							"lerp_mode": "catmullrom"
						},
						"2.375": {
							"post": [0, 0, -5],
							"lerp_mode": "catmullrom"
						},
						"2.4583": {
							"post": [0, 0, 10],
							"lerp_mode": "catmullrom"
						},
						"2.6667": {
							"post": [0, 0, 0],
							"lerp_mode": "catmullrom"
						},
						"2.875": {
							"post": [0, 0, 0],
							"lerp_mode": "catmullrom"
						},
						"3.0": {
							"post": [0, 0, 17.5],
							"lerp_mode": "catmullrom"
						},
						"3.125": {
							"post": [0, 0, -2.5],
							"lerp_mode": "catmullrom"
						},
						"3.2083": {
							"post": [0, 0, 17.5],
							"lerp_mode": "catmullrom"
						},
						"3.2917": {
							"post": [0, 0, -5],
							"lerp_mode": "catmullrom"
						},
						"3.375": {
							"post": [0, 0, 10],
							"lerp_mode": "catmullrom"
						},
						"3.5833": {
							"post": [0, 0, 0],
							"lerp_mode": "catmullrom"
						},
						"3.7917": {
							"post": [0, 0, 0],
							"lerp_mode": "catmullrom"
						},
						"3.9167": {
							"post": [0, 0, 17.5],
							"lerp_mode": "catmullrom"
						},
						"4.0417": {
							"post": [0, 0, -2.5],
							"lerp_mode": "catmullrom"
						},
						"4.125": {
							"post": [0, 0, 17.5],
							"lerp_mode": "catmullrom"
						},
						"4.2083": {
							"post": [0, 0, -5],
							"lerp_mode": "catmullrom"
						},
						"4.2917": {
							"post": [0, 0, 10],
							"lerp_mode": "catmullrom"
						},
						"4.5": {
							"post": [0, 0, 0],
							"lerp_mode": "catmullrom"
						},
						"4.5833": {
							"post": [-15, 0, -0.74074],
							"lerp_mode": "catmullrom"
						},
						"4.6667": {
							"post": [4.0625, 0, -0.41667],
							"lerp_mode": "catmullrom"
						},
						"4.75": {
							"post": [0, 0, 0],
							"lerp_mode": "catmullrom"
						},
						"4.8333": {
							"post": [0, 0, 20],
							"lerp_mode": "catmullrom"
						},
						"4.9167": {
							"post": [0, 0, 0],
							"lerp_mode": "catmullrom"
						},
						"5.0": {
							"post": [0, 0, 0],
							"lerp_mode": "catmullrom"
						},
						"5.9167": {
							"post": [0, 0, 0],
							"lerp_mode": "catmullrom"
						}
					},
					"position": {
						"1.0": {
							"pre": [0, 0, 0],
							"post": [0, 0, 0],
							"lerp_mode": "catmullrom"
						},
						"1.75": {
							"post": [0, 0, 0],
							"lerp_mode": "catmullrom"
						},
						"2.6667": {
							"post": [0, 0, 0],
							"lerp_mode": "catmullrom"
						},
						"3.5833": {
							"post": [0, 0, 0],
							"lerp_mode": "catmullrom"
						},
						"4.5": {
							"post": [0, 0, 0],
							"lerp_mode": "catmullrom"
						},
						"4.75": {
							"post": [0, 0, 0],
							"lerp_mode": "catmullrom"
						},
						"5.0": {
							"post": [0, 0, 0],
							"lerp_mode": "catmullrom"
						},
						"5.9167": {
							"post": [0, 0, 0],
							"lerp_mode": "catmullrom"
						}
					},
					"scale": {
						"1.0": {
							"pre": [1, 1, 1],
							"post": [1, 1, 1],
							"lerp_mode": "catmullrom"
						},
						"1.75": {
							"post": [1, 1, 1],
							"lerp_mode": "catmullrom"
						},
						"2.6667": {
							"post": [1, 1, 1],
							"lerp_mode": "catmullrom"
						},
						"3.5833": {
							"post": [1, 1, 1],
							"lerp_mode": "catmullrom"
						},
						"4.5": {
							"post": [1, 1, 1],
							"lerp_mode": "catmullrom"
						},
						"4.75": {
							"post": [1, 1, 1],
							"lerp_mode": "catmullrom"
						},
						"5.0": {
							"post": [1, 1, 1],
							"lerp_mode": "catmullrom"
						},
						"5.9167": {
							"post": [1, 1, 1],
							"lerp_mode": "catmullrom"
						}
					}
				},
				"Mecha3": {
					"rotation": {
						"1.0": {
							"pre": [0, 0, 0],
							"post": [0, 0, 0],
							"lerp_mode": "catmullrom"
						},
						"1.0833": {
							"post": [0, 0, 20],
							"lerp_mode": "catmullrom"
						},
						"1.2083": {
							"post": [0, 0, -7.5],
							"lerp_mode": "catmullrom"
						},
						"1.3333": {
							"post": [14.63772, 8.68135, 12.90867],
							"lerp_mode": "catmullrom"
						},
						"1.4583": {
							"post": [0.00616, 1.8242, -5.05929],
							"lerp_mode": "catmullrom"
						},
						"1.5833": {
							"post": [14.63772, 8.68135, 12.90867],
							"lerp_mode": "catmullrom"
						},
						"1.6667": {
							"post": [0.36803, 1.80977, -4.99859],
							"lerp_mode": "catmullrom"
						},
						"1.75": {
							"post": [0, 0, 0],
							"lerp_mode": "catmullrom"
						},
						"1.9583": {
							"post": [0, 0, -7.5],
							"lerp_mode": "catmullrom"
						},
						"2.0833": {
							"post": [14.63772, 8.68135, 12.90867],
							"lerp_mode": "catmullrom"
						},
						"2.2083": {
							"post": [0.00616, 1.8242, -5.05929],
							"lerp_mode": "catmullrom"
						},
						"2.3333": {
							"post": [14.63772, 8.68135, 12.90867],
							"lerp_mode": "catmullrom"
						},
						"2.4167": {
							"post": [0.36803, 1.80977, -4.99859],
							"lerp_mode": "catmullrom"
						},
						"2.5417": {
							"post": [-16.67182, 14.24418, 10.16717],
							"lerp_mode": "catmullrom"
						},
						"2.6667": {
							"post": [0, 0, 0],
							"lerp_mode": "catmullrom"
						},
						"2.875": {
							"post": [0, 0, -7.5],
							"lerp_mode": "catmullrom"
						},
						"3.0": {
							"post": [14.63772, 8.68135, 12.90867],
							"lerp_mode": "catmullrom"
						},
						"3.125": {
							"post": [0.00616, 1.8242, -5.05929],
							"lerp_mode": "catmullrom"
						},
						"3.25": {
							"post": [14.63772, 8.68135, 12.90867],
							"lerp_mode": "catmullrom"
						},
						"3.3333": {
							"post": [0.36803, 1.80977, -4.99859],
							"lerp_mode": "catmullrom"
						},
						"3.4583": {
							"post": [-16.67182, 14.24418, 10.16717],
							"lerp_mode": "catmullrom"
						},
						"3.5833": {
							"post": [0, 0, 0],
							"lerp_mode": "catmullrom"
						},
						"3.7917": {
							"post": [0, 0, -7.5],
							"lerp_mode": "catmullrom"
						},
						"3.9167": {
							"post": [14.63772, 8.68135, 12.90867],
							"lerp_mode": "catmullrom"
						},
						"4.0417": {
							"post": [0.00616, 1.8242, -5.05929],
							"lerp_mode": "catmullrom"
						},
						"4.1667": {
							"post": [14.63772, 8.68135, 12.90867],
							"lerp_mode": "catmullrom"
						},
						"4.25": {
							"post": [0.36803, 1.80977, -4.99859],
							"lerp_mode": "catmullrom"
						},
						"4.375": {
							"post": [-16.67182, 14.24418, 10.16717],
							"lerp_mode": "catmullrom"
						},
						"4.5": {
							"post": [0, 0, 0],
							"lerp_mode": "catmullrom"
						},
						"4.625": {
							"post": [36.72342, 9.77889, 42.91254],
							"lerp_mode": "catmullrom"
						},
						"4.75": {
							"post": [0, 0, 0],
							"lerp_mode": "catmullrom"
						},
						"4.8333": {
							"post": [0, 0, 20],
							"lerp_mode": "catmullrom"
						},
						"4.9167": {
							"post": [25, 0, 20],
							"lerp_mode": "catmullrom"
						},
						"5.0": {
							"post": [0, 0, 0],
							"lerp_mode": "catmullrom"
						},
						"5.9167": {
							"post": [0, 0, 0],
							"lerp_mode": "catmullrom"
						}
					},
					"position": {
						"1.0": {
							"pre": [0, 0, 0],
							"post": [0, 0, 0],
							"lerp_mode": "catmullrom"
						},
						"1.75": {
							"post": [0, 0, 0],
							"lerp_mode": "catmullrom"
						},
						"2.6667": {
							"post": [0, 0, 0],
							"lerp_mode": "catmullrom"
						},
						"3.5833": {
							"post": [0, 0, 0],
							"lerp_mode": "catmullrom"
						},
						"4.5": {
							"post": [0, 0, 0],
							"lerp_mode": "catmullrom"
						},
						"4.75": {
							"post": [0, 0, 0],
							"lerp_mode": "catmullrom"
						},
						"5.0": {
							"post": [0, 0, 0],
							"lerp_mode": "catmullrom"
						},
						"5.9167": {
							"post": [0, 0, 0],
							"lerp_mode": "catmullrom"
						}
					},
					"scale": {
						"1.0": {
							"pre": [1, 1, 1],
							"post": [1, 1, 1],
							"lerp_mode": "catmullrom"
						},
						"1.75": {
							"post": [1, 1, 1],
							"lerp_mode": "catmullrom"
						},
						"2.6667": {
							"post": [1, 1, 1],
							"lerp_mode": "catmullrom"
						},
						"3.5833": {
							"post": [1, 1, 1],
							"lerp_mode": "catmullrom"
						},
						"4.5": {
							"post": [1, 1, 1],
							"lerp_mode": "catmullrom"
						},
						"4.75": {
							"post": [1, 1, 1],
							"lerp_mode": "catmullrom"
						},
						"5.0": {
							"post": [1, 1, 1],
							"lerp_mode": "catmullrom"
						},
						"5.9167": {
							"post": [1, 1, 1],
							"lerp_mode": "catmullrom"
						}
					}
				},
				"Mecha4": {
					"rotation": {
						"1.0": {
							"pre": [0, 0, 0],
							"post": [0, 0, 0],
							"lerp_mode": "catmullrom"
						},
						"1.0833": {
							"post": [0, 12.5, 0],
							"lerp_mode": "catmullrom"
						},
						"1.2083": {
							"post": [0, -5, 0],
							"lerp_mode": "catmullrom"
						},
						"1.3333": {
							"post": [0, 17.5, 0],
							"lerp_mode": "catmullrom"
						},
						"1.4583": {
							"post": [0, -15, 0],
							"lerp_mode": "catmullrom"
						},
						"1.5833": {
							"post": [0, 27.5, 0],
							"lerp_mode": "catmullrom"
						},
						"1.7083": {
							"post": [0, 10, 0],
							"lerp_mode": "catmullrom"
						},
						"1.75": {
							"post": [0, 0, 0],
							"lerp_mode": "catmullrom"
						},
						"1.9583": {
							"post": [0, -5, 0],
							"lerp_mode": "catmullrom"
						},
						"2.0833": {
							"post": [0, 17.5, 0],
							"lerp_mode": "catmullrom"
						},
						"2.2083": {
							"post": [0, -15, 0],
							"lerp_mode": "catmullrom"
						},
						"2.3333": {
							"post": [0, 27.5, 0],
							"lerp_mode": "catmullrom"
						},
						"2.4583": {
							"post": [0, 10, 0],
							"lerp_mode": "catmullrom"
						},
						"2.5417": {
							"post": [0, 36, 0],
							"lerp_mode": "catmullrom"
						},
						"2.6667": {
							"post": [0, 0, 0],
							"lerp_mode": "catmullrom"
						},
						"2.875": {
							"post": [0, -5, 0],
							"lerp_mode": "catmullrom"
						},
						"3.0": {
							"post": [0, 17.5, 0],
							"lerp_mode": "catmullrom"
						},
						"3.125": {
							"post": [0, -15, 0],
							"lerp_mode": "catmullrom"
						},
						"3.25": {
							"post": [0, 27.5, 0],
							"lerp_mode": "catmullrom"
						},
						"3.375": {
							"post": [0, 10, 0],
							"lerp_mode": "catmullrom"
						},
						"3.4583": {
							"post": [0, 36, 0],
							"lerp_mode": "catmullrom"
						},
						"3.5833": {
							"post": [0, 0, 0],
							"lerp_mode": "catmullrom"
						},
						"3.7917": {
							"post": [0, -5, 0],
							"lerp_mode": "catmullrom"
						},
						"3.9167": {
							"post": [0, 17.5, 0],
							"lerp_mode": "catmullrom"
						},
						"4.0417": {
							"post": [0, -15, 0],
							"lerp_mode": "catmullrom"
						},
						"4.1667": {
							"post": [0, 27.5, 0],
							"lerp_mode": "catmullrom"
						},
						"4.2917": {
							"post": [0, 10, 0],
							"lerp_mode": "catmullrom"
						},
						"4.375": {
							"post": [0, 36, 0],
							"lerp_mode": "catmullrom"
						},
						"4.5": {
							"post": [0, 0, 0],
							"lerp_mode": "catmullrom"
						},
						"4.625": {
							"post": [-9.41046, -13.29808, 26.89405],
							"lerp_mode": "catmullrom"
						},
						"4.75": {
							"post": [0, 0, 0],
							"lerp_mode": "catmullrom"
						},
						"4.8333": {
							"post": [0, 0, 27.5],
							"lerp_mode": "catmullrom"
						},
						"4.9167": {
							"post": [-14.32343, 3.66442, 10.0949],
							"lerp_mode": "catmullrom"
						},
						"5.0": {
							"post": [0, 0, 0],
							"lerp_mode": "catmullrom"
						},
						"5.9167": {
							"post": [0, 0, 0],
							"lerp_mode": "catmullrom"
						}
					},
					"position": {
						"1.0": {
							"pre": [0, 0, 0],
							"post": [0, 0, 0],
							"lerp_mode": "catmullrom"
						},
						"1.75": {
							"post": [0, 0, 0],
							"lerp_mode": "catmullrom"
						},
						"2.6667": {
							"post": [0, 0, 0],
							"lerp_mode": "catmullrom"
						},
						"3.5833": {
							"post": [0, 0, 0],
							"lerp_mode": "catmullrom"
						},
						"4.5": {
							"post": [0, 0, 0],
							"lerp_mode": "catmullrom"
						},
						"4.75": {
							"post": [0, 0, 0],
							"lerp_mode": "catmullrom"
						},
						"5.0": {
							"post": [0, 0, 0],
							"lerp_mode": "catmullrom"
						},
						"5.9167": {
							"post": [0, 0, 0],
							"lerp_mode": "catmullrom"
						}
					},
					"scale": {
						"1.0": {
							"pre": [1, 1, 1],
							"post": [1, 1, 1],
							"lerp_mode": "catmullrom"
						},
						"1.75": {
							"post": [1, 1, 1],
							"lerp_mode": "catmullrom"
						},
						"2.6667": {
							"post": [1, 1, 1],
							"lerp_mode": "catmullrom"
						},
						"3.5833": {
							"post": [1, 1, 1],
							"lerp_mode": "catmullrom"
						},
						"4.5": {
							"post": [1, 1, 1],
							"lerp_mode": "catmullrom"
						},
						"4.75": {
							"post": [1, 1, 1],
							"lerp_mode": "catmullrom"
						},
						"5.0": {
							"post": [1, 1, 1],
							"lerp_mode": "catmullrom"
						},
						"5.9167": {
							"post": [1, 1, 1],
							"lerp_mode": "catmullrom"
						}
					}
				}
			}
		}
	}
}