{
	"format_version": "1.12.0",
	"minecraft:geometry": [
		{
			"description": {
				"identifier": "geometry.luffy_gear2",
				"texture_width": 64,
				"texture_height": 64,
				"visible_bounds_width": 3,
				"visible_bounds_height": 3.5,
				"visible_bounds_offset": [0, 1.25, 0]
			},
			"bones": [
				{
					"name": "root",
					"pivot": [0, 0, 0],
					"locators": {
						"gearsecond_gatling": [0, 20, 0],
						"gearsecond_gatling2": [0, 16, -20]
					}
				},
				{
					"name": "waist",
					"parent": "root",
					"pivot": [0, 12, 0]
				},
				{
					"name": "body",
					"parent": "waist",
					"pivot": [0, 24, 0],
					"cubes": [
						{
							"origin": [-4, 12, -2],
							"size": [8, 12, 4],
							"uv": {
								"north": {"uv": [20, 20], "uv_size": [8, 12]},
								"east": {"uv": [16, 20], "uv_size": [4, 12]},
								"south": {"uv": [32, 20], "uv_size": [8, 12]},
								"west": {"uv": [28, 20], "uv_size": [4, 12]},
								"up": {"uv": [20, 16], "uv_size": [8, 4]},
								"down": {"uv": [28, 20], "uv_size": [8, -4]}
							}
						},
						{
							"origin": [-4, 12, -2],
							"size": [8, 12, 4],
							"inflate": 0.1,
							"uv": {
								"north": {"uv": [20, 36], "uv_size": [8, 12]},
								"east": {"uv": [16, 36], "uv_size": [4, 12]},
								"south": {"uv": [32, 36], "uv_size": [8, 12]},
								"west": {"uv": [28, 36], "uv_size": [4, 12]},
								"up": {"uv": [20, 32], "uv_size": [8, 4]},
								"down": {"uv": [28, 36], "uv_size": [8, -4]}
							}
						}
					]
				},
				{
					"name": "mugiwara",
					"parent": "body",
					"pivot": [0, 21.5, 3],
					"rotation": [-100, 0, 0],
					"cubes": [
						{
							"origin": [-4, 22, -1],
							"size": [8, 4, 8],
							"uv": {
								"north": {"uv": [8, 56], "uv_size": [8, 4]},
								"east": {"uv": [0, 56], "uv_size": [8, 4]},
								"south": {"uv": [24, 56], "uv_size": [8, 4]},
								"west": {"uv": [16, 56], "uv_size": [8, 4]},
								"up": {"uv": [8, 48], "uv_size": [8, 8]},
								"down": {"uv": [16, 56], "uv_size": [8, -8]}
							}
						},
						{
							"origin": [-8, 13.5, 4],
							"size": [16, 16, 0],
							"inflate": 0.1,
							"pivot": [-1.75, 22.25, 3.5],
							"rotation": [-90, 0, 0],
							"uv": {
								"north": {"uv": [32, 48], "uv_size": [16, 16]},
								"east": {"uv": [32, 48], "uv_size": [0.5, 16]},
								"south": {"uv": [48, 48], "uv_size": [-16, 16]},
								"west": {"uv": [47.5, 48], "uv_size": [0.5, 16]},
								"up": {"uv": [32, 48], "uv_size": [16, 0.5]},
								"down": {"uv": [32, 64], "uv_size": [16, -0.5]}
							}
						}
					]
				},
				{
					"name": "head",
					"parent": "body",
					"pivot": [0, 24, 0],
					"cubes": [
						{
							"origin": [-4, 24, -4],
							"size": [8, 8, 8],
							"inflate": 0.1,
							"uv": {
								"north": {"uv": [40, 8], "uv_size": [8, 8]},
								"east": {"uv": [32, 8], "uv_size": [8, 8]},
								"south": {"uv": [56, 8], "uv_size": [8, 8]},
								"west": {"uv": [48, 8], "uv_size": [8, 8]},
								"up": {"uv": [40, 0], "uv_size": [8, 8]},
								"down": {"uv": [48, 8], "uv_size": [8, -8]}
							}
						},
						{
							"origin": [-4, 24, -4],
							"size": [8, 8, 8],
							"uv": {
								"north": {"uv": [8, 8], "uv_size": [8, 8]},
								"east": {"uv": [0, 8], "uv_size": [8, 8]},
								"south": {"uv": [24, 8], "uv_size": [8, 8]},
								"west": {"uv": [16, 8], "uv_size": [8, 8]},
								"up": {"uv": [8, 0], "uv_size": [8, 8]},
								"down": {"uv": [16, 8], "uv_size": [8, -8]}
							}
						}
					]
				},
				{
					"name": "rightArm",
					"parent": "body",
					"pivot": [-5, 22, 0],
					"cubes": [
						{
							"origin": [-8, 18, -2],
							"size": [4, 6, 4],
							"uv": {
								"north": {"uv": [44, 20], "uv_size": [4, 6]},
								"east": {"uv": [40, 20], "uv_size": [4, 6]},
								"south": {"uv": [52, 20], "uv_size": [4, 6]},
								"west": {"uv": [48, 20], "uv_size": [4, 6]},
								"up": {"uv": [44, 16], "uv_size": [4, 4]},
								"down": {"uv": [48, 20], "uv_size": [4, -4]}
							}
						}
					]
				},
				{
					"name": "rightForeArm",
					"parent": "rightArm",
					"pivot": [-6, 18, 0],
					"cubes": [
						{
							"origin": [-8, 12, -2],
							"size": [4, 6, 4],
							"uv": {
								"north": {"uv": [44, 30], "uv_size": [4, 6]},
								"east": {"uv": [40, 30], "uv_size": [4, 6]},
								"south": {"uv": [52, 30], "uv_size": [4, 6]},
								"west": {"uv": [48, 30], "uv_size": [4, 6]},
								"up": {"uv": [44, 26], "uv_size": [4, 4]},
								"down": {"uv": [48, 30], "uv_size": [4, -4]}
							}
						}
					],
					"locators": {
						"gearsecond_redhawk": [-6, 12, 0]
					}
				},
				{
					"name": "rightGiantPistol",
					"parent": "rightArm",
					"pivot": [-6, 16, 0],
					"cubes": [
						{"origin": [-8, 12, -2], "size": [4, 4, 4], "inflate": 0.25, "uv": [48, 46]}
					],
					"locators": {
						"gearsecond_redroc": [-6, 12, 0]
					}
				},
				{
					"name": "rightGiantPistol2",
					"parent": "rightGiantPistol",
					"pivot": [-6, 16, 0],
					"cubes": [
						{"origin": [-8, 12, -2], "size": [4, 4, 4], "uv": [40, 38]}
					]
				},
				{
					"name": "leftArm",
					"parent": "body",
					"pivot": [5, 22, 0],
					"cubes": [
						{
							"origin": [4, 18, -2],
							"size": [4, 6, 4],
							"uv": {
								"north": {"uv": [48, 20], "uv_size": [-4, 6]},
								"east": {"uv": [52, 20], "uv_size": [-4, 6]},
								"south": {"uv": [56, 20], "uv_size": [-4, 6]},
								"west": {"uv": [44, 20], "uv_size": [-4, 6]},
								"up": {"uv": [48, 16], "uv_size": [-4, 4]},
								"down": {"uv": [52, 20], "uv_size": [-4, -4]}
							}
						}
					]
				},
				{
					"name": "leftForeArm",
					"parent": "leftArm",
					"pivot": [6, 18, 0],
					"cubes": [
						{
							"origin": [4, 12, -2],
							"size": [4, 6, 4],
							"uv": {
								"north": {"uv": [48, 30], "uv_size": [-4, 6]},
								"east": {"uv": [52, 30], "uv_size": [-4, 6]},
								"south": {"uv": [56, 30], "uv_size": [-4, 6]},
								"west": {"uv": [44, 30], "uv_size": [-4, 6]},
								"up": {"uv": [48, 26], "uv_size": [-4, 4]},
								"down": {"uv": [52, 30], "uv_size": [-4, -4]}
							}
						}
					]
				},
				{
					"name": "rightLeg",
					"parent": "root",
					"pivot": [-2, 12, 0],
					"cubes": [
						{
							"origin": [-4, 6, -2],
							"size": [4, 6, 4],
							"uv": {
								"north": {"uv": [4, 20], "uv_size": [4, 6]},
								"east": {"uv": [0, 20], "uv_size": [4, 6]},
								"south": {"uv": [12, 20], "uv_size": [4, 6]},
								"west": {"uv": [8, 20], "uv_size": [4, 6]},
								"up": {"uv": [4, 16], "uv_size": [4, 4]},
								"down": {"uv": [8, 20], "uv_size": [4, -4]}
							}
						},
						{
							"origin": [-4, 5, -2],
							"size": [4, 1, 4],
							"inflate": 0.1,
							"uv": {
								"north": {"uv": [4, 47], "uv_size": [4, 1]},
								"east": {"uv": [0, 47], "uv_size": [4, 1]},
								"south": {"uv": [12, 47], "uv_size": [4, 1]},
								"west": {"uv": [8, 47], "uv_size": [4, 1]},
								"up": {"uv": [4, 43], "uv_size": [4, 4]},
								"down": {"uv": [8, 47], "uv_size": [4, -4]}
							}
						}
					]
				},
				{
					"name": "rightForeLeg",
					"parent": "rightLeg",
					"pivot": [-2, 6, 0],
					"cubes": [
						{
							"origin": [-4, 0, -2],
							"size": [4, 6, 4],
							"uv": {
								"north": {"uv": [4, 30], "uv_size": [4, 6]},
								"east": {"uv": [0, 30], "uv_size": [4, 6]},
								"south": {"uv": [12, 30], "uv_size": [4, 6]},
								"west": {"uv": [8, 30], "uv_size": [4, 6]},
								"up": {"uv": [4, 26], "uv_size": [4, 4]},
								"down": {"uv": [8, 30], "uv_size": [4, -4]}
							}
						}
					]
				},
				{
					"name": "leftLeg",
					"parent": "root",
					"pivot": [2, 12, 0],
					"cubes": [
						{
							"origin": [0, 6, -2],
							"size": [4, 6, 4],
							"uv": {
								"north": {"uv": [8, 20], "uv_size": [-4, 6]},
								"east": {"uv": [12, 20], "uv_size": [-4, 6]},
								"south": {"uv": [16, 20], "uv_size": [-4, 6]},
								"west": {"uv": [4, 20], "uv_size": [-4, 6]},
								"up": {"uv": [8, 16], "uv_size": [-4, 4]},
								"down": {"uv": [12, 20], "uv_size": [-4, -4]}
							}
						},
						{
							"origin": [0, 5, -2],
							"size": [4, 1, 4],
							"inflate": 0.1,
							"uv": {
								"north": {"uv": [8, 47], "uv_size": [-4, 1]},
								"east": {"uv": [12, 47], "uv_size": [-4, 1]},
								"south": {"uv": [16, 47], "uv_size": [-4, 1]},
								"west": {"uv": [4, 47], "uv_size": [-4, 1]},
								"up": {"uv": [8, 43], "uv_size": [-4, 4]},
								"down": {"uv": [12, 47], "uv_size": [-4, -4]}
							}
						}
					]
				},
				{
					"name": "leftForeLeg",
					"parent": "leftLeg",
					"pivot": [2, 6, 0],
					"cubes": [
						{
							"origin": [0, 0, -2],
							"size": [4, 6, 4],
							"uv": {
								"north": {"uv": [8, 30], "uv_size": [-4, 6]},
								"east": {"uv": [12, 30], "uv_size": [-4, 6]},
								"south": {"uv": [16, 30], "uv_size": [-4, 6]},
								"west": {"uv": [4, 30], "uv_size": [-4, 6]},
								"up": {"uv": [8, 26], "uv_size": [-4, 4]},
								"down": {"uv": [12, 30], "uv_size": [-4, -4]}
							}
						}
					]
				}
			]
		}
	]
}