{
  "format_version": "1.16.100",
  "minecraft:item": {
    "description": {
      "identifier": "jedy:kinshiki_w3",
      "category": "jedy"
    },
    "components": {
      "minecraft:creative_category": {
        "parent": "itemGroup.name.sword"
      },
      "minecraft:icon": {
        "texture": "kinshiki_w3"
      },
	  "minecraft:render_offsets": "tools",
	  "minecraft:allow_off_hand": true,
			"minecraft:display_name":  {"value":"§l§dJutsu Otsutsuki: Forma 3 §a+30DMG
§a(Segure para criar uma nova arma)"},
      "minecraft:max_stack_size": 1,
      "minecraft:use_duration": 5000,
      "minecraft:hand_equipped": true,
      "minecraft:durability": {
        "max_durability": 5000
      },
      "minecraft:mining_speed": 1,
      "minecraft:damage": 30,
      "minecraft:enchantable": {
        "value": 30,
        "slot": "sword"
      },
	  "minecraft:cooldown": {
		"category": "slc",
		"duration": 3
      },
	  "minecraft:on_use": {
		"on_use": {
		  "event": "1606"
		}
	  }
    },
    "events": {
	  "1606": {
		"run_command": {
		  "command": [
     "playanimation @p animation.kinshiki_w sleep 1",
   "playsound kinshikiarmajedy @a[x=~,y=~,z=~,r=5]",
   "replaceitem entity @p slot.weapon.mainhand 1 jedy:kinshiki_w4",
        "say §l§dForma 4: Arpão"
        
		  ]
		}
	},
      "minecraft:can_destroy_in_creative": false,
      "minecraft:digger": {
        "use_efficiency": false,
        "destroy_speeds": [
          {
            "block": "minecraft:web",
            "speed": 20
          },
          {
            "block": "minecraft:bamboo",
            "speed": 25
          }
        ]
      },
      "minecraft:weapon": {}
    }
  }
}