{
  "format_version": "1.16.0",
  "minecraft:client_entity": {
    "description": {
      "identifier": "wesl3y:shigaraki",
      "materials": {
        "default": "entity_alphatest"
      },
      "textures": {
        "default": "textures/entity/shigaraki"
      },
      "geometry": {
        "player_model": "geometry.player_model"
      },
      "particle_effects": {
        "jump_cannon": "wesl3y:jump_cannon"
      },
      "scripts": {
        "pre_animation": [
          "variable.tcos0 = (Math.cos(query.modified_distance_moved * 35) * query.modified_move_speed / variable.gliding_speed_value) * 45;",//38.17 //57.3
          "variable.hat_suit = q.is_item_name_any('slot.armor.chest', 0, 'wesl3y:deku_dark_suit');",
          "variable.jacket_suit = q.is_item_name_any('slot.armor.chest', 0, 'wesl3y:all_for_one_suit') || q.is_item_name_any('slot.armor.chest', 0, 'wesl3y:bakugou_suit') || q.is_item_name_any('slot.armor.chest', 0, 'wesl3y:deku_dark_suit') || q.is_item_name_any('slot.armor.chest', 0, 'wesl3y:deku_suit') || q.is_item_name_any('slot.armor.chest', 0, 'wesl3y:endeavor_suit') || q.is_item_name_any('slot.armor.chest', 0, 'wesl3y:hawks_suit') || q.is_item_name_any('slot.armor.chest', 0, 'wesl3y:lemillion_suit') || q.is_item_name_any('slot.armor.chest', 0, 'wesl3y:rule_suit') || q.is_item_name_any('slot.armor.chest', 0, 'wesl3y:shigaraki_suit') || q.is_item_name_any('slot.armor.chest', 0, 'wesl3y:shoto_suit') || q.is_item_name_any('slot.armor.chest', 0, 'wesl3y:tsukuyomi_suit') || q.is_item_name_any('slot.armor.chest', 0, 'wesl3y:uravity_suit');",
          "variable.arms_suit = q.is_item_name_any('slot.armor.chest', 0, 'wesl3y:all_for_one_suit') || q.is_item_name_any('slot.armor.chest', 0, 'wesl3y:bakugou_suit') || q.is_item_name_any('slot.armor.chest', 0, 'wesl3y:deku_dark_suit') || q.is_item_name_any('slot.armor.chest', 0, 'wesl3y:deku_suit') || q.is_item_name_any('slot.armor.chest', 0, 'wesl3y:endeavor_suit') || q.is_item_name_any('slot.armor.chest', 0, 'wesl3y:hawks_suit') || q.is_item_name_any('slot.armor.chest', 0, 'wesl3y:lemillion_suit') || q.is_item_name_any('slot.armor.chest', 0, 'wesl3y:rule_suit') || q.is_item_name_any('slot.armor.chest', 0, 'wesl3y:shigaraki_suit') || q.is_item_name_any('slot.armor.chest', 0, 'wesl3y:shoto_suit') || q.is_item_name_any('slot.armor.chest', 0, 'wesl3y:uravity_suit');",
          "variable.legs_suit = q.is_item_name_any('slot.armor.chest', 0, 'wesl3y:all_for_one_suit') || q.is_item_name_any('slot.armor.chest', 0, 'wesl3y:bakugou_suit') || q.is_item_name_any('slot.armor.chest', 0, 'wesl3y:deku_dark_suit') || q.is_item_name_any('slot.armor.chest', 0, 'wesl3y:deku_suit') || q.is_item_name_any('slot.armor.chest', 0, 'wesl3y:endeavor_suit') || q.is_item_name_any('slot.armor.chest', 0, 'wesl3y:hawks_suit') || q.is_item_name_any('slot.armor.chest', 0, 'wesl3y:lemillion_suit') || q.is_item_name_any('slot.armor.chest', 0, 'wesl3y:rule_suit') || q.is_item_name_any('slot.armor.chest', 0, 'wesl3y:shigaraki_suit') || q.is_item_name_any('slot.armor.chest', 0, 'wesl3y:rule_suit') || q.is_item_name_any('slot.armor.chest', 0, 'wesl3y:uravity_suit');"
        ],
        "animate":[
          {"look_at_target_controller": "q.health != 1"},
          {"move_controller": "q.health != 1"},
          {"riding_controller": "q.health != 1"},
          {"attack_controller": "q.health != 1"},
          {"bob_controller": "q.health != 1"},
          {"defeat": "q.health == 1"}
        ]
      },
      "animations": {
        "defeat": "animation.player.defeat",
        "look_at_target_controller": "controller.animation.humanoid.look_at_target",
        "move_controller": "controller.animation.player.move",
        "riding_controller": "controller.animation.humanoid.riding",
        "attack_controller": "controller.animation.humanoid.attack",
        "bob_controller": "controller.animation.humanoid.bob",
        "look_at_target_default": "animation.humanoid.look_at_target.default",
        "look_at_target_gliding": "animation.humanoid.look_at_target.gliding",
        "look_at_target_swimming": "animation.humanoid.look_at_target.swimming",
        "jump": "animation.player.jump",
        "move.arms": "animation.player.move.arms",
        "move.legs": "animation.player.move.legs",
        "sprint.arms": "animation.player.sprint.arms",
        "sprint.legs": "animation.player.sprint.legs",
        "riding.arms": "animation.humanoid.riding.arms",
        "riding.legs": "animation.humanoid.riding.legs",
        "attack.rotations": "animation.humanoid.attack.rotations",
        "bob": "animation.humanoid.bob"
      },
      "spawn_egg": {
        "texture": "spawn_egg",
        "texture_index": 57
      },
      "render_controllers": [
        "controller.render.player_third_person"
      ],
      "enable_attachables": true
    }
  }
}