{
  "format_version": "1.16.100",
  "minecraft:item": {
    "description": {
      "identifier": "mello:marca_maldicao_item",
      "category": "items"
    },
    "components": {
      "minecraft:icon": {
        "texture": "marca_maldicao"
      },
        "minecraft:display_name": {
        "value": "Marca Da Daldiçao\n§4 200 niveis de xp para evoluir"
      },
      "minecraft:use_duration": 9999,
      "minecraft:max_stack_size": 1,
      "minecraft:hand_equipped": false,
      "minecraft:cooldown": {
        "category": "marca_maldicao",
         "duration": 210
      },    
      "minecraft:food": {
        "can_always_eat": true
       }
    },
    "events": {}
  }
}