{
	"format_version": "1.10.0",
	"particle_effect": {
		"description": {
			"identifier": "stk:bstomp",
			"basic_render_parameters": {
				"material": "particles_blend",
				"texture": "textures/particle/gura"
			}
		},
		"components": {
			"minecraft:emitter_rate_steady": {
				"spawn_rate": 1,
				"max_particles": 100
			},
			"minecraft:emitter_lifetime_once": {
				"active_time": 5
			},
			"minecraft:emitter_shape_point": {
				"offset": [0, 0.1, 0]
			},
			"minecraft:particle_lifetime_expression": {
				"max_lifetime": 1
			},
			"minecraft:particle_initial_speed": 0,
			"minecraft:particle_motion_dynamic": {
				"linear_acceleration": [0, 0.1, 0]
			},
			"minecraft:particle_appearance_billboard": {
				"size": [1.4, 1.4],
				"facing_camera_mode": "emitter_transform_xz",
				"uv": {
					"texture_width": 64,
					"texture_height": 64,
					"uv": [0, 0],
					"uv_size": [64, 64]
				}
			}
		}
	}
}