{
	"format_version": "1.10.0",
	"particle_effect": {
		"description": {
			"identifier": "stk:fexplo",
			"basic_render_parameters": {
				"material": "particles_blend",
				"texture": "textures/particle/particles"
			}
		},
		"components": {
			"minecraft:emitter_rate_instant": {
				"num_particles": 100
			},
			"minecraft:emitter_lifetime_once": {
				"active_time": 1
			},
			"minecraft:emitter_shape_sphere": {
				"radius": 0.1,
				"surface_only": true,
				"direction": "outwards"
			},
			"minecraft:particle_lifetime_expression": {
				"max_lifetime": 1
			},
			"minecraft:particle_initial_spin": {
				"rotation": 1,
				"rotation_rate": 1000
			},
			"minecraft:particle_initial_speed": 10,
			"minecraft:particle_motion_dynamic": {
				"linear_acceleration": [0, 1, 0]
			},
			"minecraft:particle_appearance_billboard": {
				"size": ["1 - (variable.particle_age * 1)", "1 - (variable.particle_age * 1)"],
				"facing_camera_mode": "rotate_xyz",
				"uv": {
					"texture_width": 16,
					"texture_height": 16,
					"uv": [12, 10],
					"uv_size": [1, 1]
				}
			},
			"minecraft:particle_appearance_tinting": {
				"color": {
					"interpolant": "v.particle_age / v.particle_lifetime",
					"gradient": {
						"0.0": "#FFFFE496",
						"0.5": "#FFFFC825",
						"1.0": "#FFFF0E0E"
					}
				}
			}
		}
	}
}