{
	"format_version": "1.10.0",
	"particle_effect": {
		"description": {
			"identifier": "stk:fmochi2",
			"basic_render_parameters": {
				"material": "particles_blend",
				"texture": "textures/particle/particles"
			}
		},
		"components": {
			"minecraft:emitter_rate_instant": {
				"num_particles": 1
			},
			"minecraft:emitter_lifetime_looping": {
				"active_time": 1
			},
			"minecraft:emitter_shape_point": {},
			"minecraft:particle_lifetime_expression": {
				"max_lifetime": 1
			},
			"minecraft:particle_initial_spin": {
				"rotation": 1,
				"rotation_rate": 1000
			},
			"minecraft:particle_initial_speed": 0.3,
			"minecraft:particle_motion_dynamic": {},
			"minecraft:particle_appearance_billboard": {
				"size": [1, 1],
				"facing_camera_mode": "rotate_xyz",
				"uv": {
					"texture_width": 16,
					"texture_height": 16,
					"uv": [11, 10],
					"uv_size": [1, 1]
				}
			},
			"minecraft:particle_appearance_tinting": {
				"color": {
					"interpolant": "v.particle_age / v.particle_lifetime",
					"gradient": {
						"0.0": "#ffffffff",
						"0.4": "#FFFFC200",
						"0.58": "#FFFF7902",
						"1.0": "#FFFF0C00"
					}
				}
			}
		}
	}
}