{
	"format_version": "1.10.0",
	"particle_effect": {
		"description": {
			"identifier": "stk:plosion",
			"basic_render_parameters": {
				"material": "particles_blend",
				"texture": "textures/particle/plosion"
			}
		},
		"components": {
			"minecraft:emitter_rate_instant": {
				"num_particles": 100
			},
			"minecraft:emitter_lifetime_looping": {
				"active_time": 1
			},
			"minecraft:emitter_shape_sphere": {
				"radius": 0.3,
				"surface_only": true,
				"direction": "outwards"
			},
			"minecraft:particle_lifetime_expression": {
				"max_lifetime": 1
			},
			"minecraft:particle_initial_spin": {
				"rotation": 1,
				"rotation_rate": 100
			},
			"minecraft:particle_initial_speed": 3,
			"minecraft:particle_motion_dynamic": {
				"rotation_acceleration": 100
			},
			"minecraft:particle_appearance_billboard": {
				"size": [0.5, 0.5],
				"facing_camera_mode": "rotate_xyz",
				"uv": {
					"texture_width": 64,
					"texture_height": 64,
					"uv": [0, 0],
					"uv_size": [64, 64]
				}
			}
		}
	}
}