{
	"format_version": "1.10.0",
	"particle_effect": {
		"description": {
			"identifier": "stk:ptktornado",
			"basic_render_parameters": {
				"material": "particles_blend",
				"texture": "textures/particle/particles"
			}
		},
		"components": {
			"minecraft:emitter_rate_steady": {
				"spawn_rate": 5,
				"max_particles": 100
			},
			"minecraft:emitter_lifetime_looping": {
				"active_time": 1
			},
			"minecraft:emitter_shape_point": {},
			"minecraft:particle_lifetime_expression": {
				"max_lifetime": 1
			},
			"minecraft:particle_initial_spin": {
				"rotation": 1,
				"rotation_rate": 1000
			},
			"minecraft:particle_initial_speed": 0,
			"minecraft:particle_motion_dynamic": {
				"linear_acceleration": [0, 100, 0]
			},
			"minecraft:particle_appearance_billboard": {
				"size": [10, 10],
				"facing_camera_mode": "emitter_transform_xz",
				"uv": {
					"texture_width": 16,
					"texture_height": 16,
					"uv": [11, 10],
					"uv_size": [1, 1]
				}
			},
			"minecraft:particle_appearance_tinting": {
				"color": {
					"interpolant": "v.particle_age / v.particle_lifetime",
					"gradient": {
						"0.0": "#FF421178",
						"1.0": "#FF6C1C7E"
					}
				}
			}
		}
	}
}