{
	"format_version": "1.10.0",
	"particle_effect": {
		"description": {
			"identifier": "stk:tornadop",
			"basic_render_parameters": {
				"material": "particles_blend",
				"texture": "textures/particle/particles"
			}
		},
		"components": {
			"minecraft:emitter_rate_steady": {
				"spawn_rate": 2,
				"max_particles": 100
			},
			"minecraft:emitter_lifetime_looping": {
				"active_time": 1
			},
			"minecraft:emitter_shape_point": {},
			"minecraft:particle_lifetime_expression": {
				"max_lifetime": 1
			},
			"minecraft:particle_initial_spin": {
				"rotation": 1,
				"rotation_rate": "math.random(700, -700)"
			},
			"minecraft:particle_initial_speed": 0,
			"minecraft:particle_motion_dynamic": {
				"linear_acceleration": [0, 50, 0]
			},
			"minecraft:particle_appearance_billboard": {
				"size": ["5 + ( 10* variable.particle_age)", "5 + ( 10* variable.particle_age)"],
				"facing_camera_mode": "emitter_transform_xz",
				"uv": {
					"texture_width": 16,
					"texture_height": 16,
					"flipbook": {
						"base_UV": [0, 10],
						"size_UV": [1, 1],
						"step_UV": [1, 0],
						"max_frame": 16,
						"stretch_to_lifetime": true
					}
				}
			},
			"minecraft:particle_appearance_tinting": {
				"color": {
					"interpolant": "v.particle_age / v.particle_lifetime",
					"gradient": {
						"0.0": "#FFFFFFFF",
						"0.31": "#FFC2DDFF",
						"0.61": "#FF93A7FF",
						"0.92": "#FFFFFFFF"
					}
				}
			}
		}
	}
}








