{
  "format_version": "1.10.0",
  "particle_effect": {
    "description": {
      "identifier": "wesl3y:dragon_tatsumaki2",
      "basic_render_parameters": {
        "material": "particles_blend",
        "texture": "textures/particle/particles12"
      }
    },
    "components": {
      "minecraft:emitter_rate_steady": {
        "spawn_rate": 20,
        "max_particles": 20
      },        
      "minecraft:emitter_lifetime_looping": {
        "active_time": 0.5
      },
      "minecraft:emitter_shape_point": {
        "offset": ["Math.random( -10, 10 )", "Math.random( -4, 4 )", "Math.random( -10, 10 )"]
      },
      "minecraft:particle_initial_speed": 0.4,
      "minecraft:particle_lifetime_expression": {
        "max_lifetime": "Math.random(0.75, 1.25)"
      },
      "minecraft:particle_motion_dynamic": {},
      "minecraft:particle_appearance_billboard": {
        "size": [ 7, 7 ],
        "facing_camera_mode": "lookat_xyz",
        "uv": {
          "texture_width": 32,
          "texture_height": 32,
          "uv": [0, 0],
          "uv_size": [32, 32]
        }
      },
      "minecraft:particle_appearance_tinting": {
        "color": {
		  "interpolant": "v.particle_age",
		  "gradient": {
			"0.2": "#80D0901A",
			"1.25": "#00D0901A"
		  }
		}
      }
    }
  }
}
