{
  "format_version": "1.10.0",
  "particle_effect": {
    "description": {
      "identifier": "wesl3y:dragon_boro_breath",
      "basic_render_parameters": {
        "material": "particles_add",
        "texture": "textures/particle/particles2"
      }
    },
    "components": {
      "minecraft:emitter_rate_instant": {
        "num_particles": 2
      },        
      "minecraft:emitter_lifetime_once": {
      },
      "minecraft:emitter_shape_point": {
      },
      "minecraft:particle_initial_speed": 0.0,
      "minecraft:particle_lifetime_expression": {
        "max_lifetime": "math.random(0.5, 1.0)"
      },
	  "minecraft:particle_initial_spin": {
		"rotation": "math.random(-360, 0)",
		"rotation_rate": "math.random(-360, 360)"
	  },
      "minecraft:particle_appearance_billboard": {
        "size": ["variable.particle_random_1 * variable.particle_random_2 * 3.5 + 3.5", "variable.particle_random_1 * variable.particle_random_2 * 3.5 + 3.5"],
		"facing_camera_mode": "lookat_xyz",
        "uv": {
          "texture_width": 512,
          "texture_height": 32,
          "flipbook": {
            "base_UV": [0, 0],
            "size_UV": [32, 32],
            "step_UV": [32, 0],
            "frames_per_second": 8,
            "max_frame": 16,
            "stretch_to_lifetime": false,
            "loop": true
          }
        }
      },
      "minecraft:particle_appearance_tinting": {
        "color": {
          "interpolant": "v.particle_age",
          "gradient": {
			"0.0": "#4DFF0D00",
			"0.2": "#38FF2D00",
			"0.4": "#85FF5A00"
		  }
        }
	  }
    }
  }
}