{
  "format_version": "1.20",
  "minecraft:item": {
    "description": {
      "identifier": "wesl3y:bane_fruit",
      "category": "nature"
    },
    "components": {
      "minecraft:max_stack_size": 1,
      "minecraft:icon": {
        "texture": "bane_fruit"
      },
      "minecraft:display_name": {
        "value": "§5Akuma no Mi"
      },
      "minecraft:on_use": {
        "on_use": {
          "event": "wg",
          "target": "self"
        }
      }
    },
    "events": {
      "wg": {
        "run_command": {
          "command": [
            "tellraw @s {\"rawtext\":[{\"text\":\"§cPróxima Versão\nNext Version§f\"}]}"
          ]
        }
	  }
	}
  }
}