{
  "format_version": "1.20",
  "minecraft:item": {
    "description": {
      "identifier": "wesl3y:kilo_fruit",
      "category": "nature"
    },
    "components": {
      "minecraft:use_duration":1,
      "minecraft:use_animation":"eat",
      "minecraft:max_stack_size": 1,
      "minecraft:icon": {
        "texture": "kilo_fruit"
      },
      "minecraft:display_name": {
        "value": "§dAkuma no Mi"
      },
      "minecraft:food":{
        "nutrition": 6,
        "can_always_eat": true,
        "on_consume":{
          "event": "wg"
        }
      },
      "minecraft:render_offsets": {}
    },
    "events": {
      "wg": {
        "run_command": {
          "command": [
            "tellraw @s {\"rawtext\":[{\"text\":\"§cPróxima Versão\nNext Version§f\"}]}"
          ]
        }
	  }
	}
  }
}