{
  "format_version": "1.19.70",
  "minecraft:item": {
    "description": {
      "identifier": "mello:koto_tsuk",
      "category": "items"
    },
    "components": {
      "minecraft:on_use": {
        "on_use": {
          "event": "mello",
          "target": "self"
        }
      },
      "minecraft:icon": {
        "texture": "koto_tsuk"
      },
        "minecraft:display_name": {
        "value": "Kotoamatsukami & Tsukuyomi"
      },
      "minecraft:max_stack_size": 1,
      "minecraft:hand_equipped": false,
      "minecraft:cooldown": {
        "category": "koto_tsuk",
         "duration": 5
      },    
      "minecraft:food": {
        "can_always_eat": true
       }
    },
    "events": {
      "mello": {
            "run_command": {
              "command": [
                "replaceitem entity @s slot.weapon.mainhand 0 mello:kotoamatsukami 1 0 {\"item_lock\":{\"mode\":\"lock_in_inventory\"},\"keep_on_death\":{}}",
                "give @s mello:tsukuyomi 1 0 {\"item_lock\":{\"mode\":\"lock_in_inventory\"},\"keep_on_death\":{}}",
                "clear @s mello:koto_amat",
                "clear @s mello:amat_tsuk"
          ]
        }      
      }
    }
	}
}
