{
  "format_version": "1.19.70",
  "minecraft:item": {
    "description": {
      "identifier": "mello:tsukuyomi",
      "category": "items"
    },
    "components": {
      "minecraft:on_use": {
        "on_use": {
          "event": "mello",
          "target": "self"
        }
      },
      "minecraft:icon": {
        "texture": "tsukuyomi"
      },
        "minecraft:display_name": {
        "value": "Tsukuyomi"
      },
      "minecraft:use_duration": 9999,
      "minecraft:max_stack_size": 1,
      "minecraft:hand_equipped": false,
      "minecraft:cooldown": {
        "category": "tsukuyomi",
         "duration": 50
      },    
      "minecraft:food": {
        "can_always_eat": true
       }
    },
    "events": {
      "mello": {
            "run_command": {
              "command": [
                "execute positioned ^^^10.5 run effect @e[r=10,type=!item] blindness 10 255 true",
                "execute positioned ^^^10.5 run effect @e[r=10,type=!item] slowness 5 255 true",
                "effect @s darkness 5 255 true"
          ]
        }      
      }
    }
	}
}
