{
  "format_version": "1.10.0",
  "minecraft:client_entity": {
    "description": { "identifier": "stk:dragonstrike",
      "materials": {
        "default": "elytra"
      },
      "textures": {
        "entei": "textures/entity/dragonstrike"
      },
      "geometry": {
        "entei": "geometry.dragonstrike"
      },
      "animations": {
        "move": "animation.dragonstrike.dragon_strike"
      },
      "scripts": {
        "animate": [
          "move"
        ]
      },
      "render_controllers": [ "controller.render.entei",
      "controller.render.entei"]
    }
  }
}















