{
  "format_version": "1.10.0",
  "minecraft:client_entity": {
    "description": { "identifier": "stk:saitamarocks",
      "materials": {
        "default": "elytra"
      },
      "textures": {
        "default": "textures/opm/saitamarocks"
      },
      "geometry": {
        "default": "geometry.saitamarocks"
      },
      "animations": {
        "move": "animation.saitama.ult"
      },
      "scripts": {
        "animate": [
          "move"
        ]
      },
      "render_controllers": [ "controller.render.base",
      "controller.render.base"]
    }
  }
}

















