{
  "format_version": "1.8.0",
  "render_controllers": {
    "controller.render.haki": {
      "geometry": "Geometry.haki",
      "materials": [
        {
          "*": "Material.default"
        }
      ],
      "textures": [
        "Texture.haki"
      ],
      "part_visibility": [
          { "*": true },
          { "rightArm": "query.property('property:zangiri') != 1" }
      ]
    },
    "controller.render.haki_": {
      "geometry": "geometry.haki_",
      "materials": [
        {
          "*": "material.haki"
        }
      ],
      "textures": [
        "texture.haki"
      ],
      "part_visibility": [
          { "*": true },
          { "rightArm": "query.property('property:zangiri') != 1" }
      ],
      "overlay_color": {
        "a": 1,
        "r": "(query.property('property:haki_r') / 255)",
        "g": "(query.property('property:haki_g') / 255)",
        "b": "(query.property('property:haki_b') / 255)"
      }
    }
  }
}