{
  "format_version": "1.8.0",
  "render_controllers": {
    "controller.render.zangiri": {
      "geometry": "Geometry.zangiri",
      "materials": [
        {
          "*": "Material.default"
        }
      ],
      "textures": [
        "Texture.zangiri"
      ],
      "part_visibility": [
        {
          "*": true
        },
        {
          "Vento": true
        },
        {
          "Vento2": true
        },
        {
          "Haki": "query.property('property:haki') == 1"
        },
        {
          "Espinho": "query.property('property:haki') == 1"
        },
        {
          "Espinho1": "query.property('property:haki') == 1"
        },
        {
          "Espinho2": "query.property('property:haki') == 1"
        },
        {
          "Espinho3": "query.property('property:haki') == 1"
        },
        {
          "Espinho4": "query.property('property:haki') == 1"
        },
        {
          "Espinho5": "query.property('property:haki') == 1"
        },
        {
          "Espinho6": "query.property('property:haki') == 1"
        },
        {
          "Espinho7": "query.property('property:haki') == 1"
        },
        {
          "Espinho8": "query.property('property:haki') == 1"
        },
        {
          "Espinho9": "query.property('property:haki') == 1"
        },
        {
          "Espinho10": "query.property('property:haki') == 1"
        },
        {
          "Espinho11": "query.property('property:haki') == 1"
        },
        {
          "Espinho12": "query.property('property:haki') == 1"
        },
        {
          "Espinho13": "query.property('property:haki') == 1"
        },
        {
          "Espinho14": "query.property('property:haki') == 1"
        },
        {
          "Espinho15": "query.property('property:haki') == 1"
        },
        {
          "Espinho16": "query.property('property:haki') == 1"
        },
        {
          "Espinho17": "query.property('property:haki') == 1"
        },
        {
          "Espinho18": "query.property('property:haki') == 1"
        },
        {
          "Espinho19": "query.property('property:haki') == 1"
        },
        {
          "Espinho20": "query.property('property:haki') == 1"
        },
        {
          "Espinho21": "query.property('property:haki') == 1"
        },
        {
          "Espinho22": "query.property('property:haki') == 1"
        },
        {
          "Espinho23": "query.property('property:haki') == 1"
        },
        {
          "Espinho24": "query.property('property:haki') == 1"
        },
        {
          "Espinho25": "query.property('property:haki') == 1"
        },
        {
          "Espinho26": "query.property('property:haki') == 1"
        },
        {
          "Espinho27": "query.property('property:haki') == 1"
        },
        {
          "Espinho28": "query.property('property:haki') == 1"
        },
        {
          "Espinho29": "query.property('property:haki') == 1"
        },
        {
          "Espinho30": "query.property('property:haki') == 1"
        },
        {
          "Espinho31": "query.property('property:haki') == 1"
        },
        {
          "Espinho32": "query.property('property:haki') == 1"
        }
      ]
    },
    "controller.render.zangiri_outline": {
      "geometry": "geometry.zangiri_outline",
      "materials": [
        {
          "*": "material.haki"
        }
      ],
      "textures": [
        "texture.zangiri"
      ],
      "part_visibility": [
        {
          "*": true
        },
        {
          "Vento": true
        },
        {
          "Vento2": true
        },
        {
          "Haki": "query.property('property:haki') == 1"
        },
        {
          "Espinho": "query.property('property:haki') == 1"
        },
        {
          "Espinho1": "query.property('property:haki') == 1"
        },
        {
          "Espinho2": "query.property('property:haki') == 1"
        },
        {
          "Espinho3": "query.property('property:haki') == 1"
        },
        {
          "Espinho4": "query.property('property:haki') == 1"
        },
        {
          "Espinho5": "query.property('property:haki') == 1"
        },
        {
          "Espinho6": "query.property('property:haki') == 1"
        },
        {
          "Espinho7": "query.property('property:haki') == 1"
        },
        {
          "Espinho8": "query.property('property:haki') == 1"
        },
        {
          "Espinho9": "query.property('property:haki') == 1"
        },
        {
          "Espinho10": "query.property('property:haki') == 1"
        },
        {
          "Espinho11": "query.property('property:haki') == 1"
        },
        {
          "Espinho12": "query.property('property:haki') == 1"
        },
        {
          "Espinho13": "query.property('property:haki') == 1"
        },
        {
          "Espinho14": "query.property('property:haki') == 1"
        },
        {
          "Espinho15": "query.property('property:haki') == 1"
        },
        {
          "Espinho16": "query.property('property:haki') == 1"
        },
        {
          "Espinho17": "query.property('property:haki') == 1"
        },
        {
          "Espinho18": "query.property('property:haki') == 1"
        },
        {
          "Espinho19": "query.property('property:haki') == 1"
        },
        {
          "Espinho20": "query.property('property:haki') == 1"
        },
        {
          "Espinho21": "query.property('property:haki') == 1"
        },
        {
          "Espinho22": "query.property('property:haki') == 1"
        },
        {
          "Espinho23": "query.property('property:haki') == 1"
        },
        {
          "Espinho24": "query.property('property:haki') == 1"
        },
        {
          "Espinho25": "query.property('property:haki') == 1"
        },
        {
          "Espinho26": "query.property('property:haki') == 1"
        },
        {
          "Espinho27": "query.property('property:haki') == 1"
        },
        {
          "Espinho28": "query.property('property:haki') == 1"
        },
        {
          "Espinho29": "query.property('property:haki') == 1"
        },
        {
          "Espinho30": "query.property('property:haki') == 1"
        },
        {
          "Espinho31": "query.property('property:haki') == 1"
        },
        {
          "Espinho32": "query.property('property:haki') == 1"
        }
      ],
      "overlay_color": {
        "a": 1,
        "r": "(query.property('property:haki_r') / 255)",
        "g": "(query.property('property:haki_g') / 255)",
        "b": "(query.property('property:haki_b') / 255)"
      }
    },
    "controller.render.mirror_mochi": {
      "geometry": "Geometry.mirror_mochi",
      "materials": [
        {
          "*": "Material.default"
        }
      ],
      "textures": [
        "Texture.mirror_mochi"
      ]
    },
    "controller.render.donut_spikes": {
      "geometry": "Geometry.donut_spikes",
      "materials": [
        {
          "*": "Material.default"
        }
      ],
      "textures": [
        "Texture.donut_spikes"
      ]
    },
    "controller.render.donut_spikes_outline": {
      "geometry": "geometry.donut_spikes_outline",
      "materials": [
        {
          "*": "material.haki"
        }
      ],
      "textures": [
        "texture.donut_spikes"
      ],
      "overlay_color": {
        "a": 1,
        "r": "(query.property('property:haki_r') / 255)",
        "g": "(query.property('property:haki_g') / 255)",
        "b": "(query.property('property:haki_b') / 255)"
      }
    },
    "controller.render.mochiclick": {
      "geometry": "Geometry.mochiclick",
      "materials": [
        {
          "*": "Material.default"
        }
      ],
      "part_visibility": [
        {
          "haki": "query.property('property:haki') == 1"
        },
        {
          "haki2": "query.property('property:haki') == 1"
        },
        {
          "arm2": true
        }
      ],
      "textures": [
        "Texture.mochiclick"
      ]
    },
    "controller.render.mochiclick_outline": {
      "geometry": "geometry.mochiclick_outline",
      "materials": [
        {
          "*": "material.haki"
        }
      ],
      "textures": [
        "texture.mochiclick"
      ],
      "part_visibility": [
        {
          "*": "query.property('property:haki') == 1"
        },
        {
          "haki2": "query.property('property:haki') == 1"
        },
        {
          "arm2": true
        }
      ],
      "overlay_color": {
        "a": 1,
        "r": "(query.property('property:haki_r') / 255)",
        "g": "(query.property('property:haki_g') / 255)",
        "b": "(query.property('property:haki_b') / 255)"
      }
    }
  }
}