{
  "format_version": "1.10.0",
  "particle_effect": {
    "description": {
      "identifier": "wesl3y:thunder",
      "basic_render_parameters": {
        "material": "particles_add",
        "texture": "textures/particle/thunder"
      }
    },
    "components": {
      "minecraft:emitter_rate_instant": {
        "num_particles": "math.random(2, 5)"
      },
      "minecraft:emitter_lifetime_once": {},
      "minecraft:emitter_shape_custom": {
        "offset": [ "Math.random(-1, 1)", "Math.random(-1, 1)", "Math.random(-1, 1)" ]
      },
      "minecraft:particle_initial_speed": 0.0,
      "minecraft:particle_lifetime_expression": {
        "max_lifetime": "Math.random(0.3, 0.5)"
      },
      "minecraft:particle_appearance_billboard": {
        "size": [ 0.35, 0.35 ],
        "facing_camera_mode": "lookat_xyz",
        "uv": {
          "texture_width": 384,
          "texture_height": 64,
          "flipbook": {
            "base_UV": [0, 0],
            "size_UV": [64, 64],
            "step_UV": [64, 0],
			"frames_per_second": 5,
			"max_frame": 10,
			"loop": true
          }
        }
      }
    }
  }
}