{
  "format_version": "1.10.0",
  "particle_effect": {
    "description": {
      "identifier": "wesl3y:eren_bayblade",
      "basic_render_parameters": {
        "material": "particles_blend",
        "texture": "textures/particle/particles9"
      }
    },
    "components": {
      "minecraft:emitter_rate_steady": {
        "spawn_rate": 6,
        "max_particles": 9
      },
      "minecraft:emitter_lifetime_once": {
        "active_time": 0.5
      },
      "minecraft:emitter_shape_point": {},
      "minecraft:particle_lifetime_expression": {
        "max_lifetime": "math.random(0.75, 1.0)"
      },
      "minecraft:particle_initial_spin": {
        "rotation_rate": "math.random(-180, 180)"
      },
      "minecraft:particle_initial_speed": 0.1,
      "minecraft:particle_motion_dynamic": {},
      "minecraft:particle_appearance_billboard": {
        "size": ["1.5 + (variable.particle_age * 5)", "1.5 + (variable.particle_age * 5)"],
		"facing_camera_mode": "direction_y",
        "uv": {
          "texture_width": 64,
          "texture_height": 64,
          "uv": [ 0, 0 ],
          "uv_size": [ 64, 64 ]
        }
      },
      "minecraft:particle_appearance_tinting": {
        "color": {
          "interpolant": "v.particle_age",
          "gradient": {
            "0.2": "#EDFFFFFF",
            "1.0": "#00FFFFFF"
          }
        }
	  }
    }
  }
}