{
	"format_version": "1.10.0",
	"particle_effect": {
		"description": {
			"identifier": "stk:aup2",
			"basic_render_parameters": {
				"material": "particles_blend",
				"texture": "textures/particle/point"
			}
		},
		"components": {
			"minecraft:emitter_rate_steady": {
				"spawn_rate": 10,
				"max_particles": 100
			},
			"minecraft:emitter_lifetime_looping": {
				"active_time": 4
			},
			"minecraft:emitter_shape_disc": {
				"radius": 10,
				"direction": "outwards"
			},
			"minecraft:particle_lifetime_expression": {
				"max_lifetime": 1
			},
			"minecraft:particle_initial_spin": {
				"rotation": "math.random(-360,360)"
			},
			"minecraft:particle_initial_speed": 0.1,
			"minecraft:particle_motion_dynamic": {
				"linear_acceleration": [0, 200, 0]
			},
			"minecraft:particle_appearance_billboard": {
				"size": ["0.2+0.4*v.particle_age", "0.2+0.4*v.particle_age"],
				"facing_camera_mode": "lookat_y",
				"uv": {
					"texture_width": 50,
					"texture_height": 50,
					"uv": [0, 0],
					"uv_size": [50, 50]
				}
			},
			"minecraft:particle_appearance_tinting": {
				"color": {
					"interpolant": "v.particle_age / v.particle_lifetime",
					"gradient": {
						"0.0": "#ffffffff",
						"0.26": "#FF01A7FF",
						"1.0": "#0001CCFF"
					}
				}
			}
		}
	}
}