{
	"format_version": "1.10.0",
	"particle_effect": {
		"description": {
			"identifier": "stk:aura",
			"basic_render_parameters": {
				"material": "particles_add",
				"texture": "textures/particle/aura"
			}
		},
		"components": {
			"minecraft:emitter_local_space": {
				"position": true,
				"rotation": true
			},
			"minecraft:emitter_rate_instant": {
				"num_particles": 1
			},
			"minecraft:emitter_lifetime_once": {
				"active_time": 1
			},
			"minecraft:emitter_lifetime_events": {
				"creation_event": ["event1", "event2", "event4"]
			},
			"minecraft:emitter_shape_point": {
				"offset": [0, 3, 0]
			},
			"minecraft:particle_lifetime_expression": {
				"max_lifetime": 1
			},
			"minecraft:particle_initial_speed": 0.01,
			"minecraft:particle_motion_dynamic": {},
			"minecraft:particle_appearance_billboard": {
				"size": [4, 4],
				"facing_camera_mode": "lookat_y",
				"uv": {
					"texture_width": 300,
					"texture_height": 100,
					"flipbook": {
						"base_UV": [0, 0],
						"size_UV": [100, 100],
						"step_UV": [100, 0],
						"frames_per_second": 22,
						"max_frame": 3,
						"loop": true
					}
				}
			},
			"minecraft:particle_appearance_tinting": {
				"color": {
					"interpolant": "v.particle_age / v.particle_lifetime",
					"gradient": {
						"0.65": "#ffffffff",
						"0.8": "#00FFFFFF"
					}
				}
			}
		}
	}
}