{
	"format_version": "1.10.0",
	"particle_effect": {
		"description": {
			"identifier": "stk:aura4",
			"basic_render_parameters": {
				"material": "particles_add",
				"texture": "textures/particle/ind"
			}
		},
		"components": {
			"minecraft:emitter_rate_instant": {
				"num_particles": 1
			},
			"minecraft:emitter_lifetime_once": {
				"active_time": 1
			},
			"minecraft:emitter_shape_point": {},
			"minecraft:particle_lifetime_expression": {
				"max_lifetime": 1
			},
			"minecraft:particle_initial_spin": {
				"rotation": "math.random(-360,360)",
				"rotation_rate": 100
			},
			"minecraft:particle_initial_speed": 0.1,
			"minecraft:particle_motion_dynamic": {},
			"minecraft:particle_appearance_billboard": {
				"size": ["2+10*v.particle_age", "2+10*v.particle_age"],
				"facing_camera_mode": "direction_y",
				"uv": {
					"texture_width": 512,
					"texture_height": 512,
					"uv": [0, 0],
					"uv_size": [512, 512]
				}
			},
			"minecraft:particle_appearance_tinting": {
				"color": {
					"interpolant": "v.particle_age / v.particle_lifetime",
					"gradient": {
						"0.5": "#3BFFFFFF",
						"1.0": "#00FFFFFF"
					}
				}
			}
		}
	}
}