{
	"format_version": "1.10.0",
	"particle_effect": {
		"description": {
			"identifier": "stk:bcharges2",
			"basic_render_parameters": {
				"material": "particles_add",
				"texture": "textures/particle/brilho"
			}
		},
		"components": {
			"minecraft:emitter_local_space": {
				"position": true,
				"rotation": true
			},
			"minecraft:emitter_rate_instant": {
				"num_particles": 10
			},
			"minecraft:emitter_lifetime_once": {
				"active_time": 3
			},
			"minecraft:emitter_shape_point": {},
			"minecraft:particle_lifetime_expression": {
				"max_lifetime": 3
			},
			"minecraft:particle_initial_spin": {
				"rotation": "math.random(-360,360)",
				"rotation_rate": -10
			},
			"minecraft:particle_initial_speed": 0.1,
			"minecraft:particle_motion_dynamic": {},
			"minecraft:particle_appearance_billboard": {
				"size": [5, 5],
				"facing_camera_mode": "direction_z",
				"uv": {
					"texture_width": 512,
					"texture_height": 512,
					"uv": [0, 0],
					"uv_size": [512, 512]
				}
			},
			"minecraft:particle_appearance_tinting": {
				"color": {
					"interpolant": "v.particle_age / v.particle_lifetime",
					"gradient": {
						"0.0": "#0001E4FF",
						"0.31": "#FF0DC0FF",
						"0.83": "#FF01B0FF",
						"1.0": "#0001BBFF"
					}
				}
			}
		}
	}
}