{
	"format_version": "1.10.0",
	"particle_effect": {
		"description": {
			"identifier": "stk:bexplo2",
			"basic_render_parameters": {
				"material": "particles_add",
				"texture": "textures/particle/fire"
			}
		},
		"components": {
			"minecraft:emitter_local_space": {
				"position": true,
				"rotation": true
			},
			"minecraft:emitter_rate_steady": {
				"spawn_rate": 100,
				"max_particles": 100
			},
			"minecraft:emitter_lifetime_once": {
				"active_time": 4
			},
			"minecraft:emitter_shape_sphere": {
				"radius": 1,
				"direction": "outwards"
			},
			"minecraft:particle_lifetime_expression": {
				"max_lifetime": 1
			},
			"minecraft:particle_initial_speed": 20,
			"minecraft:particle_motion_dynamic": {},
			"minecraft:particle_appearance_billboard": {
				"size": ["0.2+10*v.particle_random_2", "0.2+10*v.particle_random_2"],
				"facing_camera_mode": "direction_z",
				"uv": {
					"texture_width": 5376,
					"texture_height": 336,
					"flipbook": {
						"base_UV": [0, 0],
						"size_UV": [336, 336],
						"step_UV": [336, 0],
						"max_frame": 16,
						"stretch_to_lifetime": true
					}
				}
			},
			"minecraft:particle_appearance_tinting": {
				"color": {
					"interpolant": "v.particle_age / v.particle_lifetime",
					"gradient": {
						"0.0": "#FFFFF601",
						"0.2": "#FF01CDFF",
						"0.5": "#FFFFD204",
						"0.76": "#FF0171FF",
						"1.0": "#00FFFFFF"
					}
				}
			}
		}
	}
}