{
	"format_version": "1.10.0",
	"particle_effect": {
		"description": {
			"identifier": "stk:bexplo3",
			"basic_render_parameters": {
				"material": "particles_add",
				"texture": "textures/particle/aura2"
			}
		},
		"components": {
			"minecraft:emitter_local_space": {
				"position": true,
				"rotation": true
			},
			"minecraft:emitter_rate_steady": {
				"spawn_rate": 100,
				"max_particles": 100
			},
			"minecraft:emitter_lifetime_once": {
				"active_time": 4
			},
			"minecraft:emitter_shape_sphere": {
				"radius": 1,
				"direction": "outwards"
			},
			"minecraft:particle_lifetime_expression": {
				"max_lifetime": 1
			},
			"minecraft:particle_initial_speed": 20,
			"minecraft:particle_motion_dynamic": {
				"linear_acceleration": [0, 100, 0]
			},
			"minecraft:particle_appearance_billboard": {
				"size": ["0.2+1*v.particle_random_2", "0.2+10*v.particle_random_2"],
				"facing_camera_mode": "direction_y",
				"uv": {
					"texture_width": 512,
					"texture_height": 512,
					"uv": [0, 0],
					"uv_size": [512, 512]
				}
			},
			"minecraft:particle_appearance_tinting": {
				"color": {
					"interpolant": "v.particle_age / v.particle_lifetime",
					"gradient": {
						"0.0": "#FFFFF601",
						"0.2": "#FFF5FFAB",
						"0.5": "#FFFFD204",
						"0.76": "#FFFFFBD9",
						"1.0": "#00FFFFFF"
					}
				}
			}
		}
	}
}