{
	"format_version": "1.10.0",
	"particle_effect": {
		"description": {
			"identifier": "stk:bflash",
			"basic_render_parameters": {
				"material": "particles_blend",
				"texture": "textures/particle/bflash"
			}
		},
		"components": {
			"minecraft:emitter_local_space": {
				"position": true,
				"rotation": true
			},
			"minecraft:emitter_rate_instant": {
				"num_particles": 10
			},
			"minecraft:emitter_lifetime_once": {
				"active_time": 6
			},
			"minecraft:emitter_shape_sphere": {
				"radius": 1,
				"direction": "outwards"
			},
			"minecraft:particle_lifetime_expression": {
				"max_lifetime": 6
			},
			"minecraft:particle_initial_spin": {
				"rotation": "math.random(-360,360)"
			},
			"minecraft:particle_initial_speed": 1,
			"minecraft:particle_motion_dynamic": {},
			"minecraft:particle_appearance_billboard": {
				"size": ["0.2+4", "0.2+4"],
				"facing_camera_mode": "direction_z",
				"uv": {
					"texture_width": 4368,
					"texture_height": 336,
					"flipbook": {
						"base_UV": [0, 0],
						"size_UV": [336, 336],
						"step_UV": [336, 0],
						"frames_per_second": 22,
						"max_frame": 14,
						"loop": true
					}
				}
			},
			"minecraft:particle_appearance_tinting": {
				"color": {
					"interpolant": "v.particle_age / v.particle_lifetime",
					"gradient": {
						"0.76": "#ffffffff",
						"0.94": "#00FFFFFF"
					}
				}
			}
		}
	}
}