{
	"format_version": "1.10.0",
	"particle_effect": {
		"description": {
			"identifier": "stk:bflash4",
			"basic_render_parameters": {
				"material": "particles_blend",
				"texture": "textures/particle/bglint"
			}
		},
		"components": {
			"minecraft:emitter_local_space": {
				"position": true,
				"rotation": true
			},
			"minecraft:emitter_rate_instant": {
				"num_particles": 20
			},
			"minecraft:emitter_lifetime_once": {
				"active_time": 7
			},
			"minecraft:emitter_shape_sphere": {
				"radius": 5,
				"direction": "outwards"
			},
			"minecraft:particle_lifetime_expression": {
				"max_lifetime": 7
			},
			"minecraft:particle_initial_spin": {
				"rotation": "math.random(-360,360)",
				"rotation_rate": "math.round(-20,20)"
			},
			"minecraft:particle_initial_speed": 0.1,
			"minecraft:particle_motion_dynamic": {},
			"minecraft:particle_appearance_billboard": {
				"size": ["(0.1+0.3*v.particle_random_2)-0.01*v.particle_age", "(0.1+0.3*v.particle_random_2)-0.01*v.particle_age"],
				"facing_camera_mode": "lookat_xyz",
				"uv": {
					"texture_width": 400,
					"texture_height": 100,
					"flipbook": {
						"base_UV": [0, 0],
						"size_UV": [100, 100],
						"step_UV": [100, 0],
						"max_frame": 4,
						"stretch_to_lifetime": true
					}
				}
			},
			"minecraft:particle_appearance_tinting": {
				"color": {
					"interpolant": "v.particle_age / v.particle_lifetime",
					"gradient": {
						"0.0": "#69E50101",
						"0.76": "#5EFF0D0D",
						"0.94": "#00000000"
					}
				}
			}
		}
	}
}