{
	"format_version": "1.10.0",
	"particle_effect": {
		"description": {
			"identifier": "stk:bflash3",
			"basic_render_parameters": {
				"material": "particles_blend",
				"texture": "textures/particle/cenergy"
			}
		},
		"components": {
			"minecraft:emitter_local_space": {
				"position": true,
				"rotation": true
			},
			"minecraft:emitter_rate_instant": {
				"num_particles": 5
			},
			"minecraft:emitter_lifetime_once": {
				"active_time": 1
			},
			"minecraft:emitter_shape_point": {},
			"minecraft:particle_lifetime_expression": {
				"max_lifetime": 1
			},
			"minecraft:particle_initial_spin": {
				"rotation": "math.random(-360,360)",
				"rotation_rate": "math.round(-20,20)"
			},
			"minecraft:particle_initial_speed": 1,
			"minecraft:particle_motion_dynamic": {},
			"minecraft:particle_appearance_billboard": {
				"size": ["(0.2+4*v.particle_random_2)+1*v.particle_age", "(0.2+4*v.particle_random_2)+1*v.particle_age"],
				"facing_camera_mode": "direction_z",
				"uv": {
					"texture_width": 5376,
					"texture_height": 336,
					"flipbook": {
						"base_UV": [0, 0],
						"size_UV": [336, 336],
						"step_UV": [336, 0],
						"frames_per_second": 22,
						"max_frame": 16,
						"stretch_to_lifetime": true
					}
				}
			},
			"minecraft:particle_appearance_tinting": {
				"color": {
					"interpolant": "v.particle_age / v.particle_lifetime",
					"gradient": {
						"0.0": "#69E50101",
						"0.76": "#5EFF0D0D",
						"0.94": "#00000000"
					}
				}
			}
		}
	}
}