{
	"format_version": "1.10.0",
	"particle_effect": {
		"description": {
			"identifier": "stk:blackflash3",
			"basic_render_parameters": {
				"material": "particles_blend",
				"texture": "textures/particle/swirl"
			}
		},
		"components": {
			"minecraft:emitter_rate_instant": {
				"num_particles": 3
			},
			"minecraft:emitter_lifetime_once": {
				"active_time": 3
			},
			"minecraft:emitter_shape_point": {},
			"minecraft:particle_lifetime_expression": {
				"max_lifetime": 3
			},
			"minecraft:particle_initial_spin": {
				"rotation": "math.random(-360,360)",
				"rotation_rate": "math.random(-360,360)"
			},
			"minecraft:particle_initial_speed": 0,
			"minecraft:particle_motion_dynamic": {},
			"minecraft:particle_appearance_billboard": {
				"size": ["2+4*v.particle_age", "2+4*v.particle_age"],
				"facing_camera_mode": "rotate_xyz",
				"uv": {
					"texture_width": 100,
					"texture_height": 100,
					"uv": [0, 0],
					"uv_size": [100, 100]
				}
			},
			"minecraft:particle_appearance_tinting": {
				"color": {
					"interpolant": "v.particle_age / v.particle_lifetime",
					"gradient": {
						"0.77": "#4AFFFFFF",
						"1.0": "#00FFFFFF"
					}
				}
			}
		}
	}
}