{
	"format_version": "1.10.0",
	"particle_effect": {
		"description": {
			"identifier": "stk:blue1",
			"basic_render_parameters": {
				"material": "particles_add",
				"texture": "textures/particle/blue1"
			}
		},
		"components": {
			"minecraft:emitter_rate_instant": {
				"num_particles": 4
			},
			"minecraft:emitter_lifetime_once": {
				"active_time": 6
			},
			"minecraft:emitter_shape_sphere": {
				"radius": 3,
				"direction": "outwards"
			},
			"minecraft:particle_lifetime_expression": {
				"max_lifetime": 6
			},
			"minecraft:particle_initial_spin": {
				"rotation": "math.random(-360,360)",
				"rotation_rate": 10
			},
			"minecraft:particle_initial_speed": 0,
			"minecraft:particle_motion_dynamic": {},
			"minecraft:particle_appearance_billboard": {
				"size": [3, 3],
				"facing_camera_mode": "rotate_xyz",
				"uv": {
					"texture_width": 512,
					"texture_height": 512,
					"uv": [0, 0],
					"uv_size": [512, 512]
				}
			},
			"minecraft:particle_appearance_tinting": {
				"color": {
					"interpolant": "v.particle_age / v.particle_lifetime",
					"gradient": {
						"0.65": "#36FFFFFF",
						"1.0": "#00FFFFFF"
					}
				}
			}
		}
	}
}