{
	"format_version": "1.10.0",
	"particle_effect": {
		"description": {
			"identifier": "stk:brolyba",
			"basic_render_parameters": {
				"material": "particles_add",
				"texture": "textures/particle/fire"
			}
		},
		"curves": {
			"variable.size": {
				"type": "linear",
				"input": "v.particle_age",
				"horizontal_range": "v.particle_lifetime",
				"nodes": [11.53, 12.42, 9.82, 9.5]
			}
		},
		"components": {
			"minecraft:emitter_local_space": {
				"position": true,
				"rotation": true
			},
			"minecraft:emitter_rate_steady": {
				"spawn_rate": 20,
				"max_particles": 200
			},
			"minecraft:emitter_lifetime_once": {
				"active_time": 0.3
			},
			"minecraft:emitter_shape_sphere": {
				"surface_only": true,
				"direction": "inwards"
			},
			"minecraft:particle_lifetime_expression": {
				"max_lifetime": 1
			},
			"minecraft:particle_initial_spin": {
				"rotation": "math.random(0,360)"
			},
			"minecraft:particle_initial_speed": 2,
			"minecraft:particle_motion_dynamic": {
				"linear_drag_coefficient": 2
			},
			"minecraft:particle_appearance_billboard": {
				"size": [0.3, 0.3],
				"facing_camera_mode": "rotate_xyz",
				"uv": {
					"texture_width": 5376,
					"texture_height": 336,
					"flipbook": {
						"base_UV": [0, 0],
						"size_UV": [336, 336],
						"step_UV": [336, 0],
						"frames_per_second": 20,
						"max_frame": 16,
						"loop": true
					}
				}
			},
			"minecraft:particle_appearance_tinting": {
				"color": {
					"interpolant": "v.particle_age / v.particle_lifetime",
					"gradient": {
						"0.0": "#0022FF01",
						"0.15": "#FF36FF00",
						"0.5": "#FF00FF66",
						"0.91": "#FF14FF00",
						"1.0": "#0000FFB7"
					}
				}
			}
		}
	}
}