{
	"format_version": "1.10.0",
	"particle_effect": {
		"description": {
			"identifier": "stk:cene",
			"basic_render_parameters": {
				"material": "particles_blend",
				"texture": "textures/particle/cene"
			}
		},
		"components": {
			"minecraft:emitter_local_space": {
				"position": true,
				"rotation": true
			},
			"minecraft:emitter_rate_steady": {
				"spawn_rate": 10,
				"max_particles": 100
			},
			"minecraft:emitter_lifetime_once": {
				"active_time": 1
			},
			"minecraft:emitter_shape_sphere": {
				"radius": 0.3,
				"direction": "outwards"
			},
			"minecraft:particle_lifetime_expression": {
				"max_lifetime": 1
			},
			"minecraft:particle_initial_spin": {
				"rotation": "math.random(-360,360)",
				"rotation_rate": 20
			},
			"minecraft:particle_initial_speed": 0.1,
			"minecraft:particle_motion_dynamic": {
				"linear_acceleration": [0, -1, 0]
			},
			"minecraft:particle_appearance_billboard": {
				"size": ["0.1+0.3*v.particle_random_2", "0.1+0.3*v.particle_random_2"],
				"facing_camera_mode": "direction_y",
				"uv": {
					"texture_width": 350,
					"texture_height": 50,
					"flipbook": {
						"base_UV": [0, 0],
						"size_UV": [50, 50],
						"step_UV": [50, 0],
						"frames_per_second": 22,
						"max_frame": 7,
						"stretch_to_lifetime": true
					}
				}
			},
			"minecraft:particle_appearance_tinting": {
				"color": {
					"interpolant": "v.particle_age / v.particle_lifetime",
					"gradient": {
						"0.38": "#FF04D3FF",
						"1.0": "#002704FF"
					}
				}
			}
		}
	}
}