{
	"format_version": "1.10.0",
	"particle_effect": {
		"description": {
			"identifier": "stk:crack2",
			"basic_render_parameters": {
				"material": "particles_blend",
				"texture": "textures/particle/crack"
			}
		},
		"components": {
			"minecraft:emitter_rate_instant": {
				"num_particles": 1
			},
			"minecraft:emitter_lifetime_once": {
				"active_time": 10
			},
			"minecraft:emitter_shape_point": {
				"offset": [0, 0.1, 0]
			},
			"minecraft:particle_lifetime_expression": {
				"max_lifetime": 10
			},
			"minecraft:particle_initial_spin": {
				"rotation": "math.random(-360,360)"
			},
			"minecraft:particle_initial_speed": 0,
			"minecraft:particle_motion_dynamic": {},
			"minecraft:particle_appearance_billboard": {
				"size": [10, 10],
				"facing_camera_mode": "emitter_transform_xz",
				"uv": {
					"texture_width": 300,
					"texture_height": 300,
					"uv": [0, 0],
					"uv_size": [300, 300]
				}
			},
			"minecraft:particle_appearance_tinting": {
				"color": {
					"interpolant": "v.particle_age / v.particle_lifetime",
					"gradient": {
						"0.22": "#82000000",
						"0.75": "#82000000",
						"1.0": "#00000000"
					}
				}
			}
		}
	}
}