{
	"format_version": "1.10.0",
	"particle_effect": {
		"description": {
			"identifier": "stk:cut",
			"basic_render_parameters": {
				"material": "particles_blend",
				"texture": "textures/particle/cut"
			}
		},
		"components": {
			"minecraft:emitter_rate_steady": {
				"spawn_rate": 10,
				"max_particles": 100
			},
			"minecraft:emitter_lifetime_looping": {
				"active_time": 1
			},
			"minecraft:emitter_shape_sphere": {
				"radius": 10,
				"direction": "outwards"
			},
			"minecraft:particle_lifetime_expression": {
				"max_lifetime": 1
			},
			"minecraft:particle_initial_spin": {
				"rotation": "math.random(-360,360)"
			},
			"minecraft:particle_initial_speed": 1,
			"minecraft:particle_motion_dynamic": {
				"linear_drag_coefficient": 5
			},
			"minecraft:particle_appearance_billboard": {
				"size": ["0.5-0.5*v.particle_age", "4+7*v.particle_age"],
				"facing_camera_mode": "lookat_xyz",
				"uv": {
					"texture_width": 32,
					"texture_height": 32,
					"uv": [0, 0],
					"uv_size": [32, 32]
				}
			},
			"minecraft:particle_appearance_tinting": {
				"color": {
					"interpolant": "v.particle_age / v.particle_lifetime",
					"gradient": {
						"0.0": "#ffffffff",
						"0.29": "#00000000"
					}
				}
			}
		}
	}
}