{
	"format_version": "1.10.0",
	"particle_effect": {
		"description": {
			"identifier": "stk:cut3",
			"basic_render_parameters": {
				"material": "particles_blend",
				"texture": "textures/particle/cut"
			}
		},
		"components": {
			"minecraft:emitter_rate_instant": {
				"num_particles": 10
			},
			"minecraft:emitter_lifetime_once": {
				"active_time": 4
			},
			"minecraft:emitter_shape_disc": {
				"offset": [0, 0.01, 0],
				"radius": 10,
				"direction": "outwards"
			},
			"minecraft:particle_lifetime_expression": {
				"max_lifetime": 4
			},
			"minecraft:particle_initial_spin": {
				"rotation": "math.random(-360,360)"
			},
			"minecraft:particle_initial_speed": 0,
			"minecraft:particle_motion_dynamic": {},
			"minecraft:particle_appearance_billboard": {
				"size": ["0.5-0.2*v.particle_random_2", "0.5+10*v.particle_random_2"],
				"facing_camera_mode": "emitter_transform_xz",
				"uv": {
					"texture_width": 32,
					"texture_height": 32,
					"uv": [0, 0],
					"uv_size": [32, 32]
				}
			},
			"minecraft:particle_appearance_tinting": {
				"color": {
					"interpolant": "v.particle_age / v.particle_lifetime",
					"gradient": {
						"0.0": "#FF000000",
						"1.0": "#00000000"
					}
				}
			}
		}
	}
}