{
	"format_version": "1.10.0",
	"particle_effect": {
		"description": {
			"identifier": "stk:cut4",
			"basic_render_parameters": {
				"material": "particles_blend",
				"texture": "textures/particle/cut3"
			}
		},
		"components": {
			"minecraft:emitter_rate_steady": {
				"spawn_rate": 10,
				"max_particles": 100
			},
			"minecraft:emitter_lifetime_looping": {
				"active_time": 1
			},
			"minecraft:emitter_shape_point": {},
			"minecraft:particle_lifetime_expression": {
				"max_lifetime": 1
			},
			"minecraft:particle_initial_spin": {
				"rotation": "math.random(-360,360)"
			},
			"minecraft:particle_initial_speed": 0.1,
			"minecraft:particle_motion_dynamic": {},
			"minecraft:particle_appearance_billboard": {
				"size": ["10+12*v.particle_random_2", "10+12*v.particle_random_2"],
				"facing_camera_mode": "direction_z",
				"uv": {
					"texture_width": 100,
					"texture_height": 100,
					"uv": [0, 0],
					"uv_size": [100, 100]
				}
			},
			"minecraft:particle_appearance_tinting": {
				"color": {
					"interpolant": "v.particle_age / v.particle_lifetime",
					"gradient": {
						"0.0": "#ffffffff",
						"0.16": "#00000000"
					}
				}
			}
		}
	}
}