{
	"format_version": "1.10.0",
	"particle_effect": {
		"description": {
			"identifier": "stk:ecannonexplo",
			"basic_render_parameters": {
				"material": "particles_blend",
				"texture": "textures/particle/smoke"
			}
		},
		"components": {
			"minecraft:emitter_local_space": {
				"position": true,
				"rotation": true
			},
			"minecraft:emitter_rate_instant": {
				"num_particles": 30
			},
			"minecraft:emitter_lifetime_once": {
				"active_time": 3
			},
			"minecraft:emitter_shape_sphere": {
				"radius": 10,
				"direction": "outwards"
			},
			"minecraft:particle_lifetime_expression": {
				"max_lifetime": 3
			},
			"minecraft:particle_initial_spin": {
				"rotation": "math.random(-360,360)"
			},
			"minecraft:particle_initial_speed": 1,
			"minecraft:particle_motion_dynamic": {},
			"minecraft:particle_appearance_billboard": {
				"size": ["0.2+10*v.particle_random_2", "0.2+10*v.particle_random_2"],
				"facing_camera_mode": "rotate_xyz"
			},
			"minecraft:particle_appearance_tinting": {
				"color": {
					"interpolant": "v.particle_age / v.particle_lifetime",
					"gradient": {
						"0.0": "#4A02FF04",
						"1.0": "#006CFF01"
					}
				}
			}
		}
	}
}