{
	"format_version": "1.10.0",
	"particle_effect": {
		"description": {
			"identifier": "stk:ewave5",
			"basic_render_parameters": {
				"material": "particles_blend",
				"texture": "textures/particle/glint"
			}
		},
		"components": {
			"minecraft:emitter_local_space": {
				"position": true,
				"rotation": true
			},
			"minecraft:emitter_rate_steady": {
				"spawn_rate": 10,
				"max_particles": 100
			},
			"minecraft:emitter_lifetime_once": {
				"active_time": 1
			},
			"minecraft:emitter_shape_disc": {
				"radius": 20,
				"direction": "outwards"
			},
			"minecraft:particle_lifetime_expression": {
				"max_lifetime": 1
			},
			"minecraft:particle_initial_speed": 0,
			"minecraft:particle_motion_dynamic": {
				"linear_acceleration": [0, 100, 0]
			},
			"minecraft:particle_appearance_billboard": {
				"size": [0.2, 5],
				"facing_camera_mode": "lookat_y",
				"uv": {
					"texture_width": 100,
					"texture_height": 100,
					"uv": [0, 0],
					"uv_size": [100, 100]
				}
			},
			"minecraft:particle_appearance_tinting": {
				"color": {
					"interpolant": "v.particle_age / v.particle_lifetime",
					"gradient": {
						"0.0": "#FF000000",
						"0.5": "#FF82BDFF",
						"1.0": "#009484C8"
					}
				}
			}
		}
	}
}