{
	"format_version": "1.10.0",
	"particle_effect": {
		"description": {
			"identifier": "stk:ewave2",
			"basic_render_parameters": {
				"material": "particles_add",
				"texture": "textures/particle/aura3"
			}
		},
		"components": {
			"minecraft:emitter_rate_instant": {
				"num_particles": 1
			},
			"minecraft:emitter_lifetime_once": {
				"active_time": 1
			},
			"minecraft:emitter_shape_point": {},
			"minecraft:particle_lifetime_expression": {
				"max_lifetime": 1
			},
			"minecraft:particle_initial_spin": {
				"rotation": "math.random(-360,360)",
				"rotation_rate": "math.random(-500,500)"
			},
			"minecraft:particle_initial_speed": 0,
			"minecraft:particle_motion_dynamic": {},
			"minecraft:particle_appearance_billboard": {
				"size": ["0.2+50*v.particle_age", "0.2+50*v.particle_age"],
				"facing_camera_mode": "emitter_transform_xz",
				"uv": {
					"texture_width": 512,
					"texture_height": 512,
					"uv": [0, 0],
					"uv_size": [512, 512]
				}
			}
		}
	}
}