{
	"format_version": "1.10.0",
	"particle_effect": {
		"description": {
			"identifier": "stk:farrow3",
			"basic_render_parameters": {
				"material": "particles_blend",
				"texture": "textures/particle/trail"
			}
		},
		"components": {
			"minecraft:emitter_local_space": {
				"position": true,
				"rotation": true
			},
			"minecraft:emitter_rate_instant": {
				"num_particles": 1
			},
			"minecraft:emitter_lifetime_once": {
				"active_time": 6
			},
			"minecraft:emitter_shape_point": {},
			"minecraft:particle_lifetime_expression": {
				"max_lifetime": 6
			},
			"minecraft:particle_initial_speed": 0,
			"minecraft:particle_motion_dynamic": {},
			"minecraft:particle_appearance_billboard": {
				"size": [10, 0.5],
				"facing_camera_mode": "emitter_transform_yz",
				"uv": {
					"texture_width": 900,
					"texture_height": 100,
					"flipbook": {
						"base_UV": [0, 0],
						"size_UV": [100, 100],
						"step_UV": [100, 0],
						"frames_per_second": 10,
						"max_frame": 9,
						"loop": true
					}
				}
			},
			"minecraft:particle_appearance_tinting": {
				"color": {
					"interpolant": "v.particle_age / v.particle_lifetime",
					"gradient": {
						"0.88": "#5EFFB803",
						"1.0": "#00FF0404"
					}
				}
			}
		}
	}
}