{
	"format_version": "1.10.0",
	"particle_effect": {
		"description": {
			"identifier": "stk:fimpactexplo3",
			"basic_render_parameters": {
				"material": "particles_add",
				"texture": "textures/particle/purple2"
			}
		},
		"components": {
			"minecraft:emitter_local_space": {
				"position": true,
				"rotation": true
			},
			"minecraft:emitter_rate_steady": {
				"spawn_rate": 5,
				"max_particles": 100
			},
			"minecraft:emitter_lifetime_once": {
				"active_time": 3
			},
			"minecraft:emitter_shape_box": {
				"half_dimensions": [10, 50, 10],
				"direction": "outwards"
			},
			"minecraft:particle_lifetime_expression": {
				"max_lifetime": 1
			},
			"minecraft:particle_initial_spin": {
				"rotation": "math.random(-360,360)"
			},
			"minecraft:particle_initial_speed": 1,
			"minecraft:particle_motion_dynamic": {},
			"minecraft:particle_appearance_billboard": {
				"size": ["0.2+20*v.particle_random_2", "0.2+20*v.particle_random_2"],
				"facing_camera_mode": "direction_y"
			},
			"minecraft:particle_appearance_tinting": {
				"color": {
					"interpolant": "v.particle_age / v.particle_lifetime",
					"gradient": {
						"0.0": "#FF01B1FF",
						"0.44": "#FF0FFFF2",
						"1.0": "#00018DFF"
					}
				}
			}
		}
	}
}