{
	"format_version": "1.10.0",
	"particle_effect": {
		"description": {
			"identifier": "stk:flashb2",
			"basic_render_parameters": {
				"material": "particles_blend",
				"texture": "textures/particle/bglint"
			}
		},
		"components": {
			"minecraft:emitter_rate_instant": {
				"num_particles": 20
			},
			"minecraft:emitter_lifetime_once": {
				"active_time": 6
			},
			"minecraft:emitter_shape_sphere": {
				"radius": 1,
				"direction": "outwards"
			},
			"minecraft:particle_lifetime_expression": {
				"max_lifetime": 6
			},
			"minecraft:particle_initial_spin": {
				"rotation": "math.random(-360,360)",
				"rotation_rate": 20
			},
			"minecraft:particle_initial_speed": 20,
			"minecraft:particle_motion_dynamic": {
				"linear_acceleration": [0, 1, 0],
				"linear_drag_coefficient": 5
			},
			"minecraft:particle_appearance_billboard": {
				"size": ["(0.2+0.5*v.particle_random_2)-0.03*v.particle_age", "(0.2+0.5*v.particle_random_2)-0.03*v.particle_age"],
				"facing_camera_mode": "rotate_xyz",
				"uv": {
					"texture_width": 400,
					"texture_height": 100,
					"flipbook": {
						"base_UV": [0, 0],
						"size_UV": [100, 100],
						"step_UV": [100, 0],
						"max_frame": 4,
						"stretch_to_lifetime": true
					}
				}
			},
			"minecraft:particle_appearance_tinting": {
				"color": {
					"interpolant": "v.particle_age / v.particle_lifetime",
					"gradient": {
						"0.65": "#ffffffff",
						"1.0": "#00FFFFFF"
					}
				}
			}
		}
	}
}