{
	"format_version": "1.10.0",
	"particle_effect": {
		"description": {
			"identifier": "stk:flashb",
			"basic_render_parameters": {
				"material": "particles_blend",
				"texture": "textures/particle/bflash1"
			}
		},
		"components": {
			"minecraft:emitter_rate_instant": {
				"num_particles": 10
			},
			"minecraft:emitter_lifetime_once": {
				"active_time": 6
			},
			"minecraft:emitter_shape_point": {},
			"minecraft:particle_lifetime_expression": {
				"max_lifetime": 6
			},
			"minecraft:particle_initial_speed": 0.1,
			"minecraft:particle_motion_dynamic": {},
			"minecraft:particle_appearance_billboard": {
				"size": [20, 3],
				"facing_camera_mode": "direction_x",
				"uv": {
					"texture_width": 700,
					"texture_height": 100,
					"flipbook": {
						"base_UV": [0, 0],
						"size_UV": [100, 100],
						"step_UV": [100, 0],
						"frames_per_second": 16,
						"max_frame": 7,
						"loop": true
					}
				}
			},
			"minecraft:particle_appearance_tinting": {
				"color": {
					"interpolant": "v.particle_age / v.particle_lifetime",
					"gradient": {
						"0.71": "#ffffffff",
						"1.0": "#00FFFFFF"
					}
				}
			}
		}
	}
}