{
	"format_version": "1.10.0",
	"particle_effect": {
		"description": {
			"identifier": "stk:foicereta",
			"basic_render_parameters": {
				"material": "particles_add",
				"texture": "textures/particle/bslash"
			}
		},
		"components": {
			"minecraft:emitter_local_space": {
				"position": true,
				"rotation": true
			},
			"minecraft:emitter_rate_steady": {
				"spawn_rate": 4,
				"max_particles": 100
			},
			"minecraft:emitter_lifetime_looping": {
				"active_time": 1
			},
			"minecraft:emitter_shape_disc": {
				"radius": 1,
				"direction": "outwards"
			},
			"minecraft:particle_lifetime_expression": {
				"max_lifetime": 1
			},
			"minecraft:particle_initial_speed": 0,
			"minecraft:particle_motion_dynamic": {
				"linear_acceleration": [0, 1, 0]
			},
			"minecraft:particle_appearance_billboard": {
				"size": ["0.2+5*v.particle_random_2", "10+20*v.particle_age"],
				"facing_camera_mode": "lookat_y"
			}
		}
	}
}