{
	"format_version": "1.10.0",
	"particle_effect": {
		"description": {
			"identifier": "stk:fuse",
			"basic_render_parameters": {
				"material": "particles_add",
				"texture": "textures/particle/cenergy"
			}
		},
		"components": {
			"minecraft:emitter_local_space": {
				"position": true,
				"rotation": true
			},
			"minecraft:emitter_rate_steady": {
				"spawn_rate": 40,
				"max_particles": 100
			},
			"minecraft:emitter_lifetime_once": {
				"active_time": 3
			},
			"minecraft:emitter_shape_box": {
				"half_dimensions": [1, 2, 1],
				"direction": "outwards"
			},
			"minecraft:particle_lifetime_expression": {
				"max_lifetime": 1
			},
			"minecraft:particle_initial_spin": {
				"rotation": "math.random(-360,360)"
			},
			"minecraft:particle_initial_speed": 1,
			"minecraft:particle_motion_dynamic": {
				"linear_acceleration": [0, 10, 0]
			},
			"minecraft:particle_appearance_billboard": {
				"size": ["0.2+1*v.particle_age", "0.2+1*v.particle_random_2"],
				"facing_camera_mode": "lookat_direction",
				"uv": {
					"texture_width": 5376,
					"texture_height": 336,
					"flipbook": {
						"base_UV": [0, 0],
						"size_UV": [336, 336],
						"step_UV": [336, 0],
						"max_frame": 16,
						"stretch_to_lifetime": true
					}
				}
			},
			"minecraft:particle_appearance_tinting": {
				"color": {
					"interpolant": "v.particle_age / v.particle_lifetime",
					"gradient": {
						"0.0": "#80FFDE01",
						"0.5": "#8AFFFD0D",
						"1.0": "#00FFD402"
					}
				}
			}
		}
	}
}