{
	"format_version": "1.10.0",
	"particle_effect": {
		"description": {
			"identifier": "stk:fuse2",
			"basic_render_parameters": {
				"material": "particles_add",
				"texture": "textures/particle/glint"
			}
		},
		"components": {
			"minecraft:emitter_local_space": {
				"position": true,
				"rotation": true
			},
			"minecraft:emitter_rate_steady": {
				"spawn_rate": 60,
				"max_particles": 100
			},
			"minecraft:emitter_lifetime_once": {
				"active_time": 3
			},
			"minecraft:emitter_shape_disc": {
				"radius": 3.5,
				"surface_only": true,
				"direction": "outwards"
			},
			"minecraft:particle_lifetime_expression": {
				"max_lifetime": 1
			},
			"minecraft:particle_initial_speed": 0,
			"minecraft:particle_motion_dynamic": {
				"linear_acceleration": [0, 100, 0]
			},
			"minecraft:particle_appearance_billboard": {
				"size": [0.2, 1],
				"facing_camera_mode": "lookat_y"
			},
			"minecraft:particle_appearance_tinting": {
				"color": {
					"interpolant": "v.particle_random_2",
					"gradient": {
						"0.0": "#ffffffff",
						"0.14": "#FFFF0303",
						"0.29": "#FFFFC301",
						"0.5": "#FF01FFEF",
						"0.75": "#FF8901FF",
						"1.0": "#00FFFFFF"
					}
				}
			}
		}
	}
}