{
	"format_version": "1.10.0",
	"particle_effect": {
		"description": {
			"identifier": "stk:fuse3",
			"basic_render_parameters": {
				"material": "particles_add",
				"texture": "textures/particle/wind"
			}
		},
		"components": {
			"minecraft:emitter_local_space": {
				"position": true,
				"rotation": true
			},
			"minecraft:emitter_rate_instant": {
				"num_particles": 20
			},
			"minecraft:emitter_lifetime_once": {
				"active_time": 1
			},
			"minecraft:emitter_shape_point": {},
			"minecraft:particle_lifetime_expression": {
				"max_lifetime": 1
			},
			"minecraft:particle_initial_speed": 0.1,
			"minecraft:particle_motion_dynamic": {},
			"minecraft:particle_appearance_billboard": {
				"size": ["0.2+10*v.particle_age", "0.2+10*v.particle_age"],
				"facing_camera_mode": "direction_y"
			},
			"minecraft:particle_appearance_tinting": {
				"color": {
					"interpolant": "v.particle_age / v.particle_lifetime",
					"gradient": {
						"0.0": "#FFFFF101",
						"0.41": "#ffffffff",
						"1.0": "#00FFFFFF"
					}
				}
			}
		}
	}
}