{
	"format_version": "1.10.0",
	"particle_effect": {
		"description": {
			"identifier": "stk:gdama3",
			"basic_render_parameters": {
				"material": "particles_add",
				"texture": "textures/particle/blue1"
			}
		},
		"components": {
			"minecraft:emitter_local_space": {
				"position": true,
				"rotation": true
			},
			"minecraft:emitter_rate_steady": {
				"spawn_rate": 40,
				"max_particles": 100
			},
			"minecraft:emitter_lifetime_once": {
				"active_time": 2.75
			},
			"minecraft:emitter_shape_sphere": {
				"radius": 20,
				"direction": "outwards"
			},
			"minecraft:particle_lifetime_expression": {
				"max_lifetime": 1
			},
			"minecraft:particle_initial_spin": {
				"rotation": "math.random(-360,360)"
			},
			"minecraft:particle_initial_speed": 1,
			"minecraft:particle_motion_dynamic": {},
			"minecraft:particle_appearance_billboard": {
				"size": ["5+40*v.particle_random_2", "5+40*v.particle_random_2"],
				"facing_camera_mode": "lookat_xyz"
			},
			"minecraft:particle_appearance_tinting": {
				"color": {
					"interpolant": "v.particle_age / v.particle_lifetime",
					"gradient": {
						"0.0": "#0001F4FF",
						"0.51": "#17018DFF",
						"1.0": "#0001FFF6"
					}
				}
			}
		}
	}
}