{
	"format_version": "1.10.0",
	"particle_effect": {
		"description": {
			"identifier": "stk:gdamaexplo",
			"basic_render_parameters": {
				"material": "particles_add",
				"texture": "textures/particle/blue1"
			}
		},
		"components": {
			"minecraft:emitter_rate_instant": {
				"num_particles": 30
			},
			"minecraft:emitter_lifetime_once": {
				"active_time": 3
			},
			"minecraft:emitter_shape_sphere": {
				"radius": 80,
				"direction": "outwards"
			},
			"minecraft:particle_lifetime_expression": {
				"max_lifetime": 3
			},
			"minecraft:particle_initial_spin": {
				"rotation": "math.random(-360,360)"
			},
			"minecraft:particle_initial_speed": 1,
			"minecraft:particle_motion_dynamic": {},
			"minecraft:particle_appearance_billboard": {
				"size": ["0.2+50*v.emitter_random_2", "0.2+50*v.emitter_random_2"],
				"facing_camera_mode": "rotate_xyz"
			},
			"minecraft:particle_appearance_tinting": {
				"color": {
					"interpolant": "v.particle_age / v.particle_lifetime",
					"gradient": {
						"0.0": "#5E03D5FF",
						"0.61": "#5901C8FF",
						"1.0": "#000269FF"
					}
				}
			}
		}
	}
}