{
	"format_version": "1.10.0",
	"particle_effect": {
		"description": {
			"identifier": "stk:giantball2",
			"basic_render_parameters": {
				"material": "particles_blend",
				"texture": "textures/particle/aura10"
			}
		},
		"components": {
			"minecraft:emitter_local_space": {
				"position": true,
				"rotation": true
			},
			"minecraft:emitter_rate_steady": {
				"spawn_rate": 30,
				"max_particles": 100
			},
			"minecraft:emitter_lifetime_once": {
				"active_time": 5
			},
			"minecraft:emitter_shape_sphere": {
				"radius": 41,
				"surface_only": true,
				"direction": "outwards"
			},
			"minecraft:particle_lifetime_expression": {
				"max_lifetime": 1
			},
			"minecraft:particle_initial_speed": 0.1,
			"minecraft:particle_motion_dynamic": {},
			"minecraft:particle_appearance_billboard": {
				"size": [40, 20],
				"facing_camera_mode": "direction_z",
				"uv": {
					"texture_width": 1536,
					"texture_height": 182,
					"flipbook": {
						"base_UV": [0, 0],
						"size_UV": [192, 192],
						"step_UV": [192, 0],
						"max_frame": 8,
						"stretch_to_lifetime": true
					}
				}
			},
			"minecraft:particle_appearance_tinting": {
				"color": {
					"interpolant": "v.particle_age / v.particle_lifetime",
					"gradient": {
						"0.0": "#FF0159FF",
						"1.0": "#000567FF"
					}
				}
			}
		}
	}
}