{
	"format_version": "1.10.0",
	"particle_effect": {
		"description": {
			"identifier": "stk:giantball",
			"basic_render_parameters": {
				"material": "particles_add",
				"texture": "textures/particle/blur"
			}
		},
		"components": {
			"minecraft:emitter_local_space": {
				"position": true,
				"rotation": true
			},
			"minecraft:emitter_rate_steady": {
				"spawn_rate": 70,
				"max_particles": 100
			},
			"minecraft:emitter_lifetime_once": {
				"active_time": 5
			},
			"minecraft:emitter_shape_sphere": {
				"radius": 40,
				"surface_only": true,
				"direction": "outwards"
			},
			"minecraft:particle_lifetime_expression": {
				"max_lifetime": 1
			},
			"minecraft:particle_initial_speed": 0.1,
			"minecraft:particle_motion_dynamic": {},
			"minecraft:particle_appearance_billboard": {
				"size": [50, 50],
				"facing_camera_mode": "direction_z"
			}
		}
	}
}