{
	"format_version": "1.10.0",
	"particle_effect": {
		"description": {
			"identifier": "stk:gmeteorexplo2",
			"basic_render_parameters": {
				"material": "particles_add",
				"texture": "textures/particle/blur"
			}
		},
		"components": {
			"minecraft:emitter_local_space": {
				"position": true,
				"rotation": true
			},
			"minecraft:emitter_rate_steady": {
				"spawn_rate": 50,
				"max_particles": 100
			},
			"minecraft:emitter_lifetime_once": {
				"active_time": 4
			},
			"minecraft:emitter_shape_point": {},
			"minecraft:particle_lifetime_expression": {
				"max_lifetime": 1
			},
			"minecraft:particle_initial_speed": 50,
			"minecraft:particle_motion_dynamic": {
				"linear_acceleration": [0, 100, 0]
			},
			"minecraft:particle_appearance_billboard": {
				"size": ["0.2+1*v.particle_random_2", "0.2+1*v.particle_random_2"],
				"facing_camera_mode": "rotate_xyz"
			},
			"minecraft:particle_appearance_tinting": {
				"color": {
					"interpolant": "v.particle_age / v.particle_lifetime",
					"gradient": {
						"0.0": "#FF1BFF04",
						"1.0": "#0048FF01"
					}
				}
			}
		}
	}
}