{
	"format_version": "1.10.0",
	"particle_effect": {
		"description": {
			"identifier": "stk:gmsmoke",
			"basic_render_parameters": {
				"material": "particles_blend",
				"texture": "textures/particle/explo"
			}
		},
		"components": {
			"minecraft:emitter_local_space": {
				"position": true,
				"rotation": true
			},
			"minecraft:emitter_rate_instant": {
				"num_particles": 30
			},
			"minecraft:emitter_lifetime_once": {
				"active_time": 3
			},
			"minecraft:emitter_shape_sphere": {
				"radius": 1,
				"direction": "outwards"
			},
			"minecraft:particle_lifetime_expression": {
				"max_lifetime": 3
			},
			"minecraft:particle_initial_spin": {
				"rotation": "math.random(-360,360)",
				"rotation_rate": "math.random(-5,5)"
			},
			"minecraft:particle_initial_speed": 70,
			"minecraft:particle_motion_dynamic": {
				"linear_drag_coefficient": 2
			},
			"minecraft:particle_appearance_billboard": {
				"size": ["0.2+50*v.particle_random_2", "0.2+50*v.particle_random_2"],
				"facing_camera_mode": "rotate_xyz",
				"uv": {
					"texture_width": 1920,
					"texture_height": 192,
					"flipbook": {
						"base_UV": [0, 0],
						"size_UV": [192, 192],
						"step_UV": [192, 0],
						"frames_per_second": 9,
						"max_frame": 10
					}
				}
			},
			"minecraft:particle_appearance_tinting": {
				"color": {
					"interpolant": "v.particle_age / v.particle_lifetime",
					"gradient": {
						"0.0": "#000EFF25",
						"0.33": "#700BFF11",
						"1.0": "#002EFF01"
					}
				}
			}
		}
	}
}