{
	"format_version": "1.10.0",
	"particle_effect": {
		"description": {
			"identifier": "stk:kiblast2",
			"basic_render_parameters": {
				"material": "particles_add",
				"texture": "textures/particle/ind"
			}
		},
		"components": {
			"minecraft:emitter_local_space": {
				"position": true,
				"rotation": true
			},
			"minecraft:emitter_rate_steady": {
				"spawn_rate": 4,
				"max_particles": 100
			},
			"minecraft:emitter_lifetime_once": {
				"active_time": 3
			},
			"minecraft:emitter_shape_point": {},
			"minecraft:particle_lifetime_expression": {
				"max_lifetime": 3
			},
			"minecraft:particle_initial_spin": {
				"rotation": "math.random(-360,360)",
				"rotation_rate": 20
			},
			"minecraft:particle_initial_speed": 0.1,
			"minecraft:particle_motion_dynamic": {},
			"minecraft:particle_appearance_billboard": {
				"size": ["0.6+0.6*v.particle_age", "0.6+0.6*v.particle_age"],
				"facing_camera_mode": "direction_z",
				"uv": {
					"texture_width": 512,
					"texture_height": 512,
					"uv": [0, 0],
					"uv_size": [512, 512]
				}
			},
			"minecraft:particle_appearance_tinting": {
				"color": {
					"interpolant": "v.particle_age / v.particle_lifetime",
					"gradient": {
						"0.0": "#5EFFFFFF",
						"0.61": "#47FFFFFF",
						"1.0": "#00FFFFFF"
					}
				}
			}
		}
	}
}