{
	"format_version": "1.10.0",
	"particle_effect": {
		"description": {
			"identifier": "stk:kienzan",
			"basic_render_parameters": {
				"material": "particles_add",
				"texture": "textures/particle/trail"
			}
		},
		"components": {
			"minecraft:emitter_local_space": {
				"position": true,
				"rotation": true
			},
			"minecraft:emitter_rate_steady": {
				"spawn_rate": 90,
				"max_particles": 100
			},
			"minecraft:emitter_lifetime_once": {
				"active_time": 1
			},
			"minecraft:emitter_shape_point": {},
			"minecraft:particle_lifetime_expression": {
				"max_lifetime": 1
			},
			"minecraft:particle_initial_spin": {
				"rotation_rate": 1000
			},
			"minecraft:particle_initial_speed": 0,
			"minecraft:particle_motion_dynamic": {},
			"minecraft:particle_appearance_billboard": {
				"size": ["0.2+2*v.particle_random_2", "0.2+2*v.particle_random_2"],
				"facing_camera_mode": "emitter_transform_xz",
				"uv": {
					"texture_width": 512,
					"texture_height": 128,
					"flipbook": {
						"base_UV": [0, 0],
						"size_UV": [128, 128],
						"step_UV": [128, 0],
						"max_frame": 4
					}
				}
			},
			"minecraft:particle_appearance_tinting": {
				"color": {
					"interpolant": "v.particle_age / v.particle_lifetime",
					"gradient": {
						"0.0": "#00FF8A05",
						"0.5": "#FFFFE301",
						"1.0": "#00FFA603"
					}
				}
			}
		}
	}
}