{
	"format_version": "1.10.0",
	"particle_effect": {
		"description": {
			"identifier": "stk:kifoice_skill1_2",
			"basic_render_parameters": {
				"material": "particles_add",
				"texture": "textures/particle/ind"
			}
		},
		"components": {
			"minecraft:emitter_local_space": {
				"position": true,
				"rotation": true
			},
			"minecraft:emitter_rate_instant": {
				"num_particles": 4
			},
			"minecraft:emitter_lifetime_once": {
				"active_time": 1
			},
			"minecraft:emitter_shape_point": {
				"offset": [0, 1.5, 0]
			},
			"minecraft:particle_lifetime_expression": {
				"max_lifetime": 1
			},
			"minecraft:particle_initial_spin": {
				"rotation_rate": 1000
			},
			"minecraft:particle_initial_speed": 0,
			"minecraft:particle_motion_dynamic": {},
			"minecraft:particle_appearance_billboard": {
				"size": ["10+20*v.particle_age", "10+20*v.particle_age"],
				"facing_camera_mode": "emitter_transform_xz"
			},
			"minecraft:particle_appearance_tinting": {
				"color": {
					"interpolant": "v.particle_age / v.particle_lifetime",
					"gradient": {
						"0.0": "#FFC004FF",
						"0.11": "#FFFF03B2",
						"0.52": "#00FF0152"
					}
				}
			}
		}
	}
}