{
	"format_version": "1.10.0",
	"particle_effect": {
		"description": {
			"identifier": "stk:kifoiceslash",
			"basic_render_parameters": {
				"material": "particles_add",
				"texture": "textures/particle/trail"
			}
		},
		"components": {
			"minecraft:emitter_local_space": {
				"position": true,
				"rotation": true
			},
			"minecraft:emitter_rate_instant": {
				"num_particles": 1
			},
			"minecraft:emitter_lifetime_once": {
				"active_time": 1
			},
			"minecraft:emitter_shape_point": {},
			"minecraft:particle_lifetime_expression": {
				"max_lifetime": 1
			},
			"minecraft:particle_initial_spin": {
				"rotation_rate": 500
			},
			"minecraft:particle_initial_speed": 0.1,
			"minecraft:particle_motion_dynamic": {},
			"minecraft:particle_appearance_billboard": {
				"size": [5, 5],
				"facing_camera_mode": "direction_y",
				"uv": {
					"texture_width": 512,
					"texture_height": 128,
					"flipbook": {
						"base_UV": [0, 0],
						"size_UV": [128, 128],
						"step_UV": [128, 0],
						"frames_per_second": 6,
						"max_frame": 4
					}
				}
			},
			"minecraft:particle_appearance_tinting": {
				"color": {
					"interpolant": "v.particle_age / v.particle_lifetime",
					"gradient": {
						"0.0": "#00FF02F0",
						"0.07": "#FFFF01B4",
						"0.5": "#00FF037C"
					}
				}
			}
		}
	}
}