{
	"format_version": "1.10.0",
	"particle_effect": {
		"description": {
			"identifier": "stk:lk2",
			"basic_render_parameters": {
				"material": "particles_blend",
				"texture": "textures/particle/wind"
			}
		},
		"components": {
			"minecraft:emitter_rate_instant": {
				"num_particles": 1
			},
			"minecraft:emitter_lifetime_once": {
				"active_time": 1
			},
			"minecraft:emitter_shape_point": {},
			"minecraft:particle_lifetime_expression": {
				"max_lifetime": 1
			},
			"minecraft:particle_initial_spin": {
				"rotation": "math.random(-360,360)",
				"rotation_rate": "math.round(-60,60)"
			},
			"minecraft:particle_initial_speed": 0,
			"minecraft:particle_motion_dynamic": {},
			"minecraft:particle_appearance_billboard": {
				"size": ["(3+7*v.particle_random_2)+1*v.particle_age", "(3+7*v.particle_random_2)+1*v.particle_age"],
				"facing_camera_mode": "lookat_xyz",
				"uv": {
					"texture_width": 512,
					"texture_height": 512,
					"uv": [0, 0],
					"uv_size": [512, 512]
				}
			},
			"minecraft:particle_appearance_tinting": {
				"color": {
					"interpolant": "v.particle_age / v.particle_lifetime",
					"gradient": {
						"0.0": "#8A000000",
						"1.0": "#00000000"
					}
				}
			}
		}
	}
}