{
	"format_version": "1.10.0",
	"particle_effect": {
		"description": {
			"identifier": "stk:m4",
			"basic_render_parameters": {
				"material": "particles_blend",
				"texture": "textures/particle/imp"
			}
		},
		"components": {
			"minecraft:emitter_rate_instant": {
				"num_particles": 10
			},
			"minecraft:emitter_lifetime_looping": {
				"active_time": 1
			},
			"minecraft:emitter_shape_point": {},
			"minecraft:particle_lifetime_expression": {
				"max_lifetime": 1
			},
			"minecraft:particle_initial_spin": {
				"rotation": "math.random(-360,360)",
				"rotation_rate": 30
			},
			"minecraft:particle_initial_speed": 0,
			"minecraft:particle_motion_dynamic": {},
			"minecraft:particle_appearance_billboard": {
				"size": ["0.2+3*v.particle_age", "0.2+3*v.particle_age"],
				"facing_camera_mode": "rotate_xyz",
				"uv": {
					"texture_width": 350,
					"texture_height": 50,
					"flipbook": {
						"base_UV": [0, 0],
						"size_UV": [50, 50],
						"step_UV": [50, 0],
						"frames_per_second": 10,
						"max_frame": 7
					}
				}
			},
			"minecraft:particle_appearance_tinting": {
				"color": {
					"interpolant": "v.particle_age / v.particle_lifetime",
					"gradient": {
						"0.66": "#63FFFFFF",
						"1.0": "#00FFFFFF"
					}
				}
			}
		}
	}
}