{
	"format_version": "1.10.0",
	"particle_effect": {
		"description": {
			"identifier": "rubi:masenko1_4",
			"basic_render_parameters": {
				"material": "particles_add",
				"texture": "textures/particle/masenko1_4"
			}
		},
		"curves": {
			"variable.size": {
				"type": "linear",
				"input": "v.particle_age",
				"horizontal_range": "v.particle_lifetime",
				"nodes": [11.53, 12.42, 9.82, 9.5]
			}
		},
		"components": {
			"minecraft:emitter_rate_steady": {
				"spawn_rate": 30,
				"max_particles": 200
			},
			"minecraft:emitter_lifetime_once": {
				"active_time": 2
			},
			"minecraft:emitter_shape_sphere": {
				"radius": "v.particle_random_2*9",
				"surface_only": true,
				"direction": "outwards"
			},
			"minecraft:particle_lifetime_expression": {
				"max_lifetime": "math.random(1,5)"
			},
			"minecraft:particle_initial_spin": {
				"rotation": "math.random(0,360)"
			},
			"minecraft:particle_initial_speed": "v.particle_random_2*9",
			"minecraft:particle_motion_dynamic": {
				"linear_drag_coefficient": 2
			},
			"minecraft:particle_appearance_billboard": {
				"size": ["v.particle_random_2*(v.size)", "v.particle_random_2*(v.size)"],
				"facing_camera_mode": "rotate_xyz",
				"uv": {
					"texture_width": 336,
					"texture_height": 336,
					"uv": [0, 0],
					"uv_size": [336, 336]
				}
			},
			"minecraft:particle_appearance_tinting": {
				"color": {
					"interpolant": "v.particle_age / v.particle_lifetime",
					"gradient": {
						"0.0": "#00FF5F00",
						"0.5": "#1F9F2900",
						"1.0": "#00FFCF00"
					}
				}
			}
		}
	}
}