{
	"format_version": "1.10.0",
	"particle_effect": {
		"description": {
			"identifier": "rubi:masenko1",
			"basic_render_parameters": {
				"material": "particles_add",
				"texture": "textures/particle/masenko1"
			}
		},
		"components": {
			"minecraft:emitter_local_space": {
				"position": true,
				"rotation": true
			},
			"minecraft:emitter_rate_steady": {
				"spawn_rate": 30,
				"max_particles": 100
			},
			"minecraft:emitter_lifetime_once": {
				"active_time": 1
			},
			"minecraft:emitter_shape_point": {},
			"minecraft:particle_lifetime_expression": {
				"max_lifetime": "math.random(1.6,2.6)"
			},
			"minecraft:particle_initial_spin": {
				"rotation": "math.random(-360,360)"
			},
			"minecraft:particle_initial_speed": "v.particle_random_2*0.5",
			"minecraft:particle_motion_dynamic": {},
			"minecraft:particle_appearance_billboard": {
				"size": ["v.particle_random_2*1", "v.particle_random_2*9"],
				"facing_camera_mode": "lookat_xyz",
				"uv": {
					"texture_width": 5376,
					"texture_height": 336,
					"flipbook": {
						"base_UV": [0, 0],
						"size_UV": [336, 336],
						"step_UV": [336, 0],
						"frames_per_second": 16,
						"max_frame": 16,
						"loop": true
					}
				}
			},
			"minecraft:particle_appearance_tinting": {
				"color": {
					"interpolant": "v.particle_age / v.particle_lifetime",
					"gradient": {
						"0.0": "#00FFFFFF",
						"0.21": "#2BFF5F00",
						"0.31": "#ffffffff",
						"0.5": "#FFFF4B00",
						"0.65": "#FFFFDB00",
						"1.0": "#00FF0000"
					}
				}
			}
		}
	}
}