{
	"format_version": "1.10.0",
	"particle_effect": {
		"description": {
			"identifier": "stk:mb3",
			"basic_render_parameters": {
				"material": "particles_blend",
				"texture": "textures/particle/note"
			}
		},
		"components": {
			"minecraft:emitter_rate_instant": {
				"num_particles": 10
			},
			"minecraft:emitter_lifetime_once": {
				"active_time": 3
			},
			"minecraft:emitter_shape_point": {},
			"minecraft:particle_lifetime_expression": {
				"max_lifetime": 3
			},
			"minecraft:particle_initial_spin": {
				"rotation": "math.random(-360,360)"
			},
			"minecraft:particle_initial_speed": 10,
			"minecraft:particle_motion_dynamic": {
				"linear_drag_coefficient": 5
			},
			"minecraft:particle_appearance_billboard": {
				"size": ["0.2+0.6*v.particle_random_2", "0.2+0.6*v.particle_random_2"],
				"facing_camera_mode": "rotate_xyz",
				"uv": {
					"texture_width": 160,
					"texture_height": 32,
					"flipbook": {
						"base_UV": [0, 0],
						"size_UV": [32, 32],
						"step_UV": [32, 0],
						"max_frame": 5,
						"stretch_to_lifetime": true
					}
				}
			},
			"minecraft:particle_appearance_tinting": {
				"color": {
					"interpolant": "v.particle_age / v.particle_lifetime",
					"gradient": {
						"0.0": "#FFFF0D0D",
						"1.0": "#00FF0FDC"
					}
				}
			}
		}
	}
}