{
	"format_version": "1.10.0",
	"particle_effect": {
		"description": {
			"identifier": "stk:mb_2",
			"basic_render_parameters": {
				"material": "particles_blend",
				"texture": "textures/particle/swirl"
			}
		},
		"components": {
			"minecraft:emitter_rate_instant": {
				"num_particles": 1
			},
			"minecraft:emitter_lifetime_once": {
				"active_time": 1
			},
			"minecraft:emitter_shape_point": {},
			"minecraft:particle_lifetime_expression": {
				"max_lifetime": 1
			},
			"minecraft:particle_initial_spin": {
				"rotation": "math.random(-360,360)"
			},
			"minecraft:particle_initial_speed": 0,
			"minecraft:particle_motion_dynamic": {},
			"minecraft:particle_appearance_billboard": {
				"size": ["0.2+2*v.particle_age", "0.2+2*v.particle_age"],
				"facing_camera_mode": "rotate_xyz"
			},
			"minecraft:particle_appearance_tinting": {
				"color": {
					"interpolant": "v.particle_age / v.particle_lifetime",
					"gradient": {
						"0.0": "#FF0DFFFC",
						"1.0": "#00720FFF"
					}
				}
			}
		}
	}
}