{
	"format_version": "1.10.0",
	"particle_effect": {
		"description": {
			"identifier": "stk:minidirt",
			"basic_render_parameters": {
				"material": "particles_blend",
				"texture": "textures/particle/dirt"
			}
		},
		"components": {
			"minecraft:emitter_rate_instant": {
				"num_particles": 1
			},
			"minecraft:emitter_lifetime_once": {
				"active_time": 6
			},
			"minecraft:emitter_shape_point": {},
			"minecraft:particle_lifetime_expression": {
				"max_lifetime": 6
			},
			"minecraft:particle_initial_spin": {
				"rotation": "math.random(-360,360)"
			},
			"minecraft:particle_initial_speed": 50,
			"minecraft:particle_motion_dynamic": {
				"linear_acceleration": [0, -60, 0],
				"linear_drag_coefficient": 5
			},
			"minecraft:particle_appearance_billboard": {
				"size": ["0.1+0.5*v.particle_random_2+(-0.02*v.particle_age)", "0.1+0.5*v.particle_random_2+(-0.02*v.particle_age)"],
				"facing_camera_mode": "rotate_xyz",
				"uv": {
					"texture_width": 16,
					"texture_height": 16,
					"uv": [0, 0],
					"uv_size": [16, 16]
				}
			},
			"minecraft:particle_motion_collision": {
				"collision_radius": 0.1
			},
			"minecraft:particle_appearance_tinting": {
				"color": {
					"interpolant": "v.particle_age / v.particle_lifetime",
					"gradient": {
						"0.76": "#ffffffff",
						"1.0": "#00FFFFFF"
					}
				}
			}
		}
	}
}