{
	"format_version": "1.10.0",
	"particle_effect": {
		"description": {
			"identifier": "stk:n1slash",
			"basic_render_parameters": {
				"material": "particles_add",
				"texture": "textures/particle/n1slash"
			}
		},
		"components": {
			"minecraft:emitter_local_space": {
				"position": true,
				"rotation": true
			},
			"minecraft:emitter_rate_instant": {
				"num_particles": 1
			},
			"minecraft:emitter_lifetime_once": {
				"active_time": 1
			},
			"minecraft:emitter_shape_point": {},
			"minecraft:particle_lifetime_expression": {
				"max_lifetime": 1
			},
			"minecraft:particle_initial_speed": 0,
			"minecraft:particle_motion_dynamic": {},
			"minecraft:particle_appearance_billboard": {
				"size": [2, 2],
				"facing_camera_mode": "emitter_transform_xz",
				"uv": {
					"texture_width": 6720,
					"texture_height": 336,
					"flipbook": {
						"base_UV": [0, 0],
						"size_UV": [336, 336],
						"step_UV": [336, 0],
						"frames_per_second": 30,
						"max_frame": 18
					}
				}
			},
			"minecraft:particle_appearance_tinting": {
				"color": {
					"interpolant": "v.particle_age / v.particle_lifetime",
					"gradient": {
						"0.0": "#FFFFFFFF",
						"0.36": "#FFFFFFFF",
						"0.43": "#00FFFFFF"
					}
				}
			}
		}
	}
}