{
	"format_version": "1.10.0",
	"particle_effect": {
		"description": {
			"identifier": "stk:nimbus2",
			"basic_render_parameters": {
				"material": "particles_blend",
				"texture": "textures/particle/nuvem"
			}
		},
		"components": {
			"minecraft:emitter_rate_steady": {
				"spawn_rate": 100,
				"max_particles": 100
			},
			"minecraft:emitter_lifetime_looping": {
				"active_time": 1
			},
			"minecraft:emitter_shape_point": {},
			"minecraft:particle_lifetime_expression": {
				"max_lifetime": 1
			},
			"minecraft:particle_initial_spin": {
				"rotation": "math.random(-360,360)",
				"rotation_rate": 10
			},
			"minecraft:particle_initial_speed": 0.1,
			"minecraft:particle_motion_dynamic": {},
			"minecraft:particle_appearance_billboard": {
				"size": ["0.1+0.2*v.particle_random_2", "0.1+0.2*v.particle_random_2"],
				"facing_camera_mode": "rotate_xyz"
			},
			"minecraft:particle_appearance_tinting": {
				"color": {
					"interpolant": "v.particle_age / v.particle_lifetime",
					"gradient": {
						"0.0": "#FFFFE601",
						"1.0": "#00FFDF03"
					}
				}
			}
		}
	}
}