{
	"format_version": "1.10.0",
	"particle_effect": {
		"description": {
			"identifier": "stk:nkikohoexplo",
			"basic_render_parameters": {
				"material": "particles_add",
				"texture": "textures/particle/fire"
			}
		},
		"components": {
			"minecraft:emitter_local_space": {
				"position": true,
				"rotation": true
			},
			"minecraft:emitter_rate_instant": {
				"num_particles": 30
			},
			"minecraft:emitter_lifetime_once": {
				"active_time": 3
			},
			"minecraft:emitter_shape_sphere": {
				"radius": 10,
				"direction": "outwards"
			},
			"minecraft:particle_lifetime_expression": {
				"max_lifetime": 3
			},
			"minecraft:particle_initial_spin": {
				"rotation": "math.random(-360,360)",
				"rotation_rate": "math.random(-50,50)"
			},
			"minecraft:particle_initial_speed": 50,
			"minecraft:particle_motion_dynamic": {
				"linear_drag_coefficient": 5
			},
			"minecraft:particle_appearance_billboard": {
				"size": ["0.2+15*v.particle_random_2", "0.2+15*v.particle_random_2"],
				"facing_camera_mode": "rotate_xyz",
				"uv": {
					"texture_width": 5376,
					"texture_height": 336,
					"flipbook": {
						"base_UV": [0, 0],
						"size_UV": [336, 336],
						"step_UV": [336, 0],
						"max_frame": 16,
						"stretch_to_lifetime": true
					}
				}
			},
			"minecraft:particle_appearance_tinting": {
				"color": {
					"interpolant": "v.particle_age / v.particle_lifetime",
					"gradient": {
						"0.0": "#00FFC901",
						"0.33": "#FFFFC80B",
						"1.0": "#00FFC201"
					}
				}
			}
		}
	}
}