{
	"format_version": "1.10.0",
	"particle_effect": {
		"description": {
			"identifier": "stk:p_red2",
			"basic_render_parameters": {
				"material": "particles_add",
				"texture": "textures/particle/smoke"
			}
		},
		"components": {
			"minecraft:emitter_local_space": {
				"position": true,
				"rotation": true
			},
			"minecraft:emitter_rate_steady": {
				"spawn_rate": 30,
				"max_particles": 100
			},
			"minecraft:emitter_lifetime_once": {
				"active_time": 1.6
			},
			"minecraft:emitter_shape_sphere": {
				"radius": 1.4,
				"direction": "outwards"
			},
			"minecraft:particle_lifetime_expression": {
				"max_lifetime": 1
			},
			"minecraft:particle_initial_spin": {
				"rotation": "math.random(-360,360)"
			},
			"minecraft:particle_initial_speed": 1,
			"minecraft:particle_motion_dynamic": {
				"linear_drag_coefficient": 4
			},
			"minecraft:particle_appearance_billboard": {
				"size": ["0.5+0.6*v.particle_random_2", "0.5+0.6*v.particle_random_2"],
				"facing_camera_mode": "rotate_xyz",
				"uv": {
					"texture_width": 512,
					"texture_height": 512,
					"uv": [0, 0],
					"uv_size": [512, 512]
				}
			},
			"minecraft:particle_appearance_tinting": {
				"color": {
					"interpolant": "v.particle_age / v.particle_lifetime",
					"gradient": {
						"0.0": "#FFFF0D0D",
						"0.89": "#FFFF0D0D",
						"1.0": "#00FF0303"
					}
				}
			}
		}
	}
}