{
	"format_version": "1.10.0",
	"particle_effect": {
		"description": {
			"identifier": "stk:palm2",
			"basic_render_parameters": {
				"material": "particles_blend",
				"texture": "textures/particle/charges"
			}
		},
		"components": {
			"minecraft:emitter_rate_instant": {
				"num_particles": 2
			},
			"minecraft:emitter_lifetime_once": {
				"active_time": 0.5
			},
			"minecraft:emitter_shape_point": {},
			"minecraft:particle_lifetime_expression": {
				"max_lifetime": 0.5
			},
			"minecraft:particle_initial_spin": {
				"rotation": "math.random(-360,360)",
				"rotation_rate": 20
			},
			"minecraft:particle_initial_speed": 0,
			"minecraft:particle_motion_dynamic": {},
			"minecraft:particle_appearance_billboard": {
				"size": ["10-10*v.particle_age", "10-10*v.particle_age"],
				"facing_camera_mode": "rotate_xyz",
				"uv": {
					"texture_width": 512,
					"texture_height": 512,
					"uv": [0, 0],
					"uv_size": [512, 512]
				}
			},
			"minecraft:particle_appearance_tinting": {
				"color": {
					"interpolant": "v.particle_age / v.particle_lifetime",
					"gradient": {
						"0.52": "#FF03B4FF",
						"1.0": "#002902FF"
					}
				}
			}
		}
	}
}