{
	"format_version": "1.10.0",
	"particle_effect": {
		"description": {
			"identifier": "stk:pms_screambeam",
			"basic_render_parameters": {
				"material": "particles_add",
				"texture": "textures/particle/trail"
			}
		},
		"components": {
			"minecraft:emitter_local_space": {
				"position": true,
				"rotation": true
			},
			"minecraft:emitter_rate_steady": {
				"spawn_rate": 20,
				"max_particles": 100
			},
			"minecraft:emitter_lifetime_once": {
				"active_time": 2
			},
			"minecraft:emitter_shape_point": {
				"offset": [0, 0.1, 0]
			},
			"minecraft:particle_lifetime_expression": {
				"max_lifetime": 1
			},
			"minecraft:particle_initial_spin": {
				"rotation": "math.random(*360,360)",
				"rotation_rate": 20
			},
			"minecraft:particle_initial_speed": 1,
			"minecraft:particle_motion_dynamic": {
				"linear_acceleration": [0, 1, 0],
				"linear_drag_coefficient": 1
			},
			"minecraft:particle_appearance_billboard": {
				"size": ["1+10*v.particle_age", "1+10*v.particle_age"],
				"facing_camera_mode": "direction_z",
				"uv": {
					"texture_width": 512,
					"texture_height": 128,
					"flipbook": {
						"base_UV": [0, 0],
						"size_UV": [128, 128],
						"step_UV": [128, 0],
						"max_frame": 4,
						"stretch_to_lifetime": true
					}
				}
			},
			"minecraft:particle_appearance_tinting": {
				"color": {
					"interpolant": "v.particle_age / v.particle_lifetime",
					"gradient": {
						"0.0": "#C20EFF01",
						"0.15": "#FFFFFFFF",
						"0.33": "#FF26FF07",
						"0.5": "#FF9CFFD6",
						"1.0": "#8F77FB77"
					}
				}
			}
		}
	}
}