{
	"format_version": "1.10.0",
	"particle_effect": {
		"description": {
			"identifier": "stk:purple4",
			"basic_render_parameters": {
				"material": "particles_add",
				"texture": "textures/particle/blur"
			}
		},
		"components": {
			"minecraft:emitter_rate_steady": {
				"spawn_rate": 10,
				"max_particles": 100
			},
			"minecraft:emitter_lifetime_once": {
				"active_time": 1
			},
			"minecraft:emitter_shape_point": {},
			"minecraft:particle_lifetime_expression": {
				"max_lifetime": 1
			},
			"minecraft:particle_initial_speed": 20,
			"minecraft:particle_motion_dynamic": {
				"linear_acceleration": [0, 0, 20]
			},
			"minecraft:particle_appearance_billboard": {
				"size": ["0.2+0.8*v.particle_random_2", "0.2+0.8*v.particle_random_2"],
				"facing_camera_mode": "rotate_xyz",
				"uv": {
					"texture_width": 512,
					"texture_height": 512,
					"uv": [0, 0],
					"uv_size": [512, 512]
				}
			},
			"minecraft:particle_appearance_tinting": {
				"color": {
					"interpolant": "v.particle_age / v.particle_lifetime",
					"gradient": {
						"0.55": "#FFC002FF",
						"1.0": "#009805FF"
					}
				}
			}
		}
	}
}