{
	"format_version": "1.10.0",
	"particle_effect": {
		"description": {
			"identifier": "stk:purple200_3",
			"basic_render_parameters": {
				"material": "particles_blend",
				"texture": "textures/particle/purple"
			}
		},
		"components": {
		    "minecraft:emitter_local_space": {
				"position": true,
				"rotation": true
			},
			"minecraft:emitter_rate_instant": {
				"num_particles": 1
			},
			"minecraft:emitter_lifetime_once": {
				"active_time": 3
			},
			"minecraft:emitter_shape_point": {},
			"minecraft:particle_lifetime_expression": {
				"max_lifetime": 3
			},
			"minecraft:particle_initial_spin": {
				"rotation": "math.random(-360,360)",
				"rotation_rate": 200
			},
			"minecraft:particle_initial_speed": 0.01,
			"minecraft:particle_motion_dynamic": {},
			"minecraft:particle_appearance_billboard": {
				"size": [4, 4],
				"facing_camera_mode": "rotate_xyz",
				"uv": {
					"texture_width": 512,
					"texture_height": 512,
					"uv": [0, 0],
					"uv_size": [512, 512]
				}
			},
			"minecraft:particle_appearance_tinting": {
				"color": {
					"interpolant": "v.particle_age / v.particle_lifetime",
					"gradient": {
						"0.72": "#ffffffff",
						"1.0": "#00BA03FF"
					}
				}
			}
		}
	}
}