{
	"format_version": "1.10.0",
	"particle_effect": {
		"description": {
			"identifier": "stk:red2_4",
			"basic_render_parameters": {
				"material": "particles_add",
				"texture": "textures/particle/wind"
			}
		},
		"components": {
			"minecraft:emitter_rate_instant": {
				"num_particles": 10
			},
			"minecraft:emitter_lifetime_once": {
				"active_time": 6
			},
			"minecraft:emitter_shape_sphere": {
				"radius": 0.1,
				"direction": "outwards"
			},
			"minecraft:particle_lifetime_expression": {
				"max_lifetime": 6
			},
			"minecraft:particle_initial_spin": {
				"rotation": "math.random(-360,360)",
				"rotation_rate": "math.random(-100,300)"
			},
			"minecraft:particle_initial_speed": 0.1,
			"minecraft:particle_motion_dynamic": {},
			"minecraft:particle_appearance_billboard": {
				"size": ["(1+10*v.particle_random_2)+1*v.particle_age", "(1+10*v.particle_random_2)+1*v.particle_age"],
				"facing_camera_mode": "direction_z",
				"uv": {
					"texture_width": 512,
					"texture_height": 512,
					"uv": [0, 0],
					"uv_size": [512, 512]
				}
			},
			"minecraft:particle_appearance_tinting": {
				"color": {
					"interpolant": "v.particle_age / v.particle_lifetime",
					"gradient": {
						"0.56": "#52FF0E0E",
						"1.0": "#00FF0D0D"
					}
				}
			}
		}
	}
}