{
	"format_version": "1.10.0",
	"particle_effect": {
		"description": {
			"identifier": "stk:red2_6",
			"basic_render_parameters": {
				"material": "particles_add",
				"texture": "textures/particle/blur"
			}
		},
		"components": {
			"minecraft:emitter_rate_instant": {
				"num_particles": 50
			},
			"minecraft:emitter_lifetime_once": {
				"active_time": 3
			},
			"minecraft:emitter_shape_sphere": {
				"radius": 10,
				"direction": "outwards"
			},
			"minecraft:particle_lifetime_expression": {
				"max_lifetime": 3
			},
			"minecraft:particle_initial_spin": {
				"rotation": "math.random(-360,360)"
			},
			"minecraft:particle_initial_speed": 20,
			"minecraft:particle_motion_dynamic": {
				"linear_drag_coefficient": 5
			},
			"minecraft:particle_appearance_billboard": {
				"size": ["0.2+0.6*v.particle_random_2", "0.2+0.5*v.particle_random_2"],
				"facing_camera_mode": "lookat_y",
				"uv": {
					"texture_width": 512,
					"texture_height": 512,
					"uv": [0, 0],
					"uv_size": [512, 512]
				}
			},
			"minecraft:particle_appearance_tinting": {
				"color": {
					"interpolant": "v.particle_age / v.particle_lifetime",
					"gradient": {
						"0.0": "#FFFF0D0D",
						"1.0": "#00FF0D0D"
					}
				}
			}
		}
	}
}