{
	"format_version": "1.10.0",
	"particle_effect": {
		"description": {
			"identifier": "stk:red2",
			"basic_render_parameters": {
				"material": "particles_add",
				"texture": "textures/particle/rlight"
			}
		},
		"components": {
			"minecraft:emitter_rate_steady": {
				"spawn_rate": 4,
				"max_particles": 100
			},
			"minecraft:emitter_lifetime_once": {
				"active_time": 6
			},
			"minecraft:emitter_shape_disc": {
				"radius": 10,
				"direction": "outwards"
			},
			"minecraft:particle_lifetime_expression": {
				"max_lifetime": 1
			},
			"minecraft:particle_initial_spin": {
				"rotation": "math.random(-360,360)"
			},
			"minecraft:particle_initial_speed": 0,
			"minecraft:particle_motion_dynamic": {},
			"minecraft:particle_appearance_billboard": {
				"size": ["5+10*v.particle_random_2", "5+10*v.particle_random_2"],
				"facing_camera_mode": "lookat_y",
				"uv": {
					"texture_width": 512,
					"texture_height": 512,
					"uv": [0, 0],
					"uv_size": [512, 512]
				}
			},
			"minecraft:particle_appearance_tinting": {
				"color": {
					"interpolant": "v.particle_age / v.particle_lifetime",
					"gradient": {
						"0.0": "#ffffffff",
						"0.5": "#00FFFFFF"
					}
				}
			}
		}
	}
}