{
	"format_version": "1.10.0",
	"particle_effect": {
		"description": {
			"identifier": "stk:sexplo4",
			"basic_render_parameters": {
				"material": "particles_add",
				"texture": "textures/particle/smoke"
			}
		},
		"components": {
			"minecraft:emitter_local_space": {
				"position": true,
				"rotation": true
			},
			"minecraft:emitter_rate_steady": {
				"spawn_rate": 10,
				"max_particles": 100
			},
			"minecraft:emitter_lifetime_once": {
				"active_time": 5
			},
			"minecraft:emitter_shape_disc": {
				"radius": 10,
				"direction": "outwards"
			},
			"minecraft:particle_lifetime_expression": {
				"max_lifetime": 1
			},
			"minecraft:particle_initial_spin": {
				"rotation": "math.random(-360,360)",
				"rotation_rate": 10
			},
			"minecraft:particle_initial_speed": 20,
			"minecraft:particle_motion_dynamic": {},
			"minecraft:particle_appearance_billboard": {
				"size": ["0.2+5*v.particle_random_2", "0.2+5*v.particle_random_2"],
				"facing_camera_mode": "lookat_xyz",
				"uv": {
					"texture_width": 512,
					"texture_height": 512,
					"uv": [0, 0],
					"uv_size": [512, 512]
				}
			},
			"minecraft:particle_appearance_tinting": {
				"color": {
					"interpolant": "v.particle_age / v.particle_lifetime",
					"gradient": {
						"0.0": "#45FFFFFF",
						"0.16": "#52FFFFFF",
						"0.5": "#66FFFFFF",
						"1.0": "#00FFFFFF"
					}
				}
			}
		}
	}
}