{
	"format_version": "1.10.0",
	"particle_effect": {
		"description": {
			"identifier": "stk:smoke",
			"basic_render_parameters": {
				"material": "particles_blend",
				"texture": "textures/particle/smoke"
			}
		},
		"components": {
			"minecraft:emitter_rate_steady": {
				"spawn_rate": 10,
				"max_particles": 10
			},
			"minecraft:emitter_lifetime_once": {
				"active_time": 8
			},
			"minecraft:emitter_shape_sphere": {
				"radius": 10,
				"direction": "outwards"
			},
			"minecraft:particle_lifetime_expression": {
				"max_lifetime": 8
			},
			"minecraft:particle_initial_spin": {
				"rotation": "math.random(-360,360)",
				"rotation_rate": 20
			},
			"minecraft:particle_initial_speed": 1,
			"minecraft:particle_motion_dynamic": {
				"linear_acceleration": [0, 1, 1]
			},
			"minecraft:particle_appearance_billboard": {
				"size": ["0.2+10*v.particle_random_2", "0.2+10*v.particle_random_2"],
				"facing_camera_mode": "lookat_xyz",
				"uv": {
					"texture_width": 512,
					"texture_height": 512,
					"uv": [0, 0],
					"uv_size": [512, 512]
				}
			},
			"minecraft:particle_appearance_tinting": {
				"color": {
					"interpolant": "v.particle_age / v.particle_lifetime",
					"gradient": {
						"0.0": "#007E7E7E",
						"0.27": "#A3636363",
						"0.47": "#80757575",
						"1.0": "#004B4B4B"
					}
				}
			}
		}
	}
}