{
	"format_version": "1.10.0",
	"particle_effect": {
		"description": {
			"identifier": "stk:teleport_trace",
			"basic_render_parameters": {
				"material": "particles_blend",
				"texture": "textures/particle/trace_06"
			}
		},
		"components": {
			"minecraft:emitter_local_space": {
				"position": true,
				"rotation": true
			},
			"minecraft:emitter_rate_steady": {
				"spawn_rate": 50,
				"max_particles": 100
			},
			"minecraft:emitter_lifetime_once": {
				"active_time": 0.5
			},
			"minecraft:emitter_shape_disc": {
				"radius": 1,
				"direction": "outwards"
			},
			"minecraft:particle_lifetime_expression": {
				"max_lifetime": 0.5
			},
			"minecraft:particle_initial_speed": 1,
			"minecraft:particle_motion_dynamic": {
				"linear_acceleration": [0, 20, 0],
				"linear_drag_coefficient": 15
			},
			"minecraft:particle_appearance_billboard": {
				"size": ["0.2*v.particle_random_2", "3*v.particle_random_2"],
				"facing_camera_mode": "lookat_y"
			},
			"minecraft:particle_appearance_tinting": {
				"color": {
					"interpolant": "v.particle_age / v.particle_lifetime",
					"gradient": {
						"0.04": "#ffffffff",
						"0.29": "#FF000000",
						"0.63": "#ffffffff",
						"1.0": "#00FFFFFF"
					}
				}
			}
		}
	}
}