{
	"format_version": "1.10.0",
	"particle_effect": {
		"description": {
			"identifier": "stk:tiny_explo2",
			"basic_render_parameters": {
				"material": "particles_blend",
				"texture": "textures/particle/smoke"
			}
		},
		"components": {
			"minecraft:emitter_rate_instant": {
				"num_particles": 40
			},
			"minecraft:emitter_lifetime_once": {
				"active_time": 4
			},
			"minecraft:emitter_shape_point": {},
			"minecraft:particle_lifetime_expression": {
				"max_lifetime": 4
			},
			"minecraft:particle_initial_spin": {
				"rotation": "math.random(-360,360)"
			},
			"minecraft:particle_initial_speed": 10,
			"minecraft:particle_motion_dynamic": {
				"linear_acceleration": [0, -1, 0],
				"linear_drag_coefficient": 5
			},
			"minecraft:particle_appearance_billboard": {
				"size": ["0.2+1*v.particle_random_2", "0.2+1*v.particle_random_2"],
				"facing_camera_mode": "lookat_xyz",
				"uv": {
					"texture_width": 128,
					"texture_height": 128,
					"uv": [0, 0],
					"uv_size": [128, 128]
				}
			},
			"minecraft:particle_motion_collision": {
				"collision_radius": 0.1
			},
			"minecraft:particle_appearance_tinting": {
				"color": {
					"interpolant": "v.particle_age / v.particle_lifetime",
					"gradient": {
						"0.0": "#75FFFFFF",
						"0.24": "#57A7A4A4",
						"1.0": "#00FFFFFF"
					}
				}
			}
		}
	}
}