{
	"format_version": "1.10.0",
	"particle_effect": {
		"description": {
			"identifier": "stk:trailexplo_giant",
			"basic_render_parameters": {
				"material": "particles_blend",
				"texture": "textures/particle/trail"
			}
		},
		"components": {
			"minecraft:emitter_local_space": {
				"position": true,
				"rotation": true
			},
			"minecraft:emitter_rate_steady": {
				"spawn_rate": 70,
				"max_particles": 100
			},
			"minecraft:emitter_lifetime_once": {
				"active_time": 5
			},
			"minecraft:emitter_shape_point": {},
			"minecraft:particle_lifetime_expression": {
				"max_lifetime": 1
			},
			"minecraft:particle_initial_spin": {
				"rotation": "math.random(-360,360)",
				"rotation_rate": "math.random(-100,100)"
			},
			"minecraft:particle_initial_speed": 0.1,
			"minecraft:particle_motion_dynamic": {},
			"minecraft:particle_appearance_billboard": {
				"size": ["20+40*v.particle_age", "20+40*v.particle_age"],
				"facing_camera_mode": "direction_y",
				"uv": {
					"texture_width": 512,
					"texture_height": 128,
					"flipbook": {
						"base_UV": [0, 0],
						"size_UV": [128, 128],
						"step_UV": [128, 0],
						"max_frame": 4,
						"stretch_to_lifetime": true
					}
				}
			},
			"minecraft:particle_appearance_tinting": {
				"color": {
					"interpolant": "v.particle_age / v.particle_lifetime",
					"gradient": {
						"0.0": "#29FFFFFF",
						"1.0": "#00FFFFFF"
					}
				}
			}
		}
	}
}