{
	"format_version": "1.12.0",
	"minecraft:geometry": [
		{
			"description": {
				"identifier": "geometry.ragnarok_shadow",
				"texture_width": 16,
				"texture_height": 16,
				"visible_bounds_width": 5,
				"visible_bounds_height": 6.5,
				"visible_bounds_offset": [0, 2.75, 0]
			},
			"bones": [
				{
					"name": "root",
					"pivot": [0, 0, 0]
				},
				{
					"name": "waist",
					"parent": "root",
					"pivot": [0, 12, 0]
				},
				{
					"name": "body",
					"parent": "waist",
					"pivot": [0, 24, 0]
				},
				{
					"name": "ragnarokshadow",
					"parent": "body",
					"pivot": [0, 16.5, 2],
					"cubes": [
						{
							"origin": [-2.5, 16.5, 0.75],
							"size": [5, 5.5, 2.5],
							"uv": {
								"north": {"uv": [0, 0], "uv_size": [4, 4]},
								"east": {"uv": [0, 0], "uv_size": [4, 4]},
								"south": {"uv": [0, 0], "uv_size": [4, 4]},
								"west": {"uv": [0, 0], "uv_size": [4, 4]},
								"up": {"uv": [4, 4], "uv_size": [-4, -4]},
								"down": {"uv": [4, 4], "uv_size": [-4, -4]}
							}
						}
					]
				},
				{
					"name": "ragnarokshadow2",
					"parent": "ragnarokshadow",
					"pivot": [0, 22, 2],
					"cubes": [
						{
							"origin": [-3, 22, 0],
							"size": [6, 7, 4],
							"uv": {
								"north": {"uv": [0, 0], "uv_size": [4, 4]},
								"east": {"uv": [0, 0], "uv_size": [4, 4]},
								"south": {"uv": [0, 0], "uv_size": [4, 4]},
								"west": {"uv": [0, 0], "uv_size": [4, 4]},
								"up": {"uv": [4, 4], "uv_size": [-4, -4]},
								"down": {"uv": [4, 4], "uv_size": [-4, -4]}
							}
						}
					]
				},
				{
					"name": "ragnarokshadow3",
					"parent": "ragnarokshadow2",
					"pivot": [0, 29, 2],
					"cubes": [
						{
							"origin": [-4.5, 29, -0.25],
							"size": [9, 7, 4.5],
							"uv": {
								"north": {"uv": [0, 0], "uv_size": [4, 4]},
								"east": {"uv": [0, 0], "uv_size": [4, 4]},
								"south": {"uv": [0, 0], "uv_size": [4, 4]},
								"west": {"uv": [0, 0], "uv_size": [4, 4]},
								"up": {"uv": [4, 4], "uv_size": [-4, -4]},
								"down": {"uv": [4, 4], "uv_size": [-4, -4]}
							}
						}
					]
				},
				{
					"name": "ragnarokshadow4",
					"parent": "ragnarokshadow3",
					"pivot": [0, 36, 2],
					"cubes": [
						{
							"origin": [-6, 36, -1],
							"size": [12, 7, 6],
							"uv": {
								"north": {"uv": [0, 0], "uv_size": [4, 4]},
								"east": {"uv": [0, 0], "uv_size": [4, 4]},
								"south": {"uv": [0, 0], "uv_size": [4, 4]},
								"west": {"uv": [0, 0], "uv_size": [4, 4]},
								"up": {"uv": [4, 4], "uv_size": [-4, -4]},
								"down": {"uv": [4, 4], "uv_size": [-4, -4]}
							}
						}
					]
				},
				{
					"name": "ragnarokshadow5",
					"parent": "ragnarokshadow4",
					"pivot": [0, 51.5, 2],
					"cubes": [
						{
							"origin": [-7.75, 43, -1.25],
							"size": [15.5, 8.5, 6.5],
							"uv": {
								"north": {"uv": [0, 0], "uv_size": [4, 4]},
								"east": {"uv": [0, 0], "uv_size": [4, 4]},
								"south": {"uv": [0, 0], "uv_size": [4, 4]},
								"west": {"uv": [0, 0], "uv_size": [4, 4]},
								"up": {"uv": [4, 4], "uv_size": [-4, -4]},
								"down": {"uv": [4, 4], "uv_size": [-4, -4]}
							}
						},
						{
							"origin": [-8.25, 48, -0.75],
							"size": [16.5, 3.5, 5.5],
							"uv": {
								"north": {"uv": [0, 0], "uv_size": [4, 4]},
								"east": {"uv": [0, 0], "uv_size": [4, 4]},
								"south": {"uv": [0, 0], "uv_size": [4, 4]},
								"west": {"uv": [0, 0], "uv_size": [4, 4]},
								"up": {"uv": [4, 4], "uv_size": [-4, -4]},
								"down": {"uv": [4, 4], "uv_size": [-4, -4]}
							}
						},
						{
							"origin": [-5.5, 51.5, -0.5],
							"size": [11, 2, 5],
							"uv": {
								"north": {"uv": [0, 0], "uv_size": [4, 4]},
								"east": {"uv": [0, 0], "uv_size": [4, 4]},
								"south": {"uv": [0, 0], "uv_size": [4, 4]},
								"west": {"uv": [0, 0], "uv_size": [4, 4]},
								"up": {"uv": [4, 4], "uv_size": [-4, -4]},
								"down": {"uv": [4, 4], "uv_size": [-4, -4]}
							}
						}
					]
				},
				{
					"name": "darkshadow_head",
					"parent": "ragnarokshadow5",
					"pivot": [-0.25, 51.5, 2],
					"cubes": [
						{
							"origin": [-3.25, 53.49976, -2.5109],
							"size": [7, 8.5, 8.5],
							"pivot": [0.25, 57.74976, 1.7391],
							"rotation": [2.5, 0, 0],
							"uv": {
								"north": {"uv": [0, 0], "uv_size": [4, 4]},
								"east": {"uv": [0, 0], "uv_size": [4, 4]},
								"south": {"uv": [0, 0], "uv_size": [4, 4]},
								"west": {"uv": [0, 0], "uv_size": [4, 4]},
								"up": {"uv": [4, 4], "uv_size": [-4, -4]},
								"down": {"uv": [4, 4], "uv_size": [-4, -4]}
							}
						},
						{
							"origin": [-2.75, 53.5024, -5.09731],
							"size": [6, 0.75, 2.75],
							"pivot": [0.25, 53.8774, -3.84731],
							"rotation": [2.5, 0, 0],
							"uv": {
								"north": {"uv": [0, 0], "uv_size": [4, 4]},
								"east": {"uv": [0, 0], "uv_size": [4, 4]},
								"south": {"uv": [0, 0], "uv_size": [4, 4]},
								"west": {"uv": [0, 0], "uv_size": [4, 4]},
								"up": {"uv": [4, 4], "uv_size": [-4, -4]},
								"down": {"uv": [4, 4], "uv_size": [-4, -4]}
							}
						},
						{
							"origin": [-2.5, 53.40971, -6.84529],
							"size": [5.5, 0.75, 1.75],
							"pivot": [0.25, 53.78471, -5.97029],
							"rotation": [2.5, 0, 0],
							"uv": {
								"north": {"uv": [0, 0], "uv_size": [4, 4]},
								"east": {"uv": [0, 0], "uv_size": [4, 4]},
								"south": {"uv": [0, 0], "uv_size": [4, 4]},
								"west": {"uv": [0, 0], "uv_size": [4, 4]},
								"up": {"uv": [4, 4], "uv_size": [-4, -4]},
								"down": {"uv": [4, 4], "uv_size": [-4, -4]}
							}
						},
						{
							"origin": [-2, 53.5669, -9.34872],
							"size": [4.5, 0.5, 2.5],
							"pivot": [0.25, 53.8169, -8.09872],
							"rotation": [2.5, 0, 0],
							"uv": {
								"north": {"uv": [0, 0], "uv_size": [4, 4]},
								"east": {"uv": [0, 0], "uv_size": [4, 4]},
								"south": {"uv": [0, 0], "uv_size": [4, 4]},
								"west": {"uv": [0, 0], "uv_size": [4, 4]},
								"up": {"uv": [4, 4], "uv_size": [-4, -4]},
								"down": {"uv": [4, 4], "uv_size": [-4, -4]}
							}
						},
						{
							"origin": [-2.75, 53.80152, -5.52819],
							"size": [6, 7, 3.5],
							"pivot": [0.25, 57.30152, -3.77819],
							"rotation": [7.5, 0, 0],
							"uv": {
								"north": {"uv": [0, 0], "uv_size": [4, 4]},
								"east": {"uv": [0, 0], "uv_size": [4, 4]},
								"south": {"uv": [0, 0], "uv_size": [4, 4]},
								"west": {"uv": [0, 0], "uv_size": [4, 4]},
								"up": {"uv": [4, 4], "uv_size": [-4, -4]},
								"down": {"uv": [4, 4], "uv_size": [-4, -4]}
							}
						},
						{
							"origin": [3.29895, 59.01028, -4.34002],
							"size": [0.75, 1.5, 4],
							"pivot": [3.67395, 59.76028, -2.34002],
							"rotation": [15.06397, 7.43547, 0.98448],
							"uv": {
								"north": {"uv": [0, 0], "uv_size": [4, 4]},
								"east": {"uv": [0, 0], "uv_size": [4, 4]},
								"south": {"uv": [0, 0], "uv_size": [4, 4]},
								"west": {"uv": [0, 0], "uv_size": [4, 4]},
								"up": {"uv": [4, 4], "uv_size": [-4, -4]},
								"down": {"uv": [4, 4], "uv_size": [-4, -4]}
							}
						},
						{
							"origin": [-4.04895, 59.01028, -4.34002],
							"size": [0.75, 1.5, 4],
							"pivot": [-3.67395, 59.76028, -2.34002],
							"rotation": [15.06397, -7.43547, -0.98448],
							"uv": {
								"north": {"uv": [4, 0], "uv_size": [-4, 4]},
								"east": {"uv": [4, 0], "uv_size": [-4, 4]},
								"south": {"uv": [4, 0], "uv_size": [-4, 4]},
								"west": {"uv": [4, 0], "uv_size": [-4, 4]},
								"up": {"uv": [0, 4], "uv_size": [4, -4]},
								"down": {"uv": [0, 4], "uv_size": [4, -4]}
							}
						},
						{
							"origin": [3.28317, 57.50586, -3.66665],
							"size": [0.625, 2, 2.75],
							"pivot": [3.59567, 58.50586, -2.29165],
							"rotation": [2.56397, 7.43547, 0.98448],
							"uv": {
								"north": {"uv": [6.5, 0.5], "uv_size": [3, 3]},
								"east": {"uv": [6.5, 0.5], "uv_size": [3, 3]},
								"south": {"uv": [6.5, 0.5], "uv_size": [3, 3]},
								"west": {"uv": [6.5, 0.5], "uv_size": [3, 3]},
								"up": {"uv": [9.5, 3.5], "uv_size": [-3, -3]},
								"down": {"uv": [9.5, 3.5], "uv_size": [-3, -3]}
							}
						},
						{
							"origin": [-3.90817, 57.50586, -3.66665],
							"size": [0.625, 2, 2.75],
							"pivot": [-3.59567, 58.50586, -2.29165],
							"rotation": [2.56397, -7.43547, -0.98448],
							"uv": {
								"north": {"uv": [9.5, 0.5], "uv_size": [-3, 3]},
								"east": {"uv": [9.5, 0.5], "uv_size": [-3, 3]},
								"south": {"uv": [9.5, 0.5], "uv_size": [-3, 3]},
								"west": {"uv": [9.5, 0.5], "uv_size": [-3, 3]},
								"up": {"uv": [6.5, 3.5], "uv_size": [3, -3]},
								"down": {"uv": [6.5, 3.5], "uv_size": [3, -3]}
							}
						},
						{
							"origin": [-2.5, 53.81457, -7.4604],
							"size": [5.5, 6, 2.5],
							"pivot": [0, 56.56457, -6.2104],
							"rotation": [17.5, 0, 0],
							"uv": {
								"north": {"uv": [0, 0], "uv_size": [4, 4]},
								"east": {"uv": [0, 0], "uv_size": [4, 4]},
								"south": {"uv": [0, 0], "uv_size": [4, 4]},
								"west": {"uv": [0, 0], "uv_size": [4, 4]},
								"up": {"uv": [4, 4], "uv_size": [-4, -4]},
								"down": {"uv": [4, 4], "uv_size": [-4, -4]}
							}
						},
						{
							"origin": [-2, 53.79545, -9.95746],
							"size": [4.5, 4.75, 2.5],
							"pivot": [0.25, 56.17045, -8.70746],
							"rotation": [17.5, 0, 0],
							"uv": {
								"north": {"uv": [0, 0], "uv_size": [4, 4]},
								"east": {"uv": [0, 0], "uv_size": [4, 4]},
								"south": {"uv": [0, 0], "uv_size": [4, 4]},
								"west": {"uv": [0, 0], "uv_size": [4, 4]},
								"up": {"uv": [4, 4], "uv_size": [-4, -4]},
								"down": {"uv": [4, 4], "uv_size": [-4, -4]}
							}
						},
						{
							"origin": [-1.75, 53.22443, -11.53008],
							"size": [4, 4, 2],
							"pivot": [0.25, 55.22443, -10.53008],
							"rotation": [22.5, 0, 0],
							"uv": {
								"north": {"uv": [0, 0], "uv_size": [4, 4]},
								"east": {"uv": [0, 0], "uv_size": [4, 4]},
								"south": {"uv": [0, 0], "uv_size": [4, 4]},
								"west": {"uv": [0, 0], "uv_size": [4, 4]},
								"up": {"uv": [4, 4], "uv_size": [-4, -4]},
								"down": {"uv": [4, 4], "uv_size": [-4, -4]}
							}
						}
					]
				},
				{
					"name": "chifre",
					"parent": "darkshadow_head",
					"pivot": [0, 62.25, 6.83333],
					"rotation": [25, 0, 0],
					"cubes": [
						{
							"origin": [-1.25, 61, 2.5],
							"size": [2.75, 2.75, 4],
							"uv": {
								"north": {"uv": [0, 0], "uv_size": [4, 4]},
								"east": {"uv": [0, 0], "uv_size": [4, 4]},
								"south": {"uv": [0, 0], "uv_size": [4, 4]},
								"west": {"uv": [0, 0], "uv_size": [4, 4]},
								"up": {"uv": [4, 4], "uv_size": [-4, -4]},
								"down": {"uv": [4, 4], "uv_size": [-4, -4]}
							}
						},
						{
							"origin": [-1, 61.25, 6.5],
							"size": [2.25, 2.25, 1.5],
							"uv": {
								"north": {"uv": [0, 0], "uv_size": [4, 4]},
								"east": {"uv": [0, 0], "uv_size": [4, 4]},
								"south": {"uv": [0, 0], "uv_size": [4, 4]},
								"west": {"uv": [0, 0], "uv_size": [4, 4]},
								"up": {"uv": [4, 4], "uv_size": [-4, -4]},
								"down": {"uv": [4, 4], "uv_size": [-4, -4]}
							}
						},
						{
							"origin": [-0.75, 61.5, 8],
							"size": [1.75, 1.75, 1.5],
							"uv": {
								"north": {"uv": [0, 0], "uv_size": [4, 4]},
								"east": {"uv": [0, 0], "uv_size": [4, 4]},
								"south": {"uv": [0, 0], "uv_size": [4, 4]},
								"west": {"uv": [0, 0], "uv_size": [4, 4]},
								"up": {"uv": [4, 4], "uv_size": [-4, -4]},
								"down": {"uv": [4, 4], "uv_size": [-4, -4]}
							}
						}
					]
				},
				{
					"name": "chifre2",
					"parent": "darkshadow_head",
					"pivot": [-4, 61.5, 6.08333],
					"rotation": [40.68672, -22.91934, -15.62633],
					"cubes": [
						{
							"origin": [-4.75, 60.25, 1.75],
							"size": [2.25, 2.25, 4],
							"uv": {
								"north": {"uv": [0, 0], "uv_size": [4, 4]},
								"east": {"uv": [0, 0], "uv_size": [4, 4]},
								"south": {"uv": [0, 0], "uv_size": [4, 4]},
								"west": {"uv": [0, 0], "uv_size": [4, 4]},
								"up": {"uv": [4, 4], "uv_size": [-4, -4]},
								"down": {"uv": [4, 4], "uv_size": [-4, -4]}
							}
						},
						{
							"origin": [-4.5, 60.5, 5.75],
							"size": [1.75, 1.75, 1.5],
							"uv": {
								"north": {"uv": [0, 0], "uv_size": [4, 4]},
								"east": {"uv": [0, 0], "uv_size": [4, 4]},
								"south": {"uv": [0, 0], "uv_size": [4, 4]},
								"west": {"uv": [0, 0], "uv_size": [4, 4]},
								"up": {"uv": [4, 4], "uv_size": [-4, -4]},
								"down": {"uv": [4, 4], "uv_size": [-4, -4]}
							}
						},
						{
							"origin": [-4.25, 60.75, 7.25],
							"size": [1.25, 1.25, 1.5],
							"uv": {
								"north": {"uv": [0, 0], "uv_size": [4, 4]},
								"east": {"uv": [0, 0], "uv_size": [4, 4]},
								"south": {"uv": [0, 0], "uv_size": [4, 4]},
								"west": {"uv": [0, 0], "uv_size": [4, 4]},
								"up": {"uv": [4, 4], "uv_size": [-4, -4]},
								"down": {"uv": [4, 4], "uv_size": [-4, -4]}
							}
						}
					]
				},
				{
					"name": "chifre3",
					"parent": "darkshadow_head",
					"pivot": [4, 61.5, 6.08333],
					"rotation": [40.68672, 22.91934, 15.62633],
					"cubes": [
						{
							"origin": [2.5, 60.25, 1.75],
							"size": [2.25, 2.25, 4],
							"uv": {
								"north": {"uv": [0, 0], "uv_size": [4, 4]},
								"east": {"uv": [0, 0], "uv_size": [4, 4]},
								"south": {"uv": [0, 0], "uv_size": [4, 4]},
								"west": {"uv": [0, 0], "uv_size": [4, 4]},
								"up": {"uv": [4, 4], "uv_size": [-4, -4]},
								"down": {"uv": [4, 4], "uv_size": [-4, -4]}
							}
						},
						{
							"origin": [2.75, 60.5, 5.75],
							"size": [1.75, 1.75, 1.5],
							"uv": {
								"north": {"uv": [0, 0], "uv_size": [4, 4]},
								"east": {"uv": [0, 0], "uv_size": [4, 4]},
								"south": {"uv": [0, 0], "uv_size": [4, 4]},
								"west": {"uv": [0, 0], "uv_size": [4, 4]},
								"up": {"uv": [4, 4], "uv_size": [-4, -4]},
								"down": {"uv": [4, 4], "uv_size": [-4, -4]}
							}
						},
						{
							"origin": [3, 60.75, 7.25],
							"size": [1.25, 1.25, 1.5],
							"uv": {
								"north": {"uv": [0, 0], "uv_size": [4, 4]},
								"east": {"uv": [0, 0], "uv_size": [4, 4]},
								"south": {"uv": [0, 0], "uv_size": [4, 4]},
								"west": {"uv": [0, 0], "uv_size": [4, 4]},
								"up": {"uv": [4, 4], "uv_size": [-4, -4]},
								"down": {"uv": [4, 4], "uv_size": [-4, -4]}
							}
						}
					]
				},
				{
					"name": "chifre4",
					"parent": "darkshadow_head",
					"pivot": [0, 58.5, 9.58333],
					"rotation": [-5, 0, 0],
					"cubes": [
						{
							"origin": [-1.25, 57, 5.25],
							"size": [2.75, 3, 4],
							"uv": {
								"north": {"uv": [0, 0], "uv_size": [4, 4]},
								"east": {"uv": [0, 0], "uv_size": [4, 4]},
								"south": {"uv": [0, 0], "uv_size": [4, 4]},
								"west": {"uv": [0, 0], "uv_size": [4, 4]},
								"up": {"uv": [4, 4], "uv_size": [-4, -4]},
								"down": {"uv": [4, 4], "uv_size": [-4, -4]}
							}
						},
						{
							"origin": [-1, 57.25, 9.25],
							"size": [2.25, 2.5, 1.5],
							"uv": {
								"north": {"uv": [0, 0], "uv_size": [4, 4]},
								"east": {"uv": [0, 0], "uv_size": [4, 4]},
								"south": {"uv": [0, 0], "uv_size": [4, 4]},
								"west": {"uv": [0, 0], "uv_size": [4, 4]},
								"up": {"uv": [4, 4], "uv_size": [-4, -4]},
								"down": {"uv": [4, 4], "uv_size": [-4, -4]}
							}
						},
						{
							"origin": [-0.75, 57.5, 10.75],
							"size": [1.75, 2, 1.5],
							"uv": {
								"north": {"uv": [0, 0], "uv_size": [4, 4]},
								"east": {"uv": [0, 0], "uv_size": [4, 4]},
								"south": {"uv": [0, 0], "uv_size": [4, 4]},
								"west": {"uv": [0, 0], "uv_size": [4, 4]},
								"up": {"uv": [4, 4], "uv_size": [-4, -4]},
								"down": {"uv": [4, 4], "uv_size": [-4, -4]}
							}
						}
					]
				},
				{
					"name": "chifre5",
					"parent": "darkshadow_head",
					"pivot": [-3.5, 55.5, 8.33333],
					"rotation": [-12.79362, -12.19908, 2.74715],
					"cubes": [
						{
							"origin": [-4.75, 54, 4],
							"size": [2.75, 3, 4],
							"uv": {
								"north": {"uv": [0, 0], "uv_size": [4, 4]},
								"east": {"uv": [0, 0], "uv_size": [4, 4]},
								"south": {"uv": [0, 0], "uv_size": [4, 4]},
								"west": {"uv": [0, 0], "uv_size": [4, 4]},
								"up": {"uv": [4, 4], "uv_size": [-4, -4]},
								"down": {"uv": [4, 4], "uv_size": [-4, -4]}
							}
						},
						{
							"origin": [-4.5, 54.25, 8],
							"size": [2.25, 2.5, 1.5],
							"uv": {
								"north": {"uv": [0, 0], "uv_size": [4, 4]},
								"east": {"uv": [0, 0], "uv_size": [4, 4]},
								"south": {"uv": [0, 0], "uv_size": [4, 4]},
								"west": {"uv": [0, 0], "uv_size": [4, 4]},
								"up": {"uv": [4, 4], "uv_size": [-4, -4]},
								"down": {"uv": [4, 4], "uv_size": [-4, -4]}
							}
						},
						{
							"origin": [-4.25, 54.5, 9.5],
							"size": [1.75, 2, 1.5],
							"uv": {
								"north": {"uv": [0, 0], "uv_size": [4, 4]},
								"east": {"uv": [0, 0], "uv_size": [4, 4]},
								"south": {"uv": [0, 0], "uv_size": [4, 4]},
								"west": {"uv": [0, 0], "uv_size": [4, 4]},
								"up": {"uv": [4, 4], "uv_size": [-4, -4]},
								"down": {"uv": [4, 4], "uv_size": [-4, -4]}
							}
						}
					]
				},
				{
					"name": "chifre6",
					"parent": "darkshadow_head",
					"pivot": [3.5, 55.5, 8.33333],
					"rotation": [-12.79362, 12.19908, -2.74715],
					"cubes": [
						{
							"origin": [2, 54, 4],
							"size": [2.75, 3, 4],
							"uv": {
								"north": {"uv": [0, 0], "uv_size": [4, 4]},
								"east": {"uv": [0, 0], "uv_size": [4, 4]},
								"south": {"uv": [0, 0], "uv_size": [4, 4]},
								"west": {"uv": [0, 0], "uv_size": [4, 4]},
								"up": {"uv": [4, 4], "uv_size": [-4, -4]},
								"down": {"uv": [4, 4], "uv_size": [-4, -4]}
							}
						},
						{
							"origin": [2.25, 54.25, 8],
							"size": [2.25, 2.5, 1.5],
							"uv": {
								"north": {"uv": [0, 0], "uv_size": [4, 4]},
								"east": {"uv": [0, 0], "uv_size": [4, 4]},
								"south": {"uv": [0, 0], "uv_size": [4, 4]},
								"west": {"uv": [0, 0], "uv_size": [4, 4]},
								"up": {"uv": [4, 4], "uv_size": [-4, -4]},
								"down": {"uv": [4, 4], "uv_size": [-4, -4]}
							}
						},
						{
							"origin": [2.5, 54.5, 9.5],
							"size": [1.75, 2, 1.5],
							"uv": {
								"north": {"uv": [0, 0], "uv_size": [4, 4]},
								"east": {"uv": [0, 0], "uv_size": [4, 4]},
								"south": {"uv": [0, 0], "uv_size": [4, 4]},
								"west": {"uv": [0, 0], "uv_size": [4, 4]},
								"up": {"uv": [4, 4], "uv_size": [-4, -4]},
								"down": {"uv": [4, 4], "uv_size": [-4, -4]}
							}
						}
					]
				},
				{
					"name": "darkshadow_rightArm",
					"parent": "ragnarokshadow5",
					"pivot": [-9, 50, 2],
					"cubes": [
						{
							"origin": [-10.75, 46, 0.25],
							"size": [3, 5, 3.5],
							"uv": {
								"north": {"uv": [4, 0], "uv_size": [-4, 4]},
								"east": {"uv": [4, 0], "uv_size": [-4, 4]},
								"south": {"uv": [4, 0], "uv_size": [-4, 4]},
								"west": {"uv": [4, 0], "uv_size": [-4, 4]},
								"up": {"uv": [0, 4], "uv_size": [4, -4]},
								"down": {"uv": [0, 4], "uv_size": [4, -4]}
							}
						},
						{
							"origin": [-11.5, 40, 0],
							"size": [4, 6, 4],
							"uv": {
								"north": {"uv": [4, 0], "uv_size": [-4, 4]},
								"east": {"uv": [4, 0], "uv_size": [-4, 4]},
								"south": {"uv": [4, 0], "uv_size": [-4, 4]},
								"west": {"uv": [4, 0], "uv_size": [-4, 4]},
								"up": {"uv": [0, 4], "uv_size": [4, -4]},
								"down": {"uv": [0, 4], "uv_size": [4, -4]}
							}
						}
					]
				},
				{
					"name": "darkshadow_rightArm2",
					"parent": "darkshadow_rightArm",
					"pivot": [-9.5, 40, 2],
					"cubes": [
						{
							"origin": [-12, 33.75, -0.25],
							"size": [5, 6.25, 4.5],
							"uv": {
								"north": {"uv": [4, 0], "uv_size": [-4, 4]},
								"east": {"uv": [4, 0], "uv_size": [-4, 4]},
								"south": {"uv": [4, 0], "uv_size": [-4, 4]},
								"west": {"uv": [4, 0], "uv_size": [-4, 4]},
								"up": {"uv": [0, 4], "uv_size": [4, -4]},
								"down": {"uv": [0, 4], "uv_size": [4, -4]}
							}
						}
					]
				},
				{
					"name": "darkshadow_rightArm3",
					"parent": "darkshadow_rightArm2",
					"pivot": [-9.5, 33.75, 2],
					"cubes": [
						{
							"origin": [-12.25, 26.5, -0.5],
							"size": [5.5, 7.25, 5],
							"uv": {
								"north": {"uv": [4, 0], "uv_size": [-4, 4]},
								"east": {"uv": [4, 0], "uv_size": [-4, 4]},
								"south": {"uv": [4, 0], "uv_size": [-4, 4]},
								"west": {"uv": [4, 0], "uv_size": [-4, 4]},
								"up": {"uv": [0, 4], "uv_size": [4, -4]},
								"down": {"uv": [0, 4], "uv_size": [4, -4]}
							}
						}
					]
				},
				{
					"name": "darkshadow_rightArm4",
					"parent": "darkshadow_rightArm3",
					"pivot": [-9.29517, 27.30743, 1.93691],
					"cubes": [
						{
							"origin": [-10.5, 25, -1],
							"size": [3.5, 3, 6],
							"uv": {
								"north": {"uv": [4, 0], "uv_size": [-4, 4]},
								"east": {"uv": [4, 0], "uv_size": [-4, 4]},
								"south": {"uv": [4, 0], "uv_size": [-4, 4]},
								"west": {"uv": [4, 0], "uv_size": [-4, 4]},
								"up": {"uv": [0, 4], "uv_size": [4, -4]},
								"down": {"uv": [0, 4], "uv_size": [4, -4]}
							}
						},
						{
							"origin": [-12, 23.25, -1.25],
							"size": [2.5, 4.5, 6.5],
							"uv": {
								"north": {"uv": [4, 0], "uv_size": [-4, 4]},
								"east": {"uv": [4, 0], "uv_size": [-4, 4]},
								"south": {"uv": [4, 0], "uv_size": [-4, 4]},
								"west": {"uv": [4, 0], "uv_size": [-4, 4]},
								"up": {"uv": [0, 4], "uv_size": [4, -4]},
								"down": {"uv": [0, 4], "uv_size": [4, -4]}
							}
						},
						{
							"origin": [-9.33573, 22.96241, -2.27332],
							"size": [1.75, 4.5, 2],
							"pivot": [-8.46073, 25.21241, -1.27332],
							"rotation": [-90, 67.5, -90],
							"uv": {
								"north": {"uv": [4, 0], "uv_size": [-4, 4]},
								"east": {"uv": [4, 0], "uv_size": [-4, 4]},
								"south": {"uv": [4, 0], "uv_size": [-4, 4]},
								"west": {"uv": [4, 0], "uv_size": [-4, 4]},
								"up": {"uv": [0, 4], "uv_size": [4, -4]},
								"down": {"uv": [0, 4], "uv_size": [4, -4]}
							}
						},
						{
							"origin": [-9.08573, 21.16011, -3.22929],
							"size": [1.25, 2.5, 1.5],
							"pivot": [-8.46073, 22.41011, -2.47929],
							"rotation": [-90, 72.5, -90],
							"uv": {
								"north": {"uv": [4, 0], "uv_size": [-4, 4]},
								"east": {"uv": [4, 0], "uv_size": [-4, 4]},
								"south": {"uv": [4, 0], "uv_size": [-4, 4]},
								"west": {"uv": [4, 0], "uv_size": [-4, 4]},
								"up": {"uv": [0, 4], "uv_size": [4, -4]},
								"down": {"uv": [0, 4], "uv_size": [4, -4]}
							}
						},
						{
							"origin": [-11.58573, 20.18927, -1.12297],
							"size": [1.75, 3.5, 2],
							"pivot": [-10.71073, 21.93927, -0.12297],
							"rotation": [-84.99999, 82.5, -89.99999],
							"uv": {
								"north": {"uv": [4, 0], "uv_size": [-4, 4]},
								"east": {"uv": [4, 0], "uv_size": [-4, 4]},
								"south": {"uv": [4, 0], "uv_size": [-4, 4]},
								"west": {"uv": [4, 0], "uv_size": [-4, 4]},
								"up": {"uv": [0, 4], "uv_size": [4, -4]},
								"down": {"uv": [0, 4], "uv_size": [4, -4]}
							}
						},
						{
							"origin": [-11.46946, 18.4751, -1.61051],
							"size": [1.25, 2.25, 1.5],
							"pivot": [-10.34446, 19.6001, -0.86051],
							"rotation": [-67.5, 82.5, -90],
							"uv": {
								"north": {"uv": [4, 0], "uv_size": [-4, 4]},
								"east": {"uv": [4, 0], "uv_size": [-4, 4]},
								"south": {"uv": [4, 0], "uv_size": [-4, 4]},
								"west": {"uv": [4, 0], "uv_size": [-4, 4]},
								"up": {"uv": [0, 4], "uv_size": [4, -4]},
								"down": {"uv": [0, 4], "uv_size": [4, -4]}
							}
						},
						{
							"origin": [-10, 19.73442, 0.33572],
							"size": [1.75, 3.75, 2],
							"pivot": [-9.58573, 22.13357, 2.46072],
							"rotation": [0, 90, -5],
							"uv": {
								"north": {"uv": [4, 0], "uv_size": [-4, 4]},
								"east": {"uv": [4, 0], "uv_size": [-4, 4]},
								"south": {"uv": [4, 0], "uv_size": [-4, 4]},
								"west": {"uv": [4, 0], "uv_size": [-4, 4]},
								"up": {"uv": [0, 4], "uv_size": [4, -4]},
								"down": {"uv": [0, 4], "uv_size": [4, -4]}
							}
						},
						{
							"origin": [-9.75, 18.4332, -0.17728],
							"size": [1.25, 2.25, 1.5],
							"pivot": [-9.58573, 22.13357, 2.46072],
							"rotation": [-67.5, 90, -90],
							"uv": {
								"north": {"uv": [4, 0], "uv_size": [-4, 4]},
								"east": {"uv": [4, 0], "uv_size": [-4, 4]},
								"south": {"uv": [4, 0], "uv_size": [-4, 4]},
								"west": {"uv": [4, 0], "uv_size": [-4, 4]},
								"up": {"uv": [0, 4], "uv_size": [4, -4]},
								"down": {"uv": [0, 4], "uv_size": [4, -4]}
							}
						},
						{
							"origin": [-11.9902, 19.80892, 0.33572],
							"size": [1.75, 3.75, 2],
							"pivot": [-9.58573, 22.13357, 2.46072],
							"rotation": [95, 85, 90],
							"uv": {
								"north": {"uv": [4, 0], "uv_size": [-4, 4]},
								"east": {"uv": [4, 0], "uv_size": [-4, 4]},
								"south": {"uv": [4, 0], "uv_size": [-4, 4]},
								"west": {"uv": [4, 0], "uv_size": [-4, 4]},
								"up": {"uv": [0, 4], "uv_size": [4, -4]},
								"down": {"uv": [0, 4], "uv_size": [4, -4]}
							}
						},
						{
							"origin": [-11.74021, 18.57815, -0.03145],
							"size": [1.25, 2.25, 1.5],
							"pivot": [-9.58573, 22.13357, 2.46072],
							"rotation": [112.5, 85, 90],
							"uv": {
								"north": {"uv": [4, 0], "uv_size": [-4, 4]},
								"east": {"uv": [4, 0], "uv_size": [-4, 4]},
								"south": {"uv": [4, 0], "uv_size": [-4, 4]},
								"west": {"uv": [4, 0], "uv_size": [-4, 4]},
								"up": {"uv": [0, 4], "uv_size": [4, -4]},
								"down": {"uv": [0, 4], "uv_size": [4, -4]}
							}
						},
						{
							"origin": [-14.07347, 21.98141, 0.33572],
							"size": [1.75, 4, 2],
							"pivot": [-9.58573, 22.13357, 2.46072],
							"rotation": [90, 67.5, 90],
							"uv": {
								"north": {"uv": [4, 0], "uv_size": [-4, 4]},
								"east": {"uv": [4, 0], "uv_size": [-4, 4]},
								"south": {"uv": [4, 0], "uv_size": [-4, 4]},
								"west": {"uv": [4, 0], "uv_size": [-4, 4]},
								"up": {"uv": [0, 4], "uv_size": [4, -4]},
								"down": {"uv": [0, 4], "uv_size": [4, -4]}
							}
						},
						{
							"origin": [-13.82346, 20.4209, 0.6194],
							"size": [1.25, 2.5, 1.5],
							"pivot": [-9.58573, 22.13357, 2.46072],
							"rotation": [112.5, 67.5, 90],
							"uv": {
								"north": {"uv": [4, 0], "uv_size": [-4, 4]},
								"east": {"uv": [4, 0], "uv_size": [-4, 4]},
								"south": {"uv": [4, 0], "uv_size": [-4, 4]},
								"west": {"uv": [4, 0], "uv_size": [-4, 4]},
								"up": {"uv": [0, 4], "uv_size": [4, -4]},
								"down": {"uv": [0, 4], "uv_size": [4, -4]}
							}
						}
					]
				},
				{
					"name": "darkshadow_leftArm",
					"parent": "ragnarokshadow5",
					"pivot": [9, 50, 2],
					"cubes": [
						{
							"origin": [7.75, 46, 0.25],
							"size": [3, 5, 3.5],
							"uv": {
								"north": {"uv": [0, 0], "uv_size": [4, 4]},
								"east": {"uv": [0, 0], "uv_size": [4, 4]},
								"south": {"uv": [0, 0], "uv_size": [4, 4]},
								"west": {"uv": [0, 0], "uv_size": [4, 4]},
								"up": {"uv": [4, 4], "uv_size": [-4, -4]},
								"down": {"uv": [4, 4], "uv_size": [-4, -4]}
							}
						},
						{
							"origin": [7.5, 40, 0],
							"size": [4, 6, 4],
							"uv": {
								"north": {"uv": [0, 0], "uv_size": [4, 4]},
								"east": {"uv": [0, 0], "uv_size": [4, 4]},
								"south": {"uv": [0, 0], "uv_size": [4, 4]},
								"west": {"uv": [0, 0], "uv_size": [4, 4]},
								"up": {"uv": [4, 4], "uv_size": [-4, -4]},
								"down": {"uv": [4, 4], "uv_size": [-4, -4]}
							}
						}
					]
				},
				{
					"name": "darkshadow_leftArm2",
					"parent": "darkshadow_leftArm",
					"pivot": [9.5, 40, 2],
					"cubes": [
						{
							"origin": [7, 33.75, -0.25],
							"size": [5, 6.25, 4.5],
							"uv": {
								"north": {"uv": [0, 0], "uv_size": [4, 4]},
								"east": {"uv": [0, 0], "uv_size": [4, 4]},
								"south": {"uv": [0, 0], "uv_size": [4, 4]},
								"west": {"uv": [0, 0], "uv_size": [4, 4]},
								"up": {"uv": [4, 4], "uv_size": [-4, -4]},
								"down": {"uv": [4, 4], "uv_size": [-4, -4]}
							}
						}
					]
				},
				{
					"name": "darkshadow_leftArm3",
					"parent": "darkshadow_leftArm2",
					"pivot": [9.5, 33.75, 2],
					"cubes": [
						{
							"origin": [6.75, 26.5, -0.5],
							"size": [5.5, 7.25, 5],
							"uv": {
								"north": {"uv": [0, 0], "uv_size": [4, 4]},
								"east": {"uv": [0, 0], "uv_size": [4, 4]},
								"south": {"uv": [0, 0], "uv_size": [4, 4]},
								"west": {"uv": [0, 0], "uv_size": [4, 4]},
								"up": {"uv": [4, 4], "uv_size": [-4, -4]},
								"down": {"uv": [4, 4], "uv_size": [-4, -4]}
							}
						}
					]
				},
				{
					"name": "darkshadow_leftArm4",
					"parent": "darkshadow_leftArm3",
					"pivot": [9.29517, 27.30743, 1.93691],
					"cubes": [
						{
							"origin": [7, 25, -1],
							"size": [3.5, 3, 6],
							"uv": {
								"north": {"uv": [0, 0], "uv_size": [4, 4]},
								"east": {"uv": [0, 0], "uv_size": [4, 4]},
								"south": {"uv": [0, 0], "uv_size": [4, 4]},
								"west": {"uv": [0, 0], "uv_size": [4, 4]},
								"up": {"uv": [4, 4], "uv_size": [-4, -4]},
								"down": {"uv": [4, 4], "uv_size": [-4, -4]}
							}
						},
						{
							"origin": [9.5, 23.25, -1.25],
							"size": [2.5, 4.5, 6.5],
							"uv": {
								"north": {"uv": [0, 0], "uv_size": [4, 4]},
								"east": {"uv": [0, 0], "uv_size": [4, 4]},
								"south": {"uv": [0, 0], "uv_size": [4, 4]},
								"west": {"uv": [0, 0], "uv_size": [4, 4]},
								"up": {"uv": [4, 4], "uv_size": [-4, -4]},
								"down": {"uv": [4, 4], "uv_size": [-4, -4]}
							}
						},
						{
							"origin": [7.58573, 22.96241, -2.27332],
							"size": [1.75, 4.5, 2],
							"pivot": [8.46073, 25.21241, -1.27332],
							"rotation": [-90, -67.5, 90],
							"uv": {
								"north": {"uv": [0, 0], "uv_size": [4, 4]},
								"east": {"uv": [0, 0], "uv_size": [4, 4]},
								"south": {"uv": [0, 0], "uv_size": [4, 4]},
								"west": {"uv": [0, 0], "uv_size": [4, 4]},
								"up": {"uv": [4, 4], "uv_size": [-4, -4]},
								"down": {"uv": [4, 4], "uv_size": [-4, -4]}
							}
						},
						{
							"origin": [7.83573, 21.16011, -3.22929],
							"size": [1.25, 2.5, 1.5],
							"pivot": [8.46073, 22.41011, -2.47929],
							"rotation": [-90, -72.5, 90],
							"uv": {
								"north": {"uv": [0, 0], "uv_size": [4, 4]},
								"east": {"uv": [0, 0], "uv_size": [4, 4]},
								"south": {"uv": [0, 0], "uv_size": [4, 4]},
								"west": {"uv": [0, 0], "uv_size": [4, 4]},
								"up": {"uv": [4, 4], "uv_size": [-4, -4]},
								"down": {"uv": [4, 4], "uv_size": [-4, -4]}
							}
						},
						{
							"origin": [9.83573, 20.18927, -1.12297],
							"size": [1.75, 3.5, 2],
							"pivot": [10.71073, 21.93927, -0.12297],
							"rotation": [-84.99999, -82.5, 89.99999],
							"uv": {
								"north": {"uv": [0, 0], "uv_size": [4, 4]},
								"east": {"uv": [0, 0], "uv_size": [4, 4]},
								"south": {"uv": [0, 0], "uv_size": [4, 4]},
								"west": {"uv": [0, 0], "uv_size": [4, 4]},
								"up": {"uv": [4, 4], "uv_size": [-4, -4]},
								"down": {"uv": [4, 4], "uv_size": [-4, -4]}
							}
						},
						{
							"origin": [10.21946, 18.4751, -1.61051],
							"size": [1.25, 2.25, 1.5],
							"pivot": [10.34446, 19.6001, -0.86051],
							"rotation": [-67.5, -82.5, 90],
							"uv": {
								"north": {"uv": [0, 0], "uv_size": [4, 4]},
								"east": {"uv": [0, 0], "uv_size": [4, 4]},
								"south": {"uv": [0, 0], "uv_size": [4, 4]},
								"west": {"uv": [0, 0], "uv_size": [4, 4]},
								"up": {"uv": [4, 4], "uv_size": [-4, -4]},
								"down": {"uv": [4, 4], "uv_size": [-4, -4]}
							}
						},
						{
							"origin": [8.25, 19.73442, 0.33572],
							"size": [1.75, 3.75, 2],
							"pivot": [9.58573, 22.13357, 2.46072],
							"rotation": [0, -90, 5],
							"uv": {
								"north": {"uv": [0, 0], "uv_size": [4, 4]},
								"east": {"uv": [0, 0], "uv_size": [4, 4]},
								"south": {"uv": [0, 0], "uv_size": [4, 4]},
								"west": {"uv": [0, 0], "uv_size": [4, 4]},
								"up": {"uv": [4, 4], "uv_size": [-4, -4]},
								"down": {"uv": [4, 4], "uv_size": [-4, -4]}
							}
						},
						{
							"origin": [8.5, 18.4332, -0.17728],
							"size": [1.25, 2.25, 1.5],
							"pivot": [9.58573, 22.13357, 2.46072],
							"rotation": [-67.5, -90, 90],
							"uv": {
								"north": {"uv": [0, 0], "uv_size": [4, 4]},
								"east": {"uv": [0, 0], "uv_size": [4, 4]},
								"south": {"uv": [0, 0], "uv_size": [4, 4]},
								"west": {"uv": [0, 0], "uv_size": [4, 4]},
								"up": {"uv": [4, 4], "uv_size": [-4, -4]},
								"down": {"uv": [4, 4], "uv_size": [-4, -4]}
							}
						},
						{
							"origin": [10.2402, 19.80892, 0.33572],
							"size": [1.75, 3.75, 2],
							"pivot": [9.58573, 22.13357, 2.46072],
							"rotation": [95, -85, -90],
							"uv": {
								"north": {"uv": [0, 0], "uv_size": [4, 4]},
								"east": {"uv": [0, 0], "uv_size": [4, 4]},
								"south": {"uv": [0, 0], "uv_size": [4, 4]},
								"west": {"uv": [0, 0], "uv_size": [4, 4]},
								"up": {"uv": [4, 4], "uv_size": [-4, -4]},
								"down": {"uv": [4, 4], "uv_size": [-4, -4]}
							}
						},
						{
							"origin": [10.49021, 18.57815, -0.03145],
							"size": [1.25, 2.25, 1.5],
							"pivot": [9.58573, 22.13357, 2.46072],
							"rotation": [112.5, -85, -90],
							"uv": {
								"north": {"uv": [0, 0], "uv_size": [4, 4]},
								"east": {"uv": [0, 0], "uv_size": [4, 4]},
								"south": {"uv": [0, 0], "uv_size": [4, 4]},
								"west": {"uv": [0, 0], "uv_size": [4, 4]},
								"up": {"uv": [4, 4], "uv_size": [-4, -4]},
								"down": {"uv": [4, 4], "uv_size": [-4, -4]}
							}
						},
						{
							"origin": [12.32347, 21.98141, 0.33572],
							"size": [1.75, 4, 2],
							"pivot": [9.58573, 22.13357, 2.46072],
							"rotation": [90, -67.5, -90],
							"uv": {
								"north": {"uv": [0, 0], "uv_size": [4, 4]},
								"east": {"uv": [0, 0], "uv_size": [4, 4]},
								"south": {"uv": [0, 0], "uv_size": [4, 4]},
								"west": {"uv": [0, 0], "uv_size": [4, 4]},
								"up": {"uv": [4, 4], "uv_size": [-4, -4]},
								"down": {"uv": [4, 4], "uv_size": [-4, -4]}
							}
						},
						{
							"origin": [12.57346, 20.4209, 0.6194],
							"size": [1.25, 2.5, 1.5],
							"pivot": [9.58573, 22.13357, 2.46072],
							"rotation": [112.5, -67.5, -90],
							"uv": {
								"north": {"uv": [0, 0], "uv_size": [4, 4]},
								"east": {"uv": [0, 0], "uv_size": [4, 4]},
								"south": {"uv": [0, 0], "uv_size": [4, 4]},
								"west": {"uv": [0, 0], "uv_size": [4, 4]},
								"up": {"uv": [4, 4], "uv_size": [-4, -4]},
								"down": {"uv": [4, 4], "uv_size": [-4, -4]}
							}
						}
					]
				}
			]
		}
	]
}