{
	"format_version": "1.8.0",
	"animations": {
		"animation.air_cannon.jump_cannon.start": {
			"loop": "hold_on_last_frame",
			"animation_length": 1.3,
			"particle_effects": {
				"0.0": [
					{ "effect": "jump_cannon", "locator": "" }
				],
				"0.05": [
					{ "effect": "jump_cannon", "locator": "" }
				],
				"0.1": [
					{ "effect": "jump_cannon", "locator": "" }
				],
				"0.15": [
					{ "effect": "jump_cannon", "locator": "" }
				],
				"0.2": [
					{ "effect": "jump_cannon", "locator": "" }
				],
				"0.25": [
					{ "effect": "jump_cannon", "locator": "" }
				],
				"0.3": [
					{ "effect": "jump_cannon", "locator": "" }
				],
				"0.35": [
					{ "effect": "jump_cannon", "locator": "" }
				],
				"0.4": [
					{ "effect": "jump_cannon", "locator": "" }
				],
				"0.45": [
					{ "effect": "jump_cannon", "locator": "" }
				],
				"0.5": [
					{ "effect": "jump_cannon", "locator": "" }
				],
				"0.6": [
					{ "effect": "jump_cannon", "locator": "" }
				],
				"0.7": [
					{ "effect": "jump_cannon", "locator": "" }
				],
				"0.8": [
					{ "effect": "jump_cannon", "locator": "" }
				],
				"0.9": [
					{ "effect": "jump_cannon", "locator": "" }
				],
				"1.0": [
					{ "effect": "jump_cannon", "locator": "" }
				],
				"1.1": [
					{ "effect": "jump_cannon", "locator": "" }
				],
				"1.2": [
					{ "effect": "jump_cannon", "locator": "" }
				]
			}
		}
	}
}