{
	"format_version": "1.8.0",
	"animations": {
		"animation.cremation.jet_burn.loop": {
			"loop": "hold_on_last_frame",
			"animation_length": 0.5,
			"override_previous_animation": true,
			"bones": {
				"waist": {
					"rotation": [17.5, 37.5, 10]
				},
				"rightArm": {
					"rotation": [-107.77851, -10.17062, 28.81753],
					"position": [-0.5, 0, 0.5]
				},
				"leftArm": {
					"rotation": [-81.50679, 15.61057, -33.11203]
				},
				"rightleg": {
					"rotation": [26.12877, 46.93584, 19.71601],
					"position": [0.5, 0, 2.5]
				},
				"leftleg": {
					"rotation": [9.37292, -3.35396, -1.27624],
					"position": [0, 0, -3.5]
				},
				"head": {
					"rotation": [0, -30, 5]
				}
			},
			"particle_effects": {
				"0.0": [
					{ "effect": "charge_jet_burncrem", "locator": "rightarm2" }
				]
			}
		}
	}
}