{
	"format_version": "1.8.0",
	"animations": {
		"animation.deku.combo1": {
			"loop": "hold_on_last_frame",
			"animation_length": 1.8,
			"override_previous_animation": true,
			"bones": {
				"waist": {
					"rotation": {
						"0.0": [0, 0, 0],
						"0.125": [0, -10, 5],
						"0.3333": [0, -10, 5],
						"0.4583": [0, 42.5, 0],
						"1.0": [0, 57.5, 0],
						"1.1667": [7.5, -45, 0]
					},
					"position": [0, 0, 0]
				},
				"body": {
					"rotation": [0, 0, 0],
					"position": [0, 0, 0]
				},
				"head": {
					"rotation": {
						"0.0": [0, 0, 0],
						"0.125": [0, 7.5, 0],
						"0.3333": [0, 7.5, 0],
						"0.4583": [-0.75863, -22.183, 0.81521],
						"1.0": [-1.83757, -14.52643, 1.21473],
						"1.1667": [-2.5, 27.5, 0]
					},
					"position": {
						"0.0": [0, 0, 0],
						"0.125": [0, 0, 0],
						"0.3333": [0, 0, 0]
					}
				},
				"rightArm": {
					"rotation": {
						"0.0": [0, 0, 0],
						"0.125": [10, 0, 10],
						"0.3333": [10, 0, 10],
						"0.4583": [45.52112, 1.16924, 94.11683],
						"1.0": [43.22544, 2.39401, 96.44025],
						"1.1667": [-44.49595, 6.18413, 93.51321]
					},
					"position": {
						"0.0": [0, 0, 0],
						"0.125": [0, 0, 0],
						"0.3333": [0, 0, 0]
					}
				},
				"leftArm": {
					"rotation": {
						"0.0": [0, 0, 0],
						"0.125": [15, 0, -15],
						"0.3333": [15, 0, -15],
						"0.4583": [-16.24074, -6.60796, -31.55613],
						"1.0": [-16.24074, -6.60796, -31.55613]
					},
					"position": {
						"0.0": [0, 0, 0],
						"0.125": [0, 0, 0],
						"0.3333": [0, 0, 0]
					}
				},
				"rightleg": {
					"rotation": {
						"0.0": [0, 0, 0],
						"0.125": [-120, 0, 0],
						"0.3333": [-120, 0, 0],
						"0.4583": [6.0963, 34.84748, 3.49226],
						"1.0": [6.76733, 42.30053, 4.56615],
						"1.1667": [5, 0, 0]
					},
					"position": {
						"0.0": [0, 0, 0],
						"0.125": [0, 0, 0],
						"0.3333": [0, 0, 0],
						"0.4583": [0, 0, 1.5],
						"1.0": [0, 0, 1.5],
						"1.1667": [0.5, 0.5, -3]
					}
				},
				"leftleg": {
					"rotation": {
						"0.0": [0, 0, 0],
						"0.125": [0, 0, 0],
						"0.3333": [0, 0, 0],
						"0.4583": [-2.5, 0, 0],
						"1.0": [-2.5, 0, 0],
						"1.1667": [9.92473, -29.22712, -4.24481]
					},
					"position": {
						"0.0": [0, 0, 0],
						"0.125": [0, 0, 0],
						"0.3333": [0, 0, 0],
						"0.4583": [0, 0.5, -2],
						"1.0": [0, 0.5, -2],
						"1.1667": [0, 0.5, 1.5]
					}
				}
			}
		},
		"animation.deku.other.combo1": {
			"loop": "hold_on_last_frame",
			"animation_length": 0.75,
			"override_previous_animation": true,
			"bones": {
				"root": {
					"rotation": [0, -90, 0],
					"position": [0, 2, 0]
				},
				"waist": {
					"rotation": [90, 0, 0]
				},
				"head": {
					"rotation": [10, 0, 0]
				},
				"rightArm": {
					"rotation": [-12.5, 0, 17.5]
				},
				"leftArm": {
					"rotation": [-12.5, 0, -17.5]
				},
				"rightleg": {
					"rotation": [72.5, -5, 0]
				},
				"leftleg": {
					"rotation": [72.5, 5, 0]
				}
			}
		},
		"animation.deku.combo3.loop": {
			"loop": true,
			"animation_length": 0.75,
			"override_previous_animation": true,
			"bones": {
				"waist": {
					"rotation": [0, 32.5, 0],
					"position": [0, -1, 1]
				},
				"head": {
					"rotation": [0, -15, 0]
				},
				"body": {
					"rotation": [0, 0, 0]
				},
				"rightArm": {
					"rotation": [60, 0, 90]
				},
				"leftArm": {
					"rotation": [0, 0, -50]
				},
				"rightLeg": {
					"rotation": [14.00839, 29.4987, 5.72511],
					"position": [0, -0.5, 1]
				},
				"leftLeg": {
					"rotation": [-5, 0, 0],
					"position": [0, 0, -1.5]
				}
			}
		}
	}
}