{
	"format_version": "1.8.0",
	"animations": {
		"animation.fierce_wings.default": {
			"loop": true,
			"bones": {
				"rightWing": {
					"rotation": [10, 7.5, 7.5]
				},
				"rightWing2": {
					"rotation": [0, 0, -52.5]
				},
				"rightWing4": {
					"rotation": [0, 0, -32.5]
				},
				"rightWing3": {
					"rotation": [0, 0, 30]
				},
				"rightWing1": {
					"rotation": [0, 0, 22.5]
				},
				"rightForeWing": {
					"rotation": [0, -22.5, 0]
				},
				"leftWing": {
					"rotation": [10, -7.5, -7.5]
				},
				"leftWing1": {
					"rotation": [0, 0, -22.5]
				},
				"leftWing2": {
					"rotation": [0, 0, 52.5]
				},
				"leftForeWing": {
					"rotation": [0, 22.5, 0]
				},
				"leftWing3": {
					"rotation": [0, 0, -30]
				},
				"leftWing4": {
					"rotation": [0, 0, 32.5]
				}
			}
		},
		"animation.fierce_wings.ground": {
			"loop": true,
			"bones": {
				"rightWing": {
					"rotation": [5, 12.5, 7.5]
				},
				"rightWing2": {
					"rotation": [20.5, -20, -75.5]
				},
				"rightWing4": {
					"rotation": [0, 0, -32.5]
				},
				"rightWing1": {
					"rotation": [0, 0, 40]
				},
				"rightForeWing": {
					"rotation": [8.25, -15, -12.5]
				},
				"leftWing": {
					"rotation": [5, -12.5, -7.5]
				},
				"leftWing1": {
					"rotation": [0, 0, -40]
				},
				"leftWing2": {
					"rotation": [20.5, 20.5, 75.5]
				},
				"leftForeWing": {
					"rotation": [8.25, 15, 12.5]
				},
				"leftWing4": {
					"rotation": [0, 0, 32.5]
				}
			}
		},
		"animation.fierce_wings.fly": {
			"loop": true,
			"animation_length": 1.1675,
			"override_previous_animation": true,
			"bones": {
				"root": {
					"rotation": ["query.target_x_rotation + 70", "query.target_y_rotation", 0],
					"position": [0, 4, 16]
				},
				"rightWing1": {
					"rotation": {
						"0.0": [0, 17.5, 10],
						"0.375": [0, 40, 10],
						"0.75": [0, 5, 10],
						"1.1667": [0, 17.5, 10]
					}
				},
				"rightForeWing": {
					"rotation": {
						"0.0": [-17.5, -37.5, 32.5],
						"0.375": [10, -15, 32.5],
						"0.75": [-17.5, -37.5, 32.5]
					}
				},
				"leftWing1": {
					"rotation": {
						"0.0": [0, -17.5, -10],
						"0.375": [0, -40, -10],
						"0.75": [0, -5, -10],
						"1.1667": [0, -17.5, -10]
					}
				},
				"leftForeWing": {
					"rotation": {
						"0.0": [-17.5, 37.5, -32.5],
						"0.375": [10, 15, -32.5],
						"0.75": [-17.5, 37.5, -32.5]
					}
				}
			}
		}
	}
}