{
	"format_version": "1.8.0",
	"animations": {
		"animation.rabbit.moonarc.end": {
			"loop": false,
			"animation_length": 0.75,
			"override_previous_animation": true,
			"bones": {
				"waist": {
					"rotation": {
						"0.0": [-7.5, 0, 0],
						"0.25": [17.5, 0, 0]
					},
					"position": [0, 0, 1]
				},
				"head": {
					"rotation": [10, 0, 0]
				},
				"rightArm": {
					"rotation": [0, 0, 27.5],
					"position": [0, 0, 0]
				},
				"leftArm": {
					"rotation": [0, 0, -27.5],
					"position": [0, 0, 0]
				},
				"rightleg": {
					"rotation": [0, 0, 2.5],
					"position": {
						"0.0": [0, 0, 0],
						"0.25": [0, 0, 1]
					}
				},
				"leftleg": {
					"rotation": {
						"0.0": [-157.5, 0, -2.5],
						"0.25": [40, 0, -2.5]
					},
					"position": [0, 1, -1]
				},
				"root": {
					"position": [0, 2, 0]
				}
			},
			"particle_effects": {
				"0.15": {
					"effect": "moonarc"
				}
			}
		},
		"animation.rabbit.moonfall.end": {
			"loop": false,
			"animation_length": 0.75,
			"override_previous_animation": true,
			"bones": {
				"waist": {
					"rotation": {
						"0.0": [-7.5, 0, 0],
						"0.25": [17.5, 0, 0]
					},
					"position": [0, 0, 1]
				},
				"head": {
					"rotation": [10, 0, 0]
				},
				"rightArm": {
					"rotation": [0, 0, 27.5],
					"position": [0, 0, 0]
				},
				"leftArm": {
					"rotation": [0, 0, -27.5],
					"position": [0, 0, 0]
				},
				"rightleg": {
					"rotation": [0, 0, 2.5],
					"position": {
						"0.0": [0, 0, 0],
						"0.25": [0, 0, 1]
					}
				},
				"leftleg": {
					"rotation": {
						"0.0": [-157.5, 0, -2.5],
						"0.25": [40, 0, -2.5]
					},
					"position": [0, 1, -1]
				},
				"root": {
					"position": [0, 2, 0]
				}
			}
		},
		"animation.rabbit.moonring.end": {
			"loop": false,
			"animation_length": 0.5,
			"override_previous_animation": true,
			"bones": {
				"waist": {
					"rotation": {
						"0.0": [0, 0, 0],
						"0.4": [402.5, 0, 0]
					}
				},
				"rightArm": {
					"rotation": {
						"0.0": [0, 0, 0],
						"0.4": [35, 0, 15]
					}
				},
				"leftArm": {
					"rotation": {
						"0.0": [0, 0, -2.5],
						"0.4": [20, 0, -25]
					}
				},
				"rightLeg": {
					"rotation": {
						"0.0": [0, 0, 0],
						"0.4": [312.5, 0, 0]
					},
					"position": {
						"0.0": [0, 0, 0],
						"0.4": [0, -1, 0]
					}
				},
				"leftLeg": {
					"rotation": {
						"0.0": [0, 0, 0],
						"0.4": [365, -2.5, -2.5]
					}
				}
			},
			"particle_effects": {
				"0.225": {
					"effect": "moonring"
				}
			}
		}
	}
}