{
	"format_version": "1.8.0",
	"animations": {
		"animation.shigaraki.combo2.loop": {
			"loop": "hold_on_last_frame",
			"animation_length": 0.5,
			"override_previous_animation": true,
			"bones": {
				"waist": {
					"rotation": [7.5, 0, 0],
					"position": [0, -0.5, 0]
				},
				"head": {
					"rotation": [27.5, 0, 0]
				},
				"rightArm": {
					"rotation": [0, 0, 17.5]
				},
				"leftArm": {
					"rotation": [0, 0, -17.5]
				},
				"rightleg": {
					"position": [0, -1, -1]
				},
				"leftleg": {
					"rotation": [2.5, 0, 0],
					"position": [0, 0.5, -0.5]
				}
			}
		}
	}
}