{
	"format_version": "1.8.0",
	"animations": {
		"animation.size.block.loop" : {
			"loop" : true,
			"animation_length": 0.5,
			"override_previous_animation": true,
			"bones" : {
				"rightArm" : {
					"rotation" : [ 0.0, 0, 67.0 ]
				},
				"grass" : {
					"rotation": ["query.anim_time * 400", "-query.anim_time * 400", "query.anim_time * 400"],
					"scale": [0.75, 0.75, 0.75]
				},
				"stone" : {
					"rotation": ["query.anim_time * 400", "-query.anim_time * 400", "query.anim_time * 400"],
					"scale": [0.75, 0.75, 0.75]
				}
			}
		},
		"animation.size.block.end" : {
			"loop": true,
			"animation_length": 0.7,
			"override_previous_animation": true,
			"bones": {
				"rightArm": {
					"rotation": {
						"0.0": [0, 0, 67],
						"0.2": [-70, -5, 80]
					}
				},
				"grass": {
					"scale": [0, 0, 0]
				},
				"stone": {
					"scale": [0, 0, 0]
				},
				"sword": {
					"scale": [0, 0, 0]
				},
				"waist": {
					"rotation": {
						"0.0": [0, 0, 0],
						"0.2": [0, -22.5, 0]
					}
				},
				"leftArm": {
					"rotation": [0, 0, -20]
				}
			}
		}
	}
}