{
  "rotacao": {
    "max_distance": 64.0,
    "sounds": [
      {
        "name": "sounds/rotacao",
        "stream": true,
        "volume": 0.1,
        "load_on_low_memory": true
      }
    ]
  },
  "palma_ar": {
    "max_distance": 64.0,
    "sounds": [
      {
        "name": "sounds/palma_ar",
        "stream": true,
        "volume": 0.1,
        "load_on_low_memory": true
      }
    ]
  },
  "kill_clone": {
    "max_distance": 64.0,
    "sounds": [
      {
        "name": "sounds/kill_clone",
        "stream": true,
        "volume": 0.1,
        "load_on_low_memory": true
      }
    ]
  },
  "impacto": {
    "max_distance": 64.0,
    "sounds": [
      {
        "name": "sounds/impacto",
        "stream": true,
        "volume": 0.1,
        "load_on_low_memory": true
      }
    ]
  },
  "hit": {
    "max_distance": 64.0,
    "sounds": [
      {
        "name": "sounds/hit",
        "stream": true,
        "volume": 0.1,
        "load_on_low_memory": true
      }
    ]
  },
  "trigramas": {
    "max_distance": 64.0,
    "sounds": [
      {
        "name": "sounds/trigramas",
        "stream": true,
        "volume": 0.1,
        "load_on_low_memory": true
      }
    ]
  },
  "vento": {
    "max_distance": 64.0,
    "sounds": [
      {
        "name": "sounds/vento",
        "stream": true,
        "volume": 0.1,
        "load_on_low_memory": true
      }
    ]
  },
  "tigre": {
    "max_distance": 64.0,
    "sounds": [
      {
        "name": "sounds/tigre",
        "stream": true,
        "volume": 0.1,
        "load_on_low_memory": true
      }
    ]
  },
  "chakra": {
    "max_distance": 64.0,
    "sounds": [
      {
        "name": "sounds/chakra",
        "stream": true,
        "volume": 0.1,
        "load_on_low_memory": true
      }
    ]
  },
  "guy_noturno": {
    "max_distance": 64.0,
    "sounds": [
      {
        "name": "sounds/guy_noturno",
        "stream": true,
        "volume": 0.1,
        "load_on_low_memory": true
      }
    ]
  }
}
