{
  "format_version": "1.10.0",
  "minecraft:client_entity": {
    "description": {
      "identifier": "one:beerus_sun",
      "materials": {
        "default": "entity_alphablend"
      },
      "textures": {
        "default": "textures/Skills/sun"
      },
      "geometry": {
        "default": "geometry.beerus_sun"
      },
     "particle_effects": {
        "beerus_sun": "one:beerus_sun"
      },
      "scripts": {
        "scale": "1.5",
        "animate": [
          "look"
        ]
      },
      "animations": {
        "look": "animation.beerus_sun"
      },
      "render_controllers": [ "controller.render.skills" ]
    }
  }
}
