{
  "format_version": "1.10.0",
  "minecraft:client_entity": {
    "description": {
      "identifier": "one:beerus_orb",
      "materials": {
        "default": "charged_creeper"
      },
      "textures": {
        "default": "textures/Skills/orb"
      },
      "geometry": {
        "default": "geometry.beerus_orb"
      },
      "scripts": {
        "scale": "1.5",
        "animate": [
          "look"
        ]
      },
      "animations": {
        "look": "controller.animation.skill",
        "anim1": "animation.beerus_orb0",
        "anim2": "animation.beerus_orb"
      },
      "render_controllers": [ "controller.render.skills" ]
    }
  }
}
