{
  "format_version": "1.10.0",
  "minecraft:client_entity": {
    "description": {
      "identifier": "one:explosion",
      "materials": {
        "default": "charged_creeper"
      },
      "textures": {
        "explode1": "textures/Skills/rasenshuriken",
        "explode2": "textures/Skills/rasenshuriken",
        "explode3": "textures/Skills/rasenshuriken",
        "explode4": "textures/Skills/rasenshuriken",
        "explode5": "textures/Skills/chidori",
        "explode6": "textures/Skills/kienzan",
        "explode7": "textures/Skills/genki_dama",
        "explode8": "textures/Skills/kienzan",
        "explode9": "textures/Skills/galick_gun",
        "explode10": "textures/Skills/sun"
      },
      "geometry": {
        "default": "geometry.explosion"
      },
     "particle_effects": {
        "chidori": "one:chidori_ex"
      },
      "scripts": {
        "animate": [
          {"look": "query.variant != 4"},
          {"look2": "query.variant == 4"}
        ]
      },
      "animations": {
        "look": "animation.explosion",
        "look2": "animation.chidori_explosion"
      },
      "render_controllers": [ "controller.render.explosion" ]
    }
  }
}
