{
  "format_version": "1.10.0",
  "minecraft:client_entity": {
    "description": {
      "identifier": "one:genki_dama",
      "materials": {
        "default": "charged_creeper"
      },
      "textures": {
        "default": "textures/Skills/genki_dama"
      },
      "geometry": {
        "default": "geometry.rasengan"
      },
      "scripts": {
        "scale": "1.5",
        "animate": [
          "look"
        ]
      },
      "animations": {
        "look": "animation.genki_dama"
      },
      "render_controllers": [ "controller.render.skills" ]
    }
  }
}
