{
  "format_version": "1.10.0",
  "minecraft:client_entity": {
    "description": {
      "identifier": "one:rasenshuriken",
      "materials": {
        "default": "charged_creeper"
      },
      "textures": {
        "default": "textures/Skills/rasenshuriken"
      },
      "geometry": {
        "default": "geometry.rasenshuriken"
      },
      "scripts": {
        "scale": "1.5",
        "animate": [
          "look"
        ]
      },
      "animations": {
        "look": "animation.rasenshuriken"
      },
      "render_controllers": [ "controller.render.skills" ]
    }
  }
}
