{
  "format_version": "1.10.0",
  "minecraft:client_entity": {
    "description": {
      "identifier": "one:smoke_bomb",
      "materials": {
        "default": "entity_alphatest"
      },
      "textures": {
        "default": "textures/Skills/smoke_bomb"
      },
      "geometry": {
        "default": "geometry.smoke_bomb"
      },
      "scripts": {
        "pre_animation": [
          "variable.shake = query.shake_time - query.frame_alpha;",
          "variable.shake_power = variable.shake > 0.0 ? -Math.sin(variable.shake * 200.0) * variable.shake : 0.0;"
        ],
        "animate": [
          "look"
        ]
      },
      "animations": {
        "look": "animation.paper_bomb"
      },
      "render_controllers": [ "controller.render.skills" ]
    }
  }
}
