{
  "format_version": "1.10.0",
  "minecraft:client_entity": {
    "description": {
      "identifier": "one:solar_flare",
      "materials": {
        "default": "charged_creeper"
      },
      "textures": {
        "default": "textures/Skills/solar_flare"
      },
      "geometry": {
        "default": "geometry.explosion"
      },
      "scripts": {
        "animate": [
          "look"
        ]
      },
      "animations": {
        "look": "animation.solar_flare"
      },
      "render_controllers": [ "controller.render.skills" ]
    }
  }
}
