{
  "format_version": "1.10.0",
  "minecraft:client_entity": {
    "description": {
      "identifier": "one:woodattack",
      "materials": {
        "default": "entity_alphatest"
      },
      "textures": {
        "default": "textures/Skills/mokuton"
      },
      "geometry": {
        "default": "geometry.woodattack"
      },
      "scripts": {
        "animate": [
          "look"
        ]
      },
      "animations": {
        "look": "animation.woodattack"
      },
      "render_controllers": [ "controller.render.skills" ]
    }
  }
}
