{
  "format_version": "1.16.100",
  "minecraft:block": {
    "description": {
      "identifier": "wesl3y:chest_fruit",
      "menu_category": {
        "group": "wesl3y:chest_fruit",
        "category": "commands",
        "is_hidden_in_commands": false
      },
      "properties": {
        "wg:teste": [2, 3, 4, 5]
      }
    },
    "permutations": [
      {
        "condition": "query.block_property('wg:teste') == 2",
        "components": {
          "minecraft:rotation": [
            0,
            180,
            0
          ]
        }
      },
      {
        "condition": "query.block_property('wg:teste') == 3",
        "components": {
          "minecraft:rotation": [
            0,
            0,
            0
          ]
        }
      },
      {
        "condition": "query.block_property('wg:teste') == 4",
        "components": {
          "minecraft:rotation": [
            0,
            270,
            0
          ]
        }
      },
      {
        "condition": "query.block_property('wg:teste') == 5",
        "components": {
          "minecraft:rotation": [
            0,
            90,
            0
          ]
        }
      }
    ],

    "components": {
      "minecraft:creative_category":{
        "category":"Nature"
      },
      "minecraft:display_name": "wesl3y:chest_fruit",
      "minecraft:loot": "loot_tables/empty.json",
      "minecraft:map_color": "#ffffff",
      "minecraft:geometry":"geometry.chest_fruit",
      "minecraft:material_instances": {
        "*": {
          "texture": "chest_fruit",
          "render_method": "alpha_test"
        }
      },
      "minecraft:block_light_absorption": 13,
      "minecraft:block_light_emission": 0,
      "minecraft:destroy_time": 0.7,
      "minecraft:explosion_resistance": 10,
      "minecraft:friction": 0.6,
      "minecraft:flammable":{
        "flame_odds":0,
        "burn_odds":0
      },
      "minecraft:on_player_placing": {
        "event": "event:rotation"
      },
      "minecraft:on_interact": {
        "event": "event:destroyed"
      }
    },

    "events": {
      "event:rotation": {
        "set_block_property": {
          "wg:teste": "query.cardinal_facing_2d"
        }
      },
      "event:destroyed": {
        "sequence": [
          {
            "condition": "q.get_equipped_item_name=='key_chest'",
            "randomize": [
              {
                "weight": 30,
                "run_command": {
                  "command": [
                    "summon wesl3y:pirate ~1~~",
                    "summon wesl3y:pirate ~~~1",
                    "summon wesl3y:pirate_captain ~~~",
                    "setblock ~~~ air",
                    "clear @p[c=1] wesl3y:key_chest 0 1"
                  ]
                }
              },
              {
                "weight": 40,
                "run_command": {
                  "command": [
                    "loot spawn ~~0.5~ loot \"blocks/test\"",
                    "setblock ~~~ air",
                    "clear @p[c=1] wesl3y:key_chest 0 1"
                  ]
                }
              }
            ]
          },
          {
            "condition": "q.get_equipped_item_name!='key_chest'",
            "run_command": {
              "command": [
                "tellraw @p[c=1] {\"rawtext\":[{\"text\":\"§c\"},{\"translate\":\"text.key_chest\"}]}"
              ]
            }
          }
        ]
      }
    }
  }
}