{
  "format_version": "1.16.100", 
  "minecraft:block": {
    "description": {
      "identifier": "wesl3y:water",
      "menu_category": {
        "group": "wesl3y:water",
        "category": "commands",
        "is_hidden_in_commands": false
      }
    },
    "components": {
      "minecraft:material_instances": {
        "*": {
          "texture": "water",
          "render_method": "alpha_test"
        }
      },
      "minecraft:destructible_by_mining": {
        "seconds_to_destroy": 50.0
      }
    },
    "events": {
      "wesl3y:despawn": {
        "run_command": {
          "command": [
            "fill ~~~ ~~~ air"
          ]
        }
      }
    }
  }
}