{                                                                     
  "format_version": "1.16.100",
  "minecraft:item": {
    "description": {
      "identifier": "one:clothing_sasuke",
      "category" : "items"
    },
    "components": {
      "minecraft:icon": {
        "texture": "clothing_sasuke"
      },
		"minecraft:render_offsets": {
			"main_hand": {
			  "first_person": { 
				"scale": [0.000,0.000,0.000]
			  },
			  "third_person": { 
				"scale": [0.000,0.000,0.000]
			  }
			},
			"off_hand": {
			  "first_person": { 
				"scale": [0.000,0.000,0.000]
			  },
			  "third_person": { 
				"scale": [0.000,0.000,0.000]
			  }
			}
		  },
		  "minecraft:armor": {
			"protection": 20
		  },
      "minecraft:wearable": {
        "slot": "slot.armor.chest"
      },
        "minecraft:display_name": {
        "value": "§5Sasuke §7[Clothing]"},
      "minecraft:stacked_by_data": false,
      "minecraft:max_stack_size": 1,
      "minecraft:foil": false,
      "minecraft:hand_equipped": true,
      "minecraft:on_use": {
        "on_use": {
          "event": "function",
          "target": "self"
        }
      }
    },
    "events": {
      "function": {
        "run_command": {
          "command": [ 
 ],
          "target": "self"
        }
      }
    }
  }
}
