{
	"format_version": "1.16.100",
	"minecraft:item": {
		"description": {
			"identifier": "one:dirty_fireworks",
			"category": "one"
		},
		"components": {
    "minecraft:render_offsets": {
      "main_hand": {
        "first_person": { 
          "scale": [0.0,0.0,0.0]
        },
        "third_person": { 
          "scale": [0.0,0.0,0.0]
        }
      }
    },
			"minecraft:hand_equipped": true,
			"minecraft:max_stack_size": 1,
			"minecraft:icon": {
				"texture": "dirty_fireworks"
			},
        "minecraft:display_name": {
        "value": "§gDirty §eF§ai§br§ce§1w§5o§8r§dk§2s §a[Skill]"},
      "minecraft:cooldown": {
        "category": "say",
        "duration": 1
      },
      "minecraft:on_use": {
        "on_use": {
          "event": "use",
          "target": "self"
        }
      },
			"minecraft:weapon": {
				"on_hurt_entity": {
					"event": "attack"
				}
			},
			"minecraft:damage": 1,
			"minecraft:enchantable": {
				"slot": "sword",
				"value": 10
			},
			"minecraft:can_destroy_in_creative": false,
			"minecraft:durability": {
				"max_durability": 20
			},
			"minecraft:allow_off_hand": false,
			"minecraft:foil": false,
			"minecraft:mining_speed": 1,
      "tag:skill": {}
		},
		"events": {
      "use": {
        "run_command": {
          "command": ["function say_attack" ]
        }
      },
    	"attack": {
    		"sequence": [
	        {
            "run_command": {
              "command": ["tag @s add fireworks"],
              "target": "other"
            }      
          },
	     		{
            "run_command": {
              "command": ["scoreboard players set @s[scores={cooldown=..0}] cooldown 1","playsound rasengan_attack @a[r=20]"],
              "target": "self"
            }      
          }
	    	]
      }
		}
	}
}
