{
  "format_version": "1.16.100",
  "minecraft:item": {
    "description": {
      "identifier": "one:energy_steroid"
    },
    "components": {
      "minecraft:icon": {
        "texture": "energy_steroid"
      },
		"minecraft:render_offsets": {
			"main_hand": {
			  "first_person": { 
				"scale": [0.020,0.020,0.020]
			  },
			  "third_person": { 
				"scale": [0.042,0.042,0.042]
			  }
			},
			"off_hand": {
			  "first_person": { 
				"scale": [0.020,0.020,0.020]
			  },
			  "third_person": { 
				"scale": [0.042,0.042,0.042]
			  }
			}
		  },
      "minecraft:display_name": {
        "value": "§eEnergy §0Steroid"
      },
    "minecraft:use_duration":1.0,
    "minecraft:use_animation":"eat",
    "minecraft:food":{
      "nutrition":1,
      "can_always_eat":true,
      "saturation_modifier":"supernatural",
      "on_consume":{
        "event":"eat"
      }
    },
      "minecraft:max_stack_size": 64,
      "minecraft:foil": true,
      "minecraft:hand_equipped": true
    },
    "events": {
      "eat": {
        "run_command": {
          "command": ["effect @s speed 30 2","effect @s strength 30 0","effect @s jump_boost 30 2","effect @s resistance 30 0","scoreboard players set @s energy_steroid 1"],
          "target": "self"
        }
      }
    }
  }
}
