
 {
	"format_version": "1.16.100",
	"minecraft:item": {
		"description": {
			"identifier": "one:floor_slash",
			"category": "items"
		},
  "components": {
    "minecraft:render_offsets": {
      "main_hand": {
        "first_person": { 
          "scale": [0.0,0.0,0.0]
        },
        "third_person": { 
          "scale": [0.0,0.0,0.0]
        }
      }
    },
    "minecraft:use_duration": 99999,
    "minecraft:food": {
      "nutrition": 0,
      "saturation_modifier": "poor",
      "can_always_eat": true
    },
    "minecraft:max_stack_size": 1,
    "minecraft:hand_equipped":true,
    "minecraft:icon":{
      "texture": "floor_slash"
    },
    "minecraft:display_name":{
      "value":"§cFloor Slash §a\n[Skill]"
    },
    "tag:skill": {},
    "minecraft:should_despawn":false
  },
  "events":{
  }
  }
}
