{
  "format_version": "1.16.100",
  "minecraft:item": {
    "description": {
      "identifier": "one:gunbai",
      "category": "items"
    },
    "components": {
      "minecraft:icon": {
        "texture": "gunbai"
      },
		"minecraft:render_offsets": {
			"main_hand": {
			  "first_person": { 
				"scale": [0.0,0.0,0.0]
			  },
			  "third_person": { 
				"scale": [0.0,0.0,0.0]
			  }
			},
			"off_hand": {
			  "first_person": { 
				"scale": [0.0,0.0,0.0]
			  },
			  "third_person": { 
				"scale": [0.0,0.0,0.0]
			  }
			}
		  },
        "minecraft:display_name": {
        "value": "§4Gunbai §e[Skill]"
	  },
	    "minecraft:cooldown": {
	    "category": "gunbai",
	    "duration": 8
     },
      "tag:blade": {},
			"minecraft:weapon": {},
			"minecraft:damage": 10,
			"minecraft:enchantable": {
				"slot": "sword",
				"value": 10
			},
      "minecraft:max_stack_size": 1,
      "minecraft:use_duration": 36000,
      "minecraft:hand_equipped": true,
      "minecraft:on_use": {
        "on_use": {
          "event": "use",
          "target": "self"
        }
      }
    },
    "events": {
    	"use": {
    		"sequence": [
	     		{
            "run_command": {
              "command": ["playsound item.trident.riptide_2 @a[r=20] ~~1~ 0.8 0.9 0"],
              "target": "self"
            }      
          },
          {
            "shoot": {
              "projectile": "one:gunbai_wind",
              "launch_power": 1.5
            }
          }
	    	]
    	}
	  }
  }
}
