{                                                                     
  "format_version": "1.16.100",
  "minecraft:item": {
    "description": {
      "identifier": "one:menu",
      "category" : "one"
    },
    "components": {
      "minecraft:icon": {
        "texture": "menu"
      },
		"minecraft:render_offsets": {
			"main_hand": {
			  "first_person": { 
				"scale": [0.020,0.020,0.020]
			  },
			  "third_person": { 
				"scale": [0.0,0.0,0.0]
			  }
			},
			"off_hand": {
			  "first_person": { 
				"scale": [0.020,0.020,0.020]
			  },
			  "third_person": { 
				"scale": [0.0,0.0,0.0]
			  }
			}
		  },
	  "minecraft:cooldown": {
		"category": "menu",
		"duration": 1
	  },
        "minecraft:display_name": {
        "value": "§eMenu"},
      "minecraft:on_use": {
        "on_use": {
          "event": "run"
        }
      },
      "minecraft:stacked_by_data": false,
      "minecraft:max_stack_size": 1,
      "minecraft:foil": true,
      "minecraft:hand_equipped": true
    },
      "events": {
        "run": {
          "sequence": [
            {
              "run_command": {
                "command": [
			        	  "summon one:menu ~~~ one:open"
      			  ]
      			}
    		  }
    		]
  	  }
  	}
  }
}
