{
  "format_version": "1.16.100",
  "minecraft:item": {
    "description": {
      "identifier": "one:paper_bomb",
      "category": "items"
    },
    "components": {
      "minecraft:icon": {
        "texture": "paper_bomb"
      },
		"minecraft:render_offsets": {
			"main_hand": {
			  "first_person": { 
				"scale": [0.020,0.020,0.020]
			  },
			  "third_person": { 
				"scale": [0.042,0.042,0.042]
			  }
			},
			"off_hand": {
			  "first_person": { 
				"scale": [0.020,0.020,0.020]
			  },
			  "third_person": { 
				"scale": [0.042,0.042,0.042]
			  }
			}
		  },
        "minecraft:display_name": {
        "value": "§ePaper Bomb §e[Skill]"
	  },
      "minecraft:max_stack_size": 64,
      "minecraft:use_duration": 36000,
      "minecraft:hand_equipped": true,
      "minecraft:on_use": {
        "on_use": {
          "event": "use",
          "target": "self"
        }
      }
    },
    "events": {
    	"use": {
    		"sequence": [
	     		{
            "run_command": {
              "command": ["playsound item.trident.riptide_2 @a[r=20] ~~1~ 0.8 0.7 0","clear @s one:paper_bomb 0 1"],
              "target": "self"
            }      
          },
          {
            "shoot": {
              "projectile": "one:paper_bomb",
              "launch_power": 1.5,
              "angle_offset": 20
            }
          }
	    	]
    	}
	  }
  }
}
