{
  "format_version": "1.16.100",
  "minecraft:item": {
    "description": {
      "identifier": "one:ramen"
    },
    "components": {
      "minecraft:icon": {
        "texture": "ramen"
      },
		"minecraft:render_offsets": {
			"main_hand": {
			  "first_person": { 
				"scale": [0.020,0.020,0.020]
			  },
			  "third_person": { 
				"scale": [0.042,0.042,0.042]
			  }
			},
			"off_hand": {
			  "first_person": { 
				"scale": [0.020,0.020,0.020]
			  },
			  "third_person": { 
				"scale": [0.042,0.042,0.042]
			  }
			}
		  },
      "minecraft:display_name": {
        "value": "§gRamen"
      },
    "minecraft:use_duration":1.5,
    "minecraft:use_animation":"eat",
    "minecraft:food":{
      "nutrition":10,
      "can_always_eat":true,
      "saturation_modifier":"supernatural",
      "on_consume":{
        "event":"eat"
      }
    },
      "minecraft:max_stack_size": 64,
      "minecraft:foil": true,
      "minecraft:hand_equipped": true
    },
    "events": {
      "eat": {
        "run_command": {
          "command": ["effect @s regeneration 3 1"],
          "target": "self"
        }
      }
    }
  }
}
