{
	"format_version": "1.12.0",
	"minecraft:geometry": [
		{
			"description": {
				"identifier": "geometry.black_beard_haori",
				"texture_width": 64,
				"texture_height": 64,
				"visible_bounds_width": 3,
				"visible_bounds_height": 3.5,
				"visible_bounds_offset": [0, 1.25, 0]
			},
			"bones": [
				{
					"name": "capa",
					"pivot": [0, 24, 0],
					"cubes": [
						{"origin": [4, 23.5, -2.5], "size": [1, 3, 6], "uv": [20, 5], "mirror": true},
						{"origin": [-5, 23.5, -2.5], "size": [1, 3, 6], "uv": [20, 5]},
						{"origin": [-5, 22.5, 3.5], "size": [10, 4, 1], "uv": [20, 0]},
						{"origin": [-5, 22.5, 2.5], "size": [10, 1, 1], "uv": [42, 0]}
					]
				},
				{
					"name": "capamove",
					"parent": "capa",
					"pivot": [0, 24, -1],
					"cubes": [
						{"origin": [-9.1875, 0, 1.5], "size": [9.25, 23, 1], "pivot": [-9.25, 11.5, 2], "rotation": [0, -2.5, 0], "uv": [0, 0], "mirror": true},
						{"origin": [-0.0625, 0, 1.5], "size": [9.25, 23, 1], "pivot": [9.25, 11.5, 2], "rotation": [0, 2.5, 0], "uv": [0, 0]},
						{"origin": [-10, 22.5, -2.75], "size": [5.5, 2, 5.5], "pivot": [-7.25, 23.5, 0], "rotation": [0, 0, -5], "uv": [26, 24]},
						{"origin": [4.5, 22.5, -2.75], "size": [5.5, 2, 5.5], "pivot": [7.25, 23.5, 0], "rotation": [0, 0, 5], "uv": [26, 24], "mirror": true},
						{"origin": [-9.25, 0, -2.5], "size": [1, 23, 4], "pivot": [-9.25, 22, 2.5], "rotation": [0, 0, 2.5], "uv": [0, 24]},
						{"origin": [8.25, 0, -2.5], "size": [1, 23, 4], "pivot": [9.25, 22, 2.5], "rotation": [0, 0, -2.5], "uv": [0, 24], "mirror": true},
						{"origin": [-8.25, 18.5, -2.5], "size": [4, 5, 1], "pivot": [-9.25, 22, 2.5], "rotation": [0, 0, 2.5], "uv": [10, 43]},
						{"origin": [4.25, 18.5, -2.5], "size": [4, 5, 1], "pivot": [9.25, 22, 2.5], "rotation": [0, 0, -2.5], "uv": [10, 43], "mirror": true}
					]
				},
				{
					"name": "rightCapeArm",
					"parent": "capamove",
					"pivot": [-8, 23, 0],
					"cubes": [
						{"origin": [-9.75, 8.5, -1.25], "size": [4.5, 1, 4.5], "pivot": [-5.5, 22, 0], "rotation": [10, -10, 12.5], "uv": [26, 31]},
						{"origin": [-9.5, 7, -1], "size": [4, 15, 4], "pivot": [-5.5, 22, 0], "rotation": [10, -10, 12.5], "uv": [10, 24]}
					]
				},
				{
					"name": "leftCapeArm",
					"parent": "capamove",
					"pivot": [8, 23, 0],
					"cubes": [
						{"origin": [5.25, 8.5, -1.25], "size": [4.5, 1, 4.5], "pivot": [5.5, 22, 0], "rotation": [10, 10, -12.5], "uv": [26, 31], "mirror": true},
						{"origin": [5.5, 7, -1], "size": [4, 15, 4], "pivot": [5.5, 22, 0], "rotation": [10, 10, -12.5], "uv": [10, 24], "mirror": true}
					]
				}
			]
		}
	]
}