{
	"format_version": "1.12.0",
	"minecraft:geometry": [
		{
			"description": {
				"identifier": "geometry.crocodile_haori",
				"texture_width": 64,
				"texture_height": 64,
				"visible_bounds_width": 3,
				"visible_bounds_height": 3.5,
				"visible_bounds_offset": [0, 1.25, 0]
			},
			"bones": [
				{
					"name": "capa",
					"pivot": [0, 24, 0],
					"cubes": [
						{"origin": [3.5, 19, -3.5], "size": [1.5, 5, 1.5], "pivot": [4.25, 24, -2.25], "rotation": [0, 0, 22.5], "uv": [20, 3], "mirror": true},
						{"origin": [-5, 19, -3.5], "size": [1.5, 5, 1.5], "pivot": [-4.25, 24, -2.25], "rotation": [0, 0, -22.5], "uv": [20, 3]},
						{"origin": [3.5, 23.5, -3], "size": [1.5, 1.5, 6], "uv": [20, 3], "mirror": true},
						{"origin": [-5, 23.5, -3], "size": [1.5, 1.5, 6], "uv": [20, 3]},
						{"origin": [-5, 22.5, 3], "size": [10, 2.5, 1.5], "uv": [20, 0]},
						{"origin": [-5, 22.5, 2], "size": [10, 1, 1], "uv": [42, 0]}
					]
				},
				{
					"name": "capamove",
					"parent": "capa",
					"pivot": [0, 24, -1],
					"cubes": [
						{"origin": [-9.1875, 0, 1.5], "size": [9.25, 23, 1], "pivot": [-9.25, 11.5, 2], "rotation": [0, -2.5, 0], "uv": [0, 0], "mirror": true},
						{"origin": [-0.0625, 0, 1.5], "size": [9.25, 23, 1], "pivot": [9.25, 11.5, 2], "rotation": [0, 2.5, 0], "uv": [0, 0]},
						{"origin": [-9, 22.5, -2.5], "size": [5, 1, 5], "inflate": 0.125, "pivot": [-6.5, 23, 0], "rotation": [0, 0, -5], "uv": [26, 24]},
						{"origin": [4, 22.5, -2.5], "size": [5, 1, 5], "inflate": 0.125, "pivot": [6.5, 23, 0], "rotation": [0, 0, 5], "uv": [26, 24], "mirror": true},
						{"origin": [-9.25, 0, -2.5], "size": [1, 23, 4], "pivot": [-9.25, 22, 2.5], "rotation": [0, 0, 2.5], "uv": [0, 24]},
						{"origin": [8.25, 0, -2.5], "size": [1, 23, 4], "pivot": [9.25, 22, 2.5], "rotation": [0, 0, -2.5], "uv": [0, 24], "mirror": true}
					]
				},
				{
					"name": "rightCapeArm",
					"parent": "capamove",
					"pivot": [-8, 21, 0],
					"cubes": [
						{"origin": [-9.5, 5, -1], "size": [4, 15, 4], "pivot": [-5.5, 20, 0], "rotation": [10, -10, 12.5], "uv": [10, 24]}
					]
				},
				{
					"name": "leftCapeArm",
					"parent": "capamove",
					"pivot": [8, 21, 0],
					"cubes": [
						{"origin": [5.5, 5, -1], "size": [4, 15, 4], "pivot": [5.5, 20, 0], "rotation": [10, 10, -12.5], "uv": [10, 24], "mirror": true}
					]
				}
			]
		}
	]
}