{
	"format_version": "1.12.0",
	"minecraft:geometry": [
		{
			"description": {
				"identifier": "geometry.katakuri_scarf",
				"texture_width": 64,
				"texture_height": 64,
				"visible_bounds_width": 5,
				"visible_bounds_height": 5,
				"visible_bounds_offset": [0, 1.5, 0]
			},
			"bones": [
				{
					"name": "bodySuit",
					"parent": "body",
					"pivot": [0, 24, 0],
					"cubes": [
						{
							"origin": [-10, 19.2625, -4.25],
							"size": [20, 3.75, 8.5],
							"uv": {
								"north": {"uv": [6, 6], "uv_size": [17, 3]},
								"east": {"uv": [0, 6], "uv_size": [6, 3]},
								"south": {"uv": [29, 6], "uv_size": [17, 3]},
								"west": {"uv": [23, 6], "uv_size": [6, 3]},
								"up": {"uv": [6, 0], "uv_size": [17, 6]},
								"down": {"uv": [23, 6], "uv_size": [17, -6]}
							}
						},
						{
							"origin": [-8.25, 22.375, -3.5],
							"size": [16.5, 2.5, 7],
							"inflate": 0.01,
							"uv": {
								"north": {"uv": [6, 15], "uv_size": [14, 2]},
								"east": {"uv": [0, 15], "uv_size": [6, 2]},
								"south": {"uv": [26, 15], "uv_size": [14, 2]},
								"west": {"uv": [20, 15], "uv_size": [6, 2]},
								"up": {"uv": [6, 9], "uv_size": [14, 6]},
								"down": {"uv": [20, 15], "uv_size": [14, -6]}
							}
						},
						{
							"origin": [-4, 24, -4],
							"size": [8, 1, 8],
							"inflate": 0.1,
							"uv": {
								"north": {"uv": [45, 14], "uv_size": [7, 1]},
								"east": {"uv": [40, 14], "uv_size": [5, 1]},
								"south": {"uv": [57, 14], "uv_size": [7, 1]},
								"west": {"uv": [52, 14], "uv_size": [5, 1]},
								"up": {"uv": [45, 9], "uv_size": [7, 5]},
								"down": {"uv": [52, 14], "uv_size": [7, -5]}
							}
						}
					]
				}
			]
		}
	]
}