{
	"format_version": "1.12.0",
	"minecraft:geometry": [
		{
			"description": {
				"identifier": "geometry.key_chest",
				"texture_width": 32,
				"texture_height": 32,
				"visible_bounds_width": 2,
				"visible_bounds_height": 1.5,
				"visible_bounds_offset": [0, 0.25, 0]
			},
			"bones": [
				{
					"name": "item3d",
					"pivot": [0, 0, 0],
					"cubes": [
						{"origin": [-0.5, -1, -3], "size": [1, 3, 3], "uv": [0, 0]},
						{"origin": [-0.5, 0, -12], "size": [1, 1, 9], "uv": [0, 0]},
						{"origin": [-0.5, -2.5, -11], "size": [1, 2.5, 1], "uv": [0, 6]},
						{"origin": [-0.5, -2, -9], "size": [1, 2, 1], "uv": [5, 0]}
					]
				}
			]
		}
	]
}