{
	"format_version": "1.12.0",
	"minecraft:geometry": [
		{
			"description": {
				"identifier": "geometry.law_haori2",
				"texture_width": 32,
				"texture_height": 32,
				"visible_bounds_width": 3,
				"visible_bounds_height": 3.5,
				"visible_bounds_offset": [0, 1.25, 0]
			},
			"bones": [
				{
					"name": "capa",
					"pivot": [0, 24, 0],
					"cubes": [
						{
							"origin": [-6, 24.4, -2.5],
							"size": [2, 0.5, 0.5],
							"inflate": 0.2,
							"pivot": [-5, 24.65, -2.25],
							"rotation": [0, -30, 0],
							"uv": {
								"north": {"uv": [2, 18], "uv_size": [12, 12]},
								"east": {"uv": [2, 18], "uv_size": [12, 12]},
								"south": {"uv": [2, 18], "uv_size": [12, 12]},
								"west": {"uv": [2, 18], "uv_size": [12, 12]},
								"up": {"uv": [14, 30], "uv_size": [-12, -12]},
								"down": {"uv": [14, 30], "uv_size": [-12, -12]}
							}
						},
						{
							"origin": [-4.89046, 24.56545, -2.28524],
							"size": [2, 0.5, 0.5],
							"inflate": 0.2,
							"pivot": [-3.89046, 24.81545, -2.03524],
							"rotation": [-55, -62.5, 60],
							"uv": {
								"north": {"uv": [2, 18], "uv_size": [12, 12]},
								"east": {"uv": [2, 18], "uv_size": [12, 12]},
								"south": {"uv": [2, 18], "uv_size": [12, 12]},
								"west": {"uv": [2, 18], "uv_size": [12, 12]},
								"up": {"uv": [14, 30], "uv_size": [-12, -12]},
								"down": {"uv": [14, 30], "uv_size": [-12, -12]}
							}
						},
						{
							"origin": [2.89046, 24.56545, -2.28524],
							"size": [2, 0.5, 0.5],
							"inflate": 0.2,
							"pivot": [3.89046, 24.81545, -2.03524],
							"rotation": [-55, 62.5, -60],
							"uv": {
								"north": {"uv": [2, 18], "uv_size": [12, 12]},
								"east": {"uv": [2, 18], "uv_size": [12, 12]},
								"south": {"uv": [2, 18], "uv_size": [12, 12]},
								"west": {"uv": [2, 18], "uv_size": [12, 12]},
								"up": {"uv": [14, 30], "uv_size": [-12, -12]},
								"down": {"uv": [14, 30], "uv_size": [-12, -12]}
							}
						},
						{
							"origin": [4, 24.4, -2.5],
							"size": [2, 0.5, 0.5],
							"inflate": 0.2,
							"pivot": [5, 24.65, -2.25],
							"rotation": [0, 30, 0],
							"uv": {
								"north": {"uv": [2, 18], "uv_size": [12, 12]},
								"east": {"uv": [2, 18], "uv_size": [12, 12]},
								"south": {"uv": [2, 18], "uv_size": [12, 12]},
								"west": {"uv": [2, 18], "uv_size": [12, 12]},
								"up": {"uv": [14, 30], "uv_size": [-12, -12]},
								"down": {"uv": [14, 30], "uv_size": [-12, -12]}
							}
						},
						{
							"origin": [-6, 24.4, 2],
							"size": [2, 0.5, 0.5],
							"inflate": 0.2,
							"pivot": [-5, 24.65, 2.25],
							"rotation": [0, 30, 0],
							"uv": {
								"north": {"uv": [2, 18], "uv_size": [12, 12]},
								"east": {"uv": [2, 18], "uv_size": [12, 12]},
								"south": {"uv": [2, 18], "uv_size": [12, 12]},
								"west": {"uv": [2, 18], "uv_size": [12, 12]},
								"up": {"uv": [14, 30], "uv_size": [-12, -12]},
								"down": {"uv": [14, 30], "uv_size": [-12, -12]}
							}
						},
						{
							"origin": [4, 24.4, 2],
							"size": [2, 0.5, 0.5],
							"inflate": 0.2,
							"pivot": [5, 24.65, 2.25],
							"rotation": [0, -30, 0],
							"uv": {
								"north": {"uv": [2, 18], "uv_size": [12, 12]},
								"east": {"uv": [2, 18], "uv_size": [12, 12]},
								"south": {"uv": [2, 18], "uv_size": [12, 12]},
								"west": {"uv": [2, 18], "uv_size": [12, 12]},
								"up": {"uv": [14, 30], "uv_size": [-12, -12]},
								"down": {"uv": [14, 30], "uv_size": [-12, -12]}
							}
						},
						{
							"origin": [-6, 24.9, 1],
							"size": [2, 0.5, 0.5],
							"inflate": 0.2,
							"pivot": [-5, 25.15, 1.25],
							"rotation": [12.5, 20, 52.5],
							"uv": {
								"north": {"uv": [2, 18], "uv_size": [12, 12]},
								"east": {"uv": [2, 18], "uv_size": [12, 12]},
								"south": {"uv": [2, 18], "uv_size": [12, 12]},
								"west": {"uv": [2, 18], "uv_size": [12, 12]},
								"up": {"uv": [14, 30], "uv_size": [-12, -12]},
								"down": {"uv": [14, 30], "uv_size": [-12, -12]}
							}
						},
						{
							"origin": [4, 24.9, 1],
							"size": [2, 0.5, 0.5],
							"inflate": 0.2,
							"pivot": [5, 25.15, 1.25],
							"rotation": [12.5, -20, -52.5],
							"uv": {
								"north": {"uv": [2, 18], "uv_size": [12, 12]},
								"east": {"uv": [2, 18], "uv_size": [12, 12]},
								"south": {"uv": [2, 18], "uv_size": [12, 12]},
								"west": {"uv": [2, 18], "uv_size": [12, 12]},
								"up": {"uv": [14, 30], "uv_size": [-12, -12]},
								"down": {"uv": [14, 30], "uv_size": [-12, -12]}
							}
						},
						{
							"origin": [-6, 24.9, -1.5],
							"size": [2, 0.5, 0.5],
							"inflate": 0.2,
							"pivot": [-5, 25.15, -1.25],
							"rotation": [-12.5, -20, 52.5],
							"uv": {
								"north": {"uv": [2, 18], "uv_size": [12, 12]},
								"east": {"uv": [2, 18], "uv_size": [12, 12]},
								"south": {"uv": [2, 18], "uv_size": [12, 12]},
								"west": {"uv": [2, 18], "uv_size": [12, 12]},
								"up": {"uv": [14, 30], "uv_size": [-12, -12]},
								"down": {"uv": [14, 30], "uv_size": [-12, -12]}
							}
						},
						{
							"origin": [-5.5, 25.4, 1.5],
							"size": [2, 0.5, 0.5],
							"inflate": 0.2,
							"pivot": [-4.5, 25.65, 1.75],
							"rotation": [20, 50, 52.5],
							"uv": {
								"north": {"uv": [2, 18], "uv_size": [12, 12]},
								"east": {"uv": [2, 18], "uv_size": [12, 12]},
								"south": {"uv": [2, 18], "uv_size": [12, 12]},
								"west": {"uv": [2, 18], "uv_size": [12, 12]},
								"up": {"uv": [14, 30], "uv_size": [-12, -12]},
								"down": {"uv": [14, 30], "uv_size": [-12, -12]}
							}
						},
						{
							"origin": [4, 24.9, -1.5],
							"size": [2, 0.5, 0.5],
							"inflate": 0.2,
							"pivot": [5, 25.15, -1.25],
							"rotation": [-12.5, 20, -52.5],
							"uv": {
								"north": {"uv": [2, 18], "uv_size": [12, 12]},
								"east": {"uv": [2, 18], "uv_size": [12, 12]},
								"south": {"uv": [2, 18], "uv_size": [12, 12]},
								"west": {"uv": [2, 18], "uv_size": [12, 12]},
								"up": {"uv": [14, 30], "uv_size": [-12, -12]},
								"down": {"uv": [14, 30], "uv_size": [-12, -12]}
							}
						},
						{
							"origin": [-3, 23.4, 2.5],
							"size": [0.5, 0.5, 2],
							"inflate": 0.2,
							"pivot": [-2.75, 23.65, 3.5],
							"rotation": [25, -32.5, 0],
							"uv": {
								"north": {"uv": [2, 18], "uv_size": [12, 12]},
								"east": {"uv": [2, 18], "uv_size": [12, 12]},
								"south": {"uv": [2, 18], "uv_size": [12, 12]},
								"west": {"uv": [2, 18], "uv_size": [12, 12]},
								"up": {"uv": [14, 30], "uv_size": [-12, -12]},
								"down": {"uv": [14, 30], "uv_size": [-12, -12]}
							}
						},
						{
							"origin": [1.5, 23.4, 2.5],
							"size": [0.5, 0.5, 2],
							"inflate": 0.2,
							"pivot": [1.75, 23.65, 3.5],
							"rotation": [25, 7.5, -5],
							"uv": {
								"north": {"uv": [2, 18], "uv_size": [12, 12]},
								"east": {"uv": [2, 18], "uv_size": [12, 12]},
								"south": {"uv": [2, 18], "uv_size": [12, 12]},
								"west": {"uv": [2, 18], "uv_size": [12, 12]},
								"up": {"uv": [14, 30], "uv_size": [-12, -12]},
								"down": {"uv": [14, 30], "uv_size": [-12, -12]}
							}
						},
						{
							"origin": [-1, 23.4, 2.5],
							"size": [0.5, 0.5, 2],
							"inflate": 0.2,
							"pivot": [-0.75, 23.65, 3.5],
							"rotation": [7.5, 15, -7.5],
							"uv": {
								"north": {"uv": [2, 18], "uv_size": [12, 12]},
								"east": {"uv": [2, 18], "uv_size": [12, 12]},
								"south": {"uv": [2, 18], "uv_size": [12, 12]},
								"west": {"uv": [2, 18], "uv_size": [12, 12]},
								"up": {"uv": [14, 30], "uv_size": [-12, -12]},
								"down": {"uv": [14, 30], "uv_size": [-12, -12]}
							}
						},
						{
							"origin": [0.5, 23.4, 2.5],
							"size": [0.5, 0.5, 2],
							"inflate": 0.2,
							"pivot": [0.75, 23.65, 3.5],
							"rotation": [7.5, -15, 7.5],
							"uv": {
								"north": {"uv": [2, 18], "uv_size": [12, 12]},
								"east": {"uv": [2, 18], "uv_size": [12, 12]},
								"south": {"uv": [2, 18], "uv_size": [12, 12]},
								"west": {"uv": [2, 18], "uv_size": [12, 12]},
								"up": {"uv": [14, 30], "uv_size": [-12, -12]},
								"down": {"uv": [14, 30], "uv_size": [-12, -12]}
							}
						},
						{
							"origin": [2.5, 23.4, 2.5],
							"size": [0.5, 0.5, 2],
							"inflate": 0.2,
							"pivot": [2.75, 23.65, 3.5],
							"rotation": [25, 32.5, 0],
							"uv": {
								"north": {"uv": [2, 18], "uv_size": [12, 12]},
								"east": {"uv": [2, 18], "uv_size": [12, 12]},
								"south": {"uv": [2, 18], "uv_size": [12, 12]},
								"west": {"uv": [2, 18], "uv_size": [12, 12]},
								"up": {"uv": [14, 30], "uv_size": [-12, -12]},
								"down": {"uv": [14, 30], "uv_size": [-12, -12]}
							}
						},
						{
							"origin": [2.5, 24.4, 2.5],
							"size": [0.5, 0.5, 2],
							"inflate": 0.2,
							"pivot": [2.75, 24.65, 3.5],
							"rotation": [12.5, 0, 0],
							"uv": {
								"north": {"uv": [2, 18], "uv_size": [12, 12]},
								"east": {"uv": [2, 18], "uv_size": [12, 12]},
								"south": {"uv": [2, 18], "uv_size": [12, 12]},
								"west": {"uv": [2, 18], "uv_size": [12, 12]},
								"up": {"uv": [14, 30], "uv_size": [-12, -12]},
								"down": {"uv": [14, 30], "uv_size": [-12, -12]}
							}
						},
						{
							"origin": [1, 23.9, 2.5],
							"size": [0.5, 0.5, 2],
							"inflate": 0.2,
							"pivot": [1.25, 24.15, 3.5],
							"rotation": [12.5, 15, 0],
							"uv": {
								"north": {"uv": [2, 18], "uv_size": [12, 12]},
								"east": {"uv": [2, 18], "uv_size": [12, 12]},
								"south": {"uv": [2, 18], "uv_size": [12, 12]},
								"west": {"uv": [2, 18], "uv_size": [12, 12]},
								"up": {"uv": [14, 30], "uv_size": [-12, -12]},
								"down": {"uv": [14, 30], "uv_size": [-12, -12]}
							}
						},
						{
							"origin": [-2, 23.4, 2.5],
							"size": [0.5, 0.5, 2],
							"inflate": 0.2,
							"pivot": [-1.75, 23.65, 3.5],
							"rotation": [25, -7.5, 5],
							"uv": {
								"north": {"uv": [2, 18], "uv_size": [12, 12]},
								"east": {"uv": [2, 18], "uv_size": [12, 12]},
								"south": {"uv": [2, 18], "uv_size": [12, 12]},
								"west": {"uv": [2, 18], "uv_size": [12, 12]},
								"up": {"uv": [14, 30], "uv_size": [-12, -12]},
								"down": {"uv": [14, 30], "uv_size": [-12, -12]}
							}
						},
						{
							"origin": [-1.5, 23.9, 2.5],
							"size": [0.5, 0.5, 2],
							"inflate": 0.2,
							"pivot": [-1.25, 24.15, 3.5],
							"rotation": [12.5, -15, 0],
							"uv": {
								"north": {"uv": [2, 18], "uv_size": [12, 12]},
								"east": {"uv": [2, 18], "uv_size": [12, 12]},
								"south": {"uv": [2, 18], "uv_size": [12, 12]},
								"west": {"uv": [2, 18], "uv_size": [12, 12]},
								"up": {"uv": [14, 30], "uv_size": [-12, -12]},
								"down": {"uv": [14, 30], "uv_size": [-12, -12]}
							}
						},
						{
							"origin": [3.5, 24.9, 2.5],
							"size": [0.5, 0.5, 2],
							"inflate": 0.2,
							"pivot": [3.75, 25.15, 3.5],
							"rotation": [15, 27.5, 0],
							"uv": {
								"north": {"uv": [2, 18], "uv_size": [12, 12]},
								"east": {"uv": [2, 18], "uv_size": [12, 12]},
								"south": {"uv": [2, 18], "uv_size": [12, 12]},
								"west": {"uv": [2, 18], "uv_size": [12, 12]},
								"up": {"uv": [14, 30], "uv_size": [-12, -12]},
								"down": {"uv": [14, 30], "uv_size": [-12, -12]}
							}
						},
						{
							"origin": [0, 23.9, 2.5],
							"size": [0.5, 0.5, 2],
							"inflate": 0.2,
							"pivot": [0.25, 24.15, 3.5],
							"rotation": [12.5, 0, 0],
							"uv": {
								"north": {"uv": [2, 18], "uv_size": [12, 12]},
								"east": {"uv": [2, 18], "uv_size": [12, 12]},
								"south": {"uv": [2, 18], "uv_size": [12, 12]},
								"west": {"uv": [2, 18], "uv_size": [12, 12]},
								"up": {"uv": [14, 30], "uv_size": [-12, -12]},
								"down": {"uv": [14, 30], "uv_size": [-12, -12]}
							}
						},
						{
							"origin": [-4, 24.9, 2.5],
							"size": [0.5, 0.5, 2],
							"inflate": 0.2,
							"pivot": [-3.75, 25.15, 3.5],
							"rotation": [15, -27.5, 0],
							"uv": {
								"north": {"uv": [2, 18], "uv_size": [12, 12]},
								"east": {"uv": [2, 18], "uv_size": [12, 12]},
								"south": {"uv": [2, 18], "uv_size": [12, 12]},
								"west": {"uv": [2, 18], "uv_size": [12, 12]},
								"up": {"uv": [14, 30], "uv_size": [-12, -12]},
								"down": {"uv": [14, 30], "uv_size": [-12, -12]}
							}
						},
						{
							"origin": [-3, 24.4, 2.5],
							"size": [0.5, 0.5, 2],
							"inflate": 0.2,
							"pivot": [-2.75, 24.65, 3.5],
							"rotation": [12.5, 0, 0],
							"uv": {
								"north": {"uv": [2, 18], "uv_size": [12, 12]},
								"east": {"uv": [2, 18], "uv_size": [12, 12]},
								"south": {"uv": [2, 18], "uv_size": [12, 12]},
								"west": {"uv": [2, 18], "uv_size": [12, 12]},
								"up": {"uv": [14, 30], "uv_size": [-12, -12]},
								"down": {"uv": [14, 30], "uv_size": [-12, -12]}
							}
						},
						{
							"origin": [-4.5, 23.9, 2],
							"size": [0.5, 0.5, 2],
							"inflate": 0.2,
							"pivot": [-4.25, 24.15, 3],
							"rotation": [20, -52.5, 12.5],
							"uv": {
								"north": {"uv": [2, 18], "uv_size": [12, 12]},
								"east": {"uv": [2, 18], "uv_size": [12, 12]},
								"south": {"uv": [2, 18], "uv_size": [12, 12]},
								"west": {"uv": [2, 18], "uv_size": [12, 12]},
								"up": {"uv": [14, 30], "uv_size": [-12, -12]},
								"down": {"uv": [14, 30], "uv_size": [-12, -12]}
							}
						},
						{
							"origin": [4, 23.9, 2],
							"size": [0.5, 0.5, 2],
							"inflate": 0.2,
							"pivot": [4.25, 24.15, 3],
							"rotation": [20, 52.5, -12.5],
							"uv": {
								"north": {"uv": [2, 18], "uv_size": [12, 12]},
								"east": {"uv": [2, 18], "uv_size": [12, 12]},
								"south": {"uv": [2, 18], "uv_size": [12, 12]},
								"west": {"uv": [2, 18], "uv_size": [12, 12]},
								"up": {"uv": [14, 30], "uv_size": [-12, -12]},
								"down": {"uv": [14, 30], "uv_size": [-12, -12]}
							}
						},
						{
							"origin": [-4.5, 24.9, 1.5],
							"size": [0.5, 0.5, 2],
							"inflate": 0.2,
							"pivot": [-4.25, 25.15, 2.5],
							"rotation": [20, -52.5, -12.5],
							"uv": {
								"north": {"uv": [2, 18], "uv_size": [12, 12]},
								"east": {"uv": [2, 18], "uv_size": [12, 12]},
								"south": {"uv": [2, 18], "uv_size": [12, 12]},
								"west": {"uv": [2, 18], "uv_size": [12, 12]},
								"up": {"uv": [14, 30], "uv_size": [-12, -12]},
								"down": {"uv": [14, 30], "uv_size": [-12, -12]}
							}
						},
						{
							"origin": [4, 24.9, 1.5],
							"size": [0.5, 0.5, 2],
							"inflate": 0.2,
							"pivot": [4.25, 25.15, 2.5],
							"rotation": [20, 52.5, 12.5],
							"uv": {
								"north": {"uv": [2, 18], "uv_size": [12, 12]},
								"east": {"uv": [2, 18], "uv_size": [12, 12]},
								"south": {"uv": [2, 18], "uv_size": [12, 12]},
								"west": {"uv": [2, 18], "uv_size": [12, 12]},
								"up": {"uv": [14, 30], "uv_size": [-12, -12]},
								"down": {"uv": [14, 30], "uv_size": [-12, -12]}
							}
						},
						{
							"origin": [-3.5, 23.9, 2],
							"size": [0.5, 0.5, 2],
							"inflate": 0.2,
							"pivot": [-3.25, 24.15, 3],
							"rotation": [2.5, -25, 12.5],
							"uv": {
								"north": {"uv": [2, 18], "uv_size": [12, 12]},
								"east": {"uv": [2, 18], "uv_size": [12, 12]},
								"south": {"uv": [2, 18], "uv_size": [12, 12]},
								"west": {"uv": [2, 18], "uv_size": [12, 12]},
								"up": {"uv": [14, 30], "uv_size": [-12, -12]},
								"down": {"uv": [14, 30], "uv_size": [-12, -12]}
							}
						},
						{
							"origin": [3, 23.9, 2],
							"size": [0.5, 0.5, 2],
							"inflate": 0.2,
							"pivot": [3.25, 24.15, 3],
							"rotation": [2.5, 25, -12.5],
							"uv": {
								"north": {"uv": [2, 18], "uv_size": [12, 12]},
								"east": {"uv": [2, 18], "uv_size": [12, 12]},
								"south": {"uv": [2, 18], "uv_size": [12, 12]},
								"west": {"uv": [2, 18], "uv_size": [12, 12]},
								"up": {"uv": [14, 30], "uv_size": [-12, -12]},
								"down": {"uv": [14, 30], "uv_size": [-12, -12]}
							}
						},
						{
							"origin": [-5.5, 25.4, -2],
							"size": [2, 0.5, 0.5],
							"inflate": 0.2,
							"pivot": [-4.5, 25.65, -1.75],
							"rotation": [-20, -50, 52.5],
							"uv": {
								"north": {"uv": [2, 18], "uv_size": [12, 12]},
								"east": {"uv": [2, 18], "uv_size": [12, 12]},
								"south": {"uv": [2, 18], "uv_size": [12, 12]},
								"west": {"uv": [2, 18], "uv_size": [12, 12]},
								"up": {"uv": [14, 30], "uv_size": [-12, -12]},
								"down": {"uv": [14, 30], "uv_size": [-12, -12]}
							}
						},
						{
							"origin": [3.5, 25.4, 1.5],
							"size": [2, 0.5, 0.5],
							"inflate": 0.2,
							"pivot": [4.5, 25.65, 1.75],
							"rotation": [20, -50, -52.5],
							"uv": {
								"north": {"uv": [2, 18], "uv_size": [12, 12]},
								"east": {"uv": [2, 18], "uv_size": [12, 12]},
								"south": {"uv": [2, 18], "uv_size": [12, 12]},
								"west": {"uv": [2, 18], "uv_size": [12, 12]},
								"up": {"uv": [14, 30], "uv_size": [-12, -12]},
								"down": {"uv": [14, 30], "uv_size": [-12, -12]}
							}
						},
						{
							"origin": [3.5, 25.4, -2],
							"size": [2, 0.5, 0.5],
							"inflate": 0.2,
							"pivot": [4.5, 25.65, -1.75],
							"rotation": [-20, 50, -52.5],
							"uv": {
								"north": {"uv": [2, 18], "uv_size": [12, 12]},
								"east": {"uv": [2, 18], "uv_size": [12, 12]},
								"south": {"uv": [2, 18], "uv_size": [12, 12]},
								"west": {"uv": [2, 18], "uv_size": [12, 12]},
								"up": {"uv": [14, 30], "uv_size": [-12, -12]},
								"down": {"uv": [14, 30], "uv_size": [-12, -12]}
							}
						},
						{
							"origin": [-5.5, 25.4, 0.5],
							"size": [2, 0.5, 0.5],
							"inflate": 0.2,
							"pivot": [-4.5, 25.65, 0.75],
							"rotation": [5, 2.5, 22.5],
							"uv": {
								"north": {"uv": [2, 18], "uv_size": [12, 12]},
								"east": {"uv": [2, 18], "uv_size": [12, 12]},
								"south": {"uv": [2, 18], "uv_size": [12, 12]},
								"west": {"uv": [2, 18], "uv_size": [12, 12]},
								"up": {"uv": [14, 30], "uv_size": [-12, -12]},
								"down": {"uv": [14, 30], "uv_size": [-12, -12]}
							}
						},
						{
							"origin": [3.5, 25.4, 0.5],
							"size": [2, 0.5, 0.5],
							"inflate": 0.2,
							"pivot": [4.5, 25.65, 0.75],
							"rotation": [5, -2.5, -22.5],
							"uv": {
								"north": {"uv": [2, 18], "uv_size": [12, 12]},
								"east": {"uv": [2, 18], "uv_size": [12, 12]},
								"south": {"uv": [2, 18], "uv_size": [12, 12]},
								"west": {"uv": [2, 18], "uv_size": [12, 12]},
								"up": {"uv": [14, 30], "uv_size": [-12, -12]},
								"down": {"uv": [14, 30], "uv_size": [-12, -12]}
							}
						},
						{
							"origin": [-5.5, 25.4, -1],
							"size": [2, 0.5, 0.5],
							"inflate": 0.2,
							"pivot": [-4.5, 25.65, -0.75],
							"rotation": [-5, -2.5, 22.5],
							"uv": {
								"north": {"uv": [2, 18], "uv_size": [12, 12]},
								"east": {"uv": [2, 18], "uv_size": [12, 12]},
								"south": {"uv": [2, 18], "uv_size": [12, 12]},
								"west": {"uv": [2, 18], "uv_size": [12, 12]},
								"up": {"uv": [14, 30], "uv_size": [-12, -12]},
								"down": {"uv": [14, 30], "uv_size": [-12, -12]}
							}
						},
						{
							"origin": [3.5, 25.4, -1],
							"size": [2, 0.5, 0.5],
							"inflate": 0.2,
							"pivot": [4.5, 25.65, -0.75],
							"rotation": [-5, 2.5, -22.5],
							"uv": {
								"north": {"uv": [2, 18], "uv_size": [12, 12]},
								"east": {"uv": [2, 18], "uv_size": [12, 12]},
								"south": {"uv": [2, 18], "uv_size": [12, 12]},
								"west": {"uv": [2, 18], "uv_size": [12, 12]},
								"up": {"uv": [14, 30], "uv_size": [-12, -12]},
								"down": {"uv": [14, 30], "uv_size": [-12, -12]}
							}
						},
						{
							"origin": [-6.5, 24.4, 0],
							"size": [2, 0.5, 0.5],
							"inflate": 0.2,
							"pivot": [-5.5, 24.65, 0.25],
							"rotation": [-5, 25, 27.5],
							"uv": {
								"north": {"uv": [2, 18], "uv_size": [12, 12]},
								"east": {"uv": [2, 18], "uv_size": [12, 12]},
								"south": {"uv": [2, 18], "uv_size": [12, 12]},
								"west": {"uv": [2, 18], "uv_size": [12, 12]},
								"up": {"uv": [14, 30], "uv_size": [-12, -12]},
								"down": {"uv": [14, 30], "uv_size": [-12, -12]}
							}
						},
						{
							"origin": [4.5, 24.4, 0],
							"size": [2, 0.5, 0.5],
							"inflate": 0.2,
							"pivot": [5.5, 24.65, 0.25],
							"rotation": [-5, -25, -27.5],
							"uv": {
								"north": {"uv": [2, 18], "uv_size": [12, 12]},
								"east": {"uv": [2, 18], "uv_size": [12, 12]},
								"south": {"uv": [2, 18], "uv_size": [12, 12]},
								"west": {"uv": [2, 18], "uv_size": [12, 12]},
								"up": {"uv": [14, 30], "uv_size": [-12, -12]},
								"down": {"uv": [14, 30], "uv_size": [-12, -12]}
							}
						},
						{
							"origin": [-6.5, 24.4, -0.5],
							"size": [2, 0.5, 0.5],
							"inflate": 0.2,
							"pivot": [-5.5, 24.65, -0.25],
							"rotation": [5, -25, 27.5],
							"uv": {
								"north": {"uv": [2, 18], "uv_size": [12, 12]},
								"east": {"uv": [2, 18], "uv_size": [12, 12]},
								"south": {"uv": [2, 18], "uv_size": [12, 12]},
								"west": {"uv": [2, 18], "uv_size": [12, 12]},
								"up": {"uv": [14, 30], "uv_size": [-12, -12]},
								"down": {"uv": [14, 30], "uv_size": [-12, -12]}
							}
						},
						{
							"origin": [4.5, 24.4, -0.5],
							"size": [2, 0.5, 0.5],
							"inflate": 0.2,
							"pivot": [5.5, 24.65, -0.25],
							"rotation": [5, 25, -27.5],
							"uv": {
								"north": {"uv": [2, 18], "uv_size": [12, 12]},
								"east": {"uv": [2, 18], "uv_size": [12, 12]},
								"south": {"uv": [2, 18], "uv_size": [12, 12]},
								"west": {"uv": [2, 18], "uv_size": [12, 12]},
								"up": {"uv": [14, 30], "uv_size": [-12, -12]},
								"down": {"uv": [14, 30], "uv_size": [-12, -12]}
							}
						}
					]
				},
				{
					"name": "capaMove",
					"parent": "capa",
					"pivot": [0, 24, -1],
					"cubes": [
						{
							"origin": [4.25, 23.875, -2.25],
							"size": [4, 0.5, 4.5],
							"pivot": [6.75, 24.25, 0],
							"rotation": [0, 0, 5],
							"uv": {
								"north": {"uv": [2, 2], "uv_size": [12, 12]},
								"east": {"uv": [2, 2], "uv_size": [12, 12]},
								"south": {"uv": [2, 2], "uv_size": [12, 12]},
								"west": {"uv": [2, 2], "uv_size": [12, 12]},
								"up": {"uv": [14, 14], "uv_size": [-12, -12]},
								"down": {"uv": [14, 14], "uv_size": [-12, -12]}
							}
						},
						{
							"origin": [-8.25, 23.875, -2.25],
							"size": [4, 0.5, 4.5],
							"pivot": [-6.75, 24.25, 0],
							"rotation": [0, 0, -5],
							"uv": {
								"north": {"uv": [2, 2], "uv_size": [12, 12]},
								"east": {"uv": [2, 2], "uv_size": [12, 12]},
								"south": {"uv": [2, 2], "uv_size": [12, 12]},
								"west": {"uv": [2, 2], "uv_size": [12, 12]},
								"up": {"uv": [14, 14], "uv_size": [-12, -12]},
								"down": {"uv": [30, 14], "uv_size": [-12, -12]}
							}
						},
						{
							"origin": [8, 5, 1.5],
							"size": [1.5, 6, 1.5],
							"uv": {
								"north": {"uv": [2, 2], "uv_size": [12, 12]},
								"east": {"uv": [18, 2], "uv_size": [12, 12]},
								"south": {"uv": [2, 2], "uv_size": [12, 12]},
								"west": {"uv": [2, 2], "uv_size": [12, 12]},
								"up": {"uv": [14, 14], "uv_size": [-12, -12]},
								"down": {"uv": [14, 14], "uv_size": [-12, -12]}
							}
						},
						{
							"origin": [-9.5, 5, 1.5],
							"size": [1.5, 6, 1.5],
							"uv": {
								"north": {"uv": [2, 2], "uv_size": [12, 12]},
								"east": {"uv": [2, 2], "uv_size": [12, 12]},
								"south": {"uv": [2, 2], "uv_size": [12, 12]},
								"west": {"uv": [18, 2], "uv_size": [12, 12]},
								"up": {"uv": [14, 14], "uv_size": [-12, -12]},
								"down": {"uv": [14, 14], "uv_size": [-12, -12]}
							}
						},
						{
							"origin": [8, 11, 0.5],
							"size": [1, 8, 2],
							"uv": {
								"north": {"uv": [2, 2], "uv_size": [12, 12]},
								"east": {"uv": [18, 2], "uv_size": [12, 12]},
								"south": {"uv": [2, 2], "uv_size": [12, 12]},
								"west": {"uv": [2, 2], "uv_size": [12, 12]},
								"up": {"uv": [14, 14], "uv_size": [-12, -12]},
								"down": {"uv": [14, 14], "uv_size": [-12, -12]}
							}
						},
						{
							"origin": [-9, 11, 0.5],
							"size": [1, 8, 2],
							"uv": {
								"north": {"uv": [2, 2], "uv_size": [12, 12]},
								"east": {"uv": [2, 2], "uv_size": [12, 12]},
								"south": {"uv": [2, 2], "uv_size": [12, 12]},
								"west": {"uv": [18, 2], "uv_size": [12, 12]},
								"up": {"uv": [14, 14], "uv_size": [-12, -12]},
								"down": {"uv": [14, 14], "uv_size": [-12, -12]}
							}
						},
						{
							"origin": [8, 19, -0.5],
							"size": [0.5, 2.5, 3],
							"uv": {
								"north": {"uv": [2, 2], "uv_size": [12, 12]},
								"east": {"uv": [18, 2], "uv_size": [12, 12]},
								"south": {"uv": [2, 2], "uv_size": [12, 12]},
								"west": {"uv": [2, 2], "uv_size": [12, 12]},
								"up": {"uv": [14, 14], "uv_size": [-12, -12]},
								"down": {"uv": [14, 14], "uv_size": [-12, -12]}
							}
						},
						{
							"origin": [-8.5, 19, -0.5],
							"size": [0.5, 2.5, 3],
							"uv": {
								"north": {"uv": [2, 2], "uv_size": [12, 12]},
								"east": {"uv": [2, 2], "uv_size": [12, 12]},
								"south": {"uv": [2, 2], "uv_size": [12, 12]},
								"west": {"uv": [18, 2], "uv_size": [12, 12]},
								"up": {"uv": [14, 14], "uv_size": [-12, -12]},
								"down": {"uv": [14, 14], "uv_size": [-12, -12]}
							}
						},
						{
							"origin": [-5.03798, 4.98723, 3.175],
							"size": [10, 19, 0.5],
							"pivot": [0.21202, 14.48723, 3.34898],
							"rotation": [2.5, 0, 0],
							"uv": {
								"north": {"uv": [18, 2], "uv_size": [12, 12]},
								"east": {"uv": [2, 2], "uv_size": [12, 12]},
								"south": {"uv": [2, 2], "uv_size": [12, 12]},
								"west": {"uv": [2, 2], "uv_size": [12, 12]},
								"up": {"uv": [14, 14], "uv_size": [-12, -12]},
								"down": {"uv": [14, 14], "uv_size": [-12, -12]}
							}
						},
						{
							"origin": [-2.53798, 3.98723, 3.175],
							"size": [5.5, 1, 0.5],
							"pivot": [0.21202, 14.48723, 3.34898],
							"rotation": [2.5, 0, 0],
							"uv": {
								"north": {"uv": [18, 2], "uv_size": [12, 12]},
								"east": {"uv": [2, 2], "uv_size": [12, 12]},
								"south": {"uv": [2, 2], "uv_size": [12, 12]},
								"west": {"uv": [2, 2], "uv_size": [12, 12]},
								"up": {"uv": [14, 14], "uv_size": [-12, -12]},
								"down": {"uv": [14, 14], "uv_size": [-12, -12]}
							}
						},
						{
							"origin": [-6, 23.25, 2.25],
							"size": [12, 1, 0.5],
							"uv": {
								"north": {"uv": [18, 2], "uv_size": [12, 12]},
								"east": {"uv": [2, 2], "uv_size": [12, 12]},
								"south": {"uv": [2, 2], "uv_size": [12, 12]},
								"west": {"uv": [2, 2], "uv_size": [12, 12]},
								"up": {"uv": [14, 14], "uv_size": [-12, -12]},
								"down": {"uv": [30, 14], "uv_size": [-12, -12]}
							}
						},
						{
							"origin": [4.75, 6, 1.75],
							"size": [3.5, 18, 1],
							"pivot": [7, 24, 3],
							"rotation": [2.5, 10, 0],
							"uv": {
								"north": {"uv": [18, 2], "uv_size": [12, 12]},
								"east": {"uv": [18, 2], "uv_size": [12, 12]},
								"south": {"uv": [2, 2], "uv_size": [12, 12]},
								"west": {"uv": [2, 2], "uv_size": [12, 12]},
								"up": {"uv": [14, 14], "uv_size": [-12, -12]},
								"down": {"uv": [14, 14], "uv_size": [-12, -12]}
							}
						},
						{
							"origin": [-8.25, 6, 1.75],
							"size": [3.5, 18, 1],
							"pivot": [-7, 24, 3],
							"rotation": [2.5, -10, 0],
							"uv": {
								"north": {"uv": [18, 2], "uv_size": [12, 12]},
								"east": {"uv": [2, 2], "uv_size": [12, 12]},
								"south": {"uv": [2, 2], "uv_size": [12, 12]},
								"west": {"uv": [18, 2], "uv_size": [12, 12]},
								"up": {"uv": [14, 14], "uv_size": [-12, -12]},
								"down": {"uv": [14, 14], "uv_size": [-12, -12]}
							}
						},
						{
							"origin": [8, 21.5, -2.25],
							"size": [0.5, 2.5, 4.5],
							"uv": {
								"north": {"uv": [2, 2], "uv_size": [12, 12]},
								"east": {"uv": [18, 2], "uv_size": [12, 12]},
								"south": {"uv": [2, 2], "uv_size": [12, 12]},
								"west": {"uv": [2, 2], "uv_size": [12, 12]},
								"up": {"uv": [14, 14], "uv_size": [-12, -12]},
								"down": {"uv": [14, 14], "uv_size": [-12, -12]}
							}
						},
						{
							"origin": [-8.5, 21.5, -2.25],
							"size": [0.5, 2.5, 4.5],
							"uv": {
								"north": {"uv": [2, 2], "uv_size": [12, 12]},
								"east": {"uv": [2, 2], "uv_size": [12, 12]},
								"south": {"uv": [2, 2], "uv_size": [12, 12]},
								"west": {"uv": [18, 2], "uv_size": [12, 12]},
								"up": {"uv": [14, 14], "uv_size": [-12, -12]},
								"down": {"uv": [14, 14], "uv_size": [-12, -12]}
							}
						},
						{
							"origin": [-8.25, 21.5, -2.5],
							"size": [3.5, 2.5, 0.5],
							"uv": {
								"north": {"uv": [2, 2], "uv_size": [12, 12]},
								"east": {"uv": [2, 2], "uv_size": [12, 12]},
								"south": {"uv": [18, 2], "uv_size": [12, 12]},
								"west": {"uv": [2, 2], "uv_size": [12, 12]},
								"up": {"uv": [14, 14], "uv_size": [-12, -12]},
								"down": {"uv": [14, 14], "uv_size": [-12, -12]}
							}
						},
						{
							"origin": [4.75, 21.5, -2.5],
							"size": [3.5, 2.5, 0.5],
							"uv": {
								"north": {"uv": [14, 2], "uv_size": [-12, 12]},
								"east": {"uv": [14, 2], "uv_size": [-12, 12]},
								"south": {"uv": [30, 2], "uv_size": [-12, 12]},
								"west": {"uv": [14, 2], "uv_size": [-12, 12]},
								"up": {"uv": [2, 14], "uv_size": [12, -12]},
								"down": {"uv": [2, 14], "uv_size": [12, -12]}
							}
						}
					]
				}
			]
		}
	]
}