{
	"format_version": "1.12.0",
	"minecraft:geometry": [
		{
			"description": {
				"identifier": "geometry.law_hat",
				"texture_width": 64,
				"texture_height": 64,
				"visible_bounds_width": 3,
				"visible_bounds_height": 3.5,
				"visible_bounds_offset": [0, 1.25, 0]
			},
			"bones": [
				{
					"name": "hatSuit",
					"parent": "head",
					"pivot": [0, 32, 0],
					"cubes": [
						{
							"origin": [-4.5, 29.8, -4.3],
							"size": [9, 5.3, 8.6],
							"uv": {
								"north": {"uv": [16, 24], "uv_size": [9, 5.5]},
								"east": {"uv": [40, 36], "uv_size": [8.5, 5.5]},
								"south": {"uv": [25, 24], "uv_size": [9, 5.5]},
								"west": {"uv": [0, 41], "uv_size": [8.5, 5.5]},
								"up": {"uv": [0, 12], "uv_size": [9, 8.5]},
								"down": {"uv": [9, 20.5], "uv_size": [9, -8.5]}
							}
						},
						{
							"origin": [2.6, 31.5, -4.2],
							"size": [2.8, 3.6, 8.4],
							"pivot": [5.35, 32.95, -0.1],
							"rotation": [0, 0, -40],
							"uv": {
								"north": {"uv": [48, 26], "uv_size": [3, 3.5]},
								"east": {"uv": [42, 4], "uv_size": [8.5, 3.5]},
								"south": {"uv": [48, 30], "uv_size": [3, 3.5]},
								"west": {"uv": [42, 8], "uv_size": [8.5, 3.5]},
								"up": {"uv": [18, 42], "uv_size": [3, 8.5]},
								"down": {"uv": [21, 50.5], "uv_size": [3, -8.5]}
							}
						},
						{
							"origin": [-5.4, 31.5, -4.2],
							"size": [2.8, 3.6, 8.4],
							"pivot": [-5.35, 32.95, -0.1],
							"rotation": [0, 0, 40],
							"uv": {
								"north": {"uv": [36, 48], "uv_size": [3, 3.5]},
								"east": {"uv": [9, 42], "uv_size": [8.5, 3.5]},
								"south": {"uv": [30, 49], "uv_size": [3, 3.5]},
								"west": {"uv": [42, 12], "uv_size": [8.5, 3.5]},
								"up": {"uv": [24, 42], "uv_size": [3, 8.5]},
								"down": {"uv": [27, 50.5], "uv_size": [3, -8.5]}
							}
						},
						{
							"origin": [-5.08018, 30.159, -5.3],
							"size": [5.5, 1.9, 4.6],
							"pivot": [-2.33018, 31.109, -4.45],
							"rotation": [0, -1, -16],
							"uv": {
								"north": {"uv": [44, 34], "uv_size": [5.5, 2]},
								"east": {"uv": [48, 18], "uv_size": [4.5, 2]},
								"south": {"uv": [30, 47], "uv_size": [5.5, 2]},
								"west": {"uv": [49, 36], "uv_size": [4.5, 2]},
								"up": {"uv": [42, 16], "uv_size": [5.5, 4.5]},
								"down": {"uv": [30, 46.5], "uv_size": [5.5, -4.5]}
							}
						},
						{
							"origin": [-0.41982, 30.159, -5.3],
							"size": [5.5, 1.9, 4.6],
							"pivot": [2.33018, 31.109, -4.45],
							"rotation": [0, 1, 16],
							"uv": {
								"north": {"uv": [40, 47], "uv_size": [5.5, 2]},
								"east": {"uv": [49, 38], "uv_size": [4.5, 2]},
								"south": {"uv": [48, 16], "uv_size": [5.5, 2]},
								"west": {"uv": [39, 49], "uv_size": [4.5, 2]},
								"up": {"uv": [40, 42], "uv_size": [5.5, 4.5]},
								"down": {"uv": [44, 25.5], "uv_size": [5.5, -4.5]}
							}
						}
					]
				}
			]
		}
	]
}