{
	"format_version": "1.12.0",
	"minecraft:geometry": [
		{
			"description": {
				"identifier": "geometry.mihawk_hat",
				"texture_width": 64,
				"texture_height": 64,
				"visible_bounds_width": 3,
				"visible_bounds_height": 4,
				"visible_bounds_offset": [0, 1, 0]
			},
			"bones": [
				{
					"name": "hatSuit",
					"pivot": [0, 32, 0],
					"cubes": [
						{
							"origin": [-4, 30, -4],
							"size": [8, 6, 8],
							"inflate": 0.1,
							"uv": {
								"north": {"uv": [40, 41], "uv_size": [8, 6]},
								"east": {"uv": [40, 41], "uv_size": [8, 6]},
								"south": {"uv": [56, 41], "uv_size": [8, 6]},
								"west": {"uv": [40, 41], "uv_size": [8, 6]},
								"up": {"uv": [40, 33], "uv_size": [8, 8]},
								"down": {"uv": [40, 41], "uv_size": [8, -8]}
							}
						},
						{"origin": [-8, 30.75, -7.5], "size": [16, 0, 14], "inflate": 0.01, "pivot": [0, 30.75, 0], "rotation": [5, 0, 0], "uv": [18, 19], "mirror": true},
						{"origin": [4.2, 28.25, -1.5], "size": [0, 4, 8], "pivot": [4.1, 30.5, -1.5], "rotation": [17.5, 0, 0], "uv": [48, 2], "mirror": true},
						{"origin": [4.3, 28.75, 1.5], "size": [0, 4, 7.5], "pivot": [4.1, 31, 1.5], "rotation": [17.5, 0, 0], "uv": [50, 3], "mirror": true}
					]
				}
			]
		}
	]
}