{
	"format_version": "1.12.0",
	"minecraft:geometry": [
		{
			"description": {
				"identifier": "geometry.oden_suit",
				"texture_width": 64,
				"texture_height": 64,
				"visible_bounds_width": 3,
				"visible_bounds_height": 3.5,
				"visible_bounds_offset": [0, 1.25, 0]
			},
			"bones": [
				{
					"name": "bodySuit",
					"pivot": [0, 24, 0],
					"cubes": [
						{"origin": [-4.5, 13.5, -2.5], "size": [9, 11, 5], "uv": [36, 32]},
						{"origin": [3.5, 19.5, -2.5], "size": [1, 5, 5], "inflate": 0.1, "pivot": [4, 22, 0], "rotation": [0, -10, 0], "uv": [39, 49]},
						{"origin": [-4.5, 19.5, -2.5], "size": [1, 5, 5], "inflate": 0.1, "pivot": [-4, 22, 0], "rotation": [0, 10, 0], "uv": [18, 37]},
						{"origin": [0.3372, 12.5, 3.00803], "size": [3, 13, 9], "pivot": [1, 22, 4], "rotation": [0.12436, 47.50017, 0.1213], "uv": [16, 14]},
						{"origin": [-3.3372, 12.5, 3.00803], "size": [3, 13, 9], "pivot": [-1, 22, 4], "rotation": [0.12436, -47.50017, -0.1213], "uv": [0, 0]},
						{"origin": [-2.78384, 13, 4.32562], "size": [3, 3, 8], "pivot": [-1.2856, 14.5, 3.20284], "rotation": [-58, -62.15636, 0], "uv": [0, 41]},
						{"origin": [-0.21616, 13, 4.32562], "size": [3, 3, 8], "pivot": [1.2856, 14.5, 3.20284], "rotation": [-58, 62.15636, 0], "uv": [0, 29]},
						{"origin": [-5, 7.5, -3], "size": [10, 6, 6], "uv": [25, 0]}
					]
				},
				{
					"name": "rightArmSuit",
					"pivot": [-5, 22, 0],
					"cubes": [
						{"origin": [-8.5, 19.5, -2.5], "size": [5, 5, 5], "inflate": -0.05, "uv": [41, 13], "mirror": true}
					]
				},
				{
					"name": "leftArmSuit",
					"pivot": [5, 22, 0],
					"cubes": [
						{"origin": [3.5, 19.5, -2.5], "size": [5, 5, 5], "inflate": -0.05, "uv": [41, 13]}
					]
				}
			]
		}
	]
}