{
  "format_version": "1.10.0",
  "minecraft:entity": {
    "description": {
      "identifier": "stk:kamusari",
      "is_spawnable": false,
      "is_summonable": true,
      "is_experimental": false,
            "scripts":{
        "animate":["kamusari"]
      },
      "animations":{

        "kamusari":"controller.animation.kamusari"
      }
    },
    
    "component_groups": {
      "despawn": {
        "minecraft:instant_despawn": {}
      },
      "time": {
        "minecraft:timer": {
        "time": 3,
        "time_down_event": {
        "event": "tick"
        }
       }
      }
    },
    "components": {
      "minecraft:type_family": {
        "family": [
          "attack"
        ]
      },
      "minecraft:explode": {
        "fuseLength": 3,
        "fuseLit": true,
        "power": 0,
        "causesFire": false,
        "destroyAffectedByGriefing": true
      },
      "minecraft:collision_box": {
        "width": 0,
        "height": 0
      },
      "minecraft:damage_sensor": [
        {
          "cause": "any",
          "deals_damage": false
        }
      ],
      "minecraft:physics": {}
    },
    
    "events": {
      "tick": {
        "run_command": {
          "command": [
            "tag @a remove ace"
          ]
        },
        "add": {
          "component_groups": [
            "despawn"
          ]
        }
      },
      "time": {
        "add": {
           "component_groups": [
               "time"
          ]
        }
      }
    }
  }
}
  







 








  







 











