{
	"format_version": "1.10.0",
	"animation_controllers": {
		"controller.animation.base": {
			"states": {
				"default": {
					"transitions": [
						{
							"walk": "1"
						}
					],
					"on_entry": [
						"0"
					]
				},
				"walk": {
					"transitions": [
						{
							"default": "1"
						}
					],
					"on_entry": [
						"/function chakra",
						"/function items",
						"/function chat",
						"/function limpar"
					]
				}
			}
		},
		"controller.animation.base2": {
			"states": {
				"default": {
					"transitions": [
						{
							"chakra": "query.is_sneaking"
						}
					],
					"on_entry": [
						"/execute @s[scores={chakra=0..9999}] ~ ~ ~ particle stk:vene ~ ~ ~"
					]
				},
				"chakra": {
					"transitions": [
						{
							"default": "query.is_sneaking"
						}
					],
					"on_entry": [
						"0"
					]
				}
			}
		}
	}
}