{
	"format_version": "1.10.0",
	"animation_controllers": {
		"controller.animation.dor": {
			"states": {
				"default": {
					"transitions": [
						{
							"walk": "1"
						}
					],
					"on_entry": [
						"/playanimation @p[scores={health=0..8}] animation.dor",
						"/effect @p[scores={health=0..8}] slowness 1 3 true",
						"/effect @p[scores={health=0..8}] weakness 1 3 true"
					]
				},
				"walk": {
					"transitions": [
						{
							"default": "1"
						}
					],
					"on_entry": [
						"/playanimation @p[scores={health=0..8}] animation.dor",
						"/effect @p[scores={health=0..8}] slowness 1 3 true",
						"/effect @p[scores={health=0..8}] weakness 1 3 true"
					]
				}
			}
		}
	}
}