{
	"format_version": "1.8.0",
	"animations": {
		"animation.mobs.hp1" : {
			"loop" : true,
			"animation_length": 0.15,
			"particle_effects": {
			    "0.0": [
			        {"effect": "hp1","locator": "hp"}
			    ]
			}
		},
		"animation.mobs.hp2" : {
			"loop" : true,
			"animation_length": 0.15,
			"particle_effects": {
			    "0.0": [
			        {"effect": "hp2","locator": "hp"}
			    ]
			}
		},
		"animation.mobs.hp3" : {
			"loop" : true,
			"animation_length": 0.15,
			"particle_effects": {
			    "0.0": [
			        {"effect": "hp3","locator": "hp"}
			    ]
			}
		},
		"animation.mobs.hp4" : {
			"loop" : true,
			"animation_length": 0.15,
			"particle_effects": {
			    "0.0": [
			        {"effect": "hp4","locator": "hp"}
			    ]
			}
		},
		"animation.mobs.hp5" : {
			"loop" : true,
			"animation_length": 0.15,
			"particle_effects": {
			    "0.0": [
			        {"effect": "hp5","locator": "hp"}
			    ]
			}
		},
		"animation.mobs.hp6" : {
			"loop" : true,
			"animation_length": 0.15,
			"particle_effects": {
			    "0.0": [
			        {"effect": "hp6","locator": "hp"}
			    ]
			}
		},
		"animation.mobs.hp7" : {
			"loop" : true,
			"animation_length": 0.15,
			"particle_effects": {
			    "0.0": [
			        {"effect": "hp7","locator": "hp"}
			    ]
			}
		},
		"animation.mobs.hp8" : {
			"loop" : true,
			"animation_length": 0.15,
			"particle_effects": {
			    "0.0": [
			        {"effect": "hp8","locator": "hp"}
			    ]
			}
		},
		"animation.mobs.hp9" : {
			"loop" : true,
			"animation_length": 0.15,
			"particle_effects": {
			    "0.0": [
			        {"effect": "hp9","locator": "hp"}
			    ]
			}
		},
		"animation.mobs.hp10" : {
			"loop" : true,
			"animation_length": 0.15,
			"particle_effects": {
			    "0.0": [
			        {"effect": "hp10","locator": "hp"}
			    ]
			}
		},
		"animation.random.move": {
			"loop": true,
			"bones": {
				"waist": {
					"rotation": [10, "math.sin(q.anim_time * 400) * 7.5", 0],
					"position": [0, "-0.5 + math.sin(q.anim_time * 800) * 1", 0]
				},
				"rightArm": {
					"rotation": ["5 -math.sin(q.anim_time * 400) * 7.5", 5, 5],
					"position": [0, "math.cos(q.anim_time * 400) * 0.5", "-math.sin(q.anim_time * 400) * 1"]
				},
				"leftArm": {
					"rotation": ["5 + math.sin(q.anim_time * 400) * 7.5", -5, -5],
					"position": [0, "-math.cos(q.anim_time * 400) * 0.5", "math.sin(q.anim_time * 400) * 1"]
				},
				"leftLeg": {
					"rotation": ["2.5-math.sin(q.anim_time * 400) * 7.5", 0, 0],
					"position": [0, "math.cos(q.anim_time * 400) * 1", "-math.sin(q.anim_time * 400) * 1"]
				},
				"rightLeg": {
					"rotation": ["2.5 + math.sin(q.anim_time * 400) * 7.5", 0, 0],
					"position": [0, "-math.cos(q.anim_time * 400) * 1", "math.sin(q.anim_time * 400) * 1"]
				}
			}
		},
		"animation.random.sprint": {
			"loop": true,
			"bones": {
				"waist": {
					"rotation": [20, "math.sin(q.anim_time * 700) * 10", 0],
					"position": [0, "-1 + math.sin(q.anim_time * 1400) * 1", 0]
				},
				"rightArm": {
					"rotation": ["10 -math.sin(q.anim_time * 700) * 25", 10, 10],
					"position": [0, "math.cos(q.anim_time * 700) * 0.5", "-math.sin(q.anim_time * 700) * 1"]
				},
				"leftArm": {
					"rotation": ["10 + math.sin(q.anim_time * 700) * 25", -10, -10],
					"position": [0, "-math.cos(q.anim_time * 700) * 0.5", "math.sin(q.anim_time * 700) * 1"]
				},
				"leftLeg": {
					"rotation": ["20 -math.sin(q.anim_time * 700) * 15", -2.5, 0],
					"position": [0, "math.cos(q.anim_time * 700) * 1.5", "-1-math.sin(q.anim_time * 700) * 2"]
				},
				"rightLeg": {
					"rotation": ["20 + math.sin(q.anim_time * 700) * 15", 2.5, 0],
					"position": [0, "-math.cos(q.anim_time * 700) * 1.5", "-1 +math.sin(q.anim_time * 700) * 2"]
				}
			}
		},
		"animation.random.stop": {
			"loop": true,
			"bones": {
				"waist": {
					"rotation": [0, 12.5, 0]
				},
				"dmt1": {
					"rotation": [0, 15, 0],
					"position": [-1, 0, 0]
				},
				"dmt2": {
					"rotation": [0, -15, 0],
					"position": [1, 0, 0]
				},
				"rightArm": {
					"rotation": [0, 20, "7.5 + math.sin(q.anim_time * 150) * 5"]
				},
				"leftArm": {
					"rotation": [0, -7.5, "-7.5 -math.sin(q.anim_time * 150) * 5"]
				},
				"leftLeg": {
					"rotation": [-2.5, -2.5, 0],
					"position": [0, 0, -0.5]
				},
				"leftForeLeg": {
					"rotation": [2.5, 0, 0]
				},
				"rightLeg": {
					"rotation": [-0.90824, 32.46527, 2.96346],
					"position": [0, 0, 0.5]
				},
				"rightForeLeg": {
					"rotation": [5, 0, 0]
				},
				"swordRight": {
					"rotation": [20, 0, 0],
					"position": [0, -1, 0]
				},
				"swordLeft": {
					"rotation": [20, 0, 0],
					"position": [0, -1, 0]
				}
			}
		}
	}
}