{
  "format_version": "1.10.0",
  "minecraft:attachable": {
    "description": {
      "identifier": "wesl3y:punch_combat",
      "materials": {
        "default": "entity_alphatest",
        "enchanted": "entity_alphatest_glint"
      },
      "textures": {
        "default": "textures/items/null",
        "enchanted": "textures/misc/enchanted_item_glint"
      },
      "geometry": {
        "default": "geometry.null"
      },
      "render_controllers": ["controller.render.skeleton"]
    }
  }
}