{
    "pools": [
        {
            "rolls": 1,
            "entries": [
                {
                    "type": "item",
                    "name": "stk:energy",
                    "weight": 1,
                    "functions": [
                        {
                            "function": "set_count",
                            "count": {
                                "min": 4,
                                "max": 8                     }
                        },
                        {
                            "function": "looting_enchant",
                            "count": {
                                "min": 2,
                                "max": 3                                               
                        }
                }
                    
                ]
        }
        ]
    
},
{
 "rolls": 1,
            "entries": [
                {
                    "type": "item",
                    "name": "stk:frag",
                    "weight": 1,
                    "functions": [
                        {
                            "function": "set_count",
                            "count": {
                                "min": 1,
                                "max": 4                     }
                        },
                        {
                            "function": "looting_enchant",
                            "count": {
                                "min": 2,
                                "max": 3  
                                                        }
                }
                    
                ]
        }
        ]
    
},
{
     "rolls": 1,
            "entries": [
                {
                    "type": "item",
                    "name": "stk:akazaeye",
                    "weight": 1,
                    "functions": [
                        {
                            "function": "set_count",
                            "count": {
                                "min": 1,
                                "max":  1                     }
                        },
                        {
                            "function": "looting_enchant",
                            "count": {
                                "min": 2,
                                "max": 3  
                                                        }
                }
                    
                ]
        }
        ]
    
}
                                
                        
                    ]
                }