{
	"format_version": "1.10.0",
	"particle_effect": {
		"description": {
			"identifier": "ds:basicdemon_clawslash",
			"basic_render_parameters": {
				"material": "particles_alpha",
				"texture": "textures/particle/particles"
			}
		},
		"curves": {
			"variable.test": {
				"type": "catmull_rom",
				"input": 1,
				"horizontal_range": 1,
				"nodes": [0, 1.12]
			}
		},
		"components": {
			"minecraft:emitter_rate_steady": {
				"spawn_rate": 4000,
				"max_particles": 6000
			},
			"minecraft:emitter_lifetime_once": {
				"active_time": 0.15
			},
			"minecraft:emitter_shape_point": {
				"offset": ["math.cos(variable.particle_random_2 * 260) * (3-variable.particle_random_1 * 0.4)", 0, "math.sin(variable.particle_random_2 * 260) * (3-variable.particle_random_1 * 0.4)"],
				"direction": ["math.random(-1, 1)", "math.random(-1, 1)", "math.random(-1, 1)"]
			},
			"minecraft:particle_lifetime_expression": {
				"max_lifetime": 2
			},
			"minecraft:particle_initial_speed": 0.1,
			"minecraft:particle_motion_dynamic": {},
			"minecraft:particle_appearance_billboard": {
				"size": ["0.2 - (variable.particle_age * 0.1)", "0.2 - (variable.particle_age * 0.1)"],
				"facing_camera_mode": "rotate_xyz",
				"uv": {
					"texture_width": 128,
					"texture_height": 128,
					"flipbook": {
						"base_UV": [56, 0],
						"size_UV": [8, 8],
						"step_UV": [-8, 0],
						"frames_per_second": 8,
						"max_frame": 9,
						"stretch_to_lifetime": true
					}
				}
			},
			"minecraft:particle_appearance_tinting": {
				"color": {
					"interpolant": "variable.particle_random_1",
					"gradient": {
						"0.0": "#FF3E3E3E",
						"0.27": "#FF7E7E7E",
						"0.58": "#FFA5A5A5",
						"1.0": "#FFFFFFFF"
					}
				}
			}
		}
	}
}