{
  "format_version": "1.10.0",
  "particle_effect": {
    "description": {
      "identifier": "wesl3y:jinwoo_stealth",
      "basic_render_parameters": {
        "material": "particles_blend",
        "texture": "textures/particle/particles12"
      }
    },
    "components": {
      "minecraft:emitter_rate_instant": {
        "num_particles": 5
      },
      "minecraft:emitter_lifetime_once": {
        //"active_time": 0.5
      },
      "minecraft:emitter_shape_point": {
      },
      "minecraft:particle_lifetime_expression": {
        "max_lifetime": 1.5
      },
      "minecraft:particle_initial_speed": 0.3,
      "minecraft:particle_motion_dynamic": {
        "linear_drag_coefficient": 0.1,
        "linear_acceleration": [-0.8, 0.3, 0]
      },
      "minecraft:particle_appearance_billboard": {
        "size": ["0.02 + (0.15 * v.particle_age)", "0.02 + (0.15 * v.particle_age)"],
        "facing_camera_mode": "lookat_xyz",
        "uv": {
          "texture_width": 32,
          "texture_height": 32,
          "uv": [0, 0],
          "uv_size": [32, 32]
        }
      },
      "minecraft:particle_appearance_tinting": {
        "color": {
          "interpolant": "v.particle_age",
          "gradient": {
            "0.5": "#EDFFFFFF",
            "1.5": "#00FFFFFF"
          }
        }
      }
    }
  }
}