{
  "format_version": "1.10.0",
  "particle_effect": {
    "description": {
      "identifier": "wesl3y:feathers",
      "basic_render_parameters": {
        "material": "particles_alpha",
        "texture": "textures/particle/feathers"
      }
    },
    "components": {
      "minecraft:emitter_rate_steady": {
        "spawn_rate": 120,
        "max_particles": 120
      },        
      "minecraft:emitter_lifetime_once": {
        "active_time": 1
      },
      "minecraft:emitter_shape_custom": {
        "offset": [ "Math.random(-20, 20)", "Math.random(0, 5)", "Math.random(-20, 20)" ]
      },
      "minecraft:particle_initial_speed": 0.0,
      "minecraft:particle_lifetime_expression": {
        "max_lifetime": "Math.random(0.7, 1.0)"
      },
      "minecraft:particle_initial_spin": {
        "rotation": "math.random(0, 360)"
      },
      "minecraft:particle_motion_dynamic": {
        "linear_acceleration": [ 0, "math.random(-1.0, -1.5)", 0 ],
        "linear_drag_coefficient": 1.5
      },
      "minecraft:particle_appearance_billboard": {
        "size": [ 0.4, 0.4 ],
        "facing_camera_mode": "lookat_xyz",
        "uv": {
          "texture_width": 16,
          "texture_height": 16,
          "uv": [0, 0],
          "uv_size": [16, 16]
        }
      }
    }
  }
}