{
  "format_version": "1.10.0",
  "minecraft:attachable": {
    "description": {
      "identifier": "stk:haki",
      "materials": {
        "default": "elytra",
        "enchanted": "elytra_glint"
      },
      "textures": {
        "default": "textures/powers/haki/armamento",
        "enchanted": "textures/misc/enchanted_item_glint"
      },
      "geometry": {
        "default": "geometry.humanoid.custom"
      },
      "animations": {
        "default_controller": "controller.animation.slime",
    "default": "animation.stop",
    "agachar": "animation.escudo",
    "andar": "animation.walk",
    "correr": "animation.run",
    "pular": "animation.bater"
      },
      "scripts": {
        "parent_setup": "variable.chest_layer_visible = 0.0;",
        "animate": [
          "default_controller"
        ]
      },
      "render_controllers": [ "controller.render.armor" ]
    }
  }
}








