{
    "pools": [
        {
            "rolls": 1,
            "entries": [
                {
                    "type": "item",
                    "name": "stk:coin",
                    "weight": 1,
                    "functions": [
                        {
                            "function": "set_count",
                            "count": {
                                "min": 10,
                                "max": 15                       }
                        },
                        {
                            "function": "looting_enchant",
                            "count": {
                                "min": 2,
                                "max": 3                                               
                        }
                }
                    
                ]
        }
        ]
    
},
{
    "pools": [
        {
            "rolls": 1,
            "entries": [
                {
                    "type": "item",
                    "name": "stk:capa_shanks",
                    "weight": 1,
                    "functions": [
                        {
                            "function": "set_count",
                            "count": {
                                "min": 1,
                                "max": 1                      }
                        },
                        {
                            "function": "looting_enchant",
                            "count": {
                                "min": 2,
                                "max": 3                                               
                        }
                }
                    
                ]
        }
        ]
    
},
{
        "pools": [
        {
            "rolls": 1,
            "entries": [
                {
                    "type": "item",
                    "name": "stk:fragment",
                    "weight": 1,
                    "functions": [
                        {
                            "function": "set_count",
                            "count": {
                                "min": 1,
                                "max": 1                      }
                        },
                        {
                            "function": "looting_enchant",
                            "count": {
                                "min": 2,
                                "max": 3                                               
                        }
                        }
                        ]
                }
                ]
        }
        ]
                }
            ]
        }
    ]
}   

























