{
  "format_version": "1.10.0",
  "particle_effect": {
    "description": {
      "identifier": "wesl3y:smoke_screen",
      "basic_render_parameters": {
        "material": "particles_blend",
        "texture": "textures/particle/ball2"
      }
    },
    "components": {
      "minecraft:emitter_rate_instant": {
        "num_particles": 100
      },
      "minecraft:emitter_lifetime_once": {},
      "minecraft:emitter_shape_point": {},
      "minecraft:particle_lifetime_expression": {
        "max_lifetime": "math.random(1.0, 1.5)"
      },
      "minecraft:particle_initial_spin": {
        "rotation": "math.random(720, -720)"
      },
      "minecraft:particle_initial_speed": 9,
      "minecraft:particle_motion_dynamic": {},
      "minecraft:particle_appearance_billboard": {
        "size": ["1 + (1 * variable.particle_age)", "1 + (1 * variable.particle_age)"],
        "facing_camera_mode": "lookat_xyz",
        "uv": {
          "texture_width": 16,
          "texture_height": 16,
          "uv": [0, 0],
          "uv_size": [16, 16]
        }
      },
      "minecraft:particle_appearance_tinting": {
        "color": {
          "interpolant": "v.particle_age / v.particle_lifetime",
          "gradient": {
            "0.13": "#FFDA3AE8",
            "0.6": "#FF9214AD"
          }
        }
      }
    }
  }
}