{
	"format_version": "1.12.0",
	"minecraft:geometry": [
		{
			"description": {
				"identifier": "geometry.escanor",
				"texture_width": 128,
				"texture_height": 128,
				"visible_bounds_width": 3,
				"visible_bounds_height": 4.5,
				"visible_bounds_offset": [0, 1.75, 0]
			},
			"bones": [
				{
					"name": "root",
					"pivot": [0, 0, 0]
				},
				{
					"name": "waistEscanor",
					"parent": "root",
					"pivot": [0, 19, 0]
				},
				{
					"name": "bodyEscanor",
					"parent": "waistEscanor",
					"pivot": [0, 42, 0],
					"cubes": [
						{"origin": [-7, 30, -3], "size": [14, 10, 6], "inflate": 0.001, "uv": [0, 0]},
						{"origin": [-6, 40, -2.5], "size": [12, 1, 5], "uv": [24, 16]},
						{"origin": [-3.5, 41, -2], "size": [7, 1, 4], "uv": [50, 35]},
						{"origin": [-7, 31, -3.5], "size": [6.5, 8.5, 3], "pivot": [-0.105, 36.45635, -0.53193], "rotation": [-2.5, 0, 0], "uv": [0, 47]},
						{"origin": [0.5, 31, -3.5], "size": [6.5, 8.5, 3], "pivot": [0.105, 36.45635, -0.53193], "rotation": [-2.5, 0, 0], "uv": [0, 47], "mirror": true},
						{"origin": [-6, 27, -2.25], "size": [12, 3, 4.5], "uv": [40, 0]},
						{"origin": [-5, 22, -1.75], "size": [10, 5, 3.5], "uv": [39, 43]},
						{"origin": [-5.5, 19, -2.25], "size": [11, 3, 4.5], "uv": [40, 7]}
					]
				},
				{
					"name": "escanorEscanor",
					"parent": "bodyEscanor",
					"pivot": [0, 42, 0],
					"cubes": [
						{"origin": [-4, 42, -4], "size": [8, 8, 8], "uv": [0, 16]}
					]
				},
				{
					"name": "rightArmEscanor",
					"parent": "bodyEscanor",
					"pivot": [-7, 37.5, 0],
					"cubes": [
						{"origin": [-13, 29.5, -3], "size": [6, 11, 6], "uv": [26, 26]}
					]
				},
				{
					"name": "rightArmEscanor2",
					"parent": "rightArmEscanor",
					"pivot": [-10, 29.5, 0],
					"cubes": [
						{"origin": [-12.5, 21.5, -2.5], "size": [5, 8, 5], "uv": [50, 22]},
						{"origin": [-12.5, 17.5, -2.5], "size": [5, 4, 5], "inflate": 0.1, "uv": [39, 51]}
					]
				},
				{
					"name": "leftArmEscanor",
					"parent": "bodyEscanor",
					"pivot": [7, 37.5, 0],
					"cubes": [
						{"origin": [7, 29.5, -3], "size": [6, 11, 6], "uv": [26, 26], "mirror": true}
					]
				},
				{
					"name": "leftArmEscanor2",
					"parent": "leftArmEscanor",
					"pivot": [10, 29.5, 0],
					"cubes": [
						{"origin": [7.5, 21.5, -2.5], "size": [5, 8, 5], "uv": [50, 22], "mirror": true},
						{"origin": [7.5, 17.5, -2.5], "size": [5, 4, 5], "inflate": 0.1, "uv": [39, 51], "mirror": true}
					]
				},
				{
					"name": "rightLegEscanor",
					"parent": "root",
					"pivot": [-3, 19, 0],
					"cubes": [
						{"origin": [-6, 9.5, -3], "size": [6, 9.5, 6], "uv": [0, 32]}
					]
				},
				{
					"name": "rightLegEscanor2",
					"parent": "rightLegEscanor",
					"pivot": [-3, 9.5, 0],
					"cubes": [
						{"origin": [-5.5, 0, -2.5], "size": [5, 9.5, 5], "uv": [19, 43]}
					]
				},
				{
					"name": "leftLegEscanor",
					"parent": "root",
					"pivot": [3, 19, 0],
					"cubes": [
						{"origin": [0, 9.5, -3], "size": [6, 9.5, 6], "uv": [0, 32], "mirror": true}
					]
				},
				{
					"name": "leftLegEscanor2",
					"parent": "leftLegEscanor",
					"pivot": [3, 9.5, 0],
					"cubes": [
						{"origin": [0.5, 0, -2.5], "size": [5, 9.5, 5], "uv": [19, 43], "mirror": true}
					]
				}
			]
		}
	]
}