{
  "format_version": "1.16.0",
  "minecraft:entity": {
    "description": {
      "identifier": "wesl3y:asta_projetil",
      "is_spawnable": false,
      "is_summonable": true,
      "is_experimental": false,
      "runtime_identifier": "minecraft:snowball",
      "animations": {
        "death": "controller.animation.projetil"
      },
      "scripts": {
        "animate": [
          "death"
        ]
      }
    },
    "component_groups": {
      "wesl3y:despawn": {
        "minecraft:transformation": {
          "into": "wesl3y:despawn",
          "delay": 0.0
        }
      },
      "wesl3y:black_cut": {
        "minecraft:variant": {
          "value": 1
        },
        "minecraft:type_family": {
          "family": [ "black_cut", "attack", "projectile" ]
        },
        "minecraft:transformation": {
          "into": "wesl3y:despawn",
          "delay": 1.25
        },
        "minecraft:projectile": {
          "on_hit": {
            "impact_damage": {
              "damage": 12,
              "knockback": false,
              "destroy_on_hit": false
            }
          },
          "power": 1.75,
          "gravity": 0,
          "inertia": 1,
          "anchor": 1,
          "offset": [0, 0, 0],
          "stop_on_hurt": false
        }
      },
      "wesl3y:mob.black_cut": {
        "minecraft:variant": {
          "value": 1
        },
        "minecraft:type_family": {
          "family": [ "mob.black_cut", "attack", "projectile" ]
        },
        "minecraft:transformation": {
          "into": "wesl3y:despawn",
          "delay": 1.25
        },
        "minecraft:projectile": {
          "on_hit": {
            "impact_damage": {
              "damage": 12,
              "knockback": false,
              "destroy_on_hit": false
            }
          },
          "power": 1.75,
          "gravity": 0,
          "inertia": 1,
          "anchor": 1,
          "offset": [0, 0, 0],
          "stop_on_hurt": false
        }
      }
    },
    "components": {
      "minecraft:transformation": {
        "into": "wesl3y:despawn",
        "delay": 7.0
      },
      "minecraft:timer": {
        "time": 0.15,
        "looping": true,
        "time_down_event": {
          "event": "minecraft:command",
          "target": "self"
        }
      },
      "minecraft:despawn": {
        "filters": {
          "all_of":[{ "test": "distance_to_nearest_player", "operator": ">", "value": 64 }]
        }
      },
      "minecraft:physics": {},
      "minecraft:pushable": {
        "is_pushable": false,
        "is_pushable_by_piston": true
      },
      "minecraft:conditional_bandwidth_optimization": {
        "default_values": {
          "max_optimized_distance": 80,
          "max_dropped_ticks": 10,
          "use_motion_prediction_hints": true
        }
      }
    },
    "events": {
      "wesl3y:despawn": {
        "add": {
          "component_groups": ["wesl3y:despawn"]
        }
      },
      "wesl3y:black_cut": {
        "add": {
          "component_groups": ["wesl3y:black_cut"]
        }
      },
      "wesl3y:mob.black_cut": {
        "add": {
          "component_groups": ["wesl3y:mob.black_cut"]
        }
      },
      "minecraft:command": {
        "sequence": [
          {
            "filters": {
              "test": "is_family",
              "value": "black_cut"
            },
            "run_command": {
              "command": [
                "playsound portal.portal @a",
                "summon wesl3y:asta_damage ~~~ ~~ wesl3y:black_cut"
              ]
            }
          },
          {
            "filters": {
              "test": "is_family",
              "value": "mob.black_cut"
            },
            "run_command": {
              "command": [
                "playsound portal.portal @a",
                "summon wesl3y:asta_damage ~~~ ~~ wesl3y:mob.black_cut"
              ]
            }
          }
        ]
      },
      "wesl3y:explode": {
        "sequence": [
          {
            "filters": {
              "test": "is_family",
              "value": "black_cut"
            },
            "add": {
              "component_groups": ["wesl3y:despawn"]
            }
          },
          {
            "filters": {
              "test": "is_family",
              "value": "mob.black_cut"
            },
            "add": {
              "component_groups": ["wesl3y:despawn"]
            }
          }
        ]
      }
    }
  }
}