{
  "format_version": "1.16.0",
  "minecraft:entity": {
    "description": {
      "identifier": "wesl3y:asta_damage",
      "is_spawnable": false,
      "is_summonable": true,
      "is_experimental": false
    },
    "component_groups": {
      "wesl3y:despawn": {
        "minecraft:transformation": {
          "into": "wesl3y:despawn",
          "delay": 0.0
        }
      },
      "wesl3y:bull_thrust": {
        "minecraft:type_family": {
          "family": [ "bull_thrust", "attack", "damage" ]
        },
        "minecraft:behavior.knockback_roar": {
          "duration": 0.2,
          "attack_time": 0.1,
          "knockback_horizontal_strength": 9,
          "knockback_vertical_strength": 1,
          "knockback_range": 3,
          "cooldown_time": 0.2,
          "knockback_filters": {
            "test": "has_tag","subject": "other","operator": "==","value": "asta"
          },
          "damage_filters": {
            "test": "has_tag","subject": "other","operator": "==","value": "sla"
          },
          "on_roar_end": {
            "event": "wesl3y:despawn"
          }
        }
      },
      "wesl3y:black_cut": {
        "minecraft:type_family": {
          "family": [ "black_cut", "attack", "damage" ]
        },
        "minecraft:behavior.knockback_roar": {
          "duration": 1.2,
          "attack_time": 0.1,
          "knockback_horizontal_strength": 0.5,
          "knockback_vertical_strength": 1,
          "knockback_range": 2.5,
          "cooldown_time": 0.2,
          "knockback_filters": {
            "test": "has_tag","subject": "other","operator": "!=","value": "asta"
          },
          "damage_filters": {
            "test": "has_tag","subject": "other","operator": "==","value": "sla"
          },
          "on_roar_end": {
            "event": "wesl3y:despawn"
          }
        }
      },
      "wesl3y:mob.bull_thrust": {
        "minecraft:type_family": {
          "family": [ "mob.bull_thrust", "attack", "damage" ]
        },
        "minecraft:behavior.knockback_roar": {
          "duration": 0.2,
          "attack_time": 0.1,
          "knockback_horizontal_strength": 9,
          "knockback_vertical_strength": 1,
          "knockback_range": 3,
          "cooldown_time": 0.2,
          "knockback_filters": {
            "test": "is_family","subject": "other","operator": "==","value": "asta"
          },
          "damage_filters": {
            "test": "has_tag","subject": "other","operator": "==","value": "sla"
          },
          "on_roar_end": {
            "event": "wesl3y:despawn"
          }
        }
      },
      "wesl3y:mob.black_cut": {
        "minecraft:type_family": {
          "family": [ "mob.black_cut", "attack", "damage" ]
        },
        "minecraft:behavior.knockback_roar": {
          "duration": 1.2,
          "attack_time": 0.1,
          "knockback_horizontal_strength": 0.5,
          "knockback_vertical_strength": 1,
          "knockback_range": 2.5,
          "cooldown_time": 0.2,
          "knockback_filters": {
            "test": "is_family","subject": "other","operator": "!=","value": "asta"
          },
          "damage_filters": {
            "test": "has_tag","subject": "other","operator": "==","value": "sla"
          },
          "on_roar_end": {
            "event": "wesl3y:despawn"
          }
        }
      }
    },
    "components": {
      "minecraft:collision_box": {
        "width": 0.0,
        "height": 0.0
      },
      "minecraft:transformation": {
        "into": "wesl3y:despawn",
        "delay": 15.0
      },
      "minecraft:timer": {
        "time": 0.15,
        "looping": true,
        "time_down_event": {
          "event": "minecraft:command",
          "target": "self"
        }
      },
      "minecraft:damage_sensor": {
        "triggers": {
          "on_damage": {},
          "deals_damage": false
        }
      },
      "minecraft:despawn": {
        "filters": {
          "all_of":[{ "test": "distance_to_nearest_player", "operator": ">", "value": 48 }]
        }
      },
      "minecraft:knockback_resistance": {"value": 1.0},
      "minecraft:physics": {
        "has_gravity": false
      },
      "minecraft:pushable": {
        "is_pushable": false,
        "is_pushable_by_piston": true
      },
      "minecraft:conditional_bandwidth_optimization": {
        "default_values": {
          "max_optimized_distance": 80,
          "max_dropped_ticks": 10,
          "use_motion_prediction_hints": true
        }
      }
    },
    "events": {
      "minecraft:command": {},
      "wesl3y:despawn": {
        "add": {
          "component_groups": [
            "wesl3y:despawn"
          ]
        }
      },
      "wesl3y:bull_thrust": {
        "add": {
          "component_groups": [
            "wesl3y:bull_thrust"
          ]
        }
      },
      "wesl3y:black_cut": {
        "add": {
          "component_groups": [
            "wesl3y:black_cut"
          ]
        }
      },
      "wesl3y:mob.bull_thrust": {
        "add": {
          "component_groups": [
            "wesl3y:mob.bull_thrust"
          ]
        }
      },
      "wesl3y:mob.black_cut": {
        "add": {
          "component_groups": [
            "wesl3y:mob.black_cut"
          ]
        }
      }
    }
  }
}