{
  "format_version": "1.10.0",
  "animation_controllers": {
    "controller.animation.fly": {
      "states": {
        "default": {
          "transitions": [
            { "black_angel": "query.get_equipped_item_name == 'quirk_dark_shadow' && query.property('wesl3y:float') == 1" },
            { "explosive_speed": "query.get_equipped_item_name == 'quirk_explosion' && query.property('wesl3y:float') == 1" },
            { "fierce_wings": "query.get_equipped_item_name == 'quirk_fierce_wings2' && query.property('wesl3y:float') == 1" },
            { "hell_flame_wings": "query.get_equipped_item_name == 'quirk_hell_flame' && query.property('wesl3y:float') == 1" }
          ]
        },
        "black_angel": {
          "transitions": [
            { "default": "query.get_equipped_item_name != 'quirk_dark_shadow' || query.property('wesl3y:float') == 0 || !query.is_riding" }
          ],
          "on_entry": [
            "/ride @s summon_ride wesl3y:black_angel_ride"
          ],
          "on_exit": [
            "/ride @s stop_riding",
            "/event entity @s wesl3y:float.0"
          ]
        },
        "explosive_speed": {
          "transitions": [
            { "default": "query.get_equipped_item_name != 'quirk_explosion' || query.property('wesl3y:float') == 0 || !query.is_riding" }
          ],
          "on_entry": [
            "/ride @s summon_ride wesl3y:explosive_speed_ride"
          ],
          "on_exit": [
            "/ride @s stop_riding",
            "/event entity @s wesl3y:float.0"
          ]
        },
        "fierce_wings": {
          "transitions": [
            { "default": "query.get_equipped_item_name != 'quirk_fierce_wings2' || query.property('wesl3y:float') == 0 || !query.is_riding" }
          ],
          "on_entry": [
            "/ride @s summon_ride wesl3y:fierce_wings_ride"
          ],
          "on_exit": [
            "/ride @s stop_riding",
            "/event entity @s wesl3y:float.0"
          ]
        },
        "hell_flame_wings": {
          "transitions": [
            { "default": "query.get_equipped_item_name != 'quirk_hell_flame' || query.property('wesl3y:float') == 0 || !query.is_riding" }
          ],
          "on_entry": [
            "/ride @s summon_ride wesl3y:hell_flame_wings_ride"
          ],
          "on_exit": [
            "/ride @s stop_riding",
            "/event entity @s wesl3y:float.0"
          ]
        }
      }
    }
  }
}