{
  "format_version":"1.16.100",
  "animation_controllers": {
    "controller.animation.quirk_hand": {
      "initial_state" : "default",
      "states": {
        "default": {
          "transitions": [
            { "copy": "query.is_item_name_any('slot.armor.head', 0, 'wesl3y:quirk_copy')" },
            { "fierce_wings": "query.is_item_name_any('slot.armor.head', 0, 'wesl3y:quirk_fierce_wings')" },
            { "rabbit": "query.is_item_name_any('slot.armor.head', 0, 'wesl3y:quirk_rabbit')" }
          ],
          "on_entry": [
            "/tag @s remove quirk_fierce_wings",
            "/clear @s wesl3y:quirk_fierce_wings2",
            "/tag @s remove quirk_rabbit",
            "/clear @s wesl3y:quirk_rabbit2"
          ],
          "on_exit": [
            "/tag @s remove quirk_fierce_wings",
            "/clear @s wesl3y:quirk_fierce_wings2",
            "/tag @s remove quirk_rabbit",
            "/clear @s wesl3y:quirk_rabbit2"
          ]
        },
        "copy": {
          "transitions": [
            { "default": "!query.is_item_name_any('slot.armor.head', 0, 'wesl3y:quirk_copy')" }
          ],
          "on_entry": [
            "/tellraw @s {\"rawtext\":[{\"translate\":\"copy.start\"}]}"
          ],
          "on_exit": [
            "/clear @s wesl3y:quirk_black_whip",
            "/clear @s wesl3y:quirk_copy",
            "/clear @s wesl3y:quirk_cremation",
            "/clear @s wesl3y:quirk_dark_shadow",
            "/clear @s wesl3y:quirk_decay",
            "/clear @s wesl3y:quirk_explosion",
            "/clear @s wesl3y:quirk_float",
            "/clear @s wesl3y:quirk_hell_flame",
            "/clear @s wesl3y:quirk_ice",
            "/clear @s wesl3y:quirk_size",
            "/clear @s wesl3y:quirk_smoke_screen",
            "/clear @s wesl3y:quirk_zero_gravity",
            "/give @s wesl3y:quirk_copy 1 0  1 0 {\"item_lock\": {\"mode\": \"lock_in_inventory\"},\"keep_on_death\":{}}"
          ]
        },
        "fierce_wings": {
          "transitions": [
            { "default": "!query.is_item_name_any('slot.armor.head', 0, 'wesl3y:quirk_fierce_wings')" }
          ],
          "on_entry": [
            "/tag @s add quirk_fierce_wings",
            "/give @s wesl3y:quirk_fierce_wings2 1 0 {\"item_lock\": {\"mode\": \"lock_in_inventory\"},\"keep_on_death\":{}}"
          ]
        },
        "rabbit": {
          "transitions": [
            { "default": "!query.is_item_name_any('slot.armor.head', 0, 'wesl3y:quirk_rabbit')" }
          ],
          "on_entry": [
            "/tag @s add quirk_rabbit",
            "/give @s wesl3y:quirk_rabbit2 1 0 {\"item_lock\": {\"mode\": \"lock_in_inventory\"},\"keep_on_death\":{}}"
          ]
        }
      }
    },
    "controller.animation.quirk": {
      "initial_state" : "default",
      "states": {
        "default": {
          "transitions":[
            {"black_whip_grab":"q.property('wesl3y:skill') == 1 && q.get_equipped_item_name == 'quirk_black_whip'"},
            {"black_whip":"q.property('wesl3y:skill') == 2 && q.get_equipped_item_name == 'quirk_black_whip'"},
            
            {"clones":"q.property('wesl3y:skill') == 1 && q.get_equipped_item_name == 'quirk_clones'"},
            {"giant_clone":"q.property('wesl3y:skill') == 2 && q.get_equipped_item_name == 'quirk_clones'"},
            
            {"flashfire_fistCrem":"q.property('wesl3y:skill') == 1 && q.get_equipped_item_name == 'quirk_cremation'"},
            {"jet_burnCrem":"q.property('wesl3y:skill') == 2 && q.get_equipped_item_name == 'quirk_cremation'"},
            {"prominence_burnCrem":"q.property('wesl3y:skill') == 3 && q.get_equipped_item_name == 'quirk_cremation'"},
            
            {"twilight_claws":"q.property('wesl3y:skill') == 2 && q.get_equipped_item_name == 'quirk_dark_shadow'"},
            {"black_angel":"q.property('wesl3y:skill') == 4 && q.get_equipped_item_name == 'quirk_dark_shadow'"},
            
            {"decay_other":"q.property('wesl3y:skill') == 1 && q.get_equipped_item_name == 'quirk_decay'"},
            {"decay_block":"q.property('wesl3y:skill') == 2 && q.get_equipped_item_name == 'quirk_decay'"},
            {"decay_all":"q.property('wesl3y:skill') == 3 && q.get_equipped_item_name == 'quirk_decay'"},
            
            {"100_volt":"q.property('wesl3y:skill') == 1 && q.get_equipped_item_name == 'quirk_electrification'"},
            {"1m_volt":"q.property('wesl3y:skill') == 2 && q.get_equipped_item_name == 'quirk_electrification'"},
            {"2m_volt":"q.property('wesl3y:skill') == 3 && q.get_equipped_item_name == 'quirk_electrification'"},
            
            {"stun_grenade":"q.property('wesl3y:skill') == 1 && q.get_equipped_item_name == 'quirk_explosion'"},
            {"explosive_speed":"q.property('wesl3y:skill') == 2 && q.get_equipped_item_name == 'quirk_explosion'"},
            {"ap_machine_gun":"q.property('wesl3y:skill') == 3 && q.get_equipped_item_name == 'quirk_explosion'"},
            {"howitzer_impact":"q.property('wesl3y:skill') == 4 && q.get_equipped_item_name == 'quirk_explosion'"},
            
            {"feathers":"q.property('wesl3y:skill') == 1 && q.get_equipped_item_name == 'quirk_fierce_wings2'"},
            {"fierce_wings":"q.property('wesl3y:skill') == 2 && q.get_equipped_item_name == 'quirk_fierce_wings2'"},
            {"feather_sword":"q.property('wesl3y:skill') == 3 && q.get_equipped_item_name == 'quirk_fierce_wings2'"},
            {"gust_feathers":"q.property('wesl3y:skill') == 4 && q.get_equipped_item_name == 'quirk_fierce_wings2'"},
            
            {"flashfire_fistHALF":"q.property('wesl3y:skill') == 1 && q.get_equipped_item_name == 'quirk_halfcold_halfhot'"},
            {"ice_wallHALF":"q.property('wesl3y:skill') == 2 && q.get_equipped_item_name == 'quirk_halfcold_halfhot'"},
            {"hell_spiderHALF":"q.property('wesl3y:skill') == 3 && q.get_equipped_item_name == 'quirk_halfcold_halfhot'"},
            {"ice_walkHALF":"q.property('wesl3y:skill') == 4 && q.get_equipped_item_name == 'quirk_halfcold_halfhot'"},
            {"jet_burnHALF":"q.property('wesl3y:skill') == 5 && q.get_equipped_item_name == 'quirk_halfcold_halfhot'"},
            {"ice_worldHALF":"q.property('wesl3y:skill') == 6 && q.get_equipped_item_name == 'quirk_halfcold_halfhot'"},
            {"prominence_burnHALF":"q.property('wesl3y:skill') == 7 && q.get_equipped_item_name == 'quirk_halfcold_halfhot'"},
            
            {"flashfire_fist":"q.property('wesl3y:skill') == 1 && q.get_equipped_item_name == 'quirk_hell_flame'"},
            {"flame_wings":"q.property('wesl3y:skill') == 2 && q.get_equipped_item_name == 'quirk_hell_flame'"},
            {"ignited_arrow":"q.property('wesl3y:skill') == 3 && q.get_equipped_item_name == 'quirk_hell_flame'"},
            {"hell_spider":"q.property('wesl3y:skill') == 4 && q.get_equipped_item_name == 'quirk_hell_flame'"},
            {"jet_burn":"q.property('wesl3y:skill') == 5 && q.get_equipped_item_name == 'quirk_hell_flame'"},
            {"prominence_burn":"q.property('wesl3y:skill') == 6 && q.get_equipped_item_name == 'quirk_hell_flame'"},
            {"ultra_prominence_burn":"q.property('wesl3y:skill') == 7 && q.get_equipped_item_name == 'quirk_hell_flame'"},
            
            {"ice_wall":"q.property('wesl3y:skill') == 1 && q.get_equipped_item_name == 'quirk_ice'"},
            {"ice_walk":"q.property('wesl3y:skill') == 2 && q.get_equipped_item_name == 'quirk_ice'"},
            {"ice_arms":"q.property('wesl3y:skill') == 3 && q.get_equipped_item_name == 'quirk_ice'"},
            {"ice_world":"q.property('wesl3y:skill') == 4 && q.get_equipped_item_name == 'quirk_ice' && q.is_using_item"},
            {"ice_dragon":"q.property('wesl3y:skill') == 5 && q.get_equipped_item_name == 'quirk_ice'"},
            
            {"one_for_alloff":"q.variant >= 10 && q.variant <= 17 && q.scoreboard('stamina') < 50"},
            {"one_for_all":"q.property('wesl3y:skill') == 1 && q.get_equipped_item_name == 'quirk_one_for_all'"},
            {"detroit_smash":"q.property('wesl3y:skill') == 2 && q.get_equipped_item_name == 'quirk_one_for_all'"},
            {"delaware_smash":"q.property('wesl3y:skill') == 3 && q.get_equipped_item_name == 'quirk_one_for_all'"},
            {"manchester_smash":"q.property('wesl3y:skill') == 4 && q.get_equipped_item_name == 'quirk_one_for_all' && query.is_on_ground"},
            {"manchester_smash3":"q.property('wesl3y:skill') == 4 && q.get_equipped_item_name == 'quirk_one_for_all' && !query.is_on_ground"},
            {"100_detroit_smash":"q.property('wesl3y:skill') == 5 && q.get_equipped_item_name == 'quirk_one_for_all'"},
            
            {"overhaul_damage":"q.property('wesl3y:skill') == 1 && q.get_equipped_item_name == 'quirk_overhaul'"},
            {"overhaul_regen":"q.property('wesl3y:skill') == 2 && q.get_equipped_item_name == 'quirk_overhaul'"},
            {"overhaul_destroy":"q.property('wesl3y:skill') == 3 && q.get_equipped_item_name == 'quirk_overhaul'"},
            {"overhaul_destroy_all":"q.property('wesl3y:skill') == 4 && q.get_equipped_item_name == 'quirk_overhaul'"},
            
            {"moonarc":"q.property('wesl3y:skill') == 1 && q.get_equipped_item_name == 'quirk_rabbit2'"},
            {"moonfall":"q.property('wesl3y:skill') == 2 && q.get_equipped_item_name == 'quirk_rabbit2' && q.is_on_ground"},
            {"moonfall3":"q.property('wesl3y:skill') == 2 && q.get_equipped_item_name == 'quirk_rabbit2' && !q.is_on_ground"},
            {"moonring":"q.property('wesl3y:skill') == 3 && q.get_equipped_item_name == 'quirk_rabbit2'"},
            
            {"size_grass":"q.property('wesl3y:skill') == 1 && q.get_equipped_item_name == 'quirk_size'"},
            {"size_stone":"q.property('wesl3y:skill') == 2 && q.get_equipped_item_name == 'quirk_size'"},
            {"size_arrow":"q.property('wesl3y:skill') == 3 && q.get_equipped_item_name == 'quirk_size'"},
            {"size_sword":"q.property('wesl3y:skill') == 4 && q.get_equipped_item_name == 'quirk_size'"},
            
            {"smoke":"q.property('wesl3y:skill') == 1 && q.get_equipped_item_name == 'quirk_smoke_screen'"},
            
            {"zero_gravity_release":"q.property('wesl3y:skill') == 1 && q.get_equipped_item_name == 'quirk_zero_gravity'"},
            {"zero_gravity_release_other":"q.property('wesl3y:skill') == 2 && q.get_equipped_item_name == 'quirk_zero_gravity'"},
            {"zero_gravity_meteors":"q.property('wesl3y:skill') == 3 && q.get_equipped_item_name == 'quirk_zero_gravity'"}
          ],
          "on_entry": [
            "/event entity @s wesl3y:skill.0",
            "/tag @s remove remove",
            "/inputpermission set @s movement enabled"
          ]
        },
        "black_whip_grab": {
          "animations": ["black_whip_grab.loop"],
          "transitions":[
            {"default":"q.get_equipped_item_name != 'quirk_black_whip'"},
            {"default":"q.property('wesl3y:skill') != 1"},
            {"default":"!q.is_alive"},
            {"default":"!q.is_using_item"}
          ],
          "on_entry": [
            "/scoreboard players add @s xp_quirk 1",
            "/scoreboard players remove @s stamina 50"
          ],
          "on_exit": [
            "/event entity @s wesl3y:skill.0",
            "/scoreboard players set @s cooldown1 10"
          ]
        },
        "black_whip": {
          "transitions":[
            {"default":"q.get_equipped_item_name != 'quirk_black_whip'"},
            {"default":"q.property('wesl3y:skill') != 2"},
            {"default":"!q.is_alive"},
            {"black_whip2":"!q.is_using_item"}
          ],
          "on_entry": [
            "/event entity @e[type=wesl3y:black_whip_long] wesl3y:despawn",
            "/tag @s add black_whip_swing",
            "/event entity @s wesl3y:black_whip_long",
            "/scoreboard players add @s xp_quirk 1",
            "/scoreboard players remove @s stamina 50"
          ],
          "on_exit": [
            "/tag @e[type=wesl3y:black_whip_long,family=swing,tag=explode] add explode2",
            "/execute unless entity @e[tag=explode2] run event entity @e[type=wesl3y:black_whip_long] wesl3y:despawn"
          ]
        },
        "black_whip2": {
          "animations": ["timer.0_5"],
          "transitions": [
            {"default":"q.all_animations_finished"},
            {"default":"q.get_equipped_item_name != 'quirk_black_whip'"},
            {"default":"q.property('wesl3y:skill') != 2"},
            {"default":"!q.is_alive"}
          ],
          "on_entry": [
            "/execute unless entity @e[tag=explode2] run event entity @e[type=wesl3y:black_whip_long] wesl3y:despawn",
            "/execute as @e[type=wesl3y:black_whip_long] at @s unless entity @s[tag=explode2] run tellraw @p[tag=quirk_black_whip]{\"rawtext\":[{\"translate\":\"black_whip.no_swing\"}]}",
            "/execute unless entity @e[tag=explode2] run event entity @e[type=wesl3y:black_whip_long] wesl3y:despawn",
            "/playanimation @s animation.black_whip.swing wesl3y"
          ],
          "on_exit": [
            "/event entity @s wesl3y:skill.0",
            "/tag @s remove black_whip_swing",
            "/scoreboard players set @s cooldown2 14"
          ]
        },
        
        "clones": {
          "animations": ["timer.0_25"],
          "transitions":[
            {"default":"q.all_animations_finished"},
            {"default":"q.get_equipped_item_name != 'quirk_clones'"},
            {"default":"q.property('wesl3y:skill') != 1"},
            {"default":"!q.is_alive"}
          ],
          "on_entry": [
            "/tag @s add clones",
            "/event entity @s wesl3y:clones_long"
          ],
          "on_exit": [
            "/tag @s remove clones",
            "/scoreboard players set @s cooldown1 10"
          ]
        },
        "giant_clone": {
          "animations": ["timer.0_25"],
          "transitions":[
            {"default":"q.all_animations_finished"},
            {"default":"q.get_equipped_item_name != 'quirk_clones'"},
            {"default":"q.property('wesl3y:skill') != 2"},
            {"default":"!q.is_alive"}
          ],
          "on_entry": [
            "/tag @s add giant_clone",
            "/event entity @s wesl3y:clones_long2"
          ],
          "on_exit": [
            "/tag @s remove giant_clone",
            "/scoreboard players set @s cooldown2 16"
          ]
        },
        
        "flashfire_fistCrem": {
          "animations": ["flashfire_fistCrem"],
          "transitions":[
            {"default":"q.all_animations_finished"},
            {"default":"q.get_equipped_item_name != 'quirk_cremation'"},
            {"default":"q.property('wesl3y:skill') != 1"},
            {"default":"!q.is_alive"}
          ],
          "on_entry": [
            "/scoreboard players add @s xp_quirk 1",
            "/scoreboard players remove @s stamina 50"
          ],
          "on_exit": [
            "/event entity @s wesl3y:skill.0",
            "/tag @s remove flashfire_fistCrem",
            "/scoreboard players set @s cooldown1 10"
          ]
        },
        "jet_burnCrem": {
          "animations": ["jet_burn.loop"],
          "transitions":[
            {"default":"q.get_equipped_item_name != 'quirk_cremation'"},
            {"default":"q.property('wesl3y:skill') != 2"},
            {"default":"!q.is_alive"},
            {"jet_burnCrem2":"!q.is_using_item"}
          ],
          "on_entry": [
            "/scoreboard players add @s xp_quirk 1",
            "/scoreboard players remove @s stamina 100"
          ]
        },
        "jet_burnCrem2": {
          "animations": ["timer.0_25"],
          "transitions":[
            {"jet_burnCrem3":"q.all_animations_finished"},
            {"jet_burnCrem3":"q.get_equipped_item_name != 'quirk_cremation'"},
            {"jet_burnCrem3":"q.property('wesl3y:skill') != 2"},
            {"jet_burnCrem3":"!q.is_alive"}
          ],
          "on_entry": [
            "/playanimation @s animation.hell_flame.jet_burn.end wesl3y"
          ],
          "on_exit": [
            "/tag @s add jet_burnCrem",
            "/event entity @s wesl3y:cremation_long"
          ]
        },
        "jet_burnCrem3": {
          "animations": ["timer.0_25"],
          "transitions":[
            {"default":"q.all_animations_finished || !q.is_alive"}
          ],
          "on_exit": [
            "/event entity @s wesl3y:skill.0",
            "/tag @s remove jet_burnCrem",
            "/scoreboard players set @s cooldown2 16"
          ]
        },
        "prominence_burnCrem": {
          "animations": ["timer.0_5"],
          "transitions": [
            {"default":"q.all_animations_finished"},
            {"default":"q.get_equipped_item_name != 'quirk_cremation'"},
            {"default":"q.property('wesl3y:skill') != 3"},
            {"default":"!q.is_alive"}
          ],
          "on_entry": [
            "/tag @s add prominence_burnCrem",
            "/event entity @s wesl3y:cremation_long",
            "/playanimation @s animation.hell_flame.prominence_burn.start wesl3y",
            "/scoreboard players add @s xp_quirk 1",
            "/scoreboard players remove @s stamina 200"
          ],
          "on_exit": [
            "/event entity @s wesl3y:skill.0",
            "/tag @s remove prominence_burnCrem",
            "/scoreboard players set @s cooldown3 22"
          ]
        },
        
        "dark_shadowoff": {
          "animations":[
            "timer.0_3"
          ],
          "transitions":[
            {"default":"q.all_animations_finished"}
          ],
          "on_entry": [
            "/scoreboard players add @s xp_quirk 1",
            "/tag @s remove dark_shadow",
            "/tag @s remove black_ankh",
            "/tag @s remove ragnarok_shadow"
          ],
          "on_exit": [
            "/event entity @s wesl3y:skill.0"
          ]
        },
        "twilight_claws": {
          "animations": ["twilight_claws"],
          "transitions":[
            {"default":"q.all_animations_finished"},
            {"default":"q.get_equipped_item_name != 'quirk_dark_shadow'"},
            {"default":"q.property('wesl3y:skill') != 2"},
            {"default":"!q.is_alive"}
          ],
          "on_entry": [
            "/playanimation @s animation.dark_shadow.twilight_claws.start wesl3y",
            "/scoreboard players add @s xp_quirk 1",
            "/scoreboard players remove @s stamina 100"
          ],
          "on_exit": [
            "/event entity @s wesl3y:skill.0",
            "/scoreboard players set @s cooldown2 10"
          ]
        },
        "black_angel": {
          "animations": ["timer.0_5"],
          "transitions":[
            {"default":"q.all_animations_finished"},
            {"default":"q.get_equipped_item_name != 'quirk_dark_shadow'"},
            {"default":"q.property('wesl3y:skill') != 4"},
            {"default":"!q.is_alive"}
          ],
          "on_entry": [
            "/event entity @s wesl3y:float.1",
            "/scoreboard players add @s xp_quirk 1",
            "/scoreboard players remove @s stamina 50"
          ],
          "on_exit": [
            "/event entity @s wesl3y:skill.0",
            "/scoreboard players set @s cooldown4 22"
          ]
        },
        
        "decay_other": {
          "animations": ["timer.0_5"],
          "transitions":[
            {"default":"q.all_animations_finished"},
            {"default":"q.get_equipped_item_name != 'quirk_decay'"},
            {"default":"q.property('wesl3y:skill') != 1"},
            {"default":"!q.is_alive"}
          ],
          "on_entry": [
            "/execute positioned ^^0.5^1 unless entity @e[family=!attack,tag=!quirk_decay,r=2] run tellraw @s{\"rawtext\":[{\"translate\":\"decay.no_other\"}]}",
            "/execute positioned ^^0.5^1 as @e[c=1,r=2.5,family=!attack,type=!item,type=!xp_orb,tag=!quirk_decay] run summon wesl3y:decay_short ~~~ ~ ~ wesl3y:decay_other",
            "/scoreboard players add @s xp_quirk 1",
            "/scoreboard players remove @s stamina 50"
          ],
          "on_exit": [
            "/event entity @s wesl3y:skill.0",
            "/scoreboard players set @s cooldown1 10"
          ]
        },
        "decay_block": {
          "animations": ["timer.0_5"],
          "transitions":[
            {"default":"q.all_animations_finished"},
            {"default":"q.get_equipped_item_name != 'quirk_decay'"},
            {"default":"q.property('wesl3y:skill') != 2"},
            {"default":"!q.is_alive"}
          ],
          "on_entry": [
            "/execute positioned ^^0.5^1.5 run function damage/decay/decay_block",
            "/scoreboard players add @s xp_quirk 1",
            "/scoreboard players remove @s stamina 100"
          ],
          "on_exit": [
            "/event entity @s wesl3y:skill.0",
            "/scoreboard players set @s cooldown2 16"
          ]
        },
        "decay_all": {
          "animations": ["decay_all"],
          "transitions":[
            {"default":"q.all_animations_finished"},
            {"default":"q.get_equipped_item_name != 'quirk_decay'"},
            {"default":"q.property('wesl3y:skill') != 3"},
            {"default":"!q.is_alive"}
          ],
          "on_entry": [
            "/scoreboard players add @s xp_quirk 1",
            "/scoreboard players remove @s stamina 200"
          ],
          "on_exit": [
            "/event entity @s wesl3y:skill.0",
            "/scoreboard players set @s cooldown3 22",
            "/inputpermission set @s movement enabled"
          ]
        },
        
        "100_volt": {
          "animations": ["timer.0_5"],
          "transitions": [
            {"default":"q.all_animations_finished"},
            {"default":"q.get_equipped_item_name != 'quirk_electrification'"},
            {"default":"q.property('wesl3y:skill') != 1"},
            {"default":"!q.is_alive"}
          ],
          "on_entry": [
            "/summon wesl3y:electrification_short ^^1^1 ~~ wesl3y:100_volt",
            "/playanimation @s animation.electrification.shot_shock.start wesl3y",
            "/scoreboard players add @s xp_quirk 1",
            "/scoreboard players remove @s stamina 50"
          ],
          "on_exit": [
            "/event entity @s wesl3y:skill.0",
            "/scoreboard players set @s cooldown1 10"
          ]
        },
        "1m_volt": {
          "animations": ["1m_volt"],
          "transitions":[
            {"default":"q.all_animations_finished"},
            {"default":"q.get_equipped_item_name != 'quirk_electrification'"},
            {"default":"q.property('wesl3y:skill') != 2"},
            {"default":"!q.is_alive"}
          ],
          "on_entry": [
            "/scoreboard players add @s xp_quirk 1",
            "/scoreboard players remove @s stamina 100"
          ],
          "on_exit": [
            "/event entity @s wesl3y:skill.0",
            "/scoreboard players set @s cooldown2 14"
          ]
        },
        "2m_volt": {
          "animations": ["2m_volt"],
          "transitions":[
            {"default":"q.all_animations_finished"},
            {"default":"q.get_equipped_item_name != 'quirk_electrification'"},
            {"default":"q.property('wesl3y:skill') != 3"},
            {"default":"!q.is_alive"}
          ],
          "on_entry": [
            "/scoreboard players add @s xp_quirk 1",
            "/scoreboard players remove @s stamina 150"
          ],
          "on_exit": [
            "/event entity @s wesl3y:skill.0",
            "/scoreboard players set @s cooldown3 18"
          ]
        },
        
        "stun_grenade": {
          "animations": ["timer.0_5"],
          "transitions":[
            {"default":"q.all_animations_finished"},
            {"default":"q.get_equipped_item_name != 'quirk_explosion'"},
            {"default":"q.property('wesl3y:skill') != 1"},
            {"default":"!q.is_alive"}
          ],
          "on_entry": [
            "/playanimation @s animation.explosion.stun_grenade.start wesl3y",
            "/summon wesl3y:explosion_short ^^1^3 ~ ~ wesl3y:stun_grenade",
            "/scoreboard players add @s xp_quirk 1",
            "/scoreboard players remove @s stamina 50"
          ],
          "on_exit": [
            "/event entity @s wesl3y:skill.0",
            "/scoreboard players set @s cooldown1 10"
          ]
        },
        "explosive_speed": {
          "animations": ["timer.0_5"],
          "transitions":[
            {"default":"q.all_animations_finished"},
            {"default":"q.get_equipped_item_name != 'quirk_explosion'"},
            {"default":"q.property('wesl3y:skill') != 2"},
            {"default":"!q.is_alive"}
          ],
          "on_entry": [
            "/event entity @s wesl3y:float.1",
            "/scoreboard players add @s xp_quirk 1",
            "/scoreboard players remove @s stamina 50"
          ],
          "on_exit": [
            "/event entity @s wesl3y:skill.0",
            "/scoreboard players set @s cooldown2 18"
          ]
        },
        "ap_machine_gun": {
          "animations": ["ap_machine_gun.loop"],
          "transitions":[
            {"default":"q.get_equipped_item_name != 'quirk_explosion'"},
            {"default":"!q.is_alive"},
            {"ap_machine_gun2":"!q.is_using_item"}
          ],
          "on_entry": [
            "/scoreboard players add @s xp_quirk 1",
            "/scoreboard players remove @s stamina 150"
          ]
        },
        "ap_machine_gun2": {
          "animations": ["ap_machine_gun"],
          "transitions":[
            {"default":"q.all_animations_finished"},
            {"default":"q.get_equipped_item_name != 'quirk_explosion'"},
            {"default":"q.property('wesl3y:skill') != 3"},
            {"default":"!q.is_alive"}
          ],
          "on_exit": [
            "/event entity @s wesl3y:skill.0",
            "/tag @s remove ap_machine_gun",
            "/scoreboard players set @s cooldown3 26"
          ]
        },
        "howitzer_impact": {
          "animations": ["howitzer_impact"],
          "transitions":[
            {"default":"q.all_animations_finished"},
            {"default":"q.get_equipped_item_name != 'quirk_explosion'"},
            {"default":"q.property('wesl3y:skill') != 4"},
            {"default":"!q.is_alive"}
          ],
          "on_entry": [
            "/scoreboard players add @s xp_quirk 1",
            "/scoreboard players remove @s stamina 200"
          ],
          "on_exit": [
            "/event entity @s wesl3y:skill.0",
            "/scoreboard players set @s cooldown4 34"
          ]
        },
        
        "feathers": {
          "animations": ["timer.0_5"],
          "transitions":[
            {"default":"q.all_animations_finished"},
            {"default":"q.get_equipped_item_name != 'quirk_fierce_wings2'"},
            {"default":"q.property('wesl3y:skill') != 1"},
            {"default":"!q.is_alive"}
          ],
          "on_entry": [
            "/particle wesl3y:feathers",
            "/function damage/fierce_wings/feathers",
            "/scoreboard players add @s xp_quirk 1",
            "/scoreboard players remove @s stamina 50"
          ],
          "on_exit": [
            "/scoreboard players set @s cooldown1 10"
          ]
        },
        "fierce_wings": {
          "animations": ["timer.0_5"],
          "transitions":[
            {"default":"q.all_animations_finished"},
            {"default":"q.get_equipped_item_name != 'quirk_fierce_wings2'"},
            {"default":"q.property('wesl3y:skill') != 2"},
            {"default":"!q.is_alive"}
          ],
          "on_entry": [
            "/event entity @s wesl3y:float.1",
            "/scoreboard players add @s xp_quirk 1",
            "/scoreboard players remove @s stamina 100"
          ],
          "on_exit": [
            "/scoreboard players set @s cooldown2 16"
          ]
        },
        "feather_sword": {
          "transitions":[
            {"default":"q.get_equipped_item_name != 'quirk_fierce_wings2'"},
            {"default":"q.property('wesl3y:skill') != 3"},
            {"default":"!q.is_alive"},
            {"feather_sword2":"!q.is_using_item"}
          ],
          "on_entry": [
            "/scoreboard players add @s xp_quirk 1"
          ]
        },
        "feather_sword2": {
          "animations": ["feather_sword"],
          "transitions":[
            {"default":"q.scoreboard('stamina') < 50"},
            {"default":"q.get_equipped_item_name != 'quirk_fierce_wings2'"},
            {"default":"q.property('wesl3y:skill') != 3"},
            {"default":"q.is_using_item"},
            {"default":"!q.is_alive"}
          ],
          "on_exit": [
            "/event entity @s wesl3y:skill.0",
            "/scoreboard players set @s cooldown3 22"
          ]
        },
        "gust_feathers": {
          "animations": ["gust_feathers"],
          "transitions":[
            {"default":"q.all_animations_finished"},
            {"default":"q.get_equipped_item_name != 'quirk_fierce_wings2'"},
            {"default":"q.property('wesl3y:skill') != 4"},
            {"default":"!q.is_alive"}
          ],
          "on_entry": [
            "/scoreboard players add @s xp_quirk 1",
            "/scoreboard players remove @s stamina 200"
          ],
          "on_exit": [
            "/event entity @s wesl3y:skill.0",
            "/tag @s remove gust_feathers",
            "/scoreboard players set @s cooldown4 28"
          ]
        },
        
        "flashfire_fistHALF": {
          "animations": ["flashfire_fistHALF"],
          "transitions":[
            {"default":"q.all_animations_finished"},
            {"default":"q.get_equipped_item_name != 'quirk_halfcold_halfhot'"},
            {"default":"q.property('wesl3y:skill') != 1"},
            {"default":"!q.is_alive"}
          ],
          "on_entry": [
            "/scoreboard players add @s xp_quirk 1",
            "/scoreboard players remove @s stamina 50"
          ],
          "on_exit": [
            "/event entity @s wesl3y:skill.0",
            "/tag @s remove flashfire_fistHALF",
            "/scoreboard players set @s cooldown1 10"
          ]
        },
        "ice_wallHALF": {
          "animations": ["timer.0_5"],
          "transitions":[
            {"default":"q.all_animations_finished"},
            {"default":"q.get_equipped_item_name != 'quirk_halfcold_halfhot'"},
            {"default":"q.property('wesl3y:skill') != 2"},
            {"default":"!q.is_alive"}
          ],
          "on_entry": [
            "/playanimation @s animation.ice.wall.end wesl3y",
            "/scoreboard players add @s xp_quirk 1",
            "/scoreboard players remove @s stamina 100",
            "/tp @s ^^^ ~ 0",
            "/summon wesl3y:halfcold_halfhot_short ^^^ ~ ~ wesl3y:ice_wallHALF1",
            "/tp @e[type=wesl3y:halfcold_halfhot_short,r=1,c=1] ^^0.5^3 facing ^^^1000"
          ],
          "on_exit": [
            "/event entity @s wesl3y:skill.0",
            "/scoreboard players set @s cooldown2 18"
          ]
        },
        "hell_spiderHALF": {
          "animations": ["timer.0_5"],
          "transitions":[
            {"default":"q.all_animations_finished"},
            {"default":"q.get_equipped_item_name != 'quirk_halfcold_halfhot'"},
            {"default":"q.property('wesl3y:skill') != 3"},
            {"default":"!q.is_alive"}
          ],
          "on_entry": [
            "/particle wesl3y:hell_spider ^^1^5",
            "/playanimation @s animation.hell_flame.hell_spider.start wesl3y",
            "/summon wesl3y:halfcold_halfhot_short ^^1^5 ~ ~ wesl3y:hell_spider",
            "/scoreboard players add @s xp_quirk 1",
            "/scoreboard players remove @s stamina 150"
          ],
          "on_exit": [
            "/event entity @s wesl3y:skill.0",
            "/tag @s remove hell_spiderHALF",
            "/scoreboard players set @s cooldown3 26"
          ]
        },
        "ice_walkHALF": {
          "transitions":[
            {"default":"q.get_equipped_item_name != 'quirk_halfcold_halfhot'"},
            {"default":"q.property('wesl3y:skill') != 4"},
            {"default":"!q.is_alive"},
            {"ice_walk2HALF":"!q.is_using_item"}
          ],
          "on_entry": [
            "/scoreboard players add @s xp_quirk 1"
          ]
        },
        "ice_walk2HALF": {
          "animations": ["ice_walk"],
          "transitions":[
            {"default":"q.get_equipped_item_name != 'quirk_halfcold_halfhot'"},
            {"default":"q.property('wesl3y:skill') != 4"},
            {"default":"!q.is_alive"},
            {"default":"q.is_using_item"}
          ],
          "on_exit": [
            "/event entity @s wesl3y:skill.0",
            "/scoreboard players set @s cooldown4 34"
          ]
        },
        "jet_burnHALF": {
          "animations": ["jet_burn.loop"],
          "transitions":[
            {"default":"q.get_equipped_item_name != 'quirk_halfcold_halfhot'"},
            {"default":"q.property('wesl3y:skill') != 5"},
            {"default":"!q.is_alive"},
            {"jet_burnHALF2":"!q.is_using_item"}
          ],
          "on_entry": [
            "/scoreboard players add @s xp_quirk 1",
            "/scoreboard players remove @s stamina 250"
          ]
        },
        "jet_burnHALF2": {
          "animations": ["timer.0_25"],
          "transitions":[
            {"jet_burnHALF3":"q.all_animations_finished"},
            {"jet_burnHALF3":"q.get_equipped_item_name != 'quirk_halfcold_halfhot'"},
            {"jet_burnHALF3":"q.property('wesl3y:skill') != 5"},
            {"jet_burnHALF3":"!q.is_alive"}
          ],
          "on_entry": [
            "/playanimation @s animation.hell_flame.jet_burn.end wesl3y"
          ],
          "on_exit": [
            "/tag @s add jet_burnHALF",
            "/event entity @s wesl3y:halfcold_halfhot_long"
          ]
        },
        "jet_burnHALF3": {
          "animations": ["timer.0_25"],
          "transitions":[
            {"default":"q.all_animations_finished || !q.is_alive"}
          ],
          "on_exit": [
            "/event entity @s wesl3y:skill.0",
            "/tag @s remove jet_burnHALF",
            "/scoreboard players set @s cooldown5 42"
          ]
        },
        "ice_worldHALF": {
          "animations": ["ice_worldHALF"],
          "transitions":[
            {"default":"q.all_animations_finished"},
            {"default":"q.get_equipped_item_name != 'quirk_halfcold_halfhot'"},
            {"default":"q.property('wesl3y:skill') != 6"},
            {"default":"!q.is_alive"}
          ],
          "on_entry": [
            "/playanimation @s animation.ice.world.start wesl3y",
            "/scoreboard players add @s xp_quirk 1",
            "/scoreboard players remove @s stamina 300"
          ],
          "on_exit": [
            "/event entity @s wesl3y:skill.0",
            "/tag @s remove ice_worldHALF",
            "/scoreboard players set @s cooldown6 50"
          ]
        },
        "prominence_burnHALF": {
          "animations": ["timer.0_5"],
          "transitions": [
            {"default":"q.all_animations_finished"},
            {"default":"q.get_equipped_item_name != 'quirk_halfcold_halfhot'"},
            {"default":"q.property('wesl3y:skill') != 7"},
            {"default":"!q.is_alive"}
          ],
          "on_entry": [
            "/tag @s add prominence_burnHALF",
            "/event entity @s wesl3y:halfcold_halfhot_long",
            "/playanimation @s animation.hell_flame.prominence_burn.start wesl3y",
            "/scoreboard players add @s xp_quirk 1",
            "/scoreboard players remove @s stamina 350"
          ],
          "on_exit": [
            "/event entity @s wesl3y:skill.0",
            "/tag @s remove prominence_burnHALF",
            "/scoreboard players set @s cooldown7 58"
          ]
        },
        
        "flashfire_fist": {
          "animations": ["flashfire_fist"],
          "transitions":[
            {"default":"q.all_animations_finished"},
            {"default":"q.get_equipped_item_name != 'quirk_hell_flame'"},
            {"default":"q.property('wesl3y:skill') != 1"},
            {"default":"!q.is_alive"}
          ],
          "on_entry": [
            "/scoreboard players add @s xp_quirk 1",
            "/scoreboard players remove @s stamina 50"
          ],
          "on_exit": [
            "/event entity @s wesl3y:skill.0",
            "/tag @s remove flashfire_fist",
            "/scoreboard players set @s cooldown1 10"
          ]
        },
        "flame_wings": {
          "animations": ["timer.0_5"],
          "transitions":[
            {"default":"q.all_animations_finished"},
            {"default":"q.get_equipped_item_name != 'quirk_hell_flame'"},
            {"default":"q.property('wesl3y:skill') != 2"},
            {"default":"!q.is_alive"}
          ],
          "on_entry": [
            "/event entity @s wesl3y:float.1",
            "/scoreboard players add @s xp_quirk 1",
            "/scoreboard players remove @s stamina 50"
          ],
          "on_exit": [
            "/event entity @s wesl3y:skill.0",
            "/scoreboard players set @s cooldown2 14"
          ]
        },
        "ignited_arrow": {
          "animations": ["ignited_arrow.loop"],
          "transitions":[
            {"default":"q.get_equipped_item_name != 'quirk_hell_flame'"},
            {"default":"q.property('wesl3y:skill') != 3"},
            {"default":"!q.is_alive"},
            {"ignited_arrow2":"!q.is_using_item"}
          ],
          "on_entry": [
            "/scoreboard players add @s xp_quirk 1",
            "/scoreboard players remove @s stamina 150"
          ]
        },
        "ignited_arrow2": {
          "animations": ["timer.0_5"],
          "transitions":[
            {"default":"q.all_animations_finished"},
            {"default":"q.get_equipped_item_name != 'quirk_hell_flame'"},
            {"default":"q.property('wesl3y:skill') != 3"},
            {"default":"!q.is_alive"}
          ],
          "on_entry": [
            "/tag @s add ignited_arrow",
            "/event entity @s wesl3y:hell_flame_long3",
            "/playanimation @s animation.hell_flame.ignited_arrow.end wesl3y"
          ],
          "on_exit": [
            "/event entity @s wesl3y:skill.0",
            "/tag @s remove ignited_arrow",
            "/scoreboard players set @s cooldown3 18"
          ]
        },
        "hell_spider": {
          "animations": ["timer.0_5"],
          "transitions":[
            {"default":"q.all_animations_finished"},
            {"default":"q.get_equipped_item_name != 'quirk_hell_flame'"},
            {"default":"q.property('wesl3y:skill') != 4"},
            {"default":"!q.is_alive"}
          ],
          "on_entry": [
            "/particle wesl3y:hell_spider ^^1^5",
            "/playanimation @s animation.hell_flame.hell_spider.start wesl3y",
            "/summon wesl3y:hell_flame_short ^^1^5 ~ ~ wesl3y:hell_spider",
            "/scoreboard players add @s xp_quirk 1",
            "/scoreboard players remove @s stamina 200"
          ],
          "on_exit": [
            "/event entity @s wesl3y:skill.0",
            "/tag @s remove hell_spider",
            "/scoreboard players set @s cooldown4 22"
          ]
        },
        "jet_burn": {
          "animations": ["jet_burn.loop"],
          "transitions":[
            {"default":"q.get_equipped_item_name != 'quirk_hell_flame'"},
            {"default":"q.property('wesl3y:skill') != 5"},
            {"default":"!q.is_alive"},
            {"jet_burn2":"!q.is_using_item"}
          ],
          "on_entry": [
            "/scoreboard players add @s xp_quirk 1",
            "/scoreboard players remove @s stamina 250"
          ]
        },
        "jet_burn2": {
          "animations": ["timer.0_25"],
          "transitions":[
            {"jet_burn3":"q.all_animations_finished"},
            {"jet_burn3":"q.get_equipped_item_name != 'quirk_hell_flame'"},
            {"jet_burn3":"q.property('wesl3y:skill') != 5"},
            {"jet_burn3":"!q.is_alive"}
          ],
          "on_entry": [
            "/playanimation @s animation.hell_flame.jet_burn.end wesl3y"
          ],
          "on_exit": [
            "/tag @s add jet_burn",
            "/event entity @s wesl3y:hell_flame_long"
          ]
        },
        "jet_burn3": {
          "animations": ["timer.0_25"],
          "transitions":[
            {"default":"q.all_animations_finished || !q.is_alive"}
          ],
          "on_exit": [
            "/event entity @s wesl3y:skill.0",
            "/tag @s remove jet_burn",
            "/scoreboard players set @s cooldown5 26"
          ]
        },
        "prominence_burn": {
          "animations": ["timer.0_5"],
          "transitions": [
            {"default":"q.all_animations_finished"},
            {"default":"q.get_equipped_item_name != 'quirk_hell_flame'"},
            {"default":"q.property('wesl3y:skill') != 6"},
            {"default":"!q.is_alive"}
          ],
          "on_entry": [
            "/tag @s add prominence_burn",
            "/event entity @s wesl3y:hell_flame_long",
            "/playanimation @s animation.hell_flame.prominence_burn.start wesl3y",
            "/scoreboard players add @s xp_quirk 1",
            "/scoreboard players remove @s stamina 300"
          ],
          "on_exit": [
            "/event entity @s wesl3y:skill.0",
            "/tag @s remove prominence_burn",
            "/scoreboard players set @s cooldown6 30"
          ]
        },
        "ultra_prominence_burn": {
          "animations": ["timer.0_5"],
          "transitions": [
            {"default":"q.all_animations_finished"},
            {"default":"q.get_equipped_item_name != 'quirk_hell_flame'"},
            {"default":"q.property('wesl3y:skill') != 7"},
            {"default":"!q.is_alive"}
          ],
          "on_entry": [
            "/tag @s add ultra_prominence_burn",
            "/event entity @s wesl3y:hell_flame_long",
            "/playanimation @s animation.hell_flame.prominence_burn.start wesl3y",
            "/scoreboard players add @s xp_quirk 1",
            "/scoreboard players remove @s stamina 350"
          ],
          "on_exit": [
            "/event entity @s wesl3y:skill.0",
            "/tag @s remove ultra_prominence_burn",
            "/scoreboard players set @s cooldown7 34"
          ]
        },
        
        "ice_wall": {
          "animations": ["timer.0_5"],
          "transitions":[
            {"default":"q.all_animations_finished"},
            {"default":"q.get_equipped_item_name != 'quirk_ice'"},
            {"default":"q.property('wesl3y:skill') != 1"},
            {"default":"!q.is_alive"}
          ],
          "on_entry": [
            "/playanimation @s animation.ice.wall.end wesl3y",
            "/scoreboard players add @s xp_quirk 1",
            "/scoreboard players remove @s stamina 50",
            "/tp @s ^^^ ~ 0",
            "/summon wesl3y:ice_short ^^^ ~ ~ wesl3y:ice_wall1",
            "/tp @e[type=wesl3y:ice_short,r=1,c=1] ^^0.5^3 facing ^^^1000"
          ],
          "on_exit": [
            "/scoreboard players set @s cooldown1 10"
          ]
        },
        "ice_walk": {
          "transitions":[
            {"default":"q.get_equipped_item_name != 'quirk_ice'"},
            {"default":"q.property('wesl3y:skill') != 2"},
            {"default":"!q.is_alive"},
            {"ice_walk2":"!q.is_using_item"}
          ],
          "on_entry": [
            "/scoreboard players add @s xp_quirk 1"
          ]
        },
        "ice_walk2": {
          "animations": ["ice_walk"],
          "transitions":[
            {"default":"q.scoreboard('stamina') < 50"},
            {"default":"q.get_equipped_item_name != 'quirk_ice'"},
            {"default":"q.property('wesl3y:skill') != 2"},
            {"default":"q.is_using_item"},
            {"default":"!q.is_alive"}
          ],
          "on_exit": [
            "/event entity @s wesl3y:skill.0",
            "/scoreboard players set @s cooldown2 14"
          ]
        },
        "ice_arms": {
          "transitions":[
            {"default":"q.get_equipped_item_name != 'quirk_ice'"},
            {"default":"q.property('wesl3y:skill') != 3"},
            {"default":"!q.is_alive"},
            {"ice_arms2":"!q.is_using_item"}
          ],
          "on_entry": [
            "/scoreboard players add @s xp_quirk 1"
          ]
        },
        "ice_arms2": {
          "animations": ["ice_arms"],
          "transitions":[
            {"default":"q.scoreboard('stamina') < 50"},
            {"default":"q.get_equipped_item_name != 'quirk_ice'"},
            {"default":"q.property('wesl3y:skill') != 3"},
            {"default":"q.is_using_item"},
            {"default":"!q.is_alive"}
          ],
          "on_exit": [
            "/event entity @s wesl3y:skill.0",
            "/scoreboard players set @s cooldown3 18"
          ]
        },
        "ice_world": {
          "animations": ["ice_world"],
          "transitions":[
            {"default":"q.all_animations_finished"},
            {"default":"q.get_equipped_item_name != 'quirk_ice'"},
            {"default":"q.property('wesl3y:skill') != 4"},
            {"default":"!q.is_alive"}
          ],
          "on_entry": [
            "/playanimation @s animation.ice.world.start wesl3y",
            "/scoreboard players add @s xp_quirk 1",
            "/scoreboard players remove @s stamina 150"
          ],
          "on_exit": [
            "/event entity @s wesl3y:skill.0",
            "/tag @s remove ice_world",
            "/scoreboard players set @s cooldown4 22"
          ]
        },
        "ice_dragon": {
          "animations": ["timer.0_5"],
          "transitions": [
            {"default":"q.all_animations_finished"},
            {"default":"q.get_equipped_item_name != 'quirk_ice'"},
            {"default":"q.property('wesl3y:skill') != 5"},
            {"default":"!q.is_alive"}
          ],
          "on_entry": [
            "/tag @s add ice_dragon",
            "/event entity @s wesl3y:ice_long",
            "/playanimation @s animation.ice.dragon.end wesl3y",
            "/scoreboard players add @s xp_quirk 1",
            "/scoreboard players remove @s stamina 300"
          ],
          "on_exit": [
            "/event entity @s wesl3y:skill.0",
            "/tag @s remove ice_dragon",
            "/scoreboard players set @s cooldown5 26"
          ]
        },
        
        "one_for_alloff": {
          "transitions":[
            {"default":"!q.is_using_item || q.get_equipped_item_name != 'quirk_one_for_all' || !q.is_alive"}
          ],
          "on_entry": [
            "/scoreboard players add @s xp_quirk 1",
            "/tag @s remove one_for_all5",
            "/tag @s remove one_for_all8",
            "/tag @s remove one_for_all10",
            "/tag @s remove one_for_all15",
            "/tag @s remove one_for_all20",
            "/tag @s remove one_for_all30",
            "/tag @s remove one_for_all50",
            "/tag @s remove one_for_all100"
          ]
        },
        "one_for_all": {
          "animations": ["timer.0_5"],
          "transitions": [
            {"default":"q.all_animations_finished"}
          ],
          "on_entry": [
            "/scoreboard players add @s xp_quirk 1",
            "/tag @s[tag=one_for_all100] add remove",
            "/tellraw @s[tag=one_for_all50,scores={quirk=!45..}] {\"rawtext\":[{\"translate\":\"text.requires\"},{\"text\":\"Quirk 45\"}]}",
            "/tag @s[tag=one_for_all50,scores={quirk=45..}] add one_for_all100",
            "/tellraw @s[tag=one_for_all30,scores={quirk=!37..}] {\"rawtext\":[{\"translate\":\"text.requires\"},{\"text\":\"Quirk 37\"}]}",
            "/tag @s[tag=one_for_all30,scores={quirk=37..}] add one_for_all50",
            "/tellraw @s[tag=one_for_all20,scores={quirk=!30..}] {\"rawtext\":[{\"translate\":\"text.requires\"},{\"text\":\"Quirk 30\"}]}",
            "/tag @s[tag=one_for_all20,scores={quirk=30..}] add one_for_all30",
            "/tellraw @s[tag=one_for_all15,scores={quirk=!20..}] {\"rawtext\":[{\"translate\":\"text.requires\"},{\"text\":\"Quirk 20\"}]}",
            "/tag @s[tag=one_for_all15,scores={quirk=20..}] add one_for_all20",
            "/tellraw @s[tag=one_for_all10,scores={quirk=!10..}] {\"rawtext\":[{\"translate\":\"text.requires\"},{\"text\":\"Quirk 10\"}]}",
            "/tag @s[tag=one_for_all10,scores={quirk=10..}] add one_for_all15",
            "/tellraw @s[tag=one_for_all8,scores={quirk=!5..}] {\"rawtext\":[{\"translate\":\"text.requires\"},{\"text\":\"Quirk 5\"}]}",
            "/tag @s[tag=one_for_all8,scores={quirk=5..}] add one_for_all10",
            "/tag @s[tag=one_for_all5] add one_for_all8",
            "/tag @s[tag=!ofa,tag=!one_for_all5] add one_for_all5",
            "/tag @s[tag=remove] remove one_for_all100",
            "/tag @s remove remove"
          ],
          "on_exit": [
            "/tag @s remove remove"
          ]
        },
        "detroit_smash": {
          "animations": ["detroit_smash.loop"],
          "transitions":[
            {"default":"q.get_equipped_item_name != 'quirk_one_for_all'"},
            {"default":"q.property('wesl3y:skill') != 2"},
            {"default":"!q.is_alive"},
            {"detroit_smash2":"!q.is_using_item"}
          ],
          "on_entry": [
            "/scoreboard players add @s xp_quirk 1",
            "/scoreboard players remove @s stamina 100"
          ]
        },
        "detroit_smash2": {
          "animations": ["timer.0_25"],
          "transitions":[
            {"detroit_smash3":"q.all_animations_finished"},
            {"detroit_smash3":"q.get_equipped_item_name != 'quirk_one_for_all'"},
            {"detroit_smash3":"q.property('wesl3y:skill') != 2"},
            {"detroit_smash3":"!q.is_alive"}
          ],
          "on_entry": [
            "/playanimation @s animation.one_for_all.detroit_smash.end wesl3y"
          ],
          "on_exit": [
            "/tag @s add detroit_smash",
            "/event entity @s wesl3y:one_for_all_long"
          ]
        },
        "detroit_smash3": {
          "animations": ["timer.0_25"],
          "transitions":[
            {"default":"q.all_animations_finished || !q.is_alive"}
          ],
          "on_exit": [
            "/event entity @s wesl3y:skill.0",
            "/tag @s remove detroit_smash",
            "/scoreboard players set @s cooldown2 18"
          ]
        },
        "delaware_smash": {
          "animations": ["timer.0_5"],
          "transitions": [
            {"default":"q.all_animations_finished"},
            {"default":"q.get_equipped_item_name != 'quirk_one_for_all'"},
            {"default":"q.property('wesl3y:skill') != 3"},
            {"default":"!q.is_alive"}
          ],
          "on_entry": [
            "/tag @s add delaware_smash",
            "/event entity @s wesl3y:one_for_all_long",
            "/playanimation @s animation.one_for_all.delaware_smash.start wesl3y",
            "/scoreboard players add @s xp_quirk 1",
            "/scoreboard players remove @s stamina 100"
          ],
          "on_exit": [
            "/event entity @s wesl3y:skill.0",
            "/tag @s remove delaware_smash",
            "/scoreboard players set @s cooldown3 26"
          ]
        },
        "manchester_smash": {
          "animations": ["timer.0_75"],
          "transitions": [
            {"default":"q.get_equipped_item_name != 'quirk_one_for_all'"},
            {"default":"q.property('wesl3y:skill') != 4"},
            {"default":"!q.is_alive"},
            {"manchester_smash2":"q.all_animations_finished"}
          ],
          "on_entry": [
            "/effect @s levitation 1 18 true",
            "/playanimation @s animation.one_for_all.manchester_smash.start wesl3y",
            "/scoreboard players add @s xp_quirk 1",
            "/scoreboard players remove @s stamina 150"
          ]
        },
        "manchester_smash2": {
          "animations": ["manchester_smash.loop"],
          "transitions": [
            {"default":"q.get_equipped_item_name != 'quirk_one_for_all'"},
            {"default":"q.property('wesl3y:skill') != 4"},
            {"default":"!q.is_alive"},
            {"manchester_smash3":"q.is_on_ground"}
          ],
          "on_entry": [
            "/effect @s slowness 3 3 true"
          ]
        },
        "manchester_smash3": {
          "animations": ["timer.0_5"],
          "transitions": [
            {"default":"q.all_animations_finished"},
            {"default":"q.get_equipped_item_name != 'quirk_one_for_all'"},
            {"default":"q.property('wesl3y:skill') != 4"},
            {"default":"!q.is_alive"}
          ],
          "on_entry": [
            "/summon wesl3y:one_for_all_short ~~~ ~ ~ wesl3y:manchester_smash",
            "/particle wesl3y:manchester_smash2 ~~~",
            "/playanimation @s animation.one_for_all.manchester_smash.end wesl3y",
            "/scoreboard players add @s xp_quirk 1",
            "/scoreboard players remove @s stamina 150"
          ],
          "on_exit": [
            "/event entity @s wesl3y:skill.0",
            "/tag @s remove manchester_smash",
            "/scoreboard players set @s cooldown4 34"
          ]
        },
        "100_detroit_smash": {
          "animations": ["100_detroit_smash.loop"],
          "transitions":[
            {"default":"q.get_equipped_item_name != 'quirk_one_for_all'"},
            {"default":"q.property('wesl3y:skill') != 5"},
            {"default":"!q.is_alive"},
            {"100_detroit_smash2":"!q.is_using_item"}
          ],
          "on_entry": [
            "/scoreboard players add @s xp_quirk 1",
            "/scoreboard players remove @s stamina 100"
          ]
        },
        "100_detroit_smash2": {
          "animations": ["timer.0_5"],
          "transitions": [
            {"default":"q.all_animations_finished"},
            {"default":"q.get_equipped_item_name != 'quirk_one_for_all'"},
            {"default":"q.property('wesl3y:skill') != 5"},
            {"default":"!q.is_alive"}
          ],
          "on_entry": [
            "/tag @s add 100_detroit_smash",
            "/event entity @s wesl3y:one_for_all_long",
            "/playanimation @s animation.one_for_all.detroit_smash.end wesl3y",
            "/scoreboard players add @s xp_quirk 1",
            "/scoreboard players remove @s stamina 100"
          ],
          "on_exit": [
            "/event entity @s wesl3y:skill.0",
            "/tag @s remove 100_detroit_smash",
            "/scoreboard players set @s cooldown5 42"
          ]
        },
        
        "overhaul_damage": {
          "animations": ["timer.0_5"],
          "transitions": [
            {"default":"q.all_animations_finished"},
            {"default":"!q.is_alive"}
          ],
          "on_entry": [
            "/scoreboard players add @s xp_quirk 1",
            "/scoreboard players remove @s stamina 50",
            "/execute positioned ^^1^3.5 run effect @e[type=!item,family=!attack,r=3.25] wither 3 1 true",
            "/execute positioned ^^1^3.5 at @e[type=!item,family=!attack,r=3.25] run particle wesl3y:overhaul_damage ~~2~",
            "/execute positioned ^^1^3.5 run damage @e[type=!item,family=!attack,r=3.25] 11 suicide entity @s"
          ],
          "on_exit": [
            "/event entity @s wesl3y:skill.0",
            "/scoreboard players set @s cooldown1 10"
          ]
        },
        "overhaul_regen": {
          "animations": ["timer.0_5"],
          "transitions": [
            {"default":"q.all_animations_finished"},
            {"default":"!q.is_alive"}
          ],
          "on_entry": [
            "/scoreboard players add @s xp_quirk 1",
            "/scoreboard players remove @s stamina 100",
            "/execute positioned ^^1^3.5 at @e[type=!item,family=!attack,r=3.25] run particle wesl3y:overhaul_regen",
            "/execute positioned ^^1^3.5 run effect @e[type=!item,family=!attack,r=3.25] regeneration 2 3 true",
            "/particle wesl3y:overhaul_regen",
            "/effect @s regeneration 2 4 true"
          ],
          "on_exit": [
            "/event entity @s wesl3y:skill.0",
            "/scoreboard players set @s cooldown2 16"
          ]
        },
        "overhaul_destroy": {
          "animations": ["timer.0_5"],
          "transitions": [
            {"default":"q.all_animations_finished"},
            {"default":"!q.is_alive"}
          ],
          "on_entry": [
            "/playanimation @s animation.overhaul.destroy.end wesl3y",
            "/scoreboard players add @s xp_quirk 1",
            "/scoreboard players remove @s stamina 150",
            "/tp @s ^^^ ~ 0",
            "/execute if block ^^^3 air run summon wesl3y:overhaul_short ^^^3 facing ^^^90 wesl3y:overhaul_destroy1"
          ],
          "on_exit": [
            "/event entity @s wesl3y:skill.0",
            "/scoreboard players set @s cooldown3 22"
          ]
        },
        "overhaul_destroy_all": {
          "animations": ["timer.0_5"],
          "transitions": [
            {"default":"q.all_animations_finished"},
            {"default":"!q.is_alive"}
          ],
          "on_entry": [
            "/playanimation @s animation.overhaul.destroy_all.end wesl3y",
            "/scoreboard players add @s xp_quirk 1",
            "/scoreboard players remove @s stamina 150",
            "/tp @s ^^^ ~ 0",
            "/execute if block ^^^3 air run summon wesl3y:overhaul_short ^^^3 facing ^^^90 wesl3y:overhaul_destroy1",
            "/execute if block ^3^^3 air run summon wesl3y:overhaul_short ^3^^3 facing ^45^^45 wesl3y:overhaul_destroy1",
            "/execute if block ^^^-3 air run summon wesl3y:overhaul_short ^^^-3 facing ^^^-90 wesl3y:overhaul_destroy1",
            "/execute if block ^-3^^3 air run summon wesl3y:overhaul_short ^-3^^3 facing ^-45^^45 wesl3y:overhaul_destroy1",
            "/execute if block ^3^^ air run summon wesl3y:overhaul_short ^3^^ facing ^90^^ wesl3y:overhaul_destroy1",
            "/execute if block ^3^^-3 air run summon wesl3y:overhaul_short ^3^^-3 facing ^45^^-45 wesl3y:overhaul_destroy1",
            "/execute if block ^-3^^ air run summon wesl3y:overhaul_short ^-3^^ facing ^-90^^ wesl3y:overhaul_destroy1",
            "/execute if block ^-3^^-3 air run summon wesl3y:overhaul_short ^-3^^-3 facing ^-45^^-45 wesl3y:overhaul_destroy1"
          ],
          "on_exit": [
            "/event entity @s wesl3y:skill.0",
            "/scoreboard players set @s cooldown4 22"
          ]
        },
        
        "moonarc": {
          "animations": ["rabbit.moonarc"],
          "transitions": [
            {"default":"q.all_animations_finished"},
            {"default":"q.get_equipped_item_name != 'quirk_rabbit2'"},
            {"default":"q.property('wesl3y:skill') != 1"},
            {"default":"!q.is_alive"}
          ],
          "on_entry": [
            "/scoreboard players add @s xp_quirk 1",
            "/scoreboard players remove @s stamina 100"
          ],
          "on_exit": [
            "/event entity @s wesl3y:skill.0",
            "/scoreboard players set @s cooldown1 10"
          ]
        },
        "moonfall": {
          "animations": ["timer.0_75"],
          "transitions": [
            {"default":"q.get_equipped_item_name != 'quirk_rabbit2'"},
            {"default":"q.property('wesl3y:skill') != 2"},
            {"default":"!q.is_alive"},
            {"moonfall2":"q.all_animations_finished"}
          ],
          "on_entry": [
            "/effect @s levitation 1 18 true",
            "/playanimation @s animation.one_for_all.manchester_smash.start wesl3y",
            "/scoreboard players add @s xp_quirk 1",
            "/scoreboard players remove @s stamina 150"
          ]
        },
        "moonfall2": {
          "animations": ["manchester_smash.loop"],
          "transitions": [
            {"default":"q.get_equipped_item_name != 'quirk_rabbit2'"},
            {"default":"q.property('wesl3y:skill') != 2"},
            {"default":"!q.is_alive"},
            {"moonfall3":"q.is_on_ground"}
          ],
          "on_entry": [
            "/effect @s slowness 3 3 true"
          ]
        },
        "moonfall3": {
          "animations": ["timer.0_5"],
          "transitions": [
            {"default":"q.all_animations_finished"},
            {"default":"q.get_equipped_item_name != 'quirk_rabbit2'"},
            {"default":"q.property('wesl3y:skill') != 2"},
            {"default":"!q.is_alive"}
          ],
          "on_entry": [
            "/summon wesl3y:rabbit_short ~~~ ~ ~ wesl3y:moonfall",
            "/particle wesl3y:moonfall ~~~",
            "/particle wesl3y:moonfall2 ~~0.25~",
            "/playanimation @s animation.rabbit.moonfall.end wesl3y",
            "/scoreboard players add @s xp_quirk 1",
            "/scoreboard players remove @s stamina 150"
          ],
          "on_exit": [
            "/event entity @s wesl3y:skill.0",
            "/tag @s remove moonfall",
            "/scoreboard players set @s cooldown2 18"
          ]
        },
        "moonring": {
          "animations": ["rabbit.moonring"],
          "transitions": [
            {"default":"q.all_animations_finished"},
            {"default":"q.get_equipped_item_name != 'quirk_rabbit2'"},
            {"default":"q.property('wesl3y:skill') != 3"},
            {"default":"!q.is_alive"}
          ],
          "on_entry": [
            "/scoreboard players add @s xp_quirk 1",
            "/scoreboard players remove @s stamina 200",
            "/effect @s levitation 1 4 true"
          ],
          "on_exit": [
            "/event entity @s wesl3y:skill.0",
            "/scoreboard players set @s cooldown3 26"
          ]
        },
        
        "size_grass": {
          "animations": ["size_block.loop"],
          "transitions":[
            {"default":"q.get_equipped_item_name != 'quirk_size'"},
            {"default":"q.property('wesl3y:skill') != 1"},
            {"default":"!q.is_alive"},
            {"size_grass2":"!q.is_using_item"}
          ],
          "on_entry": [
            "/scoreboard players add @s xp_quirk 1",
            "/scoreboard players remove @s stamina 50"
          ]
        },
        "size_grass2": {
          "animations": ["timer.0_5"],
          "transitions":[
            {"default":"q.all_animations_finished"},
            {"default":"q.get_equipped_item_name != 'quirk_size'"},
            {"default":"q.property('wesl3y:skill') != 1"},
            {"default":"!q.is_alive"}
          ],
          "on_entry": [
            "/execute at @s[hasitem={item=grass,quantity=!1..}] run tag @s[hasitem={item=dirt,quantity=1..}] add size_grass",
            "/execute at @s[hasitem={item=grass,quantity=!1..}] run event entity @s[hasitem={item=dirt,quantity=1..}] wesl3y:size_long",
            "/execute at @s[hasitem={item=grass,quantity=!1..}] run playanimation @s[hasitem={item=dirt,quantity=1..}] animation.size.block.end wesl3y",
            "/execute at @s[hasitem={item=grass,quantity=!1..}] run clear @s[hasitem={item=dirt,quantity=1..}] dirt 0 1",
            "/tag @s[hasitem={item=grass,quantity=1..}] add size_grass",
            "/event entity @s[hasitem={item=grass,quantity=1..}] wesl3y:size_long",
            "/playanimation @s[hasitem={item=grass,quantity=1..}] animation.size.block.end wesl3y",
            "/clear @s[hasitem={item=grass,quantity=1..}] grass 0 1"
          ],
          "on_exit": [
            "/event entity @s wesl3y:skill.0",
            "/tag @s remove size_grass",
            "/scoreboard players set @s cooldown1 10"
          ]
        },
        "size_stone": {
          "animations": ["size_block.loop"],
          "transitions":[
            {"default":"q.get_equipped_item_name != 'quirk_size'"},
            {"default":"q.property('wesl3y:skill') != 2"},
            {"default":"!q.is_alive"},
            {"size_stone2":"!q.is_using_item"}
          ],
          "on_entry": [
            "/scoreboard players add @s xp_quirk 1",
            "/scoreboard players remove @s stamina 100"
          ]
        },
        "size_stone2": {
          "animations": ["timer.0_5"],
          "transitions":[
            {"default":"q.all_animations_finished"},
            {"default":"q.get_equipped_item_name != 'quirk_size'"},
            {"default":"q.property('wesl3y:skill') != 2"},
            {"default":"!q.is_alive"}
          ],
          "on_entry": [
            "/execute at @s[hasitem={item=stone,quantity=!1..}] run tag @s[hasitem={item=cobblestone,quantity=1..}] add size_stone",
            "/execute at @s[hasitem={item=stone,quantity=!1..}] run event entity @s[hasitem={item=cobblestone,quantity=1..}] wesl3y:size_long",
            "/execute at @s[hasitem={item=stone,quantity=!1..}] run playanimation @s[hasitem={item=cobblestone,quantity=1..}] animation.size.block.end wesl3y",
            "/execute at @s[hasitem={item=stone,quantity=!1..}] run clear @s[hasitem={item=cobblestone,quantity=1..}] cobblestone 0 1",
            "/tag @s[hasitem={item=stone,quantity=1..}] add size_stone",
            "/event entity @s[hasitem={item=stone,quantity=1..}] wesl3y:size_long",
            "/playanimation @s[hasitem={item=stone,quantity=1..}] animation.size.block.end wesl3y",
            "/clear @s[hasitem={item=stone,quantity=1..}] stone 0 1"
          ],
          "on_exit": [
            "/event entity @s wesl3y:skill.0",
            "/tag @s remove size_stone",
            "/scoreboard players set @s cooldown2 12"
          ]
        },
        "size_arrow": {
          "animations": ["size_block.loop"],
          "transitions":[
            {"default":"q.get_equipped_item_name != 'quirk_size'"},
            {"default":"q.property('wesl3y:skill') != 3"},
            {"default":"!q.is_alive"},
            {"size_arrow2":"!q.is_using_item"}
          ],
          "on_entry": [
            "/scoreboard players add @s xp_quirk 1",
            "/scoreboard players remove @s stamina 150"
          ]
        },
        "size_arrow2": {
          "animations": ["timer.0_5"],
          "transitions":[
            {"default":"q.all_animations_finished"},
            {"default":"q.get_equipped_item_name != 'quirk_size'"},
            {"default":"q.property('wesl3y:skill') != 3"},
            {"default":"!q.is_alive"}
          ],
          "on_entry": [
            "/tag @s[hasitem={item=arrow,quantity=1..}] add size_arrow",
            "/event entity @s[hasitem={item=arrow,quantity=1..}] wesl3y:size_long",
            "/playanimation @s[hasitem={item=arrow,quantity=1..}] animation.size.block.end wesl3y",
            "/clear @s[hasitem={item=arrow,quantity=1..}] arrow 0 1"
          ],
          "on_exit": [
            "/event entity @s wesl3y:skill.0",
            "/tag @s remove size_arrow",
            "/scoreboard players set @s cooldown3 14"
          ]
        },
        "size_sword": {
          "animations": ["size_block.loop"],
          "transitions":[
            {"default":"q.get_equipped_item_name != 'quirk_size'"},
            {"default":"q.property('wesl3y:skill') != 4"},
            {"default":"!q.is_alive"},
            {"size_sword2":"!q.is_using_item"}
          ],
          "on_entry": [
            "/scoreboard players add @s xp_quirk 1",
            "/scoreboard players remove @s stamina 200"
          ]
        },
        "size_sword2": {
          "animations": ["timer.0_5"],
          "transitions":[
            {"default":"q.all_animations_finished"},
            {"default":"q.get_equipped_item_name != 'quirk_size'"},
            {"default":"q.property('wesl3y:skill') != 4"},
            {"default":"!q.is_alive"}
          ],
          "on_entry": [
            "/tag @s[hasitem={item=diamond_sword,quantity=1..}] add size_sword",
            "/event entity @s[hasitem={item=diamond_sword,quantity=1..}] wesl3y:size_long",
            "/playanimation @s[hasitem={item=diamond_sword,quantity=1..}] animation.size.block.end wesl3y",
            "/clear @s[hasitem={item=diamond_sword,quantity=1..}] diamond_sword 0 1"
          ],
          "on_exit": [
            "/event entity @s wesl3y:skill.0",
            "/tag @s remove size_sword",
            "/scoreboard players set @s cooldown4 16"
          ]
        },
        
        "smoke": {
          "animations": ["timer.0_5"],
          "transitions": [
            {"default":"q.all_animations_finished"},
            {"default":"q.get_equipped_item_name != 'quirk_smoke_screen'"},
            {"default":"q.property('wesl3y:skill') != 1"},
            {"default":"!q.is_alive"}
          ],
          "on_entry": [
            "/scoreboard players add @s xp_quirk 1",
            "/scoreboard players remove @s stamina 50",
            "/particle wesl3y:smoke_screen"
          ],
          "on_exit": [
            "/event entity @s wesl3y:skill.0",
            "/summon wesl3y:smoke_screen_short ~~~ ~ ~ wesl3y:smoke",
            "/particle wesl3y:smoke_screen2",
            "/scoreboard players set @s cooldown1 10"
          ]
        },
        
        "zero_gravity_release": {
          "animations": ["timer.0_5"],
          "transitions":[
            {"default":"q.all_animations_finished"},
            {"default":"q.get_equipped_item_name != 'quirk_zero_gravity'"},
            {"default":"q.property('wesl3y:skill') != 1"},
            {"default":"!q.is_alive"}
          ],
          "on_entry": [
            "/effect @s levitation 1 15 true",
            "/scoreboard players add @s xp_quirk 1",
            "/scoreboard players remove @s stamina 50"
          ],
          "on_exit": [
            "/event entity @s wesl3y:skill.0",
            "/scoreboard players set @s cooldown1 10"
          ]
        },
        "zero_gravity_release_other": {
          "animations": ["timer.0_5"],
          "transitions":[
            {"default":"q.all_animations_finished"},
            {"default":"q.get_equipped_item_name != 'quirk_zero_gravity'"},
            {"default":"q.property('wesl3y:skill') != 2"},
            {"default":"!q.is_alive"}
          ],
          "on_entry": [
            "/execute positioned ^^0.5^1 unless entity @e[family=!attack,r=2.5,tag=!quirk_zero_gravity] run tellraw @s{\"rawtext\":[{\"translate\":\"decay.no_other\"}]}",
            "/execute positioned ^^0.5^1 run effect @e[rm=0.1,r=2.5,tag=!quirk_zero_gravity] levitation 2 12 true",
            "/execute positioned ^^0.5^1 run event entity @e[type=item,r=2.5] minecraft:timer",
            "/scoreboard players add @s xp_quirk 1",
            "/scoreboard players remove @s stamina 100"
          ],
          "on_exit": [
            "/event entity @s wesl3y:skill.0",
            "/scoreboard players set @s cooldown2 12"
          ]
        },
        "zero_gravity_meteors": {
          "animations": ["timer.0_5"],
          "transitions":[
            {"default":"q.all_animations_finished"},
            {"default":"q.get_equipped_item_name != 'quirk_zero_gravity'"},
            {"default":"q.property('wesl3y:skill') != 3"},
            {"default":"!q.is_alive"}
          ],
          "on_entry": [
            "/event entity @s wesl3y:skill.0",
            "/summon wesl3y:zero_gravity_long ~2~12~ ~~ wesl3y:meteors",
            "/summon wesl3y:zero_gravity_long ~~12~-4 ~~ wesl3y:meteors",
            "/summon wesl3y:zero_gravity_long ~-4~12~ ~~ wesl3y:meteors",
            "/summon wesl3y:zero_gravity_long ~~12~5 ~~ wesl3y:meteors",
            "/summon wesl3y:zero_gravity_long ~-4~12~3 ~~ wesl3y:meteors",
            "/summon wesl3y:zero_gravity_long ~-2~12~-3 ~~ wesl3y:meteors",
            "/playanimation @s animation.zero_gravity.meteors wesl3y",
            "/scoreboard players add @s xp_quirk 1",
            "/scoreboard players remove @s stamina 150"
          ],
          "on_exit": [
            "/event entity @s wesl3y:skill.0",
            "/scoreboard players set @s cooldown3 14"
          ]
        }
      }
    }
  }
}