{
	"format_version": "1.12.0",
	"minecraft:geometry": [
		{
			"description": {
				"identifier": "geometry.brolyssjl",
				"texture_width": 128,
				"texture_height": 128,
				"visible_bounds_width": 3,
				"visible_bounds_height": 4.5,
				"visible_bounds_offset": [0, 1.75, 0]
			},
			"bones": [
				{
					"name": "Tudo",
					"pivot": [0, 12.72, 0]
				},
				{
					"name": "Corpo",
					"parent": "Tudo",
					"pivot": [0, 29.31218, 0],
					"cubes": [
						{
							"origin": [-5.50796, 15.2222, -2.75397],
							"size": [11.01591, 15.52387, 5.50796],
							"uv": {
								"north": {"uv": [0, 0], "uv_size": [11, 15.5]},
								"east": {"uv": [0, 28], "uv_size": [5.5, 15.5]},
								"south": {"uv": [11, 0], "uv_size": [11, 15.5]},
								"west": {"uv": [6, 28], "uv_size": [5.5, 15.5]},
								"up": {"uv": [51, 44], "uv_size": [11, 5.5]},
								"down": {"uv": [51, 55.5], "uv_size": [11, -5.5]}
							}
						},
						{
							"origin": [-5.89351, 24.67887, -2.94675],
							"size": [11.78703, 6.61054, 5.89351],
							"uv": {
								"north": {"uv": [19, 28], "uv_size": [11.75, 6.5]},
								"east": {"uv": [68, 0], "uv_size": [6, 6.5]},
								"south": {"uv": [31, 26], "uv_size": [11.75, 6.5]},
								"west": {"uv": [69, 14], "uv_size": [6, 6.5]},
								"up": {"uv": [51, 9], "uv_size": [11.75, 6]},
								"down": {"uv": [17, 57], "uv_size": [11.75, -6]}
							}
						}
					],
					"locators": {
						"aura": [0, 23.09, 0]
					}
				},
				{
					"name": "Sai",
					"parent": "Corpo",
					"pivot": [0, 16.93413, 0.00001],
					"cubes": [
						{
							"origin": [-5.68126, 15.39725, -2.84063],
							"size": [11.36253, 3.07376, 5.68126],
							"uv": {
								"north": {"uv": [47, 70], "uv_size": [11.25, 3]},
								"east": {"uv": [77, 36], "uv_size": [5.75, 3]},
								"south": {"uv": [7, 71], "uv_size": [11.25, 3]},
								"west": {"uv": [5, 80], "uv_size": [5.75, 3]},
								"up": {"uv": [51, 32], "uv_size": [11.25, 5.75]},
								"down": {"uv": [51, 43.75], "uv_size": [11.25, -5.75]}
							}
						}
					]
				},
				{
					"name": "pano",
					"parent": "Sai",
					"pivot": [0, 17.75951, 0.00001],
					"cubes": [
						{
							"origin": [-6.56868, 4.30005, -3.28433],
							"size": [13.13736, 11.88022, 6.56868],
							"uv": {
								"north": {"uv": [0, 16], "uv_size": [13.25, 12]},
								"east": {"uv": [12, 28], "uv_size": [6.5, 12]},
								"south": {"uv": [14, 16], "uv_size": [13.25, 12]},
								"west": {"uv": [28, 14], "uv_size": [6.5, 12]},
								"up": {"uv": [22, 0], "uv_size": [13.25, 6.5]},
								"down": {"uv": [22, 13.5], "uv_size": [13.25, -6.5]}
							}
						}
					]
				},
				{
					"name": "rightBraco",
					"parent": "Corpo",
					"pivot": [-6.80004, 28.03616, 0],
					"cubes": [
						{
							"origin": [-10.52133, 15.76844, -2.51499],
							"size": [5.09828, 15.29482, 5.09828],
							"uv": {
								"north": {"uv": [31, 33], "uv_size": [5, 15.25]},
								"east": {"uv": [19, 35], "uv_size": [5, 15.25]},
								"south": {"uv": [24, 35], "uv_size": [5, 15.25]},
								"west": {"uv": [36, 0], "uv_size": [5, 15.25]},
								"up": {"uv": [63, 39], "uv_size": [5, 5]},
								"down": {"uv": [17, 81], "uv_size": [5, -5]}
							}
						}
					]
				},
				{
					"name": "leftBiceps",
					"parent": "rightBraco",
					"pivot": [-7.3349, 24.69043, -0.60314],
					"cubes": [
						{
							"origin": [-9.60618, 21.71814, -2.87442],
							"size": [4.54256, 5.94458, 4.54256],
							"uv": {
								"north": {"uv": [73, 71], "uv_size": [4.5, 6]},
								"east": {"uv": [74, 0], "uv_size": [4.5, 6]},
								"south": {"uv": [7, 74], "uv_size": [4.5, 6]},
								"west": {"uv": [12, 74], "uv_size": [4.5, 6]},
								"up": {"uv": [76, 77], "uv_size": [4.5, 4.5]},
								"down": {"uv": [22, 82.5], "uv_size": [4.5, -4.5]}
							}
						}
					]
				},
				{
					"name": "leftBraco",
					"parent": "Corpo",
					"pivot": [6.80004, 28.03616, 0],
					"cubes": [
						{
							"origin": [5.42305, 15.76844, -2.51499],
							"size": [5.09828, 15.29482, 5.09828],
							"uv": {
								"north": {"uv": [46, 32], "uv_size": [5, 15.25]},
								"east": {"uv": [48, 16], "uv_size": [5, 15.25]},
								"south": {"uv": [46, 48], "uv_size": [5, 15.25]},
								"west": {"uv": [29, 49], "uv_size": [5, 15.25]},
								"up": {"uv": [76, 57], "uv_size": [5, 5]},
								"down": {"uv": [76, 67], "uv_size": [5, -5]}
							}
						}
					]
				},
				{
					"name": "rightBiceps",
					"parent": "leftBraco",
					"pivot": [7.3349, 24.69043, -0.60314],
					"cubes": [
						{
							"origin": [5.06362, 21.71814, -2.87442],
							"size": [4.54256, 5.94458, 4.54256],
							"uv": {
								"north": {"uv": [74, 51], "uv_size": [4.5, 6]},
								"east": {"uv": [0, 75], "uv_size": [4.5, 6]},
								"south": {"uv": [75, 12], "uv_size": [4.5, 6]},
								"west": {"uv": [59, 75], "uv_size": [4.5, 6]},
								"up": {"uv": [27, 78], "uv_size": [4.5, 4.5]},
								"down": {"uv": [78, 75.5], "uv_size": [4.5, -4.5]}
							}
						}
					]
				},
				{
					"name": "rightPerna",
					"parent": "Corpo",
					"pivot": [-2.16221, 15.65609, 0],
					"cubes": [
						{
							"origin": [-4.71135, 0.36127, -2.54913],
							"size": [5.09828, 15.29482, 5.09828],
							"uv": {
								"north": {"uv": [36, 33], "uv_size": [5, 15.25]},
								"east": {"uv": [12, 40], "uv_size": [5, 15.25]},
								"south": {"uv": [41, 0], "uv_size": [5, 15.25]},
								"west": {"uv": [41, 33], "uv_size": [5, 15.25]},
								"up": {"uv": [76, 18], "uv_size": [5, 5]},
								"down": {"uv": [38, 81], "uv_size": [5, -5]}
							}
						},
						{
							"origin": [-5.2663, 7.35453, -1.92305],
							"size": [6.20817, 2.11511, 5.08929],
							"uv": {
								"north": {"uv": [82, 69], "uv_size": [6.25, 2]},
								"east": {"uv": [22, 14], "uv_size": [5, 2]},
								"south": {"uv": [21, 83], "uv_size": [6.25, 2]},
								"west": {"uv": [87, 40], "uv_size": [5, 2]},
								"up": {"uv": [59, 70], "uv_size": [6.25, 5]},
								"down": {"uv": [19, 76], "uv_size": [6.25, -5]}
							}
						},
						{
							"origin": [-5.33527, 9.97741, -3.17306],
							"size": [6.34613, 5.70129, 6.34613],
							"uv": {
								"north": {"uv": [69, 21], "uv_size": [6.25, 5.75]},
								"east": {"uv": [69, 39], "uv_size": [6.25, 5.75]},
								"south": {"uv": [69, 45], "uv_size": [6.25, 5.75]},
								"west": {"uv": [69, 59], "uv_size": [6.25, 5.75]},
								"up": {"uv": [26, 65], "uv_size": [6.25, 6.25]},
								"down": {"uv": [33, 72.25], "uv_size": [6.25, -6.25]}
							}
						},
						{
							"origin": [-4.83881, 0.23382, -2.70208],
							"size": [5.40417, 3.31387, 5.40417],
							"uv": {
								"north": {"uv": [79, 0], "uv_size": [5.5, 3.25]},
								"east": {"uv": [79, 4], "uv_size": [5.5, 3.25]},
								"south": {"uv": [79, 8], "uv_size": [5.5, 3.25]},
								"west": {"uv": [32, 79], "uv_size": [5.5, 3.25]},
								"up": {"uv": [26, 72], "uv_size": [5.5, 5.5]},
								"down": {"uv": [32, 78.5], "uv_size": [5.5, -5.5]}
							}
						}
					]
				},
				{
					"name": "leftPerna",
					"parent": "Corpo",
					"pivot": [2.16221, 15.65609, 0],
					"cubes": [
						{
							"origin": [-0.38693, 0.36127, -2.54913],
							"size": [5.09828, 15.29482, 5.09828],
							"uv": {
								"north": {"uv": [43, 16], "uv_size": [5, 15.25]},
								"east": {"uv": [0, 44], "uv_size": [5, 15.25]},
								"south": {"uv": [5, 44], "uv_size": [5, 15.25]},
								"west": {"uv": [46, 0], "uv_size": [5, 15.25]},
								"up": {"uv": [76, 39], "uv_size": [5, 5]},
								"down": {"uv": [76, 49], "uv_size": [5, -5]}
							}
						},
						{
							"origin": [-0.94187, 7.35453, -1.92305],
							"size": [6.20817, 2.11511, 5.08929],
							"uv": {
								"north": {"uv": [83, 22], "uv_size": [6.25, 2]},
								"east": {"uv": [87, 45], "uv_size": [5, 2]},
								"south": {"uv": [83, 24], "uv_size": [6.25, 2]},
								"west": {"uv": [19, 89], "uv_size": [5, 2]},
								"up": {"uv": [66, 71], "uv_size": [6.25, 5]},
								"down": {"uv": [72, 12], "uv_size": [6.25, -5]}
							}
						},
						{
							"origin": [-1.01086, 9.97741, -3.17306],
							"size": [6.34613, 5.70129, 6.34613],
							"uv": {
								"north": {"uv": [69, 65], "uv_size": [6.25, 5.75]},
								"east": {"uv": [70, 27], "uv_size": [6.25, 5.75]},
								"south": {"uv": [70, 33], "uv_size": [6.25, 5.75]},
								"west": {"uv": [40, 70], "uv_size": [6.25, 5.75]},
								"up": {"uv": [67, 52], "uv_size": [6.25, 6.25]},
								"down": {"uv": [0, 74.25], "uv_size": [6.25, -6.25]}
							}
						},
						{
							"origin": [-0.56535, 0.23382, -2.70208],
							"size": [5.40417, 3.31387, 5.40417],
							"uv": {
								"north": {"uv": [43, 79], "uv_size": [5.5, 3.25]},
								"east": {"uv": [49, 79], "uv_size": [5.5, 3.25]},
								"south": {"uv": [79, 49], "uv_size": [5.5, 3.25]},
								"west": {"uv": [79, 53], "uv_size": [5.5, 3.25]},
								"up": {"uv": [47, 73], "uv_size": [5.5, 5.5]},
								"down": {"uv": [53, 78.5], "uv_size": [5.5, -5.5]}
							}
						}
					]
				},
				{
					"name": "head",
					"parent": "Corpo",
					"pivot": [0, 30.64, 0],
					"cubes": [
						{
							"origin": [-3.8368, 30.5608, -3.8368],
							"size": [7.6736, 7.6736, 7.6736],
							"uv": {
								"north": {"uv": [35, 16], "uv_size": [7.75, 7.75]},
								"east": {"uv": [53, 15], "uv_size": [7.75, 7.75]},
								"south": {"uv": [53, 23], "uv_size": [7.75, 7.75]},
								"west": {"uv": [51, 56], "uv_size": [7.75, 7.75]},
								"up": {"uv": [10, 57], "uv_size": [7.75, 7.75]},
								"down": {"uv": [18, 64.75], "uv_size": [7.75, -7.75]}
							}
						}
					]
				},
				{
					"name": "Face",
					"parent": "head",
					"pivot": [0, 34.6676, -2.834],
					"cubes": [
						{
							"origin": [-3.8368, 30.5608, -2.834],
							"size": [7.6736, 7.6736, 0],
							"uv": {
								"north": {"uv": [34, 58], "uv_size": [7.75, 7.75]},
								"east": {"uv": [0, 0], "uv_size": [0, 7.75]},
								"south": {"uv": [59, 56], "uv_size": [7.75, 7.75]},
								"west": {"uv": [0, 0], "uv_size": [0, 7.75]},
								"up": {"uv": [0, 0], "uv_size": [7.75, 0]},
								"down": {"uv": [0, 0], "uv_size": [7.75, 0]}
							}
						}
					]
				},
				{
					"name": "Face2",
					"parent": "head",
					"pivot": [0, 34.6676, -2.834],
					"cubes": [
						{
							"origin": [-3.8368, 30.5608, -2.834],
							"size": [7.6736, 7.6736, 0],
							"uv": {
								"north": {"uv": [0, 60], "uv_size": [7.75, 7.75]},
								"east": {"uv": [0, 0], "uv_size": [0, 7.75]},
								"south": {"uv": [60, 0], "uv_size": [7.75, 7.75]},
								"west": {"uv": [0, 0], "uv_size": [0, 7.75]},
								"up": {"uv": [0, 0], "uv_size": [7.75, 0]},
								"down": {"uv": [0, 0], "uv_size": [7.75, 0]}
							}
						}
					]
				},
				{
					"name": "Face3",
					"parent": "head",
					"pivot": [0, 34.6676, -2.834],
					"cubes": [
						{
							"origin": [-3.8368, 30.5608, -2.834],
							"size": [7.6736, 7.6736, 0],
							"uv": {
								"north": {"uv": [61, 15], "uv_size": [7.75, 7.75]},
								"east": {"uv": [0, 0], "uv_size": [0, 7.75]},
								"south": {"uv": [61, 23], "uv_size": [7.75, 7.75]},
								"west": {"uv": [0, 0], "uv_size": [0, 7.75]},
								"up": {"uv": [0, 0], "uv_size": [7.75, 0]},
								"down": {"uv": [0, 0], "uv_size": [7.75, 0]}
							}
						}
					]
				},
				{
					"name": "Hair",
					"parent": "head",
					"pivot": [0, 39.2783, 1.3625],
					"cubes": [
						{
							"origin": [-4.2292, 34.13208, -3.2373],
							"size": [8.4584, 5.2865, 8.5238],
							"uv": {
								"north": {"uv": [63, 8], "uv_size": [8.5, 5.25]},
								"east": {"uv": [42, 64], "uv_size": [8.5, 5.25]},
								"south": {"uv": [51, 64], "uv_size": [8.5, 5.25]},
								"west": {"uv": [60, 64], "uv_size": [8.5, 5.25]},
								"up": {"uv": [34, 49], "uv_size": [8.5, 8.5]},
								"down": {"uv": [51, 8.5], "uv_size": [8.5, -8.5]}
							}
						},
						{
							"origin": [-4.2292, 29.77208, 2.2127],
							"size": [8.4584, 5.2865, 1.9838],
							"uv": {
								"north": {"uv": [8, 65], "uv_size": [8.5, 5.25]},
								"east": {"uv": [29, 35], "uv_size": [2, 5.25]},
								"south": {"uv": [17, 65], "uv_size": [8.5, 5.25]},
								"west": {"uv": [17, 40], "uv_size": [2, 5.25]},
								"up": {"uv": [81, 20], "uv_size": [8.5, 2]},
								"down": {"uv": [81, 45], "uv_size": [8.5, -2]}
							}
						},
						{
							"origin": [-3.1719, 38.36128, -3.1719],
							"size": [6.3438, 2.1146, 7.4011],
							"uv": {
								"north": {"uv": [83, 26], "uv_size": [6.25, 2]},
								"east": {"uv": [35, 24], "uv_size": [7.5, 2]},
								"south": {"uv": [28, 83], "uv_size": [6.25, 2]},
								"west": {"uv": [59, 81], "uv_size": [7.5, 2]},
								"up": {"uv": [62, 44], "uv_size": [6.25, 7.5]},
								"down": {"uv": [63, 38.5], "uv_size": [6.25, -7.5]}
							}
						}
					]
				},
				{
					"name": "Mecha12",
					"parent": "Hair",
					"pivot": [3.31612, 38.07688, -1.82198],
					"rotation": [128.73542, 25.34336, -64.39402],
					"cubes": [
						{
							"origin": [2.91902, 34.468, -6.29707],
							"size": [3.1719, 3.1719, 5.3519],
							"pivot": [3.92689, 35.3797, -2.44405],
							"rotation": [19.05168, -53.46139, 17.4843],
							"uv": {
								"north": {"uv": [42, 87], "uv_size": [3.25, 3.25]},
								"east": {"uv": [11, 80], "uv_size": [5.25, 3.25]},
								"south": {"uv": [46, 87], "uv_size": [3.25, 3.25]},
								"west": {"uv": [80, 12], "uv_size": [5.25, 3.25]},
								"up": {"uv": [42, 58], "uv_size": [3.25, 5.25]},
								"down": {"uv": [55, 84.25], "uv_size": [3.25, -5.25]}
							}
						},
						{
							"origin": [6.61087, 32.00293, -5.81651],
							"size": [2.50454, 2.50454, 2.50454],
							"pivot": [7.86314, 33.2552, -4.56424],
							"rotation": [31.55168, -53.46139, 17.4843],
							"uv": {
								"north": {"uv": [58, 97], "uv_size": [2.5, 2.5]},
								"east": {"uv": [97, 58], "uv_size": [2.5, 2.5]},
								"south": {"uv": [61, 97], "uv_size": [2.5, 2.5]},
								"west": {"uv": [97, 61], "uv_size": [2.5, 2.5]},
								"up": {"uv": [64, 97], "uv_size": [2.5, 2.5]},
								"down": {"uv": [67, 99.5], "uv_size": [2.5, -2.5]}
							}
						},
						{
							"origin": [6.99031, 32.38237, -8.07271],
							"size": [1.74566, 1.74566, 2.64436],
							"pivot": [7.86314, 33.2552, -4.56424],
							"rotation": [31.55168, -53.46139, 17.4843],
							"uv": {
								"north": {"uv": [101, 56], "uv_size": [1.75, 1.75]},
								"east": {"uv": [100, 27], "uv_size": [2.75, 1.75]},
								"south": {"uv": [81, 101], "uv_size": [1.75, 1.75]},
								"west": {"uv": [100, 29], "uv_size": [2.75, 1.75]},
								"up": {"uv": [29, 46], "uv_size": [1.75, 2.75]},
								"down": {"uv": [38, 75.75], "uv_size": [1.75, -2.75]}
							}
						}
					]
				},
				{
					"name": "Mecha11",
					"parent": "Hair",
					"pivot": [2.31612, 35.07688, -2.82198],
					"rotation": [136.06748, 13.83772, -35.89013],
					"cubes": [
						{
							"origin": [1.91902, 31.468, -7.29707],
							"size": [3.1719, 3.1719, 4.3519],
							"pivot": [2.92689, 32.3797, -3.44405],
							"rotation": [19.05168, -53.46139, 17.4843],
							"uv": {
								"north": {"uv": [42, 87], "uv_size": [3.25, 3.25]},
								"east": {"uv": [11, 80], "uv_size": [5.25, 3.25]},
								"south": {"uv": [46, 87], "uv_size": [3.25, 3.25]},
								"west": {"uv": [80, 12], "uv_size": [5.25, 3.25]},
								"up": {"uv": [42, 58], "uv_size": [3.25, 5.25]},
								"down": {"uv": [55, 84.25], "uv_size": [3.25, -5.25]}
							}
						},
						{
							"origin": [5.61087, 29.00293, -6.81651],
							"size": [2.50454, 2.50454, 2.50454],
							"pivot": [6.86314, 30.2552, -5.56424],
							"rotation": [31.55168, -53.46139, 17.4843],
							"uv": {
								"north": {"uv": [58, 97], "uv_size": [2.5, 2.5]},
								"east": {"uv": [97, 58], "uv_size": [2.5, 2.5]},
								"south": {"uv": [61, 97], "uv_size": [2.5, 2.5]},
								"west": {"uv": [97, 61], "uv_size": [2.5, 2.5]},
								"up": {"uv": [64, 97], "uv_size": [2.5, 2.5]},
								"down": {"uv": [67, 99.5], "uv_size": [2.5, -2.5]}
							}
						},
						{
							"origin": [5.99031, 29.38237, -9.07271],
							"size": [1.74566, 1.74566, 2.64436],
							"pivot": [6.86314, 30.2552, -5.56424],
							"rotation": [31.55168, -53.46139, 17.4843],
							"uv": {
								"north": {"uv": [101, 56], "uv_size": [1.75, 1.75]},
								"east": {"uv": [100, 27], "uv_size": [2.75, 1.75]},
								"south": {"uv": [81, 101], "uv_size": [1.75, 1.75]},
								"west": {"uv": [100, 29], "uv_size": [2.75, 1.75]},
								"up": {"uv": [29, 46], "uv_size": [1.75, 2.75]},
								"down": {"uv": [38, 75.75], "uv_size": [1.75, -2.75]}
							}
						}
					]
				},
				{
					"name": "Mecha15",
					"parent": "Hair",
					"pivot": [-2.31612, 36.07688, 0.17802],
					"rotation": [136.06748, -13.83772, 35.89013],
					"cubes": [
						{
							"origin": [-5.09092, 32.468, -4.29707],
							"size": [3.1719, 3.1719, 4.3519],
							"pivot": [-2.92689, 33.3797, -0.44405],
							"rotation": [19.05168, 53.46139, -17.4843],
							"uv": {
								"north": {"uv": [45.25, 87], "uv_size": [-3.25, 3.25]},
								"east": {"uv": [85.25, 12], "uv_size": [-5.25, 3.25]},
								"south": {"uv": [49.25, 87], "uv_size": [-3.25, 3.25]},
								"west": {"uv": [16.25, 80], "uv_size": [-5.25, 3.25]},
								"up": {"uv": [45.25, 58], "uv_size": [-3.25, 5.25]},
								"down": {"uv": [58.25, 84.25], "uv_size": [-3.25, -5.25]}
							}
						},
						{
							"origin": [-8.11541, 30.00293, -3.81651],
							"size": [2.50454, 2.50454, 2.50454],
							"pivot": [-6.86314, 31.2552, -2.56424],
							"rotation": [31.55168, 53.46139, -17.4843],
							"uv": {
								"north": {"uv": [60.5, 97], "uv_size": [-2.5, 2.5]},
								"east": {"uv": [99.5, 61], "uv_size": [-2.5, 2.5]},
								"south": {"uv": [63.5, 97], "uv_size": [-2.5, 2.5]},
								"west": {"uv": [99.5, 58], "uv_size": [-2.5, 2.5]},
								"up": {"uv": [66.5, 97], "uv_size": [-2.5, 2.5]},
								"down": {"uv": [69.5, 99.5], "uv_size": [-2.5, -2.5]}
							}
						},
						{
							"origin": [-7.73597, 30.38237, -6.07271],
							"size": [1.74566, 1.74566, 2.64436],
							"pivot": [-6.86314, 31.2552, -2.56424],
							"rotation": [31.55168, 53.46139, -17.4843],
							"uv": {
								"north": {"uv": [102.75, 56], "uv_size": [-1.75, 1.75]},
								"east": {"uv": [102.75, 29], "uv_size": [-2.75, 1.75]},
								"south": {"uv": [82.75, 101], "uv_size": [-1.75, 1.75]},
								"west": {"uv": [102.75, 27], "uv_size": [-2.75, 1.75]},
								"up": {"uv": [30.75, 46], "uv_size": [-1.75, 2.75]},
								"down": {"uv": [39.75, 75.75], "uv_size": [-1.75, -2.75]}
							}
						}
					]
				},
				{
					"name": "Mecha8",
					"parent": "Hair",
					"pivot": [-2.31612, 37.07688, -1.82198],
					"rotation": [163.22392, -25.11747, 19.91546],
					"cubes": [
						{
							"origin": [-5.09092, 32.468, -6.29707],
							"size": [3.1719, 4.1719, 4.3519],
							"pivot": [-2.92689, 34.3797, -2.44405],
							"rotation": [19.05168, 53.46139, -17.4843],
							"uv": {
								"north": {"uv": [45.25, 87], "uv_size": [-3.25, 3.25]},
								"east": {"uv": [85.25, 12], "uv_size": [-5.25, 3.25]},
								"south": {"uv": [49.25, 87], "uv_size": [-3.25, 3.25]},
								"west": {"uv": [16.25, 80], "uv_size": [-5.25, 3.25]},
								"up": {"uv": [45.25, 58], "uv_size": [-3.25, 5.25]},
								"down": {"uv": [58.25, 84.25], "uv_size": [-3.25, -5.25]}
							}
						},
						{
							"origin": [-8.11541, 30.00293, -5.81651],
							"size": [2.50454, 3.50454, 2.50454],
							"pivot": [-6.86314, 32.2552, -4.56424],
							"rotation": [31.55168, 53.46139, -17.4843],
							"uv": {
								"north": {"uv": [60.5, 97], "uv_size": [-2.5, 2.5]},
								"east": {"uv": [99.5, 61], "uv_size": [-2.5, 2.5]},
								"south": {"uv": [63.5, 97], "uv_size": [-2.5, 2.5]},
								"west": {"uv": [99.5, 58], "uv_size": [-2.5, 2.5]},
								"up": {"uv": [66.5, 97], "uv_size": [-2.5, 2.5]},
								"down": {"uv": [69.5, 99.5], "uv_size": [-2.5, -2.5]}
							}
						},
						{
							"origin": [-7.73597, 30.38237, -8.07271],
							"size": [1.74566, 2.74566, 2.64436],
							"pivot": [-6.86314, 32.2552, -4.56424],
							"rotation": [31.55168, 53.46139, -17.4843],
							"uv": {
								"north": {"uv": [102.75, 56], "uv_size": [-1.75, 1.75]},
								"east": {"uv": [102.75, 29], "uv_size": [-2.75, 1.75]},
								"south": {"uv": [82.75, 101], "uv_size": [-1.75, 1.75]},
								"west": {"uv": [102.75, 27], "uv_size": [-2.75, 1.75]},
								"up": {"uv": [30.75, 46], "uv_size": [-1.75, 2.75]},
								"down": {"uv": [39.75, 75.75], "uv_size": [-1.75, -2.75]}
							}
						}
					]
				},
				{
					"name": "Mecha9",
					"parent": "Hair",
					"pivot": [-2.31612, 37.07688, 1.17802],
					"rotation": [153.9667, -27.08602, 44.656],
					"cubes": [
						{
							"origin": [-5.09092, 32.468, -3.29707],
							"size": [3.1719, 4.1719, 4.3519],
							"pivot": [-2.92689, 34.3797, 0.55595],
							"rotation": [19.05168, 53.46139, -17.4843],
							"uv": {
								"north": {"uv": [45.25, 87], "uv_size": [-3.25, 3.25]},
								"east": {"uv": [85.25, 12], "uv_size": [-5.25, 3.25]},
								"south": {"uv": [49.25, 87], "uv_size": [-3.25, 3.25]},
								"west": {"uv": [16.25, 80], "uv_size": [-5.25, 3.25]},
								"up": {"uv": [45.25, 58], "uv_size": [-3.25, 5.25]},
								"down": {"uv": [58.25, 84.25], "uv_size": [-3.25, -5.25]}
							}
						},
						{
							"origin": [-8.11541, 30.00293, -2.81651],
							"size": [2.50454, 3.50454, 2.50454],
							"pivot": [-6.86314, 32.2552, -1.56424],
							"rotation": [31.55168, 53.46139, -17.4843],
							"uv": {
								"north": {"uv": [60.5, 97], "uv_size": [-2.5, 2.5]},
								"east": {"uv": [99.5, 61], "uv_size": [-2.5, 2.5]},
								"south": {"uv": [63.5, 97], "uv_size": [-2.5, 2.5]},
								"west": {"uv": [99.5, 58], "uv_size": [-2.5, 2.5]},
								"up": {"uv": [66.5, 97], "uv_size": [-2.5, 2.5]},
								"down": {"uv": [69.5, 99.5], "uv_size": [-2.5, -2.5]}
							}
						},
						{
							"origin": [-7.73597, 31.38237, -5.07271],
							"size": [1.74566, 1.74566, 2.64436],
							"pivot": [-6.86314, 32.2552, -1.56424],
							"rotation": [31.55168, 53.46139, -17.4843],
							"uv": {
								"north": {"uv": [102.75, 56], "uv_size": [-1.75, 1.75]},
								"east": {"uv": [102.75, 29], "uv_size": [-2.75, 1.75]},
								"south": {"uv": [82.75, 101], "uv_size": [-1.75, 1.75]},
								"west": {"uv": [102.75, 27], "uv_size": [-2.75, 1.75]},
								"up": {"uv": [30.75, 46], "uv_size": [-1.75, 2.75]},
								"down": {"uv": [39.75, 75.75], "uv_size": [-1.75, -2.75]}
							}
						}
					]
				},
				{
					"name": "Mecha7",
					"parent": "Hair",
					"pivot": [1.31612, 39.07688, -1.82198],
					"rotation": [110.14762, 15.67962, -100.19598],
					"cubes": [
						{
							"origin": [-1.08098, 33.468, -6.29707],
							"size": [5.1719, 5.1719, 5.3519],
							"pivot": [1.92689, 36.3797, -2.44405],
							"rotation": [19.05168, -53.46139, 17.4843],
							"uv": {
								"north": {"uv": [42, 87], "uv_size": [3.25, 3.25]},
								"east": {"uv": [11, 80], "uv_size": [5.25, 3.25]},
								"south": {"uv": [46, 87], "uv_size": [3.25, 3.25]},
								"west": {"uv": [80, 12], "uv_size": [5.25, 3.25]},
								"up": {"uv": [42, 58], "uv_size": [3.25, 5.25]},
								"down": {"uv": [55, 84.25], "uv_size": [3.25, -5.25]}
							}
						},
						{
							"origin": [2.61087, 31.00293, -5.81651],
							"size": [3.50454, 4.50454, 2.50454],
							"pivot": [5.86314, 34.2552, -4.56424],
							"rotation": [31.55168, -53.46139, 17.4843],
							"uv": {
								"north": {"uv": [58, 97], "uv_size": [2.5, 2.5]},
								"east": {"uv": [97, 58], "uv_size": [2.5, 2.5]},
								"south": {"uv": [61, 97], "uv_size": [2.5, 2.5]},
								"west": {"uv": [97, 61], "uv_size": [2.5, 2.5]},
								"up": {"uv": [64, 97], "uv_size": [2.5, 2.5]},
								"down": {"uv": [67, 99.5], "uv_size": [2.5, -2.5]}
							}
						},
						{
							"origin": [2.99031, 32.38237, -8.07271],
							"size": [2.74566, 2.74566, 2.64436],
							"pivot": [5.86314, 34.2552, -4.56424],
							"rotation": [31.55168, -53.46139, 17.4843],
							"uv": {
								"north": {"uv": [101, 56], "uv_size": [1.75, 1.75]},
								"east": {"uv": [100, 27], "uv_size": [2.75, 1.75]},
								"south": {"uv": [81, 101], "uv_size": [1.75, 1.75]},
								"west": {"uv": [100, 29], "uv_size": [2.75, 1.75]},
								"up": {"uv": [29, 46], "uv_size": [1.75, 2.75]},
								"down": {"uv": [38, 75.75], "uv_size": [1.75, -2.75]}
							}
						}
					]
				},
				{
					"name": "Mecha2",
					"parent": "Hair",
					"pivot": [0.31612, 40.07688, -1.82198],
					"rotation": [59.69955, 52.75432, -126.44544],
					"cubes": [
						{
							"origin": [-0.37503, 38.64975, -4.94293],
							"size": [2.18861, 2.18861, 3.69281],
							"pivot": [0.3204, 39.27882, -2.28435],
							"rotation": [19.05168, -53.46139, 17.4843],
							"uv": {
								"north": {"uv": [42, 87], "uv_size": [3.25, 3.25]},
								"east": {"uv": [11, 80], "uv_size": [5.25, 3.25]},
								"south": {"uv": [46, 87], "uv_size": [3.25, 3.25]},
								"west": {"uv": [80, 12], "uv_size": [5.25, 3.25]},
								"up": {"uv": [42, 58], "uv_size": [3.25, 5.25]},
								"down": {"uv": [55, 84.25], "uv_size": [3.25, -5.25]}
							}
						},
						{
							"origin": [2.17235, 36.94885, -4.61134],
							"size": [1.72813, 1.72813, 1.72813],
							"pivot": [3.03641, 37.81292, -3.74728],
							"rotation": [31.55168, -53.46139, 17.4843],
							"uv": {
								"north": {"uv": [58, 97], "uv_size": [2.5, 2.5]},
								"east": {"uv": [97, 58], "uv_size": [2.5, 2.5]},
								"south": {"uv": [61, 97], "uv_size": [2.5, 2.5]},
								"west": {"uv": [97, 61], "uv_size": [2.5, 2.5]},
								"up": {"uv": [64, 97], "uv_size": [2.5, 2.5]},
								"down": {"uv": [67, 99.5], "uv_size": [2.5, -2.5]}
							}
						},
						{
							"origin": [2.43416, 37.21067, -6.16812],
							"size": [1.2045, 1.2045, 1.82461],
							"pivot": [3.03641, 37.81292, -3.74728],
							"rotation": [31.55168, -53.46139, 17.4843],
							"uv": {
								"north": {"uv": [101, 56], "uv_size": [1.75, 1.75]},
								"east": {"uv": [100, 27], "uv_size": [2.75, 1.75]},
								"south": {"uv": [81, 101], "uv_size": [1.75, 1.75]},
								"west": {"uv": [100, 29], "uv_size": [2.75, 1.75]},
								"up": {"uv": [29, 46], "uv_size": [1.75, 2.75]},
								"down": {"uv": [38, 75.75], "uv_size": [1.75, -2.75]}
							}
						}
					]
				},
				{
					"name": "Mecha3",
					"parent": "Hair",
					"pivot": [1.31612, 41.07688, -1.82198],
					"rotation": [-15.69148, -15.91192, -32.42827],
					"cubes": [
						{
							"origin": [1.20975, 39.05776, -4.35774],
							"size": [2.18861, 2.18861, 3.69281],
							"pivot": [2.30406, 40.15207, -2.51134],
							"rotation": [-54.992, -11.20613, 122.99166],
							"uv": {
								"north": {"uv": [42, 87], "uv_size": [3.25, 3.25]},
								"east": {"uv": [11, 80], "uv_size": [5.25, 3.25]},
								"south": {"uv": [46, 87], "uv_size": [3.25, 3.25]},
								"west": {"uv": [80, 12], "uv_size": [5.25, 3.25]},
								"up": {"uv": [42, 58], "uv_size": [3.25, 5.25]},
								"down": {"uv": [55, 84.25], "uv_size": [3.25, -5.25]}
							}
						},
						{
							"origin": [2.54025, 38.12878, -4.69767],
							"size": [1.72813, 1.72813, 1.72813],
							"pivot": [3.40431, 38.99285, -3.8336],
							"rotation": [-66.49045, -28.81449, 155.41622],
							"uv": {
								"north": {"uv": [58, 97], "uv_size": [2.5, 2.5]},
								"east": {"uv": [97, 58], "uv_size": [2.5, 2.5]},
								"south": {"uv": [61, 97], "uv_size": [2.5, 2.5]},
								"west": {"uv": [97, 61], "uv_size": [2.5, 2.5]},
								"up": {"uv": [64, 97], "uv_size": [2.5, 2.5]},
								"down": {"uv": [67, 99.5], "uv_size": [2.5, -2.5]}
							}
						},
						{
							"origin": [2.98657, 37.02377, -5.50647],
							"size": [1.2045, 1.2045, 1.82461],
							"pivot": [3.58882, 37.62602, -4.59417],
							"rotation": [-76.80313, -34.3862, 174.93621],
							"uv": {
								"north": {"uv": [101, 56], "uv_size": [1.75, 1.75]},
								"east": {"uv": [100, 27], "uv_size": [2.75, 1.75]},
								"south": {"uv": [81, 101], "uv_size": [1.75, 1.75]},
								"west": {"uv": [100, 29], "uv_size": [2.75, 1.75]},
								"up": {"uv": [29, 46], "uv_size": [1.75, 2.75]},
								"down": {"uv": [38, 75.75], "uv_size": [1.75, -2.75]}
							}
						}
					]
				},
				{
					"name": "Mecha6",
					"parent": "Hair",
					"pivot": [2.31612, 36.07688, -5.82198],
					"rotation": [8.87505, 17.81518, -3.45946],
					"cubes": [
						{
							"origin": [0.85885, 37.41881, -5.37807],
							"size": [2.18861, 2.18861, 2.69281],
							"pivot": [1.95316, 38.51311, -3.53166],
							"rotation": [-54.992, -11.20613, 122.99166],
							"uv": {
								"north": {"uv": [42, 87], "uv_size": [3.25, 3.25]},
								"east": {"uv": [11, 80], "uv_size": [5.25, 3.25]},
								"south": {"uv": [46, 87], "uv_size": [3.25, 3.25]},
								"west": {"uv": [80, 12], "uv_size": [5.25, 3.25]},
								"up": {"uv": [42, 58], "uv_size": [3.25, 5.25]},
								"down": {"uv": [55, 84.25], "uv_size": [3.25, -5.25]}
							}
						},
						{
							"origin": [-0.68536, 37.6443, -4.23646],
							"size": [2.18861, 2.18861, 2.69281],
							"pivot": [0.40894, 38.73861, -2.39005],
							"rotation": [-54.53077, 9.41524, 94.55313],
							"uv": {
								"north": {"uv": [42, 87], "uv_size": [3.25, 3.25]},
								"east": {"uv": [11, 80], "uv_size": [5.25, 3.25]},
								"south": {"uv": [46, 87], "uv_size": [3.25, 3.25]},
								"west": {"uv": [80, 12], "uv_size": [5.25, 3.25]},
								"up": {"uv": [42, 58], "uv_size": [3.25, 5.25]},
								"down": {"uv": [55, 84.25], "uv_size": [3.25, -5.25]}
							}
						},
						{
							"origin": [2.18935, 36.48983, -5.718],
							"size": [1.72813, 1.72813, 1.72813],
							"pivot": [3.05341, 37.35389, -4.85393],
							"rotation": [-66.49045, -28.81449, 155.41622],
							"uv": {
								"north": {"uv": [58, 97], "uv_size": [2.5, 2.5]},
								"east": {"uv": [97, 58], "uv_size": [2.5, 2.5]},
								"south": {"uv": [61, 97], "uv_size": [2.5, 2.5]},
								"west": {"uv": [97, 61], "uv_size": [2.5, 2.5]},
								"up": {"uv": [64, 97], "uv_size": [2.5, 2.5]},
								"down": {"uv": [67, 99.5], "uv_size": [2.5, -2.5]}
							}
						},
						{
							"origin": [2.63567, 35.38481, -6.5268],
							"size": [1.2045, 1.2045, 1.82461],
							"pivot": [3.23792, 35.98706, -5.61449],
							"rotation": [-76.80313, -34.3862, 174.93621],
							"uv": {
								"north": {"uv": [101, 56], "uv_size": [1.75, 1.75]},
								"east": {"uv": [100, 27], "uv_size": [2.75, 1.75]},
								"south": {"uv": [81, 101], "uv_size": [1.75, 1.75]},
								"west": {"uv": [100, 29], "uv_size": [2.75, 1.75]},
								"up": {"uv": [29, 46], "uv_size": [1.75, 2.75]},
								"down": {"uv": [38, 75.75], "uv_size": [1.75, -2.75]}
							}
						}
					]
				},
				{
					"name": "Mecha13",
					"parent": "Hair",
					"pivot": [3.21462, 38.74907, -2.41786],
					"rotation": [37.74421, -4.26602, -17.01071],
					"cubes": [
						{
							"origin": [2.58011, 37.83484, -4.86645],
							"size": [2.18861, 2.18861, 2.69281],
							"pivot": [3.67441, 38.92915, -3.02004],
							"rotation": [-54.992, -11.20613, 122.99166],
							"uv": {
								"north": {"uv": [42, 87], "uv_size": [3.25, 3.25]},
								"east": {"uv": [11, 80], "uv_size": [5.25, 3.25]},
								"south": {"uv": [46, 87], "uv_size": [3.25, 3.25]},
								"west": {"uv": [80, 12], "uv_size": [5.25, 3.25]},
								"up": {"uv": [42, 58], "uv_size": [3.25, 5.25]},
								"down": {"uv": [55, 84.25], "uv_size": [3.25, -5.25]}
							}
						},
						{
							"origin": [1.03589, 38.06034, -3.72484],
							"size": [2.18861, 2.18861, 2.69281],
							"pivot": [2.1302, 39.15464, -1.87843],
							"rotation": [-54.53077, 9.41524, 94.55313],
							"uv": {
								"north": {"uv": [42, 87], "uv_size": [3.25, 3.25]},
								"east": {"uv": [11, 80], "uv_size": [5.25, 3.25]},
								"south": {"uv": [46, 87], "uv_size": [3.25, 3.25]},
								"west": {"uv": [80, 12], "uv_size": [5.25, 3.25]},
								"up": {"uv": [42, 58], "uv_size": [3.25, 5.25]},
								"down": {"uv": [55, 84.25], "uv_size": [3.25, -5.25]}
							}
						},
						{
							"origin": [4.06891, 36.84022, -5.33287],
							"size": [1.72813, 1.72813, 1.72813],
							"pivot": [4.93297, 37.70429, -4.46881],
							"rotation": [-61.9616, -24.4539, 145.34187],
							"uv": {
								"north": {"uv": [58, 97], "uv_size": [2.5, 2.5]},
								"east": {"uv": [97, 58], "uv_size": [2.5, 2.5]},
								"south": {"uv": [61, 97], "uv_size": [2.5, 2.5]},
								"west": {"uv": [97, 61], "uv_size": [2.5, 2.5]},
								"up": {"uv": [64, 97], "uv_size": [2.5, 2.5]},
								"down": {"uv": [67, 99.5], "uv_size": [2.5, -2.5]}
							}
						},
						{
							"origin": [4.83312, 35.81997, -6.34748],
							"size": [1.2045, 1.2045, 1.82461],
							"pivot": [5.43537, 36.42223, -5.43517],
							"rotation": [-66.49045, -28.81449, 155.41622],
							"uv": {
								"north": {"uv": [101, 56], "uv_size": [1.75, 1.75]},
								"east": {"uv": [100, 27], "uv_size": [2.75, 1.75]},
								"south": {"uv": [81, 101], "uv_size": [1.75, 1.75]},
								"west": {"uv": [100, 29], "uv_size": [2.75, 1.75]},
								"up": {"uv": [29, 46], "uv_size": [1.75, 2.75]},
								"down": {"uv": [38, 75.75], "uv_size": [1.75, -2.75]}
							}
						}
					]
				},
				{
					"name": "Mecha16",
					"parent": "Hair",
					"pivot": [-3.21462, 36.74907, -0.41786],
					"rotation": [-34.04838, 65.54134, -26.19078],
					"cubes": [
						{
							"origin": [-4.76872, 35.83484, -2.86645],
							"size": [2.18861, 2.18861, 2.69281],
							"pivot": [-3.67441, 36.92915, -1.02004],
							"rotation": [-54.992, 11.20613, -122.99166],
							"uv": {
								"north": {"uv": [45.25, 87], "uv_size": [-3.25, 3.25]},
								"east": {"uv": [85.25, 12], "uv_size": [-5.25, 3.25]},
								"south": {"uv": [49.25, 87], "uv_size": [-3.25, 3.25]},
								"west": {"uv": [16.25, 80], "uv_size": [-5.25, 3.25]},
								"up": {"uv": [45.25, 58], "uv_size": [-3.25, 5.25]},
								"down": {"uv": [58.25, 84.25], "uv_size": [-3.25, -5.25]}
							}
						},
						{
							"origin": [-3.2245, 36.06034, -1.72484],
							"size": [2.18861, 2.18861, 2.69281],
							"pivot": [-2.1302, 37.15464, 0.12157],
							"rotation": [-54.53077, -9.41524, -94.55313],
							"uv": {
								"north": {"uv": [45.25, 87], "uv_size": [-3.25, 3.25]},
								"east": {"uv": [85.25, 12], "uv_size": [-5.25, 3.25]},
								"south": {"uv": [49.25, 87], "uv_size": [-3.25, 3.25]},
								"west": {"uv": [16.25, 80], "uv_size": [-5.25, 3.25]},
								"up": {"uv": [45.25, 58], "uv_size": [-3.25, 5.25]},
								"down": {"uv": [58.25, 84.25], "uv_size": [-3.25, -5.25]}
							}
						},
						{
							"origin": [-5.79704, 34.84022, -3.33287],
							"size": [1.72813, 1.72813, 1.72813],
							"pivot": [-4.93297, 35.70429, -2.46881],
							"rotation": [-61.9616, 24.4539, -145.34187],
							"uv": {
								"north": {"uv": [60.5, 97], "uv_size": [-2.5, 2.5]},
								"east": {"uv": [99.5, 61], "uv_size": [-2.5, 2.5]},
								"south": {"uv": [63.5, 97], "uv_size": [-2.5, 2.5]},
								"west": {"uv": [99.5, 58], "uv_size": [-2.5, 2.5]},
								"up": {"uv": [66.5, 97], "uv_size": [-2.5, 2.5]},
								"down": {"uv": [69.5, 99.5], "uv_size": [-2.5, -2.5]}
							}
						},
						{
							"origin": [-6.03762, 33.81997, -4.34748],
							"size": [1.2045, 1.2045, 1.82461],
							"pivot": [-5.43537, 34.42223, -3.43517],
							"rotation": [-66.49045, 28.81449, -155.41622],
							"uv": {
								"north": {"uv": [102.75, 56], "uv_size": [-1.75, 1.75]},
								"east": {"uv": [102.75, 29], "uv_size": [-2.75, 1.75]},
								"south": {"uv": [82.75, 101], "uv_size": [-1.75, 1.75]},
								"west": {"uv": [102.75, 27], "uv_size": [-2.75, 1.75]},
								"up": {"uv": [30.75, 46], "uv_size": [-1.75, 2.75]},
								"down": {"uv": [39.75, 75.75], "uv_size": [-1.75, -2.75]}
							}
						}
					]
				},
				{
					"name": "Mecha17",
					"parent": "Hair",
					"pivot": [3.21462, 36.74907, -0.41786],
					"rotation": [-34.04838, -65.54134, 26.19078],
					"cubes": [
						{
							"origin": [2.58011, 35.83484, -2.86645],
							"size": [2.18861, 2.18861, 2.69281],
							"pivot": [3.67441, 36.92915, -1.02004],
							"rotation": [-54.992, -11.20613, 122.99166],
							"uv": {
								"north": {"uv": [42, 87], "uv_size": [3.25, 3.25]},
								"east": {"uv": [11, 80], "uv_size": [5.25, 3.25]},
								"south": {"uv": [46, 87], "uv_size": [3.25, 3.25]},
								"west": {"uv": [80, 12], "uv_size": [5.25, 3.25]},
								"up": {"uv": [42, 58], "uv_size": [3.25, 5.25]},
								"down": {"uv": [55, 84.25], "uv_size": [3.25, -5.25]}
							}
						},
						{
							"origin": [1.03589, 36.06034, -1.72484],
							"size": [2.18861, 2.18861, 2.69281],
							"pivot": [2.1302, 37.15464, 0.12157],
							"rotation": [-54.53077, 9.41524, 94.55313],
							"uv": {
								"north": {"uv": [42, 87], "uv_size": [3.25, 3.25]},
								"east": {"uv": [11, 80], "uv_size": [5.25, 3.25]},
								"south": {"uv": [46, 87], "uv_size": [3.25, 3.25]},
								"west": {"uv": [80, 12], "uv_size": [5.25, 3.25]},
								"up": {"uv": [42, 58], "uv_size": [3.25, 5.25]},
								"down": {"uv": [55, 84.25], "uv_size": [3.25, -5.25]}
							}
						},
						{
							"origin": [4.06891, 34.84022, -3.33287],
							"size": [1.72813, 1.72813, 1.72813],
							"pivot": [4.93297, 35.70429, -2.46881],
							"rotation": [-61.9616, -24.4539, 145.34187],
							"uv": {
								"north": {"uv": [58, 97], "uv_size": [2.5, 2.5]},
								"east": {"uv": [97, 58], "uv_size": [2.5, 2.5]},
								"south": {"uv": [61, 97], "uv_size": [2.5, 2.5]},
								"west": {"uv": [97, 61], "uv_size": [2.5, 2.5]},
								"up": {"uv": [64, 97], "uv_size": [2.5, 2.5]},
								"down": {"uv": [67, 99.5], "uv_size": [2.5, -2.5]}
							}
						},
						{
							"origin": [4.83312, 33.81997, -4.34748],
							"size": [1.2045, 1.2045, 1.82461],
							"pivot": [5.43537, 34.42223, -3.43517],
							"rotation": [-66.49045, -28.81449, 155.41622],
							"uv": {
								"north": {"uv": [101, 56], "uv_size": [1.75, 1.75]},
								"east": {"uv": [100, 27], "uv_size": [2.75, 1.75]},
								"south": {"uv": [81, 101], "uv_size": [1.75, 1.75]},
								"west": {"uv": [100, 29], "uv_size": [2.75, 1.75]},
								"up": {"uv": [29, 46], "uv_size": [1.75, 2.75]},
								"down": {"uv": [38, 75.75], "uv_size": [1.75, -2.75]}
							}
						}
					]
				},
				{
					"name": "Mecha18",
					"parent": "Hair",
					"pivot": [3.21462, 36.74907, 1.58214],
					"rotation": [72.3798, -39.8652, -27.96489],
					"cubes": [
						{
							"origin": [2.58011, 35.83484, -0.86645],
							"size": [2.18861, 2.18861, 2.69281],
							"pivot": [3.67441, 36.92915, 0.97996],
							"rotation": [-54.992, -11.20613, 122.99166],
							"uv": {
								"north": {"uv": [42, 87], "uv_size": [3.25, 3.25]},
								"east": {"uv": [11, 80], "uv_size": [5.25, 3.25]},
								"south": {"uv": [46, 87], "uv_size": [3.25, 3.25]},
								"west": {"uv": [80, 12], "uv_size": [5.25, 3.25]},
								"up": {"uv": [42, 58], "uv_size": [3.25, 5.25]},
								"down": {"uv": [55, 84.25], "uv_size": [3.25, -5.25]}
							}
						},
						{
							"origin": [1.03589, 36.06034, 0.27516],
							"size": [2.18861, 2.18861, 2.69281],
							"pivot": [2.1302, 37.15464, 2.12157],
							"rotation": [-54.53077, 9.41524, 94.55313],
							"uv": {
								"north": {"uv": [42, 87], "uv_size": [3.25, 3.25]},
								"east": {"uv": [11, 80], "uv_size": [5.25, 3.25]},
								"south": {"uv": [46, 87], "uv_size": [3.25, 3.25]},
								"west": {"uv": [80, 12], "uv_size": [5.25, 3.25]},
								"up": {"uv": [42, 58], "uv_size": [3.25, 5.25]},
								"down": {"uv": [55, 84.25], "uv_size": [3.25, -5.25]}
							}
						},
						{
							"origin": [4.06891, 34.84022, -1.33287],
							"size": [1.72813, 1.72813, 1.72813],
							"pivot": [4.93297, 35.70429, -0.46881],
							"rotation": [-61.9616, -24.4539, 145.34187],
							"uv": {
								"north": {"uv": [58, 97], "uv_size": [2.5, 2.5]},
								"east": {"uv": [97, 58], "uv_size": [2.5, 2.5]},
								"south": {"uv": [61, 97], "uv_size": [2.5, 2.5]},
								"west": {"uv": [97, 61], "uv_size": [2.5, 2.5]},
								"up": {"uv": [64, 97], "uv_size": [2.5, 2.5]},
								"down": {"uv": [67, 99.5], "uv_size": [2.5, -2.5]}
							}
						},
						{
							"origin": [4.83312, 33.81997, -2.34748],
							"size": [1.2045, 1.2045, 1.82461],
							"pivot": [5.43537, 34.42223, -1.43517],
							"rotation": [-66.49045, -28.81449, 155.41622],
							"uv": {
								"north": {"uv": [101, 56], "uv_size": [1.75, 1.75]},
								"east": {"uv": [100, 27], "uv_size": [2.75, 1.75]},
								"south": {"uv": [81, 101], "uv_size": [1.75, 1.75]},
								"west": {"uv": [100, 29], "uv_size": [2.75, 1.75]},
								"up": {"uv": [29, 46], "uv_size": [1.75, 2.75]},
								"down": {"uv": [38, 75.75], "uv_size": [1.75, -2.75]}
							}
						}
					]
				},
				{
					"name": "Mecha19",
					"parent": "Hair",
					"pivot": [-3.21462, 36.74907, 1.58214],
					"rotation": [72.3798, 39.8652, 27.96489],
					"cubes": [
						{
							"origin": [-4.76872, 35.83484, -0.86645],
							"size": [2.18861, 2.18861, 2.69281],
							"pivot": [-3.67441, 36.92915, 0.97996],
							"rotation": [-54.992, 11.20613, -122.99166],
							"uv": {
								"north": {"uv": [45.25, 87], "uv_size": [-3.25, 3.25]},
								"east": {"uv": [85.25, 12], "uv_size": [-5.25, 3.25]},
								"south": {"uv": [49.25, 87], "uv_size": [-3.25, 3.25]},
								"west": {"uv": [16.25, 80], "uv_size": [-5.25, 3.25]},
								"up": {"uv": [45.25, 58], "uv_size": [-3.25, 5.25]},
								"down": {"uv": [58.25, 84.25], "uv_size": [-3.25, -5.25]}
							}
						},
						{
							"origin": [-3.2245, 36.06034, 0.27516],
							"size": [2.18861, 2.18861, 2.69281],
							"pivot": [-2.1302, 37.15464, 2.12157],
							"rotation": [-54.53077, -9.41524, -94.55313],
							"uv": {
								"north": {"uv": [45.25, 87], "uv_size": [-3.25, 3.25]},
								"east": {"uv": [85.25, 12], "uv_size": [-5.25, 3.25]},
								"south": {"uv": [49.25, 87], "uv_size": [-3.25, 3.25]},
								"west": {"uv": [16.25, 80], "uv_size": [-5.25, 3.25]},
								"up": {"uv": [45.25, 58], "uv_size": [-3.25, 5.25]},
								"down": {"uv": [58.25, 84.25], "uv_size": [-3.25, -5.25]}
							}
						},
						{
							"origin": [-5.79704, 34.84022, -1.33287],
							"size": [1.72813, 1.72813, 1.72813],
							"pivot": [-4.93297, 35.70429, -0.46881],
							"rotation": [-61.9616, 24.4539, -145.34187],
							"uv": {
								"north": {"uv": [60.5, 97], "uv_size": [-2.5, 2.5]},
								"east": {"uv": [99.5, 61], "uv_size": [-2.5, 2.5]},
								"south": {"uv": [63.5, 97], "uv_size": [-2.5, 2.5]},
								"west": {"uv": [99.5, 58], "uv_size": [-2.5, 2.5]},
								"up": {"uv": [66.5, 97], "uv_size": [-2.5, 2.5]},
								"down": {"uv": [69.5, 99.5], "uv_size": [-2.5, -2.5]}
							}
						},
						{
							"origin": [-6.03762, 33.81997, -2.34748],
							"size": [1.2045, 1.2045, 1.82461],
							"pivot": [-5.43537, 34.42223, -1.43517],
							"rotation": [-66.49045, 28.81449, -155.41622],
							"uv": {
								"north": {"uv": [102.75, 56], "uv_size": [-1.75, 1.75]},
								"east": {"uv": [102.75, 29], "uv_size": [-2.75, 1.75]},
								"south": {"uv": [82.75, 101], "uv_size": [-1.75, 1.75]},
								"west": {"uv": [102.75, 27], "uv_size": [-2.75, 1.75]},
								"up": {"uv": [30.75, 46], "uv_size": [-1.75, 2.75]},
								"down": {"uv": [39.75, 75.75], "uv_size": [-1.75, -2.75]}
							}
						}
					]
				},
				{
					"name": "Mecha20",
					"parent": "Hair",
					"pivot": [-2.21462, 33.74907, 3.58214],
					"rotation": [-81.41537, 57.64634, -90.97306],
					"cubes": [
						{
							"origin": [-4.76983, 33.10523, -0.57661],
							"size": [2.18861, 3.18861, 2.69281],
							"pivot": [-3.67552, 34.19953, 1.26979],
							"rotation": [-54.992, 11.20613, -122.99166],
							"uv": {
								"north": {"uv": [45.25, 87], "uv_size": [-3.25, 3.25]},
								"east": {"uv": [85.25, 12], "uv_size": [-5.25, 3.25]},
								"south": {"uv": [49.25, 87], "uv_size": [-3.25, 3.25]},
								"west": {"uv": [16.25, 80], "uv_size": [-5.25, 3.25]},
								"up": {"uv": [45.25, 58], "uv_size": [-3.25, 5.25]},
								"down": {"uv": [58.25, 84.25], "uv_size": [-3.25, -5.25]}
							}
						},
						{
							"origin": [-3.22561, 33.33072, 0.56499],
							"size": [2.18861, 3.18861, 2.69281],
							"pivot": [-2.1313, 34.42503, 2.4114],
							"rotation": [-54.53077, -9.41524, -94.55313],
							"uv": {
								"north": {"uv": [45.25, 87], "uv_size": [-3.25, 3.25]},
								"east": {"uv": [85.25, 12], "uv_size": [-5.25, 3.25]},
								"south": {"uv": [49.25, 87], "uv_size": [-3.25, 3.25]},
								"west": {"uv": [16.25, 80], "uv_size": [-5.25, 3.25]},
								"up": {"uv": [45.25, 58], "uv_size": [-3.25, 5.25]},
								"down": {"uv": [58.25, 84.25], "uv_size": [-3.25, -5.25]}
							}
						},
						{
							"origin": [-5.79814, 32.11061, -1.04304],
							"size": [1.72813, 2.72813, 1.72813],
							"pivot": [-4.93408, 32.97467, -0.17897],
							"rotation": [-61.9616, 24.4539, -145.34187],
							"uv": {
								"north": {"uv": [60.5, 97], "uv_size": [-2.5, 2.5]},
								"east": {"uv": [99.5, 61], "uv_size": [-2.5, 2.5]},
								"south": {"uv": [63.5, 97], "uv_size": [-2.5, 2.5]},
								"west": {"uv": [99.5, 58], "uv_size": [-2.5, 2.5]},
								"up": {"uv": [66.5, 97], "uv_size": [-2.5, 2.5]},
								"down": {"uv": [69.5, 99.5], "uv_size": [-2.5, -2.5]}
							}
						},
						{
							"origin": [-6.03873, 31.09036, -2.05764],
							"size": [1.2045, 2.2045, 1.82461],
							"pivot": [-5.43648, 31.69261, -1.14534],
							"rotation": [-66.49045, 28.81449, -155.41622],
							"uv": {
								"north": {"uv": [102.75, 56], "uv_size": [-1.75, 1.75]},
								"east": {"uv": [102.75, 29], "uv_size": [-2.75, 1.75]},
								"south": {"uv": [82.75, 101], "uv_size": [-1.75, 1.75]},
								"west": {"uv": [102.75, 27], "uv_size": [-2.75, 1.75]},
								"up": {"uv": [30.75, 46], "uv_size": [-1.75, 2.75]},
								"down": {"uv": [39.75, 75.75], "uv_size": [-1.75, -2.75]}
							}
						}
					]
				},
				{
					"name": "Mecha21",
					"parent": "Hair",
					"pivot": [2.21462, 33.74907, 3.58214],
					"rotation": [-81.41537, -57.64634, 90.97306],
					"cubes": [
						{
							"origin": [2.58122, 33.10523, -0.57661],
							"size": [2.18861, 3.18861, 2.69281],
							"pivot": [3.67552, 34.19953, 1.26979],
							"rotation": [-54.992, -11.20613, 122.99166],
							"uv": {
								"north": {"uv": [42, 87], "uv_size": [3.25, 3.25]},
								"east": {"uv": [11, 80], "uv_size": [5.25, 3.25]},
								"south": {"uv": [46, 87], "uv_size": [3.25, 3.25]},
								"west": {"uv": [80, 12], "uv_size": [5.25, 3.25]},
								"up": {"uv": [42, 58], "uv_size": [3.25, 5.25]},
								"down": {"uv": [55, 84.25], "uv_size": [3.25, -5.25]}
							}
						},
						{
							"origin": [1.037, 33.33072, 0.56499],
							"size": [2.18861, 3.18861, 2.69281],
							"pivot": [2.1313, 34.42503, 2.4114],
							"rotation": [-54.53077, 9.41524, 94.55313],
							"uv": {
								"north": {"uv": [42, 87], "uv_size": [3.25, 3.25]},
								"east": {"uv": [11, 80], "uv_size": [5.25, 3.25]},
								"south": {"uv": [46, 87], "uv_size": [3.25, 3.25]},
								"west": {"uv": [80, 12], "uv_size": [5.25, 3.25]},
								"up": {"uv": [42, 58], "uv_size": [3.25, 5.25]},
								"down": {"uv": [55, 84.25], "uv_size": [3.25, -5.25]}
							}
						},
						{
							"origin": [4.07001, 32.11061, -1.04304],
							"size": [1.72813, 2.72813, 1.72813],
							"pivot": [4.93408, 32.97467, -0.17897],
							"rotation": [-61.9616, -24.4539, 145.34187],
							"uv": {
								"north": {"uv": [58, 97], "uv_size": [2.5, 2.5]},
								"east": {"uv": [97, 58], "uv_size": [2.5, 2.5]},
								"south": {"uv": [61, 97], "uv_size": [2.5, 2.5]},
								"west": {"uv": [97, 61], "uv_size": [2.5, 2.5]},
								"up": {"uv": [64, 97], "uv_size": [2.5, 2.5]},
								"down": {"uv": [67, 99.5], "uv_size": [2.5, -2.5]}
							}
						},
						{
							"origin": [4.83423, 31.09036, -2.05764],
							"size": [1.2045, 2.2045, 1.82461],
							"pivot": [5.43648, 31.69261, -1.14534],
							"rotation": [-66.49045, -28.81449, 155.41622],
							"uv": {
								"north": {"uv": [101, 56], "uv_size": [1.75, 1.75]},
								"east": {"uv": [100, 27], "uv_size": [2.75, 1.75]},
								"south": {"uv": [81, 101], "uv_size": [1.75, 1.75]},
								"west": {"uv": [100, 29], "uv_size": [2.75, 1.75]},
								"up": {"uv": [29, 46], "uv_size": [1.75, 2.75]},
								"down": {"uv": [38, 75.75], "uv_size": [1.75, -2.75]}
							}
						}
					]
				},
				{
					"name": "Mecha22",
					"parent": "Hair",
					"pivot": [0.21462, 33.74907, 5.41786],
					"rotation": [99.07381, -23.02509, 112.41934],
					"cubes": [
						{
							"origin": [0.58122, 33.10523, 6.8838],
							"size": [2.18861, 3.18861, 2.69281],
							"pivot": [1.67552, 34.19953, 7.73021],
							"rotation": [54.992, 11.20613, 122.99166],
							"uv": {
								"north": {"uv": [49.25, 87], "uv_size": [-3.25, 3.25]},
								"east": {"uv": [16.25, 80], "uv_size": [-5.25, 3.25]},
								"south": {"uv": [45.25, 87], "uv_size": [-3.25, 3.25]},
								"west": {"uv": [85.25, 12], "uv_size": [-5.25, 3.25]},
								"up": {"uv": [42, 63.25], "uv_size": [3.25, -5.25]},
								"down": {"uv": [55, 79], "uv_size": [3.25, 5.25]}
							}
						},
						{
							"origin": [-0.963, 33.33072, 5.74219],
							"size": [2.18861, 3.18861, 2.69281],
							"pivot": [0.1313, 34.42503, 6.5886],
							"rotation": [54.53077, -9.41524, 94.55313],
							"uv": {
								"north": {"uv": [49.25, 87], "uv_size": [-3.25, 3.25]},
								"east": {"uv": [16.25, 80], "uv_size": [-5.25, 3.25]},
								"south": {"uv": [45.25, 87], "uv_size": [-3.25, 3.25]},
								"west": {"uv": [85.25, 12], "uv_size": [-5.25, 3.25]},
								"up": {"uv": [42, 63.25], "uv_size": [3.25, -5.25]},
								"down": {"uv": [55, 79], "uv_size": [3.25, 5.25]}
							}
						},
						{
							"origin": [2.07001, 32.11061, 8.31491],
							"size": [1.72813, 2.72813, 1.72813],
							"pivot": [2.93408, 32.97467, 9.17897],
							"rotation": [61.9616, 24.4539, 145.34187],
							"uv": {
								"north": {"uv": [63.5, 97], "uv_size": [-2.5, 2.5]},
								"east": {"uv": [99.5, 58], "uv_size": [-2.5, 2.5]},
								"south": {"uv": [60.5, 97], "uv_size": [-2.5, 2.5]},
								"west": {"uv": [99.5, 61], "uv_size": [-2.5, 2.5]},
								"up": {"uv": [64, 99.5], "uv_size": [2.5, -2.5]},
								"down": {"uv": [67, 97], "uv_size": [2.5, 2.5]}
							}
						},
						{
							"origin": [2.83423, 31.09036, 9.23303],
							"size": [1.2045, 2.2045, 1.82461],
							"pivot": [3.43648, 31.69261, 10.14534],
							"rotation": [66.49045, 28.81449, 155.41622],
							"uv": {
								"north": {"uv": [82.75, 101], "uv_size": [-1.75, 1.75]},
								"east": {"uv": [102.75, 27], "uv_size": [-2.75, 1.75]},
								"south": {"uv": [102.75, 56], "uv_size": [-1.75, 1.75]},
								"west": {"uv": [102.75, 29], "uv_size": [-2.75, 1.75]},
								"up": {"uv": [29, 48.75], "uv_size": [1.75, -2.75]},
								"down": {"uv": [38, 73], "uv_size": [1.75, 2.75]}
							}
						}
					]
				},
				{
					"name": "Mecha23",
					"parent": "Hair",
					"pivot": [-0.21462, 33.74907, 5.41786],
					"rotation": [99.07381, 23.02509, -112.41934],
					"cubes": [
						{
							"origin": [-2.76983, 33.10523, 6.8838],
							"size": [2.18861, 3.18861, 2.69281],
							"pivot": [-1.67552, 34.19953, 7.73021],
							"rotation": [54.992, -11.20613, -122.99166],
							"uv": {
								"north": {"uv": [46, 87], "uv_size": [3.25, 3.25]},
								"east": {"uv": [80, 12], "uv_size": [5.25, 3.25]},
								"south": {"uv": [42, 87], "uv_size": [3.25, 3.25]},
								"west": {"uv": [11, 80], "uv_size": [5.25, 3.25]},
								"up": {"uv": [45.25, 63.25], "uv_size": [-3.25, -5.25]},
								"down": {"uv": [58.25, 79], "uv_size": [-3.25, 5.25]}
							}
						},
						{
							"origin": [-1.22561, 33.33072, 5.74219],
							"size": [2.18861, 3.18861, 2.69281],
							"pivot": [-0.1313, 34.42503, 6.5886],
							"rotation": [54.53077, 9.41524, -94.55313],
							"uv": {
								"north": {"uv": [46, 87], "uv_size": [3.25, 3.25]},
								"east": {"uv": [80, 12], "uv_size": [5.25, 3.25]},
								"south": {"uv": [42, 87], "uv_size": [3.25, 3.25]},
								"west": {"uv": [11, 80], "uv_size": [5.25, 3.25]},
								"up": {"uv": [45.25, 63.25], "uv_size": [-3.25, -5.25]},
								"down": {"uv": [58.25, 79], "uv_size": [-3.25, 5.25]}
							}
						},
						{
							"origin": [-3.79814, 32.11061, 8.31491],
							"size": [1.72813, 2.72813, 1.72813],
							"pivot": [-2.93408, 32.97467, 9.17897],
							"rotation": [61.9616, -24.4539, -145.34187],
							"uv": {
								"north": {"uv": [61, 97], "uv_size": [2.5, 2.5]},
								"east": {"uv": [97, 61], "uv_size": [2.5, 2.5]},
								"south": {"uv": [58, 97], "uv_size": [2.5, 2.5]},
								"west": {"uv": [97, 58], "uv_size": [2.5, 2.5]},
								"up": {"uv": [66.5, 99.5], "uv_size": [-2.5, -2.5]},
								"down": {"uv": [69.5, 97], "uv_size": [-2.5, 2.5]}
							}
						},
						{
							"origin": [-4.03873, 31.09036, 9.23303],
							"size": [1.2045, 2.2045, 1.82461],
							"pivot": [-3.43648, 31.69261, 10.14534],
							"rotation": [66.49045, -28.81449, -155.41622],
							"uv": {
								"north": {"uv": [81, 101], "uv_size": [1.75, 1.75]},
								"east": {"uv": [100, 29], "uv_size": [2.75, 1.75]},
								"south": {"uv": [101, 56], "uv_size": [1.75, 1.75]},
								"west": {"uv": [100, 27], "uv_size": [2.75, 1.75]},
								"up": {"uv": [30.75, 48.75], "uv_size": [-1.75, -2.75]},
								"down": {"uv": [39.75, 73], "uv_size": [-1.75, 2.75]}
							}
						}
					]
				},
				{
					"name": "Mecha24",
					"parent": "Hair",
					"pivot": [-2.21462, 37.25093, 5.41786],
					"rotation": [-99.07381, 23.02509, 112.41934],
					"cubes": [
						{
							"origin": [-4.76983, 34.70616, 6.8838],
							"size": [2.18861, 3.18861, 2.69281],
							"pivot": [-3.67552, 36.80047, 7.73021],
							"rotation": [-54.992, -11.20613, 122.99166],
							"uv": {
								"north": {"uv": [46, 90.25], "uv_size": [3.25, -3.25]},
								"east": {"uv": [80, 15.25], "uv_size": [5.25, -3.25]},
								"south": {"uv": [42, 90.25], "uv_size": [3.25, -3.25]},
								"west": {"uv": [11, 83.25], "uv_size": [5.25, -3.25]},
								"up": {"uv": [58.25, 84.25], "uv_size": [-3.25, -5.25]},
								"down": {"uv": [45.25, 58], "uv_size": [-3.25, 5.25]}
							}
						},
						{
							"origin": [-3.22561, 34.48066, 5.74219],
							"size": [2.18861, 3.18861, 2.69281],
							"pivot": [-2.1313, 36.57497, 6.5886],
							"rotation": [-54.53077, 9.41524, 94.55313],
							"uv": {
								"north": {"uv": [46, 90.25], "uv_size": [3.25, -3.25]},
								"east": {"uv": [80, 15.25], "uv_size": [5.25, -3.25]},
								"south": {"uv": [42, 90.25], "uv_size": [3.25, -3.25]},
								"west": {"uv": [11, 83.25], "uv_size": [5.25, -3.25]},
								"up": {"uv": [58.25, 84.25], "uv_size": [-3.25, -5.25]},
								"down": {"uv": [45.25, 58], "uv_size": [-3.25, 5.25]}
							}
						},
						{
							"origin": [-5.79814, 36.16126, 8.31491],
							"size": [1.72813, 2.72813, 1.72813],
							"pivot": [-4.93408, 38.02533, 9.17897],
							"rotation": [-61.9616, -24.4539, 145.34187],
							"uv": {
								"north": {"uv": [61, 99.5], "uv_size": [2.5, -2.5]},
								"east": {"uv": [97, 63.5], "uv_size": [2.5, -2.5]},
								"south": {"uv": [58, 99.5], "uv_size": [2.5, -2.5]},
								"west": {"uv": [97, 60.5], "uv_size": [2.5, -2.5]},
								"up": {"uv": [69.5, 99.5], "uv_size": [-2.5, -2.5]},
								"down": {"uv": [66.5, 97], "uv_size": [-2.5, 2.5]}
							}
						},
						{
							"origin": [-6.03873, 37.70514, 9.23303],
							"size": [1.2045, 2.2045, 1.82461],
							"pivot": [-5.43648, 39.30739, 10.14534],
							"rotation": [-66.49045, -28.81449, 155.41622],
							"uv": {
								"north": {"uv": [81, 102.75], "uv_size": [1.75, -1.75]},
								"east": {"uv": [100, 30.75], "uv_size": [2.75, -1.75]},
								"south": {"uv": [101, 57.75], "uv_size": [1.75, -1.75]},
								"west": {"uv": [100, 28.75], "uv_size": [2.75, -1.75]},
								"up": {"uv": [39.75, 75.75], "uv_size": [-1.75, -2.75]},
								"down": {"uv": [30.75, 46], "uv_size": [-1.75, 2.75]}
							}
						}
					]
				},
				{
					"name": "Mecha25",
					"parent": "Hair",
					"pivot": [2.21462, 37.25093, 5.41786],
					"rotation": [-99.07381, -23.02509, -112.41934],
					"cubes": [
						{
							"origin": [2.58122, 34.70616, 6.8838],
							"size": [2.18861, 3.18861, 2.69281],
							"pivot": [3.67552, 36.80047, 7.73021],
							"rotation": [-54.992, 11.20613, -122.99166],
							"uv": {
								"north": {"uv": [49.25, 90.25], "uv_size": [-3.25, -3.25]},
								"east": {"uv": [16.25, 83.25], "uv_size": [-5.25, -3.25]},
								"south": {"uv": [45.25, 90.25], "uv_size": [-3.25, -3.25]},
								"west": {"uv": [85.25, 15.25], "uv_size": [-5.25, -3.25]},
								"up": {"uv": [55, 84.25], "uv_size": [3.25, -5.25]},
								"down": {"uv": [42, 58], "uv_size": [3.25, 5.25]}
							}
						},
						{
							"origin": [1.037, 34.48066, 5.74219],
							"size": [2.18861, 3.18861, 2.69281],
							"pivot": [2.1313, 36.57497, 6.5886],
							"rotation": [-54.53077, -9.41524, -94.55313],
							"uv": {
								"north": {"uv": [49.25, 90.25], "uv_size": [-3.25, -3.25]},
								"east": {"uv": [16.25, 83.25], "uv_size": [-5.25, -3.25]},
								"south": {"uv": [45.25, 90.25], "uv_size": [-3.25, -3.25]},
								"west": {"uv": [85.25, 15.25], "uv_size": [-5.25, -3.25]},
								"up": {"uv": [55, 84.25], "uv_size": [3.25, -5.25]},
								"down": {"uv": [42, 58], "uv_size": [3.25, 5.25]}
							}
						},
						{
							"origin": [4.07001, 36.16126, 8.31491],
							"size": [1.72813, 2.72813, 1.72813],
							"pivot": [4.93408, 38.02533, 9.17897],
							"rotation": [-61.9616, 24.4539, -145.34187],
							"uv": {
								"north": {"uv": [63.5, 99.5], "uv_size": [-2.5, -2.5]},
								"east": {"uv": [99.5, 60.5], "uv_size": [-2.5, -2.5]},
								"south": {"uv": [60.5, 99.5], "uv_size": [-2.5, -2.5]},
								"west": {"uv": [99.5, 63.5], "uv_size": [-2.5, -2.5]},
								"up": {"uv": [67, 99.5], "uv_size": [2.5, -2.5]},
								"down": {"uv": [64, 97], "uv_size": [2.5, 2.5]}
							}
						},
						{
							"origin": [4.83423, 37.70514, 9.23303],
							"size": [1.2045, 2.2045, 1.82461],
							"pivot": [5.43648, 39.30739, 10.14534],
							"rotation": [-66.49045, 28.81449, -155.41622],
							"uv": {
								"north": {"uv": [82.75, 102.75], "uv_size": [-1.75, -1.75]},
								"east": {"uv": [102.75, 28.75], "uv_size": [-2.75, -1.75]},
								"south": {"uv": [102.75, 57.75], "uv_size": [-1.75, -1.75]},
								"west": {"uv": [102.75, 30.75], "uv_size": [-2.75, -1.75]},
								"up": {"uv": [38, 75.75], "uv_size": [1.75, -2.75]},
								"down": {"uv": [29, 46], "uv_size": [1.75, 2.75]}
							}
						}
					]
				},
				{
					"name": "Mecha26",
					"parent": "Hair",
					"pivot": [-0.78538, 39.25093, 5.41786],
					"rotation": [-51.57381, -23.02509, -112.41934],
					"cubes": [
						{
							"origin": [-0.41878, 36.70616, 6.8838],
							"size": [2.18861, 3.18861, 2.69281],
							"pivot": [0.67552, 38.80047, 7.73021],
							"rotation": [-54.992, 11.20613, -122.99166],
							"uv": {
								"north": {"uv": [49.25, 90.25], "uv_size": [-3.25, -3.25]},
								"east": {"uv": [16.25, 83.25], "uv_size": [-5.25, -3.25]},
								"south": {"uv": [45.25, 90.25], "uv_size": [-3.25, -3.25]},
								"west": {"uv": [85.25, 15.25], "uv_size": [-5.25, -3.25]},
								"up": {"uv": [55, 84.25], "uv_size": [3.25, -5.25]},
								"down": {"uv": [42, 58], "uv_size": [3.25, 5.25]}
							}
						},
						{
							"origin": [-1.963, 36.48066, 5.74219],
							"size": [2.18861, 3.18861, 2.69281],
							"pivot": [-0.8687, 38.57497, 6.5886],
							"rotation": [-54.53077, -9.41524, -94.55313],
							"uv": {
								"north": {"uv": [49.25, 90.25], "uv_size": [-3.25, -3.25]},
								"east": {"uv": [16.25, 83.25], "uv_size": [-5.25, -3.25]},
								"south": {"uv": [45.25, 90.25], "uv_size": [-3.25, -3.25]},
								"west": {"uv": [85.25, 15.25], "uv_size": [-5.25, -3.25]},
								"up": {"uv": [55, 84.25], "uv_size": [3.25, -5.25]},
								"down": {"uv": [42, 58], "uv_size": [3.25, 5.25]}
							}
						},
						{
							"origin": [1.07001, 38.16126, 8.31491],
							"size": [1.72813, 2.72813, 1.72813],
							"pivot": [1.93408, 40.02533, 9.17897],
							"rotation": [-61.9616, 24.4539, -145.34187],
							"uv": {
								"north": {"uv": [63.5, 99.5], "uv_size": [-2.5, -2.5]},
								"east": {"uv": [99.5, 60.5], "uv_size": [-2.5, -2.5]},
								"south": {"uv": [60.5, 99.5], "uv_size": [-2.5, -2.5]},
								"west": {"uv": [99.5, 63.5], "uv_size": [-2.5, -2.5]},
								"up": {"uv": [67, 99.5], "uv_size": [2.5, -2.5]},
								"down": {"uv": [64, 97], "uv_size": [2.5, 2.5]}
							}
						},
						{
							"origin": [1.83423, 39.70514, 9.23303],
							"size": [1.2045, 2.2045, 1.82461],
							"pivot": [2.43648, 41.30739, 10.14534],
							"rotation": [-66.49045, 28.81449, -155.41622],
							"uv": {
								"north": {"uv": [82.75, 102.75], "uv_size": [-1.75, -1.75]},
								"east": {"uv": [102.75, 28.75], "uv_size": [-2.75, -1.75]},
								"south": {"uv": [102.75, 57.75], "uv_size": [-1.75, -1.75]},
								"west": {"uv": [102.75, 30.75], "uv_size": [-2.75, -1.75]},
								"up": {"uv": [38, 75.75], "uv_size": [1.75, -2.75]},
								"down": {"uv": [29, 46], "uv_size": [1.75, 2.75]}
							}
						}
					]
				},
				{
					"name": "Mecha14",
					"parent": "Hair",
					"pivot": [-3.21462, 38.74907, -2.41786],
					"rotation": [37.74421, 4.26602, 17.01071],
					"cubes": [
						{
							"origin": [-4.76872, 37.83484, -4.86645],
							"size": [2.18861, 2.18861, 2.69281],
							"pivot": [-3.67441, 38.92915, -3.02004],
							"rotation": [-54.992, 11.20613, -122.99166],
							"uv": {
								"north": {"uv": [45.25, 87], "uv_size": [-3.25, 3.25]},
								"east": {"uv": [85.25, 12], "uv_size": [-5.25, 3.25]},
								"south": {"uv": [49.25, 87], "uv_size": [-3.25, 3.25]},
								"west": {"uv": [16.25, 80], "uv_size": [-5.25, 3.25]},
								"up": {"uv": [45.25, 58], "uv_size": [-3.25, 5.25]},
								"down": {"uv": [58.25, 84.25], "uv_size": [-3.25, -5.25]}
							}
						},
						{
							"origin": [-3.2245, 38.06034, -3.72484],
							"size": [2.18861, 2.18861, 2.69281],
							"pivot": [-2.1302, 39.15464, -1.87843],
							"rotation": [-54.53077, -9.41524, -94.55313],
							"uv": {
								"north": {"uv": [45.25, 87], "uv_size": [-3.25, 3.25]},
								"east": {"uv": [85.25, 12], "uv_size": [-5.25, 3.25]},
								"south": {"uv": [49.25, 87], "uv_size": [-3.25, 3.25]},
								"west": {"uv": [16.25, 80], "uv_size": [-5.25, 3.25]},
								"up": {"uv": [45.25, 58], "uv_size": [-3.25, 5.25]},
								"down": {"uv": [58.25, 84.25], "uv_size": [-3.25, -5.25]}
							}
						},
						{
							"origin": [-5.79704, 36.84022, -5.33287],
							"size": [1.72813, 1.72813, 1.72813],
							"pivot": [-4.93297, 37.70429, -4.46881],
							"rotation": [-61.9616, 24.4539, -145.34187],
							"uv": {
								"north": {"uv": [60.5, 97], "uv_size": [-2.5, 2.5]},
								"east": {"uv": [99.5, 61], "uv_size": [-2.5, 2.5]},
								"south": {"uv": [63.5, 97], "uv_size": [-2.5, 2.5]},
								"west": {"uv": [99.5, 58], "uv_size": [-2.5, 2.5]},
								"up": {"uv": [66.5, 97], "uv_size": [-2.5, 2.5]},
								"down": {"uv": [69.5, 99.5], "uv_size": [-2.5, -2.5]}
							}
						},
						{
							"origin": [-6.03762, 35.81997, -6.34748],
							"size": [1.2045, 1.2045, 1.82461],
							"pivot": [-5.43537, 36.42223, -5.43517],
							"rotation": [-66.49045, 28.81449, -155.41622],
							"uv": {
								"north": {"uv": [102.75, 56], "uv_size": [-1.75, 1.75]},
								"east": {"uv": [102.75, 29], "uv_size": [-2.75, 1.75]},
								"south": {"uv": [82.75, 101], "uv_size": [-1.75, 1.75]},
								"west": {"uv": [102.75, 27], "uv_size": [-2.75, 1.75]},
								"up": {"uv": [30.75, 46], "uv_size": [-1.75, 2.75]},
								"down": {"uv": [39.75, 75.75], "uv_size": [-1.75, -2.75]}
							}
						}
					]
				},
				{
					"name": "Mecha5",
					"parent": "Hair",
					"pivot": [0.6908, 38.80847, -2.48795],
					"rotation": [-2.54236, -7.71345, 15.30559],
					"cubes": [
						{
							"origin": [-4.08267, 37.63298, -5.51203],
							"size": [3.18861, 2.18861, 2.69281],
							"pivot": [-1.98837, 38.72728, -3.66562],
							"rotation": [-54.992, 11.20613, -122.99166],
							"uv": {
								"north": {"uv": [45.25, 87], "uv_size": [-3.25, 3.25]},
								"east": {"uv": [85.25, 12], "uv_size": [-5.25, 3.25]},
								"south": {"uv": [49.25, 87], "uv_size": [-3.25, 3.25]},
								"west": {"uv": [16.25, 80], "uv_size": [-5.25, 3.25]},
								"up": {"uv": [45.25, 58], "uv_size": [-3.25, 5.25]},
								"down": {"uv": [58.25, 84.25], "uv_size": [-3.25, -5.25]}
							}
						},
						{
							"origin": [-2.53846, 37.85847, -4.37042],
							"size": [3.18861, 2.18861, 2.69281],
							"pivot": [-0.44415, 38.95278, -2.52401],
							"rotation": [-54.53077, -9.41524, -94.55313],
							"uv": {
								"north": {"uv": [45.25, 87], "uv_size": [-3.25, 3.25]},
								"east": {"uv": [85.25, 12], "uv_size": [-5.25, 3.25]},
								"south": {"uv": [49.25, 87], "uv_size": [-3.25, 3.25]},
								"west": {"uv": [16.25, 80], "uv_size": [-5.25, 3.25]},
								"up": {"uv": [45.25, 58], "uv_size": [-3.25, 5.25]},
								"down": {"uv": [58.25, 84.25], "uv_size": [-3.25, -5.25]}
							}
						},
						{
							"origin": [-3.95269, 36.704, -5.85195],
							"size": [1.72813, 1.72813, 1.72813],
							"pivot": [-3.08862, 37.56806, -4.98789],
							"rotation": [-66.49045, 28.81449, -155.41622],
							"uv": {
								"north": {"uv": [60.5, 97], "uv_size": [-2.5, 2.5]},
								"east": {"uv": [99.5, 61], "uv_size": [-2.5, 2.5]},
								"south": {"uv": [63.5, 97], "uv_size": [-2.5, 2.5]},
								"west": {"uv": [99.5, 58], "uv_size": [-2.5, 2.5]},
								"up": {"uv": [66.5, 97], "uv_size": [-2.5, 2.5]},
								"down": {"uv": [69.5, 99.5], "uv_size": [-2.5, -2.5]}
							}
						},
						{
							"origin": [-4.87538, 35.59898, -6.66076],
							"size": [2.2045, 1.2045, 1.82461],
							"pivot": [-3.27313, 36.20123, -5.74845],
							"rotation": [-76.80313, 34.3862, -174.93621],
							"uv": {
								"north": {"uv": [102.75, 56], "uv_size": [-1.75, 1.75]},
								"east": {"uv": [102.75, 29], "uv_size": [-2.75, 1.75]},
								"south": {"uv": [82.75, 101], "uv_size": [-1.75, 1.75]},
								"west": {"uv": [102.75, 27], "uv_size": [-2.75, 1.75]},
								"up": {"uv": [30.75, 46], "uv_size": [-1.75, 2.75]},
								"down": {"uv": [39.75, 75.75], "uv_size": [-1.75, -2.75]}
							}
						}
					]
				},
				{
					"name": "Mecha4",
					"parent": "Hair",
					"pivot": [-1.31612, 39.92312, -2.82198],
					"rotation": [-7.05142, 8.84468, -10.53645],
					"cubes": [
						{
							"origin": [-4.39836, 39.75363, -5.35774],
							"size": [3.18861, 2.18861, 3.69281],
							"pivot": [-2.30406, 40.84793, -3.51134],
							"rotation": [54.992, 11.20613, 122.99166],
							"uv": {
								"north": {"uv": [45.25, 90.25], "uv_size": [-3.25, -3.25]},
								"east": {"uv": [85.25, 15.25], "uv_size": [-5.25, -3.25]},
								"south": {"uv": [49.25, 90.25], "uv_size": [-3.25, -3.25]},
								"west": {"uv": [16.25, 83.25], "uv_size": [-5.25, -3.25]},
								"up": {"uv": [58.25, 79], "uv_size": [-3.25, 5.25]},
								"down": {"uv": [45.25, 63.25], "uv_size": [-3.25, -5.25]}
							}
						},
						{
							"origin": [-4.26838, 41.14308, -5.69767],
							"size": [1.72813, 1.72813, 1.72813],
							"pivot": [-3.40431, 42.00715, -4.8336],
							"rotation": [66.49045, 28.81449, 155.41622],
							"uv": {
								"north": {"uv": [60.5, 99.5], "uv_size": [-2.5, -2.5]},
								"east": {"uv": [99.5, 63.5], "uv_size": [-2.5, -2.5]},
								"south": {"uv": [63.5, 99.5], "uv_size": [-2.5, -2.5]},
								"west": {"uv": [99.5, 60.5], "uv_size": [-2.5, -2.5]},
								"up": {"uv": [69.5, 97], "uv_size": [-2.5, 2.5]},
								"down": {"uv": [66.5, 99.5], "uv_size": [-2.5, -2.5]}
							}
						},
						{
							"origin": [-5.19107, 42.77173, -6.50647],
							"size": [2.2045, 1.2045, 1.82461],
							"pivot": [-3.58882, 43.37398, -5.59417],
							"rotation": [76.80313, 34.3862, 174.93621],
							"uv": {
								"north": {"uv": [102.75, 57.75], "uv_size": [-1.75, -1.75]},
								"east": {"uv": [102.75, 30.75], "uv_size": [-2.75, -1.75]},
								"south": {"uv": [82.75, 102.75], "uv_size": [-1.75, -1.75]},
								"west": {"uv": [102.75, 28.75], "uv_size": [-2.75, -1.75]},
								"up": {"uv": [39.75, 73], "uv_size": [-1.75, 2.75]},
								"down": {"uv": [30.75, 48.75], "uv_size": [-1.75, -2.75]}
							}
						}
					]
				},
				{
					"name": "Mecha10",
					"parent": "Hair",
					"pivot": [-1.31612, 42.92312, -1.82198],
					"rotation": [-77.77686, -7.06201, 36.6012],
					"cubes": [
						{
							"origin": [-4.39836, 41.75363, -4.35774],
							"size": [3.18861, 3.18861, 5.69281],
							"pivot": [-2.30406, 43.84793, -2.51134],
							"rotation": [54.992, 11.20613, 122.99166],
							"uv": {
								"north": {"uv": [45.25, 90.25], "uv_size": [-3.25, -3.25]},
								"east": {"uv": [85.25, 15.25], "uv_size": [-5.25, -3.25]},
								"south": {"uv": [49.25, 90.25], "uv_size": [-3.25, -3.25]},
								"west": {"uv": [16.25, 83.25], "uv_size": [-5.25, -3.25]},
								"up": {"uv": [58.25, 79], "uv_size": [-3.25, 5.25]},
								"down": {"uv": [45.25, 63.25], "uv_size": [-3.25, -5.25]}
							}
						},
						{
							"origin": [-4.26838, 43.14308, -4.69767],
							"size": [1.72813, 2.72813, 1.72813],
							"pivot": [-3.40431, 45.00715, -3.8336],
							"rotation": [66.49045, 28.81449, 155.41622],
							"uv": {
								"north": {"uv": [60.5, 99.5], "uv_size": [-2.5, -2.5]},
								"east": {"uv": [99.5, 63.5], "uv_size": [-2.5, -2.5]},
								"south": {"uv": [63.5, 99.5], "uv_size": [-2.5, -2.5]},
								"west": {"uv": [99.5, 60.5], "uv_size": [-2.5, -2.5]},
								"up": {"uv": [69.5, 97], "uv_size": [-2.5, 2.5]},
								"down": {"uv": [66.5, 99.5], "uv_size": [-2.5, -2.5]}
							}
						},
						{
							"origin": [-5.19107, 44.77173, -5.50647],
							"size": [2.2045, 2.2045, 1.82461],
							"pivot": [-3.58882, 46.37398, -4.59417],
							"rotation": [76.80313, 34.3862, 174.93621],
							"uv": {
								"north": {"uv": [102.75, 57.75], "uv_size": [-1.75, -1.75]},
								"east": {"uv": [102.75, 30.75], "uv_size": [-2.75, -1.75]},
								"south": {"uv": [82.75, 102.75], "uv_size": [-1.75, -1.75]},
								"west": {"uv": [102.75, 28.75], "uv_size": [-2.75, -1.75]},
								"up": {"uv": [39.75, 73], "uv_size": [-1.75, 2.75]},
								"down": {"uv": [30.75, 48.75], "uv_size": [-1.75, -2.75]}
							}
						}
					]
				}
			]
		}
	]
}