{
	"format_version": "1.12.0",
	"minecraft:geometry": [
		{
			"description": {
				"identifier": "geometry.gohantssj2",
				"texture_width": 128,
				"texture_height": 128,
				"visible_bounds_width": 3,
				"visible_bounds_height": 3.5,
				"visible_bounds_offset": [0, 1.25, 0]
			},
			"bones": [
				{
					"name": "Tudo",
					"pivot": [0, 12, 0]
				},
				{
					"name": "Corpo",
					"parent": "Tudo",
					"pivot": [0, 22.32, 0],
					"cubes": [
						{
							"origin": [-3.72, 11.16, -1.86],
							"size": [7.44, 11.16, 3.72],
							"uv": {
								"north": {"uv": [0, 0], "uv_size": [7.5, 11.25]},
								"east": {"uv": [0, 26], "uv_size": [3.75, 11.25]},
								"south": {"uv": [8, 0], "uv_size": [7.5, 11.25]},
								"west": {"uv": [4, 26], "uv_size": [3.75, 11.25]},
								"up": {"uv": [40, 32], "uv_size": [7.5, 3.75]},
								"down": {"uv": [40, 39.75], "uv_size": [7.5, -3.75]}
							}
						}
					],
					"locators": {
						"aura": [0, 19, 0]
					}
				},
				{
					"name": "Roupa",
					"parent": "Corpo",
					"pivot": [0, 19.065, 0],
					"cubes": [
						{
							"origin": [-4.0176, 16.5168, -2.0088],
							"size": [8.0352, 6.0264, 4.0176],
							"uv": {
								"north": {"uv": [21, 14], "uv_size": [8, 6]},
								"east": {"uv": [40, 45], "uv_size": [4, 6]},
								"south": {"uv": [21, 20], "uv_size": [8, 6]},
								"west": {"uv": [45, 40], "uv_size": [4, 6]},
								"up": {"uv": [40, 24], "uv_size": [8, 4]},
								"down": {"uv": [40, 32], "uv_size": [8, -4]}
							}
						}
					]
				},
				{
					"name": "rightBraco",
					"parent": "Corpo",
					"pivot": [-4.65, 20.46, 0],
					"cubes": [
						{
							"origin": [-7.44, 11.16, -1.86],
							"size": [3.72, 11.16, 3.72],
							"uv": {
								"north": {"uv": [8, 26], "uv_size": [3.75, 11.25]},
								"east": {"uv": [12, 26], "uv_size": [3.75, 11.25]},
								"south": {"uv": [16, 26], "uv_size": [3.75, 11.25]},
								"west": {"uv": [20, 26], "uv_size": [3.75, 11.25]},
								"up": {"uv": [49, 43], "uv_size": [3.75, 3.75]},
								"down": {"uv": [49, 50.75], "uv_size": [3.75, -3.75]}
							}
						}
					],
					"locators": {
						"kame": [-5, 10, 0]
					}
				},
				{
					"name": "leftBiceps",
					"parent": "rightBraco",
					"pivot": [-5.115, 17.67, -0.465],
					"cubes": [
						{
							"origin": [-6.6216, 15.6984, -1.9716],
							"size": [3.0132, 3.9432, 3.0132],
							"uv": {
								"north": {"uv": [35, 52], "uv_size": [3, 4]},
								"east": {"uv": [20, 53], "uv_size": [3, 4]},
								"south": {"uv": [53, 21], "uv_size": [3, 4]},
								"west": {"uv": [23, 53], "uv_size": [3, 4]},
								"up": {"uv": [55, 12], "uv_size": [3, 3]},
								"down": {"uv": [55, 18], "uv_size": [3, -3]}
							}
						}
					]
				},
				{
					"name": "leftBraco",
					"parent": "Corpo",
					"pivot": [4.65, 20.46, 0],
					"cubes": [
						{
							"origin": [3.72, 11.16, -1.86],
							"size": [3.72, 11.16, 3.72],
							"uv": {
								"north": {"uv": [24, 26], "uv_size": [3.75, 11.25]},
								"east": {"uv": [28, 0], "uv_size": [3.75, 11.25]},
								"south": {"uv": [28, 26], "uv_size": [3.75, 11.25]},
								"west": {"uv": [29, 12], "uv_size": [3.75, 11.25]},
								"up": {"uv": [51, 10], "uv_size": [3.75, 3.75]},
								"down": {"uv": [51, 17.75], "uv_size": [3.75, -3.75]}
							}
						}
					],
					"locators": {
						"kame2": [5, 10, 0]
					}
				},
				{
					"name": "rightBiceps",
					"parent": "leftBraco",
					"pivot": [5.115, 17.67, -0.465],
					"cubes": [
						{
							"origin": [3.6084, 15.6984, -1.9716],
							"size": [3.0132, 3.9432, 3.0132],
							"uv": {
								"north": {"uv": [53, 25], "uv_size": [3, 4]},
								"east": {"uv": [26, 53], "uv_size": [3, 4]},
								"south": {"uv": [29, 53], "uv_size": [3, 4]},
								"west": {"uv": [32, 53], "uv_size": [3, 4]},
								"up": {"uv": [38, 55], "uv_size": [3, 3]},
								"down": {"uv": [41, 58], "uv_size": [3, -3]}
							}
						}
					]
				},
				{
					"name": "rightPerna",
					"parent": "Corpo",
					"pivot": [-1.767, 11.16, 0],
					"cubes": [
						{
							"origin": [-3.627, 0, -1.86],
							"size": [3.72, 11.16, 3.72],
							"uv": {
								"north": {"uv": [32, 0], "uv_size": [3.75, 11.25]},
								"east": {"uv": [32, 24], "uv_size": [3.75, 11.25]},
								"south": {"uv": [33, 12], "uv_size": [3.75, 11.25]},
								"west": {"uv": [36, 0], "uv_size": [3.75, 11.25]},
								"up": {"uv": [39, 51], "uv_size": [3.75, 3.75]},
								"down": {"uv": [43, 54.75], "uv_size": [3.75, -3.75]}
							}
						},
						{
							"origin": [-4.28358, 2.12226, -2.51658],
							"size": [5.03316, 2.82348, 5.03316],
							"uv": {
								"north": {"uv": [52, 0], "uv_size": [5, 2.75]},
								"east": {"uv": [52, 3], "uv_size": [5, 2.75]},
								"south": {"uv": [52, 6], "uv_size": [5, 2.75]},
								"west": {"uv": [0, 53], "uv_size": [5, 2.75]},
								"up": {"uv": [16, 7], "uv_size": [5, 5]},
								"down": {"uv": [23, 5], "uv_size": [5, -5]}
							}
						},
						{
							"origin": [-4.08225, 4.25888, -2.31525],
							"size": [4.63051, 4.16, 4.63051],
							"uv": {
								"north": {"uv": [47, 5], "uv_size": [4.75, 4.25]},
								"east": {"uv": [10, 48], "uv_size": [4.75, 4.25]},
								"south": {"uv": [15, 48], "uv_size": [4.75, 4.25]},
								"west": {"uv": [20, 48], "uv_size": [4.75, 4.25]},
								"up": {"uv": [46, 10], "uv_size": [4.75, 4.75]},
								"down": {"uv": [46, 19.75], "uv_size": [4.75, -4.75]}
							}
						},
						{
							"origin": [-3.72, -0.093, -1.9716],
							"size": [3.9432, 2.418, 3.9432],
							"uv": {
								"north": {"uv": [53, 39], "uv_size": [4, 2.5]},
								"east": {"uv": [53, 42], "uv_size": [4, 2.5]},
								"south": {"uv": [53, 45], "uv_size": [4, 2.5]},
								"west": {"uv": [53, 48], "uv_size": [4, 2.5]},
								"up": {"uv": [35, 48], "uv_size": [4, 4]},
								"down": {"uv": [0, 53], "uv_size": [4, -4]}
							}
						}
					]
				},
				{
					"name": "leftPerna",
					"parent": "Corpo",
					"pivot": [1.767, 11.16, 0],
					"cubes": [
						{
							"origin": [-0.093, 0, -1.86],
							"size": [3.72, 11.16, 3.72],
							"uv": {
								"north": {"uv": [36, 24], "uv_size": [3.75, 11.25]},
								"east": {"uv": [32, 36], "uv_size": [3.75, 11.25]},
								"south": {"uv": [36, 36], "uv_size": [3.75, 11.25]},
								"west": {"uv": [37, 12], "uv_size": [3.75, 11.25]},
								"up": {"uv": [47, 51], "uv_size": [3.75, 3.75]},
								"down": {"uv": [51, 54.75], "uv_size": [3.75, -3.75]}
							}
						},
						{
							"origin": [-0.74958, 2.12226, -2.51658],
							"size": [5.03316, 2.82348, 5.03316],
							"uv": {
								"north": {"uv": [5, 53], "uv_size": [5, 2.75]},
								"east": {"uv": [10, 53], "uv_size": [5, 2.75]},
								"south": {"uv": [15, 53], "uv_size": [5, 2.75]},
								"west": {"uv": [53, 18], "uv_size": [5, 2.75]},
								"up": {"uv": [26, 38], "uv_size": [5, 5]},
								"down": {"uv": [40, 45], "uv_size": [5, -5]}
							}
						},
						{
							"origin": [-0.54825, 4.25888, -2.31525],
							"size": [4.63051, 4.16, 4.63051],
							"uv": {
								"north": {"uv": [48, 20], "uv_size": [4.75, 4.25]},
								"east": {"uv": [25, 48], "uv_size": [4.75, 4.25]},
								"south": {"uv": [48, 25], "uv_size": [4.75, 4.25]},
								"west": {"uv": [30, 48], "uv_size": [4.75, 4.25]},
								"up": {"uv": [44, 46], "uv_size": [4.75, 4.75]},
								"down": {"uv": [47, 4.75], "uv_size": [4.75, -4.75]}
							}
						},
						{
							"origin": [-0.2232, -0.093, -1.9716],
							"size": [3.9432, 2.418, 3.9432],
							"uv": {
								"north": {"uv": [54, 29], "uv_size": [4, 2.5]},
								"east": {"uv": [54, 32], "uv_size": [4, 2.5]},
								"south": {"uv": [54, 35], "uv_size": [4, 2.5]},
								"west": {"uv": [55, 9], "uv_size": [4, 2.5]},
								"up": {"uv": [4, 49], "uv_size": [4, 4]},
								"down": {"uv": [49, 43], "uv_size": [4, -4]}
							}
						}
					]
				},
				{
					"name": "head",
					"parent": "Corpo",
					"pivot": [0, 22.12, 0],
					"cubes": [
						{
							"origin": [-3.52, 22.12, -3.52],
							"size": [7.04, 7.04, 7.04],
							"uv": {
								"north": {"uv": [0, 12], "uv_size": [7, 7]},
								"east": {"uv": [7, 12], "uv_size": [7, 7]},
								"south": {"uv": [14, 12], "uv_size": [7, 7]},
								"west": {"uv": [16, 0], "uv_size": [7, 7]},
								"up": {"uv": [0, 19], "uv_size": [7, 7]},
								"down": {"uv": [7, 26], "uv_size": [7, -7]}
							}
						}
					]
				},
				{
					"name": "Face",
					"parent": "head",
					"pivot": [0, 25.64, -2.6],
					"cubes": [
						{
							"origin": [-3.52, 22.12, -2.6],
							"size": [7.04, 7.04, 0],
							"uv": {
								"north": {"uv": [14, 19], "uv_size": [7, 7]},
								"east": {"uv": [0, 0], "uv_size": [0, 7]},
								"south": {"uv": [121, 121], "uv_size": [7, 7]},
								"west": {"uv": [0, 0], "uv_size": [0, 7]},
								"up": {"uv": [0, 0], "uv_size": [7, 0]},
								"down": {"uv": [0, 0], "uv_size": [7, 0]}
							}
						}
					]
				},
				{
					"name": "Face2",
					"parent": "head",
					"pivot": [0, 25.64, -1.6],
					"cubes": [
						{
							"origin": [-3.52, 22.12, -1.6],
							"size": [7.04, 7.04, 0],
							"uv": {
								"north": {"uv": [21, 7], "uv_size": [7, 7]},
								"east": {"uv": [0, 0], "uv_size": [0, 7]},
								"south": {"uv": [119.75, 121], "uv_size": [7, 7]},
								"west": {"uv": [0, 0], "uv_size": [0, 7]},
								"up": {"uv": [0, 0], "uv_size": [7, 0]},
								"down": {"uv": [0, 0], "uv_size": [7, 0]}
							}
						}
					]
				},
				{
					"name": "Hair",
					"parent": "head",
					"pivot": [0.75, 27.87, 1],
					"rotation": [-17.49074, 0.57826, -0.09863],
					"cubes": [
						{
							"origin": [-1, 24.12, -2],
							"size": [5, 5, 5],
							"uv": {
								"north": {"uv": [41, 10], "uv_size": [5, 5]},
								"east": {"uv": [41, 15], "uv_size": [5, 5]},
								"south": {"uv": [12, 43], "uv_size": [5, 5]},
								"west": {"uv": [17, 43], "uv_size": [5, 5]},
								"up": {"uv": [22, 43], "uv_size": [5, 5]},
								"down": {"uv": [27, 48], "uv_size": [5, -5]}
							}
						},
						{
							"origin": [-4, 24.12, -1],
							"size": [7, 5, 5],
							"uv": {
								"north": {"uv": [12, 38], "uv_size": [7, 5]},
								"east": {"uv": [0, 44], "uv_size": [5, 5]},
								"south": {"uv": [19, 38], "uv_size": [7, 5]},
								"west": {"uv": [5, 44], "uv_size": [5, 5]},
								"up": {"uv": [40, 0], "uv_size": [7, 5]},
								"down": {"uv": [40, 10], "uv_size": [7, -5]}
							}
						},
						{
							"origin": [-3, 27.12, -3],
							"size": [6, 3, 6],
							"uv": {
								"north": {"uv": [41, 20], "uv_size": [6, 3]},
								"east": {"uv": [48, 30], "uv_size": [6, 3]},
								"south": {"uv": [48, 33], "uv_size": [6, 3]},
								"west": {"uv": [48, 36], "uv_size": [6, 3]},
								"up": {"uv": [0, 38], "uv_size": [6, 6]},
								"down": {"uv": [6, 44], "uv_size": [6, -6]}
							}
						}
					]
				},
				{
					"name": "Mecha",
					"parent": "Hair",
					"pivot": [-0.39972, 29.29419, -2.39576],
					"rotation": [3.5481, -9.55191, 24.90983],
					"cubes": [
						{
							"origin": [-1, 28.12, -5],
							"size": [2, 2, 2],
							"pivot": [0, 29.12, -3],
							"rotation": [19.05168, 53.46139, -17.4843],
							"uv": {
								"north": {"uv": [51, 18], "uv_size": [2, 2]},
								"east": {"uv": [16, 59], "uv_size": [2, 2]},
								"south": {"uv": [59, 27], "uv_size": [2, 2]},
								"west": {"uv": [60, 47], "uv_size": [2, 2]},
								"up": {"uv": [19, 61], "uv_size": [2, 2]},
								"down": {"uv": [61, 41], "uv_size": [2, -2]}
							}
						},
						{
							"origin": [-2.49892, 26.70377, -5.48035],
							"size": [1.82, 1.82, 1.82],
							"pivot": [-1.58892, 27.61377, -4.57035],
							"rotation": [31.55168, 53.46139, -17.4843],
							"uv": {
								"north": {"uv": [75, 27], "uv_size": [1.75, 1.75]},
								"east": {"uv": [28, 75], "uv_size": [1.75, 1.75]},
								"south": {"uv": [75, 29], "uv_size": [1.75, 1.75]},
								"west": {"uv": [32, 75], "uv_size": [1.75, 1.75]},
								"up": {"uv": [37, 75], "uv_size": [1.75, 1.75]},
								"down": {"uv": [75, 39.75], "uv_size": [1.75, -1.75]}
							}
						},
						{
							"origin": [-2.67997, 27.76301, -7.53146],
							"size": [1.376, 1.376, 0.976],
							"pivot": [0.00803, 27.45101, -6.24346],
							"rotation": [46.55168, 53.46139, -17.4843],
							"uv": {
								"north": {"uv": [76, 63], "uv_size": [1.5, 1.5]},
								"east": {"uv": [27, 5], "uv_size": [1, 1.5]},
								"south": {"uv": [76, 69], "uv_size": [1.5, 1.5]},
								"west": {"uv": [28, 12], "uv_size": [1, 1.5]},
								"up": {"uv": [41, 23], "uv_size": [1.5, 1]},
								"down": {"uv": [43, 24], "uv_size": [1.5, -1]}
							}
						},
						{
							"origin": [-1.51917, 25.84154, -5.10252],
							"size": [1.05952, 1.05952, 1.52152],
							"pivot": [-0.98941, 24.3713, -5.34176],
							"rotation": [56.55168, 53.46139, -17.4843],
							"uv": {
								"north": {"uv": [31, 40], "uv_size": [1, 1]},
								"east": {"uv": [45, 23], "uv_size": [1.5, 1]},
								"south": {"uv": [31, 41], "uv_size": [1, 1]},
								"west": {"uv": [52, 9], "uv_size": [1.5, 1]},
								"up": {"uv": [31, 38], "uv_size": [1, 1.5]},
								"down": {"uv": [40, 11.5], "uv_size": [1, -1.5]}
							}
						}
					]
				},
				{
					"name": "Mecha2",
					"parent": "Hair",
					"pivot": [2.60028, 25.29419, 3.60424],
					"rotation": [49.5555, 58.5423, -147.59816],
					"cubes": [
						{
							"origin": [2, 24.12, 1],
							"size": [2, 2, 2],
							"pivot": [3, 25.12, 3],
							"rotation": [19.05168, 53.46139, -17.4843],
							"uv": {
								"north": {"uv": [72, 63], "uv_size": [2, 2]},
								"east": {"uv": [72, 69], "uv_size": [2, 2]},
								"south": {"uv": [72, 71], "uv_size": [2, 2]},
								"west": {"uv": [73, 0], "uv_size": [2, 2]},
								"up": {"uv": [2, 73], "uv_size": [2, 2]},
								"down": {"uv": [73, 6], "uv_size": [2, -2]}
							}
						},
						{
							"origin": [0.46448, 22.56245, 0.57434],
							"size": [1.82, 1.82, 2.82],
							"pivot": [1.37448, 23.47245, 1.48434],
							"rotation": [31.55168, 53.46139, -17.4843],
							"uv": {
								"north": {"uv": [39, 75], "uv_size": [1.75, 1.75]},
								"east": {"uv": [29, 24], "uv_size": [2.75, 1.75]},
								"south": {"uv": [75, 40], "uv_size": [1.75, 1.75]},
								"west": {"uv": [67, 34], "uv_size": [2.75, 1.75]},
								"up": {"uv": [50, 67], "uv_size": [1.75, 2.75]},
								"down": {"uv": [52, 69.75], "uv_size": [1.75, -2.75]}
							}
						},
						{
							"origin": [0.73662, 22.78657, -1.76776],
							"size": [1.376, 1.376, 2.976],
							"pivot": [1.42462, 23.47457, 1.52024],
							"rotation": [54.05168, 53.46139, -17.4843],
							"uv": {
								"north": {"uv": [76, 71], "uv_size": [1.5, 1.5]},
								"east": {"uv": [70, 31], "uv_size": [3, 1.5]},
								"south": {"uv": [0, 77], "uv_size": [1.5, 1.5]},
								"west": {"uv": [33, 70], "uv_size": [3, 1.5]},
								"up": {"uv": [29, 70], "uv_size": [1.5, 3]},
								"down": {"uv": [70, 36], "uv_size": [1.5, -3]}
							}
						}
					]
				},
				{
					"name": "Mecha6",
					"parent": "Hair",
					"pivot": [-2.60028, 25.29419, 3.60424],
					"rotation": [49.5555, -58.5423, 147.59816],
					"cubes": [
						{
							"origin": [-4, 24.12, 1],
							"size": [2, 2, 2],
							"pivot": [-3, 25.12, 3],
							"rotation": [19.05168, -53.46139, 17.4843],
							"uv": {
								"north": {"uv": [73, 6], "uv_size": [2, 2]},
								"east": {"uv": [8, 73], "uv_size": [2, 2]},
								"south": {"uv": [10, 73], "uv_size": [2, 2]},
								"west": {"uv": [73, 11], "uv_size": [2, 2]},
								"up": {"uv": [16, 73], "uv_size": [2, 2]},
								"down": {"uv": [18, 75], "uv_size": [2, -2]}
							}
						},
						{
							"origin": [-2.28448, 22.56245, 0.57434],
							"size": [1.82, 1.82, 2.82],
							"pivot": [-1.37448, 23.47245, 1.48434],
							"rotation": [31.55168, -53.46139, 17.4843],
							"uv": {
								"north": {"uv": [41, 75], "uv_size": [1.75, 1.75]},
								"east": {"uv": [67, 45], "uv_size": [2.75, 1.75]},
								"south": {"uv": [75, 42], "uv_size": [1.75, 1.75]},
								"west": {"uv": [2, 68], "uv_size": [2.75, 1.75]},
								"up": {"uv": [5, 68], "uv_size": [1.75, 2.75]},
								"down": {"uv": [7, 70.75], "uv_size": [1.75, -2.75]}
							}
						},
						{
							"origin": [-2.11262, 22.78657, -1.76776],
							"size": [1.376, 1.376, 2.976],
							"pivot": [-1.42462, 23.47457, 1.52024],
							"rotation": [54.05168, -53.46139, 17.4843],
							"uv": {
								"north": {"uv": [77, 0], "uv_size": [1.5, 1.5]},
								"east": {"uv": [36, 70], "uv_size": [3, 1.5]},
								"south": {"uv": [2, 77], "uv_size": [1.5, 1.5]},
								"west": {"uv": [70, 38], "uv_size": [3, 1.5]},
								"up": {"uv": [39, 70], "uv_size": [1.5, 3]},
								"down": {"uv": [45, 73], "uv_size": [1.5, -3]}
							}
						}
					]
				},
				{
					"name": "Mecha20",
					"parent": "Hair",
					"pivot": [-2.60028, 26.29419, 3.60424],
					"rotation": [75.47833, -73.28212, 154.74176],
					"cubes": [
						{
							"origin": [-4, 25.12, 1],
							"size": [2, 2, 2],
							"pivot": [-3, 26.12, 3],
							"rotation": [19.05168, -53.46139, 17.4843],
							"uv": {
								"north": {"uv": [73, 19], "uv_size": [2, 2]},
								"east": {"uv": [73, 21], "uv_size": [2, 2]},
								"south": {"uv": [22, 73], "uv_size": [2, 2]},
								"west": {"uv": [26, 73], "uv_size": [2, 2]},
								"up": {"uv": [73, 26], "uv_size": [2, 2]},
								"down": {"uv": [28, 75], "uv_size": [2, -2]}
							}
						},
						{
							"origin": [-2.28448, 23.56245, 0.57434],
							"size": [1.82, 1.82, 2.82],
							"pivot": [-1.37448, 24.47245, 1.48434],
							"rotation": [31.55168, -53.46139, 17.4843],
							"uv": {
								"north": {"uv": [43, 75], "uv_size": [1.75, 1.75]},
								"east": {"uv": [17, 68], "uv_size": [2.75, 1.75]},
								"south": {"uv": [75, 44], "uv_size": [1.75, 1.75]},
								"west": {"uv": [28, 68], "uv_size": [2.75, 1.75]},
								"up": {"uv": [20, 68], "uv_size": [1.75, 2.75]},
								"down": {"uv": [31, 70.75], "uv_size": [1.75, -2.75]}
							}
						},
						{
							"origin": [-2.11262, 23.78657, -1.76776],
							"size": [1.376, 1.376, 2.976],
							"pivot": [-1.42462, 24.47457, 1.52024],
							"rotation": [54.05168, -53.46139, 17.4843],
							"uv": {
								"north": {"uv": [77, 2], "uv_size": [1.5, 1.5]},
								"east": {"uv": [70, 40], "uv_size": [3, 1.5]},
								"south": {"uv": [77, 4], "uv_size": [1.5, 1.5]},
								"west": {"uv": [70, 45], "uv_size": [3, 1.5]},
								"up": {"uv": [47, 70], "uv_size": [1.5, 3]},
								"down": {"uv": [49, 73], "uv_size": [1.5, -3]}
							}
						}
					]
				},
				{
					"name": "Mecha21",
					"parent": "Hair",
					"pivot": [2.60028, 26.29419, 3.60424],
					"rotation": [75.47833, 73.28212, -154.74176],
					"cubes": [
						{
							"origin": [2, 25.12, 1],
							"size": [2, 2, 2],
							"pivot": [3, 26.12, 3],
							"rotation": [19.05168, 53.46139, -17.4843],
							"uv": {
								"north": {"uv": [73, 30], "uv_size": [2, 2]},
								"east": {"uv": [38, 73], "uv_size": [2, 2]},
								"south": {"uv": [73, 38], "uv_size": [2, 2]},
								"west": {"uv": [40, 73], "uv_size": [2, 2]},
								"up": {"uv": [73, 40], "uv_size": [2, 2]},
								"down": {"uv": [42, 75], "uv_size": [2, -2]}
							}
						},
						{
							"origin": [0.46448, 23.56245, 0.57434],
							"size": [1.82, 1.82, 2.82],
							"pivot": [1.37448, 24.47245, 1.48434],
							"rotation": [31.55168, 53.46139, -17.4843],
							"uv": {
								"north": {"uv": [45, 75], "uv_size": [1.75, 1.75]},
								"east": {"uv": [68, 36], "uv_size": [2.75, 1.75]},
								"south": {"uv": [75, 46], "uv_size": [1.75, 1.75]},
								"west": {"uv": [47, 68], "uv_size": [2.75, 1.75]},
								"up": {"uv": [68, 63], "uv_size": [1.75, 2.75]},
								"down": {"uv": [68, 68.75], "uv_size": [1.75, -2.75]}
							}
						},
						{
							"origin": [0.73662, 23.78657, -1.76776],
							"size": [1.376, 1.376, 2.976],
							"pivot": [1.42462, 24.47457, 1.52024],
							"rotation": [54.05168, 53.46139, -17.4843],
							"uv": {
								"north": {"uv": [77, 6], "uv_size": [1.5, 1.5]},
								"east": {"uv": [70, 49], "uv_size": [3, 1.5]},
								"south": {"uv": [8, 77], "uv_size": [1.5, 1.5]},
								"west": {"uv": [51, 70], "uv_size": [3, 1.5]},
								"up": {"uv": [59, 70], "uv_size": [1.5, 3]},
								"down": {"uv": [70, 65], "uv_size": [1.5, -3]}
							}
						}
					]
				},
				{
					"name": "Mecha22",
					"parent": "Hair",
					"pivot": [1.60028, 24.29419, 2.60424],
					"rotation": [-179.2793, 25.80365, -7.15764],
					"cubes": [
						{
							"origin": [1, 23.12, 0],
							"size": [2, 2, 2],
							"pivot": [2, 24.12, 2],
							"rotation": [19.05168, 53.46139, -17.4843],
							"uv": {
								"north": {"uv": [73, 42], "uv_size": [2, 2]},
								"east": {"uv": [44, 73], "uv_size": [2, 2]},
								"south": {"uv": [73, 44], "uv_size": [2, 2]},
								"west": {"uv": [46, 73], "uv_size": [2, 2]},
								"up": {"uv": [48, 73], "uv_size": [2, 2]},
								"down": {"uv": [73, 51], "uv_size": [2, -2]}
							}
						},
						{
							"origin": [-0.53552, 21.56245, -0.42566],
							"size": [1.82, 1.82, 2.82],
							"pivot": [0.37448, 22.47245, 0.48434],
							"rotation": [31.55168, 53.46139, -17.4843],
							"uv": {
								"north": {"uv": [47, 75], "uv_size": [1.75, 1.75]},
								"east": {"uv": [68, 58], "uv_size": [2.75, 1.75]},
								"south": {"uv": [75, 48], "uv_size": [1.75, 1.75]},
								"west": {"uv": [69, 9], "uv_size": [2.75, 1.75]},
								"up": {"uv": [0, 69], "uv_size": [1.75, 2.75]},
								"down": {"uv": [69, 16.75], "uv_size": [1.75, -2.75]}
							}
						},
						{
							"origin": [-0.26338, 21.78657, -2.76776],
							"size": [1.376, 1.376, 2.976],
							"pivot": [0.42462, 22.47457, 0.52024],
							"rotation": [54.05168, 53.46139, -17.4843],
							"uv": {
								"north": {"uv": [77, 8], "uv_size": [1.5, 1.5]},
								"east": {"uv": [70, 65], "uv_size": [3, 1.5]},
								"south": {"uv": [10, 77], "uv_size": [1.5, 1.5]},
								"west": {"uv": [70, 67], "uv_size": [3, 1.5]},
								"up": {"uv": [4, 71], "uv_size": [1.5, 3]},
								"down": {"uv": [6, 74], "uv_size": [1.5, -3]}
							}
						}
					]
				},
				{
					"name": "Mecha23",
					"parent": "Hair",
					"pivot": [-1.60028, 24.29419, 2.60424],
					"rotation": [-179.2793, -25.80365, 7.15764],
					"cubes": [
						{
							"origin": [-3, 23.12, 0],
							"size": [2, 2, 2],
							"pivot": [-2, 24.12, 2],
							"rotation": [19.05168, -53.46139, 17.4843],
							"uv": {
								"north": {"uv": [73, 51], "uv_size": [2, 2]},
								"east": {"uv": [53, 73], "uv_size": [2, 2]},
								"south": {"uv": [55, 73], "uv_size": [2, 2]},
								"west": {"uv": [73, 56], "uv_size": [2, 2]},
								"up": {"uv": [59, 73], "uv_size": [2, 2]},
								"down": {"uv": [73, 67], "uv_size": [2, -2]}
							}
						},
						{
							"origin": [-1.28448, 21.56245, -0.42566],
							"size": [1.82, 1.82, 2.82],
							"pivot": [-0.37448, 22.47245, 0.48434],
							"rotation": [31.55168, -53.46139, 17.4843],
							"uv": {
								"north": {"uv": [49, 75], "uv_size": [1.75, 1.75]},
								"east": {"uv": [69, 17], "uv_size": [2.75, 1.75]},
								"south": {"uv": [75, 50], "uv_size": [1.75, 1.75]},
								"west": {"uv": [42, 69], "uv_size": [2.75, 1.75]},
								"up": {"uv": [69, 42], "uv_size": [1.75, 2.75]},
								"down": {"uv": [69, 54.75], "uv_size": [1.75, -2.75]}
							}
						},
						{
							"origin": [-1.11262, 21.78657, -2.76776],
							"size": [1.376, 1.376, 2.976],
							"pivot": [-0.42462, 22.47457, 0.52024],
							"rotation": [54.05168, -53.46139, 17.4843],
							"uv": {
								"north": {"uv": [77, 10], "uv_size": [1.5, 1.5]},
								"east": {"uv": [71, 13], "uv_size": [3, 1.5]},
								"south": {"uv": [16, 77], "uv_size": [1.5, 1.5]},
								"west": {"uv": [71, 15], "uv_size": [3, 1.5]},
								"up": {"uv": [20, 71], "uv_size": [1.5, 3]},
								"down": {"uv": [31, 74], "uv_size": [1.5, -3]}
							}
						}
					]
				},
				{
					"name": "Mecha24",
					"parent": "Hair",
					"pivot": [-0.60028, 28.29419, 2.60424],
					"rotation": [-179.2793, -25.80365, 7.15764],
					"cubes": [
						{
							"origin": [-2, 27.12, 0],
							"size": [2, 2, 2],
							"pivot": [-1, 28.12, 2],
							"rotation": [19.05168, -53.46139, 17.4843],
							"uv": {
								"north": {"uv": [73, 67], "uv_size": [2, 2]},
								"east": {"uv": [69, 73], "uv_size": [2, 2]},
								"south": {"uv": [71, 73], "uv_size": [2, 2]},
								"west": {"uv": [73, 73], "uv_size": [2, 2]},
								"up": {"uv": [4, 74], "uv_size": [2, 2]},
								"down": {"uv": [6, 76], "uv_size": [2, -2]}
							}
						},
						{
							"origin": [-0.28448, 25.56245, -0.42566],
							"size": [1.82, 1.82, 2.82],
							"pivot": [0.62552, 26.47245, 0.48434],
							"rotation": [31.55168, -53.46139, 17.4843],
							"uv": {
								"north": {"uv": [51, 75], "uv_size": [1.75, 1.75]},
								"east": {"uv": [69, 47], "uv_size": [2.75, 1.75]},
								"south": {"uv": [53, 75], "uv_size": [1.75, 1.75]},
								"west": {"uv": [54, 69], "uv_size": [2.75, 1.75]},
								"up": {"uv": [69, 55], "uv_size": [1.75, 2.75]},
								"down": {"uv": [57, 71.75], "uv_size": [1.75, -2.75]}
							}
						},
						{
							"origin": [-0.11262, 25.78657, -2.76776],
							"size": [1.376, 1.376, 2.976],
							"pivot": [0.57538, 26.47457, 0.52024],
							"rotation": [54.05168, -53.46139, 17.4843],
							"uv": {
								"north": {"uv": [77, 16], "uv_size": [1.5, 1.5]},
								"east": {"uv": [71, 36], "uv_size": [3, 1.5]},
								"south": {"uv": [18, 77], "uv_size": [1.5, 1.5]},
								"west": {"uv": [41, 71], "uv_size": [3, 1.5]},
								"up": {"uv": [71, 42], "uv_size": [1.5, 3]},
								"down": {"uv": [71, 54], "uv_size": [1.5, -3]}
							}
						}
					]
				},
				{
					"name": "Mecha3",
					"parent": "Hair",
					"pivot": [2.60028, 26.29419, -0.39576],
					"rotation": [43.92518, 72.69431, -148.84356],
					"cubes": [
						{
							"origin": [2, 25.12, -3],
							"size": [2, 2, 2],
							"pivot": [3, 26.12, -1],
							"rotation": [19.05168, 53.46139, -17.4843],
							"uv": {
								"north": {"uv": [12, 74], "uv_size": [2, 2]},
								"east": {"uv": [74, 13], "uv_size": [2, 2]},
								"south": {"uv": [14, 74], "uv_size": [2, 2]},
								"west": {"uv": [74, 15], "uv_size": [2, 2]},
								"up": {"uv": [20, 74], "uv_size": [2, 2]},
								"down": {"uv": [74, 25], "uv_size": [2, -2]}
							}
						},
						{
							"origin": [0.46448, 23.56245, -3.42566],
							"size": [1.82, 1.82, 2.82],
							"pivot": [1.37448, 24.47245, -2.51566],
							"rotation": [31.55168, 53.46139, -17.4843],
							"uv": {
								"north": {"uv": [55, 75], "uv_size": [1.75, 1.75]},
								"east": {"uv": [69, 60], "uv_size": [2.75, 1.75]},
								"south": {"uv": [75, 55], "uv_size": [1.75, 1.75]},
								"west": {"uv": [62, 69], "uv_size": [2.75, 1.75]},
								"up": {"uv": [65, 69], "uv_size": [1.75, 2.75]},
								"down": {"uv": [67, 71.75], "uv_size": [1.75, -2.75]}
							}
						},
						{
							"origin": [0.73662, 23.78657, -5.76776],
							"size": [1.376, 1.376, 2.976],
							"pivot": [1.42462, 24.47457, -2.47976],
							"rotation": [54.05168, 53.46139, -17.4843],
							"uv": {
								"north": {"uv": [77, 18], "uv_size": [1.5, 1.5]},
								"east": {"uv": [54, 71], "uv_size": [3, 1.5]},
								"south": {"uv": [77, 20], "uv_size": [1.5, 1.5]},
								"west": {"uv": [71, 54], "uv_size": [3, 1.5]},
								"up": {"uv": [71, 56], "uv_size": [1.5, 3]},
								"down": {"uv": [61, 74], "uv_size": [1.5, -3]}
							}
						}
					]
				},
				{
					"name": "Mecha7",
					"parent": "Hair",
					"pivot": [-2.60028, 26.29419, -0.39576],
					"rotation": [43.92518, -72.69431, 148.84356],
					"cubes": [
						{
							"origin": [-4, 25.12, -3],
							"size": [2, 2, 2],
							"pivot": [-3, 26.12, -1],
							"rotation": [19.05168, -53.46139, 17.4843],
							"uv": {
								"north": {"uv": [30, 74], "uv_size": [2, 2]},
								"east": {"uv": [74, 32], "uv_size": [2, 2]},
								"south": {"uv": [74, 34], "uv_size": [2, 2]},
								"west": {"uv": [35, 74], "uv_size": [2, 2]},
								"up": {"uv": [74, 36], "uv_size": [2, 2]},
								"down": {"uv": [74, 55], "uv_size": [2, -2]}
							}
						},
						{
							"origin": [-2.28448, 23.56245, -3.42566],
							"size": [1.82, 1.82, 2.82],
							"pivot": [-1.37448, 24.47245, -2.51566],
							"rotation": [31.55168, -53.46139, 17.4843],
							"uv": {
								"north": {"uv": [57, 75], "uv_size": [1.75, 1.75]},
								"east": {"uv": [69, 69], "uv_size": [2.75, 1.75]},
								"south": {"uv": [75, 57], "uv_size": [1.75, 1.75]},
								"west": {"uv": [70, 0], "uv_size": [2.75, 1.75]},
								"up": {"uv": [2, 70], "uv_size": [1.75, 2.75]},
								"down": {"uv": [70, 4.75], "uv_size": [1.75, -2.75]}
							}
						},
						{
							"origin": [-2.11262, 23.78657, -5.76776],
							"size": [1.376, 1.376, 2.976],
							"pivot": [-1.42462, 24.47457, -2.47976],
							"rotation": [54.05168, -53.46139, 17.4843],
							"uv": {
								"north": {"uv": [22, 77], "uv_size": [1.5, 1.5]},
								"east": {"uv": [69, 71], "uv_size": [3, 1.5]},
								"south": {"uv": [24, 77], "uv_size": [1.5, 1.5]},
								"west": {"uv": [72, 2], "uv_size": [3, 1.5]},
								"up": {"uv": [63, 71], "uv_size": [1.5, 3]},
								"down": {"uv": [0, 75], "uv_size": [1.5, -3]}
							}
						}
					]
				},
				{
					"name": "Mecha8",
					"parent": "Hair",
					"pivot": [-2.60028, 26.29419, 0.60424],
					"rotation": [83.28583, -35.85842, 135.00039],
					"cubes": [
						{
							"origin": [-4, 25.12, -2],
							"size": [2, 2, 2],
							"pivot": [-3, 26.12, 0],
							"rotation": [19.05168, -53.46139, 17.4843],
							"uv": {
								"north": {"uv": [61, 74], "uv_size": [2, 2]},
								"east": {"uv": [63, 74], "uv_size": [2, 2]},
								"south": {"uv": [74, 63], "uv_size": [2, 2]},
								"west": {"uv": [74, 69], "uv_size": [2, 2]},
								"up": {"uv": [74, 71], "uv_size": [2, 2]},
								"down": {"uv": [0, 77], "uv_size": [2, -2]}
							}
						},
						{
							"origin": [-2.28448, 23.56245, -2.42566],
							"size": [1.82, 1.82, 2.82],
							"pivot": [-1.37448, 24.47245, -1.51566],
							"rotation": [31.55168, -53.46139, 17.4843],
							"uv": {
								"north": {"uv": [59, 75], "uv_size": [1.75, 1.75]},
								"east": {"uv": [70, 5], "uv_size": [2.75, 1.75]},
								"south": {"uv": [75, 59], "uv_size": [1.75, 1.75]},
								"west": {"uv": [70, 7], "uv_size": [2.75, 1.75]},
								"up": {"uv": [9, 70], "uv_size": [1.75, 2.75]},
								"down": {"uv": [11, 72.75], "uv_size": [1.75, -2.75]}
							}
						},
						{
							"origin": [-2.11262, 23.78657, -4.76776],
							"size": [1.376, 1.376, 2.976],
							"pivot": [-1.42462, 24.47457, -1.47976],
							"rotation": [54.05168, -53.46139, 17.4843],
							"uv": {
								"north": {"uv": [77, 25], "uv_size": [1.5, 1.5]},
								"east": {"uv": [72, 9], "uv_size": [3, 1.5]},
								"south": {"uv": [26, 77], "uv_size": [1.5, 1.5]},
								"west": {"uv": [13, 72], "uv_size": [3, 1.5]},
								"up": {"uv": [72, 23], "uv_size": [1.5, 3]},
								"down": {"uv": [24, 75], "uv_size": [1.5, -3]}
							}
						}
					]
				},
				{
					"name": "Mecha9",
					"parent": "Hair",
					"pivot": [2.60028, 26.29419, 0.60424],
					"rotation": [83.28583, 35.85842, -135.00039],
					"cubes": [
						{
							"origin": [2, 25.12, -2],
							"size": [2, 2, 2],
							"pivot": [3, 26.12, 0],
							"rotation": [19.05168, 53.46139, -17.4843],
							"uv": {
								"north": {"uv": [75, 0], "uv_size": [2, 2]},
								"east": {"uv": [2, 75], "uv_size": [2, 2]},
								"south": {"uv": [75, 2], "uv_size": [2, 2]},
								"west": {"uv": [75, 4], "uv_size": [2, 2]},
								"up": {"uv": [75, 6], "uv_size": [2, 2]},
								"down": {"uv": [8, 77], "uv_size": [2, -2]}
							}
						},
						{
							"origin": [0.46448, 23.56245, -2.42566],
							"size": [1.82, 1.82, 2.82],
							"pivot": [1.37448, 24.47245, -1.51566],
							"rotation": [31.55168, 53.46139, -17.4843],
							"uv": {
								"north": {"uv": [75, 61], "uv_size": [1.75, 1.75]},
								"east": {"uv": [70, 11], "uv_size": [2.75, 1.75]},
								"south": {"uv": [65, 75], "uv_size": [1.75, 1.75]},
								"west": {"uv": [13, 70], "uv_size": [2.75, 1.75]},
								"up": {"uv": [16, 70], "uv_size": [1.75, 2.75]},
								"down": {"uv": [18, 72.75], "uv_size": [1.75, -2.75]}
							}
						},
						{
							"origin": [0.73662, 23.78657, -4.76776],
							"size": [1.376, 1.376, 2.976],
							"pivot": [1.42462, 24.47457, -1.47976],
							"rotation": [54.05168, 53.46139, -17.4843],
							"uv": {
								"north": {"uv": [77, 27], "uv_size": [1.5, 1.5]},
								"east": {"uv": [72, 17], "uv_size": [3, 1.5]},
								"south": {"uv": [28, 77], "uv_size": [1.5, 1.5]},
								"west": {"uv": [72, 28], "uv_size": [3, 1.5]},
								"up": {"uv": [33, 72], "uv_size": [1.5, 3]},
								"down": {"uv": [72, 36], "uv_size": [1.5, -3]}
							}
						}
					]
				},
				{
					"name": "Mecha4",
					"parent": "Hair",
					"pivot": [2.60028, 28.29419, -1.39576],
					"rotation": [53.47242, 18.40289, -170.29012],
					"cubes": [
						{
							"origin": [2, 27.12, -4],
							"size": [2, 2, 2],
							"pivot": [3, 28.12, -2],
							"rotation": [19.05168, 53.46139, -17.4843],
							"uv": {
								"north": {"uv": [75, 8], "uv_size": [2, 2]},
								"east": {"uv": [10, 75], "uv_size": [2, 2]},
								"south": {"uv": [75, 10], "uv_size": [2, 2]},
								"west": {"uv": [16, 75], "uv_size": [2, 2]},
								"up": {"uv": [75, 17], "uv_size": [2, 2]},
								"down": {"uv": [18, 77], "uv_size": [2, -2]}
							}
						},
						{
							"origin": [0.46448, 25.56245, -4.42566],
							"size": [1.82, 1.82, 2.82],
							"pivot": [1.37448, 26.47245, -3.51566],
							"rotation": [31.55168, 53.46139, -17.4843],
							"uv": {
								"north": {"uv": [75, 65], "uv_size": [1.75, 1.75]},
								"east": {"uv": [70, 19], "uv_size": [2.75, 1.75]},
								"south": {"uv": [67, 75], "uv_size": [1.75, 1.75]},
								"west": {"uv": [70, 21], "uv_size": [2.75, 1.75]},
								"up": {"uv": [22, 70], "uv_size": [1.75, 2.75]},
								"down": {"uv": [70, 25.75], "uv_size": [1.75, -2.75]}
							}
						},
						{
							"origin": [0.73662, 25.78657, -6.76776],
							"size": [1.376, 1.376, 2.976],
							"pivot": [1.42462, 26.47457, -3.47976],
							"rotation": [54.05168, 53.46139, -17.4843],
							"uv": {
								"north": {"uv": [77, 29], "uv_size": [1.5, 1.5]},
								"east": {"uv": [35, 72], "uv_size": [3, 1.5]},
								"south": {"uv": [32, 77], "uv_size": [1.5, 1.5]},
								"west": {"uv": [72, 47], "uv_size": [3, 1.5]},
								"up": {"uv": [51, 72], "uv_size": [1.5, 3]},
								"down": {"uv": [57, 75], "uv_size": [1.5, -3]}
							}
						}
					]
				},
				{
					"name": "Mecha10",
					"parent": "Hair",
					"pivot": [2.60028, 29.29419, -2.39576],
					"rotation": [49.25947, 22.74429, 159.87093],
					"cubes": [
						{
							"origin": [1.8, 27.92, -5.4],
							"size": [2.4, 2.4, 2.4],
							"pivot": [3, 29.12, -3],
							"rotation": [19.05168, 53.46139, -17.4843],
							"uv": {
								"north": {"uv": [59, 9], "uv_size": [2.5, 2.5]},
								"east": {"uv": [59, 21], "uv_size": [2.5, 2.5]},
								"south": {"uv": [59, 24], "uv_size": [2.5, 2.5]},
								"west": {"uv": [52, 59], "uv_size": [2.5, 2.5]},
								"up": {"uv": [59, 55], "uv_size": [2.5, 2.5]},
								"down": {"uv": [4, 62.5], "uv_size": [2.5, -2.5]}
							}
						},
						{
							"origin": [-0.04262, 26.05094, -5.91079],
							"size": [2.184, 2.184, 3.384],
							"pivot": [1.04938, 27.14294, -4.81879],
							"rotation": [31.55168, 53.46139, -17.4843],
							"uv": {
								"north": {"uv": [66, 42], "uv_size": [2.25, 2.25]},
								"east": {"uv": [44, 55], "uv_size": [3.5, 2.25]},
								"south": {"uv": [66, 55], "uv_size": [2.25, 2.25]},
								"west": {"uv": [48, 55], "uv_size": [3.5, 2.25]},
								"up": {"uv": [55, 51], "uv_size": [2.25, 3.5]},
								"down": {"uv": [52, 58.5], "uv_size": [2.25, -3.5]}
							}
						},
						{
							"origin": [0.28394, 26.31989, -8.72131],
							"size": [1.6512, 1.6512, 3.5712],
							"pivot": [1.10954, 27.14549, -4.77571],
							"rotation": [54.05168, 53.46139, -17.4843],
							"uv": {
								"north": {"uv": [75, 67], "uv_size": [1.75, 1.75]},
								"east": {"uv": [23, 5], "uv_size": [3.5, 1.75]},
								"south": {"uv": [69, 75], "uv_size": [1.75, 1.75]},
								"west": {"uv": [62, 56], "uv_size": [3.5, 1.75]},
								"up": {"uv": [10, 44], "uv_size": [1.75, 3.5]},
								"down": {"uv": [8, 52.5], "uv_size": [1.75, -3.5]}
							}
						}
					]
				},
				{
					"name": "Mecha14",
					"parent": "Hair",
					"pivot": [2.60028, 31.29419, -0.39576],
					"rotation": [94.50853, 38.78756, -168.88394],
					"cubes": [
						{
							"origin": [1.8, 29.92, -3.4],
							"size": [2.4, 2.4, 2.4],
							"pivot": [3, 31.12, -1],
							"rotation": [19.05168, 53.46139, -17.4843],
							"uv": {
								"north": {"uv": [7, 60], "uv_size": [2.5, 2.5]},
								"east": {"uv": [21, 60], "uv_size": [2.5, 2.5]},
								"south": {"uv": [31, 60], "uv_size": [2.5, 2.5]},
								"west": {"uv": [34, 60], "uv_size": [2.5, 2.5]},
								"up": {"uv": [60, 41], "uv_size": [2.5, 2.5]},
								"down": {"uv": [60, 46.5], "uv_size": [2.5, -2.5]}
							}
						},
						{
							"origin": [-0.04262, 28.05094, -3.91079],
							"size": [2.184, 2.184, 3.384],
							"pivot": [1.04938, 29.14294, -2.81879],
							"rotation": [31.55168, 53.46139, -17.4843],
							"uv": {
								"north": {"uv": [66, 60], "uv_size": [2.25, 2.25]},
								"east": {"uv": [55, 55], "uv_size": [3.5, 2.25]},
								"south": {"uv": [62, 66], "uv_size": [2.25, 2.25]},
								"west": {"uv": [0, 56], "uv_size": [3.5, 2.25]},
								"up": {"uv": [4, 56], "uv_size": [2.25, 3.5]},
								"down": {"uv": [7, 59.5], "uv_size": [2.25, -3.5]}
							}
						},
						{
							"origin": [0.28394, 28.31989, -6.72131],
							"size": [1.6512, 1.6512, 3.5712],
							"pivot": [1.10954, 29.14549, -2.77571],
							"rotation": [54.05168, 53.46139, -17.4843],
							"uv": {
								"north": {"uv": [71, 75], "uv_size": [1.75, 1.75]},
								"east": {"uv": [63, 45], "uv_size": [3.5, 1.75]},
								"south": {"uv": [73, 75], "uv_size": [1.75, 1.75]},
								"west": {"uv": [64, 36], "uv_size": [3.5, 1.75]},
								"up": {"uv": [46, 62], "uv_size": [1.75, 3.5]},
								"down": {"uv": [28, 67.5], "uv_size": [1.75, -3.5]}
							}
						}
					]
				},
				{
					"name": "Mecha15",
					"parent": "Hair",
					"pivot": [-2.60028, 31.29419, -0.39576],
					"rotation": [94.50853, -38.78756, 168.88394],
					"cubes": [
						{
							"origin": [-4.2, 29.92, -3.4],
							"size": [2.4, 2.4, 2.4],
							"pivot": [-3, 31.12, -1],
							"rotation": [19.05168, -53.46139, 17.4843],
							"uv": {
								"north": {"uv": [61, 0], "uv_size": [2.5, 2.5]},
								"east": {"uv": [61, 3], "uv_size": [2.5, 2.5]},
								"south": {"uv": [61, 6], "uv_size": [2.5, 2.5]},
								"west": {"uv": [16, 61], "uv_size": [2.5, 2.5]},
								"up": {"uv": [24, 61], "uv_size": [2.5, 2.5]},
								"down": {"uv": [27, 63.5], "uv_size": [2.5, -2.5]}
							}
						},
						{
							"origin": [-2.14138, 28.05094, -3.91079],
							"size": [2.184, 2.184, 3.384],
							"pivot": [-1.04938, 29.14294, -2.81879],
							"rotation": [31.55168, -53.46139, 17.4843],
							"uv": {
								"north": {"uv": [65, 66], "uv_size": [2.25, 2.25]},
								"east": {"uv": [10, 56], "uv_size": [3.5, 2.25]},
								"south": {"uv": [67, 0], "uv_size": [2.25, 2.25]},
								"west": {"uv": [14, 56], "uv_size": [3.5, 2.25]},
								"up": {"uv": [56, 21], "uv_size": [2.25, 3.5]},
								"down": {"uv": [56, 28.5], "uv_size": [2.25, -3.5]}
							}
						},
						{
							"origin": [-1.93514, 28.31989, -6.72131],
							"size": [1.6512, 1.6512, 3.5712],
							"pivot": [-1.10954, 29.14549, -2.77571],
							"rotation": [54.05168, -53.46139, 17.4843],
							"uv": {
								"north": {"uv": [75, 73], "uv_size": [1.75, 1.75]},
								"east": {"uv": [64, 58], "uv_size": [3.5, 1.75]},
								"south": {"uv": [75, 75], "uv_size": [1.75, 1.75]},
								"west": {"uv": [60, 64], "uv_size": [3.5, 1.75]},
								"up": {"uv": [48, 64], "uv_size": [1.75, 3.5]},
								"down": {"uv": [64, 63.5], "uv_size": [1.75, -3.5]}
							}
						}
					]
				},
				{
					"name": "Mecha16",
					"parent": "Hair",
					"pivot": [-2.60028, 30.29419, 0.60424],
					"rotation": [103.92262, -19.89071, 143.51595],
					"cubes": [
						{
							"origin": [-4.2, 28.92, -2.4],
							"size": [2.4, 2.4, 2.4],
							"pivot": [-3, 30.12, 0],
							"rotation": [19.05168, -53.46139, 17.4843],
							"uv": {
								"north": {"uv": [61, 27], "uv_size": [2.5, 2.5]},
								"east": {"uv": [61, 30], "uv_size": [2.5, 2.5]},
								"south": {"uv": [61, 33], "uv_size": [2.5, 2.5]},
								"west": {"uv": [61, 36], "uv_size": [2.5, 2.5]},
								"up": {"uv": [37, 61], "uv_size": [2.5, 2.5]},
								"down": {"uv": [48, 63.5], "uv_size": [2.5, -2.5]}
							}
						},
						{
							"origin": [-2.14138, 27.05094, -2.91079],
							"size": [2.184, 2.184, 3.384],
							"pivot": [-1.04938, 28.14294, -1.81879],
							"rotation": [31.55168, -53.46139, 17.4843],
							"uv": {
								"north": {"uv": [67, 3], "uv_size": [2.25, 2.25]},
								"east": {"uv": [57, 0], "uv_size": [3.5, 2.25]},
								"south": {"uv": [67, 6], "uv_size": [2.25, 2.25]},
								"west": {"uv": [57, 3], "uv_size": [3.5, 2.25]},
								"up": {"uv": [35, 56], "uv_size": [2.25, 3.5]},
								"down": {"uv": [18, 60.5], "uv_size": [2.25, -3.5]}
							}
						},
						{
							"origin": [-1.93514, 27.31989, -5.72131],
							"size": [1.6512, 1.6512, 3.5712],
							"pivot": [-1.10954, 28.14549, -1.77571],
							"rotation": [54.05168, -53.46139, 17.4843],
							"uv": {
								"north": {"uv": [4, 76], "uv_size": [1.75, 1.75]},
								"east": {"uv": [64, 64], "uv_size": [3.5, 1.75]},
								"south": {"uv": [6, 76], "uv_size": [1.75, 1.75]},
								"west": {"uv": [65, 9], "uv_size": [3.5, 1.75]},
								"up": {"uv": [0, 65], "uv_size": [1.75, 3.5]},
								"down": {"uv": [65, 14.5], "uv_size": [1.75, -3.5]}
							}
						}
					]
				},
				{
					"name": "Mecha17",
					"parent": "Hair",
					"pivot": [2.60028, 30.29419, 0.60424],
					"rotation": [103.92262, 19.89071, -143.51595],
					"cubes": [
						{
							"origin": [1.8, 28.92, -2.4],
							"size": [2.4, 2.4, 2.4],
							"pivot": [3, 30.12, 0],
							"rotation": [19.05168, 53.46139, -17.4843],
							"uv": {
								"north": {"uv": [61, 58], "uv_size": [2.5, 2.5]},
								"east": {"uv": [61, 61], "uv_size": [2.5, 2.5]},
								"south": {"uv": [0, 62], "uv_size": [2.5, 2.5]},
								"west": {"uv": [62, 9], "uv_size": [2.5, 2.5]},
								"up": {"uv": [62, 12], "uv_size": [2.5, 2.5]},
								"down": {"uv": [62, 17.5], "uv_size": [2.5, -2.5]}
							}
						},
						{
							"origin": [-0.04262, 27.05094, -2.91079],
							"size": [2.184, 2.184, 3.384],
							"pivot": [1.04938, 28.14294, -1.81879],
							"rotation": [31.55168, 53.46139, -17.4843],
							"uv": {
								"north": {"uv": [67, 11], "uv_size": [2.25, 2.25]},
								"east": {"uv": [57, 6], "uv_size": [3.5, 2.25]},
								"south": {"uv": [14, 67], "uv_size": [2.25, 2.25]},
								"west": {"uv": [21, 57], "uv_size": [3.5, 2.25]},
								"up": {"uv": [25, 57], "uv_size": [2.25, 3.5]},
								"down": {"uv": [28, 60.5], "uv_size": [2.25, -3.5]}
							}
						},
						{
							"origin": [0.28394, 27.31989, -5.72131],
							"size": [1.6512, 1.6512, 3.5712],
							"pivot": [1.10954, 28.14549, -1.77571],
							"rotation": [54.05168, 53.46139, -17.4843],
							"uv": {
								"north": {"uv": [12, 76], "uv_size": [1.75, 1.75]},
								"east": {"uv": [65, 15], "uv_size": [3.5, 1.75]},
								"south": {"uv": [76, 12], "uv_size": [1.75, 1.75]},
								"west": {"uv": [65, 17], "uv_size": [3.5, 1.75]},
								"up": {"uv": [65, 19], "uv_size": [1.75, 3.5]},
								"down": {"uv": [65, 26.5], "uv_size": [1.75, -3.5]}
							}
						}
					]
				},
				{
					"name": "Mecha18",
					"parent": "Hair",
					"pivot": [1.60028, 29.29419, 0.60424],
					"rotation": [95.58099, 32.97719, -167.43057],
					"cubes": [
						{
							"origin": [0.8, 27.92, -2.4],
							"size": [2.4, 2.4, 2.4],
							"pivot": [2, 29.12, 0],
							"rotation": [19.05168, 53.46139, -17.4843],
							"uv": {
								"north": {"uv": [62, 18], "uv_size": [2.5, 2.5]},
								"east": {"uv": [62, 21], "uv_size": [2.5, 2.5]},
								"south": {"uv": [62, 24], "uv_size": [2.5, 2.5]},
								"west": {"uv": [40, 62], "uv_size": [2.5, 2.5]},
								"up": {"uv": [43, 62], "uv_size": [2.5, 2.5]},
								"down": {"uv": [62, 49.5], "uv_size": [2.5, -2.5]}
							}
						},
						{
							"origin": [-1.04262, 26.05094, -2.91079],
							"size": [2.184, 2.184, 3.384],
							"pivot": [0.04938, 27.14294, -1.81879],
							"rotation": [31.55168, 53.46139, -17.4843],
							"uv": {
								"north": {"uv": [67, 19], "uv_size": [2.25, 2.25]},
								"east": {"uv": [31, 57], "uv_size": [3.5, 2.25]},
								"south": {"uv": [22, 67], "uv_size": [2.25, 2.25]},
								"west": {"uv": [57, 38], "uv_size": [3.5, 2.25]},
								"up": {"uv": [57, 41], "uv_size": [2.25, 3.5]},
								"down": {"uv": [57, 48.5], "uv_size": [2.25, -3.5]}
							}
						},
						{
							"origin": [-0.71606, 26.31989, -5.72131],
							"size": [1.6512, 1.6512, 3.5712],
							"pivot": [0.10954, 27.14549, -1.77571],
							"rotation": [54.05168, 53.46139, -17.4843],
							"uv": {
								"north": {"uv": [14, 76], "uv_size": [1.75, 1.75]},
								"east": {"uv": [39, 65], "uv_size": [3.5, 1.75]},
								"south": {"uv": [76, 14], "uv_size": [1.75, 1.75]},
								"west": {"uv": [65, 47], "uv_size": [3.5, 1.75]},
								"up": {"uv": [43, 65], "uv_size": [1.75, 3.5]},
								"down": {"uv": [65, 52.5], "uv_size": [1.75, -3.5]}
							}
						}
					]
				},
				{
					"name": "Mecha19",
					"parent": "Hair",
					"pivot": [-1.60028, 29.29419, 0.60424],
					"rotation": [95.58099, -32.97719, 167.43057],
					"cubes": [
						{
							"origin": [-3.2, 27.92, -2.4],
							"size": [2.4, 2.4, 2.4],
							"pivot": [-2, 29.12, 0],
							"rotation": [19.05168, -53.46139, 17.4843],
							"uv": {
								"north": {"uv": [62, 50], "uv_size": [2.5, 2.5]},
								"east": {"uv": [51, 62], "uv_size": [2.5, 2.5]},
								"south": {"uv": [62, 53], "uv_size": [2.5, 2.5]},
								"west": {"uv": [54, 62], "uv_size": [2.5, 2.5]},
								"up": {"uv": [57, 62], "uv_size": [2.5, 2.5]},
								"down": {"uv": [3, 65.5], "uv_size": [2.5, -2.5]}
							}
						},
						{
							"origin": [-1.14138, 26.05094, -2.91079],
							"size": [2.184, 2.184, 3.384],
							"pivot": [-0.04938, 27.14294, -1.81879],
							"rotation": [31.55168, -53.46139, 17.4843],
							"uv": {
								"north": {"uv": [67, 22], "uv_size": [2.25, 2.25]},
								"east": {"uv": [58, 12], "uv_size": [3.5, 2.25]},
								"south": {"uv": [25, 67], "uv_size": [2.25, 2.25]},
								"west": {"uv": [58, 15], "uv_size": [3.5, 2.25]},
								"up": {"uv": [58, 29], "uv_size": [2.25, 3.5]},
								"down": {"uv": [58, 36.5], "uv_size": [2.25, -3.5]}
							}
						},
						{
							"origin": [-0.93514, 26.31989, -5.72131],
							"size": [1.6512, 1.6512, 3.5712],
							"pivot": [-0.10954, 27.14549, -1.77571],
							"rotation": [54.05168, -53.46139, 17.4843],
							"uv": {
								"north": {"uv": [20, 76], "uv_size": [1.75, 1.75]},
								"east": {"uv": [50, 65], "uv_size": [3.5, 1.75]},
								"south": {"uv": [76, 23], "uv_size": [1.75, 1.75]},
								"west": {"uv": [65, 53], "uv_size": [3.5, 1.75]},
								"up": {"uv": [54, 65], "uv_size": [1.75, 3.5]},
								"down": {"uv": [56, 68.5], "uv_size": [1.75, -3.5]}
							}
						}
					]
				},
				{
					"name": "Mecha11",
					"parent": "Hair",
					"pivot": [-2.60028, 29.29419, -2.39576],
					"rotation": [49.25947, -22.74429, -159.87093],
					"cubes": [
						{
							"origin": [-4.2, 27.92, -5.4],
							"size": [2.4, 2.4, 2.4],
							"pivot": [-3, 29.12, -3],
							"rotation": [19.05168, -53.46139, 17.4843],
							"uv": {
								"north": {"uv": [6, 63], "uv_size": [2.5, 2.5]},
								"east": {"uv": [9, 63], "uv_size": [2.5, 2.5]},
								"south": {"uv": [12, 63], "uv_size": [2.5, 2.5]},
								"west": {"uv": [19, 63], "uv_size": [2.5, 2.5]},
								"up": {"uv": [30, 63], "uv_size": [2.5, 2.5]},
								"down": {"uv": [33, 65.5], "uv_size": [2.5, -2.5]}
							}
						},
						{
							"origin": [-2.14138, 26.05094, -5.91079],
							"size": [2.184, 2.184, 3.384],
							"pivot": [-1.04938, 27.14294, -4.81879],
							"rotation": [31.55168, -53.46139, 17.4843],
							"uv": {
								"north": {"uv": [67, 25], "uv_size": [2.25, 2.25]},
								"east": {"uv": [58, 18], "uv_size": [3.5, 2.25]},
								"south": {"uv": [67, 28], "uv_size": [2.25, 2.25]},
								"west": {"uv": [38, 58], "uv_size": [3.5, 2.25]},
								"up": {"uv": [42, 58], "uv_size": [2.25, 3.5]},
								"down": {"uv": [45, 61.5], "uv_size": [2.25, -3.5]}
							}
						},
						{
							"origin": [-1.93514, 26.31989, -8.72131],
							"size": [1.6512, 1.6512, 3.5712],
							"pivot": [-1.10954, 27.14549, -4.77571],
							"rotation": [54.05168, -53.46139, 17.4843],
							"uv": {
								"north": {"uv": [30, 76], "uv_size": [1.75, 1.75]},
								"east": {"uv": [2, 66], "uv_size": [3.5, 1.75]},
								"south": {"uv": [76, 31], "uv_size": [1.75, 1.75]},
								"west": {"uv": [6, 66], "uv_size": [3.5, 1.75]},
								"up": {"uv": [58, 65], "uv_size": [1.75, 3.5]},
								"down": {"uv": [10, 69.5], "uv_size": [1.75, -3.5]}
							}
						}
					]
				},
				{
					"name": "Mecha12",
					"parent": "Hair",
					"pivot": [-0.39972, 29.29419, -2.39576],
					"rotation": [113.12393, -37.59953, 106.12359],
					"cubes": [
						{
							"origin": [-1.2, 27.92, -5.4],
							"size": [2.4, 2.4, 2.4],
							"pivot": [0, 29.12, -3],
							"rotation": [19.05168, 53.46139, -17.4843],
							"uv": {
								"north": {"uv": [63, 39], "uv_size": [2.5, 2.5]},
								"east": {"uv": [63, 42], "uv_size": [2.5, 2.5]},
								"south": {"uv": [64, 0], "uv_size": [2.5, 2.5]},
								"west": {"uv": [64, 3], "uv_size": [2.5, 2.5]},
								"up": {"uv": [64, 6], "uv_size": [2.5, 2.5]},
								"down": {"uv": [15, 66.5], "uv_size": [2.5, -2.5]}
							}
						},
						{
							"origin": [-3.04262, 26.05094, -5.91079],
							"size": [2.184, 2.184, 3.384],
							"pivot": [-1.95062, 27.14294, -4.81879],
							"rotation": [31.55168, 53.46139, -17.4843],
							"uv": {
								"north": {"uv": [67, 31], "uv_size": [2.25, 2.25]},
								"east": {"uv": [48, 58], "uv_size": [3.5, 2.25]},
								"south": {"uv": [36, 67], "uv_size": [2.25, 2.25]},
								"west": {"uv": [58, 49], "uv_size": [3.5, 2.25]},
								"up": {"uv": [55, 58], "uv_size": [2.25, 3.5]},
								"down": {"uv": [58, 61.5], "uv_size": [2.25, -3.5]}
							}
						},
						{
							"origin": [-2.71606, 26.31989, -8.72131],
							"size": [1.6512, 1.6512, 3.5712],
							"pivot": [-1.89046, 27.14549, -4.77571],
							"rotation": [54.05168, 53.46139, -17.4843],
							"uv": {
								"north": {"uv": [76, 33], "uv_size": [1.75, 1.75]},
								"east": {"uv": [18, 66], "uv_size": [3.5, 1.75]},
								"south": {"uv": [34, 76], "uv_size": [1.75, 1.75]},
								"west": {"uv": [30, 66], "uv_size": [3.5, 1.75]},
								"up": {"uv": [12, 66], "uv_size": [1.75, 3.5]},
								"down": {"uv": [34, 69.5], "uv_size": [1.75, -3.5]}
							}
						}
					]
				},
				{
					"name": "Mecha13",
					"parent": "Hair",
					"pivot": [0.39972, 29.29419, -2.39576],
					"rotation": [113.12393, 37.59953, -106.12359],
					"cubes": [
						{
							"origin": [-1.2, 27.92, -5.4],
							"size": [2.4, 2.4, 2.4],
							"pivot": [0, 29.12, -3],
							"rotation": [19.05168, -53.46139, 17.4843],
							"uv": {
								"north": {"uv": [22, 64], "uv_size": [2.5, 2.5]},
								"east": {"uv": [25, 64], "uv_size": [2.5, 2.5]},
								"south": {"uv": [64, 27], "uv_size": [2.5, 2.5]},
								"west": {"uv": [64, 30], "uv_size": [2.5, 2.5]},
								"up": {"uv": [64, 33], "uv_size": [2.5, 2.5]},
								"down": {"uv": [36, 66.5], "uv_size": [2.5, -2.5]}
							}
						},
						{
							"origin": [0.85862, 26.05094, -5.91079],
							"size": [2.184, 2.184, 3.384],
							"pivot": [1.95062, 27.14294, -4.81879],
							"rotation": [31.55168, -53.46139, 17.4843],
							"uv": {
								"north": {"uv": [39, 67], "uv_size": [2.25, 2.25]},
								"east": {"uv": [58, 52], "uv_size": [3.5, 2.25]},
								"south": {"uv": [67, 49], "uv_size": [2.25, 2.25]},
								"west": {"uv": [0, 59], "uv_size": [3.5, 2.25]},
								"up": {"uv": [10, 59], "uv_size": [2.25, 3.5]},
								"down": {"uv": [13, 62.5], "uv_size": [2.25, -3.5]}
							}
						},
						{
							"origin": [1.06486, 26.31989, -8.72131],
							"size": [1.6512, 1.6512, 3.5712],
							"pivot": [1.89046, 27.14549, -4.77571],
							"rotation": [54.05168, -53.46139, 17.4843],
							"uv": {
								"north": {"uv": [76, 35], "uv_size": [1.75, 1.75]},
								"east": {"uv": [66, 38], "uv_size": [3.5, 1.75]},
								"south": {"uv": [76, 52], "uv_size": [1.75, 1.75]},
								"west": {"uv": [66, 40], "uv_size": [3.5, 1.75]},
								"up": {"uv": [45, 66], "uv_size": [1.75, 3.5]},
								"down": {"uv": [60, 69.5], "uv_size": [1.75, -3.5]}
							}
						}
					]
				},
				{
					"name": "Mecha5",
					"parent": "Hair",
					"pivot": [-2.60028, 28.29419, -1.39576],
					"rotation": [53.47242, -18.40289, 170.29012],
					"cubes": [
						{
							"origin": [-4, 27.12, -4],
							"size": [2, 2, 2],
							"pivot": [-3, 28.12, -2],
							"rotation": [19.05168, -53.46139, 17.4843],
							"uv": {
								"north": {"uv": [75, 19], "uv_size": [2, 2]},
								"east": {"uv": [75, 21], "uv_size": [2, 2]},
								"south": {"uv": [22, 75], "uv_size": [2, 2]},
								"west": {"uv": [24, 75], "uv_size": [2, 2]},
								"up": {"uv": [75, 25], "uv_size": [2, 2]},
								"down": {"uv": [26, 77], "uv_size": [2, -2]}
							}
						},
						{
							"origin": [-2.28448, 25.56245, -4.42566],
							"size": [1.82, 1.82, 2.82],
							"pivot": [-1.37448, 26.47245, -3.51566],
							"rotation": [31.55168, -53.46139, 17.4843],
							"uv": {
								"north": {"uv": [61, 76], "uv_size": [1.75, 1.75]},
								"east": {"uv": [24, 70], "uv_size": [2.75, 1.75]},
								"south": {"uv": [63, 76], "uv_size": [1.75, 1.75]},
								"west": {"uv": [70, 26], "uv_size": [2.75, 1.75]},
								"up": {"uv": [27, 70], "uv_size": [1.75, 2.75]},
								"down": {"uv": [70, 30.75], "uv_size": [1.75, -2.75]}
							}
						},
						{
							"origin": [-2.11262, 25.78657, -6.76776],
							"size": [1.376, 1.376, 2.976],
							"pivot": [-1.42462, 26.47457, -3.47976],
							"rotation": [54.05168, -53.46139, 17.4843],
							"uv": {
								"north": {"uv": [36, 77], "uv_size": [1.5, 1.5]},
								"east": {"uv": [72, 59], "uv_size": [3, 1.5]},
								"south": {"uv": [77, 37], "uv_size": [1.5, 1.5]},
								"west": {"uv": [72, 61], "uv_size": [3, 1.5]},
								"up": {"uv": [65, 72], "uv_size": [1.5, 3]},
								"down": {"uv": [67, 75], "uv_size": [1.5, -3]}
							}
						}
					]
				}
			]
		}
	]
}