{
	"format_version": "1.12.0",
	"minecraft:geometry": [
		{
			"description": {
				"identifier": "geometry.gohantssj2outline",
				"texture_width": 64,
				"texture_height": 64,
				"visible_bounds_width": 3,
				"visible_bounds_height": 3.5,
				"visible_bounds_offset": [0, 1.25, 0]
			},
			"bones": [
				{
					"name": "Tudo",
					"pivot": [0, 12, 0]
				},
				{
					"name": "Corpo",
					"parent": "Tudo",
					"pivot": [0, 22.32, 0],
					"cubes": [
						{
							"origin": [-3.72, 11.16, -1.86],
							"size": [7.44, 11.16, 3.72],
							"inflate": 0.4,
							"uv": {
								"north": {"uv": [0, 0], "uv_size": [8, 12]},
								"east": {"uv": [0, 27], "uv_size": [4, 12]},
								"south": {"uv": [8, 0], "uv_size": [8, 12]},
								"west": {"uv": [4, 27], "uv_size": [4, 12]},
								"up": {"uv": [22, 39], "uv_size": [8, 4]},
								"down": {"uv": [40, 16], "uv_size": [8, -4]}
							}
						}
					],
					"locators": {
						"gohantssj2outline": [0, 19, 0]
					}
				},
				{
					"name": "Roupa",
					"parent": "Corpo",
					"pivot": [0, 19.065, 0],
					"cubes": [
						{
							"origin": [-4.0176, 16.5168, -2.0088],
							"size": [8.0352, 6.0264, 4.0176],
							"inflate": 0.4,
							"uv": {
								"north": {"uv": [0, 12], "uv_size": [10.75, 7.5]},
								"east": {"uv": [40, 16], "uv_size": [4.25, 7.5]},
								"south": {"uv": [11, 12], "uv_size": [10.75, 7.5]},
								"west": {"uv": [40, 24], "uv_size": [4.25, 7.5]},
								"up": {"uv": [0, 39], "uv_size": [10.75, 4.25]},
								"down": {"uv": [11, 43.25], "uv_size": [10.75, -4.25]}
							}
						}
					]
				},
				{
					"name": "rightBraco",
					"parent": "Corpo",
					"pivot": [-4.65, 20.46, 0],
					"cubes": [
						{
							"origin": [-7.44, 11.16, -1.86],
							"size": [3.72, 11.16, 3.72],
							"inflate": 0.4,
							"uv": {
								"north": {"uv": [24, 27], "uv_size": [4, 12]},
								"east": {"uv": [28, 14], "uv_size": [4, 12]},
								"south": {"uv": [28, 26], "uv_size": [4, 12]},
								"west": {"uv": [29, 0], "uv_size": [4, 12]},
								"up": {"uv": [51, 29], "uv_size": [4, 4]},
								"down": {"uv": [51, 37], "uv_size": [4, -4]}
							}
						}
					]
				},
				{
					"name": "leftBiceps",
					"parent": "rightBraco",
					"pivot": [-5.115, 17.67, -0.465],
					"cubes": [
						{
							"origin": [-6.6216, 15.6984, -1.9716],
							"size": [3.0132, 3.9432, 3.0132],
							"inflate": 0.4,
							"uv": {
								"north": {"uv": [13, 52], "uv_size": [3.25, 4.25]},
								"east": {"uv": [40, 52], "uv_size": [3.25, 4.25]},
								"south": {"uv": [44, 52], "uv_size": [3.25, 4.25]},
								"west": {"uv": [48, 52], "uv_size": [3.25, 4.25]},
								"up": {"uv": [55, 32], "uv_size": [3.25, 3.25]},
								"down": {"uv": [55, 39.25], "uv_size": [3.25, -3.25]}
							}
						}
					]
				},
				{
					"name": "leftBraco",
					"parent": "Corpo",
					"pivot": [4.65, 20.46, 0],
					"cubes": [
						{
							"origin": [3.72, 11.16, -1.86],
							"size": [3.72, 11.16, 3.72],
							"inflate": 0.4,
							"uv": {
								"north": {"uv": [28, 27], "uv_size": [-4, 12]},
								"east": {"uv": [33, 0], "uv_size": [-4, 12]},
								"south": {"uv": [32, 26], "uv_size": [-4, 12]},
								"west": {"uv": [32, 14], "uv_size": [-4, 12]},
								"up": {"uv": [55, 29], "uv_size": [-4, 4]},
								"down": {"uv": [55, 37], "uv_size": [-4, -4]}
							}
						}
					]
				},
				{
					"name": "rightBiceps",
					"parent": "leftBraco",
					"pivot": [5.115, 17.67, -0.465],
					"cubes": [
						{
							"origin": [3.6084, 15.6984, -1.9716],
							"size": [3.0132, 3.9432, 3.0132],
							"inflate": 0.4,
							"uv": {
								"north": {"uv": [16.25, 52], "uv_size": [-3.25, 4.25]},
								"east": {"uv": [51.25, 52], "uv_size": [-3.25, 4.25]},
								"south": {"uv": [47.25, 52], "uv_size": [-3.25, 4.25]},
								"west": {"uv": [43.25, 52], "uv_size": [-3.25, 4.25]},
								"up": {"uv": [58.25, 32], "uv_size": [-3.25, 3.25]},
								"down": {"uv": [58.25, 39.25], "uv_size": [-3.25, -3.25]}
							}
						}
					]
				},
				{
					"name": "rightPerna",
					"parent": "Corpo",
					"pivot": [-1.767, 11.16, 0],
					"cubes": [
						{
							"origin": [-3.627, 0, -1.86],
							"size": [3.72, 11.16, 3.72],
							"inflate": 0.4,
							"uv": {
								"north": {"uv": [8, 27], "uv_size": [4, 12]},
								"east": {"uv": [12, 27], "uv_size": [4, 12]},
								"south": {"uv": [16, 27], "uv_size": [4, 12]},
								"west": {"uv": [20, 27], "uv_size": [4, 12]},
								"up": {"uv": [50, 44], "uv_size": [4, 4]},
								"down": {"uv": [51, 8], "uv_size": [4, -4]}
							}
						},
						{
							"origin": [-4.28358, 2.12226, -2.51658],
							"size": [5.03316, 2.82348, 5.03316],
							"inflate": 0.4,
							"uv": {
								"north": {"uv": [12, 49], "uv_size": [5.5, 3]},
								"east": {"uv": [40, 49], "uv_size": [5.5, 3]},
								"south": {"uv": [46, 49], "uv_size": [5.5, 3]},
								"west": {"uv": [50, 14], "uv_size": [5.5, 3]},
								"up": {"uv": [22, 14], "uv_size": [5.5, 5.5]},
								"down": {"uv": [23, 5.5], "uv_size": [5.5, -5.5]}
							}
						},
						{
							"origin": [-4.08225, 4.25888, -2.31525],
							"size": [4.63051, 4.16, 4.63051],
							"inflate": 0.4,
							"uv": {
								"north": {"uv": [15, 44], "uv_size": [5, 4.5]},
								"east": {"uv": [40, 44], "uv_size": [5, 4.5]},
								"south": {"uv": [45, 16], "uv_size": [5, 4.5]},
								"west": {"uv": [45, 21], "uv_size": [5, 4.5]},
								"up": {"uv": [27, 43], "uv_size": [5, 5]},
								"down": {"uv": [0, 49], "uv_size": [5, -5]}
							}
						},
						{
							"origin": [-3.72, -0.093, -1.9716],
							"size": [3.9432, 2.418, 3.9432],
							"inflate": 0.4,
							"uv": {
								"north": {"uv": [25, 53], "uv_size": [4.25, 2.5]},
								"east": {"uv": [30, 53], "uv_size": [4.25, 2.5]},
								"south": {"uv": [35, 53], "uv_size": [4.25, 2.5]},
								"west": {"uv": [52, 53], "uv_size": [4.25, 2.5]},
								"up": {"uv": [20, 48], "uv_size": [4.25, 4.25]},
								"down": {"uv": [25, 52.25], "uv_size": [4.25, -4.25]}
							}
						}
					]
				},
				{
					"name": "leftPerna",
					"parent": "Corpo",
					"pivot": [1.767, 11.16, 0],
					"cubes": [
						{
							"origin": [-0.093, 0, -1.86],
							"size": [3.72, 11.16, 3.72],
							"inflate": 0.4,
							"uv": {
								"north": {"uv": [12, 27], "uv_size": [-4, 12]},
								"east": {"uv": [24, 27], "uv_size": [-4, 12]},
								"south": {"uv": [20, 27], "uv_size": [-4, 12]},
								"west": {"uv": [16, 27], "uv_size": [-4, 12]},
								"up": {"uv": [54, 44], "uv_size": [-4, 4]},
								"down": {"uv": [55, 8], "uv_size": [-4, -4]}
							}
						},
						{
							"origin": [-0.74958, 2.12226, -2.51658],
							"size": [5.03316, 2.82348, 5.03316],
							"inflate": 0.4,
							"uv": {
								"north": {"uv": [17.5, 49], "uv_size": [-5.5, 3]},
								"east": {"uv": [55.5, 14], "uv_size": [-5.5, 3]},
								"south": {"uv": [51.5, 49], "uv_size": [-5.5, 3]},
								"west": {"uv": [45.5, 49], "uv_size": [-5.5, 3]},
								"up": {"uv": [27.5, 14], "uv_size": [-5.5, 5.5]},
								"down": {"uv": [28.5, 5.5], "uv_size": [-5.5, -5.5]}
							}
						},
						{
							"origin": [-0.54825, 4.25888, -2.31525],
							"size": [4.63051, 4.16, 4.63051],
							"inflate": 0.4,
							"uv": {
								"north": {"uv": [20, 44], "uv_size": [-5, 4.5]},
								"east": {"uv": [50, 21], "uv_size": [-5, 4.5]},
								"south": {"uv": [50, 16], "uv_size": [-5, 4.5]},
								"west": {"uv": [45, 44], "uv_size": [-5, 4.5]},
								"up": {"uv": [32, 43], "uv_size": [-5, 5]},
								"down": {"uv": [5, 49], "uv_size": [-5, -5]}
							}
						},
						{
							"origin": [-0.2232, -0.093, -1.9716],
							"size": [3.9432, 2.418, 3.9432],
							"inflate": 0.4,
							"uv": {
								"north": {"uv": [29.25, 53], "uv_size": [-4.25, 2.5]},
								"east": {"uv": [56.25, 53], "uv_size": [-4.25, 2.5]},
								"south": {"uv": [39.25, 53], "uv_size": [-4.25, 2.5]},
								"west": {"uv": [34.25, 53], "uv_size": [-4.25, 2.5]},
								"up": {"uv": [24.25, 48], "uv_size": [-4.25, 4.25]},
								"down": {"uv": [29.25, 52.25], "uv_size": [-4.25, -4.25]}
							}
						}
					]
				},
				{
					"name": "head",
					"parent": "Corpo",
					"pivot": [0, 22.12, 0],
					"cubes": [
						{
							"origin": [-3.52, 22.12, -3.52],
							"size": [7.04, 7.04, 7.04],
							"inflate": 0.4,
							"uv": {
								"north": {"uv": [16, 0], "uv_size": [7, 7]},
								"east": {"uv": [0, 20], "uv_size": [7, 7]},
								"south": {"uv": [7, 20], "uv_size": [7, 7]},
								"west": {"uv": [14, 20], "uv_size": [7, 7]},
								"up": {"uv": [21, 20], "uv_size": [7, 7]},
								"down": {"uv": [22, 14], "uv_size": [7, -7]}
							}
						}
					]
				},
				{
					"name": "Hair",
					"parent": "head",
					"pivot": [0.75, 27.87, 1],
					"rotation": [-17.49074, 0.57826, -0.09863],
					"cubes": [
						{
							"origin": [-1, 24.12, -2],
							"size": [5, 5, 5],
							"inflate": 0.4,
							"uv": {
								"north": {"uv": [46, 36], "uv_size": [5, 4]},
								"east": {"uv": [46, 40], "uv_size": [5, 4]},
								"south": {"uv": [47, 0], "uv_size": [5, 4]},
								"west": {"uv": [48, 10], "uv_size": [5, 4]},
								"up": {"uv": [41, 5], "uv_size": [5, 5]},
								"down": {"uv": [22, 48], "uv_size": [5, -5]}
							}
						},
						{
							"origin": [-4, 24.12, -1],
							"size": [7, 5, 5],
							"inflate": 0.4,
							"uv": {
								"north": {"uv": [46, 36], "uv_size": [5, 4]},
								"east": {"uv": [46, 40], "uv_size": [5, 4]},
								"south": {"uv": [47, 0], "uv_size": [5, 4]},
								"west": {"uv": [48, 10], "uv_size": [5, 4]},
								"up": {"uv": [41, 5], "uv_size": [5, 5]},
								"down": {"uv": [22, 48], "uv_size": [5, -5]}
							}
						},
						{
							"origin": [-3, 27.12, -3],
							"size": [6, 3, 6],
							"inflate": 0.4,
							"uv": {
								"north": {"uv": [0, 49], "uv_size": [6, 3]},
								"east": {"uv": [51, 41], "uv_size": [5, 3]},
								"south": {"uv": [6, 49], "uv_size": [6, 3]},
								"west": {"uv": [8, 52], "uv_size": [5, 3]},
								"up": {"uv": [16, 7], "uv_size": [6, 5]},
								"down": {"uv": [41, 5], "uv_size": [6, -5]}
							}
						}
					]
				},
				{
					"name": "Mecha",
					"parent": "Hair",
					"pivot": [-0.39972, 29.29419, -2.39576],
					"rotation": [3.5481, -9.55191, 24.90983],
					"cubes": [
						{
							"origin": [-1, 28.12, -5],
							"size": [2, 2, 2],
							"inflate": 0.4,
							"pivot": [0, 29.12, -3],
							"rotation": [19.05168, 53.46139, -17.4843],
							"uv": {
								"north": {"uv": [30, 41], "uv_size": [2, 2]},
								"east": {"uv": [48, 14], "uv_size": [2, 2]},
								"south": {"uv": [51, 8], "uv_size": [2, 2]},
								"west": {"uv": [56, 51], "uv_size": [2, 2]},
								"up": {"uv": [56, 56], "uv_size": [2, 2]},
								"down": {"uv": [57, 9], "uv_size": [2, -2]}
							}
						},
						{
							"origin": [-2.49892, 26.70377, -5.48035],
							"size": [1.82, 1.82, 1.82],
							"inflate": 0.4,
							"pivot": [-1.58892, 27.61377, -4.57035],
							"rotation": [31.55168, 53.46139, -17.4843],
							"uv": {
								"north": {"uv": [58, 20], "uv_size": [1.75, 1.75]},
								"east": {"uv": [21, 58], "uv_size": [1.75, 1.75]},
								"south": {"uv": [58, 22], "uv_size": [1.75, 1.75]},
								"west": {"uv": [23, 58], "uv_size": [1.75, 1.75]},
								"up": {"uv": [58, 24], "uv_size": [1.75, 1.75]},
								"down": {"uv": [25, 59.75], "uv_size": [1.75, -1.75]}
							}
						},
						{
							"origin": [-2.67997, 27.76301, -7.53146],
							"size": [1.376, 1.376, 0.976],
							"inflate": 0.4,
							"pivot": [0.00803, 27.45101, -6.24346],
							"rotation": [46.55168, 53.46139, -17.4843],
							"uv": {
								"north": {"uv": [58, 55], "uv_size": [1.5, 1.5]},
								"east": {"uv": [47, 10], "uv_size": [1, 1.5]},
								"south": {"uv": [56, 58], "uv_size": [1.5, 1.5]},
								"west": {"uv": [50, 29], "uv_size": [1, 1.5]},
								"up": {"uv": [47, 4], "uv_size": [1.5, 1]},
								"down": {"uv": [20, 48], "uv_size": [1.5, -1]}
							}
						},
						{
							"origin": [-1.51917, 25.84154, -5.10252],
							"size": [1.05952, 1.05952, 1.52152],
							"inflate": 0.4,
							"pivot": [-0.98941, 24.3713, -5.34176],
							"rotation": [56.55168, 53.46139, -17.4843],
							"uv": {
								"north": {"uv": [45, 31], "uv_size": [1, 1]},
								"east": {"uv": [49, 4], "uv_size": [1.5, 1]},
								"south": {"uv": [19, 52], "uv_size": [1, 1]},
								"west": {"uv": [50, 48], "uv_size": [1.5, 1]},
								"up": {"uv": [7, 56], "uv_size": [1, 1.5]},
								"down": {"uv": [16, 60.5], "uv_size": [1, -1.5]}
							}
						}
					]
				},
				{
					"name": "Mecha2",
					"parent": "Hair",
					"pivot": [2.60028, 25.29419, 3.60424],
					"rotation": [49.5555, 58.5423, -147.59816],
					"cubes": [
						{
							"origin": [2, 24.12, 1],
							"size": [2, 2, 2],
							"inflate": 0.4,
							"pivot": [3, 25.12, 3],
							"rotation": [19.05168, 53.46139, -17.4843],
							"uv": {
								"north": {"uv": [57, 9], "uv_size": [2, 2]},
								"east": {"uv": [57, 11], "uv_size": [2, 2]},
								"south": {"uv": [13, 57], "uv_size": [2, 2]},
								"west": {"uv": [15, 57], "uv_size": [2, 2]},
								"up": {"uv": [40, 57], "uv_size": [2, 2]},
								"down": {"uv": [42, 59], "uv_size": [2, -2]}
							}
						},
						{
							"origin": [0.46448, 22.56245, 0.57434],
							"size": [1.82, 1.82, 2.82],
							"inflate": 0.4,
							"pivot": [1.37448, 23.47245, 1.48434],
							"rotation": [31.55168, 53.46139, -17.4843],
							"uv": {
								"north": {"uv": [32, 58], "uv_size": [1.75, 1.75]},
								"east": {"uv": [29, 12], "uv_size": [2.75, 1.75]},
								"south": {"uv": [34, 58], "uv_size": [1.75, 1.75]},
								"west": {"uv": [41, 10], "uv_size": [2.75, 1.75]},
								"up": {"uv": [30, 38], "uv_size": [1.75, 2.75]},
								"down": {"uv": [20, 46.75], "uv_size": [1.75, -2.75]}
							}
						},
						{
							"origin": [0.73662, 22.78657, -1.76776],
							"size": [1.376, 1.376, 2.976],
							"inflate": 0.4,
							"pivot": [1.42462, 23.47457, 1.52024],
							"rotation": [54.05168, 53.46139, -17.4843],
							"uv": {
								"north": {"uv": [58, 57], "uv_size": [1.5, 1.5]},
								"east": {"uv": [25, 56], "uv_size": [3, 1.5]},
								"south": {"uv": [59, 7], "uv_size": [1.5, 1.5]},
								"west": {"uv": [56, 26], "uv_size": [3, 1.5]},
								"up": {"uv": [28, 56], "uv_size": [1.5, 3]},
								"down": {"uv": [30, 59], "uv_size": [1.5, -3]}
							}
						}
					]
				},
				{
					"name": "Mecha6",
					"parent": "Hair",
					"pivot": [-2.60028, 25.29419, 3.60424],
					"rotation": [49.5555, -58.5423, 147.59816],
					"cubes": [
						{
							"origin": [-4, 24.12, 1],
							"size": [2, 2, 2],
							"inflate": 0.4,
							"pivot": [-3, 25.12, 3],
							"rotation": [19.05168, -53.46139, 17.4843],
							"uv": {
								"north": {"uv": [59, 9], "uv_size": [-2, 2]},
								"east": {"uv": [17, 57], "uv_size": [-2, 2]},
								"south": {"uv": [15, 57], "uv_size": [-2, 2]},
								"west": {"uv": [59, 11], "uv_size": [-2, 2]},
								"up": {"uv": [42, 57], "uv_size": [-2, 2]},
								"down": {"uv": [44, 59], "uv_size": [-2, -2]}
							}
						},
						{
							"origin": [-2.28448, 22.56245, 0.57434],
							"size": [1.82, 1.82, 2.82],
							"inflate": 0.4,
							"pivot": [-1.37448, 23.47245, 1.48434],
							"rotation": [31.55168, -53.46139, 17.4843],
							"uv": {
								"north": {"uv": [33.75, 58], "uv_size": [-1.75, 1.75]},
								"east": {"uv": [43.75, 10], "uv_size": [-2.75, 1.75]},
								"south": {"uv": [35.75, 58], "uv_size": [-1.75, 1.75]},
								"west": {"uv": [31.75, 12], "uv_size": [-2.75, 1.75]},
								"up": {"uv": [31.75, 38], "uv_size": [-1.75, 2.75]},
								"down": {"uv": [21.75, 46.75], "uv_size": [-1.75, -2.75]}
							}
						},
						{
							"origin": [-2.11262, 22.78657, -1.76776],
							"size": [1.376, 1.376, 2.976],
							"inflate": 0.4,
							"pivot": [-1.42462, 23.47457, 1.52024],
							"rotation": [54.05168, -53.46139, 17.4843],
							"uv": {
								"north": {"uv": [59.5, 57], "uv_size": [-1.5, 1.5]},
								"east": {"uv": [59, 26], "uv_size": [-3, 1.5]},
								"south": {"uv": [60.5, 7], "uv_size": [-1.5, 1.5]},
								"west": {"uv": [28, 56], "uv_size": [-3, 1.5]},
								"up": {"uv": [29.5, 56], "uv_size": [-1.5, 3]},
								"down": {"uv": [31.5, 59], "uv_size": [-1.5, -3]}
							}
						}
					]
				},
				{
					"name": "Mecha20",
					"parent": "Hair",
					"pivot": [-2.60028, 26.29419, 3.60424],
					"rotation": [75.47833, -73.28212, 154.74176],
					"cubes": [
						{
							"origin": [-4, 25.12, 1],
							"size": [2, 2, 2],
							"inflate": 0.4,
							"pivot": [-3, 26.12, 3],
							"rotation": [19.05168, -53.46139, 17.4843],
							"uv": {
								"north": {"uv": [59, 9], "uv_size": [-2, 2]},
								"east": {"uv": [17, 57], "uv_size": [-2, 2]},
								"south": {"uv": [15, 57], "uv_size": [-2, 2]},
								"west": {"uv": [59, 11], "uv_size": [-2, 2]},
								"up": {"uv": [42, 57], "uv_size": [-2, 2]},
								"down": {"uv": [44, 59], "uv_size": [-2, -2]}
							}
						},
						{
							"origin": [-2.28448, 23.56245, 0.57434],
							"size": [1.82, 1.82, 2.82],
							"inflate": 0.4,
							"pivot": [-1.37448, 24.47245, 1.48434],
							"rotation": [31.55168, -53.46139, 17.4843],
							"uv": {
								"north": {"uv": [33.75, 58], "uv_size": [-1.75, 1.75]},
								"east": {"uv": [43.75, 10], "uv_size": [-2.75, 1.75]},
								"south": {"uv": [35.75, 58], "uv_size": [-1.75, 1.75]},
								"west": {"uv": [31.75, 12], "uv_size": [-2.75, 1.75]},
								"up": {"uv": [31.75, 38], "uv_size": [-1.75, 2.75]},
								"down": {"uv": [21.75, 46.75], "uv_size": [-1.75, -2.75]}
							}
						},
						{
							"origin": [-2.11262, 23.78657, -1.76776],
							"size": [1.376, 1.376, 2.976],
							"inflate": 0.4,
							"pivot": [-1.42462, 24.47457, 1.52024],
							"rotation": [54.05168, -53.46139, 17.4843],
							"uv": {
								"north": {"uv": [59.5, 57], "uv_size": [-1.5, 1.5]},
								"east": {"uv": [59, 26], "uv_size": [-3, 1.5]},
								"south": {"uv": [60.5, 7], "uv_size": [-1.5, 1.5]},
								"west": {"uv": [28, 56], "uv_size": [-3, 1.5]},
								"up": {"uv": [29.5, 56], "uv_size": [-1.5, 3]},
								"down": {"uv": [31.5, 59], "uv_size": [-1.5, -3]}
							}
						}
					]
				},
				{
					"name": "Mecha21",
					"parent": "Hair",
					"pivot": [2.60028, 26.29419, 3.60424],
					"rotation": [75.47833, 73.28212, -154.74176],
					"cubes": [
						{
							"origin": [2, 25.12, 1],
							"size": [2, 2, 2],
							"inflate": 0.4,
							"pivot": [3, 26.12, 3],
							"rotation": [19.05168, 53.46139, -17.4843],
							"uv": {
								"north": {"uv": [57, 9], "uv_size": [2, 2]},
								"east": {"uv": [57, 11], "uv_size": [2, 2]},
								"south": {"uv": [13, 57], "uv_size": [2, 2]},
								"west": {"uv": [15, 57], "uv_size": [2, 2]},
								"up": {"uv": [40, 57], "uv_size": [2, 2]},
								"down": {"uv": [42, 59], "uv_size": [2, -2]}
							}
						},
						{
							"origin": [0.46448, 23.56245, 0.57434],
							"size": [1.82, 1.82, 2.82],
							"inflate": 0.4,
							"pivot": [1.37448, 24.47245, 1.48434],
							"rotation": [31.55168, 53.46139, -17.4843],
							"uv": {
								"north": {"uv": [32, 58], "uv_size": [1.75, 1.75]},
								"east": {"uv": [29, 12], "uv_size": [2.75, 1.75]},
								"south": {"uv": [34, 58], "uv_size": [1.75, 1.75]},
								"west": {"uv": [41, 10], "uv_size": [2.75, 1.75]},
								"up": {"uv": [30, 38], "uv_size": [1.75, 2.75]},
								"down": {"uv": [20, 46.75], "uv_size": [1.75, -2.75]}
							}
						},
						{
							"origin": [0.73662, 23.78657, -1.76776],
							"size": [1.376, 1.376, 2.976],
							"inflate": 0.4,
							"pivot": [1.42462, 24.47457, 1.52024],
							"rotation": [54.05168, 53.46139, -17.4843],
							"uv": {
								"north": {"uv": [58, 57], "uv_size": [1.5, 1.5]},
								"east": {"uv": [25, 56], "uv_size": [3, 1.5]},
								"south": {"uv": [59, 7], "uv_size": [1.5, 1.5]},
								"west": {"uv": [56, 26], "uv_size": [3, 1.5]},
								"up": {"uv": [28, 56], "uv_size": [1.5, 3]},
								"down": {"uv": [30, 59], "uv_size": [1.5, -3]}
							}
						}
					]
				},
				{
					"name": "Mecha22",
					"parent": "Hair",
					"pivot": [1.60028, 24.29419, 2.60424],
					"rotation": [-179.2793, 25.80365, -7.15764],
					"cubes": [
						{
							"origin": [1, 23.12, 0],
							"size": [2, 2, 2],
							"inflate": 0.4,
							"pivot": [2, 24.12, 2],
							"rotation": [19.05168, 53.46139, -17.4843],
							"uv": {
								"north": {"uv": [57, 9], "uv_size": [2, 2]},
								"east": {"uv": [57, 11], "uv_size": [2, 2]},
								"south": {"uv": [13, 57], "uv_size": [2, 2]},
								"west": {"uv": [15, 57], "uv_size": [2, 2]},
								"up": {"uv": [40, 57], "uv_size": [2, 2]},
								"down": {"uv": [42, 59], "uv_size": [2, -2]}
							}
						},
						{
							"origin": [-0.53552, 21.56245, -0.42566],
							"size": [1.82, 1.82, 2.82],
							"inflate": 0.4,
							"pivot": [0.37448, 22.47245, 0.48434],
							"rotation": [31.55168, 53.46139, -17.4843],
							"uv": {
								"north": {"uv": [32, 58], "uv_size": [1.75, 1.75]},
								"east": {"uv": [29, 12], "uv_size": [2.75, 1.75]},
								"south": {"uv": [34, 58], "uv_size": [1.75, 1.75]},
								"west": {"uv": [41, 10], "uv_size": [2.75, 1.75]},
								"up": {"uv": [30, 38], "uv_size": [1.75, 2.75]},
								"down": {"uv": [20, 46.75], "uv_size": [1.75, -2.75]}
							}
						},
						{
							"origin": [-0.26338, 21.78657, -2.76776],
							"size": [1.376, 1.376, 2.976],
							"inflate": 0.4,
							"pivot": [0.42462, 22.47457, 0.52024],
							"rotation": [54.05168, 53.46139, -17.4843],
							"uv": {
								"north": {"uv": [58, 57], "uv_size": [1.5, 1.5]},
								"east": {"uv": [25, 56], "uv_size": [3, 1.5]},
								"south": {"uv": [59, 7], "uv_size": [1.5, 1.5]},
								"west": {"uv": [56, 26], "uv_size": [3, 1.5]},
								"up": {"uv": [28, 56], "uv_size": [1.5, 3]},
								"down": {"uv": [30, 59], "uv_size": [1.5, -3]}
							}
						}
					]
				},
				{
					"name": "Mecha23",
					"parent": "Hair",
					"pivot": [-1.60028, 24.29419, 2.60424],
					"rotation": [-179.2793, -25.80365, 7.15764],
					"cubes": [
						{
							"origin": [-3, 23.12, 0],
							"size": [2, 2, 2],
							"inflate": 0.4,
							"pivot": [-2, 24.12, 2],
							"rotation": [19.05168, -53.46139, 17.4843],
							"uv": {
								"north": {"uv": [59, 9], "uv_size": [-2, 2]},
								"east": {"uv": [17, 57], "uv_size": [-2, 2]},
								"south": {"uv": [15, 57], "uv_size": [-2, 2]},
								"west": {"uv": [59, 11], "uv_size": [-2, 2]},
								"up": {"uv": [42, 57], "uv_size": [-2, 2]},
								"down": {"uv": [44, 59], "uv_size": [-2, -2]}
							}
						},
						{
							"origin": [-1.28448, 21.56245, -0.42566],
							"size": [1.82, 1.82, 2.82],
							"inflate": 0.4,
							"pivot": [-0.37448, 22.47245, 0.48434],
							"rotation": [31.55168, -53.46139, 17.4843],
							"uv": {
								"north": {"uv": [33.75, 58], "uv_size": [-1.75, 1.75]},
								"east": {"uv": [43.75, 10], "uv_size": [-2.75, 1.75]},
								"south": {"uv": [35.75, 58], "uv_size": [-1.75, 1.75]},
								"west": {"uv": [31.75, 12], "uv_size": [-2.75, 1.75]},
								"up": {"uv": [31.75, 38], "uv_size": [-1.75, 2.75]},
								"down": {"uv": [21.75, 46.75], "uv_size": [-1.75, -2.75]}
							}
						},
						{
							"origin": [-1.11262, 21.78657, -2.76776],
							"size": [1.376, 1.376, 2.976],
							"inflate": 0.4,
							"pivot": [-0.42462, 22.47457, 0.52024],
							"rotation": [54.05168, -53.46139, 17.4843],
							"uv": {
								"north": {"uv": [59.5, 57], "uv_size": [-1.5, 1.5]},
								"east": {"uv": [59, 26], "uv_size": [-3, 1.5]},
								"south": {"uv": [60.5, 7], "uv_size": [-1.5, 1.5]},
								"west": {"uv": [28, 56], "uv_size": [-3, 1.5]},
								"up": {"uv": [29.5, 56], "uv_size": [-1.5, 3]},
								"down": {"uv": [31.5, 59], "uv_size": [-1.5, -3]}
							}
						}
					]
				},
				{
					"name": "Mecha24",
					"parent": "Hair",
					"pivot": [-0.60028, 28.29419, 2.60424],
					"rotation": [-179.2793, -25.80365, 7.15764],
					"cubes": [
						{
							"origin": [-2, 27.12, 0],
							"size": [2, 2, 2],
							"inflate": 0.4,
							"pivot": [-1, 28.12, 2],
							"rotation": [19.05168, -53.46139, 17.4843],
							"uv": {
								"north": {"uv": [59, 9], "uv_size": [-2, 2]},
								"east": {"uv": [17, 57], "uv_size": [-2, 2]},
								"south": {"uv": [15, 57], "uv_size": [-2, 2]},
								"west": {"uv": [59, 11], "uv_size": [-2, 2]},
								"up": {"uv": [42, 57], "uv_size": [-2, 2]},
								"down": {"uv": [44, 59], "uv_size": [-2, -2]}
							}
						},
						{
							"origin": [-0.28448, 25.56245, -0.42566],
							"size": [1.82, 1.82, 2.82],
							"inflate": 0.4,
							"pivot": [0.62552, 26.47245, 0.48434],
							"rotation": [31.55168, -53.46139, 17.4843],
							"uv": {
								"north": {"uv": [33.75, 58], "uv_size": [-1.75, 1.75]},
								"east": {"uv": [43.75, 10], "uv_size": [-2.75, 1.75]},
								"south": {"uv": [35.75, 58], "uv_size": [-1.75, 1.75]},
								"west": {"uv": [31.75, 12], "uv_size": [-2.75, 1.75]},
								"up": {"uv": [31.75, 38], "uv_size": [-1.75, 2.75]},
								"down": {"uv": [21.75, 46.75], "uv_size": [-1.75, -2.75]}
							}
						},
						{
							"origin": [-0.11262, 25.78657, -2.76776],
							"size": [1.376, 1.376, 2.976],
							"inflate": 0.4,
							"pivot": [0.57538, 26.47457, 0.52024],
							"rotation": [54.05168, -53.46139, 17.4843],
							"uv": {
								"north": {"uv": [59.5, 57], "uv_size": [-1.5, 1.5]},
								"east": {"uv": [59, 26], "uv_size": [-3, 1.5]},
								"south": {"uv": [60.5, 7], "uv_size": [-1.5, 1.5]},
								"west": {"uv": [28, 56], "uv_size": [-3, 1.5]},
								"up": {"uv": [29.5, 56], "uv_size": [-1.5, 3]},
								"down": {"uv": [31.5, 59], "uv_size": [-1.5, -3]}
							}
						}
					]
				},
				{
					"name": "Mecha3",
					"parent": "Hair",
					"pivot": [2.60028, 26.29419, -0.39576],
					"rotation": [43.92518, 72.69431, -148.84356],
					"cubes": [
						{
							"origin": [2, 25.12, -3],
							"size": [2, 2, 2],
							"inflate": 0.4,
							"pivot": [3, 26.12, -1],
							"rotation": [19.05168, 53.46139, -17.4843],
							"uv": {
								"north": {"uv": [44, 57], "uv_size": [2, 2]},
								"east": {"uv": [46, 57], "uv_size": [2, 2]},
								"south": {"uv": [48, 57], "uv_size": [2, 2]},
								"west": {"uv": [50, 57], "uv_size": [2, 2]},
								"up": {"uv": [57, 53], "uv_size": [2, 2]},
								"down": {"uv": [4, 60], "uv_size": [2, -2]}
							}
						},
						{
							"origin": [0.46448, 23.56245, -3.42566],
							"size": [1.82, 1.82, 2.82],
							"inflate": 0.4,
							"pivot": [1.37448, 24.47245, -2.51566],
							"rotation": [31.55168, 53.46139, -17.4843],
							"uv": {
								"north": {"uv": [36, 58], "uv_size": [1.75, 1.75]},
								"east": {"uv": [44, 10], "uv_size": [2.75, 1.75]},
								"south": {"uv": [58, 40], "uv_size": [1.75, 1.75]},
								"west": {"uv": [4, 56], "uv_size": [2.75, 1.75]},
								"up": {"uv": [18, 49], "uv_size": [1.75, 2.75]},
								"down": {"uv": [56, 15.75], "uv_size": [1.75, -2.75]}
							}
						},
						{
							"origin": [0.73662, 23.78657, -5.76776],
							"size": [1.376, 1.376, 2.976],
							"inflate": 0.4,
							"pivot": [1.42462, 24.47457, -2.47976],
							"rotation": [54.05168, 53.46139, -17.4843],
							"uv": {
								"north": {"uv": [59, 9], "uv_size": [1.5, 1.5]},
								"east": {"uv": [32, 56], "uv_size": [3, 1.5]},
								"south": {"uv": [59, 11], "uv_size": [1.5, 1.5]},
								"west": {"uv": [35, 56], "uv_size": [3, 1.5]},
								"up": {"uv": [38, 56], "uv_size": [1.5, 3]},
								"down": {"uv": [56, 43], "uv_size": [1.5, -3]}
							}
						}
					]
				},
				{
					"name": "Mecha7",
					"parent": "Hair",
					"pivot": [-2.60028, 26.29419, -0.39576],
					"rotation": [43.92518, -72.69431, 148.84356],
					"cubes": [
						{
							"origin": [-4, 25.12, -3],
							"size": [2, 2, 2],
							"inflate": 0.4,
							"pivot": [-3, 26.12, -1],
							"rotation": [19.05168, -53.46139, 17.4843],
							"uv": {
								"north": {"uv": [46, 57], "uv_size": [-2, 2]},
								"east": {"uv": [52, 57], "uv_size": [-2, 2]},
								"south": {"uv": [50, 57], "uv_size": [-2, 2]},
								"west": {"uv": [48, 57], "uv_size": [-2, 2]},
								"up": {"uv": [59, 53], "uv_size": [-2, 2]},
								"down": {"uv": [6, 60], "uv_size": [-2, -2]}
							}
						},
						{
							"origin": [-2.28448, 23.56245, -3.42566],
							"size": [1.82, 1.82, 2.82],
							"inflate": 0.4,
							"pivot": [-1.37448, 24.47245, -2.51566],
							"rotation": [31.55168, -53.46139, 17.4843],
							"uv": {
								"north": {"uv": [37.75, 58], "uv_size": [-1.75, 1.75]},
								"east": {"uv": [6.75, 56], "uv_size": [-2.75, 1.75]},
								"south": {"uv": [59.75, 40], "uv_size": [-1.75, 1.75]},
								"west": {"uv": [46.75, 10], "uv_size": [-2.75, 1.75]},
								"up": {"uv": [19.75, 49], "uv_size": [-1.75, 2.75]},
								"down": {"uv": [57.75, 15.75], "uv_size": [-1.75, -2.75]}
							}
						},
						{
							"origin": [-2.11262, 23.78657, -5.76776],
							"size": [1.376, 1.376, 2.976],
							"inflate": 0.4,
							"pivot": [-1.42462, 24.47457, -2.47976],
							"rotation": [54.05168, -53.46139, 17.4843],
							"uv": {
								"north": {"uv": [60.5, 9], "uv_size": [-1.5, 1.5]},
								"east": {"uv": [38, 56], "uv_size": [-3, 1.5]},
								"south": {"uv": [60.5, 11], "uv_size": [-1.5, 1.5]},
								"west": {"uv": [35, 56], "uv_size": [-3, 1.5]},
								"up": {"uv": [39.5, 56], "uv_size": [-1.5, 3]},
								"down": {"uv": [57.5, 43], "uv_size": [-1.5, -3]}
							}
						}
					]
				},
				{
					"name": "Mecha8",
					"parent": "Hair",
					"pivot": [-2.60028, 26.29419, 0.60424],
					"rotation": [83.28583, -35.85842, 135.00039],
					"cubes": [
						{
							"origin": [-4, 25.12, -2],
							"size": [2, 2, 2],
							"inflate": 0.4,
							"pivot": [-3, 26.12, 0],
							"rotation": [19.05168, -53.46139, 17.4843],
							"uv": {
								"north": {"uv": [46, 57], "uv_size": [-2, 2]},
								"east": {"uv": [52, 57], "uv_size": [-2, 2]},
								"south": {"uv": [50, 57], "uv_size": [-2, 2]},
								"west": {"uv": [48, 57], "uv_size": [-2, 2]},
								"up": {"uv": [59, 53], "uv_size": [-2, 2]},
								"down": {"uv": [6, 60], "uv_size": [-2, -2]}
							}
						},
						{
							"origin": [-2.28448, 23.56245, -2.42566],
							"size": [1.82, 1.82, 2.82],
							"inflate": 0.4,
							"pivot": [-1.37448, 24.47245, -1.51566],
							"rotation": [31.55168, -53.46139, 17.4843],
							"uv": {
								"north": {"uv": [37.75, 58], "uv_size": [-1.75, 1.75]},
								"east": {"uv": [6.75, 56], "uv_size": [-2.75, 1.75]},
								"south": {"uv": [59.75, 40], "uv_size": [-1.75, 1.75]},
								"west": {"uv": [46.75, 10], "uv_size": [-2.75, 1.75]},
								"up": {"uv": [19.75, 49], "uv_size": [-1.75, 2.75]},
								"down": {"uv": [57.75, 15.75], "uv_size": [-1.75, -2.75]}
							}
						},
						{
							"origin": [-2.11262, 23.78657, -4.76776],
							"size": [1.376, 1.376, 2.976],
							"inflate": 0.4,
							"pivot": [-1.42462, 24.47457, -1.47976],
							"rotation": [54.05168, -53.46139, 17.4843],
							"uv": {
								"north": {"uv": [60.5, 9], "uv_size": [-1.5, 1.5]},
								"east": {"uv": [38, 56], "uv_size": [-3, 1.5]},
								"south": {"uv": [60.5, 11], "uv_size": [-1.5, 1.5]},
								"west": {"uv": [35, 56], "uv_size": [-3, 1.5]},
								"up": {"uv": [39.5, 56], "uv_size": [-1.5, 3]},
								"down": {"uv": [57.5, 43], "uv_size": [-1.5, -3]}
							}
						}
					]
				},
				{
					"name": "Mecha9",
					"parent": "Hair",
					"pivot": [2.60028, 26.29419, 0.60424],
					"rotation": [83.28583, 35.85842, -135.00039],
					"cubes": [
						{
							"origin": [2, 25.12, -2],
							"size": [2, 2, 2],
							"inflate": 0.4,
							"pivot": [3, 26.12, 0],
							"rotation": [19.05168, 53.46139, -17.4843],
							"uv": {
								"north": {"uv": [44, 57], "uv_size": [2, 2]},
								"east": {"uv": [46, 57], "uv_size": [2, 2]},
								"south": {"uv": [48, 57], "uv_size": [2, 2]},
								"west": {"uv": [50, 57], "uv_size": [2, 2]},
								"up": {"uv": [57, 53], "uv_size": [2, 2]},
								"down": {"uv": [4, 60], "uv_size": [2, -2]}
							}
						},
						{
							"origin": [0.46448, 23.56245, -2.42566],
							"size": [1.82, 1.82, 2.82],
							"inflate": 0.4,
							"pivot": [1.37448, 24.47245, -1.51566],
							"rotation": [31.55168, 53.46139, -17.4843],
							"uv": {
								"north": {"uv": [36, 58], "uv_size": [1.75, 1.75]},
								"east": {"uv": [44, 10], "uv_size": [2.75, 1.75]},
								"south": {"uv": [58, 40], "uv_size": [1.75, 1.75]},
								"west": {"uv": [4, 56], "uv_size": [2.75, 1.75]},
								"up": {"uv": [18, 49], "uv_size": [1.75, 2.75]},
								"down": {"uv": [56, 15.75], "uv_size": [1.75, -2.75]}
							}
						},
						{
							"origin": [0.73662, 23.78657, -4.76776],
							"size": [1.376, 1.376, 2.976],
							"inflate": 0.4,
							"pivot": [1.42462, 24.47457, -1.47976],
							"rotation": [54.05168, 53.46139, -17.4843],
							"uv": {
								"north": {"uv": [59, 9], "uv_size": [1.5, 1.5]},
								"east": {"uv": [32, 56], "uv_size": [3, 1.5]},
								"south": {"uv": [59, 11], "uv_size": [1.5, 1.5]},
								"west": {"uv": [35, 56], "uv_size": [3, 1.5]},
								"up": {"uv": [38, 56], "uv_size": [1.5, 3]},
								"down": {"uv": [56, 43], "uv_size": [1.5, -3]}
							}
						}
					]
				},
				{
					"name": "Mecha4",
					"parent": "Hair",
					"pivot": [2.60028, 28.29419, -1.39576],
					"rotation": [53.47242, 18.40289, -170.29012],
					"cubes": [
						{
							"origin": [2, 27.12, -4],
							"size": [2, 2, 2],
							"inflate": 0.4,
							"pivot": [3, 28.12, -2],
							"rotation": [19.05168, 53.46139, -17.4843],
							"uv": {
								"north": {"uv": [6, 58], "uv_size": [2, 2]},
								"east": {"uv": [8, 58], "uv_size": [2, 2]},
								"south": {"uv": [10, 58], "uv_size": [2, 2]},
								"west": {"uv": [58, 13], "uv_size": [2, 2]},
								"up": {"uv": [17, 58], "uv_size": [2, 2]},
								"down": {"uv": [19, 60], "uv_size": [2, -2]}
							}
						},
						{
							"origin": [0.46448, 25.56245, -4.42566],
							"size": [1.82, 1.82, 2.82],
							"inflate": 0.4,
							"pivot": [1.37448, 26.47245, -3.51566],
							"rotation": [31.55168, 53.46139, -17.4843],
							"uv": {
								"north": {"uv": [58, 42], "uv_size": [1.75, 1.75]},
								"east": {"uv": [56, 16], "uv_size": [2.75, 1.75]},
								"south": {"uv": [58, 51], "uv_size": [1.75, 1.75]},
								"west": {"uv": [56, 18], "uv_size": [2.75, 1.75]},
								"up": {"uv": [56, 20], "uv_size": [1.75, 2.75]},
								"down": {"uv": [56, 25.75], "uv_size": [1.75, -2.75]}
							}
						},
						{
							"origin": [0.73662, 25.78657, -6.76776],
							"size": [1.376, 1.376, 2.976],
							"inflate": 0.4,
							"pivot": [1.42462, 26.47457, -3.47976],
							"rotation": [54.05168, 53.46139, -17.4843],
							"uv": {
								"north": {"uv": [12, 59], "uv_size": [1.5, 1.5]},
								"east": {"uv": [56, 47], "uv_size": [3, 1.5]},
								"south": {"uv": [14, 59], "uv_size": [1.5, 1.5]},
								"west": {"uv": [56, 49], "uv_size": [3, 1.5]},
								"up": {"uv": [52, 56], "uv_size": [1.5, 3]},
								"down": {"uv": [54, 59], "uv_size": [1.5, -3]}
							}
						}
					]
				},
				{
					"name": "Mecha10",
					"parent": "Hair",
					"pivot": [2.60028, 29.29419, -2.39576],
					"rotation": [49.25947, 22.74429, 159.87093],
					"cubes": [
						{
							"origin": [1.8, 27.92, -5.4],
							"size": [2.4, 2.4, 2.4],
							"inflate": 0.4,
							"pivot": [3, 29.12, -3],
							"rotation": [19.05168, 53.46139, -17.4843],
							"uv": {
								"north": {"uv": [6, 58], "uv_size": [2, 2]},
								"east": {"uv": [8, 58], "uv_size": [2, 2]},
								"south": {"uv": [10, 58], "uv_size": [2, 2]},
								"west": {"uv": [58, 13], "uv_size": [2, 2]},
								"up": {"uv": [17, 58], "uv_size": [2, 2]},
								"down": {"uv": [19, 60], "uv_size": [2, -2]}
							}
						},
						{
							"origin": [-0.04262, 26.05094, -5.91079],
							"size": [2.184, 2.184, 3.384],
							"inflate": 0.4,
							"pivot": [1.04938, 27.14294, -4.81879],
							"rotation": [31.55168, 53.46139, -17.4843],
							"uv": {
								"north": {"uv": [58, 42], "uv_size": [1.75, 1.75]},
								"east": {"uv": [56, 16], "uv_size": [2.75, 1.75]},
								"south": {"uv": [58, 51], "uv_size": [1.75, 1.75]},
								"west": {"uv": [56, 18], "uv_size": [2.75, 1.75]},
								"up": {"uv": [56, 20], "uv_size": [1.75, 2.75]},
								"down": {"uv": [56, 25.75], "uv_size": [1.75, -2.75]}
							}
						},
						{
							"origin": [0.28394, 26.31989, -8.72131],
							"size": [1.6512, 1.6512, 3.5712],
							"inflate": 0.4,
							"pivot": [1.10954, 27.14549, -4.77571],
							"rotation": [54.05168, 53.46139, -17.4843],
							"uv": {
								"north": {"uv": [12, 59], "uv_size": [1.5, 1.5]},
								"east": {"uv": [56, 47], "uv_size": [3, 1.5]},
								"south": {"uv": [14, 59], "uv_size": [1.5, 1.5]},
								"west": {"uv": [56, 49], "uv_size": [3, 1.5]},
								"up": {"uv": [52, 56], "uv_size": [1.5, 3]},
								"down": {"uv": [54, 59], "uv_size": [1.5, -3]}
							}
						}
					]
				},
				{
					"name": "Mecha14",
					"parent": "Hair",
					"pivot": [2.60028, 31.29419, -0.39576],
					"rotation": [94.50853, 38.78756, -168.88394],
					"cubes": [
						{
							"origin": [1.8, 29.92, -3.4],
							"size": [2.4, 2.4, 2.4],
							"inflate": 0.4,
							"pivot": [3, 31.12, -1],
							"rotation": [19.05168, 53.46139, -17.4843],
							"uv": {
								"north": {"uv": [6, 58], "uv_size": [2, 2]},
								"east": {"uv": [8, 58], "uv_size": [2, 2]},
								"south": {"uv": [10, 58], "uv_size": [2, 2]},
								"west": {"uv": [58, 13], "uv_size": [2, 2]},
								"up": {"uv": [17, 58], "uv_size": [2, 2]},
								"down": {"uv": [19, 60], "uv_size": [2, -2]}
							}
						},
						{
							"origin": [-0.04262, 28.05094, -3.91079],
							"size": [2.184, 2.184, 3.384],
							"inflate": 0.4,
							"pivot": [1.04938, 29.14294, -2.81879],
							"rotation": [31.55168, 53.46139, -17.4843],
							"uv": {
								"north": {"uv": [58, 42], "uv_size": [1.75, 1.75]},
								"east": {"uv": [56, 16], "uv_size": [2.75, 1.75]},
								"south": {"uv": [58, 51], "uv_size": [1.75, 1.75]},
								"west": {"uv": [56, 18], "uv_size": [2.75, 1.75]},
								"up": {"uv": [56, 20], "uv_size": [1.75, 2.75]},
								"down": {"uv": [56, 25.75], "uv_size": [1.75, -2.75]}
							}
						},
						{
							"origin": [0.28394, 28.31989, -6.72131],
							"size": [1.6512, 1.6512, 3.5712],
							"inflate": 0.4,
							"pivot": [1.10954, 29.14549, -2.77571],
							"rotation": [54.05168, 53.46139, -17.4843],
							"uv": {
								"north": {"uv": [12, 59], "uv_size": [1.5, 1.5]},
								"east": {"uv": [56, 47], "uv_size": [3, 1.5]},
								"south": {"uv": [14, 59], "uv_size": [1.5, 1.5]},
								"west": {"uv": [56, 49], "uv_size": [3, 1.5]},
								"up": {"uv": [52, 56], "uv_size": [1.5, 3]},
								"down": {"uv": [54, 59], "uv_size": [1.5, -3]}
							}
						}
					]
				},
				{
					"name": "Mecha15",
					"parent": "Hair",
					"pivot": [-2.60028, 31.29419, -0.39576],
					"rotation": [94.50853, -38.78756, 168.88394],
					"cubes": [
						{
							"origin": [-4.2, 29.92, -3.4],
							"size": [2.4, 2.4, 2.4],
							"inflate": 0.4,
							"pivot": [-3, 31.12, -1],
							"rotation": [19.05168, -53.46139, 17.4843],
							"uv": {
								"north": {"uv": [8, 58], "uv_size": [-2, 2]},
								"east": {"uv": [60, 13], "uv_size": [-2, 2]},
								"south": {"uv": [12, 58], "uv_size": [-2, 2]},
								"west": {"uv": [10, 58], "uv_size": [-2, 2]},
								"up": {"uv": [19, 58], "uv_size": [-2, 2]},
								"down": {"uv": [21, 60], "uv_size": [-2, -2]}
							}
						},
						{
							"origin": [-2.14138, 28.05094, -3.91079],
							"size": [2.184, 2.184, 3.384],
							"inflate": 0.4,
							"pivot": [-1.04938, 29.14294, -2.81879],
							"rotation": [31.55168, -53.46139, 17.4843],
							"uv": {
								"north": {"uv": [59.75, 42], "uv_size": [-1.75, 1.75]},
								"east": {"uv": [58.75, 18], "uv_size": [-2.75, 1.75]},
								"south": {"uv": [59.75, 51], "uv_size": [-1.75, 1.75]},
								"west": {"uv": [58.75, 16], "uv_size": [-2.75, 1.75]},
								"up": {"uv": [57.75, 20], "uv_size": [-1.75, 2.75]},
								"down": {"uv": [57.75, 25.75], "uv_size": [-1.75, -2.75]}
							}
						},
						{
							"origin": [-1.93514, 28.31989, -6.72131],
							"size": [1.6512, 1.6512, 3.5712],
							"inflate": 0.4,
							"pivot": [-1.10954, 29.14549, -2.77571],
							"rotation": [54.05168, -53.46139, 17.4843],
							"uv": {
								"north": {"uv": [13.5, 59], "uv_size": [-1.5, 1.5]},
								"east": {"uv": [59, 49], "uv_size": [-3, 1.5]},
								"south": {"uv": [15.5, 59], "uv_size": [-1.5, 1.5]},
								"west": {"uv": [59, 47], "uv_size": [-3, 1.5]},
								"up": {"uv": [53.5, 56], "uv_size": [-1.5, 3]},
								"down": {"uv": [55.5, 59], "uv_size": [-1.5, -3]}
							}
						}
					]
				},
				{
					"name": "Mecha16",
					"parent": "Hair",
					"pivot": [-2.60028, 30.29419, 0.60424],
					"rotation": [103.92262, -19.89071, 143.51595],
					"cubes": [
						{
							"origin": [-4.2, 28.92, -2.4],
							"size": [2.4, 2.4, 2.4],
							"inflate": 0.4,
							"pivot": [-3, 30.12, 0],
							"rotation": [19.05168, -53.46139, 17.4843],
							"uv": {
								"north": {"uv": [8, 58], "uv_size": [-2, 2]},
								"east": {"uv": [60, 13], "uv_size": [-2, 2]},
								"south": {"uv": [12, 58], "uv_size": [-2, 2]},
								"west": {"uv": [10, 58], "uv_size": [-2, 2]},
								"up": {"uv": [19, 58], "uv_size": [-2, 2]},
								"down": {"uv": [21, 60], "uv_size": [-2, -2]}
							}
						},
						{
							"origin": [-2.14138, 27.05094, -2.91079],
							"size": [2.184, 2.184, 3.384],
							"inflate": 0.4,
							"pivot": [-1.04938, 28.14294, -1.81879],
							"rotation": [31.55168, -53.46139, 17.4843],
							"uv": {
								"north": {"uv": [59.75, 42], "uv_size": [-1.75, 1.75]},
								"east": {"uv": [58.75, 18], "uv_size": [-2.75, 1.75]},
								"south": {"uv": [59.75, 51], "uv_size": [-1.75, 1.75]},
								"west": {"uv": [58.75, 16], "uv_size": [-2.75, 1.75]},
								"up": {"uv": [57.75, 20], "uv_size": [-1.75, 2.75]},
								"down": {"uv": [57.75, 25.75], "uv_size": [-1.75, -2.75]}
							}
						},
						{
							"origin": [-1.93514, 27.31989, -5.72131],
							"size": [1.6512, 1.6512, 3.5712],
							"inflate": 0.4,
							"pivot": [-1.10954, 28.14549, -1.77571],
							"rotation": [54.05168, -53.46139, 17.4843],
							"uv": {
								"north": {"uv": [13.5, 59], "uv_size": [-1.5, 1.5]},
								"east": {"uv": [59, 49], "uv_size": [-3, 1.5]},
								"south": {"uv": [15.5, 59], "uv_size": [-1.5, 1.5]},
								"west": {"uv": [59, 47], "uv_size": [-3, 1.5]},
								"up": {"uv": [53.5, 56], "uv_size": [-1.5, 3]},
								"down": {"uv": [55.5, 59], "uv_size": [-1.5, -3]}
							}
						}
					]
				},
				{
					"name": "Mecha17",
					"parent": "Hair",
					"pivot": [2.60028, 30.29419, 0.60424],
					"rotation": [103.92262, 19.89071, -143.51595],
					"cubes": [
						{
							"origin": [1.8, 28.92, -2.4],
							"size": [2.4, 2.4, 2.4],
							"inflate": 0.4,
							"pivot": [3, 30.12, 0],
							"rotation": [19.05168, 53.46139, -17.4843],
							"uv": {
								"north": {"uv": [6, 58], "uv_size": [2, 2]},
								"east": {"uv": [8, 58], "uv_size": [2, 2]},
								"south": {"uv": [10, 58], "uv_size": [2, 2]},
								"west": {"uv": [58, 13], "uv_size": [2, 2]},
								"up": {"uv": [17, 58], "uv_size": [2, 2]},
								"down": {"uv": [19, 60], "uv_size": [2, -2]}
							}
						},
						{
							"origin": [-0.04262, 27.05094, -2.91079],
							"size": [2.184, 2.184, 3.384],
							"inflate": 0.4,
							"pivot": [1.04938, 28.14294, -1.81879],
							"rotation": [31.55168, 53.46139, -17.4843],
							"uv": {
								"north": {"uv": [58, 42], "uv_size": [1.75, 1.75]},
								"east": {"uv": [56, 16], "uv_size": [2.75, 1.75]},
								"south": {"uv": [58, 51], "uv_size": [1.75, 1.75]},
								"west": {"uv": [56, 18], "uv_size": [2.75, 1.75]},
								"up": {"uv": [56, 20], "uv_size": [1.75, 2.75]},
								"down": {"uv": [56, 25.75], "uv_size": [1.75, -2.75]}
							}
						},
						{
							"origin": [0.28394, 27.31989, -5.72131],
							"size": [1.6512, 1.6512, 3.5712],
							"inflate": 0.4,
							"pivot": [1.10954, 28.14549, -1.77571],
							"rotation": [54.05168, 53.46139, -17.4843],
							"uv": {
								"north": {"uv": [12, 59], "uv_size": [1.5, 1.5]},
								"east": {"uv": [56, 47], "uv_size": [3, 1.5]},
								"south": {"uv": [14, 59], "uv_size": [1.5, 1.5]},
								"west": {"uv": [56, 49], "uv_size": [3, 1.5]},
								"up": {"uv": [52, 56], "uv_size": [1.5, 3]},
								"down": {"uv": [54, 59], "uv_size": [1.5, -3]}
							}
						}
					]
				},
				{
					"name": "Mecha18",
					"parent": "Hair",
					"pivot": [1.60028, 29.29419, 0.60424],
					"rotation": [95.58099, 32.97719, -167.43057],
					"cubes": [
						{
							"origin": [0.8, 27.92, -2.4],
							"size": [2.4, 2.4, 2.4],
							"inflate": 0.4,
							"pivot": [2, 29.12, 0],
							"rotation": [19.05168, 53.46139, -17.4843],
							"uv": {
								"north": {"uv": [6, 58], "uv_size": [2, 2]},
								"east": {"uv": [8, 58], "uv_size": [2, 2]},
								"south": {"uv": [10, 58], "uv_size": [2, 2]},
								"west": {"uv": [58, 13], "uv_size": [2, 2]},
								"up": {"uv": [17, 58], "uv_size": [2, 2]},
								"down": {"uv": [19, 60], "uv_size": [2, -2]}
							}
						},
						{
							"origin": [-1.04262, 26.05094, -2.91079],
							"size": [2.184, 2.184, 3.384],
							"inflate": 0.4,
							"pivot": [0.04938, 27.14294, -1.81879],
							"rotation": [31.55168, 53.46139, -17.4843],
							"uv": {
								"north": {"uv": [58, 42], "uv_size": [1.75, 1.75]},
								"east": {"uv": [56, 16], "uv_size": [2.75, 1.75]},
								"south": {"uv": [58, 51], "uv_size": [1.75, 1.75]},
								"west": {"uv": [56, 18], "uv_size": [2.75, 1.75]},
								"up": {"uv": [56, 20], "uv_size": [1.75, 2.75]},
								"down": {"uv": [56, 25.75], "uv_size": [1.75, -2.75]}
							}
						},
						{
							"origin": [-0.71606, 26.31989, -5.72131],
							"size": [1.6512, 1.6512, 3.5712],
							"inflate": 0.4,
							"pivot": [0.10954, 27.14549, -1.77571],
							"rotation": [54.05168, 53.46139, -17.4843],
							"uv": {
								"north": {"uv": [12, 59], "uv_size": [1.5, 1.5]},
								"east": {"uv": [56, 47], "uv_size": [3, 1.5]},
								"south": {"uv": [14, 59], "uv_size": [1.5, 1.5]},
								"west": {"uv": [56, 49], "uv_size": [3, 1.5]},
								"up": {"uv": [52, 56], "uv_size": [1.5, 3]},
								"down": {"uv": [54, 59], "uv_size": [1.5, -3]}
							}
						}
					]
				},
				{
					"name": "Mecha19",
					"parent": "Hair",
					"pivot": [-1.60028, 29.29419, 0.60424],
					"rotation": [95.58099, -32.97719, 167.43057],
					"cubes": [
						{
							"origin": [-3.2, 27.92, -2.4],
							"size": [2.4, 2.4, 2.4],
							"inflate": 0.4,
							"pivot": [-2, 29.12, 0],
							"rotation": [19.05168, -53.46139, 17.4843],
							"uv": {
								"north": {"uv": [8, 58], "uv_size": [-2, 2]},
								"east": {"uv": [60, 13], "uv_size": [-2, 2]},
								"south": {"uv": [12, 58], "uv_size": [-2, 2]},
								"west": {"uv": [10, 58], "uv_size": [-2, 2]},
								"up": {"uv": [19, 58], "uv_size": [-2, 2]},
								"down": {"uv": [21, 60], "uv_size": [-2, -2]}
							}
						},
						{
							"origin": [-1.14138, 26.05094, -2.91079],
							"size": [2.184, 2.184, 3.384],
							"inflate": 0.4,
							"pivot": [-0.04938, 27.14294, -1.81879],
							"rotation": [31.55168, -53.46139, 17.4843],
							"uv": {
								"north": {"uv": [59.75, 42], "uv_size": [-1.75, 1.75]},
								"east": {"uv": [58.75, 18], "uv_size": [-2.75, 1.75]},
								"south": {"uv": [59.75, 51], "uv_size": [-1.75, 1.75]},
								"west": {"uv": [58.75, 16], "uv_size": [-2.75, 1.75]},
								"up": {"uv": [57.75, 20], "uv_size": [-1.75, 2.75]},
								"down": {"uv": [57.75, 25.75], "uv_size": [-1.75, -2.75]}
							}
						},
						{
							"origin": [-0.93514, 26.31989, -5.72131],
							"size": [1.6512, 1.6512, 3.5712],
							"inflate": 0.4,
							"pivot": [-0.10954, 27.14549, -1.77571],
							"rotation": [54.05168, -53.46139, 17.4843],
							"uv": {
								"north": {"uv": [13.5, 59], "uv_size": [-1.5, 1.5]},
								"east": {"uv": [59, 49], "uv_size": [-3, 1.5]},
								"south": {"uv": [15.5, 59], "uv_size": [-1.5, 1.5]},
								"west": {"uv": [59, 47], "uv_size": [-3, 1.5]},
								"up": {"uv": [53.5, 56], "uv_size": [-1.5, 3]},
								"down": {"uv": [55.5, 59], "uv_size": [-1.5, -3]}
							}
						}
					]
				},
				{
					"name": "Mecha11",
					"parent": "Hair",
					"pivot": [-2.60028, 29.29419, -2.39576],
					"rotation": [49.25947, -22.74429, -159.87093],
					"cubes": [
						{
							"origin": [-4.2, 27.92, -5.4],
							"size": [2.4, 2.4, 2.4],
							"inflate": 0.4,
							"pivot": [-3, 29.12, -3],
							"rotation": [19.05168, -53.46139, 17.4843],
							"uv": {
								"north": {"uv": [8, 58], "uv_size": [-2, 2]},
								"east": {"uv": [60, 13], "uv_size": [-2, 2]},
								"south": {"uv": [12, 58], "uv_size": [-2, 2]},
								"west": {"uv": [10, 58], "uv_size": [-2, 2]},
								"up": {"uv": [19, 58], "uv_size": [-2, 2]},
								"down": {"uv": [21, 60], "uv_size": [-2, -2]}
							}
						},
						{
							"origin": [-2.14138, 26.05094, -5.91079],
							"size": [2.184, 2.184, 3.384],
							"inflate": 0.4,
							"pivot": [-1.04938, 27.14294, -4.81879],
							"rotation": [31.55168, -53.46139, 17.4843],
							"uv": {
								"north": {"uv": [59.75, 42], "uv_size": [-1.75, 1.75]},
								"east": {"uv": [58.75, 18], "uv_size": [-2.75, 1.75]},
								"south": {"uv": [59.75, 51], "uv_size": [-1.75, 1.75]},
								"west": {"uv": [58.75, 16], "uv_size": [-2.75, 1.75]},
								"up": {"uv": [57.75, 20], "uv_size": [-1.75, 2.75]},
								"down": {"uv": [57.75, 25.75], "uv_size": [-1.75, -2.75]}
							}
						},
						{
							"origin": [-1.93514, 26.31989, -8.72131],
							"size": [1.6512, 1.6512, 3.5712],
							"inflate": 0.4,
							"pivot": [-1.10954, 27.14549, -4.77571],
							"rotation": [54.05168, -53.46139, 17.4843],
							"uv": {
								"north": {"uv": [13.5, 59], "uv_size": [-1.5, 1.5]},
								"east": {"uv": [59, 49], "uv_size": [-3, 1.5]},
								"south": {"uv": [15.5, 59], "uv_size": [-1.5, 1.5]},
								"west": {"uv": [59, 47], "uv_size": [-3, 1.5]},
								"up": {"uv": [53.5, 56], "uv_size": [-1.5, 3]},
								"down": {"uv": [55.5, 59], "uv_size": [-1.5, -3]}
							}
						}
					]
				},
				{
					"name": "Mecha12",
					"parent": "Hair",
					"pivot": [-0.39972, 29.29419, -2.39576],
					"rotation": [113.12393, -37.59953, 106.12359],
					"cubes": [
						{
							"origin": [-1.2, 27.92, -5.4],
							"size": [2.4, 2.4, 2.4],
							"inflate": 0.4,
							"pivot": [0, 29.12, -3],
							"rotation": [19.05168, 53.46139, -17.4843],
							"uv": {
								"north": {"uv": [6, 58], "uv_size": [2, 2]},
								"east": {"uv": [8, 58], "uv_size": [2, 2]},
								"south": {"uv": [10, 58], "uv_size": [2, 2]},
								"west": {"uv": [58, 13], "uv_size": [2, 2]},
								"up": {"uv": [17, 58], "uv_size": [2, 2]},
								"down": {"uv": [19, 60], "uv_size": [2, -2]}
							}
						},
						{
							"origin": [-3.04262, 26.05094, -5.91079],
							"size": [2.184, 2.184, 3.384],
							"inflate": 0.4,
							"pivot": [-1.95062, 27.14294, -4.81879],
							"rotation": [31.55168, 53.46139, -17.4843],
							"uv": {
								"north": {"uv": [58, 42], "uv_size": [1.75, 1.75]},
								"east": {"uv": [56, 16], "uv_size": [2.75, 1.75]},
								"south": {"uv": [58, 51], "uv_size": [1.75, 1.75]},
								"west": {"uv": [56, 18], "uv_size": [2.75, 1.75]},
								"up": {"uv": [56, 20], "uv_size": [1.75, 2.75]},
								"down": {"uv": [56, 25.75], "uv_size": [1.75, -2.75]}
							}
						},
						{
							"origin": [-2.71606, 26.31989, -8.72131],
							"size": [1.6512, 1.6512, 3.5712],
							"inflate": 0.4,
							"pivot": [-1.89046, 27.14549, -4.77571],
							"rotation": [54.05168, 53.46139, -17.4843],
							"uv": {
								"north": {"uv": [12, 59], "uv_size": [1.5, 1.5]},
								"east": {"uv": [56, 47], "uv_size": [3, 1.5]},
								"south": {"uv": [14, 59], "uv_size": [1.5, 1.5]},
								"west": {"uv": [56, 49], "uv_size": [3, 1.5]},
								"up": {"uv": [52, 56], "uv_size": [1.5, 3]},
								"down": {"uv": [54, 59], "uv_size": [1.5, -3]}
							}
						}
					]
				},
				{
					"name": "Mecha13",
					"parent": "Hair",
					"pivot": [0.39972, 29.29419, -2.39576],
					"rotation": [113.12393, 37.59953, -106.12359],
					"cubes": [
						{
							"origin": [-1.2, 27.92, -5.4],
							"size": [2.4, 2.4, 2.4],
							"inflate": 0.4,
							"pivot": [0, 29.12, -3],
							"rotation": [19.05168, -53.46139, 17.4843],
							"uv": {
								"north": {"uv": [8, 58], "uv_size": [-2, 2]},
								"east": {"uv": [60, 13], "uv_size": [-2, 2]},
								"south": {"uv": [12, 58], "uv_size": [-2, 2]},
								"west": {"uv": [10, 58], "uv_size": [-2, 2]},
								"up": {"uv": [19, 58], "uv_size": [-2, 2]},
								"down": {"uv": [21, 60], "uv_size": [-2, -2]}
							}
						},
						{
							"origin": [0.85862, 26.05094, -5.91079],
							"size": [2.184, 2.184, 3.384],
							"inflate": 0.4,
							"pivot": [1.95062, 27.14294, -4.81879],
							"rotation": [31.55168, -53.46139, 17.4843],
							"uv": {
								"north": {"uv": [59.75, 42], "uv_size": [-1.75, 1.75]},
								"east": {"uv": [58.75, 18], "uv_size": [-2.75, 1.75]},
								"south": {"uv": [59.75, 51], "uv_size": [-1.75, 1.75]},
								"west": {"uv": [58.75, 16], "uv_size": [-2.75, 1.75]},
								"up": {"uv": [57.75, 20], "uv_size": [-1.75, 2.75]},
								"down": {"uv": [57.75, 25.75], "uv_size": [-1.75, -2.75]}
							}
						},
						{
							"origin": [1.06486, 26.31989, -8.72131],
							"size": [1.6512, 1.6512, 3.5712],
							"inflate": 0.4,
							"pivot": [1.89046, 27.14549, -4.77571],
							"rotation": [54.05168, -53.46139, 17.4843],
							"uv": {
								"north": {"uv": [13.5, 59], "uv_size": [-1.5, 1.5]},
								"east": {"uv": [59, 49], "uv_size": [-3, 1.5]},
								"south": {"uv": [15.5, 59], "uv_size": [-1.5, 1.5]},
								"west": {"uv": [59, 47], "uv_size": [-3, 1.5]},
								"up": {"uv": [53.5, 56], "uv_size": [-1.5, 3]},
								"down": {"uv": [55.5, 59], "uv_size": [-1.5, -3]}
							}
						}
					]
				},
				{
					"name": "Mecha5",
					"parent": "Hair",
					"pivot": [-2.60028, 28.29419, -1.39576],
					"rotation": [53.47242, -18.40289, 170.29012],
					"cubes": [
						{
							"origin": [-4, 27.12, -4],
							"size": [2, 2, 2],
							"inflate": 0.4,
							"pivot": [-3, 28.12, -2],
							"rotation": [19.05168, -53.46139, 17.4843],
							"uv": {
								"north": {"uv": [8, 58], "uv_size": [-2, 2]},
								"east": {"uv": [60, 13], "uv_size": [-2, 2]},
								"south": {"uv": [12, 58], "uv_size": [-2, 2]},
								"west": {"uv": [10, 58], "uv_size": [-2, 2]},
								"up": {"uv": [19, 58], "uv_size": [-2, 2]},
								"down": {"uv": [21, 60], "uv_size": [-2, -2]}
							}
						},
						{
							"origin": [-2.28448, 25.56245, -4.42566],
							"size": [1.82, 1.82, 2.82],
							"inflate": 0.4,
							"pivot": [-1.37448, 26.47245, -3.51566],
							"rotation": [31.55168, -53.46139, 17.4843],
							"uv": {
								"north": {"uv": [59.75, 42], "uv_size": [-1.75, 1.75]},
								"east": {"uv": [58.75, 18], "uv_size": [-2.75, 1.75]},
								"south": {"uv": [59.75, 51], "uv_size": [-1.75, 1.75]},
								"west": {"uv": [58.75, 16], "uv_size": [-2.75, 1.75]},
								"up": {"uv": [57.75, 20], "uv_size": [-1.75, 2.75]},
								"down": {"uv": [57.75, 25.75], "uv_size": [-1.75, -2.75]}
							}
						},
						{
							"origin": [-2.11262, 25.78657, -6.76776],
							"size": [1.376, 1.376, 2.976],
							"inflate": 0.4,
							"pivot": [-1.42462, 26.47457, -3.47976],
							"rotation": [54.05168, -53.46139, 17.4843],
							"uv": {
								"north": {"uv": [13.5, 59], "uv_size": [-1.5, 1.5]},
								"east": {"uv": [59, 49], "uv_size": [-3, 1.5]},
								"south": {"uv": [15.5, 59], "uv_size": [-1.5, 1.5]},
								"west": {"uv": [59, 47], "uv_size": [-3, 1.5]},
								"up": {"uv": [53.5, 56], "uv_size": [-1.5, 3]},
								"down": {"uv": [55.5, 59], "uv_size": [-1.5, -3]}
							}
						}
					]
				}
			]
		}
	]
}