{
	"format_version": "1.12.0",
	"minecraft:geometry": [
		{
			"description": {
				"identifier": "geometry.gojoaugeoutline",
				"texture_width": 128,
				"texture_height": 128,
				"visible_bounds_width": 4,
				"visible_bounds_height": 3.5,
				"visible_bounds_offset": [0, 1.25, 0]
			},
			"bones": [
				{
					"name": "Tudo",
					"pivot": [0, 12.72, 0]
				},
				{
					"name": "Corpo",
					"parent": "Tudo",
					"pivot": [0, 24.60557, 0],
					"cubes": [
						{
							"origin": [-4.10093, 12.30278, -2.05046],
							"size": [8.20186, 12.30278, 4.10093],
							"inflate": 0.3,
							"uv": {
								"north": {"uv": [0, 0], "uv_size": [8.25, 12.25]},
								"east": {"uv": [18, 0], "uv_size": [4, 12.25]},
								"south": {"uv": [9, 0], "uv_size": [8.25, 12.25]},
								"west": {"uv": [18, 13], "uv_size": [4, 12.25]},
								"up": {"uv": [16, 41], "uv_size": [8.25, 4]},
								"down": {"uv": [41, 22], "uv_size": [8.25, -4]}
							}
						}
					]
				},
				{
					"name": "head",
					"parent": "Corpo",
					"pivot": [0, 24.12, 0],
					"cubes": [
						{
							"origin": [-3.54265, 24.27519, -3.54265],
							"size": [7.0853, 7.0853, 7.0853],
							"inflate": 0.3,
							"uv": {
								"north": {"uv": [0, 20], "uv_size": [7, 7]},
								"east": {"uv": [7, 20], "uv_size": [7, 7]},
								"south": {"uv": [22, 0], "uv_size": [7, 7]},
								"west": {"uv": [22, 7], "uv_size": [7, 7]},
								"up": {"uv": [22, 14], "uv_size": [7, 7]},
								"down": {"uv": [22, 28], "uv_size": [7, -7]}
							}
						}
					]
				},
				{
					"name": "rightBraco",
					"parent": "Corpo",
					"pivot": [-5.12616, 22.5551, 0],
					"cubes": [
						{
							"origin": [-8.20186, 12.30278, -2.05046],
							"size": [4.10093, 12.30278, 4.10093],
							"inflate": 0.3,
							"uv": {
								"north": {"uv": [14, 20], "uv_size": [4, 12.25]},
								"east": {"uv": [18, 26], "uv_size": [4, 12.25]},
								"south": {"uv": [0, 27], "uv_size": [4, 12.25]},
								"west": {"uv": [4, 27], "uv_size": [4, 12.25]},
								"up": {"uv": [41, 22], "uv_size": [4, 4]},
								"down": {"uv": [40, 50], "uv_size": [4, -4]}
							}
						}
					],
					"locators": {
						"fullred": [-6, 11, 0]
					}
				},
				{
					"name": "leftBraco",
					"parent": "Corpo",
					"pivot": [5.12616, 22.5551, 0],
					"cubes": [
						{
							"origin": [4.10093, 12.30278, -2.05046],
							"size": [4.10093, 12.30278, 4.10093],
							"inflate": 0.3,
							"uv": {
								"north": {"uv": [8, 27], "uv_size": [4, 12.25]},
								"east": {"uv": [22, 28], "uv_size": [4, 12.25]},
								"south": {"uv": [26, 28], "uv_size": [4, 12.25]},
								"west": {"uv": [29, 0], "uv_size": [4, 12.25]},
								"up": {"uv": [53, 12], "uv_size": [4, 4]},
								"down": {"uv": [50, 57], "uv_size": [4, -4]}
							}
						}
					],
					"locators": {
						"fullblue": [6, 11, 0]
					}
				},
				{
					"name": "leftPerna",
					"parent": "Corpo",
					"pivot": [1.94794, 12.30278, 0],
					"cubes": [
						{
							"origin": [-0.82634, 4.41958, -2.77428],
							"size": [5.54856, 3.1126, 5.54856],
							"inflate": 0.3,
							"uv": {
								"north": {"uv": [51, 35], "uv_size": [5.5, 3]},
								"east": {"uv": [38, 51], "uv_size": [5.5, 3]},
								"south": {"uv": [51, 38], "uv_size": [5.5, 3]},
								"west": {"uv": [51, 41], "uv_size": [5.5, 3]},
								"up": {"uv": [45, 27], "uv_size": [5.5, 5.5]},
								"down": {"uv": [45, 38.5], "uv_size": [5.5, -5.5]}
							}
						},
						{
							"origin": [-0.6044, 6.73499, -2.55233],
							"size": [5.10467, 3.58598, 5.10467],
							"inflate": 0.3,
							"uv": {
								"north": {"uv": [25, 41], "uv_size": [5, 3.5]},
								"east": {"uv": [23, 50], "uv_size": [5, 3.5]},
								"south": {"uv": [50, 45], "uv_size": [5, 3.5]},
								"west": {"uv": [50, 49], "uv_size": [5, 3.5]},
								"up": {"uv": [7, 40], "uv_size": [5, 5]},
								"down": {"uv": [30, 51], "uv_size": [5, -5]}
							}
						},
						{
							"origin": [-0.10253, 0, -2.05046],
							"size": [4.10093, 12.30278, 4.10093],
							"inflate": 0.3,
							"uv": {
								"north": {"uv": [29, 13], "uv_size": [4, 12.25]},
								"east": {"uv": [30, 26], "uv_size": [4, 12.25]},
								"south": {"uv": [33, 0], "uv_size": [4, 12.25]},
								"west": {"uv": [12, 33], "uv_size": [4, 12.25]},
								"up": {"uv": [23, 54], "uv_size": [4, 4]},
								"down": {"uv": [38, 58], "uv_size": [4, -4]}
							}
						},
						{
							"origin": [-0.24605, -0.10252, -2.17349],
							"size": [4.34698, 2.6656, 4.34698],
							"inflate": 0.3,
							"uv": {
								"north": {"uv": [35, 58], "uv_size": [4.25, 2.75]},
								"east": {"uv": [40, 58], "uv_size": [4.25, 2.75]},
								"south": {"uv": [45, 58], "uv_size": [4.25, 2.75]},
								"west": {"uv": [50, 59], "uv_size": [4.25, 2.75]},
								"up": {"uv": [48, 12], "uv_size": [4.25, 4.25]},
								"down": {"uv": [13, 54.25], "uv_size": [4.25, -4.25]}
							}
						}
					]
				},
				{
					"name": "rightPerna",
					"parent": "Corpo",
					"pivot": [-1.94794, 12.30278, 0],
					"cubes": [
						{
							"origin": [-4.72222, 4.41958, -2.77428],
							"size": [5.54856, 3.1126, 5.54856],
							"inflate": 0.3,
							"uv": {
								"north": {"uv": [44, 51], "uv_size": [5.5, 3]},
								"east": {"uv": [0, 52], "uv_size": [5.5, 3]},
								"south": {"uv": [6, 52], "uv_size": [5.5, 3]},
								"west": {"uv": [52, 22], "uv_size": [5.5, 3]},
								"up": {"uv": [44, 45], "uv_size": [5.5, 5.5]},
								"down": {"uv": [7, 51.5], "uv_size": [5.5, -5.5]}
							}
						},
						{
							"origin": [-4.50027, 6.73499, -2.55233],
							"size": [5.10467, 3.58598, 5.10467],
							"inflate": 0.3,
							"uv": {
								"north": {"uv": [51, 27], "uv_size": [5, 3.5]},
								"east": {"uv": [28, 51], "uv_size": [5, 3.5]},
								"south": {"uv": [51, 31], "uv_size": [5, 3.5]},
								"west": {"uv": [33, 51], "uv_size": [5, 3.5]},
								"up": {"uv": [35, 46], "uv_size": [5, 5]},
								"down": {"uv": [0, 52], "uv_size": [5, -5]}
							}
						},
						{
							"origin": [-3.9984, 0, -2.05046],
							"size": [4.10093, 12.30278, 4.10093],
							"inflate": 0.3,
							"uv": {
								"north": {"uv": [33, 13], "uv_size": [4, 12.25]},
								"east": {"uv": [34, 26], "uv_size": [4, 12.25]},
								"south": {"uv": [37, 0], "uv_size": [4, 12.25]},
								"west": {"uv": [37, 13], "uv_size": [4, 12.25]},
								"up": {"uv": [42, 54], "uv_size": [4, 4]},
								"down": {"uv": [46, 58], "uv_size": [4, -4]}
							}
						},
						{
							"origin": [-4.10093, -0.10252, -2.17349],
							"size": [4.34698, 2.6656, 4.34698],
							"inflate": 0.3,
							"uv": {
								"north": {"uv": [55, 59], "uv_size": [4.25, 2.75]},
								"east": {"uv": [59, 56], "uv_size": [4.25, 2.75]},
								"south": {"uv": [60, 6], "uv_size": [4.25, 2.75]},
								"west": {"uv": [60, 9], "uv_size": [4.25, 2.75]},
								"up": {"uv": [50, 17], "uv_size": [4.25, 4.25]},
								"down": {"uv": [18, 54.25], "uv_size": [4.25, -4.25]}
							}
						}
					]
				}
			]
		}
	]
}