{
	"format_version": "1.12.0",
	"minecraft:geometry": [
		{
			"description": {
				"identifier": "geometry.gokussjoutline",
				"texture_width": 64,
				"texture_height": 64,
				"visible_bounds_width": 3,
				"visible_bounds_height": 4.5,
				"visible_bounds_offset": [0, 1.75, 0]
			},
			"bones": [
				{
					"name": "Tudo",
					"pivot": [0, 12.72, 0]
				},
				{
					"name": "Corpo",
					"parent": "Tudo",
					"pivot": [0, 24.60557, 0],
					"cubes": [
						{
							"origin": [-4.10093, 12.30278, -2.05046],
							"size": [8.20186, 12.30278, 4.10093],
							"inflate": 0.4,
							"uv": {
								"north": {"uv": [0, 0], "uv_size": [8, 12]},
								"east": {"uv": [0, 27], "uv_size": [4, 12]},
								"south": {"uv": [8, 0], "uv_size": [8, 12]},
								"west": {"uv": [4, 27], "uv_size": [4, 12]},
								"up": {"uv": [22, 39], "uv_size": [8, 4]},
								"down": {"uv": [40, 16], "uv_size": [8, -4]}
							}
						}
					],
					"locators": {
						"gokussjoutline": [0, 19, 0]
					}
				},
				{
					"name": "Roupa",
					"parent": "Corpo",
					"pivot": [0, 21.01726, 0],
					"cubes": [
						{
							"origin": [-4.91619, 17.84273, -2.4581],
							"size": [9.83238, 7.37429, 4.91619],
							"inflate": 0.4,
							"uv": {
								"north": {"uv": [0, 12], "uv_size": [10.75, 7.5]},
								"east": {"uv": [40, 16], "uv_size": [4.25, 7.5]},
								"south": {"uv": [11, 12], "uv_size": [10.75, 7.5]},
								"west": {"uv": [40, 24], "uv_size": [4.25, 7.5]},
								"up": {"uv": [0, 39], "uv_size": [10.75, 4.25]},
								"down": {"uv": [11, 43.25], "uv_size": [10.75, -4.25]}
							}
						}
					]
				},
				{
					"name": "rightBraco",
					"parent": "Corpo",
					"pivot": [-5.12616, 22.5551, 0],
					"cubes": [
						{
							"origin": [-8.20186, 12.30278, -2.05046],
							"size": [4.10093, 12.30278, 4.10093],
							"inflate": 0.4,
							"uv": {
								"north": {"uv": [24, 27], "uv_size": [4, 12]},
								"east": {"uv": [28, 14], "uv_size": [4, 12]},
								"south": {"uv": [28, 26], "uv_size": [4, 12]},
								"west": {"uv": [29, 0], "uv_size": [4, 12]},
								"up": {"uv": [51, 29], "uv_size": [4, 4]},
								"down": {"uv": [51, 37], "uv_size": [4, -4]}
							}
						}
					]
				},
				{
					"name": "leftBiceps",
					"parent": "rightBraco",
					"pivot": [-5.63878, 19.47941, -0.51262],
					"cubes": [
						{
							"origin": [-7.49896, 17.0451, -2.3728],
							"size": [3.72036, 4.86862, 3.72036],
							"inflate": 0.4,
							"uv": {
								"north": {"uv": [13, 52], "uv_size": [3.25, 4.25]},
								"east": {"uv": [40, 52], "uv_size": [3.25, 4.25]},
								"south": {"uv": [44, 52], "uv_size": [3.25, 4.25]},
								"west": {"uv": [48, 52], "uv_size": [3.25, 4.25]},
								"up": {"uv": [55, 32], "uv_size": [3.25, 3.25]},
								"down": {"uv": [55, 39.25], "uv_size": [3.25, -3.25]}
							}
						}
					]
				},
				{
					"name": "leftBraco",
					"parent": "Corpo",
					"pivot": [5.12616, 22.5551, 0],
					"cubes": [
						{
							"origin": [4.10093, 12.30278, -2.05046],
							"size": [4.10093, 12.30278, 4.10093],
							"inflate": 0.4,
							"uv": {
								"north": {"uv": [28, 27], "uv_size": [-4, 12]},
								"east": {"uv": [33, 0], "uv_size": [-4, 12]},
								"south": {"uv": [32, 26], "uv_size": [-4, 12]},
								"west": {"uv": [32, 14], "uv_size": [-4, 12]},
								"up": {"uv": [55, 29], "uv_size": [-4, 4]},
								"down": {"uv": [55, 37], "uv_size": [-4, -4]}
							}
						}
					]
				},
				{
					"name": "rightBiceps",
					"parent": "leftBraco",
					"pivot": [5.63878, 19.47941, -0.51262],
					"cubes": [
						{
							"origin": [3.7786, 17.0451, -2.3728],
							"size": [3.72036, 4.86862, 3.72036],
							"inflate": 0.4,
							"uv": {
								"north": {"uv": [16.25, 52], "uv_size": [-3.25, 4.25]},
								"east": {"uv": [51.25, 52], "uv_size": [-3.25, 4.25]},
								"south": {"uv": [47.25, 52], "uv_size": [-3.25, 4.25]},
								"west": {"uv": [43.25, 52], "uv_size": [-3.25, 4.25]},
								"up": {"uv": [58.25, 32], "uv_size": [-3.25, 3.25]},
								"down": {"uv": [58.25, 39.25], "uv_size": [-3.25, -3.25]}
							}
						}
					]
				},
				{
					"name": "rightPerna",
					"parent": "Corpo",
					"pivot": [-1.94794, 12.30278, 0],
					"cubes": [
						{
							"origin": [-3.9984, 0, -2.05046],
							"size": [4.10093, 12.30278, 4.10093],
							"inflate": 0.4,
							"uv": {
								"north": {"uv": [8, 27], "uv_size": [4, 12]},
								"east": {"uv": [12, 27], "uv_size": [4, 12]},
								"south": {"uv": [16, 27], "uv_size": [4, 12]},
								"west": {"uv": [20, 27], "uv_size": [4, 12]},
								"up": {"uv": [50, 44], "uv_size": [4, 4]},
								"down": {"uv": [51, 8], "uv_size": [4, -4]}
							}
						},
						{
							"origin": [-4.72222, 4.41958, -2.77428],
							"size": [5.54856, 3.1126, 5.54856],
							"inflate": 0.4,
							"uv": {
								"north": {"uv": [12, 49], "uv_size": [5.5, 3]},
								"east": {"uv": [40, 49], "uv_size": [5.5, 3]},
								"south": {"uv": [46, 49], "uv_size": [5.5, 3]},
								"west": {"uv": [50, 14], "uv_size": [5.5, 3]},
								"up": {"uv": [22, 14], "uv_size": [5.5, 5.5]},
								"down": {"uv": [23, 5.5], "uv_size": [5.5, -5.5]}
							}
						},
						{
							"origin": [-4.50027, 5.73499, -2.55233],
							"size": [5.10467, 4.58598, 5.10467],
							"inflate": 0.4,
							"uv": {
								"north": {"uv": [15, 44], "uv_size": [5, 4.5]},
								"east": {"uv": [40, 44], "uv_size": [5, 4.5]},
								"south": {"uv": [45, 16], "uv_size": [5, 4.5]},
								"west": {"uv": [45, 21], "uv_size": [5, 4.5]},
								"up": {"uv": [27, 43], "uv_size": [5, 5]},
								"down": {"uv": [0, 49], "uv_size": [5, -5]}
							}
						},
						{
							"origin": [-4.10093, -0.10252, -2.17349],
							"size": [4.34698, 2.6656, 4.34698],
							"inflate": 0.4,
							"uv": {
								"north": {"uv": [25, 53], "uv_size": [4.25, 2.5]},
								"east": {"uv": [30, 53], "uv_size": [4.25, 2.5]},
								"south": {"uv": [35, 53], "uv_size": [4.25, 2.5]},
								"west": {"uv": [52, 53], "uv_size": [4.25, 2.5]},
								"up": {"uv": [20, 48], "uv_size": [4.25, 4.25]},
								"down": {"uv": [25, 52.25], "uv_size": [4.25, -4.25]}
							}
						}
					]
				},
				{
					"name": "leftPerna",
					"parent": "Corpo",
					"pivot": [1.94794, 12.30278, 0],
					"cubes": [
						{
							"origin": [-0.10252, 0, -2.05046],
							"size": [4.10093, 12.30278, 4.10093],
							"inflate": 0.4,
							"uv": {
								"north": {"uv": [12, 27], "uv_size": [-4, 12]},
								"east": {"uv": [24, 27], "uv_size": [-4, 12]},
								"south": {"uv": [20, 27], "uv_size": [-4, 12]},
								"west": {"uv": [16, 27], "uv_size": [-4, 12]},
								"up": {"uv": [54, 44], "uv_size": [-4, 4]},
								"down": {"uv": [55, 8], "uv_size": [-4, -4]}
							}
						},
						{
							"origin": [-0.82634, 4.41958, -2.77428],
							"size": [5.54856, 3.1126, 5.54856],
							"inflate": 0.4,
							"uv": {
								"north": {"uv": [17.5, 49], "uv_size": [-5.5, 3]},
								"east": {"uv": [55.5, 14], "uv_size": [-5.5, 3]},
								"south": {"uv": [51.5, 49], "uv_size": [-5.5, 3]},
								"west": {"uv": [45.5, 49], "uv_size": [-5.5, 3]},
								"up": {"uv": [27.5, 14], "uv_size": [-5.5, 5.5]},
								"down": {"uv": [28.5, 5.5], "uv_size": [-5.5, -5.5]}
							}
						},
						{
							"origin": [-0.60439, 5.73499, -2.55233],
							"size": [5.10467, 4.58598, 5.10467],
							"inflate": 0.4,
							"uv": {
								"north": {"uv": [20, 44], "uv_size": [-5, 4.5]},
								"east": {"uv": [50, 21], "uv_size": [-5, 4.5]},
								"south": {"uv": [50, 16], "uv_size": [-5, 4.5]},
								"west": {"uv": [45, 44], "uv_size": [-5, 4.5]},
								"up": {"uv": [32, 43], "uv_size": [-5, 5]},
								"down": {"uv": [5, 49], "uv_size": [-5, -5]}
							}
						},
						{
							"origin": [-0.24606, -0.10252, -2.17349],
							"size": [4.34698, 2.6656, 4.34698],
							"inflate": 0.4,
							"uv": {
								"north": {"uv": [29.25, 53], "uv_size": [-4.25, 2.5]},
								"east": {"uv": [56.25, 53], "uv_size": [-4.25, 2.5]},
								"south": {"uv": [39.25, 53], "uv_size": [-4.25, 2.5]},
								"west": {"uv": [34.25, 53], "uv_size": [-4.25, 2.5]},
								"up": {"uv": [24.25, 48], "uv_size": [-4.25, 4.25]},
								"down": {"uv": [29.25, 52.25], "uv_size": [-4.25, -4.25]}
							}
						}
					]
				},
				{
					"name": "head",
					"parent": "Corpo",
					"pivot": [0, 24.12, 0],
					"cubes": [
						{
							"origin": [-3.52, 24.12, -3.52],
							"size": [7.04, 7.04, 7.04],
							"inflate": 0.4,
							"uv": {
								"north": {"uv": [16, 0], "uv_size": [7, 7]},
								"east": {"uv": [0, 20], "uv_size": [7, 7]},
								"south": {"uv": [7, 20], "uv_size": [7, 7]},
								"west": {"uv": [14, 20], "uv_size": [7, 7]},
								"up": {"uv": [21, 20], "uv_size": [7, 7]},
								"down": {"uv": [22, 14], "uv_size": [7, -7]}
							}
						}
					]
				},
				{
					"name": "Hair",
					"parent": "head",
					"pivot": [0, 31.87, 1.25],
					"cubes": [
						{
							"origin": [-3.88, 27.3964, -0.97],
							"size": [7.76, 4.85, 5.82],
							"inflate": 0.4,
							"uv": {
								"north": {"uv": [46, 36], "uv_size": [5, 4]},
								"east": {"uv": [46, 40], "uv_size": [5, 4]},
								"south": {"uv": [47, 0], "uv_size": [5, 4]},
								"west": {"uv": [48, 10], "uv_size": [5, 4]},
								"up": {"uv": [41, 5], "uv_size": [5, 5]},
								"down": {"uv": [22, 48], "uv_size": [5, -5]}
							}
						},
						{
							"origin": [-2.91, 31.2764, -2.91],
							"size": [5.82, 1.94, 6.79],
							"inflate": 0.4,
							"uv": {
								"north": {"uv": [0, 49], "uv_size": [6, 3]},
								"east": {"uv": [51, 41], "uv_size": [5, 3]},
								"south": {"uv": [6, 49], "uv_size": [6, 3]},
								"west": {"uv": [8, 52], "uv_size": [5, 3]},
								"up": {"uv": [16, 7], "uv_size": [6, 5]},
								"down": {"uv": [41, 5], "uv_size": [6, -5]}
							}
						}
					]
				},
				{
					"name": "Mecha",
					"parent": "Hair",
					"pivot": [1.26568, 32.31983, -2.76762],
					"rotation": [-1.75378, 9.84655, -0.15108],
					"cubes": [
						{
							"origin": [-0.2618, 31.0146, -5.37361],
							"size": [2.46361, 2.46361, 2.46361],
							"inflate": 0.4,
							"pivot": [0.97, 32.2464, -2.91],
							"rotation": [19.05168, 53.46139, -17.4843],
							"uv": {
								"north": {"uv": [30, 41], "uv_size": [2, 2]},
								"east": {"uv": [48, 14], "uv_size": [2, 2]},
								"south": {"uv": [51, 8], "uv_size": [2, 2]},
								"west": {"uv": [56, 51], "uv_size": [2, 2]},
								"up": {"uv": [56, 56], "uv_size": [2, 2]},
								"down": {"uv": [57, 9], "uv_size": [2, -2]}
							}
						},
						{
							"origin": [-2.10818, 29.27008, -5.9653],
							"size": [2.24188, 2.24188, 2.24188],
							"inflate": 0.4,
							"pivot": [-0.98724, 30.39102, -4.84436],
							"rotation": [31.55168, 53.46139, -17.4843],
							"uv": {
								"north": {"uv": [58, 20], "uv_size": [1.75, 1.75]},
								"east": {"uv": [21, 58], "uv_size": [1.75, 1.75]},
								"south": {"uv": [58, 22], "uv_size": [1.75, 1.75]},
								"west": {"uv": [23, 58], "uv_size": [1.75, 1.75]},
								"up": {"uv": [58, 24], "uv_size": [1.75, 1.75]},
								"down": {"uv": [25, 59.75], "uv_size": [1.75, -1.75]}
							}
						},
						{
							"origin": [-2.3312, 30.57486, -8.49187],
							"size": [1.69496, 1.69496, 1.20224],
							"inflate": 0.4,
							"pivot": [0.97989, 30.19053, -6.9053],
							"rotation": [46.55168, 53.46139, -17.4843],
							"uv": {
								"north": {"uv": [58, 55], "uv_size": [1.5, 1.5]},
								"east": {"uv": [47, 10], "uv_size": [1, 1.5]},
								"south": {"uv": [56, 58], "uv_size": [1.5, 1.5]},
								"west": {"uv": [50, 29], "uv_size": [1, 1.5]},
								"up": {"uv": [47, 4], "uv_size": [1.5, 1]},
								"down": {"uv": [20, 48], "uv_size": [1.5, -1]}
							}
						},
						{
							"origin": [-0.90132, 28.20798, -5.49989],
							"size": [1.30512, 1.30512, 1.87421],
							"inflate": 0.4,
							"pivot": [-0.24876, 26.39694, -5.79459],
							"rotation": [56.55168, 53.46139, -17.4843],
							"uv": {
								"north": {"uv": [45, 31], "uv_size": [1, 1]},
								"east": {"uv": [49, 4], "uv_size": [1.5, 1]},
								"south": {"uv": [19, 52], "uv_size": [1, 1]},
								"west": {"uv": [50, 48], "uv_size": [1.5, 1]},
								"up": {"uv": [7, 56], "uv_size": [1, 1.5]},
								"down": {"uv": [16, 60.5], "uv_size": [1, -1.5]}
							}
						}
					]
				},
				{
					"name": "Mecha5",
					"parent": "Hair",
					"pivot": [-0.67432, 32.31983, -2.76762],
					"rotation": [-0.93836, 22.46, -5.28293],
					"cubes": [
						{
							"origin": [-1.86656, 31.34984, -4.70312],
							"size": [1.79312, 1.79312, 1.79312],
							"inflate": 0.4,
							"pivot": [-0.97, 32.2464, -2.91],
							"rotation": [19.05168, 53.46139, -17.4843],
							"uv": {
								"north": {"uv": [30, 41], "uv_size": [2, 2]},
								"east": {"uv": [48, 14], "uv_size": [2, 2]},
								"south": {"uv": [51, 8], "uv_size": [2, 2]},
								"west": {"uv": [56, 51], "uv_size": [2, 2]},
								"up": {"uv": [56, 56], "uv_size": [2, 2]},
								"down": {"uv": [57, 9], "uv_size": [2, -2]}
							}
						},
						{
							"origin": [-3.21043, 30.08011, -5.13378],
							"size": [1.63174, 1.63174, 1.63174],
							"inflate": 0.4,
							"pivot": [-2.39456, 30.89598, -4.31791],
							"rotation": [31.55168, 53.46139, -17.4843],
							"uv": {
								"north": {"uv": [58, 20], "uv_size": [1.75, 1.75]},
								"east": {"uv": [21, 58], "uv_size": [1.75, 1.75]},
								"south": {"uv": [58, 22], "uv_size": [1.75, 1.75]},
								"west": {"uv": [23, 58], "uv_size": [1.75, 1.75]},
								"up": {"uv": [58, 24], "uv_size": [1.75, 1.75]},
								"down": {"uv": [25, 59.75], "uv_size": [1.75, -1.75]}
							}
						},
						{
							"origin": [-3.37275, 31.02978, -6.97272],
							"size": [1.23367, 1.23367, 0.87504],
							"inflate": 0.4,
							"pivot": [-0.9628, 30.75005, -5.81795],
							"rotation": [46.55168, 53.46139, -17.4843],
							"uv": {
								"north": {"uv": [58, 55], "uv_size": [1.5, 1.5]},
								"east": {"uv": [47, 10], "uv_size": [1, 1.5]},
								"south": {"uv": [56, 58], "uv_size": [1.5, 1.5]},
								"west": {"uv": [50, 29], "uv_size": [1, 1.5]},
								"up": {"uv": [47, 4], "uv_size": [1.5, 1]},
								"down": {"uv": [20, 48], "uv_size": [1.5, -1]}
							}
						},
						{
							"origin": [-2.33203, 29.30707, -4.79503],
							"size": [0.94992, 0.94992, 1.36413],
							"inflate": 0.4,
							"pivot": [-1.85706, 27.98891, -5.00953],
							"rotation": [56.55168, 53.46139, -17.4843],
							"uv": {
								"north": {"uv": [45, 31], "uv_size": [1, 1]},
								"east": {"uv": [49, 4], "uv_size": [1.5, 1]},
								"south": {"uv": [19, 52], "uv_size": [1, 1]},
								"west": {"uv": [50, 48], "uv_size": [1.5, 1]},
								"up": {"uv": [7, 56], "uv_size": [1, 1.5]},
								"down": {"uv": [16, 60.5], "uv_size": [1, -1.5]}
							}
						}
					]
				},
				{
					"name": "Mecha6",
					"parent": "Hair",
					"pivot": [1.87962, 31.2351, -3.72551],
					"rotation": [-8.9114, 20.72128, -99.22902],
					"cubes": [
						{
							"origin": [1.5291, 31.49275, -4.34544],
							"size": [1.62501, 1.62501, 0.49981],
							"inflate": 0.4,
							"pivot": [2.34161, 32.30525, -2.72043],
							"rotation": [19.05168, 53.46139, -17.4843],
							"uv": {
								"north": {"uv": [30, 41], "uv_size": [2, 2]},
								"east": {"uv": [48, 14], "uv_size": [2, 2]},
								"south": {"uv": [51, 8], "uv_size": [2, 2]},
								"west": {"uv": [56, 51], "uv_size": [2, 2]},
								"up": {"uv": [56, 56], "uv_size": [2, 2]},
								"down": {"uv": [57, 9], "uv_size": [2, -2]}
							}
						},
						{
							"origin": [-0.04683, 29.71612, -5.01239],
							"size": [1.05495, 1.05495, 1.05495],
							"inflate": 0.4,
							"pivot": [0.48065, 30.2436, -4.48492],
							"rotation": [31.55168, 53.46139, -17.4843],
							"uv": {
								"north": {"uv": [58, 20], "uv_size": [1.75, 1.75]},
								"east": {"uv": [21, 58], "uv_size": [1.75, 1.75]},
								"south": {"uv": [58, 22], "uv_size": [1.75, 1.75]},
								"west": {"uv": [23, 58], "uv_size": [1.75, 1.75]},
								"up": {"uv": [58, 24], "uv_size": [1.75, 1.75]},
								"down": {"uv": [25, 59.75], "uv_size": [1.75, -1.75]}
							}
						},
						{
							"origin": [0.11142, 29.87437, -5.64179],
							"size": [0.73846, 0.73846, 0.73846],
							"inflate": 0.4,
							"pivot": [0.48065, 30.2436, -4.48492],
							"rotation": [31.55168, 53.46139, -17.4843],
							"uv": {
								"north": {"uv": [58, 20], "uv_size": [1.75, 1.75]},
								"east": {"uv": [21, 58], "uv_size": [1.75, 1.75]},
								"south": {"uv": [58, 22], "uv_size": [1.75, 1.75]},
								"west": {"uv": [23, 58], "uv_size": [1.75, 1.75]},
								"up": {"uv": [58, 24], "uv_size": [1.75, 1.75]},
								"down": {"uv": [25, 59.75], "uv_size": [1.75, -1.75]}
							}
						},
						{
							"origin": [0.31122, 30.34205, -4.73573],
							"size": [1.47876, 1.47876, 1.47876],
							"inflate": 0.4,
							"pivot": [1.0506, 31.08143, -3.99635],
							"rotation": [31.55168, 53.46139, -17.4843],
							"uv": {
								"north": {"uv": [58, 20], "uv_size": [1.75, 1.75]},
								"east": {"uv": [21, 58], "uv_size": [1.75, 1.75]},
								"south": {"uv": [58, 22], "uv_size": [1.75, 1.75]},
								"west": {"uv": [23, 58], "uv_size": [1.75, 1.75]},
								"up": {"uv": [58, 24], "uv_size": [1.75, 1.75]},
								"down": {"uv": [25, 59.75], "uv_size": [1.75, -1.75]}
							}
						}
					]
				},
				{
					"name": "Mecha7",
					"parent": "Hair",
					"pivot": [3.18682, 30.68883, -3.62539],
					"rotation": [-4.01586, -22.13527, 13.38245],
					"cubes": [
						{
							"origin": [2.17344, 30.3637, -3.97398],
							"size": [1.52134, 1.52134, 1.52134],
							"inflate": 0.4,
							"pivot": [2.93411, 31.12437, -3.21331],
							"rotation": [31.55168, -53.46139, 17.4843],
							"uv": {
								"north": {"uv": [59.75, 20], "uv_size": [-1.75, 1.75]},
								"east": {"uv": [24.75, 58], "uv_size": [-1.75, 1.75]},
								"south": {"uv": [59.75, 22], "uv_size": [-1.75, 1.75]},
								"west": {"uv": [22.75, 58], "uv_size": [-1.75, 1.75]},
								"up": {"uv": [59.75, 24], "uv_size": [-1.75, 1.75]},
								"down": {"uv": [26.75, 59.75], "uv_size": [-1.75, -1.75]}
							}
						},
						{
							"origin": [2.69592, 31.24912, -5.68851],
							"size": [1.1502, 1.1502, 0.81584],
							"inflate": 0.4,
							"pivot": [1.59922, 30.98832, -4.61187],
							"rotation": [46.55168, -53.46139, 17.4843],
							"uv": {
								"north": {"uv": [59.5, 55], "uv_size": [-1.5, 1.5]},
								"east": {"uv": [51, 29], "uv_size": [-1, 1.5]},
								"south": {"uv": [57.5, 58], "uv_size": [-1.5, 1.5]},
								"west": {"uv": [48, 10], "uv_size": [-1, 1.5]},
								"up": {"uv": [48.5, 4], "uv_size": [-1.5, 1]},
								"down": {"uv": [21.5, 48], "uv_size": [-1.5, -1]}
							}
						},
						{
							"origin": [1.99015, 29.64296, -3.65815],
							"size": [0.88565, 0.88565, 1.27184],
							"inflate": 0.4,
							"pivot": [2.43298, 28.41399, -3.85814],
							"rotation": [56.55168, -53.46139, 17.4843],
							"uv": {
								"north": {"uv": [46, 31], "uv_size": [-1, 1]},
								"east": {"uv": [51.5, 48], "uv_size": [-1.5, 1]},
								"south": {"uv": [20, 52], "uv_size": [-1, 1]},
								"west": {"uv": [50.5, 4], "uv_size": [-1.5, 1]},
								"up": {"uv": [8, 56], "uv_size": [-1, 1.5]},
								"down": {"uv": [17, 60.5], "uv_size": [-1, -1.5]}
							}
						}
					]
				},
				{
					"name": "Mecha2",
					"parent": "Hair",
					"pivot": [-0.52082, 32.82613, -1.72152],
					"rotation": [60.39876, 74.76206, -108.49959],
					"cubes": [
						{
							"origin": [-2.9757, 32.54978, -0.6788],
							"size": [2.91, 2.91, 1.94],
							"inflate": 0.4,
							"pivot": [-2.05106, 33.3862, -2.27368],
							"rotation": [-19.05168, 53.46139, 17.4843],
							"uv": {
								"north": {"uv": [13, 57], "uv_size": [2, 2]},
								"east": {"uv": [15, 57], "uv_size": [2, 2]},
								"south": {"uv": [57, 9], "uv_size": [2, 2]},
								"west": {"uv": [57, 11], "uv_size": [2, 2]},
								"up": {"uv": [42, 59], "uv_size": [-2, -2]},
								"down": {"uv": [44, 57], "uv_size": [-2, 2]}
							}
						},
						{
							"origin": [-0.8662, 30.81141, -0.79279],
							"size": [2.7354, 2.7354, 2.7354],
							"inflate": 0.4,
							"pivot": [-0.02885, 31.2415, -0.25832],
							"rotation": [-31.55168, 53.46139, 17.4843],
							"uv": {
								"north": {"uv": [34, 58], "uv_size": [1.75, 1.75]},
								"east": {"uv": [41, 10], "uv_size": [2.75, 1.75]},
								"south": {"uv": [32, 58], "uv_size": [1.75, 1.75]},
								"west": {"uv": [29, 12], "uv_size": [2.75, 1.75]},
								"up": {"uv": [31.75, 40.75], "uv_size": [-1.75, -2.75]},
								"down": {"uv": [21.75, 44], "uv_size": [-1.75, 2.75]}
							}
						},
						{
							"origin": [-0.34978, 31.47858, 1.18621],
							"size": [2.30472, 2.30472, 2.88672],
							"inflate": 0.4,
							"pivot": [0.27223, 31.29716, 0.2101],
							"rotation": [-54.05168, 53.46139, 17.4843],
							"uv": {
								"north": {"uv": [59, 7], "uv_size": [1.5, 1.5]},
								"east": {"uv": [56, 26], "uv_size": [3, 1.5]},
								"south": {"uv": [58, 57], "uv_size": [1.5, 1.5]},
								"west": {"uv": [25, 56], "uv_size": [3, 1.5]},
								"up": {"uv": [29.5, 59], "uv_size": [-1.5, -3]},
								"down": {"uv": [31.5, 56], "uv_size": [-1.5, 3]}
							}
						}
					]
				},
				{
					"name": "Mecha13",
					"parent": "Hair",
					"pivot": [1.52082, 32.82613, -1.72152],
					"rotation": [-42.17263, -66.32161, -155.07298],
					"cubes": [
						{
							"origin": [1.0657, 32.54978, -0.6788],
							"size": [2.91, 2.91, 1.94],
							"inflate": 0.4,
							"pivot": [3.05106, 33.3862, -2.27368],
							"rotation": [-19.05168, -53.46139, -17.4843],
							"uv": {
								"north": {"uv": [15, 57], "uv_size": [-2, 2]},
								"east": {"uv": [59, 11], "uv_size": [-2, 2]},
								"south": {"uv": [59, 9], "uv_size": [-2, 2]},
								"west": {"uv": [17, 57], "uv_size": [-2, 2]},
								"up": {"uv": [40, 59], "uv_size": [2, -2]},
								"down": {"uv": [42, 57], "uv_size": [2, 2]}
							}
						},
						{
							"origin": [-0.8692, 30.81141, -0.79279],
							"size": [2.7354, 2.7354, 2.7354],
							"inflate": 0.4,
							"pivot": [1.02885, 31.2415, -0.25832],
							"rotation": [-31.55168, -53.46139, -17.4843],
							"uv": {
								"north": {"uv": [35.75, 58], "uv_size": [-1.75, 1.75]},
								"east": {"uv": [31.75, 12], "uv_size": [-2.75, 1.75]},
								"south": {"uv": [33.75, 58], "uv_size": [-1.75, 1.75]},
								"west": {"uv": [43.75, 10], "uv_size": [-2.75, 1.75]},
								"up": {"uv": [30, 40.75], "uv_size": [1.75, -2.75]},
								"down": {"uv": [20, 44], "uv_size": [1.75, 2.75]}
							}
						},
						{
							"origin": [-0.95494, 31.47858, 1.18621],
							"size": [2.30472, 2.30472, 2.88672],
							"inflate": 0.4,
							"pivot": [0.72777, 31.29716, 0.2101],
							"rotation": [-54.05168, -53.46139, -17.4843],
							"uv": {
								"north": {"uv": [60.5, 7], "uv_size": [-1.5, 1.5]},
								"east": {"uv": [28, 56], "uv_size": [-3, 1.5]},
								"south": {"uv": [59.5, 57], "uv_size": [-1.5, 1.5]},
								"west": {"uv": [59, 26], "uv_size": [-3, 1.5]},
								"up": {"uv": [28, 59], "uv_size": [1.5, -3]},
								"down": {"uv": [30, 56], "uv_size": [1.5, 3]}
							}
						}
					]
				},
				{
					"name": "Mecha4",
					"parent": "Hair",
					"pivot": [-2.41918, 30.85613, -0.27848],
					"rotation": [154.8634, -21.83259, 3.27596],
					"cubes": [
						{
							"origin": [-2.8743, 30.57978, -3.2612],
							"size": [2.91, 2.91, 1.94],
							"inflate": 0.4,
							"pivot": [-0.88894, 31.4162, 0.27368],
							"rotation": [19.05168, 53.46139, -17.4843],
							"uv": {
								"north": {"uv": [57, 9], "uv_size": [2, 2]},
								"east": {"uv": [57, 11], "uv_size": [2, 2]},
								"south": {"uv": [13, 57], "uv_size": [2, 2]},
								"west": {"uv": [15, 57], "uv_size": [2, 2]},
								"up": {"uv": [40, 57], "uv_size": [2, 2]},
								"down": {"uv": [42, 59], "uv_size": [2, -2]}
							}
						},
						{
							"origin": [-4.8092, 29.81141, -3.94261],
							"size": [2.7354, 1.7654, 2.7354],
							"inflate": 0.4,
							"pivot": [-2.91115, 29.2715, -1.74168],
							"rotation": [31.55168, 53.46139, -17.4843],
							"uv": {
								"north": {"uv": [32, 58], "uv_size": [1.75, 1.75]},
								"east": {"uv": [29, 12], "uv_size": [2.75, 1.75]},
								"south": {"uv": [34, 58], "uv_size": [1.75, 1.75]},
								"west": {"uv": [41, 10], "uv_size": [2.75, 1.75]},
								"up": {"uv": [30, 38], "uv_size": [1.75, 2.75]},
								"down": {"uv": [20, 46.75], "uv_size": [1.75, -2.75]}
							}
						},
						{
							"origin": [-4.89494, 30.47858, -6.07293],
							"size": [2.30472, 1.33472, 2.88672],
							"inflate": 0.4,
							"pivot": [-3.21223, 29.32716, -2.2101],
							"rotation": [54.05168, 53.46139, -17.4843],
							"uv": {
								"north": {"uv": [58, 57], "uv_size": [1.5, 1.5]},
								"east": {"uv": [25, 56], "uv_size": [3, 1.5]},
								"south": {"uv": [59, 7], "uv_size": [1.5, 1.5]},
								"west": {"uv": [56, 26], "uv_size": [3, 1.5]},
								"up": {"uv": [28, 56], "uv_size": [1.5, 3]},
								"down": {"uv": [30, 59], "uv_size": [1.5, -3]}
							}
						}
					]
				},
				{
					"name": "Mecha9",
					"parent": "Hair",
					"pivot": [2.41918, 29.85613, 1.72152],
					"rotation": [154.8634, 21.83259, -3.27596],
					"cubes": [
						{
							"origin": [-0.0357, 29.57978, -1.2612],
							"size": [2.91, 2.91, 1.94],
							"inflate": 0.4,
							"pivot": [0.88894, 30.4162, 2.27368],
							"rotation": [19.05168, -53.46139, 17.4843],
							"uv": {
								"north": {"uv": [59, 9], "uv_size": [-2, 2]},
								"east": {"uv": [17, 57], "uv_size": [-2, 2]},
								"south": {"uv": [15, 57], "uv_size": [-2, 2]},
								"west": {"uv": [59, 11], "uv_size": [-2, 2]},
								"up": {"uv": [42, 57], "uv_size": [-2, 2]},
								"down": {"uv": [44, 59], "uv_size": [-2, -2]}
							}
						},
						{
							"origin": [2.0738, 28.81141, -1.94261],
							"size": [2.7354, 1.7654, 2.7354],
							"inflate": 0.4,
							"pivot": [2.91115, 28.2715, 0.25832],
							"rotation": [31.55168, -53.46139, 17.4843],
							"uv": {
								"north": {"uv": [33.75, 58], "uv_size": [-1.75, 1.75]},
								"east": {"uv": [43.75, 10], "uv_size": [-2.75, 1.75]},
								"south": {"uv": [35.75, 58], "uv_size": [-1.75, 1.75]},
								"west": {"uv": [31.75, 12], "uv_size": [-2.75, 1.75]},
								"up": {"uv": [31.75, 38], "uv_size": [-1.75, 2.75]},
								"down": {"uv": [21.75, 46.75], "uv_size": [-1.75, -2.75]}
							}
						},
						{
							"origin": [2.59022, 29.47858, -4.07293],
							"size": [2.30472, 1.33472, 2.88672],
							"inflate": 0.4,
							"pivot": [3.21223, 28.32716, -0.2101],
							"rotation": [54.05168, -53.46139, 17.4843],
							"uv": {
								"north": {"uv": [59.5, 57], "uv_size": [-1.5, 1.5]},
								"east": {"uv": [59, 26], "uv_size": [-3, 1.5]},
								"south": {"uv": [60.5, 7], "uv_size": [-1.5, 1.5]},
								"west": {"uv": [28, 56], "uv_size": [-3, 1.5]},
								"up": {"uv": [29.5, 56], "uv_size": [-1.5, 3]},
								"down": {"uv": [31.5, 59], "uv_size": [-1.5, -3]}
							}
						}
					]
				},
				{
					"name": "Mecha10",
					"parent": "Hair",
					"pivot": [5.57115, 33.28745, 2.0156],
					"rotation": [150.57642, 17.94493, -23.85162],
					"cubes": [
						{
							"origin": [1.15226, 34.695, 0.90825],
							"size": [2.91, 2.91, 2.91],
							"inflate": 0.4,
							"pivot": [2.07691, 35.53142, 4.44313],
							"rotation": [19.05168, -53.46139, 17.4843],
							"uv": {
								"north": {"uv": [59, 9], "uv_size": [-2, 2]},
								"east": {"uv": [17, 57], "uv_size": [-2, 2]},
								"south": {"uv": [15, 57], "uv_size": [-2, 2]},
								"west": {"uv": [59, 11], "uv_size": [-2, 2]},
								"up": {"uv": [42, 57], "uv_size": [-2, 2]},
								"down": {"uv": [44, 59], "uv_size": [-2, -2]}
							}
						},
						{
							"origin": [4.53928, 32.43347, 1.34913],
							"size": [2.29774, 2.29774, 2.29774],
							"inflate": 0.4,
							"pivot": [5.68815, 33.58234, 2.498],
							"rotation": [31.55168, -53.46139, 17.4843],
							"uv": {
								"north": {"uv": [33.75, 58], "uv_size": [-1.75, 1.75]},
								"east": {"uv": [43.75, 10], "uv_size": [-2.75, 1.75]},
								"south": {"uv": [35.75, 58], "uv_size": [-1.75, 1.75]},
								"west": {"uv": [31.75, 12], "uv_size": [-2.75, 1.75]},
								"up": {"uv": [31.75, 38], "uv_size": [-1.75, 2.75]},
								"down": {"uv": [21.75, 46.75], "uv_size": [-1.75, -2.75]}
							}
						},
						{
							"origin": [3.90489, 34.794, -1.19512],
							"size": [2.30472, 1.33472, 2.88672],
							"inflate": 0.4,
							"pivot": [4.5269, 33.64258, 2.66771],
							"rotation": [54.05168, -53.46139, 17.4843],
							"uv": {
								"north": {"uv": [59.5, 57], "uv_size": [-1.5, 1.5]},
								"east": {"uv": [59, 26], "uv_size": [-3, 1.5]},
								"south": {"uv": [60.5, 7], "uv_size": [-1.5, 1.5]},
								"west": {"uv": [28, 56], "uv_size": [-3, 1.5]},
								"up": {"uv": [29.5, 56], "uv_size": [-1.5, 3]},
								"down": {"uv": [31.5, 59], "uv_size": [-1.5, -3]}
							}
						}
					]
				},
				{
					"name": "Mecha14",
					"parent": "Hair",
					"pivot": [-5.57115, 35.28745, 1.0156],
					"rotation": [176.09843, -26.21983, 14.0932],
					"cubes": [
						{
							"origin": [-4.06226, 35.695, -0.09175],
							"size": [2.91, 3.91, 2.91],
							"inflate": 0.4,
							"pivot": [-2.07691, 37.53142, 3.44313],
							"rotation": [19.05168, 53.46139, -17.4843],
							"uv": {
								"north": {"uv": [57, 9], "uv_size": [2, 2]},
								"east": {"uv": [57, 11], "uv_size": [2, 2]},
								"south": {"uv": [13, 57], "uv_size": [2, 2]},
								"west": {"uv": [15, 57], "uv_size": [2, 2]},
								"up": {"uv": [40, 57], "uv_size": [2, 2]},
								"down": {"uv": [42, 59], "uv_size": [2, -2]}
							}
						},
						{
							"origin": [-6.83702, 33.43347, 0.34913],
							"size": [2.29774, 3.29774, 2.29774],
							"inflate": 0.4,
							"pivot": [-5.68815, 35.58234, 1.498],
							"rotation": [31.55168, 53.46139, -17.4843],
							"uv": {
								"north": {"uv": [32, 58], "uv_size": [1.75, 1.75]},
								"east": {"uv": [29, 12], "uv_size": [2.75, 1.75]},
								"south": {"uv": [34, 58], "uv_size": [1.75, 1.75]},
								"west": {"uv": [41, 10], "uv_size": [2.75, 1.75]},
								"up": {"uv": [30, 38], "uv_size": [1.75, 2.75]},
								"down": {"uv": [20, 46.75], "uv_size": [1.75, -2.75]}
							}
						},
						{
							"origin": [-6.20961, 35.794, -2.19512],
							"size": [2.30472, 2.33472, 2.88672],
							"inflate": 0.4,
							"pivot": [-4.5269, 35.64258, 1.66771],
							"rotation": [54.05168, 53.46139, -17.4843],
							"uv": {
								"north": {"uv": [58, 57], "uv_size": [1.5, 1.5]},
								"east": {"uv": [25, 56], "uv_size": [3, 1.5]},
								"south": {"uv": [59, 7], "uv_size": [1.5, 1.5]},
								"west": {"uv": [56, 26], "uv_size": [3, 1.5]},
								"up": {"uv": [28, 56], "uv_size": [1.5, 3]},
								"down": {"uv": [30, 59], "uv_size": [1.5, -3]}
							}
						}
					]
				},
				{
					"name": "Mecha15",
					"parent": "Hair",
					"pivot": [-3.57115, 35.28745, 6.0156],
					"rotation": [-172.88099, -28.2316, 31.53821],
					"cubes": [
						{
							"origin": [-2.06226, 35.695, 4.90825],
							"size": [2.91, 3.91, 4.91],
							"inflate": 0.4,
							"pivot": [-0.07691, 37.53142, 8.44313],
							"rotation": [19.05168, 53.46139, -17.4843],
							"uv": {
								"north": {"uv": [57, 9], "uv_size": [2, 2]},
								"east": {"uv": [57, 11], "uv_size": [2, 2]},
								"south": {"uv": [13, 57], "uv_size": [2, 2]},
								"west": {"uv": [15, 57], "uv_size": [2, 2]},
								"up": {"uv": [40, 57], "uv_size": [2, 2]},
								"down": {"uv": [42, 59], "uv_size": [2, -2]}
							}
						},
						{
							"origin": [-4.83702, 33.43347, 5.34913],
							"size": [2.29774, 3.29774, 2.29774],
							"inflate": 0.4,
							"pivot": [-3.68815, 35.58234, 6.498],
							"rotation": [31.55168, 53.46139, -17.4843],
							"uv": {
								"north": {"uv": [32, 58], "uv_size": [1.75, 1.75]},
								"east": {"uv": [29, 12], "uv_size": [2.75, 1.75]},
								"south": {"uv": [34, 58], "uv_size": [1.75, 1.75]},
								"west": {"uv": [41, 10], "uv_size": [2.75, 1.75]},
								"up": {"uv": [30, 38], "uv_size": [1.75, 2.75]},
								"down": {"uv": [20, 46.75], "uv_size": [1.75, -2.75]}
							}
						},
						{
							"origin": [-4.20961, 35.794, 2.80488],
							"size": [2.30472, 2.33472, 2.88672],
							"inflate": 0.4,
							"pivot": [-2.5269, 35.64258, 6.66771],
							"rotation": [54.05168, 53.46139, -17.4843],
							"uv": {
								"north": {"uv": [58, 57], "uv_size": [1.5, 1.5]},
								"east": {"uv": [25, 56], "uv_size": [3, 1.5]},
								"south": {"uv": [59, 7], "uv_size": [1.5, 1.5]},
								"west": {"uv": [56, 26], "uv_size": [3, 1.5]},
								"up": {"uv": [28, 56], "uv_size": [1.5, 3]},
								"down": {"uv": [30, 59], "uv_size": [1.5, -3]}
							}
						}
					]
				},
				{
					"name": "Mecha12",
					"parent": "Hair",
					"pivot": [4.60115, 33.22745, 4.9256],
					"rotation": [-166.92358, 17.94493, 6.14838],
					"cubes": [
						{
							"origin": [0.18226, 34.635, 3.81825],
							"size": [2.91, 2.91, 2.91],
							"inflate": 0.4,
							"pivot": [1.10691, 35.47142, 7.35313],
							"rotation": [19.05168, -53.46139, 17.4843],
							"uv": {
								"north": {"uv": [59, 9], "uv_size": [-2, 2]},
								"east": {"uv": [17, 57], "uv_size": [-2, 2]},
								"south": {"uv": [15, 57], "uv_size": [-2, 2]},
								"west": {"uv": [59, 11], "uv_size": [-2, 2]},
								"up": {"uv": [42, 57], "uv_size": [-2, 2]},
								"down": {"uv": [44, 59], "uv_size": [-2, -2]}
							}
						},
						{
							"origin": [3.56928, 32.37347, 4.25913],
							"size": [2.29774, 2.29774, 2.29774],
							"inflate": 0.4,
							"pivot": [4.71815, 33.52234, 5.408],
							"rotation": [31.55168, -53.46139, 17.4843],
							"uv": {
								"north": {"uv": [33.75, 58], "uv_size": [-1.75, 1.75]},
								"east": {"uv": [43.75, 10], "uv_size": [-2.75, 1.75]},
								"south": {"uv": [35.75, 58], "uv_size": [-1.75, 1.75]},
								"west": {"uv": [31.75, 12], "uv_size": [-2.75, 1.75]},
								"up": {"uv": [31.75, 38], "uv_size": [-1.75, 2.75]},
								"down": {"uv": [21.75, 46.75], "uv_size": [-1.75, -2.75]}
							}
						},
						{
							"origin": [3.91739, 32.72158, 3.10665],
							"size": [1.60152, 1.60152, 2.42602],
							"inflate": 0.4,
							"pivot": [4.71815, 33.52234, 5.408],
							"rotation": [31.55168, -53.46139, 17.4843],
							"uv": {
								"north": {"uv": [33.75, 58], "uv_size": [-1.75, 1.75]},
								"east": {"uv": [43.75, 10], "uv_size": [-2.75, 1.75]},
								"south": {"uv": [35.75, 58], "uv_size": [-1.75, 1.75]},
								"west": {"uv": [31.75, 12], "uv_size": [-2.75, 1.75]},
								"up": {"uv": [31.75, 38], "uv_size": [-1.75, 2.75]},
								"down": {"uv": [21.75, 46.75], "uv_size": [-1.75, -2.75]}
							}
						}
					]
				},
				{
					"name": "Mecha8",
					"parent": "Hair",
					"pivot": [-2.41918, 27.88613, 3.60152],
					"rotation": [-175.11936, -8.48194, -34.32011],
					"cubes": [
						{
							"origin": [-3.82914, 26.27261, 0.99147],
							"size": [2.05155, 2.29405, 2.05155],
							"inflate": 0.4,
							"pivot": [-2.4056, 26.83767, 2.64216],
							"rotation": [31.55168, 53.46139, -17.4843],
							"uv": {
								"north": {"uv": [32, 58], "uv_size": [1.75, 1.75]},
								"east": {"uv": [29, 12], "uv_size": [2.75, 1.75]},
								"south": {"uv": [34, 58], "uv_size": [1.75, 1.75]},
								"west": {"uv": [41, 10], "uv_size": [2.75, 1.75]},
								"up": {"uv": [30, 38], "uv_size": [1.75, 2.75]},
								"down": {"uv": [20, 46.75], "uv_size": [1.75, -2.75]}
							}
						},
						{
							"origin": [-3.89344, 27.74299, -0.60628],
							"size": [1.72854, 1.00104, 2.16504],
							"inflate": 0.4,
							"pivot": [-2.63141, 26.87942, 2.29084],
							"rotation": [54.05168, 53.46139, -17.4843],
							"uv": {
								"north": {"uv": [58, 57], "uv_size": [1.5, 1.5]},
								"east": {"uv": [25, 56], "uv_size": [3, 1.5]},
								"south": {"uv": [59, 7], "uv_size": [1.5, 1.5]},
								"west": {"uv": [56, 26], "uv_size": [3, 1.5]},
								"up": {"uv": [28, 56], "uv_size": [1.5, 3]},
								"down": {"uv": [30, 59], "uv_size": [1.5, -3]}
							}
						}
					]
				},
				{
					"name": "Mecha16",
					"parent": "Hair",
					"pivot": [2.41918, 27.88613, 3.60152],
					"rotation": [-175.11936, 8.48194, 34.32011],
					"cubes": [
						{
							"origin": [1.77759, 26.27261, 0.99147],
							"size": [2.05155, 2.29405, 2.05155],
							"inflate": 0.4,
							"pivot": [2.4056, 26.83767, 2.64216],
							"rotation": [31.55168, -53.46139, 17.4843],
							"uv": {
								"north": {"uv": [33.75, 58], "uv_size": [-1.75, 1.75]},
								"east": {"uv": [43.75, 10], "uv_size": [-2.75, 1.75]},
								"south": {"uv": [35.75, 58], "uv_size": [-1.75, 1.75]},
								"west": {"uv": [31.75, 12], "uv_size": [-2.75, 1.75]},
								"up": {"uv": [31.75, 38], "uv_size": [-1.75, 2.75]},
								"down": {"uv": [21.75, 46.75], "uv_size": [-1.75, -2.75]}
							}
						},
						{
							"origin": [2.1649, 27.74299, -0.60628],
							"size": [1.72854, 1.00104, 2.16504],
							"inflate": 0.4,
							"pivot": [2.63141, 26.87942, 2.29084],
							"rotation": [54.05168, -53.46139, 17.4843],
							"uv": {
								"north": {"uv": [59.5, 57], "uv_size": [-1.5, 1.5]},
								"east": {"uv": [59, 26], "uv_size": [-3, 1.5]},
								"south": {"uv": [60.5, 7], "uv_size": [-1.5, 1.5]},
								"west": {"uv": [28, 56], "uv_size": [-3, 1.5]},
								"up": {"uv": [29.5, 56], "uv_size": [-1.5, 3]},
								"down": {"uv": [31.5, 59], "uv_size": [-1.5, -3]}
							}
						}
					]
				},
				{
					"name": "Mecha3",
					"parent": "Hair",
					"pivot": [1.70967, 36.35389, 1.55711],
					"rotation": [26.31332, 35.28007, 159.34169],
					"cubes": [
						{
							"origin": [1.80415, 36.88799, -0.54666],
							"size": [7.0439, 6.2952, 3.7926],
							"inflate": 0.4,
							"pivot": [5.65526, 39.21827, 4.01334],
							"rotation": [19.05168, 53.46139, -17.4843],
							"uv": {
								"north": {"uv": [57, 9], "uv_size": [2, 2]},
								"east": {"uv": [57, 11], "uv_size": [2, 2]},
								"south": {"uv": [13, 57], "uv_size": [2, 2]},
								"west": {"uv": [15, 57], "uv_size": [2, 2]},
								"up": {"uv": [40, 57], "uv_size": [2, 2]},
								"down": {"uv": [42, 59], "uv_size": [2, -2]}
							}
						},
						{
							"origin": [-0.53335, 34.82129, -1.27449],
							"size": [5.81867, 6.06997, 3.52867],
							"inflate": 0.4,
							"pivot": [3.20514, 36.6274, 1.5647],
							"rotation": [31.55168, 53.46139, -17.4843],
							"uv": {
								"north": {"uv": [32, 58], "uv_size": [1.75, 1.75]},
								"east": {"uv": [29, 12], "uv_size": [2.75, 1.75]},
								"south": {"uv": [34, 58], "uv_size": [1.75, 1.75]},
								"west": {"uv": [41, 10], "uv_size": [2.75, 1.75]},
								"up": {"uv": [30, 38], "uv_size": [1.75, 2.75]},
								"down": {"uv": [20, 46.75], "uv_size": [1.75, -2.75]}
							}
						},
						{
							"origin": [-1.49152, 36.5675, -3.42449],
							"size": [4.26309, 4.22439, 2.72387],
							"inflate": 0.4,
							"pivot": [1.96918, 37.58476, 0.55856],
							"rotation": [54.05168, 53.46139, -17.4843],
							"uv": {
								"north": {"uv": [58, 57], "uv_size": [1.5, 1.5]},
								"east": {"uv": [25, 56], "uv_size": [3, 1.5]},
								"south": {"uv": [59, 7], "uv_size": [1.5, 1.5]},
								"west": {"uv": [56, 26], "uv_size": [3, 1.5]},
								"up": {"uv": [28, 56], "uv_size": [1.5, 3]},
								"down": {"uv": [30, 59], "uv_size": [1.5, -3]}
							}
						},
						{
							"origin": [-3.14316, 31.45147, -3.28447],
							"size": [3.46035, 3.17035, 2.71842],
							"inflate": 0.4,
							"pivot": [-0.76798, 33.53665, -1.92525],
							"rotation": [64.05168, 53.46139, -17.4843],
							"uv": {
								"north": {"uv": [58, 57], "uv_size": [1.5, 1.5]},
								"east": {"uv": [25, 56], "uv_size": [3, 1.5]},
								"south": {"uv": [59, 7], "uv_size": [1.5, 1.5]},
								"west": {"uv": [56, 26], "uv_size": [3, 1.5]},
								"up": {"uv": [28, 56], "uv_size": [1.5, 3]},
								"down": {"uv": [30, 59], "uv_size": [1.5, -3]}
							}
						}
					]
				}
			]
		}
	]
}