{
	"format_version": "1.12.0",
	"minecraft:geometry": [
		{
			"description": {
				"identifier": "geometry.gokumuioutline",
				"texture_width": 128,
				"texture_height": 128,
				"visible_bounds_width": 3,
				"visible_bounds_height": 4.5,
				"visible_bounds_offset": [0, 1.75, 0]
			},
			"bones": [
				{
					"name": "Tudo",
					"pivot": [0, 12.72, 0]
				},
				{
					"name": "Corpo",
					"parent": "Tudo",
					"pivot": [0, 24.60557, 0],
					"cubes": [
						{
							"origin": [-4.10093, 12.30278, -2.05046],
							"size": [8.20186, 12.30278, 4.10093],
							"inflate": 0.4,
							"uv": {
								"north": {"uv": [0, 0], "uv_size": [8.25, 12.25]},
								"east": {"uv": [18, 0], "uv_size": [4, 12.25]},
								"south": {"uv": [9, 0], "uv_size": [8.25, 12.25]},
								"west": {"uv": [18, 13], "uv_size": [4, 12.25]},
								"up": {"uv": [41, 15], "uv_size": [8.25, 4]},
								"down": {"uv": [34, 45], "uv_size": [8.25, -4]}
							}
						},
						{
							"origin": [-4.388, 17.87218, -2.19399],
							"size": [8.77599, 7.16397, 4.388],
							"inflate": 0.4,
							"uv": {
								"north": {"uv": [0, 13], "uv_size": [8.75, 7.25]},
								"east": {"uv": [43, 19], "uv_size": [4.5, 7.25]},
								"south": {"uv": [9, 13], "uv_size": [8.75, 7.25]},
								"west": {"uv": [43, 27], "uv_size": [4.5, 7.25]},
								"up": {"uv": [19, 39], "uv_size": [8.75, 4.5]},
								"down": {"uv": [41, 4.5], "uv_size": [8.75, -4.5]}
							}
						}
					],
					"locators": {
						"aura": [0, 19, 0]
					}
				},
				{
					"name": "rightBraco",
					"parent": "Corpo",
					"pivot": [-5.12616, 22.5551, 0],
					"cubes": [
						{
							"origin": [-8.20186, 12.30278, -2.05046],
							"size": [4.10093, 12.30278, 4.10093],
							"inflate": 0.4,
							"uv": {
								"north": {"uv": [0, 21], "uv_size": [4, 12.25]},
								"east": {"uv": [4, 21], "uv_size": [4, 12.25]},
								"south": {"uv": [8, 21], "uv_size": [4, 12.25]},
								"west": {"uv": [12, 21], "uv_size": [4, 12.25]},
								"up": {"uv": [27, 51], "uv_size": [4, 4]},
								"down": {"uv": [6, 57], "uv_size": [4, -4]}
							}
						}
					]
				},
				{
					"name": "leftBiceps",
					"parent": "rightBraco",
					"pivot": [-5.63878, 19.47941, -0.51262],
					"cubes": [
						{
							"origin": [-7.29965, 17.30592, -2.17349],
							"size": [3.32175, 4.34698, 3.32175],
							"inflate": 0.4,
							"uv": {
								"north": {"uv": [21, 54], "uv_size": [3.25, 4.25]},
								"east": {"uv": [54, 39], "uv_size": [3.25, 4.25]},
								"south": {"uv": [48, 54], "uv_size": [3.25, 4.25]},
								"west": {"uv": [52, 54], "uv_size": [3.25, 4.25]},
								"up": {"uv": [56, 53], "uv_size": [3.25, 3.25]},
								"down": {"uv": [5, 60.25], "uv_size": [3.25, -3.25]}
							}
						}
					]
				},
				{
					"name": "leftBraco",
					"parent": "Corpo",
					"pivot": [5.12616, 22.5551, 0],
					"cubes": [
						{
							"origin": [4.10093, 12.30278, -2.05046],
							"size": [4.10093, 12.30278, 4.10093],
							"inflate": 0.4,
							"uv": {
								"north": {"uv": [22, 0], "uv_size": [4, 12.25]},
								"east": {"uv": [22, 13], "uv_size": [4, 12.25]},
								"south": {"uv": [26, 0], "uv_size": [4, 12.25]},
								"west": {"uv": [26, 13], "uv_size": [4, 12.25]},
								"up": {"uv": [53, 21], "uv_size": [4, 4]},
								"down": {"uv": [53, 29], "uv_size": [4, -4]}
							}
						}
					]
				},
				{
					"name": "rightBiceps",
					"parent": "leftBraco",
					"pivot": [5.63878, 19.47941, -0.51262],
					"cubes": [
						{
							"origin": [3.9779, 17.30592, -2.17349],
							"size": [3.32175, 4.34698, 3.32175],
							"inflate": 0.4,
							"uv": {
								"north": {"uv": [55, 0], "uv_size": [3.25, 4.25]},
								"east": {"uv": [14, 55], "uv_size": [3.25, 4.25]},
								"south": {"uv": [25, 55], "uv_size": [3.25, 4.25]},
								"west": {"uv": [29, 55], "uv_size": [3.25, 4.25]},
								"up": {"uv": [57, 21], "uv_size": [3.25, 3.25]},
								"down": {"uv": [57, 28.25], "uv_size": [3.25, -3.25]}
							}
						}
					]
				},
				{
					"name": "rightPerna",
					"parent": "Corpo",
					"pivot": [-1.94794, 12.30278, 0],
					"cubes": [
						{
							"origin": [-3.9984, 0, -2.05046],
							"size": [4.10093, 12.30278, 4.10093],
							"inflate": 0.4,
							"uv": {
								"north": {"uv": [16, 26], "uv_size": [4, 12.25]},
								"east": {"uv": [20, 26], "uv_size": [4, 12.25]},
								"south": {"uv": [24, 26], "uv_size": [4, 12.25]},
								"west": {"uv": [28, 26], "uv_size": [4, 12.25]},
								"up": {"uv": [53, 29], "uv_size": [4, 4]},
								"down": {"uv": [54, 9], "uv_size": [4, -4]}
							}
						},
						{
							"origin": [-4.72222, 4.41958, -2.77428],
							"size": [5.54856, 3.1126, 5.54856],
							"inflate": 0.4,
							"uv": {
								"north": {"uv": [50, 15], "uv_size": [5.5, 3]},
								"east": {"uv": [10, 51], "uv_size": [5.5, 3]},
								"south": {"uv": [21, 51], "uv_size": [5.5, 3]},
								"west": {"uv": [50, 51], "uv_size": [5.5, 3]},
								"up": {"uv": [43, 41], "uv_size": [5.5, 5.5]},
								"down": {"uv": [19, 49.5], "uv_size": [5.5, -5.5]}
							}
						},
						{
							"origin": [-4.50027, 5.73499, -2.55233],
							"size": [5.10467, 4.58598, 5.10467],
							"inflate": 0.4,
							"uv": {
								"north": {"uv": [5, 48], "uv_size": [5, 4.5]},
								"east": {"uv": [48, 19], "uv_size": [5, 4.5]},
								"south": {"uv": [48, 24], "uv_size": [5, 4.5]},
								"west": {"uv": [48, 29], "uv_size": [5, 4.5]},
								"up": {"uv": [11, 34], "uv_size": [5, 5]},
								"down": {"uv": [40, 52], "uv_size": [5, -5]}
							}
						},
						{
							"origin": [-4.10093, -0.10252, -2.17349],
							"size": [4.34698, 2.6656, 4.34698],
							"inflate": 0.4,
							"uv": {
								"north": {"uv": [33, 55], "uv_size": [4.25, 2.75]},
								"east": {"uv": [55, 33], "uv_size": [4.25, 2.75]},
								"south": {"uv": [55, 36], "uv_size": [4.25, 2.75]},
								"west": {"uv": [38, 55], "uv_size": [4.25, 2.75]},
								"up": {"uv": [16, 50], "uv_size": [4.25, 4.25]},
								"down": {"uv": [31, 54.25], "uv_size": [4.25, -4.25]}
							}
						}
					]
				},
				{
					"name": "leftPerna",
					"parent": "Corpo",
					"pivot": [1.94794, 12.30278, 0],
					"cubes": [
						{
							"origin": [-0.10252, 0, -2.05046],
							"size": [4.10093, 12.30278, 4.10093],
							"inflate": 0.4,
							"uv": {
								"north": {"uv": [30, 0], "uv_size": [4, 12.25]},
								"east": {"uv": [30, 13], "uv_size": [4, 12.25]},
								"south": {"uv": [32, 26], "uv_size": [4, 12.25]},
								"west": {"uv": [0, 34], "uv_size": [4, 12.25]},
								"up": {"uv": [54, 9], "uv_size": [4, 4]},
								"down": {"uv": [10, 58], "uv_size": [4, -4]}
							}
						},
						{
							"origin": [-0.82634, 4.41958, -2.77428],
							"size": [5.54856, 3.1126, 5.54856],
							"inflate": 0.4,
							"uv": {
								"north": {"uv": [36, 52], "uv_size": [5.5, 3]},
								"east": {"uv": [42, 52], "uv_size": [5.5, 3]},
								"south": {"uv": [0, 53], "uv_size": [5.5, 3]},
								"west": {"uv": [53, 18], "uv_size": [5.5, 3]},
								"up": {"uv": [44, 35], "uv_size": [5.5, 5.5]},
								"down": {"uv": [10, 50.5], "uv_size": [5.5, -5.5]}
							}
						},
						{
							"origin": [-0.60439, 5.73499, -2.55233],
							"size": [5.10467, 4.58598, 5.10467],
							"inflate": 0.4,
							"uv": {
								"north": {"uv": [49, 5], "uv_size": [5, 4.5]},
								"east": {"uv": [49, 10], "uv_size": [5, 4.5]},
								"south": {"uv": [49, 41], "uv_size": [5, 4.5]},
								"west": {"uv": [50, 0], "uv_size": [5, 4.5]},
								"up": {"uv": [45, 47], "uv_size": [5, 5]},
								"down": {"uv": [0, 53], "uv_size": [5, -5]}
							}
						},
						{
							"origin": [-0.24606, -0.10252, -2.17349],
							"size": [4.34698, 2.6656, 4.34698],
							"inflate": 0.4,
							"uv": {
								"north": {"uv": [43, 55], "uv_size": [4.25, 2.75]},
								"east": {"uv": [55, 46], "uv_size": [4.25, 2.75]},
								"south": {"uv": [0, 56], "uv_size": [4.25, 2.75]},
								"west": {"uv": [56, 15], "uv_size": [4.25, 2.75]},
								"up": {"uv": [50, 34], "uv_size": [4.25, 4.25]},
								"down": {"uv": [50, 50.25], "uv_size": [4.25, -4.25]}
							}
						}
					]
				},
				{
					"name": "head",
					"parent": "Corpo",
					"pivot": [0, 24.12, 0],
					"cubes": [
						{
							"origin": [-3.52, 24.12, -3.52],
							"size": [7.04, 7.04, 7.04],
							"inflate": 0.4,
							"uv": {
								"north": {"uv": [34, 0], "uv_size": [7, 7]},
								"east": {"uv": [4, 34], "uv_size": [7, 7]},
								"south": {"uv": [34, 7], "uv_size": [7, 7]},
								"west": {"uv": [34, 14], "uv_size": [7, 7]},
								"up": {"uv": [36, 21], "uv_size": [7, 7]},
								"down": {"uv": [36, 35], "uv_size": [7, -7]}
							}
						}
					]
				},
				{
					"name": "Hair",
					"parent": "head",
					"pivot": [0, 31.87, 1.25],
					"cubes": [
						{
							"origin": [-3.88, 27.3964, -0.97],
							"size": [7.76, 4.85, 5.82],
							"inflate": 0.4,
							"uv": {
								"north": {"uv": [41, 5], "uv_size": [7.75, 4.75]},
								"east": {"uv": [34, 45], "uv_size": [5.75, 4.75]},
								"south": {"uv": [41, 10], "uv_size": [7.75, 4.75]},
								"west": {"uv": [25, 46], "uv_size": [5.75, 4.75]},
								"up": {"uv": [36, 35], "uv_size": [7.75, 5.75]},
								"down": {"uv": [11, 44.75], "uv_size": [7.75, -5.75]}
							}
						},
						{
							"origin": [-2.91, 31.2764, -2.91],
							"size": [5.82, 1.94, 6.79],
							"inflate": 0.4,
							"uv": {
								"north": {"uv": [55, 49], "uv_size": [5.75, 2]},
								"east": {"uv": [54, 13], "uv_size": [6.75, 2]},
								"south": {"uv": [56, 51], "uv_size": [5.75, 2]},
								"west": {"uv": [54, 44], "uv_size": [6.75, 2]},
								"up": {"uv": [28, 39], "uv_size": [5.75, 6.75]},
								"down": {"uv": [4, 47.75], "uv_size": [5.75, -6.75]}
							}
						}
					]
				},
				{
					"name": "Mecha",
					"parent": "Hair",
					"pivot": [1.26568, 32.31983, -2.76762],
					"rotation": [1.31845, 9.91358, 7.61435],
					"cubes": [
						{
							"origin": [0.1649, 31.4413, -4.5202],
							"size": [1.6102, 2.6102, 1.6102],
							"inflate": 0.4,
							"pivot": [0.97, 32.2464, -2.91],
							"rotation": [19.05168, 53.46139, -17.4843],
							"uv": {
								"north": {"uv": [24, 66], "uv_size": [1.5, 2.5]},
								"east": {"uv": [26, 66], "uv_size": [1.5, 2.5]},
								"south": {"uv": [66, 27], "uv_size": [1.5, 2.5]},
								"west": {"uv": [28, 66], "uv_size": [1.5, 2.5]},
								"up": {"uv": [22, 68], "uv_size": [1.5, 1.5]},
								"down": {"uv": [68, 27.5], "uv_size": [1.5, -1.5]}
							}
						},
						{
							"origin": [-1.04188, 30.30109, -4.90693],
							"size": [1.46528, 2.46528, 1.46528],
							"inflate": 0.4,
							"pivot": [-0.30924, 31.03373, -4.17429],
							"rotation": [31.55168, 53.46139, -17.4843],
							"uv": {
								"north": {"uv": [30, 66], "uv_size": [1.5, 2.5]},
								"east": {"uv": [66, 46], "uv_size": [1.5, 2.5]},
								"south": {"uv": [59, 66], "uv_size": [1.5, 2.5]},
								"west": {"uv": [67, 3], "uv_size": [1.5, 2.5]},
								"up": {"uv": [68, 28], "uv_size": [1.5, 1.5]},
								"down": {"uv": [68, 31.5], "uv_size": [1.5, -1.5]}
							}
						},
						{
							"origin": [-1.18764, 31.15389, -6.55828],
							"size": [1.10782, 1.10782, 0.78578],
							"inflate": 0.4,
							"pivot": [0.97646, 30.9027, -5.52131],
							"rotation": [46.55168, 53.46139, -17.4843],
							"uv": {
								"north": {"uv": [10, 41], "uv_size": [1, 1]},
								"east": {"uv": [39, 51], "uv_size": [0.75, 1]},
								"south": {"uv": [10, 42], "uv_size": [1, 1]},
								"west": {"uv": [5, 56], "uv_size": [0.75, 1]},
								"up": {"uv": [9, 57], "uv_size": [1, 0.75]},
								"down": {"uv": [24, 59.75], "uv_size": [1, -0.75]}
							}
						},
						{
							"origin": [-0.25308, 29.60691, -4.60274],
							"size": [0.85302, 0.85302, 1.22498],
							"inflate": 0.4,
							"pivot": [0.17343, 28.42322, -4.79535],
							"rotation": [56.55168, 53.46139, -17.4843],
							"uv": {
								"north": {"uv": [52, 69], "uv_size": [0.75, 0.75]},
								"east": {"uv": [60, 56], "uv_size": [1.25, 0.75]},
								"south": {"uv": [53, 69], "uv_size": [0.75, 0.75]},
								"west": {"uv": [63, 55], "uv_size": [1.25, 0.75]},
								"up": {"uv": [53, 39], "uv_size": [0.75, 1.25]},
								"down": {"uv": [61, 50.25], "uv_size": [0.75, -1.25]}
							}
						}
					]
				},
				{
					"name": "Mecha7",
					"parent": "Hair",
					"pivot": [0.95196, 32.35374, -3.76458],
					"rotation": [-12.50839, -12.45238, 2.54835],
					"cubes": [
						{
							"origin": [0.36411, 30.95742, -4.39354],
							"size": [1.6102, 1.6102, 1.6102],
							"inflate": 0.4,
							"pivot": [1.16921, 31.76252, -2.78334],
							"rotation": [19.05168, -53.46139, 17.4843],
							"uv": {
								"north": {"uv": [14, 69], "uv_size": [1.5, 1.5]},
								"east": {"uv": [69, 14], "uv_size": [1.5, 1.5]},
								"south": {"uv": [69, 21], "uv_size": [1.5, 1.5]},
								"west": {"uv": [24, 69], "uv_size": [1.5, 1.5]},
								"up": {"uv": [26, 69], "uv_size": [1.5, 1.5]},
								"down": {"uv": [28, 70.5], "uv_size": [1.5, -1.5]}
							}
						},
						{
							"origin": [1.71581, 29.81721, -4.78027],
							"size": [1.46528, 1.46528, 1.46528],
							"inflate": 0.4,
							"pivot": [2.44845, 30.54985, -4.04763],
							"rotation": [31.55168, -53.46139, 17.4843],
							"uv": {
								"north": {"uv": [30, 69], "uv_size": [1.5, 1.5]},
								"east": {"uv": [32, 69], "uv_size": [1.5, 1.5]},
								"south": {"uv": [34, 69], "uv_size": [1.5, 1.5]},
								"west": {"uv": [36, 69], "uv_size": [1.5, 1.5]},
								"up": {"uv": [69, 36], "uv_size": [1.5, 1.5]},
								"down": {"uv": [38, 70.5], "uv_size": [1.5, -1.5]}
							}
						},
						{
							"origin": [2.21903, 30.67001, -6.43162],
							"size": [1.10782, 1.10782, 0.78578],
							"inflate": 0.4,
							"pivot": [1.16275, 30.41882, -5.39465],
							"rotation": [46.55168, -53.46139, 17.4843],
							"uv": {
								"north": {"uv": [24, 50], "uv_size": [1, 1]},
								"east": {"uv": [48, 69], "uv_size": [0.75, 1]},
								"south": {"uv": [39, 50], "uv_size": [1, 1]},
								"west": {"uv": [49, 69], "uv_size": [0.75, 1]},
								"up": {"uv": [50, 69], "uv_size": [1, 0.75]},
								"down": {"uv": [51, 69.75], "uv_size": [1, -0.75]}
							}
						}
					]
				},
				{
					"name": "Mecha5",
					"parent": "Hair",
					"pivot": [-2.47911, 30.79335, -3.57291],
					"rotation": [8.05023, 33.74775, 18.12446],
					"cubes": [
						{
							"origin": [-2.04822, 31.3414, -3.76613],
							"size": [1.51294, 1.51294, 1.51294],
							"inflate": 0.4,
							"pivot": [-1.29175, 32.09787, -2.25319],
							"rotation": [19.05168, 53.46139, -17.4843],
							"uv": {
								"north": {"uv": [68, 32], "uv_size": [1.5, 1.5]},
								"east": {"uv": [68, 34], "uv_size": [1.5, 1.5]},
								"south": {"uv": [68, 44], "uv_size": [1.5, 1.5]},
								"west": {"uv": [68, 46], "uv_size": [1.5, 1.5]},
								"up": {"uv": [68, 48], "uv_size": [1.5, 1.5]},
								"down": {"uv": [68, 51.5], "uv_size": [1.5, -1.5]}
							}
						},
						{
							"origin": [-3.18212, 30.27006, -4.1295],
							"size": [1.37678, 1.37678, 1.37678],
							"inflate": 0.4,
							"pivot": [-2.49372, 30.95845, -3.44111],
							"rotation": [31.55168, 53.46139, -17.4843],
							"uv": {
								"north": {"uv": [68, 52], "uv_size": [1.5, 1.5]},
								"east": {"uv": [68, 54], "uv_size": [1.5, 1.5]},
								"south": {"uv": [68, 56], "uv_size": [1.5, 1.5]},
								"west": {"uv": [68, 58], "uv_size": [1.5, 1.5]},
								"up": {"uv": [61, 68], "uv_size": [1.5, 1.5]},
								"down": {"uv": [63, 69.5], "uv_size": [1.5, -1.5]}
							}
						},
						{
							"origin": [-3.31907, 31.07134, -5.68111],
							"size": [1.0409, 1.0409, 0.73832],
							"inflate": 0.4,
							"pivot": [-1.28568, 30.83533, -4.70677],
							"rotation": [46.55168, 53.46139, -17.4843],
							"uv": {
								"north": {"uv": [10, 43], "uv_size": [1, 1]},
								"east": {"uv": [60, 38], "uv_size": [0.75, 1]},
								"south": {"uv": [10, 44], "uv_size": [1, 1]},
								"west": {"uv": [62, 52], "uv_size": [0.75, 1]},
								"up": {"uv": [65, 46], "uv_size": [1, 0.75]},
								"down": {"uv": [32, 66.75], "uv_size": [1, -0.75]}
							}
						},
						{
							"origin": [-2.44095, 29.61781, -3.84368],
							"size": [0.8015, 0.8015, 1.15099],
							"inflate": 0.4,
							"pivot": [-2.04021, 28.50561, -4.02467],
							"rotation": [56.55168, 53.46139, -17.4843],
							"uv": {
								"north": {"uv": [54, 69], "uv_size": [0.75, 0.75]},
								"east": {"uv": [68, 60], "uv_size": [1.25, 0.75]},
								"south": {"uv": [55, 69], "uv_size": [0.75, 0.75]},
								"west": {"uv": [69, 16], "uv_size": [1.25, 0.75]},
								"up": {"uv": [61, 63], "uv_size": [0.75, 1.25]},
								"down": {"uv": [17, 67.25], "uv_size": [0.75, -1.25]}
							}
						}
					]
				},
				{
					"name": "Mecha6",
					"parent": "Hair",
					"pivot": [2.47911, 30.79335, -3.57291],
					"rotation": [8.05023, -33.74775, -18.12446],
					"cubes": [
						{
							"origin": [1.80533, 30.27006, -4.1295],
							"size": [1.37678, 1.37678, 1.37678],
							"inflate": 0.4,
							"pivot": [2.49372, 30.95845, -3.44111],
							"rotation": [31.55168, -53.46139, 17.4843],
							"uv": {
								"north": {"uv": [4, 69], "uv_size": [1.5, 1.5]},
								"east": {"uv": [69, 4], "uv_size": [1.5, 1.5]},
								"south": {"uv": [6, 69], "uv_size": [1.5, 1.5]},
								"west": {"uv": [8, 69], "uv_size": [1.5, 1.5]},
								"up": {"uv": [10, 69], "uv_size": [1.5, 1.5]},
								"down": {"uv": [12, 70.5], "uv_size": [1.5, -1.5]}
							}
						},
						{
							"origin": [2.27817, 31.07134, -5.68111],
							"size": [1.0409, 1.0409, 0.73832],
							"inflate": 0.4,
							"pivot": [1.28568, 30.83533, -4.70677],
							"rotation": [46.55168, -53.46139, 17.4843],
							"uv": {
								"north": {"uv": [3, 47], "uv_size": [1, 1]},
								"east": {"uv": [67, 17], "uv_size": [0.75, 1]},
								"south": {"uv": [49, 46], "uv_size": [1, 1]},
								"west": {"uv": [67, 26], "uv_size": [0.75, 1]},
								"up": {"uv": [68, 2], "uv_size": [1, 0.75]},
								"down": {"uv": [47, 69.75], "uv_size": [1, -0.75]}
							}
						},
						{
							"origin": [1.63945, 29.61781, -3.84368],
							"size": [0.8015, 0.8015, 1.15099],
							"inflate": 0.4,
							"pivot": [2.04021, 28.50561, -4.02467],
							"rotation": [56.55168, -53.46139, 17.4843],
							"uv": {
								"north": {"uv": [56, 69], "uv_size": [0.75, 0.75]},
								"east": {"uv": [69, 43], "uv_size": [1.25, 0.75]},
								"south": {"uv": [57, 69], "uv_size": [0.75, 0.75]},
								"west": {"uv": [44, 69], "uv_size": [1.25, 0.75]},
								"up": {"uv": [16, 69], "uv_size": [0.75, 1.25]},
								"down": {"uv": [46, 70.25], "uv_size": [0.75, -1.25]}
							}
						}
					]
				},
				{
					"name": "Mecha2",
					"parent": "Hair",
					"pivot": [-0.47918, 32.82613, -0.27848],
					"rotation": [-18.03294, 29.72526, 109.60911],
					"cubes": [
						{
							"origin": [-0.9343, 32.54978, -3.2612],
							"size": [2.91, 2.91, 1.94],
							"inflate": 0.4,
							"pivot": [1.05106, 33.3862, 0.27368],
							"rotation": [19.05168, 53.46139, -17.4843],
							"uv": {
								"north": {"uv": [33, 58], "uv_size": [3, 3]},
								"east": {"uv": [57, 61], "uv_size": [2, 3]},
								"south": {"uv": [36, 58], "uv_size": [3, 3]},
								"west": {"uv": [63, 30], "uv_size": [2, 3]},
								"up": {"uv": [25, 44], "uv_size": [3, 2]},
								"down": {"uv": [40, 47], "uv_size": [3, -2]}
							}
						},
						{
							"origin": [-2.8692, 30.81141, -3.94261],
							"size": [2.7354, 2.7354, 2.7354],
							"inflate": 0.4,
							"pivot": [-0.97115, 31.2415, -1.74168],
							"rotation": [31.55168, 53.46139, -17.4843],
							"uv": {
								"north": {"uv": [61, 12], "uv_size": [2.75, 2.75]},
								"east": {"uv": [61, 15], "uv_size": [2.75, 2.75]},
								"south": {"uv": [61, 21], "uv_size": [2.75, 2.75]},
								"west": {"uv": [61, 24], "uv_size": [2.75, 2.75]},
								"up": {"uv": [33, 61], "uv_size": [2.75, 2.75]},
								"down": {"uv": [36, 63.75], "uv_size": [2.75, -2.75]}
							}
						},
						{
							"origin": [-2.95494, 31.47858, -6.07293],
							"size": [2.30472, 2.30472, 2.88672],
							"inflate": 0.4,
							"pivot": [-1.27223, 31.29716, -2.2101],
							"rotation": [54.05168, 53.46139, -17.4843],
							"uv": {
								"north": {"uv": [64, 3], "uv_size": [2.25, 2.25]},
								"east": {"uv": [62, 0], "uv_size": [3, 2.25]},
								"south": {"uv": [6, 64], "uv_size": [2.25, 2.25]},
								"west": {"uv": [18, 62], "uv_size": [3, 2.25]},
								"up": {"uv": [62, 18], "uv_size": [2.25, 3]},
								"down": {"uv": [21, 65], "uv_size": [2.25, -3]}
							}
						}
					]
				},
				{
					"name": "Mecha4",
					"parent": "Hair",
					"pivot": [-2.41918, 30.85613, -0.27848],
					"rotation": [4.44537, 22.86443, 52.65374],
					"cubes": [
						{
							"origin": [-2.8743, 30.57978, -3.2612],
							"size": [2.91, 2.91, 1.94],
							"inflate": 0.4,
							"pivot": [-0.88894, 31.4162, 0.27368],
							"rotation": [19.05168, 53.46139, -17.4843],
							"uv": {
								"north": {"uv": [39, 58], "uv_size": [3, 3]},
								"east": {"uv": [63, 33], "uv_size": [2, 3]},
								"south": {"uv": [58, 39], "uv_size": [3, 3]},
								"west": {"uv": [63, 44], "uv_size": [2, 3]},
								"up": {"uv": [36, 50], "uv_size": [3, 2]},
								"down": {"uv": [50, 41], "uv_size": [3, -2]}
							}
						},
						{
							"origin": [-4.8092, 29.81141, -3.94261],
							"size": [2.7354, 1.7654, 2.7354],
							"inflate": 0.4,
							"pivot": [-2.91115, 29.2715, -1.74168],
							"rotation": [31.55168, 53.46139, -17.4843],
							"uv": {
								"north": {"uv": [65, 30], "uv_size": [2.75, 1.75]},
								"east": {"uv": [65, 32], "uv_size": [2.75, 1.75]},
								"south": {"uv": [65, 34], "uv_size": [2.75, 1.75]},
								"west": {"uv": [65, 44], "uv_size": [2.75, 1.75]},
								"up": {"uv": [61, 38], "uv_size": [2.75, 2.75]},
								"down": {"uv": [39, 63.75], "uv_size": [2.75, -2.75]}
							}
						},
						{
							"origin": [-4.89494, 30.47858, -6.07293],
							"size": [2.30472, 1.33472, 2.88672],
							"inflate": 0.4,
							"pivot": [-3.21223, 29.32716, -2.2101],
							"rotation": [54.05168, 53.46139, -17.4843],
							"uv": {
								"north": {"uv": [45, 67], "uv_size": [2.25, 1.25]},
								"east": {"uv": [66, 36], "uv_size": [3, 1.25]},
								"south": {"uv": [48, 67], "uv_size": [2.25, 1.25]},
								"west": {"uv": [6, 67], "uv_size": [3, 1.25]},
								"up": {"uv": [48, 62], "uv_size": [2.25, 3]},
								"down": {"uv": [62, 52], "uv_size": [2.25, -3]}
							}
						}
					]
				},
				{
					"name": "Mecha15",
					"parent": "Hair",
					"pivot": [-3.41918, 30.14387, 2.72152],
					"rotation": [-9.91356, 64.46359, 1.86411],
					"cubes": [
						{
							"origin": [-3.8743, 27.51022, -1.2612],
							"size": [2.91, 2.91, 2.94],
							"inflate": 0.4,
							"pivot": [-1.88894, 29.5838, 3.27368],
							"rotation": [-19.05168, 53.46139, 17.4843],
							"uv": {
								"north": {"uv": [59, 60], "uv_size": [3, 3]},
								"east": {"uv": [3, 61], "uv_size": [3, 3]},
								"south": {"uv": [61, 3], "uv_size": [3, 3]},
								"west": {"uv": [6, 61], "uv_size": [3, 3]},
								"up": {"uv": [61, 6], "uv_size": [3, 3]},
								"down": {"uv": [61, 12], "uv_size": [3, -3]}
							}
						},
						{
							"origin": [-5.8092, 29.42319, -0.94261],
							"size": [2.7354, 1.7654, 1.7354],
							"inflate": 0.4,
							"pivot": [-3.91115, 31.7285, 1.25832],
							"rotation": [-31.55168, 53.46139, 17.4843],
							"uv": {
								"north": {"uv": [65, 53], "uv_size": [2.75, 1.75]},
								"east": {"uv": [67, 42], "uv_size": [1.75, 1.75]},
								"south": {"uv": [65, 55], "uv_size": [2.75, 1.75]},
								"west": {"uv": [43, 67], "uv_size": [1.75, 1.75]},
								"up": {"uv": [65, 57], "uv_size": [2.75, 1.75]},
								"down": {"uv": [65, 60.75], "uv_size": [2.75, -1.75]}
							}
						},
						{
							"origin": [-5.89494, 29.1867, -3.07293],
							"size": [2.30472, 1.33472, 2.88672],
							"inflate": 0.4,
							"pivot": [-4.21223, 31.67284, 0.7899],
							"rotation": [-54.05168, 53.46139, 17.4843],
							"uv": {
								"north": {"uv": [68, 0], "uv_size": [2.25, 1.25]},
								"east": {"uv": [67, 38], "uv_size": [3, 1.25]},
								"south": {"uv": [17, 68], "uv_size": [2.25, 1.25]},
								"west": {"uv": [67, 40], "uv_size": [3, 1.25]},
								"up": {"uv": [63, 27], "uv_size": [2.25, 3]},
								"down": {"uv": [30, 66], "uv_size": [2.25, -3]}
							}
						}
					]
				},
				{
					"name": "Mecha13",
					"parent": "Hair",
					"pivot": [0.58082, 33.14387, 1.72152],
					"rotation": [11.54638, 54.20259, 72.05353],
					"cubes": [
						{
							"origin": [0.1257, 30.51022, -1.2612],
							"size": [2.91, 2.91, 1.94],
							"inflate": 0.4,
							"pivot": [2.11106, 32.5838, 2.27368],
							"rotation": [-19.05168, 53.46139, 17.4843],
							"uv": {
								"north": {"uv": [24, 60], "uv_size": [3, 3]},
								"east": {"uv": [63, 52], "uv_size": [2, 3]},
								"south": {"uv": [27, 60], "uv_size": [3, 3]},
								"west": {"uv": [59, 63], "uv_size": [2, 3]},
								"up": {"uv": [63, 47], "uv_size": [3, 2]},
								"down": {"uv": [3, 66], "uv_size": [3, -2]}
							}
						},
						{
							"origin": [-1.8092, 32.42319, -1.94261],
							"size": [2.7354, 1.7654, 2.7354],
							"inflate": 0.4,
							"pivot": [0.08885, 34.7285, 0.25832],
							"rotation": [-31.55168, 53.46139, 17.4843],
							"uv": {
								"north": {"uv": [48, 65], "uv_size": [2.75, 1.75]},
								"east": {"uv": [65, 49], "uv_size": [2.75, 1.75]},
								"south": {"uv": [51, 65], "uv_size": [2.75, 1.75]},
								"west": {"uv": [65, 51], "uv_size": [2.75, 1.75]},
								"up": {"uv": [45, 61], "uv_size": [2.75, 2.75]},
								"down": {"uv": [54, 63.75], "uv_size": [2.75, -2.75]}
							}
						},
						{
							"origin": [-1.89494, 32.1867, -4.07293],
							"size": [2.30472, 1.33472, 2.88672],
							"inflate": 0.4,
							"pivot": [-0.21223, 34.67284, -0.2101],
							"rotation": [-54.05168, 53.46139, 17.4843],
							"uv": {
								"north": {"uv": [67, 61], "uv_size": [2.25, 1.25]},
								"east": {"uv": [67, 24], "uv_size": [3, 1.25]},
								"south": {"uv": [67, 63], "uv_size": [2.25, 1.25]},
								"west": {"uv": [32, 67], "uv_size": [3, 1.25]},
								"up": {"uv": [12, 63], "uv_size": [2.25, 3]},
								"down": {"uv": [15, 66], "uv_size": [2.25, -3]}
							}
						}
					]
				},
				{
					"name": "Mecha10",
					"parent": "Hair",
					"pivot": [5.57115, 33.71255, 2.0156],
					"rotation": [177.70958, 33.97287, -71.59601],
					"cubes": [
						{
							"origin": [1.15226, 29.395, 0.90825],
							"size": [2.91, 2.91, 2.91],
							"inflate": 0.4,
							"pivot": [2.07691, 31.46858, 4.44313],
							"rotation": [-19.05168, -53.46139, -17.4843],
							"uv": {
								"north": {"uv": [42, 58], "uv_size": [3, 3]},
								"east": {"uv": [45, 58], "uv_size": [3, 3]},
								"south": {"uv": [0, 59], "uv_size": [3, 3]},
								"west": {"uv": [59, 0], "uv_size": [3, 3]},
								"up": {"uv": [18, 59], "uv_size": [3, 3]},
								"down": {"uv": [59, 21], "uv_size": [3, -3]}
							}
						},
						{
							"origin": [4.53928, 32.26879, 1.34913],
							"size": [2.29774, 2.29774, 2.29774],
							"inflate": 0.4,
							"pivot": [5.68815, 33.41766, 2.498],
							"rotation": [-31.55168, -53.46139, -17.4843],
							"uv": {
								"north": {"uv": [64, 6], "uv_size": [2.25, 2.25]},
								"east": {"uv": [64, 9], "uv_size": [2.25, 2.25]},
								"south": {"uv": [64, 12], "uv_size": [2.25, 2.25]},
								"west": {"uv": [64, 15], "uv_size": [2.25, 2.25]},
								"up": {"uv": [64, 21], "uv_size": [2.25, 2.25]},
								"down": {"uv": [64, 26.25], "uv_size": [2.25, -2.25]}
							}
						},
						{
							"origin": [3.90489, 30.87128, -1.19512],
							"size": [2.30472, 1.33472, 2.88672],
							"inflate": 0.4,
							"pivot": [4.5269, 33.35742, 2.66771],
							"rotation": [-54.05168, -53.46139, -17.4843],
							"uv": {
								"north": {"uv": [51, 67], "uv_size": [2.25, 1.25]},
								"east": {"uv": [67, 6], "uv_size": [3, 1.25]},
								"south": {"uv": [54, 67], "uv_size": [2.25, 1.25]},
								"west": {"uv": [67, 8], "uv_size": [3, 1.25]},
								"up": {"uv": [51, 62], "uv_size": [2.25, 3]},
								"down": {"uv": [62, 59], "uv_size": [2.25, -3]}
							}
						}
					]
				},
				{
					"name": "Mecha14",
					"parent": "Hair",
					"pivot": [5.57115, 31.28745, 2.0156],
					"rotation": [-153.21883, 18.86392, 37.8561],
					"cubes": [
						{
							"origin": [1.15226, 32.695, 0.90825],
							"size": [2.91, 2.91, 2.91],
							"inflate": 0.4,
							"pivot": [2.07691, 33.53142, 4.44313],
							"rotation": [19.05168, -53.46139, 17.4843],
							"uv": {
								"north": {"uv": [60, 29], "uv_size": [3, 3]},
								"east": {"uv": [30, 60], "uv_size": [3, 3]},
								"south": {"uv": [60, 32], "uv_size": [3, 3]},
								"west": {"uv": [60, 35], "uv_size": [3, 3]},
								"up": {"uv": [60, 46], "uv_size": [3, 3]},
								"down": {"uv": [60, 56], "uv_size": [3, -3]}
							}
						},
						{
							"origin": [4.53928, 30.43347, 1.34913],
							"size": [2.29774, 2.29774, 2.29774],
							"inflate": 0.4,
							"pivot": [5.68815, 31.58234, 2.498],
							"rotation": [31.55168, -53.46139, 17.4843],
							"uv": {
								"north": {"uv": [45, 64], "uv_size": [2.25, 2.25]},
								"east": {"uv": [54, 64], "uv_size": [2.25, 2.25]},
								"south": {"uv": [65, 0], "uv_size": [2.25, 2.25]},
								"west": {"uv": [18, 65], "uv_size": [2.25, 2.25]},
								"up": {"uv": [65, 18], "uv_size": [2.25, 2.25]},
								"down": {"uv": [21, 67.25], "uv_size": [2.25, -2.25]}
							}
						},
						{
							"origin": [3.90489, 32.794, -1.19512],
							"size": [2.30472, 1.33472, 2.88672],
							"inflate": 0.4,
							"pivot": [4.5269, 31.64258, 2.66771],
							"rotation": [54.05168, -53.46139, 17.4843],
							"uv": {
								"north": {"uv": [65, 67], "uv_size": [2.25, 1.25]},
								"east": {"uv": [35, 67], "uv_size": [3, 1.25]},
								"south": {"uv": [67, 65], "uv_size": [2.25, 1.25]},
								"west": {"uv": [38, 67], "uv_size": [3, 1.25]},
								"up": {"uv": [24, 63], "uv_size": [2.25, 3]},
								"down": {"uv": [27, 66], "uv_size": [2.25, -3]}
							}
						}
					]
				},
				{
					"name": "Mecha12",
					"parent": "Hair",
					"pivot": [4.60115, 35.22745, 4.9256],
					"rotation": [-173.06999, 21.01227, -12.13838],
					"cubes": [
						{
							"origin": [0.18226, 36.635, 3.81825],
							"size": [2.91, 2.91, 2.91],
							"inflate": 0.4,
							"pivot": [1.10691, 37.47142, 7.35313],
							"rotation": [19.05168, -53.46139, 17.4843],
							"uv": {
								"north": {"uv": [21, 59], "uv_size": [3, 3]},
								"east": {"uv": [48, 59], "uv_size": [3, 3]},
								"south": {"uv": [51, 59], "uv_size": [3, 3]},
								"west": {"uv": [59, 57], "uv_size": [3, 3]},
								"up": {"uv": [12, 60], "uv_size": [3, 3]},
								"down": {"uv": [15, 63], "uv_size": [3, -3]}
							}
						},
						{
							"origin": [3.56928, 34.37347, 4.25913],
							"size": [2.29774, 2.29774, 2.29774],
							"inflate": 0.4,
							"pivot": [4.71815, 35.52234, 5.408],
							"rotation": [31.55168, -53.46139, 17.4843],
							"uv": {
								"north": {"uv": [33, 64], "uv_size": [2.25, 2.25]},
								"east": {"uv": [36, 64], "uv_size": [2.25, 2.25]},
								"south": {"uv": [64, 38], "uv_size": [2.25, 2.25]},
								"west": {"uv": [39, 64], "uv_size": [2.25, 2.25]},
								"up": {"uv": [64, 41], "uv_size": [2.25, 2.25]},
								"down": {"uv": [42, 66.25], "uv_size": [2.25, -2.25]}
							}
						},
						{
							"origin": [3.91739, 34.72158, 3.10665],
							"size": [1.60152, 1.60152, 2.42602],
							"inflate": 0.4,
							"pivot": [4.71815, 35.52234, 5.408],
							"rotation": [31.55168, -53.46139, 17.4843],
							"uv": {
								"north": {"uv": [68, 67], "uv_size": [1.5, 1.5]},
								"east": {"uv": [67, 10], "uv_size": [2.5, 1.5]},
								"south": {"uv": [0, 69], "uv_size": [1.5, 1.5]},
								"west": {"uv": [67, 12], "uv_size": [2.5, 1.5]},
								"up": {"uv": [67, 14], "uv_size": [1.5, 2.5]},
								"down": {"uv": [67, 23.5], "uv_size": [1.5, -2.5]}
							}
						}
					]
				},
				{
					"name": "Mecha8",
					"parent": "Hair",
					"pivot": [-2.41918, 29.88613, 3.60152],
					"rotation": [-170.4684, -6.89384, -61.40172],
					"cubes": [
						{
							"origin": [-3.82914, 28.27261, 0.99147],
							"size": [2.05155, 2.29405, 2.05155],
							"inflate": 0.4,
							"pivot": [-2.4056, 28.83767, 2.64216],
							"rotation": [31.55168, 53.46139, -17.4843],
							"uv": {
								"north": {"uv": [57, 64], "uv_size": [2, 2.25]},
								"east": {"uv": [61, 65], "uv_size": [2, 2.25]},
								"south": {"uv": [65, 61], "uv_size": [2, 2.25]},
								"west": {"uv": [63, 65], "uv_size": [2, 2.25]},
								"up": {"uv": [34, 39], "uv_size": [2, 2]},
								"down": {"uv": [41, 21], "uv_size": [2, -2]}
							}
						},
						{
							"origin": [-3.89344, 29.74299, -0.60628],
							"size": [1.72854, 1.00104, 2.16504],
							"inflate": 0.4,
							"pivot": [-2.63141, 28.87942, 2.29084],
							"rotation": [54.05168, 53.46139, -17.4843],
							"uv": {
								"north": {"uv": [16, 25], "uv_size": [1.75, 1]},
								"east": {"uv": [0, 47], "uv_size": [2.25, 1]},
								"south": {"uv": [34, 25], "uv_size": [1.75, 1]},
								"west": {"uv": [16, 49], "uv_size": [2.25, 1]},
								"up": {"uv": [9, 66], "uv_size": [1.75, 2.25]},
								"down": {"uv": [11, 68.25], "uv_size": [1.75, -2.25]}
							}
						}
					]
				},
				{
					"name": "Mecha9",
					"parent": "Hair",
					"pivot": [2.41918, 28.88613, 3.60152],
					"rotation": [4.96422, -66.75483, -45.37312],
					"cubes": [
						{
							"origin": [1.77759, 27.27261, 0.99147],
							"size": [2.05155, 2.29405, 2.05155],
							"inflate": 0.4,
							"pivot": [2.4056, 27.83767, 2.64216],
							"rotation": [31.55168, -53.46139, 17.4843],
							"uv": {
								"north": {"uv": [65, 64], "uv_size": [2, 2.25]},
								"east": {"uv": [0, 66], "uv_size": [2, 2.25]},
								"south": {"uv": [2, 66], "uv_size": [2, 2.25]},
								"west": {"uv": [4, 66], "uv_size": [2, 2.25]},
								"up": {"uv": [48, 52], "uv_size": [2, 2]},
								"down": {"uv": [12, 60], "uv_size": [2, -2]}
							}
						},
						{
							"origin": [2.1649, 28.74299, -0.60628],
							"size": [1.72854, 1.00104, 2.16504],
							"inflate": 0.4,
							"pivot": [2.63141, 27.87942, 2.29084],
							"rotation": [54.05168, -53.46139, 17.4843],
							"uv": {
								"north": {"uv": [48, 34], "uv_size": [1.75, 1]},
								"east": {"uv": [50, 18], "uv_size": [2.25, 1]},
								"south": {"uv": [53, 33], "uv_size": [1.75, 1]},
								"west": {"uv": [21, 50], "uv_size": [2.25, 1]},
								"up": {"uv": [13, 66], "uv_size": [1.75, 2.25]},
								"down": {"uv": [15, 68.25], "uv_size": [1.75, -2.25]}
							}
						}
					]
				},
				{
					"name": "Mecha11",
					"parent": "Hair",
					"pivot": [2.41918, 31.88613, -0.36848],
					"rotation": [-84.64099, -46.77213, 66.18624],
					"cubes": [
						{
							"origin": [1.92203, 30.40257, -2.59887],
							"size": [1.57969, 1.76642, 1.57969],
							"inflate": 0.4,
							"pivot": [2.4056, 30.83767, -1.32784],
							"rotation": [31.55168, -53.46139, 17.4843],
							"uv": {
								"north": {"uv": [57, 67], "uv_size": [1.5, 1.75]},
								"east": {"uv": [68, 17], "uv_size": [1.5, 1.75]},
								"south": {"uv": [68, 19], "uv_size": [1.5, 1.75]},
								"west": {"uv": [20, 68], "uv_size": [1.5, 1.75]},
								"up": {"uv": [2, 69], "uv_size": [1.5, 1.5]},
								"down": {"uv": [69, 3.5], "uv_size": [1.5, -1.5]}
							}
						},
						{
							"origin": [2.22026, 31.53477, -3.82914],
							"size": [1.33098, 0.7708, 1.66708],
							"inflate": 0.4,
							"pivot": [2.57947, 30.86982, -1.59835],
							"rotation": [54.05168, -53.46139, 17.4843],
							"uv": {
								"north": {"uv": [69, 23], "uv_size": [1.25, 0.75]},
								"east": {"uv": [14, 54], "uv_size": [1.75, 0.75]},
								"south": {"uv": [69, 42], "uv_size": [1.25, 0.75]},
								"west": {"uv": [25, 54], "uv_size": [1.75, 0.75]},
								"up": {"uv": [40, 69], "uv_size": [1.25, 1.75]},
								"down": {"uv": [42, 70.75], "uv_size": [1.25, -1.75]}
							}
						}
					]
				},
				{
					"name": "Mecha3",
					"parent": "Hair",
					"pivot": [-0.47918, 32.79613, -0.27848],
					"rotation": [26.31332, 35.28007, 94.34169],
					"cubes": [
						{
							"origin": [-0.9343, 31.54978, -3.2612],
							"size": [2.91, 3.88, 1.94],
							"inflate": 0.4,
							"pivot": [1.05106, 33.3562, 0.27368],
							"rotation": [19.05168, 53.46139, -17.4843],
							"uv": {
								"north": {"uv": [16, 45], "uv_size": [3, 4]},
								"east": {"uv": [16, 21], "uv_size": [2, 4]},
								"south": {"uv": [31, 46], "uv_size": [3, 4]},
								"west": {"uv": [34, 21], "uv_size": [2, 4]},
								"up": {"uv": [58, 42], "uv_size": [3, 2]},
								"down": {"uv": [63, 38], "uv_size": [3, -2]}
							}
						},
						{
							"origin": [-2.8692, 29.81141, -3.94261],
							"size": [2.7354, 3.7054, 2.7354],
							"inflate": 0.4,
							"pivot": [-0.97115, 31.2115, -1.74168],
							"rotation": [31.55168, 53.46139, -17.4843],
							"uv": {
								"north": {"uv": [18, 55], "uv_size": [2.75, 3.75]},
								"east": {"uv": [57, 29], "uv_size": [2.75, 3.75]},
								"south": {"uv": [56, 57], "uv_size": [2.75, 3.75]},
								"west": {"uv": [58, 5], "uv_size": [2.75, 3.75]},
								"up": {"uv": [61, 41], "uv_size": [2.75, 2.75]},
								"down": {"uv": [42, 63.75], "uv_size": [2.75, -2.75]}
							}
						},
						{
							"origin": [-2.95494, 30.47858, -6.07293],
							"size": [2.30472, 3.27472, 2.88672],
							"inflate": 0.4,
							"pivot": [-1.27223, 31.26716, -2.2101],
							"rotation": [54.05168, 53.46139, -17.4843],
							"uv": {
								"north": {"uv": [0, 62], "uv_size": [2.25, 3.25]},
								"east": {"uv": [9, 58], "uv_size": [3, 3.25]},
								"south": {"uv": [9, 62], "uv_size": [2.25, 3.25]},
								"west": {"uv": [58, 9], "uv_size": [3, 3.25]},
								"up": {"uv": [62, 59], "uv_size": [2.25, 3]},
								"down": {"uv": [62, 65], "uv_size": [2.25, -3]}
							}
						},
						{
							"origin": [-4.39548, 26.57945, -5.46013],
							"size": [1.68245, 1.68245, 2.10731],
							"inflate": 0.4,
							"pivot": [-3.55426, 27.42067, -4.40648],
							"rotation": [64.05168, 53.46139, -17.4843],
							"uv": {
								"north": {"uv": [61, 44], "uv_size": [1.75, 1.75]},
								"east": {"uv": [3, 59], "uv_size": [2, 1.75]},
								"south": {"uv": [41, 67], "uv_size": [1.75, 1.75]},
								"west": {"uv": [59, 3], "uv_size": [2, 1.75]},
								"up": {"uv": [54, 59], "uv_size": [1.75, 2]},
								"down": {"uv": [61, 29], "uv_size": [1.75, -2]}
							}
						}
					]
				}
			]
		}
	]
}