{
	"format_version": "1.12.0",
	"minecraft:geometry": [
		{
			"description": {
				"identifier": "geometry.luffy",
				"texture_width": 128,
				"texture_height": 128,
				"visible_bounds_width": 3,
				"visible_bounds_height": 3.5,
				"visible_bounds_offset": [0, 1.25, 0]
			},
			"bones": [
				{
					"name": "Tudo",
					"pivot": [0, 12, 0]
				},
				{
					"name": "Corpo",
					"parent": "Tudo",
					"pivot": [0, 24, 0],
					"cubes": [
						{
							"origin": [-4, 12, -2],
							"size": [8, 12, 4],
							"uv": {
								"north": {"uv": [13, 0], "uv_size": [8, 12]},
								"east": {"uv": [7, 26], "uv_size": [4, 12]},
								"south": {"uv": [13, 12], "uv_size": [8, 12]},
								"west": {"uv": [21, 30], "uv_size": [4, 12]},
								"up": {"uv": [48, 43], "uv_size": [8, 4]},
								"down": {"uv": [48, 51], "uv_size": [8, -4]}
							}
						},
						{
							"origin": [-4.16127, 13.79195, -2.08063],
							"size": [8.32254, 10.44995, 4.16127],
							"uv": {
								"north": {"uv": [21, 0], "uv_size": [8.25, 10.5]},
								"east": {"uv": [8, 44], "uv_size": [4.25, 10.5]},
								"south": {"uv": [21, 11], "uv_size": [8.25, 10.5]},
								"west": {"uv": [44, 12], "uv_size": [4.25, 10.5]},
								"up": {"uv": [48, 33], "uv_size": [8.25, 4.25]},
								"down": {"uv": [48, 42.25], "uv_size": [8.25, -4.25]}
							}
						}
					]
				},
				{
					"name": "Head",
					"parent": "Corpo",
					"pivot": [0, 24.12, 0],
					"cubes": [
						{
							"origin": [-3.52, 24.12, -3.52],
							"size": [7.04, 7.04, 7.04],
							"uv": {
								"north": {"uv": [0, 26], "uv_size": [7, 7]},
								"east": {"uv": [29, 22], "uv_size": [7, 7]},
								"south": {"uv": [29, 29], "uv_size": [7, 7]},
								"west": {"uv": [30, 0], "uv_size": [7, 7]},
								"up": {"uv": [30, 7], "uv_size": [7, 7]},
								"down": {"uv": [30, 21], "uv_size": [7, -7]}
							}
						}
					]
				},
				{
					"name": "Hair",
					"parent": "Head",
					"pivot": [0, 28, 0]
				},
				{
					"name": "Mecha",
					"parent": "Hair",
					"pivot": [-2.53649, 29.87325, 0],
					"rotation": [0, 40, 0],
					"cubes": [
						{
							"origin": [-2.96, 30, -0.66],
							"size": [2.32, 1.32, 1.32],
							"pivot": [0, 27, 0],
							"rotation": [0, 0, -30],
							"uv": {
								"north": {"uv": [8, 42], "uv_size": [2.25, 1.25]},
								"east": {"uv": [11, 30], "uv_size": [1.25, 1.25]},
								"south": {"uv": [45, 10], "uv_size": [2.25, 1.25]},
								"west": {"uv": [19, 32], "uv_size": [1.25, 1.25]},
								"up": {"uv": [53, 31], "uv_size": [2.25, 1.25]},
								"down": {"uv": [54, 17.25], "uv_size": [2.25, -1.25]}
							}
						},
						{
							"origin": [-5.2598, 28.24046, -0.5082],
							"size": [1.0164, 1.0164, 1.0164],
							"pivot": [-4.7516, 28.74866, 0],
							"rotation": [0, 0, -2.5],
							"uv": {
								"north": {"uv": [36, 33], "uv_size": [1, 1]},
								"east": {"uv": [36, 34], "uv_size": [1, 1]},
								"south": {"uv": [36, 35], "uv_size": [1, 1]},
								"west": {"uv": [6, 37], "uv_size": [1, 1]},
								"up": {"uv": [39, 20], "uv_size": [1, 1]},
								"down": {"uv": [40, 25], "uv_size": [1, -1]}
							}
						}
					]
				},
				{
					"name": "Mecha2",
					"parent": "Hair",
					"pivot": [2.53649, 30.87325, -1],
					"rotation": [-16.0129, -37.15855, 25.41377],
					"cubes": [
						{
							"origin": [0.64, 31, -1.66],
							"size": [2.32, 1.32, 1.32],
							"pivot": [0, 28, -1],
							"rotation": [0, 0, 30],
							"uv": {
								"north": {"uv": [44, 61], "uv_size": [2.25, 1.25]},
								"east": {"uv": [19, 34], "uv_size": [1.25, 1.25]},
								"south": {"uv": [61, 45], "uv_size": [2.25, 1.25]},
								"west": {"uv": [19, 36], "uv_size": [1.25, 1.25]},
								"up": {"uv": [0, 62], "uv_size": [2.25, 1.25]},
								"down": {"uv": [62, 1.25], "uv_size": [2.25, -1.25]}
							}
						},
						{
							"origin": [3.47481, 29.33554, -1.39131],
							"size": [1.55263, 0.78263, 0.78263],
							"pivot": [5.25112, 29.72685, -1],
							"rotation": [0, 0, 2.5],
							"uv": {
								"north": {"uv": [62, 35], "uv_size": [1.5, 0.75]},
								"east": {"uv": [57, 17], "uv_size": [0.75, 0.75]},
								"south": {"uv": [63, 28], "uv_size": [1.5, 0.75]},
								"west": {"uv": [18, 57], "uv_size": [0.75, 0.75]},
								"up": {"uv": [63, 29], "uv_size": [1.5, 0.75]},
								"down": {"uv": [63, 30.75], "uv_size": [1.5, -0.75]}
							}
						}
					]
				},
				{
					"name": "Mecha4",
					"parent": "Hair",
					"pivot": [-2.53649, 30.87325, -1],
					"rotation": [-16.0129, 37.15855, -25.41377],
					"cubes": [
						{
							"origin": [-2.96, 31, -1.66],
							"size": [2.32, 1.32, 1.32],
							"pivot": [0, 28, -1],
							"rotation": [0, 0, -30],
							"uv": {
								"north": {"uv": [62, 2], "uv_size": [2.25, 1.25]},
								"east": {"uv": [19, 38], "uv_size": [1.25, 1.25]},
								"south": {"uv": [62, 7], "uv_size": [2.25, 1.25]},
								"west": {"uv": [19, 40], "uv_size": [1.25, 1.25]},
								"up": {"uv": [62, 9], "uv_size": [2.25, 1.25]},
								"down": {"uv": [62, 12.25], "uv_size": [2.25, -1.25]}
							}
						},
						{
							"origin": [-5.2598, 29.24046, -1.5082],
							"size": [1.0164, 1.0164, 1.0164],
							"pivot": [-4.7516, 29.74866, -1],
							"rotation": [0, 0, -2.5],
							"uv": {
								"north": {"uv": [40, 25], "uv_size": [1, 1]},
								"east": {"uv": [40, 26], "uv_size": [1, 1]},
								"south": {"uv": [40, 27], "uv_size": [1, 1]},
								"west": {"uv": [40, 28], "uv_size": [1, 1]},
								"up": {"uv": [40, 29], "uv_size": [1, 1]},
								"down": {"uv": [40, 31], "uv_size": [1, -1]}
							}
						}
					]
				},
				{
					"name": "Mecha5",
					"parent": "Hair",
					"pivot": [-2.53649, 30.87325, -1],
					"rotation": [-17.58841, -30.56598, 14.04208],
					"cubes": [
						{
							"origin": [-2.96, 31, -1.66],
							"size": [2.32, 1.32, 1.32],
							"pivot": [0, 28, -1],
							"rotation": [0, 0, -30],
							"uv": {
								"north": {"uv": [62, 13], "uv_size": [2.25, 1.25]},
								"east": {"uv": [27, 42], "uv_size": [1.25, 1.25]},
								"south": {"uv": [62, 15], "uv_size": [2.25, 1.25]},
								"west": {"uv": [27, 44], "uv_size": [1.25, 1.25]},
								"up": {"uv": [62, 17], "uv_size": [2.25, 1.25]},
								"down": {"uv": [18, 63.25], "uv_size": [2.25, -1.25]}
							}
						},
						{
							"origin": [-5.2598, 29.24046, -1.5082],
							"size": [1.0164, 1.0164, 1.0164],
							"pivot": [-4.7516, 29.74866, -1],
							"rotation": [0, 0, -2.5],
							"uv": {
								"north": {"uv": [40, 31], "uv_size": [1, 1]},
								"east": {"uv": [40, 32], "uv_size": [1, 1]},
								"south": {"uv": [44, 23], "uv_size": [1, 1]},
								"west": {"uv": [3, 45], "uv_size": [1, 1]},
								"up": {"uv": [40, 45], "uv_size": [1, 1]},
								"down": {"uv": [3, 47], "uv_size": [1, -1]}
							}
						}
					]
				},
				{
					"name": "Mecha6",
					"parent": "Hair",
					"pivot": [-1.53649, 30.87325, -3],
					"rotation": [-17.58841, -30.56598, 14.04208],
					"cubes": [
						{
							"origin": [-1.96, 31, -3.66],
							"size": [2.32, 1.32, 1.32],
							"pivot": [1, 28, -3],
							"rotation": [0, 0, -30],
							"uv": {
								"north": {"uv": [62, 19], "uv_size": [2.25, 1.25]},
								"east": {"uv": [27, 46], "uv_size": [1.25, 1.25]},
								"south": {"uv": [21, 62], "uv_size": [2.25, 1.25]},
								"west": {"uv": [6, 63], "uv_size": [1.25, 1.25]},
								"up": {"uv": [62, 21], "uv_size": [2.25, 1.25]},
								"down": {"uv": [62, 24.25], "uv_size": [2.25, -1.25]}
							}
						},
						{
							"origin": [-5.2598, 29.24046, -3.5082],
							"size": [2.0164, 1.0164, 1.0164],
							"pivot": [-3.7516, 29.74866, -3],
							"rotation": [0, 0, -2.5],
							"uv": {
								"north": {"uv": [11, 26], "uv_size": [2, 1]},
								"east": {"uv": [40, 46], "uv_size": [1, 1]},
								"south": {"uv": [11, 27], "uv_size": [2, 1]},
								"west": {"uv": [3, 47], "uv_size": [1, 1]},
								"up": {"uv": [11, 28], "uv_size": [2, 1]},
								"down": {"uv": [11, 30], "uv_size": [2, -1]}
							}
						}
					]
				},
				{
					"name": "Mecha9",
					"parent": "Hair",
					"pivot": [-0.53649, 31.87325, -4],
					"rotation": [-27.81207, -56.10607, 28.53185],
					"cubes": [
						{
							"origin": [0.0168, 31.01, -4.4422],
							"size": [1.5544, 0.8844, 0.8844],
							"pivot": [2, 29, -4],
							"rotation": [0, 0, -30],
							"uv": {
								"north": {"uv": [30, 21], "uv_size": [1.5, 1]},
								"east": {"uv": [40, 47], "uv_size": [1, 1]},
								"south": {"uv": [32, 21], "uv_size": [1.5, 1]},
								"west": {"uv": [3, 48], "uv_size": [1, 1]},
								"up": {"uv": [34, 21], "uv_size": [1.5, 1]},
								"down": {"uv": [4, 38], "uv_size": [1.5, -1]}
							}
						},
						{
							"origin": [-2.19406, 29.83111, -4.34049],
							"size": [1.35099, 0.68099, 0.68099],
							"pivot": [-1.18357, 30.1716, -4],
							"rotation": [0, 0, -2.5],
							"uv": {
								"north": {"uv": [63, 39], "uv_size": [1.25, 0.75]},
								"east": {"uv": [58, 7], "uv_size": [0.75, 0.75]},
								"south": {"uv": [44, 63], "uv_size": [1.25, 0.75]},
								"west": {"uv": [18, 58], "uv_size": [0.75, 0.75]},
								"up": {"uv": [46, 63], "uv_size": [1.25, 0.75]},
								"down": {"uv": [63, 47.75], "uv_size": [1.25, -0.75]}
							}
						}
					]
				},
				{
					"name": "Mecha10",
					"parent": "Hair",
					"pivot": [3.53649, 31.87325, -3],
					"rotation": [-11.83316, 19.17612, 3.37247],
					"cubes": [
						{
							"origin": [1.4288, 31.01, -3.4422],
							"size": [1.5544, 0.8844, 0.8844],
							"pivot": [1, 29, -3],
							"rotation": [0, 0, 30],
							"uv": {
								"north": {"uv": [37, 20], "uv_size": [1.5, 1]},
								"east": {"uv": [48, 10], "uv_size": [1, 1]},
								"south": {"uv": [49, 22], "uv_size": [1.5, 1]},
								"west": {"uv": [48, 11], "uv_size": [1, 1]},
								"up": {"uv": [51, 22], "uv_size": [1.5, 1]},
								"down": {"uv": [56, 51], "uv_size": [1.5, -1]}
							}
						},
						{
							"origin": [3.84308, 29.83111, -3.34049],
							"size": [1.35099, 0.68099, 0.68099],
							"pivot": [4.18357, 30.1716, -3],
							"rotation": [0, 0, 2.5],
							"uv": {
								"north": {"uv": [48, 63], "uv_size": [1.25, 0.75]},
								"east": {"uv": [18, 59], "uv_size": [0.75, 0.75]},
								"south": {"uv": [50, 63], "uv_size": [1.25, 0.75]},
								"west": {"uv": [18, 60], "uv_size": [0.75, 0.75]},
								"up": {"uv": [63, 50], "uv_size": [1.25, 0.75]},
								"down": {"uv": [63, 51.75], "uv_size": [1.25, -0.75]}
							}
						}
					]
				},
				{
					"name": "Mecha7",
					"parent": "Hair",
					"pivot": [3.53649, 30.87325, -3],
					"rotation": [-55.59936, -41.16761, 36.75511],
					"cubes": [
						{
							"origin": [2.29934, 31.22031, -3.04521],
							"size": [1.5544, 0.8844, 0.8844],
							"pivot": [1.87054, 29.21031, -2.60301],
							"rotation": [0, 0, 30],
							"uv": {
								"north": {"uv": [0, 57], "uv_size": [1.5, 1]},
								"east": {"uv": [3, 49], "uv_size": [1, 1]},
								"south": {"uv": [57, 42], "uv_size": [1.5, 1]},
								"west": {"uv": [53, 8], "uv_size": [1, 1]},
								"up": {"uv": [59, 15], "uv_size": [1.5, 1]},
								"down": {"uv": [59, 43], "uv_size": [1.5, -1]}
							}
						},
						{
							"origin": [4.71361, 30.04142, -2.9435],
							"size": [1.35099, 0.68099, 0.68099],
							"pivot": [5.05411, 30.38191, -2.60301],
							"rotation": [0, 0, 2.5],
							"uv": {
								"north": {"uv": [52, 63], "uv_size": [1.25, 0.75]},
								"east": {"uv": [61, 15], "uv_size": [0.75, 0.75]},
								"south": {"uv": [63, 52], "uv_size": [1.25, 0.75]},
								"west": {"uv": [18, 61], "uv_size": [0.75, 0.75]},
								"up": {"uv": [63, 53], "uv_size": [1.25, 0.75]},
								"down": {"uv": [54, 63.75], "uv_size": [1.25, -0.75]}
							}
						}
					]
				},
				{
					"name": "Mecha8",
					"parent": "Hair",
					"pivot": [3.53649, 29.87325, -2],
					"rotation": [-62.81613, -62.96141, 48.61585],
					"cubes": [
						{
							"origin": [2.29934, 30.22031, -2.04521],
							"size": [1.5544, 0.8844, 0.8844],
							"pivot": [1.87054, 28.21031, -1.60301],
							"rotation": [0, 0, 30],
							"uv": {
								"north": {"uv": [61, 39], "uv_size": [1.5, 1]},
								"east": {"uv": [53, 9], "uv_size": [1, 1]},
								"south": {"uv": [61, 47], "uv_size": [1.5, 1]},
								"west": {"uv": [12, 55], "uv_size": [1, 1]},
								"up": {"uv": [62, 4], "uv_size": [1.5, 1]},
								"down": {"uv": [62, 26], "uv_size": [1.5, -1]}
							}
						},
						{
							"origin": [4.71361, 29.04142, -1.9435],
							"size": [1.35099, 0.68099, 0.68099],
							"pivot": [5.05411, 29.38191, -1.60301],
							"rotation": [0, 0, 2.5],
							"uv": {
								"north": {"uv": [63, 54], "uv_size": [1.25, 0.75]},
								"east": {"uv": [47, 61], "uv_size": [0.75, 0.75]},
								"south": {"uv": [63, 55], "uv_size": [1.25, 0.75]},
								"west": {"uv": [3, 62], "uv_size": [0.75, 0.75]},
								"up": {"uv": [56, 63], "uv_size": [1.25, 0.75]},
								"down": {"uv": [63, 56.75], "uv_size": [1.25, -0.75]}
							}
						}
					]
				},
				{
					"name": "Mecha3",
					"parent": "Hair",
					"pivot": [2.53649, 29.87325, 0],
					"rotation": [0, -40, 0],
					"cubes": [
						{
							"origin": [0.64, 30, -0.66],
							"size": [2.32, 1.32, 1.32],
							"pivot": [0, 27, 0],
							"rotation": [0, 0, 30],
							"uv": {
								"north": {"uv": [24, 62], "uv_size": [2.25, 1.25]},
								"east": {"uv": [8, 63], "uv_size": [1.25, 1.25]},
								"south": {"uv": [62, 31], "uv_size": [2.25, 1.25]},
								"west": {"uv": [10, 63], "uv_size": [1.25, 1.25]},
								"up": {"uv": [62, 33], "uv_size": [2.25, 1.25]},
								"down": {"uv": [3, 64.25], "uv_size": [2.25, -1.25]}
							}
						},
						{
							"origin": [4.2434, 28.24046, -0.5082],
							"size": [1.0164, 1.0164, 1.0164],
							"pivot": [4.7516, 28.74866, 0],
							"rotation": [0, 0, 2.5],
							"uv": {
								"north": {"uv": [18, 56], "uv_size": [1, 1]},
								"east": {"uv": [56, 31], "uv_size": [1, 1]},
								"south": {"uv": [56, 32], "uv_size": [1, 1]},
								"west": {"uv": [36, 56], "uv_size": [1, 1]},
								"up": {"uv": [2, 57], "uv_size": [1, 1]},
								"down": {"uv": [57, 17], "uv_size": [1, -1]}
							}
						}
					]
				},
				{
					"name": "Chapeu",
					"parent": "Head",
					"pivot": [0, 30.39, -4],
					"rotation": [-25.02806, -0.36849, 0.05366],
					"cubes": [
						{
							"origin": [-6.23599, 31.03516, -6.40899],
							"size": [12.52157, 1.17957, 12.52157],
							"uv": {
								"north": {"uv": [56, 48], "uv_size": [12.5, 1.25]},
								"east": {"uv": [57, 40], "uv_size": [12.5, 1.25]},
								"south": {"uv": [58, 5], "uv_size": [12.5, 1.25]},
								"west": {"uv": [58, 26], "uv_size": [12.5, 1.25]},
								"up": {"uv": [0, 0], "uv_size": [12.5, 12.5]},
								"down": {"uv": [0, 25.5], "uv_size": [12.5, -12.5]}
							}
						},
						{
							"origin": [-3.96759, 31.03516, -4.14059],
							"size": [7.98477, 4.58217, 7.98477],
							"uv": {
								"north": {"uv": [45, 0], "uv_size": [8, 4.5]},
								"east": {"uv": [45, 5], "uv_size": [8, 4.5]},
								"south": {"uv": [45, 23], "uv_size": [8, 4.5]},
								"west": {"uv": [45, 28], "uv_size": [8, 4.5]},
								"up": {"uv": [21, 22], "uv_size": [8, 8]},
								"down": {"uv": [13, 32], "uv_size": [8, -8]}
							}
						}
					]
				},
				{
					"name": "rightBraco",
					"parent": "Corpo",
					"pivot": [-5, 22, 0],
					"cubes": [
						{
							"origin": [-7, 12, -2],
							"size": [3, 12, 4],
							"uv": {
								"north": {"uv": [13, 44], "uv_size": [3, 12]},
								"east": {"uv": [37, 33], "uv_size": [4, 12]},
								"south": {"uv": [16, 44], "uv_size": [3, 12]},
								"west": {"uv": [4, 38], "uv_size": [4, 12]},
								"up": {"uv": [59, 11], "uv_size": [3, 4]},
								"down": {"uv": [48, 63], "uv_size": [3, -4]}
							}
						},
						{
							"origin": [-7.31244, 16.25673, -2.41659],
							"size": [3.62488, 2.90653, 4.83318],
							"uv": {
								"north": {"uv": [36, 61], "uv_size": [3.5, 2.75]},
								"east": {"uv": [58, 28], "uv_size": [4.5, 2.75]},
								"south": {"uv": [61, 36], "uv_size": [3.5, 2.75]},
								"west": {"uv": [58, 50], "uv_size": [4.5, 2.75]},
								"up": {"uv": [58, 0], "uv_size": [3.5, 4.5]},
								"down": {"uv": [4, 62.5], "uv_size": [3.5, -4.5]}
							}
						},
						{
							"origin": [-7.09921, 16.69087, -2.13229],
							"size": [3.19843, 7.61826, 4.26458],
							"uv": {
								"north": {"uv": [37, 12], "uv_size": [3, 7.25]},
								"east": {"uv": [33, 48], "uv_size": [4, 7.25]},
								"south": {"uv": [12, 56], "uv_size": [3, 7.25]},
								"west": {"uv": [19, 54], "uv_size": [4, 7.25]},
								"up": {"uv": [45, 57], "uv_size": [3, 4]},
								"down": {"uv": [59, 11], "uv_size": [3, -4]}
							}
						}
					],
					"locators": {
						"redhawk": [-5, 13, 0]
					}
				},
				{
					"name": "rightHaki",
					"parent": "rightBraco",
					"pivot": [-5.5, 18, 0],
					"cubes": [
						{
							"origin": [-6.8677, 12.5292, -1.8236],
							"size": [2.7354, 10.9416, 3.6472],
							"uv": {
								"north": {"uv": [37, 45], "uv_size": [3, 11.75]},
								"east": {"uv": [41, 24], "uv_size": [4, 11.75]},
								"south": {"uv": [45, 45], "uv_size": [3, 11.75]},
								"west": {"uv": [41, 36], "uv_size": [4, 11.75]},
								"up": {"uv": [4, 33], "uv_size": [3, 4]},
								"down": {"uv": [8, 42], "uv_size": [3, -4]}
							}
						}
					]
				},
				{
					"name": "leftBraco",
					"parent": "Corpo",
					"pivot": [5, 22, 0],
					"cubes": [
						{
							"origin": [4, 12, -2],
							"size": [3, 12, 4],
							"uv": {
								"north": {"uv": [16, 44], "uv_size": [-3, 12]},
								"east": {"uv": [8, 38], "uv_size": [-4, 12]},
								"south": {"uv": [19, 44], "uv_size": [-3, 12]},
								"west": {"uv": [41, 33], "uv_size": [-4, 12]},
								"up": {"uv": [62, 11], "uv_size": [-3, 4]},
								"down": {"uv": [51, 63], "uv_size": [-3, -4]}
							}
						},
						{
							"origin": [3.68756, 16.25673, -2.41659],
							"size": [3.62488, 2.90653, 4.83318],
							"uv": {
								"north": {"uv": [39.5, 61], "uv_size": [-3.5, 2.75]},
								"east": {"uv": [62.5, 50], "uv_size": [-4.5, 2.75]},
								"south": {"uv": [64.5, 36], "uv_size": [-3.5, 2.75]},
								"west": {"uv": [62.5, 28], "uv_size": [-4.5, 2.75]},
								"up": {"uv": [61.5, 0], "uv_size": [-3.5, 4.5]},
								"down": {"uv": [7.5, 62.5], "uv_size": [-3.5, -4.5]}
							}
						},
						{
							"origin": [3.90079, 16.69087, -2.13229],
							"size": [3.19843, 7.61826, 4.26458],
							"uv": {
								"north": {"uv": [40, 12], "uv_size": [-3, 7.25]},
								"east": {"uv": [23, 54], "uv_size": [-4, 7.25]},
								"south": {"uv": [15, 56], "uv_size": [-3, 7.25]},
								"west": {"uv": [37, 48], "uv_size": [-4, 7.25]},
								"up": {"uv": [48, 57], "uv_size": [-3, 4]},
								"down": {"uv": [62, 11], "uv_size": [-3, -4]}
							}
						}
					],
					"locators": {
						"redhawk2": [5, 13, 0]
					}
				},
				{
					"name": "leftHaki",
					"parent": "leftBraco",
					"pivot": [5.5, 18, 0],
					"cubes": [
						{
							"origin": [4.1323, 12.5292, -1.8236],
							"size": [2.7354, 10.9416, 3.6472],
							"uv": {
								"north": {"uv": [40, 45], "uv_size": [-3, 11.75]},
								"east": {"uv": [45, 36], "uv_size": [-4, 11.75]},
								"south": {"uv": [48, 45], "uv_size": [-3, 11.75]},
								"west": {"uv": [45, 24], "uv_size": [-4, 11.75]},
								"up": {"uv": [7, 33], "uv_size": [-3, 4]},
								"down": {"uv": [11, 42], "uv_size": [-3, -4]}
							}
						}
					]
				},
				{
					"name": "leftHaki2",
					"parent": "leftHaki",
					"pivot": [5.5, 18, 0],
					"cubes": [
						{
							"origin": [4.1323, 12.5292, -1.8236],
							"size": [2.7354, 10.9416, 3.6472],
							"uv": {
								"north": {"uv": [40, 45], "uv_size": [-3, 11.75]},
								"east": {"uv": [45, 36], "uv_size": [-4, 11.75]},
								"south": {"uv": [48, 45], "uv_size": [-3, 11.75]},
								"west": {"uv": [45, 24], "uv_size": [-4, 11.75]},
								"up": {"uv": [7, 33], "uv_size": [-3, 4]},
								"down": {"uv": [11, 42], "uv_size": [-3, -4]}
							}
						}
					]
				},
				{
					"name": "rightPerna",
					"parent": "Corpo",
					"pivot": [-1.9, 12, 0],
					"cubes": [
						{
							"origin": [-3.98, 4.76, -2.08],
							"size": [4.16, 7.48, 4.16],
							"uv": {
								"north": {"uv": [40, 48], "uv_size": [4.25, 7.5]},
								"east": {"uv": [49, 10], "uv_size": [4.25, 7.5]},
								"south": {"uv": [3, 50], "uv_size": [4.25, 7.5]},
								"west": {"uv": [48, 51], "uv_size": [4.25, 7.5]},
								"up": {"uv": [53, 26], "uv_size": [4.25, 4.25]},
								"down": {"uv": [40, 60.25], "uv_size": [4.25, -4.25]}
							}
						},
						{
							"origin": [-3.9, 0, -2],
							"size": [4, 12, 4],
							"uv": {
								"north": {"uv": [25, 30], "uv_size": [4, 12]},
								"east": {"uv": [11, 32], "uv_size": [4, 12]},
								"south": {"uv": [15, 32], "uv_size": [4, 12]},
								"west": {"uv": [0, 33], "uv_size": [4, 12]},
								"up": {"uv": [49, 18], "uv_size": [4, 4]},
								"down": {"uv": [36, 61], "uv_size": [4, -4]}
							}
						}
					]
				},
				{
					"name": "leftPerna",
					"parent": "Corpo",
					"pivot": [1.9, 12, 0],
					"cubes": [
						{
							"origin": [-0.18, 4.76, -2.08],
							"size": [4.16, 7.48, 4.16],
							"uv": {
								"north": {"uv": [53, 0], "uv_size": [4.25, 7.5]},
								"east": {"uv": [53, 18], "uv_size": [4.25, 7.5]},
								"south": {"uv": [53, 51], "uv_size": [4.25, 7.5]},
								"west": {"uv": [54, 8], "uv_size": [4.25, 7.5]},
								"up": {"uv": [56, 43], "uv_size": [4.25, 4.25]},
								"down": {"uv": [57, 35.25], "uv_size": [4.25, -4.25]}
							}
						},
						{
							"origin": [-0.1, 0, -2],
							"size": [4, 12, 4],
							"uv": {
								"north": {"uv": [36, 21], "uv_size": [4, 12]},
								"east": {"uv": [29, 36], "uv_size": [4, 12]},
								"south": {"uv": [33, 36], "uv_size": [4, 12]},
								"west": {"uv": [37, 0], "uv_size": [4, 12]},
								"up": {"uv": [57, 36], "uv_size": [4, 4]},
								"down": {"uv": [0, 62], "uv_size": [4, -4]}
							}
						}
					]
				}
			]
		}
	]
}