{
	"format_version": "1.12.0",
	"minecraft:geometry": [
		{
			"description": {
				"identifier": "geometry.manto1caldaoutline",
				"texture_width": 128,
				"texture_height": 128,
				"visible_bounds_width": 6,
				"visible_bounds_height": 4.5,
				"visible_bounds_offset": [0, 1.75, 0]
			},
			"bones": [
				{
					"name": "Tudo",
					"pivot": [0, 12, 0]
				},
				{
					"name": "Corpo",
					"parent": "Tudo",
					"pivot": [0, 22.32, 0],
					"cubes": [
						{
							"origin": [-4.37695, 10.17457, -2.18848],
							"size": [8.7539, 13.13086, 4.37695],
							"inflate": 0.4,
							"uv": {
								"north": {"uv": [0, 0], "uv_size": [9, 13]},
								"east": {"uv": [19, 43], "uv_size": [4, 13]},
								"south": {"uv": [9, 0], "uv_size": [9, 13]},
								"west": {"uv": [34, 47], "uv_size": [4, 13]},
								"up": {"uv": [57, 6], "uv_size": [9, 4]},
								"down": {"uv": [56, 61], "uv_size": [9, -4]}
							}
						}
					]
				},
				{
					"name": "Cauda",
					"parent": "Corpo",
					"pivot": [0.01098, 12.51351, 2.8772],
					"rotation": [158.5663, 22.89553, 22.37624],
					"cubes": [
						{
							"origin": [-6.59265, 13.06394, -7.70591],
							"size": [4.7539, 7.13086, 4.37695],
							"inflate": 0.4,
							"pivot": [-3.06995, 7.96792, -6.5622],
							"rotation": [-54.97096, 11.2531, 25.25766],
							"uv": {
								"north": {"uv": [38, 9], "uv_size": [5, 7]},
								"east": {"uv": [6, 68], "uv_size": [4, 7]},
								"south": {"uv": [16, 62], "uv_size": [5, 7]},
								"west": {"uv": [21, 68], "uv_size": [4, 7]},
								"up": {"uv": [43, 21], "uv_size": [5, 4]},
								"down": {"uv": [65, 61], "uv_size": [5, -4]}
							}
						}
					]
				},
				{
					"name": "bone",
					"parent": "Cauda",
					"pivot": [-1.98902, 10.51351, -2.1228],
					"cubes": [
						{
							"origin": [-8.11606, 6.68689, -8.13197],
							"size": [6.7539, 6.13086, 5.37695],
							"inflate": 0.4,
							"pivot": [-3.59336, 6.59087, -5.98825],
							"rotation": [-39.97096, 11.2531, 25.25766],
							"uv": {
								"north": {"uv": [54, 0], "uv_size": [7, 6]},
								"east": {"uv": [63, 10], "uv_size": [5, 6]},
								"south": {"uv": [10, 55], "uv_size": [7, 6]},
								"west": {"uv": [63, 16], "uv_size": [5, 6]},
								"up": {"uv": [62, 24], "uv_size": [7, 5]},
								"down": {"uv": [62, 34], "uv_size": [7, -5]}
							}
						}
					]
				},
				{
					"name": "bone2",
					"parent": "bone",
					"pivot": [-4.83954, 6.69245, -4.51201],
					"cubes": [
						{
							"origin": [-8.91754, -2.40603, -7.51414],
							"size": [8.7539, 11.13086, 6.37695],
							"inflate": 0.4,
							"pivot": [-8.54059, 7.15939, -3.32567],
							"rotation": [-22.47096, 11.2531, 25.25766],
							"uv": {
								"north": {"uv": [0, 13], "uv_size": [9, 11]},
								"east": {"uv": [23, 31], "uv_size": [6, 11]},
								"south": {"uv": [9, 13], "uv_size": [9, 11]},
								"west": {"uv": [35, 25], "uv_size": [6, 11]},
								"up": {"uv": [45, 0], "uv_size": [9, 6]},
								"down": {"uv": [46, 52], "uv_size": [9, -6]}
							}
						}
					]
				},
				{
					"name": "bone3",
					"parent": "bone2",
					"pivot": [-9.32067, -0.83239, -8.59911],
					"cubes": [
						{
							"origin": [-8.57921, -11.34654, -10.39289],
							"size": [8.7539, 11.13086, 6.37695],
							"inflate": 0.4,
							"pivot": [-8.20226, 9.21889, -6.20441],
							"rotation": [-2.47096, 11.2531, 25.25766],
							"uv": {
								"north": {"uv": [18, 0], "uv_size": [9, 11]},
								"east": {"uv": [8, 36], "uv_size": [6, 11]},
								"south": {"uv": [18, 11], "uv_size": [9, 11]},
								"west": {"uv": [35, 36], "uv_size": [6, 11]},
								"up": {"uv": [5, 47], "uv_size": [9, 6]},
								"down": {"uv": [48, 12], "uv_size": [9, -6]}
							}
						}
					]
				},
				{
					"name": "bone4",
					"parent": "bone3",
					"pivot": [-13.10191, -10.30509, -8.61666],
					"cubes": [
						{
							"origin": [-17.0421, -17.99247, -10.26143],
							"size": [6.7539, 9.13086, 5.37695],
							"inflate": 0.4,
							"pivot": [-16.75758, -9.92721, -8.68385],
							"rotation": [10.02904, 11.2531, 25.25766],
							"uv": {
								"north": {"uv": [38, 0], "uv_size": [7, 9]},
								"east": {"uv": [51, 36], "uv_size": [5, 9]},
								"south": {"uv": [41, 25], "uv_size": [7, 9]},
								"west": {"uv": [46, 52], "uv_size": [5, 9]},
								"up": {"uv": [62, 42], "uv_size": [7, 5]},
								"down": {"uv": [62, 66], "uv_size": [7, -5]}
							}
						}
					]
				},
				{
					"name": "bone5",
					"parent": "bone4",
					"pivot": [-16.45904, -17.83846, -6.7209],
					"cubes": [
						{
							"origin": [-16.0421, -25.99247, -8.26143],
							"size": [4.7539, 9.13086, 4.37695],
							"inflate": 0.4,
							"pivot": [-16.75758, -9.92721, -8.68385],
							"rotation": [0.02904, 11.2531, 25.25766],
							"uv": {
								"north": {"uv": [51, 52], "uv_size": [5, 9]},
								"east": {"uv": [0, 54], "uv_size": [4, 9]},
								"south": {"uv": [5, 53], "uv_size": [5, 9]},
								"west": {"uv": [24, 54], "uv_size": [4, 9]},
								"up": {"uv": [69, 30], "uv_size": [5, 4]},
								"down": {"uv": [69, 38], "uv_size": [5, -4]}
							}
						}
					]
				},
				{
					"name": "Roupa",
					"parent": "Corpo",
					"pivot": [0, 19.065, 0]
				},
				{
					"name": "rightBraco",
					"parent": "Corpo",
					"pivot": [-4.65, 20.46, 0],
					"cubes": [
						{
							"origin": [-8.49601, 9.99599, -2.248],
							"size": [4.88321, 12.48802, 4.49601],
							"inflate": 0.4,
							"uv": {
								"north": {"uv": [29, 40], "uv_size": [5, 12]},
								"east": {"uv": [48, 12], "uv_size": [4, 12]},
								"south": {"uv": [41, 34], "uv_size": [5, 12]},
								"west": {"uv": [51, 24], "uv_size": [4, 12]},
								"up": {"uv": [69, 38], "uv_size": [5, 4]},
								"down": {"uv": [69, 46], "uv_size": [5, -4]}
							}
						}
					],
					"locators": {
						"locator": [-5, 12, 0]
					}
				},
				{
					"name": "leftBraco",
					"parent": "Corpo",
					"pivot": [4.65, 20.46, 0],
					"cubes": [
						{
							"origin": [3.61279, 9.99599, -2.248],
							"size": [4.88321, 12.48802, 4.49601],
							"inflate": 0.4,
							"uv": {
								"north": {"uv": [0, 42], "uv_size": [5, 12]},
								"east": {"uv": [52, 12], "uv_size": [4, 12]},
								"south": {"uv": [23, 42], "uv_size": [5, 12]},
								"west": {"uv": [28, 52], "uv_size": [4, 12]},
								"up": {"uv": [69, 46], "uv_size": [5, 4]},
								"down": {"uv": [69, 54], "uv_size": [5, -4]}
							}
						}
					],
					"locators": {
						"locator2": [5, 12, 0]
					}
				},
				{
					"name": "rightPerna",
					"parent": "Corpo",
					"pivot": [-1.767, 11.16, 0],
					"cubes": [
						{
							"origin": [-5.08049, -0.88073, -2.54024],
							"size": [5.51803, 12.11146, 5.08049],
							"inflate": 0.4,
							"uv": {
								"north": {"uv": [11, 24], "uv_size": [6, 12]},
								"east": {"uv": [43, 9], "uv_size": [5, 12]},
								"south": {"uv": [29, 16], "uv_size": [6, 12]},
								"west": {"uv": [14, 43], "uv_size": [5, 12]},
								"up": {"uv": [21, 63], "uv_size": [6, 5]},
								"down": {"uv": [63, 39], "uv_size": [6, -5]}
							}
						}
					],
					"locators": {
						"locator4": [-2, 0, 0]
					}
				},
				{
					"name": "leftPerna",
					"parent": "Corpo",
					"pivot": [1.767, 11.16, 0],
					"cubes": [
						{
							"origin": [-0.43754, -0.88073, -2.54024],
							"size": [5.51803, 12.11146, 5.08049],
							"inflate": 0.4,
							"uv": {
								"north": {"uv": [29, 28], "uv_size": [6, 12]},
								"east": {"uv": [46, 34], "uv_size": [5, 12]},
								"south": {"uv": [17, 31], "uv_size": [6, 12]},
								"west": {"uv": [41, 46], "uv_size": [5, 12]},
								"up": {"uv": [63, 47], "uv_size": [6, 5]},
								"down": {"uv": [63, 57], "uv_size": [6, -5]}
							}
						}
					],
					"locators": {
						"locator3": [2, 0, 0]
					}
				},
				{
					"name": "head",
					"parent": "Corpo",
					"pivot": [0, 22.6144, 0],
					"cubes": [
						{
							"origin": [-5.37695, 22.17457, -4.18848],
							"size": [10.7539, 9.13086, 8.37695],
							"inflate": 0.4,
							"uv": {
								"north": {"uv": [18, 22], "uv_size": [11, 9]},
								"east": {"uv": [0, 33], "uv_size": [8, 9]},
								"south": {"uv": [0, 24], "uv_size": [11, 9]},
								"west": {"uv": [35, 16], "uv_size": [8, 9]},
								"up": {"uv": [27, 0], "uv_size": [11, 8]},
								"down": {"uv": [27, 16], "uv_size": [11, -8]}
							}
						}
					]
				},
				{
					"name": "rightOrelha",
					"parent": "head",
					"pivot": [0, 33.35402, 2.23035],
					"cubes": [
						{
							"origin": [-7.37695, 28.78859, -1.95812],
							"size": [6.7539, 6.13086, 6.37695],
							"inflate": 0.4,
							"pivot": [0, 33.35402, 2.23035],
							"rotation": [-22.47096, -11.2531, -25.25766],
							"uv": {
								"north": {"uv": [55, 24], "uv_size": [7, 6]},
								"east": {"uv": [38, 58], "uv_size": [6, 6]},
								"south": {"uv": [55, 30], "uv_size": [7, 6]},
								"west": {"uv": [32, 60], "uv_size": [6, 6]},
								"up": {"uv": [55, 45], "uv_size": [7, 6]},
								"down": {"uv": [56, 18], "uv_size": [7, -6]}
							}
						},
						{
							"origin": [-6.17843, 32.88152, -2.57594],
							"size": [5.7539, 6.13086, 5.37695],
							"inflate": 0.4,
							"pivot": [-4.94723, 32.7855, -0.43223],
							"rotation": [-39.97096, -11.2531, -25.25766],
							"uv": {
								"north": {"uv": [61, 0], "uv_size": [6, 6]},
								"east": {"uv": [27, 64], "uv_size": [5, 6]},
								"south": {"uv": [10, 61], "uv_size": [6, 6]},
								"west": {"uv": [38, 64], "uv_size": [5, 6]},
								"up": {"uv": [32, 66], "uv_size": [6, 5]},
								"down": {"uv": [62, 71], "uv_size": [6, -5]}
							}
						},
						{
							"origin": [-6.70185, 39.25856, -2.14989],
							"size": [4.7539, 6.13086, 4.37695],
							"inflate": 0.4,
							"pivot": [-5.47064, 34.16254, -1.00618],
							"rotation": [-54.97096, -11.2531, -25.25766],
							"uv": {
								"north": {"uv": [67, 0], "uv_size": [5, 6]},
								"east": {"uv": [68, 18], "uv_size": [4, 6]},
								"south": {"uv": [10, 67], "uv_size": [5, 6]},
								"west": {"uv": [68, 66], "uv_size": [4, 6]},
								"up": {"uv": [69, 61], "uv_size": [5, 4]},
								"down": {"uv": [25, 74], "uv_size": [5, -4]}
							}
						}
					]
				},
				{
					"name": "leftOrelha",
					"parent": "head",
					"pivot": [0, 33.35402, 2.23035],
					"cubes": [
						{
							"origin": [0.62305, 28.78859, -1.95812],
							"size": [6.7539, 6.13086, 6.37695],
							"inflate": 0.4,
							"pivot": [0, 33.35402, 2.23035],
							"rotation": [-22.47096, 11.2531, 25.25766],
							"uv": {
								"north": {"uv": [17, 56], "uv_size": [7, 6]},
								"east": {"uv": [44, 61], "uv_size": [6, 6]},
								"south": {"uv": [56, 18], "uv_size": [7, 6]},
								"west": {"uv": [50, 61], "uv_size": [6, 6]},
								"up": {"uv": [56, 36], "uv_size": [7, 6]},
								"down": {"uv": [56, 57], "uv_size": [7, -6]}
							}
						},
						{
							"origin": [0.42453, 32.88152, -2.57594],
							"size": [5.7539, 6.13086, 5.37695],
							"inflate": 0.4,
							"pivot": [4.94723, 32.7855, -0.43223],
							"rotation": [-39.97096, 11.2531, 25.25766],
							"uv": {
								"north": {"uv": [56, 61], "uv_size": [6, 6]},
								"east": {"uv": [43, 67], "uv_size": [5, 6]},
								"south": {"uv": [4, 62], "uv_size": [6, 6]},
								"west": {"uv": [48, 67], "uv_size": [5, 6]},
								"up": {"uv": [53, 67], "uv_size": [6, 5]},
								"down": {"uv": [0, 73], "uv_size": [6, -5]}
							}
						},
						{
							"origin": [1.94794, 39.25856, -2.14989],
							"size": [4.7539, 6.13086, 4.37695],
							"inflate": 0.4,
							"pivot": [5.47064, 34.16254, -1.00618],
							"rotation": [-54.97096, 11.2531, 25.25766],
							"uv": {
								"north": {"uv": [68, 6], "uv_size": [5, 6]},
								"east": {"uv": [15, 69], "uv_size": [4, 6]},
								"south": {"uv": [68, 12], "uv_size": [5, 6]},
								"west": {"uv": [69, 24], "uv_size": [4, 6]},
								"up": {"uv": [38, 70], "uv_size": [5, 4]},
								"down": {"uv": [70, 58], "uv_size": [5, -4]}
							}
						}
					]
				}
			]
		}
	]
}