{
	"format_version": "1.12.0",
	"minecraft:geometry": [
		{
			"description": {
				"identifier": "geometry.naruto1calda",
				"texture_width": 128,
				"texture_height": 128,
				"visible_bounds_width": 6,
				"visible_bounds_height": 4.5,
				"visible_bounds_offset": [0, 1.75, 0]
			},
			"bones": [
				{
					"name": "Tudo",
					"pivot": [0, 12, 0]
				},
				{
					"name": "Corpo",
					"parent": "Tudo",
					"pivot": [0, 22.32, 0],
					"cubes": [
						{
							"origin": [-3.72, 11.16, -1.86],
							"size": [7.44, 11.16, 3.72],
							"uv": {
								"north": {"uv": [0, 0], "uv_size": [7.5, 11.25]},
								"east": {"uv": [21, 21], "uv_size": [3.75, 11.25]},
								"south": {"uv": [8, 0], "uv_size": [7.5, 11.25]},
								"west": {"uv": [23, 0], "uv_size": [3.75, 11.25]},
								"up": {"uv": [40, 36], "uv_size": [7.5, 3.75]},
								"down": {"uv": [40, 43.75], "uv_size": [7.5, -3.75]}
							}
						},
						{
							"origin": [-4.37695, 10.17457, -2.18848],
							"size": [8.7539, 13.13086, 4.37695],
							"uv": {
								"north": {"uv": [120.5, 116.75], "uv_size": [7.5, 11.25]},
								"east": {"uv": [105.5, 116.75], "uv_size": [3.75, 11.25]},
								"south": {"uv": [120.5, 116.75], "uv_size": [7.5, 11.25]},
								"west": {"uv": [109.25, 116.75], "uv_size": [3.75, 11.25]},
								"up": {"uv": [109, 124.25], "uv_size": [-3.25, -3.25]},
								"down": {"uv": [109, 124.25], "uv_size": [-3.25, -3.25]}
							}
						}
					]
				},
				{
					"name": "Cauda",
					"parent": "Corpo",
					"pivot": [0.01098, 12.51351, 2.8772],
					"rotation": [158.5663, 22.89553, 22.37624],
					"cubes": [
						{
							"origin": [-6.59265, 13.06394, -7.70591],
							"size": [4.7539, 7.13086, 4.37695],
							"pivot": [-3.06995, 7.96792, -6.5622],
							"rotation": [-54.97096, 11.2531, 25.25766],
							"uv": {
								"north": {"uv": [6.75, 123.25], "uv_size": [-6.75, 3.75]},
								"east": {"uv": [127.25, 117.75], "uv_size": [-5.75, 6.5]},
								"south": {"uv": [7, 121], "uv_size": [-7, 7]},
								"west": {"uv": [127.25, 117.75], "uv_size": [-5.75, 6.5]},
								"up": {"uv": [116.25, 128], "uv_size": [-0.5, 0]},
								"down": {"uv": [121.5, 124.25], "uv_size": [5.75, -6.5]}
							}
						}
					]
				},
				{
					"name": "bone",
					"parent": "Cauda",
					"pivot": [-1.98902, 10.51351, -2.1228],
					"cubes": [
						{
							"origin": [-8.11606, 6.68689, -8.13197],
							"size": [6.7539, 6.13086, 5.37695],
							"pivot": [-3.59336, 6.59087, -5.98825],
							"rotation": [-39.97096, 11.2531, 25.25766],
							"uv": {
								"north": {"uv": [6.75, 123.25], "uv_size": [-6.75, 3.75]},
								"east": {"uv": [127.25, 117.75], "uv_size": [-5.75, 6.5]},
								"south": {"uv": [7, 121], "uv_size": [-7, 7]},
								"west": {"uv": [127.25, 117.75], "uv_size": [-5.75, 6.5]},
								"up": {"uv": [116.25, 128], "uv_size": [-0.5, 0]},
								"down": {"uv": [121.5, 124.25], "uv_size": [5.75, -6.5]}
							}
						}
					]
				},
				{
					"name": "bone2",
					"parent": "bone",
					"pivot": [-4.83954, 6.69245, -4.51201],
					"cubes": [
						{
							"origin": [-8.91754, -2.40603, -7.51414],
							"size": [8.7539, 11.13086, 6.37695],
							"pivot": [-8.54059, 7.15939, -3.32567],
							"rotation": [-22.47096, 11.2531, 25.25766],
							"uv": {
								"north": {"uv": [6.75, 123.25], "uv_size": [-6.75, 4.75]},
								"east": {"uv": [127.25, 117.75], "uv_size": [-5.75, 6.5]},
								"south": {"uv": [7, 121], "uv_size": [-7, 7]},
								"west": {"uv": [127.25, 117.75], "uv_size": [-5.75, 6.5]},
								"up": {"uv": [116.25, 128], "uv_size": [-0.5, 0]},
								"down": {"uv": [116, 128], "uv_size": [-0.75, -1.25]}
							}
						}
					]
				},
				{
					"name": "bone3",
					"parent": "bone2",
					"pivot": [-9.32067, -0.83239, -8.59911],
					"cubes": [
						{
							"origin": [-8.57921, -11.34654, -10.39289],
							"size": [8.7539, 11.13086, 6.37695],
							"pivot": [-8.20226, 9.21889, -6.20441],
							"rotation": [-2.47096, 11.2531, 25.25766],
							"uv": {
								"north": {"uv": [6.75, 123.25], "uv_size": [-6.75, 4.75]},
								"east": {"uv": [127.25, 117.75], "uv_size": [-5.75, 6.5]},
								"south": {"uv": [7, 121], "uv_size": [-7, 7]},
								"west": {"uv": [127.25, 117.75], "uv_size": [-5.75, 6.5]},
								"up": {"uv": [116.25, 128], "uv_size": [-0.5, 0]},
								"down": {"uv": [116, 128], "uv_size": [-0.75, -1.25]}
							}
						}
					]
				},
				{
					"name": "bone4",
					"parent": "bone3",
					"pivot": [-13.10191, -10.30509, -8.61666],
					"cubes": [
						{
							"origin": [-17.0421, -17.99247, -10.26143],
							"size": [6.7539, 9.13086, 5.37695],
							"pivot": [-16.75758, -9.92721, -8.68385],
							"rotation": [10.02904, 11.2531, 25.25766],
							"uv": {
								"north": {"uv": [6.75, 123.25], "uv_size": [-6.75, 4.75]},
								"east": {"uv": [127.25, 117.75], "uv_size": [-5.75, 6.5]},
								"south": {"uv": [7, 121], "uv_size": [-7, 7]},
								"west": {"uv": [127.25, 117.75], "uv_size": [-5.75, 6.5]},
								"up": {"uv": [116.25, 128], "uv_size": [-0.5, 0]},
								"down": {"uv": [116, 128], "uv_size": [-0.75, -1.25]}
							}
						}
					]
				},
				{
					"name": "bone5",
					"parent": "bone4",
					"pivot": [-16.45904, -17.83846, -6.7209],
					"cubes": [
						{
							"origin": [-16.0421, -25.99247, -8.26143],
							"size": [4.7539, 9.13086, 4.37695],
							"pivot": [-16.75758, -9.92721, -8.68385],
							"rotation": [0.02904, 11.2531, 25.25766],
							"uv": {
								"north": {"uv": [6.75, 123.25], "uv_size": [-6.75, 4.75]},
								"east": {"uv": [127.25, 117.75], "uv_size": [-5.75, 6.5]},
								"south": {"uv": [7, 121], "uv_size": [-7, 7]},
								"west": {"uv": [127.25, 117.75], "uv_size": [-5.75, 6.5]},
								"up": {"uv": [116.25, 128], "uv_size": [-0.5, 0]},
								"down": {"uv": [116, 128], "uv_size": [-0.75, -1.25]}
							}
						}
					]
				},
				{
					"name": "Roupa",
					"parent": "Corpo",
					"pivot": [0, 19.065, 0]
				},
				{
					"name": "rightBraco",
					"parent": "Corpo",
					"pivot": [-4.65, 20.46, 0],
					"cubes": [
						{
							"origin": [-7.44, 11.16, -1.86],
							"size": [3.72, 11.16, 3.72],
							"uv": {
								"north": {"uv": [25, 12], "uv_size": [3.75, 11.25]},
								"east": {"uv": [25, 24], "uv_size": [3.75, 11.25]},
								"south": {"uv": [0, 27], "uv_size": [3.75, 11.25]},
								"west": {"uv": [27, 0], "uv_size": [3.75, 11.25]},
								"up": {"uv": [46, 24], "uv_size": [3.75, 3.75]},
								"down": {"uv": [46, 31.75], "uv_size": [3.75, -3.75]}
							}
						},
						{
							"origin": [-7.7376, 14.2672, -2.1576],
							"size": [4.3152, 2.9456, 4.3152],
							"uv": {
								"north": {"uv": [49, 32], "uv_size": [4.25, 3]},
								"east": {"uv": [40, 49], "uv_size": [4.25, 3]},
								"south": {"uv": [45, 49], "uv_size": [4.25, 3]},
								"west": {"uv": [16, 50], "uv_size": [4.25, 3]},
								"up": {"uv": [43, 0], "uv_size": [4.25, 4.25]},
								"down": {"uv": [43, 9.25], "uv_size": [4.25, -4.25]}
							}
						},
						{
							"origin": [-8.49601, 9.99599, -2.248],
							"size": [4.88321, 12.48802, 4.49601],
							"uv": {
								"north": {"uv": [109.75, 116.75], "uv_size": [2.75, 11.25]},
								"east": {"uv": [109.75, 116.75], "uv_size": [2.75, 11.25]},
								"south": {"uv": [109.75, 116.75], "uv_size": [2.75, 11.25]},
								"west": {"uv": [109.25, 116.75], "uv_size": [3.75, 11.25]},
								"up": {"uv": [109, 124.25], "uv_size": [-3.25, -3.25]},
								"down": {"uv": [109, 124.25], "uv_size": [-3.25, -3.25]}
							}
						}
					],
					"locators": {
						"locator": [-5, 12, 0]
					}
				},
				{
					"name": "leftBraco",
					"parent": "Corpo",
					"pivot": [4.65, 20.46, 0],
					"cubes": [
						{
							"origin": [3.72, 11.16, -1.86],
							"size": [3.72, 11.16, 3.72],
							"uv": {
								"north": {"uv": [37, 24], "uv_size": [3.75, 11.25]},
								"east": {"uv": [0, 39], "uv_size": [3.75, 11.25]},
								"south": {"uv": [39, 0], "uv_size": [3.75, 11.25]},
								"west": {"uv": [4, 39], "uv_size": [3.75, 11.25]},
								"up": {"uv": [8, 49], "uv_size": [3.75, 3.75]},
								"down": {"uv": [12, 52.75], "uv_size": [3.75, -3.75]}
							}
						},
						{
							"origin": [3.4224, 14.2672, -2.1576],
							"size": [4.3152, 2.9456, 4.3152],
							"uv": {
								"north": {"uv": [50, 16], "uv_size": [4.25, 3]},
								"east": {"uv": [50, 19], "uv_size": [4.25, 3]},
								"south": {"uv": [50, 22], "uv_size": [4.25, 3]},
								"west": {"uv": [50, 25], "uv_size": [4.25, 3]},
								"up": {"uv": [40, 44], "uv_size": [4.25, 4.25]},
								"down": {"uv": [45, 48.25], "uv_size": [4.25, -4.25]}
							}
						},
						{
							"origin": [3.61279, 9.99599, -2.248],
							"size": [4.88321, 12.48802, 4.49601],
							"uv": {
								"north": {"uv": [112.5, 116.75], "uv_size": [-2.75, 11.25]},
								"east": {"uv": [113, 116.75], "uv_size": [-3.75, 11.25]},
								"south": {"uv": [112.5, 116.75], "uv_size": [-2.75, 11.25]},
								"west": {"uv": [112.5, 116.75], "uv_size": [-2.75, 11.25]},
								"up": {"uv": [105.75, 124.25], "uv_size": [3.25, -3.25]},
								"down": {"uv": [105.75, 124.25], "uv_size": [3.25, -3.25]}
							}
						}
					],
					"locators": {
						"locator2": [5, 12, 0]
					}
				},
				{
					"name": "rightPerna",
					"parent": "Corpo",
					"pivot": [-1.767, 11.16, 0],
					"cubes": [
						{
							"origin": [-3.627, 0, -1.86],
							"size": [3.72, 11.16, 3.72],
							"uv": {
								"north": {"uv": [4, 27], "uv_size": [3.75, 11.25]},
								"east": {"uv": [8, 27], "uv_size": [3.75, 11.25]},
								"south": {"uv": [12, 28], "uv_size": [3.75, 11.25]},
								"west": {"uv": [16, 28], "uv_size": [3.75, 11.25]},
								"up": {"uv": [48, 0], "uv_size": [3.75, 3.75]},
								"down": {"uv": [48, 7.75], "uv_size": [3.75, -3.75]}
							}
						},
						{
							"origin": [-4.627, 7, -0.86],
							"size": [1.72, 3.16, 1.72],
							"uv": {
								"north": {"uv": [23, 12], "uv_size": [1.75, 3.25]},
								"east": {"uv": [23, 16], "uv_size": [1.75, 3.25]},
								"south": {"uv": [55, 21], "uv_size": [1.75, 3.25]},
								"west": {"uv": [25, 55], "uv_size": [1.75, 3.25]},
								"up": {"uv": [52, 6], "uv_size": [1.75, 1.75]},
								"down": {"uv": [45, 56.75], "uv_size": [1.75, -1.75]}
							}
						},
						{
							"origin": [-4.05709, 3.24932, -2.29009],
							"size": [4.58018, 2.56937, 4.58018],
							"uv": {
								"north": {"uv": [50, 45], "uv_size": [4.5, 2.5]},
								"east": {"uv": [50, 48], "uv_size": [4.5, 2.5]},
								"south": {"uv": [0, 51], "uv_size": [4.5, 2.5]},
								"west": {"uv": [50, 51], "uv_size": [4.5, 2.5]},
								"up": {"uv": [41, 12], "uv_size": [4.5, 4.5]},
								"down": {"uv": [41, 21.5], "uv_size": [4.5, -4.5]}
							}
						},
						{
							"origin": [-3.72, -0.093, -1.9716],
							"size": [3.9432, 2.418, 3.9432],
							"uv": {
								"north": {"uv": [31, 52], "uv_size": [4, 2.5]},
								"east": {"uv": [35, 52], "uv_size": [4, 2.5]},
								"south": {"uv": [52, 35], "uv_size": [4, 2.5]},
								"west": {"uv": [52, 38], "uv_size": [4, 2.5]},
								"up": {"uv": [20, 45], "uv_size": [4, 4]},
								"down": {"uv": [16, 50], "uv_size": [4, -4]}
							}
						},
						{
							"origin": [-5.08049, -0.88073, -2.54024],
							"size": [5.51803, 12.11146, 5.08049],
							"uv": {
								"north": {"uv": [109.75, 116.75], "uv_size": [2.75, 11.25]},
								"east": {"uv": [109.75, 116.75], "uv_size": [2.75, 11.25]},
								"south": {"uv": [109.75, 116.75], "uv_size": [2.75, 11.25]},
								"west": {"uv": [109.25, 116.75], "uv_size": [3.75, 11.25]},
								"up": {"uv": [109, 124.25], "uv_size": [-3.25, -3.25]},
								"down": {"uv": [109, 124.25], "uv_size": [-3.25, -3.25]}
							}
						}
					],
					"locators": {
						"locator4": [-2, 0, 0]
					}
				},
				{
					"name": "leftPerna",
					"parent": "Corpo",
					"pivot": [1.767, 11.16, 0],
					"cubes": [
						{
							"origin": [-0.093, 0, -1.86],
							"size": [3.72, 11.16, 3.72],
							"uv": {
								"north": {"uv": [20, 33], "uv_size": [3.75, 11.25]},
								"east": {"uv": [33, 24], "uv_size": [3.75, 11.25]},
								"south": {"uv": [35, 0], "uv_size": [3.75, 11.25]},
								"west": {"uv": [24, 36], "uv_size": [3.75, 11.25]},
								"up": {"uv": [32, 48], "uv_size": [3.75, 3.75]},
								"down": {"uv": [48, 38.75], "uv_size": [3.75, -3.75]}
							}
						},
						{
							"origin": [-0.52309, 3.24932, -2.29009],
							"size": [4.58018, 2.56937, 4.58018],
							"uv": {
								"north": {"uv": [52, 0], "uv_size": [4.5, 2.5]},
								"east": {"uv": [52, 3], "uv_size": [4.5, 2.5]},
								"south": {"uv": [21, 52], "uv_size": [4.5, 2.5]},
								"west": {"uv": [26, 52], "uv_size": [4.5, 2.5]},
								"up": {"uv": [41, 22], "uv_size": [4.5, 4.5]},
								"down": {"uv": [41, 31.5], "uv_size": [4.5, -4.5]}
							}
						},
						{
							"origin": [-0.2232, -0.093, -1.9716],
							"size": [3.9432, 2.418, 3.9432],
							"uv": {
								"north": {"uv": [39, 52], "uv_size": [4, 2.5]},
								"east": {"uv": [43, 52], "uv_size": [4, 2.5]},
								"south": {"uv": [5, 53], "uv_size": [4, 2.5]},
								"west": {"uv": [9, 53], "uv_size": [4, 2.5]},
								"up": {"uv": [46, 16], "uv_size": [4, 4]},
								"down": {"uv": [46, 24], "uv_size": [4, -4]}
							}
						},
						{
							"origin": [-0.43754, -0.88073, -2.54024],
							"size": [5.51803, 12.11146, 5.08049],
							"uv": {
								"north": {"uv": [112.5, 116.75], "uv_size": [-2.75, 11.25]},
								"east": {"uv": [113, 116.75], "uv_size": [-3.75, 11.25]},
								"south": {"uv": [112.5, 116.75], "uv_size": [-2.75, 11.25]},
								"west": {"uv": [112.5, 116.75], "uv_size": [-2.75, 11.25]},
								"up": {"uv": [105.75, 124.25], "uv_size": [3.25, -3.25]},
								"down": {"uv": [105.75, 124.25], "uv_size": [3.25, -3.25]}
							}
						}
					],
					"locators": {
						"locator3": [2, 0, 0]
					}
				},
				{
					"name": "head",
					"parent": "Corpo",
					"pivot": [0, 22.6144, 0],
					"cubes": [
						{
							"origin": [-3.3792, 22.2352, -3.3792],
							"size": [6.7584, 6.7584, 6.7584],
							"uv": {
								"north": {"uv": [16, 0], "uv_size": [7, 7]},
								"east": {"uv": [16, 7], "uv_size": [7, 7]},
								"south": {"uv": [16, 14], "uv_size": [7, 7]},
								"west": {"uv": [0, 20], "uv_size": [7, 7]},
								"up": {"uv": [7, 20], "uv_size": [7, 7]},
								"down": {"uv": [14, 28], "uv_size": [7, -7]}
							}
						},
						{
							"origin": [-5.37695, 22.17457, -4.18848],
							"size": [10.7539, 9.13086, 8.37695],
							"uv": {
								"north": {"uv": [0, 121], "uv_size": [7, 7]},
								"east": {"uv": [121.5, 117.75], "uv_size": [5.75, 6.5]},
								"south": {"uv": [0, 121], "uv_size": [7, 7]},
								"west": {"uv": [121.5, 117.75], "uv_size": [5.75, 6.5]},
								"up": {"uv": [127.25, 124.25], "uv_size": [-5.75, -6.5]},
								"down": {"uv": [127.25, 124.25], "uv_size": [-5.75, -6.5]}
							}
						}
					]
				},
				{
					"name": "Hair",
					"parent": "head",
					"pivot": [0, 28.7616, 0],
					"cubes": [
						{
							"origin": [-2.8201, 27.84, -2.8201],
							"size": [5.64019, 1.88006, 5.64019],
							"uv": {
								"north": {"uv": [48, 8], "uv_size": [5.75, 2]},
								"east": {"uv": [50, 28], "uv_size": [5.75, 2]},
								"south": {"uv": [50, 30], "uv_size": [5.75, 2]},
								"west": {"uv": [50, 43], "uv_size": [5.75, 2]},
								"up": {"uv": [8, 40], "uv_size": [5.75, 5.75]},
								"down": {"uv": [14, 45.75], "uv_size": [5.75, -5.75]}
							}
						}
					]
				},
				{
					"name": "Mecha2",
					"parent": "Hair",
					"pivot": [1.67537, 31.47317, -1.41226],
					"rotation": [17.5, 0, 17.5],
					"cubes": [
						{
							"origin": [0.32172, 28.77937, -2.08908],
							"size": [2.70729, 1.84246, 1.35365],
							"uv": {
								"north": {"uv": [43, 10], "uv_size": [2.75, 2]},
								"east": {"uv": [19, 56], "uv_size": [1.5, 2]},
								"south": {"uv": [21, 49], "uv_size": [2.75, 2]},
								"west": {"uv": [24, 61], "uv_size": [1.5, 2]},
								"up": {"uv": [3, 58], "uv_size": [2.75, 1.5]},
								"down": {"uv": [6, 59.5], "uv_size": [2.75, -1.5]}
							}
						},
						{
							"origin": [0.77294, 30.62183, -2.08908],
							"size": [1.80486, 0.90243, 1.35365],
							"uv": {
								"north": {"uv": [14, 20], "uv_size": [1.75, 1]},
								"east": {"uv": [64, 22], "uv_size": [1.5, 1]},
								"south": {"uv": [23, 20], "uv_size": [1.75, 1]},
								"west": {"uv": [64, 23], "uv_size": [1.5, 1]},
								"up": {"uv": [62, 26], "uv_size": [1.75, 1.5]},
								"down": {"uv": [62, 29.5], "uv_size": [1.75, -1.5]}
							}
						},
						{
							"origin": [1.22415, 31.52426, -2.08908],
							"size": [0.90243, 0.90243, 1.35365],
							"uv": {
								"north": {"uv": [20, 32], "uv_size": [1, 1]},
								"east": {"uv": [64, 26], "uv_size": [1.5, 1]},
								"south": {"uv": [24, 35], "uv_size": [1, 1]},
								"west": {"uv": [64, 27], "uv_size": [1.5, 1]},
								"up": {"uv": [20, 28], "uv_size": [1, 1.5]},
								"down": {"uv": [20, 31.5], "uv_size": [1, -1.5]}
							}
						}
					]
				},
				{
					"name": "Mecha23",
					"parent": "Hair",
					"pivot": [1.8788, 30.34807, -2.57075],
					"rotation": [25.9558, -7.96081, 25.69025],
					"cubes": [
						{
							"origin": [0.52516, 27.65427, -3.24757],
							"size": [2.70729, 1.84246, 1.35365],
							"uv": {
								"north": {"uv": [56, 35], "uv_size": [2.75, 2]},
								"east": {"uv": [12, 62], "uv_size": [1.5, 2]},
								"south": {"uv": [56, 37], "uv_size": [2.75, 2]},
								"west": {"uv": [62, 13], "uv_size": [1.5, 2]},
								"up": {"uv": [27, 59], "uv_size": [2.75, 1.5]},
								"down": {"uv": [59, 28.5], "uv_size": [2.75, -1.5]}
							}
						},
						{
							"origin": [0.97637, 29.49673, -3.24757],
							"size": [1.80486, 0.90243, 1.35365],
							"uv": {
								"north": {"uv": [64, 15], "uv_size": [1.75, 1]},
								"east": {"uv": [17, 66], "uv_size": [1.5, 1]},
								"south": {"uv": [64, 16], "uv_size": [1.75, 1]},
								"west": {"uv": [66, 17], "uv_size": [1.5, 1]},
								"up": {"uv": [30, 63], "uv_size": [1.75, 1.5]},
								"down": {"uv": [63, 31.5], "uv_size": [1.75, -1.5]}
							}
						},
						{
							"origin": [1.42759, 30.39916, -3.24757],
							"size": [0.90243, 0.90243, 1.35365],
							"uv": {
								"north": {"uv": [51, 66], "uv_size": [1, 1]},
								"east": {"uv": [66, 18], "uv_size": [1.5, 1]},
								"south": {"uv": [52, 66], "uv_size": [1, 1]},
								"west": {"uv": [19, 66], "uv_size": [1.5, 1]},
								"up": {"uv": [66, 20], "uv_size": [1, 1.5]},
								"down": {"uv": [21, 67.5], "uv_size": [1, -1.5]}
							}
						}
					]
				},
				{
					"name": "Mecha24",
					"parent": "Hair",
					"pivot": [-1.8788, 30.34807, -2.57075],
					"rotation": [25.9558, 7.96081, -25.69025],
					"cubes": [
						{
							"origin": [-3.23245, 27.65427, -3.24757],
							"size": [2.70729, 1.84246, 1.35365],
							"uv": {
								"north": {"uv": [56, 39], "uv_size": [2.75, 2]},
								"east": {"uv": [14, 62], "uv_size": [1.5, 2]},
								"south": {"uv": [56, 43], "uv_size": [2.75, 2]},
								"west": {"uv": [62, 15], "uv_size": [1.5, 2]},
								"up": {"uv": [59, 29], "uv_size": [2.75, 1.5]},
								"down": {"uv": [30, 60.5], "uv_size": [2.75, -1.5]}
							}
						},
						{
							"origin": [-2.78123, 29.49673, -3.24757],
							"size": [1.80486, 0.90243, 1.35365],
							"uv": {
								"north": {"uv": [64, 17], "uv_size": [1.75, 1]},
								"east": {"uv": [66, 22], "uv_size": [1.5, 1]},
								"south": {"uv": [64, 18], "uv_size": [1.75, 1]},
								"west": {"uv": [23, 66], "uv_size": [1.5, 1]},
								"up": {"uv": [32, 63], "uv_size": [1.75, 1.5]},
								"down": {"uv": [63, 33.5], "uv_size": [1.75, -1.5]}
							}
						},
						{
							"origin": [-2.33002, 30.39916, -3.24757],
							"size": [0.90243, 0.90243, 1.35365],
							"uv": {
								"north": {"uv": [66, 52], "uv_size": [1, 1]},
								"east": {"uv": [66, 23], "uv_size": [1.5, 1]},
								"south": {"uv": [53, 66], "uv_size": [1, 1]},
								"west": {"uv": [25, 66], "uv_size": [1.5, 1]},
								"up": {"uv": [66, 26], "uv_size": [1, 1.5]},
								"down": {"uv": [66, 29.5], "uv_size": [1, -1.5]}
							}
						}
					]
				},
				{
					"name": "Mecha15",
					"parent": "Hair",
					"pivot": [2.43956, 30.92806, 0.26321],
					"rotation": [0, 0, 40],
					"cubes": [
						{
							"origin": [1.08591, 28.23425, -0.41361],
							"size": [2.70729, 1.84246, 1.35365],
							"uv": {
								"north": {"uv": [13, 56], "uv_size": [2.75, 2]},
								"east": {"uv": [61, 55], "uv_size": [1.5, 2]},
								"south": {"uv": [16, 56], "uv_size": [2.75, 2]},
								"west": {"uv": [57, 61], "uv_size": [1.5, 2]},
								"up": {"uv": [59, 14], "uv_size": [2.75, 1.5]},
								"down": {"uv": [59, 17.5], "uv_size": [2.75, -1.5]}
							}
						},
						{
							"origin": [1.53713, 30.07671, -0.41361],
							"size": [1.80486, 0.90243, 1.35365],
							"uv": {
								"north": {"uv": [13, 64], "uv_size": [1.75, 1]},
								"east": {"uv": [45, 65], "uv_size": [1.5, 1]},
								"south": {"uv": [64, 13], "uv_size": [1.75, 1]},
								"west": {"uv": [65, 46], "uv_size": [1.5, 1]},
								"up": {"uv": [24, 63], "uv_size": [1.75, 1.5]},
								"down": {"uv": [63, 25.5], "uv_size": [1.75, -1.5]}
							}
						},
						{
							"origin": [1.98834, 30.97914, -0.41361],
							"size": [0.90243, 0.90243, 1.35365],
							"uv": {
								"north": {"uv": [41, 66], "uv_size": [1, 1]},
								"east": {"uv": [47, 65], "uv_size": [1.5, 1]},
								"south": {"uv": [66, 41], "uv_size": [1, 1]},
								"west": {"uv": [65, 47], "uv_size": [1.5, 1]},
								"up": {"uv": [65, 48], "uv_size": [1, 1.5]},
								"down": {"uv": [49, 66.5], "uv_size": [1, -1.5]}
							}
						}
					]
				},
				{
					"name": "Mecha16",
					"parent": "Hair",
					"pivot": [-2.43956, 30.92806, 0.26321],
					"rotation": [0, 0, -40],
					"cubes": [
						{
							"origin": [-3.7932, 28.23425, -0.41361],
							"size": [2.70729, 1.84246, 1.35365],
							"uv": {
								"north": {"uv": [56, 27], "uv_size": [2.75, 2]},
								"east": {"uv": [61, 57], "uv_size": [1.5, 2]},
								"south": {"uv": [56, 29], "uv_size": [2.75, 2]},
								"west": {"uv": [5, 62], "uv_size": [1.5, 2]},
								"up": {"uv": [59, 18], "uv_size": [2.75, 1.5]},
								"down": {"uv": [24, 60.5], "uv_size": [2.75, -1.5]}
							}
						},
						{
							"origin": [-3.34199, 30.07671, -0.41361],
							"size": [1.80486, 0.90243, 1.35365],
							"uv": {
								"north": {"uv": [64, 14], "uv_size": [1.75, 1]},
								"east": {"uv": [50, 65], "uv_size": [1.5, 1]},
								"south": {"uv": [15, 64], "uv_size": [1.75, 1]},
								"west": {"uv": [65, 50], "uv_size": [1.5, 1]},
								"up": {"uv": [26, 63], "uv_size": [1.75, 1.5]},
								"down": {"uv": [28, 64.5], "uv_size": [1.75, -1.5]}
							}
						},
						{
							"origin": [-2.89077, 30.97914, -0.41361],
							"size": [0.90243, 0.90243, 1.35365],
							"uv": {
								"north": {"uv": [42, 66], "uv_size": [1, 1]},
								"east": {"uv": [65, 51], "uv_size": [1.5, 1]},
								"south": {"uv": [66, 42], "uv_size": [1, 1]},
								"west": {"uv": [52, 65], "uv_size": [1.5, 1]},
								"up": {"uv": [65, 52], "uv_size": [1, 1.5]},
								"down": {"uv": [54, 66.5], "uv_size": [1, -1.5]}
							}
						}
					]
				},
				{
					"name": "Mecha5",
					"parent": "Hair",
					"pivot": [-1.67537, 31.47317, -1.41226],
					"rotation": [17.5, 0, -17.5],
					"cubes": [
						{
							"origin": [-3.02901, 28.77937, -2.08908],
							"size": [2.70729, 1.84246, 1.35365],
							"uv": {
								"north": {"uv": [27, 55], "uv_size": [2.75, 2]},
								"east": {"uv": [61, 31], "uv_size": [1.5, 2]},
								"south": {"uv": [30, 55], "uv_size": [2.75, 2]},
								"west": {"uv": [32, 61], "uv_size": [1.5, 2]},
								"up": {"uv": [12, 58], "uv_size": [2.75, 1.5]},
								"down": {"uv": [58, 13.5], "uv_size": [2.75, -1.5]}
							}
						},
						{
							"origin": [-2.5778, 30.62183, -2.08908],
							"size": [1.80486, 0.90243, 1.35365],
							"uv": {
								"north": {"uv": [56, 63], "uv_size": [1.75, 1]},
								"east": {"uv": [64, 40], "uv_size": [1.5, 1]},
								"south": {"uv": [63, 56], "uv_size": [1.75, 1]},
								"west": {"uv": [42, 64], "uv_size": [1.5, 1]},
								"up": {"uv": [62, 43], "uv_size": [1.75, 1.5]},
								"down": {"uv": [44, 63.5], "uv_size": [1.75, -1.5]}
							}
						},
						{
							"origin": [-2.12658, 31.52426, -2.08908],
							"size": [0.90243, 0.90243, 1.35365],
							"uv": {
								"north": {"uv": [55, 27], "uv_size": [1, 1]},
								"east": {"uv": [64, 43], "uv_size": [1.5, 1]},
								"south": {"uv": [3, 57], "uv_size": [1, 1]},
								"west": {"uv": [44, 64], "uv_size": [1.5, 1]},
								"up": {"uv": [6, 64], "uv_size": [1, 1.5]},
								"down": {"uv": [17, 65.5], "uv_size": [1, -1.5]}
							}
						}
					]
				},
				{
					"name": "Mecha6",
					"parent": "Hair",
					"pivot": [-3.77054, 29.74704, -1.28539],
					"rotation": [14.48174, 9.93191, -51.23499],
					"cubes": [
						{
							"origin": [-5.12419, 27.05323, -1.96222],
							"size": [2.70729, 1.84246, 1.35365],
							"uv": {
								"north": {"uv": [33, 55], "uv_size": [2.75, 2]},
								"east": {"uv": [61, 33], "uv_size": [1.5, 2]},
								"south": {"uv": [36, 55], "uv_size": [2.75, 2]},
								"west": {"uv": [34, 61], "uv_size": [1.5, 2]},
								"up": {"uv": [15, 58], "uv_size": [2.75, 1.5]},
								"down": {"uv": [18, 59.5], "uv_size": [2.75, -1.5]}
							}
						},
						{
							"origin": [-4.67297, 28.89569, -1.96222],
							"size": [1.80486, 0.90243, 1.35365],
							"uv": {
								"north": {"uv": [63, 57], "uv_size": [1.75, 1]},
								"east": {"uv": [64, 44], "uv_size": [1.5, 1]},
								"south": {"uv": [63, 58], "uv_size": [1.75, 1]},
								"west": {"uv": [48, 64], "uv_size": [1.5, 1]},
								"up": {"uv": [48, 62], "uv_size": [1.75, 1.5]},
								"down": {"uv": [50, 63.5], "uv_size": [1.75, -1.5]}
							}
						},
						{
							"origin": [-4.22176, 29.79812, -1.96222],
							"size": [0.90243, 0.90243, 1.35365],
							"uv": {
								"north": {"uv": [58, 14], "uv_size": [1, 1]},
								"east": {"uv": [50, 64], "uv_size": [1.5, 1]},
								"south": {"uv": [24, 58], "uv_size": [1, 1]},
								"west": {"uv": [56, 64], "uv_size": [1.5, 1]},
								"up": {"uv": [40, 64], "uv_size": [1, 1.5]},
								"down": {"uv": [59, 65.5], "uv_size": [1, -1.5]}
							}
						}
					]
				},
				{
					"name": "Mecha7",
					"parent": "Hair",
					"pivot": [3.77054, 29.74704, -1.28539],
					"rotation": [14.48174, -9.93191, 51.23499],
					"cubes": [
						{
							"origin": [2.41689, 27.05323, -1.96222],
							"size": [2.70729, 1.84246, 1.35365],
							"uv": {
								"north": {"uv": [39, 55], "uv_size": [2.75, 2]},
								"east": {"uv": [36, 61], "uv_size": [1.5, 2]},
								"south": {"uv": [55, 41], "uv_size": [2.75, 2]},
								"west": {"uv": [38, 61], "uv_size": [1.5, 2]},
								"up": {"uv": [21, 58], "uv_size": [2.75, 1.5]},
								"down": {"uv": [58, 26.5], "uv_size": [2.75, -1.5]}
							}
						},
						{
							"origin": [2.86811, 28.89569, -1.96222],
							"size": [1.80486, 0.90243, 1.35365],
							"uv": {
								"north": {"uv": [63, 62], "uv_size": [1.75, 1]},
								"east": {"uv": [64, 59], "uv_size": [1.5, 1]},
								"south": {"uv": [63, 63], "uv_size": [1.75, 1]},
								"west": {"uv": [60, 64], "uv_size": [1.5, 1]},
								"up": {"uv": [59, 62], "uv_size": [1.75, 1.5]},
								"down": {"uv": [62, 60.5], "uv_size": [1.75, -1.5]}
							}
						},
						{
							"origin": [3.31933, 29.79812, -1.96222],
							"size": [0.90243, 0.90243, 1.35365],
							"uv": {
								"north": {"uv": [61, 13], "uv_size": [1, 1]},
								"east": {"uv": [64, 60], "uv_size": [1.5, 1]},
								"south": {"uv": [61, 26], "uv_size": [1, 1]},
								"west": {"uv": [62, 64], "uv_size": [1.5, 1]},
								"up": {"uv": [64, 64], "uv_size": [1, 1.5]},
								"down": {"uv": [0, 66.5], "uv_size": [1, -1.5]}
							}
						}
					]
				},
				{
					"name": "Mecha8",
					"parent": "Hair",
					"pivot": [3.77054, 29.74704, 1.28539],
					"rotation": [-20.52642, -45.37214, 68.70614],
					"cubes": [
						{
							"origin": [2.41689, 27.05323, 0.60857],
							"size": [2.70729, 1.84246, 1.35365],
							"uv": {
								"north": {"uv": [42, 55], "uv_size": [2.75, 2]},
								"east": {"uv": [40, 61], "uv_size": [1.5, 2]},
								"south": {"uv": [55, 45], "uv_size": [2.75, 2]},
								"west": {"uv": [61, 41], "uv_size": [1.5, 2]},
								"up": {"uv": [58, 31], "uv_size": [2.75, 1.5]},
								"down": {"uv": [58, 34.5], "uv_size": [2.75, -1.5]}
							}
						},
						{
							"origin": [2.86811, 28.89569, 0.60857],
							"size": [1.80486, 0.90243, 1.35365],
							"uv": {
								"north": {"uv": [4, 64], "uv_size": [1.75, 1]},
								"east": {"uv": [65, 0], "uv_size": [1.5, 1]},
								"south": {"uv": [64, 5], "uv_size": [1.75, 1]},
								"west": {"uv": [1, 65], "uv_size": [1.5, 1]},
								"up": {"uv": [61, 62], "uv_size": [1.75, 1.5]},
								"down": {"uv": [0, 64.5], "uv_size": [1.75, -1.5]}
							}
						},
						{
							"origin": [3.31933, 29.79812, 0.60857],
							"size": [0.90243, 0.90243, 1.35365],
							"uv": {
								"north": {"uv": [48, 61], "uv_size": [1, 1]},
								"east": {"uv": [65, 1], "uv_size": [1.5, 1]},
								"south": {"uv": [61, 59], "uv_size": [1, 1]},
								"west": {"uv": [65, 2], "uv_size": [1.5, 1]},
								"up": {"uv": [3, 65], "uv_size": [1, 1.5]},
								"down": {"uv": [4, 66.5], "uv_size": [1, -1.5]}
							}
						}
					]
				},
				{
					"name": "Mecha26",
					"parent": "Hair",
					"pivot": [-3.77054, 29.74704, 1.28539],
					"rotation": [-20.52642, 45.37214, -68.70614],
					"cubes": [
						{
							"origin": [-5.12419, 27.05323, 0.60857],
							"size": [2.70729, 1.84246, 1.35365],
							"uv": {
								"north": {"uv": [44.75, 55], "uv_size": [-2.75, 2]},
								"east": {"uv": [62.5, 41], "uv_size": [-1.5, 2]},
								"south": {"uv": [57.75, 45], "uv_size": [-2.75, 2]},
								"west": {"uv": [41.5, 61], "uv_size": [-1.5, 2]},
								"up": {"uv": [60.75, 31], "uv_size": [-2.75, 1.5]},
								"down": {"uv": [60.75, 34.5], "uv_size": [-2.75, -1.5]}
							}
						},
						{
							"origin": [-4.67297, 28.89569, 0.60857],
							"size": [1.80486, 0.90243, 1.35365],
							"uv": {
								"north": {"uv": [5.75, 64], "uv_size": [-1.75, 1]},
								"east": {"uv": [2.5, 65], "uv_size": [-1.5, 1]},
								"south": {"uv": [65.75, 5], "uv_size": [-1.75, 1]},
								"west": {"uv": [66.5, 0], "uv_size": [-1.5, 1]},
								"up": {"uv": [62.75, 62], "uv_size": [-1.75, 1.5]},
								"down": {"uv": [1.75, 64.5], "uv_size": [-1.75, -1.5]}
							}
						},
						{
							"origin": [-4.22176, 29.79812, 0.60857],
							"size": [0.90243, 0.90243, 1.35365],
							"uv": {
								"north": {"uv": [49, 61], "uv_size": [-1, 1]},
								"east": {"uv": [66.5, 2], "uv_size": [-1.5, 1]},
								"south": {"uv": [62, 59], "uv_size": [-1, 1]},
								"west": {"uv": [66.5, 1], "uv_size": [-1.5, 1]},
								"up": {"uv": [4, 65], "uv_size": [-1, 1.5]},
								"down": {"uv": [5, 66.5], "uv_size": [-1, -1.5]}
							}
						}
					]
				},
				{
					"name": "Mecha10",
					"parent": "Hair",
					"pivot": [-3.77054, 29.74704, 3.16546],
					"rotation": [-14.48174, -9.93191, -51.23499],
					"cubes": [
						{
							"origin": [-5.12419, 27.05323, 2.48864],
							"size": [2.70729, 1.84246, 1.35365],
							"uv": {
								"north": {"uv": [55, 47], "uv_size": [2.75, 2]},
								"east": {"uv": [61, 45], "uv_size": [1.5, 2]},
								"south": {"uv": [55, 49], "uv_size": [2.75, 2]},
								"west": {"uv": [46, 61], "uv_size": [1.5, 2]},
								"up": {"uv": [58, 41], "uv_size": [2.75, 1.5]},
								"down": {"uv": [58, 46.5], "uv_size": [2.75, -1.5]}
							}
						},
						{
							"origin": [-4.67297, 28.89569, 2.48864],
							"size": [1.80486, 0.90243, 1.35365],
							"uv": {
								"north": {"uv": [64, 6], "uv_size": [1.75, 1]},
								"east": {"uv": [65, 3], "uv_size": [1.5, 1]},
								"south": {"uv": [64, 7], "uv_size": [1.75, 1]},
								"west": {"uv": [7, 65], "uv_size": [1.5, 1]},
								"up": {"uv": [63, 0], "uv_size": [1.75, 1.5]},
								"down": {"uv": [2, 64.5], "uv_size": [1.75, -1.5]}
							}
						},
						{
							"origin": [-4.22176, 29.79812, 2.48864],
							"size": [0.90243, 0.90243, 1.35365],
							"uv": {
								"north": {"uv": [7, 62], "uv_size": [1, 1]},
								"east": {"uv": [9, 65], "uv_size": [1.5, 1]},
								"south": {"uv": [62, 30], "uv_size": [1, 1]},
								"west": {"uv": [11, 65], "uv_size": [1.5, 1]},
								"up": {"uv": [5, 65], "uv_size": [1, 1.5]},
								"down": {"uv": [13, 66.5], "uv_size": [1, -1.5]}
							}
						}
					]
				},
				{
					"name": "Mecha11",
					"parent": "Hair",
					"pivot": [3.77054, 29.74704, 3.16546],
					"rotation": [-14.48174, 9.93191, 51.23499],
					"cubes": [
						{
							"origin": [2.20031, 26.71131, 2.38034],
							"size": [3.14046, 2.13726, 1.57023],
							"uv": {
								"north": {"uv": [13, 53], "uv_size": [3.25, 2.25]},
								"east": {"uv": [42, 59], "uv_size": [1.5, 2.25]},
								"south": {"uv": [17, 53], "uv_size": [3.25, 2.25]},
								"west": {"uv": [44, 59], "uv_size": [1.5, 2.25]},
								"up": {"uv": [57, 2], "uv_size": [3.25, 1.5]},
								"down": {"uv": [57, 5.5], "uv_size": [3.25, -1.5]}
							}
						},
						{
							"origin": [2.72372, 28.84857, 2.38034],
							"size": [2.09364, 1.04682, 1.57023],
							"uv": {
								"north": {"uv": [8, 39], "uv_size": [2.25, 1]},
								"east": {"uv": [14, 65], "uv_size": [1.5, 1]},
								"south": {"uv": [41, 35], "uv_size": [2.25, 1]},
								"west": {"uv": [18, 65], "uv_size": [1.5, 1]},
								"up": {"uv": [59, 43], "uv_size": [2.25, 1.5]},
								"down": {"uv": [46, 60.5], "uv_size": [2.25, -1.5]}
							}
						},
						{
							"origin": [3.24713, 29.89538, 2.38034],
							"size": [1.04682, 1.04682, 1.57023],
							"uv": {
								"north": {"uv": [52, 62], "uv_size": [1, 1]},
								"east": {"uv": [65, 19], "uv_size": [1.5, 1]},
								"south": {"uv": [4, 63], "uv_size": [1, 1]},
								"west": {"uv": [20, 65], "uv_size": [1.5, 1]},
								"up": {"uv": [16, 65], "uv_size": [1, 1.5]},
								"down": {"uv": [22, 66.5], "uv_size": [1, -1.5]}
							}
						}
					]
				},
				{
					"name": "Mecha19",
					"parent": "Hair",
					"pivot": [1.37034, 29.93909, 3.50307],
					"rotation": [-32.93203, 1.0647, 27.22855],
					"cubes": [
						{
							"origin": [-0.19989, 26.90337, 2.71795],
							"size": [3.14046, 2.13726, 1.57023],
							"uv": {
								"north": {"uv": [54, 9], "uv_size": [3.25, 2.25]},
								"east": {"uv": [59, 57], "uv_size": [1.5, 2.25]},
								"south": {"uv": [54, 12], "uv_size": [3.25, 2.25]},
								"west": {"uv": [3, 60], "uv_size": [1.5, 2.25]},
								"up": {"uv": [27, 57], "uv_size": [3.25, 1.5]},
								"down": {"uv": [31, 58.5], "uv_size": [3.25, -1.5]}
							}
						},
						{
							"origin": [0.32352, 29.04062, 2.71795],
							"size": [2.09364, 1.04682, 1.57023],
							"uv": {
								"north": {"uv": [62, 19], "uv_size": [2.25, 1]},
								"east": {"uv": [60, 65], "uv_size": [1.5, 1]},
								"south": {"uv": [62, 61], "uv_size": [2.25, 1]},
								"west": {"uv": [65, 61], "uv_size": [1.5, 1]},
								"up": {"uv": [60, 0], "uv_size": [2.25, 1.5]},
								"down": {"uv": [5, 61.5], "uv_size": [2.25, -1.5]}
							}
						},
						{
							"origin": [0.84693, 30.08744, 2.71795],
							"size": [1.04682, 1.04682, 1.57023],
							"uv": {
								"north": {"uv": [45, 66], "uv_size": [1, 1]},
								"east": {"uv": [62, 65], "uv_size": [1.5, 1]},
								"south": {"uv": [66, 45], "uv_size": [1, 1]},
								"west": {"uv": [65, 62], "uv_size": [1.5, 1]},
								"up": {"uv": [58, 65], "uv_size": [1, 1.5]},
								"down": {"uv": [65, 64.5], "uv_size": [1, -1.5]}
							}
						}
					]
				},
				{
					"name": "Mecha20",
					"parent": "Hair",
					"pivot": [-1.37034, 29.93909, 3.50307],
					"rotation": [-32.93203, -1.0647, -27.22855],
					"cubes": [
						{
							"origin": [-2.94057, 26.90337, 2.71795],
							"size": [3.14046, 2.13726, 1.57023],
							"uv": {
								"north": {"uv": [54, 32], "uv_size": [3.25, 2.25]},
								"east": {"uv": [8, 60], "uv_size": [1.5, 2.25]},
								"south": {"uv": [47, 54], "uv_size": [3.25, 2.25]},
								"west": {"uv": [10, 60], "uv_size": [1.5, 2.25]},
								"up": {"uv": [35, 57], "uv_size": [3.25, 1.5]},
								"down": {"uv": [39, 58.5], "uv_size": [3.25, -1.5]}
							}
						},
						{
							"origin": [-2.41716, 29.04062, 2.71795],
							"size": [2.09364, 1.04682, 1.57023],
							"uv": {
								"north": {"uv": [63, 4], "uv_size": [2.25, 1]},
								"east": {"uv": [65, 65], "uv_size": [1.5, 1]},
								"south": {"uv": [63, 34], "uv_size": [2.25, 1]},
								"west": {"uv": [1, 66], "uv_size": [1.5, 1]},
								"up": {"uv": [12, 60], "uv_size": [2.25, 1.5]},
								"down": {"uv": [15, 61.5], "uv_size": [2.25, -1.5]}
							}
						},
						{
							"origin": [-1.89375, 30.08744, 2.71795],
							"size": [1.04682, 1.04682, 1.57023],
							"uv": {
								"north": {"uv": [46, 66], "uv_size": [1, 1]},
								"east": {"uv": [66, 4], "uv_size": [1.5, 1]},
								"south": {"uv": [47, 66], "uv_size": [1, 1]},
								"west": {"uv": [66, 5], "uv_size": [1.5, 1]},
								"up": {"uv": [6, 66], "uv_size": [1, 1.5]},
								"down": {"uv": [66, 7.5], "uv_size": [1, -1.5]}
							}
						}
					]
				},
				{
					"name": "Mecha21",
					"parent": "Hair",
					"pivot": [-1.41136, 28.17588, 3.33825],
					"rotation": [-156.00246, -11.55991, 22.79754],
					"cubes": [
						{
							"origin": [-2.98159, 25.14015, 2.55314],
							"size": [3.14046, 2.13726, 1.57023],
							"uv": {
								"north": {"uv": [51, 54], "uv_size": [3.25, 2.25]},
								"east": {"uv": [18, 60], "uv_size": [1.5, 2.25]},
								"south": {"uv": [55, 15], "uv_size": [3.25, 2.25]},
								"west": {"uv": [20, 60], "uv_size": [1.5, 2.25]},
								"up": {"uv": [43, 57], "uv_size": [3.25, 1.5]},
								"down": {"uv": [47, 58.5], "uv_size": [3.25, -1.5]}
							}
						},
						{
							"origin": [-2.45818, 27.27741, 2.55314],
							"size": [2.09364, 1.04682, 1.57023],
							"uv": {
								"north": {"uv": [38, 63], "uv_size": [2.25, 1]},
								"east": {"uv": [7, 66], "uv_size": [1.5, 1]},
								"south": {"uv": [63, 41], "uv_size": [2.25, 1]},
								"west": {"uv": [66, 8], "uv_size": [1.5, 1]},
								"up": {"uv": [59, 60], "uv_size": [2.25, 1.5]},
								"down": {"uv": [0, 62.5], "uv_size": [2.25, -1.5]}
							}
						},
						{
							"origin": [-1.93477, 28.32422, 2.55314],
							"size": [1.04682, 1.04682, 1.57023],
							"uv": {
								"north": {"uv": [48, 66], "uv_size": [1, 1]},
								"east": {"uv": [9, 66], "uv_size": [1.5, 1]},
								"south": {"uv": [66, 48], "uv_size": [1, 1]},
								"west": {"uv": [66, 9], "uv_size": [1.5, 1]},
								"up": {"uv": [66, 10], "uv_size": [1, 1.5]},
								"down": {"uv": [11, 67.5], "uv_size": [1, -1.5]}
							}
						}
					]
				},
				{
					"name": "Mecha22",
					"parent": "Hair",
					"pivot": [1.41136, 28.17588, 3.33825],
					"rotation": [-156.00246, 11.55991, -22.79754],
					"cubes": [
						{
							"origin": [-0.15887, 25.14015, 2.55314],
							"size": [3.14046, 2.13726, 1.57023],
							"uv": {
								"north": {"uv": [55, 18], "uv_size": [3.25, 2.25]},
								"east": {"uv": [22, 60], "uv_size": [1.5, 2.25]},
								"south": {"uv": [21, 55], "uv_size": [3.25, 2.25]},
								"west": {"uv": [61, 2], "uv_size": [1.5, 2.25]},
								"up": {"uv": [51, 57], "uv_size": [3.25, 1.5]},
								"down": {"uv": [55, 58.5], "uv_size": [3.25, -1.5]}
							}
						},
						{
							"origin": [0.36454, 27.27741, 2.55314],
							"size": [2.09364, 1.04682, 1.57023],
							"uv": {
								"north": {"uv": [63, 42], "uv_size": [2.25, 1]},
								"east": {"uv": [66, 12], "uv_size": [1.5, 1]},
								"south": {"uv": [63, 45], "uv_size": [2.25, 1]},
								"west": {"uv": [66, 13], "uv_size": [1.5, 1]},
								"up": {"uv": [61, 5], "uv_size": [2.25, 1.5]},
								"down": {"uv": [61, 8.5], "uv_size": [2.25, -1.5]}
							}
						},
						{
							"origin": [0.88795, 28.32422, 2.55314],
							"size": [1.04682, 1.04682, 1.57023],
							"uv": {
								"north": {"uv": [66, 49], "uv_size": [1, 1]},
								"east": {"uv": [14, 66], "uv_size": [1.5, 1]},
								"south": {"uv": [50, 66], "uv_size": [1, 1]},
								"west": {"uv": [66, 14], "uv_size": [1.5, 1]},
								"up": {"uv": [12, 66], "uv_size": [1, 1.5]},
								"down": {"uv": [66, 16.5], "uv_size": [1, -1.5]}
							}
						}
					]
				},
				{
					"name": "Mecha9",
					"parent": "Hair",
					"pivot": [-3.77054, 29.74704, 3.16546],
					"rotation": [-14.48174, -9.93191, -51.23499],
					"cubes": [
						{
							"origin": [-5.34077, 26.71131, 2.38034],
							"size": [3.14046, 2.13726, 1.57023],
							"uv": {
								"north": {"uv": [0, 54], "uv_size": [3.25, 2.25]},
								"east": {"uv": [49, 59], "uv_size": [1.5, 2.25]},
								"south": {"uv": [54, 6], "uv_size": [3.25, 2.25]},
								"west": {"uv": [51, 59], "uv_size": [1.5, 2.25]},
								"up": {"uv": [57, 21], "uv_size": [3.25, 1.5]},
								"down": {"uv": [57, 24.5], "uv_size": [3.25, -1.5]}
							}
						},
						{
							"origin": [-4.81736, 28.84857, 2.38034],
							"size": [2.09364, 1.04682, 1.57023],
							"uv": {
								"north": {"uv": [44, 35], "uv_size": [2.25, 1]},
								"east": {"uv": [65, 54], "uv_size": [1.5, 1]},
								"south": {"uv": [21, 51], "uv_size": [2.25, 1]},
								"west": {"uv": [55, 65], "uv_size": [1.5, 1]},
								"up": {"uv": [53, 59], "uv_size": [2.25, 1.5]},
								"down": {"uv": [56, 60.5], "uv_size": [2.25, -1.5]}
							}
						},
						{
							"origin": [-4.29395, 29.89538, 2.38034],
							"size": [1.04682, 1.04682, 1.57023],
							"uv": {
								"north": {"uv": [66, 43], "uv_size": [1, 1]},
								"east": {"uv": [65, 55], "uv_size": [1.5, 1]},
								"south": {"uv": [66, 44], "uv_size": [1, 1]},
								"west": {"uv": [65, 56], "uv_size": [1.5, 1]},
								"up": {"uv": [57, 65], "uv_size": [1, 1.5]},
								"down": {"uv": [65, 58.5], "uv_size": [1, -1.5]}
							}
						}
					]
				},
				{
					"name": "Mecha12",
					"parent": "Hair",
					"pivot": [1.88006, 28.20096, -3.29011],
					"rotation": [14.48174, -9.93191, 51.23499],
					"cubes": [
						{
							"origin": [0.52642, 27.84, -3.23371],
							"size": [2.70729, 1.84246, 1.35365],
							"uv": {
								"north": {"uv": [55, 51], "uv_size": [2.75, 2]},
								"east": {"uv": [61, 47], "uv_size": [1.5, 2]},
								"south": {"uv": [55, 53], "uv_size": [2.75, 2]},
								"west": {"uv": [61, 49], "uv_size": [1.5, 2]},
								"up": {"uv": [58, 47], "uv_size": [2.75, 1.5]},
								"down": {"uv": [58, 50.5], "uv_size": [2.75, -1.5]}
							}
						},
						{
							"origin": [0.97763, 29.68246, -3.23371],
							"size": [1.80486, 0.90243, 1.35365],
							"uv": {
								"north": {"uv": [64, 8], "uv_size": [1.75, 1]},
								"east": {"uv": [23, 65], "uv_size": [1.5, 1]},
								"south": {"uv": [64, 9], "uv_size": [1.75, 1]},
								"west": {"uv": [65, 24], "uv_size": [1.5, 1]},
								"up": {"uv": [63, 2], "uv_size": [1.75, 1.5]},
								"down": {"uv": [7, 64.5], "uv_size": [1.75, -1.5]}
							}
						},
						{
							"origin": [1.42885, 30.58489, -3.23371],
							"size": [0.90243, 0.90243, 1.35365],
							"uv": {
								"north": {"uv": [11, 63], "uv_size": [1, 1]},
								"east": {"uv": [25, 65], "uv_size": [1.5, 1]},
								"south": {"uv": [66, 38], "uv_size": [1, 1]},
								"west": {"uv": [65, 25], "uv_size": [1.5, 1]},
								"up": {"uv": [27, 65], "uv_size": [1, 1.5]},
								"down": {"uv": [28, 66.5], "uv_size": [1, -1.5]}
							}
						}
					]
				},
				{
					"name": "Mecha13",
					"parent": "Hair",
					"pivot": [-3.77054, 29.74704, -3.16546],
					"rotation": [14.48174, 9.93191, -51.23499],
					"cubes": [
						{
							"origin": [-5.12419, 27.05323, -3.84228],
							"size": [2.70729, 1.84246, 1.35365],
							"uv": {
								"north": {"uv": [55, 55], "uv_size": [2.75, 2]},
								"east": {"uv": [61, 51], "uv_size": [1.5, 2]},
								"south": {"uv": [4, 56], "uv_size": [2.75, 2]},
								"west": {"uv": [53, 61], "uv_size": [1.5, 2]},
								"up": {"uv": [58, 51], "uv_size": [2.75, 1.5]},
								"down": {"uv": [58, 54.5], "uv_size": [2.75, -1.5]}
							}
						},
						{
							"origin": [-4.67297, 28.89569, -3.84228],
							"size": [1.80486, 0.90243, 1.35365],
							"uv": {
								"north": {"uv": [64, 10], "uv_size": [1.75, 1]},
								"east": {"uv": [29, 65], "uv_size": [1.5, 1]},
								"south": {"uv": [11, 64], "uv_size": [1.75, 1]},
								"west": {"uv": [65, 30], "uv_size": [1.5, 1]},
								"up": {"uv": [9, 63], "uv_size": [1.75, 1.5]},
								"down": {"uv": [18, 64.5], "uv_size": [1.75, -1.5]}
							}
						},
						{
							"origin": [-4.22176, 29.79812, -3.84228],
							"size": [0.90243, 0.90243, 1.35365],
							"uv": {
								"north": {"uv": [39, 66], "uv_size": [1, 1]},
								"east": {"uv": [31, 65], "uv_size": [1.5, 1]},
								"south": {"uv": [66, 39], "uv_size": [1, 1]},
								"west": {"uv": [65, 31], "uv_size": [1.5, 1]},
								"up": {"uv": [65, 32], "uv_size": [1, 1.5]},
								"down": {"uv": [33, 66.5], "uv_size": [1, -1.5]}
							}
						}
					]
				},
				{
					"name": "Mecha18",
					"parent": "Hair",
					"pivot": [4.0774, 27.71119, 2.73714],
					"rotation": [-7.08184, -4.54182, 101.4475],
					"cubes": [
						{
							"origin": [2.91326, 25.31656, 2.15507],
							"size": [2.32827, 1.58452, 1.16414],
							"uv": {
								"north": {"uv": [36, 59], "uv_size": [2.5, 1.5]},
								"east": {"uv": [46, 63], "uv_size": [1.25, 1.5]},
								"south": {"uv": [59, 37], "uv_size": [2.5, 1.5]},
								"west": {"uv": [63, 46], "uv_size": [1.25, 1.5]},
								"up": {"uv": [61, 9], "uv_size": [2.5, 1.25]},
								"down": {"uv": [61, 12.25], "uv_size": [2.5, -1.25]}
							}
						},
						{
							"origin": [3.30131, 26.90108, 2.15507],
							"size": [1.55218, 0.77609, 1.16414],
							"uv": {
								"north": {"uv": [35, 66], "uv_size": [1.5, 0.75]},
								"east": {"uv": [66, 57], "uv_size": [1.25, 0.75]},
								"south": {"uv": [66, 36], "uv_size": [1.5, 0.75]},
								"west": {"uv": [66, 58], "uv_size": [1.25, 0.75]},
								"up": {"uv": [63, 48], "uv_size": [1.5, 1.25]},
								"down": {"uv": [63, 51.25], "uv_size": [1.5, -1.25]}
							}
						},
						{
							"origin": [3.68936, 27.67717, 2.15507],
							"size": [0.77609, 0.77609, 1.16414],
							"uv": {
								"north": {"uv": [66, 64], "uv_size": [0.75, 0.75]},
								"east": {"uv": [59, 66], "uv_size": [1.25, 0.75]},
								"south": {"uv": [67, 0], "uv_size": [0.75, 0.75]},
								"west": {"uv": [66, 59], "uv_size": [1.25, 0.75]},
								"up": {"uv": [56, 66], "uv_size": [0.75, 1.25]},
								"down": {"uv": [61, 67.25], "uv_size": [0.75, -1.25]}
							}
						}
					]
				},
				{
					"name": "Mecha17",
					"parent": "Hair",
					"pivot": [-4.0774, 27.71119, 2.73714],
					"rotation": [-7.08184, 4.54182, -101.4475],
					"cubes": [
						{
							"origin": [-5.24154, 25.31656, 2.15507],
							"size": [2.32827, 1.58452, 1.16414],
							"uv": {
								"north": {"uv": [39, 59], "uv_size": [2.5, 1.5]},
								"east": {"uv": [52, 63], "uv_size": [1.25, 1.5]},
								"south": {"uv": [59, 39], "uv_size": [2.5, 1.5]},
								"west": {"uv": [63, 52], "uv_size": [1.25, 1.5]},
								"up": {"uv": [61, 20], "uv_size": [2.5, 1.25]},
								"down": {"uv": [61, 23.25], "uv_size": [2.5, -1.25]}
							}
						},
						{
							"origin": [-4.85349, 26.90108, 2.15507],
							"size": [1.55218, 0.77609, 1.16414],
							"uv": {
								"north": {"uv": [37, 66], "uv_size": [1.5, 0.75]},
								"east": {"uv": [66, 60], "uv_size": [1.25, 0.75]},
								"south": {"uv": [66, 37], "uv_size": [1.5, 0.75]},
								"west": {"uv": [62, 66], "uv_size": [1.25, 0.75]},
								"up": {"uv": [54, 63], "uv_size": [1.5, 1.25]},
								"down": {"uv": [63, 55.25], "uv_size": [1.5, -1.25]}
							}
						},
						{
							"origin": [-4.46545, 27.67717, 2.15507],
							"size": [0.77609, 0.77609, 1.16414],
							"uv": {
								"north": {"uv": [1, 67], "uv_size": [0.75, 0.75]},
								"east": {"uv": [66, 63], "uv_size": [1.25, 0.75]},
								"south": {"uv": [67, 1], "uv_size": [0.75, 0.75]},
								"west": {"uv": [64, 66], "uv_size": [1.25, 0.75]},
								"up": {"uv": [66, 66], "uv_size": [0.75, 1.25]},
								"down": {"uv": [0, 68.25], "uv_size": [0.75, -1.25]}
							}
						}
					]
				},
				{
					"name": "Mecha3",
					"parent": "Hair",
					"pivot": [0.22389, 32.17743, 0.83284],
					"rotation": [-14.78217, -2.57594, 7.8342],
					"cubes": [
						{
							"origin": [-1.12975, 29.48363, 0.15601],
							"size": [2.70729, 1.84246, 1.35365],
							"uv": {
								"north": {"uv": [5, 51], "uv_size": [2.75, 2]},
								"east": {"uv": [61, 24], "uv_size": [1.5, 2]},
								"south": {"uv": [52, 41], "uv_size": [2.75, 2]},
								"west": {"uv": [26, 61], "uv_size": [1.5, 2]},
								"up": {"uv": [58, 6], "uv_size": [2.75, 1.5]},
								"down": {"uv": [58, 9.5], "uv_size": [2.75, -1.5]}
							}
						},
						{
							"origin": [-0.67854, 31.32609, 0.15601],
							"size": [1.80486, 0.90243, 1.35365],
							"uv": {
								"north": {"uv": [12, 27], "uv_size": [1.75, 1]},
								"east": {"uv": [64, 28], "uv_size": [1.5, 1]},
								"south": {"uv": [48, 43], "uv_size": [1.75, 1]},
								"west": {"uv": [64, 29], "uv_size": [1.5, 1]},
								"up": {"uv": [62, 35], "uv_size": [1.75, 1.5]},
								"down": {"uv": [62, 38.5], "uv_size": [1.75, -1.5]}
							}
						},
						{
							"origin": [-0.22732, 32.22852, 0.15601],
							"size": [0.90243, 0.90243, 1.35365],
							"uv": {
								"north": {"uv": [11, 39], "uv_size": [1, 1]},
								"east": {"uv": [64, 35], "uv_size": [1.5, 1]},
								"south": {"uv": [47, 35], "uv_size": [1, 1]},
								"west": {"uv": [64, 36], "uv_size": [1.5, 1]},
								"up": {"uv": [24, 33], "uv_size": [1, 1.5]},
								"down": {"uv": [4, 55.5], "uv_size": [1, -1.5]}
							}
						}
					]
				},
				{
					"name": "Mecha25",
					"parent": "Hair",
					"pivot": [-0.99658, 31.9338, 0.83284],
					"rotation": [-14.78217, -2.57594, -27.1658],
					"cubes": [
						{
							"origin": [-2.35023, 29.24, 0.15601],
							"size": [2.70729, 1.84246, 1.35365],
							"uv": {
								"north": {"uv": [0, 57], "uv_size": [2.75, 2]},
								"east": {"uv": [16, 62], "uv_size": [1.5, 2]},
								"south": {"uv": [57, 0], "uv_size": [2.75, 2]},
								"west": {"uv": [62, 17], "uv_size": [1.5, 2]},
								"up": {"uv": [33, 59], "uv_size": [2.75, 1.5]},
								"down": {"uv": [59, 36.5], "uv_size": [2.75, -1.5]}
							}
						},
						{
							"origin": [-1.89901, 31.08246, 0.15601],
							"size": [1.80486, 0.90243, 1.35365],
							"uv": {
								"north": {"uv": [64, 20], "uv_size": [1.75, 1]},
								"east": {"uv": [29, 66], "uv_size": [1.5, 1]},
								"south": {"uv": [64, 21], "uv_size": [1.75, 1]},
								"west": {"uv": [31, 66], "uv_size": [1.5, 1]},
								"up": {"uv": [34, 63], "uv_size": [1.75, 1.5]},
								"down": {"uv": [36, 64.5], "uv_size": [1.75, -1.5]}
							}
						},
						{
							"origin": [-1.4478, 31.98489, 0.15601],
							"size": [0.90243, 0.90243, 1.35365],
							"uv": {
								"north": {"uv": [66, 53], "uv_size": [1, 1]},
								"east": {"uv": [66, 32], "uv_size": [1.5, 1]},
								"south": {"uv": [55, 66], "uv_size": [1, 1]},
								"west": {"uv": [66, 33], "uv_size": [1.5, 1]},
								"up": {"uv": [34, 66], "uv_size": [1, 1.5]},
								"down": {"uv": [66, 35.5], "uv_size": [1, -1.5]}
							}
						}
					]
				},
				{
					"name": "Mecha4",
					"parent": "Hair",
					"pivot": [-1.56056, 31.10907, 1.78204],
					"rotation": [-15, 0, -17.5],
					"cubes": [
						{
							"origin": [-2.91421, 28.41526, 1.10522],
							"size": [2.70729, 1.84246, 1.35365],
							"uv": {
								"north": {"uv": [47, 52], "uv_size": [2.75, 2]},
								"east": {"uv": [28, 61], "uv_size": [1.5, 2]},
								"south": {"uv": [55, 25], "uv_size": [2.75, 2]},
								"west": {"uv": [30, 61], "uv_size": [1.5, 2]},
								"up": {"uv": [9, 58], "uv_size": [2.75, 1.5]},
								"down": {"uv": [58, 11.5], "uv_size": [2.75, -1.5]}
							}
						},
						{
							"origin": [-2.46299, 30.25772, 1.10522],
							"size": [1.80486, 0.90243, 1.35365],
							"uv": {
								"north": {"uv": [56, 31], "uv_size": [1.75, 1]},
								"east": {"uv": [64, 37], "uv_size": [1.5, 1]},
								"south": {"uv": [59, 20], "uv_size": [1.75, 1]},
								"west": {"uv": [38, 64], "uv_size": [1.5, 1]},
								"up": {"uv": [62, 39], "uv_size": [1.75, 1.5]},
								"down": {"uv": [42, 63.5], "uv_size": [1.75, -1.5]}
							}
						},
						{
							"origin": [-2.01178, 31.16015, 1.10522],
							"size": [0.90243, 0.90243, 1.35365],
							"uv": {
								"north": {"uv": [20, 49], "uv_size": [1, 1]},
								"east": {"uv": [64, 38], "uv_size": [1.5, 1]},
								"south": {"uv": [54, 15], "uv_size": [1, 1]},
								"west": {"uv": [64, 39], "uv_size": [1.5, 1]},
								"up": {"uv": [41, 63], "uv_size": [1, 1.5]},
								"down": {"uv": [58, 64.5], "uv_size": [1, -1.5]}
							}
						}
					]
				},
				{
					"name": "Mecha14",
					"parent": "Hair",
					"pivot": [1.56056, 31.10907, 1.78204],
					"rotation": [-15, 0, 17.5],
					"cubes": [
						{
							"origin": [0.20692, 28.41526, 1.10522],
							"size": [2.70729, 1.84246, 1.35365],
							"uv": {
								"north": {"uv": [7, 56], "uv_size": [2.75, 2]},
								"east": {"uv": [61, 53], "uv_size": [1.5, 2]},
								"south": {"uv": [10, 56], "uv_size": [2.75, 2]},
								"west": {"uv": [55, 61], "uv_size": [1.5, 2]},
								"up": {"uv": [58, 55], "uv_size": [2.75, 1.5]},
								"down": {"uv": [0, 60.5], "uv_size": [2.75, -1.5]}
							}
						},
						{
							"origin": [0.65813, 30.25772, 1.10522],
							"size": [1.80486, 0.90243, 1.35365],
							"uv": {
								"north": {"uv": [64, 11], "uv_size": [1.75, 1]},
								"east": {"uv": [34, 65], "uv_size": [1.5, 1]},
								"south": {"uv": [64, 12], "uv_size": [1.75, 1]},
								"west": {"uv": [36, 65], "uv_size": [1.5, 1]},
								"up": {"uv": [20, 63], "uv_size": [1.75, 1.5]},
								"down": {"uv": [22, 64.5], "uv_size": [1.75, -1.5]}
							}
						},
						{
							"origin": [1.10935, 31.16015, 1.10522],
							"size": [0.90243, 0.90243, 1.35365],
							"uv": {
								"north": {"uv": [40, 66], "uv_size": [1, 1]},
								"east": {"uv": [38, 65], "uv_size": [1.5, 1]},
								"south": {"uv": [66, 40], "uv_size": [1, 1]},
								"west": {"uv": [41, 65], "uv_size": [1.5, 1]},
								"up": {"uv": [43, 65], "uv_size": [1, 1.5]},
								"down": {"uv": [44, 66.5], "uv_size": [1, -1.5]}
							}
						}
					]
				},
				{
					"name": "Bandana",
					"parent": "head",
					"pivot": [0, 28.0144, 0],
					"cubes": [
						{
							"origin": [-3.48058, 26.93382, -3.48058],
							"size": [6.96115, 2.16115, 6.96115],
							"uv": {
								"north": {"uv": [41, 32], "uv_size": [7.25, 2.25]},
								"east": {"uv": [8, 46], "uv_size": [7.25, 2.25]},
								"south": {"uv": [46, 10], "uv_size": [7.25, 2.25]},
								"west": {"uv": [46, 13], "uv_size": [7.25, 2.25]},
								"up": {"uv": [0, 12], "uv_size": [7.25, 7.25]},
								"down": {"uv": [8, 19.25], "uv_size": [7.25, -7.25]}
							}
						}
					]
				},
				{
					"name": "rightOrelha",
					"parent": "head",
					"pivot": [0, 33.35402, 2.23035],
					"cubes": [
						{
							"origin": [-7.37695, 28.78859, -1.95812],
							"size": [6.7539, 6.13086, 6.37695],
							"pivot": [0, 33.35402, 2.23035],
							"rotation": [-22.47096, -11.2531, -25.25766],
							"uv": {
								"north": {"uv": [0, 123.25], "uv_size": [6.75, 4.75]},
								"east": {"uv": [121.5, 117.75], "uv_size": [5.75, 6.5]},
								"south": {"uv": [0, 121], "uv_size": [7, 7]},
								"west": {"uv": [121.5, 117.75], "uv_size": [5.75, 6.5]},
								"up": {"uv": [115.75, 128], "uv_size": [0.5, 0]},
								"down": {"uv": [127.25, 124.25], "uv_size": [-5.75, -6.5]}
							}
						},
						{
							"origin": [-6.17843, 32.88152, -2.57594],
							"size": [5.7539, 6.13086, 5.37695],
							"pivot": [-4.94723, 32.7855, -0.43223],
							"rotation": [-39.97096, -11.2531, -25.25766],
							"uv": {
								"north": {"uv": [0, 123.25], "uv_size": [6.75, 3.75]},
								"east": {"uv": [121.5, 117.75], "uv_size": [5.75, 6.5]},
								"south": {"uv": [0, 121], "uv_size": [7, 7]},
								"west": {"uv": [121.5, 117.75], "uv_size": [5.75, 6.5]},
								"up": {"uv": [115.75, 128], "uv_size": [0.5, 0]},
								"down": {"uv": [127.25, 124.25], "uv_size": [-5.75, -6.5]}
							}
						},
						{
							"origin": [-6.70185, 39.25856, -2.14989],
							"size": [4.7539, 6.13086, 4.37695],
							"pivot": [-5.47064, 34.16254, -1.00618],
							"rotation": [-54.97096, -11.2531, -25.25766],
							"uv": {
								"north": {"uv": [0, 123.25], "uv_size": [6.75, 3.75]},
								"east": {"uv": [121.5, 117.75], "uv_size": [5.75, 6.5]},
								"south": {"uv": [0, 121], "uv_size": [7, 7]},
								"west": {"uv": [121.5, 117.75], "uv_size": [5.75, 6.5]},
								"up": {"uv": [115.75, 128], "uv_size": [0.5, 0]},
								"down": {"uv": [127.25, 124.25], "uv_size": [-5.75, -6.5]}
							}
						}
					]
				},
				{
					"name": "leftOrelha",
					"parent": "head",
					"pivot": [0, 33.35402, 2.23035],
					"cubes": [
						{
							"origin": [0.62305, 28.78859, -1.95812],
							"size": [6.7539, 6.13086, 6.37695],
							"pivot": [0, 33.35402, 2.23035],
							"rotation": [-22.47096, 11.2531, 25.25766],
							"uv": {
								"north": {"uv": [6.75, 123.25], "uv_size": [-6.75, 4.75]},
								"east": {"uv": [127.25, 117.75], "uv_size": [-5.75, 6.5]},
								"south": {"uv": [7, 121], "uv_size": [-7, 7]},
								"west": {"uv": [127.25, 117.75], "uv_size": [-5.75, 6.5]},
								"up": {"uv": [116.25, 128], "uv_size": [-0.5, 0]},
								"down": {"uv": [121.5, 124.25], "uv_size": [5.75, -6.5]}
							}
						},
						{
							"origin": [0.42453, 32.88152, -2.57594],
							"size": [5.7539, 6.13086, 5.37695],
							"pivot": [4.94723, 32.7855, -0.43223],
							"rotation": [-39.97096, 11.2531, 25.25766],
							"uv": {
								"north": {"uv": [6.75, 123.25], "uv_size": [-6.75, 3.75]},
								"east": {"uv": [127.25, 117.75], "uv_size": [-5.75, 6.5]},
								"south": {"uv": [7, 121], "uv_size": [-7, 7]},
								"west": {"uv": [127.25, 117.75], "uv_size": [-5.75, 6.5]},
								"up": {"uv": [116.25, 128], "uv_size": [-0.5, 0]},
								"down": {"uv": [121.5, 124.25], "uv_size": [5.75, -6.5]}
							}
						},
						{
							"origin": [1.94794, 39.25856, -2.14989],
							"size": [4.7539, 6.13086, 4.37695],
							"pivot": [5.47064, 34.16254, -1.00618],
							"rotation": [-54.97096, 11.2531, 25.25766],
							"uv": {
								"north": {"uv": [6.75, 123.25], "uv_size": [-6.75, 3.75]},
								"east": {"uv": [127.25, 117.75], "uv_size": [-5.75, 6.5]},
								"south": {"uv": [7, 121], "uv_size": [-7, 7]},
								"west": {"uv": [127.25, 117.75], "uv_size": [-5.75, 6.5]},
								"up": {"uv": [116.25, 128], "uv_size": [-0.5, 0]},
								"down": {"uv": [121.5, 124.25], "uv_size": [5.75, -6.5]}
							}
						}
					]
				}
			]
		}
	]
}