{
	"format_version": "1.12.0",
	"minecraft:geometry": [
		{
			"description": {
				"identifier": "geometry.oni",
				"texture_width": 128,
				"texture_height": 128,
				"visible_bounds_width": 3,
				"visible_bounds_height": 3.5,
				"visible_bounds_offset": [0, 1.25, 0]
			},
			"bones": [
				{
					"name": "Tudo",
					"pivot": [0, 12.72, 0]
				},
				{
					"name": "Corpo",
					"parent": "Tudo",
					"pivot": [0, 24.60557, 0],
					"cubes": [
						{
							"origin": [-4.10093, 12.30278, -2.05046],
							"size": [8.20186, 12.30278, 4.10093],
							"uv": {
								"north": {"uv": [0, 0], "uv_size": [8.25, 12.25]},
								"east": {"uv": [18, 14], "uv_size": [4, 12.25]},
								"south": {"uv": [9, 0], "uv_size": [8.25, 12.25]},
								"west": {"uv": [0, 21], "uv_size": [4, 12.25]},
								"up": {"uv": [48, 19], "uv_size": [8.25, 4]},
								"down": {"uv": [48, 27], "uv_size": [8.25, -4]}
							}
						}
					],
					"locators": {
						"aura": [0, 19, 0]
					}
				},
				{
					"name": "Roupa",
					"parent": "Corpo",
					"pivot": [0, 21.01726, 0],
					"cubes": [
						{
							"origin": [-4.429, 17.20812, -2.2145],
							"size": [8.858, 7.6435, 4.429],
							"uv": {
								"north": {"uv": [0, 13], "uv_size": [8.75, 7.75]},
								"east": {"uv": [26, 46], "uv_size": [4.5, 7.75]},
								"south": {"uv": [9, 13], "uv_size": [8.75, 7.75]},
								"west": {"uv": [48, 11], "uv_size": [4.5, 7.75]},
								"up": {"uv": [38, 47], "uv_size": [8.75, 4.5]},
								"down": {"uv": [47, 45.5], "uv_size": [8.75, -4.5]}
							}
						}
					]
				},
				{
					"name": "rightBraco",
					"parent": "Corpo",
					"pivot": [-5.12616, 22.5551, 0],
					"cubes": [
						{
							"origin": [-8.20186, 12.30278, -2.05046],
							"size": [4.10093, 12.30278, 4.10093],
							"uv": {
								"north": {"uv": [4, 21], "uv_size": [4, 12.25]},
								"east": {"uv": [8, 21], "uv_size": [4, 12.25]},
								"south": {"uv": [12, 21], "uv_size": [4, 12.25]},
								"west": {"uv": [22, 14], "uv_size": [4, 12.25]},
								"up": {"uv": [12, 34], "uv_size": [4, 4]},
								"down": {"uv": [43, 56], "uv_size": [4, -4]}
							}
						}
					],
					"locators": {
						"righthand": [-6, 12, 0]
					}
				},
				{
					"name": "leftBraco",
					"parent": "Corpo",
					"pivot": [5.12616, 22.5551, 0],
					"cubes": [
						{
							"origin": [4.10093, 12.30278, -2.05046],
							"size": [4.10093, 12.30278, 4.10093],
							"uv": {
								"north": {"uv": [26, 0], "uv_size": [4, 12.25]},
								"east": {"uv": [26, 13], "uv_size": [4, 12.25]},
								"south": {"uv": [26, 26], "uv_size": [4, 12.25]},
								"west": {"uv": [16, 27], "uv_size": [4, 12.25]},
								"up": {"uv": [58, 56], "uv_size": [4, 4]},
								"down": {"uv": [6, 63], "uv_size": [4, -4]}
							}
						}
					],
					"locators": {
						"lefthand": [6, 12, 0]
					}
				},
				{
					"name": "rightPerna",
					"parent": "Corpo",
					"pivot": [-1.94794, 12.30278, 0],
					"cubes": [
						{
							"origin": [-3.9984, 0, -2.05046],
							"size": [4.10093, 12.30278, 4.10093],
							"uv": {
								"north": {"uv": [20, 27], "uv_size": [4, 12.25]},
								"east": {"uv": [30, 0], "uv_size": [4, 12.25]},
								"south": {"uv": [30, 13], "uv_size": [4, 12.25]},
								"west": {"uv": [30, 26], "uv_size": [4, 12.25]},
								"up": {"uv": [10, 59], "uv_size": [4, 4]},
								"down": {"uv": [59, 15], "uv_size": [4, -4]}
							}
						},
						{
							"origin": [-4.72222, 4.41958, -2.77428],
							"size": [5.54856, 3.1126, 5.54856],
							"uv": {
								"north": {"uv": [57, 19], "uv_size": [5.5, 3]},
								"east": {"uv": [57, 22], "uv_size": [5.5, 3]},
								"south": {"uv": [34, 57], "uv_size": [5.5, 3]},
								"west": {"uv": [40, 57], "uv_size": [5.5, 3]},
								"up": {"uv": [31, 48], "uv_size": [5.5, 5.5]},
								"down": {"uv": [50, 40.5], "uv_size": [5.5, -5.5]}
							}
						},
						{
							"origin": [-4.50027, 5.73499, -2.55233],
							"size": [5.10467, 4.58598, 5.10467],
							"uv": {
								"north": {"uv": [53, 51], "uv_size": [5, 4.5]},
								"east": {"uv": [24, 54], "uv_size": [5, 4.5]},
								"south": {"uv": [29, 54], "uv_size": [5, 4.5]},
								"west": {"uv": [56, 27], "uv_size": [5, 4.5]},
								"up": {"uv": [19, 40], "uv_size": [5, 5]},
								"down": {"uv": [52, 5], "uv_size": [5, -5]}
							}
						}
					]
				},
				{
					"name": "leftPerna",
					"parent": "Corpo",
					"pivot": [1.94794, 12.30278, 0],
					"cubes": [
						{
							"origin": [-0.10252, 0, -2.05046],
							"size": [4.10093, 12.30278, 4.10093],
							"uv": {
								"north": {"uv": [0, 34], "uv_size": [4, 12.25]},
								"east": {"uv": [34, 0], "uv_size": [4, 12.25]},
								"south": {"uv": [4, 34], "uv_size": [4, 12.25]},
								"west": {"uv": [8, 34], "uv_size": [4, 12.25]},
								"up": {"uv": [21, 59], "uv_size": [4, 4]},
								"down": {"uv": [25, 63], "uv_size": [4, -4]}
							}
						},
						{
							"origin": [-0.82634, 4.41958, -2.77428],
							"size": [5.54856, 3.1126, 5.54856],
							"uv": {
								"north": {"uv": [46, 57], "uv_size": [5.5, 3]},
								"east": {"uv": [0, 58], "uv_size": [5.5, 3]},
								"south": {"uv": [58, 50], "uv_size": [5.5, 3]},
								"west": {"uv": [58, 53], "uv_size": [5.5, 3]},
								"up": {"uv": [47, 51], "uv_size": [5.5, 5.5]},
								"down": {"uv": [0, 57.5], "uv_size": [5.5, -5.5]}
							}
						},
						{
							"origin": [-0.60439, 5.73499, -2.55233],
							"size": [5.10467, 4.58598, 5.10467],
							"uv": {
								"north": {"uv": [56, 32], "uv_size": [5, 4.5]},
								"east": {"uv": [56, 37], "uv_size": [5, 4.5]},
								"south": {"uv": [56, 42], "uv_size": [5, 4.5]},
								"west": {"uv": [53, 56], "uv_size": [5, 4.5]},
								"up": {"uv": [14, 52], "uv_size": [5, 5]},
								"down": {"uv": [19, 57], "uv_size": [5, -5]}
							}
						}
					]
				},
				{
					"name": "head",
					"parent": "Corpo",
					"pivot": [0, 24.12, 0],
					"cubes": [
						{
							"origin": [-3.52, 24.12, -3.52],
							"size": [7.04, 7.04, 7.04],
							"uv": {
								"north": {"uv": [34, 13], "uv_size": [7, 7]},
								"east": {"uv": [34, 20], "uv_size": [7, 7]},
								"south": {"uv": [34, 27], "uv_size": [7, 7]},
								"west": {"uv": [34, 34], "uv_size": [7, 7]},
								"up": {"uv": [38, 0], "uv_size": [7, 7]},
								"down": {"uv": [24, 46], "uv_size": [7, -7]}
							}
						},
						{
							"origin": [-3.52742, 26.20258, 2.01258],
							"size": [7.05485, 5.87485, 1.97485],
							"uv": {
								"north": {"uv": [45, 0], "uv_size": [7, 5.75]},
								"east": {"uv": [16, 21], "uv_size": [2, 5.75]},
								"south": {"uv": [19, 46], "uv_size": [7, 5.75]},
								"west": {"uv": [24, 27], "uv_size": [2, 5.75]},
								"up": {"uv": [57, 25], "uv_size": [7, 2]},
								"down": {"uv": [14, 62], "uv_size": [7, -2]}
							}
						}
					]
				},
				{
					"name": "Cabelo",
					"parent": "head",
					"pivot": [0.01668, 31.49873, -1.41689],
					"cubes": [
						{
							"origin": [-4.00598, 31.11596, -3.1832],
							"size": [7.98142, 1.33024, 6.345],
							"uv": {
								"north": {"uv": [32, 60], "uv_size": [8, 1.25]},
								"east": {"uv": [61, 17], "uv_size": [6.25, 1.25]},
								"south": {"uv": [40, 60], "uv_size": [8, 1.25]},
								"west": {"uv": [61, 27], "uv_size": [6.25, 1.25]},
								"up": {"uv": [18, 0], "uv_size": [8, 6.25]},
								"down": {"uv": [18, 13.25], "uv_size": [8, -6.25]}
							}
						},
						{
							"origin": [-3.03589, 32.10931, -3.21493],
							"size": [4.04123, 1.34354, 6.40845],
							"pivot": [0.98472, 32.78108, -0.0107],
							"rotation": [-0.10422, -0.2043, -9.99455],
							"uv": {
								"north": {"uv": [12, 38], "uv_size": [4, 1.25]},
								"east": {"uv": [58, 60], "uv_size": [6.5, 1.25]},
								"south": {"uv": [48, 60], "uv_size": [4, 1.25]},
								"west": {"uv": [61, 15], "uv_size": [6.5, 1.25]},
								"up": {"uv": [6, 52], "uv_size": [4, 6.5]},
								"down": {"uv": [10, 58.5], "uv_size": [4, -6.5]}
							}
						},
						{
							"origin": [1.0324, 31.98334, -2.57943],
							"size": [2.43298, 1.07483, 5.12676],
							"pivot": [2.24889, 32.52075, -0.01605],
							"rotation": [-0.10422, 0.2043, 9.99455],
							"uv": {
								"north": {"uv": [31, 39], "uv_size": [2.5, 1]},
								"east": {"uv": [0, 61], "uv_size": [5.25, 1]},
								"south": {"uv": [31, 40], "uv_size": [2.5, 1]},
								"west": {"uv": [61, 29], "uv_size": [5.25, 1]},
								"up": {"uv": [38, 7], "uv_size": [2.5, 5.25]},
								"down": {"uv": [29, 64.25], "uv_size": [2.5, -5.25]}
							}
						},
						{
							"origin": [-4.37856, 27.5985, -1.96987],
							"size": [8.85439, 4.3392, 5.42642],
							"uv": {
								"north": {"uv": [47, 46], "uv_size": [8.75, 4.25]},
								"east": {"uv": [37, 52], "uv_size": [5.5, 4.25]},
								"south": {"uv": [48, 6], "uv_size": [8.75, 4.25]},
								"west": {"uv": [53, 11], "uv_size": [5.5, 4.25]},
								"up": {"uv": [41, 35], "uv_size": [8.75, 5.5]},
								"down": {"uv": [38, 46.5], "uv_size": [8.75, -5.5]}
							}
						},
						{
							"origin": [-3.98896, 26.78943, -1.7311],
							"size": [8.0752, 3.95735, 4.94889],
							"uv": {
								"north": {"uv": [48, 27], "uv_size": [8, 4]},
								"east": {"uv": [57, 0], "uv_size": [5, 4]},
								"south": {"uv": [48, 31], "uv_size": [8, 4]},
								"west": {"uv": [57, 4], "uv_size": [5, 4]},
								"up": {"uv": [0, 47], "uv_size": [8, 5]},
								"down": {"uv": [8, 52], "uv_size": [8, -5]}
							}
						}
					]
				},
				{
					"name": "Face",
					"parent": "head",
					"pivot": [0, 27.64, -2.6],
					"cubes": [
						{
							"origin": [-3.52, 24.12, -2.6],
							"size": [7.04, 7.04, 0],
							"uv": {
								"north": {"uv": [12, 40], "uv_size": [7, 7]},
								"east": {"uv": [0, 0], "uv_size": [0, 7]},
								"south": {"uv": [41, 7], "uv_size": [7, 7]},
								"west": {"uv": [0, 0], "uv_size": [0, 7]},
								"up": {"uv": [0, 0], "uv_size": [7, 0]},
								"down": {"uv": [0, 0], "uv_size": [7, 0]}
							}
						}
					]
				},
				{
					"name": "Face2",
					"parent": "head",
					"pivot": [0, 27.64, -2.6],
					"cubes": [
						{
							"origin": [-3.52, 24.12, -2.6],
							"size": [7.04, 7.04, 0],
							"uv": {
								"north": {"uv": [41, 14], "uv_size": [7, 7]},
								"east": {"uv": [0, 0], "uv_size": [0, 7]},
								"south": {"uv": [41, 21], "uv_size": [7, 7]},
								"west": {"uv": [0, 0], "uv_size": [0, 7]},
								"up": {"uv": [0, 0], "uv_size": [7, 0]},
								"down": {"uv": [0, 0], "uv_size": [7, 0]}
							}
						}
					]
				},
				{
					"name": "Face3",
					"parent": "head",
					"pivot": [0, 27.64, -2.6],
					"cubes": [
						{
							"origin": [-3.52, 24.12, -2.6],
							"size": [7.04, 7.04, 0],
							"uv": {
								"north": {"uv": [41, 28], "uv_size": [7, 7]},
								"east": {"uv": [0, 0], "uv_size": [0, 7]},
								"south": {"uv": [31, 41], "uv_size": [7, 7]},
								"west": {"uv": [0, 0], "uv_size": [0, 7]},
								"up": {"uv": [0, 0], "uv_size": [7, 0]},
								"down": {"uv": [0, 0], "uv_size": [7, 0]}
							}
						}
					]
				}
			]
		}
	]
}