{
	"format_version": "1.12.0",
	"minecraft:geometry": [
		{
			"description": {
				"identifier": "geometry.rengoku",
				"texture_width": 128,
				"texture_height": 128,
				"visible_bounds_width": 4,
				"visible_bounds_height": 3.5,
				"visible_bounds_offset": [0, 1.25, 0]
			},
			"bones": [
				{
					"name": "Tudo",
					"pivot": [0, 12.72, 0]
				},
				{
					"name": "Respira",
					"parent": "Tudo",
					"pivot": [3, 18, -32],
					"locators": {
						"efeito": [3, 18, -32]
					}
				},
				{
					"name": "Corpo",
					"parent": "Tudo",
					"pivot": [0, 24.60557, 0],
					"cubes": [
						{
							"origin": [-4.10093, 12.30278, -2.05046],
							"size": [8.20186, 12.30278, 4.10093],
							"uv": {
								"north": {"uv": [0, 22], "uv_size": [8.25, 12.25]},
								"east": {"uv": [0, 35], "uv_size": [4, 12.25]},
								"south": {"uv": [9, 22], "uv_size": [8.25, 12.25]},
								"west": {"uv": [4, 35], "uv_size": [4, 12.25]},
								"up": {"uv": [33, 57], "uv_size": [8.25, 4]},
								"down": {"uv": [12, 62], "uv_size": [8.25, -4]}
							}
						}
					]
				},
				{
					"name": "Bainha",
					"parent": "Corpo",
					"pivot": [4.5757, 13.90858, -0.62122],
					"rotation": [-162.02192, -11.74642, 175.77166],
					"cubes": [
						{
							"origin": [4.41467, 12.61859, -24.93114],
							"size": [0.69898, 1.58187, 30.86435],
							"uv": {
								"north": {"uv": [20, 62], "uv_size": [0.75, 1.5]},
								"east": {"uv": [48, 20], "uv_size": [30.75, 1.5]},
								"south": {"uv": [64, 62], "uv_size": [0.75, 1.5]},
								"west": {"uv": [48, 22], "uv_size": [30.75, 1.5]},
								"up": {"uv": [42, 56], "uv_size": [0.75, 30.75]},
								"down": {"uv": [43, 86.75], "uv_size": [0.75, -30.75]}
							}
						},
						{
							"origin": [4.40069, 12.58695, -25.46843],
							"size": [0.72694, 1.64515, 0.93892],
							"uv": {
								"north": {"uv": [52, 54], "uv_size": [0.75, 1.75]},
								"east": {"uv": [41, 20], "uv_size": [1, 1.75]},
								"south": {"uv": [61, 40], "uv_size": [0.75, 1.75]},
								"west": {"uv": [42, 20], "uv_size": [1, 1.75]},
								"up": {"uv": [69, 61], "uv_size": [0.75, 1]},
								"down": {"uv": [69, 63], "uv_size": [0.75, -1]}
							}
						}
					]
				},
				{
					"name": "rightBraco",
					"parent": "Corpo",
					"pivot": [-5.12616, 22.5551, 0],
					"cubes": [
						{
							"origin": [-8.20186, 12.30278, -2.05046],
							"size": [4.10093, 12.30278, 4.10093],
							"uv": {
								"north": {"uv": [8, 35], "uv_size": [4, 12.25]},
								"east": {"uv": [12, 35], "uv_size": [4, 12.25]},
								"south": {"uv": [36, 0], "uv_size": [4, 12.25]},
								"west": {"uv": [26, 38], "uv_size": [4, 12.25]},
								"up": {"uv": [44, 65], "uv_size": [4, 4]},
								"down": {"uv": [65, 56], "uv_size": [4, -4]}
							}
						}
					]
				},
				{
					"name": "rightKatana",
					"parent": "rightBraco",
					"pivot": [-6, 12.57843, 1.96886],
					"rotation": [0.10901, -0.00238, -0.00238],
					"cubes": [
						{
							"origin": [-6.31204, 11.79601, -3.25099],
							"size": [0.62409, 1.41238, 8.8046],
							"uv": {
								"north": {"uv": [69, 63], "uv_size": [0.5, 1.5]},
								"east": {"uv": [61, 15], "uv_size": [8.75, 1.5]},
								"south": {"uv": [69, 65], "uv_size": [0.5, 1.5]},
								"west": {"uv": [67, 30], "uv_size": [8.75, 1.5]},
								"up": {"uv": [43, 13], "uv_size": [0.5, 8.75]},
								"down": {"uv": [29, 77.75], "uv_size": [0.5, -8.75]}
							}
						},
						{
							"origin": [-7.84915, 11.24598, -3.14851],
							"size": [3.6983, 3.54746, 0],
							"uv": {
								"north": {"uv": [16, 40], "uv_size": [1.75, 2.5]},
								"east": {"uv": [41, 51], "uv_size": [0.75, 2.5]},
								"south": {"uv": [44, 26], "uv_size": [1.75, 2.5]},
								"west": {"uv": [41, 54], "uv_size": [0.75, 2.5]},
								"up": {"uv": [16, 43], "uv_size": [1.75, 0.75]},
								"down": {"uv": [44, 29.75], "uv_size": [1.75, -0.75]}
							}
						},
						{
							"origin": [-6.164, 12.43771, -31.84389],
							"size": [0.328, 0.738, 28.6168],
							"uv": {
								"north": {"uv": [6, 70], "uv_size": [0.25, 0.75]},
								"east": {"uv": [55, 19], "uv_size": [28.5, 0.75]},
								"south": {"uv": [7, 70], "uv_size": [0.25, 0.75]},
								"west": {"uv": [61, 14], "uv_size": [28.5, 0.75]},
								"up": {"uv": [62, 68], "uv_size": [0.25, 28.5]},
								"down": {"uv": [63, 96.5], "uv_size": [0.25, -28.5]}
							}
						},
						{
							"origin": [-6.1148, 11.81041, -31.19937],
							"size": [0.2296, 1.3366, 28.14776],
							"uv": {
								"north": {"uv": [2, 70], "uv_size": [0.25, 1.25]},
								"east": {"uv": [55, 17], "uv_size": [28.25, 1.25]},
								"south": {"uv": [3, 70], "uv_size": [0.25, 1.25]},
								"west": {"uv": [52, 56], "uv_size": [28.25, 1.25]},
								"up": {"uv": [64, 68], "uv_size": [0.25, 28.25]},
								"down": {"uv": [28, 97.25], "uv_size": [0.25, -28.25]}
							}
						},
						{
							"origin": [-6.1148, 11.99901, -32.01937],
							"size": [0.2296, 1.148, 0.82],
							"uv": {
								"north": {"uv": [4, 70], "uv_size": [0.25, 1.25]},
								"east": {"uv": [67, 38], "uv_size": [0.75, 1.25]},
								"south": {"uv": [5, 70], "uv_size": [0.25, 1.25]},
								"west": {"uv": [68, 38], "uv_size": [0.75, 1.25]},
								"up": {"uv": [12, 70], "uv_size": [0.25, 0.75]},
								"down": {"uv": [13, 70.75], "uv_size": [0.25, -0.75]}
							}
						},
						{
							"origin": [-6.1148, 12.48581, -32.89722],
							"size": [0.2296, 0.738, 1.64],
							"pivot": [-6, 12.85481, -32.48722],
							"rotation": [-10, 0, 0],
							"uv": {
								"north": {"uv": [14, 70], "uv_size": [0.25, 0.75]},
								"east": {"uv": [10, 61], "uv_size": [1.75, 0.75]},
								"south": {"uv": [15, 70], "uv_size": [0.25, 0.75]},
								"west": {"uv": [62, 40], "uv_size": [1.75, 0.75]},
								"up": {"uv": [69, 67], "uv_size": [0.25, 1.75]},
								"down": {"uv": [69, 70.75], "uv_size": [0.25, -1.75]}
							}
						},
						{
							"origin": [-6.09414, 12.10971, -32.36869],
							"size": [0.18827, 0.60516, 0.6724],
							"uv": {
								"north": {"uv": [70, 16], "uv_size": [0.25, 0.5]},
								"east": {"uv": [0, 70], "uv_size": [0.75, 0.5]},
								"south": {"uv": [17, 70], "uv_size": [0.25, 0.5]},
								"west": {"uv": [1, 70], "uv_size": [0.75, 0.5]},
								"up": {"uv": [70, 15], "uv_size": [0.25, 0.75]},
								"down": {"uv": [16, 70.75], "uv_size": [0.25, -0.75]}
							}
						}
					],
					"locators": {
						"respi": [-6, 11, -29]
					}
				},
				{
					"name": "leftBraco",
					"parent": "Corpo",
					"pivot": [5.12616, 22.5551, 0],
					"cubes": [
						{
							"origin": [4.10093, 12.30278, -2.05046],
							"size": [4.10093, 12.30278, 4.10093],
							"uv": {
								"north": {"uv": [30, 38], "uv_size": [4, 12.25]},
								"east": {"uv": [34, 38], "uv_size": [4, 12.25]},
								"south": {"uv": [38, 38], "uv_size": [4, 12.25]},
								"west": {"uv": [40, 0], "uv_size": [4, 12.25]},
								"up": {"uv": [65, 62], "uv_size": [4, 4]},
								"down": {"uv": [0, 70], "uv_size": [4, -4]}
							}
						}
					]
				},
				{
					"name": "rightPerna",
					"parent": "Corpo",
					"pivot": [-1.94794, 12.30278, 0],
					"cubes": [
						{
							"origin": [-3.9984, 0, -2.05046],
							"size": [4.10093, 12.30278, 4.10093],
							"uv": {
								"north": {"uv": [42, 30], "uv_size": [4, 12.25]},
								"east": {"uv": [42, 43], "uv_size": [4, 12.25]},
								"south": {"uv": [44, 0], "uv_size": [4, 12.25]},
								"west": {"uv": [44, 13], "uv_size": [4, 12.25]},
								"up": {"uv": [4, 66], "uv_size": [4, 4]},
								"down": {"uv": [65, 70], "uv_size": [4, -4]}
							}
						},
						{
							"origin": [-4.72222, 3.41958, -2.77428],
							"size": [5.54856, 4.1126, 5.54856],
							"uv": {
								"north": {"uv": [59, 52], "uv_size": [5.5, 4]},
								"east": {"uv": [61, 10], "uv_size": [5.5, 4]},
								"south": {"uv": [61, 24], "uv_size": [5.5, 4]},
								"west": {"uv": [61, 28], "uv_size": [5.5, 4]},
								"up": {"uv": [21, 58], "uv_size": [5.5, 5.5]},
								"down": {"uv": [27, 63.5], "uv_size": [5.5, -5.5]}
							}
						},
						{
							"origin": [-4.50027, 6.73499, -2.55233],
							"size": [5.10467, 3.58598, 5.10467],
							"uv": {
								"north": {"uv": [62, 6], "uv_size": [5, 3.5]},
								"east": {"uv": [64, 40], "uv_size": [5, 3.5]},
								"south": {"uv": [64, 44], "uv_size": [5, 3.5]},
								"west": {"uv": [64, 48], "uv_size": [5, 3.5]},
								"up": {"uv": [59, 42], "uv_size": [5, 5]},
								"down": {"uv": [59, 52], "uv_size": [5, -5]}
							}
						},
						{
							"origin": [-4.10093, -0.10252, -2.17349],
							"size": [4.34698, 0.6656, 4.34698],
							"uv": {
								"north": {"uv": [36, 20], "uv_size": [4.25, 0.75]},
								"east": {"uv": [36, 21], "uv_size": [4.25, 0.75]},
								"south": {"uv": [48, 24], "uv_size": [4.25, 0.75]},
								"west": {"uv": [48, 25], "uv_size": [4.25, 0.75]},
								"up": {"uv": [10, 62], "uv_size": [4.25, 4.25]},
								"down": {"uv": [15, 66.25], "uv_size": [4.25, -4.25]}
							}
						}
					]
				},
				{
					"name": "leftPerna",
					"parent": "Corpo",
					"pivot": [1.94794, 12.30278, 0],
					"cubes": [
						{
							"origin": [-0.10253, 0, -2.05046],
							"size": [4.10093, 12.30278, 4.10093],
							"uv": {
								"north": {"uv": [46, 30], "uv_size": [-4, 12.25]},
								"east": {"uv": [48, 13], "uv_size": [-4, 12.25]},
								"south": {"uv": [48, 0], "uv_size": [-4, 12.25]},
								"west": {"uv": [46, 43], "uv_size": [-4, 12.25]},
								"up": {"uv": [8, 66], "uv_size": [-4, 4]},
								"down": {"uv": [69, 70], "uv_size": [-4, -4]}
							}
						},
						{
							"origin": [-0.82634, 3.41958, -2.77428],
							"size": [5.54856, 4.1126, 5.54856],
							"uv": {
								"north": {"uv": [64.5, 52], "uv_size": [-5.5, 4]},
								"east": {"uv": [66.5, 28], "uv_size": [-5.5, 4]},
								"south": {"uv": [66.5, 24], "uv_size": [-5.5, 4]},
								"west": {"uv": [66.5, 10], "uv_size": [-5.5, 4]},
								"up": {"uv": [26.5, 58], "uv_size": [-5.5, 5.5]},
								"down": {"uv": [32.5, 63.5], "uv_size": [-5.5, -5.5]}
							}
						},
						{
							"origin": [-0.6044, 6.73499, -2.55233],
							"size": [5.10467, 3.58598, 5.10467],
							"uv": {
								"north": {"uv": [67, 6], "uv_size": [-5, 3.5]},
								"east": {"uv": [69, 48], "uv_size": [-5, 3.5]},
								"south": {"uv": [69, 44], "uv_size": [-5, 3.5]},
								"west": {"uv": [69, 40], "uv_size": [-5, 3.5]},
								"up": {"uv": [64, 42], "uv_size": [-5, 5]},
								"down": {"uv": [64, 52], "uv_size": [-5, -5]}
							}
						},
						{
							"origin": [-0.24605, -0.10252, -2.17349],
							"size": [4.34698, 0.6656, 4.34698],
							"uv": {
								"north": {"uv": [40.25, 20], "uv_size": [-4.25, 0.75]},
								"east": {"uv": [52.25, 25], "uv_size": [-4.25, 0.75]},
								"south": {"uv": [52.25, 24], "uv_size": [-4.25, 0.75]},
								"west": {"uv": [40.25, 21], "uv_size": [-4.25, 0.75]},
								"up": {"uv": [14.25, 62], "uv_size": [-4.25, 4.25]},
								"down": {"uv": [19.25, 66.25], "uv_size": [-4.25, -4.25]}
							}
						}
					]
				},
				{
					"name": "head",
					"parent": "Corpo",
					"pivot": [0, 24.12, 0],
					"cubes": [
						{
							"origin": [-3.52, 24.12, -3.52],
							"size": [7.04, 7.04, 7.04],
							"uv": {
								"north": {"uv": [36, 13], "uv_size": [7, 7]},
								"east": {"uv": [16, 44], "uv_size": [7, 7]},
								"south": {"uv": [46, 26], "uv_size": [7, 7]},
								"west": {"uv": [46, 33], "uv_size": [7, 7]},
								"up": {"uv": [46, 40], "uv_size": [7, 7]},
								"down": {"uv": [46, 54], "uv_size": [7, -7]}
							}
						}
					]
				},
				{
					"name": "Hair",
					"parent": "head",
					"pivot": [0, 29.14, 0.5],
					"cubes": [
						{
							"origin": [-3.57783, 28.65722, -3.30948],
							"size": [7.15565, 4.96555, 6.82895],
							"uv": {
								"north": {"uv": [33, 51], "uv_size": [7.5, 5.75]},
								"east": {"uv": [53, 30], "uv_size": [7.25, 5.75]},
								"south": {"uv": [53, 24], "uv_size": [7.5, 5.75]},
								"west": {"uv": [53, 36], "uv_size": [7.25, 5.75]},
								"up": {"uv": [26, 30], "uv_size": [7.5, 7.25]},
								"down": {"uv": [34, 37.25], "uv_size": [7.5, -7.25]}
							}
						},
						{
							"origin": [-4.57783, 25.65722, -2.30948],
							"size": [9.15565, 6.96555, 7.82895],
							"uv": {
								"north": {"uv": [33, 51], "uv_size": [7.5, 5.75]},
								"east": {"uv": [53, 30], "uv_size": [7.25, 5.75]},
								"south": {"uv": [53, 24], "uv_size": [7.5, 5.75]},
								"west": {"uv": [53, 36], "uv_size": [7.25, 5.75]},
								"up": {"uv": [26, 30], "uv_size": [7.5, 7.25]},
								"down": {"uv": [34, 37.25], "uv_size": [7.5, -7.25]}
							}
						},
						{
							"origin": [-1.78333, 28.26167, 5.64833],
							"size": [3.56666, 2.75666, 1.29666],
							"uv": {
								"north": {"uv": [20, 69], "uv_size": [3.5, 2.75]},
								"east": {"uv": [52, 10], "uv_size": [2.25, 2.75]},
								"south": {"uv": [24, 69], "uv_size": [3.5, 2.75]},
								"west": {"uv": [36, 65], "uv_size": [2.25, 2.75]},
								"up": {"uv": [69, 38], "uv_size": [3.5, 2.25]},
								"down": {"uv": [69, 43.25], "uv_size": [3.5, -2.25]}
							}
						},
						{
							"origin": [1.78333, 28.26167, 6.94498],
							"size": [0, 2.75666, 2.29666],
							"pivot": [1.78333, 29.64, 7.09331],
							"rotation": [0, -35, 0],
							"uv": {
								"north": {"uv": [0, 0], "uv_size": [0, 2.75]},
								"east": {"uv": [44, 69], "uv_size": [2.25, 2.75]},
								"south": {"uv": [0, 0], "uv_size": [0, 2.75]},
								"west": {"uv": [69, 44], "uv_size": [2.25, 2.75]},
								"up": {"uv": [0, 0], "uv_size": [0, 2.25]},
								"down": {"uv": [0, 2.25], "uv_size": [0, -2.25]}
							}
						},
						{
							"origin": [-1.78333, 28.26167, 6.94498],
							"size": [0, 2.75666, 2.29666],
							"pivot": [-1.78333, 29.64, 7.09331],
							"rotation": [0, 35, 0],
							"uv": {
								"north": {"uv": [0, 0], "uv_size": [0, 2.75]},
								"east": {"uv": [71.25, 44], "uv_size": [-2.25, 2.75]},
								"south": {"uv": [0, 0], "uv_size": [0, 2.75]},
								"west": {"uv": [46.25, 69], "uv_size": [-2.25, 2.75]},
								"up": {"uv": [0, 0], "uv_size": [0, 2.25]},
								"down": {"uv": [0, 2.25], "uv_size": [0, -2.25]}
							}
						},
						{
							"origin": [-4.78333, 21.50502, 2.35167],
							"size": [9.56666, 4.75666, 2.29666],
							"uv": {
								"north": {"uv": [52, 0], "uv_size": [9.5, 4.75]},
								"east": {"uv": [48, 68], "uv_size": [2.25, 4.75]},
								"south": {"uv": [52, 5], "uv_size": [9.5, 4.75]},
								"west": {"uv": [51, 68], "uv_size": [2.25, 4.75]},
								"up": {"uv": [62, 0], "uv_size": [9.5, 2.25]},
								"down": {"uv": [62, 5.25], "uv_size": [9.5, -2.25]}
							}
						},
						{
							"origin": [-5.52, 31.12, -3.52],
							"size": [5.04, 4.04, 0],
							"pivot": [-1, 33.14, -3.52],
							"rotation": [0, 2.5, 0],
							"uv": {
								"north": {"uv": [12, 48], "uv_size": [4, 3]},
								"east": {"uv": [0, 0], "uv_size": [0, 3]},
								"south": {"uv": [67, 32], "uv_size": [4, 3]},
								"west": {"uv": [0, 0], "uv_size": [0, 3]},
								"up": {"uv": [0, 0], "uv_size": [4, 0]},
								"down": {"uv": [0, 0], "uv_size": [4, 0]}
							}
						},
						{
							"origin": [-5.21529, 26.02523, -2.44526],
							"size": [2.04, 5.04, 0],
							"pivot": [-4.19529, 28.54523, -2.44526],
							"rotation": [-5, 27.5, 0],
							"uv": {
								"north": {"uv": [16, 35], "uv_size": [2, 5]},
								"east": {"uv": [0, 0], "uv_size": [0, 5]},
								"south": {"uv": [44, 56], "uv_size": [2, 5]},
								"west": {"uv": [0, 0], "uv_size": [0, 5]},
								"up": {"uv": [0, 0], "uv_size": [2, 0]},
								"down": {"uv": [0, 0], "uv_size": [2, 0]}
							}
						},
						{
							"origin": [-6.21529, 23.02523, -2.44526],
							"size": [2.04, 5.04, 0],
							"pivot": [-4.19529, 28.54523, -2.44526],
							"rotation": [42.97926, 69.15422, 51.08837],
							"uv": {
								"north": {"uv": [16, 35], "uv_size": [2, 5]},
								"east": {"uv": [0, 0], "uv_size": [0, 5]},
								"south": {"uv": [44, 56], "uv_size": [2, 5]},
								"west": {"uv": [0, 0], "uv_size": [0, 5]},
								"up": {"uv": [0, 0], "uv_size": [2, 0]},
								"down": {"uv": [0, 0], "uv_size": [2, 0]}
							}
						},
						{
							"origin": [4.17529, 23.02523, -2.44526],
							"size": [2.04, 5.04, 0],
							"pivot": [4.19529, 28.54523, -2.44526],
							"rotation": [42.97926, -69.15422, -51.08837],
							"uv": {
								"north": {"uv": [18, 35], "uv_size": [-2, 5]},
								"east": {"uv": [0, 0], "uv_size": [0, 5]},
								"south": {"uv": [46, 56], "uv_size": [-2, 5]},
								"west": {"uv": [0, 0], "uv_size": [0, 5]},
								"up": {"uv": [2, 0], "uv_size": [-2, 0]},
								"down": {"uv": [2, 0], "uv_size": [-2, 0]}
							}
						},
						{
							"origin": [-4.04849, 23.00971, -1.54553],
							"size": [2.04, 5.04, 0],
							"pivot": [-4.58228, 27.45101, -1.5891],
							"rotation": [67.02786, -63.90083, -46.28769],
							"uv": {
								"north": {"uv": [46, 56], "uv_size": [-2, 5]},
								"east": {"uv": [0, 0], "uv_size": [0, 5]},
								"south": {"uv": [18, 35], "uv_size": [-2, 5]},
								"west": {"uv": [0, 0], "uv_size": [0, 5]},
								"up": {"uv": [0, 0], "uv_size": [2, 0]},
								"down": {"uv": [0, 0], "uv_size": [2, 0]}
							}
						},
						{
							"origin": [-6.28898, 21.49133, 2.70509],
							"size": [2.04, 5.04, 0],
							"pivot": [-5.26898, 24.01133, 2.70509],
							"rotation": [99.33516, -65.76539, -81.77568],
							"uv": {
								"north": {"uv": [46, 56], "uv_size": [-2, 5]},
								"east": {"uv": [0, 0], "uv_size": [0, 5]},
								"south": {"uv": [18, 35], "uv_size": [-2, 5]},
								"west": {"uv": [0, 0], "uv_size": [0, 5]},
								"up": {"uv": [0, 0], "uv_size": [2, 0]},
								"down": {"uv": [0, 0], "uv_size": [2, 0]}
							}
						},
						{
							"origin": [4.24898, 21.49133, 2.70509],
							"size": [2.04, 5.04, 0],
							"pivot": [5.26898, 24.01133, 2.70509],
							"rotation": [99.33516, 65.76539, 81.77568],
							"uv": {
								"north": {"uv": [44, 56], "uv_size": [2, 5]},
								"east": {"uv": [0, 0], "uv_size": [0, 5]},
								"south": {"uv": [16, 35], "uv_size": [2, 5]},
								"west": {"uv": [0, 0], "uv_size": [0, 5]},
								"up": {"uv": [2, 0], "uv_size": [-2, 0]},
								"down": {"uv": [2, 0], "uv_size": [-2, 0]}
							}
						},
						{
							"origin": [2.00849, 23.00971, -1.54553],
							"size": [2.04, 5.04, 0],
							"pivot": [4.58228, 27.45101, -1.5891],
							"rotation": [67.02786, 63.90083, 46.28769],
							"uv": {
								"north": {"uv": [44, 56], "uv_size": [2, 5]},
								"east": {"uv": [0, 0], "uv_size": [0, 5]},
								"south": {"uv": [16, 35], "uv_size": [2, 5]},
								"west": {"uv": [0, 0], "uv_size": [0, 5]},
								"up": {"uv": [2, 0], "uv_size": [-2, 0]},
								"down": {"uv": [2, 0], "uv_size": [-2, 0]}
							}
						},
						{
							"origin": [3.82876, 26.12, -2.94526],
							"size": [2.04, 5.04, 0],
							"pivot": [3.84876, 26.64, -3.94526],
							"rotation": [-5, -27.5, 0],
							"uv": {
								"north": {"uv": [18, 67], "uv_size": [2, 5]},
								"east": {"uv": [0, 0], "uv_size": [0, 5]},
								"south": {"uv": [40, 68], "uv_size": [2, 5]},
								"west": {"uv": [0, 0], "uv_size": [0, 5]},
								"up": {"uv": [0, 0], "uv_size": [2, 0]},
								"down": {"uv": [0, 0], "uv_size": [2, 0]}
							}
						},
						{
							"origin": [3.54109, 22.94432, -2.76958],
							"size": [2.04, 5.04, 0],
							"pivot": [3.13583, 27.86113, -3.49671],
							"rotation": [-7.16655, -29.21389, -11.20024],
							"uv": {
								"north": {"uv": [54, 68], "uv_size": [2, 5]},
								"east": {"uv": [0, 0], "uv_size": [0, 5]},
								"south": {"uv": [56, 68], "uv_size": [2, 5]},
								"west": {"uv": [0, 0], "uv_size": [0, 5]},
								"up": {"uv": [0, 0], "uv_size": [2, 0]},
								"down": {"uv": [0, 0], "uv_size": [2, 0]}
							}
						},
						{
							"origin": [-5.58109, 22.94432, -2.76958],
							"size": [2.04, 5.04, 0],
							"pivot": [-3.13583, 27.86113, -3.49671],
							"rotation": [-7.16655, 29.21389, 11.20024],
							"uv": {
								"north": {"uv": [58, 68], "uv_size": [2, 5]},
								"east": {"uv": [0, 0], "uv_size": [0, 5]},
								"south": {"uv": [60, 68], "uv_size": [2, 5]},
								"west": {"uv": [0, 0], "uv_size": [0, 5]},
								"up": {"uv": [0, 0], "uv_size": [2, 0]},
								"down": {"uv": [0, 0], "uv_size": [2, 0]}
							}
						},
						{
							"origin": [0.48, 31.12, -3.52],
							"size": [5.04, 4.04, 0],
							"pivot": [1, 33.14, -3.52],
							"rotation": [0, -2.5, 0],
							"uv": {
								"north": {"uv": [67, 35], "uv_size": [4, 3]},
								"east": {"uv": [0, 0], "uv_size": [0, 3]},
								"south": {"uv": [36, 68], "uv_size": [4, 3]},
								"west": {"uv": [0, 0], "uv_size": [0, 3]},
								"up": {"uv": [0, 0], "uv_size": [4, 0]},
								"down": {"uv": [0, 0], "uv_size": [4, 0]}
							}
						}
					]
				},
				{
					"name": "Face",
					"parent": "head",
					"pivot": [0, 27.64, -2.6],
					"cubes": [
						{
							"origin": [-3.52, 24.12, -2.6],
							"size": [7.04, 7.04, 0],
							"uv": {
								"north": {"uv": [19, 51], "uv_size": [7, 7]},
								"east": {"uv": [0, 0], "uv_size": [0, 7]},
								"south": {"uv": [26, 51], "uv_size": [-7, 7]},
								"west": {"uv": [0, 0], "uv_size": [0, 7]},
								"up": {"uv": [0, 0], "uv_size": [7, 0]},
								"down": {"uv": [0, 0], "uv_size": [7, 0]}
							}
						}
					]
				},
				{
					"name": "Face2",
					"parent": "head",
					"pivot": [0, 27.64, -2.6],
					"cubes": [
						{
							"origin": [-3.52, 24.12, -2.6],
							"size": [7.04, 7.04, 0],
							"uv": {
								"north": {"uv": [26, 51], "uv_size": [7, 7]},
								"east": {"uv": [0, 0], "uv_size": [0, 7]},
								"south": {"uv": [33, 51], "uv_size": [-7, 7]},
								"west": {"uv": [0, 0], "uv_size": [0, 7]},
								"up": {"uv": [0, 0], "uv_size": [7, 0]},
								"down": {"uv": [0, 0], "uv_size": [7, 0]}
							}
						}
					]
				},
				{
					"name": "Face3",
					"parent": "head",
					"pivot": [0, 27.64, -2.6],
					"cubes": [
						{
							"origin": [-3.52, 24.12, -2.6],
							"size": [7.04, 7.04, 0],
							"uv": {
								"north": {"uv": [12, 51], "uv_size": [7, 7]},
								"east": {"uv": [0, 0], "uv_size": [0, 7]},
								"south": {"uv": [19, 51], "uv_size": [-7, 7]},
								"west": {"uv": [0, 0], "uv_size": [0, 7]},
								"up": {"uv": [0, 0], "uv_size": [7, 0]},
								"down": {"uv": [0, 0], "uv_size": [7, 0]}
							}
						}
					]
				},
				{
					"name": "Capa",
					"parent": "Corpo",
					"pivot": [0, 25.02307, 1.97875],
					"cubes": [
						{
							"origin": [-8.90552, 3.05267, -2.68815],
							"size": [17.81103, 21.9408, 6.3338],
							"uv": {
								"north": {"uv": [0, 0], "uv_size": [17.75, 22]},
								"east": {"uv": [18, 22], "uv_size": [3.25, 22]},
								"south": {"uv": [18, 0], "uv_size": [17.75, 22]},
								"west": {"uv": [22, 22], "uv_size": [3.25, 22]},
								"up": {"uv": [26, 22], "uv_size": [17.75, 3.25]},
								"down": {"uv": [26, 29.25], "uv_size": [17.75, -3.25]}
							}
						}
					]
				}
			]
		}
	]
}