{
	"format_version": "1.12.0",
	"minecraft:geometry": [
		{
			"description": {
				"identifier": "geometry.saitamarocks",
				"texture_width": 256,
				"texture_height": 256,
				"visible_bounds_width": 29,
				"visible_bounds_height": 34,
				"visible_bounds_offset": [0, -14, 0]
			},
			"bones": [
				{
					"name": "Pedras",
					"pivot": [0, -321, 0]
				},
				{
					"name": "Pedra",
					"parent": "Pedras",
					"pivot": [0, -363.5, 199],
					"rotation": [57.5, 0, 0],
					"cubes": [
						{
							"origin": [-14, -368, 182],
							"size": [28, 9, 34],
							"uv": {
								"north": {"uv": [0, 145], "uv_size": [28, 9]},
								"east": {"uv": [0, 136], "uv_size": [34, 9]},
								"south": {"uv": [28, 145], "uv_size": [28, 9]},
								"west": {"uv": [34, 136], "uv_size": [34, 9]},
								"up": {"uv": [0, 0], "uv_size": [28, 34]},
								"down": {"uv": [28, 34], "uv_size": [28, -34]}
							}
						}
					]
				},
				{
					"name": "Pedra2",
					"parent": "Pedras",
					"pivot": [76, -176.5, 164],
					"rotation": [-49.73231, 7.42517, 18.70713],
					"cubes": [
						{
							"origin": [62, -181, 147],
							"size": [28, 9, 34],
							"uv": {
								"north": {"uv": [56, 145], "uv_size": [28, 9]},
								"east": {"uv": [68, 136], "uv_size": [34, 9]},
								"south": {"uv": [84, 145], "uv_size": [28, 9]},
								"west": {"uv": [102, 136], "uv_size": [34, 9]},
								"up": {"uv": [0, 34], "uv_size": [28, 34]},
								"down": {"uv": [28, 68], "uv_size": [28, -34]}
							}
						}
					]
				},
				{
					"name": "Pedra3",
					"parent": "Pedras",
					"pivot": [-124.61069, -204.34616, 111.22638],
					"cubes": [
						{
							"origin": [72, -155, 54],
							"size": [28, 9, 34],
							"pivot": [0, -321, 0],
							"rotation": [-6.88003, -16.1299, -66.52397],
							"uv": {
								"north": {"uv": [112, 145], "uv_size": [28, 9]},
								"east": {"uv": [136, 136], "uv_size": [34, 9]},
								"south": {"uv": [140, 145], "uv_size": [28, 9]},
								"west": {"uv": [140, 0], "uv_size": [34, 9]},
								"up": {"uv": [56, 0], "uv_size": [28, 34]},
								"down": {"uv": [56, 68], "uv_size": [28, -34]}
							}
						}
					]
				},
				{
					"name": "Pedra4",
					"parent": "Pedras",
					"pivot": [194.3827, -380.27967, -129.05045],
					"cubes": [
						{
							"origin": [185.54489, -397.74085, -152.26824],
							"size": [28, 9, 34],
							"pivot": [199.54489, -384.24085, -135.26824],
							"rotation": [127.87289, -28.93057, -20.61737],
							"uv": {
								"north": {"uv": [0, 154], "uv_size": [28, 9]},
								"east": {"uv": [140, 9], "uv_size": [34, 9]},
								"south": {"uv": [28, 154], "uv_size": [28, 9]},
								"west": {"uv": [140, 18], "uv_size": [34, 9]},
								"up": {"uv": [0, 68], "uv_size": [28, 34]},
								"down": {"uv": [28, 102], "uv_size": [28, -34]}
							}
						}
					]
				},
				{
					"name": "Pedra5",
					"parent": "Pedras",
					"pivot": [0, -453.5, -200],
					"rotation": [-50.36837, 32.16048, -46.70006],
					"cubes": [
						{
							"origin": [-14, -458, -217],
							"size": [28, 9, 34],
							"uv": {
								"north": {"uv": [56, 154], "uv_size": [28, 9]},
								"east": {"uv": [140, 27], "uv_size": [34, 9]},
								"south": {"uv": [84, 154], "uv_size": [28, 9]},
								"west": {"uv": [140, 36], "uv_size": [34, 9]},
								"up": {"uv": [56, 68], "uv_size": [28, 34]},
								"down": {"uv": [84, 34], "uv_size": [28, -34]}
							}
						}
					]
				},
				{
					"name": "Pedra6",
					"parent": "Pedras",
					"pivot": [-51, -217.5, -176],
					"rotation": [74.7498, 36.39941, 20.53699],
					"cubes": [
						{
							"origin": [-65, -222, -193],
							"size": [28, 9, 34],
							"uv": {
								"north": {"uv": [112, 154], "uv_size": [28, 9]},
								"east": {"uv": [140, 45], "uv_size": [34, 9]},
								"south": {"uv": [140, 154], "uv_size": [28, 9]},
								"west": {"uv": [140, 54], "uv_size": [34, 9]},
								"up": {"uv": [84, 34], "uv_size": [28, 34]},
								"down": {"uv": [84, 102], "uv_size": [28, -34]}
							}
						}
					]
				},
				{
					"name": "Pedra7",
					"parent": "Pedras",
					"pivot": [-165, -399.5, -13],
					"rotation": [0.85389, 56.77406, 61.81321],
					"cubes": [
						{
							"origin": [-179, -404, -30],
							"size": [28, 9, 34],
							"uv": {
								"north": {"uv": [0, 163], "uv_size": [28, 9]},
								"east": {"uv": [140, 63], "uv_size": [34, 9]},
								"south": {"uv": [28, 163], "uv_size": [28, 9]},
								"west": {"uv": [140, 72], "uv_size": [34, 9]},
								"up": {"uv": [0, 102], "uv_size": [28, 34]},
								"down": {"uv": [28, 136], "uv_size": [28, -34]}
							}
						}
					]
				},
				{
					"name": "Pedra8",
					"parent": "Pedras",
					"pivot": [225, -236.5, 0],
					"rotation": [20, 0, -105],
					"cubes": [
						{
							"origin": [211, -241, -17],
							"size": [28, 9, 34],
							"uv": {
								"north": {"uv": [56, 163], "uv_size": [28, 9]},
								"east": {"uv": [140, 81], "uv_size": [34, 9]},
								"south": {"uv": [84, 163], "uv_size": [28, 9]},
								"west": {"uv": [140, 90], "uv_size": [34, 9]},
								"up": {"uv": [56, 102], "uv_size": [28, 34]},
								"down": {"uv": [84, 136], "uv_size": [28, -34]}
							}
						}
					]
				},
				{
					"name": "Pedra9",
					"parent": "Pedras",
					"pivot": [159, -485.5, 116],
					"rotation": [-20.27528, -7.56787, 163.66798],
					"cubes": [
						{
							"origin": [145, -490, 99],
							"size": [28, 9, 34],
							"uv": {
								"north": {"uv": [112, 163], "uv_size": [28, 9]},
								"east": {"uv": [140, 99], "uv_size": [34, 9]},
								"south": {"uv": [140, 163], "uv_size": [28, 9]},
								"west": {"uv": [140, 108], "uv_size": [34, 9]},
								"up": {"uv": [112, 0], "uv_size": [28, 34]},
								"down": {"uv": [112, 68], "uv_size": [28, -34]}
							}
						}
					]
				},
				{
					"name": "Pedra10",
					"parent": "Pedras",
					"pivot": [91, -145.5, -156],
					"rotation": [-55.11913, 28.77819, -177.1767],
					"cubes": [
						{
							"origin": [77, -150, -173],
							"size": [28, 9, 34],
							"uv": {
								"north": {"uv": [168, 145], "uv_size": [28, 9]},
								"east": {"uv": [140, 117], "uv_size": [34, 9]},
								"south": {"uv": [168, 154], "uv_size": [28, 9]},
								"west": {"uv": [140, 126], "uv_size": [34, 9]},
								"up": {"uv": [112, 68], "uv_size": [28, 34]},
								"down": {"uv": [112, 136], "uv_size": [28, -34]}
							}
						}
					]
				}
			]
		}
	]
}





