{
	"format_version": "1.12.0",
	"minecraft:geometry": [
		{
			"description": {
				"identifier": "geometry.sayajinwarrior2",
				"texture_width": 128,
				"texture_height": 128,
				"visible_bounds_width": 5,
				"visible_bounds_height": 3.5,
				"visible_bounds_offset": [0, 1.25, 0]
			},
			"bones": [
				{
					"name": "Tudo",
					"pivot": [0, 12.72, 0]
				},
				{
					"name": "Corpo",
					"parent": "Tudo",
					"pivot": [0, 24.60557, 0],
					"cubes": [
						{
							"origin": [-4.10093, 12.30278, -2.05046],
							"size": [8.20186, 12.30278, 4.10093],
							"uv": {
								"north": {"uv": [11, 0], "uv_size": [8.25, 12.25]},
								"east": {"uv": [6, 26], "uv_size": [4, 12.25]},
								"south": {"uv": [11, 13], "uv_size": [8.25, 12.25]},
								"west": {"uv": [10, 26], "uv_size": [4, 12.25]},
								"up": {"uv": [0, 51], "uv_size": [8.25, 4]},
								"down": {"uv": [52, 4], "uv_size": [8.25, -4]}
							}
						}
					],
					"locators": {
						"aura": [0, 19, 0]
					}
				},
				{
					"name": "Roupa",
					"parent": "Corpo",
					"pivot": [0, 21.01726, 0],
					"cubes": [
						{
							"origin": [-4.429, 18.20812, -2.2145],
							"size": [8.858, 6.6435, 4.429],
							"uv": {
								"north": {"uv": [20, 6], "uv_size": [8.75, 6.75]},
								"east": {"uv": [9, 46], "uv_size": [4.5, 6.75]},
								"south": {"uv": [20, 13], "uv_size": [8.75, 6.75]},
								"west": {"uv": [9, 53], "uv_size": [4.5, 6.75]},
								"up": {"uv": [46, 39], "uv_size": [8.75, 4.5]},
								"down": {"uv": [46, 48.5], "uv_size": [8.75, -4.5]}
							}
						},
						{
							"origin": [-9.287, 21.20812, -2.2145],
							"size": [4.858, 3.6435, 4.429],
							"uv": {
								"north": {"uv": [44, 59], "uv_size": [4.75, 3.75]},
								"east": {"uv": [59, 59], "uv_size": [4.5, 3.75]},
								"south": {"uv": [59, 48], "uv_size": [4.75, 3.75]},
								"west": {"uv": [5, 60], "uv_size": [4.5, 3.75]},
								"up": {"uv": [56, 17], "uv_size": [4.75, 4.5]},
								"down": {"uv": [19, 60.5], "uv_size": [4.75, -4.5]}
							}
						},
						{
							"origin": [-6.48185, 12.19941, -2.2145],
							"size": [5.858, 3.6435, 4.429],
							"pivot": [-3.55285, 14.02116, 0],
							"rotation": [0, 0, -72.5],
							"uv": {
								"north": {"uv": [44, 59], "uv_size": [4.75, 3.75]},
								"east": {"uv": [59, 59], "uv_size": [4.5, 3.75]},
								"south": {"uv": [59, 48], "uv_size": [4.75, 3.75]},
								"west": {"uv": [5, 60], "uv_size": [4.5, 3.75]},
								"up": {"uv": [56, 17], "uv_size": [4.75, 4.5]},
								"down": {"uv": [19, 60.5], "uv_size": [4.75, -4.5]}
							}
						},
						{
							"origin": [0.62385, 12.19941, -2.2145],
							"size": [5.858, 3.6435, 4.429],
							"pivot": [3.55285, 14.02116, 0],
							"rotation": [0, 0, 72.5],
							"uv": {
								"north": {"uv": [48.75, 59], "uv_size": [-4.75, 3.75]},
								"east": {"uv": [9.5, 60], "uv_size": [-4.5, 3.75]},
								"south": {"uv": [63.75, 48], "uv_size": [-4.75, 3.75]},
								"west": {"uv": [63.5, 59], "uv_size": [-4.5, 3.75]},
								"up": {"uv": [60.75, 17], "uv_size": [-4.75, 4.5]},
								"down": {"uv": [23.75, 60.5], "uv_size": [-4.75, -4.5]}
							}
						},
						{
							"origin": [-7.00907, 11.87149, -2.61311],
							"size": [3.91244, 4.29933, 5.22622],
							"pivot": [-3.55285, 14.02116, 0],
							"rotation": [0, 0, -72.5],
							"uv": {
								"north": {"uv": [44, 59], "uv_size": [2.75, 3.75]},
								"east": {"uv": [59, 59], "uv_size": [4.5, 3.75]},
								"south": {"uv": [61, 48], "uv_size": [2.75, 3.75]},
								"west": {"uv": [60, 21.5], "uv_size": [-2.75, -4.5]},
								"up": {"uv": [56, 17], "uv_size": [2.75, 4.5]},
								"down": {"uv": [19, 60.5], "uv_size": [4.75, -4.5]}
							}
						},
						{
							"origin": [3.09663, 11.87149, -2.61311],
							"size": [3.91244, 4.29933, 5.22622],
							"pivot": [3.55285, 14.02116, 0],
							"rotation": [0, 0, 72.5],
							"uv": {
								"north": {"uv": [46.75, 59], "uv_size": [-2.75, 3.75]},
								"east": {"uv": [57.25, 21.5], "uv_size": [2.75, -4.5]},
								"south": {"uv": [63.75, 48], "uv_size": [-2.75, 3.75]},
								"west": {"uv": [63.5, 59], "uv_size": [-4.5, 3.75]},
								"up": {"uv": [58.75, 17], "uv_size": [-2.75, 4.5]},
								"down": {"uv": [23.75, 60.5], "uv_size": [-4.75, -4.5]}
							}
						},
						{
							"origin": [4.429, 21.20812, -2.2145],
							"size": [4.858, 3.6435, 4.429],
							"uv": {
								"north": {"uv": [48.75, 59], "uv_size": [-4.75, 3.75]},
								"east": {"uv": [9.5, 60], "uv_size": [-4.5, 3.75]},
								"south": {"uv": [63.75, 48], "uv_size": [-4.75, 3.75]},
								"west": {"uv": [63.5, 59], "uv_size": [-4.5, 3.75]},
								"up": {"uv": [60.75, 17], "uv_size": [-4.75, 4.5]},
								"down": {"uv": [23.75, 60.5], "uv_size": [-4.75, -4.5]}
							}
						}
					]
				},
				{
					"name": "rightBraco",
					"parent": "Corpo",
					"pivot": [-5.12616, 22.5551, 0],
					"cubes": [
						{
							"origin": [-8.20186, 12.30278, -2.05046],
							"size": [4.10093, 12.30278, 4.10093],
							"uv": {
								"north": {"uv": [14, 26], "uv_size": [4, 12.25]},
								"east": {"uv": [26, 20], "uv_size": [4, 12.25]},
								"south": {"uv": [29, 6], "uv_size": [4, 12.25]},
								"west": {"uv": [18, 30], "uv_size": [4, 12.25]},
								"up": {"uv": [37, 7], "uv_size": [4, 4]},
								"down": {"uv": [14, 56], "uv_size": [4, -4]}
							}
						}
					]
				},
				{
					"name": "leftBiceps",
					"parent": "rightBraco",
					"pivot": [-5.63878, 19.47941, -0.51262],
					"cubes": [
						{
							"origin": [-7.29965, 17.30592, -2.17349],
							"size": [3.32175, 4.34698, 3.32175],
							"uv": {
								"north": {"uv": [18, 61], "uv_size": [3.25, 4.25]},
								"east": {"uv": [61, 20], "uv_size": [3.25, 4.25]},
								"south": {"uv": [0, 62], "uv_size": [3.25, 4.25]},
								"west": {"uv": [22, 62], "uv_size": [3.25, 4.25]},
								"up": {"uv": [40, 64], "uv_size": [3.25, 3.25]},
								"down": {"uv": [64, 62.25], "uv_size": [3.25, -3.25]}
							}
						}
					]
				},
				{
					"name": "leftBraco",
					"parent": "Corpo",
					"pivot": [5.12616, 22.5551, 0],
					"cubes": [
						{
							"origin": [4.10093, 12.30278, -2.05046],
							"size": [4.10093, 12.30278, 4.10093],
							"uv": {
								"north": {"uv": [26, 33], "uv_size": [4, 12.25]},
								"east": {"uv": [14, 39], "uv_size": [4, 12.25]},
								"south": {"uv": [41, 28], "uv_size": [4, 12.25]},
								"west": {"uv": [34, 41], "uv_size": [4, 12.25]},
								"up": {"uv": [61, 0], "uv_size": [4, 4]},
								"down": {"uv": [61, 16], "uv_size": [4, -4]}
							}
						}
					]
				},
				{
					"name": "rightBiceps",
					"parent": "leftBraco",
					"pivot": [5.63878, 19.47941, -0.51262],
					"cubes": [
						{
							"origin": [3.9779, 17.30592, -2.17349],
							"size": [3.32175, 4.34698, 3.32175],
							"uv": {
								"north": {"uv": [62, 52], "uv_size": [3.25, 4.25]},
								"east": {"uv": [44, 63], "uv_size": [3.25, 4.25]},
								"south": {"uv": [48, 63], "uv_size": [3.25, 4.25]},
								"west": {"uv": [52, 63], "uv_size": [3.25, 4.25]},
								"up": {"uv": [64, 63], "uv_size": [3.25, 3.25]},
								"down": {"uv": [65, 3.25], "uv_size": [3.25, -3.25]}
							}
						}
					]
				},
				{
					"name": "rightPerna",
					"parent": "Corpo",
					"pivot": [-1.94794, 12.30278, 0],
					"cubes": [
						{
							"origin": [-3.9984, 0, -2.05046],
							"size": [4.10093, 12.30278, 4.10093],
							"uv": {
								"north": {"uv": [30, 19], "uv_size": [4, 12.25]},
								"east": {"uv": [22, 30], "uv_size": [4, 12.25]},
								"south": {"uv": [30, 32], "uv_size": [4, 12.25]},
								"west": {"uv": [33, 0], "uv_size": [4, 12.25]},
								"up": {"uv": [10, 60], "uv_size": [4, 4]},
								"down": {"uv": [60, 48], "uv_size": [4, -4]}
							}
						},
						{
							"origin": [-4.44479, 5.62521, -1.54685],
							"size": [4.9937, 1.70134, 4.0937],
							"uv": {
								"north": {"uv": [46, 68], "uv_size": [5, 1.75]},
								"east": {"uv": [37, 11], "uv_size": [4, 1.75]},
								"south": {"uv": [51, 68], "uv_size": [5, 1.75]},
								"west": {"uv": [5, 58], "uv_size": [4, 1.75]},
								"up": {"uv": [0, 58], "uv_size": [5, 4]},
								"down": {"uv": [24, 62], "uv_size": [5, -4]}
							}
						},
						{
							"origin": [-4.50027, 7.73499, -2.55233],
							"size": [5.10467, 4.58598, 5.10467],
							"uv": {
								"north": {"uv": [42, 54], "uv_size": [5, 4.5]},
								"east": {"uv": [47, 54], "uv_size": [5, 4.5]},
								"south": {"uv": [54, 49], "uv_size": [5, 4.5]},
								"west": {"uv": [52, 54], "uv_size": [5, 4.5]},
								"up": {"uv": [54, 4], "uv_size": [5, 5]},
								"down": {"uv": [32, 59], "uv_size": [5, -5]}
							}
						},
						{
							"origin": [-4.10093, -0.10252, -2.17349],
							"size": [4.34698, 2.6656, 4.34698],
							"uv": {
								"north": {"uv": [0, 36], "uv_size": [4.25, 2.75]},
								"east": {"uv": [59, 63], "uv_size": [4.25, 2.75]},
								"south": {"uv": [4, 64], "uv_size": [4.25, 2.75]},
								"west": {"uv": [64, 4], "uv_size": [4.25, 2.75]},
								"up": {"uv": [29, 59], "uv_size": [4.25, 4.25]},
								"down": {"uv": [59, 35.25], "uv_size": [4.25, -4.25]}
							}
						}
					]
				},
				{
					"name": "leftPerna",
					"parent": "Corpo",
					"pivot": [1.94794, 12.30278, 0],
					"cubes": [
						{
							"origin": [-0.10253, 0, -2.05046],
							"size": [4.10093, 12.30278, 4.10093],
							"uv": {
								"north": {"uv": [38, 41], "uv_size": [4, 12.25]},
								"east": {"uv": [42, 41], "uv_size": [4, 12.25]},
								"south": {"uv": [18, 43], "uv_size": [4, 12.25]},
								"west": {"uv": [22, 43], "uv_size": [4, 12.25]},
								"up": {"uv": [14, 61], "uv_size": [4, 4]},
								"down": {"uv": [61, 20], "uv_size": [4, -4]}
							}
						},
						{
							"origin": [-0.54891, 5.62521, -1.54685],
							"size": [4.9937, 1.70134, 4.0937],
							"uv": {
								"north": {"uv": [68, 59], "uv_size": [5, 1.75]},
								"east": {"uv": [69, 6], "uv_size": [4, 1.75]},
								"south": {"uv": [68, 61], "uv_size": [5, 1.75]},
								"west": {"uv": [6, 70], "uv_size": [4, 1.75]},
								"up": {"uv": [59, 4], "uv_size": [5, 4]},
								"down": {"uv": [59, 31], "uv_size": [5, -4]}
							}
						},
						{
							"origin": [-0.6044, 7.73499, -2.55233],
							"size": [5.10467, 4.58598, 5.10467],
							"uv": {
								"north": {"uv": [55, 38], "uv_size": [5, 4.5]},
								"east": {"uv": [55, 43], "uv_size": [5, 4.5]},
								"south": {"uv": [56, 12], "uv_size": [5, 4.5]},
								"west": {"uv": [14, 56], "uv_size": [5, 4.5]},
								"up": {"uv": [54, 33], "uv_size": [5, 5]},
								"down": {"uv": [37, 59], "uv_size": [5, -5]}
							}
						},
						{
							"origin": [-0.24605, -0.10252, -2.17349],
							"size": [4.34698, 2.6656, 4.34698],
							"uv": {
								"north": {"uv": [9, 64], "uv_size": [4.25, 2.75]},
								"east": {"uv": [64, 27], "uv_size": [4.25, 2.75]},
								"south": {"uv": [29, 64], "uv_size": [4.25, 2.75]},
								"west": {"uv": [64, 30], "uv_size": [4.25, 2.75]},
								"up": {"uv": [34, 59], "uv_size": [4.25, 4.25]},
								"down": {"uv": [39, 63.25], "uv_size": [4.25, -4.25]}
							}
						}
					]
				},
				{
					"name": "head",
					"parent": "Corpo",
					"pivot": [0, 24.12, 0],
					"cubes": [
						{
							"origin": [-3.52, 24.12, -3.52],
							"size": [7.04, 7.04, 7.04],
							"uv": {
								"north": {"uv": [34, 13], "uv_size": [7, 7]},
								"east": {"uv": [34, 20], "uv_size": [7, 7]},
								"south": {"uv": [34, 27], "uv_size": [7, 7]},
								"west": {"uv": [34, 34], "uv_size": [7, 7]},
								"up": {"uv": [37, 0], "uv_size": [7, 7]},
								"down": {"uv": [0, 46], "uv_size": [7, -7]}
							}
						}
					]
				},
				{
					"name": "Face",
					"parent": "head",
					"pivot": [0, 27.64, -2.6],
					"cubes": [
						{
							"origin": [-3.52, 24.12, -2.6],
							"size": [7.04, 7.04, 0],
							"uv": {
								"north": {"uv": [41, 7], "uv_size": [7, 7]},
								"east": {"uv": [0, 0], "uv_size": [0, 7]},
								"south": {"uv": [48, 7], "uv_size": [-7, 7]},
								"west": {"uv": [0, 0], "uv_size": [0, 7]},
								"up": {"uv": [0, 0], "uv_size": [7, 0]},
								"down": {"uv": [0, 0], "uv_size": [7, 0]}
							}
						}
					]
				},
				{
					"name": "Face2",
					"parent": "head",
					"pivot": [0, 27.64, -2.6],
					"cubes": [
						{
							"origin": [-3.52, 24.12, -2.6],
							"size": [7.04, 7.04, 0],
							"uv": {
								"north": {"uv": [41, 14], "uv_size": [7, 7]},
								"east": {"uv": [0, 0], "uv_size": [0, 7]},
								"south": {"uv": [48, 14], "uv_size": [-7, 7]},
								"west": {"uv": [0, 0], "uv_size": [0, 7]},
								"up": {"uv": [0, 0], "uv_size": [7, 0]},
								"down": {"uv": [0, 0], "uv_size": [7, 0]}
							}
						}
					]
				},
				{
					"name": "Face3",
					"parent": "head",
					"pivot": [0, 27.64, -2.6],
					"cubes": [
						{
							"origin": [-3.52, 24.12, -2.6],
							"size": [7.04, 7.04, 0],
							"uv": {
								"north": {"uv": [41, 21], "uv_size": [7, 7]},
								"east": {"uv": [0, 0], "uv_size": [0, 7]},
								"south": {"uv": [48, 21], "uv_size": [-7, 7]},
								"west": {"uv": [0, 0], "uv_size": [0, 7]},
								"up": {"uv": [0, 0], "uv_size": [7, 0]},
								"down": {"uv": [0, 0], "uv_size": [7, 0]}
							}
						}
					]
				},
				{
					"name": "Face4",
					"parent": "head",
					"pivot": [0, 27.64, -2.6],
					"cubes": [
						{
							"origin": [-3.52, 24.12, -2.6],
							"size": [7.04, 7.04, 0],
							"uv": {
								"north": {"uv": [6.75, 39], "uv_size": [7, 7]},
								"east": {"uv": [0, 0], "uv_size": [0, 7]},
								"south": {"uv": [13.75, 39], "uv_size": [-7, 7]},
								"west": {"uv": [0, 0], "uv_size": [0, 7]},
								"up": {"uv": [0, 0], "uv_size": [7, 0]},
								"down": {"uv": [0, 0], "uv_size": [7, 0]}
							}
						}
					]
				},
				{
					"name": "Hair",
					"parent": "head",
					"pivot": [0.75, 27.87, 1],
					"rotation": [-17.49074, 0.57826, -0.09863],
					"cubes": [
						{
							"origin": [-0.99656, 28.02754, -2.60107],
							"size": [5, 3, 5],
							"uv": {
								"north": {"uv": [41.75, 70], "uv_size": [0.5, 0.75]},
								"east": {"uv": [41.75, 70], "uv_size": [0.5, 0.75]},
								"south": {"uv": [41.75, 70], "uv_size": [0.5, 0.75]},
								"west": {"uv": [41.75, 70], "uv_size": [0.5, 0.75]},
								"up": {"uv": [42.25, 70.75], "uv_size": [-0.5, -0.75]},
								"down": {"uv": [42.25, 70.75], "uv_size": [-0.5, -0.75]}
							}
						},
						{
							"origin": [-3.99656, 28.02754, -1.60107],
							"size": [7, 3, 5],
							"uv": {
								"north": {"uv": [41.75, 70], "uv_size": [0.5, 0.75]},
								"east": {"uv": [41.75, 70], "uv_size": [0.5, 0.75]},
								"south": {"uv": [41.75, 70], "uv_size": [0.5, 0.75]},
								"west": {"uv": [41.75, 70], "uv_size": [0.5, 0.75]},
								"up": {"uv": [42.25, 70.75], "uv_size": [-0.5, -0.75]},
								"down": {"uv": [42.25, 70.75], "uv_size": [-0.5, -0.75]}
							}
						},
						{
							"origin": [-2.99656, 29.02754, -3.60107],
							"size": [6, 3, 6],
							"uv": {
								"north": {"uv": [41.75, 70], "uv_size": [0.5, 0.75]},
								"east": {"uv": [41.75, 70], "uv_size": [0.5, 0.75]},
								"south": {"uv": [41.75, 70], "uv_size": [0.5, 0.75]},
								"west": {"uv": [41.75, 70], "uv_size": [0.5, 0.75]},
								"up": {"uv": [42.25, 70.75], "uv_size": [-0.5, -0.75]},
								"down": {"uv": [42.25, 70.75], "uv_size": [-0.5, -0.75]}
							}
						}
					]
				},
				{
					"name": "Mecha",
					"parent": "Hair",
					"pivot": [-0.05577, 29.81399, -4.37651],
					"rotation": [21.47822, 15.30191, -7.00832],
					"cubes": [
						{
							"origin": [-0.0521, 29.02574, -5.74753],
							"size": [2, 1, 3],
							"pivot": [0.9479, 29.02574, -4.24753],
							"rotation": [-20.94832, -53.46139, 17.4843],
							"uv": {
								"north": {"uv": [42.25, 70], "uv_size": [-0.5, 0.75]},
								"east": {"uv": [42.25, 70], "uv_size": [-0.5, 0.75]},
								"south": {"uv": [42.25, 70], "uv_size": [-0.5, 0.75]},
								"west": {"uv": [42.25, 70], "uv_size": [-0.5, 0.75]},
								"up": {"uv": [41.75, 70.75], "uv_size": [0.5, -0.75]},
								"down": {"uv": [41.75, 70.75], "uv_size": [0.5, -0.75]}
							}
						},
						{
							"origin": [0.10025, 29.15913, -5.0585],
							"size": [1.82, 0.82, 1.82],
							"pivot": [1.1024, 27.1695, -4.7673],
							"rotation": [31.55168, -53.46139, 17.4843],
							"uv": {
								"north": {"uv": [42.25, 70], "uv_size": [-0.5, 0.75]},
								"east": {"uv": [42.25, 70], "uv_size": [-0.5, 0.75]},
								"south": {"uv": [42.25, 70], "uv_size": [-0.5, 0.75]},
								"west": {"uv": [42.25, 70], "uv_size": [-0.5, 0.75]},
								"up": {"uv": [41.75, 70.75], "uv_size": [0.5, -0.75]},
								"down": {"uv": [41.75, 70.75], "uv_size": [0.5, -0.75]}
							}
						},
						{
							"origin": [-0.11902, 26.85741, -3.93583],
							"size": [1.05952, 1.05952, 2.52152],
							"pivot": [0.50289, 23.92703, -5.53871],
							"rotation": [56.55168, -53.46139, 17.4843],
							"uv": {
								"north": {"uv": [42.25, 70], "uv_size": [-0.5, 0.75]},
								"east": {"uv": [42.25, 70], "uv_size": [-0.5, 0.75]},
								"south": {"uv": [42.25, 70], "uv_size": [-0.5, 0.75]},
								"west": {"uv": [42.25, 70], "uv_size": [-0.5, 0.75]},
								"up": {"uv": [41.75, 70.75], "uv_size": [0.5, -0.75]},
								"down": {"uv": [41.75, 70.75], "uv_size": [0.5, -0.75]}
							}
						}
					]
				},
				{
					"name": "Mecha25",
					"parent": "Hair",
					"pivot": [0.94423, 29.81399, -3.37651],
					"rotation": [21.47822, 15.30191, -7.00832],
					"cubes": [
						{
							"origin": [1.2179, 29.02574, -4.34253],
							"size": [1.46, 0.73, 1.19],
							"pivot": [1.9479, 29.02574, -3.24753],
							"rotation": [-20.94832, -53.46139, 17.4843],
							"uv": {
								"north": {"uv": [41.75, 70], "uv_size": [0.5, 0.75]},
								"east": {"uv": [41.75, 70], "uv_size": [0.5, 0.75]},
								"south": {"uv": [41.75, 70], "uv_size": [0.5, 0.75]},
								"west": {"uv": [41.75, 70], "uv_size": [0.5, 0.75]},
								"up": {"uv": [42.25, 70.75], "uv_size": [-0.5, -0.75]},
								"down": {"uv": [42.25, 70.75], "uv_size": [-0.5, -0.75]}
							}
						},
						{
							"origin": [1.32912, 29.12312, -3.83954],
							"size": [1.3286, 0.5986, 1.3286],
							"pivot": [2.06068, 27.67068, -3.62696],
							"rotation": [31.55168, -53.46139, 17.4843],
							"uv": {
								"north": {"uv": [41.75, 70], "uv_size": [0.5, 0.75]},
								"east": {"uv": [41.75, 70], "uv_size": [0.5, 0.75]},
								"south": {"uv": [41.75, 70], "uv_size": [0.5, 0.75]},
								"west": {"uv": [41.75, 70], "uv_size": [0.5, 0.75]},
								"up": {"uv": [42.25, 70.75], "uv_size": [-0.5, -0.75]},
								"down": {"uv": [42.25, 70.75], "uv_size": [-0.5, -0.75]}
							}
						},
						{
							"origin": [1.16905, 27.44286, -3.01999],
							"size": [0.77345, 0.77345, 1.84071],
							"pivot": [1.62304, 25.30368, -4.19009],
							"rotation": [56.55168, -53.46139, 17.4843],
							"uv": {
								"north": {"uv": [41.75, 70], "uv_size": [0.5, 0.75]},
								"east": {"uv": [41.75, 70], "uv_size": [0.5, 0.75]},
								"south": {"uv": [41.75, 70], "uv_size": [0.5, 0.75]},
								"west": {"uv": [41.75, 70], "uv_size": [0.5, 0.75]},
								"up": {"uv": [42.25, 70.75], "uv_size": [-0.5, -0.75]},
								"down": {"uv": [42.25, 70.75], "uv_size": [-0.5, -0.75]}
							}
						}
					]
				},
				{
					"name": "Mecha26",
					"parent": "Hair",
					"pivot": [-2.12585, 29.75099, -2.84684],
					"rotation": [15.83547, -1.05703, 27.59419],
					"cubes": [
						{
							"origin": [-2.97554, 29.69265, -4.36197],
							"size": [1.7082, 0.8541, 1.3923],
							"pivot": [-2.12144, 29.69265, -3.08082],
							"rotation": [-20.94832, 53.46139, -17.4843],
							"uv": {
								"north": {"uv": [41.75, 70], "uv_size": [0.5, 0.75]},
								"east": {"uv": [41.75, 70], "uv_size": [0.5, 0.75]},
								"south": {"uv": [41.75, 70], "uv_size": [0.5, 0.75]},
								"west": {"uv": [41.75, 70], "uv_size": [0.5, 0.75]},
								"up": {"uv": [42.25, 70.75], "uv_size": [-0.5, -0.75]},
								"down": {"uv": [42.25, 70.75], "uv_size": [-0.5, -0.75]}
							}
						},
						{
							"origin": [-2.95192, 29.80658, -3.77347],
							"size": [1.55446, 0.70036, 1.55446],
							"pivot": [-2.25339, 28.10724, -3.52476],
							"rotation": [31.55168, 53.46139, -17.4843],
							"uv": {
								"north": {"uv": [41.75, 70], "uv_size": [0.5, 0.75]},
								"east": {"uv": [41.75, 70], "uv_size": [0.5, 0.75]},
								"south": {"uv": [41.75, 70], "uv_size": [0.5, 0.75]},
								"west": {"uv": [41.75, 70], "uv_size": [0.5, 0.75]},
								"up": {"uv": [42.25, 70.75], "uv_size": [-0.5, -0.75]},
								"down": {"uv": [42.25, 70.75], "uv_size": [-0.5, -0.75]}
							}
						},
						{
							"origin": [-2.11512, 27.84068, -2.8146],
							"size": [0.90494, 0.90494, 2.15363],
							"pivot": [-1.74135, 25.33784, -4.18362],
							"rotation": [56.55168, 53.46139, -17.4843],
							"uv": {
								"north": {"uv": [41.75, 70], "uv_size": [0.5, 0.75]},
								"east": {"uv": [41.75, 70], "uv_size": [0.5, 0.75]},
								"south": {"uv": [41.75, 70], "uv_size": [0.5, 0.75]},
								"west": {"uv": [41.75, 70], "uv_size": [0.5, 0.75]},
								"up": {"uv": [42.25, 70.75], "uv_size": [-0.5, -0.75]},
								"down": {"uv": [42.25, 70.75], "uv_size": [-0.5, -0.75]}
							}
						}
					]
				},
				{
					"name": "Mecha2",
					"parent": "Hair",
					"pivot": [2.60028, 25.29419, 3.60424],
					"rotation": [49.5555, 58.5423, -147.59816],
					"cubes": [
						{
							"origin": [3.0267, 22.52184, 0.37408],
							"size": [2, 2, 2],
							"pivot": [3, 25.12, 3],
							"rotation": [19.05168, 53.46139, -17.4843],
							"uv": {
								"north": {"uv": [41.75, 70], "uv_size": [0.5, 0.75]},
								"east": {"uv": [41.75, 70], "uv_size": [0.5, 0.75]},
								"south": {"uv": [41.75, 70], "uv_size": [0.5, 0.75]},
								"west": {"uv": [41.75, 70], "uv_size": [0.5, 0.75]},
								"up": {"uv": [42.25, 70.75], "uv_size": [-0.5, -0.75]},
								"down": {"uv": [42.25, 70.75], "uv_size": [-0.5, -0.75]}
							}
						},
						{
							"origin": [1.49118, 21.13765, -0.38265],
							"size": [1.82, 1.82, 2.82],
							"pivot": [1.37448, 23.47245, 1.48434],
							"rotation": [31.55168, 53.46139, -17.4843],
							"uv": {
								"north": {"uv": [41.75, 70], "uv_size": [0.5, 0.75]},
								"east": {"uv": [41.75, 70], "uv_size": [0.5, 0.75]},
								"south": {"uv": [41.75, 70], "uv_size": [0.5, 0.75]},
								"west": {"uv": [41.75, 70], "uv_size": [0.5, 0.75]},
								"up": {"uv": [42.25, 70.75], "uv_size": [-0.5, -0.75]},
								"down": {"uv": [42.25, 70.75], "uv_size": [-0.5, -0.75]}
							}
						},
						{
							"origin": [1.76332, 21.83645, -3.19715],
							"size": [1.376, 1.376, 2.976],
							"pivot": [1.42462, 23.47457, 1.52024],
							"rotation": [54.05168, 53.46139, -17.4843],
							"uv": {
								"north": {"uv": [41.75, 70], "uv_size": [0.5, 0.75]},
								"east": {"uv": [41.75, 70], "uv_size": [0.5, 0.75]},
								"south": {"uv": [41.75, 70], "uv_size": [0.5, 0.75]},
								"west": {"uv": [41.75, 70], "uv_size": [0.5, 0.75]},
								"up": {"uv": [42.25, 70.75], "uv_size": [-0.5, -0.75]},
								"down": {"uv": [42.25, 70.75], "uv_size": [-0.5, -0.75]}
							}
						}
					]
				},
				{
					"name": "Mecha6",
					"parent": "Hair",
					"pivot": [-2.60028, 25.29419, 3.60424],
					"rotation": [49.5555, -58.5423, 147.59816],
					"cubes": [
						{
							"origin": [-5.02333, 22.51791, 0.37863],
							"size": [2, 2, 2],
							"pivot": [-3, 25.12, 3],
							"rotation": [19.05168, -53.46139, 17.4843],
							"uv": {
								"north": {"uv": [41.75, 70], "uv_size": [0.5, 0.75]},
								"east": {"uv": [41.75, 70], "uv_size": [0.5, 0.75]},
								"south": {"uv": [41.75, 70], "uv_size": [0.5, 0.75]},
								"west": {"uv": [41.75, 70], "uv_size": [0.5, 0.75]},
								"up": {"uv": [42.25, 70.75], "uv_size": [-0.5, -0.75]},
								"down": {"uv": [42.25, 70.75], "uv_size": [-0.5, -0.75]}
							}
						},
						{
							"origin": [-3.30781, 21.13283, -0.37906],
							"size": [1.82, 1.82, 2.82],
							"pivot": [-1.37448, 23.47245, 1.48434],
							"rotation": [31.55168, -53.46139, 17.4843],
							"uv": {
								"north": {"uv": [41.75, 70], "uv_size": [0.5, 0.75]},
								"east": {"uv": [41.75, 70], "uv_size": [0.5, 0.75]},
								"south": {"uv": [41.75, 70], "uv_size": [0.5, 0.75]},
								"west": {"uv": [41.75, 70], "uv_size": [0.5, 0.75]},
								"up": {"uv": [42.25, 70.75], "uv_size": [-0.5, -0.75]},
								"down": {"uv": [42.25, 70.75], "uv_size": [-0.5, -0.75]}
							}
						},
						{
							"origin": [-3.13595, 21.83062, -3.19568],
							"size": [1.376, 1.376, 2.976],
							"pivot": [-1.42462, 23.47457, 1.52024],
							"rotation": [54.05168, -53.46139, 17.4843],
							"uv": {
								"north": {"uv": [41.75, 70], "uv_size": [0.5, 0.75]},
								"east": {"uv": [41.75, 70], "uv_size": [0.5, 0.75]},
								"south": {"uv": [41.75, 70], "uv_size": [0.5, 0.75]},
								"west": {"uv": [41.75, 70], "uv_size": [0.5, 0.75]},
								"up": {"uv": [42.25, 70.75], "uv_size": [-0.5, -0.75]},
								"down": {"uv": [42.25, 70.75], "uv_size": [-0.5, -0.75]}
							}
						}
					]
				},
				{
					"name": "Mecha20",
					"parent": "Hair",
					"pivot": [-2.60028, 26.29419, 3.60424],
					"rotation": [75.47833, -73.28212, 154.74176],
					"cubes": [
						{
							"origin": [-5.49534, 24.1404, 0.10315],
							"size": [2, 2, 2],
							"pivot": [-3, 26.12, 3],
							"rotation": [19.05168, -53.46139, 17.4843],
							"uv": {
								"north": {"uv": [41.75, 70], "uv_size": [0.5, 0.75]},
								"east": {"uv": [41.75, 70], "uv_size": [0.5, 0.75]},
								"south": {"uv": [41.75, 70], "uv_size": [0.5, 0.75]},
								"west": {"uv": [41.75, 70], "uv_size": [0.5, 0.75]},
								"up": {"uv": [42.25, 70.75], "uv_size": [-0.5, -0.75]},
								"down": {"uv": [42.25, 70.75], "uv_size": [-0.5, -0.75]}
							}
						},
						{
							"origin": [-3.77982, 22.80018, -0.51327],
							"size": [1.82, 1.82, 2.82],
							"pivot": [-1.37448, 24.47245, 1.48434],
							"rotation": [31.55168, -53.46139, 17.4843],
							"uv": {
								"north": {"uv": [41.75, 70], "uv_size": [0.5, 0.75]},
								"east": {"uv": [41.75, 70], "uv_size": [0.5, 0.75]},
								"south": {"uv": [41.75, 70], "uv_size": [0.5, 0.75]},
								"west": {"uv": [41.75, 70], "uv_size": [0.5, 0.75]},
								"up": {"uv": [42.25, 70.75], "uv_size": [-0.5, -0.75]},
								"down": {"uv": [42.25, 70.75], "uv_size": [-0.5, -0.75]}
							}
						},
						{
							"origin": [-3.60796, 23.49854, -3.06429],
							"size": [1.376, 1.376, 2.976],
							"pivot": [-1.42462, 24.47457, 1.52024],
							"rotation": [54.05168, -53.46139, 17.4843],
							"uv": {
								"north": {"uv": [41.75, 70], "uv_size": [0.5, 0.75]},
								"east": {"uv": [41.75, 70], "uv_size": [0.5, 0.75]},
								"south": {"uv": [41.75, 70], "uv_size": [0.5, 0.75]},
								"west": {"uv": [41.75, 70], "uv_size": [0.5, 0.75]},
								"up": {"uv": [42.25, 70.75], "uv_size": [-0.5, -0.75]},
								"down": {"uv": [42.25, 70.75], "uv_size": [-0.5, -0.75]}
							}
						}
					]
				},
				{
					"name": "Mecha21",
					"parent": "Hair",
					"pivot": [2.60028, 26.29419, 3.60424],
					"rotation": [75.47833, 73.28212, -154.74176],
					"cubes": [
						{
							"origin": [3.49871, 24.14634, 0.10231],
							"size": [2, 2, 2],
							"pivot": [3, 26.12, 3],
							"rotation": [19.05168, 53.46139, -17.4843],
							"uv": {
								"north": {"uv": [41.75, 70], "uv_size": [0.5, 0.75]},
								"east": {"uv": [41.75, 70], "uv_size": [0.5, 0.75]},
								"south": {"uv": [41.75, 70], "uv_size": [0.5, 0.75]},
								"west": {"uv": [41.75, 70], "uv_size": [0.5, 0.75]},
								"up": {"uv": [42.25, 70.75], "uv_size": [-0.5, -0.75]},
								"down": {"uv": [42.25, 70.75], "uv_size": [-0.5, -0.75]}
							}
						},
						{
							"origin": [1.96319, 22.80617, -0.51281],
							"size": [1.82, 1.82, 2.82],
							"pivot": [1.37448, 24.47245, 1.48434],
							"rotation": [31.55168, 53.46139, -17.4843],
							"uv": {
								"north": {"uv": [41.75, 70], "uv_size": [0.5, 0.75]},
								"east": {"uv": [41.75, 70], "uv_size": [0.5, 0.75]},
								"south": {"uv": [41.75, 70], "uv_size": [0.5, 0.75]},
								"west": {"uv": [41.75, 70], "uv_size": [0.5, 0.75]},
								"up": {"uv": [42.25, 70.75], "uv_size": [-0.5, -0.75]},
								"down": {"uv": [42.25, 70.75], "uv_size": [-0.5, -0.75]}
							}
						},
						{
							"origin": [2.23533, 23.50389, -3.06157],
							"size": [1.376, 1.376, 2.976],
							"pivot": [1.42462, 24.47457, 1.52024],
							"rotation": [54.05168, 53.46139, -17.4843],
							"uv": {
								"north": {"uv": [41.75, 70], "uv_size": [0.5, 0.75]},
								"east": {"uv": [41.75, 70], "uv_size": [0.5, 0.75]},
								"south": {"uv": [41.75, 70], "uv_size": [0.5, 0.75]},
								"west": {"uv": [41.75, 70], "uv_size": [0.5, 0.75]},
								"up": {"uv": [42.25, 70.75], "uv_size": [-0.5, -0.75]},
								"down": {"uv": [42.25, 70.75], "uv_size": [-0.5, -0.75]}
							}
						}
					]
				},
				{
					"name": "Mecha22",
					"parent": "Hair",
					"pivot": [1.60028, 24.29419, 2.60424],
					"rotation": [-179.2793, 25.80365, -7.15764],
					"cubes": [
						{
							"origin": [0.60109, 21.22292, -0.49191],
							"size": [2, 2, 2],
							"pivot": [2, 24.12, 2],
							"rotation": [19.05168, 53.46139, -17.4843],
							"uv": {
								"north": {"uv": [41.75, 70], "uv_size": [0.5, 0.75]},
								"east": {"uv": [41.75, 70], "uv_size": [0.5, 0.75]},
								"south": {"uv": [41.75, 70], "uv_size": [0.5, 0.75]},
								"west": {"uv": [41.75, 70], "uv_size": [0.5, 0.75]},
								"up": {"uv": [42.25, 70.75], "uv_size": [-0.5, -0.75]},
								"down": {"uv": [42.25, 70.75], "uv_size": [-0.5, -0.75]}
							}
						},
						{
							"origin": [-0.93443, 19.81681, -1.31651],
							"size": [1.82, 1.82, 2.82],
							"pivot": [0.37448, 22.47245, 0.48434],
							"rotation": [31.55168, 53.46139, -17.4843],
							"uv": {
								"north": {"uv": [41.75, 70], "uv_size": [0.5, 0.75]},
								"east": {"uv": [41.75, 70], "uv_size": [0.5, 0.75]},
								"south": {"uv": [41.75, 70], "uv_size": [0.5, 0.75]},
								"west": {"uv": [41.75, 70], "uv_size": [0.5, 0.75]},
								"up": {"uv": [42.25, 70.75], "uv_size": [-0.5, -0.75]},
								"down": {"uv": [42.25, 70.75], "uv_size": [-0.5, -0.75]}
							}
						},
						{
							"origin": [-0.66229, 20.51473, -4.25883],
							"size": [1.376, 1.376, 2.976],
							"pivot": [0.42462, 22.47457, 0.52024],
							"rotation": [54.05168, 53.46139, -17.4843],
							"uv": {
								"north": {"uv": [41.75, 70], "uv_size": [0.5, 0.75]},
								"east": {"uv": [41.75, 70], "uv_size": [0.5, 0.75]},
								"south": {"uv": [41.75, 70], "uv_size": [0.5, 0.75]},
								"west": {"uv": [41.75, 70], "uv_size": [0.5, 0.75]},
								"up": {"uv": [42.25, 70.75], "uv_size": [-0.5, -0.75]},
								"down": {"uv": [42.25, 70.75], "uv_size": [-0.5, -0.75]}
							}
						}
					]
				},
				{
					"name": "Mecha23",
					"parent": "Hair",
					"pivot": [-1.60028, 24.29419, 2.60424],
					"rotation": [-179.2793, -25.80365, 7.15764],
					"cubes": [
						{
							"origin": [-2.59506, 21.2249, -0.49458],
							"size": [2, 2, 2],
							"pivot": [-2, 24.12, 2],
							"rotation": [19.05168, -53.46139, 17.4843],
							"uv": {
								"north": {"uv": [41.75, 70], "uv_size": [0.5, 0.75]},
								"east": {"uv": [41.75, 70], "uv_size": [0.5, 0.75]},
								"south": {"uv": [41.75, 70], "uv_size": [0.5, 0.75]},
								"west": {"uv": [41.75, 70], "uv_size": [0.5, 0.75]},
								"up": {"uv": [42.25, 70.75], "uv_size": [-0.5, -0.75]},
								"down": {"uv": [42.25, 70.75], "uv_size": [-0.5, -0.75]}
							}
						},
						{
							"origin": [-0.87954, 19.81932, -1.31869],
							"size": [1.82, 1.82, 2.82],
							"pivot": [-0.37448, 22.47245, 0.48434],
							"rotation": [31.55168, -53.46139, 17.4843],
							"uv": {
								"north": {"uv": [41.75, 70], "uv_size": [0.5, 0.75]},
								"east": {"uv": [41.75, 70], "uv_size": [0.5, 0.75]},
								"south": {"uv": [41.75, 70], "uv_size": [0.5, 0.75]},
								"west": {"uv": [41.75, 70], "uv_size": [0.5, 0.75]},
								"up": {"uv": [42.25, 70.75], "uv_size": [-0.5, -0.75]},
								"down": {"uv": [42.25, 70.75], "uv_size": [-0.5, -0.75]}
							}
						},
						{
							"origin": [-0.70768, 20.51787, -4.25988],
							"size": [1.376, 1.376, 2.976],
							"pivot": [-0.42462, 22.47457, 0.52024],
							"rotation": [54.05168, -53.46139, 17.4843],
							"uv": {
								"north": {"uv": [41.75, 70], "uv_size": [0.5, 0.75]},
								"east": {"uv": [41.75, 70], "uv_size": [0.5, 0.75]},
								"south": {"uv": [41.75, 70], "uv_size": [0.5, 0.75]},
								"west": {"uv": [41.75, 70], "uv_size": [0.5, 0.75]},
								"up": {"uv": [42.25, 70.75], "uv_size": [-0.5, -0.75]},
								"down": {"uv": [42.25, 70.75], "uv_size": [-0.5, -0.75]}
							}
						}
					]
				},
				{
					"name": "Mecha24",
					"parent": "Hair",
					"pivot": [-0.60028, 28.29419, 2.60424],
					"rotation": [-179.2793, -25.80365, 7.15764],
					"cubes": [
						{
							"origin": [-1.59506, 25.2249, -0.49458],
							"size": [2, 2, 2],
							"pivot": [-1, 28.12, 2],
							"rotation": [19.05168, -53.46139, 17.4843],
							"uv": {
								"north": {"uv": [41.75, 70], "uv_size": [0.5, 0.75]},
								"east": {"uv": [41.75, 70], "uv_size": [0.5, 0.75]},
								"south": {"uv": [41.75, 70], "uv_size": [0.5, 0.75]},
								"west": {"uv": [41.75, 70], "uv_size": [0.5, 0.75]},
								"up": {"uv": [42.25, 70.75], "uv_size": [-0.5, -0.75]},
								"down": {"uv": [42.25, 70.75], "uv_size": [-0.5, -0.75]}
							}
						},
						{
							"origin": [0.12046, 23.81932, -1.31869],
							"size": [1.82, 1.82, 2.82],
							"pivot": [0.62552, 26.47245, 0.48434],
							"rotation": [31.55168, -53.46139, 17.4843],
							"uv": {
								"north": {"uv": [41.75, 70], "uv_size": [0.5, 0.75]},
								"east": {"uv": [41.75, 70], "uv_size": [0.5, 0.75]},
								"south": {"uv": [41.75, 70], "uv_size": [0.5, 0.75]},
								"west": {"uv": [41.75, 70], "uv_size": [0.5, 0.75]},
								"up": {"uv": [42.25, 70.75], "uv_size": [-0.5, -0.75]},
								"down": {"uv": [42.25, 70.75], "uv_size": [-0.5, -0.75]}
							}
						},
						{
							"origin": [0.29232, 24.51787, -4.25988],
							"size": [1.376, 1.376, 2.976],
							"pivot": [0.57538, 26.47457, 0.52024],
							"rotation": [54.05168, -53.46139, 17.4843],
							"uv": {
								"north": {"uv": [41.75, 70], "uv_size": [0.5, 0.75]},
								"east": {"uv": [41.75, 70], "uv_size": [0.5, 0.75]},
								"south": {"uv": [41.75, 70], "uv_size": [0.5, 0.75]},
								"west": {"uv": [41.75, 70], "uv_size": [0.5, 0.75]},
								"up": {"uv": [42.25, 70.75], "uv_size": [-0.5, -0.75]},
								"down": {"uv": [42.25, 70.75], "uv_size": [-0.5, -0.75]}
							}
						}
					]
				},
				{
					"name": "Mecha3",
					"parent": "Hair",
					"pivot": [2.60028, 26.29419, -0.39576],
					"rotation": [43.92518, 72.69431, -148.84356],
					"cubes": [
						{
							"origin": [2.65784, 23.36846, -3.70664],
							"size": [2, 2, 2],
							"pivot": [3, 26.12, -1],
							"rotation": [19.05168, 53.46139, -17.4843],
							"uv": {
								"north": {"uv": [41.75, 70], "uv_size": [0.5, 0.75]},
								"east": {"uv": [41.75, 70], "uv_size": [0.5, 0.75]},
								"south": {"uv": [41.75, 70], "uv_size": [0.5, 0.75]},
								"west": {"uv": [41.75, 70], "uv_size": [0.5, 0.75]},
								"up": {"uv": [42.25, 70.75], "uv_size": [-0.5, -0.75]},
								"down": {"uv": [42.25, 70.75], "uv_size": [-0.5, -0.75]}
							}
						},
						{
							"origin": [1.12232, 22.00537, -4.49465],
							"size": [1.82, 1.82, 2.82],
							"pivot": [1.37448, 24.47245, -2.51566],
							"rotation": [31.55168, 53.46139, -17.4843],
							"uv": {
								"north": {"uv": [41.75, 70], "uv_size": [0.5, 0.75]},
								"east": {"uv": [41.75, 70], "uv_size": [0.5, 0.75]},
								"south": {"uv": [41.75, 70], "uv_size": [0.5, 0.75]},
								"west": {"uv": [41.75, 70], "uv_size": [0.5, 0.75]},
								"up": {"uv": [42.25, 70.75], "uv_size": [-0.5, -0.75]},
								"down": {"uv": [42.25, 70.75], "uv_size": [-0.5, -0.75]}
							}
						},
						{
							"origin": [1.39446, 22.7571, -7.35125],
							"size": [1.376, 1.376, 2.976],
							"pivot": [1.42462, 24.47457, -2.47976],
							"rotation": [54.05168, 53.46139, -17.4843],
							"uv": {
								"north": {"uv": [41.75, 70], "uv_size": [0.5, 0.75]},
								"east": {"uv": [41.75, 70], "uv_size": [0.5, 0.75]},
								"south": {"uv": [41.75, 70], "uv_size": [0.5, 0.75]},
								"west": {"uv": [41.75, 70], "uv_size": [0.5, 0.75]},
								"up": {"uv": [42.25, 70.75], "uv_size": [-0.5, -0.75]},
								"down": {"uv": [42.25, 70.75], "uv_size": [-0.5, -0.75]}
							}
						}
					]
				},
				{
					"name": "Mecha7",
					"parent": "Hair",
					"pivot": [-2.60028, 26.29419, -0.39576],
					"rotation": [43.92518, -72.69431, 148.84356],
					"cubes": [
						{
							"origin": [-4.65336, 23.36515, -3.70259],
							"size": [2, 2, 2],
							"pivot": [-3, 26.12, -1],
							"rotation": [19.05168, -53.46139, 17.4843],
							"uv": {
								"north": {"uv": [41.75, 70], "uv_size": [0.5, 0.75]},
								"east": {"uv": [41.75, 70], "uv_size": [0.5, 0.75]},
								"south": {"uv": [41.75, 70], "uv_size": [0.5, 0.75]},
								"west": {"uv": [41.75, 70], "uv_size": [0.5, 0.75]},
								"up": {"uv": [42.25, 70.75], "uv_size": [-0.5, -0.75]},
								"down": {"uv": [42.25, 70.75], "uv_size": [-0.5, -0.75]}
							}
						},
						{
							"origin": [-2.93784, 22.00127, -4.49142],
							"size": [1.82, 1.82, 2.82],
							"pivot": [-1.37448, 24.47245, -2.51566],
							"rotation": [31.55168, -53.46139, 17.4843],
							"uv": {
								"north": {"uv": [41.75, 70], "uv_size": [0.5, 0.75]},
								"east": {"uv": [41.75, 70], "uv_size": [0.5, 0.75]},
								"south": {"uv": [41.75, 70], "uv_size": [0.5, 0.75]},
								"west": {"uv": [41.75, 70], "uv_size": [0.5, 0.75]},
								"up": {"uv": [42.25, 70.75], "uv_size": [-0.5, -0.75]},
								"down": {"uv": [42.25, 70.75], "uv_size": [-0.5, -0.75]}
							}
						},
						{
							"origin": [-2.76598, 22.75207, -7.34983],
							"size": [1.376, 1.376, 2.976],
							"pivot": [-1.42462, 24.47457, -2.47976],
							"rotation": [54.05168, -53.46139, 17.4843],
							"uv": {
								"north": {"uv": [41.75, 70], "uv_size": [0.5, 0.75]},
								"east": {"uv": [41.75, 70], "uv_size": [0.5, 0.75]},
								"south": {"uv": [41.75, 70], "uv_size": [0.5, 0.75]},
								"west": {"uv": [41.75, 70], "uv_size": [0.5, 0.75]},
								"up": {"uv": [42.25, 70.75], "uv_size": [-0.5, -0.75]},
								"down": {"uv": [42.25, 70.75], "uv_size": [-0.5, -0.75]}
							}
						}
					]
				},
				{
					"name": "Mecha8",
					"parent": "Hair",
					"pivot": [-2.60028, 26.29419, 0.60424],
					"rotation": [83.28583, -35.85842, 135.00039],
					"cubes": [
						{
							"origin": [-5.78536, 24.22168, -2.07411],
							"size": [2, 2, 2],
							"pivot": [-3, 26.12, 0],
							"rotation": [19.05168, -53.46139, 17.4843],
							"uv": {
								"north": {"uv": [41.75, 70], "uv_size": [0.5, 0.75]},
								"east": {"uv": [41.75, 70], "uv_size": [0.5, 0.75]},
								"south": {"uv": [41.75, 70], "uv_size": [0.5, 0.75]},
								"west": {"uv": [41.75, 70], "uv_size": [0.5, 0.75]},
								"up": {"uv": [42.25, 70.75], "uv_size": [-0.5, -0.75]},
								"down": {"uv": [42.25, 70.75], "uv_size": [-0.5, -0.75]}
							}
						},
						{
							"origin": [-4.06984, 22.70146, -2.69244],
							"size": [1.82, 1.82, 2.82],
							"pivot": [-1.37448, 24.47245, -1.51566],
							"rotation": [31.55168, -53.46139, 17.4843],
							"uv": {
								"north": {"uv": [41.75, 70], "uv_size": [0.5, 0.75]},
								"east": {"uv": [41.75, 70], "uv_size": [0.5, 0.75]},
								"south": {"uv": [41.75, 70], "uv_size": [0.5, 0.75]},
								"west": {"uv": [41.75, 70], "uv_size": [0.5, 0.75]},
								"up": {"uv": [42.25, 70.75], "uv_size": [-0.5, -0.75]},
								"down": {"uv": [42.25, 70.75], "uv_size": [-0.5, -0.75]}
							}
						},
						{
							"origin": [-3.89798, 23.09321, -5.34372],
							"size": [1.376, 1.376, 2.976],
							"pivot": [-1.42462, 24.47457, -1.47976],
							"rotation": [54.05168, -53.46139, 17.4843],
							"uv": {
								"north": {"uv": [41.75, 70], "uv_size": [0.5, 0.75]},
								"east": {"uv": [41.75, 70], "uv_size": [0.5, 0.75]},
								"south": {"uv": [41.75, 70], "uv_size": [0.5, 0.75]},
								"west": {"uv": [41.75, 70], "uv_size": [0.5, 0.75]},
								"up": {"uv": [42.25, 70.75], "uv_size": [-0.5, -0.75]},
								"down": {"uv": [42.25, 70.75], "uv_size": [-0.5, -0.75]}
							}
						}
					]
				},
				{
					"name": "Mecha9",
					"parent": "Hair",
					"pivot": [2.60028, 26.29419, 0.60424],
					"rotation": [83.28583, 35.85842, -135.00039],
					"cubes": [
						{
							"origin": [3.78768, 24.22665, -2.07827],
							"size": [2, 2, 2],
							"pivot": [3, 26.12, 0],
							"rotation": [19.05168, 53.46139, -17.4843],
							"uv": {
								"north": {"uv": [41.75, 70], "uv_size": [0.5, 0.75]},
								"east": {"uv": [41.75, 70], "uv_size": [0.5, 0.75]},
								"south": {"uv": [41.75, 70], "uv_size": [0.5, 0.75]},
								"west": {"uv": [41.75, 70], "uv_size": [0.5, 0.75]},
								"up": {"uv": [42.25, 70.75], "uv_size": [-0.5, -0.75]},
								"down": {"uv": [42.25, 70.75], "uv_size": [-0.5, -0.75]}
							}
						},
						{
							"origin": [2.25216, 22.70722, -2.69543],
							"size": [1.82, 1.82, 2.82],
							"pivot": [1.37448, 24.47245, -1.51566],
							"rotation": [31.55168, 53.46139, -17.4843],
							"uv": {
								"north": {"uv": [41.75, 70], "uv_size": [0.5, 0.75]},
								"east": {"uv": [41.75, 70], "uv_size": [0.5, 0.75]},
								"south": {"uv": [41.75, 70], "uv_size": [0.5, 0.75]},
								"west": {"uv": [41.75, 70], "uv_size": [0.5, 0.75]},
								"up": {"uv": [42.25, 70.75], "uv_size": [-0.5, -0.75]},
								"down": {"uv": [42.25, 70.75], "uv_size": [-0.5, -0.75]}
							}
						},
						{
							"origin": [2.5243, 23.09967, -5.34427],
							"size": [1.376, 1.376, 2.976],
							"pivot": [1.42462, 24.47457, -1.47976],
							"rotation": [54.05168, 53.46139, -17.4843],
							"uv": {
								"north": {"uv": [41.75, 70], "uv_size": [0.5, 0.75]},
								"east": {"uv": [41.75, 70], "uv_size": [0.5, 0.75]},
								"south": {"uv": [41.75, 70], "uv_size": [0.5, 0.75]},
								"west": {"uv": [41.75, 70], "uv_size": [0.5, 0.75]},
								"up": {"uv": [42.25, 70.75], "uv_size": [-0.5, -0.75]},
								"down": {"uv": [42.25, 70.75], "uv_size": [-0.5, -0.75]}
							}
						}
					]
				},
				{
					"name": "Mecha4",
					"parent": "Hair",
					"pivot": [2.60028, 28.29419, -1.39576],
					"rotation": [53.47242, 18.40289, -170.29012],
					"cubes": [
						{
							"origin": [3.58556, 26.59495, -5.10015],
							"size": [2, 2, 2],
							"pivot": [3, 28.12, -2],
							"rotation": [19.05168, 53.46139, -17.4843],
							"uv": {
								"north": {"uv": [41.75, 70], "uv_size": [0.5, 0.75]},
								"east": {"uv": [41.75, 70], "uv_size": [0.5, 0.75]},
								"south": {"uv": [41.75, 70], "uv_size": [0.5, 0.75]},
								"west": {"uv": [41.75, 70], "uv_size": [0.5, 0.75]},
								"up": {"uv": [42.25, 70.75], "uv_size": [-0.5, -0.75]},
								"down": {"uv": [42.25, 70.75], "uv_size": [-0.5, -0.75]}
							}
						},
						{
							"origin": [2.05004, 25.28796, -5.61338],
							"size": [1.82, 1.82, 2.82],
							"pivot": [1.37448, 26.47245, -3.51566],
							"rotation": [31.55168, 53.46139, -17.4843],
							"uv": {
								"north": {"uv": [41.75, 70], "uv_size": [0.5, 0.75]},
								"east": {"uv": [41.75, 70], "uv_size": [0.5, 0.75]},
								"south": {"uv": [41.75, 70], "uv_size": [0.5, 0.75]},
								"west": {"uv": [41.75, 70], "uv_size": [0.5, 0.75]},
								"up": {"uv": [42.25, 70.75], "uv_size": [-0.5, -0.75]},
								"down": {"uv": [42.25, 70.75], "uv_size": [-0.5, -0.75]}
							}
						},
						{
							"origin": [2.32218, 25.98749, -7.97011],
							"size": [1.376, 1.376, 2.976],
							"pivot": [1.42462, 26.47457, -3.47976],
							"rotation": [54.05168, 53.46139, -17.4843],
							"uv": {
								"north": {"uv": [41.75, 70], "uv_size": [0.5, 0.75]},
								"east": {"uv": [41.75, 70], "uv_size": [0.5, 0.75]},
								"south": {"uv": [41.75, 70], "uv_size": [0.5, 0.75]},
								"west": {"uv": [41.75, 70], "uv_size": [0.5, 0.75]},
								"up": {"uv": [42.25, 70.75], "uv_size": [-0.5, -0.75]},
								"down": {"uv": [42.25, 70.75], "uv_size": [-0.5, -0.75]}
							}
						}
					]
				},
				{
					"name": "Mecha10",
					"parent": "Hair",
					"pivot": [1.46298, 30.45348, -3.29686],
					"rotation": [46.13309, -43.05702, 160.79497],
					"cubes": [
						{
							"origin": [2.39934, 30.24619, -4.8289],
							"size": [2.4, 2.4, 2.4],
							"pivot": [2.39812, 31.33568, -0.83364],
							"rotation": [19.05168, 53.46139, -17.4843],
							"uv": {
								"north": {"uv": [41.75, 70], "uv_size": [0.5, 0.75]},
								"east": {"uv": [41.75, 70], "uv_size": [0.5, 0.75]},
								"south": {"uv": [41.75, 70], "uv_size": [0.5, 0.75]},
								"west": {"uv": [41.75, 70], "uv_size": [0.5, 0.75]},
								"up": {"uv": [42.25, 70.75], "uv_size": [-0.5, -0.75]},
								"down": {"uv": [42.25, 70.75], "uv_size": [-0.5, -0.75]}
							}
						},
						{
							"origin": [0.55672, 28.71979, -5.27796],
							"size": [2.184, 2.184, 3.384],
							"pivot": [0.4475, 29.35862, -2.65243],
							"rotation": [31.55168, 53.46139, -17.4843],
							"uv": {
								"north": {"uv": [41.75, 70], "uv_size": [0.5, 0.75]},
								"east": {"uv": [41.75, 70], "uv_size": [0.5, 0.75]},
								"south": {"uv": [41.75, 70], "uv_size": [0.5, 0.75]},
								"west": {"uv": [41.75, 70], "uv_size": [0.5, 0.75]},
								"up": {"uv": [42.25, 70.75], "uv_size": [-0.5, -0.75]},
								"down": {"uv": [42.25, 70.75], "uv_size": [-0.5, -0.75]}
							}
						},
						{
							"origin": [0.88328, 29.5411, -7.79833],
							"size": [1.6512, 1.6512, 3.5712],
							"pivot": [0.50766, 29.36117, -2.60935],
							"rotation": [54.05168, 53.46139, -17.4843],
							"uv": {
								"north": {"uv": [41.75, 70], "uv_size": [0.5, 0.75]},
								"east": {"uv": [41.75, 70], "uv_size": [0.5, 0.75]},
								"south": {"uv": [41.75, 70], "uv_size": [0.5, 0.75]},
								"west": {"uv": [41.75, 70], "uv_size": [0.5, 0.75]},
								"up": {"uv": [42.25, 70.75], "uv_size": [-0.5, -0.75]},
								"down": {"uv": [42.25, 70.75], "uv_size": [-0.5, -0.75]}
							}
						}
					]
				},
				{
					"name": "Mecha14",
					"parent": "Hair",
					"pivot": [2.60028, 31.29419, -0.39576],
					"rotation": [94.50853, 38.78756, -168.88394],
					"cubes": [
						{
							"origin": [3.72885, 30.24441, -3.81749],
							"size": [2.4, 2.4, 2.4],
							"pivot": [3, 31.12, -1],
							"rotation": [19.05168, 53.46139, -17.4843],
							"uv": {
								"north": {"uv": [41.75, 70], "uv_size": [0.5, 0.75]},
								"east": {"uv": [41.75, 70], "uv_size": [0.5, 0.75]},
								"south": {"uv": [41.75, 70], "uv_size": [0.5, 0.75]},
								"west": {"uv": [41.75, 70], "uv_size": [0.5, 0.75]},
								"up": {"uv": [42.25, 70.75], "uv_size": [-0.5, -0.75]},
								"down": {"uv": [42.25, 70.75], "uv_size": [-0.5, -0.75]}
							}
						},
						{
							"origin": [1.88623, 28.45802, -4.24817],
							"size": [2.184, 2.184, 3.384],
							"pivot": [1.04938, 29.14294, -2.81879],
							"rotation": [31.55168, 53.46139, -17.4843],
							"uv": {
								"north": {"uv": [41.75, 70], "uv_size": [0.5, 0.75]},
								"east": {"uv": [41.75, 70], "uv_size": [0.5, 0.75]},
								"south": {"uv": [41.75, 70], "uv_size": [0.5, 0.75]},
								"west": {"uv": [41.75, 70], "uv_size": [0.5, 0.75]},
								"up": {"uv": [42.25, 70.75], "uv_size": [-0.5, -0.75]},
								"down": {"uv": [42.25, 70.75], "uv_size": [-0.5, -0.75]}
							}
						},
						{
							"origin": [2.21279, 28.8251, -6.87722],
							"size": [1.6512, 1.6512, 3.5712],
							"pivot": [1.10954, 29.14549, -2.77571],
							"rotation": [54.05168, 53.46139, -17.4843],
							"uv": {
								"north": {"uv": [41.75, 70], "uv_size": [0.5, 0.75]},
								"east": {"uv": [41.75, 70], "uv_size": [0.5, 0.75]},
								"south": {"uv": [41.75, 70], "uv_size": [0.5, 0.75]},
								"west": {"uv": [41.75, 70], "uv_size": [0.5, 0.75]},
								"up": {"uv": [42.25, 70.75], "uv_size": [-0.5, -0.75]},
								"down": {"uv": [42.25, 70.75], "uv_size": [-0.5, -0.75]}
							}
						}
					]
				},
				{
					"name": "Mecha15",
					"parent": "Hair",
					"pivot": [-2.60028, 30.29419, -1.39576],
					"rotation": [63.59914, -30.00048, -177.44194],
					"cubes": [
						{
							"origin": [-6.13027, 29.23785, -4.81597],
							"size": [2.4, 2.4, 2.4],
							"pivot": [-3, 30.12, -2],
							"rotation": [19.05168, -53.46139, 17.4843],
							"uv": {
								"north": {"uv": [41.75, 70], "uv_size": [0.5, 0.75]},
								"east": {"uv": [41.75, 70], "uv_size": [0.5, 0.75]},
								"south": {"uv": [41.75, 70], "uv_size": [0.5, 0.75]},
								"west": {"uv": [41.75, 70], "uv_size": [0.5, 0.75]},
								"up": {"uv": [42.25, 70.75], "uv_size": [-0.5, -0.75]},
								"down": {"uv": [42.25, 70.75], "uv_size": [-0.5, -0.75]}
							}
						},
						{
							"origin": [-4.07165, 27.45129, -5.2481],
							"size": [2.184, 2.184, 3.384],
							"pivot": [-1.04938, 28.14294, -3.81879],
							"rotation": [31.55168, -53.46139, 17.4843],
							"uv": {
								"north": {"uv": [41.75, 70], "uv_size": [0.5, 0.75]},
								"east": {"uv": [41.75, 70], "uv_size": [0.5, 0.75]},
								"south": {"uv": [41.75, 70], "uv_size": [0.5, 0.75]},
								"west": {"uv": [41.75, 70], "uv_size": [0.5, 0.75]},
								"up": {"uv": [42.25, 70.75], "uv_size": [-0.5, -0.75]},
								"down": {"uv": [42.25, 70.75], "uv_size": [-0.5, -0.75]}
							}
						},
						{
							"origin": [-3.86541, 27.81885, -7.87974],
							"size": [1.6512, 1.6512, 3.5712],
							"pivot": [-1.10954, 28.14549, -3.77571],
							"rotation": [54.05168, -53.46139, 17.4843],
							"uv": {
								"north": {"uv": [41.75, 70], "uv_size": [0.5, 0.75]},
								"east": {"uv": [41.75, 70], "uv_size": [0.5, 0.75]},
								"south": {"uv": [41.75, 70], "uv_size": [0.5, 0.75]},
								"west": {"uv": [41.75, 70], "uv_size": [0.5, 0.75]},
								"up": {"uv": [42.25, 70.75], "uv_size": [-0.5, -0.75]},
								"down": {"uv": [42.25, 70.75], "uv_size": [-0.5, -0.75]}
							}
						}
					]
				},
				{
					"name": "Mecha16",
					"parent": "Hair",
					"pivot": [-2.60028, 30.29419, 0.60424],
					"rotation": [103.92262, -19.89071, 143.51595],
					"cubes": [
						{
							"origin": [-6.18013, 28.96593, -2.12255],
							"size": [2.4, 2.4, 2.4],
							"pivot": [-3, 30.12, 0],
							"rotation": [19.05168, -53.46139, 17.4843],
							"uv": {
								"north": {"uv": [41.75, 70], "uv_size": [0.5, 0.75]},
								"east": {"uv": [41.75, 70], "uv_size": [0.5, 0.75]},
								"south": {"uv": [41.75, 70], "uv_size": [0.5, 0.75]},
								"west": {"uv": [41.75, 70], "uv_size": [0.5, 0.75]},
								"up": {"uv": [42.25, 70.75], "uv_size": [-0.5, -0.75]},
								"down": {"uv": [42.25, 70.75], "uv_size": [-0.5, -0.75]}
							}
						},
						{
							"origin": [-4.12151, 27.03573, -2.62998],
							"size": [2.184, 2.184, 3.384],
							"pivot": [-1.04938, 28.14294, -1.81879],
							"rotation": [31.55168, -53.46139, 17.4843],
							"uv": {
								"north": {"uv": [41.75, 70], "uv_size": [0.5, 0.75]},
								"east": {"uv": [41.75, 70], "uv_size": [0.5, 0.75]},
								"south": {"uv": [41.75, 70], "uv_size": [0.5, 0.75]},
								"west": {"uv": [41.75, 70], "uv_size": [0.5, 0.75]},
								"up": {"uv": [42.25, 70.75], "uv_size": [-0.5, -0.75]},
								"down": {"uv": [42.25, 70.75], "uv_size": [-0.5, -0.75]}
							}
						},
						{
							"origin": [-3.91527, 27.19838, -5.46769],
							"size": [1.6512, 1.6512, 3.5712],
							"pivot": [-1.10954, 28.14549, -1.77571],
							"rotation": [54.05168, -53.46139, 17.4843],
							"uv": {
								"north": {"uv": [41.75, 70], "uv_size": [0.5, 0.75]},
								"east": {"uv": [41.75, 70], "uv_size": [0.5, 0.75]},
								"south": {"uv": [41.75, 70], "uv_size": [0.5, 0.75]},
								"west": {"uv": [41.75, 70], "uv_size": [0.5, 0.75]},
								"up": {"uv": [42.25, 70.75], "uv_size": [-0.5, -0.75]},
								"down": {"uv": [42.25, 70.75], "uv_size": [-0.5, -0.75]}
							}
						}
					]
				},
				{
					"name": "Mecha17",
					"parent": "Hair",
					"pivot": [2.60028, 30.29419, 0.60424],
					"rotation": [103.92262, 19.89071, -143.51595],
					"cubes": [
						{
							"origin": [3.78051, 28.97171, -2.12628],
							"size": [2.4, 2.4, 2.4],
							"pivot": [3, 30.12, 0],
							"rotation": [19.05168, 53.46139, -17.4843],
							"uv": {
								"north": {"uv": [41.75, 70], "uv_size": [0.5, 0.75]},
								"east": {"uv": [41.75, 70], "uv_size": [0.5, 0.75]},
								"south": {"uv": [41.75, 70], "uv_size": [0.5, 0.75]},
								"west": {"uv": [41.75, 70], "uv_size": [0.5, 0.75]},
								"up": {"uv": [42.25, 70.75], "uv_size": [-0.5, -0.75]},
								"down": {"uv": [42.25, 70.75], "uv_size": [-0.5, -0.75]}
							}
						},
						{
							"origin": [1.93789, 27.04218, -2.63236],
							"size": [2.184, 2.184, 3.384],
							"pivot": [1.04938, 28.14294, -1.81879],
							"rotation": [31.55168, 53.46139, -17.4843],
							"uv": {
								"north": {"uv": [41.75, 70], "uv_size": [0.5, 0.75]},
								"east": {"uv": [41.75, 70], "uv_size": [0.5, 0.75]},
								"south": {"uv": [41.75, 70], "uv_size": [0.5, 0.75]},
								"west": {"uv": [41.75, 70], "uv_size": [0.5, 0.75]},
								"up": {"uv": [42.25, 70.75], "uv_size": [-0.5, -0.75]},
								"down": {"uv": [42.25, 70.75], "uv_size": [-0.5, -0.75]}
							}
						},
						{
							"origin": [2.26445, 27.20525, -5.46743],
							"size": [1.6512, 1.6512, 3.5712],
							"pivot": [1.10954, 28.14549, -1.77571],
							"rotation": [54.05168, 53.46139, -17.4843],
							"uv": {
								"north": {"uv": [41.75, 70], "uv_size": [0.5, 0.75]},
								"east": {"uv": [41.75, 70], "uv_size": [0.5, 0.75]},
								"south": {"uv": [41.75, 70], "uv_size": [0.5, 0.75]},
								"west": {"uv": [41.75, 70], "uv_size": [0.5, 0.75]},
								"up": {"uv": [42.25, 70.75], "uv_size": [-0.5, -0.75]},
								"down": {"uv": [42.25, 70.75], "uv_size": [-0.5, -0.75]}
							}
						}
					]
				},
				{
					"name": "Mecha18",
					"parent": "Hair",
					"pivot": [1.60028, 29.29419, 0.60424],
					"rotation": [95.58099, 32.97719, -167.43057],
					"cubes": [
						{
							"origin": [2.73171, 28.29411, -2.7585],
							"size": [2.4, 2.4, 2.4],
							"pivot": [2, 29.12, 0],
							"rotation": [19.05168, 53.46139, -17.4843],
							"uv": {
								"north": {"uv": [41.75, 70], "uv_size": [0.5, 0.75]},
								"east": {"uv": [41.75, 70], "uv_size": [0.5, 0.75]},
								"south": {"uv": [41.75, 70], "uv_size": [0.5, 0.75]},
								"west": {"uv": [41.75, 70], "uv_size": [0.5, 0.75]},
								"up": {"uv": [42.25, 70.75], "uv_size": [-0.5, -0.75]},
								"down": {"uv": [42.25, 70.75], "uv_size": [-0.5, -0.75]}
							}
						},
						{
							"origin": [0.88909, 26.49377, -3.17982],
							"size": [2.184, 2.184, 3.384],
							"pivot": [0.04938, 27.14294, -1.81879],
							"rotation": [31.55168, 53.46139, -17.4843],
							"uv": {
								"north": {"uv": [41.75, 70], "uv_size": [0.5, 0.75]},
								"east": {"uv": [41.75, 70], "uv_size": [0.5, 0.75]},
								"south": {"uv": [41.75, 70], "uv_size": [0.5, 0.75]},
								"west": {"uv": [41.75, 70], "uv_size": [0.5, 0.75]},
								"up": {"uv": [42.25, 70.75], "uv_size": [-0.5, -0.75]},
								"down": {"uv": [42.25, 70.75], "uv_size": [-0.5, -0.75]}
							}
						},
						{
							"origin": [1.21565, 26.83197, -5.8004],
							"size": [1.6512, 1.6512, 3.5712],
							"pivot": [0.10954, 27.14549, -1.77571],
							"rotation": [54.05168, 53.46139, -17.4843],
							"uv": {
								"north": {"uv": [41.75, 70], "uv_size": [0.5, 0.75]},
								"east": {"uv": [41.75, 70], "uv_size": [0.5, 0.75]},
								"south": {"uv": [41.75, 70], "uv_size": [0.5, 0.75]},
								"west": {"uv": [41.75, 70], "uv_size": [0.5, 0.75]},
								"up": {"uv": [42.25, 70.75], "uv_size": [-0.5, -0.75]},
								"down": {"uv": [42.25, 70.75], "uv_size": [-0.5, -0.75]}
							}
						}
					]
				},
				{
					"name": "Mecha19",
					"parent": "Hair",
					"pivot": [-1.60028, 29.29419, 0.60424],
					"rotation": [95.58099, -32.97719, 167.43057],
					"cubes": [
						{
							"origin": [-5.13333, 28.28776, -2.75638],
							"size": [2.4, 2.4, 2.4],
							"pivot": [-2, 29.12, 0],
							"rotation": [19.05168, -53.46139, 17.4843],
							"uv": {
								"north": {"uv": [41.75, 70], "uv_size": [0.5, 0.75]},
								"east": {"uv": [41.75, 70], "uv_size": [0.5, 0.75]},
								"south": {"uv": [41.75, 70], "uv_size": [0.5, 0.75]},
								"west": {"uv": [41.75, 70], "uv_size": [0.5, 0.75]},
								"up": {"uv": [42.25, 70.75], "uv_size": [-0.5, -0.75]},
								"down": {"uv": [42.25, 70.75], "uv_size": [-0.5, -0.75]}
							}
						},
						{
							"origin": [-3.07471, 26.48712, -3.17912],
							"size": [2.184, 2.184, 3.384],
							"pivot": [-0.04938, 27.14294, -1.81879],
							"rotation": [31.55168, -53.46139, 17.4843],
							"uv": {
								"north": {"uv": [41.75, 70], "uv_size": [0.5, 0.75]},
								"east": {"uv": [41.75, 70], "uv_size": [0.5, 0.75]},
								"south": {"uv": [41.75, 70], "uv_size": [0.5, 0.75]},
								"west": {"uv": [41.75, 70], "uv_size": [0.5, 0.75]},
								"up": {"uv": [42.25, 70.75], "uv_size": [-0.5, -0.75]},
								"down": {"uv": [42.25, 70.75], "uv_size": [-0.5, -0.75]}
							}
						},
						{
							"origin": [-2.86847, 26.82555, -5.8023],
							"size": [1.6512, 1.6512, 3.5712],
							"pivot": [-0.10954, 27.14549, -1.77571],
							"rotation": [54.05168, -53.46139, 17.4843],
							"uv": {
								"north": {"uv": [41.75, 70], "uv_size": [0.5, 0.75]},
								"east": {"uv": [41.75, 70], "uv_size": [0.5, 0.75]},
								"south": {"uv": [41.75, 70], "uv_size": [0.5, 0.75]},
								"west": {"uv": [41.75, 70], "uv_size": [0.5, 0.75]},
								"up": {"uv": [42.25, 70.75], "uv_size": [-0.5, -0.75]},
								"down": {"uv": [42.25, 70.75], "uv_size": [-0.5, -0.75]}
							}
						}
					]
				},
				{
					"name": "Mecha11",
					"parent": "Hair",
					"pivot": [-1.30782, 30.40665, -5.29112],
					"rotation": [43.4735, -13.71175, 165.37324],
					"cubes": [
						{
							"origin": [-3.56883, 29.83339, -6.3412],
							"size": [2.4, 2.4, 2.4],
							"pivot": [-1.16472, 30.92885, -2.34772],
							"rotation": [19.05168, -53.46139, 17.4843],
							"uv": {
								"north": {"uv": [41.75, 70], "uv_size": [0.5, 0.75]},
								"east": {"uv": [41.75, 70], "uv_size": [0.5, 0.75]},
								"south": {"uv": [41.75, 70], "uv_size": [0.5, 0.75]},
								"west": {"uv": [41.75, 70], "uv_size": [0.5, 0.75]},
								"up": {"uv": [42.25, 70.75], "uv_size": [-0.5, -0.75]},
								"down": {"uv": [42.25, 70.75], "uv_size": [-0.5, -0.75]}
							}
						},
						{
							"origin": [-1.51021, 28.30674, -6.79159],
							"size": [2.184, 2.184, 3.384],
							"pivot": [0.7859, 28.95179, -4.16651],
							"rotation": [31.55168, -53.46139, 17.4843],
							"uv": {
								"north": {"uv": [41.75, 70], "uv_size": [0.5, 0.75]},
								"east": {"uv": [41.75, 70], "uv_size": [0.5, 0.75]},
								"south": {"uv": [41.75, 70], "uv_size": [0.5, 0.75]},
								"west": {"uv": [41.75, 70], "uv_size": [0.5, 0.75]},
								"up": {"uv": [42.25, 70.75], "uv_size": [-0.5, -0.75]},
								"down": {"uv": [42.25, 70.75], "uv_size": [-0.5, -0.75]}
							}
						},
						{
							"origin": [-1.30397, 29.12835, -9.31438],
							"size": [1.6512, 1.6512, 3.5712],
							"pivot": [0.72574, 28.95434, -4.12343],
							"rotation": [54.05168, -53.46139, 17.4843],
							"uv": {
								"north": {"uv": [41.75, 70], "uv_size": [0.5, 0.75]},
								"east": {"uv": [41.75, 70], "uv_size": [0.5, 0.75]},
								"south": {"uv": [41.75, 70], "uv_size": [0.5, 0.75]},
								"west": {"uv": [41.75, 70], "uv_size": [0.5, 0.75]},
								"up": {"uv": [42.25, 70.75], "uv_size": [-0.5, -0.75]},
								"down": {"uv": [42.25, 70.75], "uv_size": [-0.5, -0.75]}
							}
						}
					]
				},
				{
					"name": "Mecha12",
					"parent": "Hair",
					"pivot": [-0.39972, 30.29419, -2.39576],
					"rotation": [90.09716, -30.2091, 125.79536],
					"cubes": [
						{
							"origin": [-1.71015, 29.71891, -6.16111],
							"size": [2.4, 2.4, 3.4],
							"pivot": [0, 30.12, -3],
							"rotation": [19.05168, 53.46139, -17.4843],
							"uv": {
								"north": {"uv": [41.75, 70], "uv_size": [0.5, 0.75]},
								"east": {"uv": [41.75, 70], "uv_size": [0.5, 0.75]},
								"south": {"uv": [41.75, 70], "uv_size": [0.5, 0.75]},
								"west": {"uv": [41.75, 70], "uv_size": [0.5, 0.75]},
								"up": {"uv": [42.25, 70.75], "uv_size": [-0.5, -0.75]},
								"down": {"uv": [42.25, 70.75], "uv_size": [-0.5, -0.75]}
							}
						},
						{
							"origin": [-3.55277, 28.21208, -7.45724],
							"size": [2.184, 2.184, 3.384],
							"pivot": [-1.95062, 28.14294, -4.81879],
							"rotation": [31.55168, 53.46139, -17.4843],
							"uv": {
								"north": {"uv": [41.75, 70], "uv_size": [0.5, 0.75]},
								"east": {"uv": [41.75, 70], "uv_size": [0.5, 0.75]},
								"south": {"uv": [41.75, 70], "uv_size": [0.5, 0.75]},
								"west": {"uv": [41.75, 70], "uv_size": [0.5, 0.75]},
								"up": {"uv": [42.25, 70.75], "uv_size": [-0.5, -0.75]},
								"down": {"uv": [42.25, 70.75], "uv_size": [-0.5, -0.75]}
							}
						},
						{
							"origin": [-3.22621, 28.98444, -9.70569],
							"size": [1.6512, 1.6512, 3.5712],
							"pivot": [-1.89046, 28.14549, -4.77571],
							"rotation": [54.05168, 53.46139, -17.4843],
							"uv": {
								"north": {"uv": [41.75, 70], "uv_size": [0.5, 0.75]},
								"east": {"uv": [41.75, 70], "uv_size": [0.5, 0.75]},
								"south": {"uv": [41.75, 70], "uv_size": [0.5, 0.75]},
								"west": {"uv": [41.75, 70], "uv_size": [0.5, 0.75]},
								"up": {"uv": [42.25, 70.75], "uv_size": [-0.5, -0.75]},
								"down": {"uv": [42.25, 70.75], "uv_size": [-0.5, -0.75]}
							}
						}
					]
				},
				{
					"name": "Mecha13",
					"parent": "Hair",
					"pivot": [1.39972, 30.29419, -1.39576],
					"rotation": [61.531, 4.63809, -139.84657],
					"cubes": [
						{
							"origin": [0.30412, 29.72221, -6.16134],
							"size": [2.4, 2.4, 2.4],
							"pivot": [1, 30.12, -2],
							"rotation": [19.05168, -53.46139, 17.4843],
							"uv": {
								"north": {"uv": [41.75, 70], "uv_size": [0.5, 0.75]},
								"east": {"uv": [41.75, 70], "uv_size": [0.5, 0.75]},
								"south": {"uv": [41.75, 70], "uv_size": [0.5, 0.75]},
								"west": {"uv": [41.75, 70], "uv_size": [0.5, 0.75]},
								"up": {"uv": [42.25, 70.75], "uv_size": [-0.5, -0.75]},
								"down": {"uv": [42.25, 70.75], "uv_size": [-0.5, -0.75]}
							}
						},
						{
							"origin": [2.36274, 28.21536, -6.45675],
							"size": [2.184, 2.184, 3.384],
							"pivot": [2.95062, 28.14294, -3.81879],
							"rotation": [31.55168, -53.46139, 17.4843],
							"uv": {
								"north": {"uv": [41.75, 70], "uv_size": [0.5, 0.75]},
								"east": {"uv": [41.75, 70], "uv_size": [0.5, 0.75]},
								"south": {"uv": [41.75, 70], "uv_size": [0.5, 0.75]},
								"west": {"uv": [41.75, 70], "uv_size": [0.5, 0.75]},
								"up": {"uv": [42.25, 70.75], "uv_size": [-0.5, -0.75]},
								"down": {"uv": [42.25, 70.75], "uv_size": [-0.5, -0.75]}
							}
						},
						{
							"origin": [2.56898, 28.98729, -8.70399],
							"size": [1.6512, 1.6512, 3.5712],
							"pivot": [2.89046, 28.14549, -3.77571],
							"rotation": [54.05168, -53.46139, 17.4843],
							"uv": {
								"north": {"uv": [41.75, 70], "uv_size": [0.5, 0.75]},
								"east": {"uv": [41.75, 70], "uv_size": [0.5, 0.75]},
								"south": {"uv": [41.75, 70], "uv_size": [0.5, 0.75]},
								"west": {"uv": [41.75, 70], "uv_size": [0.5, 0.75]},
								"up": {"uv": [42.25, 70.75], "uv_size": [-0.5, -0.75]},
								"down": {"uv": [42.25, 70.75], "uv_size": [-0.5, -0.75]}
							}
						}
					]
				},
				{
					"name": "Mecha5",
					"parent": "Hair",
					"pivot": [-2.60028, 28.29419, -1.39576],
					"rotation": [53.47242, -18.40289, 170.29012],
					"cubes": [
						{
							"origin": [-5.58725, 26.59023, -5.09543],
							"size": [2, 2, 2],
							"pivot": [-3, 28.12, -2],
							"rotation": [19.05168, -53.46139, 17.4843],
							"uv": {
								"north": {"uv": [41.75, 70], "uv_size": [0.5, 0.75]},
								"east": {"uv": [41.75, 70], "uv_size": [0.5, 0.75]},
								"south": {"uv": [41.75, 70], "uv_size": [0.5, 0.75]},
								"west": {"uv": [41.75, 70], "uv_size": [0.5, 0.75]},
								"up": {"uv": [42.25, 70.75], "uv_size": [-0.5, -0.75]},
								"down": {"uv": [42.25, 70.75], "uv_size": [-0.5, -0.75]}
							}
						},
						{
							"origin": [-3.87173, 25.28233, -5.60979],
							"size": [1.82, 1.82, 2.82],
							"pivot": [-1.37448, 26.47245, -3.51566],
							"rotation": [31.55168, -53.46139, 17.4843],
							"uv": {
								"north": {"uv": [41.75, 70], "uv_size": [0.5, 0.75]},
								"east": {"uv": [41.75, 70], "uv_size": [0.5, 0.75]},
								"south": {"uv": [41.75, 70], "uv_size": [0.5, 0.75]},
								"west": {"uv": [41.75, 70], "uv_size": [0.5, 0.75]},
								"up": {"uv": [42.25, 70.75], "uv_size": [-0.5, -0.75]},
								"down": {"uv": [42.25, 70.75], "uv_size": [-0.5, -0.75]}
							}
						},
						{
							"origin": [-3.69987, 25.98092, -7.96895],
							"size": [1.376, 1.376, 2.976],
							"pivot": [-1.42462, 26.47457, -3.47976],
							"rotation": [54.05168, -53.46139, 17.4843],
							"uv": {
								"north": {"uv": [41.75, 70], "uv_size": [0.5, 0.75]},
								"east": {"uv": [41.75, 70], "uv_size": [0.5, 0.75]},
								"south": {"uv": [41.75, 70], "uv_size": [0.5, 0.75]},
								"west": {"uv": [41.75, 70], "uv_size": [0.5, 0.75]},
								"up": {"uv": [42.25, 70.75], "uv_size": [-0.5, -0.75]},
								"down": {"uv": [42.25, 70.75], "uv_size": [-0.5, -0.75]}
							}
						}
					]
				},
				{
					"name": "Cauda",
					"parent": "Corpo",
					"pivot": [-0.18462, 13.67954, 1.97525],
					"rotation": [22.5, 0, 0],
					"cubes": [
						{
							"origin": [-0.88462, 13.29686, 2.19913],
							"size": [1.4, 1.4, 6.3],
							"uv": {
								"north": {"uv": [126.25, 125.25], "uv_size": [1.75, 2.75]},
								"east": {"uv": [126.25, 125.25], "uv_size": [1.75, 2.75]},
								"south": {"uv": [126.25, 125.25], "uv_size": [1.75, 2.75]},
								"west": {"uv": [126.25, 125.25], "uv_size": [1.75, 2.75]},
								"up": {"uv": [128, 128], "uv_size": [-1.75, -2.75]},
								"down": {"uv": [128, 128], "uv_size": [-1.75, -2.75]}
							}
						}
					]
				},
				{
					"name": "bone",
					"parent": "Cauda",
					"pivot": [-0.12923, 13.69299, 8.60655],
					"cubes": [
						{
							"origin": [-0.88462, 14.28576, 8.35376],
							"size": [1.4, 1.4, 7.7],
							"pivot": [-0.18462, 14.71908, 5.21394],
							"rotation": [-17.5, 0, 0],
							"uv": {
								"north": {"uv": [126.25, 125.25], "uv_size": [1.75, 2.75]},
								"east": {"uv": [126.25, 125.25], "uv_size": [1.75, 2.75]},
								"south": {"uv": [126.25, 125.25], "uv_size": [1.75, 2.75]},
								"west": {"uv": [126.25, 125.25], "uv_size": [1.75, 2.75]},
								"up": {"uv": [128, 128], "uv_size": [-1.75, -2.75]},
								"down": {"uv": [128, 128], "uv_size": [-1.75, -2.75]}
							}
						}
					]
				},
				{
					"name": "bone2",
					"parent": "bone",
					"pivot": [-0.18462, 11.37046, 15.34207],
					"cubes": [
						{
							"origin": [-0.88462, 13.22582, 15.95596],
							"size": [1.4, 1.4, 7.7],
							"pivot": [-0.18462, 13.65914, 12.81613],
							"rotation": [-40, 0, 0],
							"uv": {
								"north": {"uv": [126.25, 125.25], "uv_size": [1.75, 2.75]},
								"east": {"uv": [126.25, 125.25], "uv_size": [1.75, 2.75]},
								"south": {"uv": [126.25, 125.25], "uv_size": [1.75, 2.75]},
								"west": {"uv": [126.25, 125.25], "uv_size": [1.75, 2.75]},
								"up": {"uv": [128, 128], "uv_size": [-1.75, -2.75]},
								"down": {"uv": [128, 128], "uv_size": [-1.75, -2.75]}
							}
						}
					]
				},
				{
					"name": "bone3",
					"parent": "bone2",
					"pivot": [-0.18462, 6.60714, 20.5679],
					"rotation": [-60, 0, 0],
					"cubes": [
						{
							"origin": [-0.88462, 6.13919, 20.31598],
							"size": [1.4, 1.4, 7.7],
							"pivot": [-0.18462, 6.83919, 24.16598],
							"rotation": [-7.5, 0, 0],
							"uv": {
								"north": {"uv": [126.25, 125.25], "uv_size": [1.75, 2.75]},
								"east": {"uv": [126.25, 125.25], "uv_size": [1.75, 2.75]},
								"south": {"uv": [126.25, 125.25], "uv_size": [1.75, 2.75]},
								"west": {"uv": [126.25, 125.25], "uv_size": [1.75, 2.75]},
								"up": {"uv": [128, 128], "uv_size": [-1.75, -2.75]},
								"down": {"uv": [128, 128], "uv_size": [-1.75, -2.75]}
							}
						}
					]
				}
			]
		}
	]
}