{
	"format_version": "1.12.0",
	"minecraft:geometry": [
		{
			"description": {
				"identifier": "geometry.sayajinwarrior",
				"texture_width": 128,
				"texture_height": 128,
				"visible_bounds_width": 5,
				"visible_bounds_height": 3.5,
				"visible_bounds_offset": [0, 1.25, 0]
			},
			"bones": [
				{
					"name": "Tudo",
					"pivot": [0, 12.72, 0]
				},
				{
					"name": "Corpo",
					"parent": "Tudo",
					"pivot": [0, 24.60557, 0],
					"cubes": [
						{
							"origin": [-4.10093, 12.30278, -2.05046],
							"size": [8.20186, 12.30278, 4.10093],
							"uv": {
								"north": {"uv": [11, 0], "uv_size": [8.25, 12.25]},
								"east": {"uv": [6, 26], "uv_size": [4, 12.25]},
								"south": {"uv": [11, 13], "uv_size": [8.25, 12.25]},
								"west": {"uv": [10, 26], "uv_size": [4, 12.25]},
								"up": {"uv": [0, 51], "uv_size": [8.25, 4]},
								"down": {"uv": [52, 4], "uv_size": [8.25, -4]}
							}
						}
					],
					"locators": {
						"aura": [0, 19, 0]
					}
				},
				{
					"name": "Roupa",
					"parent": "Corpo",
					"pivot": [0, 21.01726, 0],
					"cubes": [
						{
							"origin": [-4.429, 18.20812, -2.2145],
							"size": [8.858, 6.6435, 4.429],
							"uv": {
								"north": {"uv": [20, 6], "uv_size": [8.75, 6.75]},
								"east": {"uv": [9, 46], "uv_size": [4.5, 6.75]},
								"south": {"uv": [20, 13], "uv_size": [8.75, 6.75]},
								"west": {"uv": [9, 53], "uv_size": [4.5, 6.75]},
								"up": {"uv": [46, 39], "uv_size": [8.75, 4.5]},
								"down": {"uv": [46, 48.5], "uv_size": [8.75, -4.5]}
							}
						},
						{
							"origin": [-9.287, 21.20812, -2.2145],
							"size": [4.858, 3.6435, 4.429],
							"uv": {
								"north": {"uv": [44, 59], "uv_size": [4.75, 3.75]},
								"east": {"uv": [59, 59], "uv_size": [4.5, 3.75]},
								"south": {"uv": [59, 48], "uv_size": [4.75, 3.75]},
								"west": {"uv": [5, 60], "uv_size": [4.5, 3.75]},
								"up": {"uv": [56, 17], "uv_size": [4.75, 4.5]},
								"down": {"uv": [19, 60.5], "uv_size": [4.75, -4.5]}
							}
						},
						{
							"origin": [4.429, 21.20812, -2.2145],
							"size": [4.858, 3.6435, 4.429],
							"uv": {
								"north": {"uv": [48.75, 59], "uv_size": [-4.75, 3.75]},
								"east": {"uv": [9.5, 60], "uv_size": [-4.5, 3.75]},
								"south": {"uv": [63.75, 48], "uv_size": [-4.75, 3.75]},
								"west": {"uv": [63.5, 59], "uv_size": [-4.5, 3.75]},
								"up": {"uv": [60.75, 17], "uv_size": [-4.75, 4.5]},
								"down": {"uv": [23.75, 60.5], "uv_size": [-4.75, -4.5]}
							}
						}
					]
				},
				{
					"name": "rightBraco",
					"parent": "Corpo",
					"pivot": [-5.12616, 22.5551, 0],
					"cubes": [
						{
							"origin": [-8.20186, 12.30278, -2.05046],
							"size": [4.10093, 12.30278, 4.10093],
							"uv": {
								"north": {"uv": [14, 26], "uv_size": [4, 12.25]},
								"east": {"uv": [26, 20], "uv_size": [4, 12.25]},
								"south": {"uv": [29, 6], "uv_size": [4, 12.25]},
								"west": {"uv": [18, 30], "uv_size": [4, 12.25]},
								"up": {"uv": [37, 7], "uv_size": [4, 4]},
								"down": {"uv": [14, 56], "uv_size": [4, -4]}
							}
						}
					]
				},
				{
					"name": "leftBiceps",
					"parent": "rightBraco",
					"pivot": [-5.63878, 19.47941, -0.51262],
					"cubes": [
						{
							"origin": [-7.29965, 17.30592, -2.17349],
							"size": [3.32175, 4.34698, 3.32175],
							"uv": {
								"north": {"uv": [18, 61], "uv_size": [3.25, 4.25]},
								"east": {"uv": [61, 20], "uv_size": [3.25, 4.25]},
								"south": {"uv": [0, 62], "uv_size": [3.25, 4.25]},
								"west": {"uv": [22, 62], "uv_size": [3.25, 4.25]},
								"up": {"uv": [40, 64], "uv_size": [3.25, 3.25]},
								"down": {"uv": [64, 62.25], "uv_size": [3.25, -3.25]}
							}
						}
					]
				},
				{
					"name": "leftBraco",
					"parent": "Corpo",
					"pivot": [5.12616, 22.5551, 0],
					"cubes": [
						{
							"origin": [4.10093, 12.30278, -2.05046],
							"size": [4.10093, 12.30278, 4.10093],
							"uv": {
								"north": {"uv": [26, 33], "uv_size": [4, 12.25]},
								"east": {"uv": [14, 39], "uv_size": [4, 12.25]},
								"south": {"uv": [41, 28], "uv_size": [4, 12.25]},
								"west": {"uv": [34, 41], "uv_size": [4, 12.25]},
								"up": {"uv": [61, 0], "uv_size": [4, 4]},
								"down": {"uv": [61, 16], "uv_size": [4, -4]}
							}
						}
					]
				},
				{
					"name": "rightBiceps",
					"parent": "leftBraco",
					"pivot": [5.63878, 19.47941, -0.51262],
					"cubes": [
						{
							"origin": [3.9779, 17.30592, -2.17349],
							"size": [3.32175, 4.34698, 3.32175],
							"uv": {
								"north": {"uv": [62, 52], "uv_size": [3.25, 4.25]},
								"east": {"uv": [44, 63], "uv_size": [3.25, 4.25]},
								"south": {"uv": [48, 63], "uv_size": [3.25, 4.25]},
								"west": {"uv": [52, 63], "uv_size": [3.25, 4.25]},
								"up": {"uv": [64, 63], "uv_size": [3.25, 3.25]},
								"down": {"uv": [65, 3.25], "uv_size": [3.25, -3.25]}
							}
						}
					]
				},
				{
					"name": "rightPerna",
					"parent": "Corpo",
					"pivot": [-1.94794, 12.30278, 0],
					"cubes": [
						{
							"origin": [-3.9984, 0, -2.05046],
							"size": [4.10093, 12.30278, 4.10093],
							"uv": {
								"north": {"uv": [30, 19], "uv_size": [4, 12.25]},
								"east": {"uv": [22, 30], "uv_size": [4, 12.25]},
								"south": {"uv": [30, 32], "uv_size": [4, 12.25]},
								"west": {"uv": [33, 0], "uv_size": [4, 12.25]},
								"up": {"uv": [10, 60], "uv_size": [4, 4]},
								"down": {"uv": [60, 48], "uv_size": [4, -4]}
							}
						},
						{
							"origin": [-4.44479, 5.62521, -1.54685],
							"size": [4.9937, 1.70134, 4.0937],
							"uv": {
								"north": {"uv": [46, 68], "uv_size": [5, 1.75]},
								"east": {"uv": [37, 11], "uv_size": [4, 1.75]},
								"south": {"uv": [51, 68], "uv_size": [5, 1.75]},
								"west": {"uv": [5, 58], "uv_size": [4, 1.75]},
								"up": {"uv": [0, 58], "uv_size": [5, 4]},
								"down": {"uv": [24, 62], "uv_size": [5, -4]}
							}
						},
						{
							"origin": [-4.50027, 7.73499, -2.55233],
							"size": [5.10467, 4.58598, 5.10467],
							"uv": {
								"north": {"uv": [42, 54], "uv_size": [5, 4.5]},
								"east": {"uv": [47, 54], "uv_size": [5, 4.5]},
								"south": {"uv": [54, 49], "uv_size": [5, 4.5]},
								"west": {"uv": [52, 54], "uv_size": [5, 4.5]},
								"up": {"uv": [54, 4], "uv_size": [5, 5]},
								"down": {"uv": [32, 59], "uv_size": [5, -5]}
							}
						},
						{
							"origin": [-4.10093, -0.10252, -2.17349],
							"size": [4.34698, 2.6656, 4.34698],
							"uv": {
								"north": {"uv": [0, 36], "uv_size": [4.25, 2.75]},
								"east": {"uv": [59, 63], "uv_size": [4.25, 2.75]},
								"south": {"uv": [4, 64], "uv_size": [4.25, 2.75]},
								"west": {"uv": [64, 4], "uv_size": [4.25, 2.75]},
								"up": {"uv": [29, 59], "uv_size": [4.25, 4.25]},
								"down": {"uv": [59, 35.25], "uv_size": [4.25, -4.25]}
							}
						}
					]
				},
				{
					"name": "leftPerna",
					"parent": "Corpo",
					"pivot": [1.94794, 12.30278, 0],
					"cubes": [
						{
							"origin": [-0.10253, 0, -2.05046],
							"size": [4.10093, 12.30278, 4.10093],
							"uv": {
								"north": {"uv": [38, 41], "uv_size": [4, 12.25]},
								"east": {"uv": [42, 41], "uv_size": [4, 12.25]},
								"south": {"uv": [18, 43], "uv_size": [4, 12.25]},
								"west": {"uv": [22, 43], "uv_size": [4, 12.25]},
								"up": {"uv": [14, 61], "uv_size": [4, 4]},
								"down": {"uv": [61, 20], "uv_size": [4, -4]}
							}
						},
						{
							"origin": [-0.54891, 5.62521, -1.54685],
							"size": [4.9937, 1.70134, 4.0937],
							"uv": {
								"north": {"uv": [68, 59], "uv_size": [5, 1.75]},
								"east": {"uv": [69, 6], "uv_size": [4, 1.75]},
								"south": {"uv": [68, 61], "uv_size": [5, 1.75]},
								"west": {"uv": [6, 70], "uv_size": [4, 1.75]},
								"up": {"uv": [59, 4], "uv_size": [5, 4]},
								"down": {"uv": [59, 31], "uv_size": [5, -4]}
							}
						},
						{
							"origin": [-0.6044, 7.73499, -2.55233],
							"size": [5.10467, 4.58598, 5.10467],
							"uv": {
								"north": {"uv": [55, 38], "uv_size": [5, 4.5]},
								"east": {"uv": [55, 43], "uv_size": [5, 4.5]},
								"south": {"uv": [56, 12], "uv_size": [5, 4.5]},
								"west": {"uv": [14, 56], "uv_size": [5, 4.5]},
								"up": {"uv": [54, 33], "uv_size": [5, 5]},
								"down": {"uv": [37, 59], "uv_size": [5, -5]}
							}
						},
						{
							"origin": [-0.24605, -0.10252, -2.17349],
							"size": [4.34698, 2.6656, 4.34698],
							"uv": {
								"north": {"uv": [9, 64], "uv_size": [4.25, 2.75]},
								"east": {"uv": [64, 27], "uv_size": [4.25, 2.75]},
								"south": {"uv": [29, 64], "uv_size": [4.25, 2.75]},
								"west": {"uv": [64, 30], "uv_size": [4.25, 2.75]},
								"up": {"uv": [34, 59], "uv_size": [4.25, 4.25]},
								"down": {"uv": [39, 63.25], "uv_size": [4.25, -4.25]}
							}
						}
					]
				},
				{
					"name": "head",
					"parent": "Corpo",
					"pivot": [0, 24.12, 0],
					"cubes": [
						{
							"origin": [-3.52, 24.12, -3.52],
							"size": [7.04, 7.04, 7.04],
							"uv": {
								"north": {"uv": [34, 13], "uv_size": [7, 7]},
								"east": {"uv": [34, 20], "uv_size": [7, 7]},
								"south": {"uv": [34, 27], "uv_size": [7, 7]},
								"west": {"uv": [34, 34], "uv_size": [7, 7]},
								"up": {"uv": [37, 0], "uv_size": [7, 7]},
								"down": {"uv": [0, 46], "uv_size": [7, -7]}
							}
						}
					]
				},
				{
					"name": "Face",
					"parent": "head",
					"pivot": [0, 27.64, -2.6],
					"cubes": [
						{
							"origin": [-3.52, 24.12, -2.6],
							"size": [7.04, 7.04, 0],
							"uv": {
								"north": {"uv": [41, 7], "uv_size": [7, 7]},
								"east": {"uv": [0, 0], "uv_size": [0, 7]},
								"south": {"uv": [48, 7], "uv_size": [-7, 7]},
								"west": {"uv": [0, 0], "uv_size": [0, 7]},
								"up": {"uv": [0, 0], "uv_size": [7, 0]},
								"down": {"uv": [0, 0], "uv_size": [7, 0]}
							}
						}
					]
				},
				{
					"name": "Face2",
					"parent": "head",
					"pivot": [0, 27.64, -2.6],
					"cubes": [
						{
							"origin": [-3.52, 24.12, -2.6],
							"size": [7.04, 7.04, 0],
							"uv": {
								"north": {"uv": [41, 14], "uv_size": [7, 7]},
								"east": {"uv": [0, 0], "uv_size": [0, 7]},
								"south": {"uv": [48, 14], "uv_size": [-7, 7]},
								"west": {"uv": [0, 0], "uv_size": [0, 7]},
								"up": {"uv": [0, 0], "uv_size": [7, 0]},
								"down": {"uv": [0, 0], "uv_size": [7, 0]}
							}
						}
					]
				},
				{
					"name": "Face3",
					"parent": "head",
					"pivot": [0, 27.64, -2.6],
					"cubes": [
						{
							"origin": [-3.52, 24.12, -2.6],
							"size": [7.04, 7.04, 0],
							"uv": {
								"north": {"uv": [41, 21], "uv_size": [7, 7]},
								"east": {"uv": [0, 0], "uv_size": [0, 7]},
								"south": {"uv": [48, 21], "uv_size": [-7, 7]},
								"west": {"uv": [0, 0], "uv_size": [0, 7]},
								"up": {"uv": [0, 0], "uv_size": [7, 0]},
								"down": {"uv": [0, 0], "uv_size": [7, 0]}
							}
						}
					]
				},
				{
					"name": "Face4",
					"parent": "head",
					"pivot": [0, 27.64, -2.6],
					"cubes": [
						{
							"origin": [-3.52, 24.12, -2.6],
							"size": [7.04, 7.04, 0],
							"uv": {
								"north": {"uv": [6.75, 39], "uv_size": [7, 7]},
								"east": {"uv": [0, 0], "uv_size": [0, 7]},
								"south": {"uv": [13.75, 39], "uv_size": [-7, 7]},
								"west": {"uv": [0, 0], "uv_size": [0, 7]},
								"up": {"uv": [0, 0], "uv_size": [7, 0]},
								"down": {"uv": [0, 0], "uv_size": [7, 0]}
							}
						}
					]
				},
				{
					"name": "Hair",
					"parent": "head",
					"pivot": [-1, 31.87, 1.25],
					"rotation": [0, -87.5, 0],
					"cubes": [
						{
							"origin": [-4.88, 27.3964, -2.97],
							"size": [6.76, 5.85, 7.82],
							"uv": {
								"north": {"uv": [55.75, 13], "uv_size": [-7.75, 4.75]},
								"east": {"uv": [58.75, 28], "uv_size": [-5.75, 4.75]},
								"south": {"uv": [55.75, 18], "uv_size": [-7.75, 4.75]},
								"west": {"uv": [31.75, 53], "uv_size": [-5.75, 4.75]},
								"up": {"uv": [51.75, 0], "uv_size": [-7.75, 5.75]},
								"down": {"uv": [52.75, 33.75], "uv_size": [-7.75, -5.75]}
							}
						},
						{
							"origin": [-3.91, 31.2764, -2.91],
							"size": [4.82, 2.94, 6.79],
							"uv": {
								"north": {"uv": [69.75, 33], "uv_size": [-5.75, 2]},
								"east": {"uv": [69.75, 10], "uv_size": [-6.75, 2]},
								"south": {"uv": [39.75, 64], "uv_size": [-5.75, 2]},
								"west": {"uv": [69.75, 8], "uv_size": [-6.75, 2]},
								"up": {"uv": [31.75, 46], "uv_size": [-5.75, 6.75]},
								"down": {"uv": [53.75, 12.75], "uv_size": [-5.75, -6.75]}
							}
						}
					]
				},
				{
					"name": "Mecha",
					"parent": "Hair",
					"pivot": [-1.86667, 31.55202, -3.27678],
					"rotation": [-1.31845, -9.91358, -172.38565],
					"cubes": [
						{
							"origin": [-3.16665, 30.20018, -4.98721],
							"size": [2.09246, 2.09246, 2.09246],
							"pivot": [-2.12042, 31.2464, -2.89475],
							"rotation": [19.05168, 53.46139, -17.4843],
							"uv": {
								"north": {"uv": [52, 4], "uv_size": [2, 2]},
								"east": {"uv": [24, 56], "uv_size": [2, 2]},
								"south": {"uv": [64, 50], "uv_size": [2, 2]},
								"west": {"uv": [12, 67], "uv_size": [2, 2]},
								"up": {"uv": [32, 67], "uv_size": [2, 2]},
								"down": {"uv": [74, 16], "uv_size": [2, -2]}
							}
						},
						{
							"origin": [-4.73486, 28.71847, -5.48976],
							"size": [1.90414, 1.90414, 1.90414],
							"pivot": [-3.7828, 29.67053, -4.5377],
							"rotation": [31.55168, 53.46139, -17.4843],
							"uv": {
								"north": {"uv": [15, 74], "uv_size": [2, 2]},
								"east": {"uv": [74, 16], "uv_size": [2, 2]},
								"south": {"uv": [74, 18], "uv_size": [2, 2]},
								"west": {"uv": [74, 20], "uv_size": [2, 2]},
								"up": {"uv": [74, 32], "uv_size": [2, 2]},
								"down": {"uv": [74, 36], "uv_size": [2, -2]}
							}
						},
						{
							"origin": [-4.92427, 29.82668, -7.6357],
							"size": [1.43962, 1.43962, 1.02112],
							"pivot": [-2.11203, 29.50026, -6.28815],
							"rotation": [46.55168, 53.46139, -17.4843],
							"uv": {
								"north": {"uv": [76, 18], "uv_size": [1.5, 1.5]},
								"east": {"uv": [33, 13], "uv_size": [1, 1.5]},
								"south": {"uv": [19, 76], "uv_size": [1.5, 1.5]},
								"west": {"uv": [33, 15], "uv_size": [1, 1.5]},
								"up": {"uv": [20, 66], "uv_size": [1.5, 1]},
								"down": {"uv": [66, 57], "uv_size": [1.5, -1]}
							}
						},
						{
							"origin": [-3.70982, 27.81639, -5.09447],
							"size": [1.1085, 1.1085, 1.59186],
							"pivot": [-3.15556, 26.27818, -5.34477],
							"rotation": [56.55168, 53.46139, -17.4843],
							"uv": {
								"north": {"uv": [29, 19], "uv_size": [1, 1]},
								"east": {"uv": [62, 66], "uv_size": [1.5, 1]},
								"south": {"uv": [5, 38], "uv_size": [1, 1]},
								"west": {"uv": [67, 7], "uv_size": [1.5, 1]},
								"up": {"uv": [33, 17], "uv_size": [1, 1.5]},
								"down": {"uv": [5, 37.5], "uv_size": [1, -1.5]}
							}
						}
					]
				},
				{
					"name": "Mecha6",
					"parent": "Hair",
					"pivot": [1.13333, 31.55202, -3.27678],
					"rotation": [9.17774, 9.97058, -171.02665],
					"cubes": [
						{
							"origin": [-0.16665, 30.20018, -4.98721],
							"size": [2.09246, 2.09246, 2.09246],
							"pivot": [0.87958, 31.2464, -2.89475],
							"rotation": [19.05168, 53.46139, -17.4843],
							"uv": {
								"north": {"uv": [52, 4], "uv_size": [2, 2]},
								"east": {"uv": [24, 56], "uv_size": [2, 2]},
								"south": {"uv": [64, 50], "uv_size": [2, 2]},
								"west": {"uv": [12, 67], "uv_size": [2, 2]},
								"up": {"uv": [32, 67], "uv_size": [2, 2]},
								"down": {"uv": [74, 16], "uv_size": [2, -2]}
							}
						},
						{
							"origin": [-1.73486, 28.71847, -5.48976],
							"size": [1.90414, 1.90414, 1.90414],
							"pivot": [-0.7828, 29.67053, -4.5377],
							"rotation": [31.55168, 53.46139, -17.4843],
							"uv": {
								"north": {"uv": [15, 74], "uv_size": [2, 2]},
								"east": {"uv": [74, 16], "uv_size": [2, 2]},
								"south": {"uv": [74, 18], "uv_size": [2, 2]},
								"west": {"uv": [74, 20], "uv_size": [2, 2]},
								"up": {"uv": [74, 32], "uv_size": [2, 2]},
								"down": {"uv": [74, 36], "uv_size": [2, -2]}
							}
						},
						{
							"origin": [-1.92427, 29.82668, -7.6357],
							"size": [1.43962, 1.43962, 1.02112],
							"pivot": [0.88797, 29.50026, -6.28815],
							"rotation": [46.55168, 53.46139, -17.4843],
							"uv": {
								"north": {"uv": [76, 18], "uv_size": [1.5, 1.5]},
								"east": {"uv": [33, 13], "uv_size": [1, 1.5]},
								"south": {"uv": [19, 76], "uv_size": [1.5, 1.5]},
								"west": {"uv": [33, 15], "uv_size": [1, 1.5]},
								"up": {"uv": [20, 66], "uv_size": [1.5, 1]},
								"down": {"uv": [66, 57], "uv_size": [1.5, -1]}
							}
						},
						{
							"origin": [-0.70982, 27.81639, -5.09447],
							"size": [1.1085, 1.1085, 1.59186],
							"pivot": [-0.15556, 26.27818, -5.34477],
							"rotation": [56.55168, 53.46139, -17.4843],
							"uv": {
								"north": {"uv": [29, 19], "uv_size": [1, 1]},
								"east": {"uv": [62, 66], "uv_size": [1.5, 1]},
								"south": {"uv": [5, 38], "uv_size": [1, 1]},
								"west": {"uv": [67, 7], "uv_size": [1.5, 1]},
								"up": {"uv": [33, 17], "uv_size": [1, 1.5]},
								"down": {"uv": [5, 37.5], "uv_size": [1, -1.5]}
							}
						}
					]
				},
				{
					"name": "Mecha7",
					"parent": "Hair",
					"pivot": [-3.73432, 30.31983, -0.76762],
					"rotation": [-157.02197, 4.63894, -8.63119],
					"cubes": [
						{
							"origin": [-4.8215, 29.45491, -2.49299],
							"size": [1.58299, 1.58299, 1.58299],
							"pivot": [-4.03, 30.2464, -0.91],
							"rotation": [19.05168, 53.46139, -17.4843],
							"uv": {
								"north": {"uv": [77.5, 20], "uv_size": [-1.5, 1.5]},
								"east": {"uv": [29.5, 76], "uv_size": [-1.5, 1.5]},
								"south": {"uv": [24.5, 76], "uv_size": [-1.5, 1.5]},
								"west": {"uv": [22.5, 76], "uv_size": [-1.5, 1.5]},
								"up": {"uv": [31.5, 76], "uv_size": [-1.5, 1.5]},
								"down": {"uv": [77.5, 32.5], "uv_size": [-1.5, -1.5]}
							}
						},
						{
							"origin": [-6.00788, 28.33397, -2.87318],
							"size": [1.44052, 1.44052, 1.44052],
							"pivot": [-5.28762, 29.05422, -2.15292],
							"rotation": [31.55168, 53.46139, -17.4843],
							"uv": {
								"north": {"uv": [77.5, 33], "uv_size": [-1.5, 1.5]},
								"east": {"uv": [39.5, 76], "uv_size": [-1.5, 1.5]},
								"south": {"uv": [77.5, 37], "uv_size": [-1.5, 1.5]},
								"west": {"uv": [77.5, 35], "uv_size": [-1.5, 1.5]},
								"up": {"uv": [77.5, 39], "uv_size": [-1.5, 1.5]},
								"down": {"uv": [41.5, 77.5], "uv_size": [-1.5, -1.5]}
							}
						},
						{
							"origin": [-6.15118, 29.17235, -4.49662],
							"size": [1.0891, 1.0891, 0.7725],
							"pivot": [-4.02365, 28.92541, -3.47718],
							"rotation": [46.55168, 53.46139, -17.4843],
							"uv": {
								"north": {"uv": [46, 39], "uv_size": [-1, 1]},
								"east": {"uv": [58.75, 48], "uv_size": [-0.75, 1]},
								"south": {"uv": [46, 40], "uv_size": [-1, 1]},
								"west": {"uv": [54.75, 38], "uv_size": [-0.75, 1]},
								"up": {"uv": [63, 8], "uv_size": [-1, 0.75]},
								"down": {"uv": [65, 35.75], "uv_size": [-1, -0.75]}
							}
						},
						{
							"origin": [-5.23241, 27.65152, -2.57413],
							"size": [0.8386, 0.8386, 1.20428],
							"pivot": [-4.81311, 26.48783, -2.76349],
							"rotation": [56.55168, 53.46139, -17.4843],
							"uv": {
								"north": {"uv": [45.75, 71], "uv_size": [-0.75, 0.75]},
								"east": {"uv": [9.25, 72], "uv_size": [-1.25, 0.75]},
								"south": {"uv": [58.75, 71], "uv_size": [-0.75, 0.75]},
								"west": {"uv": [19.25, 69], "uv_size": [-1.25, 0.75]},
								"up": {"uv": [59.75, 36], "uv_size": [-0.75, 1.25]},
								"down": {"uv": [4.75, 63.25], "uv_size": [-0.75, -1.25]}
							}
						}
					]
				},
				{
					"name": "Mecha5",
					"parent": "Hair",
					"pivot": [0.67432, 31.31983, -2.76762],
					"rotation": [11.76829, -19.28939, -29.41014],
					"cubes": [
						{
							"origin": [0.26957, 30.54596, -4.31087],
							"size": [1.40087, 1.40087, 1.40087],
							"pivot": [0.97, 31.2464, -2.91],
							"rotation": [19.05168, -53.46139, 17.4843],
							"uv": {
								"north": {"uv": [77.5, 41], "uv_size": [-1.5, 1.5]},
								"east": {"uv": [47.5, 76], "uv_size": [-1.5, 1.5]},
								"south": {"uv": [45.5, 76], "uv_size": [-1.5, 1.5]},
								"west": {"uv": [43.5, 76], "uv_size": [-1.5, 1.5]},
								"up": {"uv": [77.5, 54], "uv_size": [-1.5, 1.5]},
								"down": {"uv": [77.5, 57.5], "uv_size": [-1.5, -1.5]}
							}
						},
						{
							"origin": [1.44554, 29.55398, -4.64733],
							"size": [1.2748, 1.2748, 1.2748],
							"pivot": [2.08294, 30.19138, -4.00993],
							"rotation": [31.55168, -53.46139, 17.4843],
							"uv": {
								"north": {"uv": [77.25, 73], "uv_size": [-1.25, 1.25]},
								"east": {"uv": [3.25, 77], "uv_size": [-1.25, 1.25]},
								"south": {"uv": [1.25, 77], "uv_size": [-1.25, 1.25]},
								"west": {"uv": [77.25, 75], "uv_size": [-1.25, 1.25]},
								"up": {"uv": [5.25, 77], "uv_size": [-1.25, 1.25]},
								"down": {"uv": [12.25, 78.25], "uv_size": [-1.25, -1.25]}
							}
						},
						{
							"origin": [1.88335, 30.29591, -6.084],
							"size": [0.9638, 0.9638, 0.68363],
							"pivot": [0.96438, 30.07738, -5.18184],
							"rotation": [46.55168, -53.46139, 17.4843],
							"uv": {
								"north": {"uv": [48, 6], "uv_size": [-1, 1]},
								"east": {"uv": [67.75, 43], "uv_size": [-0.75, 1]},
								"south": {"uv": [54, 33], "uv_size": [-1, 1]},
								"west": {"uv": [17.75, 65], "uv_size": [-0.75, 1]},
								"up": {"uv": [71, 11], "uv_size": [-1, 0.75]},
								"down": {"uv": [71, 33.75], "uv_size": [-1, -0.75]}
							}
						},
						{
							"origin": [1.29195, 28.95005, -4.38268],
							"size": [0.74213, 0.74213, 1.06573],
							"pivot": [1.66302, 27.92023, -4.55026],
							"rotation": [56.55168, -53.46139, 17.4843],
							"uv": {
								"north": {"uv": [72.75, 5], "uv_size": [-0.75, 0.75]},
								"east": {"uv": [59, 70], "uv_size": [-1, 0.75]},
								"south": {"uv": [45.75, 72], "uv_size": [-0.75, 0.75]},
								"west": {"uv": [71, 34], "uv_size": [-1, 0.75]},
								"up": {"uv": [71.75, 23], "uv_size": [-0.75, 1]},
								"down": {"uv": [71.75, 44], "uv_size": [-0.75, -1]}
							}
						}
					]
				},
				{
					"name": "Mecha2",
					"parent": "Hair",
					"pivot": [-1.47918, 31.82613, -0.27848],
					"rotation": [39.49616, -3.80339, 175.3579],
					"cubes": [
						{
							"origin": [-1.9343, 31.54978, -3.2612],
							"size": [2.91, 2.91, 1.94],
							"pivot": [0.05106, 32.3862, 0.27368],
							"rotation": [19.05168, 53.46139, -17.4843],
							"uv": {
								"north": {"uv": [17, 66], "uv_size": [3, 3]},
								"east": {"uv": [38, 69], "uv_size": [2, 3]},
								"south": {"uv": [26, 66], "uv_size": [3, 3]},
								"west": {"uv": [10, 70], "uv_size": [2, 3]},
								"up": {"uv": [59, 52], "uv_size": [3, 2]},
								"down": {"uv": [71, 38], "uv_size": [3, -2]}
							}
						},
						{
							"origin": [-3.8692, 29.81141, -3.94261],
							"size": [2.7354, 2.7354, 2.7354],
							"pivot": [-1.97115, 30.2415, -1.74168],
							"rotation": [31.55168, 53.46139, -17.4843],
							"uv": {
								"north": {"uv": [68, 63], "uv_size": [2.75, 2.75]},
								"east": {"uv": [68, 66], "uv_size": [2.75, 2.75]},
								"south": {"uv": [69, 0], "uv_size": [2.75, 2.75]},
								"west": {"uv": [69, 3], "uv_size": [2.75, 2.75]},
								"up": {"uv": [12, 69], "uv_size": [2.75, 2.75]},
								"down": {"uv": [15, 71.75], "uv_size": [2.75, -2.75]}
							}
						},
						{
							"origin": [-3.95494, 30.47858, -6.07293],
							"size": [2.30472, 2.30472, 2.88672],
							"pivot": [-2.27223, 30.29716, -2.2101],
							"rotation": [54.05168, 53.46139, -17.4843],
							"uv": {
								"north": {"uv": [72, 23], "uv_size": [2.25, 2.25]},
								"east": {"uv": [70, 8], "uv_size": [3, 2.25]},
								"south": {"uv": [26, 72], "uv_size": [2.25, 2.25]},
								"west": {"uv": [18, 70], "uv_size": [3, 2.25]},
								"up": {"uv": [21, 70], "uv_size": [2.25, 3]},
								"down": {"uv": [29, 73], "uv_size": [2.25, -3]}
							}
						}
					]
				},
				{
					"name": "Mecha13",
					"parent": "Hair",
					"pivot": [-0.52082, 32.82613, -1.27848],
					"rotation": [21.42713, -21.31917, -74.92168],
					"cubes": [
						{
							"origin": [-2.9757, 32.54978, -4.2612],
							"size": [2.91, 2.91, 1.94],
							"pivot": [-2.05106, 33.3862, -0.72632],
							"rotation": [19.05168, -53.46139, 17.4843],
							"uv": {
								"north": {"uv": [37, 66], "uv_size": [-3, 3]},
								"east": {"uv": [73, 38], "uv_size": [-2, 3]},
								"south": {"uv": [40, 66], "uv_size": [-3, 3]},
								"west": {"uv": [26, 70], "uv_size": [-2, 3]},
								"up": {"uv": [43, 71], "uv_size": [-3, 2]},
								"down": {"uv": [74, 43], "uv_size": [-3, -2]}
							}
						},
						{
							"origin": [-0.8662, 30.81141, -4.94261],
							"size": [2.7354, 2.7354, 2.7354],
							"pivot": [-0.02885, 31.2415, -2.74168],
							"rotation": [31.55168, -53.46139, 17.4843],
							"uv": {
								"north": {"uv": [71.75, 24], "uv_size": [-2.75, 2.75]},
								"east": {"uv": [71.75, 30], "uv_size": [-2.75, 2.75]},
								"south": {"uv": [71.75, 27], "uv_size": [-2.75, 2.75]},
								"west": {"uv": [28.75, 69], "uv_size": [-2.75, 2.75]},
								"up": {"uv": [34.75, 69], "uv_size": [-2.75, 2.75]},
								"down": {"uv": [37.75, 71.75], "uv_size": [-2.75, -2.75]}
							}
						},
						{
							"origin": [-0.34978, 31.47858, -7.07293],
							"size": [2.30472, 2.30472, 2.88672],
							"pivot": [0.27223, 31.29716, -3.2101],
							"rotation": [54.05168, -53.46139, 17.4843],
							"uv": {
								"north": {"uv": [74.25, 26], "uv_size": [-2.25, 2.25]},
								"east": {"uv": [52, 70], "uv_size": [-3, 2.25]},
								"south": {"uv": [74.25, 29], "uv_size": [-2.25, 2.25]},
								"west": {"uv": [49, 70], "uv_size": [-3, 2.25]},
								"up": {"uv": [54.25, 70], "uv_size": [-2.25, 3]},
								"down": {"uv": [57.25, 73], "uv_size": [-2.25, -3]}
							}
						}
					]
				},
				{
					"name": "Mecha4",
					"parent": "Hair",
					"pivot": [1.41918, 29.14387, 0.72152],
					"rotation": [-6.66976, 3.29751, 19.44303],
					"cubes": [
						{
							"origin": [-1.0357, 26.51022, -2.2612],
							"size": [2.91, 2.91, 1.94],
							"pivot": [-0.11106, 28.5838, 1.27368],
							"rotation": [-19.05168, -53.46139, -17.4843],
							"uv": {
								"north": {"uv": [69, 50], "uv_size": [-3, 3]},
								"east": {"uv": [73, 63], "uv_size": [-2, 3]},
								"south": {"uv": [69, 53], "uv_size": [-3, 3]},
								"west": {"uv": [45, 71], "uv_size": [-2, 3]},
								"up": {"uv": [74, 66], "uv_size": [-3, 2]},
								"down": {"uv": [74, 70], "uv_size": [-3, -2]}
							}
						},
						{
							"origin": [1.0738, 28.42319, -2.94261],
							"size": [2.7354, 1.7654, 2.7354],
							"pivot": [1.91115, 30.7285, -0.74168],
							"rotation": [-31.55168, -53.46139, -17.4843],
							"uv": {
								"north": {"uv": [50.75, 73], "uv_size": [-2.75, 1.75]},
								"east": {"uv": [75.75, 55], "uv_size": [-2.75, 1.75]},
								"south": {"uv": [56.75, 73], "uv_size": [-2.75, 1.75]},
								"west": {"uv": [53.75, 73], "uv_size": [-2.75, 1.75]},
								"up": {"uv": [71.75, 44], "uv_size": [-2.75, 2.75]},
								"down": {"uv": [71.75, 49.75], "uv_size": [-2.75, -2.75]}
							}
						},
						{
							"origin": [1.59022, 28.1867, -5.07293],
							"size": [2.30472, 1.33472, 2.88672],
							"pivot": [2.21223, 30.67284, -1.2101],
							"rotation": [-54.05168, -53.46139, -17.4843],
							"uv": {
								"north": {"uv": [78.25, 4], "uv_size": [-2.25, 1.25]},
								"east": {"uv": [35, 75], "uv_size": [-3, 1.25]},
								"south": {"uv": [78.25, 6], "uv_size": [-2.25, 1.25]},
								"west": {"uv": [78, 0], "uv_size": [-3, 1.25]},
								"up": {"uv": [72.25, 56], "uv_size": [-2.25, 3]},
								"down": {"uv": [64.25, 73], "uv_size": [-2.25, -3]}
							}
						}
					]
				},
				{
					"name": "Mecha14",
					"parent": "Hair",
					"pivot": [-3.84143, 30.94917, 3.46595],
					"rotation": [22.91827, 11.59256, -9.57364],
					"cubes": [
						{
							"origin": [-4.26744, 28.60458, 2.48931],
							"size": [2.7354, 1.7654, 2.7354],
							"pivot": [-2.36939, 30.90989, 3.02378],
							"rotation": [31.55168, -53.46139, 17.4843],
							"uv": {
								"north": {"uv": [61, 73], "uv_size": [2.75, 1.75]},
								"east": {"uv": [73, 61], "uv_size": [2.75, 1.75]},
								"south": {"uv": [73, 57], "uv_size": [2.75, 1.75]},
								"west": {"uv": [73, 59], "uv_size": [2.75, 1.75]},
								"up": {"uv": [61.75, 71.75], "uv_size": [-2.75, -2.75]},
								"down": {"uv": [70.75, 69], "uv_size": [-2.75, 2.75]}
							}
						},
						{
							"origin": [-4.35318, 28.36809, 4.46831],
							"size": [2.30472, 1.33472, 2.88672],
							"pivot": [-2.67047, 30.85423, 3.4922],
							"rotation": [54.05168, -53.46139, 17.4843],
							"uv": {
								"north": {"uv": [76, 12], "uv_size": [2.25, 1.25]},
								"east": {"uv": [75, 52], "uv_size": [3, 1.25]},
								"south": {"uv": [76, 10], "uv_size": [2.25, 1.25]},
								"west": {"uv": [50, 75], "uv_size": [3, 1.25]},
								"up": {"uv": [73.25, 23], "uv_size": [-2.25, -3]},
								"down": {"uv": [73.25, 33], "uv_size": [-2.25, 3]}
							}
						}
					]
				},
				{
					"name": "Mecha8",
					"parent": "Hair",
					"pivot": [1.41918, 29.88613, 3.60152],
					"rotation": [11.17459, -30.73991, -27.97978],
					"cubes": [
						{
							"origin": [0.77759, 28.27261, 0.99147],
							"size": [2.05155, 2.29405, 2.05155],
							"pivot": [1.4056, 28.83767, 2.64216],
							"rotation": [31.55168, -53.46139, 17.4843],
							"uv": {
								"north": {"uv": [26, 73], "uv_size": [-2, 2.25]},
								"east": {"uv": [66, 73], "uv_size": [-2, 2.25]},
								"south": {"uv": [75, 63], "uv_size": [-2, 2.25]},
								"west": {"uv": [43, 73], "uv_size": [-2, 2.25]},
								"up": {"uv": [76, 36], "uv_size": [-2, 2]},
								"down": {"uv": [76, 43], "uv_size": [-2, -2]}
							}
						},
						{
							"origin": [1.1649, 29.74299, -0.60628],
							"size": [1.72854, 1.00104, 2.16504],
							"pivot": [1.63141, 28.87942, 2.29084],
							"rotation": [54.05168, -53.46139, 17.4843],
							"uv": {
								"north": {"uv": [32.75, 5], "uv_size": [-1.75, 1]},
								"east": {"uv": [57.25, 48], "uv_size": [-2.25, 1]},
								"south": {"uv": [31.75, 45], "uv_size": [-1.75, 1]},
								"west": {"uv": [46.25, 6], "uv_size": [-2.25, 1]},
								"up": {"uv": [75.75, 72], "uv_size": [-1.75, 2.25]},
								"down": {"uv": [7.75, 77.25], "uv_size": [-1.75, -2.25]}
							}
						}
					]
				},
				{
					"name": "Mecha16",
					"parent": "Hair",
					"pivot": [-1.58082, 33.88613, 1.60152],
					"rotation": [-10.84506, -37.90272, -19.31681],
					"cubes": [
						{
							"origin": [-2.22241, 32.27261, -1.00853],
							"size": [2.05155, 2.29405, 2.05155],
							"pivot": [-1.5944, 32.83767, 0.64216],
							"rotation": [31.55168, -53.46139, 17.4843],
							"uv": {
								"north": {"uv": [6, 74], "uv_size": [-2, 2.25]},
								"east": {"uv": [15, 74], "uv_size": [-2, 2.25]},
								"south": {"uv": [76, 11], "uv_size": [-2, 2.25]},
								"west": {"uv": [13, 74], "uv_size": [-2, 2.25]},
								"up": {"uv": [76, 68], "uv_size": [-2, 2]},
								"down": {"uv": [76, 72], "uv_size": [-2, -2]}
							}
						},
						{
							"origin": [-1.8351, 33.74299, -2.60628],
							"size": [1.72854, 1.00104, 2.16504],
							"pivot": [-1.36859, 32.87942, 0.29084],
							"rotation": [54.05168, -53.46139, 17.4843],
							"uv": {
								"north": {"uv": [66.75, 24], "uv_size": [-1.75, 1]},
								"east": {"uv": [66.25, 7], "uv_size": [-2.25, 1]},
								"south": {"uv": [66.75, 43], "uv_size": [-1.75, 1]},
								"west": {"uv": [61.25, 8], "uv_size": [-2.25, 1]},
								"up": {"uv": [27.75, 75], "uv_size": [-1.75, 2.25]},
								"down": {"uv": [76.75, 30.25], "uv_size": [-1.75, -2.25]}
							}
						}
					]
				},
				{
					"name": "Mecha11",
					"parent": "Hair",
					"pivot": [-3.41918, 28.88613, 2.63152],
					"rotation": [144.75662, -10.90671, 3.10175],
					"cubes": [
						{
							"origin": [-4.50172, 27.40257, 0.40113],
							"size": [1.57969, 1.76642, 1.57969],
							"pivot": [-3.4056, 27.83767, 1.67216],
							"rotation": [31.55168, 53.46139, -17.4843],
							"uv": {
								"north": {"uv": [77.5, 14], "uv_size": [-1.5, 1.75]},
								"east": {"uv": [18.5, 76], "uv_size": [-1.5, 1.75]},
								"south": {"uv": [77.5, 16], "uv_size": [-1.5, 1.75]},
								"west": {"uv": [16.5, 76], "uv_size": [-1.5, 1.75]},
								"up": {"uv": [64.5, 76], "uv_size": [-1.5, 1.5]},
								"down": {"uv": [66.5, 77.5], "uv_size": [-1.5, -1.5]}
							}
						},
						{
							"origin": [-4.55124, 28.53477, -0.82914],
							"size": [1.33098, 0.7708, 1.66708],
							"pivot": [-3.57947, 27.86982, 1.40165],
							"rotation": [54.05168, 53.46139, -17.4843],
							"uv": {
								"north": {"uv": [73.25, 32], "uv_size": [-1.25, 0.75]},
								"east": {"uv": [69.75, 56], "uv_size": [-1.75, 0.75]},
								"south": {"uv": [39.25, 72], "uv_size": [-1.25, 0.75]},
								"west": {"uv": [68.75, 24], "uv_size": [-1.75, 0.75]},
								"up": {"uv": [77.25, 69], "uv_size": [-1.25, 1.75]},
								"down": {"uv": [77.25, 72.75], "uv_size": [-1.25, -1.75]}
							}
						}
					]
				},
				{
					"name": "Mecha3",
					"parent": "Hair",
					"pivot": [1.47918, 28.79613, 0.27848],
					"rotation": [154.28807, -67.84764, 4.14559],
					"cubes": [
						{
							"origin": [-0.9757, 27.54978, 1.3212],
							"size": [2.91, 3.88, 1.94],
							"pivot": [-0.05106, 29.3562, -0.27368],
							"rotation": [-19.05168, 53.46139, 17.4843],
							"uv": {
								"north": {"uv": [56, 63], "uv_size": [3, 4]},
								"east": {"uv": [32, 50], "uv_size": [2, 4]},
								"south": {"uv": [26, 62], "uv_size": [3, 4]},
								"west": {"uv": [18, 26], "uv_size": [2, 4]},
								"up": {"uv": [74, 72], "uv_size": [-3, -2]},
								"down": {"uv": [75, 0], "uv_size": [-3, 2]}
							}
						},
						{
							"origin": [1.1338, 25.81141, 1.20721],
							"size": [2.7354, 3.7054, 2.7354],
							"pivot": [1.97115, 27.2115, 1.74168],
							"rotation": [-31.55168, 53.46139, 17.4843],
							"uv": {
								"north": {"uv": [65, 16], "uv_size": [2.75, 3.75]},
								"east": {"uv": [65, 20], "uv_size": [2.75, 3.75]},
								"south": {"uv": [65, 12], "uv_size": [2.75, 3.75]},
								"west": {"uv": [14, 65], "uv_size": [2.75, 3.75]},
								"up": {"uv": [71.75, 52.75], "uv_size": [-2.75, -2.75]},
								"down": {"uv": [71.75, 53], "uv_size": [-2.75, 2.75]}
							}
						},
						{
							"origin": [1.65022, 26.47858, 3.18621],
							"size": [2.30472, 3.27472, 2.88672],
							"pivot": [2.27223, 27.26716, 2.2101],
							"rotation": [-54.05168, 53.46139, 17.4843],
							"uv": {
								"north": {"uv": [3, 70], "uv_size": [2.25, 3.25]},
								"east": {"uv": [65, 39], "uv_size": [3, 3.25]},
								"south": {"uv": [0, 70], "uv_size": [2.25, 3.25]},
								"west": {"uv": [65, 35], "uv_size": [3, 3.25]},
								"up": {"uv": [73.25, 17], "uv_size": [-2.25, -3]},
								"down": {"uv": [73.25, 17], "uv_size": [-2.25, 3]}
							}
						},
						{
							"origin": [3.71303, 22.57945, 3.35282],
							"size": [1.68245, 1.68245, 2.10731],
							"pivot": [4.55426, 23.42067, 4.40648],
							"rotation": [-64.05168, 53.46139, 17.4843],
							"uv": {
								"north": {"uv": [76, 2], "uv_size": [1.75, 1.75]},
								"east": {"uv": [68, 75], "uv_size": [2, 1.75]},
								"south": {"uv": [74, 75], "uv_size": [1.75, 1.75]},
								"west": {"uv": [75, 63], "uv_size": [2, 1.75]},
								"up": {"uv": [71.75, 77], "uv_size": [-1.75, -2]},
								"down": {"uv": [73.75, 75], "uv_size": [-1.75, 2]}
							}
						}
					]
				},
				{
					"name": "Cauda",
					"parent": "Corpo",
					"pivot": [-0.18462, 13.67954, 1.97525],
					"rotation": [22.5, 0, 0],
					"cubes": [
						{
							"origin": [-0.88462, 13.29686, 2.19913],
							"size": [1.4, 1.4, 6.3],
							"uv": {
								"north": {"uv": [126.25, 125.25], "uv_size": [1.75, 2.75]},
								"east": {"uv": [126.25, 125.25], "uv_size": [1.75, 2.75]},
								"south": {"uv": [126.25, 125.25], "uv_size": [1.75, 2.75]},
								"west": {"uv": [126.25, 125.25], "uv_size": [1.75, 2.75]},
								"up": {"uv": [128, 128], "uv_size": [-1.75, -2.75]},
								"down": {"uv": [128, 128], "uv_size": [-1.75, -2.75]}
							}
						}
					]
				},
				{
					"name": "bone",
					"parent": "Cauda",
					"pivot": [-0.12923, 13.69299, 8.60655],
					"cubes": [
						{
							"origin": [-0.88462, 14.28576, 8.35376],
							"size": [1.4, 1.4, 7.7],
							"pivot": [-0.18462, 14.71908, 5.21394],
							"rotation": [-17.5, 0, 0],
							"uv": {
								"north": {"uv": [126.25, 125.25], "uv_size": [1.75, 2.75]},
								"east": {"uv": [126.25, 125.25], "uv_size": [1.75, 2.75]},
								"south": {"uv": [126.25, 125.25], "uv_size": [1.75, 2.75]},
								"west": {"uv": [126.25, 125.25], "uv_size": [1.75, 2.75]},
								"up": {"uv": [128, 128], "uv_size": [-1.75, -2.75]},
								"down": {"uv": [128, 128], "uv_size": [-1.75, -2.75]}
							}
						}
					]
				},
				{
					"name": "bone2",
					"parent": "bone",
					"pivot": [-0.18462, 11.37046, 15.34207],
					"cubes": [
						{
							"origin": [-0.88462, 13.22582, 15.95596],
							"size": [1.4, 1.4, 7.7],
							"pivot": [-0.18462, 13.65914, 12.81613],
							"rotation": [-40, 0, 0],
							"uv": {
								"north": {"uv": [126.25, 125.25], "uv_size": [1.75, 2.75]},
								"east": {"uv": [126.25, 125.25], "uv_size": [1.75, 2.75]},
								"south": {"uv": [126.25, 125.25], "uv_size": [1.75, 2.75]},
								"west": {"uv": [126.25, 125.25], "uv_size": [1.75, 2.75]},
								"up": {"uv": [128, 128], "uv_size": [-1.75, -2.75]},
								"down": {"uv": [128, 128], "uv_size": [-1.75, -2.75]}
							}
						}
					]
				},
				{
					"name": "bone3",
					"parent": "bone2",
					"pivot": [-0.18462, 6.60714, 20.5679],
					"rotation": [-60, 0, 0],
					"cubes": [
						{
							"origin": [-0.88462, 6.13919, 20.31598],
							"size": [1.4, 1.4, 7.7],
							"pivot": [-0.18462, 6.83919, 24.16598],
							"rotation": [-7.5, 0, 0],
							"uv": {
								"north": {"uv": [126.25, 125.25], "uv_size": [1.75, 2.75]},
								"east": {"uv": [126.25, 125.25], "uv_size": [1.75, 2.75]},
								"south": {"uv": [126.25, 125.25], "uv_size": [1.75, 2.75]},
								"west": {"uv": [126.25, 125.25], "uv_size": [1.75, 2.75]},
								"up": {"uv": [128, 128], "uv_size": [-1.75, -2.75]},
								"down": {"uv": [128, 128], "uv_size": [-1.75, -2.75]}
							}
						}
					]
				}
			]
		}
	]
}