{
	"format_version": "1.12.0",
	"minecraft:geometry": [
		{
			"description": {
				"identifier": "geometry.slayer_flame",
				"texture_width": 128,
				"texture_height": 128,
				"visible_bounds_width": 5,
				"visible_bounds_height": 5,
				"visible_bounds_offset": [0, 0.5, 0]
			},
			"bones": [
				{
					"name": "Tudo",
					"pivot": [0, 12.72, 0]
				},
				{
					"name": "Respira",
					"parent": "Tudo",
					"pivot": [3, 18, -32],
					"locators": {
						"efeito": [0, 18, -32]
					}
				},
				{
					"name": "Corpo",
					"parent": "Tudo",
					"pivot": [0, 24.60557, 0],
					"cubes": [
						{
							"origin": [-4.10093, 12.30278, -2.05046],
							"size": [8.20186, 12.30278, 4.10093],
							"uv": {
								"north": {"uv": [0, 22], "uv_size": [8.25, 12.25]},
								"east": {"uv": [0, 35], "uv_size": [4, 12.25]},
								"south": {"uv": [9, 22], "uv_size": [8.25, 12.25]},
								"west": {"uv": [4, 35], "uv_size": [4, 12.25]},
								"up": {"uv": [33, 57], "uv_size": [8.25, 4]},
								"down": {"uv": [12, 62], "uv_size": [8.25, -4]}
							}
						}
					]
				},
				{
					"name": "Bainha",
					"parent": "Corpo",
					"pivot": [4.5757, 13.90858, -0.62122],
					"rotation": [-162.02192, -11.74642, 175.77166],
					"cubes": [
						{
							"origin": [4.41467, 12.61859, -24.93114],
							"size": [0.69898, 1.58187, 30.86435],
							"uv": {
								"north": {"uv": [20, 62], "uv_size": [0.75, 1.5]},
								"east": {"uv": [48, 20], "uv_size": [30.75, 1.5]},
								"south": {"uv": [64, 62], "uv_size": [0.75, 1.5]},
								"west": {"uv": [48, 22], "uv_size": [30.75, 1.5]},
								"up": {"uv": [42, 56], "uv_size": [0.75, 30.75]},
								"down": {"uv": [43, 86.75], "uv_size": [0.75, -30.75]}
							}
						},
						{
							"origin": [4.40069, 12.58695, -25.46843],
							"size": [0.72694, 1.64515, 0.93892],
							"uv": {
								"north": {"uv": [52, 54], "uv_size": [0.75, 1.75]},
								"east": {"uv": [41, 20], "uv_size": [1, 1.75]},
								"south": {"uv": [61, 40], "uv_size": [0.75, 1.75]},
								"west": {"uv": [42, 20], "uv_size": [1, 1.75]},
								"up": {"uv": [69, 61], "uv_size": [0.75, 1]},
								"down": {"uv": [69, 63], "uv_size": [0.75, -1]}
							}
						}
					]
				},
				{
					"name": "rightBraco",
					"parent": "Corpo",
					"pivot": [-5.12616, 22.5551, 0],
					"cubes": [
						{
							"origin": [-8.20186, 12.30278, -2.05046],
							"size": [4.10093, 12.30278, 4.10093],
							"uv": {
								"north": {"uv": [38, 38], "uv_size": [4, 12.25]},
								"east": {"uv": [12, 35], "uv_size": [4, 12.25]},
								"south": {"uv": [36, 0], "uv_size": [4, 12.25]},
								"west": {"uv": [26, 38], "uv_size": [4, 12.25]},
								"up": {"uv": [44, 65], "uv_size": [4, 4]},
								"down": {"uv": [65, 56], "uv_size": [4, -4]}
							}
						}
					]
				},
				{
					"name": "rightKatana",
					"parent": "rightBraco",
					"pivot": [-6, 12.57843, 1.96886],
					"rotation": [0.10901, -0.00238, -0.00238],
					"cubes": [
						{
							"origin": [-6.31204, 11.79601, -3.25099],
							"size": [0.62409, 1.41238, 8.8046],
							"uv": {
								"north": {"uv": [69, 63], "uv_size": [0.5, 1.5]},
								"east": {"uv": [61, 15], "uv_size": [8.75, 1.5]},
								"south": {"uv": [69, 65], "uv_size": [0.5, 1.5]},
								"west": {"uv": [67, 30], "uv_size": [8.75, 1.5]},
								"up": {"uv": [43, 13], "uv_size": [0.5, 8.75]},
								"down": {"uv": [29, 77.75], "uv_size": [0.5, -8.75]}
							}
						},
						{
							"origin": [-7.84915, 12.24598, -3.14851],
							"size": [3.6983, 3.54746, 0],
							"pivot": [-6, 13.01971, -3.14851],
							"rotation": [0, 0, -180],
							"uv": {
								"north": {"uv": [16, 40], "uv_size": [1.75, 2.5]},
								"east": {"uv": [41, 51], "uv_size": [0.75, 2.5]},
								"south": {"uv": [44, 26], "uv_size": [1.75, 2.5]},
								"west": {"uv": [41, 54], "uv_size": [0.75, 2.5]},
								"up": {"uv": [16, 43], "uv_size": [1.75, 0.75]},
								"down": {"uv": [44, 29.75], "uv_size": [1.75, -0.75]}
							}
						},
						{
							"origin": [-6.164, 12.43771, -31.84389],
							"size": [0.328, 0.738, 28.6168],
							"uv": {
								"north": {"uv": [6, 70], "uv_size": [0.25, 0.75]},
								"east": {"uv": [55, 19], "uv_size": [28.5, 0.75]},
								"south": {"uv": [7, 70], "uv_size": [0.25, 0.75]},
								"west": {"uv": [61, 14], "uv_size": [28.5, 0.75]},
								"up": {"uv": [62, 68], "uv_size": [0.25, 28.5]},
								"down": {"uv": [63, 96.5], "uv_size": [0.25, -28.5]}
							}
						},
						{
							"origin": [-6.1148, 11.81041, -31.19937],
							"size": [0.2296, 1.3366, 28.14776],
							"uv": {
								"north": {"uv": [2, 70], "uv_size": [0.25, 1.25]},
								"east": {"uv": [55, 17], "uv_size": [28.25, 1.25]},
								"south": {"uv": [3, 70], "uv_size": [0.25, 1.25]},
								"west": {"uv": [52, 56], "uv_size": [28.25, 1.25]},
								"up": {"uv": [64, 68], "uv_size": [0.25, 28.25]},
								"down": {"uv": [28, 97.25], "uv_size": [0.25, -28.25]}
							}
						},
						{
							"origin": [-6.1148, 11.99901, -32.01937],
							"size": [0.2296, 1.148, 0.82],
							"uv": {
								"north": {"uv": [4, 70], "uv_size": [0.25, 1.25]},
								"east": {"uv": [67, 38], "uv_size": [0.75, 1.25]},
								"south": {"uv": [5, 70], "uv_size": [0.25, 1.25]},
								"west": {"uv": [68, 38], "uv_size": [0.75, 1.25]},
								"up": {"uv": [12, 70], "uv_size": [0.25, 0.75]},
								"down": {"uv": [13, 70.75], "uv_size": [0.25, -0.75]}
							}
						},
						{
							"origin": [-6.1148, 12.48581, -32.89722],
							"size": [0.2296, 0.738, 1.64],
							"pivot": [-6, 12.85481, -32.48722],
							"rotation": [-10, 0, 0],
							"uv": {
								"north": {"uv": [14, 70], "uv_size": [0.25, 0.75]},
								"east": {"uv": [10, 61], "uv_size": [1.75, 0.75]},
								"south": {"uv": [15, 70], "uv_size": [0.25, 0.75]},
								"west": {"uv": [62, 40], "uv_size": [1.75, 0.75]},
								"up": {"uv": [69, 67], "uv_size": [0.25, 1.75]},
								"down": {"uv": [69, 70.75], "uv_size": [0.25, -1.75]}
							}
						},
						{
							"origin": [-6.09414, 12.10971, -32.36869],
							"size": [0.18827, 0.60516, 0.6724],
							"uv": {
								"north": {"uv": [70, 16], "uv_size": [0.25, 0.5]},
								"east": {"uv": [0, 70], "uv_size": [0.75, 0.5]},
								"south": {"uv": [17, 70], "uv_size": [0.25, 0.5]},
								"west": {"uv": [1, 70], "uv_size": [0.75, 0.5]},
								"up": {"uv": [70, 15], "uv_size": [0.25, 0.75]},
								"down": {"uv": [16, 70.75], "uv_size": [0.25, -0.75]}
							}
						}
					],
					"locators": {
						"respi": [-6, 11, -29]
					}
				},
				{
					"name": "leftBraco",
					"parent": "Corpo",
					"pivot": [5.12616, 22.5551, 0],
					"cubes": [
						{
							"origin": [4.10093, 12.30278, -2.05046],
							"size": [4.10093, 12.30278, 4.10093],
							"uv": {
								"north": {"uv": [42, 38], "uv_size": [-4, 12.25]},
								"east": {"uv": [34, 38], "uv_size": [4, 12.25]},
								"south": {"uv": [38, 38], "uv_size": [4, 12.25]},
								"west": {"uv": [40, 0], "uv_size": [4, 12.25]},
								"up": {"uv": [65, 62], "uv_size": [4, 4]},
								"down": {"uv": [0, 70], "uv_size": [4, -4]}
							}
						}
					]
				},
				{
					"name": "rightPerna",
					"parent": "Corpo",
					"pivot": [-1.94794, 12.30278, 0],
					"cubes": [
						{
							"origin": [-3.9984, 0, -2.05046],
							"size": [4.10093, 12.30278, 4.10093],
							"uv": {
								"north": {"uv": [42, 30], "uv_size": [4, 12.25]},
								"east": {"uv": [42, 43], "uv_size": [4, 12.25]},
								"south": {"uv": [44, 0], "uv_size": [4, 12.25]},
								"west": {"uv": [44, 13], "uv_size": [4, 12.25]},
								"up": {"uv": [4, 66], "uv_size": [4, 4]},
								"down": {"uv": [65, 70], "uv_size": [4, -4]}
							}
						},
						{
							"origin": [-4.72222, 3.41958, -2.77428],
							"size": [5.54856, 4.1126, 5.54856],
							"uv": {
								"north": {"uv": [59, 52], "uv_size": [5.5, 4]},
								"east": {"uv": [61, 10], "uv_size": [5.5, 4]},
								"south": {"uv": [61, 24], "uv_size": [5.5, 4]},
								"west": {"uv": [61, 28], "uv_size": [5.5, 4]},
								"up": {"uv": [21, 58], "uv_size": [5.5, 5.5]},
								"down": {"uv": [27, 63.5], "uv_size": [5.5, -5.5]}
							}
						},
						{
							"origin": [-4.50027, 6.73499, -2.55233],
							"size": [5.10467, 3.58598, 5.10467],
							"uv": {
								"north": {"uv": [62, 6], "uv_size": [5, 3.5]},
								"east": {"uv": [64, 40], "uv_size": [5, 3.5]},
								"south": {"uv": [64, 44], "uv_size": [5, 3.5]},
								"west": {"uv": [64, 48], "uv_size": [5, 3.5]},
								"up": {"uv": [59, 42], "uv_size": [5, 5]},
								"down": {"uv": [59, 52], "uv_size": [5, -5]}
							}
						},
						{
							"origin": [-4.10093, -0.10252, -2.17349],
							"size": [4.34698, 0.6656, 4.34698],
							"uv": {
								"north": {"uv": [36, 20], "uv_size": [4.25, 0.75]},
								"east": {"uv": [36, 21], "uv_size": [4.25, 0.75]},
								"south": {"uv": [48, 24], "uv_size": [4.25, 0.75]},
								"west": {"uv": [48, 25], "uv_size": [4.25, 0.75]},
								"up": {"uv": [10, 62], "uv_size": [4.25, 4.25]},
								"down": {"uv": [15, 66.25], "uv_size": [4.25, -4.25]}
							}
						}
					]
				},
				{
					"name": "leftPerna",
					"parent": "Corpo",
					"pivot": [1.94794, 12.30278, 0],
					"cubes": [
						{
							"origin": [-0.10253, 0, -2.05046],
							"size": [4.10093, 12.30278, 4.10093],
							"uv": {
								"north": {"uv": [46, 30], "uv_size": [-4, 12.25]},
								"east": {"uv": [48, 13], "uv_size": [-4, 12.25]},
								"south": {"uv": [48, 0], "uv_size": [-4, 12.25]},
								"west": {"uv": [46, 43], "uv_size": [-4, 12.25]},
								"up": {"uv": [8, 66], "uv_size": [-4, 4]},
								"down": {"uv": [69, 70], "uv_size": [-4, -4]}
							}
						},
						{
							"origin": [-0.82634, 3.41958, -2.77428],
							"size": [5.54856, 4.1126, 5.54856],
							"uv": {
								"north": {"uv": [64.5, 52], "uv_size": [-5.5, 4]},
								"east": {"uv": [66.5, 28], "uv_size": [-5.5, 4]},
								"south": {"uv": [66.5, 24], "uv_size": [-5.5, 4]},
								"west": {"uv": [66.5, 10], "uv_size": [-5.5, 4]},
								"up": {"uv": [26.5, 58], "uv_size": [-5.5, 5.5]},
								"down": {"uv": [32.5, 63.5], "uv_size": [-5.5, -5.5]}
							}
						},
						{
							"origin": [-0.6044, 6.73499, -2.55233],
							"size": [5.10467, 3.58598, 5.10467],
							"uv": {
								"north": {"uv": [67, 6], "uv_size": [-5, 3.5]},
								"east": {"uv": [69, 48], "uv_size": [-5, 3.5]},
								"south": {"uv": [69, 44], "uv_size": [-5, 3.5]},
								"west": {"uv": [69, 40], "uv_size": [-5, 3.5]},
								"up": {"uv": [64, 42], "uv_size": [-5, 5]},
								"down": {"uv": [64, 52], "uv_size": [-5, -5]}
							}
						},
						{
							"origin": [-0.24605, -0.10252, -2.17349],
							"size": [4.34698, 0.6656, 4.34698],
							"uv": {
								"north": {"uv": [40.25, 20], "uv_size": [-4.25, 0.75]},
								"east": {"uv": [52.25, 25], "uv_size": [-4.25, 0.75]},
								"south": {"uv": [52.25, 24], "uv_size": [-4.25, 0.75]},
								"west": {"uv": [40.25, 21], "uv_size": [-4.25, 0.75]},
								"up": {"uv": [14.25, 62], "uv_size": [-4.25, 4.25]},
								"down": {"uv": [19.25, 66.25], "uv_size": [-4.25, -4.25]}
							}
						}
					]
				},
				{
					"name": "head",
					"parent": "Corpo",
					"pivot": [0, 24.12, 0],
					"cubes": [
						{
							"origin": [-3.52, 24.12, -3.52],
							"size": [7.04, 7.04, 7.04],
							"uv": {
								"north": {"uv": [36, 13], "uv_size": [7, 7]},
								"east": {"uv": [16, 44], "uv_size": [7, 7]},
								"south": {"uv": [46, 26], "uv_size": [7, 7]},
								"west": {"uv": [46, 33], "uv_size": [7, 7]},
								"up": {"uv": [46, 40], "uv_size": [7, 7]},
								"down": {"uv": [46, 54], "uv_size": [7, -7]}
							}
						}
					]
				},
				{
					"name": "Hair",
					"parent": "head",
					"pivot": [0, 29.14, 0.5],
					"cubes": [
						{
							"origin": [-3.57783, 28.65722, -3.30948],
							"size": [7.15565, 4.96555, 6.82895],
							"uv": {
								"north": {"uv": [33, 51], "uv_size": [7.5, 5.75]},
								"east": {"uv": [53, 30], "uv_size": [7.25, 5.75]},
								"south": {"uv": [53, 24], "uv_size": [7.5, 5.75]},
								"west": {"uv": [53, 36], "uv_size": [7.25, 5.75]},
								"up": {"uv": [26, 30], "uv_size": [7.5, 7.25]},
								"down": {"uv": [34, 37.25], "uv_size": [7.5, -7.25]}
							}
						},
						{
							"origin": [-4.02849, 27.07515, -1.83974],
							"size": [8.05697, 5.12968, 5.88948],
							"uv": {
								"north": {"uv": [33, 51], "uv_size": [7.5, 5.75]},
								"east": {"uv": [53, 30], "uv_size": [7.25, 5.75]},
								"south": {"uv": [53, 24], "uv_size": [7.5, 5.75]},
								"west": {"uv": [53, 36], "uv_size": [7.25, 5.75]},
								"up": {"uv": [26, 30], "uv_size": [7.5, 7.25]},
								"down": {"uv": [34, 37.25], "uv_size": [7.5, -7.25]}
							}
						},
						{
							"origin": [-5.52, 31.12, -3.52],
							"size": [5.04, 4.04, 0],
							"pivot": [-1, 33.14, -3.52],
							"rotation": [0, 2.5, 0],
							"uv": {
								"north": {"uv": [12, 48], "uv_size": [4, 3]},
								"east": {"uv": [0, 0], "uv_size": [0, 3]},
								"south": {"uv": [67, 32], "uv_size": [4, 3]},
								"west": {"uv": [0, 0], "uv_size": [0, 3]},
								"up": {"uv": [0, 0], "uv_size": [4, 0]},
								"down": {"uv": [0, 0], "uv_size": [4, 0]}
							}
						},
						{
							"origin": [3.17529, 25.99305, -2.52952],
							"size": [2.04, 5.04, 0],
							"pivot": [4.19529, 30.54523, -2.44526],
							"rotation": [-5.41335, -34.96919, 0.79543],
							"uv": {
								"north": {"uv": [18, 67], "uv_size": [2, 5]},
								"east": {"uv": [0, 0], "uv_size": [0, 5]},
								"south": {"uv": [40, 68], "uv_size": [2, 5]},
								"west": {"uv": [0, 0], "uv_size": [0, 5]},
								"up": {"uv": [0, 0], "uv_size": [2, 0]},
								"down": {"uv": [0, 0], "uv_size": [2, 0]}
							}
						},
						{
							"origin": [-5.21529, 25.99305, -2.52952],
							"size": [2.04, 5.04, 0],
							"pivot": [-4.19529, 30.54523, -2.44526],
							"rotation": [-5, 27.5, 0],
							"uv": {
								"north": {"uv": [20, 67], "uv_size": [-2, 5]},
								"east": {"uv": [0, 0], "uv_size": [0, 5]},
								"south": {"uv": [42, 68], "uv_size": [-2, 5]},
								"west": {"uv": [0, 0], "uv_size": [0, 5]},
								"up": {"uv": [2, 0], "uv_size": [-2, 0]},
								"down": {"uv": [2, 0], "uv_size": [-2, 0]}
							}
						},
						{
							"origin": [0.48, 31.12, -3.52],
							"size": [5.04, 4.04, 0],
							"pivot": [1, 33.14, -3.52],
							"rotation": [0, -2.5, 0],
							"uv": {
								"north": {"uv": [67, 35], "uv_size": [4, 3]},
								"east": {"uv": [0, 0], "uv_size": [0, 3]},
								"south": {"uv": [36, 68], "uv_size": [4, 3]},
								"west": {"uv": [0, 0], "uv_size": [0, 3]},
								"up": {"uv": [0, 0], "uv_size": [4, 0]},
								"down": {"uv": [0, 0], "uv_size": [4, 0]}
							}
						}
					]
				},
				{
					"name": "Rdc",
					"parent": "Hair",
					"pivot": [1, 32.64, 4.29666],
					"rotation": [20.98084, 11.43563, 9.77243],
					"cubes": [
						{
							"origin": [7.69434, 32.69831, 5.95948],
							"size": [2.04, 4.04, 0],
							"pivot": [8.7059, 33.04462, 7.47702],
							"rotation": [27.06273, 55.16443, -33.04397],
							"uv": {
								"north": {"uv": [44, 56], "uv_size": [2, 5]},
								"east": {"uv": [0, 0], "uv_size": [0, 5]},
								"south": {"uv": [16, 35], "uv_size": [2, 5]},
								"west": {"uv": [0, 0], "uv_size": [0, 5]},
								"up": {"uv": [2, 0], "uv_size": [-2, 0]},
								"down": {"uv": [2, 0], "uv_size": [-2, 0]}
							}
						},
						{
							"origin": [1.90092, 28.47874, 6.79301],
							"size": [2.04, 5.04, 0],
							"pivot": [3.15074, 32.35161, 6.45105],
							"rotation": [34.70561, 9.12647, -10.77459],
							"uv": {
								"north": {"uv": [46, 56], "uv_size": [-2, 5]},
								"east": {"uv": [0, 0], "uv_size": [0, 5]},
								"south": {"uv": [18, 35], "uv_size": [-2, 5]},
								"west": {"uv": [0, 0], "uv_size": [0, 5]},
								"up": {"uv": [0, 0], "uv_size": [2, 0]},
								"down": {"uv": [0, 0], "uv_size": [2, 0]}
							}
						},
						{
							"origin": [4.36439, 27.049, 8.17394],
							"size": [2.04, 5.04, 0],
							"pivot": [5.38439, 29.569, 8.17394],
							"rotation": [43.772, 22.59897, -26.88454],
							"uv": {
								"north": {"uv": [46, 56], "uv_size": [-2, 5]},
								"east": {"uv": [0, 0], "uv_size": [0, 5]},
								"south": {"uv": [18, 35], "uv_size": [-2, 5]},
								"west": {"uv": [0, 0], "uv_size": [0, 5]},
								"up": {"uv": [0, 0], "uv_size": [2, 0]},
								"down": {"uv": [0, 0], "uv_size": [2, 0]}
							}
						},
						{
							"origin": [2.41848, 26.93246, 7.81952],
							"size": [2.04, 5.04, 0],
							"pivot": [4.5409, 31.36156, 8.19367],
							"rotation": [36.90536, -12.84679, -44.75757],
							"uv": {
								"north": {"uv": [46, 56], "uv_size": [-2, 5]},
								"east": {"uv": [0, 0], "uv_size": [0, 5]},
								"south": {"uv": [18, 35], "uv_size": [-2, 5]},
								"west": {"uv": [0, 0], "uv_size": [0, 5]},
								"up": {"uv": [0, 0], "uv_size": [2, 0]},
								"down": {"uv": [0, 0], "uv_size": [2, 0]}
							}
						},
						{
							"origin": [1.8777, 28.50502, 4.96642],
							"size": [3.56666, 5.75666, 1.29666],
							"pivot": [3.66103, 33.88335, 6.11475],
							"rotation": [22.40459, 25.71543, -22.30998],
							"uv": {
								"north": {"uv": [52, 0], "uv_size": [9.5, 4.75]},
								"east": {"uv": [48, 68], "uv_size": [2.25, 4.75]},
								"south": {"uv": [54.75, 5], "uv_size": [3.5, 4.5]},
								"west": {"uv": [51, 68], "uv_size": [2.25, 4.75]},
								"up": {"uv": [62, 0], "uv_size": [9.5, 2.25]},
								"down": {"uv": [62, 5.25], "uv_size": [9.5, -2.25]}
							}
						},
						{
							"origin": [5.20631, 28.28407, 5.33099],
							"size": [2.04, 5.04, 0],
							"pivot": [6.23881, 32.78808, 6.17844],
							"rotation": [41.65201, 49.286, -20.45345],
							"uv": {
								"north": {"uv": [44, 56], "uv_size": [2, 5]},
								"east": {"uv": [0, 0], "uv_size": [0, 5]},
								"south": {"uv": [16, 35], "uv_size": [2, 5]},
								"west": {"uv": [0, 0], "uv_size": [0, 5]},
								"up": {"uv": [2, 0], "uv_size": [-2, 0]},
								"down": {"uv": [2, 0], "uv_size": [-2, 0]}
							}
						},
						{
							"origin": [5.15995, 27.08741, 6.79163],
							"size": [2.04, 5.04, 0],
							"pivot": [6.5547, 31.29808, 6.82646],
							"rotation": [39.95746, 29.57471, -25.4737],
							"uv": {
								"north": {"uv": [44, 56], "uv_size": [2, 5]},
								"east": {"uv": [0, 0], "uv_size": [0, 5]},
								"south": {"uv": [16, 35], "uv_size": [2, 5]},
								"west": {"uv": [0, 0], "uv_size": [0, 5]},
								"up": {"uv": [2, 0], "uv_size": [-2, 0]},
								"down": {"uv": [2, 0], "uv_size": [-2, 0]}
							}
						},
						{
							"origin": [3.01132, 26.21656, 6.16002],
							"size": [2.04, 5.04, 0],
							"pivot": [4.40607, 30.42723, 6.19484],
							"rotation": [166.3177, -24.0517, 134.7635],
							"uv": {
								"north": {"uv": [44, 56], "uv_size": [2, 5]},
								"east": {"uv": [0, 0], "uv_size": [0, 5]},
								"south": {"uv": [16, 35], "uv_size": [2, 5]},
								"west": {"uv": [0, 0], "uv_size": [0, 5]},
								"up": {"uv": [2, 0], "uv_size": [-2, 0]},
								"down": {"uv": [2, 0], "uv_size": [-2, 0]}
							}
						},
						{
							"origin": [1.84743, 26.07508, 4.72478],
							"size": [2.04, 5.04, 0],
							"pivot": [2.87993, 30.57909, 5.57223],
							"rotation": [155.7125, -37.4477, 152.2662],
							"uv": {
								"north": {"uv": [44, 56], "uv_size": [2, 5]},
								"east": {"uv": [0, 0], "uv_size": [0, 5]},
								"south": {"uv": [16, 35], "uv_size": [2, 5]},
								"west": {"uv": [0, 0], "uv_size": [0, 5]},
								"up": {"uv": [2, 0], "uv_size": [-2, 0]},
								"down": {"uv": [2, 0], "uv_size": [-2, 0]}
							}
						},
						{
							"origin": [3.23952, 27.39028, 4.06659],
							"size": [2.04, 5.04, 0],
							"pivot": [5.36194, 31.81938, 4.44073],
							"rotation": [167.499, 17.8123, 114.4439],
							"uv": {
								"north": {"uv": [46, 56], "uv_size": [-2, 5]},
								"east": {"uv": [0, 0], "uv_size": [0, 5]},
								"south": {"uv": [18, 35], "uv_size": [-2, 5]},
								"west": {"uv": [0, 0], "uv_size": [0, 5]},
								"up": {"uv": [0, 0], "uv_size": [2, 0]},
								"down": {"uv": [0, 0], "uv_size": [2, 0]}
							}
						},
						{
							"origin": [5.62399, 28.94915, 5.91002],
							"size": [2.04, 5.04, 0],
							"pivot": [6.64399, 31.46915, 5.91002],
							"rotation": [172.6206, -18.7871, 129.66],
							"uv": {
								"north": {"uv": [46, 56], "uv_size": [-2, 5]},
								"east": {"uv": [0, 0], "uv_size": [0, 5]},
								"south": {"uv": [18, 35], "uv_size": [-2, 5]},
								"west": {"uv": [0, 0], "uv_size": [0, 5]},
								"up": {"uv": [0, 0], "uv_size": [2, 0]},
								"down": {"uv": [0, 0], "uv_size": [2, 0]}
							}
						},
						{
							"origin": [2.27703, 29.55335, 3.78442],
							"size": [2.04, 5.04, 0],
							"pivot": [3.52685, 33.42621, 4.44245],
							"rotation": [166.7045, -21.9723, 108.0396],
							"uv": {
								"north": {"uv": [46, 56], "uv_size": [-2, 5]},
								"east": {"uv": [0, 0], "uv_size": [0, 5]},
								"south": {"uv": [18, 35], "uv_size": [-2, 5]},
								"west": {"uv": [0, 0], "uv_size": [0, 5]},
								"up": {"uv": [0, 0], "uv_size": [2, 0]},
								"down": {"uv": [0, 0], "uv_size": [2, 0]}
							}
						},
						{
							"origin": [2.43103, 27.49077, 2.996],
							"size": [2.04, 4.04, 0],
							"pivot": [3.44259, 27.83709, 5.51354],
							"rotation": [144.9827, -33.0688, 162.841],
							"uv": {
								"north": {"uv": [44, 56], "uv_size": [2, 5]},
								"east": {"uv": [0, 0], "uv_size": [0, 5]},
								"south": {"uv": [16, 35], "uv_size": [2, 5]},
								"west": {"uv": [0, 0], "uv_size": [0, 5]},
								"up": {"uv": [2, 0], "uv_size": [-2, 0]},
								"down": {"uv": [2, 0], "uv_size": [-2, 0]}
							}
						},
						{
							"origin": [1.98204, 32.26167, 3.80057],
							"size": [3.56666, 2.75666, 3.29666],
							"pivot": [1, 32.64, 6.29666],
							"rotation": [25, 22.5, 0],
							"uv": {
								"north": {"uv": [20, 69], "uv_size": [3.5, 2.75]},
								"east": {"uv": [52, 10], "uv_size": [2.25, 2.75]},
								"south": {"uv": [24, 69], "uv_size": [3.5, 2.75]},
								"west": {"uv": [36, 65], "uv_size": [2.25, 2.75]},
								"up": {"uv": [69, 38], "uv_size": [3.5, 2.25]},
								"down": {"uv": [69, 43.25], "uv_size": [3.5, -2.25]}
							}
						}
					]
				},
				{
					"name": "Capa",
					"parent": "Corpo",
					"pivot": [0, 25.02307, 1.97875],
					"cubes": [
						{
							"origin": [-8.90552, 3.05267, -2.68815],
							"size": [17.81103, 21.9408, 6.3338],
							"uv": {
								"north": {"uv": [0, 0], "uv_size": [17.75, 22]},
								"east": {"uv": [18, 22], "uv_size": [3.25, 22]},
								"south": {"uv": [18, 0], "uv_size": [17.75, 22]},
								"west": {"uv": [22, 22], "uv_size": [3.25, 22]},
								"up": {"uv": [26, 22], "uv_size": [17.75, 3.25]},
								"down": {"uv": [26, 29.25], "uv_size": [17.75, -3.25]}
							}
						}
					]
				}
			]
		}
	]
}