{
	"format_version": "1.12.0",
	"minecraft:geometry": [
		{
			"description": {
				"identifier": "geometry.sorcerer",
				"texture_width": 128,
				"texture_height": 128,
				"visible_bounds_width": 4,
				"visible_bounds_height": 4.5,
				"visible_bounds_offset": [0, 1.75, 0]
			},
			"bones": [
				{
					"name": "Tudo",
					"pivot": [0, 12.72, 0]
				},
				{
					"name": "Corpo",
					"parent": "Tudo",
					"pivot": [0, 24.60557, 0],
					"cubes": [
						{
							"origin": [-4.10093, 12.30278, -2.05046],
							"size": [8.20186, 12.30278, 4.10093],
							"uv": {
								"north": {"uv": [0, 14], "uv_size": [8.25, 12.25]},
								"east": {"uv": [0, 27], "uv_size": [4, 12.25]},
								"south": {"uv": [9, 14], "uv_size": [8.25, 12.25]},
								"west": {"uv": [4, 27], "uv_size": [4, 12.25]},
								"up": {"uv": [20, 43], "uv_size": [8.25, 4]},
								"down": {"uv": [0, 51], "uv_size": [8.25, -4]}
							}
						},
						{
							"origin": [-4.52087, 10.67288, -2.26043],
							"size": [9.04173, 13.56258, 4.52087],
							"uv": {
								"north": {"uv": [0, 0], "uv_size": [9, 13.5]},
								"east": {"uv": [18, 0], "uv_size": [4.5, 13.5]},
								"south": {"uv": [9, 0], "uv_size": [9, 13.5]},
								"west": {"uv": [18, 14], "uv_size": [4.5, 13.5]},
								"up": {"uv": [43, 7], "uv_size": [9, 4.5]},
								"down": {"uv": [43, 16.5], "uv_size": [9, -4.5]}
							}
						}
					],
					"locators": {
						"gojo": [0, 19, 0]
					}
				},
				{
					"name": "rightBraco",
					"parent": "Corpo",
					"pivot": [-5.12616, 22.5551, 0],
					"cubes": [
						{
							"origin": [-8.20186, 12.30278, -2.05046],
							"size": [4.10093, 12.30278, 4.10093],
							"uv": {
								"north": {"uv": [8, 27], "uv_size": [4, 12.25]},
								"east": {"uv": [12, 27], "uv_size": [4, 12.25]},
								"south": {"uv": [16, 28], "uv_size": [4, 12.25]},
								"west": {"uv": [20, 30], "uv_size": [4, 12.25]},
								"up": {"uv": [28, 47], "uv_size": [4, 4]},
								"down": {"uv": [45, 51], "uv_size": [4, -4]}
							}
						}
					]
				},
				{
					"name": "leftBraco",
					"parent": "Corpo",
					"pivot": [5.12616, 22.5551, 0],
					"cubes": [
						{
							"origin": [4.10093, 12.30278, -2.05046],
							"size": [4.10093, 12.30278, 4.10093],
							"uv": {
								"north": {"uv": [24, 30], "uv_size": [4, 12.25]},
								"east": {"uv": [28, 30], "uv_size": [4, 12.25]},
								"south": {"uv": [31, 0], "uv_size": [4, 12.25]},
								"west": {"uv": [31, 13], "uv_size": [4, 12.25]},
								"up": {"uv": [14, 48], "uv_size": [4, 4]},
								"down": {"uv": [49, 21], "uv_size": [4, -4]}
							}
						}
					]
				},
				{
					"name": "rightPerna",
					"parent": "Corpo",
					"pivot": [-1.94794, 12.30278, 0],
					"cubes": [
						{
							"origin": [-3.9984, 0, -2.05046],
							"size": [4.10093, 12.30278, 4.10093],
							"uv": {
								"north": {"uv": [32, 26], "uv_size": [4, 12.25]},
								"east": {"uv": [35, 0], "uv_size": [4, 12.25]},
								"south": {"uv": [35, 13], "uv_size": [4, 12.25]},
								"west": {"uv": [36, 26], "uv_size": [4, 12.25]},
								"up": {"uv": [49, 46], "uv_size": [4, 4]},
								"down": {"uv": [50, 4], "uv_size": [4, -4]}
							}
						},
						{
							"origin": [-4.10093, -0.10252, -2.17349],
							"size": [4.34698, 2.6656, 4.34698],
							"uv": {
								"north": {"uv": [49, 21], "uv_size": [4.25, 2.75]},
								"east": {"uv": [50, 4], "uv_size": [4.25, 2.75]},
								"south": {"uv": [4, 51], "uv_size": [4.25, 2.75]},
								"west": {"uv": [18, 51], "uv_size": [4.25, 2.75]},
								"up": {"uv": [9, 47], "uv_size": [4.25, 4.25]},
								"down": {"uv": [47, 40.25], "uv_size": [4.25, -4.25]}
							}
						}
					]
				},
				{
					"name": "leftPerna",
					"parent": "Corpo",
					"pivot": [1.94794, 12.30278, 0],
					"cubes": [
						{
							"origin": [-0.10253, 0, -2.05046],
							"size": [4.10093, 12.30278, 4.10093],
							"uv": {
								"north": {"uv": [39, 0], "uv_size": [4, 12.25]},
								"east": {"uv": [39, 13], "uv_size": [4, 12.25]},
								"south": {"uv": [32, 39], "uv_size": [4, 12.25]},
								"west": {"uv": [36, 39], "uv_size": [4, 12.25]},
								"up": {"uv": [49, 50], "uv_size": [4, 4]},
								"down": {"uv": [0, 55], "uv_size": [4, -4]}
							}
						},
						{
							"origin": [-0.24605, -0.10252, -2.17349],
							"size": [4.34698, 2.6656, 4.34698],
							"uv": {
								"north": {"uv": [23, 51], "uv_size": [4.25, 2.75]},
								"east": {"uv": [52, 7], "uv_size": [4.25, 2.75]},
								"south": {"uv": [9, 52], "uv_size": [4.25, 2.75]},
								"west": {"uv": [52, 10], "uv_size": [4.25, 2.75]},
								"up": {"uv": [40, 47], "uv_size": [4.25, 4.25]},
								"down": {"uv": [47, 45.25], "uv_size": [4.25, -4.25]}
							}
						}
					]
				},
				{
					"name": "head",
					"parent": "Corpo",
					"pivot": [0, 24.12, 0],
					"cubes": [
						{
							"origin": [-3.52, 24.12, -3.52],
							"size": [7.04, 7.04, 7.04],
							"uv": {
								"north": {"uv": [0, 40], "uv_size": [7, 7]},
								"east": {"uv": [7, 40], "uv_size": [7, 7]},
								"south": {"uv": [40, 26], "uv_size": [7, 7]},
								"west": {"uv": [40, 33], "uv_size": [7, 7]},
								"up": {"uv": [40, 40], "uv_size": [7, 7]},
								"down": {"uv": [43, 7], "uv_size": [7, -7]}
							}
						}
					]
				},
				{
					"name": "Bandana",
					"parent": "head",
					"pivot": [0, 28.64, 0]
				},
				{
					"name": "Cabelo",
					"parent": "head",
					"pivot": [0.01668, 31.49873, -1.41689],
					"cubes": [
						{
							"origin": [-4.00598, 31.11596, -2.1832],
							"size": [7.98142, 1.33024, 6.345],
							"uv": {
								"north": {"uv": [52, 13], "uv_size": [8, 1.25]},
								"east": {"uv": [54, 0], "uv_size": [6.25, 1.25]},
								"south": {"uv": [52, 15], "uv_size": [8, 1.25]},
								"west": {"uv": [54, 2], "uv_size": [6.25, 1.25]},
								"up": {"uv": [23, 16], "uv_size": [8, 6.25]},
								"down": {"uv": [23, 29.25], "uv_size": [8, -6.25]}
							}
						},
						{
							"origin": [-3.00598, 32.4462, -2.1832],
							"size": [5.98142, 1.33024, 6.345],
							"uv": {
								"north": {"uv": [54, 21], "uv_size": [6, 1.25]},
								"east": {"uv": [14, 54], "uv_size": [6.25, 1.25]},
								"south": {"uv": [32, 54], "uv_size": [6, 1.25]},
								"west": {"uv": [21, 54], "uv_size": [6.25, 1.25]},
								"up": {"uv": [14, 41], "uv_size": [6, 6.25]},
								"down": {"uv": [43, 23.25], "uv_size": [6, -6.25]}
							}
						}
					]
				},
				{
					"name": "Mecha",
					"parent": "Cabelo",
					"pivot": [-1, 31, -3],
					"rotation": [7.5, 0, -7.5],
					"cubes": [
						{
							"origin": [-2, 31.93969, -3.65798],
							"size": [3, 2, 2],
							"pivot": [-1, 31.93969, -2.65798],
							"rotation": [-10, 0, 0],
							"uv": {
								"north": {"uv": [20, 28], "uv_size": [3, 2]},
								"east": {"uv": [18, 48], "uv_size": [2, 2]},
								"south": {"uv": [46, 55], "uv_size": [3, 2]},
								"west": {"uv": [60, 45], "uv_size": [2, 2]},
								"up": {"uv": [56, 39], "uv_size": [3, 2]},
								"down": {"uv": [56, 43], "uv_size": [3, -2]}
							}
						},
						{
							"origin": [-2, 31.15886, -3.5565],
							"size": [2, 1, 2],
							"pivot": [-1, 30.15886, -2.5565],
							"rotation": [2.5, 0, 0],
							"uv": {
								"north": {"uv": [16, 27], "uv_size": [2, 1]},
								"east": {"uv": [14, 40], "uv_size": [2, 1]},
								"south": {"uv": [47, 46], "uv_size": [2, 1]},
								"west": {"uv": [18, 50], "uv_size": [2, 1]},
								"up": {"uv": [60, 47], "uv_size": [2, 2]},
								"down": {"uv": [48, 62], "uv_size": [2, -2]}
							}
						},
						{
							"origin": [-1.64, 33.81336, -3.40651],
							"size": [2.64, 1.64, 1.64],
							"pivot": [-0.82, 33.63336, -2.58651],
							"rotation": [-20, 0, 0],
							"uv": {
								"north": {"uv": [6, 59], "uv_size": [2.75, 1.75]},
								"east": {"uv": [55, 62], "uv_size": [1.75, 1.75]},
								"south": {"uv": [59, 23], "uv_size": [2.75, 1.75]},
								"west": {"uv": [62, 61], "uv_size": [1.75, 1.75]},
								"up": {"uv": [25, 59], "uv_size": [2.75, 1.75]},
								"down": {"uv": [59, 26.75], "uv_size": [2.75, -1.75]}
							}
						},
						{
							"origin": [-1.2628, 34.9804, -2.22897],
							"size": [1.2628, 2.0328, 1.2628],
							"pivot": [-0.6314, 35.9968, -1.59757],
							"rotation": [-40, 0, 0],
							"uv": {
								"north": {"uv": [64, 22], "uv_size": [1.25, 2]},
								"east": {"uv": [64, 24], "uv_size": [1.25, 2]},
								"south": {"uv": [64, 26], "uv_size": [1.25, 2]},
								"west": {"uv": [28, 64], "uv_size": [1.25, 2]},
								"up": {"uv": [21, 66], "uv_size": [1.25, 1.25]},
								"down": {"uv": [66, 23.25], "uv_size": [1.25, -1.25]}
							}
						}
					]
				},
				{
					"name": "Mecha2",
					"parent": "Cabelo",
					"pivot": [1, 31, -3],
					"rotation": [7.5, 0, 7.5],
					"cubes": [
						{
							"origin": [-1, 31.93969, -3.65798],
							"size": [3, 2, 2],
							"pivot": [1, 31.93969, -2.65798],
							"rotation": [-10, 0, 0],
							"uv": {
								"north": {"uv": [56, 43], "uv_size": [3, 2]},
								"east": {"uv": [60, 49], "uv_size": [2, 2]},
								"south": {"uv": [49, 56], "uv_size": [3, 2]},
								"west": {"uv": [50, 60], "uv_size": [2, 2]},
								"up": {"uv": [52, 56], "uv_size": [3, 2]},
								"down": {"uv": [55, 58], "uv_size": [3, -2]}
							}
						},
						{
							"origin": [0, 31.15886, -3.5565],
							"size": [2, 1, 2],
							"pivot": [1, 30.15886, -2.5565],
							"rotation": [2.5, 0, 0],
							"uv": {
								"north": {"uv": [7, 54], "uv_size": [2, 1]},
								"east": {"uv": [42, 54], "uv_size": [2, 1]},
								"south": {"uv": [55, 6], "uv_size": [2, 1]},
								"west": {"uv": [11, 55], "uv_size": [2, 1]},
								"up": {"uv": [60, 51], "uv_size": [2, 2]},
								"down": {"uv": [52, 62], "uv_size": [2, -2]}
							}
						},
						{
							"origin": [-1, 33.81336, -3.40651],
							"size": [2.64, 1.64, 1.64],
							"pivot": [0.82, 33.63336, -2.58651],
							"rotation": [-20, 0, 0],
							"uv": {
								"north": {"uv": [59, 27], "uv_size": [2.75, 1.75]},
								"east": {"uv": [0, 63], "uv_size": [1.75, 1.75]},
								"south": {"uv": [59, 29], "uv_size": [2.75, 1.75]},
								"west": {"uv": [63, 0], "uv_size": [1.75, 1.75]},
								"up": {"uv": [59, 31], "uv_size": [2.75, 1.75]},
								"down": {"uv": [59, 34.75], "uv_size": [2.75, -1.75]}
							}
						},
						{
							"origin": [0, 34.9804, -2.22897],
							"size": [1.2628, 2.0328, 1.2628],
							"pivot": [0.6314, 35.9968, -1.59757],
							"rotation": [-40, 0, 0],
							"uv": {
								"north": {"uv": [64, 28], "uv_size": [1.25, 2]},
								"east": {"uv": [30, 64], "uv_size": [1.25, 2]},
								"south": {"uv": [64, 30], "uv_size": [1.25, 2]},
								"west": {"uv": [32, 64], "uv_size": [1.25, 2]},
								"up": {"uv": [66, 24], "uv_size": [1.25, 1.25]},
								"down": {"uv": [66, 27.25], "uv_size": [1.25, -1.25]}
							}
						}
					]
				},
				{
					"name": "Mecha9",
					"parent": "Cabelo",
					"pivot": [2, 30, -3],
					"rotation": [-21.62676, -12.27431, 46.48978],
					"cubes": [
						{
							"origin": [0, 30.93969, -3.65798],
							"size": [3, 2, 2],
							"pivot": [2, 30.93969, -2.65798],
							"rotation": [-10, 0, 0],
							"uv": {
								"north": {"uv": [0, 57], "uv_size": [3, 2]},
								"east": {"uv": [60, 53], "uv_size": [2, 2]},
								"south": {"uv": [57, 6], "uv_size": [3, 2]},
								"west": {"uv": [54, 60], "uv_size": [2, 2]},
								"up": {"uv": [7, 57], "uv_size": [3, 2]},
								"down": {"uv": [57, 10], "uv_size": [3, -2]}
							}
						},
						{
							"origin": [1, 30.15886, -3.5565],
							"size": [2, 1, 2],
							"pivot": [2, 29.15886, -2.5565],
							"rotation": [2.5, 0, 0],
							"uv": {
								"north": {"uv": [40, 56], "uv_size": [2, 1]},
								"east": {"uv": [57, 12], "uv_size": [2, 1]},
								"south": {"uv": [30, 57], "uv_size": [2, 1]},
								"west": {"uv": [25, 58], "uv_size": [2, 1]},
								"up": {"uv": [56, 60], "uv_size": [2, 2]},
								"down": {"uv": [0, 63], "uv_size": [2, -2]}
							}
						},
						{
							"origin": [0, 32.81336, -3.40651],
							"size": [2.64, 1.64, 1.64],
							"pivot": [1.82, 32.63336, -2.58651],
							"rotation": [-20, 0, 0],
							"uv": {
								"north": {"uv": [39, 59], "uv_size": [2.75, 1.75]},
								"east": {"uv": [63, 2], "uv_size": [1.75, 1.75]},
								"south": {"uv": [59, 39], "uv_size": [2.75, 1.75]},
								"west": {"uv": [6, 63], "uv_size": [1.75, 1.75]},
								"up": {"uv": [59, 41], "uv_size": [2.75, 1.75]},
								"down": {"uv": [42, 60.75], "uv_size": [2.75, -1.75]}
							}
						},
						{
							"origin": [1, 33.9804, -2.22897],
							"size": [1.2628, 2.0328, 1.2628],
							"pivot": [1.6314, 34.9968, -1.59757],
							"rotation": [-40, 0, 0],
							"uv": {
								"north": {"uv": [64, 32], "uv_size": [1.25, 2]},
								"east": {"uv": [34, 64], "uv_size": [1.25, 2]},
								"south": {"uv": [64, 34], "uv_size": [1.25, 2]},
								"west": {"uv": [36, 64], "uv_size": [1.25, 2]},
								"up": {"uv": [28, 66], "uv_size": [1.25, 1.25]},
								"down": {"uv": [66, 29.25], "uv_size": [1.25, -1.25]}
							}
						}
					]
				},
				{
					"name": "Mecha10",
					"parent": "Cabelo",
					"pivot": [-1, 30, 2],
					"rotation": [-22.32581, -17.26502, -17.9333],
					"cubes": [
						{
							"origin": [-2, 30.93969, 1.34202],
							"size": [3, 2, 2],
							"pivot": [-1, 30.93969, 2.34202],
							"rotation": [-10, 0, 0],
							"uv": {
								"north": {"uv": [57, 10], "uv_size": [3, 2]},
								"east": {"uv": [61, 0], "uv_size": [2, 2]},
								"south": {"uv": [57, 17], "uv_size": [3, 2]},
								"west": {"uv": [61, 2], "uv_size": [2, 2]},
								"up": {"uv": [57, 19], "uv_size": [3, 2]},
								"down": {"uv": [27, 59], "uv_size": [3, -2]}
							}
						},
						{
							"origin": [-1.64, 32.81336, 1.59349],
							"size": [2.64, 1.64, 1.64],
							"pivot": [-0.82, 32.63336, 2.41349],
							"rotation": [-20, 0, 0],
							"uv": {
								"north": {"uv": [59, 43], "uv_size": [2.75, 1.75]},
								"east": {"uv": [63, 6], "uv_size": [1.75, 1.75]},
								"south": {"uv": [45, 59], "uv_size": [2.75, 1.75]},
								"west": {"uv": [63, 8], "uv_size": [1.75, 1.75]},
								"up": {"uv": [58, 59], "uv_size": [2.75, 1.75]},
								"down": {"uv": [3, 61.75], "uv_size": [2.75, -1.75]}
							}
						},
						{
							"origin": [-1.2628, 33.9804, 2.77103],
							"size": [1.2628, 2.0328, 1.2628],
							"pivot": [-0.6314, 34.9968, 3.40243],
							"rotation": [-40, 0, 0],
							"uv": {
								"north": {"uv": [64, 36], "uv_size": [1.25, 2]},
								"east": {"uv": [64, 38], "uv_size": [1.25, 2]},
								"south": {"uv": [64, 40], "uv_size": [1.25, 2]},
								"west": {"uv": [64, 42], "uv_size": [1.25, 2]},
								"up": {"uv": [30, 66], "uv_size": [1.25, 1.25]},
								"down": {"uv": [66, 31.25], "uv_size": [1.25, -1.25]}
							}
						}
					]
				},
				{
					"name": "Mecha17",
					"parent": "Cabelo",
					"pivot": [1, 30, 2],
					"rotation": [-22.32581, 17.26502, 17.9333],
					"cubes": [
						{
							"origin": [-1, 30.93969, 1.34202],
							"size": [3, 2, 2],
							"pivot": [1, 30.93969, 2.34202],
							"rotation": [-10, 0, 0],
							"uv": {
								"north": {"uv": [40, 57], "uv_size": [3, 2]},
								"east": {"uv": [6, 61], "uv_size": [2, 2]},
								"south": {"uv": [43, 57], "uv_size": [3, 2]},
								"west": {"uv": [24, 61], "uv_size": [2, 2]},
								"up": {"uv": [57, 45], "uv_size": [3, 2]},
								"down": {"uv": [46, 59], "uv_size": [3, -2]}
							}
						},
						{
							"origin": [-1, 32.81336, 1.59349],
							"size": [2.64, 1.64, 1.64],
							"pivot": [0.82, 32.63336, 2.41349],
							"rotation": [-20, 0, 0],
							"uv": {
								"north": {"uv": [60, 6], "uv_size": [2.75, 1.75]},
								"east": {"uv": [63, 10], "uv_size": [1.75, 1.75]},
								"south": {"uv": [60, 8], "uv_size": [2.75, 1.75]},
								"west": {"uv": [63, 12], "uv_size": [1.75, 1.75]},
								"up": {"uv": [9, 60], "uv_size": [2.75, 1.75]},
								"down": {"uv": [60, 11.75], "uv_size": [2.75, -1.75]}
							}
						},
						{
							"origin": [0, 33.9804, 2.77103],
							"size": [1.2628, 2.0328, 1.2628],
							"pivot": [0.6314, 34.9968, 3.40243],
							"rotation": [-40, 0, 0],
							"uv": {
								"north": {"uv": [64, 44], "uv_size": [1.25, 2]},
								"east": {"uv": [46, 64], "uv_size": [1.25, 2]},
								"south": {"uv": [64, 46], "uv_size": [1.25, 2]},
								"west": {"uv": [48, 64], "uv_size": [1.25, 2]},
								"up": {"uv": [32, 66], "uv_size": [1.25, 1.25]},
								"down": {"uv": [66, 33.25], "uv_size": [1.25, -1.25]}
							}
						}
					]
				},
				{
					"name": "Mecha15",
					"parent": "Cabelo",
					"pivot": [-2, 30, -3],
					"rotation": [-21.62676, 12.27431, -46.48978],
					"cubes": [
						{
							"origin": [-3, 30.93969, -3.65798],
							"size": [3, 2, 2],
							"pivot": [-2, 30.93969, -2.65798],
							"rotation": [-10, 0, 0],
							"uv": {
								"north": {"uv": [57, 47], "uv_size": [3, 2]},
								"east": {"uv": [26, 61], "uv_size": [2, 2]},
								"south": {"uv": [57, 49], "uv_size": [3, 2]},
								"west": {"uv": [39, 61], "uv_size": [2, 2]},
								"up": {"uv": [57, 51], "uv_size": [3, 2]},
								"down": {"uv": [57, 55], "uv_size": [3, -2]}
							}
						},
						{
							"origin": [-3, 30.15886, -3.5565],
							"size": [2, 1, 2],
							"pivot": [-2, 29.15886, -2.5565],
							"rotation": [2.5, 0, 0],
							"uv": {
								"north": {"uv": [28, 59], "uv_size": [2, 1]},
								"east": {"uv": [60, 22], "uv_size": [2, 1]},
								"south": {"uv": [62, 34], "uv_size": [2, 1]},
								"west": {"uv": [65, 60], "uv_size": [2, 1]},
								"up": {"uv": [41, 61], "uv_size": [2, 2]},
								"down": {"uv": [43, 63], "uv_size": [2, -2]}
							}
						},
						{
							"origin": [-2.64, 32.81336, -3.40651],
							"size": [2.64, 1.64, 1.64],
							"pivot": [-1.82, 32.63336, -2.58651],
							"rotation": [-20, 0, 0],
							"uv": {
								"north": {"uv": [12, 60], "uv_size": [2.75, 1.75]},
								"east": {"uv": [63, 14], "uv_size": [1.75, 1.75]},
								"south": {"uv": [60, 12], "uv_size": [2.75, 1.75]},
								"west": {"uv": [63, 16], "uv_size": [1.75, 1.75]},
								"up": {"uv": [60, 14], "uv_size": [2.75, 1.75]},
								"down": {"uv": [15, 61.75], "uv_size": [2.75, -1.75]}
							}
						},
						{
							"origin": [-2.2628, 33.9804, -2.22897],
							"size": [1.2628, 2.0328, 1.2628],
							"pivot": [-1.6314, 34.9968, -1.59757],
							"rotation": [-40, 0, 0],
							"uv": {
								"north": {"uv": [64, 48], "uv_size": [1.25, 2]},
								"east": {"uv": [50, 64], "uv_size": [1.25, 2]},
								"south": {"uv": [64, 50], "uv_size": [1.25, 2]},
								"west": {"uv": [52, 64], "uv_size": [1.25, 2]},
								"up": {"uv": [34, 66], "uv_size": [1.25, 1.25]},
								"down": {"uv": [66, 35.25], "uv_size": [1.25, -1.25]}
							}
						}
					]
				},
				{
					"name": "Mecha11",
					"parent": "Cabelo",
					"pivot": [-2, 30, -2],
					"rotation": [-43.75026, 6.07667, -85.28349],
					"cubes": [
						{
							"origin": [-2, 30.93969, -2.65798],
							"size": [2, 2, 2],
							"pivot": [-2, 30.93969, -1.65798],
							"rotation": [-10, 0, 0],
							"uv": {
								"north": {"uv": [45, 61], "uv_size": [2, 2]},
								"east": {"uv": [61, 55], "uv_size": [2, 2]},
								"south": {"uv": [61, 57], "uv_size": [2, 2]},
								"west": {"uv": [58, 61], "uv_size": [2, 2]},
								"up": {"uv": [61, 59], "uv_size": [2, 2]},
								"down": {"uv": [60, 63], "uv_size": [2, -2]}
							}
						},
						{
							"origin": [-2, 30.15886, -2.5565],
							"size": [1, 1, 2],
							"pivot": [-2, 29.15886, -1.5565],
							"rotation": [2.5, 0, 0],
							"uv": {
								"north": {"uv": [54, 23], "uv_size": [1, 1]},
								"east": {"uv": [66, 4], "uv_size": [2, 1]},
								"south": {"uv": [44, 54], "uv_size": [1, 1]},
								"west": {"uv": [66, 5], "uv_size": [2, 1]},
								"up": {"uv": [31, 26], "uv_size": [1, 2]},
								"down": {"uv": [31, 30], "uv_size": [1, -2]}
							}
						},
						{
							"origin": [-1.64, 32.81336, -2.40651],
							"size": [1.64, 1.64, 1.64],
							"pivot": [-1.82, 32.63336, -1.58651],
							"rotation": [-20, 0, 0],
							"uv": {
								"north": {"uv": [63, 18], "uv_size": [1.75, 1.75]},
								"east": {"uv": [63, 20], "uv_size": [1.75, 1.75]},
								"south": {"uv": [24, 63], "uv_size": [1.75, 1.75]},
								"west": {"uv": [26, 63], "uv_size": [1.75, 1.75]},
								"up": {"uv": [38, 63], "uv_size": [1.75, 1.75]},
								"down": {"uv": [40, 64.75], "uv_size": [1.75, -1.75]}
							}
						},
						{
							"origin": [-1.2628, 33.9804, -1.22897],
							"size": [1.2628, 2.0328, 1.2628],
							"pivot": [-1.6314, 34.9968, -0.59757],
							"rotation": [-40, 0, 0],
							"uv": {
								"north": {"uv": [64, 52], "uv_size": [1.25, 2]},
								"east": {"uv": [54, 64], "uv_size": [1.25, 2]},
								"south": {"uv": [64, 61], "uv_size": [1.25, 2]},
								"west": {"uv": [0, 65], "uv_size": [1.25, 2]},
								"up": {"uv": [36, 66], "uv_size": [1.25, 1.25]},
								"down": {"uv": [66, 37.25], "uv_size": [1.25, -1.25]}
							}
						}
					]
				},
				{
					"name": "Mecha12",
					"parent": "Cabelo",
					"pivot": [2, 30, -2],
					"rotation": [-43.75026, -6.07667, 85.28349],
					"cubes": [
						{
							"origin": [0, 30.93969, -2.65798],
							"size": [2, 2, 2],
							"pivot": [2, 30.93969, -1.65798],
							"rotation": [-10, 0, 0],
							"uv": {
								"north": {"uv": [2, 62], "uv_size": [2, 2]},
								"east": {"uv": [4, 62], "uv_size": [2, 2]},
								"south": {"uv": [62, 4], "uv_size": [2, 2]},
								"west": {"uv": [8, 62], "uv_size": [2, 2]},
								"up": {"uv": [10, 62], "uv_size": [2, 2]},
								"down": {"uv": [12, 64], "uv_size": [2, -2]}
							}
						},
						{
							"origin": [1, 30.15886, -2.5565],
							"size": [1, 1, 2],
							"pivot": [2, 29.15886, -1.5565],
							"rotation": [2.5, 0, 0],
							"uv": {
								"north": {"uv": [13, 55], "uv_size": [1, 1]},
								"east": {"uv": [8, 66], "uv_size": [2, 1]},
								"south": {"uv": [55, 35], "uv_size": [1, 1]},
								"west": {"uv": [10, 66], "uv_size": [2, 1]},
								"up": {"uv": [44, 52], "uv_size": [1, 2]},
								"down": {"uv": [12, 68], "uv_size": [1, -2]}
							}
						},
						{
							"origin": [0, 32.81336, -2.40651],
							"size": [1.64, 1.64, 1.64],
							"pivot": [1.82, 32.63336, -1.58651],
							"rotation": [-20, 0, 0],
							"uv": {
								"north": {"uv": [42, 63], "uv_size": [1.75, 1.75]},
								"east": {"uv": [44, 63], "uv_size": [1.75, 1.75]},
								"south": {"uv": [63, 55], "uv_size": [1.75, 1.75]},
								"west": {"uv": [57, 63], "uv_size": [1.75, 1.75]},
								"up": {"uv": [63, 57], "uv_size": [1.75, 1.75]},
								"down": {"uv": [59, 64.75], "uv_size": [1.75, -1.75]}
							}
						},
						{
							"origin": [0, 33.9804, -1.22897],
							"size": [1.2628, 2.0328, 1.2628],
							"pivot": [1.6314, 34.9968, -0.59757],
							"rotation": [-40, 0, 0],
							"uv": {
								"north": {"uv": [65, 0], "uv_size": [1.25, 2]},
								"east": {"uv": [65, 2], "uv_size": [1.25, 2]},
								"south": {"uv": [6, 65], "uv_size": [1.25, 2]},
								"west": {"uv": [65, 6], "uv_size": [1.25, 2]},
								"up": {"uv": [66, 38], "uv_size": [1.25, 1.25]},
								"down": {"uv": [66, 41.25], "uv_size": [1.25, -1.25]}
							}
						}
					]
				},
				{
					"name": "Mecha5",
					"parent": "Cabelo",
					"pivot": [0, 32, -3],
					"rotation": [-17.5, 0, -7.5],
					"cubes": [
						{
							"origin": [-1, 32.93969, -3.65798],
							"size": [2, 2, 2],
							"pivot": [0, 32.93969, -2.65798],
							"rotation": [-10, 0, 0],
							"uv": {
								"north": {"uv": [14, 62], "uv_size": [2, 2]},
								"east": {"uv": [16, 62], "uv_size": [2, 2]},
								"south": {"uv": [18, 62], "uv_size": [2, 2]},
								"west": {"uv": [20, 62], "uv_size": [2, 2]},
								"up": {"uv": [22, 62], "uv_size": [2, 2]},
								"down": {"uv": [62, 24], "uv_size": [2, -2]}
							}
						},
						{
							"origin": [-1, 31.15886, -3.5565],
							"size": [2, 2, 2],
							"pivot": [0, 31.15886, -2.5565],
							"rotation": [2.5, 0, 0],
							"uv": {
								"north": {"uv": [62, 24], "uv_size": [2, 2]},
								"east": {"uv": [62, 26], "uv_size": [2, 2]},
								"south": {"uv": [28, 62], "uv_size": [2, 2]},
								"west": {"uv": [62, 28], "uv_size": [2, 2]},
								"up": {"uv": [30, 62], "uv_size": [2, 2]},
								"down": {"uv": [62, 32], "uv_size": [2, -2]}
							}
						},
						{
							"origin": [-0.64, 34.81336, -3.40651],
							"size": [1.64, 1.64, 1.64],
							"pivot": [0.18, 34.63336, -2.58651],
							"rotation": [-20, 0, 0],
							"uv": {
								"north": {"uv": [63, 59], "uv_size": [1.75, 1.75]},
								"east": {"uv": [61, 63], "uv_size": [1.75, 1.75]},
								"south": {"uv": [63, 63], "uv_size": [1.75, 1.75]},
								"west": {"uv": [2, 64], "uv_size": [1.75, 1.75]},
								"up": {"uv": [4, 64], "uv_size": [1.75, 1.75]},
								"down": {"uv": [64, 5.75], "uv_size": [1.75, -1.75]}
							}
						},
						{
							"origin": [-0.2628, 35.9804, -2.22897],
							"size": [1.2628, 2.0328, 1.2628],
							"pivot": [0.3686, 36.9968, -1.59757],
							"rotation": [-40, 0, 0],
							"uv": {
								"north": {"uv": [65, 8], "uv_size": [1.25, 2]},
								"east": {"uv": [65, 10], "uv_size": [1.25, 2]},
								"south": {"uv": [65, 12], "uv_size": [1.25, 2]},
								"west": {"uv": [65, 14], "uv_size": [1.25, 2]},
								"up": {"uv": [66, 42], "uv_size": [1.25, 1.25]},
								"down": {"uv": [66, 45.25], "uv_size": [1.25, -1.25]}
							}
						}
					]
				},
				{
					"name": "Mecha6",
					"parent": "Cabelo",
					"pivot": [-2, 34, -2],
					"rotation": [-55, 0, -7.5],
					"cubes": [
						{
							"origin": [-3, 34.93969, -2.65798],
							"size": [3, 2, 2],
							"pivot": [-2, 34.93969, -1.65798],
							"rotation": [-10, 0, 0],
							"uv": {
								"north": {"uv": [3, 58], "uv_size": [3, 2]},
								"east": {"uv": [32, 62], "uv_size": [2, 2]},
								"south": {"uv": [10, 58], "uv_size": [3, 2]},
								"west": {"uv": [62, 32], "uv_size": [2, 2]},
								"up": {"uv": [13, 58], "uv_size": [3, 2]},
								"down": {"uv": [16, 60], "uv_size": [3, -2]}
							}
						},
						{
							"origin": [-3, 33.15886, -2.5565],
							"size": [3, 2, 2],
							"pivot": [-2, 33.15886, -1.5565],
							"rotation": [2.5, 0, 0],
							"uv": {
								"north": {"uv": [19, 58], "uv_size": [3, 2]},
								"east": {"uv": [34, 62], "uv_size": [2, 2]},
								"south": {"uv": [22, 58], "uv_size": [3, 2]},
								"west": {"uv": [36, 62], "uv_size": [2, 2]},
								"up": {"uv": [30, 58], "uv_size": [3, 2]},
								"down": {"uv": [33, 60], "uv_size": [3, -2]}
							}
						},
						{
							"origin": [-2.64, 36.81336, -2.40651],
							"size": [2.64, 1.64, 1.64],
							"pivot": [-1.82, 36.63336, -1.58651],
							"rotation": [-20, 0, 0],
							"uv": {
								"north": {"uv": [60, 16], "uv_size": [2.75, 1.75]},
								"east": {"uv": [8, 64], "uv_size": [1.75, 1.75]},
								"south": {"uv": [18, 60], "uv_size": [2.75, 1.75]},
								"west": {"uv": [10, 64], "uv_size": [1.75, 1.75]},
								"up": {"uv": [60, 18], "uv_size": [2.75, 1.75]},
								"down": {"uv": [60, 21.75], "uv_size": [2.75, -1.75]}
							}
						},
						{
							"origin": [-2.2628, 37.9804, -1.22897],
							"size": [2.2628, 2.0328, 3.2628],
							"pivot": [-1.6314, 38.9968, -0.59757],
							"rotation": [-40, 0, 0],
							"uv": {
								"north": {"uv": [21, 60], "uv_size": [2.25, 2]},
								"east": {"uv": [55, 33], "uv_size": [3.25, 2]},
								"south": {"uv": [28, 60], "uv_size": [2.25, 2]},
								"west": {"uv": [42, 55], "uv_size": [3.25, 2]},
								"up": {"uv": [29, 43], "uv_size": [2.25, 3.25]},
								"down": {"uv": [4, 57.25], "uv_size": [2.25, -3.25]}
							}
						}
					]
				},
				{
					"name": "Mecha8",
					"parent": "Cabelo",
					"pivot": [2, 34, -2],
					"rotation": [-55, 0, 7.5],
					"cubes": [
						{
							"origin": [-1, 34.93969, -2.65798],
							"size": [4, 2, 2],
							"pivot": [2, 34.93969, -1.65798],
							"rotation": [-10, 0, 0],
							"uv": {
								"north": {"uv": [43, 24], "uv_size": [4, 2]},
								"east": {"uv": [62, 39], "uv_size": [2, 2]},
								"south": {"uv": [14, 52], "uv_size": [4, 2]},
								"west": {"uv": [62, 41], "uv_size": [2, 2]},
								"up": {"uv": [32, 52], "uv_size": [4, 2]},
								"down": {"uv": [36, 54], "uv_size": [4, -2]}
							}
						},
						{
							"origin": [-1, 33.15886, -2.5565],
							"size": [4, 2, 2],
							"pivot": [2, 33.15886, -1.5565],
							"rotation": [2.5, 0, 0],
							"uv": {
								"north": {"uv": [52, 36], "uv_size": [4, 2]},
								"east": {"uv": [62, 43], "uv_size": [2, 2]},
								"south": {"uv": [52, 38], "uv_size": [4, 2]},
								"west": {"uv": [62, 45], "uv_size": [2, 2]},
								"up": {"uv": [40, 52], "uv_size": [4, 2]},
								"down": {"uv": [52, 42], "uv_size": [4, -2]}
							}
						},
						{
							"origin": [-1, 36.81336, -2.40651],
							"size": [3.64, 1.64, 1.64],
							"pivot": [1.82, 36.63336, -1.58651],
							"rotation": [-20, 0, 0],
							"uv": {
								"north": {"uv": [38, 54], "uv_size": [3.75, 1.75]},
								"east": {"uv": [12, 64], "uv_size": [1.75, 1.75]},
								"south": {"uv": [49, 54], "uv_size": [3.75, 1.75]},
								"west": {"uv": [14, 64], "uv_size": [1.75, 1.75]},
								"up": {"uv": [53, 54], "uv_size": [3.75, 1.75]},
								"down": {"uv": [0, 56.75], "uv_size": [3.75, -1.75]}
							}
						},
						{
							"origin": [-1, 37.9804, -1.22897],
							"size": [3.2628, 2.0328, 3.2628],
							"pivot": [1.6314, 38.9968, -0.59757],
							"rotation": [-40, 0, 0],
							"uv": {
								"north": {"uv": [11, 56], "uv_size": [3.25, 2]},
								"east": {"uv": [15, 56], "uv_size": [3.25, 2]},
								"south": {"uv": [19, 56], "uv_size": [3.25, 2]},
								"west": {"uv": [23, 56], "uv_size": [3.25, 2]},
								"up": {"uv": [28, 51], "uv_size": [3.25, 3.25]},
								"down": {"uv": [45, 54.25], "uv_size": [3.25, -3.25]}
							}
						}
					]
				},
				{
					"name": "Mecha13",
					"parent": "Cabelo",
					"pivot": [3, 33, -2],
					"rotation": [-71.50469, 12.62593, 38.83149],
					"cubes": [
						{
							"origin": [0, 33.93969, -2.65798],
							"size": [4, 2, 2],
							"pivot": [3, 33.93969, -1.65798],
							"rotation": [-10, 0, 0],
							"uv": {
								"north": {"uv": [52, 42], "uv_size": [4, 2]},
								"east": {"uv": [47, 62], "uv_size": [2, 2]},
								"south": {"uv": [52, 44], "uv_size": [4, 2]},
								"west": {"uv": [62, 47], "uv_size": [2, 2]},
								"up": {"uv": [53, 17], "uv_size": [4, 2]},
								"down": {"uv": [53, 21], "uv_size": [4, -2]}
							}
						},
						{
							"origin": [0, 32.15886, -2.5565],
							"size": [3, 2, 2],
							"pivot": [3, 32.15886, -1.5565],
							"rotation": [2.5, 0, 0],
							"uv": {
								"north": {"uv": [36, 58], "uv_size": [3, 2]},
								"east": {"uv": [49, 62], "uv_size": [2, 2]},
								"south": {"uv": [49, 58], "uv_size": [3, 2]},
								"west": {"uv": [62, 49], "uv_size": [2, 2]},
								"up": {"uv": [52, 58], "uv_size": [3, 2]},
								"down": {"uv": [55, 60], "uv_size": [3, -2]}
							}
						},
						{
							"origin": [0, 35.81336, -2.40651],
							"size": [3.64, 1.64, 1.64],
							"pivot": [2.82, 35.63336, -1.58651],
							"rotation": [-20, 0, 0],
							"uv": {
								"north": {"uv": [55, 4], "uv_size": [3.75, 1.75]},
								"east": {"uv": [16, 64], "uv_size": [1.75, 1.75]},
								"south": {"uv": [7, 55], "uv_size": [3.75, 1.75]},
								"west": {"uv": [18, 64], "uv_size": [1.75, 1.75]},
								"up": {"uv": [55, 23], "uv_size": [3.75, 1.75]},
								"down": {"uv": [55, 26.75], "uv_size": [3.75, -1.75]}
							}
						},
						{
							"origin": [0, 36.9804, -1.22897],
							"size": [3.2628, 2.0328, 1.2628],
							"pivot": [2.6314, 37.9968, -0.59757],
							"rotation": [-40, 0, 0],
							"uv": {
								"north": {"uv": [32, 56], "uv_size": [3.25, 2]},
								"east": {"uv": [65, 16], "uv_size": [1.25, 2]},
								"south": {"uv": [56, 35], "uv_size": [3.25, 2]},
								"west": {"uv": [65, 18], "uv_size": [1.25, 2]},
								"up": {"uv": [31, 60], "uv_size": [3.25, 1.25]},
								"down": {"uv": [35, 61.25], "uv_size": [3.25, -1.25]}
							}
						}
					]
				},
				{
					"name": "Mecha14",
					"parent": "Cabelo",
					"pivot": [-3, 33, -2],
					"rotation": [-71.50469, -12.62593, -38.83149],
					"cubes": [
						{
							"origin": [-4, 33.93969, -2.65798],
							"size": [4, 2, 2],
							"pivot": [-3, 33.93969, -1.65798],
							"rotation": [-10, 0, 0],
							"uv": {
								"north": {"uv": [53, 46], "uv_size": [4, 2]},
								"east": {"uv": [51, 62], "uv_size": [2, 2]},
								"south": {"uv": [53, 48], "uv_size": [4, 2]},
								"west": {"uv": [62, 51], "uv_size": [2, 2]},
								"up": {"uv": [53, 50], "uv_size": [4, 2]},
								"down": {"uv": [53, 54], "uv_size": [4, -2]}
							}
						},
						{
							"origin": [-3, 32.15886, -2.5565],
							"size": [3, 2, 2],
							"pivot": [-3, 32.15886, -1.5565],
							"rotation": [2.5, 0, 0],
							"uv": {
								"north": {"uv": [58, 55], "uv_size": [3, 2]},
								"east": {"uv": [53, 62], "uv_size": [2, 2]},
								"south": {"uv": [58, 57], "uv_size": [3, 2]},
								"west": {"uv": [62, 53], "uv_size": [2, 2]},
								"up": {"uv": [0, 59], "uv_size": [3, 2]},
								"down": {"uv": [59, 6], "uv_size": [3, -2]}
							}
						},
						{
							"origin": [-3.64, 35.81336, -2.40651],
							"size": [3.64, 1.64, 1.64],
							"pivot": [-2.82, 35.63336, -1.58651],
							"rotation": [-20, 0, 0],
							"uv": {
								"north": {"uv": [55, 27], "uv_size": [3.75, 1.75]},
								"east": {"uv": [20, 64], "uv_size": [1.75, 1.75]},
								"south": {"uv": [28, 55], "uv_size": [3.75, 1.75]},
								"west": {"uv": [22, 64], "uv_size": [1.75, 1.75]},
								"up": {"uv": [55, 29], "uv_size": [3.75, 1.75]},
								"down": {"uv": [55, 32.75], "uv_size": [3.75, -1.75]}
							}
						},
						{
							"origin": [-3.2628, 36.9804, -1.22897],
							"size": [3.2628, 2.0328, 1.2628],
							"pivot": [-2.6314, 37.9968, -0.59757],
							"rotation": [-40, 0, 0],
							"uv": {
								"north": {"uv": [36, 56], "uv_size": [3.25, 2]},
								"east": {"uv": [65, 20], "uv_size": [1.25, 2]},
								"south": {"uv": [56, 37], "uv_size": [3.25, 2]},
								"west": {"uv": [24, 65], "uv_size": [1.25, 2]},
								"up": {"uv": [60, 35], "uv_size": [3.25, 1.25]},
								"down": {"uv": [60, 38.25], "uv_size": [3.25, -1.25]}
							}
						}
					]
				},
				{
					"name": "Mecha3",
					"parent": "Cabelo",
					"pivot": [3.06143, 33.61753, -2.37117],
					"rotation": [1.33945, -16.67976, 28.81485],
					"cubes": [
						{
							"origin": [2.39858, 31.76927, -3.59207],
							"size": [1.6, 1.6, 1.6],
							"pivot": [3.19858, 31.76927, -2.79207],
							"rotation": [-10, 0, 0],
							"uv": {
								"north": {"uv": [26, 65], "uv_size": [1.5, 1.5]},
								"east": {"uv": [38, 65], "uv_size": [1.5, 1.5]},
								"south": {"uv": [40, 65], "uv_size": [1.5, 1.5]},
								"west": {"uv": [42, 65], "uv_size": [1.5, 1.5]},
								"up": {"uv": [44, 65], "uv_size": [1.5, 1.5]},
								"down": {"uv": [65, 55.5], "uv_size": [1.5, -1.5]}
							}
						},
						{
							"origin": [2.39858, 31.14461, -3.51089],
							"size": [1.6, 0.8, 1.6],
							"pivot": [3.19858, 30.34461, -2.71089],
							"rotation": [2.5, 0, 0],
							"uv": {
								"north": {"uv": [67, 0], "uv_size": [1.5, 0.75]},
								"east": {"uv": [67, 1], "uv_size": [1.5, 0.75]},
								"south": {"uv": [67, 2], "uv_size": [1.5, 0.75]},
								"west": {"uv": [67, 3], "uv_size": [1.5, 0.75]},
								"up": {"uv": [56, 65], "uv_size": [1.5, 1.5]},
								"down": {"uv": [65, 57.5], "uv_size": [1.5, -1.5]}
							}
						},
						{
							"origin": [2.39858, 33.2682, -3.39089],
							"size": [1.312, 1.312, 1.312],
							"pivot": [3.05458, 33.1242, -2.73489],
							"rotation": [-20, 0, 0],
							"uv": {
								"north": {"uv": [46, 66], "uv_size": [1.25, 1.25]},
								"east": {"uv": [66, 46], "uv_size": [1.25, 1.25]},
								"south": {"uv": [48, 66], "uv_size": [1.25, 1.25]},
								"west": {"uv": [66, 48], "uv_size": [1.25, 1.25]},
								"up": {"uv": [50, 66], "uv_size": [1.25, 1.25]},
								"down": {"uv": [66, 51.25], "uv_size": [1.25, -1.25]}
							}
						},
						{
							"origin": [2.39858, 34.20184, -2.44886],
							"size": [1.01024, 1.62624, 1.01024],
							"pivot": [2.9037, 35.01496, -1.94374],
							"rotation": [-40, 0, 0],
							"uv": {
								"north": {"uv": [13, 66], "uv_size": [1, 1.75]},
								"east": {"uv": [14, 66], "uv_size": [1, 1.75]},
								"south": {"uv": [15, 66], "uv_size": [1, 1.75]},
								"west": {"uv": [16, 66], "uv_size": [1, 1.75]},
								"up": {"uv": [27, 56], "uv_size": [1, 1]},
								"down": {"uv": [56, 46], "uv_size": [1, -1]}
							}
						}
					]
				},
				{
					"name": "Mecha4",
					"parent": "Cabelo",
					"pivot": [-2.06143, 31.61753, -2.37117],
					"rotation": [-7.31291, -3.55777, -33.88849],
					"cubes": [
						{
							"origin": [-2.8847, 32.00242, -3.60177],
							"size": [1.6, 1.6, 1.6],
							"pivot": [-2.0847, 32.00242, -2.80177],
							"rotation": [-10, 0, 0],
							"uv": {
								"north": {"uv": [58, 65], "uv_size": [1.5, 1.5]},
								"east": {"uv": [65, 58], "uv_size": [1.5, 1.5]},
								"south": {"uv": [60, 65], "uv_size": [1.5, 1.5]},
								"west": {"uv": [62, 65], "uv_size": [1.5, 1.5]},
								"up": {"uv": [65, 63], "uv_size": [1.5, 1.5]},
								"down": {"uv": [64, 66.5], "uv_size": [1.5, -1.5]}
							}
						},
						{
							"origin": [-2.8847, 31.37775, -3.52058],
							"size": [1.6, 0.8, 1.6],
							"pivot": [-2.0847, 30.57775, -2.72058],
							"rotation": [2.5, 0, 0],
							"uv": {
								"north": {"uv": [6, 67], "uv_size": [1.5, 0.75]},
								"east": {"uv": [67, 6], "uv_size": [1.5, 0.75]},
								"south": {"uv": [67, 7], "uv_size": [1.5, 0.75]},
								"west": {"uv": [8, 67], "uv_size": [1.5, 0.75]},
								"up": {"uv": [2, 66], "uv_size": [1.5, 1.5]},
								"down": {"uv": [4, 67.5], "uv_size": [1.5, -1.5]}
							}
						},
						{
							"origin": [-2.5967, 33.50135, -3.40059],
							"size": [1.312, 1.312, 1.312],
							"pivot": [-1.9407, 33.35735, -2.74459],
							"rotation": [-20, 0, 0],
							"uv": {
								"north": {"uv": [52, 66], "uv_size": [1.25, 1.25]},
								"east": {"uv": [66, 52], "uv_size": [1.25, 1.25]},
								"south": {"uv": [54, 66], "uv_size": [1.25, 1.25]},
								"west": {"uv": [66, 61], "uv_size": [1.25, 1.25]},
								"up": {"uv": [66, 65], "uv_size": [1.25, 1.25]},
								"down": {"uv": [0, 68.25], "uv_size": [1.25, -1.25]}
							}
						},
						{
							"origin": [-2.29494, 34.43499, -2.45856],
							"size": [1.01024, 1.62624, 1.01024],
							"pivot": [-1.78982, 35.24811, -1.95344],
							"rotation": [-40, 0, 0],
							"uv": {
								"north": {"uv": [17, 66], "uv_size": [1, 1.75]},
								"east": {"uv": [18, 66], "uv_size": [1, 1.75]},
								"south": {"uv": [19, 66], "uv_size": [1, 1.75]},
								"west": {"uv": [20, 66], "uv_size": [1, 1.75]},
								"up": {"uv": [3, 57], "uv_size": [1, 1]},
								"down": {"uv": [10, 58], "uv_size": [1, -1]}
							}
						}
					]
				},
				{
					"name": "Mecha7",
					"parent": "Cabelo",
					"pivot": [-1.90226, 29.90671, -4.68709],
					"rotation": [148.36622, 16.80325, 23.18437],
					"cubes": [
						{
							"origin": [-2.53998, 28.4281, -4.87837],
							"size": [1.056, 1.056, 1.056],
							"pivot": [-2.01198, 28.4281, -4.35037],
							"rotation": [10, 0, 0],
							"uv": {
								"north": {"uv": [57, 55], "uv_size": [1, 1]},
								"east": {"uv": [6, 58], "uv_size": [1, 1]},
								"south": {"uv": [39, 58], "uv_size": [1, 1]},
								"west": {"uv": [9, 59], "uv_size": [1, 1]},
								"up": {"uv": [59, 12], "uv_size": [1, 1]},
								"down": {"uv": [48, 60], "uv_size": [1, -1]}
							}
						},
						{
							"origin": [-2.53998, 28.01583, -4.93195],
							"size": [1.056, 0.528, 1.056],
							"pivot": [-2.01198, 27.48783, -4.40395],
							"rotation": [-2.5, 0, 0],
							"uv": {
								"north": {"uv": [11, 67], "uv_size": [1, 0.5]},
								"east": {"uv": [67, 11], "uv_size": [1, 0.5]},
								"south": {"uv": [67, 12], "uv_size": [1, 0.5]},
								"west": {"uv": [67, 13], "uv_size": [1, 0.5]},
								"up": {"uv": [24, 60], "uv_size": [1, 1]},
								"down": {"uv": [2, 62], "uv_size": [1, -1]}
							}
						},
						{
							"origin": [-2.3499, 29.4174, -4.82107],
							"size": [0.86592, 0.86592, 0.86592],
							"pivot": [-1.91694, 29.32236, -4.38811],
							"rotation": [20, 0, 0],
							"uv": {
								"north": {"uv": [46, 63], "uv_size": [0.75, 0.75]},
								"east": {"uv": [64, 54], "uv_size": [0.75, 0.75]},
								"south": {"uv": [56, 64], "uv_size": [0.75, 0.75]},
								"west": {"uv": [23, 66], "uv_size": [0.75, 0.75]},
								"up": {"uv": [67, 8], "uv_size": [0.75, 0.75]},
								"down": {"uv": [67, 9.75], "uv_size": [0.75, -0.75]}
							}
						},
						{
							"origin": [-2.15074, 30.0336, -5.24364],
							"size": [0.66676, 1.07332, 0.66676],
							"pivot": [-1.81736, 30.57026, -4.91027],
							"rotation": [40, 0, 0],
							"uv": {
								"north": {"uv": [8, 61], "uv_size": [0.75, 1]},
								"east": {"uv": [47, 61], "uv_size": [0.75, 1]},
								"south": {"uv": [38, 62], "uv_size": [0.75, 1]},
								"west": {"uv": [57, 62], "uv_size": [0.75, 1]},
								"up": {"uv": [10, 67], "uv_size": [0.75, 0.75]},
								"down": {"uv": [67, 10.75], "uv_size": [0.75, -0.75]}
							}
						}
					]
				}
			]
		}
	]
}