{
	"format_version": "1.12.0",
	"minecraft:geometry": [
		{
			"description": {
				"identifier": "geometry.strawhatoutline",
				"texture_width": 32,
				"texture_height": 32,
				"visible_bounds_width": 3,
				"visible_bounds_height": 3.5,
				"visible_bounds_offset": [0, 1.25, 0]
			},
			"bones": [
				{
					"name": "Tudo",
					"pivot": [0, 12, 0]
				},
				{
					"name": "Corpo",
					"parent": "Tudo",
					"pivot": [0, 24, 0]
				},
				{
					"name": "rightBraco",
					"parent": "Corpo",
					"pivot": [-5, 22, 0]
				},
				{
					"name": "leftBraco",
					"parent": "Corpo",
					"pivot": [5, 22, 0]
				},
				{
					"name": "rightPerna",
					"parent": "Corpo",
					"pivot": [-1.9, 12, 0]
				},
				{
					"name": "leftPerna",
					"parent": "Corpo",
					"pivot": [1.9, 12, 0]
				},
				{
					"name": "Head",
					"parent": "Corpo",
					"pivot": [0, 24.12, 0]
				},
				{
					"name": "Chapeu",
					"parent": "Head",
					"pivot": [0, 30.39, 0],
					"rotation": [-10, 0, 0],
					"cubes": [
						{
							"origin": [-5.8512, 29.0438, -5.8512],
							"size": [11.7024, 1.1024, 11.7024],
							"inflate": 0.4,
							"uv": {
								"north": {"uv": [20, 15], "uv_size": [11.75, 1]},
								"east": {"uv": [20, 16], "uv_size": [11.75, 1]},
								"south": {"uv": [20, 17], "uv_size": [11.75, 1]},
								"west": {"uv": [20, 18], "uv_size": [11.75, 1]},
								"up": {"uv": [0, 0], "uv_size": [11.75, 11.75]},
								"down": {"uv": [0, 23.75], "uv_size": [11.75, -11.75]}
							}
						},
						{
							"origin": [-3.7312, 29.0438, -3.7312],
							"size": [7.4624, 4.2824, 7.4624],
							"inflate": 0.4,
							"uv": {
								"north": {"uv": [12, 16], "uv_size": [7.5, 4.25]},
								"east": {"uv": [20, 0], "uv_size": [7.5, 4.25]},
								"south": {"uv": [20, 5], "uv_size": [7.5, 4.25]},
								"west": {"uv": [20, 10], "uv_size": [7.5, 4.25]},
								"up": {"uv": [12, 0], "uv_size": [7.5, 7.5]},
								"down": {"uv": [12, 15.5], "uv_size": [7.5, -7.5]}
							}
						}
					]
				}
			]
		}
	]
}