{
	"format_version": "1.12.0",
	"minecraft:geometry": [
		{
			"description": {
				"identifier": "geometry.tojioutline",
				"texture_width": 128,
				"texture_height": 128,
				"visible_bounds_width": 4,
				"visible_bounds_height": 3.5,
				"visible_bounds_offset": [0, 1.25, 0]
			},
			"bones": [
				{
					"name": "Tudo",
					"pivot": [0, 12.72, 0]
				},
				{
					"name": "Corpo",
					"parent": "Tudo",
					"pivot": [0, 24.60557, 0],
					"cubes": [
						{
							"origin": [-4.10093, 12.30278, -2.05046],
							"size": [8.20186, 12.30278, 4.10093],
							"inflate": 0.3,
							"uv": {
								"north": {"uv": [0, 0], "uv_size": [8.25, 12.25]},
								"east": {"uv": [18, 19], "uv_size": [4, 12.25]},
								"south": {"uv": [9, 0], "uv_size": [8.25, 12.25]},
								"west": {"uv": [22, 19], "uv_size": [4, 12.25]},
								"up": {"uv": [49, 24], "uv_size": [8.25, 4]},
								"down": {"uv": [49, 32], "uv_size": [8.25, -4]}
							}
						}
					]
				},
				{
					"name": "head",
					"parent": "Corpo",
					"pivot": [0, 24.12, 0],
					"cubes": [
						{
							"origin": [-3.54265, 24.27519, -3.54265],
							"size": [7.0853, 7.0853, 7.0853],
							"inflate": 0.3,
							"uv": {
								"north": {"uv": [18, 6], "uv_size": [7, 7]},
								"east": {"uv": [25, 6], "uv_size": [7, 7]},
								"south": {"uv": [26, 19], "uv_size": [7, 7]},
								"west": {"uv": [26, 26], "uv_size": [7, 7]},
								"up": {"uv": [0, 27], "uv_size": [7, 7]},
								"down": {"uv": [7, 34], "uv_size": [7, -7]}
							}
						}
					]
				},
				{
					"name": "Hair",
					"parent": "head",
					"pivot": [-0.08926, 31.71804, 0.03139],
					"cubes": [
						{
							"origin": [-3.37219, 27.89565, -3.37219],
							"size": [6.74439, 5.44439, 6.89439],
							"inflate": 0.3,
							"uv": {
								"north": {"uv": [34, 45], "uv_size": [6.75, 5.5]},
								"east": {"uv": [44, 12], "uv_size": [7, 5.5]},
								"south": {"uv": [41, 45], "uv_size": [6.75, 5.5]},
								"west": {"uv": [16, 45], "uv_size": [7, 5.5]},
								"up": {"uv": [41, 19], "uv_size": [6.75, 7]},
								"down": {"uv": [42, 33], "uv_size": [6.75, -7]}
							}
						},
						{
							"origin": [-3.0687, 28.18564, -3.06195],
							"size": [6.13739, 5.86439, 6.27389],
							"inflate": 0.3,
							"uv": {
								"north": {"uv": [23, 46], "uv_size": [6.25, 5.75]},
								"east": {"uv": [0, 47], "uv_size": [6.25, 5.75]},
								"south": {"uv": [48, 18], "uv_size": [6.25, 5.75]},
								"west": {"uv": [48, 45], "uv_size": [6.25, 5.75]},
								"up": {"uv": [42, 38], "uv_size": [6.25, 6.25]},
								"down": {"uv": [44, 11.25], "uv_size": [6.25, -6.25]}
							}
						},
						{
							"origin": [-4.18209, 29.22715, -2.93139],
							"size": [8.36418, 4.09138, 7.68278],
							"inflate": 0.3,
							"uv": {
								"north": {"uv": [49, 38], "uv_size": [8.25, 4]},
								"east": {"uv": [51, 4], "uv_size": [7.75, 4]},
								"south": {"uv": [51, 0], "uv_size": [8.25, 4]},
								"west": {"uv": [51, 8], "uv_size": [7.75, 4]},
								"up": {"uv": [0, 19], "uv_size": [8.25, 7.75]},
								"down": {"uv": [9, 26.75], "uv_size": [8.25, -7.75]}
							}
						},
						{
							"origin": [-4.18209, 26.22715, 0.06861],
							"size": [8.36418, 3.09138, 4.68278],
							"inflate": 0.3,
							"uv": {
								"north": {"uv": [49, 42], "uv_size": [8.25, 3]},
								"east": {"uv": [38, 63], "uv_size": [4.75, 3]},
								"south": {"uv": [51, 51], "uv_size": [8.25, 3]},
								"west": {"uv": [63, 38], "uv_size": [4.75, 3]},
								"up": {"uv": [42, 0], "uv_size": [8.25, 4.75]},
								"down": {"uv": [42, 37.75], "uv_size": [8.25, -4.75]}
							}
						}
					]
				},
				{
					"name": "rightBraco",
					"parent": "Corpo",
					"pivot": [-5.12616, 22.5551, 0],
					"cubes": [
						{
							"origin": [-8.20186, 12.30278, -2.05046],
							"size": [4.10093, 12.30278, 4.10093],
							"inflate": 0.3,
							"uv": {
								"north": {"uv": [14, 27], "uv_size": [4, 12.25]},
								"east": {"uv": [32, 6], "uv_size": [4, 12.25]},
								"south": {"uv": [18, 32], "uv_size": [4, 12.25]},
								"west": {"uv": [22, 32], "uv_size": [4, 12.25]},
								"up": {"uv": [30, 46], "uv_size": [4, 4]},
								"down": {"uv": [18, 61], "uv_size": [4, -4]}
							}
						}
					]
				},
				{
					"name": "Sword",
					"parent": "rightBraco",
					"pivot": [-6, 12, 0],
					"cubes": [
						{
							"origin": [-6, 12, -4],
							"size": [1, 2, 8],
							"inflate": 0.3,
							"uv": {
								"north": {"uv": [48, 24], "uv_size": [1, 2]},
								"east": {"uv": [61, 56], "uv_size": [8, 2]},
								"south": {"uv": [29, 55], "uv_size": [1, 2]},
								"west": {"uv": [8, 62], "uv_size": [8, 2]},
								"up": {"uv": [20, 69], "uv_size": [1, 8]},
								"down": {"uv": [21, 77], "uv_size": [1, -8]}
							}
						},
						{
							"origin": [-7, 11, -5],
							"size": [3, 4, 3],
							"inflate": 0.3,
							"uv": {
								"north": {"uv": [29, 13], "uv_size": [3, 4]},
								"east": {"uv": [13, 53], "uv_size": [3, 4]},
								"south": {"uv": [4, 62], "uv_size": [3, 4]},
								"west": {"uv": [66, 14], "uv_size": [3, 4]},
								"up": {"uv": [48, 56], "uv_size": [3, 3]},
								"down": {"uv": [33, 60], "uv_size": [3, -3]}
							}
						},
						{
							"origin": [-6, 12, -29],
							"size": [1, 3, 24],
							"inflate": 0.3,
							"uv": {
								"north": {"uv": [29, 52], "uv_size": [1, 3]},
								"east": {"uv": [18, 0], "uv_size": [24, 3]},
								"south": {"uv": [47, 60], "uv_size": [1, 3]},
								"west": {"uv": [18, 3], "uv_size": [24, 3]},
								"up": {"uv": [22, 51], "uv_size": [1, 24]},
								"down": {"uv": [7, 76], "uv_size": [1, -24]}
							}
						},
						{
							"origin": [-6, 13, -32],
							"size": [1, 2, 3],
							"inflate": 0.3,
							"uv": {
								"north": {"uv": [57, 36], "uv_size": [1, 2]},
								"east": {"uv": [29, 17], "uv_size": [3, 2]},
								"south": {"uv": [32, 61], "uv_size": [1, 2]},
								"west": {"uv": [71, 47], "uv_size": [3, 2]},
								"up": {"uv": [27, 62], "uv_size": [1, 3]},
								"down": {"uv": [43, 66], "uv_size": [1, -3]}
							}
						},
						{
							"origin": [-6, 14, -34],
							"size": [1, 1, 2],
							"inflate": 0.3,
							"uv": {
								"north": {"uv": [33, 32], "uv_size": [1, 1]},
								"east": {"uv": [42, 5], "uv_size": [2, 1]},
								"south": {"uv": [41, 31], "uv_size": [1, 1]},
								"west": {"uv": [16, 44], "uv_size": [2, 1]},
								"up": {"uv": [26, 66], "uv_size": [1, 2]},
								"down": {"uv": [17, 69], "uv_size": [1, -2]}
							}
						}
					]
				},
				{
					"name": "Faca",
					"parent": "rightBraco",
					"pivot": [-6.12616, 17.9551, 0.2],
					"rotation": [90, 0, 0],
					"cubes": [
						{
							"origin": [-6.85136, 17.4299, 0.8992],
							"size": [1.4504, 1.4504, 5.8016],
							"inflate": 0.3,
							"uv": {
								"north": {"uv": [16, 62], "uv_size": [1.5, 1.5]},
								"east": {"uv": [68, 29], "uv_size": [6, 1.5]},
								"south": {"uv": [64, 10], "uv_size": [1.5, 1.5]},
								"west": {"uv": [68, 42], "uv_size": [6, 1.5]},
								"up": {"uv": [12, 34], "uv_size": [1.5, 6]},
								"down": {"uv": [45, 74], "uv_size": [1.5, -6]}
							}
						},
						{
							"origin": [-7.43916, 16.8421, 1.00288],
							"size": [2.62601, 2.62601, 0.69423],
							"inflate": 0.3,
							"uv": {
								"north": {"uv": [71, 31], "uv_size": [2.75, 2.75]},
								"east": {"uv": [44, 63], "uv_size": [0.75, 2.75]},
								"south": {"uv": [71, 38], "uv_size": [2.75, 2.75]},
								"west": {"uv": [5, 66], "uv_size": [0.75, 2.75]},
								"up": {"uv": [44, 18], "uv_size": [2.75, 0.75]},
								"down": {"uv": [23, 45.75], "uv_size": [2.75, -0.75]}
							}
						},
						{
							"origin": [-6.45916, 16.8421, -0.95712],
							"size": [0.66601, 2.62601, 2.65423],
							"inflate": 0.3,
							"uv": {
								"north": {"uv": [6, 66], "uv_size": [0.75, 2.75]},
								"east": {"uv": [71, 44], "uv_size": [2.75, 2.75]},
								"south": {"uv": [28, 71], "uv_size": [0.75, 2.75]},
								"west": {"uv": [47, 71], "uv_size": [2.75, 2.75]},
								"up": {"uv": [29, 71], "uv_size": [0.75, 2.75]},
								"down": {"uv": [71, 53.75], "uv_size": [0.75, -2.75]}
							}
						},
						{
							"origin": [-6.45916, 17.8221, -4.87712],
							"size": [0.66601, 1.64601, 4.61423],
							"inflate": 0.3,
							"uv": {
								"north": {"uv": [58, 71], "uv_size": [0.75, 1.75]},
								"east": {"uv": [69, 56], "uv_size": [4.75, 1.75]},
								"south": {"uv": [71, 65], "uv_size": [0.75, 1.75]},
								"west": {"uv": [8, 70], "uv_size": [4.75, 1.75]},
								"up": {"uv": [41, 26], "uv_size": [0.75, 4.75]},
								"down": {"uv": [28, 56.75], "uv_size": [0.75, -4.75]}
							}
						},
						{
							"origin": [-6.38923, 16.20858, -2.62323],
							"size": [0.52615, 1.30035, 2.09684],
							"inflate": 0.3,
							"pivot": [-6.12616, 16.6851, -1.59],
							"rotation": [2.5, 0, 0],
							"uv": {
								"north": {"uv": [71, 67], "uv_size": [0.75, 1.75]},
								"east": {"uv": [71, 49], "uv_size": [2.75, 1.75]},
								"south": {"uv": [71, 69], "uv_size": [0.75, 1.75]},
								"west": {"uv": [50, 71], "uv_size": [2.75, 1.75]},
								"up": {"uv": [53, 71], "uv_size": [0.75, 2.75]},
								"down": {"uv": [54, 73.75], "uv_size": [0.75, -2.75]}
							}
						}
					]
				},
				{
					"name": "leftBraco",
					"parent": "Corpo",
					"pivot": [5.12616, 22.5551, 0],
					"cubes": [
						{
							"origin": [4.10093, 12.30278, -2.05046],
							"size": [4.10093, 12.30278, 4.10093],
							"inflate": 0.3,
							"uv": {
								"north": {"uv": [33, 19], "uv_size": [4, 12.25]},
								"east": {"uv": [26, 33], "uv_size": [4, 12.25]},
								"south": {"uv": [30, 33], "uv_size": [4, 12.25]},
								"west": {"uv": [0, 34], "uv_size": [4, 12.25]},
								"up": {"uv": [18, 61], "uv_size": [4, 4]},
								"down": {"uv": [28, 65], "uv_size": [4, -4]}
							}
						}
					]
				},
				{
					"name": "Gun",
					"parent": "leftBraco",
					"pivot": [6, 24, 1],
					"cubes": [
						{
							"origin": [5, 24, -1],
							"size": [1, 2, 4],
							"inflate": 0.3,
							"uv": {
								"north": {"uv": [71, 54], "uv_size": [1, 2]},
								"east": {"uv": [71, 22], "uv_size": [4, 2]},
								"south": {"uv": [55, 71], "uv_size": [1, 2]},
								"west": {"uv": [71, 24], "uv_size": [4, 2]},
								"up": {"uv": [16, 40], "uv_size": [1, 4]},
								"down": {"uv": [17, 44], "uv_size": [1, -4]}
							}
						},
						{
							"origin": [5, 18, -2],
							"size": [1, 8, 2],
							"inflate": 0.3,
							"uv": {
								"north": {"uv": [26, 71], "uv_size": [1, 8]},
								"east": {"uv": [5, 53], "uv_size": [2, 8]},
								"south": {"uv": [27, 71], "uv_size": [1, 8]},
								"west": {"uv": [45, 60], "uv_size": [2, 8]},
								"up": {"uv": [56, 71], "uv_size": [1, 2]},
								"down": {"uv": [57, 73], "uv_size": [1, -2]}
							}
						},
						{
							"origin": [5.225, 21.97942, -0.38227],
							"size": [0.55, 0.55, 1.55],
							"inflate": 0.3,
							"pivot": [5.5, 22.5, -0.5],
							"rotation": [32.5, 0, 0],
							"uv": {
								"north": {"uv": [55, 50], "uv_size": [0.5, 0.5]},
								"east": {"uv": [49, 32], "uv_size": [1.5, 0.5]},
								"south": {"uv": [56, 23], "uv_size": [0.5, 0.5]},
								"west": {"uv": [30, 50], "uv_size": [1.5, 0.5]},
								"up": {"uv": [71, 71], "uv_size": [0.5, 1.5]},
								"down": {"uv": [0, 73.5], "uv_size": [0.5, -1.5]}
							}
						},
						{
							"origin": [5.225, 22.34154, 0.77877],
							"size": [0.55, 0.55, 1.55],
							"inflate": 0.3,
							"pivot": [5.5, 22.86211, 0.66104],
							"rotation": [87.5, 0, 0],
							"uv": {
								"north": {"uv": [56, 50], "uv_size": [0.5, 0.5]},
								"east": {"uv": [32, 50], "uv_size": [1.5, 0.5]},
								"south": {"uv": [57, 17], "uv_size": [0.5, 0.5]},
								"west": {"uv": [8, 52], "uv_size": [1.5, 0.5]},
								"up": {"uv": [1, 72], "uv_size": [0.5, 1.5]},
								"down": {"uv": [2, 73.5], "uv_size": [0.5, -1.5]}
							}
						},
						{
							"origin": [5.24, 25.7679, -2.15614],
							"size": [0.52, 1.04, 0.52],
							"inflate": 0.3,
							"pivot": [5.5, 26.0279, -1.89614],
							"rotation": [10, 0, 0],
							"uv": {
								"north": {"uv": [47, 18], "uv_size": [0.5, 1]},
								"east": {"uv": [10, 52], "uv_size": [0.5, 1]},
								"south": {"uv": [11, 52], "uv_size": [0.5, 1]},
								"west": {"uv": [55, 23], "uv_size": [0.5, 1]},
								"up": {"uv": [57, 23], "uv_size": [0.5, 0.5]},
								"down": {"uv": [57, 50.5], "uv_size": [0.5, -0.5]}
							}
						}
					]
				},
				{
					"name": "leftPerna",
					"parent": "Corpo",
					"pivot": [1.94794, 12.30278, 0],
					"cubes": [
						{
							"origin": [-0.82634, 4.41958, -2.77428],
							"size": [5.54856, 3.1126, 5.54856],
							"inflate": 0.3,
							"uv": {
								"north": {"uv": [60, 17], "uv_size": [5.5, 3]},
								"east": {"uv": [60, 20], "uv_size": [5.5, 3]},
								"south": {"uv": [33, 60], "uv_size": [5.5, 3]},
								"west": {"uv": [39, 60], "uv_size": [5.5, 3]},
								"up": {"uv": [51, 12], "uv_size": [5.5, 5.5]},
								"down": {"uv": [16, 56.5], "uv_size": [5.5, -5.5]}
							}
						},
						{
							"origin": [-0.6044, 6.73499, -2.55233],
							"size": [5.10467, 3.58598, 5.10467],
							"inflate": 0.3,
							"uv": {
								"north": {"uv": [58, 36], "uv_size": [5, 3.5]},
								"east": {"uv": [58, 40], "uv_size": [5, 3.5]},
								"south": {"uv": [59, 4], "uv_size": [5, 3.5]},
								"west": {"uv": [59, 8], "uv_size": [5, 3.5]},
								"up": {"uv": [7, 47], "uv_size": [5, 5]},
								"down": {"uv": [36, 56], "uv_size": [5, -5]}
							}
						},
						{
							"origin": [-0.10253, 0, -2.05046],
							"size": [4.10093, 12.30278, 4.10093],
							"inflate": 0.3,
							"uv": {
								"north": {"uv": [4, 34], "uv_size": [4, 12.25]},
								"east": {"uv": [8, 34], "uv_size": [4, 12.25]},
								"south": {"uv": [34, 32], "uv_size": [4, 12.25]},
								"west": {"uv": [36, 6], "uv_size": [4, 12.25]},
								"up": {"uv": [0, 62], "uv_size": [4, 4]},
								"down": {"uv": [62, 16], "uv_size": [4, -4]}
							}
						},
						{
							"origin": [-0.24605, -0.10252, -2.17349],
							"size": [4.34698, 2.6656, 4.34698],
							"inflate": 0.3,
							"uv": {
								"north": {"uv": [66, 31], "uv_size": [4.25, 2.75]},
								"east": {"uv": [32, 66], "uv_size": [4.25, 2.75]},
								"south": {"uv": [37, 66], "uv_size": [4.25, 2.75]},
								"west": {"uv": [66, 44], "uv_size": [4.25, 2.75]},
								"up": {"uv": [56, 54], "uv_size": [4.25, 4.25]},
								"down": {"uv": [57, 16.25], "uv_size": [4.25, -4.25]}
							}
						}
					]
				},
				{
					"name": "rightPerna",
					"parent": "Corpo",
					"pivot": [-1.94794, 12.30278, 0],
					"cubes": [
						{
							"origin": [-4.72222, 4.41958, -2.77428],
							"size": [5.54856, 3.1126, 5.54856],
							"inflate": 0.3,
							"uv": {
								"north": {"uv": [60, 44], "uv_size": [5.5, 3]},
								"east": {"uv": [60, 47], "uv_size": [5.5, 3]},
								"south": {"uv": [60, 50], "uv_size": [5.5, 3]},
								"west": {"uv": [61, 53], "uv_size": [5.5, 3]},
								"up": {"uv": [30, 51], "uv_size": [5.5, 5.5]},
								"down": {"uv": [51, 37.5], "uv_size": [5.5, -5.5]}
							}
						},
						{
							"origin": [-4.50027, 6.73499, -2.55233],
							"size": [5.10467, 3.58598, 5.10467],
							"inflate": 0.3,
							"uv": {
								"north": {"uv": [48, 59], "uv_size": [5, 3.5]},
								"east": {"uv": [53, 59], "uv_size": [5, 3.5]},
								"south": {"uv": [58, 59], "uv_size": [5, 3.5]},
								"west": {"uv": [60, 0], "uv_size": [5, 3.5]},
								"up": {"uv": [41, 51], "uv_size": [5, 5]},
								"down": {"uv": [46, 56], "uv_size": [5, -5]}
							}
						},
						{
							"origin": [-3.9984, 0, -2.05046],
							"size": [4.10093, 12.30278, 4.10093],
							"inflate": 0.3,
							"uv": {
								"north": {"uv": [37, 19], "uv_size": [4, 12.25]},
								"east": {"uv": [38, 32], "uv_size": [4, 12.25]},
								"south": {"uv": [40, 6], "uv_size": [4, 12.25]},
								"west": {"uv": [12, 40], "uv_size": [4, 12.25]},
								"up": {"uv": [23, 62], "uv_size": [4, 4]},
								"down": {"uv": [62, 35], "uv_size": [4, -4]}
							}
						},
						{
							"origin": [-4.10093, -0.10252, -2.17349],
							"size": [4.34698, 2.6656, 4.34698],
							"inflate": 0.3,
							"uv": {
								"north": {"uv": [66, 47], "uv_size": [4.25, 2.75]},
								"east": {"uv": [66, 50], "uv_size": [4.25, 2.75]},
								"south": {"uv": [63, 66], "uv_size": [4.25, 2.75]},
								"west": {"uv": [8, 67], "uv_size": [4.25, 2.75]},
								"up": {"uv": [13, 57], "uv_size": [4.25, 4.25]},
								"down": {"uv": [23, 61.25], "uv_size": [4.25, -4.25]}
							}
						}
					]
				},
				{
					"name": "curse",
					"parent": "Corpo",
					"pivot": [0, 15.60557, -3],
					"cubes": [
						{
							"origin": [-0.58726, 14.58543, -3.835],
							"size": [4.56, 3.56, 2.67],
							"inflate": 0.3,
							"pivot": [1.19274, 16.36543, -3.5],
							"rotation": [0, 0, 27.5],
							"uv": {
								"north": {"uv": [63, 23], "uv_size": [4.5, 3.5]},
								"east": {"uv": [33, 69], "uv_size": [2.75, 3.5]},
								"south": {"uv": [63, 27], "uv_size": [4.5, 3.5]},
								"west": {"uv": [69, 34], "uv_size": [2.75, 3.5]},
								"up": {"uv": [27, 65], "uv_size": [4.5, 2.75]},
								"down": {"uv": [0, 68.75], "uv_size": [4.5, -2.75]}
							}
						},
						{
							"origin": [-3.2483, 16.97067, -3.835],
							"size": [3.56, 3.56, 2.67],
							"inflate": 0.3,
							"pivot": [-1.4683, 17.75067, -2.5],
							"rotation": [0, 5, 45],
							"uv": {
								"north": {"uv": [18, 65], "uv_size": [3.5, 3.5]},
								"east": {"uv": [36, 69], "uv_size": [2.75, 3.5]},
								"south": {"uv": [66, 10], "uv_size": [3.5, 3.5]},
								"west": {"uv": [39, 69], "uv_size": [2.75, 3.5]},
								"up": {"uv": [63, 69], "uv_size": [3.5, 2.75]},
								"down": {"uv": [70, 2.75], "uv_size": [3.5, -2.75]}
							}
						},
						{
							"origin": [-4.52863, 19.26842, -3.64523],
							"size": [3.8092, 3.8092, 2.8569],
							"inflate": 0.3,
							"pivot": [-2.62403, 21.17302, -2.21678],
							"rotation": [1.50701, 4.76804, 62.56274],
							"uv": {
								"north": {"uv": [47, 63], "uv_size": [3.75, 3.75]},
								"east": {"uv": [42, 66], "uv_size": [2.75, 3.75]},
								"south": {"uv": [51, 63], "uv_size": [3.75, 3.75]},
								"west": {"uv": [67, 58], "uv_size": [2.75, 3.75]},
								"up": {"uv": [67, 53], "uv_size": [3.75, 2.75]},
								"down": {"uv": [59, 69.75], "uv_size": [3.75, -2.75]}
							}
						},
						{
							"origin": [-6.32164, 22.62694, -3.0745],
							"size": [3.8092, 3.8092, 2.8569],
							"inflate": 0.3,
							"pivot": [-4.62403, 24.17302, -3.21678],
							"rotation": [1.59581, 19.7626, 62.97715],
							"uv": {
								"north": {"uv": [55, 63], "uv_size": [3.75, 3.75]},
								"east": {"uv": [67, 62], "uv_size": [2.75, 3.75]},
								"south": {"uv": [63, 58], "uv_size": [3.75, 3.75]},
								"west": {"uv": [68, 22], "uv_size": [2.75, 3.75]},
								"up": {"uv": [26, 68], "uv_size": [3.75, 2.75]},
								"down": {"uv": [68, 28.75], "uv_size": [3.75, -2.75]}
							}
						},
						{
							"origin": [-10.32164, 22.62694, -5.0745],
							"size": [3.8092, 3.8092, 2.8569],
							"inflate": 0.3,
							"pivot": [-4.62403, 24.17302, -3.21678],
							"rotation": [28.82737, 86.88418, 91.22903],
							"uv": {
								"north": {"uv": [59, 63], "uv_size": [3.75, 3.75]},
								"east": {"uv": [68, 38], "uv_size": [2.75, 3.75]},
								"south": {"uv": [63, 62], "uv_size": [3.75, 3.75]},
								"west": {"uv": [68, 66], "uv_size": [2.75, 3.75]},
								"up": {"uv": [0, 69], "uv_size": [3.75, 2.75]},
								"down": {"uv": [69, 5.75], "uv_size": [3.75, -2.75]}
							}
						},
						{
							"origin": [-7.29459, 21.87405, 0.44998],
							"size": [4.8092, 3.8092, 2.8569],
							"inflate": 0.3,
							"pivot": [-3.56457, 24.26741, 1.94453],
							"rotation": [178.42335, 17.72403, -118.04264],
							"uv": {
								"north": {"uv": [28, 57], "uv_size": [4.75, 3.75]},
								"east": {"uv": [4, 69], "uv_size": [2.75, 3.75]},
								"south": {"uv": [57, 32], "uv_size": [4.75, 3.75]},
								"west": {"uv": [69, 6], "uv_size": [2.75, 3.75]},
								"up": {"uv": [63, 41], "uv_size": [4.75, 2.75]},
								"down": {"uv": [64, 6.75], "uv_size": [4.75, -2.75]}
							}
						},
						{
							"origin": [3.48539, 21.87405, -0.55002],
							"size": [4.8092, 3.8092, 2.8569],
							"inflate": 0.3,
							"pivot": [3.56457, 24.26741, 1.94453],
							"rotation": [171.59353, -15.73745, 141.46067],
							"uv": {
								"north": {"uv": [0, 58], "uv_size": [4.75, 3.75]},
								"east": {"uv": [69, 14], "uv_size": [2.75, 3.75]},
								"south": {"uv": [8, 58], "uv_size": [4.75, 3.75]},
								"west": {"uv": [17, 69], "uv_size": [2.75, 3.75]},
								"up": {"uv": [64, 7], "uv_size": [4.75, 2.75]},
								"down": {"uv": [8, 66.75], "uv_size": [4.75, -2.75]}
							}
						},
						{
							"origin": [4.19044, 23.33931, -3.66493],
							"size": [4.8092, 4.8092, 4.8569],
							"inflate": 0.3,
							"pivot": [6.59504, 25.74391, 0.26352],
							"rotation": [0.15294, 1.38899, 3.00561],
							"uv": {
								"north": {"uv": [23, 52], "uv_size": [4.75, 4.75]},
								"east": {"uv": [0, 53], "uv_size": [4.75, 4.75]},
								"south": {"uv": [8, 53], "uv_size": [4.75, 4.75]},
								"west": {"uv": [51, 54], "uv_size": [4.75, 4.75]},
								"up": {"uv": [55, 18], "uv_size": [4.75, 4.75]},
								"down": {"uv": [55, 49.75], "uv_size": [4.75, -4.75]}
							}
						},
						{
							"origin": [-0.51461, 21.87405, -0.55002],
							"size": [4.8092, 3.8092, 2.8569],
							"inflate": 0.3,
							"pivot": [3.56457, 24.26741, 1.94453],
							"rotation": [160.23894, -45.69684, 158.70047],
							"uv": {
								"north": {"uv": [58, 23], "uv_size": [4.75, 3.75]},
								"east": {"uv": [69, 18], "uv_size": [2.75, 3.75]},
								"south": {"uv": [58, 27], "uv_size": [4.75, 3.75]},
								"west": {"uv": [30, 69], "uv_size": [2.75, 3.75]},
								"up": {"uv": [13, 64], "uv_size": [4.75, 2.75]},
								"down": {"uv": [65, 2.75], "uv_size": [4.75, -2.75]}
							}
						},
						{
							"origin": [-3.35925, 19.40577, 1.66698],
							"size": [5.14584, 4.07584, 3.05688],
							"inflate": 0.3,
							"pivot": [-0.78633, 21.44369, 3.19542],
							"rotation": [163.49502, 6.73771, 178.72487],
							"uv": {
								"north": {"uv": [36, 56], "uv_size": [5.25, 4]},
								"east": {"uv": [66, 18], "uv_size": [3, 4]},
								"south": {"uv": [42, 56], "uv_size": [5.25, 4]},
								"west": {"uv": [23, 66], "uv_size": [3, 4]},
								"up": {"uv": [32, 63], "uv_size": [5.25, 3]},
								"down": {"uv": [63, 38], "uv_size": [5.25, -3]}
							}
						},
						{
							"origin": [1.27116, 14.36889, -3.55843],
							"size": [3.24, 3.24, 2.43],
							"inflate": 0.3,
							"pivot": [2.89116, 15.98889, -1.34343],
							"rotation": [0, -82.5, 12.5],
							"uv": {
								"north": {"uv": [13, 67], "uv_size": [3.25, 3.25]},
								"east": {"uv": [70, 10], "uv_size": [2.5, 3.25]},
								"south": {"uv": [47, 67], "uv_size": [3.25, 3.25]},
								"west": {"uv": [23, 70], "uv_size": [2.5, 3.25]},
								"up": {"uv": [70, 58], "uv_size": [3.25, 2.5]},
								"down": {"uv": [59, 72.5], "uv_size": [3.25, -2.5]}
							}
						},
						{
							"origin": [2.27116, 14.36889, -4.55843],
							"size": [3.24, 3.24, 2.43],
							"inflate": 0.3,
							"pivot": [2.89116, 15.98889, -1.34343],
							"rotation": [170, -45, -167.5],
							"uv": {
								"north": {"uv": [51, 67], "uv_size": [3.25, 3.25]},
								"east": {"uv": [42, 70], "uv_size": [2.5, 3.25]},
								"south": {"uv": [55, 67], "uv_size": [3.25, 3.25]},
								"west": {"uv": [70, 61], "uv_size": [2.5, 3.25]},
								"up": {"uv": [67, 70], "uv_size": [3.25, 2.5]},
								"down": {"uv": [13, 73.5], "uv_size": [3.25, -2.5]}
							}
						}
					]
				}
			]
		}
	]
}