{
	"format_version": "1.12.0",
	"minecraft:geometry": [
		{
			"description": {
				"identifier": "geometry.vegetaego",
				"texture_width": 128,
				"texture_height": 128,
				"visible_bounds_width": 5,
				"visible_bounds_height": 4.5,
				"visible_bounds_offset": [0, 1.75, 0]
			},
			"bones": [
				{
					"name": "Tudo",
					"pivot": [0, 12.72, 0]
				},
				{
					"name": "Corpo",
					"parent": "Tudo",
					"pivot": [0, 24.60557, 0],
					"cubes": [
						{
							"origin": [-3.93689, 11.81067, -1.96844],
							"size": [7.87379, 11.81067, 3.93689],
							"uv": {
								"north": {"uv": [0, 0], "uv_size": [8.25, 12.25]},
								"east": {"uv": [18, 0], "uv_size": [4, 12.25]},
								"south": {"uv": [9, 0], "uv_size": [8.25, 12.25]},
								"west": {"uv": [18, 13], "uv_size": [4, 12.25]},
								"up": {"uv": [43, 14], "uv_size": [8.25, 4]},
								"down": {"uv": [43, 22], "uv_size": [8.25, -4]}
							}
						},
						{
							"origin": [-4.3916, 16.3596, -2.1958],
							"size": [8.78321, 7.7128, 4.3916],
							"uv": {
								"north": {"uv": [0, 0], "uv_size": [8.25, 7.75]},
								"east": {"uv": [18, 0], "uv_size": [4, 7.75]},
								"south": {"uv": [9, 0], "uv_size": [8.25, 7.75]},
								"west": {"uv": [18, 13], "uv_size": [4, 7.75]},
								"up": {"uv": [43, 14], "uv_size": [8.25, 4]},
								"down": {"uv": [43, 22], "uv_size": [8.25, -4]}
							}
						}
					],
					"locators": {
						"aura": [0, 18.24, 0]
					}
				},
				{
					"name": "rightBraco",
					"parent": "Corpo",
					"pivot": [-5.12616, 22.5551, 0],
					"cubes": [
						{
							"origin": [-7.87379, 11.81067, -1.96844],
							"size": [3.93689, 11.81067, 3.93689],
							"uv": {
								"north": {"uv": [0, 20], "uv_size": [4, 12.25]},
								"east": {"uv": [4, 20], "uv_size": [4, 12.25]},
								"south": {"uv": [8, 20], "uv_size": [4, 12.25]},
								"west": {"uv": [12, 20], "uv_size": [4, 12.25]},
								"up": {"uv": [10, 45], "uv_size": [4, 4]},
								"down": {"uv": [52, 51], "uv_size": [4, -4]}
							}
						}
					]
				},
				{
					"name": "leftBiceps",
					"parent": "rightBraco",
					"pivot": [-5.41322, 18.70023, -0.49211],
					"cubes": [
						{
							"origin": [-7.08738, 16.50935, -2.16627],
							"size": [3.34832, 4.38176, 3.34832],
							"uv": {
								"north": {"uv": [45, 55], "uv_size": [3.25, 4.25]},
								"east": {"uv": [49, 55], "uv_size": [3.25, 4.25]},
								"south": {"uv": [53, 55], "uv_size": [3.25, 4.25]},
								"west": {"uv": [56, 6], "uv_size": [3.25, 4.25]},
								"up": {"uv": [60, 7], "uv_size": [3.25, 3.25]},
								"down": {"uv": [33, 63.25], "uv_size": [3.25, -3.25]}
							}
						}
					]
				},
				{
					"name": "leftBraco",
					"parent": "Corpo",
					"pivot": [5.12616, 22.5551, 0],
					"cubes": [
						{
							"origin": [3.93689, 11.81067, -1.96844],
							"size": [3.93689, 11.81067, 3.93689],
							"uv": {
								"north": {"uv": [14, 39], "uv_size": [4, 12.25]},
								"east": {"uv": [39, 14], "uv_size": [4, 12.25]},
								"south": {"uv": [18, 39], "uv_size": [4, 12.25]},
								"west": {"uv": [22, 39], "uv_size": [4, 12.25]},
								"up": {"uv": [53, 33], "uv_size": [4, 4]},
								"down": {"uv": [41, 57], "uv_size": [4, -4]}
							}
						}
					]
				},
				{
					"name": "rightBiceps",
					"parent": "leftBraco",
					"pivot": [5.41322, 18.70023, -0.49211],
					"cubes": [
						{
							"origin": [3.73906, 16.50935, -2.16627],
							"size": [3.34832, 4.38176, 3.34832],
							"uv": {
								"north": {"uv": [4, 57], "uv_size": [3.25, 4.25]},
								"east": {"uv": [8, 57], "uv_size": [3.25, 4.25]},
								"south": {"uv": [57, 11], "uv_size": [3.25, 4.25]},
								"west": {"uv": [12, 57], "uv_size": [3.25, 4.25]},
								"up": {"uv": [60, 35], "uv_size": [3.25, 3.25]},
								"down": {"uv": [37, 63.25], "uv_size": [3.25, -3.25]}
							}
						}
					]
				},
				{
					"name": "rightPerna",
					"parent": "Corpo",
					"pivot": [-1.94794, 12.30278, 0],
					"cubes": [
						{
							"origin": [-3.83846, 0, -1.96844],
							"size": [3.93689, 11.81067, 3.93689],
							"uv": {
								"north": {"uv": [22, 0], "uv_size": [4, 12.25]},
								"east": {"uv": [22, 13], "uv_size": [4, 12.25]},
								"south": {"uv": [26, 0], "uv_size": [4, 12.25]},
								"west": {"uv": [26, 13], "uv_size": [4, 12.25]},
								"up": {"uv": [53, 21], "uv_size": [4, 4]},
								"down": {"uv": [53, 29], "uv_size": [4, -4]}
							}
						},
						{
							"origin": [-4.267, 5.4002, -1.48498],
							"size": [4.79395, 1.63329, 3.92995],
							"uv": {
								"north": {"uv": [41, 60], "uv_size": [5, 1.75]},
								"east": {"uv": [66, 61], "uv_size": [4, 1.75]},
								"south": {"uv": [46, 60], "uv_size": [5, 1.75]},
								"west": {"uv": [66, 63], "uv_size": [4, 1.75]},
								"up": {"uv": [49, 3], "uv_size": [5, 4]},
								"down": {"uv": [31, 53], "uv_size": [5, -4]}
							}
						},
						{
							"origin": [-4.32026, 7.42559, -2.45024],
							"size": [4.90048, 4.40254, 4.90048],
							"uv": {
								"north": {"uv": [26, 45], "uv_size": [5, 4.5]},
								"east": {"uv": [45, 37], "uv_size": [5, 4.5]},
								"south": {"uv": [47, 42], "uv_size": [5, 4.5]},
								"west": {"uv": [47, 47], "uv_size": [5, 4.5]},
								"up": {"uv": [43, 22], "uv_size": [5, 5]},
								"down": {"uv": [42, 48], "uv_size": [5, -5]}
							}
						},
						{
							"origin": [-3.93689, -0.09842, -2.08655],
							"size": [4.1731, 2.55898, 4.1731],
							"uv": {
								"north": {"uv": [56, 0], "uv_size": [4.25, 2.75]},
								"east": {"uv": [57, 32], "uv_size": [4.25, 2.75]},
								"south": {"uv": [33, 57], "uv_size": [4.25, 2.75]},
								"west": {"uv": [38, 57], "uv_size": [4.25, 2.75]},
								"up": {"uv": [10, 52], "uv_size": [4.25, 4.25]},
								"down": {"uv": [52, 15.25], "uv_size": [4.25, -4.25]}
							}
						}
					]
				},
				{
					"name": "leftPerna",
					"parent": "Corpo",
					"pivot": [1.94794, 12.30278, 0],
					"cubes": [
						{
							"origin": [-0.09843, 0, -1.96844],
							"size": [3.93689, 11.81067, 3.93689],
							"uv": {
								"north": {"uv": [16, 26], "uv_size": [4, 12.25]},
								"east": {"uv": [20, 26], "uv_size": [4, 12.25]},
								"south": {"uv": [24, 26], "uv_size": [4, 12.25]},
								"west": {"uv": [28, 26], "uv_size": [4, 12.25]},
								"up": {"uv": [53, 29], "uv_size": [4, 4]},
								"down": {"uv": [31, 57], "uv_size": [4, -4]}
							}
						},
						{
							"origin": [-0.52695, 5.4002, -1.48498],
							"size": [4.79395, 1.63329, 3.92995],
							"uv": {
								"north": {"uv": [60, 46], "uv_size": [5, 1.75]},
								"east": {"uv": [67, 0], "uv_size": [4, 1.75]},
								"south": {"uv": [60, 48], "uv_size": [5, 1.75]},
								"west": {"uv": [67, 2], "uv_size": [4, 1.75]},
								"up": {"uv": [0, 50], "uv_size": [5, 4]},
								"down": {"uv": [5, 54], "uv_size": [5, -4]}
							}
						},
						{
							"origin": [-0.58022, 7.42559, -2.45024],
							"size": [4.90048, 4.40254, 4.90048],
							"uv": {
								"north": {"uv": [48, 22], "uv_size": [5, 4.5]},
								"east": {"uv": [48, 27], "uv_size": [5, 4.5]},
								"south": {"uv": [48, 32], "uv_size": [5, 4.5]},
								"west": {"uv": [42, 48], "uv_size": [5, 4.5]},
								"up": {"uv": [44, 0], "uv_size": [5, 5]},
								"down": {"uv": [44, 10], "uv_size": [5, -5]}
							}
						},
						{
							"origin": [-0.23621, -0.09842, -2.08655],
							"size": [4.1731, 2.55898, 4.1731],
							"uv": {
								"north": {"uv": [57, 51], "uv_size": [4.25, 2.75]},
								"east": {"uv": [57, 54], "uv_size": [4.25, 2.75]},
								"south": {"uv": [57, 57], "uv_size": [4.25, 2.75]},
								"west": {"uv": [20, 58], "uv_size": [4.25, 2.75]},
								"up": {"uv": [15, 52], "uv_size": [4.25, 4.25]},
								"down": {"uv": [52, 20.25], "uv_size": [4.25, -4.25]}
							}
						}
					]
				},
				{
					"name": "head",
					"parent": "Corpo",
					"pivot": [0, 23.12, 0],
					"cubes": [
						{
							"origin": [-3.52, 23.12, -3.52],
							"size": [7.04, 7.04, 7.04],
							"uv": {
								"north": {"uv": [30, 0], "uv_size": [7, 7]},
								"east": {"uv": [30, 7], "uv_size": [7, 7]},
								"south": {"uv": [30, 14], "uv_size": [7, 7]},
								"west": {"uv": [32, 21], "uv_size": [7, 7]},
								"up": {"uv": [32, 28], "uv_size": [7, 7]},
								"down": {"uv": [0, 40], "uv_size": [7, -7]}
							}
						}
					]
				},
				{
					"name": "Face",
					"parent": "head",
					"pivot": [0, 26.64, -2.6],
					"cubes": [
						{
							"origin": [-3.52, 23.12, -2.6],
							"size": [7.04, 7.04, 0],
							"uv": {
								"north": {"uv": [7, 33], "uv_size": [7, 7]},
								"east": {"uv": [0, 0], "uv_size": [0, 7]},
								"south": {"uv": [32, 35], "uv_size": [7, 7]},
								"west": {"uv": [0, 0], "uv_size": [0, 7]},
								"up": {"uv": [0, 0], "uv_size": [7, 0]},
								"down": {"uv": [0, 0], "uv_size": [7, 0]}
							}
						}
					]
				},
				{
					"name": "Face2",
					"parent": "head",
					"pivot": [0, 26.64, -2.6],
					"cubes": [
						{
							"origin": [-3.52, 23.12, -2.6],
							"size": [7.04, 7.04, 0],
							"uv": {
								"north": {"uv": [37, 0], "uv_size": [7, 7]},
								"east": {"uv": [0, 0], "uv_size": [0, 7]},
								"south": {"uv": [37, 7], "uv_size": [7, 7]},
								"west": {"uv": [0, 0], "uv_size": [0, 7]},
								"up": {"uv": [0, 0], "uv_size": [7, 0]},
								"down": {"uv": [0, 0], "uv_size": [7, 0]}
							}
						}
					]
				},
				{
					"name": "Hair",
					"parent": "head",
					"pivot": [0.75, 30.87, 2],
					"rotation": [-39.99074, 0.57826, -0.09863],
					"cubes": [
						{
							"origin": [-0.88879, 27.011, -0.03469],
							"size": [4.4, 2.64, 4.4],
							"uv": {
								"north": {"uv": [54, 3], "uv_size": [5, 3]},
								"east": {"uv": [4, 54], "uv_size": [5, 3]},
								"south": {"uv": [26, 54], "uv_size": [5, 3]},
								"west": {"uv": [35, 54], "uv_size": [5, 3]},
								"up": {"uv": [0, 45], "uv_size": [5, 5]},
								"down": {"uv": [5, 50], "uv_size": [5, -5]}
							}
						},
						{
							"origin": [-3.52879, 27.011, 0.84531],
							"size": [6.16, 2.64, 4.4],
							"uv": {
								"north": {"uv": [44, 10], "uv_size": [7, 3]},
								"east": {"uv": [20, 55], "uv_size": [5, 3]},
								"south": {"uv": [49, 0], "uv_size": [7, 3]},
								"west": {"uv": [55, 37], "uv_size": [5, 3]},
								"up": {"uv": [0, 40], "uv_size": [7, 5]},
								"down": {"uv": [7, 45], "uv_size": [7, -5]}
							}
						},
						{
							"origin": [-2.64879, 27.891, -0.91469],
							"size": [5.28, 2.64, 5.28],
							"uv": {
								"north": {"uv": [20, 52], "uv_size": [6, 3]},
								"east": {"uv": [52, 41], "uv_size": [6, 3]},
								"south": {"uv": [52, 44], "uv_size": [6, 3]},
								"west": {"uv": [47, 52], "uv_size": [6, 3]},
								"up": {"uv": [26, 39], "uv_size": [6, 6]},
								"down": {"uv": [39, 43], "uv_size": [6, -6]}
							}
						}
					]
				},
				{
					"name": "Mecha12",
					"parent": "Hair",
					"pivot": [-1.85525, 28.91199, -2.30609],
					"rotation": [-138.79879, -72.46623, -38.79811],
					"cubes": [
						{
							"origin": [-0.29956, 29.60593, -3.60762],
							"size": [2.49216, 2.49216, 2.49216],
							"pivot": [-0.30383, 30.74346, 0.53922],
							"rotation": [19.05168, 53.46139, -17.4843],
							"uv": {
								"north": {"uv": [10, 49], "uv_size": [2.75, 2.75]},
								"east": {"uv": [61, 0], "uv_size": [2.75, 2.75]},
								"south": {"uv": [16, 61], "uv_size": [2.75, 2.75]},
								"west": {"uv": [19, 61], "uv_size": [2.75, 2.75]},
								"up": {"uv": [61, 19], "uv_size": [2.75, 2.75]},
								"down": {"uv": [22, 63.75], "uv_size": [2.75, -2.75]}
							}
						},
						{
							"origin": [-2.21295, 28.02066, -3.9169],
							"size": [2.26787, 1.38787, 2.47555],
							"pivot": [-2.32936, 28.69048, -1.34941],
							"rotation": [31.55168, 53.46139, -17.4843],
							"uv": {
								"north": {"uv": [15, 70], "uv_size": [2.5, 2.5]},
								"east": {"uv": [67, 4], "uv_size": [2.75, 2.5]},
								"south": {"uv": [70, 16], "uv_size": [2.5, 2.5]},
								"west": {"uv": [67, 7], "uv_size": [2.75, 2.5]},
								"up": {"uv": [67, 10], "uv_size": [2.5, 2.75]},
								"down": {"uv": [67, 15.75], "uv_size": [2.5, -2.75]}
							}
						},
						{
							"origin": [-1.87385, 28.87382, -5.49816],
							"size": [1.71461, 0.83461, 2.66994],
							"pivot": [-2.26689, 28.69313, -1.30468],
							"rotation": [54.05168, 53.46139, -17.4843],
							"uv": {
								"north": {"uv": [14, 37], "uv_size": [2, 2]},
								"east": {"uv": [57, 35], "uv_size": [3, 2]},
								"south": {"uv": [45, 53], "uv_size": [2, 2]},
								"west": {"uv": [71, 47], "uv_size": [3, 2]},
								"up": {"uv": [37, 18], "uv_size": [2, 3]},
								"down": {"uv": [49, 10], "uv_size": [2, -3]}
							}
						}
					]
				},
				{
					"name": "Mecha11",
					"parent": "Hair",
					"pivot": [-0.97525, 32.55199, -0.42609],
					"rotation": [128.10508, -49.90187, 77.71254],
					"cubes": [
						{
							"origin": [0.58044, 33.24593, -1.72762],
							"size": [2.49216, 2.49216, 3.37216],
							"pivot": [0.57617, 34.38346, 2.41922],
							"rotation": [19.05168, 53.46139, -17.4843],
							"uv": {
								"north": {"uv": [10, 49], "uv_size": [2.75, 2.75]},
								"east": {"uv": [61, 0], "uv_size": [2.75, 2.75]},
								"south": {"uv": [16, 61], "uv_size": [2.75, 2.75]},
								"west": {"uv": [19, 61], "uv_size": [2.75, 2.75]},
								"up": {"uv": [61, 19], "uv_size": [2.75, 2.75]},
								"down": {"uv": [22, 63.75], "uv_size": [2.75, -2.75]}
							}
						},
						{
							"origin": [-1.33295, 31.66066, -2.0369],
							"size": [2.26787, 1.38787, 2.47555],
							"pivot": [-1.44936, 32.33048, 0.53059],
							"rotation": [31.55168, 53.46139, -17.4843],
							"uv": {
								"north": {"uv": [15, 70], "uv_size": [2.5, 2.5]},
								"east": {"uv": [67, 4], "uv_size": [2.75, 2.5]},
								"south": {"uv": [70, 16], "uv_size": [2.5, 2.5]},
								"west": {"uv": [67, 7], "uv_size": [2.75, 2.5]},
								"up": {"uv": [67, 10], "uv_size": [2.5, 2.75]},
								"down": {"uv": [67, 15.75], "uv_size": [2.5, -2.75]}
							}
						},
						{
							"origin": [-0.99385, 32.51382, -3.61816],
							"size": [1.71461, 0.83461, 2.66994],
							"pivot": [-1.38689, 32.33313, 0.57532],
							"rotation": [41.55168, 53.46139, -17.4843],
							"uv": {
								"north": {"uv": [14, 37], "uv_size": [2, 2]},
								"east": {"uv": [57, 35], "uv_size": [3, 2]},
								"south": {"uv": [45, 53], "uv_size": [2, 2]},
								"west": {"uv": [71, 47], "uv_size": [3, 2]},
								"up": {"uv": [37, 18], "uv_size": [2, 3]},
								"down": {"uv": [49, 10], "uv_size": [2, -3]}
							}
						}
					]
				},
				{
					"name": "Mecha6",
					"parent": "Hair",
					"pivot": [-2.73525, 29.91199, 5.75357],
					"rotation": [-135.45152, 71.45381, 49.83378],
					"cubes": [
						{
							"origin": [-1.17956, 30.60593, 3.74396],
							"size": [2.49216, 2.49216, 3.37216],
							"pivot": [-1.18383, 31.74346, 2.96929],
							"rotation": [-19.05168, -53.46139, -17.4843],
							"uv": {
								"north": {"uv": [18.75, 61], "uv_size": [-2.75, 2.75]},
								"east": {"uv": [63.75, 0], "uv_size": [-2.75, 2.75]},
								"south": {"uv": [12.75, 49], "uv_size": [-2.75, 2.75]},
								"west": {"uv": [21.75, 61], "uv_size": [-2.75, 2.75]},
								"up": {"uv": [61, 21.75], "uv_size": [2.75, -2.75]},
								"down": {"uv": [22, 61], "uv_size": [2.75, 2.75]}
							}
						},
						{
							"origin": [-3.09295, 29.02066, 4.94986],
							"size": [2.26787, 1.38787, 2.47555],
							"pivot": [-3.20936, 29.69048, 4.85792],
							"rotation": [-31.55168, -53.46139, -17.4843],
							"uv": {
								"north": {"uv": [72.5, 16], "uv_size": [-2.5, 2.5]},
								"east": {"uv": [69.75, 4], "uv_size": [-2.75, 2.5]},
								"south": {"uv": [17.5, 70], "uv_size": [-2.5, 2.5]},
								"west": {"uv": [69.75, 7], "uv_size": [-2.75, 2.5]},
								"up": {"uv": [67, 12.75], "uv_size": [2.5, -2.75]},
								"down": {"uv": [67, 13], "uv_size": [2.5, 2.75]}
							}
						},
						{
							"origin": [-2.75385, 29.87382, 6.33673],
							"size": [1.71461, 0.83461, 2.66994],
							"pivot": [-3.14689, 29.69313, 4.81319],
							"rotation": [-54.05168, -53.46139, -17.4843],
							"uv": {
								"north": {"uv": [47, 53], "uv_size": [-2, 2]},
								"east": {"uv": [60, 35], "uv_size": [-3, 2]},
								"south": {"uv": [16, 37], "uv_size": [-2, 2]},
								"west": {"uv": [74, 47], "uv_size": [-3, 2]},
								"up": {"uv": [37, 21], "uv_size": [2, -3]},
								"down": {"uv": [49, 7], "uv_size": [2, 3]}
							}
						}
					]
				},
				{
					"name": "Mecha15",
					"parent": "Hair",
					"pivot": [-0.09525, 31.67199, 5.75357],
					"rotation": [-40.42217, 55.082, 147.08574],
					"cubes": [
						{
							"origin": [1.46044, 32.36593, 3.74396],
							"size": [2.49216, 2.49216, 3.37216],
							"pivot": [1.45617, 33.50346, 2.96929],
							"rotation": [-19.05168, -53.46139, -17.4843],
							"uv": {
								"north": {"uv": [18.75, 61], "uv_size": [-2.75, 2.75]},
								"east": {"uv": [63.75, 0], "uv_size": [-2.75, 2.75]},
								"south": {"uv": [12.75, 49], "uv_size": [-2.75, 2.75]},
								"west": {"uv": [21.75, 61], "uv_size": [-2.75, 2.75]},
								"up": {"uv": [61, 21.75], "uv_size": [2.75, -2.75]},
								"down": {"uv": [22, 61], "uv_size": [2.75, 2.75]}
							}
						},
						{
							"origin": [-0.45295, 30.78066, 4.94986],
							"size": [2.26787, 1.38787, 2.47555],
							"pivot": [-0.56936, 31.45048, 4.85792],
							"rotation": [-31.55168, -53.46139, -17.4843],
							"uv": {
								"north": {"uv": [72.5, 16], "uv_size": [-2.5, 2.5]},
								"east": {"uv": [69.75, 4], "uv_size": [-2.75, 2.5]},
								"south": {"uv": [17.5, 70], "uv_size": [-2.5, 2.5]},
								"west": {"uv": [69.75, 7], "uv_size": [-2.75, 2.5]},
								"up": {"uv": [67, 12.75], "uv_size": [2.5, -2.75]},
								"down": {"uv": [67, 13], "uv_size": [2.5, 2.75]}
							}
						},
						{
							"origin": [-0.11385, 31.63382, 6.33673],
							"size": [1.71461, 0.83461, 2.66994],
							"pivot": [-0.50689, 31.45313, 4.81319],
							"rotation": [-54.05168, -53.46139, -17.4843],
							"uv": {
								"north": {"uv": [47, 53], "uv_size": [-2, 2]},
								"east": {"uv": [60, 35], "uv_size": [-3, 2]},
								"south": {"uv": [16, 37], "uv_size": [-2, 2]},
								"west": {"uv": [74, 47], "uv_size": [-3, 2]},
								"up": {"uv": [37, 21], "uv_size": [2, -3]},
								"down": {"uv": [49, 7], "uv_size": [2, 3]}
							}
						}
					]
				},
				{
					"name": "Mecha7",
					"parent": "Hair",
					"pivot": [2.71446, 29.91199, 5.75357],
					"rotation": [-135.45152, -71.45381, -49.83378],
					"cubes": [
						{
							"origin": [-1.33622, 30.60593, 3.74396],
							"size": [2.49216, 2.49216, 3.37216],
							"pivot": [1.16021, 31.74346, 2.96929],
							"rotation": [-19.05168, 53.46139, 17.4843],
							"uv": {
								"north": {"uv": [16, 61], "uv_size": [2.75, 2.75]},
								"east": {"uv": [19, 61], "uv_size": [2.75, 2.75]},
								"south": {"uv": [10, 49], "uv_size": [2.75, 2.75]},
								"west": {"uv": [61, 0], "uv_size": [2.75, 2.75]},
								"up": {"uv": [63.75, 21.75], "uv_size": [-2.75, -2.75]},
								"down": {"uv": [24.75, 61], "uv_size": [-2.75, 2.75]}
							}
						},
						{
							"origin": [0.80146, 29.02066, 4.94986],
							"size": [2.26787, 1.38787, 2.47555],
							"pivot": [3.18574, 29.69048, 4.85792],
							"rotation": [-31.55168, 53.46139, 17.4843],
							"uv": {
								"north": {"uv": [70, 16], "uv_size": [2.5, 2.5]},
								"east": {"uv": [67, 7], "uv_size": [2.75, 2.5]},
								"south": {"uv": [15, 70], "uv_size": [2.5, 2.5]},
								"west": {"uv": [67, 4], "uv_size": [2.75, 2.5]},
								"up": {"uv": [69.5, 12.75], "uv_size": [-2.5, -2.75]},
								"down": {"uv": [69.5, 13], "uv_size": [-2.5, 2.75]}
							}
						},
						{
							"origin": [1.01561, 29.87382, 6.33673],
							"size": [1.71461, 0.83461, 2.66994],
							"pivot": [3.12327, 29.69313, 4.81319],
							"rotation": [-54.05168, 53.46139, 17.4843],
							"uv": {
								"north": {"uv": [45, 53], "uv_size": [2, 2]},
								"east": {"uv": [71, 47], "uv_size": [3, 2]},
								"south": {"uv": [14, 37], "uv_size": [2, 2]},
								"west": {"uv": [57, 35], "uv_size": [3, 2]},
								"up": {"uv": [39, 21], "uv_size": [-2, -3]},
								"down": {"uv": [51, 7], "uv_size": [-2, 3]}
							}
						}
					]
				},
				{
					"name": "Mecha8",
					"parent": "Hair",
					"pivot": [3.59446, 30.79199, 3.11357],
					"rotation": [-135.45152, -71.45381, -49.83378],
					"cubes": [
						{
							"origin": [-0.45622, 31.48593, 1.10396],
							"size": [2.49216, 2.49216, 3.37216],
							"pivot": [2.04021, 32.62346, 0.32929],
							"rotation": [-19.05168, 53.46139, 17.4843],
							"uv": {
								"north": {"uv": [16, 61], "uv_size": [2.75, 2.75]},
								"east": {"uv": [19, 61], "uv_size": [2.75, 2.75]},
								"south": {"uv": [10, 49], "uv_size": [2.75, 2.75]},
								"west": {"uv": [61, 0], "uv_size": [2.75, 2.75]},
								"up": {"uv": [63.75, 21.75], "uv_size": [-2.75, -2.75]},
								"down": {"uv": [24.75, 61], "uv_size": [-2.75, 2.75]}
							}
						},
						{
							"origin": [1.68146, 29.90066, 2.30986],
							"size": [2.26787, 1.38787, 2.47555],
							"pivot": [4.06574, 30.57048, 2.21792],
							"rotation": [-31.55168, 53.46139, 17.4843],
							"uv": {
								"north": {"uv": [70, 16], "uv_size": [2.5, 2.5]},
								"east": {"uv": [67, 7], "uv_size": [2.75, 2.5]},
								"south": {"uv": [15, 70], "uv_size": [2.5, 2.5]},
								"west": {"uv": [67, 4], "uv_size": [2.75, 2.5]},
								"up": {"uv": [69.5, 12.75], "uv_size": [-2.5, -2.75]},
								"down": {"uv": [69.5, 13], "uv_size": [-2.5, 2.75]}
							}
						},
						{
							"origin": [1.89561, 30.75382, 3.69673],
							"size": [1.71461, 0.83461, 2.66994],
							"pivot": [4.00327, 30.57313, 2.17319],
							"rotation": [-54.05168, 53.46139, 17.4843],
							"uv": {
								"north": {"uv": [45, 53], "uv_size": [2, 2]},
								"east": {"uv": [71, 47], "uv_size": [3, 2]},
								"south": {"uv": [14, 37], "uv_size": [2, 2]},
								"west": {"uv": [57, 35], "uv_size": [3, 2]},
								"up": {"uv": [39, 21], "uv_size": [-2, -3]},
								"down": {"uv": [51, 7], "uv_size": [-2, 3]}
							}
						}
					]
				},
				{
					"name": "Mecha9",
					"parent": "Hair",
					"pivot": [-3.61525, 30.79199, 3.11357],
					"rotation": [-157.95152, 71.45381, 49.83378],
					"cubes": [
						{
							"origin": [-2.05956, 30.60593, 1.10396],
							"size": [2.49216, 3.37216, 3.37216],
							"pivot": [-2.06383, 32.62346, 0.32929],
							"rotation": [-19.05168, -53.46139, -17.4843],
							"uv": {
								"north": {"uv": [18.75, 61], "uv_size": [-2.75, 2.75]},
								"east": {"uv": [63.75, 0], "uv_size": [-2.75, 2.75]},
								"south": {"uv": [12.75, 49], "uv_size": [-2.75, 2.75]},
								"west": {"uv": [21.75, 61], "uv_size": [-2.75, 2.75]},
								"up": {"uv": [61, 21.75], "uv_size": [2.75, -2.75]},
								"down": {"uv": [22, 61], "uv_size": [2.75, 2.75]}
							}
						},
						{
							"origin": [-3.97295, 29.02066, 2.30986],
							"size": [2.26787, 2.26787, 2.47555],
							"pivot": [-4.08936, 30.57048, 2.21792],
							"rotation": [-31.55168, -53.46139, -17.4843],
							"uv": {
								"north": {"uv": [72.5, 16], "uv_size": [-2.5, 2.5]},
								"east": {"uv": [69.75, 4], "uv_size": [-2.75, 2.5]},
								"south": {"uv": [17.5, 70], "uv_size": [-2.5, 2.5]},
								"west": {"uv": [69.75, 7], "uv_size": [-2.75, 2.5]},
								"up": {"uv": [67, 12.75], "uv_size": [2.5, -2.75]},
								"down": {"uv": [67, 13], "uv_size": [2.5, 2.75]}
							}
						},
						{
							"origin": [-3.63385, 29.87382, 3.69673],
							"size": [1.71461, 1.71461, 2.66994],
							"pivot": [-4.02689, 30.57313, 2.17319],
							"rotation": [-54.05168, -53.46139, -17.4843],
							"uv": {
								"north": {"uv": [47, 53], "uv_size": [-2, 2]},
								"east": {"uv": [60, 35], "uv_size": [-3, 2]},
								"south": {"uv": [16, 37], "uv_size": [-2, 2]},
								"west": {"uv": [74, 47], "uv_size": [-3, 2]},
								"up": {"uv": [37, 21], "uv_size": [2, -3]},
								"down": {"uv": [49, 7], "uv_size": [2, 3]}
							}
						}
					]
				},
				{
					"name": "Mecha14",
					"parent": "Hair",
					"pivot": [1.83446, 29.91199, 2.21391],
					"rotation": [-126.38701, -5.22118, -27.03275],
					"cubes": [
						{
							"origin": [-3.42716, 28.67958, -2.26127],
							"size": [4.29253, 3.41253, 5.17253],
							"pivot": [0.87121, 30.2372, 3.417],
							"rotation": [19.05168, -53.46139, 17.4843],
							"uv": {
								"north": {"uv": [31, 50], "uv_size": [-5, 4]},
								"east": {"uv": [4, 54], "uv_size": [-4, 4]},
								"south": {"uv": [41, 50], "uv_size": [-5, 4]},
								"west": {"uv": [57, 51], "uv_size": [-4, 4]},
								"up": {"uv": [55, 37], "uv_size": [-5, 4]},
								"down": {"uv": [56, 11], "uv_size": [-5, -4]}
							}
						},
						{
							"origin": [0.37996, 26.50886, -1.47979],
							"size": [3.1054, 3.1054, 3.38978],
							"pivot": [3.64477, 27.42605, 0.83089],
							"rotation": [31.55168, -53.46139, 17.4843],
							"uv": {
								"north": {"uv": [60.5, 24], "uv_size": [-3.5, 3.5]},
								"east": {"uv": [19.75, 57], "uv_size": [-3.75, 3.5]},
								"south": {"uv": [28.5, 57], "uv_size": [-3.5, 3.5]},
								"west": {"uv": [59.75, 47], "uv_size": [-3.75, 3.5]},
								"up": {"uv": [60.5, 16], "uv_size": [-3.5, 3.75]},
								"down": {"uv": [60.5, 23.75], "uv_size": [-3.5, -3.75]}
							}
						},
						{
							"origin": [1.5532, 27.67709, -3.64502],
							"size": [1.46782, 2.34782, 3.65595],
							"pivot": [3.55923, 27.42967, 0.89214],
							"rotation": [54.05168, -53.46139, 17.4843],
							"uv": {
								"north": {"uv": [43.75, 74], "uv_size": [-1.75, 2.75]},
								"east": {"uv": [62.25, 43], "uv_size": [-4.25, 2.75]},
								"south": {"uv": [45.75, 74], "uv_size": [-1.75, 2.75]},
								"west": {"uv": [62.25, 40], "uv_size": [-4.25, 2.75]},
								"up": {"uv": [17.75, 20], "uv_size": [-1.75, 4.25]},
								"down": {"uv": [31.75, 25.25], "uv_size": [-1.75, -4.25]}
							}
						}
					]
				},
				{
					"name": "Mecha10",
					"parent": "Hair",
					"pivot": [0.07446, 27.27199, -1.30609],
					"rotation": [13.30037, 61.69897, -152.73996],
					"cubes": [
						{
							"origin": [-3.25856, 26.23473, -3.20754],
							"size": [2.49216, 2.49216, 2.49216],
							"pivot": [-0.76214, 27.37225, 0.93929],
							"rotation": [19.05168, -53.46139, 17.4843],
							"uv": {
								"north": {"uv": [56, 64], "uv_size": [2.75, 2.75]},
								"east": {"uv": [59, 64], "uv_size": [2.75, 2.75]},
								"south": {"uv": [0, 65], "uv_size": [2.75, 2.75]},
								"west": {"uv": [3, 65], "uv_size": [2.75, 2.75]},
								"up": {"uv": [6, 65], "uv_size": [2.75, 2.75]},
								"down": {"uv": [9, 67.75], "uv_size": [2.75, -2.75]}
							}
						},
						{
							"origin": [-1.1209, 24.64945, -3.51682],
							"size": [2.26787, 2.26787, 2.47555],
							"pivot": [1.26339, 25.31927, -0.94934],
							"rotation": [31.55168, -53.46139, 17.4843],
							"uv": {
								"north": {"uv": [71, 42], "uv_size": [2.5, 2.5]},
								"east": {"uv": [68, 50], "uv_size": [2.75, 2.5]},
								"south": {"uv": [45, 71], "uv_size": [2.5, 2.5]},
								"west": {"uv": [68, 53], "uv_size": [2.75, 2.5]},
								"up": {"uv": [60, 68], "uv_size": [2.5, 2.75]},
								"down": {"uv": [63, 70.75], "uv_size": [2.5, -2.75]}
							}
						},
						{
							"origin": [-0.90674, 25.50261, -5.0981],
							"size": [1.71461, 1.71461, 2.66994],
							"pivot": [1.20091, 25.32192, -0.90461],
							"rotation": [54.05168, -53.46139, 17.4843],
							"uv": {
								"north": {"uv": [34, 76], "uv_size": [2, 2]},
								"east": {"uv": [22, 73], "uv_size": [3, 2]},
								"south": {"uv": [36, 76], "uv_size": [2, 2]},
								"west": {"uv": [73, 23], "uv_size": [3, 2]},
								"up": {"uv": [25, 73], "uv_size": [2, 3]},
								"down": {"uv": [73, 28], "uv_size": [2, -3]}
							}
						}
					]
				},
				{
					"name": "Mecha2",
					"parent": "Hair",
					"pivot": [2.71446, 27.27199, 1.33391],
					"rotation": [-125.79431, 15.35538, 25.77015],
					"cubes": [
						{
							"origin": [-0.61856, 26.23473, -0.56754],
							"size": [2.49216, 2.49216, 2.49216],
							"pivot": [1.87786, 27.37225, 3.57929],
							"rotation": [19.05168, -53.46139, 17.4843],
							"uv": {
								"north": {"uv": [67.75, 48], "uv_size": [-2.75, 2.75]},
								"east": {"uv": [64.75, 65], "uv_size": [-2.75, 2.75]},
								"south": {"uv": [67.75, 54], "uv_size": [-2.75, 2.75]},
								"west": {"uv": [67.75, 51], "uv_size": [-2.75, 2.75]},
								"up": {"uv": [67.75, 65], "uv_size": [-2.75, 2.75]},
								"down": {"uv": [68.75, 39.75], "uv_size": [-2.75, -2.75]}
							}
						},
						{
							"origin": [1.5191, 25.52945, 0.00318],
							"size": [2.26787, 1.38787, 2.47555],
							"pivot": [3.90339, 25.31927, 1.69066],
							"rotation": [31.55168, -53.46139, 17.4843],
							"uv": {
								"north": {"uv": [79.5, 29], "uv_size": [-2.5, 1.5]},
								"east": {"uv": [77.75, 54], "uv_size": [-2.75, 1.5]},
								"south": {"uv": [79.5, 33], "uv_size": [-2.5, 1.5]},
								"west": {"uv": [77.75, 44], "uv_size": [-2.75, 1.5]},
								"up": {"uv": [71.5, 36], "uv_size": [-2.5, 2.75]},
								"down": {"uv": [71.5, 41.75], "uv_size": [-2.5, -2.75]}
							}
						},
						{
							"origin": [1.73326, 26.38261, -0.6981],
							"size": [1.71461, 0.83461, 1.78994],
							"pivot": [3.84091, 25.32192, 1.73539],
							"rotation": [54.05168, -53.46139, 17.4843],
							"uv": {
								"north": {"uv": [56, 6], "uv_size": [-2, 1]},
								"east": {"uv": [64, 34], "uv_size": [-2, 1]},
								"south": {"uv": [62, 50], "uv_size": [-2, 1]},
								"west": {"uv": [60, 46], "uv_size": [-2, 1]},
								"up": {"uv": [52, 76], "uv_size": [-2, 2]},
								"down": {"uv": [54, 78], "uv_size": [-2, -2]}
							}
						}
					]
				},
				{
					"name": "Mecha4",
					"parent": "Hair",
					"pivot": [2.71446, 26.39199, 3.97391],
					"rotation": [-150.97618, -8.03814, 27.38965],
					"cubes": [
						{
							"origin": [-0.11928, 25.58223, 2.90183],
							"size": [1.99373, 1.99373, 1.99373],
							"pivot": [1.87786, 26.49225, 6.21929],
							"rotation": [19.05168, -53.46139, 17.4843],
							"uv": {
								"north": {"uv": [67.75, 48], "uv_size": [-2.75, 2.75]},
								"east": {"uv": [64.75, 65], "uv_size": [-2.75, 2.75]},
								"south": {"uv": [67.75, 54], "uv_size": [-2.75, 2.75]},
								"west": {"uv": [67.75, 51], "uv_size": [-2.75, 2.75]},
								"up": {"uv": [67.75, 65], "uv_size": [-2.75, 2.75]},
								"down": {"uv": [68.75, 39.75], "uv_size": [-2.75, -2.75]}
							}
						},
						{
							"origin": [1.59086, 25.01801, 3.3584],
							"size": [1.8143, 1.1103, 1.98044],
							"pivot": [3.49828, 24.84987, 4.70838],
							"rotation": [31.55168, -53.46139, 17.4843],
							"uv": {
								"north": {"uv": [79.5, 29], "uv_size": [-2.5, 1.5]},
								"east": {"uv": [77.75, 54], "uv_size": [-2.75, 1.5]},
								"south": {"uv": [79.5, 33], "uv_size": [-2.5, 1.5]},
								"west": {"uv": [77.75, 44], "uv_size": [-2.75, 1.5]},
								"up": {"uv": [71.5, 36], "uv_size": [-2.5, 2.75]},
								"down": {"uv": [71.5, 41.75], "uv_size": [-2.5, -2.75]}
							}
						},
						{
							"origin": [1.76218, 25.70054, 2.79738],
							"size": [1.37169, 0.66769, 1.43195],
							"pivot": [3.4483, 24.85198, 4.74418],
							"rotation": [54.05168, -53.46139, 17.4843],
							"uv": {
								"north": {"uv": [56, 6], "uv_size": [-2, 1]},
								"east": {"uv": [64, 34], "uv_size": [-2, 1]},
								"south": {"uv": [62, 50], "uv_size": [-2, 1]},
								"west": {"uv": [60, 46], "uv_size": [-2, 1]},
								"up": {"uv": [52, 76], "uv_size": [-2, 2]},
								"down": {"uv": [54, 78], "uv_size": [-2, -2]}
							}
						}
					]
				},
				{
					"name": "Mecha5",
					"parent": "Hair",
					"pivot": [-2.73525, 26.39199, 3.97391],
					"rotation": [-150.97618, 8.03814, -27.38965],
					"cubes": [
						{
							"origin": [-1.89808, 25.58223, 2.90183],
							"size": [1.99373, 1.99373, 1.99373],
							"pivot": [-1.90149, 26.49225, 6.21929],
							"rotation": [19.05168, 53.46139, -17.4843],
							"uv": {
								"north": {"uv": [65, 48], "uv_size": [2.75, 2.75]},
								"east": {"uv": [65, 51], "uv_size": [2.75, 2.75]},
								"south": {"uv": [65, 54], "uv_size": [2.75, 2.75]},
								"west": {"uv": [62, 65], "uv_size": [2.75, 2.75]},
								"up": {"uv": [65, 65], "uv_size": [2.75, 2.75]},
								"down": {"uv": [66, 39.75], "uv_size": [2.75, -2.75]}
							}
						},
						{
							"origin": [-3.42877, 25.01801, 3.3584],
							"size": [1.8143, 1.1103, 1.98044],
							"pivot": [-3.5219, 24.84987, 4.70838],
							"rotation": [31.55168, 53.46139, -17.4843],
							"uv": {
								"north": {"uv": [77, 29], "uv_size": [2.5, 1.5]},
								"east": {"uv": [75, 44], "uv_size": [2.75, 1.5]},
								"south": {"uv": [77, 33], "uv_size": [2.5, 1.5]},
								"west": {"uv": [75, 54], "uv_size": [2.75, 1.5]},
								"up": {"uv": [69, 36], "uv_size": [2.5, 2.75]},
								"down": {"uv": [69, 41.75], "uv_size": [2.5, -2.75]}
							}
						},
						{
							"origin": [-3.1575, 25.70054, 2.79738],
							"size": [1.37169, 0.66769, 1.43195],
							"pivot": [-3.47193, 24.85198, 4.74418],
							"rotation": [54.05168, 53.46139, -17.4843],
							"uv": {
								"north": {"uv": [54, 6], "uv_size": [2, 1]},
								"east": {"uv": [58, 46], "uv_size": [2, 1]},
								"south": {"uv": [60, 50], "uv_size": [2, 1]},
								"west": {"uv": [62, 34], "uv_size": [2, 1]},
								"up": {"uv": [50, 76], "uv_size": [2, 2]},
								"down": {"uv": [52, 78], "uv_size": [2, -2]}
							}
						}
					]
				},
				{
					"name": "Mecha16",
					"parent": "Hair",
					"pivot": [-2.73525, 26.39199, 5.97391],
					"rotation": [173.74753, 26.39051, -35.23181],
					"cubes": [
						{
							"origin": [-1.89808, 25.58223, 4.90183],
							"size": [1.99373, 1.99373, 1.99373],
							"pivot": [-1.90149, 26.49225, 8.21929],
							"rotation": [19.05168, 53.46139, -17.4843],
							"uv": {
								"north": {"uv": [65, 48], "uv_size": [2.75, 2.75]},
								"east": {"uv": [65, 51], "uv_size": [2.75, 2.75]},
								"south": {"uv": [65, 54], "uv_size": [2.75, 2.75]},
								"west": {"uv": [62, 65], "uv_size": [2.75, 2.75]},
								"up": {"uv": [65, 65], "uv_size": [2.75, 2.75]},
								"down": {"uv": [66, 39.75], "uv_size": [2.75, -2.75]}
							}
						},
						{
							"origin": [-3.42877, 25.01801, 5.3584],
							"size": [1.8143, 1.1103, 1.98044],
							"pivot": [-3.5219, 24.84987, 6.70838],
							"rotation": [31.55168, 53.46139, -17.4843],
							"uv": {
								"north": {"uv": [77, 29], "uv_size": [2.5, 1.5]},
								"east": {"uv": [75, 44], "uv_size": [2.75, 1.5]},
								"south": {"uv": [77, 33], "uv_size": [2.5, 1.5]},
								"west": {"uv": [75, 54], "uv_size": [2.75, 1.5]},
								"up": {"uv": [69, 36], "uv_size": [2.5, 2.75]},
								"down": {"uv": [69, 41.75], "uv_size": [2.5, -2.75]}
							}
						},
						{
							"origin": [-3.1575, 25.70054, 4.79738],
							"size": [1.37169, 0.66769, 1.43195],
							"pivot": [-3.47193, 24.85198, 6.74418],
							"rotation": [54.05168, 53.46139, -17.4843],
							"uv": {
								"north": {"uv": [54, 6], "uv_size": [2, 1]},
								"east": {"uv": [58, 46], "uv_size": [2, 1]},
								"south": {"uv": [60, 50], "uv_size": [2, 1]},
								"west": {"uv": [62, 34], "uv_size": [2, 1]},
								"up": {"uv": [50, 76], "uv_size": [2, 2]},
								"down": {"uv": [52, 78], "uv_size": [2, -2]}
							}
						}
					]
				},
				{
					"name": "Mecha17",
					"parent": "Hair",
					"pivot": [2.73525, 26.39199, 5.97391],
					"rotation": [173.74753, -26.39051, 35.23181],
					"cubes": [
						{
							"origin": [-0.09565, 25.58223, 4.90183],
							"size": [1.99373, 1.99373, 1.99373],
							"pivot": [1.90149, 26.49225, 8.21929],
							"rotation": [19.05168, -53.46139, 17.4843],
							"uv": {
								"north": {"uv": [67.75, 48], "uv_size": [-2.75, 2.75]},
								"east": {"uv": [64.75, 65], "uv_size": [-2.75, 2.75]},
								"south": {"uv": [67.75, 54], "uv_size": [-2.75, 2.75]},
								"west": {"uv": [67.75, 51], "uv_size": [-2.75, 2.75]},
								"up": {"uv": [67.75, 65], "uv_size": [-2.75, 2.75]},
								"down": {"uv": [68.75, 39.75], "uv_size": [-2.75, -2.75]}
							}
						},
						{
							"origin": [1.61448, 25.01801, 5.3584],
							"size": [1.8143, 1.1103, 1.98044],
							"pivot": [3.5219, 24.84987, 6.70838],
							"rotation": [31.55168, -53.46139, 17.4843],
							"uv": {
								"north": {"uv": [79.5, 29], "uv_size": [-2.5, 1.5]},
								"east": {"uv": [77.75, 54], "uv_size": [-2.75, 1.5]},
								"south": {"uv": [79.5, 33], "uv_size": [-2.5, 1.5]},
								"west": {"uv": [77.75, 44], "uv_size": [-2.75, 1.5]},
								"up": {"uv": [71.5, 36], "uv_size": [-2.5, 2.75]},
								"down": {"uv": [71.5, 41.75], "uv_size": [-2.5, -2.75]}
							}
						},
						{
							"origin": [1.78581, 25.70054, 4.79738],
							"size": [1.37169, 0.66769, 1.43195],
							"pivot": [3.47193, 24.85198, 6.74418],
							"rotation": [54.05168, -53.46139, 17.4843],
							"uv": {
								"north": {"uv": [56, 6], "uv_size": [-2, 1]},
								"east": {"uv": [64, 34], "uv_size": [-2, 1]},
								"south": {"uv": [62, 50], "uv_size": [-2, 1]},
								"west": {"uv": [60, 46], "uv_size": [-2, 1]},
								"up": {"uv": [52, 76], "uv_size": [-2, 2]},
								"down": {"uv": [54, 78], "uv_size": [-2, -2]}
							}
						}
					]
				},
				{
					"name": "Mecha18",
					"parent": "Hair",
					"pivot": [0.73525, 25.39199, 7.97391],
					"rotation": [173.74753, -26.39051, 35.23181],
					"cubes": [
						{
							"origin": [-2.09565, 24.58223, 6.90183],
							"size": [1.99373, 1.99373, 1.99373],
							"pivot": [-0.09851, 25.49225, 10.21929],
							"rotation": [19.05168, -53.46139, 17.4843],
							"uv": {
								"north": {"uv": [67.75, 48], "uv_size": [-2.75, 2.75]},
								"east": {"uv": [64.75, 65], "uv_size": [-2.75, 2.75]},
								"south": {"uv": [67.75, 54], "uv_size": [-2.75, 2.75]},
								"west": {"uv": [67.75, 51], "uv_size": [-2.75, 2.75]},
								"up": {"uv": [67.75, 65], "uv_size": [-2.75, 2.75]},
								"down": {"uv": [68.75, 39.75], "uv_size": [-2.75, -2.75]}
							}
						},
						{
							"origin": [-0.38552, 24.01801, 7.3584],
							"size": [1.8143, 1.1103, 1.98044],
							"pivot": [1.5219, 23.84987, 8.70838],
							"rotation": [31.55168, -53.46139, 17.4843],
							"uv": {
								"north": {"uv": [79.5, 29], "uv_size": [-2.5, 1.5]},
								"east": {"uv": [77.75, 54], "uv_size": [-2.75, 1.5]},
								"south": {"uv": [79.5, 33], "uv_size": [-2.5, 1.5]},
								"west": {"uv": [77.75, 44], "uv_size": [-2.75, 1.5]},
								"up": {"uv": [71.5, 36], "uv_size": [-2.5, 2.75]},
								"down": {"uv": [71.5, 41.75], "uv_size": [-2.5, -2.75]}
							}
						},
						{
							"origin": [-0.21419, 24.70054, 6.79738],
							"size": [1.37169, 0.66769, 1.43195],
							"pivot": [1.47193, 23.85198, 8.74418],
							"rotation": [54.05168, -53.46139, 17.4843],
							"uv": {
								"north": {"uv": [56, 6], "uv_size": [-2, 1]},
								"east": {"uv": [64, 34], "uv_size": [-2, 1]},
								"south": {"uv": [62, 50], "uv_size": [-2, 1]},
								"west": {"uv": [60, 46], "uv_size": [-2, 1]},
								"up": {"uv": [52, 76], "uv_size": [-2, 2]},
								"down": {"uv": [54, 78], "uv_size": [-2, -2]}
							}
						}
					]
				},
				{
					"name": "Mecha19",
					"parent": "Hair",
					"pivot": [-0.73525, 25.39199, 7.97391],
					"rotation": [173.74753, 26.39051, -35.23181],
					"cubes": [
						{
							"origin": [0.10192, 24.58223, 6.90183],
							"size": [1.99373, 1.99373, 1.99373],
							"pivot": [0.09851, 25.49225, 10.21929],
							"rotation": [19.05168, 53.46139, -17.4843],
							"uv": {
								"north": {"uv": [65, 48], "uv_size": [2.75, 2.75]},
								"east": {"uv": [65, 51], "uv_size": [2.75, 2.75]},
								"south": {"uv": [65, 54], "uv_size": [2.75, 2.75]},
								"west": {"uv": [62, 65], "uv_size": [2.75, 2.75]},
								"up": {"uv": [65, 65], "uv_size": [2.75, 2.75]},
								"down": {"uv": [66, 39.75], "uv_size": [2.75, -2.75]}
							}
						},
						{
							"origin": [-1.42877, 24.01801, 7.3584],
							"size": [1.8143, 1.1103, 1.98044],
							"pivot": [-1.5219, 23.84987, 8.70838],
							"rotation": [31.55168, 53.46139, -17.4843],
							"uv": {
								"north": {"uv": [77, 29], "uv_size": [2.5, 1.5]},
								"east": {"uv": [75, 44], "uv_size": [2.75, 1.5]},
								"south": {"uv": [77, 33], "uv_size": [2.5, 1.5]},
								"west": {"uv": [75, 54], "uv_size": [2.75, 1.5]},
								"up": {"uv": [69, 36], "uv_size": [2.5, 2.75]},
								"down": {"uv": [69, 41.75], "uv_size": [2.5, -2.75]}
							}
						},
						{
							"origin": [-1.1575, 24.70054, 6.79738],
							"size": [1.37169, 0.66769, 1.43195],
							"pivot": [-1.47193, 23.85198, 8.74418],
							"rotation": [54.05168, 53.46139, -17.4843],
							"uv": {
								"north": {"uv": [54, 6], "uv_size": [2, 1]},
								"east": {"uv": [58, 46], "uv_size": [2, 1]},
								"south": {"uv": [60, 50], "uv_size": [2, 1]},
								"west": {"uv": [62, 34], "uv_size": [2, 1]},
								"up": {"uv": [50, 76], "uv_size": [2, 2]},
								"down": {"uv": [52, 78], "uv_size": [2, -2]}
							}
						}
					]
				},
				{
					"name": "Mecha20",
					"parent": "Hair",
					"pivot": [-0.73525, 27.39199, 6.97391],
					"rotation": [-161.04536, 51.4699, -11.77133],
					"cubes": [
						{
							"origin": [0.10192, 26.58223, 5.90183],
							"size": [1.99373, 1.99373, 1.99373],
							"pivot": [0.09851, 27.49225, 9.21929],
							"rotation": [19.05168, 53.46139, -17.4843],
							"uv": {
								"north": {"uv": [65, 48], "uv_size": [2.75, 2.75]},
								"east": {"uv": [65, 51], "uv_size": [2.75, 2.75]},
								"south": {"uv": [65, 54], "uv_size": [2.75, 2.75]},
								"west": {"uv": [62, 65], "uv_size": [2.75, 2.75]},
								"up": {"uv": [65, 65], "uv_size": [2.75, 2.75]},
								"down": {"uv": [66, 39.75], "uv_size": [2.75, -2.75]}
							}
						},
						{
							"origin": [-1.42877, 26.01801, 6.3584],
							"size": [1.8143, 1.1103, 1.98044],
							"pivot": [-1.5219, 25.84987, 7.70838],
							"rotation": [31.55168, 53.46139, -17.4843],
							"uv": {
								"north": {"uv": [77, 29], "uv_size": [2.5, 1.5]},
								"east": {"uv": [75, 44], "uv_size": [2.75, 1.5]},
								"south": {"uv": [77, 33], "uv_size": [2.5, 1.5]},
								"west": {"uv": [75, 54], "uv_size": [2.75, 1.5]},
								"up": {"uv": [69, 36], "uv_size": [2.5, 2.75]},
								"down": {"uv": [69, 41.75], "uv_size": [2.5, -2.75]}
							}
						},
						{
							"origin": [-1.1575, 26.70054, 5.79738],
							"size": [1.37169, 0.66769, 1.43195],
							"pivot": [-1.47193, 25.85198, 7.74418],
							"rotation": [54.05168, 53.46139, -17.4843],
							"uv": {
								"north": {"uv": [54, 6], "uv_size": [2, 1]},
								"east": {"uv": [58, 46], "uv_size": [2, 1]},
								"south": {"uv": [60, 50], "uv_size": [2, 1]},
								"west": {"uv": [62, 34], "uv_size": [2, 1]},
								"up": {"uv": [50, 76], "uv_size": [2, 2]},
								"down": {"uv": [52, 78], "uv_size": [2, -2]}
							}
						}
					]
				},
				{
					"name": "Mecha21",
					"parent": "Hair",
					"pivot": [0.73525, 27.39199, 6.97391],
					"rotation": [-161.04536, -51.4699, 11.77133],
					"cubes": [
						{
							"origin": [-2.09565, 26.58223, 5.90183],
							"size": [1.99373, 1.99373, 1.99373],
							"pivot": [-0.09851, 27.49225, 9.21929],
							"rotation": [19.05168, -53.46139, 17.4843],
							"uv": {
								"north": {"uv": [67.75, 48], "uv_size": [-2.75, 2.75]},
								"east": {"uv": [64.75, 65], "uv_size": [-2.75, 2.75]},
								"south": {"uv": [67.75, 54], "uv_size": [-2.75, 2.75]},
								"west": {"uv": [67.75, 51], "uv_size": [-2.75, 2.75]},
								"up": {"uv": [67.75, 65], "uv_size": [-2.75, 2.75]},
								"down": {"uv": [68.75, 39.75], "uv_size": [-2.75, -2.75]}
							}
						},
						{
							"origin": [-0.38552, 26.01801, 6.3584],
							"size": [1.8143, 1.1103, 1.98044],
							"pivot": [1.5219, 25.84987, 7.70838],
							"rotation": [31.55168, -53.46139, 17.4843],
							"uv": {
								"north": {"uv": [79.5, 29], "uv_size": [-2.5, 1.5]},
								"east": {"uv": [77.75, 54], "uv_size": [-2.75, 1.5]},
								"south": {"uv": [79.5, 33], "uv_size": [-2.5, 1.5]},
								"west": {"uv": [77.75, 44], "uv_size": [-2.75, 1.5]},
								"up": {"uv": [71.5, 36], "uv_size": [-2.5, 2.75]},
								"down": {"uv": [71.5, 41.75], "uv_size": [-2.5, -2.75]}
							}
						},
						{
							"origin": [-0.21419, 26.70054, 5.79738],
							"size": [1.37169, 0.66769, 1.43195],
							"pivot": [1.47193, 25.85198, 7.74418],
							"rotation": [54.05168, -53.46139, 17.4843],
							"uv": {
								"north": {"uv": [56, 6], "uv_size": [-2, 1]},
								"east": {"uv": [64, 34], "uv_size": [-2, 1]},
								"south": {"uv": [62, 50], "uv_size": [-2, 1]},
								"west": {"uv": [60, 46], "uv_size": [-2, 1]},
								"up": {"uv": [52, 76], "uv_size": [-2, 2]},
								"down": {"uv": [54, 78], "uv_size": [-2, -2]}
							}
						}
					]
				},
				{
					"name": "Mecha3",
					"parent": "Hair",
					"pivot": [-2.73525, 27.27199, 2.21391],
					"rotation": [-132.20778, -25.89603, -9.90655],
					"cubes": [
						{
							"origin": [-1.89722, 26.23473, 0.31246],
							"size": [2.49216, 2.49216, 2.49216],
							"pivot": [-1.90149, 27.37225, 4.45929],
							"rotation": [19.05168, 53.46139, -17.4843],
							"uv": {
								"north": {"uv": [65, 48], "uv_size": [2.75, 2.75]},
								"east": {"uv": [65, 51], "uv_size": [2.75, 2.75]},
								"south": {"uv": [65, 54], "uv_size": [2.75, 2.75]},
								"west": {"uv": [62, 65], "uv_size": [2.75, 2.75]},
								"up": {"uv": [65, 65], "uv_size": [2.75, 2.75]},
								"down": {"uv": [66, 39.75], "uv_size": [2.75, -2.75]}
							}
						},
						{
							"origin": [-3.8106, 25.52945, 0.88318],
							"size": [2.26787, 1.38787, 2.47555],
							"pivot": [-3.92701, 25.31927, 2.57066],
							"rotation": [31.55168, 53.46139, -17.4843],
							"uv": {
								"north": {"uv": [77, 29], "uv_size": [2.5, 1.5]},
								"east": {"uv": [75, 44], "uv_size": [2.75, 1.5]},
								"south": {"uv": [77, 33], "uv_size": [2.5, 1.5]},
								"west": {"uv": [75, 54], "uv_size": [2.75, 1.5]},
								"up": {"uv": [69, 36], "uv_size": [2.5, 2.75]},
								"down": {"uv": [69, 41.75], "uv_size": [2.5, -2.75]}
							}
						},
						{
							"origin": [-3.4715, 26.38261, 0.1819],
							"size": [1.71461, 0.83461, 1.78994],
							"pivot": [-3.86454, 25.32192, 2.61539],
							"rotation": [54.05168, 53.46139, -17.4843],
							"uv": {
								"north": {"uv": [54, 6], "uv_size": [2, 1]},
								"east": {"uv": [58, 46], "uv_size": [2, 1]},
								"south": {"uv": [60, 50], "uv_size": [2, 1]},
								"west": {"uv": [62, 34], "uv_size": [2, 1]},
								"up": {"uv": [50, 76], "uv_size": [2, 2]},
								"down": {"uv": [52, 78], "uv_size": [2, -2]}
							}
						}
					]
				},
				{
					"name": "Mecha13",
					"parent": "Hair",
					"pivot": [1.39785, 27.08404, -0.00453],
					"rotation": [-6.56062, 38.5859, 154.52587],
					"cubes": [
						{
							"origin": [0.24856, 25.74231, -4.16773],
							"size": [2.112, 2.992, 2.992],
							"pivot": [1.74819, 26.97237, -0.50575],
							"rotation": [19.05168, 53.46139, -17.4843],
							"uv": {
								"north": {"uv": [51, 60], "uv_size": [2.5, 3.5]},
								"east": {"uv": [57, 28], "uv_size": [3.5, 3.5]},
								"south": {"uv": [54, 60], "uv_size": [2.5, 3.5]},
								"west": {"uv": [29, 57], "uv_size": [3.5, 3.5]},
								"up": {"uv": [57, 60], "uv_size": [2.5, 3.5]},
								"down": {"uv": [60, 63.5], "uv_size": [2.5, -3.5]}
							}
						},
						{
							"origin": [-1.37294, 24.41628, -4.42769],
							"size": [1.92192, 2.80192, 2.97792],
							"pivot": [0.03164, 25.23255, -2.10628],
							"rotation": [31.55168, 53.46139, -17.4843],
							"uv": {
								"north": {"uv": [66, 40], "uv_size": [2.25, 3.25]},
								"east": {"uv": [0, 58], "uv_size": [3.5, 3.25]},
								"south": {"uv": [66, 57], "uv_size": [2.25, 3.25]},
								"west": {"uv": [60, 3], "uv_size": [3.5, 3.25]},
								"up": {"uv": [61, 11], "uv_size": [2.25, 3.5]},
								"down": {"uv": [61, 18.5], "uv_size": [2.25, -3.5]}
							}
						},
						{
							"origin": [-1.08557, 25.97558, -6.40526],
							"size": [1.45306, 1.45306, 3.14266],
							"pivot": [0.08458, 25.2348, -2.06837],
							"rotation": [54.05168, 53.46139, -17.4843],
							"uv": {
								"north": {"uv": [78, 17], "uv_size": [1.75, 1.75]},
								"east": {"uv": [70, 34], "uv_size": [3.5, 1.75]},
								"south": {"uv": [19, 78], "uv_size": [1.75, 1.75]},
								"west": {"uv": [71, 45], "uv_size": [3.5, 1.75]},
								"up": {"uv": [14, 33], "uv_size": [1.75, 3.5]},
								"down": {"uv": [37, 17.5], "uv_size": [1.75, -3.5]}
							}
						}
					]
				}
			]
		}
	]
}









