{
	"format_version": "1.12.0",
	"minecraft:geometry": [
		{
			"description": {
				"identifier": "geometry.vegeta",
				"texture_width": 128,
				"texture_height": 128,
				"visible_bounds_width": 5,
				"visible_bounds_height": 4.5,
				"visible_bounds_offset": [0, 1.75, 0]
			},
			"bones": [
				{
					"name": "Tudo",
					"pivot": [0, 12.72, 0]
				},
				{
					"name": "Corpo",
					"parent": "Tudo",
					"pivot": [0, 24.60557, 0],
					"cubes": [
						{
							"origin": [-3.93689, 11.81067, -1.96844],
							"size": [7.87379, 11.81067, 3.93689],
							"uv": {
								"north": {"uv": [0, 0], "uv_size": [8.25, 12.25]},
								"east": {"uv": [18, 0], "uv_size": [4, 12.25]},
								"south": {"uv": [9, 0], "uv_size": [8.25, 12.25]},
								"west": {"uv": [18, 13], "uv_size": [4, 12.25]},
								"up": {"uv": [43, 14], "uv_size": [8.25, 4]},
								"down": {"uv": [43, 22], "uv_size": [8.25, -4]}
							}
						}
					],
					"locators": {
						"aura": [0, 18.24, 0]
					}
				},
				{
					"name": "Roupa",
					"parent": "Corpo",
					"pivot": [0, 21.01726, 0],
					"cubes": [
						{
							"origin": [-4.25184, 17.4798, -2.12592],
							"size": [8.50368, 6.37776, 4.25184],
							"uv": {
								"north": {"uv": [0, 13], "uv_size": [8.75, 6.75]},
								"east": {"uv": [32, 42], "uv_size": [4.5, 6.75]},
								"south": {"uv": [9, 13], "uv_size": [8.75, 6.75]},
								"west": {"uv": [37, 43], "uv_size": [4.5, 6.75]},
								"up": {"uv": [39, 27], "uv_size": [8.75, 4.5]},
								"down": {"uv": [39, 36.5], "uv_size": [8.75, -4.5]}
							}
						}
					]
				},
				{
					"name": "rightBraco",
					"parent": "Corpo",
					"pivot": [-5.12616, 22.5551, 0],
					"cubes": [
						{
							"origin": [-7.87379, 11.81067, -1.96844],
							"size": [3.93689, 11.81067, 3.93689],
							"uv": {
								"north": {"uv": [0, 20], "uv_size": [4, 12.25]},
								"east": {"uv": [4, 20], "uv_size": [4, 12.25]},
								"south": {"uv": [8, 20], "uv_size": [4, 12.25]},
								"west": {"uv": [12, 20], "uv_size": [4, 12.25]},
								"up": {"uv": [10, 45], "uv_size": [4, 4]},
								"down": {"uv": [52, 51], "uv_size": [4, -4]}
							}
						}
					]
				},
				{
					"name": "leftBiceps",
					"parent": "rightBraco",
					"pivot": [-5.63878, 19.47941, -0.51262],
					"cubes": [
						{
							"origin": [-7.00766, 16.61368, -2.08655],
							"size": [3.18888, 4.1731, 3.18888],
							"uv": {
								"north": {"uv": [45, 55], "uv_size": [3.25, 4.25]},
								"east": {"uv": [49, 55], "uv_size": [3.25, 4.25]},
								"south": {"uv": [53, 55], "uv_size": [3.25, 4.25]},
								"west": {"uv": [56, 6], "uv_size": [3.25, 4.25]},
								"up": {"uv": [60, 7], "uv_size": [3.25, 3.25]},
								"down": {"uv": [33, 63.25], "uv_size": [3.25, -3.25]}
							}
						}
					]
				},
				{
					"name": "leftBraco",
					"parent": "Corpo",
					"pivot": [5.12616, 22.5551, 0],
					"cubes": [
						{
							"origin": [3.93689, 11.81067, -1.96844],
							"size": [3.93689, 11.81067, 3.93689],
							"uv": {
								"north": {"uv": [14, 39], "uv_size": [4, 12.25]},
								"east": {"uv": [39, 14], "uv_size": [4, 12.25]},
								"south": {"uv": [18, 39], "uv_size": [4, 12.25]},
								"west": {"uv": [22, 39], "uv_size": [4, 12.25]},
								"up": {"uv": [53, 33], "uv_size": [4, 4]},
								"down": {"uv": [41, 57], "uv_size": [4, -4]}
							}
						}
					]
				},
				{
					"name": "rightBiceps",
					"parent": "leftBraco",
					"pivot": [5.63878, 19.47941, -0.51262],
					"cubes": [
						{
							"origin": [3.81878, 16.61368, -2.08655],
							"size": [3.18888, 4.1731, 3.18888],
							"uv": {
								"north": {"uv": [4, 57], "uv_size": [3.25, 4.25]},
								"east": {"uv": [8, 57], "uv_size": [3.25, 4.25]},
								"south": {"uv": [57, 11], "uv_size": [3.25, 4.25]},
								"west": {"uv": [12, 57], "uv_size": [3.25, 4.25]},
								"up": {"uv": [60, 35], "uv_size": [3.25, 3.25]},
								"down": {"uv": [37, 63.25], "uv_size": [3.25, -3.25]}
							}
						}
					]
				},
				{
					"name": "rightPerna",
					"parent": "Corpo",
					"pivot": [-1.94794, 12.30278, 0],
					"cubes": [
						{
							"origin": [-3.83846, 0, -1.96844],
							"size": [3.93689, 11.81067, 3.93689],
							"uv": {
								"north": {"uv": [22, 0], "uv_size": [4, 12.25]},
								"east": {"uv": [22, 13], "uv_size": [4, 12.25]},
								"south": {"uv": [26, 0], "uv_size": [4, 12.25]},
								"west": {"uv": [26, 13], "uv_size": [4, 12.25]},
								"up": {"uv": [53, 21], "uv_size": [4, 4]},
								"down": {"uv": [53, 29], "uv_size": [4, -4]}
							}
						},
						{
							"origin": [-4.267, 5.4002, -1.48498],
							"size": [4.79395, 1.63329, 3.92995],
							"uv": {
								"north": {"uv": [41, 60], "uv_size": [5, 1.75]},
								"east": {"uv": [66, 61], "uv_size": [4, 1.75]},
								"south": {"uv": [46, 60], "uv_size": [5, 1.75]},
								"west": {"uv": [66, 63], "uv_size": [4, 1.75]},
								"up": {"uv": [49, 3], "uv_size": [5, 4]},
								"down": {"uv": [31, 53], "uv_size": [5, -4]}
							}
						},
						{
							"origin": [-4.32026, 7.42559, -2.45024],
							"size": [4.90048, 4.40254, 4.90048],
							"uv": {
								"north": {"uv": [26, 45], "uv_size": [5, 4.5]},
								"east": {"uv": [45, 37], "uv_size": [5, 4.5]},
								"south": {"uv": [47, 42], "uv_size": [5, 4.5]},
								"west": {"uv": [47, 47], "uv_size": [5, 4.5]},
								"up": {"uv": [43, 22], "uv_size": [5, 5]},
								"down": {"uv": [42, 48], "uv_size": [5, -5]}
							}
						},
						{
							"origin": [-3.93689, -0.09842, -2.08655],
							"size": [4.1731, 2.55898, 4.1731],
							"uv": {
								"north": {"uv": [56, 0], "uv_size": [4.25, 2.75]},
								"east": {"uv": [57, 32], "uv_size": [4.25, 2.75]},
								"south": {"uv": [33, 57], "uv_size": [4.25, 2.75]},
								"west": {"uv": [38, 57], "uv_size": [4.25, 2.75]},
								"up": {"uv": [10, 52], "uv_size": [4.25, 4.25]},
								"down": {"uv": [52, 15.25], "uv_size": [4.25, -4.25]}
							}
						}
					]
				},
				{
					"name": "leftPerna",
					"parent": "Corpo",
					"pivot": [1.94794, 12.30278, 0],
					"cubes": [
						{
							"origin": [-0.09843, 0, -1.96844],
							"size": [3.93689, 11.81067, 3.93689],
							"uv": {
								"north": {"uv": [16, 26], "uv_size": [4, 12.25]},
								"east": {"uv": [20, 26], "uv_size": [4, 12.25]},
								"south": {"uv": [24, 26], "uv_size": [4, 12.25]},
								"west": {"uv": [28, 26], "uv_size": [4, 12.25]},
								"up": {"uv": [53, 29], "uv_size": [4, 4]},
								"down": {"uv": [31, 57], "uv_size": [4, -4]}
							}
						},
						{
							"origin": [-0.52695, 5.4002, -1.48498],
							"size": [4.79395, 1.63329, 3.92995],
							"uv": {
								"north": {"uv": [60, 46], "uv_size": [5, 1.75]},
								"east": {"uv": [67, 0], "uv_size": [4, 1.75]},
								"south": {"uv": [60, 48], "uv_size": [5, 1.75]},
								"west": {"uv": [67, 2], "uv_size": [4, 1.75]},
								"up": {"uv": [0, 50], "uv_size": [5, 4]},
								"down": {"uv": [5, 54], "uv_size": [5, -4]}
							}
						},
						{
							"origin": [-0.58022, 7.42559, -2.45024],
							"size": [4.90048, 4.40254, 4.90048],
							"uv": {
								"north": {"uv": [48, 22], "uv_size": [5, 4.5]},
								"east": {"uv": [48, 27], "uv_size": [5, 4.5]},
								"south": {"uv": [48, 32], "uv_size": [5, 4.5]},
								"west": {"uv": [42, 48], "uv_size": [5, 4.5]},
								"up": {"uv": [44, 0], "uv_size": [5, 5]},
								"down": {"uv": [44, 10], "uv_size": [5, -5]}
							}
						},
						{
							"origin": [-0.23621, -0.09842, -2.08655],
							"size": [4.1731, 2.55898, 4.1731],
							"uv": {
								"north": {"uv": [57, 51], "uv_size": [4.25, 2.75]},
								"east": {"uv": [57, 54], "uv_size": [4.25, 2.75]},
								"south": {"uv": [57, 57], "uv_size": [4.25, 2.75]},
								"west": {"uv": [20, 58], "uv_size": [4.25, 2.75]},
								"up": {"uv": [15, 52], "uv_size": [4.25, 4.25]},
								"down": {"uv": [52, 20.25], "uv_size": [4.25, -4.25]}
							}
						}
					]
				},
				{
					"name": "head",
					"parent": "Corpo",
					"pivot": [0, 23.12, 0],
					"cubes": [
						{
							"origin": [-3.52, 23.12, -3.52],
							"size": [7.04, 7.04, 7.04],
							"uv": {
								"north": {"uv": [30, 0], "uv_size": [7, 7]},
								"east": {"uv": [30, 7], "uv_size": [7, 7]},
								"south": {"uv": [30, 14], "uv_size": [7, 7]},
								"west": {"uv": [32, 21], "uv_size": [7, 7]},
								"up": {"uv": [32, 28], "uv_size": [7, 7]},
								"down": {"uv": [0, 40], "uv_size": [7, -7]}
							}
						}
					]
				},
				{
					"name": "Face",
					"parent": "head",
					"pivot": [0, 26.64, -2.6],
					"cubes": [
						{
							"origin": [-3.52, 23.12, -2.7],
							"size": [7.04, 7.04, 0],
							"uv": {
								"north": {"uv": [7, 33], "uv_size": [7, 7]},
								"east": {"uv": [0, 0], "uv_size": [0, 7]},
								"south": {"uv": [14, 33], "uv_size": [-7, 7]},
								"west": {"uv": [0, 0], "uv_size": [0, 7]},
								"up": {"uv": [0, 0], "uv_size": [7, 0]},
								"down": {"uv": [0, 0], "uv_size": [7, 0]}
							}
						}
					]
				},
				{
					"name": "Face2",
					"parent": "head",
					"pivot": [0, 26.64, -2.6],
					"cubes": [
						{
							"origin": [-3.52, 23.12, -2.7],
							"size": [7.04, 7.04, 0],
							"uv": {
								"north": {"uv": [37, 0], "uv_size": [7, 7]},
								"east": {"uv": [0, 0], "uv_size": [0, 7]},
								"south": {"uv": [44, 0], "uv_size": [-7, 7]},
								"west": {"uv": [0, 0], "uv_size": [0, 7]},
								"up": {"uv": [0, 0], "uv_size": [7, 0]},
								"down": {"uv": [0, 0], "uv_size": [7, 0]}
							}
						}
					]
				},
				{
					"name": "Face3",
					"parent": "head",
					"pivot": [0, 26.64, -2.6],
					"cubes": [
						{
							"origin": [-3.52, 23.12, -2.7],
							"size": [7.04, 7.04, 0],
							"uv": {
								"north": {"uv": [37, 7], "uv_size": [7, 7]},
								"east": {"uv": [0, 0], "uv_size": [0, 7]},
								"south": {"uv": [44, 7], "uv_size": [-7, 7]},
								"west": {"uv": [0, 0], "uv_size": [0, 7]},
								"up": {"uv": [0, 0], "uv_size": [7, 0]},
								"down": {"uv": [0, 0], "uv_size": [7, 0]}
							}
						}
					]
				},
				{
					"name": "Face4",
					"parent": "head",
					"pivot": [0, 26.64, -2.6],
					"cubes": [
						{
							"origin": [-3.52, 23.12, -2.7],
							"size": [7.04, 7.04, 0],
							"uv": {
								"north": {"uv": [32, 35], "uv_size": [7, 7]},
								"east": {"uv": [0, 0], "uv_size": [0, 7]},
								"south": {"uv": [39, 35], "uv_size": [-7, 7]},
								"west": {"uv": [0, 0], "uv_size": [0, 7]},
								"up": {"uv": [0, 0], "uv_size": [7, 0]},
								"down": {"uv": [0, 0], "uv_size": [7, 0]}
							}
						}
					]
				},
				{
					"name": "Hair",
					"parent": "head",
					"pivot": [0.75, 27.87, 1],
					"rotation": [-17.49074, 0.57826, -0.09863],
					"cubes": [
						{
							"origin": [-0.99656, 28.02754, -2.60107],
							"size": [5, 3, 5],
							"uv": {
								"north": {"uv": [54, 3], "uv_size": [5, 3]},
								"east": {"uv": [4, 54], "uv_size": [5, 3]},
								"south": {"uv": [26, 54], "uv_size": [5, 3]},
								"west": {"uv": [35, 54], "uv_size": [5, 3]},
								"up": {"uv": [0, 45], "uv_size": [5, 5]},
								"down": {"uv": [5, 50], "uv_size": [5, -5]}
							}
						},
						{
							"origin": [-3.99656, 28.02754, -1.60107],
							"size": [7, 3, 5],
							"uv": {
								"north": {"uv": [44, 10], "uv_size": [7, 3]},
								"east": {"uv": [20, 55], "uv_size": [5, 3]},
								"south": {"uv": [49, 0], "uv_size": [7, 3]},
								"west": {"uv": [55, 37], "uv_size": [5, 3]},
								"up": {"uv": [0, 40], "uv_size": [7, 5]},
								"down": {"uv": [7, 45], "uv_size": [7, -5]}
							}
						},
						{
							"origin": [-2.99656, 29.02754, -3.60107],
							"size": [6, 3, 6],
							"uv": {
								"north": {"uv": [20, 52], "uv_size": [6, 3]},
								"east": {"uv": [52, 41], "uv_size": [6, 3]},
								"south": {"uv": [52, 44], "uv_size": [6, 3]},
								"west": {"uv": [47, 52], "uv_size": [6, 3]},
								"up": {"uv": [26, 39], "uv_size": [6, 6]},
								"down": {"uv": [39, 43], "uv_size": [6, -6]}
							}
						}
					]
				},
				{
					"name": "Mecha12",
					"parent": "Hair",
					"pivot": [-2.09643, 31.3714, -4.01117],
					"rotation": [135.45152, -71.45381, 49.83378],
					"cubes": [
						{
							"origin": [-0.32699, 32.11269, -5.52485],
							"size": [2.832, 2.832, 2.832],
							"pivot": [-0.33184, 33.40533, -0.81254],
							"rotation": [19.05168, 53.46139, -17.4843],
							"uv": {
								"north": {"uv": [10, 49], "uv_size": [2.75, 2.75]},
								"east": {"uv": [61, 0], "uv_size": [2.75, 2.75]},
								"south": {"uv": [16, 61], "uv_size": [2.75, 2.75]},
								"west": {"uv": [19, 61], "uv_size": [2.75, 2.75]},
								"up": {"uv": [61, 19], "uv_size": [2.75, 2.75]},
								"down": {"uv": [22, 63.75], "uv_size": [2.75, -2.75]}
							}
						},
						{
							"origin": [-2.50129, 30.31124, -5.87631],
							"size": [2.57712, 1.57712, 2.81312],
							"pivot": [-2.63358, 31.0724, -2.95871],
							"rotation": [31.55168, 53.46139, -17.4843],
							"uv": {
								"north": {"uv": [15, 70], "uv_size": [2.5, 2.5]},
								"east": {"uv": [67, 4], "uv_size": [2.75, 2.5]},
								"south": {"uv": [70, 16], "uv_size": [2.5, 2.5]},
								"west": {"uv": [67, 7], "uv_size": [2.75, 2.5]},
								"up": {"uv": [67, 10], "uv_size": [2.5, 2.75]},
								"down": {"uv": [67, 15.75], "uv_size": [2.5, -2.75]}
							}
						},
						{
							"origin": [-2.11595, 31.28074, -7.6732],
							"size": [1.94842, 0.94842, 3.03402],
							"pivot": [-2.56259, 31.07541, -2.90788],
							"rotation": [54.05168, 53.46139, -17.4843],
							"uv": {
								"north": {"uv": [14, 37], "uv_size": [2, 2]},
								"east": {"uv": [57, 35], "uv_size": [3, 2]},
								"south": {"uv": [45, 53], "uv_size": [2, 2]},
								"west": {"uv": [71, 47], "uv_size": [3, 2]},
								"up": {"uv": [37, 18], "uv_size": [2, 3]},
								"down": {"uv": [49, 10], "uv_size": [2, -3]}
							}
						}
					]
				},
				{
					"name": "Mecha16",
					"parent": "Hair",
					"pivot": [2.09643, 30.3714, -3.01117],
					"rotation": [-146.1071, 77.97012, 43.07799],
					"cubes": [
						{
							"origin": [-2.50501, 31.11269, -4.52485],
							"size": [2.832, 2.832, 2.832],
							"pivot": [0.33184, 32.40533, 0.18746],
							"rotation": [19.05168, -53.46139, 17.4843],
							"uv": {
								"north": {"uv": [12.75, 49], "uv_size": [-2.75, 2.75]},
								"east": {"uv": [21.75, 61], "uv_size": [-2.75, 2.75]},
								"south": {"uv": [18.75, 61], "uv_size": [-2.75, 2.75]},
								"west": {"uv": [63.75, 0], "uv_size": [-2.75, 2.75]},
								"up": {"uv": [63.75, 19], "uv_size": [-2.75, 2.75]},
								"down": {"uv": [24.75, 63.75], "uv_size": [-2.75, -2.75]}
							}
						},
						{
							"origin": [-0.07583, 29.31124, -4.87631],
							"size": [2.57712, 1.57712, 2.81312],
							"pivot": [2.63358, 30.0724, -1.95871],
							"rotation": [31.55168, -53.46139, 17.4843],
							"uv": {
								"north": {"uv": [17.5, 70], "uv_size": [-2.5, 2.5]},
								"east": {"uv": [69.75, 7], "uv_size": [-2.75, 2.5]},
								"south": {"uv": [72.5, 16], "uv_size": [-2.5, 2.5]},
								"west": {"uv": [69.75, 4], "uv_size": [-2.75, 2.5]},
								"up": {"uv": [69.5, 10], "uv_size": [-2.5, 2.75]},
								"down": {"uv": [69.5, 15.75], "uv_size": [-2.5, -2.75]}
							}
						},
						{
							"origin": [0.16753, 30.28074, -6.6732],
							"size": [1.94842, 0.94842, 3.03402],
							"pivot": [2.56259, 30.07541, -1.90788],
							"rotation": [54.05168, -53.46139, 17.4843],
							"uv": {
								"north": {"uv": [16, 37], "uv_size": [-2, 2]},
								"east": {"uv": [74, 47], "uv_size": [-3, 2]},
								"south": {"uv": [47, 53], "uv_size": [-2, 2]},
								"west": {"uv": [60, 35], "uv_size": [-3, 2]},
								"up": {"uv": [39, 18], "uv_size": [-2, 3]},
								"down": {"uv": [51, 10], "uv_size": [-2, -3]}
							}
						}
					]
				},
				{
					"name": "Mecha11",
					"parent": "Hair",
					"pivot": [-1.09643, 34.3714, -3.01117],
					"rotation": [128.10508, -49.90187, 77.71254],
					"cubes": [
						{
							"origin": [0.67301, 35.11269, -4.52485],
							"size": [2.832, 2.832, 3.832],
							"pivot": [0.66816, 36.40533, 0.18746],
							"rotation": [19.05168, 53.46139, -17.4843],
							"uv": {
								"north": {"uv": [10, 49], "uv_size": [2.75, 2.75]},
								"east": {"uv": [61, 0], "uv_size": [2.75, 2.75]},
								"south": {"uv": [16, 61], "uv_size": [2.75, 2.75]},
								"west": {"uv": [19, 61], "uv_size": [2.75, 2.75]},
								"up": {"uv": [61, 19], "uv_size": [2.75, 2.75]},
								"down": {"uv": [22, 63.75], "uv_size": [2.75, -2.75]}
							}
						},
						{
							"origin": [-1.50129, 33.31124, -4.87631],
							"size": [2.57712, 1.57712, 2.81312],
							"pivot": [-1.63358, 34.0724, -1.95871],
							"rotation": [31.55168, 53.46139, -17.4843],
							"uv": {
								"north": {"uv": [15, 70], "uv_size": [2.5, 2.5]},
								"east": {"uv": [67, 4], "uv_size": [2.75, 2.5]},
								"south": {"uv": [70, 16], "uv_size": [2.5, 2.5]},
								"west": {"uv": [67, 7], "uv_size": [2.75, 2.5]},
								"up": {"uv": [67, 10], "uv_size": [2.5, 2.75]},
								"down": {"uv": [67, 15.75], "uv_size": [2.5, -2.75]}
							}
						},
						{
							"origin": [-1.11595, 34.28074, -6.6732],
							"size": [1.94842, 0.94842, 3.03402],
							"pivot": [-1.56259, 34.07541, -1.90788],
							"rotation": [41.55168, 53.46139, -17.4843],
							"uv": {
								"north": {"uv": [14, 37], "uv_size": [2, 2]},
								"east": {"uv": [57, 35], "uv_size": [3, 2]},
								"south": {"uv": [45, 53], "uv_size": [2, 2]},
								"west": {"uv": [71, 47], "uv_size": [3, 2]},
								"up": {"uv": [37, 18], "uv_size": [2, 3]},
								"down": {"uv": [49, 10], "uv_size": [2, -3]}
							}
						}
					]
				},
				{
					"name": "Mecha6",
					"parent": "Hair",
					"pivot": [-3.09643, 31.3714, 4.01117],
					"rotation": [-135.45152, 71.45381, 49.83378],
					"cubes": [
						{
							"origin": [-1.32699, 32.11269, 1.69285],
							"size": [2.832, 2.832, 3.832],
							"pivot": [-1.33184, 33.40533, 0.81254],
							"rotation": [-19.05168, -53.46139, -17.4843],
							"uv": {
								"north": {"uv": [18.75, 61], "uv_size": [-2.75, 2.75]},
								"east": {"uv": [63.75, 0], "uv_size": [-2.75, 2.75]},
								"south": {"uv": [12.75, 49], "uv_size": [-2.75, 2.75]},
								"west": {"uv": [21.75, 61], "uv_size": [-2.75, 2.75]},
								"up": {"uv": [61, 21.75], "uv_size": [2.75, -2.75]},
								"down": {"uv": [22, 61], "uv_size": [2.75, 2.75]}
							}
						},
						{
							"origin": [-3.50129, 30.31124, 3.06319],
							"size": [2.57712, 1.57712, 2.81312],
							"pivot": [-3.63358, 31.0724, 2.95871],
							"rotation": [-31.55168, -53.46139, -17.4843],
							"uv": {
								"north": {"uv": [72.5, 16], "uv_size": [-2.5, 2.5]},
								"east": {"uv": [69.75, 4], "uv_size": [-2.75, 2.5]},
								"south": {"uv": [17.5, 70], "uv_size": [-2.5, 2.5]},
								"west": {"uv": [69.75, 7], "uv_size": [-2.75, 2.5]},
								"up": {"uv": [67, 12.75], "uv_size": [2.5, -2.75]},
								"down": {"uv": [67, 13], "uv_size": [2.5, 2.75]}
							}
						},
						{
							"origin": [-3.11595, 31.28074, 4.63918],
							"size": [1.94842, 0.94842, 3.03402],
							"pivot": [-3.56259, 31.07541, 2.90788],
							"rotation": [-54.05168, -53.46139, -17.4843],
							"uv": {
								"north": {"uv": [47, 53], "uv_size": [-2, 2]},
								"east": {"uv": [60, 35], "uv_size": [-3, 2]},
								"south": {"uv": [16, 37], "uv_size": [-2, 2]},
								"west": {"uv": [74, 47], "uv_size": [-3, 2]},
								"up": {"uv": [37, 21], "uv_size": [2, -3]},
								"down": {"uv": [49, 7], "uv_size": [2, 3]}
							}
						}
					]
				},
				{
					"name": "Mecha15",
					"parent": "Hair",
					"pivot": [-0.09643, 33.3714, 4.01117],
					"rotation": [-40.42217, 55.082, 147.08574],
					"cubes": [
						{
							"origin": [1.67301, 34.11269, 1.69285],
							"size": [2.832, 2.832, 3.832],
							"pivot": [1.66816, 35.40533, 0.81254],
							"rotation": [-19.05168, -53.46139, -17.4843],
							"uv": {
								"north": {"uv": [18.75, 61], "uv_size": [-2.75, 2.75]},
								"east": {"uv": [63.75, 0], "uv_size": [-2.75, 2.75]},
								"south": {"uv": [12.75, 49], "uv_size": [-2.75, 2.75]},
								"west": {"uv": [21.75, 61], "uv_size": [-2.75, 2.75]},
								"up": {"uv": [61, 21.75], "uv_size": [2.75, -2.75]},
								"down": {"uv": [22, 61], "uv_size": [2.75, 2.75]}
							}
						},
						{
							"origin": [-0.50129, 32.31124, 3.06319],
							"size": [2.57712, 1.57712, 2.81312],
							"pivot": [-0.63358, 33.0724, 2.95871],
							"rotation": [-31.55168, -53.46139, -17.4843],
							"uv": {
								"north": {"uv": [72.5, 16], "uv_size": [-2.5, 2.5]},
								"east": {"uv": [69.75, 4], "uv_size": [-2.75, 2.5]},
								"south": {"uv": [17.5, 70], "uv_size": [-2.5, 2.5]},
								"west": {"uv": [69.75, 7], "uv_size": [-2.75, 2.5]},
								"up": {"uv": [67, 12.75], "uv_size": [2.5, -2.75]},
								"down": {"uv": [67, 13], "uv_size": [2.5, 2.75]}
							}
						},
						{
							"origin": [-0.11595, 33.28074, 4.63918],
							"size": [1.94842, 0.94842, 3.03402],
							"pivot": [-0.56259, 33.07541, 2.90788],
							"rotation": [-54.05168, -53.46139, -17.4843],
							"uv": {
								"north": {"uv": [47, 53], "uv_size": [-2, 2]},
								"east": {"uv": [60, 35], "uv_size": [-3, 2]},
								"south": {"uv": [16, 37], "uv_size": [-2, 2]},
								"west": {"uv": [74, 47], "uv_size": [-3, 2]},
								"up": {"uv": [37, 21], "uv_size": [2, -3]},
								"down": {"uv": [49, 7], "uv_size": [2, 3]}
							}
						}
					]
				},
				{
					"name": "Mecha7",
					"parent": "Hair",
					"pivot": [3.09643, 31.3714, 4.01117],
					"rotation": [-135.45152, -71.45381, -49.83378],
					"cubes": [
						{
							"origin": [-1.50501, 32.11269, 1.69285],
							"size": [2.832, 2.832, 3.832],
							"pivot": [1.33184, 33.40533, 0.81254],
							"rotation": [-19.05168, 53.46139, 17.4843],
							"uv": {
								"north": {"uv": [16, 61], "uv_size": [2.75, 2.75]},
								"east": {"uv": [19, 61], "uv_size": [2.75, 2.75]},
								"south": {"uv": [10, 49], "uv_size": [2.75, 2.75]},
								"west": {"uv": [61, 0], "uv_size": [2.75, 2.75]},
								"up": {"uv": [63.75, 21.75], "uv_size": [-2.75, -2.75]},
								"down": {"uv": [24.75, 61], "uv_size": [-2.75, 2.75]}
							}
						},
						{
							"origin": [0.92417, 30.31124, 3.06319],
							"size": [2.57712, 1.57712, 2.81312],
							"pivot": [3.63358, 31.0724, 2.95871],
							"rotation": [-31.55168, 53.46139, 17.4843],
							"uv": {
								"north": {"uv": [70, 16], "uv_size": [2.5, 2.5]},
								"east": {"uv": [67, 7], "uv_size": [2.75, 2.5]},
								"south": {"uv": [15, 70], "uv_size": [2.5, 2.5]},
								"west": {"uv": [67, 4], "uv_size": [2.75, 2.5]},
								"up": {"uv": [69.5, 12.75], "uv_size": [-2.5, -2.75]},
								"down": {"uv": [69.5, 13], "uv_size": [-2.5, 2.75]}
							}
						},
						{
							"origin": [1.16753, 31.28074, 4.63918],
							"size": [1.94842, 0.94842, 3.03402],
							"pivot": [3.56259, 31.07541, 2.90788],
							"rotation": [-54.05168, 53.46139, 17.4843],
							"uv": {
								"north": {"uv": [45, 53], "uv_size": [2, 2]},
								"east": {"uv": [71, 47], "uv_size": [3, 2]},
								"south": {"uv": [14, 37], "uv_size": [2, 2]},
								"west": {"uv": [57, 35], "uv_size": [3, 2]},
								"up": {"uv": [39, 21], "uv_size": [-2, -3]},
								"down": {"uv": [51, 7], "uv_size": [-2, 3]}
							}
						}
					]
				},
				{
					"name": "Mecha8",
					"parent": "Hair",
					"pivot": [4.09643, 32.3714, 1.01117],
					"rotation": [-135.45152, -71.45381, -49.83378],
					"cubes": [
						{
							"origin": [-0.50501, 33.11269, -1.30715],
							"size": [2.832, 2.832, 3.832],
							"pivot": [2.33184, 34.40533, -2.18746],
							"rotation": [-19.05168, 53.46139, 17.4843],
							"uv": {
								"north": {"uv": [16, 61], "uv_size": [2.75, 2.75]},
								"east": {"uv": [19, 61], "uv_size": [2.75, 2.75]},
								"south": {"uv": [10, 49], "uv_size": [2.75, 2.75]},
								"west": {"uv": [61, 0], "uv_size": [2.75, 2.75]},
								"up": {"uv": [63.75, 21.75], "uv_size": [-2.75, -2.75]},
								"down": {"uv": [24.75, 61], "uv_size": [-2.75, 2.75]}
							}
						},
						{
							"origin": [1.92417, 31.31124, 0.06319],
							"size": [2.57712, 1.57712, 2.81312],
							"pivot": [4.63358, 32.0724, -0.04129],
							"rotation": [-31.55168, 53.46139, 17.4843],
							"uv": {
								"north": {"uv": [70, 16], "uv_size": [2.5, 2.5]},
								"east": {"uv": [67, 7], "uv_size": [2.75, 2.5]},
								"south": {"uv": [15, 70], "uv_size": [2.5, 2.5]},
								"west": {"uv": [67, 4], "uv_size": [2.75, 2.5]},
								"up": {"uv": [69.5, 12.75], "uv_size": [-2.5, -2.75]},
								"down": {"uv": [69.5, 13], "uv_size": [-2.5, 2.75]}
							}
						},
						{
							"origin": [2.16753, 32.28074, 1.63918],
							"size": [1.94842, 0.94842, 3.03402],
							"pivot": [4.56259, 32.07541, -0.09212],
							"rotation": [-54.05168, 53.46139, 17.4843],
							"uv": {
								"north": {"uv": [45, 53], "uv_size": [2, 2]},
								"east": {"uv": [71, 47], "uv_size": [3, 2]},
								"south": {"uv": [14, 37], "uv_size": [2, 2]},
								"west": {"uv": [57, 35], "uv_size": [3, 2]},
								"up": {"uv": [39, 21], "uv_size": [-2, -3]},
								"down": {"uv": [51, 7], "uv_size": [-2, 3]}
							}
						}
					]
				},
				{
					"name": "Mecha9",
					"parent": "Hair",
					"pivot": [-4.09643, 32.3714, 1.01117],
					"rotation": [-157.95152, 71.45381, 49.83378],
					"cubes": [
						{
							"origin": [-2.32699, 32.11269, -1.30715],
							"size": [2.832, 3.832, 3.832],
							"pivot": [-2.33184, 34.40533, -2.18746],
							"rotation": [-19.05168, -53.46139, -17.4843],
							"uv": {
								"north": {"uv": [18.75, 61], "uv_size": [-2.75, 2.75]},
								"east": {"uv": [63.75, 0], "uv_size": [-2.75, 2.75]},
								"south": {"uv": [12.75, 49], "uv_size": [-2.75, 2.75]},
								"west": {"uv": [21.75, 61], "uv_size": [-2.75, 2.75]},
								"up": {"uv": [61, 21.75], "uv_size": [2.75, -2.75]},
								"down": {"uv": [22, 61], "uv_size": [2.75, 2.75]}
							}
						},
						{
							"origin": [-4.50129, 30.31124, 0.06319],
							"size": [2.57712, 2.57712, 2.81312],
							"pivot": [-4.63358, 32.0724, -0.04129],
							"rotation": [-31.55168, -53.46139, -17.4843],
							"uv": {
								"north": {"uv": [72.5, 16], "uv_size": [-2.5, 2.5]},
								"east": {"uv": [69.75, 4], "uv_size": [-2.75, 2.5]},
								"south": {"uv": [17.5, 70], "uv_size": [-2.5, 2.5]},
								"west": {"uv": [69.75, 7], "uv_size": [-2.75, 2.5]},
								"up": {"uv": [67, 12.75], "uv_size": [2.5, -2.75]},
								"down": {"uv": [67, 13], "uv_size": [2.5, 2.75]}
							}
						},
						{
							"origin": [-4.11595, 31.28074, 1.63918],
							"size": [1.94842, 1.94842, 3.03402],
							"pivot": [-4.56259, 32.07541, -0.09212],
							"rotation": [-54.05168, -53.46139, -17.4843],
							"uv": {
								"north": {"uv": [47, 53], "uv_size": [-2, 2]},
								"east": {"uv": [60, 35], "uv_size": [-3, 2]},
								"south": {"uv": [16, 37], "uv_size": [-2, 2]},
								"west": {"uv": [74, 47], "uv_size": [-3, 2]},
								"up": {"uv": [37, 21], "uv_size": [2, -3]},
								"down": {"uv": [49, 7], "uv_size": [2, 3]}
							}
						}
					]
				},
				{
					"name": "Mecha14",
					"parent": "Hair",
					"pivot": [2.09643, 31.3714, -0.01117],
					"rotation": [-126.38701, -5.22118, -27.03275],
					"cubes": [
						{
							"origin": [-3.88107, 29.92365, -5.13128],
							"size": [4.87787, 3.87787, 5.87787],
							"pivot": [1.00344, 31.69367, 1.32131],
							"rotation": [19.05168, -53.46139, 17.4843],
							"uv": {
								"north": {"uv": [31, 50], "uv_size": [-5, 4]},
								"east": {"uv": [4, 54], "uv_size": [-4, 4]},
								"south": {"uv": [41, 50], "uv_size": [-5, 4]},
								"west": {"uv": [57, 51], "uv_size": [-4, 4]},
								"up": {"uv": [55, 37], "uv_size": [-5, 4]},
								"down": {"uv": [56, 11], "uv_size": [-5, -4]}
							}
						},
						{
							"origin": [0.4452, 27.45692, -4.24323],
							"size": [3.52886, 3.52886, 3.85202],
							"pivot": [4.15521, 28.49918, -1.61746],
							"rotation": [31.55168, -53.46139, 17.4843],
							"uv": {
								"north": {"uv": [60.5, 24], "uv_size": [-3.5, 3.5]},
								"east": {"uv": [19.75, 57], "uv_size": [-3.75, 3.5]},
								"south": {"uv": [28.5, 57], "uv_size": [-3.5, 3.5]},
								"west": {"uv": [59.75, 47], "uv_size": [-3.75, 3.5]},
								"up": {"uv": [60.5, 16], "uv_size": [-3.5, 3.75]},
								"down": {"uv": [60.5, 23.75], "uv_size": [-3.5, -3.75]}
							}
						},
						{
							"origin": [1.77843, 28.78446, -6.70372],
							"size": [1.66798, 2.66798, 4.15449],
							"pivot": [4.058, 28.5033, -1.54785],
							"rotation": [54.05168, -53.46139, 17.4843],
							"uv": {
								"north": {"uv": [43.75, 74], "uv_size": [-1.75, 2.75]},
								"east": {"uv": [62.25, 43], "uv_size": [-4.25, 2.75]},
								"south": {"uv": [45.75, 74], "uv_size": [-1.75, 2.75]},
								"west": {"uv": [62.25, 40], "uv_size": [-4.25, 2.75]},
								"up": {"uv": [17.75, 20], "uv_size": [-1.75, 4.25]},
								"down": {"uv": [31.75, 25.25], "uv_size": [-1.75, -4.25]}
							}
						}
					]
				},
				{
					"name": "Mecha10",
					"parent": "Hair",
					"pivot": [0.09643, 28.3714, -4.01117],
					"rotation": [60.37178, 45.73849, -131.84596],
					"cubes": [
						{
							"origin": [-3.68949, 27.14541, -6.20658],
							"size": [2.832, 2.832, 2.832],
							"pivot": [-0.85264, 28.43805, -1.49428],
							"rotation": [19.05168, -53.46139, 17.4843],
							"uv": {
								"north": {"uv": [56, 64], "uv_size": [2.75, 2.75]},
								"east": {"uv": [59, 64], "uv_size": [2.75, 2.75]},
								"south": {"uv": [0, 65], "uv_size": [2.75, 2.75]},
								"west": {"uv": [3, 65], "uv_size": [2.75, 2.75]},
								"up": {"uv": [6, 65], "uv_size": [2.75, 2.75]},
								"down": {"uv": [9, 67.75], "uv_size": [2.75, -2.75]}
							}
						},
						{
							"origin": [-1.26032, 25.34396, -6.55804],
							"size": [2.57712, 2.57712, 2.81312],
							"pivot": [1.44909, 26.10512, -3.64045],
							"rotation": [31.55168, -53.46139, 17.4843],
							"uv": {
								"north": {"uv": [71, 42], "uv_size": [2.5, 2.5]},
								"east": {"uv": [68, 50], "uv_size": [2.75, 2.5]},
								"south": {"uv": [45, 71], "uv_size": [2.5, 2.5]},
								"west": {"uv": [68, 53], "uv_size": [2.75, 2.5]},
								"up": {"uv": [60, 68], "uv_size": [2.5, 2.75]},
								"down": {"uv": [63, 70.75], "uv_size": [2.5, -2.75]}
							}
						},
						{
							"origin": [-1.01696, 26.31346, -8.35494],
							"size": [1.94842, 1.94842, 3.03402],
							"pivot": [1.3781, 26.10813, -3.58961],
							"rotation": [54.05168, -53.46139, 17.4843],
							"uv": {
								"north": {"uv": [34, 76], "uv_size": [2, 2]},
								"east": {"uv": [22, 73], "uv_size": [3, 2]},
								"south": {"uv": [36, 76], "uv_size": [2, 2]},
								"west": {"uv": [73, 23], "uv_size": [3, 2]},
								"up": {"uv": [25, 73], "uv_size": [2, 3]},
								"down": {"uv": [73, 28], "uv_size": [2, -3]}
							}
						}
					]
				},
				{
					"name": "Mecha4",
					"parent": "Hair",
					"pivot": [3.09643, 27.3714, 1.98883],
					"rotation": [-171.62346, -6.08193, 12.40272],
					"cubes": [
						{
							"origin": [-0.12212, 26.40394, 0.73588],
							"size": [2.2656, 2.2656, 2.2656],
							"pivot": [2.14736, 27.43805, 4.50572],
							"rotation": [19.05168, -53.46139, 17.4843],
							"uv": {
								"north": {"uv": [67.75, 48], "uv_size": [-2.75, 2.75]},
								"east": {"uv": [64.75, 65], "uv_size": [-2.75, 2.75]},
								"south": {"uv": [67.75, 54], "uv_size": [-2.75, 2.75]},
								"west": {"uv": [67.75, 51], "uv_size": [-2.75, 2.75]},
								"up": {"uv": [67.75, 65], "uv_size": [-2.75, 2.75]},
								"down": {"uv": [68.75, 39.75], "uv_size": [-2.75, -2.75]}
							}
						},
						{
							"origin": [1.82122, 25.76278, 1.25471],
							"size": [2.0617, 1.2617, 2.2505],
							"pivot": [3.98874, 25.57171, 2.78878],
							"rotation": [31.55168, -53.46139, 17.4843],
							"uv": {
								"north": {"uv": [79.5, 29], "uv_size": [-2.5, 1.5]},
								"east": {"uv": [77.75, 54], "uv_size": [-2.75, 1.5]},
								"south": {"uv": [79.5, 33], "uv_size": [-2.5, 1.5]},
								"west": {"uv": [77.75, 44], "uv_size": [-2.75, 1.5]},
								"up": {"uv": [71.5, 36], "uv_size": [-2.5, 2.75]},
								"down": {"uv": [71.5, 41.75], "uv_size": [-2.5, -2.75]}
							}
						},
						{
							"origin": [2.0159, 26.53838, 0.61719],
							"size": [1.55874, 0.75874, 1.62722],
							"pivot": [3.93195, 25.57411, 2.82946],
							"rotation": [54.05168, -53.46139, 17.4843],
							"uv": {
								"north": {"uv": [56, 6], "uv_size": [-2, 1]},
								"east": {"uv": [64, 34], "uv_size": [-2, 1]},
								"south": {"uv": [62, 50], "uv_size": [-2, 1]},
								"west": {"uv": [60, 46], "uv_size": [-2, 1]},
								"up": {"uv": [52, 76], "uv_size": [-2, 2]},
								"down": {"uv": [54, 78], "uv_size": [-2, -2]}
							}
						}
					]
				},
				{
					"name": "Mecha5",
					"parent": "Hair",
					"pivot": [-3.09643, 27.3714, 1.98883],
					"rotation": [-171.62346, 6.08193, -12.40272],
					"cubes": [
						{
							"origin": [-2.14348, 26.40394, 0.73588],
							"size": [2.2656, 2.2656, 2.2656],
							"pivot": [-2.14736, 27.43805, 4.50572],
							"rotation": [19.05168, 53.46139, -17.4843],
							"uv": {
								"north": {"uv": [65, 48], "uv_size": [2.75, 2.75]},
								"east": {"uv": [65, 51], "uv_size": [2.75, 2.75]},
								"south": {"uv": [65, 54], "uv_size": [2.75, 2.75]},
								"west": {"uv": [62, 65], "uv_size": [2.75, 2.75]},
								"up": {"uv": [65, 65], "uv_size": [2.75, 2.75]},
								"down": {"uv": [66, 39.75], "uv_size": [2.75, -2.75]}
							}
						},
						{
							"origin": [-3.88292, 25.76278, 1.25471],
							"size": [2.0617, 1.2617, 2.2505],
							"pivot": [-3.98874, 25.57171, 2.78878],
							"rotation": [31.55168, 53.46139, -17.4843],
							"uv": {
								"north": {"uv": [77, 29], "uv_size": [2.5, 1.5]},
								"east": {"uv": [75, 44], "uv_size": [2.75, 1.5]},
								"south": {"uv": [77, 33], "uv_size": [2.5, 1.5]},
								"west": {"uv": [75, 54], "uv_size": [2.75, 1.5]},
								"up": {"uv": [69, 36], "uv_size": [2.5, 2.75]},
								"down": {"uv": [69, 41.75], "uv_size": [2.5, -2.75]}
							}
						},
						{
							"origin": [-3.57464, 26.53838, 0.61719],
							"size": [1.55874, 0.75874, 1.62722],
							"pivot": [-3.93195, 25.57411, 2.82946],
							"rotation": [54.05168, 53.46139, -17.4843],
							"uv": {
								"north": {"uv": [54, 6], "uv_size": [2, 1]},
								"east": {"uv": [58, 46], "uv_size": [2, 1]},
								"south": {"uv": [60, 50], "uv_size": [2, 1]},
								"west": {"uv": [62, 34], "uv_size": [2, 1]},
								"up": {"uv": [50, 76], "uv_size": [2, 2]},
								"down": {"uv": [52, 78], "uv_size": [2, -2]}
							}
						}
					]
				},
				{
					"name": "Mecha3",
					"parent": "Hair",
					"pivot": [-3.09643, 28.3714, -2.01117],
					"rotation": [-165.48309, -17.32626, 0.58886],
					"cubes": [
						{
							"origin": [-2.14251, 27.14541, -4.20658],
							"size": [2.832, 2.832, 2.832],
							"pivot": [-2.14736, 28.43805, 0.50572],
							"rotation": [19.05168, 53.46139, -17.4843],
							"uv": {
								"north": {"uv": [65, 48], "uv_size": [2.75, 2.75]},
								"east": {"uv": [65, 51], "uv_size": [2.75, 2.75]},
								"south": {"uv": [65, 54], "uv_size": [2.75, 2.75]},
								"west": {"uv": [62, 65], "uv_size": [2.75, 2.75]},
								"up": {"uv": [65, 65], "uv_size": [2.75, 2.75]},
								"down": {"uv": [66, 39.75], "uv_size": [2.75, -2.75]}
							}
						},
						{
							"origin": [-4.3168, 26.34396, -3.55804],
							"size": [2.57712, 1.57712, 2.81312],
							"pivot": [-4.44909, 26.10512, -1.64045],
							"rotation": [31.55168, 53.46139, -17.4843],
							"uv": {
								"north": {"uv": [77, 29], "uv_size": [2.5, 1.5]},
								"east": {"uv": [75, 44], "uv_size": [2.75, 1.5]},
								"south": {"uv": [77, 33], "uv_size": [2.5, 1.5]},
								"west": {"uv": [75, 54], "uv_size": [2.75, 1.5]},
								"up": {"uv": [69, 36], "uv_size": [2.5, 2.75]},
								"down": {"uv": [69, 41.75], "uv_size": [2.5, -2.75]}
							}
						},
						{
							"origin": [-3.93146, 27.31346, -4.35494],
							"size": [1.94842, 0.94842, 2.03402],
							"pivot": [-4.3781, 26.10813, -1.58961],
							"rotation": [54.05168, 53.46139, -17.4843],
							"uv": {
								"north": {"uv": [54, 6], "uv_size": [2, 1]},
								"east": {"uv": [58, 46], "uv_size": [2, 1]},
								"south": {"uv": [60, 50], "uv_size": [2, 1]},
								"west": {"uv": [62, 34], "uv_size": [2, 1]},
								"up": {"uv": [50, 76], "uv_size": [2, 2]},
								"down": {"uv": [52, 78], "uv_size": [2, -2]}
							}
						}
					]
				},
				{
					"name": "Mecha2",
					"parent": "Hair",
					"pivot": [3.09643, 28.3714, -2.01117],
					"rotation": [-165.48309, 17.32626, -0.58886],
					"cubes": [
						{
							"origin": [-0.68949, 27.14541, -4.20658],
							"size": [2.832, 2.832, 2.832],
							"pivot": [2.14736, 28.43805, 0.50572],
							"rotation": [19.05168, -53.46139, 17.4843],
							"uv": {
								"north": {"uv": [67.75, 48], "uv_size": [-2.75, 2.75]},
								"east": {"uv": [64.75, 65], "uv_size": [-2.75, 2.75]},
								"south": {"uv": [67.75, 54], "uv_size": [-2.75, 2.75]},
								"west": {"uv": [67.75, 51], "uv_size": [-2.75, 2.75]},
								"up": {"uv": [67.75, 65], "uv_size": [-2.75, 2.75]},
								"down": {"uv": [68.75, 39.75], "uv_size": [-2.75, -2.75]}
							}
						},
						{
							"origin": [1.73968, 26.34396, -3.55804],
							"size": [2.57712, 1.57712, 2.81312],
							"pivot": [4.44909, 26.10512, -1.64045],
							"rotation": [31.55168, -53.46139, 17.4843],
							"uv": {
								"north": {"uv": [79.5, 29], "uv_size": [-2.5, 1.5]},
								"east": {"uv": [77.75, 54], "uv_size": [-2.75, 1.5]},
								"south": {"uv": [79.5, 33], "uv_size": [-2.5, 1.5]},
								"west": {"uv": [77.75, 44], "uv_size": [-2.75, 1.5]},
								"up": {"uv": [71.5, 36], "uv_size": [-2.5, 2.75]},
								"down": {"uv": [71.5, 41.75], "uv_size": [-2.5, -2.75]}
							}
						},
						{
							"origin": [1.98304, 27.31346, -4.35494],
							"size": [1.94842, 0.94842, 2.03402],
							"pivot": [4.3781, 26.10813, -1.58961],
							"rotation": [54.05168, -53.46139, 17.4843],
							"uv": {
								"north": {"uv": [56, 6], "uv_size": [-2, 1]},
								"east": {"uv": [64, 34], "uv_size": [-2, 1]},
								"south": {"uv": [62, 50], "uv_size": [-2, 1]},
								"west": {"uv": [60, 46], "uv_size": [-2, 1]},
								"up": {"uv": [52, 76], "uv_size": [-2, 2]},
								"down": {"uv": [54, 78], "uv_size": [-2, -2]}
							}
						}
					]
				},
				{
					"name": "Mecha13",
					"parent": "Hair",
					"pivot": [1.60028, 29.29419, -1.39576],
					"rotation": [-6.56062, 38.5859, 154.52587],
					"cubes": [
						{
							"origin": [0.29588, 27.72221, -6.16134],
							"size": [2.4, 3.4, 3.4],
							"pivot": [2, 29.12, -2],
							"rotation": [19.05168, 53.46139, -17.4843],
							"uv": {
								"north": {"uv": [51, 60], "uv_size": [2.5, 3.5]},
								"east": {"uv": [57, 28], "uv_size": [3.5, 3.5]},
								"south": {"uv": [54, 60], "uv_size": [2.5, 3.5]},
								"west": {"uv": [29, 57], "uv_size": [3.5, 3.5]},
								"up": {"uv": [57, 60], "uv_size": [2.5, 3.5]},
								"down": {"uv": [60, 63.5], "uv_size": [2.5, -3.5]}
							}
						},
						{
							"origin": [-1.54674, 26.21536, -6.45675],
							"size": [2.184, 3.184, 3.384],
							"pivot": [0.04938, 27.14294, -3.81879],
							"rotation": [31.55168, 53.46139, -17.4843],
							"uv": {
								"north": {"uv": [66, 40], "uv_size": [2.25, 3.25]},
								"east": {"uv": [0, 58], "uv_size": [3.5, 3.25]},
								"south": {"uv": [66, 57], "uv_size": [2.25, 3.25]},
								"west": {"uv": [60, 3], "uv_size": [3.5, 3.25]},
								"up": {"uv": [61, 11], "uv_size": [2.25, 3.5]},
								"down": {"uv": [61, 18.5], "uv_size": [2.25, -3.5]}
							}
						},
						{
							"origin": [-1.22018, 27.98729, -8.70399],
							"size": [1.6512, 1.6512, 3.5712],
							"pivot": [0.10954, 27.14549, -3.77571],
							"rotation": [54.05168, 53.46139, -17.4843],
							"uv": {
								"north": {"uv": [78, 17], "uv_size": [1.75, 1.75]},
								"east": {"uv": [70, 34], "uv_size": [3.5, 1.75]},
								"south": {"uv": [19, 78], "uv_size": [1.75, 1.75]},
								"west": {"uv": [71, 45], "uv_size": [3.5, 1.75]},
								"up": {"uv": [14, 33], "uv_size": [1.75, 3.5]},
								"down": {"uv": [37, 17.5], "uv_size": [1.75, -3.5]}
							}
						}
					]
				}
			]
		}
	]
}















