{
	"format_version": "1.12.0",
	"minecraft:geometry": [
		{
			"description": {
				"identifier": "geometry.zoro",
				"texture_width": 128,
				"texture_height": 128,
				"visible_bounds_width": 4,
				"visible_bounds_height": 3.5,
				"visible_bounds_offset": [0, 1.25, 0]
			},
			"bones": [
				{
					"name": "Tudo",
					"pivot": [0, 12, 0]
				},
				{
					"name": "Corpo",
					"parent": "Tudo",
					"pivot": [0, 24, 0],
					"cubes": [
						{
							"origin": [-4, 12, -2],
							"size": [8, 12, 4],
							"uv": {
								"north": {"uv": [0, 0], "uv_size": [8, 12]},
								"east": {"uv": [29, 0], "uv_size": [4, 12]},
								"south": {"uv": [8, 0], "uv_size": [8, 12]},
								"west": {"uv": [29, 12], "uv_size": [4, 12]},
								"up": {"uv": [0, 44], "uv_size": [8, 4]},
								"down": {"uv": [8, 49], "uv_size": [8, -4]}
							}
						},
						{
							"origin": [-4.27, 9.6, -2.15],
							"size": [8.54, 5.42, 4.3],
							"inflate": 0.5,
							"uv": {
								"north": {"uv": [0, 12], "uv_size": [8.5, 6.5]},
								"east": {"uv": [40, 46], "uv_size": [4.25, 6.5]},
								"south": {"uv": [9, 12], "uv_size": [8.5, 6.5]},
								"west": {"uv": [45, 46], "uv_size": [4.25, 6.5]},
								"up": {"uv": [37, 28], "uv_size": [8.5, 4.25]},
								"down": {"uv": [40, 37.25], "uv_size": [8.5, -4.25]}
							}
						}
					]
				},
				{
					"name": "sobretudo",
					"parent": "Corpo",
					"pivot": [0, 12, 0],
					"cubes": [
						{
							"origin": [-4, 6, -1],
							"size": [8, 6, 3],
							"inflate": 0.5,
							"uv": {
								"north": {"uv": [35.25, 41.5], "uv_size": [0.25, 0]},
								"east": {"uv": [16, 45], "uv_size": [4, 6]},
								"south": {"uv": [37, 0], "uv_size": [8, 6]},
								"west": {"uv": [20.75, 47], "uv_size": [3.25, 6]},
								"up": {"uv": [45, 18], "uv_size": [8, 4]},
								"down": {"uv": [45, 26], "uv_size": [8, -4]}
							}
						}
					]
				},
				{
					"name": "head",
					"parent": "Corpo",
					"pivot": [0, 24.12, 0],
					"cubes": [
						{
							"origin": [-3.52, 24.12, -3.52],
							"size": [7.04, 7.04, 7.04],
							"uv": {
								"north": {"uv": [8, 19], "uv_size": [7, 7]},
								"east": {"uv": [22, 0], "uv_size": [7, 7]},
								"south": {"uv": [22, 7], "uv_size": [7, 7]},
								"west": {"uv": [22, 14], "uv_size": [7, 7]},
								"up": {"uv": [22, 21], "uv_size": [7, 7]},
								"down": {"uv": [8, 33], "uv_size": [7, -7]}
							}
						}
					]
				},
				{
					"name": "Cabelo",
					"parent": "head",
					"pivot": [0, 29.12, 0],
					"cubes": [
						{
							"origin": [-3.48664, 31.13879, -3.53678],
							"size": [7.0632, 1.1772, 7.0632],
							"uv": {
								"north": {"uv": [53, 56], "uv_size": [7, 1.25]},
								"east": {"uv": [56, 53], "uv_size": [7, 1.25]},
								"south": {"uv": [2, 57], "uv_size": [7, 1.25]},
								"west": {"uv": [9, 57], "uv_size": [7, 1.25]},
								"up": {"uv": [15, 26], "uv_size": [7, 7]},
								"down": {"uv": [22, 35], "uv_size": [7, -7]}
							}
						},
						{
							"origin": [-3.87291, 28.0472, -1.90625],
							"size": [7.83574, 3.84, 4.80214],
							"uv": {
								"north": {"uv": [46, 26], "uv_size": [7.75, 3.75]},
								"east": {"uv": [49, 34], "uv_size": [4.75, 3.75]},
								"south": {"uv": [32, 46], "uv_size": [7.75, 3.75]},
								"west": {"uv": [50, 46], "uv_size": [4.75, 3.75]},
								"up": {"uv": [37, 18], "uv_size": [7.75, 4.75]},
								"down": {"uv": [37, 27.75], "uv_size": [7.75, -4.75]}
							}
						}
					]
				},
				{
					"name": "HeadKatana",
					"parent": "head",
					"pivot": [-0.17015, 25.09862, -4.02725],
					"rotation": [-90, 0, 90],
					"cubes": [
						{
							"origin": [-0.4822, 24.31231, -9.42772],
							"size": [0.62409, 1.41238, 8.8046],
							"uv": {
								"north": {"uv": [9, 60], "uv_size": [0.5, 1.5]},
								"east": {"uv": [38, 53], "uv_size": [8.75, 1.5]},
								"south": {"uv": [10, 60], "uv_size": [0.5, 1.5]},
								"west": {"uv": [54, 26], "uv_size": [8.75, 1.5]},
								"up": {"uv": [16, 0], "uv_size": [0.5, 8.75]},
								"down": {"uv": [17, 8.75], "uv_size": [0.5, -8.75]}
							}
						},
						{
							"origin": [-0.95986, 23.85144, -9.29515],
							"size": [1.57942, 2.36913, 0.79947],
							"uv": {
								"north": {"uv": [15, 22], "uv_size": [1.5, 2.25]},
								"east": {"uv": [41, 58], "uv_size": [0.75, 2.25]},
								"south": {"uv": [37, 33], "uv_size": [1.5, 2.25]},
								"west": {"uv": [42, 58], "uv_size": [0.75, 2.25]},
								"up": {"uv": [8, 59], "uv_size": [1.5, 0.75]},
								"down": {"uv": [10, 59.75], "uv_size": [1.5, -0.75]}
							}
						},
						{
							"origin": [-0.33415, 24.95401, -38.02062],
							"size": [0.328, 0.738, 28.6168],
							"uv": {
								"north": {"uv": [60, 52], "uv_size": [0.25, 0.75]},
								"east": {"uv": [45, 4], "uv_size": [28.5, 0.75]},
								"south": {"uv": [4, 61], "uv_size": [0.25, 0.75]},
								"west": {"uv": [45, 5], "uv_size": [28.5, 0.75]},
								"up": {"uv": [16, 55], "uv_size": [0.25, 28.5]},
								"down": {"uv": [17, 83.5], "uv_size": [0.25, -28.5]}
							}
						},
						{
							"origin": [-0.28495, 24.32671, -37.3761],
							"size": [0.2296, 1.3366, 28.14776],
							"uv": {
								"north": {"uv": [44, 60], "uv_size": [0.25, 1.25]},
								"east": {"uv": [40, 38], "uv_size": [28.25, 1.25]},
								"south": {"uv": [45, 60], "uv_size": [0.25, 1.25]},
								"west": {"uv": [40, 40], "uv_size": [28.25, 1.25]},
								"up": {"uv": [22, 57], "uv_size": [0.25, 28.25]},
								"down": {"uv": [23, 85.25], "uv_size": [0.25, -28.25]}
							}
						},
						{
							"origin": [-0.28495, 24.51531, -38.1961],
							"size": [0.2296, 1.148, 0.82],
							"uv": {
								"north": {"uv": [46, 60], "uv_size": [0.25, 1.25]},
								"east": {"uv": [59, 51], "uv_size": [0.75, 1.25]},
								"south": {"uv": [60, 46], "uv_size": [0.25, 1.25]},
								"west": {"uv": [52, 59], "uv_size": [0.75, 1.25]},
								"up": {"uv": [5, 61], "uv_size": [0.25, 0.75]},
								"down": {"uv": [6, 61.75], "uv_size": [0.25, -0.75]}
							}
						},
						{
							"origin": [-0.28495, 25.00211, -39.07395],
							"size": [0.2296, 0.738, 1.64],
							"pivot": [-0.17015, 25.37111, -38.66395],
							"rotation": [-10, 0, 0],
							"uv": {
								"north": {"uv": [7, 61], "uv_size": [0.25, 0.75]},
								"east": {"uv": [15, 25], "uv_size": [1.75, 0.75]},
								"south": {"uv": [61, 18], "uv_size": [0.25, 0.75]},
								"west": {"uv": [47, 53], "uv_size": [1.75, 0.75]},
								"up": {"uv": [15, 60], "uv_size": [0.25, 1.75]},
								"down": {"uv": [60, 19.75], "uv_size": [0.25, -1.75]}
							}
						},
						{
							"origin": [-0.26428, 24.62601, -38.54542],
							"size": [0.18827, 0.60516, 0.6724],
							"uv": {
								"north": {"uv": [61, 46], "uv_size": [0.25, 0.5]},
								"east": {"uv": [11, 56], "uv_size": [0.75, 0.5]},
								"south": {"uv": [47, 61], "uv_size": [0.25, 0.5]},
								"west": {"uv": [37, 60], "uv_size": [0.75, 0.5]},
								"up": {"uv": [61, 19], "uv_size": [0.25, 0.75]},
								"down": {"uv": [61, 20.75], "uv_size": [0.25, -0.75]}
							}
						}
					]
				},
				{
					"name": "rightBraco",
					"parent": "Corpo",
					"pivot": [-5, 22, 0],
					"cubes": [
						{
							"origin": [-8, 11, -2],
							"size": [4, 13, 4],
							"uv": {
								"north": {"uv": [18, 0], "uv_size": [4, 13]},
								"east": {"uv": [18, 13], "uv_size": [4, 13]},
								"south": {"uv": [0, 19], "uv_size": [4, 13]},
								"west": {"uv": [4, 19], "uv_size": [4, 13]},
								"up": {"uv": [12, 49], "uv_size": [4, 4]},
								"down": {"uv": [50, 54], "uv_size": [4, -4]}
							}
						}
					]
				},
				{
					"name": "rightKatana",
					"parent": "rightBraco",
					"pivot": [-6, 12.57843, 1.96886],
					"cubes": [
						{
							"origin": [-6.31204, 11.79601, -3.25099],
							"size": [0.62409, 1.41238, 8.8046],
							"uv": {
								"north": {"uv": [11, 60], "uv_size": [0.5, 1.5]},
								"east": {"uv": [54, 28], "uv_size": [8.75, 1.5]},
								"south": {"uv": [12, 60], "uv_size": [0.5, 1.5]},
								"west": {"uv": [54, 34], "uv_size": [8.75, 1.5]},
								"up": {"uv": [32, 58], "uv_size": [0.5, 8.75]},
								"down": {"uv": [33, 66.75], "uv_size": [0.5, -8.75]}
							}
						},
						{
							"origin": [-6.57942, 13, -3.11842],
							"size": [1.57942, 1.36913, 0.79947],
							"pivot": [-6, 14.01971, -2.71868],
							"rotation": [0, 0, 45],
							"uv": {
								"north": {"uv": [57, 23], "uv_size": [1.5, 1.25]},
								"east": {"uv": [55, 59], "uv_size": [0.75, 1.25]},
								"south": {"uv": [36, 58], "uv_size": [1.5, 1.25]},
								"west": {"uv": [56, 59], "uv_size": [0.75, 1.25]},
								"up": {"uv": [12, 59], "uv_size": [1.5, 0.75]},
								"down": {"uv": [14, 59.75], "uv_size": [1.5, -0.75]}
							}
						},
						{
							"origin": [-6.34915, 11.74598, -3.14851],
							"size": [1.6983, 1.54746, 0.85964],
							"pivot": [-5.5, 12.51971, -2.71869],
							"rotation": [0, 0, 135],
							"uv": {
								"north": {"uv": [20, 33], "uv_size": [1.75, 1.5]},
								"east": {"uv": [59, 18], "uv_size": [0.75, 1.5]},
								"south": {"uv": [28, 48], "uv_size": [1.75, 1.5]},
								"west": {"uv": [59, 20], "uv_size": [0.75, 1.5]},
								"up": {"uv": [54, 53], "uv_size": [1.75, 0.75]},
								"down": {"uv": [43, 55.75], "uv_size": [1.75, -0.75]}
							}
						},
						{
							"origin": [-7.34915, 11.74598, -3.14851],
							"size": [1.6983, 1.54746, 0.85964],
							"pivot": [-6.5, 12.51971, -2.71869],
							"rotation": [0, 0, 130],
							"uv": {
								"north": {"uv": [30, 48], "uv_size": [1.75, 1.5]},
								"east": {"uv": [59, 22], "uv_size": [0.75, 1.5]},
								"south": {"uv": [57, 21], "uv_size": [1.75, 1.5]},
								"west": {"uv": [59, 24], "uv_size": [0.75, 1.5]},
								"up": {"uv": [45, 55], "uv_size": [1.75, 0.75]},
								"down": {"uv": [55, 49.75], "uv_size": [1.75, -0.75]}
							}
						},
						{
							"origin": [-6.164, 12.43771, -31.84389],
							"size": [0.328, 0.738, 28.6168],
							"uv": {
								"north": {"uv": [61, 21], "uv_size": [0.25, 0.75]},
								"east": {"uv": [46, 30], "uv_size": [28.5, 0.75]},
								"south": {"uv": [61, 22], "uv_size": [0.25, 0.75]},
								"west": {"uv": [46, 31], "uv_size": [28.5, 0.75]},
								"up": {"uv": [18, 55], "uv_size": [0.25, 28.5]},
								"down": {"uv": [19, 83.5], "uv_size": [0.25, -28.5]}
							}
						},
						{
							"origin": [-6.1148, 11.81041, -31.19937],
							"size": [0.2296, 1.3366, 28.14776],
							"uv": {
								"north": {"uv": [60, 48], "uv_size": [0.25, 1.25]},
								"east": {"uv": [32, 42], "uv_size": [28.25, 1.25]},
								"south": {"uv": [60, 50], "uv_size": [0.25, 1.25]},
								"west": {"uv": [32, 44], "uv_size": [28.25, 1.25]},
								"up": {"uv": [28, 58], "uv_size": [0.25, 28.25]},
								"down": {"uv": [29, 86.25], "uv_size": [0.25, -28.25]}
							}
						},
						{
							"origin": [-6.1148, 11.99901, -32.01937],
							"size": [0.2296, 1.148, 0.82],
							"uv": {
								"north": {"uv": [60, 55], "uv_size": [0.25, 1.25]},
								"east": {"uv": [57, 59], "uv_size": [0.75, 1.25]},
								"south": {"uv": [60, 57], "uv_size": [0.25, 1.25]},
								"west": {"uv": [58, 59], "uv_size": [0.75, 1.25]},
								"up": {"uv": [61, 23], "uv_size": [0.25, 0.75]},
								"down": {"uv": [61, 24.75], "uv_size": [0.25, -0.75]}
							}
						},
						{
							"origin": [-6.1148, 12.48581, -32.89722],
							"size": [0.2296, 0.738, 1.64],
							"pivot": [-6, 12.85481, -32.48722],
							"rotation": [-10, 0, 0],
							"uv": {
								"north": {"uv": [61, 25], "uv_size": [0.25, 0.75]},
								"east": {"uv": [56, 55], "uv_size": [1.75, 0.75]},
								"south": {"uv": [37, 61], "uv_size": [0.25, 0.75]},
								"west": {"uv": [57, 25], "uv_size": [1.75, 0.75]},
								"up": {"uv": [60, 20], "uv_size": [0.25, 1.75]},
								"down": {"uv": [60, 23.75], "uv_size": [0.25, -1.75]}
							}
						},
						{
							"origin": [-6.09414, 12.10971, -32.36869],
							"size": [0.18827, 0.60516, 0.6724],
							"uv": {
								"north": {"uv": [61, 47], "uv_size": [0.25, 0.5]},
								"east": {"uv": [38, 60], "uv_size": [0.75, 0.5]},
								"south": {"uv": [48, 61], "uv_size": [0.25, 0.5]},
								"west": {"uv": [39, 60], "uv_size": [0.75, 0.5]},
								"up": {"uv": [38, 61], "uv_size": [0.25, 0.75]},
								"down": {"uv": [39, 61.75], "uv_size": [0.25, -0.75]}
							}
						}
					]
				},
				{
					"name": "leftBraco",
					"parent": "Corpo",
					"pivot": [5, 22, 0],
					"cubes": [
						{
							"origin": [4, 12, -2],
							"size": [4, 12, 4],
							"uv": {
								"north": {"uv": [29, 24], "uv_size": [4, 12]},
								"east": {"uv": [0, 32], "uv_size": [4, 12]},
								"south": {"uv": [4, 32], "uv_size": [4, 12]},
								"west": {"uv": [33, 0], "uv_size": [4, 12]},
								"up": {"uv": [16, 51], "uv_size": [4, 4]},
								"down": {"uv": [2, 57], "uv_size": [4, -4]}
							}
						}
					]
				},
				{
					"name": "leftKatana",
					"parent": "leftBraco",
					"pivot": [6, 12.57843, 1.96886],
					"rotation": [0.10901, 0.00238, 0.00238],
					"cubes": [
						{
							"origin": [5.68795, 11.79601, -3.25099],
							"size": [0.62409, 1.41238, 8.8046],
							"uv": {
								"north": {"uv": [13, 60], "uv_size": [0.5, 1.5]},
								"east": {"uv": [54, 36], "uv_size": [8.75, 1.5]},
								"south": {"uv": [14, 60], "uv_size": [0.5, 1.5]},
								"west": {"uv": [47, 54], "uv_size": [8.75, 1.5]},
								"up": {"uv": [34, 58], "uv_size": [0.5, 8.75]},
								"down": {"uv": [35, 66.75], "uv_size": [0.5, -8.75]}
							}
						},
						{
							"origin": [5.15085, 11.24598, -3.14851],
							"size": [1.6983, 2.54746, 0.85964],
							"uv": {
								"north": {"uv": [16, 9], "uv_size": [1.75, 2.5]},
								"east": {"uv": [17, 19], "uv_size": [0.75, 2.5]},
								"south": {"uv": [15, 19], "uv_size": [1.75, 2.5]},
								"west": {"uv": [17, 22], "uv_size": [0.75, 2.5]},
								"up": {"uv": [57, 49], "uv_size": [1.75, 0.75]},
								"down": {"uv": [55, 58.75], "uv_size": [1.75, -0.75]}
							}
						},
						{
							"origin": [5.21027, 11.33452, -3.11842],
							"size": [1.57942, 2.36913, 0.79947],
							"pivot": [5.99999, 12.51909, -2.71868],
							"rotation": [0, 0, 90],
							"uv": {
								"north": {"uv": [38, 50], "uv_size": [1.5, 2.25]},
								"east": {"uv": [53, 58], "uv_size": [0.75, 2.25]},
								"south": {"uv": [57, 18], "uv_size": [1.5, 2.25]},
								"west": {"uv": [54, 58], "uv_size": [0.75, 2.25]},
								"up": {"uv": [43, 59], "uv_size": [1.5, 0.75]},
								"down": {"uv": [45, 59.75], "uv_size": [1.5, -0.75]}
							}
						},
						{
							"origin": [5.836, 12.43771, -31.84389],
							"size": [0.328, 0.738, 28.6168],
							"uv": {
								"north": {"uv": [40, 61], "uv_size": [0.25, 0.75]},
								"east": {"uv": [46, 32], "uv_size": [28.5, 0.75]},
								"south": {"uv": [41, 61], "uv_size": [0.25, 0.75]},
								"west": {"uv": [49, 33], "uv_size": [28.5, 0.75]},
								"up": {"uv": [20, 57], "uv_size": [0.25, 28.5]},
								"down": {"uv": [21, 85.5], "uv_size": [0.25, -28.5]}
							}
						},
						{
							"origin": [5.8852, 11.81041, -31.19937],
							"size": [0.2296, 1.3366, 28.14776],
							"uv": {
								"north": {"uv": [59, 60], "uv_size": [0.25, 1.25]},
								"east": {"uv": [45, 0], "uv_size": [28.25, 1.25]},
								"south": {"uv": [60, 59], "uv_size": [0.25, 1.25]},
								"west": {"uv": [45, 2], "uv_size": [28.25, 1.25]},
								"up": {"uv": [30, 58], "uv_size": [0.25, 28.25]},
								"down": {"uv": [31, 86.25], "uv_size": [0.25, -28.25]}
							}
						},
						{
							"origin": [5.8852, 11.99901, -32.01937],
							"size": [0.2296, 1.148, 0.82],
							"uv": {
								"north": {"uv": [2, 61], "uv_size": [0.25, 1.25]},
								"east": {"uv": [59, 58], "uv_size": [0.75, 1.25]},
								"south": {"uv": [3, 61], "uv_size": [0.25, 1.25]},
								"west": {"uv": [8, 60], "uv_size": [0.75, 1.25]},
								"up": {"uv": [42, 61], "uv_size": [0.25, 0.75]},
								"down": {"uv": [61, 42.75], "uv_size": [0.25, -0.75]}
							}
						},
						{
							"origin": [5.8852, 12.48581, -32.89722],
							"size": [0.2296, 0.738, 1.64],
							"pivot": [6, 12.85481, -32.48722],
							"rotation": [-10, 0, 0],
							"uv": {
								"north": {"uv": [43, 61], "uv_size": [0.25, 0.75]},
								"east": {"uv": [58, 55], "uv_size": [1.75, 0.75]},
								"south": {"uv": [61, 43], "uv_size": [0.25, 0.75]},
								"west": {"uv": [57, 58], "uv_size": [1.75, 0.75]},
								"up": {"uv": [60, 24], "uv_size": [0.25, 1.75]},
								"down": {"uv": [36, 61.75], "uv_size": [0.25, -1.75]}
							}
						},
						{
							"origin": [5.90587, 12.10971, -32.36869],
							"size": [0.18827, 0.60516, 0.6724],
							"uv": {
								"north": {"uv": [61, 48], "uv_size": [0.25, 0.5]},
								"east": {"uv": [40, 60], "uv_size": [0.75, 0.5]},
								"south": {"uv": [49, 61], "uv_size": [0.25, 0.5]},
								"west": {"uv": [43, 60], "uv_size": [0.75, 0.5]},
								"up": {"uv": [61, 44], "uv_size": [0.25, 0.75]},
								"down": {"uv": [61, 45.75], "uv_size": [0.25, -0.75]}
							}
						}
					]
				},
				{
					"name": "rightPerna",
					"parent": "Corpo",
					"pivot": [-1.9, 12, 0],
					"cubes": [
						{
							"origin": [-3.9, 0, -2],
							"size": [4, 12, 4],
							"uv": {
								"north": {"uv": [8, 33], "uv_size": [4, 12]},
								"east": {"uv": [12, 33], "uv_size": [4, 12]},
								"south": {"uv": [33, 12], "uv_size": [4, 12]},
								"west": {"uv": [16, 33], "uv_size": [4, 12]},
								"up": {"uv": [12, 53], "uv_size": [4, 4]},
								"down": {"uv": [53, 22], "uv_size": [4, -4]}
							}
						},
						{
							"origin": [-4, -0.1, -2.12],
							"size": [4.24, 2.6, 4.24],
							"uv": {
								"north": {"uv": [6, 54], "uv_size": [4.25, 2.5]},
								"east": {"uv": [54, 50], "uv_size": [4.25, 2.5]},
								"south": {"uv": [28, 55], "uv_size": [4.25, 2.5]},
								"west": {"uv": [33, 55], "uv_size": [4.25, 2.5]},
								"up": {"uv": [2, 48], "uv_size": [4.25, 4.25]},
								"down": {"uv": [7, 53.25], "uv_size": [4.25, -4.25]}
							}
						},
						{
							"origin": [-4, 6, -2],
							"size": [3, 6, 4],
							"inflate": 0.5,
							"uv": {
								"north": {"uv": [32, 36], "uv_size": [3.5, 6]},
								"east": {"uv": [24, 47], "uv_size": [-4, 6]},
								"south": {"uv": [45, 0], "uv_size": [-8, 6]},
								"west": {"uv": [48.75, 24.25], "uv_size": [-0.25, 0.5]},
								"up": {"uv": [53, 18], "uv_size": [-8, 4]},
								"down": {"uv": [45, 26], "uv_size": [3.75, -4]}
							}
						}
					]
				},
				{
					"name": "leftPerna",
					"parent": "Corpo",
					"pivot": [1.9, 12, 0],
					"cubes": [
						{
							"origin": [-0.1, 0, -2],
							"size": [4, 12, 4],
							"uv": {
								"north": {"uv": [33, 24], "uv_size": [4, 12]},
								"east": {"uv": [20, 35], "uv_size": [4, 12]},
								"south": {"uv": [24, 35], "uv_size": [4, 12]},
								"west": {"uv": [28, 36], "uv_size": [4, 12]},
								"up": {"uv": [20, 53], "uv_size": [4, 4]},
								"down": {"uv": [53, 26], "uv_size": [4, -4]}
							}
						},
						{
							"origin": [-0.24, -0.1, -2.12],
							"size": [4.24, 2.6, 4.24],
							"uv": {
								"north": {"uv": [38, 55], "uv_size": [4.25, 2.5]},
								"east": {"uv": [55, 46], "uv_size": [4.25, 2.5]},
								"south": {"uv": [43, 56], "uv_size": [4.25, 2.5]},
								"west": {"uv": [48, 56], "uv_size": [4.25, 2.5]},
								"up": {"uv": [28, 50], "uv_size": [4.25, 4.25]},
								"down": {"uv": [33, 54.25], "uv_size": [4.25, -4.25]}
							}
						},
						{
							"origin": [0, 6, -2],
							"size": [4, 6, 4],
							"inflate": 0.5,
							"uv": {
								"north": {"uv": [35.5, 36], "uv_size": [4.5, 6]},
								"east": {"uv": [48.75, 24.25], "uv_size": [-0.25, 0.5]},
								"south": {"uv": [37, 0], "uv_size": [8, 6]},
								"west": {"uv": [20, 47], "uv_size": [4, 6]},
								"up": {"uv": [45, 18], "uv_size": [8, 4]},
								"down": {"uv": [48.75, 26], "uv_size": [-3.75, -4]}
							}
						}
					]
				},
				{
					"name": "Bainhas",
					"parent": "Corpo",
					"pivot": [4.5757, 11.90858, -0.62122],
					"cubes": [
						{
							"origin": [13.48054, 12.29019, -30.41362],
							"size": [0.72694, 1.64515, 0.93892],
							"pivot": [9.07985, 0.70324, -4.94519],
							"rotation": [-164.9453, -4.8292, 178.7028],
							"uv": {
								"north": {"uv": [2, 59], "uv_size": [0.75, 1.75]},
								"east": {"uv": [39, 33], "uv_size": [1, 1.75]},
								"south": {"uv": [3, 59], "uv_size": [0.75, 1.75]},
								"west": {"uv": [45, 26], "uv_size": [1, 1.75]},
								"up": {"uv": [17, 25], "uv_size": [0.75, 1]},
								"down": {"uv": [28, 36], "uv_size": [0.75, -1]}
							}
						},
						{
							"origin": [13.49452, 12.32183, -29.87633],
							"size": [0.69898, 1.58187, 30.86435],
							"pivot": [9.07985, 0.70324, -4.94519],
							"rotation": [-164.9453, -4.8292, 178.7028],
							"uv": {
								"north": {"uv": [47, 59], "uv_size": [0.75, 1.5]},
								"east": {"uv": [37, 6], "uv_size": [30.75, 1.5]},
								"south": {"uv": [48, 59], "uv_size": [0.75, 1.5]},
								"west": {"uv": [37, 8], "uv_size": [30.75, 1.5]},
								"up": {"uv": [24, 47], "uv_size": [0.75, 30.75]},
								"down": {"uv": [25, 77.75], "uv_size": [0.75, -30.75]}
							}
						},
						{
							"origin": [13.39889, 11.65671, -31.19833],
							"size": [0.72694, 1.64515, 0.93892],
							"pivot": [8.9982, 1.06976, -5.7299],
							"rotation": [-162.0219, -11.7464, 175.7717],
							"uv": {
								"north": {"uv": [4, 59], "uv_size": [0.75, 1.75]},
								"east": {"uv": [11, 54], "uv_size": [1, 1.75]},
								"south": {"uv": [5, 59], "uv_size": [0.75, 1.75]},
								"west": {"uv": [38, 58], "uv_size": [1, 1.75]},
								"up": {"uv": [39, 35], "uv_size": [0.75, 1]},
								"down": {"uv": [7, 49], "uv_size": [0.75, -1]}
							}
						},
						{
							"origin": [13.41287, 11.68835, -30.66104],
							"size": [0.69898, 1.58187, 30.86435],
							"pivot": [8.9982, 1.06976, -5.7299],
							"rotation": [-162.0219, -11.7464, 175.7717],
							"uv": {
								"north": {"uv": [49, 59], "uv_size": [0.75, 1.5]},
								"east": {"uv": [37, 10], "uv_size": [30.75, 1.5]},
								"south": {"uv": [59, 49], "uv_size": [0.75, 1.5]},
								"west": {"uv": [37, 12], "uv_size": [30.75, 1.5]},
								"up": {"uv": [26, 47], "uv_size": [0.75, 30.75]},
								"down": {"uv": [27, 77.75], "uv_size": [0.75, -30.75]}
							}
						},
						{
							"origin": [13.65617, 13.45712, -30.87201],
							"size": [0.72694, 1.64515, 0.93892],
							"pivot": [9.25548, 0.87017, -5.40358],
							"rotation": [-162.4108, 0.1607, 179.6022],
							"uv": {
								"north": {"uv": [6, 59], "uv_size": [0.75, 1.75]},
								"east": {"uv": [39, 58], "uv_size": [1, 1.75]},
								"south": {"uv": [7, 59], "uv_size": [0.75, 1.75]},
								"west": {"uv": [40, 58], "uv_size": [1, 1.75]},
								"up": {"uv": [6, 53], "uv_size": [0.75, 1]},
								"down": {"uv": [49, 54], "uv_size": [0.75, -1]}
							}
						},
						{
							"origin": [13.67015, 13.48876, -30.33472],
							"size": [0.69898, 1.58187, 30.86435],
							"pivot": [9.25548, 0.87017, -5.40358],
							"rotation": [-162.4108, 0.1607, 179.6022],
							"uv": {
								"north": {"uv": [50, 59], "uv_size": [0.75, 1.5]},
								"east": {"uv": [37, 14], "uv_size": [30.75, 1.5]},
								"south": {"uv": [51, 59], "uv_size": [0.75, 1.5]},
								"west": {"uv": [37, 16], "uv_size": [30.75, 1.5]},
								"up": {"uv": [0, 48], "uv_size": [0.75, 30.75]},
								"down": {"uv": [1, 78.75], "uv_size": [0.75, -30.75]}
							}
						}
					]
				}
			]
		}
	]
}