{
  "format_version": "1.10.0",
  "minecraft:client_entity": {
    "description": {
      "identifier": "stk:goku",
      "textures": {
        "default": "textures/entity/goku_base"
      },
      "materials": {
        "default": "skeleton"
      },
      "geometry": {
        "default": "geometry.goku_base",
        "mlocator":"geometry.dbz_locators"
      },
      "particle_effects":{
      "flashb":"stk:flashb",
      "flashb2":"stk:flashb2",
      "flashb3":"stk:flashb3",
      "cene":"stk:cene",
      "mp":"stk:mb",
      "mp_2":"stk:mb_2",
      "mp2":"stk:mb2",
      "mp2_2":"stk:mb2_2",
      "mp3":"stk:mb3",
      "mp3_2":"stk:mb3_2",
      "red1":"stk:red1",
      "red1_2":"stk:red1_2",
      "red1_3":"stk:red1_3",
      "red2":"stk:red2",
      "red2_4":"stk:red2_4",
      "rglint": "stk:rglint",
      "charge":"stk:charges",
      "bcharges":"stk:bcharges",
      "bcharges2":"stk:bcharges2",
      "bcharges3":"stk:bcharges3",
      "yow":"stk:yow",
      "p_red2":"stk:p_red2",
      "p_red1":"stk:p_red1",
      "p_blue2":"stk:p_blue2",
      "p_blue1":"stk:p_blue1",
      "ppurple1": "stk:ppurple1",
      "ppurple2": "stk:ppurple2",
      "ppurple3": "stk:ppurple3",
      "purple200_1": "stk:purple200_1",
      "purple200_2": "stk:purple200_2",
      "purple200_3": "stk:purple200_3",
      "purple4": "stk:purple4",
      "purpleaka": "stk:purpleaka",
      "pglint":"stk:pglint",
      "aura":"stk:aura",
      "aura2":"stk:aura2",
      "aura3":"stk:aura3",
      "aura4":"stk:aura4",
      "impact":"stk:impact",
      "impact2":"stk:impact2",
      "aurassj":"stk:aurassj",
      "aurassj2":"stk:aurassj2",
      "dash":"stk:dash",
      "airdash":"stk:airdash",
      "supernova":"stk:supernova",
      "sglint":"stk:sglint",
      "sglint2":"stk:sglint2",
      "charging":"stk:charging",
      "ssjt":"stk:ssjt",
      "ssjt_2":"stk:ssjt_2",
      "ssjt_3":"stk:ssjt_3",
      "ssjt_4":"stk:ssjt_4",
      "gdama":"stk:gdama",
      "gdama2":"stk:gdama2",
      "gdama3":"stk:gdama3",
      "gdama4":"stk:gdama4",
      "punch":"stk:punch",
      "punch2":"stk:punch2",
      "trhows1":"stk:throws1",
      "gmeteor_charge":"stk:gmeteor_charge",
"gmeteor_charge2":"stk:gmeteor_charge2",
"brolyba":"stk:brolyba",
"brolycharge":"stk:brolycharge",
"brolyslash":"stk:brolyslash",
"brolystar":"stk:brolystar",
"trhows2":"stk:trhows2",
"charging_skill":"stk:charging_skill",
"stonefly":"stk:stonefly",
"ssjtrace":"stk:ssjtrace",
"ssjexp":"stk:ssjexp",
"pms5":"stk:pms5",
"dirtfly":"stk:dirtfly",
"dirtexp":"stk:dirtexp",
"n1slash":"stk:n1slash",
"teleport_trace":"stk:teleport_trace",
"ve_lami":"stk:ve_lami",
"ve_glint":"stk:ve_glint",
"orange_n1slash": "stk:orange_n1slash",
"kame_charge":"stk:kame_charge",
"kame_charge2":"stk:kame_charge2",
"kame_charge3":"stk:kame_charge3",
"kame_charge4":"stk:kame_charge4",
"kame":"stk:kame",
"kameba":"stk:kameba",
"pms_kame":"stk:pms_kame",
"galick_charge":"stk:galick_charge",
"galick_charge4":"stk:galick_charge4",
"galick":"stk:galick",
"galickba":"stk:galickba",
"pms_galick":"stk:pms_galick",
"ui":"stk:ui",
"ui2":"stk:ui2",
"kienzan":"stk:kienzan",
"masenko1":"rubi:masenko1",
"masenko1_3":"rubi:masenko1_3",
"masenko1_4":"rubi:masenko1_4",
"masen":"stk:masen",
"pms_masen":"stk:pms_masen",
"screambeam1":"stk:screambeam1",
"screambeam1_3":"stk:screambeam1_3",
"screambeam1_4":"stk:screambeam1_4",
"screambeam":"stk:screambeam",
"pms_screambeam":"stk:pms_screambeam",
"supernova1_1":"stk:supernova1_1",
"orangeball":"stk:orangeball",
"low_n1slash":"stk:low_n1slash"
},
      "render_controllers": [
        "controller.render.translucence",
        "controller.render.mlocator"
      ],
      "spawn_egg": {
        "texture": "zegg",
        "texture_index": 0
      },
      "animations": {
        "all": "controller.animation.player",
        "run": "animation.player.run",
        "walk": "animation.freeza.new",
        "jump": "animation.player.jump",
        "sneak": "animation.m.aura",
        "runjump": "animation.player.dash",
        "stop": "animation.goku.stop",
        "playeratk": "animation.player.attack1",
        "player2": "animation.player.attack2",
        "player3": "animation.player.attack3",
        "player4": "animation.player.attack4",
        
        "dash": "animation.m.dragon_dash"
      },
      "scripts": {
        "animate": [
          "all"
        ]
      }
    }
  }
}