{
  "format_version": "1.10.0",
  "minecraft:client_entity": {
    "description": { "identifier": "stk:kienzan",
      "materials": {
        "default": "entity_alphatest"
      },
      "textures": {
        "default": "textures/entity/steve"
      },
      "geometry": {
        "player": "geometry.locator"
      },
      "particle_effects":{
    "kienzan": "stk:kienzan"
      },
      "animations": {
        "move": "animation.locator.kienzan"
      },
      "scripts": {
        "pre_animation": [
          "variable.shake = query.shake_time - query.frame_alpha;",
          "variable.shake_power = variable.shake > 0.0 ? -Math.sin(variable.shake * 200.0) * variable.shake : 0.0;"
        ],
        "animate": [
          "move"
        ]
      },
      "render_controllers": [ "controller.render.player"]
    }
  }
}