{
  "format_version": "1.10.0",
  "minecraft:client_entity": {
    "description": {
      "identifier": "minecraft:player",
      "materials": {
        "default": "entity_alphatest",
        "cape": "entity_alphatest",
        "animated": "player_animated",
        "spectator": "player_spectator",
        "out":"haki"
      },
      "textures": {
        "default": "textures/ui/nada",
        "player": "textures/ui/nada",
        "cape": "textures/entity/cape_invisible",
        "mp": "textures/armas/mp",
        "red": "textures/cor/red",
        "blue": "textures/cor/blue",
        "mugen": "textures/cor/mugen",
        "m": "textures/player/m",
"m2": "textures/player/m2",
"m3": "textures/player/m3",

"arcosian":"textures/player/freeza_final",
"arcosian1":"textures/player/kuriza_final",
"arcosian2":"textures/player/cooler",
"arcosian3":"textures/player/frost",
"arcosian4":"textures/player/chilled",

"namek":"textures/player/namekujin_1",
"namek1":"textures/player/namekujin_2",
"namek2":"textures/player/namekujin_3",


"black": "textures/cor/black",
"yellow": "textures/cor/yellow",
"purple": "textures/cor/purple",
 
 
 
 "gokub": "textures/roupa/gb_camisa",
 "gokubl": "textures/roupa/gb_calca",
 "goku": "textures/roupa/goku",
 "bgoku": "textures/roupa/bgoku",
 "gohan": "textures/roupa/gohan_clothes",
 "trunks": "textures/roupa/trunks_clothes",
 "goten": "textures/roupa/kid_goten_clothes",
 "ktrunks": "textures/roupa/kid_trunks_clothes",
 "mtrunks": "textures/roupa/mirai_trunks_camisa",
 "strong": "textures/roupa/strong_clothes",
 "vegeta": "textures/roupa/vegeta_clothes",
 "gogeta": "textures/roupa/dance_fusion",
 "mvegeta": "textures/roupa/mvegeta_clothes",
 "ryp":"textures/roupa/ryp",
 

"ssj1": "textures/hair/goku_ssj1",
"ssj2": "textures/hair/goku_ssj2",
"gohan_ssj2": "textures/hair/gohan_ssj2",
"trunks_ssj2": "textures/hair/trunks_ssj2",
"trunks_ssj": "textures/hair/trunks_ssj", "vegeta_ssj": "textures/hair/vegeta_ssj",
"vegeta_ssj2": "textures/hair/vegeta_ssj2",
"gohan_ssj": "textures/hair/gohan_ssj",
"gohan_ssjf": "textures/hair/gohan_ssj1f",
"a17_ssj": "textures/hair/17_ssj",
"a17_ssjf": "textures/hair/17_ssj",
"lssj": "textures/hair/goku_ssjl",
"gohan_lssj": "textures/hair/gohan_ssjl",
"a17_lssj": "textures/hair/17_ssjl",
"trunks_lssj": "textures/hair/trunks_ssjl", "vegeta_lssj": "textures/hair/vegeta_ssjl",
"gohan_ssjg": "textures/hair/gohan_ssjg",
"a17_ssjg": "textures/hair/17_ssjg",
"trunks_ssjg": "textures/hair/trunks_ssjg", "vegeta_ssjg": "textures/hair/vegeta_ssjg",
"gohan_ssjr": "textures/hair/gohan_ssjr",
"a17_ssjr": "textures/hair/17_ssjr",
"gohan_ssjb": "textures/hair/gohan_ssjb",
"a17_ssjb": "textures/hair/17_blue",
"gohan_ssj4": "textures/hair/gohan_ssj4",
"a17_ssj4": "textures/hair/17ssj4",
"trunks_ssj4": "textures/hair/trunksssj4", "vegeta_ssj4": "textures/hair/vegetassj4",
"ssj3":"textures/hair/goku_ssj3",
"a17_ssj3":"textures/hair/17_ssj3",
"gohan_ssj3":"textures/hair/gohan_ssj3",
"vegeta_ssj3":"textures/hair/vegeta_ssj3",
"trunks_ssj3": "textures/hair/trunks_ssj3",

"ssj4": "textures/hair/goku_ssj4",
 
 "hair1": "textures/hair/hair1",
 "ssj1f": "textures/hair/goku_ssj1f",
"trunks_ssjf": "textures/hair/trunks_ssjf", 
"vegeta_ssjf": "textures/hair/vegeta_ssjf",
 "hair2": "textures/hair/gohan_hair",
 "hair3": "textures/hair/trunks_hair",      "hair4": "textures/hair/17_hair",
 "hair5": "textures/hair/vegeta_hair",
 "hair6": "textures/hair/gogeta_hair",
 "hair7": "textures/hair/teengohan_hair",
 "hair8": "textures/hair/goten_hair",
 
 "teengohan_ssj": "textures/hair/teengohan_ssj",
"teengohan_ssjf": "textures/hair/teengohan_ssjf",
"teengohan_ssj2": "textures/hair/teengohan_ssj2",
 
 "gogeta_ssj": "textures/hair/gogeta_ssj",
 
 "cauda": "textures/hair/cauda_sayajin",
 "caudassj": "textures/hair/cauda_ssjf",
 "caudassjg": "textures/hair/cauda_god",
 "caudassjb": "textures/hair/cauda_blue",
 "caudassjr": "textures/hair/cauda_rose",
 "caudalssj": "textures/hair/cauda_ssjl",
 
 "majin":"textures/hair/majin",
 
 "oozaru": "textures/hair/oozaru_base",
 "ssjb": "textures/hair/goku_ssjb",
 "trunks_ssjb": "textures/hair/trunks_ssjb",
"vegeta_ssjb": "textures/hair/vegeta_ssjb",
 "ssjr": "textures/hair/goku_ssjr",
 "trunks_ssjr": "textures/hair/trunks_ssjr",
"vegeta_ssjr": "textures/hair/vegeta_ssjr",
 
"kifoice": "textures/armas/ki_foice",
 
 "ssjg": "textures/hair/goku_ssjgod",
 "goku_mui":"textures/hair/goku_mui",
 "vegeta_ue":"textures/hair/vegeta_ue",
 
 
 "msword":"textures/armas/mirai_sword",
 
"armor":"textures/armor/armadura_sayajin0_1",
"armor2":"textures/armor/armadura_sayajin0_2",
"armor3":"textures/armor/armadura_sayajin0_3", 
"armor4":"textures/armor/armadura_sayajin1", "armor5":"textures/armor/armadura_sayajin1_2", "armor6":"textures/armor/armadura_sayajin1_3",

"armorarco":"textures/armor/lord_arcosian_armor"
      },
      "geometry": {
    "default": "geometry.humanoid.custom",
    "player": "geometry.m",
        "cape": "geometry.cape",
        "mp":"geometry.mp",
        "m":"geometry.m",
        "mm":"geometry.muscles",
        "outline":"geometry.out",
        "outline2":"geometry.out2",
        "gokubl":"geometry.gb_calca",
        "gokub":"geometry.gb_camisa",
        "goku":"geometry.goku_camisa",
        "gokul":"geometry.goku_calca",
        "hair1":"geometry.goku_hair",
        "hair2":"geometry.gohan_hair",
        "hair3":"geometry.trunks_hair",
        "hair4":"geometry.17_hair",
        "hair5":"geometry.vegeta_hair",
        "hair6":"geometry.gogeta_hair",
        "ssj1":"geometry.goku_ssj1",
        "ssj4":"geometry.goku_ssj4",
        "gohan_ssj4": "geometry.gohanssj4",
        "a17_ssj4": "geometry.17ssj4",
        "trunks_ssj4": "geometry.trunksssj4",         "vegeta_ssj4": "geometry.vegetassj4",
     "trunks_ssj":"geometry.trunks_ssj",
   "vegeta_ssj":"geometry.vegeta_ssj",
   "gogeta_ssj":"geometry.gogetassj_hair",
        "gohan":"geometry.gohan_camisa",
        "gohanl":"geometry.gohan_calca",
        "gohan_ssj":"geometry.gohan_ssj",
       "trunks":"geometry.trunks_camisa",
        "trunksl":"geometry.trunks_calca",
       "strong":"geometry.strong_camisa",
        "strongl":"geometry.strong_calca",
       "vegeta":"geometry.vegeta_camisa",
       "mvegeta":"geometry.mvegeta_camisa",
        "vegetal":"geometry.vegeta_calca",
        "gogeta":"geometry.dance_fusion",
        "cauda": "geometry.cauda_sayajin",
        "caudassj": "geometry.cauda_ssjf",
        "oozaru": "geometry.oozaru_base",
        "oozaruout": "geometry.oozaru_out",
        "kifoice":"geometry.ki_foice",
        "mlocator":"geometry.dbz_locators",
        "ssj3":"geometry.goku_ssj3",
"a17_ssj3":"geometry.17_ssj3",
"gohan_ssj3":"geometry.gohan_ssj3",
"vegeta_ssj3":"geometry.vegeta_ssj3",
"trunks_ssj3":"geometry.trunks_ssj3",
"majin":"geometry.majin",
"ryp":"geometry.ryp_camisa",
"rypl":"geometry.ryp_calca",
"gohan_ssj2":"geometry.gohan_ssj2",
"ssj2":"geometry.goku_ssj2",
"trunks_ssj2":"geometry.trunks_ssj2",
"ssjg":"geometry.goku_ssjgod",
"vegeta_ssj2":"geometry.vegeta_ssj2",
"mtrunks": "geometry.mirai_trunks_camisa",
"ktrunks": "geometry.kid_trunks_camisa",
"goten": "geometry.kid_goten_camisa",
"ktrunksl": "geometry.kid_trunks_calca",
"gotenl": "geometry.kid_goten_calca",
"msword":"geometry.mirai_sword",
"msworde":"geometry.mirai_sworde",
"arcosian":"geometry.freeza_final",
"arcosian1":"geometry.kuriza_final",
"arcosian2":"geometry.cooler",
"arcosian3":"geometry.frost",
"arcosian4":"geometry.chilled",
"namek":"geometry.namekujin",
"armor":"geometry.armadura_sayajin0",
"armor1":"geometry.armadura_sayajin1",
"armor2":"geometry.armadura_sayajin2",
"armorarco":"geometry.lord_arcosian_armor",
"hair7":"geometry.teengohan_hair",
"hair8":"geometry.goten_hair",
"teengohan_ssj":"geometry.teengohan_ssj",
"teengohan_ssj2":"geometry.teengohan_ssj2"
      },
      "particle_effects":{
      "flashb":"stk:flashb",
      "flashb2":"stk:flashb2",
      "flashb3":"stk:flashb3",
      "cene":"stk:cene",
      "mp":"stk:mb",
      "mp_2":"stk:mb_2",
      "mp2":"stk:mb2",
      "mp2_2":"stk:mb2_2",
      "mp3":"stk:mb3",
      "mp3_2":"stk:mb3_2",
      "red1":"stk:red1",
      "red1_2":"stk:red1_2",
      "red1_3":"stk:red1_3",
      "red2":"stk:red2",
      "red2_4":"stk:red2_4",
      "rglint": "stk:rglint",
      "charge":"stk:charges",
      "bcharges":"stk:bcharges",
      "bcharges2":"stk:bcharges2",
      "bcharges3":"stk:bcharges3",
      "yow":"stk:yow",
      "p_red2":"stk:p_red2",
      "p_red1":"stk:p_red1",
      "p_blue2":"stk:p_blue2",
      "p_blue1":"stk:p_blue1",
      "ppurple1": "stk:ppurple1",
      "ppurple2": "stk:ppurple2",
      "ppurple3": "stk:ppurple3",
      "purple200_1": "stk:purple200_1",
      "purple200_2": "stk:purple200_2",
      "purple200_3": "stk:purple200_3",
      "purple4": "stk:purple4",
      "purpleaka": "stk:purpleaka",
      "pglint":"stk:pglint",
      "aura":"stk:aura",
      "aura2":"stk:aura2",
      "aura3":"stk:aura3",
      "aura4":"stk:aura4",
      "impact":"stk:impact",
      "impact2":"stk:impact2",
      "aurassj":"stk:aurassj",
      "aurassj2":"stk:aurassj2",
      "dash":"stk:dash",
      "airdash":"stk:airdash",
      "supernova":"stk:supernova",
      "sglint":"stk:sglint",
      "sglint2":"stk:sglint2",
      "charging":"stk:charging",
      "ssjt":"stk:ssjt",
      "ssjt_2":"stk:ssjt_2",
      "ssjt_3":"stk:ssjt_3",
      "ssjt_4":"stk:ssjt_4",
      "gdama":"stk:gdama",
      "gdama2":"stk:gdama2",
      "gdama3":"stk:gdama3",
      "gdama4":"stk:gdama4",
      "punch":"stk:punch",
      "punch2":"stk:punch2",
      "trhows1":"stk:throws1",
      "gmeteor_charge":"stk:gmeteor_charge",
"gmeteor_charge2":"stk:gmeteor_charge2",
"brolyba":"stk:brolyba",
"brolycharge":"stk:brolycharge",
"brolyslash":"stk:brolyslash",
"brolystar":"stk:brolystar",
"trhows2":"stk:trhows2",
"charging_skill":"stk:charging_skill",
"stonefly":"stk:stonefly",
"ssjtrace":"stk:ssjtrace",
"ssjexp":"stk:ssjexp",
"pms5":"stk:pms5",
"dirtfly":"stk:dirtfly",
"dirtexp":"stk:dirtexp",
"n1slash":"stk:n1slash",
"teleport_trace":"stk:teleport_trace",
"ve_lami":"stk:ve_lami",
"ve_glint":"stk:ve_glint",
"orange_n1slash": "stk:orange_n1slash",
"kame_charge":"stk:kame_charge",
"kame_charge2":"stk:kame_charge2",
"kame_charge3":"stk:kame_charge3",
"kame_charge4":"stk:kame_charge4",
"kame":"stk:kame",
"kameba":"stk:kameba",
"pms_kame":"stk:pms_kame",
"galick_charge":"stk:galick_charge",
"galick_charge4":"stk:galick_charge4",
"galick":"stk:galick",
"galickba":"stk:galickba",
"pms_galick":"stk:pms_galick",
"ui":"stk:ui",
"ui2":"stk:ui2",
"kienzan":"stk:kienzan",
"masenko1":"rubi:masenko1",
"masenko1_3":"rubi:masenko1_3",
"masenko1_4":"rubi:masenko1_4",
"masen":"stk:masen",
"pms_masen":"stk:pms_masen",
"screambeam1":"stk:screambeam1",
"screambeam1_3":"stk:screambeam1_3",
"screambeam1_4":"stk:screambeam1_4",
"screambeam":"stk:screambeam",
"pms_screambeam":"stk:pms_screambeam",
"supernova1_1":"stk:supernova1_1",
"orangeball":"stk:orangeball",
"low_n1slash":"stk:low_n1slash",
"ind":"stk:ind",
"ssjlglint":"stk:ssjlglint"
      },
      "sound_effects":{
          "vegetto_rush":"vegetto_rush",
          "ereaser_cannon":"ereaser_cannon",
          "ssj_transform":"ssj_transform",
          "vegetto_ki_blade":"vegetto_ki_blade",
          "ssjl_transform":"ssjl_transform"
      },
      
      "scripts": {
        "scale": "0.9375",
        "initialize": [
          "variable.is_holding_right = 0.0;",
          "variable.is_blinking = 0.0;",
          "variable.last_blink_time = 0.0;",
          "variable.hand_bob = 0.0;"
        ],
        "pre_animation": [
          "variable.helmet_layer_visible = 1.0;",
          "variable.leg_layer_visible = 1.0;",
          "variable.boot_layer_visible = 1.0;",
          "variable.chest_layer_visible = 1.0;",
          "variable.attack_body_rot_y = Math.sin(360*Math.sqrt(variable.attack_time)) * 5.0;",
          "variable.tcos0 = (math.cos(query.modified_distance_moved * 38.17) * query.modified_move_speed / variable.gliding_speed_value) * 57.3;",
          "variable.first_person_rotation_factor = math.sin((1 - variable.attack_time) * 180.0);",
          "variable.hand_bob = query.life_time < 0.01 ? 0.0 : variable.hand_bob + ((query.is_on_ground && query.is_alive ? math.clamp(math.sqrt(math.pow(query.position_delta(0), 2.0) + math.pow(query.position_delta(2), 2.0)), 0.0, 0.1) : 0.0) - variable.hand_bob) * 0.02;",

          "variable.map_angle = math.clamp(1 - variable.player_x_rotation / 45.1, 0.0, 1.0);",
          "variable.item_use_normalized = query.main_hand_item_use_duration / query.main_hand_item_max_duration;",
          "variable.randomfour = math.round(math.random(0,3));"
        ],
        "animate": [
            "cauda",
          { "player": "(query.property('property:anim') != 1) && query.get_equipped_item_name != 'gokuf' && query.get_equipped_item_name != 'vegettof' && query.get_equipped_item_name != 'kifoice' && query.get_equipped_item_name != 'msword' && (query.property('property:trans') == 0)" },
          { "cene": "(query.property('property:anim') != 1) && query.get_equipped_item_name == 'a'" },
          { "mp": "(query.property('property:anim') != 1) && (query.property('property:spec') == 1)" },
           { "look_at_target": "(query.property('property:anim') != 1) && query.get_equipped_item_name != 'kifoice' && query.get_equipped_item_name != 'vegettof' && query.get_equipped_item_name != 'msword' && query.get_equipped_item_name != 'gokuf' && (query.property('property:spec') == 0)" },
           { "ssj": "(query.property('property:anim') != 1) && query.get_equipped_item_name != 'gokuf' && query.get_equipped_item_name != 'vegettof' && query.get_equipped_item_name != 'kifoice' && query.get_equipped_item_name != 'msword' && (query.property('property:trans') != 0) && (query.property('property:trans') != 3)" },
           { "oozaru": "(query.property('property:anim') != 1) && (query.property('property:trans') == 3)" },
             { "dash": "(query.property('property:bah') == 1)" },
             { "gokuf": "query.get_equipped_item_name == 'gokuf' && (query.property('property:anim') != 1)"},
             { "vegettof": "query.get_equipped_item_name == 'vegettof' && (query.property('property:anim') != 1)"},
             { "gokubf": "query.get_equipped_item_name == 'kifoice' && (query.property('property:anim') != 1)"},
             { "ui": "(query.property('property:tech') == 4)"},
             { "msword": "(query.property('property:anim') != 1)"},
             { "sheath1": "(query.property('property:anim') != 1)"},
             { "meditar": "query.get_equipped_item_name == 'meditation'"}
           
        ]
      },
      "animations": {
          "player": "controller.animation.player",
        "run": "animation.player.run",
        "walk": "animation.player.walk",
        "jump": "animation.player.jump",
        "sneak": "animation.m.aura",
        "runjump": "animation.player.dash",
        "stop": "animation.player.stop",
        "playeratk": "animation.player.attack1",
        "player2": "animation.player.attack2",
        "player3": "animation.player.attack3",
        "player4": "animation.player.attack4",
        
        "dash": "animation.m.dragon_dash",
          
          
          
        "cauda":"controller.animation.cauda",
        "caudarun": "animation.cauda_sayajin.run",
        "caudawalk": "animation.cauda_sayajin.walk",
        "caudajump": "animation.cauda_sayajin.jump",
        "caudasneak": "animation.cauda_sayajin.sneaking",
        "caudarunjump": "animation.cauda_sayajin.dash",
        "caudastop": "animation.cauda_sayajin.stop",
        "caudaatk": "animation.cauda_sayajin.attack1",
        "cauda2": "animation.cauda_sayajin.attack2",
        "cauda3": "animation.cauda_sayajin.attack3",
        "cauda4": "animation.cauda_sayajin.attack4",
        
        
        "ui":"animation.ui",
        
        "meditar":"animation.dbz.meditar",
        
        "ssj": "controller.animation.ssj1",
        "ssjsneak": "animation.m.aurassj",
        
        
        
        
        "oozaru": "controller.animation.oozaru",
        "oozarurun": "animation.oozaru.run",
        "oozaruwalk": "animation.oozaru.walk",
        "oozarujump": "animation.oozaru.jump",
        "oozarusneak": "animation.oozaru.sneaking",
        "oozarurunjump": "animation.oozaru.dash",
        "oozarustop": "animation.oozaru.stop",
        "oozaruatk": "animation.cauda_sayajin.attack1",
        "oozaru2": "animation.cauda_sayajin.attack2",
        "oozaru3": "animation.cauda_sayajin.attack3",
        "oozaru4": "animation.cauda_sayajin.attack4",
        
        "gokuf": "controller.animation.gokuf",
        "gokufstop": "animation.goku.stop",
        "gokufatk": "animation.goku.attack1",
        "gokuf2": "animation.goku.attack2",
        "gokuf3": "animation.goku.attack3",
        "gokuf4": "animation.goku.attack4",
        
        
        "vegettof": "controller.animation.vegettof",
        "vegettofstop": "animation.vegetto.stop",
        "vegettofatk": "animation.vegetto.attack1",
        "vegettof2": "animation.vegetto.attack2",
        "vegettof3": "animation.vegetto.attack3",
        "vegettof4": "animation.vegetto.attack4",
        
        "gokubf": "controller.animation.gokubf",
        "gokubfstop": "animation.black.stop",
        "gokubfatk": "animation.black.attack1",
        "gokubf2": "animation.black.attack2",
        "gokubf3": "animation.black.attack3",
        "gokubf4": "animation.black.attack4",
        
        
        "msword": "controller.animation.msword",
        "mswordstop": "animation.mirai_sword.stop",
        "mswordatk": "animation.mirai_sword.attack1",
        "msword2": "animation.mirai_sword.attack2",
        "msword3": "animation.mirai_sword.attack3",
        "msword4": "animation.mirai_sword.attack4",
        "unsheath": "animation.mirai_sword.desembanhar",
        "sheath1": "controller.animation.sheath",
        "sheath": "animation.mirai_sword.embanhar",
        
        
        
        
        
        
        
        
        "root": "controller.animation.player.root",
        "base_controller": "controller.animation.player.base",
        "hudplayer": "controller.animation.player.hudplayer",
        "humanoid_base_pose": "animation.humanoid.base_pose",
        "look_at_target": "controller.animation.humanoid.look_at_target",
        "look_at_target_ui": "animation.player.look_at_target.ui",
        "look_at_target_default": "animation.humanoid.look_at_target.default",
        "look_at_target_gliding": "animation.humanoid.look_at_target.gliding",
        "look_at_target_swimming": "animation.humanoid.look_at_target.swimming",
        "look_at_target_inverted": "animation.player.look_at_target.inverted",
        "cape": "animation.player.cape",
        "move.arms": "animation.player.move.arms",
        "move.legs": "animation.player.move.legs",
        "swimming": "animation.player.swim",
        "swimming.legs": "animation.player.swim.legs",
        "crawling": "animation.player.crawl",
        "crawling.legs": "animation.player.crawl.legs",
        "riding.arms": "animation.player.riding.arms",
        "riding.legs": "animation.player.riding.legs",
        "holding": "animation.player.holding",
        "brandish_spear": "animation.humanoid.brandish_spear",
        "holding_spyglass": "animation.humanoid.holding_spyglass",
        "charging": "animation.humanoid.charging",
        "attack.positions": "animation.player.attack.positions",
        "attack.rotations": "animation.player.attack.rotations",
        "sneaking": "animation.player.sneaking",
        "bob": "animation.player.bob",
        "damage_nearby_mobs": "animation.humanoid.damage_nearby_mobs",
        "bow_and_arrow": "animation.humanoid.bow_and_arrow",
        "use_item_progress": "animation.humanoid.use_item_progress",
        "skeleton_attack": "animation.skeleton.attack",
        "sleeping": "animation.player.sleeping",
        "first_person_base_pose": "animation.player.first_person.base_pose",
        "first_person_empty_hand": "animation.player.first_person.empty_hand",
        "first_person_swap_item": "animation.player.first_person.swap_item",
        "first_person_shield_block": "animation.player.first_person.shield_block",
        "first_person_attack_controller": "controller.animation.player.first_person_attack",
        "first_person_attack_rotation": "animation.player.first_person.attack_rotation",
        "first_person_vr_attack_rotation": "animation.player.first_person.vr_attack_rotation",
        "first_person_walk": "animation.player.first_person.walk",
        "first_person_map_controller": "controller.animation.player.first_person_map",
        "first_person_map_hold": "animation.player.first_person.map_hold",
        "first_person_map_hold_attack": "animation.player.first_person.map_hold_attack",
        "first_person_map_hold_off_hand": "animation.player.first_person.map_hold_off_hand",
        "first_person_map_hold_main_hand": "animation.player.first_person.map_hold_main_hand",
        "first_person_crossbow_equipped": "animation.player.first_person.crossbow_equipped",
        "third_person_crossbow_equipped": "animation.player.crossbow_equipped",
        "third_person_bow_equipped": "animation.player.bow_equipped",
        "crossbow_hold": "animation.player.crossbow_hold",
        "crossbow_controller": "controller.animation.player.crossbow",
        "shield_block_main_hand": "animation.player.shield_block_main_hand",
        "shield_block_off_hand": "animation.player.shield_block_off_hand",
        "blink": "controller.animation.persona.blink",
		    "tooting_goat_horn": "animation.humanoid.tooting_goat_horn",
		    "holding_brush": "animation.humanoid.holding_brush",
		    "brushing": "animation.humanoid.brushing"
      },
      "render_controllers": [
        { "controller.render.player.first_person_spectator": "variable.is_first_person && query.is_spectator" },
        { "controller.render.player.third_person_spectator": "(query.property('property:player') == 0) && !variable.is_first_person && !variable.map_face_icon && query.is_spectator" },
        { "controller.render.player.first_person": "(query.property('property:player') == 0) && variable.is_first_person && !query.is_spectator" },
        { "controller.render.player": "(query.property('property:player') == 0) && (query.property('property:spec') == 1) && !variable.is_first_person && !variable.map_face_icon && !query.is_spectator" },
         { "controller.render.mp": "!variable.map_face_icon && !query.is_spectator && (query.property('property:spec') == 1)" },
        { "controller.render.player.map": "variable.map_face_icon" },
        
        { "controller.render.red": "(query.property('property:skill') == 1) && !variable.map_face_icon && !query.is_spectator" 
        },
        { "controller.render.blue": "(query.property('property:skill') == 2) && !variable.map_face_icon && !query.is_spectator" 
        },
        { "controller.render.mugen": "(query.property('property:skill') == 3) && !variable.map_face_icon && !query.is_spectator" 
        },
        {
        "controller.render.m": "(query.property('property:player') == 0) && (query.property('property:raca') != 3) && (query.property('property:raca') != 4) && (query.property('property:trans') != 3)  && (query.property('property:trans') != 11) && !variable.is_first_person"
        },
        {
        "controller.render.m2": "(query.property('property:player') == 1) && (query.property('property:raca') != 3) && (query.property('property:raca') != 4) && (query.property('property:trans') != 3)  && (query.property('property:trans') != 11) && !variable.is_first_person"
        },
        {
        "controller.render.m3": "(query.property('property:player') == 2) && (query.property('property:raca') != 3) && (query.property('property:raca') != 4) && (query.property('property:trans') != 3)  && (query.property('property:trans') != 11) && !variable.is_first_person"
        },
        {
        "controller.render.arcosian": "(query.property('property:player') == 0) && (query.property('property:raca') == 3) && (query.property('property:trans') != 3)  && (query.property('property:trans') != 11) && !variable.is_first_person"
        },
        {
        "controller.render.arcosian1": "(query.property('property:player') == 1) && (query.property('property:raca') == 3) && (query.property('property:trans') != 3)  && (query.property('property:trans') != 11) && !variable.is_first_person"
        },
        {
        "controller.render.arcosian2": "(query.property('property:player') == 2) && (query.property('property:raca') == 3) && (query.property('property:trans') != 3)  && (query.property('property:trans') != 11) && !variable.is_first_person"
        },
        {
        "controller.render.arcosian3": "(query.property('property:player') == 4) && (query.property('property:raca') == 3) && (query.property('property:trans') != 3)  && (query.property('property:trans') != 11) && !variable.is_first_person"
        },
        {
        "controller.render.arcosian4": "(query.property('property:player') == 5) && (query.property('property:raca') == 3) && (query.property('property:trans') != 3)  && (query.property('property:trans') != 11) && !variable.is_first_person"
        },
        {
        "controller.render.namek": "(query.property('property:player') == 0) && (query.property('property:raca') == 4) && (query.property('property:trans') != 3)  && (query.property('property:trans') != 11) && !variable.is_first_person"
        },
        {
        "controller.render.namek1": "(query.property('property:player') == 1) && (query.property('property:raca') == 4) && (query.property('property:trans') != 3)  && (query.property('property:trans') != 11) && !variable.is_first_person"
        },
        {
        "controller.render.namek2": "(query.property('property:player') == 2) && (query.property('property:raca') == 4) && (query.property('property:trans') != 3)  && (query.property('property:trans') != 11) && !variable.is_first_person"
        },
        {
        "controller.render.mm": "(query.property('property:player') == 0) && (query.property('property:trans') == 11) && !variable.is_first_person"
        },
        {
        "controller.render.mm2": "(query.property('property:player') == 1) && (query.property('property:trans') == 11) && !variable.is_first_person"
        },
        {
        "controller.render.mm3": "(query.property('property:player') == 2) && (query.property('property:trans') == 11) && !variable.is_first_person"
        },
        { "controller.render.black": "(query.property('property:player') != 10) && (query.property('property:trans') == 0) && !variable.map_face_icon && !query.is_spectator && !variable.is_first_person" 
        },
         { "controller.render.mugen": "(query.property('property:player') != 10) && (query.property('property:trans') == 0) && !variable.map_face_icon && !query.is_spectator && !variable.is_first_person" 
        },
        { "controller.render.yellow": "(query.property('property:player') != 10) && (query.property('property:trans') == 1) && !variable.map_face_icon && !query.is_spectator && !variable.is_first_person || (query.property('property:player') != 10) && (query.property('property:trans') == 2) && !variable.map_face_icon && !query.is_spectator && !variable.is_first_person" 
        },
        { "controller.render.purple": "(query.property('property:player') != 10) && (query.property('property:trans') == 4) && !variable.map_face_icon && !query.is_spectator && !variable.is_first_person || (query.property('property:trans') == 12) && !variable.map_face_icon && !query.is_spectator && !variable.is_first_person" 
        },
        { "controller.render.gokub": "(query.property('property:body') == 1) && (query.property('property:trans') != 3) && (query.property('property:trans') != 11) && (query.property('property:trans') != 7) && (query.property('property:bodyfuse') != 1) && !variable.map_face_icon && !query.is_spectator && !variable.is_first_person" 
        },
        { "controller.render.gokubl": "(query.property('property:leg') == 1) && (query.property('property:trans') != 3) && (query.property('property:bodyfuse') != 1) && !variable.map_face_icon && !query.is_spectator && !variable.is_first_person" 
        },
        { "controller.render.goku": "(query.property('property:body') == 0) && (query.property('property:trans') != 3) && (query.property('property:trans') != 11) && (query.property('property:trans') != 7) && (query.property('property:bodyfuse') != 1) && !variable.map_face_icon && !query.is_spectator && !variable.is_first_person" 
        },
        { "controller.render.gokul": "(query.property('property:leg') == 0) && (query.property('property:trans') != 3) && (query.property('property:bodyfuse') != 1) && !variable.map_face_icon && !query.is_spectator && !variable.is_first_person" 
        },
        { "controller.render.bgoku": "(query.property('property:body') == 9) && (query.property('property:trans') != 3) && (query.property('property:trans') != 11) && (query.property('property:trans') != 7) && (query.property('property:bodyfuse') != 1) && !variable.map_face_icon && !query.is_spectator && !variable.is_first_person" 
        },
        { "controller.render.bgokul": "(query.property('property:leg') == 8) && (query.property('property:trans') != 3) && (query.property('property:bodyfuse') != 1) && !variable.map_face_icon && !query.is_spectator && !variable.is_first_person" 
        },
        { "controller.render.gohan": "(query.property('property:body') == 2) && (query.property('property:trans') != 3) && (query.property('property:trans') != 11) && (query.property('property:trans') != 7) && (query.property('property:bodyfuse') != 1) && !variable.map_face_icon && !query.is_spectator && !variable.is_first_person" 
        },
        { "controller.render.gohanl": "(query.property('property:leg') == 2) && (query.property('property:trans') != 3) && (query.property('property:bodyfuse') != 1) && !variable.map_face_icon && !query.is_spectator && !variable.is_first_person" 
        },
        { "controller.render.trunks": "(query.property('property:body') == 3) && (query.property('property:trans') != 3) && (query.property('property:trans') != 11) && (query.property('property:trans') != 7) && (query.property('property:bodyfuse') != 1) && !variable.map_face_icon && !query.is_spectator && !variable.is_first_person" 
        },
        { "controller.render.mtrunks": "(query.property('property:body') == 10) && (query.property('property:trans') != 3) && (query.property('property:trans') != 11) && (query.property('property:trans') != 7) && (query.property('property:bodyfuse') != 1) && !variable.map_face_icon && !query.is_spectator && !variable.is_first_person" 
        },
        { "controller.render.ktrunks": "(query.property('property:body') == 12) && (query.property('property:trans') != 3) && (query.property('property:trans') != 11) && (query.property('property:trans') != 7) && (query.property('property:bodyfuse') != 1) && !variable.map_face_icon && !query.is_spectator && !variable.is_first_person" 
        },
        { "controller.render.goten": "(query.property('property:body') == 11) && (query.property('property:trans') != 3) && (query.property('property:trans') != 11) && (query.property('property:trans') != 7) && (query.property('property:bodyfuse') != 1) && !variable.map_face_icon && !query.is_spectator && !variable.is_first_person" 
        },
        { "controller.render.trunksl": "(query.property('property:leg') == 3) && (query.property('property:trans') != 3) && (query.property('property:bodyfuse') != 1) && !variable.map_face_icon && !query.is_spectator && !variable.is_first_person" 
        },
       { "controller.render.strong": "(query.property('property:body') == 4) && (query.property('property:trans') != 3) && (query.property('property:trans') != 11) && (query.property('property:trans') != 7) && (query.property('property:bodyfuse') != 1) && !variable.map_face_icon && !query.is_spectator && !variable.is_first_person" 
        },
        { "controller.render.strongl": "(query.property('property:leg') == 4) && (query.property('property:trans') != 3) && (query.property('property:bodyfuse') != 1) && !variable.map_face_icon && !query.is_spectator && !variable.is_first_person" 
        },
               { "controller.render.vegeta": "(query.property('property:body') == 5) && (query.property('property:trans') != 3) && (query.property('property:trans') != 11) && (query.property('property:trans') != 7) && (query.property('property:bodyfuse') != 1) && !variable.map_face_icon && !query.is_spectator && !variable.is_first_person" 
               },
               { "controller.render.mvegeta": "(query.property('property:body') == 7) && (query.property('property:trans') != 3) && (query.property('property:trans') != 11) && (query.property('property:trans') != 7) && (query.property('property:bodyfuse') != 1) && !variable.map_face_icon && !query.is_spectator && !variable.is_first_person" 
               },
               { "controller.render.ryp": "(query.property('property:body') == 8) && (query.property('property:trans') != 3) && (query.property('property:trans') != 11) && (query.property('property:trans') != 7) && (query.property('property:bodyfuse') != 1) && !variable.map_face_icon && !query.is_spectator && !variable.is_first_person" 
               },
               { "controller.render.rypl": "(query.property('property:leg') == 7) && (query.property('property:trans') != 3) && (query.property('property:bodyfuse') != 1) && !variable.map_face_icon && !query.is_spectator && !variable.is_first_person" 
               },
               { "controller.render.ktrunksl": "(query.property('property:leg') == 10) && (query.property('property:trans') != 3) && (query.property('property:bodyfuse') != 1) && !variable.map_face_icon && !query.is_spectator && !variable.is_first_person" 
               },
               { "controller.render.gotenl": "(query.property('property:leg') == 9) && (query.property('property:trans') != 3) && (query.property('property:bodyfuse') != 1) && !variable.map_face_icon && !query.is_spectator && !variable.is_first_person" 
        },
        { "controller.render.vegetal": "(query.property('property:leg') == 5) && (query.property('property:trans') != 3) && (query.property('property:bodyfuse') != 1) && !variable.map_face_icon && !query.is_spectator && !variable.is_first_person" 
        },
        { "controller.render.gogeta": "(query.property('property:bodyfuse') == 1) && (query.property('property:trans') != 3) && (query.property('property:trans') != 11) && (query.property('property:trans') != 7) && !variable.map_face_icon && !query.is_spectator && !variable.is_first_person" 
        },
        { "controller.render.hair1": "(query.property('property:hair') == 0) && (query.property('property:trans') == 0) && (query.property('property:tech') != 4) && !variable.map_face_icon && !query.is_spectator && !variable.is_first_person || (query.property('property:hair') == 0) && (query.property('property:trans') == 4) && !variable.map_face_icon && !query.is_spectator && !variable.is_first_person" 
        },
        { "controller.render.ssj1": "(query.property('property:trans') == 1) && (query.property('property:hair') == 0) && !variable.map_face_icon && !query.is_spectator && !variable.is_first_person" 
        },
        { "controller.render.ssj1f": "(query.property('property:trans') == 2) && (query.property('property:hair') == 0) && !variable.map_face_icon && !query.is_spectator && !variable.is_first_person" 
        },
        { "controller.render.gohan_ssj": "(query.property('property:trans') == 1) && (query.property('property:hair') == 1) && !variable.map_face_icon && !query.is_spectator && !variable.is_first_person" 
        },
        { 
        "controller.render.a17_ssj": "(query.property('property:trans') == 1) && (query.property('property:hair') == 3) && !variable.map_face_icon && !query.is_spectator && !variable.is_first_person"
        },
        { 
        "controller.render.a17_ssjf": "(query.property('property:trans') == 1) && (query.property('property:hair') == 3) && !variable.map_face_icon && !query.is_spectator && !variable.is_first_person"
        },
        { "controller.render.gohan_ssjf": "(query.property('property:trans') == 2) && (query.property('property:hair') == 1) && !variable.map_face_icon && !query.is_spectator && !variable.is_first_person" 
        },
        { "controller.render.trunks_ssjf": "(query.property('property:trans') == 2) && (query.property('property:hair') == 2) && !variable.map_face_icon && !query.is_spectator && !variable.is_first_person" 
        },
        { "controller.render.trunks_ssjf": "(query.property('property:trans') == 2) && (query.property('property:hair') == 2) && !variable.map_face_icon && !query.is_spectator && !variable.is_first_person" 
        },
        { "controller.render.trunks_ssj": "(query.property('property:trans') == 1) && (query.property('property:hair') == 2) && !variable.map_face_icon && !query.is_spectator && !variable.is_first_person" 
        },
        { 
        "controller.render.ssj2": "(query.property('property:trans') == 5) && (query.property('property:hair') == 0) && !variable.map_face_icon && !query.is_spectator && !variable.is_first_person" 
        },
        { 
        "controller.render.gohan_ssj2": "(query.property('property:trans') == 5) && (query.property('property:hair') == 1) && !variable.map_face_icon && !query.is_spectator && !variable.is_first_person" 
        },
        { 
        "controller.render.trunks_ssj2": "(query.property('property:trans') == 5) && (query.property('property:hair') == 2) && !variable.map_face_icon && !query.is_spectator && !variable.is_first_person" 
        },
        { 
        "controller.render.ssj3": "(query.property('property:trans') == 6) && (query.property('property:hair') == 0) && !variable.map_face_icon && !query.is_spectator && !variable.is_first_person" 
        },
        { 
        "controller.render.gohan_ssj3": "(query.property('property:trans') == 6) && (query.property('property:hair') == 1) && !variable.map_face_icon && !query.is_spectator && !variable.is_first_person"
        },
        { 
        "controller.render.a17_ssj3": "(query.property('property:trans') == 6) && (query.property('property:hair') == 3) && !variable.map_face_icon && !query.is_spectator && !variable.is_first_person"
        },
        { 
        "controller.render.trunks_ssj3": "(query.property('property:trans') == 6) && (query.property('property:hair') == 2) && !variable.map_face_icon && !query.is_spectator && !variable.is_first_person" 
        },
        { 
        "controller.render.vegeta_ssj3": "(query.property('property:trans') == 6) && (query.property('property:hair') == 4) && !variable.map_face_icon && !query.is_spectator && !variable.is_first_person" 
        },
        { 
        "controller.render.vegeta_ssj2": "(query.property('property:trans') == 5) && (query.property('property:hair') == 4) && !variable.map_face_icon && !query.is_spectator && !variable.is_first_person" 
        },
        { "controller.render.trunks_ssjf": "(query.property('property:trans') == 2) && (query.property('property:hair') == 2) && !variable.map_face_icon && !query.is_spectator && !variable.is_first_person" 
        },
        { "controller.render.vegeta_ssj": "(query.property('property:trans') == 1) && (query.property('property:hair') == 4) && !variable.map_face_icon && !query.is_spectator && !variable.is_first_person" 
        },
        { "controller.render.vegeta_ssjf": "(query.property('property:trans') == 2) && (query.property('property:hair') == 4) && !variable.map_face_icon && !query.is_spectator && !variable.is_first_person" 
        },
        { "controller.render.gogeta_ssj": "(query.property('property:trans') == 1) && (query.property('property:hair') == 5) && !variable.map_face_icon && !query.is_spectator && !variable.is_first_person" 
        },
        { "controller.render.teengohan_ssj": "(query.property('property:trans') == 1) && (query.property('property:hair') == 7) && !variable.map_face_icon && !query.is_spectator && !variable.is_first_person" 
        },
        { "controller.render.teengohan_ssjf": "(query.property('property:trans') == 2) && (query.property('property:hair') == 7) && !variable.map_face_icon && !query.is_spectator && !variable.is_first_person" 
        },
        { "controller.render.teengohan_ssj2": "(query.property('property:trans') == 5) && (query.property('property:hair') == 7) && !variable.map_face_icon && !query.is_spectator && !variable.is_first_person" 
        },
        { 
        "controller.render.ssjb": "(query.property('property:trans') == 9) && (query.property('property:hair') == 0) && !variable.map_face_icon && !query.is_spectator && !variable.is_first_person" 
        },
        { 
        "controller.render.gohan_ssjb": "(query.property('property:trans') == 9) && (query.property('property:hair') == 1) && !variable.map_face_icon && !query.is_spectator && !variable.is_first_person"
        },
        { 
        "controller.render.a17_ssjb": "(query.property('property:trans') == 9) && (query.property('property:hair') == 3) && !variable.map_face_icon && !query.is_spectator && !variable.is_first_person"
        },
        { 
        "controller.render.trunks_ssjb": "(query.property('property:trans') == 9) && (query.property('property:hair') == 2) && !variable.map_face_icon && !query.is_spectator && !variable.is_first_person" 
        },
        { 
        "controller.render.vegeta_ssjb": "(query.property('property:trans') == 9) && (query.property('property:hair') == 4) && !variable.map_face_icon && !query.is_spectator && !variable.is_first_person" 
        },
        { 
        "controller.render.ssjr": "(query.property('property:trans') == 10) && (query.property('property:hair') == 0) && !variable.map_face_icon && !query.is_spectator && !variable.is_first_person" 
        },
        { 
        "controller.render.gohan_ssjr": "(query.property('property:trans') == 10) && (query.property('property:hair') == 1) && !variable.map_face_icon && !query.is_spectator && !variable.is_first_person"
        },
        { 
        "controller.render.a17_ssjr": "(query.property('property:trans') == 10) && (query.property('property:hair') == 3) && !variable.map_face_icon && !query.is_spectator && !variable.is_first_person"
        },
        { 
        "controller.render.trunks_ssjr": "(query.property('property:trans') == 10) && (query.property('property:hair') == 2) && !variable.map_face_icon && !query.is_spectator && !variable.is_first_person" 
        },
        { 
        "controller.render.vegeta_ssjr": "(query.property('property:trans') == 10) && (query.property('property:hair') == 4) && !variable.map_face_icon && !query.is_spectator && !variable.is_first_person" 
        },
        { 
        "controller.render.lssj": "(query.property('property:trans') == 11) && (query.property('property:hair') == 0) && !variable.map_face_icon && !query.is_spectator && !variable.is_first_person"
        },
        { 
        "controller.render.goku_mui": "(query.property('property:tech') == 4) && (query.property('property:hair') == 0) && !variable.map_face_icon && !query.is_spectator && !variable.is_first_person"
        },
        { "controller.render.ssj4": "(query.property('property:trans') == 7) && (query.property('property:hair') == 0) && !variable.map_face_icon && !query.is_spectator && !variable.is_first_person" 
        },
        { 
        "controller.render.gohan_ssj4": "(query.property('property:trans') == 7) && (query.property('property:hair') == 1) && !variable.map_face_icon && !query.is_spectator && !variable.is_first_person"
        },
        { 
        "controller.render.trunks_ssj4": "(query.property('property:trans') == 7) && (query.property('property:hair') == 2) && !variable.map_face_icon && !query.is_spectator && !variable.is_first_person" 
        },
        { 
        "controller.render.a17_ssj4": "(query.property('property:trans') == 7) && (query.property('property:hair') == 3) && !variable.map_face_icon && !query.is_spectator && !variable.is_first_person"
        },
        { 
        "controller.render.vegeta_ssj4": "(query.property('property:trans') == 7) && (query.property('property:hair') == 4) && !variable.map_face_icon && !query.is_spectator && !variable.is_first_person" 
        },
        { 
        "controller.render.gohan_lssj": "(query.property('property:trans') == 11) && (query.property('property:hair') == 1) && !variable.map_face_icon && !query.is_spectator && !variable.is_first_person" 
        },
        { 
        "controller.render.a17_lssj": "(query.property('property:trans') == 11) && (query.property('property:hair') == 3) && !variable.map_face_icon && !query.is_spectator && !variable.is_first_person" 
        },
        { 
        "controller.render.trunks_lssj": "(query.property('property:trans') == 11) && (query.property('property:hair') == 2) && !variable.map_face_icon && !query.is_spectator && !variable.is_first_person" 
        },
        { 
        "controller.render.vegeta_lssj": "(query.property('property:trans') == 11) && (query.property('property:hair') == 4) && !variable.map_face_icon && !query.is_spectator && !variable.is_first_person" 
        },
        { 
        "controller.render.vegeta_ue": "(query.property('property:trans') == 12) && (query.property('property:hair') == 4) && !variable.map_face_icon && !query.is_spectator && !variable.is_first_person" 
        },
        { 
        "controller.render.ssjg": "(query.property('property:trans') == 8) && (query.property('property:hair') == 0) && !variable.map_face_icon && !query.is_spectator && !variable.is_first_person"
        },
        { 
        "controller.render.gohan_ssjg": "(query.property('property:trans') == 8) && (query.property('property:hair') == 1) && !variable.map_face_icon && !query.is_spectator && !variable.is_first_person"
        },
        { 
        "controller.render.trunks_ssjg": "(query.property('property:trans') == 8) && (query.property('property:hair') == 2) && !variable.map_face_icon && !query.is_spectator && !variable.is_first_person" 
        },
        { 
        "controller.render.a17_ssjg": "(query.property('property:trans') == 8) && (query.property('property:hair') == 3) && !variable.map_face_icon && !query.is_spectator && !variable.is_first_person"
        },
        { 
        "controller.render.majin": "(query.property('property:tech') == 2) && !variable.map_face_icon && !query.is_spectator && !variable.is_first_person"
        },
        { 
        "controller.render.vegeta_ssjg": "(query.property('property:trans') == 8) && (query.property('property:hair') == 4) && !variable.map_face_icon && !query.is_spectator && !variable.is_first_person" 
        },
        { "controller.render.hair2": "(query.property('property:hair') == 1) && (query.property('property:trans') == 0) && !variable.map_face_icon && !query.is_spectator && !variable.is_first_person || (query.property('property:hair') == 1) && (query.property('property:trans') == 4) && !variable.map_face_icon && !query.is_spectator && !variable.is_first_person" 
        },
        { "controller.render.hair3": "(query.property('property:hair') == 2) && (query.property('property:trans') == 0) && !variable.map_face_icon && !query.is_spectator && !variable.is_first_person || (query.property('property:hair') == 2) && (query.property('property:trans') == 4) && !variable.map_face_icon && !query.is_spectator && !variable.is_first_person" 
        },
        { "controller.render.hair4": "(query.property('property:hair') == 3) && (query.property('property:trans') == 0) && !variable.map_face_icon && !query.is_spectator && !variable.is_first_person || (query.property('property:hair') == 3) && (query.property('property:trans') == 4) && !variable.map_face_icon && !query.is_spectator && !variable.is_first_person" 
        },
        { "controller.render.hair5": "(query.property('property:hair') == 4) && (query.property('property:trans') == 0) && !variable.map_face_icon && !query.is_spectator && !variable.is_first_person || (query.property('property:hair') == 4) && (query.property('property:trans') == 4) && !variable.map_face_icon && !query.is_spectator && !variable.is_first_person" 
        },
        { "controller.render.hair6": "(query.property('property:hair') == 5) && (query.property('property:trans') == 0) && !variable.map_face_icon && !query.is_spectator && !variable.is_first_person || (query.property('property:hair') == 5) && (query.property('property:trans') == 4) && !variable.map_face_icon && !query.is_spectator && !variable.is_first_person" 
        },
        { "controller.render.hair7": "(query.property('property:hair') == 7) && (query.property('property:trans') == 0) && !variable.map_face_icon && !query.is_spectator && !variable.is_first_person || (query.property('property:hair') == 5) && (query.property('property:trans') == 4) && !variable.map_face_icon && !query.is_spectator && !variable.is_first_person" 
        },
        { "controller.render.hair8": "(query.property('property:hair') == 8) && (query.property('property:trans') == 0) && !variable.map_face_icon && !query.is_spectator && !variable.is_first_person || (query.property('property:hair') == 5) && (query.property('property:trans') == 4) && !variable.map_face_icon && !query.is_spectator && !variable.is_first_person" 
        },
        { "controller.render.cauda": "(query.property('property:raca') == 0) && (query.property('property:trans') == 0) && (query.property('property:trans') != 3) && !variable.map_face_icon && !query.is_spectator && !variable.is_first_person" 
        },
        { "controller.render.caudassj": "(query.property('property:raca') == 0) && (query.property('property:trans') == 1) && (query.property('property:trans') != 3) && !variable.map_face_icon && !query.is_spectator && !variable.is_first_person || (query.property('property:raca') == 0) && (query.property('property:trans') == 2) && (query.property('property:trans') != 3) && !variable.map_face_icon && !query.is_spectator && !variable.is_first_person" 
        },
        { "controller.render.caudassjg": "(query.property('property:raca') == 0) && (query.property('property:trans') == 8) && (query.property('property:trans') != 3) && !variable.map_face_icon && !query.is_spectator && !variable.is_first_person" 
        },
        { "controller.render.caudassjb": "(query.property('property:raca') == 0) && (query.property('property:trans') == 9) && (query.property('property:trans') != 3) && !variable.map_face_icon && !query.is_spectator && !variable.is_first_person" 
        },
        { "controller.render.caudassjr": "(query.property('property:raca') == 0) && (query.property('property:trans') == 10) && (query.property('property:trans') != 3) && !variable.map_face_icon && !query.is_spectator && !variable.is_first_person" 
        },
        { "controller.render.caudalssj": "(query.property('property:raca') == 0) && (query.property('property:trans') == 11) && (query.property('property:trans') != 3) && !variable.map_face_icon && !query.is_spectator && !variable.is_first_person" 
        },
        { "controller.render.oozaru": "(query.property('property:trans') == 3) && !variable.map_face_icon && !query.is_spectator && !variable.is_first_person" 
        },
        { "controller.render.oozaruout": "(query.property('property:trans') == 3) && !variable.map_face_icon && !query.is_spectator && !variable.is_first_person" 
        },
        { "controller.render.kaioken": "(query.property('property:tech') == 1) && !variable.map_face_icon && !query.is_spectator && !variable.is_first_person" 
        },
        {
        "controller.render.mlocator": "!variable.is_first_person"
        },
        {
        "controller.render.kifoice": "query.get_equipped_item_name('main_hand') == 'kifoice'"
        },
        {
        "controller.render.msword": "query.get_equipped_item_name('main_hand') == 'msword'"
        },
        {
         "controller.render.msworde": "(query.property('property:emb') == 1) && query.get_equipped_item_name('main_hand') != 'msword' && !v.is_first_person"
        },
        {
         "controller.render.armor1": "query.is_item_name_any('slot.armor.chest','stk:armor') && !v.is_first_person"
        },
        {
         "controller.render.armor2": "query.is_item_name_any('slot.armor.chest','stk:armor2') && !v.is_first_person"
        },
        {
         "controller.render.armor3": "query.is_item_name_any('slot.armor.chest','stk:armor3') && !v.is_first_person"
        },
        {
         "controller.render.armor4": "query.is_item_name_any('slot.armor.chest','stk:armor4') && !v.is_first_person"
        },
        {
         "controller.render.armor5": "query.is_item_name_any('slot.armor.chest','stk:armor5') && !v.is_first_person"
        },
        {
         "controller.render.armor6": "query.is_item_name_any('slot.armor.chest','stk:armor6') && !v.is_first_person"
        },
        {
         "controller.render.armor6_1": "query.is_item_name_any('slot.armor.chest','stk:armor6_1') && !v.is_first_person"
        },
        {
         "controller.render.armor5_1": "query.is_item_name_any('slot.armor.chest','stk:armor5_1') && !v.is_first_person"
        },
        {
         "controller.render.armor4_1": "query.is_item_name_any('slot.armor.chest','stk:armor4_1') && !v.is_first_person"
        },
        {
         "controller.render.armorarco": "query.is_item_name_any('slot.armor.chest','stk:armor7') && !v.is_first_person"
        }
        
      ],
      "enable_attachables": true
    }
  }
}
