{
  "format_version": "1.10.0",
  "minecraft:client_entity": {
    "description": { "identifier": "stk:saiyan_pod",
      "materials": {
        "default": "entity_alphatest"
      },
      "textures": {
        "default": "textures/entity/nave_sayajin"
      },
      "geometry": {
        "player": "geometry.nave_sayajin"
      },
      "particle_effects":{
    "supernova": "stk:supernova1_1",
    "sglint": "stk:orangeball",
    "sglint2": "stk:sglint2"
      },
      "animations": {
        "move": "animation.locator.supernova"
      },
      "scripts": {
        "pre_animation": [
          "variable.shake = query.shake_time - query.frame_alpha;",
          "variable.shake_power = variable.shake > 0.0 ? -Math.sin(variable.shake * 200.0) * variable.shake : 0.0;"
        ],
        "animate": [
          "move"
        ]
      },
      "render_controllers": [ "controller.render.player"]
    }
  }
}