{
  "format_version": "1.10.0",
  "minecraft:client_entity": {
    "description": {
      "identifier": "stk:trunksnpc",
      "textures": {
        "default": "textures/entity/trunks_base"
      },
      "materials": {
        "default": "skeleton"
      },
      "geometry": {
        "default": "geometry.trunks_mob"
      },
      "render_controllers": [
        "controller.render.translucence"
      ],
      "spawn_egg": {
        "texture": "zegg",
        "texture_index": 0
      },
      "animations": {
        "all": "animation.vegetto.stop",
        "inte":"animation.freeza.interact",
        "inte2":"animation.freeza.default"
      },
      "scripts": {
        "animate": [
          {"all":"query.property('property:wow') == 0"},
          {"inte":"query.property('property:wow') == 1"},
          {"inte2":"query.property('property:wow') == 2"}
        ]
      }
    }
  }
}