{
  "format_version": "1.10.0",
  "minecraft:client_entity": {
    "description": { "identifier": "stk:quest4",
      "materials": {
        "default": "elytra",
        "haki": "haki"
      },
      "textures": {
        "gojo": "textures/jk/gojo",
        "black": "textures/black"
      },
      "geometry": {
        "gojo": "geometry.gojo",
        "gojooutline": "geometry.gojooutline"
      },
      "animations": {
        "move": "animation.gohanteen.stop"
      },
      "scripts": {
        "animate": [
          "move"
        ]
      },
      "render_controllers": [ "controller.render.gojo",
"controller.render.gojooutline"]
    }
  }
}

















