{
  "format_version": "1.10.0",
  "minecraft:client_entity": {
    "description": { "identifier": "stk:quest6",
      "materials": {
        "default": "elytra"
      },
      "textures": {
        "goku": "textures/dbz/whis"
      },
      "geometry": {
        "goku": "geometry.whis"
        
      },
      "animations": {
        "move": "animation.gohanteen.stop"
      },
      "scripts": {
        "animate": [
          "move"
        ]
      },
      "render_controllers": [ "controller.render.goku"]
    }
  }
}
















