{
  "format_version": "1.10.0",
  "minecraft:client_entity": {
    "description": { "identifier": "stk:quest3",
      "materials": {
        "default": "elytra",
        "haki": "haki"
      },
      "textures": {
        "rengoku": "textures/ds/rengoku",
        "black": "textures/black"
      },
      "geometry": {
        "rengoku": "geometry.rengoku",
        "rengokuoutline": "geometry.rengokuoutline"
      },
      "animations": {
        "move": "animation.gohanteen.stop"
      },
      "scripts": {
        "animate": [
          "move"
        ]
      },
      "render_controllers": [ "controller.render.rengoku",
"controller.render.rengokuoutline"]
    }
  }
}
















