{
  "format_version": "1.10.0",
  "particle_effect": {
    "description": {
      "identifier": "wesl3y:todoroki_hit",
      "basic_render_parameters": {
        "material": "particles_add",
        "texture": "textures/particle/particles12"
      }
    },
    "components": {
      "minecraft:emitter_rate_instant": {
        "num_particles": 75
      },
      "minecraft:emitter_lifetime_once": {},
      "minecraft:emitter_shape_sphere": {
        "offset": [0, 0.5, 0],
        "radius": 0.25,
        "surface_only": true,
        "direction": "outwards"
      },
      "minecraft:particle_lifetime_expression": {
        "max_lifetime": 0.75
      },
      "minecraft:particle_initial_speed": "math.random(5, 7.5)",
      "minecraft:particle_motion_dynamic": {
        "linear_drag_coefficient": 5
      },
      "minecraft:particle_appearance_billboard": {
        "size": [0.25, 0.75],
        "facing_camera_mode": "direction_y",
        "uv": {
          "texture_width": 8,
          "texture_height": 8,
          "uv": [0, 0],
          "uv_size": [8, 8]
        }
      },
      "minecraft:particle_appearance_tinting": {
        "color": {
          "interpolant": "v.particle_age",
          "gradient": {
			"0.0": "#80FF5700",
			"0.75": "#00FF5700"
          }
        }
      }
    }
  }
}