{
  "format_version": "1.10.0",
  "particle_effect": {
    "description": {
      "identifier": "wesl3y:todoroki_jet_burn4",
      "basic_render_parameters": {
        "material": "particles_add",
        "texture": "textures/particle/particles12"
      }
    },
    "components": {
      "minecraft:emitter_rate_instant": {
        "num_particles": 4
      },
      "minecraft:emitter_lifetime_once": {},
      "minecraft:emitter_shape_sphere": {},
      "minecraft:particle_lifetime_expression": {
        "max_lifetime": "Math.random(0.75, 1.0)"
      },
      "minecraft:particle_initial_spin": {},
      "minecraft:particle_initial_speed": 2,
      "minecraft:particle_motion_dynamic": {
        "linear_acceleration": [0, 0, 0],
        "linear_drag_coefficient": 1
      },
      "minecraft:particle_appearance_billboard": {
        "size": [1, 1],
        "facing_camera_mode": "lookat_xyz",
        "uv": {
          "texture_width": 64,
          "texture_height": 64,
          "uv": [0, 0],
          "uv_size": [64, 64]
        }
      },
      "minecraft:particle_appearance_tinting": {
        "color": {
          "interpolant": "v.particle_age",
          "gradient": {
			"0.0": "#4DFF0D00",
			"0.4": "#50FF2D00",
			"1.0": "#00FF5A00"
		  }
        }
      }
    }
  }
}