{
	"format_version": "1.10.0",
	"particle_effect": {
		"description": {
			"identifier": "ds:cursedenergy_hands",
			"basic_render_parameters": {
				"material": "particles_add",
				"texture": "textures/particle/customball"
			}
		},
		"curves": {
			"variable.test": {
				"type": "catmull_rom",
				"input": 1,
				"horizontal_range": 1,
				"nodes": [0, 1.12]
			}
		},
		"components": {
			"minecraft:emitter_rate_steady": {
				"spawn_rate": 1000,
				"max_particles": 10000
			},
			"minecraft:emitter_lifetime_once": {
				"active_time": 1
			},
			"minecraft:emitter_shape_sphere": {
				"radius": 0.05,
				"surface_only": true,
				"direction": "outwards"
			},
			"minecraft:particle_lifetime_expression": {
				"max_lifetime": 1
			},
			"minecraft:particle_initial_speed": "variable.particle_random_1 * 0.5",
			"minecraft:particle_motion_dynamic": {
				"linear_acceleration": [0, 4, 0],
				"linear_drag_coefficient": "math.random(3,6)"
			},
			"minecraft:particle_appearance_billboard": {
				"size": ["0.05 - (variable.particle_age * 0.05)", "0.05 - (variable.particle_age * 0.05)"],
				"facing_camera_mode": "rotate_xyz",
				"uv": {
					"texture_width": 48,
					"texture_height": 6,
					"flipbook": {
						"base_UV": [0, 0],
						"size_UV": [6, 6],
						"step_UV": [6, 0],
						"frames_per_second": 8,
						"max_frame": 8,
						"stretch_to_lifetime": true
					}
				}
			},
			"minecraft:particle_appearance_tinting": {
				"color": {
					"interpolant": "variable.particle_random_1",
					"gradient": {
						"0.0": "#FF196E8F",
						"0.47": "#FF0B2028",
						"0.5": "#FF0B071F",
						"1.0": "#FF060213"
					}
				}
			}
		}
	}
}