{
  "format_version": "1.10.0",
  "particle_effect": {
    "description": {
      "identifier": "wesl3y:jump_cannon_explosion2",
      "basic_render_parameters": {
        "material": "particles_blend",
        "texture": "textures/particle/particles2"
      }
    },
    "components": {
      "minecraft:emitter_rate_instant": {
        "num_particles": 2
      },        
      "minecraft:emitter_lifetime_once": {
      },
      "minecraft:emitter_shape_point": {
        "offset": [0, "math.random(0, 2)", 0]
      },
      "minecraft:particle_initial_speed": 0.0,
      "minecraft:particle_lifetime_expression": {
        "max_lifetime": "Math.random(1, 1.5)"
      },
	  "minecraft:particle_initial_spin": {
		"rotation": "math.random(-180, 180)",
		"rotation_rate": "math.random(-360, 360)"
	  },
      "minecraft:particle_appearance_billboard": {
        "size": ["7.5 + (2.5 * variable.particle_age)", "7.5 + (2.5 * variable.particle_age)"],
		"facing_camera_mode": "direction_z",
		"direction": {
		  "mode": "custom",
		  "custom_direction": [0, -1, 0]
		},
        "uv": {
          "texture_width": 80,
          "texture_height": 8,
          "flipbook": {
            "base_UV": [0, 0],
            "size_UV": [8, 8],
            "step_UV": [8, 0],
            "frames_per_second": 10,
            "max_frame": 10,
            "stretch_to_lifetime": true
          }
        }
      },
      "minecraft:particle_appearance_tinting": {
        "color": [1, 1, 1, 0.2]
	  }
    }
  }
}