{
	"format_version": "1.8.0",
	"animations": {
		"animation.gear3.pistolhold": {
			"loop": true,
			"animation_length": 0.20833,
			"bones": {
				"body": {
					"rotation": {
						"0.0": [0, 20, 0],
						"0.2083": [0, 20, 0]
					}
				},
				"head": {
					"rotation": {
						"0.0": [0, -25, 0],
						"0.2083": [0, -25, 0]
					}
				},
				"leftArm": {
					"rotation": {
						"0.0": [-90, 0, 0],
						"0.2083": [-90, 0, 0]
					}
				},
				"rightArm": {
					"rotation": {
						"0.0": [-33.14896, 14.05818, 65.22636],
						"0.2083": [-33.15, 14.06, 65.23]
					},
					"position": {
						"0.0": [0, 0, 11],
						"0.2083": [0, 0, 11]
					},
					"scale": {
						"0.0": [4.6, 2.5, 4.8],
						"0.2083": [4.6, 2.5, 4.8]
					}
				}
			}
		},
		"animation.gear3.pistol": {
			"animation_length": 0.375,
			"bones": {
				"body": {
					"rotation": {
						"0.0": {
							"post": [0, 20, 0],
							"lerp_mode": "catmullrom"
						},
						"0.125": {
							"post": [0, 35, 0],
							"lerp_mode": "catmullrom"
						},
						"0.2083": {
							"post": [0, -32.5, 0],
							"lerp_mode": "catmullrom"
						},
						"0.375": {
							"post": [0, -32.5, 0],
							"lerp_mode": "catmullrom"
						}
					}
				},
				"head": {
					"rotation": {
						"0.0": {
							"post": [0, -25, 0],
							"lerp_mode": "catmullrom"
						},
						"0.125": {
							"post": [0, -35, 0],
							"lerp_mode": "catmullrom"
						},
						"0.2083": {
							"post": [0, 20, 0],
							"lerp_mode": "catmullrom"
						},
						"0.375": {
							"post": [0, 20, 0],
							"lerp_mode": "catmullrom"
						}
					}
				},
				"leftArm": {
					"rotation": {
						"0.0": {
							"post": [-90, 0, 0],
							"lerp_mode": "catmullrom"
						},
						"0.125": {
							"post": [-90, -12.5, 0],
							"lerp_mode": "catmullrom"
						},
						"0.2083": {
							"post": [90, -35, -180],
							"lerp_mode": "catmullrom"
						},
						"0.375": {
							"post": [90, -35, -180],
							"lerp_mode": "catmullrom"
						}
					}
				},
				"rightArm": {
					"rotation": {
						"0.0": {
							"post": [-33.15, 14.06, 65.23],
							"lerp_mode": "catmullrom"
						},
						"0.125": {
							"post": [-8.15, 14.06, 65.23],
							"lerp_mode": "catmullrom"
						},
						"0.2083": {
							"post": [-60.65, 14.06, 65.23],
							"lerp_mode": "catmullrom"
						},
						"0.375": {
							"post": [-60.65, 14.06, 65.23],
							"lerp_mode": "catmullrom"
						}
					},
					"position": {
						"0.0": {
							"post": [0, 0, 11],
							"lerp_mode": "catmullrom"
						},
						"0.125": {
							"post": [3, 0, 11],
							"lerp_mode": "catmullrom"
						},
						"0.2083": {
							"post": [-7, 0, -11],
							"lerp_mode": "catmullrom"
						},
						"0.375": {
							"post": [-7, 0, -11],
							"lerp_mode": "catmullrom"
						}
					},
					"scale": {
						"0.0": {
							"post": [4.6, 2.5, 4.8],
							"lerp_mode": "catmullrom"
						},
						"0.125": {
							"post": [5.4, 2.3, 5.9],
							"lerp_mode": "catmullrom"
						},
						"0.2083": {
							"post": [5.4, 4.6, 5.9],
							"lerp_mode": "catmullrom"
						},
						"0.375": {
							"post": [5.4, 4.6, 5.9],
							"lerp_mode": "catmullrom"
						}
					}
				}
			}
		},
		"animation.gear3.bazookahold": {
			"loop": true,
			"animation_length": 0.16667,
			"bones": {
				"waist": {
					"rotation": {
						"0.0": [42.5, 0, 0],
						"0.1667": [42.5, 0, 0]
					}
				},
				"head": {
					"rotation": {
						"0.0": [45, 0, 0],
						"0.1667": [45, 0, 0]
					}
				},
				"leftArm": {
					"rotation": {
						"0.0": [45.72113, 14.60559, -13.81465],
						"0.1667": [45.72, 14.61, -13.81]
					},
					"position": {
						"0.0": [12, -20, 16],
						"0.1667": [12, -20, 16]
					},
					"scale": {
						"0.0": [6.9, 9.7, 7.5],
						"0.1667": [6.9, 9.7, 7.5]
					}
				},
				"rightArm": {
					"rotation": {
						"0.0": [46.50931, -11.00072, 10.26078],
						"0.1667": [46.51, -11, 10.26]
					},
					"position": {
						"0.0": [-11, -16, 16],
						"0.1667": [-11, -16, 16]
					},
					"scale": {
						"0.0": [7.1, 9.9, 7.4],
						"0.1667": [7.1, 9.9, 7.4]
					}
				}
			}
		},
		"animation.gear3.bazooka": {
			"animation_length": 0.375,
			"bones": {
				"waist": {
					"rotation": {
						"0.0": {
							"post": [42.5, 0, 0],
							"lerp_mode": "catmullrom"
						},
						"0.375": {
							"post": [42.5, 0, 0],
							"lerp_mode": "catmullrom"
						}
					}
				},
				"head": {
					"rotation": {
						"0.0": {
							"post": [45, 0, 0],
							"lerp_mode": "catmullrom"
						},
						"0.375": {
							"post": [45, 0, 0],
							"lerp_mode": "catmullrom"
						}
					}
				},
				"leftArm": {
					"rotation": {
						"0.0": {
							"post": [45.72, 14.61, -13.81],
							"lerp_mode": "catmullrom"
						},
						"0.0833": {
							"post": [45.72, 14.61, -13.81],
							"lerp_mode": "catmullrom"
						},
						"0.125": {
							"post": [-130.15875, 1.35091, -2.2492],
							"lerp_mode": "catmullrom"
						},
						"0.25": {
							"post": [-130.28695, -4.37904, 2.59369],
							"lerp_mode": "catmullrom"
						},
						"0.375": {
							"post": [-130.16, 1.35, -2.25],
							"lerp_mode": "catmullrom"
						}
					},
					"position": {
						"0.0": {
							"post": [12, -20, 16],
							"lerp_mode": "catmullrom"
						},
						"0.0833": {
							"post": [7, 4, 4],
							"lerp_mode": "catmullrom"
						},
						"0.125": {
							"post": [7, 4, 4],
							"lerp_mode": "catmullrom"
						},
						"0.25": {
							"post": [7, 4, 4],
							"lerp_mode": "catmullrom"
						},
						"0.375": {
							"post": [7, 4, 4],
							"lerp_mode": "catmullrom"
						}
					},
					"scale": {
						"0.0": {
							"post": [6.9, 9.7, 7.5],
							"lerp_mode": "catmullrom"
						},
						"0.0833": {
							"post": [6.9, 1.2, 7.5],
							"lerp_mode": "catmullrom"
						},
						"0.125": {
							"post": [6.9, 1.2, 7.5],
							"lerp_mode": "catmullrom"
						},
						"0.25": {
							"post": [6.9, 9.3, 7.5],
							"lerp_mode": "catmullrom"
						},
						"0.375": {
							"post": [6.9, 9.3, 7.5],
							"lerp_mode": "catmullrom"
						}
					}
				},
				"rightArm": {
					"rotation": {
						"0.0": {
							"post": [46.51, -11, 10.26],
							"lerp_mode": "catmullrom"
						},
						"0.0833": {
							"post": [46.51, -11, 10.26],
							"lerp_mode": "catmullrom"
						},
						"0.125": {
							"post": [-130.99, -11, 10.26],
							"lerp_mode": "catmullrom"
						},
						"0.25": {
							"post": [-130.09766, -1.48492, 2.09546],
							"lerp_mode": "catmullrom"
						},
						"0.375": {
							"post": [-130.1, -1.48, 2.1],
							"lerp_mode": "catmullrom"
						}
					},
					"position": {
						"0.0": {
							"post": [-11, -16, 16],
							"lerp_mode": "catmullrom"
						},
						"0.0833": {
							"post": [-6, 1, 3],
							"lerp_mode": "catmullrom"
						},
						"0.125": {
							"post": [-6, 1, 3],
							"lerp_mode": "catmullrom"
						},
						"0.25": {
							"post": [-6, 1, 3],
							"lerp_mode": "catmullrom"
						},
						"0.375": {
							"post": [-6, 1, 3],
							"lerp_mode": "catmullrom"
						}
					},
					"scale": {
						"0.0": {
							"post": [7.1, 9.9, 7.4],
							"lerp_mode": "catmullrom"
						},
						"0.0833": {
							"post": [7.1, 1.1, 7.4],
							"lerp_mode": "catmullrom"
						},
						"0.125": {
							"post": [7.1, 1.1, 7.4],
							"lerp_mode": "catmullrom"
						},
						"0.25": {
							"post": [7.1, 9.5, 7.4],
							"lerp_mode": "catmullrom"
						},
						"0.375": {
							"post": [7.1, 9.5, 7.4],
							"lerp_mode": "catmullrom"
						}
					}
				}
			}
		},
		"animation.gear3.rockhold": {
			"loop": true,
			"animation_length": 0.25,
			"bones": {
				"body": {
					"rotation": {
						"0.0": [0, 32.5, 0],
						"0.25": [0, 32.5, 0]
					}
				},
				"head": {
					"rotation": {
						"0.0": [0, -20, 0],
						"0.25": [0, -20, 0]
					}
				},
				"leftArm": {
					"rotation": {
						"0.0": [-73.02449, 46.72197, -12.7556],
						"0.25": [-73.02, 46.72, -12.76]
					}
				},
				"rightArm": {
					"rotation": {
						"0.0": [59.99865, -13.12479, 66.03128],
						"0.25": [60, -13.12, 66.03]
					},
					"position": {
						"0.0": [-34, 0, 53],
						"0.25": [-34, 0, 53]
					},
					"scale": {
						"0.0": [11.8, 31.3, 12.3],
						"0.25": [11.8, 31.3, 12.3]
					}
				},
				"leftLeg": {
					"rotation": {
						"0.0": [35, 0, 0],
						"0.25": [35, 0, 0]
					},
					"position": {
						"0.0": [0, 0, -5],
						"0.25": [0, 0, -5]
					}
				}
			},
			"particle_effects": {
				"0.0": {
					"effect": "boroexplo",
					"locator": "lead_hold"
				}
			}
		},
		"animation.gear3.rock": {
			"animation_length": 0.33333,
			"bones": {
				"body": {
					"rotation": {
						"0.0": {
							"post": [0, 32.5, 0],
							"lerp_mode": "catmullrom"
						},
						"0.0833": {
							"post": [0, 5, 0],
							"lerp_mode": "catmullrom"
						},
						"0.2083": {
							"post": [0, -7.5, 0],
							"lerp_mode": "catmullrom"
						},
						"0.3333": {
							"post": [0, -7.5, 0],
							"lerp_mode": "catmullrom"
						}
					}
				},
				"head": {
					"rotation": {
						"0.0": {
							"post": [0, -20, 0],
							"lerp_mode": "catmullrom"
						},
						"0.2083": {
							"post": [0, -20, 0],
							"lerp_mode": "catmullrom"
						},
						"0.3333": {
							"post": [0, -20, 0],
							"lerp_mode": "catmullrom"
						}
					}
				},
				"leftArm": {
					"rotation": {
						"0.0": {
							"post": [-73.02, 46.72, -12.76],
							"lerp_mode": "catmullrom"
						},
						"0.2083": {
							"post": [-73.02, 46.72, -12.76],
							"lerp_mode": "catmullrom"
						},
						"0.3333": {
							"post": [-73.02, 46.72, -12.76],
							"lerp_mode": "catmullrom"
						}
					}
				},
				"rightArm": {
					"rotation": {
						"0.0": {
							"post": [60, -13.12, 66.03],
							"lerp_mode": "catmullrom"
						},
						"0.0833": {
							"post": [82.5, -13.12, 66.03],
							"lerp_mode": "catmullrom"
						},
						"0.125": {
							"post": [-95, -13.12, 66.03],
							"lerp_mode": "catmullrom"
						},
						"0.2083": {
							"post": [-84.86981, 4.31315, 65.83127],
							"lerp_mode": "catmullrom"
						},
						"0.3333": {
							"post": [-84.87, 4.31, 65.83],
							"lerp_mode": "catmullrom"
						}
					},
					"position": {
						"0.0": {
							"post": [-34, 0, 53],
							"lerp_mode": "catmullrom"
						},
						"0.0833": {
							"post": [-13, 0, 4],
							"lerp_mode": "catmullrom"
						},
						"0.125": {
							"post": [-13, 0, -11],
							"lerp_mode": "catmullrom"
						},
						"0.2083": {
							"post": [-13, 0, -11],
							"lerp_mode": "catmullrom"
						},
						"0.3333": {
							"post": [-13, 0, -11],
							"lerp_mode": "catmullrom"
						}
					},
					"scale": {
						"0.0": {
							"post": [11.8, 31.3, 12.3],
							"lerp_mode": "catmullrom"
						},
						"0.0833": {
							"post": [11.8, 2.2, 12.3],
							"lerp_mode": "catmullrom"
						},
						"0.125": {
							"post": [11.8, 2.2, 12.3],
							"lerp_mode": "catmullrom"
						},
						"0.2083": {
							"post": [11.8, 11, 12.3],
							"lerp_mode": "catmullrom"
						},
						"0.3333": {
							"post": [11.8, 11, 12.3],
							"lerp_mode": "catmullrom"
						}
					}
				},
				"leftLeg": {
					"rotation": {
						"0.0": {
							"post": [35, 0, 0],
							"lerp_mode": "catmullrom"
						},
						"0.0833": {
							"post": [2.5, 0, 0],
							"lerp_mode": "catmullrom"
						},
						"0.2083": {
							"post": [2.5, 0, 0],
							"lerp_mode": "catmullrom"
						},
						"0.3333": {
							"post": [2.5, 0, 0],
							"lerp_mode": "catmullrom"
						}
					},
					"position": {
						"0.0": {
							"post": [0, 0, -5],
							"lerp_mode": "catmullrom"
						},
						"0.0833": {
							"post": [0, 0, -1],
							"lerp_mode": "catmullrom"
						},
						"0.2083": {
							"post": [0, 0, -1],
							"lerp_mode": "catmullrom"
						},
						"0.3333": {
							"post": [0, 0, -1],
							"lerp_mode": "catmullrom"
						}
					}
				}
			},
			"particle_effects": {
				"0.0": {
					"effect": "boroexplo",
					"locator": "lead_hold"
				}
			}
		}
	}
}