{
	"format_version": "1.8.0",
	"animations": {
		"animation.gear2.hawkhold": {
			"loop": true,
			"animation_length": 0.16667,
			"bones": {
				"waist": {
					"rotation": {
						"0.0": [43.41006, 20.71501, 18.50097],
						"0.1667": [43.41, 20.72, 18.5]
					}
				},
				"head": {
					"rotation": {
						"0.0": [-32.5, 0, 0],
						"0.1667": [-32.5, 0, 0]
					}
				},
				"leftArm": {
					"rotation": {
						"0.0": [-79.27121, 62.08407, 9.50457],
						"0.1667": [-79.27, 62.08, 9.5]
					}
				},
				"rightArm": {
					"rotation": {
						"0.0": [39.2096, -7.69542, 25.94064],
						"0.1667": [39.21, -7.7, 25.94]
					},
					"position": {
						"0.0": [-10, -16, 17],
						"0.1667": [-10, -16, 17]
					},
					"scale": {
						"0.0": [1, 14, 1],
						"0.1667": [1, 14, 1]
					}
				}
			},
			"particle_effects": {
				"0.0": {
					"effect": "boroexplo",
					"locator": "lead_hold"
				}
			}
		},
		"animation.gear2.hawk": {
			"loop": true,
			"animation_length": 0.29167,
			"bones": {
				"waist": {
					"rotation": {
						"0.0": {
							"post": [43.41, 20.72, 18.5],
							"lerp_mode": "catmullrom"
						},
						"0.1667": {
							"post": [40.24054, -5.73397, -4.83785],
							"lerp_mode": "catmullrom"
						},
						"0.2917": {
							"post": [40.24, -5.73, -4.84],
							"lerp_mode": "catmullrom"
						}
					}
				},
				"head": {
					"rotation": {
						"0.0": {
							"post": [-32.5, 0, 0],
							"lerp_mode": "catmullrom"
						},
						"0.1667": {
							"post": [-32.5, 0, 0],
							"lerp_mode": "catmullrom"
						},
						"0.2917": {
							"post": [-32.5, 0, 0],
							"lerp_mode": "catmullrom"
						}
					}
				},
				"leftArm": {
					"rotation": {
						"0.0": {
							"post": [-79.27, 62.08, 9.5],
							"lerp_mode": "catmullrom"
						},
						"0.1667": {
							"post": [-96.77, 62.08, 9.5],
							"lerp_mode": "catmullrom"
						},
						"0.2917": {
							"post": [-96.77, 62.08, 9.5],
							"lerp_mode": "catmullrom"
						}
					}
				},
				"rightArm": {
					"rotation": {
						"0.0": {
							"post": [39.21, -7.7, 25.94],
							"lerp_mode": "catmullrom"
						},
						"0.0417": {
							"post": [34.21, -7.7, 25.94],
							"lerp_mode": "catmullrom"
						},
						"0.0833": {
							"post": [-140.79, -7.7, 25.94],
							"lerp_mode": "catmullrom"
						},
						"0.1667": {
							"post": [-128.38285, 8.24016, 6.61811],
							"lerp_mode": "catmullrom"
						},
						"0.2917": {
							"post": [-134.59, 0.27, 16.28],
							"lerp_mode": "catmullrom"
						}
					},
					"position": {
						"0.0": {
							"post": [-10, -16, 17],
							"lerp_mode": "catmullrom"
						},
						"0.0417": {
							"post": [-1, 2, -2],
							"lerp_mode": "catmullrom"
						},
						"0.0833": {
							"post": [-1, 2, -2],
							"lerp_mode": "catmullrom"
						},
						"0.1667": {
							"post": [0, 9, -8],
							"lerp_mode": "catmullrom"
						},
						"0.2917": {
							"post": [0, 9, -8],
							"lerp_mode": "catmullrom"
						}
					},
					"scale": {
						"0.0": {
							"post": [1, 14, 1],
							"lerp_mode": "catmullrom"
						},
						"0.0417": {
							"post": [1, 0.1, 1],
							"lerp_mode": "catmullrom"
						},
						"0.0833": {
							"post": [1, 0.1, 1],
							"lerp_mode": "catmullrom"
						},
						"0.1667": {
							"post": [1, 6.3, 1],
							"lerp_mode": "catmullrom"
						},
						"0.2917": {
							"post": [1, 6.3, 1],
							"lerp_mode": "catmullrom"
						}
					}
				}
			},
			"particle_effects": {
				"0.0": {
					"effect": "boroexplo",
					"locator": "lead_hold"
				}
			}
		}
	}
}