{
	"format_version": "1.8.0",
	"animations": {
		"animation.gear5.transform": {
			"loop": true,
			"animation_length": 5.45833,
			"bones": {
				"root": {
					"rotation": {
						"0.0": {
							"post": [0, 0, 0],
							"lerp_mode": "catmullrom"
						},
						"0.2917": {
							"post": [0, 20, 0],
							"lerp_mode": "catmullrom"
						},
						"1.5417": {
							"post": [0, -7.5, 0],
							"lerp_mode": "catmullrom"
						},
						"1.8333": {
							"post": [0, 0, 0],
							"lerp_mode": "catmullrom"
						},
						"2.2917": {
							"post": [0, 0, 0],
							"lerp_mode": "catmullrom"
						},
						"2.75": {
							"post": [0, 0, 0],
							"lerp_mode": "catmullrom"
						},
						"5.4583": {
							"post": [0, 0, 0],
							"lerp_mode": "catmullrom"
						}
					},
					"position": {
						"0.0": {
							"post": [0, 0, 0],
							"lerp_mode": "catmullrom"
						},
						"2.2917": {
							"post": [0, 0, 0],
							"lerp_mode": "catmullrom"
						},
						"2.75": {
							"post": [0, 0, 0],
							"lerp_mode": "catmullrom"
						},
						"5.4583": {
							"post": [0, 0, 0],
							"lerp_mode": "catmullrom"
						}
					},
					"scale": {
						"0.0": {
							"post": [1, 1, 1],
							"lerp_mode": "catmullrom"
						},
						"2.2917": {
							"post": [1, 1, 1],
							"lerp_mode": "catmullrom"
						},
						"2.75": {
							"post": [1, 1, 1],
							"lerp_mode": "catmullrom"
						},
						"5.4583": {
							"post": [1, 1, 1],
							"lerp_mode": "catmullrom"
						}
					}
				},
				"waist": {
					"rotation": {
						"0.0": {
							"post": [65, 0, 0],
							"lerp_mode": "catmullrom"
						},
						"0.2083": {
							"post": [-30, 0, 0],
							"lerp_mode": "catmullrom"
						},
						"0.625": {
							"post": [-37.5, 0, 0],
							"lerp_mode": "catmullrom"
						},
						"0.9167": {
							"post": [-21.25, 0, 0],
							"lerp_mode": "catmullrom"
						},
						"1.2917": {
							"post": [-6.25, 0, 0],
							"lerp_mode": "catmullrom"
						},
						"1.5417": {
							"post": [-31.25, 0, 0],
							"lerp_mode": "catmullrom"
						},
						"1.6667": {
							"post": [-38.75, 0, 0],
							"lerp_mode": "catmullrom"
						},
						"1.7917": {
							"post": [-23.75, 0, 0],
							"lerp_mode": "catmullrom"
						},
						"1.9167": {
							"post": [-36.25, 0, 0],
							"lerp_mode": "catmullrom"
						},
						"2.0417": {
							"post": [-29, 0, 0],
							"lerp_mode": "catmullrom"
						},
						"2.1667": {
							"post": [-41.5, 0, 0],
							"lerp_mode": "catmullrom"
						},
						"2.2917": {
							"post": [-46.5, 0, 0],
							"lerp_mode": "catmullrom"
						},
						"2.4167": {
							"post": [-29, 0, 0],
							"lerp_mode": "catmullrom"
						},
						"2.5417": {
							"post": [-46.5, 0, 0],
							"lerp_mode": "catmullrom"
						},
						"2.7083": {
							"post": [-29, 0, 0],
							"lerp_mode": "catmullrom"
						},
						"2.75": {
							"post": [-29, 0, 0],
							"lerp_mode": "catmullrom"
						},
						"2.9583": {
							"post": [-21.5, 0, 0],
							"lerp_mode": "catmullrom"
						},
						"3.2083": {
							"post": [-34, 0, 0],
							"lerp_mode": "catmullrom"
						},
						"3.6667": {
							"post": [-26.5, 0, 0],
							"lerp_mode": "catmullrom"
						},
						"4.125": {
							"post": [-36.5, 0, 0],
							"lerp_mode": "catmullrom"
						},
						"4.75": {
							"post": [-26.5, 0, 0],
							"lerp_mode": "catmullrom"
						},
						"5.0417": {
							"post": [-36.5, 0, 0],
							"lerp_mode": "catmullrom"
						},
						"5.4583": {
							"post": [-34, 0, 0],
							"lerp_mode": "catmullrom"
						}
					},
					"position": {
						"0.0": {
							"post": [0, 0, 0],
							"lerp_mode": "catmullrom"
						},
						"2.2917": {
							"post": [0, 0, 0],
							"lerp_mode": "catmullrom"
						},
						"2.75": {
							"post": [0, 0, 0],
							"lerp_mode": "catmullrom"
						},
						"5.4583": {
							"post": [0, 0, 0],
							"lerp_mode": "catmullrom"
						}
					},
					"scale": {
						"0.0": {
							"post": [1, 1, 1],
							"lerp_mode": "catmullrom"
						},
						"2.2917": {
							"post": [1, 1, 1],
							"lerp_mode": "catmullrom"
						},
						"2.75": {
							"post": [1, 1, 1],
							"lerp_mode": "catmullrom"
						},
						"5.4583": {
							"post": [1, 1, 1],
							"lerp_mode": "catmullrom"
						}
					}
				},
				"leftArm": {
					"rotation": {
						"0.0": {
							"post": [-80, 0, 0],
							"lerp_mode": "catmullrom"
						},
						"0.2083": {
							"post": [-115, 0, 0],
							"lerp_mode": "catmullrom"
						},
						"0.2917": {
							"post": [-115.18908, -6.79382, 3.18458],
							"lerp_mode": "catmullrom"
						},
						"0.625": {
							"post": [-110.18908, -6.79382, 3.18458],
							"lerp_mode": "catmullrom"
						},
						"1.0417": {
							"post": [-132.68908, -6.79382, 3.18458],
							"lerp_mode": "catmullrom"
						},
						"1.2917": {
							"post": [-114.91696, 19.64898, -16.01002],
							"lerp_mode": "catmullrom"
						},
						"1.5417": {
							"post": [-120.99712, 39.60672, -28.08934],
							"lerp_mode": "catmullrom"
						},
						"2.2917": {
							"post": [-121, 39.61, -28.09],
							"lerp_mode": "catmullrom"
						},
						"2.75": {
							"post": [-121, 39.61, -28.09],
							"lerp_mode": "catmullrom"
						},
						"2.9583": {
							"post": [-113.5, 39.61, -28.09],
							"lerp_mode": "catmullrom"
						},
						"3.2083": {
							"post": [-123.5, 39.61, -28.09],
							"lerp_mode": "catmullrom"
						},
						"3.6667": {
							"post": [-130.5598, 33.24707, -23.14827],
							"lerp_mode": "catmullrom"
						},
						"4.125": {
							"post": [-107.15719, 50.16171, -29.23699],
							"lerp_mode": "catmullrom"
						},
						"4.4167": {
							"post": [-118.10429, 52.5444, -30.44938],
							"lerp_mode": "catmullrom"
						},
						"4.75": {
							"post": [-112.38616, 41.21611, -22.65932],
							"lerp_mode": "catmullrom"
						},
						"5.0417": {
							"post": [-111.43805, 55.015, -31.46496],
							"lerp_mode": "catmullrom"
						},
						"5.2917": {
							"post": [-131.37615, 63.10069, -43.01303],
							"lerp_mode": "catmullrom"
						},
						"5.4583": {
							"post": [-126.37615, 63.10069, -43.01303],
							"lerp_mode": "catmullrom"
						}
					},
					"position": {
						"0.0": {
							"post": [0, 0, 0],
							"lerp_mode": "catmullrom"
						},
						"0.2083": {
							"post": [0, -3, 0],
							"lerp_mode": "catmullrom"
						},
						"1.25": {
							"post": [0, -3, 0],
							"lerp_mode": "catmullrom"
						},
						"1.5417": {
							"post": [2, -5, 3],
							"lerp_mode": "catmullrom"
						},
						"2.2917": {
							"post": [2, -5, 3],
							"lerp_mode": "catmullrom"
						},
						"2.75": {
							"post": [2, -5, 3],
							"lerp_mode": "catmullrom"
						},
						"4.125": {
							"post": [2, -4, 1],
							"lerp_mode": "catmullrom"
						},
						"5.4583": {
							"post": [2, -4, 1],
							"lerp_mode": "catmullrom"
						}
					},
					"scale": {
						"0.0": {
							"post": [1, 1, 1],
							"lerp_mode": "catmullrom"
						},
						"2.2917": {
							"post": [1, 1, 1],
							"lerp_mode": "catmullrom"
						},
						"2.75": {
							"post": [1, 1, 1],
							"lerp_mode": "catmullrom"
						},
						"5.4583": {
							"post": [1, 1, 1],
							"lerp_mode": "catmullrom"
						}
					}
				},
				"rightArm": {
					"rotation": {
						"0.0": {
							"post": [-67.5, 0, 0],
							"lerp_mode": "catmullrom"
						},
						"0.2083": {
							"post": [62.5, 0, 0],
							"lerp_mode": "catmullrom"
						},
						"0.2917": {
							"post": [61.93319, -11.06861, 5.84485],
							"lerp_mode": "catmullrom"
						},
						"0.625": {
							"post": [60.12771, -22.01609, 12.15123],
							"lerp_mode": "catmullrom"
						},
						"1.0417": {
							"post": [20.12771, -22.01609, 12.15123],
							"lerp_mode": "catmullrom"
						},
						"1.2917": {
							"post": [-17.37229, -22.01609, 12.15123],
							"lerp_mode": "catmullrom"
						},
						"1.5417": {
							"post": [-149.78433, 16.0577, 52.94372],
							"lerp_mode": "catmullrom"
						},
						"1.6667": {
							"post": [-139.78433, 16.0577, 52.94372],
							"lerp_mode": "catmullrom"
						},
						"2.2917": {
							"post": [-139.78, 16.06, 52.94],
							"lerp_mode": "catmullrom"
						},
						"2.75": {
							"post": [-139.78, 16.06, 52.94],
							"lerp_mode": "catmullrom"
						},
						"2.9583": {
							"post": [-124.78, 16.06, 52.94],
							"lerp_mode": "catmullrom"
						},
						"3.2083": {
							"post": [-137.28, 16.06, 52.94],
							"lerp_mode": "catmullrom"
						},
						"3.6667": {
							"post": [-140.39396, 7.4107, 62.16737],
							"lerp_mode": "catmullrom"
						},
						"4.125": {
							"post": [-153.55832, 18.24684, 48.04794],
							"lerp_mode": "catmullrom"
						},
						"4.4167": {
							"post": [-149.33962, 23.0273, 38.68328],
							"lerp_mode": "catmullrom"
						},
						"4.75": {
							"post": [-146.19307, 17.68185, 47.70331],
							"lerp_mode": "catmullrom"
						},
						"5.0417": {
							"post": [-169.01787, 11.95036, 56.18444],
							"lerp_mode": "catmullrom"
						},
						"5.2917": {
							"post": [-164.76196, 15.9486, 22.91511],
							"lerp_mode": "catmullrom"
						},
						"5.4583": {
							"post": [-158.99294, 6.40788, 51.95733],
							"lerp_mode": "catmullrom"
						}
					},
					"position": {
						"0.0": {
							"post": [0, 0, 0],
							"lerp_mode": "catmullrom"
						},
						"0.2917": {
							"post": [0, 2, 2],
							"lerp_mode": "catmullrom"
						},
						"1.0417": {
							"post": [0, 0, 1],
							"lerp_mode": "catmullrom"
						},
						"1.5": {
							"post": [-0.92, -2, -1.75],
							"lerp_mode": "catmullrom"
						},
						"1.5417": {
							"post": [-1, 1, -2],
							"lerp_mode": "catmullrom"
						},
						"1.6667": {
							"post": [-1, -1, -2],
							"lerp_mode": "catmullrom"
						},
						"1.7917": {
							"post": [-1, 0, -2],
							"lerp_mode": "catmullrom"
						},
						"1.9167": {
							"post": [-1, -2, -2],
							"lerp_mode": "catmullrom"
						},
						"2.0417": {
							"post": [-1, 0, -2],
							"lerp_mode": "catmullrom"
						},
						"2.1667": {
							"post": [-1, -2, -2],
							"lerp_mode": "catmullrom"
						},
						"2.2917": {
							"post": [-1, -3, -2],
							"lerp_mode": "catmullrom"
						},
						"2.4167": {
							"post": [-1, -1, -2],
							"lerp_mode": "catmullrom"
						},
						"2.5417": {
							"post": [-1, -3, -2],
							"lerp_mode": "catmullrom"
						},
						"2.75": {
							"post": [-1, -1, -2],
							"lerp_mode": "catmullrom"
						},
						"5.4583": {
							"post": [-1, -1, -2],
							"lerp_mode": "catmullrom"
						}
					},
					"scale": {
						"0.0": {
							"post": [1, 1, 1],
							"lerp_mode": "catmullrom"
						},
						"2.2917": {
							"post": [1, 1, 1],
							"lerp_mode": "catmullrom"
						},
						"2.75": {
							"post": [1, 1, 1],
							"lerp_mode": "catmullrom"
						},
						"5.4583": {
							"post": [1, 1, 1],
							"lerp_mode": "catmullrom"
						}
					}
				},
				"leftLeg": {
					"rotation": {
						"0.0": {
							"post": [-30, 0, 0],
							"lerp_mode": "catmullrom"
						},
						"0.2083": {
							"post": [42.5, 0, 0],
							"lerp_mode": "catmullrom"
						},
						"0.625": {
							"post": [30, 0, 0],
							"lerp_mode": "catmullrom"
						},
						"1.0417": {
							"post": [43.64293, -12.27659, 12.56853],
							"lerp_mode": "catmullrom"
						},
						"1.5417": {
							"post": [-118.20816, -23.39673, 18.57842],
							"lerp_mode": "catmullrom"
						},
						"1.7083": {
							"post": [-88.20816, -23.39673, 18.57842],
							"lerp_mode": "catmullrom"
						},
						"1.9167": {
							"post": [-123.20816, -23.39673, 18.57842],
							"lerp_mode": "catmullrom"
						},
						"2.125": {
							"post": [-93.20816, -23.39673, 18.57842],
							"lerp_mode": "catmullrom"
						},
						"2.2917": {
							"post": [-118.20816, -23.39673, 18.57842],
							"lerp_mode": "catmullrom"
						},
						"2.4583": {
							"post": [-83.20816, -23.39673, 18.57842],
							"lerp_mode": "catmullrom"
						},
						"2.625": {
							"post": [-115.70816, -23.39673, 18.57842],
							"lerp_mode": "catmullrom"
						},
						"2.75": {
							"post": [-83.20816, -23.39673, 18.57842],
							"lerp_mode": "catmullrom"
						},
						"3.2083": {
							"post": [-73.20816, -23.39673, 18.57842],
							"lerp_mode": "catmullrom"
						},
						"3.6667": {
							"post": [-88.20816, -23.39673, 18.57842],
							"lerp_mode": "catmullrom"
						},
						"4.125": {
							"post": [-73.20816, -23.39673, 18.57842],
							"lerp_mode": "catmullrom"
						},
						"4.4167": {
							"post": [-77.93216, -37.66001, 13.15874],
							"lerp_mode": "catmullrom"
						},
						"4.75": {
							"post": [-97.93216, -37.66001, 13.15874],
							"lerp_mode": "catmullrom"
						},
						"5.0417": {
							"post": [-75.43216, -37.66001, 13.15874],
							"lerp_mode": "catmullrom"
						},
						"5.2917": {
							"post": [-61.20035, 7.21773, -0.29427],
							"lerp_mode": "catmullrom"
						},
						"5.4583": {
							"post": [-79.67787, -13.82209, -3.67627],
							"lerp_mode": "catmullrom"
						}
					},
					"position": {
						"0.0": {
							"post": [0, 0, 0],
							"lerp_mode": "catmullrom"
						},
						"2.2917": {
							"post": [0, 0, 0],
							"lerp_mode": "catmullrom"
						},
						"2.75": {
							"post": [0, 0, 0],
							"lerp_mode": "catmullrom"
						},
						"5.4583": {
							"post": [0, 0, 0],
							"lerp_mode": "catmullrom"
						}
					},
					"scale": {
						"0.0": {
							"post": [1, 1, 1],
							"lerp_mode": "catmullrom"
						},
						"2.2917": {
							"post": [1, 1, 1],
							"lerp_mode": "catmullrom"
						},
						"2.75": {
							"post": [1, 1, 1],
							"lerp_mode": "catmullrom"
						},
						"5.4583": {
							"post": [1, 1, 1],
							"lerp_mode": "catmullrom"
						}
					}
				},
				"rightLeg": {
					"rotation": {
						"0.0": {
							"post": [7.5, 0, 0],
							"lerp_mode": "catmullrom"
						},
						"0.2083": {
							"post": [-47.5, 0, 0],
							"lerp_mode": "catmullrom"
						},
						"0.625": {
							"post": [-65, 0, 0],
							"lerp_mode": "catmullrom"
						},
						"1.0417": {
							"post": [-46.50931, -11.00072, -10.26078],
							"lerp_mode": "catmullrom"
						},
						"1.2917": {
							"post": [-46.31206, -7.26625, -6.88887],
							"lerp_mode": "catmullrom"
						},
						"1.5417": {
							"post": [-81.75, 0, 0],
							"lerp_mode": "catmullrom"
						},
						"1.7083": {
							"post": [-119.25, 0, 0],
							"lerp_mode": "catmullrom"
						},
						"1.9167": {
							"post": [-99.8324, 19.72905, -3.3483],
							"lerp_mode": "catmullrom"
						},
						"2.125": {
							"post": [-139.25, 0, 0],
							"lerp_mode": "catmullrom"
						},
						"2.2917": {
							"post": [-91.75, 0, 0],
							"lerp_mode": "catmullrom"
						},
						"2.4583": {
							"post": [-121.75, 0, 0],
							"lerp_mode": "catmullrom"
						},
						"2.625": {
							"post": [-86.75, 0, 0],
							"lerp_mode": "catmullrom"
						},
						"2.75": {
							"post": [-106.75, 0, 0],
							"lerp_mode": "catmullrom"
						},
						"2.9583": {
							"post": [-89.20187, 19.99821, 0.27297],
							"lerp_mode": "catmullrom"
						},
						"3.2083": {
							"post": [-69.20187, 19.99821, 0.27297],
							"lerp_mode": "catmullrom"
						},
						"3.6667": {
							"post": [-59.20187, 19.99821, 0.27297],
							"lerp_mode": "catmullrom"
						},
						"4.125": {
							"post": [-69.20187, 19.99821, 0.27297],
							"lerp_mode": "catmullrom"
						},
						"4.4167": {
							"post": [-89.20187, 19.99821, 0.27297],
							"lerp_mode": "catmullrom"
						},
						"4.75": {
							"post": [-109.20187, 19.99821, 0.27297],
							"lerp_mode": "catmullrom"
						},
						"5.0417": {
							"post": [-118.10932, -6.10881, 9.05844],
							"lerp_mode": "catmullrom"
						},
						"5.2917": {
							"post": [-76.65358, 15.91478, -2.89139],
							"lerp_mode": "catmullrom"
						},
						"5.4583": {
							"post": [-59.15358, 15.91478, -2.89139],
							"lerp_mode": "catmullrom"
						}
					},
					"position": {
						"0.0": {
							"post": [0, 0, 0],
							"lerp_mode": "catmullrom"
						},
						"0.2917": {
							"post": [0, 5, -1],
							"lerp_mode": "catmullrom"
						},
						"1.5417": {
							"post": [0, 0, 0],
							"lerp_mode": "catmullrom"
						},
						"2.2917": {
							"post": [0, 0, 0],
							"lerp_mode": "catmullrom"
						},
						"2.75": {
							"post": [0, 0, 0],
							"lerp_mode": "catmullrom"
						},
						"5.4583": {
							"post": [0, 0, 0],
							"lerp_mode": "catmullrom"
						}
					},
					"scale": {
						"0.0": {
							"post": [1, 1, 1],
							"lerp_mode": "catmullrom"
						},
						"2.2917": {
							"post": [1, 1, 1],
							"lerp_mode": "catmullrom"
						},
						"2.75": {
							"post": [1, 1, 1],
							"lerp_mode": "catmullrom"
						},
						"5.4583": {
							"post": [1, 1, 1],
							"lerp_mode": "catmullrom"
						}
					}
				},
				"Hair": {
					"rotation": {
						"0.5833": {
							"pre": [0, 0, 0],
							"post": [0, 0, 0],
							"lerp_mode": "catmullrom"
						},
						"1.0833": {
							"post": [0, 0, 0],
							"lerp_mode": "catmullrom"
						},
						"3.3333": {
							"post": [0, 0, 0],
							"lerp_mode": "catmullrom"
						},
						"5.4583": {
							"post": [0, 0, 0],
							"lerp_mode": "catmullrom"
						}
					},
					"position": {
						"0.5833": {
							"pre": [0, 0, 0],
							"post": [0, 0, 0],
							"lerp_mode": "catmullrom"
						},
						"1.0417": {
							"post": [0, 0, 0],
							"lerp_mode": "catmullrom"
						},
						"3.3333": {
							"post": [0, 0, 0],
							"lerp_mode": "catmullrom"
						},
						"5.4583": {
							"post": [0, 0, 0],
							"lerp_mode": "catmullrom"
						}
					},
					"scale": {
						"0.5833": {
							"pre": [0, 0, 1],
							"post": [0, 0, 1],
							"lerp_mode": "catmullrom"
						},
						"0.7083": {
							"post": [1, 1, 1],
							"lerp_mode": "catmullrom"
						},
						"0.7917": {
							"post": [0.9, 0.8, 0.8],
							"lerp_mode": "catmullrom"
						},
						"1.0417": {
							"post": [1, 1, 1],
							"lerp_mode": "catmullrom"
						},
						"3.3333": {
							"post": [1, 1, 1],
							"lerp_mode": "catmullrom"
						},
						"5.4583": {
							"post": [1, 1, 1],
							"lerp_mode": "catmullrom"
						}
					}
				}
			}
		},
		"animation.gear5.beyblade": {
			"loop": true,
			"animation_length": 1.79167,
			"bones": {
				"root": {
					"rotation": {
						"0.0": {
							"post": [0, 0, 0],
							"lerp_mode": "catmullrom"
						},
						"0.625": {
							"post": [0, 0, 0],
							"lerp_mode": "catmullrom"
						},
						"1.3333": {
							"post": [0, 1075, 0],
							"lerp_mode": "catmullrom"
						},
						"1.7917": {
							"post": [0, 1075, 0],
							"lerp_mode": "catmullrom"
						}
					},
					"position": {
						"0.0": {
							"post": [0, 0, 0],
							"lerp_mode": "catmullrom"
						},
						"1.4167": {
							"post": [0, -1, 0],
							"lerp_mode": "catmullrom"
						},
						"1.7917": {
							"post": [0, -1, 0],
							"lerp_mode": "catmullrom"
						}
					},
					"scale": {
						"0.0": {
							"post": [1, 1, 1],
							"lerp_mode": "catmullrom"
						},
						"1.7917": {
							"post": [1, 1, 1],
							"lerp_mode": "catmullrom"
						}
					}
				},
				"waist": {
					"rotation": {
						"0.0": {
							"post": [0, 0, 0],
							"lerp_mode": "catmullrom"
						},
						"0.1667": {
							"post": [39.11051, 47.93659, 31.11356],
							"lerp_mode": "catmullrom"
						},
						"0.3333": {
							"post": [47.81374, -55.22456, -42.18626],
							"lerp_mode": "catmullrom"
						},
						"0.5": {
							"post": [2.5, 0, 0],
							"lerp_mode": "catmullrom"
						},
						"1.3333": {
							"post": [2.5, 0, 0],
							"lerp_mode": "catmullrom"
						},
						"1.4167": {
							"post": [-1.6772, 26.30313, -14.49095],
							"lerp_mode": "catmullrom"
						},
						"1.5417": {
							"post": [5.75211, 35.13148, -1.10924],
							"lerp_mode": "catmullrom"
						},
						"1.7083": {
							"post": [2.53033, 3.26087, 0.0243],
							"lerp_mode": "catmullrom"
						},
						"1.7917": {
							"post": [2.53, 3.26, 0.02],
							"lerp_mode": "catmullrom"
						}
					},
					"position": {
						"0.0": {
							"post": [0, 0, 0],
							"lerp_mode": "catmullrom"
						},
						"0.4167": {
							"post": [0, 0, 0],
							"lerp_mode": "catmullrom"
						},
						"1.3333": {
							"post": [0, 0, 0],
							"lerp_mode": "catmullrom"
						},
						"1.7917": {
							"post": [0, 0, 0],
							"lerp_mode": "catmullrom"
						}
					},
					"scale": {
						"0.0": {
							"post": [1, 1, 1],
							"lerp_mode": "catmullrom"
						},
						"0.4167": {
							"post": [1, 1, 1],
							"lerp_mode": "catmullrom"
						},
						"1.3333": {
							"post": [1, 1, 1],
							"lerp_mode": "catmullrom"
						},
						"1.7917": {
							"post": [1, 1, 1],
							"lerp_mode": "catmullrom"
						}
					}
				},
				"head": {
					"rotation": {
						"0.0": {
							"post": [0, 0, 0],
							"lerp_mode": "catmullrom"
						},
						"0.4583": {
							"post": [0, 0, 0],
							"lerp_mode": "catmullrom"
						},
						"1.3333": {
							"post": [0, -1080, 0],
							"lerp_mode": "catmullrom"
						},
						"1.7917": {
							"post": [0, -1080, 0],
							"lerp_mode": "catmullrom"
						}
					}
				},
				"leftArm": {
					"rotation": {
						"0.0": {
							"post": [0, 0, 0],
							"lerp_mode": "catmullrom"
						},
						"0.1667": {
							"post": [-35, -52.5, -32.5],
							"lerp_mode": "catmullrom"
						},
						"0.3333": {
							"post": [-59.93996, 5.41935, 19.19728],
							"lerp_mode": "catmullrom"
						},
						"0.5": {
							"post": [59.06749, -14.04185, -155.65863],
							"lerp_mode": "catmullrom"
						},
						"0.5833": {
							"post": [45.7825, -44.35226, -129.70669],
							"lerp_mode": "catmullrom"
						},
						"1.25": {
							"post": [45.78, -44.35, -129.71],
							"lerp_mode": "catmullrom"
						},
						"1.4167": {
							"post": [-106.60179, -11.31335, -55.84411],
							"lerp_mode": "catmullrom"
						},
						"1.5417": {
							"post": [-116.86612, 15.06369, -63.6967],
							"lerp_mode": "catmullrom"
						},
						"1.6667": {
							"post": [-55.58573, 27.34176, -80.68629],
							"lerp_mode": "catmullrom"
						},
						"1.75": {
							"post": [0, 0, -17.5],
							"lerp_mode": "catmullrom"
						},
						"1.7917": {
							"post": [0, 0, -17.5],
							"lerp_mode": "catmullrom"
						}
					},
					"position": {
						"0.0": {
							"post": [0, 0, 0],
							"lerp_mode": "catmullrom"
						},
						"0.4167": {
							"post": [0, 0, 0],
							"lerp_mode": "catmullrom"
						},
						"1.25": {
							"post": [0, 0, 0],
							"lerp_mode": "catmullrom"
						},
						"1.4167": {
							"post": [0, 0, 0],
							"lerp_mode": "catmullrom"
						},
						"1.7917": {
							"post": [0, 0, 0],
							"lerp_mode": "catmullrom"
						}
					},
					"scale": {
						"0.0": {
							"post": [1, 1, 1],
							"lerp_mode": "catmullrom"
						},
						"0.4167": {
							"post": [1, 1, 1],
							"lerp_mode": "catmullrom"
						},
						"0.5": {
							"post": [1, 3.1, 1],
							"lerp_mode": "catmullrom"
						},
						"1.25": {
							"post": [1, 3.1, 1],
							"lerp_mode": "catmullrom"
						},
						"1.4167": {
							"post": [1, 1, 1],
							"lerp_mode": "catmullrom"
						},
						"1.7917": {
							"post": [1, 1, 1],
							"lerp_mode": "catmullrom"
						}
					}
				},
				"rightArm": {
					"rotation": {
						"0.0": {
							"post": [0, 0, 0],
							"lerp_mode": "catmullrom"
						},
						"0.1667": {
							"post": [19.68558, -9.76061, 77.31336],
							"lerp_mode": "catmullrom"
						},
						"0.3333": {
							"post": [-75.31442, -9.76061, 77.31336],
							"lerp_mode": "catmullrom"
						},
						"0.5": {
							"post": [-65.31442, -9.76061, 77.31336],
							"lerp_mode": "catmullrom"
						},
						"0.5833": {
							"post": [-32.81442, -9.76061, 77.31336],
							"lerp_mode": "catmullrom"
						},
						"1.25": {
							"post": [-32.81, -9.76, 77.31],
							"lerp_mode": "catmullrom"
						},
						"1.4167": {
							"post": [-74.94895, 51.84436, 8.07896],
							"lerp_mode": "catmullrom"
						},
						"1.5417": {
							"post": [-52.40883, 74.75245, 32.7431],
							"lerp_mode": "catmullrom"
						},
						"1.6667": {
							"post": [-79.05471, 32.33457, 2.04517],
							"lerp_mode": "catmullrom"
						},
						"1.75": {
							"post": [0, 0, 0],
							"lerp_mode": "catmullrom"
						},
						"1.7917": {
							"post": [0, 0, 0],
							"lerp_mode": "catmullrom"
						}
					},
					"position": {
						"0.0": {
							"post": [0, 0, 0],
							"lerp_mode": "catmullrom"
						},
						"0.4167": {
							"post": [0, 0, 0],
							"lerp_mode": "catmullrom"
						},
						"1.25": {
							"post": [0, 0, 0],
							"lerp_mode": "catmullrom"
						},
						"1.4167": {
							"post": [0, 0, 0],
							"lerp_mode": "catmullrom"
						},
						"1.7917": {
							"post": [0, 0, 0],
							"lerp_mode": "catmullrom"
						}
					},
					"scale": {
						"0.0": {
							"post": [1, 1, 1],
							"lerp_mode": "catmullrom"
						},
						"0.4167": {
							"post": [1, 1, 1],
							"lerp_mode": "catmullrom"
						},
						"0.5": {
							"post": [1, 3.1, 1],
							"lerp_mode": "catmullrom"
						},
						"1.25": {
							"post": [1, 3.1, 1],
							"lerp_mode": "catmullrom"
						},
						"1.4167": {
							"post": [1, 1, 1],
							"lerp_mode": "catmullrom"
						},
						"1.7917": {
							"post": [1, 1, 1],
							"lerp_mode": "catmullrom"
						}
					}
				},
				"leftLeg": {
					"rotation": {
						"0.0": {
							"post": [0, 0, 0],
							"lerp_mode": "catmullrom"
						},
						"0.4167": {
							"post": [0, 0, 0],
							"lerp_mode": "catmullrom"
						},
						"0.5": {
							"post": [47.5, 0, -22.5],
							"lerp_mode": "catmullrom"
						},
						"1.4167": {
							"post": [7.24721, -1.93597, -7.62261],
							"lerp_mode": "catmullrom"
						},
						"1.7917": {
							"post": [7.25, -1.94, -7.62],
							"lerp_mode": "catmullrom"
						}
					},
					"position": {
						"0.0": {
							"post": [0, 0, 0],
							"lerp_mode": "catmullrom"
						},
						"0.4167": {
							"post": [0, 0, 0],
							"lerp_mode": "catmullrom"
						},
						"1.7917": {
							"post": [0, 0, 0],
							"lerp_mode": "catmullrom"
						}
					},
					"scale": {
						"0.0": {
							"post": [1, 1, 1],
							"lerp_mode": "catmullrom"
						},
						"0.4167": {
							"post": [1, 1, 1],
							"lerp_mode": "catmullrom"
						},
						"1.7917": {
							"post": [1, 1, 1],
							"lerp_mode": "catmullrom"
						}
					}
				},
				"rightLeg": {
					"rotation": {
						"0.0": {
							"post": [0, 0, 0],
							"lerp_mode": "catmullrom"
						},
						"0.4167": {
							"post": [0, 0, 0],
							"lerp_mode": "catmullrom"
						},
						"0.5": {
							"post": [-62.5, 0, 25],
							"lerp_mode": "catmullrom"
						},
						"1.4167": {
							"post": [17.10967, 3.73171, 13.06155],
							"lerp_mode": "catmullrom"
						},
						"1.7917": {
							"post": [17.11, 3.73, 13.06],
							"lerp_mode": "catmullrom"
						}
					},
					"position": {
						"0.0": {
							"post": [0, 0, 0],
							"lerp_mode": "catmullrom"
						},
						"0.4167": {
							"post": [0, 0, 0],
							"lerp_mode": "catmullrom"
						},
						"1.7917": {
							"post": [0, 0, 0],
							"lerp_mode": "catmullrom"
						}
					},
					"scale": {
						"0.0": {
							"post": [1, 1, 1],
							"lerp_mode": "catmullrom"
						},
						"0.4167": {
							"post": [1, 1, 1],
							"lerp_mode": "catmullrom"
						},
						"1.7917": {
							"post": [1, 1, 1],
							"lerp_mode": "catmullrom"
						}
					}
				}
			}
		},
		"animation.gear.giant": {
			"loop": true,
			"animation_length": 1.875,
			"bones": {
				"root": {
					"rotation": {
						"0.0": {
							"post": [0, 0, 0],
							"lerp_mode": "catmullrom"
						},
						"0.5833": {
							"post": [0, 0, 0],
							"lerp_mode": "catmullrom"
						},
						"1.5417": {
							"post": [0, 0, 0],
							"lerp_mode": "catmullrom"
						},
						"1.6667": {
							"post": [0, 0, 0],
							"lerp_mode": "catmullrom"
						},
						"1.875": {
							"post": [0, 0, 0],
							"lerp_mode": "catmullrom"
						}
					},
					"position": {
						"0.0": {
							"post": [0, 0, 0],
							"lerp_mode": "catmullrom"
						},
						"0.5833": {
							"post": [0, 0, 0],
							"lerp_mode": "catmullrom"
						},
						"0.75": {
							"post": [0, 20, -15],
							"lerp_mode": "catmullrom"
						},
						"1.5417": {
							"post": [0, 43, -15],
							"lerp_mode": "catmullrom"
						},
						"1.6667": {
							"post": [0, 0, 0],
							"lerp_mode": "catmullrom"
						},
						"1.875": {
							"post": [0, 0, 0],
							"lerp_mode": "catmullrom"
						}
					},
					"scale": {
						"0.0": {
							"post": [1, 1, 1],
							"lerp_mode": "catmullrom"
						},
						"0.5833": {
							"post": [1, 1, 1],
							"lerp_mode": "catmullrom"
						},
						"0.75": {
							"post": [3.6, 3.9, 3.2],
							"lerp_mode": "catmullrom"
						},
						"1.5417": {
							"post": [3.6, 3.9, 3.2],
							"lerp_mode": "catmullrom"
						},
						"1.6667": {
							"post": [1, 1, 1],
							"lerp_mode": "catmullrom"
						},
						"1.875": {
							"post": [1, 1, 1],
							"lerp_mode": "catmullrom"
						}
					}
				},
				"waist": {
					"rotation": {
						"0.0": {
							"post": [0, 0, 0],
							"lerp_mode": "catmullrom"
						},
						"0.125": {
							"post": [30, 0, 0],
							"lerp_mode": "catmullrom"
						},
						"0.2917": {
							"post": [-5.07673, 9.96156, -0.88045],
							"lerp_mode": "catmullrom"
						},
						"0.4167": {
							"post": [-5.12076, -12.45167, 1.10693],
							"lerp_mode": "catmullrom"
						},
						"0.5833": {
							"post": [-5, 0, 0],
							"lerp_mode": "catmullrom"
						},
						"1.1667": {
							"post": [-25, 0, 0],
							"lerp_mode": "catmullrom"
						},
						"1.25": {
							"post": [-25, 0, 0],
							"lerp_mode": "catmullrom"
						},
						"1.3333": {
							"post": [50, 0, 0],
							"lerp_mode": "catmullrom"
						},
						"1.5417": {
							"post": [42.5, 0, 0],
							"lerp_mode": "catmullrom"
						},
						"1.6667": {
							"post": [-25, 0, 0],
							"lerp_mode": "catmullrom"
						},
						"1.7917": {
							"post": [12.5, 0, 0],
							"lerp_mode": "catmullrom"
						},
						"1.875": {
							"post": [12.5, 0, 0],
							"lerp_mode": "catmullrom"
						}
					},
					"position": {
						"0.0": {
							"post": [0, 0, 0],
							"lerp_mode": "catmullrom"
						},
						"1.25": {
							"post": [0, 0, 0],
							"lerp_mode": "catmullrom"
						},
						"1.5417": {
							"post": [0, 0, 0],
							"lerp_mode": "catmullrom"
						},
						"1.875": {
							"post": [0, 0, 0],
							"lerp_mode": "catmullrom"
						}
					},
					"scale": {
						"0.0": {
							"post": [1, 1, 1],
							"lerp_mode": "catmullrom"
						},
						"1.25": {
							"post": [1, 1, 1],
							"lerp_mode": "catmullrom"
						},
						"1.5417": {
							"post": [1, 1, 1],
							"lerp_mode": "catmullrom"
						},
						"1.875": {
							"post": [1, 1, 1],
							"lerp_mode": "catmullrom"
						}
					}
				},
				"leftArm": {
					"rotation": {
						"0.0": {
							"post": [0, 0, 0],
							"lerp_mode": "catmullrom"
						},
						"0.125": {
							"post": [-120.3143, -44.89173, -15.20385],
							"lerp_mode": "catmullrom"
						},
						"0.5417": {
							"post": [-120.3143, -44.89173, -15.20385],
							"lerp_mode": "catmullrom"
						},
						"0.75": {
							"post": [6.67534, -7.50517, -46.73347],
							"lerp_mode": "catmullrom"
						},
						"0.8333": {
							"post": [6.95223, 7.24964, -140.85419],
							"lerp_mode": "catmullrom"
						},
						"1.0417": {
							"post": [6.67534, -7.50517, -46.73347],
							"lerp_mode": "catmullrom"
						},
						"1.2083": {
							"post": [-81.47206, -48.95415, -35.59286],
							"lerp_mode": "catmullrom"
						},
						"1.3333": {
							"post": [-3.97206, -48.95415, -35.59286],
							"lerp_mode": "catmullrom"
						},
						"1.5": {
							"post": [13.0014, -47.75001, -58.17308],
							"lerp_mode": "catmullrom"
						},
						"1.5417": {
							"post": [-3.97, -48.95, -35.59],
							"lerp_mode": "catmullrom"
						},
						"1.6667": {
							"post": [-81.47206, -48.95415, -35.59286],
							"lerp_mode": "catmullrom"
						},
						"1.7917": {
							"post": [-8.97206, -48.95415, -35.59286],
							"lerp_mode": "catmullrom"
						},
						"1.875": {
							"post": [-8.97, -48.95, -35.59],
							"lerp_mode": "catmullrom"
						}
					},
					"position": {
						"0.0": {
							"post": [0, 0, 0],
							"lerp_mode": "catmullrom"
						},
						"0.125": {
							"post": [0, -3, 0],
							"lerp_mode": "catmullrom"
						},
						"0.5417": {
							"post": [0, -3, 0],
							"lerp_mode": "catmullrom"
						},
						"0.75": {
							"post": [0, -1, 3],
							"lerp_mode": "catmullrom"
						},
						"1.2083": {
							"post": [0, -2, 3],
							"lerp_mode": "catmullrom"
						},
						"1.5417": {
							"post": [0, -2, 3],
							"lerp_mode": "catmullrom"
						},
						"1.6667": {
							"post": [0, -2, 3],
							"lerp_mode": "catmullrom"
						},
						"1.875": {
							"post": [0, -2, 3],
							"lerp_mode": "catmullrom"
						}
					},
					"scale": {
						"0.0": {
							"post": [1, 1, 1],
							"lerp_mode": "catmullrom"
						},
						"0.125": {
							"post": [1, 1, 1],
							"lerp_mode": "catmullrom"
						},
						"0.2083": {
							"post": [1, 1, 1],
							"lerp_mode": "catmullrom"
						},
						"0.2917": {
							"post": [1.4, 1.3, 1.5],
							"lerp_mode": "catmullrom"
						},
						"0.375": {
							"post": [1.2, 1.1, 1.1],
							"lerp_mode": "catmullrom"
						},
						"0.4583": {
							"post": [1.5, 1.3, 1.5],
							"lerp_mode": "catmullrom"
						},
						"0.8333": {
							"post": [1.5, 1.3, 1.5],
							"lerp_mode": "catmullrom"
						},
						"1.1667": {
							"post": [1, 1, 1],
							"lerp_mode": "catmullrom"
						},
						"1.5417": {
							"post": [1, 1, 1],
							"lerp_mode": "catmullrom"
						},
						"1.6667": {
							"post": [1, 1, 1],
							"lerp_mode": "catmullrom"
						},
						"1.875": {
							"post": [1, 1, 1],
							"lerp_mode": "catmullrom"
						}
					}
				},
				"rightArm": {
					"rotation": {
						"0.0": {
							"post": [0, 0, 0],
							"lerp_mode": "catmullrom"
						},
						"0.125": {
							"post": [-112.5, 55, 30],
							"lerp_mode": "catmullrom"
						},
						"0.5417": {
							"post": [-112.5, 55, 30],
							"lerp_mode": "catmullrom"
						},
						"0.75": {
							"post": [-11.28321, -60.28437, 71.95778],
							"lerp_mode": "catmullrom"
						},
						"0.8333": {
							"post": [78.71679, -60.28437, 71.95778],
							"lerp_mode": "catmullrom"
						},
						"1.0417": {
							"post": [-13.78321, -60.28437, 71.95778],
							"lerp_mode": "catmullrom"
						},
						"1.2083": {
							"post": [-54.40689, -17.82069, 132.50639],
							"lerp_mode": "catmullrom"
						},
						"1.3333": {
							"post": [28.91268, -50.72839, 19.35583],
							"lerp_mode": "catmullrom"
						},
						"1.5": {
							"post": [46.41054, -50.72968, 19.35917],
							"lerp_mode": "catmullrom"
						},
						"1.5417": {
							"post": [28.91, -50.73, 19.36],
							"lerp_mode": "catmullrom"
						},
						"1.6667": {
							"post": [-54.40689, -17.82069, 132.50639],
							"lerp_mode": "catmullrom"
						},
						"1.7917": {
							"post": [31.49727, -49.47019, 15.98739],
							"lerp_mode": "catmullrom"
						},
						"1.875": {
							"post": [31.5, -49.47, 15.99],
							"lerp_mode": "catmullrom"
						}
					},
					"position": {
						"0.0": {
							"post": [0, 0, 0],
							"lerp_mode": "catmullrom"
						},
						"0.125": {
							"post": [0, -4, -1],
							"lerp_mode": "catmullrom"
						},
						"0.5417": {
							"post": [0, -4, -1],
							"lerp_mode": "catmullrom"
						},
						"0.75": {
							"post": [0, -2, 3],
							"lerp_mode": "catmullrom"
						},
						"1.5417": {
							"post": [0, -2, 3],
							"lerp_mode": "catmullrom"
						},
						"1.6667": {
							"post": [0, -2, 3],
							"lerp_mode": "catmullrom"
						},
						"1.875": {
							"post": [0, -2, 3],
							"lerp_mode": "catmullrom"
						}
					},
					"scale": {
						"0.0": {
							"post": [1, 1, 1],
							"lerp_mode": "catmullrom"
						},
						"0.125": {
							"post": [1, 1, 1],
							"lerp_mode": "catmullrom"
						},
						"0.2083": {
							"post": [1, 1, 1],
							"lerp_mode": "catmullrom"
						},
						"0.2917": {
							"post": [1.4, 1.3, 1.5],
							"lerp_mode": "catmullrom"
						},
						"0.375": {
							"post": [1.4, 1.1, 1.2],
							"lerp_mode": "catmullrom"
						},
						"0.4583": {
							"post": [1.4, 1.2, 1.4],
							"lerp_mode": "catmullrom"
						},
						"0.8333": {
							"post": [1.4, 1.2, 1.4],
							"lerp_mode": "catmullrom"
						},
						"1.1667": {
							"post": [1, 1, 1],
							"lerp_mode": "catmullrom"
						},
						"1.5417": {
							"post": [1, 1, 1],
							"lerp_mode": "catmullrom"
						},
						"1.6667": {
							"post": [1, 1, 1],
							"lerp_mode": "catmullrom"
						},
						"1.875": {
							"post": [1, 1, 1],
							"lerp_mode": "catmullrom"
						}
					}
				},
				"leftLeg": {
					"rotation": {
						"0.0": {
							"post": [0, 0, 0],
							"lerp_mode": "catmullrom"
						},
						"0.125": {
							"post": [-57.10125, -8.42145, -5.41207],
							"lerp_mode": "catmullrom"
						},
						"0.2917": {
							"post": [-34.60125, -8.42145, -5.41207],
							"lerp_mode": "catmullrom"
						},
						"0.75": {
							"post": [-34.60125, -8.42145, -5.41207],
							"lerp_mode": "catmullrom"
						},
						"0.8333": {
							"post": [-127.10125, -8.42145, -5.41207],
							"lerp_mode": "catmullrom"
						},
						"1.0417": {
							"post": [-67.10125, -8.42145, -5.41207],
							"lerp_mode": "catmullrom"
						},
						"1.1667": {
							"post": [35.39875, -8.42145, -5.41207],
							"lerp_mode": "catmullrom"
						},
						"1.2083": {
							"post": [67.89875, -8.42145, -5.41207],
							"lerp_mode": "catmullrom"
						},
						"1.5": {
							"post": [75.39875, -8.42145, -5.41207],
							"lerp_mode": "catmullrom"
						},
						"1.7917": {
							"post": [17.89875, -8.42145, -5.41207],
							"lerp_mode": "catmullrom"
						},
						"1.875": {
							"post": [17.9, -8.42, -5.41],
							"lerp_mode": "catmullrom"
						}
					},
					"position": {
						"0.0": {
							"post": [0, 0, 0],
							"lerp_mode": "catmullrom"
						},
						"1.875": {
							"post": [0, 0, 0],
							"lerp_mode": "catmullrom"
						}
					},
					"scale": {
						"0.0": {
							"post": [1, 1, 1],
							"lerp_mode": "catmullrom"
						},
						"1.875": {
							"post": [1, 1, 1],
							"lerp_mode": "catmullrom"
						}
					}
				},
				"rightLeg": {
					"rotation": {
						"0.0": {
							"post": [0, 0, 0],
							"lerp_mode": "catmullrom"
						},
						"0.125": {
							"post": [-46.50931, 11.00072, 10.26078],
							"lerp_mode": "catmullrom"
						},
						"0.2917": {
							"post": [-16.50931, 11.00072, 10.26078],
							"lerp_mode": "catmullrom"
						},
						"0.75": {
							"post": [-16.50931, 11.00072, 10.26078],
							"lerp_mode": "catmullrom"
						},
						"0.8333": {
							"post": [-129.00931, 11.00072, 10.26078],
							"lerp_mode": "catmullrom"
						},
						"1.0417": {
							"post": [-81.50931, 11.00072, 10.26078],
							"lerp_mode": "catmullrom"
						},
						"1.1667": {
							"post": [-49.00931, 11.00072, 10.26078],
							"lerp_mode": "catmullrom"
						},
						"1.25": {
							"post": [-49.00931, 11.00072, 10.26078],
							"lerp_mode": "catmullrom"
						},
						"1.3333": {
							"post": [-3.36123, -1.90854, 0.82958],
							"lerp_mode": "catmullrom"
						},
						"1.5417": {
							"post": [-4.97334, -1.84378, -1.69019],
							"lerp_mode": "catmullrom"
						},
						"1.6667": {
							"post": [-49.00931, 11.00072, 10.26078],
							"lerp_mode": "catmullrom"
						},
						"1.7917": {
							"post": [-29.00931, 11.00072, 10.26078],
							"lerp_mode": "catmullrom"
						},
						"1.875": {
							"post": [-29.01, 11, 10.26],
							"lerp_mode": "catmullrom"
						}
					},
					"position": {
						"0.0": {
							"post": [0, 0, 0],
							"lerp_mode": "catmullrom"
						},
						"1.0417": {
							"post": [0, 0, 0],
							"lerp_mode": "catmullrom"
						},
						"1.1667": {
							"post": [0, 7, 1],
							"lerp_mode": "catmullrom"
						},
						"1.25": {
							"post": [0, 7, 1],
							"lerp_mode": "catmullrom"
						},
						"1.3333": {
							"post": [0, 1, 0],
							"lerp_mode": "catmullrom"
						},
						"1.5417": {
							"post": [0, 1, 0],
							"lerp_mode": "catmullrom"
						},
						"1.6667": {
							"post": [0, 7, 1],
							"lerp_mode": "catmullrom"
						},
						"1.7917": {
							"post": [0, 1, -1],
							"lerp_mode": "catmullrom"
						},
						"1.875": {
							"post": [0, 1, -1],
							"lerp_mode": "catmullrom"
						}
					},
					"scale": {
						"0.0": {
							"post": [1, 1, 1],
							"lerp_mode": "catmullrom"
						},
						"1.25": {
							"post": [1, 1, 1],
							"lerp_mode": "catmullrom"
						},
						"1.3333": {
							"post": [1, 2, 1],
							"lerp_mode": "catmullrom"
						},
						"1.5417": {
							"post": [1, 2, 1],
							"lerp_mode": "catmullrom"
						},
						"1.6667": {
							"post": [1, 1, 1],
							"lerp_mode": "catmullrom"
						},
						"1.875": {
							"post": [1, 1, 1],
							"lerp_mode": "catmullrom"
						}
					}
				}
			}
		},
		"animation.gear.bajrang": {
			"animation_length": 1.54167,
			"bones": {
				"root": {
					"rotation": {
						"0.0": {
							"post": [67.78596, 10.71789, 14.14867],
							"lerp_mode": "catmullrom"
						},
						"0.2083": {
							"post": [71.14252, 16.00854, 28.58333],
							"lerp_mode": "catmullrom"
						},
						"0.3333": {
							"post": [74.76834, -19.48588, -61.1136],
							"lerp_mode": "catmullrom"
						},
						"0.5417": {
							"post": [74.77, -19.49, -61.11],
							"lerp_mode": "catmullrom"
						},
						"0.7083": {
							"post": [74.77, -19.49, -61.11],
							"lerp_mode": "catmullrom"
						},
						"1.0833": {
							"post": [66.98561, 8.79217, 9.46602],
							"lerp_mode": "catmullrom"
						},
						"1.5417": {
							"post": [100.55941, 22.29239, 105.84552],
							"lerp_mode": "catmullrom"
						}
					}
				},
				"leftArm": {
					"rotation": {
						"0.0": {
							"post": [-60, 0, -75],
							"lerp_mode": "catmullrom"
						},
						"0.2083": {
							"post": [-82.5, 0, -75],
							"lerp_mode": "catmullrom"
						},
						"0.3333": {
							"post": [20, 0, -75],
							"lerp_mode": "catmullrom"
						},
						"0.5417": {
							"post": [20, 0, -75],
							"lerp_mode": "catmullrom"
						},
						"0.7083": {
							"post": [20, 0, -75],
							"lerp_mode": "catmullrom"
						},
						"1.5417": {
							"post": [20, 0, -75],
							"lerp_mode": "catmullrom"
						}
					},
					"position": {
						"0.3333": {
							"pre": [0, 0, 0],
							"post": [0, 0, 0],
							"lerp_mode": "catmullrom"
						},
						"0.4167": {
							"post": [26, -9, 11],
							"lerp_mode": "catmullrom"
						},
						"0.5417": {
							"post": [26, -9, 11],
							"lerp_mode": "catmullrom"
						},
						"0.7083": {
							"post": [26, -9, 11],
							"lerp_mode": "catmullrom"
						},
						"1.5417": {
							"post": [26, -9, 11],
							"lerp_mode": "catmullrom"
						}
					},
					"scale": {
						"0.3333": {
							"pre": [1, 1, 1],
							"post": [1, 1, 1],
							"lerp_mode": "catmullrom"
						},
						"0.4167": {
							"post": [1, 16.4, 1],
							"lerp_mode": "catmullrom"
						},
						"0.5417": {
							"post": [1, 16.4, 1],
							"lerp_mode": "catmullrom"
						},
						"0.7083": {
							"post": [1, 16.4, 1],
							"lerp_mode": "catmullrom"
						},
						"1.5417": {
							"post": [1, 16.4, 1],
							"lerp_mode": "catmullrom"
						}
					}
				},
				"rightArm": {
					"rotation": {
						"0.0": {
							"post": [-94.99052, 59.90568, -4.32055],
							"lerp_mode": "catmullrom"
						},
						"0.2083": {
							"post": [-266.30232, 47.44052, -177.27465],
							"lerp_mode": "catmullrom"
						},
						"0.3333": {
							"post": [-94.64565, -57.4145, 3.91686],
							"lerp_mode": "catmullrom"
						},
						"0.5417": {
							"post": [-94.65, -57.41, 3.92],
							"lerp_mode": "catmullrom"
						},
						"0.7083": {
							"post": [-94.65, -57.41, 3.92],
							"lerp_mode": "catmullrom"
						},
						"1.5417": {
							"post": [-94.65, -57.41, 3.92],
							"lerp_mode": "catmullrom"
						}
					}
				},
				"leftLeg": {
					"rotation": {
						"0.0": {
							"post": [65, 0, -57.5],
							"lerp_mode": "catmullrom"
						},
						"0.2083": {
							"post": [85, 0, -57.5],
							"lerp_mode": "catmullrom"
						},
						"0.3333": {
							"post": [82.94677, -44.78238, -52.51893],
							"lerp_mode": "catmullrom"
						},
						"0.5417": {
							"post": [82.95, -44.78, -52.52],
							"lerp_mode": "catmullrom"
						},
						"0.7083": {
							"post": [82.95, -44.78, -52.52],
							"lerp_mode": "catmullrom"
						},
						"1.5417": {
							"post": [82.95, -44.78, -52.52],
							"lerp_mode": "catmullrom"
						}
					}
				},
				"rightLeg": {
					"rotation": {
						"0.0": {
							"post": [7.92945, -18.42031, -23.78773],
							"lerp_mode": "catmullrom"
						},
						"0.2083": {
							"post": [-6.51272, -16.60179, -25.10135],
							"lerp_mode": "catmullrom"
						},
						"0.3333": {
							"post": [-14.85397, -26.97535, 64.83678],
							"lerp_mode": "catmullrom"
						},
						"0.5417": {
							"post": [-14.85, -26.98, 64.84],
							"lerp_mode": "catmullrom"
						},
						"0.7083": {
							"post": [-14.85, -26.98, 64.84],
							"lerp_mode": "catmullrom"
						},
						"1.5417": {
							"post": [-14.85, -26.98, 64.84],
							"lerp_mode": "catmullrom"
						}
					}
				}
			}
		},
		"animation.gear5.kaminari": {
			"animation_length": 0.58333,
			"bones": {
				"root": {
					"rotation": {
						"0.0": {
							"post": [-12.5, 45, 0],
							"lerp_mode": "catmullrom"
						},
						"0.0833": {
							"post": [-20.61411, 64.23376, -9.80489],
							"lerp_mode": "catmullrom"
						},
						"0.1667": {
							"post": [42.95799, -54.50388, -42.48881],
							"lerp_mode": "catmullrom"
						},
						"0.3333": {
							"post": [42.96, -54.5, -42.49],
							"lerp_mode": "catmullrom"
						},
						"0.5833": {
							"post": [42.96, -54.5, -42.49],
							"lerp_mode": "catmullrom"
						}
					}
				},
				"leftArm": {
					"rotation": {
						"0.0": {
							"post": [-65.85133, -20.70481, -9.00717],
							"lerp_mode": "catmullrom"
						},
						"0.0833": {
							"post": [-57.20219, 45.05075, 24.51604],
							"lerp_mode": "catmullrom"
						},
						"0.1667": {
							"post": [27.58848, -64.41955, -120.0844],
							"lerp_mode": "catmullrom"
						},
						"0.3333": {
							"post": [57.20332, -45.05073, -155.47899],
							"lerp_mode": "catmullrom"
						},
						"0.5833": {
							"post": [57.2, -45.05, -155.48],
							"lerp_mode": "catmullrom"
						}
					}
				},
				"rightArm": {
					"rotation": {
						"0.0": {
							"post": [-169.36971, 41.67495, -37.28217],
							"lerp_mode": "catmullrom"
						},
						"0.0833": {
							"post": [-200.73123, 42.75805, -54.1216],
							"lerp_mode": "catmullrom"
						},
						"0.1667": {
							"post": [-108.46852, -17.23615, 82.05774],
							"lerp_mode": "catmullrom"
						},
						"0.3333": {
							"post": [-108.47, -17.24, 82.06],
							"lerp_mode": "catmullrom"
						},
						"0.5833": {
							"post": [-108.47, -17.24, 82.06],
							"lerp_mode": "catmullrom"
						}
					},
					"scale": {
						"0.0": {
							"post": [2.1, 2.2, 2.1],
							"lerp_mode": "catmullrom"
						},
						"0.0833": {
							"post": [2.1, 2.7, 2.1],
							"lerp_mode": "catmullrom"
						},
						"0.1667": {
							"post": [2.1, 0.9, 2.1],
							"lerp_mode": "catmullrom"
						},
						"0.3333": {
							"post": [1, 2, 1.1],
							"lerp_mode": "catmullrom"
						},
						"0.5833": {
							"post": [1, 2, 1.1],
							"lerp_mode": "catmullrom"
						}
					}
				},
				"leftLeg": {
					"rotation": {
						"0.0": {
							"post": [55, 0, 0],
							"lerp_mode": "catmullrom"
						},
						"0.0833": {
							"post": [12.5, 0, 0],
							"lerp_mode": "catmullrom"
						},
						"0.1667": {
							"post": [-85, 0, 0],
							"lerp_mode": "catmullrom"
						},
						"0.3333": {
							"post": [-85, 0, 0],
							"lerp_mode": "catmullrom"
						},
						"0.5833": {
							"post": [-85, 0, 0],
							"lerp_mode": "catmullrom"
						}
					}
				},
				"rightLeg": {
					"rotation": {
						"0.0": [-95, 0, 0],
						"0.0833": [-102.5, 0, 0],
						"0.1667": [-2.5, 0, 0]
					}
				}
			}
		}
	}
}










