{
	"format_version": "1.8.0",
	"animations": {
		"animation.gear5.stop": {
			"loop": true,
			"animation_length": 2.04167,
			"bones": {
				"Bajranggun": {
					"scale": [0, 0, 1]
				}
			}
		},
		"animation.gear5.baj_hold": {
			"loop": true,
			"animation_length": 6,
			"bones": {
				"waist": {
					"rotation": {
						"0.0": {
							"post": [21.17283, 18.74724, 7.09597],
							"lerp_mode": "catmullrom"
						},
						"6.0": {
							"post": [21.17, 18.75, 7.1],
							"lerp_mode": "catmullrom"
						}
					}
				},
				"leftArm": {
					"rotation": {
						"0.0": {
							"post": [-81.88997, -22.29711, -3.09472],
							"lerp_mode": "catmullrom"
						},
						"6.0": {
							"post": [-81.89, -22.3, -3.09],
							"lerp_mode": "catmullrom"
						}
					}
				},
				"rightArm": {
					"rotation": {
						"0.0": {
							"post": [55, 0, 92.5],
							"lerp_mode": "catmullrom"
						},
						"6.0": {
							"post": [55, 0, 92.5],
							"lerp_mode": "catmullrom"
						}
					}
				},
				"leftLeg": {
					"rotation": {
						"0.0": {
							"post": [-40, 0, 0],
							"lerp_mode": "catmullrom"
						},
						"6.0": {
							"post": [-40, 0, 0],
							"lerp_mode": "catmullrom"
						}
					}
				},
				"rightLeg": {
					"rotation": {
						"0.0": {
							"post": [35, 0, 0],
							"lerp_mode": "catmullrom"
						},
						"6.0": {
							"post": [35, 0, 0],
							"lerp_mode": "catmullrom"
						}
					}
				},
				"Baj": {
					"rotation": {
						"0.0": {
							"post": [-60, 0, 0],
							"lerp_mode": "catmullrom"
						},
						"6.0": {
							"post": [-60, 0, 0],
							"lerp_mode": "catmullrom"
						}
					},
					"position": {
						"0.0": {
							"post": [0, 0, 0],
							"lerp_mode": "catmullrom"
						},
						"6.0": {
							"post": [0, 0, 0],
							"lerp_mode": "catmullrom"
						}
					},
					"scale": {
						"0.0": {
							"post": [1, 1, 1],
							"lerp_mode": "catmullrom"
						},
						"6.0": {
							"post": [1, 1, 1],
							"lerp_mode": "catmullrom"
						}
					}
				},
				"Rang": {
					"rotation": {
						"0.0": {
							"post": [-27.5, 0, 0],
							"lerp_mode": "catmullrom"
						},
						"6.0": {
							"post": [-27.5, 0, 0],
							"lerp_mode": "catmullrom"
						}
					},
					"position": {
						"0.0": {
							"post": [0, 0, 0],
							"lerp_mode": "catmullrom"
						},
						"6.0": {
							"post": [0, 0, 0],
							"lerp_mode": "catmullrom"
						}
					},
					"scale": {
						"0.0": {
							"post": [1, 1, 1],
							"lerp_mode": "catmullrom"
						},
						"6.0": {
							"post": [1, 1, 1],
							"lerp_mode": "catmullrom"
						}
					}
				},
				"Gun": {
					"rotation": {
						"0.0": {
							"post": [-87.5, 0, 0],
							"lerp_mode": "catmullrom"
						},
						"6.0": {
							"post": [-87.5, 0, 0],
							"lerp_mode": "catmullrom"
						}
					},
					"position": {
						"0.0": {
							"post": [0, 0, 0],
							"lerp_mode": "catmullrom"
						},
						"6.0": {
							"post": [0, 0, 0],
							"lerp_mode": "catmullrom"
						}
					},
					"scale": {
						"0.0": {
							"post": [1, 1, 1],
							"lerp_mode": "catmullrom"
						},
						"6.0": {
							"post": [1, 1, 1],
							"lerp_mode": "catmullrom"
						}
					}
				},
				"Bajranggun": {
					"rotation": {
						"0.0": {
							"post": [15, 0, 0],
							"lerp_mode": "catmullrom"
						},
						"2.7917": {
							"post": [17.5, 0, 0],
							"lerp_mode": "catmullrom"
						},
						"6.0": {
							"post": [15, 0, 0],
							"lerp_mode": "catmullrom"
						}
					},
					"position": {
						"0.0": {
							"post": [0, 0, 0],
							"lerp_mode": "catmullrom"
						},
						"6.0": {
							"post": [0, 0, 0],
							"lerp_mode": "catmullrom"
						}
					},
					"scale": {
						"0.0": {
							"post": [10.6, 11, 17.9],
							"lerp_mode": "catmullrom"
						},
						"6.0": {
							"post": [10.6, 11, 17.9],
							"lerp_mode": "catmullrom"
						}
					}
				}
			}
		},
		"animation.gear5.bajranggun": {
			"loop": true,
			"animation_length": 1.625,
			"bones": {
				"waist": {
					"rotation": {
						"0.0": {
							"post": [21.17283, 18.74724, 7.09597],
							"lerp_mode": "catmullrom"
						},
						"0.0833": {
							"post": [21.17, 18.75, 7.1],
							"lerp_mode": "catmullrom"
						},
						"0.2083": {
							"post": [-2.74489, 50.82254, 20.65812],
							"lerp_mode": "catmullrom"
						},
						"0.5417": {
							"post": [10.08476, -44.11981, 24.4685],
							"lerp_mode": "catmullrom"
						},
						"1.625": {
							"post": [10.08, -44.12, 24.47],
							"lerp_mode": "catmullrom"
						}
					}
				},
				"leftArm": {
					"rotation": {
						"0.0": {
							"post": [-81.88997, -22.29711, -3.09472],
							"lerp_mode": "catmullrom"
						},
						"0.0833": {
							"post": [-81.89, -22.3, -3.09],
							"lerp_mode": "catmullrom"
						},
						"0.2083": {
							"post": [-77.79648, -51.86863, -9.64957],
							"lerp_mode": "catmullrom"
						},
						"0.5417": {
							"post": [69.02034, 4.80746, -40.60232],
							"lerp_mode": "catmullrom"
						},
						"1.625": {
							"post": [69.02, 4.81, -40.6],
							"lerp_mode": "catmullrom"
						}
					}
				},
				"rightArm": {
					"rotation": {
						"0.0": {
							"post": [55, 0, 92.5],
							"lerp_mode": "catmullrom"
						},
						"0.0833": {
							"post": [55, 0, 92.5],
							"lerp_mode": "catmullrom"
						},
						"0.4167": {
							"post": [57.20499, -12.47537, 73.97028],
							"lerp_mode": "catmullrom"
						},
						"0.75": {
							"post": [-62.79501, -12.47537, 73.97028],
							"lerp_mode": "catmullrom"
						},
						"1.625": {
							"post": [-62.8, -12.48, 73.97],
							"lerp_mode": "catmullrom"
						}
					}
				},
				"leftLeg": {
					"rotation": {
						"0.0": {
							"post": [-40, 0, 0],
							"lerp_mode": "catmullrom"
						},
						"0.2083": {
							"post": [-110.28664, 20.20435, 26.01349],
							"lerp_mode": "catmullrom"
						},
						"0.5417": {
							"post": [43.60126, -2.93666, 2.75772],
							"lerp_mode": "catmullrom"
						},
						"1.625": {
							"post": [43.6, -2.94, 2.76],
							"lerp_mode": "catmullrom"
						}
					}
				},
				"rightLeg": {
					"rotation": {
						"0.0": {
							"post": [35, 0, 0],
							"lerp_mode": "catmullrom"
						},
						"0.0833": {
							"post": [35, 0, 0],
							"lerp_mode": "catmullrom"
						},
						"0.2083": {
							"post": [59.19146, 16.27014, 11.79198],
							"lerp_mode": "catmullrom"
						},
						"0.5417": {
							"post": [-74.69858, 0.43353, 9.80025],
							"lerp_mode": "catmullrom"
						},
						"1.625": {
							"post": [-74.7, 0.43, 9.8],
							"lerp_mode": "catmullrom"
						}
					}
				},
				"Baj": {
					"rotation": {
						"0.0": {
							"post": [-60, 0, 0],
							"lerp_mode": "catmullrom"
						},
						"0.0833": {
							"post": [-60, 0, 0],
							"lerp_mode": "catmullrom"
						},
						"0.2917": {
							"post": [-42.5, 0, 0],
							"lerp_mode": "catmullrom"
						},
						"0.5417": {
							"post": [-85, 0, 0],
							"lerp_mode": "catmullrom"
						},
						"0.625": {
							"post": [-76.1, 0, 0],
							"lerp_mode": "catmullrom"
						},
						"0.7083": {
							"post": [0, 0, 0],
							"lerp_mode": "catmullrom"
						},
						"1.625": {
							"post": [0, 0, 0],
							"lerp_mode": "catmullrom"
						}
					},
					"position": {
						"0.0": {
							"post": [0, 0, 0],
							"lerp_mode": "catmullrom"
						},
						"0.0833": {
							"post": [0, 0, 0],
							"lerp_mode": "catmullrom"
						},
						"1.625": {
							"post": [0, 0, 0],
							"lerp_mode": "catmullrom"
						}
					},
					"scale": {
						"0.0": {
							"post": [1, 1, 1],
							"lerp_mode": "catmullrom"
						},
						"0.0833": {
							"post": [1, 1, 1],
							"lerp_mode": "catmullrom"
						},
						"1.625": {
							"post": [1, 1, 1],
							"lerp_mode": "catmullrom"
						}
					}
				},
				"Rang": {
					"rotation": {
						"0.0": {
							"post": [-27.5, 0, 0],
							"lerp_mode": "catmullrom"
						},
						"0.0833": {
							"post": [-27.5, 0, 0],
							"lerp_mode": "catmullrom"
						},
						"0.2917": {
							"post": [2.5, 0, 0],
							"lerp_mode": "catmullrom"
						},
						"0.5417": {
							"post": [-40, 0, 0],
							"lerp_mode": "catmullrom"
						},
						"0.625": {
							"post": [-55.52, 0, 0],
							"lerp_mode": "catmullrom"
						},
						"0.7083": {
							"post": [0, 0, 0],
							"lerp_mode": "catmullrom"
						},
						"1.625": {
							"post": [0, 0, 0],
							"lerp_mode": "catmullrom"
						}
					},
					"position": {
						"0.0": {
							"post": [0, 0, 0],
							"lerp_mode": "catmullrom"
						},
						"0.0833": {
							"post": [0, 0, 0],
							"lerp_mode": "catmullrom"
						},
						"1.625": {
							"post": [0, 0, 0],
							"lerp_mode": "catmullrom"
						}
					},
					"scale": {
						"0.0": {
							"post": [1, 1, 1],
							"lerp_mode": "catmullrom"
						},
						"0.0833": {
							"post": [1, 1, 1],
							"lerp_mode": "catmullrom"
						},
						"1.625": {
							"post": [1, 1, 1],
							"lerp_mode": "catmullrom"
						}
					}
				},
				"Gun": {
					"rotation": {
						"0.0": {
							"post": [-87.5, 0, 0],
							"lerp_mode": "catmullrom"
						},
						"0.0833": {
							"post": [-87.5, 0, 0],
							"lerp_mode": "catmullrom"
						},
						"0.2917": {
							"post": [-70, 0, 0],
							"lerp_mode": "catmullrom"
						},
						"0.5417": {
							"post": [-25, 0, 0],
							"lerp_mode": "catmullrom"
						},
						"0.625": {
							"post": [-23.3, 0, 0],
							"lerp_mode": "catmullrom"
						},
						"0.75": {
							"post": [-2.5, 0, 0],
							"lerp_mode": "catmullrom"
						},
						"1.625": {
							"post": [-2.5, 0, 0],
							"lerp_mode": "catmullrom"
						}
					},
					"position": {
						"0.0": {
							"post": [0, 0, 0],
							"lerp_mode": "catmullrom"
						},
						"0.0833": {
							"post": [0, 0, 0],
							"lerp_mode": "catmullrom"
						},
						"1.625": {
							"post": [0, 0, 0],
							"lerp_mode": "catmullrom"
						}
					},
					"scale": {
						"0.0": {
							"post": [1, 1, 1],
							"lerp_mode": "catmullrom"
						},
						"0.0833": {
							"post": [1, 1, 1],
							"lerp_mode": "catmullrom"
						},
						"1.625": {
							"post": [1, 1, 1],
							"lerp_mode": "catmullrom"
						}
					}
				},
				"Bajranggun": {
					"rotation": {
						"0.0": {
							"post": [15, 0, 0],
							"lerp_mode": "catmullrom"
						},
						"0.0833": {
							"post": [15, 0, 0],
							"lerp_mode": "catmullrom"
						},
						"0.5417": {
							"post": [80, 0, 0],
							"lerp_mode": "catmullrom"
						},
						"0.625": {
							"post": [120.54, 0, 0],
							"lerp_mode": "catmullrom"
						},
						"0.7083": {
							"post": [2.5, 0, 0],
							"lerp_mode": "catmullrom"
						},
						"1.625": {
							"post": [2.5, 0, 0],
							"lerp_mode": "catmullrom"
						}
					},
					"position": {
						"0.0": {
							"post": [0, 0, 0],
							"lerp_mode": "catmullrom"
						},
						"0.0833": {
							"post": [0, 0, 0],
							"lerp_mode": "catmullrom"
						},
						"1.625": {
							"post": [0, 0, 0],
							"lerp_mode": "catmullrom"
						}
					},
					"scale": {
						"0.0": {
							"post": [12.4, 14.1, 13.5],
							"lerp_mode": "catmullrom"
						},
						"0.0833": {
							"post": [15.7, 10.4, 13.5],
							"lerp_mode": "catmullrom"
						},
						"0.5": {
							"post": [12.4, 14.1, 13.5],
							"lerp_mode": "catmullrom"
						},
						"0.5833": {
							"post": [12.4, 14.1, 13.5],
							"lerp_mode": "catmullrom"
						},
						"0.7083": {
							"post": [12.4, 14.1, 13.5],
							"lerp_mode": "catmullrom"
						},
						"0.9583": {
							"post": [12.4, 14.1, 13.5],
							"lerp_mode": "catmullrom"
						},
						"1.0833": {
							"post": [12.4, 14.1, 13.5],
							"lerp_mode": "catmullrom"
						},
						"1.625": {
							"post": [12.4, 14.1, 13.5],
							"lerp_mode": "catmullrom"
						}
					}
				}
			}
		}
	}
}