{
  "format_version": "1.16.0",
  "minecraft:entity": {
    "description": {
      "identifier": "wesl3y:luffy_projetil",
      "is_spawnable": false,
      "is_summonable": true,
      "is_experimental": false,
      "runtime_identifier": "minecraft:snowball"
    },
    "component_groups": {
      "wesl3y:despawn": {
        "minecraft:transformation": {
          "into": "wesl3y:despawn",
          "delay": 0.0
        }
      },
      "wesl3y:kaminari": {
        "minecraft:variant": {
          "value": 1
        },
        "minecraft:type_family": {
          "family": [ "kaminari", "attack", "projectile" ]
        },
        "minecraft:transformation": {
          "into": "wesl3y:luffy_damage<wesl3y:kaminari>",
          "delay": 1.5
        },
        "minecraft:projectile": {
          "on_hit": {
            "impact_damage": {
              "damage": [20, 25],
              "knockback": false,
              "destroy_on_hit": false
            },
            "definition_event": {
              "affectProjectile": true,
              "eventTrigger": {
			    "event": "wesl3y:explode",
			    "target": "self"
              }
            }
          },
          "power": 1.5,
          "gravity": 0,
          "inertia": 1,
          "anchor": 1,
          "offset": [0, 0, 0],
          "stop_on_hurt": true
        }
      }
    },
    "components": {
      "minecraft:transformation": {
        "into": "wesl3y:despawn",
        "delay": 7.0
      },
      "minecraft:timer": {
        "time": 0.15,
        "looping": true,
        "time_down_event": {
          "event": "minecraft:command",
          "target": "self"
        }
      },
      "minecraft:despawn": {
        "filters": {
          "all_of":[{ "test": "distance_to_nearest_player", "operator": ">", "value": 64 }]
        }
      },
      "minecraft:physics": {},
      "minecraft:pushable": {
        "is_pushable": false,
        "is_pushable_by_piston": true
      },
      "minecraft:conditional_bandwidth_optimization": {
        "default_values": {
          "max_optimized_distance": 80,
          "max_dropped_ticks": 10,
          "use_motion_prediction_hints": true
        }
      }
    },
    "events": {
      "wesl3y:kaminari": {
        "add": {
          "component_groups": ["wesl3y:kaminari"]
        }
      },
      "minecraft:command": {
        "sequence": [
          {
            "filters": {
              "test": "is_family",
              "value": "kaminari"
            },
            "run_command": {
              "command": ["particle wesl3y:luffy_gear5.kaminari"]
            }
          }
        ]
      },
      "wesl3y:despawn": {
        "add": {
          "component_groups": ["wesl3y:despawn"]
        }
      },
      "wesl3y:explode": {
        "sequence": [
          {
            "filters": {
              "test": "is_family",
              "value": "kaminari"
            },
            "add": {
              "component_groups": ["wesl3y:despawn"]
            },
            "run_command": {
              "command": [
                "summon wesl3y:luffy_damage ~~~ ~~ wesl3y:kaminari"
              ]
            }
          }
        ]
      }
    }
  }
}