{
	"format_version": "1.10.0",
	"particle_effect": {
		"description": {
			"identifier": "ds:rengoku_twinkle",
			"basic_render_parameters": {
				"material": "particles_alpha",
				"texture": "textures/particle/twinkle2"
			}
		},
		"curves": {
			"variable.test": {
				"type": "catmull_rom",
				"input": 1,
				"horizontal_range": 1,
				"nodes": [0, 1.12]
			}
		},
		"components": {
			"minecraft:emitter_initialization": {
				"creation_expression": "variable.radius = 2;"
			},
			"minecraft:emitter_rate_instant": {
				"num_particles": 1
			},
			"minecraft:emitter_lifetime_once": {
				"active_time": 0.2
			},
			"minecraft:emitter_shape_box": {
				"half_dimensions": [1, 2, 1],
				"surface_only": true,
				"direction": "outwards"
			},
			"minecraft:particle_lifetime_expression": {
				"max_lifetime": 1
			},
			"minecraft:particle_initial_speed": "variable.particle_random_1 * math.random(5,2)",
			"minecraft:particle_motion_dynamic": {
				"linear_drag_coefficient": 5
			},
			"minecraft:particle_appearance_billboard": {
				"size": ["0.5 - (variable.particle_age * 0.25)", "0.5 - (variable.particle_age * 0.25)"],
				"facing_camera_mode": "rotate_xyz",
				"uv": {
					"texture_width": 144,
					"texture_height": 16,
					"flipbook": {
						"base_UV": [0, 0],
						"size_UV": [16, 16],
						"step_UV": [16, 0],
						"frames_per_second": 12,
						"max_frame": 12,
						"stretch_to_lifetime": true
					}
				}
			},
			"minecraft:particle_appearance_tinting": {
				"color": {
					"interpolant": "variable.particle_random_1",
					"gradient": {
						"0.0": "#FF65221A",
						"1.0": "#FFA25432"
					}
				}
			}
		}
	}
}