{
	"format_version": "1.10.0",
	"particle_effect": {
		"description": {
			"identifier": "ds:rengoku_limbaura",
			"basic_render_parameters": {
				"material": "particles_alpha",
				"texture": "textures/particle/customball"
			}
		},
		"curves": {
			"variable.test": {
				"type": "catmull_rom",
				"input": 1,
				"horizontal_range": 1,
				"nodes": [0, 1.12]
			}
		},
		"components": {
			"minecraft:emitter_initialization": {
				"creation_expression": "variable.radius =1;"
			},
			"minecraft:emitter_rate_steady": {
				"spawn_rate": 70,
				"max_particles": 600000
			},
			"minecraft:emitter_lifetime_once": {
				"active_time": 0.3
			},
			"minecraft:emitter_shape_point": {
				"offset": [0, "(math.random(0.1,-0.1)) + v.emitter_age * 3", 0],
				"direction": ["math.random(-2, 2)", 0, 0]
			},
			"minecraft:particle_lifetime_expression": {
				"max_lifetime": 2
			},
			"minecraft:particle_initial_speed": "variable.particle_random_2 * 1 + 4",
			"minecraft:particle_motion_dynamic": {
				"linear_drag_coefficient": "math.random(14,18)"
			},
			"minecraft:particle_appearance_billboard": {
				"size": ["0.1 - (variable.particle_age * 0.05)", "0.1 - (variable.particle_age * 0.05)"],
				"facing_camera_mode": "rotate_xyz",
				"uv": {
					"texture_width": 48,
					"texture_height": 6,
					"flipbook": {
						"base_UV": [0, 0],
						"size_UV": [6, 6],
						"step_UV": [6, 0],
						"frames_per_second": 6,
						"max_frame": 6,
						"stretch_to_lifetime": true
					}
				}
			},
			"minecraft:particle_appearance_tinting": {
				"color": {
					"interpolant": "variable.particle_random_2",
					"gradient": {
						"0.0": "#FFE69234",
						"1.0": "#FFFFDCA2"
					}
				}
			}
		}
	}
}