{
  "format_version": "1.16.100",
  "minecraft:item": {
    "description": {
      "identifier": "stk:gurap",
      "category": "category"
    },
    "components": {
      "minecraft:max_stack_size": 1,
      "minecraft:icon": {
        "texture": "gurap"
      },
      "minecraft:use_duration": 12000,
      "minecraft:food": {
        "can_always_eat": true
      },
      "minecraft:render_offsets": {
        "main_hand": {
          "third_person": {
            "scale": [
              0,
              0,
              0
            ]
          },
          "first_person": {
            "scale": [
              0,
              0,
              0
            ]
          }
        },
        "off_hand": {
          "third_person": {
            "scale": [
              0,
              0,
              0
            ]
          },
          "first_person": {
            "scale": [
              0,
              0,
              0
            ]
          }
        }
      },
      "minecraft:display_name": {
        "value": "§eGura Punch"
      },
      "minecraft:cooldown": {
        "category": "gp",
        "duration": 7
      },
      "minecraft:on_use": {
        "on_use": {
          "event": "a",
          "target": "self"
        }
      }
    },
    "events": {
      "a": {
        "sequence": [
          {
            "run_command": {
              "command": [
                "playanimation @s animation.gura.punch"
              ],
              "target": "self"
            }
          }
        ]
      }
    }
  }
}