{
	"format_version": "1.12.0",
	"minecraft:geometry": [
		{
			"description": {
				"identifier": "geometry.saibaman",
				"texture_width": 64,
				"texture_height": 64,
				"visible_bounds_width": 3,
				"visible_bounds_height": 3,
				"visible_bounds_offset": [0, 1.5, 0]
			},
			"bones": [
				{
					"name": "root",
					"pivot": [0, 0, 0]
				},
				{
					"name": "waist",
					"parent": "root",
					"pivot": [0, 12, 0]
				},
				{
					"name": "body",
					"parent": "waist",
					"pivot": [0, 22.08, 0],
					"cubes": [
						{
							"origin": [-4, 17.54, -2],
							"size": [8, 5.48, 4],
							"inflate": 0.25,
							"uv": {
								"north": {"uv": [0, 40], "uv_size": [17, 9]},
								"east": {"uv": [29, 40], "uv_size": [5, 9]},
								"south": {"uv": [17, 40], "uv_size": [17, 9]},
								"west": {"uv": [17, 40], "uv_size": [5, 9]},
								"up": {"uv": [17, 46], "uv_size": [-17, -6]},
								"down": {"uv": [34, 64], "uv_size": [-17, -2]}
							}
						},
						{
							"origin": [-3, 11.56, -2],
							"size": [6, 5.48, 4],
							"inflate": 0.25,
							"uv": {
								"north": {"uv": [0, 49], "uv_size": [17, 15]},
								"east": {"uv": [29, 49], "uv_size": [5, 15]},
								"south": {"uv": [17, 49], "uv_size": [17, 15]},
								"west": {"uv": [17, 49], "uv_size": [5, 15]},
								"up": {"uv": [17, 46], "uv_size": [-17, -6]},
								"down": {"uv": [34, 64], "uv_size": [-17, -2]}
							}
						},
						{
							"origin": [-4, 12, -2],
							"size": [8, 0.92, 4],
							"uv": {
								"north": {"uv": [0, 62], "uv_size": [17, 2]},
								"east": {"uv": [0, 62], "uv_size": [17, 2]},
								"south": {"uv": [0, 62], "uv_size": [17, 2]},
								"west": {"uv": [0, 62], "uv_size": [17, 2]},
								"up": {"uv": [17, 64], "uv_size": [-17, -2]},
								"down": {"uv": [17, 64], "uv_size": [-17, -2]}
							}
						}
					]
				},
				{
					"name": "head",
					"parent": "body",
					"pivot": [0, 22.08, 0],
					"cubes": [
						{
							"origin": [-3.775, 24, -3.775],
							"size": [7.55, 7.108, 7.55],
							"inflate": 0.5,
							"uv": {
								"north": {"uv": [9, 0], "uv_size": [18, 17]},
								"east": {"uv": [34, 45], "uv_size": [18, 17]},
								"south": {"uv": [34, 26], "uv_size": [18, 17]},
								"west": {"uv": [52, 45], "uv_size": [-18, 17]},
								"up": {"uv": [27, 38], "uv_size": [-18, -19]},
								"down": {"uv": [39, 64], "uv_size": [-5, -1]}
							}
						},
						{
							"origin": [-3.13375, 23, -3.604],
							"size": [6.2675, 0.108, 7.208],
							"inflate": 0.5,
							"uv": {
								"north": {"uv": [9, 17], "uv_size": [18, 2]},
								"east": {"uv": [34, 62], "uv_size": [18, 2]},
								"south": {"uv": [34, 43], "uv_size": [18, 2]},
								"west": {"uv": [52, 62], "uv_size": [-18, 2]},
								"up": {"uv": [27, 38], "uv_size": [-18, -19]},
								"down": {"uv": [39, 64], "uv_size": [-5, -1]}
							}
						},
						{
							"origin": [0.475, 26.425, -4.37],
							"size": [2.375, 0.6072, 0.285],
							"pivot": [1.425, 26.678, -4.275],
							"rotation": [0, 0, -32.5],
							"uv": {
								"north": {"uv": [35, 63], "uv_size": [2, 0]},
								"east": {"uv": [35, 63], "uv_size": [2, 0]},
								"south": {"uv": [35, 63], "uv_size": [2, 0]},
								"west": {"uv": [35, 63], "uv_size": [2, 0]},
								"up": {"uv": [37, 63], "uv_size": [-2, 0]},
								"down": {"uv": [37, 63], "uv_size": [-2, 0]}
							}
						},
						{
							"origin": [-2.85, 26.425, -4.37],
							"size": [2.375, 0.6072, 0.285],
							"pivot": [-1.425, 26.678, -4.275],
							"rotation": [0, 0, 32.5],
							"uv": {
								"north": {"uv": [37, 63], "uv_size": [-2, 0]},
								"east": {"uv": [37, 63], "uv_size": [-2, 0]},
								"south": {"uv": [37, 63], "uv_size": [-2, 0]},
								"west": {"uv": [37, 63], "uv_size": [-2, 0]},
								"up": {"uv": [35, 63], "uv_size": [2, 0]},
								"down": {"uv": [35, 63], "uv_size": [2, 0]}
							}
						},
						{
							"origin": [2.31994, 27.39295, -4.37],
							"size": [0.95, 0.6072, 0.285],
							"pivot": [3.74494, 29.82175, -4.275],
							"rotation": [0, 0, -5],
							"uv": {
								"north": {"uv": [35, 63], "uv_size": [2, 0]},
								"east": {"uv": [35, 63], "uv_size": [2, 0]},
								"south": {"uv": [35, 63], "uv_size": [2, 0]},
								"west": {"uv": [35, 63], "uv_size": [2, 0]},
								"up": {"uv": [37, 63], "uv_size": [-2, 0]},
								"down": {"uv": [37, 63], "uv_size": [-2, 0]}
							}
						},
						{
							"origin": [-3.26994, 27.39295, -4.37],
							"size": [0.95, 0.6072, 0.285],
							"pivot": [-3.74494, 29.82175, -4.275],
							"rotation": [0, 0, 5],
							"uv": {
								"north": {"uv": [37, 63], "uv_size": [-2, 0]},
								"east": {"uv": [37, 63], "uv_size": [-2, 0]},
								"south": {"uv": [37, 63], "uv_size": [-2, 0]},
								"west": {"uv": [37, 63], "uv_size": [-2, 0]},
								"up": {"uv": [35, 63], "uv_size": [2, 0]},
								"down": {"uv": [35, 63], "uv_size": [2, 0]}
							}
						}
					]
				},
				{
					"name": "leftArm",
					"parent": "body",
					"pivot": [5, 20.24, 0],
					"cubes": [
						{
							"origin": [4, 17.52, -2],
							"size": [4, 5.52, 4],
							"uv": {
								"north": {"uv": [27, 0], "uv_size": [9, 12]},
								"east": {"uv": [36, 0], "uv_size": [-9, 12]},
								"south": {"uv": [27, 0], "uv_size": [9, 12]},
								"west": {"uv": [36, 0], "uv_size": [-9, 12]},
								"up": {"uv": [27, 6], "uv_size": [9, -6]},
								"down": {"uv": [36, 24], "uv_size": [-9, -2]}
							}
						},
						{
							"origin": [6.22408, 20.59575, -2],
							"size": [2, 2.728, 4],
							"inflate": 0.2,
							"uv": {
								"north": {"uv": [8, 40], "uv_size": [-8, 6]},
								"east": {"uv": [17, 40], "uv_size": [8, 6]},
								"south": {"uv": [0, 40], "uv_size": [8, 6]},
								"west": {"uv": [64, 0], "uv_size": [0, 0]},
								"up": {"uv": [17, 46], "uv_size": [8, -6]},
								"down": {"uv": [64, 0], "uv_size": [0, 0]}
							}
						},
						{
							"origin": [4.5, 20.296, -2],
							"size": [2, 2.728, 4],
							"inflate": 0.2,
							"pivot": [4.5, 19.82, 0],
							"rotation": [0, 0, -10],
							"uv": {
								"north": {"uv": [0, 40], "uv_size": [8, 6]},
								"east": {"uv": [17, 40], "uv_size": [8, 6]},
								"south": {"uv": [8, 40], "uv_size": [-8, 6]},
								"west": {"uv": [64, 0], "uv_size": [0, 0]},
								"up": {"uv": [25, 46], "uv_size": [-8, -6]},
								"down": {"uv": [64, 0], "uv_size": [0, 0]}
							}
						}
					]
				},
				{
					"name": "leftArmD",
					"parent": "leftArm",
					"pivot": [5, 16.56, 2],
					"cubes": [
						{
							"origin": [4, 14.3, -2],
							"size": [4, 3.22, 4],
							"uv": {
								"north": {"uv": [27, 12], "uv_size": [9, 7]},
								"east": {"uv": [36, 12], "uv_size": [-9, 7]},
								"south": {"uv": [27, 12], "uv_size": [9, 7]},
								"west": {"uv": [36, 12], "uv_size": [-9, 7]},
								"up": {"uv": [27, 6], "uv_size": [9, -6]},
								"down": {"uv": [36, 19], "uv_size": [-9, -7]}
							}
						},
						{
							"origin": [4, 12.238, -2],
							"size": [4, 2.284, 4],
							"inflate": 0.1,
							"uv": {
								"north": {"uv": [36, 20], "uv_size": [9, 4]},
								"east": {"uv": [45, 16], "uv_size": [-9, 4]},
								"south": {"uv": [36, 16], "uv_size": [9, 4]},
								"west": {"uv": [45, 16], "uv_size": [-9, 4]},
								"up": {"uv": [36, 20], "uv_size": [9, -4]},
								"down": {"uv": [45, 20], "uv_size": [-9, -4]}
							}
						},
						{
							"origin": [4, 10.674, -2],
							"size": [4, 1.364, 0],
							"inflate": 0.1,
							"uv": {
								"north": {"uv": [36, 24], "uv_size": [9, 1.9]},
								"east": {"uv": [64, 0], "uv_size": [0, 0]},
								"south": {"uv": [64, 0], "uv_size": [0, 0]},
								"west": {"uv": [64, 0], "uv_size": [0, 0]},
								"up": {"uv": [64, 0], "uv_size": [0, 0]},
								"down": {"uv": [64, 0], "uv_size": [0, 0]}
							}
						}
					]
				},
				{
					"name": "rightArm",
					"parent": "body",
					"pivot": [-5, 20.24, 0],
					"cubes": [
						{
							"origin": [-8, 17.52, -2],
							"size": [4, 5.52, 4],
							"uv": {
								"north": {"uv": [36, 0], "uv_size": [-9, 12]},
								"east": {"uv": [27, 0], "uv_size": [9, 12]},
								"south": {"uv": [36, 0], "uv_size": [-9, 12]},
								"west": {"uv": [27, 0], "uv_size": [9, 12]},
								"up": {"uv": [36, 6], "uv_size": [-9, -6]},
								"down": {"uv": [27, 24], "uv_size": [9, -2]}
							}
						},
						{
							"origin": [-8.05, 19.82, -1.5],
							"size": [0, 2.76, 3],
							"uv": {
								"north": {"uv": [64, 0], "uv_size": [0, 0]},
								"east": {"uv": [27, 25], "uv_size": [7, 7]},
								"south": {"uv": [64, 0], "uv_size": [0, 0]},
								"west": {"uv": [64, 0], "uv_size": [0, 0]},
								"up": {"uv": [64, 0], "uv_size": [0, 0]},
								"down": {"uv": [64, 0], "uv_size": [0, 0]}
							}
						},
						{
							"origin": [-8.22408, 20.59575, -2],
							"size": [2, 2.728, 4],
							"inflate": 0.2,
							"uv": {
								"north": {"uv": [0, 40], "uv_size": [8, 6]},
								"east": {"uv": [64, 0], "uv_size": [0, 0]},
								"south": {"uv": [8, 40], "uv_size": [-8, 6]},
								"west": {"uv": [25, 40], "uv_size": [-8, 6]},
								"up": {"uv": [25, 46], "uv_size": [-8, -6]},
								"down": {"uv": [64, 0], "uv_size": [0, 0]}
							}
						},
						{
							"origin": [-6.5, 20.296, -2],
							"size": [2, 2.728, 4],
							"inflate": 0.2,
							"pivot": [-4.5, 19.82, 0],
							"rotation": [0, 0, 10],
							"uv": {
								"north": {"uv": [8, 40], "uv_size": [-8, 6]},
								"east": {"uv": [64, 0], "uv_size": [0, 0]},
								"south": {"uv": [0, 40], "uv_size": [8, 6]},
								"west": {"uv": [25, 40], "uv_size": [-8, 6]},
								"up": {"uv": [17, 46], "uv_size": [8, -6]},
								"down": {"uv": [64, 0], "uv_size": [0, 0]}
							}
						}
					]
				},
				{
					"name": "rightArmD",
					"parent": "rightArm",
					"pivot": [-5, 16.56, 2],
					"cubes": [
						{
							"origin": [-8, 14.3, -2],
							"size": [4, 3.22, 4],
							"uv": {
								"north": {"uv": [36, 12], "uv_size": [-9, 7]},
								"east": {"uv": [27, 12], "uv_size": [9, 7]},
								"south": {"uv": [36, 12], "uv_size": [-9, 7]},
								"west": {"uv": [27, 12], "uv_size": [9, 7]},
								"up": {"uv": [36, 6], "uv_size": [-9, -6]},
								"down": {"uv": [27, 19], "uv_size": [9, -7]}
							}
						},
						{
							"origin": [-8, 12.238, -2],
							"size": [4, 2.284, 4],
							"inflate": 0.1,
							"uv": {
								"north": {"uv": [45, 20], "uv_size": [-9, 4]},
								"east": {"uv": [36, 16], "uv_size": [9, 4]},
								"south": {"uv": [45, 16], "uv_size": [-9, 4]},
								"west": {"uv": [36, 16], "uv_size": [9, 4]},
								"up": {"uv": [45, 20], "uv_size": [-9, -4]},
								"down": {"uv": [36, 20], "uv_size": [9, -4]}
							}
						},
						{
							"origin": [-8, 10.674, -2],
							"size": [4, 1.364, 0],
							"inflate": 0.1,
							"uv": {
								"north": {"uv": [45, 24], "uv_size": [-9, 1.9]},
								"east": {"uv": [64, 0], "uv_size": [0, 0]},
								"south": {"uv": [64, 0], "uv_size": [0, 0]},
								"west": {"uv": [64, 0], "uv_size": [0, 0]},
								"up": {"uv": [64, 0], "uv_size": [0, 0]},
								"down": {"uv": [64, 0], "uv_size": [0, 0]}
							}
						}
					]
				},
				{
					"name": "rightLeg",
					"parent": "root",
					"pivot": [-1.9, 12, 0],
					"cubes": [
						{
							"origin": [-3.9, 6, -2],
							"size": [4, 6, 4],
							"uv": {
								"north": {"uv": [36, 0], "uv_size": [-9, 12]},
								"east": {"uv": [36, 0], "uv_size": [-9, 12]},
								"south": {"uv": [36, 0], "uv_size": [-9, 12]},
								"west": {"uv": [36, 0], "uv_size": [-9, 12]},
								"up": {"uv": [27, 5], "uv_size": [9, -5]},
								"down": {"uv": [36, 24], "uv_size": [9, -2]}
							}
						}
					]
				},
				{
					"name": "rightLegD",
					"parent": "rightLeg",
					"pivot": [-1.9, 6, -2],
					"cubes": [
						{
							"origin": [-3.9, 0.2, -2],
							"size": [4, 3.5, 4],
							"uv": {
								"north": {"uv": [45, 20], "uv_size": [-9, 4]},
								"east": {"uv": [45, 16], "uv_size": [-9, 4]},
								"south": {"uv": [45, 16], "uv_size": [-9, 4]},
								"west": {"uv": [45, 16], "uv_size": [-9, 4]},
								"up": {"uv": [36, 20], "uv_size": [9, -4]},
								"down": {"uv": [36, 20], "uv_size": [9, -4]}
							}
						},
						{
							"origin": [-3.9, 0.2, -4],
							"size": [4, 0, 2],
							"uv": {
								"north": {"uv": [64, 0], "uv_size": [0, 0]},
								"east": {"uv": [64, 0], "uv_size": [0, 0]},
								"south": {"uv": [64, 0], "uv_size": [0, 0]},
								"west": {"uv": [64, 0], "uv_size": [0, 0]},
								"up": {"uv": [45, 24], "uv_size": [-9, 2]},
								"down": {"uv": [64, 0], "uv_size": [0, 0]}
							}
						},
						{
							"origin": [-3.556, 3.7, -1.656],
							"size": [3.312, 2.4, 3.312],
							"uv": {
								"north": {"uv": [36, 12], "uv_size": [-9, 5]},
								"east": {"uv": [36, 12], "uv_size": [-9, 5]},
								"south": {"uv": [36, 12], "uv_size": [-9, 5]},
								"west": {"uv": [36, 12], "uv_size": [-9, 5]},
								"up": {"uv": [27, 17], "uv_size": [9, -5]},
								"down": {"uv": [27, 17], "uv_size": [9, -5]}
							}
						}
					]
				},
				{
					"name": "leftLeg",
					"parent": "root",
					"pivot": [1.9, 12, 0],
					"cubes": [
						{
							"origin": [-0.1, 6, -2],
							"size": [4, 6, 4],
							"uv": {
								"north": {"uv": [27, 0], "uv_size": [9, 12]},
								"east": {"uv": [27, 0], "uv_size": [9, 12]},
								"south": {"uv": [27, 0], "uv_size": [9, 12]},
								"west": {"uv": [27, 0], "uv_size": [9, 12]},
								"up": {"uv": [36, 5], "uv_size": [-9, -5]},
								"down": {"uv": [36, 24], "uv_size": [-9, -2]}
							}
						}
					]
				},
				{
					"name": "leftLegD",
					"parent": "leftLeg",
					"pivot": [1.9, 6, -2],
					"cubes": [
						{
							"origin": [-0.1, 0.2, -2],
							"size": [4, 3.5, 4],
							"uv": {
								"north": {"uv": [36, 20], "uv_size": [9, 4]},
								"east": {"uv": [36, 16], "uv_size": [9, 4]},
								"south": {"uv": [36, 16], "uv_size": [9, 4]},
								"west": {"uv": [36, 16], "uv_size": [9, 4]},
								"up": {"uv": [45, 20], "uv_size": [-9, -4]},
								"down": {"uv": [45, 20], "uv_size": [-9, -4]}
							}
						},
						{
							"origin": [0.244, 3.7, -1.656],
							"size": [3.312, 2.4, 3.312],
							"uv": {
								"north": {"uv": [27, 12], "uv_size": [9, 5]},
								"east": {"uv": [27, 12], "uv_size": [9, 5]},
								"south": {"uv": [27, 12], "uv_size": [9, 5]},
								"west": {"uv": [27, 12], "uv_size": [9, 5]},
								"up": {"uv": [36, 17], "uv_size": [-9, -5]},
								"down": {"uv": [36, 17], "uv_size": [-9, -5]}
							}
						},
						{
							"origin": [-0.1, 0.2, -4],
							"size": [4, 0, 2],
							"uv": {
								"north": {"uv": [64, 0], "uv_size": [0, 0]},
								"east": {"uv": [64, 0], "uv_size": [0, 0]},
								"south": {"uv": [64, 0], "uv_size": [0, 0]},
								"west": {"uv": [64, 0], "uv_size": [0, 0]},
								"up": {"uv": [36, 24], "uv_size": [9, 2]},
								"down": {"uv": [64, 0], "uv_size": [0, 0]}
							}
						}
					]
				}
			]
		}
	]
}