{
	"format_version": "1.12.0",
	"minecraft:geometry": [
		{
			"description": {
				"identifier": "geometry.shinobi",
				"texture_width": 64,
				"texture_height": 64,
				"visible_bounds_width": 3,
				"visible_bounds_height": 3,
				"visible_bounds_offset": [0, 1.5, 0]
			},
			"bones": [
				{
					"name": "root",
					"pivot": [0, 0, 0]
				},
				{
					"name": "waist",
					"parent": "root",
					"pivot": [0, 12, 0]
				},
				{
					"name": "body",
					"parent": "waist",
					"pivot": [0, 24, 0],
					"cubes": [
						{
							"origin": [-4, 13, -2],
							"size": [8, 11, 4],
							"inflate": 0.25,
							"uv": {
								"north": {"uv": [0, 40], "uv_size": [17, 22]},
								"east": {"uv": [29, 40], "uv_size": [5, 22]},
								"south": {"uv": [17, 40], "uv_size": [17, 22]},
								"west": {"uv": [17, 40], "uv_size": [5, 22]},
								"up": {"uv": [17, 46], "uv_size": [-17, -6]},
								"down": {"uv": [64, 0], "uv_size": [0, 0]}
							}
						},
						{
							"origin": [-4, 12, -2],
							"size": [8, 1, 4],
							"uv": {
								"north": {"uv": [0, 62], "uv_size": [17, 2]},
								"east": {"uv": [0, 62], "uv_size": [17, 2]},
								"south": {"uv": [0, 62], "uv_size": [17, 2]},
								"west": {"uv": [0, 62], "uv_size": [17, 2]},
								"up": {"uv": [17, 64], "uv_size": [-17, -2]},
								"down": {"uv": [17, 64], "uv_size": [-17, -2]}
							}
						},
						{
							"origin": [-4, 13, -2],
							"size": [8, 11, 4],
							"uv": {
								"north": {"uv": [27, 0], "uv_size": [9, 19]},
								"east": {"uv": [27, 0], "uv_size": [9, 19]},
								"south": {"uv": [27, 0], "uv_size": [9, 19]},
								"west": {"uv": [27, 0], "uv_size": [9, 19]},
								"up": {"uv": [36, 19], "uv_size": [-9, -19]},
								"down": {"uv": [36, 19], "uv_size": [-9, -19]}
							}
						}
					]
				},
				{
					"name": "head",
					"parent": "body",
					"pivot": [0, 24, 0],
					"cubes": [
						{
							"origin": [-4, 24, -4],
							"size": [8, 8, 8],
							"uv": {
								"north": {"uv": [9, 0], "uv_size": [18, 19]},
								"east": {"uv": [34, 45], "uv_size": [18, 19]},
								"south": {"uv": [34, 26], "uv_size": [18, 19]},
								"west": {"uv": [52, 45], "uv_size": [-18, 19]},
								"up": {"uv": [27, 38], "uv_size": [-18, -19]},
								"down": {"uv": [39, 64], "uv_size": [-5, -1]}
							}
						},
						{
							"origin": [-4, 28.5, -4],
							"size": [8, 3.5, 8],
							"inflate": 0.3,
							"uv": {
								"north": {"uv": [9, 0], "uv_size": [18, 9]},
								"east": {"uv": [34, 45], "uv_size": [18, 9]},
								"south": {"uv": [34, 26], "uv_size": [18, 9]},
								"west": {"uv": [52, 45], "uv_size": [-18, 9]},
								"up": {"uv": [27, 38], "uv_size": [-18, -19]},
								"down": {"uv": [52, 54], "uv_size": [-18, -9]}
							}
						},
						{
							"origin": [-4, 24, -4],
							"size": [8, 8, 8],
							"inflate": 0.35,
							"uv": {
								"north": {"uv": [53.5, 36.5], "uv_size": [9, 9.5]},
								"east": {"uv": [62.5, 27], "uv_size": [-9, 9.5]},
								"south": {"uv": [53.5, 55.5], "uv_size": [9, 8.5]},
								"west": {"uv": [53.5, 27], "uv_size": [9, 9.5]},
								"up": {"uv": [62.5, 55.5], "uv_size": [-9, -9.5]},
								"down": {"uv": [64, 0], "uv_size": [0, 0]}
							}
						}
					]
				},
				{
					"name": "leftArm",
					"parent": "body",
					"pivot": [5, 22, 0],
					"cubes": [
						{
							"origin": [4, 18, -2],
							"size": [4, 6, 4],
							"uv": {
								"north": {"uv": [27, 0], "uv_size": [9, 12]},
								"east": {"uv": [36, 0], "uv_size": [-9, 12]},
								"south": {"uv": [27, 0], "uv_size": [9, 12]},
								"west": {"uv": [36, 0], "uv_size": [-9, 12]},
								"up": {"uv": [27, 6], "uv_size": [9, -6]},
								"down": {"uv": [36, 24], "uv_size": [-9, -2]}
							}
						}
					]
				},
				{
					"name": "leftArmD",
					"parent": "leftArm",
					"pivot": [5, 18, 2],
					"cubes": [
						{
							"origin": [4, 14.5, -2],
							"size": [4, 3.5, 4],
							"uv": {
								"north": {"uv": [27, 12], "uv_size": [9, 7]},
								"east": {"uv": [36, 12], "uv_size": [-9, 7]},
								"south": {"uv": [27, 12], "uv_size": [9, 7]},
								"west": {"uv": [36, 12], "uv_size": [-9, 7]},
								"up": {"uv": [27, 6], "uv_size": [9, -6]},
								"down": {"uv": [36, 19], "uv_size": [-9, -7]}
							}
						},
						{
							"origin": [4, 12.25, -2],
							"size": [4, 2.5, 4],
							"inflate": -0.25,
							"uv": {
								"north": {"uv": [27, 19], "uv_size": [9, 5]},
								"east": {"uv": [63, 19], "uv_size": [-9, 5]},
								"south": {"uv": [54, 19], "uv_size": [9, 5]},
								"west": {"uv": [63, 19], "uv_size": [-9, 5]},
								"up": {"uv": [27, 22], "uv_size": [9, -3]},
								"down": {"uv": [36, 24], "uv_size": [-9, -5]}
							}
						}
					]
				},
				{
					"name": "rightArm",
					"parent": "body",
					"pivot": [-5, 22, 0],
					"cubes": [
						{
							"origin": [-8, 18, -2],
							"size": [4, 6, 4],
							"uv": {
								"north": {"uv": [36, 0], "uv_size": [-9, 12]},
								"east": {"uv": [27, 0], "uv_size": [9, 12]},
								"south": {"uv": [36, 0], "uv_size": [-9, 12]},
								"west": {"uv": [27, 0], "uv_size": [9, 12]},
								"up": {"uv": [36, 6], "uv_size": [-9, -6]},
								"down": {"uv": [27, 24], "uv_size": [9, -2]}
							}
						},
						{
							"origin": [-8.05, 20.5, -1.5],
							"size": [0, 3, 3],
							"uv": {
								"north": {"uv": [64, 0], "uv_size": [0, 0]},
								"east": {"uv": [27, 25], "uv_size": [7, 7]},
								"south": {"uv": [64, 0], "uv_size": [0, 0]},
								"west": {"uv": [64, 0], "uv_size": [0, 0]},
								"up": {"uv": [64, 0], "uv_size": [0, 0]},
								"down": {"uv": [64, 0], "uv_size": [0, 0]}
							}
						}
					]
				},
				{
					"name": "rightArmD",
					"parent": "rightArm",
					"pivot": [-5, 18, 2],
					"cubes": [
						{
							"origin": [-8, 14.5, -2],
							"size": [4, 3.5, 4],
							"uv": {
								"north": {"uv": [36, 12], "uv_size": [-9, 7]},
								"east": {"uv": [27, 12], "uv_size": [9, 7]},
								"south": {"uv": [36, 12], "uv_size": [-9, 7]},
								"west": {"uv": [27, 12], "uv_size": [9, 7]},
								"up": {"uv": [36, 6], "uv_size": [-9, -6]},
								"down": {"uv": [27, 19], "uv_size": [9, -7]}
							}
						},
						{
							"origin": [-8, 12.25, -2],
							"size": [4, 2.5, 4],
							"inflate": -0.25,
							"uv": {
								"north": {"uv": [36, 19], "uv_size": [-9, 5]},
								"east": {"uv": [54, 19], "uv_size": [9, 5]},
								"south": {"uv": [63, 19], "uv_size": [-9, 5]},
								"west": {"uv": [54, 19], "uv_size": [9, 5]},
								"up": {"uv": [36, 22], "uv_size": [-9, -3]},
								"down": {"uv": [27, 24], "uv_size": [9, -5]}
							}
						}
					]
				},
				{
					"name": "rightLeg",
					"parent": "root",
					"pivot": [-1.9, 12, 0],
					"cubes": [
						{
							"origin": [-3.9, 6, -2],
							"size": [4, 6, 4],
							"uv": {
								"north": {"uv": [45, 0], "uv_size": [-9, 12]},
								"east": {"uv": [45, 0], "uv_size": [-9, 12]},
								"south": {"uv": [45, 0], "uv_size": [-9, 12]},
								"west": {"uv": [45, 0], "uv_size": [-9, 12]},
								"up": {"uv": [36, 5], "uv_size": [9, -5]},
								"down": {"uv": [36, 24], "uv_size": [9, -2]}
							}
						}
					]
				},
				{
					"name": "rightLegD",
					"parent": "rightLeg",
					"pivot": [-1.9, 6, -2],
					"cubes": [
						{
							"origin": [-3.9, 0.2, -2],
							"size": [4, 3.5, 4],
							"uv": {
								"north": {"uv": [45, 17], "uv_size": [-9, 7]},
								"east": {"uv": [54, 17], "uv_size": [-9, 7]},
								"south": {"uv": [54, 17], "uv_size": [-9, 7]},
								"west": {"uv": [54, 17], "uv_size": [-9, 7]},
								"up": {"uv": [36, 18], "uv_size": [9, -1]},
								"down": {"uv": [36, 24], "uv_size": [9, -1]}
							}
						},
						{
							"origin": [-3.556, 3.7, -1.656],
							"size": [3.312, 2.4, 3.312],
							"uv": {
								"north": {"uv": [45, 12], "uv_size": [-9, 5]},
								"east": {"uv": [45, 12], "uv_size": [-9, 5]},
								"south": {"uv": [45, 12], "uv_size": [-9, 5]},
								"west": {"uv": [45, 12], "uv_size": [-9, 5]},
								"up": {"uv": [36, 17], "uv_size": [9, -5]},
								"down": {"uv": [36, 17], "uv_size": [9, -5]}
							}
						}
					]
				},
				{
					"name": "leftLeg",
					"parent": "root",
					"pivot": [1.9, 12, 0],
					"cubes": [
						{
							"origin": [-0.1, 6, -2],
							"size": [4, 6, 4],
							"uv": {
								"north": {"uv": [36, 0], "uv_size": [9, 12]},
								"east": {"uv": [36, 0], "uv_size": [9, 12]},
								"south": {"uv": [36, 0], "uv_size": [9, 12]},
								"west": {"uv": [36, 0], "uv_size": [9, 12]},
								"up": {"uv": [45, 5], "uv_size": [-9, -5]},
								"down": {"uv": [45, 24], "uv_size": [-9, -2]}
							}
						}
					]
				},
				{
					"name": "leftLegD",
					"parent": "leftLeg",
					"pivot": [1.9, 6, -2],
					"cubes": [
						{
							"origin": [-0.1, 0.2, -2],
							"size": [4, 3.5, 4],
							"uv": {
								"north": {"uv": [36, 17], "uv_size": [9, 7]},
								"east": {"uv": [45, 17], "uv_size": [9, 7]},
								"south": {"uv": [45, 17], "uv_size": [9, 7]},
								"west": {"uv": [45, 17], "uv_size": [9, 7]},
								"up": {"uv": [45, 18], "uv_size": [-9, -1]},
								"down": {"uv": [45, 24], "uv_size": [-9, -1]}
							}
						},
						{
							"origin": [0.244, 3.7, -1.656],
							"size": [3.312, 2.4, 3.312],
							"uv": {
								"north": {"uv": [36, 12], "uv_size": [9, 5]},
								"east": {"uv": [36, 12], "uv_size": [9, 5]},
								"south": {"uv": [36, 12], "uv_size": [9, 5]},
								"west": {"uv": [36, 12], "uv_size": [9, 5]},
								"up": {"uv": [45, 17], "uv_size": [-9, -5]},
								"down": {"uv": [45, 17], "uv_size": [-9, -5]}
							}
						}
					]
				}
			]
		}
	]
}