{
  "format_version": "1.10.0",
  "animation_controllers": {
    "controller.animation.kamui_shuriken_exe": {
      "states": {
        "default": {
          "transitions": [
            {
              "walking": "(1.0)"
            }
          ],
          "on_entry": [
 ""
          ]
        },
        "walking": {
          "transitions": [
            {
              "default": "(1.0)"
            }
          ],
          "on_entry": [
            "/tp @e[r=9] ~~~",
        "/summon jedy:kamui_shuriken_bomb ~~~"
          ]
        }
      }
    }
  }
}