{
  "format_version": "1.10.0",
  "animation_controllers": {
    "controller.animation.mob.asta": {
      "states": {
        "default": {
          "transitions": [
            { "bull_thrust": "q.mark_variant == 1" },
            { "black_cut": "q.mark_variant == 2" },
            { "attack1": "v.attack_time" }
          ],
          "on_entry": [
            "/event entity @s wesl3y:skill0",
            "/inputpermission set @s movement enabled"
          ]
        },
        "attack1": {
          "animations": ["timer.0_5"],
          "transitions": [
            { "attack1_2": "query.any_animation_finished" }
          ],
          "on_entry": [
            "/event entity @s wesl3y:skill1",
            "/tag @s add asta_reflect"
          ],
          "on_exit": [
            "/tag @s remove asta_reflect"
          ]
        },
        "attack1_2": {
          "animations": ["timer.0_5"],
          "transitions": [
            { "attack2": "v.attack_time > 0.0" },
            { "default": "query.any_animation_finished" }
          ],
          "on_entry": [
            "/event entity @s wesl3y:skill0"
          ]
        },
        "attack2": {
          "animations": ["timer.0_5"],
          "transitions": [
            { "attack2_2": "query.any_animation_finished" }
          ],
          "on_entry": [
            "/event entity @s wesl3y:skill2",
            "/tag @s add asta_reflect"
          ],
          "on_exit": [
            "/tag @s remove asta_reflect"
          ]
        },
        "attack2_2": {
          "animations": ["timer.0_5"],
          "transitions": [
            { "attack3": "v.attack_time > 0.0" },
            { "default": "query.any_animation_finished" }
          ],
          "on_entry": [
            "/event entity @s wesl3y:skill0"
          ]
        },
        "attack3": {
          "animations": ["timer.0_5"],
          "transitions": [
            { "default": "query.any_animation_finished" }
          ],
          "on_entry": [
            "/event entity @s wesl3y:skill3",
            "/tag @s add asta_reflect"
          ],
          "on_exit": [
            "/tag @s remove asta_reflect"
          ]
        },
        "bull_thrust": {
          "animations": ["timer.0_25"],
          "transitions": [
            {
              "bull_thrust2": "query.any_animation_finished"
            }
          ],
          "on_entry": [
            "/event entity @s wesl3y:skill4"
          ],
          "on_exit": [
            "/particle wesl3y:asta_bull_thrust"
          ]
        },
        "bull_thrust2": {
          "animations": ["timer.1_0"],
          "transitions": [
            {
              "cancel": "query.any_animation_finished"
            }
          ],
          "on_entry": [
            "/tag @s add asta_bull_thrust",
            "/summon wesl3y:asta_damage ^^^-1.5 ~~ wesl3y:mob.bull_thrust",
            "/effect @s slow_falling 3 1 true"
          ],
          "on_exit": [
            "/tag @s remove asta_bull_thrust"
          ]
        },
        "black_cut": {
          "animations": ["timer.0_2"],
          "transitions": [
            {
              "black_cut2": "query.any_animation_finished"
            }
          ],
          "on_entry": [
            "/event entity @s wesl3y:skill5"
          ],
          "on_exit": [
            "/event entity @s wesl3y:black_cut"
          ]
        },
        "black_cut2": {
          "animations": ["timer.0_2"],
          "transitions": [
            {
              "cancel": "query.any_animation_finished"
            }
          ]
        },
        "cancel": {
          "animations": ["timer.0_5"],
          "transitions": [
            {
              "default": "query.all_animations_finished"
            }
          ],
          "on_exit": [
            "/event entity @s wesl3y:skill0",
            "/event entity @s dboa"
          ]
        }
      }
    }
  }
}