{
  "format_version": "1.10.0",
  "animation_controllers": {
    "controller.animation.mob.kuririn": {
      "states": {
        "default": {
          "transitions": [
            { "kienzan": "q.mark_variant == 1" },
            { "kamehameha": "q.mark_variant == 2" },
            { "attack1": "v.attack_time" }
          ],
          "on_entry": [
            "/event entity @s wesl3y:skill0",
            "/inputpermission set @s movement enabled"
          ]
        },
        "attack1": {
          "animations": ["timer.0_5"],
          "transitions": [
            { "attack1_2": "query.any_animation_finished" }
          ],
          "on_entry": [
            "/event entity @s wesl3y:skill1",
            "/execute positioned ^^^1 at @e[r=1,type=!wesl3y:kuririn,family=!attack,family=!inanimate,type=!item,type=!xp_orb] run particle wesl3y:kuririn_hit"
          ]
        },
        "attack1_2": {
          "animations": ["timer.0_5"],
          "transitions": [
            { "attack2": "v.attack_time > 0.0" },
            { "default": "query.any_animation_finished" }
          ],
          "on_entry": [
            "/event entity @s wesl3y:skill0"
          ]
        },
        "attack2": {
          "animations": ["timer.0_5"],
          "transitions": [
            { "attack2_2": "query.any_animation_finished" }
          ],
          "on_entry": [
            "/event entity @s wesl3y:skill2",
            "/execute positioned ^^^1 at @e[r=1,type=!wesl3y:kuririn,family=!attack,family=!inanimate,type=!item,type=!xp_orb] run particle wesl3y:kuririn_hit"
          ]
        },
        "attack2_2": {
          "animations": ["timer.0_5"],
          "transitions": [
            { "attack3": "v.attack_time > 0.0" },
            { "default": "query.any_animation_finished" }
          ],
          "on_entry": [
            "/event entity @s wesl3y:skill0"
          ]
        },
        "attack3": {
          "animations": ["timer.0_5"],
          "transitions": [
            {
              "default": "query.any_animation_finished"
            }
          ],
          "on_entry": [
            "/event entity @s wesl3y:skill3",
            "/execute positioned ^^^1 at @e[r=1,type=!wesl3y:kuririn,family=!attack,family=!inanimate,type=!item,type=!xp_orb] run particle wesl3y:kuririn_hit"
          ]
        },
        "kienzan": {
          "animations": ["timer.0_5"],
          "transitions": [
            {
              "cancel": "query.all_animations_finished"
            }
          ],
          "on_entry": [
            "/event entity @s wesl3y:skill4"
          ],
          "on_exit": [
            "/event entity @s combo1_2"
          ]
        },
        "kamehameha": {
          "animations": ["timer.0_75"],
          "transitions": [
            {
              "cancel": "query.all_animations_finished"
            }
          ],
          "on_entry": [
            "/event entity @s wesl3y:skill5"
          ],
          "on_exit": [
            "/event entity @s combo2_2"
          ]
        },
        "cancel": {
          "animations": ["timer.0_5"],
          "transitions": [
            {
              "default": "query.all_animations_finished"
            }
          ],
          "on_exit": [
            "/event entity @s wesl3y:skill0",
            "/event entity @s dboa"
          ]
        }
      }
    }
  }
}