{
  "format_version": "1.10.0",
  "animation_controllers": {
    "controller.animation.mob.jinwoo": {
      "states": {
        "default": {
          "transitions": [
            { "bloodlust": "q.mark_variant == 1" },
            { "attack1": "v.attack_time" }
          ],
          "on_entry": [
            "/inputpermission set @s movement enabled"
          ]
        },
        "attack1": {
          "animations": ["timer.0_3"],
          "transitions": [
            { "attack1_2": "query.any_animation_finished" }
          ],
          "on_entry": [
            "/event entity @s wesl3y:skill1"
          ]
        },
        "attack1_2": {
          "animations": ["timer.0_5"],
          "transitions": [
            { "attack2": "v.attack_time > 0.0" },
            { "cancel": "query.any_animation_finished" }
          ]
        },
        "attack2": {
          "animations": ["timer.0_3"],
          "transitions": [
            { "attack2_2": "query.any_animation_finished" }
          ],
          "on_entry": [
            "/event entity @s wesl3y:skill2"
          ]
        },
        "attack2_2": {
          "animations": ["timer.0_5"],
          "transitions": [
            { "attack3": "v.attack_time > 0.0" },
            { "cancel": "query.any_animation_finished" }
          ]
        },
        "attack3": {
          "animations": ["timer.0_5"],
          "transitions": [
            { "cancel": "query.any_animation_finished" }
          ],
          "on_entry": [
            "/event entity @s wesl3y:skill3",
            "/summon wesl3y:jinwoo_damage ~~~ ~~ wesl3y:mob.slash"
          ]
        },
        "bloodlust": {
          "animations": ["timer.0_5"],
          "transitions": [
            { "cancel": "query.any_animation_finished" }
          ],
          "on_entry": [
            "/tp @s ~~~",
            "/scoreboard players set @s wg:cutscene 74"
          ]
        },
        "cancel": {
          "animations": ["timer.0_5"],
          "transitions": [
            {
              "default": "query.all_animations_finished"
            }
          ],
          "on_exit": [
            "/event entity @s wesl3y:skill0",
            "/event entity @s dboa"
          ]
        }
      }
    }
  }
}