{
	"format_version": "1.12.0",
	"minecraft:geometry": [
		{
			"description": {
				"identifier": "geometry.gojo",
				"texture_width": 64,
				"texture_height": 64,
				"visible_bounds_width": 2,
				"visible_bounds_height": 3.5,
				"visible_bounds_offset": [0, 1.25, 0]
			},
			"bones": [
				{
					"name": "root",
					"pivot": [0, 0, 0]
				},
				{
					"name": "waist",
					"parent": "root",
					"pivot": [0, 12, 0]
				},
				{
					"name": "body",
					"parent": "waist",
					"pivot": [0, 24, 0],
					"cubes": [
						{"origin": [-4, 12, -2], "size": [8, 12, 4], "uv": [0, 29]}
					]
				},
				{
					"name": "rightArm",
					"parent": "body",
					"pivot": [-5, 22, 0],
					"cubes": [
						{
							"origin": [-7, 18, -2],
							"size": [3, 6, 4],
							"uv": {
								"north": {"uv": [52, 14], "uv_size": [3, 6]},
								"east": {"uv": [48, 14], "uv_size": [4, 6]},
								"south": {"uv": [59, 14], "uv_size": [3, 6]},
								"west": {"uv": [55, 14], "uv_size": [4, 6]},
								"up": {"uv": [52, 10], "uv_size": [3, 4]},
								"down": {"uv": [55, 14], "uv_size": [3, -4]}
							}
						}
					]
				},
				{
					"name": "rightForeArm",
					"parent": "rightArm",
					"pivot": [-6, 18, 0],
					"cubes": [
						{
							"origin": [-7, 12, -2],
							"size": [3, 6, 4],
							"uv": {
								"north": {"uv": [36, 51], "uv_size": [3, 6]},
								"east": {"uv": [32, 51], "uv_size": [4, 6]},
								"south": {"uv": [43, 51], "uv_size": [3, 6]},
								"west": {"uv": [39, 51], "uv_size": [4, 6]},
								"up": {"uv": [36, 47], "uv_size": [3, 4]},
								"down": {"uv": [39, 51], "uv_size": [3, -4]}
							}
						}
					],
					"locators": {
						"gojo_black_flash": [-6, 12, 0]
					}
				},
				{
					"name": "leftArm",
					"parent": "body",
					"pivot": [5, 22, 0],
					"cubes": [
						{
							"origin": [4, 18, -2],
							"size": [3, 6, 4],
							"uv": {
								"north": {"uv": [55, 14], "uv_size": [-3, 6]},
								"east": {"uv": [59, 14], "uv_size": [-4, 6]},
								"south": {"uv": [62, 14], "uv_size": [-3, 6]},
								"west": {"uv": [52, 14], "uv_size": [-4, 6]},
								"up": {"uv": [55, 10], "uv_size": [-3, 4]},
								"down": {"uv": [58, 14], "uv_size": [-3, -4]}
							}
						}
					]
				},
				{
					"name": "leftForeArm",
					"parent": "leftArm",
					"pivot": [6, 18, 0],
					"cubes": [
						{
							"origin": [4, 12, -2],
							"size": [3, 6, 4],
							"uv": {
								"north": {"uv": [39, 51], "uv_size": [-3, 6]},
								"east": {"uv": [43, 51], "uv_size": [-4, 6]},
								"south": {"uv": [46, 51], "uv_size": [-3, 6]},
								"west": {"uv": [36, 51], "uv_size": [-4, 6]},
								"up": {"uv": [39, 47], "uv_size": [-3, 4]},
								"down": {"uv": [42, 51], "uv_size": [-3, -4]}
							}
						}
					],
					"locators": {
						"gojo_black_flash2": [6, 12, 0]
					}
				},
				{
					"name": "head",
					"parent": "body",
					"pivot": [0, 24, 0],
					"cubes": [
						{"origin": [-4, 23.75, -4], "size": [8, 8, 8], "inflate": -0.25, "uv": [0, 13]},
						{"origin": [-4.5, 22.3, -4.5], "size": [5, 3, 9], "inflate": -0.3, "pivot": [0, 24.5, 0], "rotation": [5, 0, -2.5], "uv": [0, 0]},
						{"origin": [-0.5, 22.3, -4.5], "size": [5, 3, 9], "inflate": -0.3, "pivot": [0, 24.5, 0], "rotation": [5, 0, 2.5], "uv": [0, 0], "mirror": true}
					]
				},
				{
					"name": "hair2",
					"parent": "head",
					"pivot": [0, 0, 0],
					"cubes": [
						{
							"origin": [-0.9414, 31.33541, 0.14658],
							"size": [5, 4, 0],
							"pivot": [1.5586, 33.83541, 0.14658],
							"rotation": [-37.96901, -15.31643, 13.79226],
							"uv": {
								"north": {"uv": [0, 58], "uv_size": [5, 6]},
								"east": {"uv": [0, 30.5], "uv_size": [0, 1.5]},
								"south": {"uv": [0, 32], "uv_size": [0, 0]},
								"west": {"uv": [0, 31], "uv_size": [0, 1]},
								"up": {"uv": [3, 32], "uv_size": [-3, 0]},
								"down": {"uv": [3, 32], "uv_size": [-3, 0]}
							}
						},
						{
							"origin": [2.99661, 32.6774, 1.85947],
							"size": [3, 4, 0],
							"pivot": [2.72369, 33.73823, 0.40177],
							"rotation": [-34.94693, 6.35031, 31.10405],
							"uv": {
								"north": {"uv": [0, 58], "uv_size": [5, 6]},
								"east": {"uv": [0, 31], "uv_size": [0, 1]},
								"south": {"uv": [0, 32], "uv_size": [0, 0]},
								"west": {"uv": [0, 30.5], "uv_size": [0, 1.5]},
								"up": {"uv": [3, 32], "uv_size": [-3, 0]},
								"down": {"uv": [3, 32], "uv_size": [-3, 0]}
							}
						},
						{
							"origin": [-5.31361, 31.13769, -1.66228],
							"size": [5, 4, 0],
							"pivot": [-2.81361, 33.63769, -1.66228],
							"rotation": [-36.40343, 10.04171, -14.92522],
							"uv": {
								"north": {"uv": [5, 58], "uv_size": [-5, 6]},
								"east": {"uv": [0, 30.5], "uv_size": [0, 1.5]},
								"south": {"uv": [0, 32], "uv_size": [0, 0]},
								"west": {"uv": [0, 31], "uv_size": [0, 1]},
								"up": {"uv": [0, 32], "uv_size": [3, 0]},
								"down": {"uv": [0, 32], "uv_size": [3, 0]}
							}
						},
						{
							"origin": [0.94401, 32.86553, 3.31076],
							"size": [4, 4, 0],
							"pivot": [2.72369, 33.73823, 0.90177],
							"rotation": [-36.40343, -10.04171, 14.92522],
							"uv": {
								"north": {"uv": [0, 58], "uv_size": [5, 6]},
								"east": {"uv": [0, 30.5], "uv_size": [0, 1.5]},
								"south": {"uv": [0, 32], "uv_size": [0, 0]},
								"west": {"uv": [0, 31], "uv_size": [0, 1]},
								"up": {"uv": [3, 32], "uv_size": [-3, 0]},
								"down": {"uv": [3, 32], "uv_size": [-3, 0]}
							}
						},
						{
							"origin": [-4.99661, 29.6774, -1.64053],
							"size": [5, 4, 0],
							"pivot": [-2.72369, 33.73823, 0.90177],
							"rotation": [-35.11183, 5.20827, -14.75368],
							"uv": {
								"north": {"uv": [5, 58], "uv_size": [-5, 6]},
								"east": {"uv": [0, 30.5], "uv_size": [0, 1.5]},
								"south": {"uv": [0, 32], "uv_size": [0, 0]},
								"west": {"uv": [0, 31], "uv_size": [0, 1]},
								"up": {"uv": [0, 32], "uv_size": [3, 0]},
								"down": {"uv": [0, 32], "uv_size": [3, 0]}
							}
						},
						{
							"origin": [-4.99661, 29.6774, -1.64053],
							"size": [5, 4, 0],
							"pivot": [-2.72369, 33.73823, 0.90177],
							"rotation": [-35.11183, 5.20827, -14.75368],
							"uv": {
								"north": {"uv": [5, 58], "uv_size": [-5, 6]},
								"east": {"uv": [0, 30.5], "uv_size": [0, 1.5]},
								"south": {"uv": [0, 32], "uv_size": [0, 0]},
								"west": {"uv": [0, 31], "uv_size": [0, 1]},
								"up": {"uv": [0, 32], "uv_size": [3, 0]},
								"down": {"uv": [0, 32], "uv_size": [3, 0]}
							}
						},
						{
							"origin": [-4.99661, 29.6774, 0.35947],
							"size": [5, 4, 0],
							"pivot": [-2.72369, 33.73823, 0.90177],
							"rotation": [-35.11183, 5.20827, -14.75368],
							"uv": {
								"north": {"uv": [5, 58], "uv_size": [-5, 6]},
								"east": {"uv": [0, 30.5], "uv_size": [0, 1.5]},
								"south": {"uv": [0, 32], "uv_size": [0, 0]},
								"west": {"uv": [0, 31], "uv_size": [0, 1]},
								"up": {"uv": [0, 32], "uv_size": [3, 0]},
								"down": {"uv": [0, 32], "uv_size": [3, 0]}
							}
						},
						{
							"origin": [-5.99661, 30.6774, 0.35947],
							"size": [3, 4, 0],
							"pivot": [-2.72369, 33.73823, 0.90177],
							"rotation": [-34.94693, -6.35031, -31.10405],
							"uv": {
								"north": {"uv": [5, 58], "uv_size": [-5, 6]},
								"east": {"uv": [0, 30.5], "uv_size": [0, 1.5]},
								"south": {"uv": [0, 32], "uv_size": [0, 0]},
								"west": {"uv": [0, 31], "uv_size": [0, 1]},
								"up": {"uv": [0, 32], "uv_size": [3, 0]},
								"down": {"uv": [0, 32], "uv_size": [3, 0]}
							}
						},
						{
							"origin": [-5.99661, 32.6774, 1.85947],
							"size": [3, 4, 0],
							"pivot": [-2.72369, 33.73823, 0.40177],
							"rotation": [-34.94693, -6.35031, -31.10405],
							"uv": {
								"north": {"uv": [5, 58], "uv_size": [-5, 6]},
								"east": {"uv": [0, 30.5], "uv_size": [0, 1.5]},
								"south": {"uv": [0, 32], "uv_size": [0, 0]},
								"west": {"uv": [0, 31], "uv_size": [0, 1]},
								"up": {"uv": [0, 32], "uv_size": [3, 0]},
								"down": {"uv": [0, 32], "uv_size": [3, 0]}
							}
						},
						{
							"origin": [-0.79039, 29.85041, 4.55185],
							"size": [4, 4, 0],
							"pivot": [0, 31.90634, 5.16602],
							"rotation": [-56.83351, 0.75558, 15.60891],
							"uv": {
								"north": {"uv": [0, 58], "uv_size": [5, 6]},
								"east": {"uv": [0, 31], "uv_size": [0, 1]},
								"south": {"uv": [0, 32], "uv_size": [0, 0]},
								"west": {"uv": [0, 30.5], "uv_size": [0, 1.5]},
								"up": {"uv": [3, 32], "uv_size": [-3, 0]},
								"down": {"uv": [3, 32], "uv_size": [-3, 0]}
							}
						},
						{
							"origin": [0, 31.25, -1.25],
							"size": [4, 4, 0],
							"pivot": [-2.5, 33.5, 0],
							"rotation": [-31.60659, 7.99365, 12.73415],
							"uv": {
								"north": {"uv": [5, 58], "uv_size": [-5, 6]},
								"east": {"uv": [0, 30.5], "uv_size": [0, 1.5]},
								"south": {"uv": [0, 32], "uv_size": [0, 0]},
								"west": {"uv": [0, 31], "uv_size": [0, 1]},
								"up": {"uv": [0, 32], "uv_size": [3, 0]},
								"down": {"uv": [0, 32], "uv_size": [3, 0]}
							}
						},
						{
							"origin": [0, 32.25, 0.75],
							"size": [4, 4, 0],
							"pivot": [-2.5, 33.5, 0],
							"rotation": [-31.60659, 7.99365, 12.73415],
							"uv": {
								"north": {"uv": [5, 58], "uv_size": [-5, 6]},
								"east": {"uv": [0, 30.5], "uv_size": [0, 1.5]},
								"south": {"uv": [0, 32], "uv_size": [0, 0]},
								"west": {"uv": [0, 31], "uv_size": [0, 1]},
								"up": {"uv": [0, 32], "uv_size": [3, 0]},
								"down": {"uv": [0, 32], "uv_size": [3, 0]}
							}
						},
						{
							"origin": [0, 33.25, 2.25],
							"size": [4, 4, 0],
							"pivot": [-2.5, 33.5, -0.5],
							"rotation": [-16.60659, 7.99365, 12.73415],
							"uv": {
								"north": {"uv": [5, 58], "uv_size": [-5, 6]},
								"east": {"uv": [0, 30.5], "uv_size": [0, 1.5]},
								"south": {"uv": [0, 32], "uv_size": [0, 0]},
								"west": {"uv": [0, 31], "uv_size": [0, 1]},
								"up": {"uv": [0, 32], "uv_size": [3, 0]},
								"down": {"uv": [0, 32], "uv_size": [3, 0]}
							}
						},
						{
							"origin": [-4, 31.25, -1.25],
							"size": [4, 4, 0],
							"pivot": [2.5, 33.5, 0],
							"rotation": [-31.60659, -7.99365, -12.73415],
							"uv": {
								"north": {"uv": [0, 58], "uv_size": [5, 6]},
								"east": {"uv": [0, 31], "uv_size": [0, 1]},
								"south": {"uv": [0, 32], "uv_size": [0, 0]},
								"west": {"uv": [0, 30.5], "uv_size": [0, 1.5]},
								"up": {"uv": [3, 32], "uv_size": [-3, 0]},
								"down": {"uv": [3, 32], "uv_size": [-3, 0]}
							}
						},
						{
							"origin": [-2.31361, 31.46229, -2.59907],
							"size": [5, 4, 0],
							"pivot": [-2.81361, 34.71229, -1.59907],
							"rotation": [-16.60659, 7.99365, 12.73415],
							"uv": {
								"north": {"uv": [5, 58], "uv_size": [-5, 6]},
								"east": {"uv": [0, 30.5], "uv_size": [0, 1.5]},
								"south": {"uv": [0, 32], "uv_size": [0, 0]},
								"west": {"uv": [0, 31], "uv_size": [0, 1]},
								"up": {"uv": [0, 32], "uv_size": [3, 0]},
								"down": {"uv": [0, 32], "uv_size": [3, 0]}
							}
						},
						{
							"origin": [-4.50334, 31.59595, -3.90723],
							"size": [5, 4, 0],
							"pivot": [-0.17032, 31.42111, -3.9275],
							"rotation": [-25.05464, 1.60013, -5.44323],
							"uv": {
								"north": {"uv": [5, 58], "uv_size": [-5, 6]},
								"east": {"uv": [0, 30.5], "uv_size": [0, 1.5]},
								"south": {"uv": [0, 32], "uv_size": [0, 0]},
								"west": {"uv": [0, 31], "uv_size": [0, 1]},
								"up": {"uv": [0, 32], "uv_size": [3, 0]},
								"down": {"uv": [0, 32], "uv_size": [3, 0]}
							}
						},
						{
							"origin": [-0.91412, 31.26899, -4.10511],
							"size": [5, 4, 0],
							"pivot": [1.29532, 30.67111, -3.8025],
							"rotation": [-10.13404, -2.92933, 12.41474],
							"uv": {
								"north": {"uv": [0, 58], "uv_size": [5, 6]},
								"east": {"uv": [0, 30.5], "uv_size": [0, 1.5]},
								"south": {"uv": [0, 32], "uv_size": [0, 0]},
								"west": {"uv": [0, 31], "uv_size": [0, 1]},
								"up": {"uv": [3, 32], "uv_size": [-3, 0]},
								"down": {"uv": [3, 32], "uv_size": [-3, 0]}
							}
						},
						{
							"origin": [-0.91412, 35.26899, 1.89489],
							"size": [5, 4, 0],
							"pivot": [1.29532, 30.67111, -3.8025],
							"rotation": [-30.13404, -2.92933, 12.41474],
							"uv": {
								"north": {"uv": [0, 58], "uv_size": [5, 6]},
								"east": {"uv": [0, 30.5], "uv_size": [0, 1.5]},
								"south": {"uv": [0, 32], "uv_size": [0, 0]},
								"west": {"uv": [0, 31], "uv_size": [0, 1]},
								"up": {"uv": [3, 32], "uv_size": [-3, 0]},
								"down": {"uv": [3, 32], "uv_size": [-3, 0]}
							}
						},
						{
							"origin": [-0.00339, 29.6774, -1.64053],
							"size": [5, 4, 0],
							"pivot": [2.72369, 33.73823, 0.90177],
							"rotation": [-35.11183, -5.20827, 14.75368],
							"uv": {
								"north": {"uv": [0, 58], "uv_size": [5, 6]},
								"east": {"uv": [0, 31], "uv_size": [0, 1]},
								"south": {"uv": [0, 32], "uv_size": [0, 0]},
								"west": {"uv": [0, 30.5], "uv_size": [0, 1.5]},
								"up": {"uv": [3, 32], "uv_size": [-3, 0]},
								"down": {"uv": [3, 32], "uv_size": [-3, 0]}
							}
						},
						{
							"origin": [-4, 33.25, 2.25],
							"size": [4, 4, 0],
							"pivot": [2.5, 33.5, -0.5],
							"rotation": [-16.60659, -7.99365, -12.73415],
							"uv": {
								"north": {"uv": [0, 58], "uv_size": [5, 6]},
								"east": {"uv": [0, 31], "uv_size": [0, 1]},
								"south": {"uv": [0, 32], "uv_size": [0, 0]},
								"west": {"uv": [0, 30.5], "uv_size": [0, 1.5]},
								"up": {"uv": [3, 32], "uv_size": [-3, 0]},
								"down": {"uv": [3, 32], "uv_size": [-3, 0]}
							}
						},
						{
							"origin": [-4, 32.25, 0.75],
							"size": [4, 4, 0],
							"pivot": [2.5, 33.5, 0],
							"rotation": [-31.60659, -7.99365, -12.73415],
							"uv": {
								"north": {"uv": [0, 58], "uv_size": [5, 6]},
								"east": {"uv": [0, 31], "uv_size": [0, 1]},
								"south": {"uv": [0, 32], "uv_size": [0, 0]},
								"west": {"uv": [0, 30.5], "uv_size": [0, 1.5]},
								"up": {"uv": [3, 32], "uv_size": [-3, 0]},
								"down": {"uv": [3, 32], "uv_size": [-3, 0]}
							}
						},
						{
							"origin": [-3.20961, 29.85041, 4.55185],
							"size": [4, 4, 0],
							"pivot": [0, 31.90634, 5.16602],
							"rotation": [-56.83351, -0.75558, -15.60891],
							"uv": {
								"north": {"uv": [5, 58], "uv_size": [-5, 6]},
								"east": {"uv": [0, 30.5], "uv_size": [0, 1.5]},
								"south": {"uv": [0, 32], "uv_size": [0, 0]},
								"west": {"uv": [0, 31], "uv_size": [0, 1]},
								"up": {"uv": [0, 32], "uv_size": [3, 0]},
								"down": {"uv": [0, 32], "uv_size": [3, 0]}
							}
						},
						{
							"origin": [-0.49666, 31.59595, -3.90723],
							"size": [5, 4, 0],
							"pivot": [0.17032, 31.42111, -3.9275],
							"rotation": [-25.05464, -1.60013, 5.44323],
							"uv": {
								"north": {"uv": [0, 58], "uv_size": [5, 6]},
								"east": {"uv": [0, 31], "uv_size": [0, 1]},
								"south": {"uv": [0, 32], "uv_size": [0, 0]},
								"west": {"uv": [0, 30.5], "uv_size": [0, 1.5]},
								"up": {"uv": [3, 32], "uv_size": [-3, 0]},
								"down": {"uv": [3, 32], "uv_size": [-3, 0]}
							}
						},
						{
							"origin": [-4.0586, 31.33541, 0.14658],
							"size": [5, 4, 0],
							"pivot": [-1.5586, 33.83541, 0.14658],
							"rotation": [-37.96901, 15.31643, -13.79226],
							"uv": {
								"north": {"uv": [5, 58], "uv_size": [-5, 6]},
								"east": {"uv": [0, 31], "uv_size": [0, 1]},
								"south": {"uv": [0, 32], "uv_size": [0, 0]},
								"west": {"uv": [0, 30.5], "uv_size": [0, 1.5]},
								"up": {"uv": [0, 32], "uv_size": [3, 0]},
								"down": {"uv": [0, 32], "uv_size": [3, 0]}
							}
						},
						{
							"origin": [0.31361, 31.13769, -1.66228],
							"size": [5, 4, 0],
							"pivot": [2.81361, 33.63769, -1.66228],
							"rotation": [-36.40343, -10.04171, 14.92522],
							"uv": {
								"north": {"uv": [0, 58], "uv_size": [5, 6]},
								"east": {"uv": [0, 31], "uv_size": [0, 1]},
								"south": {"uv": [0, 32], "uv_size": [0, 0]},
								"west": {"uv": [0, 30.5], "uv_size": [0, 1.5]},
								"up": {"uv": [3, 32], "uv_size": [-3, 0]},
								"down": {"uv": [3, 32], "uv_size": [-3, 0]}
							}
						},
						{
							"origin": [-4.94401, 32.86553, 3.31076],
							"size": [4, 4, 0],
							"pivot": [-2.72369, 33.73823, 0.90177],
							"rotation": [-36.40343, 10.04171, -14.92522],
							"uv": {
								"north": {"uv": [5, 58], "uv_size": [-5, 6]},
								"east": {"uv": [0, 31], "uv_size": [0, 1]},
								"south": {"uv": [0, 32], "uv_size": [0, 0]},
								"west": {"uv": [0, 30.5], "uv_size": [0, 1.5]},
								"up": {"uv": [0, 32], "uv_size": [3, 0]},
								"down": {"uv": [0, 32], "uv_size": [3, 0]}
							}
						},
						{
							"origin": [-2.68639, 31.46229, -2.59907],
							"size": [5, 4, 0],
							"pivot": [2.81361, 34.71229, -1.59907],
							"rotation": [-16.60659, -7.99365, -12.73415],
							"uv": {
								"north": {"uv": [0, 58], "uv_size": [5, 6]},
								"east": {"uv": [0, 31], "uv_size": [0, 1]},
								"south": {"uv": [0, 32], "uv_size": [0, 0]},
								"west": {"uv": [0, 30.5], "uv_size": [0, 1.5]},
								"up": {"uv": [3, 32], "uv_size": [-3, 0]},
								"down": {"uv": [3, 32], "uv_size": [-3, 0]}
							}
						},
						{
							"origin": [-4.08588, 35.26899, 1.89489],
							"size": [5, 4, 0],
							"pivot": [-1.29532, 30.67111, -3.8025],
							"rotation": [-30.13404, 2.92933, -12.41474],
							"uv": {
								"north": {"uv": [5, 58], "uv_size": [-5, 6]},
								"east": {"uv": [0, 31], "uv_size": [0, 1]},
								"south": {"uv": [0, 32], "uv_size": [0, 0]},
								"west": {"uv": [0, 30.5], "uv_size": [0, 1.5]},
								"up": {"uv": [0, 32], "uv_size": [3, 0]},
								"down": {"uv": [0, 32], "uv_size": [3, 0]}
							}
						},
						{
							"origin": [-0.00339, 29.6774, 0.35947],
							"size": [5, 4, 0],
							"pivot": [2.72369, 33.73823, 0.90177],
							"rotation": [-35.11183, -5.20827, 14.75368],
							"uv": {
								"north": {"uv": [0, 58], "uv_size": [5, 6]},
								"east": {"uv": [0, 31], "uv_size": [0, 1]},
								"south": {"uv": [0, 32], "uv_size": [0, 0]},
								"west": {"uv": [0, 30.5], "uv_size": [0, 1.5]},
								"up": {"uv": [3, 32], "uv_size": [-3, 0]},
								"down": {"uv": [3, 32], "uv_size": [-3, 0]}
							}
						},
						{
							"origin": [2.99661, 30.6774, 0.35947],
							"size": [3, 4, 0],
							"pivot": [2.72369, 33.73823, 0.90177],
							"rotation": [-34.94693, 6.35031, 31.10405],
							"uv": {
								"north": {"uv": [0, 58], "uv_size": [5, 6]},
								"east": {"uv": [0, 31], "uv_size": [0, 1]},
								"south": {"uv": [0, 32], "uv_size": [0, 0]},
								"west": {"uv": [0, 30.5], "uv_size": [0, 1.5]},
								"up": {"uv": [3, 32], "uv_size": [-3, 0]},
								"down": {"uv": [3, 32], "uv_size": [-3, 0]}
							}
						},
						{
							"origin": [-4.08588, 31.26899, -4.10511],
							"size": [5, 4, 0],
							"pivot": [-1.29532, 30.67111, -3.8025],
							"rotation": [-10.13404, 2.92933, -12.41474],
							"uv": {
								"north": {"uv": [5, 58], "uv_size": [-5, 6]},
								"east": {"uv": [0, 31], "uv_size": [0, 1]},
								"south": {"uv": [0, 32], "uv_size": [0, 0]},
								"west": {"uv": [0, 30.5], "uv_size": [0, 1.5]},
								"up": {"uv": [0, 32], "uv_size": [3, 0]},
								"down": {"uv": [0, 32], "uv_size": [3, 0]}
							}
						}
					]
				},
				{
					"name": "hair",
					"parent": "head",
					"pivot": [0, -10, 3],
					"cubes": [
						{
							"origin": [-4.08588, 35.26899, -2.10511],
							"size": [5, 4, 0],
							"pivot": [-1.29532, 30.67111, -3.8025],
							"rotation": [-30.13404, 2.92933, -12.41474],
							"uv": {
								"north": {"uv": [5, 58], "uv_size": [-5, 6]},
								"east": {"uv": [0, 31], "uv_size": [0, 1]},
								"south": {"uv": [0, 32], "uv_size": [0, 0]},
								"west": {"uv": [0, 30.5], "uv_size": [0, 1.5]},
								"up": {"uv": [0, 32], "uv_size": [3, 0]},
								"down": {"uv": [0, 32], "uv_size": [3, 0]}
							}
						},
						{
							"origin": [1.58588, 34.26899, -5.10511],
							"size": [2, 4, 0],
							"pivot": [0.79532, 30.67111, -3.8025],
							"rotation": [-30.13404, -2.92933, 12.41474],
							"uv": {
								"north": {"uv": [2.5, 58], "uv_size": [2.5, 6]},
								"east": {"uv": [0, 30.5], "uv_size": [0, 1.5]},
								"south": {"uv": [0, 32], "uv_size": [0, 0]},
								"west": {"uv": [0, 31], "uv_size": [0, 1]},
								"up": {"uv": [3, 32], "uv_size": [-3, 0]},
								"down": {"uv": [3, 32], "uv_size": [-3, 0]}
							}
						},
						{
							"origin": [-3.58588, 34.26899, -5.10511],
							"size": [2, 4, 0],
							"pivot": [-0.79532, 30.67111, -3.8025],
							"rotation": [-30.13404, 2.92933, -12.41474],
							"uv": {
								"north": {"uv": [5, 58], "uv_size": [-2.5, 6]},
								"east": {"uv": [0, 31], "uv_size": [0, 1]},
								"south": {"uv": [0, 32], "uv_size": [0, 0]},
								"west": {"uv": [0, 30.5], "uv_size": [0, 1.5]},
								"up": {"uv": [0, 32], "uv_size": [3, 0]},
								"down": {"uv": [0, 32], "uv_size": [3, 0]}
							}
						},
						{
							"origin": [-2.5, 34.5, -5],
							"size": [5, 4, 0],
							"pivot": [1.29532, 30.67111, -3.8025],
							"rotation": [-30.13404, 0, 0],
							"uv": {
								"north": {"uv": [0, 58], "uv_size": [5, 6]},
								"east": {"uv": [0, 30.5], "uv_size": [0, 1.5]},
								"south": {"uv": [0, 32], "uv_size": [0, 0]},
								"west": {"uv": [0, 31], "uv_size": [0, 1]},
								"up": {"uv": [3, 32], "uv_size": [-3, 0]},
								"down": {"uv": [3, 32], "uv_size": [-3, 0]}
							}
						},
						{
							"origin": [-4.08588, 34.26899, -4.10511],
							"size": [5, 4, 0],
							"pivot": [-1.29532, 30.67111, -3.8025],
							"rotation": [-30.13404, 2.92933, -12.41474],
							"uv": {
								"north": {"uv": [5, 58], "uv_size": [-5, 6]},
								"east": {"uv": [0, 31], "uv_size": [0, 1]},
								"south": {"uv": [0, 32], "uv_size": [0, 0]},
								"west": {"uv": [0, 30.5], "uv_size": [0, 1.5]},
								"up": {"uv": [0, 32], "uv_size": [3, 0]},
								"down": {"uv": [0, 32], "uv_size": [3, 0]}
							}
						},
						{
							"origin": [-4.08588, 34.26899, -3.10511],
							"size": [5, 4, 0],
							"pivot": [-1.29532, 30.67111, -3.8025],
							"rotation": [-30.13404, 2.92933, -12.41474],
							"uv": {
								"north": {"uv": [0, 58], "uv_size": [5, 6]},
								"east": {"uv": [0, 31], "uv_size": [0, 1]},
								"south": {"uv": [0, 32], "uv_size": [0, 0]},
								"west": {"uv": [0, 30.5], "uv_size": [0, 1.5]},
								"up": {"uv": [0, 32], "uv_size": [3, 0]},
								"down": {"uv": [0, 32], "uv_size": [3, 0]}
							}
						},
						{
							"origin": [-4.08588, 35.26899, -1.10511],
							"size": [5, 4, 0],
							"pivot": [-1.29532, 30.67111, -3.8025],
							"rotation": [-30.13404, 2.92933, -12.41474],
							"uv": {
								"north": {"uv": [0, 58], "uv_size": [5, 6]},
								"east": {"uv": [0, 31], "uv_size": [0, 1]},
								"south": {"uv": [0, 32], "uv_size": [0, 0]},
								"west": {"uv": [0, 30.5], "uv_size": [0, 1.5]},
								"up": {"uv": [0, 32], "uv_size": [3, 0]},
								"down": {"uv": [0, 32], "uv_size": [3, 0]}
							}
						},
						{
							"origin": [-0.91412, 34.26899, -4.10511],
							"size": [5, 4, 0],
							"pivot": [1.29532, 30.67111, -3.8025],
							"rotation": [-30.13404, -2.92933, 12.41474],
							"uv": {
								"north": {"uv": [0, 58], "uv_size": [5, 6]},
								"east": {"uv": [0, 30.5], "uv_size": [0, 1.5]},
								"south": {"uv": [0, 32], "uv_size": [0, 0]},
								"west": {"uv": [0, 31], "uv_size": [0, 1]},
								"up": {"uv": [3, 32], "uv_size": [-3, 0]},
								"down": {"uv": [3, 32], "uv_size": [-3, 0]}
							}
						},
						{
							"origin": [-4.74867, 31.3271, 1.09765],
							"size": [5, 5, 0],
							"pivot": [-2.24867, 33.8271, 1.09765],
							"rotation": [-37.92181, 23.08557, -29.78187],
							"uv": {
								"north": {"uv": [5, 58], "uv_size": [-5, 6]},
								"east": {"uv": [0, 30.5], "uv_size": [0, 1.5]},
								"south": {"uv": [0, 32], "uv_size": [0, 0]},
								"west": {"uv": [0, 31], "uv_size": [0, 1]},
								"up": {"uv": [0, 32], "uv_size": [3, 0]},
								"down": {"uv": [0, 32], "uv_size": [3, 0]}
							}
						},
						{
							"origin": [-0.91412, 34.26899, -3.10511],
							"size": [5, 4, 0],
							"pivot": [1.29532, 30.67111, -3.8025],
							"rotation": [-30.13404, -2.92933, 12.41474],
							"uv": {
								"north": {"uv": [5, 58], "uv_size": [-5, 6]},
								"east": {"uv": [0, 30.5], "uv_size": [0, 1.5]},
								"south": {"uv": [0, 32], "uv_size": [0, 0]},
								"west": {"uv": [0, 31], "uv_size": [0, 1]},
								"up": {"uv": [3, 32], "uv_size": [-3, 0]},
								"down": {"uv": [3, 32], "uv_size": [-3, 0]}
							}
						},
						{
							"origin": [-0.91412, 35.26899, -1.10511],
							"size": [5, 4, 0],
							"pivot": [1.29532, 30.67111, -3.8025],
							"rotation": [-30.13404, -2.92933, 12.41474],
							"uv": {
								"north": {"uv": [5, 58], "uv_size": [-5, 6]},
								"east": {"uv": [0, 30.5], "uv_size": [0, 1.5]},
								"south": {"uv": [0, 32], "uv_size": [0, 0]},
								"west": {"uv": [0, 31], "uv_size": [0, 1]},
								"up": {"uv": [3, 32], "uv_size": [-3, 0]},
								"down": {"uv": [3, 32], "uv_size": [-3, 0]}
							}
						},
						{
							"origin": [-0.91412, 35.26899, -2.10511],
							"size": [5, 4, 0],
							"pivot": [1.29532, 30.67111, -3.8025],
							"rotation": [-30.13404, -2.92933, 12.41474],
							"uv": {
								"north": {"uv": [0, 58], "uv_size": [5, 6]},
								"east": {"uv": [0, 30.5], "uv_size": [0, 1.5]},
								"south": {"uv": [0, 32], "uv_size": [0, 0]},
								"west": {"uv": [0, 31], "uv_size": [0, 1]},
								"up": {"uv": [3, 32], "uv_size": [-3, 0]},
								"down": {"uv": [3, 32], "uv_size": [-3, 0]}
							}
						},
						{
							"origin": [-0.25133, 31.3271, 1.09765],
							"size": [5, 5, 0],
							"pivot": [2.24867, 33.8271, 1.09765],
							"rotation": [-37.92181, -23.08557, 29.78187],
							"uv": {
								"north": {"uv": [0, 58], "uv_size": [5, 6]},
								"east": {"uv": [0, 31], "uv_size": [0, 1]},
								"south": {"uv": [0, 32], "uv_size": [0, 0]},
								"west": {"uv": [0, 30.5], "uv_size": [0, 1.5]},
								"up": {"uv": [3, 32], "uv_size": [-3, 0]},
								"down": {"uv": [3, 32], "uv_size": [-3, 0]}
							}
						},
						{
							"origin": [-4.08588, 35.26899, -0.10511],
							"size": [5, 4, 0],
							"pivot": [-1.29532, 30.67111, -3.8025],
							"rotation": [-30.13404, 2.92933, -12.41474],
							"uv": {
								"north": {"uv": [5, 58], "uv_size": [-5, 6]},
								"east": {"uv": [0, 31], "uv_size": [0, 1]},
								"south": {"uv": [0, 32], "uv_size": [0, 0]},
								"west": {"uv": [0, 30.5], "uv_size": [0, 1.5]},
								"up": {"uv": [0, 32], "uv_size": [3, 0]},
								"down": {"uv": [0, 32], "uv_size": [3, 0]}
							}
						},
						{
							"origin": [-0.91412, 35.26899, -0.10511],
							"size": [5, 4, 0],
							"pivot": [1.29532, 30.67111, -3.8025],
							"rotation": [-30.13404, -2.92933, 12.41474],
							"uv": {
								"north": {"uv": [0, 58], "uv_size": [5, 6]},
								"east": {"uv": [0, 30.5], "uv_size": [0, 1.5]},
								"south": {"uv": [0, 32], "uv_size": [0, 0]},
								"west": {"uv": [0, 31], "uv_size": [0, 1]},
								"up": {"uv": [3, 32], "uv_size": [-3, 0]},
								"down": {"uv": [3, 32], "uv_size": [-3, 0]}
							}
						},
						{
							"origin": [0.31361, 31.13769, 3.33772],
							"size": [5, 4, 0],
							"pivot": [2.81361, 33.63769, 3.33772],
							"rotation": [-43.045, 29.49133, -24.39325],
							"uv": {
								"north": {"uv": [0, 58], "uv_size": [5, 6]},
								"east": {"uv": [0, 31], "uv_size": [0, 1]},
								"south": {"uv": [0, 32], "uv_size": [0, 0]},
								"west": {"uv": [0, 30.5], "uv_size": [0, 1.5]},
								"up": {"uv": [3, 32], "uv_size": [-3, 0]},
								"down": {"uv": [3, 32], "uv_size": [-3, 0]}
							}
						},
						{
							"origin": [-5.31361, 31.13769, 3.33772],
							"size": [5, 4, 0],
							"pivot": [-2.81361, 33.63769, 3.33772],
							"rotation": [-43.045, -29.49133, 24.39325],
							"uv": {
								"north": {"uv": [5, 58], "uv_size": [-5, 6]},
								"east": {"uv": [0, 30.5], "uv_size": [0, 1.5]},
								"south": {"uv": [0, 32], "uv_size": [0, 0]},
								"west": {"uv": [0, 31], "uv_size": [0, 1]},
								"up": {"uv": [0, 32], "uv_size": [3, 0]},
								"down": {"uv": [0, 32], "uv_size": [3, 0]}
							}
						}
					]
				},
				{
					"name": "blue",
					"parent": "body",
					"pivot": [12, 22, -10],
					"locators": {
						"gojo_blue": [12, 22, -10]
					}
				},
				{
					"name": "red",
					"parent": "body",
					"pivot": [-12, 22, -10],
					"locators": {
						"gojo_red": [-12, 22, -10]
					}
				},
				{
					"name": "purple",
					"parent": "body",
					"pivot": [0, 22, -10],
					"locators": {
						"gojo_purple": [0, 22, -10]
					}
				},
				{
					"name": "leftLeg",
					"parent": "root",
					"pivot": [2, 12, 0],
					"cubes": [
						{"origin": [0, 6, -2], "size": [4, 6, 4], "uv": [44, 0], "mirror": true}
					]
				},
				{
					"name": "leftForeLeg",
					"parent": "leftLeg",
					"pivot": [2, 6, 0],
					"cubes": [
						{"origin": [0, 0, -2], "size": [4, 6, 4], "uv": [40, 37], "mirror": true},
						{"origin": [0, 0, -3], "size": [4, 2, 1], "uv": [54, 38], "mirror": true}
					],
					"locators": {
						"gojo_kick": [2, 0, 0]
					}
				},
				{
					"name": "rightLeg",
					"parent": "root",
					"pivot": [-2, 12, 0],
					"cubes": [
						{"origin": [-4, 6, -2], "size": [4, 6, 4], "uv": [44, 0]}
					]
				},
				{
					"name": "rightForeLeg",
					"parent": "rightLeg",
					"pivot": [-2, 6, 0],
					"cubes": [
						{"origin": [-4, 0, -2], "size": [4, 6, 4], "uv": [40, 37]},
						{"origin": [-4, 0, -3], "size": [4, 2, 1], "uv": [54, 38]}
					]
				}
			]
		}
	]
}