{
	"format_version": "1.8.0",
	"animations": {
		"animation.yamamoto_shikai.particles": {
			"loop": true,
			"animation_length": 0.1,
			"particle_effects": {
			    "0.0": [
			        {"effect": "ryujin_jakka","locator": "lamine"},
			        {"effect": "ryujin_jakka","locator": "lamine2"},
			        {"effect": "ryujin_jakka","locator": "lamine3"},
			        {"effect": "ryujin_jakka","locator": "lamine4"},
			        {"effect": "ryujin_jakka","locator": "lamine5"},
			        {"effect": "ryujin_jakka","locator": "lamine6"},
			        {"effect": "ryujin_jakka","locator": "lamine7"},
			        {"effect": "ryujin_jakka","locator": "lamine8"}
			    ]
			}
		},
		"animation.yamamoto_shikai.transform": {
			"loop": "hold_on_last_frame",
			"animation_length": 3.0,
			"override_previous_animation": true,
			"bones": {
				"waist": {
					"rotation": {
						"0.0": {
							"post": [0, 0, 0],
							"lerp_mode": "catmullrom"
						},
						"1.25": {
							"post": [0, 0, 0],
							"lerp_mode": "catmullrom"
						},
						"1.625": {
							"post": [-12.5, 17.5, -7.5],
							"lerp_mode": "catmullrom"
						},
						"1.875": {
							"post": [-12.5, 17.5, -7.5],
							"lerp_mode": "catmullrom"
						},
						"2.25": {
							"post": [5, -7.5, 0],
							"lerp_mode": "catmullrom"
						},
						"2.75": {
							"post": [5, -7.5, 0],
							"lerp_mode": "catmullrom"
						},
						"3.0": {
							"post": [0, 0, 0],
							"lerp_mode": "catmullrom"
						}
					}
				},
				"rightArm": {
					"rotation": {
						"0.25": {
							"pre": [0, 0, 0],
							"post": [0, 0, 0],
							"lerp_mode": "catmullrom"
						},
						"0.5417": {
							"post": [-8.73179, 21.84777, 10.5242],
							"lerp_mode": "catmullrom"
						},
						"1.25": {
							"post": [-8.73179, 21.84777, 10.5242],
							"lerp_mode": "catmullrom"
						},
						"1.625": {
							"post": [-145.89027, -9.24316, 0.18274],
							"lerp_mode": "catmullrom"
						},
						"1.875": {
							"post": [-145.89027, -9.24316, 0.18274],
							"lerp_mode": "catmullrom"
						},
						"2.25": {
							"post": [-16.81386, -0.81893, -50.1176],
							"lerp_mode": "catmullrom"
						},
						"2.75": {
							"post": [-16.81386, -0.81893, -50.1176],
							"lerp_mode": "catmullrom"
						},
						"3.0": {
							"post": [0, 0, 0],
							"lerp_mode": "catmullrom"
						}
					},
					"position": {
						"1.25": {
							"pre": [0, 0, 0],
							"post": [0, 0, 0],
							"lerp_mode": "catmullrom"
						},
						"1.625": {
							"post": [0, 1.5, -2],
							"lerp_mode": "catmullrom"
						},
						"1.875": {
							"post": [0, 1.5, -2],
							"lerp_mode": "catmullrom"
						},
						"2.25": {
							"post": [1.5, 0.5, -3],
							"lerp_mode": "catmullrom"
						},
						"2.75": {
							"post": [1.5, 0.5, -3],
							"lerp_mode": "catmullrom"
						},
						"3.0": {
							"post": [0, 0, 0],
							"lerp_mode": "catmullrom"
						}
					}
				},
				"leftArm": {
					"rotation": {
						"0.25": {
							"pre": [0, 0, 0],
							"post": [0, 0, 0],
							"lerp_mode": "catmullrom"
						},
						"0.5417": {
							"post": [-8.73179, -21.8478, -10.5242],
							"lerp_mode": "catmullrom"
						},
						"2.75": {
							"post": [-8.73179, -21.8478, -10.5242],
							"lerp_mode": "catmullrom"
						},
						"3.0": {
							"post": [0, 0, 0],
							"lerp_mode": "catmullrom"
						}
					}
				}
			},
			"particle_effects": {
				"0.125": {
					"effect": "zanka_no_tachi",
					"locator": "root_yamamoto"
				},
				"0.25": {
					"effect": "zanka_no_tachi",
					"locator": "root_yamamoto"
				},
				"0.375": {
					"effect": "zanka_no_tachi",
					"locator": "root_yamamoto"
				},
				"0.5": {
					"effect": "zanka_no_tachi",
					"locator": "root_yamamoto"
				},
				"0.625": {
					"effect": "zanka_no_tachi",
					"locator": "root_yamamoto"
				},
				"0.75": {
					"effect": "zanka_no_tachi",
					"locator": "root_yamamoto"
				},
				"0.875": [
					{
						"effect": "slash_white.small",
						"locator": "waist_yamamoto"
					},
					{
						"effect": "zanka_no_tachi",
						"locator": "root_yamamoto"
					}
				],
				"1.0": {
					"effect": "zanka_no_tachi",
					"locator": "root_yamamoto"
				},
				"1.125": [
					{
						"effect": "slash_white.small",
						"locator": "waist_yamamoto"
					},
					{
						"effect": "zanka_no_tachi",
						"locator": "root_yamamoto"
					}
				],
				"1.25": {
					"effect": "zanka_no_tachi",
					"locator": "root_yamamoto"
				},
				"1.375": {
					"effect": "zanka_no_tachi",
					"locator": "root_yamamoto"
				},
				"1.5": {
					"effect": "zanka_no_tachi",
					"locator": "root_yamamoto"
				},
				"1.625": {
					"effect": "zanka_no_tachi",
					"locator": "root_yamamoto"
				},
				"1.75": {
					"effect": "zanka_no_tachi",
					"locator": "root_yamamoto"
				},
				"1.875": [
					{
						"effect": "zanka_no_tachi",
						"locator": "root_yamamoto"
					},
					{
						"effect": "zanka_no_tachi",
						"locator": "root_yamamoto2"
					}
				],
				"2.0": [
					{
						"effect": "slash_white.default",
						"locator": "waist_yamamoto"
					},
					{
						"effect": "zanka_no_tachi",
						"locator": "root_yamamoto"
					},
					{
						"effect": "zanka_no_tachi",
						"locator": "root_yamamoto2"
					}
				],
				"2.125": [
					{
						"effect": "slash_white.default",
						"locator": "waist_yamamoto"
					},
					{
						"effect": "zanka_no_tachi",
						"locator": "root_yamamoto"
					},
					{
						"effect": "zanka_no_tachi2",
						"locator": "root_yamamoto"
					}
				],
				"2.25": {
					"effect": "zanka_no_tachi",
					"locator": "root_yamamoto"
				},
				"2.375": {
					"effect": "zanka_no_tachi",
					"locator": "root_yamamoto"
				}
			}
		}
	}
}