{
  "format_version": "1.16.100",
  "minecraft:item": {
    "description": {
      "identifier": "wesl3y:sennin_frogs",
	  "category": "nature"
    },

    "components": {
      "minecraft:render_offsets": {
	    "main_hand": {
		  "first_person": {
		    "scale": [0.03, 0.03, 0.03]
		  },
		  "third_person": {
			"scale": [0.075, 0.075, 0.075]
		  }
		}
	  },
	  "minecraft:armor": {
		"protection": 2
	  },
      "minecraft:icon": {
        "texture": "sennin_frogs"
      },
      "minecraft:max_stack_size": 1,
      "minecraft:hand_equipped": true,
	  "minecraft:wearable": {
	    "slot": "slot.armor.chest"
	  },
      "minecraft:display_name": {
        "value":"Frogs Sennin Mode\n\n§9Haste 2\nStrength 3\nSpeed 2\nJump Boost 3\nHealth Boost 12\nResistance 2"
      }
    }
  }
}