{
  "format_version":"1.16.100",
  "animation_controllers":{
    "controller.animation.charge":{
      "states":{
        "default":{
          "transitions":[
            {"sneak":"query.is_sneaking"}
          ]
        },
        "sneak":{
          "transitions":[
            {"default":"(1.0)"}
          ],
          "on_entry":[
            "/effect @s slowness 1 2 true",
            "/particle one:charge",
            "/scoreboard players remove @s[scores={count_skill1=5..}] count_skill1 1",
            "/scoreboard players remove @s[scores={count_skill2=5..}] count_skill2 1",
            "/scoreboard players remove @s[scores={count_skill3=5..}] count_skill3 1",
            "/scoreboard players remove @s[scores={count_skill4=5..}] count_skill4 1"
          ]
        }
      }
    }
  }
}
