{
  "format_version": "1.10.0",
  "animation_controllers": {
    "controller.animation.hold": {
      "states": {
        "default": {
          "transitions": [
            { "s1": "(query.get_equipped_item_name == 'rasenshuriken') && (query.is_using_item == 1.0)" },
            { "s2": "(query.get_equipped_item_name == 'rasengan') && (query.is_using_item == 1.0)" },
            { "s4": "(query.get_equipped_item_name == 'shadow_clone') && (query.is_using_item == 1.0)" },
            { "s5": "(query.get_equipped_item_name == 'odama_rasengan') && (query.is_using_item == 1.0)" },
            { "s7": "(query.get_equipped_item_name == 'katon_fireball') && (query.is_using_item == 1.0)" },
            { "s9": "(query.get_equipped_item_name == 'chidori') && (query.is_using_item == 1.0)" },
            { "s11": "(query.get_equipped_item_name == 'amaterasu') && (query.is_using_item == 1.0)" },
            { "s12": "(query.get_equipped_item_name == 'kirin') && (query.is_using_item == 1.0)" },
            { "s13": "(query.get_equipped_item_name == 'kamehameha') && (query.is_using_item == 1.0)" },
            { "s15": "(query.get_equipped_item_name == 'solar_flare') && (query.is_using_item == 1.0)" },
            { "s16": "(query.get_equipped_item_name == 'kienzan') && (query.is_using_item == 1.0)" },
            { "s17": "(query.get_equipped_item_name == 'genki_dama') && (query.is_using_item == 1.0)" },
            { "s18": "(query.get_equipped_item_name == 'galick_gun') && (query.is_using_item == 1.0)" },
            { "s20": "(query.get_equipped_item_name == 'dirty_fireworks') && query.scoreboard('cooldown') >= 1" },
           { "s21": "(query.get_equipped_item_name == 'big_bang_attack') && (query.is_using_item == 1.0)" },
            { "s22": "(query.get_equipped_item_name == 'final_flash') && (query.is_using_item == 1.0)" },
            { "s24": "(query.get_equipped_item_name == 'gomu_pistol') && (query.is_using_item == 1.0)" },
            { "s25": "(query.get_equipped_item_name == 'gomu_bazooka') && (query.is_using_item == 1.0)" },
            { "s26": "(query.get_equipped_item_name == 'gomu_gatling') && (query.is_using_item == 1.0)" },
            { "s27": "(query.get_equipped_item_name == 'gomu_redhawk') && (query.is_using_item == 1.0)" },
            { "s28": "(query.get_equipped_item_name == 'lions_strike') && (query.is_using_item == 1.0)" },
            { "s29": "(query.get_equipped_item_name == 'pound_phoenix') && (query.is_using_item == 1.0)" },
            { "s30": "(query.get_equipped_item_name == 'three_world') && (query.is_using_item == 1.0)" },
            { "s31": "(query.get_equipped_item_name == 'ashura') && (query.is_using_item == 1.0)" },
            { "s32": "(query.get_equipped_item_name == 'katon_largefireball') && (query.is_using_item == 1.0)" },
            { "s34": "(query.get_equipped_item_name == 'katon_smallfireball') && (query.is_using_item == 1.0)" },
            { "s35": "(query.get_equipped_item_name == 'floor_slash') && (query.is_using_item == 1.0)" },
            { "s36": "(query.get_equipped_item_name == 'air_slash') && (query.is_using_item == 1.0)" },
            { "s37": "(query.get_equipped_item_name == 'lightning_slash') && (query.is_using_item == 1.0)" },
            { "s38": "(query.get_equipped_item_name == 'kamusari') && (query.is_using_item == 1.0)" },
            { "s39": "(query.get_equipped_item_name == 'mokuton') && (query.is_using_item == 1.0)" },
            { "s40": "(query.get_equipped_item_name == 'madara_clone') && (query.is_using_item == 1.0)" },
            { "s41": "(query.get_equipped_item_name == 'beerus_orb') && (query.is_using_item == 1.0)" },
            { "s42": "(query.get_equipped_item_name == 'beerus_sun') && (query.is_using_item == 1.0)" },
            { "s43": "(query.get_equipped_item_name == 'beerus_hakai') && (query.is_using_item == 1.0)" },
            { "s44": "(query.get_equipped_item_name == 'beerus_energy') && (query.is_using_item == 1.0)" },
            { "s46": "(query.get_equipped_item_name == 'water_wheel') && (query.is_using_item == 1.0)" },
            { "s47": "(query.get_equipped_item_name == 'water_drop') && (query.is_using_item == 1.0)" },
            { "s48": "(query.get_equipped_item_name == 'water_blessed') && (query.is_using_item == 1.0)" },
            { "s49": "(query.get_equipped_item_name == 'water_dance') && (query.is_using_item == 1.0)" },
            { "s52": "(query.get_equipped_item_name == 'flame_rising') && (query.is_using_item == 1.0)" },
            { "s53": "(query.get_equipped_item_name == 'flame_undulation') && (query.is_using_item == 1.0)" },
            { "s54": "(query.get_equipped_item_name == 'flame_blazing') && (query.is_using_item == 1.0)" },
            { "s55": "(query.get_equipped_item_name == 'flame_rengoku') && (query.is_using_item == 1.0)" }
          ],
          "on_entry":[
            "/scoreboard players set @s cooldown 0"
          ]
        },
        "s55": {
          "transitions": [ { "s055": "(1.0)" } ],
          "on_entry":[
          "/playsound use.chain @a[r=20] ~~~ 1 0.8 0",
          "/playsound rengoku @a[r=20]"
          ]
        },
        "s055": {
          "on_entry":[
            "/scoreboard players add @s cooldown 15",
            "/camerashake add @s 0.25 0.1 positional"
          ],
          "transitions": [ { "s0055": "variable.time = (variable.time ?? 0);variable.time = variable.time < 5 ? variable.time + 1:0;return variable.time == 0;" }, { "default": "query.scoreboard('cooldown') <= 99 && (query.is_using_item == 0.0)" }, { "s00055": "query.scoreboard('cooldown') >= 100 && (query.is_using_item == 0.0)" } ]
        },
        "s0055": {
          "on_entry":[
            "/scoreboard players add @s cooldown 15",
            "/camerashake add @s 0.25 0.1 positional"
          ],
          "transitions": [ { "s055": "variable.time = (variable.time ?? 0);variable.time = variable.time < 5 ? variable.time + 1:0;return variable.time == 0;" }, { "default": "query.scoreboard('cooldown') <= 99 && (query.is_using_item == 0.0)" }, { "s00055": "query.scoreboard('cooldown') >= 100 && (query.is_using_item == 0.0)" } ]
        },
        "s00055": {
          "transitions": [ { "s000055": "variable.time = (variable.time ?? 0);variable.time = variable.time < 40 ? variable.time + 1:0;return variable.time == 0;" }, { "s0000055": "(query.get_equipped_item_name != 'flame_rengoku')" } ],
          "on_entry":[
          "/scoreboard players set @s cooldown 0",
	  	  	"/effect @s slowness 1 1 true",
          "/tag @s add frengoku",
          "/event entity @s minecraft:event_flame_rengoku",
          "/playsound fire.fire @a[r=20]",
          "/playsound mob.witch.throw @a[r=20] ~~~ 1 1.2 0",
          "/playanimation @s animation.flame_rengoku",
          "/camerashake add @s 1 2 positional"
          ]
        },
        "s000055": {
          "transitions": [ { "default": "(1.0)" } ],
          "on_entry":[
          "/tag @s remove frengoku",
          "/playsound sword_swing @a[r=20]",
          "/playsound fire.fire @a[r=20]",
          "/particle one:flame_rengoku2",
          "/scoreboard players set @s count_skill4 500"
          ]
        },
        "s0000055": {
          "transitions": [ { "default": "(1.0)" } ],
          "on_entry":[
          "/tag @s remove frengoku",
          "/playanimation @a animation.zoro_attack1",
          "/scoreboard players set @s count_skill4 500"
          ]
        },
        "s54": {
          "on_entry":[
            "/scoreboard players set @s cooldown 100",
            "/camerashake add @s 0.1 1 positional"
          ],
          "transitions": [ { "s054": "(query.is_using_item == 0.0)" } ]
        },
        "s054": {
          "on_entry":[
            "/effect @s slowness 2 3 true",
            "/camerashake add @s 0.1 1 positional",
            "/playsound fire_whoosh @a[r=20]"
          ],
          "transitions": [ { "s0054": "variable.time = (variable.time ?? 0);variable.time = variable.time < 10 ? variable.time + 1:0;return variable.time == 0;" } ]
        },
        "s0054": {
          "transitions": [ { "default": "(1.0)" } ],
          "on_entry":[
          "/scoreboard players set @s cooldown 0",
          "/camerashake add @s 1 2 positional",
          "/playsound mob.blaze.shoot @a[r=20] ~~~ 1 0.25",
					"/execute positioned ^^^4 run damage @e[r=3.5,type=!item,type=!xp_orb,family=!attack] 12 entity_attack entity @s",
					"/particle one:flame_blazing_ex ~~~",
          "/playsound fire.fire @a[r=20] ~~~ 1 0 1.15",
	  	  	"/effect @s slowness 0 2 true",
          "/scoreboard players set @s count_skill3 250"
          ]
        },
        "s53": {
          "on_entry":[
            "/scoreboard players set @s cooldown 100",
            "/camerashake add @s 0.1 1 positional"
          ],
          "transitions": [ { "s053": "(query.is_using_item == 0.0)" } ]
        },
        "s053": {
          "on_entry":[
            "/effect @s slowness 2 3 true",
            "/camerashake add @s 0.1 1 positional",
            "/playsound flame_undulation @a[r=20]"
          ],
          "transitions": [ { "s0053": "variable.time = (variable.time ?? 0);variable.time = variable.time < 5 ? variable.time + 1:0;return variable.time == 0;" } ]
        },
        "s0053": {
          "transitions": [ { "default": "(1.0)" } ],
          "on_entry":[
          "/scoreboard players set @s cooldown 0",
          "/camerashake add @s 1 2 positional",
          "/playsound mob.blaze.shoot @a[r=20] ~~~ 1 1.2",
					"/event entity @s minecraft:event_flame_undulation",
	  	  	"/effect @s slowness 0 2 true",
          "/scoreboard players set @s count_skill2 200"
          ]
        },
        "s52": {
          "on_entry":[
            "/scoreboard players set @s cooldown 100",
            "/camerashake add @s 0.1 1 positional"
          ],
          "transitions": [ { "s052": "(query.is_using_item == 0.0)" } ]
        },
        "s052": {
          "on_entry":[
            "/effect @s levitation 1 4 true",
            "/camerashake add @s 0.1 1 positional",
            "/playsound fire_whoosh @a[r=20]"
          ],
          "transitions": [ { "s0052": "variable.time = (variable.time ?? 0);variable.time = variable.time < 10 ? variable.time + 1:0;return variable.time == 0;" } ]
        },
        "s0052": {
          "transitions": [ { "default": "(1.0)" } ],
          "on_entry":[
          "/scoreboard players set @s cooldown 0",
          "/camerashake add @s 1 2 positional",
          "/playsound mob.blaze.shoot @a[r=20] ~~~ 1 1.2",
          "/playanimation @s animation.flameslash1",
					"/damage @e[r=8,rm=0.01,type=!item,type=!xp_orb,family=!attack] 10 entity_attack entity @s",
	  	  	"/effect @s slowness 0 2 true",
          "/scoreboard players set @s count_skill1 150"
          ]
        },
        "s51": {
          "transitions": [ { "default": "(1.0)" } ],
          "on_entry":[
          "/tag @s remove dance"
          ]
        },
        "s49": {
          "transitions": [ { "s049": "(1.0)" } ],
          "on_entry":[
          "/tag @s add dance",
          "/playsound fire_whoosh @a[r=20]"
          ]
        },
        "s049": {
          "on_entry":[
            "/scoreboard players add @s cooldown 15",
            "/playsound fire.fire @a[r=20] ~~~ 0.9 0.8 0",
            "/camerashake add @s 0.15 0.1 positional"
          ],
          "transitions": [ { "s0049": "variable.time = (variable.time ?? 0);variable.time = variable.time < 5 ? variable.time + 1:0;return variable.time == 0;" }, { "s51": "query.scoreboard('cooldown') <= 99 && (query.is_using_item == 0.0)" }, { "s50": "query.scoreboard('cooldown') >= 100" } ]
        },
        "s0049": {
          "on_entry":[
            "/scoreboard players add @s cooldown 15",
            "/playsound fire.fire @a[r=20] ~~~ 0.9 0.8 0",
            "/camerashake add @s 0.15 0.1 positional"
          ],
          "transitions": [ { "s049": "variable.time = (variable.time ?? 0);variable.time = variable.time < 5 ? variable.time + 1:0;return variable.time == 0;" }, { "s51": "query.scoreboard('cooldown') <= 99 && (query.is_using_item == 0.0)" }, { "s50": "query.scoreboard('cooldown') >= 100" } ]
        },
        "s50": {
          "transitions": [ { "s00049": "variable.attack_time" }, { "s51": "(query.get_equipped_item_name != 'water_dance')" } ]
        },
        "s00049": {
          "transitions": [ { "s050": "variable.time = (variable.time ?? 0);variable.time = variable.time < 15 ? variable.time + 1:0;return variable.time == 0;" }, { "s51": "(query.get_equipped_item_name != 'water_dance')" } ],
          "on_entry":[
          "/scoreboard players set @s cooldown 75",
	  	  	"/effect @s slowness 1 1 true",
          "/execute positioned ^^^5 run damage @e[r=4,type=!item,type=!xp_orb,family=!attack] 10 entity_attack entity @s",
          "/playsound sword_slash @a[r=20]",
          "/playsound mob.blaze.shoot @a[r=20] ~~~ 1 1.2 0",
          "/playanimation @s animation.sunslash1",
          "/camerashake add @s 1 1 positional"
          ]
        },
        "s050": {
          "transitions": [ { "s000049": "variable.attack_time" }, { "s51": "(query.get_equipped_item_name != 'water_dance')" } ]
        },
        "s000049": {
          "transitions": [ { "s0050": "variable.time = (variable.time ?? 0);variable.time = variable.time < 15 ? variable.time + 1:0;return variable.time == 0;" }, { "s51": "(query.get_equipped_item_name != 'water_dance')" } ],
          "on_entry":[
          "/scoreboard players set @s cooldown 50",
	  	  	"/effect @s slowness 1 1 true",
          "/execute positioned ^^^5 run damage @e[r=4,type=!item,type=!xp_orb,family=!attack] 10 entity_attack entity @s",
          "/playsound sword_slash @a[r=20]",
          "/playsound mob.blaze.shoot @a[r=20] ~~~ 1 1.2 0",
          "/playanimation @s animation.sunslash2",
          "/camerashake add @s 1 1 positional"
          ]
        },
        "s0050": {
          "transitions": [ { "s0000049": "variable.attack_time" }, { "s51": "(query.get_equipped_item_name != 'water_dance')" } ]
        },
        "s0000049": {
          "transitions": [ { "s00050": "variable.time = (variable.time ?? 0);variable.time = variable.time < 15 ? variable.time + 1:0;return variable.time == 0;" }, { "s51": "(query.get_equipped_item_name != 'water_dance')" } ],
          "on_entry":[
          "/scoreboard players set @s cooldown 25",
	  	  	"/effect @s slowness 1 1 true",
          "/execute positioned ^^^5 run damage @e[r=4,type=!item,type=!xp_orb,family=!attack] 10 entity_attack entity @s",
          "/playsound sword_slash @a[r=20]",
          "/playsound mob.blaze.shoot @a[r=20] ~~~ 1 1.2 0",
          "/playanimation @s animation.sunslash3",
          "/camerashake add @s 1 1 positional"
          ]
        },
        "s00050": {
          "transitions": [ { "s00000049": "variable.attack_time" }, { "s51": "(query.get_equipped_item_name != 'water_dance')" } ]
        },
        "s00000049": {
          "transitions": [ { "s51": "(1.0)" } ],
          "on_entry":[
          "/scoreboard players set @s cooldown 0",
	  	  	"/effect @s slowness 1 1 true",
          "/execute positioned ^^^5 run damage @e[r=4,type=!item,type=!xp_orb,family=!attack] 10 entity_attack entity @s",
          "/playsound sword_slash @a[r=20]",
          "/playsound mob.blaze.shoot @a[r=20] ~~~ 1 1.2 0",
          "/playanimation @s animation.sunslash4",
          "/camerashake add @s 1 2 positional",
          "/scoreboard players set @s count_skill4 500"
          ]
        },
        "s48": {
          "transitions": [ { "s048": "(1.0)" } ],
          "on_entry":[
          "/playsound use.chain @a[r=20] ~~~ 1 0.8 0",
          "/playsound bucket.fill_water @a[r=20] ~~~ 1 0.7 0"
          ]
        },
        "s048": {
          "on_entry":[
            "/scoreboard players add @s cooldown 15",
            "/camerashake add @s 0.25 0.1 positional"
          ],
          "transitions": [ { "s0048": "variable.time = (variable.time ?? 0);variable.time = variable.time < 5 ? variable.time + 1:0;return variable.time == 0;" }, { "default": "query.scoreboard('cooldown') <= 99 && (query.is_using_item == 0.0)" }, { "s00048": "query.scoreboard('cooldown') >= 100 && (query.is_using_item == 0.0)" } ]
        },
        "s0048": {
          "on_entry":[
            "/scoreboard players add @s cooldown 15",
            "/camerashake add @s 0.25 0.1 positional"
          ],
          "transitions": [ { "s048": "variable.time = (variable.time ?? 0);variable.time = variable.time < 5 ? variable.time + 1:0;return variable.time == 0;" }, { "default": "query.scoreboard('cooldown') <= 99 && (query.is_using_item == 0.0)" }, { "s00048": "query.scoreboard('cooldown') >= 100 && (query.is_using_item == 0.0)" } ]
        },
        "s00048": {
          "transitions": [ { "s000048": "variable.time = (variable.time ?? 0);variable.time = variable.time < 25 ? variable.time + 1:0;return variable.time == 0;" }, { "s0000048": "(query.get_equipped_item_name != 'water_blessed')" } ],
          "on_entry":[
          "/scoreboard players set @s cooldown 0",
	  	  	"/effect @s slowness 1 1 true",
          "/tag @s add blessed",
          "/event entity @s minecraft:event_water_blessed",
          "/playsound water_splash @a[r=20]",
          "/playsound mob.witch.throw @a[r=20] ~~~ 1 1.2 0",
          "/playanimation @s animation.water_blessed",
          "/camerashake add @s 1 2 positional"
          ]
        },
        "s000048": {
          "transitions": [ { "default": "(1.0)" } ],
          "on_entry":[
          "/tag @s remove blessed",
          "/playsound sword_swing @a[r=20]",
          "/playsound water_drop @a[r=20]",
          "/scoreboard players set @s count_skill3 400"
          ]
        },
        "s0000048": {
          "transitions": [ { "default": "(1.0)" } ],
          "on_entry":[
          "/tag @s remove blessed",
          "/playanimation @a animation.zoro_attack1",
          "/scoreboard players set @s count_skill3 400"
          ]
        },
        "s47": {
          "on_entry":[
            "/scoreboard players set @s cooldown 100",
            "/camerashake add @s 0.1 1 positional"
          ],
          "transitions": [ { "s047": "(query.is_using_item == 0.0)" } ]
        },
        "s047": {
          "on_entry":[
            "/effect @s slowness 1 1 true",
            "/camerashake add @s 0.1 1 positional",
            "/playsound bubbles @a[r=20]"
          ],
          "transitions": [ { "s0047": "variable.time = (variable.time ?? 0);variable.time = variable.time < 5 ? variable.time + 1:0;return variable.time == 0;" } ]
        },
        "s0047": {
          "transitions": [ { "default": "(1.0)" } ],
          "on_entry":[
          "/scoreboard players set @s cooldown 0",
          "/camerashake add @s 1 2 positional",
					"/execute positioned ^^^5 run damage @e[r=4,type=!item,type=!xp_orb,family=!attack] 12 entity_attack entity @s",
	  	  	"/effect @s slowness 1 5 true",
          "/scoreboard players set @s count_skill2 200"
          ]
        },
        "s46": {
          "on_entry":[
            "/scoreboard players set @s cooldown 100",
            "/camerashake add @s 0.1 1 positional"
          ],
          "transitions": [ { "s046": "(query.is_using_item == 0.0)" } ]
        },
        "s046": {
          "on_entry":[
            "/effect @s levitation 1 5 true",
            "/camerashake add @s 0.1 1 positional",
            "/playsound water_wheel @a[r=20]"
          ],
          "transitions": [ { "s0046": "variable.time = (variable.time ?? 0);variable.time = variable.time < 10 ? variable.time + 1:0;return variable.time == 0;" } ]
        },
        "s0046": {
          "transitions": [ { "default": "(1.0)" } ],
          "on_entry":[
          "/scoreboard players set @s cooldown 0",
          "/camerashake add @s 1 2 positional",
          "/playanimation @s animation.waterslash1",
					"/damage @e[r=8,rm=0.01,type=!item,type=!xp_orb,family=!attack] 10 entity_attack entity @s",
	  	  	"/effect @s slowness 0 2 true",
	  	  	"/effect @s slow_falling 3 3 true",
          "/scoreboard players set @s count_skill1 150"
          ]
        },
        "s45": {
          "animations":[
            "beerus_energy"
          ],
          "transitions": [ { "s045": "q.any_animation_finished || (query.is_using_item == 0.0)" } ]
        },
        "s045": {
          "on_entry":[
            "/scoreboard players set @s count_skill4 350"
          ],
          "transitions": [ { "s0045": "variable.time = (variable.time ?? 0);variable.time = variable.time < 15 ? variable.time + 1:0;return variable.time == 0;" } ]
        },
        "s0045": {
          "on_entry":[
            "/tag @s remove lockaim4"
          ],
          "transitions": [ { "default": "(query.is_using_item == 0.0)" } ]
        },
        "s44": {
          "on_entry":[
            "/playsound kamehameha_charge @a[r=20]"
          ],
          "transitions": [ { "s044": "(1.0)" } ]
        },
        "s044": {
          "on_entry":[
            "/scoreboard players add @s cooldown 18",
            "/camerashake add @s 0.1 1 positional"
          ],
          "transitions": [ { "s0044": "variable.time = (variable.time ?? 0);variable.time = variable.time < 5 ? variable.time + 1:0;return variable.time == 0;" }, { "default": "(query.is_using_item == 0.0)" }, { "s00044": "query.scoreboard('cooldown') >= 118" } ]
        },
        "s0044": {
          "on_entry":[
            "/scoreboard players add @s cooldown 18",
            "/camerashake add @s 0.1 1 positional"
          ],
          "transitions": [ { "s044": "variable.time = (variable.time ?? 0);variable.time = variable.time < 5 ? variable.time + 1:0;return variable.time == 0;" }, { "default": "(query.is_using_item == 0.0)" }, { "s00044": "query.scoreboard('cooldown') >= 118" } ]
        },
        "s00044": {
          "transitions": [ { "s45": "variable.time = (variable.time ?? 0);variable.time = variable.time < 5 ? variable.time + 1:0;return variable.time == 0;" } ],
          "on_entry":[
          "/camerashake add @s 1 2 positional",
	  	  	"/effect @s slowness 0 1 true",
          "/playsound kamehameha @a[r=15] ~~~ 1 0.8 0"
          ]
        },
        "s43": {
          "on_entry":[
            "/playsound big_bang @a[r=20]"
          ],
          "transitions": [ { "s043": "(1.0)" } ]
        },
        "s043": {
          "on_entry":[
            "/scoreboard players add @s cooldown 20",
            "/execute positioned ^^^5 run tp @e[r=4,type=!item,type=!xp_orb,family=!attack] ^^1^-2.5 facing @s",
            "/camerashake add @s 0.1 1 positional"
          ],
          "transitions": [ { "s0043": "variable.time = (variable.time ?? 0);variable.time = variable.time < 5 ? variable.time + 1:0;return variable.time == 0;" }, { "default": "query.scoreboard('cooldown') <= 109 && (query.is_using_item == 0.0)" }, { "s00043": "query.scoreboard('cooldown') >= 110 && (query.is_using_item == 0.0)" } ]
        },
        "s0043": {
          "on_entry":[
            "/scoreboard players add @s cooldown 20",
            "/execute positioned ^^^5 run tp @e[r=4,type=!item,type=!xp_orb,family=!attack] ^^1^-3 facing @s",
            "/camerashake add @s 0.1 1 positional"
          ],
          "transitions": [ { "s043": "variable.time = (variable.time ?? 0);variable.time = variable.time < 5 ? variable.time + 1:0;return variable.time == 0;" }, { "default": "query.scoreboard('cooldown') <= 109 && (query.is_using_item == 0.0)" }, { "s00043": "query.scoreboard('cooldown') >= 110 && (query.is_using_item == 0.0)" } ]
        },
        "s00043": {
          "transitions": [ { "default": "(1.0)" } ],
          "on_entry":[
          "/scoreboard players set @s cooldown 0",
          "/camerashake add @s 1 2 positional",
          "/execute positioned ^^1^2 as @e[r=1.5,c=1,family=!attack,type=!item,type=!xp_orb] at @s run particle one:beerus_hakai",
          "/execute positioned ^^1^2 as @e[r=1.5,c=1,family=!attack,type=!item,type=!xp_orb] at @s run particle one:beerus_hakai2",
          "/execute positioned ^^1^2 run damage @e[r=1.5,family=!attack,type=!item,type=!xp_orb] 15 entity_attack entity @s",
					"/playanimation @s animation.beerus_hakai",
	  	  	"/effect @s slowness 0 1 true",
          "/scoreboard players set @s count_skill3 250",
          "/playsound beerus_hakai @a[r=20]"
          ]
        },
        "s42": {
          "on_entry":[
            "/scoreboard players add @s cooldown 15",
            "/playsound genki_dama_loop @a[r=20] ~~~ 0.5 1 0",
            "/camerashake add @s 0.1 1 positional"
          ],
          "transitions": [ { "s042": "variable.time = (variable.time ?? 0);variable.time = variable.time < 5 ? variable.time + 1:0;return variable.time == 0;" }, { "default": "(query.is_using_item == 0.0)" }, { "s0042": "query.scoreboard('cooldown') >= 110" } ]
        },
        "s042": {
          "on_entry":[
            "/scoreboard players add @s cooldown 15",
            "/playsound genki_dama_loop @a[r=20] ~~~ 0.25 1 0",
            "/camerashake add @s 0.1 1 positional"
          ],
          "transitions": [ { "s42": "variable.time = (variable.time ?? 0);variable.time = variable.time < 5 ? variable.time + 1:0;return variable.time == 0;" }, { "default": "(query.is_using_item == 0.0)" }, { "s0042": "query.scoreboard('cooldown') >= 110" } ]
        },
        "s0042": {
          "transitions": [ { "default": "(1.0)" } ],
          "on_entry":[
          "/scoreboard players set @s cooldown 0",
          "/camerashake add @s 1 2 positional",
          "/tag @s add sun",
					"/event entity @s minecraft:event_beerus_sun",
	  	  	"/effect @s slowness 0 1 true",
          "/scoreboard players set @s count_skill2 650",
          "/playsound genki_dama @a[r=30]"
          ]
        },
        "s41": {
          "on_entry":[
            "/playsound big_bang @a[r=20]"
          ],
          "transitions": [ { "s041": "(1.0)" } ]
        },
        "s041": {
          "on_entry":[
            "/scoreboard players add @s cooldown 20",
            "/camerashake add @s 0.1 1 positional"
          ],
          "transitions": [ { "s0041": "variable.time = (variable.time ?? 0);variable.time = variable.time < 5 ? variable.time + 1:0;return variable.time == 0;" }, { "default": "query.scoreboard('cooldown') <= 109 && (query.is_using_item == 0.0)" }, { "s00041": "query.scoreboard('cooldown') >= 110 && (query.is_using_item == 0.0)" } ]
        },
        "s0041": {
          "on_entry":[
            "/scoreboard players add @s cooldown 20",
            "/camerashake add @s 0.1 1 positional"
          ],
          "transitions": [ { "s041": "variable.time = (variable.time ?? 0);variable.time = variable.time < 5 ? variable.time + 1:0;return variable.time == 0;" }, { "default": "query.scoreboard('cooldown') <= 109 && (query.is_using_item == 0.0)" }, { "s00041": "query.scoreboard('cooldown') >= 110 && (query.is_using_item == 0.0)" } ]
        },
        "s00041": {
          "transitions": [ { "default": "(1.0)" } ],
          "on_entry":[
          "/scoreboard players set @s cooldown 0",
          "/camerashake add @s 1 2 positional",
          "/tag @s add orb",
					"/event entity @s minecraft:event_beerus_orb",
	  	  	"/effect @s slowness 0 1 true",
          "/scoreboard players set @s count_skill1 150",
          "/playsound beerus_orb @a[r=20]"
          ]
        },
        "s40": {
          "on_entry":[
            "/scoreboard players add @s cooldown 35",
            "/playsound mob.witch.throw @a[r=15] ~~~ 1 0.9 0"
          ],
          "transitions": [ { "s040": "variable.time = (variable.time ?? 0);variable.time = variable.time < 10 ? variable.time + 1:0;return variable.time == 0;" }, { "default": "(query.is_using_item == 0.0)" }, { "s0040": "query.scoreboard('cooldown') >= 105" } ]
        },
        "s040": {
          "on_entry":[
            "/scoreboard players add @s cooldown 35",
            "/playsound mob.witch.throw @a[r=15] ~~~ 1 1.5 0"
          ],
          "transitions": [ { "s40": "variable.time = (variable.time ?? 0);variable.time = variable.time < 10 ? variable.time + 1:0;return variable.time == 0;" }, { "default": "(query.is_using_item == 0.0)" }, { "s0040": "query.scoreboard('cooldown') >= 105" } ]
        },
        "s0040": {
          "transitions": [ { "s00040": "variable.time = (variable.time ?? 0);variable.time = variable.time < 5 ? variable.time + 1:0;return variable.time == 0;" } ],
          "on_entry":[
          "/scoreboard players set @s cooldown 0",
          "/camerashake add @s 1 0.25 positional",
	  	  	"/tag @e remove mclone",
	  	  	"/tag @e[rm=0.01,r=20] add mclone",
					"/execute positioned ~-1~~ run event entity @s minecraft:event_madara_clone",
          "/playsound kage_bunshin @a[r=20]",
	  	  	"/effect @s slowness 0 1 true",
          "/scoreboard players set @s count_skill3 300"
          ]
        },
        "s00040": {
          "transitions": [ { "default": "(1.0)" } ],
          "on_entry":[
					"/execute positioned ~1~~ run event entity @s minecraft:event_madara_clone"
          ]
        },
        "s39": {
          "on_entry":[
            "/scoreboard players add @s cooldown 10",
            "/playsound mob.witch.throw @a[r=15] ~~~ 1 1.1 0",
            "/camerashake add @s 0.25 0.1 positional"
          ],
          "transitions": [ { "s039": "variable.time = (variable.time ?? 0);variable.time = variable.time < 2 ? variable.time + 1:0;return variable.time == 0;" }, { "default": "(query.is_using_item == 0.0)" }, { "s0039": "query.scoreboard('cooldown') >= 50" } ]
        },
        "s039": {
          "on_entry":[
            "/scoreboard players add @s cooldown 10",
            "/playsound mob.witch.throw @a[r=15] ~~~ 1 1.1 0",
            "/camerashake add @s 0.25 0.1 positional"
          ],
          "transitions": [ { "s39": "variable.time = (variable.time ?? 0);variable.time = variable.time < 2 ? variable.time + 1:0;return variable.time == 0;" }, { "default": "(query.is_using_item == 0.0)" }, { "s0039": "query.scoreboard('cooldown') >= 50" } ]
        },
        "s0039": {
          "on_entry":[
            "/summon one:woodattack",
            "/execute positioned ^^^6 run damage @e[r=5,type=!item,type=!xp_orb,family=!attack] 12 entity_attack entity @s",
            "/tp @e[r=2,c=1,type=one:woodattack] ~~~ facing ^^^100",
            "/playsound mokuton @a[r=20]",
            "/camerashake add @s 0.2 0.1 positional"
          ],
          "transitions": [ { "s00039": "(1.0)" } ]
        },
        "s00039": {
          "on_entry":[
            "/scoreboard players add @s cooldown 10",
            "/camerashake add @s 0.25 0.1 positional"
          ],
          "transitions": [ { "s000039": "variable.time = (variable.time ?? 0);variable.time = variable.time < 3 ? variable.time + 1:0;return variable.time == 0;" }, { "default": "(query.is_using_item == 0.0)" }, { "s0000039": "query.scoreboard('cooldown') >= 100" } ]
        },
        "s000039": {
          "on_entry":[
            "/scoreboard players add @s cooldown 10",
            "/camerashake add @s 0.25 0.1 positional"
          ],
          "transitions": [ { "s00039": "variable.time = (variable.time ?? 0);variable.time = variable.time < 3 ? variable.time + 1:0;return variable.time == 0;" }, { "default": "(query.is_using_item == 0.0)" }, { "s0000039": "query.scoreboard('cooldown') >= 100" } ]
        },
        "s0000039": {
          "transitions": [ { "default": "variable.time = (variable.time ?? 0);variable.time = variable.time < 5 ? variable.time + 1:0;return variable.time == 0;" } ],
          "on_entry":[
          "/scoreboard players set @s cooldown 0",
          "/execute as @e[r=10,rm=0.01,family=!attack,family=!mclone,type=!item,type=!xp_orb,c=10] at @s run summon one:woodtree ~-1~~",
          "/execute as @e[r=10,rm=0.01,family=!attack,family=!mclone,type=!item,type=!xp_orb,c=10] at @s run summon one:woodtree ~1~~",
          "/execute as @e[r=10,type=one:woodtree,c=20] at @s run tp @s ~~~ facing @e[r=10,family=!attack,type=!item,type=!xp_orb,c=1]",
            "/damage @e[r=10,rm=0.01,type=!item,type=!xp_orb,family=!attack,family=!mclone] 15 entity_attack entity @s",
	  	  	"/effect @s slowness 1 1 true",
          "/camerashake add @s 1 2 positional",
          "/playsound dig.wood @a[r=25] ~~~ 1 0.5 0",
          "/scoreboard players set @s count_skill4 400"
          ]
        },
        "s38": {
          "transitions": [ { "s038": "(query.is_using_item == 0.0)" } ],
          "on_entry":[
          "/scoreboard players set @s cooldown 100",
          "/effect @s slowness 1 1 true",
          "/playsound armor.equip_chain @a[r=20] ~~~ 1 0.8 0",
          "/camerashake add @s 1 0.5 positional"
          ]
        },
        "s038": {
          "transitions": [ { "s0038": "variable.time = (variable.time ?? 0);variable.time = variable.time < 10 ? variable.time + 1:0;return variable.time == 0;" } ],
          "on_entry":[
          "/scoreboard players set @s cooldown 50",
          "/effect @s slowness 1 1 true",
          "/camerashake add @s 1 1 positional",
          "/playanimation @s animation.kamusari_l",
          "/event entity @s minecraft:event_kamusari1"
          ]
        },
        "s0038": {
          "transitions": [ { "s00038": "variable.time = (variable.time ?? 0);variable.time = variable.time < 10 ? variable.time + 1:0;return variable.time == 0;" } ],
          "on_entry":[
          "/scoreboard players set @s cooldown 50",
          "/effect @s slowness 1 1 true",
          "/camerashake add @s 1 1 positional",
          "/playanimation @s animation.kamusari_r",
          "/event entity @s minecraft:event_kamusari2"
          ]
        },
        "s00038": {
          "transitions": [ { "default": "(1.0)" } ],
          "on_entry":[
          "/scoreboard players set @s count_skill4 600"
          ]
        },
        "s37": {
          "on_entry":[
            "/scoreboard players set @s cooldown 100",
            "/camerashake add @s 0.1 1 positional"
          ],
          "transitions": [ { "s037": "(1.0)" } ]
        },
        "s037": {
          "on_entry":[
            "/scoreboard players remove @s cooldown 10",
            "/damage @e[r=15,rm=0.01,type=!item,type=!xp_orb,family=!attack] 5 entity_attack entity @s",
            "/summon one:lightning_slash",
            "/summon one:lightning_slash",
            "/summon one:lightning_slash",
            "/spreadplayers ~~ 1 15 @e[r=1,type=one:lightning_slash]",
            "/camerashake add @s 0.5 0.35 positional"
          ],
          "transitions": [ { "s0037": "variable.time = (variable.time ?? 0);variable.time = variable.time < 5 ? variable.time + 1:0;return variable.time == 0;" }, { "s00037": "query.scoreboard('cooldown') <= 0 || query.get_equipped_item_name != 'lightning_slash' || (query.is_using_item == 0.0)" } ]
        },
        "s0037": {
          "on_entry":[
            "/scoreboard players remove @s cooldown 10",
            "/damage @e[r=15,rm=0.01,type=!item,type=!xp_orb,family=!attack] 5 entity_attack entity @s",
            "/summon one:lightning_slash",
            "/summon one:lightning_slash",
            "/summon one:lightning_slash",
            "/spreadplayers ~~ 1 15 @e[r=1,type=one:lightning_slash]",
            "/camerashake add @s 0.5 0.35 positional"
          ],
          "transitions": [ { "s037": "variable.time = (variable.time ?? 0);variable.time = variable.time < 5 ? variable.time + 1:0;return variable.time == 0;" }, { "s00037": "query.scoreboard('cooldown') <= 0 || query.get_equipped_item_name != 'lightning_slash' || (query.is_using_item == 0.0)" } ]
        },
        "s00037": {
          "transitions": [ { "default": "(1.0)" } ],
          "on_entry":[
          "/scoreboard players set @s cooldown 0",
          "/camerashake add @s 0.5 1 positional",
          "/scoreboard players set @s count_skill3 500",
          "/playsound mob.witch.throw @a[r=15] ~~~ 1 0.8 0"
          ]
        },
        "s36": {
          "transitions": [ { "s036": "(query.is_using_item == 0.0)" } ],
          "on_entry":[
          "/scoreboard players set @s cooldown 100",
          "/effect @s slowness 1 1 true",
          "/playsound armor.equip_chain @a[r=20] ~~~ 1 0.8 0",
          "/camerashake add @s 1 0.5 positional"
          ]
        },
        "s036": {
          "transitions": [ { "s0036": "!query.is_on_ground" } ],
          "on_entry":[
          "/scoreboard players set @s cooldown 0",
          "/effect @s slowness 1 1 true",
          "/camerashake add @s 1 1 positional",
          "/playsound mob.blaze.shoot @a[r=20] ~~~ 1 0.9 0",
          "/effect @s levitation 1 10 true",
          "/tag @s add fall"
          ]
        },
        "s0036": {
          "transitions": [ { "s00036": "query.is_on_ground" } ]
        },
        "s00036": {
          "transitions": [ { "default": "(1.0)" } ],
          "on_entry":[
          "/effect @s slowness 1 1 true",
          "/tag @s remove fall",
          "/camerashake add @s 1 1 positional",
          "/particle one:ground_slash",
          "/particle one:ground_slash2",
          "/damage @e[r=10,rm=0.01,type=!item,type=!xp_orb,family=!attack] 20 entity_attack entity @s",
          "/playsound random.explode @a[r=20] ~~~ 1 0.9 0",
          "/scoreboard players set @s count_skill2 300"
          ]
        },
        "s000036": {
          "transitions": [ { "default": "(1.0)" } ],
          "on_entry":[
          "/scoreboard players set @s count_skill2 300"
          ]
        },
        "s35": {
          "on_entry":[
            "/scoreboard players add @s cooldown 25",
            "/playsound fire.fire @a[r=20] ~~~ 0.5 0.5 0",
            "/camerashake add @s 0.25 0.1 positional"
          ],
          "transitions": [ { "s035": "variable.time = (variable.time ?? 0);variable.time = variable.time < 5 ? variable.time + 1:0;return variable.time == 0;" }, { "default": "(query.is_using_item == 0.0)" }, { "s0035": "query.scoreboard('cooldown') >= 100" } ]
        },
        "s035": {
          "on_entry":[
            "/scoreboard players add @s cooldown 25",
            "/playsound mob.blaze.shoot @a[r=20] ~~~ 0.5 0.5 0",
            "/camerashake add @s 0.25 0.1 positional"
          ],
          "transitions": [ { "s35": "variable.time = (variable.time ?? 0);variable.time = variable.time < 5 ? variable.time + 1:0;return variable.time == 0;" }, { "default": "(query.is_using_item == 0.0)" }, { "s0035": "query.scoreboard('cooldown') >= 100" } ]
        },
        "s0035": {
          "transitions": [ { "s00035": "(query.is_using_item == 0.0)" } ]
        },
        "s00035": {
          "transitions": [ { "default": "variable.time = (variable.time ?? 0);variable.time = variable.time < 5 ? variable.time + 1:0;return variable.time == 0;" } ],
          "on_entry":[
          "/scoreboard players set @s cooldown 0",
	  	  	"/effect @s slowness 1 1",
          "/camerashake add @s 1 2 positional",
	  	  	"/tag @s add fslash",
	  	  	"/scoreboard players set @s timer_fslash 1",
	  	  	"/summon one:floor_slash",
          "/playsound mob.wither.shoot @a[r=25] ~~~ 1 0.5 0",
          "/scoreboard players set @s count_skill1 250"
          ]
        },
        "s34": {
          "on_entry":[
            "/scoreboard players add @s cooldown 35",
            "/camerashake add @s 0.1 1 positional",
            "/playsound mob.witch.throw @a[r=15] ~~~ 1 0.8"
          ],
          "transitions": [ { "s034": "variable.time = (variable.time ?? 0);variable.time = variable.time < 5 ? variable.time + 1:0;return variable.time == 0;" }, { "default": "(query.is_using_item == 0.0)" }, { "s0034": "query.scoreboard('cooldown') >= 115" } ]
        },
        "s034": {
          "on_entry":[
            "/scoreboard players add @s cooldown 35",
            "/camerashake add @s 0.1 1 positional",
            "/playsound mob.witch.throw @a[r=15] ~~~ 1 0.8"
          ],
          "transitions": [ { "s34": "variable.time = (variable.time ?? 0);variable.time = variable.time < 5 ? variable.time + 1:0;return variable.time == 0;" }, { "default": "(query.is_using_item == 0.0)" }, { "s0034": "query.scoreboard('cooldown') >= 115" } ]
        },
        "s0034": {
          "transitions": [ { "s00034": "variable.time = (variable.time ?? 0);variable.time = variable.time < 1 ? variable.time + 1:0;return variable.time == 0;" } ],
          "on_entry":[
          "/scoreboard players set @s cooldown 0",
          "/camerashake add @s 1 2 positional",
					"/event entity @s minecraft:event_smallfireball1",
          "/effect @s slowness 0 1",
          "/scoreboard players set @s count_skill1 150",
          "/playsound mob.witch.throw @a[r=15] ~~~ 1 0.8 0"
          ]
        },
        "s00034": {
          "transitions": [ { "s000034": "variable.time = (variable.time ?? 0);variable.time = variable.time < 1 ? variable.time + 1:0;return variable.time == 0;" } ],
          "on_entry":[
					"/event entity @s minecraft:event_smallfireball2"
          ]
        },
        "s000034": {
          "transitions": [ { "s0000034": "variable.time = (variable.time ?? 0);variable.time = variable.time < 1 ? variable.time + 1:0;return variable.time == 0;" } ],
          "on_entry":[
					"/event entity @s minecraft:event_smallfireball3"
          ]
        },
        "s0000034": {
          "transitions": [ { "default": "(1.0)" } ],
          "on_entry":[
					"/event entity @s minecraft:event_smallfireball4"
          ]
        },
        "s33": {
          "on_entry":[
            "/scoreboard players remove @s cooldown 10",
            "/execute positioned ^^^5 run damage @e[r=4] 5 entity_attack entity @s",
            "/execute positioned ^^^7 run damage @e[r=4] 5 entity_attack entity @s",
            "/execute positioned ^^^5 run fill ~-2~-2~-2 ~2~2~2 fire 0 replace air",
            "/playsound mob.blaze.shoot @a[r=20] ~~~ 1 0.35 0",
            "/playsound fire.fire @a[r=20]",
            "/camerashake add @s 0.5 0.35 positional"
          ],
          "transitions": [ { "s033": "variable.time = (variable.time ?? 0);variable.time = variable.time < 5 ? variable.time + 1:0;return variable.time == 0;" }, { "s0033": "query.scoreboard('cooldown') <= 0 || query.get_equipped_item_name != 'katon_largefireball' || (query.is_using_item == 0.0)" } ]
        },
        "s033": {
          "on_entry":[
            "/scoreboard players remove @s cooldown 10",
            "/execute positioned ^^^5 run damage @e[r=4] 5 entity_attack entity @s",
            "/execute positioned ^^^7 run damage @e[r=4] 5 entity_attack entity @s",
            "/execute positioned ^^^5 run fill ~-2~-2~-2 ~2~2~2 fire 0 replace air",
            "/playsound mob.blaze.shoot @a[r=20] ~~~ 1 1.75 0",
            "/playsound fire.fire @a[r=20] ~~~ 1 1.75 0",
            "/camerashake add @s 0.5 0.35 positional"
          ],
          "transitions": [ { "s33": "variable.time = (variable.time ?? 0);variable.time = variable.time < 5 ? variable.time + 1:0;return variable.time == 0;" }, { "s0033": "query.scoreboard('cooldown') <= 0 || query.get_equipped_item_name != 'katon_largefireball' || (query.is_using_item == 0.0)" } ]
        },
        "s0033": {
          "transitions": [ { "default": "(1.0)" } ],
          "on_entry":[
          "/scoreboard players set @s cooldown 0",
          "/camerashake add @s 0.5 1 positional",
          "/scoreboard players set @s count_skill2 200",
          "/playsound mob.witch.throw @a[r=15] ~~~ 1 0.8 0"
          ]
        },
        "s32": {
          "on_entry":[
            "/scoreboard players add @s cooldown 25",
            "/playsound mob.witch.throw @a[r=15] ~~~ 1 0.5 0",
            "/camerashake add @s 0.1 1 positional"
          ],
          "transitions": [ { "s032": "variable.time = (variable.time ?? 0);variable.time = variable.time < 5 ? variable.time + 1:0;return variable.time == 0;" }, { "default": "(query.is_using_item == 0.0)" }, { "s0032": "query.scoreboard('cooldown') >= 125" } ]
        },
        "s032": {
          "on_entry":[
            "/scoreboard players add @s cooldown 25",
            "/playsound mob.witch.throw @a[r=15] ~~~ 1 1.7 0",
            "/camerashake add @s 0.1 1 positional"
          ],
          "transitions": [ { "s32": "variable.time = (variable.time ?? 0);variable.time = variable.time < 5 ? variable.time + 1:0;return variable.time == 0;" }, { "default": "(query.is_using_item == 0.0)" }, { "s0032": "query.scoreboard('cooldown') >= 125" } ]
        },
        "s0032": {
          "transitions": [ { "s33": "(1.0)" } ],
          "on_entry":[
          "/camerashake add @s 1 1 positional",
	  	  	"/effect @s slowness 0 1 true",
          "/playsound mob.witch.throw @a[r=15] ~~~ 1 0.8 0"
          ]
        },
        "s31": {
          "transitions": [ { "s031": "(1.0)" } ],
          "on_entry":[
          "/playsound use.chain @a[r=20] ~~~ 1 0.8 0",
          "/playsound mob.endermen.scream @a[r=20] ~~~ 1 0.4 0"
          ]
        },
        "s031": {
          "on_entry":[
            "/scoreboard players add @s cooldown 15",
            "/particle one:ashura_charge ~~~",
            "/camerashake add @s 0.25 0.1 positional"
          ],
          "transitions": [ { "s0031": "variable.time = (variable.time ?? 0);variable.time = variable.time < 5 ? variable.time + 1:0;return variable.time == 0;" }, { "default": "query.scoreboard('cooldown') <= 99 && (query.is_using_item == 0.0)" }, { "s00031": "query.scoreboard('cooldown') >= 100 && (query.is_using_item == 0.0)" } ]
        },
        "s0031": {
          "on_entry":[
            "/scoreboard players add @s cooldown 15",
            "/particle one:ashura_charge ~~~",
            "/camerashake add @s 0.25 0.1 positional"
          ],
          "transitions": [ { "s031": "variable.time = (variable.time ?? 0);variable.time = variable.time < 5 ? variable.time + 1:0;return variable.time == 0;" }, { "default": "query.scoreboard('cooldown') <= 99 && (query.is_using_item == 0.0)" }, { "s00031": "query.scoreboard('cooldown') >= 100 && (query.is_using_item == 0.0)" } ]
        },
        "s00031": {
          "transitions": [ { "s000031": "variable.time = (variable.time ?? 0);variable.time = variable.time < 35 ? variable.time + 1:0;return variable.time == 0;" }, { "s0000031": "(query.get_equipped_item_name != 'ashura_attack' && query.get_equipped_item_name != 'ashura')" } ],
          "on_entry":[
          "/function replaceitem",
          "/scoreboard players set @s cooldown 0",
	  	  	"/effect @s slowness 1 1 true",
          "/tag @s add ashura",
          "/event entity @s minecraft:event_ashura",
          "/playsound mob.witch.throw @a[r=20] ~~~ 1 1.2 0",
          "/playanimation @s animation.ashura",
          "/camerashake add @s 1 2 positional"
          ]
        },
        "s000031": {
          "transitions": [ { "default": "(1.0)" } ],
          "on_entry":[
          "/tag @s remove ashura",
          "/scoreboard players set @s count_skill4 600"
          ]
        },
        "s0000031": {
          "transitions": [ { "default": "(1.0)" } ],
          "on_entry":[
          "/tag @s remove ashura",
          "/playanimation @a animation.zoro_attack1",
          "/scoreboard players set @s count_skill4 600"
          ]
        },
        "s30": {
          "transitions": [ { "s030": "(1.0)" } ],
          "on_entry":[
          "/playsound use.chain @a[r=20] ~~~ 1 0.8 0"
          ]
        },
        "s030": {
          "on_entry":[
            "/scoreboard players add @s cooldown 20",
            "/playsound item.trident.riptide_1 @a[r=20] ~~~ 0.35 1 0",
            "/camerashake add @s 0.25 0.1 positional"
          ],
          "transitions": [ { "s0030": "variable.time = (variable.time ?? 0);variable.time = variable.time < 5 ? variable.time + 1:0;return variable.time == 0;" }, { "default": "query.scoreboard('cooldown') <= 99 && (query.is_using_item == 0.0)" }, { "s00030": "query.scoreboard('cooldown') >= 100 && (query.is_using_item == 0.0)" } ]
        },
        "s0030": {
          "on_entry":[
            "/scoreboard players add @s cooldown 20",
            "/playsound item.trident.riptide_1 @a[r=20] ~~~ 0.25 1.2 0",
            "/camerashake add @s 0.25 0.1 positional"
          ],
          "transitions": [ { "s030": "variable.time = (variable.time ?? 0);variable.time = variable.time < 5 ? variable.time + 1:0;return variable.time == 0;" }, { "default": "query.scoreboard('cooldown') <= 99 && (query.is_using_item == 0.0)" }, { "s00030": "query.scoreboard('cooldown') >= 100 && (query.is_using_item == 0.0)" } ]
        },
        "s00030": {
          "transitions": [ { "s000030": "variable.time = (variable.time ?? 0);variable.time = variable.time < 15 ? variable.time + 1:0;return variable.time == 0;" } ],
          "on_entry":[
          "/scoreboard players set @s cooldown 0",
	  	  	"/effect @s slowness 1 1 true",
          "/tag @s add impulse1",
          "/event entity @s minecraft:event_three_world",
          "/summon one:impulse ^^-0.5^-1 impulse1",
          "/playsound mob.witch.throw @a[r=20] ~~~ 1 1.2 0",
          "/playanimation @s animation.three_world",
          "/camerashake add @s 1 2 positional",
          "/scoreboard players set @s count_skill3 450"
          ]
        },
        "s000030": {
          "transitions": [ { "default": "(1.0)" } ],
          "on_entry":[
          "/tag @s remove impulse1"
          ]
        },
        "s29": {
          "animations":[
            "pound"
          ],
          "transitions": [ { "s029": "q.any_animation_finished" }, { "s0029": "(query.is_using_item == 0.0)" } ]
        },
        "s0029": {
          "transitions": [ { "default": "(1.0)" } ],
          "on_entry":[
	  	  	"/effect @s slowness 1 1 true",
          "/camerashake add @s 1 2 positional",
          "/playsound mob.blaze.shoot @a[r=20] ~~~ 1 1 0",
          "/event entity @s minecraft:event_pound_36",
          "/scoreboard players set @s count_skill2 300"
          ]
        },
        "s029": {
          "animations":[
            "pound"
          ],
          "transitions": [ { "s00029": "q.any_animation_finished" }, { "s000029": "(query.is_using_item == 0.0)" } ]
        },
        "s000029": {
          "transitions": [ { "default": "(1.0)" } ],
          "on_entry":[
	  	  	"/effect @s slowness 1 1 true",
          "/camerashake add @s 1 2 positional",
          "/playsound mob.blaze.shoot @a[r=20] ~~~ 1 0.8 0",
          "/event entity @s minecraft:event_pound_72",
          "/scoreboard players set @s count_skill2 300"
          ]
        },
        "s00029": {
          "transitions": [ { "s0000029": "(query.is_using_item == 0.0)" } ],
          "on_entry":[
	  	  	"/scoreboard players set @s cooldown 100",
          "/function say_pound"
          ]
        },
        "s0000029": {
          "transitions": [ { "default": "(1.0)" } ],
          "on_entry":[
	  	  	"/effect @s slowness 1 1 true",
          "/camerashake add @s 1 2 positional",
          "/playsound mob.blaze.shoot @a[r=20] ~~~ 1 0.6 0",
          "/event entity @s minecraft:event_pound_108",
          "/scoreboard players set @s count_skill2 300"
          ]
        },
        "s28": {
          "transitions": [ { "s028": "(1.0)" } ],
          "on_entry":[
          "/playsound use.chain @a[r=20] ~~~ 1 0.8 0"
          ]
        },
        "s028": {
          "on_entry":[
            "/scoreboard players add @s cooldown 25",
            "/camerashake add @s 0.1 0.15 positional"
          ],
          "transitions": [ { "s0028": "variable.time = (variable.time ?? 0);variable.time = variable.time < 5 ? variable.time + 1:0;return variable.time == 0;" }, { "default": "query.scoreboard('cooldown') <= 99 && (query.is_using_item == 0.0)" }, { "s00028": "query.scoreboard('cooldown') >= 100 && (query.is_using_item == 0.0)" } ]
        },
        "s0028": {
          "on_entry":[
            "/scoreboard players add @s cooldown 25",
            "/camerashake add @s 0.1 0.15 positional"
          ],
          "transitions": [ { "s028": "variable.time = (variable.time ?? 0);variable.time = variable.time < 5 ? variable.time + 1:0;return variable.time == 0;" }, { "default": "query.scoreboard('cooldown') <= 99 && (query.is_using_item == 0.0)" }, { "s00028": "query.scoreboard('cooldown') >= 100 && (query.is_using_item == 0.0)" } ]
        },
        "s00028": {
          "transitions": [ { "s000028": "variable.time = (variable.time ?? 0);variable.time = variable.time < 20 ? variable.time + 1:0;return variable.time == 0;" } ],
          "on_entry":[
          "/scoreboard players set @s cooldown 0",
	  	  	"/effect @s slowness 1 1 true",
          "/tag @s add lions_tp",
          "/playsound mob.witch.throw @a[r=20] ~~~ 1 0.8 0",
          "/event entity @s minecraft:event_lions_strike"
          ]
        },
        "s000028": {
          "transitions": [ { "default": "(1.0)" } ],
          "on_entry":[
          "/scoreboard players set @s count_skill1 200"
          ]
        },
        "s27": {
          "transitions": [ { "s027": "(1.0)" } ],
          "on_entry":[
          "/playsound armor.equip_leather @a[r=20] ~~~ 1 1.2 0"
          ]
        },
        "s027": {
          "on_entry":[
            "/scoreboard players add @s cooldown 50",
            "/playsound fire.fire @a[r=20] ~~~ 0.35 1 0",
            "/camerashake add @s 0.25 0.1 positional"
          ],
          "transitions": [ { "s0027": "variable.time = (variable.time ?? 0);variable.time = variable.time < 5 ? variable.time + 1:0;return variable.time == 0;" }, { "default": "query.scoreboard('cooldown') <= 99 && (query.is_using_item == 0.0)" }, { "s00027": "query.scoreboard('cooldown') >= 100 && (query.is_using_item == 0.0)" } ]
        },
        "s0027": {
          "on_entry":[
            "/scoreboard players add @s cooldown 50",
            "/playsound fire.fire @a[r=20] ~~~ 0.25 1.2 0",
            "/camerashake add @s 0.25 0.1 positional"
          ],
          "transitions": [ { "s027": "variable.time = (variable.time ?? 0);variable.time = variable.time < 5 ? variable.time + 1:0;return variable.time == 0;" }, { "default": "query.scoreboard('cooldown') <= 99 && (query.is_using_item == 0.0)" }, { "s00027": "query.scoreboard('cooldown') >= 100 && (query.is_using_item == 0.0)" } ]
        },
        "s00027": {
          "transitions": [ { "s000027": "variable.time = (variable.time ?? 0);variable.time = variable.time < 25 ? variable.time + 1:0;return variable.time == 0;" } ],
          "on_entry":[
          "/scoreboard players set @s cooldown 0",
	  	  	"/effect @s slowness 1 1 true",
          "/tag @s add lockgomu",
          "/summon one:lockaim ^^^1.5 minecraft:lock1",
          "/playsound gomu_stretch @a[r=20] ~~~ 1 1.2 0",
          "/playsound redhawk @a[r=20] ~~~ 1 0.9 0",
          "/event entity @s minecraft:event_gomu_redhawk",
          "/camerashake add @s 1 2 positional"
          ]
        },
        "s000027": {
          "transitions": [ { "default": "(1.0)" } ],
          "on_entry":[
          "/tag @s remove lockgomu",
          "/scoreboard players set @s count_skill4 500"
          ]
        },
        "s26": {
          "on_entry":[
            "/scoreboard players set @s cooldown 100"
          ],
          "transitions": [ { "s026": "(1.0)" } ]
        },
        "s026": {
          "on_entry":[
            "/scoreboard players remove @s cooldown 5",
            "/event entity @s minecraft:event_gomu_gatling",
            "/playsound mob.witch.throw @a[r=15] ~~~ 1 0.5 0",
            "/camerashake add @s 0.1 0.7 positional"
          ],
          "transitions": [ { "s0026": "variable.time = (variable.time ?? 0);variable.time = variable.time < 1 ? variable.time + 1:0;return variable.time == 0;" }, { "s00026": "query.scoreboard('cooldown') <= 0 || (query.is_using_item == 0.0)" } ]
        },
        "s0026": {
          "on_entry":[
            "/scoreboard players remove @s cooldown 5",
            "/event entity @s minecraft:event_gomu_gatling",
            "/playsound mob.witch.throw @a[r=15] ~~~ 1 0.6 0",
            "/camerashake add @s 0.1 0.7 positional"
          ],
          "transitions": [ { "s026": "variable.time = (variable.time ?? 0);variable.time = variable.time < 1 ? variable.time + 1:0;return variable.time == 0;" }, { "s00026": "query.scoreboard('cooldown') <= 0 || (query.is_using_item == 0.0)" } ]
        },
        "s00026": {
          "transitions": [ { "default": "(1.0)" } ],
          "on_entry":[
          "/camerashake add @s 1 1 positional",
	  	  	"/effect @s slowness 0 1 true",
          "/scoreboard players set @s count_skill3 320",
          "/playsound mob.witch.throw @a[r=15] ~~~ 1 0.8 0"
          ]
        },
        "s25": {
          "transitions": [ { "s025": "(query.is_using_item == 0.0)" } ],
          "on_entry":[
          "/scoreboard players set @s cooldown 100",
          "/effect @s slowness 1 1 true",
          "/playsound armor.equip_leather @a[r=20] ~~~ 1 0.7 0",
          "/camerashake add @s 1 0.5 positional"
          ]
        },
        "s025": {
          "transitions": [ { "s0025": "variable.time = (variable.time ?? 0);variable.time = variable.time < 20 ? variable.time + 1:0;return variable.time == 0;" } ],
          "on_entry":[
          "/scoreboard players set @s cooldown 0",
          "/effect @s slowness 1 1 true",
          "/camerashake add @s 1 2 positional",
          "/playsound gomu_stretch @a[r=20] ~~~ 1 0.9 0",
          "/playsound explosion @a[r=20] ~~~ 0.5 0.8 0",
          "/event entity @s minecraft:event_gomu_bazooka"
          ]
        },
        "s0025": {
          "transitions": [ { "default": "(1.0)" } ],
          "on_entry":[
          "/scoreboard players set @s count_skill2 150"
          ]
        },
        "s24": {
          "transitions": [ { "s024": "(query.is_using_item == 0.0)" } ],
          "on_entry":[
          "/scoreboard players set @s cooldown 100",
          "/effect @s slowness 1 1 true",
          "/playsound armor.equip_leather @a[r=20] ~~~ 1 0.8 0",
          "/camerashake add @s 1 0.5 positional"
          ]
        },
        "s024": {
          "transitions": [ { "s0024": "variable.time = (variable.time ?? 0);variable.time = variable.time < 20 ? variable.time + 1:0;return variable.time == 0;" } ],
          "on_entry":[
          "/scoreboard players set @s cooldown 0",
          "/effect @s slowness 1 1 true",
          "/camerashake add @s 1 1 positional",
          "/playsound gomu_pistol @a[r=20] ~~~ 1 0.9 0",
          "/event entity @s minecraft:event_gomu_pistol"
          ]
        },
        "s0024": {
          "transitions": [ { "default": "(1.0)" } ],
          "on_entry":[
          "/scoreboard players set @s count_skill1 100"
          ]
        },
        "s23": {
          "animations":[
            "final_flash"
          ],
          "transitions": [ { "s023": "q.any_animation_finished || (query.is_using_item == 0.0)" } ]
        },
        "s023": {
          "on_entry":[
            "/scoreboard players set @s count_skill4 800"
          ],
          "transitions": [ { "s0023": "variable.time = (variable.time ?? 0);variable.time = variable.time < 15 ? variable.time + 1:0;return variable.time == 0;" } ]
        },
        "s0023": {
          "on_entry":[
            "/tag @s remove lockaim3"
          ],
          "transitions": [ { "default": "(query.is_using_item == 0.0)" } ]
        },
        "s22": {
          "on_entry":[
            "/playsound final_flash_charge @a[r=20]"
          ],
          "transitions": [ { "s022": "(1.0)" } ]
        },
        "s022": {
          "on_entry":[
            "/scoreboard players add @s cooldown 18",
            "/camerashake add @s 0.1 1 positional"
          ],
          "transitions": [ { "s0022": "variable.time = (variable.time ?? 0);variable.time = variable.time < 5 ? variable.time + 1:0;return variable.time == 0;" }, { "default": "(query.is_using_item == 0.0)" }, { "s00022": "query.scoreboard('cooldown') >= 118" } ]
        },
        "s0022": {
          "on_entry":[
            "/scoreboard players add @s cooldown 18",
            "/camerashake add @s 0.1 1 positional"
          ],
          "transitions": [ { "s022": "variable.time = (variable.time ?? 0);variable.time = variable.time < 5 ? variable.time + 1:0;return variable.time == 0;" }, { "default": "(query.is_using_item == 0.0)" }, { "s00022": "query.scoreboard('cooldown') >= 118" } ]
        },
        "s00022": {
          "transitions": [ { "s23": "variable.time = (variable.time ?? 0);variable.time = variable.time < 5 ? variable.time + 1:0;return variable.time == 0;" } ],
          "on_entry":[
          "/camerashake add @s 1 2 positional",
	  	  	"/effect @s slowness 0 1 true",
          "/function replaceitem",
          "/playsound final_flash @a[r=25] ~~~ 1 0.8 0"
          ]
        },
        "s21": {
          "on_entry":[
            "/playsound big_bang @a[r=20]"
          ],
          "transitions": [ { "s021": "(1.0)" } ]
        },
        "s021": {
          "on_entry":[
            "/scoreboard players add @s cooldown 10",
            "/camerashake add @s 0.1 1 positional"
          ],
          "transitions": [ { "s0021": "variable.time = (variable.time ?? 0);variable.time = variable.time < 5 ? variable.time + 1:0;return variable.time == 0;" }, { "default": "query.scoreboard('cooldown') <= 109 && (query.is_using_item == 0.0)" }, { "s00021": "query.scoreboard('cooldown') >= 110 && (query.is_using_item == 0.0)" } ]
        },
        "s0021": {
          "on_entry":[
            "/scoreboard players add @s cooldown 10",
            "/camerashake add @s 0.1 1 positional"
          ],
          "transitions": [ { "s021": "variable.time = (variable.time ?? 0);variable.time = variable.time < 5 ? variable.time + 1:0;return variable.time == 0;" }, { "default": "query.scoreboard('cooldown') <= 109 && (query.is_using_item == 0.0)" }, { "s00021": "query.scoreboard('cooldown') >= 110 && (query.is_using_item == 0.0)" } ]
        },
        "s00021": {
          "transitions": [ { "default": "(1.0)" } ],
          "on_entry":[
          "/scoreboard players set @s cooldown 0",
          "/camerashake add @s 1 2 positional",
          "/tag @s add bang",
					"/event entity @s minecraft:event_big_bang_attack",
	  	  	"/effect @s slowness 0 1 true",
          "/scoreboard players set @s count_skill3 650",
          "/playsound big_bang_attack @a[r=20] ~~~ 1 0.8 0"
          ]
        },
        "s20": {
          "on_entry":[
            "/scoreboard players add @s cooldown 15",
            "/camerashake add @s 0.1 1 positional"
          ],
          "transitions": [ { "s020": "variable.time = (variable.time ?? 0);variable.time = variable.time < 5 ? variable.time + 1:0;return variable.time == 0;" }, { "s000020": "(query.get_equipped_item_name != 'dirty_fireworks')" }, { "s0020": "query.scoreboard('cooldown') >= 115" } ]
        },
        "s020": {
          "on_entry":[
            "/scoreboard players add @s cooldown 15",
            "/camerashake add @s 0.1 1 positional"
          ],
          "transitions": [ { "s20": "variable.time = (variable.time ?? 0);variable.time = variable.time < 5 ? variable.time + 1:0;return variable.time == 0;" }, { "s000020": "(query.get_equipped_item_name != 'dirty_fireworks')" }, { "s0020": "query.scoreboard('cooldown') >= 115" } ]
        },
        "s0020": {
          "transitions": [ { "s00020": "variable.time = (variable.time ?? 0);variable.time = variable.time < 40 ? variable.time + 1:0;return variable.time == 0;" } ],
          "on_entry":[
          "/camerashake add @s 1 2 positional",
	  	  	"/effect @s slowness 0 1 true",
          "/effect @e[tag=fireworks] levitation 2 5 true",
          "/effect @e[tag=fireworks] slow_falling 6 5 true",
          "/playsound firework.launch @a[r=15] ~~~ 1 0.8 0"
          ]
        },
        "s00020": {
          "transitions": [ { "default": "variable.time = (variable.time ?? 0);variable.time = variable.time < 5 ? variable.time + 1:0;return variable.time == 0;" } ],
          "on_entry":[
          "/camerashake add @s 1 3 positional",
	  	  	"/effect @s slowness 0 1 true",
          "/tp @s ~~~ facing @e[tag=fireworks,c=1]",
          "/execute as @e[tag=fireworks] positioned as @s run particle one:dirty_firework1 ~~~",
          "/execute as @e[tag=fireworks] positioned as @s run particle one:dirty_firework2 ~~~",
          "/execute as @e[tag=fireworks] positioned as @s run playsound random.explode @a[r=25] ~~~ 1 0.8 0",
          "/execute as @e[tag=fireworks] positioned as @s run playsound firework.blast @a[r=25] ~~~ 1 0.7 0",
          "/execute as @e[tag=fireworks] positioned as @s run playsound firework.large_blast @a[r=25] ~~~ 1 0.9 0",
          "/execute as @e[tag=fireworks] positioned as @s run playsound firework.twinkle @a[r=25] ~~~ 1 1.2 0",
          "/execute as @e[tag=fireworks] positioned as @s run summon one:explosion ~~~ one:explode7",
          "/damage @e[tag=fireworks] 10 entity_attack entity @s",
          "/tag @e[tag=fireworks] remove fireworks",
          "/scoreboard players set @s count_skill2 200"
          ]
        },
        "s000020": {
          "transitions": [ { "default": "variable.time = (variable.time ?? 0);variable.time = variable.time < 5 ? variable.time + 1:0;return variable.time == 0;" } ],
          "on_entry":[
          "/tag @e[tag=fireworks] remove fireworks",
          "/scoreboard players set @s count_skill2 200"
          ]
        },
        "s19": {
          "animations":[
            "galick_gun"
          ],
          "transitions": [ { "s019": "q.any_animation_finished || (query.is_using_item == 0.0)" } ]
        },
        "s019": {
          "on_entry":[
            "/scoreboard players set @s count_skill1 100"
          ],
          "transitions": [ { "s0019": "variable.time = (variable.time ?? 0);variable.time = variable.time < 15 ? variable.time + 1:0;return variable.time == 0;" } ]
        },
        "s0019": {
          "on_entry":[
            "/tag @s remove lockaim2"
          ],
          "transitions": [ { "default": "(query.is_using_item == 0.0)" } ]
        },
        "s18": {
          "on_entry":[
            "/playsound galick_gun_charge @a[r=20]"
          ],
          "transitions": [ { "s018": "(1.0)" } ]
        },
        "s018": {
          "on_entry":[
            "/scoreboard players add @s cooldown 18",
            "/camerashake add @s 0.1 1 positional"
          ],
          "transitions": [ { "s0018": "variable.time = (variable.time ?? 0);variable.time = variable.time < 5 ? variable.time + 1:0;return variable.time == 0;" }, { "default": "(query.is_using_item == 0.0)" }, { "s00018": "query.scoreboard('cooldown') >= 118" } ]
        },
        "s0018": {
          "on_entry":[
            "/scoreboard players add @s cooldown 18",
            "/camerashake add @s 0.1 1 positional"
          ],
          "transitions": [ { "s018": "variable.time = (variable.time ?? 0);variable.time = variable.time < 5 ? variable.time + 1:0;return variable.time == 0;" }, { "default": "(query.is_using_item == 0.0)" }, { "s00018": "query.scoreboard('cooldown') >= 118" } ]
        },
        "s00018": {
          "transitions": [ { "s19": "variable.time = (variable.time ?? 0);variable.time = variable.time < 5 ? variable.time + 1:0;return variable.time == 0;" } ],
          "on_entry":[
          "/camerashake add @s 1 2 positional",
	  	  	"/effect @s slowness 0 1 true",
          "/function replaceitem",
          "/playsound galick_gun @a[r=20] ~~~ 1 0.8 0"
          ]
        },
        "s17": {
          "on_entry":[
            "/scoreboard players add @s cooldown 10",
            "/playsound genki_dama_loop @a[r=20] ~~~ 0.5 1 0",
            "/camerashake add @s 0.1 1 positional"
          ],
          "transitions": [ { "s017": "variable.time = (variable.time ?? 0);variable.time = variable.time < 5 ? variable.time + 1:0;return variable.time == 0;" }, { "default": "(query.is_using_item == 0.0)" }, { "s0017": "query.scoreboard('cooldown') >= 110" } ]
        },
        "s017": {
          "on_entry":[
            "/scoreboard players add @s cooldown 10",
            "/playsound genki_dama_loop @a[r=20] ~~~ 0.25 1 0",
            "/camerashake add @s 0.1 1 positional"
          ],
          "transitions": [ { "s17": "variable.time = (variable.time ?? 0);variable.time = variable.time < 5 ? variable.time + 1:0;return variable.time == 0;" }, { "default": "(query.is_using_item == 0.0)" }, { "s0017": "query.scoreboard('cooldown') >= 110" } ]
        },
        "s0017": {
          "transitions": [ { "default": "(1.0)" } ],
          "on_entry":[
          "/scoreboard players set @s cooldown 0",
          "/camerashake add @s 1 2 positional",
          "/tag @s add genki",
					"/event entity @s minecraft:event_genki_dama",
	  	  	"/effect @s slowness 0 1 true",
          "/scoreboard players set @s count_skill4 650",
          "/playsound genki_dama @a[r=30]"
          ]
        },
        "s16": {
          "on_entry":[
            "/scoreboard players add @s cooldown 15",
            "/playsound disk @a[r=20] ~~~ 0.5 1 0",
            "/camerashake add @s 0.1 1 positional"
          ],
          "transitions": [ { "s016": "variable.time = (variable.time ?? 0);variable.time = variable.time < 5 ? variable.time + 1:0;return variable.time == 0;" }, { "default": "(query.is_using_item == 0.0)" }, { "s0016": "query.scoreboard('cooldown') >= 115" } ]
        },
        "s016": {
          "on_entry":[
            "/scoreboard players add @s cooldown 15",
            "/playsound disk @a[r=20] ~~~ 0.25 1 0",
            "/camerashake add @s 0.1 1 positional"
          ],
          "transitions": [ { "s16": "variable.time = (variable.time ?? 0);variable.time = variable.time < 5 ? variable.time + 1:0;return variable.time == 0;" }, { "default": "(query.is_using_item == 0.0)" }, { "s0016": "query.scoreboard('cooldown') >= 115" } ]
        },
        "s0016": {
          "transitions": [ { "s00016": "variable.time = (variable.time ?? 0);variable.time = variable.time < 10 ? variable.time + 1:0;return variable.time == 0;" }, { "s160": "(query.is_using_item == 0.0)" } ],
          "on_entry":[
          "/camerashake add @s 1 2 positional",
					"/event entity @s minecraft:event_kienzan",
	  	  	"/effect @s slowness 0 1 true",
          "/playsound kienzan @a[r=15] ~~~ 1 0.8 0"
          ]
        },
        "s00016": {
          "transitions": [ { "s000016": "variable.time = (variable.time ?? 0);variable.time = variable.time < 10 ? variable.time + 1:0;return variable.time == 0;" }, { "s160": "(query.is_using_item == 0.0)" } ],
          "on_entry":[
          "/camerashake add @s 1 2 positional",
					"/event entity @s minecraft:event_kienzan",
	  	  	"/effect @s slowness 0 1 true",
          "/playsound kienzan @a[r=15] ~~~ 1 0.8 0"
          ]
        },
        "s000016": {
          "transitions": [ { "s0000016": "variable.time = (variable.time ?? 0);variable.time = variable.time < 10 ? variable.time + 1:0;return variable.time == 0;" }, { "s160": "(query.is_using_item == 0.0)" } ],
          "on_entry":[
          "/camerashake add @s 1 2 positional",
					"/event entity @s minecraft:event_kienzan",
	  	  	"/effect @s slowness 0 1 true",
          "/playsound kienzan @a[r=15] ~~~ 1 0.8 0"
          ]
        },
        "s0000016": {
          "transitions": [ { "default": "(1.0)" } ],
          "on_entry":[
          "/scoreboard players set @s cooldown 0",
          "/camerashake add @s 1 2 positional",
					"/event entity @s minecraft:event_kienzan",
	  	  	"/effect @s slowness 0 1 true",
          "/scoreboard players set @s count_skill3 450",
          "/playsound kienzan @a[r=15] ~~~ 1 0.8 0"
          ]
        },
        "s160": {
          "transitions": [ { "default": "(1.0)" } ],
          "on_entry":[
          "/scoreboard players set @s cooldown 0",
          "/scoreboard players set @s count_skill3 450"
          ]
        },
        "s15": {
          "on_entry":[
            "/scoreboard players add @s cooldown 20",
            "/playsound solar_flare_hold @a[r=20] ~~~ 0.35 1 0",
            "/camerashake add @s 0.25 0.1 positional"
          ],
          "transitions": [ { "s015": "variable.time = (variable.time ?? 0);variable.time = variable.time < 5 ? variable.time + 1:0;return variable.time == 0;" }, { "default": "(query.is_using_item == 0.0)" }, { "s0015": "query.scoreboard('cooldown') >= 100" } ]
        },
        "s015": {
          "on_entry":[
            "/scoreboard players add @s cooldown 20",
            "/playsound solar_flare_hold @a[r=20] ~~~ 0.25 1.2 0",
            "/camerashake add @s 0.25 0.1 positional"
          ],
          "transitions": [ { "s15": "variable.time = (variable.time ?? 0);variable.time = variable.time < 5 ? variable.time + 1:0;return variable.time == 0;" }, { "default": "(query.is_using_item == 0.0)" }, { "s0015": "query.scoreboard('cooldown') >= 100" } ]
        },
        "s0015": {
          "transitions": [ { "s00015": "(query.is_using_item == 0.0)" } ]
        },
        "s00015": {
          "transitions": [ { "default": "variable.time = (variable.time ?? 0);variable.time = variable.time < 5 ? variable.time + 1:0;return variable.time == 0;" } ],
          "on_entry":[
          "/scoreboard players set @s cooldown 0",
	  	  	"/effect @s slowness 1 1 true",
          "/camerashake add @s 1 2 positional",
          "/tag @s add solar",
          "/playsound solar_flare @a[r=20] ~~~ 1 0.9 0",
	  	  	"/summon one:solar_flare ~~~",
	  	  	"/particle one:solar_flare ~~~",
          "/effect @e[r=20,rm=0.01] slowness 5 2",
          "/scoreboard players set @s count_skill2 160"
          ]
        },
        "s14": {
          "animations":[
            "kamehameha"
          ],
          "transitions": [ { "s014": "q.any_animation_finished || (query.is_using_item == 0.0)" } ]
        },
        "s014": {
          "on_entry":[
            "/scoreboard players set @s count_skill1 100"
          ],
          "transitions": [ { "s0014": "variable.time = (variable.time ?? 0);variable.time = variable.time < 15 ? variable.time + 1:0;return variable.time == 0;" } ]
        },
        "s0014": {
          "on_entry":[
            "/tag @s remove lockaim"
          ],
          "transitions": [ { "default": "(query.is_using_item == 0.0)" } ]
        },
        "s13": {
          "on_entry":[
            "/playsound kamehameha_charge @a[r=20]"
          ],
          "transitions": [ { "s013": "(1.0)" } ]
        },
        "s013": {
          "on_entry":[
            "/scoreboard players add @s cooldown 18",
            "/camerashake add @s 0.1 1 positional"
          ],
          "transitions": [ { "s0013": "variable.time = (variable.time ?? 0);variable.time = variable.time < 5 ? variable.time + 1:0;return variable.time == 0;" }, { "default": "(query.is_using_item == 0.0)" }, { "s00013": "query.scoreboard('cooldown') >= 118" } ]
        },
        "s0013": {
          "on_entry":[
            "/scoreboard players add @s cooldown 18",
            "/camerashake add @s 0.1 1 positional"
          ],
          "transitions": [ { "s013": "variable.time = (variable.time ?? 0);variable.time = variable.time < 5 ? variable.time + 1:0;return variable.time == 0;" }, { "default": "(query.is_using_item == 0.0)" }, { "s00013": "query.scoreboard('cooldown') >= 118" } ]
        },
        "s00013": {
          "transitions": [ { "s14": "variable.time = (variable.time ?? 0);variable.time = variable.time < 5 ? variable.time + 1:0;return variable.time == 0;" } ],
          "on_entry":[
          "/camerashake add @s 1 2 positional",
	  	  	"/effect @s slowness 0 1 true",
          "/function replaceitem",
          "/playsound kamehameha @a[r=15] ~~~ 1 0.8 0"
          ]
        },
        "s12": {
          "on_entry":[
            "/scoreboard players add @s cooldown 15",
            "/playsound chidori_loop @a[r=20] ~~~ 0.5 0.5 0",
            "/particle one:lightning_kirin",
            "/camerashake add @s 0.25 0.1 positional"
          ],
          "transitions": [ { "s012": "variable.time = (variable.time ?? 0);variable.time = variable.time < 5 ? variable.time + 1:0;return variable.time == 0;" }, { "default": "(query.is_using_item == 0.0)" }, { "s0012": "query.scoreboard('cooldown') >= 100" } ]
        },
        "s012": {
          "on_entry":[
            "/scoreboard players add @s cooldown 15",
            "/playsound chidori_loop @a[r=20] ~~~ 0.5 0.5 0",
            "/particle one:lightning_kirin",
            "/camerashake add @s 0.25 0.1 positional"
          ],
          "transitions": [ { "s12": "variable.time = (variable.time ?? 0);variable.time = variable.time < 5 ? variable.time + 1:0;return variable.time == 0;" }, { "default": "(query.is_using_item == 0.0)" }, { "s0012": "query.scoreboard('cooldown') >= 100" } ]
        },
        "s0012": {
          "on_entry":[
            "/particle one:lightning_kirin"
          ],
          "transitions": [ { "s00012": "variable.time = (variable.time ?? 0);variable.time = variable.time < 5 ? variable.time + 1:0;return variable.time == 0;" }, { "s000012": "(query.is_using_item == 0.0)" } ]
        },
        "s00012": {
          "on_entry":[
            "/particle one:lightning_kirin"
          ],
          "transitions": [ { "s0012": "variable.time = (variable.time ?? 0);variable.time = variable.time < 5 ? variable.time + 1:0;return variable.time == 0;" }, { "s000012": "(query.is_using_item == 0.0)" } ]
        },
        "s000012": {
          "transitions": [ { "default": "variable.time = (variable.time ?? 0);variable.time = variable.time < 5 ? variable.time + 1:0;return variable.time == 0;" } ],
          "on_entry":[
          "/scoreboard players set @s cooldown 0",
	  	  	"/effect @s slowness 1 1",
          "/camerashake add @s 1 2 positional",
	  	  	"/event entity @s minecraft:event_kirin",
          "/playsound mob.enderdragon.growl @a[r=25] ~~~ 1 0.5 0",
          "/scoreboard players set @s count_skill4 600"
          ]
        },
        "s11": {
          "transitions": [ { "s011": "variable.time = (variable.time ?? 0);variable.time = variable.time < 5 ? variable.time + 1:0;return variable.time == 0;" } ],
          "on_entry":[
          "/scoreboard players set @s cooldown 100",
          "/camerashake add @s 1 0.25 positional",
          "/playsound amaterasu @a[r=20]",
	  	  	"/effect @s slowness 0 1 true",
	  	  	"/effect @s blindness 0 1 true"
          ]
        },
        "s011": {
          "on_entry":[
            "/scoreboard players remove @s cooldown 10",
            "/damage @e[r=15,rm=0.01] 5 entity_attack entity @s",
            "/fill ~-15~-1~-15 ~15~5~15 one:amaterasu 0 replace fire",
            "/execute as @e[r=15,rm=0.01,type=!item,family=!attack] positioned as @s run effect @s wither 1 0",
            "/execute as @e[r=15,rm=0.01,type=!item,family=!attack] positioned as @s run effect @s slowness 1 0",
            "/execute as @e[r=15,rm=0.01,type=!item,type=!xp_orb,family=!attack,family=!snowball] positioned as @s run summon one:amaterasu ~~~",
            "/execute as @e[r=15,rm=0.01,type=!item,type=!xp_orb,family=!attack,family=!snowball] positioned as @s run particle one:amaterasu ~~~",
            "/execute as @e[r=15,rm=0.01,type=!item,type=!xp_orb,family=!attack,family=!snowball] positioned as @s run playsound fire.fire @a[r=20] ~~~ 0.7 0.7 0"
          ],
          "transitions": [ { "s0011": "variable.time = (variable.time ?? 0);variable.time = variable.time < 5 ? variable.time + 1:0;return variable.time == 0;" }, { "s00011": "query.scoreboard('cooldown') <= 0 && (query.is_using_item == 0.0)" } ]
        },
        "s0011": {
          "on_entry":[
            "/scoreboard players remove @s cooldown 10",
            "/damage @e[r=15,rm=0.01] 5 entity_attack entity @s",
            "/fill ~-15~-1~-15 ~15~5~15 one:amaterasu 0 replace fire",
            "/execute as @e[r=15,rm=0.01,type=!item,family=!attack,family=!snowball] positioned as @s run effect @s wither 1 0",
            "/execute as @e[r=15,rm=0.01,type=!item,family=!attack,family=!snowball] positioned as @s run effect @s slowness 1 0",
            "/execute as @e[r=15,rm=0.01,type=!item,type=!xp_orb,family=!attack,family=!snowball] positioned as @s run particle one:amaterasu ~~~",
            "/execute as @e[r=15,rm=0.01,type=!item,type=!xp_orb,family=!attack,family=!snowball] positioned as @s run playsound fire.fire @a[r=20] ~~~ 0.7 0.7 0"
          ],
          "transitions": [ { "s011": "variable.time = (variable.time ?? 0);variable.time = variable.time < 5 ? variable.time + 1:0;return variable.time == 0;" }, { "s00011": "query.scoreboard('cooldown') <= 0 || (query.is_using_item == 0.0)" } ]
        },
        "s00011": {
          "transitions": [ { "default": "variable.time = (variable.time ?? 0);variable.time = variable.time < 5 ? variable.time + 1:0;return variable.time == 0;" } ],
          "on_entry":[
          "/scoreboard players set @s cooldown 0",
	  	  	"/effect @s slowness 3 0",
	  	  	"/effect @s weakness 3 0",
	  	  	"/effect @s blindness 3 0",
	  	  	"/effect @s wither 3 0",
          "/scoreboard players set @s count_skill3 300"
          ]
        },
        "s10": {
          "on_entry":[
            "/scoreboard players remove @s cooldown 5",
            "/playsound chidori_loop @a[r=20] ~~~ 0.5 1 0",
            "/effect @s speed 1 0 true",
            "/camerashake add @s 0.5 0.25 positional"
          ],
          "transitions": [ { "s010": "variable.time = (variable.time ?? 0);variable.time = variable.time < 5 ? variable.time + 1:0;return variable.time == 0;" }, { "s0010": "query.scoreboard('cooldown') <= 0 || query.get_equipped_item_name != 'chidori_attack'" } ]
        },
        "s010": {
          "on_entry":[
            "/scoreboard players remove @s cooldown 5",
            "/playsound chidori_loop @a[r=20] ~~~ 0.5 1 0",
            "/effect @s speed 1 0 true",
            "/camerashake add @s 0.5 0.25 positional"
          ],
          "transitions": [ { "s10": "variable.time = (variable.time ?? 0);variable.time = variable.time < 5 ? variable.time + 1:0;return variable.time == 0;" }, { "s0010": "query.scoreboard('cooldown') <= 0 || query.get_equipped_item_name != 'chidori_attack'" } ]
        },
        "s0010": {
          "transitions": [ { "default": "(1.0)" } ],
          "on_entry":[
          "/scoreboard players set @s cooldown 0",
          "/camerashake add @s 0.5 1 positional",
	  	  	"/effect @s slowness 0 1 true",
          "/scoreboard players set @s count_skill1 200",
          "/playsound mob.witch.throw @a[r=15] ~~~ 1 0.8 0"
          ]
        },
        "s9": {
          "on_entry":[
            "/playsound chidori @a[r=20]"
          ],
          "transitions": [ { "s09": "(1.0)" } ]
        },
        "s09": {
          "on_entry":[
            "/scoreboard players add @s cooldown 18",
            "/camerashake add @s 0.1 1 positional"
          ],
          "transitions": [ { "s009": "variable.time = (variable.time ?? 0);variable.time = variable.time < 5 ? variable.time + 1:0;return variable.time == 0;" }, { "default": "(query.is_using_item == 0.0)" }, { "s0009": "query.scoreboard('cooldown') >= 118" } ]
        },
        "s009": {
          "on_entry":[
            "/scoreboard players add @s cooldown 18",
            "/camerashake add @s 0.1 1 positional"
          ],
          "transitions": [ { "s09": "variable.time = (variable.time ?? 0);variable.time = variable.time < 5 ? variable.time + 1:0;return variable.time == 0;" }, { "default": "(query.is_using_item == 0.0)" }, { "s0009": "query.scoreboard('cooldown') >= 118" } ]
        },
        "s0009": {
          "transitions": [ { "s10": "(1.0)" } ],
          "on_entry":[
          "/camerashake add @s 1 2 positional",
	  	  	"/effect @s slowness 0 1 true",
          "/function replaceitem",
          "/playsound mob.witch.throw @a[r=15] ~~~ 1 0.8 0"
          ]
        },
        "s8": {
          "on_entry":[
            "/scoreboard players remove @s cooldown 10",
            "/execute positioned ^^^5 run damage @e[r=3.5] 5 entity_attack entity @s",
            "/execute positioned ^^^5 run fill ~-1~-1~-1 ~1~1~1 fire 0 replace air",
            "/playsound mob.blaze.shoot @a[r=20] ~~~ 1 0.5 0",
            "/playsound fire.fire @a[r=20]",
            "/camerashake add @s 0.5 0.25 positional"
          ],
          "transitions": [ { "s08": "variable.time = (variable.time ?? 0);variable.time = variable.time < 5 ? variable.time + 1:0;return variable.time == 0;" }, { "s008": "query.scoreboard('cooldown') <= 0 || query.get_equipped_item_name != 'katon_fireball' || (query.is_using_item == 0.0)" } ]
        },
        "s08": {
          "on_entry":[
            "/scoreboard players remove @s cooldown 10",
            "/execute positioned ^^^5 run damage @e[r=3.5] 5 entity_attack entity @s",
            "/execute positioned ^^^5 run fill ~-1~-1~-1 ~1~1~1 fire 0 replace air",
            "/playsound mob.blaze.shoot @a[r=20] ~~~ 1 1.5 0",
            "/playsound fire.fire @a[r=20] ~~~ 1 1.5 0",
            "/camerashake add @s 0.5 0.25 positional"
          ],
          "transitions": [ { "s8": "variable.time = (variable.time ?? 0);variable.time = variable.time < 5 ? variable.time + 1:0;return variable.time == 0;" }, { "s008": "query.scoreboard('cooldown') <= 0 || query.get_equipped_item_name != 'katon_fireball' || (query.is_using_item == 0.0)" } ]
        },
        "s008": {
          "transitions": [ { "default": "(1.0)" } ],
          "on_entry":[
          "/scoreboard players set @s cooldown 0",
          "/camerashake add @s 0.5 1 positional",
          "/scoreboard players set @s count_skill2 200",
          "/playsound mob.witch.throw @a[r=15] ~~~ 1 0.8 0"
          ]
        },
        "s7": {
          "on_entry":[
            "/scoreboard players add @s cooldown 25",
            "/playsound mob.witch.throw @a[r=15] ~~~ 1 0.5 0",
            "/camerashake add @s 0.1 1 positional"
          ],
          "transitions": [ { "s07": "variable.time = (variable.time ?? 0);variable.time = variable.time < 5 ? variable.time + 1:0;return variable.time == 0;" }, { "default": "(query.is_using_item == 0.0)" }, { "s007": "query.scoreboard('cooldown') >= 125" } ]
        },
        "s07": {
          "on_entry":[
            "/scoreboard players add @s cooldown 25",
            "/playsound mob.witch.throw @a[r=15] ~~~ 1 1.7 0",
            "/camerashake add @s 0.1 1 positional"
          ],
          "transitions": [ { "s7": "variable.time = (variable.time ?? 0);variable.time = variable.time < 5 ? variable.time + 1:0;return variable.time == 0;" }, { "default": "(query.is_using_item == 0.0)" }, { "s007": "query.scoreboard('cooldown') >= 125" } ]
        },
        "s007": {
          "transitions": [ { "s8": "(1.0)" } ],
          "on_entry":[
          "/camerashake add @s 1 1 positional",
	  	  	"/effect @s slowness 0 1 true",
          "/playsound mob.witch.throw @a[r=15] ~~~ 1 0.8 0"
          ]
        },
        "s6": {
          "on_entry":[
            "/scoreboard players remove @s cooldown 10",
            "/playsound rasengan_loop @a[r=20] ~~~ 0.5 0.5 0",
            "/effect @s speed 1 1 true",
            "/camerashake add @s 0.5 0.35 positional"
          ],
          "transitions": [ { "s06": "variable.time = (variable.time ?? 0);variable.time = variable.time < 5 ? variable.time + 1:0;return variable.time == 0;" }, { "s006": "query.scoreboard('cooldown') <= 0 || query.get_equipped_item_name != 'odama_rasengan_attack'" } ]
        },
        "s06": {
          "on_entry":[
            "/scoreboard players remove @s cooldown 10",
            "/playsound rasengan_loop @a[r=20] ~~~ 0.5 0.5 0",
            "/effect @s speed 1 1 true",
            "/camerashake add @s 0.5 0.35 positional"
          ],
          "transitions": [ { "s6": "variable.time = (variable.time ?? 0);variable.time = variable.time < 5 ? variable.time + 1:0;return variable.time == 0;" }, { "s006": "query.scoreboard('cooldown') <= 0 || query.get_equipped_item_name != 'odama_rasengan_attack'" } ]
        },
        "s006": {
          "transitions": [ { "default": "(1.0)" } ],
          "on_entry":[
          "/scoreboard players set @s cooldown 0",
          "/camerashake add @s 0.5 2 positional",
	  	  	"/effect @s slowness 0 1 true",
          "/scoreboard players set @s count_skill4 600",
          "/playsound mob.witch.throw @a[r=15] ~~~ 1 0.6 0"
          ]
        },
        "s5": {
          "on_entry":[
            "/playsound rasengan @a[r=20] ~~~ 1 0.5 0"
          ],
          "transitions": [ { "s05": "(1.0)" } ]
        },
        "s05": {
          "on_entry":[
            "/scoreboard players add @s cooldown 13",
            "/camerashake add @s 0.1 1.5 positional"
          ],
          "transitions": [ { "s005": "variable.time = (variable.time ?? 0);variable.time = variable.time < 5 ? variable.time + 1:0;return variable.time == 0;" }, { "default": "(query.is_using_item == 0.0)" }, { "s0005": "query.scoreboard('cooldown') >= 100" } ]
        },
        "s005": {
          "on_entry":[
            "/scoreboard players add @s cooldown 13",
            "/camerashake add @s 0.1 1.5 positional"
          ],
          "transitions": [ { "s05": "variable.time = (variable.time ?? 0);variable.time = variable.time < 5 ? variable.time + 1:0;return variable.time == 0;" }, { "default": "(query.is_using_item == 0.0)" }, { "s0005": "query.scoreboard('cooldown') >= 100" } ]
        },
        "s0005": {
          "transitions": [ { "s6": "(1.0)" } ],
          "on_entry":[
          "/camerashake add @s 1 2.5 positional",
	  	  	"/effect @s slowness 0 1 true",
          "/function replaceitem",
          "/playsound mob.witch.throw @a[r=15] ~~~ 1 0.6 0"
          ]
        },
        "s4": {
          "on_entry":[
            "/scoreboard players add @s cooldown 35",
            "/playsound mob.witch.throw @a[r=15] ~~~ 1 0.9 0"
          ],
          "transitions": [ { "s04": "variable.time = (variable.time ?? 0);variable.time = variable.time < 10 ? variable.time + 1:0;return variable.time == 0;" }, { "default": "(query.is_using_item == 0.0)" }, { "s004": "query.scoreboard('cooldown') >= 105" } ]
        },
        "s04": {
          "on_entry":[
            "/scoreboard players add @s cooldown 35",
            "/playsound mob.witch.throw @a[r=15] ~~~ 1 1.5 0"
          ],
          "transitions": [ { "s4": "variable.time = (variable.time ?? 0);variable.time = variable.time < 10 ? variable.time + 1:0;return variable.time == 0;" }, { "default": "(query.is_using_item == 0.0)" }, { "s004": "query.scoreboard('cooldown') >= 105" } ]
        },
        "s004": {
          "transitions": [ { "s0004": "variable.time = (variable.time ?? 0);variable.time = variable.time < 5 ? variable.time + 1:0;return variable.time == 0;" } ],
          "on_entry":[
          "/scoreboard players set @s cooldown 0",
          "/camerashake add @s 1 0.25 positional",
	  	  	"/tag @e remove sclone",
	  	  	"/tag @e[rm=0.01,r=20] add sclone",
					"/execute positioned ~-1~~ run event entity @s minecraft:event_shadow_clone",
          "/playsound kage_bunshin @a[r=20]",
	  	  	"/effect @s slowness 0 1 true",
          "/scoreboard players set @s count_skill2 300"
          ]
        },
        "s0004": {
          "transitions": [ { "default": "(1.0)" } ],
          "on_entry":[
					"/execute positioned ~1~~ run event entity @s minecraft:event_shadow_clone"
          ]
        },
        "s3": {
          "on_entry":[
            "/scoreboard players remove @s cooldown 5",
            "/playsound rasengan_loop @a[r=20] ~~~ 0.5 1 0",
            "/effect @s speed 1 0 true",
            "/camerashake add @s 0.5 0.25 positional"
          ],
          "transitions": [ { "s03": "variable.time = (variable.time ?? 0);variable.time = variable.time < 5 ? variable.time + 1:0;return variable.time == 0;" }, { "s003": "query.scoreboard('cooldown') <= 0 || query.get_equipped_item_name != 'rasengan_attack'" } ]
        },
        "s03": {
          "on_entry":[
            "/scoreboard players remove @s cooldown 5",
            "/playsound rasengan_loop @a[r=20] ~~~ 0.5 1 0",
            "/effect @s speed 1 0 true",
            "/camerashake add @s 0.5 0.25 positional"
          ],
          "transitions": [ { "s3": "variable.time = (variable.time ?? 0);variable.time = variable.time < 5 ? variable.time + 1:0;return variable.time == 0;" }, { "s003": "query.scoreboard('cooldown') <= 0 || query.get_equipped_item_name != 'rasengan_attack'" } ]
        },
        "s003": {
          "transitions": [ { "default": "(1.0)" } ],
          "on_entry":[
          "/scoreboard players set @s cooldown 0",
          "/camerashake add @s 0.5 1 positional",
	  	  	"/effect @s slowness 0 1 true",
          "/scoreboard players set @s count_skill1 200",
          "/playsound mob.witch.throw @a[r=15] ~~~ 1 0.8 0"
          ]
        },
        "s2": {
          "on_entry":[
            "/playsound rasengan @a[r=20]"
          ],
          "transitions": [ { "s02": "(1.0)" } ]
        },
        "s02": {
          "on_entry":[
            "/scoreboard players add @s cooldown 18",
            "/camerashake add @s 0.1 1 positional"
          ],
          "transitions": [ { "s002": "variable.time = (variable.time ?? 0);variable.time = variable.time < 5 ? variable.time + 1:0;return variable.time == 0;" }, { "default": "(query.is_using_item == 0.0)" }, { "s0002": "query.scoreboard('cooldown') >= 118" } ]
        },
        "s002": {
          "on_entry":[
            "/scoreboard players add @s cooldown 18",
            "/camerashake add @s 0.1 1 positional"
          ],
          "transitions": [ { "s02": "variable.time = (variable.time ?? 0);variable.time = variable.time < 5 ? variable.time + 1:0;return variable.time == 0;" }, { "default": "(query.is_using_item == 0.0)" }, { "s0002": "query.scoreboard('cooldown') >= 118" } ]
        },
        "s0002": {
          "transitions": [ { "s3": "(1.0)" } ],
          "on_entry":[
          "/camerashake add @s 1 2 positional",
	  	  	"/effect @s slowness 0 1 true",
          "/function replaceitem",
          "/playsound mob.witch.throw @a[r=15] ~~~ 1 0.8 0"
          ]
        },
        "s1": {
          "on_entry":[
            "/scoreboard players add @s cooldown 15",
            "/playsound rasenshuriken @a[r=20]",
            "/camerashake add @s 0.1 1 positional"
          ],
          "transitions": [ { "s01": "variable.time = (variable.time ?? 0);variable.time = variable.time < 5 ? variable.time + 1:0;return variable.time == 0;" }, { "default": "(query.is_using_item == 0.0)" }, { "s001": "query.scoreboard('cooldown') >= 115" } ]
        },
        "s01": {
          "on_entry":[
            "/scoreboard players add @s cooldown 15",
            "/playsound rasenshuriken @a[r=20]",
            "/camerashake add @s 0.1 1 positional"
          ],
          "transitions": [ { "s1": "variable.time = (variable.time ?? 0);variable.time = variable.time < 5 ? variable.time + 1:0;return variable.time == 0;" }, { "default": "(query.is_using_item == 0.0)" }, { "s001": "query.scoreboard('cooldown') >= 115" } ]
        },
        "s001": {
          "transitions": [ { "default": "(1.0)" } ],
          "on_entry":[
          "/scoreboard players set @s cooldown 0",
          "/camerashake add @s 1 2 positional",
					"/event entity @s minecraft:event_rasenshuriken",
	  	  	"/effect @s slowness 0 1 true",
          "/scoreboard players set @s count_skill3 450",
          "/playsound mob.witch.throw @a[r=15] ~~~ 1 0.8 0"
          ]
        }
      }
    }
  }
}
