{
  "format_version":"1.16.100",
  "animation_controllers":{
    "controller.animation.mobatk":{
      "states":{
        "default":{
          "transitions":[
            {"attack":"variable.attack_time"}
          ]
        },
        "attack":{
          "transitions":[
            {"default":"!variable.attack_time"}
          ],
          "on_entry":[
            "/scoreboard players random @s attack 1 9",
            "/playanimation @s[scores={attack=1..3}] animation.mobatk1",
            "/playanimation @s[scores={attack=4..6}] animation.mobatk2",
            "/playanimation @s[scores={attack=7..8}] animation.mobatk3",
            "/playanimation @s[scores={attack=9}] animation.mobatk4",
            "/execute as @s[scores={attack=9}] positioned ^-3^^ run damage @e[r=2.5] 10 entity_attack entity @s",
            "/execute as @s[scores={attack=9}] positioned ^3^^ run damage @e[r=2.5] 10 entity_attack entity @s",
            "/execute as @s[scores={attack=9}] run summon one:impulse ~~~ impulse4"
          ]
        }
      }
    }
  }
}
