{
  "format_version": "1.10.0",
  "animation_controllers": {
    "controller.animation.particle": {
      "states": {
        "default": {
          "transitions": [
            { 
              "particle": "(1.0)"
            }
          ]
        },
        "particle": {
          "transitions": [ { "default": "(1.0)" } ],
          "on_entry": [ "/execute as @s[type=one:gomu_pistol] positioned as @s run particle one:gomu_pistol", "/execute as @s[type=one:gomu_redhawk] positioned as @s run particle one:redhawk" ]
        }
      }
    }
  }
}
