{
  "format_version": "1.10.0",
  "animation_controllers": {
    "controller.animation.start": {
      "states": {
        "default": {
          "transitions": [
            { 
              "walk": "(1.0)"
            }
          ]
        },
        "walk": {
          "transitions": [ { "default": "(1.0)" } ],
          "on_entry": [ "/execute at @e[type=one:lions_strike] run tag @e[r=3,tag=!lions_tp,rm=0.01] add lstk", "/execute at @e[type=one:lions_strike] run camerashake add @e[r=2,tag=!lions_tp] 0.25 3 positional", "/execute at @e[family=beerus] if block ^^^1 air run tp @e[r=3,family=!snowball,family=!attack,tag=!lockaim,tag=!lockaim2,tag=!lockaim3,tag=!lockaim4] ~~~", "/execute at @e[family=kame] if block ^^^1 air run tp @e[r=3,family=!snowball,family=!attack,tag=!lockaim,tag=!lockaim2,tag=!lockaim3,tag=!lockaim4] ~~~", "/execute at @e[family=final] if block ^^^1 air run tp @e[r=5,family=!snowball,family=!attack,tag=!lockaim,tag=!lockaim2,tag=!lockaim3,tag=!lockaim4] ~~~", "/execute as @s[tag=blessed] run tp @e[r=3,rm=0.01,type=!item,type=!xp_orb,family=!snowball,family=!attack] ^^1^1", "/execute at @e[type=one:flame_rengoku] run tp @p[tag=frengoku] ~~~", "/execute at @e[type=one:water_blessed] run tp @p[tag=blessed] ~~~", "/execute at @e[type=one:ashura] run tp @p[tag=ashura] ~~~", "/execute as @e[family=throw] positioned as @s if block ~~-1~ air run playsound mob.witch.throw @a[r=20] ~~~ 0.5 1.2 0", "/tp @s[tag=lockaim] ~~~ facing @e[type=one:lockaim,r=3,c=1]", "/tp @s[tag=lockgomu] ~~~ facing @e[type=one:lockaim,family=lock1,r=3,c=1]", "/tp @s[tag=lions_tp] ~~~ facing @e[type=one:lions_strike,c=1]", "/tp @s[tag=lockaim2] ~~~ facing @e[type=one:lockaim,r=3,c=1]", "/tp @s[tag=lockaim3] ~~~ facing @e[type=one:lockaim,r=3,c=1]", "/tp @s[tag=lockaim4] ~~~ facing @e[type=one:lockaim,r=3,c=1]", "/function start", "/function cooldown", "/function level" ]
        }
      }
    }
  }
}
