{
  "format_version":"1.16.100",
  "animation_controllers":{
    "controller.animation.tp":{
      "states":{
        "default":{
          "transitions":[
            {"tp":"variable.time = (variable.time ?? 0);variable.time = variable.time < 15 ? variable.time + 1:0;return variable.time == 0;"}
          ]
        },
        "tp":{
          "transitions":[
            {"tp2":"(1.0)"}
          ],
          "on_entry":[
            "/event entity @s minecraft:event_effect"
          ]
        },
        "tp2":{
          "transitions":[
            {"tp":"(1.0)"}
          ],
          "on_entry":[
            "/event entity @s minecraft:event_effect"
          ]
        }
      }
    }
  }
}
