{
  "format_version": "1.10.0",
  "animation_controllers": {
    "controller.animation.wait": {
      "states": {
        "default": {
          "transitions": [
            { 
              "goku": "query.scoreboard('wait') == 1"
            },
            { 
              "luffy": "query.scoreboard('wait') == 2"
            },
            { 
              "naruto": "query.scoreboard('wait') == 3"
            },
            { 
              "sasuke": "query.scoreboard('wait') == 4"
            },
            { 
              "vegeta": "query.scoreboard('wait') == 5"
            },
            { 
              "zoro": "query.scoreboard('wait') == 6"
            },
            { 
              "tanjiro": "query.scoreboard('wait') == 7"
            },
            { 
              "rengoku": "query.scoreboard('wait') == 8"
            },
            { 
              "madara": "query.scoreboard('boss_wait') == 1"
            },
            { 
              "bills": "query.scoreboard('boss_wait') == 2"
            },
            { 
              "shanks": "query.scoreboard('boss_wait') == 3"
            }
          ],
          "on_entry": [ "/scoreboard players set @s wait 0", "/scoreboard players set @s boss_wait 0" ]
        },
        "shanks": {
          "transitions": [ { "default": "(!query.is_on_ground || query.is_moving || query.is_using_item)" }, { "shanks_wait": "(1.0)" } ]
        },
        "shanks_wait": {
          "transitions": [ { "shanks_on": "query.scoreboard('wait') >= 100" }, { "shanks": "(1.0)" } ],
          "on_entry": [ "/scoreboard players add @s wait 1" ]
        },
        "shanks_on": {
          "transitions": [ { "default": "(1.0)" } ],
          "on_entry": [ "/scoreboard players set @s[scores={shanks=0}] xp 0", "/scoreboard players set @s[scores={shanks=1}] xp 100", "/scoreboard players set @s[scores={shanks=2}] xp 150", "/scoreboard players set @s[scores={shanks=3}] xp 250", "/function shanks", "/scoreboard players set @s wait 0" ]
        },
        "bills": {
          "transitions": [ { "default": "(!query.is_on_ground || query.is_moving || query.is_using_item)" }, { "bills_wait": "(1.0)" } ]
        },
        "bills_wait": {
          "transitions": [ { "bills_on": "query.scoreboard('wait') >= 100" }, { "bills": "(1.0)" } ],
          "on_entry": [ "/scoreboard players add @s wait 1" ]
        },
        "bills_on": {
          "transitions": [ { "default": "(1.0)" } ],
          "on_entry": [ "/scoreboard players set @s[scores={bills=0}] xp 0", "/scoreboard players set @s[scores={bills=1}] xp 100", "/scoreboard players set @s[scores={bills=2}] xp 150", "/scoreboard players set @s[scores={bills=3}] xp 250", "/function bills", "/scoreboard players set @s wait 0" ]
        },
        "madara": {
          "transitions": [ { "default": "(!query.is_on_ground || query.is_moving || query.is_using_item)" }, { "madara_wait": "(1.0)" } ]
        },
        "madara_wait": {
          "transitions": [ { "madara_on": "query.scoreboard('wait') >= 100" }, { "madara": "(1.0)" } ],
          "on_entry": [ "/scoreboard players add @s wait 1" ]
        },
        "madara_on": {
          "transitions": [ { "default": "(1.0)" } ],
          "on_entry": [ "/scoreboard players set @s[scores={madara=0}] xp 0", "/scoreboard players set @s[scores={madara=1}] xp 100", "/scoreboard players set @s[scores={madara=2}] xp 150", "/scoreboard players set @s[scores={madara=3}] xp 250", "/function madara", "/scoreboard players set @s wait 0" ]
        },
        "rengoku": {
          "transitions": [ { "default": "(!query.is_on_ground || query.is_moving || query.is_using_item)" }, { "rengoku_wait": "(1.0)" } ]
        },
        "rengoku_wait": {
          "transitions": [ { "rengoku_on": "query.scoreboard('wait') >= 100" }, { "rengoku": "(1.0)" } ],
          "on_entry": [ "/scoreboard players add @s wait 1" ]
        },
        "rengoku_on": {
          "transitions": [ { "default": "(1.0)" } ],
          "on_entry": [ "/scoreboard players set @s[scores={rengoku=0}] xp 0", "/scoreboard players set @s[scores={rengoku=1}] xp 100", "/scoreboard players set @s[scores={rengoku=2}] xp 150", "/scoreboard players set @s[scores={rengoku=3}] xp 250", "/function rengoku", "/scoreboard players set @s wait 0" ]
        },
        "tanjiro": {
          "transitions": [ { "default": "(!query.is_on_ground || query.is_moving || query.is_using_item)" }, { "tanjiro_wait": "(1.0)" } ]
        },
        "tanjiro_wait": {
          "transitions": [ { "tanjiro_on": "query.scoreboard('wait') >= 100" }, { "tanjiro": "(1.0)" } ],
          "on_entry": [ "/scoreboard players add @s wait 1" ]
        },
        "tanjiro_on": {
          "transitions": [ { "default": "(1.0)" } ],
          "on_entry": [ "/scoreboard players set @s[scores={tanjiro=0}] xp 0", "/scoreboard players set @s[scores={tanjiro=1}] xp 100", "/scoreboard players set @s[scores={tanjiro=2}] xp 150", "/scoreboard players set @s[scores={tanjiro=3}] xp 250", "/function tanjiro", "/scoreboard players set @s wait 0" ]
        },
        "zoro": {
          "transitions": [ { "default": "(!query.is_on_ground || query.is_moving || query.is_using_item)" }, { "zoro_wait": "(1.0)" } ]
        },
        "zoro_wait": {
          "transitions": [ { "zoro_on": "query.scoreboard('wait') >= 100" }, { "zoro": "(1.0)" } ],
          "on_entry": [ "/scoreboard players add @s wait 1" ]
        },
        "zoro_on": {
          "transitions": [ { "default": "(1.0)" } ],
          "on_entry": [ "/scoreboard players set @s[scores={zoro=0}] xp 0", "/scoreboard players set @s[scores={zoro=1}] xp 100", "/scoreboard players set @s[scores={zoro=2}] xp 150", "/scoreboard players set @s[scores={zoro=3}] xp 250", "/function zoro", "/scoreboard players set @s wait 0" ]
        },
        "vegeta": {
          "transitions": [ { "default": "(!query.is_on_ground || query.is_moving || query.is_using_item)" }, { "vegeta_wait": "(1.0)" } ]
        },
        "vegeta_wait": {
          "transitions": [ { "vegeta_on": "query.scoreboard('wait') >= 100" }, { "vegeta": "(1.0)" } ],
          "on_entry": [ "/scoreboard players add @s wait 1" ]
        },
        "vegeta_on": {
          "transitions": [ { "default": "(1.0)" } ],
          "on_entry": [ "/scoreboard players set @s[scores={vegeta=0}] xp 0", "/scoreboard players set @s[scores={vegeta=1}] xp 100", "/scoreboard players set @s[scores={vegeta=2}] xp 150", "/scoreboard players set @s[scores={vegeta=3}] xp 250", "/function vegeta", "/scoreboard players set @s wait 0" ]
        },
        "sasuke": {
          "transitions": [ { "default": "(!query.is_on_ground || query.is_moving || query.is_using_item)" }, { "sasuke_wait": "(1.0)" } ]
        },
        "sasuke_wait": {
          "transitions": [ { "sasuke_on": "query.scoreboard('wait') >= 100" }, { "sasuke": "(1.0)" } ],
          "on_entry": [ "/scoreboard players add @s wait 1" ]
        },
        "sasuke_on": {
          "transitions": [ { "default": "(1.0)" } ],
          "on_entry": [ "/scoreboard players set @s[scores={sasuke=0}] xp 0", "/scoreboard players set @s[scores={sasuke=1}] xp 100", "/scoreboard players set @s[scores={sasuke=2}] xp 150", "/scoreboard players set @s[scores={sasuke=3}] xp 250", "/function sasuke", "/scoreboard players set @s wait 0" ]
        },
        "goku": {
          "transitions": [ { "default": "(!query.is_on_ground || query.is_moving || query.is_using_item)" }, { "goku_wait": "(1.0)" } ]
        },
        "goku_wait": {
          "transitions": [ { "goku_on": "query.scoreboard('wait') >= 100" }, { "goku": "(1.0)" } ],
          "on_entry": [ "/scoreboard players add @s wait 1" ]
        },
        "goku_on": {
          "transitions": [ { "default": "(1.0)" } ],
          "on_entry": [ "/scoreboard players set @s[scores={goku=0}] xp 0", "/scoreboard players set @s[scores={goku=1}] xp 100", "/scoreboard players set @s[scores={goku=2}] xp 150", "/scoreboard players set @s[scores={goku=3}] xp 250", "/function goku", "/scoreboard players set @s wait 0" ]
        },
        "luffy": {
          "transitions": [ { "default": "(!query.is_on_ground || query.is_moving || query.is_using_item)" }, { "luffy_wait": "(1.0)" } ]
        },
        "luffy_wait": {
          "transitions": [ { "luffy_on": "query.scoreboard('wait') >= 100" }, { "luffy": "(1.0)" } ],
          "on_entry": [ "/scoreboard players add @s wait 1" ]
        },
        "luffy_on": {
          "transitions": [ { "default": "(1.0)" } ],
          "on_entry": [ "/scoreboard players set @s[scores={luffy=0}] xp 0", "/scoreboard players set @s[scores={luffy=1}] xp 100", "/scoreboard players set @s[scores={luffy=2}] xp 150", "/scoreboard players set @s[scores={luffy=3}] xp 250", "/function luffy", "/scoreboard players set @s wait 0" ]
        },
        "naruto": {
          "transitions": [ { "default": "(!query.is_on_ground || query.is_moving || query.is_using_item)" }, { "naruto_wait": "(1.0)" } ]
        },
        "naruto_wait": {
          "transitions": [ { "naruto_on": "query.scoreboard('wait') >= 100" }, { "naruto": "(1.0)" } ],
          "on_entry": [ "/scoreboard players add @s wait 1" ]
        },
        "naruto_on": {
          "transitions": [ { "default": "(1.0)" } ],
          "on_entry": [ "/scoreboard players set @s[scores={naruto=0}] xp 0", "/scoreboard players set @s[scores={naruto=1}] xp 100", "/scoreboard players set @s[scores={naruto=2}] xp 150", "/scoreboard players set @s[scores={naruto=3}] xp 250", "/function naruto", "/scoreboard players set @s wait 0" ]
        }
      }
    }
  }
}
