{
  "format_version":"1.16.100",
  "animation_controllers":{
    "controller.animation.zoro":{
      "states":{
        "default":{
          "transitions":[
            {"attack":"variable.attack_time && query.get_equipped_item_name == '' && v.swords"}
          ]
        },
        "attack":{
          "transitions":[
            {"default":"!variable.attack_time"}
          ],
          "on_entry":[
            "/execute as @s[tag=zoro] positioned ^^^3 run damage @e[r=2.5] 2 entity_attack entity @s"
          ]
        }
      }
    }
  }
}
