{
  "format_version": "1.8.0",
  "render_controllers": {
    "controller.render.explosion": {
	  "arrays": {
	    "textures": {
		  "Array.skins": [
		    "Texture.explode1",
		    "Texture.explode2",
		    "Texture.explode3",
		    "Texture.explode4",
		    "Texture.explode5",
		    "Texture.explode6",
		    "Texture.explode7",
		    "Texture.explode8",
		    "Texture.explode9",
		    "Texture.explode10"
		  ]
		}
	  },
      "geometry": "Geometry.default",
      "materials": [ { "*": "Material.default" } ],
      "textures": [ "Array.skins[query.variant]" ]
    }
  }
}
