{
  "format_version": "1.10",
  "render_controllers": {
    "controller.render.item_default": {
      "geometry": "geometry.default",
      "materials": [ { "*": "variable.is_enchanted ? material.enchanted : material.default" } ],
      "textures": [ "texture.default", "texture.enchanted" ]
    },
    "controller.render.nichirin_rengoku_third": {
      "geometry": "Geometry.nichirin_rengoku",
      "materials": [ { "*": "Material.default" } ],
      "textures": [ "Texture.nichirin_rengoku" ],
      "part_visibility": [
        { "*": true },
        { "NichirinOff": "(query.get_equipped_item_name != '' && !v.rengoku)" },
        { "NichirinR": "(query.get_equipped_item_name == '' || v.rengoku)" }
      ]
    },
    "controller.render.nichirin_rengoku_first": {
      "geometry": "Geometry.nichirin_rengoku",
      "materials": [ { "*": "Material.default" } ],
      "textures": [ "Texture.nichirin_rengoku" ],
      "part_visibility": [
        { "*": true },
        { "NichirinOff": false },
        { "NichirinR": "(query.get_equipped_item_name == '' || v.rengoku)" }
      ]
    },
    "controller.render.nichirin_tanjiro_third": {
      "geometry": "Geometry.nichirin_tanjiro",
      "materials": [ { "*": "Material.default" } ],
      "textures": [ "Texture.nichirin_tanjiro" ],
      "part_visibility": [
        { "*": true },
        { "NichirinOff": "(query.get_equipped_item_name != '' && !v.tanjiro)" },
        { "NichirinR": "(query.get_equipped_item_name == '' || v.tanjiro)" }
      ]
    },
    "controller.render.nichirin_tanjiro_first": {
      "geometry": "Geometry.nichirin_tanjiro",
      "materials": [ { "*": "Material.default" } ],
      "textures": [ "Texture.nichirin_tanjiro" ],
      "part_visibility": [
        { "*": true },
        { "NichirinOff": false },
        { "NichirinR": "(query.get_equipped_item_name == '' || v.tanjiro)" }
      ]
    },
    "controller.render.gryphon_third": {
      "geometry": "Geometry.gryphon",
      "materials": [ { "*": "Material.default" } ],
      "textures": [ "Texture.gryphon" ],
      "part_visibility": [
        { "*": true },
        { "gryphon_off": "(query.get_equipped_item_name != '' && !v.shanks)" },
        { "gryphon": "(query.get_equipped_item_name == '' || v.shanks)" }
      ]
    },
    "controller.render.gryphon_first": {
      "geometry": "Geometry.gryphon",
      "materials": [ { "*": "Material.default" } ],
      "textures": [ "Texture.gryphon" ],
      "part_visibility": [
        { "*": true },
        { "gryphon_off": false },
        { "gryphon": "(query.get_equipped_item_name == '' || v.shanks)" }
      ]
    },
    "controller.render.zoro_swords_ashura": {
      "geometry": "Geometry.zoro_swords_ashura",
      "materials": [ { "*": "Material.default" } ],
      "textures": [ "Texture.zoro_swords" ],
      "part_visibility": [
        { "*": "(query.get_equipped_item_name == 'ashura' && query.is_using_item) || query.get_equipped_item_name == 'ashura_attack'" }
      ]
    },
    "controller.render.zoro_swords_third": {
      "geometry": "Geometry.zoro_swords",
      "materials": [ { "*": "Material.default" } ],
      "textures": [ "Texture.zoro_swords" ],
      "part_visibility": [
        { "*": true },
        { "shusui_off": "(query.get_equipped_item_name != '' && !v.zoro)" },
        { "sandai_off": "query.get_equipped_item_name('off_hand') == 'map' || query.get_equipped_item_name('off_hand') == 'shield'" },
        { "shusui": "(query.get_equipped_item_name == '' || v.zoro)" },
        { "sandai": "query.get_equipped_item_name('off_hand') != 'map' && query.get_equipped_item_name('off_hand') != 'shield'" }
      ]
    },
    "controller.render.zoro_swords_first": {
      "geometry": "Geometry.zoro_swords",
      "materials": [ { "*": "Material.default" } ],
      "textures": [ "Texture.zoro_swords" ],
      "part_visibility": [
        { "*": true },
        { "wado": false },
        { "shusui_off": false },
        { "sandai_off": false },
        { "shusui": "(query.get_equipped_item_name == '' || v.zoro)" },
        { "sandai": "query.get_equipped_item_name('off_hand') != 'map' && query.get_equipped_item_name('off_hand') != 'shield'" }
      ]
    }
  }
}
