{
  "format_version": "1.8.0",
  "render_controllers": {
    "controller.render.name": {
      "geometry": "Geometry.name",
      "materials": [ { "*": "Material.default" } ],
      "textures": [ "Texture.name" ],
      "part_visibility": [{ "*": "!query.is_invisible && query.distance_from_camera <= 20 && query.is_alive" }],
      "is_hurt_color": {
        "r": 0.0,
        "g": 0.0,
        "b": 0.0,
        "a": 0.0
      },
      "on_fire_color": {
        "r": 0.0,
        "g": 0.0,
        "b": 0.0,
        "a": 0.0
      },
      "filter_lighting": true
    }
  }
}
