{
  "format_version": "1.8.0",
  "render_controllers": {
    "controller.render.player.first_person": {
	  "arrays": {
	    "textures": {
		  "Array.skins": [
		    "Texture.default",
		    "Texture.skin1",
		    "Texture.skin2",
		    "Texture.skin3",
		    "Texture.skin4",
		    "Texture.skin5",
		    "Texture.skin6",
		    "Texture.skin7",
		    "Texture.skin8",
		    "Texture.skin9",
		    "Texture.skin10",
		    "Texture.skin11",
		    "Texture.skin12"
  		  ]
  		}
	  },
      "geometry": "Geometry.default",
      "materials": [ { "*": "Material.default" } ],
      "textures": [ "Array.skins[query.skin_id]" ],
      "part_visibility": [
        { "*": false },
        { "rightArm": "v.zoro || v.shanks || query.equipped_item_any_tag('slot.weapon.mainhand','hand') || query.get_equipped_item_name(0, 1) == '' || query.get_equipped_item_name(0, 1) == 'map'" },
        { "rightSleeve": "v.zoro || v.shanks || query.equipped_item_any_tag('slot.weapon.mainhand','hand') || query.get_equipped_item_name(0, 1) == '' || query.get_equipped_item_name(0, 1) == 'map'" },
        { "leftArm": "v.zoro || query.equipped_item_any_tag('slot.weapon.mainhand','hand2') || (query.get_equipped_item_name(0, 1) == '' && query.skin_id == 6) || (query.get_equipped_item_name(0, 1) == 'map' && query.get_equipped_item_name('off_hand') != 'shield') || (query.get_equipped_item_name('off_hand') == 'map' && !query.item_is_charged) || (!query.item_is_charged && (variable.item_use_normalized > 0 && variable.item_use_normalized < 1.0))" },
        { "leftSleeve": "v.zoro || query.equipped_item_any_tag('slot.weapon.mainhand','hand2') || (query.get_equipped_item_name(0, 1) == '' && query.skin_id == 6) || (query.get_equipped_item_name(0, 1) == 'map' && query.get_equipped_item_name('off_hand') != 'shield') || (query.get_equipped_item_name('off_hand') == 'map' && !query.item_is_charged) || (!query.item_is_charged && (variable.item_use_normalized > 0 && variable.item_use_normalized < 1.0))" }
      ]
    },
    "controller.render.player.third_person": {
	  "arrays": {
	    "textures": {
		  "Array.skins": [
		    "Texture.default",
		    "Texture.skin1",
		    "Texture.skin2",
		    "Texture.skin3",
		    "Texture.skin4",
		    "Texture.skin5",
		    "Texture.skin6",
		    "Texture.skin7",
		    "Texture.skin8",
		    "Texture.skin9",
		    "Texture.skin10",
		    "Texture.skin11",
		    "Texture.skin12"
  		  ]
  		}
	  },
      "geometry": "Geometry.default",
      "materials": [ { "*": "Material.default" } ],
      "textures": [ "Array.skins[query.skin_id]" ],
      "part_visibility": [
        { "*": true },
        { "rightArm": "(query.get_equipped_item_name != 'gomu_pistol' && query.get_equipped_item_name != 'gomu_bazooka' && query.get_equipped_item_name != 'gomu_gatling' && query.get_equipped_item_name != 'gomu_redhawk')" },
        { "rightSleeve": "(query.get_equipped_item_name != 'gomu_pistol' && query.get_equipped_item_name != 'gomu_bazooka' && query.get_equipped_item_name != 'gomu_gatling' && query.get_equipped_item_name != 'gomu_redhawk')" },
        { "leftArm": "query.get_equipped_item_name != 'gomu_bazooka' && query.get_equipped_item_name != 'gomu_gatling'" },
        { "leftSleeve": "query.get_equipped_item_name != 'gomu_bazooka' && query.get_equipped_item_name != 'gomu_gatling'" },
        { "helmet": "variable.helmet_layer_visible" },
        { "leftLegging": "variable.leg_layer_visible" },
        { "rightLegging": "variable.leg_layer_visible" },
        { "leftBoot": "variable.boot_layer_visible" },
        { "rightBoot": "variable.boot_layer_visible" },
        { "leftSock": "variable.boot_layer_visible && variable.leg_layer_visible" },
        { "rightSock": "variable.boot_layer_visible && variable.leg_layer_visible" },
        { "bodyArmor": "variable.chest_layer_visible && !query.has_cape" },
        { "leftArmArmor": "variable.chest_layer_visible && !query.has_cape" },
        { "rightArmArmor": "variable.chest_layer_visible && !query.has_cape" },
        { "belt": "variable.chest_layer_visible && variable.leg_layer_visible" }
      ]
    },
    "controller.render.player.map": {
      "geometry": "Geometry.default",
      "materials": [ { "*": "Material.default" } ],
      "textures": [ "Texture.default" ],
      "part_visibility": [
        { "*": false },
        { "head": true },
        { "hat": true },
        { "helmet": true }
      ]
    }
  }
}
