{
  "format_version": "1.8.0",
  "render_controllers": {
    "controller.render.rengoku_blaze": {
      "geometry": "Geometry.rengoku_blaze",
      "materials": [ { "*": "Material.charged" } ],
      "textures": [ "Texture.rengoku_blaze" ],
     "part_visibility": [
        { "*": "query.get_equipped_item_name == 'flame_rengoku'" }
      ]
    },
    "controller.render.beerus_energy": {
      "geometry": "Geometry.kamehameha",
      "materials": [ { "*": "Material.charged" } ],
      "textures": [ "Texture.beerus_orb" ],
     "part_visibility": [
        { "*": "query.get_equipped_item_name == 'beerus_energy'" }
      ]
    },
    "controller.render.beerus_sun": {
      "geometry": "Geometry.beerus_sun",
      "materials": [ { "*": "Material.blend" } ],
      "textures": [ "Texture.beerus_sun" ],
     "part_visibility": [
        { "*": "query.get_equipped_item_name == 'beerus_sun' && query.is_using_item" }
      ]
    },
    "controller.render.beerus_orb": {
      "geometry": "Geometry.beerus_orb",
      "materials": [ { "*": "Material.charged" } ],
      "textures": [ "Texture.beerus_orb" ],
     "part_visibility": [
        { "*": "query.get_equipped_item_name == 'beerus_orb' && query.is_using_item" }
      ]
    },
    "controller.render.gryphon_attack": {
      "arrays": {
        "textures": {
          "array.ani": [
            "texture.gryphon_attack1",
            "texture.gryphon_attack2",
            "texture.gryphon_attack3"
          ]
        }
      },
      "geometry": "Geometry.gryphon_attack",
      "materials": [ { "*": "Material.default" } ],
      "textures": [ "temp.life_time = query.life_time * 10.0; return array.ani[temp.life_time];" ],
     "part_visibility": [
        { "*": "query.get_equipped_item_name == 'floor_slash'" }
      ]
    },
    "controller.render.player.ashura": {
      "geometry": "Geometry.zoro_ashura",
      "materials": [ { "*": "Material.default" } ],
      "textures": [ "Texture.skin6" ],
     "part_visibility": [
        { "*": "(query.get_equipped_item_name == 'ashura' && query.is_using_item) || query.get_equipped_item_name == 'ashura_attack'" }
      ]
    },
    "controller.render.luffy_arms": {
	  "arrays": {
	    "textures": {
		  "Array.skins": [
		    "Texture.default",
		    "Texture.skin1",
		    "Texture.skin2",
		    "Texture.skin3",
		    "Texture.skin4",
		    "Texture.skin5",
		    "Texture.skin6"
  		  ]
  		}
	  },
      "geometry": "Geometry.luffy_arms",
      "materials": [ { "*": "Material.default" } ],
      "textures": [ "Array.skins[query.skin_id]" ],
     "part_visibility": [
        { "*": false },
        { "rightArm_gomu": "(query.get_equipped_item_name == 'gomu_pistol' || query.get_equipped_item_name == 'gomu_bazooka' || query.get_equipped_item_name == 'gomu_gatling' || query.get_equipped_item_name == 'gomu_redhawk')" },
        { "rightSleeve": "(query.get_equipped_item_name == 'gomu_pistol' || query.get_equipped_item_name == 'gomu_bazooka' || query.get_equipped_item_name == 'gomu_gatling' || query.get_equipped_item_name == 'gomu_redhawk')" },
        { "leftArm_gomu": "(query.get_equipped_item_name == 'gomu_pistol' || query.get_equipped_item_name == 'gomu_bazooka' || query.get_equipped_item_name == 'gomu_gatling' || query.get_equipped_item_name == 'gomu_redhawk')" },
        { "leftSleeve": "(query.get_equipped_item_name == 'gomu_pistol' || query.get_equipped_item_name == 'gomu_bazooka' || query.get_equipped_item_name == 'gomu_gatling' || query.get_equipped_item_name == 'gomu_redhawk')" }
      ]
    },
    "controller.render.final_flash": {
      "geometry": "Geometry.kamehameha",
      "materials": [ { "*": "Material.charged" } ],
      "textures": [ "Texture.final_flash" ],
     "part_visibility": [
        { "*": "(query.get_equipped_item_name == 'final_flash' || query.get_equipped_item_name == 'final_flash_throw') && query.is_using_item" }
      ]
    },
    "controller.render.final_flash_first": {
      "geometry": "Geometry.kamehameha_first",
      "materials": [ { "*": "Material.charged" } ],
      "textures": [ "Texture.final_flash" ],
     "part_visibility": [
        { "*": "(query.get_equipped_item_name == 'final_flash' || query.get_equipped_item_name == 'final_flash_throw') && query.is_using_item" }
      ]
    },
    "controller.render.galick_gun": {
      "geometry": "Geometry.kamehameha",
      "materials": [ { "*": "Material.charged" } ],
      "textures": [ "Texture.galick_gun" ],
     "part_visibility": [
        { "*": "(query.get_equipped_item_name == 'galick_gun' || query.get_equipped_item_name == 'galick_gun_throw' || query.get_equipped_item_name == 'big_bang_attack') && query.is_using_item" }
      ]
    },
    "controller.render.galick_gun_first": {
      "geometry": "Geometry.kamehameha_first",
      "materials": [ { "*": "Material.charged" } ],
      "textures": [ "Texture.galick_gun" ],
     "part_visibility": [
        { "*": "(query.get_equipped_item_name == 'galick_gun' || query.get_equipped_item_name == 'galick_gun_throw' || query.get_equipped_item_name == 'big_bang_attack') && query.is_using_item" }
      ]
    },
    "controller.render.genki_dama": {
      "geometry": "Geometry.rasengan",
      "materials": [ { "*": "Material.charged" } ],
      "textures": [ "Texture.genki_dama" ],
     "part_visibility": [
        { "*": "query.get_equipped_item_name == 'genki_dama' && query.is_using_item" }
      ]
    },
    "controller.render.kienzan": {
      "geometry": "Geometry.kienzan",
      "materials": [ { "*": "Material.charged" } ],
      "textures": [ "Texture.kienzan" ],
     "part_visibility": [
        { "*": "query.get_equipped_item_name == 'kienzan' && query.is_using_item" }
      ]
    },
    "controller.render.kamehameha": {
      "geometry": "Geometry.kamehameha",
      "materials": [ { "*": "Material.charged" } ],
      "textures": [ "Texture.kamehameha" ],
     "part_visibility": [
        { "*": "(query.get_equipped_item_name == 'kamehameha' || query.get_equipped_item_name == 'kamehameha_throw') && query.is_using_item" }
      ]
    },
    "controller.render.kamehameha_first": {
      "geometry": "Geometry.kamehameha_first",
      "materials": [ { "*": "Material.charged" } ],
      "textures": [ "Texture.kamehameha" ],
     "part_visibility": [
        { "*": "(query.get_equipped_item_name == 'kamehameha' || query.get_equipped_item_name == 'kamehameha_throw') && query.is_using_item" }
      ]
    },
    "controller.render.kirin_first": {
      "geometry": "Geometry.kirin_first",
      "materials": [ { "*": "Material.default" } ],
      "textures": [ "Texture.kirin" ],
     "part_visibility": [
        { "*": "query.get_equipped_item_name == 'kirin' && query.is_using_item" }
      ]
    },
    "controller.render.kirin": {
      "geometry": "Geometry.kirin",
      "materials": [ { "*": "Material.default" } ],
      "textures": [ "Texture.kirin" ],
     "part_visibility": [
        { "*": "query.get_equipped_item_name == 'kirin' && query.is_using_item" }
      ]
    },
    "controller.render.chidori": {
      "geometry": "Geometry.chidori",
      "materials": [ { "*": "Material.charged" } ],
      "textures": [ "Texture.chidori" ],
     "part_visibility": [
        { "*": "query.get_equipped_item_name == 'chidori' && query.is_using_item" }
      ]
    },
    "controller.render.chidori_attack": {
      "geometry": "Geometry.chidori",
      "materials": [ { "*": "Material.charged" } ],
      "textures": [ "Texture.chidori" ],
     "part_visibility": [
        { "*": "query.get_equipped_item_name == 'chidori_attack'" }
      ]
    },
    "controller.render.katon_fireball": {
      "geometry": "Geometry.katon_fireball",
      "materials": [ { "*": "Material.charged" } ],
      "textures": [ "Texture.katon" ],
     "part_visibility": [
        { "*": "(query.get_equipped_item_name == 'katon_fireball' || query.get_equipped_item_name == 'katon_largefireball') && query.is_using_item" }
      ]
    },
    "controller.render.rasenshuriken": {
      "geometry": "Geometry.rasenshuriken",
      "materials": [ { "*": "Material.charged" } ],
      "textures": [ "Texture.rasenshuriken" ],
     "part_visibility": [
        { "*": "query.get_equipped_item_name == 'rasenshuriken' && query.is_using_item" }
      ]
    },
    "controller.render.rasengan": {
      "geometry": "Geometry.rasengan",
      "materials": [ { "*": "Material.charged" } ],
      "textures": [ "Texture.rasenshuriken" ],
     "part_visibility": [
        { "*": "(query.get_equipped_item_name == 'rasengan' || query.get_equipped_item_name == 'odama_rasengan') && query.is_using_item" }
      ]
    },
    "controller.render.rasengan_attack": {
      "geometry": "Geometry.rasengan",
      "materials": [ { "*": "Material.charged" } ],
      "textures": [ "Texture.rasenshuriken" ],
     "part_visibility": [
        { "*": "query.get_equipped_item_name == 'rasengan_attack' || query.get_equipped_item_name == 'odama_rasengan_attack'" }
      ]
    }
  }
}