{
	"format_version": "1.12.0",
	"minecraft:geometry": [
		{
			"description": {
				"identifier": "geometry.pika_sword",
				"texture_width": 32,
				"texture_height": 32,
				"visible_bounds_width": 4,
				"visible_bounds_height": 2.5,
				"visible_bounds_offset": [0, 0.75, 0]
			},
			"bones": [
				{
					"name": "root2",
					"pivot": [0, 0, 0]
				},
				{
					"name": "root",
					"parent": "root2",
					"pivot": [0, 0, 0]
				},
				{
					"name": "tudo",
					"parent": "root",
					"pivot": [0, 12, 0]
				},
				{
					"name": "waist",
					"parent": "tudo",
					"pivot": [0, 12, 0]
				},
				{
					"name": "body",
					"parent": "waist",
					"pivot": [0, 24, 0]
				},
				{
					"name": "rightArm",
					"parent": "body",
					"pivot": [-5, 22, 0]
				},
				{
					"name": "rightForeArm",
					"parent": "rightArm",
					"pivot": [-6, 18, 0]
				},
				{
					"name": "pikaSword",
					"parent": "rightForeArm",
					"pivot": [-6, 18, 0],
					"cubes": [
						{
							"origin": [-11.5, 7, -3],
							"size": [11, 11, 0],
							"uv": {
								"north": {"uv": [0, 21], "uv_size": [11, 11]},
								"east": {"uv": [0, 30], "uv_size": [2, 2]},
								"south": {"uv": [0, 30], "uv_size": [2, 2]},
								"west": {"uv": [0, 30], "uv_size": [2, 2]},
								"up": {"uv": [0, 30], "uv_size": [2, 2]},
								"down": {"uv": [0, 32], "uv_size": [2, -2]}
							}
						},
						{
							"origin": [-9, 12, -0.125],
							"size": [6, 1, 0.25],
							"pivot": [-6, 12, 0],
							"rotation": [0, 90, 0],
							"uv": {
								"north": {"uv": [0, 6], "uv_size": [10, 1]},
								"east": {"uv": [9, 6], "uv_size": [1, 1]},
								"south": {"uv": [0, 6], "uv_size": [10, 1]},
								"west": {"uv": [0, 6], "uv_size": [1, 1]},
								"up": {"uv": [0, 6], "uv_size": [10, 1]},
								"down": {"uv": [0, 7], "uv_size": [10, -1]}
							}
						},
						{
							"origin": [-3, 12, -0.125],
							"size": [32, 1, 0.25],
							"pivot": [-6, 12, 0],
							"rotation": [0, 90, 0],
							"uv": {
								"north": {"uv": [0, 0], "uv_size": [32, 1]},
								"east": {"uv": [31, 0], "uv_size": [1, 1]},
								"south": {"uv": [0, 0], "uv_size": [32, 1]},
								"west": {"uv": [0, 0], "uv_size": [1, 1]},
								"up": {"uv": [0, 0], "uv_size": [32, 1]},
								"down": {"uv": [0, 1], "uv_size": [32, -1]}
							}
						},
						{
							"origin": [29, 12.25, -0.125],
							"size": [1, 0.5, 0.25],
							"pivot": [-6, 12, 0],
							"rotation": [0, 90, 0],
							"uv": {
								"north": {"uv": [31, 0], "uv_size": [1, 1]},
								"east": {"uv": [31, 0], "uv_size": [1, 1]},
								"south": {"uv": [31, 0], "uv_size": [1, 1]},
								"west": {"uv": [31, 0], "uv_size": [1, 1]},
								"up": {"uv": [31, 0], "uv_size": [1, 1]},
								"down": {"uv": [31, 1], "uv_size": [1, -1]}
							}
						}
					]
				},
				{
					"name": "pikaSword2",
					"parent": "pikaSword",
					"pivot": [-6, 18, 0],
					"cubes": [
						{
							"origin": [-3, 12, -0.125],
							"size": [32, 1, 0.25],
							"inflate": 0.15,
							"pivot": [-6, 12, 0],
							"rotation": [0, 90, 0],
							"uv": {
								"north": {"uv": [27, 27], "uv_size": [4, 4]},
								"east": {"uv": [27, 27], "uv_size": [4, 4]},
								"south": {"uv": [27, 27], "uv_size": [4, 4]},
								"west": {"uv": [27, 27], "uv_size": [4, 4]},
								"up": {"uv": [27, 27], "uv_size": [4, 4]},
								"down": {"uv": [27, 31], "uv_size": [4, -4]}
							}
						},
						{
							"origin": [29, 12.25, -0.125],
							"size": [1, 0.5, 0.25],
							"inflate": 0.15,
							"pivot": [-6, 12, 0],
							"rotation": [0, 90, 0],
							"uv": {
								"north": {"uv": [27, 27], "uv_size": [4, 4]},
								"east": {"uv": [27, 27], "uv_size": [4, 4]},
								"south": {"uv": [27, 27], "uv_size": [4, 4]},
								"west": {"uv": [27, 27], "uv_size": [4, 4]},
								"up": {"uv": [27, 27], "uv_size": [4, 4]},
								"down": {"uv": [27, 31], "uv_size": [4, -4]}
							}
						},
						{
							"origin": [-9, 12, -0.125],
							"size": [6, 1, 0.25],
							"inflate": 0.15,
							"pivot": [-6, 12, 0],
							"rotation": [0, 90, 0],
							"uv": {
								"north": {"uv": [27, 27], "uv_size": [4, 4]},
								"east": {"uv": [27, 27], "uv_size": [4, 4]},
								"south": {"uv": [27, 27], "uv_size": [4, 4]},
								"west": {"uv": [27, 27], "uv_size": [4, 4]},
								"up": {"uv": [27, 27], "uv_size": [4, 4]},
								"down": {"uv": [27, 31], "uv_size": [4, -4]}
							}
						},
						{
							"origin": [-3.125, 9, -1.375],
							"size": [0.25, 2, 2.75],
							"inflate": 0.15,
							"pivot": [-6, 12, 0],
							"rotation": [0, 90, 0],
							"uv": {
								"north": {"uv": [27, 27], "uv_size": [4, 4]},
								"east": {"uv": [27, 27], "uv_size": [4, 4]},
								"south": {"uv": [27, 27], "uv_size": [4, 4]},
								"west": {"uv": [27, 27], "uv_size": [4, 4]},
								"up": {"uv": [27, 27], "uv_size": [4, 4]},
								"down": {"uv": [27, 31], "uv_size": [4, -4]}
							}
						},
						{
							"origin": [-3.125, 14, -1.375],
							"size": [0.25, 2, 2.75],
							"inflate": 0.15,
							"pivot": [-6, 12, 0],
							"rotation": [0, 90, 0],
							"uv": {
								"north": {"uv": [27, 27], "uv_size": [4, 4]},
								"east": {"uv": [27, 27], "uv_size": [4, 4]},
								"south": {"uv": [27, 27], "uv_size": [4, 4]},
								"west": {"uv": [27, 27], "uv_size": [4, 4]},
								"up": {"uv": [27, 27], "uv_size": [4, 4]},
								"down": {"uv": [27, 31], "uv_size": [4, -4]}
							}
						},
						{
							"origin": [-3.125, 16, -0.375],
							"size": [0.25, 2, 0.75],
							"inflate": 0.15,
							"pivot": [-6, 12, 0],
							"rotation": [0, 90, 0],
							"uv": {
								"north": {"uv": [27, 27], "uv_size": [4, 4]},
								"east": {"uv": [27, 27], "uv_size": [4, 4]},
								"south": {"uv": [27, 27], "uv_size": [4, 4]},
								"west": {"uv": [27, 27], "uv_size": [4, 4]},
								"up": {"uv": [27, 27], "uv_size": [4, 4]},
								"down": {"uv": [27, 31], "uv_size": [4, -4]}
							}
						},
						{
							"origin": [-3.125, 7, -0.375],
							"size": [0.25, 2, 0.75],
							"inflate": 0.15,
							"pivot": [-6, 12, 0],
							"rotation": [0, 90, 0],
							"uv": {
								"north": {"uv": [27, 27], "uv_size": [4, 4]},
								"east": {"uv": [27, 27], "uv_size": [4, 4]},
								"south": {"uv": [27, 27], "uv_size": [4, 4]},
								"west": {"uv": [27, 27], "uv_size": [4, 4]},
								"up": {"uv": [27, 27], "uv_size": [4, 4]},
								"down": {"uv": [27, 31], "uv_size": [4, -4]}
							}
						},
						{
							"origin": [-3.125, 11, -3.375],
							"size": [0.25, 3, 6.75],
							"inflate": 0.15,
							"pivot": [-6, 12, 0],
							"rotation": [0, 90, 0],
							"uv": {
								"north": {"uv": [27, 27], "uv_size": [4, 4]},
								"east": {"uv": [27, 27], "uv_size": [4, 4]},
								"south": {"uv": [27, 27], "uv_size": [4, 4]},
								"west": {"uv": [27, 27], "uv_size": [4, 4]},
								"up": {"uv": [27, 27], "uv_size": [4, 4]},
								"down": {"uv": [27, 31], "uv_size": [4, -4]}
							}
						},
						{
							"origin": [-3.125, 12, 3.375],
							"size": [0.25, 1, 2],
							"inflate": 0.15,
							"pivot": [-6, 12, 0],
							"rotation": [0, 90, 0],
							"uv": {
								"north": {"uv": [27, 27], "uv_size": [4, 4]},
								"east": {"uv": [27, 27], "uv_size": [4, 4]},
								"south": {"uv": [27, 27], "uv_size": [4, 4]},
								"west": {"uv": [27, 27], "uv_size": [4, 4]},
								"up": {"uv": [27, 27], "uv_size": [4, 4]},
								"down": {"uv": [27, 31], "uv_size": [4, -4]}
							}
						},
						{
							"origin": [-3.125, 12, -5.375],
							"size": [0.25, 1, 2],
							"inflate": 0.15,
							"pivot": [-6, 12, 0],
							"rotation": [0, 90, 0],
							"uv": {
								"north": {"uv": [27, 27], "uv_size": [4, 4]},
								"east": {"uv": [27, 27], "uv_size": [4, 4]},
								"south": {"uv": [27, 27], "uv_size": [4, 4]},
								"west": {"uv": [27, 27], "uv_size": [4, 4]},
								"up": {"uv": [27, 27], "uv_size": [4, 4]},
								"down": {"uv": [27, 31], "uv_size": [4, -4]}
							}
						}
					]
				}
			]
		}
	]
}