{
	"format_version": "1.12.0",
	"minecraft:geometry": [
		{
			"description": {
				"identifier": "geometry.sticks_kama",
				"texture_width": 64,
				"texture_height": 64,
				"visible_bounds_width": 2,
				"visible_bounds_height": 3.5,
				"visible_bounds_offset": [0, 1.25, 0]
			},
			"bones": [
				{
					"name": "root2",
					"pivot": [0, 0, 0]
				},
				{
					"name": "root",
					"parent": "root2",
					"pivot": [0, 0, 0]
				},
				{
					"name": "tudo",
					"parent": "root",
					"pivot": [0, 12, 0]
				},
				{
					"name": "waist",
					"parent": "tudo",
					"pivot": [0, 12, 0]
				},
				{
					"name": "body",
					"parent": "waist",
					"pivot": [0, 24, 0]
				},
				{
					"name": "rightArm",
					"parent": "body",
					"pivot": [-5, 22, 0]
				},
				{
					"name": "weapon",
					"parent": "rightArm",
					"pivot": [-6, 13, 0],
					"cubes": [
						{"origin": [-6, 12.5, -2.5], "size": [1, 1, 5], "uv": [0, 56]}
					]
				},
				{
					"name": "kama",
					"parent": "weapon",
					"pivot": [-5.5, 13, 3],
					"cubes": [
						{"origin": [-6, 13.5, 0.5], "size": [1, 1, 12], "pivot": [0, 13, 4], "rotation": [90, 0, 0], "uv": [0, 51]},
						{"origin": [-7.5, 5.5, 1], "size": [4, 4, 4], "pivot": [-5.5, 7.5, 3], "rotation": [90, 0, 0], "uv": [15, 54]}
					]
				},
				{
					"name": "leftArm",
					"parent": "body",
					"pivot": [5, 22, 0]
				},
				{
					"name": "weapon2",
					"parent": "leftArm",
					"pivot": [6, 13, 0],
					"cubes": [
						{"origin": [5, 12.5, -2.5], "size": [1, 1, 5], "uv": [0, 56], "mirror": true}
					]
				},
				{
					"name": "kama2",
					"parent": "weapon2",
					"pivot": [5.5, 13, 3],
					"cubes": [
						{"origin": [5, 13.5, 0.5], "size": [1, 1, 12], "pivot": [0, 13, 4], "rotation": [90, 0, 0], "uv": [0, 51], "mirror": true},
						{"origin": [3.5, 5.5, 1], "size": [4, 4, 4], "pivot": [5.5, 7.5, 3], "rotation": [90, 0, 0], "uv": [15, 54], "mirror": true}
					]
				}
			]
		}
	]
}