{
  "format_version": "1.10.0",
  "animation_controllers": {
    "controller.animation.change": {
      "states": {
        "default": {
          "transitions": [
            { "2skills": "query.property('wesl3y:skill') == 0 && query.equipped_item_any_tag('slot.weapon.mainhand','2skills') && query.is_sneaking && !query.is_using_item && !query.is_riding" },
            { "2skills": "query.property('wesl3y:skill') == 0 && query.equipped_item_any_tag('slot.weapon.mainhand','2skills') && !query.is_using_item && query.is_jumping && query.is_riding" },
            { "3skills": "query.property('wesl3y:skill') == 0 && query.equipped_item_any_tag('slot.weapon.mainhand','3skills') && query.is_sneaking && !query.is_using_item && !query.is_riding" },
            { "3skills": "query.property('wesl3y:skill') == 0 && query.equipped_item_any_tag('slot.weapon.mainhand','3skills') && !query.is_using_item && query.is_jumping && query.is_riding" },
            { "4skills": "query.property('wesl3y:skill') == 0 && query.equipped_item_any_tag('slot.weapon.mainhand','4skills') && query.is_sneaking && !query.is_using_item && !query.is_riding" },
            { "4skills": "query.property('wesl3y:skill') == 0 && query.equipped_item_any_tag('slot.weapon.mainhand','4skills') && !query.is_using_item && query.is_jumping && query.is_riding" },
            { "5skills": "query.property('wesl3y:skill') == 0 && query.equipped_item_any_tag('slot.weapon.mainhand','5skills') && query.is_sneaking && !query.is_using_item && !query.is_riding" },
            { "5skills": "query.property('wesl3y:skill') == 0 && query.equipped_item_any_tag('slot.weapon.mainhand','5skills') && !query.is_using_item && query.is_jumping && query.is_riding" },
            { "7skills": "query.property('wesl3y:skill') == 0 && query.equipped_item_any_tag('slot.weapon.mainhand','7skills') && query.is_sneaking && !query.is_using_item && !query.is_riding" },
            { "7skills": "query.property('wesl3y:skill') == 0 && query.equipped_item_any_tag('slot.weapon.mainhand','7skills') && !query.is_using_item && query.is_jumping && query.is_riding" }
          ]
        },
        "2skills": {
          "animations": [ "timer.0_5" ],
          "transitions": [
            { "default": "query.all_animations_finished || !query.is_alive" }
          ],
          "on_entry": [
            "/scoreboard players add @s skills 1",
            "/scoreboard players set @s[scores={skills=2..}] skills 0"
          ]
        },
        "3skills": {
          "animations": [ "timer.0_5" ],
          "transitions": [
            { "default": "query.all_animations_finished || !query.is_alive" }
          ],
          "on_entry": [
            "/scoreboard players add @s skills 1",
            "/scoreboard players set @s[scores={skills=3..}] skills 0"
          ]
        },
        "4skills": {
          "animations": [ "timer.0_5" ],
          "transitions": [
            { "default": "query.all_animations_finished || !query.is_alive" }
          ],
          "on_entry": [
            "/scoreboard players add @s skills 1",
            "/scoreboard players set @s[scores={skills=4..}] skills 0"
          ]
        },
        "5skills": {
          "animations": [ "timer.0_5" ],
          "transitions": [
            { "default": "query.all_animations_finished || !query.is_alive" }
          ],
          "on_entry": [
            "/scoreboard players add @s skills 1",
            "/scoreboard players set @s[scores={skills=5..}] skills 0"
          ]
        },
        "7skills": {
          "animations": [ "timer.0_5" ],
          "transitions": [
            { "default": "query.all_animations_finished || !query.is_alive" }
          ],
          "on_entry": [
            "/scoreboard players add @s skills 1",
            "/scoreboard players set @s[scores={skills=7..}] skills 0"
          ]
        }
      }
    }
  }
}