{
  "format_version": "1.10.0",
  "animation_controllers": {
    "controller.animation.offhand": {
      "initial_state" : "default",
      "states": {
        "default": {
          "transitions": [
            { "float": "query.is_riding && (query.get_ride -> query.owner_identifier) == 'wesl3y:float_ride'" }
          ]
        },
        "float": {
          "transitions": [
            { "float": "query.is_riding && (query.get_ride -> query.owner_identifier) != 'wesl3y:float_ride' || !q.is_riding" }
          ],
          "on_entry": [
            "/tag @s add quirk_float"
          ],
          "on_exit": [
            "/tag @s remove quirk_float"
          ]
        }
      }
    }
  }
}