{
  "namespace": "person",
  "todoroki": {
    "type": "panel",
    "controls": [
      {
        "image": {
          "type": "image",
          "texture": "textures/wg/todoroki",
          "size": [65, 65],
          "offset": [5, -1.25],
          "anchor_from": "top_left",
          "anchor_to": "top_left",
          "layer": 999,
          "bindings": [
            {
              "binding_name": "#title_text",
              "binding_type": "global"
            },
            {
              "binding_type": "view",
              "source_property_name": "(#title_text = 'Todoroki')",
              "target_property_name": "#visible"
            }
          ]
        }
      },
      {
        "image": {
          "type": "image",
          "texture": "textures/wg/icons",
          "uv": [288, 32],
          "uv_size": [32, 32],
          "size": [27.5, 27.5],
          "offset": [-35, -27.5],
          "anchor_from": "center",
          "anchor_to": "center",
          "layer": 999,
          "bindings": [
            {
              "binding_name": "#title_text",
              "binding_type": "global"
            },
            {
              "binding_type": "view",
              "source_property_name": "(#title_text = 'Todoroki')",
              "target_property_name": "#visible"
            }
          ]
        }
      },
      {
        "image": {
          "type": "image",
          "texture": "textures/wg/icons",
          "uv": [256, 32],
          "uv_size": [32, 32],
          "size": [27.5, 27.5],
          "offset": [-35, 2.5],
          "anchor_from": "center",
          "anchor_to": "center",
          "layer": 999,
          "bindings": [
            {
              "binding_name": "#title_text",
              "binding_type": "global"
            },
            {
              "binding_type": "view",
              "source_property_name": "(#title_text = 'Todoroki')",
              "target_property_name": "#visible"
            }
          ]
        }
      }
    ]
  },
  "luffy": {
    "type": "panel",
    "controls": [
      {
        "image": {
          "type": "image",
          "texture": "textures/wg/luffy",
          "size": [65, 65],
          "offset": [5, -1.25],
          "anchor_from": "top_left",
          "anchor_to": "top_left",
          "layer": 999
        }
      },
      {
        "image": {
          "type": "image",
          "texture": "textures/wg/icons",
          "uv": [0, 32],
          "uv_size": [32, 32],
          "size": [27.5, 27.5],
          "offset": [-35, -27.5],
          "anchor_from": "center",
          "anchor_to": "center",
          "layer": 999
        }
      },
      {
        "image": {
          "type": "image",
          "texture": "textures/wg/icons",
          "uv": [32, 32],
          "uv_size": [32, 32],
          "size": [27.5, 27.5],
          "offset": [-35, 2.5],
          "anchor_from": "center",
          "anchor_to": "center",
          "layer": 999
        }
      }
    ],
    "bindings": [
      {
        "binding_name": "#title_text",
        "binding_type": "global"
      },
      {
        "binding_type": "view",
        "source_property_name": "(#title_text = 'Luffy')",
        "target_property_name": "#visible"
      }
    ]
  },
  "luffy2": {
    "type": "panel",
    "controls": [
      {
        "image": {
          "type": "image",
          "texture": "textures/wg/luffy2",
          "size": [65, 65],
          "offset": [5, -1.25],
          "anchor_from": "top_left",
          "anchor_to": "top_left",
          "layer": 999
        }
      },
      {
        "image": {
          "type": "image",
          "texture": "textures/wg/icons",
          "uv": [64, 32],
          "uv_size": [32, 32],
          "size": [27.5, 27.5],
          "offset": [-35, -27.5],
          "anchor_from": "center",
          "anchor_to": "center",
          "layer": 999
        }
      },
      {
        "image": {
          "type": "image",
          "texture": "textures/wg/icons",
          "uv": [96, 32],
          "uv_size": [32, 32],
          "size": [27.5, 27.5],
          "offset": [-35, 2.5],
          "anchor_from": "center",
          "anchor_to": "center",
          "layer": 999
        }
      },
      {
        "image": {
          "type": "image",
          "texture": "textures/wg/icons",
          "uv": [128, 32],
          "uv_size": [32, 32],
          "size": [27.5, 27.5],
          "offset": [-35, 32.5],
          "anchor_from": "center",
          "anchor_to": "center",
          "layer": 999
        }
      }
    ],
    "bindings": [
      {
        "binding_name": "#title_text",
        "binding_type": "global"
      },
      {
        "binding_type": "view",
        "source_property_name": "(#title_text = 'Luffy Gear 2')",
        "target_property_name": "#visible"
      }
    ]
  },
  "luffy5": {
    "type": "panel",
    "controls": [
      {
        "image": {
          "type": "image",
          "texture": "textures/wg/luffy3",
          "size": [65, 65],
          "offset": [5, -1.25],
          "anchor_from": "top_left",
          "anchor_to": "top_left",
          "layer": 999
        }
      },
      {
        "image": {
          "type": "image",
          "texture": "textures/wg/icons",
          "uv": [160, 32],
          "uv_size": [32, 32],
          "size": [27.5, 27.5],
          "offset": [-35, -27.5],
          "anchor_from": "center",
          "anchor_to": "center",
          "layer": 999
        }
      },
      {
        "image": {
          "type": "image",
          "texture": "textures/wg/icons",
          "uv": [192, 32],
          "uv_size": [32, 32],
          "size": [27.5, 27.5],
          "offset": [-35, 2.5],
          "anchor_from": "center",
          "anchor_to": "center",
          "layer": 999
        }
      },
      {
        "image": {
          "type": "image",
          "texture": "textures/wg/icons",
          "uv": [224, 32],
          "uv_size": [32, 32],
          "size": [27.5, 27.5],
          "offset": [-35, 32.5],
          "anchor_from": "center",
          "anchor_to": "center",
          "layer": 999
        }
      }
    ],
    "bindings": [
      {
        "binding_name": "#title_text",
        "binding_type": "global"
      },
      {
        "binding_type": "view",
        "source_property_name": "(#title_text = 'Luffy Gear 5')",
        "target_property_name": "#visible"
      }
    ]
  }
}