{
  "third_party_server_screen@common.base_screen": {
    "force_render_below": true,
    "$screen_content": "server_form.mugiwara_contents",
    "$screen_animations": [],
    "$background_animations": [],
    "button_mappings": [
      {
        "from_button_id": "button.menu_cancel",
        "to_button_id": "button.menu_exit",
        "mapping_type": "global"
      }
    ]
  },
  "mugiwara_contents": {
    "type": "panel",
    "controls": [
      {
        "server_form_factory": {
          "type": "factory",
          "control_ids": {
            "long_form": "@server_form.mugiwara_form"
          }
        }
      }
    ]
  },
  "mugiwara_form": {
    "type": "panel",
    "controls": [
      {
        "menu@server_form.mugiwara_long_form": {
          "size": [300, 150],
          "$background_texture": "textures/wg/light_black",
          "$default_button_texture": "textures/wg/light_black",
          "$view_content": "menu@server_form.mugiwara_menu",
          "bindings": [
            {
              "binding_name": "#title_text",
              "binding_type": "global"
            },
            {
              "binding_type": "view",
              "source_property_name": "(#title_text = 'Choose Character')",
              "target_property_name": "#visible"
            }
          ]
        }
      },
      {
        "personagem@server_form.mugiwara_long_form": {
          "size": [290, 160],
          "$background_texture": "textures/wg/light_black",
          "$default_button_texture": "textures/wg/light_black",
          "$view_content": "menu@server_form.mugiwara_personagem",
          "bindings": [
            {
              "binding_name": "#title_text",
              "binding_type": "global"
            },
            {
              "binding_type": "view",
              "source_property_name": "(#title_text = 'Magna') or (#title_text = 'Yamamoto') or (#title_text = 'Yamamoto Bankai') or (#title_text = 'Todoroki') or (#title_text = 'Kuririn') or (#title_text = 'Geto') or (#title_text = 'Escanor') or (#title_text = 'Escanor The One') or (#title_text = 'Kakashi') or (#title_text = 'Kakashi Sharingan') or (#title_text = 'Luffy') or (#title_text = 'Luffy Gear 2') or (#title_text = 'Luffy Gear 5')",
              "target_property_name": "#visible"
            }
          ]
        }
      }
    ]
  },
  "mugiwara_long_form@common_dialogs.main_panel_no_buttons": {
    "size": [256, 128],
    "$custom_background": "server_form.mugiwara_background",
    "$default_button_texture": "textures/wg/black",
    "$child_control": "server_form.mugiwara_view_content",
    "layer": 2
  },
  "mugiwara_view_content": {
    "type": "panel",
    "layer": 1,
    "controls": [
      {
        "$view_content": {}
      }
    ]
  },
  "mugiwara_background": {
    "type": "image",
    "texture": "$background_texture",
    "layer": 1,
    "$background_texture|default": "textures/wg/black"
  },
  "mugiwara_form_button@common_buttons.light_text_button": {
    "$pressed_button_name": "button.form_button_click",
    "anchor_from": "top_left",
    "anchor_to": "top_left",
    "size": "$button_size",
    "$button_size|default": ["fill", 32],
    "$button_text_binding_type": "collection",
    "$button_text_grid_collection_name": "form_buttons",
    "$button_type_panel": "server_form.mugiwara_button_label",
    "layer": 6,
    "bindings": [
      {
        "binding_type": "collection_details",
        "binding_collection_name": "form_buttons"
      }
    ]
  },
  "mugiwara_button_label": {
    "type": "label",
    "anchor_from": "$button_label_from",
    "anchor_to": "$button_label_to",
    "text": "#form_button_text",
    "text_alignment": "left",
    "font_scale_factor": "$font_scale_factor",
    "color": "$color",
    "max_size": "$button_text_max_size",
    "$font_scale_factor|default": 1,
    "$color|default": "white",
    "$button_text_max_size|default": ["100%", 20],
    "$button_label_from|default": "left",
    "$button_label_to|default": "left",
    "bindings": [
      {
        "binding_name": "#form_button_text",
        "binding_type": "collection",
        "binding_collection_name": "form_buttons"
      }
    ]
  },
  "mugiwara_menu": {
    "type": "panel",
    "controls": [
      {
        "title": {
          "type": "label",
          "size": ["default", 10],
          "offset": [0, -17.5],
          "anchor_from": "top_middle",
          "anchor_to": "top_middle",
          "text": "#title_text",
          "shadow": true,
          "font_type": "MinecraftTen",
          "text_alignment": "left",
          "layer": 999
        }
      },
      {
        "image": {
          "type": "image",
          "texture": "textures/wg/gray",
          "size": ["100%", "105%"],
          "offset": [
            0,
            0
          ],
          "anchor_from": "bottom_left",
          "anchor_to": "bottom_left",
          "layer": 4
        }
      },
      {
        "image": {
          "type": "image",
          "texture": "textures/wg/magna",
          "size": [20, 20],
          "offset": [10, 5],
          "anchor_from": "top_left",
          "anchor_to": "top_left",
          "layer": 999
        }
      },
      {
        "image": {
          "type": "image",
          "texture": "textures/wg/todoroki",
          "size": [20, 20],
          "offset": [40, 5],
          "anchor_from": "top_left",
          "anchor_to": "top_left",
          "layer": 999
        }
      },
      {
        "image": {
          "type": "image",
          "texture": "textures/wg/kuririn",
          "size": [20, 20],
          "offset": [70, 5],
          "anchor_from": "top_left",
          "anchor_to": "top_left",
          "layer": 999
        }
      },
      {
        "image": {
          "type": "image",
          "texture": "textures/wg/geto",
          "size": [20, 20],
          "offset": [100, 5],
          "anchor_from": "top_left",
          "anchor_to": "top_left",
          "layer": 999
        }
      },
      {
        "image": {
          "type": "image",
          "texture": "textures/wg/yamamoto",
          "size": [20, 20],
          "offset": [130, 5],
          "anchor_from": "top_left",
          "anchor_to": "top_left",
          "layer": 999
        }
      },
      {
        "image": {
          "type": "image",
          "texture": "textures/wg/yamamoto2",
          "size": [20, 20],
          "offset": [160, 5],
          "anchor_from": "top_left",
          "anchor_to": "top_left",
          "layer": 999
        }
      },
      {
        "image": {
          "type": "image",
          "texture": "textures/wg/kakashi",
          "size": [20, 20],
          "offset": [190, 5],
          "anchor_from": "top_left",
          "anchor_to": "top_left",
          "layer": 999
        }
      },
      {
        "image": {
          "type": "image",
          "texture": "textures/wg/kakashi2",
          "size": [20, 20],
          "offset": [220, 5],
          "anchor_from": "top_left",
          "anchor_to": "top_left",
          "layer": 999
        }
      },
      {
        "image": {
          "type": "image",
          "texture": "textures/wg/escanor",
          "size": [20, 20],
          "offset": [250, 5],
          "anchor_from": "top_left",
          "anchor_to": "top_left",
          "layer": 999
        }
      },
      {
        "image": {
          "type": "image",
          "texture": "textures/wg/escanor2",
          "size": [20, 20],
          "offset": [10, 35],
          "anchor_from": "top_left",
          "anchor_to": "top_left",
          "layer": 999
        }
      },
      {
        "image": {
          "type": "image",
          "texture": "textures/wg/luffy",
          "size": [20, 20],
          "offset": [40, 35],
          "anchor_from": "top_left",
          "anchor_to": "top_left",
          "layer": 999
        }
      },
      {
        "image": {
          "type": "image",
          "texture": "textures/wg/luffy2",
          "size": [20, 20],
          "offset": [70, 35],
          "anchor_from": "top_left",
          "anchor_to": "top_left",
          "layer": 999
        }
      },
      {
        "image": {
          "type": "image",
          "texture": "textures/wg/luffy3",
          "size": [20, 20],
          "offset": [100, 35],
          "anchor_from": "top_left",
          "anchor_to": "top_left",
          "layer": 999
        }
      },
      {
        "buttons": {
          "type": "panel",
          "$border_visible": false,
          "controls": [
            {
              "button_0": {
                "type": "stack_panel",
                "size": [30, 30],
                "offset": [5, 0],
                "anchor_from": "top_left",
                "anchor_to": "top_left",
                "collection_name": "form_buttons",
                "controls": [
                  {
                    "button@server_form.mugiwara_form_button": {
                      "size": ["100%", "100%"],
                      "collection_index": 0
                    }
                  }
                ]
              }
            },
            {
              "button_1": {
                "type": "stack_panel",
                "size": [30, 30],
                "offset": [35, 0],
                "anchor_from": "top_left",
                "anchor_to": "top_left",
                "collection_name": "form_buttons",
                "controls": [
                  {
                    "button@server_form.mugiwara_form_button": {
                      "size": ["100%", "100%"],
                      "collection_index": 1
                    }
                  }
                ]
              }
            },
            {
              "button_2": {
                "type": "stack_panel",
                "size": [30, 30],
                "offset": [65, 0],
                "anchor_from": "top_left",
                "anchor_to": "top_left",
                "collection_name": "form_buttons",
                "controls": [
                  {
                    "button@server_form.mugiwara_form_button": {
                      "size": ["100%", "100%"],
                      "collection_index": 2
                    }
                  }
                ]
              }
            },
            {
              "button_3": {
                "type": "stack_panel",
                "size": [30, 30],
                "offset": [95, 0],
                "anchor_from": "top_left",
                "anchor_to": "top_left",
                "collection_name": "form_buttons",
                "controls": [
                  {
                    "button@server_form.mugiwara_form_button": {
                      "size": ["100%", "100%"],
                      "collection_index": 3
                    }
                  }
                ]
              }
            },
            {
              "button_4": {
                "type": "stack_panel",
                "size": [30, 30],
                "offset": [125, 0],
                "anchor_from": "top_left",
                "anchor_to": "top_left",
                "collection_name": "form_buttons",
                "controls": [
                  {
                    "button@server_form.mugiwara_form_button": {
                      "size": ["100%", "100%"],
                      "collection_index": 4
                    }
                  }
                ]
              }
            },
            {
              "button_5": {
                "type": "stack_panel",
                "size": [30, 30],
                "offset": [155, 0],
                "anchor_from": "top_left",
                "anchor_to": "top_left",
                "collection_name": "form_buttons",
                "controls": [
                  {
                    "button@server_form.mugiwara_form_button": {
                      "size": ["100%", "100%"],
                      "collection_index": 5
                    }
                  }
                ]
              }
            },
            {
              "button_6": {
                "type": "stack_panel",
                "size": [30, 30],
                "offset": [185, 0],
                "anchor_from": "top_left",
                "anchor_to": "top_left",
                "collection_name": "form_buttons",
                "controls": [
                  {
                    "button@server_form.mugiwara_form_button": {
                      "size": ["100%", "100%"],
                      "collection_index": 6
                    }
                  }
                ]
              }
            },
            {
              "button_7": {
                "type": "stack_panel",
                "size": [30, 30],
                "offset": [215, 0],
                "anchor_from": "top_left",
                "anchor_to": "top_left",
                "collection_name": "form_buttons",
                "controls": [
                  {
                    "button@server_form.mugiwara_form_button": {
                      "size": ["100%", "100%"],
                      "collection_index": 7
                    }
                  }
                ]
              }
            },
            {
              "button_8": {
                "type": "stack_panel",
                "size": [30, 30],
                "offset": [245, 0],
                "anchor_from": "top_left",
                "anchor_to": "top_left",
                "collection_name": "form_buttons",
                "controls": [
                  {
                    "button@server_form.mugiwara_form_button": {
                      "size": ["100%", "100%"],
                      "collection_index": 8
                    }
                  }
                ]
              }
            },
            {
              "button_9": {
                "type": "stack_panel",
                "size": [30, 30],
                "offset": [5, 30],
                "anchor_from": "top_left",
                "anchor_to": "top_left",
                "collection_name": "form_buttons",
                "controls": [
                  {
                    "button@server_form.mugiwara_form_button": {
                      "size": ["100%", "100%"],
                      "collection_index": 9
                    }
                  }
                ]
              }
            },
            {
              "button_10": {
                "type": "stack_panel",
                "size": [30, 30],
                "offset": [35, 30],
                "anchor_from": "top_left",
                "anchor_to": "top_left",
                "collection_name": "form_buttons",
                "controls": [
                  {
                    "button@server_form.mugiwara_form_button": {
                      "size": ["100%", "100%"],
                      "collection_index": 10
                    }
                  }
                ]
              }
            },
            {
              "button_11": {
                "type": "stack_panel",
                "size": [30, 30],
                "offset": [65, 30],
                "anchor_from": "top_left",
                "anchor_to": "top_left",
                "collection_name": "form_buttons",
                "controls": [
                  {
                    "button@server_form.mugiwara_form_button": {
                      "size": ["100%", "100%"],
                      "collection_index": 11
                    }
                  }
                ]
              }
            },
            {
              "button_12": {
                "type": "stack_panel",
                "size": [30, 30],
                "offset": [95, 30],
                "anchor_from": "top_left",
                "anchor_to": "top_left",
                "collection_name": "form_buttons",
                "controls": [
                  {
                    "button@server_form.mugiwara_form_button": {
                      "size": ["100%", "100%"],
                      "collection_index": 12
                    }
                  }
                ]
              }
            }
          ]
        }
      }
    ]
  },
  "mugiwara_personagem": {
    "type": "panel",
    "controls": [
      {
        "title": {
          "type": "label",
          "size": ["default", 10],
          "offset": [0, -20],
          "anchor_from": "top_middle",
          "anchor_to": "top_middle",
          "text": "Character",
          "shadow": true,
          "font_type": "MinecraftTen",
          "text_alignment": "left",
          "layer": 999
        }
      },
      {
        "image": {
          "type": "image",
          "texture": "textures/wg/gray",
          "size": [75, 75],
          "offset": [
            0,
            -6.25
          ],
          "anchor_from": "top_left",
          "anchor_to": "top_left",
          "layer": 4
        }
      },
      {
        "image": {
          "type": "image",
          "texture": "textures/wg/gray",
          "size": ["70%", "105%"],
          "offset": [
            0,
            0
          ],
          "anchor_from": "bottom_right",
          "anchor_to": "bottom_right",
          "layer": 4
        }
      },
      {
        "description": {
          "type": "label",
          "text": "#form_text",
          "size": ["67.5%", "102.5%"],
          "offset": [0, 0],
          "anchor_from": "bottom_right",
          "anchor_to": "bottom_right",
          "font_scale_factor": 0.75,
          "color": "white",
          "shadow": true,
          "layer": 5
        }
      },
      {
        "todoroki@person.todoroki": {}
      },
      {
        "luffy@person.luffy": {}
      },
      {
        "luffy2@person.luffy2": {}
      },
      {
        "luffy5@person.luffy5": {}
      },
      {
        "buttons": {
          "type": "panel",
          "$border_visible": false,
          "controls": [
            {
              "button_0": {
                "type": "stack_panel",
                "size": ["27.5%", "20%"],
                "offset": [0, -30],
                "anchor_from": "bottom_left",
                "anchor_to": "bottom_left",
                "collection_name": "form_buttons",
                "controls": [
                  {
                    "button@server_form.mugiwara_form_button": {
                      "size": ["100%", "100%"],
                      "collection_index": 0
                    }
                  }
                ]
              }
            },
            {
              "button_1": {
                "type": "stack_panel",
                "size": ["27.5%", "20%"],
                "offset": [0, 0],
                "anchor_from": "bottom_left",
                "anchor_to": "bottom_left",
                "collection_name": "form_buttons",
                "controls": [
                  {
                    "button@server_form.mugiwara_form_button": {
                      "size": ["100%", "100%"],
                      "collection_index": 1
                    }
                  }
                ]
              }
            },
            {
              "button_2": {
                "type": "stack_panel",
                "size": [25, 25],
                "offset": [-40, 10],
                "anchor_from": "bottom_left",
                "anchor_to": "bottom_left",
                "collection_name": "form_buttons",
                "controls": [
                  {
                    "button@server_form.mugiwara_form_button": {
                      "size": ["100%", "100%"],
                      "collection_index": 2
                    }
                  }
                ]
              }
            }
          ]
        }
      }
    ]
  }
}
