{
  "namespace": "wg_skills",
  "wg_skills_panel": {
    "type": "panel",
    "controls": [
      {
        "fury": {
          "type": "image",
          "texture": "textures/wg/icons",
          "size": [
            100,
            100
          ],
          "offset": [
            35,
            0
          ],
          "uv": [0, 0],
          "uv_size": [32, 32],
          "anchor_from": "right_middle",
          "anchor_to": "right_middle",
          "layer": 1,
          "$value": "[fury9]",
          "bindings": [
            {"binding_name": "#hud_title_text_string"},{"binding_type": "view","source_property_name": "(not((#hud_title_text_string - $value) \u003d #hud_title_text_string))",
            "target_property_name": "#visible"}
          ]
        }
      },
      {
        "fury": {
          "type": "image",
          "texture": "textures/wg/icons",
          "size": [
            100,
            100
          ],
          "offset": [
            35,
            0
          ],
          "uv": [32, 0],
          "uv_size": [32, 32],
          "anchor_from": "right_middle",
          "anchor_to": "right_middle",
          "layer": 1,
          "$value": "[fury8]",
          "bindings": [
            {"binding_name": "#hud_title_text_string"},{"binding_type": "view","source_property_name": "(not((#hud_title_text_string - $value) \u003d #hud_title_text_string))",
            "target_property_name": "#visible"}
          ]
        }
      },
      {
        "fury": {
          "type": "image",
          "texture": "textures/wg/icons",
          "size": [
            100,
            100
          ],
          "offset": [
            35,
            0
          ],
          "uv": [64, 0],
          "uv_size": [32, 32],
          "anchor_from": "right_middle",
          "anchor_to": "right_middle",
          "layer": 1,
          "$value": "[fury7]",
          "bindings": [
            {"binding_name": "#hud_title_text_string"},{"binding_type": "view","source_property_name": "(not((#hud_title_text_string - $value) \u003d #hud_title_text_string))",
            "target_property_name": "#visible"}
          ]
        }
      },
      {
        "fury": {
          "type": "image",
          "texture": "textures/wg/icons",
          "size": [
            100,
            100
          ],
          "offset": [
            35,
            0
          ],
          "uv": [96, 0],
          "uv_size": [32, 32],
          "anchor_from": "right_middle",
          "anchor_to": "right_middle",
          "layer": 1,
          "$value": "[fury6]",
          "bindings": [
            {"binding_name": "#hud_title_text_string"},{"binding_type": "view","source_property_name": "(not((#hud_title_text_string - $value) \u003d #hud_title_text_string))",
            "target_property_name": "#visible"}
          ]
        }
      },
      {
        "fury": {
          "type": "image",
          "texture": "textures/wg/icons",
          "size": [
            100,
            100
          ],
          "offset": [
            35,
            0
          ],
          "uv": [128, 0],
          "uv_size": [32, 32],
          "anchor_from": "right_middle",
          "anchor_to": "right_middle",
          "layer": 1,
          "$value": "[fury5]",
          "bindings": [
            {"binding_name": "#hud_title_text_string"},{"binding_type": "view","source_property_name": "(not((#hud_title_text_string - $value) \u003d #hud_title_text_string))",
            "target_property_name": "#visible"}
          ]
        }
      },
      {
        "fury": {
          "type": "image",
          "texture": "textures/wg/icons",
          "size": [
            100,
            100
          ],
          "offset": [
            35,
            0
          ],
          "uv": [160, 0],
          "uv_size": [32, 32],
          "anchor_from": "right_middle",
          "anchor_to": "right_middle",
          "layer": 1,
          "$value": "[fury4]",
          "bindings": [
            {"binding_name": "#hud_title_text_string"},{"binding_type": "view","source_property_name": "(not((#hud_title_text_string - $value) \u003d #hud_title_text_string))",
            "target_property_name": "#visible"}
          ]
        }
      },
      {
        "fury": {
          "type": "image",
          "texture": "textures/wg/icons",
          "size": [
            100,
            100
          ],
          "offset": [
            35,
            0
          ],
          "uv": [192, 0],
          "uv_size": [32, 32],
          "anchor_from": "right_middle",
          "anchor_to": "right_middle",
          "layer": 1,
          "$value": "[fury3]",
          "bindings": [
            {"binding_name": "#hud_title_text_string"},{"binding_type": "view","source_property_name": "(not((#hud_title_text_string - $value) \u003d #hud_title_text_string))",
            "target_property_name": "#visible"}
          ]
        }
      },
      {
        "fury": {
          "type": "image",
          "texture": "textures/wg/icons",
          "size": [
            100,
            100
          ],
          "offset": [
            35,
            0
          ],
          "uv": [224, 0],
          "uv_size": [32, 32],
          "anchor_from": "right_middle",
          "anchor_to": "right_middle",
          "layer": 1,
          "$value": "[fury2]",
          "bindings": [
            {"binding_name": "#hud_title_text_string"},{"binding_type": "view","source_property_name": "(not((#hud_title_text_string - $value) \u003d #hud_title_text_string))",
            "target_property_name": "#visible"}
          ]
        }
      },
      {
        "fury": {
          "type": "image",
          "texture": "textures/wg/icons",
          "size": [
            100,
            100
          ],
          "offset": [
            35,
            0
          ],
          "uv": [256, 0],
          "uv_size": [32, 32],
          "anchor_from": "right_middle",
          "anchor_to": "right_middle",
          "layer": 1,
          "$value": "[fury1]",
          "bindings": [
            {"binding_name": "#hud_title_text_string"},{"binding_type": "view","source_property_name": "(not((#hud_title_text_string - $value) \u003d #hud_title_text_string))",
            "target_property_name": "#visible"}
          ]
        }
      },
      {
        "fury": {
          "type": "image",
          "texture": "textures/wg/icons",
          "size": [
            100,
            100
          ],
          "offset": [
            35,
            0
          ],
          "uv": [288, 0],
          "uv_size": [32, 32],
          "anchor_from": "right_middle",
          "anchor_to": "right_middle",
          "layer": 1,
          "$value": "[fury0]",
          "bindings": [
            {"binding_name": "#hud_title_text_string"},{"binding_type": "view","source_property_name": "(not((#hud_title_text_string - $value) \u003d #hud_title_text_string))",
            "target_property_name": "#visible"}
          ]
        }
      },
      {
        "luffy": {
          "type": "image",
          "texture": "textures/wg/icons",
          "size": [
            17.5,
            17.5
          ],
          "offset": [
            -25,
            22.5
          ],
          "uv": [0, 32],
          "uv_size": [32, 32],
          "anchor_from": "right_middle",
          "anchor_to": "right_middle",
          "layer": 1,
          "$value": "[luffy]",
          "bindings": [
            {"binding_name": "#hud_title_text_string"},{"binding_type": "view","source_property_name": "(not((#hud_title_text_string - $value) \u003d #hud_title_text_string))","target_property_name": "#visible"}
          ]
        }
      },
      {
        "luffy": {
          "type": "image",
          "texture": "textures/wg/icons",
          "size": [
            17.5,
            17.5
          ],
          "offset": [
            -25,
            -5
          ],
          "uv": [32, 32],
          "uv_size": [32, 32],
          "anchor_from": "right_middle",
          "anchor_to": "right_middle",
          "layer": 1,
          "$value": "[luffy]",
          "bindings": [
            {"binding_name": "#hud_title_text_string"},{"binding_type": "view","source_property_name": "(not((#hud_title_text_string - $value) \u003d #hud_title_text_string))","target_property_name": "#visible"}
          ]
        }
      },
      {
        "luffy_gear2": {
          "type": "image",
          "texture": "textures/wg/icons",
          "size": [
            17.5,
            17.5
          ],
          "offset": [
            -25,
            22.5
          ],
          "uv": [64, 32],
          "uv_size": [32, 32],
          "anchor_from": "right_middle",
          "anchor_to": "right_middle",
          "layer": 1,
          "$value": "[luffy_gear2]",
          "bindings": [
            {"binding_name": "#hud_title_text_string"},{"binding_type": "view","source_property_name": "(not((#hud_title_text_string - $value) \u003d #hud_title_text_string))","target_property_name": "#visible"}
          ]
        }
      },
      {
        "luffy_gear2": {
          "type": "image",
          "texture": "textures/wg/icons",
          "size": [
            17.5,
            17.5
          ],
          "offset": [
            -25,
            -5
          ],
          "uv": [96, 32],
          "uv_size": [32, 32],
          "anchor_from": "right_middle",
          "anchor_to": "right_middle",
          "layer": 1,
          "$value": "[luffy_gear2]",
          "bindings": [
            {"binding_name": "#hud_title_text_string"},{"binding_type": "view","source_property_name": "(not((#hud_title_text_string - $value) \u003d #hud_title_text_string))","target_property_name": "#visible"}
          ]
        }
      },
      /*{
        "luffy_gear2": {
          "type": "image",
          "texture": "textures/wg/icons",
          "size": [
            17.5,
            17.5
          ],
          "offset": [
            -25,
            -32.5
          ],
          "uv": [128, 32],
          "uv_size": [32, 32],
          "anchor_from": "right_middle",
          "anchor_to": "right_middle",
          "layer": 1,
          "$value": "[luffy_gear2]",
          "bindings": [
            {"binding_name": "#hud_title_text_string"},{"binding_type": "view","source_property_name": "(not((#hud_title_text_string - $value) \u003d #hud_title_text_string))","target_property_name": "#visible"}
          ]
        }
      },*/
      {
        "luffy_gear5": {
          "type": "image",
          "texture": "textures/wg/icons",
          "size": [
            17.5,
            17.5
          ],
          "offset": [
            -25,
            22.5
          ],
          "uv": [160, 32],
          "uv_size": [32, 32],
          "anchor_from": "right_middle",
          "anchor_to": "right_middle",
          "layer": 1,
          "$value": "[luffy_gear5]",
          "bindings": [
            {"binding_name": "#hud_title_text_string"},{"binding_type": "view","source_property_name": "(not((#hud_title_text_string - $value) \u003d #hud_title_text_string))","target_property_name": "#visible"}
          ]
        }
      },
      {
        "luffy_gear5": {
          "type": "image",
          "texture": "textures/wg/icons",
          "size": [
            17.5,
            17.5
          ],
          "offset": [
            -25,
            -5
          ],
          "uv": [192, 32],
          "uv_size": [32, 32],
          "anchor_from": "right_middle",
          "anchor_to": "right_middle",
          "layer": 1,
          "$value": "[luffy_gear5]",
          "bindings": [
            {"binding_name": "#hud_title_text_string"},{"binding_type": "view","source_property_name": "(not((#hud_title_text_string - $value) \u003d #hud_title_text_string))","target_property_name": "#visible"}
          ]
        }
      },
      {
        "luffy_gear5": {
          "type": "image",
          "texture": "textures/wg/icons",
          "size": [
            17.5,
            17.5
          ],
          "offset": [
            -25,
            -32.5
          ],
          "uv": [224, 32],
          "uv_size": [32, 32],
          "anchor_from": "right_middle",
          "anchor_to": "right_middle",
          "layer": 1,
          "$value": "[luffy_gear5]",
          "bindings": [
            {"binding_name": "#hud_title_text_string"},{"binding_type": "view","source_property_name": "(not((#hud_title_text_string - $value) \u003d #hud_title_text_string))","target_property_name": "#visible"}
          ]
        }
      },
      {
        "todoroki": {
          "type": "image",
          "texture": "textures/wg/icons",
          "size": [
            17.5,
            17.5
          ],
          "offset": [
            -25,
            22.5
          ],
          "uv": [288, 32],
          "uv_size": [32, 32],
          "anchor_from": "right_middle",
          "anchor_to": "right_middle",
          "layer": 1,
          "$value": "[todoroki]",
          "bindings": [
            {"binding_name": "#hud_title_text_string"},{"binding_type": "view","source_property_name": "(not((#hud_title_text_string - $value) \u003d #hud_title_text_string))","target_property_name": "#visible"}
          ]
        }
      },
      {
        "todoroki": {
          "type": "image",
          "texture": "textures/wg/icons",
          "size": [
            17.5,
            17.5
          ],
          "offset": [
            -25,
            -5
          ],
          "uv": [256, 32],
          "uv_size": [32, 32],
          "anchor_from": "right_middle",
          "anchor_to": "right_middle",
          "layer": 1,
          "$value": "[todoroki]",
          "bindings": [
            {"binding_name": "#hud_title_text_string"},{"binding_type": "view","source_property_name": "(not((#hud_title_text_string - $value) \u003d #hud_title_text_string))","target_property_name": "#visible"}
          ]
        }
      }
    ]
  }
}