{
  "format_version": "1.10.0",
  "particle_effect": {
    "description": {
      "identifier": "wesl3y:ice_world",
      "basic_render_parameters": {
        "material": "particles_blend",
        "texture": "textures/particle/particles"
      }
    },
    "components": {
      "minecraft:emitter_rate_steady": {
        "spawn_rate": 150,
        "max_particles": 200
      },        
      "minecraft:emitter_lifetime_looping": {
        "active_time": 0.4
      },
      "minecraft:particle_initial_speed": 10,
      "minecraft:particle_lifetime_expression": {
        "max_lifetime": "Math.random(0.7, 1.1)"
      },
      "minecraft:emitter_shape_disc": {
        "radius": 2,
        "surface_only": true,
        "direction": "outwards"
      },
      "minecraft:particle_motion_dynamic": {},
      "minecraft:particle_appearance_billboard": {
        "size": [ 0.75, 0.75 ],
        "facing_camera_mode": "lookat_xyz",
        "uv": {
          "texture_width": 128,
          "texture_height": 128,
          "flipbook": {
            "base_UV": [56, 0],
            "size_UV": [8, 8],
            "step_UV": [-8, 0],
            "frames_per_second": 8,
            "max_frame": 8,
            "loop": false
          }
        }
      },
      "minecraft:particle_appearance_tinting": {
	    "color": [1, 1, 1, 0.8]
      }
    }
  }
}
