{
  "format_version": "1.21.10",
  "minecraft:item": {
    "description": {
      "identifier": "wesl3y:menu",
      "menu_category": {
        "category": "items"
      }
    },
    "components": {
      "minecraft:tags": {
        "tags": [
          "first_person"
        ]
      },
      "minecraft:use_modifiers": {
        "movement_modifier": 0.35,
        "use_duration": 99999
      },
      "minecraft:icon": "menu",
      "minecraft:max_stack_size": 1,
      "minecraft:hand_equipped": false,
      "minecraft:display_name": {
        "value": "Menu"
      },
      "minecraft:custom_components": [
        "wesl3y:menu"
      ]
    }
  }
}