{
  "format_version": "1.16.100",
  "minecraft:item": {
    "description": {
      "identifier": "wesl3y:byakugan_golden",
	  "category": "nature"
    },

    "components": {
      "minecraft:render_offsets": {
	    "main_hand": {
		  "first_person": {
		    "scale": [0.03, 0.03, 0.03]
		  },
		  "third_person": {
			"scale": [0.075, 0.075, 0.075]
		  }
		}
	  },
	  "tag:modo_head": {},
	  "minecraft:armor": {},
      "minecraft:icon": {
        "texture": "byakugan_golden"
      },
      "minecraft:max_stack_size": 1,
      "minecraft:hand_equipped": true,
      "minecraft:display_name": {
        "value":"Byakugan Golden\n\n§eLevel 35\n§9Night Vision 2\nStrength 2\nSpeed 4\nJump Boost 5\nHealth Boost 24"
      },
      "minecraft:on_use": {
        "on_use": {
          "event": "wg",
          "target": "self"
        }
      }
    },
    "events": {
      "wg": {
        "sequence": [
          {
            "condition": "!query.equipped_item_any_tag('slot.armor.head','modo_head')",
            "run_command": {
              "command": [
                "tellraw @s[scores={chakra=!100..}] {\"rawtext\":[{\"text\":\"§cRequires Chakra 100\"}]}",
                "replaceitem entity @s[scores={chakra=100..}] slot.weapon.mainhand 0 air",
                "replaceitem entity @s[scores={chakra=100..}] slot.armor.head 0 wesl3y:byakugan_golden"
              ]
            }
          }
        ]
	  }
	}
  }
}