{
  "format_version": "1.19.50",
  "animations": {
      "animation.kifoice1": {
      "loop": false,
      "animation_length": 2,
      "timeline": {
        "0.0": [
         
         
         "/event entity @s anim.no",
          "/inputpermission set @s movement disabled",
         
          "/tag @s add foice1",
         
         "/tag @s add in_cut",
          "/playanimation @s animation.black.skill1"
          
         
         
        
         
        
    
          
        ],
        
        "0.58": [
             
    
"/particle stk:kifoice_skill1",
"/particle stk:kifoice_skill1_2",
"/particle stk:kifoice_splash ^^1.5^5",
"/execute as @s[scores={level=0..49}] at @s run damage @e[r=10,type=!item,tag=!foice1] 6 entity_attack entity @s","/execute as @s[scores={level=50..99}] at @s run damage @e[r=10,type=!item,tag=!foice1] 15 entity_attack entity @s","/execute as @s[scores={level=100..149}] at @s run damage @e[r=10,type=!item,tag=!foice1] 25 entity_attack entity @s","/execute as @s[scores={level=150..}] at @s run damage @e[r=10,type=!item,tag=!foice1] 30 entity_attack entity @s"
         
         
         
        
         
         
         
         ],
         "0.83": [
             
"/particle stk:kifoice_splash ^5^1.5^",
"/execute as @s[scores={level=0..49}] at @s run damage @e[r=10,type=!item,tag=!foice1] 6 entity_attack entity @s","/execute as @s[scores={level=50..99}] at @s run damage @e[r=10,type=!item,tag=!foice1] 15 entity_attack entity @s","/execute as @s[scores={level=100..149}] at @s run damage @e[r=10,type=!item,tag=!foice1] 25 entity_attack entity @s","/execute as @s[scores={level=150..}] at @s run damage @e[r=10,type=!item,tag=!foice1] 30 entity_attack entity @s"
         ],
         "0.92": [
             
"/particle stk:kifoice_splash ^^1.5^-5",
"/execute as @s[scores={level=0..49}] at @s run damage @e[r=10,type=!item,tag=!foice1] 6 entity_attack entity @s","/execute as @s[scores={level=50..99}] at @s run damage @e[r=10,type=!item,tag=!foice1] 15 entity_attack entity @s","/execute as @s[scores={level=100..149}] at @s run damage @e[r=10,type=!item,tag=!foice1] 25 entity_attack entity @s","/execute as @s[scores={level=150..}] at @s run damage @e[r=10,type=!item,tag=!foice1] 30 entity_attack entity @s"
         ],
         "1.04": [
             
"/particle stk:kifoice_splash ^-5^1.5^",
"/execute as @s[scores={level=0..49}] at @s run damage @e[r=10,type=!item,tag=!foice1] 6 entity_attack entity @s","/execute as @s[scores={level=50..99}] at @s run damage @e[r=10,type=!item,tag=!foice1] 15 entity_attack entity @s","/execute as @s[scores={level=100..149}] at @s run damage @e[r=10,type=!item,tag=!foice1] 25 entity_attack entity @s","/execute as @s[scores={level=150..}] at @s run damage @e[r=10,type=!item,tag=!foice1] 30 entity_attack entity @s"
         ],
        
            "1.42": [
                 "/event entity @s enable_anims",
                 "/tag @s remove foice1",
                  "/inputpermission set @s movement enabled",
                  "@s skill.no",
            "/tag @s remove in_cut",
                  "/event entity @s stun.yes"
        
                
          

         
         
         
        
         
         
         
         ]
      }
    }
  }
}