{
	"format_version": "1.19.0",
	"animation_controllers": {
		"controller.animation.ace.default": {
			"states": {
				"default": {
					"transitions": [
						{"summon": "query.get_equipped_item_name(0) == 'ace'"}
					]
				},
				"summon": {
					"animations": ["ace_summon"],
					"transitions": [
						{"base": "query.all_animations_finished"}
					],
					"blend_transition": 0.2,
					"blend_via_shortest_path": true
				},
				"base": {
					"animations": ["ace.stop"],
					"transitions": [
						{"default": "!query.get_equipped_item_name(0) == 'ace'"},
						{"ace_ace1": "query.get_equipped_item_name(0) == 'ace' && variable.attack_time>0 && variable.randomfour == 0"},
						{"ace_ace2": "query.get_equipped_item_name(0) == 'ace' && variable.attack_time>0 && variable.randomfour == 1"},
						{"ace_ace3": "query.get_equipped_item_name(0) == 'ace' && variable.attack_time>0 && variable.randomfour == 2"},
						{"ace_walk": "query.is_moving"}
					],
					"blend_transition": 0.2,
					"blend_via_shortest_path": true
				},
				"ace_ace1": {
					"animations": ["ace_ace1"],
					"transitions": [
						{"default": "!query.get_equipped_item_name(0) == 'ace'"},
						{"base": "query.all_animations_finished"},
						{"ace_walk": "query.all_animations_finished"}
					],
					"blend_transition": 0.2,
					"blend_via_shortest_path": true
				},
				"ace_ace2": {
					"animations": ["ace_ace2"],
					"transitions": [
						{"default": "!query.get_equipped_item_name(0) == 'ace'"},
						{"base": "query.all_animations_finished"},
						{"ace_walk": "query.all_animations_finished"}
					],
					"blend_transition": 0.2,
					"blend_via_shortest_path": true
				},
				"ace_ace3": {
					"animations": ["ace_ace3"],
					"transitions": [
						{"default": "!query.get_equipped_item_name(0) == 'ace'"},
						{"base": "query.all_animations_finished"},
						{"ace_walk": "query.all_animations_finished"}
					],
					"blend_transition": 0.2,
					"blend_via_shortest_path": true
				},
				"ace_walk": {
					"animations": ["ace_walk"],
					"transitions": [
						{"base": "!query.is_moving"},
						{"ace_ace_ace1": "query.get_equipped_item_name(0) == 'ace' && variable.attack_time>0 && variable.randomfour == 0"},
						{"ace_ace2": "query.get_equipped_item_name(0) == 'ace' && variable.attack_time>0 && variable.randomfour == 1"},
						{"ace_ace3": "query.get_equipped_item_name(0) == 'ace' && variable.attack_time>0 && variable.randomfour == 2"}
					],
					"blend_transition": 0.2
				}
			}
		}
	}
}