{
	"format_version": "1.19.0",
	"animation_controllers": {
		"controller.animation.uohybrid": {
			"states": {
				"default": {
					"animations": ["drastop"],
					"transitions": [
						{"walk": "query.is_moving"},
						{"run": "query.is_moving && query.is_sprinting"},
						{"atk": "variable.attack_time>0"}
					],
					"blend_transition": 0.2
				},
				"walk": {
					"animations": ["drawalk"],
					"transitions": [
						{"default": "!query.is_moving"},
						{"run": "query.is_moving && query.is_sprinting"},
						{"atk": "variable.attack_time>0"}
					],
					"blend_transition": 0.2
				},
				"run": {
					"animations": ["drarun"],
					"transitions": [
						{"walk": "query.is_moving && !query.is_sprinting"},
						{"default": "!query.is_moving"},
						{"atk": "variable.attack_time>0"}
					],
					"blend_transition": 0.2
				},
				"atk": {
					"animations": ["draatk"],
					"transitions": [
						{"default": "query.all_animations_finished"},
						{"walk": "query.all_animations_finished"},
						{"run": "query.all_animations_finished"}
					],
					"blend_transition": 0.2
				}
			}
		}
	}
}
























