{
	"format_version": "1.19.0",
	"animation_controllers": {
		"controller.animation.enma.default": {
			"states": {
				"default": {
					"transitions": [
						{"summon": "query.get_equipped_item_name(0) == 'enma'"}
					]
				},
				"summon": {
					"animations": ["enma_summon"],
					"transitions": [
						{"base": "query.all_animations_finished"}
					],
					"blend_transition": 0.2,
					"blend_via_shortest_path": true
				},
				"base": {
					"animations": ["enma.stop"],
					"transitions": [
						{"default": "!query.get_equipped_item_name(0) == 'enma'"},
						{"enma_enma1": "query.get_equipped_item_name(0) == 'enma' && variable.attack_time>0 && variable.randomfour == 0"},
						{"enma_enma2": "query.get_equipped_item_name(0) == 'enma' && variable.attack_time>0 && variable.randomfour == 1"},
						{"enma_enma3": "query.get_equipped_item_name(0) == 'enma' && variable.attack_time>0 && variable.randomfour == 2"},
						{"enma_walk": "query.is_moving"}
					],
					"blend_transition": 0.2,
					"blend_via_shortest_path": true
				},
				"enma_enma1": {
					"animations": ["enma_enma1"],
					"transitions": [
						{"default": "!query.get_equipped_item_name(0) == 'enma'"},
						{"base": "query.all_animations_finished"},
						{"enma_walk": "query.all_animations_finished"}
					],
					"blend_transition": 0.2,
					"blend_via_shortest_path": true
				},
				"enma_enma2": {
					"animations": ["enma_enma2"],
					"transitions": [
						{"default": "!query.get_equipped_item_name(0) == 'enma'"},
						{"base": "query.all_animations_finished"},
						{"enma_walk": "query.all_animations_finished"}
					],
					"blend_transition": 0.2,
					"blend_via_shortest_path": true
				},
				"enma_enma3": {
					"animations": ["enma_enma3"],
					"transitions": [
						{"default": "!query.get_equipped_item_name(0) == 'enma'"},
						{"base": "query.all_animations_finished"},
						{"enma_walk": "query.all_animations_finished"}
					],
					"blend_transition": 0.2,
					"blend_via_shortest_path": true
				},
				"enma_walk": {
					"animations": ["enma_walk"],
					"transitions": [
						{"base": "!query.is_moving"},
						{"enma_enma_enma1": "query.get_equipped_item_name(0) == 'enma' && variable.attack_time>0 && variable.randomfour == 0"},
						{"enma_enma2": "query.get_equipped_item_name(0) == 'enma' && variable.attack_time>0 && variable.randomfour == 1"},
						{"enma_enma3": "query.get_equipped_item_name(0) == 'enma' && variable.attack_time>0 && variable.randomfour == 2"}
					],
					"blend_transition": 0.2
				}
			}
		}
	}
}