{
	"format_version": "1.19.0",
	"animation_controllers": {
		"controller.animation.g4s": {
			"states": {
				"default": {
					"animations": ["g4sstop"],
					"transitions": [
						{"jcuhold": "query.get_equipped_item_name == 'jcu' && query.is_using_item"},
						{"djcuhold": "query.get_equipped_item_name == 'djcu' && query.is_using_item"},
						{"pyhold": "query.get_equipped_item_name == 'phyton' && query.is_using_item"},
						{"bmamba": "query.get_equipped_item_name == 'bmamba' && query.is_using_item"},
						{"kcobrahold": "query.get_equipped_item_name == 'kcobra' && query.is_using_item"},
						{"walk": "query.is_moving"}
					],
					"blend_transition": 0.2
				},
				"jcuhold": {
					"animations": ["jcuhold"],
					"transitions": [
						{"jcu": "query.get_equipped_item_name != 'jcu' || !query.is_using_item"}
					]
				},
				"jcu": {
					"animations": ["jcu"],
					"transitions": [
						{"default": "query.all_animations_finished"}
					]
				},
				"djcuhold": {
					"animations": ["djcuhold"],
					"transitions": [
						{"djcu": "query.get_equipped_item_name != 'djcu' || !query.is_using_item"}
					]
				},
				"djcu": {
					"animations": ["djcu"],
					"transitions": [
						{"default": "query.all_animations_finished"}
					]
				},
				"pyhold": {
					"animations": ["pyhold"],
					"transitions": [
						{"py": "query.get_equipped_item_name != 'phyton' || !query.is_using_item"}
					]
				},
				"py": {
					"animations": ["py"],
					"transitions": [
						{"default": "query.all_animations_finished"}
					]
				},
				"bmamba": {
					"animations": ["bmamba"],
					"transitions": [
						{"mamba": "query.get_equipped_item_name != 'bmamba' || !query.is_using_item"}
					]
				},
				"mamba": {
					"animations": ["mamba"],
					"transitions": [
						{"default": "query.all_animations_finished"}
					]
				},
				"kcobrahold": {
					"animations": ["kcobrahold"],
					"transitions": [
						{"kcobra": "query.get_equipped_item_name != 'kcobra' || !query.is_using_item"}
					]
				},
				"kcobra": {
					"animations": ["kcobra"],
					"transitions": [
						{"default": "query.all_animations_finished"}
					]
				},
				"walk": {
					"animations": ["g4swalk"],
					"transitions": [
						{"default": "!query.is_moving"}
					],
					"blend_transition": 0.2
				}
			}
		}
	}
}
















































































































































