{
	"format_version": "1.19.0",
	"animation_controllers": {
		"controller.animation.kitetsu.default": {
			"states": {
				"default": {
					"transitions": [
						{"summon": "query.get_equipped_item_name(0) == 'kitetsu'"}
					]
				},
				"summon": {
					"animations": ["kitetsu_summon"],
					"transitions": [
						{"base": "query.all_animations_finished"}
					],
					"blend_transition": 0.2,
					"blend_via_shortest_path": true
				},
				"base": {
					"animations": ["kitetsu.stop"],
					"transitions": [
						{"default": "!query.get_equipped_item_name(0) == 'kitetsu'"},
						{"kitetsu_kitetsu1": "query.get_equipped_item_name(0) == 'kitetsu' && variable.attack_time>0 && variable.randomfour == 0"},
						{"kitetsu_kitetsu2": "query.get_equipped_item_name(0) == 'kitetsu' && variable.attack_time>0 && variable.randomfour == 1"},
						{"kitetsu_kitetsu3": "query.get_equipped_item_name(0) == 'kitetsu' && variable.attack_time>0 && variable.randomfour == 2"},
						{"kitetsu_walk": "query.is_moving"}
					],
					"blend_transition": 0.2,
					"blend_via_shortest_path": true
				},
				"kitetsu_kitetsu1": {
					"animations": ["kitetsu_kitetsu1"],
					"transitions": [
						{"default": "!query.get_equipped_item_name(0) == 'kitetsu'"},
						{"base": "query.all_animations_finished"},
						{"kitetsu_walk": "query.all_animations_finished"}
					],
					"blend_transition": 0.2,
					"blend_via_shortest_path": true
				},
				"kitetsu_kitetsu2": {
					"animations": ["kitetsu_kitetsu2"],
					"transitions": [
						{"default": "!query.get_equipped_item_name(0) == 'kitetsu'"},
						{"base": "query.all_animations_finished"},
						{"kitetsu_walk": "query.all_animations_finished"}
					],
					"blend_transition": 0.2,
					"blend_via_shortest_path": true
				},
				"kitetsu_kitetsu3": {
					"animations": ["kitetsu_kitetsu3"],
					"transitions": [
						{"default": "!query.get_equipped_item_name(0) == 'kitetsu'"},
						{"base": "query.all_animations_finished"},
						{"kitetsu_walk": "query.all_animations_finished"}
					],
					"blend_transition": 0.2,
					"blend_via_shortest_path": true
				},
				"kitetsu_walk": {
					"animations": ["kitetsu_walk"],
					"transitions": [
						{"base": "!query.is_moving"},
						{"kitetsu_kitetsu_kitetsu1": "query.get_equipped_item_name(0) == 'kitetsu' && variable.attack_time>0 && variable.randomfour == 0"},
						{"kitetsu_kitetsu2": "query.get_equipped_item_name(0) == 'kitetsu' && variable.attack_time>0 && variable.randomfour == 1"},
						{"kitetsu_kitetsu3": "query.get_equipped_item_name(0) == 'kitetsu' && variable.attack_time>0 && variable.randomfour == 2"}
					],
					"blend_transition": 0.2
				}
			}
		}
	}
}