{
	"format_version": "1.19.0",
	"animation_controllers": {
		"controller.animation.akumanomi": {
			"states": {
				"default": {
					"animations": ["segurando"],
					"transitions": [
						{"walk": "query.is_moving"},
						{"eat": "query.is_eating"}
					],
					"blend_transition": 0.2
				},
				"walk": {
					"animations": ["andando"],
					"transitions": [
						{"default": "!query.is_moving"}
					],
					"blend_transition": 0.2
				},
				"eat": {
					"animations": ["comendo"],
					"transitions": [
						{"default": "!query.is_eating"}
					],
					"blend_transition": 0.2
				}
			}
		}
	}
}