{
	"format_version" : "1.10.0",
	"animation_controllers": {
		"controller.animation.sandsword1.default": {
			"initial_state": "default",
			"states": {
				"default": {
					"transitions": [
					    {"summon":"query.get_equipped_item_name(0) == 'sandsword'"}
					]
				},
				"summon": {
					"animations": [ "sandsword_summon" ],
     "blend_transition" : 0.2,
     "blend_via_shortest_path" : true,
					"transitions": [
					    { "base": "query.all_animations_finished" }
     ]
				},
				"base": {
     "animations" : [ "sandsword.stop" ],
     "blend_transition" : 0.2,
     "blend_via_shortest_path" : true,
					"transitions": [
					    { "default": "!query.get_equipped_item_name(0) == 'sandsword' && query.is_moving" },
        { "sandsword1": "query.get_equipped_item_name(0) == 'sandsword' && variable.attack_time>0 && variable.randomfour == 0" },
        { "sandsword2": "query.get_equipped_item_name(0) == 'sandsword' && variable.attack_time>0 && variable.randomfour == 1" },
        { "sandsword3": "query.get_equipped_item_name(0) == 'sandsword' && variable.attack_time>0 && variable.randomfour == 2" }
					]
				},
				"sandsword1": {
     "animations" : [ "sandsword1" ],
     "blend_transition" : 0.2,
     "blend_via_shortest_path" : true,
					"transitions": [
         { "default": "!query.get_equipped_item_name(0) == 'sandsword'" },
					    { "base": "query.all_animations_finished" }
					]
				},
				"sandsword2": {
     "animations" : [ "sandsword2" ],
     "blend_transition" : 0.2,
     "blend_via_shortest_path" : true,
					"transitions": [
         { "default": "!query.get_equipped_item_name(0) == 'sandsword'" },
					    { "base": "query.all_animations_finished" }
					]
				},
				"sandsword3": {
     "animations" : [ "sandsword3" ],
     "blend_transition" : 0.2,
     "blend_via_shortest_path" : true,
					"transitions": [
         { "default": "!query.get_equipped_item_name(0) == 'sandsword'" },
					    { "base": "query.all_animations_finished" }

					]
				}
			}
		}
	}
}
	
