{
	"format_version": "1.19.0",
	"animation_controllers": {
		"controller.animation.triplekatana.default": {
			"states": {
				"default": {
					"transitions": [
						{"summon": "query.get_equipped_item_name(0) == 'triplekatana'"}
					]
				},
				"summon": {
					"animations": ["triplekatana_summon"],
					"transitions": [
						{"base": "query.all_animations_finished"}
					],
					"blend_transition": 0.2,
					"blend_via_shortest_path": true
				},
				"base": {
					"animations": ["triplekatana.stop"],
					"transitions": [
						{"default": "!query.get_equipped_item_name(0) == 'triplekatana'"},
						{"triplekatana1": "query.get_equipped_item_name(0) == 'triplekatana' && variable.attack_time>0 && variable.randomfour == 0"},
						{"triplekatana2": "query.get_equipped_item_name(0) == 'triplekatana' && variable.attack_time>0 && variable.randomfour == 1"},
						{"triplekatana3": "query.get_equipped_item_name(0) == 'triplekatana' && variable.attack_time>0 && variable.randomfour == 2"},
						{"triplekatana_walk": "query.is_moving"}
					],
					"blend_transition": 0.2,
					"blend_via_shortest_path": true
				},
				"triplekatana1": {
					"animations": ["triplekatana1"],
					"transitions": [
						{"default": "!query.get_equipped_item_name(0) == 'triplekatana'"},
						{"base": "query.all_animations_finished"},
						{"triplekatana_walk": "query.all_animations_finished"}
					],
					"blend_transition": 0.2,
					"blend_via_shortest_path": true
				},
				"triplekatana2": {
					"animations": ["triplekatana2"],
					"transitions": [
						{"default": "!query.get_equipped_item_name(0) == 'triplekatana'"},
						{"base": "query.all_animations_finished"},
						{"triplekatana_walk": "query.all_animations_finished"}
					],
					"blend_transition": 0.2,
					"blend_via_shortest_path": true
				},
				"triplekatana3": {
					"animations": ["triplekatana3"],
					"transitions": [
						{"default": "!query.get_equipped_item_name(0) == 'triplekatana'"},
						{"base": "query.all_animations_finished"},
						{"triplekatana_walk": "query.all_animations_finished"}
					],
					"blend_transition": 0.2,
					"blend_via_shortest_path": true
				},
				"triplekatana_walk": {
					"animations": ["triplekatana_walk"],
					"transitions": [
						{"base": "!query.is_moving"},
						{"triplekatana1": "query.get_equipped_item_name(0) == 'triplekatana' && variable.attack_time>0 && variable.randomfour == 0"},
						{"triplekatana2": "query.get_equipped_item_name(0) == 'triplekatana' && variable.attack_time>0 && variable.randomfour == 1"},
						{"triplekatana3": "query.get_equipped_item_name(0) == 'triplekatana' && variable.attack_time>0 && variable.randomfour == 2"}
					],
					"blend_transition": 0.2
				}
			}
		}
	}
}