{
	"format_version": "1.19.0",
	"animation_controllers": {
		"controller.animation.triplekatana2.default": {
			"states": {
				"default": {
					"transitions": [
						{"summon": "query.get_equipped_item_name(0) == 'triplekatana2'"}
					]
				},
				"summon": {
					"animations": ["triplekatana2_summon"],
					"transitions": [
						{"base": "query.all_animations_finished"}
					],
					"blend_transition": 0.2,
					"blend_via_shortest_path": true
				},
				"base": {
					"animations": ["triplekatana2.stop"],
					"transitions": [
						{"default": "!query.get_equipped_item_name(0) == 'triplekatana2'"},
						{"triplekatana21": "query.get_equipped_item_name(0) == 'triplekatana2' && variable.attack_time>0 && variable.randomfour == 0"},
						{"triplekatana22": "query.get_equipped_item_name(0) == 'triplekatana2' && variable.attack_time>0 && variable.randomfour == 1"},
						{"triplekatana23": "query.get_equipped_item_name(0) == 'triplekatana2' && variable.attack_time>0 && variable.randomfour == 2"},
						{"triplekatana2_walk": "query.is_moving"}
					],
					"blend_transition": 0.2,
					"blend_via_shortest_path": true
				},
				"triplekatana21": {
					"animations": ["triplekatana21"],
					"transitions": [
						{"default": "!query.get_equipped_item_name(0) == 'triplekatana2'"},
						{"base": "query.all_animations_finished"},
						{"triplekatana2_walk": "query.all_animations_finished"}
					],
					"blend_transition": 0.2,
					"blend_via_shortest_path": true
				},
				"triplekatana22": {
					"animations": ["triplekatana22"],
					"transitions": [
						{"default": "!query.get_equipped_item_name(0) == 'triplekatana2'"},
						{"base": "query.all_animations_finished"},
						{"triplekatana2_walk": "query.all_animations_finished"}
					],
					"blend_transition": 0.2,
					"blend_via_shortest_path": true
				},
				"triplekatana23": {
					"animations": ["triplekatana23"],
					"transitions": [
						{"default": "!query.get_equipped_item_name(0) == 'triplekatana2'"},
						{"base": "query.all_animations_finished"},
						{"triplekatana2_walk": "query.all_animations_finished"}
					],
					"blend_transition": 0.2,
					"blend_via_shortest_path": true
				},
				"triplekatana2_walk": {
					"animations": ["triplekatana2_walk"],
					"transitions": [
						{"base": "!query.is_moving"},
						{"triplekatana21": "query.get_equipped_item_name(0) == 'triplekatana2' && variable.attack_time>0 && variable.randomfour == 0"},
						{"triplekatana22": "query.get_equipped_item_name(0) == 'triplekatana2' && variable.attack_time>0 && variable.randomfour == 1"},
						{"triplekatana23": "query.get_equipped_item_name(0) == 'triplekatana2' && variable.attack_time>0 && variable.randomfour == 2"}
					],
					"blend_transition": 0.2
				}
			}
		}
	}
}