{
    "format_version": "1.19.0",
    "animation_controllers": {
        "controller.animation.vdemon": {
            "states": {
                "default": {
                    "animations": ["vstop"],
                    "transitions": [{
                        "walk": "query.ground_speed >= 1.0"
                    }
                    ],
                    "blend_transition": 0.2
                },
                "walk": {
                    "animations": ["vwalk"],
                    "transitions": [{
                        "default": "query.ground_speed < 0.5"
                    }
                    ],
                    "blend_transition": 0.2
                }
            }
        }
    }
}