{
	"format_version": "1.19.0",
	"animation_controllers": {
		"controller.animation.yubashiri.default": {
			"states": {
				"default": {
					"transitions": [
						{"summon": "query.get_equipped_item_name(0) == 'yubashiri'"}
					]
				},
				"summon": {
					"animations": ["yubashiri_summon"],
					"transitions": [
						{"base": "query.all_animations_finished"}
					],
					"blend_transition": 0.2,
					"blend_via_shortest_path": true
				},
				"base": {
					"animations": ["yubashiri.stop"],
					"transitions": [
						{"default": "!query.get_equipped_item_name(0) == 'yubashiri'"},
						{"yubashiri_yubashiri1": "query.get_equipped_item_name(0) == 'yubashiri' && variable.attack_time>0 && variable.randomfour == 0"},
						{"yubashiri_yubashiri2": "query.get_equipped_item_name(0) == 'yubashiri' && variable.attack_time>0 && variable.randomfour == 1"},
						{"yubashiri_yubashiri3": "query.get_equipped_item_name(0) == 'yubashiri' && variable.attack_time>0 && variable.randomfour == 2"},
						{"yubashiri_walk": "query.is_moving"}
					],
					"blend_transition": 0.2,
					"blend_via_shortest_path": true
				},
				"yubashiri_yubashiri1": {
					"animations": ["yubashiri_yubashiri1"],
					"transitions": [
						{"default": "!query.get_equipped_item_name(0) == 'yubashiri'"},
						{"base": "query.all_animations_finished"},
						{"yubashiri_walk": "query.all_animations_finished"}
					],
					"blend_transition": 0.2,
					"blend_via_shortest_path": true
				},
				"yubashiri_yubashiri2": {
					"animations": ["yubashiri_yubashiri2"],
					"transitions": [
						{"default": "!query.get_equipped_item_name(0) == 'yubashiri'"},
						{"base": "query.all_animations_finished"},
						{"yubashiri_walk": "query.all_animations_finished"}
					],
					"blend_transition": 0.2,
					"blend_via_shortest_path": true
				},
				"yubashiri_yubashiri3": {
					"animations": ["yubashiri_yubashiri3"],
					"transitions": [
						{"default": "!query.get_equipped_item_name(0) == 'yubashiri'"},
						{"base": "query.all_animations_finished"},
						{"yubashiri_walk": "query.all_animations_finished"}
					],
					"blend_transition": 0.2,
					"blend_via_shortest_path": true
				},
				"yubashiri_walk": {
					"animations": ["yubashiri_walk"],
					"transitions": [
						{"base": "!query.is_moving"},
						{"yubashiri_yubashiri_yubashiri1": "query.get_equipped_item_name(0) == 'yubashiri' && variable.attack_time>0 && variable.randomfour == 0"},
						{"yubashiri_yubashiri2": "query.get_equipped_item_name(0) == 'yubashiri' && variable.attack_time>0 && variable.randomfour == 1"},
						{"yubashiri_yubashiri3": "query.get_equipped_item_name(0) == 'yubashiri' && variable.attack_time>0 && variable.randomfour == 2"}
					],
					"blend_transition": 0.2
				}
			}
		}
	}
}