{
  "format_version": "1.19.70",
  "minecraft:item": {
    "description": {
      "identifier": "mello:celulas_item",
      "category": "items"
    },
    "components": {
      "minecraft:on_use": {
        "on_use": {
          "event": "mello",
          "target": "self"
        }
      },
      "minecraft:foil": true,
      "minecraft:icon": {
        "texture": "celulas"
      },
        "minecraft:display_name": {
        "value": "Celulas Do Hashirama"
      },
      "minecraft:use_duration": 9999,
      "minecraft:max_stack_size": 1,
      "minecraft:hand_equipped": false,
      "minecraft:cooldown": {
        "category": "celulas",
         "duration": 5
      },    
      "minecraft:food": {
        "can_always_eat": true
       }
    },
    "events": {
      "mello": {
            "run_command": {
              "command": [
                "tag @s add celulas",
                "clear @s mello:celulas_item"
          ]
        }      
      }
    }
	}
}
