{
    "pools": [
        {
            "rolls": 1,
            "entries": [
                {
                    "type": "item",
                    "name": "stk:coin",
                    "weight": 1,
                    "functions": [
                        {
                            "function": "set_count",
                            "count": {
                                "min": 7,
                                "max": 5                       }
                        },
                        {
                            "function": "looting_enchant",
                            "count": {
                                "min": 2,
                                "max": 3                                               }
                        }
                    ]
                },
            
            
                {
                    "type": "item",
                    "name": "stk:fragment",
                    "weight": 1,
                    "functions": [
                        {
                            "function": "set_count",
                            "count": {
                                "min": 3,
                                "max": 5                       }
                        },
                        {
                            "function": "looting_enchant",
                            "count": {
                                "min": 2,
                                "max": 3                                               }
                        }
                    ]
                },
                {
                    "type": "item",
                    "name": "stk:capa_rayleigh",
                    "weight": 1,
                    "functions": [
                        {
                            "function": "set_count",
                            "count": {
                                "min": 1,
                                "max": 1                       }
                        },
                        {
                            "function": "looting_enchant",
                            "count": {
                                "min": 2,
                                "max": 3                                               }
                        }
                    ]
                },
                {
                         "type": "item",
                    "name": "stk:kikoku",
                    "weight": 1,
                    "functions": [
                        {
                            "function": "set_count",
                            "count": {
                                "min": 1,
                                "max": 1                       }
                        },
                        {
                            "function": "looting_enchant",
                            "count": {
                                "min": 2,
                                "max": 3                                               }
                        }
                    ]
                }
            ]
        }
    ]
}


