{
	"format_version": "1.8.0",
	"animations": {
		"animation.himejima.prayeron": {
			"animation_length": 1.33333,
			"override_previous_animation": true,
			"bones": {
				"slash": {
					"rotation": [0, 0, -180],
					"position": [0, -24, 0]
				},
				"slash2": {
					"position": [10, -14, 20]
				},
				"slash3": {
					"position": [23, -8, -3]
				},
				"slash4": {
					"position": [-6, -1, -24]
				},
				"slash5": {
					"position": [-10, 7, 22]
				},
				"slash6": {
					"position": [24, 15, -2]
				},
				"slash7": {
					"position": [-23, 28, 8]
				},
				"slash8": {
					"rotation": [0, 0, 180],
					"position": [0, -26, 0]
				}
			},
			"particle_effects": {
				"0.0": {
					"effect": "himejima_rope",
					"locator": "slash"
				},
				"0.0083": {
					"effect": "himejima_beadburst",
					"locator": "slash2"
				},
				"0.0167": {
					"effect": "himejima_beadtwinkle",
					"locator": "slash2"
				},
				"0.025": {
					"effect": "himwjima_bead",
					"locator": "slash2"
				},
				"0.0333": {
					"effect": "himejima_rise",
					"locator": "slash8"
				},
				"0.1333": {
					"effect": "himejima_bead",
					"locator": "slash3"
				},
				"0.1417": {
					"effect": "himejima_beadburst",
					"locator": "slash3"
				},
				"0.15": {
					"effect": "himejima_beadtwinkle",
					"locator": "slash3"
				},
				"0.275": {
					"effect": "himejima_bead",
					"locator": "slash4"
				},
				"0.2833": {
					"effect": "himejima_beadburst",
					"locator": "slash4"
				},
				"0.2917": {
					"effect": "himejima_beadtwinkle",
					"locator": "slash4"
				},
				"0.45": {
					"effect": "himejima_bead",
					"locator": "slash5"
				},
				"0.4583": {
					"effect": "himejima_beadburst",
					"locator": "slash5"
				},
				"0.4667": {
					"effect": "himejima_beadtwinkle",
					"locator": "slash5"
				},
				"0.6167": {
					"effect": "himejima_bead",
					"locator": "slash6"
				},
				"0.625": {
					"effect": "himejima_beadburst",
					"locator": "slash6"
				},
				"0.6333": {
					"effect": "himejima_beadtwinkle",
					"locator": "slash6"
				},
				"0.8833": {
					"effect": "himejima_bead",
					"locator": "slash7"
				},
				"0.8917": {
					"effect": "himejima_beadburst",
					"locator": "slash7"
				},
				"0.9": {
					"effect": "himejima_beadtwinkle",
					"locator": "slash7"
				}
			}
		},
		"animation.himejima_hit_1": {
			"animation_length": 0.83333,
			"override_previous_animation": true,
			"bones": {
				"root": {
					"rotation": {
						"0.0": [0, 0, 0],
						"0.0833": [-17.5, 0, 0],
						"0.2083": [-15, 0, 0],
						"0.25": [25, 0, 0],
						"0.5417": [25, 0, 0],
						"0.8333": [0, 0, 0]
					},
					"position": [0, 0, 0],
					"scale": 1
				},
				"waist": {
					"rotation": {
						"0.0": [0, 0, 0],
						"0.0833": [-18.07779, 14.2906, -4.60659],
						"0.2083": [-18.07779, 14.2906, -4.60659],
						"0.25": [43.1403, -9.96372, -7.60706],
						"0.2917": [43.46973, -11.78315, -9.35304],
						"0.3333": [45.96973, -11.78315, -9.35304],
						"0.5417": [43.1403, -9.96372, -7.60706],
						"0.8333": [0, 0, 0]
					},
					"position": [0, 0, 0],
					"scale": 1
				},
				"leftArm": {
					"rotation": {
						"0.0": [0, 0, 0],
						"0.0833": [-109.05764, 27.24513, 3.88714],
						"0.2083": [-109.05764, 27.24513, 3.88714],
						"0.25": [-34.06, 27.25, 3.89],
						"0.5417": [-34.06, 27.25, 3.89],
						"0.8333": [0, 0, 0]
					},
					"position": {
						"0.0": [0, 0, 0],
						"0.0833": [-2, 0, -1],
						"0.2083": [-2, 0, -1],
						"0.25": [0, 1, 2],
						"0.5417": [0, 1, 2],
						"0.8333": [0, 0, 0]
					},
					"scale": 1
				},
				"rightArm": {
					"rotation": {
						"0.0": [0, 0, 0],
						"0.0833": [-110.84003, -16.06995, -15.61044],
						"0.2083": [-110.84003, -16.06995, -15.61044],
						"0.25": [-29.29498, -41.19646, -15.56077],
						"0.5417": [-29.29498, -41.19646, -15.56077],
						"0.8333": [0, 0, 0]
					},
					"position": {
						"0.0": [0, 0, 0],
						"0.0833": [0, 0, 0]
					},
					"scale": 1
				},
				"leftLeg": {
					"rotation": {
						"0.0": [0, 0, 0],
						"0.0833": [-32.5, 0, 0],
						"0.2083": [-30, 0, 0],
						"0.25": [42.5, 0, 0],
						"0.5417": [42.5, 0, 0],
						"0.8333": [0, 0, 0]
					},
					"position": [0, 0, 0],
					"scale": 1
				},
				"rightLeg": {
					"rotation": {
						"0.0": [0, 0, 0],
						"0.0833": [25, 0, 0],
						"0.2083": [25, 0, 0],
						"0.25": [-10, 0, 0],
						"0.5417": [-10, 0, 0],
						"0.8333": [0, 0, 0]
					},
					"position": [0, 0, 0],
					"scale": 1
				},
				"rightItem": {
					"rotation": {
						"0.0": [0, 0, 0],
						"0.0833": [0, 0, 0],
						"0.2083": [0, 0, 0],
						"0.25": [30, 0, 0],
						"0.5417": [30, 0, 0],
						"0.8333": [0, 0, 0]
					},
					"position": {
						"0.0": [0, 0, 0],
						"0.0833": [2, 0, 0],
						"0.2083": [2, 0, 0],
						"0.25": [1, 0, 0],
						"0.5417": [1, 0, 0],
						"0.8333": [0, 0, 0]
					},
					"scale": 1
				},
				"slash": {
					"rotation": [-162.29763, -46.4098, -335.68842],
					"position": [0, -6, 0]
				},
				"slash2": {
					"rotation": [-44.07322, -72.45745, -459.96008],
					"position": [0, -6, 0]
				},
				"place1": {
					"rotation": [-37.5, 0, 90],
					"position": [-10, -4, -23]
				},
				"place2": {
					"rotation": [0, -37.5, 0],
					"position": [-37, 19, -29]
				},
				"place3": {
					"rotation": [-12.5, 0, 90],
					"position": [-19, -4, -13]
				},
				"place4": {
					"rotation": [0, -5, 0],
					"position": [-45, 19, -7]
				},
				"place5": {
					"rotation": [-2.5, 0, 90],
					"position": [-21, -4, 5]
				},
				"place7": {
					"rotation": [0, -37.5, 0],
					"position": [-37, 19, -29]
				},
				"place8": {
					"rotation": [-12.5, 0, 90],
					"position": [-19, -4, -13]
				},
				"place9": {
					"rotation": [0, -5, 0],
					"position": [-45, 19, -7]
				},
				"place10": {
					"rotation": [-2.5, 0, 90],
					"position": [-21, -4, 5]
				},
				"slash3": {
					"rotation": [-13.03964, -21.68558, -497.77993],
					"position": [0, -6, 0]
				},
				"place12": {
					"rotation": [0, -37.5, 0],
					"position": [-37, 19, -29]
				},
				"place13": {
					"rotation": [-12.5, 0, 90],
					"position": [-19, -4, -13]
				},
				"place14": {
					"rotation": [0, -5, 0],
					"position": [-45, 19, -7]
				},
				"place15": {
					"rotation": [-2.5, 0, 90],
					"position": [-21, -4, 5]
				},
				"slash4": {
					"rotation": [-15.1817, 36.81447, -511.90678],
					"position": [0, -6, 0]
				},
				"place16": {
					"rotation": [0, -37.5, 0],
					"position": [-37, 19, -29]
				},
				"place17": {
					"rotation": [-12.5, 0, 90],
					"position": [-19, -4, -13]
				},
				"place18": {
					"rotation": [0, -5, 0],
					"position": [-45, 19, -7]
				},
				"place19": {
					"rotation": [-2.5, 0, 90],
					"position": [-21, -4, 5]
				},
				"slash6": {
					"position": [0, -19, 0]
				},
				"slash7": {
					"position": [0, 0, 8]
				}
			},
			"particle_effects": {
				"0.0917": {
					"effect": "stone_formflash",
					"locator": "slash7"
				},
				"0.1": {
					"effect": "ground_impact",
					"locator": "slash6"
				},
				"0.225": {
					"effect": "himejima_chain",
					"locator": "place1"
				},
				"0.2417": {
					"effect": "himejima_chain",
					"locator": "place2"
				},
				"0.2583": {
					"effect": "himejima_chain",
					"locator": "place3"
				},
				"0.2667": {
					"effect": "himejima_air",
					"locator": "slash"
				},
				"0.275": {
					"effect": "himejima_chain",
					"locator": "place4"
				},
				"0.2917": {
					"effect": "himejima_chain",
					"locator": "place5"
				},
				"0.3083": {
					"effect": "himejima_chain",
					"locator": "place7"
				},
				"0.325": {
					"effect": "himejima_chain",
					"locator": "place8"
				},
				"0.3417": {
					"effect": "himejima_chain",
					"locator": "place9"
				},
				"0.3583": {
					"effect": "himejima_chain",
					"locator": "place10"
				},
				"0.375": {
					"effect": "himejima_chain",
					"locator": "place12"
				},
				"0.3917": {
					"effect": "himejima_chain",
					"locator": "place13"
				},
				"0.4083": {
					"effect": "himejima_chain",
					"locator": "place14"
				},
				"0.425": {
					"effect": "himejima_chain",
					"locator": "place15"
				},
				"0.4417": {
					"effect": "himejima_chain",
					"locator": "place16"
				},
				"0.4583": {
					"effect": "himejima_chain",
					"locator": "place17"
				},
				"0.475": {
					"effect": "himejima_chain",
					"locator": "place18"
				},
				"0.4917": {
					"effect": "himejima_chain",
					"locator": "place19"
				}
			}
		},
		"animation.himejima.hit_2": {
			"animation_length": 1,
			"override_previous_animation": true,
			"bones": {
				"waist": {
					"rotation": {
						"0.0": [43.1403, -9.96372, -7.60706],
						"0.0833": [26.07618, -21.76933, -3.40531],
						"0.2083": [28.58, -21.77, -3.41],
						"0.2917": [-20.923, 25.35376, -16.54908],
						"0.625": [-20.92, 25.35, -16.55],
						"0.7917": [0, 0, 0]
					}
				},
				"head": {
					"rotation": {
						"0.0": [0, 0, 0],
						"0.2083": [0, 0, 0],
						"0.2917": [17.5, -35, 0],
						"0.625": [17.5, -35, 0],
						"0.7917": [0, 0, 0]
					}
				},
				"leftArm": {
					"rotation": {
						"0.0": [-34.06, 27.25, 3.89],
						"0.0833": [-52.84154, 18.26883, 13.36473],
						"0.2083": [-52.84, 18.27, 13.36],
						"0.25": [-66.91517, 36.6293, 12.33681],
						"0.2917": [-90.61071, 50.11911, 21.44326],
						"0.625": [-90.61, 50.12, 21.44],
						"0.7917": [0, 0, 0]
					},
					"position": {
						"0.0": [0, 1, 2],
						"0.2083": [0, 0, 0],
						"0.25": [0, 0, -3],
						"0.2917": [1, -1, -2],
						"0.625": [1, -1, -2],
						"0.7917": [0, 0, 0]
					}
				},
				"rightArm": {
					"rotation": {
						"0.0": [-29.29498, -41.19646, -15.56077],
						"0.0833": [-139.43276, -13.99545, 136.78082],
						"0.2083": [-139.43, -14, 136.78],
						"0.2917": [-64.55958, 10.68991, 159.08155],
						"0.625": [-64.16, 9.61, 161.37],
						"0.7917": [0, 0, 0]
					},
					"position": {
						"0.0": [0, 0, 0],
						"0.0833": [0, 0, -3],
						"0.2083": [0, 0, -3],
						"0.2917": [0, 0, 0],
						"0.625": [0, 0, 0],
						"0.7917": [0, 0, 0]
					}
				},
				"rightItem": {
					"rotation": {
						"0.0": [30, 0, 0],
						"0.0833": [12.5, -17.5, 0],
						"0.2083": [12.5, -17.5, 0],
						"0.25": [78.45402, -10.45243, 9.85987],
						"0.2917": [104.54589, 2.99317, -17.25002],
						"0.625": [104.54589, 2.99317, -17.25002],
						"0.7917": [0, 0, 0]
					},
					"position": {
						"0.0": [1, 0, 0],
						"0.0833": [-3, -1, 0],
						"0.2083": [-3, -1, 0],
						"0.2917": [-2, 2, -4],
						"0.625": [-2, 2, -4],
						"0.7917": [0, 0, 0]
					}
				},
				"leftLeg": {
					"rotation": {
						"0.0": [42.5, 0, 0],
						"0.0833": [12.5, 0, 0],
						"0.2083": [12.5, 0, 0],
						"0.2917": [-22.5, 0, 0],
						"0.625": [-22.5, 0, 0],
						"0.7917": [0, 0, 0]
					}
				},
				"rightLeg": {
					"rotation": {
						"0.0": [-10, 0, 0],
						"0.0833": [-12.5, 0, 0],
						"0.2083": [-12.5, 0, 0],
						"0.2917": [12.5, 0, 0],
						"0.625": [12.5, 0, 0],
						"0.7917": [0, 0, 0]
					},
					"position": [0, 0, 0]
				},
				"root": {
					"rotation": {
						"0.0": [25, 0, 0],
						"0.0833": [2.5, -5, 0],
						"0.2083": [5, -5, 0],
						"0.2917": [-0.0003, 14.96214, 0.87038]
					}
				},
				"slash": {
					"rotation": [-178.42583, 2.2271, -304.70069],
					"position": [-6, -9, 0]
				},
				"slash2": {
					"rotation": [-177.05227, -57.73782, -307.25515],
					"position": [-6, -9, 0]
				},
				"place1": {
					"rotation": [-37.5, 0, 90],
					"position": [-10, -4, -23]
				},
				"place2": {
					"rotation": [0, -37.5, 0],
					"position": [-37, 19, -29]
				},
				"place3": {
					"rotation": [-12.5, 0, 90],
					"position": [-19, -4, -13]
				},
				"place4": {
					"rotation": [0, -5, 0],
					"position": [-45, 19, -7]
				},
				"place5": {
					"rotation": [-2.5, 0, 90],
					"position": [-21, -4, 5]
				},
				"place7": {
					"rotation": [0, -37.5, 0],
					"position": [-37, 19, -29]
				},
				"place8": {
					"rotation": [-12.5, 0, 90],
					"position": [-19, -4, -13]
				},
				"place9": {
					"rotation": [0, -5, 0],
					"position": [-45, 19, -7]
				},
				"place10": {
					"rotation": [-2.5, 0, 90],
					"position": [-21, -4, 5]
				},
				"slash3": {
					"rotation": [-4.05809, -67.17657, -481.02058],
					"position": [-6, -9, 0]
				},
				"place12": {
					"rotation": [0, -37.5, 0],
					"position": [-37, 19, -29]
				},
				"place13": {
					"rotation": [-12.5, 0, 90],
					"position": [-19, -4, -13]
				},
				"place14": {
					"rotation": [0, -5, 0],
					"position": [-45, 19, -7]
				},
				"place15": {
					"rotation": [-2.5, 0, 90],
					"position": [-21, -4, 5]
				},
				"slash4": {
					"rotation": [-1.60948, -12.22326, -124.42104],
					"position": [-6, -9, 0]
				},
				"place16": {
					"rotation": [0, -37.5, 0],
					"position": [-37, 19, -29]
				},
				"place17": {
					"rotation": [-12.5, 0, 90],
					"position": [-19, -4, -13]
				},
				"place18": {
					"rotation": [0, -5, 0],
					"position": [-45, 19, -7]
				},
				"place19": {
					"rotation": [-2.5, 0, 90],
					"position": [-21, -4, 5]
				},
				"slash6": {
					"position": [0, -19, 0]
				},
				"slash7": {
					"position": [0, 0, 8]
				}
			},
			"particle_effects": {
				"0.0833": {
					"effect": "stone_formflash",
					"locator": "slash7"
				},
				"0.0917": {
					"effect": "ground_impact",
					"locator": "slash6"
				},
				"0.2167": {
					"effect": "himejima_chain",
					"locator": "place1"
				},
				"0.2333": {
					"effect": "himejima_chain",
					"locator": "place2"
				},
				"0.25": {
					"effect": "himejima_chain",
					"locator": "place3"
				},
				"0.2583": {
					"effect": "himejima_air",
					"locator": "slash"
				},
				"0.2667": {
					"effect": "himejima_chain",
					"locator": "place4"
				},
				"0.2833": {
					"effect": "himejima_chain",
					"locator": "place5"
				},
				"0.3": {
					"effect": "himejima_chain",
					"locator": "place7"
				},
				"0.3167": {
					"effect": "himejima_chain",
					"locator": "place8"
				},
				"0.3333": {
					"effect": "himejima_chain",
					"locator": "place9"
				},
				"0.35": {
					"effect": "himejima_chain",
					"locator": "place10"
				},
				"0.3667": {
					"effect": "himejima_chain",
					"locator": "place12"
				},
				"0.3833": {
					"effect": "himejima_chain",
					"locator": "place13"
				},
				"0.4": {
					"effect": "himejima_chain",
					"locator": "place14"
				},
				"0.4167": {
					"effect": "himejima_chain",
					"locator": "place15"
				},
				"0.4333": {
					"effect": "himejima_chain",
					"locator": "place16"
				},
				"0.45": {
					"effect": "himejima_chain",
					"locator": "place17"
				},
				"0.4667": {
					"effect": "himejima_chain",
					"locator": "place18"
				},
				"0.4833": {
					"effect": "himejima_chain",
					"locator": "place19"
				}
			}
		},
		"animation.himejima.hit_1_freeze": {
			"animation_length": 0.33333,
			"override_previous_animation": true,
			"bones": {
				"root": {
					"rotation": [25, 0, 0]
				},
				"waist": {
					"rotation": [43.1403, -9.96372, -7.60706]
				},
				"head": {
					"rotation": [0, 0, 0],
					"position": [0, 0, 0],
					"scale": 1
				},
				"rightArm": {
					"rotation": [-29.29498, -41.19646, -15.56077]
				},
				"rightItem": {
					"rotation": [30, 0, 0],
					"position": [1, 0, 0]
				},
				"leftArm": {
					"rotation": [-34.06, 27.25, 3.89],
					"position": [0, 1, 2]
				},
				"leftLeg": {
					"rotation": [42.5, 0, 0]
				},
				"rightLeg": {
					"rotation": [-10, 0, 0]
				}
			}
		},
		"animation.himejima.hit_2_freeze": {
			"animation_length": 0.33333,
			"override_previous_animation": true,
			"bones": {
				"root": {
					"rotation": [-0.0003, 14.96214, 0.87038]
				},
				"waist": {
					"rotation": [-20.923, 25.35376, -16.54908]
				},
				"head": {
					"rotation": [17.5, -35, 0],
					"position": [0, 0, 0],
					"scale": 1
				},
				"rightArm": {
					"rotation": [-64.55958, 10.68991, 159.08155],
					"position": [0, 0, 0]
				},
				"rightItem": {
					"rotation": [104.54589, 2.99317, -17.25002],
					"position": [-2, 2, -4]
				},
				"leftArm": {
					"rotation": [-90.61071, 50.11911, 21.44326],
					"position": [1, -1, -2]
				},
				"leftLeg": {
					"rotation": [-22.5, 0, 0]
				},
				"rightLeg": {
					"rotation": [12.5, 0, 0]
				}
			}
		}
	}
}