{
	"format_version": "1.8.0",
	"animations": {
		"animation.onimaskcollect.idle": {
			"loop": true,
			"animation_length": 1,
			"override_previous_animation": true,
			"bones": {
				"onimask": {
					"rotation": [0, 0, 0],
					"position": {
						"0.0": [0, 1, 0],
						"0.0833": [0, 1, 0],
						"0.25": [0, 1.31, 0],
						"0.375": [0, 1.9, 0],
						"0.4583": [0, 2, 0],
						"0.5417": [0, 2, 0],
						"0.625": [0, 1.9, 0],
						"0.75": [0, 1.31, 0],
						"1.0": [0, 1, 0]
					}
				}
			}
		},
		"animation.onimaskcollect.collect": {
			"animation_length": 1,
			"bones": {
				"onimask": {
					"rotation": {
						"0.0": [0, 0, 0],
						"0.125": [-17.5, 57.5, -17.5],
						"0.5": [0, 360, 0]
					},
					"position": {
						"0.0": [0, 0, 0],
						"0.125": [0, 8, 0],
						"0.5": [0, 40, 0]
					},
					"scale": {
						"0.0": [1, 1, 1],
						"0.125": [0.9, 0.9, 0.9],
						"0.5": [0, 0, 0]
					}
				}
			}
		}
	}
}