{
	"format_version": "1.8.0",
	"animations": {
		"animation.redsword.on": {
			"animation_length": 2,
			"override_previous_animation": true,
			"bones": {
				"root": {
					"rotation": {
						"0.0": [0, 0, 0],
						"0.7083": [0, 0, 0]
					},
					"position": {
						"0.0": [0, 0, 0],
						"0.7083": [0, 0, 0]
					},
					"scale": 1
				},
				"waist": {
					"rotation": {
						"0.0": [0, 0, 0],
						"0.25": [22.5, -17.5, 0],
						"0.7083": [25.35866, -19.76253, -1.12238],
						"0.875": [-10, 0, 0]
					},
					"position": [0, 0, 0],
					"scale": 1
				},
				"head": {
					"rotation": {
						"0.0": [0, 0, 0],
						"0.2083": [-7.08836, 28.23804, -13.15893],
						"0.7083": [-7.08836, 28.23804, -13.15893],
						"0.875": [10, 0, 0]
					},
					"position": [0, 0, 0],
					"scale": 1
				},
				"rightArm": {
					"rotation": {
						"0.0": [0, 0, 0],
						"0.125": [-133.30169, 7.1378, 132.3315],
						"0.7083": [-133.30169, 7.1378, 132.3315],
						"0.875": [-35.11146, 18.76488, 8.45248]
					},
					"position": {
						"0.0": [0, 0, 0],
						"0.125": [2, 0, -4],
						"0.7083": [2, 0, -4],
						"0.875": [0, 0, 0]
					},
					"scale": 1
				},
				"rightItem": {
					"rotation": {
						"0.0": [0, 0, 0],
						"0.7083": [0, 0, 0]
					},
					"position": {
						"0.0": [0, 0, 0],
						"0.7083": [0, 0, 0]
					},
					"scale": 1
				},
				"blade2": {
					"scale": {
						"0.0": [1, 1, 1],
						"0.2083": [0, 0, 0],
						"0.7083": [0, 0, 0],
						"0.75": [1, 1, 1]
					}
				},
				"leftArm": {
					"rotation": {
						"0.0": [0, 0, 0],
						"0.125": [-19.8423, 2.55868, -7.94761],
						"0.7083": [-19.84, 2.56, -7.95],
						"0.875": [7.2635, 3.53536, -15.39695]
					},
					"position": {
						"0.0": [0, 0, 0],
						"0.7083": [0, 0, 0]
					},
					"scale": 1
				},
				"sheathmove": {
					"rotation": {
						"0.0": [0, 0, 0],
						"0.1667": [-20.96432, 9.02717, -15.43549],
						"0.4167": [-20.96, 9.03, -15.44],
						"0.7083": [-16.1, 1.24, -12.45],
						"0.875": [-6.38472, -14.33058, -6.46332]
					},
					"position": {
						"0.0": [0, 0, 0],
						"0.1667": [3, 1, -5],
						"0.7083": [3, 1, -5],
						"0.875": [4, 1, -1]
					},
					"scale": {
						"0.0": [1, 1, 1],
						"0.7083": [1, 1, 1]
					}
				},
				"leftLeg": {
					"rotation": {
						"0.0": [0, 0, 0],
						"0.2083": [26.15697, -29.76212, -13.70122],
						"0.7083": [26.16, -29.76, -13.7],
						"0.875": [18.66, -29.76, -13.7]
					},
					"position": {
						"0.0": [0, 0, 0],
						"0.2083": [0, 0, 1],
						"0.7083": [0, 0, 1]
					},
					"scale": 1
				},
				"rightLeg": {
					"rotation": {
						"0.0": [0, 0, 0],
						"0.2083": [-4.96926, 18.48393, -0.10568],
						"0.7083": [-4.97, 18.48, -0.11],
						"0.875": [-2.12849, 0.26656, 3.87643]
					},
					"position": {
						"0.0": [0, 0, 0],
						"0.2083": [0, 0, -1],
						"0.7083": [0, 0, -1],
						"0.875": [0, 0, 0]
					},
					"scale": 1
				},
				"slash": {
					"rotation": [-43.89921, 20, 4.79305],
					"position": {
						"0.875": [-9.9, -1, -3],
						"1.0417": [-9.9, 22, -24]
					}
				},
				"body": {
					"rotation": [0, 0, 0],
					"position": [0, 0, 0],
					"scale": 1
				}
			},
			"particle_effects": {
				"0.875": {
					"effect": "redsword_on",
					"locator": "slash"
				}
			}
		}
	}
}