{
	"format_version": "1.8.0",
	"animations": {
		"animation.shinazugawa.slice": {
			"animation_length": 2.04167,
			"override_previous_animation": true,
			"bones": {
				"root": {
					"rotation": [0, 0, 0],
					"position": [0, 0, 0],
					"scale": 1
				},
				"waist": {
					"rotation": {
						"0.0": [0, 0, 0],
						"0.2083": [2.5, -2.5, 0],
						"0.2917": [2.5, -2.5, 0],
						"0.375": [2.50714, 4.99286, 0.32746],
						"0.875": [2.51913, 7.49046, 0.43772],
						"1.0": [0, 0, 0]
					},
					"position": [0, 0, 0],
					"scale": 1
				},
				"body": {
					"rotation": [0, 0, 0],
					"position": [0, 0, 0],
					"scale": 1
				},
				"head": {
					"rotation": {
						"0.0": [0, 0, 0],
						"0.2083": [-2.5, 5, 0],
						"0.3333": [-2.49286, 2.50237, 0.10912]
					},
					"position": [0, 0, 0],
					"scale": 1
				},
				"rightArm": {
					"rotation": {
						"0.0": [0, 0, 0],
						"0.2083": [-90, 2.5, 90],
						"0.2917": [-90, 2.5, 90],
						"0.3333": [-12.5, 2.5, 90],
						"0.875": [-10, 2.5, 90],
						"1.0": [0, 0, 0]
					},
					"position": {
						"0.0": [0, 0, 0],
						"1.0": [0, 0, 0]
					},
					"scale": {
						"0.0": [1, 1, 1],
						"1.0": [1, 1, 1]
					}
				},
				"rightItem": {
					"rotation": {
						"0.0": [0, 0, 0],
						"0.2083": [0, 0, -90],
						"0.2917": [0, 0, -90],
						"0.3333": [0, -60, -90],
						"0.875": [0, -60, -90],
						"1.0": [0, 0, 0]
					},
					"position": {
						"0.0": [0, 0, 0],
						"0.2917": [0, 0, 0],
						"0.3333": [0, -2, 0],
						"0.875": [0, -2, 0],
						"1.0": [0, 0, 0]
					},
					"scale": {
						"0.0": [1, 1, 1],
						"1.0": [1, 1, 1]
					}
				},
				"leftArm": {
					"rotation": {
						"0.0": [0, 0, 0],
						"0.2083": [-89.45857, -2.4407, 77.48847],
						"0.2917": [-89.46, -2.44, 77.49],
						"0.5833": [-89.46, -3.12, 77.48],
						"0.6667": [-36.91, 16.94, 37.22],
						"0.7083": [15.64919, 37.00701, -3.03516],
						"0.75": [18.84981, 34.42965, -10.95146],
						"0.8333": [-4.93346, 22.9531, -7.30097],
						"1.0": [0, 0, 0]
					},
					"position": {
						"0.0": [0, 0, 0],
						"0.2083": [1, 0, 0],
						"0.2917": [1, 0, 0],
						"0.5833": [1, 0, 0],
						"0.6667": [1, 0, 0],
						"0.7083": [1, 0, 0],
						"1.0": [0, 0, 0]
					},
					"scale": {
						"0.0": [1, 1, 1],
						"1.0": [1, 1, 1]
					}
				},
				"leftLeg": {
					"rotation": {
						"0.0": [0, 0, 0],
						"0.2083": [2.5, -10, 0],
						"0.8333": [2.5, -10, 0],
						"1.0": [0, 0, 0]
					},
					"position": {
						"0.0": [0, 0, 0],
						"0.2083": [0.6, 0, 0.7],
						"0.8333": [0.6, 0, 0.7],
						"1.0": [0, 0, 0]
					},
					"scale": {
						"0.0": [1, 1, 1],
						"1.0": [1, 1, 1]
					}
				},
				"rightLeg": {
					"rotation": {
						"0.0": [0, 0, 0],
						"0.2083": [0, 7.5, 0],
						"0.8333": [0, 7.5, 0],
						"1.0": [0, 0, 0]
					},
					"position": {
						"0.0": [0, 0, 0],
						"0.2083": [0, 0, -1],
						"0.8333": [0, 0, -1],
						"1.0": [0, 0, 0]
					},
					"scale": {
						"0.0": [1, 1, 1],
						"1.0": [1, 1, 1]
					}
				},
				"slash": {
					"rotation": [0, 17.5, 0],
					"position": [-5, 3, -7]
				},
				"slash2": {
					"position": [6, 2, -10]
				},
				"slash3": {
					"rotation": [139.13377, -55.89295, 189.76502],
					"position": [7, 0, -1]
				}
			},
			"particle_effects": {
				"0.3333": {
					"effect": "shinazugawa_slice",
					"locator": "slash"
				},
				"0.375": {
					"effect": "shinazugawa_slice",
					"locator": "slash2"
				},
				"0.75": {
					"effect": "shinazugawa_sliceswing",
					"locator": "slash3"
				}
			}
		},
		"animation.shinazugawa.bloodrain": {
			"animation_length": 1,
			"override_previous_animation": true,
			"bones": {
				"root": {
					"rotation": {
						"0.0": [0, 0, 0],
						"0.25": [0, 0, 0],
						"0.625": [0, 0, 0],
						"0.75": [0, 0, 0]
					},
					"position": {
						"0.0": [0, 0, 0],
						"0.25": [0, 0, 0],
						"0.625": [0, 0, 0],
						"0.75": [0, 0, 0]
					},
					"scale": {
						"0.0": [1, 1, 1],
						"0.25": [1, 1, 1],
						"0.625": [1, 1, 1],
						"0.75": [1, 1, 1]
					}
				},
				"waist": {
					"rotation": {
						"0.0": [0, 0, 0],
						"0.125": [5.22705, -22.47025, -0.70537],
						"0.25": [7.83108, -24.95939, -0.96128],
						"0.2917": [-9.09297, 7.14289, -5.61538],
						"0.625": [-9.22784, 12.07921, -6.42245],
						"0.75": [0, 0, 0]
					},
					"position": {
						"0.0": [0, 0, 0],
						"0.25": [0, 0, 0],
						"0.625": [0, 0, 0],
						"0.75": [0, 0, 0]
					},
					"scale": {
						"0.0": [1, 1, 1],
						"0.25": [1, 1, 1],
						"0.625": [1, 1, 1],
						"0.75": [1, 1, 1]
					}
				},
				"body": {
					"rotation": {
						"0.0": [0, 0, 0],
						"0.25": [0, 0, 0],
						"0.625": [0, 0, 0],
						"0.75": [0, 0, 0]
					},
					"position": {
						"0.0": [0, 0, 0],
						"0.25": [0, 0, 0],
						"0.625": [0, 0, 0],
						"0.75": [0, 0, 0]
					},
					"scale": {
						"0.0": [1, 1, 1],
						"0.25": [1, 1, 1],
						"0.625": [1, 1, 1],
						"0.75": [1, 1, 1]
					}
				},
				"head": {
					"rotation": {
						"0.0": [0, 0, 0],
						"0.125": [2.5, -2.5, 0],
						"0.25": [2.50716, -4.99761, -0.10943],
						"0.2917": [6.29598, -22.65293, 4.44012],
						"0.625": [6.3, -22.65, 4.44],
						"0.75": [0, 0, 0]
					},
					"position": {
						"0.0": [0, 0, 0],
						"0.25": [0, 0, 0],
						"0.625": [0, 0, 0],
						"0.75": [0, 0, 0]
					},
					"scale": {
						"0.0": [1, 1, 1],
						"0.25": [1, 1, 1],
						"0.625": [1, 1, 1],
						"0.75": [1, 1, 1]
					}
				},
				"rightArm": {
					"rotation": {
						"0.0": [0, 0, 0],
						"0.125": [9.81183, 21.29032, 8.97393],
						"0.25": [9.98824, 23.75279, 9.43523],
						"0.2917": [19.05955, 25.21235, 23.90618],
						"0.625": [21.56, 25.21, 23.91],
						"0.75": [0, 0, 0]
					},
					"position": {
						"0.0": [0, 0, 0],
						"0.25": [0, 0, 0],
						"0.625": [0, 0, 0],
						"0.75": [0, 0, 0]
					},
					"scale": {
						"0.0": [1, 1, 1],
						"0.25": [1, 1, 1],
						"0.625": [1, 1, 1],
						"0.75": [1, 1, 1]
					}
				},
				"rightItem": {
					"rotation": {
						"0.0": [0, 0, 0],
						"0.25": [0, 0, 0],
						"0.625": [0, 0, 0],
						"0.75": [0, 0, 0]
					},
					"position": {
						"0.0": [0, 0, 0],
						"0.25": [0, 0, 0],
						"0.625": [0, 0, 0],
						"0.75": [0, 0, 0]
					},
					"scale": {
						"0.0": [1, 1, 1],
						"0.25": [1, 1, 1],
						"0.625": [1, 1, 1],
						"0.75": [1, 1, 1]
					}
				},
				"leftArm": {
					"rotation": {
						"0.0": [0, 0, 0],
						"0.125": [14.65993, 3.21132, -12.08681],
						"0.25": [14.66, 3.21, -12.09],
						"0.2917": [-112.84, 3.21, -12.09],
						"0.625": [-117.79712, 0.99885, -10.9226],
						"0.75": [0, 0, 0]
					},
					"position": {
						"0.0": [0, 0, 0],
						"0.25": [0, 0, 0],
						"0.625": [0, 0, 0],
						"0.75": [0, 0, 0]
					},
					"scale": {
						"0.0": [1, 1, 1],
						"0.25": [1, 1, 1],
						"0.625": [1, 1, 1],
						"0.75": [1, 1, 1]
					}
				},
				"left_armparticle": {
					"position": [6, 16, 0]
				},
				"leftLeg": {
					"rotation": {
						"0.0": [0, 0, 0],
						"0.125": [0, -17.5, 0],
						"0.25": [0, -17.5, 0],
						"0.625": [0, -17.5, 0],
						"0.75": [0, 0, 0]
					},
					"position": {
						"0.0": [0, 0, 0],
						"0.125": [0, 0, 1],
						"0.25": [0, 0, 1],
						"0.625": [0, 0, 1],
						"0.75": [0, 0, 0]
					},
					"scale": {
						"0.0": [1, 1, 1],
						"0.25": [1, 1, 1],
						"0.625": [1, 1, 1],
						"0.75": [1, 1, 1]
					}
				},
				"rightLeg": {
					"rotation": {
						"0.0": [0, 0, 0],
						"0.125": [0, 7.5, 0],
						"0.25": [0, 7.5, 0],
						"0.625": [0, 7.5, 0],
						"0.75": [0, 0, 0]
					},
					"position": {
						"0.0": [0, 0, 0],
						"0.125": [0, 0, -1],
						"0.25": [0, 0, -1],
						"0.625": [0, 0, -1],
						"0.75": [0, 0, 0]
					},
					"scale": {
						"0.0": [1, 1, 1],
						"0.25": [1, 1, 1],
						"0.625": [1, 1, 1],
						"0.75": [1, 1, 1]
					}
				},
				"slash": {
					"position": [0, -3, 0]
				}
			},
			"particle_effects": {
				"0.0417": {
					"effect": "shinazugawa_charge",
					"locator": "slash"
				},
				"0.3333": {
					"effect": "shinazugawa_sliceswing",
					"locator": "left_armparticle"
				}
			}
		},
		"animation.shinazugawa.claw": {
			"animation_length": 0.75,
			"override_previous_animation": true,
			"bones": {
				"root": {
					"rotation": {
						"0.0": [0, 0, 0],
						"0.25": [0, 0, 0]
					},
					"position": {
						"0.0": [0, 0, 0],
						"0.25": [0, 0, 0]
					},
					"scale": {
						"0.0": [1, 1, 1],
						"0.25": [1, 1, 1]
					}
				},
				"waist": {
					"rotation": {
						"0.0": [0, 0, 0],
						"0.1667": [5, -25, 0],
						"0.25": [5, -25, 0],
						"0.4167": [4.75157, -17.52705, 0.68355],
						"0.4583": [5.19094, -12.32953, -1.44334],
						"0.75": [0, 0, 0]
					},
					"position": {
						"0.0": [0, 0, 0],
						"0.25": [0, 0, 0]
					},
					"scale": {
						"0.0": [1, 1, 1],
						"0.25": [1, 1, 1]
					}
				},
				"body": {
					"rotation": {
						"0.0": [0, 0, 0],
						"0.25": [0, 0, 0]
					},
					"position": {
						"0.0": [0, 0, 0],
						"0.25": [0, 0, 0]
					},
					"scale": {
						"0.0": [1, 1, 1],
						"0.25": [1, 1, 1]
					}
				},
				"head": {
					"rotation": {
						"0.0": [0, 0, 0],
						"0.1667": [2.5, 7.5, 0],
						"0.25": [2.5, 7.5, 0],
						"0.5833": [-7.40118, 17.49016, 0.45502],
						"0.75": [0, 0, 0]
					},
					"position": {
						"0.0": [0, 0, 0],
						"0.25": [0, 0, 0]
					},
					"scale": {
						"0.0": [1, 1, 1],
						"0.25": [1, 1, 1]
					}
				},
				"rightArm": {
					"rotation": {
						"0.0": [0, 0, 0],
						"0.1667": [-64.96013, -52.30155, -20.28592],
						"0.25": [-64.96, -52.3, -20.29],
						"0.5": [-63.96116, 22.32517, 13.83952],
						"0.5833": [-58.76166, 46.55155, 28.64039],
						"0.75": [0, 0, 0]
					},
					"position": {
						"0.0": [0, 0, 0],
						"0.25": [0, 0, 0]
					},
					"scale": {
						"0.0": [1, 1, 1],
						"0.25": [1, 1, 1]
					}
				},
				"rightItem": {
					"rotation": {
						"0.0": [0, 0, 0],
						"0.1667": [55, 0, 0],
						"0.25": [55, 0, 0],
						"0.3333": [65.98751, -9.93088, -48.42313],
						"0.4167": [70.03988, -13.0448, -83.34358],
						"0.5": [75.56525, -13.46072, -111.12172],
						"0.5833": [78.89203, -11.28943, -128.99323],
						"0.75": [0, 0, 0]
					},
					"position": {
						"0.0": [0, 0, 0],
						"0.25": [0, 0, 0],
						"0.3333": [-1.5, 1.5, -0.3],
						"0.4167": [-1, 1, 0],
						"0.5833": [-2, -2, 0],
						"0.75": [0, 0, 0]
					},
					"scale": {
						"0.0": [1, 1, 1],
						"0.25": [1, 1, 1]
					}
				},
				"leftArm": {
					"rotation": {
						"0.0": [0, 0, 0],
						"0.1667": [-75.23292, -7.15102, 72.35832],
						"0.25": [-75.23, -7.15, 72.36],
						"0.5833": [-75.23, -7.15, 72.36],
						"0.75": [0, 0, 0]
					},
					"position": {
						"0.0": [0, 0, 0],
						"0.1667": [1, 0, 0],
						"0.25": [1, 0, 0],
						"0.5833": [1, 0, 0],
						"0.75": [0, 0, 0]
					},
					"scale": {
						"0.0": [1, 1, 1],
						"0.25": [1, 1, 1],
						"0.5833": [1, 1, 1]
					}
				},
				"leftItem": {
					"rotation": {
						"0.0": [0, 0, 0],
						"0.25": [0, 0, 0]
					},
					"position": {
						"0.0": [0, 0, 0],
						"0.25": [0, 0, 0]
					},
					"scale": {
						"0.0": [1, 1, 1],
						"0.25": [1, 1, 1]
					}
				},
				"leftLeg": {
					"rotation": {
						"0.0": [0, 0, 0],
						"0.1667": [6.02482, -22.2598, -2.69117],
						"0.25": [6.02, -22.26, -2.69],
						"0.5833": [6.02, -22.26, -2.69],
						"0.75": [0, 0, 0]
					},
					"position": {
						"0.0": [0, 0, 0],
						"0.1667": [0, 0, 1],
						"0.25": [0, 0, 1],
						"0.5833": [0, 0, 1],
						"0.75": [0, 0, 0]
					},
					"scale": {
						"0.0": [1, 1, 1],
						"0.25": [1, 1, 1],
						"0.5833": [1, 1, 1]
					}
				},
				"rightLeg": {
					"rotation": {
						"0.0": [0, 0, 0],
						"0.1667": [0, 10, 0],
						"0.25": [0, 10, 0],
						"0.5833": [0, 10, 0],
						"0.75": [0, 0, 0]
					},
					"position": {
						"0.0": [0, 0, 0],
						"0.1667": [0, 0, -1],
						"0.25": [0, 0, -1],
						"0.5833": [0, 0, -1],
						"0.75": [0, 0, 0]
					},
					"scale": {
						"0.0": [1, 1, 1],
						"0.25": [1, 1, 1],
						"0.5833": [1, 1, 1]
					}
				},
				"slash": {
					"rotation": [0, 0, -15],
					"position": {
						"0.25": [9, 0, -6],
						"0.5833": [-11, 0, -6]
					}
				},
				"slash2": {
					"position": [0, -3, 0]
				}
			},
			"particle_effects": {
				"0.0": {
					"effect": "shinazugawa_charge",
					"locator": "slash2"
				},
				"0.25": {
					"effect": "shinazugawa_coat",
					"locator": "slash"
				}
			}
		},
		"animation.shinazugawa.clawslash": {
			"animation_length": 0.25,
			"bones": {
				"slash": {
					"rotation": [-181.29878, -29.76212, 153.84303],
					"position": [-2, 0, 0]
				},
				"slash2": {
					"rotation": [-181.29878, -29.76212, 153.84303],
					"position": [-6, 12, 0]
				},
				"slash3": {
					"rotation": [-181.29878, -29.76212, 153.84303],
					"position": [3, -14, 0]
				}
			},
			"particle_effects": {
				"0.0": {
					"effect": "shinazugawa_clawslash",
					"locator": "slash"
				},
				"0.0083": {
					"effect": "shinazugawa_clawslash",
					"locator": "slash2"
				},
				"0.0167": {
					"effect": "shinazugawa_clawslash",
					"locator": "slash3"
				}
			}
		},
		"animation.shinazugawa.burst": {
			"animation_length": 1,
			"override_previous_animation": true,
			"bones": {
				"root": {
					"rotation": {
						"0.0": [0, 0, 0],
						"0.1667": [0, 0, 0],
						"0.75": [0, 0, 0],
						"0.9167": [0, 0, 0]
					},
					"position": {
						"0.0": [0, 0, 0],
						"0.1667": [0, 0, 0],
						"0.75": [0, 0, 0],
						"0.9167": [0, 0, 0]
					},
					"scale": {
						"0.0": [1, 1, 1],
						"0.1667": [1, 1, 1],
						"0.75": [1, 1, 1],
						"0.9167": [1, 1, 1]
					}
				},
				"waist": {
					"rotation": {
						"0.0": [0, 0, 0],
						"0.1667": [7.5, -17.5, 0],
						"0.2917": [8.06091, -27.40852, -1.46301],
						"0.3333": [7.39571, 14.74012, 4.15864],
						"0.75": [7.48845, 17.21906, 4.49544],
						"0.9167": [0, 0, 0]
					},
					"position": {
						"0.0": [0, 0, 0],
						"0.1667": [0, 0, 0],
						"0.75": [0, 0, 0],
						"0.9167": [0, 0, 0]
					},
					"scale": {
						"0.0": [1, 1, 1],
						"0.1667": [1, 1, 1],
						"0.75": [1, 1, 1],
						"0.9167": [1, 1, 1]
					}
				},
				"head": {
					"rotation": {
						"0.0": [0, 0, 0],
						"0.1667": [-7.64591, 14.95645, -0.67467],
						"0.2917": [-7.85783, 19.91082, -1.38134],
						"0.75": [-7.86, 19.91, -1.38],
						"0.9167": [0, 0, 0]
					},
					"position": {
						"0.0": [0, 0, 0],
						"0.1667": [0, 0, 0],
						"0.75": [0, 0, 0],
						"0.9167": [0, 0, 0]
					},
					"scale": {
						"0.0": [1, 1, 1],
						"0.1667": [1, 1, 1],
						"0.75": [1, 1, 1],
						"0.9167": [1, 1, 1]
					}
				},
				"rightArm": {
					"rotation": {
						"0.0": [0, 0, 0],
						"0.1667": [12.45392, -1.08089, 44.88206],
						"0.3333": [24.95392, -1.08089, 44.88206],
						"0.75": [24.95, -1.08, 44.88],
						"0.9167": [0, 0, 0]
					},
					"position": {
						"0.0": [0, 0, 0],
						"0.1667": [-1, 0, 0],
						"0.75": [-1, 0, 0],
						"0.9167": [0, 0, 0]
					},
					"scale": {
						"0.0": [1, 1, 1],
						"0.1667": [1, 1, 1],
						"0.75": [1, 1, 1],
						"0.9167": [1, 1, 1]
					}
				},
				"rightItem": {
					"rotation": {
						"0.0": [0, 0, 0],
						"0.1667": [27.5, 0, 0],
						"0.75": [27.5, 0, 0],
						"0.9167": [0, 0, 0]
					},
					"position": {
						"0.0": [0, 0, 0],
						"0.1667": [0, 0, 0],
						"0.75": [0, 0, 0],
						"0.9167": [0, 0, 0]
					},
					"scale": {
						"0.0": [1, 1, 1],
						"0.1667": [1, 1, 1],
						"0.75": [1, 1, 1],
						"0.9167": [1, 1, 1]
					}
				},
				"leftArm": {
					"rotation": {
						"0.0": [0, 0, 0],
						"0.1667": [-104.00194, -44.13603, 9.85108],
						"0.2917": [-104.62771, -46.55847, 10.73052],
						"0.3333": [-110.90025, 60.87208, -18.44741],
						"0.75": [-112.65, 63.19, -20.42],
						"0.9167": [0, 0, 0]
					},
					"position": {
						"0.0": [0, 0, 0],
						"0.1667": [0, 0, 2],
						"0.2917": [0, 0, 2],
						"0.3333": [-1, 0, -1],
						"0.75": [-1, 0, -1],
						"0.9167": [0, 0, 0]
					},
					"scale": {
						"0.0": [1, 1, 1],
						"0.1667": [1, 1, 1],
						"0.75": [1, 1, 1],
						"0.9167": [1, 1, 1]
					}
				},
				"leftItem": {
					"rotation": [0, 0, 0],
					"position": [0, 0, 0],
					"scale": 1
				},
				"leftLeg": {
					"rotation": {
						"0.0": [0, 0, 0],
						"0.1667": [11.53322, -19.43927, -1.29211],
						"0.75": [11.53, -19.44, -1.29],
						"0.9167": [0, 0, 0]
					},
					"position": {
						"0.0": [0, 0, 0],
						"0.1667": [0, 0, 2],
						"0.75": [0, 0, 2],
						"0.9167": [0, 0, 0]
					},
					"scale": {
						"0.0": [1, 1, 1],
						"0.1667": [1, 1, 1],
						"0.75": [1, 1, 1],
						"0.9167": [1, 1, 1]
					}
				},
				"rightLeg": {
					"rotation": {
						"0.0": [0, 0, 0],
						"0.1667": [-1.67232, 9.09564, 4.98671],
						"0.75": [-1.67, 9.1, 4.99],
						"0.9167": [0, 0, 0]
					},
					"position": {
						"0.0": [0, 0, 0],
						"0.1667": [0, 0, -3],
						"0.75": [0, 0, -3],
						"0.9167": [0, 0, 0]
					},
					"scale": {
						"0.0": [1, 1, 1],
						"0.1667": [1, 1, 1],
						"0.75": [1, 1, 1],
						"0.9167": [1, 1, 1]
					}
				},
				"slash": {
					"rotation": [0, -135, 0]
				},
				"slash2": {
					"rotation": [182.51874, -44.45555, -172.95664],
					"position": [3, 8, 0]
				},
				"slash3": {
					"rotation": [178, -44.45555, -188],
					"position": [3, -8, 0]
				}
			},
			"particle_effects": {
				"0.0": {
					"effect": "shinazugawa_charge",
					"locator": "slash4"
				},
				"0.375": {
					"effect": "shinazugawa_clawslash",
					"locator": "slash"
				},
				"0.3833": {
					"effect": "shinazugawa_clawslash",
					"locator": "slash2"
				},
				"0.3917": {
					"effect": "shinazugawa_clawslash",
					"locator": "slash3"
				},
				"0.4": {
					"effect": "shinazugawa_burstblood",
					"locator": "slash"
				},
				"0.4083": {
					"effect": "shinazugawa_burstblood",
					"locator": "slash2"
				},
				"0.4167": {
					"effect": "shinazugawa_burstblood",
					"locator": "slash3"
				}
			}
		},
		"animation.shinazugawa.thirst": {
			"animation_length": 0.95833,
			"override_previous_animation": true,
			"bones": {
				"root": {
					"rotation": {
						"0.0": [0, 0, 0],
						"0.7917": [0, 0, 0],
						"0.9583": [0, 0, 0]
					},
					"position": {
						"0.0": [0, 0, 0],
						"0.7917": [0, 0, 0],
						"0.9583": [0, 0, 0]
					},
					"scale": {
						"0.0": [1, 1, 1],
						"0.7917": [1, 1, 1],
						"0.9583": [1, 1, 1]
					}
				},
				"waist": {
					"rotation": {
						"0.0": [0, 0, 0],
						"0.2083": [-2.5, 25, 0],
						"0.4583": [-2.61623, 29.99503, -0.25151],
						"0.5": [-2.5534, -27.4558, 2.23499],
						"0.7917": [-2.68515, -32.45059, 2.49863],
						"0.9583": [0, 0, 0]
					},
					"position": {
						"0.0": [0, 0, 0],
						"0.7917": [0, 0, 0],
						"0.9583": [0, 0, 0]
					},
					"scale": {
						"0.0": [1, 1, 1],
						"0.7917": [1, 1, 1],
						"0.9583": [1, 1, 1]
					}
				},
				"body": {
					"rotation": {
						"0.0": [0, 0, 0],
						"0.7917": [0, 0, 0]
					},
					"position": {
						"0.0": [0, 0, 0],
						"0.7917": [0, 0, 0]
					},
					"scale": {
						"0.0": [1, 1, 1],
						"0.7917": [1, 1, 1]
					}
				},
				"head": {
					"rotation": {
						"0.0": [0, 0, 0],
						"0.7917": [0, 0, 0],
						"0.9583": [0, 0, 0]
					},
					"position": {
						"0.0": [0, 0, 0],
						"0.7917": [0, 0, 0],
						"0.9583": [0, 0, 0]
					},
					"scale": {
						"0.0": [1, 1, 1],
						"0.7917": [1, 1, 1],
						"0.9583": [1, 1, 1]
					}
				},
				"rightArm": {
					"rotation": {
						"0.0": [0, 0, 0],
						"0.2083": [12.51153, 2.4407, 35.54143],
						"0.5": [42.38375, -3.03097, 59.94493],
						"0.7917": [42.38, -3.03, 59.94],
						"0.9583": [0, 0, 0]
					},
					"position": {
						"0.0": [0, 0, 0],
						"0.7917": [0, 0, 0],
						"0.9583": [0, 0, 0]
					},
					"scale": {
						"0.0": [1, 1, 1],
						"0.7917": [1, 1, 1],
						"0.9583": [1, 1, 1]
					}
				},
				"rightItem": {
					"rotation": {
						"0.0": [0, 0, 0],
						"0.2083": [12.5, 0, 0],
						"0.5": [20, 0, 0],
						"0.7917": [20, 0, 0],
						"0.9583": [0, 0, 0]
					},
					"position": {
						"0.0": [0, 0, 0],
						"0.7917": [0, 0, 0],
						"0.9583": [0, 0, 0]
					},
					"scale": {
						"0.0": [1, 1, 1],
						"0.7917": [1, 1, 1],
						"0.9583": [1, 1, 1]
					}
				},
				"leftArm": {
					"rotation": {
						"0.0": [0, 0, 0],
						"0.2083": [-47.18626, 55.22456, 42.18626],
						"0.4583": [-38.43409, 60.34016, 52.51305],
						"0.5": [-76.59512, -48.62515, -23.59944],
						"0.7917": [-76.6, -48.63, -23.6],
						"0.9583": [0, 0, 0]
					},
					"position": {
						"0.0": [0, 0, 0],
						"0.2083": [0, 0, -1],
						"0.7917": [0, 0, -1],
						"0.9583": [0, 0, 0]
					},
					"scale": {
						"0.0": [1, 1, 1],
						"0.7917": [1, 1, 1],
						"0.9583": [1, 1, 1]
					}
				},
				"leftLeg": {
					"rotation": {
						"0.0": [0, 0, 0],
						"0.2083": [0, -12.5, 0],
						"0.7917": [0, -12.5, 0],
						"0.9583": [0, 0, 0]
					},
					"position": {
						"0.0": [0, 0, 0],
						"0.2083": [0, 0, -2],
						"0.7917": [0, 0, -2],
						"0.9583": [0, 0, 0]
					},
					"scale": {
						"0.0": [1, 1, 1],
						"0.7917": [1, 1, 1],
						"0.9583": [1, 1, 1]
					}
				},
				"rightLeg": {
					"rotation": {
						"0.0": [0, 0, 0],
						"0.2083": [10.06514, 6.95176, 3.76924],
						"0.7917": [10.07, 6.95, 3.77],
						"0.9583": [0, 0, 0]
					},
					"position": {
						"0.0": [0, 0, 0],
						"0.2083": [0, 0, 1],
						"0.7917": [0, 0, 1],
						"0.9583": [0, 0, 0]
					},
					"scale": {
						"0.0": [1, 1, 1],
						"0.7917": [1, 1, 1],
						"0.9583": [1, 1, 1]
					}
				},
				"slash": {
					"rotation": [0, -140, 0]
				}
			},
			"particle_effects": {
				"0.5": {
					"effect": "shinazugawa_clawslash",
					"locator": "slash"
				}
			}
		}
	}
}