{
	"format_version": "1.8.0",
	"animations": {
		"animation.skin.new": {
			"animation_length": 0.91667,
			"bones": {
				"waist": {
					"rotation": [0, 15, 0]
				},
				"head": {
					"rotation": [0, -17.5, 0]
				},
				"rightArm": {
					"rotation": [-92.4994, 19.90455, 0.87799],
					"position": [1, -2, 2]
				},
				"right_armparticle": {
					"position": [-6, 12, 0]
				},
				"leftArm": {
					"rotation": [-83.46729, -26.79524, -6.42848]
				},
				"left_armparticle": {
					"position": [6, 12, 0]
				},
				"leftLeg": {
					"rotation": [2.5, -7.5, 0],
					"position": [0, 0, -1]
				}
			},
			"particle_effects": {
				"0.0": {
					"effect": "cursedenergy_hands",
					"locator": "right_armparticle"
				},
				"0.0417": {
					"effect": "cursedenergy_hands",
					"locator": "left_armparticle"
				}
			}
		}
	}
}