{
	"format_version": "1.8.0",
	"animations": {
		"animation.kusarigamaanimate.idle": {
			"loop": true,
			"bones": {
				"chain1": {
					"rotation": [-90, 0, 0],
					"position": [-6, 13, -5],
					"scale": 0.5
				},
				"chain3": {
					"position": [0, -9.5, 0]
				},
				"chain4": {
					"position": [0, -9.5, 0]
				},
				"chain5": {
					"position": [0, -9.5, 0]
				},
				"chain6": {
					"position": [0, -9.5, 0]
				},
				"chain7": {
					"rotation": [-90, 0, 90],
					"position": [5, -47, -3],
					"scale": 0.5
				},
				"chain8": {
					"rotation": [0, 0, -90]
				},
				"chain9": {
					"rotation": [0, 0, -90]
				},
				"chain10": {
					"rotation": [0, 0, -90]
				},
				"axe": {
					"rotation": [0, 0, 0]
				}
			}
		},
		"animation.kusarigamaanimate.template": {
			"loop": true,
			"bones": {
				"chain1": {
					"rotation": [-90, 0, 0],
					"position": [-6, 13, -5],
					"scale": 0.5
				},
				"chain3": {
					"position": [0, -9.5, 0]
				},
				"chain4": {
					"position": [0, -9.5, 0]
				},
				"chain5": {
					"position": [0, -9.5, 0]
				},
				"chain6": {
					"position": [0, -9.5, 0]
				},
				"chain7": {
					"rotation": [-90, 0, 90],
					"position": [5, -47, -3],
					"scale": 0.5
				},
				"chain8": {
					"rotation": [0, 0, -90]
				},
				"chain9": {
					"rotation": [0, 0, -90]
				},
				"chain10": {
					"rotation": [0, 0, -90]
				},
				"axe": {
					"rotation": [0, 0, 0]
				},
				"root": {
					"rotation": [0, 0, 0],
					"position": [0, 0, 0],
					"scale": 1
				},
				"waist": {
					"rotation": [0, 0, 0],
					"position": [0, 0, 0],
					"scale": 1
				},
				"body": {
					"rotation": [0, 0, 0],
					"position": [0, 0, 0],
					"scale": 1
				},
				"head": {
					"rotation": [0, 0, 0],
					"position": [0, 0, 0],
					"scale": 1
				},
				"rightArm": {
					"rotation": [0, 0, 0],
					"position": [0, 0, 0],
					"scale": 1
				},
				"rightItem": {
					"rotation": [0, 0, 0],
					"position": [0, 0, 0],
					"scale": 1
				},
				"leftArm": {
					"rotation": [0, 0, 0],
					"position": [0, 0, 0],
					"scale": 1
				},
				"leftLeg": {
					"rotation": [0, 0, 0],
					"position": [0, 0, 0],
					"scale": 1
				},
				"rightLeg": {
					"rotation": [0, 0, 0],
					"position": [0, 0, 0],
					"scale": 1
				}
			}
		},
		"animation.stone.flail_form2": {
			"animation_length": 1.25,
			"bones": {
				"chain1": {
					"rotation": {
						"0.0": [-90, 0, 0],
						"0.5": [-90, 0, 0],
						"0.5833": [-90, -1, 0],
						"0.625": [-90, -1, 0],
						"0.6667": [-90, 16.5, 0],
						"0.75": [-90, 21.5, 0],
						"0.875": [-90, 16.5, 0],
						"0.9583": [-90, 19, 0],
						"1.0417": [-90, 16.5, 0],
						"1.125": [-90, 0, 0],
						"1.25": [-90, 0, 0]
					},
					"position": {
						"0.0": [-6, 13, -5],
						"0.5": [-6, 13, -5],
						"0.5833": [-6, 12.6, -5],
						"0.625": [-6, 12.6, -5],
						"0.6667": [-6.2, 9, -1],
						"0.75": [-6.2, 12, -1],
						"0.875": [-6.2, 9, -1],
						"0.9583": [-6.2, 11, -1],
						"1.0417": [-6.2, 9, -1],
						"1.125": [-6, 13, -5],
						"1.25": [-6, 13, -5]
					},
					"scale": {
						"0.0": [0.5, 0.5, 0.5],
						"0.5": [0.5, 0.5, 0.5],
						"0.5833": [0.5, 0.5, 0.5],
						"0.625": [0.5, 0.5, 0.5],
						"1.125": [0.5, 0.5, 0.5],
						"1.25": [0.5, 0.5, 0.5]
					}
				},
				"chain3": {
					"rotation": {
						"0.0": [0, 0, 0],
						"0.5": [0, 0, 0],
						"0.5417": [0, 0, 0],
						"0.5833": [0, 0, 0],
						"0.625": [0, 0, 0],
						"0.6667": [0, 0, -10],
						"1.0417": [0, 0, -10],
						"1.125": [0, 0, 0],
						"1.25": [0, 0, 0]
					},
					"position": {
						"0.0": [0, -9.5, 0],
						"0.5": [0, -9.5, 0],
						"0.5417": [0, 0, 0],
						"0.5833": [0, 0, 0],
						"0.625": [0, 0, 0],
						"1.0417": [0, 0, 0],
						"1.125": [0, -9.5, 0],
						"1.25": [0, -9.5, 0]
					},
					"scale": {
						"0.0": [1, 1, 1],
						"0.5": [1, 1, 1],
						"0.5417": [1, 1, 1],
						"0.5833": [1, 1, 1],
						"0.625": [1, 1, 1],
						"1.0417": [1, 1, 1],
						"1.125": [1, 1, 1],
						"1.25": [1, 1, 1]
					}
				},
				"chain4": {
					"rotation": {
						"0.0": [0, 0, 0],
						"0.5": [0, 0, 0],
						"0.5417": [0, 0, 0],
						"0.5833": [0, 0, 0],
						"0.625": [0, 0, 0],
						"0.6667": [0, 0, -10],
						"1.0417": [0, 0, -10],
						"1.125": [0, 0, 0],
						"1.25": [0, 0, 0]
					},
					"position": {
						"0.0": [0, -9.5, 0],
						"0.5": [0, -9.5, 0],
						"0.5417": [0, 0, 0],
						"0.5833": [0, 0, 0],
						"0.625": [0, 0, 0],
						"1.0417": [0, 0, 0],
						"1.125": [0, -9.5, 0],
						"1.25": [0, -9.5, 0]
					},
					"scale": {
						"0.0": [1, 1, 1],
						"0.5": [1, 1, 1],
						"0.5417": [1, 1, 1],
						"0.5833": [1, 1, 1],
						"0.625": [1, 1, 1],
						"1.0417": [1, 1, 1],
						"1.125": [1, 1, 1],
						"1.25": [1, 1, 1]
					}
				},
				"chain5": {
					"rotation": {
						"0.0": [0, 0, 0],
						"0.5": [0, 0, 0],
						"0.5417": [0, 0, 0],
						"0.5833": [0, 0, 0],
						"0.625": [0, 0, 0],
						"0.6667": [0, 0, -10],
						"1.0417": [0, 0, -10],
						"1.125": [0, 0, 0],
						"1.25": [0, 0, 0]
					},
					"position": {
						"0.0": [0, -9.5, 0],
						"0.5": [0, -9.5, 0],
						"0.5417": [0, 0, 0],
						"0.5833": [0, 0, 0],
						"0.625": [0, 0, 0],
						"1.0417": [0, 0, 0],
						"1.125": [0, -9.5, 0],
						"1.25": [0, -9.5, 0]
					},
					"scale": {
						"0.0": [1, 1, 1],
						"0.5": [1, 1, 1],
						"0.5417": [1, 1, 1],
						"0.5833": [1, 1, 1],
						"0.625": [1, 1, 1],
						"1.0417": [1, 1, 1],
						"1.125": [1, 1, 1],
						"1.25": [1, 1, 1]
					}
				},
				"chain6": {
					"rotation": {
						"0.0": [0, 0, 0],
						"0.5": [0, 0, 0],
						"0.5417": [0, 0, 0],
						"0.5833": [0, 0, 0],
						"0.625": [0, 0, 0],
						"0.6667": [0, 0, -10],
						"1.0417": [0, 0, -10],
						"1.125": [0, 0, 0],
						"1.25": [0, 0, 0]
					},
					"position": {
						"0.0": [0, -9.5, 0],
						"0.5": [0, -9.5, 0],
						"0.5417": [0, 0, 0],
						"0.5833": [0, 0, 0],
						"0.625": [0, 0, 0],
						"1.0417": [0, 0, 0],
						"1.125": [0, -9.5, 0],
						"1.25": [0, -9.5, 0]
					},
					"scale": {
						"0.0": [1, 1, 1],
						"0.5": [1, 1, 1],
						"0.5417": [1, 1, 1],
						"0.5833": [1, 1, 1],
						"0.625": [1, 1, 1],
						"1.0417": [1, 1, 1],
						"1.125": [1, 1, 1],
						"1.25": [1, 1, 1]
					}
				},
				"chain7": {
					"rotation": {
						"0.0": [-90, 0, 90],
						"1.25": [-90, 0, 90]
					},
					"position": {
						"0.0": [5, -47, -3],
						"1.25": [5, -47, -3]
					},
					"scale": {
						"0.0": [0.5, 0.5, 0.5],
						"1.25": [0.5, 0.5, 0.5]
					}
				},
				"chain8": {
					"rotation": {
						"0.0": [0, 0, -90],
						"1.25": [0, 0, -90]
					}
				},
				"chain9": {
					"rotation": {
						"0.0": [0, 0, -90],
						"1.25": [0, 0, -90]
					}
				},
				"chain10": {
					"rotation": {
						"0.0": [0, 0, -90],
						"1.0417": [0, 0, -90],
						"1.25": [0, 0, -90]
					},
					"position": [0, 0, 0],
					"scale": 1
				},
				"axe": {
					"rotation": {
						"0.0": [0, 0, 0],
						"1.0417": [0, 0, 0],
						"1.25": [0, 0, 0]
					},
					"position": [0, 0, 0],
					"scale": 1
				},
				"root": {
					"rotation": {
						"0.0": [0, 0, 0],
						"1.0417": [0, 0, 0],
						"1.25": [0, 0, 0]
					},
					"position": {
						"0.0": [0, 0, 0],
						"1.0417": [0, 0, 0],
						"1.25": [0, 0, 0]
					},
					"scale": {
						"0.0": [1, 1, 1],
						"1.0417": [1, 1, 1],
						"1.25": [1, 1, 1]
					}
				},
				"waist": {
					"rotation": {
						"0.0": [0, 0, 0],
						"0.0417": [3.75, 16.25, 0],
						"0.25": [7.5, 32.5, 0],
						"0.4167": [10.22118, 34.97799, 0.39813],
						"0.4583": [-3.0899, 1.56496, -4.45458],
						"0.5417": [-5.5899, 1.56496, -4.45458],
						"0.5833": [-8.0899, 1.56496, -4.45458],
						"0.625": [-8.0899, 1.56496, -4.45458],
						"0.6667": [25.33829, -33.04909, 1.07611],
						"0.875": [27.83829, -33.04909, 1.07611],
						"1.0417": [27.84, -33.05, 1.08],
						"1.125": [3.46234, 29.85659, 0.46053],
						"1.25": [0, 0, 0]
					},
					"position": {
						"0.0": [0, 0, 0],
						"0.0417": [0, 0, 0.5],
						"0.25": [0, 0, 0],
						"0.4167": [0, 0, 0],
						"0.5833": [0, 0, 0],
						"0.625": [0, 0, 0],
						"1.0417": [0, 0, 0],
						"1.25": [0, 0, 0]
					},
					"scale": {
						"0.0": [1, 1, 1],
						"0.0417": [1, 1, 1],
						"0.25": [1, 1, 1],
						"0.4167": [1, 1, 1],
						"0.5833": [1, 1, 1],
						"0.625": [1, 1, 1],
						"1.0417": [1, 1, 1],
						"1.25": [1, 1, 1]
					}
				},
				"body": {
					"rotation": {
						"0.0": [0, 0, 0],
						"1.0417": [0, 0, 0],
						"1.25": [0, 0, 0]
					},
					"position": {
						"0.0": [0, 0, 0],
						"1.0417": [0, 0, 0],
						"1.25": [0, 0, 0]
					},
					"scale": {
						"0.0": [1, 1, 1],
						"1.0417": [1, 1, 1],
						"1.25": [1, 1, 1]
					}
				},
				"head": {
					"rotation": {
						"0.0": [0, 0, 0],
						"0.0417": [0, -8.75, 0],
						"0.25": [0, -17.5, 0],
						"0.4167": [0, -17.5, 0],
						"1.0417": [0, -17.5, 0],
						"1.25": [0, 0, 0]
					},
					"position": {
						"0.0": [0, 0, 0],
						"0.0417": [0, 0, 0.5],
						"0.25": [0, 0, 0],
						"0.4167": [0, 0, 0],
						"1.0417": [0, 0, 0],
						"1.25": [0, 0, 0]
					},
					"scale": {
						"0.0": [1, 1, 1],
						"0.0417": [1, 1, 1],
						"0.25": [1, 1, 1],
						"0.4167": [1, 1, 1],
						"1.0417": [1, 1, 1],
						"1.25": [1, 1, 1]
					}
				},
				"rightArm": {
					"rotation": {
						"0.0": [0, 0, 0],
						"0.0417": [11.05, -1.87, 5.97],
						"0.25": [22.10967, -3.73171, 11.93845],
						"0.4167": [24.441, -4.76788, 14.22068],
						"0.5": [-109.38477, 4.11397, 0.9494],
						"0.5833": [-111.88, 4.11, 0.95],
						"0.625": [-111.88, 4.11, 0.95],
						"0.6667": [-83.39444, 28.15633, -9.61825],
						"0.875": [-80.89444, 28.15633, -9.61825],
						"1.0417": [-80.89, 28.16, -9.62],
						"1.125": [-88.39, 28.16, -9.62],
						"1.25": [0, 0, 0]
					},
					"position": {
						"0.0": [0, 0, 0],
						"0.0417": [0, 0, 0.5],
						"0.25": [0, 0, 0],
						"0.4167": [0, 0, 0],
						"0.5": [0, 1, -5],
						"0.5833": [0, 2, -4],
						"0.625": [0, 1, -2],
						"1.0417": [0, 1, -2],
						"1.125": [0, 1, 2],
						"1.25": [0, 0, 0]
					},
					"scale": {
						"0.0": [1, 1, 1],
						"0.0417": [1, 1, 1],
						"0.25": [1, 1, 1],
						"0.4167": [1, 1, 1],
						"0.5833": [1, 1, 1],
						"0.625": [1, 1, 1],
						"1.0417": [1, 1, 1],
						"1.25": [1, 1, 1]
					}
				},
				"rightItem": {
					"rotation": {
						"0.0": [0, 0, 0],
						"0.0417": [-10, 0, 0],
						"0.25": [-20, 0, 0],
						"0.4583": [-20, 0, 0],
						"0.5": [90, 0, 0],
						"0.5417": [90, 0, 0],
						"0.5833": [90, 0, 0],
						"0.625": [90, 0, 0],
						"1.0417": [90, 0, 0],
						"1.125": [0, 0, 0],
						"1.25": [0, 0, 0]
					},
					"position": {
						"0.0": [0, 0, 0],
						"0.0417": [0, 0, 0.5],
						"0.25": [0, 0, 0],
						"0.4583": [0, 0, 0],
						"0.5417": [0, -24, -2],
						"0.5833": [0, -24, -2],
						"0.625": [0, -24, -2],
						"1.0417": [0, -24, -2],
						"1.125": [0, 0, 0],
						"1.25": [0, 0, 0]
					},
					"scale": {
						"0.0": [1, 1, 1],
						"0.0417": [1, 1, 1],
						"0.25": [1, 1, 1],
						"0.4583": [1, 1, 1],
						"0.5833": [1, 1, 1],
						"0.625": [1, 1, 1],
						"1.0417": [1, 1, 1],
						"1.125": [1, 1, 1],
						"1.25": [1, 1, 1]
					}
				},
				"leftArm": {
					"rotation": {
						"0.0": [0, 0, 0],
						"0.0417": [-49.58, 7.4, -39.36],
						"0.25": [-99.16526, 14.80646, -78.72052],
						"0.4167": [-99.17, 14.81, -78.72],
						"0.4583": [5.44424, 17.35942, -44.95789],
						"0.5833": [5.44424, 17.35942, -44.95789],
						"0.625": [5.44424, 17.35942, -44.95789],
						"0.6667": [5.44424, 17.35942, -44.95789],
						"0.875": [12.94424, 17.35942, -44.95789],
						"1.0417": [12.94, 17.36, -44.96],
						"1.25": [0, 0, 0]
					},
					"position": {
						"0.0": [0, 0, 0],
						"0.0417": [0, 0, 0.5],
						"0.25": [0, 0, 0],
						"0.4167": [0, 0, 0],
						"0.5833": [0, 0, 0],
						"0.625": [0, 0, 0],
						"1.0417": [0, 0, 0],
						"1.25": [0, 0, 0]
					},
					"scale": {
						"0.0": [1, 1, 1],
						"0.0417": [1, 1, 1],
						"0.25": [1, 1, 1],
						"0.4167": [1, 1, 1],
						"0.5833": [1, 1, 1],
						"0.625": [1, 1, 1],
						"1.0417": [1, 1, 1],
						"1.25": [1, 1, 1]
					}
				},
				"leftLeg": {
					"rotation": {
						"0.0": [0, 0, 0],
						"0.0417": [1.25, 0.11, -2.5],
						"0.25": [2.4905, 0.21782, -4.99527],
						"0.4167": [2.49, 0.22, -5],
						"1.0417": [2.49, 0.22, -5],
						"1.25": [0, 0, 0]
					},
					"position": {
						"0.0": [0, 0, 0],
						"0.0417": [0, 0, -0.5],
						"0.25": [0, 0, -2],
						"0.4167": [0, 0, -2],
						"1.0417": [0, 0, -2],
						"1.25": [0, 0, 0]
					},
					"scale": {
						"0.0": [1, 1, 1],
						"0.0417": [1, 1, 1],
						"0.25": [1, 1, 1],
						"0.4167": [1, 1, 1],
						"1.0417": [1, 1, 1],
						"1.25": [1, 1, 1]
					}
				},
				"rightLeg": {
					"rotation": {
						"0.0": [0, 0, 0],
						"0.0417": [6.25, 0, 3.75],
						"0.25": [12.5, 0, 7.5],
						"0.4167": [12.5, 0, 7.5],
						"1.0417": [12.5, 0, 7.5],
						"1.25": [0, 0, 0]
					},
					"position": {
						"0.0": [0, 0, 0],
						"0.0417": [0, 0, 1],
						"0.25": [0, 0, 1],
						"0.4167": [0, 0, 1],
						"1.0417": [0, 0, 1],
						"1.25": [0, 0, 0]
					},
					"scale": {
						"0.0": [1, 1, 1],
						"0.0417": [1, 1, 1],
						"0.25": [1, 1, 1],
						"0.4167": [1, 1, 1],
						"1.0417": [1, 1, 1],
						"1.25": [1, 1, 1]
					}
				},
				"chain2": {
					"rotation": {
						"0.0": [0, 0, 0],
						"0.5": [0, 0, 0],
						"0.5417": [0, 0, 0],
						"0.5833": [0, 0, 0],
						"0.625": [0, 0, 0],
						"0.6667": [0, 0, -10],
						"1.0417": [0, 0, -10],
						"1.1667": [0, 0, 0],
						"1.25": [0, 0, 0]
					},
					"position": {
						"0.0": [0, 0, 0],
						"0.5": [0, 0, 0],
						"0.5417": [0, 0, 0],
						"0.5833": [0, 0, 0],
						"0.625": [0, 0, 0],
						"1.0417": [0, 0, 0],
						"1.1667": [0, 0, 0],
						"1.25": [0, 0, 0]
					},
					"scale": {
						"0.0": [1, 1, 1],
						"0.5": [1, 1, 1],
						"0.5417": [1, 1, 1],
						"0.5833": [1, 1, 1],
						"0.625": [1, 1, 1],
						"1.0417": [1, 1, 1],
						"1.1667": [1, 1, 1],
						"1.25": [1, 1, 1]
					}
				},
				"slash2": {
					"rotation": [0, 0, 0],
					"position": {
						"0.1667": [0, -19, 0],
						"1.0417": [0, -19, 0]
					},
					"scale": 1
				},
				"slash3": {
					"rotation": [-180, 62.5, -270],
					"position": [-6, -12, -3]
				},
				"slash4": {
					"position": [-4, -19, -41]
				},
				"slash5": {
					"rotation": [180, 0, 0],
					"position": [0, -27, -46]
				},
				"slash7": {
					"position": [-13, 23, -34]
				}
			},
			"particle_effects": {
				"0.0833": {
					"effect": "stone_formflash",
					"locator": "slash"
				},
				"0.1667": {
					"effect": "ground_impact",
					"locator": "slash2"
				},
				"0.5": {
					"effect": "stone_form2burst",
					"locator": "slash7"
				},
				"0.6667": {
					"effect": "stone_form2slash",
					"locator": "slash3"
				},
				"0.7083": {
					"effect": "stone_form1spark",
					"locator": "slash4"
				},
				"0.75": {
					"effect": "stone_form2slam",
					"locator": "slash5"
				},
				"0.7917": {
					"effect": "stone_form2slam2",
					"locator": "slash5"
				}
			}
		},
		"animation.stone.flail_form1": {
			"animation_length": 2,
			"override_previous_animation": true,
			"bones": {
				"chain1": {
					"rotation": {
						"0.0": [-90, 0, 0],
						"0.375": [-90, 0, 0],
						"0.4167": [-90, 0, 360],
						"0.6667": [-90, 0, 0],
						"0.75": [-90, 0, 0],
						"0.8333": [-90, 0, 0]
					},
					"position": {
						"0.0": [-6, 13, -5],
						"0.375": [-6, 13, -5],
						"0.4167": [-6, 13, -27.5],
						"0.75": [-6, 13, -27.5],
						"0.8333": [-6, 13, -5]
					},
					"scale": {
						"0.0": [0.5, 0.5, 0.5],
						"0.375": [0.5, 0.5, 0.5],
						"0.4167": [0.5, 0.5, 0.5],
						"0.75": [0.5, 0.5, 0.5],
						"0.8333": [0.5, 0.5, 0.5]
					}
				},
				"chain3": {
					"rotation": [0, 0, 0],
					"position": {
						"0.0": [0, -9.5, 0],
						"0.375": [0, -9.5, 0],
						"0.4167": [0, 0, 0],
						"0.75": [0, 0, 0],
						"0.8333": [0, -9.5, 0]
					},
					"scale": 1
				},
				"chain4": {
					"rotation": [0, 0, 0],
					"position": {
						"0.0": [0, -9.5, 0],
						"0.375": [0, -9.5, 0],
						"0.4167": [0, 0, 0],
						"0.75": [0, 0, 0],
						"0.8333": [0, -9.5, 0]
					},
					"scale": 1
				},
				"chain5": {
					"rotation": [0, 0, 0],
					"position": {
						"0.0": [0, -9.5, 0],
						"0.375": [0, -9.5, 0],
						"0.4167": [0, 0, 0],
						"0.75": [0, 0, 0],
						"0.8333": [0, -9.5, 0]
					},
					"scale": 1
				},
				"chain6": {
					"position": {
						"0.0": [0, -9.5, 0],
						"0.375": [0, -9.5, 0],
						"0.4167": [0, 0, 0],
						"0.75": [0, 0, 0],
						"0.8333": [0, -9.5, 0]
					}
				},
				"chain7": {
					"rotation": {
						"0.0": [-90, 0, 90],
						"0.75": [-90, 0, 90],
						"0.8333": [-90, 0, 90]
					},
					"position": {
						"0.0": [5, -47, -3],
						"0.75": [5, -47, -3],
						"0.8333": [5, -47, -3]
					},
					"scale": {
						"0.0": [0.5, 0.5, 0.5],
						"0.75": [0.5, 0.5, 0.5],
						"0.8333": [0.5, 0.5, 0.5]
					}
				},
				"chain8": {
					"rotation": {
						"0.0": [0, 0, -90],
						"0.75": [0, 0, -90],
						"0.8333": [0, 0, -90]
					},
					"position": [0, 0, 0],
					"scale": 1
				},
				"chain9": {
					"rotation": {
						"0.0": [0, 0, -90],
						"0.75": [0, 0, -90],
						"0.8333": [0, 0, -90]
					},
					"position": [0, 0, 0],
					"scale": 1
				},
				"chain10": {
					"rotation": {
						"0.0": [0, 0, -90],
						"0.75": [0, 0, -90],
						"0.8333": [0, 0, -90]
					},
					"position": [0, 0, 0],
					"scale": 1
				},
				"axe": {
					"rotation": {
						"0.0": [0, 0, 0],
						"0.75": [0, 0, 0],
						"0.8333": [0, 0, 0]
					},
					"position": {
						"0.0": [0, 0, 0],
						"0.75": [0, 0, 0],
						"0.8333": [0, 0, 0]
					},
					"scale": {
						"0.0": [1, 1, 1],
						"0.75": [1, 1, 1],
						"0.8333": [1, 1, 1]
					}
				},
				"root": {
					"rotation": {
						"0.0": [0, 0, 0],
						"0.75": [0, 0, 0],
						"0.8333": [0, 0, 0]
					},
					"position": {
						"0.0": [0, 0, 0],
						"0.75": [0, 0, 0],
						"0.8333": [0, 0, 0]
					},
					"scale": {
						"0.0": [1, 1, 1],
						"0.75": [1, 1, 1],
						"0.8333": [1, 1, 1]
					}
				},
				"waist": {
					"rotation": {
						"0.0": [0, 0, 0],
						"0.125": [9.29554, 37.57054, -1.09411],
						"0.3333": [12.5, 42.5, 0],
						"0.375": [7.3603, -2.04585, -7.05754],
						"0.75": [7.38, -4.53, -7.38],
						"0.8333": [0, 0, 0]
					},
					"position": {
						"0.0": [0, 0, 0],
						"0.125": [0, 0, 0],
						"0.3333": [0, 0, 0],
						"0.375": [0, 0, 0],
						"0.75": [0, 0, 0],
						"0.8333": [0, 0, 0]
					},
					"scale": {
						"0.0": [1, 1, 1],
						"0.75": [1, 1, 1],
						"0.8333": [1, 1, 1]
					}
				},
				"body": {
					"rotation": [0, 0, 0],
					"position": [0, 0, 0],
					"scale": 1
				},
				"head": {
					"rotation": {
						"0.0": [0, 0, 0],
						"0.125": [-2.88066, -29.8742, 5.76863],
						"0.3333": [-2.88066, -29.8742, 5.76863],
						"0.75": [-2.88, -29.87, 5.77],
						"0.8333": [0, 0, 0]
					},
					"position": {
						"0.0": [0, 0, 0],
						"0.75": [0, 0, 0],
						"0.8333": [0, 0, 0]
					},
					"scale": {
						"0.0": [1, 1, 1],
						"0.75": [1, 1, 1],
						"0.8333": [1, 1, 1]
					}
				},
				"rightArm": {
					"rotation": {
						"0.0": [0, 0, 0],
						"0.125": [37.5, 0, 70],
						"0.3333": [40, 0, 70],
						"0.375": [-80.39362, 6.76272, 94.3078],
						"0.75": [-77.89, 6.76, 94.31],
						"0.8333": [0, 0, 0]
					},
					"position": {
						"0.0": [0, 0, 0],
						"0.375": [0, 0, -2],
						"0.75": [0, 0, -3],
						"0.8333": [0, 0, 0]
					},
					"scale": {
						"0.0": [1, 1, 1],
						"0.75": [1, 1, 1],
						"0.8333": [1, 1, 1]
					}
				},
				"rightItem": {
					"rotation": {
						"0.0": [0, 0, 0],
						"0.125": [-37.26251, 4.55749, 5.96275],
						"0.3333": [-37.26251, 4.55749, 5.96275],
						"0.375": [90, 0, 0],
						"0.75": [90, 0, 0],
						"0.8333": [0, 0, 0]
					},
					"position": {
						"0.0": [0, 0, 0],
						"0.3333": [0, 0, 0],
						"0.375": [0, 0, -2],
						"0.75": [0, 0, -2],
						"0.8333": [0, 0, 0]
					},
					"scale": {
						"0.0": [1, 1, 1],
						"0.75": [1, 1, 1],
						"0.8333": [1, 1, 1]
					}
				},
				"chain2": {
					"rotation": {
						"0.0": [0, 0, 0],
						"0.375": [0, 0, 0],
						"0.4167": [0, 0, 0],
						"0.75": [0, 0, 0],
						"0.8333": [0, 0, 0]
					},
					"position": {
						"0.0": [0, 0, 0],
						"0.375": [0, 0, 0],
						"0.4167": [0, 0, 0],
						"0.75": [0, 0, 0],
						"0.8333": [0, 0, 0]
					},
					"scale": {
						"0.0": [1, 1, 1],
						"0.375": [1, 1, 1],
						"0.4167": [1, 1, 1],
						"0.75": [1, 1, 1],
						"0.8333": [1, 1, 1]
					}
				},
				"leftArm": {
					"rotation": {
						"0.0": [0, 0, 0],
						"0.125": [7.5, 0, -42.5],
						"0.3333": [10, 0, -42.5],
						"0.375": [57.5, 0, -42.5],
						"0.75": [62.5, 0, -42.5],
						"0.8333": [0, 0, 0]
					},
					"position": {
						"0.0": [0, 0, 0],
						"0.75": [0, 0, 0],
						"0.8333": [0, 0, 0]
					},
					"scale": {
						"0.0": [1, 1, 1],
						"0.75": [1, 1, 1],
						"0.8333": [1, 1, 1]
					}
				},
				"leftLeg": {
					"rotation": {
						"0.0": [0, 0, 0],
						"0.125": [9.56346, -11.01249, -10.10149],
						"0.3333": [9.56346, -11.01249, -10.10149],
						"0.75": [9.56, -11.01, -10.1],
						"0.8333": [0, 0, 0]
					},
					"position": {
						"0.0": [0, 0, 0],
						"0.125": [1, 0, -3],
						"0.3333": [1, 0, -3],
						"0.75": [1, 0, -3],
						"0.8333": [0, 0, 0]
					},
					"scale": {
						"0.0": [1, 1, 1],
						"0.75": [1, 1, 1],
						"0.8333": [1, 1, 1]
					}
				},
				"rightLeg": {
					"rotation": {
						"0.0": [0, 0, 0],
						"0.125": [7.5, 0, 7.5],
						"0.3333": [7.5, 0, 7.5],
						"0.75": [7.5, 0, 7.5],
						"0.8333": [0, 0, 0]
					},
					"position": {
						"0.0": [0, 0, 0],
						"0.125": [0, 0, 2],
						"0.3333": [0, 0, 2],
						"0.75": [0, 0, 2],
						"0.8333": [0, 0, 0]
					},
					"scale": {
						"0.0": [1, 1, 1],
						"0.75": [1, 1, 1],
						"0.8333": [1, 1, 1]
					}
				},
				"slash": {
					"rotation": [-90, 0, 0],
					"position": [-1, -5, 0]
				},
				"slash2": {
					"position": [-12, 0, -56]
				},
				"slash3": {
					"rotation": [270, 0, 0],
					"position": [0, 0, -11]
				},
				"slash4": {
					"rotation": [270, 0, 0],
					"position": [0, 0, -23]
				},
				"slash5": {
					"rotation": [270, 0, 0],
					"position": [0, 0, -34]
				},
				"slash6": {
					"position": [0, -19, 0]
				}
			},
			"particle_effects": {
				"0.0583": {
					"effect": "stone_formflash",
					"locator": "slash"
				},
				"0.1417": {
					"effect": "ground_impact",
					"locator": "slash6"
				},
				"0.3667": {
					"effect": "stone_form1impact",
					"locator": "slash3"
				},
				"0.3917": {
					"effect": "stone_form1impact2",
					"locator": "slash4"
				},
				"0.4167": {
					"effect": "stone_form1impact3",
					"locator": "slash5"
				},
				"0.425": {
					"effect": "stone_form1spark",
					"locator": "slash2"
				}
			}
		}
	}
}