{
    "format_version": "1.16.100",
    "minecraft:item": {
        "description": {
            "identifier":  "stk:pistol2",
      "category": "commands"
        },
        "components": {
          "minecraft:max_stack_size": 1,
          "minecraft:icon": {
            "texture": "pistol"
          },
        
      "minecraft:render_offsets": {
        "main_hand": {
          "third_person": {
            "scale": [
              0.000,
              0.000,
              0.000
            ]
          },
          "first_person": {
            "scale": [
              0.0000000000000000,
              0.0000000000000000,
              0.0000000000000000
            ]
          }
        },
        "off_hand": {
          "third_person": {
            "scale": [
              0.000,
              0.000,
              0.000
            ]
          },
          "first_person": {
            "scale": [
              0.0000000000000000,
              0.0000000000000000,
              0.0000000000000000]
          }
        }
      },
            "minecraft:display_name": {
        "value": "§bpistol Heavy Shoot \n§bEnergy Cost: 10 \n§e crouch to switch skill"},
        "minecraft:cooldown": {
           "category": "pistol2",
            "duration": 9
         },
      "minecraft:on_use": {
        "on_use": {
          "event": "7",
          "target": "self"
        }
      }
    },
    "events": {
    	"7": {
    		"sequence": [
	     		{
	     		    "condition": "query.scoreboard('ene')>9",
            "run_command": {
              "command": ["playanimation @s[scores={ene=2..}] animation.uchu.starshoot","scoreboard players remove @s ene 10","scoreboard players add @s fury 1" ],
              "target": "self"
            }      
          },
          {
              "condition": "query.scoreboard('ene')>9",
            "shoot": {
              "projectile": "stk:shoot",
              "launch_power": 1.5,
              "angle_offset": 20
            }
          }
	    	]
    	}
	  }
  }
}

































   
   
   
   
   
   
   
   
   
   
   
   
   
   
   
   
   
   
   
   
   
   
   
   
   
   
   
   
   
   
   
   
          
         
       
    

































    




































