{
  "format_version": "1.13.0",
  "minecraft:feature_rules": {
    "description": {
      "identifier": "minecraft:jungle_surface_flowers_feature",
      "places_feature": "minecraft:legacy:overworld_flower_feature"
    },
    "conditions": {
      "placement_pass": "surface_pass",
      "minecraft:biome_filter": [
        {
          "all_of": [
            {
              "test": "has_biome_tag",
              "operator": "==",
              "value": "jungle"
            },
            {
              "test": "has_biome_tag",
              "operator": "!=",
              "value": "yakushima"
            }
			
          ]
        }
      ]
    },
    "distribution": {
      "iterations": 4,
      "x": {
        "distribution": "uniform",
        "extent": [ 0, 16 ]
      },
      "y": {
        "distribution": "uniform",
        "extent": [ 0, "query.heightmap(variable.worldx, variable.worldz) + 32" ]
      },
      "z": {
        "distribution": "uniform",
        "extent": [ 0, 16 ]
      }
    }
  }
}
