
{
	"format_version": "1.13.0",
	"minecraft:feature_rules": {
		"description": {
			"identifier": "minecraft:kirifuri_summit_feature",
			"places_feature": "minecraft:kirifuri_summit_feature"
		},
		"conditions": {
			"placement_pass": "surface_pass",
			"minecraft:biome_filter": [
				{
					"all_of": [
						{
							"test": "has_biome_tag",
							"operator": "==",
							"value": "kirifuri"
						}
					]
				}
			]
		},
		"distribution": {
			"iterations": 1,
			"scatter_chance": 1,
			"y": "query.heightmap(variable.worldx, variable.worldz)",
			"coordinate_eval_order": "xzy",
			"x": {
				"distribution": "fixed_grid",
				"extent": [
					0,
					31
				]
			},
			"z": {
				"distribution": "fixed_grid",
				"extent": [
					0,
					31
				]
			}
		}
	}
}