{
	"format_version": "1.12.0",
	"minecraft:geometry": [
		{
			"description": {
				"identifier": "geometry.chest_fruit",
				"texture_width": 32,
				"texture_height": 32,
				"visible_bounds_width": 2,
				"visible_bounds_height": 1.5,
				"visible_bounds_offset": [0, 0.25, 0]
			},
			"bones": [
				{
					"name": "block",
					"pivot": [0, 0, 0],
					"cubes": [
						{
							"origin": [-8, 0, -4],
							"size": [16, 8, 8],
							"uv": {
								"north": {"uv": [0, 0], "uv_size": [16, 8]},
								"east": {"uv": [16, 8], "uv_size": [8, 8]},
								"south": {"uv": [0, 8], "uv_size": [16, 8]},
								"west": {"uv": [16, 16], "uv_size": [8, 8]},
								"up": {"uv": [0, 16], "uv_size": [16, 8]},
								"down": {"uv": [16, 8], "uv_size": [16, -8]}
							}
						}
					]
				}
			]
		}
	]
}