{
	"format_version": "1.10.0",
	"particle_effect": {
		"description": {
			"identifier": "ds:agatsuma_smokeburst",
			"basic_render_parameters": {
				"material": "particles_alpha",
				"texture": "textures/particle/mistsmoke"
			}
		},
		"curves": {
			"variable.test": {
				"type": "catmull_rom",
				"input": 1,
				"horizontal_range": 1,
				"nodes": [0, 1.12]
			}
		},
		"components": {
			"minecraft:emitter_initialization": {
				"creation_expression": "variable.radius = 2;"
			},
			"minecraft:emitter_rate_steady": {
				"spawn_rate": 1000,
				"max_particles": 10000
			},
			"minecraft:emitter_lifetime_once": {
				"active_time": 0.2
			},
			"minecraft:emitter_shape_disc": {
				"radius": 1,
				"surface_only": true,
				"direction": "outwards"
			},
			"minecraft:particle_lifetime_expression": {
				"max_lifetime": 0.5
			},
			"minecraft:particle_initial_speed": "variable.particle_random_1 * 10",
			"minecraft:particle_motion_dynamic": {
				"linear_acceleration": [0, 1, 0],
				"linear_drag_coefficient": "math.random(1,2)"
			},
			"minecraft:particle_appearance_billboard": {
				"size": ["0.5 - (variable.particle_age * 0.25)", "0.5 - (variable.particle_age * 0.25)"],
				"facing_camera_mode": "rotate_xyz",
				"uv": {
					"texture_width": 16,
					"texture_height": 192,
					"flipbook": {
						"base_UV": [0, 0],
						"size_UV": [16, 16],
						"step_UV": [0, 16],
						"frames_per_second": 12,
						"max_frame": 12,
						"stretch_to_lifetime": true
					}
				}
			},
			"minecraft:particle_appearance_tinting": {
				"color": {
					"interpolant": "variable.particle_random_1",
					"gradient": {
						"0.0": "#FF25262F",
						"1.0": "#FF445161"
					}
				}
			}
		}
	}
}