{
	"format_version": "1.10.0",
	"particle_effect": {
		"description": {
			"identifier": "ds:agatsuma_burst",
			"basic_render_parameters": {
				"material": "particles_blend",
				"texture": "textures/particle/particles"
			}
		},
		"curves": {
			"v.sand_move": {
				"type": "bezier",
				"input": "v.particle_lifetime",
				"horizontal_range": 1,
				"nodes": [0, 1, 1, 0]
			}
		},
		"components": {
			"minecraft:emitter_initialization": {
				"creation_expression": "variable.xplace = math.random(5,-5);variable.zplace = math.random(5,-5);variable.yplace = math.random(5,-5);"
			},
			"minecraft:emitter_rate_steady": {
				"spawn_rate": 25,
				"max_particles": 1000
			},
			"minecraft:emitter_lifetime_once": {
				"active_time": 0.5
			},
			"minecraft:emitter_shape_point": {
				"offset": ["(variable.emitter_age * variable.zplace)", "(variable.emitter_age * variable.yplace)", "(variable.emitter_age * variable.xplace)"],
				"direction": ["math.random(1,-1)", "math.random(1,-1)", "math.random(1,-1)"]
			},
			"minecraft:particle_lifetime_expression": {
				"max_lifetime": 2
			},
			"minecraft:particle_initial_speed": 0.1,
			"minecraft:particle_motion_dynamic": {},
			"minecraft:particle_appearance_billboard": {
				"size": ["0.2 - (variable.particle_age * 0.1)", "0.2 - (variable.particle_age * 0.1)"],
				"facing_camera_mode": "rotate_xyz",
				"uv": {
					"texture_width": 128,
					"texture_height": 128,
					"flipbook": {
						"base_UV": [64, 0],
						"size_UV": [8, 8],
						"step_UV": [-8, 0],
						"frames_per_second": 8,
						"max_frame": 9
					}
				}
			},
			"minecraft:particle_motion_collision": {
				"enabled": 1
			},
			"minecraft:particle_appearance_tinting": {
				"color": {
					"interpolant": "variable.particle_random_2",
					"gradient": {
						"0.0": "#FFA3E9FF",
						"0.39": "#FF70BDFF",
						"1.0": "#FF44F1FF"
					}
				}
			}
		}
	}
}