{
	"format_version": "1.10.0",
	"particle_effect": {
		"description": {
			"identifier": "ds:agatsuma_cuttershatter",
			"basic_render_parameters": {
				"material": "particles_blend",
				"texture": "textures/particle/outbar"
			}
		},
		"components": {
			"minecraft:emitter_initialization": {
				"creation_expression": "variable.xpos = math.random(1,-1);variable.zpos = math.random(1,-1);"
			},
			"minecraft:emitter_rate_instant": {
				"num_particles": 1
			},
			"minecraft:emitter_lifetime_looping": {
				"active_time": 1
			},
			"minecraft:emitter_shape_point": {},
			"minecraft:particle_lifetime_expression": {
				"max_lifetime": 0.5
			},
			"minecraft:particle_initial_speed": 0,
			"minecraft:particle_motion_dynamic": {},
			"minecraft:particle_appearance_billboard": {
				"size": [1, 1],
				"facing_camera_mode": "rotate_xyz",
				"uv": {
					"texture_width": 128,
					"texture_height": 16,
					"flipbook": {
						"base_UV": [0, 0],
						"size_UV": [16, 16],
						"step_UV": [16, 0],
						"frames_per_second": 8,
						"max_frame": 8,
						"stretch_to_lifetime": true
					}
				}
			},
			"minecraft:particle_appearance_tinting": {
				"color": {
					"interpolant": "v.particle_age / v.particle_lifetime",
					"gradient": {
						"0.0": "#FFFFF9D8",
						"0.08": "#FFFCF3CE",
						"0.19": "#FFFFF16E",
						"0.56": "#FFA87D35",
						"0.8": "#FF442100"
					}
				}
			}
		}
	}
}