{
	"format_version": "1.8.0",
	"animations": {
		"animation.a" : {},
		"animation.empty": {
			"loop": false,
			"animation_length": 0.1,
			"override_previous_animation": true
		},
		"animation.teste": {
			"loop": false,
			"animation_length": 0.05,
			"particle_effects": {
			    "0.0": [
			        {"effect": "teste","locator": ""}
			    ]
			}
		},
		"animation.test.attack": {
			"loop": "hold_on_last_frame",
			"animation_length": 2,
			"bones": {
				"waist": {
					"rotation": {
						"0.0": [-17.5, 0, 0],
						"2.0": [102.5, 0, 0]
					}
				},
				"rightArm": {
					"rotation": {
						"0.0": [-205, 0, 0],
						"2.0": [-125, 0, 0]
					}
				},
				"leftArm": {
					"rotation": {
						"0.0": [-205, 0, 0],
						"2.0": [-125, 0, 0]
					}
				}
			}
		},
		"animation.explode.scale_10": {
			"loop": true,
			"animation_length": 99999.0,
			"bones": {
				"body": {
				    "rotation": ["query.anim_time * 500", "query.anim_time * 500", "query.anim_time * 500"],
					"scale": {
					    "0.0": [1, 1, 1],
					    "1.0": [10, 10, 10]
					}
				}
			}
		},
		"animation.explode.scale_15": {
			"loop": true,
			"animation_length": 99999.0,
			"bones": {
				"body": {
				    "rotation": ["query.anim_time * 500", "query.anim_time * 500", "query.anim_time * 500"],
					"scale": {
					    "0.0": [1, 1, 1],
					    "1.0": [15, 15, 15]
					}
				}
			}
		}
	}
}