{
  "format_version": "1.16.0",
  "minecraft:client_entity": {
    "description": {
      "identifier": "wesl3y:one_for_all_long",
      "materials": {
        "default": "entity_alphatest",
        "default2": "entity_alphablend"
      },
      "textures": {
        "default": "textures/entity/sla"
      },
      "geometry": {
        "default": "geometry.null"
      },
      "particle_effects": {
        "detroit_smash": "wesl3y:detroit_smash",
        "detroit_smash2": "wesl3y:detroit_smash2",
        "detroit_smash3": "wesl3y:detroit_smash3",
        "delaware_smash": "wesl3y:delaware_smash",
        "100_detroit_smash": "wesl3y:100_detroit_smash",
        "100_detroit_smash2": "wesl3y:100_detroit_smash2"
      },
      "scripts": {
        "animate": [
         {"detroit_smash": "query.variant == 1"},
         {"delaware_smash": "query.variant == 2"},
         {"100_detroit_smash": "query.variant == 3"}
        ]
      },
      "animations": {
        "detroit_smash": "animation.projetil.detroit_smash",
        "delaware_smash": "animation.projetil.delaware_smash",
        "100_detroit_smash": "animation.projetil.100_detroit_smash"
      },
      "render_controllers": [
        "controller.render.skeleton"
      ],
      "enable_attachables": false
    }
  }
}