{
  "format_version": "1.17.100",
  "minecraft:item": {
    "description": {
      "identifier": "wesl3y:mogura",
      "category": "equipment"
    },
    "components": {
      "tag:first_person": {},
      "tag:espada": {},
      "tag:3skills": {},
      "tag:style": {},
      "tag:minecraft:is_sword": {},
      "minecraft:render_offsets": {
	    "main_hand": {
		  "first_person": { 
		    "scale": [0.0,0.0,0.0]
		  },
		  "third_person": { 
			"scale": [0.0,0.0,0.0]
		  }
		}
	  },
	  "minecraft:weapon": {},
      "minecraft:enchantable": {
        "value": 8,
        "slot": "sword"
      },
      "minecraft:creative_category": {
        "parent": "itemGroup.name.sword"
      },
      "minecraft:damage": 8,
      "minecraft:use_duration": 9999,
      "minecraft:max_stack_size": 1,
      "minecraft:hand_equipped": true,
      "minecraft:food": {
        "can_always_eat": true
      },
      "minecraft:icon": {
        "texture": "mogura"
      },
      "minecraft:display_name": {
        "value": "Murakumogiri\n§f(Default)§f"
      },
      "minecraft:on_use": {
        "on_use": {
          "event": "using",
          "target": "self"
        }
      }
    },
    "events": {
      "using": {
        "sequence": [
          {
            "condition": "query.property('wesl3y:empty') == 0 && query.property('wesl3y:skill') == 0 && query.scoreboard('slotSkill2') == 0 && query.scoreboard('2cooldown1') == 0 && query.scoreboard('hurtCur') == 0 && !q.is_sneaking && !query.is_riding",
            "run_command": {
              "command": [
                "tellraw @s[scores={styleMaes=..0}] {\"rawtext\":[{\"text\":\"§c\"}, {\"translate\":\"text.requires\"}, {\"text\":\"Style 1\"}]}",
                "tellraw @s[scores={styleMaes=1..,energyCur=..49}] {\"rawtext\":[{\"text\":\"§c\"}, {\"translate\":\"text.requires\"}, {\"text\":\"Energy 1\"}]}",
                "event entity @s[scores={styleMaes=1..,energyCur=50..}] wesl3y:skill1"
              ]
            }
          },
          {
            "condition": "query.property('wesl3y:empty') == 0 && query.property('wesl3y:skill') == 0 && query.scoreboard('slotSkill2') == 1 && query.scoreboard('2cooldown2') == 0 && query.scoreboard('hurtCur') == 0 && !q.is_sneaking && !query.is_riding",
            "run_command": {
              "command": [
                "tellraw @s[scores={styleMaes=..49}] {\"rawtext\":[{\"text\":\"§c\"}, {\"translate\":\"text.requires\"}, {\"text\":\"Style 50\"}]}",
                "tellraw @s[scores={styleMaes=50..,energyCur=..49}] {\"rawtext\":[{\"text\":\"§c\"}, {\"translate\":\"text.requires\"}, {\"text\":\"Energy 50\"}]}",
                "event entity @s[scores={styleMaes=50..,energyCur=50..}] wesl3y:skill2"
              ]
            }
          },
          {
            "condition": "query.property('wesl3y:empty') == 0 && query.property('wesl3y:skill') == 0 && query.scoreboard('slotSkill2') >= 2 && query.scoreboard('2cooldown3') == 0 && query.scoreboard('hurtCur') == 0 && !q.is_sneaking && !query.is_riding",
            "run_command": {
              "command": [
                "tellraw @s[scores={styleMaes=..99}] {\"rawtext\":[{\"text\":\"§c\"}, {\"translate\":\"text.requires\"}, {\"text\":\"Style 100\"}]}",
                "tellraw @s[scores={styleMaes=100..,energyCur=..49}] {\"rawtext\":[{\"text\":\"§c\"}, {\"translate\":\"text.requires\"}, {\"text\":\"Energy 50\"}]}",
                "event entity @s[scores={styleMaes=100..,energyCur=50..}] wesl3y:skill3"
              ]
            }
          }
        ]
      }
    }
  }
}