{
	"format_version": "1.8.0",
	"minecraft:spawn_rules": {
		"description": {
			"identifier": "ds:basic_demon",
			"population_control": "animal"
		},
		"conditions": [
			{
				"minecraft:spawns_on_surface": {},
				"minecraft:brightness_filter": {
					"min": 0,
					"max": 3,
					"adjust_for_weather": false
				},
				"minecraft:weight": {
					"default": 5
				},
				"minecraft:herd": {
					"min_size": 1,
					"max_size": 3
				},
				"minecraft:biome_filter": {
					"test": "has_biome_tag",
					"operator": "==",
					"value": "monster"
				}
			}
		]
	}
}