{
	"format_version": "1.8.0",
	"animations": {
		"animation.aura_portao": {
			"loop": true,
			"animation_length": 0.16667,
			"particle_effects": {
				"0.0": 
					{
					"effect": "aura_portao",
					"locator": "locator"
				}		  
			}
		},
		"animation.aura_portao_7": {
			"loop": true,
			"animation_length": 0.16667,
			"particle_effects": {
				"0.0": 
					{
					"effect": "aura_portao_7",
					"locator": "locator"
				}		  
			}
		},
		"animation.aura_portao_8": {
			"loop": true,
			"animation_length": 0.16667,
			"particle_effects": {
				"0.0": 
					{
					"effect": "aura_portao_8",
					"locator": "locator"
				}		  
			}
		},
		"animation.lotus_particle": {
			"loop": true,
			"animation_length": 0.16667,
			"particle_effects": {
				"0.0": 
					{
					"effect": "lotus_particle",
					"locator": "locator"
				}		  
			}
		},
		"animation.rotacao": {
			"loop": true,
			"animation_length": 0.16667,
			"particle_effects": {
				"0.0": 
					{
					"effect": "rotacao",
					"locator": "locator"
				}			  
			}
		},
		"animation.poeira": {
			"loop": true,
			"animation_length": 0.16667,
			"particle_effects": {
				"0.0": 
					{
					"effect": "poeira",
					"locator": "locator"
				}			  
			}
		},
		"animation.trigramas": {
			"loop": true,
			"animation_length": 0.16667,
			"particle_effects": {
				"0.0": 
					{
					"effect": "trigramas",
					"locator": "locator"
				}			  
			}
		},








		"animation.npc_missao_gato": {
			"loop": true,
			"animation_length": 0.16667,
			"particle_effects": {
				"0.0": 
					{
					"effect": "npc_missao_gato",
					"locator": "locator_fala"
				}			  
			}
		},
		"animation.npc_missao_ajuda": {
			"loop": true,
			"animation_length": 0.16667,
			"particle_effects": {
				"0.0": 
					{
					"effect": "npc_missao_ajuda",
					"locator": "locator_fala"
				}			  
			}
		},
		"animation.npc_missao_planta": {
			"loop": true,
			"animation_length": 0.16667,
			"particle_effects": {
				"0.0": 
					{
					"effect": "npc_missao_planta",
					"locator": "locator_fala"
				}			  
			}
		},
		"animation.npc_missao_bandido": {
			"loop": true,
			"animation_length": 0.16667,
			"particle_effects": {
				"0.0": 
					{
					"effect": "npc_missao_bandido",
					"locator": "locator_fala"
				}			  
			}
		},
		"animation.zetsu_boss": {
			"loop": true,
			"animation_length": 0.16667,
			"particle_effects": {
				"0.0": 
					{
					"effect": "zetsu_boss",
					"locator": "locator_fala"
				}			  
			}
		},
		"animation.bandido_boss": {
			"loop": true,
			"animation_length": 0.16667,
			"particle_effects": {
				"0.0": 
					{
					"effect": "bandido_boss",
					"locator": "locator_fala"
				}			  
			}
		},
		"animation.zabuza": {
			"loop": true,
			"animation_length": 0.16667,
			"particle_effects": {
				"0.0": 
					{
					"effect": "zabuza",
					"locator": "locator_fala"
				}			  
			}
		},
		"animation.kisame": {
			"loop": true,
			"animation_length": 0.16667,
			"particle_effects": {
				"0.0": 
					{
					"effect": "kisame",
					"locator": "locator_fala"
				}			  
			}
		},
		"animation.guy": {
			"loop": true,
			"animation_length": 0.16667,
			"particle_effects": {
				"0.0": 
					{
					"effect": "guy",
					"locator": "locator_fala"
				}			  
			}
		},
		"animation.jiraya": {
			"loop": true,
			"animation_length": 0.16667,
			"particle_effects": {
				"0.0": 
					{
					"effect": "jiraya",
					"locator": "locator_fala"
				}			  
			}
		},
		"animation.orochimaru": {
			"loop": true,
			"animation_length": 0.16667,
			"particle_effects": {
				"0.0": 
					{
					"effect": "orochimaru",
					"locator": "locator_fala"
				}			  
			}
		}
	}
}