{
  "format_version": "1.12",
  "minecraft:recipe_shaped": {
    "description": {
      "identifier": "stk:sfrag"
    },
    "tags": [ "soul_table" ],
    "pattern": [
      "BDE",
      "ACA",
      "BDE"
    ],
    "key": {
      "C": {
        "item": "stk:frag"
      },
      "A": {
        "item": "stk:energy"
      },
      "B": {
        "item": "stk:wenergy"
      },
      "D": {
        "item": "stk:dfrag"
      },
      "E": {
        "item": "stk:blood"

      }
    },
    "result": {
    "item": "stk:sfrag",
      "count": 1,
      "data": 0
    }
  }
}







