{
  "format_version": "1.12",
  "minecraft:recipe_shaped": {
    "description": {
      "identifier": "stk:sorb"
    },
    "tags": [ "soul_table" ],
    "pattern": [
      "EAB",
      "ACA",
      "BAE"
    ],
    "key": {
      "C": {
        "item": "stk:orb"
      },
      "A": {
        "item": "stk:eorb"
      },
      "B": {
        "item": "stk:energy"
      },
      "E": {
        "item": "minecraft:arrow"

      }
    },
    "result": {
    "item": "stk:sorb",
      "count": 1,
      "data": 0
    }
  }
}







