{
  "format_version": "1.12",
  "minecraft:recipe_shaped": {
    "description": {
      "identifier": "stk:soul_table"
    },
    "tags": [ "crafting_table" ],
    "pattern": [
      "BAB",
      "ACA",
      "BAB"
    ],
    "key": {
      "C": {
        "item": "minecraft:diamond"
      },
      "A": {
        "item": "minecraft:iron_ingot"
      },
      "B": {
        "item": "stk:energy"

      }
    },
    "result": {
    "item": "stk:soul_table",
      "count": 1,
      "data": 0
    }
  }
}













