{
  "resource_pack_name": "vanilla",
  "texture_name": "atlas.items",
  "texture_data": {
    "byakugan_golden": {
      "textures": "textures/items/byakugan_golden"
    },
    "byakugan": {
      "textures": "textures/items/byakugan"
    },
    "curse_mark1": {
      "textures": "textures/items/curse_mark1"
    },
    "curse_mark2": {
      "textures": "textures/items/curse_mark2"
    },
    "gate1_2": {
      "textures": "textures/items/gate1_2"
    },
    "gate3_6": {
      "textures": "textures/items/gate3_6"
    },
    "gate7": {
      "textures": "textures/items/gate7"
    },
    "gate8": {
      "textures": "textures/items/gate8"
    },
    "hyuga": {
      "textures": "textures/items/hyuga"
    },
    "jougan": {
      "textures": "textures/items/jougan"
    },
    "jutsu_amaterasu": {
      "textures": "textures/items/jutsu_amaterasu"
    },
    "jutsu_deva_bansho": {
      "textures": "textures/items/jutsu_deva_bansho"
    },
    "jutsu_deva_chibaku": {
      "textures": "textures/items/jutsu_deva_chibaku"
    },
    "jutsu_deva_shinra": {
      "textures": "textures/items/jutsu_deva_shinra"
    },
    "jutsu_genjutsu": {
      "textures": "textures/items/jutsu_genjutsu"
    },
    "jutsu_manda": {
      "textures": "textures/items/jutsu_manda"
    },
    "jutsu_susanoo": {
      "textures": "textures/items/jutsu_susanoo"
    },
    "jutsu_trigramas": {
      "textures": "textures/items/jutsu_trigramas"
    },
    "jutsu_twin_lions": {
      "textures": "textures/items/jutsu_twin_lions"
    },
    "kubikiribocho": {
      "textures": "textures/items/kubikiribocho"
    },
    "kunai": {
      "textures": "textures/items/kunai"
    },
    "kurama_learn": {
      "textures": "textures/items/kurama_learn"
    },
    "kurama": {
      "textures": "textures/items/kurama"
    },
    "kusanagi": {
      "textures": "textures/items/kusanagi"
    },
    "mangekyou_sharingan_learn": {
      "textures": "textures/items/mangekyou_sharingan_learn"
    },
    "mangekyou_sharingan": {
      "textures": "textures/items/mangekyou_sharingan"
    },
    "rinne_sharingan_learn": {
      "textures": "textures/items/rinne_sharingan_learn"
    },
    "rinne_sharingan": {
      "textures": "textures/items/rinne_sharingan"
    },
    "rinnegan_learn": {
      "textures": "textures/items/rinnegan_learn"
    },
    "rinnegan": {
      "textures": "textures/items/rinnegan"
    },
    "scythe": {
      "textures": "textures/items/scythe"
    },
    "sennin_frogs": {
      "textures": "textures/items/sennin_frogs"
    },
    "sennin_snakes": {
      "textures": "textures/items/sennin_snakes"
    },
    "sharingan1": {
      "textures": "textures/items/sharingan1"
    },
    "sharingan2_learn": {
      "textures": "textures/items/sharingan2_learn"
    },
    "sharingan2": {
      "textures": "textures/items/sharingan2"
    },
    "sharingan3_learn": {
      "textures": "textures/items/sharingan3_learn"
    },
    "sharingan3": {
      "textures": "textures/items/sharingan3"
    },
    "shukaku_learn": {
      "textures": "textures/items/shukaku_learn"
    },
    "shukaku": {
      "textures": "textures/items/shukaku"
    },
    "suit_naruto": {
      "textures": "textures/items/suit_naruto"
    },
    "suit_neji": {
      "textures": "textures/items/suit_neji"
    },
    "suit_otsutsuki": {
      "textures": "textures/items/suit_otsutsuki"
    },
    "suit_rocklee": {
      "textures": "textures/items/suit_rocklee"
    },
    "suit_sasuke": {
      "textures": "textures/items/suit_sasuke"
    },
    "taijutsu_sennin_frogs": {
      "textures": "textures/items/taijutsu_sennin_frogs"
    },
    "tenseigan": {
      "textures": "textures/items/tenseigan"
    },
    "uchiha": {
      "textures": "textures/items/uchiha"
    }
  }
}