{
	"format_version": "1.12.0",
	"minecraft:geometry": [
		{
			"description": {
				"identifier": "geometry.igris",
				"texture_width": 128,
				"texture_height": 128,
				"visible_bounds_width": 12,
				"visible_bounds_height": 7,
				"visible_bounds_offset": [0, 2.5, 0]
			},
			"bones": [
				{
					"name": "root",
					"pivot": [0, 0, 0],
					"locators": {
					    "hp": [0, 38, 0]
					}
				},
				{
					"name": "slash",
					"parent": "root",
					"pivot": [0, 24, 0],
					"locators": {
						"slash": [0, 24, 0],
						"slash2": {
						    "offset": [0, 24, 0],
						    "rotation":[0, 0, 45]
						}
					}
				},
				{
					"name": "waist",
					"parent": "root",
					"pivot": [0, 12, 0]
				},
				{
					"name": "body",
					"parent": "waist",
					"pivot": [0, 24, 0],
					"cubes": [
						{"origin": [-4, 20, -2], "size": [8, 4, 4], "uv": [54, 36]},
						{"origin": [-3.75, 16, -2], "size": [7.5, 4, 4], "uv": [54, 52]},
						{"origin": [-3.5, 12, -2], "size": [7, 4, 4], "uv": [54, 44]}
					]
				},
				{
					"name": "cape",
					"parent": "body",
					"pivot": [0, 24, 0],
					"rotation": [15, 0, 0],
					"cubes": [
						{"origin": [-4.5, 13.89295, 1.90887], "size": [9, 10, 0], "uv": [82, 10]},
						{"origin": [-11.6823, 13.89295, 1.98497], "size": [7, 10, 0], "pivot": [-4.49929, 16.35888, 2.16798], "rotation": [0, -45, 0], "uv": [100, 11]},
						{"origin": [4.6823, 13.89295, 1.98497], "size": [7, 10, 0], "pivot": [4.49929, 16.35888, 2.16798], "rotation": [0, 45, 0], "uv": [100, 11], "mirror": true}
					]
				},
				{
					"name": "bone",
					"parent": "cape",
					"pivot": [0, 17.39295, 6.20887],
					"rotation": [17.5, 0, 0],
					"cubes": [
						{"origin": [-4.5, 5.34768, 1.05537], "size": [9, 10, 0], "uv": [82, 0]},
						{"origin": [-11.88993, 5.33768, 1.1996], "size": [7, 11, 0], "pivot": [-4.51, 6.68107, 1.57953], "rotation": [0, -45, 0], "uv": [100, 0]},
						{"origin": [4.88993, 5.33768, 1.1996], "size": [7, 11, 0], "pivot": [4.51, 6.68107, 1.57953], "rotation": [0, 45, 0], "uv": [100, 0], "mirror": true}
					]
				},
				{
					"name": "head",
					"parent": "body",
					"pivot": [0, 24, 0],
					"cubes": [
						{"origin": [-4, 24, -4], "size": [8, 8, 8], "uv": [24, 8]},
						{"origin": [-4, 24, -4], "size": [8, 8, 8], "inflate": 0.25, "uv": [0, 0]},
						{"origin": [-3.8, 32.05649, -3.28473], "size": [1.8, 4, 1.3], "inflate": 0.25, "pivot": [-0.2, 34.05649, -2.63473], "rotation": [-20, 0, 0], "uv": [15, 22]},
						{"origin": [-7.5, 29.81932, -1.90819], "size": [1.8, 4, 1.3], "inflate": 0.25, "pivot": [-6.2, 31.51932, -3.55819], "rotation": [-42.76456, 0.84071, -85.07922], "uv": [0, 21]},
						{
							"origin": [-8.09863, 29.30316, 1.2017],
							"size": [1, 4, 0.7],
							"inflate": 0.25,
							"pivot": [-7.59863, 31.30316, 0.8517],
							"rotation": [-65.26456, 0.84071, -85.07922],
							"uv": {
								"north": {"uv": [5, 4], "uv_size": [1, 4]},
								"east": {"uv": [5, 4], "uv_size": [0, 4]},
								"south": {"uv": [6, 4], "uv_size": [1, 4]},
								"west": {"uv": [6, 4], "uv_size": [0, 4]},
								"up": {"uv": [5, 4], "uv_size": [1, 0]},
								"down": {"uv": [6, 4], "uv_size": [1, 0]}
							}
						},
						{
							"origin": [5.43013, 31.75235, -1.36582],
							"size": [1, 4, 0.7],
							"inflate": 0.25,
							"pivot": [5.93013, 32.04317, -0.65785],
							"rotation": [-61.79152, -35.69144, 83.938],
							"uv": {
								"north": {"uv": [4, 16], "uv_size": [1, 4]},
								"east": {"uv": [4, 16], "uv_size": [0, 4]},
								"south": {"uv": [5, 16], "uv_size": [1, 4]},
								"west": {"uv": [5, 16], "uv_size": [0, 4]},
								"up": {"uv": [4, 16], "uv_size": [1, 0]},
								"down": {"uv": [5, 16], "uv_size": [1, 0]}
							}
						},
						{"origin": [5.03013, 28.32711, -1.63121], "size": [1.8, 4, 1.3], "inflate": 0.25, "pivot": [5.93013, 32.04317, -0.65785], "rotation": [-39.29152, -35.69144, 83.938], "uv": [0, 16]},
						{
							"origin": [-3.39863, 35.27574, -1.28117],
							"size": [1, 4, 0.7],
							"inflate": 0.25,
							"pivot": [-2.89863, 37.27574, -1.23117],
							"rotation": [-39, 0, 0],
							"uv": {
								"north": {"uv": [5, 4], "uv_size": [1, 4]},
								"east": {"uv": [5, 4], "uv_size": [0, 4]},
								"south": {"uv": [6, 4], "uv_size": [1, 4]},
								"west": {"uv": [6, 4], "uv_size": [0, 4]},
								"up": {"uv": [5, 4], "uv_size": [1, 0]},
								"down": {"uv": [6, 4], "uv_size": [1, 0]}
							}
						},
						{"origin": [0, 29, -3], "size": [0, 14, 27], "pivot": [0, 33, -1], "rotation": [-16.40952, 9.32964, -18.28768], "uv": [0, 28]},
						{"origin": [0, 29, -3], "size": [0, 14, 27], "pivot": [0, 33, -1], "rotation": [-16.40952, -9.32964, 18.28768], "uv": [0, 14]},
						{"origin": [0, 29, -3], "size": [0, 14, 27], "pivot": [0, 33, -1], "rotation": [-21.5, 0, 0], "uv": [0, 0]}
					]
				},
				{
					"name": "rightArm",
					"parent": "body",
					"pivot": [-5, 22, 0],
					"cubes": [
						{"origin": [-9, 22, -3.25], "size": [5, 2, 5], "uv": [59, 11]},
						{"origin": [-7, 24, -3.25], "size": [3, 1, 5], "uv": [64, 0]},
						{"origin": [-8, 10, -2.25], "size": [4, 12, 4], "uv": [54, 20]}
					]
				},
				{
					"name": "sword",
					"parent": "rightArm",
					"pivot": [-6, 12, 0],
					"cubes": [
						{"origin": [-25.5, 11.55, -28.25], "size": [12, 0.5, 6.5], "pivot": [-6.00375, 11.29875, -24.01], "rotation": [0, 90, 90], "uv": [18, 0]},
						{"origin": [-13.5, 11.5, -28], "size": [9, 0.5, 6], "pivot": [-6.00375, 11.29875, -24.01], "rotation": [0, 90, 90], "uv": [0, 16]},
						{"origin": [-4.5, 11.5, -27.5], "size": [5, 0.5, 5], "pivot": [-6.00375, 11.29875, -24.01], "rotation": [0, 90, 90], "uv": [0, 22]},
						{"origin": [0.5, 11.5, -27], "size": [2, 0.5, 4], "pivot": [-6.00375, 11.29875, -24.01], "rotation": [0, 90, 90], "uv": [0, 0]},
						{"origin": [2.5, 11.5, -26.5], "size": [1, 0.5, 3], "pivot": [-6.00375, 11.29875, -24.01], "rotation": [0, 90, 90], "uv": [0, 4]},
						{"origin": [3.5, 11.5, -26], "size": [1, 0.5, 2], "pivot": [-6.00375, 11.29875, -24.01], "rotation": [0, 90, 90], "uv": [0, 0]},
						{"origin": [4.5, 11.5, -25.5], "size": [0.5, 0.5, 1], "pivot": [-6.00375, 11.29875, -24.01], "rotation": [0, 90, 90], "uv": [2, -1]},
						{"origin": [5, 11.5, -25.25], "size": [0.5, 0.5, 0.5], "pivot": [-6.00375, 11.29875, -24.01], "rotation": [0, 90, 90], "uv": [0, 0]},
						{"origin": [-6, 11.75, -4], "size": [1, 1, 7], "uv": [59, 60]},
						{"origin": [-6, 8.75, -4.5], "size": [1, 7, 0.5], "uv": [0, 0]},
						{"origin": [-5.5, 6, 2.5], "size": [0, 7, 6], "uv": [54, 54]}
					]
				},
				{
					"name": "leftArm",
					"parent": "body",
					"pivot": [5, 22, 0],
					"cubes": [
						{"origin": [4, 22, -3.25], "size": [5, 2, 5], "uv": [59, 11], "mirror": true},
						{"origin": [4, 24, -3.25], "size": [3, 1, 5], "uv": [64, 0], "mirror": true},
						{"origin": [4, 10, -2.25], "size": [4, 12, 4], "uv": [54, 20], "mirror": true}
					]
				},
				{
					"name": "rightLeg",
					"parent": "root",
					"pivot": [-2, 12, 0],
					"cubes": [
						{"origin": [-4, 0, -4], "size": [4, 2, 2], "uv": [64, 6]},
						{"origin": [-4, 0, -2], "size": [4, 12, 4], "uv": [48, 0]}
					]
				},
				{
					"name": "leftLeg",
					"parent": "root",
					"pivot": [2, 12, 0],
					"cubes": [
						{"origin": [0, 0, -4], "size": [4, 2, 2], "uv": [64, 6], "mirror": true},
						{"origin": [0, 0, -2], "size": [4, 12, 4], "uv": [48, 0], "mirror": true}
					]
				}
			]
		}
	]
}