{
	"format_version": "1.12.0",
	"minecraft:geometry": [
		{
			"description": {
				"identifier": "geometry.jinwoo_adagas",
				"texture_width": 32,
				"texture_height": 32,
				"visible_bounds_width": 2,
				"visible_bounds_height": 3.5,
				"visible_bounds_offset": [0, 1.25, 0]
			},
			"bones": [
				{
					"name": "root",
					"pivot": [0, 0, 0]
				},
				{
					"name": "waist",
					"parent": "root",
					"pivot": [0, 12, 0]
				},
				{
					"name": "body",
					"parent": "waist",
					"pivot": [0, 24, 0]
				},
				{
					"name": "rightArm",
					"parent": "body",
					"pivot": [-5, 22, 0]
				},
				{
					"name": "adaga_knight",
					"parent": "rightArm",
					"pivot": [-5.5, 4.5, -15],
					"cubes": [
						{
							"origin": [-15, 4.5, -15],
							"size": [1, 0.5, 7.5],
							"pivot": [-5.5, 4.5, -15],
							"rotation": [0, 0, 90],
							"uv": {
								"north": {"uv": [29, 0], "uv_size": [-2, 1]},
								"east": {"uv": [28, 0], "uv_size": [1, 15]},
								"south": {"uv": [27, 14], "uv_size": [2, 1]},
								"west": {"uv": [27, 0], "uv_size": [1, 15]},
								"up": {"uv": [29, 15], "uv_size": [-2, -15]},
								"down": {"uv": [29, 0], "uv_size": [-2, 15]}
							}
						},
						{
							"origin": [-14, 4.5, -14.5],
							"size": [0.5, 0.5, 15.5],
							"pivot": [-5.5, 4.5, -15],
							"rotation": [0, 0, 90],
							"uv": {
								"north": {"uv": [27, 1], "uv_size": [-1, 1]},
								"east": {"uv": [26, 1], "uv_size": [1, 31]},
								"south": {"uv": [26, 31], "uv_size": [1, 1]},
								"west": {"uv": [26, 1], "uv_size": [1, 31]},
								"up": {"uv": [27, 32], "uv_size": [-1, -31]},
								"down": {"uv": [27, 1], "uv_size": [-1, 31]}
							}
						},
						{
							"origin": [-13.5, 4.5, -13.5],
							"size": [0.5, 0.5, 14.5],
							"pivot": [-5.5, 4.5, -15],
							"rotation": [0, 0, 90],
							"uv": {
								"north": {"uv": [26, 3], "uv_size": [-1, 1]},
								"east": {"uv": [25, 3], "uv_size": [1, 29]},
								"south": {"uv": [25, 31], "uv_size": [1, 1]},
								"west": {"uv": [25, 3], "uv_size": [1, 29]},
								"up": {"uv": [26, 32], "uv_size": [-1, -29]},
								"down": {"uv": [26, 3], "uv_size": [-1, 29]}
							}
						},
						{
							"origin": [-13, 4.5, -12.5],
							"size": [0.5, 0.5, 10],
							"pivot": [-5.5, 4.5, -15],
							"rotation": [0, 0, 90],
							"uv": {
								"north": {"uv": [25, 5], "uv_size": [-1, 1]},
								"east": {"uv": [24, 5], "uv_size": [1, 20]},
								"south": {"uv": [24, 24], "uv_size": [1, 1]},
								"west": {"uv": [24, 5], "uv_size": [1, 20]},
								"up": {"uv": [25, 25], "uv_size": [-1, -20]},
								"down": {"uv": [25, 5], "uv_size": [-1, 20]}
							}
						},
						{
							"origin": [-12.5, 4.5, -11],
							"size": [0.5, 0.5, 0.5],
							"pivot": [-5.5, 4.5, -15],
							"rotation": [0, 0, 90],
							"uv": {
								"north": {"uv": [24, 8], "uv_size": [-1, 1]},
								"east": {"uv": [23, 8], "uv_size": [1, 1]},
								"south": {"uv": [23, 8], "uv_size": [1, 1]},
								"west": {"uv": [23, 8], "uv_size": [1, 1]},
								"up": {"uv": [24, 9], "uv_size": [-1, -1]},
								"down": {"uv": [24, 8], "uv_size": [-1, 1]}
							}
						},
						{
							"origin": [-12.5, 4.5, -9.5],
							"size": [0.5, 0.5, 0.5],
							"pivot": [-5.5, 4.5, -15],
							"rotation": [0, 0, 90],
							"uv": {
								"north": {"uv": [24, 11], "uv_size": [-1, 1]},
								"east": {"uv": [23, 11], "uv_size": [1, 1]},
								"south": {"uv": [23, 11], "uv_size": [1, 1]},
								"west": {"uv": [23, 11], "uv_size": [1, 1]},
								"up": {"uv": [24, 12], "uv_size": [-1, -1]},
								"down": {"uv": [24, 11], "uv_size": [-1, 1]}
							}
						},
						{
							"origin": [-15, 4.5, -15.5],
							"size": [0.5, 0.5, 0.5],
							"pivot": [-5.5, 4.5, -15],
							"rotation": [0, 0, 90],
							"uv": {
								"north": {"uv": [29, 0], "uv_size": [-1, 1]},
								"east": {"uv": [28, 0], "uv_size": [1, 1]},
								"south": {"uv": [28, 0], "uv_size": [1, 1]},
								"west": {"uv": [28, 0], "uv_size": [1, 1]},
								"up": {"uv": [29, 1], "uv_size": [-1, -1]},
								"down": {"uv": [29, 0], "uv_size": [-1, 1]}
							}
						},
						{
							"origin": [-12.5, 4.5, -8],
							"size": [0.5, 0.5, 0.5],
							"pivot": [-5.5, 4.5, -15],
							"rotation": [0, 0, 90],
							"uv": {
								"north": {"uv": [24, 14], "uv_size": [-1, 1]},
								"east": {"uv": [23, 14], "uv_size": [1, 1]},
								"south": {"uv": [23, 14], "uv_size": [1, 1]},
								"west": {"uv": [23, 14], "uv_size": [1, 1]},
								"up": {"uv": [24, 15], "uv_size": [-1, -1]},
								"down": {"uv": [24, 14], "uv_size": [-1, 1]}
							}
						},
						{
							"origin": [-15, 4.5, -5],
							"size": [1, 0.5, 2.5],
							"pivot": [-5.5, 4.5, -15],
							"rotation": [0, 0, 90],
							"uv": {
								"north": {"uv": [29, 20], "uv_size": [-2, 1]},
								"east": {"uv": [28, 20], "uv_size": [1, 5]},
								"south": {"uv": [27, 24], "uv_size": [2, 1]},
								"west": {"uv": [27, 20], "uv_size": [1, 5]},
								"up": {"uv": [29, 25], "uv_size": [-2, -5]},
								"down": {"uv": [29, 20], "uv_size": [-2, 5]}
							}
						},
						{
							"origin": [-14.5, 4.5, -7.5],
							"size": [0.5, 0.5, 2.5],
							"pivot": [-5.5, 4.5, -15],
							"rotation": [0, 0, 90],
							"uv": {
								"north": {"uv": [28, 15], "uv_size": [-1, 1]},
								"east": {"uv": [27, 15], "uv_size": [1, 5]},
								"south": {"uv": [27, 19], "uv_size": [1, 1]},
								"west": {"uv": [27, 15], "uv_size": [1, 5]},
								"up": {"uv": [28, 20], "uv_size": [-1, -5]},
								"down": {"uv": [28, 15], "uv_size": [-1, 5]}
							}
						},
						{
							"origin": [-12.5, 4.5, -6.5],
							"size": [0.5, 0.5, 0.5],
							"pivot": [-5.5, 4.5, -15],
							"rotation": [0, 0, 90],
							"uv": {
								"north": {"uv": [24, 17], "uv_size": [-1, 1]},
								"east": {"uv": [23, 17], "uv_size": [1, 1]},
								"south": {"uv": [23, 17], "uv_size": [1, 1]},
								"west": {"uv": [23, 17], "uv_size": [1, 1]},
								"up": {"uv": [24, 18], "uv_size": [-1, -1]},
								"down": {"uv": [24, 17], "uv_size": [-1, 1]}
							}
						},
						{
							"origin": [-12.5, 4.5, -5],
							"size": [0.5, 0.5, 0.5],
							"pivot": [-5.5, 4.5, -15],
							"rotation": [0, 0, 90],
							"uv": {
								"north": {"uv": [24, 20], "uv_size": [-1, 1]},
								"east": {"uv": [23, 20], "uv_size": [1, 1]},
								"south": {"uv": [23, 20], "uv_size": [1, 1]},
								"west": {"uv": [23, 20], "uv_size": [1, 1]},
								"up": {"uv": [24, 21], "uv_size": [-1, -1]},
								"down": {"uv": [24, 20], "uv_size": [-1, 1]}
							}
						},
						{
							"origin": [-11.5, 4.5, -3.5],
							"size": [1.5, 0.5, 0.5],
							"pivot": [-5.5, 4.5, -15],
							"rotation": [0, 0, 90],
							"uv": {
								"north": {"uv": [22, 23], "uv_size": [-3, 1]},
								"east": {"uv": [21, 23], "uv_size": [1, 1]},
								"south": {"uv": [19, 23], "uv_size": [3, 1]},
								"west": {"uv": [19, 23], "uv_size": [1, 1]},
								"up": {"uv": [22, 24], "uv_size": [-3, -1]},
								"down": {"uv": [22, 23], "uv_size": [-3, 1]}
							}
						},
						{
							"origin": [-12.5, 4.5, -3.5],
							"size": [0.5, 0.5, 0.5],
							"pivot": [-5.5, 4.5, -15],
							"rotation": [0, 0, 90],
							"uv": {
								"north": {"uv": [24, 23], "uv_size": [-1, 1]},
								"east": {"uv": [23, 23], "uv_size": [1, 1]},
								"south": {"uv": [23, 23], "uv_size": [1, 1]},
								"west": {"uv": [23, 23], "uv_size": [1, 1]},
								"up": {"uv": [24, 24], "uv_size": [-1, -1]},
								"down": {"uv": [24, 23], "uv_size": [-1, 1]}
							}
						},
						{
							"origin": [-12.5, 4.5, -3],
							"size": [1.5, 0.5, 0.5],
							"pivot": [-5.5, 4.5, -15],
							"rotation": [0, 0, 90],
							"uv": {
								"north": {"uv": [24, 24], "uv_size": [-3, 1]},
								"east": {"uv": [23, 24], "uv_size": [1, 1]},
								"south": {"uv": [21, 24], "uv_size": [3, 1]},
								"west": {"uv": [21, 24], "uv_size": [1, 1]},
								"up": {"uv": [24, 25], "uv_size": [-3, -1]},
								"down": {"uv": [24, 24], "uv_size": [-3, 1]}
							}
						}
					]
				},
				{
					"name": "leftArm",
					"parent": "body",
					"pivot": [5, 22, 0]
				},
				{
					"name": "adaga_kusaka",
					"parent": "leftArm",
					"pivot": [5.5, 9, 1.5],
					"cubes": [
						{
							"origin": [10.5, 13.5, 1.5],
							"size": [0.5, 0.5, 0.5],
							"pivot": [5.5, 9, 1.5],
							"rotation": [90, 0, -90],
							"uv": {
								"north": {"uv": [10, 22], "uv_size": [1, 1]},
								"east": {"uv": [11, 22], "uv_size": [-1, 1]},
								"south": {"uv": [11, 22], "uv_size": [-1, 1]},
								"west": {"uv": [11, 22], "uv_size": [-1, 1]},
								"up": {"uv": [10, 23], "uv_size": [1, -1]},
								"down": {"uv": [10, 23], "uv_size": [1, -1]}
							}
						},
						{
							"origin": [11, 13, 1.5],
							"size": [0.5, 0.5, 0.5],
							"pivot": [5.5, 9, 1.5],
							"rotation": [90, 0, -90],
							"uv": {
								"north": {"uv": [11, 23], "uv_size": [1, 1]},
								"east": {"uv": [12, 23], "uv_size": [-1, 1]},
								"south": {"uv": [12, 23], "uv_size": [-1, 1]},
								"west": {"uv": [12, 23], "uv_size": [-1, 1]},
								"up": {"uv": [11, 24], "uv_size": [1, -1]},
								"down": {"uv": [11, 24], "uv_size": [1, -1]}
							}
						},
						{
							"origin": [10, 13.5, 1.5],
							"size": [0.5, 0.5, 0.5],
							"pivot": [5.5, 9, 1.5],
							"rotation": [90, 0, -90],
							"uv": {
								"north": {"uv": [9, 22], "uv_size": [1, 1]},
								"east": {"uv": [10, 22], "uv_size": [-1, 1]},
								"south": {"uv": [10, 22], "uv_size": [-1, 1]},
								"west": {"uv": [10, 22], "uv_size": [-1, 1]},
								"up": {"uv": [9, 23], "uv_size": [1, -1]},
								"down": {"uv": [9, 23], "uv_size": [1, -1]}
							}
						},
						{
							"origin": [10, 14, 1.5],
							"size": [0.5, 0.5, 0.5],
							"pivot": [5.5, 9, 1.5],
							"rotation": [90, 0, -90],
							"uv": {
								"north": {"uv": [9, 21], "uv_size": [1, 1]},
								"east": {"uv": [10, 21], "uv_size": [-1, 1]},
								"south": {"uv": [10, 21], "uv_size": [-1, 1]},
								"west": {"uv": [10, 21], "uv_size": [-1, 1]},
								"up": {"uv": [9, 22], "uv_size": [1, -1]},
								"down": {"uv": [9, 22], "uv_size": [1, -1]}
							}
						},
						{
							"origin": [10, 14.5, 1.5],
							"size": [1.5, 1, 0.5],
							"pivot": [5.5, 9, 1.5],
							"rotation": [90, 0, -90],
							"uv": {
								"north": {"uv": [9, 19], "uv_size": [3, 2]},
								"east": {"uv": [10, 19], "uv_size": [-1, 2]},
								"south": {"uv": [12, 19], "uv_size": [-3, 2]},
								"west": {"uv": [12, 19], "uv_size": [-1, 2]},
								"up": {"uv": [9, 20], "uv_size": [3, -1]},
								"down": {"uv": [9, 21], "uv_size": [3, -1]}
							}
						},
						{
							"origin": [11.5, 14, 1.5],
							"size": [0.5, 1, 0.5],
							"pivot": [5.5, 9, 1.5],
							"rotation": [90, 0, -90],
							"uv": {
								"north": {"uv": [12, 20], "uv_size": [1, 2]},
								"east": {"uv": [13, 20], "uv_size": [-1, 2]},
								"south": {"uv": [13, 20], "uv_size": [-1, 2]},
								"west": {"uv": [13, 20], "uv_size": [-1, 2]},
								"up": {"uv": [12, 21], "uv_size": [1, -1]},
								"down": {"uv": [12, 22], "uv_size": [1, -1]}
							}
						},
						{
							"origin": [10, 15.5, 1.5],
							"size": [0.5, 9.5, 0.5],
							"pivot": [5.5, 9, 1.5],
							"rotation": [90, 0, -90],
							"uv": {
								"north": {"uv": [9, 0], "uv_size": [1, 19]},
								"east": {"uv": [10, 0], "uv_size": [-1, 19]},
								"south": {"uv": [10, 0], "uv_size": [-1, 19]},
								"west": {"uv": [10, 0], "uv_size": [-1, 19]},
								"up": {"uv": [9, 1], "uv_size": [1, -1]},
								"down": {"uv": [9, 19], "uv_size": [1, -1]}
							}
						},
						{
							"origin": [9.5, 13.5, 1.5],
							"size": [0.5, 11, 0.5],
							"pivot": [5.5, 9, 1.5],
							"rotation": [90, 0, -90],
							"uv": {
								"north": {"uv": [8, 1], "uv_size": [1, 22]},
								"east": {"uv": [9, 1], "uv_size": [-1, 22]},
								"south": {"uv": [9, 1], "uv_size": [-1, 22]},
								"west": {"uv": [9, 1], "uv_size": [-1, 22]},
								"up": {"uv": [8, 2], "uv_size": [1, -1]},
								"down": {"uv": [8, 23], "uv_size": [1, -1]}
							}
						},
						{
							"origin": [9, 9, 1.5],
							"size": [0.5, 15, 0.5],
							"pivot": [5.5, 9, 1.5],
							"rotation": [90, 0, -90],
							"uv": {
								"north": {"uv": [7, 2], "uv_size": [1, 30]},
								"east": {"uv": [8, 2], "uv_size": [-1, 30]},
								"south": {"uv": [8, 2], "uv_size": [-1, 30]},
								"west": {"uv": [8, 2], "uv_size": [-1, 30]},
								"up": {"uv": [7, 3], "uv_size": [1, -1]},
								"down": {"uv": [7, 32], "uv_size": [1, -1]}
							}
						},
						{
							"origin": [8.5, 9, 1.5],
							"size": [0.5, 14.5, 0.5],
							"pivot": [5.5, 9, 1.5],
							"rotation": [90, 0, -90],
							"uv": {
								"north": {"uv": [6, 3], "uv_size": [1, 29]},
								"east": {"uv": [7, 3], "uv_size": [-1, 29]},
								"south": {"uv": [7, 3], "uv_size": [-1, 29]},
								"west": {"uv": [7, 3], "uv_size": [-1, 29]},
								"up": {"uv": [6, 4], "uv_size": [1, -1]},
								"down": {"uv": [6, 32], "uv_size": [1, -1]}
							}
						},
						{
							"origin": [8, 12.5, 1.5],
							"size": [0.5, 10, 0.5],
							"pivot": [5.5, 9, 1.5],
							"rotation": [90, 0, -90],
							"uv": {
								"north": {"uv": [5, 5], "uv_size": [1, 20]},
								"east": {"uv": [6, 5], "uv_size": [-1, 20]},
								"south": {"uv": [6, 5], "uv_size": [-1, 20]},
								"west": {"uv": [6, 5], "uv_size": [-1, 20]},
								"up": {"uv": [5, 6], "uv_size": [1, -1]},
								"down": {"uv": [5, 25], "uv_size": [1, -1]}
							}
						},
						{
							"origin": [7.5, 17.5, 1.5],
							"size": [0.5, 3.5, 0.5],
							"pivot": [5.5, 9, 1.5],
							"rotation": [90, 0, -90],
							"uv": {
								"north": {"uv": [4, 8], "uv_size": [1, 7]},
								"east": {"uv": [5, 8], "uv_size": [-1, 7]},
								"south": {"uv": [5, 8], "uv_size": [-1, 7]},
								"west": {"uv": [5, 8], "uv_size": [-1, 7]},
								"up": {"uv": [4, 9], "uv_size": [1, -1]},
								"down": {"uv": [4, 15], "uv_size": [1, -1]}
							}
						},
						{
							"origin": [7.5, 9.5, 1.5],
							"size": [0.5, 1, 0.5],
							"pivot": [5.5, 9, 1.5],
							"rotation": [90, 0, -90],
							"uv": {
								"north": {"uv": [4, 29], "uv_size": [1, 2]},
								"east": {"uv": [5, 29], "uv_size": [-1, 2]},
								"south": {"uv": [5, 29], "uv_size": [-1, 2]},
								"west": {"uv": [5, 29], "uv_size": [-1, 2]},
								"up": {"uv": [4, 30], "uv_size": [1, -1]},
								"down": {"uv": [4, 31], "uv_size": [1, -1]}
							}
						},
						{
							"origin": [7.5, 12, 1.5],
							"size": [0.5, 3.5, 0.5],
							"pivot": [5.5, 9, 1.5],
							"rotation": [90, 0, -90],
							"uv": {
								"north": {"uv": [4, 19], "uv_size": [1, 7]},
								"east": {"uv": [5, 19], "uv_size": [-1, 7]},
								"south": {"uv": [5, 19], "uv_size": [-1, 7]},
								"west": {"uv": [5, 19], "uv_size": [-1, 7]},
								"up": {"uv": [4, 20], "uv_size": [1, -1]},
								"down": {"uv": [4, 26], "uv_size": [1, -1]}
							}
						},
						{
							"origin": [7, 10, 1.5],
							"size": [0.5, 2.5, 0.5],
							"pivot": [5.5, 9, 1.5],
							"rotation": [90, 0, -90],
							"uv": {
								"north": {"uv": [3, 25], "uv_size": [1, 5]},
								"east": {"uv": [4, 25], "uv_size": [-1, 5]},
								"south": {"uv": [4, 25], "uv_size": [-1, 5]},
								"west": {"uv": [4, 25], "uv_size": [-1, 5]},
								"up": {"uv": [3, 26], "uv_size": [1, -1]},
								"down": {"uv": [3, 30], "uv_size": [1, -1]}
							}
						},
						{
							"origin": [7, 13, 1.5],
							"size": [0.5, 0.5, 0.5],
							"pivot": [5.5, 9, 1.5],
							"rotation": [90, 0, -90],
							"uv": {
								"north": {"uv": [3, 23], "uv_size": [1, 1]},
								"east": {"uv": [4, 23], "uv_size": [-1, 1]},
								"south": {"uv": [4, 23], "uv_size": [-1, 1]},
								"west": {"uv": [4, 23], "uv_size": [-1, 1]},
								"up": {"uv": [3, 24], "uv_size": [1, -1]},
								"down": {"uv": [3, 24], "uv_size": [1, -1]}
							}
						}
					]
				}
			]
		}
	]
}