{
	"format_version": "1.12.0",
	"minecraft:geometry": [
		{
			"description": {
				"identifier": "geometry.jinwoo",
				"texture_width": 64,
				"texture_height": 64,
				"visible_bounds_width": 2,
				"visible_bounds_height": 3.5,
				"visible_bounds_offset": [0, 1.25, 0]
			},
			"bones": [
				{
					"name": "root",
					"pivot": [0, 0, 0],
					"locators": {
						"root": [0, 0, 0],
					    "hp": [0, 38, 0]
					}
				},
				{
					"name": "slash",
					"parent": "root",
					"pivot": [0, 24, 0],
					"locators": {
						"slash": [0, 24, 0],
						"slash2": {
						    "offset": [0, 24, 0],
						    "rotation":[0, 0, 90]//-22.5, 0, 90
						}
					}
				},
				{
					"name": "waist",
					"parent": "root",
					"pivot": [0, 12, 0],
					"locators": {
						"waist": [0, 12, 0],
						"jinwoo_stealth": [-2, 4, 0],
						"jinwoo_stealth2": [-2, 8, 0],
						"jinwoo_stealth3": [-4, 14, 0],
						"jinwoo_stealth4": [-4, 20, 0],
						"jinwoo_stealth5": [-4, 24, 0],
						"jinwoo_stealth6": [-4, 28, 0],
						"jinwoo_stealth7": [-4, 32, 0]
					}
				},
				{
					"name": "body",
					"parent": "waist",
					"pivot": [0, 24, 0],
					"cubes": [
						{"origin": [-4, 12, -2], "size": [8, 12, 4], "uv": [24, 16]},
						{"origin": [-4, 12, -2], "size": [8, 12, 4], "inflate": 0.175, "uv": [0, 16]}
					],
					"locators": {
						"body": [0, 24, 0],
						"body2": {
						    "offset": [0, 24, 0],
						    "rotation":[0, 0, -45]
						},
						"body3": {
						    "offset": [0, 24, 0],
						    "rotation":[0, 0, 45]
						}
					}
				},
				{
					"name": "head",
					"parent": "body",
					"pivot": [0, 24, 0],
					"cubes": [
						{"origin": [-4, 24, -4], "size": [8, 8, 8], "uv": [0, 0]},
						{"origin": [-6, 25, -4], "size": [10, 10, 1], "inflate": 0.01, "uv": [0, 53]},
						{"origin": [3.51185, 26.5, -2.10822], "size": [1, 2, 2], "pivot": [5, 27.5, -1.5], "rotation": [0, 12.5, 0], "uv": [0, 3]},
						{"origin": [-4.51185, 26.5, -2.10822], "size": [1, 2, 2], "pivot": [-5, 27.5, -1.5], "rotation": [0, -12.5, 0], "uv": [0, 3], "mirror": true}
					]
				},
				{
					"name": "bloodlust",
					"parent": "head",
					"pivot": [0, 24, 0],
					"cubes": [
						{"origin": [-3.5, 26.5, -4], "size": [2.5, 1, 1], "inflate": 0.02, "uv": [58, 0]},
						{"origin": [1, 26.5, -4], "size": [2.5, 1, 1], "inflate": 0.02, "uv": [58, 0], "mirror": true}
					]
				},
				{
					"name": "rightArm",
					"parent": "body",
					"pivot": [-5, 22, 0],
					"cubes": [
						{"origin": [-7, 18, -2], "size": [3, 6, 4], "uv": [44, 0]}
					]
				},
				{
					"name": "rightForeArm",
					"parent": "rightArm",
					"pivot": [-5, 18, 0],
					"cubes": [
						{"origin": [-7, 12, -2], "size": [3, 6, 4], "uv": [28, 42]},
						{"origin": [-5.5, 13, -2], "size": [2, 1, 2], "inflate": 0.15, "uv": [0, 0], "mirror": true},
						{"origin": [-7, 17, -2], "size": [3, 1, 4], "inflate": 0.2, "uv": [48, 29]}
					]
				},
				{
					"name": "leftArm",
					"parent": "body",
					"pivot": [5, 22, 0],
					"cubes": [
						{"origin": [4, 18, -2], "size": [3, 6, 4], "uv": [14, 42]}
					]
				},
				{
					"name": "leftForeArm",
					"parent": "leftArm",
					"pivot": [5, 18, 0],
					"cubes": [
						{"origin": [4, 12, -2], "size": [3, 6, 4], "uv": [0, 40]},
						{"origin": [3.5, 12.5, -2], "size": [2, 1, 2], "inflate": 0.15, "uv": [0, 0]},
						{"origin": [4, 17, -2], "size": [3, 1, 4], "inflate": 0.2, "uv": [48, 24]}
					]
				},
				{
					"name": "rightLeg",
					"parent": "root",
					"pivot": [-2, 12, 0],
					"cubes": [
						{"origin": [-4, 6, -2], "size": [4, 6, 4], "uv": [36, 32]},
						{"origin": [-4, 6, -2], "size": [4, 6, 4], "inflate": 0.15, "uv": [42, 50], "mirror": true}
					]
				},
				{
					"name": "rightForeLeg",
					"parent": "rightLeg",
					"pivot": [-2, 6, 0],
					"cubes": [
						{"origin": [-4, 2, -2], "size": [4, 4, 4], "uv": [42, 42]},
						{"origin": [-4, 2, -2], "size": [4, 1, 4], "inflate": 0.2, "uv": [48, 18]},
						{"origin": [-4, 0, -4], "size": [4, 2, 6], "uv": [0, 32]}
					]
				},
				{
					"name": "leftLeg",
					"parent": "root",
					"pivot": [2, 12, 0],
					"cubes": [
						{"origin": [0, 6, -2], "size": [4, 6, 4], "uv": [20, 32]},
						{"origin": [0, 6, -2], "size": [4, 6, 4], "inflate": 0.15, "uv": [42, 50]}
					]
				},
				{
					"name": "leftForeLeg",
					"parent": "leftLeg",
					"pivot": [2, 6, 0],
					"cubes": [
						{"origin": [0, 2, -2], "size": [4, 4, 4], "uv": [32, 8]},
						{"origin": [0, 2, -2], "size": [4, 1, 4], "inflate": 0.2, "uv": [44, 12]},
						{"origin": [0, 0, -4], "size": [4, 2, 6], "uv": [24, 0]}
					]
				}
			]
		}
	]
}