{
	"format_version": "1.12.0",
	"minecraft:geometry": [
		{
			"description": {
				"identifier": "geometry.new_jinwoo",
				"texture_width": 64,
				"texture_height": 64,
				"visible_bounds_width": 4,
				"visible_bounds_height": 10.5,
				"visible_bounds_offset": [0, 4.75, 0]
			},
			"bones": [
				{
					"name": "root",
					"pivot": [0, 0, 0]
				},
				{
					"name": "waist",
					"parent": "root",
					"pivot": [0, 16, 0]
				},
				{
					"name": "Body",
					"parent": "waist",
					"pivot": [0, 28.5, 0],
					"cubes": [
						{"origin": [-2.75, 23, -2], "size": [5.5, 4.5, 4], "uv": [0, 0]},
						{"origin": [-1.25, 27.5, -1.25], "size": [2.5, 1, 2.75], "uv": [20, 13]},
						{"origin": [-2.25, 18, -1.5], "size": [4.5, 5, 3], "uv": [18, 0]},
						{"origin": [-2.5, 16, -1.75], "size": [5, 2, 3.5], "uv": [20, 8]},
						{"origin": [-2.25, 4.5, 0], "size": [4.5, 13.5, 0], "pivot": [0, 28.25, 0], "rotation": [10, 0, 0], "uv": [8, 23]},
						{"origin": [-3.25, 4.5, 0.75], "size": [4, 13.5, 0], "pivot": [-0.5, 28.25, 0], "rotation": [71.00045, -84.41125, -63.39128], "uv": [0, 16]},
						{"origin": [-0.75, 4.5, 0.75], "size": [4, 13.5, 0], "pivot": [0.5, 28.25, 0], "rotation": [71.00045, 84.41125, 63.39128], "uv": [0, 16], "mirror": true},
						{"origin": [-2.25, 4.5, 0.5], "size": [2, 13.5, 0], "pivot": [-0.5, 28.75, 0], "rotation": [10, -30, 0], "uv": [26, 24]},
						{"origin": [0.25, 4.5, 0.5], "size": [2, 13.5, 0], "pivot": [0.5, 28.75, 0], "rotation": [10, 30, 0], "uv": [26, 24], "mirror": true},
						{"origin": [-2.25, 28.25, -1.5], "size": [0, 2.75, 3.75], "pivot": [0, 28.5, 0], "rotation": [0, 0, -22.5], "uv": [12, 7]},
						{"origin": [2.25, 28.25, -1.5], "size": [0, 2.75, 3.75], "pivot": [0, 28.5, 0], "rotation": [0, 0, 22.5], "uv": [12, 7], "mirror": true},
						{"origin": [-2, 27.25, -2.75], "size": [0, 2.5, 5.5], "pivot": [0, 28.75, 0], "rotation": [-90, 77.5, -90], "uv": [12, 3]}
					]
				},
				{
					"name": "Head",
					"parent": "Body",
					"pivot": [0, 28.5, 0],
					"cubes": [
						{"origin": [-2, 28.5, -2], "size": [4, 4.5, 4], "uv": [0, 8]},
						{"origin": [-2.5, 30.25, -2.025], "size": [4.5, 3, 0], "uv": [0, 29]},
						{"origin": [-3, 30.75, -1.775], "size": [4, 3, 0], "uv": [28, 20]},
						{"origin": [-1.75, 31, -1.725], "size": [2.5, 2.25, 0], "pivot": [0, 28.5, 0], "rotation": [0, 0, -20], "uv": [0, 0]},
						{"origin": [-2.25, 30, -0.5], "size": [0.25, 1, 1], "pivot": [0, 28.5, 0], "rotation": [14.18349, -13.84985, -5.00431], "uv": [0, 1]},
						{
							"origin": [2, 30, -0.5],
							"size": [0.25, 1, 1],
							"pivot": [0, 28.5, 0],
							"rotation": [14.18349, 13.84985, 5.00431],
							"uv": {
								"north": {"uv": [2, 34], "uv_size": [-1, 1]},
								"east": {"uv": [3, 34], "uv_size": [-1, 1]},
								"south": {"uv": [4, 34], "uv_size": [-1, 1]},
								"west": {"uv": [1, 34], "uv_size": [-1, 1]},
								"up": {"uv": [2, 33], "uv_size": [-1, 1]},
								"down": {"uv": [3, 34], "uv_size": [-1, -1]}
							}
						}
					]
				},
				{
					"name": "rightArm",
					"parent": "Body",
					"pivot": [-3, 26, 0],
					"cubes": [
						{"origin": [-4.5, 22, -1], "size": [2, 5, 2], "uv": [28, 13]}
					]
				},
				{
					"name": "rightForeArm",
					"parent": "rightArm",
					"pivot": [-3.5, 22, 0],
					"cubes": [
						{"origin": [-4.25, 16.5, -0.75], "size": [1.5, 5.5, 1.5], "uv": [8, 16]},
						{"origin": [-4.25, 16.5, -0.75], "size": [1.5, 5.5, 1.5], "uv": [8, 16]},
						{"origin": [-4.25, 14.75, -1], "size": [1.75, 1.75, 2], "uv": [14, 0]}
					]
				},
				{
					"name": "leftArm",
					"parent": "Body",
					"pivot": [3, 26, 0],
					"cubes": [
						{"origin": [2.5, 22, -1], "size": [2, 5, 2], "uv": [28, 13], "mirror": true}
					]
				},
				{
					"name": "leftForeArm",
					"parent": "leftArm",
					"pivot": [3.5, 22, 0],
					"cubes": [
						{"origin": [2.75, 16.5, -0.75], "size": [1.5, 5.5, 1.5], "uv": [8, 16], "mirror": true},
						{"origin": [2.5, 14.75, -1], "size": [1.75, 1.75, 2], "uv": [14, 0], "mirror": true}
					]
				},
				{
					"name": "rightLeg",
					"parent": "root",
					"pivot": [-1.5, 16, 0],
					"cubes": [
						{"origin": [-2.5, 1.5, -1.75], "size": [2, 7.5, 3], "uv": [16, 24]},
						{"origin": [-2.5, 0, -3.25], "size": [2, 1.5, 4.5], "uv": [20, 19]},
						{"origin": [-2.75, 9, -2], "size": [2.5, 7, 4], "uv": [12, 12]}
					]
				},
				{
					"name": "leftLeg",
					"parent": "root",
					"pivot": [1.5, 16, 0],
					"cubes": [
						{"origin": [0.5, 1.5, -1.75], "size": [2, 7.5, 3], "uv": [16, 24], "mirror": true},
						{"origin": [0.5, 0, -3.25], "size": [2, 1.5, 4.5], "uv": [20, 19], "mirror": true},
						{"origin": [0.25, 9, -2], "size": [2.5, 7, 4], "uv": [12, 12], "mirror": true}
					]
				}
			]
		}
	]
}