{
  "format_version": "1.10.0",
  "minecraft:attachable": {
    "description": {
      "identifier": "stk:acepunch",
      "materials": {
        "default": "elytra",
        "enchanted": "elytra_glint"
      },
      "textures": {
        "default": "textures/magmaarm",
        "enchanted": "textures/misc/enchanted_item_glint"
      },
      "geometry": {
        "default": "geometry.magmaarm"
      },
      "scripts": {
        "parent_setup": "variable.chest_layer_visible = 0.0;",
        "animate": [
          "default_controller"
        ]
      },
      "render_controllers": [ "controller.render.armor" ]
    }
  }
}