{
	"format_version": "1.16.100",
	"minecraft:item": {
		"description": {
			"identifier": "jedy:costas_shakujo_h",
			"category": "equipment"
		},
		"components": {
    "minecraft:render_offsets": {
        "main_hand": {
            "first_person": { 
                "scale": [0.002,0.002,0.002]
            },
            "third_person": { 
                "scale": [0.01,0.01,0.01]
            }
        }
    },
			"minecraft:creative_category": {
				"parent": "itemGroup.name.boots"
			},
			 "minecraft:icon": {
				"texture": "costas_shakujo_h"
			},
			"minecraft:max_stack_size": 1,
			"minecraft:allow_off_hand": true,
			"minecraft:display_name":  {"value":"§lShakujo Hagoromo nas Costas"},
			"minecraft:enchantable": {
				"value": 30,
				"slot": "armor_feet"
			},
			"minecraft:durability": {
				"max_durability": 195,
					"damage_chance": {
					"min": 5,
					"max": 10
				}
			},
			"minecraft:knockback_resistance": {
				"protection": 0.75
			},
			"minecraft:wearable": {
				"slot": "slot.armor.feet"
			},
			"minecraft:repairable": {
				"repair_items": [
					{
						"items": [
							"minecraft:emerald",
							"jedy:costas_shakujo_h"
						],
						"repair_amount": 10
					}
				]
			},
			"minecraft:armor": {
				"protection": 2
			}
		}
	}
}