{
	"format_version": "1.20.30",
	"minecraft:item": {
		"description": {
			"identifier": "stnk:kiblast",
			"menu_category": {
				"category": "equipment"
				
			}
		},
		"components": {
			"minecraft:can_destroy_in_creative": false,
			"minecraft:food": {
				"nutrition": 0,
				"saturation_modifier": 0,
				"can_always_eat": true
			},
      "minecraft:display_name": {
        "value": "§eKi blast \n§b(Cost: 5 ki)"
			},
			"minecraft:cooldown": {
           "category": "kiblast",
            "duration": 1
         },
			"minecraft:use_modifiers": {
				"use_duration": 1.6
			},
			"minecraft:hand_equipped": true,
			"minecraft:icon": "kiblast",
			"minecraft:max_stack_size": 1,
			"minecraft:tags": {
				"tags": [
					"minecraft:is_tool"
				]
			}
		}
	}
}