{
  "format_version": "1.16.0",
  "minecraft:client_entity": {
    "description": {
      "identifier": "wesl3y:asta",
      "materials": {
        "default": "entity_alphatest",
        "enderman": "enderman"
      },
      "textures": {
        "default": "textures/black_clover/asta",
        "asta_grimoire": "textures/black_clover/asta_grimoire",
        "asta_swords": "textures/black_clover/asta_swords"
      },
      "geometry": {
        "default": "geometry.asta",
        "asta_grimoire": "geometry.asta_grimoire",
        "asta_swords": "geometry.asta_swords"
      },
      "particle_effects": {
        "hp1": "wesl3y:hp1",
        "hp2": "wesl3y:hp2",
        "hp3": "wesl3y:hp3",
        "hp4": "wesl3y:hp4",
        "hp5": "wesl3y:hp5",
        "hp6": "wesl3y:hp6",
        "hp7": "wesl3y:hp7",
        "hp8": "wesl3y:hp8",
        "hp9": "wesl3y:hp9",
        "hp10": "wesl3y:hp10",
        "asta_grimoire": "wesl3y:asta_grimoire",
        "asta_grimoire2": "wesl3y:asta_grimoire2",
        "asta_sword": "wesl3y:asta_sword",
        "asta_bull_thrust": "wesl3y:asta_bull_thrust2",
        "asta_bull_thrust2": "wesl3y:asta_bull_thrust3",
        "asta_bull_thrust3": "wesl3y:asta_bull_thrust4"
      },
      "scripts": {
        "initialize": [
          "variable.is_first_person = 0.0;",
          "variable.skill0 = 0.0;",
          "variable.skill1 = 0.0;",
          "variable.skill2 = 0.0;",
          "variable.skill3 = 0.0;",
          "variable.skill4 = 0.0;",
          "variable.skill5 = 0.0;",
          "variable.skill6 = 0.0;",
          "variable.skill7 = 0.0;"
        ],
        "pre_animation": [
          "variable.tcos0 = (Math.cos(query.modified_distance_moved * 38.17) * query.modified_move_speed / variable.gliding_speed_value) * 45.0;",
          "variable.is_first_person = !q.is_alive;",
          "variable.hp1 = q.health >= 1 && q.health <= 17;",
          "variable.hp2 = q.health >= 18 && q.health <= 35;",
          "variable.hp3 = q.health >= 36 && q.health <= 54;",
          "variable.hp4 = q.health >= 54 && q.health <= 71;",
          "variable.hp5 = q.health >= 72 && q.health <= 89;",
          "variable.hp6 = q.health >= 90 && q.health <= 108;",
          "variable.hp7 = q.health >= 108 && q.health <= 125;",
          "variable.hp8 = q.health >= 126 && q.health <= 143;",
          "variable.hp9 = q.health >= 144 && q.health <= 161;",
          "variable.hp10 = q.health >= 162;",
          "variable.skill0 = q.property('wesl3y:skill') == 0;",
          "variable.skill1 = q.property('wesl3y:skill') == 1;",
          "variable.skill2 = q.property('wesl3y:skill') == 2;",
          "variable.skill3 = q.property('wesl3y:skill') == 3;",
          "variable.skill4 = q.property('wesl3y:skill') == 4;",
          "variable.skill5 = q.property('wesl3y:skill') == 5;",
          "variable.skill6 = q.property('wesl3y:skill') == 6;",
          "variable.skill7 = q.property('wesl3y:skill') == 7;"
        ],
        "animate":[
          "controller",
          "riding_controller",
          "look_at_target",
          "hp",
          "asta.particles",
          "asta.particles2"
        ]
      },
      "animations": {
        "controller": "controller.animation.mob_controller",
        "hp": "controller.animation.hp_controller",
        "hp1": "animation.mobs.hp1",
        "hp2": "animation.mobs.hp2",
        "hp3": "animation.mobs.hp3",
        "hp4": "animation.mobs.hp4",
        "hp5": "animation.mobs.hp5",
        "hp6": "animation.mobs.hp6",
        "hp7": "animation.mobs.hp7",
        "hp8": "animation.mobs.hp8",
        "hp9": "animation.mobs.hp9",
        "hp10": "animation.mobs.hp10",
        "asta.particles": "animation.asta.particles",
        "asta.particles2": "animation.asta.particles2",
        "attack1": "animation.asta.attack1",
        "attack2": "animation.asta.attack2",
        "attack3": "animation.asta.attack3",
        "attack4": "animation.asta.attack4",
        "attack5": "animation.asta.attack5",
        "move": "animation.asta.move2",
        "sprint": "animation.asta.sprint",
        "stop": "animation.asta.stop2",
        "riding_controller": "controller.animation.humanoid.riding",
        "look_at_target": "animation.humanoid.look_at_target.default",
        "riding.arms": "animation.humanoid.riding.arms",
        "riding.legs": "animation.humanoid.riding.legs"
      },
      "spawn_egg": {
        "texture": "spawn_egg",
        "texture_index": 57
      },
      "render_controllers": [
        "controller.render.skeleton",
        "controller.render.asta_grimoire",
        "controller.render.asta_swords"
      ],
      "enable_attachables": true
    }
  }
}