{
	"format_version": "1.10.0",
	"particle_effect": {
		"description": {
			"identifier": "ds:redsword_flash",
			"basic_render_parameters": {
				"material": "particles_blend",
				"texture": "textures/particle/flash"
			}
		},
		"components": {
			"minecraft:emitter_initialization": {
				"creation_expression": "variable.xpos = math.random(1,-1);variable.zpos = math.random(1,-1);"
			},
			"minecraft:emitter_rate_instant": {
				"num_particles": 1
			},
			"minecraft:emitter_lifetime_looping": {
				"active_time": 1
			},
			"minecraft:emitter_shape_point": {},
			"minecraft:particle_lifetime_expression": {
				"max_lifetime": 0.5
			},
			"minecraft:particle_initial_speed": 0,
			"minecraft:particle_motion_dynamic": {},
			"minecraft:particle_appearance_billboard": {
				"size": ["0.5 + (variable.particle_age * 1)", "0.5 + (variable.particle_age * 1)"],
				"facing_camera_mode": "rotate_xyz",
				"uv": {
					"texture_width": 160,
					"texture_height": 16,
					"flipbook": {
						"base_UV": [0, 0],
						"size_UV": [16, 16],
						"step_UV": [16, 0],
						"frames_per_second": 10,
						"max_frame": 10,
						"stretch_to_lifetime": true
					}
				}
			},
			"minecraft:particle_appearance_tinting": {
				"color": {
					"interpolant": "v.particle_age / v.particle_lifetime",
					"gradient": {
						"0.0": "#FFFFD8D8",
						"0.08": "#FFD56C6C",
						"0.19": "#FFFF4747",
						"0.56": "#FF7F0E0E",
						"0.8": "#FF440000"
					}
				}
			}
		}
	}
}