{
	"format_version": "1.10.0",
	"particle_effect": {
		"description": {
			"identifier": "ds:redsword_flamepillarrise",
			"basic_render_parameters": {
				"material": "particles_alpha",
				"texture": "textures/particle/particles"
			}
		},
		"curves": {
			"variable.test": {
				"type": "catmull_rom",
				"input": 1,
				"horizontal_range": 1,
				"nodes": [0, 1.12]
			}
		},
		"components": {
			"minecraft:emitter_initialization": {
				"creation_expression": "v.xpos = math.random(2,-2);v.zpos = math.random(2,-2);"
			},
			"minecraft:emitter_rate_steady": {
				"spawn_rate": 1000,
				"max_particles": 10000
			},
			"minecraft:emitter_lifetime_once": {
				"active_time": 0.2
			},
			"minecraft:emitter_shape_sphere": {
				"offset": ["v.xpos", 0, "v.zpos"],
				"radius": 0.2,
				"surface_only": true,
				"direction": [0, 15, 0]
			},
			"minecraft:particle_lifetime_expression": {
				"max_lifetime": 2
			},
			"minecraft:particle_initial_speed": "variable.particle_random_2 * 80",
			"minecraft:particle_motion_dynamic": {
				"linear_drag_coefficient": "math.random(10,15)"
			},
			"minecraft:particle_appearance_billboard": {
				"size": ["0.2 - (variable.particle_age * 0.1)", "0.2 - (variable.particle_age * 0.1)"],
				"facing_camera_mode": "rotate_xyz",
				"uv": {
					"texture_width": 128,
					"texture_height": 128,
					"flipbook": {
						"base_UV": [56, 0],
						"size_UV": [8, 8],
						"step_UV": [-8, 0],
						"frames_per_second": 8,
						"max_frame": 8,
						"stretch_to_lifetime": true
					}
				}
			},
			"minecraft:particle_appearance_tinting": {
				"color": {
					"interpolant": "variable.particle_random_2",
					"gradient": {
						"0.0": "#FF150000",
						"0.31": "#FF660000",
						"0.6": "#FFFF4D4D",
						"1.0": "#FFFFBBB7"
					}
				}
			}
		}
	}
}