{
	"format_version": "1.12.0",
	"minecraft:geometry": [
		{
			"description": {
				"identifier": "geometry.lunaria",
				"texture_width": 64,
				"texture_height": 64,
				"visible_bounds_width": 6,
				"visible_bounds_height": 3.5,
				"visible_bounds_offset": [0, 1.25, 0]
			},
			"bones": [
				{
					"name": "root",
					"pivot": [0, 0, 0]
				},
				{
					"name": "waist",
					"parent": "root",
					"pivot": [0, 12, 0]
				},
				{
					"name": "body",
					"parent": "waist",
					"pivot": [0, 24, 0],
					"locators": {
						"lunariafire": [0, 21, 2.5]
					}
				},
				{
					"name": "LeftWing",
					"parent": "body",
					"pivot": [2, 20, 3],
					"cubes": [
						{"origin": [1, 20, 2], "size": [2, 2, 6], "uv": [34, 30]}
					]
				},
				{
					"name": "LeftWingpart2",
					"parent": "LeftWing",
					"pivot": [2, 21, 8],
					"cubes": [
						{"origin": [1, 20, 8], "size": [2, 2, 9], "uv": [34, 11]},
						{"origin": [2, 7, 5], "size": [0, 13, 12], "uv": [0, 31]}
					]
				},
				{
					"name": "LeftWingpart3",
					"parent": "LeftWingpart2",
					"pivot": [2, 21, 17],
					"cubes": [
						{"origin": [1, 20, 17], "size": [1.5, 1.5, 11], "uv": [13, 1]},
						{"origin": [2, 8, 17], "size": [0, 13.5, 17], "uv": [0, 0]}
					]
				},
				{
					"name": "RightWing",
					"parent": "body",
					"pivot": [-2, 20, 3],
					"cubes": [
						{"origin": [-3, 20, 2], "size": [2, 2, 6], "uv": [34, 22]}
					]
				},
				{
					"name": "RightWingpart2",
					"parent": "RightWing",
					"pivot": [-2, 21, 8],
					"cubes": [
						{"origin": [-3, 20, 8], "size": [2, 2, 9], "uv": [26, 0]},
						{"origin": [-2, 7, 5], "size": [0, 13, 12], "uv": [24, 31]}
					]
				},
				{
					"name": "RightWingpart3",
					"parent": "RightWingpart2",
					"pivot": [-2, 21, 17],
					"cubes": [
						{"origin": [-2, 8, 17], "size": [0, 13.5, 17], "uv": [0, 13]},
						{"origin": [-2.5, 20, 17], "size": [1.5, 1.5, 11], "uv": [0, 0]}
					]
				}
			]
		}
	]
}