{
  "format_version": "1.16.100",
  "minecraft:item": {
    "description": {
      "identifier": "wesl3y:quirk_rabbit",
	  "category": "nature"
    },

    "components": {
      "tag:arm": {},
	  "minecraft:armor": {},
	  "minecraft:wearable": {
	    "slot": "slot.armor.head"
	  },
      "minecraft:icon": {
        "texture": "quirk_rabbit"
      },
      "minecraft:display_name": {
        "value": "Rabbit\n§e(Quirk Rare)"
      },
      "minecraft:use_duration": 99999,
      "minecraft:max_stack_size": 1,
      "minecraft:hand_equipped": true,
      "minecraft:allow_off_hand": true,
      "minecraft:food": {
        "can_always_eat": true
      },
      "minecraft:render_offsets": {
	    "main_hand": {
		  "first_person": { 
		    "scale": [0, 0, 0]
		  },
		  "third_person": { 
			"scale": [0, 0, 0]
		  }
		},
	    "off_hand": {
		  "first_person": { 
		    "scale": [0, 0,0]
		  },
		  "third_person": { 
			"scale": [0, 0, 0]
		  }
		}
      }
    },
    "events": {}
  }
}