{
  "format_version": "1.17.100",
  "minecraft:item": {
    "description": {
      "identifier": "wesl3y:quirk_rabbit2",
      "category": "commands"
    },
    "components": {
      "tag:arm": {},
      "tag:3skills": {},
      "minecraft:icon": {
        "texture": "quirk_rabbit"
      },
      "minecraft:display_name": {
        "value": "Rabbit"
      },
	  "minecraft:cooldown": {
		"category": "quirk_rabbit",
		"duration": 0.5
	  },
      "minecraft:use_duration": 99999,
      "minecraft:max_stack_size": 1,
      "minecraft:hand_equipped": true,
      "minecraft:allow_off_hand": true,
      "minecraft:food": {
        "can_always_eat": true
      },
      "minecraft:render_offsets": {
	    "main_hand": {
		  "first_person": { 
		    "scale": [0, 0, 0]
		  },
		  "third_person": { 
			"scale": [0, 0, 0]
		  }
		},
	    "off_hand": {
		  "first_person": { 
		    "scale": [0, 0,0]
		  },
		  "third_person": { 
			"scale": [0, 0, 0]
		  }
		}
	  },
      "minecraft:on_use": {
        "on_use": {
          "event": "wg",
          "target": "self"
        }
      }
    },
    "events": {
      "wg": {
        "sequence": [
          {
            "condition": "q.property('wesl3y:skill') == 0",
            "run_command": {
              "command": [
                "tellraw @s[scores={skills=..0,cooldown1=0,stamina=..199}]{\"rawtext\":[{\"translate\":\"text.requires\"},{\"text\":\"Energy 200\"}]}",
                "event entity @s[scores={skills=..0,cooldown1=0,stamina=200..}] wesl3y:skill.1",
                
                "tellraw @s[scores={skills=1,cooldown2=0,stamina=..199}]{\"rawtext\":[{\"translate\":\"text.requires\"},{\"text\":\"Energy 200\"}]}",
                "tellraw @s[scores={skills=1,cooldown2=0,quirk=..5}]{\"rawtext\":[{\"translate\":\"text.requires\"},{\"text\":\"Quirk Level 6\"}]}",
                "event entity @s[scores={skills=1,cooldown2=0,stamina=200..,quirk=6..}] wesl3y:skill.2",
                
                "tellraw @s[scores={skills=2,cooldown3=0,stamina=..199}]{\"rawtext\":[{\"translate\":\"text.requires\"},{\"text\":\"Energy 200\"}]}",
                "tellraw @s[scores={skills=2,cooldown3=0,quirk=..11}]{\"rawtext\":[{\"translate\":\"text.requires\"},{\"text\":\"Quirk Level 12\"}]}",
                "event entity @s[scores={skills=2,cooldown3=0,stamina=200..,quirk=12..}] wesl3y:skill.3"
              ]
            }
          }
		]
	  }
	}
  }
}