{
  "format_version": "1.17.100",
  "minecraft:item": {
    "description": {
      "identifier": "wesl3y:quirk_halfcold_halfhot",
      "category": "nature"
    },
    "components": {
      "tag:arm": {},
      "tag:7skills": {},
      "minecraft:icon": {
        "texture": "quirk_halfcold_halfhot"
      },
      "minecraft:display_name": {
        "value": "§cHalfCold §bHalfHot\n§a(Quirk Legendary)"
      },
	  "minecraft:cooldown": {
		"category": "quirk_halfcold_halfhot",
		"duration": 2.0
	  },
      "minecraft:use_duration": 99999,
      "minecraft:max_stack_size": 1,
      "minecraft:hand_equipped": true,
      "minecraft:allow_off_hand": true,
      "minecraft:food": {
        "can_always_eat": true
      },
      "minecraft:render_offsets": {
	    "main_hand": {
		  "first_person": { 
		    "scale": [0, 0, 0]
		  },
		  "third_person": { 
			"scale": [0, 0, 0]
		  }
		},
	    "off_hand": {
		  "first_person": { 
		    "scale": [0, 0,0]
		  },
		  "third_person": { 
			"scale": [0, 0, 0]
		  }
		}
	  },
      "minecraft:on_use": {
        "on_use": {
          "event": "wg",
          "target": "self"
        }
      }
    },
    "events": {
      "wg": {
        "sequence": [
          {
            "condition": "q.property('wesl3y:skill') == 0 && q.scoreboard('cooldown1') == 0 && q.scoreboard('skills') == 0",
            "run_command": {
              "command": [
                "tellraw @s[scores={stamina=..199}]{\"rawtext\":[{\"translate\":\"text.requires\"},{\"text\":\"Energy 200\"}]}",
                "event entity @s[scores={stamina=200..}] wesl3y:skill.1"
              ]
            }
          },
          {
            "condition": "q.property('wesl3y:skill') == 0 && q.scoreboard('cooldown2') == 0 && q.scoreboard('skills') == 1",
            "run_command": {
              "command": [
                "tellraw @s[tag=!is_ground]{\"rawtext\":[{\"translate\":\"text.requires\"},{\"translate\":\"text.is_ground\"}]}",
                "tellraw @s[scores={stamina=..199}]{\"rawtext\":[{\"translate\":\"text.requires\"},{\"text\":\"Energy 200\"}]}",
                "tellraw @s[scores={quirk=..7}]{\"rawtext\":[{\"translate\":\"text.requires\"},{\"text\":\"Quirk Level 8\"}]}",
                "event entity @s[tag=is_ground,scores={stamina=200..,quirk=8..}] wesl3y:skill.2"
              ]
            }
          },
          {
            "condition": "q.property('wesl3y:skill') == 0 && q.scoreboard('cooldown3') == 0 && q.scoreboard('skills') == 2",
            "run_command": {
              "command": [
                "tellraw @s[scores={stamina=..199}]{\"rawtext\":[{\"translate\":\"text.requires\"},{\"text\":\"Energy 200\"}]}",
                "tellraw @s[scores={quirk=..15}]{\"rawtext\":[{\"translate\":\"text.requires\"},{\"text\":\"Quirk Level 16\"}]}",
                "event entity @s[scores={stamina=200..,quirk=16..}] wesl3y:skill.3"
              ]
            }
          },
          {
            "condition": "q.property('wesl3y:skill') == 0 && q.scoreboard('cooldown4') == 0 && q.scoreboard('skills') == 3",
            "run_command": {
              "command": [
                "tellraw @s[scores={stamina=..199}]{\"rawtext\":[{\"translate\":\"text.requires\"},{\"text\":\"Energy 200\"}]}",
                "tellraw @s[scores={quirk=..23}]{\"rawtext\":[{\"translate\":\"text.requires\"},{\"text\":\"Quirk Level 24\"}]}",
                "event entity @s[scores={stamina=200..,quirk=24..}] wesl3y:skill.4"
              ]
            }
          },
          {
            "condition": "q.property('wesl3y:skill') == 0 && q.scoreboard('cooldown5') == 0 && q.scoreboard('skills') == 4",
            "run_command": {
              "command": [
                "tellraw @s[scores={stamina=..199}]{\"rawtext\":[{\"translate\":\"text.requires\"},{\"text\":\"Energy 200\"}]}",
                "tellraw @s[scores={quirk=..31}]{\"rawtext\":[{\"translate\":\"text.requires\"},{\"text\":\"Quirk Level 32\"}]}",
                "event entity @s[scores={stamina=200..,quirk=32..}] wesl3y:skill.5"
              ]
            }
          },
          {
            "condition": "q.property('wesl3y:skill') == 0 && q.scoreboard('cooldown6') == 0 && q.scoreboard('skills') == 5",
            "run_command": {
              "command": [
                "tellraw @s[tag=!is_ground]{\"rawtext\":[{\"translate\":\"text.requires\"},{\"translate\":\"text.is_ground\"}]}",
                "tellraw @s[scores={stamina=..199}]{\"rawtext\":[{\"translate\":\"text.requires\"},{\"text\":\"Energy 200\"}]}",
                "tellraw @s[scores={quirk=..39}]{\"rawtext\":[{\"translate\":\"text.requires\"},{\"text\":\"Quirk Level 40\"}]}",
                "event entity @s[tag=is_ground,scores={stamina=200..,quirk=40..}] wesl3y:skill.6"
              ]
            }
          },
          {
            "condition": "q.property('wesl3y:skill') == 0 && q.scoreboard('cooldown7') == 0 && q.scoreboard('skills') == 6",
            "run_command": {
              "command": [
                "tellraw @s[scores={stamina=..199}]{\"rawtext\":[{\"translate\":\"text.requires\"},{\"text\":\"Energy 200\"}]}",
                "tellraw @s[scores={quirk=..47}]{\"rawtext\":[{\"translate\":\"text.requires\"},{\"text\":\"Quirk Level 48\"}]}",
                "event entity @s[scores={stamina=200..,quirk=48..}] wesl3y:skill.7"
              ]
            }
          }
		]
	  }
	}
  }
}