{
  "format_version": "1.17.100",
  "minecraft:item": {
    "description": {
      "identifier": "wesl3y:quirk_muscle",
      "category": "nature"
    },
    "components": {
      "tag:arm": {},
      "tag:3skills": {},
      "minecraft:icon": {
        "texture": "quirk_muscle"
      },
      "minecraft:display_name": {
        "value": "Muscle\n§e(Quirk Rare)"
      },
	  "minecraft:cooldown": {
		"category": "quirk_muscle",
		"duration": 0.5
	  },
      "minecraft:use_duration": 99999,
      "minecraft:max_stack_size": 1,
      "minecraft:hand_equipped": true,
      "minecraft:allow_off_hand": true,
      "minecraft:food": {
        "can_always_eat": true
      },
      "minecraft:render_offsets": {
	    "main_hand": {
		  "first_person": { 
		    "scale": [0, 0, 0]
		  },
		  "third_person": { 
			"scale": [0, 0, 0]
		  }
		},
	    "off_hand": {
		  "first_person": { 
		    "scale": [0, 0,0]
		  },
		  "third_person": { 
			"scale": [0, 0, 0]
		  }
		}
	  },
      "minecraft:on_use": {
        "on_use": {
          "event": "wg",
          "target": "self"
        }
      }
    },
    "events": {
      "wg": {
        "sequence": [
          {
            "condition": "q.variant == 4 && q.property('wesl3y:skill') == 0 && q.scoreboard('skills') == 0",
            "run_command": {
              "command": [
                "tag @s remove muscle_arms",
                "scoreboard players set @s cooldown1 10"
              ]
            }
          },
          {
            "condition": "q.variant == 0 && q.property('wesl3y:skill') == 0 && q.scoreboard('cooldown1') == 0 && q.scoreboard('skills') == 0",
            "run_command": {
              "command": [
                "tellraw @s[scores={stamina=..199}]{\"rawtext\":[{\"translate\":\"text.requires\"},{\"text\":\"Energy 200\"}]}",
                "tag @s[scores={stamina=200..}] add muscle_arms"
              ]
            }
          },
          {
            "condition": "q.variant == 5 && q.property('wesl3y:skill') == 0 && q.scoreboard('skills') == 1",
            "run_command": {
              "command": [
                "tag @s remove muscle_body",
                "scoreboard players set @s cooldown2 16"
              ]
            }
          },
          {
            "condition": "q.variant == 0 && q.property('wesl3y:skill') == 0 && q.scoreboard('cooldown2') == 0 && q.scoreboard('skills') == 1",
            "run_command": {
              "command": [
                "tellraw @s[scores={stamina=..199}]{\"rawtext\":[{\"translate\":\"text.requires\"},{\"text\":\"Energy 200\"}]}",
                "tellraw @s[scores={quirk=..5}]{\"rawtext\":[{\"translate\":\"text.requires\"},{\"text\":\"Quirk Level 6\"}]}",
                "tag @s[scores={stamina=200..,quirk=6..}] add muscle_body"
              ]
            }
          },
          {
            "condition": "q.variant == 6 && q.property('wesl3y:skill') == 0 && q.scoreboard('skills') == 2",
            "run_command": {
              "command": [
                "tag @s remove muscle_all",
                "scoreboard players set @s cooldown3 22"
              ]
            }
          },
          {
            "condition": "q.variant == 0 && q.property('wesl3y:skill') == 0 && q.scoreboard('cooldown3') == 0 && q.scoreboard('skills') == 2",
            "run_command": {
              "command": [
                "tellraw @s[scores={stamina=..199}]{\"rawtext\":[{\"translate\":\"text.requires\"},{\"text\":\"Energy 200\"}]}",
                "tellraw @s[scores={quirk=..11}]{\"rawtext\":[{\"translate\":\"text.requires\"},{\"text\":\"Quirk Level 12\"}]}",
                "tag @s[scores={stamina=200..,quirk=12..}] add muscle_all"
              ]
            }
          }
		]
	  }
	}
  }
}