{
	"format_version": "1.16.100",
	"minecraft:item": {
		"description": {
			"identifier": "jedy:mask_tobi",
			"category": "equipment"
		},
		"components": {
    "minecraft:render_offsets": {
        "main_hand": {
            "first_person": { 
                "scale": [0.002,0.002,0.002]
            },
            "third_person": { 
                "scale": [0.01,0.01,0.01]
            }
        }
    },
			"minecraft:creative_category": {
				"parent": "itemGroup.name.leggings"
			},
			 "minecraft:icon": {
				"texture": "mask_tobi"
			},
			"minecraft:max_stack_size": 1,
			"minecraft:allow_off_hand": true,
			"minecraft:display_name":  {"value":"§l§c Máscara Tobi \n§a✪Raridade: §d Épico\n§8✪Obtenção: Quest \n§bDurabilidade: Imenso"
            },
			"minecraft:enchantable": {
				"value": 15,
				"slot": "armor_legs"
			},
			"minecraft:durability": {
				"max_durability": 9000,
					"damage_chance": {
					"min": 5,
					"max": 10
				}
			},
			"minecraft:armor": {
				"protection": 2
			},
			"minecraft:repairable": {
				"repair_items": [
					{
						"items": [
							"minecraft:emerald",
							"jedy:mask_tobi"
						],
						"repair_amount": 10
					}
				]
			},
			"minecraft:wearable": {
				"slot": "slot.armor.legs"
			}
		}
	}
}