{
	"format_version": "1.12.0",
	"minecraft:geometry": [
		{
			"description": {
				"identifier": "geometry.golden_armor",
				"texture_width": 64,
				"texture_height": 64,
				"visible_bounds_width": 3,
				"visible_bounds_height": 3.5,
				"visible_bounds_offset": [0, 1.25, 0]
			},
			"bones": [
				{
					"name": "root2",
					"pivot": [0, 0, 0]
				},
				{
					"name": "root",
					"parent": "root2",
					"pivot": [0, 0, 0]
				},
				{
					"name": "tudo",
					"parent": "root",
					"pivot": [0, 12, 0]
				},
				{
					"name": "waist",
					"parent": "tudo",
					"pivot": [0, 12, 0]
				},
				{
					"name": "body",
					"parent": "waist",
					"pivot": [0, 24, 0]
				},
				{
					"name": "bodySuit",
					"parent": "body",
					"pivot": [0, 24, 0],
					"cubes": [
						{"origin": [-4, 14, -2], "size": [8, 10, 4], "inflate": 0.3, "uv": [16, 16]}
					]
				},
				{
					"name": "rightCannon",
					"parent": "bodySuit",
					"pivot": [-5, 23, 2],
					"cubes": [
						{"origin": [-10.5, 22.5, -3.5], "size": [7, 2.5, 7], "inflate": -0.3, "pivot": [-7, 23.5, -0.5], "rotation": [0, 0, -10], "uv": [30, 55]}
					]
				},
				{
					"name": "leftCannon",
					"parent": "bodySuit",
					"pivot": [5, 23, 2],
					"cubes": [
						{"origin": [3.5, 22.5, -3.5], "size": [7, 2.5, 7], "inflate": -0.3, "pivot": [7, 23.5, -0.5], "rotation": [0, 0, 10], "uv": [30, 55], "mirror": true}
					]
				},
				{
					"name": "rightArm",
					"parent": "body",
					"pivot": [-5, 22, 0]
				},
				{
					"name": "rightArmSuit",
					"parent": "rightArm",
					"pivot": [-5, 22, 0],
					"cubes": [
						{"origin": [-8, 15, -2], "size": [4, 3, 4], "inflate": 0.125, "uv": [30, 47]}
					]
				},
				{
					"name": "leftArm",
					"parent": "body",
					"pivot": [5, 22, 0]
				},
				{
					"name": "leftArmSuit",
					"parent": "leftArm",
					"pivot": [5, 22, 0],
					"cubes": [
						{"origin": [4, 15, -2], "size": [4, 3, 4], "inflate": 0.125, "uv": [30, 47], "mirror": true}
					]
				}
			]
		}
	]
}