{
	"format_version": "1.8.0",
	"animations": {
		"animation.barrel": {
			"loop": true,
			"animation_length": 1.5,
			"override_previous_animation": true,
			"bones": {
				"barrel_body": {
					"scale": {
						"0.0": [1, 1, 1],
						"0.55": [1, 1.1, 1],
						"0.95": [1.0538, 1.0538, 1.0538],
						"1.5": [1, 1, 1]
					}
				}
			}
		},
		"animation.barrel_break": {
			"loop": "hold_on_last_frame",
			"animation_length": 1,
			"override_previous_animation": true,
			"bones": {
				"plank3": {
					"rotation": {
						"0.0": [0, 0, 0],
						"0.5": [64.0283, 10.1919, -45.1379]
					}
				},
				"plank2": {
					"rotation": {
						"0.0": [0, 0, 0],
						"0.5": [0, 0, -82.5]
					}
				},
				"plank1": {
					"rotation": {
						"0.0": [0, 0, 0],
						"0.5": [-28.58117, -30.40684, -68.82119]
					}
				},
				"plank4": {
					"rotation": {
						"0.0": [0, 0, 0],
						"0.5": [80, 0, 0]
					}
				},
				"plank5": {
					"rotation": {
						"0.0": [0, 0, 0],
						"0.5": [59.50165, -31.16686, 46.19575]
					}
				},
				"plank6": {
					"rotation": {
						"0.0": [0, 0, 0],
						"0.5": [0, 0, 82.5]
					}
				},
				"plank7": {
					"rotation": {
						"0.0": [0, 0, 0],
						"0.5": [-51.41864, 4.61212, 53.25139]
					}
				},
				"plank8": {
					"rotation": {
						"0.0": [0, 0, 0],
						"0.5": [-75, 0, 0]
					}
				},
				"c1": {
					"position": {
						"0.0": [0, 0, 0],
						"0.5": [0, -6, 0]
					}
				},
				"c2": {
					"position": {
						"0.0": [0, 0, 0],
						"0.5": [0, -13, 0]
					}
				},
				"c3": {
					"position": {
						"0.0": [0, 0, 0],
						"0.5": [0, -19, 0]
					}
				},
				"top": {
					"position": {
						"0.0": [0, 0, 0],
						"0.5": [0, -23, 0]
					}
				}
			}
		}
	}
}