{
	"format_version": "1.8.0",
	"animations": {
		"animation.beerus_sun_holding": {
			"animation_length": 4,
			"override_previous_animation": true,
			"bones": {
				"root": {
					"rotation": [ 0, "180 * v.is_first_person", 0 ]
				},
				"Rasengan": {
					"rotation": {
						"0.0": [0, 0, 0],
						"4.0": [0, 1440, 0]
					},
					"position": {
						"0.0": [6, 0, 0],
						"0.5": [6, -20, 0],
						"1.0": [6, -30, 0],
						"1.5": [6, -40, 0],
						"2.5": [6, -80, 0],
						"3.5": [6, -130, 0]
					},
					"scale": {
						"0.0": [0, 0, 0],
						"1.5": [30, 30, 30],
						"2.5": [60, 60, 60],
						"3.5": [100, 100, 100]
					}
				},
				"R1": {
					"rotation": {
						"0.0": [0, 0, 0],
						"4.0": [1070, 310, 670]
					}
				},
				"R2": {
					"rotation": {
						"0.0": [0, 0, 0],
						"4.0": [350, 400, 740]
					}
				},
				"R3": {
					"rotation": {
						"0.0": [0, 0, 0],
						"4.0": [880, 450, -270]
					}
				},
				"R4": {
					"rotation": {
						"0.0": [0, 0, 0],
						"4.0": [225, 120, -280]
					}
				},
				"RightArm": {
					"rotation": {
						"0.0": [0, 0, 0],
						"0.1": [-180, 0, 0]
					}
				},
				"LeftArm": {
					"rotation": {
						"0.0": [0, 0, 0],
						"0.1": [-180, 0, 0]
					}
				},
				"sun": {
					"position": {
						"1.2": [0, -43, 0],
						"2.1": [0, -79, 0],
						"3.0": [0, -110, 0]
					}
				}
			},
			"particle_effects": {
				"2.4": {
					"effect": "beerus_sun",
					"locator": "s1"
				}
			}
		},
		"animation.beerus_sun": {
			"loop": true,
			"animation_length": 2,
			"override_previous_animation": true,
			"bones": {
				"Rasengan": {
					"rotation": {
						"0.0": [0, 1440, 0],
						"2.0": [360, 1440, 720]
					},
					"position": [6, 28, 0],
					"scale": 50
				},
				"R1": {
					"rotation": {
						"0.0": [0, 0, 0],
						"2.0": [107.62528, 31.26463, 261.86302]
					}
				},
				"R2": {
					"rotation": {
						"0.0": [0, 0, 0],
						"2.0": [0, 40, 17.5]
					}
				},
				"R3": {
					"rotation": {
						"0.0": [0, 0, 0],
						"2.0": [491.93206, 138.14727, -52.4876]
					}
				},
				"R4": {
					"rotation": {
						"0.0": [0, 0, 0],
						"2.0": [115.17099, 61.3678, -29.98227]
					}
				}
			},
			"particle_effects": {
				"0.0": {
					"effect": "beerus_sun",
					"locator": "s1"
				},
				"0.1": {
					"effect": "beerus_sun",
					"locator": "s1"
				},
				"0.2": {
					"effect": "beerus_sun",
					"locator": "s1"
				},
				"0.3": {
					"effect": "beerus_sun",
					"locator": "s1"
				},
				"0.4": {
					"effect": "beerus_sun",
					"locator": "s1"
				},
				"0.5": {
					"effect": "beerus_sun",
					"locator": "s1"
				},
				"0.6": {
					"effect": "beerus_sun",
					"locator": "s1"
				},
				"0.7": {
					"effect": "beerus_sun",
					"locator": "s1"
				},
				"0.8": {
					"effect": "beerus_sun",
					"locator": "s1"
				},
				"0.9": {
					"effect": "beerus_sun",
					"locator": "s1"
				},
				"1.0": {
					"effect": "beerus_sun",
					"locator": "s1"
				},
				"1.1": {
					"effect": "beerus_sun",
					"locator": "s1"
				},
				"1.2": {
					"effect": "beerus_sun",
					"locator": "s1"
				},
				"1.3": {
					"effect": "beerus_sun",
					"locator": "s1"
				},
				"1.4": {
					"effect": "beerus_sun",
					"locator": "s1"
				},
				"1.5": {
					"effect": "beerus_sun",
					"locator": "s1"
				},
				"1.6": {
					"effect": "beerus_sun",
					"locator": "s1"
				},
				"1.7": {
					"effect": "beerus_sun",
					"locator": "s1"
				},
				"1.8": {
					"effect": "beerus_sun",
					"locator": "s1"
				},
				"1.9": {
					"effect": "beerus_sun",
					"locator": "s1"
				}
			}
		},
		"animation.beerus_orb_hold": {
			"animation_length": 1,
			"override_previous_animation": true,
			"bones": {
				"root": {
					"rotation": [ 0, "180 * v.is_first_person", 0 ]
				},
				"B1": {
					"rotation": {
						"0.0": [0, 0, 0],
						"1.0": [350, 120, -200]
					}
				},
				"B2": {
					"rotation": {
						"0.0": [0, 0, 0],
						"1.0": [-200, 180, 300]
					}
				},
				"B3": {
					"rotation": {
						"0.0": [0, 0, 0],
						"1.0": [180, 500, -270]
					}
				},
				"B4": {
					"rotation": {
						"0.0": [0, 0, 0],
						"1.0": [-120, 200, -180]
					}
				},
				"Ob1": {
					"rotation": {
						"0.0": [0, 0, 0],
						"1.0": [0, 360, 0]
					}
				},
				"Ob2": {
					"rotation": {
						"0.0": [0, 0, 0],
						"1.0": [0, 360, 0]
					}
				},
				"Ob3": {
					"rotation": {
						"0.0": [0, 0, 0],
						"1.0": [0, -720, 0]
					}
				},
				"Ob4": {
					"rotation": {
						"0.0": [0, 0, 0],
						"1.0": [0, 360, 0]
					}
				},
				"Ob5": {
					"rotation": {
						"0.0": [0, 0, 0],
						"1.0": [0, 0, 360]
					}
				},
				"Ob6": {
					"rotation": {
						"0.0": [0, 0, 0],
						"1.0": [0, 0, -360]
					}
				},
				"Orb": {
					"rotation": {
						"0.0": [0, 0, 0],
						"1.0": [0, 360, 0]
					},
					"position": {
						"0.0": [0, 0, 4],
						"1.0": [0, 0, 2]
					},
					"scale": {
						"0.0": {
							"post": [0.25, 0.25, 0.25],
							"lerp_mode": "catmullrom"
						},
						"0.75": {
							"post": [0.4, 0.4, 0.4],
							"lerp_mode": "catmullrom"
						},
						"1.0": [0.5, 0.5, 0.5]
					}
				},
				"RightArm": {
					"rotation": {
						"0.0": [0, 0, 0],
						"0.5": [-90, 0, 0]
					}
				}
			}
		},
		"animation.beerus_orb_holding": {
			"loop": true,
			"animation_length": 1,
			"override_previous_animation": true,
			"bones": {
				"root": {
					"rotation": [ 0, "180 * v.is_first_person", 0 ]
				},
				"B1": {
					"rotation": {
						"0.0": [0, 0, 0],
						"1.0": [350, 120, -200]
					}
				},
				"B2": {
					"rotation": {
						"0.0": [0, 0, 0],
						"1.0": [-200, 180, 300]
					}
				},
				"B3": {
					"rotation": {
						"0.0": [0, 0, 0],
						"1.0": [180, 500, -270]
					}
				},
				"B4": {
					"rotation": {
						"0.0": [0, 0, 0],
						"1.0": [-120, 200, -180]
					}
				},
				"Ob1": {
					"rotation": {
						"0.0": [0, 0, 0],
						"1.0": [0, 360, 0]
					}
				},
				"Ob2": {
					"rotation": {
						"0.0": [0, 0, 0],
						"1.0": [0, 360, 0]
					}
				},
				"Ob3": {
					"rotation": {
						"0.0": [0, 0, 0],
						"1.0": [0, -720, 0]
					}
				},
				"Ob4": {
					"rotation": {
						"0.0": [0, 0, 0],
						"1.0": [0, 360, 0]
					}
				},
				"Ob5": {
					"rotation": {
						"0.0": [0, 0, 0],
						"1.0": [0, 0, 360]
					}
				},
				"Ob6": {
					"rotation": {
						"0.0": [0, 0, 0],
						"1.0": [0, 0, -360]
					}
				},
				"Orb": {
					"rotation": {
						"0.0": [0, 0, 0],
						"1.0": [0, 360, 360]
					},
					"position": {
						"0.0": [0, 0, 2],
						"0.5": [0, 0, 1],
						"1.0": [0, 0, 2]
					},
					"scale": {
						"0.0": [0.5, 0.5, 0.5],
						"0.5": [0.55, 0.55, 0.55],
						"1.0": [0.5, 0.5, 0.5]
					}
				},
				"RightArm": {
					"rotation": [-90, 0, 0]
				}
			}
		}
	}
}