{
	"format_version": "1.8.0",
	"animations": {
		"animation.beerus_orb": {
			"loop": true,
			"animation_length": 1,
			"override_previous_animation": true,
			"bones": {
				"B1": {
					"rotation": {
						"0.0": [0, 0, 0],
						"1.0": [350, 120, -200]
					}
				},
				"B2": {
					"rotation": {
						"0.0": [0, 0, 0],
						"1.0": [-200, 180, 300]
					}
				},
				"B3": {
					"rotation": {
						"0.0": [0, 0, 0],
						"1.0": [180, 500, -270]
					}
				},
				"B4": {
					"rotation": {
						"0.0": [0, 0, 0],
						"1.0": [-120, 200, -180]
					}
				},
				"Ob1": {
					"rotation": {
						"0.0": [0, 0, 0],
						"1.0": [0, 360, 0]
					}
				},
				"Ob2": {
					"rotation": {
						"0.0": [0, 0, 0],
						"1.0": [0, 360, 0]
					}
				},
				"Ob3": {
					"rotation": {
						"0.0": [0, 0, 0],
						"1.0": [0, -720, 0]
					}
				},
				"Ob4": {
					"rotation": {
						"0.0": [0, 0, 0],
						"1.0": [0, 360, 0]
					}
				},
				"Ob5": {
					"rotation": {
						"0.0": [0, 0, 0],
						"1.0": [0, 0, 360]
					}
				},
				"Ob6": {
					"rotation": {
						"0.0": [0, 0, 0],
						"1.0": [0, 0, -360]
					}
				},
				"root": {
					"rotation": {
						"0.0": [0, 0, 0],
						"1.0": [0, 360, 0]
					}
				}
			}
		},
		"animation.beerus_orb0": {
			"animation_length": 1,
			"override_previous_animation": true,
			"bones": {
				"B1": {
					"rotation": {
						"0.0": [0, 0, 0],
						"1.0": [350, 120, -200]
					}
				},
				"B2": {
					"rotation": {
						"0.0": [0, 0, 0],
						"1.0": [-200, 180, 300]
					}
				},
				"B3": {
					"rotation": {
						"0.0": [0, 0, 0],
						"1.0": [180, 500, -270]
					}
				},
				"B4": {
					"rotation": {
						"0.0": [0, 0, 0],
						"1.0": [-120, 200, -180]
					}
				},
				"Ob1": {
					"rotation": {
						"0.0": [0, 0, 0],
						"1.0": [0, 360, 0]
					}
				},
				"Ob2": {
					"rotation": {
						"0.0": [0, 0, 0],
						"1.0": [0, 360, 0]
					}
				},
				"Ob3": {
					"rotation": {
						"0.0": [0, 0, 0],
						"1.0": [0, -720, 0]
					}
				},
				"Ob4": {
					"rotation": {
						"0.0": [0, 0, 0],
						"1.0": [0, 360, 0]
					}
				},
				"Ob5": {
					"rotation": {
						"0.0": [0, 0, 0],
						"1.0": [0, 0, 360]
					}
				},
				"Ob6": {
					"rotation": {
						"0.0": [0, 0, 0],
						"1.0": [0, 0, -360]
					}
				},
				"root": {
					"rotation": {
						"0.0": [0, 0, 0],
						"1.0": [0, 360, 0]
					},
					"scale": {
						"0.0": {
							"post": [0.5, 0.5, 0.5],
							"lerp_mode": "catmullrom"
						},
						"0.75": {
							"post": [0.6, 0.6, 0.6],
							"lerp_mode": "catmullrom"
						},
						"1.0": [1, 1, 1]
					}
				}
			}
		}
	}
}