{
	"format_version": "1.8.0",
	"animations": {
		"animation.big_bang_attack": {
			"animation_length": 2,
			"override_previous_animation": true,
			"bones": {
				"Rasengan": {
					"rotation": {
						"0.0": [0, 0, 0],
						"2.0": [360, 1440, 720]
					},
					"position": [6, -14, 0],
					"scale": {
						"0.0": [1, 1, 1],
						"2.0": [6, 6, 6]
					}
				},
				"R1": {
					"rotation": {
						"0.0": [0, 0, 0],
						"2.0": [107.62528, 31.26463, 261.86302]
					}
				},
				"R2": {
					"rotation": {
						"0.0": [0, 0, 0],
						"2.0": [0, 40, 17.5]
					}
				},
				"R3": {
					"rotation": {
						"0.0": [0, 0, 0],
						"2.0": [491.93206, 138.14727, -52.4876]
					}
				},
				"R4": {
					"rotation": {
						"0.0": [0, 0, 0],
						"2.0": [115.17099, 61.3678, -29.98227]
					}
				}
			}
		},
		"animation.big_bang_hold": {
			"animation_length": 2,
			"override_previous_animation": true,
			"bones": {
				"root": {
					"rotation": [0, "query.target_y_rotation - this", 0]
				},
				"RightArm": {
					"rotation": {
						"0.0": [0, 0, 0],
						"0.2": [-90, 45, 0]
					}
				},
				"Kamehameha": {
					"position": {
						"0.0": [0, 0, 0],
						"0.5": [0, -9, 0],
						"1.0": [0, -13, 0]
					},
					"scale": 0.1
				},
				"Kamehameha_blast": {
					"scale": {
						"0.0": [3, 3, 3],
						"1.0": [50, 50, 50]
					}
				},
				"Kblast1": {
					"rotation": {
						"0.2": [0, 0, 0],
						"2.0": [180, -260, -360]
					}
				},
				"Kblast2": {
					"rotation": {
						"0.2": [0, 0, 0],
						"2.0": [270, -190, 170]
					}
				},
				"Kblast3": {
					"rotation": {
						"0.2": [0, 0, 0],
						"2.0": [-270, -180, 360]
					}
				},
				"Kblast4": {
					"rotation": {
						"0.2": [0, 0, 0],
						"2.0": [90, 360, -120]
					}
				},
				"body": {
					"rotation": {
						"0.0": [0, 0, 0],
						"0.2": [0, -45, 0]
					}
				}
			}
		},
		"animation.big_bang": {
			"loop": true,
			"animation_length": 1,
			"override_previous_animation": true,
			"bones": {
				"root": {
					"rotation": [0, "query.target_y_rotation - this", 0]
				},
				"RightArm": {
					"rotation": ["-90+query.target_x_rotation", "45+query.target_y_rotation", 0]
				},
				"Kamehameha": {
					"position": [0, -13, 0],
					"scale": 0.1
				},
				"Kamehameha_blast": {
					"scale": 50
				},
				"Kblast1": {
					"rotation": {
						"0.0": [0, 0, 0],
						"1.0": [180, -260, -360]
					}
				},
				"Kblast2": {
					"rotation": {
						"0.0": [0, 0, 0],
						"1.0": [270, -190, 170]
					}
				},
				"Kblast3": {
					"rotation": {
						"0.0": [0, 0, 0],
						"1.0": [-270, -180, 360]
					}
				},
				"Kblast4": {
					"rotation": {
						"0.0": [0, 0, 0],
						"1.0": [90, 360, -120]
					}
				},
				"body": {
					"rotation": [0, -45, 0]
				}
			}
		},
		"animation.big_bang_first_hold": {
			"animation_length": 2,
			"override_previous_animation": true,
			"bones": {
				"Kamehameha_first": {
					"position": {
						"0.0": [-6, -10, 0],
						"1.0": [-6, -13, -13]
					},
					"scale": 0.1
				},
				"Kamehameha_blast_first": {
					"scale": {
						"0.0": [3, 3, 3],
						"1.0": [40, 40, 40]
					}
				},
				"Kblast1_first": {
					"rotation": {
						"0.2": [0, 0, 0],
						"2.0": [180, -260, -360]
					}
				},
				"Kblast2_first": {
					"rotation": {
						"0.2": [0, 0, 0],
						"2.0": [270, -190, 170]
					}
				},
				"Kblast3_first": {
					"rotation": {
						"0.2": [0, 0, 0],
						"2.0": [-270, -180, 360]
					}
				},
				"Kblast4_first": {
					"rotation": {
						"0.2": [0, 0, 0],
						"2.0": [90, 360, -120]
					}
				}
			}
		},
		"animation.big_bang_first": {
			"loop": true,
			"animation_length": 1,
			"override_previous_animation": true,
			"bones": {
				"Kamehameha_first": {
					"position": [-6, -13, -13],
					"scale": 0.1
				},
				"Kamehameha_blast_first": {
					"scale": 40
				},
				"Kblast1_first": {
					"rotation": {
						"0.0": [0, 0, 0],
						"1.0": [180, -260, -360]
					}
				},
				"Kblast2_first": {
					"rotation": {
						"0.0": [0, 0, 0],
						"1.0": [270, -190, 170]
					}
				},
				"Kblast3_first": {
					"rotation": {
						"0.0": [0, 0, 0],
						"1.0": [-270, -180, 360]
					}
				},
				"Kblast4_first": {
					"rotation": {
						"0.0": [0, 0, 0],
						"1.0": [90, 360, -120]
					}
				}
			}
		}
	}
}