{
	"format_version": "1.8.0",
	"animations": {
		"animation.chidori_holding": {
			"animation_length": 2,
			"override_previous_animation": true,
			"bones": {
				"Chidori": {
					"rotation": {
						"0.0": [0, 0, 0],
						"2.0": [0, 1440, 0]
					},
					"position": {
						"0.0": [0, 0, 0],
						"1.0": [0, -5, 0]
					},
					"scale": {
						"0.0": [0, 0, 0],
						"0.5": [2, 2, 2],
						"1.5": [3, 3, 3],
						"2.0": [3.5, 3.5, 3.5]
					}
				},
				"R1": {
					"rotation": {
						"0.0": [0, 0, 0],
						"2.0": [107.62528, 31.26463, 261.86302]
					}
				},
				"R2": {
					"rotation": {
						"0.0": [0, 0, 0],
						"2.0": [0, 40, 17.5]
					}
				},
				"R3": {
					"rotation": {
						"0.0": [0, 0, 0],
						"2.0": [491.93206, 138.14727, -52.4876]
					}
				},
				"R4": {
					"rotation": {
						"0.0": [0, 0, 0],
						"2.0": [115.17099, 61.3678, -29.98227]
					}
				},
				"Particle_chidori": {
					"position": {
						"0.0": [0, 0, 0],
						"1.0": [0, -5, 0]
					}
				}
			},
			"particle_effects": {
				"0.5": {
					"effect": "chidori",
					"locator": "p2"
				},
				"1.0": {
					"effect": "chidori",
					"locator": "p2"
				}
			}
		},
		"animation.chidori": {
			"loop": true,
			"animation_length": 2,
			"override_previous_animation": true,
			"bones": {
				"Chidori": {
					"rotation": {
						"0.0": [0, 0, 0],
						"2.0": [360, 1440, 720]
					},
					"position": [0, -5, 0],
					"scale": 3.5
				},
				"R1": {
					"rotation": {
						"0.0": [0, 0, 0],
						"2.0": [107.62528, 31.26463, 261.86302]
					}
				},
				"R2": {
					"rotation": {
						"0.0": [0, 0, 0],
						"2.0": [0, 40, 17.5]
					}
				},
				"R3": {
					"rotation": {
						"0.0": [0, 0, 0],
						"2.0": [491.93206, 138.14727, -52.4876]
					}
				},
				"R4": {
					"rotation": {
						"0.0": [0, 0, 0],
						"2.0": [115.17099, 61.3678, -29.98227]
					}
				},
				"Particle_chidori": {
					"position": [0, -5, 0]
				}
			},
			"particle_effects": {
				"0.0": {
					"effect": "chidori",
					"locator": "p2"
				},
				"0.5": {
					"effect": "chidori",
					"locator": "p2"
				},
				"1.0": {
					"effect": "chidori",
					"locator": "p2"
				}
			}
		}
	}
}