{
	"format_version": "1.8.0",
	"animations": {
		"animation.combo1": {
			"animation_length": 0.5,
			"override_previous_animation": true,
			"bones": {
				"root": {
					"rotation": {
						"0.0": [0, 0, 0],
						"0.1": [-5.07673, 9.96156, -0.88045],
						"0.15": [-5.08, 9.96, -0.88],
						"0.25": [4.85025, 2.48717, -1.52202]
					}
				},
				"waist": {
					"rotation": {
						"0.0": [0, 0, 0],
						"0.1": [-2.5, 25, 0],
						"0.15": [-2.5, 25, 0],
						"0.3": [17.62481, -17.46499, 1.77032]
					}
				},
				"leftArm": {
					"rotation": {
						"0.0": [0, 0, 0],
						"0.1": [-84.82456, -14.94159, -1.3378],
						"0.15": [-84.82, -14.94, -1.34],
						"0.25": [34.47344, 12.60809, -53.31437]
					}
				},
				"rightArm": {
					"rotation": {
						"0.0": [0, 0, 0],
						"0.1": [0, 0, 75],
						"0.15": [0, 0, 75],
						"0.3": [-138.69575, -31.16686, 105.49835]
					},
					"position": {
						"0.0": [0, 0, 0],
						"0.1": [0, 0, 1],
						"0.15": [0, 0, 1],
						"0.3": [0, 0, -2]
					}
				}
			}
		},
		"animation.combo2": {
			"animation_length": 0.5,
			"override_previous_animation": true,
			"bones": {
				"root": {
					"rotation": {
						"0.0": [0, 0, 0],
						"0.1": [-5.07673, 9.96156, -0.88045],
						"0.15": [-5.08, 9.96, -0.88],
						"0.25": [4.85025, 2.48717, -1.52202]
					}
				},
				"waist": {
					"rotation": {
						"0.0": [0, 0, 0],
						"0.1": [-2.5, -25, 0],
						"0.15": [-2.5, -25, 0],
						"0.3": [17.62481, 17.465, 1.77032]
					}
				},
				"leftArm": {
					"rotation": {
						"0.0": [0, 0, 0],
						"0.1": [22.99, -32.68, -56.73],
						"0.15": [22.99, -32.68, -56.73],
						"0.25": [-91.10355, 6.21402, -0.89806]
					},
					"position": {
						"0.0": [0, 0, 0],
						"0.1": [0, 0, 2],
						"0.15": [0, 0, 2],
						"0.25": [0, 0, -3]
					}
				},
				"rightArm": {
					"rotation": {
						"0.0": [0, 0, 0],
						"0.1": [50.79565, -33.03297, -2.8512],
						"0.15": [50.8, -33.03, -2.85],
						"0.25": [-35.59461, -60.21889, 87.15217]
					},
					"position": [0, 0, 0]
				}
			}
		},
		"animation.combo3": {
			"animation_length": 0.5,
			"override_previous_animation": true,
			"bones": {
				"root": {
					"rotation": {
						"0.0": [0, 0, 0],
						"0.1": [-5, 0, 0],
						"0.15": [-5, 0, 0],
						"0.25": [5, 0, 0]
					}
				},
				"waist": {
					"rotation": {
						"0.0": [0, 0, 0],
						"0.1": [10, 20, 0],
						"0.15": [10, 20, 0],
						"0.25": [-12.21513, -4.91309, 2.11868]
					}
				},
				"leftArm": {
					"rotation": {
						"0.0": [0, 0, 0],
						"0.1": [10, 7.5, -15],
						"0.15": [10, 7.5, -15],
						"0.25": [42.59761, 19.76545, -17.35983]
					},
					"position": {
						"0.15": [0, 0, 0],
						"0.25": [0, 0, 2]
					}
				},
				"rightArm": {
					"rotation": {
						"0.0": [0, 0, 0],
						"0.1": [7.56397, -7.43547, 26.51552],
						"0.15": [7.56, -7.44, 26.52],
						"0.25": [44.39305, -16.52891, 17.73647]
					},
					"position": {
						"0.15": [0, 0, 0],
						"0.25": [0, 0, 2]
					}
				},
				"rightLeg": {
					"rotation": {
						"0.0": [0, 0, 0],
						"0.1": [25.13663, 13.42215, 63.48351],
						"0.15": [25.14, 13.42, 63.48],
						"0.25": [-126.02687, -5.4823, 58.93645]
					},
					"position": {
						"0.0": [0, 0, 0],
						"0.1": [0, 0, 1],
						"0.15": [0, 0, 1],
						"0.25": [0, 0, -2]
					}
				}
			}
		}
	}
}