{
	"format_version": "1.8.0",
	"animations": {
		"animation.chidori_explosion": {
			"loop": "hold_on_last_frame",
			"animation_length": 2,
			"override_previous_animation": true,
			"bones": {
				"explosion": {
					"rotation": {
						"0.0": [0, 0, 0],
						"2.0": [0, 1440, 0]
					},
					"scale": {
						"0.0": [0, 0, 0],
						"0.5": [1, 1, 1],
						"1.7": [1.5, 1.5, 1.5],
						"1.8": [2.5, 2.5, 2.5],
						"2.0": [0, 0, 0]
					}
				},
				"Ex1": {
					"rotation": {
						"0.0": [0, 0, 0],
						"2.0": [107.62528, 31.26463, 261.86302]
					}
				},
				"Ex2": {
					"rotation": {
						"0.0": [0, 0, 0],
						"2.0": [0, 40, 17.5]
					}
				},
				"Ex3": {
					"rotation": {
						"0.0": [0, 0, 0],
						"2.0": [491.93206, 138.14727, -52.4876]
					}
				},
				"Ex4": {
					"rotation": {
						"0.0": [0, 0, 0],
						"2.0": [115.17099, 61.3678, -29.98227]
					}
				}
			},
			"particle_effects": {
				"0.0": {
					"effect": "chidori"
				},
				"0.5": {
					"effect": "chidori"
				},
				"1.0": {
					"effect": "chidori"
				},
				"1.5": {
					"effect": "chidori"
				}
			}
		},
		"animation.explosion": {
			"loop": "hold_on_last_frame",
			"animation_length": 2,
			"override_previous_animation": true,
			"bones": {
				"explosion": {
					"rotation": {
						"0.0": [0, 0, 0],
						"2.0": [0, 1440, 0]
					},
					"scale": {
						"0.0": [0, 0, 0],
						"0.5": [1, 1, 1],
						"1.7": [1.5, 1.5, 1.5],
						"1.8": [2.5, 2.5, 2.5],
						"2.0": [0, 0, 0]
					}
				},
				"Ex1": {
					"rotation": {
						"0.0": [0, 0, 0],
						"2.0": [107.62528, 31.26463, 261.86302]
					}
				},
				"Ex2": {
					"rotation": {
						"0.0": [0, 0, 0],
						"2.0": [0, 40, 17.5]
					}
				},
				"Ex3": {
					"rotation": {
						"0.0": [0, 0, 0],
						"2.0": [491.93206, 138.14727, -52.4876]
					}
				},
				"Ex4": {
					"rotation": {
						"0.0": [0, 0, 0],
						"2.0": [115.17099, 61.3678, -29.98227]
					}
				}
			}
		}
	}
}