{
	"format_version": "1.8.0",
	"animations": {
		"animation.gomu_redhawk_first": {
			"animation_length": 1.1,
			"override_previous_animation": true,
			"bones": {
				"leftArm": {
					"rotation": {
						"0.0": [90, 0, 0],
						"0.2": [-2.51893, 0.43523, 29.9811]
					},
					"position": [-12, 0, 0]
				},
				"rightArm_gomu": {
					"rotation": {
						"0.0": [-90, 0, 0],
						"0.15": [-90, 0, 0],
						"0.2": [90, 0, 0],
						"0.35": [90, 0, 0]
					},
					"position": {
						"0.0": [0, 0, -9],
						"0.1": [0, 0, 0],
						"0.15": [0, 0, 0],
						"0.2": [0, 0, 0],
						"0.35": [0, 0, 18]
					},
					"scale": {
						"0.0": [1, 6, 1],
						"0.15": [1, 0, 1],
						"0.2": [1, 0, 1],
						"0.35": [1, 8, 1]
					}
				},
				"gomu_particle": {
					"rotation": [0, 0, 0],
					"position": [0, 0, 42]
				},
				"rightArm": {
					"position": [12, 0, 0]
				}
			},
			"particle_effects": {
				"0.25": {
					"effect": "hawk1",
					"locator": "pg"
				},
				"0.3": {
					"effect": "hawk2",
					"locator": "pg"
				},
				"0.35": {
					"effect": "hawk3",
					"locator": "pg"
				}
			}
		},
		"animation.gomu_redhawk_first_hold": {
			"animation_length": 0.5,
			"override_previous_animation": true,
			"bones": {
				"leftArm": {
					"rotation": {
						"0.0": [0, 0, 0],
						"0.25": [90, 0, 0]
					},
					"position": [-12, 0, 0]
				},
				"rightArm_gomu": {
					"rotation": {
						"0.0": [0, 0, 0],
						"0.15": [69.66202, -6.89488, 0.24087]
					}
				},
				"rightArm": {
					"position": [12, 0, 0]
				}
			}
		},
		"animation.gomu_redhawk_first_holding": {
			"loop": true,
			"animation_length": 0.41667,
			"override_previous_animation": true,
			"bones": {
				"leftArm": {
					"rotation": [90, 0, 0],
					"position": [-12, 0, 0]
				},
				"rightArm_gomu": {
					"rotation": [84.79994, -2.20414, -1.49626]
				},
				"gomu_particle": {
					"position": [0, -5, -60]
				},
				"rightArm": {
					"rotation": [-15.05429, -4.80507, 1.29067],
					"position": [12, 0, 0]
				}
			},
			"particle_effects": {
				"0.0": [
					{
						"effect": "hawkblaze",
						"locator": "pg"
					},
					{
						"effect": "hawk",
						"locator": "pg"
					}
				],
				"0.0417": {
					"effect": "hawkblaze",
					"locator": "pg"
				},
				"0.0833": {
					"effect": "hawkblaze",
					"locator": "pg"
				},
				"0.125": {
					"effect": "hawkblaze",
					"locator": "pg"
				},
				"0.1667": [
					{
						"effect": "hawkblaze",
						"locator": "pg"
					},
					{
						"effect": "hawk",
						"locator": "pg"
					}
				],
				"0.3333": {
					"effect": "hawk",
					"locator": "pg"
				}
			}
		},
		"animation.gomu_redhawk_holding": {
			"loop": true,
			"animation_length": 0.41667,
			"override_previous_animation": true,
			"bones": {
				"head": {
					"relative_to": {
						"rotation": "entity"
					},
					"rotation": ["query.target_x_rotation - this", "query.target_y_rotation - this", 0]
				},
				"body": {
					"rotation": [10, 15, 0],
					"position": [0, 0, -1]
				},
				"waist": {
					"rotation": [0, 27.5, 0]
				},
				"leftArm": {
					"rotation": [-82.5, 0, -25]
				},
				"rightArm_gomu": {
					"rotation": [83.43795, -42.45811, 3.17389],
					"position": [-7, 0, 7],
					"scale": [1, 6, 1]
				},
				"leftLeg": {
					"rotation": [-13.13388, 17.22575, -10.47479],
					"position": [1, 0, 0]
				},
				"rightLeg": {
					"rotation": [-10.29538, 12.3071, 10.23772],
					"position": [1, 0, 2]
				},
				"gomu_particle": {
					"rotation": [-2.39772, -42.50228, -0.14787]
				}
			},
			"particle_effects": {
				"0.0": [
					{
						"effect": "hawkblaze",
						"locator": "pg"
					},
					{
						"effect": "hawk",
						"locator": "pg"
					}
				],
				"0.0417": {
					"effect": "hawkblaze",
					"locator": "pg"
				},
				"0.0833": {
					"effect": "hawkblaze",
					"locator": "pg"
				},
				"0.125": {
					"effect": "hawkblaze",
					"locator": "pg"
				},
				"0.1667": [
					{
						"effect": "hawkblaze",
						"locator": "pg"
					},
					{
						"effect": "hawk",
						"locator": "pg"
					}
				],
				"0.3333": {
					"effect": "hawk",
					"locator": "pg"
				}
			}
		},
		"animation.gomu_redhawk_hold": {
			"animation_length": 0.5,
			"override_previous_animation": true,
			"bones": {
				"head": {
					"relative_to": {
						"rotation": "entity"
					},
					"rotation": ["query.target_x_rotation - this", "query.target_y_rotation - this", 0]
				},
				"body": {
					"rotation": {
						"0.0": [0, 0, 0],
						"0.2": [10, 15, 0]
					},
					"position": {
						"0.0": [0, 0, 0],
						"0.2": [0, 0, -1]
					}
				},
				"waist": {
					"rotation": {
						"0.0": [0, 0, 0],
						"0.3": [0, 27.5, 0]
					}
				},
				"leftArm": {
					"rotation": {
						"0.0": [0, 0, 0],
						"0.25": [-82.5, 0, -25]
					}
				},
				"rightArm_gomu": {
					"rotation": {
						"0.0": [0, 0, 0],
						"0.15": [83.43795, -42.45811, 3.17389]
					},
					"position": {
						"0.15": [0, 0, 0],
						"0.35": [-7, 0, 7]
					},
					"scale": {
						"0.15": [1, 1, 1],
						"0.35": [1, 6, 1]
					}
				},
				"leftLeg": {
					"rotation": {
						"0.0": [0, 0, 0],
						"0.2": [0, 35, 0],
						"0.3": [-13.13388, 17.22575, -10.47479]
					},
					"position": {
						"0.0": [0, 0, 0],
						"0.2": [1, 0, 0]
					}
				},
				"rightLeg": {
					"rotation": {
						"0.0": [0, 0, 0],
						"0.2": [0, 35, 0],
						"0.3": [-10.29538, 12.3071, 10.23772]
					},
					"position": {
						"0.0": [0, 0, 0],
						"0.2": [1, 0, 2]
					}
				}
			}
		},
		"animation.gomu_redhawk": {
			"animation_length": 1.1,
			"override_previous_animation": true,
			"bones": {
				"head": {
					"relative_to": {
						"rotation": "entity"
					},
					"rotation": ["query.target_x_rotation - this", "query.target_y_rotation - this", 0]
				},
				"body": {
					"rotation": {
						"0.0": [10, 15, 0],
						"0.15": [9.97979, -14.56521, -5.14676]
					},
					"position": [0, 0, -1]
				},
				"waist": {
					"rotation": {
						"0.0": [0, 27.5, 0],
						"0.2": [0, 12.5, 0]
					}
				},
				"leftArm": {
					"rotation": {
						"0.0": [-82.5, 0, -25],
						"0.2": [4.98107, 0.43523, -29.98107]
					}
				},
				"rightArm": {
					"rotation": {
						"0.0": [0, 0, 0],
						"0.2": ["query.target_x_rotation - this", "query.target_y_rotation - this", 0]
					}
				},
				"rightArm_gomu": {
					"rotation": {
						"0.0": [83.43795, -42.45811, 3.17389],
						"0.15": [85.0439, -12.59996, -0.18268],
						"0.2": [-97.95058, -0.09252, -0.22346],
						"0.35": [-97.95058, -0.09252, -0.22346]
					},
					"position": {
						"0.0": [-7, 0, 7],
						"0.1": [0, 0, 0],
						"0.15": [0, 0, 0],
						"0.2": [0, 0, 0],
						"0.35": [2, 2, -17]
					},
					"scale": {
						"0.0": [1, 6, 1],
						"0.15": [1, 0, 1],
						"0.2": [1, 0, 1],
						"0.35": [1, 8, 1]
					}
				},
				"leftLeg": {
					"rotation": {
						"0.0": [-13.13388, 17.22575, -10.47479],
						"0.2": [-7.71186, -9.59934, -4.36327]
					},
					"position": {
						"0.0": [1, 0, 0],
						"0.2": [1, 0, 1]
					}
				},
				"rightLeg": {
					"rotation": {
						"0.0": [-10.29538, 12.3071, 10.23772],
						"0.2": [17.2, 12.31, 10.24]
					},
					"position": {
						"0.0": [1, 0, 2],
						"0.2": [1, 0, 0]
					}
				},
				"gomu_particle": {
					"rotation": [-7.5, 0, 0],
					"position": [2, 9, -42]
				}
			},
			"particle_effects": {
				"0.25": {
					"effect": "hawk1",
					"locator": "pg"
				},
				"0.3": {
					"effect": "hawk2",
					"locator": "pg"
				},
				"0.35": {
					"effect": "hawk3",
					"locator": "pg"
				}
			}
		},
		"animation.gomu_gatling_first": {
			"loop": true,
			"animation_length": 0.3,
			"override_previous_animation": true,
			"bones": {
				"root": {
					"rotation": [0, -180, 0],
					"position": [0, -3, 0]
				},
				"body": {
					"rotation": {
						"0.0": [25, 0, 0],
						"0.05": [25.18908, 6.79382, 3.18458],
						"0.1": [25.08377, -4.53051, -2.11751],
						"0.15": [25.0209, -2.26564, -1.0571],
						"0.2": [25.76926, 13.56626, 6.46067],
						"0.25": [25.08377, -4.53051, -2.11751],
						"0.3": [25.18908, 6.79382, 3.18458]
					},
					"position": [0, 0, -5]
				},
				"rightArm_gomu": {
					"rotation": [-115, 0, 0],
					"position": {
						"0.0": [-6, 15, 0],
						"0.05": [-13, -5, 11],
						"0.1": [-9, 11, -28],
						"0.15": [7, 31, -29],
						"0.2": [-17, 6, 0],
						"0.25": [14, 22, -56],
						"0.3": [-6, 2, -2]
					},
					"scale": {
						"0.0": [1, 3.8, 1],
						"0.05": [1, 4.2, 1],
						"0.1": [1, 3.8, 1],
						"0.15": [1, 4.5, 1],
						"0.2": [1, 3.4, 1],
						"0.25": [1, 4.2, 1],
						"0.3": [1, 3.8, 1]
					}
				},
				"leftArm_gomu": {
					"rotation": [-115, 0, 0],
					"position": {
						"0.0": [16, -4, 11],
						"0.05": [7, 21, -23],
						"0.1": [16, 3, 2],
						"0.15": [1, -7, 12],
						"0.2": [10, 20, -36],
						"0.25": [6, 10, 12],
						"0.3": [7, 37, -49]
					},
					"scale": {
						"0.0": [1, 3.7, 1],
						"0.05": [1, 3.9, 1],
						"0.1": [1, 3.7, 1],
						"0.15": [1, 4.3, 1],
						"0.2": [1, 3.3, 1],
						"0.25": [1, 4.5, 1],
						"0.3": [1, 3.7, 1]
					}
				}
			}
		},
		"animation.gomu_gatling": {
			"loop": true,
			"animation_length": 0.2917,
			"override_previous_animation": true,
			"bones": {
				"root": {
					"position": [0, -3, 0]
				},
				"head": {
					"relative_to" : {
						"rotation" : "entity"
					},
					"rotation": ["query.target_x_rotation - this", "query.target_y_rotation - this", 0]
				},
				"body": {
					"rotation": {
						"0.0": [25, 0, 0],
						"0.05": [25.18908, 6.79382, 3.18458],
						"0.1": [25.08377, -4.53051, -2.11751],
						"0.15": [25.0209, -2.26564, -1.0571],
						"0.2": [25.76926, 13.56626, 6.46067],
						"0.25": [25.08377, -4.53051, -2.11751],
						"0.3": [25.18908, 6.79382, 3.18458]
					},
					"position": [0, 0, -5]
				},
				"rightArm": {
					"rotation": ["query.target_x_rotation - this", "query.target_y_rotation - this", 0]
				},
				"rightArm_gomu": {
					"rotation": [-115, 0, 0],
					"position": {
						"0.0": [-11, 21, 0],
						"0.05": [-16, -5, 11],
						"0.1": [-16, 9, -28],
						"0.15": [7, 31, -29],
						"0.2": [-17, 31, 15],
						"0.25": [19, 22, -56],
						"0.3": [-6, 2, 4]
					},
					"scale": {
						"0.0": [1, 3.8, 1],
						"0.05": [1, 4.2, 1],
						"0.1": [1, 3.8, 1],
						"0.15": [1, 4.5, 1],
						"0.2": [1, 3.4, 1],
						"0.25": [1, 4.2, 1],
						"0.3": [1, 3.8, 1]
					}
				},
				"leftArm": {
					"rotation": ["query.target_x_rotation - this", "query.target_y_rotation - this", 0]
				},
				"leftArm_gomu": {
					"rotation": [-115, 0, 0],
					"position": {
						"0.0": [16, -4, 11],
						"0.05": [16, 23, -23],
						"0.1": [16, 3, 18],
						"0.15": [1, -7, 12],
						"0.2": [1, -1, -36],
						"0.25": [1, 21, 12],
						"0.3": [1, 37, -50]
					},
					"scale": {
						"0.0": [1, 3.7, 1],
						"0.05": [1, 3.9, 1],
						"0.1": [1, 3.7, 1],
						"0.15": [1, 4.3, 1],
						"0.2": [1, 3.3, 1],
						"0.25": [1, 4.5, 1],
						"0.3": [1, 3.7, 1]
					}
				},
				"rightLeg": {
					"rotation": [16.83168, 8.21914, 16.72888],
					"position": [0, 0, 0]
				},
				"leftLeg": {
					"rotation": [-16.63659, -25.11721, -8.6871]
				}
			}
		},
		"animation.gomu_bazooka_first": {
			"animation_length": 0.7,
			"override_previous_animation": true,
			"bones": {
				"leftArm_gomu": {
					"rotation": [90, 0, 0],
					"position": {
						"0.0": [0, 0, 2],
						"0.25": [0, 0, 14]
					},
					"scale": {
						"0.0": [1, 1, 1],
						"0.25": [1, 6, 1]
					}
				},
				"rightArm_gomu": {
					"rotation": [90, 0, 0],
					"position": {
						"0.0": [0, 0, 2],
						"0.25": [0, 0, 14]
					},
					"scale": {
						"0.0": [1, 1, 1],
						"0.25": [1, 6, 1]
					}
				}
			}
		},
		"animation.gomu_bazooka_hold": {
			"loop": "hold_on_last_frame",
			"animation_length": 0.5,
			"override_previous_animation": true,
			"bones": {
				"head": {
					"relative_to" : {
						"rotation" : "entity"
					},
					"rotation": ["query.target_x_rotation - this", "query.target_y_rotation - this", 0]
				},
				"body": {
					"rotation": {
						"0.0": [0, 0, 0],
						"0.3": [-15, 0, 0]
					},
					"position": {
						"0.0": [0, 0, 0],
						"0.3": [0, 0, 3]
					}
				},
				"leftArm": {
					"rotation": {
						"0.0": [0, 0, 0],
						"0.2": [105, 0, 0]
					},
					"position": {
						"0.0": [0, 0, 0],
						"0.3": [0, 0, 2]
					}
				},
				"rightArm": {
					"rotation": {
						"0.0": [0, 0, 0],
						"0.2": [105, 0, 0]
					},
					"position": {
						"0.0": [0, 0, 0],
						"0.3": [0, 0, 2]
					}
				},
				"leftLeg": {
					"rotation": {
						"0.0": [0, 0, 0],
						"0.4": [0, 0, -10]
					}
				},
				"rightLeg": {
					"rotation": {
						"0.0": [0, 0, 0],
						"0.4": [0, 0, 10]
					}
				}
			}
		},
		"animation.gomu_bazooka": {
			"animation_length": 0.7,
			"override_previous_animation": true,
			"bones": {
				"head": {
					"relative_to" : {
						"rotation" : "entity"
					},
					"rotation": ["query.target_x_rotation - this", "query.target_y_rotation - this", 0]
				},
				"body": {
					"rotation": {
						"0.0": [-15, 0, 0],
						"0.2": [10, 0, 0]
					},
					"position": {
						"0.0": [0, 0, 3],
						"0.2": [0, 0, -2]
					}
				},
				"leftArm": {
					"rotation": {
						"0.0": [105, 0, 0],
						"0.1": ["-100+query.target_x_rotation - this", "query.target_y_rotation - this", 0]
					}
				},
				"leftArm_gomu": {
					"position": {
						"0.0": [0, 0, 2],
						"0.1": [0, 0, -2],
						"0.5": [0, -12, -2]
					},
					"scale": {
						"0.1": [1, 1, 1],
						"0.5": [1, 6, 1]
					}
				},
				"rightArm": {
					"rotation": {
						"0.0": [105, 0, 0],
						"0.1": ["-100+query.target_x_rotation - this", "query.target_y_rotation - this", 0]
					}
				},
				"rightArm_gomu": {
					"position": {
						"0.0": [0, 0, 2],
						"0.1": [0, 0, -2],
						"0.5": [0, -12, -2]
					},
					"scale": {
						"0.1": [1, 1, 1],
						"0.5": [1, 6, 1]
					}
				},
				"leftLeg": {
					"rotation": [0, 0, -10]
				},
				"rightLeg": {
					"rotation": [0, 0, 10]
				}
			}
		},
		"animation.gomu_bazooka_effect": {
			"loop": true,
			"override_previous_animation": true,
			"particle_effects": {
				"0.0": {
					"effect": "explosion"
				}
			}
		},
		"animation.gomu_pistol_hold": {
			"loop": "hold_on_last_frame",
			"animation_length": 0.5,
			"override_previous_animation": true,
			"bones": {
				"head": {
					"relative_to" : {
						"rotation" : "entity"
					},
					"rotation": ["query.target_x_rotation - this", "query.target_y_rotation - this", 0]
				},
				"body": {
					"rotation": {
						"0.0": [0, 0, 0],
						"0.2": [10, 15, 0]
					},
					"position": {
						"0.0": [0, 0, 0],
						"0.2": [0, 0, -1]
					}
				},
				"waist": {
					"rotation": {
						"0.0": [0, 0, 0],
						"0.3": [0, 27.5, 0]
					}
				},
				"leftArm": {
					"rotation": {
						"0.0": [0, 0, 0],
						"0.25": [0, 0, -25]
					}
				},
				"rightArm": {
					"rotation": {
						"0.0": [0, 0, 0],
						"0.15": [90, 0, 0]
					}
				},
				"leftLeg": {
					"rotation": {
						"0.0": [0, 0, 0],
						"0.2": [0, 35, 0],
						"0.3": [-3.13388, 17.22575, -10.47479]
					},
					"position": {
						"0.0": [0, 0, 0],
						"0.2": [1, 0, 0]
					}
				},
				"rightLeg": {
					"rotation": {
						"0.0": [0, 0, 0],
						"0.2": [0, 35, 0],
						"0.3": [2.20462, 12.3071, 10.23772]
					},
					"position": {
						"0.0": [0, 0, 0],
						"0.2": [1, 0, 2]
					}
				}
			}
		},
		"animation.gomu_pistol_first": {
			"animation_length": 1,
			"override_previous_animation": true,
			"bones": {
				"body": {
					"rotation": [10, 15, 0],
					"position": [0, 0, -1]
				},
				"waist": {
					"rotation": [0, 27.5, 0]
				},
				"leftArm_gomu": {
					"rotation": {
						"0.0": [90, 0, 0],
						"0.2": [75.99806, -44.13603, 9.85108]
					},
					"position": {
						"0.2": [0, 0, 0],
						"0.5": [-8, -2, 8],
						"0.6": [-10, -2, 10],
						"0.8": [0, 0, 0]
					},
					"scale": {
						"0.2": [1, 1, 1],
						"0.5": [1, 6, 1],
						"0.6": [1, 7, 1],
						"0.8": [1, 1, 1]
					}
				},
				"rightArm_gomu": {
					"rotation": {
						"0.0": [90, 0, 0],
						"0.2": [-7.5, -22.5, 0]
					},
					"position": {
						"0.0": [0, 0, 0],
						"0.2": [0, 0, -3]
					}
				}
			}
		},
		"animation.gomu_pistol": {
			"animation_length": 1,
			"override_previous_animation": true,
			"bones": {
				"head": {
					"relative_to" : {
						"rotation" : "entity"
					},
					"rotation": ["query.target_x_rotation - this", "query.target_y_rotation - this", 0]
				},
				"body": {
					"rotation": {
						"0.0": [10, 15, 0],
						"0.2": [10, 0, 0]
					},
					"position": {
						"0.0": [0, 0, -1],
						"0.2": [0, 0, -2]
					}
				},
				"waist": {
					"rotation": {
						"0.0": [0, 27.5, 0],
						"0.2": [0, 0, 0]
					}
				},
				"leftArm": {
					"rotation": {
						"0.0": [0, 0, -25],
						"0.2": [40, 0, -25]
					}
				},
				"rightArm": {
					"rotation": {
						"0.0": [0, 0, 0],
						"0.2": ["query.target_x_rotation - this", "query.target_y_rotation - this", 0]
					}
				},
				"rightArm_gomu": {
					"rotation": {
						"0.0": [90, 0, 0],
						"0.2": [-100, 0, 0]
					},
					"position": {
						"0.2": [0, 0, 0],
						"0.5": [0, 2, -11],
						"0.6": [0, 2, -13],
						"0.8": [0, 0, 0]
					},
					"scale": {
						"0.2": [1, 1, 1],
						"0.5": [1, 6, 1],
						"0.6": [1, 7, 1],
						"0.8": [1, 1, 1]
					}
				},
				"leftLeg": {
					"rotation": [-3.13388, 17.22575, -10.47479],
					"position": {
						"0.0": [1, 0, 0],
						"0.2": [0, 0, 0]
					}
				},
				"rightLeg": {
					"rotation": [2.20462, 12.3071, 10.23772],
					"position": {
						"0.0": [1, 0, 2],
						"0.2": [0, 0, 0]
					}
				}
			}
		}
	}
}