{
	"format_version": "1.8.0",
	"animations": {
		"animation.kamehameha_first": {
			"animation_length": 2,
			"override_previous_animation": true,
			"bones": {
				"K1_first": {
					"position": {
						"0.2": [0, 0, 0],
						"1.0": [0, -200, 0],
						"2.0": [0, -300, 0]
					},
					"scale": {
						"0.0": [3, 3, 3],
						"0.2": [3, 0, 3],
						"1.0": [3, 200, 3],
						"1.5": [3, 250, 3],
						"1.7": [6, 270, 6],
						"2.0": [0, 300, 0]
					}
				},
				"K2_first": {
					"position": {
						"0.2": [0, 0, 0],
						"1.0": [0, -200, 0],
						"2.0": [0, -300, 0]
					},
					"scale": {
						"0.0": [3, 3, 3],
						"0.2": [3, 0, 3],
						"1.0": [3, 200, 3],
						"1.5": [3, 250, 3],
						"1.7": [6, 270, 6],
						"2.0": [0, 300, 0]
					}
				},
				"Kamehameha_first": {
					"rotation": {
						"0.0": [-90, 0, 0],
						"1.5": [-80, 0, 0]
					},
					"position": {
						"0.0": [0, -5, -8],
						"0.05": [0, -5, -6.5],
						"0.2": [0, -5, -2]
					}
				},
				"Kamehameha_blast_first": {
					"position": {
						"0.2": [0, 0, 0],
						"1.0": [0, -400, 0],
						"2.0": [0, -600, 0]
					},
					"scale": {
						"0.2": [1, 1, 1],
						"0.25": [8, 8, 8],
						"1.0": [16, 16, 16],
						"1.5": [25, 25, 25],
						"1.7": [30, 30, 30],
						"2.0": [0, 0, 0]
					}
				},
				"Kblast1_first": {
					"rotation": {
						"0.2": [0, 0, 0],
						"2.0": [180, -260, -360]
					}
				},
				"Kblast2_first": {
					"rotation": {
						"0.2": [0, 0, 0],
						"2.0": [270, -190, 170]
					}
				},
				"Kblast3_first": {
					"rotation": {
						"0.2": [0, 0, 0],
						"2.0": [-270, -180, 360]
					}
				},
				"Kblast4_first": {
					"rotation": {
						"0.2": [0, 0, 0],
						"2.0": [90, 360, -120]
					}
				}
			}
		},
		"animation.kamehameha_first_hold": {
			"animation_length": 2,
			"override_previous_animation": true,
			"bones": {
				"Kamehameha_first": {
					"position": {
						"0.0": [0, 0, 0],
						"1.0": [0, -3, -13]
					},
					"scale": 0.1
				},
				"Kamehameha_blast_first": {
					"scale": {
						"0.0": [3, 3, 3],
						"1.0": [50, 50, 50]
					}
				},
				"Kblast1_first": {
					"rotation": {
						"0.2": [0, 0, 0],
						"2.0": [180, -260, -360]
					}
				},
				"Kblast2_first": {
					"rotation": {
						"0.2": [0, 0, 0],
						"2.0": [270, -190, 170]
					}
				},
				"Kblast3_first": {
					"rotation": {
						"0.2": [0, 0, 0],
						"2.0": [-270, -180, 360]
					}
				},
				"Kblast4_first": {
					"rotation": {
						"0.2": [0, 0, 0],
						"2.0": [90, 360, -120]
					}
				}
			}
		},
		"animation.kamehameha": {
			"animation_length": 2,
			"override_previous_animation": true,
			"bones": {
				"root": {
					"rotation": ["query.target_x_rotation - this", "query.target_y_rotation - this", 0]
				},
				"RightArm": {
					"rotation": [-90, -20, 0]
				},
				"K1": {
					"position": {
						"0.2": [0, 0, 0],
						"1.0": [0, -200, 0],
						"2.0": [0, -300, 0]
					},
					"scale": {
						"0.0": [6, 6, 6],
						"0.2": [6, 0, 6],
						"1.0": [6, 200, 6],
						"1.5": [6, 250, 6],
						"1.7": [9, 270, 9],
						"2.0": [0, 300, 0]
					}
				},
				"K2": {
					"position": {
						"0.2": [0, 0, 0],
						"1.0": [0, -200, 0],
						"2.0": [0, -300, 0]
					},
					"scale": {
						"0.0": [6, 6, 6],
						"0.2": [6, 0, 6],
						"1.0": [6, 200, 6],
						"1.5": [6, 250, 6],
						"1.7": [9, 270, 9],
						"2.0": [0, 300, 0]
					}
				},
				"Kamehameha": {
					"rotation": [-15, 0, 20],
					"position": {
						"0.0": [0, 0, 0],
						"0.05": [2, 0, 0]
					}
				},
				"LeftArm": {
					"rotation": [-80, 45, 0]
				},
				"Kamehameha_blast": {
					"position": {
						"0.2": [0, 0, 0],
						"1.0": [0, -400, 0],
						"2.0": [0, -600, 0]
					},
					"scale": {
						"0.2": [1, 1, 1],
						"0.25": [10, 10, 10],
						"1.0": [20, 20, 20],
						"1.5": [30, 30, 30],
						"1.7": [35, 35, 35],
						"2.0": [0, 0, 0]
					}
				},
				"Kblast1": {
					"rotation": {
						"0.2": [0, 0, 0],
						"2.0": [180, -260, -360]
					}
				},
				"Kblast2": {
					"rotation": {
						"0.2": [0, 0, 0],
						"2.0": [270, -190, 170]
					}
				},
				"Kblast3": {
					"rotation": {
						"0.2": [0, 0, 0],
						"2.0": [-270, -180, 360]
					}
				},
				"Kblast4": {
					"rotation": {
						"0.2": [0, 0, 0],
						"2.0": [90, 360, -120]
					}
				},
				"waist": {
					"rotation": [15, 0, 0]
				}
			}
		},
		"animation.kamehameha_hold": {
			"animation_length": 2,
			"override_previous_animation": true,
			"bones": {
				"root": {
					"rotation": [0, "query.target_y_rotation - this", 0]
				},
				"RightArm": {
					"rotation": {
						"0.0": [0, 0, 0],
						"0.2": [-90, -20, 0]
					}
				},
				"Kamehameha": {
					"scale": 0.1
				},
				"LeftArm": {
					"rotation": {
						"0.0": [0, 0, 0],
						"0.2": [-80, 45, 0]
					}
				},
				"Kamehameha_blast": {
					"scale": {
						"0.0": [3, 3, 3],
						"1.0": [60, 60, 60]
					}
				},
				"Kblast1": {
					"rotation": {
						"0.2": [0, 0, 0],
						"2.0": [180, -260, -360]
					}
				},
				"Kblast2": {
					"rotation": {
						"0.2": [0, 0, 0],
						"2.0": [270, -190, 170]
					}
				},
				"Kblast3": {
					"rotation": {
						"0.2": [0, 0, 0],
						"2.0": [-270, -180, 360]
					}
				},
				"Kblast4": {
					"rotation": {
						"0.2": [0, 0, 0],
						"2.0": [90, 360, -120]
					}
				},
				"waist": {
					"rotation": {
						"0.0": [0, 0, 0],
						"0.2": [15, 0, 0]
					}
				}
			}
		}
	}
}