{
	"format_version": "1.8.0",
	"animations": {
		"animation.ki_ball": {
			"loop": true,
			"animation_length": 2,
			"override_previous_animation": true,
			"bones": {
				"Rasengan": {
					"rotation": {
						"0.0": [0, 0, 0],
						"2.0": [360, 1440, 720]
					},
					"position": [6, -14, 0],
					"scale": {
						"0.0": [6, 6, 6],
						"0.5": [4, 4, 4],
						"1.0": [6, 6, 6],
						"1.5": [4, 4, 4],
						"2.0": [6, 6, 6]
					}
				},
				"R1": {
					"rotation": {
						"0.0": [0, 0, 0],
						"2.0": [107.62528, 31.26463, 261.86302]
					}
				},
				"R2": {
					"rotation": {
						"0.0": [0, 0, 0],
						"2.0": [0, 40, 17.5]
					}
				},
				"R3": {
					"rotation": {
						"0.0": [0, 0, 0],
						"2.0": [491.93206, 138.14727, -52.4876]
					}
				},
				"R4": {
					"rotation": {
						"0.0": [0, 0, 0],
						"2.0": [115.17099, 61.3678, -29.98227]
					}
				}
			}
		}
	}
}