{
	"format_version": "1.8.0",
	"animations": {
		"animation.kirin_attack": {
			"loop": true,
			"animation_length": 1,
			"override_previous_animation": true,
			"bones": {
				"Kirin_all": {
					"rotation": ["-q.target_x_rotation", "-q.body_y_rotation", 0]
				},
				"Kirin": {
					"rotation": [0, -180, 0],
					"position": [0, -27, 34]
				},
				"B1": {
					"rotation": {
						"0.0": [20, 0, 0],
						"0.3": [20.07031, -4.69776, -1.71394],
						"0.7": [15.07031, 4.69776, 1.71394],
						"1.0": [20, 0, 0]
					},
					"position": [0, 0, 0]
				},
				"B2": {
					"rotation": {
						"0.0": [12.5, 0, 0],
						"0.3": [12.60396, 1.89706, 2.98336],
						"0.7": [12.45392, 1.08089, -4.88206],
						"1.0": [12.5, 0, 0]
					},
					"position": [0, 0, 0]
				},
				"B3": {
					"rotation": {
						"0.0": [12.5, 0, 0],
						"0.3": [12.48848, 0.54094, -2.44081],
						"0.7": [12.39638, -1.61888, 7.32417],
						"1.0": [12.5, 0, 0]
					},
					"position": [0, 0, 0]
				},
				"B4": {
					"rotation": {
						"0.0": [12.5, 0, 0],
						"0.3": [12.45392, -1.08089, 4.88206],
						"0.7": [12.39638, 1.61888, -7.32417],
						"1.0": [12.5, 0, 0]
					},
					"position": [0, 0, 0]
				},
				"B5": {
					"rotation": {
						"0.0": [12.5, 0, 0],
						"0.3": [12.48848, 0.54094, -2.44081],
						"0.7": [12.48848, -0.54094, 2.44081],
						"1.0": [12.5, 0, 0]
					},
					"position": [0, 0, 0]
				},
				"B6": {
					"rotation": [12.5, 0, 0],
					"position": [0, 0, 0],
					"scale": 1
				},
				"B7": {
					"rotation": [12.5, 0, 0],
					"position": [0, 0, 0]
				},
				"Ra": {
					"rotation": {
						"0.0": [-40, 0, 0],
						"0.5": [-25, 0, 0],
						"1.0": [-40, 0, 0]
					}
				},
				"Ra2": {
					"rotation": {
						"0.0": [-40, 0, 0],
						"0.5": [-25, 0, 0],
						"1.0": [-40, 0, 0]
					}
				},
				"Clouds": {
					"scale": 0
				}
			}
		},
		"animation.kirin": {
			"animation_length": 1,
			"override_previous_animation": true,
			"bones": {
				"Kirin": {
					"rotation": {
						"0.0": [0, 0, 0],
						"1.0": [0, -180, 0]
					}
				},
				"B1": {
					"rotation": {
						"0.0": [0, 0, 0],
						"1.0": [20, 0, 0]
					},
					"position": {
						"0.0": [0, 0, 0],
						"1.0": [0, 0, 0]
					}
				},
				"B2": {
					"rotation": {
						"0.0": [0, 0, 0],
						"1.0": [12.5, 0, 0]
					},
					"position": {
						"0.0": [0, 10, 0],
						"1.0": [0, 0, 0]
					}
				},
				"B3": {
					"rotation": {
						"0.0": [0, 0, 0],
						"1.0": [12.5, 0, 0]
					},
					"position": {
						"0.0": [0, 10, 0],
						"1.0": [0, 0, 0]
					}
				},
				"B4": {
					"rotation": {
						"0.0": [0, 0, 0],
						"1.0": [12.5, 0, 0]
					},
					"position": {
						"0.0": [0, 10, 0],
						"1.0": [0, 0, 0]
					}
				},
				"B5": {
					"rotation": {
						"0.0": [0, 0, 0],
						"1.0": [12.5, 0, 0]
					},
					"position": {
						"0.0": [0, 10, 0],
						"1.0": [0, 0, 0]
					}
				},
				"B6": {
					"rotation": {
						"0.0": ["query.target_x_rotation - this", "query.target_y_rotation - this", 0],
						"1.0": ["12.5+query.target_x_rotation - this", "query.target_y_rotation - this", 0]
					},
					"position": {
						"0.0": [0, 10, 0],
						"1.0": [0, 0, 0]
					},
					"scale": {
						"0.0": [1, 0.5, 1],
						"0.25": [1, 1, 1]
					}
				},
				"B7": {
					"rotation": {
						"0.0": [0, 0, 0],
						"1.0": [12.5, 0, 0]
					},
					"position": {
						"0.0": [0, 10, 0],
						"1.0": [0, 0, 0]
					}
				},
				"Ra": {
					"rotation": {
						"0.0": [0, 0, 0],
						"1.0": [-40, 0, 0]
					}
				},
				"Ra2": {
					"rotation": {
						"0.0": [0, 0, 0],
						"1.0": [-40, 0, 0]
					}
				},
				"Clouds": {
					"position": {
						"0.0": [6, 0, 5],
						"1.0": [0, 0, 0]
					},
					"scale": {
						"0.0": [0.8, 0.8, 0.8],
						"1.0": [1, 1, 1]
					}
				},
				"Kirin_all": {
					"rotation": [0, "query.target_y_rotation - this", 0],
					"scale": {
						"0.0": [1, 1, 1],
						"1.0": [2, 2, 2]
					}
				}
			}
		},
		"animation.kirin_anim": {
			"loop": true,
			"animation_length": 1,
			"override_previous_animation": true,
			"bones": {
				"Kirin": {
					"rotation": [0, -180, 0]
				},
				"B1": {
					"rotation": {
						"0.0": [20, 0, 0],
						"0.3": [20.07031, -4.69776, -1.71394],
						"0.7": [15.07031, 4.69776, 1.71394],
						"1.0": [20, 0, 0]
					},
					"position": [0, 0, 0]
				},
				"B2": {
					"rotation": {
						"0.0": [12.5, 0, 0],
						"0.3": [12.60396, 1.89706, 2.98336],
						"0.7": [12.45392, 1.08089, -4.88206],
						"1.0": [12.5, 0, 0]
					},
					"position": [0, 0, 0]
				},
				"B3": {
					"rotation": {
						"0.0": [12.5, 0, 0],
						"0.3": [12.48848, 0.54094, -2.44081],
						"0.7": [12.39638, -1.61888, 7.32417],
						"1.0": [12.5, 0, 0]
					},
					"position": [0, 0, 0]
				},
				"B4": {
					"rotation": {
						"0.0": [12.5, 0, 0],
						"0.3": [12.45392, -1.08089, 4.88206],
						"0.7": [12.39638, 1.61888, -7.32417],
						"1.0": [12.5, 0, 0]
					},
					"position": [0, 0, 0]
				},
				"B5": {
					"rotation": {
						"0.0": [12.5, 0, 0],
						"0.3": [12.48848, 0.54094, -2.44081],
						"0.7": [12.48848, -0.54094, 2.44081],
						"1.0": [12.5, 0, 0]
					},
					"position": [0, 0, 0]
				},
				"B6": {
					"rotation": ["12.5+query.target_x_rotation - this", "query.target_y_rotation - this", 0],
					"position": [0, 0, 0],
					"scale": 1
				},
				"B7": {
					"rotation": [12.5, 0, 0],
					"position": [0, 0, 0]
				},
				"Ra": {
					"rotation": {
						"0.0": [-40, 0, 0],
						"0.5": [-25, 0, 0],
						"1.0": [-40, 0, 0]
					}
				},
				"Ra2": {
					"rotation": {
						"0.0": [-40, 0, 0],
						"0.5": [-25, 0, 0],
						"1.0": [-40, 0, 0]
					}
				},
				"Clouds": {
					"scale": {
						"0.0": [1, 1, 1],
						"0.5": [1.2, 1.2, 1.2],
						"1.0": [1, 1, 1]
					}
				},
				"Kirin_all": {
					"rotation": [0, "query.target_y_rotation - this", 0],
					"scale": 2
				}
			}
		}
	}
}