{
	"format_version": "1.8.0",
	"animations": {
		"animation.mobatk1": {
			"animation_length": 0.6,
			"override_previous_animation": true,
			"bones": {
				"waist": {
					"rotation": {
						"0.0": [0, 0, 0],
						"0.1": [0, 20, 0],
						"0.15": [0, 20, 0],
						"0.25": [0, -5, 0]
					}
				},
				"rightArm": {
					"rotation": {
						"0.0": [0, 0, 0],
						"0.1": [25, 0, 0],
						"0.15": [25, 0, 0],
						"0.25": [-90, 0, 0]
					}
				},
				"rightArmD": {
					"rotation": {
						"0.0": [0, 0, 0],
						"0.1": [-70, 0, 0],
						"0.15": [-70, 0, 0],
						"0.25": [0, 0, 0]
					}
				}
			}
		},
		"animation.mobatk2": {
			"animation_length": 0.6,
			"override_previous_animation": true,
			"bones": {
				"waist": {
					"rotation": {
						"0.0": [0, 0, 0],
						"0.1": [0, -20, 0],
						"0.15": [0, -20, 0],
						"0.25": [0, 5, 0]
					}
				},
				"leftArm": {
					"rotation": {
						"0.0": [0, 0, 0],
						"0.1": [25, 0, 0],
						"0.15": [25, 0, 0],
						"0.25": [-90, 0, 0]
					}
				},
				"leftArmD": {
					"rotation": {
						"0.0": [0, 0, 0],
						"0.1": [-70, 0, 0],
						"0.15": [-70, 0, 0],
						"0.25": [0, 0, 0]
					}
				}
			}
		},
		"animation.mobatk3": {
			"animation_length": 0.45,
			"override_previous_animation": true,
			"bones": {
				"root": {
					"rotation": {
						"0.0": [0, 0, 0],
						"0.1": [0, -180, 0],
						"0.15": [0, -180, 0],
						"0.25": [0, -360, 0]
					}
				},
				"waist": {
					"rotation": {
						"0.0": [0, 0, 0],
						"0.1": [15, 0, 0],
						"0.2": [15, 0, 0],
						"0.25": [-5, 0, 0]
					}
				},
				"rightLeg": {
					"rotation": {
						"0.1": [0, 0, 0],
						"0.15": [0, 0, 0],
						"0.25": [-90, 0, 0]
					},
					"position": {
						"0.0": [0, 0, 0],
						"0.1": [0, 1, -2]
					}
				},
				"rightLegD": {
					"rotation": {
						"0.0": [0, 0, 0],
						"0.15": [40, 0, 0],
						"0.2": [0, 0, 0]
					}
				}
			}
		},
		"animation.mobatk4": {
			"animation_length": 0.75,
			"override_previous_animation": true,
			"bones": {
				"root": {
					"rotation": {
						"0.0": [0, 0, 0],
						"0.15": [5, 0, 0],
						"0.75": [0, 0, 0]
					}
				},
				"waist": {
					"rotation": {
						"0.0": [0, 0, 0],
						"0.15": [15, 0, 0],
						"0.35": [-5, 0, 0]
					}
				},
				"rightLeg": {
					"rotation": {
						"0.0": [0, 0, 0],
						"0.1": [0, 90, 40],
						"0.15": [-360, 90, -280]
					}
				},
				"rightLegD": {
					"rotation": {
						"0.0": [0, 0, 0],
						"0.15": [45, 0, 0],
						"0.25": [0, 0, 0]
					}
				},
				"leftLeg": {
					"rotation": {
						"0.0": [0, 0, 0],
						"0.1": [0, -90, -40],
						"0.15": [0, -90, -80]
					}
				},
				"leftLegD": {
					"rotation": {
						"0.0": [0, 0, 0],
						"0.15": [45, 0, 0],
						"0.25": [0, 0, 0]
					}
				}
			}
		}
	}
}