{
    "format_version": "1.8.0",
    "animations": {
    "animation.name": {
      "loop": true,
      "bones": {
        "name": {
          "rotation": [ "query.camera_rotation(0)", "query.camera_rotation(1) - query.body_y_rotation", 0 ],
          "position": [ 0, 34.5, 0 ],
          "scale": "query.is_baby ? 2 : 1"
        },
        "info": {
          "rotation": [ "query.camera_rotation(0)", "query.camera_rotation(1) - query.body_y_rotation", 0 ],
          "position": [ 0, 34.5, 0 ],
          "scale": "query.is_baby ? 2 : 1"
        },
        "dmg": {
          "position": [ 0, 10, 0 ]
        }
      }
    }
  }
}
