{
	"format_version": "1.8.0",
	"animations": {
		"animation.rasenshuriken": {
			"loop": true,
			"animation_length": 0.5,
			"override_previous_animation": true,
			"bones": {
				"Rasenshuriken": {
					"rotation": {
						"0.0": [0, 0, 0],
						"0.5": [0, 360, 0]
					},
					"scale": {
						"0.0": [1, 1, 1],
						"0.25": [1.1, 1.1, 1.1],
						"0.5": [1, 1, 1]
					}
				}
			}
		},
		"animation.rasenshuriken_holding": {
			"animation_length": 10,
			"override_previous_animation": true,
			"bones": {
				"Rasenshuriken": {
					"rotation": {
						"0.2": [0, 0, 0],
						"10.0": [0, 5760, 0]
					},
					"position": [-6, 8, 0],
					"scale": {
						"0.2": [0, 0, 0],
						"2.0": [1, 1, 1]
					}
				},
				"RightArm": {
					"rotation": {
						"0.0": [0, 0, 0],
						"0.2": [-180, 0, 0]
					}
				}
			}
		}
	}
}