{
	"format_version": "1.8.0",
	"animations": {
		"animation.shuriken": {
			"loop": true,
			"bones": {
				"global": {
					"rotation": ["q.target_x_rotation", "-q.body_y_rotation", 0]
				},
				"image": {
					"rotation": [0, "query.anim_time * 1000 * (variable.spin_intensity ?? 1)", 0]
				}
			}
		},
		"animation.shuriken_ground": {
			"loop": true,
			"animation_length": 0.5,
			"override_previous_animation": true,
			"bones": {
				"global": {
					"rotation" : [ "variable.shake_power - query.target_x_rotation", "-query.target_y_rotation", 0.0 ]
				}
			}
		}
	}
}