{
	"format_version": "1.8.0",
	"animations": {
		"animation.flameslash1": {
			"loop": true,
			"bones": {
				"lp1_r": {
					"rotation": [0, "variable.is_first_person ? 180 : 0", -90]
				},
				"lp2_r": {
					"rotation": [-180, "variable.is_first_person ? 180 : 0", -90]
				}
      },
			"particle_effects": {
				"0.0": [
					{
						"effect": "flameslash",
						"locator": "point1_r"
					},
					{
						"effect": "flameslash2",
						"locator": "point1_r"
					},
					{
						"effect": "flameslash",
						"locator": "point2_r"
					},
					{
						"effect": "flameslash2",
						"locator": "point2_r"
					}
				]
			}
		},
		"animation.sunslash4": {
			"loop": true,
			"bones": {
				"lp1": {
					"rotation": [0, "variable.is_first_person ? 180 : 0", 37.5],
					"position": [5, 19, 23]
				},
				"lp2": {
					"rotation": [0, "variable.is_first_person ? 180 : 0", -37.5],
					"position": [5, 19, 23]
				}
      },
			"particle_effects": {
				"0.0": [
					{
						"effect": "sunslash",
						"locator": "point1"
					},
					{
						"effect": "sunslash2",
						"locator": "point1"
					},
					{
						"effect": "sunslash",
						"locator": "point2"
					},
					{
						"effect": "sunslash2",
						"locator": "point2"
					}
				]
			}
		},
		"animation.sunslash3": {
			"loop": true,
			"bones": {
				"lp1": {
					"rotation": [-3.87922, "39.48138 + (variable.is_first_person ? 180 : 0)", -19.71878],
					"position": [-2, 17, 23]
				}
      },
			"particle_effects": {
				"0.0": {
					"effect": "sunslash",
					"locator": "point1"
				}
			}
		},
		"animation.sunslash2": {
			"loop": true,
			"bones": {
				"lp1": {
					"rotation": [0, "variable.is_first_person ? 180 : 0", -100],
					"position": [-2, 17, 23]
				}
      },
			"particle_effects": {
				"0.0": {
					"effect": "sunslash",
					"locator": "point1"
				}
			}
		},
		"animation.sunslash1": {
			"loop": true,
			"bones": {
				"lp1": {
					"rotation": [0, "32.5 + (variable.is_first_person ? 180 : 0)", 0],
					"position": [16, 17, 0]
				}
      },
			"particle_effects": {
				"0.0": {
					"effect": "sunslash",
					"locator": "point1"
				}
			}
		},
		"animation.waterslash1": {
			"loop": true,
			"bones": {
				"lp1": {
					"rotation": [0, "variable.is_first_person ? 180 : 0", -90]
				},
				"lp2": {
					"rotation": [-180, "variable.is_first_person ? 180 : 0", -90]
				}
      },
			"particle_effects": {
				"0.0": [
					{
						"effect": "waterslash",
						"locator": "point1"
					},
					{
						"effect": "waterslash",
						"locator": "point2"
					}
				]
			}
		}
	}
}