{
	"format_version": "1.8.0",
	"animations": {
		"animation.solar_flare_hold": {
			"loop": "hold_on_last_frame",
			"animation_length": 0.5,
			"override_previous_animation": true,
			"bones": {
				"leftArm": {
					"rotation": {
						"0.0": [0, 0, 0],
						"0.25": [-125, 45, 0]
					},
					"position": {
						"0.0": [0, 0, 0],
						"0.25": [0, 3, 0]
					}
				},
				"rightArm": {
					"rotation": {
						"0.0": [0, 0, 0],
						"0.25": [-125, -45, 0]
					},
					"position": {
						"0.0": [0, 0, 0],
						"0.25": [0, 3, 0]
					}
				}
			}
		},
		"animation.solar_flare": {
			"loop": "hold_on_last_frame",
			"animation_length": 1.5,
			"override_previous_animation": true,
			"bones": {
				"explosion": {
					"rotation": {
						"0.0": [0, 0, 0],
						"1.5": [0, 360, 0]
					},
					"scale": {
						"0.0": [1, 1, 1],
						"1.0": [10, 10, 10],
						"1.2": [15, 15, 15],
						"1.5": [0, 0, 0]
					}
				},
				"Ex1": {
					"rotation": {
						"0.0": [0, 0, 0],
						"1.5": [-170, 360, 720]
					}
				},
				"Ex2": {
					"rotation": {
						"0.0": [0, 0, 0],
						"1.5": [270, 120, -460]
					}
				},
				"Ex3": {
					"rotation": {
						"0.0": [0, 0, 0],
						"1.5": [-360, -270, 1270]
					}
				},
				"Ex4": {
					"rotation": {
						"0.0": [0, 0, 0],
						"1.5": [-180, -260, -720]
					}
				}
			}
		}
	}
}