{
	"format_version": "1.10.0",
	"animation_controllers": {
    "controller.animation.loja_p5_1": {
      "states": {
        "default": {
          "transitions": [ { "loja_p5_1":"query.get_equipped_item_name == 'loja_p5_1' && query.is_sneaking" } ],
          "on_exit": [ "/function loja/loja_p5_1" ]
        },
        "loja_p5_1": {
          "transitions": [ {"default":"query.get_equipped_item_name == 'loja_p5_1' && !query.is_sneaking"} ],
          "on_exit": [ "" ]
			 }
		 }
        }
      }
    }