{
  "format_version": "1.8.0",
  "minecraft:entity": {
    "description": {
      "identifier": "stk:medi",
      "is_spawnable": false,
      "is_summonable": true,
      "is_experimental": false
    },
    "component_groups": {
         "despawn": {
        "minecraft:instant_despawn": {}
      }
        },
    "components": {
      "minecraft:type_family": {
        "family": [ "training"]
      },
      "minecraft:loot": {
        "table": "loot_tables/empty.json"
      },
      "minecraft:collision_box": {
        "width": 0.6,
        "height": 1.8
      },
	"minecraft:health": {
	   "value": 1,
	   "max": 1
	},
      "minecraft:can_climb": {
      },
      "minecraft:movement": {
        "value": 0.25
 
      },
      "minecraft:attack": {
        "damage": 3
      },
        "minecraft:scale": {
          "value": 1.0
        },
              "minecraft:on_death": {
        "event": "kill",
        "target": "self"
      },
      "minecraft:navigation.walk": {
        "can_path_over_water": true,
        "avoid_damage_blocks": true
      },
      "minecraft:movement.basic": {
        
      },
      "minecraft:jump.static": {
      },
      "minecraft:behavior.float": {
        "priority": 0
      },
      "minecraft:breathable": {
        "totalSupply": 15,
        "suffocateTime": -1,
        "inhaleTime": 3.75,
        "generatesBubbles": false
      },
      "minecraft:nameable": {
      },
      "minecraft:behavior.move_towards_restriction": {
        "priority": 5,
        "speed_multiplier": 1
      },
      "minecraft:behavior.melee_attack": {
        "priority": 3,
        "speed_multiplier": 1,
        "track_target": false
      },
      
      "minecraft:behavior.random_stroll": {
        "priority": 6,
        "speed_multiplier": 1
      },
      "minecraft:behavior.look_at_player": {
        "priority": 7,
        "look_distance": 6,
        "probability": 0.02
      },
      "minecraft:behavior.random_look_around": {
        "priority": 7
      },
      "minecraft:behavior.hurt_by_target": {
        "priority": 1
      },
      "minecraft:behavior.nearest_attackable_target": {
        "priority": 2,
        "within_radius": 50,
        "reselect_targets": true,
        "entity_types": [
          {
            "filters": {
              "any_of": [
                {
                  "test": "has_tag",
                  "subject": "other",
                  "operator":"==",
                  "value": "meditation"
                }
              ]
            },
            "max_dist": 50
          }
        ],
        "must_see": true,
        "must_see_forget_duration": 100
      },
      "minecraft:physics": {
      },
      "minecraft:scaffolding_climber": { }
},
	"events": {
	  "kill": {
        "queue_command": {
          "command": [
            "scoreboard players add @p[tag=meditation] xp 1"
            

            ]
        }
	  },
	  "despawn": {
	      "add": {
          "component_groups": [
            "despawn"
          ]
        }
	  }
	}
  }
}