{
  "format_version": "1.10.0",
  "minecraft:entity": {
    "description": {
      "identifier": "stk:nimbus",
      "is_spawnable": false,
      "is_summonable": true,
      "is_experimental": false,
      "scripts": {
	 "animate": ["nimbus"]
			},
			"animations": {
			    "nimbus": "controller.animation.nimbus"
			}
    
    },
    "component_groups": {
              "despawn": {
        "minecraft:instant_despawn": {}
      }
        
        
    },
    "components": {
      "minecraft:type_family": {
        "family": [
          "teste"
        ]
      },
      "minecraft:breathable": {
        "totalSupply": 240,
        "suffocateTime": 0,
        "breathesWater": true
      },
      "minecraft:collision_box": {
        "height": 1,
        "width": 1
      },
      "minecraft:fall_damage": {
        "value": 0
      },
      "minecraft:can_power_jump": {},
      "minecraft:horse.jump_strength": {
        "value": {
          "range_min": 0.6,
          "range_max": 1
        }
      },
      "minecraft:movement": {
        "value": 1,
        "max": 1
      },
      "minecraft:navigation.walk": {
        "can_path_over_water": true
      },
      "minecraft:movement.basic": {},
      "minecraft:jump.static": {},
      "minecraft:health": {
        "value": 9999,
        "max": 9999
      },
      "minecraft:fire_immune": true,
"minecraft:rideable": {
"priority": 0,
"seat_count": 1,
"crouching_skip_interact": true,
     "family_types": [
          "player"
        ],
        "seats": [
          {
            "position": [
              0,
              0.7,
              0
            ]
          }
        ],
        "pull_in_entities": false
      },
      "minecraft:input_ground_controlled": {},
      "minecraft:physics": {},
      "minecraft:scale": {
        "value": 1
      },
      "minecraft:addrider": {
        "entity_type": null
      },
      "minecraft:can_climb": {}
    },
        "events": {
      "despawn": {
        "add": {
          "component_groups": [
            "despawn"
          ]
        }
      }
    }
  }
}








































































































































































































