{
	"format_version": "1.20.30",
	"minecraft:item": {
		"description": {
			"identifier": "stk:bestialmeat",
			"menu_category": {
				"category": "nature"
			}
		},
		"components": {
			"minecraft:can_destroy_in_creative": false,
			"minecraft:food": {
				"nutrition": 2,
				"saturation_modifier": 0,
				"can_always_eat": true
			},
			"minecraft:display_name": {
        "value": "Bestial meat"
			},
			"minecraft:cooldown": {
           "category": "bmeat",
            "duration": 0
         },
			"minecraft:hand_equipped": true,
			"minecraft:icon": "bmeat",
			"minecraft:max_stack_size": 64,
			"minecraft:tags": {
				"tags": [
					"minecraft:is_tool"
				]
			}
		}
	}
}