{
  "format_version": "1.8.0",
  "minecraft:spawn_rules": {
    "description": {
      "identifier": "wesl3y:fishman",
      "population_control": "monster"
    },
    "conditions": [
      {
        "minecraft:spawns_on_surface": {},
        "minecraft:brightness_filter": {
          "min": 5,
          "max": 18,
          "adjust_for_weather": false
        },
        "minecraft:weight": {
          "default": 30
        },
        "minecraft:density_limit": {
          "surface": 5
        },
        "minecraft:herd": {
          "min_size": 0,
          "max_size": 3
        },
        "minecraft:biome_filter": {
          "any_of": [
            {"test": "has_biome_tag", "operator": "==", "value": "beach"},
            {"test": "has_biome_tag", "operator": "==", "value": "ocean"}
          ]
        }
      }
    ]
  }
}