{
  "format_version": "1.10.0",
  "particle_effect": {
    "description": {
      "identifier": "wesl3y:itadori_divergent_fist2",
      "basic_render_parameters": {
        "material": "particles_blend",
        "texture": "textures/particle/particles12"
      }
    },
    "components": {
      "minecraft:emitter_rate_instant": {
        "num_particles": 75
      },
      "minecraft:emitter_lifetime_once": {
        "active_time": 1
      },
      "minecraft:emitter_shape_disc": {
        "radius": 0.4,
        "plane_normal": [0,0,"math.cos(query.target_x_rotation)"],
        "surface_only": true,
        "direction": "outwards"
      },
      "minecraft:particle_lifetime_expression": {
        "max_lifetime": 0.5
      },
      "minecraft:particle_initial_speed": 10,
      "minecraft:particle_motion_dynamic": {
        "linear_drag_coefficient": 7
      },
      "minecraft:particle_appearance_billboard": {
        "size": [0.3, 0.6],
        "facing_camera_mode": "rotate_xyz",
        "uv": {
          "texture_width": 32,
          "texture_height": 32,
          "uv": [0, 0],
          "uv_size": [32, 32]
        }
      },
      "minecraft:particle_appearance_tinting": {
        "color": {
          "interpolant": "v.particle_age",
          "gradient": {
            "0.0": "#EDffffff",
            "0.5": "#00ffffff"
          }
        }
      }
    }
  }
}