{
  "format_version": "1.10.0",
  "particle_effect": {
    "description": {
      "identifier": "wesl3y:itadori_divergent_fist",
      "basic_render_parameters": {
        "material": "particles_add",
        "texture": "textures/particle/particles12"
      }
    },
    "components": {
      "minecraft:emitter_rate_instant": {
        "num_particles": 10
      },
      "minecraft:emitter_lifetime_once": {},
      "minecraft:emitter_shape_point": {
        "offset": ["math.random(0.2, -0.2)", "math.random(0.2, -0.2)", "math.random(0.2, -0.2)"]
      },
      "minecraft:particle_lifetime_expression": {
        "max_lifetime": 0.9
      },
      "minecraft:particle_initial_speed": 0.2,
      "minecraft:particle_motion_dynamic": {
        "linear_drag_coefficient": 1,
        "linear_acceleration": [0, 3, 0]
      },
      "minecraft:particle_appearance_billboard": {
        "size": ["0.225 - (0.02 * v.particle_age)", "0.225 - (0.02 * v.particle_age)"],
        "facing_camera_mode": "lookat_xyz",
        "uv": {
          "texture_width": 32,
          "texture_height": 32,
          "uv": [0, 0],
          "uv_size": [32, 32]
        }
      },
      "minecraft:particle_appearance_tinting": {
        "color": {
          "interpolant": "v.particle_age",
          "gradient": {
            "0.0": "#ED2BD1FF",
            "0.9": "#00145F74"
          }
        }
      }
    }
  }
}