{
  "format_version": "1.10.0",
  "particle_effect": {
    "description": {
      "identifier": "wesl3y:decay_all",
      "basic_render_parameters": {
        "material": "particles_alpha",
        "texture": "textures/particle/particles"
      }
    },
    "components": {
      "minecraft:emitter_rate_instant": {
        "num_particles": 75
      },
      "minecraft:emitter_lifetime_once": {
        "active_time": 2
      },
      "minecraft:emitter_shape_point": {
        "offset": ["Math.random(-10, 10)", 0.1, "Math.random(-10, 10)"]
      },
      "minecraft:particle_lifetime_expression": {
        "max_lifetime": 2
      },
      "minecraft:particle_initial_speed": 1,
      "minecraft:particle_motion_dynamic": {
        "linear_acceleration": [0, -9.8, 0]
      },
      "minecraft:particle_appearance_billboard": {
        "size": [0.15, 0.15],
        "facing_camera_mode": "lookat_xyz",
        "uv": {
          "texture_width": 128,
          "texture_height": 128,
          "flipbook": {
            "base_UV": [56, 0],
            "size_UV": [8, 8],
            "step_UV": [-8, 0],
            "frames_per_second": 4,
            "max_frame": 8,
            "loop": true
          }
        }
      },
      "minecraft:particle_motion_collision": {
        "collision_drag": 4,
        "collision_radius": 0.1
      },
      "minecraft:particle_appearance_tinting": {
        "color": [0.5, 0.5, 0.5, 1]
      }
    }
  }
}