{
  "format_version": "1.16.100",
  "minecraft:item": {
    "description": {
      "identifier": "mello:guy_noturno",
      "category": "items"
    },
    "components": {
      "minecraft:foil": true,
      "minecraft:icon": {
        "texture": "guy_noturno"
      },
        "minecraft:display_name": {
        "value": "Guy Noturno"
      },
      "minecraft:use_duration": 9999,
      "minecraft:max_stack_size": 1,
      "minecraft:hand_equipped": false,
      "minecraft:cooldown": {
        "category": "guy_noturno",
         "duration": 120
      },    
      "minecraft:food": {
        "can_always_eat": true
       }
    },
    "events": {}
  }
}