{
  "format_version": "1.19.70",
  "minecraft:item": {
    "description": {
      "identifier": "mello:lotus",
      "category": "items"
    },
    "components": {
      "minecraft:on_use": {
        "on_use": {
          "event": "mello",
          "target": "self"
        }
      },
      "minecraft:foil": true,
      "minecraft:icon": {
        "texture": "lotus"
      },
        "minecraft:display_name": {
        "value": "Lotus Primaria"
      },
      "minecraft:use_duration": 9999,
      "minecraft:max_stack_size": 1,
      "minecraft:hand_equipped": false,
      "minecraft:cooldown": {
        "category": "lotus",
         "duration": 30
      },    
      "minecraft:food": {
        "can_always_eat": true
       }
    },
    "events": {
      "mello": {
            "run_command": {
              "command": [
                ""
          ]
        }      
      }
    }
	}
}
