{
  "format_version": "1.16.100",
  "minecraft:item": {
    "description": {
      "identifier": "mello:tigre",
      "category": "items"
    },
    "components": {
      "minecraft:foil": true,
      "minecraft:icon": {
        "texture": "tigre"
      },
        "minecraft:display_name": {
        "value": "Tigre Do Amanhecer"
      },
      "minecraft:use_duration": 9999,
      "minecraft:max_stack_size": 1,
      "minecraft:hand_equipped": false,
      "minecraft:cooldown": {
        "category": "tigre",
         "duration": 50
      },    
      "minecraft:food": {
        "can_always_eat": true
       }
    },
    "events": {}
  }
}