{
  "format_version": "1.10.0",
  "particle_effect": {
    "description": {
      "identifier": "wesl3y:gojo_blue3",
      "basic_render_parameters": {
        "material": "particles_add",
        "texture": "textures/particle/particles9"
      }
    },
    "components": {
      "minecraft:emitter_rate_steady": {
        "spawn_rate": 10,
        "max_particles": 15
      },
      "minecraft:emitter_lifetime_once": {
        "active_time": 0.5
      },
      "minecraft:emitter_shape_point": {},
      "minecraft:particle_lifetime_expression": {
        "max_lifetime": "math.random(0.75, 1.0)"
      },
      "minecraft:particle_initial_spin": {
        "rotation_rate": "math.random(-180, 180)"
      },
      "minecraft:particle_initial_speed": 0.1,
      "minecraft:particle_motion_dynamic": {},
      "minecraft:particle_appearance_billboard": {
        "size": ["0.75 + (variable.particle_age * 5)", "0.75 + (variable.particle_age * 5)"],
		"facing_camera_mode": "direction_z",
        "uv": {
          "texture_width": 32,
          "texture_height": 32,
          "uv": [ 0, 0 ],
          "uv_size": [ 32, 32 ]
        }
      },
      "minecraft:particle_appearance_tinting": {
        "color": {
          "interpolant": "v.particle_age",
          "gradient": {
			"0.75": "#ED0336BD",
			"1.0": "#000336BD"
		  }
        }
	  }
    }
  }
}