{
  "format_version": "1.10.0",
  "particle_effect": {
    "description": {
      "identifier": "wesl3y:gojo_black_flash",
      "basic_render_parameters": {
        "material": "particles_blend",
        "texture": "textures/particle/gojo/black_flash"
      }
    },
    "components": {
      "minecraft:emitter_rate_steady": {
        "spawn_rate": 2,
        "max_particles": 8
      },
      "minecraft:emitter_lifetime_once": {
        "active_time": 1
      },
      "minecraft:emitter_shape_sphere": {
        "offset": [0, 0, 0],
        "radius": 0.5,
        "surface_only": true,
        "direction": "outwards"
      },
      "minecraft:particle_lifetime_expression": {
        "max_lifetime": "math.random(0.75, 1.0)"
      },
      "minecraft:particle_initial_speed": "math.random(2.5, 5)",
      "minecraft:particle_motion_dynamic": {
        "linear_drag_coefficient": 2.5
      },
      "minecraft:particle_appearance_billboard": {
        "size": [0.5, 1],
        "facing_camera_mode": "direction_y",
        "uv": {
          "texture_width": 384,
          "texture_height": 64,
          "flipbook": {
            "base_UV": ["Math.round(variable.particle_random_1*6)*64", 0],
            "size_UV": [64, 64],
            "step_UV": [64, 0],
			"frames_per_second": 4,
			"max_frame": 6,
			"loop": true
          }
        }
      },
      "minecraft:particle_appearance_tinting": {
        "color": {
		  "interpolant": "v.particle_age",
		  "gradient": {
            "0.75": "#FFFFFFFF",
            "1.0": "#00FFFFFF"
          }
		}
      }
    }
  }
}