{
	"format_version": "1.8.0",
	"animations": {
		"animation.deku.stop": {
			"loop": true,
			"animation_length": 0.20833,
			"bones": {
				"Corpo": {
					"rotation": [-5, -12.5, 0]
				},
				"rightBraco": {
					"rotation": [7.43656, -0.9762, 7.43656]
				},
				"leftBraco": {
					"rotation": [4.99527, -0.21782, -7.5095]
				},
				"rightPerna": {
					"rotation": [5, 7.5, 2.5]
				},
				"leftPerna": {
					"rotation": [3.48187, -7.0995, -7.87995]
				}
			}
		},
		"animation.deku.detroitsmash": {
			"loop": true,
			"animation_length": 1.33333,
			"bones": {
				"Tudo": {
					"rotation": {
						"0.0": {
							"post": [0, 0, 0],
							"lerp_mode": "catmullrom"
						},
						"0.625": {
							"post": [0, 0, 0],
							"lerp_mode": "catmullrom"
						},
						"0.6667": {
							"post": [155.65637, 63.17198, 165.68598],
							"lerp_mode": "catmullrom"
						},
						"0.75": {
							"post": [158.31254, 42.2691, 166.78198],
							"lerp_mode": "catmullrom"
						},
						"1.3333": {
							"post": [158.31, 42.27, 166.78],
							"lerp_mode": "catmullrom"
						}
					},
					"position": {
						"0.0": {
							"post": [0, 0, 0],
							"lerp_mode": "catmullrom"
						},
						"0.6667": {
							"post": [0, 0, 0],
							"lerp_mode": "catmullrom"
						},
						"0.75": {
							"post": [0, -1, -3],
							"lerp_mode": "catmullrom"
						},
						"1.3333": {
							"post": [0, -1, -3],
							"lerp_mode": "catmullrom"
						}
					},
					"scale": {
						"0.0": {
							"post": [1, 1, 1],
							"lerp_mode": "catmullrom"
						},
						"0.6667": {
							"post": [1, 1, 1],
							"lerp_mode": "catmullrom"
						},
						"1.3333": {
							"post": [1, 1, 1],
							"lerp_mode": "catmullrom"
						}
					}
				},
				"Corpo": {
					"rotation": {
						"0.0": {
							"post": [37.74148, -81.50474, -20.69961],
							"lerp_mode": "catmullrom"
						},
						"0.375": {
							"post": [178.32635, -81.76689, -162.32501],
							"lerp_mode": "catmullrom"
						},
						"0.6667": {
							"post": [178.33, -81.77, -162.33],
							"lerp_mode": "catmullrom"
						},
						"0.8333": {
							"post": [161.78917, -89.23514, -145.7735],
							"lerp_mode": "catmullrom"
						},
						"0.9167": {
							"post": [178.95544, -76.77133, -162.96596],
							"lerp_mode": "catmullrom"
						},
						"1.0833": {
							"post": [179.23584, -71.77193, -163.25699],
							"lerp_mode": "catmullrom"
						},
						"1.3333": {
							"post": [179.24, -71.77, -163.26],
							"lerp_mode": "catmullrom"
						}
					},
					"position": {
						"0.0": {
							"post": [0, -4, -1],
							"lerp_mode": "catmullrom"
						},
						"0.375": {
							"post": [0, -3, -1],
							"lerp_mode": "catmullrom"
						},
						"0.6667": {
							"post": [0, -3, -1],
							"lerp_mode": "catmullrom"
						},
						"0.875": {
							"post": [0, -3, -4],
							"lerp_mode": "catmullrom"
						},
						"1.3333": {
							"post": [0, -3, -4],
							"lerp_mode": "catmullrom"
						}
					}
				},
				"rightBraco": {
					"rotation": {
						"0.0": {
							"post": [-10, 0, 90],
							"lerp_mode": "catmullrom"
						},
						"0.375": {
							"post": [7.67995, 12.39135, 91.6575],
							"lerp_mode": "catmullrom"
						},
						"0.6667": {
							"post": [7.68, 12.39, 91.66],
							"lerp_mode": "catmullrom"
						},
						"0.875": {
							"post": [44.61838, 14.26323, 47.96451],
							"lerp_mode": "catmullrom"
						},
						"1.3333": {
							"post": [44.62, 14.26, 47.96],
							"lerp_mode": "catmullrom"
						}
					},
					"position": {
						"0.0": {
							"post": [0, 0, 3],
							"lerp_mode": "catmullrom"
						},
						"0.875": {
							"post": [0, 0, 3],
							"lerp_mode": "catmullrom"
						},
						"1.3333": {
							"post": [0, 0, 3],
							"lerp_mode": "catmullrom"
						}
					}
				},
				"leftBraco": {
					"rotation": {
						"0.0": {
							"post": [-97.29138, -22.42845, 50.73136],
							"lerp_mode": "catmullrom"
						},
						"0.375": {
							"post": [-109.81136, -40.87518, -17.70024],
							"lerp_mode": "catmullrom"
						},
						"0.6667": {
							"post": [-109.81, -40.88, -17.7],
							"lerp_mode": "catmullrom"
						},
						"0.75": {
							"post": [-65.91637, -29.99492, -92.78564],
							"lerp_mode": "catmullrom"
						},
						"1.3333": {
							"post": [-65.92, -29.99, -92.79],
							"lerp_mode": "catmullrom"
						}
					},
					"position": {
						"0.0": {
							"post": [0, -1, 4],
							"lerp_mode": "catmullrom"
						},
						"0.6667": {
							"post": [0, -1, 4],
							"lerp_mode": "catmullrom"
						},
						"0.75": {
							"post": [0, 2, -4],
							"lerp_mode": "catmullrom"
						},
						"0.8333": {
							"post": [0, 1, -2],
							"lerp_mode": "catmullrom"
						},
						"0.9167": {
							"post": [0, 2, -4],
							"lerp_mode": "catmullrom"
						},
						"1.3333": {
							"post": [0, 2, -4],
							"lerp_mode": "catmullrom"
						}
					}
				},
				"rightPerna": {
					"rotation": {
						"0.0": {
							"post": [-7.43656, 0.9762, 7.43656],
							"lerp_mode": "catmullrom"
						},
						"0.375": {
							"post": [-2.32417, 1.61888, 12.39638],
							"lerp_mode": "catmullrom"
						},
						"0.6667": {
							"post": [-2.32, 1.62, 12.4],
							"lerp_mode": "catmullrom"
						},
						"1.3333": {
							"post": [-2.32, 1.62, 12.4],
							"lerp_mode": "catmullrom"
						}
					},
					"position": {
						"0.0": {
							"post": [-1, 5, -4],
							"lerp_mode": "catmullrom"
						},
						"0.375": {
							"post": [-1, 4, -4],
							"lerp_mode": "catmullrom"
						},
						"0.6667": {
							"post": [-1, 4, -4],
							"lerp_mode": "catmullrom"
						},
						"0.875": {
							"post": [-1, 0, -2],
							"lerp_mode": "catmullrom"
						},
						"1.3333": {
							"post": [-1, 0, -2],
							"lerp_mode": "catmullrom"
						}
					}
				},
				"leftPerna": {
					"rotation": {
						"0.0": {
							"post": [-4.76968, -1.50179, -17.43745],
							"lerp_mode": "catmullrom"
						},
						"0.6667": {
							"post": [-4.77, -1.5, -17.44],
							"lerp_mode": "catmullrom"
						},
						"0.875": {
							"post": [-29.77, -1.5, -17.44],
							"lerp_mode": "catmullrom"
						},
						"1.3333": {
							"post": [-29.77, -1.5, -17.44],
							"lerp_mode": "catmullrom"
						}
					},
					"position": {
						"0.0": {
							"post": [1, 4, -2],
							"lerp_mode": "catmullrom"
						},
						"0.375": {
							"post": [2, 2, -2],
							"lerp_mode": "catmullrom"
						},
						"0.6667": {
							"post": [2, 2, -2],
							"lerp_mode": "catmullrom"
						},
						"0.875": {
							"post": [0, 4, -4],
							"lerp_mode": "catmullrom"
						},
						"1.3333": {
							"post": [0, 4, -4],
							"lerp_mode": "catmullrom"
						}
					}
				}
			}
		},
		"animation.deku.texassmash": {
			"loop": true,
			"animation_length": 3,
			"bones": {
				"Corpo": {
					"rotation": {
						"0.0": {
							"post": [7.5, 27.5, 0],
							"lerp_mode": "catmullrom"
						},
						"0.0833": {
							"post": [7.88634, 32.45508, 0.77247],
							"lerp_mode": "catmullrom"
						},
						"0.1667": {
							"post": [7.06207, -19.65923, -5.86533],
							"lerp_mode": "catmullrom"
						},
						"0.25": {
							"post": [7.85141, -32.05464, -7.66453],
							"lerp_mode": "catmullrom"
						},
						"0.3333": {
							"post": [7.5, 27.5, 0],
							"lerp_mode": "catmullrom"
						},
						"0.4167": {
							"post": [7.88634, 32.45508, 0.77247],
							"lerp_mode": "catmullrom"
						},
						"0.5": {
							"post": [7.06207, -19.65923, -5.86533],
							"lerp_mode": "catmullrom"
						},
						"0.5833": {
							"post": [7.85141, -32.05464, -7.66453],
							"lerp_mode": "catmullrom"
						},
						"0.6667": {
							"post": [7.5, 27.5, 0],
							"lerp_mode": "catmullrom"
						},
						"0.75": {
							"post": [7.88634, 32.45508, 0.77247],
							"lerp_mode": "catmullrom"
						},
						"0.8333": {
							"post": [7.06207, -19.65923, -5.86533],
							"lerp_mode": "catmullrom"
						},
						"0.9167": {
							"post": [7.85141, -32.05464, -7.66453],
							"lerp_mode": "catmullrom"
						},
						"1.0": {
							"post": [7.5, 27.5, 0],
							"lerp_mode": "catmullrom"
						},
						"1.0833": {
							"post": [7.06207, -19.65923, -5.86533],
							"lerp_mode": "catmullrom"
						},
						"1.1667": {
							"post": [7.5, 27.5, 0],
							"lerp_mode": "catmullrom"
						},
						"1.25": {
							"post": [7.06207, -19.65923, -5.86533],
							"lerp_mode": "catmullrom"
						},
						"1.3333": {
							"post": [7.5, 27.5, 0],
							"lerp_mode": "catmullrom"
						},
						"1.4167": {
							"post": [7.06207, -19.65923, -5.86533],
							"lerp_mode": "catmullrom"
						},
						"1.5": {
							"post": [7.5, 27.5, 0],
							"lerp_mode": "catmullrom"
						},
						"1.5833": {
							"post": [7.06207, -19.65923, -5.86533],
							"lerp_mode": "catmullrom"
						},
						"1.6667": {
							"post": [7.5, 27.5, 0],
							"lerp_mode": "catmullrom"
						},
						"1.75": {
							"post": [7.06207, -19.65923, -5.86533],
							"lerp_mode": "catmullrom"
						},
						"1.8333": {
							"post": [7.5, 27.5, 0],
							"lerp_mode": "catmullrom"
						},
						"1.9167": {
							"post": [7.06207, -19.65923, -5.86533],
							"lerp_mode": "catmullrom"
						},
						"2.0": {
							"post": [7.5, 27.5, 0],
							"lerp_mode": "catmullrom"
						},
						"2.0833": {
							"post": [7.06207, -19.65923, -5.86533],
							"lerp_mode": "catmullrom"
						},
						"2.1667": {
							"post": [7.5, 27.5, 0],
							"lerp_mode": "catmullrom"
						},
						"2.25": {
							"post": [7.06207, -19.65923, -5.86533],
							"lerp_mode": "catmullrom"
						},
						"2.3333": {
							"post": [7.5, 27.5, 0],
							"lerp_mode": "catmullrom"
						},
						"2.4167": {
							"post": [7.06207, -19.65923, -5.86533],
							"lerp_mode": "catmullrom"
						},
						"2.5": {
							"post": [7.5, 27.5, 0],
							"lerp_mode": "catmullrom"
						},
						"2.5833": {
							"post": [7.06207, -19.65923, -5.86533],
							"lerp_mode": "catmullrom"
						},
						"2.6667": {
							"post": [7.5, 27.5, 0],
							"lerp_mode": "catmullrom"
						},
						"2.75": {
							"post": [7.06207, -19.65923, -5.86533],
							"lerp_mode": "catmullrom"
						},
						"2.8333": {
							"post": [7.5, 27.5, 0],
							"lerp_mode": "catmullrom"
						},
						"2.9167": {
							"post": [7.06207, -19.65923, -5.86533],
							"lerp_mode": "catmullrom"
						},
						"3.0": {
							"post": [7.5, 27.5, 0],
							"lerp_mode": "catmullrom"
						}
					}
				},
				"rightBraco": {
					"rotation": {
						"0.0": {
							"post": [-112.10349, 45.69146, 4.89698],
							"lerp_mode": "catmullrom"
						},
						"0.0833": {
							"post": [-66.04905, 50.4258, 66.51235],
							"lerp_mode": "catmullrom"
						},
						"0.1667": {
							"post": [-74.1076, 4.20637, 85.45549],
							"lerp_mode": "catmullrom"
						},
						"0.25": {
							"post": [-56.6076, 4.20637, 85.45549],
							"lerp_mode": "catmullrom"
						},
						"0.3333": {
							"post": [-112.10349, 45.69146, 4.89698],
							"lerp_mode": "catmullrom"
						},
						"0.4167": {
							"post": [-66.04905, 50.4258, 66.51235],
							"lerp_mode": "catmullrom"
						},
						"0.5": {
							"post": [-74.1076, 4.20637, 85.45549],
							"lerp_mode": "catmullrom"
						},
						"0.5833": {
							"post": [-56.6076, 4.20637, 85.45549],
							"lerp_mode": "catmullrom"
						},
						"0.6667": {
							"post": [-112.10349, 45.69146, 4.89698],
							"lerp_mode": "catmullrom"
						},
						"0.75": {
							"post": [-66.04905, 50.4258, 66.51235],
							"lerp_mode": "catmullrom"
						},
						"0.8333": {
							"post": [-74.1076, 4.20637, 85.45549],
							"lerp_mode": "catmullrom"
						},
						"0.9167": {
							"post": [-56.6076, 4.20637, 85.45549],
							"lerp_mode": "catmullrom"
						},
						"1.0": {
							"post": [-112.10349, 45.69146, 4.89698],
							"lerp_mode": "catmullrom"
						},
						"1.0833": {
							"post": [-74.1076, 4.20637, 85.45549],
							"lerp_mode": "catmullrom"
						},
						"1.1667": {
							"post": [-112.10349, 45.69146, 4.89698],
							"lerp_mode": "catmullrom"
						},
						"1.25": {
							"post": [-74.1076, 4.20637, 85.45549],
							"lerp_mode": "catmullrom"
						},
						"1.3333": {
							"post": [-112.10349, 45.69146, 4.89698],
							"lerp_mode": "catmullrom"
						},
						"1.4167": {
							"post": [-74.1076, 4.20637, 85.45549],
							"lerp_mode": "catmullrom"
						},
						"1.5": {
							"post": [-112.10349, 45.69146, 4.89698],
							"lerp_mode": "catmullrom"
						},
						"1.5833": {
							"post": [-74.1076, 4.20637, 85.45549],
							"lerp_mode": "catmullrom"
						},
						"1.6667": {
							"post": [-112.10349, 45.69146, 4.89698],
							"lerp_mode": "catmullrom"
						},
						"1.75": {
							"post": [-74.1076, 4.20637, 85.45549],
							"lerp_mode": "catmullrom"
						},
						"1.8333": {
							"post": [-112.10349, 45.69146, 4.89698],
							"lerp_mode": "catmullrom"
						},
						"1.9167": {
							"post": [-74.1076, 4.20637, 85.45549],
							"lerp_mode": "catmullrom"
						},
						"2.0": {
							"post": [-112.10349, 45.69146, 4.89698],
							"lerp_mode": "catmullrom"
						},
						"2.0833": {
							"post": [-74.1076, 4.20637, 85.45549],
							"lerp_mode": "catmullrom"
						},
						"2.1667": {
							"post": [-112.10349, 45.69146, 4.89698],
							"lerp_mode": "catmullrom"
						},
						"2.25": {
							"post": [-74.1076, 4.20637, 85.45549],
							"lerp_mode": "catmullrom"
						},
						"2.3333": {
							"post": [-112.10349, 45.69146, 4.89698],
							"lerp_mode": "catmullrom"
						},
						"2.4167": {
							"post": [-74.1076, 4.20637, 85.45549],
							"lerp_mode": "catmullrom"
						},
						"2.5": {
							"post": [-112.10349, 45.69146, 4.89698],
							"lerp_mode": "catmullrom"
						},
						"2.5833": {
							"post": [-74.1076, 4.20637, 85.45549],
							"lerp_mode": "catmullrom"
						},
						"2.6667": {
							"post": [-112.10349, 45.69146, 4.89698],
							"lerp_mode": "catmullrom"
						},
						"2.75": {
							"post": [-74.1076, 4.20637, 85.45549],
							"lerp_mode": "catmullrom"
						},
						"2.8333": {
							"post": [-112.10349, 45.69146, 4.89698],
							"lerp_mode": "catmullrom"
						},
						"2.9167": {
							"post": [-74.1076, 4.20637, 85.45549],
							"lerp_mode": "catmullrom"
						},
						"3.0": {
							"post": [-112.10349, 45.69146, 4.89698],
							"lerp_mode": "catmullrom"
						}
					},
					"position": {
						"0.0": {
							"post": [3, -1, 5],
							"lerp_mode": "catmullrom"
						},
						"0.0833": {
							"post": [3, -1, 5],
							"lerp_mode": "catmullrom"
						},
						"0.1667": {
							"post": [1, 0, -4],
							"lerp_mode": "catmullrom"
						},
						"0.25": {
							"post": [1, 0, -4],
							"lerp_mode": "catmullrom"
						},
						"0.3333": {
							"post": [3, -1, 5],
							"lerp_mode": "catmullrom"
						},
						"0.4167": {
							"post": [3, -1, 5],
							"lerp_mode": "catmullrom"
						},
						"0.5": {
							"post": [1, 0, -4],
							"lerp_mode": "catmullrom"
						},
						"0.5833": {
							"post": [1, 0, -4],
							"lerp_mode": "catmullrom"
						},
						"0.6667": {
							"post": [3, -1, 5],
							"lerp_mode": "catmullrom"
						},
						"0.75": {
							"post": [3, -1, 5],
							"lerp_mode": "catmullrom"
						},
						"0.8333": {
							"post": [1, 0, -4],
							"lerp_mode": "catmullrom"
						},
						"0.9167": {
							"post": [1, 0, -4],
							"lerp_mode": "catmullrom"
						},
						"1.0": {
							"post": [3, -1, 5],
							"lerp_mode": "catmullrom"
						},
						"1.0833": {
							"post": [1, 0, -4],
							"lerp_mode": "catmullrom"
						},
						"1.1667": {
							"post": [3, -1, 5],
							"lerp_mode": "catmullrom"
						},
						"1.25": {
							"post": [1, 0, -4],
							"lerp_mode": "catmullrom"
						},
						"1.3333": {
							"post": [3, -1, 5],
							"lerp_mode": "catmullrom"
						},
						"1.4167": {
							"post": [1, 0, -4],
							"lerp_mode": "catmullrom"
						},
						"1.5": {
							"post": [3, -1, 5],
							"lerp_mode": "catmullrom"
						},
						"1.5833": {
							"post": [1, 0, -4],
							"lerp_mode": "catmullrom"
						},
						"1.6667": {
							"post": [3, -1, 5],
							"lerp_mode": "catmullrom"
						},
						"1.75": {
							"post": [1, 0, -4],
							"lerp_mode": "catmullrom"
						},
						"1.8333": {
							"post": [3, -1, 5],
							"lerp_mode": "catmullrom"
						},
						"1.9167": {
							"post": [1, 0, -4],
							"lerp_mode": "catmullrom"
						},
						"2.0": {
							"post": [3, -1, 5],
							"lerp_mode": "catmullrom"
						},
						"2.0833": {
							"post": [1, 0, -4],
							"lerp_mode": "catmullrom"
						},
						"2.1667": {
							"post": [3, -1, 5],
							"lerp_mode": "catmullrom"
						},
						"2.25": {
							"post": [1, 0, -4],
							"lerp_mode": "catmullrom"
						},
						"2.3333": {
							"post": [3, -1, 5],
							"lerp_mode": "catmullrom"
						},
						"2.4167": {
							"post": [1, 0, -4],
							"lerp_mode": "catmullrom"
						},
						"2.5": {
							"post": [3, -1, 5],
							"lerp_mode": "catmullrom"
						},
						"2.5833": {
							"post": [1, 0, -4],
							"lerp_mode": "catmullrom"
						},
						"2.6667": {
							"post": [3, -1, 5],
							"lerp_mode": "catmullrom"
						},
						"2.75": {
							"post": [1, 0, -4],
							"lerp_mode": "catmullrom"
						},
						"2.8333": {
							"post": [3, -1, 5],
							"lerp_mode": "catmullrom"
						},
						"2.9167": {
							"post": [1, 0, -4],
							"lerp_mode": "catmullrom"
						},
						"3.0": {
							"post": [3, -1, 5],
							"lerp_mode": "catmullrom"
						}
					}
				},
				"leftBraco": {
					"rotation": {
						"0.0": {
							"post": [-67.77676, -7.0936, -81.88144],
							"lerp_mode": "catmullrom"
						},
						"0.0833": {
							"post": [-62.77676, -7.0936, -81.88144],
							"lerp_mode": "catmullrom"
						},
						"0.1667": {
							"post": [-122.11889, -46.23881, -6.42746],
							"lerp_mode": "catmullrom"
						},
						"0.25": {
							"post": [-84.07976, -53.37341, -60.94225],
							"lerp_mode": "catmullrom"
						},
						"0.3333": {
							"post": [-67.77676, -7.0936, -81.88144],
							"lerp_mode": "catmullrom"
						},
						"0.4167": {
							"post": [-62.77676, -7.0936, -81.88144],
							"lerp_mode": "catmullrom"
						},
						"0.5": {
							"post": [-122.11889, -46.23881, -6.42746],
							"lerp_mode": "catmullrom"
						},
						"0.5833": {
							"post": [-84.07976, -53.37341, -60.94225],
							"lerp_mode": "catmullrom"
						},
						"0.6667": {
							"post": [-67.77676, -7.0936, -81.88144],
							"lerp_mode": "catmullrom"
						},
						"0.75": {
							"post": [-62.77676, -7.0936, -81.88144],
							"lerp_mode": "catmullrom"
						},
						"0.8333": {
							"post": [-122.11889, -46.23881, -6.42746],
							"lerp_mode": "catmullrom"
						},
						"0.9167": {
							"post": [-84.07976, -53.37341, -60.94225],
							"lerp_mode": "catmullrom"
						},
						"1.0": {
							"post": [-67.77676, -7.0936, -81.88144],
							"lerp_mode": "catmullrom"
						},
						"1.0833": {
							"post": [-122.11889, -46.23881, -6.42746],
							"lerp_mode": "catmullrom"
						},
						"1.1667": {
							"post": [-67.77676, -7.0936, -81.88144],
							"lerp_mode": "catmullrom"
						},
						"1.25": {
							"post": [-122.11889, -46.23881, -6.42746],
							"lerp_mode": "catmullrom"
						},
						"1.3333": {
							"post": [-67.77676, -7.0936, -81.88144],
							"lerp_mode": "catmullrom"
						},
						"1.4167": {
							"post": [-122.11889, -46.23881, -6.42746],
							"lerp_mode": "catmullrom"
						},
						"1.5": {
							"post": [-67.77676, -7.0936, -81.88144],
							"lerp_mode": "catmullrom"
						},
						"1.5833": {
							"post": [-122.11889, -46.23881, -6.42746],
							"lerp_mode": "catmullrom"
						},
						"1.6667": {
							"post": [-67.77676, -7.0936, -81.88144],
							"lerp_mode": "catmullrom"
						},
						"1.75": {
							"post": [-122.11889, -46.23881, -6.42746],
							"lerp_mode": "catmullrom"
						},
						"1.8333": {
							"post": [-67.77676, -7.0936, -81.88144],
							"lerp_mode": "catmullrom"
						},
						"1.9167": {
							"post": [-122.11889, -46.23881, -6.42746],
							"lerp_mode": "catmullrom"
						},
						"2.0": {
							"post": [-67.77676, -7.0936, -81.88144],
							"lerp_mode": "catmullrom"
						},
						"2.0833": {
							"post": [-122.11889, -46.23881, -6.42746],
							"lerp_mode": "catmullrom"
						},
						"2.1667": {
							"post": [-67.77676, -7.0936, -81.88144],
							"lerp_mode": "catmullrom"
						},
						"2.25": {
							"post": [-122.11889, -46.23881, -6.42746],
							"lerp_mode": "catmullrom"
						},
						"2.3333": {
							"post": [-67.77676, -7.0936, -81.88144],
							"lerp_mode": "catmullrom"
						},
						"2.4167": {
							"post": [-122.11889, -46.23881, -6.42746],
							"lerp_mode": "catmullrom"
						},
						"2.5": {
							"post": [-67.77676, -7.0936, -81.88144],
							"lerp_mode": "catmullrom"
						},
						"2.5833": {
							"post": [-122.11889, -46.23881, -6.42746],
							"lerp_mode": "catmullrom"
						},
						"2.6667": {
							"post": [-67.77676, -7.0936, -81.88144],
							"lerp_mode": "catmullrom"
						},
						"2.75": {
							"post": [-122.11889, -46.23881, -6.42746],
							"lerp_mode": "catmullrom"
						},
						"2.8333": {
							"post": [-67.77676, -7.0936, -81.88144],
							"lerp_mode": "catmullrom"
						},
						"2.9167": {
							"post": [-122.11889, -46.23881, -6.42746],
							"lerp_mode": "catmullrom"
						},
						"3.0": {
							"post": [-67.77676, -7.0936, -81.88144],
							"lerp_mode": "catmullrom"
						}
					},
					"position": {
						"0.0": {
							"post": [1, -1, -2],
							"lerp_mode": "catmullrom"
						},
						"0.0833": {
							"post": [1, -1, -2],
							"lerp_mode": "catmullrom"
						},
						"0.1667": {
							"post": [-2, -1, 4],
							"lerp_mode": "catmullrom"
						},
						"0.25": {
							"post": [-2, -1, 4],
							"lerp_mode": "catmullrom"
						},
						"0.3333": {
							"post": [1, -1, -2],
							"lerp_mode": "catmullrom"
						},
						"0.4167": {
							"post": [1, -1, -2],
							"lerp_mode": "catmullrom"
						},
						"0.5": {
							"post": [-2, -1, 4],
							"lerp_mode": "catmullrom"
						},
						"0.5833": {
							"post": [-2, -1, 4],
							"lerp_mode": "catmullrom"
						},
						"0.6667": {
							"post": [1, -1, -2],
							"lerp_mode": "catmullrom"
						},
						"0.75": {
							"post": [1, -1, -2],
							"lerp_mode": "catmullrom"
						},
						"0.8333": {
							"post": [-2, -1, 4],
							"lerp_mode": "catmullrom"
						},
						"0.9167": {
							"post": [-2, -1, 4],
							"lerp_mode": "catmullrom"
						},
						"1.0": {
							"post": [1, -1, -2],
							"lerp_mode": "catmullrom"
						},
						"1.0833": {
							"post": [-2, -1, 4],
							"lerp_mode": "catmullrom"
						},
						"1.1667": {
							"post": [1, -1, -2],
							"lerp_mode": "catmullrom"
						},
						"1.25": {
							"post": [-2, -1, 4],
							"lerp_mode": "catmullrom"
						},
						"1.3333": {
							"post": [1, -1, -2],
							"lerp_mode": "catmullrom"
						},
						"1.4167": {
							"post": [-2, -1, 4],
							"lerp_mode": "catmullrom"
						},
						"1.5": {
							"post": [1, -1, -2],
							"lerp_mode": "catmullrom"
						},
						"1.5833": {
							"post": [-2, -1, 4],
							"lerp_mode": "catmullrom"
						},
						"1.6667": {
							"post": [1, -1, -2],
							"lerp_mode": "catmullrom"
						},
						"1.75": {
							"post": [-2, -1, 4],
							"lerp_mode": "catmullrom"
						},
						"1.8333": {
							"post": [1, -1, -2],
							"lerp_mode": "catmullrom"
						},
						"1.9167": {
							"post": [-2, -1, 4],
							"lerp_mode": "catmullrom"
						},
						"2.0": {
							"post": [1, -1, -2],
							"lerp_mode": "catmullrom"
						},
						"2.0833": {
							"post": [-2, -1, 4],
							"lerp_mode": "catmullrom"
						},
						"2.1667": {
							"post": [1, -1, -2],
							"lerp_mode": "catmullrom"
						},
						"2.25": {
							"post": [-2, -1, 4],
							"lerp_mode": "catmullrom"
						},
						"2.3333": {
							"post": [1, -1, -2],
							"lerp_mode": "catmullrom"
						},
						"2.4167": {
							"post": [-2, -1, 4],
							"lerp_mode": "catmullrom"
						},
						"2.5": {
							"post": [1, -1, -2],
							"lerp_mode": "catmullrom"
						},
						"2.5833": {
							"post": [-2, -1, 4],
							"lerp_mode": "catmullrom"
						},
						"2.6667": {
							"post": [1, -1, -2],
							"lerp_mode": "catmullrom"
						},
						"2.75": {
							"post": [-2, -1, 4],
							"lerp_mode": "catmullrom"
						},
						"2.8333": {
							"post": [1, -1, -2],
							"lerp_mode": "catmullrom"
						},
						"2.9167": {
							"post": [-2, -1, 4],
							"lerp_mode": "catmullrom"
						},
						"3.0": {
							"post": [1, -1, -2],
							"lerp_mode": "catmullrom"
						}
					}
				}
			}
		},
		"animation.deku.texasfinish": {
			"loop": true,
			"animation_length": 0.83333,
			"bones": {
				"Corpo": {
					"rotation": {
						"0.0": {
							"post": [7.5, 27.5, 0],
							"lerp_mode": "catmullrom"
						},
						"0.125": {
							"post": [-27.0797, 48.20838, -11.32651],
							"lerp_mode": "catmullrom"
						},
						"0.3333": {
							"post": [-27.08, 48.21, -11.33],
							"lerp_mode": "catmullrom"
						},
						"0.4167": {
							"post": [19.74745, -55.83456, 9.9525],
							"lerp_mode": "catmullrom"
						},
						"0.5417": {
							"post": [32.62633, -69.39466, -4.43528],
							"lerp_mode": "catmullrom"
						},
						"0.8333": {
							"post": [32.63, -69.39, -4.44],
							"lerp_mode": "catmullrom"
						}
					},
					"position": {
						"0.0": {
							"post": [0, 0, 2],
							"lerp_mode": "catmullrom"
						},
						"0.125": {
							"post": [0, 0, 7],
							"lerp_mode": "catmullrom"
						},
						"0.3333": {
							"post": [0, 0, 7],
							"lerp_mode": "catmullrom"
						},
						"0.4167": {
							"post": [4, 0, -2],
							"lerp_mode": "catmullrom"
						},
						"0.8333": {
							"post": [4, 0, -2],
							"lerp_mode": "catmullrom"
						}
					}
				},
				"rightBraco": {
					"rotation": {
						"0.0": {
							"post": [-112.10349, 45.69146, 4.89698],
							"lerp_mode": "catmullrom"
						},
						"0.125": {
							"post": [-49.51166, 51.16075, 77.2272],
							"lerp_mode": "catmullrom"
						},
						"0.3333": {
							"post": [-49.51, 51.16, 77.23],
							"lerp_mode": "catmullrom"
						},
						"0.4167": {
							"post": [-93.95789, -10.89008, 14.71173],
							"lerp_mode": "catmullrom"
						},
						"0.5417": {
							"post": [-103.8188, -50.19596, 23.70664],
							"lerp_mode": "catmullrom"
						},
						"0.8333": {
							"post": [-103.82, -50.2, 23.71],
							"lerp_mode": "catmullrom"
						}
					},
					"position": {
						"0.0": {
							"post": [3, -1, 5],
							"lerp_mode": "catmullrom"
						},
						"0.3333": {
							"post": [3, -1, 5],
							"lerp_mode": "catmullrom"
						},
						"0.4167": {
							"post": [1, 1, -3],
							"lerp_mode": "catmullrom"
						},
						"0.5417": {
							"post": [1, 1, -5],
							"lerp_mode": "catmullrom"
						},
						"0.8333": {
							"post": [1, 1, -5],
							"lerp_mode": "catmullrom"
						}
					}
				},
				"leftBraco": {
					"rotation": {
						"0.0": {
							"post": [-67.77676, -7.0936, -81.88144],
							"lerp_mode": "catmullrom"
						},
						"0.125": {
							"post": [-43.15653, 19.70958, -80.81556],
							"lerp_mode": "catmullrom"
						},
						"0.3333": {
							"post": [-43.16, 19.71, -80.82],
							"lerp_mode": "catmullrom"
						},
						"0.4167": {
							"post": [54.34, 19.71, -80.82],
							"lerp_mode": "catmullrom"
						},
						"0.8333": {
							"post": [54.34, 19.71, -80.82],
							"lerp_mode": "catmullrom"
						}
					},
					"position": {
						"0.0": {
							"post": [1, -1, -2],
							"lerp_mode": "catmullrom"
						},
						"0.3333": {
							"post": [1, -1, -2],
							"lerp_mode": "catmullrom"
						},
						"0.4167": {
							"post": [1, -1, 3],
							"lerp_mode": "catmullrom"
						},
						"0.8333": {
							"post": [1, -1, 3],
							"lerp_mode": "catmullrom"
						}
					}
				},
				"rightPerna": {
					"rotation": {
						"0.0": {
							"post": [-2.5, 0, 0],
							"lerp_mode": "catmullrom"
						},
						"0.1667": {
							"post": [30, 0, 0],
							"lerp_mode": "catmullrom"
						},
						"0.4583": {
							"post": [-65, 0, 0],
							"lerp_mode": "catmullrom"
						},
						"0.8333": {
							"post": [-65, 0, 0],
							"lerp_mode": "catmullrom"
						}
					},
					"position": {
						"0.0": {
							"post": [0, 0, -1],
							"lerp_mode": "catmullrom"
						},
						"0.375": {
							"post": [0, 0, -1],
							"lerp_mode": "catmullrom"
						},
						"0.4583": {
							"post": [0, 0, -3],
							"lerp_mode": "catmullrom"
						},
						"0.8333": {
							"post": [0, 0, -3],
							"lerp_mode": "catmullrom"
						}
					}
				},
				"leftPerna": {
					"rotation": {
						"0.0": {
							"post": [0, 0, 0],
							"lerp_mode": "catmullrom"
						},
						"0.1667": {
							"post": [17.5, 0, 0],
							"lerp_mode": "catmullrom"
						},
						"0.4583": {
							"post": [25, 0, 0],
							"lerp_mode": "catmullrom"
						},
						"0.8333": {
							"post": [25, 0, 0],
							"lerp_mode": "catmullrom"
						}
					},
					"position": {
						"0.0": {
							"post": [0, 0, 0],
							"lerp_mode": "catmullrom"
						},
						"0.1667": {
							"post": [0, 5, -4],
							"lerp_mode": "catmullrom"
						},
						"0.375": {
							"post": [0, 5, -4],
							"lerp_mode": "catmullrom"
						},
						"0.4583": {
							"post": [0, -1, 0],
							"lerp_mode": "catmullrom"
						},
						"0.8333": {
							"post": [0, -1, 0],
							"lerp_mode": "catmullrom"
						}
					},
					"scale": {
						"0.0": {
							"post": [1, 1, 1],
							"lerp_mode": "catmullrom"
						},
						"0.8333": {
							"post": [1, 1, 1],
							"lerp_mode": "catmullrom"
						}
					}
				}
			}
		},
		"animation.deku.delawaresmash": {
			"loop": true,
			"animation_length": 0.875,
			"bones": {
				"Corpo": {
					"rotation": {
						"0.0": {
							"post": [5, 0, 0],
							"lerp_mode": "catmullrom"
						},
						"0.1667": {
							"post": [15, 0, 0],
							"lerp_mode": "catmullrom"
						},
						"0.3333": {
							"post": [15, 0, 0],
							"lerp_mode": "catmullrom"
						},
						"0.4167": {
							"post": [-17.5, 0, 0],
							"lerp_mode": "catmullrom"
						},
						"0.7083": {
							"post": [-7.5, 0, 0],
							"lerp_mode": "catmullrom"
						},
						"0.875": {
							"post": [-7.5, 0, 0],
							"lerp_mode": "catmullrom"
						}
					},
					"position": {
						"0.0": {
							"post": [0, -2, 0],
							"lerp_mode": "catmullrom"
						},
						"0.1667": {
							"post": [0, -2, -6],
							"lerp_mode": "catmullrom"
						},
						"0.3333": {
							"post": [0, -2, -6],
							"lerp_mode": "catmullrom"
						},
						"0.4167": {
							"post": [0, -4, 5],
							"lerp_mode": "catmullrom"
						},
						"0.7083": {
							"post": [0, -4, 1],
							"lerp_mode": "catmullrom"
						},
						"0.875": {
							"post": [0, -4, 1],
							"lerp_mode": "catmullrom"
						}
					}
				},
				"rightBraco": {
					"rotation": {
						"0.0": {
							"post": [-92.5, 0, 0],
							"lerp_mode": "catmullrom"
						},
						"0.1667": {
							"post": [-102.5, 0, 0],
							"lerp_mode": "catmullrom"
						},
						"0.3333": {
							"post": [-102.5, 0, 0],
							"lerp_mode": "catmullrom"
						},
						"0.4167": {
							"post": [-155.75231, -6.27967, 13.64973],
							"lerp_mode": "catmullrom"
						},
						"0.7083": {
							"post": [-103.25231, -6.27967, 13.64973],
							"lerp_mode": "catmullrom"
						},
						"0.875": {
							"post": [-103.25, -6.28, 13.65],
							"lerp_mode": "catmullrom"
						}
					},
					"position": {
						"0.0": {
							"post": [0, 2, -4],
							"lerp_mode": "catmullrom"
						},
						"0.3333": {
							"post": [0, 2, -4],
							"lerp_mode": "catmullrom"
						},
						"0.4167": {
							"post": [0, 4, -2],
							"lerp_mode": "catmullrom"
						},
						"0.7083": {
							"post": [0, 1, -2],
							"lerp_mode": "catmullrom"
						},
						"0.875": {
							"post": [0, 1, -2],
							"lerp_mode": "catmullrom"
						}
					}
				},
				"leftBraco": {
					"rotation": {
						"0.0": {
							"post": [-130.24986, 2.21116, -79.77995],
							"lerp_mode": "catmullrom"
						},
						"0.1667": {
							"post": [-130.43158, -5.41904, -73.30888],
							"lerp_mode": "catmullrom"
						},
						"0.3333": {
							"post": [-130.43, -5.42, -73.31],
							"lerp_mode": "catmullrom"
						},
						"0.4167": {
							"post": [-134.94422, -23.9453, -55.85925],
							"lerp_mode": "catmullrom"
						},
						"0.7083": {
							"post": [-130.21278, 0.30163, -78.16589],
							"lerp_mode": "catmullrom"
						},
						"0.875": {
							"post": [-130.21, 0.3, -78.17],
							"lerp_mode": "catmullrom"
						}
					},
					"position": {
						"0.0": {
							"post": [-3, 0, -4],
							"lerp_mode": "catmullrom"
						},
						"0.3333": {
							"post": [-3, 0, -4],
							"lerp_mode": "catmullrom"
						},
						"0.4167": {
							"post": [-2, 3, -1],
							"lerp_mode": "catmullrom"
						},
						"0.7083": {
							"post": [-2, 0, -1],
							"lerp_mode": "catmullrom"
						},
						"0.875": {
							"post": [-2, 0, -1],
							"lerp_mode": "catmullrom"
						}
					}
				},
				"rightPerna": {
					"rotation": {
						"0.0": {
							"post": [-15, 0, 0],
							"lerp_mode": "catmullrom"
						},
						"0.1667": {
							"post": [-2.5, 0, 0],
							"lerp_mode": "catmullrom"
						},
						"0.3333": {
							"post": [-2.5, 0, 0],
							"lerp_mode": "catmullrom"
						},
						"0.4167": {
							"post": [7.5, 0, 0],
							"lerp_mode": "catmullrom"
						},
						"0.875": {
							"post": [7.5, 0, 0],
							"lerp_mode": "catmullrom"
						}
					},
					"position": {
						"0.0": {
							"post": [0, 2, -4],
							"lerp_mode": "catmullrom"
						},
						"0.3333": {
							"post": [0, 2, -4],
							"lerp_mode": "catmullrom"
						},
						"0.7083": {
							"post": [0, 3, -4],
							"lerp_mode": "catmullrom"
						},
						"0.875": {
							"post": [0, 3, -4],
							"lerp_mode": "catmullrom"
						}
					}
				},
				"leftPerna": {
					"rotation": {
						"0.0": {
							"post": [20, 0, 0],
							"lerp_mode": "catmullrom"
						},
						"0.3333": {
							"post": [20, 0, 0],
							"lerp_mode": "catmullrom"
						},
						"0.4167": {
							"post": [67.5, 0, 0],
							"lerp_mode": "catmullrom"
						},
						"0.7083": {
							"post": [50, 0, 0],
							"lerp_mode": "catmullrom"
						},
						"0.875": {
							"post": [50, 0, 0],
							"lerp_mode": "catmullrom"
						}
					},
					"position": {
						"0.0": {
							"post": [0, 0, 1],
							"lerp_mode": "catmullrom"
						},
						"0.1667": {
							"post": [0, 0, 1],
							"lerp_mode": "catmullrom"
						},
						"0.3333": {
							"post": [0, 0, 1],
							"lerp_mode": "catmullrom"
						},
						"0.875": {
							"post": [0, 0, 1],
							"lerp_mode": "catmullrom"
						}
					}
				}
			}
		},
		"animation.deku.manchestersmash": {
			"loop": true,
			"animation_length": 0.95833,
			"bones": {
				"Corpo": {
					"rotation": {
						"0.0": {
							"post": [32.5, 0, 0],
							"lerp_mode": "catmullrom"
						},
						"0.2917": {
							"post": [287.5, 0, 0],
							"lerp_mode": "catmullrom"
						},
						"0.4583": {
							"post": [287.43341, -0.88338, -5.51871],
							"lerp_mode": "catmullrom"
						},
						"0.5417": {
							"post": [400, 0, 0],
							"lerp_mode": "catmullrom"
						},
						"0.625": {
							"post": [400.1076, -3.82821, -3.21873],
							"lerp_mode": "catmullrom"
						},
						"0.7083": {
							"post": [400.1076, 3.82821, 3.21873],
							"lerp_mode": "catmullrom"
						},
						"0.7917": {
							"post": [400, 0, 0],
							"lerp_mode": "catmullrom"
						},
						"0.9583": {
							"post": [400, 0, 0],
							"lerp_mode": "catmullrom"
						}
					},
					"position": {
						"0.0": {
							"post": [0, -3, -3],
							"lerp_mode": "catmullrom"
						},
						"0.0833": {
							"post": [0, -12, -3],
							"lerp_mode": "catmullrom"
						},
						"0.2917": {
							"post": [0, -3, 7],
							"lerp_mode": "catmullrom"
						},
						"0.4583": {
							"post": [0, -3, 7],
							"lerp_mode": "catmullrom"
						},
						"0.5417": {
							"post": [0, -8, -2],
							"lerp_mode": "catmullrom"
						},
						"0.9583": {
							"post": [0, -8, -2],
							"lerp_mode": "catmullrom"
						}
					}
				},
				"rightBraco": {
					"rotation": {
						"0.0": {
							"post": [-137.98144, 31.56494, -4.89456],
							"lerp_mode": "catmullrom"
						},
						"0.4583": {
							"post": [-137.98, 31.56, -4.89],
							"lerp_mode": "catmullrom"
						},
						"0.625": {
							"post": [-115.48, 31.56, -4.89],
							"lerp_mode": "catmullrom"
						},
						"0.7083": {
							"post": [-127.98, 31.56, -4.89],
							"lerp_mode": "catmullrom"
						},
						"0.9583": {
							"post": [-127.98, 31.56, -4.89],
							"lerp_mode": "catmullrom"
						}
					},
					"position": {
						"0.0": {
							"post": [0, -3, 3],
							"lerp_mode": "catmullrom"
						},
						"0.4583": {
							"post": [0, -3, 3],
							"lerp_mode": "catmullrom"
						},
						"0.9583": {
							"post": [0, -3, 3],
							"lerp_mode": "catmullrom"
						}
					}
				},
				"leftBraco": {
					"rotation": {
						"0.0": {
							"post": [-130.49961, -38.64087, -12.32767],
							"lerp_mode": "catmullrom"
						},
						"0.4583": {
							"post": [-130.5, -38.64, -12.33],
							"lerp_mode": "catmullrom"
						},
						"0.625": {
							"post": [-115.5, -38.64, -12.33],
							"lerp_mode": "catmullrom"
						},
						"0.7083": {
							"post": [-130.5, -38.64, -12.33],
							"lerp_mode": "catmullrom"
						},
						"0.9583": {
							"post": [-130.5, -38.64, -12.33],
							"lerp_mode": "catmullrom"
						}
					},
					"position": {
						"0.0": {
							"post": [0, -3, 3],
							"lerp_mode": "catmullrom"
						},
						"0.4583": {
							"post": [0, -3, 3],
							"lerp_mode": "catmullrom"
						},
						"0.9583": {
							"post": [0, -3, 3],
							"lerp_mode": "catmullrom"
						}
					}
				},
				"rightPerna": {
					"rotation": {
						"0.0": {
							"post": [-15, 0, 0],
							"lerp_mode": "catmullrom"
						},
						"0.1667": {
							"post": [70, 0, 0],
							"lerp_mode": "catmullrom"
						},
						"0.4583": {
							"post": [70, 0, 0],
							"lerp_mode": "catmullrom"
						},
						"0.5417": {
							"post": [15, 0, 0],
							"lerp_mode": "catmullrom"
						},
						"0.9583": {
							"post": [15, 0, 0],
							"lerp_mode": "catmullrom"
						}
					},
					"position": {
						"0.0": {
							"post": [0, 3, -4],
							"lerp_mode": "catmullrom"
						},
						"0.1667": {
							"post": [0, -1, 1],
							"lerp_mode": "catmullrom"
						},
						"0.4583": {
							"post": [0, -1, 1],
							"lerp_mode": "catmullrom"
						},
						"0.5417": {
							"post": [0, 1, -1],
							"lerp_mode": "catmullrom"
						},
						"0.9583": {
							"post": [0, 1, -1],
							"lerp_mode": "catmullrom"
						}
					}
				},
				"leftPerna": {
					"rotation": {
						"0.0": {
							"post": [-12.5, 0, 0],
							"lerp_mode": "catmullrom"
						},
						"0.1667": {
							"post": [-127.5, 0, 0],
							"lerp_mode": "catmullrom"
						},
						"0.4583": {
							"post": [-127.5, 0, 0],
							"lerp_mode": "catmullrom"
						},
						"0.5417": {
							"post": [-22.5, 0, 0],
							"lerp_mode": "catmullrom"
						},
						"0.625": {
							"post": [-22.32648, 2.86313, 6.93488],
							"lerp_mode": "catmullrom"
						},
						"0.7083": {
							"post": [-22.32648, -2.86313, -6.93488],
							"lerp_mode": "catmullrom"
						},
						"0.9583": {
							"post": [-22.33, -2.86, -6.93],
							"lerp_mode": "catmullrom"
						}
					},
					"position": {
						"0.0": {
							"post": [0, 0, -1],
							"lerp_mode": "catmullrom"
						},
						"0.1667": {
							"post": [0, 0, -3],
							"lerp_mode": "catmullrom"
						},
						"0.4583": {
							"post": [0, 2, -3],
							"lerp_mode": "catmullrom"
						},
						"0.5417": {
							"post": [0, 8, -3],
							"lerp_mode": "catmullrom"
						},
						"0.625": {
							"post": [1, 9, -3],
							"lerp_mode": "catmullrom"
						},
						"0.7083": {
							"post": [0, 8, -3],
							"lerp_mode": "catmullrom"
						},
						"0.9583": {
							"post": [0, 8, -3],
							"lerp_mode": "catmullrom"
						}
					}
				}
			}
		},
		"animation.deku.attack1": {
			"loop": true,
			"animation_length": 0.79167,
			"bones": {
				"Corpo": {
					"rotation": {
						"0.0": {
							"post": [-5, 35, 0],
							"lerp_mode": "catmullrom"
						},
						"0.125": {
							"post": [-5.55409, 42.46839, -0.88366],
							"lerp_mode": "catmullrom"
						},
						"0.2917": {
							"post": [-5.55, 42.47, -0.88],
							"lerp_mode": "catmullrom"
						},
						"0.375": {
							"post": [-5.76526, -44.75061, 6.93955],
							"lerp_mode": "catmullrom"
						},
						"0.6667": {
							"post": [-6.33548, -49.72286, 7.71551],
							"lerp_mode": "catmullrom"
						},
						"0.7917": {
							"post": [-6.34, -49.72, 7.72],
							"lerp_mode": "catmullrom"
						}
					}
				},
				"rightBraco": {
					"rotation": {
						"0.0": {
							"post": [-120.44565, 33.48545, -17.96717],
							"lerp_mode": "catmullrom"
						},
						"0.125": {
							"post": [-71.66741, 40.75867, 55.75341],
							"lerp_mode": "catmullrom"
						},
						"0.2917": {
							"post": [-71.67, 40.76, 55.75],
							"lerp_mode": "catmullrom"
						},
						"0.375": {
							"post": [-75.76883, 14.30694, 47.13101],
							"lerp_mode": "catmullrom"
						},
						"0.6667": {
							"post": [-63.01518, 30.56811, 53.96858],
							"lerp_mode": "catmullrom"
						},
						"0.7917": {
							"post": [-63.02, 30.57, 53.97],
							"lerp_mode": "catmullrom"
						}
					},
					"position": {
						"0.0": {
							"post": [1, 0, 5],
							"lerp_mode": "catmullrom"
						},
						"0.2917": {
							"post": [1, 0, 5],
							"lerp_mode": "catmullrom"
						},
						"0.375": {
							"post": [1, 0, -2],
							"lerp_mode": "catmullrom"
						},
						"0.7917": {
							"post": [1, 0, -2],
							"lerp_mode": "catmullrom"
						}
					}
				},
				"leftBraco": {
					"rotation": {
						"0.0": {
							"post": [-83.9281, -2.02518, -53.13815],
							"lerp_mode": "catmullrom"
						},
						"0.125": {
							"post": [-71.38339, -4.39472, -53.9365],
							"lerp_mode": "catmullrom"
						},
						"0.2917": {
							"post": [-79.75, -2.82, -53.4],
							"lerp_mode": "catmullrom"
						},
						"0.375": {
							"post": [-102.90331, -39.14905, -13.55746],
							"lerp_mode": "catmullrom"
						},
						"0.7917": {
							"post": [-102.9, -39.15, -13.56],
							"lerp_mode": "catmullrom"
						}
					},
					"position": {
						"0.0": {
							"post": [0, 0, -1],
							"lerp_mode": "catmullrom"
						},
						"0.2917": {
							"post": [0, 0, -1],
							"lerp_mode": "catmullrom"
						},
						"0.375": {
							"post": [-3, 0, 4],
							"lerp_mode": "catmullrom"
						},
						"0.7917": {
							"post": [-3, 0, 4],
							"lerp_mode": "catmullrom"
						}
					}
				}
			}
		},
		"animation.deku.attack2": {
			"loop": true,
			"animation_length": 0.66667,
			"bones": {
				"Corpo": {
					"rotation": {
						"0.0": {
							"post": [16.44709, -57.53673, 1.21442],
							"lerp_mode": "catmullrom"
						},
						"0.125": {
							"post": [22.86054, -66.97156, -6.00567],
							"lerp_mode": "catmullrom"
						},
						"0.2917": {
							"post": [22.86, -66.97, -6.01],
							"lerp_mode": "catmullrom"
						},
						"0.375": {
							"post": [17.80294, 60.19312, 30.76582],
							"lerp_mode": "catmullrom"
						},
						"0.5417": {
							"post": [21.00338, 64.91131, 34.36892],
							"lerp_mode": "catmullrom"
						},
						"0.6667": {
							"post": [21, 64.91, 34.37],
							"lerp_mode": "catmullrom"
						}
					},
					"position": {
						"0.0": {
							"post": [0, -3, 0],
							"lerp_mode": "catmullrom"
						},
						"0.2917": {
							"post": [0, -3, 0],
							"lerp_mode": "catmullrom"
						},
						"0.375": {
							"post": [0, -2, 0],
							"lerp_mode": "catmullrom"
						},
						"0.6667": {
							"post": [0, -2, 0],
							"lerp_mode": "catmullrom"
						}
					}
				},
				"rightBraco": {
					"rotation": {
						"0.0": {
							"post": [-22.5, 0, 92.5],
							"lerp_mode": "catmullrom"
						},
						"0.125": {
							"post": [-12.5, 0, 92.5],
							"lerp_mode": "catmullrom"
						},
						"0.2917": {
							"post": [-19.17, 0, 92.5],
							"lerp_mode": "catmullrom"
						},
						"0.375": {
							"post": [27.76558, 6.49823, 50.84521],
							"lerp_mode": "catmullrom"
						},
						"0.5417": {
							"post": [35.26558, 6.49823, 50.84521],
							"lerp_mode": "catmullrom"
						},
						"0.6667": {
							"post": [35.27, 6.5, 50.85],
							"lerp_mode": "catmullrom"
						}
					},
					"position": {
						"0.0": {
							"post": [0, 0, 2],
							"lerp_mode": "catmullrom"
						},
						"0.375": {
							"post": [0, 0, 2],
							"lerp_mode": "catmullrom"
						},
						"0.6667": {
							"post": [0, 0, 2],
							"lerp_mode": "catmullrom"
						}
					}
				},
				"leftBraco": {
					"rotation": {
						"0.0": {
							"post": [-50.20584, -62.60341, -52.18164],
							"lerp_mode": "catmullrom"
						},
						"0.125": {
							"post": [-134.30576, -60.39287, 39.29939],
							"lerp_mode": "catmullrom"
						},
						"0.2917": {
							"post": [-134.31, -60.39, 39.3],
							"lerp_mode": "catmullrom"
						},
						"0.375": {
							"post": [-115.19099, -0.34735, -0.89409],
							"lerp_mode": "catmullrom"
						},
						"0.5417": {
							"post": [-130.19099, -0.34735, -0.89409],
							"lerp_mode": "catmullrom"
						},
						"0.6667": {
							"post": [-130.19, -0.35, -0.89],
							"lerp_mode": "catmullrom"
						}
					},
					"position": {
						"0.0": {
							"post": [-2, 0, 4],
							"lerp_mode": "catmullrom"
						},
						"0.125": {
							"post": [-2, -2, 4],
							"lerp_mode": "catmullrom"
						},
						"0.2917": {
							"post": [-2, -2, 4],
							"lerp_mode": "catmullrom"
						},
						"0.375": {
							"post": [-2, 2, -3],
							"lerp_mode": "catmullrom"
						},
						"0.6667": {
							"post": [-2, 2, -3],
							"lerp_mode": "catmullrom"
						}
					}
				},
				"rightPerna": {
					"rotation": {
						"0.0": {
							"post": [-22.5, 0, 17.5],
							"lerp_mode": "catmullrom"
						},
						"0.2917": {
							"post": [-22.5, 0, 17.5],
							"lerp_mode": "catmullrom"
						},
						"0.375": {
							"post": [8.88927, 4.59902, -9.64233],
							"lerp_mode": "catmullrom"
						},
						"0.6667": {
							"post": [8.89, 4.6, -9.64],
							"lerp_mode": "catmullrom"
						}
					},
					"position": {
						"0.0": {
							"post": [0, 3, -3],
							"lerp_mode": "catmullrom"
						},
						"0.125": {
							"post": [-1, 3, -2],
							"lerp_mode": "catmullrom"
						},
						"0.2917": {
							"post": [-1, 3, -2],
							"lerp_mode": "catmullrom"
						},
						"0.375": {
							"post": [-1, 0, 1],
							"lerp_mode": "catmullrom"
						},
						"0.6667": {
							"post": [-1, 0, 1],
							"lerp_mode": "catmullrom"
						}
					}
				},
				"leftPerna": {
					"rotation": {
						"0.0": {
							"post": [-14.7229, -30.98645, -7.13751],
							"lerp_mode": "catmullrom"
						},
						"0.375": {
							"post": [-0.29517, -33.98826, -33.64929],
							"lerp_mode": "catmullrom"
						},
						"0.5417": {
							"post": [12.20483, -33.98826, -33.64929],
							"lerp_mode": "catmullrom"
						},
						"0.6667": {
							"post": [12.2, -33.99, -33.65],
							"lerp_mode": "catmullrom"
						}
					},
					"position": {
						"0.0": {
							"post": [1, 3, -1],
							"lerp_mode": "catmullrom"
						},
						"0.125": {
							"post": [0, 3, -2],
							"lerp_mode": "catmullrom"
						},
						"0.375": {
							"post": [0, 0, -1],
							"lerp_mode": "catmullrom"
						},
						"0.6667": {
							"post": [0, 0, -1],
							"lerp_mode": "catmullrom"
						}
					}
				}
			}
		},
		"animation.deku.attack3": {
			"loop": true,
			"animation_length": 0.625,
			"bones": {
				"Corpo": {
					"rotation": {
						"0.0": {
							"post": [17.5, 0, 0],
							"lerp_mode": "catmullrom"
						},
						"0.0833": {
							"post": [-14.50392, -3.42055, 16.38836],
							"lerp_mode": "catmullrom"
						},
						"0.25": {
							"post": [-15.22932, -17.92374, 20.29536],
							"lerp_mode": "catmullrom"
						},
						"0.375": {
							"post": [-74.33296, -75.45374, 99.65269],
							"lerp_mode": "catmullrom"
						},
						"0.5": {
							"post": [-112.72564, -74.80025, 139.2736],
							"lerp_mode": "catmullrom"
						},
						"0.625": {
							"post": [-112.73, -74.8, 139.27],
							"lerp_mode": "catmullrom"
						}
					},
					"position": {
						"0.0": {
							"post": [0, -2, 0],
							"lerp_mode": "catmullrom"
						},
						"0.0833": {
							"post": [2, 1, 0],
							"lerp_mode": "catmullrom"
						},
						"0.25": {
							"post": [2, 1, 0],
							"lerp_mode": "catmullrom"
						},
						"0.375": {
							"post": [4, -1, 0],
							"lerp_mode": "catmullrom"
						},
						"0.625": {
							"post": [4, -1, 0],
							"lerp_mode": "catmullrom"
						}
					}
				},
				"rightBraco": {
					"rotation": {
						"0.0": {
							"post": [-22.5, 0, 0],
							"lerp_mode": "catmullrom"
						},
						"0.0833": {
							"post": [-98.06, 21.08, 68.5],
							"lerp_mode": "catmullrom"
						},
						"0.25": {
							"post": [-98.06, 21.08, 68.5],
							"lerp_mode": "catmullrom"
						},
						"0.375": {
							"post": [69.44, 21.08, 68.5],
							"lerp_mode": "catmullrom"
						},
						"0.625": {
							"post": [69.44, 21.08, 68.5],
							"lerp_mode": "catmullrom"
						}
					},
					"position": {
						"0.0": {
							"post": [0, -2, 0],
							"lerp_mode": "catmullrom"
						},
						"0.0833": {
							"post": [-1, -2, -3],
							"lerp_mode": "catmullrom"
						},
						"0.25": {
							"post": [-1, -2, -3],
							"lerp_mode": "catmullrom"
						},
						"0.375": {
							"post": [-1, -2, 1],
							"lerp_mode": "catmullrom"
						},
						"0.625": {
							"post": [-1, -2, 1],
							"lerp_mode": "catmullrom"
						}
					}
				},
				"leftBraco": {
					"rotation": {
						"0.0": {
							"post": [-35, 0, 0],
							"lerp_mode": "catmullrom"
						},
						"0.0833": {
							"post": [62.07, 12.59, -26.48],
							"lerp_mode": "catmullrom"
						},
						"0.25": {
							"post": [62.07, 12.59, -26.48],
							"lerp_mode": "catmullrom"
						},
						"0.375": {
							"post": [-104.07106, 8.30248, -46.3527],
							"lerp_mode": "catmullrom"
						},
						"0.625": {
							"post": [-104.07, 8.3, -46.35],
							"lerp_mode": "catmullrom"
						}
					},
					"position": {
						"0.0": {
							"post": [0, -2, 0],
							"lerp_mode": "catmullrom"
						},
						"0.0833": {
							"post": [0, 0, 0],
							"lerp_mode": "catmullrom"
						},
						"0.25": {
							"post": [0, 0, 0],
							"lerp_mode": "catmullrom"
						},
						"0.375": {
							"post": [0, 0, -3],
							"lerp_mode": "catmullrom"
						},
						"0.625": {
							"post": [0, 0, -3],
							"lerp_mode": "catmullrom"
						}
					}
				},
				"rightPerna": {
					"rotation": {
						"0.0": {
							"post": [12.5, 0, 0],
							"lerp_mode": "catmullrom"
						},
						"0.0833": {
							"post": [64.63846, -7.9972, 39.32466],
							"lerp_mode": "catmullrom"
						},
						"0.25": {
							"post": [93.87589, 2.74359, 46.6243],
							"lerp_mode": "catmullrom"
						},
						"0.3333": {
							"post": [-92.86, -8, 39.32],
							"lerp_mode": "catmullrom"
						},
						"0.5": {
							"post": [-100.43899, -15.49043, 39.70722],
							"lerp_mode": "catmullrom"
						},
						"0.625": {
							"post": [-100.44, -15.49, 39.71],
							"lerp_mode": "catmullrom"
						}
					},
					"position": {
						"0.0": {
							"post": [0, 0, -2],
							"lerp_mode": "catmullrom"
						},
						"0.0833": {
							"post": [-2, 0, -4],
							"lerp_mode": "catmullrom"
						},
						"0.25": {
							"post": [-3, 0, -4],
							"lerp_mode": "catmullrom"
						},
						"0.3333": {
							"post": [0, 0, -2],
							"lerp_mode": "catmullrom"
						},
						"0.625": {
							"post": [0, 0, -2],
							"lerp_mode": "catmullrom"
						}
					}
				},
				"leftPerna": {
					"rotation": {
						"0.0": {
							"post": [-27.5, 0, 0],
							"lerp_mode": "catmullrom"
						},
						"0.0833": {
							"post": [23.59681, -7.98133, -15.62489],
							"lerp_mode": "catmullrom"
						},
						"0.25": {
							"post": [23.6, -7.98, -15.62],
							"lerp_mode": "catmullrom"
						},
						"0.375": {
							"post": [66.1, -7.98, -15.62],
							"lerp_mode": "catmullrom"
						},
						"0.625": {
							"post": [66.1, -7.98, -15.62],
							"lerp_mode": "catmullrom"
						}
					},
					"position": {
						"0.0": {
							"post": [0, 2, -4],
							"lerp_mode": "catmullrom"
						},
						"0.0833": {
							"post": [0, 1, 0],
							"lerp_mode": "catmullrom"
						},
						"0.25": {
							"post": [0, 1, 0],
							"lerp_mode": "catmullrom"
						},
						"0.375": {
							"post": [0, 0, -3],
							"lerp_mode": "catmullrom"
						},
						"0.625": {
							"post": [0, 0, -3],
							"lerp_mode": "catmullrom"
						}
					}
				}
			}
		}
	}
}