{
	"format_version": "1.19.0",
	"animation_controllers": {
		"controller.animation.deku": {
			"initial_state": "chegada",
			"states": {
				"default": {
					"animations": ["dekustop"],
					"transitions": [
						{"dekuwalk": "query.is_moving"},
						{"dekurun": "query.is_moving && query.is_sprinting"},
						{"dekusneak": "query.is_sneaking"},
						{"deku1": "variable.attack_time>0 && variable.randomfour == 0"},
						{"deku2": "variable.attack_time>0 && variable.randomfour == 1"},
						{"deku3": "variable.attack_time>0 && variable.randomfour == 2"},
						{"deku4": "variable.attack_time>0 && variable.randomfour == 3"},
													{"smashhold": "query.get_equipped_item_name == 'smash' && query.is_using_item"},
													{"dsmashhold": "query.get_equipped_item_name == 'dsmash' && query.is_using_item"},
													{"tsmashhold": "query.get_equipped_item_name == 'tsmash' && query.is_using_item"},
													{"bsmashhold": "query.get_equipped_item_name == 'bsmash' && query.is_using_item"}
					],
					"blend_transition": 0.2
				},
					"smashhold": {
          "animations": [
            "smashhold"
          ],
          "transitions": [
            {
              "smash": "query.get_equipped_item_name != 'smash' || !query.is_using_item"
            }
          ]
        },
        "smash": {
          "animations": [
            "smash"
          ],
          "transitions": [
            {
              "default": "query.all_animations_finished"
            }
              ]
              
				},
				"dsmashhold": {
          "animations": [
            "dsmashhold"
          ],
          "transitions": [
            {
              "dsmash": "query.get_equipped_item_name != 'dsmash' || !query.is_using_item"
            }
          ]
        },
        "dsmash": {
          "animations": [
            "dsmash"
          ],
          "transitions": [
            {
              "default": "query.all_animations_finished"
            }
              ]
              
				},
				"tsmashhold": {
          "animations": [
            "smashhold"
          ],
          "transitions": [
            {
              "tsmash": "query.get_equipped_item_name != 'tsmash' || !query.is_using_item"
            }
          ]
        },
        "tsmash": {
          "animations": [
            "tsmash"
          ],
          "transitions": [
            {
              "default": "query.all_animations_finished"
            }
              ]
              
				},
				"bsmashhold": {
          "animations": [
            "bsmashhold"
          ],
          "transitions": [
            {
              "bsmash": "query.get_equipped_item_name != 'bsmash' || !query.is_using_item"
            }
          ]
        },
        "bsmash": {
          "animations": [
            "bsmash"
          ],
          "transitions": [
            {
              "default": "query.all_animations_finished"
            }
              ]
              
				},
				"dekuwalk": {
					"animations": ["dekuwalk"],
					"transitions": [
						{"default": "!query.is_moving"},
						{"dekurun": "query.is_moving && query.is_sprinting"},
						{"deku1": "variable.attack_time>0 && variable.randomfour == 0"},
						{"deku2": "variable.attack_time>0 && variable.randomfour == 1"},
						{"deku3": "variable.attack_time>0 && variable.randomfour == 2"},
						{"deku4": "variable.attack_time>0 && variable.randomfour == 3"}
					],
					"blend_transition": 0.2
				},
				"dekurun": {
					"animations": ["dekurun"],
					"transitions": [
						{"dekuwalk": "query.is_moving && !query.is_sprinting"},
						{"default": "!query.is_moving"},
						{"deku1": "variable.attack_time>0 && variable.randomfour == 0"},
						{"deku2": "variable.attack_time>0 && variable.randomfour == 1"},
						{"deku3": "variable.attack_time>0 && variable.randomfour == 2"},
						{"deku4": "variable.attack_time>0 && variable.randomfour == 3"}
					],
					"blend_transition": 0.2
				},
				"deku1": {
					"animations": ["dekuatk"],
					"transitions": [
						{"default": "query.all_animations_finished"},
						{"dekuwalk": "query.all_animations_finished"},
						{"dekurun": "query.all_animations_finished"}
					],
					"blend_transition": 0.2
				},
				"deku2": {
					"animations": ["deku2"],
					"transitions": [
						{"default": "query.all_animations_finished"},
						{"dekuwalk": "query.all_animations_finished"},
						{"dekurun": "query.all_animations_finished"}
					],
					"blend_transition": 0.2,
					"blend_via_shortest_path": true
				},
				"deku3": {
					"animations": ["deku3"],
					"transitions": [
						{"default": "query.all_animations_finished"},
						{"dekuwalk": "query.all_animations_finished"},
						{"dekurun": "query.all_animations_finished"}
					],
					"blend_transition": 0.2,
					"blend_via_shortest_path": true
				},
				"deku4": {
					"animations": ["deku4"],
					"transitions": [
						{"default": "query.all_animations_finished"},
						{"dekuwalk": "query.all_animations_finished"},
						{"dekurun": "query.all_animations_finished"}
					],
					"blend_transition": 0.2,
					"blend_via_shortest_path": true
				},
				"dekusneak": {
					"animations": ["dekusneak"],
					"transitions": [
						{"default": "!query.is_sneaking"},
						{"deku1": "variable.attack_time>0 && variable.randomfour == 0"},
						{"deku2": "variable.attack_time>0 && variable.randomfour == 1"},
						{"deku3": "variable.attack_time>0 && variable.randomfour == 2"},
						{"deku4": "variable.attack_time>0 && variable.randomfour == 3"}
					],
					"blend_transition": 0.2
				},
				"chegada": {
					"animations": ["chegada"],
					"transitions": [
						{"default": "(query.property('property:deku') == 1) && query.all_animations_finished"}
					]
				},
				"summon": {
					"transitions": [
						{"chegada": "(query.property('property:deku') == 1)"}
					]
				}
			}
		}
	}
}
































































































































































































































































































































































































































































































































































































































