{
	"format_version": "1.19.0",
	"animation_controllers": {
		"controller.animation.dio": {
			"initial_state": "chegada",
			"states": {
				"default": {
					"animations": ["diostop"],
					"transitions": [
						{"diowalk": "query.is_moving"},
						{"diorun": "query.is_moving && query.is_sprinting"},
						{"diosneak": "query.is_sneaking"},
						{"dio1": "variable.attack_time>0 && variable.randomfour == 0"},
						{"dio2": "variable.attack_time>0 && variable.randomfour == 1"},
						{"dio3": "variable.attack_time>0 && variable.randomfour == 2"},
						{"dio4": "variable.attack_time>0 && variable.randomfour == 3"},
					{"knifeshold": "query.get_equipped_item_name == 'knifes' && query.is_using_item"},
					{"hpunchhold": "query.get_equipped_item_name == 'heavypunch' && query.is_using_item"},
					{"barragehold": "query.get_equipped_item_name == 'barrage' && query.is_using_item"},
					{"timestophold": "query.get_equipped_item_name == 'timestop' && query.is_using_item"}
					],
					"blend_transition": 0.2
				},
					"knifeshold": {
          "animations": [
            "knifeshold"
          ],
          "transitions": [
            {
              "knifes": "query.get_equipped_item_name != 'knifes' || !query.is_using_item"
            }
          ]
        },
        "knifes": {
          "animations": [
            "knifes"
          ],
          "transitions": [
            {
              "default": "query.all_animations_finished"
            }
              ]
              
				},
				"hpunchhold": {
          "animations": [
            "hpunchhold"
          ],
          "transitions": [
            {
              "hpunch": "query.get_equipped_item_name != 'heavypunch' || !query.is_using_item"
            }
          ]
        },
        "hpunch": {
          "animations": [
            "hpunch"
          ],
          "transitions": [
            {
              "default": "query.all_animations_finished"
            }
              ]
              
				},
				"barragehold": {
          "animations": [
            "barragehold"
          ],
          "transitions": [
            {
              "barrage": "query.get_equipped_item_name != 'barrage' || !query.is_using_item"
            }
          ]
        },
        "barrage": {
          "animations": [
            "barrage"
          ],
          "transitions": [
            {
              "default": "query.all_animations_finished"
            }
              ]
              
				},
				"timestophold": {
          "animations": [
            "timestophold"
          ],
          "transitions": [
            {
              "timestop": "query.get_equipped_item_name != 'timestop' || !query.is_using_item"
            }
          ]
        },
        "timestop": {
          "animations": [
            "timestop"
          ],
          "transitions": [
            {
              "default": "query.all_animations_finished"
            }
              ]
              
				},
				"diowalk": {
					"animations": ["diowalk"],
					"transitions": [
						{"default": "!query.is_moving"},
						{"diorun": "query.is_moving && query.is_sprinting"},
						{"dio1": "variable.attack_time>0 && variable.randomfour == 0"},
						{"dio2": "variable.attack_time>0 && variable.randomfour == 1"},
						{"dio3": "variable.attack_time>0 && variable.randomfour == 2"},
						{"dio4": "variable.attack_time>0 && variable.randomfour == 3"}
					],
					"blend_transition": 0.2
				},
				"diorun": {
					"animations": ["diorun"],
					"transitions": [
						{"diowalk": "query.is_moving && !query.is_sprinting"},
						{"default": "!query.is_moving"},
						{"dio1": "variable.attack_time>0 && variable.randomfour == 0"},
						{"dio2": "variable.attack_time>0 && variable.randomfour == 1"},
						{"dio3": "variable.attack_time>0 && variable.randomfour == 2"},
						{"dio4": "variable.attack_time>0 && variable.randomfour == 3"}
					],
					"blend_transition": 0.2
				},
				"dio1": {
					"animations": ["dioatk"],
					"transitions": [
						{"default": "query.all_animations_finished"},
						{"diowalk": "query.all_animations_finished"},
						{"diorun": "query.all_animations_finished"}
					],
					"blend_transition": 0.2
				},
				"dio2": {
					"animations": ["dio2"],
					"transitions": [
						{"default": "query.all_animations_finished"},
						{"diowalk": "query.all_animations_finished"},
						{"diorun": "query.all_animations_finished"}
					],
					"blend_transition": 0.2,
					"blend_via_shortest_path": true
				},
				"dio3": {
					"animations": ["dio3"],
					"transitions": [
						{"default": "query.all_animations_finished"},
						{"diowalk": "query.all_animations_finished"},
						{"diorun": "query.all_animations_finished"}
					],
					"blend_transition": 0.2,
					"blend_via_shortest_path": true
				},
				"dio4": {
					"animations": ["dio4"],
					"transitions": [
						{"default": "query.all_animations_finished"},
						{"diowalk": "query.all_animations_finished"},
						{"diorun": "query.all_animations_finished"}
					],
					"blend_transition": 0.2,
					"blend_via_shortest_path": true
				},
				"diosneak": {
					"animations": ["diosneak"],
					"transitions": [
						{"default": "!query.is_sneaking"},
						{"dio1": "variable.attack_time>0 && variable.randomfour == 0"},
						{"dio2": "variable.attack_time>0 && variable.randomfour == 1"},
						{"dio3": "variable.attack_time>0 && variable.randomfour == 2"},
						{"dio4": "variable.attack_time>0 && variable.randomfour == 3"}
					],
					"blend_transition": 0.2
				},
				"chegada": {
					"animations": ["chegada"],
					"transitions": [
						{"default": "(query.property('property:dio') == 1) && query.all_animations_finished"}
					]
				},
				"summon": {
					"transitions": [
						{"chegada": "(query.property('property:dio') == 1)"}
					]
				}
			}
		}
	}
}





























































































































































































































































































































































































































































































































































































































```