{
	"format_version": "1.19.0",
	"animation_controllers": {
		"controller.animation.gohan": {
			"initial_state": "chegada",
			"states": {
				"default": {
					"animations": ["gostop"],
					"transitions": [
						{"walk": "query.is_moving"},
						{"run": "query.is_moving && query.is_sprinting"},
						{"sneak": "query.is_sneaking"},
						{"go1": "variable.attack_time>0 && variable.randomfour == 0"},
						{"go2": "variable.attack_time>0 && variable.randomfour == 1"},
						{"go3": "variable.attack_time>0 && variable.randomfour == 2"},
						{"go4": "variable.attack_time>0 && variable.randomfour == 3"}
					],
					"blend_transition": 0.2
				},
				"walk": {
					"animations": ["walk"],
					"transitions": [
						{"default": "!query.is_moving"},
						{"run": "query.is_moving && query.is_sprinting"},
						{"go1": "variable.attack_time>0 && variable.randomfour == 0"},
						{"go2": "variable.attack_time>0 && variable.randomfour == 1"},
						{"go3": "variable.attack_time>0 && variable.randomfour == 2"},
						{"go4": "variable.attack_time>0 && variable.randomfour == 3"}
					],
					"blend_transition": 0.2
				},
				"run": {
					"animations": ["run"],
					"transitions": [
						{"walk": "query.is_moving && !query.is_sprinting"},
						{"default": "!query.is_moving"},
						{"go1": "variable.attack_time>0 && variable.randomfour == 0"},
						{"go2": "variable.attack_time>0 && variable.randomfour == 1"},
						{"go3": "variable.attack_time>0 && variable.randomfour == 2"},
						{"go4": "variable.attack_time>0 && variable.randomfour == 3"}
					],
					"blend_transition": 0.2
				},
				"go1": {
					"animations": ["goatk"],
					"transitions": [
						{"default": "query.all_animations_finished"},
						{"walk": "query.all_animations_finished"},
						{"run": "query.all_animations_finished"}
					],
					"blend_transition": 0.2
				},
				"go2": {
					"animations": ["go2"],
					"transitions": [
						{"default": "query.all_animations_finished"},
						{"walk": "query.all_animations_finished"},
						{"run": "query.all_animations_finished"}
					],
					"blend_transition": 0.2,
					"blend_via_shortest_path": true
				},
				"go3": {
					"animations": ["go3"],
					"transitions": [
						{"default": "query.all_animations_finished"},
						{"walk": "query.all_animations_finished"},
						{"run": "query.all_animations_finished"}
					],
					"blend_transition": 0.2,
					"blend_via_shortest_path": true
				},
				"go4": {
					"animations": ["go4"],
					"transitions": [
						{"default": "query.all_animations_finished"},
						{"walk": "query.all_animations_finished"},
						{"run": "query.all_animations_finished"}
					],
					"blend_transition": 0.2,
					"blend_via_shortest_path": true
				},
				"sneak": {
					"animations": ["sneak"],
					"transitions": [
						{"default": "!query.is_sneaking"},
						{"go1": "variable.attack_time>0 && variable.randomfour == 0"},
						{"go2": "variable.attack_time>0 && variable.randomfour == 1"},
						{"go3": "variable.attack_time>0 && variable.randomfour == 2"},
						{"go4": "variable.attack_time>0 && variable.randomfour == 3"}
					],
					"blend_transition": 0.2
				},
				"chegada": {
					"animations": ["chegada"],
					"transitions": [
						{"default": "(query.property('property:gohant') == 1) && query.all_animations_finished"}
					]
				},
				"summon": {
					"transitions": [
						{"chegada": "(query.property('property:gohant') == 1)"}
					]
				}
			}
		}
	}
}