{
	"format_version": "1.19.0",
	"animation_controllers": {
		"controller.animation.gohantssj": {
		    "initial_state": "chegadassj",
			"states": {
				"default": {
					"animations": ["gossjstop"],
					"transitions": [
						{"walkssj": "query.is_moving"},
						{"runssj": "query.is_moving && query.is_sprinting"},
						{"sneakssj": "query.is_sneaking"},
						{"gossj1": "variable.attack_time>0 && variable.randomfour == 0"},
						{"gossj2": "variable.attack_time>0 && variable.randomfour == 1"},
						{"gossj3": "variable.attack_time>0 && variable.randomfour == 2"},
						{"gossj4": "variable.attack_time>0 && variable.randomfour == 3"}
					],
					"blend_transition": 0.2
				},
				"walkssj": {
					"animations": ["walkssj"],
					"transitions": [
						{"default": "!query.is_moving"},
						{"runssj": "query.is_moving && query.is_sprinting"},
						{"gossj1": "variable.attack_time>0 && variable.randomfour == 0"},
						{"gossj2": "variable.attack_time>0 && variable.randomfour == 1"},
						{"gossj3": "variable.attack_time>0 && variable.randomfour == 2"},
						{"gossj4": "variable.attack_time>0 && variable.randomfour == 3"}
					],
					"blend_transition": 0.2
				},
				"runssj": {
					"animations": ["runssj"],
					"transitions": [
						{"walkssj": "query.is_moving && !query.is_sprinting"},
						{"default": "!query.is_moving"},
						{"gossj1": "variable.attack_time>0 && variable.randomfour == 0"},
						{"gossj2": "variable.attack_time>0 && variable.randomfour == 1"},
						{"gossj3": "variable.attack_time>0 && variable.randomfour == 2"},
						{"gossj4": "variable.attack_time>0 && variable.randomfour == 3"}
					],
					"blend_transition": 0.2
				},
				"gossj1": {
					"animations": ["gossjatk"],
					"transitions": [
						{"default": "query.all_animations_finished"},
						{"walkssj": "query.all_animations_finished"},
						{"runssj": "query.all_animations_finished"}
					],
					"blend_transition": 0.2
				},
				"gossj2": {
					"animations": ["gossj2"],
					"transitions": [
						{"default": "query.all_animations_finished"},
						{"walkssj": "query.all_animations_finished"},
						{"runssj": "query.all_animations_finished"}
					],
					"blend_transition": 0.2,
					"blend_via_shortest_path": true
				},
				"gossj3": {
					"animations": ["gossj3"],
					"transitions": [
						{"default": "query.all_animations_finished"},
						{"walkssj": "query.all_animations_finished"},
						{"runssj": "query.all_animations_finished"}
					],
					"blend_transition": 0.2,
					"blend_via_shortest_path": true
				},
				"gossj4": {
					"animations": ["gossj4"],
					"transitions": [
						{"default": "query.all_animations_finished"},
						{"walkssj": "query.all_animations_finished"},
						{"runssj": "query.all_animations_finished"}
					],
					"blend_transition": 0.2,
					"blend_via_shortest_path": true
				},
				"sneakssj": {
					"animations": ["sneakssj"],
					"transitions": [
						{"default": "!query.is_sneaking"},
						{"gossj1": "variable.attack_time>0 && variable.randomfour == 0"},
						{"gossj2": "variable.attack_time>0 && variable.randomfour == 1"},
						{"gossj3": "variable.attack_time>0 && variable.randomfour == 2"},
						{"gossj4": "variable.attack_time>0 && variable.randomfour == 3"}
					],
					"blend_transition": 0.2
				},
				"chegadassj": {
					"animations": ["chegadassj"],
					"transitions": [
						{"default": "(query.property('property:gohantssj') == 1) && query.all_animations_finished"}
						]
				},
				"summon": {
					"transitions": [
						{"chegadassj": "(query.property('property:gohantssj') == 1)"}
					]
				}
			}
		}
	}
}






