{
	"format_version": "1.19.0",
	"animation_controllers": {
		"controller.animation.gojo": {
			"initial_state": "chegada",
			"states": {
				"default": {
					"animations": ["gojostop"],
					"transitions": [
						{"gojowalk": "query.is_moving"},
						{"gojorun": "query.is_moving && query.is_sprinting"},
						{"gojosneak": "query.is_sneaking"},
						{"gojo1": "variable.attack_time>0 && variable.randomfour == 0"},
						{"gojo2": "variable.attack_time>0 && variable.randomfour == 1"},
						{"gojo3": "variable.attack_time>0 && variable.randomfour == 2"},
						{"gojo4": "variable.attack_time>0 && variable.randomfour == 3"},
						{"embahold": "query.get_equipped_item_name == 'emba' && query.is_using_item"},
						{"destructivehold": "query.get_equipped_item_name == 'destructive' && query.is_using_item"},
						{"redhold": "query.get_equipped_item_name == 'red' && query.is_using_item"},
						{"bluehold": "query.get_equipped_item_name == 'blue' && query.is_using_item"},
						{"purphold": "query.get_equipped_item_name == 'purple' && query.is_using_item"},
						{"gexhold": "query.get_equipped_item_name == 'gexpansion' && query.is_using_item"}
						
					],
					"blend_transition": 0.2
				},
				"embahold": {
          "animations": [
            "embahold"
          ],
          "transitions": [
            {
              "emba": "query.get_equipped_item_name != 'emba' || !query.is_using_item"
            }
          ]
        },
        "emba": {
          "animations": [
            "red"
          ],
          "transitions": [
            {
              "default": "query.all_animations_finished"
            }
              ]
              
				},
				"destructivehold": {
          "animations": [
            "destructivehold"
          ],
          "transitions": [
            {
              "destructive": "query.get_equipped_item_name != 'destructive' || !query.is_using_item"
            }
          ]
        },
        "destructive": {
          "animations": [
            "destructive"
          ],
          "transitions": [
            {
              "default": "query.all_animations_finished"
            }
              ]
              
				},
				"redhold": {
          "animations": [
            "destructivehold"
          ],
          "transitions": [
            {
              "red": "query.get_equipped_item_name != 'red' || !query.is_using_item"
            }
          ]
        },
        "red": {
          "animations": [
            "red"
          ],
          "transitions": [
            {
              "default": "query.all_animations_finished"
            }
              ]
              
				},
					"bluehold": {
          "animations": [
            "destructivehold"
          ],
          "transitions": [
            {
              "blue": "query.get_equipped_item_name != 'blue' || !query.is_using_item"
            }
          ]
        },
        "blue": {
          "animations": [
            "red"
          ],
          "transitions": [
            {
              "default": "query.all_animations_finished"
            }
              ]
              
				},
					"purphold": {
          "animations": [
            "destructivehold"
          ],
          "transitions": [
            {
              "blue": "query.get_equipped_item_name != 'purple' || !query.is_using_item"
            }
          ]
        },
        "purple": {
          "animations": [
            "red"
          ],
          "transitions": [
            {
              "default": "query.all_animations_finished"
            }
              ]
              
				},
				"gexhold": {
          "animations": [
            "destructivehold"
          ],
          "transitions": [
            {
              "blue": "query.get_equipped_item_name != 'gexpansion' || !query.is_using_item"
            }
          ]
        },
        "gex": {
          "animations": [
            "red"
          ],
          "transitions": [
            {
              "default": "query.all_animations_finished"
            }
              ]
              
				},
				"gojowalk": {
					"animations": ["gojowalk"],
					"transitions": [
						{"default": "!query.is_moving"},
						{"gojorun": "query.is_moving && query.is_sprinting"},
						{"gojo1": "variable.attack_time>0 && variable.randomfour == 0"},
						{"gojo2": "variable.attack_time>0 && variable.randomfour == 1"},
						{"gojo3": "variable.attack_time>0 && variable.randomfour == 2"},
						{"gojo4": "variable.attack_time>0 && variable.randomfour == 3"}
					],
					"blend_transition": 0.2
				},
				"gojorun": {
					"animations": ["gojorun"],
					"transitions": [
						{"gojowalk": "query.is_moving && !query.is_sprinting"},
						{"default": "!query.is_moving"},
						{"gojo1": "variable.attack_time>0 && variable.randomfour == 0"},
						{"gojo2": "variable.attack_time>0 && variable.randomfour == 1"},
						{"gojo3": "variable.attack_time>0 && variable.randomfour == 2"},
						{"gojo4": "variable.attack_time>0 && variable.randomfour == 3"}
					],
					"blend_transition": 0.2
				},
				"gojo1": {
					"animations": ["gojoatk"],
					"transitions": [
						{"default": "query.all_animations_finished"},
						{"gojowalk": "query.all_animations_finished"},
						{"gojorun": "query.all_animations_finished"}
					],
					"blend_transition": 0.2
				},
				"gojo2": {
					"animations": ["gojo2"],
					"transitions": [
						{"default": "query.all_animations_finished"},
						{"gojowalk": "query.all_animations_finished"},
						{"gojorun": "query.all_animations_finished"}
					],
					"blend_transition": 0.2,
					"blend_via_shortest_path": true
				},
				"gojo3": {
					"animations": ["gojo3"],
					"transitions": [
						{"default": "query.all_animations_finished"},
						{"gojowalk": "query.all_animations_finished"},
						{"gojorun": "query.all_animations_finished"}
					],
					"blend_transition": 0.2,
					"blend_via_shortest_path": true
				},
				"gojo4": {
					"animations": ["gojo4"],
					"transitions": [
						{"default": "query.all_animations_finished"},
						{"gojowalk": "query.all_animations_finished"},
						{"gojorun": "query.all_animations_finished"}
					],
					"blend_transition": 0.2,
					"blend_via_shortest_path": true
				},
				"gojosneak": {
					"animations": ["gojosneak"],
					"transitions": [
						{"default": "!query.is_sneaking"},
						{"gojo1": "variable.attack_time>0 && variable.randomfour == 0"},
						{"gojo2": "variable.attack_time>0 && variable.randomfour == 1"},
						{"gojo3": "variable.attack_time>0 && variable.randomfour == 2"},
						{"gojo4": "variable.attack_time>0 && variable.randomfour == 3"}
					],
					"blend_transition": 0.2
				},
				"chegada": {
					"animations": ["chegada"],
					"transitions": [
						{"default": "(query.property('property:gojo') == 1) || (query.property('property:gojoawk') == 1) && query.all_animations_finished"}
					]
				},
				"summon": {
					"transitions": [
						{"chegada": "(query.property('property:gojo') == 1) || (query.property('property:gojoawk') == 1)"}
					]
				}
			}
		}
	}
}

































































































































































































































































































































































































































































































































































































































