{
	"format_version": "1.19.0",
	"animation_controllers": {
		"controller.animation.narutom": {
			"initial_state": "chegada",
			"states": {
				"default": {
					"animations": ["namstop"],
					"transitions": [
						{"walk": "query.is_moving"},
						{"run": "query.is_moving && query.is_sprinting"},
						{"sneak": "query.is_sneaking"},
						{"na1": "variable.attack_time>0 && variable.randomfour == 0"},
						{"na2": "variable.attack_time>0 && variable.randomfour == 1"},
						{"na3": "variable.attack_time>0 && variable.randomfour == 2"},
						{"na4": "variable.attack_time>0 && variable.randomfour == 3"}
					],
					"blend_transition": 0.2
				},
				"walk": {
					"animations": ["namwalk"],
					"transitions": [
						{"default": "!query.is_moving"},
						{"run": "query.is_moving && query.is_sprinting"},
						{"na1": "variable.attack_time>0 && variable.randomfour == 0"},
						{"na2": "variable.attack_time>0 && variable.randomfour == 1"},
						{"na3": "variable.attack_time>0 && variable.randomfour == 2"},
						{"na4": "variable.attack_time>0 && variable.randomfour == 3"}
					],
					"blend_transition": 0.2
				},
				"run": {
					"animations": ["namrun"],
					"transitions": [
						{"walk": "query.is_moving && !query.is_sprinting"},
						{"default": "!query.is_moving"},
						{"na1": "variable.attack_time>0 && variable.randomfour == 0"},
						{"na2": "variable.attack_time>0 && variable.randomfour == 1"},
						{"na3": "variable.attack_time>0 && variable.randomfour == 2"},
						{"na4": "variable.attack_time>0 && variable.randomfour == 3"}
					],
					"blend_transition": 0.2
				},
				"na1": {
					"animations": ["namatk"],
					"transitions": [
						{"default": "query.all_animations_finished"},
						{"walk": "query.all_animations_finished"},
						{"run": "query.all_animations_finished"}
					],
					"blend_transition": 0.2
				},
				"na2": {
					"animations": ["nam2"],
					"transitions": [
						{"default": "query.all_animations_finished"},
						{"walk": "query.all_animations_finished"},
						{"run": "query.all_animations_finished"}
					],
					"blend_transition": 0.2,
					"blend_via_shortest_path": true
				},
				"na3": {
					"animations": ["nam3"],
					"transitions": [
						{"default": "query.all_animations_finished"},
						{"walk": "query.all_animations_finished"},
						{"run": "query.all_animations_finished"}
					],
					"blend_transition": 0.2,
					"blend_via_shortest_path": true
				},
				"na4": {
					"animations": ["nam4"],
					"transitions": [
						{"default": "query.all_animations_finished"},
						{"walk": "query.all_animations_finished"},
						{"run": "query.all_animations_finished"}
					],
					"blend_transition": 0.2,
					"blend_via_shortest_path": true
				},
				"sneak": {
					"animations": ["namsneak"],
					"transitions": [
						{"default": "!query.is_sneaking"},
						{"na1": "variable.attack_time>0 && variable.randomfour == 0"},
						{"na2": "variable.attack_time>0 && variable.randomfour == 1"},
						{"na3": "variable.attack_time>0 && variable.randomfour == 2"},
						{"na4": "variable.attack_time>0 && variable.randomfour == 3"}
					],
					"blend_transition": 0.2
				},
				"chegada": {
					"animations": ["chegada"],
					"transitions": [
						{"default": "(query.property('property:narutom') == 1) && query.all_animations_finished"}
					]
				},
				"summon": {
					"transitions": [
						{"chegada": "(query.property('property:narutom') == 1)"}
					]
				}
			}
		}
	}
}