{
  "format_version": "1.16.100",
  "minecraft:item": {
    "description": {
      "identifier": "wesl3y:gate2",
	  "category": "nature"
    },

    "components": {
      "minecraft:render_offsets": {
	    "main_hand": {
		  "first_person": {
		    "scale": [0.03, 0.03, 0.03]
		  },
		  "third_person": {
			"scale": [0.075, 0.075, 0.075]
		  }
		}
	  },
	  "minecraft:armor": {
		"protection": 2
	  },
      "minecraft:icon": {
        "texture": "gate1_2"
      },
      "minecraft:max_stack_size": 1,
      "minecraft:hand_equipped": true,
	  "minecraft:wearable": {
	    "slot": "slot.armor.chest"
	  },
      "minecraft:display_name": {
        "value":"Gate of Healing\n\n§eLevel 5\n§9Haste 2\nStrength 3\nSpeed 3\nJump Boost 4\nHealth Boost 6\nResistance 1"
      }
    }
  }
}