{
  "format_version": "1.16.100",
  "minecraft:item": {
    "description": {
      "identifier": "wesl3y:gate7",
	  "category": "nature"
    },

    "components": {
      "minecraft:render_offsets": {
	    "main_hand": {
		  "first_person": {
		    "scale": [0.03, 0.03, 0.03]
		  },
		  "third_person": {
			"scale": [0.075, 0.075, 0.075]
		  }
		}
	  },
	  "minecraft:armor": {
		"protection": 2
	  },
      "minecraft:icon": {
        "texture": "gate7"
      },
      "minecraft:max_stack_size": 1,
      "minecraft:hand_equipped": true,
	  "minecraft:wearable": {
	    "slot": "slot.armor.chest"
	  },
      "minecraft:display_name": {
        "value":"Wonder's Gate\n\n§eLevel 30\n§9Haste 3\nStrength 6\nSpeed 5\nJump Boost 6\nHealth Boost 18\nResistance 3"
      }
    }
  }
}