{
	"format_version": "1.12.0",
	"minecraft:geometry": [
		{
			"description": {
				"identifier": "geometry.ofapunches",
				"texture_width": 128,
				"texture_height": 128,
				"visible_bounds_width": 20,
				"visible_bounds_height": 40.5,
				"visible_bounds_offset": [0, 19.75, 0]
			},
			"bones": [
				{
					"name": "bone",
					"pivot": [0, 394, 0]
				},
				{
					"name": "Bracooneforall10",
					"parent": "bone",
					"pivot": [-61.58904, 499.80394, 50.39875],
					"rotation": [0, -90, 0],
					"cubes": [
						{
							"origin": [-81.28913, 469.09041, 31.88366],
							"size": [39.40017, 111.09041, 37.03017],
							"uv": {
								"north": {"uv": [0, 0], "uv_size": [17, 47]},
								"east": {"uv": [34, 0], "uv_size": [16, 47]},
								"south": {"uv": [17, 0], "uv_size": [17, 47]},
								"west": {"uv": [0, 47], "uv_size": [16, 47]},
								"up": {"uv": [50, 0], "uv_size": [17, 16]},
								"down": {"uv": [50, 32], "uv_size": [17, -16]}
							}
						},
						{
							"origin": [-83.69804, 457.6518, 29.47475],
							"size": [44.21799, 34.64093, 41.84799],
							"inflate": 0.3,
							"uv": {
								"north": {"uv": [50, 32], "uv_size": [18, 14]},
								"east": {"uv": [52, 60], "uv_size": [17, 14]},
								"south": {"uv": [52, 46], "uv_size": [18, 14]},
								"west": {"uv": [16, 64], "uv_size": [17, 14]},
								"up": {"uv": [16, 47], "uv_size": [18, 17]},
								"down": {"uv": [34, 64], "uv_size": [18, -17]}
							}
						}
					]
				},
				{
					"name": "Bracooneforall9",
					"parent": "bone",
					"pivot": [21.36096, 523.50394, -63.36125],
					"rotation": [0, -90, 0],
					"cubes": [
						{
							"origin": [1.66087, 492.79041, -81.87634],
							"size": [39.40017, 111.09041, 37.03017],
							"uv": {
								"north": {"uv": [0, 0], "uv_size": [17, 47]},
								"east": {"uv": [34, 0], "uv_size": [16, 47]},
								"south": {"uv": [17, 0], "uv_size": [17, 47]},
								"west": {"uv": [0, 47], "uv_size": [16, 47]},
								"up": {"uv": [50, 0], "uv_size": [17, 16]},
								"down": {"uv": [50, 32], "uv_size": [17, -16]}
							}
						},
						{
							"origin": [-0.74804, 481.3518, -84.28525],
							"size": [44.21799, 34.64093, 41.84799],
							"inflate": 0.3,
							"uv": {
								"north": {"uv": [50, 32], "uv_size": [18, 14]},
								"east": {"uv": [52, 60], "uv_size": [17, 14]},
								"south": {"uv": [52, 46], "uv_size": [18, 14]},
								"west": {"uv": [16, 64], "uv_size": [17, 14]},
								"up": {"uv": [16, 47], "uv_size": [18, 17]},
								"down": {"uv": [34, 64], "uv_size": [18, -17]}
							}
						}
					]
				},
				{
					"name": "Bracooneforall8",
					"parent": "bone",
					"pivot": [144.60096, 544.83394, 24.32875],
					"rotation": [0, -90, 0],
					"cubes": [
						{
							"origin": [124.90087, 514.12041, 5.81366],
							"size": [39.40017, 111.09041, 37.03017],
							"uv": {
								"north": {"uv": [0, 0], "uv_size": [17, 47]},
								"east": {"uv": [34, 0], "uv_size": [16, 47]},
								"south": {"uv": [17, 0], "uv_size": [17, 47]},
								"west": {"uv": [0, 47], "uv_size": [16, 47]},
								"up": {"uv": [50, 0], "uv_size": [17, 16]},
								"down": {"uv": [50, 32], "uv_size": [17, -16]}
							}
						},
						{
							"origin": [122.49196, 502.6818, 3.40475],
							"size": [44.21799, 34.64093, 41.84799],
							"inflate": 0.3,
							"uv": {
								"north": {"uv": [50, 32], "uv_size": [18, 14]},
								"east": {"uv": [52, 60], "uv_size": [17, 14]},
								"south": {"uv": [52, 46], "uv_size": [18, 14]},
								"west": {"uv": [16, 64], "uv_size": [17, 14]},
								"up": {"uv": [16, 47], "uv_size": [18, 17]},
								"down": {"uv": [34, 64], "uv_size": [18, -17]}
							}
						}
					]
				},
				{
					"name": "Bracooneforall7",
					"parent": "bone",
					"pivot": [35.58096, 544.83394, 109.64875],
					"rotation": [0, -90, 0],
					"cubes": [
						{
							"origin": [15.88087, 514.12041, 91.13366],
							"size": [39.40017, 111.09041, 37.03017],
							"uv": {
								"north": {"uv": [0, 0], "uv_size": [17, 47]},
								"east": {"uv": [34, 0], "uv_size": [16, 47]},
								"south": {"uv": [17, 0], "uv_size": [17, 47]},
								"west": {"uv": [0, 47], "uv_size": [16, 47]},
								"up": {"uv": [50, 0], "uv_size": [17, 16]},
								"down": {"uv": [50, 32], "uv_size": [17, -16]}
							}
						},
						{
							"origin": [13.47196, 502.6818, 88.72475],
							"size": [44.21799, 34.64093, 41.84799],
							"inflate": 0.3,
							"uv": {
								"north": {"uv": [50, 32], "uv_size": [18, 14]},
								"east": {"uv": [52, 60], "uv_size": [17, 14]},
								"south": {"uv": [52, 46], "uv_size": [18, 14]},
								"west": {"uv": [16, 64], "uv_size": [17, 14]},
								"up": {"uv": [16, 47], "uv_size": [18, 17]},
								"down": {"uv": [34, 64], "uv_size": [18, -17]}
							}
						}
					]
				},
				{
					"name": "Bracooneforall6",
					"parent": "bone",
					"pivot": [-23.66904, 544.83394, 2.99875],
					"rotation": [0, -90, 0],
					"cubes": [
						{
							"origin": [-43.36913, 514.12041, -15.51634],
							"size": [39.40017, 111.09041, 37.03017],
							"uv": {
								"north": {"uv": [0, 0], "uv_size": [17, 47]},
								"east": {"uv": [34, 0], "uv_size": [16, 47]},
								"south": {"uv": [17, 0], "uv_size": [17, 47]},
								"west": {"uv": [0, 47], "uv_size": [16, 47]},
								"up": {"uv": [50, 0], "uv_size": [17, 16]},
								"down": {"uv": [50, 32], "uv_size": [17, -16]}
							}
						},
						{
							"origin": [-45.77804, 502.6818, -17.92525],
							"size": [44.21799, 34.64093, 41.84799],
							"inflate": 0.3,
							"uv": {
								"north": {"uv": [50, 32], "uv_size": [18, 14]},
								"east": {"uv": [52, 60], "uv_size": [17, 14]},
								"south": {"uv": [52, 46], "uv_size": [18, 14]},
								"west": {"uv": [16, 64], "uv_size": [17, 14]},
								"up": {"uv": [16, 47], "uv_size": [18, 17]},
								"down": {"uv": [34, 64], "uv_size": [18, -17]}
							}
						}
					]
				},
				{
					"name": "Bracooneforall5",
					"parent": "bone",
					"pivot": [37.95096, 485.58394, -13.59125],
					"rotation": [0, -90, 0],
					"cubes": [
						{
							"origin": [18.25087, 454.87041, -32.10634],
							"size": [39.40017, 111.09041, 37.03017],
							"uv": {
								"north": {"uv": [0, 0], "uv_size": [17, 47]},
								"east": {"uv": [34, 0], "uv_size": [16, 47]},
								"south": {"uv": [17, 0], "uv_size": [17, 47]},
								"west": {"uv": [0, 47], "uv_size": [16, 47]},
								"up": {"uv": [50, 0], "uv_size": [17, 16]},
								"down": {"uv": [50, 32], "uv_size": [17, -16]}
							}
						},
						{
							"origin": [15.84196, 443.4318, -34.51525],
							"size": [44.21799, 34.64093, 41.84799],
							"inflate": 0.3,
							"uv": {
								"north": {"uv": [50, 32], "uv_size": [18, 14]},
								"east": {"uv": [52, 60], "uv_size": [17, 14]},
								"south": {"uv": [52, 46], "uv_size": [18, 14]},
								"west": {"uv": [16, 64], "uv_size": [17, 14]},
								"up": {"uv": [16, 47], "uv_size": [18, 17]},
								"down": {"uv": [34, 64], "uv_size": [18, -17]}
							}
						}
					]
				},
				{
					"name": "Bracooneforall11",
					"parent": "bone",
					"pivot": [-79.95096, 521.13394, -2.63875],
					"rotation": [0, -90, 0],
					"cubes": [
						{
							"origin": [-99.65104, 490.42041, -21.15383],
							"size": [39.40017, 111.09041, 37.03017],
							"uv": {
								"north": {"uv": [17, 0], "uv_size": [17, 47]},
								"east": {"uv": [0, 47], "uv_size": [16, 47]},
								"south": {"uv": [0, 0], "uv_size": [17, 47]},
								"west": {"uv": [34, 0], "uv_size": [16, 47]},
								"up": {"uv": [67, 16], "uv_size": [-17, -16]},
								"down": {"uv": [67, 16], "uv_size": [-17, 16]}
							}
						},
						{
							"origin": [-102.05995, 478.9818, -23.56274],
							"size": [44.21799, 34.64093, 41.84799],
							"inflate": 0.3,
							"uv": {
								"north": {"uv": [52, 46], "uv_size": [18, 14]},
								"east": {"uv": [16, 64], "uv_size": [17, 14]},
								"south": {"uv": [50, 32], "uv_size": [18, 14]},
								"west": {"uv": [52, 60], "uv_size": [17, 14]},
								"up": {"uv": [34, 64], "uv_size": [-18, -17]},
								"down": {"uv": [52, 47], "uv_size": [-18, 17]}
							}
						}
					]
				},
				{
					"name": "Bracooneforall4",
					"parent": "bone",
					"pivot": [90.09096, 521.13394, -13.59125],
					"rotation": [0, -90, 0],
					"cubes": [
						{
							"origin": [70.39087, 490.42041, -32.10634],
							"size": [39.40017, 111.09041, 37.03017],
							"uv": {
								"north": {"uv": [0, 0], "uv_size": [17, 47]},
								"east": {"uv": [34, 0], "uv_size": [16, 47]},
								"south": {"uv": [17, 0], "uv_size": [17, 47]},
								"west": {"uv": [0, 47], "uv_size": [16, 47]},
								"up": {"uv": [50, 0], "uv_size": [17, 16]},
								"down": {"uv": [50, 32], "uv_size": [17, -16]}
							}
						},
						{
							"origin": [67.98196, 478.9818, -34.51525],
							"size": [44.21799, 34.64093, 41.84799],
							"inflate": 0.3,
							"uv": {
								"north": {"uv": [50, 32], "uv_size": [18, 14]},
								"east": {"uv": [52, 60], "uv_size": [17, 14]},
								"south": {"uv": [52, 46], "uv_size": [18, 14]},
								"west": {"uv": [16, 64], "uv_size": [17, 14]},
								"up": {"uv": [16, 47], "uv_size": [18, 17]},
								"down": {"uv": [34, 64], "uv_size": [18, -17]}
							}
						}
					]
				},
				{
					"name": "Bracooneforall3",
					"parent": "bone",
					"pivot": [90.09096, 485.58394, 59.87875],
					"rotation": [0, -90, 0],
					"cubes": [
						{
							"origin": [70.39087, 454.87041, 41.36366],
							"size": [39.40017, 111.09041, 37.03017],
							"uv": {
								"north": {"uv": [0, 0], "uv_size": [17, 47]},
								"east": {"uv": [34, 0], "uv_size": [16, 47]},
								"south": {"uv": [17, 0], "uv_size": [17, 47]},
								"west": {"uv": [0, 47], "uv_size": [16, 47]},
								"up": {"uv": [50, 0], "uv_size": [17, 16]},
								"down": {"uv": [50, 32], "uv_size": [17, -16]}
							}
						},
						{
							"origin": [67.98196, 443.4318, 38.95475],
							"size": [44.21799, 34.64093, 41.84799],
							"inflate": 0.3,
							"uv": {
								"north": {"uv": [50, 32], "uv_size": [18, 14]},
								"east": {"uv": [52, 60], "uv_size": [17, 14]},
								"south": {"uv": [52, 46], "uv_size": [18, 14]},
								"west": {"uv": [16, 64], "uv_size": [17, 14]},
								"up": {"uv": [16, 47], "uv_size": [18, 17]},
								"down": {"uv": [34, 64], "uv_size": [18, -17]}
							}
						}
					]
				},
				{
					"name": "Bracooneforall2",
					"parent": "bone",
					"pivot": [-21.29904, 485.58394, 90.68875],
					"rotation": [0, -90, 0],
					"cubes": [
						{
							"origin": [-40.99913, 454.87041, 72.17366],
							"size": [39.40017, 111.09041, 37.03017],
							"uv": {
								"north": {"uv": [0, 0], "uv_size": [17, 47]},
								"east": {"uv": [34, 0], "uv_size": [16, 47]},
								"south": {"uv": [17, 0], "uv_size": [17, 47]},
								"west": {"uv": [0, 47], "uv_size": [16, 47]},
								"up": {"uv": [50, 0], "uv_size": [17, 16]},
								"down": {"uv": [50, 32], "uv_size": [17, -16]}
							}
						},
						{
							"origin": [-43.40804, 443.4318, 69.76475],
							"size": [44.21799, 34.64093, 41.84799],
							"inflate": 0.3,
							"uv": {
								"north": {"uv": [50, 32], "uv_size": [18, 14]},
								"east": {"uv": [52, 60], "uv_size": [17, 14]},
								"south": {"uv": [52, 46], "uv_size": [18, 14]},
								"west": {"uv": [16, 64], "uv_size": [17, 14]},
								"up": {"uv": [16, 47], "uv_size": [18, 17]},
								"down": {"uv": [34, 64], "uv_size": [18, -17]}
							}
						}
					]
				},
				{
					"name": "Bracooneforall",
					"parent": "bone",
					"pivot": [28.47096, 485.58394, 43.28875],
					"rotation": [0, -90, 0],
					"cubes": [
						{
							"origin": [8.77087, 454.87041, 24.77366],
							"size": [39.40017, 111.09041, 37.03017],
							"uv": {
								"north": {"uv": [0, 0], "uv_size": [17, 47]},
								"east": {"uv": [34, 0], "uv_size": [16, 47]},
								"south": {"uv": [17, 0], "uv_size": [17, 47]},
								"west": {"uv": [0, 47], "uv_size": [16, 47]},
								"up": {"uv": [50, 0], "uv_size": [17, 16]},
								"down": {"uv": [50, 32], "uv_size": [17, -16]}
							}
						},
						{
							"origin": [6.36196, 443.4318, 22.36475],
							"size": [44.21799, 34.64093, 41.84799],
							"inflate": 0.3,
							"uv": {
								"north": {"uv": [50, 32], "uv_size": [18, 14]},
								"east": {"uv": [52, 60], "uv_size": [17, 14]},
								"south": {"uv": [52, 46], "uv_size": [18, 14]},
								"west": {"uv": [16, 64], "uv_size": [17, 14]},
								"up": {"uv": [16, 47], "uv_size": [18, 17]},
								"down": {"uv": [34, 64], "uv_size": [18, -17]}
							}
						}
					]
				}
			]
		}
	]
}