{
	"format_version": "1.12.0",
	"minecraft:geometry": [
		{
			"description": {
				"identifier": "geometry.allosaurus_complet",
				"texture_width": 16,
				"texture_height": 16,
				"visible_bounds_width": 11,
				"visible_bounds_height": 5.5,
				"visible_bounds_offset": [0, 2.25, 0]
			},
			"bones": [
				{
					"name": "root2",
					"pivot": [0, 0, 0]
				},
				{
					"name": "root",
					"parent": "root2",
					"pivot": [0, 0, 0]
				},
				{
					"name": "tudo",
					"parent": "root",
					"pivot": [0, 12, 0]
				},
				{
					"name": "waistAllosaurus",
					"parent": "tudo",
					"pivot": [0, 34, 0]
				},
				{
					"name": "bodyAllosaurus",
					"parent": "waistAllosaurus",
					"pivot": [0, 35, -37.5],
					"cubes": [
						{
							"origin": [-10.5, 20, -2],
							"size": [21, 27, 20],
							"uv": {
								"north": {"uv": [0.25, 0.25], "uv_size": [5.75, 5.75]},
								"east": {"uv": [0.25, 0.25], "uv_size": [5.75, 5.75]},
								"south": {"uv": [0.25, 3], "uv_size": [3, 3]},
								"west": {"uv": [6, 0.25], "uv_size": [-5.75, 5.75]},
								"up": {"uv": [12.5, 3.25], "uv_size": [-3, -3]},
								"down": {"uv": [9.25, 3.25], "uv_size": [-3, -3]}
							}
						},
						{
							"origin": [-9.5, 22.5, -8],
							"size": [19, 22.5, 6],
							"uv": {
								"north": {"uv": [0.25, 0.25], "uv_size": [5.75, 5.75]},
								"east": {"uv": [0.25, 0.25], "uv_size": [1.75, 5.75]},
								"south": {"uv": [0.25, 0.25], "uv_size": [5.75, 5.75]},
								"west": {"uv": [2, 0.25], "uv_size": [-1.75, 5.75]},
								"up": {"uv": [12.5, 1], "uv_size": [-3, -0.75]},
								"down": {"uv": [9.25, 1], "uv_size": [-3, -0.75]}
							}
						},
						{
							"origin": [-7.5, 22.6, 14],
							"size": [15, 21, 14.5],
							"uv": {
								"north": {"uv": [0.25, 6], "uv_size": [5.75, -5.75]},
								"east": {"uv": [0.25, 0.25], "uv_size": [5.75, 5.75]},
								"south": {"uv": [0.25, 0.25], "uv_size": [5.75, 5.75]},
								"west": {"uv": [6, 0.25], "uv_size": [-5.75, 5.75]},
								"up": {"uv": [12.5, 0.25], "uv_size": [-3, 3]},
								"down": {"uv": [9.25, 1.25], "uv_size": [-3, 2]}
							}
						}
					]
				},
				{
					"name": "neckAllosaurus1",
					"parent": "bodyAllosaurus",
					"pivot": [0, 34.5, -16],
					"cubes": [
						{
							"origin": [-9, 25, -16],
							"size": [18, 18.5, 8],
							"uv": {
								"north": {"uv": [0.25, 0.25], "uv_size": [5.75, 5.75]},
								"east": {"uv": [0.25, 0.25], "uv_size": [5.75, 5.75]},
								"south": {"uv": [0.25, 0.25], "uv_size": [5.75, 5.75]},
								"west": {"uv": [6, 0.25], "uv_size": [-5.75, 5.75]},
								"up": {"uv": [12.5, 3.25], "uv_size": [-3, -3]},
								"down": {"uv": [9.25, 3.25], "uv_size": [-3, -3]}
							}
						}
					]
				},
				{
					"name": "neckAllosaurus2",
					"parent": "neckAllosaurus1",
					"pivot": [0, 34.5, -16],
					"cubes": [
						{
							"origin": [-8, 27, -23.5],
							"size": [16, 15, 8.5],
							"uv": {
								"north": {"uv": [0.25, 0.25], "uv_size": [5.75, 5.75]},
								"east": {"uv": [0.25, 0.25], "uv_size": [5.75, 5.75]},
								"south": {"uv": [0.25, 0.25], "uv_size": [5.75, 5.75]},
								"west": {"uv": [0.25, 0.25], "uv_size": [5.75, 5.75]},
								"up": {"uv": [12.5, 3.25], "uv_size": [-3, -3]},
								"down": {"uv": [9.25, 3.25], "uv_size": [-3, -3]}
							}
						},
						{
							"origin": [-6.5, 28.5, -31],
							"size": [12.5, 12.5, 7.5],
							"uv": {
								"north": {"uv": [0.25, 0.25], "uv_size": [5.75, 5.75]},
								"east": {"uv": [0.25, 0.25], "uv_size": [5.75, 5.75]},
								"south": {"uv": [0.25, 0.25], "uv_size": [5.75, 5.75]},
								"west": {"uv": [0.25, 0.25], "uv_size": [5.75, 5.75]},
								"up": {"uv": [12.5, 3.25], "uv_size": [-3, -3]},
								"down": {"uv": [9.25, 3.25], "uv_size": [-3, -3]}
							}
						},
						{
							"origin": [-6, 29.5, -37.5],
							"size": [11, 10.5, 6.5],
							"uv": {
								"north": {"uv": [0.25, 0.25], "uv_size": [5.75, 5.75]},
								"east": {"uv": [0.25, 0.25], "uv_size": [5.75, 5.75]},
								"south": {"uv": [0.25, 0.25], "uv_size": [5.75, 5.75]},
								"west": {"uv": [0.25, 0.25], "uv_size": [5.75, 5.75]},
								"up": {"uv": [12.5, 3.25], "uv_size": [-3, -3]},
								"down": {"uv": [9.25, 3.25], "uv_size": [-3, -3]}
							}
						}
					]
				},
				{
					"name": "headAllossaurus",
					"parent": "bodyAllosaurus",
					"pivot": [0, 31, -37.5],
					"cubes": [
						{
							"origin": [-5, 28, -64.5],
							"size": [10, 3, 17],
							"uv": {
								"north": {"uv": [0.26667, 7.97333], "uv_size": [3.81333, 1.33333]},
								"east": {"uv": [0.24, 6.24], "uv_size": [4.77333, 1.33333]},
								"south": {"uv": [0.24, 6.24], "uv_size": [4.77333, 1.33333]},
								"west": {"uv": [5.01333, 6.24], "uv_size": [-4.77333, 1.33333]},
								"up": {"uv": [0, 16], "uv_size": [0, 0]},
								"down": {"uv": [10.02667, 7.62667], "uv_size": [-4.77333, -1.33333]}
							}
						},
						{
							"origin": [-10, 39.5, -54],
							"size": [4, 5, 9.5],
							"pivot": [-3.46073, 42.77533, -48.23173],
							"rotation": [7.5, 0, 10],
							"uv": {
								"north": {"uv": [6.375, 3.625], "uv_size": [0.75, 0.75]},
								"east": {"uv": [6.375, 3.625], "uv_size": [0.75, 0.75]},
								"south": {"uv": [6.375, 3.625], "uv_size": [0.75, 0.75]},
								"west": {"uv": [6.375, 3.625], "uv_size": [0.75, 0.75]},
								"up": {"uv": [7.125, 4.375], "uv_size": [-0.75, -0.75]},
								"down": {"uv": [7.125, 4.375], "uv_size": [-0.75, -0.75]}
							}
						},
						{
							"origin": [6, 39.5, -54],
							"size": [4, 5, 9.5],
							"pivot": [3.46073, 42.77533, -48.23173],
							"rotation": [7.5, 0, -10],
							"uv": {
								"north": {"uv": [7.125, 3.625], "uv_size": [-0.75, 0.75]},
								"east": {"uv": [7.125, 3.625], "uv_size": [-0.75, 0.75]},
								"south": {"uv": [7.125, 3.625], "uv_size": [-0.75, 0.75]},
								"west": {"uv": [7.125, 3.625], "uv_size": [-0.75, 0.75]},
								"up": {"uv": [6.375, 4.375], "uv_size": [0.75, -0.75]},
								"down": {"uv": [6.375, 4.375], "uv_size": [0.75, -0.75]}
							}
						},
						{
							"origin": [-9.5, 37.5, -52],
							"size": [3, 3, 6],
							"pivot": [-0.809, 38.786, -48.19067],
							"rotation": [2.5, 0, 0],
							"uv": {
								"north": {"uv": [10.75, 3.5], "uv_size": [-2, 1.5]},
								"east": {"uv": [8.75, 3.5], "uv_size": [2, 1.5]},
								"south": {"uv": [10.75, 3.5], "uv_size": [-2, 1.5]},
								"west": {"uv": [8.75, 3.5], "uv_size": [2, 1.5]},
								"up": {"uv": [10.75, 3.725], "uv_size": [-2, -0.225]},
								"down": {"uv": [9.5, 5.75], "uv_size": [0.5, -0.5]}
							}
						},
						{
							"origin": [6.5, 37.5, -52],
							"size": [3, 3, 6],
							"pivot": [0.809, 38.786, -48.19067],
							"rotation": [2.5, 0, 0],
							"uv": {
								"north": {"uv": [8.75, 3.5], "uv_size": [2, 1.5]},
								"east": {"uv": [10.75, 3.5], "uv_size": [-2, 1.5]},
								"south": {"uv": [8.75, 3.5], "uv_size": [2, 1.5]},
								"west": {"uv": [10.75, 3.5], "uv_size": [-2, 1.5]},
								"up": {"uv": [8.75, 3.725], "uv_size": [2, -0.225]},
								"down": {"uv": [10, 5.75], "uv_size": [-0.5, -0.5]}
							}
						},
						{
							"origin": [-6.5, 31, -69],
							"size": [13, 10, 14],
							"pivot": [0, 36, -62.5],
							"rotation": [5, 0, 0],
							"uv": {
								"north": {"uv": [12.75, 0.25], "uv_size": [3, 3]},
								"east": {"uv": [12.75, 0.25], "uv_size": [3, 3]},
								"south": {"uv": [12.75, 0.25], "uv_size": [3, 3]},
								"west": {"uv": [12.75, 0.25], "uv_size": [3, 3]},
								"up": {"uv": [15.75, 3.25], "uv_size": [-3, -3]},
								"down": {"uv": [15.75, 3.25], "uv_size": [-3, -3]}
							}
						},
						{
							"origin": [-8, 32, -60],
							"size": [16, 12, 13.5],
							"pivot": [0.44353, 36.06387, -49.1836],
							"rotation": [5, 0, 0],
							"uv": {
								"north": {"uv": [12.75, 0.25], "uv_size": [3, 3]},
								"east": {"uv": [12.75, 0.25], "uv_size": [3, 3]},
								"south": {"uv": [12.75, 0.25], "uv_size": [3, 3]},
								"west": {"uv": [12.75, 0.25], "uv_size": [3, 3]},
								"up": {"uv": [15.75, 3.25], "uv_size": [-3, -3]},
								"down": {"uv": [15.75, 3.25], "uv_size": [-3, -3]}
							}
						},
						{
							"origin": [-9, 31, -53.5],
							"size": [18, 14, 16],
							"uv": {
								"north": {"uv": [12.75, 0.25], "uv_size": [3, 3]},
								"east": {"uv": [12.75, 0.25], "uv_size": [3, 3]},
								"south": {"uv": [12.75, 0.25], "uv_size": [3, 3]},
								"west": {"uv": [12.75, 0.25], "uv_size": [3, 3]},
								"up": {"uv": [15.75, 3.25], "uv_size": [-3, -3]},
								"down": {"uv": [15.75, 3.25], "uv_size": [-3, -3]}
							}
						}
					]
				},
				{
					"name": "jawAllosaurus",
					"parent": "headAllossaurus",
					"pivot": [-0.12382, 30.03404, -44.29182],
					"cubes": [
						{
							"origin": [-5.5, 24, -61.5],
							"size": [11, 6.5, 10],
							"pivot": [0.0864, 30.501, -44.08257],
							"rotation": [-5, 0, 0],
							"uv": {
								"north": {"uv": [12.75, 0.25], "uv_size": [3, 3]},
								"east": {"uv": [12.75, 0.25], "uv_size": [3, 3]},
								"south": {"uv": [12.75, 0.25], "uv_size": [3, 3]},
								"west": {"uv": [12.75, 0.25], "uv_size": [3, 3]},
								"up": {"uv": [8.375, 5.625], "uv_size": [-0.75, -0.75]},
								"down": {"uv": [15.75, 3.25], "uv_size": [-3, -3]}
							}
						},
						{
							"origin": [-8, 24, -52.5],
							"size": [16, 7.5, 15],
							"uv": {
								"north": {"uv": [12.75, 0.25], "uv_size": [3, 3]},
								"east": {"uv": [12.75, 0.25], "uv_size": [3, 3]},
								"south": {"uv": [12.75, 0.25], "uv_size": [3, 3]},
								"west": {"uv": [12.75, 0.25], "uv_size": [3, 3]},
								"up": {"uv": [8.375, 5.625], "uv_size": [-0.75, -0.75]},
								"down": {"uv": [15.75, 3.25], "uv_size": [-3, -3]}
							}
						},
						{
							"origin": [-4.5, 26.5, -67],
							"size": [9, 5, 7.5],
							"pivot": [0, 29.5, -63.25],
							"rotation": [-2.5, 0, 0],
							"uv": {
								"north": {"uv": [12.75, 0.25], "uv_size": [3, 3]},
								"east": {"uv": [12.75, 0.25], "uv_size": [3, 3]},
								"south": {"uv": [12.75, 0.25], "uv_size": [3, 3]},
								"west": {"uv": [12.75, 0.25], "uv_size": [3, 3]},
								"up": {"uv": [8.375, 5.625], "uv_size": [-0.75, -0.75]},
								"down": {"uv": [15.75, 3.25], "uv_size": [-3, -3]}
							}
						},
						{
							"origin": [-4, 30.5, -63.5],
							"size": [8, 5, 14],
							"uv": {
								"north": {"uv": [0.37333, 9.28], "uv_size": [3.52, -1.30667]},
								"east": {"uv": [0.26667, 7.57333], "uv_size": [3.54667, -1.30667]},
								"south": {"uv": [5.84, 6.24], "uv_size": [4.74667, 1.30667]},
								"west": {"uv": [3.81333, 7.57333], "uv_size": [-3.54667, -1.30667]},
								"up": {"uv": [10.24, 7.62667], "uv_size": [-4.74667, -1.30667]},
								"down": {"uv": [5.01333, 7.57333], "uv_size": [-4.74667, -1.30667]}
							}
						}
					]
				},
				{
					"name": "tail1",
					"parent": "bodyAllosaurus",
					"pivot": [0, 33.5, 28.5],
					"cubes": [
						{
							"origin": [-6, 26, 28.5],
							"size": [12, 15, 15],
							"pivot": [0, 33.5, 36],
							"rotation": [90, 0, 0],
							"uv": {
								"north": {"uv": [9.5, 0.25], "uv_size": [3, 3]},
								"east": {"uv": [9.5, 0.25], "uv_size": [3, 3]},
								"south": {"uv": [9.5, 0.25], "uv_size": [3, 3]},
								"west": {"uv": [9.5, 0.25], "uv_size": [3, 3]},
								"up": {"uv": [12.5, 3.25], "uv_size": [-3, -3]},
								"down": {"uv": [12.5, 3.25], "uv_size": [-3, -3]}
							}
						}
					]
				},
				{
					"name": "tail2",
					"parent": "tail1",
					"pivot": [0, 33.5, 43.5],
					"cubes": [
						{
							"origin": [-5, 26.75, 43.75],
							"size": [10, 13, 12.5],
							"pivot": [0, 33.25, 50],
							"rotation": [90, 0, 0],
							"uv": {
								"north": {"uv": [9.5, 0.25], "uv_size": [3, 3]},
								"east": {"uv": [9.5, 0.25], "uv_size": [3, 3]},
								"south": {"uv": [9.5, 0.25], "uv_size": [3, 3]},
								"west": {"uv": [9.5, 0.25], "uv_size": [3, 3]},
								"up": {"uv": [12.5, 3.25], "uv_size": [-3, -3]},
								"down": {"uv": [12.5, 3.25], "uv_size": [-3, -3]}
							}
						}
					]
				},
				{
					"name": "tail3",
					"parent": "tail2",
					"pivot": [0, 33.5, 56.5],
					"cubes": [
						{
							"origin": [-4, 27.5, 58],
							"size": [8, 12, 9],
							"pivot": [0, 33.5, 62.5],
							"rotation": [90, 0, 0],
							"uv": {
								"north": {"uv": [9.5, 0.25], "uv_size": [3, 3]},
								"east": {"uv": [9.5, 0.25], "uv_size": [3, 3]},
								"south": {"uv": [9.5, 0.25], "uv_size": [3, 3]},
								"west": {"uv": [9.5, 0.25], "uv_size": [3, 3]},
								"up": {"uv": [12.5, 3.25], "uv_size": [-3, -3]},
								"down": {"uv": [12.5, 3.25], "uv_size": [-3, -3]}
							}
						}
					]
				},
				{
					"name": "tail4",
					"parent": "tail3",
					"pivot": [0, 33.5, 68.5],
					"cubes": [
						{
							"origin": [-3, 28.75, 69.75],
							"size": [6, 8.5, 7],
							"pivot": [0, 33, 72.75],
							"rotation": [90, 0, 0],
							"uv": {
								"north": {"uv": [9.5, 0.25], "uv_size": [3, 3]},
								"east": {"uv": [9.5, 0.25], "uv_size": [3, 3]},
								"south": {"uv": [9.5, 0.25], "uv_size": [3, 3]},
								"west": {"uv": [9.5, 0.25], "uv_size": [3, 3]},
								"up": {"uv": [12.5, 3.25], "uv_size": [-3, -3]},
								"down": {"uv": [12.5, 3.25], "uv_size": [-3, -3]}
							}
						}
					]
				},
				{
					"name": "rightArmAlossaurus",
					"parent": "bodyAllosaurus",
					"pivot": [-10.37459, 32, -11],
					"cubes": [
						{
							"origin": [-13.81733, 24.00558, -13.57991],
							"size": [5, 12, 8],
							"pivot": [-11.96667, 28.34558, -9.79458],
							"rotation": [12.5, 0, 0],
							"uv": {
								"north": {"uv": [12.8, 0.29333], "uv_size": [2.88, 2.90667]},
								"east": {"uv": [12.8, 0.29333], "uv_size": [2.88, 2.90667]},
								"south": {"uv": [12.8, 0.29333], "uv_size": [2.88, 2.90667]},
								"west": {"uv": [12.8, 0.29333], "uv_size": [2.88, 2.90667]},
								"up": {"uv": [15.68, 3.2], "uv_size": [-2.88, -2.90667]},
								"down": {"uv": [15.68, 3.2], "uv_size": [-2.88, -2.90667]}
							}
						},
						{
							"origin": [-12.53067, 20.19758, -9.30258],
							"size": [3, 9.5, 4.5],
							"pivot": [-11.96667, 28.34558, -9.79458],
							"rotation": [-45, 0, 0],
							"uv": {
								"north": {"uv": [12.8, 0.29333], "uv_size": [2.88, 2.90667]},
								"east": {"uv": [12.8, 0.29333], "uv_size": [2.88, 2.90667]},
								"south": {"uv": [12.8, 0.29333], "uv_size": [2.88, 2.90667]},
								"west": {"uv": [12.8, 0.29333], "uv_size": [2.88, 2.90667]},
								"up": {"uv": [15.68, 3.2], "uv_size": [-2.88, -2.90667]},
								"down": {"uv": [15.68, 3.2], "uv_size": [-2.88, -2.90667]}
							}
						},
						{
							"origin": [-13.53867, 19.90958, -6.99858],
							"size": [4.2, 2.472, 4.872],
							"pivot": [-11.96667, 28.34558, -9.79458],
							"rotation": [-65, 0, 0],
							"uv": {
								"north": {"uv": [12.8, 0.29333], "uv_size": [2.88, 2.90667]},
								"east": {"uv": [12.8, 0.29333], "uv_size": [2.88, 2.90667]},
								"south": {"uv": [12.8, 0.29333], "uv_size": [2.88, 2.90667]},
								"west": {"uv": [12.8, 0.29333], "uv_size": [2.88, 2.90667]},
								"up": {"uv": [15.68, 3.2], "uv_size": [-2.88, -2.90667]},
								"down": {"uv": [15.68, 3.2], "uv_size": [-2.88, -2.90667]}
							}
						},
						{
							"origin": [-12.67467, 14.34109, -14.30868],
							"size": [2.472, 4.872, 2.184],
							"pivot": [-11.43867, 17.8456, -12.45814],
							"rotation": [-47.5, 0, 0],
							"uv": {
								"north": {"uv": [12.8, 0.29333], "uv_size": [2.88, 2.90667]},
								"east": {"uv": [12.8, 0.29333], "uv_size": [2.88, 2.90667]},
								"south": {"uv": [12.8, 0.29333], "uv_size": [2.88, 2.90667]},
								"west": {"uv": [12.8, 0.29333], "uv_size": [2.88, 2.90667]},
								"up": {"uv": [15.68, 3.2], "uv_size": [-2.88, -2.90667]},
								"down": {"uv": [15.68, 3.2], "uv_size": [-2.88, -2.90667]}
							}
						},
						{
							"origin": [-12.67467, 20.22795, -17.50556],
							"size": [2.472, 4.872, 2.472],
							"pivot": [-11.43867, 22.66395, -16.41356],
							"rotation": [-107.5, 0, 0],
							"uv": {
								"north": {"uv": [12.8, 0.29333], "uv_size": [2.88, 2.90667]},
								"east": {"uv": [12.8, 0.29333], "uv_size": [2.88, 2.90667]},
								"south": {"uv": [12.8, 0.29333], "uv_size": [2.88, 2.90667]},
								"west": {"uv": [12.8, 0.29333], "uv_size": [2.88, 2.90667]},
								"up": {"uv": [15.68, 3.2], "uv_size": [-2.88, -2.90667]},
								"down": {"uv": [15.68, 3.2], "uv_size": [-2.88, -2.90667]}
							}
						},
						{
							"origin": [-14.88267, 20.22795, -17.21756],
							"size": [1.8, 4.872, 2.184],
							"pivot": [-11.43867, 22.66395, -16.41356],
							"rotation": [-108.84359, 21.40584, -7.09999],
							"uv": {
								"north": {"uv": [12.8, 0.29333], "uv_size": [2.88, 2.90667]},
								"east": {"uv": [12.8, 0.29333], "uv_size": [2.88, 2.90667]},
								"south": {"uv": [12.8, 0.29333], "uv_size": [2.88, 2.90667]},
								"west": {"uv": [12.8, 0.29333], "uv_size": [2.88, 2.90667]},
								"up": {"uv": [15.68, 3.2], "uv_size": [-2.88, -2.90667]},
								"down": {"uv": [15.68, 3.2], "uv_size": [-2.88, -2.90667]}
							}
						},
						{
							"origin": [-8.64267, 25.69995, -17.21756],
							"size": [1.8, 4.872, 2.184],
							"pivot": [3.82533, 22.66395, -16.41356],
							"rotation": [-108.84359, -21.40584, 7.09999],
							"uv": {
								"north": {"uv": [12.8, 0.29333], "uv_size": [2.88, 2.90667]},
								"east": {"uv": [12.8, 0.29333], "uv_size": [2.88, 2.90667]},
								"south": {"uv": [12.8, 0.29333], "uv_size": [2.88, 2.90667]},
								"west": {"uv": [12.8, 0.29333], "uv_size": [2.88, 2.90667]},
								"up": {"uv": [15.68, 3.2], "uv_size": [-2.88, -2.90667]},
								"down": {"uv": [15.68, 3.2], "uv_size": [-2.88, -2.90667]}
							}
						},
						{
							"origin": [-9.55748, 18.22826, -17.85667],
							"size": [1.32, 2.632, 1.32],
							"pivot": [-8.95615, 22.20026, -15.90067],
							"rotation": [-72.56716, -19.21948, 9.29448],
							"uv": {
								"north": {"uv": [7.81333, 4.02667], "uv_size": [0.4, 0.21333]},
								"east": {"uv": [7.81333, 4.02667], "uv_size": [0.4, 0.21333]},
								"south": {"uv": [7.81333, 4.02667], "uv_size": [0.4, 0.21333]},
								"west": {"uv": [7.81333, 4.02667], "uv_size": [0.4, 0.21333]},
								"up": {"uv": [8.21333, 4.24], "uv_size": [-0.4, -0.21333]},
								"down": {"uv": [8.21333, 4.24], "uv_size": [-0.4, -0.21333]}
							}
						},
						{
							"origin": [-14.584, 18.38261, -18.0389],
							"size": [1.20267, 2.664, 1.20267],
							"pivot": [-11.43867, 22.66395, -16.41356],
							"rotation": [-73.84359, 21.40584, -7.09999],
							"uv": {
								"north": {"uv": [7.86667, 3.78667], "uv_size": [0.37333, 0.4]},
								"east": {"uv": [7.86667, 3.78667], "uv_size": [0.37333, 0.4]},
								"south": {"uv": [7.86667, 3.78667], "uv_size": [0.37333, 0.4]},
								"west": {"uv": [7.86667, 3.78667], "uv_size": [0.37333, 0.4]},
								"up": {"uv": [8.24, 4.18667], "uv_size": [-0.37333, -0.4]},
								"down": {"uv": [8.24, 4.18667], "uv_size": [-0.37333, -0.4]}
							}
						},
						{
							"origin": [-12.184, 18.75595, -18.63623],
							"size": [1.39467, 2.952, 1.49067],
							"pivot": [-11.43867, 22.66395, -16.41356],
							"rotation": [-60, 0, 0],
							"uv": {
								"north": {"uv": [8.13333, 3.68], "uv_size": [-0.32, 0.56]},
								"east": {"uv": [8.13333, 3.68], "uv_size": [-0.32, 0.56]},
								"south": {"uv": [8.13333, 3.68], "uv_size": [-0.32, 0.56]},
								"west": {"uv": [8.13333, 3.68], "uv_size": [-0.32, 0.56]},
								"up": {"uv": [7.81333, 4.24], "uv_size": [0.32, -0.56]},
								"down": {"uv": [7.81333, 4.24], "uv_size": [0.32, -0.56]}
							}
						},
						{
							"origin": [-12.00267, 15.77504, -18.04286],
							"size": [1.32, 2.664, 1.512],
							"pivot": [-11.43867, 15.66704, -17.33486],
							"rotation": [-75, 0, 0],
							"uv": {
								"north": {"uv": [7.68, 3.68], "uv_size": [0.34667, 0.72]},
								"east": {"uv": [7.68, 3.68], "uv_size": [0.34667, 0.72]},
								"south": {"uv": [7.68, 3.68], "uv_size": [0.34667, 0.72]},
								"west": {"uv": [7.68, 3.68], "uv_size": [0.34667, 0.72]},
								"up": {"uv": [8.02667, 4.4], "uv_size": [-0.34667, -0.72]},
								"down": {"uv": [8.02667, 4.4], "uv_size": [-0.34667, -0.72]}
							}
						}
					]
				},
				{
					"name": "leftArmAlossaurus",
					"parent": "bodyAllosaurus",
					"pivot": [10.37459, 32, -11],
					"cubes": [
						{
							"origin": [8.81733, 24.00558, -13.57991],
							"size": [5, 12, 8],
							"pivot": [11.96667, 28.34558, -9.79458],
							"rotation": [12.5, 0, 0],
							"uv": {
								"north": {"uv": [15.68, 0.29333], "uv_size": [-2.88, 2.90667]},
								"east": {"uv": [15.68, 0.29333], "uv_size": [-2.88, 2.90667]},
								"south": {"uv": [15.68, 0.29333], "uv_size": [-2.88, 2.90667]},
								"west": {"uv": [15.68, 0.29333], "uv_size": [-2.88, 2.90667]},
								"up": {"uv": [12.8, 3.2], "uv_size": [2.88, -2.90667]},
								"down": {"uv": [12.8, 3.2], "uv_size": [2.88, -2.90667]}
							}
						},
						{
							"origin": [9.53067, 20.19758, -9.30258],
							"size": [3, 9.5, 4.5],
							"pivot": [11.96667, 28.34558, -9.79458],
							"rotation": [-45, 0, 0],
							"uv": {
								"north": {"uv": [15.68, 0.29333], "uv_size": [-2.88, 2.90667]},
								"east": {"uv": [15.68, 0.29333], "uv_size": [-2.88, 2.90667]},
								"south": {"uv": [15.68, 0.29333], "uv_size": [-2.88, 2.90667]},
								"west": {"uv": [15.68, 0.29333], "uv_size": [-2.88, 2.90667]},
								"up": {"uv": [12.8, 3.2], "uv_size": [2.88, -2.90667]},
								"down": {"uv": [12.8, 3.2], "uv_size": [2.88, -2.90667]}
							}
						},
						{
							"origin": [9.33867, 19.90958, -6.99858],
							"size": [4.2, 2.472, 4.872],
							"pivot": [11.96667, 28.34558, -9.79458],
							"rotation": [-65, 0, 0],
							"uv": {
								"north": {"uv": [15.68, 0.29333], "uv_size": [-2.88, 2.90667]},
								"east": {"uv": [15.68, 0.29333], "uv_size": [-2.88, 2.90667]},
								"south": {"uv": [15.68, 0.29333], "uv_size": [-2.88, 2.90667]},
								"west": {"uv": [15.68, 0.29333], "uv_size": [-2.88, 2.90667]},
								"up": {"uv": [12.8, 3.2], "uv_size": [2.88, -2.90667]},
								"down": {"uv": [12.8, 3.2], "uv_size": [2.88, -2.90667]}
							}
						},
						{
							"origin": [10.20267, 14.34109, -14.30868],
							"size": [2.472, 4.872, 2.184],
							"pivot": [11.43867, 17.8456, -12.45814],
							"rotation": [-47.5, 0, 0],
							"uv": {
								"north": {"uv": [15.68, 0.29333], "uv_size": [-2.88, 2.90667]},
								"east": {"uv": [15.68, 0.29333], "uv_size": [-2.88, 2.90667]},
								"south": {"uv": [15.68, 0.29333], "uv_size": [-2.88, 2.90667]},
								"west": {"uv": [15.68, 0.29333], "uv_size": [-2.88, 2.90667]},
								"up": {"uv": [12.8, 3.2], "uv_size": [2.88, -2.90667]},
								"down": {"uv": [12.8, 3.2], "uv_size": [2.88, -2.90667]}
							}
						},
						{
							"origin": [10.20267, 20.22795, -17.50556],
							"size": [2.472, 4.872, 2.472],
							"pivot": [11.43867, 22.66395, -16.41356],
							"rotation": [-107.5, 0, 0],
							"uv": {
								"north": {"uv": [15.68, 0.29333], "uv_size": [-2.88, 2.90667]},
								"east": {"uv": [15.68, 0.29333], "uv_size": [-2.88, 2.90667]},
								"south": {"uv": [15.68, 0.29333], "uv_size": [-2.88, 2.90667]},
								"west": {"uv": [15.68, 0.29333], "uv_size": [-2.88, 2.90667]},
								"up": {"uv": [12.8, 3.2], "uv_size": [2.88, -2.90667]},
								"down": {"uv": [12.8, 3.2], "uv_size": [2.88, -2.90667]}
							}
						},
						{
							"origin": [13.08267, 20.22795, -17.21756],
							"size": [1.8, 4.872, 2.184],
							"pivot": [11.43867, 22.66395, -16.41356],
							"rotation": [-108.84359, -21.40584, 7.09999],
							"uv": {
								"north": {"uv": [15.68, 0.29333], "uv_size": [-2.88, 2.90667]},
								"east": {"uv": [15.68, 0.29333], "uv_size": [-2.88, 2.90667]},
								"south": {"uv": [15.68, 0.29333], "uv_size": [-2.88, 2.90667]},
								"west": {"uv": [15.68, 0.29333], "uv_size": [-2.88, 2.90667]},
								"up": {"uv": [12.8, 3.2], "uv_size": [2.88, -2.90667]},
								"down": {"uv": [12.8, 3.2], "uv_size": [2.88, -2.90667]}
							}
						},
						{
							"origin": [6.84267, 25.69995, -17.21756],
							"size": [1.8, 4.872, 2.184],
							"pivot": [-3.82533, 22.66395, -16.41356],
							"rotation": [-108.84359, 21.40584, -7.09999],
							"uv": {
								"north": {"uv": [15.68, 0.29333], "uv_size": [-2.88, 2.90667]},
								"east": {"uv": [15.68, 0.29333], "uv_size": [-2.88, 2.90667]},
								"south": {"uv": [15.68, 0.29333], "uv_size": [-2.88, 2.90667]},
								"west": {"uv": [15.68, 0.29333], "uv_size": [-2.88, 2.90667]},
								"up": {"uv": [12.8, 3.2], "uv_size": [2.88, -2.90667]},
								"down": {"uv": [12.8, 3.2], "uv_size": [2.88, -2.90667]}
							}
						},
						{
							"origin": [8.23748, 18.22826, -17.85667],
							"size": [1.32, 2.632, 1.32],
							"pivot": [8.95615, 22.20026, -15.90067],
							"rotation": [-72.56716, 19.21948, -9.29448],
							"uv": {
								"north": {"uv": [8.21333, 4.02667], "uv_size": [-0.4, 0.21333]},
								"east": {"uv": [8.21333, 4.02667], "uv_size": [-0.4, 0.21333]},
								"south": {"uv": [8.21333, 4.02667], "uv_size": [-0.4, 0.21333]},
								"west": {"uv": [8.21333, 4.02667], "uv_size": [-0.4, 0.21333]},
								"up": {"uv": [7.81333, 4.24], "uv_size": [0.4, -0.21333]},
								"down": {"uv": [7.81333, 4.24], "uv_size": [0.4, -0.21333]}
							}
						},
						{
							"origin": [13.38133, 18.38261, -18.0389],
							"size": [1.20267, 2.664, 1.20267],
							"pivot": [11.43867, 22.66395, -16.41356],
							"rotation": [-73.84359, -21.40584, 7.09999],
							"uv": {
								"north": {"uv": [8.24, 3.78667], "uv_size": [-0.37333, 0.4]},
								"east": {"uv": [8.24, 3.78667], "uv_size": [-0.37333, 0.4]},
								"south": {"uv": [8.24, 3.78667], "uv_size": [-0.37333, 0.4]},
								"west": {"uv": [8.24, 3.78667], "uv_size": [-0.37333, 0.4]},
								"up": {"uv": [7.86667, 4.18667], "uv_size": [0.37333, -0.4]},
								"down": {"uv": [7.86667, 4.18667], "uv_size": [0.37333, -0.4]}
							}
						},
						{
							"origin": [10.78933, 18.75595, -18.63623],
							"size": [1.39467, 2.952, 1.49067],
							"pivot": [11.43867, 22.66395, -16.41356],
							"rotation": [-60, 0, 0],
							"uv": {
								"north": {"uv": [7.81333, 3.68], "uv_size": [0.32, 0.56]},
								"east": {"uv": [7.81333, 3.68], "uv_size": [0.32, 0.56]},
								"south": {"uv": [7.81333, 3.68], "uv_size": [0.32, 0.56]},
								"west": {"uv": [7.81333, 3.68], "uv_size": [0.32, 0.56]},
								"up": {"uv": [8.13333, 4.24], "uv_size": [-0.32, -0.56]},
								"down": {"uv": [8.13333, 4.24], "uv_size": [-0.32, -0.56]}
							}
						},
						{
							"origin": [10.68267, 15.77504, -18.04286],
							"size": [1.32, 2.664, 1.512],
							"pivot": [11.43867, 15.66704, -17.33486],
							"rotation": [-75, 0, 0],
							"uv": {
								"north": {"uv": [8.02667, 3.68], "uv_size": [-0.34667, 0.72]},
								"east": {"uv": [8.02667, 3.68], "uv_size": [-0.34667, 0.72]},
								"south": {"uv": [8.02667, 3.68], "uv_size": [-0.34667, 0.72]},
								"west": {"uv": [8.02667, 3.68], "uv_size": [-0.34667, 0.72]},
								"up": {"uv": [7.68, 4.4], "uv_size": [0.34667, -0.72]},
								"down": {"uv": [7.68, 4.4], "uv_size": [0.34667, -0.72]}
							}
						}
					]
				},
				{
					"name": "leg1",
					"parent": "tudo",
					"pivot": [-12.5, 29, 6.5],
					"cubes": [
						{
							"origin": [-17.75, 17, -2.5],
							"size": [8.5, 18.5, 15],
							"pivot": [-13.5, 26.25, 5],
							"rotation": [-7.5, 0, 0],
							"uv": {
								"north": {"uv": [12.75, 0.25], "uv_size": [3, 3]},
								"east": {"uv": [12.75, 0.25], "uv_size": [3, 3]},
								"south": {"uv": [12.75, 0.25], "uv_size": [3, 3]},
								"west": {"uv": [12.75, 0.25], "uv_size": [3, 3]},
								"up": {"uv": [15.75, 3.25], "uv_size": [-3, -3]},
								"down": {"uv": [15.75, 3.25], "uv_size": [-3, -3]}
							}
						},
						{
							"origin": [-17.5, 0, 2.5],
							"size": [8, 4, 9],
							"uv": {
								"north": {"uv": [12.75, 0.25], "uv_size": [3, 3]},
								"east": {"uv": [12.75, 0.25], "uv_size": [3, 3]},
								"south": {"uv": [12.75, 0.25], "uv_size": [3, 3]},
								"west": {"uv": [12.75, 0.25], "uv_size": [3, 3]},
								"up": {"uv": [15.75, 3.25], "uv_size": [-3, -3]},
								"down": {"uv": [15.75, 3.25], "uv_size": [-3, -3]}
							}
						},
						{
							"origin": [-15.75, 0.096, 8.756],
							"size": [4, 3.5, 6],
							"uv": {
								"north": {"uv": [12.75, 0.25], "uv_size": [3, 3]},
								"east": {"uv": [12.75, 0.25], "uv_size": [3, 3]},
								"south": {"uv": [12.75, 0.25], "uv_size": [3, 3]},
								"west": {"uv": [12.75, 0.25], "uv_size": [3, 3]},
								"up": {"uv": [15.75, 3.25], "uv_size": [-3, -3]},
								"down": {"uv": [15.75, 3.25], "uv_size": [-3, -3]}
							}
						},
						{
							"origin": [-15.5, 0, -3.5],
							"size": [4, 3.5, 6],
							"uv": {
								"north": {"uv": [12.85333, 0.32], "uv_size": [2.82667, 2.85333]},
								"east": {"uv": [12.85333, 0.32], "uv_size": [2.82667, 2.85333]},
								"south": {"uv": [12.85333, 0.32], "uv_size": [2.82667, 2.85333]},
								"west": {"uv": [12.85333, 0.32], "uv_size": [2.82667, 2.85333]},
								"up": {"uv": [15.68, 3.17333], "uv_size": [-2.82667, -2.85333]},
								"down": {"uv": [15.68, 3.17333], "uv_size": [-2.82667, -2.85333]}
							}
						},
						{
							"origin": [-19, 0, -2],
							"size": [3, 3.5, 7],
							"pivot": [-17, 1.75, 1.5],
							"rotation": [0, 22.5, 0],
							"uv": {
								"north": {"uv": [12.75, 0.25], "uv_size": [3, 3]},
								"east": {"uv": [12.75, 0.25], "uv_size": [3, 3]},
								"south": {"uv": [12.75, 0.25], "uv_size": [3, 3]},
								"west": {"uv": [12.75, 0.25], "uv_size": [3, 3]},
								"up": {"uv": [15.75, 3.25], "uv_size": [-3, -3]},
								"down": {"uv": [15.75, 3.25], "uv_size": [-3, -3]}
							}
						},
						{
							"origin": [-11, 0, -2],
							"size": [3, 3.5, 7],
							"pivot": [-10, 1.75, 1.5],
							"rotation": [0, -22.5, 0],
							"uv": {
								"north": {"uv": [15.75, 0.25], "uv_size": [-3, 3]},
								"east": {"uv": [15.75, 0.25], "uv_size": [-3, 3]},
								"south": {"uv": [15.75, 0.25], "uv_size": [-3, 3]},
								"west": {"uv": [15.75, 0.25], "uv_size": [-3, 3]},
								"up": {"uv": [12.75, 3.25], "uv_size": [3, -3]},
								"down": {"uv": [12.75, 3.25], "uv_size": [3, -3]}
							}
						},
						{
							"origin": [-15, 0, 13],
							"size": [2.5, 2.5, 4],
							"pivot": [-13.47, 1.60667, 15.42933],
							"rotation": [-7.5, 0, 0],
							"uv": {
								"north": {"uv": [7.625, 3.625], "uv_size": [0.75, 0.75]},
								"east": {"uv": [7.625, 3.625], "uv_size": [0.75, 0.75]},
								"south": {"uv": [7.625, 3.625], "uv_size": [0.75, 0.75]},
								"west": {"uv": [7.625, 3.625], "uv_size": [0.75, 0.75]},
								"up": {"uv": [8.375, 4.375], "uv_size": [-0.75, -0.75]},
								"down": {"uv": [8.375, 4.375], "uv_size": [-0.75, -0.75]}
							}
						},
						{
							"origin": [-16.75, 10, 2.5],
							"size": [7, 9, 11.5],
							"pivot": [-13.88067, 14.044, 5.808],
							"rotation": [20, 0, 0],
							"uv": {
								"north": {"uv": [12.75, 0.25], "uv_size": [3, 3]},
								"east": {"uv": [12.75, 0.25], "uv_size": [3, 3]},
								"south": {"uv": [12.75, 0.25], "uv_size": [3, 3]},
								"west": {"uv": [12.75, 0.25], "uv_size": [3, 3]},
								"up": {"uv": [15.75, 3.25], "uv_size": [-3, -3]},
								"down": {"uv": [15.75, 3.25], "uv_size": [-3, -3]}
							}
						},
						{
							"origin": [-16.25, 1, 6],
							"size": [5.5, 12, 6.5],
							"pivot": [-13.88067, 14.044, 5.808],
							"rotation": [-7.5, 0, 0],
							"uv": {
								"north": {"uv": [12.75, 0.25], "uv_size": [3, 3]},
								"east": {"uv": [12.75, 0.25], "uv_size": [3, 3]},
								"south": {"uv": [12.75, 0.25], "uv_size": [3, 3]},
								"west": {"uv": [12.75, 0.25], "uv_size": [3, 3]},
								"up": {"uv": [15.75, 3.25], "uv_size": [-3, -3]},
								"down": {"uv": [15.75, 3.25], "uv_size": [-3, -3]}
							}
						},
						{
							"origin": [-14.75, 0.25, -6.5],
							"size": [2.5, 2.5, 4],
							"pivot": [-13.5, 2, -4.5],
							"rotation": [15, 0, 0],
							"uv": {
								"north": {"uv": [7.625, 3.625], "uv_size": [0.75, 0.75]},
								"east": {"uv": [7.625, 3.625], "uv_size": [0.75, 0.75]},
								"south": {"uv": [7.625, 3.625], "uv_size": [0.75, 0.75]},
								"west": {"uv": [7.625, 3.625], "uv_size": [0.75, 0.75]},
								"up": {"uv": [8.375, 4.375], "uv_size": [-0.75, -0.75]},
								"down": {"uv": [8.375, 4.375], "uv_size": [-0.75, -0.75]}
							}
						},
						{
							"origin": [-9.5, 1, -4.5],
							"size": [2.2, 2.08267, 3.34267],
							"pivot": [-8.4, 1.54134, -1.07866],
							"rotation": [15, -22.5, 0],
							"uv": {
								"north": {"uv": [8.375, 3.625], "uv_size": [-0.75, 0.75]},
								"east": {"uv": [8.375, 3.625], "uv_size": [-0.75, 0.75]},
								"south": {"uv": [8.375, 3.625], "uv_size": [-0.75, 0.75]},
								"west": {"uv": [8.375, 3.625], "uv_size": [-0.75, 0.75]},
								"up": {"uv": [7.625, 4.375], "uv_size": [0.75, -0.75]},
								"down": {"uv": [7.625, 4.375], "uv_size": [0.75, -0.75]}
							}
						},
						{
							"origin": [-19.7, 1, -4.5],
							"size": [2.2, 2.08267, 3.34267],
							"pivot": [-18.6, 1.54134, -1.07866],
							"rotation": [15, 22.5, 0],
							"uv": {
								"north": {"uv": [7.625, 3.625], "uv_size": [0.75, 0.75]},
								"east": {"uv": [7.625, 3.625], "uv_size": [0.75, 0.75]},
								"south": {"uv": [7.625, 3.625], "uv_size": [0.75, 0.75]},
								"west": {"uv": [7.625, 3.625], "uv_size": [0.75, 0.75]},
								"up": {"uv": [8.375, 4.375], "uv_size": [-0.75, -0.75]},
								"down": {"uv": [8.375, 4.375], "uv_size": [-0.75, -0.75]}
							}
						}
					]
				},
				{
					"name": "leg2",
					"parent": "tudo",
					"pivot": [12.5, 29, 6.5],
					"cubes": [
						{
							"origin": [9.25, 17, -2.5],
							"size": [8.5, 18.5, 15],
							"pivot": [13.5, 26.25, 5],
							"rotation": [-7.5, 0, 0],
							"uv": {
								"north": {"uv": [15.75, 0.25], "uv_size": [-3, 3]},
								"east": {"uv": [15.75, 0.25], "uv_size": [-3, 3]},
								"south": {"uv": [15.75, 0.25], "uv_size": [-3, 3]},
								"west": {"uv": [15.75, 0.25], "uv_size": [-3, 3]},
								"up": {"uv": [12.75, 3.25], "uv_size": [3, -3]},
								"down": {"uv": [12.75, 3.25], "uv_size": [3, -3]}
							}
						},
						{
							"origin": [9.5, 0, 2.5],
							"size": [8, 4, 9],
							"uv": {
								"north": {"uv": [15.75, 0.25], "uv_size": [-3, 3]},
								"east": {"uv": [15.75, 0.25], "uv_size": [-3, 3]},
								"south": {"uv": [15.75, 0.25], "uv_size": [-3, 3]},
								"west": {"uv": [15.75, 0.25], "uv_size": [-3, 3]},
								"up": {"uv": [12.75, 3.25], "uv_size": [3, -3]},
								"down": {"uv": [12.75, 3.25], "uv_size": [3, -3]}
							}
						},
						{
							"origin": [11.75, 0.096, 8.756],
							"size": [4, 3.5, 6],
							"uv": {
								"north": {"uv": [15.75, 0.25], "uv_size": [-3, 3]},
								"east": {"uv": [15.75, 0.25], "uv_size": [-3, 3]},
								"south": {"uv": [15.75, 0.25], "uv_size": [-3, 3]},
								"west": {"uv": [15.75, 0.25], "uv_size": [-3, 3]},
								"up": {"uv": [12.75, 3.25], "uv_size": [3, -3]},
								"down": {"uv": [12.75, 3.25], "uv_size": [3, -3]}
							}
						},
						{
							"origin": [11.5, 0, -3.5],
							"size": [4, 3.5, 6],
							"uv": {
								"north": {"uv": [15.68, 0.32], "uv_size": [-2.82667, 2.85333]},
								"east": {"uv": [15.68, 0.32], "uv_size": [-2.82667, 2.85333]},
								"south": {"uv": [15.68, 0.32], "uv_size": [-2.82667, 2.85333]},
								"west": {"uv": [15.68, 0.32], "uv_size": [-2.82667, 2.85333]},
								"up": {"uv": [12.85333, 3.17333], "uv_size": [2.82667, -2.85333]},
								"down": {"uv": [12.85333, 3.17333], "uv_size": [2.82667, -2.85333]}
							}
						},
						{
							"origin": [16, 0, -2],
							"size": [3, 3.5, 7],
							"pivot": [17, 1.75, 1.5],
							"rotation": [0, -22.5, 0],
							"uv": {
								"north": {"uv": [15.75, 0.25], "uv_size": [-3, 3]},
								"east": {"uv": [15.75, 0.25], "uv_size": [-3, 3]},
								"south": {"uv": [15.75, 0.25], "uv_size": [-3, 3]},
								"west": {"uv": [15.75, 0.25], "uv_size": [-3, 3]},
								"up": {"uv": [12.75, 3.25], "uv_size": [3, -3]},
								"down": {"uv": [12.75, 3.25], "uv_size": [3, -3]}
							}
						},
						{
							"origin": [8, 0, -2],
							"size": [3, 3.5, 7],
							"pivot": [10, 1.75, 1.5],
							"rotation": [0, 22.5, 0],
							"uv": {
								"north": {"uv": [12.75, 0.25], "uv_size": [3, 3]},
								"east": {"uv": [12.75, 0.25], "uv_size": [3, 3]},
								"south": {"uv": [12.75, 0.25], "uv_size": [3, 3]},
								"west": {"uv": [12.75, 0.25], "uv_size": [3, 3]},
								"up": {"uv": [15.75, 3.25], "uv_size": [-3, -3]},
								"down": {"uv": [15.75, 3.25], "uv_size": [-3, -3]}
							}
						},
						{
							"origin": [12.5, 0, 13],
							"size": [2.5, 2.5, 4],
							"pivot": [13.47, 1.60667, 15.42933],
							"rotation": [-7.5, 0, 0],
							"uv": {
								"north": {"uv": [8.375, 3.625], "uv_size": [-0.75, 0.75]},
								"east": {"uv": [8.375, 3.625], "uv_size": [-0.75, 0.75]},
								"south": {"uv": [8.375, 3.625], "uv_size": [-0.75, 0.75]},
								"west": {"uv": [8.375, 3.625], "uv_size": [-0.75, 0.75]},
								"up": {"uv": [7.625, 4.375], "uv_size": [0.75, -0.75]},
								"down": {"uv": [7.625, 4.375], "uv_size": [0.75, -0.75]}
							}
						},
						{
							"origin": [9.75, 10, 2.5],
							"size": [7, 9, 11.5],
							"pivot": [13.88067, 14.044, 5.808],
							"rotation": [20, 0, 0],
							"uv": {
								"north": {"uv": [15.75, 0.25], "uv_size": [-3, 3]},
								"east": {"uv": [15.75, 0.25], "uv_size": [-3, 3]},
								"south": {"uv": [15.75, 0.25], "uv_size": [-3, 3]},
								"west": {"uv": [15.75, 0.25], "uv_size": [-3, 3]},
								"up": {"uv": [12.75, 3.25], "uv_size": [3, -3]},
								"down": {"uv": [12.75, 3.25], "uv_size": [3, -3]}
							}
						},
						{
							"origin": [10.75, 1, 6],
							"size": [5.5, 12, 6.5],
							"pivot": [13.88067, 14.044, 5.808],
							"rotation": [-7.5, 0, 0],
							"uv": {
								"north": {"uv": [15.75, 0.25], "uv_size": [-3, 3]},
								"east": {"uv": [15.75, 0.25], "uv_size": [-3, 3]},
								"south": {"uv": [15.75, 0.25], "uv_size": [-3, 3]},
								"west": {"uv": [15.75, 0.25], "uv_size": [-3, 3]},
								"up": {"uv": [12.75, 3.25], "uv_size": [3, -3]},
								"down": {"uv": [12.75, 3.25], "uv_size": [3, -3]}
							}
						},
						{
							"origin": [12.25, 0.25, -6.5],
							"size": [2.5, 2.5, 4],
							"pivot": [13.5, 2, -4.5],
							"rotation": [15, 0, 0],
							"uv": {
								"north": {"uv": [8.375, 3.625], "uv_size": [-0.75, 0.75]},
								"east": {"uv": [8.375, 3.625], "uv_size": [-0.75, 0.75]},
								"south": {"uv": [8.375, 3.625], "uv_size": [-0.75, 0.75]},
								"west": {"uv": [8.375, 3.625], "uv_size": [-0.75, 0.75]},
								"up": {"uv": [7.625, 4.375], "uv_size": [0.75, -0.75]},
								"down": {"uv": [7.625, 4.375], "uv_size": [0.75, -0.75]}
							}
						},
						{
							"origin": [7.3, 1, -4.5],
							"size": [2.2, 2.08267, 3.34267],
							"pivot": [8.4, 1.54134, -1.07866],
							"rotation": [15, 22.5, 0],
							"uv": {
								"north": {"uv": [7.625, 3.625], "uv_size": [0.75, 0.75]},
								"east": {"uv": [7.625, 3.625], "uv_size": [0.75, 0.75]},
								"south": {"uv": [7.625, 3.625], "uv_size": [0.75, 0.75]},
								"west": {"uv": [7.625, 3.625], "uv_size": [0.75, 0.75]},
								"up": {"uv": [8.375, 4.375], "uv_size": [-0.75, -0.75]},
								"down": {"uv": [8.375, 4.375], "uv_size": [-0.75, -0.75]}
							}
						},
						{
							"origin": [17.5, 1, -4.5],
							"size": [2.2, 2.08267, 3.34267],
							"pivot": [18.6, 1.54134, -1.07866],
							"rotation": [15, -22.5, 0],
							"uv": {
								"north": {"uv": [8.375, 3.625], "uv_size": [-0.75, 0.75]},
								"east": {"uv": [8.375, 3.625], "uv_size": [-0.75, 0.75]},
								"south": {"uv": [8.375, 3.625], "uv_size": [-0.75, 0.75]},
								"west": {"uv": [8.375, 3.625], "uv_size": [-0.75, 0.75]},
								"up": {"uv": [7.625, 4.375], "uv_size": [0.75, -0.75]},
								"down": {"uv": [7.625, 4.375], "uv_size": [0.75, -0.75]}
							}
						}
					]
				}
			]
		}
	]
}