{
	"format_version": "1.12.0",
	"minecraft:geometry": [
		{
			"description": {
				"identifier": "geometry.gear_second",
				"texture_width": 64,
				"texture_height": 64,
				"visible_bounds_width": 3,
				"visible_bounds_height": 3.5,
				"visible_bounds_offset": [0, 1.25, 0]
			},
			"bones": [
				{
					"name": "root2",
					"pivot": [0, 0, 0]
				},
				{
					"name": "root",
					"parent": "root2",
					"pivot": [0, 0, 0]
				},
				{
					"name": "tudo",
					"parent": "root",
					"pivot": [0, 12, 0]
				},
				{
					"name": "waist",
					"parent": "tudo",
					"pivot": [0, 12, 0]
				},
				{
					"name": "body",
					"parent": "waist",
					"pivot": [0, 24, 0],
					"cubes": [
						{
							"origin": [-4, 12, -2],
							"size": [8, 12, 4],
							"inflate": 0.1,
							"uv": {
								"north": {"uv": [20, 36], "uv_size": [8, 12]},
								"east": {"uv": [16, 36], "uv_size": [4, 12]},
								"south": {"uv": [32, 36], "uv_size": [8, 12]},
								"west": {"uv": [28, 36], "uv_size": [4, 12]},
								"up": {"uv": [20, 32], "uv_size": [8, 4]},
								"down": {"uv": [28, 36], "uv_size": [8, -4]}
							}
						}
					]
				},
				{
					"name": "head",
					"parent": "body",
					"pivot": [0, 24, 0],
					"cubes": [
						{
							"origin": [-4, 24, -4],
							"size": [8, 8, 8],
							"inflate": 0.1,
							"uv": {
								"north": {"uv": [40, 8], "uv_size": [8, 8]},
								"east": {"uv": [32, 8], "uv_size": [8, 8]},
								"south": {"uv": [56, 8], "uv_size": [8, 8]},
								"west": {"uv": [48, 8], "uv_size": [8, 8]},
								"up": {"uv": [40, 0], "uv_size": [8, 8]},
								"down": {"uv": [48, 8], "uv_size": [8, -8]}
							}
						}
					]
				},
				{
					"name": "rightArm",
					"parent": "body",
					"pivot": [-5, 22, 0],
					"cubes": [
						{
							"origin": [-8, 18, -2],
							"size": [4, 6, 4],
							"inflate": 0.07,
							"uv": {
								"north": {"uv": [44, 36], "uv_size": [4, 6]},
								"east": {"uv": [40, 36], "uv_size": [4, 6]},
								"south": {"uv": [52, 36], "uv_size": [4, 6]},
								"west": {"uv": [48, 36], "uv_size": [4, 6]},
								"up": {"uv": [44, 32], "uv_size": [4, 4]},
								"down": {"uv": [44, 42], "uv_size": [4, -4]}
							}
						}
					]
				},
				{
					"name": "rightForeArm",
					"parent": "rightArm",
					"pivot": [-5, 18, 0],
					"cubes": [
						{
							"origin": [-8, 12, -2],
							"size": [4, 6, 4],
							"inflate": 0.07,
							"uv": {
								"north": {"uv": [44, 42], "uv_size": [4, 6]},
								"east": {"uv": [40, 42], "uv_size": [4, 6]},
								"south": {"uv": [52, 42], "uv_size": [4, 6]},
								"west": {"uv": [48, 42], "uv_size": [4, 6]},
								"up": {"uv": [44, 38], "uv_size": [4, 4]},
								"down": {"uv": [48, 36], "uv_size": [4, -4]}
							}
						}
					]
				},
				{
					"name": "leftArm",
					"parent": "body",
					"pivot": [5, 22, 0],
					"cubes": [
						{
							"origin": [4, 18, -2],
							"size": [4, 6, 4],
							"inflate": 0.07,
							"uv": {
								"north": {"uv": [52, 52], "uv_size": [4, 6]},
								"east": {"uv": [48, 52], "uv_size": [4, 6]},
								"south": {"uv": [60, 52], "uv_size": [4, 6]},
								"west": {"uv": [56, 52], "uv_size": [4, 6]},
								"up": {"uv": [52, 48], "uv_size": [4, 4]},
								"down": {"uv": [52, 58], "uv_size": [4, -4]}
							}
						}
					]
				},
				{
					"name": "leftForeArm",
					"parent": "leftArm",
					"pivot": [5, 18, 0],
					"cubes": [
						{
							"origin": [4, 12, -2],
							"size": [4, 6, 4],
							"inflate": 0.07,
							"uv": {
								"north": {"uv": [52, 58], "uv_size": [4, 6]},
								"east": {"uv": [48, 58], "uv_size": [4, 6]},
								"south": {"uv": [60, 58], "uv_size": [4, 6]},
								"west": {"uv": [56, 58], "uv_size": [4, 6]},
								"up": {"uv": [52, 54], "uv_size": [4, 4]},
								"down": {"uv": [56, 52], "uv_size": [4, -4]}
							}
						}
					]
				},
				{
					"name": "rightLeg",
					"parent": "tudo",
					"pivot": [-1.9, 12, 0],
					"cubes": [
						{
							"origin": [-4, 6, -2],
							"size": [4, 6, 4],
							"inflate": 0.07,
							"uv": {
								"north": {"uv": [4, 36], "uv_size": [4, 6]},
								"east": {"uv": [0, 36], "uv_size": [4, 6]},
								"south": {"uv": [12, 36], "uv_size": [4, 6]},
								"west": {"uv": [8, 36], "uv_size": [4, 6]},
								"up": {"uv": [4, 32], "uv_size": [4, 4]},
								"down": {"uv": [4, 42], "uv_size": [4, -4]}
							}
						}
					]
				},
				{
					"name": "rightForeLeg",
					"parent": "rightLeg",
					"pivot": [-1.9, 6, 0],
					"cubes": [
						{
							"origin": [-4, 0, -2],
							"size": [4, 6, 4],
							"inflate": 0.07,
							"uv": {
								"north": {"uv": [4, 42], "uv_size": [4, 6]},
								"east": {"uv": [0, 42], "uv_size": [4, 6]},
								"south": {"uv": [12, 42], "uv_size": [4, 6]},
								"west": {"uv": [8, 42], "uv_size": [4, 6]},
								"up": {"uv": [4, 38], "uv_size": [4, 4]},
								"down": {"uv": [8, 36], "uv_size": [4, -4]}
							}
						}
					]
				},
				{
					"name": "leftLeg",
					"parent": "tudo",
					"pivot": [1.9, 12, 0],
					"cubes": [
						{
							"origin": [0, 6, -2],
							"size": [4, 6, 4],
							"inflate": 0.07,
							"uv": {
								"north": {"uv": [4, 52], "uv_size": [4, 6]},
								"east": {"uv": [0, 52], "uv_size": [4, 6]},
								"south": {"uv": [12, 52], "uv_size": [4, 6]},
								"west": {"uv": [8, 52], "uv_size": [4, 6]},
								"up": {"uv": [4, 48], "uv_size": [4, 4]},
								"down": {"uv": [4, 58], "uv_size": [4, -4]}
							}
						}
					]
				},
				{
					"name": "leftForeLeg",
					"parent": "leftLeg",
					"pivot": [1.9, 6, 0],
					"cubes": [
						{
							"origin": [0, 0, -2],
							"size": [4, 6, 4],
							"inflate": 0.07,
							"uv": {
								"north": {"uv": [4, 58], "uv_size": [4, 6]},
								"east": {"uv": [0, 58], "uv_size": [4, 6]},
								"south": {"uv": [12, 58], "uv_size": [4, 6]},
								"west": {"uv": [8, 58], "uv_size": [4, 6]},
								"up": {"uv": [4, 54], "uv_size": [4, 4]},
								"down": {"uv": [8, 52], "uv_size": [4, -4]}
							}
						}
					]
				}
			]
		}
	]
}