{
	"format_version": "1.12.0",
	"minecraft:geometry": [
		{
			"description": {
				"identifier": "geometry.giraffe_complet",
				"texture_width": 16,
				"texture_height": 16,
				"visible_bounds_width": 12,
				"visible_bounds_height": 12.5,
				"visible_bounds_offset": [0, 5.75, 0]
			},
			"bones": [
				{
					"name": "root2",
					"pivot": [0, 0, 0]
				},
				{
					"name": "root",
					"parent": "root2",
					"pivot": [0, 0, 0]
				},
				{
					"name": "tudo",
					"parent": "root",
					"pivot": [0, 12, 0]
				},
				{
					"name": "waistGiraffe",
					"parent": "tudo",
					"pivot": [0, 50, 0]
				},
				{
					"name": "body",
					"parent": "waistGiraffe",
					"pivot": [-7, 59, -9.5],
					"cubes": [
						{
							"origin": [-17, 47, -29.5],
							"size": [34, 37, 39],
							"uv": {
								"north": {"uv": [1.25, 2.5], "uv_size": [6.5, 6.25]},
								"east": {"uv": [1.25, 2.5], "uv_size": [6.5, 6.25]},
								"south": {"uv": [1.25, 2.5], "uv_size": [6.5, 6.25]},
								"west": {"uv": [1.25, 2.5], "uv_size": [6.5, 6.25]},
								"up": {"uv": [7.75, 8.75], "uv_size": [-6.5, -6.25]},
								"down": {"uv": [7.75, 8.75], "uv_size": [-6.5, -6.25]}
							}
						},
						{
							"origin": [-15, 49, 8],
							"size": [30, 30, 26.5],
							"uv": {
								"north": {"uv": [0, 0], "uv_size": [8, 9]},
								"east": {"uv": [0, 0], "uv_size": [8, 9]},
								"south": {"uv": [0, 0], "uv_size": [8, 9]},
								"west": {"uv": [0, 0], "uv_size": [8, 9]},
								"up": {"uv": [8, 9], "uv_size": [-8, -9]},
								"down": {"uv": [8, 9], "uv_size": [-8, -9]}
							}
						}
					]
				},
				{
					"name": "tail1",
					"parent": "body",
					"pivot": [0, 73.25, 34],
					"cubes": [
						{
							"origin": [-3.5, 62, 43.5],
							"size": [7, 23.5, 5],
							"pivot": [0, 73.25, 46],
							"rotation": [90, 0, 0],
							"uv": {
								"north": {"uv": [0, 0], "uv_size": [8, 9]},
								"east": {"uv": [0, 0], "uv_size": [8, 9]},
								"south": {"uv": [0, 0], "uv_size": [8, 9]},
								"west": {"uv": [0, 0], "uv_size": [8, 9]},
								"up": {"uv": [8, 9], "uv_size": [-8, -9]},
								"down": {"uv": [8, 9], "uv_size": [-8, -9]}
							}
						}
					]
				},
				{
					"name": "tail2",
					"parent": "tail1",
					"pivot": [0, 73.5, 57.25],
					"cubes": [
						{
							"origin": [-2.5, 65, 63.25],
							"size": [5, 17, 4],
							"pivot": [0, 73.5, 65.25],
							"rotation": [90, 0, 0],
							"uv": {
								"north": {"uv": [14, 6.5], "uv_size": [2, 7.25]},
								"east": {"uv": [14, 6.5], "uv_size": [2, 7.25]},
								"south": {"uv": [14, 6.5], "uv_size": [2, 7.25]},
								"west": {"uv": [14, 6.5], "uv_size": [2, 7.25]},
								"up": {"uv": [16, 13.75], "uv_size": [-2, -7.25]},
								"down": {"uv": [16, 13.75], "uv_size": [-2, -7.25]}
							}
						}
					]
				},
				{
					"name": "pescoco",
					"parent": "body",
					"pivot": [-1.75, 59, -29.5],
					"cubes": [
						{
							"origin": [-11, 59, -29.5],
							"size": [22, 26, 23],
							"pivot": [0, 59, -29.5],
							"rotation": [35, 0, 0],
							"uv": {
								"north": {"uv": [0.5, 2], "uv_size": [6.25, 5.25]},
								"east": {"uv": [0.5, 2], "uv_size": [6.25, 5.25]},
								"south": {"uv": [0.5, 2], "uv_size": [6.25, 5.25]},
								"west": {"uv": [0.5, 2], "uv_size": [6.25, 5.25]},
								"up": {"uv": [6.75, 7.25], "uv_size": [-6.25, -5.25]},
								"down": {"uv": [6.75, 7.25], "uv_size": [-6.25, -5.25]}
							}
						},
						{
							"origin": [-2, 57, -9.5],
							"size": [4, 30, 7],
							"pivot": [0, 59, -29.5],
							"rotation": [35, 0, 0],
							"uv": {
								"north": {"uv": [2.5, 10], "uv_size": [0.25, 0.75]},
								"east": {"uv": [2.5, 10], "uv_size": [0.25, 0.75]},
								"south": {"uv": [2.5, 10], "uv_size": [0.25, 0.75]},
								"west": {"uv": [2.5, 10], "uv_size": [0.25, 0.75]},
								"up": {"uv": [2.75, 10.75], "uv_size": [-0.25, -0.75]},
								"down": {"uv": [2.75, 10.75], "uv_size": [-0.25, -0.75]}
							}
						},
						{
							"origin": [-1.5, 86, -11.5],
							"size": [3, 29, 7],
							"pivot": [0, 59, -29.5],
							"rotation": [35, 0, 0],
							"uv": {
								"north": {"uv": [2.5, 10], "uv_size": [0.25, 0.75]},
								"east": {"uv": [2.5, 10], "uv_size": [0.25, 0.75]},
								"south": {"uv": [2.5, 10], "uv_size": [0.25, 0.75]},
								"west": {"uv": [2.5, 10], "uv_size": [0.25, 0.75]},
								"up": {"uv": [2.75, 10.75], "uv_size": [-0.25, -0.75]},
								"down": {"uv": [2.75, 10.75], "uv_size": [-0.25, -0.75]}
							}
						},
						{
							"origin": [-1, 108, -13],
							"size": [2, 34, 5],
							"pivot": [0, 59, -29.5],
							"rotation": [35, 0, 0],
							"uv": {
								"north": {"uv": [2.5, 10], "uv_size": [0.25, 0.75]},
								"east": {"uv": [2.5, 10], "uv_size": [0.25, 0.75]},
								"south": {"uv": [2.5, 10], "uv_size": [0.25, 0.75]},
								"west": {"uv": [2.5, 10], "uv_size": [0.25, 0.75]},
								"up": {"uv": [2.75, 10.75], "uv_size": [-0.25, -0.75]},
								"down": {"uv": [2.75, 10.75], "uv_size": [-0.25, -0.75]}
							}
						},
						{
							"origin": [-9.25, 85, -27],
							"size": [18.5, 26.5, 18.5],
							"pivot": [0, 59, -29.5],
							"rotation": [35, 0, 0],
							"uv": {
								"north": {"uv": [0.5, 1.5], "uv_size": [6.25, 6]},
								"east": {"uv": [0.5, 1.5], "uv_size": [6.25, 6]},
								"south": {"uv": [0.5, 1.5], "uv_size": [6.25, 6]},
								"west": {"uv": [0.5, 1.5], "uv_size": [6.25, 6]},
								"up": {"uv": [6.75, 7.5], "uv_size": [-6.25, -6]},
								"down": {"uv": [6.75, 7.5], "uv_size": [-6.25, -6]}
							}
						},
						{
							"origin": [-7, 111, -24.5],
							"size": [14, 28, 14],
							"pivot": [0, 59, -29.5],
							"rotation": [35, 0, 0],
							"uv": {
								"north": {"uv": [2.75, 3.25], "uv_size": [5, 4.5]},
								"east": {"uv": [2.75, 3.25], "uv_size": [5, 4.5]},
								"south": {"uv": [2.75, 3.25], "uv_size": [5, 4.5]},
								"west": {"uv": [2.75, 3.25], "uv_size": [5, 4.5]},
								"up": {"uv": [7.75, 7.75], "uv_size": [-5, -4.5]},
								"down": {"uv": [7.75, 7.75], "uv_size": [-5, -4.5]}
							}
						}
					]
				},
				{
					"name": "head",
					"parent": "pescoco",
					"pivot": [0, 134.5, -65],
					"cubes": [
						{
							"origin": [-8, 126.5, -80.5],
							"size": [16, 18.5, 21.5],
							"uv": {
								"north": {"uv": [14, 11], "uv_size": [2, -4.5]},
								"east": {"uv": [14, 11], "uv_size": [2, -4.5]},
								"south": {"uv": [14, 11], "uv_size": [2, -4.5]},
								"west": {"uv": [14, 11], "uv_size": [2, -4.5]},
								"up": {"uv": [16, 6.5], "uv_size": [-2, 4.5]},
								"down": {"uv": [16, 6.5], "uv_size": [-2, 4.5]}
							}
						},
						{
							"origin": [-8.5, 138, -78.5],
							"size": [0.5, 5, 5],
							"uv": {
								"north": {"uv": [9.25, 13.75], "uv_size": [2, -4.5]},
								"east": {"uv": [0.5, 15], "uv_size": [2.5, -2.5]},
								"south": {"uv": [9.25, 13.75], "uv_size": [2, -4.5]},
								"west": {"uv": [9.25, 13.75], "uv_size": [2, -4.5]},
								"up": {"uv": [11.25, 9.25], "uv_size": [-2, 4.5]},
								"down": {"uv": [11.25, 9.25], "uv_size": [-2, 4.5]}
							}
						},
						{
							"origin": [8, 138, -78.5],
							"size": [0.5, 5, 5],
							"uv": {
								"north": {"uv": [11.25, 13.75], "uv_size": [-2, -4.5]},
								"east": {"uv": [11.25, 13.75], "uv_size": [-2, -4.5]},
								"south": {"uv": [11.25, 13.75], "uv_size": [-2, -4.5]},
								"west": {"uv": [3, 15], "uv_size": [-2.5, -2.5]},
								"up": {"uv": [9.25, 9.25], "uv_size": [2, 4.5]},
								"down": {"uv": [9.25, 9.25], "uv_size": [2, 4.5]}
							}
						},
						{
							"origin": [-8.5, 138, -78.5],
							"size": [0.5, 5, 5],
							"uv": {
								"north": {"uv": [9.25, 13.75], "uv_size": [2, -4.5]},
								"east": {"uv": [0.5, 15], "uv_size": [2.5, -2.5]},
								"south": {"uv": [9.25, 13.75], "uv_size": [2, -4.5]},
								"west": {"uv": [9.25, 13.75], "uv_size": [2, -4.5]},
								"up": {"uv": [11.25, 9.25], "uv_size": [-2, 4.5]},
								"down": {"uv": [11.25, 9.25], "uv_size": [-2, 4.5]}
							}
						},
						{
							"origin": [-9, 125.5, -76],
							"size": [18, 11, 18],
							"uv": {
								"north": {"uv": [1, 3], "uv_size": [7.5, 6.25]},
								"east": {"uv": [1, 3], "uv_size": [7.5, 6.25]},
								"south": {"uv": [1, 3], "uv_size": [7.5, 6.25]},
								"west": {"uv": [1, 3], "uv_size": [7.5, 6.25]},
								"up": {"uv": [8.5, 9.25], "uv_size": [-7.5, -6.25]},
								"down": {"uv": [8.5, 9.25], "uv_size": [-7.5, -6.25]}
							}
						},
						{
							"origin": [-7, 139.5, -65],
							"size": [4.5, 11.5, 3.5],
							"uv": {
								"north": {"uv": [14, 11], "uv_size": [2, -4.5]},
								"east": {"uv": [14, 11], "uv_size": [2, -4.5]},
								"south": {"uv": [14, 11], "uv_size": [2, -4.5]},
								"west": {"uv": [14, 11], "uv_size": [2, -4.5]},
								"up": {"uv": [16, 6.5], "uv_size": [-2, 4.5]},
								"down": {"uv": [16, 6.5], "uv_size": [-2, 4.5]}
							}
						},
						{
							"origin": [2.5, 139.5, -65],
							"size": [4.5, 11.5, 3.5],
							"uv": {
								"north": {"uv": [14, 11], "uv_size": [2, -4.5]},
								"east": {"uv": [14, 11], "uv_size": [2, -4.5]},
								"south": {"uv": [14, 11], "uv_size": [2, -4.5]},
								"west": {"uv": [14, 11], "uv_size": [2, -4.5]},
								"up": {"uv": [16, 6.5], "uv_size": [-2, 4.5]},
								"down": {"uv": [16, 6.5], "uv_size": [-2, 4.5]}
							}
						},
						{
							"origin": [-15.5, 137.5, -68.5],
							"size": [8.5, 5.5, 2.5],
							"uv": {
								"north": {"uv": [0.25, 10], "uv_size": [0.75, 0.25]},
								"east": {"uv": [0.25, 10], "uv_size": [0.75, 0.25]},
								"south": {"uv": [0.25, 10], "uv_size": [0.75, 0.25]},
								"west": {"uv": [0.25, 10], "uv_size": [0.75, 0.25]},
								"up": {"uv": [1, 10.25], "uv_size": [-0.75, -0.25]},
								"down": {"uv": [1, 10.25], "uv_size": [-0.75, -0.25]}
							}
						},
						{
							"origin": [7, 137.5, -68.5],
							"size": [8.5, 5.5, 2.5],
							"uv": {
								"north": {"uv": [1, 10], "uv_size": [-0.75, 0.25]},
								"east": {"uv": [1, 10], "uv_size": [-0.75, 0.25]},
								"south": {"uv": [1, 10], "uv_size": [-0.75, 0.25]},
								"west": {"uv": [1, 10], "uv_size": [-0.75, 0.25]},
								"up": {"uv": [0.25, 10.25], "uv_size": [0.75, -0.25]},
								"down": {"uv": [0.25, 10.25], "uv_size": [0.75, -0.25]}
							}
						},
						{
							"origin": [-14.75, 138, -69],
							"size": [7.75, 4.5, 0.5],
							"uv": {
								"north": {"uv": [2.75, 10], "uv_size": [0, 0.5]},
								"east": {"uv": [2.75, 10], "uv_size": [0, 0.5]},
								"south": {"uv": [2.75, 10], "uv_size": [0, 0.5]},
								"west": {"uv": [2.75, 10], "uv_size": [0, 0.5]},
								"up": {"uv": [2.75, 10.5], "uv_size": [0, -0.5]},
								"down": {"uv": [2.75, 10.5], "uv_size": [0, -0.5]}
							}
						},
						{
							"origin": [7, 138, -69],
							"size": [7.75, 4.5, 0.5],
							"uv": {
								"north": {"uv": [2.75, 10], "uv_size": [0, 0.5]},
								"east": {"uv": [2.75, 10], "uv_size": [0, 0.5]},
								"south": {"uv": [2.75, 10], "uv_size": [0, 0.5]},
								"west": {"uv": [2.75, 10], "uv_size": [0, 0.5]},
								"up": {"uv": [2.75, 10.5], "uv_size": [0, -0.5]},
								"down": {"uv": [2.75, 10.5], "uv_size": [0, -0.5]}
							}
						},
						{
							"origin": [-6.25, 151, -64.5],
							"size": [3, 5.5, 2.5],
							"uv": {
								"north": {"uv": [14, 11], "uv_size": [2, -4.5]},
								"east": {"uv": [14, 11], "uv_size": [2, -4.5]},
								"south": {"uv": [14, 11], "uv_size": [2, -4.5]},
								"west": {"uv": [14, 11], "uv_size": [2, -4.5]},
								"up": {"uv": [16, 6.5], "uv_size": [-2, 4.5]},
								"down": {"uv": [16, 6.5], "uv_size": [-2, 4.5]}
							}
						},
						{
							"origin": [3.25, 151, -64.5],
							"size": [3, 5.5, 2.5],
							"uv": {
								"north": {"uv": [16, 11], "uv_size": [-2, -4.5]},
								"east": {"uv": [16, 11], "uv_size": [-2, -4.5]},
								"south": {"uv": [16, 11], "uv_size": [-2, -4.5]},
								"west": {"uv": [16, 11], "uv_size": [-2, -4.5]},
								"up": {"uv": [14, 6.5], "uv_size": [2, 4.5]},
								"down": {"uv": [14, 6.5], "uv_size": [2, 4.5]}
							}
						},
						{
							"origin": [-6.5, 130.5, -97],
							"size": [13, 10.5, 17],
							"uv": {
								"north": {"uv": [14, 11], "uv_size": [2, -4.5]},
								"east": {"uv": [14, 11], "uv_size": [2, -4.5]},
								"south": {"uv": [14, 11], "uv_size": [2, -4.5]},
								"west": {"uv": [14, 11], "uv_size": [2, -4.5]},
								"up": {"uv": [16, 6.5], "uv_size": [-2, 4.5]},
								"down": {"uv": [16, 6.5], "uv_size": [-2, 4.5]}
							}
						},
						{
							"origin": [-5.5, 128.5, -94],
							"size": [11, 4.06, 14.5],
							"pivot": [0, 133.36808, -90.29541],
							"rotation": [-7.5, 0, 0],
							"uv": {
								"north": {"uv": [0.25, 10], "uv_size": [0.75, 0.25]},
								"east": {"uv": [0.25, 10], "uv_size": [0.75, 0.25]},
								"south": {"uv": [0.25, 10], "uv_size": [0.75, 0.25]},
								"west": {"uv": [0.25, 10], "uv_size": [0.75, 0.25]},
								"up": {"uv": [1, 10.25], "uv_size": [-0.75, -0.25]},
								"down": {"uv": [1, 10.25], "uv_size": [-0.75, -0.25]}
							}
						}
					]
				},
				{
					"name": "leg1",
					"parent": "body",
					"pivot": [-16.5, 69, -18],
					"cubes": [
						{
							"origin": [-20.5, 38, -26],
							"size": [10, 36, 17],
							"uv": {
								"north": {"uv": [10.75, 0], "uv_size": [2.75, 7]},
								"east": {"uv": [8.5, 0], "uv_size": [5, 7]},
								"south": {"uv": [10.75, 0], "uv_size": [2.75, 7]},
								"west": {"uv": [10.75, 0], "uv_size": [2.75, 7]},
								"up": {"uv": [13.5, 7], "uv_size": [-5, -7]},
								"down": {"uv": [13.5, 7], "uv_size": [-5, -7]}
							}
						},
						{
							"origin": [-19, 0, -21.5],
							"size": [7, 40, 7],
							"uv": {
								"north": {"uv": [14, 6.5], "uv_size": [2, 9.5]},
								"east": {"uv": [14, 6.5], "uv_size": [2, 9.5]},
								"south": {"uv": [14, 6.5], "uv_size": [2, 9.5]},
								"west": {"uv": [14, 6.5], "uv_size": [2, 9.5]},
								"up": {"uv": [16, 7], "uv_size": [-2, -0.5]},
								"down": {"uv": [14.25, 16], "uv_size": [1.75, 0]}
							}
						},
						{
							"origin": [-20, 0, -23],
							"size": [4, 4, 7],
							"uv": {
								"north": {"uv": [14.5, 15.25], "uv_size": [1.25, 0.75]},
								"east": {"uv": [14.5, 15.25], "uv_size": [1.25, 0.75]},
								"south": {"uv": [14.5, 15.25], "uv_size": [1.25, 0.75]},
								"west": {"uv": [14.5, 15.25], "uv_size": [1.25, 0.75]},
								"up": {"uv": [15.75, 16], "uv_size": [-1.25, -0.75]},
								"down": {"uv": [15.75, 16], "uv_size": [-1.25, -0.75]}
							}
						},
						{
							"origin": [-15.5, 0, -23],
							"size": [4, 4, 7],
							"uv": {
								"north": {"uv": [14.5, 15.25], "uv_size": [1.25, 0.75]},
								"east": {"uv": [14.5, 15.25], "uv_size": [1.25, 0.75]},
								"south": {"uv": [14.5, 15.25], "uv_size": [1.25, 0.75]},
								"west": {"uv": [14.5, 15.25], "uv_size": [1.25, 0.75]},
								"up": {"uv": [15.75, 16], "uv_size": [-1.25, -0.75]},
								"down": {"uv": [15.75, 16], "uv_size": [-1.25, -0.75]}
							}
						}
					]
				},
				{
					"name": "leg2",
					"parent": "body",
					"pivot": [16.5, 69, -18],
					"cubes": [
						{
							"origin": [10.5, 38, -26],
							"size": [10, 36, 17],
							"uv": {
								"north": {"uv": [13.5, 0], "uv_size": [-2.75, 7]},
								"east": {"uv": [13.5, 0], "uv_size": [-2.75, 7]},
								"south": {"uv": [13.5, 0], "uv_size": [-2.75, 7]},
								"west": {"uv": [13.5, 0], "uv_size": [-5, 7]},
								"up": {"uv": [8.5, 7], "uv_size": [5, -7]},
								"down": {"uv": [8.5, 7], "uv_size": [5, -7]}
							}
						},
						{
							"origin": [12, 0, -21.5],
							"size": [7, 40, 7],
							"uv": {
								"north": {"uv": [16, 6.5], "uv_size": [-2, 9.5]},
								"east": {"uv": [16, 6.5], "uv_size": [-2, 9.5]},
								"south": {"uv": [16, 6.5], "uv_size": [-2, 9.5]},
								"west": {"uv": [16, 6.5], "uv_size": [-2, 9.5]},
								"up": {"uv": [14, 7], "uv_size": [2, -0.5]},
								"down": {"uv": [16, 16], "uv_size": [-1.75, 0]}
							}
						},
						{
							"origin": [16, 0, -23],
							"size": [4, 4, 7],
							"uv": {
								"north": {"uv": [15.75, 15.25], "uv_size": [-1.25, 0.75]},
								"east": {"uv": [15.75, 15.25], "uv_size": [-1.25, 0.75]},
								"south": {"uv": [15.75, 15.25], "uv_size": [-1.25, 0.75]},
								"west": {"uv": [15.75, 15.25], "uv_size": [-1.25, 0.75]},
								"up": {"uv": [14.5, 16], "uv_size": [1.25, -0.75]},
								"down": {"uv": [14.5, 16], "uv_size": [1.25, -0.75]}
							}
						},
						{
							"origin": [11.5, 0, -23],
							"size": [4, 4, 7],
							"uv": {
								"north": {"uv": [15.75, 15.25], "uv_size": [-1.25, 0.75]},
								"east": {"uv": [15.75, 15.25], "uv_size": [-1.25, 0.75]},
								"south": {"uv": [15.75, 15.25], "uv_size": [-1.25, 0.75]},
								"west": {"uv": [15.75, 15.25], "uv_size": [-1.25, 0.75]},
								"up": {"uv": [14.5, 16], "uv_size": [1.25, -0.75]},
								"down": {"uv": [14.5, 16], "uv_size": [1.25, -0.75]}
							}
						}
					]
				},
				{
					"name": "leg3",
					"parent": "waistGiraffe",
					"pivot": [-14, 62, 24],
					"cubes": [
						{
							"origin": [-19, 40, 14],
							"size": [10, 30, 18],
							"uv": {
								"north": {"uv": [10.75, 0], "uv_size": [2.75, 7]},
								"east": {"uv": [8.5, 0], "uv_size": [5, 7]},
								"south": {"uv": [10.75, 0], "uv_size": [2.75, 7]},
								"west": {"uv": [10.75, 0], "uv_size": [2.75, 7]},
								"up": {"uv": [13.5, 7], "uv_size": [-5, -7]},
								"down": {"uv": [13.5, 7], "uv_size": [-5, -7]}
							}
						},
						{
							"origin": [-17.5, 0, 29.34433],
							"size": [7, 50, 7],
							"uv": {
								"north": {"uv": [14, 6.5], "uv_size": [2, 9.5]},
								"east": {"uv": [14, 6.5], "uv_size": [2, 9.5]},
								"south": {"uv": [14, 6.5], "uv_size": [2, 9.5]},
								"west": {"uv": [14, 6.5], "uv_size": [2, 9.5]},
								"up": {"uv": [16, 7], "uv_size": [-2, -0.5]},
								"down": {"uv": [14.25, 16], "uv_size": [1.75, 0]}
							}
						},
						{
							"origin": [-18.5, 0, 28],
							"size": [4, 5, 7],
							"uv": {
								"north": {"uv": [14, 15.25], "uv_size": [2, 0.75]},
								"east": {"uv": [14, 15.25], "uv_size": [2, 0.75]},
								"south": {"uv": [14, 15.25], "uv_size": [2, 0.75]},
								"west": {"uv": [14, 15.25], "uv_size": [2, 0.75]},
								"up": {"uv": [16, 16], "uv_size": [-2, -0.75]},
								"down": {"uv": [16, 16], "uv_size": [-2, -0.75]}
							}
						},
						{
							"origin": [-13.97, 0, 28],
							"size": [4, 5, 7],
							"uv": {
								"north": {"uv": [14, 15.25], "uv_size": [2, 0.75]},
								"east": {"uv": [14, 15.25], "uv_size": [2, 0.75]},
								"south": {"uv": [14, 15.25], "uv_size": [2, 0.75]},
								"west": {"uv": [14, 15.25], "uv_size": [2, 0.75]},
								"up": {"uv": [16, 16], "uv_size": [-2, -0.75]},
								"down": {"uv": [16, 16], "uv_size": [-2, -0.75]}
							}
						}
					]
				},
				{
					"name": "leg4",
					"parent": "waistGiraffe",
					"pivot": [14, 62, 24],
					"cubes": [
						{
							"origin": [9, 40, 14],
							"size": [10, 30, 18],
							"uv": {
								"north": {"uv": [13.5, 0], "uv_size": [-2.75, 7]},
								"east": {"uv": [13.5, 0], "uv_size": [-2.75, 7]},
								"south": {"uv": [13.5, 0], "uv_size": [-2.75, 7]},
								"west": {"uv": [13.5, 0], "uv_size": [-5, 7]},
								"up": {"uv": [8.5, 7], "uv_size": [5, -7]},
								"down": {"uv": [8.5, 7], "uv_size": [5, -7]}
							}
						},
						{
							"origin": [10.5, 0, 29.34433],
							"size": [7, 50, 7],
							"uv": {
								"north": {"uv": [16, 6.5], "uv_size": [-2, 9.5]},
								"east": {"uv": [16, 6.5], "uv_size": [-2, 9.5]},
								"south": {"uv": [16, 6.5], "uv_size": [-2, 9.5]},
								"west": {"uv": [16, 6.5], "uv_size": [-2, 9.5]},
								"up": {"uv": [14, 7], "uv_size": [2, -0.5]},
								"down": {"uv": [16, 16], "uv_size": [-1.75, 0]}
							}
						},
						{
							"origin": [14.5, 0, 28],
							"size": [4, 5, 7],
							"uv": {
								"north": {"uv": [16, 15.25], "uv_size": [-2, 0.75]},
								"east": {"uv": [16, 15.25], "uv_size": [-2, 0.75]},
								"south": {"uv": [16, 15.25], "uv_size": [-2, 0.75]},
								"west": {"uv": [16, 15.25], "uv_size": [-2, 0.75]},
								"up": {"uv": [14, 16], "uv_size": [2, -0.75]},
								"down": {"uv": [14, 16], "uv_size": [2, -0.75]}
							}
						},
						{
							"origin": [9.97, 0, 28],
							"size": [4, 5, 7],
							"uv": {
								"north": {"uv": [16, 15.25], "uv_size": [-2, 0.75]},
								"east": {"uv": [16, 15.25], "uv_size": [-2, 0.75]},
								"south": {"uv": [16, 15.25], "uv_size": [-2, 0.75]},
								"west": {"uv": [16, 15.25], "uv_size": [-2, 0.75]},
								"up": {"uv": [14, 16], "uv_size": [2, -0.75]},
								"down": {"uv": [14, 16], "uv_size": [2, -0.75]}
							}
						}
					]
				}
			]
		}
	]
}