{
	"format_version": "1.12.0",
	"minecraft:geometry": [
		{
			"description": {
				"identifier": "geometry.leopard_hybrid",
				"texture_width": 64,
				"texture_height": 64,
				"visible_bounds_width": 6,
				"visible_bounds_height": 4.5,
				"visible_bounds_offset": [0, 1.75, 0]
			},
			"bones": [
				{
					"name": "root2",
					"pivot": [0, 0, 0]
				},
				{
					"name": "root",
					"parent": "root2",
					"pivot": [0, 0, 0]
				},
				{
					"name": "tudo",
					"parent": "root",
					"pivot": [0, 12, 0]
				},
				{
					"name": "waist",
					"parent": "tudo",
					"pivot": [0, 17, 0],
					"cubes": [
						{
							"origin": [-4.5, 17, -2.5],
							"size": [9, 8, 6],
							"inflate": 0.1,
							"uv": {
								"north": {"uv": [20, 25.5], "uv_size": [8, 6.5]},
								"east": {"uv": [16, 25.5], "uv_size": [4, 6.5]},
								"south": {"uv": [32, 25.5], "uv_size": [8, 6.5]},
								"west": {"uv": [28, 25.5], "uv_size": [4, 6.5]},
								"up": {"uv": [28, 16], "uv_size": [8, 4]},
								"down": {"uv": [28, 20], "uv_size": [8, -4]}
							}
						}
					]
				},
				{
					"name": "body",
					"parent": "waist",
					"pivot": [0, 25, 0],
					"cubes": [
						{
							"origin": [-6, 25, -3.5],
							"size": [12, 9, 8],
							"inflate": 0.1,
							"uv": {
								"north": {"uv": [20, 20], "uv_size": [8, 5.5]},
								"east": {"uv": [16, 20], "uv_size": [4, 5.5]},
								"south": {"uv": [32, 20], "uv_size": [8, 5.5]},
								"west": {"uv": [28, 20], "uv_size": [4, 5.5]},
								"up": {"uv": [20, 16], "uv_size": [8, 4]},
								"down": {"uv": [28, 20], "uv_size": [8, -4]}
							}
						}
					]
				},
				{
					"name": "head",
					"parent": "body",
					"pivot": [0, 34.5, 0],
					"cubes": [
						{
							"origin": [-3.75, 34, -3.75],
							"size": [7.5, 7.5, 7.5],
							"inflate": 0.1,
							"uv": {
								"north": {"uv": [8, 8], "uv_size": [8, 8]},
								"east": {"uv": [0, 8], "uv_size": [8, 8]},
								"south": {"uv": [24, 8], "uv_size": [8, 8]},
								"west": {"uv": [16, 8], "uv_size": [8, 8]},
								"up": {"uv": [8, 0], "uv_size": [8, 8]},
								"down": {"uv": [16, 8], "uv_size": [8, -8]}
							}
						},
						{
							"origin": [-4.5, 40.03143, -1.14907],
							"size": [2.5, 2.5, 1],
							"pivot": [-3.25, 42.53143, -0.64907],
							"rotation": [0, 0, 45],
							"uv": {
								"north": {"uv": [1, 1], "uv_size": [2, 2]},
								"east": {"uv": [0, 1], "uv_size": [1, 2]},
								"south": {"uv": [4, 1], "uv_size": [2, 2]},
								"west": {"uv": [3, 1], "uv_size": [1, 2]},
								"up": {"uv": [1, 0], "uv_size": [2, 1]},
								"down": {"uv": [3, 1], "uv_size": [2, -1]}
							}
						},
						{
							"origin": [2, 40.03143, -1.14907],
							"size": [2.5, 2.5, 1],
							"pivot": [3.25, 42.53143, -0.64907],
							"rotation": [0, 0, -45],
							"uv": {
								"north": {"uv": [3, 1], "uv_size": [-2, 2]},
								"east": {"uv": [4, 1], "uv_size": [-1, 2]},
								"south": {"uv": [6, 1], "uv_size": [-2, 2]},
								"west": {"uv": [1, 1], "uv_size": [-1, 2]},
								"up": {"uv": [3, 0], "uv_size": [-2, 1]},
								"down": {"uv": [5, 1], "uv_size": [-2, -1]}
							}
						}
					]
				},
				{
					"name": "tail1",
					"parent": "body",
					"pivot": [-0.5, 18, 2.5],
					"cubes": [
						{
							"origin": [-1.25, 17, 2.5],
							"size": [2.5, 2.5, 6],
							"uv": {
								"north": {"uv": [16, 38], "uv_size": [4, 4]},
								"east": {"uv": [10, 38], "uv_size": [6, 4]},
								"south": {"uv": [26, 38], "uv_size": [4, 4]},
								"west": {"uv": [20, 38], "uv_size": [6, 4]},
								"up": {"uv": [20, 38], "uv_size": [-4, -6]},
								"down": {"uv": [24, 38], "uv_size": [-4, -6]}
							}
						}
					]
				},
				{
					"name": "tail2",
					"parent": "tail1",
					"pivot": [-0.5, 16.5, 8.5],
					"cubes": [
						{
							"origin": [-1.25, 17, 8.5],
							"size": [2.5, 2.5, 6],
							"uv": {
								"north": {"uv": [16, 38], "uv_size": [4, 4]},
								"east": {"uv": [10, 38], "uv_size": [6, 4]},
								"south": {"uv": [26, 38], "uv_size": [4, 4]},
								"west": {"uv": [20, 38], "uv_size": [6, 4]},
								"up": {"uv": [20, 38], "uv_size": [-4, -6]},
								"down": {"uv": [24, 38], "uv_size": [-4, -6]}
							}
						}
					]
				},
				{
					"name": "tail3",
					"parent": "tail2",
					"pivot": [-0.5, 16.375, 14.5],
					"cubes": [
						{
							"origin": [-1.25, 17, 14.5],
							"size": [2.5, 2.5, 6],
							"uv": {
								"north": {"uv": [16, 38], "uv_size": [4, 4]},
								"east": {"uv": [10, 38], "uv_size": [6, 4]},
								"south": {"uv": [26, 38], "uv_size": [4, 4]},
								"west": {"uv": [20, 38], "uv_size": [6, 4]},
								"up": {"uv": [20, 38], "uv_size": [-4, -6]},
								"down": {"uv": [24, 38], "uv_size": [-4, -6]}
							}
						}
					]
				},
				{
					"name": "tail4",
					"parent": "tail3",
					"pivot": [-0.5, 16.375, 20.5],
					"cubes": [
						{
							"origin": [-1.25, 17, 20.5],
							"size": [2.5, 2.5, 6],
							"uv": {
								"north": {"uv": [16, 38], "uv_size": [4, 4]},
								"east": {"uv": [10, 38], "uv_size": [6, 4]},
								"south": {"uv": [26, 38], "uv_size": [4, 4]},
								"west": {"uv": [20, 38], "uv_size": [6, 4]},
								"up": {"uv": [20, 38], "uv_size": [-4, -6]},
								"down": {"uv": [24, 38], "uv_size": [-4, -6]}
							}
						}
					]
				},
				{
					"name": "tail5",
					"parent": "tail4",
					"pivot": [-0.5, 18, 26.5],
					"cubes": [
						{
							"origin": [-1.25, 17, 26.5],
							"size": [2.5, 2.5, 3],
							"uv": {
								"north": {"uv": [16, 38], "uv_size": [4, 4]},
								"east": {"uv": [13, 38], "uv_size": [3, 4]},
								"south": {"uv": [26, 38], "uv_size": [4, 4]},
								"west": {"uv": [20, 38], "uv_size": [3, 4]},
								"up": {"uv": [20, 38], "uv_size": [-4, -4]},
								"down": {"uv": [24, 38], "uv_size": [-4, -4]}
							}
						},
						{
							"origin": [-1.75, 16.75, 29.5],
							"size": [3, 3, 6],
							"uv": {
								"north": {"uv": [4.25, 4.25], "uv_size": [2.5, 2.5]},
								"east": {"uv": [4.25, 4.25], "uv_size": [2.5, 2.5]},
								"south": {"uv": [4.25, 4.25], "uv_size": [2.5, 2.5]},
								"west": {"uv": [4.25, 4.25], "uv_size": [2.5, 2.5]},
								"up": {"uv": [6.75, 6.75], "uv_size": [-2.5, -2.5]},
								"down": {"uv": [6.75, 6.75], "uv_size": [-2.5, -2.5]}
							}
						}
					]
				},
				{
					"name": "rightArm",
					"parent": "body",
					"pivot": [-6, 31.5, 0],
					"cubes": [
						{
							"origin": [-11, 24, -3],
							"size": [5.5, 9.5, 6],
							"inflate": 0.1,
							"uv": {
								"north": {"uv": [44, 20], "uv_size": [4, 6]},
								"east": {"uv": [40, 20], "uv_size": [4, 6]},
								"south": {"uv": [52, 20], "uv_size": [4, 6]},
								"west": {"uv": [48, 20], "uv_size": [4, 6]},
								"up": {"uv": [44, 16], "uv_size": [4, 4]},
								"down": {"uv": [44, 28], "uv_size": [4, -4]}
							}
						}
					]
				},
				{
					"name": "rightForeArm",
					"parent": "rightArm",
					"pivot": [-8.5, 25.5, 1.5],
					"cubes": [
						{
							"origin": [-10.5, 15, -2.5],
							"size": [4.5, 9.5, 5],
							"inflate": 0.1,
							"uv": {
								"north": {"uv": [44, 26], "uv_size": [4, 6]},
								"east": {"uv": [40, 26], "uv_size": [4, 6]},
								"south": {"uv": [52, 26], "uv_size": [4, 6]},
								"west": {"uv": [48, 26], "uv_size": [4, 6]},
								"up": {"uv": [44, 22], "uv_size": [4, 4]},
								"down": {"uv": [48, 20], "uv_size": [4, -4]}
							}
						}
					]
				},
				{
					"name": "katana",
					"parent": "rightForeArm",
					"pivot": [-7.5, 16, 0]
				},
				{
					"name": "kanabo",
					"parent": "katana",
					"pivot": [-7.5, 16, 0],
					"locators": {
						"raimei_hakke": [-7.5, 15.25, -22],
						"raimei_hakke2": [-7.5, 14.75, -21],
						"raimei_hakke3": [-7.5, 14.25, -20]
					}
				},
				{
					"name": "mogura",
					"parent": "katana",
					"pivot": [-7.5, 15.25, 0],
					"locators": {
						"mogura": [-7.5, 15.5, -31.5]
					}
				},
				{
					"name": "yoru_cable",
					"parent": "katana",
					"pivot": [-7.5, 16, 0]
				},
				{
					"name": "yoru_blade",
					"parent": "katana",
					"pivot": [-7.5, 16, -6.25],
					"locators": {
						"yorublade1": [-7.5, 16, -18],
						"yorublade2": [-7.5, 16, -20],
						"yorublade3": [-7.5, 16, -22],
						"yorublade4": [-7.5, 16, -24],
						"yorublade5": [-7.5, 16, -26],
						"yorublade6": [-7.5, 16.5, -28],
						"yorublade7": [-7.5, 16.5, -30],
						"yorublade8": [-7.5, 17, -32],
						"yorublade9": [-7.5, 17.5, -35]
					}
				},
				{
					"name": "item3d",
					"parent": "rightForeArm",
					"pivot": [-7.5, 16, -1]
				},
				{
					"name": "leftArm",
					"parent": "body",
					"pivot": [6, 31.5, -0.5],
					"cubes": [
						{
							"origin": [5.5, 24, -3],
							"size": [5.5, 9.5, 6],
							"inflate": 0.1,
							"uv": {
								"north": {"uv": [48, 20], "uv_size": [-4, 6]},
								"east": {"uv": [52, 20], "uv_size": [-4, 6]},
								"south": {"uv": [56, 20], "uv_size": [-4, 6]},
								"west": {"uv": [44, 20], "uv_size": [-4, 6]},
								"up": {"uv": [48, 16], "uv_size": [-4, 4]},
								"down": {"uv": [48, 28], "uv_size": [-4, -4]}
							}
						}
					]
				},
				{
					"name": "leftForeArm",
					"parent": "leftArm",
					"pivot": [8.5, 25.5, 1],
					"cubes": [
						{
							"origin": [6, 15, -2.5],
							"size": [4.5, 9.5, 5],
							"inflate": 0.1,
							"uv": {
								"north": {"uv": [48, 26], "uv_size": [-4, 6]},
								"east": {"uv": [52, 26], "uv_size": [-4, 6]},
								"south": {"uv": [56, 26], "uv_size": [-4, 6]},
								"west": {"uv": [44, 26], "uv_size": [-4, 6]},
								"up": {"uv": [48, 22], "uv_size": [-4, 4]},
								"down": {"uv": [52, 20], "uv_size": [-4, -4]}
							}
						}
					]
				},
				{
					"name": "katanaOff",
					"parent": "leftForeArm",
					"pivot": [7.5, 16, 0]
				},
				{
					"name": "item3dOff",
					"parent": "leftForeArm",
					"pivot": [7.5, 16, -1]
				},
				{
					"name": "sheath",
					"parent": "body",
					"pivot": [5, 18.5, 0],
					"rotation": [-9.99976, -2.45728, 0.65242]
				},
				{
					"name": "sheathOff",
					"parent": "body",
					"pivot": [4.5, 17.5, 0],
					"rotation": [-7.5, 2.5, 0]
				},
				{
					"name": "rightLeg",
					"parent": "tudo",
					"pivot": [-3.5, 15, 0.5],
					"cubes": [
						{
							"origin": [-5.25, 10.5, -4],
							"size": [5, 8, 5],
							"pivot": [-3, 11, -4],
							"rotation": [-10, 0, 0],
							"uv": {
								"north": {"uv": [4, 20], "uv_size": [4, 6]},
								"east": {"uv": [0, 20], "uv_size": [4, 6]},
								"south": {"uv": [12, 20], "uv_size": [4, 6]},
								"west": {"uv": [8, 20], "uv_size": [4, 6]},
								"up": {"uv": [4, 16], "uv_size": [4, 4]},
								"down": {"uv": [8, 20], "uv_size": [4, -4]}
							}
						},
						{
							"origin": [-4.75, 3, -3],
							"size": [4, 7.5, 3],
							"pivot": [-3, 9.5, -3],
							"rotation": [55, 0, 0],
							"uv": {
								"north": {"uv": [4, 26], "uv_size": [3, 7]},
								"east": {"uv": [0, 26], "uv_size": [4, 7]},
								"south": {"uv": [11, 26], "uv_size": [3, 7]},
								"west": {"uv": [7, 26], "uv_size": [4, 7]},
								"up": {"uv": [4, 22], "uv_size": [3, 4]},
								"down": {"uv": [7, 26], "uv_size": [3, -4]}
							}
						},
						{
							"origin": [-4.5, 1, -0.5],
							"size": [3.5, 6.5, 2.5],
							"pivot": [-3, 2, 2],
							"rotation": [-20, 0, 0],
							"uv": {
								"north": {"uv": [2, 35], "uv_size": [3, 6]},
								"east": {"uv": [0, 35], "uv_size": [2, 6]},
								"south": {"uv": [7, 35], "uv_size": [3, 6]},
								"west": {"uv": [5, 35], "uv_size": [2, 6]},
								"up": {"uv": [2, 33], "uv_size": [3, 2]},
								"down": {"uv": [5, 35], "uv_size": [3, -2]}
							}
						},
						{
							"origin": [-4.75, 0, -4],
							"size": [4, 2, 5.5],
							"uv": {
								"north": {"uv": [6, 50], "uv_size": [4, 2]},
								"east": {"uv": [0, 50], "uv_size": [6, 2]},
								"south": {"uv": [16, 50], "uv_size": [4, 2]},
								"west": {"uv": [10, 50], "uv_size": [6, 2]},
								"up": {"uv": [6, 44], "uv_size": [4, 6]},
								"down": {"uv": [10, 50], "uv_size": [4, -6]}
							}
						}
					]
				},
				{
					"name": "leftLeg",
					"parent": "tudo",
					"pivot": [3.5, 15, 0.5],
					"cubes": [
						{
							"origin": [0.25, 10.5, -4],
							"size": [5, 8, 5],
							"pivot": [3, 11, -4],
							"rotation": [-10, 0, 0],
							"uv": {
								"north": {"uv": [8, 20], "uv_size": [-4, 6]},
								"east": {"uv": [12, 20], "uv_size": [-4, 6]},
								"south": {"uv": [16, 20], "uv_size": [-4, 6]},
								"west": {"uv": [4, 20], "uv_size": [-4, 6]},
								"up": {"uv": [8, 16], "uv_size": [-4, 4]},
								"down": {"uv": [12, 20], "uv_size": [-4, -4]}
							}
						},
						{
							"origin": [0.75, 3, -3],
							"size": [4, 7.5, 3],
							"pivot": [3, 9.5, -3],
							"rotation": [55, 0, 0],
							"uv": {
								"north": {"uv": [7, 26], "uv_size": [-3, 7]},
								"east": {"uv": [11, 26], "uv_size": [-4, 7]},
								"south": {"uv": [14, 26], "uv_size": [-3, 7]},
								"west": {"uv": [4, 26], "uv_size": [-4, 7]},
								"up": {"uv": [7, 22], "uv_size": [-3, 4]},
								"down": {"uv": [10, 26], "uv_size": [-3, -4]}
							}
						},
						{
							"origin": [1, 1, -0.5],
							"size": [3.5, 6.5, 2.5],
							"pivot": [3, 2, 2],
							"rotation": [-20, 0, 0],
							"uv": {
								"north": {"uv": [5, 35], "uv_size": [-3, 6]},
								"east": {"uv": [7, 35], "uv_size": [-2, 6]},
								"south": {"uv": [10, 35], "uv_size": [-3, 6]},
								"west": {"uv": [2, 35], "uv_size": [-2, 6]},
								"up": {"uv": [5, 33], "uv_size": [-3, 2]},
								"down": {"uv": [8, 35], "uv_size": [-3, -2]}
							}
						},
						{
							"origin": [0.75, 0, -4],
							"size": [4, 2, 5.5],
							"uv": {
								"north": {"uv": [10, 50], "uv_size": [-4, 2]},
								"east": {"uv": [16, 50], "uv_size": [-6, 2]},
								"south": {"uv": [20, 50], "uv_size": [-4, 2]},
								"west": {"uv": [6, 50], "uv_size": [-6, 2]},
								"up": {"uv": [10, 44], "uv_size": [-4, 6]},
								"down": {"uv": [14, 50], "uv_size": [-4, -6]}
							}
						}
					]
				}
			]
		}
	]
}