{
	"format_version": "1.12.0",
	"minecraft:geometry": [
		{
			"description": {
				"identifier": "geometry.phoenix_complet",
				"texture_width": 32,
				"texture_height": 32,
				"visible_bounds_width": 16,
				"visible_bounds_height": 13,
				"visible_bounds_offset": [0, -1.5, 0]
			},
			"bones": [
				{
					"name": "root2",
					"pivot": [0, 0, 0]
				},
				{
					"name": "root",
					"parent": "root2",
					"pivot": [0, 0, 0]
				},
				{
					"name": "tudo",
					"parent": "root",
					"pivot": [0, 12, 0]
				},
				{
					"name": "waist",
					"parent": "tudo",
					"pivot": [0, 14, 0]
				},
				{
					"name": "body",
					"parent": "waist",
					"pivot": [0, 38, 0],
					"cubes": [
						{
							"origin": [-6, 28, -4],
							"size": [12, 9, 8],
							"uv": {
								"north": {"uv": [0, 23], "uv_size": [2.5, 2.5]},
								"east": {"uv": [0, 23], "uv_size": [2.5, 2.5]},
								"south": {"uv": [0, 23], "uv_size": [2.5, 2.5]},
								"west": {"uv": [0, 23], "uv_size": [2.5, 2.5]},
								"up": {"uv": [2.5, 25.5], "uv_size": [-2.5, -2.5]},
								"down": {"uv": [2.5, 25.5], "uv_size": [-2.5, -2.5]}
							}
						},
						{
							"origin": [-7, 13, -4.5],
							"size": [14, 15, 9],
							"uv": {
								"north": {"uv": [0, 23], "uv_size": [2.5, 2.5]},
								"east": {"uv": [0, 23], "uv_size": [2.5, 2.5]},
								"south": {"uv": [0, 23], "uv_size": [2.5, 2.5]},
								"west": {"uv": [0, 23], "uv_size": [2.5, 2.5]},
								"up": {"uv": [2.5, 25.5], "uv_size": [-2.5, -2.5]},
								"down": {"uv": [2.5, 23], "uv_size": [-2.5, -2.5]}
							}
						},
						{
							"origin": [-4.98, 10.612, 2.2128],
							"size": [9.96, 3.376, 2.3744],
							"uv": {
								"north": {"uv": [0.9792, 23.55], "uv_size": [0.6128, 0.0656]},
								"east": {"uv": [1.4792, 24.05], "uv_size": [0.6128, 0.0656]},
								"south": {"uv": [0.9792, 24], "uv_size": [0.6128, 0.0656]},
								"west": {"uv": [1.4792, 23.8], "uv_size": [0.6128, 0.0656]},
								"up": {"uv": [1.342, 24.1156], "uv_size": [-0.6128, -0.0656]},
								"down": {"uv": [1.342, 23.8656], "uv_size": [-0.6128, -0.0656]}
							}
						},
						{
							"origin": [-3.68, 8.012, 2.4128],
							"size": [7.66, 2.776, 1.6744],
							"uv": {
								"north": {"uv": [0.4792, 24.05], "uv_size": [0.6128, 0.0656]},
								"east": {"uv": [1.4792, 24.3], "uv_size": [0.6128, 0.0656]},
								"south": {"uv": [1, 24.05], "uv_size": [0.6128, 0.0656]},
								"west": {"uv": [0.7292, 23.8], "uv_size": [0.6128, 0.0656]},
								"up": {"uv": [1.342, 24.3656], "uv_size": [-0.6128, -0.0656]},
								"down": {"uv": [1.592, 24.3656], "uv_size": [-0.6128, -0.0656]}
							}
						}
					]
				},
				{
					"name": "neck",
					"parent": "body",
					"pivot": [0, 37, 0],
					"cubes": [
						{
							"origin": [-5, 37, -3.5],
							"size": [10, 6, 7],
							"uv": {
								"north": {"uv": [0, 23], "uv_size": [2.5, 2.5]},
								"east": {"uv": [0, 23], "uv_size": [2.5, 2.5]},
								"south": {"uv": [0, 23], "uv_size": [2.5, 2.5]},
								"west": {"uv": [0, 23], "uv_size": [2.5, 2.5]},
								"up": {"uv": [2.5, 25.5], "uv_size": [-2.5, -2.5]},
								"down": {"uv": [2.5, 25.5], "uv_size": [-2.5, -2.5]}
							}
						}
					]
				},
				{
					"name": "neck2",
					"parent": "neck",
					"pivot": [0, 42, 0],
					"cubes": [
						{
							"origin": [-3.5, 43, -3],
							"size": [7, 6, 6],
							"uv": {
								"north": {"uv": [0, 23], "uv_size": [2.5, 2.5]},
								"east": {"uv": [0, 23], "uv_size": [2.5, 2.5]},
								"south": {"uv": [0, 23], "uv_size": [2.5, 2.5]},
								"west": {"uv": [0, 23], "uv_size": [2.5, 2.5]},
								"up": {"uv": [2.5, 25.5], "uv_size": [-2.5, -2.5]},
								"down": {"uv": [2.5, 25.5], "uv_size": [-2.5, -2.5]}
							}
						},
						{
							"origin": [1.5, 45, 1.5],
							"size": [0, 8.5, 25],
							"pivot": [1.5, 47.5, 1.5],
							"rotation": [-72.5, 5, -5],
							"uv": {
								"north": {"uv": [2, 0], "uv_size": [-2, 2]},
								"east": {"uv": [2, 0], "uv_size": [-2, 2]},
								"south": {"uv": [2, 0], "uv_size": [-2, 2]},
								"west": {"uv": [27, 29.5], "uv_size": [-7.5, 2.5]},
								"up": {"uv": [0, 2], "uv_size": [2, -2]},
								"down": {"uv": [0, 2], "uv_size": [2, -2]}
							}
						},
						{
							"origin": [-1.5, 45, 1.5],
							"size": [0, 8.5, 25],
							"pivot": [-1.5, 47.5, 1.5],
							"rotation": [-72.5, -5, 5],
							"uv": {
								"north": {"uv": [0, 0], "uv_size": [2, 2]},
								"east": {"uv": [19.5, 29.5], "uv_size": [7.5, 2.5]},
								"south": {"uv": [0, 0], "uv_size": [2, 2]},
								"west": {"uv": [0, 0], "uv_size": [2, 2]},
								"up": {"uv": [2, 2], "uv_size": [-2, -2]},
								"down": {"uv": [2, 2], "uv_size": [-2, -2]}
							}
						}
					]
				},
				{
					"name": "neck3",
					"parent": "neck2",
					"pivot": [0, 46, 0],
					"cubes": [
						{
							"origin": [0, 47.95231, -1.43485],
							"size": [0, 7.5, 20],
							"pivot": [0, 50.45231, 6.06515],
							"rotation": [-70, 0, 0],
							"uv": {
								"north": {"uv": [0, 0], "uv_size": [2, 2]},
								"east": {"uv": [27, 29.5], "uv_size": [-7.5, 2.5]},
								"south": {"uv": [0, 0], "uv_size": [2, 2]},
								"west": {"uv": [0, 0], "uv_size": [2, 2]},
								"up": {"uv": [2, 2], "uv_size": [-2, -2]},
								"down": {"uv": [2, 2], "uv_size": [-2, -2]}
							}
						},
						{
							"origin": [-2.5, 49, -2],
							"size": [5, 6, 4],
							"uv": {
								"north": {"uv": [0, 23], "uv_size": [2.5, 2.5]},
								"east": {"uv": [0, 23], "uv_size": [2.5, 2.5]},
								"south": {"uv": [0, 23], "uv_size": [2.5, 2.5]},
								"west": {"uv": [0, 23], "uv_size": [2.5, 2.5]},
								"up": {"uv": [2.5, 25.5], "uv_size": [-2.5, -2.5]},
								"down": {"uv": [2.5, 25.5], "uv_size": [-2.5, -2.5]}
							}
						}
					]
				},
				{
					"name": "headPhoenix",
					"parent": "neck3",
					"pivot": [0, 55, 0],
					"cubes": [
						{
							"origin": [-1, 56, -10],
							"size": [2, 1, 5.5],
							"uv": {
								"north": {"uv": [1.2756, 19.57], "uv_size": [0.32, 0.32]},
								"east": {"uv": [1.0256, 19.82], "uv_size": [0.32, 0.32]},
								"south": {"uv": [1.0256, 18.82], "uv_size": [0.32, 0.32]},
								"west": {"uv": [1.2756, 19.57], "uv_size": [0.32, 0.32]},
								"up": {"uv": [1.3456, 19.64], "uv_size": [-0.32, -0.32]},
								"down": {"uv": [1.8456, 19.39], "uv_size": [-0.32, -0.32]}
							}
						},
						{
							"origin": [-1, 56, -10],
							"size": [2, 1, 5.5],
							"pivot": [0, 56, -10],
							"rotation": [-10, 0, 0],
							"uv": {
								"north": {"uv": [1.2756, 18.57], "uv_size": [0.32, 0.32]},
								"east": {"uv": [1.0256, 19.32], "uv_size": [0.32, 0.32]},
								"south": {"uv": [1.0256, 18.82], "uv_size": [0.32, 0.32]},
								"west": {"uv": [1.0256, 19.57], "uv_size": [0.32, 0.32]},
								"up": {"uv": [1.5956, 19.64], "uv_size": [-0.32, -0.32]},
								"down": {"uv": [1.8456, 20.14], "uv_size": [-0.32, -0.32]}
							}
						},
						{
							"origin": [-1, 56, -10],
							"size": [2, 1, 5.5],
							"pivot": [-1, 56.5, -10],
							"rotation": [0, -17.5, 0],
							"uv": {
								"north": {"uv": [1.3456, 18.82], "uv_size": [-0.32, 0.32]},
								"east": {"uv": [1.0956, 19.32], "uv_size": [-0.32, 0.32]},
								"south": {"uv": [1.3456, 19.07], "uv_size": [-0.32, 0.32]},
								"west": {"uv": [1.5956, 19.07], "uv_size": [-0.32, 0.32]},
								"up": {"uv": [1.0256, 20.14], "uv_size": [0.32, -0.32]},
								"down": {"uv": [1.2756, 18.89], "uv_size": [0.32, -0.32]}
							}
						},
						{
							"origin": [-1, 56, -10],
							"size": [2, 1, 5.5],
							"pivot": [1, 56.5, -10],
							"rotation": [0, 17.5, 0],
							"uv": {
								"north": {"uv": [1.2756, 19.32], "uv_size": [0.32, 0.32]},
								"east": {"uv": [1.0256, 18.32], "uv_size": [0.32, 0.32]},
								"south": {"uv": [1.2756, 19.57], "uv_size": [0.32, 0.32]},
								"west": {"uv": [1.2756, 19.32], "uv_size": [0.32, 0.32]},
								"up": {"uv": [1.5956, 19.64], "uv_size": [-0.32, -0.32]},
								"down": {"uv": [1.0956, 19.39], "uv_size": [-0.32, -0.32]}
							}
						},
						{
							"origin": [-1, 56, -10],
							"size": [2, 1, 5.5],
							"pivot": [0, 57, -10],
							"rotation": [10, 0, 0],
							"uv": {
								"north": {"uv": [0.7756, 19.57], "uv_size": [0.32, 0.32]},
								"east": {"uv": [0.7756, 19.07], "uv_size": [0.32, 0.32]},
								"south": {"uv": [0.5256, 19.07], "uv_size": [0.32, 0.32]},
								"west": {"uv": [1.0256, 19.32], "uv_size": [0.32, 0.32]},
								"up": {"uv": [1.0956, 19.64], "uv_size": [-0.32, -0.32]},
								"down": {"uv": [1.5956, 19.14], "uv_size": [-0.32, -0.32]}
							}
						},
						{
							"origin": [-3, 55, -4.25],
							"size": [6, 6.345, 6.75],
							"uv": {
								"north": {"uv": [0.32, 24.32], "uv_size": [0.32, 0.32]},
								"east": {"uv": [0.32, 24.32], "uv_size": [0.32, 0.32]},
								"south": {"uv": [0.32, 24.32], "uv_size": [0.32, 0.32]},
								"west": {"uv": [0.32, 24.32], "uv_size": [0.32, 0.32]},
								"up": {"uv": [0.64, 24.64], "uv_size": [-0.32, -0.32]},
								"down": {"uv": [0.64, 24.64], "uv_size": [-0.32, -0.32]}
							}
						},
						{
							"origin": [-3, 55, -5.3],
							"size": [6, 5.5, 1],
							"uv": {
								"north": {"uv": [0.32, 24.32], "uv_size": [0.32, 0.32]},
								"east": {"uv": [0.32, 24.32], "uv_size": [0.32, 0.32]},
								"south": {"uv": [0.32, 24.32], "uv_size": [0.32, 0.32]},
								"west": {"uv": [0.32, 24.32], "uv_size": [0.32, 0.32]},
								"up": {"uv": [0.64, 24.64], "uv_size": [-0.32, -0.32]},
								"down": {"uv": [0.64, 24.64], "uv_size": [-0.32, -0.32]}
							}
						},
						{
							"origin": [0.75, 57, -5.3],
							"size": [3, 3, 0.75],
							"inflate": 0.05,
							"pivot": [3, 58.5, -4.8],
							"rotation": [0, -20, 0],
							"uv": {
								"north": {"uv": [28, 28], "uv_size": [4, 4]},
								"east": {"uv": [28, 28], "uv_size": [0.5, 4]},
								"south": {"uv": [31.5, 28], "uv_size": [0.5, 4]},
								"west": {"uv": [31.5, 28], "uv_size": [0.5, 4]},
								"up": {"uv": [32, 28.5], "uv_size": [-4, -0.5]},
								"down": {"uv": [28, 32], "uv_size": [4, -0.5]}
							}
						},
						{
							"origin": [-3.75, 57, -5.3],
							"size": [3, 3, 0.75],
							"inflate": 0.05,
							"pivot": [-3, 58.5, -4.8],
							"rotation": [0, 20, 0],
							"uv": {
								"north": {"uv": [32, 28], "uv_size": [-4, 4]},
								"east": {"uv": [32, 28], "uv_size": [-0.5, 4]},
								"south": {"uv": [32, 28], "uv_size": [-0.5, 4]},
								"west": {"uv": [28.5, 28], "uv_size": [-0.5, 4]},
								"up": {"uv": [28, 28.5], "uv_size": [4, -0.5]},
								"down": {"uv": [32, 32], "uv_size": [-4, -0.5]}
							}
						},
						{
							"origin": [-3.5, 55, -4.25],
							"size": [7, 5.5, 7.5],
							"uv": {
								"north": {"uv": [0.32, 24.32], "uv_size": [0.32, 0.32]},
								"east": {"uv": [0.32, 24.32], "uv_size": [0.32, 0.32]},
								"south": {"uv": [0.32, 24.32], "uv_size": [0.32, 0.32]},
								"west": {"uv": [0.32, 24.32], "uv_size": [0.32, 0.32]},
								"up": {"uv": [0.64, 24.64], "uv_size": [-0.32, -0.32]},
								"down": {"uv": [0.64, 24.64], "uv_size": [-0.32, -0.32]}
							}
						}
					]
				},
				{
					"name": "crina",
					"parent": "headPhoenix",
					"pivot": [0, 60, 2.5],
					"cubes": [
						{
							"origin": [0, 61.5, -2.5],
							"size": [0, 5, 15],
							"uv": {
								"north": {"uv": [0, 0], "uv_size": [2, 2]},
								"east": {"uv": [27, 29.5], "uv_size": [-7.5, 2.5]},
								"south": {"uv": [0, 0], "uv_size": [2, 2]},
								"west": {"uv": [0, 0], "uv_size": [2, 2]},
								"up": {"uv": [2, 2], "uv_size": [-2, -2]},
								"down": {"uv": [2, 2], "uv_size": [-2, -2]}
							}
						},
						{
							"origin": [1, 59.25, -2],
							"size": [0, 5, 15],
							"pivot": [1, 62, -2],
							"rotation": [0, 10, 0],
							"uv": {
								"north": {"uv": [0, 0], "uv_size": [2, 2]},
								"east": {"uv": [19.5, 29.5], "uv_size": [7.5, 2.5]},
								"south": {"uv": [0, 0], "uv_size": [2, 2]},
								"west": {"uv": [0, 0], "uv_size": [2, 2]},
								"up": {"uv": [2, 2], "uv_size": [-2, -2]},
								"down": {"uv": [2, 2], "uv_size": [-2, -2]}
							}
						},
						{
							"origin": [-1, 59.25, -2],
							"size": [0, 5, 15],
							"pivot": [-1, 62, -2],
							"rotation": [0, -10, 0],
							"uv": {
								"north": {"uv": [2, 0], "uv_size": [-2, 2]},
								"east": {"uv": [2, 0], "uv_size": [-2, 2]},
								"south": {"uv": [2, 0], "uv_size": [-2, 2]},
								"west": {"uv": [27, 29.5], "uv_size": [-7.5, 2.5]},
								"up": {"uv": [0, 2], "uv_size": [2, -2]},
								"down": {"uv": [0, 2], "uv_size": [2, -2]}
							}
						}
					]
				},
				{
					"name": "tail",
					"parent": "body",
					"pivot": [0, 8, 3.5],
					"cubes": [
						{
							"origin": [-2.8, 8.41939, 2.13229],
							"size": [7.2, 0, 70.3],
							"pivot": [-0.45, 8.71031, 3.36123],
							"rotation": [-74.8535, -2.6628, -10.7007],
							"uv": {
								"north": {"uv": [0.1984, 0], "uv_size": [-0.1984, 0]},
								"east": {"uv": [0.1984, 0], "uv_size": [-0.1984, 0]},
								"south": {"uv": [0.1984, 0], "uv_size": [-0.1984, 0]},
								"west": {"uv": [0.1984, 0], "uv_size": [-0.1984, 0]},
								"up": {"uv": [5.0624, 17.6192], "uv_size": [3.7696, 14.3808]},
								"down": {"uv": [0, 0], "uv_size": [0.1984, 0]}
							}
						},
						{
							"origin": [-4.4, 8.41939, 2.13229],
							"size": [7.2, 0, 69.4],
							"pivot": [0.45, 8.71031, 3.36123],
							"rotation": [-74.8535, 2.6628, 10.7007],
							"uv": {
								"north": {"uv": [0, 0], "uv_size": [0.1984, 0]},
								"east": {"uv": [0, 0], "uv_size": [0.1984, 0]},
								"south": {"uv": [0, 0], "uv_size": [0.1984, 0]},
								"west": {"uv": [0, 0], "uv_size": [0.1984, 0]},
								"up": {"uv": [8.832, 17.6192], "uv_size": [-3.7696, 14.3808]},
								"down": {"uv": [0.1984, 0], "uv_size": [-0.1984, 0]}
							}
						},
						{
							"origin": [-4.4, 8.41939, 2.13229],
							"size": [7.2, 0, 47.6],
							"pivot": [0.45, 8.71031, 3.36123],
							"rotation": [-72.1642, -0.3914, 20.2258],
							"uv": {
								"north": {"uv": [0, 0], "uv_size": [0.1984, 0]},
								"east": {"uv": [0, 0], "uv_size": [0.1984, 0]},
								"south": {"uv": [0, 0], "uv_size": [0.1984, 0]},
								"west": {"uv": [0, 0], "uv_size": [0.1984, 0]},
								"up": {"uv": [8.832, 17.6192], "uv_size": [-3.7696, 14.3808]},
								"down": {"uv": [0.1984, 0], "uv_size": [-0.1984, 0]}
							}
						},
						{
							"origin": [-21.04418, -43.31381, 10.26116],
							"size": [4.8, 0, 18.4],
							"pivot": [-18.47182, -43.19958, 10.79152],
							"rotation": [-70.10803, -4.31372, 31.96902],
							"uv": {
								"north": {"uv": [0, 0], "uv_size": [0.1984, 1.7856]},
								"east": {"uv": [0, 0], "uv_size": [0.1984, 1.7856]},
								"south": {"uv": [0, 0], "uv_size": [0.1984, 1.7856]},
								"west": {"uv": [0, 0], "uv_size": [0.1984, 1.7856]},
								"up": {"uv": [31.5, 24], "uv_size": [-2.5, -9]},
								"down": {"uv": [0.1984, 1.7856], "uv_size": [-0.1984, -1.7856]}
							}
						},
						{
							"origin": [16.24418, -43.31381, 10.26116],
							"size": [4.8, 0, 18.4],
							"pivot": [18.47182, -43.19958, 10.79152],
							"rotation": [-70.10803, 4.31372, -31.96902],
							"uv": {
								"north": {"uv": [0.1984, 0], "uv_size": [-0.1984, 1.7856]},
								"east": {"uv": [0.1984, 0], "uv_size": [-0.1984, 1.7856]},
								"south": {"uv": [0.1984, 0], "uv_size": [-0.1984, 1.7856]},
								"west": {"uv": [0.1984, 0], "uv_size": [-0.1984, 1.7856]},
								"up": {"uv": [29, 24], "uv_size": [2.5, -9]},
								"down": {"uv": [0, 1.7856], "uv_size": [0.1984, -1.7856]}
							}
						},
						{
							"origin": [-21.04418, -43.31381, 28.76116],
							"size": [4.8, 0, 18.4],
							"pivot": [-18.47182, -43.19958, 10.79152],
							"rotation": [-70.10803, -4.31372, 31.96902],
							"uv": {
								"north": {"uv": [0, 0], "uv_size": [0.1984, 1.7856]},
								"east": {"uv": [0, 0], "uv_size": [0.1984, 1.7856]},
								"south": {"uv": [0, 0], "uv_size": [0.1984, 1.7856]},
								"west": {"uv": [0, 0], "uv_size": [0.1984, 1.7856]},
								"up": {"uv": [31.5, 24], "uv_size": [-2.5, -9]},
								"down": {"uv": [0.1984, 1.7856], "uv_size": [-0.1984, -1.7856]}
							}
						},
						{
							"origin": [16.24418, -43.31381, 28.76116],
							"size": [4.8, 0, 18.4],
							"pivot": [18.47182, -43.19958, 10.79152],
							"rotation": [-70.10803, 4.31372, -31.96902],
							"uv": {
								"north": {"uv": [0.1984, 0], "uv_size": [-0.1984, 1.7856]},
								"east": {"uv": [0.1984, 0], "uv_size": [-0.1984, 1.7856]},
								"south": {"uv": [0.1984, 0], "uv_size": [-0.1984, 1.7856]},
								"west": {"uv": [0.1984, 0], "uv_size": [-0.1984, 1.7856]},
								"up": {"uv": [29, 24], "uv_size": [2.5, -9]},
								"down": {"uv": [0, 1.7856], "uv_size": [0.1984, -1.7856]}
							}
						},
						{
							"origin": [-21.04418, -43.31381, 47],
							"size": [4.8, 0, 18.4],
							"pivot": [-18.47182, -43.19958, 10.79152],
							"rotation": [-70.10803, -4.31372, 31.96902],
							"uv": {
								"north": {"uv": [0, 0], "uv_size": [0.1984, 1.7856]},
								"east": {"uv": [0, 0], "uv_size": [0.1984, 1.7856]},
								"south": {"uv": [0, 0], "uv_size": [0.1984, 1.7856]},
								"west": {"uv": [0, 0], "uv_size": [0.1984, 1.7856]},
								"up": {"uv": [31.5, 24], "uv_size": [-2.5, -9]},
								"down": {"uv": [0.1984, 1.7856], "uv_size": [-0.1984, -1.7856]}
							}
						},
						{
							"origin": [16.24418, -43.31381, 47],
							"size": [4.8, 0, 18.4],
							"pivot": [18.47182, -43.19958, 10.79152],
							"rotation": [-70.10803, 4.31372, -31.96902],
							"uv": {
								"north": {"uv": [0.1984, 0], "uv_size": [-0.1984, 1.7856]},
								"east": {"uv": [0.1984, 0], "uv_size": [-0.1984, 1.7856]},
								"south": {"uv": [0.1984, 0], "uv_size": [-0.1984, 1.7856]},
								"west": {"uv": [0.1984, 0], "uv_size": [-0.1984, 1.7856]},
								"up": {"uv": [29, 24], "uv_size": [2.5, -9]},
								"down": {"uv": [0, 1.7856], "uv_size": [0.1984, -1.7856]}
							}
						},
						{
							"origin": [-12.00418, -18.81222, -23.59999],
							"size": [4.8, 0, 18.9],
							"pivot": [-9.60418, -18.81222, 7.10001],
							"rotation": [-82.1642, 0, 20.2258],
							"uv": {
								"north": {"uv": [0, 0], "uv_size": [0.1984, 1.7856]},
								"east": {"uv": [0, 0], "uv_size": [0.1984, 1.7856]},
								"south": {"uv": [0, 0], "uv_size": [0.1984, 1.7856]},
								"west": {"uv": [0, 0], "uv_size": [0.1984, 1.7856]},
								"up": {"uv": [31.5, 24], "uv_size": [-2.5, -9]},
								"down": {"uv": [0.1984, 1.7856], "uv_size": [-0.1984, -1.7856]}
							}
						},
						{
							"origin": [7.20418, -18.81222, -23.59999],
							"size": [4.8, 0, 18.9],
							"pivot": [9.60418, -18.81222, 7.10001],
							"rotation": [-82.1642, 0, -20.2258],
							"uv": {
								"north": {"uv": [0.1984, 0], "uv_size": [-0.1984, 1.7856]},
								"east": {"uv": [0.1984, 0], "uv_size": [-0.1984, 1.7856]},
								"south": {"uv": [0.1984, 0], "uv_size": [-0.1984, 1.7856]},
								"west": {"uv": [0.1984, 0], "uv_size": [-0.1984, 1.7856]},
								"up": {"uv": [29, 24], "uv_size": [2.5, -9]},
								"down": {"uv": [0, 1.7856], "uv_size": [0.1984, -1.7856]}
							}
						},
						{
							"origin": [-12.00418, -18.81222, -4.59999],
							"size": [4.8, 0, 18.9],
							"pivot": [-9.60418, -18.81222, 7.10001],
							"rotation": [-82.1642, 0, 20.2258],
							"uv": {
								"north": {"uv": [0, 0], "uv_size": [0.1984, 1.7856]},
								"east": {"uv": [0, 0], "uv_size": [0.1984, 1.7856]},
								"south": {"uv": [0, 0], "uv_size": [0.1984, 1.7856]},
								"west": {"uv": [0, 0], "uv_size": [0.1984, 1.7856]},
								"up": {"uv": [31.5, 24], "uv_size": [-2.5, -9]},
								"down": {"uv": [0.1984, 1.7856], "uv_size": [-0.1984, -1.7856]}
							}
						},
						{
							"origin": [7.20418, -18.81222, -4.59999],
							"size": [4.8, 0, 18.9],
							"pivot": [9.60418, -18.81222, 7.10001],
							"rotation": [-82.1642, 0, -20.2258],
							"uv": {
								"north": {"uv": [0.1984, 0], "uv_size": [-0.1984, 1.7856]},
								"east": {"uv": [0.1984, 0], "uv_size": [-0.1984, 1.7856]},
								"south": {"uv": [0.1984, 0], "uv_size": [-0.1984, 1.7856]},
								"west": {"uv": [0.1984, 0], "uv_size": [-0.1984, 1.7856]},
								"up": {"uv": [29, 24], "uv_size": [2.5, -9]},
								"down": {"uv": [0, 1.7856], "uv_size": [0.1984, -1.7856]}
							}
						},
						{
							"origin": [-12.00418, -18.81222, 14.2],
							"size": [4.8, 0, 18.9],
							"pivot": [-9.60418, -18.81222, 7.10001],
							"rotation": [-82.1642, 0, 20.2258],
							"uv": {
								"north": {"uv": [0, 0], "uv_size": [0.1984, 1.7856]},
								"east": {"uv": [0, 0], "uv_size": [0.1984, 1.7856]},
								"south": {"uv": [0, 0], "uv_size": [0.1984, 1.7856]},
								"west": {"uv": [0, 0], "uv_size": [0.1984, 1.7856]},
								"up": {"uv": [31.5, 24], "uv_size": [-2.5, -9]},
								"down": {"uv": [0.1984, 1.7856], "uv_size": [-0.1984, -1.7856]}
							}
						},
						{
							"origin": [7.20418, -18.81222, 14.2],
							"size": [4.8, 0, 18.9],
							"pivot": [9.60418, -18.81222, 7.10001],
							"rotation": [-82.1642, 0, -20.2258],
							"uv": {
								"north": {"uv": [0.1984, 0], "uv_size": [-0.1984, 1.7856]},
								"east": {"uv": [0.1984, 0], "uv_size": [-0.1984, 1.7856]},
								"south": {"uv": [0.1984, 0], "uv_size": [-0.1984, 1.7856]},
								"west": {"uv": [0.1984, 0], "uv_size": [-0.1984, 1.7856]},
								"up": {"uv": [29, 24], "uv_size": [2.5, -9]},
								"down": {"uv": [0, 1.7856], "uv_size": [0.1984, -1.7856]}
							}
						},
						{
							"origin": [-2.04047, -20.55475, -23.84903],
							"size": [4.8, 0, 18.9],
							"pivot": [0.35953, -20.55475, 6.85097],
							"rotation": [-82.6314, 2.6726, 0.398],
							"uv": {
								"north": {"uv": [0, 0], "uv_size": [0.1984, 1.7856]},
								"east": {"uv": [0, 0], "uv_size": [0.1984, 1.7856]},
								"south": {"uv": [0, 0], "uv_size": [0.1984, 1.7856]},
								"west": {"uv": [0, 0], "uv_size": [0.1984, 1.7856]},
								"up": {"uv": [31.5, 24], "uv_size": [-2.5, -9]},
								"down": {"uv": [0.1984, 1.7856], "uv_size": [-0.1984, -1.7856]}
							}
						},
						{
							"origin": [-2.04047, -20.55475, -5.34903],
							"size": [4.8, 0, 18.9],
							"pivot": [0.35953, -20.55475, 6.85097],
							"rotation": [-82.6314, 2.6726, 0.398],
							"uv": {
								"north": {"uv": [0, 0], "uv_size": [0.1984, 1.7856]},
								"east": {"uv": [0, 0], "uv_size": [0.1984, 1.7856]},
								"south": {"uv": [0, 0], "uv_size": [0.1984, 1.7856]},
								"west": {"uv": [0, 0], "uv_size": [0.1984, 1.7856]},
								"up": {"uv": [31.5, 24], "uv_size": [-2.5, -9]},
								"down": {"uv": [0.1984, 1.7856], "uv_size": [-0.1984, -1.7856]}
							}
						},
						{
							"origin": [-2.04047, -20.55475, 13.65097],
							"size": [4.8, 0, 18.9],
							"pivot": [0.35953, -20.55475, 6.85097],
							"rotation": [-82.6314, 2.6726, 0.398],
							"uv": {
								"north": {"uv": [0, 0], "uv_size": [0.1984, 1.7856]},
								"east": {"uv": [0, 0], "uv_size": [0.1984, 1.7856]},
								"south": {"uv": [0, 0], "uv_size": [0.1984, 1.7856]},
								"west": {"uv": [0, 0], "uv_size": [0.1984, 1.7856]},
								"up": {"uv": [31.5, 24], "uv_size": [-2.5, -9]},
								"down": {"uv": [0.1984, 1.7856], "uv_size": [-0.1984, -1.7856]}
							}
						},
						{
							"origin": [-2.04047, -20.55475, 32.15097],
							"size": [4.8, 0, 18.9],
							"pivot": [0.35953, -20.55475, 6.85097],
							"rotation": [-82.6314, 2.6726, 0.398],
							"uv": {
								"north": {"uv": [0, 0], "uv_size": [0.1984, 1.7856]},
								"east": {"uv": [0, 0], "uv_size": [0.1984, 1.7856]},
								"south": {"uv": [0, 0], "uv_size": [0.1984, 1.7856]},
								"west": {"uv": [0, 0], "uv_size": [0.1984, 1.7856]},
								"up": {"uv": [31.5, 24], "uv_size": [-2.5, -9]},
								"down": {"uv": [0.1984, 1.7856], "uv_size": [-0.1984, -1.7856]}
							}
						},
						{
							"origin": [-2.04047, -20.55475, 50.8],
							"size": [4.8, 0, 18.9],
							"pivot": [0.35953, -20.55475, 6.85097],
							"rotation": [-82.6314, 2.6726, 0.398],
							"uv": {
								"north": {"uv": [0, 0], "uv_size": [0.1984, 1.7856]},
								"east": {"uv": [0, 0], "uv_size": [0.1984, 1.7856]},
								"south": {"uv": [0, 0], "uv_size": [0.1984, 1.7856]},
								"west": {"uv": [0, 0], "uv_size": [0.1984, 1.7856]},
								"up": {"uv": [31.5, 24], "uv_size": [-2.5, -9]},
								"down": {"uv": [0.1984, 1.7856], "uv_size": [-0.1984, -1.7856]}
							}
						},
						{
							"origin": [-2.04047, -20.55475, 69.6],
							"size": [4.8, 0, 18.9],
							"pivot": [0.35953, -20.55475, 6.85097],
							"rotation": [-82.6314, 2.6726, 0.398],
							"uv": {
								"north": {"uv": [0, 0], "uv_size": [0.1984, 1.7856]},
								"east": {"uv": [0, 0], "uv_size": [0.1984, 1.7856]},
								"south": {"uv": [0, 0], "uv_size": [0.1984, 1.7856]},
								"west": {"uv": [0, 0], "uv_size": [0.1984, 1.7856]},
								"up": {"uv": [31.5, 24], "uv_size": [-2.5, -9]},
								"down": {"uv": [0.1984, 1.7856], "uv_size": [-0.1984, -1.7856]}
							}
						},
						{
							"origin": [-2.8, 8.41939, 2.13229],
							"size": [7.2, 0, 49.9],
							"pivot": [-0.45, 8.71031, 3.36123],
							"rotation": [-67.1642, 0.3914, -20.2258],
							"uv": {
								"north": {"uv": [0.1984, 0], "uv_size": [-0.1984, 0]},
								"east": {"uv": [0.1984, 0], "uv_size": [-0.1984, 0]},
								"south": {"uv": [0.1984, 0], "uv_size": [-0.1984, 0]},
								"west": {"uv": [0.1984, 0], "uv_size": [-0.1984, 0]},
								"up": {"uv": [5.0624, 17.6192], "uv_size": [3.7696, 14.3808]},
								"down": {"uv": [0, 0], "uv_size": [0.1984, 0]}
							}
						},
						{
							"origin": [-4.4, 8.41939, 2.13229],
							"size": [9.7, 0, 85.9],
							"pivot": [0.45, 8.71031, 3.36123],
							"rotation": [-72.5, 0, 0],
							"uv": {
								"north": {"uv": [0, 0], "uv_size": [0.1984, 0]},
								"east": {"uv": [0, 0], "uv_size": [0.1984, 0]},
								"south": {"uv": [0, 0], "uv_size": [0.1984, 0]},
								"west": {"uv": [0, 0], "uv_size": [0.1984, 0]},
								"up": {"uv": [8.832, 17.6192], "uv_size": [-3.7696, 14.3808]},
								"down": {"uv": [0.1984, 0], "uv_size": [-0.1984, 0]}
							}
						}
					],
					"locators": {
						"phoenix1": [0, -51.9, 22.1],
						"phoenix2": [23, -54.9, 15.1],
						"phoenix3": [-23, -54.9, 15.1]
					}
				},
				{
					"name": "wing_right",
					"parent": "body",
					"pivot": [-5, 37.5, 0],
					"cubes": [
						{
							"origin": [-27.01, 17.49, -0.26],
							"size": [22.02, 18.02, 0.52],
							"inflate": 0.01,
							"uv": {
								"north": {"uv": [7.5, 7.5], "uv_size": [-7.5, 6.5]},
								"east": {"uv": [0, 0], "uv_size": [0, 0]},
								"south": {"uv": [0, 7.5], "uv_size": [7.5, 6.5]},
								"west": {"uv": [0, 7.5], "uv_size": [0.5, 6.5]},
								"up": {"uv": [0, 0], "uv_size": [0, 0]},
								"down": {"uv": [0, 0], "uv_size": [0, 0]}
							}
						},
						{
							"origin": [-27.01, 35.49, -1.26],
							"size": [22.02, 22.02, 2.52],
							"inflate": 0.01,
							"uv": {
								"north": {"uv": [7.5, 0], "uv_size": [-7.5, 7.5]},
								"east": {"uv": [0, 0], "uv_size": [0, 0]},
								"south": {"uv": [0, 0], "uv_size": [7.5, 7.5]},
								"west": {"uv": [0, 0], "uv_size": [0, 0]},
								"up": {"uv": [0, 0], "uv_size": [0, 0]},
								"down": {"uv": [7.5, 7.5], "uv_size": [-7.5, -0.5]}
							}
						},
						{
							"origin": [-24, 35.5, -1.25],
							"size": [19, 4, 2.5],
							"uv": {
								"north": {"uv": [4.75, 20.75], "uv_size": [-2, 2]},
								"east": {"uv": [2.75, 20.75], "uv_size": [2, 2]},
								"south": {"uv": [2.75, 20.75], "uv_size": [2, 2]},
								"west": {"uv": [2.75, 20.75], "uv_size": [2, 2]},
								"up": {"uv": [4.75, 22.75], "uv_size": [-2, -2]},
								"down": {"uv": [4.75, 22.75], "uv_size": [-2, -2]}
							}
						},
						{
							"origin": [-28, 35.5, -1.25],
							"size": [4, 4, 2.5],
							"pivot": [-24, 37.5, 0],
							"rotation": [0, 0, 37.5],
							"uv": {
								"north": {"uv": [2.25, 20.75], "uv_size": [-2, 2]},
								"east": {"uv": [0.25, 20.75], "uv_size": [2, 2]},
								"south": {"uv": [0.25, 20.75], "uv_size": [2, 2]},
								"west": {"uv": [0.25, 20.75], "uv_size": [2, 2]},
								"up": {"uv": [4.75, 22.75], "uv_size": [-2, -2]},
								"down": {"uv": [4.75, 22.75], "uv_size": [-2, -2]}
							}
						}
					]
				},
				{
					"name": "wing_right2",
					"parent": "wing_right",
					"pivot": [-27, 37.5, 0],
					"cubes": [
						{
							"origin": [-47, 37.5, -1.25],
							"size": [19, 2, 2.5],
							"pivot": [-24, 37.5, 0],
							"rotation": [0, 0, 37.5],
							"uv": {
								"north": {"uv": [2.25, 20.75], "uv_size": [-2, 2]},
								"east": {"uv": [0.25, 20.75], "uv_size": [2, 2]},
								"south": {"uv": [0.25, 20.75], "uv_size": [2, 2]},
								"west": {"uv": [0.25, 20.75], "uv_size": [2, 2]},
								"up": {"uv": [4.75, 22.75], "uv_size": [-2, -2]},
								"down": {"uv": [4.75, 22.75], "uv_size": [-2, -2]}
							}
						},
						{
							"origin": [-49, 51, -1.25],
							"size": [8, 2, 2.5],
							"pivot": [-41, 51.5, 0],
							"rotation": [0, 0, -2.5],
							"uv": {
								"north": {"uv": [2.25, 20.75], "uv_size": [-2, 2]},
								"east": {"uv": [0.25, 20.75], "uv_size": [2, 2]},
								"south": {"uv": [0.25, 20.75], "uv_size": [2, 2]},
								"west": {"uv": [0.25, 20.75], "uv_size": [2, 2]},
								"up": {"uv": [4.75, 22.75], "uv_size": [-2, -2]},
								"down": {"uv": [4.75, 22.75], "uv_size": [-2, -2]}
							}
						},
						{
							"origin": [-49.01, 17.49, -0.26],
							"size": [22.02, 18.02, 0.52],
							"inflate": 0.01,
							"uv": {
								"north": {"uv": [15, 7.5], "uv_size": [-7.5, 6.5]},
								"east": {"uv": [0, 0], "uv_size": [0, 0]},
								"south": {"uv": [7.5, 7.5], "uv_size": [7.5, 6.5]},
								"west": {"uv": [0, 0], "uv_size": [0, 0]},
								"up": {"uv": [0, 0], "uv_size": [0, 0]},
								"down": {"uv": [0, 0], "uv_size": [0, 0]}
							}
						},
						{
							"origin": [-49.01, 35.49, -1.26],
							"size": [22.02, 22.02, 2.52],
							"inflate": 0.01,
							"uv": {
								"north": {"uv": [15, 0], "uv_size": [-7.5, 7.5]},
								"east": {"uv": [0, 0], "uv_size": [0, 0]},
								"south": {"uv": [7.5, 0], "uv_size": [7.5, 7.5]},
								"west": {"uv": [0, 0], "uv_size": [0, 0]},
								"up": {"uv": [0, 0], "uv_size": [0, 0]},
								"down": {"uv": [15, 7.5], "uv_size": [-7.5, -0.5]}
							}
						}
					]
				},
				{
					"name": "wing_right3",
					"parent": "wing_right2",
					"pivot": [-49, 37.5, 0],
					"cubes": [
						{
							"origin": [-69, 51, -1.25],
							"size": [21, 2, 2.5],
							"pivot": [-47, 51.5, 0],
							"rotation": [0, 0, -15],
							"uv": {
								"north": {"uv": [2.25, 20.75], "uv_size": [-2, 2]},
								"east": {"uv": [0.25, 20.75], "uv_size": [2, 2]},
								"south": {"uv": [0.25, 20.75], "uv_size": [2, 2]},
								"west": {"uv": [0.25, 20.75], "uv_size": [2, 2]},
								"up": {"uv": [4.75, 22.75], "uv_size": [-2, -2]},
								"down": {"uv": [4.75, 22.75], "uv_size": [-2, -2]}
							}
						},
						{
							"origin": [-88.5, 46, -1.25],
							"size": [21, 1, 2.5],
							"pivot": [-69, 45.5, 0],
							"rotation": [0, 0, -32.5],
							"uv": {
								"north": {"uv": [4.75, 20.75], "uv_size": [-2, 2]},
								"east": {"uv": [2.75, 20.75], "uv_size": [2, 2]},
								"south": {"uv": [2.75, 20.75], "uv_size": [2, 2]},
								"west": {"uv": [2.75, 20.75], "uv_size": [2, 2]},
								"up": {"uv": [4.75, 22.75], "uv_size": [-2, -2]},
								"down": {"uv": [4.75, 22.75], "uv_size": [-2, -2]}
							}
						},
						{
							"origin": [-97.01, 17.49, -0.01],
							"size": [48.02, 18.02, 0.02],
							"inflate": 0.01,
							"uv": {
								"north": {"uv": [30, 7.5], "uv_size": [-15, 6.5]},
								"east": {"uv": [0, 0], "uv_size": [0, 0]},
								"south": {"uv": [15, 7.5], "uv_size": [15, 6.5]},
								"west": {"uv": [0, 0], "uv_size": [0, 0]},
								"up": {"uv": [0, 0], "uv_size": [0, 0]},
								"down": {"uv": [0, 0], "uv_size": [0, 0]}
							}
						},
						{
							"origin": [-97.01, 35.49, -1.26],
							"size": [48.02, 22.02, 2.52],
							"inflate": 0.01,
							"uv": {
								"north": {"uv": [30, 0], "uv_size": [-15, 7.5]},
								"east": {"uv": [0, 0], "uv_size": [0, 0]},
								"south": {"uv": [15, 0], "uv_size": [15, 7.5]},
								"west": {"uv": [0, 0], "uv_size": [0, 0]},
								"up": {"uv": [0, 0], "uv_size": [0, 0]},
								"down": {"uv": [30, 7.5], "uv_size": [-15, -0.5]}
							}
						}
					]
				},
				{
					"name": "wing_left",
					"parent": "body",
					"pivot": [5, 37.5, 0],
					"cubes": [
						{
							"origin": [4.99, 17.49, -0.26],
							"size": [22.02, 18.02, 0.52],
							"inflate": 0.01,
							"uv": {
								"north": {"uv": [0, 7.5], "uv_size": [7.5, 6.5]},
								"east": {"uv": [0.5, 7.5], "uv_size": [-0.5, 6.5]},
								"south": {"uv": [7.5, 7.5], "uv_size": [-7.5, 6.5]},
								"west": {"uv": [0, 0], "uv_size": [0, 0]},
								"up": {"uv": [0, 0], "uv_size": [0, 0]},
								"down": {"uv": [0, 0], "uv_size": [0, 0]}
							}
						},
						{
							"origin": [4.99, 35.49, -1.26],
							"size": [22.02, 22.02, 2.52],
							"inflate": 0.01,
							"uv": {
								"north": {"uv": [0, 0], "uv_size": [7.5, 7.5]},
								"east": {"uv": [0, 0], "uv_size": [0, 0]},
								"south": {"uv": [7.5, 0], "uv_size": [-7.5, 7.5]},
								"west": {"uv": [0, 0], "uv_size": [0, 0]},
								"up": {"uv": [0, 0], "uv_size": [0, 0]},
								"down": {"uv": [0, 7.5], "uv_size": [7.5, -0.5]}
							}
						},
						{
							"origin": [5, 35.5, -1.25],
							"size": [19, 4, 2.5],
							"uv": {
								"north": {"uv": [2.75, 20.75], "uv_size": [2, 2]},
								"east": {"uv": [4.75, 20.75], "uv_size": [-2, 2]},
								"south": {"uv": [4.75, 20.75], "uv_size": [-2, 2]},
								"west": {"uv": [4.75, 20.75], "uv_size": [-2, 2]},
								"up": {"uv": [2.75, 22.75], "uv_size": [2, -2]},
								"down": {"uv": [2.75, 22.75], "uv_size": [2, -2]}
							}
						},
						{
							"origin": [24, 35.5, -1.25],
							"size": [4, 4, 2.5],
							"pivot": [24, 37.5, 0],
							"rotation": [0, 0, -37.5],
							"uv": {
								"north": {"uv": [0.25, 20.75], "uv_size": [2, 2]},
								"east": {"uv": [2.25, 20.75], "uv_size": [-2, 2]},
								"south": {"uv": [2.25, 20.75], "uv_size": [-2, 2]},
								"west": {"uv": [2.25, 20.75], "uv_size": [-2, 2]},
								"up": {"uv": [2.75, 22.75], "uv_size": [2, -2]},
								"down": {"uv": [2.75, 22.75], "uv_size": [2, -2]}
							}
						}
					]
				},
				{
					"name": "wing_left2",
					"parent": "wing_left",
					"pivot": [27, 37.5, 0],
					"cubes": [
						{
							"origin": [28, 37.5, -1.25],
							"size": [19, 2, 2.5],
							"pivot": [24, 37.5, 0],
							"rotation": [0, 0, -37.5],
							"uv": {
								"north": {"uv": [0.25, 20.75], "uv_size": [2, 2]},
								"east": {"uv": [2.25, 20.75], "uv_size": [-2, 2]},
								"south": {"uv": [2.25, 20.75], "uv_size": [-2, 2]},
								"west": {"uv": [2.25, 20.75], "uv_size": [-2, 2]},
								"up": {"uv": [2.75, 22.75], "uv_size": [2, -2]},
								"down": {"uv": [2.75, 22.75], "uv_size": [2, -2]}
							}
						},
						{
							"origin": [41, 51, -1.25],
							"size": [8, 2, 2.5],
							"pivot": [41, 51.5, 0],
							"rotation": [0, 0, 2.5],
							"uv": {
								"north": {"uv": [0.25, 20.75], "uv_size": [2, 2]},
								"east": {"uv": [2.25, 20.75], "uv_size": [-2, 2]},
								"south": {"uv": [2.25, 20.75], "uv_size": [-2, 2]},
								"west": {"uv": [2.25, 20.75], "uv_size": [-2, 2]},
								"up": {"uv": [2.75, 22.75], "uv_size": [2, -2]},
								"down": {"uv": [2.75, 22.75], "uv_size": [2, -2]}
							}
						},
						{
							"origin": [26.99, 17.49, -0.26],
							"size": [22.02, 18.02, 0.52],
							"inflate": 0.01,
							"uv": {
								"north": {"uv": [7.5, 7.5], "uv_size": [7.5, 6.5]},
								"east": {"uv": [0, 0], "uv_size": [0, 0]},
								"south": {"uv": [15, 7.5], "uv_size": [-7.5, 6.5]},
								"west": {"uv": [0, 0], "uv_size": [0, 0]},
								"up": {"uv": [0, 0], "uv_size": [0, 0]},
								"down": {"uv": [0, 0], "uv_size": [0, 0]}
							}
						},
						{
							"origin": [26.99, 35.49, -1.26],
							"size": [22.02, 22.02, 2.52],
							"inflate": 0.01,
							"uv": {
								"north": {"uv": [7.5, 0], "uv_size": [7.5, 7.5]},
								"east": {"uv": [0, 0], "uv_size": [0, 0]},
								"south": {"uv": [15, 0], "uv_size": [-7.5, 7.5]},
								"west": {"uv": [0, 0], "uv_size": [0, 0]},
								"up": {"uv": [0, 0], "uv_size": [0, 0]},
								"down": {"uv": [7.5, 7.5], "uv_size": [7.5, -0.5]}
							}
						}
					]
				},
				{
					"name": "wing_left3",
					"parent": "wing_left2",
					"pivot": [49, 37.5, 0],
					"cubes": [
						{
							"origin": [48, 51, -1.25],
							"size": [21, 2, 2.5],
							"pivot": [47, 51.5, 0],
							"rotation": [0, 0, 15],
							"uv": {
								"north": {"uv": [0.25, 20.75], "uv_size": [2, 2]},
								"east": {"uv": [2.25, 20.75], "uv_size": [-2, 2]},
								"south": {"uv": [2.25, 20.75], "uv_size": [-2, 2]},
								"west": {"uv": [2.25, 20.75], "uv_size": [-2, 2]},
								"up": {"uv": [2.75, 22.75], "uv_size": [2, -2]},
								"down": {"uv": [2.75, 22.75], "uv_size": [2, -2]}
							}
						},
						{
							"origin": [67.5, 46, -1.25],
							"size": [21, 1, 2.5],
							"pivot": [69, 45.5, 0],
							"rotation": [0, 0, 32.5],
							"uv": {
								"north": {"uv": [2.75, 20.75], "uv_size": [2, 2]},
								"east": {"uv": [4.75, 20.75], "uv_size": [-2, 2]},
								"south": {"uv": [4.75, 20.75], "uv_size": [-2, 2]},
								"west": {"uv": [4.75, 20.75], "uv_size": [-2, 2]},
								"up": {"uv": [2.75, 22.75], "uv_size": [2, -2]},
								"down": {"uv": [2.75, 22.75], "uv_size": [2, -2]}
							}
						},
						{
							"origin": [48.99, 17.49, -0.01],
							"size": [48.02, 18.02, 0.02],
							"inflate": 0.01,
							"uv": {
								"north": {"uv": [15, 7.5], "uv_size": [15, 6.5]},
								"east": {"uv": [0, 0], "uv_size": [0, 0]},
								"south": {"uv": [30, 7.5], "uv_size": [-15, 6.5]},
								"west": {"uv": [0, 0], "uv_size": [0, 0]},
								"up": {"uv": [0, 0], "uv_size": [0, 0]},
								"down": {"uv": [0, 0], "uv_size": [0, 0]}
							}
						},
						{
							"origin": [48.99, 35.49, -1.26],
							"size": [48.02, 22.02, 2.52],
							"inflate": 0.01,
							"uv": {
								"north": {"uv": [15, 0], "uv_size": [15, 7.5]},
								"east": {"uv": [0, 0], "uv_size": [0, 0]},
								"south": {"uv": [30, 0], "uv_size": [-15, 7.5]},
								"west": {"uv": [0, 0], "uv_size": [0, 0]},
								"up": {"uv": [0, 0], "uv_size": [0, 0]},
								"down": {"uv": [15, 7.5], "uv_size": [15, -0.5]}
							}
						}
					]
				},
				{
					"name": "rightLeg",
					"parent": "tudo",
					"pivot": [-3.875, 15.5, 0],
					"cubes": [
						{
							"origin": [-7.28677, 11.69466, -2.6523],
							"size": [6.42355, 4.42105, 5.87309],
							"uv": {
								"north": {"uv": [2.5, 23], "uv_size": [-2.5, 2.5]},
								"east": {"uv": [2.5, 23], "uv_size": [-2.5, 2.5]},
								"south": {"uv": [2.5, 23], "uv_size": [-2.5, 2.5]},
								"west": {"uv": [2.5, 23], "uv_size": [-2.5, 2.5]},
								"up": {"uv": [0, 25.5], "uv_size": [2.5, -2.5]},
								"down": {"uv": [0, 25.5], "uv_size": [2.5, -2.5]}
							}
						},
						{
							"origin": [-6.78677, 6.69466, -2.1523],
							"size": [5.42355, 5.42105, 4.87309],
							"uv": {
								"north": {"uv": [1.9648, 24.25], "uv_size": [-1.6448, -0.0448]},
								"east": {"uv": [1.9648, 24.6972], "uv_size": [-1.6448, -0.0448]},
								"south": {"uv": [1.7148, 24.1972], "uv_size": [-1.6448, -0.0448]},
								"west": {"uv": [2.2148, 24.1972], "uv_size": [-1.6448, -0.0448]},
								"up": {"uv": [0.07, 23.9024], "uv_size": [1.6448, 0.0448]},
								"down": {"uv": [0.32, 24.1524], "uv_size": [1.6448, 0.0448]}
							}
						}
					]
				},
				{
					"name": "rightForeLeg",
					"parent": "rightLeg",
					"pivot": [-3.875, 8.5, 0],
					"cubes": [
						{
							"origin": [-5.625, 0, -1.625],
							"size": [3.25, 7, 3.25],
							"uv": {
								"north": {"uv": [2.25, 23.25], "uv_size": [-2, 2]},
								"east": {"uv": [2.25, 23.25], "uv_size": [-2, 2]},
								"south": {"uv": [2.25, 23.25], "uv_size": [-2, 2]},
								"west": {"uv": [2.25, 23.25], "uv_size": [-2, 2]},
								"up": {"uv": [0.25, 25.25], "uv_size": [2, -2]},
								"down": {"uv": [0.25, 25.25], "uv_size": [2, -2]}
							}
						}
					]
				},
				{
					"name": "garras2",
					"parent": "rightForeLeg",
					"pivot": [-3.875, 1.1, 0],
					"cubes": [
						{
							"origin": [-3.5, 0, -6.5],
							"size": [1.25, 1.75, 2.5],
							"pivot": [-3.25, 0.875, 2],
							"rotation": [0, -5, 0],
							"uv": {
								"north": {"uv": [0.25, 20.75], "uv_size": [2, 2]},
								"east": {"uv": [0.25, 20.75], "uv_size": [2, 2]},
								"south": {"uv": [0.25, 20.75], "uv_size": [2, 2]},
								"west": {"uv": [0.25, 20.75], "uv_size": [2, 2]},
								"up": {"uv": [2.25, 22.75], "uv_size": [-2, -2]},
								"down": {"uv": [2.25, 22.75], "uv_size": [-2, -2]}
							}
						},
						{
							"origin": [-5.6875, 2.875, -8.8125],
							"size": [1.125, 1.25, 3],
							"pivot": [-4.75, 0.875, 2],
							"rotation": [17.5, 5, 0],
							"uv": {
								"north": {"uv": [2.25, 20.75], "uv_size": [-2, 2]},
								"east": {"uv": [2.25, 20.75], "uv_size": [-2, 2]},
								"south": {"uv": [2.25, 20.75], "uv_size": [-2, 2]},
								"west": {"uv": [2.25, 20.75], "uv_size": [-2, 2]},
								"up": {"uv": [0.25, 22.75], "uv_size": [2, -2]},
								"down": {"uv": [0.25, 22.75], "uv_size": [2, -2]}
							}
						},
						{
							"origin": [-3.4375, 2.875, -8.8125],
							"size": [1.125, 1.25, 3],
							"pivot": [-3.25, 0.875, 2],
							"rotation": [17.5, -5, 0],
							"uv": {
								"north": {"uv": [0.25, 20.75], "uv_size": [2, 2]},
								"east": {"uv": [0.25, 20.75], "uv_size": [2, 2]},
								"south": {"uv": [0.25, 20.75], "uv_size": [2, 2]},
								"west": {"uv": [0.25, 20.75], "uv_size": [2, 2]},
								"up": {"uv": [2.25, 22.75], "uv_size": [-2, -2]},
								"down": {"uv": [2.25, 22.75], "uv_size": [-2, -2]}
							}
						},
						{
							"origin": [-5.75, 0, -6.5],
							"size": [1.25, 1.75, 2.5],
							"pivot": [-4.75, 0.875, 2],
							"rotation": [0, 5, 0],
							"uv": {
								"north": {"uv": [2.25, 20.75], "uv_size": [-2, 2]},
								"east": {"uv": [2.25, 20.75], "uv_size": [-2, 2]},
								"south": {"uv": [2.25, 20.75], "uv_size": [-2, 2]},
								"west": {"uv": [2.25, 20.75], "uv_size": [-2, 2]},
								"up": {"uv": [0.25, 22.75], "uv_size": [2, -2]},
								"down": {"uv": [0.25, 22.75], "uv_size": [2, -2]}
							}
						},
						{
							"origin": [-4.5, 0.3125, 1.625],
							"size": [1, 1.125, 3.75],
							"pivot": [-4, 0.8125, 1.625],
							"rotation": [-7.5, 0, 0],
							"uv": {
								"north": {"uv": [0.25, 20.75], "uv_size": [2, 2]},
								"east": {"uv": [0.25, 20.75], "uv_size": [2, 2]},
								"south": {"uv": [0.25, 20.75], "uv_size": [2, 2]},
								"west": {"uv": [0.25, 20.75], "uv_size": [2, 2]},
								"up": {"uv": [0.25, 20.75], "uv_size": [2, 2]},
								"down": {"uv": [0.25, 20.75], "uv_size": [2, 2]}
							}
						},
						{
							"origin": [-4.75, 0, -6.5],
							"size": [1.5, 1.75, 4.75],
							"uv": {
								"north": {"uv": [2.25, 20.75], "uv_size": [-2, 2]},
								"east": {"uv": [2.25, 20.75], "uv_size": [-2, 2]},
								"south": {"uv": [2.25, 20.75], "uv_size": [-2, 2]},
								"west": {"uv": [2.25, 20.75], "uv_size": [-2, 2]},
								"up": {"uv": [0.25, 22.75], "uv_size": [2, -2]},
								"down": {"uv": [0.25, 22.75], "uv_size": [2, -2]}
							}
						},
						{
							"origin": [-4.625, 0.60262, -9.7],
							"size": [1.25, 1.25, 3.5],
							"pivot": [-3.97235, 0.67736, -5.08904],
							"rotation": [12.5, 0, 0],
							"uv": {
								"north": {"uv": [0.25, 20.75], "uv_size": [2, 2]},
								"east": {"uv": [0.25, 20.75], "uv_size": [2, 2]},
								"south": {"uv": [0.25, 20.75], "uv_size": [2, 2]},
								"west": {"uv": [0.25, 20.75], "uv_size": [2, 2]},
								"up": {"uv": [2.25, 22.75], "uv_size": [-2, -2]},
								"down": {"uv": [2.25, 22.75], "uv_size": [-2, -2]}
							}
						},
						{
							"origin": [-6, 0, -4],
							"size": [4, 1.75, 5.625],
							"uv": {
								"north": {"uv": [2.25, 20.75], "uv_size": [-2, 2]},
								"east": {"uv": [2.25, 20.75], "uv_size": [-2, 2]},
								"south": {"uv": [2.25, 20.75], "uv_size": [-2, 2]},
								"west": {"uv": [2.25, 20.75], "uv_size": [-2, 2]},
								"up": {"uv": [0.25, 22.75], "uv_size": [2, -2]},
								"down": {"uv": [0.25, 22.75], "uv_size": [2, -2]}
							}
						}
					]
				},
				{
					"name": "leftLeg",
					"parent": "tudo",
					"pivot": [3.875, 15.5, 0],
					"cubes": [
						{
							"origin": [0.86322, 11.69466, -2.6523],
							"size": [6.42355, 4.42105, 5.87309],
							"uv": {
								"north": {"uv": [0, 23], "uv_size": [2.5, 2.5]},
								"east": {"uv": [0, 23], "uv_size": [2.5, 2.5]},
								"south": {"uv": [0, 23], "uv_size": [2.5, 2.5]},
								"west": {"uv": [0, 23], "uv_size": [2.5, 2.5]},
								"up": {"uv": [2.5, 25.5], "uv_size": [-2.5, -2.5]},
								"down": {"uv": [2.5, 25.5], "uv_size": [-2.5, -2.5]}
							}
						},
						{
							"origin": [1.36322, 6.69466, -2.1523],
							"size": [5.42355, 5.42105, 4.87309],
							"uv": {
								"north": {"uv": [0.32, 24.25], "uv_size": [1.6448, -0.0448]},
								"east": {"uv": [0.57, 24.1972], "uv_size": [1.6448, -0.0448]},
								"south": {"uv": [0.07, 24.1972], "uv_size": [1.6448, -0.0448]},
								"west": {"uv": [0.32, 24.6972], "uv_size": [1.6448, -0.0448]},
								"up": {"uv": [1.7148, 23.9024], "uv_size": [-1.6448, 0.0448]},
								"down": {"uv": [1.9648, 24.1524], "uv_size": [-1.6448, 0.0448]}
							}
						}
					]
				},
				{
					"name": "leftForeLeg",
					"parent": "leftLeg",
					"pivot": [3.875, 8.5, 0],
					"cubes": [
						{
							"origin": [2.375, 0, -1.625],
							"size": [3.25, 7, 3.25],
							"uv": {
								"north": {"uv": [0.25, 23.25], "uv_size": [2, 2]},
								"east": {"uv": [0.25, 23.25], "uv_size": [2, 2]},
								"south": {"uv": [0.25, 23.25], "uv_size": [2, 2]},
								"west": {"uv": [0.25, 23.25], "uv_size": [2, 2]},
								"up": {"uv": [2.25, 25.25], "uv_size": [-2, -2]},
								"down": {"uv": [2.25, 25.25], "uv_size": [-2, -2]}
							}
						}
					]
				},
				{
					"name": "garras3",
					"parent": "leftForeLeg",
					"pivot": [3.875, 1.1, 0],
					"cubes": [
						{
							"origin": [2.25, 0, -6.5],
							"size": [1.25, 1.75, 2.5],
							"pivot": [3.25, 0.875, 2],
							"rotation": [0, 5, 0],
							"uv": {
								"north": {"uv": [2.25, 20.75], "uv_size": [-2, 2]},
								"east": {"uv": [2.25, 20.75], "uv_size": [-2, 2]},
								"south": {"uv": [2.25, 20.75], "uv_size": [-2, 2]},
								"west": {"uv": [2.25, 20.75], "uv_size": [-2, 2]},
								"up": {"uv": [0.25, 22.75], "uv_size": [2, -2]},
								"down": {"uv": [0.25, 22.75], "uv_size": [2, -2]}
							}
						},
						{
							"origin": [4.5625, 2.875, -8.8125],
							"size": [1.125, 1.25, 3],
							"pivot": [4.75, 0.875, 2],
							"rotation": [17.5, -5, 0],
							"uv": {
								"north": {"uv": [0.25, 20.75], "uv_size": [2, 2]},
								"east": {"uv": [0.25, 20.75], "uv_size": [2, 2]},
								"south": {"uv": [0.25, 20.75], "uv_size": [2, 2]},
								"west": {"uv": [0.25, 20.75], "uv_size": [2, 2]},
								"up": {"uv": [2.25, 22.75], "uv_size": [-2, -2]},
								"down": {"uv": [2.25, 22.75], "uv_size": [-2, -2]}
							}
						},
						{
							"origin": [2.3125, 2.875, -8.8125],
							"size": [1.125, 1.25, 3],
							"pivot": [3.25, 0.875, 2],
							"rotation": [17.5, 5, 0],
							"uv": {
								"north": {"uv": [2.25, 20.75], "uv_size": [-2, 2]},
								"east": {"uv": [2.25, 20.75], "uv_size": [-2, 2]},
								"south": {"uv": [2.25, 20.75], "uv_size": [-2, 2]},
								"west": {"uv": [2.25, 20.75], "uv_size": [-2, 2]},
								"up": {"uv": [0.25, 22.75], "uv_size": [2, -2]},
								"down": {"uv": [0.25, 22.75], "uv_size": [2, -2]}
							}
						},
						{
							"origin": [4.5, 0, -6.5],
							"size": [1.25, 1.75, 2.5],
							"pivot": [4.75, 0.875, 2],
							"rotation": [0, -5, 0],
							"uv": {
								"north": {"uv": [0.25, 20.75], "uv_size": [2, 2]},
								"east": {"uv": [0.25, 20.75], "uv_size": [2, 2]},
								"south": {"uv": [0.25, 20.75], "uv_size": [2, 2]},
								"west": {"uv": [0.25, 20.75], "uv_size": [2, 2]},
								"up": {"uv": [2.25, 22.75], "uv_size": [-2, -2]},
								"down": {"uv": [2.25, 22.75], "uv_size": [-2, -2]}
							}
						},
						{
							"origin": [3.5, 0.3125, 1.625],
							"size": [1, 1.125, 3.75],
							"pivot": [4, 0.8125, 1.625],
							"rotation": [-7.5, 0, 0],
							"uv": {
								"north": {"uv": [2.25, 20.75], "uv_size": [-2, 2]},
								"east": {"uv": [2.25, 20.75], "uv_size": [-2, 2]},
								"south": {"uv": [2.25, 20.75], "uv_size": [-2, 2]},
								"west": {"uv": [2.25, 20.75], "uv_size": [-2, 2]},
								"up": {"uv": [2.25, 20.75], "uv_size": [-2, 2]},
								"down": {"uv": [2.25, 20.75], "uv_size": [-2, 2]}
							}
						},
						{
							"origin": [3.25, 0, -6.5],
							"size": [1.5, 1.75, 4.75],
							"uv": {
								"north": {"uv": [0.25, 20.75], "uv_size": [2, 2]},
								"east": {"uv": [0.25, 20.75], "uv_size": [2, 2]},
								"south": {"uv": [0.25, 20.75], "uv_size": [2, 2]},
								"west": {"uv": [0.25, 20.75], "uv_size": [2, 2]},
								"up": {"uv": [2.25, 22.75], "uv_size": [-2, -2]},
								"down": {"uv": [2.25, 22.75], "uv_size": [-2, -2]}
							}
						},
						{
							"origin": [3.375, 0.60262, -9.7],
							"size": [1.25, 1.25, 3.5],
							"pivot": [3.97235, 0.67736, -5.08904],
							"rotation": [12.5, 0, 0],
							"uv": {
								"north": {"uv": [2.25, 20.75], "uv_size": [-2, 2]},
								"east": {"uv": [2.25, 20.75], "uv_size": [-2, 2]},
								"south": {"uv": [2.25, 20.75], "uv_size": [-2, 2]},
								"west": {"uv": [2.25, 20.75], "uv_size": [-2, 2]},
								"up": {"uv": [0.25, 22.75], "uv_size": [2, -2]},
								"down": {"uv": [0.25, 22.75], "uv_size": [2, -2]}
							}
						},
						{
							"origin": [2, 0, -4],
							"size": [4, 1.75, 5.625],
							"uv": {
								"north": {"uv": [0.25, 20.75], "uv_size": [2, 2]},
								"east": {"uv": [0.25, 20.75], "uv_size": [2, 2]},
								"south": {"uv": [0.25, 20.75], "uv_size": [2, 2]},
								"west": {"uv": [0.25, 20.75], "uv_size": [2, 2]},
								"up": {"uv": [2.25, 22.75], "uv_size": [-2, -2]},
								"down": {"uv": [2.25, 22.75], "uv_size": [-2, -2]}
							}
						}
					]
				}
			]
		}
	]
}