{
	"format_version": "1.12.0",
	"minecraft:geometry": [
		{
			"description": {
				"identifier": "geometry.player_yami",
				"texture_width": 64,
				"texture_height": 64,
				"visible_bounds_width": 3,
				"visible_bounds_height": 4.5,
				"visible_bounds_offset": [0, 0.75, 0]
			},
			"bones": [
				{
					"name": "root2",
					"pivot": [0, 0, 0]
				},
				{
					"name": "root",
					"parent": "root2",
					"pivot": [0, 0, 0]
				},
				{
					"name": "tudo",
					"parent": "root",
					"pivot": [0, 12, 0]
				},
				{
					"name": "waist",
					"parent": "tudo",
					"pivot": [0, 12, 0]
				},
				{
					"name": "body",
					"parent": "waist",
					"pivot": [0, 24, 0]
				},
				{
					"name": "armRight",
					"parent": "body",
					"pivot": [-6, 24, 0]
				},
				{
					"name": "rightArm",
					"parent": "armRight",
					"pivot": [-5, 22, 0]
				},
				{
					"name": "rightForeArm",
					"parent": "rightArm",
					"pivot": [-5, 18, 0]
				},
				{
					"name": "rightForeArmFruit",
					"parent": "rightForeArm",
					"pivot": [-6, 18, 0],
					"cubes": [
						{
							"origin": [-7.75, 13, -1.75],
							"size": [3.5, 5, 3.5],
							"uv": {
								"north": {"uv": [44, 26], "uv_size": [4, 6]},
								"east": {"uv": [40, 26], "uv_size": [4, 6]},
								"south": {"uv": [52, 26], "uv_size": [4, 6]},
								"west": {"uv": [48, 26], "uv_size": [4, 6]},
								"up": {"uv": [48, 26], "uv_size": [-4, -4]},
								"down": {"uv": [52, 26], "uv_size": [-4, -4]}
							}
						}
					]
				},
				{
					"name": "armLeft",
					"parent": "body",
					"pivot": [6, 24, 0]
				},
				{
					"name": "leftArm",
					"parent": "armLeft",
					"pivot": [5, 22, 0]
				},
				{
					"name": "leftForeArm",
					"parent": "leftArm",
					"pivot": [5, 18, 0]
				},
				{
					"name": "leftForeArmFruit",
					"parent": "leftForeArm",
					"pivot": [6, 18, 0],
					"cubes": [
						{
							"origin": [4.25, 13, -1.75],
							"size": [3.5, 5, 3.5],
							"uv": {
								"north": {"uv": [48, 26], "uv_size": [-4, 6]},
								"east": {"uv": [52, 26], "uv_size": [-4, 6]},
								"south": {"uv": [56, 26], "uv_size": [-4, 6]},
								"west": {"uv": [44, 26], "uv_size": [-4, 6]},
								"up": {"uv": [44, 26], "uv_size": [4, -4]},
								"down": {"uv": [48, 26], "uv_size": [4, -4]}
							}
						}
					]
				}
			]
		}
	]
}