{
	"format_version": "1.12.0",
	"minecraft:geometry": [
		{
			"description": {
				"identifier": "geometry.player_locators",
				"texture_width": 16,
				"texture_height": 16,
				"visible_bounds_width": 4,
				"visible_bounds_height": 3.5,
				"visible_bounds_offset": [0, 1.25, 0]
			},
			"bones": [
				{
					"name": "root2",
					"pivot": [0, 0, 0]
				},
				{
					"name": "root",
					"parent": "root2",
					"pivot": [0, 0, 0],
					"locators": {
						"root": [0, 0.5, 0],
						"dai_enkai": [0, 170, 0],
						"dark_ball": [0, 100, 0]
					}
				},
				{
					"name": "tudo",
					"parent": "root",
					"pivot": [0, 12, 0],
					"locators": {
						"gearfive_sprint": [0, 6, 0]
					}
				},
				{
					"name": "waist",
					"parent": "tudo",
					"pivot": [0, 12, 0],
					"locators": {
						"waist": [0, 12, 0],
						"gatling": [0, 20, 0],
						"jet_gatling": [0, 16, -20]
					}
				},
				{
					"name": "body",
					"parent": "waist",
					"pivot": [0, 24, 0],
					"locators": {
						"fly": [0, 12, 0]
					}
				},
				{
					"name": "bodySuit",
					"parent": "body",
					"pivot": [0, 24, 0]
				},
				{
					"name": "head",
					"parent": "body",
					"pivot": [0, 24, 0],
					"locators": {
						"cigarette": [2.25, 25.25, -5.75]
					}
				},
				{
					"name": "headSuit",
					"parent": "head",
					"pivot": [0, 24, 0]
				},
				{
					"name": "hatSuit",
					"parent": "head",
					"pivot": [0, 32, 0]
				},
				{
					"name": "mugiwara",
					"parent": "head",
					"pivot": [0, 30, 0]
				},
				{
					"name": "rightArm",
					"parent": "body",
					"pivot": [-5, 22, 0],
					"locators": {
						"rightarm": [-6, 24, 0],
						"rightarm1": [-6, 18, 0]
					}
				},
				{
					"name": "rightArmSuit",
					"parent": "rightArm",
					"pivot": [-5, 22, 0]
				},
				{
					"name": "rightForeArm",
					"parent": "rightArm",
					"pivot": [-5, 18, 0],
					"locators": {
						"rightarm2": [-6, 12, 0]
					}
				},
				{
					"name": "rightForeArmSuit",
					"parent": "rightForeArm",
					"pivot": [-5, 18, 0]
				},
				{
					"name": "rightItem",
					"parent": "rightArm",
					"pivot": [-6, 12, 0],
					"locators": {
						"rightitem": [-6, 12, 0]
					}
				},
				{
					"name": "pikaSword",
					"parent": "rightForeArm",
					"pivot": [-6, 18, 0]
				},
				{
					"name": "pikaSword2",
					"parent": "pikaSword",
					"pivot": [-6, 18, 0]
				},
				{
					"name": "leftArm",
					"parent": "body",
					"pivot": [5, 22, 0],
					"locators": {
						"leftarm": [6, 24, 0],
						"leftarm1": [6, 18, 0]
					}
				},
				{
					"name": "leftArmSuit",
					"parent": "leftArm",
					"pivot": [5, 22, 0]
				},
				{
					"name": "leftForeArm",
					"parent": "leftArm",
					"pivot": [5, 18, 0],
					"locators": {
						"leftarm2": [6, 12, 0]
					}
				},
				{
					"name": "leftForeArmSuit",
					"parent": "leftForeArm",
					"pivot": [5, 18, 0]
				},
				{
					"name": "katanaOff",
					"parent": "leftForeArm",
					"pivot": [5, 13.5, 0]
				},
				{
					"name": "sheath",
					"parent": "body",
					"pivot": [4.625, 13.125, 0],
					"rotation": [-9.99976, -2.45728, 0.65242]
				},
				{
					"name": "sheathOff",
					"parent": "body",
					"pivot": [4.125, 12.125, 0],
					"rotation": [-7.5, 2.5, 0]
				},
				{
					"name": "rightLeg",
					"parent": "tudo",
					"pivot": [-1.9, 12, 0]
				},
				{
					"name": "rightLegSuit",
					"parent": "rightLeg",
					"pivot": [-1.9, 12, 0]
				},
				{
					"name": "rightForeLeg",
					"parent": "rightLeg",
					"pivot": [-1.9, 6, 0]
				},
				{
					"name": "rightForeLegSuit",
					"parent": "rightForeLeg",
					"pivot": [-1.9, 6, 0]
				},
				{
					"name": "leftLeg",
					"parent": "tudo",
					"pivot": [1.9, 12, 0]
				},
				{
					"name": "leftLegSuit",
					"parent": "leftLeg",
					"pivot": [1.9, 12, 0]
				},
				{
					"name": "leftForeLeg",
					"parent": "leftLeg",
					"pivot": [1.9, 6, 0]
				},
				{
					"name": "leftForeLegSuit",
					"parent": "leftForeLeg",
					"pivot": [1.9, 6, 0]
				}
			]
		}
	]
}