{
	"format_version": "1.12.0",
	"minecraft:geometry": [
		{
			"description": {
				"identifier": "geometry.player_pika",
				"texture_width": 64,
				"texture_height": 64,
				"visible_bounds_width": 3,
				"visible_bounds_height": 3.5,
				"visible_bounds_offset": [0, 1.25, 0]
			},
			"bones": [
				{
					"name": "root2",
					"pivot": [0, 0, 0]
				},
				{
					"name": "root",
					"parent": "root2",
					"pivot": [0, 0, 0]
				},
				{
					"name": "tudo",
					"parent": "root",
					"pivot": [0, 12, 0]
				},
				{
					"name": "rightLeg",
					"parent": "tudo",
					"pivot": [-2, 12, 0]
				},
				{
					"name": "rightForeLeg",
					"parent": "rightLeg",
					"pivot": [-2, 6, 0]
				},
				{
					"name": "rightForeLegFruit",
					"parent": "rightForeLeg",
					"pivot": [-2, 6, 0],
					"cubes": [
						{"origin": [-3.5, 0.5, -1.5], "size": [3, 5, 3], "uv": [1.5, 21]}
					],
					"locators": {
						"lightkick": [-2, 1, 0]
					}
				}
			]
		}
	]
}