{
	"format_version": "1.12.0",
	"minecraft:geometry": [
		{
			"description": {
				"identifier": "geometry.player_leopard_hybrid",
				"texture_width": 64,
				"texture_height": 64,
				"visible_bounds_width": 6,
				"visible_bounds_height": 4.5,
				"visible_bounds_offset": [0, 1.75, 0]
			},
			"bones": [
				{
					"name": "root2",
					"pivot": [0, 0, 0]
				},
				{
					"name": "root",
					"parent": "root2",
					"pivot": [0, 0, 0]
				},
				{
					"name": "tudo",
					"parent": "root",
					"pivot": [0, 12, 0]
				},
				{
					"name": "waist",
					"parent": "tudo",
					"pivot": [0, 17, 0],
					"cubes": [
						{
							"origin": [-4.5, 17, -2.5],
							"size": [9, 8, 6],
							"uv": {
								"north": {"uv": [20, 25.5], "uv_size": [8, 6.5]},
								"east": {"uv": [16, 25.5], "uv_size": [4, 6.5]},
								"south": {"uv": [32, 25.5], "uv_size": [8, 6.5]},
								"west": {"uv": [28, 25.5], "uv_size": [4, 6.5]},
								"up": {"uv": [28, 16], "uv_size": [8, 4]},
								"down": {"uv": [28, 20], "uv_size": [8, -4]}
							}
						}
					]
				},
				{
					"name": "body",
					"parent": "waist",
					"pivot": [0, 25, 0],
					"cubes": [
						{
							"origin": [-6, 25, -3.5],
							"size": [12, 9, 8],
							"uv": {
								"north": {"uv": [20, 20], "uv_size": [8, 5.5]},
								"east": {"uv": [16, 20], "uv_size": [4, 5.5]},
								"south": {"uv": [32, 20], "uv_size": [8, 5.5]},
								"west": {"uv": [28, 20], "uv_size": [4, 5.5]},
								"up": {"uv": [20, 16], "uv_size": [8, 4]},
								"down": {"uv": [20, 27.5], "uv_size": [8, -4]}
							}
						}
					]
				},
				{
					"name": "capa",
					"parent": "body",
					"pivot": [0, 0, 0]
				},
				{
					"name": "capamove",
					"parent": "capa",
					"pivot": [0, 0, -1]
				},
				{
					"name": "head",
					"parent": "body",
					"pivot": [0, 34.5, 0],
					"cubes": [
						{
							"origin": [-3.75, 34, -3.75],
							"size": [7.5, 7.5, 7.5],
							"uv": {
								"north": {"uv": [8, 8], "uv_size": [8, 8]},
								"east": {"uv": [0, 8], "uv_size": [8, 8]},
								"south": {"uv": [24, 8], "uv_size": [8, 8]},
								"west": {"uv": [16, 8], "uv_size": [8, 8]},
								"up": {"uv": [8, 0], "uv_size": [8, 8]},
								"down": {"uv": [16, 8], "uv_size": [8, -8]}
							}
						},
						{
							"origin": [-3.75, 34, -3.75],
							"size": [7.5, 7.5, 7.5],
							"inflate": 0.15,
							"uv": {
								"north": {"uv": [40, 8], "uv_size": [8, 8]},
								"east": {"uv": [32, 8], "uv_size": [8, 8]},
								"south": {"uv": [56, 8], "uv_size": [8, 8]},
								"west": {"uv": [48, 8], "uv_size": [8, 8]},
								"up": {"uv": [40, 0], "uv_size": [8, 8]},
								"down": {"uv": [48, 8], "uv_size": [8, -8]}
							}
						}
					]
				},
				{
					"name": "rightArm",
					"parent": "body",
					"pivot": [-6, 31.5, 0],
					"cubes": [
						{
							"origin": [-11, 24, -3],
							"size": [5.5, 9.5, 6],
							"uv": {
								"north": {"uv": [44, 20], "uv_size": [4, 6]},
								"east": {"uv": [40, 20], "uv_size": [4, 6]},
								"south": {"uv": [52, 20], "uv_size": [4, 6]},
								"west": {"uv": [48, 20], "uv_size": [4, 6]},
								"up": {"uv": [44, 16], "uv_size": [4, 4]},
								"down": {"uv": [44, 28], "uv_size": [4, -4]}
							}
						}
					]
				},
				{
					"name": "rightForeArm",
					"parent": "rightArm",
					"pivot": [-8.5, 25.5, 1.5],
					"cubes": [
						{
							"origin": [-10.5, 15, -2.5],
							"size": [4.5, 9.5, 5],
							"uv": {
								"north": {"uv": [44, 26], "uv_size": [4, 6]},
								"east": {"uv": [40, 26], "uv_size": [4, 6]},
								"south": {"uv": [52, 26], "uv_size": [4, 6]},
								"west": {"uv": [48, 26], "uv_size": [4, 6]},
								"up": {"uv": [44, 22], "uv_size": [4, 4]},
								"down": {"uv": [48, 20], "uv_size": [4, -4]}
							}
						}
					],
					"locators": {
						"rightleopard": [-8.5, 16, 0]
					}
				},
				{
					"name": "leftArm",
					"parent": "body",
					"pivot": [6, 31.5, -0.5],
					"cubes": [
						{
							"origin": [5.5, 24, -3],
							"size": [5.5, 9.5, 6],
							"uv": {
								"north": {"uv": [36, 52], "uv_size": [4, 6]},
								"east": {"uv": [32, 52], "uv_size": [4, 6]},
								"south": {"uv": [44, 52], "uv_size": [4, 6]},
								"west": {"uv": [40, 52], "uv_size": [4, 6]},
								"up": {"uv": [36, 48], "uv_size": [4, 4]},
								"down": {"uv": [36, 60], "uv_size": [4, -4]}
							}
						}
					]
				},
				{
					"name": "leftForeArm",
					"parent": "leftArm",
					"pivot": [8.5, 25.5, 1],
					"cubes": [
						{
							"origin": [6, 15, -2.5],
							"size": [4.5, 9.5, 5],
							"uv": {
								"north": {"uv": [40, 58], "uv_size": [-4, 6]},
								"east": {"uv": [44, 58], "uv_size": [-4, 6]},
								"south": {"uv": [48, 58], "uv_size": [-4, 6]},
								"west": {"uv": [36, 58], "uv_size": [-4, 6]},
								"up": {"uv": [40, 56], "uv_size": [-4, 4]},
								"down": {"uv": [44, 52], "uv_size": [-4, -4]}
							}
						}
					],
					"locators": {
						"leftleopard": [8.5, 16, 0]
					}
				},
				{
					"name": "rightLeg",
					"parent": "tudo",
					"pivot": [-3.5, 15, 0.5],
					"cubes": [
						{
							"origin": [-5.25, 10.5, -4],
							"size": [5, 8, 5],
							"inflate": 0.15,
							"pivot": [-3, 11, -4],
							"rotation": [-10, 0, 0],
							"uv": {
								"north": {"uv": [4, 36], "uv_size": [4, 5]},
								"east": {"uv": [0, 36], "uv_size": [4, 5]},
								"south": {"uv": [12, 36], "uv_size": [4, 5]},
								"west": {"uv": [8, 36], "uv_size": [4, 5]},
								"up": {"uv": [4, 32], "uv_size": [4, 4]},
								"down": {"uv": [4, 43], "uv_size": [4, -4]}
							}
						},
						{
							"origin": [-4.75, 7, -3],
							"size": [4, 3.5, 3],
							"inflate": 0.15,
							"pivot": [-3, 9.5, -3],
							"rotation": [55, 0, 0],
							"uv": {
								"north": {"uv": [4, 41], "uv_size": [4, 2]},
								"east": {"uv": [0, 41], "uv_size": [4, 2]},
								"south": {"uv": [12, 41], "uv_size": [4, 2]},
								"west": {"uv": [8, 41], "uv_size": [4, 2]},
								"up": {"uv": [4, 40], "uv_size": [4, 2]},
								"down": {"uv": [4, 44], "uv_size": [4, -2]}
							}
						}
					]
				},
				{
					"name": "leftLeg",
					"parent": "tudo",
					"pivot": [3.5, 15, 0.5],
					"cubes": [
						{
							"origin": [0.25, 10.5, -4],
							"size": [5, 8, 5],
							"inflate": 0.15,
							"pivot": [-3, 11, -4],
							"rotation": [-10, 0, 0],
							"uv": {
								"north": {"uv": [4, 52], "uv_size": [4, 5]},
								"east": {"uv": [0, 52], "uv_size": [4, 5]},
								"south": {"uv": [12, 52], "uv_size": [4, 5]},
								"west": {"uv": [8, 52], "uv_size": [4, 5]},
								"up": {"uv": [4, 48], "uv_size": [4, 4]},
								"down": {"uv": [4, 59], "uv_size": [4, -4]}
							}
						},
						{
							"origin": [0.75, 7, -3],
							"size": [4, 3.5, 3],
							"inflate": 0.15,
							"pivot": [-3, 9.5, -3],
							"rotation": [55, 0, 0],
							"uv": {
								"north": {"uv": [4, 57], "uv_size": [4, 2]},
								"east": {"uv": [0, 57], "uv_size": [4, 2]},
								"south": {"uv": [12, 57], "uv_size": [4, 2]},
								"west": {"uv": [8, 57], "uv_size": [4, 2]},
								"up": {"uv": [4, 56], "uv_size": [4, 2]},
								"down": {"uv": [4, 60], "uv_size": [4, -2]}
							}
						}
					]
				}
			]
		}
	]
}