{
	"format_version": "1.12.0",
	"minecraft:geometry": [
		{
			"description": {
				"identifier": "geometry.player_locators2",
				"texture_width": 16,
				"texture_height": 16,
				"visible_bounds_width": 4,
				"visible_bounds_height": 3.5,
				"visible_bounds_offset": [0, 1.25, 0]
			},
			"bones": [
				{
					"name": "root2",
					"pivot": [0, 0, 0]
				},
				{
					"name": "root",
					"parent": "root2",
					"pivot": [0, 0, 0]
				},
				{
					"name": "tudo",
					"parent": "root",
					"pivot": [0, 12, 0]
				},
				{
					"name": "waist",
					"parent": "tudo",
					"pivot": [0, 12, 0]
				},
				{
					"name": "body",
					"parent": "waist",
					"pivot": [0, 24, 0]
				},
				{
					"name": "bodySuit",
					"parent": "body",
					"pivot": [0, 24, 0]
				},
				{
					"name": "head",
					"parent": "body",
					"pivot": [0, 24, 0]
				},
				{
					"name": "headSuit",
					"parent": "head",
					"pivot": [0, 24, 0]
				},
				{
					"name": "hatSuit",
					"parent": "head",
					"pivot": [0, 32, 0]
				},
				{
					"name": "mugiwara",
					"parent": "head",
					"pivot": [0, 30, 0]
				},
				{
					"name": "rightArm",
					"parent": "body",
					"pivot": [-5, 22, 0]
				},
				{
					"name": "rightArmSuit",
					"parent": "rightArm",
					"pivot": [-5, 22, 0]
				},
				{
					"name": "rightForeArm",
					"parent": "rightArm",
					"pivot": [-5, 18, 0]
				},
				{
					"name": "rightForeArmSuit",
					"parent": "rightForeArm",
					"pivot": [-5, 18, 0]
				},
				{
					"name": "item3d",
					"parent": "rightArm",
					"pivot": [-6, 12, 0]
				},
				{
					"name": "katana",
					"parent": "rightForeArm",
					"pivot": [-5, 13.5, 0]
				},
				{
					"name": "kanabo",
					"parent": "katana",
					"pivot": [-5, 13.5, 0],
					"locators": {
						"raimei_hakke": [-5, 13.25, -22],
						"raimei_hakke2": [-5, 12.75, -21],
						"raimei_hakke3": [-5, 12.25, -20]
					}
				},
				{
					"name": "mogura",
					"parent": "katana",
					"pivot": [-5, 13.5, 0],
					"locators": {
						"mogura": [-5, 13.5, -31.5]
					}
				},
				{
					"name": "shimizu",
					"parent": "katana",
					"pivot": [-5, 12.75, 0],
					"locators": {
						"gravito_tiger": [-5.125, 13.5, -26]
					}
				},
				{
					"name": "yoru_blade",
					"parent": "katana",
					"pivot": [-5, 13.5, -6.25],
					"locators": {
						"yorublade1": [-5.125, 13.5, -18],
						"yorublade2": [-5.125, 13.5, -20],
						"yorublade3": [-5.125, 13.5, -22],
						"yorublade4": [-5.125, 13.5, -24],
						"yorublade5": [-5.125, 13.5, -26],
						"yorublade6": [-5.125, 14, -28],
						"yorublade7": [-5.125, 14, -30],
						"yorublade8": [-5.125, 14.5, -32],
						"yorublade9": [-5.125, 15, -35]
					}
				},
				{
					"name": "leftArm",
					"parent": "body",
					"pivot": [5, 22, 0]
				},
				{
					"name": "leftArmSuit",
					"parent": "leftArm",
					"pivot": [5, 22, 0]
				},
				{
					"name": "leftForeArm",
					"parent": "leftArm",
					"pivot": [5, 18, 0]
				},
				{
					"name": "leftForeArmSuit",
					"parent": "leftForeArm",
					"pivot": [5, 18, 0]
				},
				{
					"name": "katanaOff",
					"parent": "leftForeArm",
					"pivot": [5, 13.5, 0]
				},
				{
					"name": "sheath",
					"parent": "body",
					"pivot": [4.625, 13.125, 0],
					"rotation": [-9.99976, -2.45728, 0.65242]
				},
				{
					"name": "sheathOff",
					"parent": "body",
					"pivot": [4.125, 12.125, 0],
					"rotation": [-7.5, 2.5, 0]
				},
				{
					"name": "rightLeg",
					"parent": "tudo",
					"pivot": [-1.9, 12, 0]
				},
				{
					"name": "rightLegSuit",
					"parent": "rightLeg",
					"pivot": [-1.9, 12, 0]
				},
				{
					"name": "rightForeLeg",
					"parent": "rightLeg",
					"pivot": [-1.9, 6, 0]
				},
				{
					"name": "rightForeLegSuit",
					"parent": "rightForeLeg",
					"pivot": [-1.9, 6, 0]
				},
				{
					"name": "leftLeg",
					"parent": "tudo",
					"pivot": [1.9, 12, 0]
				},
				{
					"name": "leftLegSuit",
					"parent": "leftLeg",
					"pivot": [1.9, 12, 0]
				},
				{
					"name": "leftForeLeg",
					"parent": "leftLeg",
					"pivot": [1.9, 6, 0]
				},
				{
					"name": "leftForeLegSuit",
					"parent": "leftForeLeg",
					"pivot": [1.9, 6, 0]
				}
			]
		}
	]
}