{
	"format_version": "1.12.0",
	"minecraft:geometry": [
		{
			"description": {
				"identifier": "geometry.player_ope",
				"texture_width": 16,
				"texture_height": 16,
				"visible_bounds_width": 2,
				"visible_bounds_height": 2.5,
				"visible_bounds_offset": [0, 0.75, 0]
			},
			"bones": [
				{
					"name": "root2",
					"pivot": [0, 0, 0]
				},
				{
					"name": "root",
					"parent": "root2",
					"pivot": [0, 0, 0]
				},
				{
					"name": "tudo",
					"parent": "root",
					"pivot": [0, 12, 0]
				},
				{
					"name": "waist",
					"parent": "tudo",
					"pivot": [0, 12, 0]
				},
				{
					"name": "body",
					"parent": "waist",
					"pivot": [0, 24, 0]
				},
				{
					"name": "shambles_block1",
					"parent": "body",
					"pivot": [0, 22.5, 0],
					"cubes": [
						{
							"origin": [-1, 21.5, -1],
							"size": [2, 2, 2],
							"uv": {
								"north": {"uv": [0, 8], "uv_size": [8, 8]},
								"east": {"uv": [0, 8], "uv_size": [8, 8]},
								"south": {"uv": [0, 8], "uv_size": [8, 8]},
								"west": {"uv": [0, 8], "uv_size": [8, 8]},
								"up": {"uv": [0, 0], "uv_size": [8, 8]},
								"down": {"uv": [8, 8], "uv_size": [8, -8]}
							}
						}
					]
				},
				{
					"name": "shambles_block2",
					"parent": "body",
					"pivot": [0, 22.5, 0],
					"cubes": [
						{
							"origin": [-1, 21.5, -1],
							"size": [2, 2, 2],
							"uv": {
								"north": {"uv": [8, 8], "uv_size": [8, 8]},
								"east": {"uv": [8, 8], "uv_size": [8, 8]},
								"south": {"uv": [8, 8], "uv_size": [8, 8]},
								"west": {"uv": [8, 8], "uv_size": [8, 8]},
								"up": {"uv": [8, 8], "uv_size": [8, 8]},
								"down": {"uv": [8, 16], "uv_size": [8, -8]}
							}
						}
					]
				},
				{
					"name": "shambles_block3",
					"parent": "body",
					"pivot": [0, 22.5, 0],
					"cubes": [
						{
							"origin": [-1, 21.5, -1],
							"size": [2, 2, 2],
							"uv": {
								"north": {"uv": [8, 8], "uv_size": [8, 8]},
								"east": {"uv": [8, 8], "uv_size": [8, 8]},
								"south": {"uv": [8, 8], "uv_size": [8, 8]},
								"west": {"uv": [8, 8], "uv_size": [8, 8]},
								"up": {"uv": [8, 8], "uv_size": [8, 8]},
								"down": {"uv": [8, 16], "uv_size": [8, -8]}
							}
						}
					]
				},
				{
					"name": "shambles_block4",
					"parent": "body",
					"pivot": [0, 22.5, 0],
					"cubes": [
						{
							"origin": [-1, 21.5, -1],
							"size": [2, 2, 2],
							"uv": {
								"north": {"uv": [0, 8], "uv_size": [8, 8]},
								"east": {"uv": [0, 8], "uv_size": [8, 8]},
								"south": {"uv": [0, 8], "uv_size": [8, 8]},
								"west": {"uv": [0, 8], "uv_size": [8, 8]},
								"up": {"uv": [0, 0], "uv_size": [8, 8]},
								"down": {"uv": [8, 8], "uv_size": [8, -8]}
							}
						}
					]
				},
				{
					"name": "leftArm",
					"parent": "body",
					"pivot": [5, 22, 0]
				},
				{
					"name": "gamma_knife",
					"parent": "leftArm",
					"pivot": [6, 12, 0],
					"locators": {
						"gamma_knife": [6, 12, 0]
					}
				}
			]
		}
	]
}