{
	"format_version": "1.12.0",
	"minecraft:geometry": [
		{
			"description": {
				"identifier": "geometry.player_gear_fourth_bound",
				"texture_width": 64,
				"texture_height": 64,
				"visible_bounds_width": 3,
				"visible_bounds_height": 4.5,
				"visible_bounds_offset": [0, 1.75, 0]
			},
			"bones": [
				{
					"name": "root2",
					"pivot": [0, 0, 0]
				},
				{
					"name": "root",
					"parent": "root2",
					"pivot": [0, 0, 0]
				},
				{
					"name": "gearfourth",
					"parent": "root",
					"pivot": [0, 18, 0]
				},
				{
					"name": "waistGear4",
					"parent": "gearfourth",
					"pivot": [0, 14, 0]
				},
				{
					"name": "bodyGear",
					"parent": "waistGear4",
					"pivot": [0, 39, 0],
					"cubes": [
						{
							"origin": [-8, 36.5, -6],
							"size": [16, 1.5, 12],
							"uv": {
								"north": {"uv": [20, 20], "uv_size": [8, 1]},
								"east": {"uv": [16, 20], "uv_size": [4, 1]},
								"south": {"uv": [32, 20], "uv_size": [8, 1]},
								"west": {"uv": [28, 20], "uv_size": [4, 1]},
								"up": {"uv": [20, 16], "uv_size": [8, 4]},
								"down": {"uv": [20, 21.5], "uv_size": [8, -1]}
							}
						},
						{
							"origin": [-9, 14, -5.5],
							"size": [18, 8, 11],
							"uv": {
								"north": {"uv": [20, 27], "uv_size": [8, 4]},
								"east": {"uv": [16, 27], "uv_size": [4, 4]},
								"south": {"uv": [32, 27], "uv_size": [8, 4]},
								"west": {"uv": [28, 27], "uv_size": [4, 4]},
								"up": {"uv": [28, 28], "uv_size": [-8, -2]},
								"down": {"uv": [28, 30.5], "uv_size": [-8, 1]}
							}
						},
						{
							"origin": [-7.5, 12, -4],
							"size": [15, 2, 8],
							"uv": {
								"north": {"uv": [20, 31], "uv_size": [8, 1]},
								"east": {"uv": [16, 31], "uv_size": [4, 1]},
								"south": {"uv": [32, 31], "uv_size": [8, 1]},
								"west": {"uv": [28, 31], "uv_size": [4, 1]},
								"up": {"uv": [28, 32], "uv_size": [-8, -2]},
								"down": {"uv": [36, 20], "uv_size": [-8, -4]}
							}
						},
						{
							"origin": [-11, 22, -7],
							"size": [22, 14.5, 14],
							"uv": {
								"north": {"uv": [20, 21], "uv_size": [8, 5.5]},
								"east": {"uv": [16, 21], "uv_size": [4, 5.5]},
								"south": {"uv": [32, 21], "uv_size": [8, 5.5]},
								"west": {"uv": [28, 21], "uv_size": [4, 5.5]},
								"up": {"uv": [20, 17], "uv_size": [8, 4]},
								"down": {"uv": [20, 25], "uv_size": [8, 3.5]}
							}
						}
					]
				},
				{
					"name": "headGear4",
					"parent": "bodyGear",
					"pivot": [0, 38, 0],
					"cubes": [
						{
							"origin": [-5, 38, -5],
							"size": [10, 10, 10],
							"uv": {
								"north": {"uv": [8, 8], "uv_size": [8, 8]},
								"east": {"uv": [0, 8], "uv_size": [8, 8]},
								"south": {"uv": [24, 8], "uv_size": [8, 8]},
								"west": {"uv": [16, 8], "uv_size": [8, 8]},
								"up": {"uv": [8, 0], "uv_size": [8, 8]},
								"down": {"uv": [16, 8], "uv_size": [8, -8]}
							}
						},
						{
							"origin": [-5, 38, -5],
							"size": [10, 10, 10],
							"inflate": 0.2,
							"uv": {
								"north": {"uv": [40, 8], "uv_size": [8, 8]},
								"east": {"uv": [32, 8], "uv_size": [8, 8]},
								"south": {"uv": [56, 8], "uv_size": [8, 8]},
								"west": {"uv": [48, 8], "uv_size": [8, 8]},
								"up": {"uv": [40, 0], "uv_size": [8, 8]},
								"down": {"uv": [48, 8], "uv_size": [8, -8]}
							}
						}
					]
				},
				{
					"name": "rightLegGear4",
					"parent": "gearfourth",
					"pivot": [-3.5, 12, 0]
				},
				{
					"name": "rightLegGear4_1",
					"parent": "rightLegGear4",
					"pivot": [-3.5, 10, 0],
					"cubes": [
						{
							"origin": [-6.5, 6, -3],
							"size": [6, 6, 6],
							"uv": {
								"north": {"uv": [4, 20], "uv_size": [4, 6]},
								"east": {"uv": [0, 20], "uv_size": [4, 6]},
								"south": {"uv": [12, 20], "uv_size": [4, 6]},
								"west": {"uv": [8, 20], "uv_size": [4, 6]},
								"up": {"uv": [4, 16], "uv_size": [4, 4]},
								"down": {"uv": [8, 20], "uv_size": [4, -4]}
							}
						}
					]
				},
				{
					"name": "leftLegGear4",
					"parent": "gearfourth",
					"pivot": [3.5, 12, 0]
				},
				{
					"name": "leftLegGear4_1",
					"parent": "leftLegGear4",
					"pivot": [3.5, 10, 0],
					"cubes": [
						{
							"origin": [0.5, 6, -3],
							"size": [6, 6, 6],
							"uv": {
								"north": {"uv": [24, 52], "uv_size": [-4, 6]},
								"east": {"uv": [28, 52], "uv_size": [-4, 6]},
								"south": {"uv": [32, 52], "uv_size": [-4, 6]},
								"west": {"uv": [20, 52], "uv_size": [-4, 6]},
								"up": {"uv": [24, 48], "uv_size": [-4, 4]},
								"down": {"uv": [28, 52], "uv_size": [-4, -4]}
							}
						}
					]
				}
			]
		}
	]
}