{
	"format_version": "1.12.0",
	"minecraft:geometry": [
		{
			"description": {
				"identifier": "geometry.player_gear_fourth_snake",
				"texture_width": 64,
				"texture_height": 64,
				"visible_bounds_width": 3,
				"visible_bounds_height": 4.5,
				"visible_bounds_offset": [0, 1.75, 0]
			},
			"bones": [
				{
					"name": "root2",
					"pivot": [0, 0, 0]
				},
				{
					"name": "root",
					"parent": "root2",
					"pivot": [0, 0, 0]
				},
				{
					"name": "waist",
					"parent": "root",
					"pivot": [0, 12, 0]
				},
				{
					"name": "bodyBoundman",
					"parent": "waist",
					"pivot": [0, 28, 0],
					"cubes": [
						{
							"origin": [-4.5, 18, -3],
							"size": [9, 7, 6],
							"uv": {
								"north": {"uv": [20, 20], "uv_size": [8, 7]},
								"east": {"uv": [16, 20], "uv_size": [4, 7]},
								"south": {"uv": [32, 20], "uv_size": [8, 7]},
								"west": {"uv": [28, 20], "uv_size": [4, 7]},
								"up": {"uv": [20, 16], "uv_size": [8, 4]},
								"down": {"uv": [20, 28], "uv_size": [8, -2]}
							}
						},
						{
							"origin": [-4.5, 18, -3],
							"size": [9, 7, 6],
							"inflate": 0.2,
							"uv": {
								"north": {"uv": [20, 36], "uv_size": [8, 7]},
								"east": {"uv": [16, 36], "uv_size": [4, 7]},
								"south": {"uv": [32, 36], "uv_size": [8, 7]},
								"west": {"uv": [28, 36], "uv_size": [4, 7]},
								"up": {"uv": [20, 32], "uv_size": [8, 4]},
								"down": {"uv": [20, 44], "uv_size": [8, -2]}
							}
						},
						{
							"origin": [-4, 12, -2.5],
							"size": [8, 6, 5],
							"uv": {
								"north": {"uv": [20, 27], "uv_size": [8, 5]},
								"east": {"uv": [16, 27], "uv_size": [4, 5]},
								"south": {"uv": [32, 27], "uv_size": [8, 5]},
								"west": {"uv": [28, 27], "uv_size": [4, 5]},
								"up": {"uv": [20, 25], "uv_size": [8, 2]},
								"down": {"uv": [28, 20], "uv_size": [8, -4]}
							}
						},
						{
							"origin": [-4, 12, -2.5],
							"size": [8, 6, 5],
							"inflate": 0.2,
							"uv": {
								"north": {"uv": [20, 43], "uv_size": [8, 5]},
								"east": {"uv": [16, 43], "uv_size": [4, 5]},
								"south": {"uv": [32, 43], "uv_size": [8, 5]},
								"west": {"uv": [28, 43], "uv_size": [4, 5]},
								"up": {"uv": [20, 41], "uv_size": [8, 2]},
								"down": {"uv": [28, 36], "uv_size": [8, -4]}
							}
						}
					]
				},
				{
					"name": "headGear4",
					"parent": "bodyBoundman",
					"pivot": [0, 25, 0],
					"cubes": [
						{
							"origin": [-4, 25, -4],
							"size": [8, 8, 8],
							"uv": {
								"north": {"uv": [8, 8], "uv_size": [8, 8]},
								"east": {"uv": [0, 8], "uv_size": [8, 8]},
								"south": {"uv": [24, 8], "uv_size": [8, 8]},
								"west": {"uv": [16, 8], "uv_size": [8, 8]},
								"up": {"uv": [16, 0], "uv_size": [-8, 8]},
								"down": {"uv": [24, 8], "uv_size": [-8, -8]}
							}
						},
						{
							"origin": [-4, 25, -4],
							"size": [8, 8, 8],
							"inflate": 0.2,
							"uv": {
								"north": {"uv": [40, 8], "uv_size": [8, 8]},
								"east": {"uv": [32, 8], "uv_size": [8, 8]},
								"south": {"uv": [56, 8], "uv_size": [8, 8]},
								"west": {"uv": [48, 8], "uv_size": [8, 8]},
								"up": {"uv": [48, 0], "uv_size": [-8, 8]},
								"down": {"uv": [56, 8], "uv_size": [-8, -8]}
							}
						}
					]
				},
				{
					"name": "rightLegGear4",
					"parent": "root",
					"pivot": [-1.9, 12, 0],
					"cubes": [
						{
							"origin": [-4, 6, -2],
							"size": [4, 6, 4],
							"uv": {
								"north": {"uv": [4, 20], "uv_size": [4, 6]},
								"east": {"uv": [0, 20], "uv_size": [4, 6]},
								"south": {"uv": [12, 20], "uv_size": [4, 6]},
								"west": {"uv": [8, 20], "uv_size": [4, 6]},
								"up": {"uv": [8, 20], "uv_size": [-4, -4]},
								"down": {"uv": [8, 28], "uv_size": [-4, -4]}
							}
						},
						{
							"origin": [-4, 6, -2],
							"size": [4, 6, 4],
							"inflate": 0.2,
							"uv": {
								"north": {"uv": [4, 36], "uv_size": [4, 6]},
								"east": {"uv": [0, 36], "uv_size": [4, 6]},
								"south": {"uv": [12, 36], "uv_size": [4, 6]},
								"west": {"uv": [8, 36], "uv_size": [4, 6]},
								"up": {"uv": [8, 36], "uv_size": [-4, -4]},
								"down": {"uv": [8, 44], "uv_size": [-4, -4]}
							}
						}
					]
				},
				{
					"name": "leftLegGear4",
					"parent": "root",
					"pivot": [1.9, 12, 0],
					"cubes": [
						{
							"origin": [0, 6, -2],
							"size": [4, 6, 4],
							"uv": {
								"north": {"uv": [8, 20], "uv_size": [-4, 6]},
								"east": {"uv": [12, 20], "uv_size": [-4, 6]},
								"south": {"uv": [16, 20], "uv_size": [-4, 6]},
								"west": {"uv": [4, 20], "uv_size": [-4, 6]},
								"up": {"uv": [4, 20], "uv_size": [4, -4]},
								"down": {"uv": [4, 28], "uv_size": [4, -4]}
							}
						},
						{
							"origin": [0, 6, -2],
							"size": [4, 6, 4],
							"inflate": 0.2,
							"uv": {
								"north": {"uv": [8, 36], "uv_size": [-4, 6]},
								"east": {"uv": [12, 36], "uv_size": [-4, 6]},
								"south": {"uv": [16, 36], "uv_size": [-4, 6]},
								"west": {"uv": [4, 36], "uv_size": [-4, 6]},
								"up": {"uv": [4, 36], "uv_size": [4, -4]},
								"down": {"uv": [4, 44], "uv_size": [4, -4]}
							}
						}
					]
				}
			]
		}
	]
}