{
	"format_version": "1.12.0",
	"minecraft:geometry": [
		{
			"description": {
				"identifier": "geometry.player_hie",
				"texture_width": 64,
				"texture_height": 64,
				"visible_bounds_width": 3,
				"visible_bounds_height": 4.5,
				"visible_bounds_offset": [0, 0.75, 0]
			},
			"bones": [
				{
					"name": "root2",
					"pivot": [0, 0, 0]
				},
				{
					"name": "root",
					"parent": "root2",
					"pivot": [0, 0, 0]
				},
				{
					"name": "tudo",
					"parent": "root",
					"pivot": [0, 12, 0]
				},
				{
					"name": "waist",
					"parent": "tudo",
					"pivot": [0, 12, 0]
				},
				{
					"name": "body",
					"parent": "waist",
					"pivot": [0, 24, 0]
				},
				{
					"name": "partisan1",
					"parent": "body",
					"pivot": [0, 23.5, -0.47727],
					"cubes": [
						{
							"origin": [-0.075, 23.425, -0.65],
							"size": [0.15, 0.15, 2.3],
							"uv": {
								"north": {"uv": [19, 9], "uv_size": [0, 0]},
								"east": {"uv": [21, 9], "uv_size": [-2, 0]},
								"south": {"uv": [21, 9], "uv_size": [0, 0]},
								"west": {"uv": [19, 9], "uv_size": [-2, 0]},
								"up": {"uv": [19, 7], "uv_size": [0, 2]},
								"down": {"uv": [19, 9], "uv_size": [0, -2]}
							}
						},
						{
							"origin": [-0.5, 23.4, -0.5],
							"size": [1, 0.2, 0.1],
							"uv": {
								"north": {"uv": [14, 1], "uv_size": [-1, 0]},
								"east": {"uv": [14, 1], "uv_size": [0, 0]},
								"south": {"uv": [15, 1], "uv_size": [-1, 0]},
								"west": {"uv": [13, 1], "uv_size": [0, 0]},
								"up": {"uv": [14, 1], "uv_size": [-1, 0]},
								"down": {"uv": [15, 1], "uv_size": [-1, 0]}
							}
						},
						{
							"origin": [0.375, 23.45, -0.65],
							"size": [0.15, 0.1, 0.15],
							"uv": {
								"north": {"uv": [19, 5], "uv_size": [0, 0]},
								"east": {"uv": [19, 5], "uv_size": [0, 0]},
								"south": {"uv": [19, 5], "uv_size": [0, 0]},
								"west": {"uv": [19, 5], "uv_size": [0, 0]},
								"up": {"uv": [19, 5], "uv_size": [0, 0]},
								"down": {"uv": [19, 5], "uv_size": [0, 0]}
							}
						},
						{
							"origin": [0.3, 23.5, -1.6],
							"size": [0.4, 0, 0.9],
							"uv": {
								"north": {"uv": [0, 0], "uv_size": [0, 0]},
								"east": {"uv": [0, 0], "uv_size": [0, 0]},
								"south": {"uv": [0, 0], "uv_size": [0, 0]},
								"west": {"uv": [0, 0], "uv_size": [0, 0]},
								"up": {"uv": [4, 9], "uv_size": [-4, -9]},
								"down": {"uv": [0, 0], "uv_size": [0, 0]}
							}
						},
						{
							"origin": [-0.7, 23.5, -1.6],
							"size": [0.4, 0, 0.9],
							"uv": {
								"north": {"uv": [0, 0], "uv_size": [0, 0]},
								"east": {"uv": [0, 0], "uv_size": [0, 0]},
								"south": {"uv": [0, 0], "uv_size": [0, 0]},
								"west": {"uv": [0, 0], "uv_size": [0, 0]},
								"up": {"uv": [0, 9], "uv_size": [4, -9]},
								"down": {"uv": [0, 0], "uv_size": [0, 0]}
							}
						},
						{
							"origin": [-0.15, 23.5, -1.8],
							"size": [0.3, 0, 1.1],
							"uv": {
								"north": {"uv": [0, 0], "uv_size": [0, 0]},
								"east": {"uv": [-1, 0], "uv_size": [1, 0]},
								"south": {"uv": [1, 0], "uv_size": [0, 0]},
								"west": {"uv": [0, 0], "uv_size": [1, 0]},
								"up": {"uv": [8, 11], "uv_size": [-3, -11]},
								"down": {"uv": [0, 0], "uv_size": [0, -1]}
							}
						},
						{
							"origin": [-0.525, 23.45, -0.65],
							"size": [0.15, 0.1, 0.15],
							"uv": {
								"north": {"uv": [19, 8], "uv_size": [0, 0]},
								"east": {"uv": [19, 8], "uv_size": [0, 0]},
								"south": {"uv": [19, 8], "uv_size": [0, 0]},
								"west": {"uv": [19, 8], "uv_size": [0, 0]},
								"up": {"uv": [19, 8], "uv_size": [0, 0]},
								"down": {"uv": [19, 8], "uv_size": [0, 0]}
							}
						},
						{
							"origin": [-0.15, 23.35, -0.7],
							"size": [0.3, 0.3, 0.1],
							"pivot": [0, 23.5, -0.65],
							"rotation": [0, 0, -45],
							"uv": {
								"north": {"uv": [18, 5], "uv_size": [0, 0]},
								"east": {"uv": [18, 5], "uv_size": [0, 0]},
								"south": {"uv": [18, 5], "uv_size": [0, 0]},
								"west": {"uv": [18, 5], "uv_size": [0, 0]},
								"up": {"uv": [18, 5], "uv_size": [0, 0]},
								"down": {"uv": [18, 5], "uv_size": [0, 0]}
							}
						},
						{
							"origin": [-0.15, 23.35, 1.3],
							"size": [0.3, 0.3, 0.1],
							"pivot": [0, 23.5, 1.5],
							"rotation": [0, 0, -45],
							"uv": {
								"north": {"uv": [16, 7], "uv_size": [0, 0]},
								"east": {"uv": [16, 7], "uv_size": [0, 0]},
								"south": {"uv": [16, 7], "uv_size": [0, 0]},
								"west": {"uv": [16, 7], "uv_size": [0, 0]},
								"up": {"uv": [16, 7], "uv_size": [0, 0]},
								"down": {"uv": [16, 7], "uv_size": [0, 0]}
							}
						},
						{
							"origin": [-0.575, 23.375, -0.7],
							"size": [0.25, 0.25, 0.1],
							"pivot": [-0.45, 23.5, -0.65],
							"rotation": [0, 0, 45],
							"uv": {
								"north": {"uv": [21, 7], "uv_size": [0, 0]},
								"east": {"uv": [21, 7], "uv_size": [0, 0]},
								"south": {"uv": [21, 7], "uv_size": [0, 0]},
								"west": {"uv": [21, 7], "uv_size": [0, 0]},
								"up": {"uv": [21, 7], "uv_size": [0, 0]},
								"down": {"uv": [21, 7], "uv_size": [0, 0]}
							}
						},
						{
							"origin": [0.325, 23.375, -0.7],
							"size": [0.25, 0.25, 0.1],
							"pivot": [0.45, 23.5, -0.65],
							"rotation": [0, 0, -45],
							"uv": {
								"north": {"uv": [21, 7], "uv_size": [0, 0]},
								"east": {"uv": [21, 7], "uv_size": [0, 0]},
								"south": {"uv": [21, 7], "uv_size": [0, 0]},
								"west": {"uv": [21, 7], "uv_size": [0, 0]},
								"up": {"uv": [21, 7], "uv_size": [0, 0]},
								"down": {"uv": [21, 7], "uv_size": [0, 0]}
							}
						}
					]
				},
				{
					"name": "partisan2",
					"parent": "body",
					"pivot": [0, 23.5, -0.47727],
					"cubes": [
						{
							"origin": [-0.075, 23.425, -0.65],
							"size": [0.15, 0.15, 2.3],
							"uv": {
								"north": {"uv": [19, 9], "uv_size": [0, 0]},
								"east": {"uv": [21, 9], "uv_size": [-2, 0]},
								"south": {"uv": [21, 9], "uv_size": [0, 0]},
								"west": {"uv": [19, 9], "uv_size": [-2, 0]},
								"up": {"uv": [19, 7], "uv_size": [0, 2]},
								"down": {"uv": [19, 9], "uv_size": [0, -2]}
							}
						},
						{
							"origin": [-0.5, 23.4, -0.5],
							"size": [1, 0.2, 0.1],
							"uv": {
								"north": {"uv": [14, 1], "uv_size": [-1, 0]},
								"east": {"uv": [14, 1], "uv_size": [0, 0]},
								"south": {"uv": [15, 1], "uv_size": [-1, 0]},
								"west": {"uv": [13, 1], "uv_size": [0, 0]},
								"up": {"uv": [14, 1], "uv_size": [-1, 0]},
								"down": {"uv": [15, 1], "uv_size": [-1, 0]}
							}
						},
						{
							"origin": [0.375, 23.45, -0.65],
							"size": [0.15, 0.1, 0.15],
							"uv": {
								"north": {"uv": [19, 5], "uv_size": [0, 0]},
								"east": {"uv": [19, 5], "uv_size": [0, 0]},
								"south": {"uv": [19, 5], "uv_size": [0, 0]},
								"west": {"uv": [19, 5], "uv_size": [0, 0]},
								"up": {"uv": [19, 5], "uv_size": [0, 0]},
								"down": {"uv": [19, 5], "uv_size": [0, 0]}
							}
						},
						{
							"origin": [0.3, 23.5, -1.6],
							"size": [0.4, 0, 0.9],
							"uv": {
								"north": {"uv": [0, 0], "uv_size": [0, 0]},
								"east": {"uv": [0, 0], "uv_size": [0, 0]},
								"south": {"uv": [0, 0], "uv_size": [0, 0]},
								"west": {"uv": [0, 0], "uv_size": [0, 0]},
								"up": {"uv": [4, 9], "uv_size": [-4, -9]},
								"down": {"uv": [0, 0], "uv_size": [0, 0]}
							}
						},
						{
							"origin": [-0.7, 23.5, -1.6],
							"size": [0.4, 0, 0.9],
							"uv": {
								"north": {"uv": [0, 0], "uv_size": [0, 0]},
								"east": {"uv": [0, 0], "uv_size": [0, 0]},
								"south": {"uv": [0, 0], "uv_size": [0, 0]},
								"west": {"uv": [0, 0], "uv_size": [0, 0]},
								"up": {"uv": [0, 9], "uv_size": [4, -9]},
								"down": {"uv": [0, 0], "uv_size": [0, 0]}
							}
						},
						{
							"origin": [-0.15, 23.5, -1.8],
							"size": [0.3, 0, 1.1],
							"uv": {
								"north": {"uv": [0, 0], "uv_size": [0, 0]},
								"east": {"uv": [-1, 0], "uv_size": [1, 0]},
								"south": {"uv": [1, 0], "uv_size": [0, 0]},
								"west": {"uv": [0, 0], "uv_size": [1, 0]},
								"up": {"uv": [8, 11], "uv_size": [-3, -11]},
								"down": {"uv": [0, 0], "uv_size": [0, -1]}
							}
						},
						{
							"origin": [-0.525, 23.45, -0.65],
							"size": [0.15, 0.1, 0.15],
							"uv": {
								"north": {"uv": [19, 8], "uv_size": [0, 0]},
								"east": {"uv": [19, 8], "uv_size": [0, 0]},
								"south": {"uv": [19, 8], "uv_size": [0, 0]},
								"west": {"uv": [19, 8], "uv_size": [0, 0]},
								"up": {"uv": [19, 8], "uv_size": [0, 0]},
								"down": {"uv": [19, 8], "uv_size": [0, 0]}
							}
						},
						{
							"origin": [-0.15, 23.35, -0.7],
							"size": [0.3, 0.3, 0.1],
							"pivot": [0, 23.5, -0.65],
							"rotation": [0, 0, -45],
							"uv": {
								"north": {"uv": [18, 5], "uv_size": [0, 0]},
								"east": {"uv": [18, 5], "uv_size": [0, 0]},
								"south": {"uv": [18, 5], "uv_size": [0, 0]},
								"west": {"uv": [18, 5], "uv_size": [0, 0]},
								"up": {"uv": [18, 5], "uv_size": [0, 0]},
								"down": {"uv": [18, 5], "uv_size": [0, 0]}
							}
						},
						{
							"origin": [-0.15, 23.35, 1.3],
							"size": [0.3, 0.3, 0.1],
							"pivot": [0, 23.5, 1.5],
							"rotation": [0, 0, -45],
							"uv": {
								"north": {"uv": [16, 7], "uv_size": [0, 0]},
								"east": {"uv": [16, 7], "uv_size": [0, 0]},
								"south": {"uv": [16, 7], "uv_size": [0, 0]},
								"west": {"uv": [16, 7], "uv_size": [0, 0]},
								"up": {"uv": [16, 7], "uv_size": [0, 0]},
								"down": {"uv": [16, 7], "uv_size": [0, 0]}
							}
						},
						{
							"origin": [-0.575, 23.375, -0.7],
							"size": [0.25, 0.25, 0.1],
							"pivot": [-0.45, 23.5, -0.65],
							"rotation": [0, 0, 45],
							"uv": {
								"north": {"uv": [21, 7], "uv_size": [0, 0]},
								"east": {"uv": [21, 7], "uv_size": [0, 0]},
								"south": {"uv": [21, 7], "uv_size": [0, 0]},
								"west": {"uv": [21, 7], "uv_size": [0, 0]},
								"up": {"uv": [21, 7], "uv_size": [0, 0]},
								"down": {"uv": [21, 7], "uv_size": [0, 0]}
							}
						},
						{
							"origin": [0.325, 23.375, -0.7],
							"size": [0.25, 0.25, 0.1],
							"pivot": [0.45, 23.5, -0.65],
							"rotation": [0, 0, -45],
							"uv": {
								"north": {"uv": [21, 7], "uv_size": [0, 0]},
								"east": {"uv": [21, 7], "uv_size": [0, 0]},
								"south": {"uv": [21, 7], "uv_size": [0, 0]},
								"west": {"uv": [21, 7], "uv_size": [0, 0]},
								"up": {"uv": [21, 7], "uv_size": [0, 0]},
								"down": {"uv": [21, 7], "uv_size": [0, 0]}
							}
						}
					]
				},
				{
					"name": "partisan3",
					"parent": "body",
					"pivot": [0, 23.5, -0.47727],
					"cubes": [
						{
							"origin": [-0.075, 23.425, -0.65],
							"size": [0.15, 0.15, 2.3],
							"uv": {
								"north": {"uv": [19, 9], "uv_size": [0, 0]},
								"east": {"uv": [21, 9], "uv_size": [-2, 0]},
								"south": {"uv": [21, 9], "uv_size": [0, 0]},
								"west": {"uv": [19, 9], "uv_size": [-2, 0]},
								"up": {"uv": [19, 7], "uv_size": [0, 2]},
								"down": {"uv": [19, 9], "uv_size": [0, -2]}
							}
						},
						{
							"origin": [-0.5, 23.4, -0.5],
							"size": [1, 0.2, 0.1],
							"uv": {
								"north": {"uv": [14, 1], "uv_size": [-1, 0]},
								"east": {"uv": [14, 1], "uv_size": [0, 0]},
								"south": {"uv": [15, 1], "uv_size": [-1, 0]},
								"west": {"uv": [13, 1], "uv_size": [0, 0]},
								"up": {"uv": [14, 1], "uv_size": [-1, 0]},
								"down": {"uv": [15, 1], "uv_size": [-1, 0]}
							}
						},
						{
							"origin": [0.375, 23.45, -0.65],
							"size": [0.15, 0.1, 0.15],
							"uv": {
								"north": {"uv": [19, 5], "uv_size": [0, 0]},
								"east": {"uv": [19, 5], "uv_size": [0, 0]},
								"south": {"uv": [19, 5], "uv_size": [0, 0]},
								"west": {"uv": [19, 5], "uv_size": [0, 0]},
								"up": {"uv": [19, 5], "uv_size": [0, 0]},
								"down": {"uv": [19, 5], "uv_size": [0, 0]}
							}
						},
						{
							"origin": [0.3, 23.5, -1.6],
							"size": [0.4, 0, 0.9],
							"uv": {
								"north": {"uv": [0, 0], "uv_size": [0, 0]},
								"east": {"uv": [0, 0], "uv_size": [0, 0]},
								"south": {"uv": [0, 0], "uv_size": [0, 0]},
								"west": {"uv": [0, 0], "uv_size": [0, 0]},
								"up": {"uv": [4, 9], "uv_size": [-4, -9]},
								"down": {"uv": [0, 0], "uv_size": [0, 0]}
							}
						},
						{
							"origin": [-0.7, 23.5, -1.6],
							"size": [0.4, 0, 0.9],
							"uv": {
								"north": {"uv": [0, 0], "uv_size": [0, 0]},
								"east": {"uv": [0, 0], "uv_size": [0, 0]},
								"south": {"uv": [0, 0], "uv_size": [0, 0]},
								"west": {"uv": [0, 0], "uv_size": [0, 0]},
								"up": {"uv": [0, 9], "uv_size": [4, -9]},
								"down": {"uv": [0, 0], "uv_size": [0, 0]}
							}
						},
						{
							"origin": [-0.15, 23.5, -1.8],
							"size": [0.3, 0, 1.1],
							"uv": {
								"north": {"uv": [0, 0], "uv_size": [0, 0]},
								"east": {"uv": [-1, 0], "uv_size": [1, 0]},
								"south": {"uv": [1, 0], "uv_size": [0, 0]},
								"west": {"uv": [0, 0], "uv_size": [1, 0]},
								"up": {"uv": [8, 11], "uv_size": [-3, -11]},
								"down": {"uv": [0, 0], "uv_size": [0, -1]}
							}
						},
						{
							"origin": [-0.525, 23.45, -0.65],
							"size": [0.15, 0.1, 0.15],
							"uv": {
								"north": {"uv": [19, 8], "uv_size": [0, 0]},
								"east": {"uv": [19, 8], "uv_size": [0, 0]},
								"south": {"uv": [19, 8], "uv_size": [0, 0]},
								"west": {"uv": [19, 8], "uv_size": [0, 0]},
								"up": {"uv": [19, 8], "uv_size": [0, 0]},
								"down": {"uv": [19, 8], "uv_size": [0, 0]}
							}
						},
						{
							"origin": [-0.15, 23.35, -0.7],
							"size": [0.3, 0.3, 0.1],
							"pivot": [0, 23.5, -0.65],
							"rotation": [0, 0, -45],
							"uv": {
								"north": {"uv": [18, 5], "uv_size": [0, 0]},
								"east": {"uv": [18, 5], "uv_size": [0, 0]},
								"south": {"uv": [18, 5], "uv_size": [0, 0]},
								"west": {"uv": [18, 5], "uv_size": [0, 0]},
								"up": {"uv": [18, 5], "uv_size": [0, 0]},
								"down": {"uv": [18, 5], "uv_size": [0, 0]}
							}
						},
						{
							"origin": [-0.15, 23.35, 1.3],
							"size": [0.3, 0.3, 0.1],
							"pivot": [0, 23.5, 1.5],
							"rotation": [0, 0, -45],
							"uv": {
								"north": {"uv": [16, 7], "uv_size": [0, 0]},
								"east": {"uv": [16, 7], "uv_size": [0, 0]},
								"south": {"uv": [16, 7], "uv_size": [0, 0]},
								"west": {"uv": [16, 7], "uv_size": [0, 0]},
								"up": {"uv": [16, 7], "uv_size": [0, 0]},
								"down": {"uv": [16, 7], "uv_size": [0, 0]}
							}
						},
						{
							"origin": [-0.575, 23.375, -0.7],
							"size": [0.25, 0.25, 0.1],
							"pivot": [-0.45, 23.5, -0.65],
							"rotation": [0, 0, 45],
							"uv": {
								"north": {"uv": [21, 7], "uv_size": [0, 0]},
								"east": {"uv": [21, 7], "uv_size": [0, 0]},
								"south": {"uv": [21, 7], "uv_size": [0, 0]},
								"west": {"uv": [21, 7], "uv_size": [0, 0]},
								"up": {"uv": [21, 7], "uv_size": [0, 0]},
								"down": {"uv": [21, 7], "uv_size": [0, 0]}
							}
						},
						{
							"origin": [0.325, 23.375, -0.7],
							"size": [0.25, 0.25, 0.1],
							"pivot": [0.45, 23.5, -0.65],
							"rotation": [0, 0, -45],
							"uv": {
								"north": {"uv": [21, 7], "uv_size": [0, 0]},
								"east": {"uv": [21, 7], "uv_size": [0, 0]},
								"south": {"uv": [21, 7], "uv_size": [0, 0]},
								"west": {"uv": [21, 7], "uv_size": [0, 0]},
								"up": {"uv": [21, 7], "uv_size": [0, 0]},
								"down": {"uv": [21, 7], "uv_size": [0, 0]}
							}
						}
					]
				},
				{
					"name": "partisan4",
					"parent": "body",
					"pivot": [0, 23.5, -0.47727],
					"cubes": [
						{
							"origin": [-0.075, 23.425, -0.65],
							"size": [0.15, 0.15, 2.3],
							"uv": {
								"north": {"uv": [19, 9], "uv_size": [0, 0]},
								"east": {"uv": [21, 9], "uv_size": [-2, 0]},
								"south": {"uv": [21, 9], "uv_size": [0, 0]},
								"west": {"uv": [19, 9], "uv_size": [-2, 0]},
								"up": {"uv": [19, 7], "uv_size": [0, 2]},
								"down": {"uv": [19, 9], "uv_size": [0, -2]}
							}
						},
						{
							"origin": [-0.5, 23.4, -0.5],
							"size": [1, 0.2, 0.1],
							"uv": {
								"north": {"uv": [14, 1], "uv_size": [-1, 0]},
								"east": {"uv": [14, 1], "uv_size": [0, 0]},
								"south": {"uv": [15, 1], "uv_size": [-1, 0]},
								"west": {"uv": [13, 1], "uv_size": [0, 0]},
								"up": {"uv": [14, 1], "uv_size": [-1, 0]},
								"down": {"uv": [15, 1], "uv_size": [-1, 0]}
							}
						},
						{
							"origin": [0.375, 23.45, -0.65],
							"size": [0.15, 0.1, 0.15],
							"uv": {
								"north": {"uv": [19, 5], "uv_size": [0, 0]},
								"east": {"uv": [19, 5], "uv_size": [0, 0]},
								"south": {"uv": [19, 5], "uv_size": [0, 0]},
								"west": {"uv": [19, 5], "uv_size": [0, 0]},
								"up": {"uv": [19, 5], "uv_size": [0, 0]},
								"down": {"uv": [19, 5], "uv_size": [0, 0]}
							}
						},
						{
							"origin": [0.3, 23.5, -1.6],
							"size": [0.4, 0, 0.9],
							"uv": {
								"north": {"uv": [0, 0], "uv_size": [0, 0]},
								"east": {"uv": [0, 0], "uv_size": [0, 0]},
								"south": {"uv": [0, 0], "uv_size": [0, 0]},
								"west": {"uv": [0, 0], "uv_size": [0, 0]},
								"up": {"uv": [4, 9], "uv_size": [-4, -9]},
								"down": {"uv": [0, 0], "uv_size": [0, 0]}
							}
						},
						{
							"origin": [-0.7, 23.5, -1.6],
							"size": [0.4, 0, 0.9],
							"uv": {
								"north": {"uv": [0, 0], "uv_size": [0, 0]},
								"east": {"uv": [0, 0], "uv_size": [0, 0]},
								"south": {"uv": [0, 0], "uv_size": [0, 0]},
								"west": {"uv": [0, 0], "uv_size": [0, 0]},
								"up": {"uv": [0, 9], "uv_size": [4, -9]},
								"down": {"uv": [0, 0], "uv_size": [0, 0]}
							}
						},
						{
							"origin": [-0.15, 23.5, -1.8],
							"size": [0.3, 0, 1.1],
							"uv": {
								"north": {"uv": [0, 0], "uv_size": [0, 0]},
								"east": {"uv": [-1, 0], "uv_size": [1, 0]},
								"south": {"uv": [1, 0], "uv_size": [0, 0]},
								"west": {"uv": [0, 0], "uv_size": [1, 0]},
								"up": {"uv": [8, 11], "uv_size": [-3, -11]},
								"down": {"uv": [0, 0], "uv_size": [0, -1]}
							}
						},
						{
							"origin": [-0.525, 23.45, -0.65],
							"size": [0.15, 0.1, 0.15],
							"uv": {
								"north": {"uv": [19, 8], "uv_size": [0, 0]},
								"east": {"uv": [19, 8], "uv_size": [0, 0]},
								"south": {"uv": [19, 8], "uv_size": [0, 0]},
								"west": {"uv": [19, 8], "uv_size": [0, 0]},
								"up": {"uv": [19, 8], "uv_size": [0, 0]},
								"down": {"uv": [19, 8], "uv_size": [0, 0]}
							}
						},
						{
							"origin": [-0.15, 23.35, -0.7],
							"size": [0.3, 0.3, 0.1],
							"pivot": [0, 23.5, -0.65],
							"rotation": [0, 0, -45],
							"uv": {
								"north": {"uv": [18, 5], "uv_size": [0, 0]},
								"east": {"uv": [18, 5], "uv_size": [0, 0]},
								"south": {"uv": [18, 5], "uv_size": [0, 0]},
								"west": {"uv": [18, 5], "uv_size": [0, 0]},
								"up": {"uv": [18, 5], "uv_size": [0, 0]},
								"down": {"uv": [18, 5], "uv_size": [0, 0]}
							}
						},
						{
							"origin": [-0.15, 23.35, 1.3],
							"size": [0.3, 0.3, 0.1],
							"pivot": [0, 23.5, 1.5],
							"rotation": [0, 0, -45],
							"uv": {
								"north": {"uv": [16, 7], "uv_size": [0, 0]},
								"east": {"uv": [16, 7], "uv_size": [0, 0]},
								"south": {"uv": [16, 7], "uv_size": [0, 0]},
								"west": {"uv": [16, 7], "uv_size": [0, 0]},
								"up": {"uv": [16, 7], "uv_size": [0, 0]},
								"down": {"uv": [16, 7], "uv_size": [0, 0]}
							}
						},
						{
							"origin": [-0.575, 23.375, -0.7],
							"size": [0.25, 0.25, 0.1],
							"pivot": [-0.45, 23.5, -0.65],
							"rotation": [0, 0, 45],
							"uv": {
								"north": {"uv": [21, 7], "uv_size": [0, 0]},
								"east": {"uv": [21, 7], "uv_size": [0, 0]},
								"south": {"uv": [21, 7], "uv_size": [0, 0]},
								"west": {"uv": [21, 7], "uv_size": [0, 0]},
								"up": {"uv": [21, 7], "uv_size": [0, 0]},
								"down": {"uv": [21, 7], "uv_size": [0, 0]}
							}
						},
						{
							"origin": [0.325, 23.375, -0.7],
							"size": [0.25, 0.25, 0.1],
							"pivot": [0.45, 23.5, -0.65],
							"rotation": [0, 0, -45],
							"uv": {
								"north": {"uv": [21, 7], "uv_size": [0, 0]},
								"east": {"uv": [21, 7], "uv_size": [0, 0]},
								"south": {"uv": [21, 7], "uv_size": [0, 0]},
								"west": {"uv": [21, 7], "uv_size": [0, 0]},
								"up": {"uv": [21, 7], "uv_size": [0, 0]},
								"down": {"uv": [21, 7], "uv_size": [0, 0]}
							}
						}
					]
				},
				{
					"name": "partisan5",
					"parent": "body",
					"pivot": [0, 23.5, -0.47727],
					"cubes": [
						{
							"origin": [-0.075, 23.425, -0.65],
							"size": [0.15, 0.15, 2.3],
							"uv": {
								"north": {"uv": [19, 9], "uv_size": [0, 0]},
								"east": {"uv": [21, 9], "uv_size": [-2, 0]},
								"south": {"uv": [21, 9], "uv_size": [0, 0]},
								"west": {"uv": [19, 9], "uv_size": [-2, 0]},
								"up": {"uv": [19, 7], "uv_size": [0, 2]},
								"down": {"uv": [19, 9], "uv_size": [0, -2]}
							}
						},
						{
							"origin": [-0.5, 23.4, -0.5],
							"size": [1, 0.2, 0.1],
							"uv": {
								"north": {"uv": [14, 1], "uv_size": [-1, 0]},
								"east": {"uv": [14, 1], "uv_size": [0, 0]},
								"south": {"uv": [15, 1], "uv_size": [-1, 0]},
								"west": {"uv": [13, 1], "uv_size": [0, 0]},
								"up": {"uv": [14, 1], "uv_size": [-1, 0]},
								"down": {"uv": [15, 1], "uv_size": [-1, 0]}
							}
						},
						{
							"origin": [0.375, 23.45, -0.65],
							"size": [0.15, 0.1, 0.15],
							"uv": {
								"north": {"uv": [19, 5], "uv_size": [0, 0]},
								"east": {"uv": [19, 5], "uv_size": [0, 0]},
								"south": {"uv": [19, 5], "uv_size": [0, 0]},
								"west": {"uv": [19, 5], "uv_size": [0, 0]},
								"up": {"uv": [19, 5], "uv_size": [0, 0]},
								"down": {"uv": [19, 5], "uv_size": [0, 0]}
							}
						},
						{
							"origin": [0.3, 23.5, -1.6],
							"size": [0.4, 0, 0.9],
							"uv": {
								"north": {"uv": [0, 0], "uv_size": [0, 0]},
								"east": {"uv": [0, 0], "uv_size": [0, 0]},
								"south": {"uv": [0, 0], "uv_size": [0, 0]},
								"west": {"uv": [0, 0], "uv_size": [0, 0]},
								"up": {"uv": [4, 9], "uv_size": [-4, -9]},
								"down": {"uv": [0, 0], "uv_size": [0, 0]}
							}
						},
						{
							"origin": [-0.7, 23.5, -1.6],
							"size": [0.4, 0, 0.9],
							"uv": {
								"north": {"uv": [0, 0], "uv_size": [0, 0]},
								"east": {"uv": [0, 0], "uv_size": [0, 0]},
								"south": {"uv": [0, 0], "uv_size": [0, 0]},
								"west": {"uv": [0, 0], "uv_size": [0, 0]},
								"up": {"uv": [0, 9], "uv_size": [4, -9]},
								"down": {"uv": [0, 0], "uv_size": [0, 0]}
							}
						},
						{
							"origin": [-0.15, 23.5, -1.8],
							"size": [0.3, 0, 1.1],
							"uv": {
								"north": {"uv": [0, 0], "uv_size": [0, 0]},
								"east": {"uv": [-1, 0], "uv_size": [1, 0]},
								"south": {"uv": [1, 0], "uv_size": [0, 0]},
								"west": {"uv": [0, 0], "uv_size": [1, 0]},
								"up": {"uv": [8, 11], "uv_size": [-3, -11]},
								"down": {"uv": [0, 0], "uv_size": [0, -1]}
							}
						},
						{
							"origin": [-0.525, 23.45, -0.65],
							"size": [0.15, 0.1, 0.15],
							"uv": {
								"north": {"uv": [19, 8], "uv_size": [0, 0]},
								"east": {"uv": [19, 8], "uv_size": [0, 0]},
								"south": {"uv": [19, 8], "uv_size": [0, 0]},
								"west": {"uv": [19, 8], "uv_size": [0, 0]},
								"up": {"uv": [19, 8], "uv_size": [0, 0]},
								"down": {"uv": [19, 8], "uv_size": [0, 0]}
							}
						},
						{
							"origin": [-0.15, 23.35, -0.7],
							"size": [0.3, 0.3, 0.1],
							"pivot": [0, 23.5, -0.65],
							"rotation": [0, 0, -45],
							"uv": {
								"north": {"uv": [18, 5], "uv_size": [0, 0]},
								"east": {"uv": [18, 5], "uv_size": [0, 0]},
								"south": {"uv": [18, 5], "uv_size": [0, 0]},
								"west": {"uv": [18, 5], "uv_size": [0, 0]},
								"up": {"uv": [18, 5], "uv_size": [0, 0]},
								"down": {"uv": [18, 5], "uv_size": [0, 0]}
							}
						},
						{
							"origin": [-0.15, 23.35, 1.3],
							"size": [0.3, 0.3, 0.1],
							"pivot": [0, 23.5, 1.5],
							"rotation": [0, 0, -45],
							"uv": {
								"north": {"uv": [16, 7], "uv_size": [0, 0]},
								"east": {"uv": [16, 7], "uv_size": [0, 0]},
								"south": {"uv": [16, 7], "uv_size": [0, 0]},
								"west": {"uv": [16, 7], "uv_size": [0, 0]},
								"up": {"uv": [16, 7], "uv_size": [0, 0]},
								"down": {"uv": [16, 7], "uv_size": [0, 0]}
							}
						},
						{
							"origin": [-0.575, 23.375, -0.7],
							"size": [0.25, 0.25, 0.1],
							"pivot": [-0.45, 23.5, -0.65],
							"rotation": [0, 0, 45],
							"uv": {
								"north": {"uv": [21, 7], "uv_size": [0, 0]},
								"east": {"uv": [21, 7], "uv_size": [0, 0]},
								"south": {"uv": [21, 7], "uv_size": [0, 0]},
								"west": {"uv": [21, 7], "uv_size": [0, 0]},
								"up": {"uv": [21, 7], "uv_size": [0, 0]},
								"down": {"uv": [21, 7], "uv_size": [0, 0]}
							}
						},
						{
							"origin": [0.325, 23.375, -0.7],
							"size": [0.25, 0.25, 0.1],
							"pivot": [0.45, 23.5, -0.65],
							"rotation": [0, 0, -45],
							"uv": {
								"north": {"uv": [21, 7], "uv_size": [0, 0]},
								"east": {"uv": [21, 7], "uv_size": [0, 0]},
								"south": {"uv": [21, 7], "uv_size": [0, 0]},
								"west": {"uv": [21, 7], "uv_size": [0, 0]},
								"up": {"uv": [21, 7], "uv_size": [0, 0]},
								"down": {"uv": [21, 7], "uv_size": [0, 0]}
							}
						}
					]
				},
				{
					"name": "partisan6",
					"parent": "body",
					"pivot": [0, 23.5, -0.47727],
					"cubes": [
						{
							"origin": [-0.075, 23.425, -0.65],
							"size": [0.15, 0.15, 2.3],
							"uv": {
								"north": {"uv": [19, 9], "uv_size": [0, 0]},
								"east": {"uv": [21, 9], "uv_size": [-2, 0]},
								"south": {"uv": [21, 9], "uv_size": [0, 0]},
								"west": {"uv": [19, 9], "uv_size": [-2, 0]},
								"up": {"uv": [19, 7], "uv_size": [0, 2]},
								"down": {"uv": [19, 9], "uv_size": [0, -2]}
							}
						},
						{
							"origin": [-0.5, 23.4, -0.5],
							"size": [1, 0.2, 0.1],
							"uv": {
								"north": {"uv": [14, 1], "uv_size": [-1, 0]},
								"east": {"uv": [14, 1], "uv_size": [0, 0]},
								"south": {"uv": [15, 1], "uv_size": [-1, 0]},
								"west": {"uv": [13, 1], "uv_size": [0, 0]},
								"up": {"uv": [14, 1], "uv_size": [-1, 0]},
								"down": {"uv": [15, 1], "uv_size": [-1, 0]}
							}
						},
						{
							"origin": [0.375, 23.45, -0.65],
							"size": [0.15, 0.1, 0.15],
							"uv": {
								"north": {"uv": [19, 5], "uv_size": [0, 0]},
								"east": {"uv": [19, 5], "uv_size": [0, 0]},
								"south": {"uv": [19, 5], "uv_size": [0, 0]},
								"west": {"uv": [19, 5], "uv_size": [0, 0]},
								"up": {"uv": [19, 5], "uv_size": [0, 0]},
								"down": {"uv": [19, 5], "uv_size": [0, 0]}
							}
						},
						{
							"origin": [0.3, 23.5, -1.6],
							"size": [0.4, 0, 0.9],
							"uv": {
								"north": {"uv": [0, 0], "uv_size": [0, 0]},
								"east": {"uv": [0, 0], "uv_size": [0, 0]},
								"south": {"uv": [0, 0], "uv_size": [0, 0]},
								"west": {"uv": [0, 0], "uv_size": [0, 0]},
								"up": {"uv": [4, 9], "uv_size": [-4, -9]},
								"down": {"uv": [0, 0], "uv_size": [0, 0]}
							}
						},
						{
							"origin": [-0.7, 23.5, -1.6],
							"size": [0.4, 0, 0.9],
							"uv": {
								"north": {"uv": [0, 0], "uv_size": [0, 0]},
								"east": {"uv": [0, 0], "uv_size": [0, 0]},
								"south": {"uv": [0, 0], "uv_size": [0, 0]},
								"west": {"uv": [0, 0], "uv_size": [0, 0]},
								"up": {"uv": [0, 9], "uv_size": [4, -9]},
								"down": {"uv": [0, 0], "uv_size": [0, 0]}
							}
						},
						{
							"origin": [-0.15, 23.5, -1.8],
							"size": [0.3, 0, 1.1],
							"uv": {
								"north": {"uv": [0, 0], "uv_size": [0, 0]},
								"east": {"uv": [-1, 0], "uv_size": [1, 0]},
								"south": {"uv": [1, 0], "uv_size": [0, 0]},
								"west": {"uv": [0, 0], "uv_size": [1, 0]},
								"up": {"uv": [8, 11], "uv_size": [-3, -11]},
								"down": {"uv": [0, 0], "uv_size": [0, -1]}
							}
						},
						{
							"origin": [-0.525, 23.45, -0.65],
							"size": [0.15, 0.1, 0.15],
							"uv": {
								"north": {"uv": [19, 8], "uv_size": [0, 0]},
								"east": {"uv": [19, 8], "uv_size": [0, 0]},
								"south": {"uv": [19, 8], "uv_size": [0, 0]},
								"west": {"uv": [19, 8], "uv_size": [0, 0]},
								"up": {"uv": [19, 8], "uv_size": [0, 0]},
								"down": {"uv": [19, 8], "uv_size": [0, 0]}
							}
						},
						{
							"origin": [-0.15, 23.35, -0.7],
							"size": [0.3, 0.3, 0.1],
							"pivot": [0, 23.5, -0.65],
							"rotation": [0, 0, -45],
							"uv": {
								"north": {"uv": [18, 5], "uv_size": [0, 0]},
								"east": {"uv": [18, 5], "uv_size": [0, 0]},
								"south": {"uv": [18, 5], "uv_size": [0, 0]},
								"west": {"uv": [18, 5], "uv_size": [0, 0]},
								"up": {"uv": [18, 5], "uv_size": [0, 0]},
								"down": {"uv": [18, 5], "uv_size": [0, 0]}
							}
						},
						{
							"origin": [-0.15, 23.35, 1.3],
							"size": [0.3, 0.3, 0.1],
							"pivot": [0, 23.5, 1.5],
							"rotation": [0, 0, -45],
							"uv": {
								"north": {"uv": [16, 7], "uv_size": [0, 0]},
								"east": {"uv": [16, 7], "uv_size": [0, 0]},
								"south": {"uv": [16, 7], "uv_size": [0, 0]},
								"west": {"uv": [16, 7], "uv_size": [0, 0]},
								"up": {"uv": [16, 7], "uv_size": [0, 0]},
								"down": {"uv": [16, 7], "uv_size": [0, 0]}
							}
						},
						{
							"origin": [-0.575, 23.375, -0.7],
							"size": [0.25, 0.25, 0.1],
							"pivot": [-0.45, 23.5, -0.65],
							"rotation": [0, 0, 45],
							"uv": {
								"north": {"uv": [21, 7], "uv_size": [0, 0]},
								"east": {"uv": [21, 7], "uv_size": [0, 0]},
								"south": {"uv": [21, 7], "uv_size": [0, 0]},
								"west": {"uv": [21, 7], "uv_size": [0, 0]},
								"up": {"uv": [21, 7], "uv_size": [0, 0]},
								"down": {"uv": [21, 7], "uv_size": [0, 0]}
							}
						},
						{
							"origin": [0.325, 23.375, -0.7],
							"size": [0.25, 0.25, 0.1],
							"pivot": [0.45, 23.5, -0.65],
							"rotation": [0, 0, -45],
							"uv": {
								"north": {"uv": [21, 7], "uv_size": [0, 0]},
								"east": {"uv": [21, 7], "uv_size": [0, 0]},
								"south": {"uv": [21, 7], "uv_size": [0, 0]},
								"west": {"uv": [21, 7], "uv_size": [0, 0]},
								"up": {"uv": [21, 7], "uv_size": [0, 0]},
								"down": {"uv": [21, 7], "uv_size": [0, 0]}
							}
						}
					]
				},
				{
					"name": "armRight",
					"parent": "body",
					"pivot": [-6, 24, 0]
				},
				{
					"name": "rightArm",
					"parent": "armRight",
					"pivot": [-5, 22, 0]
				},
				{
					"name": "rightForeArm",
					"parent": "rightArm",
					"pivot": [-5, 18, 0]
				},
				{
					"name": "rightForeArmFruit",
					"parent": "rightForeArm",
					"pivot": [-6, 18, 0],
					"cubes": [
						{
							"origin": [-7.75, 13, -1.75],
							"size": [3.5, 5, 3.5],
							"uv": {
								"north": {"uv": [44, 26], "uv_size": [4, 6]},
								"east": {"uv": [40, 26], "uv_size": [4, 6]},
								"south": {"uv": [52, 26], "uv_size": [4, 6]},
								"west": {"uv": [48, 26], "uv_size": [4, 6]},
								"up": {"uv": [48, 26], "uv_size": [-4, -4]},
								"down": {"uv": [52, 26], "uv_size": [-4, -4]}
							}
						}
					],
					"locators": {
						"mera_arms": [-6, 12, 0]
					}
				},
				{
					"name": "armLeft",
					"parent": "body",
					"pivot": [6, 24, 0]
				},
				{
					"name": "leftArm",
					"parent": "armLeft",
					"pivot": [5, 22, 0]
				},
				{
					"name": "leftForeArm",
					"parent": "leftArm",
					"pivot": [5, 18, 0]
				},
				{
					"name": "leftForeArmFruit",
					"parent": "leftForeArm",
					"pivot": [6, 18, 0],
					"cubes": [
						{
							"origin": [4.25, 13, -1.75],
							"size": [3.5, 5, 3.5],
							"uv": {
								"north": {"uv": [48, 26], "uv_size": [-4, 6]},
								"east": {"uv": [52, 26], "uv_size": [-4, 6]},
								"south": {"uv": [56, 26], "uv_size": [-4, 6]},
								"west": {"uv": [44, 26], "uv_size": [-4, 6]},
								"up": {"uv": [44, 26], "uv_size": [4, -4]},
								"down": {"uv": [48, 26], "uv_size": [4, -4]}
							}
						}
					]
				}
			]
		}
	]
}