{
	"format_version": "1.12.0",
	"minecraft:geometry": [
		{
			"description": {
				"identifier": "geometry.smile_lion",
				"texture_width": 32,
				"texture_height": 32,
				"visible_bounds_width": 4,
				"visible_bounds_height": 5,
				"visible_bounds_offset": [0, 1.5, 0]
			},
			"bones": [
				{
					"name": "root2",
					"pivot": [0, 0, 0]
				},
				{
					"name": "root",
					"parent": "root2",
					"pivot": [0, 0, 0]
				},
				{
					"name": "tudo",
					"parent": "root",
					"pivot": [0, 12, 0]
				},
				{
					"name": "waist",
					"parent": "tudo",
					"pivot": [0, 12, 0]
				},
				{
					"name": "body",
					"parent": "waist",
					"pivot": [0, 24, 0]
				},
				{
					"name": "lion",
					"parent": "body",
					"pivot": [0, 25, 0],
					"cubes": [
						{
							"origin": [-4, 11.125, -3.25],
							"size": [8, 7.25, 1.125],
							"uv": {
								"north": {"uv": [0, 0], "uv_size": [8, 7.5]},
								"east": {"uv": [13, 2], "uv_size": [1, 7.5]},
								"south": {"uv": [0, 8], "uv_size": [8, 7.5]},
								"west": {"uv": [8, 13], "uv_size": [1, 7.5]},
								"up": {"uv": [13, 0], "uv_size": [8, 1]},
								"down": {"uv": [13, 2], "uv_size": [8, -1]}
							}
						},
						{
							"origin": [-1.8725, 11.315, -5.125],
							"size": [3.745, 2.75, 1.875],
							"uv": {
								"north": {"uv": [8, 10], "uv_size": [3.5, 2.5]},
								"east": {"uv": [0, 18], "uv_size": [2, 2.5]},
								"south": {"uv": [12, 10], "uv_size": [3.5, 2.5]},
								"west": {"uv": [2, 18], "uv_size": [2, 2.5]},
								"up": {"uv": [14, 4], "uv_size": [3.5, 2]},
								"down": {"uv": [14, 8], "uv_size": [3.5, -2]}
							}
						},
						{
							"origin": [-0.56, 13.315, -5.375],
							"size": [1.12, 1, 2.125],
							"uv": {
								"north": {"uv": [13, 17], "uv_size": [1, 1]},
								"east": {"uv": [19, 2], "uv_size": [2, 1]},
								"south": {"uv": [12, 19], "uv_size": [1, 1]},
								"west": {"uv": [19, 3], "uv_size": [2, 1]},
								"up": {"uv": [13, 15], "uv_size": [1, 2]},
								"down": {"uv": [11, 21], "uv_size": [1, -2]}
							}
						},
						{
							"origin": [-2.56, 11.94, -4.75],
							"size": [5.12, 4.75, 1.5],
							"uv": {
								"north": {"uv": [8, 0], "uv_size": [5, 4.5]},
								"east": {"uv": [14, 13], "uv_size": [1.5, 4.5]},
								"south": {"uv": [8, 5], "uv_size": [5, 4.5]},
								"west": {"uv": [9, 15], "uv_size": [1.5, 4.5]},
								"up": {"uv": [9, 13], "uv_size": [5, 1.5]},
								"down": {"uv": [14, 3.5], "uv_size": [5, -1.5]}
							}
						},
						{
							"origin": [-3.69, 16.19, -3.5],
							"size": [1.5, 1.5, 0.25],
							"uv": {
								"north": {"uv": [18, 4], "uv_size": [1.5, 1.5]},
								"east": {"uv": [19, 18], "uv_size": [0.5, 1.5]},
								"south": {"uv": [18, 6], "uv_size": [1.5, 1.5]},
								"west": {"uv": [4, 20], "uv_size": [0.5, 1.5]},
								"up": {"uv": [20, 4], "uv_size": [1.5, 0.5]},
								"down": {"uv": [5, 20.5], "uv_size": [1.5, -0.5]}
							}
						},
						{
							"origin": [2.19, 16.19, -3.5],
							"size": [1.5, 1.5, 0.25],
							"uv": {
								"north": {"uv": [18, 8], "uv_size": [1.5, 1.5]},
								"east": {"uv": [20, 5], "uv_size": [0.5, 1.5]},
								"south": {"uv": [13, 18], "uv_size": [1.5, 1.5]},
								"west": {"uv": [7, 20], "uv_size": [0.5, 1.5]},
								"up": {"uv": [20, 7], "uv_size": [1.5, 0.5]},
								"down": {"uv": [20, 8.5], "uv_size": [1.5, -0.5]}
							}
						},
						{
							"origin": [-5.25, 12.5, -4.875],
							"size": [1.625, 1.5, 4],
							"pivot": [-5.1875, 13.625, -3.375],
							"rotation": [24.14867, 20.70481, 9.00717],
							"uv": {
								"north": {"uv": [18, 14], "uv_size": [1.5, 1.5]},
								"east": {"uv": [14, 8], "uv_size": [4, 1.5]},
								"south": {"uv": [15, 18], "uv_size": [1.5, 1.5]},
								"west": {"uv": [0, 16], "uv_size": [4, 1.5]},
								"up": {"uv": [11, 15], "uv_size": [1.5, 4]},
								"down": {"uv": [4, 20], "uv_size": [1.5, -4]}
							}
						},
						{
							"origin": [3.625, 12.5, -4.875],
							"size": [1.625, 1.5, 4],
							"pivot": [5.1875, 13.625, -3.375],
							"rotation": [24.14867, -20.70481, -9.00717],
							"uv": {
								"north": {"uv": [18, 16], "uv_size": [1.5, 1.5]},
								"east": {"uv": [16, 10], "uv_size": [4, 1.5]},
								"south": {"uv": [17, 18], "uv_size": [1.5, 1.5]},
								"west": {"uv": [16, 12], "uv_size": [4, 1.5]},
								"up": {"uv": [6, 16], "uv_size": [1.5, 4]},
								"down": {"uv": [16, 18], "uv_size": [1.5, -4]}
							}
						}
					]
				}
			]
		}
	]
}