{
	"format_version": "1.12.0",
	"minecraft:geometry": [
		{
			"description": {
				"identifier": "geometry.smile_dragon_complet",
				"texture_width": 32,
				"texture_height": 32,
				"visible_bounds_width": 63,
				"visible_bounds_height": 17,
				"visible_bounds_offset": [0, 1.5, 0]
			},
			"bones": [
				{
					"name": "root2",
					"pivot": [0, 0, 0]
				},
				{
					"name": "root",
					"parent": "root2",
					"pivot": [0, 0, 0]
				},
				{
					"name": "tudo",
					"parent": "root",
					"pivot": [0, 12, 0]
				},
				{
					"name": "tudoDragon",
					"parent": "tudo",
					"pivot": [0, 12, 0]
				},
				{
					"name": "waist",
					"parent": "tudoDragon",
					"pivot": [0, 12, 0]
				},
				{
					"name": "bodyDragon",
					"parent": "waist",
					"pivot": [0, 3, -8]
				},
				{
					"name": "headDragon",
					"parent": "bodyDragon",
					"pivot": [0, 3, -8],
					"cubes": [
						{
							"origin": [-4, 0, -12.5],
							"size": [8, 2.25, 4.5],
							"uv": {
								"north": {"uv": [15, 0], "uv_size": [2, 2]},
								"east": {"uv": [15, 0], "uv_size": [2, 2]},
								"south": {"uv": [15, 0], "uv_size": [2, 2]},
								"west": {"uv": [15, 0], "uv_size": [2, 2]},
								"up": {"uv": [17, 2], "uv_size": [-2, -2]},
								"down": {"uv": [17, 2], "uv_size": [-2, -2]}
							}
						},
						{
							"origin": [-4.47648, 5.06457, -14.505],
							"size": [3.5, 2.25, 2.5],
							"pivot": [-2.47648, 6.18957, -13.255],
							"rotation": [0, 0, 10],
							"uv": {
								"north": {"uv": [15, 0], "uv_size": [-2, 2]},
								"east": {"uv": [15, 0], "uv_size": [-2, 2]},
								"south": {"uv": [15, 0], "uv_size": [-2, 2]},
								"west": {"uv": [15, 0], "uv_size": [-2, 2]},
								"up": {"uv": [13, 2], "uv_size": [2, -2]},
								"down": {"uv": [13, 2], "uv_size": [2, -2]}
							}
						},
						{
							"origin": [0.97648, 5.06457, -14.505],
							"size": [3.5, 2.25, 2.5],
							"pivot": [2.47648, 6.18957, -13.255],
							"rotation": [0, 0, -10],
							"uv": {
								"north": {"uv": [13, 0], "uv_size": [2, 2]},
								"east": {"uv": [13, 0], "uv_size": [2, 2]},
								"south": {"uv": [13, 0], "uv_size": [2, 2]},
								"west": {"uv": [13, 0], "uv_size": [2, 2]},
								"up": {"uv": [15, 2], "uv_size": [-2, -2]},
								"down": {"uv": [15, 2], "uv_size": [-2, -2]}
							}
						},
						{
							"origin": [-5, 2.25, -14.5],
							"size": [10, 4.75, 6.5],
							"uv": {
								"north": {"uv": [11, 0], "uv_size": [2, 2]},
								"east": {"uv": [13, 0], "uv_size": [2, 2]},
								"south": {"uv": [13, 0], "uv_size": [2, 2]},
								"west": {"uv": [13, 0], "uv_size": [2, 2]},
								"up": {"uv": [15, 2], "uv_size": [-2, -2]},
								"down": {"uv": [15, 2], "uv_size": [-2, -2]}
							}
						},
						{
							"origin": [-4, 7, -12],
							"size": [8, 1.125, 4],
							"uv": {
								"north": {"uv": [13, 0], "uv_size": [2, 2]},
								"east": {"uv": [13, 0], "uv_size": [2, 2]},
								"south": {"uv": [13, 0], "uv_size": [2, 2]},
								"west": {"uv": [13, 0], "uv_size": [2, 2]},
								"up": {"uv": [15, 2], "uv_size": [-2, -2]},
								"down": {"uv": [15, 2], "uv_size": [-2, -2]}
							}
						},
						{
							"origin": [1.25, 4.25, -14.51],
							"size": [2.5, 2, 0],
							"uv": {
								"north": {"uv": [5, 4.75], "uv_size": [2, 1.5]},
								"east": {"uv": [32, 32], "uv_size": [0, 0]},
								"south": {"uv": [32, 32], "uv_size": [0, 0]},
								"west": {"uv": [32, 32], "uv_size": [0, 0]},
								"up": {"uv": [32, 32], "uv_size": [0, 0]},
								"down": {"uv": [32, 32], "uv_size": [0, 0]}
							}
						},
						{
							"origin": [-3.75, 4.25, -14.51],
							"size": [2.5, 2, 0],
							"uv": {
								"north": {"uv": [7, 4.75], "uv_size": [-2, 1.5]},
								"east": {"uv": [32, 32], "uv_size": [0, 0]},
								"south": {"uv": [32, 32], "uv_size": [0, 0]},
								"west": {"uv": [32, 32], "uv_size": [0, 0]},
								"up": {"uv": [32, 32], "uv_size": [0, 0]},
								"down": {"uv": [32, 32], "uv_size": [0, 0]}
							}
						},
						{
							"origin": [1, 5.25, -14.51],
							"size": [4, 1.5, 0],
							"inflate": 0.1,
							"pivot": [1, 6, -14.5],
							"rotation": [0, 0, -12.5],
							"uv": {
								"north": {"uv": [3.5, 6.75], "uv_size": [4.25, 1.75]},
								"east": {"uv": [32, 32], "uv_size": [0, 0]},
								"south": {"uv": [32, 32], "uv_size": [0, 0]},
								"west": {"uv": [32, 32], "uv_size": [0, 0]},
								"up": {"uv": [32, 32], "uv_size": [0, 0]},
								"down": {"uv": [32, 32], "uv_size": [0, 0]}
							}
						},
						{
							"origin": [-5, 5.25, -14.51],
							"size": [4, 1.5, 0],
							"inflate": 0.1,
							"pivot": [-1, 6, -14.5],
							"rotation": [0, 0, 12.5],
							"uv": {
								"north": {"uv": [7.75, 6.75], "uv_size": [-4.25, 1.75]},
								"east": {"uv": [32, 32], "uv_size": [0, 0]},
								"south": {"uv": [32, 32], "uv_size": [0, 0]},
								"west": {"uv": [32, 32], "uv_size": [0, 0]},
								"up": {"uv": [32, 32], "uv_size": [0, 0]},
								"down": {"uv": [32, 32], "uv_size": [0, 0]}
							}
						}
					]
				},
				{
					"name": "jaw",
					"parent": "headDragon",
					"pivot": [0, 3, -14.5],
					"cubes": [
						{
							"origin": [5.99461, 1.71491, -10.41558],
							"size": [0, 0.5, 1.5],
							"pivot": [5.99461, 1.96491, -11.29058],
							"rotation": [0, 45, 0],
							"uv": {
								"north": {"uv": [15, 0], "uv_size": [2, 2]},
								"east": {"uv": [15, 0], "uv_size": [2, 2]},
								"south": {"uv": [15, 0], "uv_size": [2, 2]},
								"west": {"uv": [15, 0], "uv_size": [2, 2]},
								"up": {"uv": [17, 2], "uv_size": [-2, -2]},
								"down": {"uv": [17, 2], "uv_size": [-2, -2]}
							}
						},
						{
							"origin": [-5.99461, 1.71491, -10.41558],
							"size": [0, 0.5, 1.5],
							"pivot": [-5.99461, 1.96491, -11.29058],
							"rotation": [0, -45, 0],
							"uv": {
								"north": {"uv": [17, 0], "uv_size": [-2, 2]},
								"east": {"uv": [17, 0], "uv_size": [-2, 2]},
								"south": {"uv": [17, 0], "uv_size": [-2, 2]},
								"west": {"uv": [17, 0], "uv_size": [-2, 2]},
								"up": {"uv": [15, 2], "uv_size": [2, -2]},
								"down": {"uv": [15, 2], "uv_size": [2, -2]}
							}
						},
						{
							"origin": [-4.25, 2.25, -14.75],
							"size": [8.5, 2.25, 2],
							"uv": {
								"north": {"uv": [13, 0], "uv_size": [-2, 2]},
								"east": {"uv": [15, 0], "uv_size": [-2, 2]},
								"south": {"uv": [15, 0], "uv_size": [-2, 2]},
								"west": {"uv": [13, 0], "uv_size": [-2, 2]},
								"up": {"uv": [13, 2], "uv_size": [2, -2]},
								"down": {"uv": [13, 2], "uv_size": [2, -2]}
							}
						},
						{
							"origin": [3.5, 1.375, -14.75],
							"size": [0.75, 1.25, 2],
							"inflate": -0.05,
							"uv": {
								"north": {"uv": [18.25, 0], "uv_size": [1, 1]},
								"east": {"uv": [32, 0], "uv_size": [-2, 2]},
								"south": {"uv": [32, 0], "uv_size": [-2, 2]},
								"west": {"uv": [19.75, 0], "uv_size": [2.25, 1]},
								"up": {"uv": [30, 2], "uv_size": [2, -2]},
								"down": {"uv": [30, 2], "uv_size": [2, -2]}
							}
						},
						{
							"origin": [-4.25, 1.375, -14.75],
							"size": [0.75, 1.25, 2],
							"inflate": -0.05,
							"uv": {
								"north": {"uv": [19.25, 0], "uv_size": [-1, 1]},
								"east": {"uv": [22, 0], "uv_size": [-2.25, 1]},
								"south": {"uv": [30, 0], "uv_size": [2, 2]},
								"west": {"uv": [30, 0], "uv_size": [2, 2]},
								"up": {"uv": [32, 2], "uv_size": [-2, -2]},
								"down": {"uv": [32, 2], "uv_size": [-2, -2]}
							}
						},
						{
							"origin": [4, 1.675, -12.75],
							"size": [2, 1.25, 2],
							"inflate": -0.05,
							"uv": {
								"north": {"uv": [17, 0], "uv_size": [2.25, 1]},
								"east": {"uv": [32, 0], "uv_size": [-2, 2]},
								"south": {"uv": [32, 0], "uv_size": [-2, 2]},
								"west": {"uv": [19.75, 0], "uv_size": [2.25, 1]},
								"up": {"uv": [30, 2], "uv_size": [2, -2]},
								"down": {"uv": [30, 2], "uv_size": [2, -2]}
							}
						},
						{
							"origin": [-6, 1.675, -12.75],
							"size": [2, 1.25, 2],
							"inflate": -0.05,
							"uv": {
								"north": {"uv": [19.25, 0], "uv_size": [-2.25, 1]},
								"east": {"uv": [22, 0], "uv_size": [-2.25, 1]},
								"south": {"uv": [30, 0], "uv_size": [2, 2]},
								"west": {"uv": [30, 0], "uv_size": [2, 2]},
								"up": {"uv": [32, 2], "uv_size": [-2, -2]},
								"down": {"uv": [32, 2], "uv_size": [-2, -2]}
							}
						},
						{
							"origin": [4, 0.575, -12.75],
							"size": [2, 1.25, 2],
							"inflate": -0.05,
							"uv": {
								"north": {"uv": [19.75, 1], "uv_size": [-2.25, -1]},
								"east": {"uv": [32, 0], "uv_size": [-2, 2]},
								"south": {"uv": [32, 2], "uv_size": [-2, -2]},
								"west": {"uv": [21.5, 1], "uv_size": [-2.25, -1]},
								"up": {"uv": [30, 2], "uv_size": [2, -2]},
								"down": {"uv": [30, 2], "uv_size": [2, -2]}
							}
						},
						{
							"origin": [-6, 0.575, -12.75],
							"size": [2, 1.25, 2],
							"inflate": -0.05,
							"uv": {
								"north": {"uv": [17.5, 1], "uv_size": [2.25, -1]},
								"east": {"uv": [19.25, 1], "uv_size": [2.25, -1]},
								"south": {"uv": [30, 2], "uv_size": [2, -2]},
								"west": {"uv": [30, 0], "uv_size": [2, 2]},
								"up": {"uv": [32, 2], "uv_size": [-2, -2]},
								"down": {"uv": [32, 2], "uv_size": [-2, -2]}
							}
						},
						{
							"origin": [-4.25, 0.5, -14.25],
							"size": [0.75, 1.25, 1.5],
							"inflate": -0.05,
							"uv": {
								"north": {"uv": [17.5, 1.25], "uv_size": [1, -1.25]},
								"east": {"uv": [19.25, 1.25], "uv_size": [1.5, -1.25]},
								"south": {"uv": [30, 0], "uv_size": [2, 2]},
								"west": {"uv": [30, 0], "uv_size": [2, 2]},
								"up": {"uv": [32, 2], "uv_size": [-2, -2]},
								"down": {"uv": [32, 2], "uv_size": [-2, -2]}
							}
						},
						{
							"origin": [3.5, 0.5, -14.25],
							"size": [0.75, 1.25, 1.5],
							"inflate": -0.05,
							"uv": {
								"north": {"uv": [18.5, 1.25], "uv_size": [-1, -1.25]},
								"east": {"uv": [32, 0], "uv_size": [-2, 2]},
								"south": {"uv": [32, 0], "uv_size": [-2, 2]},
								"west": {"uv": [20.75, 1.25], "uv_size": [-1.5, -1.25]},
								"up": {"uv": [30, 2], "uv_size": [2, -2]},
								"down": {"uv": [30, 2], "uv_size": [2, -2]}
							}
						},
						{
							"origin": [-4.25, -1.25, -14.25],
							"size": [8.5, 2.25, 1.5],
							"uv": {
								"north": {"uv": [13, 0], "uv_size": [-2, 2]},
								"east": {"uv": [15, 0], "uv_size": [-2, 2]},
								"south": {"uv": [15, 0], "uv_size": [-2, 2]},
								"west": {"uv": [13, 0], "uv_size": [-2, 2]},
								"up": {"uv": [13, 2], "uv_size": [2, -2]},
								"down": {"uv": [13, 2], "uv_size": [2, -2]}
							}
						},
						{
							"origin": [-6, 2.25, -12.75],
							"size": [12, 2.75, 2],
							"uv": {
								"north": {"uv": [13, 0], "uv_size": [-2, 2]},
								"east": {"uv": [15, 0], "uv_size": [-2, 2]},
								"south": {"uv": [15, 0], "uv_size": [-2, 2]},
								"west": {"uv": [13, 0], "uv_size": [-2, 2]},
								"up": {"uv": [13, 2], "uv_size": [2, -2]},
								"down": {"uv": [13, 2], "uv_size": [2, -2]}
							}
						},
						{
							"origin": [-6.569, -0.75, -10.71457],
							"size": [13.25, 5.75, 1.5],
							"uv": {
								"north": {"uv": [13, 0], "uv_size": [-2, 2]},
								"east": {"uv": [15, 0], "uv_size": [-2, 2]},
								"south": {"uv": [15, 0], "uv_size": [-2, 2]},
								"west": {"uv": [13, 0], "uv_size": [-2, 2]},
								"up": {"uv": [13, 2], "uv_size": [2, -2]},
								"down": {"uv": [13, 2], "uv_size": [2, -2]}
							}
						},
						{
							"origin": [-6, -1.25, -12.75],
							"size": [12, 2.5, 2],
							"uv": {
								"north": {"uv": [13, 0], "uv_size": [-2, 2]},
								"east": {"uv": [15, 0], "uv_size": [-2, 2]},
								"south": {"uv": [15, 0], "uv_size": [-2, 2]},
								"west": {"uv": [13, 0], "uv_size": [-2, 2]},
								"up": {"uv": [13, 2], "uv_size": [2, -2]},
								"down": {"uv": [13, 2], "uv_size": [2, -2]}
							}
						},
						{
							"origin": [0.8, 3.4, -23.6],
							"size": [1.5, 1.5, 1],
							"inflate": -0.4,
							"pivot": [1.54653, 4.11242, -19.9],
							"rotation": [0, 0, 72.5],
							"uv": {
								"north": {"uv": [17, 2], "uv_size": [-2, 2]},
								"east": {"uv": [17, 2], "uv_size": [-2, 2]},
								"south": {"uv": [17, 2], "uv_size": [-2, 2]},
								"west": {"uv": [17, 2], "uv_size": [-2, 2]},
								"up": {"uv": [15, 4], "uv_size": [2, -2]},
								"down": {"uv": [15, 4], "uv_size": [2, -2]}
							}
						},
						{
							"origin": [-2.3, 3.4, -23.6],
							"size": [1.5, 1.5, 1],
							"inflate": -0.4,
							"pivot": [-1.54653, 4.11242, -19.9],
							"rotation": [0, 0, -72.5],
							"uv": {
								"north": {"uv": [15, 2], "uv_size": [2, 2]},
								"east": {"uv": [15, 2], "uv_size": [2, 2]},
								"south": {"uv": [15, 2], "uv_size": [2, 2]},
								"west": {"uv": [15, 2], "uv_size": [2, 2]},
								"up": {"uv": [17, 4], "uv_size": [-2, -2]},
								"down": {"uv": [17, 4], "uv_size": [-2, -2]}
							}
						},
						{
							"origin": [0.54653, 3.11242, -23.15],
							"size": [2, 2, 1],
							"pivot": [1.54653, 4.11242, -19.9],
							"rotation": [0, 0, 72.5],
							"uv": {
								"north": {"uv": [11, 0], "uv_size": [2, 2]},
								"east": {"uv": [11, 0], "uv_size": [2, 2]},
								"south": {"uv": [11, 0], "uv_size": [2, 2]},
								"west": {"uv": [11, 0], "uv_size": [2, 2]},
								"up": {"uv": [13, 2], "uv_size": [-2, -2]},
								"down": {"uv": [13, 2], "uv_size": [-2, -2]}
							}
						},
						{
							"origin": [-2.54653, 3.11242, -23.15],
							"size": [2, 2, 1],
							"pivot": [-1.54653, 4.11242, -19.9],
							"rotation": [0, 0, -72.5],
							"uv": {
								"north": {"uv": [13, 0], "uv_size": [-2, 2]},
								"east": {"uv": [13, 0], "uv_size": [-2, 2]},
								"south": {"uv": [13, 0], "uv_size": [-2, 2]},
								"west": {"uv": [13, 0], "uv_size": [-2, 2]},
								"up": {"uv": [11, 2], "uv_size": [2, -2]},
								"down": {"uv": [11, 2], "uv_size": [2, -2]}
							}
						},
						{
							"origin": [-2.54653, 3.11242, -23.15],
							"size": [2, 2, 3],
							"inflate": -0.2,
							"pivot": [-1.54653, 4.11242, -19.9],
							"rotation": [0, 0, -72.5],
							"uv": {
								"north": {"uv": [11, 0], "uv_size": [2, 2]},
								"east": {"uv": [11, 0], "uv_size": [2, 2]},
								"south": {"uv": [11, 0], "uv_size": [2, 2]},
								"west": {"uv": [11, 0], "uv_size": [2, 2]},
								"up": {"uv": [13, 2], "uv_size": [-2, -2]},
								"down": {"uv": [13, 2], "uv_size": [-2, -2]}
							}
						},
						{
							"origin": [0.54653, 3.11242, -23.15],
							"size": [2, 2, 3],
							"inflate": -0.2,
							"pivot": [1.54653, 4.11242, -19.9],
							"rotation": [0, 0, 72.5],
							"uv": {
								"north": {"uv": [13, 0], "uv_size": [-2, 2]},
								"east": {"uv": [13, 0], "uv_size": [-2, 2]},
								"south": {"uv": [13, 0], "uv_size": [-2, 2]},
								"west": {"uv": [13, 0], "uv_size": [-2, 2]},
								"up": {"uv": [11, 2], "uv_size": [2, -2]},
								"down": {"uv": [11, 2], "uv_size": [2, -2]}
							}
						},
						{
							"origin": [-1, 2.39158, -20.22567],
							"size": [2.1, 2.5, 6.2],
							"pivot": [0.05, 3.64158, -17.12567],
							"rotation": [7.5, 0, 0],
							"uv": {
								"north": {"uv": [11, 0], "uv_size": [2, 2]},
								"east": {"uv": [11, 0], "uv_size": [2, 2]},
								"south": {"uv": [11, 0], "uv_size": [2, 2]},
								"west": {"uv": [11, 0], "uv_size": [2, 2]},
								"up": {"uv": [13, 2], "uv_size": [-2, -2]},
								"down": {"uv": [13, 2], "uv_size": [-2, -2]}
							}
						},
						{
							"origin": [-2.5, 2, -23],
							"size": [5, 2.5, 8.5],
							"inflate": 0.01,
							"uv": {
								"north": {"uv": [9, 0], "uv_size": [2, 2]},
								"east": {"uv": [9, 0], "uv_size": [2, 2]},
								"south": {"uv": [9, 0], "uv_size": [2, 2]},
								"west": {"uv": [9, 0], "uv_size": [2, 2]},
								"up": {"uv": [11, 2], "uv_size": [-2, -2]},
								"down": {"uv": [19.625, 6.5], "uv_size": [-2.25, -4.5]}
							}
						},
						{
							"origin": [-3.25, 1, -14],
							"size": [6.5, 1.5, 1],
							"inflate": 0.01,
							"uv": {
								"north": {"uv": [17.25, 2], "uv_size": [2.5, 1.5]},
								"east": {"uv": [9, 0], "uv_size": [2, 2]},
								"south": {"uv": [9, 0], "uv_size": [2, 2]},
								"west": {"uv": [9, 0], "uv_size": [2, 2]},
								"up": {"uv": [11, 2], "uv_size": [-2, -2]},
								"down": {"uv": [11, 2], "uv_size": [-2, -2]}
							}
						},
						{
							"origin": [0.04708, 2.01, -22.8158],
							"size": [3, 2.5, 9],
							"pivot": [1.29708, 3.26, -18.8158],
							"rotation": [0, 7.5, 0],
							"uv": {
								"north": {"uv": [9, 0], "uv_size": [2, 2]},
								"east": {"uv": [9, 0], "uv_size": [2, 2]},
								"south": {"uv": [9, 0], "uv_size": [2, 2]},
								"west": {"uv": [9, 0], "uv_size": [2, 2]},
								"up": {"uv": [11, 2], "uv_size": [-2, -2]},
								"down": {"uv": [18.875, 6.5], "uv_size": [1, -4.5]}
							}
						},
						{
							"origin": [-3.04708, 2.01, -22.8158],
							"size": [3, 2.5, 9],
							"pivot": [-1.29708, 3.26, -18.8158],
							"rotation": [0, -7.5, 0],
							"uv": {
								"north": {"uv": [11, 0], "uv_size": [-2, 2]},
								"east": {"uv": [11, 0], "uv_size": [-2, 2]},
								"south": {"uv": [11, 0], "uv_size": [-2, 2]},
								"west": {"uv": [11, 0], "uv_size": [-2, 2]},
								"up": {"uv": [9, 2], "uv_size": [2, -2]},
								"down": {"uv": [19.875, 6.5], "uv_size": [-1, -4.5]}
							}
						},
						{
							"origin": [-3.14865, 1.125, -19.27152],
							"size": [0, 1.25, 5],
							"pivot": [-3.14865, 1.625, -16.77152],
							"rotation": [0, -7.5, 0],
							"uv": {
								"north": {"uv": [32, 32], "uv_size": [0, 0]},
								"east": {"uv": [22, 0], "uv_size": [-5, 1.25]},
								"south": {"uv": [32, 32], "uv_size": [0, 0]},
								"west": {"uv": [32, 32], "uv_size": [0, 0]},
								"up": {"uv": [32, 32], "uv_size": [0, 0]},
								"down": {"uv": [32, 32], "uv_size": [0, 0]}
							}
						},
						{
							"origin": [3.14865, 1.125, -19.27152],
							"size": [0, 1.25, 5],
							"pivot": [3.14865, 1.625, -16.77152],
							"rotation": [0, 7.5, 0],
							"uv": {
								"north": {"uv": [32, 32], "uv_size": [0, 0]},
								"east": {"uv": [32, 32], "uv_size": [0, 0]},
								"south": {"uv": [32, 32], "uv_size": [0, 0]},
								"west": {"uv": [17, 0], "uv_size": [5, 1.25]},
								"up": {"uv": [32, 32], "uv_size": [0, 0]},
								"down": {"uv": [32, 32], "uv_size": [0, 0]}
							}
						},
						{
							"origin": [-2.62247, 1.125, -22.29953],
							"size": [0, 1.25, 3.0625],
							"pivot": [-2.62247, 1.625, -20.76828],
							"rotation": [0, -7.5, 0],
							"uv": {
								"north": {"uv": [32, 32], "uv_size": [0, 0]},
								"east": {"uv": [20.75, 0], "uv_size": [-3.75, 1.25]},
								"south": {"uv": [32, 32], "uv_size": [0, 0]},
								"west": {"uv": [32, 32], "uv_size": [0, 0]},
								"up": {"uv": [32, 32], "uv_size": [0, 0]},
								"down": {"uv": [32, 32], "uv_size": [0, 0]}
							}
						},
						{
							"origin": [2.62247, 1.125, -22.29953],
							"size": [0, 1.25, 3.0625],
							"pivot": [2.62247, 1.625, -20.76828],
							"rotation": [0, 7.5, 0],
							"uv": {
								"north": {"uv": [32, 32], "uv_size": [0, 0]},
								"east": {"uv": [32, 32], "uv_size": [0, 0]},
								"south": {"uv": [32, 32], "uv_size": [0, 0]},
								"west": {"uv": [17, 0], "uv_size": [3.75, 1.25]},
								"up": {"uv": [32, 32], "uv_size": [0, 0]},
								"down": {"uv": [32, 32], "uv_size": [0, 0]}
							}
						},
						{
							"origin": [-2.4226, 1.125, -22.28643],
							"size": [2.4375, 1.25, 0],
							"uv": {
								"north": {"uv": [19.5, 0], "uv_size": [-2.5, 1.25]},
								"east": {"uv": [32, 32], "uv_size": [0, 0]},
								"south": {"uv": [32, 32], "uv_size": [0, 0]},
								"west": {"uv": [32, 32], "uv_size": [0, 0]},
								"up": {"uv": [32, 32], "uv_size": [0, 0]},
								"down": {"uv": [32, 32], "uv_size": [0, 0]}
							}
						},
						{
							"origin": [-0.0149, 1.125, -22.28643],
							"size": [2.4375, 1.25, 0],
							"uv": {
								"north": {"uv": [17, 0], "uv_size": [2.5, 1.25]},
								"east": {"uv": [32, 32], "uv_size": [0, 0]},
								"south": {"uv": [32, 32], "uv_size": [0, 0]},
								"west": {"uv": [32, 32], "uv_size": [0, 0]},
								"up": {"uv": [32, 32], "uv_size": [0, 0]},
								"down": {"uv": [32, 32], "uv_size": [0, 0]}
							}
						},
						{
							"origin": [2.5, 2.75, -22],
							"size": [11, 3, 0],
							"pivot": [2.5, 4.25, -22],
							"rotation": [0, -20, 0],
							"uv": {
								"north": {"uv": [7.5, 11.25], "uv_size": [4.5, 1]},
								"east": {"uv": [32, 32], "uv_size": [0, 0]},
								"south": {"uv": [32, 32], "uv_size": [0, 0]},
								"west": {"uv": [32, 32], "uv_size": [0, 0]},
								"up": {"uv": [32, 32], "uv_size": [0, 0]},
								"down": {"uv": [32, 32], "uv_size": [0, 0]}
							}
						},
						{
							"origin": [-13.5, 2.75, -22],
							"size": [11, 3, 0],
							"pivot": [-2.5, 4.25, -22],
							"rotation": [0, 20, 0],
							"uv": {
								"north": {"uv": [12, 11.25], "uv_size": [-4.5, 1]},
								"east": {"uv": [32, 32], "uv_size": [0, 0]},
								"south": {"uv": [32, 32], "uv_size": [0, 0]},
								"west": {"uv": [32, 32], "uv_size": [0, 0]},
								"up": {"uv": [32, 32], "uv_size": [0, 0]},
								"down": {"uv": [32, 32], "uv_size": [0, 0]}
							}
						}
					]
				},
				{
					"name": "jaw2",
					"parent": "headDragon",
					"pivot": [0, 0.5, -14.5],
					"cubes": [
						{
							"origin": [0.8712, -1.44374, -24.20896],
							"size": [0.5, 0, 1.875],
							"pivot": [1.125, -1.44374, -22.47805],
							"rotation": [70.2803, -3.4049, -9.408],
							"uv": {
								"north": {"uv": [15, 0], "uv_size": [2, 2]},
								"east": {"uv": [15, 0], "uv_size": [2, 2]},
								"south": {"uv": [15, 0], "uv_size": [2, 2]},
								"west": {"uv": [15, 0], "uv_size": [2, 2]},
								"up": {"uv": [17, 2], "uv_size": [-2, -2]},
								"down": {"uv": [17, 2], "uv_size": [-2, -2]}
							}
						},
						{
							"origin": [-1.3712, -1.44374, -24.20896],
							"size": [0.5, 0, 1.875],
							"pivot": [-1.125, -1.44374, -22.47805],
							"rotation": [70.2803, 3.4049, 9.408],
							"uv": {
								"north": {"uv": [15, 0], "uv_size": [2, 2]},
								"east": {"uv": [15, 0], "uv_size": [2, 2]},
								"south": {"uv": [15, 0], "uv_size": [2, 2]},
								"west": {"uv": [15, 0], "uv_size": [2, 2]},
								"up": {"uv": [17, 2], "uv_size": [-2, -2]},
								"down": {"uv": [17, 2], "uv_size": [-2, -2]}
							}
						},
						{
							"origin": [-0.25, -1.44374, -24.41555],
							"size": [0.5, 0, 1.875],
							"pivot": [0, -1.44374, -22.47805],
							"rotation": [70, 0, 0],
							"uv": {
								"north": {"uv": [15, 0], "uv_size": [2, 2]},
								"east": {"uv": [15, 0], "uv_size": [2, 2]},
								"south": {"uv": [15, 0], "uv_size": [2, 2]},
								"west": {"uv": [15, 0], "uv_size": [2, 2]},
								"up": {"uv": [17, 2], "uv_size": [-2, -2]},
								"down": {"uv": [17, 2], "uv_size": [-2, -2]}
							}
						},
						{
							"origin": [-2.3712, -1.06874, -24.08396],
							"size": [0.5, 0, 1.875],
							"pivot": [-2.125, -1.06874, -22.35305],
							"rotation": [70.8569, 5.9032, 16.5037],
							"uv": {
								"north": {"uv": [15, 0], "uv_size": [2, 2]},
								"east": {"uv": [15, 0], "uv_size": [2, 2]},
								"south": {"uv": [15, 0], "uv_size": [2, 2]},
								"west": {"uv": [15, 0], "uv_size": [2, 2]},
								"up": {"uv": [17, 2], "uv_size": [-2, -2]},
								"down": {"uv": [17, 2], "uv_size": [-2, -2]}
							}
						},
						{
							"origin": [1.8712, -1.06874, -24.08396],
							"size": [0.5, 0, 1.875],
							"pivot": [2.125, -1.06874, -22.35305],
							"rotation": [70.8569, -5.9032, -16.5037],
							"uv": {
								"north": {"uv": [15, 0], "uv_size": [2, 2]},
								"east": {"uv": [15, 0], "uv_size": [2, 2]},
								"south": {"uv": [15, 0], "uv_size": [2, 2]},
								"west": {"uv": [15, 0], "uv_size": [2, 2]},
								"up": {"uv": [17, 2], "uv_size": [-2, -2]},
								"down": {"uv": [17, 2], "uv_size": [-2, -2]}
							}
						},
						{
							"origin": [6.58579, 0.5, -10.65533],
							"size": [0, 0.5, 1.5],
							"pivot": [6.625, 0.75, -10.625],
							"rotation": [-10, 45, 0],
							"uv": {
								"north": {"uv": [15, 0], "uv_size": [2, 2]},
								"east": {"uv": [15, 0], "uv_size": [2, 2]},
								"south": {"uv": [15, 0], "uv_size": [2, 2]},
								"west": {"uv": [15, 0], "uv_size": [2, 2]},
								"up": {"uv": [17, 2], "uv_size": [-2, -2]},
								"down": {"uv": [17, 2], "uv_size": [-2, -2]}
							}
						},
						{
							"origin": [-6.58579, 0.5, -10.65533],
							"size": [0, 0.5, 1.5],
							"pivot": [-6.625, 0.75, -10.625],
							"rotation": [-10, -45, 0],
							"uv": {
								"north": {"uv": [17, 0], "uv_size": [-2, 2]},
								"east": {"uv": [17, 0], "uv_size": [-2, 2]},
								"south": {"uv": [17, 0], "uv_size": [-2, 2]},
								"west": {"uv": [17, 0], "uv_size": [-2, 2]},
								"up": {"uv": [15, 2], "uv_size": [2, -2]},
								"down": {"uv": [15, 2], "uv_size": [2, -2]}
							}
						},
						{
							"origin": [6.58579, 3, -10.65533],
							"size": [0, 0.5, 1.5],
							"pivot": [6.625, 3.25, -10.625],
							"rotation": [10, 45, 0],
							"uv": {
								"north": {"uv": [15, 0], "uv_size": [2, 2]},
								"east": {"uv": [15, 0], "uv_size": [2, 2]},
								"south": {"uv": [15, 0], "uv_size": [2, 2]},
								"west": {"uv": [15, 0], "uv_size": [2, 2]},
								"up": {"uv": [17, 2], "uv_size": [-2, -2]},
								"down": {"uv": [17, 2], "uv_size": [-2, -2]}
							}
						},
						{
							"origin": [-6.58579, 3, -10.65533],
							"size": [0, 0.5, 1.5],
							"pivot": [-6.625, 3.25, -10.625],
							"rotation": [10, -45, 0],
							"uv": {
								"north": {"uv": [17, 0], "uv_size": [-2, 2]},
								"east": {"uv": [17, 0], "uv_size": [-2, 2]},
								"south": {"uv": [17, 0], "uv_size": [-2, 2]},
								"west": {"uv": [17, 0], "uv_size": [-2, 2]},
								"up": {"uv": [15, 2], "uv_size": [2, -2]},
								"down": {"uv": [15, 2], "uv_size": [2, -2]}
							}
						},
						{
							"origin": [6.58579, 4.25, -10.65533],
							"size": [0, 0.5, 1.5],
							"pivot": [6.625, 4.5, -10.625],
							"rotation": [17.5, 45, 0],
							"uv": {
								"north": {"uv": [15, 0], "uv_size": [2, 2]},
								"east": {"uv": [15, 0], "uv_size": [2, 2]},
								"south": {"uv": [15, 0], "uv_size": [2, 2]},
								"west": {"uv": [15, 0], "uv_size": [2, 2]},
								"up": {"uv": [17, 2], "uv_size": [-2, -2]},
								"down": {"uv": [17, 2], "uv_size": [-2, -2]}
							}
						},
						{
							"origin": [-6.58579, 4.25, -10.65533],
							"size": [0, 0.5, 1.5],
							"pivot": [-6.625, 4.5, -10.625],
							"rotation": [17.5, -45, 0],
							"uv": {
								"north": {"uv": [17, 0], "uv_size": [-2, 2]},
								"east": {"uv": [17, 0], "uv_size": [-2, 2]},
								"south": {"uv": [17, 0], "uv_size": [-2, 2]},
								"west": {"uv": [17, 0], "uv_size": [-2, 2]},
								"up": {"uv": [15, 2], "uv_size": [2, -2]},
								"down": {"uv": [15, 2], "uv_size": [2, -2]}
							}
						},
						{
							"origin": [6.58579, -0.75, -10.65533],
							"size": [0, 0.5, 1.5],
							"pivot": [6.625, -0.5, -10.625],
							"rotation": [-17.5, 45, 0],
							"uv": {
								"north": {"uv": [15, 0], "uv_size": [2, 2]},
								"east": {"uv": [15, 0], "uv_size": [2, 2]},
								"south": {"uv": [15, 0], "uv_size": [2, 2]},
								"west": {"uv": [15, 0], "uv_size": [2, 2]},
								"up": {"uv": [17, 2], "uv_size": [-2, -2]},
								"down": {"uv": [17, 2], "uv_size": [-2, -2]}
							}
						},
						{
							"origin": [-6.58579, -0.75, -10.65533],
							"size": [0, 0.5, 1.5],
							"pivot": [-6.625, -0.5, -10.625],
							"rotation": [-17.5, -45, 0],
							"uv": {
								"north": {"uv": [17, 0], "uv_size": [-2, 2]},
								"east": {"uv": [17, 0], "uv_size": [-2, 2]},
								"south": {"uv": [17, 0], "uv_size": [-2, 2]},
								"west": {"uv": [17, 0], "uv_size": [-2, 2]},
								"up": {"uv": [15, 2], "uv_size": [2, -2]},
								"down": {"uv": [15, 2], "uv_size": [2, -2]}
							}
						},
						{
							"origin": [-2.79708, -1.49, -22.3158],
							"size": [3, 2.5, 9],
							"pivot": [-1.04708, -0.24, -18.3158],
							"rotation": [0, -7.5, 0],
							"uv": {
								"north": {"uv": [11, 0], "uv_size": [2, 2]},
								"east": {"uv": [11, 0], "uv_size": [2, 2]},
								"south": {"uv": [11, 0], "uv_size": [2, 2]},
								"west": {"uv": [11, 0], "uv_size": [2, 2]},
								"up": {"uv": [19.625, 2], "uv_size": [-1, 4.375]},
								"down": {"uv": [11, 2], "uv_size": [2, -2]}
							}
						},
						{
							"origin": [-0.20292, -1.49, -22.3158],
							"size": [3, 2.5, 9],
							"pivot": [1.04708, -0.24, -18.3158],
							"rotation": [0, 7.5, 0],
							"uv": {
								"north": {"uv": [13, 0], "uv_size": [-2, 2]},
								"east": {"uv": [13, 0], "uv_size": [-2, 2]},
								"south": {"uv": [13, 0], "uv_size": [-2, 2]},
								"west": {"uv": [13, 0], "uv_size": [-2, 2]},
								"up": {"uv": [18.625, 2], "uv_size": [1, 4.375]},
								"down": {"uv": [13, 2], "uv_size": [-2, -2]}
							}
						},
						{
							"origin": [-2.25, -1.5, -22.5],
							"size": [4.5, 2.5, 9],
							"inflate": 0.02,
							"uv": {
								"north": {"uv": [11, 0], "uv_size": [2, 2]},
								"east": {"uv": [11, 0], "uv_size": [2, 2]},
								"south": {"uv": [11, 0], "uv_size": [2, 2]},
								"west": {"uv": [11, 0], "uv_size": [2, 2]},
								"up": {"uv": [19.375, 2], "uv_size": [-1.75, 4.5]},
								"down": {"uv": [13, 2], "uv_size": [-2, -2]}
							}
						},
						{
							"origin": [-2.42111, 0.5, -21.88244],
							"size": [0, 1.25, 2.675],
							"pivot": [-2.42111, 1.125, -20.38244],
							"rotation": [0, -7.5, 0],
							"uv": {
								"north": {"uv": [32, 32], "uv_size": [0, 0]},
								"east": {"uv": [17, 1.25], "uv_size": [3, -1.25]},
								"south": {"uv": [32, 32], "uv_size": [0, 0]},
								"west": {"uv": [32, 32], "uv_size": [0, 0]},
								"up": {"uv": [32, 32], "uv_size": [0, 0]},
								"down": {"uv": [32, 32], "uv_size": [0, 0]}
							}
						},
						{
							"origin": [2.42111, 0.5, -21.88244],
							"size": [0, 1.25, 2.675],
							"pivot": [2.42111, 1.125, -20.38244],
							"rotation": [0, 7.5, 0],
							"uv": {
								"north": {"uv": [32, 32], "uv_size": [0, 0]},
								"east": {"uv": [32, 32], "uv_size": [0, 0]},
								"south": {"uv": [32, 32], "uv_size": [0, 0]},
								"west": {"uv": [20, 1.25], "uv_size": [-3, -1.25]},
								"up": {"uv": [32, 32], "uv_size": [0, 0]},
								"down": {"uv": [32, 32], "uv_size": [0, 0]}
							}
						},
						{
							"origin": [-2.90079, 0.5, -19.23888],
							"size": [0, 1.25, 5],
							"pivot": [-2.90079, 1.125, -16.73888],
							"rotation": [0, -7.5, 0],
							"uv": {
								"north": {"uv": [32, 32], "uv_size": [0, 0]},
								"east": {"uv": [17, 1.25], "uv_size": [5, -1.25]},
								"south": {"uv": [32, 32], "uv_size": [0, 0]},
								"west": {"uv": [32, 32], "uv_size": [0, 0]},
								"up": {"uv": [32, 32], "uv_size": [0, 0]},
								"down": {"uv": [32, 32], "uv_size": [0, 0]}
							}
						},
						{
							"origin": [2.90079, 0.5, -19.23888],
							"size": [0, 1.25, 5],
							"pivot": [2.90079, 1.125, -16.73888],
							"rotation": [0, 7.5, 0],
							"uv": {
								"north": {"uv": [32, 32], "uv_size": [0, 0]},
								"east": {"uv": [32, 32], "uv_size": [0, 0]},
								"south": {"uv": [32, 32], "uv_size": [0, 0]},
								"west": {"uv": [22, 1.25], "uv_size": [-5, -1.25]},
								"up": {"uv": [32, 32], "uv_size": [0, 0]},
								"down": {"uv": [32, 32], "uv_size": [0, 0]}
							}
						},
						{
							"origin": [3.22302, 0.5, -14.51001],
							"size": [0, 1.25, 0.4375],
							"pivot": [3.22302, 1.125, -14.29126],
							"rotation": [0, 7.5, 0],
							"uv": {
								"north": {"uv": [32, 32], "uv_size": [0, 0]},
								"east": {"uv": [32, 32], "uv_size": [0, 0]},
								"south": {"uv": [32, 32], "uv_size": [0, 0]},
								"west": {"uv": [22.5, 1.2], "uv_size": [0.5, -1.2]},
								"up": {"uv": [32, 32], "uv_size": [0, 0]},
								"down": {"uv": [32, 32], "uv_size": [0, 0]}
							}
						},
						{
							"origin": [-2.2351, 0.5, -21.8802],
							"size": [2.3125, 1.25, 0],
							"uv": {
								"north": {"uv": [20.25, 1.25], "uv_size": [-3, -1.25]},
								"east": {"uv": [32, 32], "uv_size": [0, 0]},
								"south": {"uv": [32, 32], "uv_size": [0, 0]},
								"west": {"uv": [32, 32], "uv_size": [0, 0]},
								"up": {"uv": [32, 32], "uv_size": [0, 0]},
								"down": {"uv": [32, 32], "uv_size": [0, 0]}
							}
						},
						{
							"origin": [-0.0774, 0.5, -21.8802],
							"size": [2.3125, 1.25, 0],
							"uv": {
								"north": {"uv": [17.25, 1.25], "uv_size": [3, -1.25]},
								"east": {"uv": [32, 32], "uv_size": [0, 0]},
								"south": {"uv": [32, 32], "uv_size": [0, 0]},
								"west": {"uv": [32, 32], "uv_size": [0, 0]},
								"up": {"uv": [32, 32], "uv_size": [0, 0]},
								"down": {"uv": [32, 32], "uv_size": [0, 0]}
							}
						}
					]
				},
				{
					"name": "rightHorn",
					"parent": "headDragon",
					"pivot": [-3.58771, 14.09228, -5.83251],
					"cubes": [
						{
							"origin": [-9.13675, 10.78873, -9.23925],
							"size": [5.5732, 1.4096, 1.5732],
							"pivot": [-4.35015, 9.49353, -8.45265],
							"rotation": [-5.85462, 31.55862, 71.9385],
							"uv": {
								"north": {"uv": [9.125, 2.125], "uv_size": [1.75, 1.75]},
								"east": {"uv": [9.125, 2.125], "uv_size": [1.75, 1.75]},
								"south": {"uv": [9.125, 2.125], "uv_size": [1.75, 1.75]},
								"west": {"uv": [9.125, 2.125], "uv_size": [1.75, 1.75]},
								"up": {"uv": [10.875, 2.375], "uv_size": [-1.75, -0.25]},
								"down": {"uv": [10.875, 3.875], "uv_size": [-1.75, -0.25]}
							}
						},
						{
							"origin": [-6.61848, 15.16683, -5.29577],
							"size": [5.54002, 1.20431, 1.29002],
							"pivot": [-3.84847, 15.76898, -4.65076],
							"rotation": [0.35717, 32.0401, 83.69678],
							"uv": {
								"north": {"uv": [9.125, 2.125], "uv_size": [1.75, 1.75]},
								"east": {"uv": [9.125, 2.125], "uv_size": [1.75, 1.75]},
								"south": {"uv": [9.125, 2.125], "uv_size": [1.75, 1.75]},
								"west": {"uv": [9.125, 2.125], "uv_size": [1.75, 1.75]},
								"up": {"uv": [10.875, 2.375], "uv_size": [-1.75, -0.25]},
								"down": {"uv": [10.875, 3.875], "uv_size": [-1.75, -0.25]}
							}
						},
						{
							"origin": [-7.09915, 11.86453, -6.375],
							"size": [4.29002, 1.45431, 1.29002],
							"inflate": 0.1,
							"pivot": [-2.84847, 14.01898, -5.90076],
							"rotation": [-23.66007, 22.26343, 33.87407],
							"uv": {
								"north": {"uv": [9.125, 2.125], "uv_size": [1.75, 1.75]},
								"east": {"uv": [9.125, 2.125], "uv_size": [1.75, 1.75]},
								"south": {"uv": [9.125, 2.125], "uv_size": [1.75, 1.75]},
								"west": {"uv": [9.125, 2.125], "uv_size": [1.75, 1.75]},
								"up": {"uv": [10.875, 2.375], "uv_size": [-1.75, -0.25]},
								"down": {"uv": [10.875, 3.875], "uv_size": [-1.75, -0.25]}
							}
						},
						{
							"origin": [-10.12397, 14.6289, -5.23247],
							"size": [3.79002, 1.20431, 1.29002],
							"pivot": [-6.97253, 15.27876, -4.50021],
							"rotation": [-2.76734, 31.93484, 77.80227],
							"uv": {
								"north": {"uv": [9.125, 2.125], "uv_size": [1.75, 1.75]},
								"east": {"uv": [9.125, 2.125], "uv_size": [1.75, 1.75]},
								"south": {"uv": [9.125, 2.125], "uv_size": [1.75, 1.75]},
								"west": {"uv": [9.125, 2.125], "uv_size": [1.75, 1.75]},
								"up": {"uv": [10.875, 2.375], "uv_size": [-1.75, -0.25]},
								"down": {"uv": [10.875, 3.875], "uv_size": [-1.75, -0.25]}
							}
						},
						{
							"origin": [-5.77221, 18.75599, -2.98919],
							"size": [4.20358, 0.9536, 0.95358],
							"pivot": [-3.67042, 19.23279, -2.5124],
							"rotation": [9.5369, 30.73501, 101.22092],
							"uv": {
								"north": {"uv": [9.125, 2.125], "uv_size": [1.75, 1.75]},
								"east": {"uv": [9.125, 2.125], "uv_size": [1.75, 1.75]},
								"south": {"uv": [9.125, 2.125], "uv_size": [1.75, 1.75]},
								"west": {"uv": [9.125, 2.125], "uv_size": [1.75, 1.75]},
								"up": {"uv": [10.875, 2.375], "uv_size": [-1.75, -0.25]},
								"down": {"uv": [10.875, 3.875], "uv_size": [-1.75, -0.25]}
							}
						},
						{
							"origin": [-3.40172, 8.79635, -9.32911],
							"size": [2.1098, 2.2897, 1.9665],
							"pivot": [-2.47182, 9.8162, -8.34586],
							"rotation": [-8.86454, 30.91752, 66.13822],
							"uv": {
								"north": {"uv": [9.125, 2.125], "uv_size": [1.75, 1.75]},
								"east": {"uv": [9.125, 2.125], "uv_size": [1.75, 1.75]},
								"south": {"uv": [9.125, 2.125], "uv_size": [1.75, 1.75]},
								"west": {"uv": [9.125, 2.125], "uv_size": [1.75, 1.75]},
								"up": {"uv": [10.875, 2.375], "uv_size": [-1.75, -0.25]},
								"down": {"uv": [10.875, 3.875], "uv_size": [-1.75, -0.25]}
							}
						},
						{
							"origin": [-2.3635, 6.39797, -10.3371],
							"size": [2.3898, 2.9197, 1.9965],
							"inflate": 0.1,
							"pivot": [-1.25987, 6.88918, -9.15649],
							"rotation": [-13.41162, -8.88714, -21.44397],
							"uv": {
								"north": {"uv": [15, 0], "uv_size": [2, 2]},
								"east": {"uv": [15, 0], "uv_size": [2, 2]},
								"south": {"uv": [15, 0], "uv_size": [2, 2]},
								"west": {"uv": [15, 0], "uv_size": [2, 2]},
								"up": {"uv": [17, 2], "uv_size": [-2, -2]},
								"down": {"uv": [17, 2], "uv_size": [-2, -2]}
							}
						}
					]
				},
				{
					"name": "leftHorn",
					"parent": "headDragon",
					"pivot": [3.58771, 14.09228, -5.83251],
					"cubes": [
						{
							"origin": [3.56355, 10.78873, -9.23925],
							"size": [5.5732, 1.4096, 1.5732],
							"pivot": [4.35015, 9.49353, -8.45265],
							"rotation": [-5.85462, -31.55862, -71.9385],
							"uv": {
								"north": {"uv": [10.875, 2.125], "uv_size": [-1.75, 1.75]},
								"east": {"uv": [10.875, 2.125], "uv_size": [-1.75, 1.75]},
								"south": {"uv": [10.875, 2.125], "uv_size": [-1.75, 1.75]},
								"west": {"uv": [10.875, 2.125], "uv_size": [-1.75, 1.75]},
								"up": {"uv": [9.125, 2.375], "uv_size": [1.75, -0.25]},
								"down": {"uv": [9.125, 3.875], "uv_size": [1.75, -0.25]}
							}
						},
						{
							"origin": [1.07845, 15.16683, -5.29577],
							"size": [5.54002, 1.20431, 1.29002],
							"pivot": [3.84847, 15.76898, -4.65076],
							"rotation": [0.35717, -32.0401, -83.69678],
							"uv": {
								"north": {"uv": [10.875, 2.125], "uv_size": [-1.75, 1.75]},
								"east": {"uv": [10.875, 2.125], "uv_size": [-1.75, 1.75]},
								"south": {"uv": [10.875, 2.125], "uv_size": [-1.75, 1.75]},
								"west": {"uv": [10.875, 2.125], "uv_size": [-1.75, 1.75]},
								"up": {"uv": [9.125, 2.375], "uv_size": [1.75, -0.25]},
								"down": {"uv": [9.125, 3.875], "uv_size": [1.75, -0.25]}
							}
						},
						{
							"origin": [2.80913, 11.86453, -6.375],
							"size": [4.29002, 1.45431, 1.29002],
							"inflate": 0.1,
							"pivot": [2.84847, 14.01898, -5.90076],
							"rotation": [-23.66007, -22.26343, -33.87407],
							"uv": {
								"north": {"uv": [10.875, 2.125], "uv_size": [-1.75, 1.75]},
								"east": {"uv": [10.875, 2.125], "uv_size": [-1.75, 1.75]},
								"south": {"uv": [10.875, 2.125], "uv_size": [-1.75, 1.75]},
								"west": {"uv": [10.875, 2.125], "uv_size": [-1.75, 1.75]},
								"up": {"uv": [9.125, 2.375], "uv_size": [1.75, -0.25]},
								"down": {"uv": [9.125, 3.875], "uv_size": [1.75, -0.25]}
							}
						},
						{
							"origin": [6.33395, 14.6289, -5.23247],
							"size": [3.79002, 1.20431, 1.29002],
							"pivot": [6.97253, 15.27876, -4.50021],
							"rotation": [-2.76734, -31.93484, -77.80227],
							"uv": {
								"north": {"uv": [10.875, 2.125], "uv_size": [-1.75, 1.75]},
								"east": {"uv": [10.875, 2.125], "uv_size": [-1.75, 1.75]},
								"south": {"uv": [10.875, 2.125], "uv_size": [-1.75, 1.75]},
								"west": {"uv": [10.875, 2.125], "uv_size": [-1.75, 1.75]},
								"up": {"uv": [9.125, 2.375], "uv_size": [1.75, -0.25]},
								"down": {"uv": [9.125, 3.875], "uv_size": [1.75, -0.25]}
							}
						},
						{
							"origin": [1.56863, 18.75599, -2.98919],
							"size": [4.20358, 0.9536, 0.95358],
							"pivot": [3.67042, 19.23279, -2.5124],
							"rotation": [9.5369, -30.73501, -101.22092],
							"uv": {
								"north": {"uv": [10.875, 2.125], "uv_size": [-1.75, 1.75]},
								"east": {"uv": [10.875, 2.125], "uv_size": [-1.75, 1.75]},
								"south": {"uv": [10.875, 2.125], "uv_size": [-1.75, 1.75]},
								"west": {"uv": [10.875, 2.125], "uv_size": [-1.75, 1.75]},
								"up": {"uv": [9.125, 2.375], "uv_size": [1.75, -0.25]},
								"down": {"uv": [9.125, 3.875], "uv_size": [1.75, -0.25]}
							}
						},
						{
							"origin": [1.29192, 8.79635, -9.32911],
							"size": [2.1098, 2.2897, 1.9665],
							"pivot": [2.47182, 9.8162, -8.34586],
							"rotation": [-8.86454, -30.91752, -66.13822],
							"uv": {
								"north": {"uv": [10.875, 2.125], "uv_size": [-1.75, 1.75]},
								"east": {"uv": [10.875, 2.125], "uv_size": [-1.75, 1.75]},
								"south": {"uv": [10.875, 2.125], "uv_size": [-1.75, 1.75]},
								"west": {"uv": [10.875, 2.125], "uv_size": [-1.75, 1.75]},
								"up": {"uv": [9.125, 2.375], "uv_size": [1.75, -0.25]},
								"down": {"uv": [9.125, 3.875], "uv_size": [1.75, -0.25]}
							}
						},
						{
							"origin": [-0.0263, 6.39797, -10.3371],
							"size": [2.3898, 2.9197, 1.9965],
							"inflate": 0.1,
							"pivot": [1.25987, 6.88918, -9.15649],
							"rotation": [-13.41162, 8.88714, 21.44397],
							"uv": {
								"north": {"uv": [17, 0], "uv_size": [-2, 2]},
								"east": {"uv": [17, 0], "uv_size": [-2, 2]},
								"south": {"uv": [17, 0], "uv_size": [-2, 2]},
								"west": {"uv": [17, 0], "uv_size": [-2, 2]},
								"up": {"uv": [15, 2], "uv_size": [2, -2]},
								"down": {"uv": [15, 2], "uv_size": [2, -2]}
							}
						}
					]
				},
				{
					"name": "Beard",
					"parent": "headDragon",
					"pivot": [-4.75, -1, -8.75],
					"cubes": [
						{
							"origin": [-6, -3, -8.5],
							"size": [5, 10, 0],
							"pivot": [-4.69157, 2.84805, -6.60158],
							"rotation": [10, 0, 0],
							"uv": {
								"north": {"uv": [13.5, 4.25], "uv_size": [3, 5.5]},
								"east": {"uv": [28, 3.8], "uv_size": [0, 4]},
								"south": {"uv": [30, 3.8], "uv_size": [2, 4]},
								"west": {"uv": [30, 3.8], "uv_size": [0, 4]},
								"up": {"uv": [28, 3.8], "uv_size": [2, 0]},
								"down": {"uv": [30, 3.8], "uv_size": [2, 0]}
							}
						},
						{
							"origin": [-9.7, -3.53162, -8.15712],
							"size": [11, 15.5, 0],
							"pivot": [-4.69157, 2.84805, -6.60158],
							"rotation": [-7.5, 0, 0],
							"uv": {
								"north": {"uv": [13.5, 4.25], "uv_size": [3, 5.5]},
								"east": {"uv": [28, 3.8], "uv_size": [0, 4]},
								"south": {"uv": [30, 3.8], "uv_size": [2, 4]},
								"west": {"uv": [30, 3.8], "uv_size": [0, 4]},
								"up": {"uv": [28, 3.8], "uv_size": [2, 0]},
								"down": {"uv": [30, 3.8], "uv_size": [2, 0]}
							}
						},
						{
							"origin": [-7.28239, -5.93161, -6.82405],
							"size": [6.7, 13.4, 0],
							"pivot": [-4.69157, 2.84805, -6.60158],
							"rotation": [-10.54684, 44.5119, -7.43656],
							"uv": {
								"north": {"uv": [13.5, 4.25], "uv_size": [3, 5.5]},
								"east": {"uv": [28, 3.8], "uv_size": [0, 4]},
								"south": {"uv": [30, 3.8], "uv_size": [2, 4]},
								"west": {"uv": [30, 3.8], "uv_size": [0, 4]},
								"up": {"uv": [28, 3.8], "uv_size": [2, 0]},
								"down": {"uv": [30, 3.8], "uv_size": [2, 0]}
							}
						},
						{
							"origin": [-14.38338, -9.30009, -5.72507],
							"size": [14.08, 23.16, 0],
							"pivot": [-4.69157, 2.84805, -6.60158],
							"rotation": [-22.32247, 40.52104, -21.89469],
							"uv": {
								"north": {"uv": [13.5, 4.25], "uv_size": [3, 5.5]},
								"east": {"uv": [28, 3.8], "uv_size": [0, 4]},
								"south": {"uv": [30, 3.8], "uv_size": [2, 4]},
								"west": {"uv": [30, 3.8], "uv_size": [0, 4]},
								"up": {"uv": [28, 3.8], "uv_size": [2, 0]},
								"down": {"uv": [30, 3.8], "uv_size": [2, 0]}
							}
						},
						{
							"origin": [0.30338, -9.30009, -5.72507],
							"size": [14.08, 23.16, 0],
							"pivot": [4.69157, 2.84805, -6.60158],
							"rotation": [-22.3225, -40.521, 21.8947],
							"uv": {
								"north": {"uv": [16.5, 4.25], "uv_size": [-3, 5.5]},
								"east": {"uv": [30, 3.8], "uv_size": [0, 4]},
								"south": {"uv": [32, 3.8], "uv_size": [-2, 4]},
								"west": {"uv": [28, 3.8], "uv_size": [0, 4]},
								"up": {"uv": [30, 3.8], "uv_size": [-2, 0]},
								"down": {"uv": [32, 3.8], "uv_size": [-2, 0]}
							}
						},
						{
							"origin": [0.58239, -5.93161, -6.82405],
							"size": [6.7, 13.4, 0],
							"pivot": [4.69157, 2.84805, -6.60158],
							"rotation": [-10.5468, -44.5119, 7.4366],
							"uv": {
								"north": {"uv": [16.5, 4.25], "uv_size": [-3, 5.5]},
								"east": {"uv": [30, 3.8], "uv_size": [0, 4]},
								"south": {"uv": [32, 3.8], "uv_size": [-2, 4]},
								"west": {"uv": [28, 3.8], "uv_size": [0, 4]},
								"up": {"uv": [30, 3.8], "uv_size": [-2, 0]},
								"down": {"uv": [32, 3.8], "uv_size": [-2, 0]}
							}
						},
						{
							"origin": [-1.3, -3.53162, -8.15712],
							"size": [11, 15.5, 0],
							"pivot": [4.69157, 2.84805, -6.60158],
							"rotation": [-7.5, 0, 0],
							"uv": {
								"north": {"uv": [16.5, 4.25], "uv_size": [-3, 5.5]},
								"east": {"uv": [30, 3.8], "uv_size": [0, 4]},
								"south": {"uv": [32, 3.8], "uv_size": [-2, 4]},
								"west": {"uv": [28, 3.8], "uv_size": [0, 4]},
								"up": {"uv": [30, 3.8], "uv_size": [-2, 0]},
								"down": {"uv": [32, 3.8], "uv_size": [-2, 0]}
							}
						},
						{
							"origin": [1, -3, -8.5],
							"size": [5, 10, 0],
							"pivot": [4.69157, 2.84805, -6.60158],
							"rotation": [10, 0, 0],
							"uv": {
								"north": {"uv": [16.5, 4.25], "uv_size": [-3, 5.5]},
								"east": {"uv": [30, 3.8], "uv_size": [0, 4]},
								"south": {"uv": [32, 3.8], "uv_size": [-2, 4]},
								"west": {"uv": [28, 3.8], "uv_size": [0, 4]},
								"up": {"uv": [30, 3.8], "uv_size": [-2, 0]},
								"down": {"uv": [32, 3.8], "uv_size": [-2, 0]}
							}
						}
					]
				},
				{
					"name": "bodyDragon1",
					"parent": "bodyDragon",
					"pivot": [0, 3, -8],
					"cubes": [
						{
							"origin": [-4, -0.5, -8],
							"size": [8, 7, 13.5],
							"uv": {
								"north": {"uv": [5, 2], "uv_size": [2, 2]},
								"east": {"uv": [3, 2], "uv_size": [6, 2]},
								"south": {"uv": [5, 2], "uv_size": [2, 2]},
								"west": {"uv": [9, 2], "uv_size": [-6, 2]},
								"up": {"uv": [3, 0], "uv_size": [-3, 4]},
								"down": {"uv": [0, 6], "uv_size": [3, 6]}
							}
						},
						{
							"origin": [-4.5, -1, 5.5],
							"size": [9, 8, 6.5],
							"uv": {
								"north": {"uv": [5, 2], "uv_size": [2, 2]},
								"east": {"uv": [5, 2], "uv_size": [2, 2]},
								"south": {"uv": [5, 2], "uv_size": [2, 2]},
								"west": {"uv": [7, 2], "uv_size": [-2, 2]},
								"up": {"uv": [3, 0], "uv_size": [-3, 2]},
								"down": {"uv": [0, 6], "uv_size": [3, 2]}
							}
						},
						{
							"origin": [0, 6.5, -8],
							"size": [0, 3, 20],
							"uv": {
								"north": {"uv": [32, 32], "uv_size": [0, 0]},
								"east": {"uv": [22, 0], "uv_size": [5, 1]},
								"south": {"uv": [32, 32], "uv_size": [0, 0]},
								"west": {"uv": [27, 0], "uv_size": [-5, 1]},
								"up": {"uv": [32, 32], "uv_size": [0, 0]},
								"down": {"uv": [32, 32], "uv_size": [0, 0]}
							}
						}
					]
				},
				{
					"name": "bodyDragon2",
					"parent": "bodyDragon1",
					"pivot": [0, 4.5, 12],
					"cubes": [
						{
							"origin": [-13.725, -11.55, 16.5],
							"size": [18, 26, 0],
							"pivot": [-5.725, 3.075, 16.5],
							"rotation": [90, 0, 90],
							"uv": {
								"north": {"uv": [21.75, 18], "uv_size": [8, 12]},
								"east": {"uv": [32, 32], "uv_size": [0, 0]},
								"south": {"uv": [32, 32], "uv_size": [0, 0]},
								"west": {"uv": [32, 32], "uv_size": [0, 0]},
								"up": {"uv": [32, 32], "uv_size": [0, 0]},
								"down": {"uv": [32, 32], "uv_size": [0, 0]}
							}
						},
						{
							"origin": [-4.275, -11.55, 16.5],
							"size": [18, 26, 0],
							"pivot": [5.725, 3.075, 16.5],
							"rotation": [90, 0, -90],
							"uv": {
								"north": {"uv": [29.75, 18], "uv_size": [-8, 12]},
								"east": {"uv": [32, 32], "uv_size": [0, 0]},
								"south": {"uv": [32, 32], "uv_size": [0, 0]},
								"west": {"uv": [32, 32], "uv_size": [0, 0]},
								"up": {"uv": [32, 32], "uv_size": [0, 0]},
								"down": {"uv": [32, 32], "uv_size": [0, 0]}
							}
						},
						{
							"origin": [-5.5, -1.5, 12],
							"size": [11, 9, 24],
							"uv": {
								"north": {"uv": [5, 2], "uv_size": [2, 2]},
								"east": {"uv": [3, 2], "uv_size": [6, 2]},
								"south": {"uv": [5, 2], "uv_size": [2, 2]},
								"west": {"uv": [9, 2], "uv_size": [-6, 2]},
								"up": {"uv": [3, 0], "uv_size": [-3, 6]},
								"down": {"uv": [0, 6], "uv_size": [3, 6]}
							}
						},
						{
							"origin": [0, 7.5, 12],
							"size": [0, 3, 24],
							"uv": {
								"north": {"uv": [32, 32], "uv_size": [0, 0]},
								"east": {"uv": [22, 0], "uv_size": [5, 1]},
								"south": {"uv": [32, 32], "uv_size": [0, 0]},
								"west": {"uv": [27, 0], "uv_size": [-5, 1]},
								"up": {"uv": [32, 32], "uv_size": [0, 0]},
								"down": {"uv": [32, 32], "uv_size": [0, 0]}
							}
						}
					]
				},
				{
					"name": "rightADragon",
					"parent": "bodyDragon2",
					"pivot": [-5.5, 2.5, 23.25]
				},
				{
					"name": "rightArmDragon",
					"parent": "rightADragon",
					"pivot": [-5.5, 3.75, 23.25],
					"cubes": [
						{
							"origin": [-18, -0.45, 20.55],
							"size": [12.8, 5.4, 5.4],
							"uv": {
								"north": {"uv": [6, 0], "uv_size": [3, 2]},
								"east": {"uv": [13, 0], "uv_size": [2, 2]},
								"south": {"uv": [9, 2], "uv_size": [-3, -2]},
								"west": {"uv": [13, 0], "uv_size": [2, 2]},
								"up": {"uv": [6, 2], "uv_size": [3, -2]},
								"down": {"uv": [6, 2], "uv_size": [3, -2]}
							}
						}
					]
				},
				{
					"name": "rightForeArmDragon",
					"parent": "rightArmDragon",
					"pivot": [-18.2, 2.25, 23.4],
					"cubes": [
						{
							"origin": [-31.9, 1.1, 21.95],
							"size": [5.75, 2.3, 2.6],
							"inflate": 0.2,
							"uv": {
								"north": {"uv": [7, 0], "uv_size": [2, 1.5]},
								"east": {"uv": [13, 0], "uv_size": [2, 2]},
								"south": {"uv": [7, 0], "uv_size": [2, 1.5]},
								"west": {"uv": [13, 0], "uv_size": [2, 2]},
								"up": {"uv": [9, 1.5], "uv_size": [-2, -1.5]},
								"down": {"uv": [9, 1.5], "uv_size": [-2, -1.5]}
							}
						},
						{
							"origin": [-26.55, 0.45, 21.3],
							"size": [8.55, 3.6, 3.9],
							"uv": {
								"north": {"uv": [6, 0], "uv_size": [3, 2]},
								"east": {"uv": [13, 0], "uv_size": [2, 2]},
								"south": {"uv": [9, 2], "uv_size": [-3, -2]},
								"west": {"uv": [13, 0], "uv_size": [2, 2]},
								"up": {"uv": [6, 2], "uv_size": [3, -2]},
								"down": {"uv": [6, 2], "uv_size": [3, -2]}
							}
						}
					]
				},
				{
					"name": "rightHandDragon",
					"parent": "rightForeArmDragon",
					"pivot": [-31.198, 2.27106, 23.36655],
					"cubes": [
						{
							"origin": [-35.37301, 1.31177, 24.24506],
							"size": [4, 1.15, 1.15],
							"inflate": 0.1,
							"pivot": [-32.62301, 1.51177, 25.19507],
							"rotation": [0, 12.5, -12.5],
							"uv": {
								"north": {"uv": [3.25, 4.25], "uv_size": [1, 1]},
								"east": {"uv": [3.25, 4.25], "uv_size": [1, 1]},
								"south": {"uv": [3.25, 4.25], "uv_size": [1, 1]},
								"west": {"uv": [3.25, 4.25], "uv_size": [1, 1]},
								"up": {"uv": [4.25, 5.25], "uv_size": [-1, -1]},
								"down": {"uv": [4.25, 5.25], "uv_size": [-1, -1]}
							}
						},
						{
							"origin": [-37.80947, -0.1791, 25.18911],
							"size": [3.6, 1.05, 1.05],
							"pivot": [-36.00947, -0.0291, 26.08911],
							"rotation": [-5, 12.5, -45],
							"uv": {
								"north": {"uv": [3.25, 4.25], "uv_size": [1, 1]},
								"east": {"uv": [3.25, 4.25], "uv_size": [1, 1]},
								"south": {"uv": [3.25, 4.25], "uv_size": [1, 1]},
								"west": {"uv": [3.25, 4.25], "uv_size": [1, 1]},
								"up": {"uv": [4.25, 5.25], "uv_size": [-1, -1]},
								"down": {"uv": [4.25, 5.25], "uv_size": [-1, -1]}
							}
						},
						{
							"origin": [-35.79857, 1.43545, 22.675],
							"size": [4, 1.15, 1.15],
							"inflate": 0.1,
							"pivot": [-33.04857, 1.63545, 23.25],
							"rotation": [0, 0, -12.5],
							"uv": {
								"north": {"uv": [3.25, 4.25], "uv_size": [1, 1]},
								"east": {"uv": [3.25, 4.25], "uv_size": [1, 1]},
								"south": {"uv": [3.25, 4.25], "uv_size": [1, 1]},
								"west": {"uv": [3.25, 4.25], "uv_size": [1, 1]},
								"up": {"uv": [4.25, 5.25], "uv_size": [-1, -1]},
								"down": {"uv": [4.25, 5.25], "uv_size": [-1, -1]}
							}
						},
						{
							"origin": [-38.31576, -0.12946, 22.725],
							"size": [3.6, 1.05, 1.05],
							"pivot": [-36.51576, 0.02054, 23.25],
							"rotation": [0, 0, -45],
							"uv": {
								"north": {"uv": [3.25, 4.25], "uv_size": [1, 1]},
								"east": {"uv": [3.25, 4.25], "uv_size": [1, 1]},
								"south": {"uv": [3.25, 4.25], "uv_size": [1, 1]},
								"west": {"uv": [3.25, 4.25], "uv_size": [1, 1]},
								"up": {"uv": [4.25, 5.25], "uv_size": [-1, -1]},
								"down": {"uv": [4.25, 5.25], "uv_size": [-1, -1]}
							}
						},
						{
							"origin": [-35.37301, 1.31177, 21.10494],
							"size": [4, 1.15, 1.15],
							"inflate": 0.1,
							"pivot": [-32.62301, 1.51177, 21.30494],
							"rotation": [0, -12.5, -12.5],
							"uv": {
								"north": {"uv": [3.25, 4.25], "uv_size": [1, 1]},
								"east": {"uv": [3.25, 4.25], "uv_size": [1, 1]},
								"south": {"uv": [3.25, 4.25], "uv_size": [1, 1]},
								"west": {"uv": [3.25, 4.25], "uv_size": [1, 1]},
								"up": {"uv": [4.25, 5.25], "uv_size": [-1, -1]},
								"down": {"uv": [4.25, 5.25], "uv_size": [-1, -1]}
							}
						},
						{
							"origin": [-37.77515, -0.24039, 20.34689],
							"size": [3.6, 1.05, 1.05],
							"pivot": [-35.97515, -0.09039, 20.49689],
							"rotation": [10, -12.5, -45],
							"uv": {
								"north": {"uv": [3.25, 4.25], "uv_size": [1, 1]},
								"east": {"uv": [3.25, 4.25], "uv_size": [1, 1]},
								"south": {"uv": [3.25, 4.25], "uv_size": [1, 1]},
								"west": {"uv": [3.25, 4.25], "uv_size": [1, 1]},
								"up": {"uv": [4.25, 5.25], "uv_size": [-1, -1]},
								"down": {"uv": [4.25, 5.25], "uv_size": [-1, -1]}
							}
						},
						{
							"origin": [-31.58252, -0.33648, 20.4751],
							"size": [1.15, 2.95, 1.15],
							"inflate": 0.1,
							"pivot": [-31.00752, 1.13853, 21.0501],
							"rotation": [-37.5, 0, 0],
							"uv": {
								"north": {"uv": [3.25, 4.25], "uv_size": [1, 1]},
								"east": {"uv": [3.25, 4.25], "uv_size": [1, 1]},
								"south": {"uv": [3.25, 4.25], "uv_size": [1, 1]},
								"west": {"uv": [3.25, 4.25], "uv_size": [1, 1]},
								"up": {"uv": [4.25, 5.25], "uv_size": [-1, -1]},
								"down": {"uv": [4.25, 5.25], "uv_size": [-1, -1]}
							}
						},
						{
							"origin": [-31.53252, -2.46781, 19.33586],
							"size": [1.05, 2.7, 1.05],
							"pivot": [-31.00752, -1.1178, 19.86085],
							"rotation": [-17.5, 0, 0],
							"uv": {
								"north": {"uv": [3.25, 4.25], "uv_size": [1, 1]},
								"east": {"uv": [3.25, 4.25], "uv_size": [1, 1]},
								"south": {"uv": [3.25, 4.25], "uv_size": [1, 1]},
								"west": {"uv": [3.25, 4.25], "uv_size": [1, 1]},
								"up": {"uv": [4.25, 5.25], "uv_size": [-1, -1]},
								"down": {"uv": [4.25, 5.25], "uv_size": [-1, -1]}
							}
						}
					]
				},
				{
					"name": "rightItem",
					"parent": "rightHandDragon",
					"pivot": [-31.1, 1, 19.4]
				},
				{
					"name": "katana3",
					"parent": "rightHandDragon",
					"pivot": [-31.1, 1, 19.4]
				},
				{
					"name": "leftADragon",
					"parent": "bodyDragon2",
					"pivot": [5.5, 2.5, 23.25]
				},
				{
					"name": "leftArmDragon",
					"parent": "leftADragon",
					"pivot": [5.5, 3.75, 23.25],
					"cubes": [
						{
							"origin": [5.2, -0.45, 20.55],
							"size": [12.8, 5.4, 5.4],
							"uv": {
								"north": {"uv": [9, 0], "uv_size": [-3, 2]},
								"east": {"uv": [15, 0], "uv_size": [-2, 2]},
								"south": {"uv": [6, 2], "uv_size": [3, -2]},
								"west": {"uv": [15, 0], "uv_size": [-2, 2]},
								"up": {"uv": [9, 2], "uv_size": [-3, -2]},
								"down": {"uv": [9, 2], "uv_size": [-3, -2]}
							}
						}
					]
				},
				{
					"name": "leftForeArmDragon",
					"parent": "leftArmDragon",
					"pivot": [18.2, 2.25, 23.4],
					"cubes": [
						{
							"origin": [26.15, 1.1, 21.95],
							"size": [5.75, 2.3, 2.6],
							"inflate": 0.2,
							"uv": {
								"north": {"uv": [9, 0], "uv_size": [-2, 1.5]},
								"east": {"uv": [15, 0], "uv_size": [-2, 2]},
								"south": {"uv": [9, 0], "uv_size": [-2, 1.5]},
								"west": {"uv": [15, 0], "uv_size": [-2, 2]},
								"up": {"uv": [7, 1.5], "uv_size": [2, -1.5]},
								"down": {"uv": [7, 1.5], "uv_size": [2, -1.5]}
							}
						},
						{
							"origin": [18, 0.45, 21.3],
							"size": [8.55, 3.6, 3.9],
							"uv": {
								"north": {"uv": [9, 0], "uv_size": [-3, 2]},
								"east": {"uv": [15, 0], "uv_size": [-2, 2]},
								"south": {"uv": [6, 2], "uv_size": [3, -2]},
								"west": {"uv": [15, 0], "uv_size": [-2, 2]},
								"up": {"uv": [9, 2], "uv_size": [-3, -2]},
								"down": {"uv": [9, 2], "uv_size": [-3, -2]}
							}
						}
					]
				},
				{
					"name": "leftHandDragon",
					"parent": "leftForeArmDragon",
					"pivot": [31.198, 2.27106, 23.36655],
					"cubes": [
						{
							"origin": [31.37301, 1.31177, 24.24506],
							"size": [4, 1.15, 1.15],
							"inflate": 0.1,
							"pivot": [32.62301, 1.51177, 25.19507],
							"rotation": [0, -12.5, 12.5],
							"uv": {
								"north": {"uv": [4.25, 4.25], "uv_size": [-1, 1]},
								"east": {"uv": [4.25, 4.25], "uv_size": [-1, 1]},
								"south": {"uv": [4.25, 4.25], "uv_size": [-1, 1]},
								"west": {"uv": [4.25, 4.25], "uv_size": [-1, 1]},
								"up": {"uv": [3.25, 5.25], "uv_size": [1, -1]},
								"down": {"uv": [3.25, 5.25], "uv_size": [1, -1]}
							}
						},
						{
							"origin": [34.20947, -0.1791, 25.18911],
							"size": [3.6, 1.05, 1.05],
							"pivot": [36.00947, -0.0291, 26.08911],
							"rotation": [-5, -12.5, 45],
							"uv": {
								"north": {"uv": [4.25, 4.25], "uv_size": [-1, 1]},
								"east": {"uv": [4.25, 4.25], "uv_size": [-1, 1]},
								"south": {"uv": [4.25, 4.25], "uv_size": [-1, 1]},
								"west": {"uv": [4.25, 4.25], "uv_size": [-1, 1]},
								"up": {"uv": [3.25, 5.25], "uv_size": [1, -1]},
								"down": {"uv": [3.25, 5.25], "uv_size": [1, -1]}
							}
						},
						{
							"origin": [31.79858, 1.43545, 22.675],
							"size": [4, 1.15, 1.15],
							"inflate": 0.1,
							"pivot": [33.04858, 1.63545, 23.25],
							"rotation": [0, 0, 12.5],
							"uv": {
								"north": {"uv": [4.25, 4.25], "uv_size": [-1, 1]},
								"east": {"uv": [4.25, 4.25], "uv_size": [-1, 1]},
								"south": {"uv": [4.25, 4.25], "uv_size": [-1, 1]},
								"west": {"uv": [4.25, 4.25], "uv_size": [-1, 1]},
								"up": {"uv": [3.25, 5.25], "uv_size": [1, -1]},
								"down": {"uv": [3.25, 5.25], "uv_size": [1, -1]}
							}
						},
						{
							"origin": [34.71577, -0.12946, 22.725],
							"size": [3.6, 1.05, 1.05],
							"pivot": [36.51577, 0.02054, 23.25],
							"rotation": [0, 0, 45],
							"uv": {
								"north": {"uv": [4.25, 4.25], "uv_size": [-1, 1]},
								"east": {"uv": [4.25, 4.25], "uv_size": [-1, 1]},
								"south": {"uv": [4.25, 4.25], "uv_size": [-1, 1]},
								"west": {"uv": [4.25, 4.25], "uv_size": [-1, 1]},
								"up": {"uv": [3.25, 5.25], "uv_size": [1, -1]},
								"down": {"uv": [3.25, 5.25], "uv_size": [1, -1]}
							}
						},
						{
							"origin": [31.37301, 1.31177, 21.10494],
							"size": [4, 1.15, 1.15],
							"inflate": 0.1,
							"pivot": [32.62301, 1.51177, 21.30494],
							"rotation": [0, 12.5, 12.5],
							"uv": {
								"north": {"uv": [4.25, 4.25], "uv_size": [-1, 1]},
								"east": {"uv": [4.25, 4.25], "uv_size": [-1, 1]},
								"south": {"uv": [4.25, 4.25], "uv_size": [-1, 1]},
								"west": {"uv": [4.25, 4.25], "uv_size": [-1, 1]},
								"up": {"uv": [3.25, 5.25], "uv_size": [1, -1]},
								"down": {"uv": [3.25, 5.25], "uv_size": [1, -1]}
							}
						},
						{
							"origin": [34.17515, -0.24039, 20.34689],
							"size": [3.6, 1.05, 1.05],
							"pivot": [35.97515, -0.09039, 20.49689],
							"rotation": [10, 12.5, 45],
							"uv": {
								"north": {"uv": [4.25, 4.25], "uv_size": [-1, 1]},
								"east": {"uv": [4.25, 4.25], "uv_size": [-1, 1]},
								"south": {"uv": [4.25, 4.25], "uv_size": [-1, 1]},
								"west": {"uv": [4.25, 4.25], "uv_size": [-1, 1]},
								"up": {"uv": [3.25, 5.25], "uv_size": [1, -1]},
								"down": {"uv": [3.25, 5.25], "uv_size": [1, -1]}
							}
						},
						{
							"origin": [30.43253, -0.33648, 20.4751],
							"size": [1.15, 2.95, 1.15],
							"inflate": 0.1,
							"pivot": [31.00752, 1.13853, 21.0501],
							"rotation": [-37.5, 0, 0],
							"uv": {
								"north": {"uv": [4.25, 4.25], "uv_size": [-1, 1]},
								"east": {"uv": [4.25, 4.25], "uv_size": [-1, 1]},
								"south": {"uv": [4.25, 4.25], "uv_size": [-1, 1]},
								"west": {"uv": [4.25, 4.25], "uv_size": [-1, 1]},
								"up": {"uv": [3.25, 5.25], "uv_size": [1, -1]},
								"down": {"uv": [3.25, 5.25], "uv_size": [1, -1]}
							}
						},
						{
							"origin": [30.48253, -2.46781, 19.33586],
							"size": [1.05, 2.7, 1.05],
							"pivot": [31.00752, -1.1178, 19.86085],
							"rotation": [-17.5, 0, 0],
							"uv": {
								"north": {"uv": [4.25, 4.25], "uv_size": [-1, 1]},
								"east": {"uv": [4.25, 4.25], "uv_size": [-1, 1]},
								"south": {"uv": [4.25, 4.25], "uv_size": [-1, 1]},
								"west": {"uv": [4.25, 4.25], "uv_size": [-1, 1]},
								"up": {"uv": [3.25, 5.25], "uv_size": [1, -1]},
								"down": {"uv": [3.25, 5.25], "uv_size": [1, -1]}
							}
						}
					]
				},
				{
					"name": "leftItem",
					"parent": "leftHandDragon",
					"pivot": [31.1, 1, 19.4]
				},
				{
					"name": "katana2",
					"parent": "leftHandDragon",
					"pivot": [31.1, 1, 19.4]
				},
				{
					"name": "bodyDragon3",
					"parent": "bodyDragon2",
					"pivot": [0, 4.5, 36],
					"cubes": [
						{
							"origin": [-5, -1.5, 36],
							"size": [10, 9, 24],
							"uv": {
								"north": {"uv": [5, 2], "uv_size": [2, 2]},
								"east": {"uv": [3, 2], "uv_size": [6, 2]},
								"south": {"uv": [5, 2], "uv_size": [2, 2]},
								"west": {"uv": [9, 2], "uv_size": [-6, 2]},
								"up": {"uv": [3, 0], "uv_size": [-3, 6]},
								"down": {"uv": [0, 6], "uv_size": [3, 6]}
							}
						},
						{
							"origin": [0, 7.5, 36],
							"size": [0, 3, 24],
							"uv": {
								"north": {"uv": [32, 32], "uv_size": [0, 0]},
								"east": {"uv": [22, 0], "uv_size": [5, 1]},
								"south": {"uv": [32, 32], "uv_size": [0, 0]},
								"west": {"uv": [27, 0], "uv_size": [-5, 1]},
								"up": {"uv": [32, 32], "uv_size": [0, 0]},
								"down": {"uv": [32, 32], "uv_size": [0, 0]}
							}
						}
					]
				},
				{
					"name": "bodyDragon4",
					"parent": "bodyDragon3",
					"pivot": [0, 4.5, 60],
					"cubes": [
						{
							"origin": [-4.5, -1.5, 60],
							"size": [9, 9, 24],
							"uv": {
								"north": {"uv": [5, 2], "uv_size": [2, 2]},
								"east": {"uv": [3, 2], "uv_size": [6, 2]},
								"south": {"uv": [5, 2], "uv_size": [2, 2]},
								"west": {"uv": [9, 2], "uv_size": [-6, 2]},
								"up": {"uv": [3, 0], "uv_size": [-3, 6]},
								"down": {"uv": [0, 6], "uv_size": [3, 6]}
							}
						},
						{
							"origin": [0, 7.5, 60],
							"size": [0, 3, 24],
							"uv": {
								"north": {"uv": [32, 32], "uv_size": [0, 0]},
								"east": {"uv": [22, 0], "uv_size": [5, 1]},
								"south": {"uv": [32, 32], "uv_size": [0, 0]},
								"west": {"uv": [27, 0], "uv_size": [-5, 1]},
								"up": {"uv": [32, 32], "uv_size": [0, 0]},
								"down": {"uv": [32, 32], "uv_size": [0, 0]}
							}
						}
					]
				},
				{
					"name": "bodyDragon5",
					"parent": "bodyDragon4",
					"pivot": [0, 4.5, 84.5],
					"cubes": [
						{
							"origin": [-4.5, -1.5, 84],
							"size": [9, 9, 24],
							"uv": {
								"north": {"uv": [5, 2], "uv_size": [2, 2]},
								"east": {"uv": [3, 2], "uv_size": [6, 2]},
								"south": {"uv": [5, 2], "uv_size": [2, 2]},
								"west": {"uv": [9, 2], "uv_size": [-6, 2]},
								"up": {"uv": [3, 0], "uv_size": [-3, 6]},
								"down": {"uv": [0, 6], "uv_size": [3, 6]}
							}
						},
						{
							"origin": [0, 7.5, 84],
							"size": [0, 3, 24],
							"uv": {
								"north": {"uv": [32, 32], "uv_size": [0, 0]},
								"east": {"uv": [22, 0], "uv_size": [5, 1]},
								"south": {"uv": [32, 32], "uv_size": [0, 0]},
								"west": {"uv": [27, 0], "uv_size": [-5, 1]},
								"up": {"uv": [32, 32], "uv_size": [0, 0]},
								"down": {"uv": [32, 32], "uv_size": [0, 0]}
							}
						}
					]
				},
				{
					"name": "bodyDragon6",
					"parent": "bodyDragon5",
					"pivot": [0, 4.5, 108],
					"cubes": [
						{
							"origin": [-4.5, -1.5, 108],
							"size": [9, 9, 24],
							"uv": {
								"north": {"uv": [5, 2], "uv_size": [2, 2]},
								"east": {"uv": [3, 2], "uv_size": [6, 2]},
								"south": {"uv": [5, 2], "uv_size": [2, 2]},
								"west": {"uv": [9, 2], "uv_size": [-6, 2]},
								"up": {"uv": [3, 0], "uv_size": [-3, 6]},
								"down": {"uv": [0, 6], "uv_size": [3, 6]}
							}
						},
						{
							"origin": [0, 7.5, 108],
							"size": [0, 3, 24],
							"uv": {
								"north": {"uv": [32, 32], "uv_size": [0, 0]},
								"east": {"uv": [22, 0], "uv_size": [5, 1]},
								"south": {"uv": [32, 32], "uv_size": [0, 0]},
								"west": {"uv": [27, 0], "uv_size": [-5, 1]},
								"up": {"uv": [32, 32], "uv_size": [0, 0]},
								"down": {"uv": [32, 32], "uv_size": [0, 0]}
							}
						}
					]
				},
				{
					"name": "bodyDragon7",
					"parent": "bodyDragon6",
					"pivot": [0, 4.5, 132],
					"cubes": [
						{
							"origin": [-4.5, -1.5, 132],
							"size": [9, 9, 24],
							"uv": {
								"north": {"uv": [5, 2], "uv_size": [2, 2]},
								"east": {"uv": [3, 2], "uv_size": [6, 2]},
								"south": {"uv": [5, 2], "uv_size": [2, 2]},
								"west": {"uv": [9, 2], "uv_size": [-6, 2]},
								"up": {"uv": [3, 0], "uv_size": [-3, 6]},
								"down": {"uv": [0, 6], "uv_size": [3, 6]}
							}
						},
						{
							"origin": [0, 7.5, 132],
							"size": [0, 3, 24],
							"uv": {
								"north": {"uv": [32, 32], "uv_size": [0, 0]},
								"east": {"uv": [22, 0], "uv_size": [5, 1]},
								"south": {"uv": [32, 32], "uv_size": [0, 0]},
								"west": {"uv": [27, 0], "uv_size": [-5, 1]},
								"up": {"uv": [32, 32], "uv_size": [0, 0]},
								"down": {"uv": [32, 32], "uv_size": [0, 0]}
							}
						}
					]
				},
				{
					"name": "bodyDragon8",
					"parent": "bodyDragon7",
					"pivot": [0, 4.5, 156],
					"cubes": [
						{
							"origin": [-4.5, -1.5, 156],
							"size": [9, 9, 24],
							"uv": {
								"north": {"uv": [5, 2], "uv_size": [2, 2]},
								"east": {"uv": [3, 2], "uv_size": [6, 2]},
								"south": {"uv": [5, 2], "uv_size": [2, 2]},
								"west": {"uv": [9, 2], "uv_size": [-6, 2]},
								"up": {"uv": [3, 0], "uv_size": [-3, 6]},
								"down": {"uv": [0, 6], "uv_size": [3, 6]}
							}
						},
						{
							"origin": [0, 7.5, 156],
							"size": [0, 3, 24],
							"uv": {
								"north": {"uv": [32, 32], "uv_size": [0, 0]},
								"east": {"uv": [22, 0], "uv_size": [5, 1]},
								"south": {"uv": [32, 32], "uv_size": [0, 0]},
								"west": {"uv": [27, 0], "uv_size": [-5, 1]},
								"up": {"uv": [32, 32], "uv_size": [0, 0]},
								"down": {"uv": [32, 32], "uv_size": [0, 0]}
							}
						}
					]
				},
				{
					"name": "bodyDragon9",
					"parent": "bodyDragon8",
					"pivot": [0, 4.5, 180],
					"cubes": [
						{
							"origin": [-4.5, -1.5, 180],
							"size": [9, 9, 24],
							"uv": {
								"north": {"uv": [5, 2], "uv_size": [2, 2]},
								"east": {"uv": [3, 2], "uv_size": [6, 2]},
								"south": {"uv": [5, 2], "uv_size": [2, 2]},
								"west": {"uv": [9, 2], "uv_size": [-6, 2]},
								"up": {"uv": [3, 0], "uv_size": [-3, 6]},
								"down": {"uv": [0, 6], "uv_size": [3, 6]}
							}
						},
						{
							"origin": [0, 7.5, 180],
							"size": [0, 3, 24],
							"uv": {
								"north": {"uv": [32, 32], "uv_size": [0, 0]},
								"east": {"uv": [22, 0], "uv_size": [5, 1]},
								"south": {"uv": [32, 32], "uv_size": [0, 0]},
								"west": {"uv": [27, 0], "uv_size": [-5, 1]},
								"up": {"uv": [32, 32], "uv_size": [0, 0]},
								"down": {"uv": [32, 32], "uv_size": [0, 0]}
							}
						}
					]
				},
				{
					"name": "bodyDragon10",
					"parent": "bodyDragon9",
					"pivot": [0, 4.5, 204],
					"cubes": [
						{
							"origin": [-4.5, -1.5, 204],
							"size": [9, 9, 24],
							"uv": {
								"north": {"uv": [5, 2], "uv_size": [2, 2]},
								"east": {"uv": [3, 2], "uv_size": [6, 2]},
								"south": {"uv": [5, 2], "uv_size": [2, 2]},
								"west": {"uv": [9, 2], "uv_size": [-6, 2]},
								"up": {"uv": [3, 0], "uv_size": [-3, 6]},
								"down": {"uv": [0, 6], "uv_size": [3, 6]}
							}
						},
						{
							"origin": [0, 7.5, 204],
							"size": [0, 3, 24],
							"uv": {
								"north": {"uv": [32, 32], "uv_size": [0, 0]},
								"east": {"uv": [22, 0], "uv_size": [5, 1]},
								"south": {"uv": [32, 32], "uv_size": [0, 0]},
								"west": {"uv": [27, 0], "uv_size": [-5, 1]},
								"up": {"uv": [32, 32], "uv_size": [0, 0]},
								"down": {"uv": [32, 32], "uv_size": [0, 0]}
							}
						}
					]
				},
				{
					"name": "bodyDragon11",
					"parent": "bodyDragon10",
					"pivot": [0, 4.5, 228],
					"cubes": [
						{
							"origin": [-4.5, -1.5, 228],
							"size": [9, 9, 24],
							"uv": {
								"north": {"uv": [5, 2], "uv_size": [2, 2]},
								"east": {"uv": [3, 2], "uv_size": [6, 2]},
								"south": {"uv": [5, 2], "uv_size": [2, 2]},
								"west": {"uv": [9, 2], "uv_size": [-6, 2]},
								"up": {"uv": [3, 0], "uv_size": [-3, 6]},
								"down": {"uv": [0, 6], "uv_size": [3, 6]}
							}
						},
						{
							"origin": [0, 7.5, 228],
							"size": [0, 3, 24],
							"uv": {
								"north": {"uv": [32, 32], "uv_size": [0, 0]},
								"east": {"uv": [22, 0], "uv_size": [5, 1]},
								"south": {"uv": [32, 32], "uv_size": [0, 0]},
								"west": {"uv": [27, 0], "uv_size": [-5, 1]},
								"up": {"uv": [32, 32], "uv_size": [0, 0]},
								"down": {"uv": [32, 32], "uv_size": [0, 0]}
							}
						}
					]
				},
				{
					"name": "bodyDragon12",
					"parent": "bodyDragon11",
					"pivot": [0, 4.5, 252],
					"cubes": [
						{
							"origin": [-4.5, -1.5, 252],
							"size": [9, 9, 24],
							"uv": {
								"north": {"uv": [5, 2], "uv_size": [2, 2]},
								"east": {"uv": [3, 2], "uv_size": [6, 2]},
								"south": {"uv": [5, 2], "uv_size": [2, 2]},
								"west": {"uv": [9, 2], "uv_size": [-6, 2]},
								"up": {"uv": [3, 0], "uv_size": [-3, 6]},
								"down": {"uv": [0, 6], "uv_size": [3, 6]}
							}
						},
						{
							"origin": [0, 7.5, 252],
							"size": [0, 3, 24],
							"uv": {
								"north": {"uv": [32, 32], "uv_size": [0, 0]},
								"east": {"uv": [22, 0], "uv_size": [5, 1]},
								"south": {"uv": [32, 32], "uv_size": [0, 0]},
								"west": {"uv": [27, 0], "uv_size": [-5, 1]},
								"up": {"uv": [32, 32], "uv_size": [0, 0]},
								"down": {"uv": [32, 32], "uv_size": [0, 0]}
							}
						}
					]
				},
				{
					"name": "rightLegDragon",
					"parent": "bodyDragon12",
					"pivot": [-4.5, 2.25, 264.75],
					"cubes": [
						{
							"origin": [-15, -0.45, 262.05],
							"size": [10.8, 5.4, 5.4],
							"uv": {
								"north": {"uv": [6.5, 0], "uv_size": [2.5, 2]},
								"east": {"uv": [13, 0], "uv_size": [2, 2]},
								"south": {"uv": [9, 2], "uv_size": [-2.5, -2]},
								"west": {"uv": [13, 0], "uv_size": [2, 2]},
								"up": {"uv": [6.5, 2], "uv_size": [2.5, -2]},
								"down": {"uv": [6.5, 2], "uv_size": [2.5, -2]}
							}
						}
					]
				},
				{
					"name": "rightForeLegDragon",
					"parent": "rightLegDragon",
					"pivot": [-15.2, 2.25, 264.9],
					"cubes": [
						{
							"origin": [-25.8, 0.45, 262.8],
							"size": [10.8, 3.6, 3.9],
							"uv": {
								"north": {"uv": [6.5, 0], "uv_size": [2.5, 1.5]},
								"east": {"uv": [13, 0], "uv_size": [2, 2]},
								"south": {"uv": [9, 0], "uv_size": [-2.5, 1.5]},
								"west": {"uv": [13, 0], "uv_size": [2, 2]},
								"up": {"uv": [6.5, 0], "uv_size": [2.5, 1.5]},
								"down": {"uv": [6.5, 1.5], "uv_size": [2.5, -1.5]}
							}
						}
					]
				},
				{
					"name": "hand3",
					"parent": "rightForeLegDragon",
					"pivot": [-27.198, 2.27106, 259.86655],
					"cubes": [
						{
							"origin": [-28.82301, 1.11177, 265.79507],
							"size": [3.9, 1.8, 1.8],
							"pivot": [-26.12301, 2.01177, 266.69507],
							"rotation": [0, 12.5, -12.5],
							"uv": {
								"north": {"uv": [3.25, 4.25], "uv_size": [1, 1]},
								"east": {"uv": [3.25, 4.25], "uv_size": [1, 1]},
								"south": {"uv": [3.25, 4.25], "uv_size": [1, 1]},
								"west": {"uv": [3.25, 4.25], "uv_size": [1, 1]},
								"up": {"uv": [4.25, 5.25], "uv_size": [-1, -1]},
								"down": {"uv": [4.25, 5.25], "uv_size": [-1, -1]}
							}
						},
						{
							"origin": [-31.30947, -0.4291, 266.68911],
							"size": [3.6, 1.8, 1.8],
							"pivot": [-29.50947, 0.4709, 267.58911],
							"rotation": [-5, 12.5, -45],
							"uv": {
								"north": {"uv": [3.25, 4.25], "uv_size": [1, 1]},
								"east": {"uv": [3.25, 4.25], "uv_size": [1, 1]},
								"south": {"uv": [3.25, 4.25], "uv_size": [1, 1]},
								"west": {"uv": [3.25, 4.25], "uv_size": [1, 1]},
								"up": {"uv": [4.25, 5.25], "uv_size": [-1, -1]},
								"down": {"uv": [4.25, 5.25], "uv_size": [-1, -1]}
							}
						},
						{
							"origin": [-29.24858, 1.23545, 263.85],
							"size": [3.9, 1.8, 1.8],
							"pivot": [-26.54857, 2.13545, 264.75],
							"rotation": [0, 0, -12.5],
							"uv": {
								"north": {"uv": [3.25, 4.25], "uv_size": [1, 1]},
								"east": {"uv": [3.25, 4.25], "uv_size": [1, 1]},
								"south": {"uv": [3.25, 4.25], "uv_size": [1, 1]},
								"west": {"uv": [3.25, 4.25], "uv_size": [1, 1]},
								"up": {"uv": [4.25, 5.25], "uv_size": [-1, -1]},
								"down": {"uv": [4.25, 5.25], "uv_size": [-1, -1]}
							}
						},
						{
							"origin": [-31.81576, -0.37946, 263.85],
							"size": [3.6, 1.8, 1.8],
							"pivot": [-30.01576, 0.52054, 264.75],
							"rotation": [0, 0, -45],
							"uv": {
								"north": {"uv": [3.25, 4.25], "uv_size": [1, 1]},
								"east": {"uv": [3.25, 4.25], "uv_size": [1, 1]},
								"south": {"uv": [3.25, 4.25], "uv_size": [1, 1]},
								"west": {"uv": [3.25, 4.25], "uv_size": [1, 1]},
								"up": {"uv": [4.25, 5.25], "uv_size": [-1, -1]},
								"down": {"uv": [4.25, 5.25], "uv_size": [-1, -1]}
							}
						},
						{
							"origin": [-28.82301, 1.11177, 261.90493],
							"size": [3.9, 1.8, 1.8],
							"pivot": [-26.12301, 2.01177, 262.80494],
							"rotation": [0, -12.5, -12.5],
							"uv": {
								"north": {"uv": [3.25, 4.25], "uv_size": [1, 1]},
								"east": {"uv": [3.25, 4.25], "uv_size": [1, 1]},
								"south": {"uv": [3.25, 4.25], "uv_size": [1, 1]},
								"west": {"uv": [3.25, 4.25], "uv_size": [1, 1]},
								"up": {"uv": [4.25, 5.25], "uv_size": [-1, -1]},
								"down": {"uv": [4.25, 5.25], "uv_size": [-1, -1]}
							}
						},
						{
							"origin": [-31.38711, -0.45634, 261.07018],
							"size": [3.6, 1.8, 1.8],
							"pivot": [-29.58711, 0.44366, 261.97019],
							"rotation": [10, -12.5, -45],
							"uv": {
								"north": {"uv": [3.25, 4.25], "uv_size": [1, 1]},
								"east": {"uv": [3.25, 4.25], "uv_size": [1, 1]},
								"south": {"uv": [3.25, 4.25], "uv_size": [1, 1]},
								"west": {"uv": [3.25, 4.25], "uv_size": [1, 1]},
								"up": {"uv": [4.25, 5.25], "uv_size": [-1, -1]},
								"down": {"uv": [4.25, 5.25], "uv_size": [-1, -1]}
							}
						},
						{
							"origin": [-24.65752, -1.05401, 260.96525],
							"size": [1.8, 3.6, 1.8],
							"pivot": [-23.75752, 0.746, 261.86525],
							"rotation": [-37.5, 0, 0],
							"uv": {
								"north": {"uv": [3.25, 4.25], "uv_size": [1, 1]},
								"east": {"uv": [3.25, 4.25], "uv_size": [1, 1]},
								"south": {"uv": [3.25, 4.25], "uv_size": [1, 1]},
								"west": {"uv": [3.25, 4.25], "uv_size": [1, 1]},
								"up": {"uv": [4.25, 5.25], "uv_size": [-1, -1]},
								"down": {"uv": [4.25, 5.25], "uv_size": [-1, -1]}
							}
						},
						{
							"origin": [-24.65752, -3.04231, 259.60785],
							"size": [1.8, 2.7, 1.8],
							"pivot": [-23.75752, -1.69232, 260.50785],
							"rotation": [-17.5, 0, 0],
							"uv": {
								"north": {"uv": [3.25, 4.25], "uv_size": [1, 1]},
								"east": {"uv": [3.25, 4.25], "uv_size": [1, 1]},
								"south": {"uv": [3.25, 4.25], "uv_size": [1, 1]},
								"west": {"uv": [3.25, 4.25], "uv_size": [1, 1]},
								"up": {"uv": [4.25, 5.25], "uv_size": [-1, -1]},
								"down": {"uv": [4.25, 5.25], "uv_size": [-1, -1]}
							}
						}
					]
				},
				{
					"name": "leftLegDragon",
					"parent": "bodyDragon12",
					"pivot": [4.5, 2.25, 264.75],
					"cubes": [
						{
							"origin": [4.2, -0.45, 262.05],
							"size": [10.8, 5.4, 5.4],
							"uv": {
								"north": {"uv": [9, 0], "uv_size": [-2.5, 2]},
								"east": {"uv": [15, 0], "uv_size": [-2, 2]},
								"south": {"uv": [6.5, 2], "uv_size": [2.5, -2]},
								"west": {"uv": [15, 0], "uv_size": [-2, 2]},
								"up": {"uv": [9, 2], "uv_size": [-2.5, -2]},
								"down": {"uv": [9, 2], "uv_size": [-2.5, -2]}
							}
						}
					]
				},
				{
					"name": "leftForeLegDragon",
					"parent": "leftLegDragon",
					"pivot": [15.2, 2.25, 264.9],
					"cubes": [
						{
							"origin": [15, 0.45, 262.8],
							"size": [10.8, 3.6, 3.9],
							"uv": {
								"north": {"uv": [9, 0], "uv_size": [-2.5, 1.5]},
								"east": {"uv": [15, 0], "uv_size": [-2, 2]},
								"south": {"uv": [6.5, 0], "uv_size": [2.5, 1.5]},
								"west": {"uv": [15, 0], "uv_size": [-2, 2]},
								"up": {"uv": [9, 0], "uv_size": [-2.5, 1.5]},
								"down": {"uv": [9, 1.5], "uv_size": [-2.5, -1.5]}
							}
						}
					]
				},
				{
					"name": "hand2",
					"parent": "leftForeLegDragon",
					"pivot": [27.198, 2.27106, 259.86655],
					"cubes": [
						{
							"origin": [24.92301, 1.11177, 265.79507],
							"size": [3.9, 1.8, 1.8],
							"pivot": [26.12301, 2.01177, 266.69507],
							"rotation": [0, -12.5, 12.5],
							"uv": {
								"north": {"uv": [4.25, 4.25], "uv_size": [-1, 1]},
								"east": {"uv": [4.25, 4.25], "uv_size": [-1, 1]},
								"south": {"uv": [4.25, 4.25], "uv_size": [-1, 1]},
								"west": {"uv": [4.25, 4.25], "uv_size": [-1, 1]},
								"up": {"uv": [3.25, 5.25], "uv_size": [1, -1]},
								"down": {"uv": [3.25, 5.25], "uv_size": [1, -1]}
							}
						},
						{
							"origin": [27.70947, -0.4291, 266.68911],
							"size": [3.6, 1.8, 1.8],
							"pivot": [29.50947, 0.4709, 267.58911],
							"rotation": [-5, -12.5, 45],
							"uv": {
								"north": {"uv": [4.25, 4.25], "uv_size": [-1, 1]},
								"east": {"uv": [4.25, 4.25], "uv_size": [-1, 1]},
								"south": {"uv": [4.25, 4.25], "uv_size": [-1, 1]},
								"west": {"uv": [4.25, 4.25], "uv_size": [-1, 1]},
								"up": {"uv": [3.25, 5.25], "uv_size": [1, -1]},
								"down": {"uv": [3.25, 5.25], "uv_size": [1, -1]}
							}
						},
						{
							"origin": [25.34857, 1.23545, 263.85],
							"size": [3.9, 1.8, 1.8],
							"pivot": [26.54858, 2.13545, 264.75],
							"rotation": [0, 0, 12.5],
							"uv": {
								"north": {"uv": [4.25, 4.25], "uv_size": [-1, 1]},
								"east": {"uv": [4.25, 4.25], "uv_size": [-1, 1]},
								"south": {"uv": [4.25, 4.25], "uv_size": [-1, 1]},
								"west": {"uv": [4.25, 4.25], "uv_size": [-1, 1]},
								"up": {"uv": [3.25, 5.25], "uv_size": [1, -1]},
								"down": {"uv": [3.25, 5.25], "uv_size": [1, -1]}
							}
						},
						{
							"origin": [28.21577, -0.37946, 263.85],
							"size": [3.6, 1.8, 1.8],
							"pivot": [30.01577, 0.52054, 264.75],
							"rotation": [0, 0, 45],
							"uv": {
								"north": {"uv": [4.25, 4.25], "uv_size": [-1, 1]},
								"east": {"uv": [4.25, 4.25], "uv_size": [-1, 1]},
								"south": {"uv": [4.25, 4.25], "uv_size": [-1, 1]},
								"west": {"uv": [4.25, 4.25], "uv_size": [-1, 1]},
								"up": {"uv": [3.25, 5.25], "uv_size": [1, -1]},
								"down": {"uv": [3.25, 5.25], "uv_size": [1, -1]}
							}
						},
						{
							"origin": [24.92301, 1.11177, 261.90493],
							"size": [3.9, 1.8, 1.8],
							"pivot": [26.12301, 2.01177, 262.80494],
							"rotation": [0, 12.5, 12.5],
							"uv": {
								"north": {"uv": [4.25, 4.25], "uv_size": [-1, 1]},
								"east": {"uv": [4.25, 4.25], "uv_size": [-1, 1]},
								"south": {"uv": [4.25, 4.25], "uv_size": [-1, 1]},
								"west": {"uv": [4.25, 4.25], "uv_size": [-1, 1]},
								"up": {"uv": [3.25, 5.25], "uv_size": [1, -1]},
								"down": {"uv": [3.25, 5.25], "uv_size": [1, -1]}
							}
						},
						{
							"origin": [27.78711, -0.45634, 261.07018],
							"size": [3.6, 1.8, 1.8],
							"pivot": [29.58711, 0.44366, 261.97019],
							"rotation": [10, 12.5, 45],
							"uv": {
								"north": {"uv": [4.25, 4.25], "uv_size": [-1, 1]},
								"east": {"uv": [4.25, 4.25], "uv_size": [-1, 1]},
								"south": {"uv": [4.25, 4.25], "uv_size": [-1, 1]},
								"west": {"uv": [4.25, 4.25], "uv_size": [-1, 1]},
								"up": {"uv": [3.25, 5.25], "uv_size": [1, -1]},
								"down": {"uv": [3.25, 5.25], "uv_size": [1, -1]}
							}
						},
						{
							"origin": [22.85753, -1.05401, 260.96525],
							"size": [1.8, 3.6, 1.8],
							"pivot": [23.75753, 0.746, 261.86525],
							"rotation": [-37.5, 0, 0],
							"uv": {
								"north": {"uv": [4.25, 4.25], "uv_size": [-1, 1]},
								"east": {"uv": [4.25, 4.25], "uv_size": [-1, 1]},
								"south": {"uv": [4.25, 4.25], "uv_size": [-1, 1]},
								"west": {"uv": [4.25, 4.25], "uv_size": [-1, 1]},
								"up": {"uv": [3.25, 5.25], "uv_size": [1, -1]},
								"down": {"uv": [3.25, 5.25], "uv_size": [1, -1]}
							}
						},
						{
							"origin": [22.85753, -3.04231, 259.60785],
							"size": [1.8, 2.7, 1.8],
							"pivot": [23.75753, -1.69232, 260.50785],
							"rotation": [-17.5, 0, 0],
							"uv": {
								"north": {"uv": [4.25, 4.25], "uv_size": [-1, 1]},
								"east": {"uv": [4.25, 4.25], "uv_size": [-1, 1]},
								"south": {"uv": [4.25, 4.25], "uv_size": [-1, 1]},
								"west": {"uv": [4.25, 4.25], "uv_size": [-1, 1]},
								"up": {"uv": [3.25, 5.25], "uv_size": [1, -1]},
								"down": {"uv": [3.25, 5.25], "uv_size": [1, -1]}
							}
						}
					]
				},
				{
					"name": "bodyDragon13",
					"parent": "bodyDragon12",
					"pivot": [0, 4.5, 276],
					"cubes": [
						{
							"origin": [-4.5, -1.5, 276],
							"size": [9, 9, 24],
							"uv": {
								"north": {"uv": [5, 2], "uv_size": [2, 2]},
								"east": {"uv": [3, 2], "uv_size": [6, 2]},
								"south": {"uv": [5, 2], "uv_size": [2, 2]},
								"west": {"uv": [9, 2], "uv_size": [-6, 2]},
								"up": {"uv": [3, 0], "uv_size": [-3, 6]},
								"down": {"uv": [0, 6], "uv_size": [3, 6]}
							}
						},
						{
							"origin": [0, 7.5, 276],
							"size": [0, 3, 24],
							"uv": {
								"north": {"uv": [32, 32], "uv_size": [0, 0]},
								"east": {"uv": [22, 0], "uv_size": [5, 1]},
								"south": {"uv": [32, 32], "uv_size": [0, 0]},
								"west": {"uv": [27, 0], "uv_size": [-5, 1]},
								"up": {"uv": [32, 32], "uv_size": [0, 0]},
								"down": {"uv": [32, 32], "uv_size": [0, 0]}
							}
						}
					]
				},
				{
					"name": "bodyDragon14",
					"parent": "bodyDragon13",
					"pivot": [0, 4.5, 300],
					"cubes": [
						{
							"origin": [-4.5, -1.5, 300],
							"size": [9, 9, 24],
							"uv": {
								"north": {"uv": [5, 2], "uv_size": [2, 2]},
								"east": {"uv": [3, 2], "uv_size": [6, 2]},
								"south": {"uv": [5, 2], "uv_size": [2, 2]},
								"west": {"uv": [9, 2], "uv_size": [-6, 2]},
								"up": {"uv": [3, 0], "uv_size": [-3, 6]},
								"down": {"uv": [0, 6], "uv_size": [3, 6]}
							}
						},
						{
							"origin": [0, 7.5, 300],
							"size": [0, 3, 24],
							"uv": {
								"north": {"uv": [32, 32], "uv_size": [0, 0]},
								"east": {"uv": [22, 0], "uv_size": [5, 1]},
								"south": {"uv": [32, 32], "uv_size": [0, 0]},
								"west": {"uv": [27, 0], "uv_size": [-5, 1]},
								"up": {"uv": [32, 32], "uv_size": [0, 0]},
								"down": {"uv": [32, 32], "uv_size": [0, 0]}
							}
						}
					]
				},
				{
					"name": "bodyDragon15",
					"parent": "bodyDragon14",
					"pivot": [0, 4.5, 324],
					"cubes": [
						{
							"origin": [-4.5, -1.5, 324],
							"size": [9, 9, 24],
							"uv": {
								"north": {"uv": [5, 2], "uv_size": [2, 2]},
								"east": {"uv": [3, 2], "uv_size": [6, 2]},
								"south": {"uv": [5, 2], "uv_size": [2, 2]},
								"west": {"uv": [9, 2], "uv_size": [-6, 2]},
								"up": {"uv": [3, 0], "uv_size": [-3, 6]},
								"down": {"uv": [0, 6], "uv_size": [3, 6]}
							}
						},
						{
							"origin": [0, 7.5, 324],
							"size": [0, 3, 24],
							"uv": {
								"north": {"uv": [32, 32], "uv_size": [0, 0]},
								"east": {"uv": [22, 0], "uv_size": [5, 1]},
								"south": {"uv": [32, 32], "uv_size": [0, 0]},
								"west": {"uv": [27, 0], "uv_size": [-5, 1]},
								"up": {"uv": [32, 32], "uv_size": [0, 0]},
								"down": {"uv": [32, 32], "uv_size": [0, 0]}
							}
						}
					]
				},
				{
					"name": "bodyDragon16",
					"parent": "bodyDragon15",
					"pivot": [0, 4.5, 348],
					"cubes": [
						{
							"origin": [-4.5, -1.5, 348],
							"size": [9, 9, 24],
							"uv": {
								"north": {"uv": [5, 2], "uv_size": [2, 2]},
								"east": {"uv": [3, 2], "uv_size": [6, 2]},
								"south": {"uv": [5, 2], "uv_size": [2, 2]},
								"west": {"uv": [9, 2], "uv_size": [-6, 2]},
								"up": {"uv": [3, 0], "uv_size": [-3, 6]},
								"down": {"uv": [0, 6], "uv_size": [3, 6]}
							}
						},
						{
							"origin": [0, 7.5, 348],
							"size": [0, 3, 24],
							"uv": {
								"north": {"uv": [32, 32], "uv_size": [0, 0]},
								"east": {"uv": [22, 0], "uv_size": [5, 1]},
								"south": {"uv": [32, 32], "uv_size": [0, 0]},
								"west": {"uv": [27, 0], "uv_size": [-5, 1]},
								"up": {"uv": [32, 32], "uv_size": [0, 0]},
								"down": {"uv": [32, 32], "uv_size": [0, 0]}
							}
						}
					]
				},
				{
					"name": "bodyDragon17",
					"parent": "bodyDragon16",
					"pivot": [0, 4.5, 371.75],
					"cubes": [
						{
							"origin": [-4.5, -1.5, 372],
							"size": [9, 9, 24],
							"uv": {
								"north": {"uv": [5, 2], "uv_size": [2, 2]},
								"east": {"uv": [3, 2], "uv_size": [6, 2]},
								"south": {"uv": [5, 2], "uv_size": [2, 2]},
								"west": {"uv": [9, 2], "uv_size": [-6, 2]},
								"up": {"uv": [3, 0], "uv_size": [-3, 6]},
								"down": {"uv": [0, 6], "uv_size": [3, 6]}
							}
						},
						{
							"origin": [0, 7.5, 372],
							"size": [0, 3, 24],
							"uv": {
								"north": {"uv": [32, 32], "uv_size": [0, 0]},
								"east": {"uv": [22, 0], "uv_size": [5, 1]},
								"south": {"uv": [32, 32], "uv_size": [0, 0]},
								"west": {"uv": [27, 0], "uv_size": [-5, 1]},
								"up": {"uv": [32, 32], "uv_size": [0, 0]},
								"down": {"uv": [32, 32], "uv_size": [0, 0]}
							}
						}
					]
				},
				{
					"name": "bodyDragon18",
					"parent": "bodyDragon17",
					"pivot": [0, 4.5, 396],
					"cubes": [
						{
							"origin": [-4.5, -1.5, 396],
							"size": [9, 9, 24],
							"uv": {
								"north": {"uv": [5, 2], "uv_size": [2, 2]},
								"east": {"uv": [3, 2], "uv_size": [6, 2]},
								"south": {"uv": [5, 2], "uv_size": [2, 2]},
								"west": {"uv": [9, 2], "uv_size": [-6, 2]},
								"up": {"uv": [3, 0], "uv_size": [-3, 6]},
								"down": {"uv": [0, 6], "uv_size": [3, 6]}
							}
						},
						{
							"origin": [0, 7.5, 396],
							"size": [0, 3, 24],
							"uv": {
								"north": {"uv": [32, 32], "uv_size": [0, 0]},
								"east": {"uv": [22, 0], "uv_size": [5, 1]},
								"south": {"uv": [32, 32], "uv_size": [0, 0]},
								"west": {"uv": [27, 0], "uv_size": [-5, 1]},
								"up": {"uv": [32, 32], "uv_size": [0, 0]},
								"down": {"uv": [32, 32], "uv_size": [0, 0]}
							}
						}
					]
				},
				{
					"name": "bodyDragon20",
					"parent": "bodyDragon18",
					"pivot": [0, 4.5, 420],
					"cubes": [
						{
							"origin": [-3.75, -0.75, 420],
							"size": [7.5, 7.5, 24],
							"uv": {
								"north": {"uv": [5, 2], "uv_size": [2, 2]},
								"east": {"uv": [3, 2], "uv_size": [6, 2]},
								"south": {"uv": [5, 2], "uv_size": [2, 2]},
								"west": {"uv": [9, 2], "uv_size": [-6, 2]},
								"up": {"uv": [3, 0], "uv_size": [-3, 6]},
								"down": {"uv": [0, 6], "uv_size": [3, 6]}
							}
						}
					]
				},
				{
					"name": "bodyDragon21",
					"parent": "bodyDragon20",
					"pivot": [0, 4.5, 444],
					"cubes": [
						{
							"origin": [-3, 0, 444],
							"size": [6, 6, 24],
							"uv": {
								"north": {"uv": [5, 2], "uv_size": [2, 2]},
								"east": {"uv": [3, 2], "uv_size": [6, 2]},
								"south": {"uv": [5, 2], "uv_size": [2, 2]},
								"west": {"uv": [9, 2], "uv_size": [-6, 2]},
								"up": {"uv": [3, 0], "uv_size": [-3, 6]},
								"down": {"uv": [0, 6], "uv_size": [3, 6]}
							}
						}
					]
				},
				{
					"name": "bodyDragon22",
					"parent": "bodyDragon21",
					"pivot": [0, 4.5, 468],
					"cubes": [
						{
							"origin": [-1.5, 0.75, 468],
							"size": [4.5, 4.5, 24],
							"uv": {
								"north": {"uv": [5, 2], "uv_size": [2, 2]},
								"east": {"uv": [3, 2], "uv_size": [6, 2]},
								"south": {"uv": [5, 2], "uv_size": [2, 2]},
								"west": {"uv": [9, 2], "uv_size": [-6, 2]},
								"up": {"uv": [3, 0], "uv_size": [-3, 6]},
								"down": {"uv": [0, 6], "uv_size": [3, 6]}
							}
						}
					]
				}
			]
		}
	]
}