{
  "format_version": "1.10.0",
  "minecraft:attachable": {
    "description": {
      "identifier": "wesl3y:chargezuma_suit",
      "materials": {
        "default": "entity_alphablend"
      },
      "textures": {
        "default": "textures/entity/suit/chargezuma_suit"
      },
      "geometry": {
        "default": "geometry.chargezuma_suit"
      },
      "scripts": {
        "parent_setup": "variable.chest_layer_visible = 0.0;"
      },
      "render_controllers": [ "controller.render.skeleton" ]
    }
  }
}