{
  "format_version": "1.10.0",
  "minecraft:attachable": {
    "description": {
      "identifier": "wesl3y:tsukuyomi_suit",
      "materials": {
        "default": "entity_alphatest"
      },
      "textures": {
        "default": "textures/entity/suit/tsukuyomi_suit"
      },
      "geometry": {
        "default": "geometry.tsukuyomi_suit"
      },
      "scripts": {
        "parent_setup": "variable.chest_layer_visible = 0.0;"
      },
      "render_controllers": [ "controller.render.tsukuyomi_suit" ]
    }
  }
}