{ 
  "format_version": "1.13.0",

  "minecraft:entity": {

    "description": {

      "identifier": "stk:fiza",
"properties": {
          "property:wow": {
          "client_sync": true,
          "range": [
            0,
            2
          ],
          "type": "int",
          "default": 0
          }
        },
      "is_spawnable": false,

      "is_summonable": true,

      "is_experimental": false

    },

    "component_groups": {

      "despawn": {

        "minecraft:instant_despawn": {}

      }

    },

    "components": {

      "minecraft:type_family": {

        "family": ["npc","freeza","villain"]

      },

      "minecraft:collision_box": {

        "width": 0.6,

        "height": 1.8

      },

      "minecraft:health": {

        "value": 1,

        "max": 1

      },

      "minecraft:knockback_resistance": {

        "value": 1

      },

      "minecraft:damage_sensor": {

        "triggers": {

          "deals_damage": false

        }

      },

      "minecraft:pushable": {

        "is_pushable": false,

        "is_pushable_by_piston": false

      },

      "minecraft:nameable": {

        "always_show": true

      },

      "minecraft:fire_immune": true,

      "minecraft:persistent": {},

      "minecraft:physics": {},

      "minecraft:conditional_bandwidth_optimization": {}

    },

    "events": {

"interact": {
        "sequence": [
          {
            "queue_command": {
              "command": [
                ""
              ],
              "target": "other"
            }
          },
          {
            "queue_command": {
              "command": [
                  ""
              ],
              "target": "self"
            }
          }
        ]
      },
"wow": {
  "set_property": {
    "property:wow": 1
  }
},
"wow2": {
  "set_property": {
    "property:wow": 2
  }
},
"wow.no": {
  "set_property": {
    "property:wow": 0
  }
},
      "despawn": {

        "add": {

          "component_groups": [

            "despawn"

          ]

        }

      }

    }
  }
}
