{ 
  "format_version": "1.13.0",

  "minecraft:entity": {

    "description": {

      "identifier": "stk:freezanpc",
"properties": {
          "property:wow": {
          "client_sync": true,
          "range": [
            0,
            2
          ],
          "type": "int",
          "default": 0
          }
        },
      "is_spawnable": true,

      "is_summonable": true,

      "is_experimental": false

    },

    "component_groups": {

      "despawn": {

        "minecraft:instant_despawn": {}

      }

    },

    "components": {

      "minecraft:type_family": {

        "family": ["npc","freeza","villain"]

      },

      "minecraft:collision_box": {

        "width": 0.6,

        "height": 1.8

      },

      "minecraft:health": {

        "value": 1,

        "max": 1

      },

      "minecraft:knockback_resistance": {

        "value": 1

      },

      "minecraft:damage_sensor": {

        "triggers": {

          "deals_damage": false

        }

      },

      "minecraft:interact": {

        "interactions": {

          "on_interact": {

            "filters": {

              "test": "is_family",

              "subject": "other",

              "operator": "==",

              "value": "player"

            },

            "event": "interact",

            "target": "self"

          },

          "interact_text": "§eTalk (Right Click) \nShop (left click)"

        }

      },

      "minecraft:pushable": {

        "is_pushable": false,

        "is_pushable_by_piston": false

      },

      "minecraft:nameable": {

        "always_show": true

      },

      "minecraft:fire_immune": true,

      "minecraft:persistent": {},

      "minecraft:physics": {},

      "minecraft:conditional_bandwidth_optimization": {}

    },

    "events": {

"interact": {
        "sequence": [
          {
            "queue_command": {
              "command": [
                "execute as @p[r=7] at @s run summon stk:fizatalk ~~~ facing @s stk:open",
    "execute as @p[r=7] at @s run tp @s @s",       "execute as @p[r=7] at @s run camera @s fade time 0 0.5 0.5 color 0 0 0",     
    "execute as @p[r=7] at @s run camera @s set minecraft:free pos ^1.4^1.5^-0.5 facing @e[r=7,type=stk:freezanpc]"
              ],
              "target": "other"
            }
          },
          {
            "queue_command": {
              "command": [
                  "scoreboard objectives add wow dummy",
                  "scoreboard players random @s wow 1 2",
                "event entity @s[scores={wow=1}] wow",
                "event entity @s[scores={wow=2}] wow2"
              ],
              "target": "self"
            }
          }
        ]
      },
"wow": {
  "set_property": {
    "property:wow": 1
  }
},
"wow2": {
  "set_property": {
    "property:wow": 2
  }
},
"wow.no": {
  "set_property": {
    "property:wow": 0
  }
},
      "despawn": {

        "add": {

          "component_groups": [

            "despawn"

          ]

        }

      }

    }
  }
}
