{
	"format_version": "1.8.0",
	"animations": {
		"animation.gomu.gatling_gun.end": {
			"loop": "hold_on_last_frame",
			"animation_length": 1.75,
			"override_previous_animation": true,
			"bones": {
				"root": {
					"rotation": [0, "q.target_y_rotation", 0]
				},
				"waist": {
					"rotation": {
						"0.0": [0, 0, 0],
						"0.2083": ["q.target_x_rotation", "math.cos(q.anim_time * 3000) * 7.5", 0],
						"1.5": ["q.target_x_rotation", "math.cos(q.anim_time * 3000) * 7.5", 0],
						"1.75": [0, 0, 0]
					},
					"position": {
						"0.0": [0, 0, 0],
						"0.2083": [0, "-2", 1],
						"1.5": [0, "-2", 1],
						"1.75": [0, 0, 0]
					}
				},
				"rightArm": {
					"rotation": {
						"0.0": [0, 0, 0],
						"0.2083": [-115, 0, 20],
						"1.5": [-115, 0, 20],
						"1.75": [0, 0, 0]
					},
					"position": {
						"0.0": [0, 0, 0],
						"0.2083": ["-4 + math.random(-7, 7)", "5 + math.random(-10, 10)", "-5 + math.random(-2, 7)"],
						"1.5": ["-4 + math.random(-7, 7)", "5 + math.random(-10, 10)", "-5 + math.random(-2, 7)"],
						"1.75": [0, 0, 0]
					},
					"scale": {
						"0.1667": [1, 1, 1],
						"0.2083": [1, "math.random(0.5, 5)", 1],
						"1.5": [1, "math.random(0.5, 5)", 1],
						"1.75": [1, 1, 1]
					}
				},
				"leftArm": {
					"rotation": {
						"0.0": [0, 0, 0],
						"0.2083": [-115, 0, -20],
						"1.5": [-115, 0, -20],
						"1.75": [0, 0, 0]
					},
					"position": {
						"0.0": [0, 0, 0],
						"0.2083": ["4 + math.random(-7, 7)", "5 + math.random(-10, 10)", "-5 + math.random(-2, 7)"],
						"1.5": ["4 + math.random(-7, 7)", "5 + math.random(-10, 10)", "-5 + math.random(-2, 7)"],
						"1.75": [0, 0, 0]
					},
					"scale": {
						"0.1667": [1, 1, 1],
						"0.2083": [1, "math.random(0.5, 5)", 1],
						"1.5": [1, "math.random(0.5, 5)", 1],
						"1.75": [1, 1, 1]
					}
				},
				"rightLeg": {
					"rotation": {
						"0.0": [0, 0, 0],
						"0.2083": [-10, 20, 0.5],
						"1.5": [-10, 20, 0.5],
						"1.75": [0, 0, 0]
					},
					"position": {
						"0.0": [0, 0, 0],
						"0.2083": [-0.5, -0.5, -0.5],
						"1.5": [-0.5, -0.5, -0.5],
						"1.75": [0, 0, 0]
					}
				},
				"leftLeg": {
					"rotation": {
						"0.0": [0, 0, 0],
						"0.2083": [-10, -20, 0.5],
						"1.5": [-10, -20, 0.5],
						"1.75": [0, 0, 0]
					},
					"position": {
						"0.0": [0, 0, 0],
						"0.2083": [0.5, -0.5, -0.5],
						"1.5": [0.5, -0.5, -0.5],
						"1.75": [0, 0, 0]
					}
				},
				"body": {
					"rotation": {
						"0.0": [0, 0, 0],
						"0.2083": [25, 0, 0],
						"1.5": [25, 0, 0],
						"1.75": [0, 0, 0]
					},
					"position": {
						"0.0": [0, 0, 0],
						"0.2083": [0, 0, -4],
						"1.5": [0, 0, -4],
						"1.75": [0, 0, 0]
					}
				}
			},
			"sound_effects": {
				"0.2083": {
					"effect": "gomu_gatling"
				}
			},
			"particle_effects": {
				"0.2083": {
					"effect": "gomu_gatling",
					"locator": "gatling"
				},
				"0.2917": {
					"effect": "gomu_gatling",
					"locator": "gatling"
				},
				"0.4167": {
					"effect": "gomu_gatling",
					"locator": "gatling"
				},
				"0.5": {
					"effect": "gomu_gatling",
					"locator": "gatling"
				},
				"0.5833": {
					"effect": "gomu_gatling",
					"locator": "gatling"
				},
				"0.7083": {
					"effect": "gomu_gatling",
					"locator": "gatling"
				},
				"0.7917": {
					"effect": "gomu_gatling",
					"locator": "gatling"
				},
				"0.9167": {
					"effect": "gomu_gatling",
					"locator": "gatling"
				},
				"1.0417": {
					"effect": "gomu_gatling",
					"locator": "gatling"
				},
				"1.1667": {
					"effect": "gomu_gatling",
					"locator": "gatling"
				},
				"1.2917": {
					"effect": "gomu_gatling",
					"locator": "gatling"
				},
				"1.4167": {
					"effect": "gomu_gatling",
					"locator": "gatling"
				}
			}
		}
	}
}