{
  "format_version": "1.8.0",
  "animations": {
    "animation.luffy.attack1": {
      "loop": "hold_on_last_frame",
      "animation_length": 0.52,
      "bones": {
        "waist": {
          "rotation": {
            "0.0": [2.29726, 62.45024, -4.56206],
            "0.1667": [22.5, -27.5, 12.5],
            "0.375": [22.5, -27.5, 12.5],
            "0.5": [0, 55, 0]
          },
          "position": {
            "0.0": [0, 0.5, 0],
            "0.1667": [0, 0, 0],
            "0.375": [0, 0, 0],
            "0.5": [0, 0, 0]
          }
        },
        "rightArm": {
          "rotation": {
            "0.0": [-1.83505, 0.51037, 96.38568],
            "0.1667": [-67.5, 27.5, 77.5],
            "0.375": [-67.5, 27.5, 77.5],
            "0.5": [-25, 0, 72.5]
          },
          "position": {
            "0.375": [-0.5, -0.5, 0.5],
            "0.5": [0, 0, 0]
          }
        },
        "rightLeg": {
          "rotation": {
            "0.0": [0.90544, 32.5743, -2.96423],
            "0.1667": [84.36116, -23.30349, 20.16266],
            "0.375": [84.36116, -23.30349, 20.16266],
            "0.5": [6.01316, 39.76716, 5.77236]
          },
          "position": {
            "0.0": [1, 0, 2],
            "0.1667": [-0.5, -1, -1],
            "0.375": [-0.5, -1, -1],
            "0.5": [0, 0, 2]
          }
        },
        "leftLeg": {
          "rotation": {
            "0.0": [2.5, 0, 0],
            "0.1667": [-12.5, -35, 0],
            "0.375": [-12.5, -35, 0],
            "0.5": [-0.66963, 14.98539, -2.58807]
          },
          "position": {
            "0.0": [-1.5, 3.5, -5.5],
            "0.1667": [1.5, 0, -2],
            "0.375": [1.5, 0, -2],
            "0.5": [0, 0, -2.5]
          }
        },
        "leftArm": {
          "rotation": {
            "0.0": [-195.46981, 15.5649, -89.86221],
            "0.1667": [31.93488, 2.86313, -44.82648],
            "0.375": [31.93488, 2.86313, -44.82648],
            "0.5": [0, 0, -42.5]
          },
          "position": {
            "0.0": [-3, -1, -4.5],
            "0.1667": [0, 0, 0],
            "0.375": [0, 0, 0],
            "0.5": [0, 0, 0]
          }
        },
        "rightForeArm": {
          "scale": {
            "0.125": [1, 1, 1],
            "0.1667": [1, 10, 1],
            "0.375": [1, 10, 1],
            "0.4167": [1, 1, 1]
          }
        },
        "root": {
          "rotation": {
            "0.0": [0, "55 + q.target_y_rotation", 0],
            "0.1667": [0, "q.target_y_rotation", 0],
            "0.375": [0, "q.target_y_rotation", 0],
            "0.5": [0, "q.target_y_rotation", 0]
          }
        }
      }
    },
    "animation.luffy.attack2": {
      "loop": "hold_on_last_frame",
      "animation_length": 0.52,
      "bones": {
        "root": {
          "rotation": [0, "q.target_y_rotation", 0]
        },
        "leftLeg": {
          "rotation": {
            "0.0": [-7.41082, -2.57686, -7.12086],
            "0.1667": [0, -75, 0],
            "0.3333": [0, -75, 0],
            "0.5": [-7.41082, -2.57686, -7.12086]
          },
          "position": {
            "0.0": [-1, 0, -1.5],
            "0.1667": [0, 0, 2],
            "0.3333": [0, 0, 2],
            "0.5": [-1, 0, -1.5]
          }
        },
        "rightLeg": {
          "rotation": {
            "0.0": [71.54525, 8.8355, 78.37729],
            "0.1667": [-110.11901, 5.32, 90.4431],
            "0.3333": [-110.11901, 5.32, 90.4431],
            "0.5": [71.54525, 8.8355, 78.37729]
          },
          "position": {
            "0.0": [0, 0, 0],
            "0.1667": [0, 0, -2.5],
            "0.3333": [0, 0, -2.5],
            "0.5": [0, 0, 0]
          }
        },
        "waist": {
          "rotation": {
            "0.0": [0, 51.875, 9.375],
            "0.1667": [-15.63769, -63.96867, 29.80267],
            "0.3333": [-15.63769, -63.96867, 29.80267],
            "0.5": [0, 51.875, 9.375]
          }
        },
        "rightArm": {
          "rotation": {
            "0.0": [25.78888, -19.58499, 67.72074],
            "0.1667": [10.92157, -1.90546, 65.01226],
            "0.3333": [10.92157, -1.90546, 65.01226],
            "0.5": [25.78888, -19.58499, 67.72074]
          },
          "position": {
            "0.0": [0, 0, 0],
            "0.1667": [0, -1.5, 0],
            "0.3333": [0, -1.5, 0],
            "0.5": [0, 0, 0]
          }
        },
        "leftArm": {
          "rotation": {
            "0.0": [16.33113, 4.30876, -40.63146],
            "0.1667": [35.17393, 10.17781, -60.68482],
            "0.3333": [35.17393, 10.17781, -60.68482],
            "0.5": [16.33113, 4.30876, -40.63146]
          }
        },
        "rightForeLeg": {
          "scale": {
            "0.0": [1, 1, 1],
            "0.1667": [1, 10, 1],
            "0.3333": [1, 10, 1],
            "0.4167": [1, 1, 1]
          }
        }
      }
    },
    "animation.luffy.attack3": {
      "loop": "hold_on_last_frame",
      "animation_length": 0.77,
      "bones": {
        "waist": {
          "rotation": {
            "0.0": [5, 0, 0],
            "0.125": [10, 0, 0],
            "0.25": [-7.5, 0, 0],
            "0.5": [-7.5, 0, 0],
            "0.75": [12.5, 0, 0]
          },
          "position": {
            "0.0": [0, -1, 0],
            "0.5": [0, -1, 0],
            "0.75": [0, -1, 1.25]
          }
        },
        "rightArm": {
          "rotation": {
            "0.125": [-92.5, 10, 90],
            "0.25": [-92.5, -7.5, 90],
            "0.5": [-92.5, -7.5, 90],
            "0.75": [50, -5, 90]
          },
          "scale": {
            "0.125": [1, -1, 1],
            "0.25": [1, 1, 1],
            "0.5": [1, 1, 1]
          }
        },
        "rightForeArm": {
          "scale": {
            "0.0": [1, 1, 1],
            "0.125": [1, 12.5, 1],
            "0.25": [1, 6, 1],
            "0.5": [1, 6, 1],
            "0.75": [1, 1, 1]
          }
        },
        "leftArm": {
          "rotation": {
            "0.125": [-92.5, -10, -90],
            "0.25": [-92.5, 7.5, -90],
            "0.5": [-92.5, 7.5, -90],
            "0.75": [50, 5, -90]
          },
          "scale": {
            "0.125": [1, -1, 1],
            "0.25": [1, 1, 1],
            "0.5": [1, 1, 1]
          }
        },
        "leftForeArm": {
          "scale": {
            "0.0": [1, 1, 1],
            "0.125": [1, 12.5, 1],
            "0.25": [1, 6, 1],
            "0.5": [1, 6, 1],
            "0.75": [1, 1, 1]
          }
        },
        "rightLeg": {
          "rotation": {
            "0.0": [15, 5, -2.5],
            "0.125": [12.8799, 3.90095, 2.39255],
            "0.5": [12.8799, 3.90095, 2.39255],
            "0.75": [-7.5, 5, 2.5]
          },
          "position": {
            "0.0": [-1.5, 0, -2.5],
            "0.75": [-1.5, 0, -0.5]
          }
        },
        "leftLeg": {
          "rotation": {
            "0.0": [17.5, -5, 2.5],
            "0.125": [12.8799, -3.90095, -2.39255],
            "0.5": [12.8799, -3.90095, -2.39255],
            "0.75": [-7.5, -5, -2.5]
          },
          "position": {
            "0.0": [1.5, 0, -2.5],
            "0.75": [1.5, 0, -1.5]
          }
        }
      }
    },
    "animation.luffy.attack4": {
      "loop": "hold_on_last_frame",
      "animation_length": 1.75,
      "bones": {
        "root": {
          "rotation": [0, "q.target_y_rotation", 0]
        },
        "waist": {
          "rotation": {
            "0.0": [-10, 0, 0],
            "0.2083": ["q.target_x_rotation + 25", "math.cos(q.anim_time * 3000) * 7.5", 0],
            "1.375": ["q.target_x_rotation + 25", "math.cos(q.anim_time * 3000) * 7.5", 0],
            "1.5": [-10, 0, 0]
          },
          "position": {
            "0.0": [0, -2, 0],
            "0.2083": [0, -2, 1],
            "1.375": [0, -2, 1],
            "1.5": [0, -2, 0]
          }
        },
        "rightArm": {
          "rotation": {
            "0.0833": [-60, 0, 55],
            "0.2083": [-115, 0, 20],
            "1.375": [-115, 0, 20],
            "1.5": [15, 0, 30]
          },
          "position": {
            "0.0833": [0, -1, 2],
            "0.2083": ["-4 + math.random(-7, 7)", "5 + math.random(-10, 10)", "-5 + math.random(-2, 7)"],
            "1.375": ["-4 + math.random(-7, 7)", "5 + math.random(-10, 10)", "-5 + math.random(-2, 7)"],
            "1.5": [0, 0, -1]
          },
          "scale": {
            "0.1667": [1, 1, 1],
            "0.2083": [1, "math.random(0.5, 5)", 1],
            "1.375": [1, "math.random(0.5, 5)", 1],
            "1.5": [1, 1, 1]
          }
        },
        "leftArm": {
          "rotation": {
            "0.0833": [-60, 0, -55],
            "0.2083": [-115, 0, -20],
            "1.375": [-115, 0, -20],
            "1.5": [15, 0, -30]
          },
          "position": {
            "0.0833": [0, -1, 2],
            "0.2083": ["4 + math.random(-7, 7)", "5 + math.random(-10, 10)", "-5 + math.random(-2, 7)"],
            "1.375": ["4 + math.random(-7, 7)", "5 + math.random(-10, 10)", "-5 + math.random(-2, 7)"],
            "1.5": [0, 0, -1]
          },
          "scale": {
            "0.1667": [1, 1, 1],
            "0.2083": [1, "math.random(0.5, 5)", 1],
            "1.375": [1, "math.random(0.5, 5)", 1],
            "1.5": [1, 1, 1]
          }
        },
        "rightLeg": {
          "rotation": {
            "0.0": [7.5, 5, -2.5],
            "0.2083": [-10, 20, 0.5],
            "1.375": [-10, 20, 0.5],
            "1.5": [7.5, 5, -2.5]
          },
          "position": {
            "0.0": [-1.5, 0, -1.5],
            "0.2083": [-1, -0.5, -0.5],
            "1.375": [-0.5, -0.5, -0.5],
            "1.5": [-1.5, 0, -2.5]
          }
        },
        "leftLeg": {
          "rotation": {
            "0.0": [7.5, -5, 2.5],
            "0.2083": [-10, -20, 0.5],
            "1.375": [-10, -20, 0.5],
            "1.5": [7.5, -5, 2.5]
          },
          "position": {
            "0.0": [1.5, 0, -1.5],
            "0.2083": [1, -0.5, -0.5],
            "1.375": [0.5, -0.5, -0.5],
            "1.5": [1.5, 0, -2.5]
          }
        }
      },
      "particle_effects": {
        "0.2083": {
          "effect": "luffy_gear2_gatling",
          "locator": "luffy_gatling"
        },
        "0.2917": {
          "effect": "luffy_gear2_gatling",
          "locator": "luffy_gatling"
        },
        "0.4167": {
          "effect": "luffy_gear2_gatling",
          "locator": "luffy_gatling"
        },
        "0.5": {
          "effect": "luffy_gear2_gatling",
          "locator": "luffy_gatling"
        },
        "0.5833": {
          "effect": "luffy_gear2_gatling",
          "locator": "luffy_gatling"
        },
        "0.7083": {
          "effect": "luffy_gear2_gatling",
          "locator": "luffy_gatling"
        },
        "0.7917": {
          "effect": "luffy_gear2_gatling",
          "locator": "luffy_gatling"
        },
        "0.9167": {
          "effect": "luffy_gear2_gatling",
          "locator": "luffy_gatling"
        },
        "1.0417": {
          "effect": "luffy_gear2_gatling",
          "locator": "luffy_gatling"
        },
        "1.1667": {
          "effect": "luffy_gear2_gatling",
          "locator": "luffy_gatling"
        },
        "1.2917": {
          "effect": "luffy_gear2_gatling",
          "locator": "luffy_gatling"
        }
      }
    },
    "animation.luffy.attack5": {
      "loop": "hold_on_last_frame",
      "animation_length": 1.9,
      "bones": {
        "root": {
          "rotation": [0, "q.target_y_rotation", 0]
        },
        "waist": {
          "rotation": {
            "0.0": [-5, 0, 0],
            "0.25": [10.34527, -14.76689, -2.66399],
            "0.5": [-21.44155, 66.11565, -27.35826],
            "0.75": [-21.44155, 66.11565, -27.35826],
            "0.875": [31.51883, 2.58171, -9.78307],
            "1.0": [43.81848, -40.34275, -34.77131],
            "1.25": [43.81848, -40.34275, -34.77131],
            "1.5": [43.81848, -40.34275, -34.77131],
            "1.625": [13.90274, 19.28314, -0.99929],
            "1.75": [-90.4028, 75.97118, -69.50948]
          },
          "position": {
            "0.5": [0, 0, 0],
            "0.75": [0, 0, 0],
            "1.75": [0, 0, 0]
          }
        },
        "rightArm": {
          "rotation": {
            "0.0": [-153.47749, -1.98315, 64.97365],
            "0.25": [-62.91593, 11.42094, 71.74516],
            "0.5": [12.90012, 8.07401, 104.5476],
            "0.75": [37.90012, 8.07401, 104.5476],
            "0.875": [-8.68295, 20.98063, 102.89189],
            "1.0": [-36.1379, 17.4987, 117.57872],
            "1.25": [-36.1379, 17.4987, 117.57872],
            "1.5": [-36.1379, 17.4987, 117.57872],
            "1.75": [-96.18016, -9.32142, 60.0666]
          },
          "position": {
            "0.0": [0, 0, -3.5],
            "0.25": [0, 0, 0.5],
            "0.5": [0, 0, 0.5],
            "0.75": [0, 0, 0.5]
          }
        },
        "leftArm": {
          "rotation": {
            "0.0": [0, 0, -17.5],
            "0.25": [52.5, 0, -87.5],
            "0.5": [-14.75386, -5.29571, -92.81847],
            "0.75": [-14.75386, -5.29571, -92.81847],
            "1.0": [-12.23456, -38.58603, -73.78642],
            "1.25": [-12.23456, -38.58603, -73.78642],
            "1.5": [-12.23456, -38.58603, -73.78642],
            "1.75": [39.54682, -60.24584, -133.56431]
          }
        },
        "rightLeg": {
          "rotation": {
            "0.0": [2.5, 0, 5],
            "0.25": [2.5, 0, 5],
            "0.5": [90, 77.5, 95],
            "0.75": [90, 77.5, 95],
            "1.0": [0.253, -17.37287, -0.52108],
            "1.25": [0.253, -17.37287, -0.52108],
            "1.5": [0.253, -17.37287, -0.52108],
            "1.75": [0, 42.5, 0]
          },
          "position": {
            "0.0": [0, 0, -0.5],
            "0.25": [0, 0, -1.5],
            "0.5": [0, 0, 2.5],
            "0.75": [0, 0, 2.5],
            "1.0": [1.5, -1.5, -3],
            "1.25": [1.5, -1.5, -3],
            "1.5": [1.5, -1.5, -3],
            "1.75": [0, 0, 2.5]
          }
        },
        "leftLeg": {
          "rotation": {
            "0.0": [2.5, 0, -5],
            "0.25": [2.53852, -9.99038, -5.44067],
            "0.5": [25.71528, 78.85917, 21.25152],
            "0.75": [25.71528, 78.85917, 21.25152],
            "1.0": [87.48443, 4.06838, -82.80773],
            "1.25": [87.48443, 4.06838, -82.80773],
            "1.5": [87.48443, 4.06838, -82.80773],
            "1.75": [-104.30701, 14.04081, -11.65589]
          },
          "position": {
            "0.0": [0, 0, -0.5],
            "0.25": [2, 3, -2.5],
            "0.5": [-1, 5, -6],
            "0.75": [-1, 5, -6],
            "1.0": [1.5, 1.5, 1],
            "1.25": [1.5, 1.5, 1],
            "1.5": [1.5, 1.5, 1],
            "1.75": [-3.5, 3, -2]
          }
        },
        "rightForeArm": {
          "rotation": {
            "0.0": [0, 0, 0],
            "0.5": [0, 0, 0],
            "0.75": [-15, 0, 0],
            "1.0": [0, 0, 0]
          },
          "scale": {
            "0.25": [1, 1, 1],
            "0.5": [1, 8, 1],
            "0.75": [1, 8, 1],
            "0.875": [1, 8, 1],
            "1.0": [1, 12, 1],
            "1.25": [1, 12, 1],
            "1.5": [1, 3, 1],
            "1.75": [1, 1, 1]
          }
        },
        "rightGiantPistol": {
          "rotation": {
            "0.0": [0, 0, 0],
            "0.25": [-90, 0, 0],
            "0.5": [0, 0, 0],
            "0.75": [-30, 0, 0],
            "0.875": [-52.5, 0, 0],
            "1.0": [0, 0, 0],
            "1.25": [0, 0, 0],
            "1.5": [0, 0, 0]
          },
          "position": {
            "0.0": [0, 0, 0],
            "0.25": [0, -19.5, 7],
            "0.5": [0, -36, 2],
            "0.75": [0, -34.5, -10],
            "0.875": [0, -29, 2],
            "1.0": [0, -53.5, 2],
            "1.25": [0, -53.5, 2],
            "1.5": [0, -12, 2],
            "1.75": [0, 0, 0]
          },
          "scale": {
            "0.0": [1, 1, 1],
            "0.25": [8, 8, 8],
            "0.5": [8, 8, 8],
            "0.75": [8, 8, 8],
            "1.0": [8, 8, 8],
            "1.25": [8, 8, 8],
            "1.5": [2, 2, 2],
            "1.75": [0, 0, 0]
          }
        },
        "rightGiantPistol2": {
          "rotation": {
            "0.0": [0, 0, 0],
            "0.25": [0, 0, -12.5],
            "1.25": [0, 0, -12.5],
            "1.5": [0, 0, -12.5],
            "1.75": [0, 0, 0]
          },
          "position": {
            "0.0": [0, 0, 0],
            "0.25": [0, -2.5, 0],
            "1.25": [0, -2.5, 0],
            "1.5": [0, -2.5, 0],
            "1.75": [0, 0, 0]
          }
        }
      }
    },
    "animation.luffy.stop": {
      "loop": true,
      "bones": {
        "waist": {
          "rotation": ["1.25 + math.cos(q.anim_time * 150) * 2.5", 0, 0]
        },
        "head": {
          "rotation": [15, 0, 0]
        },
        "mugiwara": {
          "rotation": [5, 0, -5]
        },
        "rightArm": {
          "rotation": [-120, 0, 10]
        },
        "leftArm": {
          "rotation": [0, 0, "-5 + math.cos(q.anim_time * 150) * 5"],
          "position": [0, "-math.cos(q.anim_time * 150) * 0.5", 0]
        },
        "rightLeg": {
          "rotation": [0, 0, 2.5],
          "position": [0, 0, -0.5]
        },
        "leftLeg": {
          "rotation": [0, -7.5, -2.5]
        }
      }
    }
  }
}