{
  "format_version": "1.8.0",
  "animations": {
    "animation.luffy_gear5.default": {
      "loop": true,
      "bones": {
        "gearFiveHair2": {
          "rotation": [0, 0, "math.sin(q.anim_time * 150) * 2.5"]
        },
        "gearFiveHair3": {
          "rotation": [0, 0, "math.sin(q.anim_time * 150) * 2.5"]
        },
        "gearFiveHair4": {
          "rotation": [0, 0, "math.sin(q.anim_time * 150) * 2.5"]
        },
        "gearFiveHair5": {
          "rotation": [0, 0, "math.sin(q.anim_time * 150) * 5"]
        },
        "gearFiveHair6": {
          "rotation": [0, 0, "math.sin(q.anim_time * 150) * 5"]
        },
        "gearFiveHair7": {
          "rotation": [0, 0, "math.sin(q.anim_time * 150) * 5"]
        },
        "gearFiveHair8": {
          "rotation": [0, 0, "math.sin(q.anim_time * 150) * 5"]
        },
        "gearFiveHair9": {
          "rotation": [0, 0, "math.sin(q.anim_time * 150) * 5"]
        },
        "gearFiveEyebrow": {
          "rotation": [0, 0, "10 + math.sin(q.anim_time * 150) * 5"],
          "position": [0, -0.25, 0]
        },
        "gearFiveEyebrow2": {
          "rotation": [0, 0, "-10 + math.sin(q.anim_time * 150) * -5"],
          "position": [0, -0.25, 0]
        },
        "gearFiveSmoke": {
          "scale": "1.05 + math.sin(q.anim_time * 150) * 0.05"
        },
        "gearFiveSmoke4": {
          "rotation": [-7.5, 0, "-2.5 + math.sin(q.anim_time * 150) * 2.5"]
        },
        "gearFiveSmoke2": {
          "rotation": [12.5, "17.5 + math.sin(q.anim_time * 150) * 2.5", 0]
        },
        "gearFiveSmoke5": {
          "rotation": [22.5, 0, -6]
        },
        "gearFiveSmoke6": {
          "rotation": [27.5, -5, 12.5]
        },
        "gearFiveSmoke3": {
          "rotation": [-20, "-7.5 + math.sin(q.anim_time * 150) * -7.5", 2.5]
        },
        "gearFiveSmoke1": {
          "rotation": [7.5, "-15 + math.sin(q.anim_time * 150) * 2.5", 0]
        },
        "gearFiveSmoke7": {
          "rotation": [7.5, "15 + math.sin(q.anim_time * 150) * -2.5", 0]
        },
        "gearFiveSmoke8": {
          "rotation": [12.5, "-17.5 + math.sin(q.anim_time * 150) * -2.5", 0]
        },
        "gearFiveSmoke9": {
          "rotation": [-20, "7.5 + math.sin(q.anim_time * 150) * 7.5", 2.5]
        },
        "gearFiveSmoke10": {
          "rotation": [-7.5, 0, "2.5 + math.sin(q.anim_time * 150) * -2.5"]
        },
        "gearFiveSmoke11": {
          "rotation": [22.5, 0, 5]
        },
        "gearFiveSmoke12": {
          "rotation": [27.5, 5, -12.5]
        }
      }
    },
    "animation.luffy_gear5.sprint": {
      "loop": true,
      "animation_length": 0.9,
      "bones": {
        "rightLeg": {
          "scale": 0
        },
        "leftLeg": {
          "scale": 0
        },
        "waist": {
          "rotation": [5, 0, 0]
        },
        "gearFiveSprint": {
          "rotation": ["q.anim_time * 800", 0, 0]
        },
        "gearFiveSprint2": {
          "rotation": ["q.anim_time * 400", 0, 0]
        }
      },
      "particle_effects": {
        "0.0": [
          {
            "effect": "luffy_gear5_sprint",
            "locator": "gearfive_sprint"
          },
          {
            "effect": "luffy_gear5_sprint2",
            "locator": "gearfive_root"
          }
        ],
        "0.1": [
          {
            "effect": "luffy_gear5_sprint",
            "locator": "gearfive_sprint"
          },
          {
            "effect": "luffy_gear5_sprint2",
            "locator": "gearfive_root"
          }
        ],
        "0.2": [
          {
            "effect": "luffy_gear5_sprint",
            "locator": "gearfive_sprint"
          },
          {
            "effect": "luffy_gear5_sprint2",
            "locator": "gearfive_root"
          }
        ],
        "0.3": [
          {
            "effect": "luffy_gear5_sprint",
            "locator": "gearfive_sprint"
          },
          {
            "effect": "luffy_gear5_sprint2",
            "locator": "gearfive_root"
          }
        ],
        "0.4": [
          {
            "effect": "luffy_gear5_sprint",
            "locator": "gearfive_sprint"
          },
          {
            "effect": "luffy_gear5_sprint2",
            "locator": "gearfive_root"
          }
        ],
        "0.5": [
          {
            "effect": "luffy_gear5_sprint",
            "locator": "gearfive_sprint"
          },
          {
            "effect": "luffy_gear5_sprint2",
            "locator": "gearfive_root"
          }
        ],
        "0.6": [
          {
            "effect": "luffy_gear5_sprint",
            "locator": "gearfive_sprint"
          },
          {
            "effect": "luffy_gear5_sprint2",
            "locator": "gearfive_root"
          }
        ],
        "0.7": [
          {
            "effect": "luffy_gear5_sprint",
            "locator": "gearfive_sprint"
          },
          {
            "effect": "luffy_gear5_sprint2",
            "locator": "gearfive_root"
          }
        ],
        "0.8": [
          {
            "effect": "luffy_gear5_sprint",
            "locator": "gearfive_sprint"
          },
          {
            "effect": "luffy_gear5_sprint2",
            "locator": "gearfive_root"
          }
        ]
      }
    },
    "animation.luffy_gear5.transform": {
      "loop": "hold_on_last_frame",
      "animation_length": 10,
      "override_previous_animation": true,
      "bones": {
        "head": {
          "rotation": {
            "0.0": [0, 0, 0],
            "0.5": [20, 0, 0],
            "2.5": [20, 0, 0],
            "3.0": [-5, 0, 0],
            "9.0": [-5, 0, 0],
            "9.25": [-5, 0, 0],
            "9.75": [0, 0, 0]
          },
          "position": {
            "0.0": [0, 0, 0],
            "0.5": [0, -1, -1],
            "2.5": [0, -1, -1],
            "3.0": [0, 0, 0],
            "9.0": [0, 0, 0],
            "9.25": [0, 0, 0],
            "9.75": [0, 0, 0]
          }
        },
        "rightArm": {
          "rotation": {
            "0.0": [0, 0, 0],
            "0.5": [-47.5, 0, 0],
            "2.5": [-47.5, 0, 0],
            "3.0": [-5.43327, -47.2626, -82.62128],
            "9.0": [-5.43327, -47.2626, -82.62128],
            "9.25": [10, 0, 22.5],
            "9.75": [0, 0, 0]
          },
          "position": {
            "0.0": [0, 0, 0],
            "0.5": [2, -2, -3],
            "2.5": [2, -2, -3],
            "3.0": [-0.86, -1.14, -1.71],
            "9.0": [-0.86, -1.14, -1.71],
            "9.25": [0, 0.5, 1],
            "9.75": [0, 0, 0]
          }
        },
        "leftArm": {
          "rotation": {
            "0.0": [0, 0, 0],
            "0.5": [-12.5, 0, -22.5],
            "2.5": [-12.5, 0, -22.5],
            "3.0": [-12.5, 0, -22.5],
            "9.0": [-12.5, 0, -22.5],
            "9.25": [10, 0, -22.5],
            "9.75": [0, 0, 0]
          },
          "position": {
            "0.0": [0, 0, 0],
            "0.5": [0, 0.5, 1],
            "2.5": [0, 0.5, 1],
            "3.0": [0, 0.5, 1],
            "9.0": [0, 0.5, 1],
            "9.25": [0, 0.5, 1],
            "9.75": [0, 0, 0]
          }
        },
        "rightLeg": {
          "rotation": {
            "0.0": [0, 0, 0],
            "0.5": [0, 0, 5],
            "2.5": [0, 0, 5],
            "3.0": [0, 0, 5],
            "9.0": [0, 0, 5],
            "9.25": [0, 0, 5],
            "9.75": [0, 0, 0]
          },
          "position": {
            "0.0": [0, 0, 0],
            "0.5": [-3, 0, 0],
            "2.5": [-3, 0, 0],
            "3.0": [-1.5, 0, 0],
            "9.0": [-1.5, 0, 0],
            "9.25": [-0.5, 0, 0],
            "9.75": [0, 0, 0]
          }
        },
        "leftLeg": {
          "rotation": {
            "0.0": [0, 0, 0],
            "0.5": [0, 0, -5],
            "2.5": [0, 0, -5],
            "3.0": [0, 0, -5],
            "9.0": [0, 0, -5],
            "9.25": [0, 0, -5],
            "9.75": [0, 0, 0]
          },
          "position": {
            "0.0": [0, 0, 0],
            "0.5": [3, 0, 0],
            "2.5": [3, 0, 0],
            "3.0": [1.5, 0, 0],
            "9.0": [1.5, 0, 0],
            "9.25": [1.5, 0, 0],
            "9.75": [0, 0, 0]
          }
        },
        "waist": {
          "rotation": {
            "0.0": [0, 0, 0],
            "0.5": [47.5, 0, 0],
            "2.5": [47.5, 0, 0],
            "3.0": [-2.5, 0, 0],
            "9.0": [-2.5, 0, 0],
            "9.25": [2.5, 0, 0],
            "9.75": [0, 0, 0]
          },
          "position": {
            "0.0": [0, 0, 0],
            "0.5": [0, -2.5, 2],
            "2.5": [0, -2.5, 2],
            "3.0": [0, -0.5, 1],
            "9.0": [0, -0.5, 1],
            "9.25": [0, -0.5, 1],
            "9.75": [0, 0, 0]
          }
        },
        "rightForeArm": {
          "scale": {
            "0.0": [1, 1, 1],
            "0.5": [1, 1.5, 1],
            "2.5": [1, 1.5, 1],
            "3.0": [1, 1, 1],
            "9.0": [1, 1, 1],
            "9.25": [1, 1, 1],
            "9.75": [1, 1, 1]
          }
        }
      },
      "sound_effects": {
        "0.0": {
          "effect": "luffy_gear5"
        }
      },
      "particle_effects": {
        "0.75": {
          "effect": "slash_white.small",
          "locator": "gearfive_waist"
        },
        "2.75": {
          "effect": "slash_white.small",
          "locator": "gearfive_waist"
        },
        "3.75": {
          "effect": "luffy_gear5_thunder2",
          "locator": "gearfive_waist"
        },
        "4.25": {
          "effect": "slash_white.small",
          "locator": "gearfive_waist"
        },
        "4.75": {
          "effect": "slash_white.small",
          "locator": "gearfive_waist"
        },
        "5.25": {
          "effect": "luffy_gear5_thunder2",
          "locator": "gearfive_waist"
        },
        "5.75": {
          "effect": "slash_white.small",
          "locator": "gearfive_waist"
        },
        "6.0": {
          "effect": "slash_white.small",
          "locator": "gearfive_waist"
        },
        "6.25": {
          "effect": "luffy_gear5_thunder2",
          "locator": "gearfive_waist"
        },
        "6.5": {
          "effect": "slash_white.small",
          "locator": "gearfive_waist"
        },
        "6.75": {
          "effect": "slash_white.small",
          "locator": "gearfive_waist"
        },
        "7.0": {
          "effect": "luffy_gear5_thunder2",
          "locator": "gearfive_waist"
        },
        "7.25": {
          "effect": "slash_white.small",
          "locator": "gearfive_waist"
        },
        "7.5": {
          "effect": "luffy_gear5_thunder2",
          "locator": "gearfive_waist"
        },
        "7.75": {
          "effect": "slash_white.small",
          "locator": "gearfive_waist"
        },
        "8.0": [
          {
            "effect": "luffy_gear5_thunder3",
            "locator": "gearfive_waist"
          },
          {
            "effect": "smoke_white.small",
            "locator": "gearfive_waist"
          }
        ],
        "8.25": {
          "effect": "slash_white.default",
          "locator": "gearfive_waist"
        },
        "8.5": {
          "effect": "slash_white.small",
          "locator": "gearfive_waist"
        },
        "8.75": {
          "effect": "luffy_gear5_thunder2",
          "locator": "gearfive_waist"
        },
        "9.25": [
          {
            "effect": "luffy_gear5_thunder2",
            "locator": "gearfive_waist"
          },
          {
            "effect": "luffy_gear5_thunder3",
            "locator": "gearfive_waist"
          },
          {
            "effect": "smash_white.default",
            "locator": "gearfive_waist"
          },
          {
            "effect": "slash_white.default",
            "locator": "gearfive_waist"
          }
        ]
      }
    },
    "animation.luffy_gear5.attack3": {
      "loop": "hold_on_last_frame",
      "animation_length": 1.77,
      "bones": {
        "root": {
          "rotation": [0, "q.target_y_rotation", 0]
        },
        "waist": {
          "rotation": {
            "0.0": [-5, 0, 0],
            "0.25": [10.34527, -14.76689, -2.66399],
            "0.5": [-21.44155, 66.11565, -27.35826],
            "0.75": [-21.44155, 66.11565, -27.35826],
            "0.875": [31.51883, 2.58171, -9.78307],
            "1.0": [43.81848, -40.34275, -34.77131],
            "1.25": [43.81848, -40.34275, -34.77131],
            "1.5": [43.81848, -40.34275, -34.77131],
            "1.625": [13.90274, 19.28314, -0.99929],
            "1.75": [-90.4028, 75.97118, -69.50948]
          },
          "position": {
            "0.5": [0, 0, 0],
            "0.75": [0, 0, 0],
            "1.75": [0, 0, 0]
          }
        },
        "rightArm": {
          "rotation": {
            "0.0": [-153.47749, -1.98315, 64.97365],
            "0.25": [-62.91593, 11.42094, 71.74516],
            "0.5": [12.90012, 8.07401, 104.5476],
            "0.75": [37.90012, 8.07401, 104.5476],
            "0.875": [-8.68295, 20.98063, 102.89189],
            "1.0": [-36.1379, 17.4987, 117.57872],
            "1.25": [-36.1379, 17.4987, 117.57872],
            "1.5": [-36.1379, 17.4987, 117.57872],
            "1.75": [-96.18016, -9.32142, 60.0666]
          },
          "position": {
            "0.0": [0, 0, -3.5],
            "0.25": [0, 0, 0.5],
            "0.5": [0, 0, 0.5],
            "0.75": [0, 0, 0.5]
          }
        },
        "leftArm": {
          "rotation": {
            "0.0": [0, 0, -17.5],
            "0.25": [52.5, 0, -87.5],
            "0.5": [-14.75386, -5.29571, -92.81847],
            "0.75": [-14.75386, -5.29571, -92.81847],
            "1.0": [-12.23456, -38.58603, -73.78642],
            "1.25": [-12.23456, -38.58603, -73.78642],
            "1.5": [-12.23456, -38.58603, -73.78642],
            "1.75": [39.54682, -60.24584, -133.56431]
          }
        },
        "rightLeg": {
          "rotation": {
            "0.0": [2.5, 0, 5],
            "0.25": [2.5, 0, 5],
            "0.5": [90, 77.5, 95],
            "0.75": [90, 77.5, 95],
            "1.0": [0.253, -17.37287, -0.52108],
            "1.25": [0.253, -17.37287, -0.52108],
            "1.5": [0.253, -17.37287, -0.52108],
            "1.75": [0, 42.5, 0]
          },
          "position": {
            "0.0": [0, 0, -0.5],
            "0.25": [0, 0, -1.5],
            "0.5": [0, 0, 2.5],
            "0.75": [0, 0, 2.5],
            "1.0": [1.5, -1.5, -3],
            "1.25": [1.5, -1.5, -3],
            "1.5": [1.5, -1.5, -3],
            "1.75": [0, 0, 2.5]
          }
        },
        "leftLeg": {
          "rotation": {
            "0.0": [2.5, 0, -5],
            "0.25": [2.53852, -9.99038, -5.44067],
            "0.5": [25.71528, 78.85917, 21.25152],
            "0.75": [25.71528, 78.85917, 21.25152],
            "1.0": [87.48443, 4.06838, -82.80773],
            "1.25": [87.48443, 4.06838, -82.80773],
            "1.5": [87.48443, 4.06838, -82.80773],
            "1.75": [-104.30701, 14.04081, -11.65589]
          },
          "position": {
            "0.0": [0, 0, -0.5],
            "0.25": [2, 3, -2.5],
            "0.5": [-1, 5, -6],
            "0.75": [-1, 5, -6],
            "1.0": [1.5, 1.5, 1],
            "1.25": [1.5, 1.5, 1],
            "1.5": [1.5, 1.5, 1],
            "1.75": [-3.5, 3, -2]
          }
        },
        "rightForeArm": {
          "rotation": {
            "0.0": [0, 0, 0],
            "0.5": [0, 0, 0],
            "0.75": [-15, 0, 0],
            "1.0": [0, 0, 0]
          },
          "scale": {
            "0.25": [1, 1, 1],
            "0.5": [1, 8, 1],
            "0.75": [1, 8, 1],
            "0.875": [1, 8, 1],
            "1.0": [1, 12, 1],
            "1.25": [1, 12, 1],
            "1.5": [1, 3, 1],
            "1.75": [1, 1, 1]
          }
        },
        "gearFiveGiantPistol": {
          "rotation": {
            "0.0": [0, 0, 0],
            "0.25": [-90, 0, 0],
            "0.5": [0, 0, 0],
            "0.75": [-30, 0, 0],
            "0.875": [-52.5, 0, 0],
            "1.0": [0, 0, 0],
            "1.25": [0, 0, 0],
            "1.5": [0, 0, 0]
          },
          "position": {
            "0.0": [0, 0, 0],
            "0.25": [0, -19.5, 7],
            "0.5": [0, -36, 2],
            "0.75": [0, -34.5, -10],
            "0.875": [0, -29, 2],
            "1.0": [0, -53.5, 2],
            "1.25": [0, -53.5, 2],
            "1.5": [0, -12, 2],
            "1.75": [0, 0, 0]
          },
          "scale": {
            "0.0": [1, 1, 1],
            "0.25": [8, 8, 8],
            "0.5": [8, 8, 8],
            "0.75": [8, 8, 8],
            "1.0": [8, 8, 8],
            "1.25": [8, 8, 8],
            "1.5": [2, 2, 2],
            "1.75": [0, 0, 0]
          }
        },
        "gearFiveGiantPistol2": {
          "rotation": {
            "0.0": [0, 0, 0],
            "0.25": [0, 0, -12.5],
            "1.25": [0, 0, -12.5],
            "1.5": [0, 0, -12.5],
            "1.75": [0, 0, 0]
          },
          "position": {
            "0.0": [0, 0, 0],
            "0.25": [0, -2.5, 0],
            "1.25": [0, -2.5, 0],
            "1.5": [0, -2.5, 0],
            "1.75": [0, 0, 0]
          }
        }
      }
    },
    "animation.luffy_gear5.attack4": {
      "loop": "hold_on_last_frame",
      "animation_length": 0.9,
      "bones": {
        "root": {
          "scale": {
            "0.0": [5, 5, 5],
            "0.6667": [5, 5, 5],
            "0.75": [1, 1, 1]
          }
        },
        "waist": {
          "rotation": {
            "0.0": [7.5, -20, 0],
            "0.2083": {
              "pre": [2.5, -20, 0],
              "post": [2.5, -20, 0],
              "lerp_mode": "catmullrom"
            },
            "0.3333": {
              "post": [10, -15, 0],
              "lerp_mode": "catmullrom"
            },
            "0.5": [7.5, -12.5, 0]
          },
          "position": {
            "0.0": [0, 0, 0],
            "0.2083": {
              "pre": [0, 0, 0],
              "post": [0, 0, 0],
              "lerp_mode": "catmullrom"
            },
            "0.3333": {
              "post": [0, -1, 0],
              "lerp_mode": "catmullrom"
            },
            "0.5": [0, -1, 0]
          }
        },
        "head": {
          "rotation": {
            "0.0": [10, 0, 0],
            "0.2083": {
              "pre": [2.5, 0, 0],
              "lerp_mode": "catmullrom"
            },
            "0.3333": {
              "post": [17.5, 0, 0],
              "lerp_mode": "catmullrom"
            },
            "0.5": [17.5, 0, 0]
          }
        },
        "rightArm": {
          "rotation": {
            "0.0": [-12.5, 0, 10],
            "0.2083": {
              "pre": [0, 0, 15],
              "post": [0, 0, 15],
              "lerp_mode": "catmullrom"
            },
            "0.3333": {
              "post": [0, 0, 15],
              "lerp_mode": "catmullrom"
            },
            "0.5": [0, 0, 15]
          }
        },
        "leftArm": {
          "rotation": {
            "0.0": [12.5, 0, -10],
            "0.2083": {
              "pre": [0, 0, -15],
              "post": [0, 0, -15],
              "lerp_mode": "catmullrom"
            },
            "0.3333": {
              "post": [0, 0, -15],
              "lerp_mode": "catmullrom"
            },
            "0.5": [0, 0, -15]
          }
        },
        "rightLeg": {
          "rotation": {
            "0.0": [-12.5, 0, 0],
            "0.2083": {
              "pre": [-17.5, 0, 0],
              "post": [-17.5, 0, 0],
              "lerp_mode": "catmullrom"
            },
            "0.3333": {
              "post": [-5, 0, 0],
              "lerp_mode": "catmullrom"
            },
            "0.5": [-5, 0, 0]
          },
          "position": {
            "0.0": [0, 3, -3],
            "0.2083": {
              "pre": [0, 4.5, -3],
              "post": [0, 4.5, -3],
              "lerp_mode": "catmullrom"
            },
            "0.3333": {
              "post": [0, 0, -1.5],
              "lerp_mode": "catmullrom"
            },
            "0.5": [0, 0, -1.5]
          }
        },
        "leftLeg": {
          "rotation": [12.5, -10, 0]
        }
      }
    },
    "animation.luffy_gear5.attack5": {
      "loop": "hold_on_last_frame",
      "animation_length": 1.2,
      "bones": {
        "leftLeg": {
          "rotation": {
            "0.375": [34.72673, -10.078, -11.22555],
            "0.5": [47.44282, -24.93345, -41.41308],
            "0.75": [42.44388, -33.7895, -31.26835],
            "1.0": [34.72673, -10.078, -11.22555]
          },
          "position": {
            "0.375": [1, 1, -4.5],
            "0.5": [1, 1, 1.5],
            "0.75": [1, 1, 1.5],
            "1.0": [1, 1, -4.5]
          }
        },
        "rightLeg": {
          "rotation": {
            "0.375": [39.38884, 35.84498, 2.71064],
            "0.5": [35.90946, -0.4732, -3.77411],
            "0.75": [35.62557, -4.86107, 2.31647],
            "1.0": [39.38884, 35.84498, 2.71064]
          },
          "position": {
            "0.375": [-3.5, 2.5, -3.5],
            "0.5": [-0.5, 1.5, -7],
            "0.75": [1, 1.5, -7],
            "1.0": [-3.5, 2.5, -3.5]
          }
        },
        "waist": {
          "rotation": {
            "0.0": [7.56397, 7.43547, 0.98448],
            "0.375": [7.97532, 19.82169, 2.71994],
            "0.5": [30.3627, -50.99947, -26.16015],
            "0.75": [30.3627, -50.99947, -26.16015],
            "1.0": [7.56397, 7.43547, 0.98448]
          }
        },
        "rightArm": {
          "rotation": {
            "0.0": [22.36709, -1.05867, 77.80214],
            "0.375": [47.67756, 6.87999, 83.89585],
            "0.5": [-32.93104, -17.36466, 123.13719],
            "0.75": [-31.44946, 6.03661, 108.51644],
            "1.0": [-16.80442, -5.52235, 63.45423]
          }
        },
        "leftArm": {
          "rotation": {
            "0.375": [23.52836, 2.33015, -57.54687],
            "0.5": [21.50266, 10.05702, -76.11785],
            "0.75": [21.50266, 10.05702, -76.11785],
            "1.0": [-16.47164, 2.33015, -57.54687]
          }
        },
        "gearFiveKaminari": {
          "rotation": {
            "0.25": [0, 0, 0],
            "0.5": [45, 0, 0]
          },
          "scale": {
            "0.5": [1, 1, 1],
            "0.6": [0, 0, 0]
          }
        }
      },
      "particle_effects": {
        "0.0": [
          {
            "effect": "luffy_gear5_kaminari",
            "locator": "gearfive_kaminari"
          },
          {
            "effect": "luffy_gear5_kaminari",
            "locator": "gearfive_kaminari2"
          }
        ],
        "0.1": [
          {
            "effect": "luffy_gear5_kaminari",
            "locator": "gearfive_kaminari"
          },
          {
            "effect": "luffy_gear5_kaminari",
            "locator": "gearfive_kaminari2"
          }
        ],
        "0.2": [
          {
            "effect": "luffy_gear5_kaminari",
            "locator": "gearfive_kaminari"
          },
          {
            "effect": "luffy_gear5_kaminari",
            "locator": "gearfive_kaminari2"
          }
        ],
        "0.3": [
          {
            "effect": "luffy_gear5_kaminari",
            "locator": "gearfive_kaminari"
          },
          {
            "effect": "luffy_gear5_kaminari",
            "locator": "gearfive_kaminari2"
          }
        ]
      }
    },
    "animation.luffy_gear5.attack6": {
      "loop": "hold_on_last_frame",
      "animation_length": 2.7,
      "bones": {
        "root": {
          "rotation": {
            "0.875": [0, 17.5, 0],
            "1.25": [80, 0, 0],
            "1.75": [80, 0, 0],
            "2.0": [80, 0, 0]
          },
          "position": {
            "0.875": [0, 0, 0],
            "1.25": [0, 8, 24],
            "1.75": [0, 8, 24],
            "2.0": [0, 8, 24]
          }
        },
        "waist": {
          "rotation": {
            "0.5": [15.91527, 19.291, 5.38152],
            "0.875": [15.91527, 19.291, 5.38152],
            "1.25": [15, 0, 0],
            "2.3125": [15, 0, 0],
            "2.5": [-5, 0, 0]
          }
        },
        "leftLeg": {
          "rotation": {
            "0.0": [27.5, 0, 0],
            "0.5": [42.5, 0, 0],
            "0.875": [42.5, 0, 0],
            "1.25": [80, 0, 0],
            "1.75": [80, 0, 0],
            "2.0": [80, 0, 0],
            "2.5": [40, 0, 0]
          },
          "position": {
            "2.0": [0, 0, 1.5],
            "2.5": [0, 0, 0.5]
          }
        },
        "leftArm": {
          "rotation": {
            "0.0": [-45, 0, -75],
            "0.5": [-2.5, 0, -75],
            "0.875": [-2.5, 0, -75],
            "1.25": [35, 0, -75],
            "1.75": [35, 0, -75],
            "2.0": [35, 0, -75],
            "2.5": [-10, 0, -75]
          }
        },
        "rightArm": {
          "rotation": {
            "0.0": [6.81437, 11.09805, 79.3605],
            "0.5": [54.54039, -9.34564, 93.82886],
            "0.875": [54.54039, -9.34564, 93.82886],
            "1.25": [-90.45814, 8.1538, 93.68924],
            "1.5": [-90.81576, 8.12601, 91.16395],
            "1.75": [-90.81576, 8.12601, 91.16395],
            "2.0": [-90.81576, 8.12601, 91.16395],
            "2.25": [-90.81576, 8.12601, 91.16395],
            "2.5": [24.18424, 8.12601, 91.16395]
          },
          "position": {
            "0.5": [0, 0, 0],
            "0.875": [0, 0, 0],
            "1.25": [0, 0, 0]
          }
        },
        "gearFiveBajrangGun": {
          "rotation": {
            "0.0": [0, 0, 0],
            "0.5": [-92.5, 0, 0],
            "0.875": [-85, 0, 0],
            "1.25": [0, 0, 0],
            "1.75": [0, 0, 0],
            "2.0": [0, 0, 0]
          },
          "position": {
            "0.0": [0, 0, 0],
            "0.5": [0, -9.5, -5],
            "0.875": [0, -9.5, -5],
            "1.25": [0, -9.5, 0],
            "1.75": [0, -9.5, 0],
            "2.0": [0, -9.5, 0],
            "2.125": [0, -9.5, 0],
            "2.25": [0, 0, 0]
          },
          "scale": {
            "0.0": [1, 1, 1],
            "0.5": [1, 9.8, 1.25],
            "0.875": [1, 9.8, 1.25],
            "1.25": [1, 10, 1.25],
            "1.5": [1, 46, 1.25],
            "1.75": [1, 46, 1.25],
            "2.0": [1, 46, 1.25],
            "2.125": [1, 24, 1.25],
            "2.25": [0, 0, 0]
          }
        },
        "rightLeg": {
          "rotation": {
            "0.0": [-2.5, 0, 0],
            "0.5": [-10, 0, 0],
            "0.875": [-10, 0, 0],
            "1.25": [25, 0, 0],
            "1.75": [25, 0, 0],
            "2.25": [25, 0, 0],
            "2.5": [7.5, 0, 0]
          },
          "position": {
            "0.0": [0, 0.5, -2],
            "0.5": [0, 0.5, -2],
            "0.875": [0, 0.5, -2],
            "1.25": [0, 0.5, -3.5],
            "1.75": [0, 0.5, -3.5],
            "2.25": [0, 0.5, -3.5],
            "2.5": [0, 1.5, -2.5]
          }
        },
        "rightForeArm": {
          "rotation": {
            "0.0": [0, 0, 0],
            "0.5": [-30, 0, 0],
            "0.875": [-30, 0, 0],
            "1.25": [0, 0, 0],
            "1.75": [0, 0, 0],
            "2.0": [0, 0, 0],
            "2.25": [0, 0, 0]
          },
          "scale": {
            "0.0": [1, 1, 1],
            "0.5": [1, 2.5, 1],
            "0.875": [1, 2.5, 1],
            "1.25": [1, 2.5, 1],
            "1.75": [1, 2.5, 1],
            "2.0": [1, 2.5, 1],
            "2.25": [1, 1, 1]
          }
        },
        "gearFiveBajrangGun2": {
          "rotation": {
            "0.0": [0, 0, 0],
            "0.5": [-129.60745, 6.83596, 2.27612],
            "0.875": [-124.60745, 6.83596, 2.27612],
            "1.25": [0, 0, 0],
            "1.75": [0, 0, 0],
            "2.0": [0, 0, 0]
          },
          "position": {
            "0.0": [0, 0, 0],
            "0.5": [0, -8, -50.5],
            "0.875": [0, -8, -50.5],
            "1.25": [0, -45.5, 0],
            "1.5": [0, -205, 0],
            "1.75": [0, -205, 0],
            "2.0": [0, -205, 0],
            "2.125": [0, -108, 0],
            "2.25": [0, 0, 0]
          },
          "scale": {
            "0.0": [0, 0, 0],
            "0.5": [25, 25, 25],
            "0.875": [25, 25, 25],
            "1.25": [45, 45, 45],
            "1.5": [55, 55, 55],
            "1.75": [55, 55, 55],
            "2.0": [45, 45, 45],
            "2.125": [10, 10, 10],
            "2.25": [0, 0, 0]
          }
        },
        "gearFiveBajrangGun3": {
          "rotation": [0, 0, 0],
          "position": {
            "0.0": [0, 0, 0],
            "0.5": [0, -1.5, 0],
            "2.0": [0, -1, 0],
            "2.25": [0, 0, 0]
          }
        }
      },
      "particle_effects": {
        "0.3125": {
          "effect": "luffy_gear5_bajrang",
          "locator": "gearfive_waist"
        },
        "0.75": {
          "effect": "luffy_gear5_bajrang",
          "locator": "gearfive_waist"
        },
        "1.25": {
          "effect": "expansion_white.big",
          "locator": "bajrang_gun"
        },
        "1.375": {
          "effect": "expansion_white.big",
          "locator": "bajrang_gun"
        }
      }
    }
  }
}