{
  "format_version": "1.16.100",
  "minecraft:item": {
    "description": {
      "identifier": "mello:missao_completa",
      "category": "items"
    },
    "components": {
      "minecraft:icon": {
        "texture": "missao_completa"
      },
        "minecraft:display_name": {
        "value": "Pergaminho De Missão Completa"
      },
      "minecraft:use_duration": 9999,
      "minecraft:max_stack_size": 1,
      "minecraft:hand_equipped": false,
      "minecraft:cooldown": {
        "category": "missao_completa",
         "duration": 0
      }
    },
    "events": {}
  }
}