{
  "format_version": "1.17.100",
  "minecraft:item": {
    "description": {
      "identifier": "mello:pergaminho",
      "category": "items"
    },
    "components": {
      "minecraft:max_stack_size": 16,
      "minecraft:hand_equipped": false,
      "minecraft:foil": false,
      "minecraft:icon": {
        "texture": "pergaminho"
      },
      "minecraft:cooldown": {
        "category": "pergaminho",
        "duration": 0.1
      },
      "minecraft:display_name": {
        "value": "Pergaminho De Invocaçao De XP"
      },
      "minecraft:on_use": {
        "on_use": {
          "event": "mello",
          "target": "self"
        }
      }
    },
    "events": {
      "mello": {
        "sequence": [
          {
            "randomize": [
              {
                "weight": 70,
                "run_command": {
                  "command": [
                    "xp 5l",
                    "clear @s mello:pergaminho 0 1"
                  ]
                }
              },
              {
                "weight": 30,
                "run_command": {
                  "command": [
                    "xp 10l",
                    "clear @s mello:pergaminho 0 1"
                  ]
                }
              }
            ]
          }
        ]
      }
    }
  }
}