{
  "format_version": "1.17.100",
  "minecraft:item": {
    "description": {
      "identifier": "mello:pergaminho_selamento",
      "category": "items"
    },
    "components": {
      "minecraft:max_stack_size": 16,
      "minecraft:hand_equipped": false,
      "minecraft:foil": false,
      "minecraft:icon": {
        "texture": "pergaminho_selamento"
      },
      "minecraft:cooldown": {
        "category": "pergaminho_selamento",
        "duration": 30
      },
      "minecraft:display_name": {
        "value": "Pergaminho De Selamento"
      },
      "minecraft:on_use": {
        "on_use": {
          "event": "mello",
          "target": "self"
        }
      }
    },
    "events": {
      "mello": {
        "run_command": {
          "command": [
                    "tag @s remove amaterasu"
        ]
       }
     }
   }
 }
}