{
  "format_version": "1.17.100",
  "minecraft:item": {
    "description": {
      "identifier": "mello:pergaminho_proibido",
      "category": "items"
    },
    "components": {
      "minecraft:max_stack_size": 1,
      "minecraft:hand_equipped": false,
      "minecraft:foil": false,
      "minecraft:icon": {
        "texture": "pergaminho_proibido"
      },
      "minecraft:cooldown": {
        "category": "pergaminho_proibido",
        "duration": 1
      },
      "minecraft:display_name": {
        "value": "Pergaminho Proibido"
      },
      "minecraft:on_use": {
        "on_use": {
          "event": "mello",
          "target": "self"
        }
      }
    },
    "events": {
      "mello": {
        "sequence": [
          {
            "randomize": [
              {
                "weight": 10,
                "run_command": {
                  "command": [
                    "replaceitem entity @s slot.weapon.mainhand 0 mello:kunai_minato 1 0"
                  ]
                }
              },
              {
                "weight": 10,
                "run_command": {
                  "command": [
                    "replaceitem entity @s slot.weapon.mainhand 0 mello:clone_sombras 1 0"
                  ]
                }
              },
              {
                "weight": 10,
                "run_command": {
                  "command": [
                    "replaceitem entity @s slot.weapon.mainhand 0 mello:espada_trovao 1 0"
                  ]
                }
              },
              {
                "weight": 10,
                "run_command": {
                  "command": [
                    "replaceitem entity @s slot.weapon.mainhand 0 mello:celulas_item 1 0"
                  ]
                }
              },
              {
                "weight": 10,
                "run_command": {
                  "command": [
                    "replaceitem entity @s slot.weapon.mainhand 0 mello:celulas_2_item 1 0"
                  ]
                }
              },
              {
                "weight": 10,
                "run_command": {
                  "command": [
                    "replaceitem entity @s slot.weapon.mainhand 0 mello:celulas_3_item 1 0"
                  ]
                }
              },
              {
                "weight": 10,
                "run_command": {
                  "command": [
                    "replaceitem entity @s slot.weapon.mainhand 0 mello:celulas_4_item 1 0"
                  ]
                }
              },
              {
                "weight": 10,
                "run_command": {
                  "command": [
                    "replaceitem entity @s slot.weapon.mainhand 0 mello:pergaminho_selamento 1 0"
                  ]
                }
              }
            ]
          }
        ]
      }
    }
  }
}