{
	"format_version": "1.12.0",
	"minecraft:geometry": [
		{
			"description": {
				"identifier": "geometry.anh",
				"texture_width": 128,
				"texture_height": 128,
				"visible_bounds_width": 4,
				"visible_bounds_height": 4.5,
				"visible_bounds_offset": [0, 0.75, 0]
			},
			"bones": [
				{
					"name": "root",
					"pivot": [0, 0, 0]
				},
				{
					"name": "waist",
					"parent": "root",
					"pivot": [0, 12, 0]
				},
				{
					"name": "body",
					"parent": "waist",
					"pivot": [0, 24, 0],
					"cubes": [
						{"origin": [-4, 12, -2], "size": [8, 12, 4], "uv": [104, 112]}
					]
				},
				{
					"name": "cape",
					"parent": "body",
					"pivot": [0, 24, 3]
				},
				{
					"name": "head",
					"parent": "body",
					"pivot": [0, 24, 0],
					"cubes": [
						{"origin": [-4, 24, -4], "size": [8, 8, 8], "uv": [96, 112]}
					]
				},
				{
					"name": "rightArm",
					"parent": "body",
					"pivot": [-5, 22, 0],
					"cubes": [
						{
							"origin": [-8, 12, -2],
							"size": [4, 12, 4],
							"uv": {
								"north": {"uv": [24, 24], "uv_size": [4, 12]},
								"east": {"uv": [0, 28], "uv_size": [4, 12]},
								"south": {"uv": [28, 0], "uv_size": [4, 12]},
								"west": {"uv": [4, 28], "uv_size": [4, 12]},
								"up": {"uv": [4, 40], "uv_size": [4, 4]},
								"down": {"uv": [40, 10], "uv_size": [4, -4]}
							}
						}
					]
				},
				{
					"name": "rightKatana",
					"parent": "rightArm",
					"pivot": [-6, 12.57843, 1.96886],
					"rotation": [0.10901, -0.00238, -0.00238],
					"cubes": [
						{
							"origin": [-6.31204, 11.79601, -3.25099],
							"size": [0.62409, 1.41238, 8.8046],
							"uv": {
								"north": {"uv": [7.5, 50], "uv_size": [-0.5, 1.5]},
								"east": {"uv": [8.75, 44], "uv_size": [-8.75, 1.5]},
								"south": {"uv": [50.5, 9], "uv_size": [-0.5, 1.5]},
								"west": {"uv": [50.75, 42], "uv_size": [-8.75, 1.5]},
								"up": {"uv": [41.5, 44], "uv_size": [-0.5, 8.75]},
								"down": {"uv": [42.5, 52.75], "uv_size": [-0.5, -8.75]}
							}
						},
						{
							"origin": [-6.164, 12.43771, -31.84389],
							"size": [0.328, 0.738, 28.6168],
							"uv": {
								"north": {"uv": [51.25, 46], "uv_size": [-0.25, 0.75]},
								"east": {"uv": [66.5, 39], "uv_size": [-28.5, 0.75]},
								"south": {"uv": [47.25, 51], "uv_size": [-0.25, 0.75]},
								"west": {"uv": [66.5, 38], "uv_size": [-28.5, 0.75]},
								"up": {"uv": [30.25, 42], "uv_size": [-0.25, 28.5]},
								"down": {"uv": [31.25, 70.5], "uv_size": [-0.25, -28.5]}
							}
						},
						{
							"origin": [-6.1148, 11.81041, -31.19937],
							"size": [0.2296, 1.3366, 28.14776],
							"uv": {
								"north": {"uv": [21.25, 51], "uv_size": [-0.25, 1.25]},
								"east": {"uv": [36, 26], "uv_size": [28.25, 1.25]},
								"south": {"uv": [22.25, 51], "uv_size": [-0.25, 1.25]},
								"west": {"uv": [64.25, 26], "uv_size": [-28.25, 1.25]},
								"up": {"uv": [13.25, 44], "uv_size": [-0.25, 28.25]},
								"down": {"uv": [14.25, 72.25], "uv_size": [-0.25, -28.25]}
							}
						},
						{
							"origin": [-6.1148, 11.99901, -32.01937],
							"size": [0.2296, 1.148, 0.82],
							"uv": {
								"north": {"uv": [23.25, 51], "uv_size": [-0.25, 1.25]},
								"east": {"uv": [49.75, 49], "uv_size": [-0.75, 1.25]},
								"south": {"uv": [24.25, 51], "uv_size": [-0.25, 1.25]},
								"west": {"uv": [48.75, 49], "uv_size": [-0.75, 1.25]},
								"up": {"uv": [51.25, 47], "uv_size": [-0.25, 0.75]},
								"down": {"uv": [48.25, 51.75], "uv_size": [-0.25, -0.75]}
							}
						},
						{
							"origin": [-6.1148, 12.48581, -32.89722],
							"size": [0.2296, 0.738, 1.64],
							"pivot": [-6, 12.85481, -32.48722],
							"rotation": [-10, 0, 0],
							"uv": {
								"north": {"uv": [51.25, 48], "uv_size": [-0.25, 0.75]},
								"east": {"uv": [49.75, 48], "uv_size": [-1.75, 0.75]},
								"south": {"uv": [49.25, 51], "uv_size": [-0.25, 0.75]},
								"west": {"uv": [49.75, 47], "uv_size": [-1.75, 0.75]},
								"up": {"uv": [46.25, 50], "uv_size": [-0.25, 1.75]},
								"down": {"uv": [50.25, 47.75], "uv_size": [-0.25, -1.75]}
							}
						},
						{
							"origin": [-6.09414, 12.10971, -32.36869],
							"size": [0.18827, 0.60516, 0.6724],
							"uv": {
								"north": {"uv": [52.25, 8], "uv_size": [-0.25, 0.5]},
								"east": {"uv": [51.75, 7], "uv_size": [-0.75, 0.5]},
								"south": {"uv": [52.25, 9], "uv_size": [-0.25, 0.5]},
								"west": {"uv": [51.75, 6], "uv_size": [-0.75, 0.5]},
								"up": {"uv": [51.25, 49], "uv_size": [-0.25, 0.75]},
								"down": {"uv": [51.25, 50.75], "uv_size": [-0.25, -0.75]}
							}
						},
						{
							"origin": [-6.57942, 13, -3.11842],
							"size": [1.57942, 1.36913, 0.79947],
							"pivot": [-6, 14.01971, -2.71868],
							"rotation": [0, 0, 45],
							"uv": {
								"north": {"uv": [46, 6], "uv_size": [1.5, 2.25]},
								"east": {"uv": [21.5, 49], "uv_size": [-1.5, 0.75]},
								"south": {"uv": [16, 46], "uv_size": [1.5, 2.25]},
								"west": {"uv": [21.5, 49], "uv_size": [-1.5, 0.75]},
								"up": {"uv": [18, 49], "uv_size": [1.5, 0.75]},
								"down": {"uv": [20, 49.75], "uv_size": [1.5, -0.75]}
							}
						},
						{
							"origin": [-7.34915, 11.74598, -3.14851],
							"size": [1.6983, 1.54746, 0.85964],
							"pivot": [-6.5, 12.51971, -2.71869],
							"rotation": [0, 0, 130],
							"uv": {
								"north": {"uv": [44, 6], "uv_size": [1.75, 2.5]},
								"east": {"uv": [23, 46], "uv_size": [0.75, 2.5]},
								"south": {"uv": [44, 6], "uv_size": [1.75, 2.5]},
								"west": {"uv": [24, 46], "uv_size": [0.75, 2.5]},
								"up": {"uv": [20, 49.75], "uv_size": [1.5, -0.75]},
								"down": {"uv": [20, 49.75], "uv_size": [1.5, -0.75]}
							}
						},
						{
							"origin": [-6.34915, 11.74598, -3.14851],
							"size": [1.6983, 1.54746, 0.85964],
							"pivot": [-5.5, 12.51971, -2.71869],
							"rotation": [0, 0, 135],
							"uv": {
								"north": {"uv": [44, 6], "uv_size": [1.75, 2.5]},
								"east": {"uv": [23, 46], "uv_size": [0.75, 2.5]},
								"south": {"uv": [44, 6], "uv_size": [1.75, 2.5]},
								"west": {"uv": [24, 46], "uv_size": [0.75, 2.5]},
								"up": {"uv": [20, 49.75], "uv_size": [1.5, -0.75]},
								"down": {"uv": [20, 49.75], "uv_size": [1.5, -0.75]}
							}
						}
					]
				},
				{
					"name": "leftArm",
					"parent": "body",
					"pivot": [5, 22, 0],
					"cubes": [
						{
							"origin": [4, 12, -2],
							"size": [4, 12, 4],
							"uv": {
								"north": {"uv": [24, 0], "uv_size": [4, 12]},
								"east": {"uv": [24, 12], "uv_size": [4, 12]},
								"south": {"uv": [16, 24], "uv_size": [4, 12]},
								"west": {"uv": [20, 24], "uv_size": [4, 12]},
								"up": {"uv": [0, 40], "uv_size": [4, 4]},
								"down": {"uv": [40, 6], "uv_size": [4, -4]}
							}
						}
					]
				},
				{
					"name": "bainha3",
					"parent": "waist",
					"pivot": [4.5757, 11.90858, -0.62122],
					"rotation": [-162.41078, 0.16075, 179.60216],
					"cubes": [
						{
							"origin": [4.41467, 10.61859, -24.93114],
							"size": [0.69898, 1.58187, 30.86435],
							"uv": {
								"north": {"uv": [44, 49], "uv_size": [0.75, 1.5]},
								"east": {"uv": [36, 18], "uv_size": [30.75, 1.5]},
								"south": {"uv": [49, 44], "uv_size": [0.75, 1.5]},
								"west": {"uv": [36, 20], "uv_size": [30.75, 1.5]},
								"up": {"uv": [36, 38], "uv_size": [0.75, 30.75]},
								"down": {"uv": [37, 68.75], "uv_size": [0.75, -30.75]}
							}
						},
						{
							"origin": [4.40069, 10.58695, -25.46843],
							"size": [0.72694, 1.64515, 0.93892],
							"uv": {
								"north": {"uv": [16, 49], "uv_size": [0.75, 1.75]},
								"east": {"uv": [47, 44], "uv_size": [1, 1.75]},
								"south": {"uv": [17, 49], "uv_size": [0.75, 1.75]},
								"west": {"uv": [45, 47], "uv_size": [1, 1.75]},
								"up": {"uv": [21, 50], "uv_size": [0.75, 1]},
								"down": {"uv": [24, 51], "uv_size": [0.75, -1]}
							}
						}
					]
				},
				{
					"name": "leftLeg",
					"parent": "root",
					"pivot": [1.9, 12, 0],
					"cubes": [
						{"origin": [-0.1, 0, -2], "size": [4, 12, 4], "uv": [112, 112]}
					]
				},
				{
					"name": "rightLeg",
					"parent": "root",
					"pivot": [-1.9, 12, 0],
					"cubes": [
						{"origin": [-3.9, 0, -2], "size": [4, 12, 4], "uv": [112, 112]}
					]
				}
			]
		}
	]
}