{
	"format_version": "1.12.0",
	"minecraft:geometry": [
		{
			"description": {
				"identifier": "geometry.bajrang",
				"texture_width": 128,
				"texture_height": 128,
				"visible_bounds_width": 19,
				"visible_bounds_height": 43,
				"visible_bounds_offset": [0, 11.5, 0]
			},
			"bones": [
				{
					"name": "bone",
					"pivot": [0, 0, 0],
					"cubes": [
						{
							"origin": [-112, -160, -112],
							"size": [224, 160, 224],
							"uv": {
								"north": {"uv": [14, 62], "uv_size": [14, 10]},
								"east": {"uv": [0, 62], "uv_size": [14, 10]},
								"south": {"uv": [42, 62], "uv_size": [14, 10]},
								"west": {"uv": [28, 62], "uv_size": [14, 10]},
								"up": {"uv": [14, 48], "uv_size": [14, 14]},
								"down": {"uv": [28, 62], "uv_size": [14, -14]}
							}
						},
						{
							"origin": [-128, 0, -112],
							"size": [256, 512, 256],
							"uv": {
								"north": {"uv": [16, 16], "uv_size": [16, 32]},
								"east": {"uv": [16, 16], "uv_size": [16, 32]},
								"south": {"uv": [16, 16], "uv_size": [16, 32]},
								"west": {"uv": [16, 16], "uv_size": [16, 32]},
								"up": {"uv": [16, 0], "uv_size": [16, 16]},
								"down": {"uv": [16, 16], "uv_size": [16, -16]}
							}
						}
					]
				}
			]
		}
	]
}