{
	"format_version": "1.12.0",
	"minecraft:geometry": [
		{
			"description": {
				"identifier": "geometry.capa_barbanegra",
				"texture_width": 128,
				"texture_height": 128,
				"visible_bounds_width": 4,
				"visible_bounds_height": 4.5,
				"visible_bounds_offset": [0, 1.75, 0]
			},
			"bones": [
				{
					"name": "root",
					"pivot": [0, 0, 0]
				},
				{
					"name": "waist",
					"parent": "root",
					"pivot": [0, 12.12, 0]
				},
				{
					"name": "body",
					"parent": "waist",
					"pivot": [0, 24.24, 0],
					"cubes": [
						{"origin": [-4.04, 12.12, -2.02], "size": [8.08, 12.12, 4.04], "uv": [96, 90]}
					]
				},
				{
					"name": "head",
					"parent": "body",
					"pivot": [0, 24.24, 0],
					"cubes": [
						{"origin": [-3.838, 24.24, -3.838], "size": [7.676, 7.676, 7.676], "uv": [64.75, 97], "mirror": true}
					]
				},
				{
					"name": "hat",
					"parent": "head",
					"pivot": [0, 23.028, 0]
				},
				{
					"name": "rightArm",
					"parent": "body",
					"pivot": [-5.05, 22.22, 0],
					"cubes": [
						{"origin": [-8.08, 12.12, -2.02], "size": [4.04, 12.12, 4.04], "uv": [112, 112], "mirror": true},
						{
							"origin": [-9.49998, 22.68247, -2.74003],
							"size": [5.13138, 3.74155, 5.13138],
							"pivot": [-5.1523, 23.66225, -0.17434],
							"rotation": [0, 0, -2.5],
							"uv": {
								"north": {"uv": [26, 83], "uv_size": [6.25, 4.5]},
								"east": {"uv": [83, 56], "uv_size": [6.25, 4.5]},
								"south": {"uv": [83, 61], "uv_size": [6.25, 4.5]},
								"west": {"uv": [83, 66], "uv_size": [6.25, 4.5]},
								"up": {"uv": [76, 57], "uv_size": [6.25, 6.25]},
								"down": {"uv": [76, 70.25], "uv_size": [6.25, -6.25]}
							}
						}
					]
				},
				{
					"name": "rightSleeve",
					"parent": "rightArm",
					"pivot": [-5.05, 22.22, 0]
				},
				{
					"name": "rightItem",
					"parent": "rightArm",
					"pivot": [-6.06, 15.15, 1.01],
					"locators": {
						"lead_hold": [-6.06, 15.15, 1.01]
					}
				},
				{
					"name": "leftArm",
					"parent": "body",
					"pivot": [5.05, 22.22, 0],
					"cubes": [
						{"origin": [4.04, 12.12, -2.02], "size": [4.04, 12.12, 4.04], "uv": [112, 76]},
						{
							"origin": [4.36861, 22.68247, -2.74003],
							"size": [5.13138, 3.74155, 5.13138],
							"pivot": [5.1523, 23.66225, -0.17434],
							"rotation": [0, 0, 2.5],
							"uv": {
								"north": {"uv": [83, 71], "uv_size": [6.25, 4.5]},
								"east": {"uv": [83, 76], "uv_size": [6.25, 4.5]},
								"south": {"uv": [83, 81], "uv_size": [6.25, 4.5]},
								"west": {"uv": [74, 85], "uv_size": [6.25, 4.5]},
								"up": {"uv": [76, 71], "uv_size": [6.25, 6.25]},
								"down": {"uv": [76, 84.25], "uv_size": [6.25, -6.25]}
							}
						}
					]
				},
				{
					"name": "leftSleeve",
					"parent": "leftArm",
					"pivot": [5.05, 22.22, 0]
				},
				{
					"name": "leftItem",
					"parent": "leftArm",
					"pivot": [6.06, 15.15, 1.01],
					"locators": {
						"lead_hold2": [6.06, 15.15, 1.01]
					}
				},
				{
					"name": "jacket",
					"parent": "body",
					"pivot": [0, 24.24, 0]
				},
				{
					"name": "Capa",
					"parent": "body",
					"pivot": [0, 29.34118, 0.782],
					"cubes": [
						{
							"origin": [-9.96886, 0.7345, -0.70378],
							"size": [19.93772, 24.5606, 3.73186],
							"uv": {
								"north": {"uv": [0, 0], "uv_size": [24.25, 29.75]},
								"east": {"uv": [0, 30], "uv_size": [4.5, 29.75]},
								"south": {"uv": [25, 0], "uv_size": [24.25, 29.75]},
								"west": {"uv": [5, 30], "uv_size": [4.5, 29.75]},
								"up": {"uv": [46, 30], "uv_size": [24.25, 4.5]},
								"down": {"uv": [46, 39.5], "uv_size": [24.25, -4.5]}
							}
						}
					]
				},
				{
					"name": "rightcapaArm",
					"parent": "Capa",
					"pivot": [-6.66958, 11.01376, 3.455],
					"rotation": [14.51082, -3.84097, 14.51082],
					"cubes": [
						{
							"origin": [-10.13672, 5.1895, 2.86022],
							"size": [4.62287, 17.4326, 2.84086],
							"uv": {
								"north": {"uv": [34, 30], "uv_size": [5.5, 21.25]},
								"east": {"uv": [34, 70], "uv_size": [3.5, 21.25]},
								"south": {"uv": [40, 30], "uv_size": [5.5, 21.25]},
								"west": {"uv": [38, 70], "uv_size": [3.5, 21.25]},
								"up": {"uv": [88, 22], "uv_size": [5.5, 3.5]},
								"down": {"uv": [25, 91.5], "uv_size": [5.5, -3.5]}
							}
						},
						{
							"origin": [-10.2925, 5.21551, 2.68545],
							"size": [5.03892, 3.93471, 3.09654],
							"uv": {
								"north": {"uv": [68, 12], "uv_size": [6, 4.75]},
								"east": {"uv": [0, 90], "uv_size": [3.75, 4.75]},
								"south": {"uv": [58, 81], "uv_size": [6, 4.75]},
								"west": {"uv": [90, 56], "uv_size": [3.75, 4.75]},
								"up": {"uv": [81, 86], "uv_size": [6, 3.75]},
								"down": {"uv": [4, 90.75], "uv_size": [6, -3.75]}
							}
						}
					]
				},
				{
					"name": "leftcapaArm",
					"parent": "Capa",
					"pivot": [6.66958, 11.01376, 3.455],
					"rotation": [14.51082, 3.84097, -14.51082],
					"cubes": [
						{
							"origin": [5.51387, 5.1895, 2.86022],
							"size": [4.62286, 17.4326, 2.84086],
							"uv": {
								"north": {"uv": [10, 41], "uv_size": [5.5, 21.25]},
								"east": {"uv": [42, 70], "uv_size": [3.5, 21.25]},
								"south": {"uv": [16, 41], "uv_size": [5.5, 21.25]},
								"west": {"uv": [64, 72], "uv_size": [3.5, 21.25]},
								"up": {"uv": [89, 0], "uv_size": [5.5, 3.5]},
								"down": {"uv": [89, 7.5], "uv_size": [5.5, -3.5]}
							}
						},
						{
							"origin": [5.25359, 5.21551, 2.68545],
							"size": [5.03892, 3.93471, 3.09654],
							"uv": {
								"north": {"uv": [6, 82], "uv_size": [6, 4.75]},
								"east": {"uv": [90, 61], "uv_size": [3.75, 4.75]},
								"south": {"uv": [20, 82], "uv_size": [6, 4.75]},
								"west": {"uv": [90, 66], "uv_size": [3.75, 4.75]},
								"up": {"uv": [19, 87], "uv_size": [6, 3.75]},
								"down": {"uv": [87, 35.75], "uv_size": [6, -3.75]}
							}
						}
					]
				},
				{
					"name": "rightLeg",
					"parent": "root",
					"pivot": [-1.919, 12.12, 0],
					"cubes": [
						{"origin": [-3.939, 0, -2.02], "size": [4.04, 12.12, 4.04], "uv": [65, 112]}
					]
				},
				{
					"name": "rightPants",
					"parent": "rightLeg",
					"pivot": [-1.919, 12.12, 0]
				},
				{
					"name": "leftLeg",
					"parent": "root",
					"pivot": [1.919, 12.12, 0],
					"cubes": [
						{"origin": [-0.101, 0, -2.02], "size": [4.04, 12.12, 4.04], "uv": [108, 68]}
					]
				},
				{
					"name": "leftPants",
					"parent": "leftLeg",
					"pivot": [1.919, 12.12, 0]
				}
			]
		}
	]
}