{
	"format_version": "1.12.0",
	"minecraft:geometry": [
		{
			"description": {
				"identifier": "geometry.capa_roger",
				"texture_width": 128,
				"texture_height": 128,
				"visible_bounds_width": 4,
				"visible_bounds_height": 4.5,
				"visible_bounds_offset": [0, 1.75, 0]
			},
			"bones": [
				{
					"name": "root",
					"pivot": [0, 0, 0]
				},
				{
					"name": "waist",
					"parent": "root",
					"pivot": [0, 12.12, 0]
				},
				{
					"name": "body",
					"parent": "waist",
					"pivot": [0, 24.24, 0],
					"cubes": [
						{
							"origin": [-5.77986, 24.10168, -3.267],
							"size": [11.55973, 4.26383, 7.64783],
							"uv": {
								"north": {"uv": [72, 5], "uv_size": [10.5, 4.5]},
								"east": {"uv": [75, 22], "uv_size": [6.25, 4.5]},
								"south": {"uv": [72, 10], "uv_size": [10.5, 4.5]},
								"west": {"uv": [53, 75], "uv_size": [6.25, 4.5]},
								"up": {"uv": [46, 16], "uv_size": [10.5, 6.25]},
								"down": {"uv": [57, 22.25], "uv_size": [10.5, -6.25]}
							}
						},
						{"origin": [-4.04, 12.12, -2.02], "size": [8.08, 12.12, 4.04], "uv": [96, 90]}
					]
				},
				{
					"name": "head",
					"parent": "body",
					"pivot": [0, 24.24, 0],
					"cubes": [
						{"origin": [-3.838, 24.24, -3.838], "size": [7.676, 7.676, 7.676], "uv": [64.75, 97], "mirror": true}
					]
				},
				{
					"name": "hat",
					"parent": "head",
					"pivot": [0, 23.028, 0]
				},
				{
					"name": "rightArm",
					"parent": "body",
					"pivot": [-5.05, 22.22, 0],
					"cubes": [
						{"origin": [-8.08, 12.12, -2.02], "size": [4.04, 12.12, 4.04], "uv": [112, 112], "mirror": true},
						{
							"origin": [-9.95828, 21.8909, -2.59954],
							"size": [5.37893, 3.92205, 5.37893],
							"pivot": [-5.40086, 22.91795, 0.08992],
							"rotation": [0, 0, -2.5],
							"uv": {
								"north": {"uv": [78, 60], "uv_size": [5.75, 4.25]},
								"east": {"uv": [78, 65], "uv_size": [5.75, 4.25]},
								"south": {"uv": [78, 70], "uv_size": [5.75, 4.25]},
								"west": {"uv": [78, 75], "uv_size": [5.75, 4.25]},
								"up": {"uv": [18, 72], "uv_size": [5.75, 5.75]},
								"down": {"uv": [24, 77.75], "uv_size": [5.75, -5.75]}
							}
						}
					]
				},
				{
					"name": "rightSleeve",
					"parent": "rightArm",
					"pivot": [-5.05, 22.22, 0]
				},
				{
					"name": "rightItem",
					"parent": "rightArm",
					"pivot": [-6.06, 15.15, 1.01],
					"locators": {
						"lead_hold": [-6.06, 15.15, 1.01]
					}
				},
				{
					"name": "leftArm",
					"parent": "body",
					"pivot": [5.05, 22.22, 0],
					"cubes": [
						{"origin": [4.04, 12.12, -2.02], "size": [4.04, 12.12, 4.04], "uv": [112, 76]},
						{
							"origin": [4.57936, 21.8909, -2.59954],
							"size": [5.37893, 3.92205, 5.37893],
							"pivot": [5.40086, 22.91795, 0.08992],
							"rotation": [0, 0, 2.5],
							"uv": {
								"north": {"uv": [79, 15], "uv_size": [5.75, 4.25]},
								"east": {"uv": [0, 80], "uv_size": [5.75, 4.25]},
								"south": {"uv": [51, 80], "uv_size": [5.75, 4.25]},
								"west": {"uv": [78, 80], "uv_size": [5.75, 4.25]},
								"up": {"uv": [30, 72], "uv_size": [5.75, 5.75]},
								"down": {"uv": [72, 52.75], "uv_size": [5.75, -5.75]}
							}
						}
					]
				},
				{
					"name": "leftSleeve",
					"parent": "leftArm",
					"pivot": [5.05, 22.22, 0]
				},
				{
					"name": "leftItem",
					"parent": "leftArm",
					"pivot": [6.06, 15.15, 1.01],
					"locators": {
						"lead_hold2": [6.06, 15.15, 1.01]
					}
				},
				{
					"name": "jacket",
					"parent": "body",
					"pivot": [0, 24.24, 0]
				},
				{
					"name": "Capa",
					"parent": "body",
					"pivot": [0, 25.85562, 1.62],
					"cubes": [
						{
							"origin": [-10.44978, -1.11589, -0.46505],
							"size": [20.89957, 25.74546, 3.9119],
							"uv": {
								"north": {"uv": [0, 0], "uv_size": [22.5, 27.5]},
								"east": {"uv": [22, 28], "uv_size": [4.25, 27.5]},
								"south": {"uv": [23, 0], "uv_size": [22.5, 27.5]},
								"west": {"uv": [27, 28], "uv_size": [4.25, 27.5]},
								"up": {"uv": [44, 28], "uv_size": [22.5, 4.25]},
								"down": {"uv": [44, 37.25], "uv_size": [22.5, -4.25]}
							}
						}
					]
				},
				{
					"name": "rightcapaArm",
					"parent": "Capa",
					"pivot": [-6.99134, 12.69927, 4.66992],
					"rotation": [14.51082, -3.84097, 14.51082],
					"cubes": [
						{
							"origin": [-10.62575, 3.55403, 3.27088],
							"size": [4.84588, 18.27359, 2.97791],
							"uv": {
								"north": {"uv": [32, 28], "uv_size": [5.25, 19.5]},
								"east": {"uv": [6, 64], "uv_size": [3.25, 19.5]},
								"south": {"uv": [38, 28], "uv_size": [5.25, 19.5]},
								"west": {"uv": [38, 64], "uv_size": [3.25, 19.5]},
								"up": {"uv": [83, 4], "uv_size": [5.25, 3.25]},
								"down": {"uv": [83, 11.25], "uv_size": [5.25, -3.25]}
							}
						},
						{
							"origin": [-10.78904, 3.58128, 3.08768],
							"size": [5.28201, 4.12453, 3.24592],
							"uv": {
								"north": {"uv": [28, 78], "uv_size": [5.75, 4.5]},
								"east": {"uv": [44, 82], "uv_size": [3.5, 4.5]},
								"south": {"uv": [78, 45], "uv_size": [5.75, 4.5]},
								"west": {"uv": [34, 83], "uv_size": [3.5, 4.5]},
								"up": {"uv": [57, 81], "uv_size": [5.75, 3.5]},
								"down": {"uv": [82, 3.5], "uv_size": [5.75, -3.5]}
							}
						}
					]
				},
				{
					"name": "leftcapaArm",
					"parent": "Capa",
					"pivot": [6.99134, 12.69927, 4.66992],
					"rotation": [14.51082, 3.84097, -14.51082],
					"cubes": [
						{
							"origin": [5.77986, 3.55403, 3.27088],
							"size": [4.84588, 18.27359, 2.97791],
							"uv": {
								"north": {"uv": [0, 44], "uv_size": [5.25, 19.5]},
								"east": {"uv": [68, 47], "uv_size": [3.25, 19.5]},
								"south": {"uv": [6, 44], "uv_size": [5.25, 19.5]},
								"west": {"uv": [68, 67], "uv_size": [3.25, 19.5]},
								"up": {"uv": [28, 83], "uv_size": [5.25, 3.25]},
								"down": {"uv": [72, 86.25], "uv_size": [5.25, -3.25]}
							}
						},
						{
							"origin": [5.50703, 3.58128, 3.08768],
							"size": [5.28201, 4.12453, 3.24592],
							"uv": {
								"north": {"uv": [78, 50], "uv_size": [5.75, 4.5]},
								"east": {"uv": [6, 84], "uv_size": [3.5, 4.5]},
								"south": {"uv": [78, 55], "uv_size": [5.75, 4.5]},
								"west": {"uv": [16, 84], "uv_size": [3.5, 4.5]},
								"up": {"uv": [10, 82], "uv_size": [5.75, 3.5]},
								"down": {"uv": [82, 23.5], "uv_size": [5.75, -3.5]}
							}
						}
					]
				},
				{
					"name": "rightLeg",
					"parent": "root",
					"pivot": [-1.919, 12.12, 0],
					"cubes": [
						{"origin": [-3.939, 0, -2.02], "size": [4.04, 12.12, 4.04], "uv": [65, 112]}
					]
				},
				{
					"name": "rightPants",
					"parent": "rightLeg",
					"pivot": [-1.919, 12.12, 0]
				},
				{
					"name": "leftLeg",
					"parent": "root",
					"pivot": [1.919, 12.12, 0],
					"cubes": [
						{"origin": [-0.101, 0, -2.02], "size": [4.04, 12.12, 4.04], "uv": [108, 68]}
					]
				},
				{
					"name": "leftPants",
					"parent": "leftLeg",
					"pivot": [1.919, 12.12, 0]
				}
			]
		}
	]
}