{
	"format_version": "1.12.0",
	"minecraft:geometry": [
		{
			"description": {
				"identifier": "geometry.captain",
				"texture_width": 64,
				"texture_height": 64,
				"visible_bounds_width": 3,
				"visible_bounds_height": 4,
				"visible_bounds_offset": [0, 1, 0]
			},
			"bones": [
				{
					"name": "Root",
					"pivot": [0, 12, 0]
				},
				{
					"name": "body",
					"parent": "Root",
					"pivot": [0, 24, 0],
					"cubes": [
						{
							"origin": [-4, 12, -2],
							"size": [8, 12, 4],
							"uv": {
								"north": {"uv": [0, 0], "uv_size": [8, 12]},
								"east": {"uv": [21, 21], "uv_size": [4, 12]},
								"south": {"uv": [8, 0], "uv_size": [8, 12]},
								"west": {"uv": [23, 0], "uv_size": [4, 12]},
								"up": {"uv": [28, 36], "uv_size": [8, 4]},
								"down": {"uv": [36, 40], "uv_size": [8, -4]}
							}
						},
						{
							"origin": [-8.6608, 8.0792, 3.45],
							"size": [5.3216, 14.1616, 4.3216],
							"pivot": [-5, 16.16, 5.6108],
							"rotation": [31.91181, -23.02471, 8.8911],
							"uv": {
								"north": {"uv": [44.25, 12], "uv_size": [-7.25, 3.25]},
								"east": {"uv": [44.25, 24], "uv_size": [-7.25, 3.25]},
								"south": {"uv": [44.25, 20], "uv_size": [-7.25, 3.25]},
								"west": {"uv": [44.25, 16], "uv_size": [-7.25, 3.25]},
								"up": {"uv": [7.25, 12], "uv_size": [-7.25, 7.25]},
								"down": {"uv": [15.25, 19.25], "uv_size": [-7.25, -7.25]}
							}
						},
						{
							"origin": [3.3392, 8.0792, 3.45],
							"size": [5.3216, 14.1616, 4.3216],
							"pivot": [5, 16.16, 5.6108],
							"rotation": [31.91181, 23.02471, -8.8911],
							"uv": {
								"north": {"uv": [37, 12], "uv_size": [7.25, 3.25]},
								"east": {"uv": [37, 16], "uv_size": [7.25, 3.25]},
								"south": {"uv": [37, 20], "uv_size": [7.25, 3.25]},
								"west": {"uv": [37, 24], "uv_size": [7.25, 3.25]},
								"up": {"uv": [0, 12], "uv_size": [7.25, 7.25]},
								"down": {"uv": [8, 19.25], "uv_size": [7.25, -7.25]}
							}
						},
						{
							"origin": [-7.6608, 3.0792, 1.45],
							"size": [15.3216, 20.1616, 2.3216],
							"uv": {
								"north": {"uv": [37, 12], "uv_size": [7.25, 3.25]},
								"east": {"uv": [37, 16], "uv_size": [7.25, 3.25]},
								"south": {"uv": [37, 20], "uv_size": [7.25, 3.25]},
								"west": {"uv": [37, 24], "uv_size": [7.25, 3.25]},
								"up": {"uv": [0, 12], "uv_size": [7.25, 7.25]},
								"down": {"uv": [8, 19.25], "uv_size": [7.25, -7.25]}
							}
						}
					]
				},
				{
					"name": "head",
					"parent": "body",
					"pivot": [0, 24.12, 0],
					"cubes": [
						{
							"origin": [-3.52, 24.12, -3.52],
							"size": [7.04, 7.04, 7.04],
							"uv": {
								"north": {"uv": [16, 0], "uv_size": [7, 7]},
								"east": {"uv": [16, 7], "uv_size": [7, 7]},
								"south": {"uv": [16, 14], "uv_size": [7, 7]},
								"west": {"uv": [0, 20], "uv_size": [7, 7]},
								"up": {"uv": [7, 20], "uv_size": [7, 7]},
								"down": {"uv": [14, 28], "uv_size": [7, -7]}
							}
						}
					]
				},
				{
					"name": "Hat",
					"parent": "head",
					"pivot": [0, 30.14, 0.23],
					"cubes": [
						{
							"origin": [-3.6608, 29.0792, -3.55],
							"size": [7.3216, 3.1616, 7.3216],
							"uv": {
								"north": {"uv": [37, 12], "uv_size": [7.25, 3.25]},
								"east": {"uv": [37, 16], "uv_size": [7.25, 3.25]},
								"south": {"uv": [37, 20], "uv_size": [7.25, 3.25]},
								"west": {"uv": [37, 24], "uv_size": [7.25, 3.25]},
								"up": {"uv": [0, 12], "uv_size": [7.25, 7.25]},
								"down": {"uv": [8, 19.25], "uv_size": [7.25, -7.25]}
							}
						},
						{
							"origin": [-4.6608, 30.0792, -2.55],
							"size": [2.3216, 3.1616, 5.3216],
							"pivot": [-5, 30.66, 0.1108],
							"rotation": [0, 0, 20],
							"uv": {
								"north": {"uv": [37, 12], "uv_size": [7.25, 3.25]},
								"east": {"uv": [37, 16], "uv_size": [7.25, 3.25]},
								"south": {"uv": [37, 20], "uv_size": [7.25, 3.25]},
								"west": {"uv": [37, 24], "uv_size": [7.25, 3.25]},
								"up": {"uv": [0, 12], "uv_size": [7.25, 7.25]},
								"down": {"uv": [8, 19.25], "uv_size": [7.25, -7.25]}
							}
						},
						{
							"origin": [2.3392, 30.0792, -2.55],
							"size": [2.3216, 3.1616, 5.3216],
							"pivot": [5, 30.66, 0.1108],
							"rotation": [0, 0, -20],
							"uv": {
								"north": {"uv": [44.25, 12], "uv_size": [-7.25, 3.25]},
								"east": {"uv": [44.25, 24], "uv_size": [-7.25, 3.25]},
								"south": {"uv": [44.25, 20], "uv_size": [-7.25, 3.25]},
								"west": {"uv": [44.25, 16], "uv_size": [-7.25, 3.25]},
								"up": {"uv": [7.25, 12], "uv_size": [-7.25, 7.25]},
								"down": {"uv": [15.25, 19.25], "uv_size": [-7.25, -7.25]}
							}
						},
						{
							"origin": [-3.6608, 32.0792, -3.55],
							"size": [7.3216, 2.1616, 1.3216],
							"uv": {
								"north": {"uv": [37, 12], "uv_size": [7.25, 3.25]},
								"east": {"uv": [37, 16], "uv_size": [7.25, 3.25]},
								"south": {"uv": [37, 20], "uv_size": [7.25, 3.25]},
								"west": {"uv": [37, 24], "uv_size": [7.25, 3.25]},
								"up": {"uv": [0, 12], "uv_size": [7.25, 7.25]},
								"down": {"uv": [8, 19.25], "uv_size": [7.25, -7.25]}
							}
						},
						{
							"origin": [-3.6608, 32.0792, 2.2284],
							"size": [7.3216, 2.1616, 1.3216],
							"uv": {
								"north": {"uv": [44.25, 20], "uv_size": [-7.25, 3.25]},
								"east": {"uv": [44.25, 16], "uv_size": [-7.25, 3.25]},
								"south": {"uv": [44.25, 12], "uv_size": [-7.25, 3.25]},
								"west": {"uv": [44.25, 24], "uv_size": [-7.25, 3.25]},
								"up": {"uv": [0, 19.25], "uv_size": [7.25, -7.25]},
								"down": {"uv": [8, 12], "uv_size": [7.25, 7.25]}
							}
						}
					]
				},
				{
					"name": "rightArm",
					"parent": "body",
					"pivot": [-5, 22, 0],
					"cubes": [
						{
							"origin": [-8, 12, -2],
							"size": [4, 12, 4],
							"uv": {
								"north": {"uv": [25, 12], "uv_size": [4, 12]},
								"east": {"uv": [25, 24], "uv_size": [4, 12]},
								"south": {"uv": [0, 27], "uv_size": [4, 12]},
								"west": {"uv": [27, 0], "uv_size": [4, 12]},
								"up": {"uv": [39, 5], "uv_size": [4, 4]},
								"down": {"uv": [10, 44], "uv_size": [4, -4]}
							}
						}
					]
				},
				{
					"name": "leftArm",
					"parent": "body",
					"pivot": [5, 22, 0],
					"cubes": [
						{
							"origin": [4, 12, -2],
							"size": [4, 12, 4],
							"uv": {
								"north": {"uv": [4, 27], "uv_size": [4, 12]},
								"east": {"uv": [8, 27], "uv_size": [4, 12]},
								"south": {"uv": [12, 28], "uv_size": [4, 12]},
								"west": {"uv": [16, 28], "uv_size": [4, 12]},
								"up": {"uv": [14, 40], "uv_size": [4, 4]},
								"down": {"uv": [28, 44], "uv_size": [4, -4]}
							}
						}
					]
				},
				{
					"name": "rightLeg",
					"parent": "body",
					"pivot": [-1.9, 12, 0],
					"cubes": [
						{
							"origin": [-3.9, 0, -2],
							"size": [4, 12, 4],
							"uv": {
								"north": {"uv": [29, 12], "uv_size": [4, 12]},
								"east": {"uv": [29, 24], "uv_size": [4, 12]},
								"south": {"uv": [31, 0], "uv_size": [4, 12]},
								"west": {"uv": [33, 12], "uv_size": [4, 12]},
								"up": {"uv": [32, 40], "uv_size": [4, 4]},
								"down": {"uv": [36, 44], "uv_size": [4, -4]}
							}
						},
						{
							"origin": [-4, -0.1, -2.12],
							"size": [4.24, 2.6, 4.24],
							"uv": {
								"north": {"uv": [37, 33], "uv_size": [4.25, 2.5]},
								"east": {"uv": [39, 9], "uv_size": [4.25, 2.5]},
								"south": {"uv": [42, 32], "uv_size": [4.25, 2.5]},
								"west": {"uv": [43, 5], "uv_size": [4.25, 2.5]},
								"up": {"uv": [37, 28], "uv_size": [4.25, 4.25]},
								"down": {"uv": [0, 43.25], "uv_size": [4.25, -4.25]}
							}
						}
					]
				},
				{
					"name": "leftLeg",
					"parent": "body",
					"pivot": [1.9, 12, 0],
					"cubes": [
						{
							"origin": [-0.1, 0, -2],
							"size": [4, 12, 4],
							"uv": {
								"north": {"uv": [20, 33], "uv_size": [4, 12]},
								"east": {"uv": [33, 24], "uv_size": [4, 12]},
								"south": {"uv": [35, 0], "uv_size": [4, 12]},
								"west": {"uv": [24, 36], "uv_size": [4, 12]},
								"up": {"uv": [40, 40], "uv_size": [4, 4]},
								"down": {"uv": [42, 32], "uv_size": [4, -4]}
							}
						},
						{
							"origin": [-0.24, -0.1, -2.12],
							"size": [4.24, 2.6, 4.24],
							"uv": {
								"north": {"uv": [0, 44], "uv_size": [4.25, 2.5]},
								"east": {"uv": [44, 0], "uv_size": [4.25, 2.5]},
								"south": {"uv": [5, 44], "uv_size": [4.25, 2.5]},
								"west": {"uv": [44, 8], "uv_size": [4.25, 2.5]},
								"up": {"uv": [39, 0], "uv_size": [4.25, 4.25]},
								"down": {"uv": [5, 43.25], "uv_size": [4.25, -4.25]}
							}
						}
					]
				}
			]
		}
	]
}