{
	"format_version": "1.12.0",
	"minecraft:geometry": [
		{
			"description": {
				"identifier": "geometry.doku",
				"texture_width": 32,
				"texture_height": 32,
				"visible_bounds_width": 3,
				"visible_bounds_height": 3.5,
				"visible_bounds_offset": [0, 1.25, 0]
			},
			"bones": [
				{
					"name": "bb_main",
					"pivot": [0, 0, 0],
					"cubes": [
						{
							"origin": [-8, 12, -2],
							"size": [4, 12, 4],
							"uv": {
								"north": {"uv": [32, 28.5], "uv_size": [-5.25, 3.5]},
								"east": {"uv": [32, 28.5], "uv_size": [-5.25, 3.5]},
								"south": {"uv": [32, 28.5], "uv_size": [-5.25, 3.5]},
								"west": {"uv": [32, 28.5], "uv_size": [-5.25, 3.5]},
								"up": {"uv": [26.75, 32], "uv_size": [5.25, -3.5]},
								"down": {"uv": [26.75, 32], "uv_size": [5.25, -3.5]}
							}
						}
					]
				},
				{
					"name": "rightArm",
					"pivot": [-5, 22, 0]
				},
				{
					"name": "rightSleeve",
					"parent": "rightArm",
					"pivot": [-5, 22, 0]
				},
				{
					"name": "dokudokunomi",
					"parent": "rightArm",
					"pivot": [-6.02329, 9.80534, 0.01301],
					"rotation": [90, 0, 0],
					"cubes": [
						{
							"origin": [-8.6048, 8.0352, -2.6048],
							"size": [5.2096, 5.2096, 5.2096],
							"uv": {
								"north": {"uv": [0, 0], "uv_size": [5.25, 5.25]},
								"east": {"uv": [6, 0], "uv_size": [5.25, 5.25]},
								"south": {"uv": [6, 0], "uv_size": [5.25, 5.25]},
								"west": {"uv": [6, 0], "uv_size": [5.25, 5.25]},
								"up": {"uv": [17.25, 5.25], "uv_size": [-5.25, -5.25]},
								"down": {"uv": [5.25, 11.25], "uv_size": [-5.25, -5.25]}
							}
						},
						{
							"origin": [-8.6048, 5.83964, -2.5524],
							"size": [5.2096, 2.2096, 0],
							"pivot": [-6, 7.94444, -2.5524],
							"rotation": [30, 0, 0],
							"uv": {
								"north": {"uv": [22, 0], "uv_size": [5.25, 2.25]},
								"east": {"uv": [0, 0], "uv_size": [0, 2.25]},
								"south": {"uv": [22, 3], "uv_size": [5.25, 2.25]},
								"west": {"uv": [0, 0], "uv_size": [0, 2.25]},
								"up": {"uv": [0, 0], "uv_size": [5.25, 0]},
								"down": {"uv": [0, 0], "uv_size": [5.25, 0]}
							}
						},
						{
							"origin": [-11.25487, 5.83748, 0.00006],
							"size": [5.2096, 2.2096, 0],
							"pivot": [-8.65007, 7.94228, 0.00006],
							"rotation": [16.76458, 88.79005, 12.10574],
							"uv": {
								"north": {"uv": [22, 0], "uv_size": [5.25, 2.25]},
								"east": {"uv": [0, 0], "uv_size": [0, 2.25]},
								"south": {"uv": [22, 3], "uv_size": [5.25, 2.25]},
								"west": {"uv": [0, 0], "uv_size": [0, 2.25]},
								"up": {"uv": [0, 0], "uv_size": [5.25, 0]},
								"down": {"uv": [0, 0], "uv_size": [5.25, 0]}
							}
						},
						{
							"origin": [-5.95473, 5.83748, 0.00006],
							"size": [5.2096, 2.2096, 0],
							"pivot": [-3.34993, 7.94228, 0.00006],
							"rotation": [16.76458, -88.79005, -12.10574],
							"uv": {
								"north": {"uv": [27.25, 0], "uv_size": [-5.25, 2.25]},
								"east": {"uv": [0, 0], "uv_size": [0, 2.25]},
								"south": {"uv": [27.25, 3], "uv_size": [-5.25, 2.25]},
								"west": {"uv": [0, 0], "uv_size": [0, 2.25]},
								"up": {"uv": [5.25, 0], "uv_size": [-5.25, 0]},
								"down": {"uv": [5.25, 0], "uv_size": [-5.25, 0]}
							}
						},
						{
							"origin": [-8.6048, 6.83964, 2.28445],
							"size": [5.2096, 2.2096, 0],
							"pivot": [-6, 7.94444, 0.5524],
							"rotation": [-30, 0, 0],
							"uv": {
								"north": {"uv": [27.25, 3], "uv_size": [-5.25, 2.25]},
								"east": {"uv": [0, 0], "uv_size": [0, 2.25]},
								"south": {"uv": [27.25, 0], "uv_size": [-5.25, 2.25]},
								"west": {"uv": [0, 0], "uv_size": [0, 2.25]},
								"up": {"uv": [0, 0], "uv_size": [5.25, 0]},
								"down": {"uv": [0, 0], "uv_size": [5.25, 0]}
							}
						},
						{
							"origin": [-8.97053, 8.66947, -1.97053],
							"size": [5.94106, 3.94106, 3.94106],
							"uv": {
								"north": {"uv": [0, 0], "uv_size": [5.25, 5.25]},
								"east": {"uv": [6, 0], "uv_size": [5.25, 5.25]},
								"south": {"uv": [6, 0], "uv_size": [5.25, 5.25]},
								"west": {"uv": [6, 0], "uv_size": [5.25, 5.25]},
								"up": {"uv": [17.25, 5.25], "uv_size": [-5.25, -5.25]},
								"down": {"uv": [11.25, 5.25], "uv_size": [-5.25, -5.25]}
							}
						},
						{
							"origin": [-7.94553, 7.69447, -1.94553],
							"size": [3.89105, 5.89105, 3.89105],
							"uv": {
								"north": {"uv": [6, 0], "uv_size": [5.25, 5.25]},
								"east": {"uv": [6, 0], "uv_size": [5.25, 5.25]},
								"south": {"uv": [6, 0], "uv_size": [5.25, 5.25]},
								"west": {"uv": [6, 0], "uv_size": [5.25, 5.25]},
								"up": {"uv": [17.25, 5.25], "uv_size": [-5.25, -5.25]},
								"down": {"uv": [5.25, 11.25], "uv_size": [-5.25, -5.25]}
							}
						},
						{
							"origin": [-9.34584, 13.94896, 0],
							"size": [6.48208, 2.38208, 0],
							"uv": {
								"north": {"uv": [10, 18], "uv_size": [6.5, 2.5]},
								"east": {"uv": [0, 0], "uv_size": [0, 2.5]},
								"south": {"uv": [18, 12], "uv_size": [6.5, 2.5]},
								"west": {"uv": [0, 0], "uv_size": [0, 2.5]},
								"up": {"uv": [0, 0], "uv_size": [6.5, 0]},
								"down": {"uv": [0, 0], "uv_size": [6.5, 0]}
							}
						},
						{
							"origin": [-6.34584, 10.94896, -0.13624],
							"size": [0.48208, 4.38208, 0.48208],
							"uv": {
								"north": {"uv": [4, 18], "uv_size": [0.5, 4.5]},
								"east": {"uv": [5, 18], "uv_size": [0.5, 4.5]},
								"south": {"uv": [14, 21], "uv_size": [0.5, 4.5]},
								"west": {"uv": [15, 21], "uv_size": [0.5, 4.5]},
								"up": {"uv": [10, 16], "uv_size": [0.5, 0.5]},
								"down": {"uv": [11, 16.5], "uv_size": [0.5, -0.5]}
							}
						}
					]
				}
			]
		}
	]
}