{
	"format_version": "1.12.0",
	"minecraft:geometry": [
		{
			"description": {
				"identifier": "geometry.donut",
				"texture_width": 128,
				"texture_height": 128,
				"visible_bounds_width": 4,
				"visible_bounds_height": 4.5,
				"visible_bounds_offset": [0, 1.75, 0]
			},
			"bones": [
				{
					"name": "bone",
					"pivot": [0, 24, 0],
					"cubes": [
						{
							"origin": [-8, 0, -24],
							"size": [16, 48, 48],
							"uv": {
								"north": {"uv": [48, 0], "uv_size": [16, 48]},
								"east": {"uv": [0, 48], "uv_size": [48, 48]},
								"south": {"uv": [48, 0], "uv_size": [16, 48]},
								"west": {"uv": [0, 48], "uv_size": [48, 48]},
								"up": {"uv": [48, 0], "uv_size": [16, 48]},
								"down": {"uv": [48, 48], "uv_size": [16, -48]}
							}
						}
					]
				}
			]
		}
	]
}