{
	"format_version": "1.12.0",
	"minecraft:geometry": [
		{
			"description": {
				"identifier": "geometry.dragons",
				"texture_width": 128,
				"texture_height": 128,
				"visible_bounds_width": 39,
				"visible_bounds_height": 31,
				"visible_bounds_offset": [0, -9.5, 0]
			},
			"bones": [
				{
					"name": "bone8",
					"pivot": [-0.41513, 22.82087, 17.04003],
					"rotation": [-17.5, 0, 0],
					"cubes": [
						{
							"origin": [-4.91243, 20.60381, 11.9068],
							"size": [9.4692, 10.4692, 15.2776],
							"pivot": [-0.17783, 33.107, 21.61413],
							"rotation": [40, 0, 0],
							"uv": {
								"north": {"uv": [32, 62], "uv_size": [8.5, 8.5]},
								"east": {"uv": [28, 0], "uv_size": [15.25, 9.5]},
								"south": {"uv": [23, 52], "uv_size": [9.5, 9.5]},
								"west": {"uv": [28, 10], "uv_size": [15.25, 9.5]},
								"up": {"uv": [14, 42], "uv_size": [8.5, 14]},
								"down": {"uv": [28, 51.25], "uv_size": [9.5, -15.25]}
							}
						},
						{
							"origin": [-6.91243, 22.60381, 13.9068],
							"size": [13.4692, 7.4692, 9.2776],
							"pivot": [-0.17783, 33.107, 21.61413],
							"rotation": [40, 0, 0],
							"uv": {
								"north": {"uv": [22.5, 56], "uv_size": [-8.5, -14]},
								"east": {"uv": [66, 14], "uv_size": [9.25, 7.5]},
								"south": {"uv": [52, 14], "uv_size": [13.5, 7.5]},
								"west": {"uv": [62, 68], "uv_size": [9.25, 7.5]},
								"up": {"uv": [14, 42], "uv_size": [8.5, 14]},
								"down": {"uv": [38, 39.25], "uv_size": [13.5, -9.25]}
							}
						},
						{
							"origin": [-0.65243, 30.12381, 11.9068],
							"size": [0, 4.3392, 16.4076],
							"pivot": [-0.17783, 33.107, 21.61413],
							"rotation": [40, 0, 0],
							"uv": {
								"north": {"uv": [0, 0], "uv_size": [0, 4.25]},
								"east": {"uv": [65, 30], "uv_size": [16.5, 4.25]},
								"south": {"uv": [0, 0], "uv_size": [0, 4.25]},
								"west": {"uv": [65, 35], "uv_size": [16.5, 4.25]},
								"up": {"uv": [0, 0], "uv_size": [0, 16.5]},
								"down": {"uv": [0, 16.5], "uv_size": [0, -16.5]}
							}
						}
					]
				},
				{
					"name": "fire",
					"parent": "bone8",
					"pivot": [-6.91243, 29.39675, 20.72172],
					"cubes": [
						{
							"origin": [-7.91243, 24.16215, 11.08292],
							"size": [0, 20.4692, 13.2776],
							"pivot": [-6.91243, 29.39675, 20.72172],
							"rotation": [109.68008, 7.44734, -16.63047],
							"uv": {
								"north": {"uv": [0, 0], "uv_size": [0, 20.5]},
								"east": {"uv": [0, 0], "uv_size": [13.25, 20.5]},
								"south": {"uv": [0, 0], "uv_size": [0, 20.5]},
								"west": {"uv": [14, 0], "uv_size": [13.25, 20.5]},
								"up": {"uv": [0, 0], "uv_size": [0, 13.25]},
								"down": {"uv": [0, 13.25], "uv_size": [0, -13.25]}
							}
						},
						{
							"origin": [-7.91243, 24.16215, 11.08292],
							"size": [0, 20.4692, 13.2776],
							"pivot": [-6.91243, 29.39675, 20.72172],
							"rotation": [109.68008, 7.44734, -16.63047],
							"uv": {
								"north": {"uv": [0, 0], "uv_size": [0, 20.5]},
								"east": {"uv": [0, 0], "uv_size": [13.25, 20.5]},
								"south": {"uv": [0, 0], "uv_size": [0, 20.5]},
								"west": {"uv": [14, 0], "uv_size": [13.25, 20.5]},
								"up": {"uv": [0, 0], "uv_size": [0, 13.25]},
								"down": {"uv": [0, 13.25], "uv_size": [0, -13.25]}
							}
						},
						{
							"origin": [-7.91243, 24.16215, 11.08292],
							"size": [0, 20.4692, 13.2776],
							"pivot": [-6.91243, 29.39675, 20.72172],
							"rotation": [109.68008, 7.44734, -16.63047],
							"uv": {
								"north": {"uv": [0, 0], "uv_size": [0, 20.5]},
								"east": {"uv": [0, 0], "uv_size": [13.25, 20.5]},
								"south": {"uv": [0, 0], "uv_size": [0, 20.5]},
								"west": {"uv": [14, 0], "uv_size": [13.25, 20.5]},
								"up": {"uv": [0, 0], "uv_size": [0, 13.25]},
								"down": {"uv": [0, 13.25], "uv_size": [0, -13.25]}
							}
						},
						{
							"origin": [-7.91243, 24.16215, 11.08292],
							"size": [0, 20.4692, 13.2776],
							"pivot": [-6.91243, 29.39675, 20.72172],
							"rotation": [109.68008, 7.44734, -16.63047],
							"uv": {
								"north": {"uv": [0, 0], "uv_size": [0, 20.5]},
								"east": {"uv": [0, 0], "uv_size": [13.25, 20.5]},
								"south": {"uv": [0, 0], "uv_size": [0, 20.5]},
								"west": {"uv": [14, 0], "uv_size": [13.25, 20.5]},
								"up": {"uv": [0, 0], "uv_size": [0, 13.25]},
								"down": {"uv": [0, 13.25], "uv_size": [0, -13.25]}
							}
						}
					]
				},
				{
					"name": "fire2",
					"parent": "bone8",
					"pivot": [6.91243, 29.39675, 20.72172],
					"cubes": [
						{
							"origin": [7.91243, 24.16215, 11.08292],
							"size": [0, 20.4692, 13.2776],
							"pivot": [6.91243, 29.39675, 20.72172],
							"rotation": [109.68008, -7.44734, 16.63047],
							"uv": {
								"north": {"uv": [0, 0], "uv_size": [0, 20.5]},
								"east": {"uv": [27.25, 0], "uv_size": [-13.25, 20.5]},
								"south": {"uv": [0, 0], "uv_size": [0, 20.5]},
								"west": {"uv": [13.25, 0], "uv_size": [-13.25, 20.5]},
								"up": {"uv": [0, 0], "uv_size": [0, 13.25]},
								"down": {"uv": [0, 13.25], "uv_size": [0, -13.25]}
							}
						},
						{
							"origin": [7.91243, 24.16215, 11.08292],
							"size": [0, 20.4692, 13.2776],
							"pivot": [6.91243, 29.39675, 20.72172],
							"rotation": [109.68008, -7.44734, 16.63047],
							"uv": {
								"north": {"uv": [0, 0], "uv_size": [0, 20.5]},
								"east": {"uv": [27.25, 0], "uv_size": [-13.25, 20.5]},
								"south": {"uv": [0, 0], "uv_size": [0, 20.5]},
								"west": {"uv": [13.25, 0], "uv_size": [-13.25, 20.5]},
								"up": {"uv": [0, 0], "uv_size": [0, 13.25]},
								"down": {"uv": [0, 13.25], "uv_size": [0, -13.25]}
							}
						},
						{
							"origin": [7.91243, 24.16215, 11.08292],
							"size": [0, 20.4692, 13.2776],
							"pivot": [6.91243, 29.39675, 20.72172],
							"rotation": [109.68008, -7.44734, 16.63047],
							"uv": {
								"north": {"uv": [0, 0], "uv_size": [0, 20.5]},
								"east": {"uv": [27.25, 0], "uv_size": [-13.25, 20.5]},
								"south": {"uv": [0, 0], "uv_size": [0, 20.5]},
								"west": {"uv": [13.25, 0], "uv_size": [-13.25, 20.5]},
								"up": {"uv": [0, 0], "uv_size": [0, 13.25]},
								"down": {"uv": [0, 13.25], "uv_size": [0, -13.25]}
							}
						}
					]
				},
				{
					"name": "bone7",
					"parent": "bone8",
					"pivot": [-0.26258, 32.39849, 27.91173],
					"cubes": [
						{
							"origin": [-4.39833, 28.57606, 25.40326],
							"size": [8.441, 8.441, 13.882],
							"pivot": [-0.17783, 38.77754, 32.40848],
							"rotation": [17.5, 0, 0],
							"uv": {
								"north": {"uv": [32, 62], "uv_size": [8.5, 8.5]},
								"east": {"uv": [38, 40], "uv_size": [14, 8.5]},
								"south": {"uv": [32, 62], "uv_size": [8.5, 8.5]},
								"west": {"uv": [0, 42], "uv_size": [14, 8.5]},
								"up": {"uv": [14, 42], "uv_size": [8.5, 14]},
								"down": {"uv": [44, 14], "uv_size": [8.5, -14]}
							}
						},
						{
							"origin": [-0.34733, 36.22606, 26.40326],
							"size": [0, 4.181, 14.012],
							"pivot": [-0.17783, 38.77754, 32.40848],
							"rotation": [17.5, 0, 0],
							"uv": {
								"north": {"uv": [0, 0], "uv_size": [0, 4.25]},
								"east": {"uv": [83, 11], "uv_size": [14, 4.25]},
								"south": {"uv": [0, 0], "uv_size": [0, 4.25]},
								"west": {"uv": [65, 35], "uv_size": [16.5, 4.25]},
								"up": {"uv": [0, 0], "uv_size": [0, 14]},
								"down": {"uv": [0, 14], "uv_size": [0, -14]}
							}
						}
					]
				},
				{
					"name": "Cauda2",
					"parent": "bone7",
					"pivot": [-0.15258, 35.79432, 39.74294],
					"rotation": [-15.08052, -0.95341, -0.60757],
					"cubes": [
						{
							"origin": [-3.46542, 30.86784, 38.25932],
							"size": [6.78, 7.78, 10.17],
							"uv": {
								"north": {"uv": [32, 62], "uv_size": [8.5, 8.5]},
								"east": {"uv": [38, 40], "uv_size": [14, 8.5]},
								"south": {"uv": [32, 62], "uv_size": [8.5, 8.5]},
								"west": {"uv": [0, 42], "uv_size": [14, 8.5]},
								"up": {"uv": [14, 42], "uv_size": [8.5, 14]},
								"down": {"uv": [44, 14], "uv_size": [8.5, -14]}
							}
						},
						{
							"origin": [-0.07542, 38.64784, 38.25932],
							"size": [0, 3.39, 10.17],
							"uv": {
								"north": {"uv": [0, 0], "uv_size": [0, 3.5]},
								"east": {"uv": [18, 102], "uv_size": [10.25, 3.5]},
								"south": {"uv": [0, 0], "uv_size": [0, 3.5]},
								"west": {"uv": [65, 35], "uv_size": [16.5, 4.25]},
								"up": {"uv": [0, 0], "uv_size": [0, 10.25]},
								"down": {"uv": [0, 10.25], "uv_size": [0, -10.25]}
							}
						}
					]
				},
				{
					"name": "Cauda",
					"parent": "Cauda2",
					"pivot": [0.05574, 35.86235, 48.89333],
					"rotation": [14.91948, 0.95341, 0.60757],
					"cubes": [
						{
							"origin": [-3.41598, 32.14142, 47.47862],
							"size": [6.78, 6.78, 10.17],
							"uv": {
								"north": {"uv": [32, 62], "uv_size": [8.5, 8.5]},
								"east": {"uv": [38, 40], "uv_size": [14, 8.5]},
								"south": {"uv": [32, 62], "uv_size": [8.5, 8.5]},
								"west": {"uv": [0, 42], "uv_size": [14, 8.5]},
								"up": {"uv": [14, 42], "uv_size": [8.5, 14]},
								"down": {"uv": [44, 14], "uv_size": [8.5, -14]}
							}
						},
						{
							"origin": [-0.02598, 38.75142, 47.47862],
							"size": [0, 3.39, 10.17],
							"uv": {
								"north": {"uv": [0, 0], "uv_size": [0, 3.5]},
								"east": {"uv": [101, 70], "uv_size": [10.25, 3.5]},
								"south": {"uv": [0, 0], "uv_size": [0, 3.5]},
								"west": {"uv": [65, 35], "uv_size": [16.5, 4.25]},
								"up": {"uv": [0, 0], "uv_size": [0, 10.25]},
								"down": {"uv": [0, 10.25], "uv_size": [0, -10.25]}
							}
						}
					]
				},
				{
					"name": "Cauda3",
					"parent": "Cauda",
					"pivot": [0.08012, 35.78116, 58.1955],
					"rotation": [29.91948, 0.95341, 0.60757],
					"cubes": [
						{
							"origin": [-3.36893, 32.90202, 55.97151],
							"size": [6.78, 6.78, 10.17],
							"uv": {
								"north": {"uv": [32, 62], "uv_size": [8.5, 8.5]},
								"east": {"uv": [38, 40], "uv_size": [14, 8.5]},
								"south": {"uv": [32, 62], "uv_size": [8.5, 8.5]},
								"west": {"uv": [0, 42], "uv_size": [14, 8.5]},
								"up": {"uv": [14, 42], "uv_size": [8.5, 14]},
								"down": {"uv": [44, 14], "uv_size": [8.5, -14]}
							}
						},
						{
							"origin": [0.02107, 39.51202, 55.97151],
							"size": [0, 3.39, 10.17],
							"uv": {
								"north": {"uv": [0, 0], "uv_size": [0, 3.5]},
								"east": {"uv": [102, 45], "uv_size": [10.25, 3.5]},
								"south": {"uv": [0, 0], "uv_size": [0, 3.5]},
								"west": {"uv": [65, 35], "uv_size": [16.5, 4.25]},
								"up": {"uv": [0, 0], "uv_size": [0, 10.25]},
								"down": {"uv": [0, 10.25], "uv_size": [0, -10.25]}
							}
						}
					]
				},
				{
					"name": "Cauda4",
					"parent": "Cauda3",
					"pivot": [0.02107, 36.00378, 67.24238],
					"rotation": [17.42261, 0, 0],
					"cubes": [
						{
							"origin": [-3.36893, 33.37394, 65.26329],
							"size": [6.78, 6.78, 10.17],
							"uv": {
								"north": {"uv": [32, 62], "uv_size": [8.5, 8.5]},
								"east": {"uv": [38, 40], "uv_size": [14, 8.5]},
								"south": {"uv": [32, 62], "uv_size": [8.5, 8.5]},
								"west": {"uv": [0, 42], "uv_size": [14, 8.5]},
								"up": {"uv": [14, 42], "uv_size": [8.5, 14]},
								"down": {"uv": [44, 14], "uv_size": [8.5, -14]}
							}
						},
						{
							"origin": [0.02107, 39.98394, 65.26329],
							"size": [0, 3.39, 10.17],
							"uv": {
								"north": {"uv": [0, 0], "uv_size": [0, 3.5]},
								"east": {"uv": [103, 25], "uv_size": [10.25, 3.5]},
								"south": {"uv": [0, 0], "uv_size": [0, 3.5]},
								"west": {"uv": [65, 35], "uv_size": [16.5, 4.25]},
								"up": {"uv": [0, 0], "uv_size": [0, 10.25]},
								"down": {"uv": [0, 10.25], "uv_size": [0, -10.25]}
							}
						}
					]
				},
				{
					"name": "Cauda5",
					"parent": "Cauda4",
					"pivot": [0.02107, 36.25732, 76.58768],
					"rotation": [-22.57739, 0, 0],
					"cubes": [
						{
							"origin": [-3.36893, 32.6321, 74.02573],
							"size": [6.78, 6.78, 10.17],
							"uv": {
								"north": {"uv": [32, 62], "uv_size": [8.5, 8.5]},
								"east": {"uv": [38, 40], "uv_size": [14, 8.5]},
								"south": {"uv": [32, 62], "uv_size": [8.5, 8.5]},
								"west": {"uv": [0, 42], "uv_size": [14, 8.5]},
								"up": {"uv": [14, 42], "uv_size": [8.5, 14]},
								"down": {"uv": [44, 14], "uv_size": [8.5, -14]}
							}
						},
						{
							"origin": [0.02107, 39.2421, 74.02573],
							"size": [0, 3.39, 10.17],
							"uv": {
								"north": {"uv": [0, 0], "uv_size": [0, 3.5]},
								"east": {"uv": [103, 33], "uv_size": [10.25, 3.5]},
								"south": {"uv": [0, 0], "uv_size": [0, 3.5]},
								"west": {"uv": [65, 35], "uv_size": [16.5, 4.25]},
								"up": {"uv": [0, 0], "uv_size": [0, 10.25]},
								"down": {"uv": [0, 10.25], "uv_size": [0, -10.25]}
							}
						}
					]
				},
				{
					"name": "Cauda6",
					"parent": "Cauda5",
					"pivot": [0.02107, 35.79675, 83.28038],
					"rotation": [-37.57739, 0, 0],
					"cubes": [
						{
							"origin": [-3.36893, 32.44024, 81.80106],
							"size": [6.78, 6.78, 10.17],
							"uv": {
								"north": {"uv": [32, 62], "uv_size": [8.5, 8.5]},
								"east": {"uv": [38, 40], "uv_size": [14, 8.5]},
								"south": {"uv": [32, 62], "uv_size": [8.5, 8.5]},
								"west": {"uv": [0, 42], "uv_size": [14, 8.5]},
								"up": {"uv": [14, 42], "uv_size": [8.5, 14]},
								"down": {"uv": [44, 14], "uv_size": [8.5, -14]}
							}
						},
						{
							"origin": [0.02107, 39.05024, 81.80106],
							"size": [0, 3.39, 10.17],
							"uv": {
								"north": {"uv": [0, 0], "uv_size": [0, 3.5]},
								"east": {"uv": [103, 41], "uv_size": [10.25, 3.5]},
								"south": {"uv": [0, 0], "uv_size": [0, 3.5]},
								"west": {"uv": [65, 35], "uv_size": [16.5, 4.25]},
								"up": {"uv": [0, 0], "uv_size": [0, 10.25]},
								"down": {"uv": [0, 10.25], "uv_size": [0, -10.25]}
							}
						}
					]
				},
				{
					"name": "Cauda7",
					"parent": "Cauda6",
					"pivot": [-0.10266, 36.63196, 92.54016],
					"rotation": [9.91948, -0.95341, -0.60757],
					"cubes": [
						{
							"origin": [-3.42221, 32.62578, 91.31784],
							"size": [6.78, 7.78, 10.17],
							"uv": {
								"north": {"uv": [32, 62], "uv_size": [8.5, 8.5]},
								"east": {"uv": [38, 40], "uv_size": [14, 8.5]},
								"south": {"uv": [32, 62], "uv_size": [8.5, 8.5]},
								"west": {"uv": [0, 42], "uv_size": [14, 8.5]},
								"up": {"uv": [14, 42], "uv_size": [8.5, 14]},
								"down": {"uv": [44, 14], "uv_size": [8.5, -14]}
							}
						},
						{
							"origin": [-0.03221, 40.40578, 91.31784],
							"size": [0, 3.39, 10.17],
							"uv": {
								"north": {"uv": [0, 0], "uv_size": [0, 3.5]},
								"east": {"uv": [18, 102], "uv_size": [10.25, 3.5]},
								"south": {"uv": [0, 0], "uv_size": [0, 3.5]},
								"west": {"uv": [65, 35], "uv_size": [16.5, 4.25]},
								"up": {"uv": [0, 0], "uv_size": [0, 10.25]},
								"down": {"uv": [0, 10.25], "uv_size": [0, -10.25]}
							}
						}
					]
				},
				{
					"name": "Cauda8",
					"parent": "Cauda7",
					"pivot": [0.10566, 37.13237, 101.67106],
					"rotation": [14.91948, 0.95341, 0.60757],
					"cubes": [
						{
							"origin": [-3.38261, 33.81058, 100.65304],
							"size": [6.78, 6.78, 10.17],
							"uv": {
								"north": {"uv": [32, 62], "uv_size": [8.5, 8.5]},
								"east": {"uv": [38, 40], "uv_size": [14, 8.5]},
								"south": {"uv": [32, 62], "uv_size": [8.5, 8.5]},
								"west": {"uv": [0, 42], "uv_size": [14, 8.5]},
								"up": {"uv": [14, 42], "uv_size": [8.5, 14]},
								"down": {"uv": [44, 14], "uv_size": [8.5, -14]}
							}
						},
						{
							"origin": [0.00739, 40.42058, 100.65304],
							"size": [0, 3.39, 10.17],
							"uv": {
								"north": {"uv": [0, 0], "uv_size": [0, 3.5]},
								"east": {"uv": [101, 70], "uv_size": [10.25, 3.5]},
								"south": {"uv": [0, 0], "uv_size": [0, 3.5]},
								"west": {"uv": [65, 35], "uv_size": [16.5, 4.25]},
								"up": {"uv": [0, 0], "uv_size": [0, 10.25]},
								"down": {"uv": [0, 10.25], "uv_size": [0, -10.25]}
							}
						}
					]
				},
				{
					"name": "Cauda9",
					"parent": "Cauda8",
					"pivot": [0.13004, 38.05118, 110.97323],
					"rotation": [29.91948, 0.95341, 0.60757],
					"cubes": [
						{
							"origin": [-3.33579, 34.45339, 108.7931],
							"size": [6.78, 6.78, 10.17],
							"uv": {
								"north": {"uv": [32, 62], "uv_size": [8.5, 8.5]},
								"east": {"uv": [38, 40], "uv_size": [14, 8.5]},
								"south": {"uv": [32, 62], "uv_size": [8.5, 8.5]},
								"west": {"uv": [0, 42], "uv_size": [14, 8.5]},
								"up": {"uv": [14, 42], "uv_size": [8.5, 14]},
								"down": {"uv": [44, 14], "uv_size": [8.5, -14]}
							}
						},
						{
							"origin": [0.05421, 41.06339, 108.7931],
							"size": [0, 3.39, 10.17],
							"uv": {
								"north": {"uv": [0, 0], "uv_size": [0, 3.5]},
								"east": {"uv": [102, 45], "uv_size": [10.25, 3.5]},
								"south": {"uv": [0, 0], "uv_size": [0, 3.5]},
								"west": {"uv": [65, 35], "uv_size": [16.5, 4.25]},
								"up": {"uv": [0, 0], "uv_size": [0, 10.25]},
								"down": {"uv": [0, 10.25], "uv_size": [0, -10.25]}
							}
						}
					]
				},
				{
					"name": "Cauda10",
					"parent": "Cauda9",
					"pivot": [0.08159, 37.40704, 119.52151],
					"rotation": [17.42261, 0, 0],
					"cubes": [
						{
							"origin": [-3.33579, 34.75609, 118.10435],
							"size": [6.78, 6.78, 10.17],
							"uv": {
								"north": {"uv": [32, 62], "uv_size": [8.5, 8.5]},
								"east": {"uv": [38, 40], "uv_size": [14, 8.5]},
								"south": {"uv": [32, 62], "uv_size": [8.5, 8.5]},
								"west": {"uv": [0, 42], "uv_size": [14, 8.5]},
								"up": {"uv": [14, 42], "uv_size": [8.5, 14]},
								"down": {"uv": [44, 14], "uv_size": [8.5, -14]}
							}
						},
						{
							"origin": [0.05421, 41.36609, 118.10435],
							"size": [0, 3.39, 10.17],
							"uv": {
								"north": {"uv": [0, 0], "uv_size": [0, 3.5]},
								"east": {"uv": [103, 25], "uv_size": [10.25, 3.5]},
								"south": {"uv": [0, 0], "uv_size": [0, 3.5]},
								"west": {"uv": [65, 35], "uv_size": [16.5, 4.25]},
								"up": {"uv": [0, 0], "uv_size": [0, 10.25]},
								"down": {"uv": [0, 10.25], "uv_size": [0, -10.25]}
							}
						}
					]
				},
				{
					"name": "Cauda11",
					"parent": "Cauda10",
					"pivot": [0.08159, 37.66057, 128.8668],
					"rotation": [-22.57739, 0, 0],
					"cubes": [
						{
							"origin": [-3.33579, 34.23162, 126.83182],
							"size": [6.78, 6.78, 10.17],
							"uv": {
								"north": {"uv": [32, 62], "uv_size": [8.5, 8.5]},
								"east": {"uv": [38, 40], "uv_size": [14, 8.5]},
								"south": {"uv": [32, 62], "uv_size": [8.5, 8.5]},
								"west": {"uv": [0, 42], "uv_size": [14, 8.5]},
								"up": {"uv": [14, 42], "uv_size": [8.5, 14]},
								"down": {"uv": [44, 14], "uv_size": [8.5, -14]}
							}
						},
						{
							"origin": [0.05421, 40.84162, 126.83182],
							"size": [0, 3.39, 10.17],
							"uv": {
								"north": {"uv": [0, 0], "uv_size": [0, 3.5]},
								"east": {"uv": [103, 33], "uv_size": [10.25, 3.5]},
								"south": {"uv": [0, 0], "uv_size": [0, 3.5]},
								"west": {"uv": [65, 35], "uv_size": [16.5, 4.25]},
								"up": {"uv": [0, 0], "uv_size": [0, 10.25]},
								"down": {"uv": [0, 10.25], "uv_size": [0, -10.25]}
							}
						}
					]
				},
				{
					"name": "Cauda12",
					"parent": "Cauda11",
					"pivot": [0.08159, 37.20001, 136.55951],
					"rotation": [-37.57739, 0, 0],
					"cubes": [
						{
							"origin": [-3.33579, 33.71056, 134.58561],
							"size": [6.78, 6.78, 10.17],
							"uv": {
								"north": {"uv": [32, 62], "uv_size": [8.5, 8.5]},
								"east": {"uv": [38, 40], "uv_size": [14, 8.5]},
								"south": {"uv": [32, 62], "uv_size": [8.5, 8.5]},
								"west": {"uv": [0, 42], "uv_size": [14, 8.5]},
								"up": {"uv": [14, 42], "uv_size": [8.5, 14]},
								"down": {"uv": [44, 14], "uv_size": [8.5, -14]}
							}
						},
						{
							"origin": [0.05421, 40.32056, 134.58561],
							"size": [0, 3.39, 10.17],
							"uv": {
								"north": {"uv": [0, 0], "uv_size": [0, 3.5]},
								"east": {"uv": [103, 41], "uv_size": [10.25, 3.5]},
								"south": {"uv": [0, 0], "uv_size": [0, 3.5]},
								"west": {"uv": [65, 35], "uv_size": [16.5, 4.25]},
								"up": {"uv": [0, 0], "uv_size": [0, 10.25]},
								"down": {"uv": [0, 10.25], "uv_size": [0, -10.25]}
							}
						}
					]
				},
				{
					"name": "Cauda13",
					"parent": "Cauda12",
					"pivot": [-0.04214, 37.42538, 146.02676],
					"rotation": [-14.95633, -2.19052, -1.34492],
					"cubes": [
						{
							"origin": [-3.38174, 32.75603, 144.17694],
							"size": [6.78, 7.78, 10.17],
							"uv": {
								"north": {"uv": [32, 62], "uv_size": [8.5, 8.5]},
								"east": {"uv": [38, 40], "uv_size": [14, 8.5]},
								"south": {"uv": [32, 62], "uv_size": [8.5, 8.5]},
								"west": {"uv": [0, 42], "uv_size": [14, 8.5]},
								"up": {"uv": [14, 42], "uv_size": [8.5, 14]},
								"down": {"uv": [44, 14], "uv_size": [8.5, -14]}
							}
						},
						{
							"origin": [0.00826, 40.53603, 144.17694],
							"size": [0, 3.39, 10.17],
							"uv": {
								"north": {"uv": [0, 0], "uv_size": [0, 3.5]},
								"east": {"uv": [18, 102], "uv_size": [10.25, 3.5]},
								"south": {"uv": [0, 0], "uv_size": [0, 3.5]},
								"west": {"uv": [65, 35], "uv_size": [16.5, 4.25]},
								"up": {"uv": [0, 0], "uv_size": [0, 10.25]},
								"down": {"uv": [0, 10.25], "uv_size": [0, -10.25]}
							}
						}
					]
				},
				{
					"name": "Cauda14",
					"parent": "Cauda13",
					"pivot": [0.09161, 37.9455, 154.98744],
					"rotation": [14.91948, 0.95341, 0.60757],
					"cubes": [
						{
							"origin": [-3.3273, 34.0819, 153.35296],
							"size": [6.78, 6.78, 10.17],
							"uv": {
								"north": {"uv": [32, 62], "uv_size": [8.5, 8.5]},
								"east": {"uv": [38, 40], "uv_size": [14, 8.5]},
								"south": {"uv": [32, 62], "uv_size": [8.5, 8.5]},
								"west": {"uv": [0, 42], "uv_size": [14, 8.5]},
								"up": {"uv": [14, 42], "uv_size": [8.5, 14]},
								"down": {"uv": [44, 14], "uv_size": [8.5, -14]}
							}
						},
						{
							"origin": [0.0627, 40.6919, 153.35296],
							"size": [0, 3.39, 10.17],
							"uv": {
								"north": {"uv": [0, 0], "uv_size": [0, 3.5]},
								"east": {"uv": [101, 70], "uv_size": [10.25, 3.5]},
								"south": {"uv": [0, 0], "uv_size": [0, 3.5]},
								"west": {"uv": [65, 35], "uv_size": [16.5, 4.25]},
								"up": {"uv": [0, 0], "uv_size": [0, 10.25]},
								"down": {"uv": [0, 10.25], "uv_size": [0, -10.25]}
							}
						}
					]
				},
				{
					"name": "Cauda15",
					"parent": "Cauda14",
					"pivot": [0.14926, 38.37916, 163.3573],
					"rotation": [29.91948, 0.95341, 0.60757],
					"cubes": [
						{
							"origin": [-3.28514, 34.57477, 161.42335],
							"size": [6.78, 6.78, 10.17],
							"uv": {
								"north": {"uv": [32, 62], "uv_size": [8.5, 8.5]},
								"east": {"uv": [38, 40], "uv_size": [14, 8.5]},
								"south": {"uv": [32, 62], "uv_size": [8.5, 8.5]},
								"west": {"uv": [0, 42], "uv_size": [14, 8.5]},
								"up": {"uv": [14, 42], "uv_size": [8.5, 14]},
								"down": {"uv": [44, 14], "uv_size": [8.5, -14]}
							}
						},
						{
							"origin": [0.10486, 41.18477, 161.42335],
							"size": [0, 3.39, 10.17],
							"uv": {
								"north": {"uv": [0, 0], "uv_size": [0, 3.5]},
								"east": {"uv": [102, 45], "uv_size": [10.25, 3.5]},
								"south": {"uv": [0, 0], "uv_size": [0, 3.5]},
								"west": {"uv": [65, 35], "uv_size": [16.5, 4.25]},
								"up": {"uv": [0, 0], "uv_size": [0, 10.25]},
								"down": {"uv": [0, 10.25], "uv_size": [0, -10.25]}
							}
						}
					]
				},
				{
					"name": "Cauda16",
					"parent": "Cauda15",
					"pivot": [0.10685, 38.10049, 171.53758],
					"rotation": [17.42261, 0, 0],
					"cubes": [
						{
							"origin": [-3.28514, 34.71982, 170.53513],
							"size": [6.78, 6.78, 10.17],
							"uv": {
								"north": {"uv": [32, 62], "uv_size": [8.5, 8.5]},
								"east": {"uv": [38, 40], "uv_size": [14, 8.5]},
								"south": {"uv": [32, 62], "uv_size": [8.5, 8.5]},
								"west": {"uv": [0, 42], "uv_size": [14, 8.5]},
								"up": {"uv": [14, 42], "uv_size": [8.5, 14]},
								"down": {"uv": [44, 14], "uv_size": [8.5, -14]}
							}
						},
						{
							"origin": [0.10486, 41.32982, 170.53513],
							"size": [0, 3.39, 10.17],
							"uv": {
								"north": {"uv": [0, 0], "uv_size": [0, 3.5]},
								"east": {"uv": [103, 25], "uv_size": [10.25, 3.5]},
								"south": {"uv": [0, 0], "uv_size": [0, 3.5]},
								"west": {"uv": [65, 35], "uv_size": [16.5, 4.25]},
								"up": {"uv": [0, 0], "uv_size": [0, 10.25]},
								"down": {"uv": [0, 10.25], "uv_size": [0, -10.25]}
							}
						}
					]
				},
				{
					"name": "Cauda17",
					"parent": "Cauda16",
					"pivot": [0.10685, 37.30815, 180.18229],
					"rotation": [-22.57739, 0, 0],
					"cubes": [
						{
							"origin": [-3.28514, 34.59931, 179.05575],
							"size": [6.78, 6.78, 10.17],
							"uv": {
								"north": {"uv": [32, 62], "uv_size": [8.5, 8.5]},
								"east": {"uv": [38, 40], "uv_size": [14, 8.5]},
								"south": {"uv": [32, 62], "uv_size": [8.5, 8.5]},
								"west": {"uv": [0, 42], "uv_size": [14, 8.5]},
								"up": {"uv": [14, 42], "uv_size": [8.5, 14]},
								"down": {"uv": [44, 14], "uv_size": [8.5, -14]}
							}
						},
						{
							"origin": [0.10486, 41.20931, 179.05575],
							"size": [0, 3.39, 10.17],
							"uv": {
								"north": {"uv": [0, 0], "uv_size": [0, 3.5]},
								"east": {"uv": [103, 33], "uv_size": [10.25, 3.5]},
								"south": {"uv": [0, 0], "uv_size": [0, 3.5]},
								"west": {"uv": [65, 35], "uv_size": [16.5, 4.25]},
								"up": {"uv": [0, 0], "uv_size": [0, 10.25]},
								"down": {"uv": [0, 10.25], "uv_size": [0, -10.25]}
							}
						}
					]
				},
				{
					"name": "Cauda18",
					"parent": "Cauda17",
					"pivot": [0.10685, 38.07824, 189.0305],
					"rotation": [-37.57739, 0, 0],
					"cubes": [
						{
							"origin": [-3.28514, 34.03351, 187.17214],
							"size": [6.78, 6.78, 10.17],
							"uv": {
								"north": {"uv": [32, 62], "uv_size": [8.5, 8.5]},
								"east": {"uv": [38, 40], "uv_size": [14, 8.5]},
								"south": {"uv": [32, 62], "uv_size": [8.5, 8.5]},
								"west": {"uv": [0, 42], "uv_size": [14, 8.5]},
								"up": {"uv": [14, 42], "uv_size": [8.5, 14]},
								"down": {"uv": [44, 14], "uv_size": [8.5, -14]}
							}
						},
						{
							"origin": [0.10486, 40.64351, 187.17214],
							"size": [0, 3.39, 10.17],
							"uv": {
								"north": {"uv": [0, 0], "uv_size": [0, 3.5]},
								"east": {"uv": [103, 41], "uv_size": [10.25, 3.5]},
								"south": {"uv": [0, 0], "uv_size": [0, 3.5]},
								"west": {"uv": [65, 35], "uv_size": [16.5, 4.25]},
								"up": {"uv": [0, 0], "uv_size": [0, 10.25]},
								"down": {"uv": [0, 10.25], "uv_size": [0, -10.25]}
							}
						}
					]
				},
				{
					"name": "Cauda19",
					"parent": "Cauda18",
					"pivot": [-0.01688, 37.4863, 198.09538],
					"rotation": [5.50107, -4.73546, -2.44544],
					"cubes": [
						{
							"origin": [-3.38785, 33.81091, 197.50897],
							"size": [6.78, 7.78, 10.17],
							"uv": {
								"north": {"uv": [32, 62], "uv_size": [8.5, 8.5]},
								"east": {"uv": [38, 40], "uv_size": [14, 8.5]},
								"south": {"uv": [32, 62], "uv_size": [8.5, 8.5]},
								"west": {"uv": [0, 42], "uv_size": [14, 8.5]},
								"up": {"uv": [14, 42], "uv_size": [8.5, 14]},
								"down": {"uv": [44, 14], "uv_size": [8.5, -14]}
							}
						},
						{
							"origin": [0.00215, 41.59091, 197.50897],
							"size": [0, 3.39, 10.17],
							"uv": {
								"north": {"uv": [0, 0], "uv_size": [0, 3.5]},
								"east": {"uv": [18, 102], "uv_size": [10.25, 3.5]},
								"south": {"uv": [0, 0], "uv_size": [0, 3.5]},
								"west": {"uv": [65, 35], "uv_size": [16.5, 4.25]},
								"up": {"uv": [0, 0], "uv_size": [0, 10.25]},
								"down": {"uv": [0, 10.25], "uv_size": [0, -10.25]}
							}
						}
					]
				},
				{
					"name": "Cauda20",
					"parent": "Cauda19",
					"pivot": [0.08549, 38.00038, 207.31947],
					"rotation": [14.91948, 0.95341, 0.60757],
					"cubes": [
						{
							"origin": [-3.36066, 34.84564, 206.90842],
							"size": [6.78, 6.78, 10.17],
							"uv": {
								"north": {"uv": [32, 62], "uv_size": [8.5, 8.5]},
								"east": {"uv": [38, 40], "uv_size": [14, 8.5]},
								"south": {"uv": [32, 62], "uv_size": [8.5, 8.5]},
								"west": {"uv": [0, 42], "uv_size": [14, 8.5]},
								"up": {"uv": [14, 42], "uv_size": [8.5, 14]},
								"down": {"uv": [44, 14], "uv_size": [8.5, -14]}
							}
						},
						{
							"origin": [0.02934, 41.45564, 206.90842],
							"size": [0, 3.39, 10.17],
							"uv": {
								"north": {"uv": [0, 0], "uv_size": [0, 3.5]},
								"east": {"uv": [101, 70], "uv_size": [10.25, 3.5]},
								"south": {"uv": [0, 0], "uv_size": [0, 3.5]},
								"west": {"uv": [65, 35], "uv_size": [16.5, 4.25]},
								"up": {"uv": [0, 0], "uv_size": [0, 10.25]},
								"down": {"uv": [0, 10.25], "uv_size": [0, -10.25]}
							}
						}
					]
				},
				{
					"name": "Cauda21",
					"parent": "Cauda20",
					"pivot": [0.11591, 38.1429, 216.91277],
					"rotation": [29.91948, 0.95341, 0.60757],
					"cubes": [
						{
							"origin": [-3.3291, 35.20527, 215.47741],
							"size": [6.78, 6.78, 10.17],
							"uv": {
								"north": {"uv": [32, 62], "uv_size": [8.5, 8.5]},
								"east": {"uv": [38, 40], "uv_size": [14, 8.5]},
								"south": {"uv": [32, 62], "uv_size": [8.5, 8.5]},
								"west": {"uv": [0, 42], "uv_size": [14, 8.5]},
								"up": {"uv": [14, 42], "uv_size": [8.5, 14]},
								"down": {"uv": [44, 14], "uv_size": [8.5, -14]}
							}
						},
						{
							"origin": [0.0609, 41.81527, 215.47741],
							"size": [0, 3.39, 10.17],
							"uv": {
								"north": {"uv": [0, 0], "uv_size": [0, 3.5]},
								"east": {"uv": [102, 45], "uv_size": [10.25, 3.5]},
								"south": {"uv": [0, 0], "uv_size": [0, 3.5]},
								"west": {"uv": [65, 35], "uv_size": [16.5, 4.25]},
								"up": {"uv": [0, 0], "uv_size": [0, 10.25]},
								"down": {"uv": [0, 10.25], "uv_size": [0, -10.25]}
							}
						}
					]
				},
				{
					"name": "Cauda22",
					"parent": "Cauda21",
					"pivot": [0.06289, 38.73099, 225.59164],
					"rotation": [17.42261, 0, 0],
					"cubes": [
						{
							"origin": [-3.3291, 35.35033, 224.58919],
							"size": [6.78, 6.78, 10.17],
							"uv": {
								"north": {"uv": [32, 62], "uv_size": [8.5, 8.5]},
								"east": {"uv": [38, 40], "uv_size": [14, 8.5]},
								"south": {"uv": [32, 62], "uv_size": [8.5, 8.5]},
								"west": {"uv": [0, 42], "uv_size": [14, 8.5]},
								"up": {"uv": [14, 42], "uv_size": [8.5, 14]},
								"down": {"uv": [44, 14], "uv_size": [8.5, -14]}
							}
						},
						{
							"origin": [0.0609, 41.96033, 224.58919],
							"size": [0, 3.39, 10.17],
							"uv": {
								"north": {"uv": [0, 0], "uv_size": [0, 3.5]},
								"east": {"uv": [103, 25], "uv_size": [10.25, 3.5]},
								"south": {"uv": [0, 0], "uv_size": [0, 3.5]},
								"west": {"uv": [65, 35], "uv_size": [16.5, 4.25]},
								"up": {"uv": [0, 0], "uv_size": [0, 10.25]},
								"down": {"uv": [0, 10.25], "uv_size": [0, -10.25]}
							}
						}
					]
				},
				{
					"name": "Cauda23",
					"parent": "Cauda22",
					"pivot": [0.06289, 37.93866, 234.23635],
					"rotation": [-22.57739, 0, 0],
					"cubes": [
						{
							"origin": [-3.3291, 35.22982, 233.10981],
							"size": [6.78, 6.78, 10.17],
							"uv": {
								"north": {"uv": [32, 62], "uv_size": [8.5, 8.5]},
								"east": {"uv": [38, 40], "uv_size": [14, 8.5]},
								"south": {"uv": [32, 62], "uv_size": [8.5, 8.5]},
								"west": {"uv": [0, 42], "uv_size": [14, 8.5]},
								"up": {"uv": [14, 42], "uv_size": [8.5, 14]},
								"down": {"uv": [44, 14], "uv_size": [8.5, -14]}
							}
						},
						{
							"origin": [0.0609, 41.83982, 233.10981],
							"size": [0, 3.39, 10.17],
							"uv": {
								"north": {"uv": [0, 0], "uv_size": [0, 3.5]},
								"east": {"uv": [103, 33], "uv_size": [10.25, 3.5]},
								"south": {"uv": [0, 0], "uv_size": [0, 3.5]},
								"west": {"uv": [65, 35], "uv_size": [16.5, 4.25]},
								"up": {"uv": [0, 0], "uv_size": [0, 10.25]},
								"down": {"uv": [0, 10.25], "uv_size": [0, -10.25]}
							}
						}
					]
				},
				{
					"name": "Cauda24",
					"parent": "Cauda23",
					"pivot": [0.06289, 38.70874, 242.08456],
					"rotation": [-37.57739, 0, 0],
					"cubes": [
						{
							"origin": [-3.3291, 35.27385, 241.01873],
							"size": [6.78, 6.78, 10.17],
							"uv": {
								"north": {"uv": [32, 62], "uv_size": [8.5, 8.5]},
								"east": {"uv": [38, 40], "uv_size": [14, 8.5]},
								"south": {"uv": [32, 62], "uv_size": [8.5, 8.5]},
								"west": {"uv": [0, 42], "uv_size": [14, 8.5]},
								"up": {"uv": [14, 42], "uv_size": [8.5, 14]},
								"down": {"uv": [44, 14], "uv_size": [8.5, -14]}
							}
						},
						{
							"origin": [0.0609, 41.88385, 241.01873],
							"size": [0, 3.39, 10.17],
							"uv": {
								"north": {"uv": [0, 0], "uv_size": [0, 3.5]},
								"east": {"uv": [103, 41], "uv_size": [10.25, 3.5]},
								"south": {"uv": [0, 0], "uv_size": [0, 3.5]},
								"west": {"uv": [65, 35], "uv_size": [16.5, 4.25]},
								"up": {"uv": [0, 0], "uv_size": [0, 10.25]},
								"down": {"uv": [0, 10.25], "uv_size": [0, -10.25]}
							}
						}
					]
				},
				{
					"name": "bone2",
					"parent": "Cauda24",
					"pivot": [-0.12737, 39.02706, 250.99185],
					"rotation": [10, 0, 0],
					"cubes": [
						{
							"origin": [-3.26312, 37.87662, 250.77876],
							"size": [6.441, 6.441, 12.882],
							"pivot": [-0.04262, 36.11614, 257.65554],
							"rotation": [17.5, 0, 0],
							"uv": {
								"north": {"uv": [32, 62], "uv_size": [8.5, 8.5]},
								"east": {"uv": [38, 40], "uv_size": [14, 8.5]},
								"south": {"uv": [32, 62], "uv_size": [8.5, 8.5]},
								"west": {"uv": [0, 42], "uv_size": [14, 8.5]},
								"up": {"uv": [14, 42], "uv_size": [8.5, 14]},
								"down": {"uv": [44, 14], "uv_size": [8.5, -14]}
							}
						},
						{
							"origin": [-0.21212, 43.48662, 249.64876],
							"size": [0, 4.181, 14.012],
							"pivot": [-0.04262, 36.11614, 257.65554],
							"rotation": [17.5, 0, 0],
							"uv": {
								"north": {"uv": [0, 0], "uv_size": [0, 4.25]},
								"east": {"uv": [82, 35], "uv_size": [14, 4.25]},
								"south": {"uv": [0, 0], "uv_size": [0, 4.25]},
								"west": {"uv": [65, 35], "uv_size": [16.5, 4.25]},
								"up": {"uv": [0, 0], "uv_size": [0, 14]},
								"down": {"uv": [0, 14], "uv_size": [0, -14]}
							}
						}
					]
				},
				{
					"name": "bone3",
					"parent": "bone2",
					"pivot": [-0.27992, 43.13699, 262.45284],
					"cubes": [
						{
							"origin": [-2.77722, 43.82067, 262.87962],
							"size": [5.4692, 5.4692, 15.2776],
							"pivot": [-0.04262, 41.78668, 268.44989],
							"rotation": [40, 0, 0],
							"uv": {
								"north": {"uv": [32, 62], "uv_size": [8.5, 8.5]},
								"east": {"uv": [38, 40], "uv_size": [14, 8.5]},
								"south": {"uv": [32, 62], "uv_size": [8.5, 8.5]},
								"west": {"uv": [0, 42], "uv_size": [14, 8.5]},
								"up": {"uv": [14, 42], "uv_size": [8.5, 14]},
								"down": {"uv": [44, 14], "uv_size": [8.5, -14]}
							}
						},
						{
							"origin": [-0.51722, 48.43067, 261.74962],
							"size": [0, 4.3392, 16.4076],
							"pivot": [-0.04262, 41.78668, 268.44989],
							"rotation": [40, 0, 0],
							"uv": {
								"north": {"uv": [0, 0], "uv_size": [0, 4.25]},
								"east": {"uv": [62, 58], "uv_size": [16.5, 4.25]},
								"south": {"uv": [0, 0], "uv_size": [0, 4.25]},
								"west": {"uv": [65, 35], "uv_size": [16.5, 4.25]},
								"up": {"uv": [0, 0], "uv_size": [0, 16.5]},
								"down": {"uv": [0, 16.5], "uv_size": [0, -16.5]}
							}
						}
					]
				},
				{
					"name": "bone4",
					"parent": "bone3",
					"pivot": [-0.04262, 51.76955, 272.94832],
					"cubes": [
						{
							"origin": [-2.30262, 50.13656, 272.1212],
							"size": [4.52, 4.52, 11.3],
							"pivot": [-0.04262, 47.56693, 278.5003],
							"rotation": [7.5, 0, 0],
							"uv": {
								"north": {"uv": [32, 62], "uv_size": [8.5, 8.5]},
								"east": {"uv": [38, 40], "uv_size": [14, 8.5]},
								"south": {"uv": [32, 62], "uv_size": [8.5, 8.5]},
								"west": {"uv": [0, 42], "uv_size": [14, 8.5]},
								"up": {"uv": [14, 42], "uv_size": [8.5, 14]},
								"down": {"uv": [44, 14], "uv_size": [8.5, -14]}
							}
						},
						{
							"origin": [-0.04262, 53.74656, 272.1212],
							"size": [0, 3.39, 11.3],
							"pivot": [-0.04262, 47.56693, 278.5003],
							"rotation": [7.5, 0, 0],
							"uv": {
								"north": {"uv": [0, 0], "uv_size": [0, 3.5]},
								"east": {"uv": [18, 98], "uv_size": [11.25, 3.5]},
								"south": {"uv": [0, 0], "uv_size": [0, 3.5]},
								"west": {"uv": [65, 35], "uv_size": [16.5, 4.25]},
								"up": {"uv": [0, 0], "uv_size": [0, 11.25]},
								"down": {"uv": [0, 11.25], "uv_size": [0, -11.25]}
							}
						}
					]
				},
				{
					"name": "bone5",
					"parent": "bone4",
					"pivot": [-0.16692, 52.78629, 283.22432],
					"rotation": [-17.5, 0, 0],
					"cubes": [
						{
							"origin": [-2.05402, 51.46297, 282.47732],
							"size": [4.0228, 4.0228, 10.057],
							"pivot": [-0.04262, 49.25741, 289.68947],
							"rotation": [7.5, 0, 0],
							"uv": {
								"north": {"uv": [92, 31], "uv_size": [4, 4]},
								"east": {"uv": [38, 40], "uv_size": [14, 8.5]},
								"south": {"uv": [32, 62], "uv_size": [8.5, 8.5]},
								"west": {"uv": [0, 42], "uv_size": [14, 8.5]},
								"up": {"uv": [14, 42], "uv_size": [8.5, 14]},
								"down": {"uv": [44, 14], "uv_size": [8.5, -14]}
							}
						},
						{
							"origin": [-0.29122, 55.07297, 282.47732],
							"size": [0, 4.0228, 10.057],
							"pivot": [-0.04262, 49.25741, 289.68947],
							"rotation": [7.5, 0, 0],
							"uv": {
								"north": {"uv": [0, 0], "uv_size": [0, 4]},
								"east": {"uv": [97, 17], "uv_size": [10, 4]},
								"south": {"uv": [0, 0], "uv_size": [0, 4]},
								"west": {"uv": [65, 35], "uv_size": [16.5, 4.25]},
								"up": {"uv": [0, 0], "uv_size": [0, 10]},
								"down": {"uv": [0, 10], "uv_size": [0, -10]}
							}
						}
					]
				},
				{
					"name": "bone6",
					"parent": "bone5",
					"pivot": [-0.00081, 54.05985, 291.26811],
					"rotation": [20, 0, 0],
					"cubes": [
						{
							"origin": [-1.81265, 52.95905, 290.93379],
							"size": [3.54006, 3.54006, 9.98016],
							"pivot": [-0.04262, 49.84759, 297.12856],
							"rotation": [7.5, 0, 0],
							"uv": {
								"north": {"uv": [113, 101], "uv_size": [3.5, 3.5]},
								"east": {"uv": [38, 40], "uv_size": [14, 8.5]},
								"south": {"uv": [32, 62], "uv_size": [8.5, 8.5]},
								"west": {"uv": [0, 42], "uv_size": [14, 8.5]},
								"up": {"uv": [14, 42], "uv_size": [8.5, 14]},
								"down": {"uv": [44, 14], "uv_size": [8.5, -14]}
							}
						},
						{
							"origin": [-0.53259, 56.56905, 290.93379],
							"size": [0, 2.54006, 9.72016],
							"pivot": [-0.04262, 49.84759, 297.12856],
							"rotation": [7.5, 0, 0],
							"uv": {
								"north": {"uv": [0, 0], "uv_size": [0, 2.5]},
								"east": {"uv": [104, 98], "uv_size": [9.75, 2.5]},
								"south": {"uv": [0, 0], "uv_size": [0, 2.5]},
								"west": {"uv": [65, 35], "uv_size": [16.5, 4.25]},
								"up": {"uv": [0, 0], "uv_size": [0, 9.75]},
								"down": {"uv": [0, 9.75], "uv_size": [0, -9.75]}
							}
						}
					]
				},
				{
					"name": "Pelo",
					"parent": "bone6",
					"pivot": [0.10362, 55.98896, 299.81796],
					"cubes": [
						{
							"origin": [-2.63957, 53.85183, 299.9005],
							"size": [0, 4.67288, 10.19061],
							"pivot": [-2.45165, 51.30678, 306.06157],
							"rotation": [7.61435, -9.91358, -1.31845],
							"uv": {
								"north": {"uv": [0, 0], "uv_size": [0, 4.75]},
								"east": {"uv": [86, 66], "uv_size": [10.25, 4.75]},
								"south": {"uv": [0, 0], "uv_size": [0, 4.75]},
								"west": {"uv": [87, 0], "uv_size": [10.25, 4.75]},
								"up": {"uv": [0, 0], "uv_size": [0, 10.25]},
								"down": {"uv": [0, 10.25], "uv_size": [0, -10.25]}
							}
						},
						{
							"origin": [-2.80659, 53.18456, 301.26058],
							"size": [0, 4.67288, 10.19061],
							"pivot": [-1.90221, 49.98678, 300.78157],
							"rotation": [22.70879, 2.02029, 11.8554],
							"uv": {
								"north": {"uv": [0, 0], "uv_size": [0, 4.75]},
								"east": {"uv": [87, 5], "uv_size": [10.25, 4.75]},
								"south": {"uv": [0, 0], "uv_size": [0, 4.75]},
								"west": {"uv": [38, 87], "uv_size": [10.25, 4.75]},
								"up": {"uv": [0, 0], "uv_size": [0, 10.25]},
								"down": {"uv": [0, 10.25], "uv_size": [0, -10.25]}
							}
						},
						{
							"origin": [3.12428, 53.18456, 301.26058],
							"size": [0, 4.67288, 10.19061],
							"pivot": [2.21991, 49.98678, 300.78157],
							"rotation": [22.70879, -2.02029, -11.8554],
							"uv": {
								"north": {"uv": [0, 0], "uv_size": [0, 4.75]},
								"east": {"uv": [49, 87], "uv_size": [10.25, 4.75]},
								"south": {"uv": [0, 0], "uv_size": [0, 4.75]},
								"west": {"uv": [21, 88], "uv_size": [10.25, 4.75]},
								"up": {"uv": [0, 0], "uv_size": [0, 10.25]},
								"down": {"uv": [0, 10.25], "uv_size": [0, -10.25]}
							}
						},
						{
							"origin": [2.36116, 53.85183, 299.89332],
							"size": [0, 4.67288, 10.19061],
							"pivot": [2.21991, 51.30678, 306.06157],
							"rotation": [7.56397, 7.43547, 0.98448],
							"uv": {
								"north": {"uv": [0, 0], "uv_size": [0, 4.75]},
								"east": {"uv": [88, 79], "uv_size": [10.25, 4.75]},
								"south": {"uv": [0, 0], "uv_size": [0, 4.75]},
								"west": {"uv": [88, 84], "uv_size": [10.25, 4.75]},
								"up": {"uv": [0, 0], "uv_size": [0, 10.25]},
								"down": {"uv": [0, 10.25], "uv_size": [0, -10.25]}
							}
						},
						{
							"origin": [-0.77637, 49.76915, 298.25191],
							"size": [0, 4.67288, 10.19061],
							"pivot": [2.21991, 49.98678, 300.78157],
							"rotation": [-15.54401, 5.05904, 42.25489],
							"uv": {
								"north": {"uv": [0, 0], "uv_size": [0, 4.75]},
								"east": {"uv": [88, 89], "uv_size": [10.25, 4.75]},
								"south": {"uv": [0, 0], "uv_size": [0, 4.75]},
								"west": {"uv": [90, 52], "uv_size": [10.25, 4.75]},
								"up": {"uv": [0, 0], "uv_size": [0, 10.25]},
								"down": {"uv": [0, 10.25], "uv_size": [0, -10.25]}
							}
						},
						{
							"origin": [1.09407, 49.76915, 298.25191],
							"size": [0, 4.67288, 10.19061],
							"pivot": [-1.90221, 49.98678, 300.78157],
							"rotation": [-15.54401, -5.05904, -42.25489],
							"uv": {
								"north": {"uv": [0, 0], "uv_size": [0, 4.75]},
								"east": {"uv": [90, 71], "uv_size": [10.25, 4.75]},
								"south": {"uv": [0, 0], "uv_size": [0, 4.75]},
								"west": {"uv": [75, 90], "uv_size": [10.25, 4.75]},
								"up": {"uv": [0, 0], "uv_size": [0, 10.25]},
								"down": {"uv": [0, 10.25], "uv_size": [0, -10.25]}
							}
						},
						{
							"origin": [-5.09751, 51.28549, 300.22569],
							"size": [0, 4.67288, 10.19061],
							"pivot": [-0.11653, 53.62193, 305.75677],
							"rotation": [0, -15, 90],
							"uv": {
								"north": {"uv": [0, 0], "uv_size": [0, 4.75]},
								"east": {"uv": [91, 21], "uv_size": [10.25, 4.75]},
								"south": {"uv": [0, 0], "uv_size": [0, 4.75]},
								"west": {"uv": [0, 92], "uv_size": [10.25, 4.75]},
								"up": {"uv": [0, 0], "uv_size": [0, 10.25]},
								"down": {"uv": [0, 10.25], "uv_size": [0, -10.25]}
							}
						},
						{
							"origin": [-7.47182, 48.58183, 298.18443],
							"size": [0, 4.67288, 10.19061],
							"pivot": [-0.73606, 50.29874, 300.7405],
							"rotation": [0, 15, 90],
							"uv": {
								"north": {"uv": [0, 0], "uv_size": [0, 4.75]},
								"east": {"uv": [92, 26], "uv_size": [10.25, 4.75]},
								"south": {"uv": [0, 0], "uv_size": [0, 4.75]},
								"west": {"uv": [32, 92], "uv_size": [10.25, 4.75]},
								"up": {"uv": [0, 0], "uv_size": [0, 10.25]},
								"down": {"uv": [0, 10.25], "uv_size": [0, -10.25]}
							}
						},
						{
							"origin": [-12.39509, 62.27871, 297.61653],
							"size": [0, 4.67288, 10.19061],
							"pivot": [-0.73606, 65.23468, 300.7405],
							"rotation": [0, 15, -90],
							"uv": {
								"north": {"uv": [0, 0], "uv_size": [0, 4.75]},
								"east": {"uv": [92, 40], "uv_size": [10.25, 4.75]},
								"south": {"uv": [0, 0], "uv_size": [0, 4.75]},
								"west": {"uv": [43, 92], "uv_size": [10.25, 4.75]},
								"up": {"uv": [0, 0], "uv_size": [0, 10.25]},
								"down": {"uv": [0, 10.25], "uv_size": [0, -10.25]}
							}
						},
						{
							"origin": [-4.88512, 46.65258, 299.76787],
							"size": [0, 4.67288, 10.19061],
							"pivot": [-0.11653, 48.98902, 306.36671],
							"rotation": [0, -2.5, 90],
							"uv": {
								"north": {"uv": [0, 0], "uv_size": [0, 4.75]},
								"east": {"uv": [54, 92], "uv_size": [10.25, 4.75]},
								"south": {"uv": [0, 0], "uv_size": [0, 4.75]},
								"west": {"uv": [21, 93], "uv_size": [10.25, 4.75]},
								"up": {"uv": [0, 0], "uv_size": [0, 10.25]},
								"down": {"uv": [0, 10.25], "uv_size": [0, -10.25]}
							}
						}
					]
				},
				{
					"name": "bracodireito",
					"parent": "bone8",
					"pivot": [-5.53169, 25.17155, 22.83578],
					"rotation": [99.717, -24.75399, 25.11904],
					"cubes": [
						{
							"origin": [-8.92163, 15.14053, 21.28351],
							"size": [4.1416, 9.0174, 4.0116],
							"uv": {
								"north": {"uv": [50, 62], "uv_size": [4.25, 9]},
								"east": {"uv": [7, 97], "uv_size": [4, 9]},
								"south": {"uv": [60, 97], "uv_size": [4.25, 9]},
								"west": {"uv": [100, 93], "uv_size": [4, 9]},
								"up": {"uv": [73, 112], "uv_size": [4.25, 4]},
								"down": {"uv": [113, 4], "uv_size": [4.25, -4]}
							}
						},
						{
							"origin": [-7.92163, 18.14053, 20.28351],
							"size": [4.1416, 5.0174, 4.0116],
							"uv": {
								"north": {"uv": [33, 108], "uv_size": [4.25, 5]},
								"east": {"uv": [52, 82], "uv_size": [4, 5]},
								"south": {"uv": [38, 108], "uv_size": [4.25, 5]},
								"west": {"uv": [64, 110], "uv_size": [4, 5]},
								"up": {"uv": [113, 4], "uv_size": [4.25, 4]},
								"down": {"uv": [113, 23], "uv_size": [4.25, -4]}
							}
						},
						{
							"origin": [-9.28233, 22.11399, 20.92282],
							"size": [4.73299, 4.09369, 4.73299],
							"pivot": [-5.91583, 25.66083, 24.28931],
							"rotation": [0, 0, 20],
							"uv": {
								"north": {"uv": [110, 61], "uv_size": [4.75, 4]},
								"east": {"uv": [110, 94], "uv_size": [4.75, 4]},
								"south": {"uv": [111, 80], "uv_size": [4.75, 4]},
								"west": {"uv": [111, 109], "uv_size": [4.75, 4]},
								"up": {"uv": [59, 106], "uv_size": [4.75, 4.75]},
								"down": {"uv": [69, 111.75], "uv_size": [4.75, -4.75]}
							}
						}
					]
				},
				{
					"name": "rightAnte",
					"parent": "bracodireito",
					"pivot": [-5.6536, 15.28755, 25.41931],
					"cubes": [
						{
							"origin": [-8.76397, 10.60011, 22.2838],
							"size": [3.53067, 5.41134, 3.53067],
							"pivot": [-5.6536, 16.28755, 25.41931],
							"rotation": [-12.5, 0, -2.5],
							"uv": {
								"north": {"uv": [17, 111], "uv_size": [3.5, 5.5]},
								"east": {"uv": [111, 49], "uv_size": [3.5, 5.5]},
								"south": {"uv": [111, 55], "uv_size": [3.5, 5.5]},
								"west": {"uv": [59, 111], "uv_size": [3.5, 5.5]},
								"up": {"uv": [0, 114], "uv_size": [3.5, 3.5]},
								"down": {"uv": [114, 15.5], "uv_size": [3.5, -3.5]}
							}
						},
						{
							"origin": [-8.00881, 3.61392, 20.9614],
							"size": [2.70107, 7.48114, 2.70107],
							"pivot": [-5.65827, 8.48449, 23.31194],
							"rotation": [-12.5, 0, -2.5],
							"uv": {
								"north": {"uv": [53, 108], "uv_size": [2.75, 7.5]},
								"east": {"uv": [56, 108], "uv_size": [2.75, 7.5]},
								"south": {"uv": [11, 109], "uv_size": [2.75, 7.5]},
								"west": {"uv": [14, 109], "uv_size": [2.75, 7.5]},
								"up": {"uv": [52, 46], "uv_size": [2.75, 2.75]},
								"down": {"uv": [73, 13.75], "uv_size": [2.75, -2.75]}
							}
						}
					]
				},
				{
					"name": "bracodireito2",
					"parent": "bone8",
					"pivot": [5.53169, 25.17155, 22.83578],
					"rotation": [99.717, 24.75399, -25.11904],
					"cubes": [
						{
							"origin": [4.78003, 15.14053, 21.28351],
							"size": [4.1416, 9.0174, 4.0116],
							"uv": {
								"north": {"uv": [54.25, 62], "uv_size": [-4.25, 9]},
								"east": {"uv": [104, 93], "uv_size": [-4, 9]},
								"south": {"uv": [64.25, 97], "uv_size": [-4.25, 9]},
								"west": {"uv": [11, 97], "uv_size": [-4, 9]},
								"up": {"uv": [77.25, 112], "uv_size": [-4.25, 4]},
								"down": {"uv": [117.25, 4], "uv_size": [-4.25, -4]}
							}
						},
						{
							"origin": [3.78003, 18.14053, 20.28351],
							"size": [4.1416, 5.0174, 4.0116],
							"uv": {
								"north": {"uv": [37.25, 108], "uv_size": [-4.25, 5]},
								"east": {"uv": [68, 110], "uv_size": [-4, 5]},
								"south": {"uv": [42.25, 108], "uv_size": [-4.25, 5]},
								"west": {"uv": [56, 82], "uv_size": [-4, 5]},
								"up": {"uv": [117.25, 4], "uv_size": [-4.25, 4]},
								"down": {"uv": [117.25, 23], "uv_size": [-4.25, -4]}
							}
						},
						{
							"origin": [4.54934, 22.11399, 20.92282],
							"size": [4.73299, 4.09369, 4.73299],
							"pivot": [5.91583, 25.66083, 24.28931],
							"rotation": [0, 0, -20],
							"uv": {
								"north": {"uv": [114.75, 61], "uv_size": [-4.75, 4]},
								"east": {"uv": [115.75, 109], "uv_size": [-4.75, 4]},
								"south": {"uv": [115.75, 80], "uv_size": [-4.75, 4]},
								"west": {"uv": [114.75, 94], "uv_size": [-4.75, 4]},
								"up": {"uv": [63.75, 106], "uv_size": [-4.75, 4.75]},
								"down": {"uv": [73.75, 111.75], "uv_size": [-4.75, -4.75]}
							}
						}
					]
				},
				{
					"name": "leftAnte",
					"parent": "bracodireito2",
					"pivot": [5.6536, 15.28755, 25.41931],
					"cubes": [
						{
							"origin": [5.2333, 10.60011, 22.2838],
							"size": [3.53067, 5.41134, 3.53067],
							"pivot": [5.6536, 16.28755, 25.41931],
							"rotation": [-12.5, 0, 2.5],
							"uv": {
								"north": {"uv": [20.5, 111], "uv_size": [-3.5, 5.5]},
								"east": {"uv": [62.5, 111], "uv_size": [-3.5, 5.5]},
								"south": {"uv": [114.5, 55], "uv_size": [-3.5, 5.5]},
								"west": {"uv": [114.5, 49], "uv_size": [-3.5, 5.5]},
								"up": {"uv": [3.5, 114], "uv_size": [-3.5, 3.5]},
								"down": {"uv": [117.5, 15.5], "uv_size": [-3.5, -3.5]}
							}
						},
						{
							"origin": [5.30774, 3.61392, 20.9614],
							"size": [2.70107, 7.48114, 2.70107],
							"pivot": [5.65827, 8.48449, 23.31194],
							"rotation": [-12.5, 0, 2.5],
							"uv": {
								"north": {"uv": [55.75, 108], "uv_size": [-2.75, 7.5]},
								"east": {"uv": [16.75, 109], "uv_size": [-2.75, 7.5]},
								"south": {"uv": [13.75, 109], "uv_size": [-2.75, 7.5]},
								"west": {"uv": [58.75, 108], "uv_size": [-2.75, 7.5]},
								"up": {"uv": [54.75, 46], "uv_size": [-2.75, 2.75]},
								"down": {"uv": [75.75, 13.75], "uv_size": [-2.75, -2.75]}
							}
						}
					]
				},
				{
					"name": "bone9",
					"parent": "bone8",
					"pivot": [-0.17783, 22.13109, 19.97198],
					"cubes": [
						{
							"origin": [-4.43783, 16.23712, 7.64281],
							"size": [8.52, 7.52, 13.3],
							"pivot": [-0.17783, 26.32675, 12.56372],
							"rotation": [7.5, 0, 0],
							"uv": {
								"north": {"uv": [32, 62], "uv_size": [8.5, 8.5]},
								"east": {"uv": [38, 40], "uv_size": [14, 8.5]},
								"south": {"uv": [83, 40], "uv_size": [8.5, 6.5]},
								"west": {"uv": [0, 42], "uv_size": [14, 8.5]},
								"up": {"uv": [14, 42], "uv_size": [8.5, 14]},
								"down": {"uv": [44, 14], "uv_size": [8.5, -14]}
							}
						},
						{
							"origin": [-0.17783, 23.75712, 7.64281],
							"size": [0, 3.39, 11.3],
							"pivot": [-0.17783, 26.32675, 12.56372],
							"rotation": [7.5, 0, 0],
							"uv": {
								"north": {"uv": [0, 0], "uv_size": [0, 3.5]},
								"east": {"uv": [99, 76], "uv_size": [11.25, 3.5]},
								"south": {"uv": [0, 0], "uv_size": [0, 3.5]},
								"west": {"uv": [65, 35], "uv_size": [16.5, 4.25]},
								"up": {"uv": [0, 0], "uv_size": [0, 11.25]},
								"down": {"uv": [0, 11.25], "uv_size": [0, -11.25]}
							}
						}
					]
				},
				{
					"name": "bone10",
					"parent": "bone9",
					"pivot": [-0.30213, 20.28037, 8.79127],
					"rotation": [-17.5, 0, 0],
					"cubes": [
						{
							"origin": [-4.18923, 15.42142, -1.32998],
							"size": [8.0228, 7.0228, 10.057],
							"pivot": [-0.17783, 24.64977, 1.51487],
							"rotation": [7.5, 0, 0],
							"uv": {
								"north": {"uv": [32, 62], "uv_size": [8.5, 8.5]},
								"east": {"uv": [38, 40], "uv_size": [14, 8.5]},
								"south": {"uv": [65, 40], "uv_size": [6, 6]},
								"west": {"uv": [0, 42], "uv_size": [14, 8.5]},
								"up": {"uv": [14, 42], "uv_size": [8.5, 14]},
								"down": {"uv": [44, 14], "uv_size": [8.5, -14]}
							}
						},
						{
							"origin": [-0.42643, 21.81142, -1.32998],
							"size": [0, 4.0228, 10.057],
							"pivot": [-0.17783, 24.64977, 1.51487],
							"rotation": [7.5, 0, 0],
							"uv": {
								"north": {"uv": [0, 0], "uv_size": [0, 4]},
								"east": {"uv": [98, 0], "uv_size": [10, 4]},
								"south": {"uv": [0, 0], "uv_size": [0, 4]},
								"west": {"uv": [65, 35], "uv_size": [16.5, 4.25]},
								"up": {"uv": [0, 0], "uv_size": [0, 10]},
								"down": {"uv": [0, 10], "uv_size": [0, -10]}
							}
						}
					]
				},
				{
					"name": "bone11",
					"parent": "bone10",
					"pivot": [-0.42281, 19.22934, 0.27767],
					"cubes": [
						{
							"origin": [-3.63075, 15.65454, -9.80835],
							"size": [6.54006, 5.54006, 9.98016],
							"pivot": [0.13928, 23.30606, -6.02296],
							"rotation": [7.5, 0, 0],
							"uv": {
								"north": {"uv": [32, 62], "uv_size": [8.5, 8.5]},
								"east": {"uv": [38, 40], "uv_size": [14, 8.5]},
								"south": {"uv": [46, 113], "uv_size": [4.5, 3.5]},
								"west": {"uv": [0, 42], "uv_size": [14, 8.5]},
								"up": {"uv": [14, 42], "uv_size": [8.5, 14]},
								"down": {"uv": [44, 14], "uv_size": [8.5, -14]}
							}
						},
						{
							"origin": [-0.35069, 20.04454, -9.54835],
							"size": [0, 2.54006, 9.72016],
							"pivot": [0.13928, 23.30606, -6.02296],
							"rotation": [7.5, 0, 0],
							"uv": {
								"north": {"uv": [0, 0], "uv_size": [0, 2.5]},
								"east": {"uv": [104, 106], "uv_size": [9.75, 2.5]},
								"south": {"uv": [0, 0], "uv_size": [0, 2.5]},
								"west": {"uv": [65, 35], "uv_size": [16.5, 4.25]},
								"up": {"uv": [0, 0], "uv_size": [0, 9.75]},
								"down": {"uv": [0, 9.75], "uv_size": [0, -9.75]}
							}
						}
					]
				},
				{
					"name": "Head",
					"parent": "bone11",
					"pivot": [0.32058, 17.60173, -8.76668],
					"rotation": [5, 0, 0],
					"cubes": [
						{
							"origin": [-2.67942, 17.31963, -13.34782],
							"size": [6, 4, 5],
							"uv": {
								"north": {"uv": [72, 54], "uv_size": [6, 4]},
								"east": {"uv": [11, 92], "uv_size": [5, 4]},
								"south": {"uv": [75, 86], "uv_size": [6, 4]},
								"west": {"uv": [0, 110], "uv_size": [5, 4]},
								"up": {"uv": [22, 77], "uv_size": [6, 5]},
								"down": {"uv": [18, 111], "uv_size": [6, -5]}
							}
						},
						{
							"origin": [-3.67942, 17.31963, -15.34782],
							"size": [8, 3, 2],
							"uv": {
								"north": {"uv": [90, 76], "uv_size": [8, 3]},
								"east": {"uv": [70, 76], "uv_size": [2, 3]},
								"south": {"uv": [107, 65], "uv_size": [8, 3]},
								"west": {"uv": [86, 90], "uv_size": [2, 3]},
								"up": {"uv": [0, 90], "uv_size": [8, 2]},
								"down": {"uv": [101, 76], "uv_size": [8, -2]}
							}
						},
						{
							"origin": [-0.67942, 18.31963, -21.34782],
							"size": [2, 2, 6],
							"uv": {
								"north": {"uv": [51, 113], "uv_size": [2, 2]},
								"east": {"uv": [56, 74], "uv_size": [6, 2]},
								"south": {"uv": [49, 117], "uv_size": [2, 2]},
								"west": {"uv": [83, 52], "uv_size": [6, 2]},
								"up": {"uv": [50, 14], "uv_size": [2, 6]},
								"down": {"uv": [21, 62], "uv_size": [2, -6]}
							}
						},
						{
							"origin": [1.32058, 19.31963, -18.34782],
							"size": [1, 1, 3],
							"uv": {
								"north": {"uv": [89, 71], "uv_size": [1, 1]},
								"east": {"uv": [79, 29], "uv_size": [3, 1]},
								"south": {"uv": [91, 28], "uv_size": [1, 1]},
								"west": {"uv": [86, 71], "uv_size": [3, 1]},
								"up": {"uv": [55, 46], "uv_size": [1, 3]},
								"down": {"uv": [55, 65], "uv_size": [1, -3]}
							}
						},
						{
							"origin": [-1.67942, 19.31963, -18.34782],
							"size": [1, 1, 3],
							"uv": {
								"north": {"uv": [90, 71], "uv_size": [-1, 1]},
								"east": {"uv": [89, 71], "uv_size": [-3, 1]},
								"south": {"uv": [92, 28], "uv_size": [-1, 1]},
								"west": {"uv": [82, 29], "uv_size": [-3, 1]},
								"up": {"uv": [56, 46], "uv_size": [-1, 3]},
								"down": {"uv": [56, 65], "uv_size": [-1, -3]}
							}
						},
						{
							"origin": [-1.11942, 19.59963, -22.20782],
							"size": [2.88, 1.44, 0.72],
							"uv": {
								"north": {"uv": [117, 100], "uv_size": [3, 1.5]},
								"east": {"uv": [8, 90], "uv_size": [0.75, 1.5]},
								"south": {"uv": [102, 117], "uv_size": [3, 1.5]},
								"west": {"uv": [91, 26], "uv_size": [0.75, 1.5]},
								"up": {"uv": [60, 91], "uv_size": [3, 0.75]},
								"down": {"uv": [93, 10.75], "uv_size": [3, -0.75]}
							}
						},
						{
							"origin": [0.35334, 20.40267, -14.82373],
							"size": [2.56, 1.76, 0.76],
							"pivot": [1.63334, 21.28267, -14.94373],
							"rotation": [0.26448, -1.43025, -14.96162],
							"uv": {
								"north": {"uv": [114, 117], "uv_size": [2.5, 1.75]},
								"east": {"uv": [21, 86], "uv_size": [0.75, 1.75]},
								"south": {"uv": [117, 117], "uv_size": [2.5, 1.75]},
								"west": {"uv": [89, 52], "uv_size": [0.75, 1.75]},
								"up": {"uv": [103, 65], "uv_size": [2.5, 0.75]},
								"down": {"uv": [104, 16.75], "uv_size": [2.5, -0.75]}
							}
						},
						{
							"origin": [-2.27912, 20.40267, -14.82373],
							"size": [2.56, 1.76, 0.76],
							"pivot": [-0.99912, 21.28267, -14.94373],
							"rotation": [0.26448, 1.43025, 14.96162],
							"uv": {
								"north": {"uv": [116.5, 117], "uv_size": [-2.5, 1.75]},
								"east": {"uv": [89.75, 52], "uv_size": [-0.75, 1.75]},
								"south": {"uv": [119.5, 117], "uv_size": [-2.5, 1.75]},
								"west": {"uv": [21.75, 86], "uv_size": [-0.75, 1.75]},
								"up": {"uv": [105.5, 65], "uv_size": [-2.5, 0.75]},
								"down": {"uv": [106.5, 16.75], "uv_size": [-2.5, -0.75]}
							}
						},
						{
							"origin": [-1.67942, 16.31963, -15.34782],
							"size": [4, 1, 6],
							"uv": {
								"north": {"uv": [17, 69], "uv_size": [4, 1]},
								"east": {"uv": [53, 13], "uv_size": [6, 1]},
								"south": {"uv": [28, 70], "uv_size": [4, 1]},
								"west": {"uv": [73, 29], "uv_size": [6, 1]},
								"up": {"uv": [7, 106], "uv_size": [4, 6]},
								"down": {"uv": [24, 112], "uv_size": [4, -6]}
							}
						},
						{
							"origin": [-2.40942, 17.58963, -14.03282],
							"size": [5.46, 5.46, 6.37],
							"uv": {
								"north": {"uv": [105, 49], "uv_size": [5.5, 5.5]},
								"east": {"uv": [11, 103], "uv_size": [6.25, 5.5]},
								"south": {"uv": [105, 55], "uv_size": [5.5, 5.5]},
								"west": {"uv": [0, 104], "uv_size": [6.25, 5.5]},
								"up": {"uv": [104, 84], "uv_size": [5.5, 6.25]},
								"down": {"uv": [104, 97.25], "uv_size": [5.5, -6.25]}
							}
						}
					],
					"locators": {
						"locator": [0, 18, -19]
					}
				},
				{
					"name": "Jaw",
					"parent": "Head",
					"pivot": [0.32058, 17.31963, -15.34782],
					"cubes": [
						{
							"origin": [-0.67942, 17.31963, -20.34782],
							"size": [2, 1, 5],
							"pivot": [0.32058, 17.31963, -14.34782],
							"rotation": [12.5, 0, 0],
							"uv": {
								"north": {"uv": [9, 83], "uv_size": [2, 1]},
								"east": {"uv": [0, 75], "uv_size": [5, 1]},
								"south": {"uv": [63, 91], "uv_size": [2, 1]},
								"west": {"uv": [11, 76], "uv_size": [5, 1]},
								"up": {"uv": [12, 59], "uv_size": [2, 5]},
								"down": {"uv": [12, 69], "uv_size": [2, -5]}
							}
						},
						{
							"origin": [1.32058, 17.31963, -17.34782],
							"size": [1, 1, 2],
							"pivot": [0.32058, 17.31963, -14.34782],
							"rotation": [12.5, 0, 0],
							"uv": {
								"north": {"uv": [59, 13], "uv_size": [1, 1]},
								"east": {"uv": [86, 93], "uv_size": [2, 1]},
								"south": {"uv": [5, 75], "uv_size": [1, 1]},
								"west": {"uv": [97, 70], "uv_size": [2, 1]},
								"up": {"uv": [71, 40], "uv_size": [1, 2]},
								"down": {"uv": [71, 44], "uv_size": [1, -2]}
							}
						},
						{
							"origin": [-1.67942, 16.67031, -17.27671],
							"size": [1, 1, 2],
							"pivot": [-0.67942, 16.67031, -17.27671],
							"rotation": [12.5, 0, 0],
							"uv": {
								"north": {"uv": [60, 13], "uv_size": [-1, 1]},
								"east": {"uv": [99, 70], "uv_size": [-2, 1]},
								"south": {"uv": [6, 75], "uv_size": [-1, 1]},
								"west": {"uv": [88, 93], "uv_size": [-2, 1]},
								"up": {"uv": [72, 40], "uv_size": [-1, 2]},
								"down": {"uv": [72, 44], "uv_size": [-1, -2]}
							}
						},
						{
							"origin": [1.39606, 14.86403, -20.05328],
							"size": [0, 2.54006, 2.72016],
							"pivot": [1.39606, 15.63406, -18.6932],
							"rotation": [-14.93656, -0.9762, 172.56344],
							"uv": {
								"north": {"uv": [0, 0], "uv_size": [0, 2.5]},
								"east": {"uv": [73.25, 35], "uv_size": [-8.25, 4]},
								"south": {"uv": [0, 0], "uv_size": [0, 2.5]},
								"west": {"uv": [113.75, 106], "uv_size": [-9.75, 2.5]},
								"up": {"uv": [0, 0], "uv_size": [0, 9.75]},
								"down": {"uv": [0, 9.75], "uv_size": [0, -9.75]}
							}
						},
						{
							"origin": [-0.7559, 14.86416, -20.0533],
							"size": [0, 2.54006, 2.72016],
							"pivot": [-0.7559, 15.63419, -18.69322],
							"rotation": [-14.93656, 0.9762, -172.56344],
							"uv": {
								"north": {"uv": [0, 0], "uv_size": [0, 2.5]},
								"east": {"uv": [104, 106], "uv_size": [9.75, 2.5]},
								"south": {"uv": [0, 0], "uv_size": [0, 2.5]},
								"west": {"uv": [65, 35], "uv_size": [8.25, 4]},
								"up": {"uv": [0, 0], "uv_size": [0, 9.75]},
								"down": {"uv": [0, 9.75], "uv_size": [0, -9.75]}
							}
						},
						{
							"origin": [-0.74363, 15.04975, -17.35757],
							"size": [0, 1.54006, 1.72016],
							"pivot": [-0.74363, 15.81978, -17.99749],
							"rotation": [-14.93656, 0.9762, -172.56344],
							"uv": {
								"north": {"uv": [0, 0], "uv_size": [0, 2.5]},
								"east": {"uv": [104, 106], "uv_size": [9.75, 2.5]},
								"south": {"uv": [0, 0], "uv_size": [0, 2.5]},
								"west": {"uv": [65, 35], "uv_size": [8.25, 4]},
								"up": {"uv": [0, 0], "uv_size": [0, 9.75]},
								"down": {"uv": [0, 9.75], "uv_size": [0, -9.75]}
							}
						},
						{
							"origin": [1.25438, 17.00714, -17.61527],
							"size": [0, 1.54006, 1.72016],
							"pivot": [1.25438, 16.77717, -18.25519],
							"rotation": [-14.93656, -0.9762, 172.56344],
							"uv": {
								"north": {"uv": [0, 0], "uv_size": [0, 2.5]},
								"east": {"uv": [73.25, 35], "uv_size": [-8.25, 4]},
								"south": {"uv": [0, 0], "uv_size": [0, 2.5]},
								"west": {"uv": [113.75, 106], "uv_size": [-9.75, 2.5]},
								"up": {"uv": [0, 0], "uv_size": [0, 9.75]},
								"down": {"uv": [0, 9.75], "uv_size": [0, -9.75]}
							}
						},
						{
							"origin": [0.49849, 13.55673, -20.565],
							"size": [0, 3.54006, 1.72016],
							"pivot": [0.49849, 14.82676, -19.70492],
							"rotation": [-84.8968, -65.13319, -97.43107],
							"uv": {
								"north": {"uv": [0, 0], "uv_size": [0, 2.5]},
								"east": {"uv": [74, 35], "uv_size": [-5.5, 2.75]},
								"south": {"uv": [0, 0], "uv_size": [0, 2.5]},
								"west": {"uv": [113.75, 106], "uv_size": [-9.75, 2.5]},
								"up": {"uv": [0, 0], "uv_size": [0, 9.75]},
								"down": {"uv": [0, 9.75], "uv_size": [0, -9.75]}
							}
						},
						{
							"origin": [0.14261, 13.55631, -20.56591],
							"size": [0, 3.54006, 1.72016],
							"pivot": [0.14261, 14.82634, -19.70583],
							"rotation": [-84.8968, 65.13319, 97.43107],
							"uv": {
								"north": {"uv": [0, 0], "uv_size": [0, 2.5]},
								"east": {"uv": [104, 106], "uv_size": [9.75, 2.5]},
								"south": {"uv": [0, 0], "uv_size": [0, 2.5]},
								"west": {"uv": [66, 35], "uv_size": [4.5, 3]},
								"up": {"uv": [0, 0], "uv_size": [0, 9.75]},
								"down": {"uv": [0, 9.75], "uv_size": [0, -9.75]}
							}
						}
					]
				},
				{
					"name": "chifres",
					"parent": "Head",
					"pivot": [-1.60484, 22.36472, -10.01157],
					"rotation": [-16.26176, 13.18732, -27.85337],
					"cubes": [
						{
							"origin": [-10.14899, 23.45165, -9.40482],
							"size": [6.6732, 1.6932, 1.6932],
							"pivot": [-2.81239, 23.29825, -11.55822],
							"rotation": [0, 35, 85],
							"uv": {
								"north": {"uv": [96, 38], "uv_size": [6.75, 1.75]},
								"east": {"uv": [118, 20], "uv_size": [1.75, 1.75]},
								"south": {"uv": [112, 72], "uv_size": [6.75, 1.75]},
								"west": {"uv": [118, 22], "uv_size": [1.75, 1.75]},
								"up": {"uv": [114, 31], "uv_size": [6.75, 1.75]},
								"down": {"uv": [114, 34.75], "uv_size": [6.75, -1.75]}
							}
						},
						{
							"origin": [-2.99955, 27.45806, -7.25409],
							"size": [3.28954, 1.60854, 1.60854],
							"pivot": [-3.02978, 23.56233, -11.44982],
							"rotation": [-18.58597, -7.52076, -26.26765],
							"uv": {
								"north": {"uv": [39, 117], "uv_size": [4.25, 1.5]},
								"east": {"uv": [105, 118], "uv_size": [1.5, 1.5]},
								"south": {"uv": [44, 117], "uv_size": [4.25, 1.5]},
								"west": {"uv": [107, 118], "uv_size": [1.5, 1.5]},
								"up": {"uv": [57, 117], "uv_size": [4.25, 1.5]},
								"down": {"uv": [62, 118.5], "uv_size": [4.25, -1.5]}
							}
						},
						{
							"origin": [-8.22801, 25.55981, -5.74625],
							"size": [3.4686, 1.3589, 1.3589],
							"pivot": [-6.99371, 26.23926, -5.06681],
							"rotation": [-19.37006, 5.07855, 9.13272],
							"uv": {
								"north": {"uv": [106, 116], "uv_size": [5, 1.5]},
								"east": {"uv": [109, 118], "uv_size": [1.5, 1.5]},
								"south": {"uv": [116, 111], "uv_size": [5, 1.5]},
								"west": {"uv": [10, 119], "uv_size": [1.5, 1.5]},
								"up": {"uv": [10, 117], "uv_size": [5, 1.5]},
								"down": {"uv": [15, 118.5], "uv_size": [5, -1.5]}
							}
						},
						{
							"origin": [-10.1787, 27.2368, -5.07632],
							"size": [3.4686, 1.3589, 1.3589],
							"pivot": [-8.9444, 27.91625, -4.39687],
							"rotation": [-9.54013, 17.66046, 56.0146],
							"uv": {
								"north": {"uv": [106, 116], "uv_size": [5, 1.5]},
								"east": {"uv": [109, 118], "uv_size": [1.5, 1.5]},
								"south": {"uv": [116, 111], "uv_size": [5, 1.5]},
								"west": {"uv": [10, 119], "uv_size": [1.5, 1.5]},
								"up": {"uv": [10, 117], "uv_size": [5, 1.5]},
								"down": {"uv": [15, 118.5], "uv_size": [5, -1.5]}
							}
						},
						{
							"origin": [-2.92141, 28.02596, -4.282],
							"size": [3.75242, 1.49002, 1.49002],
							"pivot": [-1.54521, 31.77097, -6.53699],
							"rotation": [-14.43276, 13.99545, 38.21918],
							"uv": {
								"north": {"uv": [114, 98], "uv_size": [6.75, 1.5]},
								"east": {"uv": [12, 119], "uv_size": [1.5, 1.5]},
								"south": {"uv": [114, 105], "uv_size": [6.75, 1.5]},
								"west": {"uv": [14, 119], "uv_size": [1.5, 1.5]},
								"up": {"uv": [114, 107], "uv_size": [6.75, 1.5]},
								"down": {"uv": [115, 9.5], "uv_size": [6.75, -1.5]}
							}
						},
						{
							"origin": [-7.42587, 29.00257, -4.86884],
							"size": [3.99203, 1.25162, 1.25162],
							"pivot": [-4.08478, 29.45929, -4.77121],
							"rotation": [6.31353, 14.43496, 100.39575],
							"uv": {
								"north": {"uv": [114, 98], "uv_size": [6.75, 1.5]},
								"east": {"uv": [12, 119], "uv_size": [1.5, 1.5]},
								"south": {"uv": [114, 105], "uv_size": [6.75, 1.5]},
								"west": {"uv": [14, 119], "uv_size": [1.5, 1.5]},
								"up": {"uv": [114, 107], "uv_size": [6.75, 1.5]},
								"down": {"uv": [115, 9.5], "uv_size": [6.75, -1.5]}
							}
						},
						{
							"origin": [-5.31764, 30.28213, -4.3007],
							"size": [3.23355, 1.01381, 1.01381],
							"pivot": [-2.26012, 31.82843, -4.14652],
							"rotation": [16.42685, 44.45102, 135.17241],
							"uv": {
								"north": {"uv": [114, 98], "uv_size": [6.75, 1.5]},
								"east": {"uv": [12, 119], "uv_size": [1.5, 1.5]},
								"south": {"uv": [114, 105], "uv_size": [6.75, 1.5]},
								"west": {"uv": [14, 119], "uv_size": [1.5, 1.5]},
								"up": {"uv": [114, 107], "uv_size": [6.75, 1.5]},
								"down": {"uv": [115, 9.5], "uv_size": [6.75, -1.5]}
							}
						}
					]
				},
				{
					"name": "chifres2",
					"parent": "Head",
					"pivot": [1.60484, 22.36472, -10.01157],
					"rotation": [-16.26176, -13.18732, 27.85337],
					"cubes": [
						{
							"origin": [3.47579, 23.45165, -9.40482],
							"size": [6.6732, 1.6932, 1.6932],
							"pivot": [2.81239, 23.29825, -11.55822],
							"rotation": [0, -35, -85],
							"uv": {
								"north": {"uv": [102.75, 38], "uv_size": [-6.75, 1.75]},
								"east": {"uv": [119.75, 22], "uv_size": [-1.75, 1.75]},
								"south": {"uv": [118.75, 72], "uv_size": [-6.75, 1.75]},
								"west": {"uv": [119.75, 20], "uv_size": [-1.75, 1.75]},
								"up": {"uv": [120.75, 31], "uv_size": [-6.75, 1.75]},
								"down": {"uv": [120.75, 34.75], "uv_size": [-6.75, -1.75]}
							}
						},
						{
							"origin": [-0.28999, 27.45806, -7.25409],
							"size": [3.28954, 1.60854, 1.60854],
							"pivot": [3.02978, 23.56233, -11.44982],
							"rotation": [-18.58597, 7.52076, 26.26765],
							"uv": {
								"north": {"uv": [43.25, 117], "uv_size": [-4.25, 1.5]},
								"east": {"uv": [108.5, 118], "uv_size": [-1.5, 1.5]},
								"south": {"uv": [48.25, 117], "uv_size": [-4.25, 1.5]},
								"west": {"uv": [106.5, 118], "uv_size": [-1.5, 1.5]},
								"up": {"uv": [61.25, 117], "uv_size": [-4.25, 1.5]},
								"down": {"uv": [66.25, 118.5], "uv_size": [-4.25, -1.5]}
							}
						},
						{
							"origin": [4.75941, 25.55981, -5.74625],
							"size": [3.4686, 1.3589, 1.3589],
							"pivot": [6.99371, 26.23926, -5.06681],
							"rotation": [-19.37006, -5.07855, -9.13272],
							"uv": {
								"north": {"uv": [111, 116], "uv_size": [-5, 1.5]},
								"east": {"uv": [11.5, 119], "uv_size": [-1.5, 1.5]},
								"south": {"uv": [121, 111], "uv_size": [-5, 1.5]},
								"west": {"uv": [110.5, 118], "uv_size": [-1.5, 1.5]},
								"up": {"uv": [15, 117], "uv_size": [-5, 1.5]},
								"down": {"uv": [20, 118.5], "uv_size": [-5, -1.5]}
							}
						},
						{
							"origin": [6.7101, 27.2368, -5.07632],
							"size": [3.4686, 1.3589, 1.3589],
							"pivot": [8.9444, 27.91625, -4.39687],
							"rotation": [-9.54013, -17.66046, -56.0146],
							"uv": {
								"north": {"uv": [111, 116], "uv_size": [-5, 1.5]},
								"east": {"uv": [11.5, 119], "uv_size": [-1.5, 1.5]},
								"south": {"uv": [121, 111], "uv_size": [-5, 1.5]},
								"west": {"uv": [110.5, 118], "uv_size": [-1.5, 1.5]},
								"up": {"uv": [15, 117], "uv_size": [-5, 1.5]},
								"down": {"uv": [20, 118.5], "uv_size": [-5, -1.5]}
							}
						},
						{
							"origin": [-0.83101, 28.02596, -4.282],
							"size": [3.75242, 1.49002, 1.49002],
							"pivot": [1.54521, 31.77097, -6.53699],
							"rotation": [-14.43276, -13.99545, -38.21918],
							"uv": {
								"north": {"uv": [120.75, 98], "uv_size": [-6.75, 1.5]},
								"east": {"uv": [15.5, 119], "uv_size": [-1.5, 1.5]},
								"south": {"uv": [120.75, 105], "uv_size": [-6.75, 1.5]},
								"west": {"uv": [13.5, 119], "uv_size": [-1.5, 1.5]},
								"up": {"uv": [120.75, 107], "uv_size": [-6.75, 1.5]},
								"down": {"uv": [121.75, 9.5], "uv_size": [-6.75, -1.5]}
							}
						},
						{
							"origin": [3.43384, 29.00257, -4.86884],
							"size": [3.99203, 1.25162, 1.25162],
							"pivot": [4.08478, 29.45929, -4.77121],
							"rotation": [6.31353, -14.43496, -100.39575],
							"uv": {
								"north": {"uv": [120.75, 98], "uv_size": [-6.75, 1.5]},
								"east": {"uv": [15.5, 119], "uv_size": [-1.5, 1.5]},
								"south": {"uv": [120.75, 105], "uv_size": [-6.75, 1.5]},
								"west": {"uv": [13.5, 119], "uv_size": [-1.5, 1.5]},
								"up": {"uv": [120.75, 107], "uv_size": [-6.75, 1.5]},
								"down": {"uv": [121.75, 9.5], "uv_size": [-6.75, -1.5]}
							}
						},
						{
							"origin": [2.08409, 30.28213, -4.3007],
							"size": [3.23355, 1.01381, 1.01381],
							"pivot": [2.26012, 31.82843, -4.14652],
							"rotation": [16.42685, -44.45102, -135.17241],
							"uv": {
								"north": {"uv": [120.75, 98], "uv_size": [-6.75, 1.5]},
								"east": {"uv": [15.5, 119], "uv_size": [-1.5, 1.5]},
								"south": {"uv": [120.75, 105], "uv_size": [-6.75, 1.5]},
								"west": {"uv": [13.5, 119], "uv_size": [-1.5, 1.5]},
								"up": {"uv": [120.75, 107], "uv_size": [-6.75, 1.5]},
								"down": {"uv": [121.75, 9.5], "uv_size": [-6.75, -1.5]}
							}
						}
					]
				},
				{
					"name": "Hair",
					"parent": "Head",
					"pivot": [0.32058, 17.60173, -8.76668],
					"cubes": [
						{
							"origin": [0.14931, 19.52315, -6.99056],
							"size": [0, 8.54006, 4.72016],
							"pivot": [0.14931, 23.79318, -4.63048],
							"rotation": [-91.74942, 34.96182, -93.05099],
							"uv": {
								"north": {"uv": [0, 0], "uv_size": [0, 2.5]},
								"east": {"uv": [104, 106], "uv_size": [9.75, 2.5]},
								"south": {"uv": [0, 0], "uv_size": [0, 2.5]},
								"west": {"uv": [70.5, 35], "uv_size": [6.5, 4]},
								"up": {"uv": [0, 0], "uv_size": [0, 9.75]},
								"down": {"uv": [0, 9.75], "uv_size": [0, -9.75]}
							}
						},
						{
							"origin": [0.14931, 23.52315, -7.99056],
							"size": [0, 8.54006, 6.72016],
							"pivot": [0.14931, 23.79318, -4.63048],
							"rotation": [-91.45563, 9.97122, -92.30041],
							"uv": {
								"north": {"uv": [0, 0], "uv_size": [0, 2.5]},
								"east": {"uv": [104, 106], "uv_size": [9.75, 2.5]},
								"south": {"uv": [0, 0], "uv_size": [0, 2.5]},
								"west": {"uv": [66, 35.25], "uv_size": [6.5, 4]},
								"up": {"uv": [0, 0], "uv_size": [0, 9.75]},
								"down": {"uv": [0, 9.75], "uv_size": [0, -9.75]}
							}
						},
						{
							"origin": [-0.14931, 20.52315, -2.99056],
							"size": [0, 8.54006, 6.72016],
							"pivot": [-0.14931, 23.79318, -4.63048],
							"rotation": [-85.03345, -8.77777, 54.292],
							"uv": {
								"north": {"uv": [0, 0], "uv_size": [0, 2.5]},
								"east": {"uv": [72.5, 35.25], "uv_size": [-6.5, 4]},
								"south": {"uv": [0, 0], "uv_size": [0, 2.5]},
								"west": {"uv": [113.75, 106], "uv_size": [-9.75, 2.5]},
								"up": {"uv": [0, 0], "uv_size": [0, 9.75]},
								"down": {"uv": [0, 9.75], "uv_size": [0, -9.75]}
							}
						},
						{
							"origin": [0.14931, 20.52315, -2.99056],
							"size": [0, 8.54006, 6.72016],
							"pivot": [0.14931, 23.79318, -4.63048],
							"rotation": [-85.03345, 8.77777, -54.292],
							"uv": {
								"north": {"uv": [0, 0], "uv_size": [0, 2.5]},
								"east": {"uv": [104, 106], "uv_size": [9.75, 2.5]},
								"south": {"uv": [0, 0], "uv_size": [0, 2.5]},
								"west": {"uv": [66, 35.25], "uv_size": [6.5, 4]},
								"up": {"uv": [0, 0], "uv_size": [0, 9.75]},
								"down": {"uv": [0, 9.75], "uv_size": [0, -9.75]}
							}
						},
						{
							"origin": [5.91338, 15.61002, -6.78108],
							"size": [0, 8.54006, 6.72016],
							"pivot": [5.91338, 19.88005, -3.421],
							"rotation": [-126.56075, 22.21414, -32.3424],
							"uv": {
								"north": {"uv": [0, 0], "uv_size": [0, 2.5]},
								"east": {"uv": [104, 106], "uv_size": [9.75, 2.5]},
								"south": {"uv": [0, 0], "uv_size": [0, 2.5]},
								"west": {"uv": [66, 35.25], "uv_size": [6.5, 4]},
								"up": {"uv": [0, 0], "uv_size": [0, 9.75]},
								"down": {"uv": [0, 9.75], "uv_size": [0, -9.75]}
							}
						},
						{
							"origin": [-5.91338, 15.61002, -6.78108],
							"size": [0, 8.54006, 6.72016],
							"pivot": [-5.91338, 19.88005, -3.421],
							"rotation": [-126.56075, -22.21414, 32.3424],
							"uv": {
								"north": {"uv": [0, 0], "uv_size": [0, 2.5]},
								"east": {"uv": [72.5, 35.25], "uv_size": [-6.5, 4]},
								"south": {"uv": [0, 0], "uv_size": [0, 2.5]},
								"west": {"uv": [113.75, 106], "uv_size": [-9.75, 2.5]},
								"up": {"uv": [0, 0], "uv_size": [0, 9.75]},
								"down": {"uv": [0, 9.75], "uv_size": [0, -9.75]}
							}
						},
						{
							"origin": [0.17838, 20.73503, -9.00487],
							"size": [0, 10.54006, 4.72016],
							"pivot": [-0.14931, 22.79318, -6.63048],
							"rotation": [-138.35256, -27.11719, 81.66902],
							"uv": {
								"north": {"uv": [0, 0], "uv_size": [0, 2.5]},
								"east": {"uv": [77, 35], "uv_size": [-6.5, 4]},
								"south": {"uv": [0, 0], "uv_size": [0, 2.5]},
								"west": {"uv": [113.75, 106], "uv_size": [-9.75, 2.5]},
								"up": {"uv": [0, 0], "uv_size": [0, 9.75]},
								"down": {"uv": [0, 9.75], "uv_size": [0, -9.75]}
							}
						},
						{
							"origin": [-0.17838, 20.73503, -9.00487],
							"size": [0, 10.54006, 4.72016],
							"pivot": [0.14931, 22.79318, -6.63048],
							"rotation": [-138.35256, 27.11719, -81.66902],
							"uv": {
								"north": {"uv": [0, 0], "uv_size": [0, 2.5]},
								"east": {"uv": [104, 106], "uv_size": [9.75, 2.5]},
								"south": {"uv": [0, 0], "uv_size": [0, 2.5]},
								"west": {"uv": [70.5, 35], "uv_size": [6.5, 4]},
								"up": {"uv": [0, 0], "uv_size": [0, 9.75]},
								"down": {"uv": [0, 9.75], "uv_size": [0, -9.75]}
							}
						},
						{
							"origin": [-5.22865, 18.13589, -9.76388],
							"size": [0, 6.54006, 3.72016],
							"pivot": [-4.22865, 20.90592, -8.4038],
							"rotation": [-133.37077, -60.39556, 55.32064],
							"uv": {
								"north": {"uv": [0, 0], "uv_size": [0, 2.5]},
								"east": {"uv": [77, 35], "uv_size": [-6.5, 4]},
								"south": {"uv": [0, 0], "uv_size": [0, 2.5]},
								"west": {"uv": [113.75, 106], "uv_size": [-9.75, 2.5]},
								"up": {"uv": [0, 0], "uv_size": [0, 9.75]},
								"down": {"uv": [0, 9.75], "uv_size": [0, -9.75]}
							}
						},
						{
							"origin": [-5.22865, 17.13589, -6.76388],
							"size": [0, 6.54006, 3.72016],
							"pivot": [-4.22865, 20.90592, -8.4038],
							"rotation": [-163.20297, -50.94159, 61.15078],
							"uv": {
								"north": {"uv": [0, 0], "uv_size": [0, 2.5]},
								"east": {"uv": [77, 35], "uv_size": [-6.5, 4]},
								"south": {"uv": [0, 0], "uv_size": [0, 2.5]},
								"west": {"uv": [113.75, 106], "uv_size": [-9.75, 2.5]},
								"up": {"uv": [0, 0], "uv_size": [0, 9.75]},
								"down": {"uv": [0, 9.75], "uv_size": [0, -9.75]}
							}
						},
						{
							"origin": [-2.98667, 17.59967, -12.2847],
							"size": [0, 3.54006, 3.72016],
							"pivot": [-2.61002, 18.44392, -10.39195],
							"rotation": [-172.2838, -57.54182, 45.42677],
							"uv": {
								"north": {"uv": [0, 0], "uv_size": [0, 2.5]},
								"east": {"uv": [77, 35], "uv_size": [-6.5, 4]},
								"south": {"uv": [0, 0], "uv_size": [0, 2.5]},
								"west": {"uv": [113.75, 106], "uv_size": [-9.75, 2.5]},
								"up": {"uv": [0, 0], "uv_size": [0, 9.75]},
								"down": {"uv": [0, 9.75], "uv_size": [0, -9.75]}
							}
						},
						{
							"origin": [2.98667, 17.59967, -12.2847],
							"size": [0, 3.54006, 3.72016],
							"pivot": [2.61002, 18.44392, -10.39195],
							"rotation": [-172.2838, 57.54182, -45.42677],
							"uv": {
								"north": {"uv": [0, 0], "uv_size": [0, 2.5]},
								"east": {"uv": [104, 106], "uv_size": [9.75, 2.5]},
								"south": {"uv": [0, 0], "uv_size": [0, 2.5]},
								"west": {"uv": [70.5, 35], "uv_size": [6.5, 4]},
								"up": {"uv": [0, 0], "uv_size": [0, 9.75]},
								"down": {"uv": [0, 9.75], "uv_size": [0, -9.75]}
							}
						},
						{
							"origin": [5.22865, 17.13589, -6.76388],
							"size": [0, 6.54006, 3.72016],
							"pivot": [4.22865, 20.90592, -8.4038],
							"rotation": [-163.20297, 50.94159, -61.15078],
							"uv": {
								"north": {"uv": [0, 0], "uv_size": [0, 2.5]},
								"east": {"uv": [104, 106], "uv_size": [9.75, 2.5]},
								"south": {"uv": [0, 0], "uv_size": [0, 2.5]},
								"west": {"uv": [70.5, 35], "uv_size": [6.5, 4]},
								"up": {"uv": [0, 0], "uv_size": [0, 9.75]},
								"down": {"uv": [0, 9.75], "uv_size": [0, -9.75]}
							}
						},
						{
							"origin": [5.22865, 18.13589, -9.76388],
							"size": [0, 6.54006, 3.72016],
							"pivot": [4.22865, 20.90592, -8.4038],
							"rotation": [-133.37077, 60.39556, -55.32064],
							"uv": {
								"north": {"uv": [0, 0], "uv_size": [0, 2.5]},
								"east": {"uv": [104, 106], "uv_size": [9.75, 2.5]},
								"south": {"uv": [0, 0], "uv_size": [0, 2.5]},
								"west": {"uv": [70.5, 35], "uv_size": [6.5, 4]},
								"up": {"uv": [0, 0], "uv_size": [0, 9.75]},
								"down": {"uv": [0, 9.75], "uv_size": [0, -9.75]}
							}
						},
						{
							"origin": [-4.22865, 19.13589, -10.76388],
							"size": [0, 6.54006, 4.72016],
							"pivot": [-4.22865, 20.90592, -8.4038],
							"rotation": [-113.16474, -30.4138, 28.14401],
							"uv": {
								"north": {"uv": [0, 0], "uv_size": [0, 2.5]},
								"east": {"uv": [77, 35], "uv_size": [-6.5, 4]},
								"south": {"uv": [0, 0], "uv_size": [0, 2.5]},
								"west": {"uv": [113.75, 106], "uv_size": [-9.75, 2.5]},
								"up": {"uv": [0, 0], "uv_size": [0, 9.75]},
								"down": {"uv": [0, 9.75], "uv_size": [0, -9.75]}
							}
						},
						{
							"origin": [4.22865, 19.13589, -10.76388],
							"size": [0, 6.54006, 4.72016],
							"pivot": [4.22865, 20.90592, -8.4038],
							"rotation": [-113.16474, 30.4138, -28.14401],
							"uv": {
								"north": {"uv": [0, 0], "uv_size": [0, 2.5]},
								"east": {"uv": [104, 106], "uv_size": [9.75, 2.5]},
								"south": {"uv": [0, 0], "uv_size": [0, 2.5]},
								"west": {"uv": [70.5, 35], "uv_size": [6.5, 4]},
								"up": {"uv": [0, 0], "uv_size": [0, 9.75]},
								"down": {"uv": [0, 9.75], "uv_size": [0, -9.75]}
							}
						}
					]
				}
			]
		}
	]
}
































































































