{
	"format_version": "1.12.0",
	"minecraft:geometry": [
		{
			"description": {
				"identifier": "geometry.enma1",
				"texture_width": 128,
				"texture_height": 128,
				"visible_bounds_width": 4,
				"visible_bounds_height": 4.5,
				"visible_bounds_offset": [0, 0.75, 0]
			},
			"bones": [
				{
					"name": "rightKatana",
					"pivot": [0, 24.57843, -0.03114],
					"rotation": [90, 0, 0],
					"cubes": [
						{
							"origin": [-0.31204, 23.79601, -5.25099],
							"size": [0.62409, 1.41238, 8.8046],
							"uv": {
								"north": {"uv": [4, 50], "uv_size": [0.5, 1.5]},
								"east": {"uv": [40, 10], "uv_size": [8.75, 1.5]},
								"south": {"uv": [5, 50], "uv_size": [0.5, 1.5]},
								"west": {"uv": [42, 40], "uv_size": [8.75, 1.5]},
								"up": {"uv": [39, 44], "uv_size": [0.5, 8.75]},
								"down": {"uv": [40, 52.75], "uv_size": [0.5, -8.75]}
							}
						},
						{
							"origin": [-0.57942, 25, -5.11842],
							"size": [1.57942, 1.36913, 0.79947],
							"pivot": [0, 26.01971, -4.71868],
							"rotation": [0, 0, 45],
							"uv": {
								"north": {"uv": [46, 6], "uv_size": [1.5, 2.25]},
								"east": {"uv": [21.5, 49], "uv_size": [-1.5, 0.75]},
								"south": {"uv": [16, 46], "uv_size": [1.5, 2.25]},
								"west": {"uv": [21.5, 49], "uv_size": [-1.5, 0.75]},
								"up": {"uv": [18, 49], "uv_size": [1.5, 0.75]},
								"down": {"uv": [20, 49.75], "uv_size": [1.5, -0.75]}
							}
						},
						{
							"origin": [-0.34915, 23.74598, -5.14851],
							"size": [1.6983, 1.54746, 0.85964],
							"pivot": [0.5, 24.51971, -4.71869],
							"rotation": [0, 0, 135],
							"uv": {
								"north": {"uv": [44, 6], "uv_size": [1.75, 2.5]},
								"east": {"uv": [23, 46], "uv_size": [0.75, 2.5]},
								"south": {"uv": [44, 6], "uv_size": [1.75, 2.5]},
								"west": {"uv": [24, 46], "uv_size": [0.75, 2.5]},
								"up": {"uv": [20, 49.75], "uv_size": [1.5, -0.75]},
								"down": {"uv": [20, 49.75], "uv_size": [1.5, -0.75]}
							}
						},
						{
							"origin": [-1.34915, 23.74598, -5.14851],
							"size": [1.6983, 1.54746, 0.85964],
							"pivot": [-0.5, 24.51971, -4.71869],
							"rotation": [0, 0, 130],
							"uv": {
								"north": {"uv": [44, 6], "uv_size": [1.75, 2.5]},
								"east": {"uv": [23, 46], "uv_size": [0.75, 2.5]},
								"south": {"uv": [44, 6], "uv_size": [1.75, 2.5]},
								"west": {"uv": [24, 46], "uv_size": [0.75, 2.5]},
								"up": {"uv": [20, 49.75], "uv_size": [1.5, -0.75]},
								"down": {"uv": [20, 49.75], "uv_size": [1.5, -0.75]}
							}
						},
						{
							"origin": [-0.164, 24.43771, -33.84389],
							"size": [0.328, 0.738, 28.6168],
							"uv": {
								"north": {"uv": [51, 11], "uv_size": [0.25, 0.75]},
								"east": {"uv": [36, 34], "uv_size": [28.5, 0.75]},
								"south": {"uv": [51, 42], "uv_size": [0.25, 0.75]},
								"west": {"uv": [36, 35], "uv_size": [28.5, 0.75]},
								"up": {"uv": [28, 42], "uv_size": [0.25, 28.5]},
								"down": {"uv": [29, 70.5], "uv_size": [0.25, -28.5]}
							}
						},
						{
							"origin": [-0.1148, 23.81041, -33.19937],
							"size": [0.2296, 1.3366, 28.14776],
							"uv": {
								"north": {"uv": [51, 9], "uv_size": [0.25, 1.25]},
								"east": {"uv": [36, 22], "uv_size": [28.25, 1.25]},
								"south": {"uv": [16, 51], "uv_size": [0.25, 1.25]},
								"west": {"uv": [64.25, 22], "uv_size": [-28.25, 1.25]},
								"up": {"uv": [11, 44], "uv_size": [0.25, 28.25]},
								"down": {"uv": [12, 72.25], "uv_size": [0.25, -28.25]}
							}
						},
						{
							"origin": [-0.1148, 23.99901, -34.01937],
							"size": [0.2296, 1.148, 0.82],
							"uv": {
								"north": {"uv": [17, 51], "uv_size": [0.25, 1.25]},
								"east": {"uv": [45, 49], "uv_size": [0.75, 1.25]},
								"south": {"uv": [20, 51], "uv_size": [0.25, 1.25]},
								"west": {"uv": [47, 49], "uv_size": [0.75, 1.25]},
								"up": {"uv": [43, 51], "uv_size": [0.25, 0.75]},
								"down": {"uv": [51, 43.75], "uv_size": [0.25, -0.75]}
							}
						},
						{
							"origin": [-0.1148, 24.48581, -34.89722],
							"size": [0.2296, 0.738, 1.64],
							"pivot": [0, 24.85481, -34.48722],
							"rotation": [-10, 0, 0],
							"uv": {
								"north": {"uv": [44, 51], "uv_size": [0.25, 0.75]},
								"east": {"uv": [44, 9], "uv_size": [1.75, 0.75]},
								"south": {"uv": [51, 44], "uv_size": [0.25, 0.75]},
								"west": {"uv": [46, 9], "uv_size": [1.75, 0.75]},
								"up": {"uv": [25, 50], "uv_size": [0.25, 1.75]},
								"down": {"uv": [50, 45.75], "uv_size": [0.25, -1.75]}
							}
						},
						{
							"origin": [-0.09414, 24.10971, -34.36869],
							"size": [0.18827, 0.60516, 0.6724],
							"uv": {
								"north": {"uv": [52, 7], "uv_size": [0.25, 0.5]},
								"east": {"uv": [50, 37], "uv_size": [0.75, 0.5]},
								"south": {"uv": [8, 52], "uv_size": [0.25, 0.5]},
								"west": {"uv": [6, 51], "uv_size": [0.75, 0.5]},
								"up": {"uv": [45, 51], "uv_size": [0.25, 0.75]},
								"down": {"uv": [51, 45.75], "uv_size": [0.25, -0.75]}
							}
						}
					]
				}
			]
		}
	]
}