{
	"format_version": "1.12.0",
	"minecraft:geometry": [
		{
			"description": {
				"identifier": "geometry.falcon_player",
				"texture_width": 128,
				"texture_height": 128,
				"visible_bounds_width": 7,
				"visible_bounds_height": 4.5,
				"visible_bounds_offset": [0, 1.75, 0]
			},
			"bones": [
				{
					"name": "Root",
					"pivot": [0, 14, 0]
				},
				{
					"name": "corpo",
					"parent": "Root",
					"pivot": [0, 32.59, 0],
					"cubes": [
						{
							"origin": [-5.50462, 18.96954, -2.68475],
							"size": [10.64, 6.63, 5.32],
							"uv": {
								"north": {"uv": [40, 55], "uv_size": [16.25, 8.5]},
								"east": {"uv": [32, 55], "uv_size": [8.25, 8.5]},
								"south": {"uv": [63, 55], "uv_size": [16.25, 8.5]},
								"west": {"uv": [56, 55], "uv_size": [7.25, 8.5]},
								"up": {"uv": [57, 80], "uv_size": [10.75, 5.25]},
								"down": {"uv": [56, 39.25], "uv_size": [14.75, -7.25]}
							}
						},
						{
							"origin": [-6.03662, 24.43119, -3.87278],
							"size": [11.704, 10.5336, 8.0224],
							"uv": {
								"north": {"uv": [40, 50], "uv_size": [16.25, 5.5]},
								"east": {"uv": [32, 50], "uv_size": [8.25, 5.5]},
								"south": {"uv": [64, 50], "uv_size": [15.25, 5.5]},
								"west": {"uv": [56, 50], "uv_size": [8.25, 5.5]},
								"up": {"uv": [11, 72], "uv_size": [11.75, 8]},
								"down": {"uv": [56.25, 49.5], "uv_size": [-16.25, -2.5]}
							}
						},
						{
							"origin": [-6.80203, 27.64061, -4.94365],
							"size": [13.23483, 10.58786, 10.1778],
							"pivot": [-0.18462, 26.93454, -1.35475],
							"rotation": [-5, 0, 0],
							"uv": {
								"north": {"uv": [40, 40], "uv_size": [16.25, 9.5]},
								"east": {"uv": [32, 40], "uv_size": [8.25, 13.5]},
								"south": {"uv": [64, 40], "uv_size": [15.25, 13.5]},
								"west": {"uv": [56, 40], "uv_size": [8.25, 13.5]},
								"up": {"uv": [40, 32], "uv_size": [15.25, 8.25]},
								"down": {"uv": [56.25, 49.5], "uv_size": [-16.25, -2.5]}
							}
						},
						{
							"origin": [-7.80203, 25.64061, -2.94365],
							"size": [15.23483, 9.58786, 5.1778],
							"pivot": [-0.18462, 26.93454, -1.35475],
							"rotation": [-5, 0, 0],
							"uv": {
								"north": {"uv": [40, 40], "uv_size": [16.25, 9.5]},
								"east": {"uv": [56, 40], "uv_size": [8.25, 9.5]},
								"south": {"uv": [64, 40], "uv_size": [16.25, 9.5]},
								"west": {"uv": [32, 40], "uv_size": [8.25, 9.5]},
								"up": {"uv": [56.25, 49.5], "uv_size": [-16.25, -2.5]},
								"down": {"uv": [56.25, 49.5], "uv_size": [-16.25, -2.5]}
							}
						}
					]
				},
				{
					"name": "head",
					"parent": "corpo",
					"pivot": [0, 38.12, -1],
					"cubes": [
						{
							"origin": [-3.52, 38.12, -4.52],
							"size": [7.04, 7.04, 7.04],
							"uv": {
								"north": {"uv": [16, 16], "uv_size": [16, 16]},
								"east": {"uv": [0, 16], "uv_size": [16, 16]},
								"south": {"uv": [48, 16], "uv_size": [16, 16]},
								"west": {"uv": [32, 16], "uv_size": [16, 16]},
								"up": {"uv": [32, 16], "uv_size": [-16, -16]},
								"down": {"uv": [48, 16], "uv_size": [-16, -16]}
							}
						}
					]
				},
				{
					"name": "pernadireita",
					"parent": "corpo",
					"pivot": [-3.527, 18.96, 0],
					"rotation": [-0.14296, -0.20556, 4.07583],
					"cubes": [
						{
							"origin": [-6.59245, 10.171, -2.98268],
							"size": [5.9584, 10.0352, 5.9584],
							"uv": {
								"north": {"uv": [40, 104], "uv_size": [8, 11]},
								"east": {"uv": [32, 104], "uv_size": [8, 11]},
								"south": {"uv": [56, 104], "uv_size": [8, 11]},
								"west": {"uv": [48, 104], "uv_size": [8, 11]},
								"up": {"uv": [48, 104], "uv_size": [-8, -8]},
								"down": {"uv": [48, 104], "uv_size": [-8, -8]}
							}
						}
					]
				},
				{
					"name": "rightCanela",
					"parent": "pernadireita",
					"pivot": [-3.66673, 10.27472, -0.65257],
					"cubes": [
						{
							"origin": [-5.65048, 3.77501, -3.08197],
							"size": [4.27616, 6.51448, 4.42616],
							"pivot": [-3.5124, 16.42125, 0.75811],
							"rotation": [2.5, 0, 0],
							"uv": {
								"north": {"uv": [40, 104], "uv_size": [8, 11]},
								"east": {"uv": [32, 104], "uv_size": [8, 11]},
								"south": {"uv": [56, 104], "uv_size": [8, 11]},
								"west": {"uv": [48, 104], "uv_size": [8, 11]},
								"up": {"uv": [48, 104], "uv_size": [-8, -8]},
								"down": {"uv": [48, 104], "uv_size": [-8, -8]}
							}
						}
					]
				},
				{
					"name": "pernaesquerda",
					"parent": "corpo",
					"pivot": [3.527, 18.96, 0],
					"rotation": [-0.14296, 0.20556, -4.07583],
					"cubes": [
						{
							"origin": [0.63405, 10.171, -2.98268],
							"size": [5.9584, 10.0352, 5.9584],
							"uv": {
								"north": {"uv": [40, 104], "uv_size": [8, 11]},
								"east": {"uv": [48, 104], "uv_size": [8, 11]},
								"south": {"uv": [56, 104], "uv_size": [8, 11]},
								"west": {"uv": [32, 104], "uv_size": [8, 11]},
								"up": {"uv": [48, 104], "uv_size": [-8, -8]},
								"down": {"uv": [48, 104], "uv_size": [-8, -8]}
							}
						}
					]
				},
				{
					"name": "leftCanela",
					"parent": "pernaesquerda",
					"pivot": [3.66673, 10.27472, -0.65257],
					"cubes": [
						{
							"origin": [1.37432, 3.77501, -3.08197],
							"size": [4.27616, 6.51448, 4.42616],
							"pivot": [3.5124, 16.42125, 0.75811],
							"rotation": [2.5, 0, 0],
							"uv": {
								"north": {"uv": [40, 104], "uv_size": [8, 11]},
								"east": {"uv": [48, 104], "uv_size": [8, 11]},
								"south": {"uv": [56, 104], "uv_size": [8, 11]},
								"west": {"uv": [32, 104], "uv_size": [8, 11]},
								"up": {"uv": [5, 97], "uv_size": [4.25, 4.5]},
								"down": {"uv": [48, 104], "uv_size": [-8, -8]}
							}
						}
					]
				}
			]
		}
	]
}