{
	"format_version": "1.12.0",
	"minecraft:geometry": [
		{
			"description": {
				"identifier": "geometry.fcloud",
				"texture_width": 256,
				"texture_height": 256,
				"visible_bounds_width": 7,
				"visible_bounds_height": 5.5,
				"visible_bounds_offset": [0, 2.25, 0]
			},
			"bones": [
				{
					"name": "bone7",
					"pivot": [0, 0, 0]
				},
				{
					"name": "bone2",
					"parent": "bone7",
					"pivot": [-16, 24, -20],
					"rotation": [0, -80, 0],
					"cubes": [
						{
							"origin": [-13.53356, 24, -5.22717],
							"size": [9.7812, 8.6944, 10.3888],
							"pivot": [-13.64296, 28.3472, 1.46723],
							"rotation": [0, 52.5, 0],
							"uv": {
								"north": {"uv": [128, 86], "uv_size": [9, 8]},
								"east": {"uv": [128, 86], "uv_size": [9, 8]},
								"south": {"uv": [128, 86], "uv_size": [9, 8]},
								"west": {"uv": [128, 86], "uv_size": [9, 8]},
								"up": {"uv": [137, 94], "uv_size": [-9, -8]},
								"down": {"uv": [137, 94], "uv_size": [-9, -8]}
							}
						},
						{
							"origin": [-24, 24, -28],
							"size": [9, 8, 16],
							"uv": {
								"north": {"uv": [100, 102], "uv_size": [9, 8]},
								"east": {"uv": [100, 102], "uv_size": [9, 8]},
								"south": {"uv": [100, 102], "uv_size": [9, 8]},
								"west": {"uv": [100, 102], "uv_size": [9, 8]},
								"up": {"uv": [109, 110], "uv_size": [-9, -8]},
								"down": {"uv": [109, 110], "uv_size": [-9, -8]}
							}
						},
						{
							"origin": [-23.24, 24, -49.07],
							"size": [13.77, 12.24, 24.48],
							"pivot": [-21.355, 30.12, -36.83],
							"rotation": [0, -25, 0],
							"uv": {
								"north": {"uv": [78, 37], "uv_size": [13, 12]},
								"east": {"uv": [78, 37], "uv_size": [13, 12]},
								"south": {"uv": [78, 37], "uv_size": [13, 12]},
								"west": {"uv": [78, 37], "uv_size": [13, 12]},
								"up": {"uv": [91, 49], "uv_size": [-13, -12]},
								"down": {"uv": [91, 49], "uv_size": [-13, -12]}
							}
						},
						{
							"origin": [-20.08, 24, -13.92],
							"size": [6.84, 6.08, 12.16],
							"pivot": [-18.66, 27.04, -7.84],
							"rotation": [0, 25, 0],
							"uv": {
								"north": {"uv": [140, 34], "uv_size": [6, 6]},
								"east": {"uv": [140, 34], "uv_size": [6, 6]},
								"south": {"uv": [140, 34], "uv_size": [6, 6]},
								"west": {"uv": [140, 34], "uv_size": [6, 6]},
								"up": {"uv": [146, 40], "uv_size": [-6, -6]},
								"down": {"uv": [146, 40], "uv_size": [-6, -6]}
							}
						},
						{
							"origin": [-16.056, 24, -1.244],
							"size": [4.788, 4.256, 10.512],
							"pivot": [-17.862, 26.128, -11.488],
							"rotation": [0, 25, 0],
							"uv": {
								"north": {"uv": [98, 138], "uv_size": [4, 4]},
								"east": {"uv": [98, 138], "uv_size": [4, 4]},
								"south": {"uv": [98, 138], "uv_size": [4, 4]},
								"west": {"uv": [98, 138], "uv_size": [4, 4]},
								"up": {"uv": [102, 142], "uv_size": [-4, -4]},
								"down": {"uv": [102, 142], "uv_size": [-4, -4]}
							}
						}
					]
				},
				{
					"name": "bone3",
					"parent": "bone7",
					"pivot": [24, 30, 0],
					"rotation": [0, 0, -22.5],
					"cubes": [
						{
							"origin": [16.40646, 30, -15.60021],
							"size": [6.06434, 5.39053, 6.44106],
							"pivot": [22.53863, 32.69526, -13.30968],
							"rotation": [0, 52.5, 0],
							"uv": {
								"north": {"uv": [6, 17], "uv_size": [6, 5]},
								"east": {"uv": [6, 17], "uv_size": [6, 5]},
								"south": {"uv": [6, 17], "uv_size": [6, 5]},
								"west": {"uv": [6, 17], "uv_size": [6, 5]},
								"up": {"uv": [12, 22], "uv_size": [-6, -5]},
								"down": {"uv": [12, 22], "uv_size": [-6, -5]}
							}
						},
						{
							"origin": [23.38, 30, -4.96],
							"size": [5.58, 4.96, 9.92],
							"uv": {
								"north": {"uv": [90, 9], "uv_size": [5, 4]},
								"east": {"uv": [90, 9], "uv_size": [5, 4]},
								"south": {"uv": [90, 9], "uv_size": [5, 4]},
								"west": {"uv": [90, 9], "uv_size": [5, 4]},
								"up": {"uv": [95, 13], "uv_size": [-5, -4]},
								"down": {"uv": [95, 13], "uv_size": [-5, -4]}
							}
						},
						{
							"origin": [19.9514, 30, 2.8458],
							"size": [8.5374, 7.5888, 15.1776],
							"pivot": [27.3201, 33.7944, 10.4346],
							"rotation": [0, -25, 0],
							"uv": {
								"north": {"uv": [119, 64], "uv_size": [8, 7]},
								"east": {"uv": [119, 64], "uv_size": [8, 7]},
								"south": {"uv": [119, 64], "uv_size": [8, 7]},
								"west": {"uv": [119, 64], "uv_size": [8, 7]},
								"up": {"uv": [127, 71], "uv_size": [-8, -7]},
								"down": {"uv": [127, 71], "uv_size": [-8, -7]}
							}
						},
						{
							"origin": [22.2888, 30, -11.3088],
							"size": [4.2408, 3.7696, 7.5392],
							"pivot": [25.6492, 31.8848, -7.5392],
							"rotation": [0, 25, 0],
							"uv": {
								"north": {"uv": [7, 54], "uv_size": [4, 3]},
								"east": {"uv": [7, 54], "uv_size": [4, 3]},
								"south": {"uv": [7, 54], "uv_size": [4, 3]},
								"west": {"uv": [7, 54], "uv_size": [4, 3]},
								"up": {"uv": [11, 57], "uv_size": [-4, -3]},
								"down": {"uv": [11, 57], "uv_size": [-4, -3]}
							}
						},
						{
							"origin": [21.06616, 30, -18.14616],
							"size": [2.96856, 2.63872, 6.51744],
							"pivot": [25.15444, 31.31936, -5.27744],
							"rotation": [0, 25, 0],
							"uv": {
								"north": {"uv": [59, 55], "uv_size": [2, 2]},
								"east": {"uv": [59, 55], "uv_size": [2, 2]},
								"south": {"uv": [59, 55], "uv_size": [2, 2]},
								"west": {"uv": [59, 55], "uv_size": [2, 2]},
								"up": {"uv": [61, 57], "uv_size": [-2, -2]},
								"down": {"uv": [61, 57], "uv_size": [-2, -2]}
							}
						}
					]
				},
				{
					"name": "bone6",
					"parent": "bone7",
					"pivot": [-1, 63, 20],
					"rotation": [0, -22.5, -20],
					"cubes": [
						{
							"origin": [-13.52934, 54.10563, 35.11261],
							"size": [10.00617, 8.89437, 10.62774],
							"pivot": [-3.41126, 58.55281, 41.96098],
							"rotation": [0, -52.5, 0],
							"uv": {
								"north": {"uv": [60, 120], "uv_size": [10, 8]},
								"east": {"uv": [60, 120], "uv_size": [10, 8]},
								"south": {"uv": [60, 120], "uv_size": [10, 8]},
								"west": {"uv": [60, 120], "uv_size": [10, 8]},
								"up": {"uv": [70, 128], "uv_size": [-10, -8]},
								"down": {"uv": [70, 128], "uv_size": [-10, -8]}
							}
						},
						{
							"origin": [-2.023, 54.816, 11.816],
							"size": [9.207, 7.184, 16.368],
							"uv": {
								"north": {"uv": [16, 90], "uv_size": [9, 8]},
								"east": {"uv": [16, 90], "uv_size": [9, 8]},
								"south": {"uv": [16, 90], "uv_size": [9, 8]},
								"west": {"uv": [16, 90], "uv_size": [9, 8]},
								"up": {"uv": [25, 98], "uv_size": [-9, -8]},
								"down": {"uv": [25, 98], "uv_size": [-9, -8]}
							}
						},
						{
							"origin": [-7.68019, 50.47848, -9.73861],
							"size": [14.08671, 12.52152, 25.04304],
							"pivot": [4.47817, 56.73924, 2.78291],
							"rotation": [0, 25, 0],
							"uv": {
								"north": {"uv": [25, 25], "uv_size": [14, 12]},
								"east": {"uv": [25, 25], "uv_size": [14, 12]},
								"south": {"uv": [25, 25], "uv_size": [14, 12]},
								"west": {"uv": [25, 25], "uv_size": [14, 12]},
								"up": {"uv": [39, 37], "uv_size": [-14, -12]},
								"down": {"uv": [39, 37], "uv_size": [-14, -12]}
							}
						},
						{
							"origin": [-3.82348, 56.78016, 26.21984],
							"size": [6.99732, 6.21984, 12.43968],
							"pivot": [1.72118, 59.89008, 32.43968],
							"rotation": [0, -25, 0],
							"uv": {
								"north": {"uv": [12, 134], "uv_size": [6, 6]},
								"east": {"uv": [12, 134], "uv_size": [6, 6]},
								"south": {"uv": [12, 134], "uv_size": [6, 6]},
								"west": {"uv": [12, 134], "uv_size": [6, 6]},
								"up": {"uv": [18, 140], "uv_size": [-6, -6]},
								"down": {"uv": [18, 140], "uv_size": [-6, -6]}
							}
						},
						{
							"origin": [-5.84084, 58.64611, 39.18739],
							"size": [4.89812, 4.35389, 10.75378],
							"pivot": [0.90483, 60.82306, 28.70778],
							"rotation": [0, -25, 0],
							"uv": {
								"north": {"uv": [78, 96], "uv_size": [4, 4]},
								"east": {"uv": [78, 96], "uv_size": [4, 4]},
								"south": {"uv": [78, 96], "uv_size": [4, 4]},
								"west": {"uv": [78, 96], "uv_size": [4, 4]},
								"up": {"uv": [82, 100], "uv_size": [-4, -4]},
								"down": {"uv": [82, 100], "uv_size": [-4, -4]}
							}
						}
					]
				},
				{
					"name": "bone5",
					"parent": "bone7",
					"pivot": [-20, 0, 0],
					"rotation": [0, 0, -20],
					"cubes": [
						{
							"origin": [-17.47683, 0, 15.11261],
							"size": [10.00617, 8.89437, 10.62774],
							"pivot": [-17.58874, 4.44719, 21.96098],
							"rotation": [0, 52.5, 0],
							"uv": {
								"north": {"uv": [100, 120], "uv_size": [10, 8]},
								"east": {"uv": [100, 120], "uv_size": [10, 8]},
								"south": {"uv": [100, 120], "uv_size": [10, 8]},
								"west": {"uv": [100, 120], "uv_size": [10, 8]},
								"up": {"uv": [110, 128], "uv_size": [-10, -8]},
								"down": {"uv": [110, 128], "uv_size": [-10, -8]}
							}
						},
						{
							"origin": [-28.184, 0, -8.184],
							"size": [9.207, 8.184, 16.368],
							"uv": {
								"north": {"uv": [50, 102], "uv_size": [9, 8]},
								"east": {"uv": [50, 102], "uv_size": [9, 8]},
								"south": {"uv": [50, 102], "uv_size": [9, 8]},
								"west": {"uv": [50, 102], "uv_size": [9, 8]},
								"up": {"uv": [59, 110], "uv_size": [-9, -8]},
								"down": {"uv": [59, 110], "uv_size": [-9, -8]}
							}
						},
						{
							"origin": [-27.40652, 0, -29.73861],
							"size": [14.08671, 12.52152, 25.04304],
							"pivot": [-25.47816, 6.26076, -17.21709],
							"rotation": [0, -25, 0],
							"uv": {
								"north": {"uv": [25, 62], "uv_size": [14, 12]},
								"east": {"uv": [25, 62], "uv_size": [14, 12]},
								"south": {"uv": [25, 62], "uv_size": [14, 12]},
								"west": {"uv": [25, 62], "uv_size": [14, 12]},
								"up": {"uv": [39, 74], "uv_size": [-14, -12]},
								"down": {"uv": [39, 74], "uv_size": [-14, -12]}
							}
						},
						{
							"origin": [-24.17384, 0, 6.21984],
							"size": [6.99732, 6.21984, 12.43968],
							"pivot": [-22.72118, 3.10992, 12.43968],
							"rotation": [0, 25, 0],
							"uv": {
								"north": {"uv": [134, 110], "uv_size": [6, 6]},
								"east": {"uv": [134, 110], "uv_size": [6, 6]},
								"south": {"uv": [134, 110], "uv_size": [6, 6]},
								"west": {"uv": [134, 110], "uv_size": [6, 6]},
								"up": {"uv": [140, 116], "uv_size": [-6, -6]},
								"down": {"uv": [140, 116], "uv_size": [-6, -6]}
							}
						},
						{
							"origin": [-20.05729, 0, 19.18739],
							"size": [4.89812, 4.35389, 10.75378],
							"pivot": [-21.90483, 2.17694, 8.70778],
							"rotation": [0, 25, 0],
							"uv": {
								"north": {"uv": [70, 138], "uv_size": [4, 4]},
								"east": {"uv": [70, 138], "uv_size": [4, 4]},
								"south": {"uv": [70, 138], "uv_size": [4, 4]},
								"west": {"uv": [70, 138], "uv_size": [4, 4]},
								"up": {"uv": [74, 142], "uv_size": [-4, -4]},
								"down": {"uv": [74, 142], "uv_size": [-4, -4]}
							}
						}
					]
				},
				{
					"name": "bone4",
					"parent": "bone7",
					"pivot": [-24, 48, 0],
					"rotation": [0, 0, 22.5],
					"cubes": [
						{
							"origin": [-22.47081, 48, 9.15916],
							"size": [6.06434, 5.39053, 6.44106],
							"pivot": [-22.53863, 50.69526, 13.30968],
							"rotation": [0, 52.5, 0],
							"uv": {
								"north": {"uv": [6, 6], "uv_size": [6, 5]},
								"east": {"uv": [6, 6], "uv_size": [6, 5]},
								"south": {"uv": [6, 6], "uv_size": [6, 5]},
								"west": {"uv": [6, 6], "uv_size": [6, 5]},
								"up": {"uv": [12, 11], "uv_size": [-6, -5]},
								"down": {"uv": [12, 11], "uv_size": [-6, -5]}
							}
						},
						{
							"origin": [-28.96, 48, -4.96],
							"size": [5.58, 4.96, 9.92],
							"uv": {
								"north": {"uv": [62, 9], "uv_size": [5, 4]},
								"east": {"uv": [62, 9], "uv_size": [5, 4]},
								"south": {"uv": [62, 9], "uv_size": [5, 4]},
								"west": {"uv": [62, 9], "uv_size": [5, 4]},
								"up": {"uv": [67, 13], "uv_size": [-5, -4]},
								"down": {"uv": [67, 13], "uv_size": [-5, -4]}
							}
						},
						{
							"origin": [-28.4888, 48, -18.0234],
							"size": [8.5374, 7.5888, 15.1776],
							"pivot": [-27.3201, 51.7944, -10.4346],
							"rotation": [0, -25, 0],
							"uv": {
								"north": {"uv": [119, 15], "uv_size": [8, 7]},
								"east": {"uv": [119, 15], "uv_size": [8, 7]},
								"south": {"uv": [119, 15], "uv_size": [8, 7]},
								"west": {"uv": [119, 15], "uv_size": [8, 7]},
								"up": {"uv": [127, 22], "uv_size": [-8, -7]},
								"down": {"uv": [127, 22], "uv_size": [-8, -7]}
							}
						},
						{
							"origin": [-26.5296, 48, 3.7696],
							"size": [4.2408, 3.7696, 7.5392],
							"pivot": [-25.6492, 49.8848, 7.5392],
							"rotation": [0, 25, 0],
							"uv": {
								"north": {"uv": [7, 44], "uv_size": [4, 3]},
								"east": {"uv": [7, 44], "uv_size": [4, 3]},
								"south": {"uv": [7, 44], "uv_size": [4, 3]},
								"west": {"uv": [7, 44], "uv_size": [4, 3]},
								"up": {"uv": [11, 47], "uv_size": [-4, -3]},
								"down": {"uv": [11, 47], "uv_size": [-4, -3]}
							}
						},
						{
							"origin": [-24.03472, 48, 11.62872],
							"size": [2.96856, 2.63872, 6.51744],
							"pivot": [-25.15444, 49.31936, 5.27744],
							"rotation": [0, 25, 0],
							"uv": {
								"north": {"uv": [59, 19], "uv_size": [2, 2]},
								"east": {"uv": [59, 19], "uv_size": [2, 2]},
								"south": {"uv": [59, 19], "uv_size": [2, 2]},
								"west": {"uv": [59, 19], "uv_size": [2, 2]},
								"up": {"uv": [61, 21], "uv_size": [-2, -2]},
								"down": {"uv": [61, 21], "uv_size": [-2, -2]}
							}
						}
					]
				},
				{
					"name": "bone",
					"parent": "bone7",
					"pivot": [11, 0, 0],
					"cubes": [
						{
							"origin": [-1.24764, 0, -25.16163],
							"size": [9.7812, 8.6944, 10.3888],
							"pivot": [8.64296, 4.3472, -21.46723],
							"rotation": [0, 52.5, 0],
							"uv": {
								"north": {"uv": [130, 128], "uv_size": [9, 8]},
								"east": {"uv": [130, 128], "uv_size": [9, 8]},
								"south": {"uv": [130, 128], "uv_size": [9, 8]},
								"west": {"uv": [130, 128], "uv_size": [9, 8]},
								"up": {"uv": [139, 136], "uv_size": [-9, -8]},
								"down": {"uv": [139, 136], "uv_size": [-9, -8]}
							}
						},
						{
							"origin": [10, 0, -8],
							"size": [9, 8, 16],
							"uv": {
								"north": {"uv": [16, 114], "uv_size": [9, 8]},
								"east": {"uv": [16, 114], "uv_size": [9, 8]},
								"south": {"uv": [16, 114], "uv_size": [9, 8]},
								"west": {"uv": [16, 114], "uv_size": [9, 8]},
								"up": {"uv": [25, 122], "uv_size": [-9, -8]},
								"down": {"uv": [25, 122], "uv_size": [-9, -8]}
							}
						},
						{
							"origin": [4.47, 0, 4.59],
							"size": [13.77, 12.24, 24.48],
							"pivot": [16.355, 6.12, 16.83],
							"rotation": [0, -25, 0],
							"uv": {
								"north": {"uv": [78, 74], "uv_size": [13, 12]},
								"east": {"uv": [78, 74], "uv_size": [13, 12]},
								"south": {"uv": [78, 74], "uv_size": [13, 12]},
								"west": {"uv": [78, 74], "uv_size": [13, 12]},
								"up": {"uv": [91, 86], "uv_size": [-13, -12]},
								"down": {"uv": [91, 86], "uv_size": [-13, -12]}
							}
						},
						{
							"origin": [8.24, 0, -18.24],
							"size": [6.84, 6.08, 12.16],
							"pivot": [13.66, 3.04, -12.16],
							"rotation": [0, 25, 0],
							"uv": {
								"north": {"uv": [36, 140], "uv_size": [6, 6]},
								"east": {"uv": [36, 140], "uv_size": [6, 6]},
								"south": {"uv": [36, 140], "uv_size": [6, 6]},
								"west": {"uv": [36, 140], "uv_size": [6, 6]},
								"up": {"uv": [42, 146], "uv_size": [-6, -6]},
								"down": {"uv": [42, 146], "uv_size": [-6, -6]}
							}
						},
						{
							"origin": [6.268, 0, -29.268],
							"size": [4.788, 4.256, 10.512],
							"pivot": [12.862, 2.128, -8.512],
							"rotation": [0, 25, 0],
							"uv": {
								"north": {"uv": [145, 10], "uv_size": [4, 4]},
								"east": {"uv": [145, 10], "uv_size": [4, 4]},
								"south": {"uv": [145, 10], "uv_size": [4, 4]},
								"west": {"uv": [145, 10], "uv_size": [4, 4]},
								"up": {"uv": [149, 14], "uv_size": [-4, -4]},
								"down": {"uv": [149, 14], "uv_size": [-4, -4]}
							}
						}
					]
				}
			]
		}
	]
}