{
	"format_version": "1.12.0",
	"minecraft:geometry": [
		{
			"description": {
				"identifier": "geometry.g4s",
				"texture_width": 128,
				"texture_height": 128,
				"visible_bounds_width": 5,
				"visible_bounds_height": 10,
				"visible_bounds_offset": [0, 3, 0]
			},
			"bones": [
				{
					"name": "root",
					"pivot": [0, 1, 0]
				},
				{
					"name": "waist",
					"parent": "root",
					"pivot": [0, 13.5198, 0],
					"cubes": [
						{
							"origin": [-5.26307, 13.47493, -2.77156],
							"size": [10.52613, 2.70396, 5.54312],
							"uv": {
								"north": {"uv": [52, 28], "uv_size": [10.5, 2.5]},
								"east": {"uv": [24, 14], "uv_size": [5.5, 2.5]},
								"south": {"uv": [63, 34], "uv_size": [10.5, 2.5]},
								"west": {"uv": [7, 44], "uv_size": [5.5, 2.5]},
								"up": {"uv": [61, 37], "uv_size": [10.5, 5.5]},
								"down": {"uv": [62, 27.5], "uv_size": [10.5, -5.5]}
							}
						}
					]
				},
				{
					"name": "body",
					"parent": "waist",
					"pivot": [0, 25.78419, 0],
					"cubes": [
						{
							"origin": [-5.82317, 15.96644, -3.05161],
							"size": [11.64634, 17.315, 6.06892],
							"uv": {
								"north": {"uv": [0, 0], "uv_size": [11.5, 17.5]},
								"east": {"uv": [0, 44], "uv_size": [7, 17.5]},
								"south": {"uv": [12, 0], "uv_size": [11.5, 17.5]},
								"west": {"uv": [45, 14], "uv_size": [7, 17.5]},
								"up": {"uv": [40, 47], "uv_size": [11.5, 7]},
								"down": {"uv": [49, 44], "uv_size": [11.5, -7]}
							}
						},
						{
							"origin": [-6.51432, 18.12183, -3.99838],
							"size": [13.02864, 13.96991, 8.96247],
							"uv": {
								"north": {"uv": [24, 0], "uv_size": [13, 14]},
								"east": {"uv": [32, 14], "uv_size": [9, 14]},
								"south": {"uv": [0, 30], "uv_size": [13, 14]},
								"west": {"uv": [37, 0], "uv_size": [9, 14]},
								"up": {"uv": [46, 0], "uv_size": [13, 9]},
								"down": {"uv": [7, 56], "uv_size": [13, -9]}
							}
						},
						{
							"origin": [-7.65581, 19.78497, -4.65066],
							"size": [15.31161, 11.88938, 9.30132],
							"uv": {
								"north": {"uv": [0, 18], "uv_size": [15.5, 12]},
								"east": {"uv": [20, 47], "uv_size": [9.5, 12]},
								"south": {"uv": [16, 18], "uv_size": [15.5, 12]},
								"west": {"uv": [30, 47], "uv_size": [9.5, 12]},
								"up": {"uv": [13, 30], "uv_size": [15.5, 9.5]},
								"down": {"uv": [29, 39.5], "uv_size": [15.5, -9.5]}
							}
						},
						{
							"origin": [-8.90156, 23.24217, -5.3363],
							"size": [17.80311, 7.18642, 4.87842],
							"uv": {
								"north": {"uv": [13, 40], "uv_size": [18, 7]},
								"east": {"uv": [33, 66], "uv_size": [5, 7]},
								"south": {"uv": [31, 40], "uv_size": [18, 7]},
								"west": {"uv": [50, 66], "uv_size": [5, 7]},
								"up": {"uv": [45, 32], "uv_size": [18, 5]},
								"down": {"uv": [46, 14], "uv_size": [18, -5]}
							}
						}
					]
				},
				{
					"name": "cape",
					"parent": "body",
					"pivot": [0, 34.72657, 3.73726]
				},
				{
					"name": "rightArm",
					"parent": "body",
					"pivot": [-8.6913, 28.971, 0],
					"cubes": [
						{
							"origin": [-13.89642, 21.92239, -2.34665],
							"size": [5.47552, 4.6933, 4.6933],
							"uv": {
								"north": {"uv": [70, 67], "uv_size": [5.5, 4.5]},
								"east": {"uv": [55, 72], "uv_size": [4.5, 4.5]},
								"south": {"uv": [71, 6], "uv_size": [5.5, 4.5]},
								"west": {"uv": [60, 72], "uv_size": [4.5, 4.5]},
								"up": {"uv": [71, 53], "uv_size": [5.5, 4.5]},
								"down": {"uv": [71, 62.5], "uv_size": [5.5, -4.5]}
							}
						},
						{
							"origin": [-14.67864, 26.61569, -3.12887],
							"size": [7.03995, 5.47552, 6.25774],
							"uv": {
								"north": {"uv": [62, 43], "uv_size": [7, 5.5]},
								"east": {"uv": [63, 28], "uv_size": [6.5, 5.5]},
								"south": {"uv": [62, 49], "uv_size": [7, 5.5]},
								"west": {"uv": [64, 8], "uv_size": [6.5, 5.5]},
								"up": {"uv": [33, 59], "uv_size": [7, 6.5]},
								"down": {"uv": [0, 68.5], "uv_size": [7, -6.5]}
							}
						},
						{
							"origin": [-12.86781, 27.58955, -2.10025],
							"size": [4.20051, 5.09223, 4.98272],
							"uv": {
								"north": {"uv": [41, 14], "uv_size": [4, 5]},
								"east": {"uv": [43, 68], "uv_size": [5, 5]},
								"south": {"uv": [41, 19], "uv_size": [4, 5]},
								"west": {"uv": [0, 69], "uv_size": [5, 5]},
								"up": {"uv": [41, 24], "uv_size": [4, 5]},
								"down": {"uv": [73, 24], "uv_size": [4, -5]}
							}
						}
					]
				},
				{
					"name": "rightAnte",
					"parent": "rightArm",
					"pivot": [-11.5884, 21.2454, 0]
				},
				{
					"name": "rightRifle",
					"parent": "rightAnte",
					"pivot": [-11.15866, 17.78337, 0.39111],
					"cubes": [
						{
							"origin": [-13.89642, 16.07991, -2.34665],
							"size": [4.6933, 5.84249, 4.6933],
							"uv": {
								"north": {"uv": [22, 67], "uv_size": [4.5, 6]},
								"east": {"uv": [27, 67], "uv_size": [4.5, 6]},
								"south": {"uv": [65, 67], "uv_size": [4.5, 6]},
								"west": {"uv": [38, 68], "uv_size": [4.5, 6]},
								"up": {"uv": [70, 72], "uv_size": [4.5, 4.5]},
								"down": {"uv": [15, 77.5], "uv_size": [4.5, -4.5]}
							}
						}
					]
				},
				{
					"name": "rightRifllekongu",
					"parent": "rightAnte",
					"pivot": [-11.15866, 15.82782, 0.39111],
					"cubes": [
						{
							"origin": [-13.89642, 12.95104, -2.34665],
							"size": [3.91109, 3.12887, 4.6933],
							"uv": {
								"north": {"uv": [45, 37], "uv_size": [4, 3]},
								"east": {"uv": [71, 11], "uv_size": [4.5, 3]},
								"south": {"uv": [62, 55], "uv_size": [4, 3]},
								"west": {"uv": [71, 63], "uv_size": [4.5, 3]},
								"up": {"uv": [20, 73], "uv_size": [4, 4.5]},
								"down": {"uv": [24, 77.5], "uv_size": [4, -4.5]}
							}
						}
					]
				},
				{
					"name": "rightRifllekong",
					"parent": "rightAnte",
					"pivot": [-11.15866, 16.61004, 0.39111],
					"cubes": [
						{
							"origin": [-14.11544, 15.10571, -2.56567],
							"size": [5.13134, 5.44423, 5.13134],
							"uv": {
								"north": {"uv": [55, 66], "uv_size": [5, 5.5]},
								"east": {"uv": [66, 55], "uv_size": [5, 5.5]},
								"south": {"uv": [60, 66], "uv_size": [5, 5.5]},
								"west": {"uv": [66, 61], "uv_size": [5, 5.5]},
								"up": {"uv": [69, 43], "uv_size": [5, 5]},
								"down": {"uv": [69, 53], "uv_size": [5, -5]}
							}
						}
					]
				},
				{
					"name": "rightHand",
					"parent": "rightAnte",
					"pivot": [-11.15866, 12.69896, 0.39111],
					"cubes": [
						{
							"origin": [-13.33323, 7.88227, -2.56567],
							"size": [2.78469, 5.44423, 5.13134],
							"uv": {
								"north": {"uv": [28, 73], "uv_size": [3, 5.5]},
								"east": {"uv": [67, 0], "uv_size": [5, 5.5]},
								"south": {"uv": [31, 73], "uv_size": [3, 5.5]},
								"west": {"uv": [17, 67], "uv_size": [5, 5.5]},
								"up": {"uv": [34, 73], "uv_size": [3, 5]},
								"down": {"uv": [43, 78], "uv_size": [3, -5]}
							}
						}
					]
				},
				{
					"name": "Dedos",
					"parent": "rightHand",
					"pivot": [-12.14851, 7.46235, 0.39111],
					"rotation": [0, 0, -37.5],
					"cubes": [
						{
							"origin": [-12.33186, 6.96319, -2.50654],
							"size": [4.27779, 2.2847, 5.01307],
							"uv": {
								"north": {"uv": [65, 73], "uv_size": [4.5, 2.5]},
								"east": {"uv": [73, 24], "uv_size": [5, 2.5]},
								"south": {"uv": [0, 74], "uv_size": [4.5, 2.5]},
								"west": {"uv": [46, 73], "uv_size": [5, 2.5]},
								"up": {"uv": [72, 0], "uv_size": [4.5, 5]},
								"down": {"uv": [72, 42], "uv_size": [4.5, -5]}
							}
						}
					]
				},
				{
					"name": "rightPhyton",
					"parent": "rightAnte",
					"pivot": [-11.5884, 21.2454, 0]
				},
				{
					"name": "rightRifle2",
					"parent": "rightPhyton",
					"pivot": [-11.15866, 17.78337, 0.39111],
					"cubes": [
						{
							"origin": [-13.89642, 16.07991, -2.34665],
							"size": [4.6933, 5.84249, 4.6933],
							"uv": {
								"north": {"uv": [22, 67], "uv_size": [4.5, 6]},
								"east": {"uv": [27, 67], "uv_size": [4.5, 6]},
								"south": {"uv": [65, 67], "uv_size": [4.5, 6]},
								"west": {"uv": [38, 68], "uv_size": [4.5, 6]},
								"up": {"uv": [70, 72], "uv_size": [4.5, 4.5]},
								"down": {"uv": [15, 77.5], "uv_size": [4.5, -4.5]}
							}
						}
					]
				},
				{
					"name": "rightRifllekongu2",
					"parent": "rightPhyton",
					"pivot": [-11.15866, 15.82782, 0.39111],
					"cubes": [
						{
							"origin": [-13.89642, 12.95104, -2.34665],
							"size": [3.91109, 3.12887, 4.6933],
							"uv": {
								"north": {"uv": [45, 37], "uv_size": [4, 3]},
								"east": {"uv": [71, 11], "uv_size": [4.5, 3]},
								"south": {"uv": [62, 55], "uv_size": [4, 3]},
								"west": {"uv": [71, 63], "uv_size": [4.5, 3]},
								"up": {"uv": [20, 73], "uv_size": [4, 4.5]},
								"down": {"uv": [24, 77.5], "uv_size": [4, -4.5]}
							}
						}
					]
				},
				{
					"name": "rightRifllekong2",
					"parent": "rightPhyton",
					"pivot": [-11.15866, 16.61004, 0.39111],
					"cubes": [
						{
							"origin": [-14.11544, 15.10571, -2.56567],
							"size": [5.13134, 5.44423, 5.13134],
							"uv": {
								"north": {"uv": [55, 66], "uv_size": [5, 5.5]},
								"east": {"uv": [66, 55], "uv_size": [5, 5.5]},
								"south": {"uv": [60, 66], "uv_size": [5, 5.5]},
								"west": {"uv": [66, 61], "uv_size": [5, 5.5]},
								"up": {"uv": [69, 43], "uv_size": [5, 5]},
								"down": {"uv": [69, 53], "uv_size": [5, -5]}
							}
						}
					]
				},
				{
					"name": "rightPhyton2",
					"parent": "rightAnte",
					"pivot": [-11.5884, 21.2454, 0]
				},
				{
					"name": "rightRifle3",
					"parent": "rightPhyton2",
					"pivot": [-11.15866, 17.78337, 0.39111],
					"cubes": [
						{
							"origin": [-13.89642, 16.07991, -2.34665],
							"size": [4.6933, 5.84249, 4.6933],
							"uv": {
								"north": {"uv": [22, 67], "uv_size": [4.5, 6]},
								"east": {"uv": [27, 67], "uv_size": [4.5, 6]},
								"south": {"uv": [65, 67], "uv_size": [4.5, 6]},
								"west": {"uv": [38, 68], "uv_size": [4.5, 6]},
								"up": {"uv": [70, 72], "uv_size": [4.5, 4.5]},
								"down": {"uv": [15, 77.5], "uv_size": [4.5, -4.5]}
							}
						}
					]
				},
				{
					"name": "rightRifllekongu3",
					"parent": "rightPhyton2",
					"pivot": [-11.15866, 15.82782, 0.39111],
					"cubes": [
						{
							"origin": [-13.89642, 12.95104, -2.34665],
							"size": [3.91109, 3.12887, 4.6933],
							"uv": {
								"north": {"uv": [45, 37], "uv_size": [4, 3]},
								"east": {"uv": [71, 11], "uv_size": [4.5, 3]},
								"south": {"uv": [62, 55], "uv_size": [4, 3]},
								"west": {"uv": [71, 63], "uv_size": [4.5, 3]},
								"up": {"uv": [20, 73], "uv_size": [4, 4.5]},
								"down": {"uv": [24, 77.5], "uv_size": [4, -4.5]}
							}
						}
					]
				},
				{
					"name": "rightRifllekong3",
					"parent": "rightPhyton2",
					"pivot": [-11.15866, 16.61004, 0.39111],
					"cubes": [
						{
							"origin": [-14.11544, 15.10571, -2.56567],
							"size": [5.13134, 5.44423, 5.13134],
							"uv": {
								"north": {"uv": [55, 66], "uv_size": [5, 5.5]},
								"east": {"uv": [66, 55], "uv_size": [5, 5.5]},
								"south": {"uv": [60, 66], "uv_size": [5, 5.5]},
								"west": {"uv": [66, 61], "uv_size": [5, 5.5]},
								"up": {"uv": [69, 43], "uv_size": [5, 5]},
								"down": {"uv": [69, 53], "uv_size": [5, -5]}
							}
						}
					]
				},
				{
					"name": "leftArm",
					"parent": "body",
					"pivot": [8.6913, 28.971, 0],
					"cubes": [
						{
							"origin": [8.4209, 21.92239, -2.34665],
							"size": [5.47552, 4.6933, 4.6933],
							"uv": {
								"north": {"uv": [75.5, 67], "uv_size": [-5.5, 4.5]},
								"east": {"uv": [64.5, 72], "uv_size": [-4.5, 4.5]},
								"south": {"uv": [76.5, 6], "uv_size": [-5.5, 4.5]},
								"west": {"uv": [59.5, 72], "uv_size": [-4.5, 4.5]},
								"up": {"uv": [76.5, 53], "uv_size": [-5.5, 4.5]},
								"down": {"uv": [76.5, 62.5], "uv_size": [-5.5, -4.5]}
							}
						},
						{
							"origin": [7.63869, 26.61569, -3.12887],
							"size": [7.03995, 5.47552, 6.25774],
							"uv": {
								"north": {"uv": [69, 43], "uv_size": [-7, 5.5]},
								"east": {"uv": [70.5, 8], "uv_size": [-6.5, 5.5]},
								"south": {"uv": [69, 49], "uv_size": [-7, 5.5]},
								"west": {"uv": [69.5, 28], "uv_size": [-6.5, 5.5]},
								"up": {"uv": [40, 59], "uv_size": [-7, 6.5]},
								"down": {"uv": [7, 68.5], "uv_size": [-7, -6.5]}
							}
						},
						{
							"origin": [8.6673, 27.58955, -2.10025],
							"size": [4.20051, 5.09223, 4.98272],
							"uv": {
								"north": {"uv": [45, 14], "uv_size": [-4, 5]},
								"east": {"uv": [5, 69], "uv_size": [-5, 5]},
								"south": {"uv": [45, 19], "uv_size": [-4, 5]},
								"west": {"uv": [48, 68], "uv_size": [-5, 5]},
								"up": {"uv": [45, 24], "uv_size": [-4, 5]},
								"down": {"uv": [77, 24], "uv_size": [-4, -5]}
							}
						}
					]
				},
				{
					"name": "leftAnte",
					"parent": "leftArm",
					"pivot": [11.5884, 21.2454, 0]
				},
				{
					"name": "leftRifle",
					"parent": "leftAnte",
					"pivot": [11.15866, 17.78337, 0.39111],
					"cubes": [
						{
							"origin": [9.20312, 16.07991, -2.34665],
							"size": [4.6933, 5.84249, 4.6933],
							"uv": {
								"north": {"uv": [26.5, 67], "uv_size": [-4.5, 6]},
								"east": {"uv": [42.5, 68], "uv_size": [-4.5, 6]},
								"south": {"uv": [69.5, 67], "uv_size": [-4.5, 6]},
								"west": {"uv": [31.5, 67], "uv_size": [-4.5, 6]},
								"up": {"uv": [74.5, 72], "uv_size": [-4.5, 4.5]},
								"down": {"uv": [19.5, 77.5], "uv_size": [-4.5, -4.5]}
							}
						}
					]
				},
				{
					"name": "leftRifllekongu",
					"parent": "leftAnte",
					"pivot": [11.15866, 15.82782, 0.39111],
					"cubes": [
						{
							"origin": [9.98534, 12.95104, -2.34665],
							"size": [3.91109, 3.12887, 4.6933],
							"uv": {
								"north": {"uv": [49, 37], "uv_size": [-4, 3]},
								"east": {"uv": [75.5, 63], "uv_size": [-4.5, 3]},
								"south": {"uv": [66, 55], "uv_size": [-4, 3]},
								"west": {"uv": [75.5, 11], "uv_size": [-4.5, 3]},
								"up": {"uv": [24, 73], "uv_size": [-4, 4.5]},
								"down": {"uv": [28, 77.5], "uv_size": [-4, -4.5]}
							}
						}
					]
				},
				{
					"name": "leftRifllekong",
					"parent": "leftAnte",
					"pivot": [11.15866, 16.61004, 0.39111],
					"cubes": [
						{
							"origin": [8.9841, 15.10571, -2.56567],
							"size": [5.13134, 5.44423, 5.13134],
							"uv": {
								"north": {"uv": [60, 66], "uv_size": [-5, 5.5]},
								"east": {"uv": [71, 61], "uv_size": [-5, 5.5]},
								"south": {"uv": [65, 66], "uv_size": [-5, 5.5]},
								"west": {"uv": [71, 55], "uv_size": [-5, 5.5]},
								"up": {"uv": [74, 43], "uv_size": [-5, 5]},
								"down": {"uv": [74, 53], "uv_size": [-5, -5]}
							}
						}
					]
				},
				{
					"name": "leftHand",
					"parent": "leftAnte",
					"pivot": [11.15866, 12.69896, 0.39111],
					"cubes": [
						{
							"origin": [10.54853, 7.88227, -2.56567],
							"size": [2.78469, 5.44423, 5.13134],
							"uv": {
								"north": {"uv": [31, 73], "uv_size": [-3, 5.5]},
								"east": {"uv": [22, 67], "uv_size": [-5, 5.5]},
								"south": {"uv": [34, 73], "uv_size": [-3, 5.5]},
								"west": {"uv": [72, 0], "uv_size": [-5, 5.5]},
								"up": {"uv": [37, 73], "uv_size": [-3, 5]},
								"down": {"uv": [46, 78], "uv_size": [-3, -5]}
							}
						}
					]
				},
				{
					"name": "Dedos2",
					"parent": "leftHand",
					"pivot": [12.14851, 7.46235, 0.39111],
					"rotation": [0, 0, 37.5],
					"cubes": [
						{
							"origin": [8.05407, 6.96319, -2.50654],
							"size": [4.27779, 2.2847, 5.01307],
							"uv": {
								"north": {"uv": [69.5, 73], "uv_size": [-4.5, 2.5]},
								"east": {"uv": [51, 73], "uv_size": [-5, 2.5]},
								"south": {"uv": [4.5, 74], "uv_size": [-4.5, 2.5]},
								"west": {"uv": [78, 24], "uv_size": [-5, 2.5]},
								"up": {"uv": [76.5, 0], "uv_size": [-4.5, 5]},
								"down": {"uv": [76.5, 42], "uv_size": [-4.5, -5]}
							}
						}
					]
				},
				{
					"name": "leftPhyton",
					"parent": "leftAnte",
					"pivot": [11.5884, 21.2454, 0]
				},
				{
					"name": "leftRifle2",
					"parent": "leftPhyton",
					"pivot": [11.15866, 17.78337, 0.39111],
					"cubes": [
						{
							"origin": [9.20312, 16.07991, -2.34665],
							"size": [4.6933, 5.84249, 4.6933],
							"uv": {
								"north": {"uv": [26.5, 67], "uv_size": [-4.5, 6]},
								"east": {"uv": [42.5, 68], "uv_size": [-4.5, 6]},
								"south": {"uv": [69.5, 67], "uv_size": [-4.5, 6]},
								"west": {"uv": [31.5, 67], "uv_size": [-4.5, 6]},
								"up": {"uv": [74.5, 72], "uv_size": [-4.5, 4.5]},
								"down": {"uv": [19.5, 77.5], "uv_size": [-4.5, -4.5]}
							}
						}
					]
				},
				{
					"name": "leftRifllekongu2",
					"parent": "leftPhyton",
					"pivot": [11.15866, 15.82782, 0.39111],
					"cubes": [
						{
							"origin": [9.98534, 12.95104, -2.34665],
							"size": [3.91109, 3.12887, 4.6933],
							"uv": {
								"north": {"uv": [49, 37], "uv_size": [-4, 3]},
								"east": {"uv": [75.5, 63], "uv_size": [-4.5, 3]},
								"south": {"uv": [66, 55], "uv_size": [-4, 3]},
								"west": {"uv": [75.5, 11], "uv_size": [-4.5, 3]},
								"up": {"uv": [24, 73], "uv_size": [-4, 4.5]},
								"down": {"uv": [28, 77.5], "uv_size": [-4, -4.5]}
							}
						}
					]
				},
				{
					"name": "leftRifllekong2",
					"parent": "leftPhyton",
					"pivot": [11.15866, 16.61004, 0.39111],
					"cubes": [
						{
							"origin": [8.9841, 15.10571, -2.56567],
							"size": [5.13134, 5.44423, 5.13134],
							"uv": {
								"north": {"uv": [60, 66], "uv_size": [-5, 5.5]},
								"east": {"uv": [71, 61], "uv_size": [-5, 5.5]},
								"south": {"uv": [65, 66], "uv_size": [-5, 5.5]},
								"west": {"uv": [71, 55], "uv_size": [-5, 5.5]},
								"up": {"uv": [74, 43], "uv_size": [-5, 5]},
								"down": {"uv": [74, 53], "uv_size": [-5, -5]}
							}
						}
					]
				},
				{
					"name": "leftPhyton2",
					"parent": "leftAnte",
					"pivot": [11.5884, 21.2454, 0]
				},
				{
					"name": "leftRifle3",
					"parent": "leftPhyton2",
					"pivot": [11.15866, 17.78337, 0.39111],
					"cubes": [
						{
							"origin": [9.20312, 16.07991, -2.34665],
							"size": [4.6933, 5.84249, 4.6933],
							"uv": {
								"north": {"uv": [26.5, 67], "uv_size": [-4.5, 6]},
								"east": {"uv": [42.5, 68], "uv_size": [-4.5, 6]},
								"south": {"uv": [69.5, 67], "uv_size": [-4.5, 6]},
								"west": {"uv": [31.5, 67], "uv_size": [-4.5, 6]},
								"up": {"uv": [74.5, 72], "uv_size": [-4.5, 4.5]},
								"down": {"uv": [19.5, 77.5], "uv_size": [-4.5, -4.5]}
							}
						}
					]
				},
				{
					"name": "leftRifllekongu3",
					"parent": "leftPhyton2",
					"pivot": [11.15866, 15.82782, 0.39111],
					"cubes": [
						{
							"origin": [9.98534, 12.95104, -2.34665],
							"size": [3.91109, 3.12887, 4.6933],
							"uv": {
								"north": {"uv": [49, 37], "uv_size": [-4, 3]},
								"east": {"uv": [75.5, 63], "uv_size": [-4.5, 3]},
								"south": {"uv": [66, 55], "uv_size": [-4, 3]},
								"west": {"uv": [75.5, 11], "uv_size": [-4.5, 3]},
								"up": {"uv": [24, 73], "uv_size": [-4, 4.5]},
								"down": {"uv": [28, 77.5], "uv_size": [-4, -4.5]}
							}
						}
					]
				},
				{
					"name": "leftRifllekong3",
					"parent": "leftPhyton2",
					"pivot": [11.15866, 16.61004, 0.39111],
					"cubes": [
						{
							"origin": [8.9841, 15.10571, -2.56567],
							"size": [5.13134, 5.44423, 5.13134],
							"uv": {
								"north": {"uv": [60, 66], "uv_size": [-5, 5.5]},
								"east": {"uv": [71, 61], "uv_size": [-5, 5.5]},
								"south": {"uv": [65, 66], "uv_size": [-5, 5.5]},
								"west": {"uv": [71, 55], "uv_size": [-5, 5.5]},
								"up": {"uv": [74, 43], "uv_size": [-5, 5]},
								"down": {"uv": [74, 53], "uv_size": [-5, -5]}
							}
						}
					]
				},
				{
					"name": "head",
					"parent": "body",
					"pivot": [0, 33, 0],
					"cubes": [
						{
							"origin": [-4, 33, -4],
							"size": [8, 8, 8],
							"uv": {
								"north": {"uv": [50, 58], "uv_size": [8, 8]},
								"east": {"uv": [58, 58], "uv_size": [8, 8]},
								"south": {"uv": [59, 0], "uv_size": [8, 8]},
								"west": {"uv": [17, 59], "uv_size": [8, 8]},
								"up": {"uv": [25, 59], "uv_size": [8, 8]},
								"down": {"uv": [62, 22], "uv_size": [8, -8]}
							}
						}
					]
				},
				{
					"name": "hat",
					"parent": "head",
					"pivot": [0, 33, 0]
				},
				{
					"name": "rightLeg",
					"parent": "root",
					"pivot": [-1.83483, 13.5198, 0],
					"cubes": [
						{
							"origin": [-4.73193, 0.0686, -1.9314],
							"size": [4.8285, 13.5198, 4.8285],
							"uv": {
								"north": {"uv": [52, 14], "uv_size": [5, 13.5]},
								"east": {"uv": [52, 44], "uv_size": [5, 13.5]},
								"south": {"uv": [40, 54], "uv_size": [5, 13.5]},
								"west": {"uv": [45, 54], "uv_size": [5, 13.5]},
								"up": {"uv": [5, 70], "uv_size": [5, 5]},
								"down": {"uv": [10, 75], "uv_size": [5, -5]}
							}
						}
					]
				},
				{
					"name": "leftLeg",
					"parent": "root",
					"pivot": [1.83483, 13.5198, 0],
					"cubes": [
						{
							"origin": [-0.09657, 0.0686, -1.9314],
							"size": [4.8285, 13.5198, 4.8285],
							"uv": {
								"north": {"uv": [7, 56], "uv_size": [5, 13.5]},
								"east": {"uv": [12, 56], "uv_size": [5, 13.5]},
								"south": {"uv": [57, 14], "uv_size": [5, 13.5]},
								"west": {"uv": [57, 44], "uv_size": [5, 13.5]},
								"up": {"uv": [70, 14], "uv_size": [5, 5]},
								"down": {"uv": [70, 33], "uv_size": [5, -5]}
							}
						}
					]
				}
			]
		}
	]
}