{
	"format_version": "1.12.0",
	"minecraft:geometry": [
		{
			"description": {
				"identifier": "geometry.g4",
				"texture_width": 256,
				"texture_height": 256,
				"visible_bounds_width": 5,
				"visible_bounds_height": 10,
				"visible_bounds_offset": [0, 3, 0]
			},
			"bones": [
				{
					"name": "root",
					"pivot": [0, 0, 0]
				},
				{
					"name": "waist",
					"parent": "root",
					"pivot": [0, 12, 0],
					"cubes": [
						{
							"origin": [-6.45, 11.8825, -3.87],
							"size": [12.9, 14.8, 7.74],
							"uv": {
								"north": {"uv": [76, 64], "uv_size": [13, 15]},
								"east": {"uv": [76, 79], "uv_size": [7.5, 15]},
								"south": {"uv": [77, 26], "uv_size": [13, 15]},
								"west": {"uv": [13, 83], "uv_size": [7.5, 15]},
								"up": {"uv": [21, 85], "uv_size": [13, 7.5]},
								"down": {"uv": [34, 92.5], "uv_size": [13, -7.5]}
							}
						}
					]
				},
				{
					"name": "body",
					"parent": "waist",
					"pivot": [0, 24.7, 0],
					"cubes": [
						{
							"origin": [-6.45, 30.8825, -3.87],
							"size": [12.9, 7.8, 7.74],
							"uv": {
								"north": {"uv": [83, 0], "uv_size": [13, 8]},
								"east": {"uv": [82, 97], "uv_size": [7.5, 8]},
								"south": {"uv": [84, 8], "uv_size": [13, 8]},
								"west": {"uv": [90, 97], "uv_size": [7.5, 8]},
								"up": {"uv": [84, 16], "uv_size": [13, 7.5]},
								"down": {"uv": [84, 86.5], "uv_size": [13, -7.5]}
							}
						},
						{
							"origin": [-8.03, 14.4625, -5.16],
							"size": [16.06, 22.93, 10.32],
							"uv": {
								"north": {"uv": [0, 36], "uv_size": [16, 23]},
								"east": {"uv": [54, 64], "uv_size": [10.5, 23]},
								"south": {"uv": [16, 40], "uv_size": [16, 23]},
								"west": {"uv": [65, 64], "uv_size": [10.5, 23]},
								"up": {"uv": [67, 0], "uv_size": [16, 10.5]},
								"down": {"uv": [77, 51.5], "uv_size": [16, -10.5]}
							}
						},
						{
							"origin": [-9.7457, 16.69445, -6.1404],
							"size": [19.4914, 19.4661, 12.2808],
							"uv": {
								"north": {"uv": [22, 0], "uv_size": [19.5, 19.5]},
								"east": {"uv": [0, 59], "uv_size": [12.5, 19.5]},
								"south": {"uv": [22, 20], "uv_size": [19.5, 19.5]},
								"west": {"uv": [13, 63], "uv_size": [12.5, 19.5]},
								"up": {"uv": [57, 38], "uv_size": [19.5, 12.5]},
								"down": {"uv": [64, 25.5], "uv_size": [19.5, -12.5]}
							}
						},
						{
							"origin": [-10.92773, 18.41666, -6.81584],
							"size": [21.85545, 17.31167, 13.63169],
							"uv": {
								"north": {"uv": [0, 0], "uv_size": [22, 17.5]},
								"east": {"uv": [26, 67], "uv_size": [13.5, 17.5]},
								"south": {"uv": [0, 18], "uv_size": [22, 17.5]},
								"west": {"uv": [40, 67], "uv_size": [13.5, 17.5]},
								"up": {"uv": [42, 13], "uv_size": [22, 13.5]},
								"down": {"uv": [32, 66.5], "uv_size": [22, -13.5]}
							}
						},
						{
							"origin": [-12.21773, 22.99666, -7.52584],
							"size": [24.43545, 10.44167, 13.05169],
							"uv": {
								"north": {"uv": [42, 27], "uv_size": [24.5, 10.5]},
								"east": {"uv": [0, 79], "uv_size": [13, 10.5]},
								"south": {"uv": [54, 53], "uv_size": [24.5, 10.5]},
								"west": {"uv": [79, 52], "uv_size": [13, 10.5]},
								"up": {"uv": [32, 40], "uv_size": [24.5, 13]},
								"down": {"uv": [42, 13], "uv_size": [24.5, -13]}
							}
						}
					]
				},
				{
					"name": "cape",
					"parent": "body",
					"pivot": [0, 33.96, 3.87]
				},
				{
					"name": "head",
					"parent": "body",
					"pivot": [0, 38, 0],
					"cubes": [
						{
							"origin": [-4, 38, -4],
							"size": [8, 8, 8],
							"uv": {
								"north": {"uv": [93, 34], "uv_size": [8, 8]},
								"east": {"uv": [35, 93], "uv_size": [8, 8]},
								"south": {"uv": [93, 42], "uv_size": [8, 8]},
								"west": {"uv": [74, 94], "uv_size": [8, 8]},
								"up": {"uv": [96, 0], "uv_size": [8, 8]},
								"down": {"uv": [43, 104], "uv_size": [8, -8]}
							}
						}
					]
				},
				{
					"name": "hat",
					"parent": "head",
					"pivot": [0, 38, 0]
				},
				{
					"name": "rightArm",
					"parent": "body",
					"pivot": [-13, 32, 0],
					"cubes": [
						{
							"origin": [-19, 23, -3],
							"size": [7, 10, 7],
							"uv": {
								"north": {"uv": [84, 87], "uv_size": [7, 10]},
								"east": {"uv": [89, 63], "uv_size": [7, 10]},
								"south": {"uv": [0, 90], "uv_size": [7, 10]},
								"west": {"uv": [90, 24], "uv_size": [7, 10]},
								"up": {"uv": [32, 117], "uv_size": [7, 7]},
								"down": {"uv": [117, 123], "uv_size": [7, -7]}
							}
						},
						{
							"origin": [-20, 29, -4],
							"size": [9, 7, 9],
							"uv": {
								"north": {"uv": [51, 96], "uv_size": [9, 7]},
								"east": {"uv": [60, 96], "uv_size": [9, 7]},
								"south": {"uv": [96, 62], "uv_size": [9, 7]},
								"west": {"uv": [96, 69], "uv_size": [9, 7]},
								"up": {"uv": [67, 26], "uv_size": [9, 9]},
								"down": {"uv": [47, 96], "uv_size": [9, -9]}
							}
						},
						{
							"origin": [-18.685, 30.245, -2.685],
							"size": [6.37, 6.51, 6.37],
							"uv": {
								"north": {"uv": [124, 116], "uv_size": [6.5, 6.5]},
								"east": {"uv": [61, 125], "uv_size": [6.5, 6.5]},
								"south": {"uv": [125, 103], "uv_size": [6.5, 6.5]},
								"west": {"uv": [7, 126], "uv_size": [6.5, 6.5]},
								"up": {"uv": [14, 126], "uv_size": [6.5, 6.5]},
								"down": {"uv": [38, 132.5], "uv_size": [6.5, -6.5]}
							}
						}
					]
				},
				{
					"name": "rightAnte",
					"parent": "rightArm",
					"pivot": [-15.5, 22.5, 0.5]
				},
				{
					"name": "rightRifle",
					"parent": "rightAnte",
					"pivot": [-15.5, 20.5, 0.5],
					"cubes": [
						{
							"origin": [-19, 18, -3],
							"size": [7, 5, 7],
							"uv": {
								"north": {"uv": [89, 73], "uv_size": [7, 5]},
								"east": {"uv": [0, 100], "uv_size": [7, 5]},
								"south": {"uv": [8, 106], "uv_size": [7, 5]},
								"west": {"uv": [24, 111], "uv_size": [7, 5]},
								"up": {"uv": [59, 118], "uv_size": [7, 7]},
								"down": {"uv": [66, 125], "uv_size": [7, -7]}
							}
						}
					]
				},
				{
					"name": "rightRifllekongu",
					"parent": "rightAnte",
					"pivot": [-15.5, 18, 0.5],
					"cubes": [
						{
							"origin": [-19, 14, -3],
							"size": [7, 4, 7],
							"uv": {
								"north": {"uv": [105, 135], "uv_size": [7, 4]},
								"east": {"uv": [112, 135], "uv_size": [7, 4]},
								"south": {"uv": [119, 135], "uv_size": [7, 4]},
								"west": {"uv": [126, 135], "uv_size": [7, 4]},
								"up": {"uv": [8, 119], "uv_size": [7, 7]},
								"down": {"uv": [15, 126], "uv_size": [7, -7]}
							}
						}
					]
				},
				{
					"name": "rightRifllekong",
					"parent": "rightAnte",
					"pivot": [-15.5, 19, 0.5],
					"cubes": [
						{
							"origin": [-19.28, 15.52, -3.28],
							"size": [7.56, 6.96, 7.56],
							"uv": {
								"north": {"uv": [59, 111], "uv_size": [7.5, 7]},
								"east": {"uv": [112, 0], "uv_size": [7.5, 7]},
								"south": {"uv": [39, 112], "uv_size": [7.5, 7]},
								"west": {"uv": [113, 53], "uv_size": [7.5, 7]},
								"up": {"uv": [7, 98], "uv_size": [7.5, 7.5]},
								"down": {"uv": [98, 90.5], "uv_size": [7.5, -7.5]}
							}
						}
					]
				},
				{
					"name": "rightHand",
					"parent": "rightAnte",
					"pivot": [-15.5, 14, 0.5],
					"cubes": [
						{
							"origin": [-19.28, 7.52, -3.28],
							"size": [7.56, 6.96, 7.56],
							"uv": {
								"north": {"uv": [123, 42], "uv_size": [7.5, 5]},
								"east": {"uv": [125, 110], "uv_size": [7.5, 5]},
								"south": {"uv": [128, 47], "uv_size": [7.5, 5]},
								"west": {"uv": [128, 52], "uv_size": [7.5, 5]},
								"up": {"uv": [98, 91], "uv_size": [7.5, 7.5]},
								"down": {"uv": [99, 57.5], "uv_size": [7.5, -7.5]}
							}
						}
					]
				},
				{
					"name": "Dedos",
					"parent": "rightHand",
					"pivot": [-19, 8.54, 0.5],
					"cubes": [
						{
							"origin": [-19.2344, 7.5796, -3.2044],
							"size": [5.4688, 1.9208, 7.4088],
							"uv": {
								"north": {"uv": [42, 38], "uv_size": [7.5, 2]},
								"east": {"uv": [57, 51], "uv_size": [7.5, 2]},
								"south": {"uv": [65, 51], "uv_size": [7.5, 2]},
								"west": {"uv": [67, 11], "uv_size": [7.5, 2]},
								"up": {"uv": [98, 99], "uv_size": [7.5, 7.5]},
								"down": {"uv": [101, 36.5], "uv_size": [7.5, -7.5]}
							}
						}
					]
				},
				{
					"name": "rightOrgan1",
					"parent": "rightAnte",
					"pivot": [-15.5, 22.5, 0.5]
				},
				{
					"name": "rightRifle2",
					"parent": "rightOrgan1",
					"pivot": [-15.5, 20.5, 0.5],
					"cubes": [
						{
							"origin": [-19, 18, -3],
							"size": [7, 5, 7],
							"uv": {
								"north": {"uv": [89, 73], "uv_size": [7, 5]},
								"east": {"uv": [0, 100], "uv_size": [7, 5]},
								"south": {"uv": [8, 106], "uv_size": [7, 5]},
								"west": {"uv": [24, 111], "uv_size": [7, 5]},
								"up": {"uv": [59, 118], "uv_size": [7, 7]},
								"down": {"uv": [66, 125], "uv_size": [7, -7]}
							}
						}
					]
				},
				{
					"name": "rightRifllekongu2",
					"parent": "rightOrgan1",
					"pivot": [-15.5, 18, 0.5],
					"cubes": [
						{
							"origin": [-19, 14, -3],
							"size": [7, 4, 7],
							"uv": {
								"north": {"uv": [105, 135], "uv_size": [7, 4]},
								"east": {"uv": [112, 135], "uv_size": [7, 4]},
								"south": {"uv": [119, 135], "uv_size": [7, 4]},
								"west": {"uv": [126, 135], "uv_size": [7, 4]},
								"up": {"uv": [8, 119], "uv_size": [7, 7]},
								"down": {"uv": [15, 126], "uv_size": [7, -7]}
							}
						}
					]
				},
				{
					"name": "rightRifllekong2",
					"parent": "rightOrgan1",
					"pivot": [-15.5, 19, 0.5],
					"cubes": [
						{
							"origin": [-19.28, 15.52, -3.28],
							"size": [7.56, 6.96, 7.56],
							"uv": {
								"north": {"uv": [59, 111], "uv_size": [7.5, 7]},
								"east": {"uv": [112, 0], "uv_size": [7.5, 7]},
								"south": {"uv": [39, 112], "uv_size": [7.5, 7]},
								"west": {"uv": [113, 53], "uv_size": [7.5, 7]},
								"up": {"uv": [7, 98], "uv_size": [7.5, 7.5]},
								"down": {"uv": [98, 90.5], "uv_size": [7.5, -7.5]}
							}
						}
					]
				},
				{
					"name": "rightHand2",
					"parent": "rightOrgan1",
					"pivot": [-15.5, 14, 0.5],
					"cubes": [
						{
							"origin": [-19.28, 7.52, -3.28],
							"size": [7.56, 6.96, 7.56],
							"uv": {
								"north": {"uv": [123, 42], "uv_size": [7.5, 5]},
								"east": {"uv": [125, 110], "uv_size": [7.5, 5]},
								"south": {"uv": [128, 47], "uv_size": [7.5, 5]},
								"west": {"uv": [128, 52], "uv_size": [7.5, 5]},
								"up": {"uv": [98, 91], "uv_size": [7.5, 7.5]},
								"down": {"uv": [99, 57.5], "uv_size": [7.5, -7.5]}
							}
						}
					]
				},
				{
					"name": "Dedos2",
					"parent": "rightHand2",
					"pivot": [-19, 8.54, 0.5],
					"cubes": [
						{
							"origin": [-19.2344, 7.5796, -3.2044],
							"size": [5.4688, 1.9208, 7.4088],
							"uv": {
								"north": {"uv": [42, 38], "uv_size": [7.5, 2]},
								"east": {"uv": [57, 51], "uv_size": [7.5, 2]},
								"south": {"uv": [65, 51], "uv_size": [7.5, 2]},
								"west": {"uv": [67, 11], "uv_size": [7.5, 2]},
								"up": {"uv": [98, 99], "uv_size": [7.5, 7.5]},
								"down": {"uv": [101, 36.5], "uv_size": [7.5, -7.5]}
							}
						}
					]
				},
				{
					"name": "rightOrgan2",
					"parent": "rightAnte",
					"pivot": [-15.5, 22.5, 0.5]
				},
				{
					"name": "rightRifle3",
					"parent": "rightOrgan2",
					"pivot": [-15.5, 20.5, 0.5],
					"cubes": [
						{
							"origin": [-19, 18, -3],
							"size": [7, 5, 7],
							"uv": {
								"north": {"uv": [89, 73], "uv_size": [7, 5]},
								"east": {"uv": [0, 100], "uv_size": [7, 5]},
								"south": {"uv": [8, 106], "uv_size": [7, 5]},
								"west": {"uv": [24, 111], "uv_size": [7, 5]},
								"up": {"uv": [59, 118], "uv_size": [7, 7]},
								"down": {"uv": [66, 125], "uv_size": [7, -7]}
							}
						}
					]
				},
				{
					"name": "rightRifllekongu3",
					"parent": "rightOrgan2",
					"pivot": [-15.5, 18, 0.5],
					"cubes": [
						{
							"origin": [-19, 14, -3],
							"size": [7, 4, 7],
							"uv": {
								"north": {"uv": [105, 135], "uv_size": [7, 4]},
								"east": {"uv": [112, 135], "uv_size": [7, 4]},
								"south": {"uv": [119, 135], "uv_size": [7, 4]},
								"west": {"uv": [126, 135], "uv_size": [7, 4]},
								"up": {"uv": [8, 119], "uv_size": [7, 7]},
								"down": {"uv": [15, 126], "uv_size": [7, -7]}
							}
						}
					]
				},
				{
					"name": "rightRifllekong3",
					"parent": "rightOrgan2",
					"pivot": [-15.5, 19, 0.5],
					"cubes": [
						{
							"origin": [-19.28, 15.52, -3.28],
							"size": [7.56, 6.96, 7.56],
							"uv": {
								"north": {"uv": [59, 111], "uv_size": [7.5, 7]},
								"east": {"uv": [112, 0], "uv_size": [7.5, 7]},
								"south": {"uv": [39, 112], "uv_size": [7.5, 7]},
								"west": {"uv": [113, 53], "uv_size": [7.5, 7]},
								"up": {"uv": [7, 98], "uv_size": [7.5, 7.5]},
								"down": {"uv": [98, 90.5], "uv_size": [7.5, -7.5]}
							}
						}
					]
				},
				{
					"name": "rightHand3",
					"parent": "rightOrgan2",
					"pivot": [-15.5, 14, 0.5],
					"cubes": [
						{
							"origin": [-19.28, 7.52, -3.28],
							"size": [7.56, 6.96, 7.56],
							"uv": {
								"north": {"uv": [123, 42], "uv_size": [7.5, 5]},
								"east": {"uv": [125, 110], "uv_size": [7.5, 5]},
								"south": {"uv": [128, 47], "uv_size": [7.5, 5]},
								"west": {"uv": [128, 52], "uv_size": [7.5, 5]},
								"up": {"uv": [98, 91], "uv_size": [7.5, 7.5]},
								"down": {"uv": [99, 57.5], "uv_size": [7.5, -7.5]}
							}
						}
					]
				},
				{
					"name": "Dedos3",
					"parent": "rightHand3",
					"pivot": [-19, 8.54, 0.5],
					"cubes": [
						{
							"origin": [-19.2344, 7.5796, -3.2044],
							"size": [5.4688, 1.9208, 7.4088],
							"uv": {
								"north": {"uv": [42, 38], "uv_size": [7.5, 2]},
								"east": {"uv": [57, 51], "uv_size": [7.5, 2]},
								"south": {"uv": [65, 51], "uv_size": [7.5, 2]},
								"west": {"uv": [67, 11], "uv_size": [7.5, 2]},
								"up": {"uv": [98, 99], "uv_size": [7.5, 7.5]},
								"down": {"uv": [101, 36.5], "uv_size": [7.5, -7.5]}
							}
						}
					]
				},
				{
					"name": "leftArm",
					"parent": "body",
					"pivot": [13, 32, 0],
					"cubes": [
						{
							"origin": [12, 23, -3],
							"size": [7, 10, 7],
							"uv": {
								"north": {"uv": [91, 87], "uv_size": [-7, 10]},
								"east": {"uv": [97, 24], "uv_size": [-7, 10]},
								"south": {"uv": [7, 90], "uv_size": [-7, 10]},
								"west": {"uv": [96, 63], "uv_size": [-7, 10]},
								"up": {"uv": [39, 117], "uv_size": [-7, 7]},
								"down": {"uv": [124, 123], "uv_size": [-7, -7]}
							}
						},
						{
							"origin": [11, 29, -4],
							"size": [9, 7, 9],
							"uv": {
								"north": {"uv": [60, 96], "uv_size": [-9, 7]},
								"east": {"uv": [105, 69], "uv_size": [-9, 7]},
								"south": {"uv": [105, 62], "uv_size": [-9, 7]},
								"west": {"uv": [69, 96], "uv_size": [-9, 7]},
								"up": {"uv": [76, 26], "uv_size": [-9, 9]},
								"down": {"uv": [56, 96], "uv_size": [-9, -9]}
							}
						},
						{
							"origin": [12.315, 30.245, -2.685],
							"size": [6.37, 6.51, 6.37],
							"uv": {
								"north": {"uv": [130.5, 116], "uv_size": [-6.5, 6.5]},
								"east": {"uv": [13.5, 126], "uv_size": [-6.5, 6.5]},
								"south": {"uv": [131.5, 103], "uv_size": [-6.5, 6.5]},
								"west": {"uv": [67.5, 125], "uv_size": [-6.5, 6.5]},
								"up": {"uv": [20.5, 126], "uv_size": [-6.5, 6.5]},
								"down": {"uv": [44.5, 132.5], "uv_size": [-6.5, -6.5]}
							}
						}
					]
				},
				{
					"name": "leftAnte",
					"parent": "leftArm",
					"pivot": [15.5, 22.5, 0.5]
				},
				{
					"name": "leftRifle",
					"parent": "leftAnte",
					"pivot": [15.5, 20.5, 0.5],
					"cubes": [
						{
							"origin": [12, 18, -3],
							"size": [7, 5, 7],
							"uv": {
								"north": {"uv": [96, 73], "uv_size": [-7, 5]},
								"east": {"uv": [31, 111], "uv_size": [-7, 5]},
								"south": {"uv": [15, 106], "uv_size": [-7, 5]},
								"west": {"uv": [7, 100], "uv_size": [-7, 5]},
								"up": {"uv": [66, 118], "uv_size": [-7, 7]},
								"down": {"uv": [73, 125], "uv_size": [-7, -7]}
							}
						}
					]
				},
				{
					"name": "leftRifllekongu",
					"parent": "leftAnte",
					"pivot": [15.5, 18, 0.5],
					"cubes": [
						{
							"origin": [12, 14, -3],
							"size": [7, 4, 7],
							"uv": {
								"north": {"uv": [112, 135], "uv_size": [-7, 4]},
								"east": {"uv": [133, 135], "uv_size": [-7, 4]},
								"south": {"uv": [126, 135], "uv_size": [-7, 4]},
								"west": {"uv": [119, 135], "uv_size": [-7, 4]},
								"up": {"uv": [15, 119], "uv_size": [-7, 7]},
								"down": {"uv": [22, 126], "uv_size": [-7, -7]}
							}
						}
					]
				},
				{
					"name": "leftRifllekong",
					"parent": "leftAnte",
					"pivot": [15.5, 19, 0.5],
					"cubes": [
						{
							"origin": [11.72, 15.52, -3.28],
							"size": [7.56, 6.96, 7.56],
							"uv": {
								"north": {"uv": [66.5, 111], "uv_size": [-7.5, 7]},
								"east": {"uv": [120.5, 53], "uv_size": [-7.5, 7]},
								"south": {"uv": [46.5, 112], "uv_size": [-7.5, 7]},
								"west": {"uv": [119.5, 0], "uv_size": [-7.5, 7]},
								"up": {"uv": [14.5, 98], "uv_size": [-7.5, 7.5]},
								"down": {"uv": [105.5, 90.5], "uv_size": [-7.5, -7.5]}
							}
						}
					]
				},
				{
					"name": "leftHand",
					"parent": "leftAnte",
					"pivot": [15.5, 14, 0.5],
					"cubes": [
						{
							"origin": [11.72, 7.52, -3.28],
							"size": [7.56, 6.96, 7.56],
							"uv": {
								"north": {"uv": [130.5, 42], "uv_size": [-7.5, 5]},
								"east": {"uv": [135.5, 52], "uv_size": [-7.5, 5]},
								"south": {"uv": [135.5, 47], "uv_size": [-7.5, 5]},
								"west": {"uv": [132.5, 110], "uv_size": [-7.5, 5]},
								"up": {"uv": [105.5, 91], "uv_size": [-7.5, 7.5]},
								"down": {"uv": [106.5, 57.5], "uv_size": [-7.5, -7.5]}
							}
						}
					]
				},
				{
					"name": "Dedos4",
					"parent": "leftHand",
					"pivot": [19, 8.54, 0.5],
					"cubes": [
						{
							"origin": [13.7656, 7.5796, -3.2044],
							"size": [5.4688, 1.9208, 7.4088],
							"uv": {
								"north": {"uv": [49.5, 38], "uv_size": [-7.5, 2]},
								"east": {"uv": [74.5, 11], "uv_size": [-7.5, 2]},
								"south": {"uv": [72.5, 51], "uv_size": [-7.5, 2]},
								"west": {"uv": [64.5, 51], "uv_size": [-7.5, 2]},
								"up": {"uv": [105.5, 99], "uv_size": [-7.5, 7.5]},
								"down": {"uv": [108.5, 36.5], "uv_size": [-7.5, -7.5]}
							}
						}
					]
				},
				{
					"name": "leftOrgan1",
					"parent": "leftAnte",
					"pivot": [15.5, 22.5, 0.5]
				},
				{
					"name": "leftRifle2",
					"parent": "leftOrgan1",
					"pivot": [15.5, 20.5, 0.5],
					"cubes": [
						{
							"origin": [12, 18, -3],
							"size": [7, 5, 7],
							"uv": {
								"north": {"uv": [96, 73], "uv_size": [-7, 5]},
								"east": {"uv": [31, 111], "uv_size": [-7, 5]},
								"south": {"uv": [15, 106], "uv_size": [-7, 5]},
								"west": {"uv": [7, 100], "uv_size": [-7, 5]},
								"up": {"uv": [66, 118], "uv_size": [-7, 7]},
								"down": {"uv": [73, 125], "uv_size": [-7, -7]}
							}
						}
					]
				},
				{
					"name": "leftRifllekongu2",
					"parent": "leftOrgan1",
					"pivot": [15.5, 18, 0.5],
					"cubes": [
						{
							"origin": [12, 14, -3],
							"size": [7, 4, 7],
							"uv": {
								"north": {"uv": [112, 135], "uv_size": [-7, 4]},
								"east": {"uv": [133, 135], "uv_size": [-7, 4]},
								"south": {"uv": [126, 135], "uv_size": [-7, 4]},
								"west": {"uv": [119, 135], "uv_size": [-7, 4]},
								"up": {"uv": [15, 119], "uv_size": [-7, 7]},
								"down": {"uv": [22, 126], "uv_size": [-7, -7]}
							}
						}
					]
				},
				{
					"name": "leftRifllekong2",
					"parent": "leftOrgan1",
					"pivot": [15.5, 19, 0.5],
					"cubes": [
						{
							"origin": [11.72, 15.52, -3.28],
							"size": [7.56, 6.96, 7.56],
							"uv": {
								"north": {"uv": [66.5, 111], "uv_size": [-7.5, 7]},
								"east": {"uv": [120.5, 53], "uv_size": [-7.5, 7]},
								"south": {"uv": [46.5, 112], "uv_size": [-7.5, 7]},
								"west": {"uv": [119.5, 0], "uv_size": [-7.5, 7]},
								"up": {"uv": [14.5, 98], "uv_size": [-7.5, 7.5]},
								"down": {"uv": [105.5, 90.5], "uv_size": [-7.5, -7.5]}
							}
						}
					]
				},
				{
					"name": "leftHand2",
					"parent": "leftOrgan1",
					"pivot": [15.5, 14, 0.5],
					"cubes": [
						{
							"origin": [11.72, 7.52, -3.28],
							"size": [7.56, 6.96, 7.56],
							"uv": {
								"north": {"uv": [130.5, 42], "uv_size": [-7.5, 5]},
								"east": {"uv": [135.5, 52], "uv_size": [-7.5, 5]},
								"south": {"uv": [135.5, 47], "uv_size": [-7.5, 5]},
								"west": {"uv": [132.5, 110], "uv_size": [-7.5, 5]},
								"up": {"uv": [105.5, 91], "uv_size": [-7.5, 7.5]},
								"down": {"uv": [106.5, 57.5], "uv_size": [-7.5, -7.5]}
							}
						}
					]
				},
				{
					"name": "Dedos5",
					"parent": "leftHand2",
					"pivot": [19, 8.54, 0.5],
					"cubes": [
						{
							"origin": [13.7656, 7.5796, -3.2044],
							"size": [5.4688, 1.9208, 7.4088],
							"uv": {
								"north": {"uv": [49.5, 38], "uv_size": [-7.5, 2]},
								"east": {"uv": [74.5, 11], "uv_size": [-7.5, 2]},
								"south": {"uv": [72.5, 51], "uv_size": [-7.5, 2]},
								"west": {"uv": [64.5, 51], "uv_size": [-7.5, 2]},
								"up": {"uv": [105.5, 99], "uv_size": [-7.5, 7.5]},
								"down": {"uv": [108.5, 36.5], "uv_size": [-7.5, -7.5]}
							}
						}
					]
				},
				{
					"name": "leftOrgan2",
					"parent": "leftAnte",
					"pivot": [15.5, 22.5, 0.5]
				},
				{
					"name": "leftRifle3",
					"parent": "leftOrgan2",
					"pivot": [15.5, 20.5, 0.5],
					"cubes": [
						{
							"origin": [12, 18, -3],
							"size": [7, 5, 7],
							"uv": {
								"north": {"uv": [96, 73], "uv_size": [-7, 5]},
								"east": {"uv": [31, 111], "uv_size": [-7, 5]},
								"south": {"uv": [15, 106], "uv_size": [-7, 5]},
								"west": {"uv": [7, 100], "uv_size": [-7, 5]},
								"up": {"uv": [66, 118], "uv_size": [-7, 7]},
								"down": {"uv": [73, 125], "uv_size": [-7, -7]}
							}
						}
					]
				},
				{
					"name": "leftRifllekongu3",
					"parent": "leftOrgan2",
					"pivot": [15.5, 18, 0.5],
					"cubes": [
						{
							"origin": [12, 14, -3],
							"size": [7, 4, 7],
							"uv": {
								"north": {"uv": [112, 135], "uv_size": [-7, 4]},
								"east": {"uv": [133, 135], "uv_size": [-7, 4]},
								"south": {"uv": [126, 135], "uv_size": [-7, 4]},
								"west": {"uv": [119, 135], "uv_size": [-7, 4]},
								"up": {"uv": [15, 119], "uv_size": [-7, 7]},
								"down": {"uv": [22, 126], "uv_size": [-7, -7]}
							}
						}
					]
				},
				{
					"name": "leftRifllekong3",
					"parent": "leftOrgan2",
					"pivot": [15.5, 19, 0.5],
					"cubes": [
						{
							"origin": [11.72, 15.52, -3.28],
							"size": [7.56, 6.96, 7.56],
							"uv": {
								"north": {"uv": [66.5, 111], "uv_size": [-7.5, 7]},
								"east": {"uv": [120.5, 53], "uv_size": [-7.5, 7]},
								"south": {"uv": [46.5, 112], "uv_size": [-7.5, 7]},
								"west": {"uv": [119.5, 0], "uv_size": [-7.5, 7]},
								"up": {"uv": [14.5, 98], "uv_size": [-7.5, 7.5]},
								"down": {"uv": [105.5, 90.5], "uv_size": [-7.5, -7.5]}
							}
						}
					]
				},
				{
					"name": "leftHand3",
					"parent": "leftOrgan2",
					"pivot": [15.5, 14, 0.5],
					"cubes": [
						{
							"origin": [11.72, 7.52, -3.28],
							"size": [7.56, 6.96, 7.56],
							"uv": {
								"north": {"uv": [130.5, 42], "uv_size": [-7.5, 5]},
								"east": {"uv": [135.5, 52], "uv_size": [-7.5, 5]},
								"south": {"uv": [135.5, 47], "uv_size": [-7.5, 5]},
								"west": {"uv": [132.5, 110], "uv_size": [-7.5, 5]},
								"up": {"uv": [105.5, 91], "uv_size": [-7.5, 7.5]},
								"down": {"uv": [106.5, 57.5], "uv_size": [-7.5, -7.5]}
							}
						}
					]
				},
				{
					"name": "Dedos6",
					"parent": "leftHand3",
					"pivot": [19, 8.54, 0.5],
					"cubes": [
						{
							"origin": [13.7656, 7.5796, -3.2044],
							"size": [5.4688, 1.9208, 7.4088],
							"uv": {
								"north": {"uv": [49.5, 38], "uv_size": [-7.5, 2]},
								"east": {"uv": [74.5, 11], "uv_size": [-7.5, 2]},
								"south": {"uv": [72.5, 51], "uv_size": [-7.5, 2]},
								"west": {"uv": [64.5, 51], "uv_size": [-7.5, 2]},
								"up": {"uv": [105.5, 99], "uv_size": [-7.5, 7.5]},
								"down": {"uv": [108.5, 36.5], "uv_size": [-7.5, -7.5]}
							}
						}
					]
				},
				{
					"name": "rightLeg",
					"parent": "root",
					"pivot": [-1.9, 12, 0],
					"cubes": [
						{
							"origin": [-3.9, 0, -2],
							"size": [4, 12, 4],
							"uv": {
								"north": {"uv": [53, 119], "uv_size": [4, 12]},
								"east": {"uv": [94, 122], "uv_size": [4, 12]},
								"south": {"uv": [22, 124], "uv_size": [4, 12]},
								"west": {"uv": [26, 124], "uv_size": [4, 12]},
								"up": {"uv": [16, 36], "uv_size": [4, 4]},
								"down": {"uv": [26, 67], "uv_size": [4, -4]}
							}
						}
					]
				},
				{
					"name": "leftLeg",
					"parent": "root",
					"pivot": [1.9, 12, 0],
					"cubes": [
						{
							"origin": [-0.1, 0, -2],
							"size": [4, 12, 4],
							"uv": {
								"north": {"uv": [30, 124], "uv_size": [4, 12]},
								"east": {"uv": [34, 124], "uv_size": [4, 12]},
								"south": {"uv": [125, 21], "uv_size": [4, 12]},
								"west": {"uv": [57, 125], "uv_size": [4, 12]},
								"up": {"uv": [15, 98], "uv_size": [4, 4]},
								"down": {"uv": [99, 62], "uv_size": [4, -4]}
							}
						}
					]
				}
			]
		}
	]
}





























