{
	"format_version": "1.12.0",
	"minecraft:geometry": [
		{
			"description": {
				"identifier": "geometry.gear4_2",
				"texture_width": 64,
				"texture_height": 64,
				"visible_bounds_width": 5,
				"visible_bounds_height": 10,
				"visible_bounds_offset": [0, 3, 0]
			},
			"bones": [
				{
					"name": "root",
					"pivot": [0, 0, 0]
				},
				{
					"name": "waist",
					"parent": "root",
					"pivot": [0, 12, 0],
					"cubes": [
						{
							"origin": [-6.45, 11.8825, -3.87],
							"size": [12.9, 14.8, 7.74],
							"uv": {
								"north": {"uv": [28, 20], "uv_size": [-8, 12]},
								"east": {"uv": [20, 20], "uv_size": [-4, 12]},
								"south": {"uv": [40, 20], "uv_size": [-8, 12]},
								"west": {"uv": [32, 20], "uv_size": [-4, 12]},
								"up": {"uv": [16, 8], "uv_size": [8, -8]},
								"down": {"uv": [28, 20], "uv_size": [8, -4]}
							}
						}
					]
				},
				{
					"name": "body",
					"parent": "waist",
					"pivot": [0, 24.7, 0],
					"cubes": [
						{
							"origin": [-6.3855, 30.87609, -3.8363],
							"size": [12.771, 7.722, 7.6626],
							"uv": {
								"north": {"uv": [24, 0], "uv_size": [-8, 1]},
								"east": {"uv": [24, 0], "uv_size": [-8, 1]},
								"south": {"uv": [24, 0], "uv_size": [-8, 1]},
								"west": {"uv": [24, 0], "uv_size": [-8, 1]},
								"up": {"uv": [16, 1], "uv_size": [8, -1]},
								"down": {"uv": [16, 1], "uv_size": [8, -1]}
							}
						},
						{
							"origin": [-7.9497, 14.62029, -5.1134],
							"size": [15.8994, 22.7007, 10.2168],
							"uv": {
								"north": {"uv": [24, 0], "uv_size": [-8, 1]},
								"east": {"uv": [24, 0], "uv_size": [-8, 1]},
								"south": {"uv": [24, 0], "uv_size": [-8, 1]},
								"west": {"uv": [24, 0], "uv_size": [-8, 1]},
								"up": {"uv": [16, 1], "uv_size": [8, -1]},
								"down": {"uv": [16, 1], "uv_size": [8, -1]}
							}
						},
						{
							"origin": [-9.64824, 16.82992, -6.084],
							"size": [19.29649, 19.27144, 12.15799],
							"uv": {
								"north": {"uv": [24, 0], "uv_size": [-8, 1]},
								"east": {"uv": [24, 0], "uv_size": [-8, 1]},
								"south": {"uv": [24, 0], "uv_size": [-8, 1]},
								"west": {"uv": [24, 0], "uv_size": [-8, 1]},
								"up": {"uv": [16, 1], "uv_size": [8, -1]},
								"down": {"uv": [16, 1], "uv_size": [8, -1]}
							}
						},
						{
							"origin": [-10.81845, 18.53491, -6.75268],
							"size": [21.6369, 17.13855, 13.49537],
							"uv": {
								"north": {"uv": [24, 0], "uv_size": [-8, 1]},
								"east": {"uv": [24, 0], "uv_size": [-8, 1]},
								"south": {"uv": [24, 0], "uv_size": [-8, 1]},
								"west": {"uv": [24, 0], "uv_size": [-8, 1]},
								"up": {"uv": [16, 1], "uv_size": [8, -1]},
								"down": {"uv": [16, 1], "uv_size": [8, -1]}
							}
						},
						{
							"origin": [-12.09555, 23.06911, -7.45558],
							"size": [24.1911, 10.33725, 12.92117],
							"uv": {
								"north": {"uv": [24, 0], "uv_size": [-8, 1]},
								"east": {"uv": [24, 0], "uv_size": [-8, 1]},
								"south": {"uv": [24, 0], "uv_size": [-8, 1]},
								"west": {"uv": [24, 0], "uv_size": [-8, 1]},
								"up": {"uv": [16, 1], "uv_size": [8, -1]},
								"down": {"uv": [16, 1], "uv_size": [8, -1]}
							}
						},
						{
							"origin": [-0.99, 24.75541, -0.995],
							"size": [1.98, 1.98, 1.98],
							"uv": {
								"north": {"uv": [24, 0], "uv_size": [-8, 1]},
								"east": {"uv": [24, 0], "uv_size": [-8, 1]},
								"south": {"uv": [24, 0], "uv_size": [-8, 1]},
								"west": {"uv": [24, 0], "uv_size": [-8, 1]},
								"up": {"uv": [16, 1], "uv_size": [8, -1]},
								"down": {"uv": [16, 1], "uv_size": [8, -1]}
							}
						}
					]
				},
				{
					"name": "cape",
					"parent": "body",
					"pivot": [0, 33.6204, 3.8313]
				},
				{
					"name": "head",
					"parent": "body",
					"pivot": [0, 38, 0],
					"cubes": [
						{
							"origin": [-4, 38, -4],
							"size": [8, 8, 8],
							"uv": {
								"north": {"uv": [8, 8], "uv_size": [8, 8]},
								"east": {"uv": [0, 8], "uv_size": [8, 8]},
								"south": {"uv": [24, 8], "uv_size": [8, 8]},
								"west": {"uv": [16, 8], "uv_size": [8, 8]},
								"up": {"uv": [8, 0], "uv_size": [8, 8]},
								"down": {"uv": [16, 8], "uv_size": [8, -8]}
							}
						}
					]
				},
				{
					"name": "hat",
					"parent": "head",
					"pivot": [0, 38, 0]
				},
				{
					"name": "rightLeg",
					"parent": "root",
					"pivot": [-1.9, 12, 0],
					"cubes": [
						{
							"origin": [-4.02, 5.64, -2.12],
							"size": [4.24, 6.72, 4.24],
							"uv": {
								"north": {"uv": [20, 52], "uv_size": [4, 6]},
								"east": {"uv": [16, 52], "uv_size": [4, 6]},
								"south": {"uv": [28, 52], "uv_size": [4, 6]},
								"west": {"uv": [24, 52], "uv_size": [4, 6]},
								"up": {"uv": [20, 48], "uv_size": [4, 4]},
								"down": {"uv": [20, 52], "uv_size": [4, -4]}
							}
						}
					]
				},
				{
					"name": "leftLeg",
					"parent": "root",
					"pivot": [1.9, 12, 0],
					"cubes": [
						{
							"origin": [-0.22, 5.64, -2.12],
							"size": [4.24, 6.72, 4.24],
							"uv": {
								"north": {"uv": [24, 52], "uv_size": [-4, 6]},
								"east": {"uv": [28, 52], "uv_size": [-4, 6]},
								"south": {"uv": [32, 52], "uv_size": [-4, 6]},
								"west": {"uv": [20, 52], "uv_size": [-4, 6]},
								"up": {"uv": [24, 48], "uv_size": [-4, 4]},
								"down": {"uv": [24, 52], "uv_size": [-4, -4]}
							}
						}
					]
				}
			]
		}
	]
}