{
	"format_version": "1.12.0",
	"minecraft:geometry": [
		{
			"description": {
				"identifier": "geometry.gear5",
				"texture_width": 128,
				"texture_height": 128,
				"visible_bounds_width": 6,
				"visible_bounds_height": 13,
				"visible_bounds_offset": [0, -3.5, 0]
			},
			"bones": [
				{
					"name": "root",
					"pivot": [0, 0, 0]
				},
				{
					"name": "waist",
					"parent": "root",
					"pivot": [0, 12, 0]
				},
				{
					"name": "body",
					"parent": "waist",
					"pivot": [0, 24, 0],
					"cubes": [
						{
							"origin": [-4.04, 11.94, -2.02],
							"size": [8.08, 12.12, 4.04],
							"uv": {
								"north": {"uv": [0, 0], "uv_size": [8, 12]},
								"east": {"uv": [18, 27], "uv_size": [4, 12]},
								"south": {"uv": [8, 0], "uv_size": [8, 12]},
								"west": {"uv": [22, 27], "uv_size": [4, 12]},
								"up": {"uv": [42, 36], "uv_size": [8, 4]},
								"down": {"uv": [42, 44], "uv_size": [8, -4]}
							}
						}
					]
				},
				{
					"name": "head",
					"parent": "body",
					"pivot": [0, 24, 0],
					"cubes": [
						{
							"origin": [-4.12, 23.88, -4.12],
							"size": [8.24, 8.24, 8.24],
							"uv": {
								"north": {"uv": [16, 0], "uv_size": [8.25, 8.25]},
								"east": {"uv": [18, 9], "uv_size": [8.25, 8.25]},
								"south": {"uv": [18, 18], "uv_size": [8.25, 8.25]},
								"west": {"uv": [0, 21], "uv_size": [8.25, 8.25]},
								"up": {"uv": [9, 21], "uv_size": [8.25, 8.25]},
								"down": {"uv": [25, 8.25], "uv_size": [8.25, -8.25]}
							}
						}
					]
				},
				{
					"name": "Hair",
					"parent": "head",
					"pivot": [0.29991, 37.21159, 0.21141],
					"rotation": [-15, 0, 0],
					"cubes": [
						{
							"origin": [4.11316, 30.87169, -0.78868],
							"size": [2.84782, 1.27328, 1.37468],
							"pivot": [4.65331, 31.70286, 0.02548],
							"rotation": [-3.68775, -12.15475, 77.35255],
							"uv": {
								"north": {"uv": [6, 60], "uv_size": [2.75, 1.25]},
								"east": {"uv": [64, 2], "uv_size": [1.25, 1.25]},
								"south": {"uv": [9, 60], "uv_size": [2.75, 1.25]},
								"west": {"uv": [64, 4], "uv_size": [1.25, 1.25]},
								"up": {"uv": [60, 10], "uv_size": [2.75, 1.25]},
								"down": {"uv": [12, 61.25], "uv_size": [2.75, -1.25]}
							}
						},
						{
							"origin": [-6.96098, 30.87169, -0.78868],
							"size": [2.84782, 1.27328, 1.37468],
							"pivot": [-4.65331, 31.70286, 0.02548],
							"rotation": [-3.68775, 12.15475, -77.35255],
							"uv": {
								"north": {"uv": [60, 12], "uv_size": [2.75, 1.25]},
								"east": {"uv": [64, 6], "uv_size": [1.25, 1.25]},
								"south": {"uv": [60, 14], "uv_size": [2.75, 1.25]},
								"west": {"uv": [64, 8], "uv_size": [1.25, 1.25]},
								"up": {"uv": [15, 60], "uv_size": [2.75, 1.25]},
								"down": {"uv": [60, 17.25], "uv_size": [2.75, -1.25]}
							}
						},
						{
							"origin": [-7.26964, 31.8212, 2.5347],
							"size": [2.99234, 1.27328, 1.37468],
							"pivot": [-4.46058, 32.03664, 3.47038],
							"rotation": [-1.03043, -6.34127, -101.35042],
							"uv": {
								"north": {"uv": [47, 59], "uv_size": [3, 1.25]},
								"east": {"uv": [9, 64], "uv_size": [1.25, 1.25]},
								"south": {"uv": [59, 48], "uv_size": [3, 1.25]},
								"west": {"uv": [11, 64], "uv_size": [1.25, 1.25]},
								"up": {"uv": [50, 59], "uv_size": [3, 1.25]},
								"down": {"uv": [59, 56.25], "uv_size": [3, -1.25]}
							}
						},
						{
							"origin": [4.2773, 31.8212, 2.5347],
							"size": [2.99234, 1.27328, 1.37468],
							"pivot": [4.46058, 32.03664, 3.47038],
							"rotation": [-1.03043, 6.34127, 101.35042],
							"uv": {
								"north": {"uv": [59, 57], "uv_size": [3, 1.25]},
								"east": {"uv": [13, 64], "uv_size": [1.25, 1.25]},
								"south": {"uv": [59, 59], "uv_size": [3, 1.25]},
								"west": {"uv": [15, 64], "uv_size": [1.25, 1.25]},
								"up": {"uv": [0, 60], "uv_size": [3, 1.25]},
								"down": {"uv": [3, 61.25], "uv_size": [3, -1.25]}
							}
						},
						{
							"origin": [-8.41481, 31.13506, -2.57462],
							"size": [2.70331, 0.98426, 0.94112],
							"pivot": [-5.28494, 31.99503, -1.50144],
							"rotation": [1.70184, -1.69779, -96.69197],
							"uv": {
								"north": {"uv": [36, 24], "uv_size": [2.75, 1]},
								"east": {"uv": [26, 36], "uv_size": [1, 1]},
								"south": {"uv": [39, 36], "uv_size": [2.75, 1]},
								"west": {"uv": [15, 50], "uv_size": [1, 1]},
								"up": {"uv": [53, 21], "uv_size": [2.75, 1]},
								"down": {"uv": [60, 54], "uv_size": [2.75, -1]}
							}
						},
						{
							"origin": [5.71151, 31.13506, -2.57462],
							"size": [2.70331, 0.98426, 0.94112],
							"pivot": [5.28494, 31.99503, -1.50144],
							"rotation": [1.70184, 1.69779, 96.69197],
							"uv": {
								"north": {"uv": [60, 54], "uv_size": [2.75, 1]},
								"east": {"uv": [56, 21], "uv_size": [1, 1]},
								"south": {"uv": [61, 0], "uv_size": [2.75, 1]},
								"west": {"uv": [56, 34], "uv_size": [1, 1]},
								"up": {"uv": [61, 1], "uv_size": [2.75, 1]},
								"down": {"uv": [61, 3], "uv_size": [2.75, -1]}
							}
						},
						{
							"origin": [4.32625, 31.6893, 4.37901],
							"size": [2.26976, 0.94112, 0.94112],
							"pivot": [4.4656, 32.42984, 5.06098],
							"rotation": [-2.02783, -7.64146, 66.98136],
							"uv": {
								"north": {"uv": [45, 61], "uv_size": [2.25, 1]},
								"east": {"uv": [56, 35], "uv_size": [1, 1]},
								"south": {"uv": [61, 46], "uv_size": [2.25, 1]},
								"west": {"uv": [55, 57], "uv_size": [1, 1]},
								"up": {"uv": [61, 47], "uv_size": [2.25, 1]},
								"down": {"uv": [48, 62], "uv_size": [2.25, -1]}
							}
						},
						{
							"origin": [-6.596, 31.6893, 4.37901],
							"size": [2.26976, 0.94112, 0.94112],
							"pivot": [-4.4656, 32.42984, 5.06098],
							"rotation": [-2.02783, 7.64146, -66.98136],
							"uv": {
								"north": {"uv": [59, 61], "uv_size": [2.25, 1]},
								"east": {"uv": [10, 58], "uv_size": [1, 1]},
								"south": {"uv": [0, 62], "uv_size": [2.25, 1]},
								"west": {"uv": [10, 59], "uv_size": [1, 1]},
								"up": {"uv": [3, 62], "uv_size": [2.25, 1]},
								"down": {"uv": [6, 63], "uv_size": [2.25, -1]}
							}
						},
						{
							"origin": [2.22897, 29.22999, 1.40258],
							"size": [3.5984, 1.49472, 1.27328],
							"pivot": [4.99906, 30.8053, 2.4078],
							"rotation": [2.86324, 15.14544, 128.02392],
							"uv": {
								"north": {"uv": [57, 36], "uv_size": [3.5, 1.5]},
								"east": {"uv": [40, 63], "uv_size": [1.25, 1.5]},
								"south": {"uv": [57, 38], "uv_size": [3.5, 1.5]},
								"west": {"uv": [51, 63], "uv_size": [1.25, 1.5]},
								"up": {"uv": [17, 58], "uv_size": [3.5, 1.25]},
								"down": {"uv": [58, 19.25], "uv_size": [3.5, -1.25]}
							}
						},
						{
							"origin": [-5.82737, 29.22999, 1.40258],
							"size": [3.5984, 1.49472, 1.27328],
							"pivot": [-4.99906, 30.8053, 2.4078],
							"rotation": [2.86324, -15.14544, -128.02392],
							"uv": {
								"north": {"uv": [57, 40], "uv_size": [3.5, 1.5]},
								"east": {"uv": [63, 52], "uv_size": [1.25, 1.5]},
								"south": {"uv": [57, 42], "uv_size": [3.5, 1.5]},
								"west": {"uv": [55, 63], "uv_size": [1.25, 1.5]},
								"up": {"uv": [21, 58], "uv_size": [3.5, 1.25]},
								"down": {"uv": [25, 59.25], "uv_size": [3.5, -1.25]}
							}
						},
						{
							"origin": [2.72609, 32.08871, -1.60609],
							"size": [2.44227, 1.06117, 1.85135],
							"pivot": [4.3537, 32.62576, -0.47163],
							"rotation": [172.15968, 59.42996, 141.37261],
							"uv": {
								"north": {"uv": [61, 3], "uv_size": [2.5, 1]},
								"east": {"uv": [24, 48], "uv_size": [1.75, 1]},
								"south": {"uv": [61, 4], "uv_size": [2.5, 1]},
								"west": {"uv": [40, 51], "uv_size": [1.75, 1]},
								"up": {"uv": [37, 53], "uv_size": [2.5, 1.75]},
								"down": {"uv": [19, 55.75], "uv_size": [2.5, -1.75]}
							}
						},
						{
							"origin": [-5.16836, 32.08871, -1.60609],
							"size": [2.44227, 1.06117, 1.85135],
							"pivot": [-4.3537, 32.62576, -0.47163],
							"rotation": [172.15968, -59.42996, -141.37261],
							"uv": {
								"north": {"uv": [61, 5], "uv_size": [2.5, 1]},
								"east": {"uv": [13, 53], "uv_size": [1.75, 1]},
								"south": {"uv": [61, 36], "uv_size": [2.5, 1]},
								"west": {"uv": [53, 51], "uv_size": [1.75, 1]},
								"up": {"uv": [29, 58], "uv_size": [2.5, 1.75]},
								"down": {"uv": [32, 59.75], "uv_size": [2.5, -1.75]}
							}
						},
						{
							"origin": [1.32533, 32.84307, -0.90824],
							"size": [3.5984, 2.07278, 1.85135],
							"pivot": [3.12453, 33.87946, -0.2716],
							"rotation": [157.24845, 10.74841, 128.42974],
							"uv": {
								"north": {"uv": [56, 10], "uv_size": [3.5, 2]},
								"east": {"uv": [24, 46], "uv_size": [1.75, 2]},
								"south": {"uv": [56, 12], "uv_size": [3.5, 2]},
								"west": {"uv": [49, 22], "uv_size": [1.75, 2]},
								"up": {"uv": [19, 56], "uv_size": [3.5, 1.75]},
								"down": {"uv": [23, 57.75], "uv_size": [3.5, -1.75]}
							}
						},
						{
							"origin": [-4.92373, 32.84307, -0.90824],
							"size": [3.5984, 2.07278, 1.85135],
							"pivot": [-3.12453, 33.87946, -0.2716],
							"rotation": [157.24845, -10.74841, -128.42974],
							"uv": {
								"north": {"uv": [56, 14], "uv_size": [3.5, 2]},
								"east": {"uv": [40, 49], "uv_size": [1.75, 2]},
								"south": {"uv": [56, 16], "uv_size": [3.5, 2]},
								"west": {"uv": [22, 51], "uv_size": [1.75, 2]},
								"up": {"uv": [27, 56], "uv_size": [3.5, 1.75]},
								"down": {"uv": [31, 57.75], "uv_size": [3.5, -1.75]}
							}
						},
						{
							"origin": [-9.68447, 24.01639, 5.28226],
							"size": [3.5984, 1.49472, 1.27328],
							"pivot": [-4.60216, 32.42187, 3.12522],
							"rotation": [-171.5543, 59.36839, 110.50343],
							"uv": {
								"north": {"uv": [57, 44], "uv_size": [3.5, 1.5]},
								"east": {"uv": [57, 63], "uv_size": [1.25, 1.5]},
								"south": {"uv": [57, 46], "uv_size": [3.5, 1.5]},
								"west": {"uv": [63, 61], "uv_size": [1.25, 1.5]},
								"up": {"uv": [35, 58], "uv_size": [3.5, 1.25]},
								"down": {"uv": [39, 59.25], "uv_size": [3.5, -1.25]}
							}
						},
						{
							"origin": [-5.16038, 33.60472, -1.27013],
							"size": [6.51718, 3.4632, 3.58172],
							"pivot": [-2.68045, 33.49015, 0.93692],
							"rotation": [-170.40117, -11.79672, -92.8532],
							"uv": {
								"north": {"uv": [9, 42], "uv_size": [6.5, 3.5]},
								"east": {"uv": [43, 55], "uv_size": [3.5, 3.5]},
								"south": {"uv": [0, 46], "uv_size": [6.5, 3.5]},
								"west": {"uv": [47, 55], "uv_size": [3.5, 3.5]},
								"up": {"uv": [7, 46], "uv_size": [6.5, 3.5]},
								"down": {"uv": [42, 51.5], "uv_size": [6.5, -3.5]}
							}
						},
						{
							"origin": [-5.16038, 32.73762, 0.46405],
							"size": [6.51718, 2.59609, 2.28107],
							"pivot": [-2.68045, 33.49015, 0.93692],
							"rotation": [-167.6923, -8.93, -107.824],
							"uv": {
								"north": {"uv": [49, 0], "uv_size": [6.5, 2.5]},
								"east": {"uv": [56, 55], "uv_size": [2.25, 2.5]},
								"south": {"uv": [49, 3], "uv_size": [6.5, 2.5]},
								"west": {"uv": [0, 57], "uv_size": [2.25, 2.5]},
								"up": {"uv": [8, 50], "uv_size": [6.5, 2.25]},
								"down": {"uv": [50, 38.25], "uv_size": [6.5, -2.25]}
							}
						},
						{
							"origin": [-0.60053, 36.87433, -1.07021],
							"size": [2.03718, 1.58449, 1.55849],
							"pivot": [0.12902, 37.66658, -0.29096],
							"rotation": [162.4645, 10.9779, 102.5748],
							"uv": {
								"north": {"uv": [6, 54], "uv_size": [2, 1.5]},
								"east": {"uv": [51, 61], "uv_size": [1.5, 1.5]},
								"south": {"uv": [35, 56], "uv_size": [2, 1.5]},
								"west": {"uv": [9, 62], "uv_size": [1.5, 1.5]},
								"up": {"uv": [20, 60], "uv_size": [2, 1.5]},
								"down": {"uv": [60, 21.5], "uv_size": [2, -1.5]}
							}
						},
						{
							"origin": [-2.98518, 32.53277, -2.06937],
							"size": [5.50556, 2.59609, 2.28107],
							"pivot": [0.12889, 33.83081, -0.92884],
							"rotation": [169.7691, 9.1993, 92.8678],
							"uv": {
								"north": {"uv": [51, 22], "uv_size": [5.5, 2.5]},
								"east": {"uv": [3, 57], "uv_size": [2.25, 2.5]},
								"south": {"uv": [51, 25], "uv_size": [5.5, 2.5]},
								"west": {"uv": [11, 57], "uv_size": [2.25, 2.5]},
								"up": {"uv": [53, 48], "uv_size": [5.5, 2.25]},
								"down": {"uv": [0, 56.25], "uv_size": [5.5, -2.25]}
							}
						},
						{
							"origin": [0.06953, 32.45624, -2.79237],
							"size": [4.9275, 2.59609, 1.99204],
							"pivot": [2.24424, 33.60977, -1.57957],
							"rotation": [162.458, 0.405, 118.9856],
							"uv": {
								"north": {"uv": [40, 52], "uv_size": [5, 2.5]},
								"east": {"uv": [16, 9], "uv_size": [2, 2.5]},
								"south": {"uv": [45, 52], "uv_size": [5, 2.5]},
								"west": {"uv": [16, 30], "uv_size": [2, 2.5]},
								"up": {"uv": [51, 34], "uv_size": [5, 2]},
								"down": {"uv": [51, 57], "uv_size": [5, -2]}
							}
						},
						{
							"origin": [-2.72811, 35.00201, -2.03467],
							"size": [1.60363, 1.58449, 1.55849],
							"pivot": [-2.64471, 35.72436, -1.2887],
							"rotation": [162.4645, -10.9779, -102.5748],
							"uv": {
								"north": {"uv": [11, 62], "uv_size": [1.5, 1.5]},
								"east": {"uv": [13, 62], "uv_size": [1.5, 1.5]},
								"south": {"uv": [15, 62], "uv_size": [1.5, 1.5]},
								"west": {"uv": [62, 18], "uv_size": [1.5, 1.5]},
								"up": {"uv": [20, 62], "uv_size": [1.5, 1.5]},
								"down": {"uv": [62, 21.5], "uv_size": [1.5, -1.5]}
							}
						},
						{
							"origin": [-2.00553, 39.48201, -5.9366],
							"size": [1.60363, 1.58449, 1.55849],
							"pivot": [-2.64471, 35.72436, -1.2887],
							"rotation": [162.4645, -10.9779, -102.5748],
							"uv": {
								"north": {"uv": [22, 62], "uv_size": [1.5, 1.5]},
								"east": {"uv": [62, 22], "uv_size": [1.5, 1.5]},
								"south": {"uv": [24, 62], "uv_size": [1.5, 1.5]},
								"west": {"uv": [62, 24], "uv_size": [1.5, 1.5]},
								"up": {"uv": [26, 62], "uv_size": [1.5, 1.5]},
								"down": {"uv": [28, 63.5], "uv_size": [1.5, -1.5]}
							}
						},
						{
							"origin": [-4.99703, 32.45624, -2.79237],
							"size": [4.9275, 2.59609, 1.99204],
							"pivot": [-2.24424, 33.60977, -1.57957],
							"rotation": [162.458, -0.405, -118.9856],
							"uv": {
								"north": {"uv": [50, 52], "uv_size": [5, 2.5]},
								"east": {"uv": [16, 33], "uv_size": [2, 2.5]},
								"south": {"uv": [8, 53], "uv_size": [5, 2.5]},
								"west": {"uv": [34, 0], "uv_size": [2, 2.5]},
								"up": {"uv": [55, 51], "uv_size": [5, 2]},
								"down": {"uv": [55, 55], "uv_size": [5, -2]}
							}
						},
						{
							"origin": [-1.3568, 32.73762, 0.46405],
							"size": [6.51718, 2.59609, 2.28107],
							"pivot": [2.68045, 33.49015, 0.93692],
							"rotation": [-167.6923, 8.93, 107.824],
							"uv": {
								"north": {"uv": [49, 6], "uv_size": [6.5, 2.5]},
								"east": {"uv": [14, 57], "uv_size": [2.25, 2.5]},
								"south": {"uv": [49, 9], "uv_size": [6.5, 2.5]},
								"west": {"uv": [57, 21], "uv_size": [2.25, 2.5]},
								"up": {"uv": [50, 39], "uv_size": [6.5, 2.25]},
								"down": {"uv": [50, 44.25], "uv_size": [6.5, -2.25]}
							}
						},
						{
							"origin": [1.12448, 35.00201, -2.03467],
							"size": [1.60363, 1.58449, 1.55849],
							"pivot": [2.64471, 35.72436, -1.2887],
							"rotation": [162.4645, 10.9779, 102.5748],
							"uv": {
								"north": {"uv": [30, 62], "uv_size": [1.5, 1.5]},
								"east": {"uv": [32, 62], "uv_size": [1.5, 1.5]},
								"south": {"uv": [62, 37], "uv_size": [1.5, 1.5]},
								"west": {"uv": [62, 39], "uv_size": [1.5, 1.5]},
								"up": {"uv": [62, 41], "uv_size": [1.5, 1.5]},
								"down": {"uv": [62, 44.5], "uv_size": [1.5, -1.5]}
							}
						},
						{
							"origin": [-1.43665, 37.07406, 5.18041],
							"size": [2.03718, 1.58449, 1.55849],
							"pivot": [-0.12902, 37.86631, 5.95966],
							"rotation": [-158.6893, -6.1139, -102.4127],
							"uv": {
								"north": {"uv": [22, 60], "uv_size": [2, 1.5]},
								"east": {"uv": [45, 62], "uv_size": [1.5, 1.5]},
								"south": {"uv": [60, 22], "uv_size": [2, 1.5]},
								"west": {"uv": [47, 62], "uv_size": [1.5, 1.5]},
								"up": {"uv": [24, 60], "uv_size": [2, 1.5]},
								"down": {"uv": [60, 25.5], "uv_size": [2, -1.5]}
							}
						},
						{
							"origin": [-2.52038, 32.71822, 4.27402],
							"size": [5.50556, 2.59609, 2.28107],
							"pivot": [-0.12889, 34.01626, 5.41456],
							"rotation": [-168.898, -8.2792, -92.8607],
							"uv": {
								"north": {"uv": [51, 28], "uv_size": [5.5, 2.5]},
								"east": {"uv": [57, 24], "uv_size": [2.25, 2.5]},
								"south": {"uv": [51, 31], "uv_size": [5.5, 2.5]},
								"west": {"uv": [57, 27], "uv_size": [2.25, 2.5]},
								"up": {"uv": [13, 54], "uv_size": [5.5, 2.25]},
								"down": {"uv": [37, 57.25], "uv_size": [5.5, -2.25]}
							}
						},
						{
							"origin": [-4.99703, 32.45624, 5.18947],
							"size": [4.9275, 2.59609, 1.99204],
							"pivot": [-2.24424, 33.60977, 5.96872],
							"rotation": [-153.7874, -14.8502, -120.0875],
							"uv": {
								"north": {"uv": [53, 18], "uv_size": [5, 2.5]},
								"east": {"uv": [34, 3], "uv_size": [2, 2.5]},
								"south": {"uv": [22, 53], "uv_size": [5, 2.5]},
								"west": {"uv": [34, 6], "uv_size": [2, 2.5]},
								"up": {"uv": [56, 0], "uv_size": [5, 2]},
								"down": {"uv": [56, 4], "uv_size": [5, -2]}
							}
						},
						{
							"origin": [1.72804, 35.01118, 2.2099],
							"size": [1.60363, 1.58449, 1.55849],
							"pivot": [2.52986, 35.80342, 2.98915],
							"rotation": [158.8107, 6.1139, 102.4127],
							"uv": {
								"north": {"uv": [62, 48], "uv_size": [1.5, 1.5]},
								"east": {"uv": [49, 62], "uv_size": [1.5, 1.5]},
								"south": {"uv": [62, 50], "uv_size": [1.5, 1.5]},
								"west": {"uv": [53, 62], "uv_size": [1.5, 1.5]},
								"up": {"uv": [62, 55], "uv_size": [1.5, 1.5]},
								"down": {"uv": [62, 58.5], "uv_size": [1.5, -1.5]}
							}
						},
						{
							"origin": [1.12448, 34.99161, 5.51465],
							"size": [1.60363, 1.58449, 1.55849],
							"pivot": [2.64471, 35.71396, 6.32717],
							"rotation": [-158.6893, 6.1139, 102.4127],
							"uv": {
								"north": {"uv": [59, 62], "uv_size": [1.5, 1.5]},
								"east": {"uv": [62, 59], "uv_size": [1.5, 1.5]},
								"south": {"uv": [61, 62], "uv_size": [1.5, 1.5]},
								"west": {"uv": [0, 63], "uv_size": [1.5, 1.5]},
								"up": {"uv": [2, 63], "uv_size": [1.5, 1.5]},
								"down": {"uv": [4, 64.5], "uv_size": [1.5, -1.5]}
							}
						},
						{
							"origin": [0.40189, 39.47161, 9.41658],
							"size": [1.60363, 1.58449, 1.55849],
							"pivot": [2.64471, 35.71396, 6.32717],
							"rotation": [-158.6893, 6.1139, 102.4127],
							"uv": {
								"north": {"uv": [6, 63], "uv_size": [1.5, 1.5]},
								"east": {"uv": [63, 10], "uv_size": [1.5, 1.5]},
								"south": {"uv": [63, 12], "uv_size": [1.5, 1.5]},
								"west": {"uv": [63, 14], "uv_size": [1.5, 1.5]},
								"up": {"uv": [63, 16], "uv_size": [1.5, 1.5]},
								"down": {"uv": [17, 64.5], "uv_size": [1.5, -1.5]}
							}
						},
						{
							"origin": [0.06953, 32.45624, 5.18947],
							"size": [4.9275, 2.59609, 1.99204],
							"pivot": [2.24424, 33.60977, 5.96872],
							"rotation": [-153.7874, 14.8502, 120.0875],
							"uv": {
								"north": {"uv": [27, 53], "uv_size": [5, 2.5]},
								"east": {"uv": [16, 36], "uv_size": [2, 2.5]},
								"south": {"uv": [32, 53], "uv_size": [5, 2.5]},
								"west": {"uv": [24, 39], "uv_size": [2, 2.5]},
								"up": {"uv": [56, 4], "uv_size": [5, 2]},
								"down": {"uv": [6, 58], "uv_size": [5, -2]}
							}
						},
						{
							"origin": [-5.16038, 33.49987, 1.72451],
							"size": [6.51718, 2.59609, 2.28107],
							"pivot": [-2.68045, 34.25241, 3.53273],
							"rotation": [173.0223, -7.7447, -107.7682],
							"uv": {
								"north": {"uv": [49, 12], "uv_size": [6.5, 2.5]},
								"east": {"uv": [57, 30], "uv_size": [2.25, 2.5]},
								"south": {"uv": [49, 15], "uv_size": [6.5, 2.5]},
								"west": {"uv": [57, 33], "uv_size": [2.25, 2.5]},
								"up": {"uv": [50, 45], "uv_size": [6.5, 2.25]},
								"down": {"uv": [15, 53.25], "uv_size": [6.5, -2.25]}
							}
						},
						{
							"origin": [-2.72811, 34.99161, 5.51465],
							"size": [1.60363, 1.58449, 1.55849],
							"pivot": [-2.64471, 35.71396, 6.32717],
							"rotation": [-158.6893, -6.1139, -102.4127],
							"uv": {
								"north": {"uv": [63, 26], "uv_size": [1.5, 1.5]},
								"east": {"uv": [63, 28], "uv_size": [1.5, 1.5]},
								"south": {"uv": [63, 30], "uv_size": [1.5, 1.5]},
								"west": {"uv": [63, 32], "uv_size": [1.5, 1.5]},
								"up": {"uv": [34, 63], "uv_size": [1.5, 1.5]},
								"down": {"uv": [63, 35.5], "uv_size": [1.5, -1.5]}
							}
						},
						{
							"origin": [6.08607, 24.01639, 5.28226],
							"size": [3.5984, 1.49472, 1.27328],
							"pivot": [4.60216, 32.42187, 3.12522],
							"rotation": [-171.5543, -59.36839, -110.50343],
							"uv": {
								"north": {"uv": [51, 57], "uv_size": [3.5, 1.5]},
								"east": {"uv": [63, 63], "uv_size": [1.25, 1.5]},
								"south": {"uv": [6, 58], "uv_size": [3.5, 1.5]},
								"west": {"uv": [64, 0], "uv_size": [1.25, 1.5]},
								"up": {"uv": [55, 58], "uv_size": [3.5, 1.25]},
								"down": {"uv": [43, 60.25], "uv_size": [3.5, -1.25]}
							}
						},
						{
							"origin": [-5.43374, 31.85443, -2.93513],
							"size": [2.15905, 1.17188, 1.25814],
							"pivot": [-3.61935, 32.41014, -1.84679],
							"rotation": [-17.01859, 9.0807, -42.28748],
							"uv": {
								"north": {"uv": [26, 60], "uv_size": [2.25, 1.25]},
								"east": {"uv": [64, 18], "uv_size": [1.25, 1.25]},
								"south": {"uv": [60, 26], "uv_size": [2.25, 1.25]},
								"west": {"uv": [20, 64], "uv_size": [1.25, 1.25]},
								"up": {"uv": [60, 28], "uv_size": [2.25, 1.25]},
								"down": {"uv": [29, 61.25], "uv_size": [2.25, -1.25]}
							}
						},
						{
							"origin": [3.27469, 31.85443, -2.93513],
							"size": [2.15905, 1.17188, 1.25814],
							"pivot": [3.61935, 32.41014, -1.84679],
							"rotation": [-17.01859, -9.0807, 42.28748],
							"uv": {
								"north": {"uv": [60, 30], "uv_size": [2.25, 1.25]},
								"east": {"uv": [64, 20], "uv_size": [1.25, 1.25]},
								"south": {"uv": [32, 60], "uv_size": [2.25, 1.25]},
								"west": {"uv": [22, 64], "uv_size": [1.25, 1.25]},
								"up": {"uv": [60, 32], "uv_size": [2.25, 1.25]},
								"down": {"uv": [60, 35.25], "uv_size": [2.25, -1.25]}
							}
						},
						{
							"origin": [-4.36084, 30.96683, -0.85121],
							"size": [8.5028, 4.00228, 7.25217],
							"pivot": [-0.10944, 32.96796, 2.77487],
							"rotation": [-2.68352, 0.11712, 0],
							"uv": {
								"north": {"uv": [40, 20], "uv_size": [8.5, 4]},
								"east": {"uv": [43, 32], "uv_size": [7.25, 4]},
								"south": {"uv": [0, 42], "uv_size": [8.5, 4]},
								"west": {"uv": [42, 44], "uv_size": [7.25, 4]},
								"up": {"uv": [27, 9], "uv_size": [8.5, 7.25]},
								"down": {"uv": [27, 24.25], "uv_size": [8.5, -7.25]}
							}
						},
						{
							"origin": [-4.1367, 30.26217, -1.40068],
							"size": [7.99263, 3.76214, 1.22493],
							"pivot": [-0.14038, 32.14323, -1.00498],
							"rotation": [10, 0, 0],
							"uv": {
								"north": {"uv": [43, 24], "uv_size": [8, 3.75]},
								"east": {"uv": [24, 42], "uv_size": [1.25, 3.75]},
								"south": {"uv": [43, 28], "uv_size": [8, 3.75]},
								"west": {"uv": [14, 46], "uv_size": [1.25, 3.75]},
								"up": {"uv": [56, 6], "uv_size": [8, 1.25]},
								"down": {"uv": [56, 9.25], "uv_size": [8, -1.25]}
							}
						},
						{
							"origin": [-3.57139, 30.5578, 6.23904],
							"size": [1.16256, 2.26976, 0.94112],
							"pivot": [-2.94438, 32.14218, 6.64099],
							"rotation": [148.95892, -9.44624, 6.20879],
							"uv": {
								"north": {"uv": [35, 60], "uv_size": [1.25, 2.25]},
								"east": {"uv": [8, 63], "uv_size": [1, 2.25]},
								"south": {"uv": [37, 60], "uv_size": [1.25, 2.25]},
								"west": {"uv": [19, 63], "uv_size": [1, 2.25]},
								"up": {"uv": [11, 56], "uv_size": [1.25, 1]},
								"down": {"uv": [17, 58], "uv_size": [1.25, -1]}
							}
						},
						{
							"origin": [2.40883, 30.5578, 6.23904],
							"size": [1.16256, 2.26976, 0.94112],
							"pivot": [2.94438, 32.14218, 6.64099],
							"rotation": [148.95892, 9.44624, -6.20879],
							"uv": {
								"north": {"uv": [39, 60], "uv_size": [1.25, 2.25]},
								"east": {"uv": [36, 63], "uv_size": [1, 2.25]},
								"south": {"uv": [41, 60], "uv_size": [1.25, 2.25]},
								"west": {"uv": [37, 63], "uv_size": [1, 2.25]},
								"up": {"uv": [58, 20], "uv_size": [1.25, 1]},
								"down": {"uv": [62, 46], "uv_size": [1.25, -1]}
							}
						},
						{
							"origin": [0.64633, 30.51366, 6.30737],
							"size": [1.16256, 2.25463, 0.94112],
							"pivot": [1.22761, 31.13517, 6.77793],
							"rotation": [9.44735, -4.3291, 4.62138],
							"uv": {
								"north": {"uv": [60, 50], "uv_size": [1.25, 2.25]},
								"east": {"uv": [38, 63], "uv_size": [1, 2.25]},
								"south": {"uv": [55, 60], "uv_size": [1.25, 2.25]},
								"west": {"uv": [39, 63], "uv_size": [1, 2.25]},
								"up": {"uv": [63, 54], "uv_size": [1.25, 1]},
								"down": {"uv": [64, 23], "uv_size": [1.25, -1]}
							}
						},
						{
							"origin": [-1.91745, 29.76791, 6.23014],
							"size": [1.16256, 2.83269, 0.94112],
							"pivot": [-2.60085, 32.05024, 6.42451],
							"rotation": [9.44735, 4.3291, -4.62138],
							"uv": {
								"north": {"uv": [53, 59], "uv_size": [1.25, 2.75]},
								"east": {"uv": [26, 27], "uv_size": [1, 2.75]},
								"south": {"uv": [18, 60], "uv_size": [1.25, 2.75]},
								"west": {"uv": [26, 30], "uv_size": [1, 2.75]},
								"up": {"uv": [64, 23], "uv_size": [1.25, 1]},
								"down": {"uv": [24, 65], "uv_size": [1.25, -1]}
							}
						},
						{
							"origin": [2.35222, 31.23811, -3.25754],
							"size": [0.94112, 2.60192, 1.11943],
							"pivot": [2.19081, 32.28782, -2.89764],
							"rotation": [4.738, -77.648, -119.3532],
							"uv": {
								"north": {"uv": [26, 33], "uv_size": [1, 2.5]},
								"east": {"uv": [57, 60], "uv_size": [1, 2.5]},
								"south": {"uv": [58, 60], "uv_size": [1, 2.5]},
								"west": {"uv": [61, 37], "uv_size": [1, 2.5]},
								"up": {"uv": [59, 50], "uv_size": [1, 1]},
								"down": {"uv": [17, 63], "uv_size": [1, -1]}
							}
						},
						{
							"origin": [-3.29335, 31.23811, -3.25754],
							"size": [0.94112, 2.60192, 1.11943],
							"pivot": [-2.19081, 32.28782, -2.89764],
							"rotation": [4.738, 77.648, 119.3532],
							"uv": {
								"north": {"uv": [61, 40], "uv_size": [1, 2.5]},
								"east": {"uv": [43, 61], "uv_size": [1, 2.5]},
								"south": {"uv": [61, 43], "uv_size": [1, 2.5]},
								"west": {"uv": [44, 61], "uv_size": [1, 2.5]},
								"up": {"uv": [34, 62], "uv_size": [1, 1]},
								"down": {"uv": [62, 53], "uv_size": [1, -1]}
							}
						},
						{
							"origin": [-4.4908, 27.5092, -4.4908],
							"size": [8.9816, 4.9816, 8.9816],
							"pivot": [0, 38, 0],
							"rotation": [15, 0, 0],
							"uv": {
								"north": {"uv": [40, 0], "uv_size": [9, 5]},
								"east": {"uv": [40, 5], "uv_size": [9, 5]},
								"south": {"uv": [40, 10], "uv_size": [9, 5]},
								"west": {"uv": [40, 15], "uv_size": [9, 5]},
								"up": {"uv": [0, 12], "uv_size": [9, 9]},
								"down": {"uv": [9, 21], "uv_size": [9, -9]}
							}
						}
					]
				},
				{
					"name": "cape",
					"parent": "body",
					"pivot": [0, 24, 3]
				},
				{
					"name": "leftArm",
					"parent": "body",
					"pivot": [5, 22, 0],
					"cubes": [
						{
							"origin": [4, 12, -2],
							"size": [4, 12, 4],
							"uv": {
								"north": {"uv": [27, 25], "uv_size": [4, 12]},
								"east": {"uv": [0, 30], "uv_size": [4, 12]},
								"south": {"uv": [4, 30], "uv_size": [4, 12]},
								"west": {"uv": [8, 30], "uv_size": [4, 12]},
								"up": {"uv": [49, 18], "uv_size": [4, 4]},
								"down": {"uv": [24, 53], "uv_size": [4, -4]}
							}
						}
					]
				},
				{
					"name": "rightArm",
					"parent": "body",
					"pivot": [-5, 22, 0],
					"cubes": [
						{
							"origin": [-8, 12, -2],
							"size": [4, 12, 4],
							"uv": {
								"north": {"uv": [12, 30], "uv_size": [4, 12]},
								"east": {"uv": [31, 25], "uv_size": [4, 12]},
								"south": {"uv": [35, 25], "uv_size": [4, 12]},
								"west": {"uv": [36, 0], "uv_size": [4, 12]},
								"up": {"uv": [28, 49], "uv_size": [4, 4]},
								"down": {"uv": [32, 53], "uv_size": [4, -4]}
							}
						}
					]
				},
				{
					"name": "Bajranggun",
					"parent": "rightArm",
					"pivot": [-6, 12, 0],
					"cubes": [
						{
							"origin": [-8, -12, -2],
							"size": [4, 24, 4],
							"uv": {
								"north": {"uv": [0, 116.5], "uv_size": [6.25, 11.5]},
								"east": {"uv": [0, 116.5], "uv_size": [6.25, 11.5]},
								"south": {"uv": [0, 116.5], "uv_size": [6.25, 11.5]},
								"west": {"uv": [0, 116.5], "uv_size": [6.25, 11.5]},
								"up": {"uv": [6.25, 128], "uv_size": [-6.25, -11.5]},
								"down": {"uv": [6.25, 128], "uv_size": [-6.25, -11.5]}
							}
						}
					]
				},
				{
					"name": "Baj",
					"parent": "Bajranggun",
					"pivot": [-6, -12.10285, -0.275],
					"cubes": [
						{
							"origin": [-11.50258, -48.703, -6.77758],
							"size": [11.00515, 37.20029, 13.00515],
							"uv": {
								"north": {"uv": [0, 116.5], "uv_size": [6.25, 11.5]},
								"east": {"uv": [0, 116.5], "uv_size": [6.25, 11.5]},
								"south": {"uv": [0, 116.5], "uv_size": [6.25, 11.5]},
								"west": {"uv": [0, 116.5], "uv_size": [6.25, 11.5]},
								"up": {"uv": [6.25, 128], "uv_size": [-6.25, -11.5]},
								"down": {"uv": [6.25, 128], "uv_size": [-6.25, -11.5]}
							}
						}
					]
				},
				{
					"name": "Rang",
					"parent": "Baj",
					"pivot": [-6, -33.90285, -0.275],
					"cubes": [
						{
							"origin": [-15.60258, -59.203, -11.97758],
							"size": [19.20515, 24.60029, 23.40515],
							"uv": {
								"north": {"uv": [0, 116.5], "uv_size": [6.25, 11.5]},
								"east": {"uv": [0, 116.5], "uv_size": [6.25, 11.5]},
								"south": {"uv": [0, 116.5], "uv_size": [6.25, 11.5]},
								"west": {"uv": [0, 116.5], "uv_size": [6.25, 11.5]},
								"up": {"uv": [6.25, 128], "uv_size": [-6.25, -11.5]},
								"down": {"uv": [6.25, 128], "uv_size": [-6.25, -11.5]}
							}
						}
					]
				},
				{
					"name": "Gun",
					"parent": "Rang",
					"pivot": [-6, -53.37345, -0.25833],
					"cubes": [
						{
							"origin": [-26.10258, -76.003, -22.47758],
							"size": [40.20515, 12.00029, 44.40515],
							"uv": {
								"north": {"uv": [0, 116.5], "uv_size": [6.25, 11.5]},
								"east": {"uv": [0, 116.5], "uv_size": [6.25, 11.5]},
								"south": {"uv": [0, 116.5], "uv_size": [6.25, 11.5]},
								"west": {"uv": [0, 116.5], "uv_size": [6.25, 11.5]},
								"up": {"uv": [6.25, 128], "uv_size": [-6.25, -11.5]},
								"down": {"uv": [6.25, 128], "uv_size": [-6.25, -11.5]}
							}
						},
						{
							"origin": [-21.90258, -76.003, -16.17758],
							"size": [31.80515, 22.50029, 31.80515],
							"uv": {
								"north": {"uv": [0, 116.5], "uv_size": [6.25, 11.5]},
								"east": {"uv": [0, 116.5], "uv_size": [6.25, 11.5]},
								"south": {"uv": [0, 116.5], "uv_size": [6.25, 11.5]},
								"west": {"uv": [0, 116.5], "uv_size": [6.25, 11.5]},
								"up": {"uv": [6.25, 128], "uv_size": [-6.25, -11.5]},
								"down": {"uv": [6.25, 128], "uv_size": [-6.25, -11.5]}
							}
						},
						{
							"origin": [-34.30258, -134.803, -31.77758],
							"size": [55.60515, 62.40029, 64.00515],
							"uv": {
								"north": {"uv": [0, 116.5], "uv_size": [6.25, 11.5]},
								"east": {"uv": [0, 116.5], "uv_size": [6.25, 11.5]},
								"south": {"uv": [0, 116.5], "uv_size": [6.25, 11.5]},
								"west": {"uv": [0, 116.5], "uv_size": [6.25, 11.5]},
								"up": {"uv": [6.25, 128], "uv_size": [-6.25, -11.5]},
								"down": {"uv": [6.25, 128], "uv_size": [-6.25, -11.5]}
							}
						},
						{
							"origin": [-31.73308, -153.90339, -28.00808],
							"size": [49.46616, 20.67749, 54.56616],
							"uv": {
								"north": {"uv": [0, 116.5], "uv_size": [6.25, 11.5]},
								"east": {"uv": [0, 116.5], "uv_size": [6.25, 11.5]},
								"south": {"uv": [0, 116.5], "uv_size": [6.25, 11.5]},
								"west": {"uv": [0, 116.5], "uv_size": [6.25, 11.5]},
								"up": {"uv": [6.25, 128], "uv_size": [-6.25, -11.5]},
								"down": {"uv": [6.25, 128], "uv_size": [-6.25, -11.5]}
							}
						},
						{
							"origin": [-34.38058, -158.62629, -30.65558],
							"size": [55.76115, 21.72329, 60.86115],
							"uv": {
								"north": {"uv": [0, 116.5], "uv_size": [6.25, 11.5]},
								"east": {"uv": [0, 116.5], "uv_size": [6.25, 11.5]},
								"south": {"uv": [0, 116.5], "uv_size": [6.25, 11.5]},
								"west": {"uv": [0, 116.5], "uv_size": [6.25, 11.5]},
								"up": {"uv": [6.25, 128], "uv_size": [-6.25, -11.5]},
								"down": {"uv": [6.25, 128], "uv_size": [-6.25, -11.5]}
							}
						},
						{
							"origin": [-33.38058, -164.62629, 18.34442],
							"size": [27.76115, 6.72329, 9.86115],
							"uv": {
								"north": {"uv": [0, 116.5], "uv_size": [6.25, 11.5]},
								"east": {"uv": [0, 116.5], "uv_size": [6.25, 11.5]},
								"south": {"uv": [0, 116.5], "uv_size": [6.25, 11.5]},
								"west": {"uv": [0, 116.5], "uv_size": [6.25, 11.5]},
								"up": {"uv": [6.25, 128], "uv_size": [-6.25, -11.5]},
								"down": {"uv": [6.25, 128], "uv_size": [-6.25, -11.5]}
							}
						},
						{
							"origin": [-33.38058, -164.62629, 2.34442],
							"size": [27.76115, 6.72329, 14.86115],
							"uv": {
								"north": {"uv": [0, 116.5], "uv_size": [6.25, 11.5]},
								"east": {"uv": [0, 116.5], "uv_size": [6.25, 11.5]},
								"south": {"uv": [0, 116.5], "uv_size": [6.25, 11.5]},
								"west": {"uv": [0, 116.5], "uv_size": [6.25, 11.5]},
								"up": {"uv": [6.25, 128], "uv_size": [-6.25, -11.5]},
								"down": {"uv": [6.25, 128], "uv_size": [-6.25, -11.5]}
							}
						},
						{
							"origin": [-33.38058, -164.62629, -12.65558],
							"size": [27.76115, 6.72329, 14.86115],
							"uv": {
								"north": {"uv": [0, 116.5], "uv_size": [6.25, 11.5]},
								"east": {"uv": [0, 116.5], "uv_size": [6.25, 11.5]},
								"south": {"uv": [0, 116.5], "uv_size": [6.25, 11.5]},
								"west": {"uv": [0, 116.5], "uv_size": [6.25, 11.5]},
								"up": {"uv": [6.25, 128], "uv_size": [-6.25, -11.5]},
								"down": {"uv": [6.25, 128], "uv_size": [-6.25, -11.5]}
							}
						},
						{
							"origin": [-33.38058, -164.62629, -28.65558],
							"size": [27.76115, 6.72329, 14.86115],
							"uv": {
								"north": {"uv": [0, 116.5], "uv_size": [6.25, 11.5]},
								"east": {"uv": [0, 116.5], "uv_size": [6.25, 11.5]},
								"south": {"uv": [0, 116.5], "uv_size": [6.25, 11.5]},
								"west": {"uv": [0, 116.5], "uv_size": [6.25, 11.5]},
								"up": {"uv": [6.25, 128], "uv_size": [-6.25, -11.5]},
								"down": {"uv": [6.25, 128], "uv_size": [-6.25, -11.5]}
							}
						},
						{
							"origin": [-36.60258, -126.403, -35.07758],
							"size": [61.20515, 47.70029, 69.60515],
							"uv": {
								"north": {"uv": [0, 116.5], "uv_size": [6.25, 11.5]},
								"east": {"uv": [0, 116.5], "uv_size": [6.25, 11.5]},
								"south": {"uv": [0, 116.5], "uv_size": [6.25, 11.5]},
								"west": {"uv": [0, 116.5], "uv_size": [6.25, 11.5]},
								"up": {"uv": [6.25, 128], "uv_size": [-6.25, -11.5]},
								"down": {"uv": [6.25, 128], "uv_size": [-6.25, -11.5]}
							}
						}
					]
				},
				{
					"name": "fumaca1",
					"parent": "waist",
					"pivot": [-6.0507, 20.21165, 0.25946],
					"rotation": [0, 0, 2.5],
					"cubes": [
						{
							"origin": [-7.9683, 1.67108, -5.91254],
							"size": [4.98786, 8.47029, 0],
							"pivot": [-5.47436, 5.90622, -5.91254],
							"rotation": [6.12191, 3.1681, 8.07592],
							"uv": {
								"north": {"uv": [94.75, 53.25], "uv_size": [-4.5, -4.25]},
								"east": {"uv": [103.25, 53.25], "uv_size": [-13, -11.5]},
								"south": {"uv": [116.25, 53], "uv_size": [-13, -11.5]},
								"west": {"uv": [103.25, 53.25], "uv_size": [-13, -11.5]},
								"up": {"uv": [90.25, 41.75], "uv_size": [13, 11.5]},
								"down": {"uv": [90.25, 41.75], "uv_size": [13, 11.5]}
							}
						},
						{
							"origin": [-10.64484, 16.24926, -6.80705],
							"size": [4.98786, 8.47029, 0],
							"pivot": [-8.63144, 16.03818, -6.7929],
							"rotation": [-24.63857, 13.74244, 8.79411],
							"uv": {
								"north": {"uv": [94.75, 44.75], "uv_size": [-4.5, -4.25]},
								"east": {"uv": [103.25, 53.25], "uv_size": [-13, -11.5]},
								"south": {"uv": [116.25, 53], "uv_size": [-13, -11.5]},
								"west": {"uv": [103.25, 53.25], "uv_size": [-13, -11.5]},
								"up": {"uv": [90.25, 41.75], "uv_size": [13, 11.5]},
								"down": {"uv": [90.25, 41.75], "uv_size": [13, 11.5]}
							}
						},
						{
							"origin": [-8.61743, 22.73714, -4.1791],
							"size": [4.98786, 8.47029, 0],
							"pivot": [-6.10958, 22.50996, -3.88331],
							"rotation": [-57.4013, -7.8122, -17.43039],
							"uv": {
								"north": {"uv": [94.75, 40.5], "uv_size": [-4.5, -4.25]},
								"east": {"uv": [103.25, 53.25], "uv_size": [-13, -11.5]},
								"south": {"uv": [116.25, 53], "uv_size": [-13, -11.5]},
								"west": {"uv": [103.25, 53.25], "uv_size": [-13, -11.5]},
								"up": {"uv": [90.25, 41.75], "uv_size": [13, 11.5]},
								"down": {"uv": [90.25, 41.75], "uv_size": [13, 11.5]}
							}
						},
						{
							"origin": [-9.18608, 21.17186, 5.31666],
							"size": [4.98786, 8.47029, 0],
							"pivot": [-6.69215, 25.407, 5.31666],
							"rotation": [-119.97296, 22.43278, -19.26016],
							"uv": {
								"north": {"uv": [94.75, 36.25], "uv_size": [-4.5, -4.25]},
								"east": {"uv": [103.25, 53.25], "uv_size": [-13, -11.5]},
								"south": {"uv": [116.25, 53], "uv_size": [-13, -11.5]},
								"west": {"uv": [103.25, 53.25], "uv_size": [-13, -11.5]},
								"up": {"uv": [90.25, 41.75], "uv_size": [13, 11.5]},
								"down": {"uv": [90.25, 41.75], "uv_size": [13, 11.5]}
							}
						},
						{
							"origin": [-4.43634, 18.60046, 9.74786],
							"size": [4.98786, 8.47029, 0],
							"pivot": [-1.94241, 22.8356, 9.74786],
							"rotation": [-148.24718, 40.27211, -43.9127],
							"uv": {
								"north": {"uv": [94.75, 32], "uv_size": [-4.5, -4.25]},
								"east": {"uv": [103.25, 53.25], "uv_size": [-13, -11.5]},
								"south": {"uv": [116.25, 53], "uv_size": [-13, -11.5]},
								"west": {"uv": [103.25, 53.25], "uv_size": [-13, -11.5]},
								"up": {"uv": [90.25, 41.75], "uv_size": [13, 11.5]},
								"down": {"uv": [90.25, 41.75], "uv_size": [13, 11.5]}
							}
						},
						{
							"origin": [-7.43912, 9.34397, -6.32766],
							"size": [4.98786, 8.47029, 0],
							"pivot": [-4.61211, 9.48213, -6.64974],
							"rotation": [3.46495, 5.95935, -24.41312],
							"uv": {
								"north": {"uv": [94.75, 49], "uv_size": [-4.5, -4.25]},
								"east": {"uv": [103.25, 53.25], "uv_size": [-13, -11.5]},
								"south": {"uv": [116.25, 53], "uv_size": [-13, -11.5]},
								"west": {"uv": [103.25, 53.25], "uv_size": [-13, -11.5]},
								"up": {"uv": [90.25, 41.75], "uv_size": [13, 11.5]},
								"down": {"uv": [90.25, 41.75], "uv_size": [13, 11.5]}
							}
						}
					]
				},
				{
					"name": "fumaca2",
					"parent": "waist",
					"pivot": [6.0507, 20.21165, 0.25946],
					"rotation": [0, 0, -2.5],
					"cubes": [
						{
							"origin": [2.98044, 1.67108, -5.91254],
							"size": [4.98786, 8.47029, 0],
							"pivot": [5.47436, 5.90622, -5.91254],
							"rotation": [6.12191, -3.1681, -8.07592],
							"uv": {
								"north": {"uv": [90.25, 53.25], "uv_size": [4.5, -4.25]},
								"east": {"uv": [90.25, 53.25], "uv_size": [13, -11.5]},
								"south": {"uv": [103.25, 53], "uv_size": [13, -11.5]},
								"west": {"uv": [90.25, 53.25], "uv_size": [13, -11.5]},
								"up": {"uv": [103.25, 41.75], "uv_size": [-13, 11.5]},
								"down": {"uv": [103.25, 41.75], "uv_size": [-13, 11.5]}
							}
						},
						{
							"origin": [5.65698, 16.24926, -6.80705],
							"size": [4.98786, 8.47029, 0],
							"pivot": [8.63144, 16.03818, -6.7929],
							"rotation": [-24.63857, -13.74244, -8.79411],
							"uv": {
								"north": {"uv": [90.25, 44.75], "uv_size": [4.5, -4.25]},
								"east": {"uv": [90.25, 53.25], "uv_size": [13, -11.5]},
								"south": {"uv": [103.25, 53], "uv_size": [13, -11.5]},
								"west": {"uv": [90.25, 53.25], "uv_size": [13, -11.5]},
								"up": {"uv": [103.25, 41.75], "uv_size": [-13, 11.5]},
								"down": {"uv": [103.25, 41.75], "uv_size": [-13, 11.5]}
							}
						},
						{
							"origin": [3.62957, 22.73714, -4.1791],
							"size": [4.98786, 8.47029, 0],
							"pivot": [6.10958, 22.50996, -3.88331],
							"rotation": [-57.4013, 7.8122, 17.43039],
							"uv": {
								"north": {"uv": [90.25, 40.5], "uv_size": [4.5, -4.25]},
								"east": {"uv": [90.25, 53.25], "uv_size": [13, -11.5]},
								"south": {"uv": [103.25, 53], "uv_size": [13, -11.5]},
								"west": {"uv": [90.25, 53.25], "uv_size": [13, -11.5]},
								"up": {"uv": [103.25, 41.75], "uv_size": [-13, 11.5]},
								"down": {"uv": [103.25, 41.75], "uv_size": [-13, 11.5]}
							}
						},
						{
							"origin": [4.19822, 21.17186, 5.31666],
							"size": [4.98786, 8.47029, 0],
							"pivot": [6.69215, 25.407, 5.31666],
							"rotation": [-119.97296, -22.43278, 19.26016],
							"uv": {
								"north": {"uv": [90.25, 36.25], "uv_size": [4.5, -4.25]},
								"east": {"uv": [90.25, 53.25], "uv_size": [13, -11.5]},
								"south": {"uv": [103.25, 53], "uv_size": [13, -11.5]},
								"west": {"uv": [90.25, 53.25], "uv_size": [13, -11.5]},
								"up": {"uv": [103.25, 41.75], "uv_size": [-13, 11.5]},
								"down": {"uv": [103.25, 41.75], "uv_size": [-13, 11.5]}
							}
						},
						{
							"origin": [-0.55152, 18.60046, 9.74786],
							"size": [4.98786, 8.47029, 0],
							"pivot": [1.94241, 22.8356, 9.74786],
							"rotation": [-148.24718, -40.27211, 43.9127],
							"uv": {
								"north": {"uv": [90.25, 32], "uv_size": [4.5, -4.25]},
								"east": {"uv": [90.25, 53.25], "uv_size": [13, -11.5]},
								"south": {"uv": [103.25, 53], "uv_size": [13, -11.5]},
								"west": {"uv": [90.25, 53.25], "uv_size": [13, -11.5]},
								"up": {"uv": [103.25, 41.75], "uv_size": [-13, 11.5]},
								"down": {"uv": [103.25, 41.75], "uv_size": [-13, 11.5]}
							}
						},
						{
							"origin": [2.45126, 9.34397, -6.32766],
							"size": [4.98786, 8.47029, 0],
							"pivot": [4.61211, 9.48213, -6.64974],
							"rotation": [3.46495, -5.95935, 24.41312],
							"uv": {
								"north": {"uv": [90.25, 49], "uv_size": [4.5, -4.25]},
								"east": {"uv": [90.25, 53.25], "uv_size": [13, -11.5]},
								"south": {"uv": [103.25, 53], "uv_size": [13, -11.5]},
								"west": {"uv": [90.25, 53.25], "uv_size": [13, -11.5]},
								"up": {"uv": [103.25, 41.75], "uv_size": [-13, 11.5]},
								"down": {"uv": [103.25, 41.75], "uv_size": [-13, 11.5]}
							}
						}
					]
				},
				{
					"name": "leftLeg",
					"parent": "root",
					"pivot": [1.9, 12, 0],
					"cubes": [
						{
							"origin": [-0.1, 0, -2],
							"size": [4, 12, 4],
							"uv": {
								"north": {"uv": [36, 12], "uv_size": [4, 12]},
								"east": {"uv": [26, 37], "uv_size": [4, 12]},
								"south": {"uv": [30, 37], "uv_size": [4, 12]},
								"west": {"uv": [34, 37], "uv_size": [4, 12]},
								"up": {"uv": [36, 49], "uv_size": [4, 4]},
								"down": {"uv": [49, 52], "uv_size": [4, -4]}
							}
						}
					]
				},
				{
					"name": "rightLeg",
					"parent": "root",
					"pivot": [-1.9, 12, 0],
					"cubes": [
						{
							"origin": [-3.9, 0, -2],
							"size": [4, 12, 4],
							"uv": {
								"north": {"uv": [38, 37], "uv_size": [4, 12]},
								"east": {"uv": [16, 39], "uv_size": [4, 12]},
								"south": {"uv": [20, 39], "uv_size": [4, 12]},
								"west": {"uv": [39, 24], "uv_size": [4, 12]},
								"up": {"uv": [0, 50], "uv_size": [4, 4]},
								"down": {"uv": [4, 54], "uv_size": [4, -4]}
							}
						}
					]
				}
			]
		}
	]
}