{
	"format_version": "1.12.0",
	"minecraft:geometry": [
		{
			"description": {
				"identifier": "geometry.gpush",
				"texture_width": 16,
				"texture_height": 16,
				"visible_bounds_width": 5,
				"visible_bounds_height": 5.5,
				"visible_bounds_offset": [0, 2.25, 0]
			},
			"bones": [
				{
					"name": "bone",
					"pivot": [0, 0, 0],
					"cubes": [
						{
							"origin": [-32, 0, -32],
							"size": [64, 64, 64],
							"uv": {
								"north": {"uv": [3.975, 5.325], "uv_size": [4.025, 5.35]},
								"east": {"uv": [3.975, 5.325], "uv_size": [4.025, 5.35]},
								"south": {"uv": [3.975, 5.325], "uv_size": [4.025, 5.35]},
								"west": {"uv": [3.975, 5.325], "uv_size": [4.025, 5.35]},
								"up": {"uv": [8, 5.325], "uv_size": [-4, -5.325]},
								"down": {"uv": [8, 16], "uv_size": [-4, -5.35]}
							}
						}
					]
				}
			]
		}
	]
}