{
	"format_version": "1.12.0",
	"minecraft:geometry": [
		{
			"description": {
				"identifier": "geometry.gura_cracks",
				"texture_width": 64,
				"texture_height": 64,
				"visible_bounds_width": 5,
				"visible_bounds_height": 10,
				"visible_bounds_offset": [0, 3, 0]
			},
			"bones": [
				{
					"name": "root",
					"pivot": [0, 0, 0]
				},
				{
					"name": "waist",
					"parent": "root",
					"pivot": [0, 12, 0]
				},
				{
					"name": "body",
					"parent": "waist",
					"pivot": [0, 24, 0],
					"cubes": [
						{"origin": [-4, 12, -2], "size": [8, 12, 4], "uv": [40, 48], "mirror": true}
					]
				},
				{
					"name": "head",
					"parent": "body",
					"pivot": [0, 24, 0],
					"cubes": [
						{"origin": [-4, 24, -4], "size": [8, 8, 8], "uv": [32, 48]}
					]
				},
				{
					"name": "cape",
					"parent": "body",
					"pivot": [0, 24, 3]
				},
				{
					"name": "rightArm",
					"parent": "body",
					"pivot": [-5, 22, 0],
					"cubes": [
						{
							"origin": [-8, 12, -2],
							"size": [4, 12, 4],
							"uv": {
								"north": {"uv": [38, 0], "uv_size": [4, 12]},
								"east": {"uv": [38, 12], "uv_size": [4, 12]},
								"south": {"uv": [38, 24], "uv_size": [4, 12]},
								"west": {"uv": [38, 36], "uv_size": [4, 12]},
								"up": {"uv": [34, 44], "uv_size": [4, 4]},
								"down": {"uv": [46, 12], "uv_size": [4, -4]}
							}
						}
					]
				},
				{
					"name": "leftArm",
					"parent": "body",
					"pivot": [5, 22, 0],
					"cubes": [
						{
							"origin": [4, 12, -2],
							"size": [4, 12, 4],
							"uv": {
								"north": {"uv": [38.5, 64], "uv_size": [25.5, 0]},
								"east": {"uv": [60, 52], "uv_size": [4, 12]},
								"south": {"uv": [60, 52], "uv_size": [4, 12]},
								"west": {"uv": [60, 49.5], "uv_size": [4, 12]},
								"up": {"uv": [60, 39.5], "uv_size": [4, 4]},
								"down": {"uv": [60, 64], "uv_size": [4, -4]}
							}
						}
					]
				},
				{
					"name": "leftLeg",
					"parent": "root",
					"pivot": [1.9, 12, 0],
					"cubes": [
						{"origin": [-0.1, 0, -2], "size": [4, 12, 4], "uv": [48, 48]}
					]
				},
				{
					"name": "rightLeg",
					"parent": "root",
					"pivot": [-1.9, 12, 0],
					"cubes": [
						{"origin": [-3.9, 0, -2], "size": [4, 12, 4], "uv": [48, 48]}
					]
				},
				{
					"name": "rightRachadura",
					"pivot": [-10, 15.5, -1],
					"cubes": [
						{
							"origin": [-10, -8.2006, -25.8292],
							"size": [0, 47.4012, 49.6584],
							"uv": {
								"north": {"uv": [0, 0], "uv_size": [0, 21]},
								"east": {"uv": [3, 1.5], "uv_size": [19, 17.5]},
								"south": {"uv": [0, 0], "uv_size": [0, 21]},
								"west": {"uv": [0, 21], "uv_size": [22, 21]},
								"up": {"uv": [0, 0], "uv_size": [0, 22]},
								"down": {"uv": [0, 22], "uv_size": [0, -22]}
							}
						}
					]
				},
				{
					"name": "leftRachadura",
					"pivot": [10, 15.5, -1],
					"cubes": [
						{
							"origin": [10, -8.2006, -25.8292],
							"size": [0, 47.4012, 49.6584],
							"uv": {
								"north": {"uv": [0, 0], "uv_size": [0, 21]},
								"east": {"uv": [22, 21], "uv_size": [-22, 21]},
								"south": {"uv": [0, 0], "uv_size": [0, 21]},
								"west": {"uv": [22, 1.5], "uv_size": [-19, 17.5]},
								"up": {"uv": [0, 0], "uv_size": [0, 22]},
								"down": {"uv": [0, 22], "uv_size": [0, -22]}
							}
						}
					]
				}
			]
		}
	]
}