{
	"format_version": "1.12.0",
	"minecraft:geometry": [
		{
			"description": {
				"identifier": "geometry.guraball",
				"texture_width": 128,
				"texture_height": 128,
				"visible_bounds_width": 5,
				"visible_bounds_height": 5,
				"visible_bounds_offset": [0, 1.5, 0]
			},
			"bones": [
				{
					"name": "Guraquadrado",
					"pivot": [0, 17.5, 0.5],
					"cubes": [
						{
							"origin": [-16, 0, -16],
							"size": [32, 33, 33],
							"pivot": [0, 16.5, 0.5],
							"rotation": [0, 45, -45],
							"uv": {
								"north": {"uv": [0, 35], "uv_size": [32, 35]},
								"east": {"uv": [0, 0], "uv_size": [33, 35]},
								"south": {"uv": [32, 35], "uv_size": [32, 35]},
								"west": {"uv": [33, 0], "uv_size": [33, 35]},
								"up": {"uv": [64, 35], "uv_size": [32, 33]},
								"down": {"uv": [66, 33], "uv_size": [32, -33]}
							}
						},
						{
							"origin": [-16, 0, -16],
							"size": [32, 33, 33],
							"uv": {
								"north": {"uv": [0, 35], "uv_size": [32, 35]},
								"east": {"uv": [0, 0], "uv_size": [33, 35]},
								"south": {"uv": [32, 35], "uv_size": [32, 35]},
								"west": {"uv": [33, 0], "uv_size": [33, 35]},
								"up": {"uv": [64, 35], "uv_size": [32, 33]},
								"down": {"uv": [66, 33], "uv_size": [32, -33]}
							}
						}
					]
				}
			]
		}
	]
}