{
	"format_version": "1.12.0",
	"minecraft:geometry": [
		{
			"description": {
				"identifier": "geometry.ichimonji",
				"texture_width": 128,
				"texture_height": 128,
				"visible_bounds_width": 4,
				"visible_bounds_height": 4.5,
				"visible_bounds_offset": [0, 0.75, 0]
			},
			"bones": [
				{
					"name": "root",
					"pivot": [0, 0, 0]
				},
				{
					"name": "waist",
					"parent": "root",
					"pivot": [0, 12, 0]
				},
				{
					"name": "body",
					"parent": "waist",
					"pivot": [0, 24, 0],
					"cubes": [
						{"origin": [-4, 12, -2], "size": [8, 12, 4], "uv": [104, 112]}
					]
				},
				{
					"name": "cape",
					"parent": "body",
					"pivot": [0, 24, 3]
				},
				{
					"name": "head",
					"parent": "body",
					"pivot": [0, 24, 0],
					"cubes": [
						{"origin": [-4, 24, -4], "size": [8, 8, 8], "uv": [96, 112]}
					]
				},
				{
					"name": "rightArm",
					"parent": "body",
					"pivot": [-5, 22, 0],
					"cubes": [
						{
							"origin": [-8, 12, -2],
							"size": [4, 12, 4],
							"uv": {
								"north": {"uv": [24, 24], "uv_size": [4, 12]},
								"east": {"uv": [0, 28], "uv_size": [4, 12]},
								"south": {"uv": [28, 0], "uv_size": [4, 12]},
								"west": {"uv": [4, 28], "uv_size": [4, 12]},
								"up": {"uv": [4, 40], "uv_size": [4, 4]},
								"down": {"uv": [40, 10], "uv_size": [4, -4]}
							}
						}
					]
				},
				{
					"name": "rightKatana",
					"parent": "rightArm",
					"pivot": [-6, 12.57843, 1.96886],
					"rotation": [0, 0, 0],
					"cubes": [
						{
							"origin": [-6.31205, 11.79601, -3.25099],
							"size": [0.62409, 1.41238, 8.8046],
							"uv": {
								"north": {"uv": [18, 50], "uv_size": [0.5, 1.5]},
								"east": {"uv": [44, 2], "uv_size": [8.75, 1.5]},
								"south": {"uv": [19, 50], "uv_size": [0.5, 1.5]},
								"west": {"uv": [44, 4], "uv_size": [8.75, 1.5]},
								"up": {"uv": [2, 46], "uv_size": [0.5, 8.75]},
								"down": {"uv": [3, 54.75], "uv_size": [0.5, -8.75]}
							}
						},
						{
							"origin": [-6.78971, 11.33514, -3.11842],
							"size": [1.57942, 2.36913, 0.79947],
							"uv": {
								"north": {"uv": [18, 46], "uv_size": [1.5, 2.25]},
								"east": {"uv": [48, 6], "uv_size": [0.75, 2.25]},
								"south": {"uv": [20, 46], "uv_size": [1.5, 2.25]},
								"west": {"uv": [27, 48], "uv_size": [0.75, 2.25]},
								"up": {"uv": [24, 49], "uv_size": [1.5, 0.75]},
								"down": {"uv": [49, 36.75], "uv_size": [1.5, -0.75]}
							}
						},
						{
							"origin": [-6.164, 12.43771, -31.84389],
							"size": [0.328, 0.738, 28.6168],
							"uv": {
								"north": {"uv": [51, 51], "uv_size": [0.25, 0.75]},
								"east": {"uv": [40, 0], "uv_size": [28.5, 0.75]},
								"south": {"uv": [0, 52], "uv_size": [0.25, 0.75]},
								"west": {"uv": [40, 1], "uv_size": [28.5, 0.75]},
								"up": {"uv": [9, 44], "uv_size": [0.25, 28.5]},
								"down": {"uv": [10, 72.5], "uv_size": [0.25, -28.5]}
							}
						},
						{
							"origin": [-6.1148, 11.81041, -31.19937],
							"size": [0.2296, 1.3366, 28.14776],
							"uv": {
								"north": {"uv": [26, 51], "uv_size": [0.25, 1.25]},
								"east": {"uv": [64.25, 32], "uv_size": [-28.25, 1.25]},
								"south": {"uv": [27, 51], "uv_size": [0.25, 1.25]},
								"west": {"uv": [36, 32], "uv_size": [28.25, 1.25]},
								"up": {"uv": [15, 44], "uv_size": [0.25, 28.25]},
								"down": {"uv": [38, 72.25], "uv_size": [0.25, -28.25]}
							}
						},
						{
							"origin": [-6.1148, 11.99901, -32.01937],
							"size": [0.2296, 1.148, 0.82],
							"uv": {
								"north": {"uv": [51, 36], "uv_size": [0.25, 1.25]},
								"east": {"uv": [0, 50], "uv_size": [0.75, 1.25]},
								"south": {"uv": [51, 40], "uv_size": [0.25, 1.25]},
								"west": {"uv": [1, 50], "uv_size": [0.75, 1.25]},
								"up": {"uv": [1, 52], "uv_size": [0.25, 0.75]},
								"down": {"uv": [4, 52.75], "uv_size": [0.25, -0.75]}
							}
						},
						{
							"origin": [-6.1148, 12.48581, -32.89722],
							"size": [0.2296, 0.738, 1.64],
							"pivot": [-6, 12.85481, -32.48722],
							"rotation": [-10, 0, 0],
							"uv": {
								"north": {"uv": [5, 52], "uv_size": [0.25, 0.75]},
								"east": {"uv": [49, 7], "uv_size": [1.75, 0.75]},
								"south": {"uv": [6, 52], "uv_size": [0.25, 0.75]},
								"west": {"uv": [49, 8], "uv_size": [1.75, 0.75]},
								"up": {"uv": [50, 48], "uv_size": [0.25, 1.75]},
								"down": {"uv": [50, 51.75], "uv_size": [0.25, -1.75]}
							}
						},
						{
							"origin": [-6.09413, 12.10971, -32.36869],
							"size": [0.18827, 0.60516, 0.6724],
							"uv": {
								"north": {"uv": [52, 10], "uv_size": [0.25, 0.5]},
								"east": {"uv": [8, 51], "uv_size": [0.75, 0.5]},
								"south": {"uv": [52, 11], "uv_size": [0.25, 0.5]},
								"west": {"uv": [51, 8], "uv_size": [0.75, 0.5]},
								"up": {"uv": [52, 6], "uv_size": [0.25, 0.75]},
								"down": {"uv": [7, 52.75], "uv_size": [0.25, -0.75]}
							}
						}
					]
				},
				{
					"name": "leftArm",
					"parent": "body",
					"pivot": [5, 22, 0],
					"cubes": [
						{
							"origin": [4, 12, -2],
							"size": [4, 12, 4],
							"uv": {
								"north": {"uv": [24, 0], "uv_size": [4, 12]},
								"east": {"uv": [24, 12], "uv_size": [4, 12]},
								"south": {"uv": [16, 24], "uv_size": [4, 12]},
								"west": {"uv": [20, 24], "uv_size": [4, 12]},
								"up": {"uv": [0, 40], "uv_size": [4, 4]},
								"down": {"uv": [40, 6], "uv_size": [4, -4]}
							}
						}
					]
				},
				{
					"name": "bainha3",
					"parent": "waist",
					"pivot": [4.5757, 12.90858, -0.62122],
					"rotation": [-162.41078, 0.16075, 179.60216],
					"cubes": [
						{
							"origin": [4.41467, 11.61859, -24.93114],
							"size": [0.69898, 1.58187, 30.86435],
							"uv": {
								"north": {"uv": [44, 49], "uv_size": [0.75, 1.5]},
								"east": {"uv": [36, 18], "uv_size": [30.75, 1.5]},
								"south": {"uv": [49, 44], "uv_size": [0.75, 1.5]},
								"west": {"uv": [36, 20], "uv_size": [30.75, 1.5]},
								"up": {"uv": [36, 38], "uv_size": [0.75, 30.75]},
								"down": {"uv": [37, 68.75], "uv_size": [0.75, -30.75]}
							}
						},
						{
							"origin": [4.40069, 11.58695, -25.46843],
							"size": [0.72694, 1.64515, 0.93892],
							"uv": {
								"north": {"uv": [16, 49], "uv_size": [0.75, 1.75]},
								"east": {"uv": [47, 44], "uv_size": [1, 1.75]},
								"south": {"uv": [17, 49], "uv_size": [0.75, 1.75]},
								"west": {"uv": [45, 47], "uv_size": [1, 1.75]},
								"up": {"uv": [21, 50], "uv_size": [0.75, 1]},
								"down": {"uv": [24, 51], "uv_size": [0.75, -1]}
							}
						}
					]
				},
				{
					"name": "leftLeg",
					"parent": "root",
					"pivot": [1.9, 12, 0],
					"cubes": [
						{"origin": [-0.1, 0, -2], "size": [4, 12, 4], "uv": [112, 112]}
					]
				},
				{
					"name": "rightLeg",
					"parent": "root",
					"pivot": [-1.9, 12, 0],
					"cubes": [
						{"origin": [-3.9, 0, -2], "size": [4, 12, 4], "uv": [112, 112]}
					]
				}
			]
		}
	]
}