{
	"format_version": "1.12.0",
	"minecraft:geometry": [
		{
			"description": {
				"identifier": "geometry.jiki",
				"texture_width": 32,
				"texture_height": 32,
				"visible_bounds_width": 3,
				"visible_bounds_height": 3.5,
				"visible_bounds_offset": [0, 1.25, 0]
			},
			"bones": [
				{
					"name": "bb_main",
					"pivot": [0, 0, 0],
					"cubes": [
						{
							"origin": [-8, 12, -2],
							"size": [4, 12, 4],
							"uv": {
								"north": {"uv": [32, 28.5], "uv_size": [-5.25, 3.5]},
								"east": {"uv": [32, 28.5], "uv_size": [-5.25, 3.5]},
								"south": {"uv": [32, 28.5], "uv_size": [-5.25, 3.5]},
								"west": {"uv": [32, 28.5], "uv_size": [-5.25, 3.5]},
								"up": {"uv": [26.75, 32], "uv_size": [5.25, -3.5]},
								"down": {"uv": [26.75, 32], "uv_size": [5.25, -3.5]}
							}
						}
					]
				},
				{
					"name": "rightArm",
					"pivot": [-5, 22, 0]
				},
				{
					"name": "rightSleeve",
					"parent": "rightArm",
					"pivot": [-5, 22, 0]
				},
				{
					"name": "jikijikinomi",
					"parent": "rightArm",
					"pivot": [-6.02329, 9.80534, 0.01301],
					"rotation": [90, 0, 0],
					"cubes": [
						{
							"origin": [-8.6048, 8.0352, -2.6048],
							"size": [5.2096, 4.2096, 5.2096],
							"uv": {
								"north": {"uv": [7, 0], "uv_size": [5.25, 5.25]},
								"east": {"uv": [7, 6], "uv_size": [5.25, 5.25]},
								"south": {"uv": [7, 12], "uv_size": [5.25, 5.25]},
								"west": {"uv": [13, 0], "uv_size": [5.25, 5.25]},
								"up": {"uv": [13, 6], "uv_size": [5.25, 5.25]},
								"down": {"uv": [13, 17.25], "uv_size": [5.25, -5.25]}
							}
						},
						{
							"origin": [-9.17734, 9.85093, -2.95343],
							"size": [6.35467, 1.00467, 6.35467],
							"pivot": [-6, 10.35327, 0.22391],
							"rotation": [0, 0, -5],
							"uv": {
								"north": {"uv": [23, 10], "uv_size": [6.25, 1]},
								"east": {"uv": [23, 11], "uv_size": [6.25, 1]},
								"south": {"uv": [23, 12], "uv_size": [6.25, 1]},
								"west": {"uv": [23, 13], "uv_size": [6.25, 1]},
								"up": {"uv": [0, 0], "uv_size": [6.25, 6.25]},
								"down": {"uv": [0, 13.25], "uv_size": [6.25, -6.25]}
							}
						},
						{
							"origin": [-8.79605, 11.63077, -2.90321],
							"size": [5.59211, 0.88411, 6.3],
							"pivot": [-6, 12.07282, -0.10715],
							"rotation": [0, 0, 5],
							"uv": {
								"north": {"uv": [23, 10], "uv_size": [6.25, 1]},
								"east": {"uv": [23, 11], "uv_size": [6.25, 1]},
								"south": {"uv": [23, 12], "uv_size": [6.25, 1]},
								"west": {"uv": [23, 13], "uv_size": [6.25, 1]},
								"up": {"uv": [0, 0], "uv_size": [6.25, 6.25]},
								"down": {"uv": [0, 13.25], "uv_size": [6.25, -6.25]}
							}
						},
						{
							"origin": [-8.62486, 8.08799, -2.90321],
							"size": [5.59211, 0.88411, 6.3],
							"pivot": [-9, 8.07282, -0.10715],
							"rotation": [0, 0, -5],
							"uv": {
								"north": {"uv": [23, 10], "uv_size": [6.25, 1]},
								"east": {"uv": [23, 11], "uv_size": [6.25, 1]},
								"south": {"uv": [23, 12], "uv_size": [6.25, 1]},
								"west": {"uv": [23, 13], "uv_size": [6.25, 1]},
								"up": {"uv": [0, 0], "uv_size": [6.25, 6.25]},
								"down": {"uv": [0, 13.25], "uv_size": [6.25, -6.25]}
							}
						},
						{
							"origin": [-8.97053, 8.66947, -1.97053],
							"size": [5.94106, 3.94106, 3.94106],
							"uv": {
								"north": {"uv": [0, 14], "uv_size": [6, 4]},
								"east": {"uv": [14, 22], "uv_size": [4, 4]},
								"south": {"uv": [0, 18], "uv_size": [6, 4]},
								"west": {"uv": [22, 18], "uv_size": [4, 4]},
								"up": {"uv": [6, 18], "uv_size": [6, 4]},
								"down": {"uv": [12, 22], "uv_size": [6, -4]}
							}
						},
						{
							"origin": [-7.94553, 7.69447, -1.94553],
							"size": [3.89105, 5.89105, 3.89105],
							"uv": {
								"north": {"uv": [18, 18], "uv_size": [4, 6]},
								"east": {"uv": [19, 0], "uv_size": [4, 6]},
								"south": {"uv": [19, 6], "uv_size": [4, 6]},
								"west": {"uv": [19, 12], "uv_size": [4, 6]},
								"up": {"uv": [22, 22], "uv_size": [4, 4]},
								"down": {"uv": [23, 4], "uv_size": [4, -4]}
							}
						},
						{
							"origin": [-9.34584, 13.94896, 0],
							"size": [6.48208, 2.38208, 0],
							"uv": {
								"north": {"uv": [0, 22], "uv_size": [6.5, 2.5]},
								"east": {"uv": [0, 0], "uv_size": [0, 2.5]},
								"south": {"uv": [7, 22], "uv_size": [6.5, 2.5]},
								"west": {"uv": [0, 0], "uv_size": [0, 2.5]},
								"up": {"uv": [0, 0], "uv_size": [6.5, 0]},
								"down": {"uv": [0, 0], "uv_size": [6.5, 0]}
							}
						},
						{
							"origin": [-9.53483, 11.04207, -2.83824],
							"size": [3.48208, 2.38208, 0],
							"pivot": [-7.79379, 12.23311, -2.83824],
							"rotation": [4.92866, -2.52805, 20.65245],
							"uv": {
								"north": {"uv": [23, 4], "uv_size": [3.5, 2.5]},
								"east": {"uv": [0, 0], "uv_size": [0, 2.5]},
								"south": {"uv": [23, 7], "uv_size": [3.5, 2.5]},
								"west": {"uv": [0, 0], "uv_size": [0, 2.5]},
								"up": {"uv": [0, 0], "uv_size": [3.5, 0]},
								"down": {"uv": [0, 0], "uv_size": [3.5, 0]}
							}
						},
						{
							"origin": [-9.64835, 10.04207, -2.64723],
							"size": [3.48208, 2.38208, 0],
							"pivot": [-7.8512, 10.23931, -2.74312],
							"rotation": [14.45471, 5.61828, -20.94366],
							"uv": {
								"north": {"uv": [23, 4], "uv_size": [3.5, 2.5]},
								"east": {"uv": [0, 0], "uv_size": [0, 2.5]},
								"south": {"uv": [23, 7], "uv_size": [3.5, 2.5]},
								"west": {"uv": [0, 0], "uv_size": [0, 2.5]},
								"up": {"uv": [0, 0], "uv_size": [3.5, 0]},
								"down": {"uv": [0, 0], "uv_size": [3.5, 0]}
							}
						},
						{
							"origin": [-10.00408, 8.14644, -2.91424],
							"size": [3.48208, 2.38208, 0],
							"pivot": [-7.8512, 11.23931, -2.74312],
							"rotation": [4.43157, 3.13661, -21.24674],
							"uv": {
								"north": {"uv": [23, 4], "uv_size": [3.5, 2.5]},
								"east": {"uv": [0, 0], "uv_size": [0, 2.5]},
								"south": {"uv": [23, 7], "uv_size": [3.5, 2.5]},
								"west": {"uv": [0, 0], "uv_size": [0, 2.5]},
								"up": {"uv": [0, 0], "uv_size": [3.5, 0]},
								"down": {"uv": [0, 0], "uv_size": [3.5, 0]}
							}
						},
						{
							"origin": [-7.28479, 8.1192, -2.74421],
							"size": [3.48208, 2.38208, 0],
							"pivot": [-7.54375, 9.31024, -2.74421],
							"rotation": [5.42485, -2.21989, 10.90833],
							"uv": {
								"north": {"uv": [23, 4], "uv_size": [3.5, 2.5]},
								"east": {"uv": [0, 0], "uv_size": [0, 2.5]},
								"south": {"uv": [23, 7], "uv_size": [3.5, 2.5]},
								"west": {"uv": [0, 0], "uv_size": [0, 2.5]},
								"up": {"uv": [0, 0], "uv_size": [3.5, 0]},
								"down": {"uv": [0, 0], "uv_size": [3.5, 0]}
							}
						},
						{
							"origin": [-4.71085, 7.99204, -2.84113],
							"size": [3.48208, 2.38208, 0],
							"pivot": [-3.54547, 11.37841, -2.81929],
							"rotation": [0.72534, -9.99669, 25.61068],
							"uv": {
								"north": {"uv": [23, 4], "uv_size": [3.5, 2.5]},
								"east": {"uv": [0, 0], "uv_size": [0, 2.5]},
								"south": {"uv": [23, 7], "uv_size": [3.5, 2.5]},
								"west": {"uv": [0, 0], "uv_size": [0, 2.5]},
								"up": {"uv": [0, 0], "uv_size": [3.5, 0]},
								"down": {"uv": [0, 0], "uv_size": [3.5, 0]}
							}
						},
						{
							"origin": [-8.64835, 10.04207, -2.64723],
							"size": [3.48208, 2.38208, 0],
							"pivot": [-7.8512, 10.23931, -2.74312],
							"rotation": [7.9337, -3.5337, 33.18178],
							"uv": {
								"north": {"uv": [23, 4], "uv_size": [3.5, 2.5]},
								"east": {"uv": [0, 0], "uv_size": [0, 2.5]},
								"south": {"uv": [23, 7], "uv_size": [3.5, 2.5]},
								"west": {"uv": [0, 0], "uv_size": [0, 2.5]},
								"up": {"uv": [0, 0], "uv_size": [3.5, 0]},
								"down": {"uv": [0, 0], "uv_size": [3.5, 0]}
							}
						},
						{
							"origin": [-6.94109, 10.88531, -2.65001],
							"size": [3.48208, 2.38208, 0],
							"pivot": [-5.20005, 12.07635, -2.65001],
							"rotation": [0.64346, 2.43451, -11.40403],
							"uv": {
								"north": {"uv": [23, 4], "uv_size": [3.5, 2.5]},
								"east": {"uv": [0, 0], "uv_size": [0, 2.5]},
								"south": {"uv": [23, 7], "uv_size": [3.5, 2.5]},
								"west": {"uv": [0, 0], "uv_size": [0, 2.5]},
								"up": {"uv": [0, 0], "uv_size": [3.5, 0]},
								"down": {"uv": [0, 0], "uv_size": [3.5, 0]}
							}
						},
						{
							"origin": [-5.94109, 9.88531, -2.65001],
							"size": [3.48208, 2.38208, 0],
							"pivot": [-5.20005, 12.07635, -2.65001],
							"rotation": [-4.35648, -2.56518, -11.46017],
							"uv": {
								"north": {"uv": [23, 4], "uv_size": [3.5, 2.5]},
								"east": {"uv": [0, 0], "uv_size": [0, 2.5]},
								"south": {"uv": [23, 7], "uv_size": [3.5, 2.5]},
								"west": {"uv": [0, 0], "uv_size": [0, 2.5]},
								"up": {"uv": [0, 0], "uv_size": [3.5, 0]},
								"down": {"uv": [0, 0], "uv_size": [3.5, 0]}
							}
						},
						{
							"origin": [-6.08281, 11.55019, -2.24199],
							"size": [3.48208, 2.38208, 0],
							"pivot": [-4.34177, 12.74123, -2.24199],
							"rotation": [-20.11686, -7.23276, -2.58132],
							"uv": {
								"north": {"uv": [23, 4], "uv_size": [3.5, 2.5]},
								"east": {"uv": [0, 0], "uv_size": [0, 2.5]},
								"south": {"uv": [23, 7], "uv_size": [3.5, 2.5]},
								"west": {"uv": [0, 0], "uv_size": [0, 2.5]},
								"up": {"uv": [0, 0], "uv_size": [3.5, 0]},
								"down": {"uv": [0, 0], "uv_size": [3.5, 0]}
							}
						},
						{
							"origin": [-8.06489, 11.46084, -2.49379],
							"size": [3.48208, 2.38208, 0],
							"pivot": [-6.32385, 12.65188, -2.49379],
							"rotation": [-9.60247, 3.44077, 1.3919],
							"uv": {
								"north": {"uv": [23, 4], "uv_size": [3.5, 2.5]},
								"east": {"uv": [0, 0], "uv_size": [0, 2.5]},
								"south": {"uv": [23, 7], "uv_size": [3.5, 2.5]},
								"west": {"uv": [0, 0], "uv_size": [0, 2.5]},
								"up": {"uv": [0, 0], "uv_size": [3.5, 0]},
								"down": {"uv": [0, 0], "uv_size": [3.5, 0]}
							}
						},
						{
							"origin": [-6.34584, 11.94896, -0.13624],
							"size": [0.48208, 2.38208, 0.48208],
							"pivot": [-6.1048, 13.14, 0.1048],
							"rotation": [0, 0, 15],
							"uv": {
								"north": {"uv": [6, 14], "uv_size": [0.5, 2.5]},
								"east": {"uv": [23, 14], "uv_size": [0.5, 2.5]},
								"south": {"uv": [24, 14], "uv_size": [0.5, 2.5]},
								"west": {"uv": [18, 24], "uv_size": [0.5, 2.5]},
								"up": {"uv": [6, 17], "uv_size": [0.5, 0.5]},
								"down": {"uv": [23, 17.5], "uv_size": [0.5, -0.5]}
							}
						},
						{
							"origin": [-4.79999, 11.19543, -0.39524],
							"size": [3.48208, 2.38208, 0],
							"pivot": [-3.05895, 12.38647, -0.39524],
							"rotation": [-22.8005, -83.8985, 15.6865],
							"uv": {
								"north": {"uv": [23, 4], "uv_size": [3.5, 2.5]},
								"east": {"uv": [0, 0], "uv_size": [0, 2.5]},
								"south": {"uv": [23, 7], "uv_size": [3.5, 2.5]},
								"west": {"uv": [0, 0], "uv_size": [0, 2.5]},
								"up": {"uv": [0, 0], "uv_size": [3.5, 0]},
								"down": {"uv": [0, 0], "uv_size": [3.5, 0]}
							}
						},
						{
							"origin": [-4.96104, 11.29191, 1.59593],
							"size": [3.48208, 2.38208, 0],
							"pivot": [-3.22, 12.48295, 1.59593],
							"rotation": [131.2408, -84.6139, -149.0769],
							"uv": {
								"north": {"uv": [23, 4], "uv_size": [3.5, 2.5]},
								"east": {"uv": [0, 0], "uv_size": [0, 2.5]},
								"south": {"uv": [23, 7], "uv_size": [3.5, 2.5]},
								"west": {"uv": [0, 0], "uv_size": [0, 2.5]},
								"up": {"uv": [0, 0], "uv_size": [3.5, 0]},
								"down": {"uv": [0, 0], "uv_size": [3.5, 0]}
							}
						},
						{
							"origin": [-3.6202, 9.61151, 0.72067],
							"size": [3.48208, 2.38208, 0],
							"pivot": [-2.87916, 11.80255, 0.72067],
							"rotation": [85.7146, -78.5509, -88.0791],
							"uv": {
								"north": {"uv": [23, 4], "uv_size": [3.5, 2.5]},
								"east": {"uv": [0, 0], "uv_size": [0, 2.5]},
								"south": {"uv": [23, 7], "uv_size": [3.5, 2.5]},
								"west": {"uv": [0, 0], "uv_size": [0, 2.5]},
								"up": {"uv": [0, 0], "uv_size": [3.5, 0]},
								"down": {"uv": [0, 0], "uv_size": [3.5, 0]}
							}
						},
						{
							"origin": [-4.6202, 10.61151, 0.72067],
							"size": [3.48208, 2.38208, 0],
							"pivot": [-2.87916, 11.80255, 0.72067],
							"rotation": [67.3176, -77.5774, -64.1807],
							"uv": {
								"north": {"uv": [23, 4], "uv_size": [3.5, 2.5]},
								"east": {"uv": [0, 0], "uv_size": [0, 2.5]},
								"south": {"uv": [23, 7], "uv_size": [3.5, 2.5]},
								"west": {"uv": [0, 0], "uv_size": [0, 2.5]},
								"up": {"uv": [0, 0], "uv_size": [3.5, 0]},
								"down": {"uv": [0, 0], "uv_size": [3.5, 0]}
							}
						},
						{
							"origin": [-3.77903, 9.77101, -1.83612],
							"size": [3.48208, 2.38208, 0],
							"pivot": [-2.98188, 9.96824, -1.93202],
							"rotation": [-82.9045, -56.8499, 95.135],
							"uv": {
								"north": {"uv": [23, 4], "uv_size": [3.5, 2.5]},
								"east": {"uv": [0, 0], "uv_size": [0, 2.5]},
								"south": {"uv": [23, 7], "uv_size": [3.5, 2.5]},
								"west": {"uv": [0, 0], "uv_size": [0, 2.5]},
								"up": {"uv": [0, 0], "uv_size": [3.5, 0]},
								"down": {"uv": [0, 0], "uv_size": [3.5, 0]}
							}
						},
						{
							"origin": [-3.83392, 7.70838, 2.34445],
							"size": [3.48208, 2.38208, 0],
							"pivot": [-2.66854, 11.09475, 2.36629],
							"rotation": [-103.9918, -63.4812, 110.0574],
							"uv": {
								"north": {"uv": [23, 4], "uv_size": [3.5, 2.5]},
								"east": {"uv": [0, 0], "uv_size": [0, 2.5]},
								"south": {"uv": [23, 7], "uv_size": [3.5, 2.5]},
								"west": {"uv": [0, 0], "uv_size": [0, 2.5]},
								"up": {"uv": [0, 0], "uv_size": [3.5, 0]},
								"down": {"uv": [0, 0], "uv_size": [3.5, 0]}
							}
						},
						{
							"origin": [-2.74897, 7.84838, -1.62491],
							"size": [3.48208, 2.38208, 0],
							"pivot": [-3.00793, 9.03942, -1.62491],
							"rotation": [-82.8821, -79.0974, 91.2575],
							"uv": {
								"north": {"uv": [23, 4], "uv_size": [3.5, 2.5]},
								"east": {"uv": [0, 0], "uv_size": [0, 2.5]},
								"south": {"uv": [23, 7], "uv_size": [3.5, 2.5]},
								"west": {"uv": [0, 0], "uv_size": [0, 2.5]},
								"up": {"uv": [0, 0], "uv_size": [3.5, 0]},
								"down": {"uv": [0, 0], "uv_size": [3.5, 0]}
							}
						},
						{
							"origin": [-5.09114, 7.87442, -2.10313],
							"size": [3.48208, 2.38208, 0],
							"pivot": [-2.93826, 10.96729, -1.93202],
							"rotation": [79.8021, -68.0269, -72.751],
							"uv": {
								"north": {"uv": [23, 4], "uv_size": [3.5, 2.5]},
								"east": {"uv": [0, 0], "uv_size": [0, 2.5]},
								"south": {"uv": [23, 7], "uv_size": [3.5, 2.5]},
								"west": {"uv": [0, 0], "uv_size": [0, 2.5]},
								"up": {"uv": [0, 0], "uv_size": [3.5, 0]},
								"down": {"uv": [0, 0], "uv_size": [3.5, 0]}
							}
						},
						{
							"origin": [-4.77903, 9.77101, -1.83612],
							"size": [3.48208, 2.38208, 0],
							"pivot": [-2.98188, 9.96824, -1.93202],
							"rotation": [83.7807, -67.5617, -66.2483],
							"uv": {
								"north": {"uv": [23, 4], "uv_size": [3.5, 2.5]},
								"east": {"uv": [0, 0], "uv_size": [0, 2.5]},
								"south": {"uv": [23, 7], "uv_size": [3.5, 2.5]},
								"west": {"uv": [0, 0], "uv_size": [0, 2.5]},
								"up": {"uv": [0, 0], "uv_size": [3.5, 0]},
								"down": {"uv": [0, 0], "uv_size": [3.5, 0]}
							}
						},
						{
							"origin": [-4.53851, 10.76486, -1.87882],
							"size": [3.48208, 2.38208, 0],
							"pivot": [-2.79747, 11.9559, -1.87882],
							"rotation": [-84.6905, -69.3676, 93.035],
							"uv": {
								"north": {"uv": [23, 4], "uv_size": [3.5, 2.5]},
								"east": {"uv": [0, 0], "uv_size": [0, 2.5]},
								"south": {"uv": [23, 7], "uv_size": [3.5, 2.5]},
								"west": {"uv": [0, 0], "uv_size": [0, 2.5]},
								"up": {"uv": [0, 0], "uv_size": [3.5, 0]},
								"down": {"uv": [0, 0], "uv_size": [3.5, 0]}
							}
						},
						{
							"origin": [-10.68209, 11.19543, -0.39524],
							"size": [3.48208, 2.38208, 0],
							"pivot": [-8.94105, 12.38647, -0.39524],
							"rotation": [-22.8005, 83.8985, -15.6865],
							"uv": {
								"north": {"uv": [26.5, 4], "uv_size": [-3.5, 2.5]},
								"east": {"uv": [0, 0], "uv_size": [0, 2.5]},
								"south": {"uv": [26.5, 7], "uv_size": [-3.5, 2.5]},
								"west": {"uv": [0, 0], "uv_size": [0, 2.5]},
								"up": {"uv": [3.5, 0], "uv_size": [-3.5, 0]},
								"down": {"uv": [3.5, 0], "uv_size": [-3.5, 0]}
							}
						},
						{
							"origin": [-10.52104, 11.29191, 1.59593],
							"size": [3.48208, 2.38208, 0],
							"pivot": [-8.78, 12.48295, 1.59593],
							"rotation": [131.2408, 84.6139, 149.0769],
							"uv": {
								"north": {"uv": [26.5, 4], "uv_size": [-3.5, 2.5]},
								"east": {"uv": [0, 0], "uv_size": [0, 2.5]},
								"south": {"uv": [26.5, 7], "uv_size": [-3.5, 2.5]},
								"west": {"uv": [0, 0], "uv_size": [0, 2.5]},
								"up": {"uv": [3.5, 0], "uv_size": [-3.5, 0]},
								"down": {"uv": [3.5, 0], "uv_size": [-3.5, 0]}
							}
						},
						{
							"origin": [-11.86188, 9.61151, 0.72067],
							"size": [3.48208, 2.38208, 0],
							"pivot": [-9.12084, 11.80255, 0.72067],
							"rotation": [85.7146, 78.5509, 88.0791],
							"uv": {
								"north": {"uv": [26.5, 4], "uv_size": [-3.5, 2.5]},
								"east": {"uv": [0, 0], "uv_size": [0, 2.5]},
								"south": {"uv": [26.5, 7], "uv_size": [-3.5, 2.5]},
								"west": {"uv": [0, 0], "uv_size": [0, 2.5]},
								"up": {"uv": [3.5, 0], "uv_size": [-3.5, 0]},
								"down": {"uv": [3.5, 0], "uv_size": [-3.5, 0]}
							}
						},
						{
							"origin": [-10.86188, 10.61151, 0.72067],
							"size": [3.48208, 2.38208, 0],
							"pivot": [-9.12084, 11.80255, 0.72067],
							"rotation": [67.3176, 77.5774, 64.1807],
							"uv": {
								"north": {"uv": [26.5, 4], "uv_size": [-3.5, 2.5]},
								"east": {"uv": [0, 0], "uv_size": [0, 2.5]},
								"south": {"uv": [26.5, 7], "uv_size": [-3.5, 2.5]},
								"west": {"uv": [0, 0], "uv_size": [0, 2.5]},
								"up": {"uv": [3.5, 0], "uv_size": [-3.5, 0]},
								"down": {"uv": [3.5, 0], "uv_size": [-3.5, 0]}
							}
						},
						{
							"origin": [-11.70305, 9.77101, -1.83612],
							"size": [3.48208, 2.38208, 0],
							"pivot": [-9.01812, 9.96824, -1.93202],
							"rotation": [-82.9045, 56.8499, -95.135],
							"uv": {
								"north": {"uv": [26.5, 4], "uv_size": [-3.5, 2.5]},
								"east": {"uv": [0, 0], "uv_size": [0, 2.5]},
								"south": {"uv": [26.5, 7], "uv_size": [-3.5, 2.5]},
								"west": {"uv": [0, 0], "uv_size": [0, 2.5]},
								"up": {"uv": [3.5, 0], "uv_size": [-3.5, 0]},
								"down": {"uv": [3.5, 0], "uv_size": [-3.5, 0]}
							}
						},
						{
							"origin": [-11.64816, 7.70838, 2.34445],
							"size": [3.48208, 2.38208, 0],
							"pivot": [-9.33146, 11.09475, 2.36629],
							"rotation": [-103.9918, 63.4812, -110.0574],
							"uv": {
								"north": {"uv": [26.5, 4], "uv_size": [-3.5, 2.5]},
								"east": {"uv": [0, 0], "uv_size": [0, 2.5]},
								"south": {"uv": [26.5, 7], "uv_size": [-3.5, 2.5]},
								"west": {"uv": [0, 0], "uv_size": [0, 2.5]},
								"up": {"uv": [3.5, 0], "uv_size": [-3.5, 0]},
								"down": {"uv": [3.5, 0], "uv_size": [-3.5, 0]}
							}
						},
						{
							"origin": [-12.73311, 7.84838, -1.62491],
							"size": [3.48208, 2.38208, 0],
							"pivot": [-8.99207, 9.03942, -1.62491],
							"rotation": [-82.8821, 79.0974, -91.2575],
							"uv": {
								"north": {"uv": [26.5, 4], "uv_size": [-3.5, 2.5]},
								"east": {"uv": [0, 0], "uv_size": [0, 2.5]},
								"south": {"uv": [26.5, 7], "uv_size": [-3.5, 2.5]},
								"west": {"uv": [0, 0], "uv_size": [0, 2.5]},
								"up": {"uv": [3.5, 0], "uv_size": [-3.5, 0]},
								"down": {"uv": [3.5, 0], "uv_size": [-3.5, 0]}
							}
						},
						{
							"origin": [-10.39094, 7.87442, -2.10313],
							"size": [3.48208, 2.38208, 0],
							"pivot": [-9.06174, 10.96729, -1.93202],
							"rotation": [79.8021, 68.0269, 72.751],
							"uv": {
								"north": {"uv": [26.5, 4], "uv_size": [-3.5, 2.5]},
								"east": {"uv": [0, 0], "uv_size": [0, 2.5]},
								"south": {"uv": [26.5, 7], "uv_size": [-3.5, 2.5]},
								"west": {"uv": [0, 0], "uv_size": [0, 2.5]},
								"up": {"uv": [3.5, 0], "uv_size": [-3.5, 0]},
								"down": {"uv": [3.5, 0], "uv_size": [-3.5, 0]}
							}
						},
						{
							"origin": [-10.70305, 9.77101, -1.83612],
							"size": [3.48208, 2.38208, 0],
							"pivot": [-9.01812, 9.96824, -1.93202],
							"rotation": [83.7807, 67.5617, 66.2483],
							"uv": {
								"north": {"uv": [26.5, 4], "uv_size": [-3.5, 2.5]},
								"east": {"uv": [0, 0], "uv_size": [0, 2.5]},
								"south": {"uv": [26.5, 7], "uv_size": [-3.5, 2.5]},
								"west": {"uv": [0, 0], "uv_size": [0, 2.5]},
								"up": {"uv": [3.5, 0], "uv_size": [-3.5, 0]},
								"down": {"uv": [3.5, 0], "uv_size": [-3.5, 0]}
							}
						},
						{
							"origin": [-10.94357, 10.76486, -1.87882],
							"size": [3.48208, 2.38208, 0],
							"pivot": [-9.20253, 11.9559, -1.87882],
							"rotation": [-84.6905, 69.3676, -93.035],
							"uv": {
								"north": {"uv": [26.5, 4], "uv_size": [-3.5, 2.5]},
								"east": {"uv": [0, 0], "uv_size": [0, 2.5]},
								"south": {"uv": [26.5, 7], "uv_size": [-3.5, 2.5]},
								"west": {"uv": [0, 0], "uv_size": [0, 2.5]},
								"up": {"uv": [3.5, 0], "uv_size": [-3.5, 0]},
								"down": {"uv": [3.5, 0], "uv_size": [-3.5, 0]}
							}
						},
						{
							"origin": [-8.22723, 11.17163, 2.77658],
							"size": [3.48208, 2.38208, 0],
							"pivot": [-6.48619, 12.36267, 2.77658],
							"rotation": [170.4586, 5.94, 178.8969],
							"uv": {
								"north": {"uv": [26.5, 4], "uv_size": [-3.5, 2.5]},
								"east": {"uv": [0, 0], "uv_size": [0, 2.5]},
								"south": {"uv": [26.5, 7], "uv_size": [-3.5, 2.5]},
								"west": {"uv": [0, 0], "uv_size": [0, 2.5]},
								"up": {"uv": [3.5, 0], "uv_size": [-3.5, 0]},
								"down": {"uv": [3.5, 0], "uv_size": [-3.5, 0]}
							}
						},
						{
							"origin": [-6.24185, 11.34776, 2.61148],
							"size": [3.48208, 2.38208, 0],
							"pivot": [-4.50081, 12.5388, 2.61148],
							"rotation": [159.7702, -4.7353, 174.9305],
							"uv": {
								"north": {"uv": [26.5, 4], "uv_size": [-3.5, 2.5]},
								"east": {"uv": [0, 0], "uv_size": [0, 2.5]},
								"south": {"uv": [26.5, 7], "uv_size": [-3.5, 2.5]},
								"west": {"uv": [0, 0], "uv_size": [0, 2.5]},
								"up": {"uv": [3.5, 0], "uv_size": [-3.5, 0]},
								"down": {"uv": [3.5, 0], "uv_size": [-3.5, 0]}
							}
						},
						{
							"origin": [-8.08727, 9.64533, 2.98167],
							"size": [3.48208, 2.38208, 0],
							"pivot": [-5.34623, 11.83637, 2.98167],
							"rotation": [175.147, -0.115, 166.0514],
							"uv": {
								"north": {"uv": [26.5, 4], "uv_size": [-3.5, 2.5]},
								"east": {"uv": [0, 0], "uv_size": [0, 2.5]},
								"south": {"uv": [26.5, 7], "uv_size": [-3.5, 2.5]},
								"west": {"uv": [0, 0], "uv_size": [0, 2.5]},
								"up": {"uv": [3.5, 0], "uv_size": [-3.5, 0]},
								"down": {"uv": [3.5, 0], "uv_size": [-3.5, 0]}
							}
						},
						{
							"origin": [-7.08727, 10.64533, 2.98167],
							"size": [3.48208, 2.38208, 0],
							"pivot": [-5.34623, 11.83637, 2.98167],
							"rotation": [-179.8525, 4.885, 166.0643],
							"uv": {
								"north": {"uv": [26.5, 4], "uv_size": [-3.5, 2.5]},
								"east": {"uv": [0, 0], "uv_size": [0, 2.5]},
								"south": {"uv": [26.5, 7], "uv_size": [-3.5, 2.5]},
								"west": {"uv": [0, 0], "uv_size": [0, 2.5]},
								"up": {"uv": [3.5, 0], "uv_size": [-3.5, 0]},
								"down": {"uv": [3.5, 0], "uv_size": [-3.5, 0]}
							}
						},
						{
							"origin": [-10.6012, 9.68813, 3.05495],
							"size": [3.48208, 2.38208, 0],
							"pivot": [-7.91626, 9.88537, 2.95906],
							"rotation": [-170.6979, -1.4405, -149.3776],
							"uv": {
								"north": {"uv": [26.5, 4], "uv_size": [-3.5, 2.5]},
								"east": {"uv": [0, 0], "uv_size": [0, 2.5]},
								"south": {"uv": [26.5, 7], "uv_size": [-3.5, 2.5]},
								"west": {"uv": [0, 0], "uv_size": [0, 2.5]},
								"up": {"uv": [3.5, 0], "uv_size": [-3.5, 0]},
								"down": {"uv": [3.5, 0], "uv_size": [-3.5, 0]}
							}
						},
						{
							"origin": [-5.98843, 7.82451, 3.20113],
							"size": [3.48208, 2.38208, 0],
							"pivot": [-3.67173, 11.21088, 3.22297],
							"rotation": [-178.1844, -7.7407, -157.0574],
							"uv": {
								"north": {"uv": [26.5, 4], "uv_size": [-3.5, 2.5]},
								"east": {"uv": [0, 0], "uv_size": [0, 2.5]},
								"south": {"uv": [26.5, 7], "uv_size": [-3.5, 2.5]},
								"west": {"uv": [0, 0], "uv_size": [0, 2.5]},
								"up": {"uv": [3.5, 0], "uv_size": [-3.5, 0]},
								"down": {"uv": [3.5, 0], "uv_size": [-3.5, 0]}
							}
						},
						{
							"origin": [-11.30997, 7.77954, 2.97355],
							"size": [3.48208, 2.38208, 0],
							"pivot": [-7.56893, 8.97058, 2.97355],
							"rotation": [-174.1022, 0.235, -171.5999],
							"uv": {
								"north": {"uv": [26.5, 4], "uv_size": [-3.5, 2.5]},
								"east": {"uv": [0, 0], "uv_size": [0, 2.5]},
								"south": {"uv": [26.5, 7], "uv_size": [-3.5, 2.5]},
								"west": {"uv": [0, 0], "uv_size": [0, 2.5]},
								"up": {"uv": [3.5, 0], "uv_size": [-3.5, 0]},
								"down": {"uv": [3.5, 0], "uv_size": [-3.5, 0]}
							}
						},
						{
							"origin": [-9.28908, 7.79155, 2.78794],
							"size": [3.48208, 2.38208, 0],
							"pivot": [-7.95988, 10.88441, 2.95906],
							"rotation": [-176.4783, 5.4662, 156.185],
							"uv": {
								"north": {"uv": [26.5, 4], "uv_size": [-3.5, 2.5]},
								"east": {"uv": [0, 0], "uv_size": [0, 2.5]},
								"south": {"uv": [26.5, 7], "uv_size": [-3.5, 2.5]},
								"west": {"uv": [0, 0], "uv_size": [0, 2.5]},
								"up": {"uv": [3.5, 0], "uv_size": [-3.5, 0]},
								"down": {"uv": [3.5, 0], "uv_size": [-3.5, 0]}
							}
						},
						{
							"origin": [-9.6012, 9.68813, 3.05495],
							"size": [3.48208, 2.38208, 0],
							"pivot": [-7.91626, 9.88537, 2.95906],
							"rotation": [-166.4473, 7.9523, 156.4497],
							"uv": {
								"north": {"uv": [26.5, 4], "uv_size": [-3.5, 2.5]},
								"east": {"uv": [0, 0], "uv_size": [0, 2.5]},
								"south": {"uv": [26.5, 7], "uv_size": [-3.5, 2.5]},
								"west": {"uv": [0, 0], "uv_size": [0, 2.5]},
								"up": {"uv": [3.5, 0], "uv_size": [-3.5, 0]},
								"down": {"uv": [3.5, 0], "uv_size": [-3.5, 0]}
							}
						},
						{
							"origin": [-9.69112, 10.68856, 3.05659],
							"size": [3.48208, 2.38208, 0],
							"pivot": [-7.95008, 11.8796, 3.05659],
							"rotation": [-174.1898, -0.1885, -161.8684],
							"uv": {
								"north": {"uv": [26.5, 4], "uv_size": [-3.5, 2.5]},
								"east": {"uv": [0, 0], "uv_size": [0, 2.5]},
								"south": {"uv": [26.5, 7], "uv_size": [-3.5, 2.5]},
								"west": {"uv": [0, 0], "uv_size": [0, 2.5]},
								"up": {"uv": [3.5, 0], "uv_size": [-3.5, 0]},
								"down": {"uv": [3.5, 0], "uv_size": [-3.5, 0]}
							}
						},
						{
							"origin": [-8.08123, 12.29069, -1.68485],
							"size": [3.48208, 2.38208, 0],
							"pivot": [-6.34019, 13.48173, -1.68485],
							"rotation": [77.665, 3.7334, 173.9944],
							"uv": {
								"north": {"uv": [26.5, 4], "uv_size": [-3.5, 2.5]},
								"east": {"uv": [0, 0], "uv_size": [0, 2.5]},
								"south": {"uv": [26.5, 7], "uv_size": [-3.5, 2.5]},
								"west": {"uv": [0, 0], "uv_size": [0, 2.5]},
								"up": {"uv": [3.5, 0], "uv_size": [-3.5, 0]},
								"down": {"uv": [3.5, 0], "uv_size": [-3.5, 0]}
							}
						},
						{
							"origin": [-6.08838, 12.12199, -1.67661],
							"size": [3.48208, 2.38208, 0],
							"pivot": [-4.34734, 13.31303, -1.67661],
							"rotation": [67.3954, 0.2361, -175.1615],
							"uv": {
								"north": {"uv": [26.5, 4], "uv_size": [-3.5, 2.5]},
								"east": {"uv": [0, 0], "uv_size": [0, 2.5]},
								"south": {"uv": [26.5, 7], "uv_size": [-3.5, 2.5]},
								"west": {"uv": [0, 0], "uv_size": [0, 2.5]},
								"up": {"uv": [3.5, 0], "uv_size": [-3.5, 0]},
								"down": {"uv": [3.5, 0], "uv_size": [-3.5, 0]}
							}
						},
						{
							"origin": [-7.99223, 11.51958, -1.0682],
							"size": [3.48208, 2.38208, 0],
							"pivot": [-5.25119, 13.71062, -1.0682],
							"rotation": [82.7143, -8.8271, -179.4039],
							"uv": {
								"north": {"uv": [26.5, 4], "uv_size": [-3.5, 2.5]},
								"east": {"uv": [0, 0], "uv_size": [0, 2.5]},
								"south": {"uv": [26.5, 7], "uv_size": [-3.5, 2.5]},
								"west": {"uv": [0, 0], "uv_size": [0, 2.5]},
								"up": {"uv": [3.5, 0], "uv_size": [-3.5, 0]},
								"down": {"uv": [3.5, 0], "uv_size": [-3.5, 0]}
							}
						},
						{
							"origin": [-6.99223, 12.51958, -1.0682],
							"size": [3.48208, 2.38208, 0],
							"pivot": [-5.25119, 13.71062, -1.0682],
							"rotation": [88.4983, -8.9924, 175.5378],
							"uv": {
								"north": {"uv": [26.5, 4], "uv_size": [-3.5, 2.5]},
								"east": {"uv": [0, 0], "uv_size": [0, 2.5]},
								"south": {"uv": [26.5, 7], "uv_size": [-3.5, 2.5]},
								"west": {"uv": [0, 0], "uv_size": [0, 2.5]},
								"up": {"uv": [3.5, 0], "uv_size": [-3.5, 0]},
								"down": {"uv": [3.5, 0], "uv_size": [-3.5, 0]}
							}
						},
						{
							"origin": [-10.66959, 13.56736, 0.74154],
							"size": [3.48208, 2.38208, 0],
							"pivot": [-7.98466, 13.76459, 0.64565],
							"rotation": [97.3988, 35.7564, -179.8338],
							"uv": {
								"north": {"uv": [26.5, 4], "uv_size": [-3.5, 2.5]},
								"east": {"uv": [0, 0], "uv_size": [0, 2.5]},
								"south": {"uv": [26.5, 7], "uv_size": [-3.5, 2.5]},
								"west": {"uv": [0, 0], "uv_size": [0, 2.5]},
								"up": {"uv": [3.5, 0], "uv_size": [-3.5, 0]},
								"down": {"uv": [3.5, 0], "uv_size": [-3.5, 0]}
							}
						},
						{
							"origin": [-5.95523, 10.59442, -0.32864],
							"size": [3.48208, 2.38208, 0],
							"pivot": [-3.63853, 13.98079, -0.3068],
							"rotation": [93.2468, 28.1111, -172.3883],
							"uv": {
								"north": {"uv": [26.5, 4], "uv_size": [-3.5, 2.5]},
								"east": {"uv": [0, 0], "uv_size": [0, 2.5]},
								"south": {"uv": [26.5, 7], "uv_size": [-3.5, 2.5]},
								"west": {"uv": [0, 0], "uv_size": [0, 2.5]},
								"up": {"uv": [3.5, 0], "uv_size": [-3.5, 0]},
								"down": {"uv": [3.5, 0], "uv_size": [-3.5, 0]}
							}
						},
						{
							"origin": [-11.4611, 12.62675, 1.58631],
							"size": [3.48208, 2.38208, 0],
							"pivot": [-7.72006, 13.81779, 1.58631],
							"rotation": [93.3875, 13.4869, 179.2944],
							"uv": {
								"north": {"uv": [26.5, 4], "uv_size": [-3.5, 2.5]},
								"east": {"uv": [0, 0], "uv_size": [0, 2.5]},
								"south": {"uv": [26.5, 7], "uv_size": [-3.5, 2.5]},
								"west": {"uv": [0, 0], "uv_size": [0, 2.5]},
								"up": {"uv": [3.5, 0], "uv_size": [-3.5, 0]},
								"down": {"uv": [3.5, 0], "uv_size": [-3.5, 0]}
							}
						},
						{
							"origin": [-9.26842, 10.63005, -0.52357],
							"size": [3.48208, 2.38208, 0],
							"pivot": [-7.93922, 13.72292, -0.35245],
							"rotation": [92.8606, -18.8411, 175.1455],
							"uv": {
								"north": {"uv": [26.5, 4], "uv_size": [-3.5, 2.5]},
								"east": {"uv": [0, 0], "uv_size": [0, 2.5]},
								"south": {"uv": [26.5, 7], "uv_size": [-3.5, 2.5]},
								"west": {"uv": [0, 0], "uv_size": [0, 2.5]},
								"up": {"uv": [3.5, 0], "uv_size": [-3.5, 0]},
								"down": {"uv": [3.5, 0], "uv_size": [-3.5, 0]}
							}
						},
						{
							"origin": [-9.66959, 13.56736, 0.74154],
							"size": [3.48208, 2.38208, 0],
							"pivot": [-7.98466, 13.76459, 0.64565],
							"rotation": [103.7034, -18.5892, 172.5193],
							"uv": {
								"north": {"uv": [26.5, 4], "uv_size": [-3.5, 2.5]},
								"east": {"uv": [0, 0], "uv_size": [0, 2.5]},
								"south": {"uv": [26.5, 7], "uv_size": [-3.5, 2.5]},
								"west": {"uv": [0, 0], "uv_size": [0, 2.5]},
								"up": {"uv": [3.5, 0], "uv_size": [-3.5, 0]},
								"down": {"uv": [3.5, 0], "uv_size": [-3.5, 0]}
							}
						},
						{
							"origin": [-9.58177, 12.58791, -1.34601],
							"size": [3.48208, 2.38208, 0],
							"pivot": [-7.84073, 13.77895, -1.34601],
							"rotation": [93.2944, 23.2275, 179.2895],
							"uv": {
								"north": {"uv": [26.5, 4], "uv_size": [-3.5, 2.5]},
								"east": {"uv": [0, 0], "uv_size": [0, 2.5]},
								"south": {"uv": [26.5, 7], "uv_size": [-3.5, 2.5]},
								"west": {"uv": [0, 0], "uv_size": [0, 2.5]},
								"up": {"uv": [3.5, 0], "uv_size": [-3.5, 0]},
								"down": {"uv": [3.5, 0], "uv_size": [-3.5, 0]}
							}
						},
						{
							"origin": [-8.11302, 6.57482, 1.70925],
							"size": [3.48208, 2.38208, 0],
							"pivot": [-6.37198, 7.76586, 1.70925],
							"rotation": [82.6627, -4.0338, -174.1148],
							"uv": {
								"north": {"uv": [23, 9.5], "uv_size": [3.5, -2.5]},
								"east": {"uv": [0, 2.5], "uv_size": [0, -2.5]},
								"south": {"uv": [23, 6.5], "uv_size": [3.5, -2.5]},
								"west": {"uv": [0, 2.5], "uv_size": [0, -2.5]},
								"up": {"uv": [3.5, 0], "uv_size": [-3.5, 0]},
								"down": {"uv": [3.5, 0], "uv_size": [-3.5, 0]}
							}
						},
						{
							"origin": [-6.11954, 6.73568, 1.72295],
							"size": [3.48208, 2.38208, 0],
							"pivot": [-4.3785, 7.92672, 1.72295],
							"rotation": [72.351, 0.3926, 175.3865],
							"uv": {
								"north": {"uv": [23, 9.5], "uv_size": [3.5, -2.5]},
								"east": {"uv": [0, 2.5], "uv_size": [0, -2.5]},
								"south": {"uv": [23, 6.5], "uv_size": [3.5, -2.5]},
								"west": {"uv": [0, 2.5], "uv_size": [0, -2.5]},
								"up": {"uv": [3.5, 0], "uv_size": [-3.5, 0]},
								"down": {"uv": [3.5, 0], "uv_size": [-3.5, 0]}
							}
						},
						{
							"origin": [-8.02242, 7.39611, 1.07899],
							"size": [3.48208, 2.38208, 0],
							"pivot": [-5.28138, 7.58715, 1.07899],
							"rotation": [87.7659, 9.0533, -179.5923],
							"uv": {
								"north": {"uv": [23, 9.5], "uv_size": [3.5, -2.5]},
								"east": {"uv": [0, 2.5], "uv_size": [0, -2.5]},
								"south": {"uv": [23, 6.5], "uv_size": [3.5, -2.5]},
								"west": {"uv": [0, 2.5], "uv_size": [0, -2.5]},
								"up": {"uv": [3.5, 0], "uv_size": [-3.5, 0]},
								"down": {"uv": [3.5, 0], "uv_size": [-3.5, 0]}
							}
						},
						{
							"origin": [-7.02242, 6.39611, 1.07899],
							"size": [3.48208, 2.38208, 0],
							"pivot": [-5.28138, 7.58715, 1.07899],
							"rotation": [93.5495, 8.7777, -174.5388],
							"uv": {
								"north": {"uv": [23, 9.5], "uv_size": [3.5, -2.5]},
								"east": {"uv": [0, 2.5], "uv_size": [0, -2.5]},
								"south": {"uv": [23, 6.5], "uv_size": [3.5, -2.5]},
								"west": {"uv": [0, 2.5], "uv_size": [0, -2.5]},
								"up": {"uv": [3.5, 0], "uv_size": [-3.5, 0]},
								"down": {"uv": [3.5, 0], "uv_size": [-3.5, 0]}
							}
						},
						{
							"origin": [-10.69314, 5.50845, -0.73887],
							"size": [3.48208, 2.38208, 0],
							"pivot": [-8.00821, 7.6933, -0.64297],
							"rotation": [103.5231, -35.378, 176.4875],
							"uv": {
								"north": {"uv": [23, 9.5], "uv_size": [3.5, -2.5]},
								"east": {"uv": [0, 2.5], "uv_size": [0, -2.5]},
								"south": {"uv": [23, 6.5], "uv_size": [3.5, -2.5]},
								"west": {"uv": [0, 2.5], "uv_size": [0, -2.5]},
								"up": {"uv": [3.5, 0], "uv_size": [-3.5, 0]},
								"down": {"uv": [3.5, 0], "uv_size": [-3.5, 0]}
							}
						},
						{
							"origin": [-5.98341, 8.38213, 0.32467],
							"size": [3.48208, 2.38208, 0],
							"pivot": [-3.66671, 7.37784, 0.30283],
							"rotation": [98.776, -27.1327, 170.0413],
							"uv": {
								"north": {"uv": [23, 9.5], "uv_size": [3.5, -2.5]},
								"east": {"uv": [0, 2.5], "uv_size": [0, -2.5]},
								"south": {"uv": [23, 6.5], "uv_size": [3.5, -2.5]},
								"west": {"uv": [0, 2.5], "uv_size": [0, -2.5]},
								"up": {"uv": [3.5, 0], "uv_size": [-3.5, 0]},
								"down": {"uv": [3.5, 0], "uv_size": [-3.5, 0]}
							}
						},
						{
							"origin": [-11.48112, 6.53003, -1.58373],
							"size": [3.48208, 2.38208, 0],
							"pivot": [-7.74008, 7.72107, -1.58373],
							"rotation": [98.5183, -13.2881, 179.7351],
							"uv": {
								"north": {"uv": [23, 9.5], "uv_size": [3.5, -2.5]},
								"east": {"uv": [0, 2.5], "uv_size": [0, -2.5]},
								"south": {"uv": [23, 6.5], "uv_size": [3.5, -2.5]},
								"west": {"uv": [0, 2.5], "uv_size": [0, -2.5]},
								"up": {"uv": [3.5, 0], "uv_size": [-3.5, 0]},
								"down": {"uv": [3.5, 0], "uv_size": [-3.5, 0]}
							}
						},
						{
							"origin": [-9.29577, 8.35861, 0.52624],
							"size": [3.48208, 2.38208, 0],
							"pivot": [-7.96658, 7.64782, 0.35513],
							"rotation": [98.1255, 18.5526, -173.2384],
							"uv": {
								"north": {"uv": [23, 9.5], "uv_size": [3.5, -2.5]},
								"east": {"uv": [0, 2.5], "uv_size": [0, -2.5]},
								"south": {"uv": [23, 6.5], "uv_size": [3.5, -2.5]},
								"west": {"uv": [0, 2.5], "uv_size": [0, -2.5]},
								"up": {"uv": [3.5, 0], "uv_size": [-3.5, 0]},
								"down": {"uv": [3.5, 0], "uv_size": [-3.5, 0]}
							}
						},
						{
							"origin": [-9.69314, 5.50845, -0.73887],
							"size": [3.48208, 2.38208, 0],
							"pivot": [-8.00821, 7.6933, -0.64297],
							"rotation": [108.9378, 18.0742, -170.6537],
							"uv": {
								"north": {"uv": [23, 9.5], "uv_size": [3.5, -2.5]},
								"east": {"uv": [0, 2.5], "uv_size": [0, -2.5]},
								"south": {"uv": [23, 6.5], "uv_size": [3.5, -2.5]},
								"west": {"uv": [0, 2.5], "uv_size": [0, -2.5]},
								"up": {"uv": [3.5, 0], "uv_size": [-3.5, 0]},
								"down": {"uv": [3.5, 0], "uv_size": [-3.5, 0]}
							}
						},
						{
							"origin": [-9.61327, 6.31415, 1.34039],
							"size": [3.48208, 2.38208, 0],
							"pivot": [-7.87223, 7.50519, 1.34039],
							"rotation": [98.7195, -22.9881, 178.7982],
							"uv": {
								"north": {"uv": [23, 9.5], "uv_size": [3.5, -2.5]},
								"east": {"uv": [0, 2.5], "uv_size": [0, -2.5]},
								"south": {"uv": [23, 6.5], "uv_size": [3.5, -2.5]},
								"west": {"uv": [0, 2.5], "uv_size": [0, -2.5]},
								"up": {"uv": [3.5, 0], "uv_size": [-3.5, 0]},
								"down": {"uv": [3.5, 0], "uv_size": [-3.5, 0]}
							}
						}
					]
				}
			]
		}
	]
}