{
	"format_version": "1.12.0",
	"minecraft:geometry": [
		{
			"description": {
				"identifier": "geometry.lclaws",
				"texture_width": 64,
				"texture_height": 64,
				"visible_bounds_width": 3,
				"visible_bounds_height": 3,
				"visible_bounds_offset": [0, 1.5, 0]
			},
			"bones": [
				{
					"name": "root",
					"pivot": [0, 0, 0]
				},
				{
					"name": "waist",
					"parent": "root",
					"pivot": [0, 12, 0]
				},
				{
					"name": "body",
					"parent": "waist",
					"pivot": [0, 24, 0],
					"cubes": [
						{
							"origin": [-4, 12, -2],
							"size": [8, 12, 4],
							"uv": {
								"north": {"uv": [4, 20], "uv_size": [8, 12]},
								"east": {"uv": [0, 20], "uv_size": [4, 12]},
								"south": {"uv": [16, 20], "uv_size": [8, 12]},
								"west": {"uv": [12, 20], "uv_size": [4, 12]},
								"up": {"uv": [4, 16], "uv_size": [8, 4]},
								"down": {"uv": [12, 20], "uv_size": [8, -4]}
							}
						}
					]
				},
				{
					"name": "head",
					"parent": "body",
					"pivot": [0, 24, 0],
					"cubes": [
						{
							"origin": [-4, 24, -4],
							"size": [8, 8, 8],
							"uv": {
								"north": {"uv": [8, 8], "uv_size": [8, 8]},
								"east": {"uv": [0, 8], "uv_size": [8, 8]},
								"south": {"uv": [24, 8], "uv_size": [8, 8]},
								"west": {"uv": [16, 8], "uv_size": [8, 8]},
								"up": {"uv": [8, 0], "uv_size": [8, 8]},
								"down": {"uv": [16, 8], "uv_size": [8, -8]}
							}
						}
					]
				},
				{
					"name": "hat",
					"parent": "head",
					"pivot": [0, 24, 0]
				},
				{
					"name": "cape",
					"parent": "body",
					"pivot": [0, 24, 3]
				},
				{
					"name": "leftArm",
					"parent": "body",
					"pivot": [5, 22, 0],
					"cubes": [
						{
							"origin": [4, 12, -2],
							"size": [4, 12, 4],
							"uv": {
								"north": {"uv": [20, 44], "uv_size": [4, 12]},
								"east": {"uv": [16, 44], "uv_size": [4, 12]},
								"south": {"uv": [28, 44], "uv_size": [4, 12]},
								"west": {"uv": [24, 44], "uv_size": [4, 12]},
								"up": {"uv": [20, 40], "uv_size": [4, 4]},
								"down": {"uv": [24, 44], "uv_size": [4, -4]}
							}
						},
						{
							"origin": [3, 11, -3],
							"size": [6, 6, 6],
							"uv": {
								"north": {"uv": [24, 34], "uv_size": [6, 6]},
								"east": {"uv": [24, 34], "uv_size": [6, 6]},
								"south": {"uv": [24, 34], "uv_size": [6, 6]},
								"west": {"uv": [24, 34], "uv_size": [6, 6]},
								"up": {"uv": [30, 40], "uv_size": [-6, -6]},
								"down": {"uv": [30, 40], "uv_size": [-6, -6]}
							}
						},
						{
							"origin": [8, 8, -3],
							"size": [1, 3, 6],
							"uv": {
								"north": {"uv": [7, 0], "uv_size": [4.5, 4.5]},
								"east": {"uv": [5, 0], "uv_size": [4.5, 4.5]},
								"south": {"uv": [7.5, 0], "uv_size": [4.5, 4.5]},
								"west": {"uv": [0, 0], "uv_size": [4.5, 4.5]},
								"up": {"uv": [13, 4.5], "uv_size": [-4.5, -4.5]},
								"down": {"uv": [13, 4.5], "uv_size": [-4.5, -4.5]}
							}
						}
					]
				},
				{
					"name": "leftSleeve",
					"parent": "leftArm",
					"pivot": [5, 22, 0]
				},
				{
					"name": "leftItem",
					"parent": "leftArm",
					"pivot": [6, 15, 1]
				},
				{
					"name": "rightArm",
					"parent": "body",
					"pivot": [-5, 22, 0],
					"cubes": [
						{
							"origin": [-9, 8, -3],
							"size": [1, 3, 6],
							"uv": {
								"north": {"uv": [11.5, 0], "uv_size": [-4.5, 4.5]},
								"east": {"uv": [4.5, 0], "uv_size": [-4.5, 4.5]},
								"south": {"uv": [12, 0], "uv_size": [-4.5, 4.5]},
								"west": {"uv": [9.5, 0], "uv_size": [-4.5, 4.5]},
								"up": {"uv": [8.5, 4.5], "uv_size": [4.5, -4.5]},
								"down": {"uv": [8.5, 4.5], "uv_size": [4.5, -4.5]}
							}
						},
						{
							"origin": [-8, 12, -2],
							"size": [4, 12, 4],
							"uv": {
								"north": {"uv": [42, 40], "uv_size": [4, 12]},
								"east": {"uv": [38, 40], "uv_size": [4, 12]},
								"south": {"uv": [50, 40], "uv_size": [4, 12]},
								"west": {"uv": [46, 40], "uv_size": [4, 12]},
								"up": {"uv": [42, 36], "uv_size": [4, 4]},
								"down": {"uv": [46, 40], "uv_size": [4, -4]}
							}
						},
						{
							"origin": [-9, 11, -3],
							"size": [6, 6, 6],
							"uv": {
								"north": {"uv": [30, 22], "uv_size": [6, 6]},
								"east": {"uv": [30, 22], "uv_size": [6, 6]},
								"south": {"uv": [30, 22], "uv_size": [6, 6]},
								"west": {"uv": [30, 22], "uv_size": [6, 6]},
								"up": {"uv": [36, 28], "uv_size": [-6, -6]},
								"down": {"uv": [36, 28], "uv_size": [-6, -6]}
							}
						}
					]
				},
				{
					"name": "rightSleeve",
					"parent": "rightArm",
					"pivot": [-5, 22, 0]
				},
				{
					"name": "rightItem",
					"parent": "rightArm",
					"pivot": [-6, 15, 1],
					"locators": {
						"lead_hold": [-6, 15, 1]
					}
				},
				{
					"name": "jacket",
					"parent": "body",
					"pivot": [0, 24, 0]
				},
				{
					"name": "leftLeg",
					"parent": "root",
					"pivot": [1.9, 12, 0],
					"cubes": [
						{
							"origin": [-0.1, 0, -2],
							"size": [4, 12, 4],
							"uv": {
								"north": {"uv": [36, 4], "uv_size": [4, 12]},
								"east": {"uv": [32, 4], "uv_size": [4, 12]},
								"south": {"uv": [44, 4], "uv_size": [4, 12]},
								"west": {"uv": [40, 4], "uv_size": [4, 12]},
								"up": {"uv": [36, 0], "uv_size": [4, 4]},
								"down": {"uv": [40, 4], "uv_size": [4, -4]}
							}
						}
					]
				},
				{
					"name": "leftPants",
					"parent": "leftLeg",
					"pivot": [1.9, 12, 0]
				},
				{
					"name": "rightLeg",
					"parent": "root",
					"pivot": [-1.9, 12, 0],
					"cubes": [
						{
							"origin": [-3.9, 0, -2],
							"size": [4, 12, 4],
							"uv": {
								"north": {"uv": [4, 36], "uv_size": [4, 12]},
								"east": {"uv": [0, 36], "uv_size": [4, 12]},
								"south": {"uv": [12, 36], "uv_size": [4, 12]},
								"west": {"uv": [8, 36], "uv_size": [4, 12]},
								"up": {"uv": [4, 32], "uv_size": [4, 4]},
								"down": {"uv": [8, 36], "uv_size": [4, -4]}
							}
						}
					]
				},
				{
					"name": "rightPants",
					"parent": "rightLeg",
					"pivot": [-1.9, 12, 0]
				}
			]
		}
	]
}