{
	"format_version": "1.12.0",
	"minecraft:geometry": [
		{
			"description": {
				"identifier": "geometry.leopardv2",
				"texture_width": 128,
				"texture_height": 128,
				"visible_bounds_width": 8,
				"visible_bounds_height": 4.5,
				"visible_bounds_offset": [0, 1.75, 0]
			},
			"bones": [
				{
					"name": "Root",
					"pivot": [0, 14, 0]
				},
				{
					"name": "corpo",
					"parent": "Root",
					"pivot": [0, 32.59, 0],
					"cubes": [
						{
							"origin": [-4.50462, 18.96954, -3.68475],
							"size": [8.64, 6.63, 6.32],
							"uv": {
								"north": {"uv": [28, 33], "uv_size": [10.75, 6.75]},
								"east": {"uv": [62, 6], "uv_size": [5.25, 6.75]},
								"south": {"uv": [35, 19], "uv_size": [10.75, 6.75]},
								"west": {"uv": [12, 62], "uv_size": [5.25, 6.75]},
								"up": {"uv": [40, 10], "uv_size": [10.75, 5.25]},
								"down": {"uv": [45, 5.25], "uv_size": [10.75, -5.25]}
							}
						},
						{
							"origin": [-4.03662, 24.34274, -4.20095],
							"size": [7.704, 10.5336, 8.0224],
							"pivot": [-0.18462, 23.60954, -0.68975],
							"rotation": [15, 0, 0],
							"uv": {
								"north": {"uv": [0, 22], "uv_size": [11.75, 10.5]},
								"east": {"uv": [12, 33], "uv_size": [8, 10.5]},
								"south": {"uv": [12, 22], "uv_size": [11.75, 10.5]},
								"west": {"uv": [20, 33], "uv_size": [8, 10.5]},
								"up": {"uv": [28, 11], "uv_size": [11.75, 8]},
								"down": {"uv": [0, 41], "uv_size": [11.75, -8]}
							}
						},
						{
							"origin": [-4.80203, 27.64061, -5.94365],
							"size": [9.23483, 10.58786, 10.1778],
							"pivot": [-0.18462, 26.93454, -1.35475],
							"rotation": [15, 0, 0],
							"uv": {
								"north": {"uv": [0, 0], "uv_size": [13.25, 10.5]},
								"east": {"uv": [24, 22], "uv_size": [10.25, 10.5]},
								"south": {"uv": [0, 11], "uv_size": [13.25, 10.5]},
								"west": {"uv": [28, 0], "uv_size": [10.25, 10.5]},
								"up": {"uv": [14, 0], "uv_size": [13.25, 10.25]},
								"down": {"uv": [14, 21.25], "uv_size": [13.25, -10.25]}
							}
						},
						{
							"origin": [0.89506, 37.44398, -8],
							"size": [0, 4, 10],
							"pivot": [-2.10494, 37.44398, -1],
							"rotation": [-102.88498, -75.39537, 100.65913],
							"uv": {
								"north": {"uv": [123, 3.75], "uv_size": [-4.25, 5.5]},
								"east": {"uv": [117.25, 3.75], "uv_size": [-4.25, 5.5]},
								"south": {"uv": [123, 3.75], "uv_size": [-4.25, 5.5]},
								"west": {"uv": [123, 3.75], "uv_size": [-4.25, 5.5]},
								"up": {"uv": [118.75, 9.25], "uv_size": [4.25, -5.5]},
								"down": {"uv": [118.75, 9.25], "uv_size": [4.25, -5.5]}
							}
						},
						{
							"origin": [4.09973, 31.09121, 3.37291],
							"size": [0, 11, 10],
							"pivot": [4.79584, 28.95002, 3.50309],
							"rotation": [22.80541, -88.07304, -24.57455],
							"uv": {
								"north": {"uv": [123, 3.75], "uv_size": [-4.25, 5.5]},
								"east": {"uv": [117.25, 3.75], "uv_size": [-4.25, 5.5]},
								"south": {"uv": [123, 3.75], "uv_size": [-4.25, 5.5]},
								"west": {"uv": [123, 3.75], "uv_size": [-4.25, 5.5]},
								"up": {"uv": [118.75, 9.25], "uv_size": [4.25, -5.5]},
								"down": {"uv": [118.75, 9.25], "uv_size": [4.25, -5.5]}
							}
						},
						{
							"origin": [5.09973, 29.09121, 3.37291],
							"size": [0, 7, 10],
							"pivot": [4.79584, 28.95002, 3.50309],
							"rotation": [22.80541, -88.07304, -24.57455],
							"uv": {
								"north": {"uv": [123, 3.75], "uv_size": [-4.25, 5.5]},
								"east": {"uv": [117.25, 3.75], "uv_size": [-4.25, 5.5]},
								"south": {"uv": [123, 3.75], "uv_size": [-4.25, 5.5]},
								"west": {"uv": [123, 3.75], "uv_size": [-4.25, 5.5]},
								"up": {"uv": [118.75, 9.25], "uv_size": [4.25, -5.5]},
								"down": {"uv": [118.75, 9.25], "uv_size": [4.25, -5.5]}
							}
						},
						{
							"origin": [5.09973, 25.09121, 3.37291],
							"size": [0, 7, 10],
							"pivot": [4.79584, 28.95002, 3.50309],
							"rotation": [-79.08346, -80.57964, 77.46965],
							"uv": {
								"north": {"uv": [123, 3.75], "uv_size": [-4.25, 5.5]},
								"east": {"uv": [117.25, 3.75], "uv_size": [-4.25, 5.5]},
								"south": {"uv": [123, 3.75], "uv_size": [-4.25, 5.5]},
								"west": {"uv": [123, 3.75], "uv_size": [-4.25, 5.5]},
								"up": {"uv": [118.75, 9.25], "uv_size": [4.25, -5.5]},
								"down": {"uv": [118.75, 9.25], "uv_size": [4.25, -5.5]}
							}
						},
						{
							"origin": [6.09973, 21.09121, 3.37291],
							"size": [0, 7, 10],
							"pivot": [4.79584, 28.95002, 3.50309],
							"rotation": [-82.82078, -75.63915, 81.28532],
							"uv": {
								"north": {"uv": [123, 3.75], "uv_size": [-4.25, 5.5]},
								"east": {"uv": [117.25, 3.75], "uv_size": [-4.25, 5.5]},
								"south": {"uv": [123, 3.75], "uv_size": [-4.25, 5.5]},
								"west": {"uv": [123, 3.75], "uv_size": [-4.25, 5.5]},
								"up": {"uv": [118.75, 9.25], "uv_size": [4.25, -5.5]},
								"down": {"uv": [118.75, 9.25], "uv_size": [4.25, -5.5]}
							}
						}
					]
				},
				{
					"name": "fumacas",
					"parent": "corpo",
					"pivot": [0, 31, 0]
				},
				{
					"name": "fumaca",
					"parent": "fumacas",
					"pivot": [-6.0507, 38.21165, -0.74054],
					"cubes": [
						{
							"origin": [-8.62985, 16.00213, -9.31648],
							"size": [6.23483, 10.58786, 0],
							"pivot": [-5.51243, 21.29606, -9.31648],
							"rotation": [6.12191, 3.1681, 8.07592],
							"uv": {
								"north": {"uv": [94.75, 53.25], "uv_size": [-4.5, -4.25]},
								"east": {"uv": [103.25, 53.25], "uv_size": [-13, -11.5]},
								"south": {"uv": [116.25, 53], "uv_size": [-13, -11.5]},
								"west": {"uv": [103.25, 53.25], "uv_size": [-13, -11.5]},
								"up": {"uv": [90.25, 41.75], "uv_size": [13, 11.5]},
								"down": {"uv": [90.25, 41.75], "uv_size": [13, 11.5]}
							}
						},
						{
							"origin": [-10.2599, 35.33199, -8.24295],
							"size": [6.23483, 10.58786, 0],
							"pivot": [-7.14248, 40.62592, -8.24295],
							"rotation": [-27.61012, 4.86034, -9.38588],
							"uv": {
								"north": {"uv": [94.75, 53.25], "uv_size": [-4.5, -4.25]},
								"east": {"uv": [103.25, 53.25], "uv_size": [-13, -11.5]},
								"south": {"uv": [116.25, 53], "uv_size": [-13, -11.5]},
								"west": {"uv": [103.25, 53.25], "uv_size": [-13, -11.5]},
								"up": {"uv": [90.25, 41.75], "uv_size": [13, 11.5]},
								"down": {"uv": [90.25, 41.75], "uv_size": [13, 11.5]}
							}
						},
						{
							"origin": [-10.73952, 42.05129, -0.92105],
							"size": [6.23483, 10.58786, 0],
							"pivot": [-7.6221, 47.34522, -0.92105],
							"rotation": [-67.61012, 4.86034, -9.38588],
							"uv": {
								"north": {"uv": [94.75, 53.25], "uv_size": [-4.5, -4.25]},
								"east": {"uv": [103.25, 53.25], "uv_size": [-13, -11.5]},
								"south": {"uv": [116.25, 53], "uv_size": [-13, -11.5]},
								"west": {"uv": [103.25, 53.25], "uv_size": [-13, -11.5]},
								"up": {"uv": [90.25, 41.75], "uv_size": [13, 11.5]},
								"down": {"uv": [90.25, 41.75], "uv_size": [13, 11.5]}
							}
						},
						{
							"origin": [-9.86676, 41.7517, 8.63076],
							"size": [6.23483, 10.58786, 0],
							"pivot": [-6.74934, 47.04563, 8.63076],
							"rotation": [-117.61012, 4.86034, -9.38588],
							"uv": {
								"north": {"uv": [94.75, 53.25], "uv_size": [-4.5, -4.25]},
								"east": {"uv": [103.25, 53.25], "uv_size": [-13, -11.5]},
								"south": {"uv": [116.25, 53], "uv_size": [-13, -11.5]},
								"west": {"uv": [103.25, 53.25], "uv_size": [-13, -11.5]},
								"up": {"uv": [90.25, 41.75], "uv_size": [13, 11.5]},
								"down": {"uv": [90.25, 41.75], "uv_size": [13, 11.5]}
							}
						},
						{
							"origin": [-6.71064, 36.89719, 15.64446],
							"size": [6.23483, 10.58786, 0],
							"pivot": [-3.59323, 42.19112, 15.64446],
							"rotation": [-135.52095, 24.59255, -20.63343],
							"uv": {
								"north": {"uv": [94.75, 53.25], "uv_size": [-4.5, -4.25]},
								"east": {"uv": [103.25, 53.25], "uv_size": [-13, -11.5]},
								"south": {"uv": [116.25, 53], "uv_size": [-13, -11.5]},
								"west": {"uv": [103.25, 53.25], "uv_size": [-13, -11.5]},
								"up": {"uv": [90.25, 41.75], "uv_size": [13, 11.5]},
								"down": {"uv": [90.25, 41.75], "uv_size": [13, 11.5]}
							}
						},
						{
							"origin": [-8.80203, 25.47201, -10.23798],
							"size": [6.23483, 10.58786, 0],
							"pivot": [-5.68461, 30.76594, -10.23798],
							"rotation": [4.88988, 4.86034, -9.38588],
							"uv": {
								"north": {"uv": [94.75, 53.25], "uv_size": [-4.5, -4.25]},
								"east": {"uv": [103.25, 53.25], "uv_size": [-13, -11.5]},
								"south": {"uv": [116.25, 53], "uv_size": [-13, -11.5]},
								"west": {"uv": [103.25, 53.25], "uv_size": [-13, -11.5]},
								"up": {"uv": [90.25, 41.75], "uv_size": [13, 11.5]},
								"down": {"uv": [90.25, 41.75], "uv_size": [13, 11.5]}
							}
						}
					]
				},
				{
					"name": "fumaca2",
					"parent": "fumacas",
					"pivot": [6.0507, 38.21165, -0.74054],
					"cubes": [
						{
							"origin": [2.39502, 16.00213, -9.31648],
							"size": [6.23483, 10.58786, 0],
							"pivot": [5.51243, 21.29606, -9.31648],
							"rotation": [6.12191, -3.1681, -8.07592],
							"uv": {
								"north": {"uv": [90.25, 53.25], "uv_size": [4.5, -4.25]},
								"east": {"uv": [90.25, 53.25], "uv_size": [13, -11.5]},
								"south": {"uv": [103.25, 53], "uv_size": [13, -11.5]},
								"west": {"uv": [90.25, 53.25], "uv_size": [13, -11.5]},
								"up": {"uv": [103.25, 41.75], "uv_size": [-13, 11.5]},
								"down": {"uv": [103.25, 41.75], "uv_size": [-13, 11.5]}
							}
						},
						{
							"origin": [4.02507, 35.33199, -8.24295],
							"size": [6.23483, 10.58786, 0],
							"pivot": [7.14248, 40.62592, -8.24295],
							"rotation": [-27.61012, -4.86034, 9.38588],
							"uv": {
								"north": {"uv": [90.25, 53.25], "uv_size": [4.5, -4.25]},
								"east": {"uv": [90.25, 53.25], "uv_size": [13, -11.5]},
								"south": {"uv": [103.25, 53], "uv_size": [13, -11.5]},
								"west": {"uv": [90.25, 53.25], "uv_size": [13, -11.5]},
								"up": {"uv": [103.25, 41.75], "uv_size": [-13, 11.5]},
								"down": {"uv": [103.25, 41.75], "uv_size": [-13, 11.5]}
							}
						},
						{
							"origin": [4.50469, 42.05129, -0.92105],
							"size": [6.23483, 10.58786, 0],
							"pivot": [7.6221, 47.34522, -0.92105],
							"rotation": [-67.61012, -4.86034, 9.38588],
							"uv": {
								"north": {"uv": [90.25, 53.25], "uv_size": [4.5, -4.25]},
								"east": {"uv": [90.25, 53.25], "uv_size": [13, -11.5]},
								"south": {"uv": [103.25, 53], "uv_size": [13, -11.5]},
								"west": {"uv": [90.25, 53.25], "uv_size": [13, -11.5]},
								"up": {"uv": [103.25, 41.75], "uv_size": [-13, 11.5]},
								"down": {"uv": [103.25, 41.75], "uv_size": [-13, 11.5]}
							}
						},
						{
							"origin": [3.63193, 41.7517, 8.63076],
							"size": [6.23483, 10.58786, 0],
							"pivot": [6.74934, 47.04563, 8.63076],
							"rotation": [-117.61012, -4.86034, 9.38588],
							"uv": {
								"north": {"uv": [90.25, 53.25], "uv_size": [4.5, -4.25]},
								"east": {"uv": [90.25, 53.25], "uv_size": [13, -11.5]},
								"south": {"uv": [103.25, 53], "uv_size": [13, -11.5]},
								"west": {"uv": [90.25, 53.25], "uv_size": [13, -11.5]},
								"up": {"uv": [103.25, 41.75], "uv_size": [-13, 11.5]},
								"down": {"uv": [103.25, 41.75], "uv_size": [-13, 11.5]}
							}
						},
						{
							"origin": [0.47581, 36.89719, 15.64446],
							"size": [6.23483, 10.58786, 0],
							"pivot": [3.59323, 42.19112, 15.64446],
							"rotation": [-135.52095, -24.59255, 20.63343],
							"uv": {
								"north": {"uv": [90.25, 53.25], "uv_size": [4.5, -4.25]},
								"east": {"uv": [90.25, 53.25], "uv_size": [13, -11.5]},
								"south": {"uv": [103.25, 53], "uv_size": [13, -11.5]},
								"west": {"uv": [90.25, 53.25], "uv_size": [13, -11.5]},
								"up": {"uv": [103.25, 41.75], "uv_size": [-13, 11.5]},
								"down": {"uv": [103.25, 41.75], "uv_size": [-13, 11.5]}
							}
						},
						{
							"origin": [2.5672, 25.47201, -10.23798],
							"size": [6.23483, 10.58786, 0],
							"pivot": [5.68461, 30.76594, -10.23798],
							"rotation": [4.88988, -4.86034, 9.38588],
							"uv": {
								"north": {"uv": [90.25, 53.25], "uv_size": [4.5, -4.25]},
								"east": {"uv": [90.25, 53.25], "uv_size": [13, -11.5]},
								"south": {"uv": [103.25, 53], "uv_size": [13, -11.5]},
								"west": {"uv": [90.25, 53.25], "uv_size": [13, -11.5]},
								"up": {"uv": [103.25, 41.75], "uv_size": [-13, 11.5]},
								"down": {"uv": [103.25, 41.75], "uv_size": [-13, 11.5]}
							}
						}
					]
				},
				{
					"name": "Cauda",
					"parent": "corpo",
					"pivot": [-0.18462, 18.67954, 2.97525],
					"rotation": [22.5, 0, 0],
					"cubes": [
						{
							"origin": [-1.18462, 18.67954, 1.97525],
							"size": [2, 2, 9],
							"uv": {
								"north": {"uv": [43, 16], "uv_size": [2, 2]},
								"east": {"uv": [69, 15], "uv_size": [9, 2]},
								"south": {"uv": [46, 23], "uv_size": [2, 2]},
								"west": {"uv": [69, 15], "uv_size": [9, 2]},
								"up": {"uv": [16, 69], "uv_size": [2, 9]},
								"down": {"uv": [18, 69], "uv_size": [-2, 9]}
							}
						}
					]
				},
				{
					"name": "bone",
					"parent": "Cauda",
					"pivot": [-0.18462, 19.67954, 10.97525],
					"cubes": [
						{
							"origin": [-1.18462, 20.09226, 10.76758],
							"size": [2, 2, 11],
							"pivot": [-0.18462, 20.71129, 6.28212],
							"rotation": [-17.5, 0, 0],
							"uv": {
								"north": {"uv": [48, 23], "uv_size": [2, 2]},
								"east": {"uv": [68, 11], "uv_size": [11, 2]},
								"south": {"uv": [24, 48], "uv_size": [2, 2]},
								"west": {"uv": [68, 11], "uv_size": [11, 2]},
								"up": {"uv": [38, 67], "uv_size": [2, 11]},
								"down": {"uv": [38, 67], "uv_size": [2, 11]}
							}
						}
					]
				},
				{
					"name": "bone2",
					"parent": "bone",
					"pivot": [-0.18462, 16.0704, 21.03659],
					"cubes": [
						{
							"origin": [-1.18462, 18.57806, 21.62786],
							"size": [2, 2, 11],
							"pivot": [-0.18462, 19.19709, 17.1424],
							"rotation": [-40, 0, 0],
							"uv": {
								"north": {"uv": [26, 48], "uv_size": [2, 2]},
								"east": {"uv": [68, 59], "uv_size": [11, 2]},
								"south": {"uv": [49, 6], "uv_size": [2, 2]},
								"west": {"uv": [68, 59], "uv_size": [11, 2]},
								"up": {"uv": [8, 68], "uv_size": [2, 11]},
								"down": {"uv": [8, 68], "uv_size": [2, 11]}
							}
						}
					]
				},
				{
					"name": "bone3",
					"parent": "bone2",
					"pivot": [-0.18462, 9.04257, 29.19052],
					"cubes": [
						{
							"origin": [-1.18462, 8.04257, 28.69052],
							"size": [2, 2, 11],
							"pivot": [-0.18462, 9.04257, 34.19052],
							"rotation": [-7.5, 0, 0],
							"uv": {
								"north": {"uv": [49, 8], "uv_size": [2, 2]},
								"east": {"uv": [79, 63], "uv_size": [-11, 2]},
								"south": {"uv": [50, 23], "uv_size": [2, 2]},
								"west": {"uv": [68, 63], "uv_size": [11, 2]},
								"up": {"uv": [12, 69], "uv_size": [2, 11]},
								"down": {"uv": [14, 80], "uv_size": [2, -11]}
							}
						},
						{
							"origin": [0.19304, -0.12347, 36.75479],
							"size": [0, 14, 15],
							"pivot": [0.19304, 6.37653, 41.75479],
							"rotation": [-14.2468, -0.64683, -1.1422],
							"uv": {
								"north": {"uv": [128, 14], "uv_size": [-4.25, 5.5]},
								"east": {"uv": [123.75, 14], "uv_size": [-4.25, 5.5]},
								"south": {"uv": [128, 14], "uv_size": [-4.25, 5.5]},
								"west": {"uv": [128, 14], "uv_size": [-4.25, 5.5]},
								"up": {"uv": [123.75, 19.5], "uv_size": [4.25, -5.5]},
								"down": {"uv": [123.75, 19.5], "uv_size": [4.25, -5.5]}
							}
						},
						{
							"origin": [0.19304, -0.12347, 36.75479],
							"size": [0, 14, 15],
							"pivot": [0.19304, 6.37653, 41.75479],
							"rotation": [-8.26882, -11.65999, -52.87729],
							"uv": {
								"north": {"uv": [128, 14], "uv_size": [-4.25, 5.5]},
								"east": {"uv": [123.75, 14], "uv_size": [-4.25, 5.5]},
								"south": {"uv": [128, 14], "uv_size": [-4.25, 5.5]},
								"west": {"uv": [128, 14], "uv_size": [-4.25, 5.5]},
								"up": {"uv": [123.75, 19.5], "uv_size": [4.25, -5.5]},
								"down": {"uv": [123.75, 19.5], "uv_size": [4.25, -5.5]}
							}
						},
						{
							"origin": [-0.19304, -0.12347, 36.75479],
							"size": [0, 14, 15],
							"pivot": [-0.19304, 6.37653, 41.75479],
							"rotation": [-8.26882, 11.65999, 52.87729],
							"uv": {
								"north": {"uv": [123.75, 14], "uv_size": [4.25, 5.5]},
								"east": {"uv": [123.75, 14], "uv_size": [4.25, 5.5]},
								"south": {"uv": [123.75, 14], "uv_size": [4.25, 5.5]},
								"west": {"uv": [119.5, 14], "uv_size": [4.25, 5.5]},
								"up": {"uv": [128, 19.5], "uv_size": [-4.25, -5.5]},
								"down": {"uv": [128, 19.5], "uv_size": [-4.25, -5.5]}
							}
						}
					]
				},
				{
					"name": "head",
					"parent": "corpo",
					"pivot": [0, 37.12, -6],
					"cubes": [
						{
							"origin": [-3.52, 37.12, -9.52],
							"size": [7.04, 7.04, 7.04],
							"uv": {
								"north": {"uv": [45, 26], "uv_size": [7, 7]},
								"east": {"uv": [45, 33], "uv_size": [7, 7]},
								"south": {"uv": [45, 40], "uv_size": [7, 7]},
								"west": {"uv": [46, 16], "uv_size": [7, 7]},
								"up": {"uv": [34, 46], "uv_size": [7, 7]},
								"down": {"uv": [41, 54], "uv_size": [7, -7]}
							}
						},
						{
							"origin": [0, 44.12, -10],
							"size": [0, 4, 8],
							"pivot": [0, 44.12, -6],
							"rotation": [0, 0, -17.5],
							"uv": {
								"north": {"uv": [118.75, 3.75], "uv_size": [4.25, 5.5]},
								"east": {"uv": [118.75, 3.75], "uv_size": [4.25, 5.5]},
								"south": {"uv": [118.75, 3.75], "uv_size": [4.25, 5.5]},
								"west": {"uv": [113, 3.75], "uv_size": [4.25, 5.5]},
								"up": {"uv": [123, 9.25], "uv_size": [-4.25, -5.5]},
								"down": {"uv": [123, 9.25], "uv_size": [-4.25, -5.5]}
							}
						},
						{
							"origin": [0, 44.12, -10],
							"size": [0, 4, 8],
							"pivot": [0, 44.12, -6],
							"rotation": [0, 0, 17.5],
							"uv": {
								"north": {"uv": [123, 3.75], "uv_size": [-4.25, 5.5]},
								"east": {"uv": [117.25, 3.75], "uv_size": [-4.25, 5.5]},
								"south": {"uv": [123, 3.75], "uv_size": [-4.25, 5.5]},
								"west": {"uv": [123, 3.75], "uv_size": [-4.25, 5.5]},
								"up": {"uv": [118.75, 9.25], "uv_size": [4.25, -5.5]},
								"down": {"uv": [118.75, 9.25], "uv_size": [4.25, -5.5]}
							}
						}
					]
				},
				{
					"name": "bracodireito",
					"parent": "corpo",
					"pivot": [-5.98, 32.92, -2],
					"rotation": [-0.88045, -9.96156, 15.07673],
					"cubes": [
						{
							"origin": [-11.28411, 30.86352, -18.3788],
							"size": [0, 4, 14],
							"pivot": [-11.28411, 32.86352, -2.3788],
							"rotation": [77.5, 77.5, -17.5],
							"uv": {
								"north": {"uv": [118.75, 3.75], "uv_size": [4.25, 5.5]},
								"east": {"uv": [118.75, 3.75], "uv_size": [4.25, 5.5]},
								"south": {"uv": [118.75, 3.75], "uv_size": [4.25, 5.5]},
								"west": {"uv": [113, 3.75], "uv_size": [4.25, 5.5]},
								"up": {"uv": [123, 9.25], "uv_size": [-4.25, -5.5]},
								"down": {"uv": [123, 9.25], "uv_size": [-4.25, -5.5]}
							}
						},
						{
							"origin": [-11.79038, 33.33411, -6.62115],
							"size": [0, 5, 8],
							"pivot": [-11.79038, 38.33411, -2.12115],
							"rotation": [27.5, 77.5, -17.5],
							"uv": {
								"north": {"uv": [118.75, 3.75], "uv_size": [4.25, 5.5]},
								"east": {"uv": [118.75, 3.75], "uv_size": [4.25, 5.5]},
								"south": {"uv": [118.75, 3.75], "uv_size": [4.25, 5.5]},
								"west": {"uv": [113, 3.75], "uv_size": [4.25, 5.5]},
								"up": {"uv": [123, 9.25], "uv_size": [-4.25, -5.5]},
								"down": {"uv": [123, 9.25], "uv_size": [-4.25, -5.5]}
							}
						},
						{
							"origin": [-13.79038, 30.33411, -8.62115],
							"size": [0, 5, 8],
							"pivot": [-11.79038, 38.33411, -2.12115],
							"rotation": [-24.47761, 79.50349, -83.02239],
							"uv": {
								"north": {"uv": [118.75, 3.75], "uv_size": [4.25, 5.5]},
								"east": {"uv": [118.75, 3.75], "uv_size": [4.25, 5.5]},
								"south": {"uv": [118.75, 3.75], "uv_size": [4.25, 5.5]},
								"west": {"uv": [113, 3.75], "uv_size": [4.25, 5.5]},
								"up": {"uv": [123, 9.25], "uv_size": [-4.25, -5.5]},
								"down": {"uv": [123, 9.25], "uv_size": [-4.25, -5.5]}
							}
						},
						{
							"origin": [-8.88424, 15.74401, -4.47195],
							"size": [3.8944, 9.7888, 4.8944],
							"pivot": [-7.26256, 24.6346, -2.02475],
							"rotation": [-12.5, 0, -2.5],
							"uv": {
								"north": {"uv": [48, 47], "uv_size": [5, 9.75]},
								"east": {"uv": [24, 50], "uv_size": [5, 9.75]},
								"south": {"uv": [29, 50], "uv_size": [5, 9.75]},
								"west": {"uv": [0, 51], "uv_size": [5, 9.75]},
								"up": {"uv": [34, 40], "uv_size": [5, 5]},
								"down": {"uv": [58, 70], "uv_size": [5, -5]}
							}
						},
						{
							"origin": [-9.15462, 24.61954, -4.68475],
							"size": [4.32, 7.98, 5.32],
							"uv": {
								"north": {"uv": [34, 53], "uv_size": [5.25, 8]},
								"east": {"uv": [53, 43], "uv_size": [5.25, 8]},
								"south": {"uv": [53, 51], "uv_size": [5.25, 8]},
								"west": {"uv": [10, 54], "uv_size": [5.25, 8]},
								"up": {"uv": [65, 39], "uv_size": [5.25, 5.25]},
								"down": {"uv": [65, 50.25], "uv_size": [5.25, -5.25]}
							}
						},
						{
							"origin": [-9.47382, 30.79074, -5.00395],
							"size": [4.9584, 6.2776, 5.9584],
							"pivot": [-7.49462, 33.92954, -2.02475],
							"rotation": [0, 0, 20],
							"uv": {
								"north": {"uv": [53, 16], "uv_size": [6, 6.25]},
								"east": {"uv": [57, 23], "uv_size": [6, 6.25]},
								"south": {"uv": [57, 30], "uv_size": [6, 6.25]},
								"west": {"uv": [46, 57], "uv_size": [6, 6.25]},
								"up": {"uv": [22, 60], "uv_size": [6, 6]},
								"down": {"uv": [28, 66], "uv_size": [6, -6]}
							}
						}
					]
				},
				{
					"name": "bracoesquerdo",
					"parent": "corpo",
					"pivot": [5.98, 32.92, -2],
					"rotation": [-0.88045, 9.96156, -15.07673],
					"cubes": [
						{
							"origin": [11.28411, 30.86352, -18.3788],
							"size": [0, 4, 14],
							"pivot": [11.28411, 32.86352, -2.3788],
							"rotation": [77.5, -77.5, 17.5],
							"uv": {
								"north": {"uv": [123, 3.75], "uv_size": [-4.25, 5.5]},
								"east": {"uv": [117.25, 3.75], "uv_size": [-4.25, 5.5]},
								"south": {"uv": [123, 3.75], "uv_size": [-4.25, 5.5]},
								"west": {"uv": [123, 3.75], "uv_size": [-4.25, 5.5]},
								"up": {"uv": [118.75, 9.25], "uv_size": [4.25, -5.5]},
								"down": {"uv": [118.75, 9.25], "uv_size": [4.25, -5.5]}
							}
						},
						{
							"origin": [11.79038, 33.33411, -6.62115],
							"size": [0, 5, 8],
							"pivot": [11.79038, 38.33411, -2.12115],
							"rotation": [27.5, -77.5, 17.5],
							"uv": {
								"north": {"uv": [123, 3.75], "uv_size": [-4.25, 5.5]},
								"east": {"uv": [117.25, 3.75], "uv_size": [-4.25, 5.5]},
								"south": {"uv": [123, 3.75], "uv_size": [-4.25, 5.5]},
								"west": {"uv": [123, 3.75], "uv_size": [-4.25, 5.5]},
								"up": {"uv": [118.75, 9.25], "uv_size": [4.25, -5.5]},
								"down": {"uv": [118.75, 9.25], "uv_size": [4.25, -5.5]}
							}
						},
						{
							"origin": [13.79038, 30.33411, -8.62115],
							"size": [0, 5, 8],
							"pivot": [11.79038, 38.33411, -2.12115],
							"rotation": [-24.47761, -79.50349, 83.02239],
							"uv": {
								"north": {"uv": [123, 3.75], "uv_size": [-4.25, 5.5]},
								"east": {"uv": [117.25, 3.75], "uv_size": [-4.25, 5.5]},
								"south": {"uv": [123, 3.75], "uv_size": [-4.25, 5.5]},
								"west": {"uv": [123, 3.75], "uv_size": [-4.25, 5.5]},
								"up": {"uv": [118.75, 9.25], "uv_size": [4.25, -5.5]},
								"down": {"uv": [118.75, 9.25], "uv_size": [4.25, -5.5]}
							}
						},
						{
							"origin": [4.98984, 15.74401, -4.47195],
							"size": [3.8944, 9.7888, 4.8944],
							"pivot": [7.26256, 24.6346, -2.02475],
							"rotation": [-12.5, 0, 2.5],
							"uv": {
								"north": {"uv": [53, 47], "uv_size": [-5, 9.75]},
								"east": {"uv": [5, 51], "uv_size": [-5, 9.75]},
								"south": {"uv": [34, 50], "uv_size": [-5, 9.75]},
								"west": {"uv": [29, 50], "uv_size": [-5, 9.75]},
								"up": {"uv": [39, 40], "uv_size": [-5, 5]},
								"down": {"uv": [63, 70], "uv_size": [-5, -5]}
							}
						},
						{
							"origin": [4.83462, 24.61954, -4.68475],
							"size": [4.32, 7.98, 5.32],
							"uv": {
								"north": {"uv": [39.25, 53], "uv_size": [-5.25, 8]},
								"east": {"uv": [15.25, 54], "uv_size": [-5.25, 8]},
								"south": {"uv": [58.25, 51], "uv_size": [-5.25, 8]},
								"west": {"uv": [58.25, 43], "uv_size": [-5.25, 8]},
								"up": {"uv": [70.25, 39], "uv_size": [-5.25, 5.25]},
								"down": {"uv": [70.25, 50.25], "uv_size": [-5.25, -5.25]}
							}
						},
						{
							"origin": [4.51542, 30.79074, -5.00395],
							"size": [4.9584, 6.2776, 5.9584],
							"pivot": [7.49462, 33.92954, -2.02475],
							"rotation": [0, 0, -20],
							"uv": {
								"north": {"uv": [59, 16], "uv_size": [-6, 6.25]},
								"east": {"uv": [52, 57], "uv_size": [-6, 6.25]},
								"south": {"uv": [63, 30], "uv_size": [-6, 6.25]},
								"west": {"uv": [63, 23], "uv_size": [-6, 6.25]},
								"up": {"uv": [28, 60], "uv_size": [-6, 6]},
								"down": {"uv": [34, 66], "uv_size": [-6, -6]}
							}
						}
					]
				},
				{
					"name": "pernadireita",
					"parent": "corpo",
					"pivot": [-3.527, 17.96, 0],
					"rotation": [-22.64507, 9.79441, 4.05064],
					"cubes": [
						{
							"origin": [-5.66353, 10.16847, -2.98491],
							"size": [4.9584, 10.0352, 5.9584],
							"uv": {
								"north": {"uv": [39, 0], "uv_size": [6, 10]},
								"east": {"uv": [39, 26], "uv_size": [6, 10]},
								"south": {"uv": [39, 36], "uv_size": [6, 10]},
								"west": {"uv": [28, 40], "uv_size": [6, 10]},
								"up": {"uv": [52, 59], "uv_size": [6, 6]},
								"down": {"uv": [58, 65], "uv_size": [6, -6]}
							}
						},
						{
							"origin": [-4.54352, 8.13197, -5.68893],
							"size": [2.7184, 7.7952, 3.7184],
							"pivot": [-3.68432, 15.38957, 0.65027],
							"rotation": [80, 0, 0],
							"uv": {
								"north": {"uv": [18, 62], "uv_size": [3.75, 7.75]},
								"east": {"uv": [40, 62], "uv_size": [3.75, 7.75]},
								"south": {"uv": [63, 23], "uv_size": [3.75, 7.75]},
								"west": {"uv": [44, 64], "uv_size": [3.75, 7.75]},
								"up": {"uv": [35, 26], "uv_size": [3.75, 3.75]},
								"down": {"uv": [24, 47.75], "uv_size": [3.75, -3.75]}
							}
						},
						{
							"origin": [-4.31834, 1.75871, 4.70089],
							"size": [2.04909, 8.22886, 3.04909],
							"pivot": [-3.79379, 5.87315, 6.22543],
							"rotation": [-22.5, 0, 0],
							"uv": {
								"north": {"uv": [63, 66], "uv_size": [3, 8.25]},
								"east": {"uv": [66, 66], "uv_size": [3, 8.25]},
								"south": {"uv": [0, 67], "uv_size": [3, 8.25]},
								"west": {"uv": [3, 67], "uv_size": [3, 8.25]},
								"up": {"uv": [28, 19], "uv_size": [3, 3]},
								"down": {"uv": [31, 22], "uv_size": [3, -3]}
							}
						},
						{
							"origin": [-4.54124, 0.38147, -0.38274],
							"size": [2.42093, 4.08038, 3.42093],
							"pivot": [-3.83078, -0.15434, 1.32772],
							"rotation": [-57.5, 0, 0],
							"uv": {
								"north": {"uv": [69, 65], "uv_size": [3.5, 4]},
								"east": {"uv": [69, 69], "uv_size": [3.5, 4]},
								"south": {"uv": [18, 70], "uv_size": [3.5, 4]},
								"west": {"uv": [70, 21], "uv_size": [3.5, 4]},
								"up": {"uv": [71, 4], "uv_size": [3.5, 3.5]},
								"down": {"uv": [22, 74.5], "uv_size": [3.5, -3.5]}
							}
						}
					]
				},
				{
					"name": "pernaesquerda",
					"parent": "corpo",
					"pivot": [3.527, 17.96, 0],
					"rotation": [-22.64507, -9.79441, -4.05064],
					"cubes": [
						{
							"origin": [0.70513, 10.16847, -2.98491],
							"size": [4.9584, 10.0352, 5.9584],
							"uv": {
								"north": {"uv": [0, 41], "uv_size": [6, 10]},
								"east": {"uv": [6, 41], "uv_size": [6, 10]},
								"south": {"uv": [12, 44], "uv_size": [6, 10]},
								"west": {"uv": [18, 44], "uv_size": [6, 10]},
								"up": {"uv": [0, 61], "uv_size": [6, 6]},
								"down": {"uv": [34, 67], "uv_size": [6, -6]}
							}
						},
						{
							"origin": [1.82512, 8.13197, -5.68893],
							"size": [2.7184, 7.7952, 3.7184],
							"pivot": [3.68432, 15.38957, 0.65027],
							"rotation": [80, 0, 0],
							"uv": {
								"north": {"uv": [48, 64], "uv_size": [3.75, 7.75]},
								"east": {"uv": [64, 58], "uv_size": [3.75, 7.75]},
								"south": {"uv": [65, 13], "uv_size": [3.75, 7.75]},
								"west": {"uv": [65, 31], "uv_size": [3.75, 7.75]},
								"up": {"uv": [45, 6], "uv_size": [3.75, 3.75]},
								"down": {"uv": [69, 20.75], "uv_size": [3.75, -3.75]}
							}
						},
						{
							"origin": [2.26925, 1.75871, 4.70089],
							"size": [2.04909, 8.22886, 3.04909],
							"pivot": [3.79379, 5.87315, 6.22543],
							"rotation": [-22.5, 0, 0],
							"uv": {
								"north": {"uv": [67, 21], "uv_size": [3, 8.25]},
								"east": {"uv": [32, 67], "uv_size": [3, 8.25]},
								"south": {"uv": [35, 67], "uv_size": [3, 8.25]},
								"west": {"uv": [68, 0], "uv_size": [3, 8.25]},
								"up": {"uv": [35, 30], "uv_size": [3, 3]},
								"down": {"uv": [40, 19], "uv_size": [3, -3]}
							}
						},
						{
							"origin": [2.12031, 0.38147, -0.38274],
							"size": [2.42093, 4.08038, 3.42093],
							"pivot": [3.83078, -0.15434, 1.32772],
							"rotation": [-57.5, 0, 0],
							"uv": {
								"north": {"uv": [70, 25], "uv_size": [3.5, 4]},
								"east": {"uv": [40, 70], "uv_size": [3.5, 4]},
								"south": {"uv": [58, 70], "uv_size": [3.5, 4]},
								"west": {"uv": [71, 0], "uv_size": [3.5, 4]},
								"up": {"uv": [26, 71], "uv_size": [3.5, 3.5]},
								"down": {"uv": [71, 32.5], "uv_size": [3.5, -3.5]}
							}
						}
					]
				}
			]
		}
	]
}