{
	"format_version": "1.12.0",
	"minecraft:geometry": [
		{
			"description": {
				"identifier": "geometry.leopardv1",
				"texture_width": 128,
				"texture_height": 128,
				"visible_bounds_width": 7,
				"visible_bounds_height": 4.5,
				"visible_bounds_offset": [0, 1.75, 0]
			},
			"bones": [
				{
					"name": "Root",
					"pivot": [0, 14, 0]
				},
				{
					"name": "corpo",
					"parent": "Root",
					"pivot": [0, 32.59, 0],
					"cubes": [
						{
							"origin": [-5.50462, 18.96954, -2.68475],
							"size": [10.64, 6.63, 5.32],
							"uv": {
								"north": {"uv": [28, 33], "uv_size": [10.75, 6.75]},
								"east": {"uv": [62, 6], "uv_size": [5.25, 6.75]},
								"south": {"uv": [35, 19], "uv_size": [10.75, 6.75]},
								"west": {"uv": [12, 62], "uv_size": [5.25, 6.75]},
								"up": {"uv": [40, 10], "uv_size": [10.75, 5.25]},
								"down": {"uv": [45, 5.25], "uv_size": [10.75, -5.25]}
							}
						},
						{
							"origin": [-6.03662, 24.34274, -4.20095],
							"size": [11.704, 10.5336, 8.0224],
							"pivot": [-0.18462, 23.60954, -0.68975],
							"rotation": [15, 0, 0],
							"uv": {
								"north": {"uv": [0, 22], "uv_size": [11.75, 10.5]},
								"east": {"uv": [12, 33], "uv_size": [8, 10.5]},
								"south": {"uv": [12, 22], "uv_size": [11.75, 10.5]},
								"west": {"uv": [20, 33], "uv_size": [8, 10.5]},
								"up": {"uv": [28, 11], "uv_size": [11.75, 8]},
								"down": {"uv": [0, 41], "uv_size": [11.75, -8]}
							}
						},
						{
							"origin": [-6.80203, 27.64061, -5.94365],
							"size": [13.23483, 10.58786, 10.1778],
							"pivot": [-0.18462, 26.93454, -1.35475],
							"rotation": [15, 0, 0],
							"uv": {
								"north": {"uv": [0, 0], "uv_size": [13.25, 10.5]},
								"east": {"uv": [24, 22], "uv_size": [10.25, 10.5]},
								"south": {"uv": [0, 11], "uv_size": [13.25, 10.5]},
								"west": {"uv": [28, 0], "uv_size": [10.25, 10.5]},
								"up": {"uv": [14, 0], "uv_size": [13.25, 10.25]},
								"down": {"uv": [14, 21.25], "uv_size": [13.25, -10.25]}
							}
						}
					]
				},
				{
					"name": "Cauda",
					"parent": "corpo",
					"pivot": [-0.18462, 18.67954, 2.97525],
					"rotation": [22.5, 0, 0],
					"cubes": [
						{
							"origin": [-1.18462, 18.67954, 1.97525],
							"size": [2, 2, 9],
							"uv": {
								"north": {"uv": [43, 16], "uv_size": [2, 2]},
								"east": {"uv": [69, 15], "uv_size": [9, 2]},
								"south": {"uv": [46, 23], "uv_size": [2, 2]},
								"west": {"uv": [69, 15], "uv_size": [9, 2]},
								"up": {"uv": [16, 69], "uv_size": [2, 9]},
								"down": {"uv": [18, 69], "uv_size": [-2, 9]}
							}
						}
					]
				},
				{
					"name": "bone",
					"parent": "Cauda",
					"pivot": [-0.18462, 19.67954, 10.97525],
					"cubes": [
						{
							"origin": [-1.18462, 20.09226, 10.76758],
							"size": [2, 2, 11],
							"pivot": [-0.18462, 20.71129, 6.28212],
							"rotation": [-17.5, 0, 0],
							"uv": {
								"north": {"uv": [48, 23], "uv_size": [2, 2]},
								"east": {"uv": [68, 11], "uv_size": [11, 2]},
								"south": {"uv": [24, 48], "uv_size": [2, 2]},
								"west": {"uv": [68, 11], "uv_size": [11, 2]},
								"up": {"uv": [38, 67], "uv_size": [2, 11]},
								"down": {"uv": [38, 67], "uv_size": [2, 11]}
							}
						}
					]
				},
				{
					"name": "bone2",
					"parent": "bone",
					"pivot": [-0.18462, 16.0704, 21.03659],
					"cubes": [
						{
							"origin": [-1.18462, 18.57806, 21.62786],
							"size": [2, 2, 11],
							"pivot": [-0.18462, 19.19709, 17.1424],
							"rotation": [-40, 0, 0],
							"uv": {
								"north": {"uv": [26, 48], "uv_size": [2, 2]},
								"east": {"uv": [68, 59], "uv_size": [11, 2]},
								"south": {"uv": [49, 6], "uv_size": [2, 2]},
								"west": {"uv": [68, 59], "uv_size": [11, 2]},
								"up": {"uv": [8, 68], "uv_size": [2, 11]},
								"down": {"uv": [8, 68], "uv_size": [2, 11]}
							}
						}
					]
				},
				{
					"name": "bone3",
					"parent": "bone2",
					"pivot": [-0.18462, 9.04257, 29.19052],
					"cubes": [
						{
							"origin": [-1.18462, 8.04257, 28.69052],
							"size": [2, 2, 11],
							"pivot": [-0.18462, 9.04257, 34.19052],
							"rotation": [-7.5, 0, 0],
							"uv": {
								"north": {"uv": [49, 8], "uv_size": [2, 2]},
								"east": {"uv": [79, 63], "uv_size": [-11, 2]},
								"south": {"uv": [50, 23], "uv_size": [2, 2]},
								"west": {"uv": [68, 63], "uv_size": [11, 2]},
								"up": {"uv": [12, 69], "uv_size": [2, 11]},
								"down": {"uv": [14, 80], "uv_size": [2, -11]}
							}
						}
					]
				},
				{
					"name": "head",
					"parent": "corpo",
					"pivot": [0, 37.12, -6],
					"cubes": [
						{
							"origin": [-3.52, 37.12, -9.52],
							"size": [7.04, 7.04, 7.04],
							"uv": {
								"north": {"uv": [45, 26], "uv_size": [7, 7]},
								"east": {"uv": [45, 33], "uv_size": [7, 7]},
								"south": {"uv": [45, 40], "uv_size": [7, 7]},
								"west": {"uv": [46, 16], "uv_size": [7, 7]},
								"up": {"uv": [34, 46], "uv_size": [7, 7]},
								"down": {"uv": [41, 54], "uv_size": [7, -7]}
							}
						}
					]
				},
				{
					"name": "bracodireito",
					"parent": "corpo",
					"pivot": [-6.98, 32.92, -2],
					"rotation": [-0.88045, -9.96156, 15.07673],
					"cubes": [
						{
							"origin": [-10.88424, 15.74401, -4.47195],
							"size": [4.8944, 9.7888, 4.8944],
							"pivot": [-8.26256, 24.6346, -2.02475],
							"rotation": [-12.5, 0, -2.5],
							"uv": {
								"north": {"uv": [48, 47], "uv_size": [5, 9.75]},
								"east": {"uv": [24, 50], "uv_size": [5, 9.75]},
								"south": {"uv": [29, 50], "uv_size": [5, 9.75]},
								"west": {"uv": [0, 51], "uv_size": [5, 9.75]},
								"up": {"uv": [34, 40], "uv_size": [5, 5]},
								"down": {"uv": [58, 70], "uv_size": [5, -5]}
							}
						},
						{
							"origin": [-11.15462, 24.61954, -4.68475],
							"size": [5.32, 7.98, 5.32],
							"uv": {
								"north": {"uv": [34, 53], "uv_size": [5.25, 8]},
								"east": {"uv": [53, 43], "uv_size": [5.25, 8]},
								"south": {"uv": [53, 51], "uv_size": [5.25, 8]},
								"west": {"uv": [10, 54], "uv_size": [5.25, 8]},
								"up": {"uv": [65, 39], "uv_size": [5.25, 5.25]},
								"down": {"uv": [65, 50.25], "uv_size": [5.25, -5.25]}
							}
						},
						{
							"origin": [-11.47382, 30.79074, -5.00395],
							"size": [5.9584, 6.2776, 5.9584],
							"pivot": [-8.49462, 33.92954, -2.02475],
							"rotation": [0, 0, 20],
							"uv": {
								"north": {"uv": [53, 16], "uv_size": [6, 6.25]},
								"east": {"uv": [57, 23], "uv_size": [6, 6.25]},
								"south": {"uv": [57, 30], "uv_size": [6, 6.25]},
								"west": {"uv": [46, 57], "uv_size": [6, 6.25]},
								"up": {"uv": [22, 60], "uv_size": [6, 6]},
								"down": {"uv": [28, 66], "uv_size": [6, -6]}
							}
						}
					]
				},
				{
					"name": "bracoesquerdo",
					"parent": "corpo",
					"pivot": [6.98, 32.92, -2],
					"rotation": [-0.88045, 9.96156, -15.07673],
					"cubes": [
						{
							"origin": [5.98984, 15.74401, -4.47195],
							"size": [4.8944, 9.7888, 4.8944],
							"pivot": [8.26256, 24.6346, -2.02475],
							"rotation": [-12.5, 0, 2.5],
							"uv": {
								"north": {"uv": [5, 51], "uv_size": [5, 9.75]},
								"east": {"uv": [51, 6], "uv_size": [5, 9.75]},
								"south": {"uv": [52, 23], "uv_size": [5, 9.75]},
								"west": {"uv": [52, 33], "uv_size": [5, 9.75]},
								"up": {"uv": [22, 66], "uv_size": [5, 5]},
								"down": {"uv": [27, 71], "uv_size": [5, -5]}
							}
						},
						{
							"origin": [5.83462, 24.61954, -4.68475],
							"size": [5.32, 7.98, 5.32],
							"uv": {
								"north": {"uv": [16, 54], "uv_size": [5.25, 8]},
								"east": {"uv": [40, 54], "uv_size": [5.25, 8]},
								"south": {"uv": [56, 0], "uv_size": [5.25, 8]},
								"west": {"uv": [56, 8], "uv_size": [5.25, 8]},
								"up": {"uv": [65, 51], "uv_size": [5.25, 5.25]},
								"down": {"uv": [52, 70.25], "uv_size": [5.25, -5.25]}
							}
						},
						{
							"origin": [5.51542, 30.79074, -5.00395],
							"size": [5.9584, 6.2776, 5.9584],
							"pivot": [8.49462, 33.92954, -2.02475],
							"rotation": [0, 0, -20],
							"uv": {
								"north": {"uv": [59, 16], "uv_size": [6, 6.25]},
								"east": {"uv": [59, 37], "uv_size": [6, 6.25]},
								"south": {"uv": [59, 44], "uv_size": [6, 6.25]},
								"west": {"uv": [59, 51], "uv_size": [6, 6.25]},
								"up": {"uv": [62, 0], "uv_size": [6, 6]},
								"down": {"uv": [6, 68], "uv_size": [6, -6]}
							}
						}
					]
				},
				{
					"name": "pernadireita",
					"parent": "corpo",
					"pivot": [-3.527, 17.96, 0],
					"rotation": [-22.64507, 9.79441, 4.05064],
					"cubes": [
						{
							"origin": [-6.66353, 10.16847, -2.98491],
							"size": [5.9584, 10.0352, 5.9584],
							"uv": {
								"north": {"uv": [39, 0], "uv_size": [6, 10]},
								"east": {"uv": [39, 26], "uv_size": [6, 10]},
								"south": {"uv": [39, 36], "uv_size": [6, 10]},
								"west": {"uv": [28, 40], "uv_size": [6, 10]},
								"up": {"uv": [52, 59], "uv_size": [6, 6]},
								"down": {"uv": [58, 65], "uv_size": [6, -6]}
							}
						},
						{
							"origin": [-5.54352, 8.13197, -5.68893],
							"size": [3.7184, 7.7952, 3.7184],
							"pivot": [-3.68432, 15.38957, 0.65027],
							"rotation": [80, 0, 0],
							"uv": {
								"north": {"uv": [18, 62], "uv_size": [3.75, 7.75]},
								"east": {"uv": [40, 62], "uv_size": [3.75, 7.75]},
								"south": {"uv": [63, 23], "uv_size": [3.75, 7.75]},
								"west": {"uv": [44, 64], "uv_size": [3.75, 7.75]},
								"up": {"uv": [35, 26], "uv_size": [3.75, 3.75]},
								"down": {"uv": [24, 47.75], "uv_size": [3.75, -3.75]}
							}
						},
						{
							"origin": [-5.31834, 1.75871, 4.70089],
							"size": [3.04909, 8.22886, 3.04909],
							"pivot": [-3.79379, 5.87315, 6.22543],
							"rotation": [-22.5, 0, 0],
							"uv": {
								"north": {"uv": [63, 66], "uv_size": [3, 8.25]},
								"east": {"uv": [66, 66], "uv_size": [3, 8.25]},
								"south": {"uv": [0, 67], "uv_size": [3, 8.25]},
								"west": {"uv": [3, 67], "uv_size": [3, 8.25]},
								"up": {"uv": [28, 19], "uv_size": [3, 3]},
								"down": {"uv": [31, 22], "uv_size": [3, -3]}
							}
						},
						{
							"origin": [-5.54124, 0.38147, -0.38274],
							"size": [3.42093, 4.08038, 3.42093],
							"pivot": [-3.83078, -0.15434, 1.32772],
							"rotation": [-57.5, 0, 0],
							"uv": {
								"north": {"uv": [69, 65], "uv_size": [3.5, 4]},
								"east": {"uv": [69, 69], "uv_size": [3.5, 4]},
								"south": {"uv": [18, 70], "uv_size": [3.5, 4]},
								"west": {"uv": [70, 21], "uv_size": [3.5, 4]},
								"up": {"uv": [71, 4], "uv_size": [3.5, 3.5]},
								"down": {"uv": [22, 74.5], "uv_size": [3.5, -3.5]}
							}
						}
					]
				},
				{
					"name": "pernaesquerda",
					"parent": "corpo",
					"pivot": [3.527, 17.96, 0],
					"rotation": [-22.64507, -9.79441, -4.05064],
					"cubes": [
						{
							"origin": [0.70513, 10.16847, -2.98491],
							"size": [5.9584, 10.0352, 5.9584],
							"uv": {
								"north": {"uv": [0, 41], "uv_size": [6, 10]},
								"east": {"uv": [6, 41], "uv_size": [6, 10]},
								"south": {"uv": [12, 44], "uv_size": [6, 10]},
								"west": {"uv": [18, 44], "uv_size": [6, 10]},
								"up": {"uv": [0, 61], "uv_size": [6, 6]},
								"down": {"uv": [34, 67], "uv_size": [6, -6]}
							}
						},
						{
							"origin": [1.82512, 8.13197, -5.68893],
							"size": [3.7184, 7.7952, 3.7184],
							"pivot": [3.68432, 15.38957, 0.65027],
							"rotation": [80, 0, 0],
							"uv": {
								"north": {"uv": [48, 64], "uv_size": [3.75, 7.75]},
								"east": {"uv": [64, 58], "uv_size": [3.75, 7.75]},
								"south": {"uv": [65, 13], "uv_size": [3.75, 7.75]},
								"west": {"uv": [65, 31], "uv_size": [3.75, 7.75]},
								"up": {"uv": [45, 6], "uv_size": [3.75, 3.75]},
								"down": {"uv": [69, 20.75], "uv_size": [3.75, -3.75]}
							}
						},
						{
							"origin": [2.26925, 1.75871, 4.70089],
							"size": [3.04909, 8.22886, 3.04909],
							"pivot": [3.79379, 5.87315, 6.22543],
							"rotation": [-22.5, 0, 0],
							"uv": {
								"north": {"uv": [67, 21], "uv_size": [3, 8.25]},
								"east": {"uv": [32, 67], "uv_size": [3, 8.25]},
								"south": {"uv": [35, 67], "uv_size": [3, 8.25]},
								"west": {"uv": [68, 0], "uv_size": [3, 8.25]},
								"up": {"uv": [35, 30], "uv_size": [3, 3]},
								"down": {"uv": [40, 19], "uv_size": [3, -3]}
							}
						},
						{
							"origin": [2.12031, 0.38147, -0.38274],
							"size": [3.42093, 4.08038, 3.42093],
							"pivot": [3.83078, -0.15434, 1.32772],
							"rotation": [-57.5, 0, 0],
							"uv": {
								"north": {"uv": [70, 25], "uv_size": [3.5, 4]},
								"east": {"uv": [40, 70], "uv_size": [3.5, 4]},
								"south": {"uv": [58, 70], "uv_size": [3.5, 4]},
								"west": {"uv": [71, 0], "uv_size": [3.5, 4]},
								"up": {"uv": [26, 71], "uv_size": [3.5, 3.5]},
								"down": {"uv": [71, 32.5], "uv_size": [3.5, -3.5]}
							}
						}
					]
				}
			]
		}
	]
}