{
	"format_version": "1.12.0",
	"minecraft:geometry": [
		{
			"description": {
				"identifier": "geometry.lucci",
				"texture_width": 128,
				"texture_height": 128,
				"visible_bounds_width": 3,
				"visible_bounds_height": 3.5,
				"visible_bounds_offset": [0, 1.25, 0]
			},
			"bones": [
				{
					"name": "Root",
					"pivot": [0, 12, 0]
				},
				{
					"name": "body",
					"parent": "Root",
					"pivot": [0, 26.4, 0],
					"cubes": [
						{
							"origin": [-4.4, 13.2, -2.2],
							"size": [8.8, 13.2, 4.4],
							"uv": {
								"north": {"uv": [12, 0], "uv_size": [8.75, 13.25]},
								"east": {"uv": [21, 0], "uv_size": [4.5, 13.25]},
								"south": {"uv": [12, 14], "uv_size": [8.75, 13.25]},
								"west": {"uv": [21, 14], "uv_size": [4.5, 13.25]},
								"up": {"uv": [47, 37], "uv_size": [8.75, 4.5]},
								"down": {"uv": [4, 53.5], "uv_size": [8.75, -4.5]}
							}
						}
					]
				},
				{
					"name": "head",
					"parent": "body",
					"pivot": [0, 25.532, 0],
					"cubes": [
						{
							"origin": [-3.38101, 26.24392, -3.21124],
							"size": [6.76826, 6.76826, 6.76826],
							"uv": {
								"north": {"uv": [36.25, 17], "uv_size": [6.5, 6]},
								"east": {"uv": [0, 38], "uv_size": [7, 7]},
								"south": {"uv": [40, 23], "uv_size": [7, 7]},
								"west": {"uv": [40, 30], "uv_size": [7, 7]},
								"up": {"uv": [40, 37], "uv_size": [7, 7]},
								"down": {"uv": [7, 49], "uv_size": [7, -7]}
							}
						}
					]
				},
				{
					"name": "Chapeu",
					"parent": "head",
					"pivot": [0, 29.21695, 0],
					"cubes": [
						{
							"origin": [-5.62223, 31.92766, -5.45245],
							"size": [11.25069, 1.05985, 11.25069],
							"uv": {
								"north": {"uv": [56, 37], "uv_size": [11.75, 1]},
								"east": {"uv": [56, 38], "uv_size": [11.75, 1]},
								"south": {"uv": [56, 39], "uv_size": [11.75, 1]},
								"west": {"uv": [56, 40], "uv_size": [11.75, 1]},
								"up": {"uv": [0, 0], "uv_size": [11.75, 11.75]},
								"down": {"uv": [0, 23.75], "uv_size": [11.75, -11.75]}
							}
						},
						{
							"origin": [-3.58406, 32.88906, -3.41428],
							"size": [7.17435, 6.0399, 7.17435],
							"uv": {
								"north": {"uv": [43, 16], "uv_size": [7.5, 6.25]},
								"east": {"uv": [44, 0], "uv_size": [7.5, 6.25]},
								"south": {"uv": [44, 7], "uv_size": [7.5, 6.25]},
								"west": {"uv": [34, 44], "uv_size": [7.5, 6.25]},
								"up": {"uv": [36, 0], "uv_size": [7.5, 7.5]},
								"down": {"uv": [36, 15.5], "uv_size": [7.5, -7.5]}
							}
						}
					]
				},
				{
					"name": "Cabelo",
					"parent": "head",
					"pivot": [0, 27.04597, 0],
					"cubes": [
						{
							"origin": [-3.7203, 28.09673, -1.65978],
							"size": [7.53328, 3.69178, 5.57818],
							"uv": {
								"north": {"uv": [26, 47], "uv_size": [8, 4]},
								"east": {"uv": [50, 46], "uv_size": [5.75, 4]},
								"south": {"uv": [50, 42], "uv_size": [8, 4]},
								"west": {"uv": [50, 50], "uv_size": [5.75, 4]},
								"up": {"uv": [18, 47], "uv_size": [8, 5.75]},
								"down": {"uv": [47, 28.75], "uv_size": [8, -5.75]}
							}
						},
						{
							"origin": [-4.6817, 25.21253, 0.26302],
							"size": [9.45608, 3.69178, 4.61678],
							"uv": {
								"north": {"uv": [47, 29], "uv_size": [10, 4]},
								"east": {"uv": [51, 19], "uv_size": [4.75, 4]},
								"south": {"uv": [47, 33], "uv_size": [10, 4]},
								"west": {"uv": [52, 10], "uv_size": [4.75, 4]},
								"up": {"uv": [14, 42], "uv_size": [10, 4.75]},
								"down": {"uv": [24, 46.75], "uv_size": [10, -4.75]}
							}
						}
					]
				},
				{
					"name": "rightArm",
					"parent": "body",
					"pivot": [-5.5, 24.2, 0],
					"cubes": [
						{
							"origin": [-7.8, 13.2, -2.2],
							"size": [3.4, 13.2, 4.4],
							"uv": {
								"north": {"uv": [42, 44], "uv_size": [3.5, 13.25]},
								"east": {"uv": [0, 24], "uv_size": [4.5, 13.25]},
								"south": {"uv": [0, 45], "uv_size": [3.5, 13.25]},
								"west": {"uv": [5, 24], "uv_size": [4.5, 13.25]},
								"up": {"uv": [36, 23], "uv_size": [3.5, 4.5]},
								"down": {"uv": [9, 58.5], "uv_size": [3.5, -4.5]}
							}
						}
					]
				},
				{
					"name": "leftArm",
					"parent": "body",
					"pivot": [5.5, 24.2, 0],
					"cubes": [
						{
							"origin": [4.4, 13.2, -2.2],
							"size": [3.4, 13.2, 4.4],
							"uv": {
								"north": {"uv": [46, 44], "uv_size": [3.5, 13.25]},
								"east": {"uv": [26, 0], "uv_size": [4.5, 13.25]},
								"south": {"uv": [14, 47], "uv_size": [3.5, 13.25]},
								"west": {"uv": [26, 14], "uv_size": [4.5, 13.25]},
								"up": {"uv": [50, 54], "uv_size": [3.5, 4.5]},
								"down": {"uv": [54, 58.5], "uv_size": [3.5, -4.5]}
							}
						}
					]
				},
				{
					"name": "rightLeg",
					"parent": "body",
					"pivot": [-2.09, 13.2, 0],
					"cubes": [
						{
							"origin": [-4.29, 0, -2.2],
							"size": [4.4, 13.2, 4.4],
							"uv": {
								"north": {"uv": [10, 28], "uv_size": [4.5, 13.25]},
								"east": {"uv": [15, 28], "uv_size": [4.5, 13.25]},
								"south": {"uv": [20, 28], "uv_size": [4.5, 13.25]},
								"west": {"uv": [25, 28], "uv_size": [4.5, 13.25]},
								"up": {"uv": [52, 0], "uv_size": [4.5, 4.5]},
								"down": {"uv": [52, 9.5], "uv_size": [4.5, -4.5]}
							}
						},
						{
							"origin": [-4.4, -0.11, -2.332],
							"size": [4.664, 2.86, 4.664],
							"uv": {
								"north": {"uv": [55, 23], "uv_size": [4.75, 2.75]},
								"east": {"uv": [55, 26], "uv_size": [4.75, 2.75]},
								"south": {"uv": [56, 14], "uv_size": [4.75, 2.75]},
								"west": {"uv": [56, 17], "uv_size": [4.75, 2.75]},
								"up": {"uv": [51, 14], "uv_size": [4.75, 4.75]},
								"down": {"uv": [26, 55.75], "uv_size": [4.75, -4.75]}
							}
						}
					]
				},
				{
					"name": "leftLeg",
					"parent": "body",
					"pivot": [2.09, 13.2, 0],
					"cubes": [
						{
							"origin": [-0.11, 0, -2.2],
							"size": [4.4, 13.2, 4.4],
							"uv": {
								"north": {"uv": [30, 28], "uv_size": [4.5, 13.25]},
								"east": {"uv": [31, 0], "uv_size": [4.5, 13.25]},
								"south": {"uv": [31, 14], "uv_size": [4.5, 13.25]},
								"west": {"uv": [35, 28], "uv_size": [4.5, 13.25]},
								"up": {"uv": [18, 53], "uv_size": [4.5, 4.5]},
								"down": {"uv": [4, 58.5], "uv_size": [4.5, -4.5]}
							}
						},
						{
							"origin": [-0.264, -0.11, -2.332],
							"size": [4.664, 2.86, 4.664],
							"uv": {
								"north": {"uv": [56, 20], "uv_size": [4.75, 2.75]},
								"east": {"uv": [23, 56], "uv_size": [4.75, 2.75]},
								"south": {"uv": [28, 56], "uv_size": [4.75, 2.75]},
								"west": {"uv": [33, 56], "uv_size": [4.75, 2.75]},
								"up": {"uv": [31, 51], "uv_size": [4.75, 4.75]},
								"down": {"uv": [36, 55.75], "uv_size": [4.75, -4.75]}
							}
						}
					]
				},
				{
					"name": "Pombo",
					"parent": "body",
					"pivot": [-6.6, 28.9355, -0.132],
					"rotation": [0, 0, -7.5],
					"cubes": [
						{
							"origin": [-7.17489, 29.91099, -0.67624],
							"size": [1.18118, 1.77177, 1.18118],
							"uv": {
								"north": {"uv": [38, 42], "uv_size": [1.25, 1.75]},
								"east": {"uv": [44, 14], "uv_size": [1.25, 1.75]},
								"south": {"uv": [46, 14], "uv_size": [1.25, 1.75]},
								"west": {"uv": [47, 42], "uv_size": [1.25, 1.75]},
								"up": {"uv": [48, 14], "uv_size": [1.25, 1.25]},
								"down": {"uv": [56, 53.25], "uv_size": [1.25, -1.25]}
							}
						},
						{
							"origin": [-7.47019, 26.78086, -1.08965],
							"size": [1.77177, 3.54354, 1.77177],
							"uv": {
								"north": {"uv": [10, 24], "uv_size": [1.75, 3.5]},
								"east": {"uv": [7, 38], "uv_size": [1.75, 3.5]},
								"south": {"uv": [4, 45], "uv_size": [1.75, 3.5]},
								"west": {"uv": [38, 56], "uv_size": [1.75, 3.5]},
								"up": {"uv": [34, 42], "uv_size": [1.75, 1.75]},
								"down": {"uv": [36, 43.75], "uv_size": [1.75, -1.75]}
							}
						},
						{
							"origin": [-7.47019, 25.83592, -0.08565],
							"size": [1.77177, 2.36236, 0.59059],
							"uv": {
								"north": {"uv": [57, 0], "uv_size": [1.75, 2.25]},
								"east": {"uv": [13, 52], "uv_size": [0.5, 2.25]},
								"south": {"uv": [57, 3], "uv_size": [1.75, 2.25]},
								"west": {"uv": [25, 53], "uv_size": [0.5, 2.25]},
								"up": {"uv": [56, 41], "uv_size": [1.75, 0.5]},
								"down": {"uv": [57, 6.5], "uv_size": [1.75, -0.5]}
							}
						},
						{
							"origin": [-5.99371, 27.13522, -0.97153],
							"size": [0.59059, 2.95295, 1.77177],
							"uv": {
								"north": {"uv": [9, 38], "uv_size": [0.5, 3]},
								"east": {"uv": [23, 53], "uv_size": [1.75, 3]},
								"south": {"uv": [6, 45], "uv_size": [0.5, 3]},
								"west": {"uv": [40, 56], "uv_size": [1.75, 3]},
								"up": {"uv": [49, 42], "uv_size": [0.5, 1.75]},
								"down": {"uv": [50, 15.75], "uv_size": [0.5, -1.75]}
							}
						},
						{
							"origin": [-7.76548, 27.13522, -0.97153],
							"size": [0.59059, 2.95295, 1.77177],
							"uv": {
								"north": {"uv": [13, 49], "uv_size": [0.5, 3]},
								"east": {"uv": [56, 46], "uv_size": [1.75, 3]},
								"south": {"uv": [41, 51], "uv_size": [0.5, 3]},
								"west": {"uv": [56, 49], "uv_size": [1.75, 3]},
								"up": {"uv": [41, 54], "uv_size": [0.5, 1.75]},
								"down": {"uv": [13, 56.75], "uv_size": [0.5, -1.75]}
							}
						},
						{
							"origin": [-7.47019, 25.89498, -0.49906],
							"size": [0.59059, 1.18118, 0.59059],
							"uv": {
								"north": {"uv": [57, 7], "uv_size": [0.5, 1.25]},
								"east": {"uv": [57, 9], "uv_size": [0.5, 1.25]},
								"south": {"uv": [57, 11], "uv_size": [0.5, 1.25]},
								"west": {"uv": [13, 57], "uv_size": [0.5, 1.25]},
								"up": {"uv": [9, 41], "uv_size": [0.5, 0.5]},
								"down": {"uv": [6, 48.5], "uv_size": [0.5, -0.5]}
							}
						},
						{
							"origin": [-6.28901, 25.89498, -0.49906],
							"size": [0.59059, 1.18118, 0.59059],
							"uv": {
								"north": {"uv": [57, 29], "uv_size": [0.5, 1.25]},
								"east": {"uv": [57, 31], "uv_size": [0.5, 1.25]},
								"south": {"uv": [57, 33], "uv_size": [0.5, 1.25]},
								"west": {"uv": [57, 35], "uv_size": [0.5, 1.25]},
								"up": {"uv": [57, 13], "uv_size": [0.5, 0.5]},
								"down": {"uv": [58, 7.5], "uv_size": [0.5, -0.5]}
							}
						}
					]
				}
			]
		}
	]
}