{
	"format_version": "1.12.0",
	"minecraft:geometry": [
		{
			"description": {
				"identifier": "geometry.luffygear5",
				"texture_width": 64,
				"texture_height": 64,
				"visible_bounds_width": 3,
				"visible_bounds_height": 3.5,
				"visible_bounds_offset": [0, 1.25, 0]
			},
			"bones": [
				{
					"name": "Root",
					"pivot": [0, 12, 0]
				},
				{
					"name": "body",
					"parent": "Root",
					"pivot": [0, 24, 0],
					"cubes": [
						{
							"origin": [-4, 12, -2],
							"size": [8, 12, 4],
							"uv": {
								"north": {"uv": [11, 0], "uv_size": [8, 12]},
								"east": {"uv": [14, 24], "uv_size": [4, 12]},
								"south": {"uv": [11, 12], "uv_size": [8, 12]},
								"west": {"uv": [26, 14], "uv_size": [4, 12]},
								"up": {"uv": [26, 38], "uv_size": [8, 4]},
								"down": {"uv": [38, 40], "uv_size": [8, -4]}
							}
						}
					]
				},
				{
					"name": "Chapeu",
					"parent": "body",
					"pivot": [0, 18.39, 3],
					"rotation": [-90.02806, -0.36849, 0.05366],
					"cubes": [
						{
							"origin": [-5.8512, 17.0438, -2.8512],
							"size": [11.7024, 1.1024, 11.7024],
							"uv": {
								"north": {"uv": [46, 32], "uv_size": [11, 1]},
								"east": {"uv": [46, 33], "uv_size": [11, 1]},
								"south": {"uv": [46, 34], "uv_size": [11, 1]},
								"west": {"uv": [46, 35], "uv_size": [11, 1]},
								"up": {"uv": [0, 0], "uv_size": [11, 11]},
								"down": {"uv": [0, 22], "uv_size": [11, -11]}
							}
						},
						{
							"origin": [-3.7312, 17.0438, -0.7312],
							"size": [7.4624, 4.2824, 7.4624],
							"uv": {
								"north": {"uv": [41, 0], "uv_size": [7, 4]},
								"east": {"uv": [41, 4], "uv_size": [7, 4]},
								"south": {"uv": [41, 8], "uv_size": [7, 4]},
								"west": {"uv": [42, 12], "uv_size": [7, 4]},
								"up": {"uv": [26, 0], "uv_size": [7, 7]},
								"down": {"uv": [26, 14], "uv_size": [7, -7]}
							}
						}
					]
				},
				{
					"name": "head",
					"parent": "body",
					"pivot": [0, 24.12, 0],
					"cubes": [
						{
							"origin": [-3.52, 24.12, -3.52],
							"size": [7.04, 7.04, 7.04],
							"uv": {
								"north": {"uv": [19, 0], "uv_size": [7, 7]},
								"east": {"uv": [19, 7], "uv_size": [7, 7]},
								"south": {"uv": [19, 14], "uv_size": [7, 7]},
								"west": {"uv": [19, 21], "uv_size": [7, 7]},
								"up": {"uv": [0, 22], "uv_size": [7, 7]},
								"down": {"uv": [7, 31], "uv_size": [7, -7]}
							}
						}
					]
				},
				{
					"name": "Hair",
					"parent": "head",
					"pivot": [0.29991, 35.21159, 0.21141],
					"rotation": [-15, 0, 0],
					"cubes": [
						{
							"origin": [-5.91683, 29.29862, -0.50648],
							"size": [2.42065, 1.08229, 1.16848],
							"pivot": [-3.95531, 30.00512, 0.18556],
							"rotation": [-3.68775, 12.15475, -77.35255],
							"uv": {
								"north": {"uv": [61, 0], "uv_size": [1.75, 1.25]},
								"east": {"uv": [61, 0], "uv_size": [1.75, 1.25]},
								"south": {"uv": [61, 0], "uv_size": [1.75, 1.25]},
								"west": {"uv": [61, 0], "uv_size": [1.75, 1.25]},
								"up": {"uv": [62.75, 1.25], "uv_size": [-1.75, -1.25]},
								"down": {"uv": [62.75, 1.25], "uv_size": [-1.75, -1.25]}
							}
						},
						{
							"origin": [-6.17919, 30.10571, 2.31839],
							"size": [2.54349, 1.08229, 1.16848],
							"pivot": [-3.79149, 30.28883, 3.11372],
							"rotation": [-1.03043, -6.34127, -101.35042],
							"uv": {
								"north": {"uv": [61, 0], "uv_size": [1.75, 1.25]},
								"east": {"uv": [61, 0], "uv_size": [1.75, 1.25]},
								"south": {"uv": [61, 0], "uv_size": [1.75, 1.25]},
								"west": {"uv": [61, 0], "uv_size": [1.75, 1.25]},
								"up": {"uv": [62.75, 1.25], "uv_size": [-1.75, -1.25]},
								"down": {"uv": [62.75, 1.25], "uv_size": [-1.75, -1.25]}
							}
						},
						{
							"origin": [3.63571, 30.10571, 2.31839],
							"size": [2.54349, 1.08229, 1.16848],
							"pivot": [3.79149, 30.28883, 3.11372],
							"rotation": [-1.03043, 6.34127, 101.35042],
							"uv": {
								"north": {"uv": [61, 0], "uv_size": [1.75, 1.25]},
								"east": {"uv": [61, 0], "uv_size": [1.75, 1.25]},
								"south": {"uv": [61, 0], "uv_size": [1.75, 1.25]},
								"west": {"uv": [61, 0], "uv_size": [1.75, 1.25]},
								"up": {"uv": [62.75, 1.25], "uv_size": [-1.75, -1.25]},
								"down": {"uv": [62.75, 1.25], "uv_size": [-1.75, -1.25]}
							}
						},
						{
							"origin": [-7.15259, 29.52249, -2.02453],
							"size": [2.29781, 0.83662, 0.79995],
							"pivot": [-4.4922, 30.25346, -1.11232],
							"rotation": [1.70184, -1.69779, -96.69197],
							"uv": {
								"north": {"uv": [61, 0], "uv_size": [1.75, 1.25]},
								"east": {"uv": [61, 0], "uv_size": [1.75, 1.25]},
								"south": {"uv": [61, 0], "uv_size": [1.75, 1.25]},
								"west": {"uv": [61, 0], "uv_size": [1.75, 1.25]},
								"up": {"uv": [62.75, 1.25], "uv_size": [-1.75, -1.25]},
								"down": {"uv": [62.75, 1.25], "uv_size": [-1.75, -1.25]}
							}
						},
						{
							"origin": [4.85478, 29.52249, -2.02453],
							"size": [2.29781, 0.83662, 0.79995],
							"pivot": [4.4922, 30.25346, -1.11232],
							"rotation": [1.70184, 1.69779, 96.69197],
							"uv": {
								"north": {"uv": [61, 0], "uv_size": [1.75, 1.25]},
								"east": {"uv": [61, 0], "uv_size": [1.75, 1.25]},
								"south": {"uv": [61, 0], "uv_size": [1.75, 1.25]},
								"west": {"uv": [61, 0], "uv_size": [1.75, 1.25]},
								"up": {"uv": [62.75, 1.25], "uv_size": [-1.75, -1.25]},
								"down": {"uv": [62.75, 1.25], "uv_size": [-1.75, -1.25]}
							}
						},
						{
							"origin": [3.67731, 29.99359, 3.88606],
							"size": [1.9293, 0.79995, 0.79995],
							"pivot": [3.79576, 30.62305, 4.46573],
							"rotation": [-2.02783, -7.64146, 66.98136],
							"uv": {
								"north": {"uv": [61, 0], "uv_size": [1.75, 1.25]},
								"east": {"uv": [61, 0], "uv_size": [1.75, 1.25]},
								"south": {"uv": [61, 0], "uv_size": [1.75, 1.25]},
								"west": {"uv": [61, 0], "uv_size": [1.75, 1.25]},
								"up": {"uv": [62.75, 1.25], "uv_size": [-1.75, -1.25]},
								"down": {"uv": [62.75, 1.25], "uv_size": [-1.75, -1.25]}
							}
						},
						{
							"origin": [-5.6066, 29.99359, 3.88606],
							"size": [1.9293, 0.79995, 0.79995],
							"pivot": [-3.79576, 30.62305, 4.46573],
							"rotation": [-2.02783, 7.64146, -66.98136],
							"uv": {
								"north": {"uv": [61, 0], "uv_size": [1.75, 1.25]},
								"east": {"uv": [61, 0], "uv_size": [1.75, 1.25]},
								"south": {"uv": [61, 0], "uv_size": [1.75, 1.25]},
								"west": {"uv": [61, 0], "uv_size": [1.75, 1.25]},
								"up": {"uv": [62.75, 1.25], "uv_size": [-1.75, -1.25]},
								"down": {"uv": [62.75, 1.25], "uv_size": [-1.75, -1.25]}
							}
						},
						{
							"origin": [1.89462, 27.90318, 1.35609],
							"size": [3.05864, 1.27051, 1.08229],
							"pivot": [4.2492, 29.24219, 2.21053],
							"rotation": [2.86324, 15.14544, 128.02392],
							"uv": {
								"north": {"uv": [61, 0], "uv_size": [1.75, 1.25]},
								"east": {"uv": [61, 0], "uv_size": [1.75, 1.25]},
								"south": {"uv": [61, 0], "uv_size": [1.75, 1.25]},
								"west": {"uv": [61, 0], "uv_size": [1.75, 1.25]},
								"up": {"uv": [62.75, 1.25], "uv_size": [-1.75, -1.25]},
								"down": {"uv": [62.75, 1.25], "uv_size": [-1.75, -1.25]}
							}
						},
						{
							"origin": [-4.95326, 27.90318, 1.35609],
							"size": [3.05864, 1.27051, 1.08229],
							"pivot": [-4.2492, 29.24219, 2.21053],
							"rotation": [2.86324, -15.14544, -128.02392],
							"uv": {
								"north": {"uv": [61, 0], "uv_size": [1.75, 1.25]},
								"east": {"uv": [61, 0], "uv_size": [1.75, 1.25]},
								"south": {"uv": [61, 0], "uv_size": [1.75, 1.25]},
								"west": {"uv": [61, 0], "uv_size": [1.75, 1.25]},
								"up": {"uv": [62.75, 1.25], "uv_size": [-1.75, -1.25]},
								"down": {"uv": [62.75, 1.25], "uv_size": [-1.75, -1.25]}
							}
						},
						{
							"origin": [2.31718, 30.33309, -1.20128],
							"size": [2.07593, 0.90199, 1.57365],
							"pivot": [3.70065, 30.78958, -0.23699],
							"rotation": [172.15968, 59.42996, 141.37261],
							"uv": {
								"north": {"uv": [61, 0], "uv_size": [1.75, 1.25]},
								"east": {"uv": [61, 0], "uv_size": [1.75, 1.25]},
								"south": {"uv": [61, 0], "uv_size": [1.75, 1.25]},
								"west": {"uv": [61, 0], "uv_size": [1.75, 1.25]},
								"up": {"uv": [62.75, 1.25], "uv_size": [-1.75, -1.25]},
								"down": {"uv": [62.75, 1.25], "uv_size": [-1.75, -1.25]}
							}
						},
						{
							"origin": [-4.39311, 30.33309, -1.20128],
							"size": [2.07593, 0.90199, 1.57365],
							"pivot": [-3.70064, 30.78958, -0.23699],
							"rotation": [172.15968, -59.42996, -141.37261],
							"uv": {
								"north": {"uv": [61, 0], "uv_size": [1.75, 1.25]},
								"east": {"uv": [61, 0], "uv_size": [1.75, 1.25]},
								"south": {"uv": [61, 0], "uv_size": [1.75, 1.25]},
								"west": {"uv": [61, 0], "uv_size": [1.75, 1.25]},
								"up": {"uv": [62.75, 1.25], "uv_size": [-1.75, -1.25]},
								"down": {"uv": [62.75, 1.25], "uv_size": [-1.75, -1.25]}
							}
						},
						{
							"origin": [1.12653, 30.9743, -0.6081],
							"size": [3.05864, 1.76186, 1.57365],
							"pivot": [2.65585, 31.85523, -0.06696],
							"rotation": [157.24845, 10.74841, 128.42974],
							"uv": {
								"north": {"uv": [61, 0], "uv_size": [1.75, 1.25]},
								"east": {"uv": [61, 0], "uv_size": [1.75, 1.25]},
								"south": {"uv": [61, 0], "uv_size": [1.75, 1.25]},
								"west": {"uv": [61, 0], "uv_size": [1.75, 1.25]},
								"up": {"uv": [62.75, 1.25], "uv_size": [-1.75, -1.25]},
								"down": {"uv": [62.75, 1.25], "uv_size": [-1.75, -1.25]}
							}
						},
						{
							"origin": [-4.18517, 30.9743, -0.6081],
							"size": [3.05864, 1.76186, 1.57365],
							"pivot": [-2.65585, 31.85523, -0.06696],
							"rotation": [157.24845, -10.74841, -128.42974],
							"uv": {
								"north": {"uv": [61, 0], "uv_size": [1.75, 1.25]},
								"east": {"uv": [61, 0], "uv_size": [1.75, 1.25]},
								"south": {"uv": [61, 0], "uv_size": [1.75, 1.25]},
								"west": {"uv": [61, 0], "uv_size": [1.75, 1.25]},
								"up": {"uv": [62.75, 1.25], "uv_size": [-1.75, -1.25]},
								"down": {"uv": [62.75, 1.25], "uv_size": [-1.75, -1.25]}
							}
						},
						{
							"origin": [-8.2318, 23.47162, 4.65382],
							"size": [3.05864, 1.27051, 1.08229],
							"pivot": [-3.91184, 30.61628, 2.82034],
							"rotation": [-171.5543, 59.36839, 110.50343],
							"uv": {
								"north": {"uv": [61, 0], "uv_size": [1.75, 1.25]},
								"east": {"uv": [61, 0], "uv_size": [1.75, 1.25]},
								"south": {"uv": [61, 0], "uv_size": [1.75, 1.25]},
								"west": {"uv": [61, 0], "uv_size": [1.75, 1.25]},
								"up": {"uv": [62.75, 1.25], "uv_size": [-1.75, -1.25]},
								"down": {"uv": [62.75, 1.25], "uv_size": [-1.75, -1.25]}
							}
						},
						{
							"origin": [-4.38632, 31.6217, -0.91571],
							"size": [5.5396, 2.94372, 3.04446],
							"pivot": [-2.27838, 31.52431, 0.96028],
							"rotation": [-170.40117, -11.79672, -92.8532],
							"uv": {
								"north": {"uv": [61, 0], "uv_size": [1.75, 1.25]},
								"east": {"uv": [61, 0], "uv_size": [1.75, 1.25]},
								"south": {"uv": [61, 0], "uv_size": [1.75, 1.25]},
								"west": {"uv": [61, 0], "uv_size": [1.75, 1.25]},
								"up": {"uv": [62.75, 1.25], "uv_size": [-1.75, -1.25]},
								"down": {"uv": [62.75, 1.25], "uv_size": [-1.75, -1.25]}
							}
						},
						{
							"origin": [-4.38632, 30.88466, 0.55834],
							"size": [5.5396, 2.20668, 1.93891],
							"pivot": [-2.27838, 31.52431, 0.96028],
							"rotation": [-167.6923, -8.93, -107.824],
							"uv": {
								"north": {"uv": [61, 0], "uv_size": [1.75, 1.25]},
								"east": {"uv": [61, 0], "uv_size": [1.75, 1.25]},
								"south": {"uv": [61, 0], "uv_size": [1.75, 1.25]},
								"west": {"uv": [61, 0], "uv_size": [1.75, 1.25]},
								"up": {"uv": [62.75, 1.25], "uv_size": [-1.75, -1.25]},
								"down": {"uv": [62.75, 1.25], "uv_size": [-1.75, -1.25]}
							}
						},
						{
							"origin": [-0.51045, 34.40087, -0.74578],
							"size": [1.7316, 1.34682, 1.32472],
							"pivot": [0.10967, 35.07428, -0.08342],
							"rotation": [162.4645, 10.9779, 102.5748],
							"uv": {
								"north": {"uv": [61, 0], "uv_size": [1.75, 1.25]},
								"east": {"uv": [61, 0], "uv_size": [1.75, 1.25]},
								"south": {"uv": [61, 0], "uv_size": [1.75, 1.25]},
								"west": {"uv": [61, 0], "uv_size": [1.75, 1.25]},
								"up": {"uv": [62.75, 1.25], "uv_size": [-1.75, -1.25]},
								"down": {"uv": [62.75, 1.25], "uv_size": [-1.75, -1.25]}
							}
						},
						{
							"origin": [-2.5374, 30.71054, -1.59506],
							"size": [4.67973, 2.20668, 1.93891],
							"pivot": [0.10956, 31.81387, -0.62561],
							"rotation": [169.7691, 9.1993, 92.8678],
							"uv": {
								"north": {"uv": [61, 0], "uv_size": [1.75, 1.25]},
								"east": {"uv": [61, 0], "uv_size": [1.75, 1.25]},
								"south": {"uv": [61, 0], "uv_size": [1.75, 1.25]},
								"west": {"uv": [61, 0], "uv_size": [1.75, 1.25]},
								"up": {"uv": [62.75, 1.25], "uv_size": [-1.75, -1.25]},
								"down": {"uv": [62.75, 1.25], "uv_size": [-1.75, -1.25]}
							}
						},
						{
							"origin": [0.0591, 30.64549, -2.20961],
							"size": [4.18838, 2.20668, 1.69323],
							"pivot": [1.9076, 31.62599, -1.17873],
							"rotation": [162.458, 0.405, 118.9856],
							"uv": {
								"north": {"uv": [61, 0], "uv_size": [1.75, 1.25]},
								"east": {"uv": [61, 0], "uv_size": [1.75, 1.25]},
								"south": {"uv": [58.5, 0], "uv_size": [-2.5, 1.5]},
								"west": {"uv": [61, 0], "uv_size": [1.75, 1.25]},
								"up": {"uv": [62.75, 1.25], "uv_size": [-1.75, -1.25]},
								"down": {"uv": [62.75, 1.25], "uv_size": [-1.75, -1.25]}
							}
						},
						{
							"origin": [-2.31889, 32.80939, -1.56557],
							"size": [1.36309, 1.34682, 1.32472],
							"pivot": [-2.248, 33.42339, -0.9315],
							"rotation": [162.4645, -10.9779, -102.5748],
							"uv": {
								"north": {"uv": [61, 0], "uv_size": [1.75, 1.25]},
								"east": {"uv": [61, 0], "uv_size": [1.75, 1.25]},
								"south": {"uv": [56.25, 0], "uv_size": [2, 2]},
								"west": {"uv": [61, 0], "uv_size": [1.75, 1.25]},
								"up": {"uv": [62.75, 1.25], "uv_size": [-1.75, -1.25]},
								"down": {"uv": [62.75, 1.25], "uv_size": [-1.75, -1.25]}
							}
						},
						{
							"origin": [-1.7047, 36.61739, -4.88221],
							"size": [1.36309, 1.34682, 1.32472],
							"pivot": [-2.248, 33.42339, -0.9315],
							"rotation": [162.4645, -10.9779, -102.5748],
							"uv": {
								"north": {"uv": [61, 0], "uv_size": [1.75, 1.25]},
								"east": {"uv": [61, 0], "uv_size": [1.75, 1.25]},
								"south": {"uv": [61, 0], "uv_size": [1.75, 1.25]},
								"west": {"uv": [61, 0], "uv_size": [1.75, 1.25]},
								"up": {"uv": [62.75, 1.25], "uv_size": [-1.75, -1.25]},
								"down": {"uv": [62.75, 1.25], "uv_size": [-1.75, -1.25]}
							}
						},
						{
							"origin": [-4.24748, 30.64549, -2.20961],
							"size": [4.18838, 2.20668, 1.69323],
							"pivot": [-1.9076, 31.62599, -1.17873],
							"rotation": [162.458, -0.405, -118.9856],
							"uv": {
								"north": {"uv": [61, 0], "uv_size": [1.75, 1.25]},
								"east": {"uv": [61, 0], "uv_size": [1.75, 1.25]},
								"south": {"uv": [61, 0], "uv_size": [1.75, 1.25]},
								"west": {"uv": [61, 0], "uv_size": [1.75, 1.25]},
								"up": {"uv": [62.75, 1.25], "uv_size": [-1.75, -1.25]},
								"down": {"uv": [62.75, 1.25], "uv_size": [-1.75, -1.25]}
							}
						},
						{
							"origin": [-1.15328, 30.88466, 0.55834],
							"size": [5.5396, 2.20668, 1.93891],
							"pivot": [2.27838, 31.52431, 0.96028],
							"rotation": [-167.6923, 8.93, 107.824],
							"uv": {
								"north": {"uv": [61, 0], "uv_size": [1.75, 1.25]},
								"east": {"uv": [61, 0], "uv_size": [1.75, 1.25]},
								"south": {"uv": [61, 0], "uv_size": [1.75, 1.25]},
								"west": {"uv": [61, 0], "uv_size": [1.75, 1.25]},
								"up": {"uv": [62.75, 1.25], "uv_size": [-1.75, -1.25]},
								"down": {"uv": [62.75, 1.25], "uv_size": [-1.75, -1.25]}
							}
						},
						{
							"origin": [0.95581, 32.80939, -1.56557],
							"size": [1.36309, 1.34682, 1.32472],
							"pivot": [2.248, 33.42339, -0.9315],
							"rotation": [162.4645, 10.9779, 102.5748],
							"uv": {
								"north": {"uv": [61, 0], "uv_size": [1.75, 1.25]},
								"east": {"uv": [61, 0], "uv_size": [1.75, 1.25]},
								"south": {"uv": [61, 0], "uv_size": [1.75, 1.25]},
								"west": {"uv": [61, 0], "uv_size": [1.75, 1.25]},
								"up": {"uv": [62.75, 1.25], "uv_size": [-1.75, -1.25]},
								"down": {"uv": [62.75, 1.25], "uv_size": [-1.75, -1.25]}
							}
						},
						{
							"origin": [-1.22115, 34.57064, 4.56725],
							"size": [1.7316, 1.34682, 1.32472],
							"pivot": [-0.10967, 35.24405, 5.22961],
							"rotation": [-158.6893, -6.1139, -102.4127],
							"uv": {
								"north": {"uv": [61, 0], "uv_size": [1.75, 1.25]},
								"east": {"uv": [61, 0], "uv_size": [1.75, 1.25]},
								"south": {"uv": [61, 0], "uv_size": [1.75, 1.25]},
								"west": {"uv": [61, 0], "uv_size": [1.75, 1.25]},
								"up": {"uv": [62.75, 1.25], "uv_size": [-1.75, -1.25]},
								"down": {"uv": [62.75, 1.25], "uv_size": [-1.75, -1.25]}
							}
						},
						{
							"origin": [-2.14232, 30.86817, 3.79682],
							"size": [4.67973, 2.20668, 1.93891],
							"pivot": [-0.10956, 31.97151, 4.76628],
							"rotation": [-168.898, -8.2792, -92.8607],
							"uv": {
								"north": {"uv": [61, 0], "uv_size": [1.75, 1.25]},
								"east": {"uv": [61, 0], "uv_size": [1.75, 1.25]},
								"south": {"uv": [61, 0], "uv_size": [1.75, 1.25]},
								"west": {"uv": [61, 0], "uv_size": [1.75, 1.25]},
								"up": {"uv": [62.75, 1.25], "uv_size": [-1.75, -1.25]},
								"down": {"uv": [62.75, 1.25], "uv_size": [-1.75, -1.25]}
							}
						},
						{
							"origin": [-4.24748, 30.64549, 4.57495],
							"size": [4.18838, 2.20668, 1.69323],
							"pivot": [-1.9076, 31.62599, 5.23731],
							"rotation": [-153.7874, -14.8502, -120.0875],
							"uv": {
								"north": {"uv": [61, 0], "uv_size": [1.75, 1.25]},
								"east": {"uv": [61, 0], "uv_size": [1.75, 1.25]},
								"south": {"uv": [61, 0], "uv_size": [1.75, 1.25]},
								"west": {"uv": [61, 0], "uv_size": [1.75, 1.25]},
								"up": {"uv": [62.75, 1.25], "uv_size": [-1.75, -1.25]},
								"down": {"uv": [62.75, 1.25], "uv_size": [-1.75, -1.25]}
							}
						},
						{
							"origin": [1.46883, 32.81719, 2.04231],
							"size": [1.36309, 1.34682, 1.32472],
							"pivot": [2.15038, 33.49059, 2.70468],
							"rotation": [158.8107, 6.1139, 102.4127],
							"uv": {
								"north": {"uv": [61, 0], "uv_size": [1.75, 1.25]},
								"east": {"uv": [61, 0], "uv_size": [1.75, 1.25]},
								"south": {"uv": [61, 0], "uv_size": [1.75, 1.25]},
								"west": {"uv": [61, 0], "uv_size": [1.75, 1.25]},
								"up": {"uv": [62.75, 1.25], "uv_size": [-1.75, -1.25]},
								"down": {"uv": [62.75, 1.25], "uv_size": [-1.75, -1.25]}
							}
						},
						{
							"origin": [0.95581, 32.80055, 4.85135],
							"size": [1.36309, 1.34682, 1.32472],
							"pivot": [2.248, 33.41455, 5.54199],
							"rotation": [-158.6893, 6.1139, 102.4127],
							"uv": {
								"north": {"uv": [61, 0], "uv_size": [1.75, 1.25]},
								"east": {"uv": [61, 0], "uv_size": [1.75, 1.25]},
								"south": {"uv": [61, 0], "uv_size": [1.75, 1.25]},
								"west": {"uv": [61, 0], "uv_size": [1.75, 1.25]},
								"up": {"uv": [62.75, 1.25], "uv_size": [-1.75, -1.25]},
								"down": {"uv": [62.75, 1.25], "uv_size": [-1.75, -1.25]}
							}
						},
						{
							"origin": [0.34161, 36.60855, 8.16799],
							"size": [1.36309, 1.34682, 1.32472],
							"pivot": [2.248, 33.41455, 5.54199],
							"rotation": [-158.6893, 6.1139, 102.4127],
							"uv": {
								"north": {"uv": [61, 0], "uv_size": [1.75, 1.25]},
								"east": {"uv": [61, 0], "uv_size": [1.75, 1.25]},
								"south": {"uv": [61, 0], "uv_size": [1.75, 1.25]},
								"west": {"uv": [61, 0], "uv_size": [1.75, 1.25]},
								"up": {"uv": [62.75, 1.25], "uv_size": [-1.75, -1.25]},
								"down": {"uv": [62.75, 1.25], "uv_size": [-1.75, -1.25]}
							}
						},
						{
							"origin": [0.0591, 30.64549, 4.57495],
							"size": [4.18838, 2.20668, 1.69323],
							"pivot": [1.9076, 31.62599, 5.23731],
							"rotation": [-153.7874, 14.8502, 120.0875],
							"uv": {
								"north": {"uv": [61, 0], "uv_size": [1.75, 1.25]},
								"east": {"uv": [61, 0], "uv_size": [1.75, 1.25]},
								"south": {"uv": [61, 0], "uv_size": [1.75, 1.25]},
								"west": {"uv": [61, 0], "uv_size": [1.75, 1.25]},
								"up": {"uv": [62.75, 1.25], "uv_size": [-1.75, -1.25]},
								"down": {"uv": [62.75, 1.25], "uv_size": [-1.75, -1.25]}
							}
						},
						{
							"origin": [-4.38632, 31.53258, 1.62973],
							"size": [5.5396, 2.20668, 1.93891],
							"pivot": [-2.27838, 32.17223, 3.16672],
							"rotation": [173.0223, -7.7447, -107.7682],
							"uv": {
								"north": {"uv": [61, 0], "uv_size": [1.75, 1.25]},
								"east": {"uv": [61, 0], "uv_size": [1.75, 1.25]},
								"south": {"uv": [61, 0], "uv_size": [1.75, 1.25]},
								"west": {"uv": [61, 0], "uv_size": [1.75, 1.25]},
								"up": {"uv": [62.75, 1.25], "uv_size": [-1.75, -1.25]},
								"down": {"uv": [62.75, 1.25], "uv_size": [-1.75, -1.25]}
							}
						},
						{
							"origin": [-2.31889, 32.80055, 4.85135],
							"size": [1.36309, 1.34682, 1.32472],
							"pivot": [-2.248, 33.41455, 5.54199],
							"rotation": [-158.6893, -6.1139, -102.4127],
							"uv": {
								"north": {"uv": [61, 0], "uv_size": [1.75, 1.25]},
								"east": {"uv": [61, 0], "uv_size": [1.75, 1.25]},
								"south": {"uv": [61, 0], "uv_size": [1.75, 1.25]},
								"west": {"uv": [61, 0], "uv_size": [1.75, 1.25]},
								"up": {"uv": [62.75, 1.25], "uv_size": [-1.75, -1.25]},
								"down": {"uv": [62.75, 1.25], "uv_size": [-1.75, -1.25]}
							}
						},
						{
							"origin": [5.17316, 23.47162, 4.65382],
							"size": [3.05864, 1.27051, 1.08229],
							"pivot": [3.91184, 30.61628, 2.82034],
							"rotation": [-171.5543, -59.36839, -110.50343],
							"uv": {
								"north": {"uv": [61, 0], "uv_size": [1.75, 1.25]},
								"east": {"uv": [61, 0], "uv_size": [1.75, 1.25]},
								"south": {"uv": [61, 0], "uv_size": [1.75, 1.25]},
								"west": {"uv": [61, 0], "uv_size": [1.75, 1.25]},
								"up": {"uv": [62.75, 1.25], "uv_size": [-1.75, -1.25]},
								"down": {"uv": [62.75, 1.25], "uv_size": [-1.75, -1.25]}
							}
						},
						{
							"origin": [-4.61868, 30.13395, -2.33096],
							"size": [1.83519, 0.9961, 1.06942],
							"pivot": [-3.07645, 30.6063, -1.40587],
							"rotation": [-17.01859, 9.0807, -42.28748],
							"uv": {
								"north": {"uv": [61, 0], "uv_size": [1.75, 1.25]},
								"east": {"uv": [61, 0], "uv_size": [1.75, 1.25]},
								"south": {"uv": [61, 0], "uv_size": [1.75, 1.25]},
								"west": {"uv": [61, 0], "uv_size": [1.75, 1.25]},
								"up": {"uv": [62.75, 1.25], "uv_size": [-1.75, -1.25]},
								"down": {"uv": [62.75, 1.25], "uv_size": [-1.75, -1.25]}
							}
						},
						{
							"origin": [2.78349, 30.13395, -2.33096],
							"size": [1.83519, 0.9961, 1.06942],
							"pivot": [3.07645, 30.6063, -1.40587],
							"rotation": [-17.01859, -9.0807, 42.28748],
							"uv": {
								"north": {"uv": [61, 0], "uv_size": [1.75, 1.25]},
								"east": {"uv": [61, 0], "uv_size": [1.75, 1.25]},
								"south": {"uv": [61, 0], "uv_size": [1.75, 1.25]},
								"west": {"uv": [61, 0], "uv_size": [1.75, 1.25]},
								"up": {"uv": [62.75, 1.25], "uv_size": [-1.75, -1.25]},
								"down": {"uv": [62.75, 1.25], "uv_size": [-1.75, -1.25]}
							}
						},
						{
							"origin": [-3.70671, 29.37949, -0.55963],
							"size": [7.22738, 3.40194, 6.16434],
							"pivot": [-0.09302, 31.08045, 2.52254],
							"rotation": [-2.68352, 0.11712, 0],
							"uv": {
								"north": {"uv": [61, 0], "uv_size": [1.75, 1.25]},
								"east": {"uv": [61, 0], "uv_size": [1.75, 1.25]},
								"south": {"uv": [61, 0], "uv_size": [1.75, 1.25]},
								"west": {"uv": [61, 0], "uv_size": [1.75, 1.25]},
								"up": {"uv": [62.75, 1.25], "uv_size": [-1.75, -1.25]},
								"down": {"uv": [62.75, 1.25], "uv_size": [-1.75, -1.25]}
							}
						},
						{
							"origin": [-3.5162, 28.78053, -1.02668],
							"size": [6.79374, 3.19782, 1.04119],
							"pivot": [-0.11932, 30.37943, -0.69033],
							"rotation": [10, 0, 0],
							"uv": {
								"north": {"uv": [61, 0], "uv_size": [1.75, 1.25]},
								"east": {"uv": [61, 0], "uv_size": [1.75, 1.25]},
								"south": {"uv": [61, 0], "uv_size": [1.75, 1.25]},
								"west": {"uv": [61, 0], "uv_size": [1.75, 1.25]},
								"up": {"uv": [62.75, 1.25], "uv_size": [-1.75, -1.25]},
								"down": {"uv": [62.75, 1.25], "uv_size": [-1.75, -1.25]}
							}
						},
						{
							"origin": [-3.03568, 29.03182, 5.46708],
							"size": [0.98818, 1.9293, 0.79995],
							"pivot": [-2.50272, 30.37854, 5.80874],
							"rotation": [148.95892, -9.44624, 6.20879],
							"uv": {
								"north": {"uv": [61, 0], "uv_size": [1.75, 1.25]},
								"east": {"uv": [61, 0], "uv_size": [1.75, 1.25]},
								"south": {"uv": [61, 0], "uv_size": [1.75, 1.25]},
								"west": {"uv": [61, 0], "uv_size": [1.75, 1.25]},
								"up": {"uv": [62.75, 1.25], "uv_size": [-1.75, -1.25]},
								"down": {"uv": [62.75, 1.25], "uv_size": [-1.75, -1.25]}
							}
						},
						{
							"origin": [2.04751, 29.03182, 5.46708],
							"size": [0.98818, 1.9293, 0.79995],
							"pivot": [2.50272, 30.37854, 5.80874],
							"rotation": [148.95892, 9.44624, -6.20879],
							"uv": {
								"north": {"uv": [61, 0], "uv_size": [1.75, 1.25]},
								"east": {"uv": [61, 0], "uv_size": [1.75, 1.25]},
								"south": {"uv": [61, 0], "uv_size": [1.75, 1.25]},
								"west": {"uv": [61, 0], "uv_size": [1.75, 1.25]},
								"up": {"uv": [62.75, 1.25], "uv_size": [-1.75, -1.25]},
								"down": {"uv": [62.75, 1.25], "uv_size": [-1.75, -1.25]}
							}
						},
						{
							"origin": [0.54938, 28.9943, 5.52516],
							"size": [0.98818, 1.91644, 0.79995],
							"pivot": [1.04347, 29.52258, 5.92514],
							"rotation": [9.44735, -4.3291, 4.62138],
							"uv": {
								"north": {"uv": [61, 0], "uv_size": [1.75, 1.25]},
								"east": {"uv": [61, 0], "uv_size": [1.75, 1.25]},
								"south": {"uv": [61, 0], "uv_size": [1.75, 1.25]},
								"west": {"uv": [61, 0], "uv_size": [1.75, 1.25]},
								"up": {"uv": [62.75, 1.25], "uv_size": [-1.75, -1.25]},
								"down": {"uv": [62.75, 1.25], "uv_size": [-1.75, -1.25]}
							}
						},
						{
							"origin": [-1.62983, 28.36041, 5.45952],
							"size": [0.98818, 2.40779, 0.79995],
							"pivot": [-2.21072, 30.30039, 5.62473],
							"rotation": [9.44735, 4.3291, -4.62138],
							"uv": {
								"north": {"uv": [61, 0], "uv_size": [1.75, 1.25]},
								"east": {"uv": [61, 0], "uv_size": [1.75, 1.25]},
								"south": {"uv": [61, 0], "uv_size": [1.75, 1.25]},
								"west": {"uv": [61, 0], "uv_size": [1.75, 1.25]},
								"up": {"uv": [62.75, 1.25], "uv_size": [-1.75, -1.25]},
								"down": {"uv": [62.75, 1.25], "uv_size": [-1.75, -1.25]}
							}
						},
						{
							"origin": [-3.72736, 27.1872, -1.89838],
							"size": [7.45473, 4.13473, 7.45473],
							"pivot": [0, 28.25457, 1.82899],
							"rotation": [15, 0, 0],
							"uv": {
								"north": {"uv": [55, 0], "uv_size": [9, 5]},
								"east": {"uv": [64, 3.25], "uv_size": [0, 1.75]},
								"south": {"uv": [64, 4.5], "uv_size": [0, 0]},
								"west": {"uv": [64, 4.5], "uv_size": [0, 0]},
								"up": {"uv": [64, 4.5], "uv_size": [0, 0]},
								"down": {"uv": [64, 5], "uv_size": [0, 0]}
							}
						},
						{
							"origin": [1.99939, 29.61008, -2.60501],
							"size": [0.79995, 2.21163, 0.95152],
							"pivot": [1.86219, 30.50233, -2.29909],
							"rotation": [4.738, -77.648, -119.3532],
							"uv": {
								"north": {"uv": [61, 0], "uv_size": [1.75, 1.25]},
								"east": {"uv": [61, 0], "uv_size": [1.75, 1.25]},
								"south": {"uv": [61, 0], "uv_size": [1.75, 1.25]},
								"west": {"uv": [61, 0], "uv_size": [1.75, 1.25]},
								"up": {"uv": [62.75, 1.25], "uv_size": [-1.75, -1.25]},
								"down": {"uv": [62.75, 1.25], "uv_size": [-1.75, -1.25]}
							}
						},
						{
							"origin": [-2.79935, 29.61008, -2.60501],
							"size": [0.79995, 2.21163, 0.95152],
							"pivot": [-1.86219, 30.50233, -2.29909],
							"rotation": [4.738, 77.648, 119.3532],
							"uv": {
								"north": {"uv": [61, 0], "uv_size": [1.75, 1.25]},
								"east": {"uv": [61, 0], "uv_size": [1.75, 1.25]},
								"south": {"uv": [61, 0], "uv_size": [1.75, 1.25]},
								"west": {"uv": [61, 0], "uv_size": [1.75, 1.25]},
								"up": {"uv": [62.75, 1.25], "uv_size": [-1.75, -1.25]},
								"down": {"uv": [62.75, 1.25], "uv_size": [-1.75, -1.25]}
							}
						}
					]
				},
				{
					"name": "bone",
					"parent": "Hair",
					"pivot": [3.95531, 30.00512, 0.18556],
					"cubes": [
						{
							"origin": [3.49619, 29.29862, -0.50648],
							"size": [2.42065, 1.08229, 1.16848],
							"pivot": [3.95531, 30.00512, 0.18556],
							"rotation": [-3.68775, -12.15475, 77.35255],
							"uv": {
								"north": {"uv": [61, 0], "uv_size": [1.75, 1.25]},
								"east": {"uv": [61, 0], "uv_size": [1.75, 1.25]},
								"south": {"uv": [61, 0], "uv_size": [1.75, 1.25]},
								"west": {"uv": [61, 0], "uv_size": [1.75, 1.25]},
								"up": {"uv": [62.75, 1.25], "uv_size": [-1.75, -1.25]},
								"down": {"uv": [62.75, 1.25], "uv_size": [-1.75, -1.25]}
							}
						}
					]
				},
				{
					"name": "rightArm",
					"parent": "body",
					"pivot": [-5, 22, 0],
					"cubes": [
						{
							"origin": [-7, 12, -2],
							"size": [3, 12, 4],
							"uv": {
								"north": {"uv": [26, 26], "uv_size": [4, 12]},
								"east": {"uv": [18, 28], "uv_size": [4, 12]},
								"south": {"uv": [22, 28], "uv_size": [4, 12]},
								"west": {"uv": [0, 29], "uv_size": [4, 12]},
								"up": {"uv": [0, 41], "uv_size": [4, 4]},
								"down": {"uv": [42, 36], "uv_size": [4, -4]}
							}
						}
					]
				},
				{
					"name": "leftArm",
					"parent": "body",
					"pivot": [5, 22, 0],
					"cubes": [
						{
							"origin": [4, 12, -2],
							"size": [3, 12, 4],
							"uv": {
								"north": {"uv": [30, 14], "uv_size": [4, 12]},
								"east": {"uv": [30, 26], "uv_size": [4, 12]},
								"south": {"uv": [4, 31], "uv_size": [4, 12]},
								"west": {"uv": [8, 31], "uv_size": [4, 12]},
								"up": {"uv": [4, 43], "uv_size": [4, 4]},
								"down": {"uv": [8, 47], "uv_size": [4, -4]}
							}
						}
					]
				},
				{
					"name": "rightLeg",
					"parent": "body",
					"pivot": [-1.9, 12, 0],
					"cubes": [
						{
							"origin": [-3.9, 0, -2],
							"size": [4, 12, 4],
							"uv": {
								"north": {"uv": [33, 0], "uv_size": [4, 12]},
								"east": {"uv": [34, 12], "uv_size": [4, 12]},
								"south": {"uv": [34, 24], "uv_size": [4, 12]},
								"west": {"uv": [12, 36], "uv_size": [4, 12]},
								"up": {"uv": [16, 44], "uv_size": [4, 4]},
								"down": {"uv": [20, 48], "uv_size": [4, -4]}
							}
						},
						{
							"origin": [-4, -0.1, -2.12],
							"size": [4.24, 2.6, 4.24],
							"uv": {
								"north": {"uv": [46, 36], "uv_size": [4.25, 2.5]},
								"east": {"uv": [46, 39], "uv_size": [4.25, 2.5]},
								"south": {"uv": [46, 42], "uv_size": [4.25, 2.5]},
								"west": {"uv": [46, 45], "uv_size": [4.25, 2.5]},
								"up": {"uv": [42, 22], "uv_size": [4.25, 4.25]},
								"down": {"uv": [24, 46.25], "uv_size": [4.25, -4.25]}
							}
						}
					]
				},
				{
					"name": "leftLeg",
					"parent": "body",
					"pivot": [1.9, 12, 0],
					"cubes": [
						{
							"origin": [-0.1, 0, -2],
							"size": [4, 12, 4],
							"uv": {
								"north": {"uv": [34, 36], "uv_size": [4, 12]},
								"east": {"uv": [37, 0], "uv_size": [4, 12]},
								"south": {"uv": [38, 12], "uv_size": [4, 12]},
								"west": {"uv": [38, 24], "uv_size": [4, 12]},
								"up": {"uv": [38, 44], "uv_size": [4, 4]},
								"down": {"uv": [42, 48], "uv_size": [4, -4]}
							}
						},
						{
							"origin": [-0.24, -0.1, -2.12],
							"size": [4.24, 2.6, 4.24],
							"uv": {
								"north": {"uv": [0, 47], "uv_size": [4.25, 2.5]},
								"east": {"uv": [5, 47], "uv_size": [4.25, 2.5]},
								"south": {"uv": [47, 22], "uv_size": [4.25, 2.5]},
								"west": {"uv": [24, 47], "uv_size": [4.25, 2.5]},
								"up": {"uv": [42, 27], "uv_size": [4.25, 4.25]},
								"down": {"uv": [29, 46.25], "uv_size": [4.25, -4.25]}
							}
						}
					]
				}
			]
		}
	]
}