{
	"format_version": "1.12.0",
	"minecraft:geometry": [
		{
			"description": {
				"identifier": "geometry.luffy_angry",
				"texture_width": 64,
				"texture_height": 64,
				"visible_bounds_width": 3,
				"visible_bounds_height": 3.5,
				"visible_bounds_offset": [0, 1.25, 0]
			},
			"bones": [
				{
					"name": "Root",
					"pivot": [0, 12, 0]
				},
				{
					"name": "body",
					"parent": "Root",
					"pivot": [0, 24, 0],
					"cubes": [
						{
							"origin": [-4, 12, -2],
							"size": [8, 12, 4],
							"uv": {
								"north": {"uv": [11, 0], "uv_size": [8, 12]},
								"east": {"uv": [14, 24], "uv_size": [4, 12]},
								"south": {"uv": [11, 12], "uv_size": [8, 12]},
								"west": {"uv": [26, 14], "uv_size": [4, 12]},
								"up": {"uv": [26, 38], "uv_size": [8, 4]},
								"down": {"uv": [38, 40], "uv_size": [8, -4]}
							}
						}
					]
				},
				{
					"name": "head",
					"parent": "body",
					"pivot": [0, 24.12, 0],
					"cubes": [
						{
							"origin": [-3.52, 24.12, -3.52],
							"size": [7.04, 7.04, 7.04],
							"uv": {
								"north": {"uv": [19, 0], "uv_size": [7, 7]},
								"east": {"uv": [19, 7], "uv_size": [7, 7]},
								"south": {"uv": [19, 14], "uv_size": [7, 7]},
								"west": {"uv": [19, 21], "uv_size": [7, 7]},
								"up": {"uv": [0, 22], "uv_size": [7, 7]},
								"down": {"uv": [7, 31], "uv_size": [7, -7]}
							}
						}
					]
				},
				{
					"name": "Chapeu",
					"parent": "head",
					"pivot": [0, 30.39, 0],
					"rotation": [-10, 0, 0],
					"cubes": [
						{
							"origin": [-5.8512, 29.0438, -5.8512],
							"size": [11.7024, 1.1024, 11.7024],
							"uv": {
								"north": {"uv": [46, 32], "uv_size": [11, 1]},
								"east": {"uv": [46, 33], "uv_size": [11, 1]},
								"south": {"uv": [46, 34], "uv_size": [11, 1]},
								"west": {"uv": [46, 35], "uv_size": [11, 1]},
								"up": {"uv": [0, 0], "uv_size": [11, 11]},
								"down": {"uv": [0, 22], "uv_size": [11, -11]}
							}
						},
						{
							"origin": [-3.7312, 29.0438, -3.7312],
							"size": [7.4624, 4.2824, 7.4624],
							"uv": {
								"north": {"uv": [41, 0], "uv_size": [7, 4]},
								"east": {"uv": [41, 4], "uv_size": [7, 4]},
								"south": {"uv": [41, 8], "uv_size": [7, 4]},
								"west": {"uv": [42, 12], "uv_size": [7, 4]},
								"up": {"uv": [26, 0], "uv_size": [7, 7]},
								"down": {"uv": [26, 14], "uv_size": [7, -7]}
							}
						}
					]
				},
				{
					"name": "Cabelo",
					"parent": "head",
					"pivot": [0, 29.12, 0],
					"cubes": [
						{
							"origin": [-3.87291, 28.0472, -1.90625],
							"size": [7.83574, 1.84, 2.80214],
							"uv": {
								"north": {"uv": [42, 16], "uv_size": [7.75, 2.75]},
								"east": {"uv": [47, 25], "uv_size": [3.75, 2.75]},
								"south": {"uv": [42, 19], "uv_size": [7.75, 2.75]},
								"west": {"uv": [47, 28], "uv_size": [3.75, 2.75]},
								"up": {"uv": [16, 40], "uv_size": [7.75, 3.75]},
								"down": {"uv": [38, 43.75], "uv_size": [7.75, -3.75]}
							}
						}
					]
				},
				{
					"name": "rightArm",
					"parent": "body",
					"pivot": [-5, 22, 0],
					"cubes": [
						{
							"origin": [-7, 12, -2],
							"size": [3, 12, 4],
							"uv": {
								"north": {"uv": [26, 26], "uv_size": [4, 12]},
								"east": {"uv": [18, 28], "uv_size": [4, 12]},
								"south": {"uv": [22, 28], "uv_size": [4, 12]},
								"west": {"uv": [0, 29], "uv_size": [4, 12]},
								"up": {"uv": [0, 41], "uv_size": [4, 4]},
								"down": {"uv": [42, 36], "uv_size": [4, -4]}
							}
						}
					]
				},
				{
					"name": "leftArm",
					"parent": "body",
					"pivot": [5, 22, 0],
					"cubes": [
						{
							"origin": [4, 12, -2],
							"size": [3, 12, 4],
							"uv": {
								"north": {"uv": [30, 14], "uv_size": [4, 12]},
								"east": {"uv": [30, 26], "uv_size": [4, 12]},
								"south": {"uv": [4, 31], "uv_size": [4, 12]},
								"west": {"uv": [8, 31], "uv_size": [4, 12]},
								"up": {"uv": [4, 43], "uv_size": [4, 4]},
								"down": {"uv": [8, 47], "uv_size": [4, -4]}
							}
						}
					]
				},
				{
					"name": "rightLeg",
					"parent": "body",
					"pivot": [-1.9, 12, 0],
					"cubes": [
						{
							"origin": [-3.9, 0, -2],
							"size": [4, 12, 4],
							"uv": {
								"north": {"uv": [33, 0], "uv_size": [4, 12]},
								"east": {"uv": [34, 12], "uv_size": [4, 12]},
								"south": {"uv": [34, 24], "uv_size": [4, 12]},
								"west": {"uv": [12, 36], "uv_size": [4, 12]},
								"up": {"uv": [16, 44], "uv_size": [4, 4]},
								"down": {"uv": [20, 48], "uv_size": [4, -4]}
							}
						},
						{
							"origin": [-4, -0.1, -2.12],
							"size": [4.24, 2.6, 4.24],
							"uv": {
								"north": {"uv": [46, 36], "uv_size": [4.25, 2.5]},
								"east": {"uv": [46, 39], "uv_size": [4.25, 2.5]},
								"south": {"uv": [46, 42], "uv_size": [4.25, 2.5]},
								"west": {"uv": [46, 45], "uv_size": [4.25, 2.5]},
								"up": {"uv": [42, 22], "uv_size": [4.25, 4.25]},
								"down": {"uv": [24, 46.25], "uv_size": [4.25, -4.25]}
							}
						}
					]
				},
				{
					"name": "leftLeg",
					"parent": "body",
					"pivot": [1.9, 12, 0],
					"cubes": [
						{
							"origin": [-0.1, 0, -2],
							"size": [4, 12, 4],
							"uv": {
								"north": {"uv": [34, 36], "uv_size": [4, 12]},
								"east": {"uv": [37, 0], "uv_size": [4, 12]},
								"south": {"uv": [38, 12], "uv_size": [4, 12]},
								"west": {"uv": [38, 24], "uv_size": [4, 12]},
								"up": {"uv": [38, 44], "uv_size": [4, 4]},
								"down": {"uv": [42, 48], "uv_size": [4, -4]}
							}
						},
						{
							"origin": [-0.24, -0.1, -2.12],
							"size": [4.24, 2.6, 4.24],
							"uv": {
								"north": {"uv": [0, 47], "uv_size": [4.25, 2.5]},
								"east": {"uv": [5, 47], "uv_size": [4.25, 2.5]},
								"south": {"uv": [47, 22], "uv_size": [4.25, 2.5]},
								"west": {"uv": [24, 47], "uv_size": [4.25, 2.5]},
								"up": {"uv": [42, 27], "uv_size": [4.25, 4.25]},
								"down": {"uv": [29, 46.25], "uv_size": [4.25, -4.25]}
							}
						}
					]
				}
			]
		}
	]
}