{
	"format_version": "1.12.0",
	"minecraft:geometry": [
		{
			"description": {
				"identifier": "geometry.lunarian",
				"texture_width": 64,
				"texture_height": 64,
				"visible_bounds_width": 6,
				"visible_bounds_height": 5.5,
				"visible_bounds_offset": [0, 1.25, 0]
			},
			"bones": [
				{
					"name": "root",
					"pivot": [0, 0, 0]
				},
				{
					"name": "waist",
					"parent": "root",
					"pivot": [0, 12, 0]
				},
				{
					"name": "body",
					"parent": "waist",
					"pivot": [0, 24, 0],
					"cubes": [
						{"origin": [-4.08, 11.88, -2.04], "size": [8.16, 12.24, 4.08], "uv": [-24, -16]}
					]
				},
				{
					"name": "cape",
					"parent": "body",
					"pivot": [0, 24, 3]
				},
				{
					"name": "head",
					"parent": "body",
					"pivot": [0, 24, 0],
					"cubes": [
						{"origin": [-4.08, 23.92, -4.08], "size": [8.16, 8.16, 8.16], "uv": [32, 48]}
					],
					"locators": {
						"fogo": [0, 22, 8]
					}
				},
				{
					"name": "rightArm",
					"parent": "body",
					"pivot": [-5, 22, 0],
					"cubes": [
						{
							"origin": [-8, 12, -2],
							"size": [4, 12, 4],
							"uv": {
								"north": {"uv": [64, 64], "uv_size": [0, 0]},
								"east": {"uv": [64, 64], "uv_size": [0, 0]},
								"south": {"uv": [64, 64], "uv_size": [-12.5, 0]},
								"west": {"uv": [64, 64], "uv_size": [0, 0]},
								"up": {"uv": [64, 64], "uv_size": [0, 0]},
								"down": {"uv": [62.5, 64], "uv_size": [1.5, 0]}
							}
						}
					]
				},
				{
					"name": "leftArm",
					"parent": "body",
					"pivot": [5, 22, 0],
					"cubes": [
						{
							"origin": [4, 12, -2],
							"size": [4, 12, 4],
							"uv": {
								"north": {"uv": [64, 64], "uv_size": [0, 0]},
								"east": {"uv": [64, 64], "uv_size": [0, 0]},
								"south": {"uv": [64, 64], "uv_size": [-12.5, 0]},
								"west": {"uv": [64, 64], "uv_size": [0, -2]},
								"up": {"uv": [64, 64], "uv_size": [0, 0]},
								"down": {"uv": [62.5, 64], "uv_size": [1.5, 0]}
							}
						}
					]
				},
				{
					"name": "leftWing",
					"parent": "body",
					"pivot": [-2, 22, 2],
					"rotation": [10.86531, 13.80192, 38.81893],
					"cubes": [
						{
							"origin": [-16, 6, 2.5],
							"size": [14, 14, 0],
							"uv": {
								"north": {"uv": [23, 0], "uv_size": [13, 14]},
								"east": {"uv": [0, 0], "uv_size": [0, 14]},
								"south": {"uv": [23, 14], "uv_size": [13, 14]},
								"west": {"uv": [0, 0], "uv_size": [0, 14]},
								"up": {"uv": [0, 0], "uv_size": [13, 0]},
								"down": {"uv": [0, 0], "uv_size": [13, 0]}
							}
						},
						{
							"origin": [-6, 20, 2],
							"size": [4, 3, 1],
							"pivot": [-2, 21.5, 2.5],
							"rotation": [0, 0, -15],
							"uv": {
								"north": {"uv": [0, 34], "uv_size": [4, 3]},
								"east": {"uv": [36, 6], "uv_size": [1, 3]},
								"south": {"uv": [4, 34], "uv_size": [4, 3]},
								"west": {"uv": [36, 9], "uv_size": [1, 3]},
								"up": {"uv": [32, 34], "uv_size": [4, 1]},
								"down": {"uv": [32, 36], "uv_size": [4, -1]}
							}
						},
						{
							"origin": [-5.01819, 21.53038, -2.49473],
							"size": [3.04, 1.52, 1.52],
							"pivot": [1.06181, 22.29038, -1.73473],
							"rotation": [0, 52.5, -15],
							"uv": {
								"north": {"uv": [0, 34], "uv_size": [4, 3]},
								"east": {"uv": [36, 6], "uv_size": [1, 3]},
								"south": {"uv": [4, 34], "uv_size": [4, 3]},
								"west": {"uv": [36, 9], "uv_size": [1, 3]},
								"up": {"uv": [32, 34], "uv_size": [4, 1]},
								"down": {"uv": [32, 36], "uv_size": [4, -1]}
							}
						},
						{
							"origin": [-9.73595, 18.99305, 2],
							"size": [4, 3, 1],
							"pivot": [-5.73595, 20.49305, 2.5],
							"rotation": [0, 0, -10],
							"uv": {
								"north": {"uv": [8, 34], "uv_size": [4, 3]},
								"east": {"uv": [36, 12], "uv_size": [1, 3]},
								"south": {"uv": [12, 34], "uv_size": [4, 3]},
								"west": {"uv": [36, 15], "uv_size": [1, 3]},
								"up": {"uv": [36, 0], "uv_size": [4, 1]},
								"down": {"uv": [36, 2], "uv_size": [4, -1]}
							}
						},
						{
							"origin": [-13.28397, 18.31553, 2],
							"size": [4, 3, 1],
							"pivot": [-9.28397, 19.81553, 2.5],
							"rotation": [0, 0, 5],
							"uv": {
								"north": {"uv": [16, 34], "uv_size": [4, 3]},
								"east": {"uv": [36, 18], "uv_size": [1, 3]},
								"south": {"uv": [20, 34], "uv_size": [4, 3]},
								"west": {"uv": [36, 21], "uv_size": [1, 3]},
								"up": {"uv": [36, 2], "uv_size": [4, 1]},
								"down": {"uv": [36, 4], "uv_size": [4, -1]}
							}
						},
						{
							"origin": [-16.70686, 18.50038, 2],
							"size": [4, 3, 1],
							"pivot": [-12.70686, 20.00038, 2.5],
							"rotation": [0, 0, 27.5],
							"uv": {
								"north": {"uv": [24, 34], "uv_size": [4, 3]},
								"east": {"uv": [36, 24], "uv_size": [1, 3]},
								"south": {"uv": [28, 34], "uv_size": [4, 3]},
								"west": {"uv": [32, 36], "uv_size": [1, 3]},
								"up": {"uv": [36, 4], "uv_size": [4, 1]},
								"down": {"uv": [36, 6], "uv_size": [4, -1]}
							}
						}
					]
				},
				{
					"name": "leftWingDown",
					"parent": "leftWing",
					"pivot": [-15, 22, 3],
					"cubes": [
						{
							"origin": [-26, 21, 2],
							"size": [8, 2, 1],
							"uv": {
								"north": {"uv": [23, 28], "uv_size": [14, 2]},
								"east": {"uv": [33, 36], "uv_size": [1, 2]},
								"south": {"uv": [23, 30], "uv_size": [14, 2]},
								"west": {"uv": [34, 36], "uv_size": [1, 2]},
								"up": {"uv": [23, 32], "uv_size": [14, 1]},
								"down": {"uv": [23, 34], "uv_size": [14, -1]}
							}
						},
						{
							"origin": [-18.28755, 21.62561, 2],
							"size": [2, 2, 1],
							"pivot": [-15.28755, 22.62561, 2.5],
							"rotation": [0, 0, -12.5],
							"uv": {
								"north": {"uv": [23, 28], "uv_size": [14, 2]},
								"east": {"uv": [33, 36], "uv_size": [1, 2]},
								"south": {"uv": [23, 30], "uv_size": [14, 2]},
								"west": {"uv": [34, 36], "uv_size": [1, 2]},
								"up": {"uv": [23, 32], "uv_size": [14, 1]},
								"down": {"uv": [23, 34], "uv_size": [14, -1]}
							}
						},
						{
							"origin": [-38, 6, 2.5],
							"size": [23, 17, 0],
							"pivot": [-15.5, 17.5, 2.5],
							"rotation": [2.5, 0, 0],
							"uv": {
								"north": {"uv": [0, 0], "uv_size": [23, 17]},
								"east": {"uv": [0, 0], "uv_size": [0, 17]},
								"south": {"uv": [0, 17], "uv_size": [23, 17]},
								"west": {"uv": [0, 0], "uv_size": [0, 17]},
								"up": {"uv": [0, 0], "uv_size": [23, 0]},
								"down": {"uv": [0, 0], "uv_size": [23, 0]}
							}
						}
					]
				},
				{
					"name": "rightWing",
					"parent": "body",
					"pivot": [2, 22, 2],
					"rotation": [10.86531, -13.80192, -38.81893],
					"cubes": [
						{
							"origin": [2, 6, 2.5],
							"size": [14, 14, 0],
							"uv": {
								"north": {"uv": [36, 0], "uv_size": [-13, 14]},
								"east": {"uv": [0, 0], "uv_size": [0, 14]},
								"south": {"uv": [36, 14], "uv_size": [-13, 14]},
								"west": {"uv": [0, 0], "uv_size": [0, 14]},
								"up": {"uv": [13, 0], "uv_size": [-13, 0]},
								"down": {"uv": [13, 0], "uv_size": [-13, 0]}
							}
						},
						{
							"origin": [2, 20, 2],
							"size": [4, 3, 1],
							"pivot": [2, 21.5, 2.5],
							"rotation": [0, 0, 15],
							"uv": {
								"north": {"uv": [4, 34], "uv_size": [-4, 3]},
								"east": {"uv": [37, 9], "uv_size": [-1, 3]},
								"south": {"uv": [8, 34], "uv_size": [-4, 3]},
								"west": {"uv": [37, 6], "uv_size": [-1, 3]},
								"up": {"uv": [36, 34], "uv_size": [-4, 1]},
								"down": {"uv": [36, 36], "uv_size": [-4, -1]}
							}
						},
						{
							"origin": [1.97819, 21.53038, -2.49473],
							"size": [3.04, 1.52, 1.52],
							"pivot": [-1.06181, 22.29038, -1.73473],
							"rotation": [0, -52.5, 15],
							"uv": {
								"north": {"uv": [4, 34], "uv_size": [-4, 3]},
								"east": {"uv": [37, 9], "uv_size": [-1, 3]},
								"south": {"uv": [8, 34], "uv_size": [-4, 3]},
								"west": {"uv": [37, 6], "uv_size": [-1, 3]},
								"up": {"uv": [36, 34], "uv_size": [-4, 1]},
								"down": {"uv": [36, 36], "uv_size": [-4, -1]}
							}
						},
						{
							"origin": [5.73595, 18.99305, 2],
							"size": [4, 3, 1],
							"pivot": [5.73595, 20.49305, 2.5],
							"rotation": [0, 0, 10],
							"uv": {
								"north": {"uv": [12, 34], "uv_size": [-4, 3]},
								"east": {"uv": [37, 15], "uv_size": [-1, 3]},
								"south": {"uv": [16, 34], "uv_size": [-4, 3]},
								"west": {"uv": [37, 12], "uv_size": [-1, 3]},
								"up": {"uv": [40, 0], "uv_size": [-4, 1]},
								"down": {"uv": [40, 2], "uv_size": [-4, -1]}
							}
						},
						{
							"origin": [9.28397, 18.31553, 2],
							"size": [4, 3, 1],
							"pivot": [9.28397, 19.81553, 2.5],
							"rotation": [0, 0, -5],
							"uv": {
								"north": {"uv": [20, 34], "uv_size": [-4, 3]},
								"east": {"uv": [37, 21], "uv_size": [-1, 3]},
								"south": {"uv": [24, 34], "uv_size": [-4, 3]},
								"west": {"uv": [37, 18], "uv_size": [-1, 3]},
								"up": {"uv": [40, 2], "uv_size": [-4, 1]},
								"down": {"uv": [40, 4], "uv_size": [-4, -1]}
							}
						},
						{
							"origin": [12.70686, 18.50038, 2],
							"size": [4, 3, 1],
							"pivot": [12.70686, 20.00038, 2.5],
							"rotation": [0, 0, -27.5],
							"uv": {
								"north": {"uv": [28, 34], "uv_size": [-4, 3]},
								"east": {"uv": [33, 36], "uv_size": [-1, 3]},
								"south": {"uv": [32, 34], "uv_size": [-4, 3]},
								"west": {"uv": [37, 24], "uv_size": [-1, 3]},
								"up": {"uv": [40, 4], "uv_size": [-4, 1]},
								"down": {"uv": [40, 6], "uv_size": [-4, -1]}
							}
						}
					]
				},
				{
					"name": "rightWingDown",
					"parent": "rightWing",
					"pivot": [15, 22, 3],
					"cubes": [
						{
							"origin": [18, 21, 2],
							"size": [8, 2, 1],
							"uv": {
								"north": {"uv": [37, 28], "uv_size": [-14, 2]},
								"east": {"uv": [35, 36], "uv_size": [-1, 2]},
								"south": {"uv": [37, 30], "uv_size": [-14, 2]},
								"west": {"uv": [34, 36], "uv_size": [-1, 2]},
								"up": {"uv": [37, 32], "uv_size": [-14, 1]},
								"down": {"uv": [37, 34], "uv_size": [-14, -1]}
							}
						},
						{
							"origin": [16.28755, 21.62561, 2],
							"size": [2, 2, 1],
							"pivot": [15.28755, 22.62561, 2.5],
							"rotation": [0, 0, 12.5],
							"uv": {
								"north": {"uv": [37, 28], "uv_size": [-14, 2]},
								"east": {"uv": [35, 36], "uv_size": [-1, 2]},
								"south": {"uv": [37, 30], "uv_size": [-14, 2]},
								"west": {"uv": [34, 36], "uv_size": [-1, 2]},
								"up": {"uv": [37, 32], "uv_size": [-14, 1]},
								"down": {"uv": [37, 34], "uv_size": [-14, -1]}
							}
						},
						{
							"origin": [15, 6, 2.5],
							"size": [23, 17, 0],
							"pivot": [15.5, 17.5, 2.5],
							"rotation": [2.5, 0, 0],
							"uv": {
								"north": {"uv": [23, 0], "uv_size": [-23, 17]},
								"east": {"uv": [0, 0], "uv_size": [0, 17]},
								"south": {"uv": [23, 17], "uv_size": [-23, 17]},
								"west": {"uv": [0, 0], "uv_size": [0, 17]},
								"up": {"uv": [23, 0], "uv_size": [-23, 0]},
								"down": {"uv": [23, 0], "uv_size": [-23, 0]}
							}
						}
					]
				},
				{
					"name": "leftLeg",
					"parent": "root",
					"pivot": [1.9, 12, 0],
					"cubes": [
						{"origin": [-0.1, 0, -2], "size": [4, 12, 4], "uv": [48, 48]}
					]
				},
				{
					"name": "rightLeg",
					"parent": "root",
					"pivot": [-1.9, 12, 0],
					"cubes": [
						{"origin": [-3.9, 0, -2], "size": [4, 12, 4], "uv": [48, 48]}
					]
				}
			]
		}
	]
}