{
	"format_version": "1.12.0",
	"minecraft:geometry": [
		{
			"description": {
				"identifier": "geometry.magnetpalm",
				"texture_width": 128,
				"texture_height": 128,
				"visible_bounds_width": 7,
				"visible_bounds_height": 4.5,
				"visible_bounds_offset": [0, 0.75, 0]
			},
			"bones": [
				{
					"name": "root",
					"pivot": [0, 0, 0]
				},
				{
					"name": "waist",
					"parent": "root",
					"pivot": [0, 12, 0]
				},
				{
					"name": "body",
					"parent": "waist",
					"pivot": [0, 24, 0],
					"cubes": [
						{"origin": [-4, 12, -2], "size": [8, 12, 4], "uv": [104, 112]}
					]
				},
				{
					"name": "head",
					"parent": "body",
					"pivot": [0, 24, 0],
					"cubes": [
						{"origin": [-4, 24, -4], "size": [8, 8, 8], "uv": [96, 112]}
					]
				},
				{
					"name": "cape",
					"parent": "body",
					"pivot": [0, 24, 3]
				},
				{
					"name": "rightArm",
					"parent": "body",
					"pivot": [-5, 23, 1],
					"rotation": [-6.46066, -13.56626, 55.76926],
					"cubes": [
						{
							"origin": [-9.54, 10.55, -1.54],
							"size": [4.08, 16.32, 4.08],
							"uv": {
								"north": {"uv": [36, 10], "uv_size": [4, 16.25]},
								"east": {"uv": [0, 37], "uv_size": [4, 16.25]},
								"south": {"uv": [4, 37], "uv_size": [4, 16.25]},
								"west": {"uv": [8, 37], "uv_size": [4, 16.25]},
								"up": {"uv": [40, 34], "uv_size": [4, 4]},
								"down": {"uv": [0, 69], "uv_size": [4, -4]}
							}
						},
						{
							"origin": [-11.9, 21.43, -2.9],
							"size": [6.8, 6.8, 6.8],
							"pivot": [-6.5, 23.83, 0.5],
							"rotation": [0, 0, -27.5],
							"uv": {
								"north": {"uv": [51, 34], "uv_size": [6.75, 6.75]},
								"east": {"uv": [51, 41], "uv_size": [6.75, 6.75]},
								"south": {"uv": [51, 34], "uv_size": [6.75, 6.75]},
								"west": {"uv": [42, 52], "uv_size": [6.75, 6.75]},
								"up": {"uv": [53, 0], "uv_size": [6.75, 6.75]},
								"down": {"uv": [0, 60.75], "uv_size": [6.75, -6.75]}
							}
						},
						{
							"origin": [-7.9, 19.43, -1.9],
							"size": [5.8, 4.8, 4.8],
							"uv": {
								"north": {"uv": [30, 10], "uv_size": [5.75, 4.75]},
								"east": {"uv": [35, 62], "uv_size": [4.75, 4.75]},
								"south": {"uv": [35.75, 10], "uv_size": [-5.75, 4.75]},
								"west": {"uv": [63, 53], "uv_size": [4.75, 4.75]},
								"up": {"uv": [58, 43], "uv_size": [5.75, 4.75]},
								"down": {"uv": [58, 52.75], "uv_size": [5.75, -4.75]}
							}
						},
						{
							"origin": [-10.9, 3.75, -2.9],
							"size": [6.8, 8.16, 6.8],
							"pivot": [-7.5, 12.83, 0.5],
							"rotation": [-17.5, 0, 0],
							"uv": {
								"north": {"uv": [40, 16], "uv_size": [6.75, 8.25]},
								"east": {"uv": [40, 25], "uv_size": [6.75, 8.25]},
								"south": {"uv": [44, 34], "uv_size": [6.75, 8.25]},
								"west": {"uv": [44, 43], "uv_size": [6.75, 8.25]},
								"up": {"uv": [46, 0], "uv_size": [6.75, 6.75]},
								"down": {"uv": [48, 13.75], "uv_size": [6.75, -6.75]}
							}
						},
						{
							"origin": [-11.546, -5.1852, -3.546],
							"size": [8.092, 9.7104, 8.092],
							"pivot": [-7.5, 12.67, 0.5],
							"rotation": [-20, 0, 0],
							"uv": {
								"north": {"uv": [20, 18], "uv_size": [8, 9.75]},
								"east": {"uv": [0, 27], "uv_size": [8, 9.75]},
								"south": {"uv": [8, 27], "uv_size": [8, 9.75]},
								"west": {"uv": [16, 28], "uv_size": [8, 9.75]},
								"up": {"uv": [38, 0], "uv_size": [8, 8]},
								"down": {"uv": [28, 46], "uv_size": [8, -8]}
							}
						},
						{
							"origin": [-12.1648, 2.6756, -3.9744],
							"size": [9.3296, 0.7888, 8.9488],
							"pivot": [-7.5, 13.07, 0.5],
							"rotation": [-20, 0, 0],
							"uv": {
								"north": {"uv": [62, 13], "uv_size": [9.25, 0.75]},
								"east": {"uv": [12, 66], "uv_size": [9, 0.75]},
								"south": {"uv": [63, 58], "uv_size": [9.25, 0.75]},
								"west": {"uv": [21, 66], "uv_size": [9, 0.75]},
								"up": {"uv": [0, 0], "uv_size": [9.25, 9]},
								"down": {"uv": [0, 18], "uv_size": [9.25, -9]}
							}
						},
						{
							"origin": [-12.1648, 1.3156, -3.9744],
							"size": [9.3296, 0.7888, 8.9488],
							"pivot": [-7.5, 12.71, 0.5],
							"rotation": [-20, 0, 0],
							"uv": {
								"north": {"uv": [63, 59], "uv_size": [9.25, 0.75]},
								"east": {"uv": [12, 67], "uv_size": [9, 0.75]},
								"south": {"uv": [66, 0], "uv_size": [9.25, 0.75]},
								"west": {"uv": [21, 67], "uv_size": [9, 0.75]},
								"up": {"uv": [10, 0], "uv_size": [9.25, 9]},
								"down": {"uv": [10, 18], "uv_size": [9.25, -9]}
							}
						},
						{
							"origin": [-10.8048, 12.1956, -1.2544],
							"size": [6.6096, 4.8688, 3.5088],
							"pivot": [-7.5, 14.63, 0.5],
							"rotation": [-50, 0, 0],
							"uv": {
								"north": {"uv": [54, 28], "uv_size": [6.5, 4.75]},
								"east": {"uv": [64, 43], "uv_size": [3.5, 4.75]},
								"south": {"uv": [49, 55], "uv_size": [6.5, 4.75]},
								"west": {"uv": [64, 48], "uv_size": [3.5, 4.75]},
								"up": {"uv": [61, 18], "uv_size": [6.5, 3.5]},
								"down": {"uv": [61, 25.5], "uv_size": [6.5, -3.5]}
							}
						},
						{
							"origin": [-10.8048, 17.6356, -1.2544],
							"size": [6.6096, 3.5088, 3.5088],
							"uv": {
								"north": {"uv": [60, 60], "uv_size": [6.5, 3.5]},
								"east": {"uv": [65, 30], "uv_size": [3.5, 3.5]},
								"south": {"uv": [0, 61], "uv_size": [6.5, 3.5]},
								"west": {"uv": [65, 34], "uv_size": [3.5, 3.5]},
								"up": {"uv": [7, 61], "uv_size": [6.5, 3.5]},
								"down": {"uv": [61, 17.5], "uv_size": [6.5, -3.5]}
							}
						},
						{
							"origin": [-3.89866, 17.26236, -2.3776],
							"size": [6.6096, 3.5088, 3.5088],
							"pivot": [-6.64586, -3.38244, -0.0384],
							"rotation": [-26.6695, 33.183, -23.5141],
							"uv": {
								"north": {"uv": [62, 9], "uv_size": [6.5, 3.5]},
								"east": {"uv": [45, 65], "uv_size": [3.5, 3.5]},
								"south": {"uv": [14, 62], "uv_size": [6.5, 3.5]},
								"west": {"uv": [49, 65], "uv_size": [3.5, 3.5]},
								"up": {"uv": [21, 62], "uv_size": [6.5, 3.5]},
								"down": {"uv": [28, 65.5], "uv_size": [6.5, -3.5]}
							}
						},
						{
							"origin": [-7.98863, 12.5131, 1.08365],
							"size": [6.6096, 4.8688, 3.5088],
							"pivot": [-4.68383, 14.9475, 2.83805],
							"rotation": [-76.6695, 33.183, -23.5141],
							"uv": {
								"north": {"uv": [56, 55], "uv_size": [6.5, 4.75]},
								"east": {"uv": [60, 64], "uv_size": [3.5, 4.75]},
								"south": {"uv": [58, 33], "uv_size": [6.5, 4.75]},
								"west": {"uv": [64, 64], "uv_size": [3.5, 4.75]},
								"up": {"uv": [61, 26], "uv_size": [6.5, 3.5]},
								"down": {"uv": [62, 8.5], "uv_size": [6.5, -3.5]}
							}
						},
						{
							"origin": [-9.0966, 1.79165, -2.3576],
							"size": [9.3296, 0.7888, 8.9488],
							"pivot": [-4.4318, 13.18605, 2.1168],
							"rotation": [-46.6695, 33.183, -23.5141],
							"uv": {
								"north": {"uv": [66, 3], "uv_size": [9.25, 0.75]},
								"east": {"uv": [67, 61], "uv_size": [9, 0.75]},
								"south": {"uv": [66, 4], "uv_size": [9.25, 0.75]},
								"west": {"uv": [67, 62], "uv_size": [9, 0.75]},
								"up": {"uv": [20, 0], "uv_size": [9.25, 9]},
								"down": {"uv": [20, 18], "uv_size": [9.25, -9]}
							}
						},
						{
							"origin": [-9.14386, 3.12192, -2.22237],
							"size": [9.3296, 0.7888, 8.9488],
							"pivot": [-4.47906, 13.51632, 2.25203],
							"rotation": [-46.6695, 33.183, -23.5141],
							"uv": {
								"north": {"uv": [66, 1], "uv_size": [9.25, 0.75]},
								"east": {"uv": [30, 67], "uv_size": [9, 0.75]},
								"south": {"uv": [66, 2], "uv_size": [9.25, 0.75]},
								"west": {"uv": [67, 60], "uv_size": [9, 0.75]},
								"up": {"uv": [0, 18], "uv_size": [9.25, 9]},
								"down": {"uv": [10, 27], "uv_size": [9.25, -9]}
							}
						},
						{
							"origin": [-11.47255, 6.29416, -6.94423],
							"size": [8.092, 9.7104, 8.092],
							"pivot": [-4.42655, 13.14936, 2.10177],
							"rotation": [-46.6695, 33.183, -23.5141],
							"uv": {
								"north": {"uv": [28, 18], "uv_size": [8, 9.75]},
								"east": {"uv": [24, 28], "uv_size": [8, 9.75]},
								"south": {"uv": [30, 0], "uv_size": [8, 9.75]},
								"west": {"uv": [32, 28], "uv_size": [8, 9.75]},
								"up": {"uv": [36, 38], "uv_size": [8, 8]},
								"down": {"uv": [40, 16], "uv_size": [8, -8]}
							}
						},
						{
							"origin": [-7.84755, 4.21614, -1.23812],
							"size": [6.8, 8.16, 6.8],
							"pivot": [-4.44755, 13.29614, 2.16188],
							"rotation": [-44.1695, 33.183, -23.5141],
							"uv": {
								"north": {"uv": [28, 46], "uv_size": [6.75, 8.25]},
								"east": {"uv": [35, 46], "uv_size": [6.75, 8.25]},
								"south": {"uv": [47, 16], "uv_size": [6.75, 8.25]},
								"west": {"uv": [47, 25], "uv_size": [6.75, 8.25]},
								"up": {"uv": [28, 55], "uv_size": [6.75, 6.75]},
								"down": {"uv": [35, 61.75], "uv_size": [6.75, -6.75]}
							}
						},
						{
							"origin": [-5.2396, 18.78732, -3.30273],
							"size": [5.8, 4.8, 4.8],
							"pivot": [-7.3196, -6.41268, -0.22273],
							"rotation": [-26.6695, 33.183, -23.5141],
							"uv": {
								"north": {"uv": [42, 59], "uv_size": [5.75, 4.75]},
								"east": {"uv": [64, 38], "uv_size": [4.75, 4.75]},
								"south": {"uv": [30, 10], "uv_size": [5.75, 4.75]},
								"west": {"uv": [40, 64], "uv_size": [4.75, 4.75]},
								"up": {"uv": [48, 60], "uv_size": [5.75, 4.75]},
								"down": {"uv": [54, 64.75], "uv_size": [5.75, -4.75]}
							}
						},
						{
							"origin": [-8.05893, 20.65383, 3.44134],
							"size": [6.8, 6.8, 6.8],
							"pivot": [-6.65893, 23.05383, 6.84134],
							"rotation": [-6.1422, 41.2183, 9.7536],
							"uv": {
								"north": {"uv": [7, 54], "uv_size": [6.75, 6.75]},
								"east": {"uv": [54, 14], "uv_size": [6.75, 6.75]},
								"south": {"uv": [51, 34], "uv_size": [6.75, 6.75]},
								"west": {"uv": [55, 7], "uv_size": [6.75, 6.75]},
								"up": {"uv": [14, 55], "uv_size": [6.75, 6.75]},
								"down": {"uv": [21, 61.75], "uv_size": [6.75, -6.75]}
							}
						},
						{
							"origin": [-1.8796, 9.90732, -2.94273],
							"size": [4.08, 16.32, 4.08],
							"pivot": [-7.3196, -6.41268, -0.22273],
							"rotation": [-26.6695, 33.183, -23.5141],
							"uv": {
								"north": {"uv": [12, 37], "uv_size": [4, 16.25]},
								"east": {"uv": [16, 38], "uv_size": [4, 16.25]},
								"south": {"uv": [20, 38], "uv_size": [4, 16.25]},
								"west": {"uv": [24, 38], "uv_size": [4, 16.25]},
								"up": {"uv": [4, 65], "uv_size": [4, 4]},
								"down": {"uv": [8, 69], "uv_size": [4, -4]}
							}
						}
					]
				},
				{
					"name": "Antebraco",
					"parent": "rightArm",
					"pivot": [-5.85231, 3.03553, -4.60579],
					"rotation": [-110.68731, -29.08781, 140.3014],
					"cubes": [
						{
							"origin": [-7.89072, -8.77188, -10.22158],
							"size": [4.08, 16.32, 4.08],
							"uv": {
								"north": {"uv": [24, 38], "uv_size": [-4, 16.25]},
								"east": {"uv": [20, 38], "uv_size": [-4, 16.25]},
								"south": {"uv": [16, 37], "uv_size": [-4, 16.25]},
								"west": {"uv": [28, 38], "uv_size": [-4, 16.25]},
								"up": {"uv": [4, 69], "uv_size": [4, -4]},
								"down": {"uv": [8, 65], "uv_size": [4, 4]}
							}
						},
						{
							"origin": [-11.25072, 0.10812, -10.58158],
							"size": [5.8, 4.8, 4.8],
							"uv": {
								"north": {"uv": [35.75, 10], "uv_size": [-5.75, 4.75]},
								"east": {"uv": [68.75, 38], "uv_size": [-4.75, 4.75]},
								"south": {"uv": [47.75, 59], "uv_size": [-5.75, 4.75]},
								"west": {"uv": [44.75, 64], "uv_size": [-4.75, 4.75]},
								"up": {"uv": [48, 64.75], "uv_size": [5.75, -4.75]},
								"down": {"uv": [54, 60], "uv_size": [5.75, 4.75]}
							}
						},
						{
							"origin": [-9.25072, -15.57188, -11.58158],
							"size": [6.8, 8.16, 6.8],
							"pivot": [-5.85072, -6.49188, -8.18158],
							"rotation": [17.5, 0, 0],
							"uv": {
								"north": {"uv": [53.75, 16], "uv_size": [-6.75, 8.25]},
								"east": {"uv": [41.75, 46], "uv_size": [-6.75, 8.25]},
								"south": {"uv": [34.75, 46], "uv_size": [-6.75, 8.25]},
								"west": {"uv": [53.75, 25], "uv_size": [-6.75, 8.25]},
								"up": {"uv": [28, 61.75], "uv_size": [6.75, -6.75]},
								"down": {"uv": [35, 55], "uv_size": [6.75, 6.75]}
							}
						},
						{
							"origin": [-9.15552, -7.12628, -9.93598],
							"size": [6.6096, 4.8688, 3.5088],
							"pivot": [-5.85072, -4.69188, -8.18158],
							"rotation": [50, 0, 0],
							"uv": {
								"north": {"uv": [64.5, 33], "uv_size": [-6.5, 4.75]},
								"east": {"uv": [63.5, 64], "uv_size": [-3.5, 4.75]},
								"south": {"uv": [62.5, 55], "uv_size": [-6.5, 4.75]},
								"west": {"uv": [67.5, 64], "uv_size": [-3.5, 4.75]},
								"up": {"uv": [61, 29.5], "uv_size": [6.5, -3.5]},
								"down": {"uv": [62, 5], "uv_size": [6.5, 3.5]}
							}
						},
						{
							"origin": [-9.15552, -1.68628, -9.93598],
							"size": [6.6096, 3.5088, 3.5088],
							"uv": {
								"north": {"uv": [20.5, 62], "uv_size": [-6.5, 3.5]},
								"east": {"uv": [48.5, 65], "uv_size": [-3.5, 3.5]},
								"south": {"uv": [68.5, 9], "uv_size": [-6.5, 3.5]},
								"west": {"uv": [52.5, 65], "uv_size": [-3.5, 3.5]},
								"up": {"uv": [21, 65.5], "uv_size": [6.5, -3.5]},
								"down": {"uv": [28, 62], "uv_size": [6.5, 3.5]}
							}
						},
						{
							"origin": [0.94604, -14.68785, 0.02504],
							"size": [6.6096, 3.5088, 3.5088],
							"pivot": [-1.80116, 9.46575, 2.36424],
							"rotation": [6.2285, 54.3622, 19.2734],
							"uv": {
								"north": {"uv": [62, 12.5], "uv_size": [6.5, -3.5]},
								"east": {"uv": [45, 68.5], "uv_size": [3.5, -3.5]},
								"south": {"uv": [14, 65.5], "uv_size": [6.5, -3.5]},
								"west": {"uv": [49, 68.5], "uv_size": [3.5, -3.5]},
								"up": {"uv": [28, 62], "uv_size": [6.5, 3.5]},
								"down": {"uv": [21, 65.5], "uv_size": [6.5, -3.5]}
							}
						},
						{
							"origin": [-6.21839, -6.00634, -5.29178],
							"size": [6.8, 8.16, 6.8],
							"pivot": [-2.81839, -6.92634, -1.89178],
							"rotation": [23.7285, 54.3622, 19.2734],
							"uv": {
								"north": {"uv": [28, 54.25], "uv_size": [6.75, -8.25]},
								"east": {"uv": [35, 54.25], "uv_size": [6.75, -8.25]},
								"south": {"uv": [47, 24.25], "uv_size": [6.75, -8.25]},
								"west": {"uv": [47, 33.25], "uv_size": [6.75, -8.25]},
								"up": {"uv": [35, 55], "uv_size": [6.75, 6.75]},
								"down": {"uv": [28, 61.75], "uv_size": [6.75, -6.75]}
							}
						},
						{
							"origin": [0.24555, -17.60421, 0.32541],
							"size": [5.8, 4.8, 4.8],
							"pivot": [-1.83445, 12.39579, 3.40541],
							"rotation": [6.2285, 54.3622, 19.2734],
							"uv": {
								"north": {"uv": [42, 63.75], "uv_size": [5.75, -4.75]},
								"east": {"uv": [64, 42.75], "uv_size": [4.75, -4.75]},
								"south": {"uv": [30, 14.75], "uv_size": [5.75, -4.75]},
								"west": {"uv": [40, 68.75], "uv_size": [4.75, -4.75]},
								"up": {"uv": [54, 60], "uv_size": [5.75, 4.75]},
								"down": {"uv": [48, 64.75], "uv_size": [5.75, -4.75]}
							}
						},
						{
							"origin": [3.60555, -20.24421, 0.68541],
							"size": [4.08, 16.32, 4.08],
							"pivot": [-1.83445, 12.39579, 3.40541],
							"rotation": [6.2285, 54.3622, 19.2734],
							"uv": {
								"north": {"uv": [12, 53.25], "uv_size": [4, -16.25]},
								"east": {"uv": [16, 54.25], "uv_size": [4, -16.25]},
								"south": {"uv": [20, 54.25], "uv_size": [4, -16.25]},
								"west": {"uv": [24, 54.25], "uv_size": [4, -16.25]},
								"up": {"uv": [8, 65], "uv_size": [4, 4]},
								"down": {"uv": [4, 69], "uv_size": [4, -4]}
							}
						}
					]
				},
				{
					"name": "Mao",
					"parent": "Antebraco",
					"pivot": [-4, -10, -4],
					"cubes": [
						{
							"origin": [-6.564, -11.10221, -3.53239],
							"size": [6.6096, 4.8688, 3.5088],
							"pivot": [-3.2592, -8.66781, -1.77799],
							"rotation": [56.2285, 54.3622, 19.2734],
							"uv": {
								"north": {"uv": [56, 59.75], "uv_size": [6.5, -4.75]},
								"east": {"uv": [60, 68.75], "uv_size": [3.5, -4.75]},
								"south": {"uv": [58, 37.75], "uv_size": [6.5, -4.75]},
								"west": {"uv": [64, 68.75], "uv_size": [3.5, -4.75]},
								"up": {"uv": [62, 5], "uv_size": [6.5, 3.5]},
								"down": {"uv": [61, 29.5], "uv_size": [6.5, -3.5]}
							}
						}
					]
				},
				{
					"name": "Metal7",
					"parent": "Mao",
					"pivot": [-14.00881, -15.38502, -2.64072],
					"rotation": [0.07648, -69.83598, 39.83427],
					"cubes": [
						{
							"origin": [-16.18928, -29.70887, -3.22158],
							"size": [4.08, 16.32, 4.08],
							"uv": {
								"north": {"uv": [16, 53.25], "uv_size": [-4, -16.25]},
								"east": {"uv": [28, 54.25], "uv_size": [-4, -16.25]},
								"south": {"uv": [24, 54.25], "uv_size": [-4, -16.25]},
								"west": {"uv": [20, 54.25], "uv_size": [-4, -16.25]},
								"up": {"uv": [12, 65], "uv_size": [-4, 4]},
								"down": {"uv": [8, 69], "uv_size": [-4, -4]}
							}
						},
						{
							"origin": [-14.54928, -27.06887, -3.58158],
							"size": [5.8, 4.8, 4.8],
							"uv": {
								"north": {"uv": [47.75, 63.75], "uv_size": [-5.75, -4.75]},
								"east": {"uv": [44.75, 68.75], "uv_size": [-4.75, -4.75]},
								"south": {"uv": [35.75, 14.75], "uv_size": [-5.75, -4.75]},
								"west": {"uv": [68.75, 42.75], "uv_size": [-4.75, -4.75]},
								"up": {"uv": [59.75, 60], "uv_size": [-5.75, 4.75]},
								"down": {"uv": [53.75, 64.75], "uv_size": [-5.75, -4.75]}
							}
						},
						{
							"origin": [-17.54928, -14.74887, -4.58158],
							"size": [6.8, 8.16, 6.8],
							"pivot": [-14.14928, -15.66887, -1.18158],
							"rotation": [17.5, 0, 0],
							"uv": {
								"north": {"uv": [34.75, 54.25], "uv_size": [-6.75, -8.25]},
								"east": {"uv": [53.75, 33.25], "uv_size": [-6.75, -8.25]},
								"south": {"uv": [53.75, 24.25], "uv_size": [-6.75, -8.25]},
								"west": {"uv": [41.75, 54.25], "uv_size": [-6.75, -8.25]},
								"up": {"uv": [41.75, 55], "uv_size": [-6.75, 6.75]},
								"down": {"uv": [34.75, 61.75], "uv_size": [-6.75, -6.75]}
							}
						},
						{
							"origin": [-17.45408, -19.90327, -2.93598],
							"size": [6.6096, 4.8688, 3.5088],
							"pivot": [-14.14928, -17.46887, -1.18158],
							"rotation": [50, 0, 0],
							"uv": {
								"north": {"uv": [62.5, 59.75], "uv_size": [-6.5, -4.75]},
								"east": {"uv": [67.5, 68.75], "uv_size": [-3.5, -4.75]},
								"south": {"uv": [64.5, 37.75], "uv_size": [-6.5, -4.75]},
								"west": {"uv": [63.5, 68.75], "uv_size": [-3.5, -4.75]},
								"up": {"uv": [68.5, 5], "uv_size": [-6.5, 3.5]},
								"down": {"uv": [67.5, 29.5], "uv_size": [-6.5, -3.5]}
							}
						},
						{
							"origin": [-17.45408, -23.98327, -2.93598],
							"size": [6.6096, 3.5088, 3.5088],
							"uv": {
								"north": {"uv": [68.5, 12.5], "uv_size": [-6.5, -3.5]},
								"east": {"uv": [52.5, 68.5], "uv_size": [-3.5, -3.5]},
								"south": {"uv": [20.5, 65.5], "uv_size": [-6.5, -3.5]},
								"west": {"uv": [48.5, 68.5], "uv_size": [-3.5, -3.5]},
								"up": {"uv": [34.5, 62], "uv_size": [-6.5, 3.5]},
								"down": {"uv": [27.5, 65.5], "uv_size": [-6.5, -3.5]}
							}
						}
					]
				},
				{
					"name": "Metal2",
					"parent": "Mao",
					"pivot": [0.00881, -16.38502, -6.64072],
					"rotation": [-7.78439, 64.8519, -38.96291],
					"cubes": [
						{
							"origin": [-1.89072, -30.70887, -7.22158],
							"size": [4.08, 16.32, 4.08],
							"uv": {
								"north": {"uv": [12, 53.25], "uv_size": [4, -16.25]},
								"east": {"uv": [16, 54.25], "uv_size": [4, -16.25]},
								"south": {"uv": [20, 54.25], "uv_size": [4, -16.25]},
								"west": {"uv": [24, 54.25], "uv_size": [4, -16.25]},
								"up": {"uv": [8, 65], "uv_size": [4, 4]},
								"down": {"uv": [4, 69], "uv_size": [4, -4]}
							}
						},
						{
							"origin": [-3.25072, -15.74887, -8.58158],
							"size": [6.8, 8.16, 6.8],
							"pivot": [0.14928, -16.66887, -5.18158],
							"rotation": [17.5, 0, 0],
							"uv": {
								"north": {"uv": [28, 54.25], "uv_size": [6.75, -8.25]},
								"east": {"uv": [35, 54.25], "uv_size": [6.75, -8.25]},
								"south": {"uv": [47, 24.25], "uv_size": [6.75, -8.25]},
								"west": {"uv": [47, 33.25], "uv_size": [6.75, -8.25]},
								"up": {"uv": [35, 55], "uv_size": [6.75, 6.75]},
								"down": {"uv": [28, 61.75], "uv_size": [6.75, -6.75]}
							}
						},
						{
							"origin": [-3.15552, -20.90327, -6.93598],
							"size": [6.6096, 4.8688, 3.5088],
							"pivot": [0.14928, -18.46887, -5.18158],
							"rotation": [50, 0, 0],
							"uv": {
								"north": {"uv": [56, 59.75], "uv_size": [6.5, -4.75]},
								"east": {"uv": [60, 68.75], "uv_size": [3.5, -4.75]},
								"south": {"uv": [58, 37.75], "uv_size": [6.5, -4.75]},
								"west": {"uv": [64, 68.75], "uv_size": [3.5, -4.75]},
								"up": {"uv": [62, 5], "uv_size": [6.5, 3.5]},
								"down": {"uv": [61, 29.5], "uv_size": [6.5, -3.5]}
							}
						},
						{
							"origin": [-3.15552, -24.98327, -6.93598],
							"size": [6.6096, 3.5088, 3.5088],
							"uv": {
								"north": {"uv": [62, 12.5], "uv_size": [6.5, -3.5]},
								"east": {"uv": [45, 68.5], "uv_size": [3.5, -3.5]},
								"south": {"uv": [14, 65.5], "uv_size": [6.5, -3.5]},
								"west": {"uv": [49, 68.5], "uv_size": [3.5, -3.5]},
								"up": {"uv": [28, 62], "uv_size": [6.5, 3.5]},
								"down": {"uv": [21, 65.5], "uv_size": [6.5, -3.5]}
							}
						}
					]
				},
				{
					"name": "Metal4",
					"parent": "Mao",
					"pivot": [-3.99119, -16.38502, 2.35928],
					"rotation": [35.15308, 15.1257, 13.78511],
					"cubes": [
						{
							"origin": [-5.89072, -30.70887, 1.77842],
							"size": [4.08, 16.32, 4.08],
							"uv": {
								"north": {"uv": [12, 53.25], "uv_size": [4, -16.25]},
								"east": {"uv": [16, 54.25], "uv_size": [4, -16.25]},
								"south": {"uv": [20, 54.25], "uv_size": [4, -16.25]},
								"west": {"uv": [24, 54.25], "uv_size": [4, -16.25]},
								"up": {"uv": [8, 65], "uv_size": [4, 4]},
								"down": {"uv": [4, 69], "uv_size": [4, -4]}
							}
						},
						{
							"origin": [-7.15552, -20.90327, 2.06402],
							"size": [6.6096, 4.8688, 3.5088],
							"pivot": [-3.85072, -18.46887, 3.81842],
							"rotation": [50, 0, 0],
							"uv": {
								"north": {"uv": [56, 59.75], "uv_size": [6.5, -4.75]},
								"east": {"uv": [60, 68.75], "uv_size": [3.5, -4.75]},
								"south": {"uv": [58, 37.75], "uv_size": [6.5, -4.75]},
								"west": {"uv": [64, 68.75], "uv_size": [3.5, -4.75]},
								"up": {"uv": [62, 5], "uv_size": [6.5, 3.5]},
								"down": {"uv": [61, 29.5], "uv_size": [6.5, -3.5]}
							}
						},
						{
							"origin": [-7.15552, -24.98327, 2.06402],
							"size": [6.6096, 3.5088, 3.5088],
							"pivot": [-3.85072, -23.22887, 3.81842],
							"rotation": [0, 0, -117.5],
							"uv": {
								"north": {"uv": [62, 12.5], "uv_size": [6.5, -3.5]},
								"east": {"uv": [45, 68.5], "uv_size": [3.5, -3.5]},
								"south": {"uv": [14, 65.5], "uv_size": [6.5, -3.5]},
								"west": {"uv": [49, 68.5], "uv_size": [3.5, -3.5]},
								"up": {"uv": [28, 62], "uv_size": [6.5, 3.5]},
								"down": {"uv": [21, 65.5], "uv_size": [6.5, -3.5]}
							}
						}
					]
				},
				{
					"name": "Metal6",
					"parent": "Mao",
					"pivot": [-8.99119, -14.38502, 3.35928],
					"rotation": [37.0226, 5.73315, 22.55372],
					"cubes": [
						{
							"origin": [-10.89072, -28.70887, 2.77842],
							"size": [4.08, 16.32, 4.08],
							"uv": {
								"north": {"uv": [12, 53.25], "uv_size": [4, -16.25]},
								"east": {"uv": [16, 54.25], "uv_size": [4, -16.25]},
								"south": {"uv": [20, 54.25], "uv_size": [4, -16.25]},
								"west": {"uv": [24, 54.25], "uv_size": [4, -16.25]},
								"up": {"uv": [8, 65], "uv_size": [4, 4]},
								"down": {"uv": [4, 69], "uv_size": [4, -4]}
							}
						},
						{
							"origin": [-12.25072, -13.74887, 1.41842],
							"size": [6.8, 8.16, 6.8],
							"pivot": [-8.85072, -14.66887, 4.81842],
							"rotation": [17.5, 0, 0],
							"uv": {
								"north": {"uv": [28, 54.25], "uv_size": [6.75, -8.25]},
								"east": {"uv": [35, 54.25], "uv_size": [6.75, -8.25]},
								"south": {"uv": [47, 24.25], "uv_size": [6.75, -8.25]},
								"west": {"uv": [47, 33.25], "uv_size": [6.75, -8.25]},
								"up": {"uv": [35, 55], "uv_size": [6.75, 6.75]},
								"down": {"uv": [28, 61.75], "uv_size": [6.75, -6.75]}
							}
						},
						{
							"origin": [-12.15552, -27.47952, 2.39473],
							"size": [6.6096, 4.8688, 3.5088],
							"pivot": [-8.85072, -25.04512, 4.14913],
							"rotation": [32.6326, -40.24635, 45.25595],
							"uv": {
								"north": {"uv": [56, 59.75], "uv_size": [6.5, -4.75]},
								"east": {"uv": [60, 68.75], "uv_size": [3.5, -4.75]},
								"south": {"uv": [58, 37.75], "uv_size": [6.5, -4.75]},
								"west": {"uv": [64, 68.75], "uv_size": [3.5, -4.75]},
								"up": {"uv": [62, 5], "uv_size": [6.5, 3.5]},
								"down": {"uv": [61, 29.5], "uv_size": [6.5, -3.5]}
							}
						},
						{
							"origin": [-12.15552, -14.98327, 3.06402],
							"size": [6.6096, 3.5088, 3.5088],
							"uv": {
								"north": {"uv": [62, 12.5], "uv_size": [6.5, -3.5]},
								"east": {"uv": [45, 68.5], "uv_size": [3.5, -3.5]},
								"south": {"uv": [14, 65.5], "uv_size": [6.5, -3.5]},
								"west": {"uv": [49, 68.5], "uv_size": [3.5, -3.5]},
								"up": {"uv": [28, 62], "uv_size": [6.5, 3.5]},
								"down": {"uv": [21, 65.5], "uv_size": [6.5, -3.5]}
							}
						}
					]
				},
				{
					"name": "Metal5",
					"parent": "Mao",
					"pivot": [0.00881, -16.38502, -0.64072],
					"rotation": [43.7285, 54.36218, 19.27336],
					"cubes": [
						{
							"origin": [-1.89072, -30.70887, -1.22158],
							"size": [4.08, 16.32, 4.08],
							"uv": {
								"north": {"uv": [12, 53.25], "uv_size": [4, -16.25]},
								"east": {"uv": [16, 54.25], "uv_size": [4, -16.25]},
								"south": {"uv": [20, 54.25], "uv_size": [4, -16.25]},
								"west": {"uv": [24, 54.25], "uv_size": [4, -16.25]},
								"up": {"uv": [8, 65], "uv_size": [4, 4]},
								"down": {"uv": [4, 69], "uv_size": [4, -4]}
							}
						},
						{
							"origin": [-3.25072, -15.74887, -2.58158],
							"size": [6.8, 8.16, 6.8],
							"pivot": [0.14928, -16.66887, 0.81842],
							"rotation": [17.5, 0, 0],
							"uv": {
								"north": {"uv": [28, 54.25], "uv_size": [6.75, -8.25]},
								"east": {"uv": [35, 54.25], "uv_size": [6.75, -8.25]},
								"south": {"uv": [47, 24.25], "uv_size": [6.75, -8.25]},
								"west": {"uv": [47, 33.25], "uv_size": [6.75, -8.25]},
								"up": {"uv": [35, 55], "uv_size": [6.75, 6.75]},
								"down": {"uv": [28, 61.75], "uv_size": [6.75, -6.75]}
							}
						},
						{
							"origin": [-3.15552, -20.90327, -0.93598],
							"size": [6.6096, 4.8688, 3.5088],
							"pivot": [0.14928, -18.46887, 0.81842],
							"rotation": [50, 0, 0],
							"uv": {
								"north": {"uv": [56, 59.75], "uv_size": [6.5, -4.75]},
								"east": {"uv": [60, 68.75], "uv_size": [3.5, -4.75]},
								"south": {"uv": [58, 37.75], "uv_size": [6.5, -4.75]},
								"west": {"uv": [64, 68.75], "uv_size": [3.5, -4.75]},
								"up": {"uv": [62, 5], "uv_size": [6.5, 3.5]},
								"down": {"uv": [61, 29.5], "uv_size": [6.5, -3.5]}
							}
						},
						{
							"origin": [-3.15552, -24.98327, -0.93598],
							"size": [6.6096, 3.5088, 3.5088],
							"uv": {
								"north": {"uv": [62, 12.5], "uv_size": [6.5, -3.5]},
								"east": {"uv": [45, 68.5], "uv_size": [3.5, -3.5]},
								"south": {"uv": [14, 65.5], "uv_size": [6.5, -3.5]},
								"west": {"uv": [49, 68.5], "uv_size": [3.5, -3.5]},
								"up": {"uv": [28, 62], "uv_size": [6.5, 3.5]},
								"down": {"uv": [21, 65.5], "uv_size": [6.5, -3.5]}
							}
						}
					]
				},
				{
					"name": "leftArm",
					"parent": "body",
					"pivot": [5, 22, 0],
					"cubes": [
						{
							"origin": [4, 12, -2],
							"size": [4, 12, 4],
							"uv": {
								"north": {"uv": [120, 116], "uv_size": [-4, 12]},
								"east": {"uv": [124, 116], "uv_size": [-4, 12]},
								"south": {"uv": [128, 116], "uv_size": [-4, 12]},
								"west": {"uv": [116, 116], "uv_size": [-4, 12]},
								"up": {"uv": [120, 112], "uv_size": [-4, 4]},
								"down": {"uv": [124, 116], "uv_size": [-4, -4]}
							}
						}
					]
				},
				{
					"name": "rightLeg",
					"parent": "root",
					"pivot": [-1.9, 12, 0],
					"cubes": [
						{"origin": [-3.9, 0, -2], "size": [4, 12, 4], "uv": [112, 112]}
					]
				},
				{
					"name": "leftLeg",
					"parent": "root",
					"pivot": [1.9, 12, 0],
					"cubes": [
						{"origin": [-0.1, 0, -2], "size": [4, 12, 4], "uv": [112, 112]}
					]
				}
			]
		}
	]
}