{
	"format_version": "1.12.0",
	"minecraft:geometry": [
		{
			"description": {
				"identifier": "geometry.magu",
				"texture_width": 32,
				"texture_height": 32,
				"visible_bounds_width": 3,
				"visible_bounds_height": 3.5,
				"visible_bounds_offset": [0, 1.25, 0]
			},
			"bones": [
				{
					"name": "bb_main",
					"pivot": [0, 0, 0],
					"cubes": [
						{
							"origin": [-8, 12, -2],
							"size": [4, 12, 4],
							"uv": {
								"north": {"uv": [32, 28.5], "uv_size": [-5.25, 3.5]},
								"east": {"uv": [32, 28.5], "uv_size": [-5.25, 3.5]},
								"south": {"uv": [32, 28.5], "uv_size": [-5.25, 3.5]},
								"west": {"uv": [32, 28.5], "uv_size": [-5.25, 3.5]},
								"up": {"uv": [26.75, 32], "uv_size": [5.25, -3.5]},
								"down": {"uv": [26.75, 32], "uv_size": [5.25, -3.5]}
							}
						}
					]
				},
				{
					"name": "rightArm",
					"pivot": [-5, 22, 0]
				},
				{
					"name": "rightSleeve",
					"parent": "rightArm",
					"pivot": [-5, 22, 0]
				},
				{
					"name": "Magumagunomi",
					"parent": "rightArm",
					"pivot": [-6.02329, 9.80534, 0.01301],
					"rotation": [90, 0, 0],
					"cubes": [
						{
							"origin": [-7.6048, 9.0352, -2.6048],
							"size": [3.2096, 4.2096, 5.2096],
							"uv": {
								"north": {"uv": [0, 0], "uv_size": [5.25, 5.25]},
								"east": {"uv": [0, 0], "uv_size": [5.25, 5.25]},
								"south": {"uv": [0, 0], "uv_size": [5.25, 5.25]},
								"west": {"uv": [0, 0], "uv_size": [5.25, 5.25]},
								"up": {"uv": [5.25, 5.25], "uv_size": [-5.25, -5.25]},
								"down": {"uv": [5.25, 5.25], "uv_size": [-5.25, -5.25]}
							}
						},
						{
							"origin": [-7.6096, 5.63289, -1.39313],
							"size": [3.2096, 2.2096, 0],
							"pivot": [-5.65928, 6.73769, -1.39313],
							"rotation": [30, 0, 0],
							"uv": {
								"north": {"uv": [22, 0], "uv_size": [5.25, 2.25]},
								"east": {"uv": [0, 0], "uv_size": [0, 2.25]},
								"south": {"uv": [22, 3], "uv_size": [5.25, 2.25]},
								"west": {"uv": [0, 0], "uv_size": [0, 2.25]},
								"up": {"uv": [0, 0], "uv_size": [5.25, 0]},
								"down": {"uv": [0, 0], "uv_size": [5.25, 0]}
							}
						},
						{
							"origin": [-9.19787, 6.00322, -0.97012],
							"size": [5.2096, 2.2096, 0],
							"pivot": [-6.57242, 7.02686, 0.0264],
							"rotation": [16.76458, 88.79005, 12.10574],
							"uv": {
								"north": {"uv": [22, 0], "uv_size": [5.25, 2.25]},
								"east": {"uv": [0, 0], "uv_size": [0, 2.25]},
								"south": {"uv": [22, 6], "uv_size": [5.25, 2.25]},
								"west": {"uv": [0, 0], "uv_size": [0, 2.25]},
								"up": {"uv": [0, 0], "uv_size": [5.25, 0]},
								"down": {"uv": [0, 0], "uv_size": [5.25, 0]}
							}
						},
						{
							"origin": [-6.06229, 5.81441, 1.00122],
							"size": [5.2096, 2.2096, 0],
							"pivot": [-3.45749, 7.91921, 0.00122],
							"rotation": [16.76458, -88.79005, -12.10574],
							"uv": {
								"north": {"uv": [22, 0], "uv_size": [5.25, 2.25]},
								"east": {"uv": [0, 0], "uv_size": [0, 2.25]},
								"south": {"uv": [22, 15], "uv_size": [5.25, 2.25]},
								"west": {"uv": [0, 0], "uv_size": [0, 2.25]},
								"up": {"uv": [0, 0], "uv_size": [5.25, 0]},
								"down": {"uv": [0, 0], "uv_size": [5.25, 0]}
							}
						},
						{
							"origin": [-7.6096, 6.49941, 1.6243],
							"size": [3.2096, 2.2096, 0],
							"pivot": [-5.65928, 7.60421, -0.10775],
							"rotation": [-30, 0, 0],
							"uv": {
								"north": {"uv": [14, 23], "uv_size": [5.25, 2.25]},
								"east": {"uv": [0, 0], "uv_size": [0, 2.25]},
								"south": {"uv": [22, 0], "uv_size": [5.25, 2.25]},
								"west": {"uv": [0, 0], "uv_size": [0, 2.25]},
								"up": {"uv": [0, 0], "uv_size": [5.25, 0]},
								"down": {"uv": [0, 0], "uv_size": [5.25, 0]}
							}
						},
						{
							"origin": [-8.48099, 8.81284, -1.85659],
							"size": [4.96197, 4.19637, 3.29157],
							"uv": {
								"north": {"uv": [0, 0], "uv_size": [5.25, 5.25]},
								"east": {"uv": [0, 0], "uv_size": [5.25, 5.25]},
								"south": {"uv": [0, 0], "uv_size": [5.25, 5.25]},
								"west": {"uv": [0, 0], "uv_size": [5.25, 5.25]},
								"up": {"uv": [5.25, 5.25], "uv_size": [-5.25, -5.25]},
								"down": {"uv": [5.25, 5.25], "uv_size": [-5.25, -5.25]}
							}
						},
						{
							"origin": [-8.85171, 9.67438, -1.94457],
							"size": [5.70342, 2.82342, 3.78342],
							"uv": {
								"north": {"uv": [0, 0], "uv_size": [5.25, 5.25]},
								"east": {"uv": [0, 0], "uv_size": [5.25, 5.25]},
								"south": {"uv": [0, 0], "uv_size": [5.25, 5.25]},
								"west": {"uv": [0, 0], "uv_size": [5.25, 5.25]},
								"up": {"uv": [5.25, 5.25], "uv_size": [-5.25, -5.25]},
								"down": {"uv": [5.25, 5.25], "uv_size": [-5.25, -5.25]}
							}
						},
						{
							"origin": [-7.94553, 7.69447, -1.94553],
							"size": [3.89105, 5.89105, 3.89105],
							"uv": {
								"north": {"uv": [0, 0], "uv_size": [5.25, 5.25]},
								"east": {"uv": [0, 0], "uv_size": [5.25, 5.25]},
								"south": {"uv": [0, 0], "uv_size": [5.25, 5.25]},
								"west": {"uv": [0, 0], "uv_size": [5.25, 5.25]},
								"up": {"uv": [5.25, 5.25], "uv_size": [-5.25, -5.25]},
								"down": {"uv": [5.25, 5.25], "uv_size": [-5.25, -5.25]}
							}
						},
						{
							"origin": [-9.34584, 13.94896, 0],
							"size": [6.48208, 2.38208, 0],
							"uv": {
								"north": {"uv": [10, 18], "uv_size": [6.5, 2.5]},
								"east": {"uv": [0, 0], "uv_size": [0, 2.5]},
								"south": {"uv": [18, 12], "uv_size": [6.5, 2.5]},
								"west": {"uv": [0, 0], "uv_size": [0, 2.5]},
								"up": {"uv": [0, 0], "uv_size": [6.5, 0]},
								"down": {"uv": [0, 0], "uv_size": [6.5, 0]}
							}
						},
						{
							"origin": [-6.34584, 10.94896, -0.13624],
							"size": [0.48208, 4.38208, 0.48208],
							"uv": {
								"north": {"uv": [0, 24], "uv_size": [0.5, 4.5]},
								"east": {"uv": [1, 24], "uv_size": [0.5, 4.5]},
								"south": {"uv": [2, 24], "uv_size": [0.5, 4.5]},
								"west": {"uv": [3, 24], "uv_size": [0.5, 4.5]},
								"up": {"uv": [10, 16], "uv_size": [0.5, 0.5]},
								"down": {"uv": [11, 16.5], "uv_size": [0.5, -0.5]}
							}
						}
					]
				}
			]
		}
	]
}