{
	"format_version": "1.12.0",
	"minecraft:geometry": [
		{
			"description": {
				"identifier": "geometry.mera",
				"texture_width": 32,
				"texture_height": 32,
				"visible_bounds_width": 3,
				"visible_bounds_height": 3.5,
				"visible_bounds_offset": [0, 1.25, 0]
			},
			"bones": [
				{
					"name": "bb_main",
					"pivot": [0, 0, 0],
					"cubes": [
						{
							"origin": [-8, 12, -2],
							"size": [4, 12, 4],
							"uv": {
								"north": {"uv": [32, 28.5], "uv_size": [-5.25, 3.5]},
								"east": {"uv": [32, 28.5], "uv_size": [-5.25, 3.5]},
								"south": {"uv": [32, 28.5], "uv_size": [-5.25, 3.5]},
								"west": {"uv": [32, 28.5], "uv_size": [-5.25, 3.5]},
								"up": {"uv": [26.75, 32], "uv_size": [5.25, -3.5]},
								"down": {"uv": [26.75, 32], "uv_size": [5.25, -3.5]}
							}
						}
					]
				},
				{
					"name": "rightArm",
					"pivot": [-5, 22, 0]
				},
				{
					"name": "rightSleeve",
					"parent": "rightArm",
					"pivot": [-5, 22, 0]
				},
				{
					"name": "Merameranomi",
					"parent": "rightArm",
					"pivot": [-6, 10.0888, 2],
					"rotation": [85, 0, 0],
					"cubes": [
						{
							"origin": [-8.6048, 10.0352, -0.6048],
							"size": [5.2096, 5.2096, 5.2096],
							"uv": {
								"north": {"uv": [0, 0], "uv_size": [5.25, 5.25]},
								"east": {"uv": [0, 6], "uv_size": [5.25, 5.25]},
								"south": {"uv": [6, 0], "uv_size": [5.25, 5.25]},
								"west": {"uv": [6, 6], "uv_size": [5.25, 5.25]},
								"up": {"uv": [0, 12], "uv_size": [5.25, 5.25]},
								"down": {"uv": [12, 5.25], "uv_size": [5.25, -5.25]}
							}
						},
						{
							"origin": [-8.97053, 10.66947, 0.02947],
							"size": [5.94106, 3.94106, 3.94106],
							"uv": {
								"north": {"uv": [6, 12], "uv_size": [6, 4]},
								"east": {"uv": [18, 15], "uv_size": [4, 4]},
								"south": {"uv": [12, 6], "uv_size": [6, 4]},
								"west": {"uv": [17, 19], "uv_size": [4, 4]},
								"up": {"uv": [12, 10], "uv_size": [6, 4]},
								"down": {"uv": [12, 18], "uv_size": [6, -4]}
							}
						},
						{
							"origin": [-7.94553, 9.69447, 0.05447],
							"size": [3.89105, 5.89105, 3.89105],
							"uv": {
								"north": {"uv": [6, 16], "uv_size": [4, 6]},
								"east": {"uv": [0, 18], "uv_size": [4, 6]},
								"south": {"uv": [18, 0], "uv_size": [4, 6]},
								"west": {"uv": [18, 6], "uv_size": [4, 6]},
								"up": {"uv": [10, 21], "uv_size": [4, 4]},
								"down": {"uv": [21, 23], "uv_size": [4, -4]}
							}
						},
						{
							"origin": [-9.34584, 16.94896, 2],
							"size": [6.48208, 2.38208, 0],
							"uv": {
								"north": {"uv": [10, 18], "uv_size": [6.5, 2.5]},
								"east": {"uv": [0, 0], "uv_size": [0, 2.5]},
								"south": {"uv": [18, 12], "uv_size": [6.5, 2.5]},
								"west": {"uv": [0, 0], "uv_size": [0, 2.5]},
								"up": {"uv": [0, 0], "uv_size": [6.5, 0]},
								"down": {"uv": [0, 0], "uv_size": [6.5, 0]}
							}
						},
						{
							"origin": [-9.34584, 13.33164, -0.07612],
							"size": [2.48208, 3.38208, 0],
							"pivot": [-6.1048, 17.14, 1],
							"rotation": [-15, 0, 0],
							"uv": {
								"north": {"uv": [14, 21], "uv_size": [2.5, 3.5]},
								"east": {"uv": [0, 0], "uv_size": [0, 3.5]},
								"south": {"uv": [22, 0], "uv_size": [2.5, 3.5]},
								"west": {"uv": [0, 0], "uv_size": [0, 3.5]},
								"up": {"uv": [0, 0], "uv_size": [2.5, 0]},
								"down": {"uv": [0, 0], "uv_size": [2.5, 0]}
							}
						},
						{
							"origin": [-9.34584, 13.33164, 4.07612],
							"size": [2.48208, 3.38208, 0],
							"pivot": [-6.1048, 17.14, 3],
							"rotation": [15, 0, 0],
							"uv": {
								"north": {"uv": [24.5, 0], "uv_size": [-2.5, 3.5]},
								"east": {"uv": [0, 0], "uv_size": [0, 3.5]},
								"south": {"uv": [16.5, 21], "uv_size": [-2.5, 3.5]},
								"west": {"uv": [0, 0], "uv_size": [0, 3.5]},
								"up": {"uv": [0, 0], "uv_size": [2.5, 0]},
								"down": {"uv": [0, 0], "uv_size": [2.5, 0]}
							}
						},
						{
							"origin": [-7.34584, 13.33164, -0.07612],
							"size": [2.48208, 3.38208, 0],
							"pivot": [-6.1048, 17.14, 1],
							"rotation": [-15, 0, 0],
							"uv": {
								"north": {"uv": [14, 21], "uv_size": [2.5, 3.5]},
								"east": {"uv": [0, 0], "uv_size": [0, 3.5]},
								"south": {"uv": [22, 0], "uv_size": [2.5, 3.5]},
								"west": {"uv": [0, 0], "uv_size": [0, 3.5]},
								"up": {"uv": [0, 0], "uv_size": [2.5, 0]},
								"down": {"uv": [0, 0], "uv_size": [2.5, 0]}
							}
						},
						{
							"origin": [-7.34584, 13.68977, 2.68556],
							"size": [2.48208, 3.38208, 0],
							"pivot": [-6.1048, 19.37335, 2.41255],
							"rotation": [-37.5, 0, 0],
							"uv": {
								"north": {"uv": [14, 21], "uv_size": [2.5, 3.5]},
								"east": {"uv": [0, 0], "uv_size": [0, 3.5]},
								"south": {"uv": [22, 0], "uv_size": [2.5, 3.5]},
								"west": {"uv": [0, 0], "uv_size": [0, 3.5]},
								"up": {"uv": [0, 0], "uv_size": [2.5, 0]},
								"down": {"uv": [0, 0], "uv_size": [2.5, 0]}
							}
						},
						{
							"origin": [-7.34584, 13.68977, 1.31444],
							"size": [2.48208, 3.38208, 0],
							"pivot": [-6.1048, 19.37335, 1.58745],
							"rotation": [37.5, 0, 0],
							"uv": {
								"north": {"uv": [24.5, 0], "uv_size": [-2.5, 3.5]},
								"east": {"uv": [0, 0], "uv_size": [0, 3.5]},
								"south": {"uv": [16.5, 21], "uv_size": [-2.5, 3.5]},
								"west": {"uv": [0, 0], "uv_size": [0, 3.5]},
								"up": {"uv": [0, 0], "uv_size": [2.5, 0]},
								"down": {"uv": [0, 0], "uv_size": [2.5, 0]}
							}
						},
						{
							"origin": [-5.34584, 14.34861, 3.80136],
							"size": [2.48208, 3.38208, 0],
							"pivot": [-4.1048, 16.03965, 3.80136],
							"rotation": [36.82979, 20.29317, -6.91379],
							"uv": {
								"north": {"uv": [24.5, 0], "uv_size": [-2.5, 3.5]},
								"east": {"uv": [0, 0], "uv_size": [0, 3.5]},
								"south": {"uv": [16.5, 21], "uv_size": [-2.5, 3.5]},
								"west": {"uv": [0, 0], "uv_size": [0, 3.5]},
								"up": {"uv": [0, 0], "uv_size": [2.5, 0]},
								"down": {"uv": [0, 0], "uv_size": [2.5, 0]}
							}
						},
						{
							"origin": [-9.13624, 14.34861, 3.80136],
							"size": [2.48208, 3.38208, 0],
							"pivot": [-7.8952, 16.03965, 3.80136],
							"rotation": [36.82979, -20.29317, 6.91379],
							"uv": {
								"north": {"uv": [22, 0], "uv_size": [2.5, 3.5]},
								"east": {"uv": [0, 0], "uv_size": [0, 3.5]},
								"south": {"uv": [14, 21], "uv_size": [2.5, 3.5]},
								"west": {"uv": [0, 0], "uv_size": [0, 3.5]},
								"up": {"uv": [2.5, 0], "uv_size": [-2.5, 0]},
								"down": {"uv": [2.5, 0], "uv_size": [-2.5, 0]}
							}
						},
						{
							"origin": [-9.13624, 14.34861, 0.19864],
							"size": [2.48208, 3.38208, 0],
							"pivot": [-7.8952, 16.03965, 0.19864],
							"rotation": [-36.82979, 20.29317, 6.91379],
							"uv": {
								"north": {"uv": [16.5, 21], "uv_size": [-2.5, 3.5]},
								"east": {"uv": [0, 0], "uv_size": [0, 3.5]},
								"south": {"uv": [24.5, 0], "uv_size": [-2.5, 3.5]},
								"west": {"uv": [0, 0], "uv_size": [0, 3.5]},
								"up": {"uv": [2.5, 0], "uv_size": [-2.5, 0]},
								"down": {"uv": [2.5, 0], "uv_size": [-2.5, 0]}
							}
						},
						{
							"origin": [-5.34584, 14.34861, 0.19864],
							"size": [2.48208, 3.38208, 0],
							"pivot": [-4.1048, 16.03965, 0.19864],
							"rotation": [-36.82979, -20.29317, -6.91379],
							"uv": {
								"north": {"uv": [14, 21], "uv_size": [2.5, 3.5]},
								"east": {"uv": [0, 0], "uv_size": [0, 3.5]},
								"south": {"uv": [22, 0], "uv_size": [2.5, 3.5]},
								"west": {"uv": [0, 0], "uv_size": [0, 3.5]},
								"up": {"uv": [0, 0], "uv_size": [2.5, 0]},
								"down": {"uv": [0, 0], "uv_size": [2.5, 0]}
							}
						},
						{
							"origin": [-7.34584, 11.75046, -1],
							"size": [2.48208, 3.38208, 0],
							"uv": {
								"north": {"uv": [14, 21], "uv_size": [2.5, 3.5]},
								"east": {"uv": [0, 0], "uv_size": [0, 3.5]},
								"south": {"uv": [22, 0], "uv_size": [2.5, 3.5]},
								"west": {"uv": [0, 0], "uv_size": [0, 3.5]},
								"up": {"uv": [0, 0], "uv_size": [2.5, 0]},
								"down": {"uv": [0, 0], "uv_size": [2.5, 0]}
							}
						},
						{
							"origin": [-7.34584, 11.75046, 5],
							"size": [2.48208, 3.38208, 0],
							"uv": {
								"north": {"uv": [24.5, 0], "uv_size": [-2.5, 3.5]},
								"east": {"uv": [0, 0], "uv_size": [0, 3.5]},
								"south": {"uv": [16.5, 21], "uv_size": [-2.5, 3.5]},
								"west": {"uv": [0, 0], "uv_size": [0, 3.5]},
								"up": {"uv": [0, 0], "uv_size": [2.5, 0]},
								"down": {"uv": [0, 0], "uv_size": [2.5, 0]}
							}
						},
						{
							"origin": [-10.45609, 11.88149, 2.10509],
							"size": [2.48208, 3.38208, 0],
							"pivot": [-9.21505, 13.57253, 2.10509],
							"rotation": [0, -90, -7.5],
							"uv": {
								"north": {"uv": [24.5, 0], "uv_size": [-2.5, 3.5]},
								"east": {"uv": [0, 0], "uv_size": [0, 3.5]},
								"south": {"uv": [16.5, 21], "uv_size": [-2.5, 3.5]},
								"west": {"uv": [0, 0], "uv_size": [0, 3.5]},
								"up": {"uv": [0, 0], "uv_size": [2.5, 0]},
								"down": {"uv": [0, 0], "uv_size": [2.5, 0]}
							}
						},
						{
							"origin": [-4.02599, 11.88149, 2.10509],
							"size": [2.48208, 3.38208, 0],
							"pivot": [-2.78495, 13.57253, 2.10509],
							"rotation": [0, 90, 7.5],
							"uv": {
								"north": {"uv": [22, 0], "uv_size": [2.5, 3.5]},
								"east": {"uv": [0, 0], "uv_size": [0, 3.5]},
								"south": {"uv": [14, 21], "uv_size": [2.5, 3.5]},
								"west": {"uv": [0, 0], "uv_size": [0, 3.5]},
								"up": {"uv": [2.5, 0], "uv_size": [-2.5, 0]},
								"down": {"uv": [2.5, 0], "uv_size": [-2.5, 0]}
							}
						},
						{
							"origin": [-6.2956, 10.21954, 5.99311],
							"size": [2.48208, 3.38208, 0],
							"pivot": [-5.05456, 18.45912, 2.10509],
							"rotation": [0, 90, 12.5],
							"uv": {
								"north": {"uv": [22, 0], "uv_size": [2.5, 3.5]},
								"east": {"uv": [0, 0], "uv_size": [0, 3.5]},
								"south": {"uv": [14, 21], "uv_size": [2.5, 3.5]},
								"west": {"uv": [0, 0], "uv_size": [0, 3.5]},
								"up": {"uv": [2.5, 0], "uv_size": [-2.5, 0]},
								"down": {"uv": [2.5, 0], "uv_size": [-2.5, 0]}
							}
						},
						{
							"origin": [-8.18648, 10.21954, 5.99311],
							"size": [2.48208, 3.38208, 0],
							"pivot": [-6.94544, 18.45912, 2.10509],
							"rotation": [0, -90, -12.5],
							"uv": {
								"north": {"uv": [24.5, 0], "uv_size": [-2.5, 3.5]},
								"east": {"uv": [0, 0], "uv_size": [0, 3.5]},
								"south": {"uv": [16.5, 21], "uv_size": [-2.5, 3.5]},
								"west": {"uv": [0, 0], "uv_size": [0, 3.5]},
								"up": {"uv": [0, 0], "uv_size": [2.5, 0]},
								"down": {"uv": [0, 0], "uv_size": [2.5, 0]}
							}
						},
						{
							"origin": [-7.86541, 12.04771, 3.43381],
							"size": [2.48208, 3.38208, 0],
							"pivot": [-6.5239, 17.55542, 2.10509],
							"rotation": [-88.30526, 88.57284, -127.85792],
							"uv": {
								"north": {"uv": [22, 0], "uv_size": [2.5, 3.5]},
								"east": {"uv": [0, 0], "uv_size": [0, 3.5]},
								"south": {"uv": [14, 21], "uv_size": [2.5, 3.5]},
								"west": {"uv": [0, 0], "uv_size": [0, 3.5]},
								"up": {"uv": [2.5, 0], "uv_size": [-2.5, 0]},
								"down": {"uv": [2.5, 0], "uv_size": [-2.5, 0]}
							}
						},
						{
							"origin": [-6.61667, 12.04771, 3.43381],
							"size": [2.48208, 3.38208, 0],
							"pivot": [-5.4761, 17.55542, 2.10509],
							"rotation": [-88.30526, -88.57284, 127.85792],
							"uv": {
								"north": {"uv": [24.5, 0], "uv_size": [-2.5, 3.5]},
								"east": {"uv": [0, 0], "uv_size": [0, 3.5]},
								"south": {"uv": [16.5, 21], "uv_size": [-2.5, 3.5]},
								"west": {"uv": [0, 0], "uv_size": [0, 3.5]},
								"up": {"uv": [0, 0], "uv_size": [2.5, 0]},
								"down": {"uv": [0, 0], "uv_size": [2.5, 0]}
							}
						},
						{
							"origin": [-3.89546, 12.87294, 4.10509],
							"size": [2.48208, 3.38208, 0],
							"pivot": [-2.65442, 14.56398, 4.10509],
							"rotation": [0, 60, 7.5],
							"uv": {
								"north": {"uv": [22, 0], "uv_size": [2.5, 3.5]},
								"east": {"uv": [0, 0], "uv_size": [0, 3.5]},
								"south": {"uv": [14, 21], "uv_size": [2.5, 3.5]},
								"west": {"uv": [0, 0], "uv_size": [0, 3.5]},
								"up": {"uv": [2.5, 0], "uv_size": [-2.5, 0]},
								"down": {"uv": [2.5, 0], "uv_size": [-2.5, 0]}
							}
						},
						{
							"origin": [-3.89546, 12.87294, -0.10509],
							"size": [2.48208, 3.38208, 0],
							"pivot": [-2.65442, 14.56398, -0.10509],
							"rotation": [0, -60, 7.5],
							"uv": {
								"north": {"uv": [16.5, 21], "uv_size": [-2.5, 3.5]},
								"east": {"uv": [0, 0], "uv_size": [0, 3.5]},
								"south": {"uv": [24.5, 0], "uv_size": [-2.5, 3.5]},
								"west": {"uv": [0, 0], "uv_size": [0, 3.5]},
								"up": {"uv": [2.5, 0], "uv_size": [-2.5, 0]},
								"down": {"uv": [2.5, 0], "uv_size": [-2.5, 0]}
							}
						},
						{
							"origin": [-10.58662, 12.87294, -0.10509],
							"size": [2.48208, 3.38208, 0],
							"pivot": [-9.34558, 14.56398, -0.10509],
							"rotation": [0, 60, -7.5],
							"uv": {
								"north": {"uv": [14, 21], "uv_size": [2.5, 3.5]},
								"east": {"uv": [0, 0], "uv_size": [0, 3.5]},
								"south": {"uv": [22, 0], "uv_size": [2.5, 3.5]},
								"west": {"uv": [0, 0], "uv_size": [0, 3.5]},
								"up": {"uv": [0, 0], "uv_size": [2.5, 0]},
								"down": {"uv": [0, 0], "uv_size": [2.5, 0]}
							}
						},
						{
							"origin": [-10.58662, 12.87294, 4.10509],
							"size": [2.48208, 3.38208, 0],
							"pivot": [-9.34558, 14.56398, 4.10509],
							"rotation": [0, -60, -7.5],
							"uv": {
								"north": {"uv": [24.5, 0], "uv_size": [-2.5, 3.5]},
								"east": {"uv": [0, 0], "uv_size": [0, 3.5]},
								"south": {"uv": [16.5, 21], "uv_size": [-2.5, 3.5]},
								"west": {"uv": [0, 0], "uv_size": [0, 3.5]},
								"up": {"uv": [0, 0], "uv_size": [2.5, 0]},
								"down": {"uv": [0, 0], "uv_size": [2.5, 0]}
							}
						},
						{
							"origin": [-10.32556, 10.89005, 4.10509],
							"size": [2.48208, 3.38208, 0],
							"pivot": [-9.08452, 12.58109, 4.10509],
							"rotation": [17.5, -60, -7.5],
							"uv": {
								"north": {"uv": [24.5, 0], "uv_size": [-2.5, 3.5]},
								"east": {"uv": [0, 0], "uv_size": [0, 3.5]},
								"south": {"uv": [16.5, 21], "uv_size": [-2.5, 3.5]},
								"west": {"uv": [0, 0], "uv_size": [0, 3.5]},
								"up": {"uv": [0, 0], "uv_size": [2.5, 0]},
								"down": {"uv": [0, 0], "uv_size": [2.5, 0]}
							}
						},
						{
							"origin": [-4.15652, 10.89005, 4.10509],
							"size": [2.48208, 3.38208, 0],
							"pivot": [-2.91548, 12.58109, 4.10509],
							"rotation": [17.5, 60, 7.5],
							"uv": {
								"north": {"uv": [22, 0], "uv_size": [2.5, 3.5]},
								"east": {"uv": [0, 0], "uv_size": [0, 3.5]},
								"south": {"uv": [14, 21], "uv_size": [2.5, 3.5]},
								"west": {"uv": [0, 0], "uv_size": [0, 3.5]},
								"up": {"uv": [2.5, 0], "uv_size": [-2.5, 0]},
								"down": {"uv": [2.5, 0], "uv_size": [-2.5, 0]}
							}
						},
						{
							"origin": [-4.15652, 10.89005, -0.10509],
							"size": [2.48208, 3.38208, 0],
							"pivot": [-2.91548, 12.58109, -0.10509],
							"rotation": [-17.5, -60, 7.5],
							"uv": {
								"north": {"uv": [16.5, 21], "uv_size": [-2.5, 3.5]},
								"east": {"uv": [0, 0], "uv_size": [0, 3.5]},
								"south": {"uv": [24.5, 0], "uv_size": [-2.5, 3.5]},
								"west": {"uv": [0, 0], "uv_size": [0, 3.5]},
								"up": {"uv": [2.5, 0], "uv_size": [-2.5, 0]},
								"down": {"uv": [2.5, 0], "uv_size": [-2.5, 0]}
							}
						},
						{
							"origin": [-10.32556, 10.89005, -0.10509],
							"size": [2.48208, 3.38208, 0],
							"pivot": [-9.08452, 12.58109, -0.10509],
							"rotation": [-17.5, 60, -7.5],
							"uv": {
								"north": {"uv": [14, 21], "uv_size": [2.5, 3.5]},
								"east": {"uv": [0, 0], "uv_size": [0, 3.5]},
								"south": {"uv": [22, 0], "uv_size": [2.5, 3.5]},
								"west": {"uv": [0, 0], "uv_size": [0, 3.5]},
								"up": {"uv": [0, 0], "uv_size": [2.5, 0]},
								"down": {"uv": [0, 0], "uv_size": [2.5, 0]}
							}
						},
						{
							"origin": [-7.34584, 9.75046, 5],
							"size": [2.48208, 3.38208, 0],
							"pivot": [-6.1048, 11.4415, 5],
							"rotation": [-9.97978, 0.30277, 0.53399],
							"uv": {
								"north": {"uv": [24.5, 0], "uv_size": [-2.5, 3.5]},
								"east": {"uv": [0, 0], "uv_size": [0, 3.5]},
								"south": {"uv": [16.5, 21], "uv_size": [-2.5, 3.5]},
								"west": {"uv": [0, 0], "uv_size": [0, 3.5]},
								"up": {"uv": [0, 0], "uv_size": [2.5, 0]},
								"down": {"uv": [0, 0], "uv_size": [2.5, 0]}
							}
						},
						{
							"origin": [-7.34584, 9.75046, -1],
							"size": [2.48208, 3.38208, 0],
							"pivot": [-6.1048, 11.4415, -1],
							"rotation": [9.97978, -0.30277, 0.53399],
							"uv": {
								"north": {"uv": [14, 21], "uv_size": [2.5, 3.5]},
								"east": {"uv": [0, 0], "uv_size": [0, 3.5]},
								"south": {"uv": [22, 0], "uv_size": [2.5, 3.5]},
								"west": {"uv": [0, 0], "uv_size": [0, 3.5]},
								"up": {"uv": [0, 0], "uv_size": [2.5, 0]},
								"down": {"uv": [0, 0], "uv_size": [2.5, 0]}
							}
						},
						{
							"origin": [-9.34584, 11.75046, -1],
							"size": [2.48208, 3.38208, 0],
							"pivot": [-8.1048, 13.4415, -1],
							"rotation": [7.5, 10, -15],
							"uv": {
								"north": {"uv": [14, 21], "uv_size": [2.5, 3.5]},
								"east": {"uv": [0, 0], "uv_size": [0, 3.5]},
								"south": {"uv": [22, 0], "uv_size": [2.5, 3.5]},
								"west": {"uv": [0, 0], "uv_size": [0, 3.5]},
								"up": {"uv": [0, 0], "uv_size": [2.5, 0]},
								"down": {"uv": [0, 0], "uv_size": [2.5, 0]}
							}
						},
						{
							"origin": [-9.34584, 11.75046, 5],
							"size": [2.48208, 3.38208, 0],
							"pivot": [-8.1048, 13.4415, 5],
							"rotation": [-7.5, -10, -15],
							"uv": {
								"north": {"uv": [24.5, 0], "uv_size": [-2.5, 3.5]},
								"east": {"uv": [0, 0], "uv_size": [0, 3.5]},
								"south": {"uv": [16.5, 21], "uv_size": [-2.5, 3.5]},
								"west": {"uv": [0, 0], "uv_size": [0, 3.5]},
								"up": {"uv": [0, 0], "uv_size": [2.5, 0]},
								"down": {"uv": [0, 0], "uv_size": [2.5, 0]}
							}
						},
						{
							"origin": [-5.13624, 11.75046, -1],
							"size": [2.48208, 3.38208, 0],
							"pivot": [-3.8952, 13.4415, -1],
							"rotation": [7.5, -10, 15],
							"uv": {
								"north": {"uv": [16.5, 21], "uv_size": [-2.5, 3.5]},
								"east": {"uv": [0, 0], "uv_size": [0, 3.5]},
								"south": {"uv": [24.5, 0], "uv_size": [-2.5, 3.5]},
								"west": {"uv": [0, 0], "uv_size": [0, 3.5]},
								"up": {"uv": [2.5, 0], "uv_size": [-2.5, 0]},
								"down": {"uv": [2.5, 0], "uv_size": [-2.5, 0]}
							}
						},
						{
							"origin": [-5.13624, 9.75046, -1],
							"size": [2.48208, 3.38208, 0],
							"pivot": [-3.8952, 13.4415, -1],
							"rotation": [5.18462, -1.90341, 8.50052],
							"uv": {
								"north": {"uv": [16.5, 21], "uv_size": [-2.5, 3.5]},
								"east": {"uv": [0, 0], "uv_size": [0, 3.5]},
								"south": {"uv": [24.5, 0], "uv_size": [-2.5, 3.5]},
								"west": {"uv": [0, 0], "uv_size": [0, 3.5]},
								"up": {"uv": [2.5, 0], "uv_size": [-2.5, 0]},
								"down": {"uv": [2.5, 0], "uv_size": [-2.5, 0]}
							}
						},
						{
							"origin": [-5.13624, 9.75046, 5],
							"size": [2.48208, 3.38208, 0],
							"pivot": [-3.8952, 13.4415, 5],
							"rotation": [-5.18462, 1.90341, 8.50052],
							"uv": {
								"north": {"uv": [22, 0], "uv_size": [2.5, 3.5]},
								"east": {"uv": [0, 0], "uv_size": [0, 3.5]},
								"south": {"uv": [14, 21], "uv_size": [2.5, 3.5]},
								"west": {"uv": [0, 0], "uv_size": [0, 3.5]},
								"up": {"uv": [2.5, 0], "uv_size": [-2.5, 0]},
								"down": {"uv": [2.5, 0], "uv_size": [-2.5, 0]}
							}
						},
						{
							"origin": [-9.34584, 9.75046, -1],
							"size": [2.48208, 3.38208, 0],
							"pivot": [-8.1048, 13.4415, -1],
							"rotation": [5.18462, 1.90341, -8.50052],
							"uv": {
								"north": {"uv": [14, 21], "uv_size": [2.5, 3.5]},
								"east": {"uv": [0, 0], "uv_size": [0, 3.5]},
								"south": {"uv": [22, 0], "uv_size": [2.5, 3.5]},
								"west": {"uv": [0, 0], "uv_size": [0, 3.5]},
								"up": {"uv": [0, 0], "uv_size": [2.5, 0]},
								"down": {"uv": [0, 0], "uv_size": [2.5, 0]}
							}
						},
						{
							"origin": [-9.34584, 9.75046, 5],
							"size": [2.48208, 3.38208, 0],
							"pivot": [-8.1048, 13.4415, 5],
							"rotation": [-5.18462, -1.90341, -8.50052],
							"uv": {
								"north": {"uv": [24.5, 0], "uv_size": [-2.5, 3.5]},
								"east": {"uv": [0, 0], "uv_size": [0, 3.5]},
								"south": {"uv": [16.5, 21], "uv_size": [-2.5, 3.5]},
								"west": {"uv": [0, 0], "uv_size": [0, 3.5]},
								"up": {"uv": [0, 0], "uv_size": [2.5, 0]},
								"down": {"uv": [0, 0], "uv_size": [2.5, 0]}
							}
						},
						{
							"origin": [-5.13624, 11.75046, 5],
							"size": [2.48208, 3.38208, 0],
							"pivot": [-3.8952, 13.4415, 5],
							"rotation": [-7.5, 10, 15],
							"uv": {
								"north": {"uv": [22, 0], "uv_size": [2.5, 3.5]},
								"east": {"uv": [0, 0], "uv_size": [0, 3.5]},
								"south": {"uv": [14, 21], "uv_size": [2.5, 3.5]},
								"west": {"uv": [0, 0], "uv_size": [0, 3.5]},
								"up": {"uv": [2.5, 0], "uv_size": [-2.5, 0]},
								"down": {"uv": [2.5, 0], "uv_size": [-2.5, 0]}
							}
						},
						{
							"origin": [-7.34584, 13.33164, 4.07612],
							"size": [2.48208, 3.38208, 0],
							"pivot": [-6.1048, 17.14, 3],
							"rotation": [15, 0, 0],
							"uv": {
								"north": {"uv": [24.5, 0], "uv_size": [-2.5, 3.5]},
								"east": {"uv": [0, 0], "uv_size": [0, 3.5]},
								"south": {"uv": [16.5, 21], "uv_size": [-2.5, 3.5]},
								"west": {"uv": [0, 0], "uv_size": [0, 3.5]},
								"up": {"uv": [0, 0], "uv_size": [2.5, 0]},
								"down": {"uv": [0, 0], "uv_size": [2.5, 0]}
							}
						},
						{
							"origin": [-5.34584, 13.33164, -0.07612],
							"size": [2.48208, 3.38208, 0],
							"pivot": [-6.1048, 17.14, 1],
							"rotation": [-15, 0, 0],
							"uv": {
								"north": {"uv": [14, 21], "uv_size": [2.5, 3.5]},
								"east": {"uv": [0, 0], "uv_size": [0, 3.5]},
								"south": {"uv": [22, 0], "uv_size": [2.5, 3.5]},
								"west": {"uv": [0, 0], "uv_size": [0, 3.5]},
								"up": {"uv": [0, 0], "uv_size": [2.5, 0]},
								"down": {"uv": [0, 0], "uv_size": [2.5, 0]}
							}
						},
						{
							"origin": [-5.34584, 13.33164, 4.07612],
							"size": [2.48208, 3.38208, 0],
							"pivot": [-6.1048, 17.14, 3],
							"rotation": [15, 0, 0],
							"uv": {
								"north": {"uv": [24.5, 0], "uv_size": [-2.5, 3.5]},
								"east": {"uv": [0, 0], "uv_size": [0, 3.5]},
								"south": {"uv": [16.5, 21], "uv_size": [-2.5, 3.5]},
								"west": {"uv": [0, 0], "uv_size": [0, 3.5]},
								"up": {"uv": [0, 0], "uv_size": [2.5, 0]},
								"down": {"uv": [0, 0], "uv_size": [2.5, 0]}
							}
						},
						{
							"origin": [-6.34584, 12.94896, 1.86376],
							"size": [0.48208, 4.38208, 0.48208],
							"uv": {
								"north": {"uv": [4, 18], "uv_size": [0.5, 4.5]},
								"east": {"uv": [5, 18], "uv_size": [0.5, 4.5]},
								"south": {"uv": [22, 4], "uv_size": [0.5, 4.5]},
								"west": {"uv": [6, 22], "uv_size": [0.5, 4.5]},
								"up": {"uv": [10, 16], "uv_size": [0.5, 0.5]},
								"down": {"uv": [11, 16.5], "uv_size": [0.5, -0.5]}
							}
						}
					]
				}
			]
		}
	]
}