{
	"format_version": "1.12.0",
	"minecraft:geometry": [
		{
			"description": {
				"identifier": "geometry.mink",
				"texture_width": 64,
				"texture_height": 64,
				"visible_bounds_width": 4,
				"visible_bounds_height": 4.5,
				"visible_bounds_offset": [0, 0.75, 0]
			},
			"bones": [
				{
					"name": "root",
					"pivot": [0, 0, 0]
				},
				{
					"name": "waist",
					"parent": "root",
					"pivot": [0, 12, 0]
				},
				{
					"name": "body",
					"parent": "waist",
					"pivot": [0, 24, 0],
					"cubes": [
						{"origin": [-4, 12, -2], "size": [8, 12, 4], "uv": [104, 112]},
						{
							"origin": [-1, 11, 2],
							"size": [2, 2, 2],
							"pivot": [0, 12, 2],
							"rotation": [-10, 0, 0],
							"uv": {
								"north": {"uv": [40, 9], "uv_size": [2, 2]},
								"east": {"uv": [22, 40], "uv_size": [2, 2]},
								"south": {"uv": [24, 40], "uv_size": [2, 2]},
								"west": {"uv": [40, 25], "uv_size": [2, 2]},
								"up": {"uv": [26, 40], "uv_size": [2, 2]},
								"down": {"uv": [40, 29], "uv_size": [2, -2]}
							}
						}
					]
				},
				{
					"name": "cape",
					"parent": "body",
					"pivot": [0, 24, 3]
				},
				{
					"name": "head",
					"parent": "body",
					"pivot": [0, 24, 0],
					"cubes": [
						{"origin": [-4.08, 23.92, -4.08], "size": [8.16, 8.16, 8.16], "uv": [32, 48]},
						{
							"origin": [-3, 31, 0],
							"size": [2, 4, 1],
							"pivot": [-3, 32, 0],
							"rotation": [10, 0, -10],
							"uv": {
								"north": {"uv": [2, 40], "uv_size": [2, 4]},
								"east": {"uv": [19, 40], "uv_size": [1, 4]},
								"south": {"uv": [4, 40], "uv_size": [2, 4]},
								"west": {"uv": [20, 40], "uv_size": [1, 4]},
								"up": {"uv": [40, 11], "uv_size": [2, 1]},
								"down": {"uv": [28, 41], "uv_size": [2, -1]}
							}
						},
						{
							"origin": [1, 31, 0],
							"size": [2, 4, 1],
							"pivot": [3, 32, 0],
							"rotation": [10, 0, 10],
							"uv": {
								"north": {"uv": [40, 5], "uv_size": [2, 4]},
								"east": {"uv": [21, 40], "uv_size": [1, 4]},
								"south": {"uv": [6, 40], "uv_size": [2, 4]},
								"west": {"uv": [40, 21], "uv_size": [1, 4]},
								"up": {"uv": [40, 30], "uv_size": [2, 1]},
								"down": {"uv": [40, 32], "uv_size": [2, -1]}
							}
						},
						{
							"origin": [-3.01685, 35.09556, 1.36544],
							"size": [2, 5, 1],
							"pivot": [-3.01685, 32.09556, 1.36544],
							"rotation": [35, 0, -10],
							"uv": {
								"north": {"uv": [36, 36], "uv_size": [2, 5]},
								"east": {"uv": [16, 40], "uv_size": [1, 5]},
								"south": {"uv": [38, 36], "uv_size": [2, 5]},
								"west": {"uv": [40, 16], "uv_size": [1, 5]},
								"up": {"uv": [40, 29], "uv_size": [2, 1]},
								"down": {"uv": [30, 41], "uv_size": [2, -1]}
							}
						},
						{
							"origin": [1.01685, 35.09556, 1.36544],
							"size": [2, 5, 1],
							"pivot": [3.01685, 32.09556, 1.36544],
							"rotation": [35, 0, 10],
							"uv": {
								"north": {"uv": [0, 40], "uv_size": [2, 5]},
								"east": {"uv": [17, 40], "uv_size": [1, 5]},
								"south": {"uv": [40, 0], "uv_size": [2, 5]},
								"west": {"uv": [18, 40], "uv_size": [1, 5]},
								"up": {"uv": [32, 40], "uv_size": [2, 1]},
								"down": {"uv": [40, 33], "uv_size": [2, -1]}
							}
						}
					]
				},
				{
					"name": "rightArm",
					"parent": "body",
					"pivot": [-5, 22, 0],
					"cubes": [
						{
							"origin": [-8, 12, -2],
							"size": [4, 12, 4],
							"uv": {
								"north": {"uv": [24, 0], "uv_size": [4, 12]},
								"east": {"uv": [24, 12], "uv_size": [4, 12]},
								"south": {"uv": [16, 24], "uv_size": [4, 12]},
								"west": {"uv": [20, 24], "uv_size": [4, 12]},
								"up": {"uv": [36, 16], "uv_size": [4, 4]},
								"down": {"uv": [36, 24], "uv_size": [4, -4]}
							}
						}
					]
				},
				{
					"name": "leftArm",
					"parent": "body",
					"pivot": [5, 22, 0],
					"cubes": [
						{
							"origin": [4, 12, -2],
							"size": [4, 12, 4],
							"uv": {
								"north": {"uv": [24, 24], "uv_size": [4, 12]},
								"east": {"uv": [0, 28], "uv_size": [4, 12]},
								"south": {"uv": [28, 0], "uv_size": [4, 12]},
								"west": {"uv": [4, 28], "uv_size": [4, 12]},
								"up": {"uv": [24, 36], "uv_size": [4, 4]},
								"down": {"uv": [36, 28], "uv_size": [4, -4]}
							}
						}
					]
				},
				{
					"name": "leftLeg",
					"parent": "root",
					"pivot": [1.9, 12, 0],
					"cubes": [
						{"origin": [-0.1, 0, -2], "size": [4, 12, 4], "uv": [112, 112]}
					]
				},
				{
					"name": "rightLeg",
					"parent": "root",
					"pivot": [-1.9, 12, 0],
					"cubes": [
						{"origin": [-3.9, 0, -2], "size": [4, 12, 4], "uv": [112, 112]}
					]
				}
			]
		}
	]
}