{
	"format_version": "1.12.0",
	"minecraft:geometry": [
		{
			"description": {
				"identifier": "geometry.mochiab",
				"texture_width": 256,
				"texture_height": 256,
				"visible_bounds_width": 24,
				"visible_bounds_height": 14,
				"visible_bounds_offset": [0, 5, 0]
			},
			"bones": [
				{
					"name": "Mochimochi",
					"pivot": [0, 0, 0]
				},
				{
					"name": "rightMochiArm",
					"parent": "Mochimochi",
					"pivot": [-85.875, 150, 81.6033],
					"rotation": [-61.40707, -27.77385, 136.60391],
					"cubes": [
						{
							"origin": [-108.36902, 126.22848, 78.24879],
							"size": [46.08302, 47.54302, 13.70914],
							"pivot": [-85.3275, 150, 85.10336],
							"rotation": [0, 0, 40],
							"uv": {
								"north": {"uv": [243, 104], "uv_size": [13, 13]},
								"east": {"uv": [243, 83], "uv_size": [13, 13]},
								"south": {"uv": [243, 104], "uv_size": [13, 13]},
								"west": {"uv": [243, 83], "uv_size": [13, 13]},
								"up": {"uv": [256, 96], "uv_size": [-13, -13]},
								"down": {"uv": [256, 96], "uv_size": [-13, -13]}
							}
						}
					]
				},
				{
					"name": "arm",
					"parent": "rightMochiArm",
					"pivot": [-104.86, 185.42, 97.19413],
					"cubes": [
						{
							"origin": [-96.90372, 139.15378, -105.35348],
							"size": [21.69246, 21.69246, 20.29017],
							"uv": {
								"north": {"uv": [52, 52], "uv_size": [15, 15]},
								"east": {"uv": [52, 82], "uv_size": [14, 15]},
								"south": {"uv": [52, 67], "uv_size": [15, 15]},
								"west": {"uv": [82, 52], "uv_size": [14, 15]},
								"up": {"uv": [66, 82], "uv_size": [15, 14]},
								"down": {"uv": [82, 81], "uv_size": [15, -14]}
							}
						},
						{
							"origin": [-93.66985, 142.38765, -87.35419],
							"size": [15.2247, 15.2247, 8.85816],
							"uv": {
								"north": {"uv": [144, 91], "uv_size": [10, 10]},
								"east": {"uv": [88, 110], "uv_size": [6, 10]},
								"south": {"uv": [115, 144], "uv_size": [10, 10]},
								"west": {"uv": [173, 182], "uv_size": [6, 10]},
								"up": {"uv": [147, 59], "uv_size": [10, 6]},
								"down": {"uv": [78, 155], "uv_size": [10, -6]}
							}
						},
						{
							"origin": [-95.22902, 140.82848, -79.43121],
							"size": [18.34302, 18.34302, 156.78914],
							"uv": {
								"north": {"uv": [95, 96], "uv_size": [13, 13]},
								"east": {"uv": [0, 0], "uv_size": [107, 13]},
								"south": {"uv": [52, 97], "uv_size": [13, 13]},
								"west": {"uv": [0, 0], "uv_size": [107, 13]},
								"up": {"uv": [0, 26], "uv_size": [13, 107]},
								"down": {"uv": [0, 133], "uv_size": [13, -107]}
							}
						}
					]
				},
				{
					"name": "leftMochiArm",
					"parent": "Mochimochi",
					"pivot": [85.875, 150, 81.6033],
					"rotation": [-61.40707, 27.77385, -136.60391],
					"cubes": [
						{
							"origin": [62.286, 126.22848, 78.24879],
							"size": [46.08302, 47.54302, 13.70914],
							"pivot": [85.3275, 150, 85.10336],
							"rotation": [0, 0, -40],
							"uv": {
								"north": {"uv": [256, 104], "uv_size": [-13, 13]},
								"east": {"uv": [256, 83], "uv_size": [-13, 13]},
								"south": {"uv": [256, 104], "uv_size": [-13, 13]},
								"west": {"uv": [256, 83], "uv_size": [-13, 13]},
								"up": {"uv": [243, 96], "uv_size": [13, -13]},
								"down": {"uv": [243, 96], "uv_size": [13, -13]}
							}
						}
					]
				},
				{
					"name": "arm2",
					"parent": "leftMochiArm",
					"pivot": [104.86, 185.42, 97.19413],
					"cubes": [
						{
							"origin": [75.21126, 139.15378, -105.35348],
							"size": [21.69246, 21.69246, 20.29017],
							"uv": {
								"north": {"uv": [67, 52], "uv_size": [-15, 15]},
								"east": {"uv": [96, 52], "uv_size": [-14, 15]},
								"south": {"uv": [67, 67], "uv_size": [-15, 15]},
								"west": {"uv": [66, 82], "uv_size": [-14, 15]},
								"up": {"uv": [81, 82], "uv_size": [-15, 14]},
								"down": {"uv": [97, 81], "uv_size": [-15, -14]}
							}
						},
						{
							"origin": [78.44515, 142.38765, -87.35419],
							"size": [15.2247, 15.2247, 8.85816],
							"uv": {
								"north": {"uv": [154, 91], "uv_size": [-10, 10]},
								"east": {"uv": [179, 182], "uv_size": [-6, 10]},
								"south": {"uv": [125, 144], "uv_size": [-10, 10]},
								"west": {"uv": [94, 110], "uv_size": [-6, 10]},
								"up": {"uv": [157, 59], "uv_size": [-10, 6]},
								"down": {"uv": [88, 155], "uv_size": [-10, -6]}
							}
						},
						{
							"origin": [76.886, 140.82848, -79.43121],
							"size": [18.34302, 18.34302, 156.78914],
							"uv": {
								"north": {"uv": [108, 96], "uv_size": [-13, 13]},
								"east": {"uv": [107, 0], "uv_size": [-107, 13]},
								"south": {"uv": [65, 97], "uv_size": [-13, 13]},
								"west": {"uv": [107, 0], "uv_size": [-107, 13]},
								"up": {"uv": [13, 26], "uv_size": [-13, 107]},
								"down": {"uv": [13, 133], "uv_size": [-13, -107]}
							}
						}
					]
				},
				{
					"name": "leftMochiArm2",
					"parent": "Mochimochi",
					"pivot": [85.875, 150, -81.6033],
					"rotation": [61.40707, -27.77385, -136.60391],
					"cubes": [
						{
							"origin": [62.286, 126.22848, -91.95793],
							"size": [46.08302, 47.54302, 13.70914],
							"pivot": [85.3275, 150, -85.10336],
							"rotation": [0, 0, -40],
							"uv": {
								"north": {"uv": [243, 104], "uv_size": [13, 13]},
								"east": {"uv": [243, 83], "uv_size": [13, 13]},
								"south": {"uv": [243, 104], "uv_size": [13, 13]},
								"west": {"uv": [243, 83], "uv_size": [13, 13]},
								"up": {"uv": [243, 83], "uv_size": [13, 13]},
								"down": {"uv": [243, 83], "uv_size": [13, 13]}
							}
						}
					]
				},
				{
					"name": "arm3",
					"parent": "leftMochiArm2",
					"pivot": [104.86, 185.42, -97.19413],
					"cubes": [
						{
							"origin": [75.21126, 139.15378, 85.06331],
							"size": [21.69246, 21.69246, 20.29017],
							"uv": {
								"north": {"uv": [52, 67], "uv_size": [15, 15]},
								"east": {"uv": [82, 52], "uv_size": [14, 15]},
								"south": {"uv": [52, 52], "uv_size": [15, 15]},
								"west": {"uv": [52, 82], "uv_size": [14, 15]},
								"up": {"uv": [81, 96], "uv_size": [-15, -14]},
								"down": {"uv": [97, 67], "uv_size": [-15, 14]}
							}
						},
						{
							"origin": [78.44515, 142.38765, 78.49604],
							"size": [15.2247, 15.2247, 8.85816],
							"uv": {
								"north": {"uv": [115, 144], "uv_size": [10, 10]},
								"east": {"uv": [173, 182], "uv_size": [6, 10]},
								"south": {"uv": [144, 91], "uv_size": [10, 10]},
								"west": {"uv": [88, 110], "uv_size": [6, 10]},
								"up": {"uv": [157, 65], "uv_size": [-10, -6]},
								"down": {"uv": [88, 149], "uv_size": [-10, 6]}
							}
						},
						{
							"origin": [76.886, 140.82848, -77.35793],
							"size": [18.34302, 18.34302, 156.78914],
							"uv": {
								"north": {"uv": [52, 97], "uv_size": [13, 13]},
								"east": {"uv": [0, 0], "uv_size": [107, 13]},
								"south": {"uv": [95, 96], "uv_size": [13, 13]},
								"west": {"uv": [0, 0], "uv_size": [107, 13]},
								"up": {"uv": [13, 133], "uv_size": [-13, -107]},
								"down": {"uv": [13, 26], "uv_size": [-13, 107]}
							}
						}
					]
				},
				{
					"name": "rightMochiArm2",
					"parent": "Mochimochi",
					"pivot": [-85.875, 150, -81.6033],
					"rotation": [61.40707, 27.77385, 136.60391],
					"cubes": [
						{
							"origin": [-108.36902, 126.22848, -91.95793],
							"size": [46.08302, 47.54302, 13.70914],
							"pivot": [-85.3275, 150, -85.10336],
							"rotation": [0, 0, 40],
							"uv": {
								"north": {"uv": [256, 104], "uv_size": [-13, 13]},
								"east": {"uv": [256, 83], "uv_size": [-13, 13]},
								"south": {"uv": [256, 104], "uv_size": [-13, 13]},
								"west": {"uv": [256, 83], "uv_size": [-13, 13]},
								"up": {"uv": [256, 83], "uv_size": [-13, 13]},
								"down": {"uv": [256, 83], "uv_size": [-13, 13]}
							}
						}
					]
				},
				{
					"name": "arm4",
					"parent": "rightMochiArm2",
					"pivot": [-104.86, 185.42, -97.19413],
					"cubes": [
						{
							"origin": [-96.90372, 139.15378, 85.06331],
							"size": [21.69246, 21.69246, 20.29017],
							"uv": {
								"north": {"uv": [67, 67], "uv_size": [-15, 15]},
								"east": {"uv": [66, 82], "uv_size": [-14, 15]},
								"south": {"uv": [67, 52], "uv_size": [-15, 15]},
								"west": {"uv": [96, 52], "uv_size": [-14, 15]},
								"up": {"uv": [66, 96], "uv_size": [15, -14]},
								"down": {"uv": [82, 67], "uv_size": [15, 14]}
							}
						},
						{
							"origin": [-93.66985, 142.38765, 78.49604],
							"size": [15.2247, 15.2247, 8.85816],
							"uv": {
								"north": {"uv": [125, 144], "uv_size": [-10, 10]},
								"east": {"uv": [94, 110], "uv_size": [-6, 10]},
								"south": {"uv": [154, 91], "uv_size": [-10, 10]},
								"west": {"uv": [179, 182], "uv_size": [-6, 10]},
								"up": {"uv": [147, 65], "uv_size": [10, -6]},
								"down": {"uv": [78, 149], "uv_size": [10, 6]}
							}
						},
						{
							"origin": [-95.22902, 140.82848, -77.35793],
							"size": [18.34302, 18.34302, 156.78914],
							"uv": {
								"north": {"uv": [65, 97], "uv_size": [-13, 13]},
								"east": {"uv": [107, 0], "uv_size": [-107, 13]},
								"south": {"uv": [108, 96], "uv_size": [-13, 13]},
								"west": {"uv": [107, 0], "uv_size": [-107, 13]},
								"up": {"uv": [0, 133], "uv_size": [13, -107]},
								"down": {"uv": [0, 26], "uv_size": [13, 107]}
							}
						}
					]
				},
				{
					"name": "rightMochiArm3",
					"parent": "Mochimochi",
					"pivot": [-125.875, 141, -14.6033],
					"rotation": [81.63164, 67.60513, 130.53468],
					"cubes": [
						{
							"origin": [-148.36902, 117.22848, -24.95793],
							"size": [46.08302, 47.54302, 13.70914],
							"pivot": [-125.3275, 141, -18.10336],
							"rotation": [0, 0, 40],
							"uv": {
								"north": {"uv": [256, 104], "uv_size": [-13, 13]},
								"east": {"uv": [256, 83], "uv_size": [-13, 13]},
								"south": {"uv": [256, 104], "uv_size": [-13, 13]},
								"west": {"uv": [256, 83], "uv_size": [-13, 13]},
								"up": {"uv": [256, 83], "uv_size": [-13, 13]},
								"down": {"uv": [256, 83], "uv_size": [-13, 13]}
							}
						}
					]
				},
				{
					"name": "arm5",
					"parent": "rightMochiArm3",
					"pivot": [-144.86, 176.42, -30.19413],
					"cubes": [
						{
							"origin": [-136.90372, 130.15378, 152.06331],
							"size": [21.69246, 21.69246, 20.29017],
							"uv": {
								"north": {"uv": [67, 67], "uv_size": [-15, 15]},
								"east": {"uv": [66, 82], "uv_size": [-14, 15]},
								"south": {"uv": [67, 52], "uv_size": [-15, 15]},
								"west": {"uv": [96, 52], "uv_size": [-14, 15]},
								"up": {"uv": [66, 96], "uv_size": [15, -14]},
								"down": {"uv": [82, 67], "uv_size": [15, 14]}
							}
						},
						{
							"origin": [-133.66985, 133.38765, 145.49604],
							"size": [15.2247, 15.2247, 8.85816],
							"uv": {
								"north": {"uv": [125, 144], "uv_size": [-10, 10]},
								"east": {"uv": [94, 110], "uv_size": [-6, 10]},
								"south": {"uv": [154, 91], "uv_size": [-10, 10]},
								"west": {"uv": [179, 182], "uv_size": [-6, 10]},
								"up": {"uv": [147, 65], "uv_size": [10, -6]},
								"down": {"uv": [78, 149], "uv_size": [10, 6]}
							}
						},
						{
							"origin": [-135.22902, 131.82848, -10.35793],
							"size": [18.34302, 18.34302, 156.78914],
							"uv": {
								"north": {"uv": [65, 97], "uv_size": [-13, 13]},
								"east": {"uv": [107, 0], "uv_size": [-107, 13]},
								"south": {"uv": [108, 96], "uv_size": [-13, 13]},
								"west": {"uv": [107, 0], "uv_size": [-107, 13]},
								"up": {"uv": [0, 133], "uv_size": [13, -107]},
								"down": {"uv": [0, 26], "uv_size": [13, 107]}
							}
						}
					]
				},
				{
					"name": "leftMochiArm3",
					"parent": "Mochimochi",
					"pivot": [125.875, 141, -14.6033],
					"rotation": [81.63164, -67.60513, -130.53468],
					"cubes": [
						{
							"origin": [102.286, 117.22848, -24.95793],
							"size": [46.08302, 47.54302, 13.70914],
							"pivot": [125.3275, 141, -18.10336],
							"rotation": [0, 0, -40],
							"uv": {
								"north": {"uv": [243, 104], "uv_size": [13, 13]},
								"east": {"uv": [243, 83], "uv_size": [13, 13]},
								"south": {"uv": [243, 104], "uv_size": [13, 13]},
								"west": {"uv": [243, 83], "uv_size": [13, 13]},
								"up": {"uv": [243, 83], "uv_size": [13, 13]},
								"down": {"uv": [243, 83], "uv_size": [13, 13]}
							}
						}
					]
				},
				{
					"name": "arm6",
					"parent": "leftMochiArm3",
					"pivot": [144.86, 176.42, -30.19413],
					"cubes": [
						{
							"origin": [115.21126, 130.15378, 152.06331],
							"size": [21.69246, 21.69246, 20.29017],
							"uv": {
								"north": {"uv": [52, 67], "uv_size": [15, 15]},
								"east": {"uv": [82, 52], "uv_size": [14, 15]},
								"south": {"uv": [52, 52], "uv_size": [15, 15]},
								"west": {"uv": [52, 82], "uv_size": [14, 15]},
								"up": {"uv": [81, 96], "uv_size": [-15, -14]},
								"down": {"uv": [97, 67], "uv_size": [-15, 14]}
							}
						},
						{
							"origin": [118.44515, 133.38765, 145.49604],
							"size": [15.2247, 15.2247, 8.85816],
							"uv": {
								"north": {"uv": [115, 144], "uv_size": [10, 10]},
								"east": {"uv": [173, 182], "uv_size": [6, 10]},
								"south": {"uv": [144, 91], "uv_size": [10, 10]},
								"west": {"uv": [88, 110], "uv_size": [6, 10]},
								"up": {"uv": [157, 65], "uv_size": [-10, -6]},
								"down": {"uv": [88, 149], "uv_size": [-10, 6]}
							}
						},
						{
							"origin": [116.886, 131.82848, -10.35793],
							"size": [18.34302, 18.34302, 156.78914],
							"uv": {
								"north": {"uv": [52, 97], "uv_size": [13, 13]},
								"east": {"uv": [0, 0], "uv_size": [107, 13]},
								"south": {"uv": [95, 96], "uv_size": [13, 13]},
								"west": {"uv": [0, 0], "uv_size": [107, 13]},
								"up": {"uv": [13, 133], "uv_size": [-13, -107]},
								"down": {"uv": [13, 26], "uv_size": [-13, 107]}
							}
						}
					]
				},
				{
					"name": "leftMochiArm4",
					"parent": "Mochimochi",
					"pivot": [65.875, 69, 154.6033],
					"rotation": [-9.49057, 27.20244, -69.08716],
					"cubes": [
						{
							"origin": [42.286, 45.22848, 151.24879],
							"size": [46.08302, 47.54302, 13.70914],
							"pivot": [65.3275, 69, 158.10336],
							"rotation": [0, 0, -40],
							"uv": {
								"north": {"uv": [256, 104], "uv_size": [-13, 13]},
								"east": {"uv": [256, 83], "uv_size": [-13, 13]},
								"south": {"uv": [256, 104], "uv_size": [-13, 13]},
								"west": {"uv": [256, 83], "uv_size": [-13, 13]},
								"up": {"uv": [243, 96], "uv_size": [13, -13]},
								"down": {"uv": [243, 96], "uv_size": [13, -13]}
							}
						}
					]
				},
				{
					"name": "arm7",
					"parent": "leftMochiArm4",
					"pivot": [84.86, 104.42, 170.19413],
					"cubes": [
						{
							"origin": [55.21126, 58.15378, -32.35348],
							"size": [21.69246, 21.69246, 20.29017],
							"uv": {
								"north": {"uv": [67, 52], "uv_size": [-15, 15]},
								"east": {"uv": [96, 52], "uv_size": [-14, 15]},
								"south": {"uv": [67, 67], "uv_size": [-15, 15]},
								"west": {"uv": [66, 82], "uv_size": [-14, 15]},
								"up": {"uv": [81, 82], "uv_size": [-15, 14]},
								"down": {"uv": [97, 81], "uv_size": [-15, -14]}
							}
						},
						{
							"origin": [58.44515, 61.38765, -14.35419],
							"size": [15.2247, 15.2247, 8.85816],
							"uv": {
								"north": {"uv": [154, 91], "uv_size": [-10, 10]},
								"east": {"uv": [179, 182], "uv_size": [-6, 10]},
								"south": {"uv": [125, 144], "uv_size": [-10, 10]},
								"west": {"uv": [94, 110], "uv_size": [-6, 10]},
								"up": {"uv": [157, 59], "uv_size": [-10, 6]},
								"down": {"uv": [88, 155], "uv_size": [-10, -6]}
							}
						},
						{
							"origin": [56.886, 59.82848, -6.43121],
							"size": [18.34302, 18.34302, 156.78914],
							"uv": {
								"north": {"uv": [108, 96], "uv_size": [-13, 13]},
								"east": {"uv": [107, 0], "uv_size": [-107, 13]},
								"south": {"uv": [65, 97], "uv_size": [-13, 13]},
								"west": {"uv": [107, 0], "uv_size": [-107, 13]},
								"up": {"uv": [13, 26], "uv_size": [-13, 107]},
								"down": {"uv": [13, 133], "uv_size": [-13, -107]}
							}
						}
					]
				},
				{
					"name": "rightMochiArm4",
					"parent": "Mochimochi",
					"pivot": [-65.875, 69, 154.6033],
					"rotation": [-9.49057, -27.20244, 69.08716],
					"cubes": [
						{
							"origin": [-88.36902, 45.22848, 151.24879],
							"size": [46.08302, 47.54302, 13.70914],
							"pivot": [-65.3275, 69, 158.10336],
							"rotation": [0, 0, 40],
							"uv": {
								"north": {"uv": [243, 104], "uv_size": [13, 13]},
								"east": {"uv": [243, 83], "uv_size": [13, 13]},
								"south": {"uv": [243, 104], "uv_size": [13, 13]},
								"west": {"uv": [243, 83], "uv_size": [13, 13]},
								"up": {"uv": [256, 96], "uv_size": [-13, -13]},
								"down": {"uv": [256, 96], "uv_size": [-13, -13]}
							}
						}
					]
				},
				{
					"name": "arm8",
					"parent": "rightMochiArm4",
					"pivot": [-84.86, 104.42, 170.19413],
					"cubes": [
						{
							"origin": [-76.90372, 58.15378, -32.35348],
							"size": [21.69246, 21.69246, 20.29017],
							"uv": {
								"north": {"uv": [52, 52], "uv_size": [15, 15]},
								"east": {"uv": [52, 82], "uv_size": [14, 15]},
								"south": {"uv": [52, 67], "uv_size": [15, 15]},
								"west": {"uv": [82, 52], "uv_size": [14, 15]},
								"up": {"uv": [66, 82], "uv_size": [15, 14]},
								"down": {"uv": [82, 81], "uv_size": [15, -14]}
							}
						},
						{
							"origin": [-73.66985, 61.38765, -14.35419],
							"size": [15.2247, 15.2247, 8.85816],
							"uv": {
								"north": {"uv": [144, 91], "uv_size": [10, 10]},
								"east": {"uv": [88, 110], "uv_size": [6, 10]},
								"south": {"uv": [115, 144], "uv_size": [10, 10]},
								"west": {"uv": [173, 182], "uv_size": [6, 10]},
								"up": {"uv": [147, 59], "uv_size": [10, 6]},
								"down": {"uv": [78, 155], "uv_size": [10, -6]}
							}
						},
						{
							"origin": [-75.22902, 59.82848, -6.43121],
							"size": [18.34302, 18.34302, 156.78914],
							"uv": {
								"north": {"uv": [95, 96], "uv_size": [13, 13]},
								"east": {"uv": [0, 0], "uv_size": [107, 13]},
								"south": {"uv": [52, 97], "uv_size": [13, 13]},
								"west": {"uv": [0, 0], "uv_size": [107, 13]},
								"up": {"uv": [0, 26], "uv_size": [13, 107]},
								"down": {"uv": [0, 133], "uv_size": [13, -107]}
							}
						}
					]
				},
				{
					"name": "rightMochiArm5",
					"parent": "Mochimochi",
					"pivot": [-65.875, 69, -154.6033],
					"rotation": [9.49057, 27.20244, 69.08716],
					"cubes": [
						{
							"origin": [-88.36902, 45.22848, -164.95793],
							"size": [46.08302, 47.54302, 13.70914],
							"pivot": [-65.3275, 69, -158.10336],
							"rotation": [0, 0, 40],
							"uv": {
								"north": {"uv": [256, 104], "uv_size": [-13, 13]},
								"east": {"uv": [256, 83], "uv_size": [-13, 13]},
								"south": {"uv": [256, 104], "uv_size": [-13, 13]},
								"west": {"uv": [256, 83], "uv_size": [-13, 13]},
								"up": {"uv": [256, 83], "uv_size": [-13, 13]},
								"down": {"uv": [256, 83], "uv_size": [-13, 13]}
							}
						}
					]
				},
				{
					"name": "arm9",
					"parent": "rightMochiArm5",
					"pivot": [-84.86, 104.42, -170.19413],
					"cubes": [
						{
							"origin": [-76.90372, 58.15378, 12.06331],
							"size": [21.69246, 21.69246, 20.29017],
							"uv": {
								"north": {"uv": [67, 67], "uv_size": [-15, 15]},
								"east": {"uv": [66, 82], "uv_size": [-14, 15]},
								"south": {"uv": [67, 52], "uv_size": [-15, 15]},
								"west": {"uv": [96, 52], "uv_size": [-14, 15]},
								"up": {"uv": [66, 96], "uv_size": [15, -14]},
								"down": {"uv": [82, 67], "uv_size": [15, 14]}
							}
						},
						{
							"origin": [-73.66985, 61.38765, 5.49604],
							"size": [15.2247, 15.2247, 8.85816],
							"uv": {
								"north": {"uv": [125, 144], "uv_size": [-10, 10]},
								"east": {"uv": [94, 110], "uv_size": [-6, 10]},
								"south": {"uv": [154, 91], "uv_size": [-10, 10]},
								"west": {"uv": [179, 182], "uv_size": [-6, 10]},
								"up": {"uv": [147, 65], "uv_size": [10, -6]},
								"down": {"uv": [78, 149], "uv_size": [10, 6]}
							}
						},
						{
							"origin": [-75.22902, 59.82848, -150.35793],
							"size": [18.34302, 18.34302, 156.78914],
							"uv": {
								"north": {"uv": [65, 97], "uv_size": [-13, 13]},
								"east": {"uv": [107, 0], "uv_size": [-107, 13]},
								"south": {"uv": [108, 96], "uv_size": [-13, 13]},
								"west": {"uv": [107, 0], "uv_size": [-107, 13]},
								"up": {"uv": [0, 133], "uv_size": [13, -107]},
								"down": {"uv": [0, 26], "uv_size": [13, 107]}
							}
						}
					]
				},
				{
					"name": "leftMochiArm5",
					"parent": "Mochimochi",
					"pivot": [65.875, 69, -154.6033],
					"rotation": [9.49057, -27.20244, -69.08716],
					"cubes": [
						{
							"origin": [42.286, 45.22848, -164.95793],
							"size": [46.08302, 47.54302, 13.70914],
							"pivot": [65.3275, 69, -158.10336],
							"rotation": [0, 0, -40],
							"uv": {
								"north": {"uv": [243, 104], "uv_size": [13, 13]},
								"east": {"uv": [243, 83], "uv_size": [13, 13]},
								"south": {"uv": [243, 104], "uv_size": [13, 13]},
								"west": {"uv": [243, 83], "uv_size": [13, 13]},
								"up": {"uv": [243, 83], "uv_size": [13, 13]},
								"down": {"uv": [243, 83], "uv_size": [13, 13]}
							}
						}
					]
				},
				{
					"name": "arm10",
					"parent": "leftMochiArm5",
					"pivot": [84.86, 104.42, -170.19413],
					"cubes": [
						{
							"origin": [55.21126, 58.15378, 12.06331],
							"size": [21.69246, 21.69246, 20.29017],
							"uv": {
								"north": {"uv": [52, 67], "uv_size": [15, 15]},
								"east": {"uv": [82, 52], "uv_size": [14, 15]},
								"south": {"uv": [52, 52], "uv_size": [15, 15]},
								"west": {"uv": [52, 82], "uv_size": [14, 15]},
								"up": {"uv": [81, 96], "uv_size": [-15, -14]},
								"down": {"uv": [97, 67], "uv_size": [-15, 14]}
							}
						},
						{
							"origin": [58.44515, 61.38765, 5.49604],
							"size": [15.2247, 15.2247, 8.85816],
							"uv": {
								"north": {"uv": [115, 144], "uv_size": [10, 10]},
								"east": {"uv": [173, 182], "uv_size": [6, 10]},
								"south": {"uv": [144, 91], "uv_size": [10, 10]},
								"west": {"uv": [88, 110], "uv_size": [6, 10]},
								"up": {"uv": [157, 65], "uv_size": [-10, -6]},
								"down": {"uv": [88, 149], "uv_size": [-10, 6]}
							}
						},
						{
							"origin": [56.886, 59.82848, -150.35793],
							"size": [18.34302, 18.34302, 156.78914],
							"uv": {
								"north": {"uv": [52, 97], "uv_size": [13, 13]},
								"east": {"uv": [0, 0], "uv_size": [107, 13]},
								"south": {"uv": [95, 96], "uv_size": [13, 13]},
								"west": {"uv": [0, 0], "uv_size": [107, 13]},
								"up": {"uv": [13, 133], "uv_size": [-13, -107]},
								"down": {"uv": [13, 26], "uv_size": [-13, 107]}
							}
						}
					]
				}
			]
		}
	]
}