{
	"format_version": "1.12.0",
	"minecraft:geometry": [
		{
			"description": {
				"identifier": "geometry.neko",
				"texture_width": 32,
				"texture_height": 32,
				"visible_bounds_width": 3,
				"visible_bounds_height": 3.5,
				"visible_bounds_offset": [0, 1.25, 0]
			},
			"bones": [
				{
					"name": "bb_main",
					"pivot": [0, 0, 0],
					"cubes": [
						{
							"origin": [-8, 12, -2],
							"size": [4, 12, 4],
							"uv": {
								"north": {"uv": [32, 28.5], "uv_size": [-5.25, 3.5]},
								"east": {"uv": [32, 28.5], "uv_size": [-5.25, 3.5]},
								"south": {"uv": [32, 28.5], "uv_size": [-5.25, 3.5]},
								"west": {"uv": [32, 28.5], "uv_size": [-5.25, 3.5]},
								"up": {"uv": [26.75, 32], "uv_size": [5.25, -3.5]},
								"down": {"uv": [26.75, 32], "uv_size": [5.25, -3.5]}
							}
						}
					]
				},
				{
					"name": "rightArm",
					"pivot": [-5, 22, 0]
				},
				{
					"name": "rightSleeve",
					"parent": "rightArm",
					"pivot": [-5, 22, 0]
				},
				{
					"name": "nekonekonomi",
					"parent": "rightArm",
					"pivot": [-6.06837, 11.10377, 3.169],
					"rotation": [90, 0, 0],
					"cubes": [
						{
							"origin": [-8.26618, 12.59222, -0.07383],
							"size": [4.53235, 3.53235, 4.53235],
							"uv": {
								"north": {"uv": [0, 0], "uv_size": [5.25, 5.25]},
								"east": {"uv": [0, 0], "uv_size": [5.25, 5.25]},
								"south": {"uv": [0, 0], "uv_size": [5.25, 5.25]},
								"west": {"uv": [0, 0], "uv_size": [5.25, 5.25]},
								"up": {"uv": [0, 12], "uv_size": [5.25, 5.25]},
								"down": {"uv": [12, 5.25], "uv_size": [5.25, -5.25]}
							}
						},
						{
							"origin": [-8.61407, 13.12168, 0.45533],
							"size": [5.22813, 3.46813, 3.46813],
							"uv": {
								"north": {"uv": [0, 0], "uv_size": [5.25, 5.25]},
								"east": {"uv": [0, 0], "uv_size": [5.25, 5.25]},
								"south": {"uv": [0, 0], "uv_size": [5.25, 5.25]},
								"west": {"uv": [0, 0], "uv_size": [5.25, 5.25]},
								"up": {"uv": [0, 12], "uv_size": [5.25, 5.25]},
								"down": {"uv": [12, 5.25], "uv_size": [5.25, -5.25]}
							}
						},
						{
							"origin": [-7.94553, 11.87844, 0.2085],
							"size": [3.89105, 5.89105, 3.89105],
							"uv": {
								"north": {"uv": [0, 0], "uv_size": [5.25, 5.25]},
								"east": {"uv": [0, 6], "uv_size": [5.25, 5.25]},
								"south": {"uv": [0, 0], "uv_size": [5.25, 5.25]},
								"west": {"uv": [0, 0], "uv_size": [5.25, 5.25]},
								"up": {"uv": [0, 12], "uv_size": [5.25, 5.25]},
								"down": {"uv": [12, 5.25], "uv_size": [5.25, -5.25]}
							}
						},
						{
							"origin": [-7.94553, 17.76949, 0.2085],
							"size": [1.89105, 1.89105, 0],
							"pivot": [-7, 17.71501, 0.2085],
							"rotation": [0, 5, -10],
							"uv": {
								"north": {"uv": [2.25, 29.5], "uv_size": [-2.25, 2.5]},
								"east": {"uv": [0, 6], "uv_size": [5.25, 5.25]},
								"south": {"uv": [0, 29.5], "uv_size": [2.25, 2.5]},
								"west": {"uv": [0, 0], "uv_size": [5.25, 5.25]},
								"up": {"uv": [0, 12], "uv_size": [5.25, 5.25]},
								"down": {"uv": [12, 5.25], "uv_size": [5.25, -5.25]}
							}
						},
						{
							"origin": [-5.94553, 17.76949, 0.2085],
							"size": [1.89105, 1.89105, 0],
							"pivot": [-5, 17.71501, 0.2085],
							"rotation": [0, -5, 10],
							"uv": {
								"north": {"uv": [2.25, 29.5], "uv_size": [-2.25, 2.5]},
								"east": {"uv": [0, 6], "uv_size": [5.25, 5.25]},
								"south": {"uv": [0, 29.5], "uv_size": [2.25, 2.5]},
								"west": {"uv": [0, 0], "uv_size": [5.25, 5.25]},
								"up": {"uv": [0, 12], "uv_size": [5.25, 5.25]},
								"down": {"uv": [12, 5.25], "uv_size": [5.25, -5.25]}
							}
						},
						{
							"origin": [-9.61486, 18.09154, 2.15403],
							"size": [6.48208, 2.38208, 0],
							"pivot": [-6.37382, 19.28258, 2.15403],
							"rotation": [0, 0, -27.5],
							"uv": {
								"north": {"uv": [12.5, 12], "uv_size": [-6.5, 2.5]},
								"east": {"uv": [0, 0], "uv_size": [0, 2.5]},
								"south": {"uv": [18.5, 6], "uv_size": [-6.5, 2.5]},
								"west": {"uv": [0, 0], "uv_size": [0, 2.5]},
								"up": {"uv": [6.5, 0], "uv_size": [-6.5, 0]},
								"down": {"uv": [6.5, 0], "uv_size": [-6.5, 0]}
							}
						},
						{
							"origin": [-6.34584, 15.13293, 2.01779],
							"size": [0.48208, 4.38208, 0.48208],
							"uv": {
								"north": {"uv": [13, 9], "uv_size": [0.5, 4.5]},
								"east": {"uv": [14, 9], "uv_size": [0.5, 4.5]},
								"south": {"uv": [13, 14], "uv_size": [0.5, 4.5]},
								"west": {"uv": [14, 14], "uv_size": [0.5, 4.5]},
								"up": {"uv": [12, 9], "uv_size": [0.5, 0.5]},
								"down": {"uv": [12, 10.5], "uv_size": [0.5, -0.5]}
							}
						}
					]
				},
				{
					"name": "Cauda",
					"parent": "nekonekonomi",
					"pivot": [-6.18462, 13.54074, 4.39886],
					"rotation": [26.15697, -29.76212, -13.70122],
					"cubes": [
						{
							"origin": [-6.59462, 12.74806, 3.47774],
							"size": [0.82, 0.82, 3.69],
							"uv": {
								"north": {"uv": [8.25, 6], "uv_size": [1, 5.25]},
								"east": {"uv": [6.5, 7.5], "uv_size": [2.75, -1]},
								"south": {"uv": [8.25, 6], "uv_size": [1, 5.25]},
								"west": {"uv": [6.5, 7.5], "uv_size": [2.75, -1]},
								"up": {"uv": [9.25, 11.25], "uv_size": [-1, -5.25]},
								"down": {"uv": [9.25, 11.25], "uv_size": [-1, -5.25]}
							}
						}
					]
				},
				{
					"name": "bone",
					"parent": "Cauda",
					"pivot": [-6.07569, 13.20426, 7.1759],
					"rotation": [0, -57.5, 0],
					"cubes": [
						{
							"origin": [-6.59462, 14.14274, 12.7103],
							"size": [0.82, 0.82, 4.51],
							"pivot": [-0.18462, 32.27069, 5.40831],
							"rotation": [-17.5, 0, 0],
							"uv": {
								"north": {"uv": [8.25, 6], "uv_size": [1, 5.25]},
								"east": {"uv": [6.5, 7.5], "uv_size": [2.75, -1]},
								"south": {"uv": [8.25, 6], "uv_size": [1, 5.25]},
								"west": {"uv": [6.5, 7.5], "uv_size": [2.75, -1]},
								"up": {"uv": [9.25, 11.25], "uv_size": [-1, -5.25]},
								"down": {"uv": [9.25, 11.25], "uv_size": [-1, -5.25]}
							}
						}
					]
				},
				{
					"name": "bone2",
					"parent": "bone",
					"pivot": [-6.07569, 11.72452, 11.30105],
					"rotation": [60, -65, 0],
					"cubes": [
						{
							"origin": [-6.59462, 16.97309, 23.58731],
							"size": [0.82, 0.82, 4.51],
							"pivot": [-0.18462, 31.64987, 9.86102],
							"rotation": [-40, 0, 0],
							"uv": {
								"north": {"uv": [8.25, 6], "uv_size": [1, 5.25]},
								"east": {"uv": [6.5, 7.5], "uv_size": [2.75, -1]},
								"south": {"uv": [8.25, 6], "uv_size": [1, 5.25]},
								"west": {"uv": [6.5, 7.5], "uv_size": [2.75, -1]},
								"up": {"uv": [9.25, 11.25], "uv_size": [-1, -5.25]},
								"down": {"uv": [9.25, 11.25], "uv_size": [-1, -5.25]}
							}
						}
					]
				},
				{
					"name": "bone3",
					"parent": "bone2",
					"pivot": [-6.07569, 8.84311, 14.64416],
					"rotation": [0, -35, 0],
					"cubes": [
						{
							"origin": [-6.59462, 8.52529, 16.8719],
							"size": [0.82, 0.82, 4.51],
							"pivot": [-0.18462, 27.48651, 16.85075],
							"rotation": [-7.5, 0, 0],
							"uv": {
								"north": {"uv": [8.25, 6], "uv_size": [1, 4.75]},
								"east": {"uv": [6.5, 7.5], "uv_size": [2.75, -1]},
								"south": {"uv": [7.25, 10.75], "uv_size": [1, 0.5]},
								"west": {"uv": [6.5, 7.5], "uv_size": [2.75, -1]},
								"up": {"uv": [9.25, 10.75], "uv_size": [-1, -4.75]},
								"down": {"uv": [9.25, 10.75], "uv_size": [-1, -4.75]}
							}
						}
					]
				}
			]
		}
	]
}