{
	"format_version": "1.12.0",
	"minecraft:geometry": [
		{
			"description": {
				"identifier": "geometry.op",
				"texture_width": 128,
				"texture_height": 128,
				"visible_bounds_width": 4,
				"visible_bounds_height": 2.5,
				"visible_bounds_offset": [0, 0.75, 0]
			},
			"bones": [
				{
					"name": "bb_main",
					"pivot": [0, 0, 0],
					"cubes": [
						{"origin": [-8, 0, -8], "size": [16, 16, 16], "uv": [0, 0]},
						{"origin": [-1, 8, -9], "size": [2, 4, 1], "uv": [0, 0]},
						{"origin": [-19, 0, -8], "size": [11, 16, 16], "uv": [48, 16]},
						{"origin": [8, 0, -8], "size": [11, 16, 16], "uv": [0, 32]}
					]
				}
			]
		}
	]
}