{
	"format_version": "1.12.0",
	"minecraft:geometry": [
		{
			"description": {
				"identifier": "geometry.phoenix_com",
				"texture_width": 128,
				"texture_height": 128,
				"visible_bounds_width": 12,
				"visible_bounds_height": 10,
				"visible_bounds_offset": [0, 3, 0]
			},
			"bones": [
				{
					"name": "root",
					"pivot": [0, 0, 0]
				},
				{
					"name": "waist",
					"parent": "root",
					"pivot": [0, 15.73, 1.21]
				},
				{
					"name": "body",
					"parent": "waist",
					"pivot": [-0.6651, 32.32117, 1.1551],
					"cubes": [
						{
							"origin": [-5.63167, 14.8558, -2.82933],
							"size": [10.164, 16.2624, 7.1148],
							"uv": {
								"north": {"uv": [0, 56], "uv_size": [10, 16]},
								"east": {"uv": [32, 56], "uv_size": [7, 16]},
								"south": {"uv": [10, 56], "uv_size": [10, 16]},
								"west": {"uv": [39, 56], "uv_size": [7, 16]},
								"up": {"uv": [62, 0], "uv_size": [10, 7]},
								"down": {"uv": [62, 14], "uv_size": [10, -7]}
							}
						},
						{
							"origin": [-0.87492, 16.85855, 2.82902],
							"size": [0, 14.7981, 4.8145],
							"uv": {
								"north": {"uv": [0, 0], "uv_size": [0, 9.75]},
								"east": {"uv": [56, 41], "uv_size": [10.75, 9.75]},
								"south": {"uv": [0, 0], "uv_size": [0, 9.75]},
								"west": {"uv": [46, 56], "uv_size": [10.75, 9.75]},
								"up": {"uv": [0, 0], "uv_size": [0, 10.75]},
								"down": {"uv": [0, 10.75], "uv_size": [0, -10.75]}
							}
						},
						{
							"origin": [5.12508, 24.85855, -9.64352],
							"size": [0, 7.7981, 4.8145],
							"pivot": [-0.87492, 24.2576, -5.23627],
							"rotation": [78.64293, -65.44683, -46.35707],
							"uv": {
								"north": {"uv": [0, 0], "uv_size": [0, 9.75]},
								"east": {"uv": [66.75, 41], "uv_size": [-10.75, 9.75]},
								"south": {"uv": [0, 0], "uv_size": [0, 9.75]},
								"west": {"uv": [56.75, 56], "uv_size": [-10.75, 9.75]},
								"up": {"uv": [0, 10.75], "uv_size": [0, -10.75]},
								"down": {"uv": [0, 0], "uv_size": [0, 10.75]}
							}
						},
						{
							"origin": [-5.12508, 24.85855, -9.64352],
							"size": [0, 7.7981, 4.8145],
							"pivot": [0.87492, 24.2576, -5.23627],
							"rotation": [78.64293, 65.44683, 46.35707],
							"uv": {
								"north": {"uv": [0, 0], "uv_size": [0, 9.75]},
								"east": {"uv": [46, 56], "uv_size": [10.75, 9.75]},
								"south": {"uv": [0, 0], "uv_size": [0, 9.75]},
								"west": {"uv": [56, 41], "uv_size": [10.75, 9.75]},
								"up": {"uv": [0, 10.75], "uv_size": [0, -10.75]},
								"down": {"uv": [0, 0], "uv_size": [0, 10.75]}
							}
						},
						{
							"origin": [-3.59887, 29.00418, -1.41662],
							"size": [6.0984, 7.1148, 5.082],
							"pivot": [-0.54967, 30.04765, 0.50428],
							"rotation": [22.5, 0, 0],
							"uv": {
								"north": {"uv": [67, 55], "uv_size": [6, 7]},
								"east": {"uv": [72, 0], "uv_size": [5, 7]},
								"south": {"uv": [60, 67], "uv_size": [6, 7]},
								"west": {"uv": [72, 7], "uv_size": [5, 7]},
								"up": {"uv": [31, 72], "uv_size": [6, 5]},
								"down": {"uv": [37, 77], "uv_size": [6, -5]}
							}
						},
						{
							"origin": [-5.63167, 14.8558, -4.86213],
							"size": [10.164, 8.1312, 2.0328],
							"uv": {
								"north": {"uv": [57, 51], "uv_size": [10, 8]},
								"east": {"uv": [18, 72], "uv_size": [2, 8]},
								"south": {"uv": [57, 59], "uv_size": [10, 8]},
								"west": {"uv": [49, 73], "uv_size": [2, 8]},
								"up": {"uv": [72, 68], "uv_size": [10, 2]},
								"down": {"uv": [72, 72], "uv_size": [10, -2]}
							}
						},
						{
							"origin": [-6.64807, 16.8886, 0.21987],
							"size": [12.1968, 13.2132, 3.0492],
							"uv": {
								"north": {"uv": [20, 56], "uv_size": [12, 13]},
								"east": {"uv": [25, 69], "uv_size": [3, 13]},
								"south": {"uv": [56, 28], "uv_size": [12, 13]},
								"west": {"uv": [28, 69], "uv_size": [3, 13]},
								"up": {"uv": [68, 38], "uv_size": [12, 3]},
								"down": {"uv": [69, 27], "uv_size": [12, -3]}
							}
						}
					]
				},
				{
					"name": "head",
					"parent": "body",
					"pivot": [-0.65809, 35.11682, -1.10228],
					"cubes": [
						{
							"origin": [-2.92412, 34.85855, -5.18738],
							"size": [4.7489, 6.7489, 6.7489],
							"uv": {
								"north": {"uv": [62, 14], "uv_size": [6.75, 6.75]},
								"east": {"uv": [62, 21], "uv_size": [6.75, 6.75]},
								"south": {"uv": [46, 66], "uv_size": [6.75, 6.75]},
								"west": {"uv": [67, 41], "uv_size": [6.75, 6.75]},
								"up": {"uv": [67, 48], "uv_size": [6.75, 6.75]},
								"down": {"uv": [53, 73.75], "uv_size": [6.75, -6.75]}
							}
						},
						{
							"origin": [-0.87492, 34.85855, -4.17098],
							"size": [0, 9.7981, 10.8145],
							"uv": {
								"north": {"uv": [0, 0], "uv_size": [0, 9.75]},
								"east": {"uv": [56, 41], "uv_size": [10.75, 9.75]},
								"south": {"uv": [0, 0], "uv_size": [0, 9.75]},
								"west": {"uv": [46, 56], "uv_size": [10.75, 9.75]},
								"up": {"uv": [0, 0], "uv_size": [0, 10.75]},
								"down": {"uv": [0, 10.75], "uv_size": [0, -10.75]}
							}
						},
						{
							"origin": [-1.89132, 35.87495, -8.23658],
							"size": [2.6833, 1.6669, 4.7161],
							"pivot": [-0.54967, 38.233, -1.81293],
							"rotation": [5, 0, 0],
							"uv": {
								"north": {"uv": [77, 22], "uv_size": [2.75, 1.75]},
								"east": {"uv": [77, 2], "uv_size": [4.75, 1.75]},
								"south": {"uv": [77, 41], "uv_size": [2.75, 1.75]},
								"west": {"uv": [77, 4], "uv_size": [4.75, 1.75]},
								"up": {"uv": [74, 19], "uv_size": [2.75, 4.75]},
								"down": {"uv": [74, 45.75], "uv_size": [2.75, -4.75]}
							}
						}
					]
				},
				{
					"name": "Rabo",
					"parent": "body",
					"pivot": [0, 17.30491, 2.1156],
					"cubes": [
						{
							"origin": [-1.85066, 4.37568, -5.66145],
							"size": [2.60198, 15.6119, 0],
							"pivot": [-0.54967, 32.9975, 0.84351],
							"rotation": [35, 0, 0],
							"uv": {
								"north": {"uv": [0, 72], "uv_size": [2.5, 15.25]},
								"east": {"uv": [0, 0], "uv_size": [0, 15.25]},
								"south": {"uv": [3, 74.5], "uv_size": [2.5, 12.75]},
								"west": {"uv": [0, 0], "uv_size": [0, 15.25]},
								"up": {"uv": [0, 0], "uv_size": [2.5, 0]},
								"down": {"uv": [0, 0], "uv_size": [2.5, 0]}
							}
						}
					]
				},
				{
					"name": "Rabo2",
					"parent": "Rabo",
					"pivot": [0, 4.0656, 10.6722],
					"cubes": [
						{
							"origin": [-1.85066, -8.41284, 3.29318],
							"size": [2.60198, 15.6119, 0],
							"pivot": [-0.54967, 20.20899, 9.79814],
							"rotation": [35, 0, 0],
							"uv": {
								"north": {"uv": [6, 72], "uv_size": [2.5, 15.25]},
								"east": {"uv": [0, 0], "uv_size": [0, 15.25]},
								"south": {"uv": [3, 74.5], "uv_size": [2.5, 12.75]},
								"west": {"uv": [0, 0], "uv_size": [0, 15.25]},
								"up": {"uv": [0, 0], "uv_size": [2.5, 0]},
								"down": {"uv": [0, 0], "uv_size": [2.5, 0]}
							}
						}
					]
				},
				{
					"name": "Rabo3",
					"parent": "Rabo2",
					"pivot": [0, -8.74104, 19.61652],
					"cubes": [
						{
							"origin": [-1.85066, -21.20137, 12.2478],
							"size": [2.60198, 15.6119, 0],
							"pivot": [-0.54967, 7.42046, 18.75276],
							"rotation": [35, 0, 0],
							"uv": {
								"north": {"uv": [12, 72], "uv_size": [2.5, 15.25]},
								"east": {"uv": [0, 0], "uv_size": [0, 15.25]},
								"south": {"uv": [3, 74.5], "uv_size": [2.5, 12.75]},
								"west": {"uv": [0, 0], "uv_size": [0, 15.25]},
								"up": {"uv": [0, 0], "uv_size": [2.5, 0]},
								"down": {"uv": [0, 0], "uv_size": [2.5, 0]}
							}
						}
					]
				},
				{
					"name": "Rabo4",
					"parent": "body",
					"pivot": [0, 17.30491, 2.1156],
					"rotation": [0, 27.5, 0],
					"cubes": [
						{
							"origin": [-1.85066, 4.37568, -5.66145],
							"size": [2.60198, 15.6119, 0],
							"pivot": [-0.54967, 32.9975, 0.84351],
							"rotation": [35, 0, 0],
							"uv": {
								"north": {"uv": [0, 72], "uv_size": [2.5, 15.25]},
								"east": {"uv": [0, 0], "uv_size": [0, 15.25]},
								"south": {"uv": [3, 74.5], "uv_size": [2.5, 12.75]},
								"west": {"uv": [0, 0], "uv_size": [0, 15.25]},
								"up": {"uv": [0, 0], "uv_size": [2.5, 0]},
								"down": {"uv": [0, 0], "uv_size": [2.5, 0]}
							}
						}
					]
				},
				{
					"name": "Rabo5",
					"parent": "Rabo4",
					"pivot": [0, 4.0656, 10.6722],
					"cubes": [
						{
							"origin": [-1.85066, -8.41284, 3.29318],
							"size": [2.60198, 15.6119, 0],
							"pivot": [-0.54967, 20.20899, 9.79814],
							"rotation": [35, 0, 0],
							"uv": {
								"north": {"uv": [6, 72], "uv_size": [2.5, 15.25]},
								"east": {"uv": [0, 0], "uv_size": [0, 15.25]},
								"south": {"uv": [3, 74.5], "uv_size": [2.5, 12.75]},
								"west": {"uv": [0, 0], "uv_size": [0, 15.25]},
								"up": {"uv": [0, 0], "uv_size": [2.5, 0]},
								"down": {"uv": [0, 0], "uv_size": [2.5, 0]}
							}
						}
					]
				},
				{
					"name": "Rabo6",
					"parent": "Rabo5",
					"pivot": [0, -8.74104, 19.61652],
					"cubes": [
						{
							"origin": [-1.85066, -21.20137, 12.2478],
							"size": [2.60198, 15.6119, 0],
							"pivot": [-0.54967, 7.42046, 18.75276],
							"rotation": [35, 0, 0],
							"uv": {
								"north": {"uv": [12, 72], "uv_size": [2.5, 15.25]},
								"east": {"uv": [0, 0], "uv_size": [0, 15.25]},
								"south": {"uv": [3, 74.5], "uv_size": [2.5, 12.75]},
								"west": {"uv": [0, 0], "uv_size": [0, 15.25]},
								"up": {"uv": [0, 0], "uv_size": [2.5, 0]},
								"down": {"uv": [0, 0], "uv_size": [2.5, 0]}
							}
						}
					]
				},
				{
					"name": "Rabo7",
					"parent": "body",
					"pivot": [0, 17.30491, 2.1156],
					"rotation": [0, -27.5, 0],
					"cubes": [
						{
							"origin": [-0.75132, 4.37568, -5.66145],
							"size": [2.60198, 15.6119, 0],
							"pivot": [0.54967, 32.9975, 0.84351],
							"rotation": [35, 0, 0],
							"uv": {
								"north": {"uv": [2.5, 72], "uv_size": [-2.5, 15.25]},
								"east": {"uv": [0, 0], "uv_size": [0, 15.25]},
								"south": {"uv": [5.5, 74.5], "uv_size": [-2.5, 12.75]},
								"west": {"uv": [0, 0], "uv_size": [0, 15.25]},
								"up": {"uv": [2.5, 0], "uv_size": [-2.5, 0]},
								"down": {"uv": [2.5, 0], "uv_size": [-2.5, 0]}
							}
						}
					]
				},
				{
					"name": "Rabo8",
					"parent": "Rabo7",
					"pivot": [0, 4.0656, 10.6722],
					"cubes": [
						{
							"origin": [-0.75132, -8.41284, 3.29318],
							"size": [2.60198, 15.6119, 0],
							"pivot": [0.54967, 20.20899, 9.79814],
							"rotation": [35, 0, 0],
							"uv": {
								"north": {"uv": [8.5, 72], "uv_size": [-2.5, 15.25]},
								"east": {"uv": [0, 0], "uv_size": [0, 15.25]},
								"south": {"uv": [5.5, 74.5], "uv_size": [-2.5, 12.75]},
								"west": {"uv": [0, 0], "uv_size": [0, 15.25]},
								"up": {"uv": [2.5, 0], "uv_size": [-2.5, 0]},
								"down": {"uv": [2.5, 0], "uv_size": [-2.5, 0]}
							}
						}
					]
				},
				{
					"name": "Rabo9",
					"parent": "Rabo8",
					"pivot": [0, -8.74104, 19.61652],
					"cubes": [
						{
							"origin": [-0.75132, -21.20137, 12.2478],
							"size": [2.60198, 15.6119, 0],
							"pivot": [0.54967, 7.42046, 18.75276],
							"rotation": [35, 0, 0],
							"uv": {
								"north": {"uv": [14.5, 72], "uv_size": [-2.5, 15.25]},
								"east": {"uv": [0, 0], "uv_size": [0, 15.25]},
								"south": {"uv": [5.5, 74.5], "uv_size": [-2.5, 12.75]},
								"west": {"uv": [0, 0], "uv_size": [0, 15.25]},
								"up": {"uv": [2.5, 0], "uv_size": [-2.5, 0]},
								"down": {"uv": [2.5, 0], "uv_size": [-2.5, 0]}
							}
						}
					]
				},
				{
					"name": "cape",
					"parent": "body",
					"pivot": [0, 25.41, 3.0492]
				},
				{
					"name": "rightAsa",
					"parent": "body",
					"pivot": [-3.63, 26.62, 2.42],
					"cubes": [
						{
							"origin": [-19.24457, 10.33161, 2.16038],
							"size": [16.94, 38.72, 0],
							"uv": {
								"north": {"uv": [0, 28], "uv_size": [14, 28]},
								"east": {"uv": [0, 0], "uv_size": [0, 28]},
								"south": {"uv": [14, 28], "uv_size": [14, 28]},
								"west": {"uv": [0, 0], "uv_size": [0, 28]},
								"up": {"uv": [0, 0], "uv_size": [14, 0]},
								"down": {"uv": [0, 0], "uv_size": [14, 0]}
							}
						}
					]
				},
				{
					"name": "bone",
					"parent": "rightAsa",
					"pivot": [-19.36, 29.04, 2.42],
					"cubes": [
						{
							"origin": [-36.18457, 9.12161, 2.16038],
							"size": [16.94, 42.35, 0],
							"uv": {
								"north": {"uv": [28, 28], "uv_size": [14, 28]},
								"east": {"uv": [0, 0], "uv_size": [0, 28]},
								"south": {"uv": [34, 0], "uv_size": [14, 28]},
								"west": {"uv": [0, 0], "uv_size": [0, 28]},
								"up": {"uv": [0, 0], "uv_size": [14, 0]},
								"down": {"uv": [0, 0], "uv_size": [14, 0]}
							}
						}
					]
				},
				{
					"name": "bone2",
					"parent": "bone",
					"pivot": [-36.3, 29.04, 2.42],
					"cubes": [
						{
							"origin": [-53.12457, 9.12161, 2.16038],
							"size": [16.94, 43.56, 0],
							"uv": {
								"north": {"uv": [42, 28], "uv_size": [14, 28]},
								"east": {"uv": [0, 0], "uv_size": [0, 28]},
								"south": {"uv": [48, 0], "uv_size": [14, 28]},
								"west": {"uv": [0, 0], "uv_size": [0, 28]},
								"up": {"uv": [0, 0], "uv_size": [14, 0]},
								"down": {"uv": [0, 0], "uv_size": [14, 0]}
							}
						}
					]
				},
				{
					"name": "bone3",
					"parent": "bone2",
					"pivot": [-53.24, 27.83, 2.42],
					"cubes": [
						{
							"origin": [-83.37457, 5.49161, 2.16038],
							"size": [30.25, 50.82, 0],
							"uv": {
								"north": {"uv": [0, 0], "uv_size": [17, 28]},
								"east": {"uv": [0, 0], "uv_size": [0, 28]},
								"south": {"uv": [17, 0], "uv_size": [17, 28]},
								"west": {"uv": [0, 0], "uv_size": [0, 28]},
								"up": {"uv": [0, 0], "uv_size": [17, 0]},
								"down": {"uv": [0, 0], "uv_size": [17, 0]}
							}
						}
					]
				},
				{
					"name": "leftAsa",
					"parent": "body",
					"pivot": [3.63, 26.62, 2.42],
					"cubes": [
						{
							"origin": [2.30457, 10.33161, 2.16038],
							"size": [16.94, 38.72, 0],
							"uv": {
								"north": {"uv": [14, 28], "uv_size": [-14, 28]},
								"east": {"uv": [0, 0], "uv_size": [0, 28]},
								"south": {"uv": [28, 28], "uv_size": [-14, 28]},
								"west": {"uv": [0, 0], "uv_size": [0, 28]},
								"up": {"uv": [14, 0], "uv_size": [-14, 0]},
								"down": {"uv": [14, 0], "uv_size": [-14, 0]}
							}
						}
					]
				},
				{
					"name": "bone4",
					"parent": "leftAsa",
					"pivot": [19.36, 29.04, 2.42],
					"cubes": [
						{
							"origin": [19.24457, 9.12161, 2.16038],
							"size": [16.94, 42.35, 0],
							"uv": {
								"north": {"uv": [42, 28], "uv_size": [-14, 28]},
								"east": {"uv": [0, 0], "uv_size": [0, 28]},
								"south": {"uv": [48, 0], "uv_size": [-14, 28]},
								"west": {"uv": [0, 0], "uv_size": [0, 28]},
								"up": {"uv": [14, 0], "uv_size": [-14, 0]},
								"down": {"uv": [14, 0], "uv_size": [-14, 0]}
							}
						}
					]
				},
				{
					"name": "bone5",
					"parent": "bone4",
					"pivot": [36.3, 29.04, 2.42],
					"cubes": [
						{
							"origin": [36.18457, 9.12161, 2.16038],
							"size": [16.94, 43.56, 0],
							"uv": {
								"north": {"uv": [56, 28], "uv_size": [-14, 28]},
								"east": {"uv": [0, 0], "uv_size": [0, 28]},
								"south": {"uv": [62, 0], "uv_size": [-14, 28]},
								"west": {"uv": [0, 0], "uv_size": [0, 28]},
								"up": {"uv": [14, 0], "uv_size": [-14, 0]},
								"down": {"uv": [14, 0], "uv_size": [-14, 0]}
							}
						}
					]
				},
				{
					"name": "bone6",
					"parent": "bone5",
					"pivot": [53.24, 27.83, 2.42],
					"cubes": [
						{
							"origin": [53.12457, 5.49161, 2.16038],
							"size": [30.25, 50.82, 0],
							"uv": {
								"north": {"uv": [17, 0], "uv_size": [-17, 28]},
								"east": {"uv": [0, 0], "uv_size": [0, 28]},
								"south": {"uv": [34, 0], "uv_size": [-17, 28]},
								"west": {"uv": [0, 0], "uv_size": [0, 28]},
								"up": {"uv": [17, 0], "uv_size": [-17, 0]},
								"down": {"uv": [17, 0], "uv_size": [-17, 0]}
							}
						}
					]
				},
				{
					"name": "rightLeg",
					"parent": "root",
					"pivot": [-3.42927, 16.68766, 1.02159],
					"cubes": [
						{
							"origin": [-5.652, 6.3587, -0.9185],
							"size": [4.30954, 9.87941, 4.30954],
							"pivot": [-3.49723, 15.8722, 1.23627],
							"rotation": [35, 0, 0],
							"uv": {
								"north": {"uv": [67, 62], "uv_size": [4.25, 9.75]},
								"east": {"uv": [68, 28], "uv_size": [4.25, 9.75]},
								"south": {"uv": [69, 14], "uv_size": [4.25, 9.75]},
								"west": {"uv": [20, 69], "uv_size": [4.25, 9.75]},
								"up": {"uv": [73, 55], "uv_size": [4.25, 4.25]},
								"down": {"uv": [74, 18.25], "uv_size": [4.25, -4.25]}
							}
						},
						{
							"origin": [-4.6356, 2.71079, 0.96511],
							"size": [2.27674, 8.86301, 2.27674],
							"pivot": [-3.49723, 3.42573, 1.9109],
							"rotation": [-40, 0, 0],
							"uv": {
								"north": {"uv": [43, 72], "uv_size": [2.25, 8.75]},
								"east": {"uv": [71, 72], "uv_size": [2.25, 8.75]},
								"south": {"uv": [73, 27], "uv_size": [2.25, 8.75]},
								"west": {"uv": [46, 73], "uv_size": [2.25, 8.75]},
								"up": {"uv": [77, 10], "uv_size": [2.25, 2.25]},
								"down": {"uv": [77, 21.25], "uv_size": [2.25, -2.25]}
							}
						},
						{
							"origin": [-5.652, 1.56129, -1.9349],
							"size": [4.30954, 1.74821, 5.32594],
							"uv": {
								"north": {"uv": [77, 6], "uv_size": [4.25, 1.75]},
								"east": {"uv": [73, 36], "uv_size": [5.25, 1.75]},
								"south": {"uv": [77, 8], "uv_size": [4.25, 1.75]},
								"west": {"uv": [73, 60], "uv_size": [5.25, 1.75]},
								"up": {"uv": [72, 62], "uv_size": [4.25, 5.25]},
								"down": {"uv": [66, 77.25], "uv_size": [4.25, -5.25]}
							}
						},
						{
							"origin": [-4.6356, 1.56129, -7.0169],
							"size": [1.26034, 1.74821, 5.32594],
							"pivot": [-3.49723, 2.43539, -1.30473],
							"rotation": [25, 0, 0],
							"uv": {
								"north": {"uv": [77, 43], "uv_size": [1.25, 1.75]},
								"east": {"uv": [74, 46], "uv_size": [5.25, 1.75]},
								"south": {"uv": [67, 78], "uv_size": [1.25, 1.75]},
								"west": {"uv": [74, 48], "uv_size": [5.25, 1.75]},
								"up": {"uv": [63, 74], "uv_size": [1.25, 5.25]},
								"down": {"uv": [31, 82.25], "uv_size": [1.25, -5.25]}
							}
						},
						{
							"origin": [-4.6356, -0.07993, -11.60785],
							"size": [1.26034, 1.74821, 5.32594],
							"pivot": [-3.49723, 0.79417, -5.89569],
							"rotation": [65, 0, 0],
							"uv": {
								"north": {"uv": [69, 78], "uv_size": [1.25, 1.75]},
								"east": {"uv": [74, 50], "uv_size": [5.25, 1.75]},
								"south": {"uv": [74, 78], "uv_size": [1.25, 1.75]},
								"west": {"uv": [51, 74], "uv_size": [5.25, 1.75]},
								"up": {"uv": [33, 77], "uv_size": [1.25, 5.25]},
								"down": {"uv": [35, 82.25], "uv_size": [1.25, -5.25]}
							}
						},
						{
							"origin": [-5.76089, 1.56129, -6.91938],
							"size": [1.26034, 1.74821, 5.32594],
							"pivot": [-3.73913, 2.43539, -1.21012],
							"rotation": [35.17121, 21.2688, 12.74686],
							"uv": {
								"north": {"uv": [76, 78], "uv_size": [1.25, 1.75]},
								"east": {"uv": [74, 52], "uv_size": [5.25, 1.75]},
								"south": {"uv": [78, 78], "uv_size": [1.25, 1.75]},
								"west": {"uv": [57, 74], "uv_size": [5.25, 1.75]},
								"up": {"uv": [37, 77], "uv_size": [1.25, 5.25]},
								"down": {"uv": [39, 82.25], "uv_size": [1.25, -5.25]}
							}
						},
						{
							"origin": [-2.71169, 1.56129, -6.91938],
							"size": [1.26034, 1.74821, 5.32594],
							"pivot": [-3.73913, 2.43539, -1.21012],
							"rotation": [33.31526, -12.22614, -9.51575],
							"uv": {
								"north": {"uv": [79, 13], "uv_size": [1.25, 1.75]},
								"east": {"uv": [74, 72], "uv_size": [5.25, 1.75]},
								"south": {"uv": [79, 15], "uv_size": [1.25, 1.75]},
								"west": {"uv": [74, 74], "uv_size": [5.25, 1.75]},
								"up": {"uv": [41, 77], "uv_size": [1.25, 5.25]},
								"down": {"uv": [77, 67.25], "uv_size": [1.25, -5.25]}
							}
						},
						{
							"origin": [-2.71169, 1.56129, 3.04959],
							"size": [1.26034, 1.74821, 5.32594],
							"pivot": [-3.73913, 2.43539, 3.68266],
							"rotation": [-33.31526, 12.22614, -9.51575],
							"uv": {
								"north": {"uv": [79, 17], "uv_size": [1.25, 1.75]},
								"east": {"uv": [76, 27], "uv_size": [5.25, 1.75]},
								"south": {"uv": [20, 79], "uv_size": [1.25, 1.75]},
								"west": {"uv": [76, 29], "uv_size": [5.25, 1.75]},
								"up": {"uv": [51, 78], "uv_size": [1.25, 5.25]},
								"down": {"uv": [53, 83.25], "uv_size": [1.25, -5.25]}
							}
						},
						{
							"origin": [-7.88132, -0.29383, -10.72344],
							"size": [1.26034, 1.74821, 5.32594],
							"pivot": [-5.85956, 0.58027, -5.01418],
							"rotation": [78.42936, 13.00023, 6.85471],
							"uv": {
								"north": {"uv": [22, 79], "uv_size": [1.25, 1.75]},
								"east": {"uv": [76, 31], "uv_size": [5.25, 1.75]},
								"south": {"uv": [79, 35], "uv_size": [1.25, 1.75]},
								"west": {"uv": [76, 33], "uv_size": [5.25, 1.75]},
								"up": {"uv": [78, 54], "uv_size": [1.25, 5.25]},
								"down": {"uv": [55, 83.25], "uv_size": [1.25, -5.25]}
							}
						},
						{
							"origin": [-1.46194, -0.37593, -11.09579],
							"size": [1.26034, 1.74821, 5.32594],
							"pivot": [-2.22337, 0.49817, -5.38653],
							"rotation": [78.42936, -13.00023, -6.85471],
							"uv": {
								"north": {"uv": [79, 43], "uv_size": [1.25, 1.75]},
								"east": {"uv": [51, 76], "uv_size": [5.25, 1.75]},
								"south": {"uv": [79, 60], "uv_size": [1.25, 1.75]},
								"west": {"uv": [57, 76], "uv_size": [5.25, 1.75]},
								"up": {"uv": [57, 78], "uv_size": [1.25, 5.25]},
								"down": {"uv": [59, 83.25], "uv_size": [1.25, -5.25]}
							}
						},
						{
							"origin": [-1.73608, 0.20198, 7.42891],
							"size": [1.26034, 1.74821, 5.32594],
							"pivot": [-2.49751, 1.07608, 7.04559],
							"rotation": [-78.42936, 13.00023, -6.85471],
							"uv": {
								"north": {"uv": [79, 62], "uv_size": [1.25, 1.75]},
								"east": {"uv": [74, 76], "uv_size": [5.25, 1.75]},
								"south": {"uv": [79, 64], "uv_size": [1.25, 1.75]},
								"west": {"uv": [77, 0], "uv_size": [5.25, 1.75]},
								"up": {"uv": [61, 78], "uv_size": [1.25, 5.25]},
								"down": {"uv": [65, 83.25], "uv_size": [1.25, -5.25]}
							}
						}
					]
				},
				{
					"name": "leftLeg",
					"parent": "root",
					"pivot": [3.42927, 16.68766, 1.02159],
					"cubes": [
						{
							"origin": [1.34246, 6.3587, -0.9185],
							"size": [4.30954, 9.87941, 4.30954],
							"pivot": [3.49723, 15.8722, 1.23627],
							"rotation": [35, 0, 0],
							"uv": {
								"north": {"uv": [71.25, 62], "uv_size": [-4.25, 9.75]},
								"east": {"uv": [24.25, 69], "uv_size": [-4.25, 9.75]},
								"south": {"uv": [73.25, 14], "uv_size": [-4.25, 9.75]},
								"west": {"uv": [72.25, 28], "uv_size": [-4.25, 9.75]},
								"up": {"uv": [77.25, 55], "uv_size": [-4.25, 4.25]},
								"down": {"uv": [78.25, 18.25], "uv_size": [-4.25, -4.25]}
							}
						},
						{
							"origin": [2.35886, 2.71079, 0.96511],
							"size": [2.27674, 8.86301, 2.27674],
							"pivot": [3.49723, 3.42573, 1.9109],
							"rotation": [-40, 0, 0],
							"uv": {
								"north": {"uv": [45.25, 72], "uv_size": [-2.25, 8.75]},
								"east": {"uv": [48.25, 73], "uv_size": [-2.25, 8.75]},
								"south": {"uv": [75.25, 27], "uv_size": [-2.25, 8.75]},
								"west": {"uv": [73.25, 72], "uv_size": [-2.25, 8.75]},
								"up": {"uv": [79.25, 10], "uv_size": [-2.25, 2.25]},
								"down": {"uv": [79.25, 21.25], "uv_size": [-2.25, -2.25]}
							}
						},
						{
							"origin": [1.34246, 1.56129, -1.9349],
							"size": [4.30954, 1.74821, 5.32594],
							"uv": {
								"north": {"uv": [81.25, 6], "uv_size": [-4.25, 1.75]},
								"east": {"uv": [78.25, 60], "uv_size": [-5.25, 1.75]},
								"south": {"uv": [81.25, 8], "uv_size": [-4.25, 1.75]},
								"west": {"uv": [78.25, 36], "uv_size": [-5.25, 1.75]},
								"up": {"uv": [76.25, 62], "uv_size": [-4.25, 5.25]},
								"down": {"uv": [70.25, 77.25], "uv_size": [-4.25, -5.25]}
							}
						},
						{
							"origin": [3.37526, 1.56129, -7.0169],
							"size": [1.26034, 1.74821, 5.32594],
							"pivot": [3.49723, 2.43539, -1.30473],
							"rotation": [25, 0, 0],
							"uv": {
								"north": {"uv": [78.25, 43], "uv_size": [-1.25, 1.75]},
								"east": {"uv": [79.25, 48], "uv_size": [-5.25, 1.75]},
								"south": {"uv": [68.25, 78], "uv_size": [-1.25, 1.75]},
								"west": {"uv": [79.25, 46], "uv_size": [-5.25, 1.75]},
								"up": {"uv": [64.25, 74], "uv_size": [-1.25, 5.25]},
								"down": {"uv": [32.25, 82.25], "uv_size": [-1.25, -5.25]}
							}
						},
						{
							"origin": [3.37526, -0.07993, -11.60785],
							"size": [1.26034, 1.74821, 5.32594],
							"pivot": [3.49723, 0.79417, -5.89569],
							"rotation": [65, 0, 0],
							"uv": {
								"north": {"uv": [70.25, 78], "uv_size": [-1.25, 1.75]},
								"east": {"uv": [56.25, 74], "uv_size": [-5.25, 1.75]},
								"south": {"uv": [75.25, 78], "uv_size": [-1.25, 1.75]},
								"west": {"uv": [79.25, 50], "uv_size": [-5.25, 1.75]},
								"up": {"uv": [34.25, 77], "uv_size": [-1.25, 5.25]},
								"down": {"uv": [36.25, 82.25], "uv_size": [-1.25, -5.25]}
							}
						},
						{
							"origin": [4.50055, 1.56129, -6.91938],
							"size": [1.26034, 1.74821, 5.32594],
							"pivot": [3.73913, 2.43539, -1.21012],
							"rotation": [35.17121, -21.2688, -12.74686],
							"uv": {
								"north": {"uv": [77.25, 78], "uv_size": [-1.25, 1.75]},
								"east": {"uv": [62.25, 74], "uv_size": [-5.25, 1.75]},
								"south": {"uv": [79.25, 78], "uv_size": [-1.25, 1.75]},
								"west": {"uv": [79.25, 52], "uv_size": [-5.25, 1.75]},
								"up": {"uv": [38.25, 77], "uv_size": [-1.25, 5.25]},
								"down": {"uv": [40.25, 82.25], "uv_size": [-1.25, -5.25]}
							}
						},
						{
							"origin": [1.45135, 1.56129, -6.91938],
							"size": [1.26034, 1.74821, 5.32594],
							"pivot": [3.73913, 2.43539, -1.21012],
							"rotation": [33.31526, 12.22614, 9.51575],
							"uv": {
								"north": {"uv": [80.25, 13], "uv_size": [-1.25, 1.75]},
								"east": {"uv": [79.25, 74], "uv_size": [-5.25, 1.75]},
								"south": {"uv": [80.25, 15], "uv_size": [-1.25, 1.75]},
								"west": {"uv": [79.25, 72], "uv_size": [-5.25, 1.75]},
								"up": {"uv": [42.25, 77], "uv_size": [-1.25, 5.25]},
								"down": {"uv": [78.25, 67.25], "uv_size": [-1.25, -5.25]}
							}
						},
						{
							"origin": [1.45135, 1.56129, 3.04959],
							"size": [1.26034, 1.74821, 5.32594],
							"pivot": [3.73913, 2.43539, 3.68266],
							"rotation": [-33.31526, -12.22614, 9.51575],
							"uv": {
								"north": {"uv": [80.25, 17], "uv_size": [-1.25, 1.75]},
								"east": {"uv": [81.25, 29], "uv_size": [-5.25, 1.75]},
								"south": {"uv": [21.25, 79], "uv_size": [-1.25, 1.75]},
								"west": {"uv": [81.25, 27], "uv_size": [-5.25, 1.75]},
								"up": {"uv": [52.25, 78], "uv_size": [-1.25, 5.25]},
								"down": {"uv": [54.25, 83.25], "uv_size": [-1.25, -5.25]}
							}
						},
						{
							"origin": [6.62098, -0.29383, -10.72344],
							"size": [1.26034, 1.74821, 5.32594],
							"pivot": [5.85956, 0.58027, -5.01418],
							"rotation": [78.42936, -13.00023, -6.85471],
							"uv": {
								"north": {"uv": [23.25, 79], "uv_size": [-1.25, 1.75]},
								"east": {"uv": [81.25, 33], "uv_size": [-5.25, 1.75]},
								"south": {"uv": [80.25, 35], "uv_size": [-1.25, 1.75]},
								"west": {"uv": [81.25, 31], "uv_size": [-5.25, 1.75]},
								"up": {"uv": [79.25, 54], "uv_size": [-1.25, 5.25]},
								"down": {"uv": [56.25, 83.25], "uv_size": [-1.25, -5.25]}
							}
						},
						{
							"origin": [0.20161, -0.37593, -11.09579],
							"size": [1.26034, 1.74821, 5.32594],
							"pivot": [2.22337, 0.49817, -5.38653],
							"rotation": [78.42936, 13.00023, 6.85471],
							"uv": {
								"north": {"uv": [80.25, 43], "uv_size": [-1.25, 1.75]},
								"east": {"uv": [62.25, 76], "uv_size": [-5.25, 1.75]},
								"south": {"uv": [80.25, 60], "uv_size": [-1.25, 1.75]},
								"west": {"uv": [56.25, 76], "uv_size": [-5.25, 1.75]},
								"up": {"uv": [58.25, 78], "uv_size": [-1.25, 5.25]},
								"down": {"uv": [60.25, 83.25], "uv_size": [-1.25, -5.25]}
							}
						},
						{
							"origin": [0.47574, 0.20198, 7.42891],
							"size": [1.26034, 1.74821, 5.32594],
							"pivot": [2.49751, 1.07608, 7.04559],
							"rotation": [-78.42936, -13.00023, 6.85471],
							"uv": {
								"north": {"uv": [80.25, 62], "uv_size": [-1.25, 1.75]},
								"east": {"uv": [82.25, 0], "uv_size": [-5.25, 1.75]},
								"south": {"uv": [80.25, 64], "uv_size": [-1.25, 1.75]},
								"west": {"uv": [79.25, 76], "uv_size": [-5.25, 1.75]},
								"up": {"uv": [62.25, 78], "uv_size": [-1.25, 5.25]},
								"down": {"uv": [66.25, 83.25], "uv_size": [-1.25, -5.25]}
							}
						}
					]
				}
			]
		}
	]
}