{
	"format_version": "1.12.0",
	"minecraft:geometry": [
		{
			"description": {
				"identifier": "geometry.phoenix_hybrid",
				"texture_width": 128,
				"texture_height": 128,
				"visible_bounds_width": 9,
				"visible_bounds_height": 10,
				"visible_bounds_offset": [0, 3, 0]
			},
			"bones": [
				{
					"name": "root",
					"pivot": [0, 0, 0]
				},
				{
					"name": "waist",
					"parent": "root",
					"pivot": [0, 12, 0]
				},
				{
					"name": "body",
					"parent": "waist",
					"pivot": [0, 24, 0]
				},
				{
					"name": "Rabo",
					"parent": "body",
					"pivot": [0, 13.02569, 2.08146],
					"cubes": [
						{
							"origin": [-1.28, -1.31102, -6.78642],
							"size": [2.56, 15.36, 0],
							"pivot": [0, 26.84898, -0.38642],
							"rotation": [35, 0, 0],
							"uv": {
								"north": {"uv": [44, 64], "uv_size": [2, 12]},
								"east": {"uv": [0, 0], "uv_size": [0, 12]},
								"south": {"uv": [46, 64], "uv_size": [2, 12]},
								"west": {"uv": [0, 0], "uv_size": [0, 12]},
								"up": {"uv": [0, 0], "uv_size": [2, 0]},
								"down": {"uv": [0, 0], "uv_size": [2, 0]}
							}
						}
					]
				},
				{
					"name": "Rabo2",
					"parent": "Rabo",
					"pivot": [0, 0, 10.5],
					"cubes": [
						{
							"origin": [-1.28, -13.89319, 2.02372],
							"size": [2.56, 15.36, 0],
							"pivot": [0, 14.26681, 8.42372],
							"rotation": [35, 0, 0],
							"uv": {
								"north": {"uv": [44, 64], "uv_size": [2, 12]},
								"east": {"uv": [0, 0], "uv_size": [0, 12]},
								"south": {"uv": [46, 64], "uv_size": [2, 12]},
								"west": {"uv": [0, 0], "uv_size": [0, 12]},
								"up": {"uv": [0, 0], "uv_size": [2, 0]},
								"down": {"uv": [0, 0], "uv_size": [2, 0]}
							}
						}
					]
				},
				{
					"name": "Rabo3",
					"parent": "Rabo2",
					"pivot": [0, -12.6, 19.3],
					"cubes": [
						{
							"origin": [-1.28, -26.47537, 10.83385],
							"size": [2.56, 15.36, 0],
							"pivot": [0, 1.68463, 17.23385],
							"rotation": [35, 0, 0],
							"uv": {
								"north": {"uv": [46, 64], "uv_size": [-2, 12]},
								"east": {"uv": [0, 0], "uv_size": [0, 12]},
								"south": {"uv": [48, 64], "uv_size": [-2, 12]},
								"west": {"uv": [0, 0], "uv_size": [0, 12]},
								"up": {"uv": [2, 0], "uv_size": [-2, 0]},
								"down": {"uv": [2, 0], "uv_size": [-2, 0]}
							}
						}
					]
				},
				{
					"name": "leftRabo",
					"parent": "body",
					"pivot": [0, 13.02569, 2.08146],
					"rotation": [0, 0, -20],
					"cubes": [
						{
							"origin": [-1.28, -1.31102, -6.78642],
							"size": [2.56, 15.36, 0],
							"pivot": [0, 26.84898, -0.38642],
							"rotation": [35, 0, 0],
							"uv": {
								"north": {"uv": [44, 64], "uv_size": [2, 12]},
								"east": {"uv": [0, 0], "uv_size": [0, 12]},
								"south": {"uv": [46, 64], "uv_size": [2, 12]},
								"west": {"uv": [0, 0], "uv_size": [0, 12]},
								"up": {"uv": [0, 0], "uv_size": [2, 0]},
								"down": {"uv": [0, 0], "uv_size": [2, 0]}
							}
						}
					]
				},
				{
					"name": "Rabo5",
					"parent": "leftRabo",
					"pivot": [0, 0, 10.5],
					"cubes": [
						{
							"origin": [-1.28, -13.89319, 2.02372],
							"size": [2.56, 15.36, 0],
							"pivot": [0, 14.26681, 8.42372],
							"rotation": [35, 0, 0],
							"uv": {
								"north": {"uv": [44, 64], "uv_size": [2, 12]},
								"east": {"uv": [0, 0], "uv_size": [0, 12]},
								"south": {"uv": [46, 64], "uv_size": [2, 12]},
								"west": {"uv": [0, 0], "uv_size": [0, 12]},
								"up": {"uv": [0, 0], "uv_size": [2, 0]},
								"down": {"uv": [0, 0], "uv_size": [2, 0]}
							}
						}
					]
				},
				{
					"name": "Rabo6",
					"parent": "Rabo5",
					"pivot": [0, -12.6, 19.3],
					"cubes": [
						{
							"origin": [-1.28, -26.47537, 10.83385],
							"size": [2.56, 15.36, 0],
							"pivot": [0, 1.68463, 17.23385],
							"rotation": [35, 0, 0],
							"uv": {
								"north": {"uv": [46, 64], "uv_size": [-2, 12]},
								"east": {"uv": [0, 0], "uv_size": [0, 12]},
								"south": {"uv": [48, 64], "uv_size": [-2, 12]},
								"west": {"uv": [0, 0], "uv_size": [0, 12]},
								"up": {"uv": [2, 0], "uv_size": [-2, 0]},
								"down": {"uv": [2, 0], "uv_size": [-2, 0]}
							}
						}
					]
				},
				{
					"name": "rightRabo",
					"parent": "body",
					"pivot": [0, 13.02569, 2.08146],
					"rotation": [0, 0, 20],
					"cubes": [
						{
							"origin": [-1.28, -1.31102, -6.78642],
							"size": [2.56, 15.36, 0],
							"pivot": [0, 26.84898, -0.38642],
							"rotation": [35, 0, 0],
							"uv": {
								"north": {"uv": [46, 64], "uv_size": [-2, 12]},
								"east": {"uv": [0, 0], "uv_size": [0, 12]},
								"south": {"uv": [48, 64], "uv_size": [-2, 12]},
								"west": {"uv": [0, 0], "uv_size": [0, 12]},
								"up": {"uv": [2, 0], "uv_size": [-2, 0]},
								"down": {"uv": [2, 0], "uv_size": [-2, 0]}
							}
						}
					]
				},
				{
					"name": "Rabo8",
					"parent": "rightRabo",
					"pivot": [0, 0, 10.5],
					"cubes": [
						{
							"origin": [-1.28, -13.89319, 2.02372],
							"size": [2.56, 15.36, 0],
							"pivot": [0, 14.26681, 8.42372],
							"rotation": [35, 0, 0],
							"uv": {
								"north": {"uv": [46, 64], "uv_size": [-2, 12]},
								"east": {"uv": [0, 0], "uv_size": [0, 12]},
								"south": {"uv": [48, 64], "uv_size": [-2, 12]},
								"west": {"uv": [0, 0], "uv_size": [0, 12]},
								"up": {"uv": [2, 0], "uv_size": [-2, 0]},
								"down": {"uv": [2, 0], "uv_size": [-2, 0]}
							}
						}
					]
				},
				{
					"name": "Rabo9",
					"parent": "Rabo8",
					"pivot": [0, -12.6, 19.3],
					"cubes": [
						{
							"origin": [-1.28, -26.47537, 10.83385],
							"size": [2.56, 15.36, 0],
							"pivot": [0, 1.68463, 17.23385],
							"rotation": [35, 0, 0],
							"uv": {
								"north": {"uv": [44, 64], "uv_size": [2, 12]},
								"east": {"uv": [0, 0], "uv_size": [0, 12]},
								"south": {"uv": [46, 64], "uv_size": [2, 12]},
								"west": {"uv": [0, 0], "uv_size": [0, 12]},
								"up": {"uv": [0, 0], "uv_size": [2, 0]},
								"down": {"uv": [0, 0], "uv_size": [2, 0]}
							}
						}
					]
				},
				{
					"name": "head",
					"parent": "body",
					"pivot": [0, 24, 0]
				},
				{
					"name": "cape",
					"parent": "body",
					"pivot": [0, 24, 3]
				},
				{
					"name": "rightAsa",
					"parent": "body",
					"pivot": [-3, 21, 2],
					"cubes": [
						{
							"origin": [-16, 8, 2],
							"size": [14, 28, 0],
							"uv": {
								"north": {"uv": [45, 0], "uv_size": [14, 28]},
								"east": {"uv": [0, 0], "uv_size": [0, 28]},
								"south": {"uv": [0, 28], "uv_size": [59, 28]},
								"west": {"uv": [0, 0], "uv_size": [0, 28]},
								"up": {"uv": [0, 0], "uv_size": [59, 0]},
								"down": {"uv": [0, 0], "uv_size": [59, 0]}
							}
						},
						{
							"origin": [-12.19237, 15.805, 1.93986],
							"size": [5.39, 5.39, 0],
							"pivot": [-6.18737, 23.035, 1.93986],
							"rotation": [0, -5, 0],
							"uv": {
								"north": {"uv": [16, 56], "uv_size": [10, 7]},
								"east": {"uv": [0, 0], "uv_size": [0, 7]},
								"south": {"uv": [26, 56], "uv_size": [10, 7]},
								"west": {"uv": [0, 0], "uv_size": [0, 7]},
								"up": {"uv": [0, 0], "uv_size": [10, 0]},
								"down": {"uv": [0, 0], "uv_size": [10, 0]}
							}
						}
					]
				},
				{
					"name": "bone",
					"parent": "rightAsa",
					"pivot": [-16, 23, 2],
					"cubes": [
						{
							"origin": [-29.1227, 30.805, 0.34404],
							"size": [9.39, 5.39, 0],
							"pivot": [-24.4277, 34.5, 0.34404],
							"rotation": [-1.08482, -4.88119, 12.54624],
							"uv": {
								"north": {"uv": [16, 56], "uv_size": [10, 7]},
								"east": {"uv": [0, 0], "uv_size": [0, 7]},
								"south": {"uv": [26, 56], "uv_size": [10, 7]},
								"west": {"uv": [0, 0], "uv_size": [0, 7]},
								"up": {"uv": [0, 0], "uv_size": [10, 0]},
								"down": {"uv": [0, 0], "uv_size": [10, 0]}
							}
						},
						{
							"origin": [-30, 8, 2],
							"size": [14, 28, 0],
							"uv": {
								"north": {"uv": [31, 0], "uv_size": [14, 28]},
								"east": {"uv": [0, 0], "uv_size": [0, 28]},
								"south": {"uv": [0, 28], "uv_size": [59, 28]},
								"west": {"uv": [0, 0], "uv_size": [0, 28]},
								"up": {"uv": [0, 0], "uv_size": [59, 0]},
								"down": {"uv": [0, 0], "uv_size": [59, 0]}
							}
						}
					]
				},
				{
					"name": "bone2",
					"parent": "bone",
					"pivot": [-30, 23, 2],
					"cubes": [
						{
							"origin": [-44, 8, 2],
							"size": [14, 28, 0],
							"uv": {
								"north": {"uv": [17, 0], "uv_size": [14, 28]},
								"east": {"uv": [0, 0], "uv_size": [0, 28]},
								"south": {"uv": [0, 28], "uv_size": [59, 28]},
								"west": {"uv": [0, 0], "uv_size": [0, 28]},
								"up": {"uv": [0, 0], "uv_size": [59, 0]},
								"down": {"uv": [0, 0], "uv_size": [59, 0]}
							}
						}
					]
				},
				{
					"name": "bone3",
					"parent": "bone2",
					"pivot": [-44, 22, 2],
					"cubes": [
						{
							"origin": [-61, 8, 2],
							"size": [17, 28, 0],
							"uv": {
								"north": {"uv": [0, 0], "uv_size": [16.5, 29.5]},
								"east": {"uv": [0, 0], "uv_size": [0, 28]},
								"south": {"uv": [0, 28], "uv_size": [59, 28]},
								"west": {"uv": [0, 0], "uv_size": [0, 28]},
								"up": {"uv": [0, 0], "uv_size": [59, 0]},
								"down": {"uv": [0, 0], "uv_size": [59, 0]}
							}
						},
						{
							"origin": [-57.19237, 15.805, 1.93986],
							"size": [5.39, 5.39, 0],
							"pivot": [-6.18737, 23.035, 1.93986],
							"rotation": [0, -5, 0],
							"uv": {
								"north": {"uv": [16, 56], "uv_size": [10, 7]},
								"east": {"uv": [0, 0], "uv_size": [0, 7]},
								"south": {"uv": [26, 56], "uv_size": [10, 7]},
								"west": {"uv": [0, 0], "uv_size": [0, 7]},
								"up": {"uv": [0, 0], "uv_size": [10, 0]},
								"down": {"uv": [0, 0], "uv_size": [10, 0]}
							}
						}
					]
				},
				{
					"name": "leftAsa",
					"parent": "body",
					"pivot": [3, 21, 2],
					"cubes": [
						{
							"origin": [2, 8, 2],
							"size": [14, 28, 0],
							"uv": {
								"north": {"uv": [59, 0], "uv_size": [-14, 28]},
								"east": {"uv": [0, 0], "uv_size": [0, 28]},
								"south": {"uv": [59, 28], "uv_size": [-59, 28]},
								"west": {"uv": [0, 0], "uv_size": [0, 28]},
								"up": {"uv": [59, 0], "uv_size": [-59, 0]},
								"down": {"uv": [59, 0], "uv_size": [-59, 0]}
							}
						},
						{
							"origin": [6.80237, 15.805, 1.93986],
							"size": [5.39, 5.39, 0],
							"pivot": [6.18737, 23.035, 1.93986],
							"rotation": [0, 5, 0],
							"uv": {
								"north": {"uv": [26, 56], "uv_size": [-10, 7]},
								"east": {"uv": [0, 0], "uv_size": [0, 7]},
								"south": {"uv": [36, 56], "uv_size": [-10, 7]},
								"west": {"uv": [0, 0], "uv_size": [0, 7]},
								"up": {"uv": [10, 0], "uv_size": [-10, 0]},
								"down": {"uv": [10, 0], "uv_size": [-10, 0]}
							}
						}
					]
				},
				{
					"name": "bone4",
					"parent": "leftAsa",
					"pivot": [16, 23, 2],
					"cubes": [
						{
							"origin": [19.7327, 30.805, 0.34404],
							"size": [9.39, 5.39, 0],
							"pivot": [24.4277, 34.5, 0.34404],
							"rotation": [-1.08482, 4.88119, -12.54624],
							"uv": {
								"north": {"uv": [26, 56], "uv_size": [-10, 7]},
								"east": {"uv": [0, 0], "uv_size": [0, 7]},
								"south": {"uv": [36, 56], "uv_size": [-10, 7]},
								"west": {"uv": [0, 0], "uv_size": [0, 7]},
								"up": {"uv": [10, 0], "uv_size": [-10, 0]},
								"down": {"uv": [10, 0], "uv_size": [-10, 0]}
							}
						},
						{
							"origin": [16, 8, 2],
							"size": [14, 28, 0],
							"uv": {
								"north": {"uv": [45, 0], "uv_size": [-14, 28]},
								"east": {"uv": [0, 0], "uv_size": [0, 28]},
								"south": {"uv": [59, 28], "uv_size": [-59, 28]},
								"west": {"uv": [0, 0], "uv_size": [0, 28]},
								"up": {"uv": [59, 0], "uv_size": [-59, 0]},
								"down": {"uv": [59, 0], "uv_size": [-59, 0]}
							}
						}
					]
				},
				{
					"name": "bone5",
					"parent": "bone4",
					"pivot": [30, 23, 2],
					"cubes": [
						{
							"origin": [30, 8, 2],
							"size": [14, 28, 0],
							"uv": {
								"north": {"uv": [31, 0], "uv_size": [-14, 28]},
								"east": {"uv": [0, 0], "uv_size": [0, 28]},
								"south": {"uv": [59, 28], "uv_size": [-59, 28]},
								"west": {"uv": [0, 0], "uv_size": [0, 28]},
								"up": {"uv": [59, 0], "uv_size": [-59, 0]},
								"down": {"uv": [59, 0], "uv_size": [-59, 0]}
							}
						}
					]
				},
				{
					"name": "bone6",
					"parent": "bone5",
					"pivot": [44, 22, 2],
					"cubes": [
						{
							"origin": [44, 8, 2],
							"size": [17, 28, 0],
							"uv": {
								"north": {"uv": [16.5, 0], "uv_size": [-16.5, 29.5]},
								"east": {"uv": [0, 0], "uv_size": [0, 28]},
								"south": {"uv": [59, 28], "uv_size": [-59, 28]},
								"west": {"uv": [0, 0], "uv_size": [0, 28]},
								"up": {"uv": [59, 0], "uv_size": [-59, 0]},
								"down": {"uv": [59, 0], "uv_size": [-59, 0]}
							}
						},
						{
							"origin": [51.80237, 15.805, 1.93986],
							"size": [5.39, 5.39, 0],
							"pivot": [6.18737, 23.035, 1.93986],
							"rotation": [0, 5, 0],
							"uv": {
								"north": {"uv": [26, 56], "uv_size": [-10, 7]},
								"east": {"uv": [0, 0], "uv_size": [0, 7]},
								"south": {"uv": [36, 56], "uv_size": [-10, 7]},
								"west": {"uv": [0, 0], "uv_size": [0, 7]},
								"up": {"uv": [10, 0], "uv_size": [-10, 0]},
								"down": {"uv": [10, 0], "uv_size": [-10, 0]}
							}
						}
					]
				},
				{
					"name": "rightLeg",
					"parent": "root",
					"pivot": [-1.9, 12, 0],
					"cubes": [
						{
							"origin": [-4.02, -0.36, -2.12],
							"size": [4.24, 12.72, 4.24],
							"uv": {
								"north": {"uv": [59, 24], "uv_size": [4, 12.5]},
								"east": {"uv": [59, 37], "uv_size": [4, 12.5]},
								"south": {"uv": [60, 50], "uv_size": [4, 12.5]},
								"west": {"uv": [16, 63], "uv_size": [4, 12.5]},
								"up": {"uv": [56, 64], "uv_size": [4, 4]},
								"down": {"uv": [64, 63], "uv_size": [4, -4]}
							}
						},
						{
							"origin": [-4.02, -2.08, -3.12],
							"size": [4.24, 1.72, 5.24],
							"uv": {
								"north": {"uv": [56, 68], "uv_size": [4, 1.5]},
								"east": {"uv": [67, 8], "uv_size": [5, 1.5]},
								"south": {"uv": [60, 69], "uv_size": [4, 1.5]},
								"west": {"uv": [67, 10], "uv_size": [5, 1.5]},
								"up": {"uv": [48, 64], "uv_size": [4, 5]},
								"down": {"uv": [64, 54], "uv_size": [4, -5]}
							}
						},
						{
							"origin": [-3.02, -2.08, -8.12],
							"size": [1.24, 1.72, 5.24],
							"pivot": [-1.9, -1.22, -2.5],
							"rotation": [25, 0, 0],
							"uv": {
								"north": {"uv": [51, 71], "uv_size": [1, 1.5]},
								"east": {"uv": [67, 28], "uv_size": [5, 1.5]},
								"south": {"uv": [52, 71], "uv_size": [1, 1.5]},
								"west": {"uv": [67, 30], "uv_size": [5, 1.5]},
								"up": {"uv": [0, 70], "uv_size": [1, 5]},
								"down": {"uv": [1, 75], "uv_size": [1, -5]}
							}
						},
						{
							"origin": [-3.02, -3.69474, -12.63688],
							"size": [1.24, 1.72, 5.24],
							"pivot": [-1.9, -2.83474, -7.01688],
							"rotation": [65, 0, 0],
							"uv": {
								"north": {"uv": [60, 71], "uv_size": [1, 1.5]},
								"east": {"uv": [67, 32], "uv_size": [5, 1.5]},
								"south": {"uv": [61, 71], "uv_size": [1, 1.5]},
								"west": {"uv": [67, 34], "uv_size": [5, 1.5]},
								"up": {"uv": [2, 70], "uv_size": [1, 5]},
								"down": {"uv": [3, 75], "uv_size": [1, -5]}
							}
						},
						{
							"origin": [-4.12713, -2.08, -8.02406],
							"size": [1.24, 1.72, 5.24],
							"pivot": [-2.13799, -1.22, -2.40692],
							"rotation": [35.17121, 21.2688, 12.74686],
							"uv": {
								"north": {"uv": [70, 66], "uv_size": [1, 1.5]},
								"east": {"uv": [67, 12], "uv_size": [5, 1.5]},
								"south": {"uv": [71, 0], "uv_size": [1, 1.5]},
								"west": {"uv": [67, 14], "uv_size": [5, 1.5]},
								"up": {"uv": [59, 50], "uv_size": [1, 5]},
								"down": {"uv": [15, 73], "uv_size": [1, -5]}
							}
						},
						{
							"origin": [-1.12713, -2.08, -8.02406],
							"size": [1.24, 1.72, 5.24],
							"pivot": [-2.13799, -1.22, -2.40692],
							"rotation": [33.31526, -12.22614, -9.51575],
							"uv": {
								"north": {"uv": [71, 6], "uv_size": [1, 1.5]},
								"east": {"uv": [67, 20], "uv_size": [5, 1.5]},
								"south": {"uv": [48, 71], "uv_size": [1, 1.5]},
								"west": {"uv": [67, 22], "uv_size": [5, 1.5]},
								"up": {"uv": [43, 68], "uv_size": [1, 5]},
								"down": {"uv": [53, 74], "uv_size": [1, -5]}
							}
						},
						{
							"origin": [-1.12713, -2.08, 1.78406],
							"size": [1.24, 1.72, 5.24],
							"pivot": [-2.13799, -1.22, 2.40692],
							"rotation": [-33.31526, 12.22614, -9.51575],
							"uv": {
								"north": {"uv": [62, 71], "uv_size": [1, 1.5]},
								"east": {"uv": [67, 36], "uv_size": [5, 1.5]},
								"south": {"uv": [63, 71], "uv_size": [1, 1.5]},
								"west": {"uv": [67, 38], "uv_size": [5, 1.5]},
								"up": {"uv": [4, 70], "uv_size": [1, 5]},
								"down": {"uv": [5, 75], "uv_size": [1, -5]}
							}
						},
						{
							"origin": [-6.21335, -3.90519, -11.76674],
							"size": [1.24, 1.72, 5.24],
							"pivot": [-4.22421, -3.04519, -6.1496],
							"rotation": [78.42936, 13.00023, 6.85471],
							"uv": {
								"north": {"uv": [71, 2], "uv_size": [1, 1.5]},
								"east": {"uv": [67, 16], "uv_size": [5, 1.5]},
								"south": {"uv": [71, 4], "uv_size": [1, 1.5]},
								"west": {"uv": [67, 18], "uv_size": [5, 1.5]},
								"up": {"uv": [41, 68], "uv_size": [1, 5]},
								"down": {"uv": [42, 73], "uv_size": [1, -5]}
							}
						},
						{
							"origin": [0.10245, -3.98596, -12.13308],
							"size": [1.24, 1.72, 5.24],
							"pivot": [-0.64669, -3.12596, -6.51594],
							"rotation": [78.42936, -13.00023, -6.85471],
							"uv": {
								"north": {"uv": [49, 71], "uv_size": [1, 1.5]},
								"east": {"uv": [67, 24], "uv_size": [5, 1.5]},
								"south": {"uv": [50, 71], "uv_size": [1, 1.5]},
								"west": {"uv": [67, 26], "uv_size": [5, 1.5]},
								"up": {"uv": [54, 69], "uv_size": [1, 5]},
								"down": {"uv": [55, 74], "uv_size": [1, -5]}
							}
						},
						{
							"origin": [-0.16726, -3.41738, 6.09272],
							"size": [1.24, 1.72, 5.24],
							"pivot": [-0.91641, -2.55738, 5.71558],
							"rotation": [-78.42936, 13.00023, -6.85471],
							"uv": {
								"north": {"uv": [64, 71], "uv_size": [1, 1.5]},
								"east": {"uv": [67, 40], "uv_size": [5, 1.5]},
								"south": {"uv": [65, 71], "uv_size": [1, 1.5]},
								"west": {"uv": [67, 42], "uv_size": [5, 1.5]},
								"up": {"uv": [6, 70], "uv_size": [1, 5]},
								"down": {"uv": [7, 75], "uv_size": [1, -5]}
							}
						}
					]
				},
				{
					"name": "leftLeg",
					"parent": "root",
					"pivot": [1.9, 12, 0],
					"cubes": [
						{
							"origin": [-0.22, -0.36, -2.12],
							"size": [4.24, 12.72, 4.24],
							"uv": {
								"north": {"uv": [63, 24], "uv_size": [-4, 12.5]},
								"east": {"uv": [20, 63], "uv_size": [-4, 12.5]},
								"south": {"uv": [64, 50], "uv_size": [-4, 12.5]},
								"west": {"uv": [63, 37], "uv_size": [-4, 12.5]},
								"up": {"uv": [60, 64], "uv_size": [-4, 4]},
								"down": {"uv": [68, 63], "uv_size": [-4, -4]}
							}
						},
						{
							"origin": [-0.22, -2.08, -3.12],
							"size": [4.24, 1.72, 5.24],
							"uv": {
								"north": {"uv": [60, 68], "uv_size": [-4, 1.5]},
								"east": {"uv": [72, 10], "uv_size": [-5, 1.5]},
								"south": {"uv": [64, 69], "uv_size": [-4, 1.5]},
								"west": {"uv": [72, 8], "uv_size": [-5, 1.5]},
								"up": {"uv": [52, 64], "uv_size": [-4, 5]},
								"down": {"uv": [68, 54], "uv_size": [-4, -5]}
							}
						},
						{
							"origin": [1.78, -2.08, -8.12],
							"size": [1.24, 1.72, 5.24],
							"pivot": [1.9, -1.22, -2.5],
							"rotation": [25, 0, 0],
							"uv": {
								"north": {"uv": [52, 71], "uv_size": [-1, 1.5]},
								"east": {"uv": [72, 30], "uv_size": [-5, 1.5]},
								"south": {"uv": [53, 71], "uv_size": [-1, 1.5]},
								"west": {"uv": [72, 28], "uv_size": [-5, 1.5]},
								"up": {"uv": [1, 70], "uv_size": [-1, 5]},
								"down": {"uv": [2, 75], "uv_size": [-1, -5]}
							}
						},
						{
							"origin": [1.78, -3.69474, -12.63688],
							"size": [1.24, 1.72, 5.24],
							"pivot": [1.9, -2.83474, -7.01688],
							"rotation": [65, 0, 0],
							"uv": {
								"north": {"uv": [61, 71], "uv_size": [-1, 1.5]},
								"east": {"uv": [72, 34], "uv_size": [-5, 1.5]},
								"south": {"uv": [62, 71], "uv_size": [-1, 1.5]},
								"west": {"uv": [72, 32], "uv_size": [-5, 1.5]},
								"up": {"uv": [3, 70], "uv_size": [-1, 5]},
								"down": {"uv": [4, 75], "uv_size": [-1, -5]}
							}
						},
						{
							"origin": [2.88713, -2.08, -8.02406],
							"size": [1.24, 1.72, 5.24],
							"pivot": [2.13799, -1.22, -2.40692],
							"rotation": [35.17121, -21.2688, -12.74686],
							"uv": {
								"north": {"uv": [71, 66], "uv_size": [-1, 1.5]},
								"east": {"uv": [72, 14], "uv_size": [-5, 1.5]},
								"south": {"uv": [72, 0], "uv_size": [-1, 1.5]},
								"west": {"uv": [72, 12], "uv_size": [-5, 1.5]},
								"up": {"uv": [60, 50], "uv_size": [-1, 5]},
								"down": {"uv": [16, 73], "uv_size": [-1, -5]}
							}
						},
						{
							"origin": [-0.11287, -2.08, -8.02406],
							"size": [1.24, 1.72, 5.24],
							"pivot": [2.13799, -1.22, -2.40692],
							"rotation": [33.31526, 12.22614, 9.51575],
							"uv": {
								"north": {"uv": [72, 6], "uv_size": [-1, 1.5]},
								"east": {"uv": [72, 22], "uv_size": [-5, 1.5]},
								"south": {"uv": [49, 71], "uv_size": [-1, 1.5]},
								"west": {"uv": [72, 20], "uv_size": [-5, 1.5]},
								"up": {"uv": [44, 68], "uv_size": [-1, 5]},
								"down": {"uv": [54, 74], "uv_size": [-1, -5]}
							}
						},
						{
							"origin": [-0.11287, -2.08, 1.78406],
							"size": [1.24, 1.72, 5.24],
							"pivot": [2.13799, -1.22, 2.40692],
							"rotation": [-33.31526, -12.22614, 9.51575],
							"uv": {
								"north": {"uv": [63, 71], "uv_size": [-1, 1.5]},
								"east": {"uv": [72, 38], "uv_size": [-5, 1.5]},
								"south": {"uv": [64, 71], "uv_size": [-1, 1.5]},
								"west": {"uv": [72, 36], "uv_size": [-5, 1.5]},
								"up": {"uv": [5, 70], "uv_size": [-1, 5]},
								"down": {"uv": [6, 75], "uv_size": [-1, -5]}
							}
						},
						{
							"origin": [4.97335, -3.90519, -11.76674],
							"size": [1.24, 1.72, 5.24],
							"pivot": [4.22421, -3.04519, -6.1496],
							"rotation": [78.42936, -13.00023, -6.85471],
							"uv": {
								"north": {"uv": [72, 2], "uv_size": [-1, 1.5]},
								"east": {"uv": [72, 18], "uv_size": [-5, 1.5]},
								"south": {"uv": [72, 4], "uv_size": [-1, 1.5]},
								"west": {"uv": [72, 16], "uv_size": [-5, 1.5]},
								"up": {"uv": [42, 68], "uv_size": [-1, 5]},
								"down": {"uv": [43, 73], "uv_size": [-1, -5]}
							}
						},
						{
							"origin": [-1.34245, -3.98596, -12.13308],
							"size": [1.24, 1.72, 5.24],
							"pivot": [0.64669, -3.12596, -6.51594],
							"rotation": [78.42936, 13.00023, 6.85471],
							"uv": {
								"north": {"uv": [50, 71], "uv_size": [-1, 1.5]},
								"east": {"uv": [72, 26], "uv_size": [-5, 1.5]},
								"south": {"uv": [51, 71], "uv_size": [-1, 1.5]},
								"west": {"uv": [72, 24], "uv_size": [-5, 1.5]},
								"up": {"uv": [55, 69], "uv_size": [-1, 5]},
								"down": {"uv": [56, 74], "uv_size": [-1, -5]}
							}
						},
						{
							"origin": [-1.07274, -3.41738, 6.09272],
							"size": [1.24, 1.72, 5.24],
							"pivot": [0.91641, -2.55738, 5.71558],
							"rotation": [-78.42936, -13.00023, 6.85471],
							"uv": {
								"north": {"uv": [65, 71], "uv_size": [-1, 1.5]},
								"east": {"uv": [72, 42], "uv_size": [-5, 1.5]},
								"south": {"uv": [66, 71], "uv_size": [-1, 1.5]},
								"west": {"uv": [72, 40], "uv_size": [-5, 1.5]},
								"up": {"uv": [7, 70], "uv_size": [-1, 5]},
								"down": {"uv": [8, 75], "uv_size": [-1, -5]}
							}
						}
					]
				}
			]
		}
	]
}