{
	"format_version": "1.12.0",
	"minecraft:geometry": [
		{
			"description": {
				"identifier": "geometry.player_leopard_awk",
				"texture_width": 128,
				"texture_height": 128,
				"visible_bounds_width": 7,
				"visible_bounds_height": 4.5,
				"visible_bounds_offset": [0, 1.75, 0]
			},
			"bones": [
				{
					"name": "Root",
					"pivot": [0, 14, 0]
				},
				{
					"name": "corpo",
					"parent": "Root",
					"pivot": [0, 32.59, 0],
					"cubes": [
						{
							"origin": [-4.50462, 18.96954, -2.68475],
							"size": [8.64, 6.63, 4.32],
							"uv": {
								"north": {"uv": [40, 56], "uv_size": [16, 8]},
								"east": {"uv": [32, 56], "uv_size": [8, 8]},
								"south": {"uv": [64, 56], "uv_size": [16, 8]},
								"west": {"uv": [56, 56], "uv_size": [8, 8]},
								"up": {"uv": [40, 32], "uv_size": [14.75, 7.25]},
								"down": {"uv": [55, 39.25], "uv_size": [16.75, -7.25]}
							}
						},
						{
							"origin": [-4.03662, 24.34274, -4.20095],
							"size": [7.704, 10.5336, 7.0224],
							"pivot": [-0.18462, 23.60954, -0.68975],
							"rotation": [15, 0, 0],
							"uv": {
								"north": {"uv": [40, 45], "uv_size": [16, 14]},
								"east": {"uv": [32, 45], "uv_size": [8, 14]},
								"south": {"uv": [64, 45], "uv_size": [16, 14]},
								"west": {"uv": [56, 45], "uv_size": [8, 14]},
								"up": {"uv": [28, 11], "uv_size": [11.75, 8]},
								"down": {"uv": [40, 53], "uv_size": [16, -4]}
							}
						},
						{
							"origin": [-4.80203, 27.64061, -5.94365],
							"size": [9.23483, 10.58786, 9.1778],
							"pivot": [-0.18462, 26.93454, -1.35475],
							"rotation": [15, 0, 0],
							"uv": {
								"north": {"uv": [40, 40], "uv_size": [16, 14]},
								"east": {"uv": [32, 40], "uv_size": [8, 14]},
								"south": {"uv": [64, 40], "uv_size": [16, 14]},
								"west": {"uv": [56, 40], "uv_size": [8, 14]},
								"up": {"uv": [40, 32], "uv_size": [16, 8]},
								"down": {"uv": [40, 53], "uv_size": [16, -4]}
							}
						}
					]
				},
				{
					"name": "Cauda",
					"parent": "corpo",
					"pivot": [-0.18462, 18.67954, 2.97525],
					"rotation": [22.5, 0, 0],
					"cubes": [
						{
							"origin": [-0.18462, 18.67954, 1.97525],
							"size": [0, 2, 9],
							"uv": {
								"north": {"uv": [69, 61], "uv_size": [3, 3]},
								"east": {"uv": [69, 61], "uv_size": [3, 3]},
								"south": {"uv": [69, 61], "uv_size": [3, 3]},
								"west": {"uv": [69, 61], "uv_size": [3, 3]},
								"up": {"uv": [72, 64], "uv_size": [-3, -3]},
								"down": {"uv": [72, 64], "uv_size": [-3, -3]}
							}
						}
					]
				},
				{
					"name": "bone",
					"parent": "Cauda",
					"pivot": [-0.18462, 19.67954, 10.97525],
					"cubes": [
						{
							"origin": [-0.18462, 20.09226, 10.76758],
							"size": [0, 2, 11],
							"pivot": [-0.18462, 20.71129, 6.28212],
							"rotation": [-17.5, 0, 0],
							"uv": {
								"north": {"uv": [69, 61], "uv_size": [3, 3]},
								"east": {"uv": [69, 61], "uv_size": [3, 3]},
								"south": {"uv": [69, 61], "uv_size": [3, 3]},
								"west": {"uv": [69, 61], "uv_size": [3, 3]},
								"up": {"uv": [72, 64], "uv_size": [-3, -3]},
								"down": {"uv": [72, 64], "uv_size": [-3, -3]}
							}
						}
					]
				},
				{
					"name": "bone2",
					"parent": "bone",
					"pivot": [-0.18462, 16.0704, 21.03659],
					"cubes": [
						{
							"origin": [-0.18462, 18.57806, 21.62786],
							"size": [0, 2, 11],
							"pivot": [-0.18462, 19.19709, 17.1424],
							"rotation": [-40, 0, 0],
							"uv": {
								"north": {"uv": [69, 61], "uv_size": [3, 3]},
								"east": {"uv": [69, 61], "uv_size": [3, 3]},
								"south": {"uv": [69, 61], "uv_size": [3, 3]},
								"west": {"uv": [69, 61], "uv_size": [3, 3]},
								"up": {"uv": [72, 64], "uv_size": [-3, -3]},
								"down": {"uv": [72, 64], "uv_size": [-3, -3]}
							}
						}
					]
				},
				{
					"name": "bone3",
					"parent": "bone2",
					"pivot": [-0.18462, 9.04257, 29.19052],
					"cubes": [
						{
							"origin": [-0.18462, 8.04257, 28.69052],
							"size": [0, 2, 11],
							"pivot": [-0.18462, 9.04257, 34.19052],
							"rotation": [-7.5, 0, 0],
							"uv": {
								"north": {"uv": [69, 61], "uv_size": [3, 3]},
								"east": {"uv": [69, 61], "uv_size": [3, 3]},
								"south": {"uv": [69, 61], "uv_size": [3, 3]},
								"west": {"uv": [69, 61], "uv_size": [3, 3]},
								"up": {"uv": [72, 64], "uv_size": [-3, -3]},
								"down": {"uv": [72, 64], "uv_size": [-3, -3]}
							}
						}
					]
				},
				{
					"name": "head",
					"parent": "corpo",
					"pivot": [0, 37.12, -6],
					"cubes": [
						{
							"origin": [-3.52, 37.12, -9.52],
							"size": [7.04, 7.04, 7.04],
							"uv": {
								"north": {"uv": [16, 16], "uv_size": [16, 16]},
								"east": {"uv": [0, 16], "uv_size": [16, 16]},
								"south": {"uv": [48, 16], "uv_size": [16, 16]},
								"west": {"uv": [32, 16], "uv_size": [16, 16]},
								"up": {"uv": [16, 0], "uv_size": [16, 16]},
								"down": {"uv": [32, 16], "uv_size": [16, -16]}
							}
						}
					]
				},
				{
					"name": "bracodireito",
					"parent": "corpo",
					"pivot": [-5.98, 32.92, -2],
					"rotation": [-0.88045, -9.96156, 15.07673],
					"cubes": [
						{
							"origin": [-8.88424, 15.74401, -4.47195],
							"size": [3.8944, 9.7888, 4.8944],
							"pivot": [-7.26256, 24.6346, -2.02475],
							"rotation": [-12.5, 0, -2.5],
							"uv": {
								"north": {"uv": [48, 0], "uv_size": [-16, 16]},
								"east": {"uv": [48, 0], "uv_size": [-16, 16]},
								"south": {"uv": [48, 0], "uv_size": [-16, 16]},
								"west": {"uv": [48, 0], "uv_size": [-16, 16]},
								"up": {"uv": [96, 53.5], "uv_size": [-8, -0.5]},
								"down": {"uv": [104, 39.5], "uv_size": [-8, -7.5]}
							}
						},
						{
							"origin": [-9.15462, 24.61954, -4.68475],
							"size": [4.32, 7.98, 5.32],
							"uv": {
								"north": {"uv": [48, 0], "uv_size": [-16, 16]},
								"east": {"uv": [48, 0], "uv_size": [-16, 16]},
								"south": {"uv": [48, 0], "uv_size": [-16, 16]},
								"west": {"uv": [48, 0], "uv_size": [-16, 16]},
								"up": {"uv": [65, 39], "uv_size": [5.25, 5.25]},
								"down": {"uv": [32, 16], "uv_size": [16, -16]}
							}
						},
						{
							"origin": [-9.47382, 30.79074, -5.00395],
							"size": [4.9584, 6.2776, 5.9584],
							"pivot": [-7.49462, 33.92954, -2.02475],
							"rotation": [0, 0, 20],
							"uv": {
								"north": {"uv": [88, 40], "uv_size": [8, 7.5]},
								"east": {"uv": [80, 40], "uv_size": [8, 7.5]},
								"south": {"uv": [104, 40], "uv_size": [8, 7.5]},
								"west": {"uv": [96, 40], "uv_size": [8, 7.5]},
								"up": {"uv": [96, 39.5], "uv_size": [-8, -7.5]},
								"down": {"uv": [88, 47.5], "uv_size": [-8, -7.5]}
							}
						}
					]
				},
				{
					"name": "bracoesquerdo",
					"parent": "corpo",
					"pivot": [5.98, 32.92, -2],
					"rotation": [-0.88045, 9.96156, -15.07673],
					"cubes": [
						{
							"origin": [4.98984, 15.74401, -4.47195],
							"size": [3.8944, 9.7888, 4.8944],
							"pivot": [7.26256, 24.6346, -2.02475],
							"rotation": [-12.5, 0, 2.5],
							"uv": {
								"north": {"uv": [48, 0], "uv_size": [-16, 16]},
								"east": {"uv": [48, 0], "uv_size": [-16, 16]},
								"south": {"uv": [48, 0], "uv_size": [-16, 16]},
								"west": {"uv": [48, 0], "uv_size": [-16, 16]},
								"up": {"uv": [88, 53.5], "uv_size": [8, -0.5]},
								"down": {"uv": [32, 16], "uv_size": [16, -16]}
							}
						},
						{
							"origin": [4.83462, 24.61954, -4.68475],
							"size": [4.32, 7.98, 5.32],
							"uv": {
								"north": {"uv": [48, 0], "uv_size": [-16, 16]},
								"east": {"uv": [48, 0], "uv_size": [-16, 16]},
								"south": {"uv": [48, 0], "uv_size": [-16, 16]},
								"west": {"uv": [48, 0], "uv_size": [-16, 16]},
								"up": {"uv": [70.25, 39], "uv_size": [-5.25, 5.25]},
								"down": {"uv": [88, 53.5], "uv_size": [8, -0.5]}
							}
						},
						{
							"origin": [4.51542, 30.79074, -5.00395],
							"size": [4.9584, 6.2776, 5.9584],
							"pivot": [7.49462, 33.92954, -2.02475],
							"rotation": [0, 0, -20],
							"uv": {
								"north": {"uv": [96, 40], "uv_size": [-8, 7.5]},
								"east": {"uv": [104, 40], "uv_size": [-8, 7.5]},
								"south": {"uv": [112, 40], "uv_size": [-8, 7.5]},
								"west": {"uv": [88, 40], "uv_size": [-8, 7.5]},
								"up": {"uv": [88, 39.5], "uv_size": [8, -7.5]},
								"down": {"uv": [80, 47.5], "uv_size": [8, -7.5]}
							}
						}
					]
				},
				{
					"name": "pernadireita",
					"parent": "corpo",
					"pivot": [-3.527, 17.96, 0],
					"rotation": [-22.64507, 9.79441, 4.05064],
					"cubes": [
						{
							"origin": [-5.66353, 10.16847, -2.98491],
							"size": [4.9584, 10.0352, 5.9584],
							"uv": {
								"north": {"uv": [40, 104], "uv_size": [8, 11]},
								"east": {"uv": [32, 104], "uv_size": [8, 11]},
								"south": {"uv": [56, 104], "uv_size": [8, 11]},
								"west": {"uv": [48, 104], "uv_size": [8, 11]},
								"up": {"uv": [48, 104], "uv_size": [-8, -8]},
								"down": {"uv": [48, 115], "uv_size": [-8, -1]}
							}
						},
						{
							"origin": [-4.54352, 8.13197, -5.68893],
							"size": [2.7184, 7.7952, 3.7184],
							"pivot": [-3.68432, 15.38957, 0.65027],
							"rotation": [80, 0, 0],
							"uv": {
								"north": {"uv": [40, 115], "uv_size": [8, 10]},
								"east": {"uv": [32, 115], "uv_size": [8, 10]},
								"south": {"uv": [56, 115], "uv_size": [8, 10]},
								"west": {"uv": [48, 115], "uv_size": [8, 10]},
								"up": {"uv": [48, 115], "uv_size": [-8, -1]},
								"down": {"uv": [48, 125], "uv_size": [-8, -1]}
							}
						},
						{
							"origin": [-4.31834, 1.75871, 4.70089],
							"size": [2.04909, 8.22886, 3.04909],
							"pivot": [-3.79379, 5.87315, 6.22543],
							"rotation": [-22.5, 0, 0],
							"uv": {
								"north": {"uv": [40, 115], "uv_size": [8, 10]},
								"east": {"uv": [32, 115], "uv_size": [8, 10]},
								"south": {"uv": [56, 115], "uv_size": [8, 10]},
								"west": {"uv": [48, 115], "uv_size": [8, 10]},
								"up": {"uv": [48, 125], "uv_size": [-8, -1]},
								"down": {"uv": [48, 125], "uv_size": [-8, -1]}
							}
						},
						{
							"origin": [-4.54124, 0.38147, -0.38274],
							"size": [2.42093, 4.08038, 3.42093],
							"pivot": [-3.83078, -0.15434, 1.32772],
							"rotation": [-57.5, 0, 0],
							"uv": {
								"north": {"uv": [48, 0], "uv_size": [-16, 16]},
								"east": {"uv": [48, 0], "uv_size": [-16, 16]},
								"south": {"uv": [48, 0], "uv_size": [-16, 16]},
								"west": {"uv": [48, 0], "uv_size": [-16, 16]},
								"up": {"uv": [64, 128], "uv_size": [-8, -3]},
								"down": {"uv": [32, 16], "uv_size": [16, -16]}
							}
						}
					]
				},
				{
					"name": "pernaesquerda",
					"parent": "corpo",
					"pivot": [3.527, 17.96, 0],
					"rotation": [-22.64507, -9.79441, -4.05064],
					"cubes": [
						{
							"origin": [0.70513, 10.16847, -2.98491],
							"size": [4.9584, 10.0352, 5.9584],
							"uv": {
								"north": {"uv": [48, 104], "uv_size": [-8, 11]},
								"east": {"uv": [56, 104], "uv_size": [-8, 11]},
								"south": {"uv": [64, 104], "uv_size": [-8, 11]},
								"west": {"uv": [40, 104], "uv_size": [-8, 11]},
								"up": {"uv": [40, 104], "uv_size": [8, -8]},
								"down": {"uv": [40, 115], "uv_size": [8, -1]}
							}
						},
						{
							"origin": [1.82512, 8.13197, -5.68893],
							"size": [2.7184, 7.7952, 3.7184],
							"pivot": [3.68432, 15.38957, 0.65027],
							"rotation": [80, 0, 0],
							"uv": {
								"north": {"uv": [48, 115], "uv_size": [-8, 10]},
								"east": {"uv": [56, 115], "uv_size": [-8, 10]},
								"south": {"uv": [64, 115], "uv_size": [-8, 10]},
								"west": {"uv": [40, 115], "uv_size": [-8, 10]},
								"up": {"uv": [40, 115], "uv_size": [8, -1]},
								"down": {"uv": [40, 125], "uv_size": [8, -1]}
							}
						},
						{
							"origin": [2.26925, 1.75871, 4.70089],
							"size": [2.04909, 8.22886, 3.04909],
							"pivot": [3.79379, 5.87315, 6.22543],
							"rotation": [-22.5, 0, 0],
							"uv": {
								"north": {"uv": [48, 115], "uv_size": [-8, 10]},
								"east": {"uv": [56, 115], "uv_size": [-8, 10]},
								"south": {"uv": [64, 115], "uv_size": [-8, 10]},
								"west": {"uv": [40, 115], "uv_size": [-8, 10]},
								"up": {"uv": [40, 125], "uv_size": [8, -1]},
								"down": {"uv": [40, 125], "uv_size": [8, -1]}
							}
						},
						{
							"origin": [2.12031, 0.38147, -0.38274],
							"size": [2.42093, 4.08038, 3.42093],
							"pivot": [3.83078, -0.15434, 1.32772],
							"rotation": [-57.5, 0, 0],
							"uv": {
								"north": {"uv": [48, 0], "uv_size": [-16, 16]},
								"east": {"uv": [48, 0], "uv_size": [-16, 16]},
								"south": {"uv": [48, 0], "uv_size": [-16, 16]},
								"west": {"uv": [48, 0], "uv_size": [-16, 16]},
								"up": {"uv": [56, 128], "uv_size": [8, -3]},
								"down": {"uv": [32, 16], "uv_size": [16, -16]}
							}
						}
					]
				}
			]
		}
	]
}