{
	"format_version": "1.12.0",
	"minecraft:geometry": [
		{
			"description": {
				"identifier": "geometry.pmochi",
				"texture_width": 256,
				"texture_height": 256,
				"visible_bounds_width": 11,
				"visible_bounds_height": 9,
				"visible_bounds_offset": [0, 2.5, 0]
			},
			"bones": [
				{
					"name": "Mochimochi",
					"pivot": [0, 0, 0]
				},
				{
					"name": "rightMochiArm",
					"parent": "Mochimochi",
					"pivot": [-36.875, 34, 39.6033],
					"rotation": [-6.21091, -3.33939, 95.69359],
					"cubes": [
						{
							"origin": [-52.28186, 17.71814, 37.30569],
							"size": [31.56371, 32.56371, 9.38982],
							"pivot": [-36.5, 34, 42.0006],
							"rotation": [0, 0, 40],
							"uv": {
								"north": {"uv": [243, 104], "uv_size": [13, 13]},
								"east": {"uv": [243, 83], "uv_size": [13, 13]},
								"south": {"uv": [243, 104], "uv_size": [13, 13]},
								"west": {"uv": [243, 83], "uv_size": [13, 13]},
								"up": {"uv": [256, 96], "uv_size": [-13, -13]},
								"down": {"uv": [256, 96], "uv_size": [-13, -13]}
							}
						}
					]
				},
				{
					"name": "arm",
					"parent": "rightMochiArm",
					"pivot": [-37, 34, 37.8042],
					"cubes": [
						{
							"origin": [-44.42892, 26.57108, -88.44929],
							"size": [14.85785, 14.85785, 13.89738],
							"uv": {
								"north": {"uv": [52, 52], "uv_size": [15, 15]},
								"east": {"uv": [52, 82], "uv_size": [14, 15]},
								"south": {"uv": [52, 67], "uv_size": [15, 15]},
								"west": {"uv": [82, 52], "uv_size": [14, 15]},
								"up": {"uv": [66, 82], "uv_size": [15, 14]},
								"down": {"uv": [82, 81], "uv_size": [15, -14]}
							}
						},
						{
							"origin": [-42.21394, 28.78606, -76.12101],
							"size": [10.42788, 10.42788, 6.06723],
							"uv": {
								"north": {"uv": [144, 91], "uv_size": [10, 10]},
								"east": {"uv": [88, 110], "uv_size": [6, 10]},
								"south": {"uv": [115, 144], "uv_size": [10, 10]},
								"west": {"uv": [173, 182], "uv_size": [6, 10]},
								"up": {"uv": [147, 59], "uv_size": [10, 6]},
								"down": {"uv": [78, 155], "uv_size": [10, -6]}
							}
						},
						{
							"origin": [-43.28186, 27.71814, -70.69431],
							"size": [12.56371, 12.56371, 107.38982],
							"uv": {
								"north": {"uv": [95, 96], "uv_size": [13, 13]},
								"east": {"uv": [0, 0], "uv_size": [107, 13]},
								"south": {"uv": [52, 97], "uv_size": [13, 13]},
								"west": {"uv": [0, 0], "uv_size": [107, 13]},
								"up": {"uv": [0, 26], "uv_size": [13, 107]},
								"down": {"uv": [0, 133], "uv_size": [13, -107]}
							}
						}
					]
				}
			]
		}
	]
}