{
	"format_version": "1.12.0",
	"minecraft:geometry": [
		{
			"description": {
				"identifier": "geometry.sandsword",
				"texture_width": 64,
				"texture_height": 64,
				"visible_bounds_width": 4,
				"visible_bounds_height": 3,
				"visible_bounds_offset": [0, 1.5, 0]
			},
			"bones": [
				{
					"name": "root",
					"pivot": [0, 0, 0]
				},
				{
					"name": "waist",
					"parent": "root",
					"pivot": [0, 12, 0]
				},
				{
					"name": "body",
					"parent": "waist",
					"pivot": [0, 24, 0],
					"cubes": [
						{
							"origin": [-4, 12, -2],
							"size": [8, 12, 4],
							"uv": {
								"north": {"uv": [4, 20], "uv_size": [8, 12]},
								"east": {"uv": [0, 20], "uv_size": [4, 12]},
								"south": {"uv": [16, 20], "uv_size": [8, 12]},
								"west": {"uv": [12, 20], "uv_size": [4, 12]},
								"up": {"uv": [4, 16], "uv_size": [8, 4]},
								"down": {"uv": [12, 20], "uv_size": [8, -4]}
							}
						}
					]
				},
				{
					"name": "head",
					"parent": "body",
					"pivot": [0, 24, 0],
					"cubes": [
						{
							"origin": [-4, 24, -4],
							"size": [8, 8, 8],
							"uv": {
								"north": {"uv": [8, 8], "uv_size": [8, 8]},
								"east": {"uv": [0, 8], "uv_size": [8, 8]},
								"south": {"uv": [24, 8], "uv_size": [8, 8]},
								"west": {"uv": [16, 8], "uv_size": [8, 8]},
								"up": {"uv": [8, 0], "uv_size": [8, 8]},
								"down": {"uv": [16, 8], "uv_size": [8, -8]}
							}
						}
					]
				},
				{
					"name": "hat",
					"parent": "head",
					"pivot": [0, 24, 0]
				},
				{
					"name": "cape",
					"parent": "body",
					"pivot": [0, 24, 3]
				},
				{
					"name": "leftArm",
					"parent": "body",
					"pivot": [5, 22, 0],
					"cubes": [
						{
							"origin": [4, 12, -2],
							"size": [4, 12, 4],
							"inflate": 0.5,
							"uv": {
								"north": {"uv": [20, 36], "uv_size": [4, 12]},
								"east": {"uv": [20, 36], "uv_size": [4, 12]},
								"south": {"uv": [20, 36], "uv_size": [4, 12]},
								"west": {"uv": [20, 36], "uv_size": [4, 12]},
								"up": {"uv": [20, 32], "uv_size": [4, 4]},
								"down": {"uv": [20, 36], "uv_size": [4, -4]}
							}
						},
						{
							"origin": [8, 12, 0],
							"size": [9, 12, 0],
							"uv": {
								"north": {"uv": [40, 16], "uv_size": [9, 12]},
								"east": {"uv": [40, 16], "uv_size": [0, 12]},
								"south": {"uv": [49, 16], "uv_size": [9, 12]},
								"west": {"uv": [49, 16], "uv_size": [0, 12]},
								"up": {"uv": [40, 16], "uv_size": [9, 0]},
								"down": {"uv": [49, 16], "uv_size": [9, 0]}
							}
						}
					]
				},
				{
					"name": "leftSleeve",
					"parent": "leftArm",
					"pivot": [5, 22, 0]
				},
				{
					"name": "leftItem",
					"parent": "leftArm",
					"pivot": [6, 15, 1]
				},
				{
					"name": "rightArm",
					"parent": "body",
					"pivot": [-5, 22, 0],
					"cubes": [
						{
							"origin": [-8, 12, -2],
							"size": [4, 12, 4],
							"inflate": 0.5,
							"uv": {
								"north": {"uv": [28, 20], "uv_size": [4, 12]},
								"east": {"uv": [28, 20], "uv_size": [4, 12]},
								"south": {"uv": [28, 20], "uv_size": [4, 12]},
								"west": {"uv": [28, 20], "uv_size": [4, 12]},
								"up": {"uv": [28, 16], "uv_size": [4, 4]},
								"down": {"uv": [28, 20], "uv_size": [4, -4]}
							}
						},
						{
							"origin": [-17, 12, 0],
							"size": [9, 12, 0],
							"uv": {
								"north": {"uv": [32, 32], "uv_size": [9, 12]},
								"east": {"uv": [32, 32], "uv_size": [0, 12]},
								"south": {"uv": [41, 32], "uv_size": [9, 12]},
								"west": {"uv": [41, 32], "uv_size": [0, 12]},
								"up": {"uv": [32, 32], "uv_size": [9, 0]},
								"down": {"uv": [41, 32], "uv_size": [9, 0]}
							}
						}
					]
				},
				{
					"name": "rightSleeve",
					"parent": "rightArm",
					"pivot": [-5, 22, 0]
				},
				{
					"name": "rightItem",
					"parent": "rightArm",
					"pivot": [-6, 15, 1]
				},
				{
					"name": "jacket",
					"parent": "body",
					"pivot": [0, 24, 0]
				},
				{
					"name": "leftLeg",
					"parent": "root",
					"pivot": [1.9, 12, 0],
					"cubes": [
						{
							"origin": [-0.1, 0, -2],
							"size": [4, 12, 4],
							"uv": {
								"north": {"uv": [36, 4], "uv_size": [4, 12]},
								"east": {"uv": [32, 4], "uv_size": [4, 12]},
								"south": {"uv": [44, 4], "uv_size": [4, 12]},
								"west": {"uv": [40, 4], "uv_size": [4, 12]},
								"up": {"uv": [36, 0], "uv_size": [4, 4]},
								"down": {"uv": [40, 4], "uv_size": [4, -4]}
							}
						}
					]
				},
				{
					"name": "leftPants",
					"parent": "leftLeg",
					"pivot": [1.9, 12, 0]
				},
				{
					"name": "rightLeg",
					"parent": "root",
					"pivot": [-1.9, 12, 0],
					"cubes": [
						{
							"origin": [-3.9, 0, -2],
							"size": [4, 12, 4],
							"uv": {
								"north": {"uv": [4, 36], "uv_size": [4, 12]},
								"east": {"uv": [0, 36], "uv_size": [4, 12]},
								"south": {"uv": [12, 36], "uv_size": [4, 12]},
								"west": {"uv": [8, 36], "uv_size": [4, 12]},
								"up": {"uv": [4, 32], "uv_size": [4, 4]},
								"down": {"uv": [8, 36], "uv_size": [4, -4]}
							}
						}
					]
				},
				{
					"name": "rightPants",
					"parent": "rightLeg",
					"pivot": [-1.9, 12, 0]
				}
			]
		}
	]
}