{
	"format_version": "1.12.0",
	"minecraft:geometry": [
		{
			"description": {
				"identifier": "geometry.sanji",
				"texture_width": 64,
				"texture_height": 64,
				"visible_bounds_width": 3,
				"visible_bounds_height": 3.5,
				"visible_bounds_offset": [0, 1.25, 0]
			},
			"bones": [
				{
					"name": "Root",
					"pivot": [0, 12, 0]
				},
				{
					"name": "corpo",
					"parent": "Root",
					"pivot": [0, 24, 0],
					"cubes": [
						{
							"origin": [-4, 12, -2],
							"size": [8, 12, 4],
							"uv": {
								"north": {"uv": [0, 0], "uv_size": [8, 12]},
								"east": {"uv": [14, 19], "uv_size": [4, 12]},
								"south": {"uv": [8, 0], "uv_size": [8, 12]},
								"west": {"uv": [18, 19], "uv_size": [4, 12]},
								"up": {"uv": [38, 10], "uv_size": [8, 4]},
								"down": {"uv": [38, 18], "uv_size": [8, -4]}
							}
						}
					]
				},
				{
					"name": "head",
					"parent": "corpo",
					"pivot": [0, 24.12, 0],
					"cubes": [
						{
							"origin": [-3.52, 24.12, -3.52],
							"size": [7.04, 7.04, 7.04],
							"uv": {
								"north": {"uv": [0, 12], "uv_size": [7, 7]},
								"east": {"uv": [7, 12], "uv_size": [7, 7]},
								"south": {"uv": [14, 12], "uv_size": [7, 7]},
								"west": {"uv": [16, 0], "uv_size": [7, 7]},
								"up": {"uv": [0, 19], "uv_size": [7, 7]},
								"down": {"uv": [7, 26], "uv_size": [7, -7]}
							}
						}
					]
				},
				{
					"name": "Cabelo",
					"parent": "head",
					"pivot": [0, 29.12, 0],
					"cubes": [
						{
							"origin": [-3.48664, 31.13879, -3.53678],
							"size": [7.0632, 1.1772, 7.0632],
							"uv": {
								"north": {"uv": [43, 21], "uv_size": [6.5, 1]},
								"east": {"uv": [43, 22], "uv_size": [6.5, 1]},
								"south": {"uv": [45, 9], "uv_size": [6.5, 1]},
								"west": {"uv": [45, 36], "uv_size": [6.5, 1]},
								"up": {"uv": [34, 24], "uv_size": [6.5, 6.5]},
								"down": {"uv": [34, 37.5], "uv_size": [6.5, -6.5]}
							}
						},
						{
							"origin": [0.56945, 26.5, -4.03818],
							"size": [3.6624, 5, 8.3167],
							"pivot": [1.67996, 25.73239, -0.55018],
							"rotation": [0, 0, -2.5],
							"uv": {
								"north": {"uv": [12, 43], "uv_size": [3.25, 4.25]},
								"east": {"uv": [24, 36], "uv_size": [7.75, 4.25]},
								"south": {"uv": [16, 43], "uv_size": [3.25, 4.25]},
								"west": {"uv": [37, 0], "uv_size": [7.75, 4.25]},
								"up": {"uv": [8, 38], "uv_size": [3.25, 7.75]},
								"down": {"uv": [32, 45.75], "uv_size": [3.25, -7.75]}
							}
						},
						{
							"origin": [-4.14194, 26.72183, -4.03818],
							"size": [1.4824, 4.7524, 8.3167],
							"pivot": [-1.59004, 25.73239, -0.55018],
							"rotation": [0, 0, 2.5],
							"uv": {
								"north": {"uv": [23, 0], "uv_size": [1.25, 4.25]},
								"east": {"uv": [37, 5], "uv_size": [7.75, 4.25]},
								"south": {"uv": [12, 26], "uv_size": [1.25, 4.25]},
								"west": {"uv": [0, 38], "uv_size": [7.75, 4.25]},
								"up": {"uv": [45, 28], "uv_size": [1.25, 7.75]},
								"down": {"uv": [30, 52.75], "uv_size": [1.25, -7.75]}
							}
						}
					]
				},
				{
					"name": "bracodireito",
					"parent": "corpo",
					"pivot": [-5, 22, 0],
					"cubes": [
						{
							"origin": [-8, 12, -2],
							"size": [4, 12, 4],
							"uv": {
								"north": {"uv": [21, 7], "uv_size": [4, 12]},
								"east": {"uv": [22, 19], "uv_size": [4, 12]},
								"south": {"uv": [25, 0], "uv_size": [4, 12]},
								"west": {"uv": [0, 26], "uv_size": [4, 12]},
								"up": {"uv": [24, 41], "uv_size": [4, 4]},
								"down": {"uv": [28, 45], "uv_size": [4, -4]}
							}
						}
					]
				},
				{
					"name": "bracoesquerdo",
					"parent": "corpo",
					"pivot": [5, 22, 0],
					"cubes": [
						{
							"origin": [4, 12, -2],
							"size": [4, 12, 4],
							"uv": {
								"north": {"uv": [4, 26], "uv_size": [4, 12]},
								"east": {"uv": [8, 26], "uv_size": [4, 12]},
								"south": {"uv": [26, 12], "uv_size": [4, 12]},
								"west": {"uv": [26, 24], "uv_size": [4, 12]},
								"up": {"uv": [41, 28], "uv_size": [4, 4]},
								"down": {"uv": [41, 36], "uv_size": [4, -4]}
							}
						}
					]
				},
				{
					"name": "pernadireita",
					"parent": "corpo",
					"pivot": [-1.9, 12, 0],
					"cubes": [
						{
							"origin": [-3.9, 0, -2],
							"size": [4, 12, 4],
							"uv": {
								"north": {"uv": [29, 0], "uv_size": [4, 12]},
								"east": {"uv": [30, 12], "uv_size": [4, 12]},
								"south": {"uv": [30, 24], "uv_size": [4, 12]},
								"west": {"uv": [12, 31], "uv_size": [4, 12]},
								"up": {"uv": [41, 36], "uv_size": [4, 4]},
								"down": {"uv": [41, 44], "uv_size": [4, -4]}
							}
						},
						{
							"origin": [-4, -0.1, -2.12],
							"size": [4.24, 2.6, 4.24],
							"uv": {
								"north": {"uv": [43, 18], "uv_size": [4.25, 2.5]},
								"east": {"uv": [36, 43], "uv_size": [4.25, 2.5]},
								"south": {"uv": [41, 44], "uv_size": [4.25, 2.5]},
								"west": {"uv": [45, 0], "uv_size": [4.25, 2.5]},
								"up": {"uv": [16, 7], "uv_size": [4.25, 4.25]},
								"down": {"uv": [38, 22.25], "uv_size": [4.25, -4.25]}
							}
						}
					]
				},
				{
					"name": "pernaesquerda",
					"parent": "corpo",
					"pivot": [1.9, 12, 0],
					"cubes": [
						{
							"origin": [-0.1, 0, -2],
							"size": [4, 12, 4],
							"uv": {
								"north": {"uv": [16, 31], "uv_size": [4, 12]},
								"east": {"uv": [20, 31], "uv_size": [4, 12]},
								"south": {"uv": [33, 0], "uv_size": [4, 12]},
								"west": {"uv": [34, 12], "uv_size": [4, 12]},
								"up": {"uv": [0, 43], "uv_size": [4, 4]},
								"down": {"uv": [4, 47], "uv_size": [4, -4]}
							}
						},
						{
							"origin": [-0.24, -0.1, -2.12],
							"size": [4.24, 2.6, 4.24],
							"uv": {
								"north": {"uv": [45, 3], "uv_size": [4.25, 2.5]},
								"east": {"uv": [45, 6], "uv_size": [4.25, 2.5]},
								"south": {"uv": [20, 45], "uv_size": [4.25, 2.5]},
								"west": {"uv": [25, 45], "uv_size": [4.25, 2.5]},
								"up": {"uv": [36, 38], "uv_size": [4.25, 4.25]},
								"down": {"uv": [41, 27.25], "uv_size": [4.25, -4.25]}
							}
						}
					]
				}
			]
		}
	]
}