{
	"format_version": "1.12.0",
	"minecraft:geometry": [
		{
			"description": {
				"identifier": "geometry.skypiean",
				"texture_width": 64,
				"texture_height": 64,
				"visible_bounds_width": 4,
				"visible_bounds_height": 4.5,
				"visible_bounds_offset": [0, 0.75, 0]
			},
			"bones": [
				{
					"name": "root",
					"pivot": [0, 0, 0]
				},
				{
					"name": "waist",
					"parent": "root",
					"pivot": [0, 12, 0]
				},
				{
					"name": "body",
					"parent": "waist",
					"pivot": [0, 24, 0],
					"cubes": [
						{"origin": [-4.08, 11.88, -2.04], "size": [8.16, 12.24, 4.08], "uv": [0, 48]},
						{
							"origin": [-4.08, 15.88, 6.96],
							"size": [10.16, 8.24, 0],
							"pivot": [6, 20, 8.96],
							"rotation": [0, -32.5, 0],
							"uv": {
								"north": {"uv": [0, 13], "uv_size": [9.25, 8.25]},
								"east": {"uv": [0, 0], "uv_size": [0, 8.25]},
								"south": {"uv": [10, 13], "uv_size": [9.25, 8.25]},
								"west": {"uv": [0, 0], "uv_size": [0, 8.25]},
								"up": {"uv": [0, 0], "uv_size": [9.25, 0]},
								"down": {"uv": [0, 0], "uv_size": [9.25, 0]}
							}
						},
						{
							"origin": [-6.08, 15.88, 6.96],
							"size": [10.16, 8.24, 0],
							"pivot": [-6, 20, 8.96],
							"rotation": [0, 32.5, 0],
							"uv": {
								"north": {"uv": [18, 0], "uv_size": [9.25, 8.25]},
								"east": {"uv": [0, 0], "uv_size": [0, 8.25]},
								"south": {"uv": [20, 9], "uv_size": [9.25, 8.25]},
								"west": {"uv": [0, 0], "uv_size": [0, 8.25]},
								"up": {"uv": [0, 0], "uv_size": [9.25, 0]},
								"down": {"uv": [0, 0], "uv_size": [9.25, 0]}
							}
						}
					]
				},
				{
					"name": "cape",
					"parent": "body",
					"pivot": [0, 24, 3]
				},
				{
					"name": "head",
					"parent": "body",
					"pivot": [0, 24, 0],
					"cubes": [
						{"origin": [-4.08, 23.92, -4.08], "size": [8.16, 8.16, 8.16], "uv": [32, 48]}
					]
				},
				{
					"name": "rightArm",
					"parent": "body",
					"pivot": [-5, 22, 0],
					"cubes": [
						{
							"origin": [-8, 12, -2],
							"size": [4, 12, 4],
							"uv": {
								"north": {"uv": [4, 31], "uv_size": [4, 12]},
								"east": {"uv": [8, 31], "uv_size": [4, 12]},
								"south": {"uv": [12, 31], "uv_size": [4, 12]},
								"west": {"uv": [34, 9], "uv_size": [4, 12]},
								"up": {"uv": [29, 22], "uv_size": [4, 4]},
								"down": {"uv": [0, 48], "uv_size": [4, -4]}
							}
						}
					]
				},
				{
					"name": "leftArm",
					"parent": "body",
					"pivot": [5, 22, 0],
					"cubes": [
						{
							"origin": [4, 12, -2],
							"size": [4, 12, 4],
							"uv": {
								"north": {"uv": [16, 36], "uv_size": [4, 12]},
								"east": {"uv": [20, 36], "uv_size": [4, 12]},
								"south": {"uv": [36, 21], "uv_size": [4, 12]},
								"west": {"uv": [24, 36], "uv_size": [4, 12]},
								"up": {"uv": [44, 16], "uv_size": [4, 4]},
								"down": {"uv": [44, 24], "uv_size": [4, -4]}
							}
						}
					]
				},
				{
					"name": "leftLeg",
					"parent": "root",
					"pivot": [1.9, 12, 0],
					"cubes": [
						{"origin": [-0.1, 0, -2], "size": [4, 12, 4], "uv": [112, 112]}
					]
				},
				{
					"name": "rightLeg",
					"parent": "root",
					"pivot": [-1.9, 12, 0],
					"cubes": [
						{"origin": [-3.9, 0, -2], "size": [4, 12, 4], "uv": [112, 112]}
					]
				}
			]
		}
	]
}