{
	"format_version": "1.12.0",
	"minecraft:geometry": [
		{
			"description": {
				"identifier": "geometry.snakeman_player",
				"texture_width": 128,
				"texture_height": 128,
				"visible_bounds_width": 5,
				"visible_bounds_height": 10,
				"visible_bounds_offset": [0, 3, 0]
			},
			"bones": [
				{
					"name": "root",
					"pivot": [0, 1, 0]
				},
				{
					"name": "waist",
					"parent": "root",
					"pivot": [0, 13.5198, 0],
					"cubes": [
						{
							"origin": [-5.26307, 13.47493, -2.77156],
							"size": [10.52613, 2.70396, 5.54312],
							"uv": {
								"north": {"uv": [40, 104], "uv_size": [8, 10]},
								"east": {"uv": [40, 104], "uv_size": [8, 10]},
								"south": {"uv": [40, 104], "uv_size": [8, 10]},
								"west": {"uv": [40, 104], "uv_size": [8, 10]},
								"up": {"uv": [46, 2], "uv_size": [-12, -2]},
								"down": {"uv": [48, 104], "uv_size": [-8, -8]}
							}
						}
					]
				},
				{
					"name": "body",
					"parent": "waist",
					"pivot": [0, 25.57394, -0.60785],
					"cubes": [
						{
							"origin": [-5.76494, 16.06251, -3.02717],
							"size": [11.52988, 17.14185, 6.00823],
							"uv": {
								"north": {"uv": [34, 0], "uv_size": [12, 2]},
								"east": {"uv": [34, 0], "uv_size": [12, 2]},
								"south": {"uv": [34, 0], "uv_size": [12, 2]},
								"west": {"uv": [34, 0], "uv_size": [12, 2]},
								"up": {"uv": [46, 2], "uv_size": [-12, -2]},
								"down": {"uv": [46, 2], "uv_size": [-12, -2]}
							}
						},
						{
							"origin": [-6.44918, 18.19635, -3.96448],
							"size": [12.89836, 13.83021, 8.87284],
							"uv": {
								"north": {"uv": [34, 0], "uv_size": [12, 2]},
								"east": {"uv": [34, 0], "uv_size": [12, 2]},
								"south": {"uv": [34, 0], "uv_size": [12, 2]},
								"west": {"uv": [34, 0], "uv_size": [12, 2]},
								"up": {"uv": [46, 2], "uv_size": [-12, -2]},
								"down": {"uv": [46, 2], "uv_size": [-12, -2]}
							}
						},
						{
							"origin": [-7.57925, 19.84286, -4.61023],
							"size": [15.15849, 11.77049, 9.20831],
							"uv": {
								"north": {"uv": [34, 0], "uv_size": [12, 2]},
								"east": {"uv": [34, 0], "uv_size": [12, 2]},
								"south": {"uv": [34, 0], "uv_size": [12, 2]},
								"west": {"uv": [34, 0], "uv_size": [12, 2]},
								"up": {"uv": [46, 2], "uv_size": [-12, -2]},
								"down": {"uv": [46, 2], "uv_size": [-12, -2]}
							}
						},
						{
							"origin": [-8.81255, 23.26549, -5.28902],
							"size": [17.62508, 7.11456, 4.82963],
							"uv": {
								"north": {"uv": [34, 0], "uv_size": [12, 2]},
								"east": {"uv": [34, 0], "uv_size": [12, 2]},
								"south": {"uv": [34, 0], "uv_size": [12, 2]},
								"west": {"uv": [34, 0], "uv_size": [12, 2]},
								"up": {"uv": [46, 2], "uv_size": [-12, -2]},
								"down": {"uv": [46, 2], "uv_size": [-12, -2]}
							}
						}
					]
				},
				{
					"name": "cape",
					"parent": "body",
					"pivot": [0, 34.37931, 3.69989]
				},
				{
					"name": "Roupa",
					"parent": "body",
					"pivot": [0, 25.57394, -0.60785],
					"cubes": [
						{
							"origin": [-6.64461, 19.96967, -1.05421],
							"size": [13.28922, 13.24931, 6.14172],
							"uv": {
								"north": {"uv": [40, 42], "uv_size": [8, 13]},
								"east": {"uv": [32, 40], "uv_size": [8, 13]},
								"south": {"uv": [64, 40], "uv_size": [16, 13]},
								"west": {"uv": [56, 40], "uv_size": [8, 13]},
								"up": {"uv": [56, 33], "uv_size": [-16, -1]},
								"down": {"uv": [56, 33], "uv_size": [-16, -1]}
							}
						},
						{
							"origin": [5.35539, 19.96967, -4.05421],
							"size": [2.28922, 13.24931, 3.14172],
							"uv": {
								"north": {"uv": [53, 41], "uv_size": [3, 3]},
								"east": {"uv": [32, 40], "uv_size": [8, 13]},
								"south": {"uv": [64, 40], "uv_size": [16, 13]},
								"west": {"uv": [56, 40], "uv_size": [8, 13]},
								"up": {"uv": [56, 33], "uv_size": [-16, -1]},
								"down": {"uv": [56, 33], "uv_size": [-16, -1]}
							}
						},
						{
							"origin": [-7.64461, 19.96967, -4.05421],
							"size": [2.28922, 13.24931, 3.14172],
							"uv": {
								"north": {"uv": [40, 41], "uv_size": [3, 3]},
								"east": {"uv": [32, 40], "uv_size": [8, 13]},
								"south": {"uv": [80, 40], "uv_size": [-16, 13]},
								"west": {"uv": [56, 40], "uv_size": [8, 13]},
								"up": {"uv": [56, 33], "uv_size": [-16, -1]},
								"down": {"uv": [56, 33], "uv_size": [-16, -1]}
							}
						},
						{
							"origin": [-7.80892, 19.66607, -1.71953],
							"size": [15.61784, 12.12717, 6.48735],
							"uv": {
								"north": {"uv": [40, 42], "uv_size": [8, 13]},
								"east": {"uv": [32, 40], "uv_size": [8, 13]},
								"south": {"uv": [64, 40], "uv_size": [16, 13]},
								"west": {"uv": [56, 40], "uv_size": [8, 13]},
								"up": {"uv": [56, 33], "uv_size": [-16, -1]},
								"down": {"uv": [56, 33], "uv_size": [-16, -1]}
							}
						},
						{
							"origin": [6.19108, 19.66607, -5.71953],
							"size": [3.61784, 12.12717, 9.48735],
							"uv": {
								"north": {"uv": [48, 42], "uv_size": [8, 13]},
								"east": {"uv": [32, 40], "uv_size": [8, 13]},
								"south": {"uv": [64, 40], "uv_size": [16, 13]},
								"west": {"uv": [56, 40], "uv_size": [8, 13]},
								"up": {"uv": [56, 33], "uv_size": [-16, -1]},
								"down": {"uv": [56, 33], "uv_size": [-16, -1]}
							}
						},
						{
							"origin": [-9.80892, 19.66607, -5.71953],
							"size": [3.61784, 12.12717, 9.48735],
							"uv": {
								"north": {"uv": [40, 42], "uv_size": [8, 13]},
								"east": {"uv": [32, 40], "uv_size": [8, 13]},
								"south": {"uv": [80, 40], "uv_size": [-16, 13]},
								"west": {"uv": [56, 40], "uv_size": [8, 13]},
								"up": {"uv": [56, 33], "uv_size": [-16, -1]},
								"down": {"uv": [56, 33], "uv_size": [-16, -1]}
							}
						}
					]
				},
				{
					"name": "cape2",
					"parent": "Roupa",
					"pivot": [0, 35.4211, 3.812]
				},
				{
					"name": "rightArm",
					"parent": "body",
					"pivot": [-8.6913, 28.971, 0],
					"cubes": [
						{
							"origin": [-13.84437, 21.99288, -2.32318],
							"size": [5.42076, 4.64637, 4.64637],
							"uv": {
								"north": {"uv": [34, 0], "uv_size": [12, 2]},
								"east": {"uv": [34, 0], "uv_size": [12, 2]},
								"south": {"uv": [34, 0], "uv_size": [12, 2]},
								"west": {"uv": [34, 0], "uv_size": [12, 2]},
								"up": {"uv": [46, 2], "uv_size": [-12, -2]},
								"down": {"uv": [46, 2], "uv_size": [-12, -2]}
							}
						},
						{
							"origin": [-14.61877, 26.63925, -3.09758],
							"size": [6.96955, 5.42076, 6.19516],
							"uv": {
								"north": {"uv": [34, 0], "uv_size": [12, 2]},
								"east": {"uv": [34, 0], "uv_size": [12, 2]},
								"south": {"uv": [34, 0], "uv_size": [12, 2]},
								"west": {"uv": [34, 0], "uv_size": [12, 2]},
								"up": {"uv": [46, 2], "uv_size": [-12, -2]},
								"down": {"uv": [46, 2], "uv_size": [-12, -2]}
							}
						},
						{
							"origin": [-12.82604, 27.60337, -2.07925],
							"size": [4.1585, 5.04131, 4.9329],
							"uv": {
								"north": {"uv": [34, 0], "uv_size": [12, 2]},
								"east": {"uv": [34, 0], "uv_size": [12, 2]},
								"south": {"uv": [34, 0], "uv_size": [12, 2]},
								"west": {"uv": [34, 0], "uv_size": [12, 2]},
								"up": {"uv": [46, 2], "uv_size": [-12, -2]},
								"down": {"uv": [46, 2], "uv_size": [-12, -2]}
							}
						}
					]
				},
				{
					"name": "leftArm",
					"parent": "body",
					"pivot": [8.6913, 28.971, 0],
					"cubes": [
						{
							"origin": [8.42361, 21.99288, -2.32318],
							"size": [5.42076, 4.64637, 4.64637],
							"uv": {
								"north": {"uv": [34, 0], "uv_size": [12, 2]},
								"east": {"uv": [34, 0], "uv_size": [12, 2]},
								"south": {"uv": [34, 0], "uv_size": [12, 2]},
								"west": {"uv": [34, 0], "uv_size": [12, 2]},
								"up": {"uv": [46, 2], "uv_size": [-12, -2]},
								"down": {"uv": [46, 2], "uv_size": [-12, -2]}
							}
						},
						{
							"origin": [7.64921, 26.63925, -3.09758],
							"size": [6.96955, 5.42076, 6.19516],
							"uv": {
								"north": {"uv": [34, 0], "uv_size": [12, 2]},
								"east": {"uv": [34, 0], "uv_size": [12, 2]},
								"south": {"uv": [34, 0], "uv_size": [12, 2]},
								"west": {"uv": [34, 0], "uv_size": [12, 2]},
								"up": {"uv": [46, 2], "uv_size": [-12, -2]},
								"down": {"uv": [46, 2], "uv_size": [-12, -2]}
							}
						},
						{
							"origin": [8.66754, 27.60337, -2.07925],
							"size": [4.1585, 5.04131, 4.9329],
							"uv": {
								"north": {"uv": [34, 0], "uv_size": [12, 2]},
								"east": {"uv": [34, 0], "uv_size": [12, 2]},
								"south": {"uv": [34, 0], "uv_size": [12, 2]},
								"west": {"uv": [34, 0], "uv_size": [12, 2]},
								"up": {"uv": [46, 2], "uv_size": [-12, -2]},
								"down": {"uv": [46, 2], "uv_size": [-12, -2]}
							}
						}
					]
				},
				{
					"name": "head",
					"parent": "body",
					"pivot": [0, 33, 0],
					"cubes": [
						{
							"origin": [-4, 33, -4],
							"size": [8, 8, 8],
							"uv": {
								"north": {"uv": [16, 16], "uv_size": [16, 16]},
								"east": {"uv": [0, 16], "uv_size": [16, 16]},
								"south": {"uv": [48, 16], "uv_size": [16, 16]},
								"west": {"uv": [32, 16], "uv_size": [16, 16]},
								"up": {"uv": [32, 0], "uv_size": [-16, 16]},
								"down": {"uv": [46, 2], "uv_size": [-12, -2]}
							}
						}
					]
				},
				{
					"name": "hat",
					"parent": "head",
					"pivot": [0, 33, 0]
				},
				{
					"name": "rightLeg",
					"parent": "root",
					"pivot": [-1.83483, 13.5198, 0],
					"cubes": [
						{
							"origin": [-4.92748, 7.28105, -2.12695],
							"size": [5.21961, 7.0949, 5.21961],
							"uv": {
								"north": {"uv": [40, 104], "uv_size": [8, 10]},
								"east": {"uv": [32, 104], "uv_size": [8, 10]},
								"south": {"uv": [56, 104], "uv_size": [8, 10]},
								"west": {"uv": [48, 104], "uv_size": [8, 10]},
								"up": {"uv": [48, 104], "uv_size": [-8, -8]},
								"down": {"uv": [48, 104], "uv_size": [-8, -8]}
							}
						}
					]
				},
				{
					"name": "leftLeg",
					"parent": "root",
					"pivot": [1.83483, 13.5198, 0],
					"cubes": [
						{
							"origin": [-0.29212, 7.28105, -2.12695],
							"size": [5.21961, 7.0949, 5.21961],
							"uv": {
								"north": {"uv": [48, 104], "uv_size": [-8, 10]},
								"east": {"uv": [40, 104], "uv_size": [-8, 10]},
								"south": {"uv": [64, 104], "uv_size": [-8, 10]},
								"west": {"uv": [56, 104], "uv_size": [-8, 10]},
								"up": {"uv": [40, 104], "uv_size": [8, -8]},
								"down": {"uv": [40, 104], "uv_size": [8, -8]}
							}
						}
					]
				}
			]
		}
	]
}