{
	"format_version": "1.12.0",
	"minecraft:geometry": [
		{
			"description": {
				"identifier": "geometry.suna",
				"texture_width": 32,
				"texture_height": 32,
				"visible_bounds_width": 3,
				"visible_bounds_height": 3.5,
				"visible_bounds_offset": [0, 1.25, 0]
			},
			"bones": [
				{
					"name": "rightArm",
					"pivot": [-5, 22, 0],
					"cubes": [
						{
							"origin": [-8, 12, -2],
							"size": [4, 12, 4],
							"uv": {
								"north": {"uv": [27.75, 16.25], "uv_size": [4.25, 2.5]},
								"east": {"uv": [27.75, 16.25], "uv_size": [4.25, 2.5]},
								"south": {"uv": [27.75, 16.25], "uv_size": [4.25, 2.5]},
								"west": {"uv": [27.75, 16.25], "uv_size": [4.25, 2.5]},
								"up": {"uv": [32, 18.75], "uv_size": [-4.25, -2.5]},
								"down": {"uv": [32, 18.75], "uv_size": [-4.25, -2.5]}
							}
						}
					]
				},
				{
					"name": "sunasuna",
					"parent": "rightArm",
					"pivot": [-6, 12.0888, 2],
					"rotation": [80, 0, 0],
					"cubes": [
						{
							"origin": [-2.68371, 13.31811, -1.12911],
							"size": [1.2096, 2.2096, 0],
							"pivot": [-3.50217, 13.91041, -1.51307],
							"rotation": [0.34999, 9.95874, -1.70279],
							"uv": {
								"north": {"uv": [14, 21], "uv_size": [2.25, 3.25]},
								"east": {"uv": [0, 0], "uv_size": [0, 3.25]},
								"south": {"uv": [22, 4], "uv_size": [2.25, 3.25]},
								"west": {"uv": [0, 0], "uv_size": [0, 3.25]},
								"up": {"uv": [0, 0], "uv_size": [2.25, 0]},
								"down": {"uv": [0, 0], "uv_size": [2.25, 0]}
							}
						},
						{
							"origin": [-3.68371, 13.31811, -1.12911],
							"size": [1.2096, 2.2096, 0],
							"pivot": [-3.50217, 13.91041, -1.51307],
							"rotation": [0.34999, 9.95874, -1.70279],
							"uv": {
								"north": {"uv": [14, 21], "uv_size": [2.25, 3.25]},
								"east": {"uv": [0, 0], "uv_size": [0, 3.25]},
								"south": {"uv": [22, 4], "uv_size": [2.25, 3.25]},
								"west": {"uv": [0, 0], "uv_size": [0, 3.25]},
								"up": {"uv": [0, 0], "uv_size": [2.25, 0]},
								"down": {"uv": [0, 0], "uv_size": [2.25, 0]}
							}
						},
						{
							"origin": [-9.52589, 13.31811, -1.12911],
							"size": [1.2096, 2.2096, 0],
							"pivot": [-8.49783, 13.91041, -1.51307],
							"rotation": [0.34999, -9.95874, 1.70279],
							"uv": {
								"north": {"uv": [16.25, 21], "uv_size": [-2.25, 3.25]},
								"east": {"uv": [0, 0], "uv_size": [0, 3.25]},
								"south": {"uv": [24.25, 4], "uv_size": [-2.25, 3.25]},
								"west": {"uv": [0, 0], "uv_size": [0, 3.25]},
								"up": {"uv": [2.25, 0], "uv_size": [-2.25, 0]},
								"down": {"uv": [2.25, 0], "uv_size": [-2.25, 0]}
							}
						},
						{
							"origin": [-4.68371, 10.31811, -0.12911],
							"size": [1.2096, 2.2096, 0],
							"pivot": [-3.50217, 13.91041, -1.51307],
							"rotation": [0.33982, -0.07097, 3.23635],
							"uv": {
								"north": {"uv": [14, 21], "uv_size": [2.25, 3.25]},
								"east": {"uv": [0, 0], "uv_size": [0, 3.25]},
								"south": {"uv": [22, 4], "uv_size": [2.25, 3.25]},
								"west": {"uv": [0, 0], "uv_size": [0, 3.25]},
								"up": {"uv": [0, 0], "uv_size": [2.25, 0]},
								"down": {"uv": [0, 0], "uv_size": [2.25, 0]}
							}
						},
						{
							"origin": [-4.68371, 10.31811, 4.12911],
							"size": [1.2096, 2.2096, 0],
							"pivot": [-3.50217, 13.91041, 5.51307],
							"rotation": [-0.33982, 0.07097, 3.23635],
							"uv": {
								"north": {"uv": [24.25, 4], "uv_size": [-2.25, 3.25]},
								"east": {"uv": [0, 0], "uv_size": [0, 3.25]},
								"south": {"uv": [16.25, 21], "uv_size": [-2.25, 3.25]},
								"west": {"uv": [0, 0], "uv_size": [0, 3.25]},
								"up": {"uv": [0, 0], "uv_size": [2.25, 0]},
								"down": {"uv": [0, 0], "uv_size": [2.25, 0]}
							}
						},
						{
							"origin": [-8.52589, 10.31811, -0.12911],
							"size": [1.2096, 2.2096, 0],
							"pivot": [-8.49783, 13.91041, -1.51307],
							"rotation": [0.33982, 0.07097, -3.23635],
							"uv": {
								"north": {"uv": [16.25, 21], "uv_size": [-2.25, 3.25]},
								"east": {"uv": [0, 0], "uv_size": [0, 3.25]},
								"south": {"uv": [24.25, 4], "uv_size": [-2.25, 3.25]},
								"west": {"uv": [0, 0], "uv_size": [0, 3.25]},
								"up": {"uv": [2.25, 0], "uv_size": [-2.25, 0]},
								"down": {"uv": [2.25, 0], "uv_size": [-2.25, 0]}
							}
						},
						{
							"origin": [-8.52589, 10.31811, 4.12911],
							"size": [1.2096, 2.2096, 0],
							"pivot": [-8.49783, 13.91041, 5.51307],
							"rotation": [-0.33982, -0.07097, -3.23635],
							"uv": {
								"north": {"uv": [22, 4], "uv_size": [2.25, 3.25]},
								"east": {"uv": [0, 0], "uv_size": [0, 3.25]},
								"south": {"uv": [14, 21], "uv_size": [2.25, 3.25]},
								"west": {"uv": [0, 0], "uv_size": [0, 3.25]},
								"up": {"uv": [2.25, 0], "uv_size": [-2.25, 0]},
								"down": {"uv": [2.25, 0], "uv_size": [-2.25, 0]}
							}
						},
						{
							"origin": [-6.52589, 10.31811, -0.12911],
							"size": [1.2096, 2.2096, 0],
							"pivot": [-8.49783, 13.91041, -1.51307],
							"rotation": [0.33982, 0.07097, -3.23635],
							"uv": {
								"north": {"uv": [16.25, 21], "uv_size": [-2.25, 3.25]},
								"east": {"uv": [0, 0], "uv_size": [0, 3.25]},
								"south": {"uv": [24.25, 4], "uv_size": [-2.25, 3.25]},
								"west": {"uv": [0, 0], "uv_size": [0, 3.25]},
								"up": {"uv": [2.25, 0], "uv_size": [-2.25, 0]},
								"down": {"uv": [2.25, 0], "uv_size": [-2.25, 0]}
							}
						},
						{
							"origin": [-6.52589, 10.31811, 4.12911],
							"size": [1.2096, 2.2096, 0],
							"pivot": [-8.49783, 13.91041, 5.51307],
							"rotation": [-0.33982, -0.07097, -3.23635],
							"uv": {
								"north": {"uv": [22, 4], "uv_size": [2.25, 3.25]},
								"east": {"uv": [0, 0], "uv_size": [0, 3.25]},
								"south": {"uv": [14, 21], "uv_size": [2.25, 3.25]},
								"west": {"uv": [0, 0], "uv_size": [0, 3.25]},
								"up": {"uv": [2.25, 0], "uv_size": [-2.25, 0]},
								"down": {"uv": [2.25, 0], "uv_size": [-2.25, 0]}
							}
						},
						{
							"origin": [-10.52589, 13.31811, -1.12911],
							"size": [1.2096, 2.2096, 0],
							"pivot": [-8.49783, 13.91041, -1.51307],
							"rotation": [0.34999, -9.95874, 1.70279],
							"uv": {
								"north": {"uv": [22, 8], "uv_size": [2.25, 3.25]},
								"east": {"uv": [0, 0], "uv_size": [0, 3.25]},
								"south": {"uv": [22, 15], "uv_size": [2.25, 3.25]},
								"west": {"uv": [0, 0], "uv_size": [0, 3.25]},
								"up": {"uv": [0, 0], "uv_size": [2.25, 0]},
								"down": {"uv": [0, 0], "uv_size": [2.25, 0]}
							}
						},
						{
							"origin": [-8.6048, 12.0352, -0.6048],
							"size": [5.2096, 5.2096, 5.2096],
							"uv": {
								"north": {"uv": [0, 0], "uv_size": [5.25, 5.25]},
								"east": {"uv": [0, 6], "uv_size": [5.25, 5.25]},
								"south": {"uv": [6, 0], "uv_size": [5.25, 5.25]},
								"west": {"uv": [6, 6], "uv_size": [5.25, 5.25]},
								"up": {"uv": [0, 12], "uv_size": [5.25, 5.25]},
								"down": {"uv": [12, 5.25], "uv_size": [5.25, -5.25]}
							}
						},
						{
							"origin": [-10.04388, 14.85939, -1.11179],
							"size": [1.25947, 1.25947, 2.96947],
							"pivot": [-10.02291, 15.35136, -0.40835],
							"rotation": [-54.33007, 65.67928, -24.97633],
							"uv": {
								"north": {"uv": [10, 16], "uv_size": [1.25, 1.25]},
								"east": {"uv": [17, 23], "uv_size": [3, 1.25]},
								"south": {"uv": [25, 17], "uv_size": [1.25, 1.25]},
								"west": {"uv": [20, 23], "uv_size": [3, 1.25]},
								"up": {"uv": [4, 18], "uv_size": [1.25, 3]},
								"down": {"uv": [8, 25], "uv_size": [1.25, -3]}
							}
						},
						{
							"origin": [-3.21559, 14.85939, -1.11179],
							"size": [1.25947, 1.25947, 2.96947],
							"pivot": [-1.97709, 15.35136, -0.40835],
							"rotation": [-54.33007, -65.67928, 24.97633],
							"uv": {
								"north": {"uv": [18, 25], "uv_size": [1.25, 1.25]},
								"east": {"uv": [23, 23], "uv_size": [3, 1.25]},
								"south": {"uv": [25, 19], "uv_size": [1.25, 1.25]},
								"west": {"uv": [0, 24], "uv_size": [3, 1.25]},
								"up": {"uv": [25, 4], "uv_size": [1.25, 3]},
								"down": {"uv": [25, 10], "uv_size": [1.25, -3]}
							}
						},
						{
							"origin": [-8.97053, 12.66947, 0.02947],
							"size": [5.94106, 3.94106, 3.94106],
							"uv": {
								"north": {"uv": [6, 12], "uv_size": [6, 4]},
								"east": {"uv": [18, 15], "uv_size": [4, 4]},
								"south": {"uv": [12, 6], "uv_size": [6, 4]},
								"west": {"uv": [17, 19], "uv_size": [4, 4]},
								"up": {"uv": [12, 10], "uv_size": [6, 4]},
								"down": {"uv": [12, 18], "uv_size": [6, -4]}
							}
						},
						{
							"origin": [-7.94553, 11.69447, 0.05447],
							"size": [3.89105, 5.89105, 3.89105],
							"uv": {
								"north": {"uv": [6, 16], "uv_size": [4, 6]},
								"east": {"uv": [0, 18], "uv_size": [4, 6]},
								"south": {"uv": [18, 0], "uv_size": [4, 6]},
								"west": {"uv": [18, 6], "uv_size": [4, 6]},
								"up": {"uv": [10, 21], "uv_size": [4, 4]},
								"down": {"uv": [21, 23], "uv_size": [4, -4]}
							}
						},
						{
							"origin": [-7.61032, 17.20198, 0.38968],
							"size": [3.22062, 0.87602, 3.22062],
							"uv": {
								"north": {"uv": [8, 25], "uv_size": [3.25, 1]},
								"east": {"uv": [25, 10], "uv_size": [3.25, 1]},
								"south": {"uv": [25, 11], "uv_size": [3.25, 1]},
								"west": {"uv": [12, 25], "uv_size": [3.25, 1]},
								"up": {"uv": [22, 0], "uv_size": [3.25, 3.25]},
								"down": {"uv": [4, 25.25], "uv_size": [3.25, -3.25]}
							}
						},
						{
							"origin": [-9.34584, 17.94896, 2],
							"size": [6.48208, 2.38208, 0],
							"uv": {
								"north": {"uv": [10, 18], "uv_size": [6.5, 2.5]},
								"east": {"uv": [0, 0], "uv_size": [0, 2.5]},
								"south": {"uv": [18, 12], "uv_size": [6.5, 2.5]},
								"west": {"uv": [0, 0], "uv_size": [0, 2.5]},
								"up": {"uv": [0, 0], "uv_size": [6.5, 0]},
								"down": {"uv": [0, 0], "uv_size": [6.5, 0]}
							}
						},
						{
							"origin": [-6.47359, 14.78771, 1.73601],
							"size": [0.73758, 4.70458, 0.73758],
							"uv": {
								"north": {"uv": [3, 24], "uv_size": [0.5, 4.5]},
								"east": {"uv": [25, 12], "uv_size": [0.5, 4.5]},
								"south": {"uv": [16, 25], "uv_size": [0.5, 4.5]},
								"west": {"uv": [17, 25], "uv_size": [0.5, 4.5]},
								"up": {"uv": [17, 18], "uv_size": [0.5, 0.5]},
								"down": {"uv": [4, 21.5], "uv_size": [0.5, -0.5]}
							}
						}
					]
				},
				{
					"name": "rightSleeve",
					"parent": "rightArm",
					"pivot": [-5, 22, 0]
				}
			]
		}
	]
}