{
	"format_version": "1.12.0",
	"minecraft:geometry": [
		{
			"description": {
				"identifier": "geometry.tat3",
				"texture_width": 32,
				"texture_height": 32,
				"visible_bounds_width": 3,
				"visible_bounds_height": 4,
				"visible_bounds_offset": [0, 1, 0]
			},
			"bones": [
				{
					"name": "donut",
					"pivot": [0, 10.37939, 2.59234],
					"cubes": [
						{"origin": [-0.5, 20, 0], "size": [1, 10, 4], "inflate": -0.1, "pivot": [0, 26, -1], "rotation": [-35, 0, 0], "uv": [12, 14]},
						{"origin": [-0.5, 0, -4], "size": [1, 21, 5], "uv": [0, 0]},
						{"origin": [-0.5, -13, 12], "size": [1, 10, 4], "inflate": -0.1, "pivot": [0, -26, -1], "rotation": [35, 0, 0], "uv": [12, 0]},
						{"origin": [-0.5, -23.65164, 25.61964], "size": [1, 8, 3], "inflate": -0.2, "pivot": [0, -31.65164, 6.61964], "rotation": [60, 0, 0], "uv": [22, 0]},
						{"origin": [-0.5, 25.65164, 7.61964], "size": [1, 8, 3], "inflate": -0.2, "pivot": [0, 31.65164, 6.61964], "rotation": [-60, 0, 0], "uv": [22, 11]}
					]
				}
			]
		}
	]
}