{
	"format_version": "1.12.0",
	"minecraft:geometry": [
		{
			"description": {
				"identifier": "geometry.torifalcon",
				"texture_width": 128,
				"texture_height": 128,
				"visible_bounds_width": 7,
				"visible_bounds_height": 4.5,
				"visible_bounds_offset": [0, 1.75, 0]
			},
			"bones": [
				{
					"name": "Root",
					"pivot": [0, 14, 0]
				},
				{
					"name": "corpo",
					"parent": "Root",
					"pivot": [0, 32.59, 0],
					"cubes": [
						{
							"origin": [-5.50462, 18.96954, -2.68475],
							"size": [10.64, 6.63, 5.32],
							"uv": {
								"north": {"uv": [55, 73], "uv_size": [10.75, 6.75]},
								"east": {"uv": [89, 85], "uv_size": [5.25, 6.75]},
								"south": {"uv": [66, 73], "uv_size": [10.75, 6.75]},
								"west": {"uv": [0, 90], "uv_size": [5.25, 6.75]},
								"up": {"uv": [57, 80], "uv_size": [10.75, 5.25]},
								"down": {"uv": [80, 63.25], "uv_size": [10.75, -5.25]}
							}
						},
						{
							"origin": [-6.03662, 24.43119, -3.87278],
							"size": [11.704, 10.5336, 8.0224],
							"uv": {
								"north": {"uv": [70, 11], "uv_size": [11.75, 10.5]},
								"east": {"uv": [23, 72], "uv_size": [8, 10.5]},
								"south": {"uv": [70, 22], "uv_size": [11.75, 10.5]},
								"west": {"uv": [31, 73], "uv_size": [8, 10.5]},
								"up": {"uv": [11, 72], "uv_size": [11.75, 8]},
								"down": {"uv": [72, 52], "uv_size": [11.75, -8]}
							}
						},
						{
							"origin": [-6.80203, 27.64061, -4.94365],
							"size": [13.23483, 10.58786, 10.1778],
							"pivot": [-0.18462, 26.93454, -1.35475],
							"rotation": [-5, 0, 0],
							"uv": {
								"north": {"uv": [32, 62], "uv_size": [13.25, 10.5]},
								"east": {"uv": [70, 33], "uv_size": [10.25, 10.5]},
								"south": {"uv": [46, 62], "uv_size": [13.25, 10.5]},
								"west": {"uv": [0, 72], "uv_size": [10.25, 10.5]},
								"up": {"uv": [60, 62], "uv_size": [13.25, 10.25]},
								"down": {"uv": [70, 10.25], "uv_size": [13.25, -10.25]}
							}
						},
						{
							"origin": [-7.80203, 25.64061, -2.94365],
							"size": [15.23483, 9.58786, 5.1778],
							"pivot": [-0.18462, 26.93454, -1.35475],
							"rotation": [-5, 0, 0],
							"uv": {
								"north": {"uv": [0, 62], "uv_size": [15.25, 9.5]},
								"east": {"uv": [68, 80], "uv_size": [5.25, 9.5]},
								"south": {"uv": [16, 62], "uv_size": [15.25, 9.5]},
								"west": {"uv": [81, 33], "uv_size": [5.25, 9.5]},
								"up": {"uv": [72, 52], "uv_size": [15.25, 5.25]},
								"down": {"uv": [39, 78.25], "uv_size": [15.25, -5.25]}
							}
						}
					]
				},
				{
					"name": "feathers",
					"parent": "corpo",
					"pivot": [0.13538, 20.37314, 3.35684],
					"cubes": [
						{
							"origin": [-4.86462, -2.03046, 2.31525],
							"size": [10, 21.63, 1.32],
							"pivot": [-0.18462, 20.28454, 0.97525],
							"rotation": [35, 0, 0],
							"uv": {
								"north": {"uv": [60, 22], "uv_size": [10, 21.75]},
								"east": {"uv": [28, 90], "uv_size": [1.25, 21.75]},
								"south": {"uv": [60, 22], "uv_size": [10, 21.75]},
								"west": {"uv": [80, 94], "uv_size": [1.25, 21.75]},
								"up": {"uv": [102, 72], "uv_size": [10, 1.25]},
								"down": {"uv": [102, 75.25], "uv_size": [10, -1.25]}
							}
						},
						{
							"origin": [-7.50462, -0.66876, 3.4624],
							"size": [2.64, 13.63, 1.32],
							"pivot": [0.81538, 18.64624, 2.1224],
							"rotation": [35, 0, 0],
							"uv": {
								"north": {"uv": [9.75, 83], "uv_size": [-2.75, 13.75]},
								"east": {"uv": [26, 96], "uv_size": [1.25, 13.75]},
								"south": {"uv": [7, 83], "uv_size": [2.75, 13.75]},
								"west": {"uv": [78, 100], "uv_size": [1.25, 13.75]},
								"up": {"uv": [13, 106], "uv_size": [2.75, 1.25]},
								"down": {"uv": [16, 107.25], "uv_size": [2.75, -1.25]}
							}
						},
						{
							"origin": [4.86462, -0.66876, 3.4624],
							"size": [2.64, 13.63, 1.32],
							"pivot": [-0.81538, 18.64624, 2.1224],
							"rotation": [35, 0, 0],
							"uv": {
								"north": {"uv": [7, 83], "uv_size": [2.75, 13.75]},
								"east": {"uv": [79.25, 100], "uv_size": [-1.25, 13.75]},
								"south": {"uv": [9.75, 83], "uv_size": [-2.75, 13.75]},
								"west": {"uv": [27.25, 96], "uv_size": [-1.25, 13.75]},
								"up": {"uv": [15.75, 106], "uv_size": [-2.75, 1.25]},
								"down": {"uv": [18.75, 107.25], "uv_size": [-2.75, -1.25]}
							}
						}
					]
				},
				{
					"name": "head",
					"parent": "corpo",
					"pivot": [0, 38.12, -1],
					"cubes": [
						{
							"origin": [-3.52, 38.12, -4.52],
							"size": [7.04, 7.04, 7.04],
							"uv": {
								"north": {"uv": [82, 11], "uv_size": [7, 7]},
								"east": {"uv": [82, 18], "uv_size": [7, 7]},
								"south": {"uv": [82, 25], "uv_size": [7, 7]},
								"west": {"uv": [0, 83], "uv_size": [7, 7]},
								"up": {"uv": [23, 83], "uv_size": [7, 7]},
								"down": {"uv": [83, 71], "uv_size": [7, -7]}
							}
						},
						{
							"origin": [-1.52, 39.12, -6.52],
							"size": [3.04, 2.04, 2.04],
							"uv": {
								"north": {"uv": [74, 71], "uv_size": [3, 2]},
								"east": {"uv": [9, 106], "uv_size": [2, 2]},
								"south": {"uv": [88, 56], "uv_size": [3, 2]},
								"west": {"uv": [106, 10], "uv_size": [2, 2]},
								"up": {"uv": [35, 98], "uv_size": [3, 2]},
								"down": {"uv": [105, 25], "uv_size": [3, -2]}
							}
						},
						{
							"origin": [-0.988, 38.652, -7.988],
							"size": [1.976, 1.976, 2.976],
							"uv": {
								"north": {"uv": [11, 106], "uv_size": [2, 2]},
								"east": {"uv": [105, 25], "uv_size": [3, 2]},
								"south": {"uv": [106, 12], "uv_size": [2, 2]},
								"west": {"uv": [105, 38], "uv_size": [3, 2]},
								"up": {"uv": [72, 58], "uv_size": [2, 3]},
								"down": {"uv": [55, 99], "uv_size": [2, -3]}
							}
						}
					]
				},
				{
					"name": "rightWing",
					"parent": "corpo",
					"pivot": [-2, 36, 4],
					"rotation": [17.50685, 44.81778, 18.41358],
					"cubes": [
						{
							"origin": [-21.40651, 15.68157, 5.82245],
							"size": [17.92, 17.92, 0],
							"uv": {
								"north": {"uv": [0, 44], "uv_size": [18, 18]},
								"east": {"uv": [0, 0], "uv_size": [0, 18]},
								"south": {"uv": [18, 44], "uv_size": [18, 18]},
								"west": {"uv": [0, 0], "uv_size": [0, 18]},
								"up": {"uv": [0, 0], "uv_size": [18, 0]},
								"down": {"uv": [0, 0], "uv_size": [18, 0]}
							}
						},
						{
							"origin": [-8.60651, 33.60157, 5.18245],
							"size": [5.12, 3.84, 1.28],
							"pivot": [-3.48651, 35.52157, 5.82245],
							"rotation": [0, 0, -15],
							"uv": {
								"north": {"uv": [97, 76], "uv_size": [5, 3.75]},
								"east": {"uv": [38, 104], "uv_size": [1.25, 3.75]},
								"south": {"uv": [97, 80], "uv_size": [5, 3.75]},
								"west": {"uv": [48, 105], "uv_size": [1.25, 3.75]},
								"up": {"uv": [103, 64], "uv_size": [5, 1.25]},
								"down": {"uv": [103, 67.25], "uv_size": [5, -1.25]}
							}
						},
						{
							"origin": [-7.34979, 35.56046, -0.5708],
							"size": [3.8912, 1.9456, 1.9456],
							"pivot": [0.43261, 36.53326, 0.402],
							"rotation": [0, 52.5, -15],
							"uv": {
								"north": {"uv": [84, 50], "uv_size": [4, 2]},
								"east": {"uv": [94, 54], "uv_size": [2, 2]},
								"south": {"uv": [103, 32], "uv_size": [4, 2]},
								"west": {"uv": [72, 97], "uv_size": [2, 2]},
								"up": {"uv": [103, 34], "uv_size": [4, 2]},
								"down": {"uv": [103, 38], "uv_size": [4, -2]}
							}
						},
						{
							"origin": [-13.38852, 32.31268, 5.18245],
							"size": [5.12, 3.84, 1.28],
							"pivot": [-8.26852, 34.23268, 5.82245],
							"rotation": [0, 0, -10],
							"uv": {
								"north": {"uv": [30, 98], "uv_size": [5, 3.75]},
								"east": {"uv": [105, 48], "uv_size": [1.25, 3.75]},
								"south": {"uv": [98, 30], "uv_size": [5, 3.75]},
								"west": {"uv": [50, 105], "uv_size": [1.25, 3.75]},
								"up": {"uv": [82, 103], "uv_size": [5, 1.25]},
								"down": {"uv": [87, 104.25], "uv_size": [5, -1.25]}
							}
						},
						{
							"origin": [-17.92999, 31.44545, 5.18245],
							"size": [5.12, 3.84, 1.28],
							"pivot": [-12.80999, 33.36545, 5.82245],
							"rotation": [0, 0, 5],
							"uv": {
								"north": {"uv": [98, 34], "uv_size": [5, 3.75]},
								"east": {"uv": [52, 105], "uv_size": [1.25, 3.75]},
								"south": {"uv": [93, 98], "uv_size": [5, 3.75]},
								"west": {"uv": [54, 105], "uv_size": [1.25, 3.75]},
								"up": {"uv": [103, 98], "uv_size": [5, 1.25]},
								"down": {"uv": [103, 101.25], "uv_size": [5, -1.25]}
							}
						},
						{
							"origin": [-22.31129, 31.68206, 5.18245],
							"size": [5.12, 3.84, 1.28],
							"pivot": [-17.19129, 33.60206, 5.82245],
							"rotation": [0, 0, 27.5],
							"uv": {
								"north": {"uv": [98, 98], "uv_size": [5, 3.75]},
								"east": {"uv": [56, 105], "uv_size": [1.25, 3.75]},
								"south": {"uv": [55, 99], "uv_size": [5, 3.75]},
								"west": {"uv": [58, 105], "uv_size": [1.25, 3.75]},
								"up": {"uv": [104, 0], "uv_size": [5, 1.25]},
								"down": {"uv": [104, 3.25], "uv_size": [5, -1.25]}
							}
						}
					]
				},
				{
					"name": "leftWingDown",
					"parent": "rightWing",
					"pivot": [-21.97564, 36.04502, 5.87828],
					"rotation": [0, 0, -72.5],
					"cubes": [
						{
							"origin": [-34.20651, 34.88157, 5.18245],
							"size": [10.24, 2.56, 1.28],
							"uv": {
								"north": {"uv": [94, 51], "uv_size": [10.25, 2.5]},
								"east": {"uv": [60, 106], "uv_size": [1.25, 2.5]},
								"south": {"uv": [95, 6], "uv_size": [10.25, 2.5]},
								"west": {"uv": [75, 106], "uv_size": [1.25, 2.5]},
								"up": {"uv": [99, 96], "uv_size": [10.25, 1.25]},
								"down": {"uv": [100, 28.25], "uv_size": [10.25, -1.25]}
							}
						},
						{
							"origin": [-24.33457, 35.68235, 5.18245],
							"size": [2.56, 2.56, 1.28],
							"pivot": [-20.49457, 36.96235, 5.82245],
							"rotation": [0, 0, -12.5],
							"uv": {
								"north": {"uv": [35, 104], "uv_size": [2.5, 2.5]},
								"east": {"uv": [107, 31], "uv_size": [1.25, 2.5]},
								"south": {"uv": [104, 84], "uv_size": [2.5, 2.5]},
								"west": {"uv": [107, 34], "uv_size": [1.25, 2.5]},
								"up": {"uv": [35, 107], "uv_size": [2.5, 1.25]},
								"down": {"uv": [40, 108.25], "uv_size": [2.5, -1.25]}
							}
						},
						{
							"origin": [-49.56651, 15.68157, 5.82245],
							"size": [29.44, 21.76, 0],
							"pivot": [-20.76651, 30.40157, 5.82245],
							"rotation": [2.5, 0, 0],
							"uv": {
								"north": {"uv": [0, 0], "uv_size": [29.5, 21.75]},
								"east": {"uv": [0, 0], "uv_size": [0, 21.75]},
								"south": {"uv": [0, 22], "uv_size": [29.5, 21.75]},
								"west": {"uv": [0, 0], "uv_size": [0, 21.75]},
								"up": {"uv": [0, 0], "uv_size": [29.5, 0]},
								"down": {"uv": [0, 0], "uv_size": [29.5, 0]}
							}
						}
					]
				},
				{
					"name": "leftWing",
					"parent": "corpo",
					"pivot": [2, 36, 4],
					"rotation": [17.50685, -44.81778, -18.41358],
					"cubes": [
						{
							"origin": [3.48651, 15.68157, 5.82245],
							"size": [17.92, 17.92, 0],
							"uv": {
								"north": {"uv": [36, 44], "uv_size": [18, 18]},
								"east": {"uv": [0, 0], "uv_size": [0, 18]},
								"south": {"uv": [54, 44], "uv_size": [18, 18]},
								"west": {"uv": [0, 0], "uv_size": [0, 18]},
								"up": {"uv": [0, 0], "uv_size": [18, 0]},
								"down": {"uv": [0, 0], "uv_size": [18, 0]}
							}
						},
						{
							"origin": [3.48651, 33.60157, 5.18245],
							"size": [5.12, 3.84, 1.28],
							"pivot": [3.48651, 35.52157, 5.82245],
							"rotation": [0, 0, 15],
							"uv": {
								"north": {"uv": [82, 99], "uv_size": [5, 3.75]},
								"east": {"uv": [63, 105], "uv_size": [1.25, 3.75]},
								"south": {"uv": [99, 84], "uv_size": [5, 3.75]},
								"west": {"uv": [65, 105], "uv_size": [1.25, 3.75]},
								"up": {"uv": [104, 4], "uv_size": [5, 1.25]},
								"down": {"uv": [104, 88.25], "uv_size": [5, -1.25]}
							}
						},
						{
							"origin": [3.45859, 35.56046, -0.5708],
							"size": [3.8912, 1.9456, 1.9456],
							"pivot": [-0.43261, 36.53326, 0.402],
							"rotation": [0, -52.5, 15],
							"uv": {
								"north": {"uv": [51, 103], "uv_size": [4, 2]},
								"east": {"uv": [106, 6], "uv_size": [2, 2]},
								"south": {"uv": [103, 54], "uv_size": [4, 2]},
								"west": {"uv": [106, 8], "uv_size": [2, 2]},
								"up": {"uv": [55, 103], "uv_size": [4, 2]},
								"down": {"uv": [103, 58], "uv_size": [4, -2]}
							}
						},
						{
							"origin": [8.26852, 32.31268, 5.18245],
							"size": [5.12, 3.84, 1.28],
							"pivot": [8.26852, 34.23268, 5.82245],
							"rotation": [0, 0, 10],
							"uv": {
								"north": {"uv": [87, 99], "uv_size": [5, 3.75]},
								"east": {"uv": [82, 105], "uv_size": [1.25, 3.75]},
								"south": {"uv": [99, 88], "uv_size": [5, 3.75]},
								"west": {"uv": [84, 105], "uv_size": [1.25, 3.75]},
								"up": {"uv": [104, 89], "uv_size": [5, 1.25]},
								"down": {"uv": [104, 92.25], "uv_size": [5, -1.25]}
							}
						},
						{
							"origin": [12.80999, 31.44545, 5.18245],
							"size": [5.12, 3.84, 1.28],
							"pivot": [12.80999, 33.36545, 5.82245],
							"rotation": [0, 0, -5],
							"uv": {
								"north": {"uv": [99, 92], "uv_size": [5, 3.75]},
								"east": {"uv": [86, 105], "uv_size": [1.25, 3.75]},
								"south": {"uv": [100, 15], "uv_size": [5, 3.75]},
								"west": {"uv": [88, 105], "uv_size": [1.25, 3.75]},
								"up": {"uv": [104, 93], "uv_size": [5, 1.25]},
								"down": {"uv": [104, 103.25], "uv_size": [5, -1.25]}
							}
						},
						{
							"origin": [17.19129, 31.68206, 5.18245],
							"size": [5.12, 3.84, 1.28],
							"pivot": [17.19129, 33.60206, 5.82245],
							"rotation": [0, 0, -27.5],
							"uv": {
								"north": {"uv": [100, 19], "uv_size": [5, 3.75]},
								"east": {"uv": [90, 105], "uv_size": [1.25, 3.75]},
								"south": {"uv": [100, 23], "uv_size": [5, 3.75]},
								"west": {"uv": [92, 105], "uv_size": [1.25, 3.75]},
								"up": {"uv": [104, 104], "uv_size": [5, 1.25]},
								"down": {"uv": [105, 16.25], "uv_size": [5, -1.25]}
							}
						}
					]
				},
				{
					"name": "rightWingDown",
					"parent": "leftWing",
					"pivot": [21.97564, 36.04502, 5.87828],
					"rotation": [0, 0, 72.5],
					"cubes": [
						{
							"origin": [23.96651, 34.88157, 5.18245],
							"size": [10.24, 2.56, 1.28],
							"uv": {
								"north": {"uv": [95, 9], "uv_size": [10.25, 2.5]},
								"east": {"uv": [107, 48], "uv_size": [1.25, 2.5]},
								"south": {"uv": [95, 12], "uv_size": [10.25, 2.5]},
								"west": {"uv": [107, 54], "uv_size": [1.25, 2.5]},
								"up": {"uv": [102, 68], "uv_size": [10.25, 1.25]},
								"down": {"uv": [102, 71.25], "uv_size": [10.25, -1.25]}
							}
						},
						{
							"origin": [21.77457, 35.68235, 5.18245],
							"size": [2.56, 2.56, 1.28],
							"pivot": [20.49457, 36.96235, 5.82245],
							"rotation": [0, 0, 12.5],
							"uv": {
								"north": {"uv": [105, 17], "uv_size": [2.5, 2.5]},
								"east": {"uv": [107, 57], "uv_size": [1.25, 2.5]},
								"south": {"uv": [105, 20], "uv_size": [2.5, 2.5]},
								"west": {"uv": [107, 60], "uv_size": [1.25, 2.5]},
								"up": {"uv": [67, 107], "uv_size": [2.5, 1.25]},
								"down": {"uv": [70, 108.25], "uv_size": [2.5, -1.25]}
							}
						},
						{
							"origin": [20.12651, 15.68157, 5.82245],
							"size": [29.44, 21.76, 0],
							"pivot": [20.76651, 30.40157, 5.82245],
							"rotation": [2.5, 0, 0],
							"uv": {
								"north": {"uv": [30, 0], "uv_size": [29.5, 21.75]},
								"east": {"uv": [0, 0], "uv_size": [0, 21.75]},
								"south": {"uv": [30, 22], "uv_size": [29.5, 21.75]},
								"west": {"uv": [0, 0], "uv_size": [0, 21.75]},
								"up": {"uv": [0, 0], "uv_size": [29.5, 0]},
								"down": {"uv": [0, 0], "uv_size": [29.5, 0]}
							}
						}
					]
				},
				{
					"name": "bracodireito",
					"parent": "corpo",
					"pivot": [-6.9292, 35.05856, 0.31297],
					"rotation": [-0.88045, -9.96156, 15.07673],
					"cubes": [
						{
							"origin": [-10.4854, 26.68923, -1.75099],
							"size": [5.32, 5.98, 5.32],
							"uv": {
								"north": {"uv": [90, 0], "uv_size": [5.25, 6]},
								"east": {"uv": [10, 90], "uv_size": [5.25, 6]},
								"south": {"uv": [16, 90], "uv_size": [5.25, 6]},
								"west": {"uv": [22, 90], "uv_size": [5.25, 6]},
								"up": {"uv": [57, 93], "uv_size": [5.25, 5.25]},
								"down": {"uv": [93, 97.25], "uv_size": [5.25, -5.25]}
							}
						},
						{
							"origin": [-10.8046, 30.86043, -2.07019],
							"size": [5.9584, 6.2776, 5.9584],
							"pivot": [-7.8254, 33.99923, 0.90901],
							"rotation": [0, 0, 20],
							"uv": {
								"north": {"uv": [84, 0], "uv_size": [6, 6.25]},
								"east": {"uv": [33, 84], "uv_size": [6, 6.25]},
								"south": {"uv": [84, 43], "uv_size": [6, 6.25]},
								"west": {"uv": [83, 85], "uv_size": [6, 6.25]},
								"up": {"uv": [88, 50], "uv_size": [6, 6]},
								"down": {"uv": [77, 94], "uv_size": [6, -6]}
							}
						}
					]
				},
				{
					"name": "rightAnte",
					"parent": "bracodireito",
					"pivot": [-7.59334, 27.70429, 1.90901],
					"cubes": [
						{
							"origin": [-10.34588, 23.67116, -0.86578],
							"size": [4.8944, 3.7888, 4.8944],
							"pivot": [-7.59334, 27.70429, 1.90901],
							"rotation": [-12.5, 0, -2.5],
							"uv": {
								"north": {"uv": [84, 7], "uv_size": [5, 3.75]},
								"east": {"uv": [63, 86], "uv_size": [5, 3.75]},
								"south": {"uv": [97, 68], "uv_size": [5, 3.75]},
								"west": {"uv": [97, 72], "uv_size": [5, 3.75]},
								"up": {"uv": [95, 15], "uv_size": [5, 5]},
								"down": {"uv": [95, 25], "uv_size": [5, -5]}
							}
						},
						{
							"origin": [-9.21502, 18.8137, -0.53819],
							"size": [2.8944, 5.7888, 2.8944],
							"pivot": [-7.59334, 24.70429, 0.90901],
							"rotation": [-12.5, 0, -2.5],
							"uv": {
								"north": {"uv": [72, 100], "uv_size": [3, 5.75]},
								"east": {"uv": [75, 100], "uv_size": [3, 5.75]},
								"south": {"uv": [101, 0], "uv_size": [3, 5.75]},
								"west": {"uv": [0, 102], "uv_size": [3, 5.75]},
								"up": {"uv": [74, 68], "uv_size": [3, 3]},
								"down": {"uv": [80, 67], "uv_size": [3, -3]}
							}
						}
					]
				},
				{
					"name": "rightGarras",
					"parent": "rightAnte",
					"pivot": [-7.54655, 19.53904, -0.10937],
					"rotation": [-14.72417, 78.5341, -117.74426],
					"cubes": [
						{
							"origin": [-9.00832, 18.69925, -2.95754],
							"size": [3.83805, 1.55694, 2.74325],
							"uv": {
								"north": {"uv": [105, 40], "uv_size": [3.75, 1.5]},
								"east": {"uv": [105, 52], "uv_size": [2.75, 1.5]},
								"south": {"uv": [105, 42], "uv_size": [3.75, 1.5]},
								"west": {"uv": [94, 105], "uv_size": [2.75, 1.5]},
								"up": {"uv": [92, 102], "uv_size": [3.75, 2.75]},
								"down": {"uv": [96, 104.75], "uv_size": [3.75, -2.75]}
							}
						},
						{
							"origin": [-9.00832, 18.69925, -4.70079],
							"size": [3.83805, 1, 1.74325],
							"uv": {
								"north": {"uv": [51, 79], "uv_size": [3.75, 1]},
								"east": {"uv": [72, 61], "uv_size": [1.75, 1]},
								"south": {"uv": [82, 32], "uv_size": [3.75, 1]},
								"west": {"uv": [90, 70], "uv_size": [1.75, 1]},
								"up": {"uv": [103, 58], "uv_size": [3.75, 1.75]},
								"down": {"uv": [103, 61.75], "uv_size": [3.75, -1.75]}
							}
						},
						{
							"origin": [-7.69081, 18.32649, -7.33973],
							"size": [0.7688, 1.0664, 3.2488],
							"pivot": [-6.99641, 18.85969, -4.85533],
							"rotation": [25, 0, 0],
							"uv": {
								"north": {"uv": [31, 72], "uv_size": [0.75, 1]},
								"east": {"uv": [90, 49], "uv_size": [3.25, 1]},
								"south": {"uv": [30, 83], "uv_size": [0.75, 1]},
								"west": {"uv": [91, 63], "uv_size": [3.25, 1]},
								"up": {"uv": [10, 83], "uv_size": [0.75, 3.25]},
								"down": {"uv": [6, 93.25], "uv_size": [0.75, -3.25]}
							}
						},
						{
							"origin": [-6.69081, 18.32649, -7.33973],
							"size": [0.7688, 1.0664, 3.2488],
							"pivot": [-6.99641, 18.85969, -4.85533],
							"rotation": [25.53051, -11.31255, -5.35254],
							"uv": {
								"north": {"uv": [20, 108], "uv_size": [0.75, 1]},
								"east": {"uv": [106, 14], "uv_size": [3.25, 1]},
								"south": {"uv": [108, 20], "uv_size": [0.75, 1]},
								"west": {"uv": [67, 106], "uv_size": [3.25, 1]},
								"up": {"uv": [62, 106], "uv_size": [0.75, 3.25]},
								"down": {"uv": [77, 109.25], "uv_size": [0.75, -3.25]}
							}
						},
						{
							"origin": [-7.69081, 17.74797, -9.23389],
							"size": [0.7688, 1.0664, 2.2488],
							"pivot": [-6.99641, 18.28117, -6.74949],
							"rotation": [65, 0, 0],
							"uv": {
								"north": {"uv": [86, 32], "uv_size": [0.75, 1]},
								"east": {"uv": [80, 67], "uv_size": [2.25, 1]},
								"south": {"uv": [94, 6], "uv_size": [0.75, 1]},
								"west": {"uv": [81, 43], "uv_size": [2.25, 1]},
								"up": {"uv": [10, 87], "uv_size": [0.75, 2.25]},
								"down": {"uv": [6, 96.25], "uv_size": [0.75, -2.25]}
							}
						},
						{
							"origin": [-6.17855, 17.87113, -9.96976],
							"size": [0.7688, 1.0664, 3.2488],
							"pivot": [-6.48415, 18.40433, -6.48536],
							"rotation": [65, 0, 0],
							"uv": {
								"north": {"uv": [21, 108], "uv_size": [0.75, 1]},
								"east": {"uv": [71, 106], "uv_size": [3.25, 1]},
								"south": {"uv": [108, 21], "uv_size": [0.75, 1]},
								"west": {"uv": [106, 76], "uv_size": [3.25, 1]},
								"up": {"uv": [25, 107], "uv_size": [0.75, 3.25]},
								"down": {"uv": [73, 110.25], "uv_size": [0.75, -3.25]}
							}
						},
						{
							"origin": [-8.37723, 18.32649, -7.28025],
							"size": [0.7688, 1.0664, 2.2488],
							"pivot": [-7.14396, 18.85969, -4.79762],
							"rotation": [35.17121, 21.2688, 12.74686],
							"uv": {
								"north": {"uv": [95, 63], "uv_size": [0.75, 1]},
								"east": {"uv": [87, 42], "uv_size": [2.25, 1]},
								"south": {"uv": [82, 98], "uv_size": [0.75, 1]},
								"west": {"uv": [92, 84], "uv_size": [2.25, 1]},
								"up": {"uv": [92, 99], "uv_size": [0.75, 2.25]},
								"down": {"uv": [0, 110.25], "uv_size": [0.75, -2.25]}
							}
						},
						{
							"origin": [-5.51723, 18.32649, -7.28025],
							"size": [0.7688, 1.0664, 2.2488],
							"pivot": [-7.14396, 18.85969, -4.79762],
							"rotation": [33.31526, -12.22614, -9.51575],
							"uv": {
								"north": {"uv": [100, 5], "uv_size": [0.75, 1]},
								"east": {"uv": [93, 38], "uv_size": [2.25, 1]},
								"south": {"uv": [9, 102], "uv_size": [0.75, 1]},
								"west": {"uv": [95, 30], "uv_size": [2.25, 1]},
								"up": {"uv": [1, 108], "uv_size": [0.75, 2.25]},
								"down": {"uv": [2, 110.25], "uv_size": [0.75, -2.25]}
							}
						},
						{
							"origin": [-6.51723, 18.32649, -2.19921],
							"size": [0.7688, 1.0664, 3.2488],
							"pivot": [-7.14396, 18.85969, -1.81304],
							"rotation": [-33.31526, 12.22614, -9.51575],
							"uv": {
								"north": {"uv": [104, 50], "uv_size": [0.75, 1]},
								"east": {"uv": [95, 91], "uv_size": [3.25, 1]},
								"south": {"uv": [103, 105], "uv_size": [0.75, 1]},
								"west": {"uv": [96, 5], "uv_size": [3.25, 1]},
								"up": {"uv": [38, 91], "uv_size": [0.75, 3.25]},
								"down": {"uv": [82, 97.25], "uv_size": [0.75, -3.25]}
							}
						},
						{
							"origin": [-9.20942, 17.75994, -7.73302],
							"size": [0.7688, 1.0664, 1.2488],
							"pivot": [-7.97615, 18.29314, -6.25039],
							"rotation": [78.42936, 13.00023, 6.85471],
							"uv": {
								"north": {"uv": [17, 108], "uv_size": [0.75, 1]},
								"east": {"uv": [11, 108], "uv_size": [1.25, 1]},
								"south": {"uv": [108, 17], "uv_size": [0.75, 1]},
								"west": {"uv": [108, 12], "uv_size": [1.25, 1]},
								"up": {"uv": [96, 68], "uv_size": [0.75, 1.25]},
								"down": {"uv": [59, 104.25], "uv_size": [0.75, -1.25]}
							}
						},
						{
							"origin": [-5.02647, 17.73731, -9.03445],
							"size": [0.7688, 1.0664, 2.2488],
							"pivot": [-6.49094, 18.27051, -6.55183],
							"rotation": [78.42936, -13.00023, -6.85471],
							"uv": {
								"north": {"uv": [18, 108], "uv_size": [0.75, 1]},
								"east": {"uv": [100, 29], "uv_size": [2.25, 1]},
								"south": {"uv": [108, 18], "uv_size": [0.75, 1]},
								"west": {"uv": [107, 37], "uv_size": [2.25, 1]},
								"up": {"uv": [3, 108], "uv_size": [0.75, 2.25]},
								"down": {"uv": [4, 110.25], "uv_size": [0.75, -2.25]}
							}
						},
						{
							"origin": [-5.92211, 17.49731, 0.47215],
							"size": [0.7688, 1.0664, 3.2488],
							"pivot": [-6.38658, 18.03051, 0.23833],
							"rotation": [-78.42936, 13.00023, -6.85471],
							"uv": {
								"north": {"uv": [19, 108], "uv_size": [0.75, 1]},
								"east": {"uv": [100, 50], "uv_size": [3.25, 1]},
								"south": {"uv": [108, 19], "uv_size": [0.75, 1]},
								"west": {"uv": [104, 95], "uv_size": [3.25, 1]},
								"up": {"uv": [71, 102], "uv_size": [0.75, 3.25]},
								"down": {"uv": [25, 106.25], "uv_size": [0.75, -3.25]}
							}
						}
					]
				},
				{
					"name": "bracoesquerdo",
					"parent": "corpo",
					"pivot": [6.9292, 35.05856, 0.31297],
					"rotation": [-0.88045, 9.96156, -15.07673],
					"cubes": [
						{
							"origin": [5.1654, 26.68923, -1.75099],
							"size": [5.32, 5.98, 5.32],
							"uv": {
								"north": {"uv": [90, 39], "uv_size": [5.25, 6]},
								"east": {"uv": [51, 90], "uv_size": [5.25, 6]},
								"south": {"uv": [63, 90], "uv_size": [5.25, 6]},
								"west": {"uv": [90, 64], "uv_size": [5.25, 6]},
								"up": {"uv": [94, 45], "uv_size": [5.25, 5.25]},
								"down": {"uv": [74, 99.25], "uv_size": [5.25, -5.25]}
							}
						},
						{
							"origin": [4.8462, 30.86043, -2.07019],
							"size": [5.9584, 6.2776, 5.9584],
							"pivot": [7.8254, 33.99923, 0.90901],
							"rotation": [0, 0, -20],
							"uv": {
								"north": {"uv": [57, 86], "uv_size": [6, 6.25]},
								"east": {"uv": [86, 71], "uv_size": [6, 6.25]},
								"south": {"uv": [86, 78], "uv_size": [6, 6.25]},
								"west": {"uv": [87, 32], "uv_size": [6, 6.25]},
								"up": {"uv": [89, 19], "uv_size": [6, 6]},
								"down": {"uv": [89, 31], "uv_size": [6, -6]}
							}
						}
					]
				},
				{
					"name": "leftAnte",
					"parent": "bracoesquerdo",
					"pivot": [7.59334, 27.70429, 1.90901],
					"cubes": [
						{
							"origin": [5.45148, 23.67116, -0.86578],
							"size": [4.8944, 3.7888, 4.8944],
							"pivot": [7.59334, 27.70429, 1.90901],
							"rotation": [-12.5, 0, 2.5],
							"uv": {
								"north": {"uv": [35, 100], "uv_size": [5, 3.75]},
								"east": {"uv": [100, 38], "uv_size": [5, 3.75]},
								"south": {"uv": [100, 42], "uv_size": [5, 3.75]},
								"west": {"uv": [100, 46], "uv_size": [5, 3.75]},
								"up": {"uv": [95, 25], "uv_size": [5, 5]},
								"down": {"uv": [38, 100], "uv_size": [5, -5]}
							}
						},
						{
							"origin": [6.32062, 18.8137, -0.53819],
							"size": [2.8944, 5.7888, 2.8944],
							"pivot": [7.59334, 24.70429, 0.90901],
							"rotation": [-12.5, 0, 2.5],
							"uv": {
								"north": {"uv": [3, 102], "uv_size": [3, 5.75]},
								"east": {"uv": [6, 102], "uv_size": [3, 5.75]},
								"south": {"uv": [30, 102], "uv_size": [3, 5.75]},
								"west": {"uv": [43, 102], "uv_size": [3, 5.75]},
								"up": {"uv": [87, 39], "uv_size": [3, 3]},
								"down": {"uv": [48, 105], "uv_size": [3, -3]}
							}
						}
					]
				},
				{
					"name": "leftGarras",
					"parent": "leftAnte",
					"pivot": [7.54655, 19.53904, -0.10937],
					"rotation": [-14.72417, -78.5341, 117.74426],
					"cubes": [
						{
							"origin": [5.17028, 18.69925, -2.95754],
							"size": [3.83805, 1.55694, 2.74325],
							"uv": {
								"north": {"uv": [105, 44], "uv_size": [3.75, 1.5]},
								"east": {"uv": [97, 105], "uv_size": [2.75, 1.5]},
								"south": {"uv": [105, 46], "uv_size": [3.75, 1.5]},
								"west": {"uv": [100, 105], "uv_size": [2.75, 1.5]},
								"up": {"uv": [100, 102], "uv_size": [3.75, 2.75]},
								"down": {"uv": [9, 105.75], "uv_size": [3.75, -2.75]}
							}
						},
						{
							"origin": [5.17028, 18.69925, -4.70079],
							"size": [3.83805, 1, 1.74325],
							"uv": {
								"north": {"uv": [89, 31], "uv_size": [3.75, 1]},
								"east": {"uv": [67, 96], "uv_size": [1.75, 1]},
								"south": {"uv": [90, 6], "uv_size": [3.75, 1]},
								"west": {"uv": [72, 99], "uv_size": [1.75, 1]},
								"up": {"uv": [103, 62], "uv_size": [3.75, 1.75]},
								"down": {"uv": [63, 104.75], "uv_size": [3.75, -1.75]}
							}
						},
						{
							"origin": [6.92201, 18.32649, -7.33973],
							"size": [0.7688, 1.0664, 3.2488],
							"pivot": [6.99641, 18.85969, -4.85533],
							"rotation": [25, 0, 0],
							"uv": {
								"north": {"uv": [22, 108], "uv_size": [0.75, 1]},
								"east": {"uv": [106, 77], "uv_size": [3.25, 1]},
								"south": {"uv": [108, 22], "uv_size": [0.75, 1]},
								"west": {"uv": [106, 78], "uv_size": [3.25, 1]},
								"up": {"uv": [74, 107], "uv_size": [0.75, 3.25]},
								"down": {"uv": [94, 110.25], "uv_size": [0.75, -3.25]}
							}
						},
						{
							"origin": [5.92201, 18.32649, -7.33973],
							"size": [0.7688, 1.0664, 3.2488],
							"pivot": [6.99641, 18.85969, -4.85533],
							"rotation": [25.53051, 11.31255, 5.35254],
							"uv": {
								"north": {"uv": [23, 108], "uv_size": [0.75, 1]},
								"east": {"uv": [106, 79], "uv_size": [3.25, 1]},
								"south": {"uv": [108, 23], "uv_size": [0.75, 1]},
								"west": {"uv": [106, 80], "uv_size": [3.25, 1]},
								"up": {"uv": [95, 107], "uv_size": [0.75, 3.25]},
								"down": {"uv": [96, 110.25], "uv_size": [0.75, -3.25]}
							}
						},
						{
							"origin": [6.92201, 17.74797, -9.23389],
							"size": [0.7688, 1.0664, 2.2488],
							"pivot": [6.99641, 18.28117, -6.74949],
							"rotation": [65, 0, 0],
							"uv": {
								"north": {"uv": [24, 108], "uv_size": [0.75, 1]},
								"east": {"uv": [107, 51], "uv_size": [2.25, 1]},
								"south": {"uv": [108, 24], "uv_size": [0.75, 1]},
								"west": {"uv": [107, 63], "uv_size": [2.25, 1]},
								"up": {"uv": [5, 108], "uv_size": [0.75, 2.25]},
								"down": {"uv": [6, 110.25], "uv_size": [0.75, -2.25]}
							}
						},
						{
							"origin": [5.40975, 17.87113, -9.96976],
							"size": [0.7688, 1.0664, 3.2488],
							"pivot": [6.48415, 18.40433, -6.48536],
							"rotation": [65, 0, 0],
							"uv": {
								"north": {"uv": [108, 25], "uv_size": [0.75, 1]},
								"east": {"uv": [106, 81], "uv_size": [3.25, 1]},
								"south": {"uv": [108, 26], "uv_size": [0.75, 1]},
								"west": {"uv": [106, 82], "uv_size": [3.25, 1]},
								"up": {"uv": [97, 107], "uv_size": [0.75, 3.25]},
								"down": {"uv": [98, 110.25], "uv_size": [0.75, -3.25]}
							}
						},
						{
							"origin": [7.60843, 18.32649, -7.28025],
							"size": [0.7688, 1.0664, 2.2488],
							"pivot": [7.14396, 18.85969, -4.79762],
							"rotation": [35.17121, -21.2688, -12.74686],
							"uv": {
								"north": {"uv": [30, 108], "uv_size": [0.75, 1]},
								"east": {"uv": [107, 84], "uv_size": [2.25, 1]},
								"south": {"uv": [31, 108], "uv_size": [0.75, 1]},
								"west": {"uv": [107, 85], "uv_size": [2.25, 1]},
								"up": {"uv": [108, 6], "uv_size": [0.75, 2.25]},
								"down": {"uv": [7, 110.25], "uv_size": [0.75, -2.25]}
							}
						},
						{
							"origin": [4.74843, 18.32649, -7.28025],
							"size": [0.7688, 1.0664, 2.2488],
							"pivot": [7.14396, 18.85969, -4.79762],
							"rotation": [33.31526, 12.22614, 9.51575],
							"uv": {
								"north": {"uv": [32, 108], "uv_size": [0.75, 1]},
								"east": {"uv": [107, 86], "uv_size": [2.25, 1]},
								"south": {"uv": [38, 108], "uv_size": [0.75, 1]},
								"west": {"uv": [103, 107], "uv_size": [2.25, 1]},
								"up": {"uv": [8, 108], "uv_size": [0.75, 2.25]},
								"down": {"uv": [9, 110.25], "uv_size": [0.75, -2.25]}
							}
						},
						{
							"origin": [5.74843, 18.32649, -2.19921],
							"size": [0.7688, 1.0664, 3.2488],
							"pivot": [7.14396, 18.85969, -1.81304],
							"rotation": [-33.31526, -12.22614, 9.51575],
							"uv": {
								"north": {"uv": [108, 38], "uv_size": [0.75, 1]},
								"east": {"uv": [106, 83], "uv_size": [3.25, 1]},
								"south": {"uv": [39, 108], "uv_size": [0.75, 1]},
								"west": {"uv": [103, 106], "uv_size": [3.25, 1]},
								"up": {"uv": [99, 107], "uv_size": [0.75, 3.25]},
								"down": {"uv": [100, 110.25], "uv_size": [0.75, -3.25]}
							}
						},
						{
							"origin": [8.44062, 17.75994, -7.73302],
							"size": [0.7688, 1.0664, 1.2488],
							"pivot": [7.97615, 18.29314, -6.25039],
							"rotation": [78.42936, -13.00023, -6.85471],
							"uv": {
								"north": {"uv": [108, 39], "uv_size": [0.75, 1]},
								"east": {"uv": [13, 108], "uv_size": [1.25, 1]},
								"south": {"uv": [43, 108], "uv_size": [0.75, 1]},
								"west": {"uv": [108, 13], "uv_size": [1.25, 1]},
								"up": {"uv": [15, 108], "uv_size": [0.75, 1.25]},
								"down": {"uv": [16, 109.25], "uv_size": [0.75, -1.25]}
							}
						},
						{
							"origin": [4.25767, 17.73731, -9.03445],
							"size": [0.7688, 1.0664, 2.2488],
							"pivot": [6.49094, 18.27051, -6.55183],
							"rotation": [78.42936, 13.00023, 6.85471],
							"uv": {
								"north": {"uv": [44, 108], "uv_size": [0.75, 1]},
								"east": {"uv": [106, 107], "uv_size": [2.25, 1]},
								"south": {"uv": [45, 108], "uv_size": [0.75, 1]},
								"west": {"uv": [107, 106], "uv_size": [2.25, 1]},
								"up": {"uv": [108, 9], "uv_size": [0.75, 2.25]},
								"down": {"uv": [10, 110.25], "uv_size": [0.75, -2.25]}
							}
						},
						{
							"origin": [5.15331, 17.49731, 0.47215],
							"size": [0.7688, 1.0664, 3.2488],
							"pivot": [6.38658, 18.03051, 0.23833],
							"rotation": [-78.42936, -13.00023, 6.85471],
							"uv": {
								"north": {"uv": [108, 52], "uv_size": [0.75, 1]},
								"east": {"uv": [107, 29], "uv_size": [3.25, 1]},
								"south": {"uv": [108, 53], "uv_size": [0.75, 1]},
								"west": {"uv": [107, 30], "uv_size": [3.25, 1]},
								"up": {"uv": [101, 107], "uv_size": [0.75, 3.25]},
								"down": {"uv": [102, 110.25], "uv_size": [0.75, -3.25]}
							}
						}
					]
				},
				{
					"name": "pernadireita",
					"parent": "corpo",
					"pivot": [-3.527, 18.96, 0],
					"rotation": [-0.14296, -0.20556, 4.07583],
					"cubes": [
						{
							"origin": [-6.59245, 10.171, -2.98268],
							"size": [5.9584, 10.0352, 5.9584],
							"uv": {
								"north": {"uv": [74, 58], "uv_size": [6, 10]},
								"east": {"uv": [77, 68], "uv_size": [6, 10]},
								"south": {"uv": [77, 78], "uv_size": [6, 10]},
								"west": {"uv": [39, 79], "uv_size": [6, 10]},
								"up": {"uv": [89, 7], "uv_size": [6, 6]},
								"down": {"uv": [89, 19], "uv_size": [6, -6]}
							}
						}
					]
				},
				{
					"name": "rightCanela",
					"parent": "pernadireita",
					"pivot": [-3.66673, 10.27472, -0.65257],
					"cubes": [
						{
							"origin": [-5.65048, 3.77501, -3.08197],
							"size": [4.27616, 6.51448, 4.42616],
							"pivot": [-3.5124, 16.42125, 0.75811],
							"rotation": [2.5, 0, 0],
							"uv": {
								"north": {"uv": [92, 77], "uv_size": [4.25, 6.5]},
								"east": {"uv": [69, 90], "uv_size": [4.5, 6.5]},
								"south": {"uv": [83, 92], "uv_size": [4.25, 6.5]},
								"west": {"uv": [33, 91], "uv_size": [4.5, 6.5]},
								"up": {"uv": [96, 0], "uv_size": [4.25, 4.5]},
								"down": {"uv": [0, 101.5], "uv_size": [4.25, -4.5]}
							}
						},
						{
							"origin": [-5.45993, -1.60844, -2.54956],
							"size": [3.46369, 6.27673, 3.58519],
							"pivot": [-3.72808, 13.68502, 0.56091],
							"rotation": [2.5, 0, 0],
							"uv": {
								"north": {"uv": [14, 96], "uv_size": [3.5, 6.25]},
								"east": {"uv": [18, 96], "uv_size": [3.5, 6.25]},
								"south": {"uv": [22, 96], "uv_size": [3.5, 6.25]},
								"west": {"uv": [96, 38], "uv_size": [3.5, 6.25]},
								"up": {"uv": [90, 45], "uv_size": [3.5, 3.5]},
								"down": {"uv": [67, 105.5], "uv_size": [3.5, -3.5]}
							}
						},
						{
							"origin": [-5.47016, -7.26321, 1.72459],
							"size": [3.42093, 7.08038, 2.42093],
							"pivot": [-3.7597, -0.37963, 1.97236],
							"rotation": [-85, 0, 0],
							"uv": {
								"north": {"uv": [43, 95], "uv_size": [3.5, 7]},
								"east": {"uv": [60, 99], "uv_size": [2.5, 7]},
								"south": {"uv": [47, 95], "uv_size": [3.5, 7]},
								"west": {"uv": [40, 100], "uv_size": [2.5, 7]},
								"up": {"uv": [13, 103], "uv_size": [3.5, 2.5]},
								"down": {"uv": [17, 105.5], "uv_size": [3.5, -2.5]}
							}
						}
					]
				},
				{
					"name": "pernaesquerda",
					"parent": "corpo",
					"pivot": [3.527, 18.96, 0],
					"rotation": [-0.14296, 0.20556, -4.07583],
					"cubes": [
						{
							"origin": [0.63405, 10.171, -2.98268],
							"size": [5.9584, 10.0352, 5.9584],
							"uv": {
								"north": {"uv": [45, 79], "uv_size": [6, 10]},
								"east": {"uv": [11, 80], "uv_size": [6, 10]},
								"south": {"uv": [17, 80], "uv_size": [6, 10]},
								"west": {"uv": [51, 80], "uv_size": [6, 10]},
								"up": {"uv": [39, 89], "uv_size": [6, 6]},
								"down": {"uv": [45, 95], "uv_size": [6, -6]}
							}
						}
					]
				},
				{
					"name": "leftCanela",
					"parent": "pernaesquerda",
					"pivot": [3.66673, 10.27472, -0.65257],
					"cubes": [
						{
							"origin": [1.37432, 3.77501, -3.08197],
							"size": [4.27616, 6.51448, 4.42616],
							"pivot": [3.5124, 16.42125, 0.75811],
							"rotation": [2.5, 0, 0],
							"uv": {
								"north": {"uv": [88, 92], "uv_size": [4.25, 6.5]},
								"east": {"uv": [91, 56], "uv_size": [4.5, 6.5]},
								"south": {"uv": [93, 31], "uv_size": [4.25, 6.5]},
								"west": {"uv": [92, 70], "uv_size": [4.5, 6.5]},
								"up": {"uv": [5, 97], "uv_size": [4.25, 4.5]},
								"down": {"uv": [67, 101.5], "uv_size": [4.25, -4.5]}
							}
						},
						{
							"origin": [1.99624, -1.60844, -2.54956],
							"size": [3.46369, 6.27673, 3.58519],
							"pivot": [3.72808, 13.68502, 0.56091],
							"rotation": [2.5, 0, 0],
							"uv": {
								"north": {"uv": [51, 96], "uv_size": [3.5, 6.25]},
								"east": {"uv": [96, 54], "uv_size": [3.5, 6.25]},
								"south": {"uv": [96, 61], "uv_size": [3.5, 6.25]},
								"west": {"uv": [63, 96], "uv_size": [3.5, 6.25]},
								"up": {"uv": [102, 76], "uv_size": [3.5, 3.5]},
								"down": {"uv": [102, 83.5], "uv_size": [3.5, -3.5]}
							}
						},
						{
							"origin": [2.04923, -7.26321, 1.72459],
							"size": [3.42093, 7.08038, 2.42093],
							"pivot": [3.7597, -0.37963, 1.97236],
							"rotation": [-85, 0, 0],
							"uv": {
								"north": {"uv": [95, 84], "uv_size": [3.5, 7]},
								"east": {"uv": [100, 54], "uv_size": [2.5, 7]},
								"south": {"uv": [10, 96], "uv_size": [3.5, 7]},
								"west": {"uv": [100, 61], "uv_size": [2.5, 7]},
								"up": {"uv": [21, 103], "uv_size": [3.5, 2.5]},
								"down": {"uv": [103, 31.5], "uv_size": [3.5, -2.5]}
							}
						}
					]
				}
			]
		}
	]
}