{
	"format_version": "1.12.0",
	"minecraft:geometry": [
		{
			"description": {
				"identifier": "geometry.tori",
				"texture_width": 32,
				"texture_height": 32,
				"visible_bounds_width": 4,
				"visible_bounds_height": 3.5,
				"visible_bounds_offset": [0, 1.25, 0]
			},
			"bones": [
				{
					"name": "bb_main",
					"pivot": [0, 0, 0],
					"cubes": [
						{
							"origin": [-8, 12, -2],
							"size": [4, 12, 4],
							"uv": {
								"north": {"uv": [32, 0], "uv_size": [-5.25, 3.5]},
								"east": {"uv": [32, 0], "uv_size": [-5.25, 3.5]},
								"south": {"uv": [32, 0], "uv_size": [-5.25, 3.5]},
								"west": {"uv": [32, 0], "uv_size": [-5.25, 3.5]},
								"up": {"uv": [26.75, 3.5], "uv_size": [5.25, -3.5]},
								"down": {"uv": [26.75, 3.5], "uv_size": [5.25, -3.5]}
							}
						}
					]
				},
				{
					"name": "rightArm",
					"pivot": [-5, 22, 0]
				},
				{
					"name": "rightSleeve",
					"parent": "rightArm",
					"pivot": [-5, 22, 0]
				},
				{
					"name": "Toritorinomi",
					"parent": "rightArm",
					"pivot": [-6.06124, 9.93782, -0.91201],
					"rotation": [82.5, 0, 0],
					"cubes": [
						{
							"origin": [-7.6048, 6.0352, -3.6048],
							"size": [3.2096, 6.2096, 5.2096],
							"uv": {
								"north": {"uv": [0, 0], "uv_size": [5.25, 5.25]},
								"east": {"uv": [0, 0], "uv_size": [5.25, 5.25]},
								"south": {"uv": [0, 0], "uv_size": [5.25, 5.25]},
								"west": {"uv": [0, 0], "uv_size": [5.25, 5.25]},
								"up": {"uv": [0, 0], "uv_size": [5.25, 5.25]},
								"down": {"uv": [0, 5.25], "uv_size": [5.25, -5.25]}
							}
						},
						{
							"origin": [-7.97053, 6.66947, -2.97053],
							"size": [3.94106, 4.94106, 3.94106],
							"uv": {
								"north": {"uv": [0, 0], "uv_size": [3.5, 3.5]},
								"east": {"uv": [0, 0], "uv_size": [4, 4]},
								"south": {"uv": [0, 0], "uv_size": [4.25, 3.75]},
								"west": {"uv": [0, 0], "uv_size": [4, 4]},
								"up": {"uv": [0, 0], "uv_size": [3.5, 3.75]},
								"down": {"uv": [0, 3.5], "uv_size": [3.25, -3.5]}
							}
						},
						{
							"origin": [-7.94553, 5.69447, -2.94553],
							"size": [3.89105, 6.89105, 3.89105],
							"uv": {
								"north": {"uv": [4, 4], "uv_size": [-4, -4]},
								"east": {"uv": [4, 4], "uv_size": [-4, -4]},
								"south": {"uv": [4, 4], "uv_size": [-4, -4]},
								"west": {"uv": [4, 4], "uv_size": [-4, -4]},
								"up": {"uv": [0, 0], "uv_size": [4, 4]},
								"down": {"uv": [0, 0], "uv_size": [4, 4]}
							}
						},
						{
							"origin": [-9.34584, 12.94896, -1],
							"size": [6.48208, 2.38208, 0],
							"uv": {
								"north": {"uv": [10, 18], "uv_size": [6.5, 2.5]},
								"east": {"uv": [0, 0], "uv_size": [0, 2.5]},
								"south": {"uv": [16.5, 18], "uv_size": [-6.5, 2.5]},
								"west": {"uv": [0, 0], "uv_size": [0, 2.5]},
								"up": {"uv": [0, 0], "uv_size": [6.5, 0]},
								"down": {"uv": [0, 0], "uv_size": [6.5, 0]}
							}
						},
						{
							"origin": [-9.34584, 9.33164, -3.07612],
							"size": [2.48208, 3.38208, 0],
							"pivot": [-6.1048, 13.14, -2],
							"rotation": [-15, 0, 0],
							"uv": {
								"north": {"uv": [14, 21], "uv_size": [2.5, 3.5]},
								"east": {"uv": [0, 0], "uv_size": [0, 3.5]},
								"south": {"uv": [22, 0], "uv_size": [2.5, 3.5]},
								"west": {"uv": [0, 0], "uv_size": [0, 3.5]},
								"up": {"uv": [0, 0], "uv_size": [2.5, 0]},
								"down": {"uv": [0, 0], "uv_size": [2.5, 0]}
							}
						},
						{
							"origin": [-9.34584, 9.33164, 1.07612],
							"size": [2.48208, 3.38208, 0],
							"pivot": [-6.1048, 13.14, 0],
							"rotation": [15, 0, 0],
							"uv": {
								"north": {"uv": [24.5, 0], "uv_size": [-2.5, 3.5]},
								"east": {"uv": [0, 0], "uv_size": [0, 3.5]},
								"south": {"uv": [16.5, 21], "uv_size": [-2.5, 3.5]},
								"west": {"uv": [0, 0], "uv_size": [0, 3.5]},
								"up": {"uv": [0, 0], "uv_size": [2.5, 0]},
								"down": {"uv": [0, 0], "uv_size": [2.5, 0]}
							}
						},
						{
							"origin": [-5.13624, 9.33164, 1.07612],
							"size": [2.48208, 3.38208, 0],
							"pivot": [-5.8952, 13.14, 0],
							"rotation": [15, 0, 0],
							"uv": {
								"north": {"uv": [22, 0], "uv_size": [2.5, 3.5]},
								"east": {"uv": [0, 0], "uv_size": [0, 3.5]},
								"south": {"uv": [14, 21], "uv_size": [2.5, 3.5]},
								"west": {"uv": [0, 0], "uv_size": [0, 3.5]},
								"up": {"uv": [2.5, 0], "uv_size": [-2.5, 0]},
								"down": {"uv": [2.5, 0], "uv_size": [-2.5, 0]}
							}
						},
						{
							"origin": [-7.34584, 10.33164, -3.07612],
							"size": [2.48208, 3.38208, 0],
							"pivot": [-6.1048, 13.14, -2],
							"rotation": [-19.31303, -19.09208, -32.90921],
							"uv": {
								"north": {"uv": [14, 21], "uv_size": [2.5, 3.5]},
								"east": {"uv": [0, 0], "uv_size": [0, 3.5]},
								"south": {"uv": [22, 0], "uv_size": [2.5, 3.5]},
								"west": {"uv": [0, 0], "uv_size": [0, 3.5]},
								"up": {"uv": [0, 0], "uv_size": [2.5, 0]},
								"down": {"uv": [0, 0], "uv_size": [2.5, 0]}
							}
						},
						{
							"origin": [-7.13624, 10.33164, -3.07612],
							"size": [2.48208, 3.38208, 0],
							"pivot": [-5.8952, 13.14, -2],
							"rotation": [-19.31303, 19.09208, 32.90921],
							"uv": {
								"north": {"uv": [16.5, 21], "uv_size": [-2.5, 3.5]},
								"east": {"uv": [0, 0], "uv_size": [0, 3.5]},
								"south": {"uv": [24.5, 0], "uv_size": [-2.5, 3.5]},
								"west": {"uv": [0, 0], "uv_size": [0, 3.5]},
								"up": {"uv": [2.5, 0], "uv_size": [-2.5, 0]},
								"down": {"uv": [2.5, 0], "uv_size": [-2.5, 0]}
							}
						},
						{
							"origin": [-7.13624, 10.33164, 1.07612],
							"size": [2.48208, 3.38208, 0],
							"pivot": [-5.8952, 13.14, 0],
							"rotation": [19.31303, -19.09208, 32.90921],
							"uv": {
								"north": {"uv": [22, 0], "uv_size": [2.5, 3.5]},
								"east": {"uv": [0, 0], "uv_size": [0, 3.5]},
								"south": {"uv": [14, 21], "uv_size": [2.5, 3.5]},
								"west": {"uv": [0, 0], "uv_size": [0, 3.5]},
								"up": {"uv": [2.5, 0], "uv_size": [-2.5, 0]},
								"down": {"uv": [2.5, 0], "uv_size": [-2.5, 0]}
							}
						},
						{
							"origin": [-7.34584, 10.33164, 1.07612],
							"size": [2.48208, 3.38208, 0],
							"pivot": [-6.1048, 13.14, 0],
							"rotation": [19.31303, 19.09208, -32.90921],
							"uv": {
								"north": {"uv": [24.5, 0], "uv_size": [-2.5, 3.5]},
								"east": {"uv": [0, 0], "uv_size": [0, 3.5]},
								"south": {"uv": [16.5, 21], "uv_size": [-2.5, 3.5]},
								"west": {"uv": [0, 0], "uv_size": [0, 3.5]},
								"up": {"uv": [0, 0], "uv_size": [2.5, 0]},
								"down": {"uv": [0, 0], "uv_size": [2.5, 0]}
							}
						},
						{
							"origin": [-7.34584, 9.68977, -0.31444],
							"size": [2.48208, 3.38208, 0],
							"pivot": [-6.1048, 15.37335, -0.58745],
							"rotation": [-37.5, 0, 0],
							"uv": {
								"north": {"uv": [14, 21], "uv_size": [2.5, 3.5]},
								"east": {"uv": [0, 0], "uv_size": [0, 3.5]},
								"south": {"uv": [22, 0], "uv_size": [2.5, 3.5]},
								"west": {"uv": [0, 0], "uv_size": [0, 3.5]},
								"up": {"uv": [0, 0], "uv_size": [2.5, 0]},
								"down": {"uv": [0, 0], "uv_size": [2.5, 0]}
							}
						},
						{
							"origin": [-7.34584, 9.68977, -1.68556],
							"size": [2.48208, 3.38208, 0],
							"pivot": [-6.1048, 15.37335, -1.41255],
							"rotation": [37.5, 0, 0],
							"uv": {
								"north": {"uv": [24.5, 0], "uv_size": [-2.5, 3.5]},
								"east": {"uv": [0, 0], "uv_size": [0, 3.5]},
								"south": {"uv": [16.5, 21], "uv_size": [-2.5, 3.5]},
								"west": {"uv": [0, 0], "uv_size": [0, 3.5]},
								"up": {"uv": [0, 0], "uv_size": [2.5, 0]},
								"down": {"uv": [0, 0], "uv_size": [2.5, 0]}
							}
						},
						{
							"origin": [-9.13624, 10.34861, 0.80136],
							"size": [2.48208, 3.38208, 0],
							"pivot": [-7.8952, 12.03965, 0.80136],
							"rotation": [36.82979, -20.29317, 6.91379],
							"uv": {
								"north": {"uv": [22, 0], "uv_size": [2.5, 3.5]},
								"east": {"uv": [0, 0], "uv_size": [0, 3.5]},
								"south": {"uv": [14, 21], "uv_size": [2.5, 3.5]},
								"west": {"uv": [0, 0], "uv_size": [0, 3.5]},
								"up": {"uv": [2.5, 0], "uv_size": [-2.5, 0]},
								"down": {"uv": [2.5, 0], "uv_size": [-2.5, 0]}
							}
						},
						{
							"origin": [-9.13624, 10.34861, -2.80136],
							"size": [2.48208, 3.38208, 0],
							"pivot": [-7.8952, 12.03965, -2.80136],
							"rotation": [-36.82979, 20.29317, 6.91379],
							"uv": {
								"north": {"uv": [16.5, 21], "uv_size": [-2.5, 3.5]},
								"east": {"uv": [0, 0], "uv_size": [0, 3.5]},
								"south": {"uv": [24.5, 0], "uv_size": [-2.5, 3.5]},
								"west": {"uv": [0, 0], "uv_size": [0, 3.5]},
								"up": {"uv": [2.5, 0], "uv_size": [-2.5, 0]},
								"down": {"uv": [2.5, 0], "uv_size": [-2.5, 0]}
							}
						},
						{
							"origin": [-5.34584, 10.34861, -2.80136],
							"size": [2.48208, 3.38208, 0],
							"pivot": [-4.1048, 12.03965, -2.80136],
							"rotation": [-36.82979, -20.29317, -6.91379],
							"uv": {
								"north": {"uv": [14, 21], "uv_size": [2.5, 3.5]},
								"east": {"uv": [0, 0], "uv_size": [0, 3.5]},
								"south": {"uv": [22, 0], "uv_size": [2.5, 3.5]},
								"west": {"uv": [0, 0], "uv_size": [0, 3.5]},
								"up": {"uv": [0, 0], "uv_size": [2.5, 0]},
								"down": {"uv": [0, 0], "uv_size": [2.5, 0]}
							}
						},
						{
							"origin": [-7.34584, 9.75046, -4],
							"size": [2.48208, 3.38208, 0],
							"uv": {
								"north": {"uv": [14, 21], "uv_size": [2.5, 3.5]},
								"east": {"uv": [0, 0], "uv_size": [0, 3.5]},
								"south": {"uv": [22, 0], "uv_size": [2.5, 3.5]},
								"west": {"uv": [0, 0], "uv_size": [0, 3.5]},
								"up": {"uv": [0, 0], "uv_size": [2.5, 0]},
								"down": {"uv": [0, 0], "uv_size": [2.5, 0]}
							}
						},
						{
							"origin": [-7.34584, 9.75046, 2],
							"size": [2.48208, 3.38208, 0],
							"uv": {
								"north": {"uv": [24.5, 0], "uv_size": [-2.5, 3.5]},
								"east": {"uv": [0, 0], "uv_size": [0, 3.5]},
								"south": {"uv": [16.5, 21], "uv_size": [-2.5, 3.5]},
								"west": {"uv": [0, 0], "uv_size": [0, 3.5]},
								"up": {"uv": [0, 0], "uv_size": [2.5, 0]},
								"down": {"uv": [0, 0], "uv_size": [2.5, 0]}
							}
						},
						{
							"origin": [-7.34584, 7.75046, -4],
							"size": [2.48208, 3.38208, 0],
							"uv": {
								"north": {"uv": [14, 21], "uv_size": [2.5, 3.5]},
								"east": {"uv": [0, 0], "uv_size": [0, 3.5]},
								"south": {"uv": [22, 0], "uv_size": [2.5, 3.5]},
								"west": {"uv": [0, 0], "uv_size": [0, 3.5]},
								"up": {"uv": [0, 0], "uv_size": [2.5, 0]},
								"down": {"uv": [0, 0], "uv_size": [2.5, 0]}
							}
						},
						{
							"origin": [-7.34584, 7.75046, 2],
							"size": [2.48208, 3.38208, 0],
							"uv": {
								"north": {"uv": [24.5, 0], "uv_size": [-2.5, 3.5]},
								"east": {"uv": [0, 0], "uv_size": [0, 3.5]},
								"south": {"uv": [16.5, 21], "uv_size": [-2.5, 3.5]},
								"west": {"uv": [0, 0], "uv_size": [0, 3.5]},
								"up": {"uv": [0, 0], "uv_size": [2.5, 0]},
								"down": {"uv": [0, 0], "uv_size": [2.5, 0]}
							}
						},
						{
							"origin": [-10.45609, 8.88149, -0.89491],
							"size": [2.48208, 3.38208, 0],
							"pivot": [-9.21505, 9.57253, -0.89491],
							"rotation": [0, -90, -7.5],
							"uv": {
								"north": {"uv": [24.5, 0], "uv_size": [-2.5, 3.5]},
								"east": {"uv": [0, 0], "uv_size": [0, 3.5]},
								"south": {"uv": [16.5, 21], "uv_size": [-2.5, 3.5]},
								"west": {"uv": [0, 0], "uv_size": [0, 3.5]},
								"up": {"uv": [0, 0], "uv_size": [2.5, 0]},
								"down": {"uv": [0, 0], "uv_size": [2.5, 0]}
							}
						},
						{
							"origin": [-4.02599, 8.88149, -0.89491],
							"size": [2.48208, 3.38208, 0],
							"pivot": [-2.78495, 9.57253, -0.89491],
							"rotation": [0, 90, 7.5],
							"uv": {
								"north": {"uv": [22, 0], "uv_size": [2.5, 3.5]},
								"east": {"uv": [0, 0], "uv_size": [0, 3.5]},
								"south": {"uv": [14, 21], "uv_size": [2.5, 3.5]},
								"west": {"uv": [0, 0], "uv_size": [0, 3.5]},
								"up": {"uv": [2.5, 0], "uv_size": [-2.5, 0]},
								"down": {"uv": [2.5, 0], "uv_size": [-2.5, 0]}
							}
						},
						{
							"origin": [-6.2956, 7.21954, 2.99311],
							"size": [2.48208, 3.38208, 0],
							"pivot": [-5.05456, 14.45912, -0.89491],
							"rotation": [0, 90, 12.5],
							"uv": {
								"north": {"uv": [22, 0], "uv_size": [2.5, 3.5]},
								"east": {"uv": [0, 0], "uv_size": [0, 3.5]},
								"south": {"uv": [14, 21], "uv_size": [2.5, 3.5]},
								"west": {"uv": [0, 0], "uv_size": [0, 3.5]},
								"up": {"uv": [2.5, 0], "uv_size": [-2.5, 0]},
								"down": {"uv": [2.5, 0], "uv_size": [-2.5, 0]}
							}
						},
						{
							"origin": [-8.18648, 7.21954, 2.99311],
							"size": [2.48208, 3.38208, 0],
							"pivot": [-6.94544, 14.45912, -0.89491],
							"rotation": [0, -90, -12.5],
							"uv": {
								"north": {"uv": [24.5, 0], "uv_size": [-2.5, 3.5]},
								"east": {"uv": [0, 0], "uv_size": [0, 3.5]},
								"south": {"uv": [16.5, 21], "uv_size": [-2.5, 3.5]},
								"west": {"uv": [0, 0], "uv_size": [0, 3.5]},
								"up": {"uv": [0, 0], "uv_size": [2.5, 0]},
								"down": {"uv": [0, 0], "uv_size": [2.5, 0]}
							}
						},
						{
							"origin": [-10.56497, 5.55695, -0.67847],
							"size": [2.48208, 3.38208, 0],
							"pivot": [-9.32393, 8.22428, -0.89491],
							"rotation": [0, -90, -22.5],
							"uv": {
								"north": {"uv": [24.5, 0], "uv_size": [-2.5, 3.5]},
								"east": {"uv": [0, 0], "uv_size": [0, 3.5]},
								"south": {"uv": [16.5, 21], "uv_size": [-2.5, 3.5]},
								"west": {"uv": [0, 0], "uv_size": [0, 3.5]},
								"up": {"uv": [0, 0], "uv_size": [2.5, 0]},
								"down": {"uv": [0, 0], "uv_size": [2.5, 0]}
							}
						},
						{
							"origin": [-3.91711, 5.55695, -0.67847],
							"size": [2.48208, 3.38208, 0],
							"pivot": [-2.67607, 8.22428, -0.89491],
							"rotation": [0, 90, 22.5],
							"uv": {
								"north": {"uv": [22, 0], "uv_size": [2.5, 3.5]},
								"east": {"uv": [0, 0], "uv_size": [0, 3.5]},
								"south": {"uv": [14, 21], "uv_size": [2.5, 3.5]},
								"west": {"uv": [0, 0], "uv_size": [0, 3.5]},
								"up": {"uv": [2.5, 0], "uv_size": [-2.5, 0]},
								"down": {"uv": [2.5, 0], "uv_size": [-2.5, 0]}
							}
						},
						{
							"origin": [-10.20597, 5.10094, -2.57408],
							"size": [2.48208, 3.38208, 0],
							"pivot": [-8.96493, 6.79198, -2.57408],
							"rotation": [138.2968, -67.10507, -163.11848],
							"uv": {
								"north": {"uv": [24.5, 0], "uv_size": [-2.5, 3.5]},
								"east": {"uv": [0, 0], "uv_size": [0, 3.5]},
								"south": {"uv": [16.5, 21], "uv_size": [-2.5, 3.5]},
								"west": {"uv": [0, 0], "uv_size": [0, 3.5]},
								"up": {"uv": [0, 0], "uv_size": [2.5, 0]},
								"down": {"uv": [0, 0], "uv_size": [2.5, 0]}
							}
						},
						{
							"origin": [-10.20597, 5.10094, 0.57408],
							"size": [2.48208, 3.38208, 0],
							"pivot": [-8.96493, 6.79198, 0.57408],
							"rotation": [-138.2968, 67.10507, -163.11848],
							"uv": {
								"north": {"uv": [14, 21], "uv_size": [2.5, 3.5]},
								"east": {"uv": [0, 0], "uv_size": [0, 3.5]},
								"south": {"uv": [22, 0], "uv_size": [2.5, 3.5]},
								"west": {"uv": [0, 0], "uv_size": [0, 3.5]},
								"up": {"uv": [0, 0], "uv_size": [2.5, 0]},
								"down": {"uv": [0, 0], "uv_size": [2.5, 0]}
							}
						},
						{
							"origin": [-4.27611, 5.10094, 0.57408],
							"size": [2.48208, 3.38208, 0],
							"pivot": [-3.03507, 6.79198, 0.57408],
							"rotation": [-138.2968, -67.10507, 163.11848],
							"uv": {
								"north": {"uv": [16.5, 21], "uv_size": [-2.5, 3.5]},
								"east": {"uv": [0, 0], "uv_size": [0, 3.5]},
								"south": {"uv": [24.5, 0], "uv_size": [-2.5, 3.5]},
								"west": {"uv": [0, 0], "uv_size": [0, 3.5]},
								"up": {"uv": [2.5, 0], "uv_size": [-2.5, 0]},
								"down": {"uv": [2.5, 0], "uv_size": [-2.5, 0]}
							}
						},
						{
							"origin": [-4.27611, 5.10094, -2.57408],
							"size": [2.48208, 3.38208, 0],
							"pivot": [-3.03507, 6.79198, -2.57408],
							"rotation": [138.2968, 67.10507, 163.11848],
							"uv": {
								"north": {"uv": [22, 0], "uv_size": [2.5, 3.5]},
								"east": {"uv": [0, 0], "uv_size": [0, 3.5]},
								"south": {"uv": [14, 21], "uv_size": [2.5, 3.5]},
								"west": {"uv": [0, 0], "uv_size": [0, 3.5]},
								"up": {"uv": [2.5, 0], "uv_size": [-2.5, 0]},
								"down": {"uv": [2.5, 0], "uv_size": [-2.5, 0]}
							}
						},
						{
							"origin": [-7.86541, 9.04771, 0.43381],
							"size": [2.48208, 3.38208, 0],
							"pivot": [-6.5239, 13.55542, -0.89491],
							"rotation": [-88.30526, 88.57284, -127.85792],
							"uv": {
								"north": {"uv": [22, 0], "uv_size": [2.5, 3.5]},
								"east": {"uv": [0, 0], "uv_size": [0, 3.5]},
								"south": {"uv": [14, 21], "uv_size": [2.5, 3.5]},
								"west": {"uv": [0, 0], "uv_size": [0, 3.5]},
								"up": {"uv": [2.5, 0], "uv_size": [-2.5, 0]},
								"down": {"uv": [2.5, 0], "uv_size": [-2.5, 0]}
							}
						},
						{
							"origin": [-6.61667, 9.04771, 0.43381],
							"size": [2.48208, 3.38208, 0],
							"pivot": [-5.4761, 13.55542, -0.89491],
							"rotation": [-88.30526, -88.57284, 127.85792],
							"uv": {
								"north": {"uv": [24.5, 0], "uv_size": [-2.5, 3.5]},
								"east": {"uv": [0, 0], "uv_size": [0, 3.5]},
								"south": {"uv": [16.5, 21], "uv_size": [-2.5, 3.5]},
								"west": {"uv": [0, 0], "uv_size": [0, 3.5]},
								"up": {"uv": [0, 0], "uv_size": [2.5, 0]},
								"down": {"uv": [0, 0], "uv_size": [2.5, 0]}
							}
						},
						{
							"origin": [-3.89546, 8.87294, 0.10509],
							"size": [2.48208, 3.38208, 0],
							"pivot": [-2.65442, 10.56398, 1.10509],
							"rotation": [0, 60, 7.5],
							"uv": {
								"north": {"uv": [22, 0], "uv_size": [2.5, 3.5]},
								"east": {"uv": [0, 0], "uv_size": [0, 3.5]},
								"south": {"uv": [14, 21], "uv_size": [2.5, 3.5]},
								"west": {"uv": [0, 0], "uv_size": [0, 3.5]},
								"up": {"uv": [2.5, 0], "uv_size": [-2.5, 0]},
								"down": {"uv": [2.5, 0], "uv_size": [-2.5, 0]}
							}
						},
						{
							"origin": [-3.89546, 8.87294, -3.10509],
							"size": [2.48208, 3.38208, 0],
							"pivot": [-2.65442, 10.56398, -3.10509],
							"rotation": [0, -60, 7.5],
							"uv": {
								"north": {"uv": [16.5, 21], "uv_size": [-2.5, 3.5]},
								"east": {"uv": [0, 0], "uv_size": [0, 3.5]},
								"south": {"uv": [24.5, 0], "uv_size": [-2.5, 3.5]},
								"west": {"uv": [0, 0], "uv_size": [0, 3.5]},
								"up": {"uv": [2.5, 0], "uv_size": [-2.5, 0]},
								"down": {"uv": [2.5, 0], "uv_size": [-2.5, 0]}
							}
						},
						{
							"origin": [-10.58662, 8.87294, -3.10509],
							"size": [2.48208, 3.38208, 0],
							"pivot": [-9.34558, 10.56398, -3.10509],
							"rotation": [0, 60, -7.5],
							"uv": {
								"north": {"uv": [14, 21], "uv_size": [2.5, 3.5]},
								"east": {"uv": [0, 0], "uv_size": [0, 3.5]},
								"south": {"uv": [22, 0], "uv_size": [2.5, 3.5]},
								"west": {"uv": [0, 0], "uv_size": [0, 3.5]},
								"up": {"uv": [0, 0], "uv_size": [2.5, 0]},
								"down": {"uv": [0, 0], "uv_size": [2.5, 0]}
							}
						},
						{
							"origin": [-10.58662, 9.87294, 0.10509],
							"size": [2.48208, 3.38208, 0],
							"pivot": [-9.34558, 10.56398, 1.10509],
							"rotation": [0, -60, -7.5],
							"uv": {
								"north": {"uv": [24.5, 0], "uv_size": [-2.5, 3.5]},
								"east": {"uv": [0, 0], "uv_size": [0, 3.5]},
								"south": {"uv": [16.5, 21], "uv_size": [-2.5, 3.5]},
								"west": {"uv": [0, 0], "uv_size": [0, 3.5]},
								"up": {"uv": [0, 0], "uv_size": [2.5, 0]},
								"down": {"uv": [0, 0], "uv_size": [2.5, 0]}
							}
						},
						{
							"origin": [-10.32556, 6.89005, 1.10509],
							"size": [2.48208, 3.38208, 0],
							"pivot": [-9.08452, 8.58109, 1.10509],
							"rotation": [17.5, -60, -7.5],
							"uv": {
								"north": {"uv": [24.5, 0], "uv_size": [-2.5, 3.5]},
								"east": {"uv": [0, 0], "uv_size": [0, 3.5]},
								"south": {"uv": [16.5, 21], "uv_size": [-2.5, 3.5]},
								"west": {"uv": [0, 0], "uv_size": [0, 3.5]},
								"up": {"uv": [0, 0], "uv_size": [2.5, 0]},
								"down": {"uv": [0, 0], "uv_size": [2.5, 0]}
							}
						},
						{
							"origin": [-4.15652, 6.89005, 1.10509],
							"size": [2.48208, 3.38208, 0],
							"pivot": [-2.91548, 8.58109, 1.10509],
							"rotation": [17.5, 60, 7.5],
							"uv": {
								"north": {"uv": [22, 0], "uv_size": [2.5, 3.5]},
								"east": {"uv": [0, 0], "uv_size": [0, 3.5]},
								"south": {"uv": [14, 21], "uv_size": [2.5, 3.5]},
								"west": {"uv": [0, 0], "uv_size": [0, 3.5]},
								"up": {"uv": [2.5, 0], "uv_size": [-2.5, 0]},
								"down": {"uv": [2.5, 0], "uv_size": [-2.5, 0]}
							}
						},
						{
							"origin": [-4.15652, 6.89005, -3.10509],
							"size": [2.48208, 3.38208, 0],
							"pivot": [-2.91548, 8.58109, -3.10509],
							"rotation": [-17.5, -60, 7.5],
							"uv": {
								"north": {"uv": [16.5, 21], "uv_size": [-2.5, 3.5]},
								"east": {"uv": [0, 0], "uv_size": [0, 3.5]},
								"south": {"uv": [24.5, 0], "uv_size": [-2.5, 3.5]},
								"west": {"uv": [0, 0], "uv_size": [0, 3.5]},
								"up": {"uv": [2.5, 0], "uv_size": [-2.5, 0]},
								"down": {"uv": [2.5, 0], "uv_size": [-2.5, 0]}
							}
						},
						{
							"origin": [-10.32556, 6.89005, -3.10509],
							"size": [2.48208, 3.38208, 0],
							"pivot": [-9.08452, 8.58109, -3.10509],
							"rotation": [-17.5, 60, -7.5],
							"uv": {
								"north": {"uv": [14, 21], "uv_size": [2.5, 3.5]},
								"east": {"uv": [0, 0], "uv_size": [0, 3.5]},
								"south": {"uv": [22, 0], "uv_size": [2.5, 3.5]},
								"west": {"uv": [0, 0], "uv_size": [0, 3.5]},
								"up": {"uv": [0, 0], "uv_size": [2.5, 0]},
								"down": {"uv": [0, 0], "uv_size": [2.5, 0]}
							}
						},
						{
							"origin": [-7.34584, 6.75046, 2],
							"size": [2.48208, 3.38208, 0],
							"pivot": [-6.1048, 7.4415, 2],
							"rotation": [-9.97978, 0.30277, 0.53399],
							"uv": {
								"north": {"uv": [24.5, 0], "uv_size": [-2.5, 3.5]},
								"east": {"uv": [0, 0], "uv_size": [0, 3.5]},
								"south": {"uv": [16.5, 21], "uv_size": [-2.5, 3.5]},
								"west": {"uv": [0, 0], "uv_size": [0, 3.5]},
								"up": {"uv": [0, 0], "uv_size": [2.5, 0]},
								"down": {"uv": [0, 0], "uv_size": [2.5, 0]}
							}
						},
						{
							"origin": [-7.33575, 6.73528, -4.1733],
							"size": [2.48208, 3.38208, 0],
							"pivot": [-6.09471, 8.42632, -4.1733],
							"rotation": [7.7755, -0.42694, -21.84479],
							"uv": {
								"north": {"uv": [14, 21], "uv_size": [2.5, 3.5]},
								"east": {"uv": [0, 0], "uv_size": [0, 3.5]},
								"south": {"uv": [22, 0], "uv_size": [2.5, 3.5]},
								"west": {"uv": [0, 0], "uv_size": [0, 3.5]},
								"up": {"uv": [0, 0], "uv_size": [2.5, 0]},
								"down": {"uv": [0, 0], "uv_size": [2.5, 0]}
							}
						},
						{
							"origin": [-4.54705, 8.56537, -4.02341],
							"size": [2.48208, 3.38208, 0],
							"pivot": [-4.30601, 9.25641, -4.02341],
							"rotation": [-30.75154, -15.13949, 64.90842],
							"uv": {
								"north": {"uv": [16.5, 21], "uv_size": [-2.5, 3.5]},
								"east": {"uv": [0, 0], "uv_size": [0, 3.5]},
								"south": {"uv": [24.5, 0], "uv_size": [-2.5, 3.5]},
								"west": {"uv": [0, 0], "uv_size": [0, 3.5]},
								"up": {"uv": [2.5, 0], "uv_size": [-2.5, 0]},
								"down": {"uv": [2.5, 0], "uv_size": [-2.5, 0]}
							}
						},
						{
							"origin": [-4.54705, 8.56537, 2.02341],
							"size": [2.48208, 3.38208, 0],
							"pivot": [-4.30601, 9.25641, 2.02341],
							"rotation": [30.75154, 15.13949, 64.90842],
							"uv": {
								"north": {"uv": [22, 0], "uv_size": [2.5, 3.5]},
								"east": {"uv": [0, 0], "uv_size": [0, 3.5]},
								"south": {"uv": [14, 21], "uv_size": [2.5, 3.5]},
								"west": {"uv": [0, 0], "uv_size": [0, 3.5]},
								"up": {"uv": [2.5, 0], "uv_size": [-2.5, 0]},
								"down": {"uv": [2.5, 0], "uv_size": [-2.5, 0]}
							}
						},
						{
							"origin": [-9.93503, 8.56537, -4.02341],
							"size": [2.48208, 3.38208, 0],
							"pivot": [-7.69399, 9.25641, -4.02341],
							"rotation": [-30.75154, 15.13949, -64.90842],
							"uv": {
								"north": {"uv": [14, 21], "uv_size": [2.5, 3.5]},
								"east": {"uv": [0, 0], "uv_size": [0, 3.5]},
								"south": {"uv": [22, 0], "uv_size": [2.5, 3.5]},
								"west": {"uv": [0, 0], "uv_size": [0, 3.5]},
								"up": {"uv": [0, 0], "uv_size": [2.5, 0]},
								"down": {"uv": [0, 0], "uv_size": [2.5, 0]}
							}
						},
						{
							"origin": [-9.93503, 8.56537, 2.02341],
							"size": [2.48208, 3.38208, 0],
							"pivot": [-7.69399, 9.25641, 2.02341],
							"rotation": [30.75154, -15.13949, -64.90842],
							"uv": {
								"north": {"uv": [24.5, 0], "uv_size": [-2.5, 3.5]},
								"east": {"uv": [0, 0], "uv_size": [0, 3.5]},
								"south": {"uv": [16.5, 21], "uv_size": [-2.5, 3.5]},
								"west": {"uv": [0, 0], "uv_size": [0, 3.5]},
								"up": {"uv": [0, 0], "uv_size": [2.5, 0]},
								"down": {"uv": [0, 0], "uv_size": [2.5, 0]}
							}
						},
						{
							"origin": [-9.34584, 8.75046, 1],
							"size": [2.48208, 3.38208, 0],
							"pivot": [-8.1048, 9.4415, 2],
							"rotation": [-7.5, -10, -15],
							"uv": {
								"north": {"uv": [24.5, 0], "uv_size": [-2.5, 3.5]},
								"east": {"uv": [0, 0], "uv_size": [0, 3.5]},
								"south": {"uv": [16.5, 21], "uv_size": [-2.5, 3.5]},
								"west": {"uv": [0, 0], "uv_size": [0, 3.5]},
								"up": {"uv": [0, 0], "uv_size": [2.5, 0]},
								"down": {"uv": [0, 0], "uv_size": [2.5, 0]}
							}
						},
						{
							"origin": [-8.04548, 5.78141, -3.81937],
							"size": [2.48208, 3.38208, 0],
							"pivot": [-7.80444, 7.47245, -3.81937],
							"rotation": [4.53857, -3.14889, 46.28848],
							"uv": {
								"north": {"uv": [14, 21], "uv_size": [2.5, 3.5]},
								"east": {"uv": [0, 0], "uv_size": [0, 3.5]},
								"south": {"uv": [22, 0], "uv_size": [2.5, 3.5]},
								"west": {"uv": [0, 0], "uv_size": [0, 3.5]},
								"up": {"uv": [0, 0], "uv_size": [2.5, 0]},
								"down": {"uv": [0, 0], "uv_size": [2.5, 0]}
							}
						},
						{
							"origin": [-8.04548, 5.78141, 1.81937],
							"size": [2.48208, 3.38208, 0],
							"pivot": [-7.80444, 7.47245, 1.81937],
							"rotation": [-4.53857, 3.14889, 46.28848],
							"uv": {
								"north": {"uv": [24.5, 0], "uv_size": [-2.5, 3.5]},
								"east": {"uv": [0, 0], "uv_size": [0, 3.5]},
								"south": {"uv": [16.5, 21], "uv_size": [-2.5, 3.5]},
								"west": {"uv": [0, 0], "uv_size": [0, 3.5]},
								"up": {"uv": [0, 0], "uv_size": [2.5, 0]},
								"down": {"uv": [0, 0], "uv_size": [2.5, 0]}
							}
						},
						{
							"origin": [-6.4366, 5.78141, 1.81937],
							"size": [2.48208, 3.38208, 0],
							"pivot": [-4.19556, 7.47245, 1.81937],
							"rotation": [-4.53857, -3.14889, -46.28848],
							"uv": {
								"north": {"uv": [22, 0], "uv_size": [2.5, 3.5]},
								"east": {"uv": [0, 0], "uv_size": [0, 3.5]},
								"south": {"uv": [14, 21], "uv_size": [2.5, 3.5]},
								"west": {"uv": [0, 0], "uv_size": [0, 3.5]},
								"up": {"uv": [2.5, 0], "uv_size": [-2.5, 0]},
								"down": {"uv": [2.5, 0], "uv_size": [-2.5, 0]}
							}
						},
						{
							"origin": [-6.4366, 5.78141, -3.81937],
							"size": [2.48208, 3.38208, 0],
							"pivot": [-4.19556, 7.47245, -3.81937],
							"rotation": [4.53857, 3.14889, -46.28848],
							"uv": {
								"north": {"uv": [16.5, 21], "uv_size": [-2.5, 3.5]},
								"east": {"uv": [0, 0], "uv_size": [0, 3.5]},
								"south": {"uv": [24.5, 0], "uv_size": [-2.5, 3.5]},
								"west": {"uv": [0, 0], "uv_size": [0, 3.5]},
								"up": {"uv": [2.5, 0], "uv_size": [-2.5, 0]},
								"down": {"uv": [2.5, 0], "uv_size": [-2.5, 0]}
							}
						},
						{
							"origin": [-5.13624, 8.75046, 1],
							"size": [2.48208, 3.38208, 0],
							"pivot": [-3.8952, 9.4415, 2],
							"rotation": [-7.5, 10, 15],
							"uv": {
								"north": {"uv": [22, 0], "uv_size": [2.5, 3.5]},
								"east": {"uv": [0, 0], "uv_size": [0, 3.5]},
								"south": {"uv": [14, 21], "uv_size": [2.5, 3.5]},
								"west": {"uv": [0, 0], "uv_size": [0, 3.5]},
								"up": {"uv": [2.5, 0], "uv_size": [-2.5, 0]},
								"down": {"uv": [2.5, 0], "uv_size": [-2.5, 0]}
							}
						},
						{
							"origin": [-7.34584, 10.33164, 1.07612],
							"size": [2.48208, 3.38208, 0],
							"pivot": [-6.1048, 13.14, 0],
							"rotation": [15, 0, 0],
							"uv": {
								"north": {"uv": [24.5, 0], "uv_size": [-2.5, 3.5]},
								"east": {"uv": [0, 0], "uv_size": [0, 3.5]},
								"south": {"uv": [16.5, 21], "uv_size": [-2.5, 3.5]},
								"west": {"uv": [0, 0], "uv_size": [0, 3.5]},
								"up": {"uv": [0, 0], "uv_size": [2.5, 0]},
								"down": {"uv": [0, 0], "uv_size": [2.5, 0]}
							}
						},
						{
							"origin": [-5.34584, 9.33164, -3.07612],
							"size": [2.48208, 3.38208, 0],
							"pivot": [-6.1048, 13.14, -2],
							"rotation": [-15, 0, 0],
							"uv": {
								"north": {"uv": [14, 21], "uv_size": [2.5, 3.5]},
								"east": {"uv": [0, 0], "uv_size": [0, 3.5]},
								"south": {"uv": [22, 0], "uv_size": [2.5, 3.5]},
								"west": {"uv": [0, 0], "uv_size": [0, 3.5]},
								"up": {"uv": [0, 0], "uv_size": [2.5, 0]},
								"down": {"uv": [0, 0], "uv_size": [2.5, 0]}
							}
						},
						{
							"origin": [-6.34584, 9.94896, -1.13624],
							"size": [0.48208, 4.38208, 0.48208],
							"uv": {
								"north": {"uv": [4, 18], "uv_size": [0.5, 4.5]},
								"east": {"uv": [5, 18], "uv_size": [0.5, 4.5]},
								"south": {"uv": [4, 18], "uv_size": [0.5, 4.5]},
								"west": {"uv": [6, 22], "uv_size": [0.5, 4.5]},
								"up": {"uv": [5, 18.75], "uv_size": [0.5, -0.75]},
								"down": {"uv": [5, 18.75], "uv_size": [0.5, -0.75]}
							}
						}
					]
				},
				{
					"name": "rightAsa",
					"parent": "Toritorinomi",
					"pivot": [-8.07378, 11.28981, 1.75615],
					"rotation": [7.73553, -9.76343, 4.8965],
					"cubes": [
						{
							"origin": [-10.81982, 8.80782, 2.06054],
							"size": [3.36, 6.72, 0],
							"uv": {
								"north": {"uv": [22.5, 5.25], "uv_size": [6.25, 13.25]},
								"east": {"uv": [0, 0], "uv_size": [0, 28]},
								"south": {"uv": [32, 3.75], "uv_size": [0, -3.75]},
								"west": {"uv": [0, 0], "uv_size": [0, 28]},
								"up": {"uv": [0, 0], "uv_size": [59, 0]},
								"down": {"uv": [0, 0], "uv_size": [59, 0]}
							}
						}
					]
				},
				{
					"name": "bone",
					"parent": "rightAsa",
					"pivot": [-10.78261, 12.16782, 1.68479],
					"rotation": [0, -55, 0],
					"cubes": [
						{
							"origin": [-13.85534, 8.80782, 1.93036],
							"size": [3.36, 6.72, 0],
							"uv": {
								"north": {"uv": [16.25, 5.25], "uv_size": [6.25, 13.25]},
								"east": {"uv": [0, 0], "uv_size": [0, 28]},
								"south": {"uv": [32, 3.75], "uv_size": [0, -3.75]},
								"west": {"uv": [0, 0], "uv_size": [0, 28]},
								"up": {"uv": [0, 0], "uv_size": [59, 0]},
								"down": {"uv": [0, 0], "uv_size": [59, 0]}
							}
						}
					]
				},
				{
					"name": "bone2",
					"parent": "bone",
					"pivot": [-13.93522, 12.16782, 1.64441],
					"rotation": [0, -50, 0],
					"cubes": [
						{
							"origin": [-17.02406, 8.80782, 1.76767],
							"size": [3.36, 6.72, 0],
							"uv": {
								"north": {"uv": [10, 5.25], "uv_size": [6.25, 13.25]},
								"east": {"uv": [0, 0], "uv_size": [0, 28]},
								"south": {"uv": [32, 3.75], "uv_size": [0, -3.75]},
								"west": {"uv": [0, 0], "uv_size": [0, 28]},
								"up": {"uv": [0, 0], "uv_size": [59, 0]},
								"down": {"uv": [0, 0], "uv_size": [59, 0]}
							}
						}
					]
				},
				{
					"name": "bone3",
					"parent": "bone2",
					"pivot": [-17.33534, 12.16782, 1.20594],
					"rotation": [0, -50, 0],
					"cubes": [
						{
							"origin": [-20.78418, 8.80782, 1.32919],
							"size": [4.08, 6.72, 0],
							"uv": {
								"north": {"uv": [0.25, 5.25], "uv_size": [10.25, 12.75]},
								"east": {"uv": [0, 0], "uv_size": [0, 28]},
								"south": {"uv": [32, 3.75], "uv_size": [0, -3.75]},
								"west": {"uv": [0, 0], "uv_size": [0, 28]},
								"up": {"uv": [0, 0], "uv_size": [59, 0]},
								"down": {"uv": [0, 0], "uv_size": [59, 0]}
							}
						}
					]
				},
				{
					"name": "leftAsa",
					"parent": "Toritorinomi",
					"pivot": [-3.92622, 11.28981, 1.75615],
					"rotation": [7.73553, 9.76343, -4.8965],
					"cubes": [
						{
							"origin": [-4.54018, 8.80782, 2.06054],
							"size": [3.36, 6.72, 0],
							"uv": {
								"north": {"uv": [28.75, 5.25], "uv_size": [-6.25, 13.25]},
								"east": {"uv": [0, 0], "uv_size": [0, 28]},
								"south": {"uv": [32, 3.75], "uv_size": [0, -3.75]},
								"west": {"uv": [0, 0], "uv_size": [0, 28]},
								"up": {"uv": [59, 0], "uv_size": [-59, 0]},
								"down": {"uv": [59, 0], "uv_size": [-59, 0]}
							}
						}
					]
				},
				{
					"name": "bone4",
					"parent": "leftAsa",
					"pivot": [-1.21739, 12.16782, 1.68479],
					"rotation": [0, 55, 0],
					"cubes": [
						{
							"origin": [-1.50466, 8.80782, 1.93036],
							"size": [3.36, 6.72, 0],
							"uv": {
								"north": {"uv": [22.5, 5.25], "uv_size": [-6.25, 13.25]},
								"east": {"uv": [0, 0], "uv_size": [0, 28]},
								"south": {"uv": [32, 3.75], "uv_size": [0, -3.75]},
								"west": {"uv": [0, 0], "uv_size": [0, 28]},
								"up": {"uv": [59, 0], "uv_size": [-59, 0]},
								"down": {"uv": [59, 0], "uv_size": [-59, 0]}
							}
						}
					]
				},
				{
					"name": "bone5",
					"parent": "bone4",
					"pivot": [1.93522, 12.16782, 1.64441],
					"rotation": [0, 50, 0],
					"cubes": [
						{
							"origin": [1.66406, 8.80782, 1.76767],
							"size": [3.36, 6.72, 0],
							"uv": {
								"north": {"uv": [16.25, 5.25], "uv_size": [-6.25, 13.25]},
								"east": {"uv": [0, 0], "uv_size": [0, 28]},
								"south": {"uv": [32, 3.75], "uv_size": [0, -3.75]},
								"west": {"uv": [0, 0], "uv_size": [0, 28]},
								"up": {"uv": [59, 0], "uv_size": [-59, 0]},
								"down": {"uv": [59, 0], "uv_size": [-59, 0]}
							}
						}
					]
				},
				{
					"name": "bone6",
					"parent": "bone5",
					"pivot": [5.33534, 12.16782, 1.20594],
					"rotation": [0, 50, 0],
					"cubes": [
						{
							"origin": [4.70418, 8.80782, 1.32919],
							"size": [4.08, 6.72, 0],
							"uv": {
								"north": {"uv": [10.5, 5.25], "uv_size": [-10.25, 12.75]},
								"east": {"uv": [0, 0], "uv_size": [0, 28]},
								"south": {"uv": [32, 3.75], "uv_size": [0, -3.75]},
								"west": {"uv": [0, 0], "uv_size": [0, 28]},
								"up": {"uv": [59, 0], "uv_size": [-59, 0]},
								"down": {"uv": [59, 0], "uv_size": [-59, 0]}
							}
						}
					]
				},
				{
					"name": "Rabo",
					"parent": "Toritorinomi",
					"pivot": [-6, 5.85913, 1.69912],
					"rotation": [2.26603, -1.05627, 24.97911],
					"cubes": [
						{
							"origin": [-6.6144, -0.82727, 3.69912],
							"size": [1.2288, 7.3728, 0],
							"pivot": [-6, 2.85913, 3.69912],
							"rotation": [35, 0, 0],
							"uv": {
								"north": {"uv": [32, 0], "uv_size": [0, 0]},
								"east": {"uv": [0, 0], "uv_size": [0, 12]},
								"south": {"uv": [31, 25], "uv_size": [1, 6]},
								"west": {"uv": [0, 0], "uv_size": [0, 12]},
								"up": {"uv": [0, 0], "uv_size": [2, 0]},
								"down": {"uv": [0, 0], "uv_size": [2, 0]}
							}
						}
					]
				},
				{
					"name": "Rabo2",
					"parent": "Rabo",
					"pivot": [-6, -0.18032, 5.92799],
					"rotation": [-30, 0, 0],
					"cubes": [
						{
							"origin": [-6.6144, -6.92658, 7.93346],
							"size": [1.2288, 7.3728, 0],
							"pivot": [-6, -3.24018, 7.93346],
							"rotation": [35, 0, 0],
							"uv": {
								"north": {"uv": [32, 0], "uv_size": [0, 0]},
								"east": {"uv": [0, 0], "uv_size": [0, 12]},
								"south": {"uv": [31, 25], "uv_size": [1, 6]},
								"west": {"uv": [0, 0], "uv_size": [0, 12]},
								"up": {"uv": [0, 0], "uv_size": [2, 0]},
								"down": {"uv": [0, 0], "uv_size": [2, 0]}
							}
						}
					]
				},
				{
					"name": "Rabo3",
					"parent": "Toritorinomi",
					"pivot": [-6, 5.85913, 1.69912],
					"rotation": [3.465, 10.13413, 60.48303],
					"cubes": [
						{
							"origin": [-6.6144, -0.82727, 3.69912],
							"size": [1.2288, 7.3728, 0],
							"pivot": [-6, 2.85913, 3.69912],
							"rotation": [35, 0, 0],
							"uv": {
								"north": {"uv": [32, 0], "uv_size": [0, 0]},
								"east": {"uv": [0, 0], "uv_size": [0, 12]},
								"south": {"uv": [31, 25], "uv_size": [1, 6]},
								"west": {"uv": [0, 0], "uv_size": [0, 12]},
								"up": {"uv": [0, 0], "uv_size": [2, 0]},
								"down": {"uv": [0, 0], "uv_size": [2, 0]}
							}
						}
					]
				},
				{
					"name": "Rabo4",
					"parent": "Rabo3",
					"pivot": [-6, -0.18032, 5.92799],
					"rotation": [-30, 0, 0],
					"cubes": [
						{
							"origin": [-6.6144, -6.92658, 7.93346],
							"size": [1.2288, 7.3728, 0],
							"pivot": [-6, -3.24018, 7.93346],
							"rotation": [35, 0, 0],
							"uv": {
								"north": {"uv": [32, 0], "uv_size": [0, 0]},
								"east": {"uv": [0, 0], "uv_size": [0, 12]},
								"south": {"uv": [31, 25], "uv_size": [1, 6]},
								"west": {"uv": [0, 0], "uv_size": [0, 12]},
								"up": {"uv": [0, 0], "uv_size": [2, 0]},
								"down": {"uv": [0, 0], "uv_size": [2, 0]}
							}
						}
					]
				},
				{
					"name": "Rabo5",
					"parent": "Toritorinomi",
					"pivot": [-6, 5.85913, 1.69912],
					"rotation": [-5.61155, 9.13011, 9.72729],
					"cubes": [
						{
							"origin": [-6.6144, -0.82727, 3.69912],
							"size": [1.2288, 7.3728, 0],
							"pivot": [-6, 2.85913, 3.69912],
							"rotation": [35, 0, 0],
							"uv": {
								"north": {"uv": [32, 0], "uv_size": [0, 0]},
								"east": {"uv": [0, 0], "uv_size": [0, 12]},
								"south": {"uv": [31, 25], "uv_size": [1, 6]},
								"west": {"uv": [0, 0], "uv_size": [0, 12]},
								"up": {"uv": [0, 0], "uv_size": [2, 0]},
								"down": {"uv": [0, 0], "uv_size": [2, 0]}
							}
						}
					]
				},
				{
					"name": "Rabo6",
					"parent": "Rabo5",
					"pivot": [-6, -0.18032, 5.92799],
					"rotation": [-30, 0, 0],
					"cubes": [
						{
							"origin": [-6.6144, -6.92658, 7.93346],
							"size": [1.2288, 7.3728, 0],
							"pivot": [-6, -3.24018, 7.93346],
							"rotation": [35, 0, 0],
							"uv": {
								"north": {"uv": [32, 0], "uv_size": [0, 0]},
								"east": {"uv": [0, 0], "uv_size": [0, 12]},
								"south": {"uv": [31, 25], "uv_size": [1, 6]},
								"west": {"uv": [0, 0], "uv_size": [0, 12]},
								"up": {"uv": [0, 0], "uv_size": [2, 0]},
								"down": {"uv": [0, 0], "uv_size": [2, 0]}
							}
						}
					]
				}
			]
		}
	]
}