{
	"format_version": "1.12.0",
	"minecraft:geometry": [
		{
			"description": {
				"identifier": "geometry.uo",
				"texture_width": 32,
				"texture_height": 32,
				"visible_bounds_width": 3,
				"visible_bounds_height": 3.5,
				"visible_bounds_offset": [0, 1.25, 0]
			},
			"bones": [
				{
					"name": "bb_main",
					"pivot": [0, 0, 0],
					"cubes": [
						{
							"origin": [-8, 12, -2],
							"size": [4, 12, 4],
							"uv": {
								"north": {"uv": [32, 28.5], "uv_size": [-5.25, 3.5]},
								"east": {"uv": [32, 28.5], "uv_size": [-5.25, 3.5]},
								"south": {"uv": [32, 28.5], "uv_size": [-5.25, 3.5]},
								"west": {"uv": [32, 28.5], "uv_size": [-5.25, 3.5]},
								"up": {"uv": [26.75, 32], "uv_size": [5.25, -3.5]},
								"down": {"uv": [26.75, 32], "uv_size": [5.25, -3.5]}
							}
						}
					]
				},
				{
					"name": "rightArm",
					"pivot": [-5, 22, 0]
				},
				{
					"name": "rightSleeve",
					"parent": "rightArm",
					"pivot": [-5, 22, 0]
				},
				{
					"name": "nekonekonomi",
					"parent": "rightArm",
					"pivot": [-6.06837, 11.10377, 3.169],
					"rotation": [90, 0, 0],
					"cubes": [
						{
							"origin": [-8.26618, 13.59222, -0.07383],
							"size": [4.53235, 3.53235, 4.53235],
							"uv": {
								"north": {"uv": [10, 14], "uv_size": [4.5, 3.5]},
								"east": {"uv": [10, 14], "uv_size": [4.5, 3.5]},
								"south": {"uv": [10, 14], "uv_size": [4.5, 3.5]},
								"west": {"uv": [10, 14], "uv_size": [4.5, 3.5]},
								"up": {"uv": [8, 0], "uv_size": [4.5, 4.5]},
								"down": {"uv": [14.5, 17.5], "uv_size": [-4.5, -3.5]}
							}
						},
						{
							"origin": [-8.61407, 13.12168, 0.45533],
							"size": [5.22813, 3.46813, 3.46813],
							"uv": {
								"north": {"uv": [8, 10], "uv_size": [5.25, 3.5]},
								"east": {"uv": [10, 14], "uv_size": [4.5, 3.5]},
								"south": {"uv": [8, 10], "uv_size": [5.25, 3.5]},
								"west": {"uv": [10, 14], "uv_size": [4.5, 3.5]},
								"up": {"uv": [13, 0], "uv_size": [5.25, 3.5]},
								"down": {"uv": [14.5, 17.5], "uv_size": [-4.5, -3.5]}
							}
						},
						{
							"origin": [-7.94553, 11.87844, 0.2085],
							"size": [3.89105, 5.89105, 3.89105],
							"uv": {
								"north": {"uv": [0, 0], "uv_size": [4, 6]},
								"east": {"uv": [0, 0], "uv_size": [4, 6]},
								"south": {"uv": [0, 0], "uv_size": [4, 6]},
								"west": {"uv": [0, 0], "uv_size": [4, 6]},
								"up": {"uv": [6, 14], "uv_size": [4, 4]},
								"down": {"uv": [14.5, 17.5], "uv_size": [-4.5, -3.5]}
							}
						},
						{
							"origin": [-8.61486, 18.09154, 1.15403],
							"size": [5.48208, 2.38208, 0],
							"pivot": [-6.37382, 19.28258, 2.15403],
							"rotation": [0, 0, -27.5],
							"uv": {
								"north": {"uv": [5, 18], "uv_size": [5.5, 2.5]},
								"east": {"uv": [0, 0], "uv_size": [0, 2.5]},
								"south": {"uv": [18, 8], "uv_size": [5.5, 2.5]},
								"west": {"uv": [0, 0], "uv_size": [0, 2.5]},
								"up": {"uv": [0, 0], "uv_size": [5.5, 0]},
								"down": {"uv": [0, 0], "uv_size": [5.5, 0]}
							}
						},
						{
							"origin": [-7.61486, 18.09154, 2.15403],
							"size": [5.48208, 2.38208, 0],
							"pivot": [-6.37382, 19.28258, 2.15403],
							"rotation": [0, 0, -27.5],
							"uv": {
								"north": {"uv": [19, 0], "uv_size": [5.5, 2.5]},
								"east": {"uv": [0, 0], "uv_size": [0, 2.5]},
								"south": {"uv": [19, 3], "uv_size": [5.5, 2.5]},
								"west": {"uv": [0, 0], "uv_size": [0, 2.5]},
								"up": {"uv": [0, 0], "uv_size": [5.5, 0]},
								"down": {"uv": [0, 0], "uv_size": [5.5, 0]}
							}
						},
						{
							"origin": [-6.34584, 15.13293, 1.01779],
							"size": [0.48208, 4.38208, 0.48208],
							"uv": {
								"north": {"uv": [4, 20], "uv_size": [0.5, 4.5]},
								"east": {"uv": [20, 11], "uv_size": [0.5, 4.5]},
								"south": {"uv": [15, 20], "uv_size": [0.5, 4.5]},
								"west": {"uv": [16, 20], "uv_size": [0.5, 4.5]},
								"up": {"uv": [6, 12], "uv_size": [0.5, 0.5]},
								"down": {"uv": [7, 12.5], "uv_size": [0.5, -0.5]}
							}
						},
						{
							"origin": [-5.34584, 15.13293, 2.01779],
							"size": [0.48208, 4.38208, 0.48208],
							"uv": {
								"north": {"uv": [20, 16], "uv_size": [0.5, 4.5]},
								"east": {"uv": [17, 20], "uv_size": [0.5, 4.5]},
								"south": {"uv": [18, 20], "uv_size": [0.5, 4.5]},
								"west": {"uv": [19, 20], "uv_size": [0.5, 4.5]},
								"up": {"uv": [6, 13], "uv_size": [0.5, 0.5]},
								"down": {"uv": [7, 13.5], "uv_size": [0.5, -0.5]}
							}
						}
					]
				}
			]
		}
	]
}