{
	"format_version": "1.12.0",
	"minecraft:geometry": [
		{
			"description": {
				"identifier": "geometry.uohybrid",
				"texture_width": 128,
				"texture_height": 128,
				"visible_bounds_width": 11,
				"visible_bounds_height": 5.5,
				"visible_bounds_offset": [0, 2.25, 0]
			},
			"bones": [
				{
					"name": "Root",
					"pivot": [0, 14, 0]
				},
				{
					"name": "corpo",
					"parent": "Root",
					"pivot": [0, 37.9567, 0],
					"cubes": [
						{
							"origin": [-7.22022, 23.56558, -4.16377],
							"size": [14.0232, 6.3619, 7.1416],
							"uv": {
								"north": {"uv": [58, 16], "uv_size": [12, 6.25]},
								"east": {"uv": [0, 39], "uv_size": [6.5, 8]},
								"south": {"uv": [58, 38], "uv_size": [12, 6.25]},
								"west": {"uv": [0, 39], "uv_size": [6.5, 8]},
								"up": {"uv": [57.5, 0], "uv_size": [12, 7.25]},
								"down": {"uv": [45, 41.25], "uv_size": [12, -7.25]}
							}
						},
						{
							"origin": [-8.95138, 29.73724, -5.50624],
							"size": [17.48552, 13.03297, 10.19531],
							"uv": {
								"north": {"uv": [0, 26], "uv_size": [15.5, 13]},
								"east": {"uv": [0, 39], "uv_size": [12.75, 13]},
								"south": {"uv": [16, 26], "uv_size": [15.5, 13]},
								"west": {"uv": [0, 39], "uv_size": [12.75, 13]},
								"up": {"uv": [13, 39], "uv_size": [15.5, 10.25]},
								"down": {"uv": [29, 49.25], "uv_size": [15.5, -10.25]}
							}
						},
						{
							"origin": [-9.94629, 33.36389, -6.71632],
							"size": [19.47536, 13.09428, 12.63091],
							"uv": {
								"north": {"uv": [0, 0], "uv_size": [19.5, 13]},
								"east": {"uv": [32, 26], "uv_size": [12.75, 13]},
								"south": {"uv": [0, 13], "uv_size": [19.5, 13]},
								"west": {"uv": [0, 39], "uv_size": [12.75, 13]},
								"up": {"uv": [20, 0], "uv_size": [19.5, 12.75]},
								"down": {"uv": [20, 25.75], "uv_size": [19.5, -12.75]}
							}
						}
					]
				},
				{
					"name": "bracodireito",
					"parent": "corpo",
					"pivot": [-10.09, 43.00617, 0.35366],
					"rotation": [-0.88045, -9.96156, 15.07673],
					"cubes": [
						{
							"origin": [-14.1085, 31.15883, -1.97862],
							"size": [7.1416, 9.0174, 6.0116],
							"uv": {
								"north": {"uv": [27, 63], "uv_size": [7.25, 9]},
								"east": {"uv": [57, 69], "uv_size": [6, 9]},
								"south": {"uv": [34.25, 63], "uv_size": [-7.25, 9]},
								"west": {"uv": [63, 69], "uv_size": [6, 9]},
								"up": {"uv": [82, 42], "uv_size": [7.25, 6]},
								"down": {"uv": [57, 84.75], "uv_size": [6.75, -6.75]}
							}
						},
						{
							"origin": [-14.4692, 38.13229, -2.33931],
							"size": [6.73299, 7.09369, 6.73299],
							"pivot": [-11.1027, 41.67913, 1.02718],
							"rotation": [0, 0, 20],
							"uv": {
								"north": {"uv": [43, 74], "uv_size": [6.75, 7]},
								"east": {"uv": [50, 74], "uv_size": [6.75, 7]},
								"south": {"uv": [49.75, 74], "uv_size": [-6.75, 7]},
								"west": {"uv": [75, 69], "uv_size": [6.75, 7]},
								"up": {"uv": [32, 78], "uv_size": [6.75, 6.75]},
								"down": {"uv": [57, 84.75], "uv_size": [6.75, -6.75]}
							}
						}
					]
				},
				{
					"name": "rightAnte",
					"parent": "bracodireito",
					"pivot": [-10.84047, 31.30585, 2.15718],
					"cubes": [
						{
							"origin": [-13.95084, 26.61841, -0.97833],
							"size": [5.53067, 5.41134, 5.53067],
							"pivot": [-10.84047, 32.30585, 2.15718],
							"rotation": [-12.5, 0, -2.5],
							"uv": {
								"north": {"uv": [35, 63], "uv_size": [5.5, 5.5]},
								"east": {"uv": [92, 22], "uv_size": [5.5, 5.5]},
								"south": {"uv": [40.5, 63], "uv_size": [-5.5, 5.5]},
								"west": {"uv": [97.5, 22], "uv_size": [-5.5, 5.5]},
								"up": {"uv": [94, 67], "uv_size": [5.5, 5.5]},
								"down": {"uv": [94, 78.5], "uv_size": [5.5, -5.5]}
							}
						},
						{
							"origin": [-13.19568, 19.63222, -2.30073],
							"size": [4.70107, 7.48114, 4.70107],
							"pivot": [-10.84514, 24.50279, 0.04981],
							"rotation": [-12.5, 0, -2.5],
							"uv": {
								"north": {"uv": [37, 88], "uv_size": [4.75, 7.5]},
								"east": {"uv": [42, 88], "uv_size": [4.75, 7.5]},
								"south": {"uv": [41.75, 88], "uv_size": [-4.75, 7.5]},
								"west": {"uv": [46.75, 88], "uv_size": [-4.75, 7.5]},
								"up": {"uv": [75, 50], "uv_size": [4.75, 4.75]},
								"down": {"uv": [66, 98.75], "uv_size": [4.75, -4.75]}
							}
						}
					]
				},
				{
					"name": "bracoesquerdo",
					"parent": "corpo",
					"pivot": [10.09, 43.00617, 0.35366],
					"rotation": [-0.88045, 9.96156, -15.07673],
					"cubes": [
						{
							"origin": [6.9669, 31.15883, -1.97862],
							"size": [7.1416, 9.0174, 6.0116],
							"uv": {
								"north": {"uv": [0, 68], "uv_size": [7.25, 9]},
								"east": {"uv": [69, 69], "uv_size": [6, 9]},
								"south": {"uv": [7.25, 68], "uv_size": [-7.25, 9]},
								"west": {"uv": [70, 14], "uv_size": [6, 9]},
								"up": {"uv": [82, 70], "uv_size": [7.25, 6]},
								"down": {"uv": [63.75, 84.75], "uv_size": [-6.75, -6.75]}
							}
						},
						{
							"origin": [7.73621, 38.13229, -2.33931],
							"size": [6.73299, 7.09369, 6.73299],
							"pivot": [11.1027, 41.67913, 1.02718],
							"rotation": [0, 0, -20],
							"uv": {
								"north": {"uv": [76, 14], "uv_size": [6.75, 7]},
								"east": {"uv": [75, 76], "uv_size": [6.75, 7]},
								"south": {"uv": [82.75, 14], "uv_size": [-6.75, 7]},
								"west": {"uv": [78, 5], "uv_size": [6.75, 7]},
								"up": {"uv": [80, 57], "uv_size": [6.75, 6.75]},
								"down": {"uv": [63.75, 84.75], "uv_size": [-6.75, -6.75]}
							}
						}
					]
				},
				{
					"name": "leftAnte",
					"parent": "bracoesquerdo",
					"pivot": [10.84047, 31.30585, 2.15718],
					"cubes": [
						{
							"origin": [8.42017, 26.61841, -0.97833],
							"size": [5.53067, 5.41134, 5.53067],
							"pivot": [10.84047, 32.30585, 2.15718],
							"rotation": [-12.5, 0, 2.5],
							"uv": {
								"north": {"uv": [95, 6], "uv_size": [5.5, 5.5]},
								"east": {"uv": [92, 22], "uv_size": [5.5, 5.5]},
								"south": {"uv": [35, 63], "uv_size": [5.5, 5.5]},
								"west": {"uv": [96, 38], "uv_size": [5.5, 5.5]},
								"up": {"uv": [41, 96], "uv_size": [5.5, 5.5]},
								"down": {"uv": [96, 49.5], "uv_size": [5.5, -5.5]}
							}
						},
						{
							"origin": [8.49461, 19.63222, -2.30073],
							"size": [4.70107, 7.48114, 4.70107],
							"pivot": [10.84514, 24.50279, 0.04981],
							"rotation": [-12.5, 0, 2.5],
							"uv": {
								"north": {"uv": [30, 89], "uv_size": [4.75, 7.5]},
								"east": {"uv": [42, 88], "uv_size": [4.75, 7.5]},
								"south": {"uv": [37, 88], "uv_size": [4.75, 7.5]},
								"west": {"uv": [81, 89], "uv_size": [4.75, 7.5]},
								"up": {"uv": [47, 96], "uv_size": [4.75, 4.75]},
								"down": {"uv": [71, 100.75], "uv_size": [4.75, -4.75]}
							}
						}
					]
				},
				{
					"name": "pernadireita",
					"parent": "corpo",
					"pivot": [-3.98551, 21.4248, 0],
					"rotation": [-22.64507, 9.79441, 4.05064],
					"cubes": [
						{
							"origin": [-7.45113, 11.45531, -2.92643],
							"size": [6.73299, 12.46978, 6.73299],
							"uv": {
								"north": {"uv": [27, 50], "uv_size": [6.75, 12.5]},
								"east": {"uv": [34, 50], "uv_size": [6.75, 12.5]},
								"south": {"uv": [51, 0], "uv_size": [6.75, 12.5]},
								"west": {"uv": [51, 13], "uv_size": [6.75, 12.5]},
								"up": {"uv": [64, 78], "uv_size": [6.75, 6.75]},
								"down": {"uv": [80, 27.75], "uv_size": [6.75, -6.75]}
							}
						}
					]
				},
				{
					"name": "rightCanela",
					"parent": "pernadireita",
					"pivot": [-4.18102, 12.13313, 0.47049],
					"cubes": [
						{
							"origin": [-6.18552, 9.15407, -5.98197],
							"size": [4.20179, 8.80858, 4.20179],
							"pivot": [-4.08462, 17.35516, 1.18132],
							"rotation": [80, 0, 0],
							"uv": {
								"north": {"uv": [66, 85], "uv_size": [4.25, 8.75]},
								"east": {"uv": [75.25, 87], "uv_size": [-4.25, 8.75]},
								"south": {"uv": [66, 93.75], "uv_size": [4.25, -8.75]},
								"west": {"uv": [71, 87], "uv_size": [4.25, 8.75]},
								"up": {"uv": [23, 97], "uv_size": [4.25, 4.25]},
								"down": {"uv": [28, 101.25], "uv_size": [4.25, -4.25]}
							}
						}
					]
				},
				{
					"name": "rightPe",
					"parent": "rightCanela",
					"pivot": [-3.50702, 11.26865, 8.604],
					"cubes": [
						{
							"origin": [-5.93106, 1.95228, 5.75853],
							"size": [3.44547, 9.29861, 3.44547],
							"pivot": [-4.20832, 6.6016, 7.48126],
							"rotation": [-22.5, 0, 0],
							"uv": {
								"north": {"uv": [90, 61], "uv_size": [3.5, 9.25]},
								"east": {"uv": [90, 71], "uv_size": [3.5, 9.25]},
								"south": {"uv": [19, 91], "uv_size": [3.5, 9.25]},
								"west": {"uv": [92, 12], "uv_size": [3.5, 9.25]},
								"up": {"uv": [65, 99], "uv_size": [3.5, 3.5]},
								"down": {"uv": [100, 75.5], "uv_size": [3.5, -3.5]}
							}
						},
						{
							"origin": [-6.18294, -0.734, 0.01402],
							"size": [3.86565, 5.74083, 2.73565],
							"pivot": [-4.25012, -0.20946, 1.94684],
							"rotation": [-57.5, 0, 0],
							"uv": {
								"north": {"uv": [41, 50], "uv_size": [3.75, 5.75]},
								"east": {"uv": [32, 72], "uv_size": [2.75, 5.75]},
								"south": {"uv": [76, 96], "uv_size": [3.75, 5.75]},
								"west": {"uv": [80, 97], "uv_size": [2.75, 5.75]},
								"up": {"uv": [39, 78], "uv_size": [3.75, 2.75]},
								"down": {"uv": [101, 10.75], "uv_size": [3.75, -2.75]}
							}
						},
						{
							"origin": [-3.92294, 2.29175, 9.31739],
							"size": [1.60565, 4.61083, 1.60565],
							"pivot": [-2.55512, 7.98717, 9.55521],
							"rotation": [-35.86446, -16.76559, -11.06517],
							"uv": {
								"north": {"uv": [80, 64], "uv_size": [1.5, 4.5]},
								"east": {"uv": [35, 89], "uv_size": [1.5, 4.5]},
								"south": {"uv": [90, 12], "uv_size": [1.5, 4.5]},
								"west": {"uv": [90, 42], "uv_size": [1.5, 4.5]},
								"up": {"uv": [94, 40], "uv_size": [1.5, 1.5]},
								"down": {"uv": [69, 100.5], "uv_size": [1.5, -1.5]}
							}
						}
					]
				},
				{
					"name": "pernaesquerda",
					"parent": "corpo",
					"pivot": [3.98551, 21.4248, 0],
					"rotation": [-22.64507, -9.79441, -4.05064],
					"cubes": [
						{
							"origin": [0.71814, 11.45531, -2.92643],
							"size": [6.73299, 12.46978, 6.73299],
							"uv": {
								"north": {"uv": [0, 52], "uv_size": [6.75, 12.5]},
								"east": {"uv": [41, 56], "uv_size": [6.75, 12.5]},
								"south": {"uv": [48, 56], "uv_size": [6.75, 12.5]},
								"west": {"uv": [55, 56], "uv_size": [6.75, 12.5]},
								"up": {"uv": [14, 81], "uv_size": [6.75, 6.75]},
								"down": {"uv": [39, 87.75], "uv_size": [6.75, -6.75]}
							}
						}
					]
				},
				{
					"name": "leftCanela",
					"parent": "pernaesquerda",
					"pivot": [4.18102, 12.13313, 0.47049],
					"cubes": [
						{
							"origin": [1.98373, 9.15407, -5.98197],
							"size": [4.20179, 8.80858, 4.20179],
							"pivot": [4.08462, 17.35516, 1.18132],
							"rotation": [80, 0, 0],
							"uv": {
								"north": {"uv": [76, 87], "uv_size": [4.25, 8.75]},
								"east": {"uv": [4, 88], "uv_size": [4.25, 8.75]},
								"south": {"uv": [76, 95.75], "uv_size": [4.25, -8.75]},
								"west": {"uv": [8.25, 88], "uv_size": [-4.25, 8.75]},
								"up": {"uv": [52, 97], "uv_size": [4.25, 4.25]},
								"down": {"uv": [57, 101.25], "uv_size": [4.25, -4.25]}
							}
						}
					]
				},
				{
					"name": "leftPe",
					"parent": "leftCanela",
					"pivot": [3.50702, 11.26865, 8.604],
					"cubes": [
						{
							"origin": [2.48559, 1.95228, 5.75853],
							"size": [3.44547, 9.29861, 3.44547],
							"pivot": [4.20832, 6.6016, 7.48126],
							"rotation": [-22.5, 0, 0],
							"uv": {
								"north": {"uv": [92, 42], "uv_size": [3.5, 9.25]},
								"east": {"uv": [86, 93], "uv_size": [3.5, 9.25]},
								"south": {"uv": [90, 93], "uv_size": [3.5, 9.25]},
								"west": {"uv": [0, 94], "uv_size": [3.5, 9.25]},
								"up": {"uv": [100, 93], "uv_size": [3.5, 3.5]},
								"down": {"uv": [101, 3.5], "uv_size": [3.5, -3.5]}
							}
						},
						{
							"origin": [2.31729, -0.734, 0.01402],
							"size": [3.86565, 5.74083, 2.73565],
							"pivot": [4.25012, -0.20946, 1.94684],
							"rotation": [-57.5, 0, 0],
							"uv": {
								"north": {"uv": [96, 86], "uv_size": [3.75, 5.75]},
								"east": {"uv": [83, 97], "uv_size": [2.75, 5.75]},
								"south": {"uv": [4, 97], "uv_size": [3.75, 5.75]},
								"west": {"uv": [62, 99], "uv_size": [2.75, 5.75]},
								"up": {"uv": [18, 101], "uv_size": [3.75, 2.75]},
								"down": {"uv": [47, 103.75], "uv_size": [3.75, -2.75]}
							}
						},
						{
							"origin": [2.31729, 2.29175, 9.31739],
							"size": [1.60565, 4.61083, 1.60565],
							"pivot": [2.55512, 7.98717, 9.55521],
							"rotation": [-35.86446, 16.76559, 11.06517],
							"uv": {
								"north": {"uv": [23, 91], "uv_size": [1.5, 4.5]},
								"east": {"uv": [33, 97], "uv_size": [1.5, 4.5]},
								"south": {"uv": [15, 102], "uv_size": [1.5, 4.5]},
								"west": {"uv": [44, 102], "uv_size": [1.5, 4.5]},
								"up": {"uv": [104, 85], "uv_size": [1.5, 1.5]},
								"down": {"uv": [104, 88.5], "uv_size": [1.5, -1.5]}
							}
						}
					]
				},
				{
					"name": "Cauda",
					"parent": "corpo",
					"pivot": [-0.20862, 23.36788, 2.23203],
					"rotation": [22.5, 0, 0],
					"cubes": [
						{
							"origin": [-3.59862, 20.63146, 1.71358],
							"size": [6.78, 6.78, 10.17],
							"uv": {
								"north": {"uv": [80, 28], "uv_size": [6.75, 6.75]},
								"east": {"uv": [62, 55], "uv_size": [10.25, 6.75]},
								"south": {"uv": [80, 28], "uv_size": [6.75, 6.75]},
								"west": {"uv": [62, 62], "uv_size": [10.25, 6.75]},
								"up": {"uv": [13, 63], "uv_size": [6.75, 10.25]},
								"down": {"uv": [20, 73.25], "uv_size": [6.75, -10.25]}
							}
						},
						{
							"origin": [-0.20862, 27.41146, 1.71358],
							"size": [0, 3.39, 10.17],
							"uv": {
								"north": {"uv": [0, 0], "uv_size": [0, 3.5]},
								"east": {"uv": [87, 28], "uv_size": [10.25, 3.5]},
								"south": {"uv": [0, 0], "uv_size": [0, 3.5]},
								"west": {"uv": [87, 57], "uv_size": [10.25, 3.5]},
								"up": {"uv": [0, 0], "uv_size": [0, 10.25]},
								"down": {"uv": [0, 10.25], "uv_size": [0, -10.25]}
							}
						}
					]
				},
				{
					"name": "bone",
					"parent": "Cauda",
					"pivot": [-0.20862, 24.15146, 11.88358],
					"cubes": [
						{
							"origin": [-3.42912, 19.10198, 10.83108],
							"size": [6.441, 6.441, 12.882],
							"pivot": [-0.20862, 22.32248, 17.27208],
							"rotation": [-17.5, 0, 0],
							"uv": {
								"north": {"uv": [80, 28], "uv_size": [6.75, 6.75]},
								"east": {"uv": [62, 55], "uv_size": [10.25, 6.75]},
								"south": {"uv": [80, 28], "uv_size": [6.75, 6.75]},
								"west": {"uv": [62, 62], "uv_size": [10.25, 6.75]},
								"up": {"uv": [13, 63], "uv_size": [6.75, 10.25]},
								"down": {"uv": [20, 73.25], "uv_size": [6.75, -10.25]}
							}
						},
						{
							"origin": [-0.37812, 24.75198, 9.70108],
							"size": [0, 4.181, 14.012],
							"pivot": [-0.20862, 22.32248, 17.27208],
							"rotation": [-17.5, 0, 0],
							"uv": {
								"north": {"uv": [0, 0], "uv_size": [0, 4.25]},
								"east": {"uv": [64, 9], "uv_size": [14, 4.25]},
								"south": {"uv": [0, 0], "uv_size": [0, 4.25]},
								"west": {"uv": [87, 57], "uv_size": [10.25, 3.5]},
								"up": {"uv": [0, 0], "uv_size": [0, 14]},
								"down": {"uv": [0, 14], "uv_size": [0, -14]}
							}
						}
					]
				},
				{
					"name": "bone2",
					"parent": "bone",
					"pivot": [-0.20862, 20.07314, 23.2529],
					"cubes": [
						{
							"origin": [-2.94322, 13.91734, 20.99263],
							"size": [5.4692, 5.4692, 15.2776],
							"pivot": [-0.20862, 16.65194, 28.06643],
							"rotation": [-40, 0, 0],
							"uv": {
								"north": {"uv": [80, 28], "uv_size": [6.75, 6.75]},
								"east": {"uv": [62, 63], "uv_size": [10, 5]},
								"south": {"uv": [80, 28], "uv_size": [6.75, 6.75]},
								"west": {"uv": [62, 63], "uv_size": [10, 5]},
								"up": {"uv": [13, 63], "uv_size": [6.75, 10.25]},
								"down": {"uv": [20, 73.25], "uv_size": [6.75, -10.25]}
							}
						},
						{
							"origin": [-0.68322, 18.43734, 19.86263],
							"size": [0, 4.3392, 16.4076],
							"pivot": [-0.20862, 16.65194, 28.06643],
							"rotation": [-40, 0, 0],
							"uv": {
								"north": {"uv": [0, 0], "uv_size": [0, 4.25]},
								"east": {"uv": [58, 45], "uv_size": [16.5, 4.25]},
								"south": {"uv": [0, 0], "uv_size": [0, 4.25]},
								"west": {"uv": [87, 57], "uv_size": [10.25, 3.5]},
								"up": {"uv": [0, 0], "uv_size": [0, 16.5]},
								"down": {"uv": [0, 16.5], "uv_size": [0, -16.5]}
							}
						}
					]
				},
				{
					"name": "bone3",
					"parent": "bone2",
					"pivot": [-0.20862, 12.13169, 33.59684],
					"cubes": [
						{
							"origin": [-2.46862, 8.61169, 33.03184],
							"size": [4.52, 4.52, 11.3],
							"pivot": [-0.20862, 10.87169, 38.11684],
							"rotation": [-7.5, 0, 0],
							"uv": {
								"north": {"uv": [80, 28], "uv_size": [6.75, 6.75]},
								"east": {"uv": [62, 62.75], "uv_size": [7, 5.25]},
								"south": {"uv": [80, 28], "uv_size": [6.75, 6.75]},
								"west": {"uv": [62, 62.75], "uv_size": [7, 5.25]},
								"up": {"uv": [13, 63], "uv_size": [6.75, 10.25]},
								"down": {"uv": [20, 73.25], "uv_size": [6.75, -10.25]}
							}
						},
						{
							"origin": [-0.20862, 13.13169, 33.03184],
							"size": [0, 3.39, 11.3],
							"pivot": [-0.20862, 10.87169, 38.11684],
							"rotation": [-7.5, 0, 0],
							"uv": {
								"north": {"uv": [0, 0], "uv_size": [0, 3.5]},
								"east": {"uv": [25, 85], "uv_size": [11.25, 3.5]},
								"south": {"uv": [0, 0], "uv_size": [0, 3.5]},
								"west": {"uv": [87, 57], "uv_size": [10.25, 3.5]},
								"up": {"uv": [0, 0], "uv_size": [0, 11.25]},
								"down": {"uv": [0, 11.25], "uv_size": [0, -11.25]}
							}
						}
					]
				},
				{
					"name": "bone4",
					"parent": "bone3",
					"pivot": [-0.20862, 9.9612, 42.94688],
					"rotation": [17.5, 0, 0],
					"cubes": [
						{
							"origin": [-2.22002, 7.40112, 43.48957],
							"size": [4.0228, 4.0228, 10.057],
							"pivot": [-0.20862, 9.41252, 48.01522],
							"rotation": [-7.5, 0, 0],
							"uv": {
								"north": {"uv": [80, 28], "uv_size": [6.75, 6.75]},
								"east": {"uv": [62, 64], "uv_size": [6.75, 4]},
								"south": {"uv": [80, 28], "uv_size": [6.75, 6.75]},
								"west": {"uv": [62, 64], "uv_size": [6.75, 4]},
								"up": {"uv": [13, 63], "uv_size": [6.75, 10.25]},
								"down": {"uv": [20, 73.25], "uv_size": [6.75, -10.25]}
							}
						},
						{
							"origin": [-0.45722, 10.79112, 43.48957],
							"size": [0, 4.0228, 10.057],
							"pivot": [-0.20862, 9.41252, 48.01522],
							"rotation": [-7.5, 0, 0],
							"uv": {
								"north": {"uv": [0, 0], "uv_size": [0, 4]},
								"east": {"uv": [85, 4], "uv_size": [10, 4]},
								"south": {"uv": [0, 0], "uv_size": [0, 4]},
								"west": {"uv": [87, 57], "uv_size": [10.25, 3.5]},
								"up": {"uv": [0, 0], "uv_size": [0, 10]},
								"down": {"uv": [0, 10], "uv_size": [0, -10]}
							}
						}
					]
				},
				{
					"name": "bone5",
					"parent": "bone4",
					"pivot": [-0.20862, 8.71524, 52.95854],
					"rotation": [-20, 0, 0],
					"cubes": [
						{
							"origin": [-1.97865, 6.14908, 51.9487],
							"size": [3.54006, 3.54006, 9.98016],
							"pivot": [-0.20862, 7.91912, 57.06127],
							"rotation": [-7.5, 0, 0],
							"uv": {
								"north": {"uv": [80, 28], "uv_size": [6.75, 6.75]},
								"east": {"uv": [62, 63.5], "uv_size": [7.5, 4.25]},
								"south": {"uv": [80, 28], "uv_size": [6.75, 6.75]},
								"west": {"uv": [62, 63.5], "uv_size": [7.5, 4.25]},
								"up": {"uv": [13, 63], "uv_size": [6.75, 10.25]},
								"down": {"uv": [20, 73.25], "uv_size": [6.75, -10.25]}
							}
						},
						{
							"origin": [-0.69859, 9.53908, 51.9487],
							"size": [0, 2.54006, 9.72016],
							"pivot": [-0.20862, 7.91912, 57.06127],
							"rotation": [-7.5, 0, 0],
							"uv": {
								"north": {"uv": [0, 0], "uv_size": [0, 3.5]},
								"east": {"uv": [85, 4], "uv_size": [10, 4]},
								"south": {"uv": [0, 0], "uv_size": [0, 3.5]},
								"west": {"uv": [87, 57], "uv_size": [10.25, 3.5]},
								"up": {"uv": [0, 0], "uv_size": [0, 7.75]},
								"down": {"uv": [0, 7.75], "uv_size": [0, -7.75]}
							}
						}
					]
				},
				{
					"name": "Pelo",
					"parent": "bone5",
					"pivot": [-0.10419, 7.14797, 60.56051],
					"cubes": [
						{
							"origin": [-2.61765, 4.12348, 60.89897],
							"size": [0, 4.67288, 10.19061],
							"pivot": [-2.61765, 6.45993, 65.99428],
							"rotation": [-7.61435, -9.91358, 1.31845],
							"uv": {
								"north": {"uv": [0, 0], "uv_size": [0, 3.5]},
								"east": {"uv": [103.75, 18], "uv_size": [-7.75, 3.5]},
								"south": {"uv": [0, 0], "uv_size": [0, 3.5]},
								"west": {"uv": [99.75, 52], "uv_size": [-7.75, 3.5]},
								"up": {"uv": [0, 0], "uv_size": [0, 7.75]},
								"down": {"uv": [0, 7.75], "uv_size": [0, -7.75]}
							}
						},
						{
							"origin": [-2.06821, 4.82396, 61.02609],
							"size": [0, 4.67288, 10.19061],
							"pivot": [-2.06821, 7.77993, 60.71428],
							"rotation": [-22.70879, 2.02029, -11.8554],
							"uv": {
								"north": {"uv": [0, 0], "uv_size": [0, 3.5]},
								"east": {"uv": [103.75, 18], "uv_size": [-7.75, 3.5]},
								"south": {"uv": [0, 0], "uv_size": [0, 3.5]},
								"west": {"uv": [99.75, 52], "uv_size": [-7.75, 3.5]},
								"up": {"uv": [0, 0], "uv_size": [0, 7.75]},
								"down": {"uv": [0, 7.75], "uv_size": [0, -7.75]}
							}
						},
						{
							"origin": [2.05391, 4.82396, 61.02609],
							"size": [0, 4.67288, 10.19061],
							"pivot": [2.05391, 7.77993, 60.71428],
							"rotation": [-22.70879, -2.02029, 11.8554],
							"uv": {
								"north": {"uv": [0, 0], "uv_size": [0, 3.5]},
								"east": {"uv": [92, 52], "uv_size": [7.75, 3.5]},
								"south": {"uv": [0, 0], "uv_size": [0, 3.5]},
								"west": {"uv": [96, 18], "uv_size": [7.75, 3.5]},
								"up": {"uv": [0, 0], "uv_size": [0, 7.75]},
								"down": {"uv": [0, 7.75], "uv_size": [0, -7.75]}
							}
						},
						{
							"origin": [2.05391, 4.12348, 60.89897],
							"size": [0, 4.67288, 10.19061],
							"pivot": [2.05391, 6.45993, 65.99428],
							"rotation": [-7.56397, 7.43547, -0.98448],
							"uv": {
								"north": {"uv": [0, 0], "uv_size": [0, 3.5]},
								"east": {"uv": [92, 52], "uv_size": [7.75, 3.5]},
								"south": {"uv": [0, 0], "uv_size": [0, 3.5]},
								"west": {"uv": [96, 18], "uv_size": [7.75, 3.5]},
								"up": {"uv": [0, 0], "uv_size": [0, 7.75]},
								"down": {"uv": [0, 7.75], "uv_size": [0, -7.75]}
							}
						},
						{
							"origin": [2.05391, 6.14396, 61.02609],
							"size": [0, 4.67288, 10.19061],
							"pivot": [2.05391, 7.77993, 60.71428],
							"rotation": [15.54401, 5.05904, -42.25489],
							"uv": {
								"north": {"uv": [0, 0], "uv_size": [0, 3.5]},
								"east": {"uv": [92, 52], "uv_size": [7.75, 3.5]},
								"south": {"uv": [0, 0], "uv_size": [0, 3.5]},
								"west": {"uv": [96, 18], "uv_size": [7.75, 3.5]},
								"up": {"uv": [0, 0], "uv_size": [0, 7.75]},
								"down": {"uv": [0, 7.75], "uv_size": [0, -7.75]}
							}
						},
						{
							"origin": [-2.06821, 6.14396, 61.02609],
							"size": [0, 4.67288, 10.19061],
							"pivot": [-2.06821, 7.77993, 60.71428],
							"rotation": [15.54401, -5.05904, 42.25489],
							"uv": {
								"north": {"uv": [0, 0], "uv_size": [0, 3.5]},
								"east": {"uv": [103.75, 18], "uv_size": [-7.75, 3.5]},
								"south": {"uv": [0, 0], "uv_size": [0, 3.5]},
								"west": {"uv": [99.75, 52], "uv_size": [-7.75, 3.5]},
								"up": {"uv": [0, 0], "uv_size": [0, 7.75]},
								"down": {"uv": [0, 7.75], "uv_size": [0, -7.75]}
							}
						},
						{
							"origin": [-0.28253, 1.80834, 60.59418],
							"size": [0, 4.67288, 10.19061],
							"pivot": [-0.28253, 4.14478, 65.68948],
							"rotation": [0, -15, -90],
							"uv": {
								"north": {"uv": [0, 0], "uv_size": [0, 3.5]},
								"east": {"uv": [103.75, 18], "uv_size": [-7.75, 3.5]},
								"south": {"uv": [0, 0], "uv_size": [0, 3.5]},
								"west": {"uv": [99.75, 52], "uv_size": [-7.75, 3.5]},
								"up": {"uv": [0, 0], "uv_size": [0, 7.75]},
								"down": {"uv": [0, 7.75], "uv_size": [0, -7.75]}
							}
						},
						{
							"origin": [-3.54206, 4.512, 60.98502],
							"size": [0, 4.67288, 10.19061],
							"pivot": [-0.90206, 7.46797, 60.67321],
							"rotation": [0, 15, -90],
							"uv": {
								"north": {"uv": [0, 0], "uv_size": [0, 3.5]},
								"east": {"uv": [103.75, 18], "uv_size": [-7.75, 3.5]},
								"south": {"uv": [0, 0], "uv_size": [0, 3.5]},
								"west": {"uv": [99.75, 52], "uv_size": [-7.75, 3.5]},
								"up": {"uv": [0, 0], "uv_size": [0, 7.75]},
								"down": {"uv": [0, 7.75], "uv_size": [0, -7.75]}
							}
						},
						{
							"origin": [-17.54206, -9.18488, 57.98502],
							"size": [0, 4.67288, 10.19061],
							"pivot": [-0.90206, -7.46797, 60.67321],
							"rotation": [0, 15, 90],
							"uv": {
								"north": {"uv": [0, 3.5], "uv_size": [0, -3.5]},
								"east": {"uv": [103.75, 21.5], "uv_size": [-7.75, -3.5]},
								"south": {"uv": [0, 3.5], "uv_size": [0, -3.5]},
								"west": {"uv": [99.75, 55.5], "uv_size": [-7.75, -3.5]},
								"up": {"uv": [0, 0], "uv_size": [0, 7.75]},
								"down": {"uv": [0, 7.75], "uv_size": [0, -7.75]}
							}
						},
						{
							"origin": [-0.28253, 6.44125, 61.20411],
							"size": [0, 4.67288, 10.19061],
							"pivot": [-0.28253, 8.77769, 66.29942],
							"rotation": [0, -2.5, -90],
							"uv": {
								"north": {"uv": [0, 0], "uv_size": [0, 3.5]},
								"east": {"uv": [103.75, 18], "uv_size": [-7.75, 3.5]},
								"south": {"uv": [0, 0], "uv_size": [0, 3.5]},
								"west": {"uv": [99.75, 52], "uv_size": [-7.75, 3.5]},
								"up": {"uv": [0, 0], "uv_size": [0, 7.75]},
								"down": {"uv": [0, 7.75], "uv_size": [0, -7.75]}
							}
						}
					]
				},
				{
					"name": "head",
					"parent": "corpo",
					"pivot": [0, 46.12, -4],
					"cubes": [
						{
							"origin": [-3.6256, 46.12, -7.6256],
							"size": [7.2512, 7.2512, 7.2512],
							"uv": {
								"north": {"uv": [73, 23], "uv_size": [7, 7]},
								"east": {"uv": [73, 30], "uv_size": [7, 7]},
								"south": {"uv": [73, 55], "uv_size": [7, 7]},
								"west": {"uv": [73, 62], "uv_size": [7, 7]},
								"up": {"uv": [13, 74], "uv_size": [7, 7]},
								"down": {"uv": [20, 81], "uv_size": [7, -7]}
							}
						},
						{
							"origin": [-22.33167, 56.93818, 1.57244],
							"size": [5.7601, 1.59758, 1.59758],
							"pivot": [-19.96662, 57.73698, 2.37124],
							"rotation": [15.0334, 14.5794, 70.9729],
							"uv": {
								"north": {"uv": [102, 42], "uv_size": [5.5, 1.5]},
								"east": {"uv": [32, 104], "uv_size": [1.5, 1.5]},
								"south": {"uv": [102, 44], "uv_size": [5.5, 1.5]},
								"west": {"uv": [34, 104], "uv_size": [1.5, 1.5]},
								"up": {"uv": [102, 46], "uv_size": [5.5, 1.5]},
								"down": {"uv": [102, 49.5], "uv_size": [5.5, -1.5]}
							}
						},
						{
							"origin": [-25.57334, 50.37892, 0.70318],
							"size": [6.28567, 1.77509, 1.77509],
							"pivot": [-20.64321, 51.20356, 1.59073],
							"rotation": [20.824, 0.028, 114.0441],
							"uv": {
								"north": {"uv": [64, 14], "uv_size": [6, 1.75]},
								"east": {"uv": [25, 83], "uv_size": [1.75, 1.75]},
								"south": {"uv": [0, 65], "uv_size": [6, 1.75]},
								"west": {"uv": [54, 83], "uv_size": [1.75, 1.75]},
								"up": {"uv": [67, 23], "uv_size": [6, 1.75]},
								"down": {"uv": [89, 87.75], "uv_size": [6, -1.75]}
							}
						},
						{
							"origin": [-22.22061, 47.46038, -0.91298],
							"size": [4.7759, 1.9331, 1.9331],
							"pivot": [-17.42981, 48.49048, 0.05357],
							"rotation": [1.8688, 20.7437, 29.381],
							"uv": {
								"north": {"uv": [70, 43], "uv_size": [4.75, 2]},
								"east": {"uv": [76, 21], "uv_size": [2, 2]},
								"south": {"uv": [78, 12], "uv_size": [4.75, 2]},
								"west": {"uv": [78, 21], "uv_size": [2, 2]},
								"up": {"uv": [82, 48], "uv_size": [4.75, 2]},
								"down": {"uv": [29, 104], "uv_size": [4.75, -2]}
							}
						},
						{
							"origin": [-5.83593, 60.05501, -0.109],
							"size": [6.95499, 1.53472, 1.53472],
							"pivot": [-2.35845, 60.82237, 0.65836],
							"rotation": [26.8792, 25.6359, 100.7642],
							"uv": {
								"north": {"uv": [69, 101], "uv_size": [6.75, 1.5]},
								"east": {"uv": [36, 104], "uv_size": [1.5, 1.5]},
								"south": {"uv": [94, 101], "uv_size": [6.75, 1.5]},
								"west": {"uv": [38, 104], "uv_size": [1.5, 1.5]},
								"up": {"uv": [101, 101], "uv_size": [6.75, 1.5]},
								"down": {"uv": [8, 103.5], "uv_size": [6.75, -1.5]}
							}
						},
						{
							"origin": [-12.46823, 45.6681, -4.80717],
							"size": [5.2303, 1.59053, 1.59053],
							"pivot": [-3.59892, 51.704, -4.01191],
							"rotation": [28.8914, 23.2959, 105.6195],
							"uv": {
								"north": {"uv": [57, 102], "uv_size": [5, 1.5]},
								"east": {"uv": [46, 104], "uv_size": [1.5, 1.5]},
								"south": {"uv": [77, 103], "uv_size": [5, 1.5]},
								"west": {"uv": [48, 104], "uv_size": [1.5, 1.5]},
								"up": {"uv": [103, 78], "uv_size": [5, 1.5]},
								"down": {"uv": [82, 104.5], "uv_size": [5, -1.5]}
							}
						},
						{
							"origin": [-7.53346, 56.52343, -5.0455],
							"size": [4.41823, 1.6568, 1.6568],
							"pivot": [-3.4446, 51.48083, -4.2171],
							"rotation": [-32.4144, 17.7161, -13.1473],
							"uv": {
								"north": {"uv": [0, 104], "uv_size": [4.25, 1.5]},
								"east": {"uv": [40, 104], "uv_size": [1.5, 1.5]},
								"south": {"uv": [5, 104], "uv_size": [4.25, 1.5]},
								"west": {"uv": [42, 104], "uv_size": [1.5, 1.5]},
								"up": {"uv": [10, 104], "uv_size": [4.25, 1.5]},
								"down": {"uv": [17, 105.5], "uv_size": [4.25, -1.5]}
							}
						},
						{
							"origin": [-10.79601, 51.4279, -5.3126],
							"size": [7.9034, 1.744, 1.744],
							"pivot": [-3.23931, 51.2699, -4.4406],
							"rotation": [19.308, 31.5609, 85.0445],
							"uv": {
								"north": {"uv": [94, 99], "uv_size": [7.75, 1.75]},
								"east": {"uv": [37, 85], "uv_size": [1.75, 1.75]},
								"south": {"uv": [100, 32], "uv_size": [7.75, 1.75]},
								"west": {"uv": [4, 86], "uv_size": [1.75, 1.75]},
								"up": {"uv": [100, 34], "uv_size": [7.75, 1.75]},
								"down": {"uv": [100, 37.75], "uv_size": [7.75, -1.75]}
							}
						},
						{
							"origin": [-10.79601, 50.3979, -5.3126],
							"size": [7.9034, 1.744, 1.744],
							"pivot": [-3.23931, 51.2699, -4.4406],
							"rotation": [-12.33, 16.9134, -12.8013],
							"uv": {
								"north": {"uv": [98, 56], "uv_size": [7.75, 1.75]},
								"east": {"uv": [4, 84], "uv_size": [1.75, 1.75]},
								"south": {"uv": [98, 58], "uv_size": [7.75, 1.75]},
								"west": {"uv": [85, 19], "uv_size": [1.75, 1.75]},
								"up": {"uv": [99, 81], "uv_size": [7.75, 1.75]},
								"down": {"uv": [99, 84.75], "uv_size": [7.75, -1.75]}
							}
						},
						{
							"origin": [-18.18868, 47.61512, -0.89229],
							"size": [9.3112, 2.1012, 2.1012],
							"pivot": [-17.65308, 48.66572, 0.15831],
							"rotation": [-10.7925, 17.9162, -7.6673],
							"uv": {
								"north": {"uv": [58, 23], "uv_size": [9, 2]},
								"east": {"uv": [76, 5], "uv_size": [2, 2]},
								"south": {"uv": [94, 79], "uv_size": [9, 2]},
								"west": {"uv": [76, 7], "uv_size": [2, 2]},
								"up": {"uv": [96, 50], "uv_size": [9, 2]},
								"down": {"uv": [98, 24], "uv_size": [9, -2]}
							}
						},
						{
							"origin": [16.57157, 56.93818, 1.57244],
							"size": [5.7601, 1.59758, 1.59758],
							"pivot": [19.96662, 57.73698, 2.37124],
							"rotation": [15.0334, -14.5794, -70.9729],
							"uv": {
								"north": {"uv": [51, 102], "uv_size": [5.5, 1.5]},
								"east": {"uv": [104, 72], "uv_size": [1.5, 1.5]},
								"south": {"uv": [102, 99], "uv_size": [5.5, 1.5]},
								"west": {"uv": [104, 74], "uv_size": [1.5, 1.5]},
								"up": {"uv": [65, 103], "uv_size": [5.5, 1.5]},
								"down": {"uv": [71, 104.5], "uv_size": [5.5, -1.5]}
							}
						},
						{
							"origin": [19.28766, 50.37892, 0.70318],
							"size": [6.28567, 1.77509, 1.77509],
							"pivot": [20.64321, 51.20356, 1.59073],
							"rotation": [20.824, -0.028, -114.0441],
							"uv": {
								"north": {"uv": [100, 76], "uv_size": [6, 1.75]},
								"east": {"uv": [35, 94], "uv_size": [1.75, 1.75]},
								"south": {"uv": [100, 97], "uv_size": [6, 1.75]},
								"west": {"uv": [94, 38], "uv_size": [1.75, 1.75]},
								"up": {"uv": [101, 4], "uv_size": [6, 1.75]},
								"down": {"uv": [101, 7.75], "uv_size": [6, -1.75]}
							}
						},
						{
							"origin": [17.44471, 47.46038, -0.91298],
							"size": [4.7759, 1.9331, 1.9331],
							"pivot": [17.42981, 48.49048, 0.05357],
							"rotation": [1.8688, -20.7437, -29.381],
							"uv": {
								"north": {"uv": [34, 102], "uv_size": [4.75, 2]},
								"east": {"uv": [54, 81], "uv_size": [2, 2]},
								"south": {"uv": [102, 38], "uv_size": [4.75, 2]},
								"west": {"uv": [83, 19], "uv_size": [2, 2]},
								"up": {"uv": [39, 102], "uv_size": [4.75, 2]},
								"down": {"uv": [102, 42], "uv_size": [4.75, -2]}
							}
						},
						{
							"origin": [-1.11905, 60.05501, -0.109],
							"size": [6.95499, 1.53472, 1.53472],
							"pivot": [2.35845, 60.82237, 0.65836],
							"rotation": [26.8792, -25.6359, -100.7642],
							"uv": {
								"north": {"uv": [102, 11], "uv_size": [6.75, 1.5]},
								"east": {"uv": [58, 104], "uv_size": [1.5, 1.5]},
								"south": {"uv": [102, 13], "uv_size": [6.75, 1.5]},
								"west": {"uv": [60, 104], "uv_size": [1.5, 1.5]},
								"up": {"uv": [102, 15], "uv_size": [6.75, 1.5]},
								"down": {"uv": [22, 103.5], "uv_size": [6.75, -1.5]}
							}
						},
						{
							"origin": [7.23793, 45.6681, -4.80717],
							"size": [5.2303, 1.59053, 1.59053],
							"pivot": [3.59892, 51.704, -4.01191],
							"rotation": [28.8914, -23.2959, -105.6195],
							"uv": {
								"north": {"uv": [87, 103], "uv_size": [5, 1.5]},
								"east": {"uv": [54, 104], "uv_size": [1.5, 1.5]},
								"south": {"uv": [92, 103], "uv_size": [5, 1.5]},
								"west": {"uv": [56, 104], "uv_size": [1.5, 1.5]},
								"up": {"uv": [97, 103], "uv_size": [5, 1.5]},
								"down": {"uv": [102, 104.5], "uv_size": [5, -1.5]}
							}
						},
						{
							"origin": [3.11524, 56.52343, -5.0455],
							"size": [4.41823, 1.6568, 1.6568],
							"pivot": [3.4446, 51.48083, -4.2171],
							"rotation": [-32.4144, -17.7161, 13.1473],
							"uv": {
								"north": {"uv": [104, 17], "uv_size": [4.25, 1.5]},
								"east": {"uv": [50, 104], "uv_size": [1.5, 1.5]},
								"south": {"uv": [104, 19], "uv_size": [4.25, 1.5]},
								"west": {"uv": [52, 104], "uv_size": [1.5, 1.5]},
								"up": {"uv": [22, 104], "uv_size": [4.25, 1.5]},
								"down": {"uv": [27, 105.5], "uv_size": [4.25, -1.5]}
							}
						},
						{
							"origin": [2.89262, 51.4279, -5.3126],
							"size": [7.9034, 1.744, 1.744],
							"pivot": [3.23931, 51.2699, -4.4406],
							"rotation": [19.308, -31.5609, -85.0445],
							"uv": {
								"north": {"uv": [100, 64], "uv_size": [7.75, 1.75]},
								"east": {"uv": [19, 88], "uv_size": [1.75, 1.75]},
								"south": {"uv": [100, 66], "uv_size": [7.75, 1.75]},
								"west": {"uv": [90, 17], "uv_size": [1.75, 1.75]},
								"up": {"uv": [100, 68], "uv_size": [7.75, 1.75]},
								"down": {"uv": [100, 71.75], "uv_size": [7.75, -1.75]}
							}
						},
						{
							"origin": [2.89262, 50.3979, -5.3126],
							"size": [7.9034, 1.744, 1.744],
							"pivot": [3.23931, 51.2699, -4.4406],
							"rotation": [-12.33, -16.9134, 12.8013],
							"uv": {
								"north": {"uv": [100, 52], "uv_size": [7.75, 1.75]},
								"east": {"uv": [87, 32], "uv_size": [1.75, 1.75]},
								"south": {"uv": [100, 54], "uv_size": [7.75, 1.75]},
								"west": {"uv": [87, 61], "uv_size": [1.75, 1.75]},
								"up": {"uv": [100, 60], "uv_size": [7.75, 1.75]},
								"down": {"uv": [100, 63.75], "uv_size": [7.75, -1.75]}
							}
						},
						{
							"origin": [8.87748, 47.61512, -0.89229],
							"size": [9.3112, 2.1012, 2.1012],
							"pivot": [17.65308, 48.66572, 0.15831],
							"rotation": [-10.7925, -17.9162, 7.6673],
							"uv": {
								"north": {"uv": [98, 24], "uv_size": [9, 2]},
								"east": {"uv": [80, 35], "uv_size": [2, 2]},
								"south": {"uv": [98, 26], "uv_size": [9, 2]},
								"west": {"uv": [25, 81], "uv_size": [2, 2]},
								"up": {"uv": [98, 28], "uv_size": [9, 2]},
								"down": {"uv": [98, 32], "uv_size": [9, -2]}
							}
						}
					],
					"locators": {
						"locator": [0, 48, -9]
					}
				}
			]
		}
	]
}