{
	"format_version": "1.12.0",
	"minecraft:geometry": [
		{
			"description": {
				"identifier": "geometry.vhydra2",
				"texture_width": 128,
				"texture_height": 128,
				"visible_bounds_width": 29,
				"visible_bounds_height": 13,
				"visible_bounds_offset": [0, -2.5, 0]
			},
			"bones": [
				{
					"name": "bone",
					"pivot": [3.35836, 2.21588, -12.08253],
					"rotation": [-90, 10, 0],
					"cubes": [
						{
							"origin": [-2.10116, 0, -35.15904],
							"size": [14, 14, 30],
							"pivot": [4.89884, 0, -40.15904],
							"rotation": [15, -17.5, 0],
							"uv": {
								"north": {"uv": [32, 47], "uv_size": [-16, -16]},
								"east": {"uv": [32, 47], "uv_size": [-16, -16]},
								"south": {"uv": [32, 47], "uv_size": [-16, -16]},
								"west": {"uv": [32, 47], "uv_size": [-16, -16]},
								"up": {"uv": [16, 31], "uv_size": [16, 16]},
								"down": {"uv": [16, 31], "uv_size": [16, 16]}
							}
						},
						{
							"origin": [-9.21388, 9.69831, -12.53622],
							"size": [12.32, 12.32, 28.4],
							"pivot": [-3.05388, 9.69831, -14.93622],
							"rotation": [-5, -17.5, 0],
							"uv": {
								"north": {"uv": [32, 47], "uv_size": [-16, -16]},
								"east": {"uv": [32, 47], "uv_size": [-16, -16]},
								"south": {"uv": [32, 47], "uv_size": [-16, -16]},
								"west": {"uv": [32, 47], "uv_size": [-16, -16]},
								"up": {"uv": [16, 31], "uv_size": [16, 16]},
								"down": {"uv": [16, 31], "uv_size": [16, 16]}
							}
						},
						{
							"origin": [-15.6268, 9.17902, 12.43395],
							"size": [8.8704, 8.8704, 27.448],
							"pivot": [-12.6316, 9.89902, 15.58595],
							"rotation": [-14.20184, -14.75575, -17.18862],
							"uv": {
								"north": {"uv": [32, 47], "uv_size": [-16, -16]},
								"east": {"uv": [32, 47], "uv_size": [-16, -16]},
								"south": {"uv": [32, 47], "uv_size": [-16, -16]},
								"west": {"uv": [32, 47], "uv_size": [-16, -16]},
								"up": {"uv": [16, 31], "uv_size": [16, 16]},
								"down": {"uv": [16, 31], "uv_size": [16, 16]}
							}
						},
						{
							"origin": [-18.45754, -0.1311, 37.44811],
							"size": [8.8704, 8.8704, 27.448],
							"pivot": [-18.46234, 0.5889, 40.60011],
							"rotation": [-21.3308, 14.28991, -22.71373],
							"uv": {
								"north": {"uv": [32, 47], "uv_size": [-16, -16]},
								"east": {"uv": [32, 47], "uv_size": [-16, -16]},
								"south": {"uv": [32, 47], "uv_size": [-16, -16]},
								"west": {"uv": [32, 47], "uv_size": [-16, -16]},
								"up": {"uv": [16, 31], "uv_size": [16, 16]},
								"down": {"uv": [16, 31], "uv_size": [16, 16]}
							}
						},
						{
							"origin": [-11.62825, -3.79153, 61.08639],
							"size": [8.8704, 8.8704, 27.448],
							"pivot": [-6.79641, -2.98266, 59.07214],
							"rotation": [-12.07873, 7.95227, -0.10131],
							"uv": {
								"north": {"uv": [32, 47], "uv_size": [-16, -16]},
								"east": {"uv": [32, 47], "uv_size": [-16, -16]},
								"south": {"uv": [32, 47], "uv_size": [-16, -16]},
								"west": {"uv": [32, 47], "uv_size": [-16, -16]},
								"up": {"uv": [16, 31], "uv_size": [16, 16]},
								"down": {"uv": [16, 31], "uv_size": [16, 16]}
							}
						},
						{
							"origin": [-7.07685, -9.18036, 87.30886],
							"size": [7.80595, 7.80595, 25.15424],
							"pivot": [-2.82483, -8.46856, 86.53632],
							"rotation": [-12.04483, -6.72022, 3.0248],
							"uv": {
								"north": {"uv": [32, 47], "uv_size": [-16, -16]},
								"east": {"uv": [32, 47], "uv_size": [-16, -16]},
								"south": {"uv": [32, 47], "uv_size": [-16, -16]},
								"west": {"uv": [32, 47], "uv_size": [-16, -16]},
								"up": {"uv": [16, 31], "uv_size": [16, 16]},
								"down": {"uv": [16, 31], "uv_size": [16, 16]}
							}
						},
						{
							"origin": [-5.56705, -10.7654, 113.00748],
							"size": [6.12058, 6.12058, 28.93912],
							"pivot": [-2.23307, -10.20728, 97.98765],
							"rotation": [-12.3355, -14.0516, 4.63377],
							"uv": {
								"north": {"uv": [32, 47], "uv_size": [-16, -16]},
								"east": {"uv": [32, 47], "uv_size": [-16, -16]},
								"south": {"uv": [32, 47], "uv_size": [-16, -16]},
								"west": {"uv": [32, 47], "uv_size": [-16, -16]},
								"up": {"uv": [16, 31], "uv_size": [16, 16]},
								"down": {"uv": [16, 31], "uv_size": [16, 16]}
							}
						}
					]
				},
				{
					"name": "Cabeca",
					"parent": "bone",
					"pivot": [4.89884, 9, -30.15904],
					"cubes": [
						{
							"origin": [-3.10116, 0, -48.15904],
							"size": [16, 15, 16],
							"uv": {
								"north": {"uv": [16, 47], "uv_size": [16, 15]},
								"east": {"uv": [0, 47], "uv_size": [16, 15]},
								"south": {"uv": [48, 47], "uv_size": [16, 15]},
								"west": {"uv": [32, 47], "uv_size": [16, 15]},
								"up": {"uv": [16, 31], "uv_size": [16, 16]},
								"down": {"uv": [32, 47], "uv_size": [16, -16]}
							}
						},
						{
							"origin": [-5.10116, 15, -48.15904],
							"size": [4, 4, 16],
							"pivot": [-1.10116, 17, -40.15904],
							"rotation": [26.05573, -15.81499, -7.59001],
							"uv": {
								"north": {"uv": [64, 31], "uv_size": [4, 4]},
								"east": {"uv": [48, 31], "uv_size": [16, 4]},
								"south": {"uv": [84, 31], "uv_size": [4, 4]},
								"west": {"uv": [68, 31], "uv_size": [16, 4]},
								"up": {"uv": [64, 15], "uv_size": [4, 16]},
								"down": {"uv": [68, 31], "uv_size": [4, -16]}
							}
						},
						{
							"origin": [-3.10116, -10, -64.15904],
							"size": [16, 15, 16],
							"uv": {
								"north": {"uv": [16, 16], "uv_size": [16, 15]},
								"east": {"uv": [0, 16], "uv_size": [16, 15]},
								"south": {"uv": [48, 16], "uv_size": [16, 15]},
								"west": {"uv": [32, 16], "uv_size": [16, 15]},
								"up": {"uv": [16, 0], "uv_size": [16, 16]},
								"down": {"uv": [32, 16], "uv_size": [16, -16]}
							}
						},
						{
							"origin": [10.89884, 15, -48.15904],
							"size": [4, 4, 16],
							"pivot": [10.89884, 17, -40.15904],
							"rotation": [26.05573, 15.81499, 7.59001],
							"uv": {
								"north": {"uv": [64, 62], "uv_size": [4, 4]},
								"east": {"uv": [48, 62], "uv_size": [16, 4]},
								"south": {"uv": [84, 62], "uv_size": [4, 4]},
								"west": {"uv": [68, 62], "uv_size": [16, 4]},
								"up": {"uv": [64, 46], "uv_size": [4, 16]},
								"down": {"uv": [68, 62], "uv_size": [4, -16]}
							}
						}
					]
				},
				{
					"name": "Cabeca2",
					"parent": "bone",
					"pivot": [14.89884, 9, -23.15904],
					"rotation": [-36.89243, -22.79919, 62.69508],
					"cubes": [
						{
							"origin": [6.89884, 0, -41.15904],
							"size": [16, 15, 16],
							"uv": {
								"north": {"uv": [16, 47], "uv_size": [16, 15]},
								"east": {"uv": [0, 47], "uv_size": [16, 15]},
								"south": {"uv": [48, 47], "uv_size": [16, 15]},
								"west": {"uv": [32, 47], "uv_size": [16, 15]},
								"up": {"uv": [16, 31], "uv_size": [16, 16]},
								"down": {"uv": [32, 47], "uv_size": [16, -16]}
							}
						},
						{
							"origin": [4.89884, 15, -41.15904],
							"size": [4, 4, 16],
							"pivot": [8.89884, 17, -33.15904],
							"rotation": [26.05573, -15.81499, -7.59001],
							"uv": {
								"north": {"uv": [64, 31], "uv_size": [4, 4]},
								"east": {"uv": [48, 31], "uv_size": [16, 4]},
								"south": {"uv": [84, 31], "uv_size": [4, 4]},
								"west": {"uv": [68, 31], "uv_size": [16, 4]},
								"up": {"uv": [64, 15], "uv_size": [4, 16]},
								"down": {"uv": [68, 31], "uv_size": [4, -16]}
							}
						},
						{
							"origin": [6.89884, -10, -57.15904],
							"size": [16, 15, 16],
							"uv": {
								"north": {"uv": [16, 16], "uv_size": [16, 15]},
								"east": {"uv": [0, 16], "uv_size": [16, 15]},
								"south": {"uv": [48, 16], "uv_size": [16, 15]},
								"west": {"uv": [32, 16], "uv_size": [16, 15]},
								"up": {"uv": [16, 0], "uv_size": [16, 16]},
								"down": {"uv": [32, 16], "uv_size": [16, -16]}
							}
						},
						{
							"origin": [20.89884, 15, -41.15904],
							"size": [4, 4, 16],
							"pivot": [20.89884, 17, -33.15904],
							"rotation": [26.05573, 15.81499, 7.59001],
							"uv": {
								"north": {"uv": [64, 62], "uv_size": [4, 4]},
								"east": {"uv": [48, 62], "uv_size": [16, 4]},
								"south": {"uv": [84, 62], "uv_size": [4, 4]},
								"west": {"uv": [68, 62], "uv_size": [16, 4]},
								"up": {"uv": [64, 46], "uv_size": [4, 16]},
								"down": {"uv": [68, 62], "uv_size": [4, -16]}
							}
						}
					]
				},
				{
					"name": "Cabeca3",
					"parent": "bone",
					"pivot": [-5.10116, 9, -23.15904],
					"rotation": [-36.89243, 22.79919, -62.69508],
					"cubes": [
						{
							"origin": [-13.10116, 0, -41.15904],
							"size": [16, 15, 16],
							"uv": {
								"north": {"uv": [32, 47], "uv_size": [-16, 15]},
								"east": {"uv": [48, 47], "uv_size": [-16, 15]},
								"south": {"uv": [64, 47], "uv_size": [-16, 15]},
								"west": {"uv": [16, 47], "uv_size": [-16, 15]},
								"up": {"uv": [32, 31], "uv_size": [-16, 16]},
								"down": {"uv": [48, 47], "uv_size": [-16, -16]}
							}
						},
						{
							"origin": [0.89884, 15, -41.15904],
							"size": [4, 4, 16],
							"pivot": [0.89884, 17, -33.15904],
							"rotation": [26.05573, 15.81499, 7.59001],
							"uv": {
								"north": {"uv": [68, 31], "uv_size": [-4, 4]},
								"east": {"uv": [84, 31], "uv_size": [-16, 4]},
								"south": {"uv": [88, 31], "uv_size": [-4, 4]},
								"west": {"uv": [64, 31], "uv_size": [-16, 4]},
								"up": {"uv": [68, 15], "uv_size": [-4, 16]},
								"down": {"uv": [72, 31], "uv_size": [-4, -16]}
							}
						},
						{
							"origin": [-13.10116, -10, -57.15904],
							"size": [16, 15, 16],
							"uv": {
								"north": {"uv": [32, 16], "uv_size": [-16, 15]},
								"east": {"uv": [48, 16], "uv_size": [-16, 15]},
								"south": {"uv": [64, 16], "uv_size": [-16, 15]},
								"west": {"uv": [16, 16], "uv_size": [-16, 15]},
								"up": {"uv": [32, 0], "uv_size": [-16, 16]},
								"down": {"uv": [48, 16], "uv_size": [-16, -16]}
							}
						},
						{
							"origin": [-15.10116, 15, -41.15904],
							"size": [4, 4, 16],
							"pivot": [-11.10116, 17, -33.15904],
							"rotation": [26.05573, -15.81499, -7.59001],
							"uv": {
								"north": {"uv": [68, 62], "uv_size": [-4, 4]},
								"east": {"uv": [84, 62], "uv_size": [-16, 4]},
								"south": {"uv": [88, 62], "uv_size": [-4, 4]},
								"west": {"uv": [64, 62], "uv_size": [-16, 4]},
								"up": {"uv": [68, 46], "uv_size": [-4, 16]},
								"down": {"uv": [72, 62], "uv_size": [-4, -16]}
							}
						}
					]
				},
				{
					"name": "bone2",
					"parent": "bone",
					"pivot": [-2.10116, 14, -10.15904],
					"cubes": [
						{
							"origin": [-41.15116, 3.35, -15.83904],
							"size": [29.11, 21.3, 0],
							"pivot": [-20.91616, 14, -15.83904],
							"rotation": [0, 90, 0],
							"uv": {
								"north": {"uv": [103, 98], "uv_size": [25, 30]},
								"east": {"uv": [128, 98], "uv_size": [0, 30]},
								"south": {"uv": [128, 98], "uv_size": [-25, 30]},
								"west": {"uv": [128, 98], "uv_size": [0, 30]},
								"up": {"uv": [128, 128], "uv_size": [-25, 0]},
								"down": {"uv": [128, 128], "uv_size": [-25, 0]}
							}
						},
						{
							"origin": [7.83884, 3.35, -15.83904],
							"size": [29.11, 21.3, 0],
							"pivot": [16.71384, 14, -15.83904],
							"rotation": [0, -90, 0],
							"uv": {
								"north": {"uv": [128, 98], "uv_size": [-25, 30]},
								"east": {"uv": [128, 98], "uv_size": [0, 30]},
								"south": {"uv": [103, 98], "uv_size": [25, 30]},
								"west": {"uv": [128, 98], "uv_size": [0, 30]},
								"up": {"uv": [103, 128], "uv_size": [25, 0]},
								"down": {"uv": [103, 128], "uv_size": [25, 0]}
							}
						},
						{
							"origin": [21.83884, 3.35, -16.83904],
							"size": [29.11, 21.3, 0],
							"pivot": [16.71384, 14, -15.83904],
							"rotation": [0, -130, 0],
							"uv": {
								"north": {"uv": [128, 98], "uv_size": [-25, 30]},
								"east": {"uv": [128, 98], "uv_size": [0, 30]},
								"south": {"uv": [103, 98], "uv_size": [25, 30]},
								"west": {"uv": [128, 98], "uv_size": [0, 30]},
								"up": {"uv": [103, 128], "uv_size": [25, 0]},
								"down": {"uv": [103, 128], "uv_size": [25, 0]}
							}
						},
						{
							"origin": [-24.15116, 3.35, -24.83904],
							"size": [29.11, 21.3, 0],
							"pivot": [-6.91616, 14, -15.83904],
							"rotation": [0, 130, 0],
							"uv": {
								"north": {"uv": [103, 98], "uv_size": [25, 30]},
								"east": {"uv": [128, 98], "uv_size": [0, 30]},
								"south": {"uv": [128, 98], "uv_size": [-25, 30]},
								"west": {"uv": [128, 98], "uv_size": [0, 30]},
								"up": {"uv": [128, 128], "uv_size": [-25, 0]},
								"down": {"uv": [128, 128], "uv_size": [-25, 0]}
							}
						},
						{
							"origin": [-31.14343, 17.64251, -15.83904],
							"size": [29.11, 21.3, 0],
							"pivot": [-10.90843, 28.29251, -15.83904],
							"rotation": [0, 90, 70],
							"uv": {
								"north": {"uv": [103, 98], "uv_size": [25, 30]},
								"east": {"uv": [128, 98], "uv_size": [0, 30]},
								"south": {"uv": [128, 98], "uv_size": [-25, 30]},
								"west": {"uv": [128, 98], "uv_size": [0, 30]},
								"up": {"uv": [128, 128], "uv_size": [-25, 0]},
								"down": {"uv": [128, 128], "uv_size": [-25, 0]}
							}
						},
						{
							"origin": [-2.16889, 17.64251, -15.83904],
							"size": [29.11, 21.3, 0],
							"pivot": [6.70611, 28.29251, -15.83904],
							"rotation": [0, -90, -70],
							"uv": {
								"north": {"uv": [128, 98], "uv_size": [-25, 30]},
								"east": {"uv": [128, 98], "uv_size": [0, 30]},
								"south": {"uv": [103, 98], "uv_size": [25, 30]},
								"west": {"uv": [128, 98], "uv_size": [0, 30]},
								"up": {"uv": [103, 128], "uv_size": [25, 0]},
								"down": {"uv": [103, 128], "uv_size": [25, 0]}
							}
						},
						{
							"origin": [-2.16889, -10.94251, -15.83904],
							"size": [29.11, 21.3, 0],
							"pivot": [6.70611, -0.29251, -15.83904],
							"rotation": [0, -90, 70],
							"uv": {
								"north": {"uv": [128, 128], "uv_size": [-25, -30]},
								"east": {"uv": [128, 128], "uv_size": [0, -30]},
								"south": {"uv": [103, 128], "uv_size": [25, -30]},
								"west": {"uv": [128, 128], "uv_size": [0, -30]},
								"up": {"uv": [103, 128], "uv_size": [25, 0]},
								"down": {"uv": [103, 128], "uv_size": [25, 0]}
							}
						},
						{
							"origin": [-31.14343, -10.94251, -15.83904],
							"size": [29.11, 21.3, 0],
							"pivot": [-10.90843, -0.29251, -15.83904],
							"rotation": [0, 90, -70],
							"uv": {
								"north": {"uv": [103, 128], "uv_size": [25, -30]},
								"east": {"uv": [128, 128], "uv_size": [0, -30]},
								"south": {"uv": [128, 128], "uv_size": [-25, -30]},
								"west": {"uv": [128, 128], "uv_size": [0, -30]},
								"up": {"uv": [128, 128], "uv_size": [-25, 0]},
								"down": {"uv": [128, 128], "uv_size": [-25, 0]}
							}
						}
					]
				},
				{
					"name": "bone3",
					"parent": "bone",
					"pivot": [-13.10116, 5, 52.84096],
					"cubes": [
						{
							"origin": [-45.12216, -3.733, 48.18336],
							"size": [23.8702, 17.466, 0],
							"pivot": [-28.52946, 5, 48.18336],
							"rotation": [0, 90, 0],
							"uv": {
								"north": {"uv": [103, 98], "uv_size": [25, 30]},
								"east": {"uv": [128, 98], "uv_size": [0, 30]},
								"south": {"uv": [128, 98], "uv_size": [-25, 30]},
								"west": {"uv": [128, 98], "uv_size": [0, 30]},
								"up": {"uv": [128, 128], "uv_size": [-25, 0]},
								"down": {"uv": [128, 128], "uv_size": [-25, 0]}
							}
						},
						{
							"origin": [-3.95036, -3.733, 48.18336],
							"size": [23.8702, 17.466, 0],
							"pivot": [2.32714, 5, 48.18336],
							"rotation": [0, -150, 0],
							"uv": {
								"north": {"uv": [128, 98], "uv_size": [-25, 30]},
								"east": {"uv": [128, 98], "uv_size": [0, 30]},
								"south": {"uv": [103, 98], "uv_size": [25, 30]},
								"west": {"uv": [128, 98], "uv_size": [0, 30]},
								"up": {"uv": [103, 128], "uv_size": [25, 0]},
								"down": {"uv": [103, 128], "uv_size": [25, 0]}
							}
						},
						{
							"origin": [16.87784, -3.733, 25.18336],
							"size": [23.8702, 17.466, 0],
							"pivot": [7.47054, 5, 48.18336],
							"rotation": [0, 150, 0],
							"uv": {
								"north": {"uv": [103, 98], "uv_size": [25, 30]},
								"east": {"uv": [128, 98], "uv_size": [0, 30]},
								"south": {"uv": [128, 98], "uv_size": [-25, 30]},
								"west": {"uv": [128, 98], "uv_size": [0, 30]},
								"up": {"uv": [128, 128], "uv_size": [-25, 0]},
								"down": {"uv": [128, 128], "uv_size": [-25, 0]}
							}
						},
						{
							"origin": [-4.95036, -3.733, 48.18336],
							"size": [23.8702, 17.466, 0],
							"pivot": [2.32714, 5, 48.18336],
							"rotation": [0, -90, 0],
							"uv": {
								"north": {"uv": [128, 98], "uv_size": [-25, 30]},
								"east": {"uv": [128, 98], "uv_size": [0, 30]},
								"south": {"uv": [103, 98], "uv_size": [25, 30]},
								"west": {"uv": [128, 98], "uv_size": [0, 30]},
								"up": {"uv": [103, 128], "uv_size": [25, 0]},
								"down": {"uv": [103, 128], "uv_size": [25, 0]}
							}
						},
						{
							"origin": [-36.91582, 7.98686, 48.18336],
							"size": [23.8702, 17.466, 0],
							"pivot": [-20.32312, 16.71986, 48.18336],
							"rotation": [0, 90, 70],
							"uv": {
								"north": {"uv": [103, 98], "uv_size": [25, 30]},
								"east": {"uv": [128, 98], "uv_size": [0, 30]},
								"south": {"uv": [128, 98], "uv_size": [-25, 30]},
								"west": {"uv": [128, 98], "uv_size": [0, 30]},
								"up": {"uv": [128, 128], "uv_size": [-25, 0]},
								"down": {"uv": [128, 128], "uv_size": [-25, 0]}
							}
						},
						{
							"origin": [-13.1567, 7.98686, 48.18336],
							"size": [23.8702, 17.466, 0],
							"pivot": [-5.8792, 16.71986, 48.18336],
							"rotation": [0, -90, -70],
							"uv": {
								"north": {"uv": [128, 98], "uv_size": [-25, 30]},
								"east": {"uv": [128, 98], "uv_size": [0, 30]},
								"south": {"uv": [103, 98], "uv_size": [25, 30]},
								"west": {"uv": [128, 98], "uv_size": [0, 30]},
								"up": {"uv": [103, 128], "uv_size": [25, 0]},
								"down": {"uv": [103, 128], "uv_size": [25, 0]}
							}
						},
						{
							"origin": [-13.1567, -15.45286, 48.18336],
							"size": [23.8702, 17.466, 0],
							"pivot": [-5.8792, -6.71986, 48.18336],
							"rotation": [0, -90, 70],
							"uv": {
								"north": {"uv": [128, 128], "uv_size": [-25, -30]},
								"east": {"uv": [128, 128], "uv_size": [0, -30]},
								"south": {"uv": [103, 128], "uv_size": [25, -30]},
								"west": {"uv": [128, 128], "uv_size": [0, -30]},
								"up": {"uv": [103, 128], "uv_size": [25, 0]},
								"down": {"uv": [103, 128], "uv_size": [25, 0]}
							}
						},
						{
							"origin": [-36.91582, -15.45286, 48.18336],
							"size": [23.8702, 17.466, 0],
							"pivot": [-20.32312, -6.71986, 48.18336],
							"rotation": [0, 90, -70],
							"uv": {
								"north": {"uv": [103, 128], "uv_size": [25, -30]},
								"east": {"uv": [128, 128], "uv_size": [0, -30]},
								"south": {"uv": [128, 128], "uv_size": [-25, -30]},
								"west": {"uv": [128, 128], "uv_size": [0, -30]},
								"up": {"uv": [128, 128], "uv_size": [-25, 0]},
								"down": {"uv": [128, 128], "uv_size": [-25, 0]}
							}
						}
					]
				},
				{
					"name": "bone4",
					"parent": "bone",
					"pivot": [-2.10116, 14, 6.84096],
					"cubes": [
						{
							"origin": [-34.12216, 5.267, 2.18336],
							"size": [23.8702, 17.466, 0],
							"pivot": [-17.52946, 14, 2.18336],
							"rotation": [0, 90, 0],
							"uv": {
								"north": {"uv": [103, 98], "uv_size": [25, 30]},
								"east": {"uv": [128, 98], "uv_size": [0, 30]},
								"south": {"uv": [128, 98], "uv_size": [-25, 30]},
								"west": {"uv": [128, 98], "uv_size": [0, 30]},
								"up": {"uv": [128, 128], "uv_size": [-25, 0]},
								"down": {"uv": [128, 128], "uv_size": [-25, 0]}
							}
						},
						{
							"origin": [6.04964, 5.267, 2.18336],
							"size": [23.8702, 17.466, 0],
							"pivot": [13.32714, 14, 2.18336],
							"rotation": [0, -90, 0],
							"uv": {
								"north": {"uv": [128, 98], "uv_size": [-25, 30]},
								"east": {"uv": [128, 98], "uv_size": [0, 30]},
								"south": {"uv": [103, 98], "uv_size": [25, 30]},
								"west": {"uv": [128, 98], "uv_size": [0, 30]},
								"up": {"uv": [103, 128], "uv_size": [25, 0]},
								"down": {"uv": [103, 128], "uv_size": [25, 0]}
							}
						},
						{
							"origin": [-25.91582, 16.98686, 2.18336],
							"size": [23.8702, 17.466, 0],
							"pivot": [-9.32312, 25.71986, 2.18336],
							"rotation": [0, 90, 70],
							"uv": {
								"north": {"uv": [103, 98], "uv_size": [25, 30]},
								"east": {"uv": [128, 98], "uv_size": [0, 30]},
								"south": {"uv": [128, 98], "uv_size": [-25, 30]},
								"west": {"uv": [128, 98], "uv_size": [0, 30]},
								"up": {"uv": [128, 128], "uv_size": [-25, 0]},
								"down": {"uv": [128, 128], "uv_size": [-25, 0]}
							}
						},
						{
							"origin": [-2.1567, 16.98686, 2.18336],
							"size": [23.8702, 17.466, 0],
							"pivot": [5.1208, 25.71986, 2.18336],
							"rotation": [0, -90, -70],
							"uv": {
								"north": {"uv": [128, 98], "uv_size": [-25, 30]},
								"east": {"uv": [128, 98], "uv_size": [0, 30]},
								"south": {"uv": [103, 98], "uv_size": [25, 30]},
								"west": {"uv": [128, 98], "uv_size": [0, 30]},
								"up": {"uv": [103, 128], "uv_size": [25, 0]},
								"down": {"uv": [103, 128], "uv_size": [25, 0]}
							}
						},
						{
							"origin": [-2.1567, -6.45286, 2.18336],
							"size": [23.8702, 17.466, 0],
							"pivot": [5.1208, 2.28014, 2.18336],
							"rotation": [0, -90, 70],
							"uv": {
								"north": {"uv": [128, 128], "uv_size": [-25, -30]},
								"east": {"uv": [128, 128], "uv_size": [0, -30]},
								"south": {"uv": [103, 128], "uv_size": [25, -30]},
								"west": {"uv": [128, 128], "uv_size": [0, -30]},
								"up": {"uv": [103, 128], "uv_size": [25, 0]},
								"down": {"uv": [103, 128], "uv_size": [25, 0]}
							}
						},
						{
							"origin": [-25.91582, -6.45286, 2.18336],
							"size": [23.8702, 17.466, 0],
							"pivot": [-9.32312, 2.28014, 2.18336],
							"rotation": [0, 90, -70],
							"uv": {
								"north": {"uv": [103, 128], "uv_size": [25, -30]},
								"east": {"uv": [128, 128], "uv_size": [0, -30]},
								"south": {"uv": [128, 128], "uv_size": [-25, -30]},
								"west": {"uv": [128, 128], "uv_size": [0, -30]},
								"up": {"uv": [128, 128], "uv_size": [-25, 0]},
								"down": {"uv": [128, 128], "uv_size": [-25, 0]}
							}
						}
					]
				},
				{
					"name": "bone5",
					"parent": "bone",
					"pivot": [-2.10116, 14, -23.15904],
					"cubes": [
						{
							"origin": [-34.12216, 5.267, -27.81664],
							"size": [23.8702, 17.466, 0],
							"pivot": [-17.52946, 14, -27.81664],
							"rotation": [0, 90, 0],
							"uv": {
								"north": {"uv": [103, 98], "uv_size": [25, 30]},
								"east": {"uv": [128, 98], "uv_size": [0, 30]},
								"south": {"uv": [128, 98], "uv_size": [-25, 30]},
								"west": {"uv": [128, 98], "uv_size": [0, 30]},
								"up": {"uv": [128, 128], "uv_size": [-25, 0]},
								"down": {"uv": [128, 128], "uv_size": [-25, 0]}
							}
						},
						{
							"origin": [6.04964, 5.267, -27.81664],
							"size": [23.8702, 17.466, 0],
							"pivot": [13.32714, 14, -27.81664],
							"rotation": [0, -90, 0],
							"uv": {
								"north": {"uv": [128, 98], "uv_size": [-25, 30]},
								"east": {"uv": [128, 98], "uv_size": [0, 30]},
								"south": {"uv": [103, 98], "uv_size": [25, 30]},
								"west": {"uv": [128, 98], "uv_size": [0, 30]},
								"up": {"uv": [103, 128], "uv_size": [25, 0]},
								"down": {"uv": [103, 128], "uv_size": [25, 0]}
							}
						},
						{
							"origin": [-25.91582, 16.98686, -27.81664],
							"size": [23.8702, 17.466, 0],
							"pivot": [-9.32312, 25.71986, -27.81664],
							"rotation": [0, 90, 70],
							"uv": {
								"north": {"uv": [103, 98], "uv_size": [25, 30]},
								"east": {"uv": [128, 98], "uv_size": [0, 30]},
								"south": {"uv": [128, 98], "uv_size": [-25, 30]},
								"west": {"uv": [128, 98], "uv_size": [0, 30]},
								"up": {"uv": [128, 128], "uv_size": [-25, 0]},
								"down": {"uv": [128, 128], "uv_size": [-25, 0]}
							}
						},
						{
							"origin": [-2.1567, 16.98686, -27.81664],
							"size": [23.8702, 17.466, 0],
							"pivot": [5.1208, 25.71986, -27.81664],
							"rotation": [0, -90, -70],
							"uv": {
								"north": {"uv": [128, 98], "uv_size": [-25, 30]},
								"east": {"uv": [128, 98], "uv_size": [0, 30]},
								"south": {"uv": [103, 98], "uv_size": [25, 30]},
								"west": {"uv": [128, 98], "uv_size": [0, 30]},
								"up": {"uv": [103, 128], "uv_size": [25, 0]},
								"down": {"uv": [103, 128], "uv_size": [25, 0]}
							}
						},
						{
							"origin": [-2.1567, -6.45286, -27.81664],
							"size": [23.8702, 17.466, 0],
							"pivot": [5.1208, 2.28014, -27.81664],
							"rotation": [0, -90, 70],
							"uv": {
								"north": {"uv": [128, 128], "uv_size": [-25, -30]},
								"east": {"uv": [128, 128], "uv_size": [0, -30]},
								"south": {"uv": [103, 128], "uv_size": [25, -30]},
								"west": {"uv": [128, 128], "uv_size": [0, -30]},
								"up": {"uv": [103, 128], "uv_size": [25, 0]},
								"down": {"uv": [103, 128], "uv_size": [25, 0]}
							}
						},
						{
							"origin": [-25.91582, -6.45286, -27.81664],
							"size": [23.8702, 17.466, 0],
							"pivot": [-9.32312, 2.28014, -27.81664],
							"rotation": [0, 90, -70],
							"uv": {
								"north": {"uv": [103, 128], "uv_size": [25, -30]},
								"east": {"uv": [128, 128], "uv_size": [0, -30]},
								"south": {"uv": [128, 128], "uv_size": [-25, -30]},
								"west": {"uv": [128, 128], "uv_size": [0, -30]},
								"up": {"uv": [128, 128], "uv_size": [-25, 0]},
								"down": {"uv": [128, 128], "uv_size": [-25, 0]}
							}
						}
					]
				}
			]
		}
	]
}