{
	"format_version": "1.12.0",
	"minecraft:geometry": [
		{
			"description": {
				"identifier": "geometry.yoru",
				"texture_width": 128,
				"texture_height": 128,
				"visible_bounds_width": 7,
				"visible_bounds_height": 4.5,
				"visible_bounds_offset": [0, 0.75, 0]
			},
			"bones": [
				{
					"name": "root",
					"pivot": [0, 0, 0]
				},
				{
					"name": "waist",
					"parent": "root",
					"pivot": [0, 12, 0]
				},
				{
					"name": "body",
					"parent": "waist",
					"pivot": [0, 24, 0],
					"cubes": [
						{"origin": [-4, 12, -2], "size": [8, 12, 4], "uv": [104, 112]}
					]
				},
				{
					"name": "head",
					"parent": "body",
					"pivot": [0, 24, 0],
					"cubes": [
						{"origin": [-4, 24, -4], "size": [8, 8, 8], "uv": [96, 112]}
					]
				},
				{
					"name": "cape",
					"parent": "body",
					"pivot": [0, 24, 3]
				},
				{
					"name": "leftArm",
					"parent": "body",
					"pivot": [5, 22, 0],
					"cubes": [
						{
							"origin": [4, 12, -2],
							"size": [4, 12, 4],
							"uv": {
								"north": {"uv": [128, 116], "uv_size": [-4, 12]},
								"east": {"uv": [128, 116], "uv_size": [-4, 12]},
								"south": {"uv": [128, 116], "uv_size": [-4, 12]},
								"west": {"uv": [128, 116], "uv_size": [-4, 12]},
								"up": {"uv": [128, 124], "uv_size": [-4, 4]},
								"down": {"uv": [128, 128], "uv_size": [-4, -4]}
							}
						}
					]
				},
				{
					"name": "rightArm",
					"parent": "body",
					"pivot": [-6, 13, -2],
					"cubes": [
						{
							"origin": [-8, 12, -2],
							"size": [4, 12, 4],
							"uv": {
								"north": {"uv": [124, 116], "uv_size": [4, 12]},
								"east": {"uv": [124, 116], "uv_size": [4, 12]},
								"south": {"uv": [124, 116], "uv_size": [4, 12]},
								"west": {"uv": [124, 116], "uv_size": [4, 12]},
								"up": {"uv": [124, 124], "uv_size": [4, 4]},
								"down": {"uv": [124, 128], "uv_size": [4, -4]}
							}
						}
					]
				},
				{
					"name": "yoru",
					"parent": "rightArm",
					"pivot": [-3.85187, 9.5385, -0.29209],
					"rotation": [90, -7.5, -90],
					"cubes": [
						{
							"origin": [-1.38486, 12.92924, 1.11259],
							"size": [1.38424, 0.18876, 1.13256],
							"uv": {
								"north": {"uv": [39, 35], "uv_size": [2, 0.5]},
								"east": {"uv": [39, 36], "uv_size": [1.5, 0.5]},
								"south": {"uv": [36, 39], "uv_size": [2, 0.5]},
								"west": {"uv": [39, 37], "uv_size": [1.5, 0.5]},
								"up": {"uv": [36, 25], "uv_size": [2, 1.5]},
								"down": {"uv": [26, 37.5], "uv_size": [2, -1.5]}
							}
						},
						{
							"origin": [-1.32194, 11.8596, 1.17551],
							"size": [1.2584, 1.2584, 1.00672],
							"uv": {
								"north": {"uv": [34, 26], "uv_size": [2, 2]},
								"east": {"uv": [36, 27], "uv_size": [1.5, 2]},
								"south": {"uv": [34, 28], "uv_size": [2, 2]},
								"west": {"uv": [36, 29], "uv_size": [1.5, 2]},
								"up": {"uv": [36, 31], "uv_size": [2, 1.5]},
								"down": {"uv": [37, 4.5], "uv_size": [2, -1.5]}
							}
						},
						{
							"origin": [-1.28796, 3.06949, 1.20269],
							"size": [1.19045, 0.65475, 0.95235],
							"uv": {
								"north": {"uv": [38, 2], "uv_size": [2, 1]},
								"east": {"uv": [24, 39], "uv_size": [1.5, 1]},
								"south": {"uv": [39, 3], "uv_size": [2, 1]},
								"west": {"uv": [39, 33], "uv_size": [1.5, 1]},
								"up": {"uv": [37, 5], "uv_size": [2, 1.5]},
								"down": {"uv": [20, 38.5], "uv_size": [2, -1.5]}
							}
						},
						{
							"origin": [-1.44778, 1.85532, 1.04967],
							"size": [1.51008, 1.2584, 1.2584],
							"uv": {
								"north": {"uv": [32, 0], "uv_size": [2.5, 2]},
								"east": {"uv": [34, 30], "uv_size": [2, 2]},
								"south": {"uv": [32, 2], "uv_size": [2.5, 2]},
								"west": {"uv": [34, 32], "uv_size": [2, 2]},
								"up": {"uv": [32, 4], "uv_size": [2.5, 2]},
								"down": {"uv": [32, 8], "uv_size": [2.5, -2]}
							}
						},
						{
							"origin": [-1.25902, 10.53828, 1.22585],
							"size": [1.13256, 1.44716, 0.90605],
							"uv": {
								"north": {"uv": [22, 37], "uv_size": [1.5, 2]},
								"east": {"uv": [37, 33], "uv_size": [1.5, 2]},
								"south": {"uv": [35, 37], "uv_size": [1.5, 2]},
								"west": {"uv": [37, 35], "uv_size": [1.5, 2]},
								"up": {"uv": [38, 7], "uv_size": [1.5, 1.5]},
								"down": {"uv": [38, 10.5], "uv_size": [1.5, -1.5]}
							}
						},
						{
							"origin": [-1.22504, 9.13453, 1.25303],
							"size": [1.06461, 1.48617, 0.85168],
							"uv": {
								"north": {"uv": [35, 4], "uv_size": [1.5, 2.5]},
								"east": {"uv": [30, 35], "uv_size": [1.5, 2.5]},
								"south": {"uv": [32, 35], "uv_size": [1.5, 2.5]},
								"west": {"uv": [35, 34], "uv_size": [1.5, 2.5]},
								"up": {"uv": [38, 11], "uv_size": [1.5, 1.5]},
								"down": {"uv": [38, 14.5], "uv_size": [1.5, -1.5]}
							}
						},
						{
							"origin": [-1.22504, 3.72341, 1.25303],
							"size": [1.06461, 1.48617, 0.85168],
							"uv": {
								"north": {"uv": [36, 0], "uv_size": [1.5, 2.5]},
								"east": {"uv": [36, 7], "uv_size": [1.5, 2.5]},
								"south": {"uv": [36, 10], "uv_size": [1.5, 2.5]},
								"west": {"uv": [36, 13], "uv_size": [1.5, 2.5]},
								"up": {"uv": [38, 15], "uv_size": [1.5, 1.5]},
								"down": {"uv": [38, 18.5], "uv_size": [1.5, -1.5]}
							}
						},
						{
							"origin": [-1.22504, 5.17057, 1.25303],
							"size": [1.06461, 1.48617, 0.85168],
							"uv": {
								"north": {"uv": [36, 16], "uv_size": [1.5, 2.5]},
								"east": {"uv": [36, 19], "uv_size": [1.5, 2.5]},
								"south": {"uv": [36, 22], "uv_size": [1.5, 2.5]},
								"west": {"uv": [24, 36], "uv_size": [1.5, 2.5]},
								"up": {"uv": [38, 19], "uv_size": [1.5, 1.5]},
								"down": {"uv": [38, 22.5], "uv_size": [1.5, -1.5]}
							}
						},
						{
							"origin": [-1.18246, 6.57525, 1.28709],
							"size": [0.97944, 2.68859, 0.78355],
							"uv": {
								"north": {"uv": [30, 0], "uv_size": [1.5, 4]},
								"east": {"uv": [34, 34], "uv_size": [1, 4]},
								"south": {"uv": [30, 4], "uv_size": [1.5, 4]},
								"west": {"uv": [35, 0], "uv_size": [1, 4]},
								"up": {"uv": [34, 39], "uv_size": [1.5, 1]},
								"down": {"uv": [39, 35], "uv_size": [1.5, -1]}
							}
						},
						{
							"origin": [-6.83096, -8.11127, 1.10401],
							"size": [1.13256, 16.14912, 1.14972],
							"pivot": [-10.33134, 9.52323, -0.32113],
							"rotation": [0, 0, -90],
							"uv": {
								"north": {"uv": [28, 25], "uv_size": [1.5, 25]},
								"east": {"uv": [24, 12], "uv_size": [3.5, 12]},
								"south": {"uv": [28, 25], "uv_size": [1.5, 25]},
								"west": {"uv": [24, 12], "uv_size": [3.5, 12]},
								"up": {"uv": [37, 37], "uv_size": [1.5, 2]},
								"down": {"uv": [38, 2], "uv_size": [1.5, -2]}
							}
						},
						{
							"origin": [-1.72961, 13.5268, 1.80471],
							"size": [6.61258, 29.52691, 0],
							"pivot": [1.57668, 28.29025, 1.80471],
							"rotation": [0, 0, 7.5],
							"uv": {
								"north": {"uv": [0, 0], "uv_size": [8, 90]},
								"east": {"uv": [0, 0], "uv_size": [0, 90]},
								"south": {"uv": [8, 0], "uv_size": [12, 90]},
								"west": {"uv": [0, 0], "uv_size": [0, 90]},
								"up": {"uv": [0, 0], "uv_size": [10, 0]},
								"down": {"uv": [0, 0], "uv_size": [10, 0]}
							}
						},
						{
							"origin": [-1.20243, 14.28903, 1.7],
							"size": [2.91963, 13.29747, 0.2],
							"pivot": [0.25741, 17.43777, 1.78903],
							"rotation": [0, 0, 0.3242],
							"uv": {
								"north": {"uv": [15.5, 82], "uv_size": [2.5, 4]},
								"east": {"uv": [15.5, 82], "uv_size": [2.5, 4]},
								"south": {"uv": [15.5, 82], "uv_size": [2.5, 4]},
								"west": {"uv": [15.5, 82], "uv_size": [2.5, 4]},
								"up": {"uv": [18, 86], "uv_size": [-2.5, -4]},
								"down": {"uv": [18, 86], "uv_size": [-2.5, -4]}
							}
						},
						{
							"origin": [-1.05527, 27.35669, 1.7],
							"size": [2.91963, 3.29747, 0.2],
							"pivot": [-0.04161, 27.87478, 1.8],
							"rotation": [0, 0, 12.8242],
							"uv": {
								"north": {"uv": [13, 37.5], "uv_size": [5, 11]},
								"east": {"uv": [13, 39], "uv_size": [4, 4]},
								"south": {"uv": [13, 37.5], "uv_size": [5, 11]},
								"west": {"uv": [13, 39.5], "uv_size": [5, 4.5]},
								"up": {"uv": [18, 86], "uv_size": [-2.5, -4]},
								"down": {"uv": [18, 86], "uv_size": [-2.5, -4]}
							}
						},
						{
							"origin": [-1.05527, 30.35669, 1.7],
							"size": [2.91963, 4.29747, 0.2],
							"pivot": [-0.04161, 27.87478, 1.8],
							"rotation": [0, 0, 12.8242],
							"uv": {
								"north": {"uv": [15.5, 82], "uv_size": [2.5, 4]},
								"east": {"uv": [15.5, 82], "uv_size": [2.5, 4]},
								"south": {"uv": [15.5, 82], "uv_size": [2.5, 4]},
								"west": {"uv": [15.5, 82], "uv_size": [2.5, 4]},
								"up": {"uv": [18, 86], "uv_size": [-2.5, -4]},
								"down": {"uv": [18, 86], "uv_size": [-2.5, -4]}
							}
						},
						{
							"origin": [2.43986, 33.94406, 1.7],
							"size": [2.91963, 3.29747, 0.2],
							"pivot": [3.89967, 40.5928, 1.8],
							"rotation": [0, 0, 17.8242],
							"uv": {
								"north": {"uv": [15.5, 82], "uv_size": [2.5, 4]},
								"east": {"uv": [15.5, 82], "uv_size": [2.5, 4]},
								"south": {"uv": [15.5, 82], "uv_size": [2.5, 4]},
								"west": {"uv": [15.5, 82], "uv_size": [2.5, 4]},
								"up": {"uv": [18, 86], "uv_size": [-2.5, -4]},
								"down": {"uv": [18, 86], "uv_size": [-2.5, -4]}
							}
						},
						{
							"origin": [3.90454, 36.87418, 1.7],
							"size": [1.91963, 1.29747, 0.2],
							"pivot": [4.36436, 40.52292, 1.8],
							"rotation": [0, 0, 25.3242],
							"uv": {
								"north": {"uv": [15.5, 82], "uv_size": [2.5, 4]},
								"east": {"uv": [15.5, 82], "uv_size": [2.5, 4]},
								"south": {"uv": [15.5, 82], "uv_size": [2.5, 4]},
								"west": {"uv": [15.5, 82], "uv_size": [2.5, 4]},
								"up": {"uv": [18, 86], "uv_size": [-2.5, -4]},
								"down": {"uv": [18, 86], "uv_size": [-2.5, -4]}
							}
						},
						{
							"origin": [3.51958, 38.06067, 1.7],
							"size": [1.91963, 0.9, 0.2],
							"pivot": [3.97939, 39.70941, 1.8],
							"rotation": [0, 0, 25.3242],
							"uv": {
								"north": {"uv": [11.5, 11], "uv_size": [3, 3.5]},
								"east": {"uv": [15.5, 82], "uv_size": [2.5, 4]},
								"south": {"uv": [14.5, 11], "uv_size": [-3, 3.5]},
								"west": {"uv": [13, 39.5], "uv_size": [5, 4.5]},
								"up": {"uv": [18, 86], "uv_size": [-2.5, -4]},
								"down": {"uv": [18, 86], "uv_size": [-2.5, -4]}
							}
						},
						{
							"origin": [3.90454, 38.87418, 1.7],
							"size": [1.91963, 1.29747, 0.2],
							"pivot": [4.36436, 40.52292, 1.8],
							"rotation": [0, 0, 25.3242],
							"uv": {
								"north": {"uv": [15.5, 82], "uv_size": [2.5, 4]},
								"east": {"uv": [15.5, 82], "uv_size": [2.5, 4]},
								"south": {"uv": [15.5, 82], "uv_size": [2.5, 4]},
								"west": {"uv": [15.5, 82], "uv_size": [2.5, 4]},
								"up": {"uv": [18, 86], "uv_size": [-2.5, -4]},
								"down": {"uv": [18, 86], "uv_size": [-2.5, -4]}
							}
						},
						{
							"origin": [6.82353, 39.46447, 1.7],
							"size": [0.91963, 2.29747, 0.2],
							"pivot": [6.28335, 43.1132, 1.8],
							"rotation": [0, 0, 35.3242],
							"uv": {
								"north": {"uv": [15.5, 82], "uv_size": [2.5, 4]},
								"east": {"uv": [15.5, 82], "uv_size": [2.5, 4]},
								"south": {"uv": [15.5, 82], "uv_size": [2.5, 4]},
								"west": {"uv": [15.5, 82], "uv_size": [2.5, 4]},
								"up": {"uv": [18, 86], "uv_size": [-2.5, -4]},
								"down": {"uv": [18, 86], "uv_size": [-2.5, -4]}
							}
						},
						{
							"origin": [-1.8253, 13.66761, 1.80471],
							"size": [2.2022, 7.67624, 0.18876],
							"uv": {
								"north": {"uv": [24, 0], "uv_size": [3.5, 12]},
								"east": {"uv": [30, 8], "uv_size": [0.5, 12]},
								"south": {"uv": [24, 12], "uv_size": [3.5, 12]},
								"west": {"uv": [30, 20], "uv_size": [0.5, 12]},
								"up": {"uv": [39, 4], "uv_size": [3.5, 0.5]},
								"down": {"uv": [39, 5.5], "uv_size": [3.5, -0.5]}
							}
						},
						{
							"origin": [-1.8253, 13.66761, 1.61595],
							"size": [2.2022, 7.67624, 0.18876],
							"uv": {
								"north": {"uv": [24, 12], "uv_size": [3.5, 12]},
								"east": {"uv": [31, 8], "uv_size": [0.5, 12]},
								"south": {"uv": [20, 25], "uv_size": [3.5, 12]},
								"west": {"uv": [31, 20], "uv_size": [0.5, 12]},
								"up": {"uv": [39, 6], "uv_size": [3.5, 0.5]},
								"down": {"uv": [20, 39.5], "uv_size": [3.5, -0.5]}
							}
						},
						{
							"origin": [-10.37024, 12.48105, 1.17551],
							"size": [1.00672, 1.8876, 1.00672],
							"pivot": [-12.07437, 16.7688, -0.32113],
							"rotation": [0, 0, -17.5],
							"uv": {
								"north": {"uv": [34, 20], "uv_size": [1.5, 3]},
								"east": {"uv": [34, 20], "uv_size": [1.5, 3]},
								"south": {"uv": [32, 26], "uv_size": [1.5, 3]},
								"west": {"uv": [34, 20], "uv_size": [1.5, 3]},
								"up": {"uv": [26, 38], "uv_size": [1.5, 1.5]},
								"down": {"uv": [38, 28.5], "uv_size": [1.5, -1.5]}
							}
						},
						{
							"origin": [-16.12357, 14.95174, 1.17551],
							"size": [1.00672, 1.8876, 1.00672],
							"pivot": [-12.07437, 14.99481, -0.32113],
							"rotation": [0, 0, -162.5],
							"uv": {
								"north": {"uv": [34, 20], "uv_size": [1.5, 3]},
								"east": {"uv": [34, 20], "uv_size": [1.5, 3]},
								"south": {"uv": [32, 14], "uv_size": [1.5, 3]},
								"west": {"uv": [34, 20], "uv_size": [1.5, 3]},
								"up": {"uv": [38, 23], "uv_size": [1.5, 1.5]},
								"down": {"uv": [38, 26.5], "uv_size": [1.5, -1.5]}
							}
						},
						{
							"origin": [7.57619, 14.259, 1.17551],
							"size": [1.00672, 1.8876, 1.00672],
							"pivot": [4.53371, 16.73273, -0.32113],
							"rotation": [0, 0, 17.5],
							"uv": {
								"north": {"uv": [34, 20], "uv_size": [1.5, 3]},
								"east": {"uv": [34, 20], "uv_size": [1.5, 3]},
								"south": {"uv": [34, 20], "uv_size": [1.5, 3]},
								"west": {"uv": [34, 20], "uv_size": [1.5, 3]},
								"up": {"uv": [38, 31], "uv_size": [1.5, 1.5]},
								"down": {"uv": [32, 39.5], "uv_size": [1.5, -1.5]}
							}
						},
						{
							"origin": [1.82285, 16.72969, 1.17551],
							"size": [1.00672, 1.8876, 1.00672],
							"pivot": [4.53371, 14.95874, -0.32113],
							"rotation": [0, 0, 162.5],
							"uv": {
								"north": {"uv": [34, 20], "uv_size": [1.5, 3]},
								"east": {"uv": [34, 20], "uv_size": [1.5, 3]},
								"south": {"uv": [34, 8], "uv_size": [1.5, 3]},
								"west": {"uv": [34, 20], "uv_size": [1.5, 3]},
								"up": {"uv": [38, 29], "uv_size": [1.5, 1.5]},
								"down": {"uv": [30, 39.5], "uv_size": [1.5, -1.5]}
							}
						}
					]
				},
				{
					"name": "leftLeg",
					"parent": "root",
					"pivot": [1.9, 12, 0],
					"cubes": [
						{"origin": [-0.1, 0, -2], "size": [4, 12, 4], "uv": [112, 112]}
					]
				},
				{
					"name": "rightLeg",
					"parent": "root",
					"pivot": [-1.9, 12, 0],
					"cubes": [
						{"origin": [-3.9, 0, -2], "size": [4, 12, 4], "uv": [112, 112]}
					]
				}
			]
		}
	]
}