{
	"format_version": "1.12.0",
	"minecraft:geometry": [
		{
			"description": {
				"identifier": "geometry.yslash",
				"texture_width": 256,
				"texture_height": 256,
				"visible_bounds_width": 11,
				"visible_bounds_height": 12.5,
				"visible_bounds_offset": [0, 5.75, 0]
			},
			"bones": [
				{
					"name": "bone",
					"pivot": [0, 0, 0],
					"cubes": [
						{"origin": [-1, 129.94579, 44.56352], "size": [2, 48, 25], "pivot": [0, 167.94579, 57.06352], "rotation": [-57.5, 0, 0], "uv": [100, 117]},
						{"origin": [-1, 0, -24], "size": [2, 99, 48], "uv": [0, 0]},
						{"origin": [-1, 89.36826, -0.05385], "size": [2, 76, 41], "pivot": [0, 138.86826, 5.94615], "rotation": [-30, 0, 0], "uv": [100, 0]}
					]
				}
			]
		}
	]
}