{
	"format_version": "1.12.0",
	"minecraft:geometry": [
		{
			"description": {
				"identifier": "geometry.yubashiri",
				"texture_width": 128,
				"texture_height": 128,
				"visible_bounds_width": 4,
				"visible_bounds_height": 4.5,
				"visible_bounds_offset": [0, 0.75, 0]
			},
			"bones": [
				{
					"name": "root",
					"pivot": [0, 0, 0]
				},
				{
					"name": "waist",
					"parent": "root",
					"pivot": [0, 12, 0]
				},
				{
					"name": "body",
					"parent": "waist",
					"pivot": [0, 24, 0],
					"cubes": [
						{"origin": [-4, 12, -2], "size": [8, 12, 4], "uv": [104, 112]}
					]
				},
				{
					"name": "cape",
					"parent": "body",
					"pivot": [0, 24, 3]
				},
				{
					"name": "head",
					"parent": "body",
					"pivot": [0, 24, 0],
					"cubes": [
						{"origin": [-4, 24, -4], "size": [8, 8, 8], "uv": [96, 112]}
					]
				},
				{
					"name": "rightArm",
					"parent": "body",
					"pivot": [-5, 22, 0],
					"cubes": [
						{
							"origin": [-8, 12, -2],
							"size": [4, 12, 4],
							"uv": {
								"north": {"uv": [24, 24], "uv_size": [4, 12]},
								"east": {"uv": [0, 28], "uv_size": [4, 12]},
								"south": {"uv": [28, 0], "uv_size": [4, 12]},
								"west": {"uv": [4, 28], "uv_size": [4, 12]},
								"up": {"uv": [4, 40], "uv_size": [4, 4]},
								"down": {"uv": [40, 10], "uv_size": [4, -4]}
							}
						}
					]
				},
				{
					"name": "rightKatana",
					"parent": "rightArm",
					"pivot": [-6, 12.57843, 1.96886],
					"cubes": [
						{
							"origin": [-6.31204, 11.79601, -3.25099],
							"size": [0.62409, 1.41238, 8.8046],
							"uv": {
								"north": {"uv": [4, 50], "uv_size": [0.5, 1.5]},
								"east": {"uv": [40, 10], "uv_size": [8.75, 1.5]},
								"south": {"uv": [5, 50], "uv_size": [0.5, 1.5]},
								"west": {"uv": [42, 40], "uv_size": [8.75, 1.5]},
								"up": {"uv": [39, 44], "uv_size": [0.5, 8.75]},
								"down": {"uv": [40, 52.75], "uv_size": [0.5, -8.75]}
							}
						},
						{
							"origin": [-6.78971, 11.33514, -3.11842],
							"size": [1.57942, 2.36913, 0.79947],
							"uv": {
								"north": {"uv": [46, 6], "uv_size": [1.5, 2.25]},
								"east": {"uv": [46, 47], "uv_size": [0.75, 2.25]},
								"south": {"uv": [16, 46], "uv_size": [1.5, 2.25]},
								"west": {"uv": [47, 46], "uv_size": [0.75, 2.25]},
								"up": {"uv": [18, 49], "uv_size": [1.5, 0.75]},
								"down": {"uv": [20, 49.75], "uv_size": [1.5, -0.75]}
							}
						},
						{
							"origin": [-6.84915, 11.24598, -3.14851],
							"size": [1.6983, 2.54746, 0.85964],
							"pivot": [-6, 12.51971, -2.71869],
							"rotation": [0, 0, 90],
							"uv": {
								"north": {"uv": [45, 44], "uv_size": [1.75, 2.5]},
								"east": {"uv": [23, 46], "uv_size": [0.75, 2.5]},
								"south": {"uv": [0, 46], "uv_size": [1.75, 2.5]},
								"west": {"uv": [24, 46], "uv_size": [0.75, 2.5]},
								"up": {"uv": [0, 49], "uv_size": [1.75, 0.75]},
								"down": {"uv": [4, 49.75], "uv_size": [1.75, -0.75]}
							}
						},
						{
							"origin": [-6.164, 12.43771, -31.84389],
							"size": [0.328, 0.738, 28.6168],
							"uv": {
								"north": {"uv": [51, 11], "uv_size": [0.25, 0.75]},
								"east": {"uv": [36, 34], "uv_size": [28.5, 0.75]},
								"south": {"uv": [51, 42], "uv_size": [0.25, 0.75]},
								"west": {"uv": [36, 35], "uv_size": [28.5, 0.75]},
								"up": {"uv": [28, 42], "uv_size": [0.25, 28.5]},
								"down": {"uv": [29, 70.5], "uv_size": [0.25, -28.5]}
							}
						},
						{
							"origin": [-6.1148, 11.81041, -31.19937],
							"size": [0.2296, 1.3366, 28.14776],
							"uv": {
								"north": {"uv": [51, 9], "uv_size": [0.25, 1.25]},
								"east": {"uv": [36, 22], "uv_size": [28.25, 1.25]},
								"south": {"uv": [16, 51], "uv_size": [0.25, 1.25]},
								"west": {"uv": [64.25, 22], "uv_size": [-28.25, 1.25]},
								"up": {"uv": [11, 44], "uv_size": [0.25, 28.25]},
								"down": {"uv": [12, 72.25], "uv_size": [0.25, -28.25]}
							}
						},
						{
							"origin": [-6.1148, 11.99901, -32.01937],
							"size": [0.2296, 1.148, 0.82],
							"uv": {
								"north": {"uv": [17, 51], "uv_size": [0.25, 1.25]},
								"east": {"uv": [45, 49], "uv_size": [0.75, 1.25]},
								"south": {"uv": [20, 51], "uv_size": [0.25, 1.25]},
								"west": {"uv": [47, 49], "uv_size": [0.75, 1.25]},
								"up": {"uv": [43, 51], "uv_size": [0.25, 0.75]},
								"down": {"uv": [51, 43.75], "uv_size": [0.25, -0.75]}
							}
						},
						{
							"origin": [-6.1148, 12.48581, -32.89722],
							"size": [0.2296, 0.738, 1.64],
							"pivot": [-6, 12.85481, -32.48722],
							"rotation": [-10, 0, 0],
							"uv": {
								"north": {"uv": [44, 51], "uv_size": [0.25, 0.75]},
								"east": {"uv": [44, 9], "uv_size": [1.75, 0.75]},
								"south": {"uv": [51, 44], "uv_size": [0.25, 0.75]},
								"west": {"uv": [46, 9], "uv_size": [1.75, 0.75]},
								"up": {"uv": [25, 50], "uv_size": [0.25, 1.75]},
								"down": {"uv": [50, 45.75], "uv_size": [0.25, -1.75]}
							}
						},
						{
							"origin": [-6.09414, 12.10971, -32.36869],
							"size": [0.18827, 0.60516, 0.6724],
							"uv": {
								"north": {"uv": [52, 7], "uv_size": [0.25, 0.5]},
								"east": {"uv": [50, 37], "uv_size": [0.75, 0.5]},
								"south": {"uv": [8, 52], "uv_size": [0.25, 0.5]},
								"west": {"uv": [6, 51], "uv_size": [0.75, 0.5]},
								"up": {"uv": [45, 51], "uv_size": [0.25, 0.75]},
								"down": {"uv": [51, 45.75], "uv_size": [0.25, -0.75]}
							}
						}
					]
				},
				{
					"name": "leftArm",
					"parent": "body",
					"pivot": [5, 22, 0],
					"cubes": [
						{
							"origin": [4, 12, -2],
							"size": [4, 12, 4],
							"uv": {
								"north": {"uv": [24, 0], "uv_size": [4, 12]},
								"east": {"uv": [24, 12], "uv_size": [4, 12]},
								"south": {"uv": [16, 24], "uv_size": [4, 12]},
								"west": {"uv": [20, 24], "uv_size": [4, 12]},
								"up": {"uv": [0, 40], "uv_size": [4, 4]},
								"down": {"uv": [40, 6], "uv_size": [4, -4]}
							}
						}
					]
				},
				{
					"name": "bainha",
					"parent": "waist",
					"pivot": [4.5757, 12.90858, -0.62122],
					"rotation": [-164.9453, -4.82922, 178.70283],
					"cubes": [
						{
							"origin": [4.41467, 11.61859, -24.93114],
							"size": [0.69898, 1.58187, 30.86435],
							"uv": {
								"north": {"uv": [22, 49], "uv_size": [0.75, 1.5]},
								"east": {"uv": [36, 12], "uv_size": [30.75, 1.5]},
								"south": {"uv": [23, 49], "uv_size": [0.75, 1.5]},
								"west": {"uv": [36, 14], "uv_size": [30.75, 1.5]},
								"up": {"uv": [32, 38], "uv_size": [0.75, 30.75]},
								"down": {"uv": [33, 68.75], "uv_size": [0.75, -30.75]}
							}
						},
						{
							"origin": [4.40069, 11.58695, -25.46843],
							"size": [0.72694, 1.64515, 0.93892],
							"uv": {
								"north": {"uv": [48, 36], "uv_size": [0.75, 1.75]},
								"east": {"uv": [27, 46], "uv_size": [1, 1.75]},
								"south": {"uv": [48, 44], "uv_size": [0.75, 1.75]},
								"west": {"uv": [47, 36], "uv_size": [1, 1.75]},
								"up": {"uv": [49, 37], "uv_size": [0.75, 1]},
								"down": {"uv": [6, 51], "uv_size": [0.75, -1]}
							}
						}
					]
				},
				{
					"name": "leftLeg",
					"parent": "root",
					"pivot": [1.9, 12, 0],
					"cubes": [
						{"origin": [-0.1, 0, -2], "size": [4, 12, 4], "uv": [112, 112]}
					]
				},
				{
					"name": "rightLeg",
					"parent": "root",
					"pivot": [-1.9, 12, 0],
					"cubes": [
						{"origin": [-3.9, 0, -2], "size": [4, 12, 4], "uv": [112, 112]}
					]
				}
			]
		}
	]
}