{
	"format_version": "1.12.0",
	"minecraft:geometry": [
		{
			"description": {
				"identifier": "geometry.zoro_angry",
				"texture_width": 64,
				"texture_height": 64,
				"visible_bounds_width": 3,
				"visible_bounds_height": 3.5,
				"visible_bounds_offset": [0, 1.25, 0]
			},
			"bones": [
				{
					"name": "Root",
					"pivot": [0, 12, 0]
				},
				{
					"name": "body",
					"parent": "Root",
					"pivot": [0, 24, 0],
					"cubes": [
						{
							"origin": [-4, 12, -2],
							"size": [8, 12, 4],
							"uv": {
								"north": {"uv": [0, 0], "uv_size": [8, 12]},
								"east": {"uv": [21, 14], "uv_size": [4, 12]},
								"south": {"uv": [8, 0], "uv_size": [8, 12]},
								"west": {"uv": [25, 14], "uv_size": [4, 12]},
								"up": {"uv": [37, 18], "uv_size": [8, 4]},
								"down": {"uv": [0, 42], "uv_size": [8, -4]}
							}
						}
					]
				},
				{
					"name": "head",
					"parent": "body",
					"pivot": [0, 24.12, 0],
					"cubes": [
						{
							"origin": [-3.52, 24.12, -3.52],
							"size": [7.04, 7.04, 7.04],
							"uv": {
								"north": {"uv": [0, 12], "uv_size": [7, 7]},
								"east": {"uv": [7, 12], "uv_size": [7, 7]},
								"south": {"uv": [14, 12], "uv_size": [7, 7]},
								"west": {"uv": [16, 0], "uv_size": [7, 7]},
								"up": {"uv": [0, 19], "uv_size": [7, 7]},
								"down": {"uv": [7, 26], "uv_size": [7, -7]}
							}
						}
					]
				},
				{
					"name": "Cabelo",
					"parent": "head",
					"pivot": [0, 29.12, 0],
					"cubes": [
						{
							"origin": [-3.48664, 31.13879, -3.53678],
							"size": [7.0632, 1.1772, 7.0632],
							"uv": {
								"north": {"uv": [44, 38], "uv_size": [7, 1.25]},
								"east": {"uv": [44, 40], "uv_size": [7, 1.25]},
								"south": {"uv": [45, 0], "uv_size": [7, 1.25]},
								"west": {"uv": [45, 2], "uv_size": [7, 1.25]},
								"up": {"uv": [14, 19], "uv_size": [7, 7]},
								"down": {"uv": [21, 14], "uv_size": [7, -7]}
							}
						},
						{
							"origin": [-3.87291, 28.0472, -1.90625],
							"size": [7.83574, 3.84, 4.80214],
							"uv": {
								"north": {"uv": [8, 38], "uv_size": [7.5, 3.25]},
								"east": {"uv": [40, 5], "uv_size": [5.5, 3.25]},
								"south": {"uv": [16, 38], "uv_size": [7.5, 3.25]},
								"west": {"uv": [40, 22], "uv_size": [5.5, 3.25]},
								"up": {"uv": [36, 36], "uv_size": [7.5, 5.5]},
								"down": {"uv": [37, 17.5], "uv_size": [7.5, -5.5]}
							}
						}
					]
				},
				{
					"name": "rightArm",
					"parent": "body",
					"pivot": [-5, 22, 0],
					"cubes": [
						{
							"origin": [-8, 12, -2],
							"size": [4, 12, 4],
							"uv": {
								"north": {"uv": [0, 26], "uv_size": [4, 12]},
								"east": {"uv": [4, 26], "uv_size": [4, 12]},
								"south": {"uv": [8, 26], "uv_size": [4, 12]},
								"west": {"uv": [12, 26], "uv_size": [4, 12]},
								"up": {"uv": [40, 26], "uv_size": [4, 4]},
								"down": {"uv": [40, 34], "uv_size": [4, -4]}
							}
						}
					]
				},
				{
					"name": "leftArm",
					"parent": "body",
					"pivot": [5, 22, 0],
					"cubes": [
						{
							"origin": [4, 12, -2],
							"size": [4, 12, 4],
							"uv": {
								"north": {"uv": [16, 26], "uv_size": [4, 12]},
								"east": {"uv": [20, 26], "uv_size": [4, 12]},
								"south": {"uv": [24, 26], "uv_size": [4, 12]},
								"west": {"uv": [28, 0], "uv_size": [4, 12]},
								"up": {"uv": [0, 42], "uv_size": [4, 4]},
								"down": {"uv": [4, 46], "uv_size": [4, -4]}
							}
						}
					]
				},
				{
					"name": "rightLeg",
					"parent": "body",
					"pivot": [-1.9, 12, 0],
					"cubes": [
						{
							"origin": [-3.9, 0, -2],
							"size": [4, 12, 4],
							"uv": {
								"north": {"uv": [28, 26], "uv_size": [4, 12]},
								"east": {"uv": [29, 12], "uv_size": [4, 12]},
								"south": {"uv": [32, 0], "uv_size": [4, 12]},
								"west": {"uv": [32, 24], "uv_size": [4, 12]},
								"up": {"uv": [8, 42], "uv_size": [4, 4]},
								"down": {"uv": [12, 46], "uv_size": [4, -4]}
							}
						},
						{
							"origin": [-4, -0.1, -2.12],
							"size": [4.24, 2.6, 4.24],
							"uv": {
								"north": {"uv": [40, 9], "uv_size": [4.25, 2.5]},
								"east": {"uv": [36, 42], "uv_size": [4.25, 2.5]},
								"south": {"uv": [41, 42], "uv_size": [4.25, 2.5]},
								"west": {"uv": [24, 43], "uv_size": [4.25, 2.5]},
								"up": {"uv": [16, 7], "uv_size": [4.25, 4.25]},
								"down": {"uv": [23, 4.25], "uv_size": [4.25, -4.25]}
							}
						}
					]
				},
				{
					"name": "leftLeg",
					"parent": "body",
					"pivot": [1.9, 12, 0],
					"cubes": [
						{
							"origin": [-0.1, 0, -2],
							"size": [4, 12, 4],
							"uv": {
								"north": {"uv": [33, 12], "uv_size": [4, 12]},
								"east": {"uv": [36, 0], "uv_size": [4, 12]},
								"south": {"uv": [36, 24], "uv_size": [4, 12]},
								"west": {"uv": [32, 36], "uv_size": [4, 12]},
								"up": {"uv": [16, 42], "uv_size": [4, 4]},
								"down": {"uv": [20, 46], "uv_size": [4, -4]}
							}
						},
						{
							"origin": [-0.24, -0.1, -2.12],
							"size": [4.24, 2.6, 4.24],
							"uv": {
								"north": {"uv": [44, 26], "uv_size": [4.25, 2.5]},
								"east": {"uv": [44, 29], "uv_size": [4.25, 2.5]},
								"south": {"uv": [44, 32], "uv_size": [4.25, 2.5]},
								"west": {"uv": [44, 35], "uv_size": [4.25, 2.5]},
								"up": {"uv": [24, 38], "uv_size": [4.25, 4.25]},
								"down": {"uv": [40, 4.25], "uv_size": [4.25, -4.25]}
							}
						}
					]
				}
			]
		}
	]
}