{
  "format_version": "1.10.0",
  "minecraft:client_entity": {
    "description": { "identifier": "stk:room",
      "materials": {
        "default": "entity_alphablend"
      },
      "textures": {
        "default": "textures/room"
      },
      "geometry": {
        "default": "geometry.room"
 
          
      },
      "animations": {
        "move": "animation.gravity0.hold"
      },
      "scripts": {
        "animate": [
          "move"
        ]
      },
      "render_controllers": [ "controller.render.base",
      "controller.render.base"]
    }
  }
}



















