{
	"format_version": "1.8.0",
	"animations": {
		"animation.allosaurus": {
			"loop": true,
			"bones": {
				"tail1": {
					"rotation": ["math.sin(query.life_time * 200) * -5 - 5", 0, 0]
				},
				"tail2": {
					"rotation": ["math.sin(query.life_time * 200) * -15 + 15", 0, 0]
				},
				"tail3": {
					"rotation": ["math.sin(query.life_time * 200) * 0 + 10", 0, 0]
				},
				"tail4": {
					"rotation": ["math.sin(query.life_time * 200) * -5 + 10", 0, 0]
				},
				"mugiwara2": {
					"rotation": [-22.5, 0, 0],
					"position": [0, -9.5, -8],
					"scale": 0.7
				},
				"capa": {
					"rotation": [90, 0, 0],
					"position": [0, -12.5, -5],
					"scale": 0.8
				},
				"waistAllosaurus": {
					"rotation": [-17.5, 0, 0]
				},
				"neckAllosaurus2": {
					"rotation": [7.5, 0, 0]
				},
				"headAllosaurus": {
					"rotation": [12.5, 0, 0]
				},
				"jawAllosaurus": {
					"rotation": ["math.sin(query.life_time * 100) * -20 + 36", 0, 0]
				}
			}
		},
		"animation.allosaurus.move" : {
			"loop" : true,
			"bones" : {
				"leg1" : {
					"rotation" : [ "-variable.tcos0", 0.0, 0.0 ]
				},
				"leg2" : {
					"rotation" : [ "variable.tcos0", 0.0, 0.0 ]
				}
			}
		},
		"animation.allosaurus.attack" : {
			"loop" : true,
			"bones" : {
				"headAllosaurus" : {
					"rotation" : [ "-(math.sin((1 - math.pow((1 - variable.attack_time), 4)) * 180) * 1.2 + math.sin(variable.attack_time * 180)) * 30.0", 0, 0 ]
				}
			}
		}
	}
}