{
	"format_version": "1.8.0",
	"animations": {
		"animation.bara.damage": {
			"loop": false,
			"animation_length": 0.6,
			"override_previous_animation": true,
			"bones": {
				"waist": {
					"position": {
					    "0.0": [0, 2, 0],
					    "0.5": [0, 0, 0]
					}
				}
			}
		},
		"animation.bara.punch": {
		    "loop": false,
			"animation_length": 0.75,
			"override_previous_animation": true,
			"bones": {
				"rightArm": {
					"scale": 0
				},
				"leftArm": {
					"scale": 0
				}
			}
		},
		"animation.bara.kick": {
		    "loop": false,
			"animation_length": 0.75,
			"override_previous_animation": true,
			"bones": {
				"rightLeg": {
					"scale": 0
				},
				"leftLeg": {
					"scale": 0
				}
			}
		},
		"animation.bara.festival.start": {
			"loop": "hold_on_last_frame",
			"animation_length": 2.0,
			"override_previous_animation": true,
			"bones": {
				"head": {
					"rotation": {
						"0.0": [0, 0, 0],
						"0.125": [17.5, 0, 0],
						"2.25": [17.5, 0, 0],
						"2.5": [0, 0, 0]
					}
				},
				"rightArm": {
					"rotation": {
						"0.0": [0, 0, 0],
						"0.5": [0, 0, 12.5]
					},
					"position": [0, 0, 0]
				},
				"leftArm": {
					"rotation": {
						"0.0": [0, 0, 0],
						"0.5": [0, 0, -12.5]
					},
					"position": [0, 0, 0]
				},
				"rightLeg": {
					"rotation": [0, 0, 0],
					"position": {
						"0.0": [0, 0, 0],
						"0.125": [0, 1.5, -1.5],
						"0.25": [0, 1.5, -1.5]
					}
				},
				"leftLeg": {
					"rotation": [0, 0, 0],
					"position": [0, 0, 0]
				}
			}
		},
		"animation.bara.festival.end": {
			"loop": "hold_on_last_frame",
			"animation_length": 2.75,
			"override_previous_animation": true,
			"bones": {
				"head": {
					"rotation": {
						"0.0": [17.5, 0, 0],
						"1.875": [17.5, 0, 0],
						"2.125": [0, 0, 0]
					}
				},
				"rightArm": {
					"rotation": {
						"0.0": [0, 0, 12.5],
						"0.0417": ["(q.anim_time * 500) * 10", "(q.anim_time * 500) * 10", "(q.anim_time * 500) * 10"],
						"1.75": ["(q.anim_time * 500) * 10", "(q.anim_time * 500) * 10", "(q.anim_time * 500) * 10"],
						"2.0": [0, 0, 0]
					},
					"position": {
						"0.0": [0, 0, 0],
						"0.0417": ["math.random(40, -40)", "math.random(20, -60)", "math.random(40, -40)"],
						"1.75": ["math.random(40, -40)", "math.random(20, -60)", "math.random(40, -40)"],
						"2.0": [0, 0, 0]
					}
				},
				"leftArm": {
					"rotation": {
						"0.0": [0, 0, -12.5],
						"0.0417": ["(q.anim_time * 500) * 10", "-(q.anim_time * 500) * 10", "-(q.anim_time * 500) * 10"],
						"1.75": ["(q.anim_time * 500) * 10", "-(q.anim_time * 500) * 10", "-(q.anim_time * 500) * 10"],
						"2.0": [0, 0, 0]
					},
					"position": {
						"0.0": [0, 0, 0],
						"0.0417": ["math.random(40, -40)", "math.random(20, -60)", "math.random(40, -40)"],
						"1.75": ["math.random(40, -40)", "math.random(20, -60)", "math.random(40, -40)"],
						"2.0": [0, 0, 0]
					}
				},
				"rightLeg": {
					"rotation": {
						"0.0": [0, 0, 0],
						"0.0417": ["-(q.anim_time * 500) * 10", "-(q.anim_time * 500) * 10", "(q.anim_time * 500) * 10"],
						"1.75": ["-(q.anim_time * 500) * 10", "-(q.anim_time * 500) * 10", "(q.anim_time * 500) * 10"],
						"2.0": [0, 0, 0]
					},
					"position": {
						"0.0": [0, 0, 0],
						"0.0417": ["math.random(40, -40)", "math.random(20, -60)", "math.random(40, -40)"],
						"1.75": ["math.random(40, -40)", "math.random(20, -60)", "math.random(40, -40)"],
						"2.0": [0, 0, 0]
					}
				},
				"leftLeg": {
					"rotation": {
						"0.0": [0, 0, 0],
						"0.0417": ["-(q.anim_time * 500) * 10", "-(q.anim_time * 500) * 10", "-(q.anim_time * 500) * 10"],
						"1.75": ["-(q.anim_time * 500) * 10", "-(q.anim_time * 500) * 10", "-(q.anim_time * 500) * 10"],
						"2.0": [0, 0, 0]
					},
					"position": {
						"0.0": [0, 0, 0],
						"0.0417": ["math.random(40, -40)", "math.random(20, -60)", "math.random(40, -40)"],
						"1.75": ["math.random(40, -40)", "math.random(20, -60)", "math.random(40, -40)"],
						"2.0": [0, 0, 0]
					}
				}
			},
			"particle_effects": {
				"0.25": [
				    {
				        "effect": "slash_white.medium",
				        "locator": "bara_festival"
				    }
				],
				"0.4583": [
				    {
				        "effect": "slash_white.medium",
				        "locator": "bara_festival"
				    },
				    {
				        "effect": "smash_white.medium",
				        "locator": "bara_festival"
				    }
				],
				"0.6667": [
				    {
				        "effect": "slash_white.medium",
				        "locator": "bara_festival"
				    }
				],
				"0.8333": [
				    {
				        "effect": "slash_white.medium",
				        "locator": "bara_festival"
				    },
				    {
				        "effect": "smash_white.medium",
				        "locator": "bara_festival"
				    }
				],
				"1.0417": [
				    {
				        "effect": "slash_white.medium",
				        "locator": "bara_festival"
				    }
				],
				"1.25": [
				    {
				        "effect": "slash_white.medium",
				        "locator": "bara_festival"
				    },
				    {
				        "effect": "smash_white.medium",
				        "locator": "bara_festival"
				    }
				],
				"1.4583": [
				    {
				        "effect": "slash_white.medium",
				        "locator": "bara_festival"
				    }
				],
				"1.6667": [
				    {
				        "effect": "slash_white.medium",
				        "locator": "bara_festival"
				    },
				    {
				        "effect": "smash_white.medium",
				        "locator": "bara_festival"
				    }
				],
				"1.875": [
				    {
				        "effect": "slash_white.medium",
				        "locator": "bara_festival"
				    }
				],
				"2.0417": [
				    {
				        "effect": "slash_white.medium",
				        "locator": "bara_festival"
				    },
				    {
				        "effect": "smash_white.medium",
				        "locator": "bara_festival"
				    }
				]
			}
		},
		"animation.bara.car": {
		    "loop": true,
			"override_previous_animation": true,
			"bones": {
				"root": {
					"scale": 1.25
				},
				"pneuBaraCar": {
					"rotation": ["query.anim_time * 400", 0, 0]
				},
				"pneuBaraCar2": {
					"rotation": ["query.anim_time * 400", 0, 0]
				}
			}
		}
	}
}