{
	"format_version": "1.8.0",
	"animations": {
		"animation.elephant": {
			"loop": true,
			"bones": {
				"root": {
					"scale": [3, 3, 3]
				},
				"headElephant": {
					"scale": [3, 3, 3]
				},
				"trunk": {
					"rotation": [0, 0, "query.modified_move_speed * (math.cos(query.life_time * 400) * 10 - 0)"]
				},
				"mugiwara2": {
					"scale": 0.5,
					"position": [0, -6.5, -8],
					"rotation": [-45, 0, 0]
				},
				"capa": {
					"scale": 0.7,
					"position": [0, -9, -7.25],
					"rotation": [90, 0, 0]
				}
			}
		},
		"animation.elephant.move" : {
			"loop" : true,
			"bones" : {
				"leg" : {
					"rotation" : [ "-variable.tcos0", 0.0, 0.0 ]
				},
				"leg2" : {
					"rotation" : [ "variable.tcos0", 0.0, 0.0 ]
				},
				"leg3" : {
					"rotation" : [ "variable.tcos0", 0.0, 0.0 ]
				},
				"leg4" : {
					"rotation" : [ "-variable.tcos0", 0.0, 0.0 ]
				}
			}
		},
		"animation.elephant2": {
			"loop": true,
			"bones": {
				"root": {
					"scale": [2, 2, 2]
				},/*
				"head": {
					"scale": [2, 2, 2]
				},*/
				"rightArm": {
					"position": [-0.5, 0, 0]
				},
				"leftArm": {
					"position": [0.5, 0, 0]
				}
			}
		},
		"animation.elephant.heavy_paws": {
			"loop": false,
			"animation_length": 1.0,
			"bones": {
				"waist": {
					"rotation": {
						"0.0": [0, 0, 0],
						"0.45": [-32.5, 0, 0],
						"0.5": [0, 0, 0]
					}
				},
				"body": {
					"rotation": {
						"0.0": [0, 0, 0],
						"0.45": [0, 0, 0],
						"0.5": [7.5, 0, 0]
					},
					"position": {
						"0.0": [0, 0, 0],
						"0.45": [0, 0, 0],
						"0.5": [0, -2, 0]
					}
				},
				"leg": {
					"rotation": {
						"0.0": [0, 0, 0],
						"0.45": [32.5, 0, 0],
						"0.5": [-7.5, 0, 0]
					},
					"position": {
						"0.0": [0, 0, 0],
						"0.45": [0, 0.5, -0.5],
						"0.5": [0, 1.5, 0.5]
					}
				},
				"leg2": {
					"rotation": {
						"0.0": [0, 0, 0],
						"0.45": [32.5, 0, 0],
						"0.5": [-7.5, 0, 0]
					},
					"position": {
						"0.0": [0, 0, 0],
						"0.45": [0, 0, 0.5],
						"0.5": [0, 1.5, 0.5]
					}
				}
			}
		},
		"animation.elephant2.smash.loop": {
		    "loop": false,
			"animation_length": 0.5,
			"override_previous_animation": true,
			"bones": {
				"waist": {
					"rotation": [7.5, 0, 0]
				},
				"rightArm": {
					"rotation": [-99.59669, 51.85226, 22.31836],
					"position": [0, 1, -1.5]
				},
				"leftArm": {
					"rotation": [-19.01655, 11.72305, -52.42607]
				}
			}
		},
		"animation.elephant2.smash": {
		    "loop": false,
			"animation_length": 0.75,
			"override_previous_animation": true,
			"bones": {
				"waist": {
					"rotation": {
						"0.0": [7.5, 0, 0],
						"0.2": [67.5, -22.5, 0]
					},
					"position": {
						"0.0": [0, 0, 0],
						"0.2": [-0.5, -1, 4.5]
					}
				},
				"body": {
					"rotation": [0, 0, 0]
				},
				"rightArm": {
					"rotation": {
						"0.0": [-99.5967, 51.8523, 22.3184],
						"0.2": [-67.5, 0, 0]
					},
					"position": {
						"0.0": [0, 0, 0],
						"0.2": [0, -0.5, -2]
					}
				},
				"leftArm": {
					"rotation": {
						"0.0": [-19.0165, 11.7231, -52.4261],
						"0.2": [-28.24912, -16.7796, -38.24912]
					}
				},
				"rightLeg": {
					"rotation": {
						"0.0": [0, 0, 0],
						"0.2": [-7.49294, 0.32621, 2.47864]
					},
					"position": {
						"0.0": [0, 0, 0],
						"0.2": [0, 0, 3]
					}
				},
				"leftLeg": {
					"rotation": {
						"0.0": [0, 0, 0],
						"0.2": [5.12436, -42.05244, -6.82047]
					},
					"position": {
						"0.0": [0, 0, 0],
						"0.2": [0, 0, 4.5]
					}
				}
			}
		}
	}
}