{
	"format_version": "1.8.0",
	"animations": {
		"animation.gear_third.giant_pistol.start": {
			"loop": "hold_on_last_frame",
			"animation_length": 1.0,
			"override_previous_animation": true,
			"bones": {
				"waist": {
					"rotation": {
						"0.0": [-15, 0, 0],
						"0.0833": [-15, 0, 0],
						"0.25": [17.5, 0, 0]
					}
				},
				"rightArm": {
					"rotation": {
						"0.0": [-22.5, 0, 90],
						"0.75": [-7.5, 0, 90]
					},
					"position": {
						"0.0": [-1, 0, -1.5],
						"0.25": [-1, 0, -0.75],
						"0.75": [-1, 0, -0.75]
					}
				},
				"leftArm": {
					"rotation": {
						"0.0": [15, 0, -110],
						"0.0833": [15, 0, -110]
					},
					"position": {
						"0.0": [0.5, 0, 0.5],
						"0.0833": [0.5, 0, 0.5]
					}
				},
				"rightLeg": {
					"rotation": {
						"0.0": [0, 0, 5],
						"0.0833": [0, 0, 5]
					}
				},
				"leftLeg": {
					"rotation": {
						"0.0": [0, 0, -5],
						"0.0833": [0, 0, -5],
						"0.25": [15, 0, -5]
					}
				},
				"rightForeArm": {
					"rotation": {
						"0.25": [-137.5, 0, 0],
						"0.75": [-152.5, 0, 0]
					},
					"position": {
						"0.25": [0, 0, 0],
						"0.75": [0, -19.5, 0.5]
					},
					"scale": {
						"0.25": [1, 1.7, 1],
						"0.75": [5, 5, 5]
					}
				}
			}
		},
		"animation.gear_third.giant_pistol.loop": {
			"loop": "hold_on_last_frame",
			"animation_length": 0.875,
			"override_previous_animation": true,
			"bones": {
				"rightArm": {
					"rotation": [25, 0, 105],
					"position": [0, -0.5, 1.25]
				},
				"rightForeArm": {
					"rotation": [-100, 0, 0],
					"position": [0, -10, 5.5],
					"scale": [5, 5, 5]
				}
			}
		},
		"animation.gear_third.giant_pistol.end": {
			"loop": "hold_on_last_frame",
			"animation_length": 0.875,
			"override_previous_animation": true,
			"bones": {
				"rightArm": {
					"rotation": {
						"0.0": [25, 0, 105],
						"0.1667": [-90, 20, 90],
						"0.2083": ["q.target_x_rotation + -90", "q.target_y_rotation + 20", 90]
					},
					"position": {
						"0.0": [0, -0.5, 1.25],
						"0.1667": [0, -0.5, -0.25]
					}
				},
				"rightForeArm": {
					"rotation": {
						"0.0": [-100, 0, 0],
						"0.1667": [0, 0, 0]
					},
					"position": {
						"0.0": [0, -10, 5.5],
						"0.1667": [3, 0, 0],
						"0.3333": [3, 0, 0],
						"0.5": [3, 0, 0],
						"0.6667": [0, 0, 0]
					},
					"scale": {
						"0.0": [5, 5, 5],
						"0.1667": [5, 7, 5],
						"0.3333": [5, 10, 5],
						"0.5": [5, 3, 5],
						"0.6667": [1, 1, 1]
					}
				},
				"waist": {
					"rotation": {
						"0.0": [0, 0, 0],
						"0.0833": [22.5, 0, 0]
					}
				},
				"leftArm": {
					"rotation": {
						"0.0": [0, 0, 0],
						"0.0833": [40, 0, -20]
					},
					"position": [0, 0, 0]
				},
				"rightLeg": {
					"rotation": {
						"0.0": [0, 0, 0],
						"0.0833": [32.5, 0, 0]
					}
				},
				"leftLeg": {
					"rotation": {
						"0.0": [0, 0, 0],
						"0.0833": [-30, 0, 0]
					}
				}
			}
		}
	}
}