{
  "format_version": "1.8.0",
  "animations": {
    "animation.gear_five.default": {
      "loop": true,
      "bones": {
        "gearFiveHair2": {
          "rotation": [0, 0, "math.sin(q.anim_time * 150) * 2.5"]
        },
        "gearFiveHair3": {
          "rotation": [0, 0, "math.sin(q.anim_time * 150) * 2.5"]
        },
        "gearFiveHair4": {
          "rotation": [0, 0, "math.sin(q.anim_time * 150) * 2.5"]
        },
        "gearFiveHair5": {
          "rotation": [0, 0, "math.sin(q.anim_time * 150) * 5"]
        },
        "gearFiveHair6": {
          "rotation": [0, 0, "math.sin(q.anim_time * 150) * 5"]
        },
        "gearFiveHair7": {
          "rotation": [0, 0, "math.sin(q.anim_time * 150) * 5"]
        },
        "gearFiveHair8": {
          "rotation": [0, 0, "math.sin(q.anim_time * 150) * 5"]
        },
        "gearFiveHair9": {
          "rotation": [0, 0, "math.sin(q.anim_time * 150) * 5"]
        },
        "gearFiveEyebrow": {
          "rotation": [0, 0, "10 + math.sin(q.anim_time * 150) * 5"],
          "position": [0, -0.25, 0]
        },
        "gearFiveEyebrow2": {
          "rotation": [0, 0, "-10 + math.sin(q.anim_time * 150) * -5"],
          "position": [0, -0.25, 0]
        },
        "gearFiveSmoke": {
          "scale": "1.05 + math.sin(q.anim_time * 150) * 0.05"
        },
        "gearFiveSmoke4": {
          "rotation": [-7.5, 0, "-2.5 + math.sin(q.anim_time * 150) * 2.5"]
        },
        "gearFiveSmoke2": {
          "rotation": [12.5, "17.5 + math.sin(q.anim_time * 150) * 2.5", 0]
        },
        "gearFiveSmoke5": {
          "rotation": [22.5, 0, -6]
        },
        "gearFiveSmoke6": {
          "rotation": [27.5, -5, 12.5]
        },
        "gearFiveSmoke3": {
          "rotation": [-20, "-7.5 + math.sin(q.anim_time * 150) * -7.5", 2.5]
        },
        "gearFiveSmoke1": {
          "rotation": [7.5, "-15 + math.sin(q.anim_time * 150) * 2.5", 0]
        },
        "gearFiveSmoke7": {
          "rotation": [7.5, "15 + math.sin(q.anim_time * 150) * -2.5", 0]
        },
        "gearFiveSmoke8": {
          "rotation": [12.5, "-17.5 + math.sin(q.anim_time * 150) * -2.5", 0]
        },
        "gearFiveSmoke9": {
          "rotation": [-20, "7.5 + math.sin(q.anim_time * 150) * 7.5", 2.5]
        },
        "gearFiveSmoke10": {
          "rotation": [-7.5, 0, "2.5 + math.sin(q.anim_time * 150) * -2.5"]
        },
        "gearFiveSmoke11": {
          "rotation": [22.5, 0, 5]
        },
        "gearFiveSmoke12": {
          "rotation": [27.5, 5, -12.5]
        }
      }
    },
    "animation.gear_five.jump": {
      "loop": true,
      "animation_length": 1,
      "bones": {
        "waist": {
          "rotation": {
            "0.0": {
              "post": [7.7614, 14.8687, 2.00307],
              "lerp_mode": "catmullrom"
            },
            "0.5": {
              "post": [7.7614, 14.8687, 2.00307],
              "lerp_mode": "catmullrom"
            },
            "1.0": {
              "post": [7.7614, 14.8687, 2.00307],
              "lerp_mode": "catmullrom"
            }
          }
        },
        "rightArm": {
          "rotation": {
            "0.0": {
              "post": [-6.9228, -10.64524, 25.83069],
              "lerp_mode": "catmullrom"
            },
            "0.5": {
              "post": [-6.9228, -10.64524, 25.83069],
              "lerp_mode": "catmullrom"
            },
            "1.0": {
              "post": [-6.9228, -10.64524, 25.83069],
              "lerp_mode": "catmullrom"
            }
          },
          "position": [0, -0.5, 0]
        },
        "leftArm": {
          "rotation": {
            "0.0": {
              "post": [-16.75912, 9.31547, -36.03264],
              "lerp_mode": "catmullrom"
            },
            "0.5": {
              "post": [-16.75912, 9.31547, -36.03264],
              "lerp_mode": "catmullrom"
            },
            "1.0": {
              "post": [-16.75912, 9.31547, -36.03264],
              "lerp_mode": "catmullrom"
            }
          },
          "position": [0, -0.5, 0]
        },
        "rightLeg": {
          "rotation": {
            "0.0": {
              "post": [18.47187, 14.86911, 5.16474],
              "lerp_mode": "catmullrom"
            },
            "0.5": {
              "post": [18.47187, 14.86911, 5.16474],
              "lerp_mode": "catmullrom"
            },
            "1.0": {
              "post": [18.47187, 14.86911, 5.16474],
              "lerp_mode": "catmullrom"
            }
          },
          "position": {
            "0.0": {
              "post": [-1, -0.5, 0],
              "lerp_mode": "catmullrom"
            },
            "0.5": {
              "post": [-1, 0, 0],
              "lerp_mode": "catmullrom"
            },
            "1.0": {
              "post": [-1, 0, 0],
              "lerp_mode": "catmullrom"
            }
          }
        },
        "leftLeg": {
          "rotation": {
            "0.0": {
              "post": [17.82371, -15.6479, -2.7023],
              "lerp_mode": "catmullrom"
            },
            "0.5": {
              "post": [17.82371, -15.6479, -2.7023],
              "lerp_mode": "catmullrom"
            },
            "1.0": {
              "post": [17.82371, -15.6479, -2.7023],
              "lerp_mode": "catmullrom"
            }
          },
          "position": {
            "0.0": {
              "post": [1, 1, -3.5],
              "lerp_mode": "catmullrom"
            },
            "0.5": {
              "post": [1, 1.5, -3.5],
              "lerp_mode": "catmullrom"
            },
            "1.0": {
              "post": [1, 1.5, -3.5],
              "lerp_mode": "catmullrom"
            }
          }
        }
      }
    },
    "animation.gear_five.jump2": {
      "loop": true,
      "animation_length": 9999,
      "bones": {
        "waist": {
          "rotation": {
            "0.0": {
              "post": [-10, -25, 5],
              "lerp_mode": "catmullrom"
            },
            "0.5": {
              "post": [-10, -25, 5],
              "lerp_mode": "catmullrom"
            },
            "1.0": [7.7614, 14.8687, 2.00307]
          }
        },
        "rightArm": {
          "rotation": {
            "0.0": {
              "post": [-142.5, 25, 0],
              "lerp_mode": "catmullrom"
            },
            "0.5": {
              "post": [-142.5, 25, 0],
              "lerp_mode": "catmullrom"
            },
            "1.0": [-6.9228, -10.64524, 25.83069]
          },
          "position": {
            "0.0": {
              "post": [-0.5, -1, -2.5],
              "lerp_mode": "catmullrom"
            },
            "0.5": {
              "post": [-0.5, -1, -2.5],
              "lerp_mode": "catmullrom"
            },
            "1.0": [0, 0, 0]
          }
        },
        "leftArm": {
          "rotation": {
            "0.0": {
              "post": [30, 25, 0],
              "lerp_mode": "catmullrom"
            },
            "0.5": {
              "post": [30, 25, 0],
              "lerp_mode": "catmullrom"
            },
            "1.0": [-16.75912, 9.31547, -36.03264]
          },
          "position": {
            "0.0": {
              "post": [1, 0, 2],
              "lerp_mode": "catmullrom"
            },
            "0.5": {
              "post": [1, 0, 2],
              "lerp_mode": "catmullrom"
            },
            "1.0": [0, 0, 0]
          }
        },
        "rightLeg": {
          "rotation": {
            "0.0": {
              "post": [-20, 0, 0],
              "lerp_mode": "catmullrom"
            },
            "0.5": {
              "post": [-20, 0, 0],
              "lerp_mode": "catmullrom"
            },
            "1.0": [18.47187, 14.86911, 5.16474]
          },
          "position": {
            "0.0": {
              "post": [0, 2.5, -4],
              "lerp_mode": "catmullrom"
            },
            "0.5": {
              "post": [0, 2.5, -4],
              "lerp_mode": "catmullrom"
            },
            "1.0": [-1, 0, 0]
          }
        },
        "leftLeg": {
          "rotation": {
            "0.0": {
              "post": [30, 0, 0],
              "lerp_mode": "catmullrom"
            },
            "0.5": {
              "post": [30, 0, 0],
              "lerp_mode": "catmullrom"
            },
            "1.0": [17.82371, -15.6479, -2.7023]
          },
          "position": {
            "0.0": {
              "post": [0, -0.5, 1],
              "lerp_mode": "catmullrom"
            },
            "0.5": {
              "post": [0, -0.5, 1],
              "lerp_mode": "catmullrom"
            },
            "1.0": [1, 1.5, -3.5]
          }
        }
      }
    },
    "animation.gear_five.jump3": {
      "loop": true,
      "animation_length": 9999,
      "bones": {
        "waist": {
          "rotation": {
            "0.0": {
              "post": [5, 0, 0],
              "lerp_mode": "catmullrom"
            },
            "0.5": {
              "post": [5, 0, 0],
              "lerp_mode": "catmullrom"
            },
            "1.0": [7.7614, 14.8687, 2.00307]
          }
        },
        "rightArm": {
          "rotation": {
            "0.0": {
              "post": [-2.5, 5, 40],
              "lerp_mode": "catmullrom"
            },
            "0.5": {
              "post": [-2.5, 5, 70],
              "lerp_mode": "catmullrom"
            },
            "1.0": [-6.9228, -10.64524, 25.83069]
          },
          "position": {
            "0.0": {
              "post": [-0.5, 0, 0],
              "lerp_mode": "catmullrom"
            },
            "0.5": {
              "post": [-0.5, 0, 0],
              "lerp_mode": "catmullrom"
            },
            "1.0": [0, 0, 0]
          }
        },
        "leftArm": {
          "rotation": {
            "0.0": {
              "post": [-2.5, -5, -40],
              "lerp_mode": "catmullrom"
            },
            "0.5": {
              "post": [-2.5, -5, -70],
              "lerp_mode": "catmullrom"
            },
            "1.0": [-16.75912, 9.31547, -36.03264]
          },
          "position": {
            "0.0": {
              "post": [0.5, 0, 0],
              "lerp_mode": "catmullrom"
            },
            "0.5": {
              "post": [0.5, 0, 0],
              "lerp_mode": "catmullrom"
            },
            "1.0": [0, 0, 0]
          }
        },
        "rightLeg": {
          "rotation": {
            "0.0": {
              "post": [-2.5, 5, 17.5],
              "lerp_mode": "catmullrom"
            },
            "0.5": {
              "post": [-2.5, 5, 25],
              "lerp_mode": "catmullrom"
            },
            "1.0": [18.47187, 14.86911, 5.16474]
          },
          "position": {
            "0.0": {
              "post": [0, 0, -0.5],
              "lerp_mode": "catmullrom"
            },
            "0.5": {
              "post": [0, 0, -0.5],
              "lerp_mode": "catmullrom"
            },
            "1.0": [-1, 0, 0]
          }
        },
        "leftLeg": {
          "rotation": {
            "0.0": {
              "post": [-2.5, -5, -17.5],
              "lerp_mode": "catmullrom"
            },
            "0.5": {
              "post": [-2.5, -5, -25],
              "lerp_mode": "catmullrom"
            },
            "1.0": [17.82371, -15.6479, -2.7023]
          },
          "position": {
            "0.0": {
              "post": [0, 0, -0.5],
              "lerp_mode": "catmullrom"
            },
            "0.5": {
              "post": [0, 0, -0.5],
              "lerp_mode": "catmullrom"
            },
            "1.0": [1, 1.5, -3.5]
          }
        }
      }
    },
    "animation.gear_five.move.arms": {
      "loop": true,
      "bones": {
        "waist": {
          "rotation": ["2.5+math.sin(query.anim_time * 600) * 1.5 * 1.5", "-math.sin(query.anim_time * 300) * 2.5 * 2.5", 0],
          "position": [0, "math.sin(query.anim_time * 600) * 1 * 1", 0]
        },
        "rightArm": {
          "rotation": ["-math.sin(query.anim_time * 300) * 40", "10-math.sin(query.anim_time * 300) * 2 * 2", "7.5-math.sin(query.anim_time * 300) * 1 * 2"],
          "position": [-0.25, "math.cos(query.anim_time * 300) * 0.5 * 0.5", "-math.sin(query.anim_time * 300) * 1 * 1"]
        },
        "leftArm": {
          "rotation": ["math.sin(query.anim_time * 300) * 40", "-10+math.sin(query.anim_time * 300) * 2 * 2", "-7.5+math.sin(query.anim_time * 300) * 1 * 2"],
          "position": [0.25, "-math.cos(query.anim_time * 300) * 0.5 * 0.5", "math.sin(query.anim_time * 300) * 1 * 1"]
        }
      }
    },
    "animation.gear_five.move.legs": {
      "loop": true,
      "bones": {
        "rightLeg": {
          "rotation": ["5+math.sin(query.anim_time * 300) * 20", 0, 0],
          "position": [0, "0.5-math.cos(query.anim_time * 300) * 1", "-0.25+math.sin(query.anim_time * 300) * 2.5"]
        },
        "leftLeg": {
          "rotation": ["5-math.sin(query.anim_time * 300) * 20", 0, 0],
          "position": [0, "0.3+math.cos(query.anim_time * 300) * 1", "-0.25-math.sin(query.anim_time * 300) * 2.5"]
        },
        "root2": {
          "rotation": [5, 0, 0],
          "position": [0, "2.5+math.sin(query.anim_time * 600) * 3", 0]
        }
      }
    },
    "animation.gear_five.sprint.arms": {
      "loop": true,
      "anim_time_update": "query.modified_distance_moved*0.08",
      "bones": {
        "waist": {
          "rotation": [15, 0, 0],
          "position": [0, "math.sin(query.anim_time * 600) * 1 * 1", 0]
        },
        "leftArm": {
          "rotation": ["math.sin(query.anim_time * 500) * 55", "10+math.sin(query.anim_time * 500) * 2 * 2", "-7.5+math.sin(query.anim_time * 500) * 1 * 2"],
          "position": [0.25, "-math.cos(query.anim_time * 500) * 0.5 * 0.5", "math.sin(query.anim_time * 500) * 1 * 1.5"]
        },
        "rightArm": {
          "rotation": ["-math.sin(query.anim_time * 500) * 55", "-10+math.sin(query.anim_time * 500) * 2 * 2", "7.5-math.sin(query.anim_time * 500) * 1 * 2"],
          "position": [-0.25, "math.cos(query.anim_time * 500) * 0.5 * 0.5", "-math.sin(query.anim_time * 500) * 1 * 1"]
        }
      }
    },
    "animation.gear_five.sprint.legs": {
      "loop": true,
      "animation_length": 0.9,
      "bones": {
        "rightLeg": {
          "scale": 0
        },
        "leftLeg": {
          "scale": 0
        },
        "root2": {
          "rotation": [5, 0, 0]
        },
        "gearFiveSprint": {
          "rotation": ["q.anim_time * 800", 0, 0]
        },
        "gearFiveSprint2": {
          "rotation": ["q.anim_time * 400", 0, 0]
        }
      },
      "particle_effects": {
        "0.15": [
          {
            "effect": "gear5_sprint",
            "locator": "gearfive_sprint"
          },
          {
            "effect": "mochi_dough",
            "locator": "root"
          }
        ],
        "0.2": [
          {
            "effect": "gear5_sprint",
            "locator": "gearfive_sprint"
          },
          {
            "effect": "mochi_dough",
            "locator": "root"
          }
        ],
        "0.3": [
          {
            "effect": "gear5_sprint",
            "locator": "gearfive_sprint"
          },
          {
            "effect": "mochi_dough",
            "locator": "root"
          }
        ],
        "0.4": [
          {
            "effect": "gear5_sprint",
            "locator": "gearfive_sprint"
          },
          {
            "effect": "mochi_dough",
            "locator": "root"
          }
        ],
        "0.5": [
          {
            "effect": "gear5_sprint",
            "locator": "gearfive_sprint"
          },
          {
            "effect": "mochi_dough",
            "locator": "root"
          }
        ],
        "0.6": [
          {
            "effect": "gear5_sprint",
            "locator": "gearfive_sprint"
          },
          {
            "effect": "mochi_dough",
            "locator": "root"
          }
        ],
        "0.7": [
          {
            "effect": "gear5_sprint",
            "locator": "gearfive_sprint"
          },
          {
            "effect": "mochi_dough",
            "locator": "root"
          }
        ],
        "0.8": [
          {
            "effect": "gear5_sprint",
            "locator": "gearfive_sprint"
          },
          {
            "effect": "mochi_dough",
            "locator": "root"
          }
        ]
      }
    },
    "animation.gear_five.sprint.legs2": {
      "loop": true,
      "anim_time_update": "query.modified_distance_moved*0.08",
      "bones": {
        "root2": {
          "rotation": [10, 0, 0],
          "position": [0, "0.5+math.cos(query.anim_time * 1000) * 1 * 0.5", 0]
        },
        "leftLeg": {
          "rotation": ["2-math.sin(query.anim_time * 2000) * 5 * 5", 0, 0],
          "position": [0, "0.3+math.cos(query.anim_time * 200) * 1 * 1", "-0.25-math.sin(query.anim_time * 2000) * 2 * 2"]
        },
        "rightLeg": {
          "rotation": ["2+math.sin(query.anim_time * 2000) * 5 * 5", 0, 0],
          "position": [0, "0.5-math.cos(query.anim_time * 2000) * 1 * 1", "-0.25+math.sin(query.anim_time * 2000) * 2 * 2"]
        }
      }
    },
    "animation.gear_five.stop": {
      "loop": true,
      "bones": {
        "waist": {
          "rotation": ["5 + math.cos(q.anim_time * 450) * 10", 0, 0]
        },
        "rightArm": {
          "rotation": ["-151.4485 + math.cos(q.anim_time * 450) * 2.5", -12.542, "47.3401 + math.cos(q.anim_time * 450) * 5"],
          "position": [0, 0.03109, -4.25]
        },
        "leftArm": {
          "rotation": ["-75.2591 + math.cos(q.anim_time * 450) * 10", 70.63437, -37.72703]
        },
        "rightLeg": {
          "rotation": ["-30+math.cos(q.anim_time * 450) * 15", 0, 10],
          "position": [-1, 0, -1.5]
        },
        "leftLeg": {
          "rotation": ["-30+math.cos(q.anim_time * 450) * 15", 0, -10],
          "position": [1, 0, -0.5]
        },
        "root2": {
          "rotation": [-50, 0, 0],
          "position": [0, "4 + math.cos(q.anim_time * 450) * 10", -8]
        }
      }
    },
    "animation.gear_five.transform": {
      "loop": "hold_on_last_frame",
      "animation_length": 9.25,
      "override_previous_animation": true,
      "bones": {
        "root2": {
          "rotation": {
            "0.0": [0, 0, 0],
            "0.25": [-90, 0, 0],
            "5.125": [-90, 0, 0],
            "5.25": [-50, 0, 0]
          },
          "position": {
            "0.0": [0, 0, 0],
            "0.25": [0, 2, -8],
            "0.6667": [0, 2, -8],
            "0.75": [0, 5, -8],
            "0.9167": [0, 2, -8],
            "1.4167": [0, 2, -8],
            "1.5": [0, 5, -8],
            "1.6667": [0, 2, -8],
            "2.1667": [0, 2, -8],
            "2.25": [0, 5, -8],
            "2.4167": [0, 2, -8],
            "2.7917": [0, 2, -8],
            "2.875": [0, 5, -8],
            "3.0417": [0, 2, -8],
            "3.4167": [0, 2, -8],
            "3.5": [0, 5, -8],
            "3.6667": [0, 2, -8],
            "3.9167": [0, 2, -8],
            "4.0": [0, 5, -8],
            "4.1667": [0, 2, -8],
            "5.125": [0, 2, -8],
            "5.25": [0, "4 + math.cos(q.anim_time * 650) * 8", -8]
          }
        },
        "head": {
          "rotation": {
            "0.0": [0, 0, 0],
            "0.25": [12.5, 0, 0],
            "0.6667": [12.5, 0, 0],
            "0.75": [-15, 0, 0],
            "0.9167": [12.5, 0, 0],
            "1.4167": [12.5, 0, 0],
            "1.5": [-15, 0, 0],
            "1.6667": [12.5, 0, 0],
            "2.1667": [12.5, 0, 0],
            "2.25": [-15, 0, 0],
            "2.4167": [12.5, 0, 0],
            "2.7917": [12.5, 0, 0],
            "2.875": [-15, 0, 0],
            "3.0417": [12.5, 0, 0],
            "3.4167": [12.5, 0, 0],
            "3.5": [-15, 0, 0],
            "3.6667": [12.5, 0, 0],
            "3.9167": [12.5, 0, 0],
            "4.0": [-15, 0, 0],
            "4.1667": [12.5, 0, 0],
            "5.25": [12.5, 0, 0],
            "5.3333": ["12.5+math.cos(q.anim_time * 650) * 10", 0, 0]
          }
        },
        "waist": {
          "rotation": {
            "5.0": [0, 0, 0],
            "5.25": [20, 0, 0]
          }
        },
        "rightArm": {
          "rotation": {
            "0.0": [0, 0, 0],
            "0.25": [0, 0, 12.5],
            "0.6667": [0, 0, 12.5],
            "0.75": [17.5, 0, 12.5],
            "0.9167": [0, 0, 12.5],
            "1.4167": [0, 0, 12.5],
            "1.5": [17.5, 0, 12.5],
            "1.6667": [0, 0, 12.5],
            "2.1667": [0, 0, 12.5],
            "2.25": [17.5, 0, 12.5],
            "2.4167": [0, 0, 12.5],
            "2.7917": [0, 0, 12.5],
            "2.875": [17.5, 0, 12.5],
            "3.0417": [0, 0, 12.5],
            "3.4167": [0, 0, 12.5],
            "3.5": [20, 0, 12.5],
            "3.6667": [0, 0, 12.5],
            "3.9167": [0, 0, 12.5],
            "4.0": [17.5, 0, 12.5],
            "4.1667": [0, 0, 12.5],
            "5.125": [0, 0, 12.5],
            "5.25": [-143.65697, -29.76212, 26.20122]
          },
          "position": {
            "5.125": [0, 0, 0],
            "5.25": [0, -3, -2.5]
          }
        },
        "leftArm": {
          "rotation": {
            "0.0": [0, 0, 0],
            "0.25": [0, 0, -7.5],
            "0.6667": [0, 0, -7.5],
            "0.75": [17.5, 0, -7.5],
            "0.9167": [0, 0, -7.5],
            "1.4167": [0, 0, -7.5],
            "1.5": [17.5, 0, -7.5],
            "1.6667": [0, 0, -7.5],
            "2.1667": [0, 0, -7.5],
            "2.25": [17.5, 0, -7.5],
            "2.4167": [0, 0, -7.5],
            "2.7917": [0, 0, -7.5],
            "2.875": [17.5, 0, -7.5],
            "3.0417": [0, 0, -7.5],
            "3.4167": [0, 0, -7.5],
            "3.5": [17.5, 0, -7.5],
            "3.6667": [0, 0, -7.5],
            "3.9167": [0, 0, -7.5],
            "4.0": [17.5, 0, -7.5],
            "4.1667": [0, 0, -7.5],
            "5.125": [0, 0, -7.5],
            "5.25": [-75.2591, 70.63437, -37.72703]
          },
          "position": [0, 0, 0]
        },
        "rightLeg": {
          "rotation": {
            "0.0": [0, 0, 0],
            "0.25": [5, 0, 5],
            "0.6667": [5, 0, 5],
            "0.75": [15, 0, 5],
            "0.9167": [5, 0, 5],
            "1.4167": [5, 0, 5],
            "1.5": [15, 0, 5],
            "1.6667": [5, 0, 5],
            "2.1667": [5, 0, 5],
            "2.25": [15, 0, 5],
            "2.4167": [5, 0, 5],
            "2.7917": [5, 0, 5],
            "2.875": [15, 0, 5],
            "3.0417": [5, 0, 5],
            "3.4167": [5, 0, 5],
            "3.5": [15, 0, 5],
            "3.6667": [5, 0, 5],
            "3.9167": [5, 0, 5],
            "4.0": [15, 0, 5],
            "4.1667": [5, 0, 5],
            "5.125": [5, 0, 5],
            "5.25": ["-10+math.cos(q.anim_time * 650) * 10", 0, 10]
          },
          "position": {
            "0.0": [0, 0, 0],
            "0.25": [0, 0, -1],
            "5.125": [0, 0, -1],
            "5.25": [-1, 0, -1.5]
          }
        },
        "leftLeg": {
          "rotation": {
            "0.0": [0, 0, 0],
            "0.25": [0, 0, -5],
            "0.6667": [0, 0, -5],
            "0.75": [15, 0, -5],
            "0.9167": [0, 0, -5],
            "1.4167": [0, 0, -5],
            "1.5": [15, 0, -5],
            "1.6667": [0, 0, -5],
            "2.1667": [0, 0, -5],
            "2.25": [15, 0, -5],
            "2.4167": [0, 0, -5],
            "2.7917": [0, 0, -5],
            "2.875": [15, 0, -5],
            "3.0417": [0, 0, -5],
            "3.4167": [0, 0, -5],
            "3.5": [15, 0, -5],
            "3.6667": [0, 0, -5],
            "3.9167": [0, 0, -5],
            "4.0": [15, 0, -5],
            "4.1667": [0, 0, -5],
            "5.125": [0, 0, -5],
            "5.25": ["-10+math.cos(q.anim_time * 650) * 10", 0, -10]
          },
          "position": {
            "5.125": [0, 0, 0],
            "5.25": [1, 0, -0.5]
          }
        }
      },
      "sound_effects": {
        "0.6667": {
          "effect": "heartbeat"
        },
        "1.4167": {
          "effect": "heartbeat"
        },
        "2.1667": {
          "effect": "heartbeat"
        },
        "2.7917": {
          "effect": "heartbeat"
        },
        "3.4167": {
          "effect": "heartbeat"
        },
        "3.8333": {
          "effect": "woosh"
        },
        "4.25": {
          "effect": "thunder"
        },
        "4.375": {
          "effect": "woosh"
        },
        "4.625": {
          "effect": "gear5"
        }
      },
      "particle_effects": {
        "2.75": {
          "effect": "slash_white.small",
          "locator": "waist"
        },
        "3.7917": {
          "effect": "slash_white.small",
          "locator": "waist"
        },
        "4.25": [
          {
            "effect": "haki_king_thunder"
          },
          {
            "effect": "smash_white.small",
            "locator": "waist"
          },
          {
            "effect": "smash_white.small",
            "locator": "waist"
          },
          {
            "effect": "slash_white.small",
            "locator": "waist"
          },
          {
            "effect": "gear5_thunder",
            "locator": "waist"
          }
        ],
        "4.3333": [
          {
            "effect": "smoke_white.small",
            "locator": "waist"
          },
          {
            "effect": "slash_white.small",
            "locator": "waist"
          },
          {
            "effect": "gear5_thunder",
            "locator": "waist"
          }
        ],
        "4.625": {
          "effect": "gear5_haha",
          "locator": "waist"
        },
        "5.0": {
          "effect": "slash_white.small",
          "locator": "waist"
        },
        "5.125": [
          {
            "effect": "slash_white.small",
            "locator": "waist"
          },
          {
            "effect": "gear5_haha",
            "locator": "waist"
          }
        ],
        "5.7917": [
          {
            "effect": "smash_white.medium",
            "locator": "waist"
          },
          {
            "effect": "slash_white.small",
            "locator": "waist"
          },
          {
            "effect": "gear5_haha",
            "locator": "waist"
          }
        ],
        "6.0": {
          "effect": "slash_white.small",
          "locator": "waist"
        },
        "6.25": {
          "effect": "slash_white.small",
          "locator": "waist"
        },
        "6.5": {
          "effect": "slash_white.small",
          "locator": "waist"
        },
        "6.75": {
          "effect": "slash_white.small",
          "locator": "waist"
        },
        "7.25": {
          "effect": "slash_white.small",
          "locator": "waist"
        },
        "7.5": {
          "effect": "slash_white.small",
          "locator": "waist"
        },
        "7.75": {
          "effect": "slash_white.small",
          "locator": "waist"
        },
        "8.0": {
          "effect": "slash_white.small",
          "locator": "waist"
        },
        "8.25": {
          "effect": "slash_white.small",
          "locator": "waist"
        }
      }
    },
    "animation.gear_five.giant_pistol.start": {
      "loop": "hold_on_last_frame",
      "animation_length": 10000,
      "override_previous_animation": true,
      "bones": {
        "root2": {
          "rotation": [0.1, 0, 0]
        },
        "waist": {
          "rotation": {
            "0.0": [-15, "variable.is_first_person ? 180 : 0", 0],
            "0.0833": [-15, "variable.is_first_person ? 180 : 0", 0],
            "0.25": [-2.5, "variable.is_first_person ? 190 : 10", 0]
          }
        },
        "rightArm": {
          "rotation": {
            "0.25": [-90, -40, 0],
            "0.75": [-90, 40, 0],
            "1.0": [-110, 105, 0]
          },
          "position": {
            "0.0": [-1, 0, -1.5],
            "0.25": [-1, 0, -1.5],
            "0.75": [-1, 0, -0.75],
            "1.0": [0, -0.5, 1.25]
          }
        },
        "leftArm": {
          "rotation": {
            "0.0": [15, 0, -110],
            "0.0833": [15, 0, -110],
            "0.5": [15, 0, -110],
            "1.0": [15, 0, -10]
          },
          "position": {
            "0.0": [0.5, 0, 0.5],
            "0.5": [0.5, 0, 0.5],
            "1.0": [0, 0, 0]
          }
        },
        "rightLeg": {
          "rotation": {
            "0.0": [0, 0, 5],
            "0.0833": [0, 0, 5]
          }
        },
        "leftLeg": {
          "rotation": {
            "0.0": [0, 0, -5],
            "0.0833": [0, 0, -5],
            "0.25": [-2.5, 0, -5]
          }
        },
        "rightForeArm": {
          "rotation": {
            "0.25": [0, 0, -50],
            "0.75": [0, 0, -110],
            "1.0": [0, 0, -90]
          },
          "position": {
            "0.25": [-1, 2, 0],
            "0.75": [-4.5, -5.5, 1.5],
            "1.0": [-6, -5, 0]
          },
          "scale": {
            "0.25": [1, 1.7, 1],
            "0.75": [6, 7, 6]
          }
        }
      }
    },
    "animation.gear_five.giant_pistol.end": {
      "loop": "hold_on_last_frame",
      "animation_length": 1,
      "override_previous_animation": true,
      "bones": {
        "root2": {
          "rotation": [0.1, 0, 0]
        },
        "waist": {
          "rotation": {
            "0.0": [-2.5, "variable.is_first_person ? 190 : 10", 0],
            "0.1667": [10, "variable.is_first_person ? 160 : -30", 0]
          }
        },
        "rightArm": {
          "rotation": {
            "0.0": [-110, 105, 0],
            "0.1667": ["variable.is_first_person ? 180 : q.target_x_rotation + -102.5", "variable.is_first_person ? 30 : q.target_y_rotation + 30", -7.5]
          },
          "position": [0, -0.5, 1.25]
        },
        "leftArm": {
          "rotation": {
            "0.0": [15, 0, -10],
            "0.1667": [13.9042, 5.68422, -31.80633]
          },
          "position": [0, 0, 0]
        },
        "rightLeg": {
          "rotation": [0, 0, 5]
        },
        "leftLeg": {
          "rotation": [-2.5, 0, -5]
        },
        "rightForeArm": {
          "rotation": {
            "0.0": [0, 0, -90],
            "0.1667": [0, 0, 0]
          },
          "position": {
            "0.0": [-6, -5, 0],
            "0.1667": [4, 0, 0],
            "0.6667": [4, 0, 0],
            "0.9167": [0, 0, 0]
          },
          "scale": {
            "0.0": [6, 7, 6],
            "0.1667": [7, 12, 7],
            "0.6667": [7, 14, 7],
            "0.9167": [1, 1, 1]
          }
        }
      }
    },
    "animation.gear_five.giant_kick.start": {
      "loop": "hold_on_last_frame",
      "animation_length": 10000,
      "override_previous_animation": true,
      "bones": {
        "root2": {
          "scale": {
            "0.0": [1, 1, 1],
            "0.25": [5, 5, 5],
            "0.5": [5, 5, 5]
          }
        },
        "waist": {
          "rotation": {
            "0.0": [0, "variable.is_first_person ? 180 : 0", 0],
            "0.5": [7.5, "variable.is_first_person ? 160 : -20", 0]
          }
        },
        "head": {
          "rotation": {
            "0.0": ["variable.is_first_person ? 0 : q.target_x_rotation", "variable.is_first_person ? 0 : q.target_y_rotation", 0],
            "0.5": ["variable.is_first_person ? 10 : q.target_x_rotation + 10", "variable.is_first_person ? 0 : q.target_y_rotation", 0]
          }
        },
        "rightArm": {
          "rotation": {
            "0.0": [0, 0, 0],
            "0.5": [-12.5, 0, 10]
          }
        },
        "leftArm": {
          "rotation": {
            "0.0": [0, 0, 0],
            "0.5": [12.5, 0, -10]
          }
        },
        "rightLeg": {
          "rotation": {
            "0.0": [0, 0, 0],
            "0.5": [-12.5, 0, 0]
          },
          "position": {
            "0.0": [0, 0, 0],
            "0.5": [0, 3, -3]
          }
        },
        "leftLeg": {
          "rotation": {
            "0.0": [0, 0, 0],
            "0.25": [0, -10, 0],
            "0.5": [12.5, -10, 0]
          }
        }
      }
    },
    "animation.gear_five.giant_kick.end": {
      "loop": "hold_on_last_frame",
      "animation_length": 1,
      "override_previous_animation": true,
      "bones": {
        "root2": {
          "scale": {
            "0.0": [5, 5, 5],
            "0.6667": [5, 5, 5],
            "0.75": [1, 1, 1]
          }
        },
        "waist": {
          "rotation": {
            "0.0": [7.5, "variable.is_first_person ? 160 : -20", 0],
            "0.2083": {
              "pre": [2.5, "variable.is_first_person ? 160 : -20", 0],
              "post": [2.5, "variable.is_first_person ? 160 : -20", 0],
              "lerp_mode": "catmullrom"
            },
            "0.3333": {
              "post": [10, "variable.is_first_person ? 165 : -15", 0],
              "lerp_mode": "catmullrom"
            },
            "0.5": [7.5, "variable.is_first_person ? 167.5 : -12.5", 0]
          },
          "position": {
            "0.0": [0, 0, 0],
            "0.2083": {
              "pre": [0, 0, 0],
              "post": [0, 0, 0],
              "lerp_mode": "catmullrom"
            },
            "0.3333": {
              "post": [0, -1, 0],
              "lerp_mode": "catmullrom"
            },
            "0.5": [0, -1, 0]
          }
        },
        "head": {
          "rotation": {
            "0.0": ["variable.is_first_person ? 10 : q.target_x_rotation + 10", "variable.is_first_person ? 0 : q.target_y_rotation", 0],
            "0.2083": {
              "pre": ["variable.is_first_person ? 2.5 : q.target_x_rotation + 2.5", "variable.is_first_person ? 0 : q.target_y_rotation", 0],
              "post": ["variable.is_first_person ? 2.5 : q.target_x_rotation + 2.5", "variable.is_first_person ? 0 : q.target_y_rotation", 0],
              "lerp_mode": "catmullrom"
            },
            "0.3333": {
              "post": ["variable.is_first_person ? 17.5 : q.target_x_rotation + 17.5", "variable.is_first_person ? 0 : q.target_y_rotation", 0],
              "lerp_mode": "catmullrom"
            },
            "0.5": ["variable.is_first_person ? 17.5 : q.target_x_rotation + 17.5", "variable.is_first_person ? 0 : q.target_y_rotation", 0]
          }
        },
        "rightArm": {
          "rotation": {
            "0.0": [-12.5, 0, 10],
            "0.2083": {
              "pre": [0, 0, 15],
              "post": [0, 0, 15],
              "lerp_mode": "catmullrom"
            },
            "0.3333": {
              "post": [0, 0, 15],
              "lerp_mode": "catmullrom"
            },
            "0.5": [0, 0, 15]
          }
        },
        "leftArm": {
          "rotation": {
            "0.0": [12.5, 0, -10],
            "0.2083": {
              "pre": [0, 0, -15],
              "post": [0, 0, -15],
              "lerp_mode": "catmullrom"
            },
            "0.3333": {
              "post": [0, 0, -15],
              "lerp_mode": "catmullrom"
            },
            "0.5": [0, 0, -15]
          }
        },
        "rightLeg": {
          "rotation": {
            "0.0": [-12.5, 0, 0],
            "0.2083": {
              "pre": [-17.5, 0, 0],
              "post": [-17.5, 0, 0],
              "lerp_mode": "catmullrom"
            },
            "0.3333": {
              "post": [-5, 0, 0],
              "lerp_mode": "catmullrom"
            },
            "0.5": [-5, 0, 0]
          },
          "position": {
            "0.0": [0, 3, -3],
            "0.2083": {
              "pre": [0, 4.5, -3],
              "post": [0, 4.5, -3],
              "lerp_mode": "catmullrom"
            },
            "0.3333": {
              "post": [0, 0, -1.5],
              "lerp_mode": "catmullrom"
            },
            "0.5": [0, 0, -1.5]
          }
        },
        "leftLeg": {
          "rotation": [12.5, -10, 0]
        }
      }
    },
    "animation.gear_five.kaminari.loop": {
      "loop": "hold_on_last_frame",
      "animation_length": 0.5,
      "override_previous_animation": true,
      "bones": {
        "root2": {
          "rotation": [0.1, 0, 0]
        },
        "waist": {
          "rotation": [-2.5, "variable.is_first_person ? 180 : 0", 0]
        },
        "rightArm": {
          "rotation": [37.5, 10, 100]
        },
        "leftArm": {
          "rotation": [-70, 0, -40]
        },
        "leftLeg": {
          "rotation": [7.5, -12.5, -5],
          "position": [0, 0, -0.5]
        },
        "rightLeg": {
          "rotation": [5, 0, 0],
          "position": [0, 3.5, -3]
        }
      },
      "particle_effects": {
        "0.0": [
          {
            "effect": "goro_particle_charge2",
            "locator": "kaminari1"
          },
          {
            "effect": "goro_particle_charge2",
            "locator": "kaminari2"
          },
          {
            "effect": "goro_particle_charge2",
            "locator": "kaminari3"
          }
        ]
      }
    },
    "animation.gear_five.kaminari.end": {
      "loop": "hold_on_last_frame",
      "animation_length": 0.5,
      "override_previous_animation": true,
      "bones": {
        "kaminari": {
          "scale": [0, 0, 0]
        },
        "root2": {
          "rotation": [0.1, 0, 0]
        },
        "waist": {
          "rotation": {
            "0.0": [-2.5, "variable.is_first_person ? 180 : 0", 0],
            "0.125": [14.74194, "variable.is_first_person ? 158 : -24.97457", 1.16524],
            "0.375": [14.74194, "variable.is_first_person ? 168 : -24.97457", 1.16524],
            "0.5": [0, "variable.is_first_person ? 180 : 0", 0]
          }
        },
        "rightArm": {
          "rotation": {
            "0.0": [37.5, 10, 100],
            "0.125": [-67.5, 10, 100],
            "0.375": [-67.5, 10, 100],
            "0.5": [0, 0, 0]
          }
        },
        "leftArm": {
          "rotation": {
            "0.0": [-70, 0, -40],
            "0.125": [7.5, 0, -40],
            "0.375": [7.5, 0, -40],
            "0.5": [0, 0, 0]
          }
        },
        "leftLeg": {
          "rotation": {
            "0.0": [7.5, -12.5, -5],
            "0.125": [12.48608, -25.21626, -4.11523],
            "0.375": [12.48608, -25.21626, -4.11523],
            "0.5": [0, 0, 0]
          },
          "position": {
            "0.0": [0, 0, -0.5],
            "0.125": [0.5, 0, 0],
            "0.375": [0.5, 0, 0],
            "0.5": [0, 0, 0]
          }
        },
        "rightLeg": {
          "rotation": {
            "0.0": [5, 0, 0],
            "0.125": [7.51402, -17.64945, 0.97542],
            "0.375": [7.51402, -17.64945, 0.97542],
            "0.5": [0, 0, 0]
          },
          "position": {
            "0.0": [0, 3.5, -3],
            "0.125": [1, 1, -2.5],
            "0.375": [1, 1, -2.5],
            "0.5": [0, 0, 0]
          }
        }
      }
    },
    "animation.gear_five.crazy_gatling.end": {
      "loop": "hold_on_last_frame",
      "animation_length": 2.25,
      "override_previous_animation": true,
      "bones": {
        "root2": {
          "rotation": [0, "variable.is_first_person ? 0 : q.target_y_rotation", 0],
          "position": [0, 0, 0]
        },
        "waist": {
          "rotation": {
            "0.0": [0, 0, 0],
            "0.2083": ["variable.is_first_person ? 0 : q.target_x_rotation", "variable.is_first_person ? 180 : math.cos(q.anim_time * 3000) * 7.5", 0],
            "2.0": ["variable.is_first_person ? 0 : q.target_x_rotation", "variable.is_first_person ? 180 : math.cos(q.anim_time * 3000) * 7.5", 0],
            "2.25": [0, 0, 0]
          },
          "position": {
            "0.0": [0, 0, 0],
            "0.2083": [0, "variable.is_first_person ? 0 : -2", 1],
            "2.0": [0, "variable.is_first_person ? 0 : -2", 1],
            "2.25": [0, 0, 0]
          }
        },
        "rightArm": {
          "rotation": {
            "0.0": [0, 0, 0],
            "0.2083": [-115, 0, 20],
            "2.0": [-115, 0, 20],
            "2.25": [0, 0, 0]
          },
          "position": {
            "0.0": [0, 0, 0],
            "0.2083": ["-4 + math.random(-7, 7)", "5 + math.random(-10, 10)", "-5 + math.random(-1, 9)"],
            "2.0": ["-4 + math.random(-7, 7)", "5 + math.random(-10, 10)", "-5 + math.random(-1, 9)"],
            "2.25": [0, 0, 0]
          },
          "scale": {
            "0.1667": [1, 1, 1],
            "0.2083": [1, "math.random(1, 7)", 1],
            "2.0": [1, "math.random(1, 7)", 1],
            "2.25": [1, 1, 1]
          }
        },
        "leftArm": {
          "rotation": {
            "0.0": [0, 0, 0],
            "0.2083": [-115, 0, -20],
            "2.0": [-115, 0, -20],
            "2.25": [0, 0, 0]
          },
          "position": {
            "0.0": [0, 0, 0],
            "0.2083": ["4 + math.random(-7, 7)", "5 + math.random(-10, 10)", "-5 + math.random(-1, 9)"],
            "2.0": ["4 + math.random(-7, 7)", "5 + math.random(-10, 10)", "-5 + math.random(-1, 9)"],
            "2.25": [0, 0, 0]
          },
          "scale": {
            "0.1667": [1, 1, 1],
            "0.2083": [1, "math.random(1, 7)", 1],
            "2.0": [1, "math.random(1, 7)", 1],
            "2.25": [1, 1, 1]
          }
        },
        "rightLeg": {
          "rotation": {
            "0.0": [0, 0, 0],
            "0.2083": [-10, 20, 0.5],
            "2.0": [-10, 20, 0.5],
            "2.25": [0, 0, 0]
          },
          "position": {
            "0.0": [0, 0, 0],
            "0.2083": [-0.5, -0.5, -0.5],
            "2.0": [-0.5, -0.5, -0.5],
            "2.25": [0, 0, 0]
          }
        },
        "leftLeg": {
          "rotation": {
            "0.0": [0, 0, 0],
            "0.2083": [-10, -20, 0.5],
            "2.0": [-10, -20, 0.5],
            "2.25": [0, 0, 0]
          },
          "position": {
            "0.0": [0, 0, 0],
            "0.2083": [0.5, -0.5, -0.5],
            "2.0": [0.5, -0.5, -0.5],
            "2.25": [0, 0, 0]
          }
        },
        "body": {
          "rotation": {
            "0.0": [0, 0, 0],
            "0.2083": [25, 0, 0],
            "2.0": [25, 0, 0],
            "2.25": [0, 0, 0]
          },
          "position": {
            "0.0": [0, 0, 0],
            "0.2083": [0, 0, -4],
            "2.0": [0, 0, -4],
            "2.25": [0, 0, 0]
          }
        }
      },
      "sound_effects": {
        "0.2083": {
          "effect": "gomu_gatling"
        }
      },
      "particle_effects": {
        "0.2": {
          "effect": "gomu_gatling",
          "locator": "gatling"
        },
        "0.3": {
          "effect": "gomu_gatling",
          "locator": "gatling"
        },
        "0.4": [
          {
            "effect": "gomu_gatling",
            "locator": "gatling"
          },
          {
            "effect": "gear5_crazy_gatling",
            "locator": "gatling"
          }
        ],
        "0.5": {
          "effect": "gomu_gatling",
          "locator": "gatling"
        },
        "0.6": {
          "effect": "gomu_gatling",
          "locator": "gatling"
        },
        "0.7": [
          {
            "effect": "gomu_gatling",
            "locator": "gatling"
          },
          {
            "effect": "gear5_crazy_gatling",
            "locator": "gatling"
          }
        ],
        "0.8": {
          "effect": "gomu_gatling",
          "locator": "gatling"
        },
        "0.9": {
          "effect": "gomu_gatling",
          "locator": "gatling"
        },
        "1.0": [
          {
            "effect": "gomu_gatling",
            "locator": "gatling"
          },
          {
            "effect": "gear5_crazy_gatling",
            "locator": "gatling"
          }
        ],
        "1.1": {
          "effect": "gomu_gatling",
          "locator": "gatling"
        },
        "1.2": {
          "effect": "gomu_gatling",
          "locator": "gatling"
        },
        "1.3": {
          "effect": "gomu_gatling",
          "locator": "gatling"
        },
        "1.4": {
          "effect": "gomu_gatling",
          "locator": "gatling"
        },
        "1.5": {
          "effect": "gomu_gatling",
          "locator": "gatling"
        },
        "1.6": {
          "effect": "gomu_gatling",
          "locator": "gatling"
        },
        "1.7": {
          "effect": "gomu_gatling",
          "locator": "gatling"
        },
        "1.8": {
          "effect": "gomu_gatling",
          "locator": "gatling"
        }
      }
    },
    "animation.gear_five.bajrang_gun.end": {
      "loop": "hold_on_last_frame",
      "animation_length": 2.7,
      "override_previous_animation": true,
      "bones": {
        "root": {
          "rotation": {
            "0.875": [60, 0, 0],
            "1.25": [80, 0, 0],
            "1.75": [80, 0, 0],
            "2.0": [80, 0, 0]
          },
          "position": {
            "0.875": [0, 0, 0],
            "1.25": [0, 8, 24],
            "1.75": [0, 8, 24],
            "2.0": [0, 8, 24]
          }
        },
        "waist": {
          "rotation": {
            "0.5": [25.03988, 52.30156, 20.28592],
            "0.875": [28.18679, 56.77406, 24.14611],
            "1.25": [15, 0, 0],
            "2.3333": [15, 0, 0],
            "2.5": [-5, 0, 0]
          }
        },
        "leftLeg": {
          "rotation": {
            "0.5": [42.5, 0, 0],
            "0.875": [42.5, 0, 0],
            "1.25": [80, 0, 0],
            "1.75": [80, 0, 0],
            "2.0": [80, 0, 0],
            "2.5": [40, 0, 0]
          },
          "position": {
            "2.0": [0, 0, 1.5],
            "2.5": [0, 0, 0.5]
          }
        },
        "leftArm": {
          "rotation": {
            "0.5": [-2.5, 0, -75],
            "0.875": [-2.5, 0, -75],
            "1.25": [35, 0, -75],
            "1.75": [35, 0, -75],
            "2.0": [35, 0, -75],
            "2.5": [-10, 0, -75]
          }
        },
        "rightArm": {
          "rotation": {
            "0.5": [30, -8.25006, 102.78406],
            "0.875": [26.83169, -6.02054, 103.92401],
            "1.25": [-90, 10, 90],
            "1.5": [-90.81576, 8.12601, 91.16395],
            "1.75": [-90.81576, 8.12601, 91.16395],
            "2.0": [-90.81576, 8.12601, 91.16395],
            "2.25": [-90.81576, 8.12601, 91.16395],
            "2.5": [24.18424, 8.12601, 91.16395]
          },
          "position": {
            "0.5": [0, 0, 0],
            "0.875": [0, 0, 0],
            "1.0833": [0, 0, 0]
          }
        },
        "gearFiveBajrangGun": {
          "rotation": {
            "0.5": [0, 0, 0],
            "0.875": [-50, 0, 0],
            "1.25": [0, 0, 0],
            "1.75": [0, 0, 0],
            "2.0": [0, 0, 0]
          },
          "position": {
            "0.5": [0, -4, 0],
            "0.875": [0, -2.5, -0.5],
            "1.25": [0, 1, 0],
            "1.5": [0, -2.25, 0],
            "1.75": [0, -2.25, 0],
            "2.0": [0, -2.25, 0],
            "2.125": [0, -2.25, 0],
            "2.25": [0, -2.25, 0]
          },
          "scale": {
            "0.5": [1, 129.45, 1.25],
            "0.875": [1, 35.45, 1.25],
            "1.25": [1, 15.25, 1.25],
            "1.5": [1, 47.35, 1.25],
            "1.75": [1, 47.35, 1.25],
            "2.0": [1, 47.35, 1.25],
            "2.125": [1, 24, 1.25],
            "2.25": [0, 0, 0]
          }
        },
        "rightLeg": {
          "rotation": {
            "0.5": [-10, 0, 0],
            "0.875": [-10, 0, 0],
            "1.25": [25, 0, 0],
            "1.75": [25, 0, 0],
            "2.25": [25, 0, 0],
            "2.5": [7.5, 0, 0]
          },
          "position": {
            "0.5": [0, 0.5, -2],
            "0.875": [0, 0.5, -2],
            "1.25": [0, 0.5, -3.5],
            "1.75": [0, 0.5, -3.5],
            "2.25": [0, 0.5, -3.5],
            "2.5": [0, 1.5, -2.5]
          }
        },
        "gearFiveBajrangGun2": {
          "rotation": {
            "0.5": [-137.5, 0, 0],
            "0.875": [-170, 0, 0],
            "1.25": [0, 0, 0],
            "1.75": [0, 0, 0],
            "2.0": [0, 0, 0]
          },
          "position": {
            "0.5": [0, -570, -32.5],
            "0.875": [0, -98.5, -140],
            "1.0833": [0, -120, -51.75],
            "1.25": [0, -130, 0],
            "1.5": [0, -205, 0],
            "1.75": [0, -205, 0],
            "2.0": [0, -205, 0],
            "2.125": [0, -108, 0],
            "2.25": [0, 0, 0]
          },
          "scale": {
            "0.5": [25, 25, 25],
            "0.875": [25, 25, 25],
            "1.0833": [45, 45, 45],
            "1.5": [55, 55, 55],
            "1.75": [55, 55, 55],
            "2.0": [45, 45, 45],
            "2.125": [10, 10, 10],
            "2.25": [0, 0, 0]
          }
        },
        "head": {
          "rotation": [0, -40, 0]
        },
        "root2": {
          "rotation": [0, "q.target_y_rotation", 0],
          "position": [0, 0, 0]
        }
      },
      "particle_effects": {
        "0.0": {
          "effect": "goro_raigo_cloud",
          "locator": "bajrang_gun0"
        },
        "0.1667": [
          {
            "effect": "goro_raigo_cloud",
            "locator": "bajrang_gun0"
          },
          {
            "effect": "gear5_bajrang_gun",
            "locator": "bajrang_gun0"
          }
        ],
        "0.5": {
          "effect": "haki_king3",
          "locator": "gearfive_waist"
        },
        "0.55": [
          {
            "effect": "smash_black.medium",
            "locator": "bajrang_gun"
          },
          {
            "effect": "smash_white.medium",
            "locator": "bajrang_gun"
          }
        ],
        "0.65": {
          "effect": "expansion_white.medium",
          "locator": "bajrang_gun"
        },
        "0.75": [
          {
            "effect": "smash_black.medium",
            "locator": "bajrang_gun"
          },
          {
            "effect": "smash_white.medium",
            "locator": "bajrang_gun"
          }
        ],
        "0.85": {
          "effect": "expansion_white.medium",
          "locator": "bajrang_gun"
        },
        "0.95": [
          {
            "effect": "smash_black.medium",
            "locator": "bajrang_gun"
          },
          {
            "effect": "smash_white.medium",
            "locator": "bajrang_gun"
          }
        ],
        "1.05": {
          "effect": "expansion_white.medium",
          "locator": "bajrang_gun"
        },
        "1.15": [
          {
            "effect": "smash_black.medium",
            "locator": "bajrang_gun"
          },
          {
            "effect": "smash_white.medium",
            "locator": "bajrang_gun"
          }
        ],
        "1.25": {
          "effect": "expansion_white.medium",
          "locator": "bajrang_gun"
        },
        "1.35": [
          {
            "effect": "smash_black.medium",
            "locator": "bajrang_gun"
          },
          {
            "effect": "smash_white.medium",
            "locator": "bajrang_gun"
          }
        ],
        "1.45": {
          "effect": "expansion_white.medium",
          "locator": "bajrang_gun"
        },
        "1.5": {
          "effect": "smash_white.big",
          "locator": "bajrang_gun"
        },
        "1.52": {
          "effect": "slash_white.big",
          "locator": "bajrang_gun"
        },
        "1.525": {
          "effect": "expansion_white.big",
          "locator": "bajrang_gun"
        },
        "1.75": {
          "effect": "haki_king3",
          "locator": "bajrang_gun"
        }
      }
    }
  }
}