{
	"format_version": "1.8.0",
	"animations": {
		"animation.gomu.pistol.start": {
			"loop": "hold_on_last_frame",
			"animation_length": 10000,
			"override_previous_animation": true,
			"bones": {
				"waist": {
					"rotation": {
						"0.0": [0, "variable.is_first_person ? 180 : 0", 0],
						"0.2": [5, "variable.is_first_person ? 220 : 40", 0]
					},
					"position": [0, 0, 0]
				},
				"rightArm": {
					"rotation": {
						"0.0": [0, 0, 0],
						"0.2": [-95, 60, 0]
					},
					"position": {
						"0.0": [0, 0, 0],
						"0.2": [1, 1, 0]
					}
				},
				"rightLeg": {
					"rotation": {
						"0.0": [0, 0, 0],
						"0.2": [-35, 15, 0]
					},
					"position": [0, 0, 0]
				},
				"leftLeg": {
					"rotation": {
						"0.0": [0, 0, 0],
						"0.2": [35, 15, 0]
					},
					"position": [0, 0, 0]
				},
				"leftArm": {
					"rotation": {
						"0.0": [0, 0, 0],
						"0.2": [-60, -65, 0]
					},
					"position": {
						"0.0": [0, 0, 0],
						"0.2": [-1, 0, 0]
					}
				}
			}
		},
		"animation.gomu.pistol.end": {
			"loop": "hold_on_last_frame",
			"animation_length": 0.6,
			"override_previous_animation": true,
			"bones": {
				"waist": {
					"rotation": {
						"0.0": [5, "variable.is_first_person ? 220 : 40", 0],
						"0.15": [20, "variable.is_first_person ? 170 : -10", 0],
						"0.45": [20, "variable.is_first_person ? 170 : -10", 0],
						"0.55": [0, "variable.is_first_person ? 202.5 : 22.5", 0]
					},
					"position": {
						"0.0": [0, 0, 0],
						"0.15": [0, 1, 0],
						"0.45": [0, 1, 0],
						"0.55": [0, 0, 0]
					}
				},
				"rightArm": {
					"rotation": {
						"0.0": [-95, 60, 0],
						"0.15": ["variable.is_first_person ? -110 : q.target_x_rotation + -110", "variable.is_first_person ? 10 : q.target_y_rotation + 10", 0],
						"0.52": ["variable.is_first_person ? -110 : q.target_x_rotation + -110", "variable.is_first_person ? 10 : q.target_y_rotation + 10", 0],
						"0.57": [-90, 87.5, 0]
					},
					"position": {
						"0.0": [1, 1, 0],
						"0.15": [0, 1, 0],
						"0.52": [0, 1, 0],
						"0.57": [0, 0, 0]
					}
				},
				"rightLeg": {
					"rotation": {
						"0.0": [-35, 15, 0],
						"0.15": [50, 0, 2.5],
						"0.45": [50, 0, 2.5],
						"0.55": [15, 1, 1]
					},
					"position": {
						"0.0": [0, 0, 0],
						"0.15": [0, 1, 0],
						"0.45": [0, 1, 0],
						"0.55": [0, 0, 1]
					}
				},
				"leftLeg": {
					"rotation": {
						"0.0": [35, 15, 0],
						"0.15": [-35, 0, 0],
						"0.45": [-35, 0, 0],
						"0.55": [-15, 4, -2.5]
					},
					"position": {
						"0.0": [0, 0, 0],
						"0.15": [0, 1, 0],
						"0.45": [0, 1, 0],
						"0.55": [0, 0, -1]
					}
				},
				"leftArm": {
					"rotation": [-60, -65, 0],
					"position": [-1, 0, 0]
				},
				"root2": {
					"position": {
						"0.0": [0, 0, 0],
						"0.15": [0, 0, -2],
						"0.45": [0, 0, -2],
						"0.55": [0, 0, 0]
					}
				},
				"rightForeArm": {
					"scale": {
						"0.125": [1, 1, 1],
						"0.15": [1, 30, 1],
						"0.45": [1, 30, 1],
						"0.55": [1, 1, 1]
					}
				}
			}
		},
		"animation.gomu.stamp.start": {
			"loop": "hold_on_last_frame",
			"animation_length": 9999,
			"override_previous_animation": true,
			"bones": {
				"waist": {
					"rotation": {
						"0.0": [0, "variable.is_first_person ? 180 : 0", 0],
						"0.25": [5, "variable.is_first_person ? 180 : 0", 0]
					}
				},
				"rightArm": {
					"rotation": {
						"0.0": [0, 0, 0],
						"0.25": [-7.5, 0, 10]
					}
				},
				"leftArm": {
					"rotation": {
						"0.0": [0, 0, 0],
						"0.25": [-7.5, 0, -10]
					}
				},
				"rightLeg": {
					"rotation": {
						"0.0": [0, 0, 0],
						"0.25": [17.5, 0, 0]
					}
				}
			}
		},
		"animation.gomu.stamp.end": {
			"animation_length": 0.6,
			"override_previous_animation": true,
			"bones": {
				"waist": {
					"rotation": {
						"0.0": [5, "variable.is_first_person ? 180 : 0", 0],
						"0.1": [-15, "variable.is_first_person ? 172.5 : 7.5", 5],
						"0.3": [-15, "variable.is_first_person ? 172.5 : 7.5", 5],
						"0.5": [5, "variable.is_first_person ? 180 : 0", 0]
					}
				},
				"rightArm": {
					"rotation": [-7.5, 0, 10]
				},
				"leftArm": {
					"rotation": [-7.5, 0, -10]
				},
				"rightLeg": {
					"rotation": {
						"0.0": [17.5, 0, 0],
						"0.1": [-170, 0, 0],
						"0.4": [-170, 0, 0],
						"0.5": [-7.5, 0, 0]
					},
					"position": {
						"0.0": [0, 0, 0],
						"0.1": [0, 0, -2],
						"0.2": [0, 0, -2],
						"0.3": [0, 0, -2],
						"0.5": [0, 0, 0]
					},
					"scale": {
						"0.0": [1, 1, 1],
						"0.1": [1, 1, 1],
						"0.2": [1, 20, 1],
						"0.3": [1, 20, 1],
						"0.4": [1, 1, 1]
					}
				}
			}
		},
		"animation.gomu.riffle.start": {
			"loop": "hold_on_last_frame",
			"animation_length": 10000,
			"override_previous_animation": true,
			"bones": {
				"waist": {
					"rotation": {
						"0.0": [0, "variable.is_first_person ? 180 : 0", 0],
						"0.2": [5, "variable.is_first_person ? 220 : 40", 0]
					},
					"position": [0, 0, 0]
				},
				"rightArm": {
					"rotation": {
						"0.0": [0, 0, 0],
						"0.1": [-266, 42.5, -178]
					},
					"position": {
						"0.0": [0, 0, 0],
						"0.3": [1, 1, 0]
					}
				},
				"rightLeg": {
					"rotation": {
						"0.0": [0, 0, 0],
						"0.2": [-35, 15, 0]
					},
					"position": [0, 0, 0]
				},
				"leftLeg": {
					"rotation": {
						"0.0": [0, 0, 0],
						"0.2": [35, 15, 0]
					},
					"position": [0, 0, 0]
				},
				"leftArm": {
					"rotation": {
						"0.0": [0, 0, 0],
						"0.2": [-60, -65, 0]
					},
					"position": {
						"0.0": [0, 0, 0],
						"0.2": [-1, 0, 0]
					}
				},
				"rightForeArm": {
					"rotation": {
						"0.1": [0, 0, 0],
						"0.3": [0, 360, 0]
					},
					"position": {
						"0.1": [0, 0, 0],
						"0.2": [-2, 0, 0],
						"0.3": [0, 0, 0]
					},
					"scale": {
						"0.1": [1, 1, 1],
						"0.3": [1, 8, 1]
					}
				}
			}
		},
		"animation.gomu.riffle.end": {
			"loop": "hold_on_last_frame",
			"animation_length": 0.6,
			"override_previous_animation": true,
			"bones": {
				"waist": {
					"rotation": {
						"0.0": [5, "variable.is_first_person ? 220 : 40", 0],
						"0.2": [20, "variable.is_first_person ? 170 : -10", 0],
						"0.45": [20, "variable.is_first_person ? 170 : -10", 0],
						"0.55": [0, "variable.is_first_person ? 202.5 : 22.5", 0]
					},
					"position": {
						"0.0": [0, 0, 0],
						"0.2": [0, 1, 0],
						"0.45": [0, 1, 0],
						"0.55": [0, 0, 0]
					}
				},
				"rightArm": {
					"rotation": {
						"0.0": [-266, 42.5, -178],
						"0.2": ["variable.is_first_person ? -110 : q.target_x_rotation + -110", "variable.is_first_person ? 10 : q.target_y_rotation + 10", 0],
						"0.45": ["variable.is_first_person ? -110 : q.target_x_rotation + -110", "variable.is_first_person ? 10 : q.target_y_rotation + 10", 0],
						"0.55": [-90, 0, 0]
					},
					"position": {
						"0.0": [1, 1, 0],
						"0.2": [0, 1, 0],
						"0.45": [0, 1, 0],
						"0.55": [0, 0, 0]
					}
				},
				"rightLeg": {
					"rotation": {
						"0.0": [-35, 15, 0],
						"0.2": [50, 0, 2.5],
						"0.45": [50, 0, 2.5],
						"0.55": [15, 1, 1]
					},
					"position": {
						"0.0": [0, 0, 0],
						"0.2": [0, 1, 0],
						"0.45": [0, 1, 0],
						"0.55": [0, 0, 1]
					}
				},
				"leftLeg": {
					"rotation": {
						"0.0": [35, 15, 0],
						"0.2": [-35, 0, 0],
						"0.45": [-35, 0, 0],
						"0.55": [-15, 4, -2.5]
					},
					"position": {
						"0.0": [0, 0, 0],
						"0.2": [0, 1, 0],
						"0.45": [0, 1, 0],
						"0.55": [0, 0, -1]
					}
				},
				"leftArm": {
					"rotation": [-60, -65, 0],
					"position": [-1, 0, 0]
				},
				"root2": {
					"position": {
						"0.0": [0, 0, 0],
						"0.2": [0, 0, -2],
						"0.45": [0, 0, -2],
						"0.55": [0, 0, 0]
					}
				},
				"rightForeArm": {
					"rotation": {
						"0.0": [0, 0, 0],
						"0.32": [0, -360, 0]
					},
					"position": {
						"0.0": [0, 0, 0],
						"0.16": [-2, 0, 0],
						"0.32": [0, 0, 0]
					},
					"scale": {
						"0.0": [1, 8, 1],
						"0.075": [1, 1, 1],
						"0.175": [1, 1, 1],
						"0.2": [1, 30, 1],
						"0.45": [1, 30, 1],
						"0.55": [1, 1, 1]
					}
				}
			},
			"particle_effects": {
			    "0.0": [
			        {"effect": "gomu_pistol","locator": ""}
			    ]
			}
		},
		"animation.gomu.bazooka.start": {
			"loop": "hold_on_last_frame",
			"animation_length": 9999,
			"override_previous_animation": true,
			"bones": {
				"waist": {
					"rotation": {
						"0.0": [0, "variable.is_first_person ? 180 : 0", 0],
						"0.3333": [-10, "variable.is_first_person ? 180 : 0", 0],
						"0.5": [15, "variable.is_first_person ? 180 : 0", 0]
					}
				},
				"rightArm": {
					"rotation": {
						"0.0": [0, 0, 0],
						"0.1667": [-80, 10, 0],
						"0.3333": [-80, -20, 0],
						"0.5": [-75, 180, 0]
					},
					"position": {
						"0.3333": [0, 0, 0],
						"0.5": [-1.5, 0, 0]
					}
				},
				"rightForeArm": {
					"scale": {
						"0.4583": [1, 1, 1],
						"0.5417": [1, 15, 1]
					}
				},
				"leftArm": {
					"rotation": {
						"0.0": [0, 0, 0],
						"0.1667": [-80, -10, 0],
						"0.3333": [-80, 20, 0],
						"0.5": [-75, -180, 0]
					},
					"position": {
						"0.3333": [0, 0, 0],
						"0.5": [1.5, 0, 0]
					}
				},
				"leftForeArm": {
					"scale": {
						"0.4583": [1, 1, 1],
						"0.5417": [1, 15, 1]
					}
				},
				"rightLeg": {
					"rotation": {
						"0.1667": [0, 0, 0],
						"0.3333": [0, 0, 5],
						"0.4167": [0, 0, 5],
						"0.5": [2.5, 0, 5]
					},
					"position": {
						"0.1667": [0, 0, 0],
						"0.3333": [-0.5, 0, 0],
						"0.4167": [-0.5, 0, 0],
						"0.5": [-0.5, 0, -0.5]
					}
				},
				"leftLeg": {
					"rotation": {
						"0.1667": [0, 0, 0],
						"0.3333": [0, 0, -5],
						"0.4167": [0, 0, -5],
						"0.5": [2.5, 0, -5]
					},
					"position": {
						"0.1667": [0, 0, 0],
						"0.3333": [0.5, 0, 0],
						"0.4167": [0.5, 0, 0],
						"0.5": [0.5, 0, -0.5]
					}
				}
			}
		},
		"animation.gomu.bazooka.end": {
			"loop": "hold_on_last_frame",
			"animation_length": 0.79167,
			"override_previous_animation": true,
			"bones": {
				"waist": {
					"rotation": {
						"0.0": [15, "variable.is_first_person ? 180 : 0", 0],
						"0.125": [-12.5, "variable.is_first_person ? 180 : 0", 0],
						"0.6667": [-12.5, "variable.is_first_person ? 180 : 0", 0],
						"0.7917": [-2.5, "variable.is_first_person ? 180 : 0", 0]
					}
				},
				"rightArm": {
					"rotation": {
						"0.0": [-75, 180, 0],
						"0.125": [-105, 180, 0],
						"0.1667": ["variable.is_first_person ? -77.5 : q.target_x_rotation + -77.5", "variable.is_first_person ? 0 : q.target_y_rotation", 0],
						"0.6667": ["variable.is_first_person ? -77.5 : q.target_x_rotation + -77.5", "variable.is_first_person ? 0 : q.target_y_rotation", 0],
						"0.7917": [-60, 60, 0]
					},
					"position": {
						"0.125": [-1.5, 0, 0],
						"0.1667": [0, 0, 0]
					}
				},
				"rightForeArm": {
					"scale": {
						"0.0": [1, 15, 1],
						"0.125": [1, 1, 1],
						"0.1667": [1, 1, 1],
						"0.2083": [1, 5, 1],
						"0.6667": [1, 5, 1],
						"0.7083": [1, 1, 1]
					}
				},
				"leftArm": {
					"rotation": {
						"0.0": [-75, -180, 0],
						"0.125": [-105, -180, 0],
						"0.1667": ["variable.is_first_person ? -77.5 : q.target_x_rotation + -77.5", "variable.is_first_person ? 0 : q.target_y_rotation", 0],
						"0.6667": ["variable.is_first_person ? -77.5 : q.target_x_rotation + -77.5", "variable.is_first_person ? 0 : q.target_y_rotation", 0],
						"0.7917": [-60, -60, 0]
					},
					"position": {
						"0.125": [1.5, 0, 0],
						"0.1667": [0, 0, 0]
					}
				},
				"leftForeArm": {
					"scale": {
						"0.0": [1, 15, 1],
						"0.125": [1, 1, 1],
						"0.1667": [1, 1, 1],
						"0.2083": [1, 5, 1],
						"0.6667": [1, 5, 1],
						"0.7083": [1, 1, 1]
					}
				},
				"rightLeg": {
					"rotation": [2.5, 0, 5],
					"position": [-0.5, 0, -0.5]
				},
				"leftLeg": {
					"rotation": [2.5, 0, -5],
					"position": [0.5, 0, -0.5]
				}
			}
		},
		"animation.gomu.gatling_gun.end": {
			"loop": "hold_on_last_frame",
			"animation_length": 1.75,
			"override_previous_animation": true,
			"bones": {
				"root": {
					"rotation": [0, "variable.is_first_person ? 0 : q.target_y_rotation", 0]
				},
				"waist": {
					"rotation": {
						"0.0": [0, 0, 0],
						"0.2083": ["variable.is_first_person ? 0 : q.target_x_rotation", "variable.is_first_person ? 180 : math.cos(q.anim_time * 3000) * 7.5", 0],
						"1.5": ["variable.is_first_person ? 0 : q.target_x_rotation", "variable.is_first_person ? 180 : math.cos(q.anim_time * 3000) * 7.5", 0],
						"1.75": [0, 0, 0]
					},
					"position": {
						"0.0": [0, 0, 0],
						"0.2083": [0, "variable.is_first_person ? 0 : -2", 1],
						"1.5": [0, "variable.is_first_person ? 0 : -2", 1],
						"1.75": [0, 0, 0]
					}
				},
				"rightArm": {
					"rotation": {
						"0.0": [0, 0, 0],
						"0.2083": [-115, 0, 20],
						"1.5": [-115, 0, 20],
						"1.75": [0, 0, 0]
					},
					"position": {
						"0.0": [0, 0, 0],
						"0.2083": ["-4 + math.random(-7, 7)", "5 + math.random(-10, 10)", "-5 + math.random(-2, 7)"],
						"1.5": ["-4 + math.random(-7, 7)", "5 + math.random(-10, 10)", "-5 + math.random(-2, 7)"],
						"1.75": [0, 0, 0]
					},
					"scale": {
						"0.1667": [1, 1, 1],
						"0.2083": [1, "math.random(0.5, 5)", 1],
						"1.5": [1, "math.random(0.5, 5)", 1],
						"1.75": [1, 1, 1]
					}
				},
				"leftArm": {
					"rotation": {
						"0.0": [0, 0, 0],
						"0.2083": [-115, 0, -20],
						"1.5": [-115, 0, -20],
						"1.75": [0, 0, 0]
					},
					"position": {
						"0.0": [0, 0, 0],
						"0.2083": ["4 + math.random(-7, 7)", "5 + math.random(-10, 10)", "-5 + math.random(-2, 7)"],
						"1.5": ["4 + math.random(-7, 7)", "5 + math.random(-10, 10)", "-5 + math.random(-2, 7)"],
						"1.75": [0, 0, 0]
					},
					"scale": {
						"0.1667": [1, 1, 1],
						"0.2083": [1, "math.random(0.5, 5)", 1],
						"1.5": [1, "math.random(0.5, 5)", 1],
						"1.75": [1, 1, 1]
					}
				},
				"rightLeg": {
					"rotation": {
						"0.0": [0, 0, 0],
						"0.2083": [-10, 20, 0.5],
						"1.5": [-10, 20, 0.5],
						"1.75": [0, 0, 0]
					},
					"position": {
						"0.0": [0, 0, 0],
						"0.2083": [-0.5, -0.5, -0.5],
						"1.5": [-0.5, -0.5, -0.5],
						"1.75": [0, 0, 0]
					}
				},
				"leftLeg": {
					"rotation": {
						"0.0": [0, 0, 0],
						"0.2083": [-10, -20, 0.5],
						"1.5": [-10, -20, 0.5],
						"1.75": [0, 0, 0]
					},
					"position": {
						"0.0": [0, 0, 0],
						"0.2083": [0.5, -0.5, -0.5],
						"1.5": [0.5, -0.5, -0.5],
						"1.75": [0, 0, 0]
					}
				},
				"body": {
					"rotation": {
						"0.0": [0, 0, 0],
						"0.2083": [25, 0, 0],
						"1.5": [25, 0, 0],
						"1.75": [0, 0, 0]
					},
					"position": {
						"0.0": [0, 0, 0],
						"0.2083": [0, 0, -4],
						"1.5": [0, 0, -4],
						"1.75": [0, 0, 0]
					}
				}
			},
			"sound_effects": {
				"0.2083": {
					"effect": "gomu_gatling"
				}
			},
			"particle_effects": {
				"0.2083": {
					"effect": "gomu_gatling",
					"locator": "gatling"
				},
				"0.2917": {
					"effect": "gomu_gatling",
					"locator": "gatling"
				},
				"0.4167": {
					"effect": "gomu_gatling",
					"locator": "gatling"
				},
				"0.5": {
					"effect": "gomu_gatling",
					"locator": "gatling"
				},
				"0.5833": {
					"effect": "gomu_gatling",
					"locator": "gatling"
				},
				"0.7083": {
					"effect": "gomu_gatling",
					"locator": "gatling"
				},
				"0.7917": {
					"effect": "gomu_gatling",
					"locator": "gatling"
				},
				"0.9167": {
					"effect": "gomu_gatling",
					"locator": "gatling"
				},
				"1.0417": {
					"effect": "gomu_gatling",
					"locator": "gatling"
				},
				"1.1667": {
					"effect": "gomu_gatling",
					"locator": "gatling"
				},
				"1.2917": {
					"effect": "gomu_gatling",
					"locator": "gatling"
				},
				"1.4167": {
					"effect": "gomu_gatling",
					"locator": "gatling"
				}
			}
		},
		"animation.gomu.rocket.start": {
			"loop": "hold_on_last_frame",
			"animation_length": 9999,
			"override_previous_animation": true,
			"bones": {
				"waist": {
					"rotation": {
						"0.0": [0, "variable.is_first_person ? 180 : 0", 0],
						"0.25": [25, "variable.is_first_person ? 180 : 0", 0]
					},
					"position": {
						"0.0": [0, 0, 0],
						"0.25": [0, -1, 0.5]
					}
				},
				"rightArm": {
					"rotation": {
						"0.0": [0, 0, 0],
						"0.125": [-45, 125, 0],
						"0.3333": ["variable.is_first_person ? -115 : q.target_x_rotation + -115", "variable.is_first_person ? 2.5 : q.target_y_rotation + 2.5", 2.5]
					},
					"position": [0, 0, 0]
				},
				"leftArm": {
					"rotation": {
						"0.0": [0, 0, 0],
						"0.125": [-45, -125, 0],
						"0.3333": ["variable.is_first_person ? -115 : q.target_x_rotation + -115", "variable.is_first_person ? -2.5 : q.target_y_rotation + -2.5", 2.5]
					},
					"position": [0, 0, 0]
				},
				"rightLeg": {
					"rotation": {
						"0.0": [0, 0, 0],
						"0.25": [-2.5, 0, 5]
					},
					"position": {
						"0.0": [0, 0, 0],
						"0.25": [-1, 0, 0]
					}
				},
				"leftLeg": {
					"rotation": {
						"0.0": [0, 0, 0],
						"0.25": [-2.5, 0, -5]
					},
					"position": {
						"0.0": [0, 0, 0],
						"0.25": [1, 0, 0]
					}
				},
				"head": {
					"rotation": {
						"0.0": [0, 0, 0],
						"0.25": [-7.5, 0, 0]
					}
				},
				"rightForeArm": {
					"scale": {
						"0.3333": [1, 1, 1],
						"0.5": [1, 15, 1]
					}
				},
				"leftForeArm": {
					"scale": {
						"0.3333": [1, 1, 1],
						"0.5": [1, 15, 1]
					}
				}
			}
		},
		"animation.gomu.rocket.end": {
			"loop": "hold_on_last_frame",
			"animation_length": 1,
			"override_previous_animation": true,
			"bones": {
				"waist": {
					"rotation": {
						"0.05": [25, "variable.is_first_person ? 180 : 0", 0],
						"0.15": [-5, "variable.is_first_person ? 180 : 0", 0],
						"0.3": [10, "variable.is_first_person ? 180 : 0", 0]
					},
					"position": {
						"0.0": [0, 0, 0],
						"0.3": [0, -1, 0]
					}
				},
				"rightArm": {
					"rotation": {
						"0.05": [-115, 2.5, 2.5],
						"0.15": [-102.5, -2.5, 2.5],
						"0.3": [-100, -5, 2.5]
					},
					"scale": {
						"0.0": [1, 1, 1],
						"0.15": [1, -1, 1]
					}
				},
				"leftArm": {
					"rotation": {
						"0.05": [-115, -2.5, -2.5],
						"0.15": [-102.5, 2.5, -2.5],
						"0.3": [-100, 5, -2.5]
					},
					"scale": {
						"0.0": [1, 1, 1],
						"0.15": [1, -1, 1]
					}
				},
				"rightLeg": {
					"rotation": {
						"0.15": [-2.5, 0, 5],
						"0.3": [25.32992, -1.51827, 0.00637]
					},
					"position": {
						"0.15": [-1, 0, 0],
						"0.3": [-0.5, 0, -1.5]
					}
				},
				"leftLeg": {
					"rotation": {
						"0.15": [-2.5, 0, -5],
						"0.3": [27.41063, -2.30644, -0.56255]
					},
					"position": {
						"0.15": [1, 0, 0],
						"0.3": [0.5, 0, -0.5]
					}
				},
				"head": {
					"rotation": {
						"0.0": [5, 0, 0],
						"0.3": [-7.5, 0, 0]
					}
				},
				"rightForeArm": {
					"scale": {
						"0.0": [1, 15, 1],
						"0.15": [1, 15, 1],
						"0.3": [1, 1, 1]
					}
				},
				"leftForeArm": {
					"scale": {
						"0.0": [1, 15, 1],
						"0.15": [1, 15, 1],
						"0.3": [1, 1, 1]
					}
				}
			}
		}
	}
}