{
	"format_version": "1.8.0",
	"animations": {
		"animation.dodge": {
			"loop": "hold_on_last_frame",
			"animation_length": 0.4167,
			"bones": {
				"waist": {
					"rotation": {
						"0.0": [0, 0, 0],
						"0.0833": [-15, 0, 0],
						"0.4167": [0, 0, 0]
					}
				},
				"rightArm": {
					"rotation": {
						"0.0": [0, 0, 0],
						"0.0417": [0, 0, 12.5],
						"0.1667": [0, 0, 12.5],
						"0.4167": [0, 0, 0]
					}
				},
				"leftArm": {
					"rotation": {
						"0.0": [0, 0, 0],
						"0.0417": [25, 5, -20],
						"0.1667": [25, 5, -10],
						"0.4167": [0, 0, 0]
					}
				},
				"root2": {
					"rotation": {
						"0.0": [0, 0, 0],
						"0.0833": [0, "q.target_y_rotation", 0],
						"0.2083": [0, "q.target_y_rotation", 0],
						"0.4167": [0, 0, 0]
					},
					"position": {
						"0.0": [0, 0, 0],
						"0.0833": [-3, 0, 0],
						"0.125": [-3, 0, 0],
						"0.4167": [0, 0, 0]
					}
				},
				"tudo": {
					"rotation": {
						"0.0": [0, 0, 0],
						"0.0833": [0, -67.5, 0],
						"0.4167": [0, 0, 0]
					}
				}
			},
			"sound_effects": {
				"0.0833": {
					"effect": "game.player.hurt"
				}
			}
		},
		"animation.dodge2": {
			"loop": "hold_on_last_frame",
			"animation_length": 0.4167,
			"bones": {
				"waist": {
					"rotation": {
						"0.0": [0, 0, 0],
						"0.0833": [-15, 0, 0],
						"0.4167": [0, 0, 0]
					}
				},
				"rightArm": {
					"rotation": {
						"0.0": [0, 0, 0],
						"0.0417": [25, -5, 20],
						"0.1667": [25, -5, 20],
						"0.4167": [0, 0, 0]
					}
				},
				"leftArm": {
					"rotation": {
						"0.0": [0, 0, 0],
						"0.0417": [0, 0, -12.5],
						"0.1667": [0, 0, -12.5],
						"0.4167": [0, 0, 0]
					}
				},
				"root2": {
					"rotation": {
						"0.0": [0, 0, 0],
						"0.0833": [0, "q.target_y_rotation", 0],
						"0.2083": [0, "q.target_y_rotation", 0],
						"0.4167": [0, 0, 0]
					},
					"position": {
						"0.0": [0, 0, 0],
						"0.0833": [4, 0, 0],
						"0.125": [4, 0, 0],
						"0.4167": [0, 0, 0]
					}
				},
				"tudo": {
					"rotation": {
						"0.0": [0, 0, 0],
						"0.0833": [0, 67.5, 0],
						"0.4167": [0, 0, 0]
					}
				}
			},
			"sound_effects": {
				"0.0833": {
					"effect": "game.player.hurt"
				}
			}
		}
	}
}