{
	"format_version": "1.8.0",
	"animations": {
		"animation.hie.ice_partisan.start": {
			"loop": "hold_on_last_frame",
			"animation_length": 99999,
			"override_previous_animation": true,
			"bones": {
				"waist": {
					"rotation": [0, "variable.is_third_person ? 0: 180", 0]
				},
				"partisan1": {
					"rotation": ["variable.is_third_person ? query.target_x_rotation : 0", "variable.is_third_person ?query.target_y_rotation : 0", 0],
					"position": {
						"0.0": [-14, 14, 5],
						"0.1": [-14, 14, -5]
					},
					"scale": {
						"0.0": [1, 1, 1],
						"0.1": [10, 10, 10]
					}
				},
				"partisan2": {
					"rotation": ["variable.is_third_person ? query.target_x_rotation : 0", "variable.is_third_person ?query.target_y_rotation : 0", 0],
					"position": {
						"0.3": [14, 14, 5],
						"0.4": [14, 14, -5]
					},
					"scale": {
						"0.3": [1, 1, 1],
						"0.4": [10, 10, 10]
					}
				},
				"partisan3": {
					"rotation": ["variable.is_third_person ? query.target_x_rotation : 0", "variable.is_third_person ?query.target_y_rotation : 0", 0],
					"position": {
						"0.1": [-16, 7, 5],
						"0.2": [-16, 7, -5]
					},
					"scale": {
						"0.1": [1, 1, 1],
						"0.2": [10, 10, 10]
					}
				},
				"partisan4": {
					"rotation": ["variable.is_third_person ? query.target_x_rotation : 0", "variable.is_third_person ?query.target_y_rotation : 0", 0],
					"position": {
						"0.4": [18, 7, 5],
						"0.5": [18, 7, -5]
					},
					"scale": {
						"0.4": [1, 1, 1],
						"0.5": [10, 10, 10]
					}
				},
				"partisan5": {
					"rotation": ["variable.is_third_person ? query.target_x_rotation : 0", "variable.is_third_person ?query.target_y_rotation : 0", 0],
					"position": {
						"0.2": [-14, 0, 5],
						"0.3": [-14, 0, -5]
					},
					"scale": {
						"0.2": [1, 1, 1],
						"0.3": [10, 10, 10]
					}
				},
				"partisan6": {
					"rotation": ["variable.is_third_person ? query.target_x_rotation : 0", "variable.is_third_person ?query.target_y_rotation : 0", 0],
					"position": {
						"0.5": [14, 0, 5],
						"0.6": [14, 0, -5]
					},
					"scale": {
						"0.5": [1, 1, 1],
						"0.6": [10, 10, 10]
					}
				},
				"rightArm": {
					"rotation": {
						"0.0": [0, 0, 0],
						"0.1": [-32.5, 32.5, 0]
					}
				},
				"leftArm": {
					"rotation": {
						"0.0": [0, 0, 0],
						"0.1": [-32.5, -32.5, 0]
					}
				}
			}
		},
		"animation.hie.ice_partisan.end": {
			"loop": "hold_on_last_frame",
			"animation_length": 0.9,
			"override_previous_animation": true,
			"bones": {
				"waist": {
					"rotation": [0, "variable.is_third_person ? 0: 180", 0]
				},
				"partisan1": {
					"rotation": ["variable.is_third_person ? query.target_x_rotation : 0", "variable.is_third_person ?query.target_y_rotation : 0", 0],
					"position": {
						"0.05": [-14, 14, -5],
						"0.1": [-14, 14, 5]
					},
					"scale": {
						"0.05": [10, 10, 10],
						"0.1": [0, 0, 0]
					}
				},
				"partisan2": {
					"rotation": ["variable.is_third_person ? query.target_x_rotation : 0", "variable.is_third_person ?query.target_y_rotation : 0", 0],
					"position": {
						"0.4": [14, 14, -5],
						"0.55": [14, 14, 5]
					},
					"scale": {
						"0.4": [10, 10, 10],
						"0.55": [0, 0, 0]
					}
				},
				"partisan3": {
					"rotation": ["variable.is_third_person ? query.target_x_rotation : 0", "variable.is_third_person ?query.target_y_rotation : 0", 0],
					"position": {
						"0.2": [-16, 7, -5],
						"0.25": [-16, 7, 5]
					},
					"scale": {
						"0.2": [10, 10, 10],
						"0.25": [0, 0, 0]
					}
				},
				"partisan4": {
					"rotation": ["variable.is_third_person ? query.target_x_rotation : 0", "variable.is_third_person ?query.target_y_rotation : 0", 0],
					"position": {
						"0.65": [18, 7, -5],
						"0.7": [18, 7, 5]
					},
					"scale": {
						"0.65": [10, 10, 10],
						"0.7": [0, 0, 0]
					}
				},
				"partisan5": {
					"rotation": ["variable.is_third_person ? query.target_x_rotation : 0", "variable.is_third_person ?query.target_y_rotation : 0", 0],
					"position": {
						"0.35": [-14, 0, -5],
						"0.4": [-14, 0, 5]
					},
					"scale": {
						"0.35": [10, 10, 10],
						"0.4": [0, 0, 0]
					}
				},
				"partisan6": {
					"rotation": ["variable.is_third_person ? query.target_x_rotation : 0", "variable.is_third_person ?query.target_y_rotation : 0", 0],
					"position": {
						"0.8": [14, 0, -5],
						"0.85": [14, 0, 5]
					},
					"scale": {
						"0.8": [10, 10, 10],
						"0.85": [0, 0, 0]
					}
				},
				"rightArm": {
					"rotation": {
						"0.0": [-32.5, 32.5, 0],
						"0.1": [-90, 0, 0]
					}
				},
				"leftArm": {
					"rotation": {
						"0.0": [-32.5, -32.5, 0],
						"0.1": [0, -62.5, -17.5]
					}
				}
			}
		},
		"animation.hie.ice_ball": {
			"loop": "hold_on_last_frame",
			"animation_length": 0.5,
			"bones": {
				"waist": {
					"rotation": {
						"0.0": [0, 0, 0],
						"0.2": [7.5, -12.5, 0]
					}
				},
				"rightArm": {
					"rotation": {
						"0.0": [0, 0, 0],
						"0.2": [-77.39557, 7.32123, 91.63219]
					}
				},
				"leftArm": {
					"rotation": {
						"0.0": [0, 0, 0],
						"0.2": [12.5, 0, -10]
					}
				}
			}
		},
		"animation.hie.ice_pheasant": {
			"loop": "hold_on_last_frame",
			"animation_length": 0.75,
			"bones": {
				"waist": {
					"rotation": {
						"0.0": [0, 0, 0],
						"0.2": [7.5, -12.5, 0]
					}
				},
				"rightForeArmFruit": {
					"scale": 1.25
				},
				"rightArm": {
					"rotation": {
						"0.0": [0, 0, 0],
						"0.2": [-77.39557, 7.32123, 91.63219]
					}
				},
				"leftArm": {
					"rotation": {
						"0.0": [0, 0, 0],
						"0.2": [12.5, 0, -10]
					}
				}
			}
		},
		"animation.hie.ice_age.loop": {
			"loop": "hold_on_last_frame",
			"animation_length": 0.5,
			"override_previous_animation": true,
			"bones": {
				"waist": {
					"rotation": [82.5, 0, 0],
					"position": [0, -1.5, 1]
				},
				"rightArm": {
					"rotation": [-82.5, 0, 0]
				},
				"rightForeArmFruit": {
					"scale": [1.25, 1.25, 1.25]
				},
				"leftArm": {
					"rotation": [-82.5, 0, 0]
				},
				"leftForeArmFruit": {
					"scale": [1.25, 1.25, 1.25]
				},
				"rightLeg": {
					"rotation": [-7.5, 0, 0]
				},
				"leftLeg": {
					"rotation": [27.5, 0, 0],
					"position": [0, -1, 0]
				}
			}
		},
		"animation.hie.ice_age": {
			"loop": "hold_on_last_frame",
			"animation_length": 1.0,
			"override_previous_animation": true,
			"bones": {
				"waist": {
					"rotation": {
						"0.0": [0, 0, 0],
						"0.25": [82.5, 0, 0]
					},
					"position": {
						"0.0": [0, 0, 0],
						"0.25": [0, -1.5, 1]
					}
				},
				"rightArm": {
					"rotation": {
						"0.0": [0, 0, 0],
						"0.25": [-82.5, 0, 0]
					}
				},
				"rightForeArmFruit": {
					"scale": {
						"0.0": [1, 1, 1],
						"0.25": [1.25, 1.25, 1.25]
					}
				},
				"leftArm": {
					"rotation": {
						"0.0": [0, 0, 0],
						"0.25": [-82.5, 0, 0]
					}
				},
				"leftForeArmFruit": {
					"scale": {
						"0.0": [1, 1, 1],
						"0.25": [1.25, 1.25, 1.25]
					}
				},
				"rightLeg": {
					"rotation": {
						"0.0": [0, 0, 0],
						"0.25": [-7.5, 0, 0]
					}
				},
				"leftLeg": {
					"rotation": {
						"0.0": [0, 0, 0],
						"0.25": [27.5, 0, 0]
					},
					"position": {
						"0.0": [0, 0, 0],
						"0.25": [0, -1, 0]
					}
				}
			}
		}
	}
}