{
	"format_version": "1.8.0",
	"animations": {
		"animation.mera.fly": {
			"loop": true,
			"animation_length": 0.05,
			"particle_effects": {
				"0.0": [
					{"effect": "mera_fly","locator": "fly"}
				]
			}
		},
		"animation.mera.higan": {
			"loop": false,
			"animation_length": 0.5,
			"override_previous_animation": true,
			"bones": {
				"waist": {
					"rotation": [0, "variable.is_third_person ? 0: 180", 0]
				},
				"rightArm": {
					"rotation": {
					    "0.0": ["query.target_x_rotation + -90", 0, 0],
					    "0.15": ["query.target_x_rotation + -100", 0, 0],
					    "0.2": ["query.target_x_rotation + -90", 0, 0]
					}
				},
				"leftArm": {
					"rotation": {
					    "0.0": ["query.target_x_rotation + -100", 0, 0],
					    "0.15": ["query.target_x_rotation + -90", 0, 0],
					    "0.2": ["query.target_x_rotation + -100", 0, 0]
					}
				},
				"rightForeArmFruit": {
					"scale": 1.25
				},
				"leftForeArmFruit": {
					"scale": 1.25
				}
			},
			"particle_effects": {
			    "0.0": [
			        {"effect": "shoot.small","locator": "rightarm2"}
			    ]
			}
		},
		"animation.mera.higan2": {
			"loop": false,
			"animation_length": 0.5,
			"override_previous_animation": true,
			"bones": {
				"waist": {
					"rotation": [0, "variable.is_third_person ? 0: 180", 0]
				},
				"armRight": {
					"rotation": ["query.target_x_rotation", "query.target_y_rotation", 0]
				},
				"armLeft": {
					"rotation": ["query.target_x_rotation", "query.target_y_rotation", 0]
				},
				"rightArm": {
					"rotation": [-90, 0, 0]
				},
				"leftArm": {
					"rotation": {
					    "0.0": [-90, 0, 0],
					    "0.15": [-100, 0, 0],
					    "0.2": [-90, 0, 0]
					}
				},
				"rightForeArmFruit": {
					"scale": 1.25
				},
				"leftForeArmFruit": {
					"scale": 1.25
				}
			},
			"particle_effects": {
			    "0.0": [
			        {"effect": "shoot.small","locator": "leftarm2"}
			    ]
			}
		},
		"animation.mera.hiken.loop": {
			"loop": false,
			"animation_length": 0.5,
			"override_previous_animation": true,
			"bones": {
				"waist": {
					"rotation": [0, "variable.is_third_person ? 0: 180", 0]
				},
				"body": {
					"rotation": [0, 25, 0]
				},
				"rightArm": {
					"rotation": [70, 0, 87.5]
				},
				"rightLeg": {
					"rotation": [-5, 0, 5],
					"position": [0, 0, 0]
				},
				"leftLeg": {
					"rotation": [5, 0, -5],
					"position": [0, 0, 0]
				},
				"leftArm": {
					"rotation": [-45, 0, -25]
				},
				"root2": {
					"position": [0, 0, 0]
				},
				"rightForeArmFruit": {
					"scale": 1.25
				}
			},
			"particle_effects": {
				"0.0": [
					{"effect": "mera_hiken_charge","locator": "mera_arms"}
				],
				"0.2": [
					{"effect": "mera_hiken_charge","locator": "mera_arms"}
				],
				"0.4": [
					{"effect": "mera_hiken_charge","locator": "mera_arms"}
				]
			}
		},
		"animation.mera.hiken.end": {
			"loop": false,
			"animation_length": 0.55,
			"override_previous_animation": true,
			"bones": {
				"waist": {
					"rotation": [0, "variable.is_third_person ? 0: 180", 0]
				},
				"body": {
					"rotation": {
						"0.0": [0, 25, 0],
						"0.2": [20, -10, 0],
						"0.3": [20, -10, 0],
						"0.5": [0, 22.5, 0]
					}
				},
				"rightArm": {
					"rotation": {
						"0.0": [70, 0, 87.5],
						"0.2": [-82.5, 22.5, 87.5],
						"0.3": [-82.5, 22.5, 87.5]
					}
				},
				"rightLeg": {
					"rotation": {
						"0.0": [-5, 0, 5],
						"0.2": [5, 0, 5],
						"0.3": [5, 0, 5],
						"0.5": [0, 25, 5]
					},
					"position": {
						"0.0": [0, 0, 0],
						"0.2": [0, 0, 4],
						"0.3": [0, 0, 4],
						"0.5": [0, 0, 1]
					}
				},
				"leftLeg": {
					"rotation": {
						"0.0": [5, 0, -5],
						"0.2": [-5, 0, -5],
						"0.3": [-5, 0, -5],
						"0.5": [-2.5, 10, -5]
					},
					"position": {
						"0.0": [0, 0, 0],
						"0.2": [0, 0, 4],
						"0.3": [0, 0, 4],
						"0.5": [0, 0, -1]
					}
				},
				"leftArm": {
					"rotation": {
						"0.0": [-45, 0, -25],
						"0.2": [47.5, 0, -25],
						"0.3": [47.5, 0, -25],
						"0.5": [-2.5, 0, -25]
					}
				},
				"root2": {
					"position": {
						"0.0": [0, 0, 0],
						"0.2": [0, 0, -3],
						"0.3": [0, 0, -3],
						"0.5": [0, 0, 0]
					}
				},
				"rightForeArmFruit": {
					"scale": 1.25
				}
			},
			"particle_effects": {
			    "0.0": [
			        {"effect": "shoot.default","locator": "rightarm2"}
			    ]
			}
		},
		"animation.mera.hibashira.end": {
			"loop": false,
			"animation_length": 1.5,
			"override_previous_animation": true,
			"bones": {
				"waist": {
					"rotation": [0, "variable.is_third_person ? 0: 180", 0]
				},
				"rightArm": {
					"rotation": {
						"0.5": [0, 90, 22.5],
						"0.6": [0, 90, 145]
					},
					"position": [-1, 1, -1]
				},
				"leftArm": {
					"rotation": {
						"0.5": [0, -90, -22.5],
						"0.6": [0, -90, -145]
					},
					"position": [1, 1, -1]
				},
				"rightForeArmFruit": {
					"scale": 1.25
				},
				"leftForeArmFruit": {
					"scale": 1.25
				}
			}
		},
		"animation.mera.dai_enkai.start": {
			"loop": false,
			"animation_length": 1.5,
			"bones": {
				"waist": {
					"rotation": [0, "variable.is_third_person ? 0: 180", 0]
				},
				"dai_enkai": {
					"rotation": ["query.anim_time * 500", "query.anim_time * 500", "query.anim_time * 500"],
					"position": [0, 175, 0],
					"scale": {
						"0.0": [1, 1, 1],
						"1.0": [90, 90, 90]
					}
				},
				"rightArm": {
					"rotation": [-180, 0, -22.5]
				},
				"leftArm": {
					"rotation": [-180, 0, 22.5]
				}
			},
			"particle_effects": {
			    "0.0": [
			        {"effect": "mera_hibashira_charge","locator": "root"}
			    ],
			    "0.2": [
			        {"effect": "mera_hibashira_charge","locator": "root"},
			        {"effect": "mera_dai_enkai4","locator": "dai_enkai"}
			    ],
			    "0.4": [
			        {"effect": "mera_hibashira_charge","locator": "root"},
			        {"effect": "mera_dai_enkai","locator": "dai_enkai"},
			        {"effect": "mera_dai_enkai2","locator": "dai_enkai"}
			    ],
			    "0.6": [
			        {"effect": "mera_hibashira_charge","locator": "root"},
			        {"effect": "mera_dai_enkai3","locator": "dai_enkai"}
			    ],
			    "0.8": [
			        {"effect": "mera_hibashira_charge","locator": "root"},
			        {"effect": "mera_dai_enkai","locator": "dai_enkai"},
			        {"effect": "mera_dai_enkai_charge","locator": "dai_enkai"},
			        {"effect": "mera_dai_enkai_charge2","locator": "dai_enkai"}
			    ]
			}
		},
		"animation.mera.dai_enkai.loop": {
			"loop": false,
			"animation_length": 0.5,
			"bones": {
				"waist": {
					"rotation": [0, "variable.is_third_person ? 0: 180", 0]
				},
				"dai_enkai": {
					"rotation": ["query.anim_time * 500", "query.anim_time * 500", "query.anim_time * 500"],
					"position": [0, 175, 0],
					"scale": [90, 90, 90]
				},
				"rightArm": {
					"rotation": [-180, 0, -22.5]
				},
				"leftArm": {
					"rotation": [-180, 0, 22.5]
				},
				"rightForeArmFruit": {
					"scale": 1.25
				},
				"leftForeArmFruit": {
					"scale": 1.25
				}
			},
			"particle_effects": {
			    "0.0": [
			        {"effect": "mera_dai_enkai","locator": "dai_enkai"},
			        {"effect": "mera_dai_enkai_charge","locator": "dai_enkai"},
			        {"effect": "mera_dai_enkai_charge2","locator": "dai_enkai"}
			    ]
			}
		}
	}
}