{
	"format_version": "1.8.0",
	"animations": {
		"animation.pika.light_flash": {
			"loop": false,
			"animation_length": 0.1,
			"particle_effects": {
				"0.0": [
					{"effect": "pika_light_flash","locator": ""}
				]
			}
		},
		"animation.pika.light_beam.loop": {
			"loop": false,
			"animation_length": 0.5,
			"bones": {
				"rightArm": {
					"rotation": ["variable.is_third_person ? -90 : 0", 0, 0]
				},
				"pikaSword": {
					"scale": 0
				}
			},
			"particle_effects": {
				"0.0": [
					{"effect": "pika_light_beam_charge","locator": "rightarm2"}
				]
			}
		},
		"animation.pika.light_kick.loop": {
			"loop": false,
			"animation_length": 0.5,
			"bones": {
				"rightLeg": {
					"position": [0, 1, -1]
				},
				"rightForeLegFruit": {
					"scale": [1.5, 1.25, 1.5]
				}
			},
			"particle_effects": {
				"0.0": [
					{"effect": "pika_light_beam_charge","locator": "lightkick"}
				]
			}
		},
		"animation.pika.light_kick.end": {
			"loop": "hold_on_last_frame",
			"animation_length": 0.6,
			"override_previous_animation": true,
			"bones": {
				"root2": {
					"scale": {
					    "0.125": [0, 0, 0],
					    "0.15": [1, 1, 1]
					}
				},
				"waist": {
					"rotation": {
						"0.0": [31.59983, 32.34805, 33.05439],
						"0.25": {
							"pre": [31.59983, 32.34805, 33.05439],
							"post": [31.59983, 32.34805, 33.05439],
							"lerp_mode": "catmullrom"
						},
						"0.4167": {
							"post": [35.71456, 40.68358, 39.94575],
							"lerp_mode": "catmullrom"
						},
						"0.5417": [40.61818, -72.4405, -20.99178]
					},
					"position": {
						"0.0": [0, 1, 1.5],
						"0.25": {
							"pre": [0, 1, 1.5],
							"post": [0, 1, 1.5],
							"lerp_mode": "catmullrom"
						},
						"0.4167": {
							"post": [0, 1, 1.5],
							"lerp_mode": "catmullrom"
						},
						"0.5417": [2.5, 1, 1.5]
					}
				},
				"rightArm": {
					"rotation": {
						"0.0": [5, -5, -22.5],
						"0.25": {
							"pre": [5, -5, -22.5],
							"post": [5, -5, -22.5],
							"lerp_mode": "catmullrom"
						},
						"0.4167": {
							"post": [5, -5, -22.5],
							"lerp_mode": "catmullrom"
						},
						"0.5417": [5, -5, -22.5]
					}
				},
				"leftArm": {
					"rotation": {
						"0.0": [5, 5, 22.5],
						"0.25": {
							"pre": [5, 5, 22.5],
							"post": [5, 5, 22.5],
							"lerp_mode": "catmullrom"
						},
						"0.4167": {
							"post": [5, 5, 22.5],
							"lerp_mode": "catmullrom"
						},
						"0.5417": [5, 5, 22.5]
					}
				},
				"rightLeg": {
					"rotation": {
						"0.0": [64.40794, -11.98847, 72.49621],
						"0.25": {
							"pre": [64.40794, -11.98847, 72.49621],
							"post": [64.40794, -11.98847, 72.49621],
							"lerp_mode": "catmullrom"
						},
						"0.4167": {
							"post": [59.52917, -14.9408, 88.62689],
							"lerp_mode": "catmullrom"
						},
						"0.5": [-112.97, -14.94, 88.63],
						"0.5833": [-19.76056, -82.78165, 20.35698]
					},
					"position": {
						"0.0": [0, 1, 0],
						"0.25": {
							"pre": [0, 1, 0],
							"post": [0, 1, 0],
							"lerp_mode": "catmullrom"
						},
						"0.4167": {
							"post": [0, 2, 0],
							"lerp_mode": "catmullrom"
						},
						"0.5": [6.78, 1.13, -1.32],
						"0.5833": [6, 1, -1.5]
					}
				},
				"leftLeg": {
					"rotation": {
						"0.4167": [0, 0, 0],
						"0.5417": [138.85707, -65.44683, -133.64293]
					},
					"position": {
						"0.4167": [0, 0, 0],
						"0.5417": [3, 1, 3.5]
					}
				},
				"rightForeLegFruit": {
					"scale": [1.5, 1.25, 1.5]
				}
			}
		},
		"animation.pika.light_rain": {
			"loop": false,
			"animation_length": 0.5,
			"bones": {
				"rightArm": {
					"rotation": ["variable.is_third_person ? -90 : 0", 0, 0]
				},
				"pikaSword": {
					"scale": 0
				}
			}
		}
	}
}