{
	"format_version": "1.8.0",
	"animations": {
		"animation.suna.fly": {
			"loop": true,
			"animation_length": 0.05,
			"particle_effects": {
				"0.0": [
					{"effect": "suna_particle","locator": "fly"}
				]
			}
		},
		"animation.suna.sables": {
			"loop": false,
			"animation_length": 0.75,
			"override_previous_animation": true,
			"bones": {
				"rightArm": {
					"rotation": [-67.5, 0, 0]
				}
			}
		},
		"animation.suna.desert_spada.start": {
			"loop": false,
			"animation_length": 9999,
			"override_previous_animation": true,
			"bones": {
				"waist": {
					"rotation": ["variable.is_third_person ? -2.5 : 0", "variable.is_third_person ? -20 : 180", 0]
				},
				"rightArm": {
					"rotation": [-125.48253, 10.61098, 42.02554],
					"position": [1, 0, -3]
				},
				"leftArm": {
					"rotation": [32.5, 0, -22.5],
					"position": [0, 0, -0.5]
				},
				"leftLeg": {
					"rotation": [0.90956, -19.98015, -2.66022],
					"position": [0, 0, 1]
				},
				"rightLeg": {
					"rotation": [-2.1895, -7.37759, 2.80442],
					"position": [0, 0, -1]
				}
			}
		},
		"animation.suna.desert_spada.end": {
			"loop": false,
			"animation_length": 0.25,
			"override_previous_animation": true,
			"bones": {
				"waist": {
					"rotation": {
						"0.0": ["variable.is_third_person ? -2.5 : 0", "variable.is_third_person ? -20 : 180", 0],
						"0.25": ["variable.is_third_person ? 2.71472 : 0", "variable.is_third_person ? 17.47905 : 180", "variable.is_third_person ? -0.47064 : 0"]
					}
				},
				"rightArm": {
					"rotation": {
						"0.0": [-125.48253, 10.61098, 42.02554],
						"0.25": [22.53861, -16.79847, 16.62595]
					},
					"position": {
						"0.0": [1, 0, -3],
						"0.25": [0, 0, 0]
					}
				},
				"leftArm": {
					"rotation": {
						"0.0": [32.5, 0, -22.5],
						"0.25": [-18.98806, 3.54276, -27.05461]
					},
					"position": [0, 0, -0.5]
				},
				"leftLeg": {
					"rotation": {
						"0.0": [0.90956, -19.98015, -2.66022],
						"0.25": [-1.65701, 7.51518, -2.45636]
					},
					"position": {
						"0.0": [0, 0, 1],
						"0.25": [0, 0, -0.5]
					}
				},
				"rightLeg": {
					"rotation": {
						"0.0": [-2.1895, -7.37759, 2.80442],
						"0.25": [2.87512, 12.60411, 3.57599]
					},
					"position": {
						"0.0": [0, 0, -1],
						"0.25": [-0.5, 0, 0.5]
					}
				}
			}
		},
		"animation.suna.heavy_sables": {
			"loop": false,
			"animation_length": 0.75,
			"override_previous_animation": true,
			"bones": {
				"rightArm": {
					"rotation": [-67.5, 0, 0]
				},
				"leftArm": {
					"rotation": [-67.5, 0, 0]
				}
			}
		},
		"animation.suna.ground_secco.loop": {
			"loop": false,
			"animation_length": 0.5,
			"override_previous_animation": true,
			"bones": {
				"waist": {
					"rotation": ["variable.is_third_person ? 82.5: 0", "variable.is_third_person ? 0: 180", 0],
					"position": [0, -1.5, 1]
				},
				"rightArm": {
					"rotation": [-82.5, 0, 0]
				},
				"leftArm": {
					"rotation": [-82.5, 0, 0]
				},
				"rightLeg": {
					"rotation": [-7.5, 0, 0]
				},
				"leftLeg": {
					"rotation": [27.5, 0, 0],
					"position": [0, -1, 0]
				}
			}
		},
		"animation.suna.ground_secco": {
			"loop": false,
			"animation_length": 0.5,
			"override_previous_animation": true,
			"bones": {
				"waist": {
					"rotation": {
						"0.0": ["variable.is_third_person ? 0: 0", "variable.is_third_person ? 0: 180", 0],
						"0.25": ["variable.is_third_person ? 82.5: 0", "variable.is_third_person ? 0: 180", 0]
					},
					"position": {
						"0.0": [0, 0, 0],
						"0.25": [0, -1.5, 1]
					}
				},
				"rightArm": {
					"rotation": {
						"0.0": [0, 0, 0],
						"0.25": [-82.5, 0, 0]
					}
				},
				"leftArm": {
					"rotation": {
						"0.0": [0, 0, 0],
						"0.25": [-82.5, 0, 0]
					}
				},
				"rightLeg": {
					"rotation": {
						"0.0": [0, 0, 0],
						"0.25": [-7.5, 0, 0]
					}
				},
				"leftLeg": {
					"rotation": {
						"0.0": [0, 0, 0],
						"0.25": [27.5, 0, 0]
					},
					"position": {
						"0.0": [0, 0, 0],
						"0.25": [0, -1, 0]
					}
				}
			}
		}
	}
}