{
	"format_version": "1.8.0",
	"animations": {
		"animation.yami.kurouzu": {
			"loop": false,
			"animation_length": 0.5,
			"bones": {
				"rightArm": {
					"rotation": ["variable.is_first_person ? -90 : q.target_x_rotation + -90", "variable.is_first_person ? 0 : q.target_y_rotation", 0]
				},
				"rightForeArmFruit": {
					"scale": 1.5
				}
			}
		},
		"animation.yami.black_hole.loop": {
			"loop": false,
			"animation_length": 0.5,
			"override_previous_animation": true,
			"bones": {
				"waist": {
					"rotation": ["variable.is_third_person ? 82.5: 0", "variable.is_third_person ? 0: 180", 0],
					"position": [0, -1.5, 1]
				},
				"rightArm": {
					"rotation": [-82.5, 0, 0]
				},
				"rightForeArmFruit": {
					"scale": [1.25, 1.25, 1.25]
				},
				"leftArm": {
					"rotation": [-82.5, 0, 0]
				},
				"leftForeArmFruit": {
					"scale": [1.75, 1.75, 1.75]
				},
				"rightLeg": {
					"rotation": [-7.5, 0, 0]
				},
				"leftLeg": {
					"rotation": [27.5, 0, 0],
					"position": [0, -1, 0]
				}
			}
		},
		"animation.yami.black_hole": {
			"loop": false,
			"animation_length": 0.5,
			"override_previous_animation": true,
			"bones": {
				"waist": {
					"rotation": {
						"0.0": ["variable.is_third_person ? 0: 0", "variable.is_third_person ? 0: 180", 0],
						"0.25": ["variable.is_third_person ? 82.5: 0", "variable.is_third_person ? 0: 180", 0]
					},
					"position": {
						"0.0": [0, 0, 0],
						"0.25": [0, -1.5, 1]
					}
				},
				"rightArm": {
					"rotation": {
						"0.0": [0, 0, 0],
						"0.25": [-82.5, 0, 0]
					}
				},
				"rightForeArmFruit": {
					"scale": {
						"0.0": [1, 1, 1],
						"0.25": [1.25, 1.25, 1.25]
					}
				},
				"leftArm": {
					"rotation": {
						"0.0": [0, 0, 0],
						"0.25": [-82.5, 0, 0]
					}
				},
				"leftForeArmFruit": {
					"scale": {
						"0.0": [1, 1, 1],
						"0.25": [1.75, 1.75, 1.75]
					}
				},
				"rightLeg": {
					"rotation": {
						"0.0": [0, 0, 0],
						"0.25": [-7.5, 0, 0]
					}
				},
				"leftLeg": {
					"rotation": {
						"0.0": [0, 0, 0],
						"0.25": [27.5, 0, 0]
					},
					"position": {
						"0.0": [0, 0, 0],
						"0.25": [0, -1, 0]
					}
				}
			}
		},
		"animation.yami.liberation.loop": {
			"loop": false,
			"animation_length": 0.5,
			"bones": {
				"armRight": {
					"rotation": ["query.target_x_rotation", 0, 0]
				},
				"rightArm": {
					"rotation": ["variable.is_third_person ? -90 : 0", 0, 0]
				},
				"rightForeArmFruit": {
					"scale": 1.5
				}
			}
		},
		"animation.yami.dark_ball.start": {
			"loop": false,
			"animation_length": 1.5,
			"bones": {
				"waist": {
					"rotation": [0, "variable.is_third_person ? 0: 180", 0]
				},
				"dark_ball": {
					"rotation": ["query.anim_time * 500", "query.anim_time * 500", "query.anim_time * 500"],
					"position": [0, 175, 0],
					"scale": {
						"0.0": [1, 1, 1],
						"1.0": [90, 90, 90]
					}
				},
				"rightArm": {
					"rotation": [-180, 0, -22.5]
				},
				"leftArm": {
					"rotation": [-180, 0, 22.5]
				}
			},
			"particle_effects": {
			    "0.0": [
			        {"effect": "yami_dark_ball3","locator": "dark_ball"},
			        {"effect": "yami_dark_ball4","locator": "dark_ball"}
			    ],
			    "0.2": [
			        {"effect": "yami_dark_ball","locator": "dark_ball"},
			        {"effect": "yami_dark_ball2","locator": "dark_ball"}
			    ],
			    "0.4": [
			        {"effect": "yami_dark_ball3","locator": "root"},
			        {"effect": "yami_dark_ball5","locator": "dark_ball"}
			    ],
			    "0.6": [
			        {"effect": "yami_dark_ball3","locator": "dark_ball"},
			        {"effect": "yami_dark_ball4","locator": "dark_ball"},
			        {"effect": "yami_dark_ball","locator": "dark_ball"},
			        {"effect": "yami_dark_ball2","locator": "dark_ball"},
			        {"effect": "yami_dark_ball5","locator": "dark_ball"}
			    ],
			    "0.8": [
			        {"effect": "yami_dark_ball3","locator": "dark_ball"},
			        {"effect": "yami_dark_ball4","locator": "dark_ball"},
			        {"effect": "yami_dark_ball","locator": "dark_ball"},
			        {"effect": "yami_dark_ball2","locator": "dark_ball"},
			        {"effect": "yami_dark_ball5","locator": "dark_ball"}
			    ]
			}
		},
		"animation.yami.dark_ball.loop": {
			"loop": false,
			"animation_length": 0.5,
			"bones": {
				"waist": {
					"rotation": [0, "variable.is_third_person ? 0: 180", 0]
				},
				"dark_ball": {
					"rotation": ["query.anim_time * 500", "query.anim_time * 500", "query.anim_time * 500"],
					"position": [0, 175, 0],
					"scale": [90, 90, 90]
				},
				"rightArm": {
					"rotation": [-180, 0, -22.5]
				},
				"leftArm": {
					"rotation": [-180, 0, 22.5]
				},
				"rightForeArmFruit": {
					"scale": 1.25
				},
				"leftForeArmFruit": {
					"scale": 1.25
				}
			},
			"particle_effects": {
			    "0.0": [
			        {"effect": "yami_dark_ball3","locator": "dark_ball"},
			        {"effect": "yami_dark_ball4","locator": "dark_ball"},
			        {"effect": "yami_dark_ball","locator": "dark_ball"},
			        {"effect": "yami_dark_ball2","locator": "dark_ball"},
			        {"effect": "yami_dark_ball5","locator": "dark_ball"}
			    ]
			}
		}
	}
}