{
  "format_version": "1.17.100",
  "minecraft:item": {
    "description": {
      "identifier": "wesl3y:belly_bag",
      "category": "nature"
    },
    "components": {
      "minecraft:max_stack_size": 64,
      "minecraft:hand_equipped": true,
      "minecraft:foil": true,
      "minecraft:render_offsets": {
	    "main_hand": {
		  "first_person": { 
		    "scale": [0.016,0.016,0.016]
		  },
		  "third_person": {
			"scale": [0.045, 0.045, 0.045]
		  }
		}
	  },/*
      "minecraft:render_offsets": {
	    "main_hand": {
		  "first_person": { 
		    "scale": [0.016,0.016,0.016]
		  },
		  "third_person": { 
			"scale": [0.048,0.048,0.048]
		  }
		}
	  },*/
      "minecraft:icon": {
        "texture": "belly_bag"
      },
	  "minecraft:cooldown": {
		"category": "belly_bag",
		"duration": 0.1
	  },
      "minecraft:display_name": {
        "value": "§eBag 100 Belly\n§7(Hold to Use)"
      },
      "minecraft:on_use": {
        "on_use": {
          "event": "wg",
          "target": "self"
        }
      }
    },
    "events": {
      "wg": {
        "run_command": {
          "command": [
            "scoreboard players add @s belly 100",
            "clear @s wesl3y:belly_bag 0 1"
          ]
		}
	  }
	}
  }
}