{
  "format_version": "1.20",
  "minecraft:item": {
    "description": {
      "identifier": "wesl3y:menu",
      "category": "commands"
    },
    "components": {
      "minecraft:render_offsets": {
	    "main_hand": {
		  "first_person": { 
		    "scale": [0.0, 0.0, 0.0]
		  },
		  "third_person": {
			"scale": [0.0, 0.0, 0.0]
		  }
		}
	  },
      "minecraft:max_stack_size": 1,
      "minecraft:hand_equipped": false,
      "minecraft:icon": {
        "texture": "menu"
      },
      "minecraft:display_name": {
        "value": "Menu"
      }
    },
    "events": {}
  }
}