{
  "format_version": "1.20",
  "minecraft:item": {
    "description": {
      "identifier": "wesl3y:sake",
      "category": "nature"
    },
    "components": {
      "minecraft:use_duration":1,
      "minecraft:use_animation":"drink",
      "minecraft:max_stack_size": 1,
      "minecraft:icon": {
        "texture": "sake"
      },
      "minecraft:display_name": {
        "value": "Sake\n\n§9+70 Energy\n+Regeneration 1"
      },
      "minecraft:chargeable":{
        "movement_modifier":1,
        "on_complete":{
          "event":"wg"
        }
      }
    },
    "events": {
      "wg": {
        "run_command": {
          "command": [
            "execute if score @s energyCur < @s energyMax run scoreboard players add @s energyCur 70",
            "effect @s regeneration 3 0 true",
            "effect @s nausea 5 2 true"
          ]
        }
	  }
	}
  }
}