{
  "format_version": "1.16.0",
  "minecraft:entity": {
    "description": {
      "identifier": "wesl3y:zero_gravity_long",
      "is_spawnable": false,
      "is_summonable": true,
      "is_experimental": false,
      "runtime_identifier": "minecraft:snowball"
    },
	"component_groups": {
	  "wesl3y:despawn": {
        "minecraft:instant_despawn": {}
      },
	  "wesl3y:grass": {
	    "minecraft:variant": {
	      "value": 1
	    },
        "minecraft:type_family": {
          "family": [ "zero_gravity_grass", "zero_gravity", "projectile", "attack" ]
        },
        "minecraft:transformation": {
          "into": "wesl3y:despawn",
          "delay": 1.75
        },
        "minecraft:scale": {
          "value": 1.0
        },
        "minecraft:projectile": {
          "on_hit": {
            "impact_damage": {
              "damage": 5,
              "destroy_on_hit": false
            },
            "definition_event": {
              "affectProjectile": false,
              "eventTrigger": {
			    "event": "wesl3y:explode",
			    "target": "self"
			  }
            }
          },
          "power": 0.0,
          "gravity": 0.04,
          "angle_offset": 0.0,
          "inertia": 1,
		  "uncertaintyBase": 0,
          "liquid_inertia": 1,
          "catch_fire": false,
          "offset": [0, 0, 0]
        }
	  },
	  "wesl3y:stone": {
	    "minecraft:variant": {
	      "value": 2
	    },
        "minecraft:type_family": {
          "family": [ "zero_gravity_stone", "zero_gravity", "projectile", "attack" ]
        },
        "minecraft:transformation": {
          "into": "wesl3y:despawn",
          "delay": 1.75
        },
        "minecraft:scale": {
          "value": 1.0
        },
        "minecraft:projectile": {
          "on_hit": {
            "impact_damage": {
              "damage": 5,
              "destroy_on_hit": false
            },
            "definition_event": {
              "affectProjectile": true,
              "eventTrigger": {
			    "event": "wesl3y:explode",
			    "target": "self"
			  }
            }
          },
          "power": 0.0,
          "gravity": 0.04,
          "angle_offset": 0.0,
          "inertia": 1,
		  "uncertaintyBase": 0,
          "liquid_inertia": 1,
          "catch_fire": false,
          "offset": [0, 0, 0]
        }
	  },
	  "wesl3y:sand": {
	    "minecraft:variant": {
	      "value": 3
	    },
        "minecraft:type_family": {
          "family": [ "zero_gravity_grass", "zero_gravity", "projectile", "attack" ]
        },
        "minecraft:transformation": {
          "into": "wesl3y:despawn",
          "delay": 1.75
        },
        "minecraft:scale": {
          "value": 1.0
        },
        "minecraft:projectile": {
          "on_hit": {
            "impact_damage": {
              "damage": 5,
              "destroy_on_hit": false
            },
            "definition_event": {
              "affectProjectile": true,
              "eventTrigger": {
			    "event": "wesl3y:explode",
			    "target": "self"
			  }
            }
          },
          "power": 0.0,
          "gravity": 0.04,
          "angle_offset": 0.0,
          "inertia": 1,
		  "uncertaintyBase": 0,
          "liquid_inertia": 1,
          "catch_fire": false,
          "offset": [0, 0, 0]
        }
	  },
	  "wesl3y:wood": {
	    "minecraft:variant": {
	      "value": 4
	    },
        "minecraft:type_family": {
          "family": [ "zero_gravity_grass", "zero_gravity", "projectile", "attack" ]
        },
        "minecraft:transformation": {
          "into": "wesl3y:despawn",
          "delay": 1.75
        },
        "minecraft:scale": {
          "value": 1.0
        },
        "minecraft:projectile": {
          "on_hit": {
            "impact_damage": {
              "damage": 5,
              "destroy_on_hit": false
            },
            "definition_event": {
              "affectProjectile": true,
              "eventTrigger": {
			    "event": "wesl3y:explode",
			    "target": "self"
			  }
            }
          },
          "power": 0.0,
          "gravity": 0.04,
          "angle_offset": 0.0,
          "inertia": 1,
		  "uncertaintyBase": 0,
          "liquid_inertia": 1,
          "catch_fire": false,
          "offset": [0, 0, 0]
        }
	  }
	},
    "components": {
      "minecraft:transformation": {
        "into": "wesl3y:despawn",
        "delay": 5.0
      },
      "minecraft:despawn": {
        "filters": {
          "any_of": [
            { "test": "distance_to_nearest_player", "operator": ">", "value": 32}
          ]
        }
      },
      "minecraft:damage_sensor": {
        "triggers":[
          {
            "cause": "all",
            "deals_damage": false
          }
        ]
      },
      "minecraft:timer": {
        "time": 0.15,
        "looping": true,
        "time_down_event": {
          "event": "wesl3y:command"
        }
      },
      "minecraft:physics": {},
      "minecraft:pushable": {
        "is_pushable": false,
        "is_pushable_by_piston": true
      },
      "minecraft:conditional_bandwidth_optimization": {
        "default_values": {
          "max_optimized_distance": 80,
          "max_dropped_ticks": 10,
          "use_motion_prediction_hints": true
        }
      }
    },
    
    "events": {
      "wesl3y:grass": {
        "add": {
          "component_groups": [
            "wesl3y:grass"
          ]
        }
      },
      "wesl3y:stone": {
        "add": {
          "component_groups": [
            "wesl3y:stone"
          ]
        }
      },
      "wesl3y:sand": {
        "add": {
          "component_groups": [
            "wesl3y:sand"
          ]
        }
      },
      "wesl3y:wood": {
        "add": {
          "component_groups": [
            "wesl3y:wood"
          ]
        }
      },
      "wesl3y:meteors": {
        "randomize": [
          {
            "weight": 5,
            "add": {
              "component_groups": [
                "wesl3y:grass"
              ]
            }
          },
          {
            "weight": 5,
            "add": {
              "component_groups": [
                "wesl3y:sand"
              ]
            }
          },
          {
            "weight": 5,
            "add": {
              "component_groups": [
                "wesl3y:stone"
              ]
            }
          },
          {
            "weight": 5,
            "add": {
              "component_groups": [
                "wesl3y:wood"
              ]
            }
          }
        ]
      },
      "wesl3y:command": {
        "sequence": [
          {
            "filters": {
              "any_of": [
                { "test": "is_family", "value": "zero_gravity_grass" },
                { "test": "is_family", "value": "zero_gravity_stone" },
                { "test": "is_family", "value": "zero_gravity_sand" },
                { "test": "is_family", "value": "zero_gravity_wood" }
              ]
            },
            "run_command": {
              "command": [
                "function damage/zero_gravity/block"
              ]
            }
          }
        ]
      },
      "wesl3y:explode": {
        "sequence": [
          {
            "filters": {
              "any_of": [
                { "test": "is_family", "value": "zero_gravity_grass" },
                { "test": "is_family", "value": "zero_gravity_stone" },
                { "test": "is_family", "value": "zero_gravity_sand" },
                { "test": "is_family", "value": "zero_gravity_wood" }
              ]
            },
            "add": {
              "component_groups": [
                "wesl3y:despawn"
              ]
            },
            "run_command": {
              "command": [
                "particle wesl3y:zero_gravity_explosion"
              ]
            }
          }
        ]
      },
	  "wesl3y:despawn": {
	    "add": {
	      "component_groups": [
	        "wesl3y:despawn"
	      ]
	    }
	  }
	}
  }
}