{
	"format_version": "1.8.0",
	"minecraft:attachable": {
		"description": {
			"identifier": "mello:manto_tenseigan",
			"materials": {
				"default": "slime_outer",
				"default2": "enderman",
				"default3": "armor",
				"enchanted": "armor_enchanted"
			},
			"textures": {
				"default": "textures/modos/manto_tenseigan",
				"default2": "textures/modos/manto_tenseigan_olho",
				"default3": "textures/modos/gudoudamas",
				"enchanted": "textures/misc/enchanted_item_glint"
			},
			"geometry": {
				"default": "geometry.manto_tenseigan",
				"default2": "geometry.doujutsu",
				"default3": "geometry.gudoudamas"
			},
			"scripts": {
				"parent_setup": "variable.helmet_layer_visible = 0.0;"
			},
			"render_controllers": [
				"controller.render.default",
				"controller.render.default2",
				"controller.render.default3"
			]
		}
	}
}