{
  "format_version": "1.10.0",
  "minecraft:entity": {
    "description": {
      "identifier": "stk:ewave",
      "is_spawnable": false,
      "is_summonable": true,
      "is_experimental": false,
                  "scripts":{
        "animate":["ewave"]
      },
      "animations":{

        "ewave":"controller.animation.ewave"
      }
    
    },
    "components": {
      "minecraft:type_family": {
        "family": [
          "attack"
        ]
      },
      "minecraft:explode": {
        "fuseLength": 3.98,
        "fuseLit": true,
        "power": 0,
        "causesFire": false,
        "destroyAffectedByGriefing": true
      },
      "minecraft:collision_box": {
        "width": 0,
        "height": 0
      },
      "minecraft:damage_sensor": [
        {
          "deals_damage": false
        }
      ],
      "minecraft:physics": {}
    }
  }
}