{
  "format_version": "1.16.0",
  "minecraft:entity": {
    "description": {
      "identifier": "stk:fshine",
      "is_spawnable": false,
      "is_summonable": true,
      "is_experimental": false,
      "runtime_identifier": "minecraft:snowball"
    },
    "component_groups": {
      "exploding": {
        "minecraft:explode": {
          "fuseLength": 0,
          "power": 0,
          "fuseLit": true,
          "causesFire": false
        }
      }
    },
    "components": {
        "minecraft:type_family": {
        "family": [
          "attack","fshine"
        ]
      },
      "minecraft:collision_box": {
        "width": 0.25,
        "height": 0.25
      },
      "minecraft:projectile": {
        "on_hit": {
          "impact_damage": {
            "damage": 10,
            "knockback": true,
            "semi_random_diff_damage": false,
            "destroy_on_hit": false
          },
          "mob_effect": {
            "effect": "",
            "durationeasy": 200,
            "durationnormal": 200,
            "durationhard": 200,
            "amplifier": 1
          },
          "arrow_effect": {},
          "definition_event": {
            "affect_projectile": true,
            "eventTrigger": {
              "event": "on:hit",
              "target": "self"
            }
          }
        },
        "power": 1.5,
        "gravity": 0,
        "inertia": 1,
        "anchor": 1,
        "angle_offset": 0,
        "offset": [
          0.0,
          0.0,
          0.0
        ],
        "catch_fire": false
      },
      "minecraft:physics": {
        "has_collision": false,
        "has_gravity": false
      },
      "minecraft:pushable": {
        "is_pushable": true,
        "is_pushable_by_piston": true
      },
      "minecraft:timer": {
    "looping": true,
    "time": 1,
    "time_down_event": {
        "event": "on:hit",
        "target": "self"
    }
},
      "minecraft:conditional_bandwidth_optimization": {
        "default_values": {
          "max_optimized_distance": 100,
          "max_dropped_ticks": 7,
          "use_motion_prediction_hints": true
        }
      }
    },
    "events": {
      "on:hit": {
         "add": {
              "component_groups": [
                "exploding"
              ]
            },
        "queue_command": {
          "command": [
              "particle stk:fshineexplo",
              "particle stk:fshineexplo2",
              "particle stk:fshineexplo3",
              "particle stk:trailexplo",
              "particle stk:expsmoke",
              "particle stk:air_tiny",
              "playsound explo3 @a[r=10]",
              "camerashake add @a[r=20] 0.8 3 positional",
              "damage @e[r=10,type=!item,tag=!fshine] 10",
              "tag @p remove fshine"
        
             
          
          
          
          ]
        }
      }
    }
  }
}