{
    "format_version": "1.16.100",
    "minecraft:item": {
        "description": {
            "identifier":  "stk:heavy" ,
            "category" : "category"
        },
        "components": {
          "minecraft:max_stack_size": 1,
          "minecraft:icon": {
            "texture": "heavy"
          },
        
      "minecraft:render_offsets": {
        "main_hand": {
          "third_person": {
            "scale": [
              0.000,
              0.000,
              0.000
            ]
          },
          "first_person": {
            "scale": [
              0.0000000000000000,
              0.0000000000000000,
              0.0000000000000000
            ]
          }
        },
        "off_hand": {
          "third_person": {
            "scale": [
              0.000,
              0.000,
              0.000
            ]
          },
          "first_person": {
            "scale": [
              0.0000000000000000,
              0.0000000000000000,
              0.0000000000000000]
          }
        }
      },
            "minecraft:display_name": {
        "value": "§eheavy sand"},
        "minecraft:cooldown": {
           "category": "heavy",
            "duration": 20
         },
      "minecraft:on_use": {
        "on_use": {
          "event": "7",
          "target": "self"
        }
      }
    },
    "events": {
    	"7": {
    		"sequence": [
	     		{
            "run_command": {
              "command": [ "playanimation @s animation.logia.throw" ],
              "target": "self"
            }      
          },
          {
            "shoot": {
              "projectile": "stk:heavy",
              "launch_power": 1.5,
              "angle_offset": 20
            }
          }
	    	]
    	}
	  }
  }
}

































   
   
   
   
   
   
   
   
   
   
   
   
   
   
   
   
   
   
   
   
   
   
   
   
   
   
   
   
   
   
   
   
          
         
       
    

































