{
    "format_version": "1.16.100",
    "minecraft:item": {
        "description": {
            "identifier": "stk:luffytsr",
            "category": "equipment"
        },
        "components": {
            "minecraft:icon": {
                "texture": "luffytsr"
            },
            "minecraft:display_name": {
                "value": "§5rubber clothe"
            },
            "minecraft:max_stack_size": 1,
            "minecraft:enchantable": {
                "value": 10,
                "slot": "armor_feet"
            },
            "minecraft:armor": {
                "protection": 10
            },
            "minecraft:wearable": {
                "dispensable": true,
                "slot": "slot.armor.legs"
            },
                 "minecraft:cooldown": {
		"category": "luffytsr",
		"duration": 1
	  },
	  "minecraft:on_use": {
		"on_use": {
		  "event": "tc"
		}
	  }
    },
    "events": {
	  "tc": {

		"run_command": {
		  "command": [
				"say §eI will become the king of pirates!"
				]
		}
    
            }
        }
    }
}















































































    
