{
  "format_version": "1.16.0",
  "minecraft:entity": {
    "description": {
      "identifier": "wesl3y:black_whip_short",
      "is_spawnable": false,
      "is_summonable": true,
      "is_experimental": false
    },
	"component_groups": {
	  "wesl3y:despawn": {
        "minecraft:instant_despawn": {}
	  },
	  "wesl3y:swing": {
        "minecraft:type_family": {
          "family": [ "swing", "black_whip", "knockback", "attack" ]
        },
        "minecraft:scale": {
          "value": 1.0
        },
        "minecraft:transformation": {
          "into": "wesl3y:despawn",
          "delay": 0.3
        },
        "minecraft:behavior.knockback_roar": {
          "priority": 1,
          "duration": 0.2,
          "attack_time": 0.1,
          "knockback_damage": 0,
          "knockback_horizontal_strength": 5,
          "knockback_vertical_strength": 1,
          "knockback_range": 3,
          "knockback_filters": {
            "test": "has_tag",
            "subject": "other",
            "operator": "==",
            "value": "quirk_black_whip"
          },
          "damage_filters": {
            "test": "has_tag",
            "subject": "other",
            "operator": "==",
            "value": "sla"
          },
          "on_roar_end": {
            "event": "wesl3y:despawn"
          },
          "cooldown_time": 0.1
        }
	  }
	},
    "components": {
      "minecraft:collision_box": {
        "width": 0.0,
        "height": 0.0
      },
      "minecraft:transformation": {
        "into": "wesl3y:despawn",
        "delay": 5.0
      },
      "minecraft:despawn": {
        "filters": {
          "any_of": [
            { "test": "distance_to_nearest_player", "operator": ">", "value": 32}
          ]
        }
      },
      "minecraft:damage_sensor": {
        "triggers":[
          {
            "cause": "all",
            "deals_damage": false
          }
        ]
      },
      "minecraft:timer": {
        "time": 0.1,
        "looping": true,
        "time_down_event": {
          "event": "wesl3y:command"
        }
      },
      "minecraft:physics": {},
      "minecraft:pushable": {
        "is_pushable": false,
        "is_pushable_by_piston": true
      },
      "minecraft:conditional_bandwidth_optimization": {
        "default_values": {
          "max_optimized_distance": 80,
          "max_dropped_ticks": 10,
          "use_motion_prediction_hints": true
        }
      }
    },
	
	"events": {
      "wesl3y:command": {},
	  "wesl3y:swing": {
	    "add": {
	      "component_groups": [
	        "wesl3y:swing"
	      ]
	    }
	  }
	}
  }
}