{
  "format_version": "1.18.20",
  "minecraft:entity": {
    "description": {
      "identifier": "minecraft:player",
      "is_spawnable": false,
      "is_summonable": false,
      "is_experimental": false,
      "properties": {
	    "wesl3y:clan": {
		  "client_sync": true,
          "type": "int",
          "range":[ 0, 2 ],
          "default":0
		},
	    "wesl3y:hair": {
		  "client_sync": true,
          "type": "int",
          "range":[ 0, 9 ],
          "default":0
		}
      },
      "scripts":{
        "animate": [
          "chakra",
          "change",
          "jump",
          "level",
          "modes_head",
          "modes_chest",
          "tick.0_1"
        ]
      },
      "animations": {
        "chakra": "controller.animation.chakra",
        "change": "controller.animation.change",
        "jump": "controller.animation.jump",
        "level": "controller.animation.level",
        "modes_head": "controller.animation.modes_head",
        "modes_chest": "controller.animation.modes_chest",
        "timer.0_25": "animation.timer.0_25",
        "timer.0_5": "animation.timer.0_5",
        "tick.0_1": "animation.tick.0_1"
      }
    },

    "component_groups": {
      "wg":{
        "minecraft:variant":{
          "value": 0
        },
        "minecraft:scale":{
          "value":1
        },
        "minecraft:health": {
          "value": 40,
          "max": 40
        },
        "minecraft:movement": {
          "value": 0.1
        },
        "minecraft:attack": {
          "damage": 1
        }
      }
    },

    "components": {
      "minecraft:type_family":{
        "family":["player"]
      },
      "minecraft:health": {
        "value": 40,
        "max": 40
      },
      "minecraft:experience_reward": {
        "on_death": "Math.Min(query.player_level * 7, 100)"
      },
      "minecraft:is_hidden_when_invisible": {
      },
      "minecraft:loot": {
        "table": "loot_tables/empty.json"
      },
      "minecraft:collision_box": {
        "width": 0.6,
        "height": 1.8
      },
      "minecraft:can_climb": {
      },
      "minecraft:movement": {
        "value": 0.1
      },
      "minecraft:hurt_on_condition": {
        "damage_conditions": [
          {
            "filters": { "test": "in_lava", "subject": "self", "operator": "==", "value": true },
            "cause": "lava",
            "damage_per_tick": 4
          }
        ]
      },
      "minecraft:attack": {
        "damage": 1
      },
      "minecraft:exhaustion_values": {
        "heal": 6,
        "jump": 0.05,
        "sprint_jump": 0.2,
        "mine": 0.005,
        "attack": 0.1,
        "damage": 0.1,
        "walk": 0.0,
        "sprint": 0.01,
        "swim": 0.01
      },
      "minecraft:player.saturation": {
        "value": 5,
         "max": 20
      },
      "minecraft:player.exhaustion": {
        "value": 0,
        "max": 20
      },
      "minecraft:player.level": {
        "value": 0,
        "max": 24791
      },
      "minecraft:player.experience": {
        "value": 0,
        "max": 1
      },
      "minecraft:breathable": {
        "breathes_solids":false,
        "total_supply": 15,
        "suffocate_time": -1,
        "inhale_time": 3.75,
        "generates_bubbles": false
      },
      "minecraft:nameable": {
        "always_show": true,
        "allow_name_tag_renaming": false
      },
      "minecraft:physics": {
      },
      "minecraft:pushable": {
        "is_pushable": false,
        "is_pushable_by_piston": true
      },
      "minecraft:insomnia": {
        "days_until_insomnia": 3
      },
      "minecraft:rideable": {
        "seat_count": 2,
        "family_types": [
          "parrot_tame"
        ],
        "pull_in_entities": true,
        "seats": [
          {
            "position": [ 0.4, -0.2, -0.1 ],
            "min_rider_count": 0,
            "max_rider_count": 0,
            "lock_rider_rotation": 0
          },
          {
            "position": [ -0.4, -0.2, -0.1 ],
            "min_rider_count": 1,
            "max_rider_count": 2,
            "lock_rider_rotation": 0
          }
        ]
      },
      "minecraft:conditional_bandwidth_optimization": {},
      "minecraft:block_climber": {},
      "minecraft:environment_sensor": {
        "triggers": [
          {
            "filters": {
              "all_of": [
                {"test": "has_mob_effect","subject": "self","value": "bad_omen"},
                {"test": "is_in_village","subject": "self","value": true}
              ]
            },
            "event": "minecraft:trigger_raid"
          }
        ]
      }
    },

    "events": {
      "wesl3y:random_clan": {
        "randomize": [
          {
            "weight": 20,
            "run_command": {
              "command": [
                "give @s wesl3y:byakugan",
                "clear @s wesl3y:sharingan1",
                "clear @s wesl3y:suit_otsutsuki",
                "give @s wesl3y:suit_neji",
                "clear @s wesl3y:suit_naruto",
                "clear @s wesl3y:suit_rocklee",
                "clear @s wesl3y:suit_sasuke",
                "tellraw @s{\"rawtext\":[{\"text\":\"§aClan§r: Hyuga\n\"},{\"text\":\"§aModes§r: Byakugan, Tenseigan, Byakugan Golden\"}]}"
              ]
            },
            "set_property": {
              "wesl3y:clan": 0,
              "wesl3y:hair": "math.random(0, 9)"
            }
          },
          {
            "weight": 20,
            "run_command": {
              "command": [
                "clear @s wesl3y:byakugan",
                "clear @s wesl3y:sharingan1",
                "clear @s wesl3y:suit_otsutsuki",
                "clear @s wesl3y:suit_neji",
                "clear @s wesl3y:suit_naruto",
                "give @s wesl3y:suit_rocklee",
                "clear @s wesl3y:suit_sasuke",
                "tellraw @s{\"rawtext\":[{\"text\":\"§aClan§r: Null\n\"},{\"text\":\"§aModes§r: All, no Kekkei Genkai\"}]}"
              ]
            },
            "set_property": {
              "wesl3y:clan": 1,
              "wesl3y:hair": "math.random(0, 9)"
            }
          },
          {
            "weight": 20,
            "run_command": {
              "command": [
                "give @s wesl3y:byakugan",
                "give @s wesl3y:sharingan1",
                "give @s wesl3y:suit_otsutsuki",
                "clear @s wesl3y:suit_neji",
                "clear @s wesl3y:suit_naruto",
                "clear @s wesl3y:suit_rocklee",
                "clear @s wesl3y:suit_sasuke",
                "tellraw @s{\"rawtext\":[{\"text\":\"§aClan§r: Otsutsuki\n\"},{\"text\":\"§aModes§r: Byakugan, Tenseigan, Byakugan Golden, Sharingan, Mangekyou, Rinnegan, Rinne Sharingan\"}]}"
              ]
            },
            "set_property": {
              "wesl3y:clan": 2,
              "wesl3y:hair": "math.random(0, 9)"
            }
          },
          {
            "weight": 20,
            "run_command": {
              "command": [
                "clear @s wesl3y:byakugan",
                "give @s wesl3y:sharingan1",
                "clear @s wesl3y:suit_otsutsuki",
                "clear @s wesl3y:suit_neji",
                "clear @s wesl3y:suit_naruto",
                "clear @s wesl3y:suit_rocklee",
                "give @s wesl3y:suit_sasuke",
                "tellraw @s{\"rawtext\":[{\"text\":\"§aClan§r: Uchiha\n\"},{\"text\":\"§aModes§r: Sharingan, Mangekyou, Rinnegan Rinne Sharingan\"}]}"
              ]
            },
            "set_property": {
              "wesl3y:clan": 1,
              "wesl3y:hair": "math.random(0, 9)"
            }
          }
        ]
      },
      "wg": {
        "add": {
          "component_groups": [ "wg" ]
        }
      },
      "minecraft:trigger_raid": {
        "add": {
          "component_groups": [ "minecraft:raid_trigger" ]
        }
      },
      "minecraft:remove_raid_trigger": {
        "remove": {
          "component_groups": [ "minecraft:raid_trigger" ]
        }
      }
    }
  }
}