{
  "format_version": "1.16.0",
  "minecraft:entity": {
    "description": {
      "identifier": "wesl3y:toneri",
      "is_spawnable": true,
      "is_summonable": true,
      "is_experimental": false,
      "animations": {
        "death": "controller.animation.despawn_health"
      },
      "scripts": {
        "animate": [
          "death"
        ]
      }
    },
    "component_groups": {
      "wesl3y:despawn":{
        "minecraft:instant_despawn": {}
      },
      "default": {
        "minecraft:knockback_resistance": {
          "value": 0
        },
        "minecraft:movement": {
          "value": 0.3
        },
        "minecraft:flying_speed": {
          "value": 0.3
        },
        "minecraft:behavior.melee_attack": {
          "priority": 2,
          "speed_multiplier": 1.25,
          "track_target": true
        },
        "minecraft:behavior.hurt_by_target": {
          "priority": 1,
          "entity_types": {
            "filters": {
              "any_of": [
                { "test": "is_family", "subject": "other", "operator": "!=", "value": "villain" }
              ]
            }
          }
        },
        "minecraft:behavior.random_stroll": {
          "priority": 7,
          "speed_multiplier": 1
        },
        "minecraft:behavior.look_at_player": {
          "priority": 8,
          "look_distance": 6,
          "probability": 0.02
        },
        "minecraft:behavior.random_look_around": {
          "priority": 9
        }
      }
    },
    "components": {
      "minecraft:experience_reward": {
        "on_death": "query.last_hit_by_player ? 9 : 0"
      },
      "minecraft:type_family": {
        "family": [ "toneri" ]
      },
      "minecraft:breathable": {
        "total_supply": 15,
        "suffocate_time": 0
      },
      "minecraft:nameable": {},
      "minecraft:collision_box": {
        "width": 0.6,
        "height": 1.8
      },
      "minecraft:health": {
        "value": 1800
      },
      "minecraft:attack": {
        "damage": 8
      },
      "minecraft:scale": {
        "value": 1.0
      },
      "minecraft:knockback_resistance": {
        "value": 0.5
      },
      "minecraft:follow_range": {
        "value": 32,
        "max": 32
      },
      "minecraft:equipment": {},
      "minecraft:damage_sensor": {
        "triggers": [
          {
            "on_damage": {
              "filters": {
                "test":"has_damage","value":"fatal"
              },
              "event": "kill"
            }
          }
        ]
      },
      "minecraft:hurt_on_condition": {
        "damage_conditions": [
          {
            "filters": { "test": "in_lava", "subject": "self", "operator": "==", "value": true },
            "cause": "lava",
            "damage_per_tick": 4
          }
        ]
      },
      "minecraft:despawn": {
        "filters": {
          "all_of":[{ "test": "distance_to_nearest_player", "operator": ">", "value": 96 }]
        }
      },
      "minecraft:navigation.walk": {
        "can_path_over_lava": true,
        "is_amphibious": true,
        "can_pass_doors":true,
        "can_walk":true,
        "can_open_doors": true,
        "can_path_over_water": true,
        "can_walk_in_lava": false,
        "avoid_water": true
      },
      "minecraft:behavior.float": {
        "priority": 0
      },
      "minecraft:movement.basic": {},
      "minecraft:jump.static": {},
      "minecraft:can_climb": {},
      "minecraft:physics": {},
      "minecraft:pushable": {
        "is_pushable": true,
        "is_pushable_by_piston": true
      },
      "minecraft:conditional_bandwidth_optimization": {}
    },
    "events": {
      "minecraft:entity_spawned": {
        "add": {
          "component_groups": [
            "default"
          ]
        }
      },
      "defeat": {
        "add": {
          "component_groups": [
            "despawn"
          ]
        }
      },
      "kill": {
        "sequence": [
          {
            "run_command": {
              "command": [
                "scoreboard players add @p[r=7,c=2] tp 450"
              ]
            }
          },
          {
            "run_command": {
              "command": [
                "tag @s add toneri"
              ],
              "target": "other"
            }
          }
        ]
      },
      "wesl3y:despawn": {
        "add": {
          "component_groups": [
            "wesl3y:despawn"
          ]
        }
      }
    }
  }
}