{
  "format_version": "1.10.0",
  "particle_effect": {
    "description": {
      "identifier": "wesl3y:explosive_speed2",
      "basic_render_parameters": {
        "material": "particles_alpha",
        "texture": "textures/particle/particles"
      }
    },
    "components": {
      "minecraft:emitter_rate_instant": {
        "num_particles": 20
      },
      "minecraft:emitter_lifetime_once": {
        "active_time": 0.1
      },
      "minecraft:emitter_shape_sphere": {
        "offset": [0, 0, 0],
        "radius": 0.25,
        "surface_only": true,
        "direction": "outwards"
      },
      "minecraft:particle_lifetime_expression": {
        "max_lifetime": 0.75
      },
      "minecraft:particle_initial_speed": 0.75,
      "minecraft:particle_motion_dynamic": {},
      "minecraft:particle_appearance_billboard": {
        "size": [0.2, 0.2],
        "facing_camera_mode": "rotate_xyz",
        "uv": {
          "texture_width": 128,
          "texture_height": 128,
          "flipbook": {
            "base_UV": [56, 0],
            "size_UV": [8, 8],
            "step_UV": [-8, 0],
            "frames_per_second": 4,
            "max_frame": 8,
            "loop": true
          }
        }
      },
      "minecraft:particle_appearance_tinting": {
        "color": [1.0, "variable.particle_random_1 * 1.0 + 0.5", "variable.particle_random_1 * 0.0 + 0.25", 0.0]
      }
    }
  }
}