{
	"format_version": "1.10.0",
	"particle_effect": {
		"description": {
			"identifier": "wesl3y:howitzer_impact.start",
			"basic_render_parameters": {
				"material": "particles_blend",
				"texture": "textures/particle/explosion/howitzer_impact"
			}
		},
		"components": {
			"minecraft:emitter_rate_instant": {
				"num_particles": 1
			},
			"minecraft:emitter_lifetime_once": {
				"active_time": 1
			},
			"minecraft:emitter_shape_point": {},
			"minecraft:particle_lifetime_expression": {
				"max_lifetime": 1.75
			},
			"minecraft:particle_initial_spin": {
				"rotation_rate": 360
			},
			"minecraft:particle_initial_speed": 0,
			"minecraft:particle_motion_dynamic": {},
			"minecraft:particle_appearance_billboard": {
				"size": [7, 7],
				"facing_camera_mode": "rotate_xyz",
				"uv": {
					"texture_width": 32,
					"texture_height": 32,
					"uv": [0, 0],
					"uv_size": [32, 32]
				}
			},
			"minecraft:particle_appearance_tinting": {
				"color": [1, 1, 1, 0.75]
			}
		}
	}
}