{
  "format_version": "1.10.0",
  "particle_effect": {
    "description": {
      "identifier": "wesl3y:stun_grenade",
      "basic_render_parameters": {
        "material": "particles_blend",
        "texture": "textures/particle/particles2"
      }
    },
    "components": {
      "minecraft:emitter_rate_instant": {
        "num_particles": 50
      },
      "minecraft:emitter_lifetime_once": {
        "active_time": 1
      },
      "minecraft:emitter_shape_point": {
        "offset": ["Math.random(-3, 3)", "Math.random(-3, 3)", "Math.random(-3, 3)"]
      },
      "minecraft:particle_motion_dynamic": {},
      "minecraft:particle_lifetime_expression": {
        "max_lifetime": "Math.random(0.76, 1.25)"
      },
	  "minecraft:particle_initial_spin": {
		"rotation_rate": "Math.random(720, -720)"
	  },
      "minecraft:particle_appearance_billboard": {
        "size": [ "0.25 + (3 * variable.particle_age)", "0.25 + (3 * variable.particle_age)" ],
        "facing_camera_mode": "lookat_xyz",
        "uv": {
          "texture_width": 80,
          "texture_height": 8,
          "flipbook": {
            "base_UV": [0, 0],
            "size_UV": [8, 8],
            "step_UV": [8, 0],
            "frames_per_second": 1,
            "max_frame": 8,
            "stretch_to_lifetime": true
          }
        }
      },
      "minecraft:particle_appearance_tinting": {
        "color": [1.0, "variable.particle_random_1 * 1.0 + 0.5", "variable.particle_random_1 * 0.0 + 0.25", 0.75]
      }
    }
  }
}