{
  "format_version": "1.10.0",
  "particle_effect": {
    "description": {
      "identifier": "wesl3y:zanka_no_tachi.norte2",
      "basic_render_parameters": {
        "material": "particles_add",
        "texture": "textures/particle/particles12"
      }
    },
    "components": {
      "minecraft:emitter_rate_steady": {
        "spawn_rate": 10,
        "max_particles": 25
      },        
      "minecraft:emitter_lifetime_looping": {
        "active_time": 0.5
      },
      "minecraft:emitter_shape_point": {
        "offset": ["Math.random( -3, 3 )", "Math.random( - 2, 2 )", "Math.random( - 1, 1 )"]
      },
      "minecraft:particle_initial_speed": 0.4,
      "minecraft:particle_lifetime_expression": {
        "max_lifetime": "Math.random(0.75, 1.25)"
      },
      "minecraft:particle_motion_dynamic": {},
      "minecraft:particle_appearance_billboard": {
        "size": [ 2, 2 ],
        "facing_camera_mode": "lookat_xyz",
        "uv": {
          "texture_width": 32,
          "texture_height": 32,
          "uv": [0, 0],
          "uv_size": [32, 32]
        }
      },
      "minecraft:particle_appearance_tinting": {
	    "color": {
          "interpolant": "v.particle_age",
          "gradient": {
			"0.0": "#85FF5A00",
			"0.25": "#38FF2D00",
			"0.5": "#4DFF0D00"
		  }
        }
      }
    }
  }
}
