{
  "format_version": "1.10.0",
  "particle_effect": {
    "description": {
      "identifier": "wesl3y:zanka_no_tachi.norte",
      "basic_render_parameters": {
        "material": "particles_alpha",
        "texture": "textures/particle/particles2"
      }
    },
    "components": {
      "minecraft:emitter_rate_steady": {
        "spawn_rate": 35,
        "max_particles": 40
      },
      "minecraft:emitter_lifetime_once": {
        "active_time": 0.5
      },
      "minecraft:emitter_shape_point": {
        "offset": ["Math.random( -3, 3 )", "Math.random( - 2, 2 )", "Math.random( - 1, 1 )"]
      },
      "minecraft:particle_lifetime_expression": {
        "max_lifetime": "Math.random( 0.6, 0.8 )"
      },
      "minecraft:particle_initial_speed": 0,
      "minecraft:particle_motion_dynamic": {},
      "minecraft:particle_appearance_billboard": {
        "size": [1, 1],
        "facing_camera_mode": "lookat_xyz",
        "uv": {
          "texture_width": 80,
          "texture_height": 8,
          "flipbook": {
            "base_UV": [0, 0],
            "size_UV": [8, 8],
            "step_UV": [8, 0],
            "frames_per_second": 10,
            "max_frame": 10,
            "stretch_to_lifetime": true
          }
        }
      },
      "minecraft:particle_appearance_tinting": {
        "color": {
          "interpolant": "v.particle_age",
          "gradient": {
            "0.0": "#FFFF4E39",
            "0.4": "#FFFADE4E",
            "0.8": "#FFFF8E37",
            "1.2": "#FFFFC637",
            "1.6": "#FFFFFFFF"
          }
        }
      }
    }
  }
}