{
  "format_version": "1.10.0",
  "minecraft:client_entity": {
    "description": { "identifier": "stk:souls",
      "materials": {
        "default": "entity_alphablend"
      },
      "textures": {
        "default": "textures/entity/souls"
      },
      "geometry": {
        "default": "geometry.souls"
 
          
      },
      "animations": {
        "move": "animation.souls.stop"
      },
       "particle_effects": {
			"zeus": "stk:zeus",
			"prometeus": "stk:prometeus"
          
      },
      "scripts": {
        "animate": [
          "move"
        ]
      },
      "render_controllers": [ "controller.render.base",
      "controller.render.base"]
    }
  }
}




















