{
	"format_version": "1.12.0",
	"minecraft:geometry": [
		{
			"description": {
				"identifier": "geometry.senbonzakura",
				"texture_width": 64,
				"texture_height": 64,
				"visible_bounds_width": 5,
				"visible_bounds_height": 3.5,
				"visible_bounds_offset": [0, 1.25, 0]
			},
			"bones": [
				{
					"name": "root",
					"pivot": [0, 0, 0]
				},
				{
					"name": "waist",
					"parent": "root",
					"pivot": [0, 12, 0]
				},
				{
					"name": "body",
					"parent": "waist",
					"pivot": [0, 24, 0]
				},
				{
					"name": "rightArm",
					"parent": "body",
					"pivot": [-5, 22, 0]
				},
				{
					"name": "zanpakutou",
					"parent": "rightArm",
					"pivot": [-5.625, 12.75, 0],
					"locators": {
						"lamine": [-5.5, 12.5, -6],
						"lamine2": [-5.5, 12.5, -9],
						"lamine3": [-5.5, 12.5, -12],
						"lamine4": [-5.5, 12.5, -15],
						"lamine5": [-5.5, 12.5, -18],
						"lamine6": [-5.5, 12.5, -21],
						"lamine7": [-5.5, 12.5, -24],
						"lamine8": [-5.5, 12.5, -27]
					}
				},
				{
					"name": "default",
					"parent": "zanpakutou",
					"pivot": [-5.625, 12.75, 0],
					"cubes": [
						{
							"origin": [-9.625, 12, -0.25],
							"size": [8, 1.5, 0.5],
							"pivot": [-5.625, 12.75, 0],
							"rotation": [0, -90, 0],
							"uv": {
								"north": {"uv": [32, 56], "uv_size": [-32, 8]},
								"east": {"uv": [32, 56], "uv_size": [-2, 8]},
								"south": {"uv": [0, 56], "uv_size": [32, 8]},
								"west": {"uv": [2, 56], "uv_size": [-2, 8]},
								"up": {"uv": [32, 58], "uv_size": [-32, -2]},
								"down": {"uv": [32, 64], "uv_size": [-32, -2]}
							}
						},
						{
							"origin": [-5.625, 11.5, -29],
							"size": [0, 2, 24],
							"uv": {
								"north": {"uv": [64, 64], "uv_size": [0, 0]},
								"east": {"uv": [64, 64], "uv_size": [0, 0]},
								"south": {"uv": [64, 64], "uv_size": [0, 0]},
								"west": {"uv": [64, 0], "uv_size": [-64, 8]},
								"up": {"uv": [64, 64], "uv_size": [0, 0]},
								"down": {"uv": [64, 64], "uv_size": [0, 0]}
							}
						},
						{
							"origin": [-6, 11.875, 4],
							"size": [0.75, 1.75, 0.5],
							"uv": {
								"north": {"uv": [1, 49], "uv_size": [6, 6]},
								"east": {"uv": [1, 49], "uv_size": [6, 6]},
								"south": {"uv": [1, 49], "uv_size": [6, 6]},
								"west": {"uv": [7, 49], "uv_size": [-6, 6]},
								"up": {"uv": [1, 50], "uv_size": [6, -2]},
								"down": {"uv": [1, 53], "uv_size": [6, 2]}
							}
						},
						{
							"origin": [-6.375, 11.5, -4.5],
							"size": [1.5, 2.5, 0.5],
							"uv": {
								"north": {"uv": [1, 49], "uv_size": [6, 6]},
								"east": {"uv": [1, 49], "uv_size": [6, 6]},
								"south": {"uv": [1, 49], "uv_size": [6, 6]},
								"west": {"uv": [7, 49], "uv_size": [-6, 6]},
								"up": {"uv": [1, 50], "uv_size": [6, -2]},
								"down": {"uv": [1, 53], "uv_size": [6, 2]}
							}
						},
						{
							"origin": [-5.875, 12, -5],
							"size": [0.5, 1.5, 0.5],
							"uv": {
								"north": {"uv": [1, 41], "uv_size": [6, 6]},
								"east": {"uv": [1, 41], "uv_size": [6, 6]},
								"south": {"uv": [1, 41], "uv_size": [6, 6]},
								"west": {"uv": [7, 41], "uv_size": [-6, 6]},
								"up": {"uv": [1, 47], "uv_size": [6, -6]},
								"down": {"uv": [1, 41], "uv_size": [6, 6]}
							}
						}
					]
				},
				{
					"name": "shikai",
					"parent": "zanpakutou",
					"pivot": [-5.625, 12.75, 0],
					"cubes": [
						{
							"origin": [-9.625, 12, -0.25],
							"size": [8, 1.5, 0.5],
							"pivot": [-5.625, 12.75, 0],
							"rotation": [0, -90, 0],
							"uv": {
								"north": {"uv": [32, 56], "uv_size": [-32, 8]},
								"east": {"uv": [32, 56], "uv_size": [-2, 8]},
								"south": {"uv": [0, 56], "uv_size": [32, 8]},
								"west": {"uv": [2, 56], "uv_size": [-2, 8]},
								"up": {"uv": [32, 58], "uv_size": [-32, -2]},
								"down": {"uv": [32, 64], "uv_size": [-32, -2]}
							}
						},
						{
							"origin": [-6, 11.875, 4],
							"size": [0.75, 1.75, 0.5],
							"uv": {
								"north": {"uv": [1, 49], "uv_size": [6, 6]},
								"east": {"uv": [1, 49], "uv_size": [6, 6]},
								"south": {"uv": [1, 49], "uv_size": [6, 6]},
								"west": {"uv": [7, 49], "uv_size": [-6, 6]},
								"up": {"uv": [1, 50], "uv_size": [6, -2]},
								"down": {"uv": [1, 53], "uv_size": [6, 2]}
							}
						},
						{
							"origin": [-6.375, 11.5, -4.5],
							"size": [1.5, 2.5, 0.5],
							"uv": {
								"north": {"uv": [1, 49], "uv_size": [6, 6]},
								"east": {"uv": [1, 49], "uv_size": [6, 6]},
								"south": {"uv": [1, 49], "uv_size": [6, 6]},
								"west": {"uv": [7, 49], "uv_size": [-6, 6]},
								"up": {"uv": [1, 50], "uv_size": [6, -2]},
								"down": {"uv": [1, 53], "uv_size": [6, 2]}
							}
						},
						{
							"origin": [-5.875, 12, -5],
							"size": [0.5, 1.5, 0.5],
							"uv": {
								"north": {"uv": [1, 41], "uv_size": [6, 6]},
								"east": {"uv": [1, 41], "uv_size": [6, 6]},
								"south": {"uv": [1, 41], "uv_size": [6, 6]},
								"west": {"uv": [7, 41], "uv_size": [-6, 6]},
								"up": {"uv": [1, 47], "uv_size": [6, -6]},
								"down": {"uv": [1, 41], "uv_size": [6, 6]}
							}
						}
					]
				}
			]
		}
	]
}