{
  "kill": {
    "max_distance": 60.0,
    "sounds": [
      {
        "name": "sounds/effects/kill",
        "load_on_low_memory": true
			}
		]
	},
  "punch_critical": {
    "max_distance": 60.0,
    "sounds": [
      {
        "name": "sounds/effects/punch_critical",
        "load_on_low_memory": true
			}
		]
	},
  "punch1": {
    "max_distance": 60.0,
    "sounds": [
      {
        "name": "sounds/effects/punch1",
        "load_on_low_memory": true
			}
		]
	},
  "punch2": {
    "max_distance": 60.0,
    "sounds": [
      {
        "name": "sounds/effects/punch2",
        "load_on_low_memory": true
			}
		]
	},
  "block": {
    "max_distance": 60.0,
    "sounds": [
      {
        "name": "sounds/effects/block",
        "load_on_low_memory": true
			}
		]
	},
  "explosion": {
    "max_distance": 60.0,
    "sounds": [
      {
        "name": "sounds/effects/explosion",
        "load_on_low_memory": true
			}
		]
	},
  "flame_undulation": {
    "max_distance": 60.0,
    "sounds": [
      {
        "name": "sounds/powers/flame_undulation",
        "load_on_low_memory": true
			}
		]
	},
  "beerus_orb": {
    "max_distance": 60.0,
    "sounds": [
      {
        "name": "sounds/powers/beerus_orb",
        "load_on_low_memory": true
			}
		]
	},
  "beerus_hakai": {
    "max_distance": 60.0,
    "sounds": [
      {
        "name": "sounds/powers/beerus_hakai",
        "load_on_low_memory": true
			}
		]
	},
  "mokuton": {
    "max_distance": 60.0,
    "sounds": [
      {
        "name": "sounds/powers/mokuton",
        "load_on_low_memory": true
			}
		]
	},
  "rengoku": {
    "max_distance": 60.0,
    "sounds": [
      {
        "name": "sounds/powers/rengoku",
        "load_on_low_memory": true
			}
		]
	},
  "fire_whoosh": {
    "max_distance": 60.0,
    "sounds": [
      {
        "name": "sounds/powers/fire_whoosh",
        "load_on_low_memory": true
			}
		]
	},
  "sword_slash": {
    "max_distance": 60.0,
    "sounds": [
      {
        "name": "sounds/powers/sword_slash",
        "load_on_low_memory": true
			}
		]
	},
  "bubbles": {
    "max_distance": 60.0,
    "sounds": [
      {
        "name": "sounds/powers/bubbles",
        "load_on_low_memory": true
			}
		]
	},
  "sword_swing": {
    "max_distance": 60.0,
    "sounds": [
      {
        "name": "sounds/powers/sword_swing",
        "load_on_low_memory": true
			}
		]
	},
  "water_splash": {
    "max_distance": 60.0,
    "sounds": [
      {
        "name": "sounds/powers/water_splash",
        "load_on_low_memory": true
			}
		]
	},
  "water_drop": {
    "max_distance": 60.0,
    "sounds": [
      {
        "name": "sounds/powers/water_drop",
        "load_on_low_memory": true
			}
		]
	},
  "water_wheel": {
    "max_distance": 60.0,
    "sounds": [
      {
        "name": "sounds/powers/water_wheel",
        "load_on_low_memory": true
			}
		]
	},
  "redhawk": {
    "max_distance": 60.0,
    "sounds": [
      {
        "name": "sounds/powers/redhawk",
        "load_on_low_memory": true
			}
		]
	},
  "gomu_stretch": {
    "max_distance": 60.0,
    "sounds": [
      {
        "name": "sounds/powers/gomu_stretch",
        "load_on_low_memory": true
			}
		]
	},
  "gomu_pistol": {
    "max_distance": 60.0,
    "sounds": [
      {
        "name": "sounds/powers/gomu_pistol",
        "load_on_low_memory": true
			}
		]
	},
  "final_flash": {
    "max_distance": 60.0,
    "sounds": [
      {
        "name": "sounds/powers/final_flash",
        "load_on_low_memory": true
			}
		]
	},
  "final_flash_charge": {
    "max_distance": 60.0,
    "sounds": [
      {
        "name": "sounds/powers/final_flash_charge",
        "load_on_low_memory": true
			}
		]
	},
  "big_bang": {
    "max_distance": 60.0,
    "sounds": [
      {
        "name": "sounds/powers/big_bang",
        "load_on_low_memory": true
			}
		]
	},
  "big_bang_attack": {
    "max_distance": 60.0,
    "sounds": [
      {
        "name": "sounds/powers/big_bang_attack",
        "load_on_low_memory": true
			}
		]
	},
  "galick_gun": {
    "max_distance": 60.0,
    "sounds": [
      {
        "name": "sounds/powers/galick_gun",
        "load_on_low_memory": true
			}
		]
	},
  "galick_gun_charge": {
    "max_distance": 60.0,
    "sounds": [
      {
        "name": "sounds/powers/galick_gun_charge",
        "load_on_low_memory": true
			}
		]
	},
  "genki_dama": {
    "max_distance": 60.0,
    "sounds": [
      {
        "name": "sounds/powers/genki_dama",
        "load_on_low_memory": true
			}
		]
	},
  "genki_dama_loop": {
    "max_distance": 60.0,
    "sounds": [
      {
        "name": "sounds/powers/genki_dama_loop",
        "load_on_low_memory": true
			}
		]
	},
  "kienzan": {
    "max_distance": 60.0,
    "sounds": [
      {
        "name": "sounds/powers/kienzan",
        "load_on_low_memory": true
			}
		]
	},
  "disk": {
    "max_distance": 60.0,
    "sounds": [
      {
        "name": "sounds/powers/disk",
        "load_on_low_memory": true
			}
		]
	},
  "solar_flare": {
    "max_distance": 60.0,
    "sounds": [
      {
        "name": "sounds/powers/solar_flare",
        "load_on_low_memory": true
			}
		]
	},
  "solar_flare_hold": {
    "max_distance": 60.0,
    "sounds": [
      {
        "name": "sounds/powers/solar_flare_hold",
        "load_on_low_memory": true
			}
		]
	},
  "kamehameha": {
    "max_distance": 60.0,
    "sounds": [
      {
        "name": "sounds/powers/kamehameha",
        "load_on_low_memory": true
			}
		]
	},
  "kamehameha_charge": {
    "max_distance": 60.0,
    "sounds": [
      {
        "name": "sounds/powers/kamehameha_charge",
        "load_on_low_memory": true
			}
		]
	},
  "amaterasu": {
    "max_distance": 60.0,
    "sounds": [
      {
        "name": "sounds/powers/amaterasu",
        "load_on_low_memory": true
			}
		]
	},
  "chidori": {
    "max_distance": 60.0,
    "sounds": [
      {
        "name": "sounds/powers/chidori",
        "load_on_low_memory": true
			}
		]
	},
  "chidori_loop": {
    "max_distance": 60.0,
    "sounds": [
      {
        "name": "sounds/powers/chidori_loop",
        "load_on_low_memory": true
			}
		]
	},
  "kage_bunshin": {
    "max_distance": 60.0,
    "sounds": [
      {
        "name": "sounds/powers/kage_bunshin",
        "load_on_low_memory": true
			}
		]
	},
  "rasengan": {
    "max_distance": 60.0,
    "sounds": [
      {
        "name": "sounds/powers/rasengan",
        "load_on_low_memory": true
			}
		]
	},
  "rasengan_loop": {
    "max_distance": 60.0,
    "sounds": [
      {
        "name": "sounds/powers/rasengan_loop",
        "load_on_low_memory": true
			}
		]
	},
  "rasengan_attack": {
    "max_distance": 60.0,
    "sounds": [
      {
        "name": "sounds/powers/rasengan_attack",
        "load_on_low_memory": true
			}
		]
	},
  "rasenshuriken": {
    "max_distance": 60.0,
    "sounds": [
      {
        "name": "sounds/powers/rasenshuriken",
        "load_on_low_memory": true
			}
		]
	}
}
