{
	"format_version": "1.17.100",
	"minecraft:npc_dialogue":
	{
		"scenes":
		[
			{
				"scene_tag": "blegq",
				"npc_name": { "rawtext": [ {"text":"Sanji"} ] },
				"text": { "rawtext": [ {"text":"Quer Aprender sobre o estilo de luta black leg? \n§cQuest: Kill 1 sanji boss \n§5Level Required: 10"} ] },
				"buttons": [
					{
						"name": { "rawtext": [ {"text":"§fAceito"} ] },
						"commands": [
							"/tag @p[r=2,scores={level=10..}] add q6","execute @p[r=2,scores={level=10..}] ~~~ say §eQuest accepted"
						]
					},
					{
						"name": { "rawtext": [ {"text":"§fEsquece"} ] },
						"commands": []
					}
				]
			}
		]
	}
}














































