{
	"format_version": "1.17.100",
	"minecraft:npc_dialogue":
	{
		"scenes":
		[
			{
				"scene_tag": "elec",
				"npc_name": { "rawtext": [ {"text":"Mink"} ] },
				"text": { "rawtext": [ {"text":"Estou com fome, traga-me 64 cenouras e eu te ensinarei algo eletrizante \n§cQuest: Get 64 Carrots \n§5Level Required: 10"} ] },
				"buttons": [
					{
						"name": { "rawtext": [ {"text":"§fAceito"} ] },
						"commands": [
							"/give @p[r=4,hasitem={item=carrot,quantity=64}] stk:electro","/clear @p[r=4,hasitem={item=carrot,quantity=64}] carrot 64","/execute @p[r=4,hasitem={item=carrot,quantity=!64}] say §cVocê não tem cenouras"
						]
					},
					{
						"name": { "rawtext": [ {"text":"§fEsquece"} ] },
						"commands": []
					}
				]
			}
		]
	}
}
























































































