{
	"format_version": "1.17.100",
	"minecraft:npc_dialogue":
	{
		"scenes":
		[
			{
				"scene_tag": "hakist",
				"npc_name": { "rawtext": [ {"text":"Garp"} ] },
				"text": { "rawtext": [ {"text":"você quer aprender meu estilo de luta? então me derrote e o ensinarei  \n§cQuest: Kill Garp \n§5Level Required: 50"} ] },
				"buttons": [
					{
						"name": { "rawtext": [ {"text":"§fAceito"} ] },
						"commands": [
							"/execute @p[r=2,scores={level=50..}] ~~~ say §eQuest accepted","/execute @p[r=2,scores={level=50..}] ~~~ summon stk:garp"
						]
					},
					{
						"name": { "rawtext": [ {"text":"§fEsquece"} ] },
						"commands": []
					}
				]
			}
		]
	}
}
























































































