{
	"format_version": "1.17.100",
	"minecraft:npc_dialogue":
	{
		"scenes":
		[
			{
				"scene_tag": "hcor",
				"npc_name": { "rawtext": [ {"text":"Rayleigh"} ] },
				"text": { "rawtext": [ {"text":"Eae truta, quer comprar umas cor de haki diferenciada? \ncosts: §5300 Fragments"} ] },
				"buttons": [
					{
						"name": { "rawtext": [ {"text":"§fAceito"} ] },
						"commands": [
							"/execute @p[scores={frag=300..}] ~~~ function rhc",
							"/execute @p[scores={frag=..299}] ~~~ say Você não tem §5fragmento§r suficiente"
						]
					},
					{
						"name": { "rawtext": [ {"text":"§fEsquece"} ] },
						"commands": []
					}
				]
			}
		]
	}
}



/*{
	"format_version": "1.17.100",
	"minecraft:npc_dialogue":
	{
		"scenes":
		[
			{
				"scene_tag": "hcor",
				"npc_name": { "rawtext": [ {"text":"Rayleigh"} ] },
				"text": { "rawtext": [ {"text":"Eae truta, quer comprar umas cor de haki diferenciada? \ncosts: §5300 Fragments"} ] },
				"buttons": [
					{
						"name": { "rawtext": [ {"text":"§fAccept"} ] },
						"commands": [
							"/execute @p[scores={frag=300..99999}] ~~~ function random_haki_color",
							"/execute @p[scores={frag=300..99999}] ~~~ scoreboard players @s remove 300 frag",
							"/execute @p[scores={frag=0..299}] ~~~ say §gVocê não tem fragmentos suficiente! pobre"

						]
					},
					{
						"name": { "rawtext": [ {"text":"§fEsquece"} ] },
						"commands": []
					}
				]
			}
		]
	}
}*/