{
	"format_version": "1.17.100",
	"minecraft:npc_dialogue":
	{
		"scenes":
		[
			{
				"scene_tag": "quest2",
				"npc_name": { "rawtext": [ {"text":"Ju"} ] },
				"text": { "rawtext": [ {"text":"socorro, marinheiros estão criando uma ditadura! \n§cQuest: Kill 8 marine sailors \n§5Level Required: 6"} ] },
				"buttons": [
					{
						"name": { "rawtext": [ {"text":"§fAceito"} ] },
						"commands": [
							"/tag @p[r=2,scores={level=6..}] add q2","execute @p[r=2,scores={level=6..}] ~~~ say §eQuest accepted"
						]
					},
					{
						"name": { "rawtext": [ {"text":"§fEsquece"} ] },
						"commands": []
					}
				]
			}
		]
	}
}














































