{
	"format_version": "1.17.100",
	"minecraft:npc_dialogue":
	{
		"scenes":
		[
			{
				"scene_tag": "quest3",
				"npc_name": { "rawtext": [ {"text":"Nimra"} ] },
				"text": { "rawtext": [ {"text":"socorro, capitão pirata esta atacando! \n§cQuest: Kill 1 pirate captain \n§5Level Required: 15"} ] },
				"buttons": [
					{
						"name": { "rawtext": [ {"text":"§fAceito"} ] },
						"commands": [
							"/tag @p[r=2,scores={level=15..}] add q3","execute @p[r=2,scores={level=15..}] ~~~ say §eQuest accepted"
						]
					},
					{
						"name": { "rawtext": [ {"text":"§fEsquece"} ] },
						"commands": []
					}
				]
			}
		]
	}
}














































