{
	"format_version": "1.17.100",
	"minecraft:npc_dialogue":
	{
		"scenes":
		[
			{
				"scene_tag": "quest4",
				"npc_name": { "rawtext": [ {"text":"Ericky"} ] },
				"text": { "rawtext": [ {"text":"socorro, o capitão da marinha está roubando minhas mandiocas! \n§cQuest: Kill 1 marine captain \n§5Level Required: 30"} ] },
				"buttons": [
					{
						"name": { "rawtext": [ {"text":"§fAceito"} ] },
						"commands": [
							"/tag @p[r=2,scores={level=30..}] add q7","execute @p[r=2,scores={level=30..}] ~~~ say §eQuest accepted"
						]
					},
					{
						"name": { "rawtext": [ {"text":"§fEsquece"} ] },
						"commands": []
					}
				]
			}
		]
	}
}
























































































