{
	"format_version": "1.8.0",
	"minecraft:attachable": {
		"description": {
			"identifier": "ds:michikatsu_haori",
			"materials": {
				"default": "armor",
				"enchanted": "armor_enchanted"
			},
			"textures": {
				"default": "textures/models/armor/michikatsu_haori",
				"enchanted": "textures/misc/enchanted_item_glint"
			},
			"geometry": {
				"default": "geometry.yoriichihaori"
			},
			"scripts": {
				"parent_setup": "variable.chest_layer_visible = 0.0;"
			},
			"render_controllers": ["controller.render.armor"]
		}
	}
}