{
	"format_version": "1.8.0",
	"animations": {
		"animation.asta.attack1": {
			"loop": "hold_on_last_frame",
			"animation_length": 0.5,
			"bones": {
				"waist": {
					"rotation": {
						"0.125": [0, -25, 0],
						"0.375": [0, 25, 0]
					}
				},
				"rightarm": {
					"rotation": {
						"0.125": [-109.20826, -16.17122, 66.82991],
						"0.375": [52.99148, -5.92635, 81.3086]
					},
					"position": {
						"0.125": [0, -0.5, -2],
						"0.375": [0, -1, 2]
					}
				},
				"leftArm": {
					"rotation": {
						"0.125": [22.5, 0, -25],
						"0.3333": [-25, 0, -25]
					}
				},
				"rightLeg": {
					"rotation": {
						"0.125": [1.51424, 2.46381, 4.8906],
						"0.3333": [1.6575, 12.39135, 7.67995]
					},
					"position": {
						"0.125": [0, 1, -3],
						"0.3333": [-0.5, 0, 0]
					}
				},
				"leftLeg": {
					"rotation": {
						"0.125": [6.81693, -19.92066, -5.3191],
						"0.3333": [1.46286, -7.50379, -3.83425]
					},
					"position": {
						"0.125": [0, 0, 0],
						"0.3333": [0, 0, -1.5]
					}
				}
			}
		},
		"animation.asta.attack2": {
			"loop": "hold_on_last_frame",
			"animation_length": 0.5,
			"bones": {
				"waist": {
					"rotation": {
						"0.125": [2.5, 40, 0],
						"0.375": [1.91664, -2.47175, -1.69026]
					}
				},
				"rightarm": {
					"rotation": {
						"0.125": [52.99148, -5.92635, 81.3086],
						"0.375": [47.58605, 27.41826, 54.04261]
					},
					"position": [0, -1, 2]
				},
				"leftArm": {
					"rotation": {
						"0.125": [-81.3178, 4.98093, -54.62165],
						"0.3333": [41.34198, -13.31791, -36.45696]
					}
				},
				"rightLeg": {
					"rotation": {
						"0.125": [1.6575, 12.39135, 7.67995],
						"0.3333": [1.6248, 4.89442, 7.46284]
					},
					"position": {
						"0.125": [-0.5, 0, 0],
						"0.3333": [0, 0, -1]
					}
				},
				"leftLeg": {
					"rotation": {
						"0.125": [1.46286, -7.50379, -3.83425],
						"0.3333": [1.63507, -27.49665, -4.39824]
					},
					"position": {
						"0.125": [0, 0, -1.5],
						"0.3333": [1, 0, -0.5]
					}
				}
			}
		},
		"animation.asta.attack3": {
			"loop": "hold_on_last_frame",
			"animation_length": 0.5,
			"bones": {
				"waist": {
					"rotation": {
						"0.125": [-12.5, 0, 0],
						"0.375": [12.5, 0, 0]
					}
				},
				"rightarm": {
					"rotation": {
						"0.125": [-107.5, -10, 42.5],
						"0.375": [45, 27.5, 55]
					},
					"position": {
						"0.125": [0, 0, -2],
						"0.375": [0, 0, 0]
					}
				},
				"leftArm": {
					"rotation": {
						"0.125": [-90, 10, -42.5],
						"0.375": [45, -27.5, -55]
					},
					"position": {
						"0.125": [0, 0, -2],
						"0.375": [0, 0, 0]
					}
				},
				"rightLeg": {
					"rotation": {
						"0.125": [1.6575, 12.39135, 7.67995],
						"0.3333": [9.12055, -2.60258, 7.25057]
					},
					"position": {
						"0.125": [-0.5, 0, -0.5],
						"0.3333": [-0.5, 0, -1]
					}
				},
				"leftLeg": {
					"rotation": {
						"0.125": [1.6575, -12.3913, -7.6799],
						"0.3333": [9.12055, 2.6026, -7.2506]
					},
					"position": {
						"0.125": [0.5, 0, -0.5],
						"0.3333": [0.5, 0, -1]
					}
				}
			}
		},
		"animation.asta.attack4": {
			"loop": "hold_on_last_frame",
			"animation_length": 1.5,
			"bones": {
				"waist": {
					"rotation": {
						"0.125": [12.5, 0, 0],
						"0.375": [52.5, 0, 0]
					}
				},
				"rightarm": {
					"rotation": {
						"0.125": [45, 27.5, 55],
						"0.375": [-120.01052, -4.19038, 2.65388]
					},
					"position": [0, 0, 0]
				},
				"leftArm": {
					"rotation": {
						"0.125": [45, -27.5, -55],
						"0.375": [-120.01052, 4.1904, -2.6539]
					},
					"position": [0, 0, 0]
				},
				"rightLeg": {
					"rotation": {
						"0.125": [9.12055, -2.60258, 7.25057],
						"0.375": [64.74654, -1.95713, 2.30707]
					},
					"position": {
						"0.125": [-0.5, 0, -1],
						"0.375": [-0.5, -0.5, -3]
					}
				},
				"leftLeg": {
					"rotation": {
						"0.125": [9.12055, 2.6026, -7.2506],
						"0.375": [46.81044, 1.80136, -2.31153]
					},
					"position": [0.5, 0, -1]
				},
				"demon_slayer": {
					"rotation": {
						"0.125": [0, 0, 0],
						"0.375": [67.5, 0, 0]
					}
				},
				"demon_dweller": {
					"rotation": {
						"0.125": [0, 0, 0],
						"0.375": [67.5, 0, 0]
					}
				},
				"head": {
					"rotation": {
						"0.125": [0, 0, 0],
						"0.375": [-47.5, 0, 0]
					}
				}
			},
			"particle_effects": {
				"0.375": [
					{ "effect": "asta_bull_thrust", "locator": "bull_thrust" },
					{ "effect": "asta_bull_thrust2", "locator": "bull_thrust" }
				],
				"0.425": [
					{ "effect": "asta_bull_thrust", "locator": "bull_thrust" },
					{ "effect": "asta_bull_thrust2", "locator": "bull_thrust" },
					{ "effect": "asta_bull_thrust3", "locator": "bull_thrust" }
				],
				"0.475": [
					{ "effect": "asta_bull_thrust", "locator": "bull_thrust" },
					{ "effect": "asta_bull_thrust2", "locator": "bull_thrust" }
				],
				"0.525": [
					{ "effect": "asta_bull_thrust", "locator": "bull_thrust" },
					{ "effect": "asta_bull_thrust2", "locator": "bull_thrust" }
				],
				"0.575": [
					{ "effect": "asta_bull_thrust", "locator": "bull_thrust" },
					{ "effect": "asta_bull_thrust2", "locator": "bull_thrust" }
				],
				"0.625": [
					{ "effect": "asta_bull_thrust", "locator": "bull_thrust" },
					{ "effect": "asta_bull_thrust2", "locator": "bull_thrust" },
					{ "effect": "asta_bull_thrust3", "locator": "bull_thrust" }
				],
				"0.675": [
					{ "effect": "asta_bull_thrust", "locator": "bull_thrust" },
					{ "effect": "asta_bull_thrust2", "locator": "bull_thrust" }
				],
				"0.725": [
					{ "effect": "asta_bull_thrust", "locator": "bull_thrust" },
					{ "effect": "asta_bull_thrust2", "locator": "bull_thrust" }
				],
				"0.775": [
					{ "effect": "asta_bull_thrust", "locator": "bull_thrust" },
					{ "effect": "asta_bull_thrust2", "locator": "bull_thrust" }
				],
				"0.825": [
					{ "effect": "asta_bull_thrust", "locator": "bull_thrust" },
					{ "effect": "asta_bull_thrust2", "locator": "bull_thrust" },
					{ "effect": "asta_bull_thrust3", "locator": "bull_thrust" }
				],
				"0.875": [
					{ "effect": "asta_bull_thrust", "locator": "bull_thrust" },
					{ "effect": "asta_bull_thrust2", "locator": "bull_thrust" }
				],
				"0.925": [
					{ "effect": "asta_bull_thrust", "locator": "bull_thrust" },
					{ "effect": "asta_bull_thrust2", "locator": "bull_thrust" }
				],
				"0.975": [
					{ "effect": "asta_bull_thrust", "locator": "bull_thrust" },
					{ "effect": "asta_bull_thrust2", "locator": "bull_thrust" }
				],
				"1.025": [
					{ "effect": "asta_bull_thrust", "locator": "bull_thrust" },
					{ "effect": "asta_bull_thrust2", "locator": "bull_thrust" }
				]
			}
		},
		"animation.asta.attack5": {
			"loop": "hold_on_last_frame",
			"animation_length": 0.5,
			"bones": {
				"waist": {
					"rotation": {
						"0.125": [10, -12.5, 0],
						"0.25": [-5.25777, 4.79513, 1.69633]
					}
				},
				"rightarm": {
					"rotation": {
						"0.125": [6.37768, 34.90951, 20.40646],
						"0.25": [8.56015, 52.2664, 23.53526]
					}
				},
				"leftArm": {
					"rotation": {
						"0.125": [169.04557, -35.1787, -197.37318],
						"0.25": [330.69603, 2.16109, -187.72774]
					},
					"position": {
						"0.125": [1.5, 0.5, -0.5],
						"0.25": [1.5, 1.5, -1.5]
					}
				},
				"demon_dweller": {
					"rotation": {
						"0.125": [0, 0, 0],
						"0.25": [37.5, 0, 0]
					}
				},
				"rightLeg": {
					"rotation": {
						"0.125": [2.05722, -10.09941, 2.53695],
						"0.25": [4.86096, 7.18461, 5.67251]
					},
					"position": {
						"0.125": [0, 0, -1.5],
						"0.25": [0, 0, 0]
					}
				},
				"leftLeg": {
					"rotation": {
						"0.125": [18.92749, -15.93617, -4.95907],
						"0.25": [13.92749, -15.93617, -4.95907]
					},
					"position": [0.5, 0, -1]
				}
			}
		},
		"animation.asta.fly": {
			"loop": true,
			"bones": {
				"root": {
					"position": [0, 0.25, 0]
				},
				"waist": {
					"rotation": [5, -75, 0],
					"position": [0, -1, 0]
				},
				"rightarm": {
					"rotation": [0, 37.5, 20]
				},
				"leftArm": {
					"rotation": [-25.03149, 25.25199, -33.76653]
				},
				"leftLeg": {
					"rotation": [52.39866, -82.40432, -53.10481],
					"position": [0.5, 0, 2]
				},
				"rightLeg": {
					"rotation": [-5.92994, -49.74086, 7.7508],
					"position": [2, 0, -2.5]
				}
			}
		},
		"animation.asta.move": {
			"loop": true,
			"bones": {
				"grimorio": {
					"rotation": [-27.5, 0, 0],
					"position": [0, "math.cos(q.anim_time * 400) * 1", 0]
				},
				"grimorio1": {
					"rotation": [0, 0, "-10 + math.sin(q.anim_time * 400) * 5"]
				},
				"grimorio2": {
					"rotation": [0, 0, "10 -math.sin(q.anim_time * 400) * 5"]
				},
				"waist": {
					"rotation": [10, "math.sin(q.anim_time * 400) * 7.5", 0],
					"position": [0, "-0.5 + math.sin(q.anim_time * 800) * 1", 0]
				},
				"rightarm": {
					"rotation": ["-2.5 -math.sin(q.anim_time * 400) * 7.5", 5, 10],
					"position": [0, "-0.5 + math.cos(q.anim_time * 400) * 0.5", "-math.sin(q.anim_time * 400) * 1"]
				},
				"leftArm": {
					"rotation": ["-2.5 + math.sin(q.anim_time * 400) * 7.5", -5, -10],
					"position": [0, "-0.5 -math.cos(q.anim_time * 400) * 0.5", "math.sin(q.anim_time * 400) * 1"]
				},
				"leftLeg": {
					"rotation": ["2.5-math.sin(q.anim_time * 400) * 7.5", 0, 0],
					"position": [0, "math.cos(q.anim_time * 400) * 1", "-math.sin(q.anim_time * 400) * 1"]
				},
				"rightLeg": {
					"rotation": ["2.5 + math.sin(q.anim_time * 400) * 7.5", 0, 0],
					"position": [0, "-math.cos(q.anim_time * 400) * 1", "math.sin(q.anim_time * 400) * 1"]
				}
			}
		},
		"animation.asta.move2": {
			"loop": true,
			"bones": {
				"grimorio": {
					"rotation": [-27.5, 0, 0],
					"position": [0, "math.cos(q.anim_time * 400) * 1", 0]
				},
				"grimorio1": {
					"rotation": [0, 0, "-10 + math.sin(q.anim_time * 400) * 5"]
				},
				"grimorio2": {
					"rotation": [0, 0, "10 -math.sin(q.anim_time * 400) * 5"]
				},
				"waist": {
					"rotation": [20, "math.sin(q.anim_time * 400) * 7.5", 0],
					"position": [0, "-0.5 + math.sin(q.anim_time * 800) * 1", 0]
				},
				"rightarm": {
					"rotation": [5, 30, 20],
					"position": [0, -0.5, 0]
				},
				"leftArm": {
					"rotation": [5, -30, -20],
					"position": [0, -0.5, 0]
				},
				"leftLeg": {
					"rotation": ["2.5-math.sin(q.anim_time * 400) * 7.5", 0, 0],
					"position": [0, "math.cos(q.anim_time * 400) * 1", "-math.sin(q.anim_time * 400) * 1"]
				},
				"rightLeg": {
					"rotation": ["2.5 + math.sin(q.anim_time * 400) * 7.5", 0, 0],
					"position": [0, "-math.cos(q.anim_time * 400) * 1", "math.sin(q.anim_time * 400) * 1"]
				}
			}
		},
		"animation.asta.particles": {
			"loop": true,
			"animation_length": 0.1,
			"particle_effects": {
				"0.0": [
					{
					    "effect": "asta_grimoire",
					    "locator": "demon_grimoire"
					},
					{
					    "effect": "asta_grimoire2",
					    "locator": "demon_grimoire"
					}
				]
			}
		},
		"animation.asta.particles2": {
			"loop": true,
			"animation_length": 0.1,
			"particle_effects": {
				"0.0": [
					{
						"effect": "asta_sword",
						"locator": "demon_sword2"
					},
					{
						"effect": "asta_sword",
						"locator": "demon_sword4"
					},
					{
						"effect": "asta_sword",
						"locator": "demon_sword6"
					},
					{
						"effect": "asta_sword",
						"locator": "demon_sword8"
					},
					{
						"effect": "asta_sword",
						"locator": "demon_sword11"
					},
					{
						"effect": "asta_sword",
						"locator": "demon_sword13"
					},
					{
						"effect": "asta_sword",
						"locator": "demon_sword15"
					}
				]
			}
		},
		"animation.asta.sprint": {
			"loop": true,
			"bones": {
				"grimorio": {
					"rotation": [-27.5, 0, 0],
					"position": [0, "math.cos(q.anim_time * 700) * 1", "3 -math.sin(q.anim_time * 700) * 3"]
				},
				"grimorio1": {
					"rotation": [0, 0, "-10 + math.sin(q.anim_time * 700) * 5"]
				},
				"grimorio2": {
					"rotation": [0, 0, "10 -math.sin(q.anim_time * 700) * 5"]
				},
				"waist": {
					"rotation": [30, "math.sin(q.anim_time * 700) * 10", 0],
					"position": [0, "-1 + math.sin(q.anim_time * 1400) * 1", 0]
				},
				"rightarm": {
					"rotation": [-10, 30, 20],
					"position": [0, -0.5, 0]
				},
				"leftArm": {
					"rotation": [-10, -30, -20],
					"position": [0, -0.5, 0]
				},
				"leftLeg": {
					"rotation": ["20 -math.sin(q.anim_time * 700) * 15", -2.5, 0],
					"position": [0, "math.cos(q.anim_time * 700) * 1.5", "-1-math.sin(q.anim_time * 700) * 2"]
				},
				"rightLeg": {
					"rotation": ["20 + math.sin(q.anim_time * 700) * 15", 2.5, 0],
					"position": [0, "-math.cos(q.anim_time * 700) * 1.5", "-1 +math.sin(q.anim_time * 700) * 2"]
				}
			}
		},
		"animation.asta.stop": {
			"loop": true,
			"bones": {
				"grimorio1": {
					"rotation": [0, 0, "-10 + math.sin(q.anim_time * 150) * 5"]
				},
				"grimorio2": {
					"rotation": [0, 0, "10 -math.sin(q.anim_time * 150) * 5"]
				},
				"grimorio": {
					"rotation": [-27.5, 0, 0],
					"position": [0, "math.cos(q.anim_time * 150) * 1", 0]
				},
				"waist": {
					"rotation": ["2.5 -math.sin(q.anim_time * 100) * 1.25", 0, 0]
				},
				"rightarm": {
					"rotation": [0, 10, "2.5 + math.sin(q.anim_time * 100) * 2.5"]
				},
				"leftArm": {
					"rotation": [0, -10, "-2.5 -math.sin(q.anim_time * 100) * 2.5"]
				},
				"rightLeg": {
					"rotation": [1.10693, 12.45167, 5.12076]
				},
				"leftLeg": {
					"rotation": [0.21865, -4.99523, -2.50954]
				}
			}
		},
		"animation.asta.stop2": {
			"loop": true,
			"bones": {
				"grimorio1": {
					"rotation": [0, 0, "-10 + math.sin(q.anim_time * 150) * 5"]
				},
				"grimorio2": {
					"rotation": [0, 0, "10 -math.sin(q.anim_time * 150) * 5"]
				},
				"grimorio": {
					"rotation": [-27.5, 0, 0],
					"position": [0, "math.cos(q.anim_time * 150) * 1", 0]
				},
				"waist": {
					"rotation": ["2.5 -math.sin(q.anim_time * 100) * 2.5", 0, 0]
				},
				"rightarm": {
					"rotation": [2.20462, 12.3071, "10.2377 + math.sin(q.anim_time * 100) * 2.5"]
				},
				"leftArm": {
					"rotation": [2.20462, -12.3071, "-10.2377 -math.sin(q.anim_time * 100) * 2.5"]
				},
				"rightLeg": {
					"rotation": [1.10693, 12.45167, 5.12076]
				},
				"leftLeg": {
					"rotation": [0.21865, -4.99523, -2.50954]
				}
			}
		}
	}
}