{
  "format_version": "1.17.100",
  "minecraft:item": {
    "description": {
      "identifier": "wesl3y:gojo_skills",
      "category": "equipment"
    },
    "components": {
      "tag:skill": {},
      "tag:4skills": {},
      "tag:minecraft:is_sword": {},
      "minecraft:render_offsets": {
	    "main_hand": {
		  "first_person": { 
		    "scale": [0.0,0.0,0.0]
		  },
		  "third_person": { 
			"scale": [0.0,0.0,0.0]
		  }
		}
	  },
	  "minecraft:damage": 15,
      "minecraft:weapon": {},
      "minecraft:allow_off_hand": false,
      "minecraft:use_duration": 9999,
      "minecraft:max_stack_size": 1,
      "minecraft:hand_equipped": true,
      "minecraft:food": {
        "can_always_eat": true
      },
      "minecraft:icon": {
        "texture": "gojo_skills"
      },
      "minecraft:display_name": {
        "value": "Limitless"
      }
    },
    "events": {}
  }
}