{
	"format_version": "1.12.0",
	"minecraft:geometry": [
		{
			"description": {
				"identifier": "geometry.bazooka",
				"texture_width": 32,
				"texture_height": 32,
				"visible_bounds_width": 3,
				"visible_bounds_height": 4,
				"visible_bounds_offset": [0, 1, 0]
			},
			"bones": [
				{
					"name": "rightArm",
					"pivot": [-5, 22, 0],
					"cubes": [
						{
							"origin": [-9, 11.5, -7.5],
							"size": [6, 14, 6],
							"inflate": 0.25,
							"uv": {
								"north": {"uv": [0, 0], "uv_size": [6, 14]},
								"east": {"uv": [6, 0], "uv_size": [6, 14]},
								"south": {"uv": [12, 0], "uv_size": [6, 14]},
								"west": {"uv": [6, 0], "uv_size": [6, 14]},
								"up": {"uv": [6, 14], "uv_size": [6, 6]},
								"down": {"uv": [12, 20], "uv_size": [6, -6]}
							}
						},
						{
							"origin": [-7, 26, -5.5],
							"size": [2, 3, 2],
							"inflate": 0.25,
							"uv": {
								"north": {"uv": [22, 22], "uv_size": [2, 3]},
								"east": {"uv": [14, 23], "uv_size": [2, 3]},
								"south": {"uv": [16, 23], "uv_size": [2, 3]},
								"west": {"uv": [18, 23], "uv_size": [2, 3]},
								"up": {"uv": [20, 23], "uv_size": [2, 2]},
								"down": {"uv": [24, 2], "uv_size": [2, -2]}
							}
						},
						{
							"origin": [-9, 6.5, -7.5],
							"size": [6, 1, 6],
							"inflate": 0.25,
							"uv": {
								"north": {"uv": [22, 18], "uv_size": [6, 1]},
								"east": {"uv": [22, 19], "uv_size": [6, 1]},
								"south": {"uv": [22, 20], "uv_size": [6, 1]},
								"west": {"uv": [22, 21], "uv_size": [6, 1]},
								"up": {"uv": [18, 0], "uv_size": [6, 6]},
								"down": {"uv": [18, 12], "uv_size": [6, -6]}
							}
						},
						{
							"origin": [-8, 8, -6.5],
							"size": [4, 3, 4],
							"inflate": 0.25,
							"uv": {
								"north": {"uv": [14, 20], "uv_size": [4, 3]},
								"east": {"uv": [18, 20], "uv_size": [4, 3]},
								"south": {"uv": [22, 12], "uv_size": [4, 3]},
								"west": {"uv": [22, 15], "uv_size": [4, 3]},
								"up": {"uv": [18, 12], "uv_size": [4, 4]},
								"down": {"uv": [18, 20], "uv_size": [4, -4]}
							}
						},
						{
							"origin": [-8, 29.5, -6.5],
							"size": [4, 1, 4],
							"inflate": 0.25,
							"uv": {
								"north": {"uv": [24, 2], "uv_size": [4, 1]},
								"east": {"uv": [24, 3], "uv_size": [4, 1]},
								"south": {"uv": [24, 4], "uv_size": [4, 1]},
								"west": {"uv": [24, 5], "uv_size": [4, 1]},
								"up": {"uv": [6, 20], "uv_size": [4, 4]},
								"down": {"uv": [10, 24], "uv_size": [4, -4]}
							}
						},
						{
							"origin": [-8, 12, -2],
							"size": [4, 12, 4],
							"uv": {
								"north": {"uv": [88, 40], "uv_size": [8, 24]},
								"east": {"uv": [80, 40], "uv_size": [8, 24]},
								"south": {"uv": [104, 40], "uv_size": [8, 24]},
								"west": {"uv": [96, 40], "uv_size": [8, 24]},
								"up": {"uv": [88, 32], "uv_size": [8, 8]},
								"down": {"uv": [96, 40], "uv_size": [8, -8]}
							}
						}
					]
				},
				{
					"name": "rightItem",
					"parent": "rightArm",
					"pivot": [-6, 15, 1],
					"locators": {
						"lead_hold": [-6, 15, 1]
					}
				}
			]
		}
	]
}