{
	"format_version": "1.12.0",
	"minecraft:geometry": [
		{
			"description": {
				"identifier": "geometry.gear2",
				"texture_width": 64,
				"texture_height": 64,
				"visible_bounds_width": 4,
				"visible_bounds_height": 3,
				"visible_bounds_offset": [0, 1.5, 0]
			},
			"bones": [
				{
					"name": "root",
					"pivot": [0, 0, 0]
				},
				{
					"name": "waist",
					"parent": "root",
					"pivot": [0, 12, 0]
				},
				{
					"name": "body",
					"parent": "waist",
					"pivot": [0, 24, 0],
					"cubes": [
						{
							"origin": [-4, 12, -2],
							"size": [8, 12, 4],
							"uv": {
								"north": {"uv": [8, 0], "uv_size": [8, 12]},
								"east": {"uv": [8, 32], "uv_size": [4, 12]},
								"south": {"uv": [8, 0], "uv_size": [8, 12]},
								"west": {"uv": [32, 8], "uv_size": [4, 12]},
								"up": {"uv": [48, 48], "uv_size": [8, 4]},
								"down": {"uv": [0, 56], "uv_size": [8, -4]}
							}
						}
					]
				},
				{
					"name": "head",
					"parent": "body",
					"pivot": [0, 24, 0],
					"cubes": [
						{
							"origin": [-4, 24, -4],
							"size": [8, 8, 8],
							"uv": {
								"north": {"uv": [16, 0], "uv_size": [8, 8]},
								"east": {"uv": [16, 8], "uv_size": [8, 8]},
								"south": {"uv": [16, 16], "uv_size": [8, 8]},
								"west": {"uv": [0, 24], "uv_size": [8, 8]},
								"up": {"uv": [24, 0], "uv_size": [8, 8]},
								"down": {"uv": [8, 32], "uv_size": [8, -8]}
							}
						}
					]
				},
				{
					"name": "hat",
					"parent": "head",
					"pivot": [0, 24, 0],
					"cubes": [
						{
							"origin": [-4, 24, -4],
							"size": [8, 8, 8],
							"inflate": 0.5,
							"uv": {
								"north": {"uv": [24, 8], "uv_size": [8, 8]},
								"east": {"uv": [16, 24], "uv_size": [8, 8]},
								"south": {"uv": [24, 16], "uv_size": [8, 8]},
								"west": {"uv": [24, 24], "uv_size": [8, 8]},
								"up": {"uv": [0, 32], "uv_size": [8, 8]},
								"down": {"uv": [32, 8], "uv_size": [8, -8]}
							}
						}
					]
				},
				{
					"name": "cape",
					"parent": "body",
					"pivot": [0, 24, 3]
				},
				{
					"name": "leftArm",
					"parent": "body",
					"pivot": [5, 22, 0],
					"cubes": [
						{
							"origin": [4, 12, -2],
							"size": [4, 12, 4],
							"uv": {
								"north": {"uv": [12, 32], "uv_size": [4, 12]},
								"east": {"uv": [16, 32], "uv_size": [4, 12]},
								"south": {"uv": [20, 32], "uv_size": [4, 12]},
								"west": {"uv": [32, 20], "uv_size": [4, 12]},
								"up": {"uv": [52, 8], "uv_size": [4, 4]},
								"down": {"uv": [52, 16], "uv_size": [4, -4]}
							}
						}
					]
				},
				{
					"name": "leftSleeve",
					"parent": "leftArm",
					"pivot": [5, 22, 0],
					"cubes": [
						{
							"origin": [4, 12, -2],
							"size": [4, 12, 4],
							"inflate": 0.25,
							"uv": {
								"north": {"uv": [48, 24], "uv_size": [4, 12]},
								"east": {"uv": [48, 36], "uv_size": [4, 12]},
								"south": {"uv": [40, 48], "uv_size": [4, 12]},
								"west": {"uv": [44, 48], "uv_size": [4, 12]},
								"up": {"uv": [8, 56], "uv_size": [4, 4]},
								"down": {"uv": [56, 12], "uv_size": [4, -4]}
							}
						}
					]
				},
				{
					"name": "leftItem",
					"parent": "leftArm",
					"pivot": [6, 15, 1]
				},
				{
					"name": "rightArm",
					"parent": "body",
					"pivot": [-5, 22, 0],
					"cubes": [
						{
							"origin": [-8, 12, -2],
							"size": [4, 12, 4],
							"uv": {
								"north": {"uv": [24, 32], "uv_size": [4, 12]},
								"east": {"uv": [28, 32], "uv_size": [4, 12]},
								"south": {"uv": [32, 32], "uv_size": [4, 12]},
								"west": {"uv": [36, 8], "uv_size": [4, 12]},
								"up": {"uv": [52, 16], "uv_size": [4, 4]},
								"down": {"uv": [52, 24], "uv_size": [4, -4]}
							}
						}
					]
				},
				{
					"name": "rightSleeve",
					"parent": "rightArm",
					"pivot": [-5, 22, 0],
					"cubes": [
						{
							"origin": [-8, 12, -2],
							"size": [4, 12, 4],
							"inflate": 0.25,
							"uv": {
								"north": {"uv": [36, 20], "uv_size": [4, 12]},
								"east": {"uv": [36, 32], "uv_size": [4, 12]},
								"south": {"uv": [0, 40], "uv_size": [4, 12]},
								"west": {"uv": [40, 0], "uv_size": [4, 12]},
								"up": {"uv": [52, 24], "uv_size": [4, 4]},
								"down": {"uv": [52, 32], "uv_size": [4, -4]}
							}
						}
					]
				},
				{
					"name": "rightItem",
					"parent": "rightArm",
					"pivot": [-6, 15, 1],
					"locators": {
						"lead_hold": [-6, 15, 1]
					}
				},
				{
					"name": "jacket",
					"parent": "body",
					"pivot": [0, 24, 0],
					"cubes": [
						{
							"origin": [-4, 12, -2],
							"size": [8, 12, 4],
							"inflate": 0.25,
							"uv": {
								"north": {"uv": [0, 12], "uv_size": [8, 12]},
								"east": {"uv": [48, 0], "uv_size": [4, 12]},
								"south": {"uv": [8, 12], "uv_size": [8, 12]},
								"west": {"uv": [48, 12], "uv_size": [4, 12]},
								"up": {"uv": [52, 0], "uv_size": [8, 4]},
								"down": {"uv": [52, 8], "uv_size": [8, -4]}
							}
						}
					]
				},
				{
					"name": "bone",
					"parent": "jacket",
					"pivot": [8.5, 11.2, -6.1],
					"cubes": [
						{
							"origin": [-0.175, 11.425, -9.075],
							"size": [17.35, -0.45, 5.95],
							"inflate": 0.25,
							"pivot": [8.5, 11.2, -6.1],
							"rotation": [0, -40, -20],
							"uv": {
								"north": {"uv": [0, 0], "uv_size": [8, 12]},
								"east": {"uv": [0, 0], "uv_size": [8, 12]},
								"south": {"uv": [0, 0], "uv_size": [8, 12]},
								"west": {"uv": [0, 0], "uv_size": [8, 12]},
								"up": {"uv": [8, 12], "uv_size": [-8, -12]},
								"down": {"uv": [16, 12], "uv_size": [-8, -12]}
							}
						}
					]
				},
				{
					"name": "bone4",
					"parent": "jacket",
					"pivot": [4.19476, 5.04812, 6.98157],
					"cubes": [
						{
							"origin": [-1.4415, 10.425, -5.5218],
							"size": [17.35, -0.45, 5.95],
							"inflate": 0.25,
							"pivot": [16.2335, 22.2, 13.4532],
							"rotation": [0, 40, -20],
							"uv": {
								"north": {"uv": [8, 0], "uv_size": [-8, 12]},
								"east": {"uv": [8, 0], "uv_size": [-8, 12]},
								"south": {"uv": [8, 0], "uv_size": [-8, 12]},
								"west": {"uv": [8, 0], "uv_size": [-8, 12]},
								"up": {"uv": [8, 0], "uv_size": [-8, 12]},
								"down": {"uv": [16, 0], "uv_size": [-8, 12]}
							}
						}
					]
				},
				{
					"name": "bone2",
					"parent": "jacket",
					"pivot": [-9.5, 22.2, -5.1],
					"cubes": [
						{
							"origin": [-18.175, 22.425, -8.075],
							"size": [17.35, -0.45, 5.95],
							"inflate": 0.25,
							"pivot": [-9.5, 22.2, -5.1],
							"rotation": [0, 40, 20],
							"uv": {
								"north": {"uv": [8, 0], "uv_size": [-8, 12]},
								"east": {"uv": [8, 0], "uv_size": [-8, 12]},
								"south": {"uv": [8, 0], "uv_size": [-8, 12]},
								"west": {"uv": [8, 0], "uv_size": [-8, 12]},
								"up": {"uv": [0, 12], "uv_size": [8, -12]},
								"down": {"uv": [8, 12], "uv_size": [8, -12]}
							}
						}
					]
				},
				{
					"name": "bone3",
					"parent": "jacket",
					"pivot": [-5.64589, 23.24801, 11.11795],
					"rotation": [0, 135, 0],
					"cubes": [
						{
							"origin": [-15.4415, 22.425, 5.5718],
							"size": [17.35, -0.45, 5.95],
							"inflate": 0.25,
							"pivot": [-2.7665, 22.2, 8.5468],
							"rotation": [0, 40, 20],
							"uv": {
								"north": {"uv": [8, 0], "uv_size": [-8, 12]},
								"east": {"uv": [8, 0], "uv_size": [-8, 12]},
								"south": {"uv": [8, 0], "uv_size": [-8, 12]},
								"west": {"uv": [8, 0], "uv_size": [-8, 12]},
								"up": {"uv": [0, 12], "uv_size": [8, -12]},
								"down": {"uv": [8, 12], "uv_size": [8, -12]}
							}
						}
					]
				},
				{
					"name": "leftLeg",
					"parent": "root",
					"pivot": [1.9, 12, 0],
					"cubes": [
						{
							"origin": [-0.1, 0, -2],
							"size": [4, 12, 4],
							"uv": {
								"north": {"uv": [4, 40], "uv_size": [4, 12]},
								"east": {"uv": [40, 12], "uv_size": [4, 12]},
								"south": {"uv": [40, 24], "uv_size": [4, 12]},
								"west": {"uv": [40, 36], "uv_size": [4, 12]},
								"up": {"uv": [52, 32], "uv_size": [4, 4]},
								"down": {"uv": [52, 40], "uv_size": [4, -4]}
							}
						}
					]
				},
				{
					"name": "leftPants",
					"parent": "leftLeg",
					"pivot": [1.9, 12, 0],
					"cubes": [
						{
							"origin": [-0.1, 0, -2],
							"size": [4, 12, 4],
							"inflate": 0.25,
							"uv": {
								"north": {"uv": [44, 0], "uv_size": [4, 12]},
								"east": {"uv": [8, 44], "uv_size": [4, 12]},
								"south": {"uv": [12, 44], "uv_size": [4, 12]},
								"west": {"uv": [44, 12], "uv_size": [4, 12]},
								"up": {"uv": [52, 40], "uv_size": [4, 4]},
								"down": {"uv": [52, 48], "uv_size": [4, -4]}
							}
						}
					]
				},
				{
					"name": "rightLeg",
					"parent": "root",
					"pivot": [-1.9, 12, 0],
					"cubes": [
						{
							"origin": [-3.9, 0, -2],
							"size": [4, 12, 4],
							"uv": {
								"north": {"uv": [16, 44], "uv_size": [4, 12]},
								"east": {"uv": [20, 44], "uv_size": [4, 12]},
								"south": {"uv": [24, 44], "uv_size": [4, 12]},
								"west": {"uv": [44, 24], "uv_size": [4, 12]},
								"up": {"uv": [48, 52], "uv_size": [4, 4]},
								"down": {"uv": [52, 56], "uv_size": [4, -4]}
							}
						}
					]
				},
				{
					"name": "rightPants",
					"parent": "rightLeg",
					"pivot": [-1.9, 12, 0],
					"cubes": [
						{
							"origin": [-3.9, 0, -2],
							"size": [4, 12, 4],
							"inflate": 0.25,
							"uv": {
								"north": {"uv": [28, 44], "uv_size": [4, 12]},
								"east": {"uv": [32, 44], "uv_size": [4, 12]},
								"south": {"uv": [36, 44], "uv_size": [4, 12]},
								"west": {"uv": [44, 36], "uv_size": [4, 12]},
								"up": {"uv": [0, 56], "uv_size": [4, 4]},
								"down": {"uv": [4, 60], "uv_size": [4, -4]}
							}
						}
					]
				}
			]
		}
	]
}