{
	"format_version": "1.12.0",
	"minecraft:geometry": [
		{
			"description": {
				"identifier": "geometry.ice",
				"texture_width": 64,
				"texture_height": 64,
				"visible_bounds_width": 3,
				"visible_bounds_height": 1.5,
				"visible_bounds_offset": [0, 0.25, 0]
			},
			"bones": [
				{
					"name": "bone",
					"pivot": [0, 0, 0],
					"cubes": [
						{
							"origin": [-9, 0, 3],
							"size": [5, 3, 7],
							"uv": {
								"north": {"uv": [0, 0], "uv_size": [16, 16]},
								"east": {"uv": [0, 0], "uv_size": [16, 16]},
								"south": {"uv": [0, 0], "uv_size": [16, 16]},
								"west": {"uv": [0, 0], "uv_size": [16, 16]},
								"up": {"uv": [0, 0], "uv_size": [16, 16]},
								"down": {"uv": [0, 0], "uv_size": [16, 16]}
							}
						},
						{
							"origin": [-5, 0, -9],
							"size": [9, 1, 8],
							"uv": {
								"north": {"uv": [0, 0], "uv_size": [16, 16]},
								"east": {"uv": [0, 0], "uv_size": [16, 16]},
								"south": {"uv": [0, 0], "uv_size": [16, 16]},
								"west": {"uv": [0, 0], "uv_size": [16, 16]},
								"up": {"uv": [16, 16], "uv_size": [-16, -16]},
								"down": {"uv": [16, 16], "uv_size": [-16, -16]}
							}
						},
						{
							"origin": [-10, 0, -2],
							"size": [5, 1, 8],
							"uv": {
								"north": {"uv": [0, 0], "uv_size": [16, 16]},
								"east": {"uv": [0, 0], "uv_size": [16, 16]},
								"south": {"uv": [0, 0], "uv_size": [16, 16]},
								"west": {"uv": [0, 0], "uv_size": [16, 16]},
								"up": {"uv": [0, 0], "uv_size": [16, 16]},
								"down": {"uv": [0, 0], "uv_size": [16, 16]}
							}
						},
						{
							"origin": [-10, 0, -9],
							"size": [6, 4, 5],
							"uv": {
								"north": {"uv": [16, 0], "uv_size": [-16, 16]},
								"east": {"uv": [16, 0], "uv_size": [-16, 16]},
								"south": {"uv": [16, 0], "uv_size": [-16, 16]},
								"west": {"uv": [16, 0], "uv_size": [-16, 16]},
								"up": {"uv": [0, 16], "uv_size": [16, -16]},
								"down": {"uv": [0, 16], "uv_size": [16, -16]}
							}
						},
						{
							"origin": [4, 0, -9],
							"size": [6, 4, 5],
							"uv": {
								"north": {"uv": [0, 0], "uv_size": [16, 16]},
								"east": {"uv": [0, 0], "uv_size": [16, 16]},
								"south": {"uv": [0, 0], "uv_size": [16, 16]},
								"west": {"uv": [0, 0], "uv_size": [16, 16]},
								"up": {"uv": [16, 16], "uv_size": [-16, -16]},
								"down": {"uv": [16, 16], "uv_size": [-16, -16]}
							}
						},
						{
							"origin": [-8, 0, -8],
							"size": [16, 2, 16],
							"uv": {
								"north": {"uv": [0, 0], "uv_size": [16, 16]},
								"east": {"uv": [0, 0], "uv_size": [16, 16]},
								"south": {"uv": [0, 0], "uv_size": [16, 16]},
								"west": {"uv": [0, 0], "uv_size": [16, 16]},
								"up": {"uv": [16, 16], "uv_size": [-16, -16]},
								"down": {"uv": [16, 16], "uv_size": [-16, -16]}
							}
						},
						{
							"origin": [4, 0, 3],
							"size": [5, 3, 7],
							"uv": {
								"north": {"uv": [16, 0], "uv_size": [-16, 16]},
								"east": {"uv": [16, 0], "uv_size": [-16, 16]},
								"south": {"uv": [16, 0], "uv_size": [-16, 16]},
								"west": {"uv": [16, 0], "uv_size": [-16, 16]},
								"up": {"uv": [16, 0], "uv_size": [-16, 16]},
								"down": {"uv": [16, 0], "uv_size": [-16, 16]}
							}
						},
						{
							"origin": [-3, 0, -1],
							"size": [5, 3, 8],
							"uv": {
								"north": {"uv": [0, 0], "uv_size": [16, 16]},
								"east": {"uv": [0, 0], "uv_size": [16, 16]},
								"south": {"uv": [0, 0], "uv_size": [16, 16]},
								"west": {"uv": [0, 0], "uv_size": [16, 16]},
								"up": {"uv": [16, 16], "uv_size": [-16, -16]},
								"down": {"uv": [16, 16], "uv_size": [-16, -16]}
							}
						},
						{
							"origin": [4, 0, -8],
							"size": [5, 3, 8],
							"uv": {
								"north": {"uv": [0, 0], "uv_size": [16, 16]},
								"east": {"uv": [0, 0], "uv_size": [16, 16]},
								"south": {"uv": [0, 0], "uv_size": [16, 16]},
								"west": {"uv": [0, 0], "uv_size": [16, 16]},
								"up": {"uv": [16, 16], "uv_size": [-16, -16]},
								"down": {"uv": [16, 16], "uv_size": [-16, -16]}
							}
						},
						{
							"origin": [-1, 0, 1],
							"size": [5, 1, 8],
							"uv": {
								"north": {"uv": [16, 0], "uv_size": [-16, 16]},
								"east": {"uv": [16, 0], "uv_size": [-16, 16]},
								"south": {"uv": [16, 0], "uv_size": [-16, 16]},
								"west": {"uv": [16, 0], "uv_size": [-16, 16]},
								"up": {"uv": [16, 0], "uv_size": [-16, 16]},
								"down": {"uv": [16, 0], "uv_size": [-16, 16]}
							}
						},
						{
							"origin": [-9, 0, -8],
							"size": [5, 3, 8],
							"uv": {
								"north": {"uv": [16, 0], "uv_size": [-16, 16]},
								"east": {"uv": [16, 0], "uv_size": [-16, 16]},
								"south": {"uv": [16, 0], "uv_size": [-16, 16]},
								"west": {"uv": [16, 0], "uv_size": [-16, 16]},
								"up": {"uv": [0, 16], "uv_size": [16, -16]},
								"down": {"uv": [0, 16], "uv_size": [16, -16]}
							}
						},
						{
							"origin": [5, 0, -2],
							"size": [5, 1, 8],
							"uv": {
								"north": {"uv": [16, 0], "uv_size": [-16, 16]},
								"east": {"uv": [16, 0], "uv_size": [-16, 16]},
								"south": {"uv": [16, 0], "uv_size": [-16, 16]},
								"west": {"uv": [16, 0], "uv_size": [-16, 16]},
								"up": {"uv": [16, 0], "uv_size": [-16, 16]},
								"down": {"uv": [16, 0], "uv_size": [-16, 16]}
							}
						},
						{
							"origin": [-6, 0, 4],
							"size": [5, 4, 5],
							"uv": {
								"north": {"uv": [0, 0], "uv_size": [16, 16]},
								"east": {"uv": [0, 0], "uv_size": [16, 16]},
								"south": {"uv": [0, 0], "uv_size": [16, 16]},
								"west": {"uv": [0, 0], "uv_size": [16, 16]},
								"up": {"uv": [16, 16], "uv_size": [-16, -16]},
								"down": {"uv": [16, 16], "uv_size": [-16, -16]}
							}
						}
					]
				}
			]
		}
	]
}