{
	"format_version": "1.12.0",
	"minecraft:geometry": [
		{
			"description": {
				"identifier": "geometry.inu_hybrid",
				"texture_width": 128,
				"texture_height": 128,
				"visible_bounds_width": 8,
				"visible_bounds_height": 5.5,
				"visible_bounds_offset": [0, 2.25, 0]
			},
			"bones": [
				{
					"name": "bone",
					"pivot": [0, 42.34211, 3.10961],
					"rotation": [-87.5, 0, 0],
					"cubes": [
						{
							"origin": [20, 66.27939, -6.38121],
							"size": [-40, -40, 0],
							"pivot": [0, 46.27939, -1.38121],
							"rotation": [47.5, 0, 0],
							"uv": {
								"north": {"uv": [0, 0], "uv_size": [40, 40]},
								"east": {"uv": [0, 0], "uv_size": [0, 40]},
								"south": {"uv": [0, 40], "uv_size": [40, 40]},
								"west": {"uv": [0, 0], "uv_size": [0, 40]},
								"up": {"uv": [0, 0], "uv_size": [40, 0]},
								"down": {"uv": [0, 0], "uv_size": [40, 0]}
							}
						},
						{
							"origin": [-5, 37.27939, -5.38121],
							"size": [10, 10, 10],
							"uv": {
								"north": {"uv": [51, 48], "uv_size": [10, 10]},
								"east": {"uv": [51, 58], "uv_size": [10, 10]},
								"south": {"uv": [60, 0], "uv_size": [10, 10]},
								"west": {"uv": [60, 10], "uv_size": [10, 10]},
								"up": {"uv": [61, 48], "uv_size": [10, 10]},
								"down": {"uv": [61, 68], "uv_size": [10, -10]}
							}
						},
						{
							"origin": [-3.65234, 38.49814, 4.61879],
							"size": [7.30469, 7.5625, 9.21484],
							"uv": {
								"north": {"uv": [56, 77], "uv_size": [7.5, 7.5]},
								"east": {"uv": [67, 68], "uv_size": [9, 7.5]},
								"south": {"uv": [78, 8], "uv_size": [7.5, 7.5]},
								"west": {"uv": [70, 0], "uv_size": [9, 7.5]},
								"up": {"uv": [70, 8], "uv_size": [7.5, 9]},
								"down": {"uv": [71, 26], "uv_size": [7.5, -9]}
							}
						},
						{
							"origin": [-4.39062, 37.75986, 13.83363],
							"size": [8.78125, 9.03906, 9.01953],
							"uv": {
								"north": {"uv": [62, 20], "uv_size": [9, 9]},
								"east": {"uv": [62, 29], "uv_size": [9, 9]},
								"south": {"uv": [62, 38], "uv_size": [9, 9]},
								"west": {"uv": [40, 64], "uv_size": [9, 9]},
								"up": {"uv": [49, 68], "uv_size": [9, 9]},
								"down": {"uv": [58, 77], "uv_size": [9, -9]}
							}
						},
						{
							"origin": [-3, 39.27939, -8.38121],
							"size": [6, 6, 3],
							"uv": {
								"north": {"uv": [86, 6], "uv_size": [6, 6]},
								"east": {"uv": [98, 71], "uv_size": [3, 6]},
								"south": {"uv": [86, 54], "uv_size": [6, 6]},
								"west": {"uv": [98, 77], "uv_size": [3, 6]},
								"up": {"uv": [98, 10], "uv_size": [6, 3]},
								"down": {"uv": [98, 86], "uv_size": [6, -3]}
							}
						}
					]
				},
				{
					"name": "Head",
					"parent": "bone",
					"pivot": [0, 42.1308, -8.34615],
					"rotation": [2.5, 0, 0],
					"cubes": [
						{
							"origin": [-4, 38.45767, -16.55188],
							"size": [8, 8, 8],
							"uv": {
								"north": {"uv": [71, 26], "uv_size": [8, 8]},
								"east": {"uv": [71, 34], "uv_size": [8, 8]},
								"south": {"uv": [71, 42], "uv_size": [8, 8]},
								"west": {"uv": [71, 50], "uv_size": [8, 8]},
								"up": {"uv": [71, 58], "uv_size": [8, 8]},
								"down": {"uv": [40, 81], "uv_size": [8, -8]}
							}
						},
						{
							"origin": [5.21875, 38.45767, -16.55188],
							"size": [0, 8, 12],
							"pivot": [5.21875, 42.45767, -12.55188],
							"rotation": [0, 36, 0],
							"uv": {
								"north": {"uv": [0, 0], "uv_size": [0, 8]},
								"east": {"uv": [76, 66], "uv_size": [8, 8]},
								"south": {"uv": [0, 0], "uv_size": [0, 8]},
								"west": {"uv": [67, 76], "uv_size": [8, 8]},
								"up": {"uv": [0, 0], "uv_size": [0, 8]},
								"down": {"uv": [0, 8], "uv_size": [0, -8]}
							}
						},
						{
							"origin": [-5.21875, 38.45767, -16.55188],
							"size": [0, 8, 11],
							"pivot": [-5.21875, 42.45767, -12.55188],
							"rotation": [0, -36, 0],
							"uv": {
								"north": {"uv": [0, 0], "uv_size": [0, 8]},
								"east": {"uv": [76, 74], "uv_size": [8, 8]},
								"south": {"uv": [0, 0], "uv_size": [0, 8]},
								"west": {"uv": [48, 77], "uv_size": [8, 8]},
								"up": {"uv": [0, 0], "uv_size": [0, 8]},
								"down": {"uv": [0, 8], "uv_size": [0, -8]}
							}
						},
						{
							"origin": [-4.83594, 45.12564, -13.47375],
							"size": [0.83594, 5.42188, 1.84375],
							"pivot": [-3.41797, 47.32486, -12.55188],
							"rotation": [-33.87826, -15.85586, -22.14264],
							"uv": {
								"north": {"uv": [41, 104], "uv_size": [1, 5.5]},
								"east": {"uv": [99, 101], "uv_size": [2, 5.5]},
								"south": {"uv": [42, 104], "uv_size": [1, 5.5]},
								"west": {"uv": [101, 101], "uv_size": [2, 5.5]},
								"up": {"uv": [70, 17], "uv_size": [1, 2]},
								"down": {"uv": [48, 75], "uv_size": [1, -2]}
							}
						},
						{
							"origin": [-7.03473, 48.5314, -10.22149],
							"size": [0.53906, 2.97266, 1.60938],
							"pivot": [-5.7652, 50.73062, -9.4168],
							"rotation": [-46.37826, -15.85586, -22.14264],
							"uv": {
								"north": {"uv": [74, 90], "uv_size": [0.5, 3]},
								"east": {"uv": [44, 104], "uv_size": [1.5, 3]},
								"south": {"uv": [87, 91], "uv_size": [0.5, 3]},
								"west": {"uv": [46, 104], "uv_size": [1.5, 3]},
								"up": {"uv": [63, 91], "uv_size": [0.5, 1.5]},
								"down": {"uv": [87, 95.5], "uv_size": [0.5, -1.5]}
							}
						},
						{
							"origin": [4, 45.12564, -13.47375],
							"size": [0.83594, 5.42188, 1.84375],
							"pivot": [3.41797, 47.32486, -12.55188],
							"rotation": [-33.87826, 15.85586, 22.14264],
							"uv": {
								"north": {"uv": [104, 42], "uv_size": [1, 5.5]},
								"east": {"uv": [0, 102], "uv_size": [2, 5.5]},
								"south": {"uv": [43, 104], "uv_size": [1, 5.5]},
								"west": {"uv": [2, 102], "uv_size": [2, 5.5]},
								"up": {"uv": [48, 75], "uv_size": [1, 2]},
								"down": {"uv": [75, 68], "uv_size": [1, -2]}
							}
						},
						{
							"origin": [6.49567, 48.5314, -10.22149],
							"size": [0.53906, 2.97266, 1.60938],
							"pivot": [5.7652, 50.73062, -9.4168],
							"rotation": [-46.37826, 15.85586, 22.14264],
							"uv": {
								"north": {"uv": [83, 62], "uv_size": [0.5, 3]},
								"east": {"uv": [60, 20], "uv_size": [1.5, 3]},
								"south": {"uv": [86, 12], "uv_size": [0.5, 3]},
								"west": {"uv": [49, 64], "uv_size": [1.5, 3]},
								"up": {"uv": [88, 60], "uv_size": [0.5, 1.5]},
								"down": {"uv": [91, 53.5], "uv_size": [0.5, -1.5]}
							}
						},
						{
							"origin": [0.82422, 45.4147, -13.72766],
							"size": [1.35156, 5.83203, 1.35156],
							"pivot": [1.5, 47.4147, -13.05188],
							"rotation": [-40.85916, 2.87759, 6.3552],
							"uv": {
								"north": {"uv": [15, 102], "uv_size": [1.5, 6]},
								"east": {"uv": [17, 102], "uv_size": [1.5, 6]},
								"south": {"uv": [19, 102], "uv_size": [1.5, 6]},
								"west": {"uv": [21, 102], "uv_size": [1.5, 6]},
								"up": {"uv": [93, 105], "uv_size": [1.5, 1.5]},
								"down": {"uv": [105, 94.5], "uv_size": [1.5, -1.5]}
							}
						},
						{
							"origin": [1.72674, 49.93323, -10.59965],
							"size": [0.84375, 5.83203, 0.84375],
							"pivot": [2.14862, 51.93323, -10.17777],
							"rotation": [-14.85916, 2.87759, 6.3552],
							"uv": {
								"north": {"uv": [98, 102], "uv_size": [1, 6]},
								"east": {"uv": [104, 36], "uv_size": [1, 6]},
								"south": {"uv": [39, 104], "uv_size": [1, 6]},
								"west": {"uv": [40, 104], "uv_size": [1, 6]},
								"up": {"uv": [85, 55], "uv_size": [1, 1]},
								"down": {"uv": [86, 16], "uv_size": [1, -1]}
							}
						},
						{
							"origin": [-2.17578, 45.4147, -13.72766],
							"size": [1.35156, 5.83203, 1.35156],
							"pivot": [-1.5, 47.4147, -13.05188],
							"rotation": [-40.85916, -2.87759, -6.3552],
							"uv": {
								"north": {"uv": [7, 102], "uv_size": [1.5, 6]},
								"east": {"uv": [9, 102], "uv_size": [1.5, 6]},
								"south": {"uv": [11, 102], "uv_size": [1.5, 6]},
								"west": {"uv": [13, 102], "uv_size": [1.5, 6]},
								"up": {"uv": [105, 89], "uv_size": [1.5, 1.5]},
								"down": {"uv": [105, 92.5], "uv_size": [1.5, -1.5]}
							}
						},
						{
							"origin": [-2.57049, 49.93323, -10.59965],
							"size": [0.84375, 5.83203, 0.84375],
							"pivot": [-2.14862, 51.93323, -10.17777],
							"rotation": [-14.85916, -2.87759, -6.3552],
							"uv": {
								"north": {"uv": [75, 76], "uv_size": [1, 6]},
								"east": {"uv": [74, 84], "uv_size": [1, 6]},
								"south": {"uv": [63, 85], "uv_size": [1, 6]},
								"west": {"uv": [92, 6], "uv_size": [1, 6]},
								"up": {"uv": [83, 65], "uv_size": [1, 1]},
								"down": {"uv": [85, 55], "uv_size": [1, -1]}
							}
						}
					]
				},
				{
					"name": "bone3",
					"parent": "Head",
					"pivot": [0, 42.8229, -15.97766],
					"cubes": [
						{
							"origin": [-1.79687, 40.89908, -18.55188],
							"size": [3.59375, 2.39063, 2],
							"uv": {
								"north": {"uv": [101, 80], "uv_size": [3.5, 2.5]},
								"east": {"uv": [98, 86], "uv_size": [7, 2.5]},
								"south": {"uv": [23, 102], "uv_size": [3.5, 2.5]},
								"west": {"uv": [98, 89], "uv_size": [7, 2.5]},
								"up": {"uv": [96, 14], "uv_size": [3.5, 7]},
								"down": {"uv": [96, 28], "uv_size": [3.5, -7]}
							}
						},
						{
							"origin": [-0.67578, 42.37955, -18.65735],
							"size": [1.35156, 1.21094, 1],
							"uv": {
								"north": {"uv": [60, 23], "uv_size": [1.5, 1]},
								"east": {"uv": [70, 19], "uv_size": [1, 1]},
								"south": {"uv": [49, 67], "uv_size": [1.5, 1]},
								"west": {"uv": [78, 16], "uv_size": [1, 1]},
								"up": {"uv": [69, 47], "uv_size": [1.5, 1]},
								"down": {"uv": [92, 60], "uv_size": [1.5, -1]}
							}
						},
						{
							"origin": [-1.34766, 43.2897, -16.55188],
							"size": [2.69531, 0.19922, 0],
							"uv": {
								"north": {"uv": [68, 106], "uv_size": [2.5, 0.5]},
								"east": {"uv": [96, 33], "uv_size": [4, 0.5]},
								"south": {"uv": [106, 69], "uv_size": [2.5, 0.5]},
								"west": {"uv": [105, 82], "uv_size": [4, 0.5]},
								"up": {"uv": [93, 14], "uv_size": [2.5, 4]},
								"down": {"uv": [4, 106], "uv_size": [2.5, -4]}
							}
						}
					]
				},
				{
					"name": "bone4",
					"parent": "Head",
					"pivot": [0, 39.07095, -16.0675],
					"cubes": [
						{
							"origin": [-1.79687, 38.58658, -18.55188],
							"size": [3.59375, 1.42578, 2],
							"uv": {
								"north": {"uv": [71, 66], "uv_size": [3.5, 1.5]},
								"east": {"uv": [79, 6], "uv_size": [7, 1.5]},
								"south": {"uv": [84, 80], "uv_size": [3.5, 1.5]},
								"west": {"uv": [101, 31], "uv_size": [7, 1.5]},
								"up": {"uv": [87, 96], "uv_size": [3.5, 7]},
								"down": {"uv": [97, 59], "uv_size": [3.5, -7]}
							}
						},
						{
							"origin": [-1.54687, 40.01236, -18.30188],
							"size": [3.09375, 0.59375, 1.78906],
							"uv": {
								"north": {"uv": [95, 71], "uv_size": [3, 0.5]},
								"east": {"uv": [62, 47], "uv_size": [7, 0.5]},
								"south": {"uv": [106, 30], "uv_size": [3, 0.5]},
								"west": {"uv": [101, 58], "uv_size": [7, 0.5]},
								"up": {"uv": [64, 77], "uv_size": [3, 7]},
								"down": {"uv": [91, 104], "uv_size": [3, -7]}
							}
						}
					]
				},
				{
					"name": "bone7",
					"parent": "bone",
					"pivot": [-6.07341, 42.48064, 0.30091],
					"rotation": [97.97532, -19.82169, -2.71994],
					"cubes": [
						{
							"origin": [-9.0625, 39.0833, -5.5062],
							"size": [4.74219, 9.02734, 4.66797],
							"pivot": [-6.17187, 39.13291, -2.76402],
							"rotation": [-41.87276, -10.83517, -11.84399],
							"uv": {
								"north": {"uv": [84, 71], "uv_size": [4.5, 9]},
								"east": {"uv": [48, 85], "uv_size": [4.5, 9]},
								"south": {"uv": [53, 85], "uv_size": [4.5, 9]},
								"west": {"uv": [58, 85], "uv_size": [4.5, 9]},
								"up": {"uv": [98, 0], "uv_size": [4.5, 4.5]},
								"down": {"uv": [98, 9.5], "uv_size": [4.5, -4.5]}
							}
						},
						{
							"origin": [-9.11719, 34.05673, -1.9359],
							"size": [4.08594, 8.18359, 4],
							"pivot": [-6.85156, 38.61728, 0.0641],
							"rotation": [21, 0, 0],
							"uv": {
								"north": {"uv": [12, 91], "uv_size": [4, 8]},
								"east": {"uv": [16, 91], "uv_size": [4, 8]},
								"south": {"uv": [20, 91], "uv_size": [4, 8]},
								"west": {"uv": [24, 91], "uv_size": [4, 8]},
								"up": {"uv": [100, 17], "uv_size": [4, 4]},
								"down": {"uv": [100, 25], "uv_size": [4, -4]}
							}
						}
					]
				},
				{
					"name": "bone8",
					"parent": "bone7",
					"pivot": [-6.85156, 34.41356, 0.68278],
					"cubes": [
						{
							"origin": [-9.43632, 32.24358, -0.40898],
							"size": [4.59063, 3.03164, 4.4789],
							"uv": {
								"north": {"uv": [103, 3], "uv_size": [3.5, 2.5]},
								"east": {"uv": [103, 6], "uv_size": [3.5, 2.5]},
								"south": {"uv": [35, 103], "uv_size": [3.5, 2.5]},
								"west": {"uv": [83, 103], "uv_size": [3.5, 2.5]},
								"up": {"uv": [100, 63], "uv_size": [3.5, 3.5]},
								"down": {"uv": [67, 103.5], "uv_size": [3.5, -3.5]}
							}
						},
						{
							"origin": [-9.70546, 20.15165, -2.88206],
							"size": [5.1289, 14.07149, 5.01719],
							"pivot": [-6.85156, 29.51317, -0.37347],
							"rotation": [-33, 0, 0],
							"uv": {
								"north": {"uv": [8, 80], "uv_size": [4, 11]},
								"east": {"uv": [12, 80], "uv_size": [4, 11]},
								"south": {"uv": [16, 80], "uv_size": [4, 11]},
								"west": {"uv": [20, 80], "uv_size": [4, 11]},
								"up": {"uv": [100, 33], "uv_size": [4, 4]},
								"down": {"uv": [100, 41], "uv_size": [4, -4]}
							}
						}
					]
				},
				{
					"name": "bone15",
					"parent": "bone8",
					"pivot": [-6.22444, 21.31297, -6.14591],
					"rotation": [8.9411, 67.53396, -91.13575],
					"cubes": [
						{
							"origin": [-8.52213, 20.0078, -12.62184],
							"size": [4.46094, 2.53906, 7.14844],
							"uv": {
								"north": {"uv": [101, 28], "uv_size": [4.5, 2.5]},
								"east": {"uv": [7, 99], "uv_size": [7, 2.5]},
								"south": {"uv": [101, 52], "uv_size": [4.5, 2.5]},
								"west": {"uv": [14, 99], "uv_size": [7, 2.5]},
								"up": {"uv": [93, 7], "uv_size": [4.5, 7]},
								"down": {"uv": [63, 100], "uv_size": [4.5, -7]}
							}
						},
						{
							"origin": [-8.38541, 20.40233, -13.35231],
							"size": [1.45703, 1.75, 1.72656],
							"pivot": [-7.65689, 21.27733, -12.46168],
							"rotation": [45, 12, 0],
							"uv": {
								"north": {"uv": [66, 104], "uv_size": [1.5, 2]},
								"east": {"uv": [104, 67], "uv_size": [1.5, 2]},
								"south": {"uv": [68, 104], "uv_size": [1.5, 2]},
								"west": {"uv": [104, 69], "uv_size": [1.5, 2]},
								"up": {"uv": [52, 106], "uv_size": [1.5, 1.5]},
								"down": {"uv": [106, 53.5], "uv_size": [1.5, -1.5]}
							}
						},
						{
							"origin": [-7.02994, 20.40233, -13.35231],
							"size": [1.45703, 1.75, 1.72656],
							"pivot": [-6.30142, 21.27733, -12.46168],
							"rotation": [45, 0, 0],
							"uv": {
								"north": {"uv": [70, 104], "uv_size": [1.5, 2]},
								"east": {"uv": [72, 104], "uv_size": [1.5, 2]},
								"south": {"uv": [74, 104], "uv_size": [1.5, 2]},
								"west": {"uv": [76, 104], "uv_size": [1.5, 2]},
								"up": {"uv": [54, 106], "uv_size": [1.5, 1.5]},
								"down": {"uv": [106, 55.5], "uv_size": [1.5, -1.5]}
							}
						},
						{
							"origin": [-5.65494, 20.40233, -13.35231],
							"size": [1.45703, 1.75, 1.72656],
							"pivot": [-4.92642, 21.27733, -12.46168],
							"rotation": [45, -12, 0],
							"uv": {
								"north": {"uv": [62, 104], "uv_size": [1.5, 2]},
								"east": {"uv": [104, 63], "uv_size": [1.5, 2]},
								"south": {"uv": [64, 104], "uv_size": [1.5, 2]},
								"west": {"uv": [104, 65], "uv_size": [1.5, 2]},
								"up": {"uv": [48, 106], "uv_size": [1.5, 1.5]},
								"down": {"uv": [50, 107.5], "uv_size": [1.5, -1.5]}
							}
						}
					]
				},
				{
					"name": "bone5",
					"parent": "bone",
					"pivot": [6.07341, 42.48064, 0.30091],
					"rotation": [97.97532, 19.82169, 2.71994],
					"cubes": [
						{
							"origin": [4.32031, 39.0833, -5.5062],
							"size": [4.74219, 9.02734, 4.66797],
							"pivot": [6.17187, 39.13291, -2.76402],
							"rotation": [-41.87276, 10.83517, 11.84399],
							"uv": {
								"north": {"uv": [88.5, 71], "uv_size": [-4.5, 9]},
								"east": {"uv": [62.5, 85], "uv_size": [-4.5, 9]},
								"south": {"uv": [57.5, 85], "uv_size": [-4.5, 9]},
								"west": {"uv": [52.5, 85], "uv_size": [-4.5, 9]},
								"up": {"uv": [102.5, 0], "uv_size": [-4.5, 4.5]},
								"down": {"uv": [102.5, 9.5], "uv_size": [-4.5, -4.5]}
							}
						},
						{
							"origin": [5.03125, 34.05673, -1.9359],
							"size": [4.08594, 8.18359, 4],
							"pivot": [6.85156, 38.61728, 0.0641],
							"rotation": [21, 0, 0],
							"uv": {
								"north": {"uv": [16, 91], "uv_size": [-4, 8]},
								"east": {"uv": [28, 91], "uv_size": [-4, 8]},
								"south": {"uv": [24, 91], "uv_size": [-4, 8]},
								"west": {"uv": [20, 91], "uv_size": [-4, 8]},
								"up": {"uv": [104, 17], "uv_size": [-4, 4]},
								"down": {"uv": [104, 25], "uv_size": [-4, -4]}
							}
						}
					]
				},
				{
					"name": "bone6",
					"parent": "bone5",
					"pivot": [6.85156, 34.41356, 0.68278],
					"cubes": [
						{
							"origin": [4.8457, 32.24358, -0.40898],
							"size": [4.59063, 3.03164, 4.4789],
							"uv": {
								"north": {"uv": [106.5, 3], "uv_size": [-3.5, 2.5]},
								"east": {"uv": [86.5, 103], "uv_size": [-3.5, 2.5]},
								"south": {"uv": [38.5, 103], "uv_size": [-3.5, 2.5]},
								"west": {"uv": [106.5, 6], "uv_size": [-3.5, 2.5]},
								"up": {"uv": [103.5, 63], "uv_size": [-3.5, 3.5]},
								"down": {"uv": [70.5, 103.5], "uv_size": [-3.5, -3.5]}
							}
						},
						{
							"origin": [4.57656, 20.15165, -2.88206],
							"size": [5.1289, 14.07149, 5.01719],
							"pivot": [6.85156, 29.51317, -0.37347],
							"rotation": [-33, 0, 0],
							"uv": {
								"north": {"uv": [12, 80], "uv_size": [-4, 11]},
								"east": {"uv": [24, 80], "uv_size": [-4, 11]},
								"south": {"uv": [20, 80], "uv_size": [-4, 11]},
								"west": {"uv": [16, 80], "uv_size": [-4, 11]},
								"up": {"uv": [104, 33], "uv_size": [-4, 4]},
								"down": {"uv": [104, 41], "uv_size": [-4, -4]}
							}
						}
					]
				},
				{
					"name": "bone16",
					"parent": "bone6",
					"pivot": [6.22444, 21.31297, -6.14591],
					"rotation": [8.9411, -67.53396, 91.13575],
					"cubes": [
						{
							"origin": [4.06119, 20.0078, -12.62184],
							"size": [4.46094, 2.53906, 7.14844],
							"uv": {
								"north": {"uv": [105.5, 28], "uv_size": [-4.5, 2.5]},
								"east": {"uv": [21, 99], "uv_size": [-7, 2.5]},
								"south": {"uv": [105.5, 52], "uv_size": [-4.5, 2.5]},
								"west": {"uv": [14, 99], "uv_size": [-7, 2.5]},
								"up": {"uv": [97.5, 7], "uv_size": [-4.5, 7]},
								"down": {"uv": [67.5, 100], "uv_size": [-4.5, -7]}
							}
						},
						{
							"origin": [6.92838, 20.40233, -13.35231],
							"size": [1.45703, 1.75, 1.72656],
							"pivot": [7.65689, 21.27733, -12.46168],
							"rotation": [45, -12, 0],
							"uv": {
								"north": {"uv": [67.5, 104], "uv_size": [-1.5, 2]},
								"east": {"uv": [105.5, 69], "uv_size": [-1.5, 2]},
								"south": {"uv": [69.5, 104], "uv_size": [-1.5, 2]},
								"west": {"uv": [105.5, 67], "uv_size": [-1.5, 2]},
								"up": {"uv": [53.5, 106], "uv_size": [-1.5, 1.5]},
								"down": {"uv": [107.5, 53.5], "uv_size": [-1.5, -1.5]}
							}
						},
						{
							"origin": [5.57291, 20.40233, -13.35231],
							"size": [1.45703, 1.75, 1.72656],
							"pivot": [6.30142, 21.27733, -12.46168],
							"rotation": [45, 0, 0],
							"uv": {
								"north": {"uv": [71.5, 104], "uv_size": [-1.5, 2]},
								"east": {"uv": [77.5, 104], "uv_size": [-1.5, 2]},
								"south": {"uv": [75.5, 104], "uv_size": [-1.5, 2]},
								"west": {"uv": [73.5, 104], "uv_size": [-1.5, 2]},
								"up": {"uv": [55.5, 106], "uv_size": [-1.5, 1.5]},
								"down": {"uv": [107.5, 55.5], "uv_size": [-1.5, -1.5]}
							}
						},
						{
							"origin": [4.19791, 20.40233, -13.35231],
							"size": [1.45703, 1.75, 1.72656],
							"pivot": [4.92642, 21.27733, -12.46168],
							"rotation": [45, 12, 0],
							"uv": {
								"north": {"uv": [63.5, 104], "uv_size": [-1.5, 2]},
								"east": {"uv": [105.5, 65], "uv_size": [-1.5, 2]},
								"south": {"uv": [65.5, 104], "uv_size": [-1.5, 2]},
								"west": {"uv": [105.5, 63], "uv_size": [-1.5, 2]},
								"up": {"uv": [49.5, 106], "uv_size": [-1.5, 1.5]},
								"down": {"uv": [51.5, 107.5], "uv_size": [-1.5, -1.5]}
							}
						}
					]
				},
				{
					"name": "bone9",
					"parent": "bone",
					"pivot": [-4.32776, 43.91434, 17.15855],
					"rotation": [47.5, 0, 0],
					"cubes": [
						{
							"origin": [-10.89739, 38.51803, 14.76263],
							"size": [7.19063, 9.36, 9.36],
							"uv": {
								"north": {"uv": [90, 34], "uv_size": [4.5, 6]},
								"east": {"uv": [87, 0], "uv_size": [6, 6]},
								"south": {"uv": [93, 79], "uv_size": [4.5, 6]},
								"west": {"uv": [87, 12], "uv_size": [6, 6]},
								"up": {"uv": [93, 85], "uv_size": [4.5, 6]},
								"down": {"uv": [93, 97], "uv_size": [4.5, -6]}
							}
						},
						{
							"origin": [-11.5677, 40.43137, 20.01947],
							"size": [7.19063, 9.36, 12.16922],
							"pivot": [-7.97239, 45.11137, 24.69947],
							"rotation": [40, -16, 0],
							"uv": {
								"north": {"uv": [48, 94], "uv_size": [4.5, 6]},
								"east": {"uv": [79, 0], "uv_size": [8, 6]},
								"south": {"uv": [53, 94], "uv_size": [4.5, 6]},
								"west": {"uv": [79, 16], "uv_size": [8, 6]},
								"up": {"uv": [87, 18], "uv_size": [4.5, 8]},
								"down": {"uv": [87, 34], "uv_size": [4.5, -8]}
							}
						},
						{
							"origin": [-10.4891, 28.53646, 17.88263],
							"size": [6.37407, 12.7664, 6.24],
							"pivot": [-6.95474, 35.65092, 21.00263],
							"rotation": [21, 0, 0],
							"uv": {
								"north": {"uv": [28, 91], "uv_size": [4, 8]},
								"east": {"uv": [32, 91], "uv_size": [4, 8]},
								"south": {"uv": [36, 91], "uv_size": [4, 8]},
								"west": {"uv": [83, 91], "uv_size": [4, 8]},
								"up": {"uv": [39, 100], "uv_size": [4, 4]},
								"down": {"uv": [100, 45], "uv_size": [4, -4]}
							}
						}
					]
				},
				{
					"name": "bone10",
					"parent": "bone9",
					"pivot": [-7.236, 28.90394, 22.29211],
					"rotation": [82.5, 0, 0],
					"cubes": [
						{
							"origin": [-9, 27.74435, 21.40155],
							"size": [3.53125, 2.33203, 3.44531],
							"uv": {
								"north": {"uv": [87, 103], "uv_size": [3.5, 2.5]},
								"east": {"uv": [103, 101], "uv_size": [3.5, 2.5]},
								"south": {"uv": [104, 9], "uv_size": [3.5, 2.5]},
								"west": {"uv": [104, 12], "uv_size": [3.5, 2.5]},
								"up": {"uv": [100, 67], "uv_size": [3.5, 3.5]},
								"down": {"uv": [71, 103.5], "uv_size": [3.5, -3.5]}
							}
						},
						{
							"origin": [-9.20703, 18.44286, 19.49919],
							"size": [3.94531, 10.82422, 3.85938],
							"pivot": [-7.01172, 25.64403, 21.42887],
							"rotation": [-33, 0, 0],
							"uv": {
								"north": {"uv": [24, 80], "uv_size": [4, 11]},
								"east": {"uv": [28, 80], "uv_size": [4, 11]},
								"south": {"uv": [32, 80], "uv_size": [4, 11]},
								"west": {"uv": [36, 80], "uv_size": [4, 11]},
								"up": {"uv": [43, 100], "uv_size": [4, 4]},
								"down": {"uv": [100, 49], "uv_size": [4, -4]}
							}
						}
					]
				},
				{
					"name": "bone2",
					"parent": "bone10",
					"pivot": [-7.23682, 21.69788, 18.24075],
					"rotation": [-37.5, 0, 0],
					"cubes": [
						{
							"origin": [-10.04413, 17.59655, 11.94153],
							"size": [5.62078, 3.19922, 9.00703],
							"uv": {
								"north": {"uv": [101, 55], "uv_size": [4.5, 2.5]},
								"east": {"uv": [21, 99], "uv_size": [7, 2.5]},
								"south": {"uv": [101, 71], "uv_size": [4.5, 2.5]},
								"west": {"uv": [28, 99], "uv_size": [7, 2.5]},
								"up": {"uv": [68, 93], "uv_size": [4.5, 7]},
								"down": {"uv": [93, 79], "uv_size": [4.5, -7]}
							}
						},
						{
							"origin": [-8.16398, 18.09366, 11.02114],
							"size": [1.83586, 2.205, 2.17547],
							"pivot": [-7.24604, 19.19616, 12.14334],
							"rotation": [45, 0, 0],
							"uv": {
								"north": {"uv": [105, 26], "uv_size": [1.5, 2]},
								"east": {"uv": [27, 105], "uv_size": [1.5, 2]},
								"south": {"uv": [29, 105], "uv_size": [1.5, 2]},
								"west": {"uv": [31, 105], "uv_size": [1.5, 2]},
								"up": {"uv": [60, 106], "uv_size": [1.5, 1.5]},
								"down": {"uv": [106, 62.5], "uv_size": [1.5, -1.5]}
							}
						},
						{
							"origin": [-6.43148, 18.09366, 11.02114],
							"size": [1.83586, 2.205, 2.17547],
							"pivot": [-5.51354, 19.19616, 12.14334],
							"rotation": [45, -12, 0],
							"uv": {
								"north": {"uv": [78, 104], "uv_size": [1.5, 2]},
								"east": {"uv": [80, 104], "uv_size": [1.5, 2]},
								"south": {"uv": [104, 83], "uv_size": [1.5, 2]},
								"west": {"uv": [91, 104], "uv_size": [1.5, 2]},
								"up": {"uv": [56, 106], "uv_size": [1.5, 1.5]},
								"down": {"uv": [106, 57.5], "uv_size": [1.5, -1.5]}
							}
						},
						{
							"origin": [-9.87186, 18.09366, 11.02114],
							"size": [1.83586, 2.205, 2.17547],
							"pivot": [-8.95394, 19.19616, 12.14334],
							"rotation": [45, 12, 0],
							"uv": {
								"north": {"uv": [103, 104], "uv_size": [1.5, 2]},
								"east": {"uv": [23, 105], "uv_size": [1.5, 2]},
								"south": {"uv": [105, 24], "uv_size": [1.5, 2]},
								"west": {"uv": [25, 105], "uv_size": [1.5, 2]},
								"up": {"uv": [58, 106], "uv_size": [1.5, 1.5]},
								"down": {"uv": [106, 60.5], "uv_size": [1.5, -1.5]}
							}
						}
					]
				},
				{
					"name": "bone11",
					"parent": "bone",
					"pivot": [4.32776, 43.91434, 17.15855],
					"rotation": [47.5, 0, 0],
					"cubes": [
						{
							"origin": [3.70676, 38.51803, 14.76263],
							"size": [7.19063, 9.36, 9.36],
							"uv": {
								"north": {"uv": [94.5, 34], "uv_size": [-4.5, 6]},
								"east": {"uv": [93, 12], "uv_size": [-6, 6]},
								"south": {"uv": [97.5, 79], "uv_size": [-4.5, 6]},
								"west": {"uv": [93, 0], "uv_size": [-6, 6]},
								"up": {"uv": [97.5, 85], "uv_size": [-4.5, 6]},
								"down": {"uv": [97.5, 97], "uv_size": [-4.5, -6]}
							}
						},
						{
							"origin": [4.37707, 40.43137, 20.01947],
							"size": [7.19063, 9.36, 12.16922],
							"pivot": [7.97239, 45.11137, 24.69947],
							"rotation": [40, 16, 0],
							"uv": {
								"north": {"uv": [52.5, 94], "uv_size": [-4.5, 6]},
								"east": {"uv": [87, 16], "uv_size": [-8, 6]},
								"south": {"uv": [57.5, 94], "uv_size": [-4.5, 6]},
								"west": {"uv": [87, 0], "uv_size": [-8, 6]},
								"up": {"uv": [91.5, 18], "uv_size": [-4.5, 8]},
								"down": {"uv": [91.5, 34], "uv_size": [-4.5, -8]}
							}
						},
						{
							"origin": [4.11504, 28.53646, 17.88263],
							"size": [6.37407, 12.7664, 6.24],
							"pivot": [6.95474, 35.65092, 21.00263],
							"rotation": [21, 0, 0],
							"uv": {
								"north": {"uv": [32, 91], "uv_size": [-4, 8]},
								"east": {"uv": [87, 91], "uv_size": [-4, 8]},
								"south": {"uv": [40, 91], "uv_size": [-4, 8]},
								"west": {"uv": [36, 91], "uv_size": [-4, 8]},
								"up": {"uv": [43, 100], "uv_size": [-4, 4]},
								"down": {"uv": [104, 45], "uv_size": [-4, -4]}
							}
						}
					]
				},
				{
					"name": "bone12",
					"parent": "bone11",
					"pivot": [7.236, 28.90394, 22.29211],
					"rotation": [82.5, 0, 0],
					"cubes": [
						{
							"origin": [5.46875, 27.74435, 21.40155],
							"size": [3.53125, 2.33203, 3.44531],
							"uv": {
								"north": {"uv": [90.5, 103], "uv_size": [-3.5, 2.5]},
								"east": {"uv": [107.5, 12], "uv_size": [-3.5, 2.5]},
								"south": {"uv": [107.5, 9], "uv_size": [-3.5, 2.5]},
								"west": {"uv": [106.5, 101], "uv_size": [-3.5, 2.5]},
								"up": {"uv": [103.5, 67], "uv_size": [-3.5, 3.5]},
								"down": {"uv": [74.5, 103.5], "uv_size": [-3.5, -3.5]}
							}
						},
						{
							"origin": [5.26172, 18.44286, 19.49919],
							"size": [3.94531, 10.82422, 3.85938],
							"pivot": [7.01172, 25.64403, 21.42887],
							"rotation": [-33, 0, 0],
							"uv": {
								"north": {"uv": [28, 80], "uv_size": [-4, 11]},
								"east": {"uv": [40, 80], "uv_size": [-4, 11]},
								"south": {"uv": [36, 80], "uv_size": [-4, 11]},
								"west": {"uv": [32, 80], "uv_size": [-4, 11]},
								"up": {"uv": [47, 100], "uv_size": [-4, 4]},
								"down": {"uv": [104, 49], "uv_size": [-4, -4]}
							}
						}
					]
				},
				{
					"name": "bone17",
					"parent": "bone12",
					"pivot": [7.23682, 21.69788, 18.24075],
					"rotation": [-37.5, 0, 0],
					"cubes": [
						{
							"origin": [4.42334, 17.59655, 11.94153],
							"size": [5.62078, 3.19922, 9.00703],
							"uv": {
								"north": {"uv": [105.5, 55], "uv_size": [-4.5, 2.5]},
								"east": {"uv": [35, 99], "uv_size": [-7, 2.5]},
								"south": {"uv": [105.5, 71], "uv_size": [-4.5, 2.5]},
								"west": {"uv": [28, 99], "uv_size": [-7, 2.5]},
								"up": {"uv": [72.5, 93], "uv_size": [-4.5, 7]},
								"down": {"uv": [97.5, 79], "uv_size": [-4.5, -7]}
							}
						},
						{
							"origin": [6.32812, 18.09366, 11.02114],
							"size": [1.83586, 2.205, 2.17547],
							"pivot": [7.24604, 19.19616, 12.14334],
							"rotation": [45, 0, 0],
							"uv": {
								"north": {"uv": [106.5, 26], "uv_size": [-1.5, 2]},
								"east": {"uv": [32.5, 105], "uv_size": [-1.5, 2]},
								"south": {"uv": [30.5, 105], "uv_size": [-1.5, 2]},
								"west": {"uv": [28.5, 105], "uv_size": [-1.5, 2]},
								"up": {"uv": [61.5, 106], "uv_size": [-1.5, 1.5]},
								"down": {"uv": [107.5, 62.5], "uv_size": [-1.5, -1.5]}
							}
						},
						{
							"origin": [4.59562, 18.09366, 11.02114],
							"size": [1.83586, 2.205, 2.17547],
							"pivot": [5.51354, 19.19616, 12.14334],
							"rotation": [45, 12, 0],
							"uv": {
								"north": {"uv": [79.5, 104], "uv_size": [-1.5, 2]},
								"east": {"uv": [92.5, 104], "uv_size": [-1.5, 2]},
								"south": {"uv": [105.5, 83], "uv_size": [-1.5, 2]},
								"west": {"uv": [81.5, 104], "uv_size": [-1.5, 2]},
								"up": {"uv": [57.5, 106], "uv_size": [-1.5, 1.5]},
								"down": {"uv": [107.5, 57.5], "uv_size": [-1.5, -1.5]}
							}
						},
						{
							"origin": [8.036, 18.09366, 11.02114],
							"size": [1.83586, 2.205, 2.17547],
							"pivot": [8.95394, 19.19616, 12.14334],
							"rotation": [45, -12, 0],
							"uv": {
								"north": {"uv": [104.5, 104], "uv_size": [-1.5, 2]},
								"east": {"uv": [26.5, 105], "uv_size": [-1.5, 2]},
								"south": {"uv": [106.5, 24], "uv_size": [-1.5, 2]},
								"west": {"uv": [24.5, 105], "uv_size": [-1.5, 2]},
								"up": {"uv": [59.5, 106], "uv_size": [-1.5, 1.5]},
								"down": {"uv": [107.5, 60.5], "uv_size": [-1.5, -1.5]}
							}
						}
					]
				},
				{
					"name": "bone13",
					"parent": "bone",
					"pivot": [0, 44.5372, 24.50453],
					"rotation": [82.5, 0, 0],
					"cubes": [
						{
							"origin": [-4.49976, 44.04103, 26.47355],
							"size": [8.99953, 8.99953, 10.22],
							"uv": {
								"north": {"uv": [89, 60], "uv_size": [6, 6]},
								"east": {"uv": [79, 56], "uv_size": [7, 6]},
								"south": {"uv": [89, 66], "uv_size": [6, 6]},
								"west": {"uv": [83, 34], "uv_size": [7, 6]},
								"up": {"uv": [83, 40], "uv_size": [6, 7]},
								"down": {"uv": [83, 54], "uv_size": [6, -7]}
							}
						}
					]
				},
				{
					"name": "bone14",
					"parent": "bone13",
					"pivot": [0, 65.1879, 46.52574],
					"cubes": [
						{
							"origin": [-8.13836, 40.31689, 36.69355],
							"size": [16.27672, 16.44782, 29.08024],
							"uv": {
								"north": {"uv": [51, 24], "uv_size": [11, 11.5]},
								"east": {"uv": [40, 0], "uv_size": [20, 11.5]},
								"south": {"uv": [51, 36], "uv_size": [11, 11.5]},
								"west": {"uv": [40, 12], "uv_size": [20, 11.5]},
								"up": {"uv": [40, 24], "uv_size": [11, 20]},
								"down": {"uv": [40, 64], "uv_size": [11, -20]}
							}
						}
					]
				}
			]
		}
	]
}