{
	"format_version": "1.12.0",
	"minecraft:geometry": [
		{
			"description": {
				"identifier": "geometry.astasword",
				"texture_width": 32,
				"texture_height": 32,
				"visible_bounds_width": 4,
				"visible_bounds_height": 3.5,
				"visible_bounds_offset": [
					0,
					1.25,
					0
				]
			},
			"bones": [
				{
					"name": "LeftArm",
					"pivot": [
						-12,
						24,
						0
					]
				},
				{
					"name": "Espada",
					"parent": "LeftArm",
					"pivot": [
						0,
						0,
						0
					]
				},
				{
					"name": "Lamina",
					"parent": "Espada",
					"pivot": [
						0,
						1.0625,
						-27.75
					],
					"cubes": [
						{
							"origin": [
								-23,
								9.375,
								-9.75
							],
							"size": [
								21.75,
								0.375,
								4.75
							],
							"pivot": [
								-14,
								1.1875,
								-20.125
							],
							"rotation": [
								0,
								-90,
								90
							],
							"uv": {
								"north": {
									"uv": [
										23,
										5.25
									],
									"uv_size": [
										-21.75,
										0.25
									]
								},
								"east": {
									"uv": [
										22.75,
										5.25
									],
									"uv_size": [
										0.25,
										4.75
									]
								},
								"south": {
									"uv": [
										1.25,
										9.75
									],
									"uv_size": [
										21.75,
										0.25
									]
								},
								"west": {
									"uv": [
										1.25,
										5.25
									],
									"uv_size": [
										0.25,
										4.75
									]
								},
								"up": {
									"uv": [
										23,
										10
									],
									"uv_size": [
										-21.75,
										-4.75
									]
								},
								"down": {
									"uv": [
										23,
										5.25
									],
									"uv_size": [
										-21.75,
										4.75
									]
								}
							}
						},
						{
							"origin": [
								-24.75,
								9.375,
								-9.5
							],
							"size": [
								1.75,
								0.375,
								4.25
							],
							"pivot": [
								-14,
								1.1875,
								-20.125
							],
							"rotation": [
								0,
								-90,
								90
							],
							"uv": {
								"north": {
									"uv": [
										24.75,
										5.5
									],
									"uv_size": [
										-1.75,
										0.25
									]
								},
								"east": {
									"uv": [
										24.5,
										5.5
									],
									"uv_size": [
										0.25,
										4.25
									]
								},
								"south": {
									"uv": [
										23,
										9.5
									],
									"uv_size": [
										1.75,
										0.25
									]
								},
								"west": {
									"uv": [
										23,
										5.5
									],
									"uv_size": [
										0.25,
										4.25
									]
								},
								"up": {
									"uv": [
										24.75,
										9.75
									],
									"uv_size": [
										-1.75,
										-4.25
									]
								},
								"down": {
									"uv": [
										24.75,
										5.5
									],
									"uv_size": [
										-1.75,
										4.25
									]
								}
							}
						},
						{
							"origin": [
								-1.25,
								9.375,
								-9.25
							],
							"size": [
								0.25,
								0.375,
								3.75
							],
							"pivot": [
								-14,
								1.1875,
								-20.125
							],
							"rotation": [
								0,
								-90,
								90
							],
							"uv": {
								"north": {
									"uv": [
										1.25,
										5.75
									],
									"uv_size": [
										-0.25,
										0.25
									]
								},
								"east": {
									"uv": [
										1,
										5.75
									],
									"uv_size": [
										0.25,
										3.75
									]
								},
								"south": {
									"uv": [
										1,
										9.25
									],
									"uv_size": [
										0.25,
										0.25
									]
								},
								"west": {
									"uv": [
										1,
										5.75
									],
									"uv_size": [
										0.25,
										3.75
									]
								},
								"up": {
									"uv": [
										1.25,
										9.5
									],
									"uv_size": [
										-0.25,
										-3.75
									]
								},
								"down": {
									"uv": [
										1.25,
										5.75
									],
									"uv_size": [
										-0.25,
										3.75
									]
								}
							}
						},
						{
							"origin": [
								-25.75,
								9.375,
								-9.25
							],
							"size": [
								1,
								0.375,
								3.75
							],
							"pivot": [
								-14,
								1.1875,
								-20.125
							],
							"rotation": [
								0,
								-90,
								90
							],
							"uv": {
								"north": {
									"uv": [
										25.75,
										5.75
									],
									"uv_size": [
										-1,
										0.25
									]
								},
								"east": {
									"uv": [
										25.5,
										5.75
									],
									"uv_size": [
										0.25,
										3.75
									]
								},
								"south": {
									"uv": [
										24.75,
										9.25
									],
									"uv_size": [
										1,
										0.25
									]
								},
								"west": {
									"uv": [
										24.75,
										5.75
									],
									"uv_size": [
										0.25,
										3.75
									]
								},
								"up": {
									"uv": [
										25.75,
										9.5
									],
									"uv_size": [
										-1,
										-3.75
									]
								},
								"down": {
									"uv": [
										25.75,
										5.75
									],
									"uv_size": [
										-1,
										3.75
									]
								}
							}
						},
						{
							"origin": [
								-26.25,
								9.375,
								-9
							],
							"size": [
								0.5,
								0.375,
								3.25
							],
							"pivot": [
								-14,
								1.1875,
								-20.125
							],
							"rotation": [
								0,
								-90,
								90
							],
							"uv": {
								"north": {
									"uv": [
										26.25,
										6
									],
									"uv_size": [
										-0.5,
										0.25
									]
								},
								"east": {
									"uv": [
										26,
										6
									],
									"uv_size": [
										0.25,
										3.25
									]
								},
								"south": {
									"uv": [
										25.75,
										9
									],
									"uv_size": [
										0.5,
										0.25
									]
								},
								"west": {
									"uv": [
										25.75,
										6
									],
									"uv_size": [
										0.25,
										3.25
									]
								},
								"up": {
									"uv": [
										26.25,
										9.25
									],
									"uv_size": [
										-0.5,
										-3.25
									]
								},
								"down": {
									"uv": [
										26.25,
										6
									],
									"uv_size": [
										-0.5,
										3.25
									]
								}
							}
						},
						{
							"origin": [
								-1,
								9.375,
								-8.75
							],
							"size": [
								0.25,
								0.375,
								2.75
							],
							"pivot": [
								-14,
								1.1875,
								-20.125
							],
							"rotation": [
								0,
								-90,
								90
							],
							"uv": {
								"north": {
									"uv": [
										1,
										6.25
									],
									"uv_size": [
										-0.25,
										0.25
									]
								},
								"east": {
									"uv": [
										0.75,
										6.25
									],
									"uv_size": [
										0.25,
										2.75
									]
								},
								"south": {
									"uv": [
										0.75,
										8.75
									],
									"uv_size": [
										0.25,
										0.25
									]
								},
								"west": {
									"uv": [
										0.75,
										6.25
									],
									"uv_size": [
										0.25,
										2.75
									]
								},
								"up": {
									"uv": [
										1,
										9
									],
									"uv_size": [
										-0.25,
										-2.75
									]
								},
								"down": {
									"uv": [
										1,
										6.25
									],
									"uv_size": [
										-0.25,
										2.75
									]
								}
							}
						},
						{
							"origin": [
								-26.75,
								9.375,
								-8.75
							],
							"size": [
								0.5,
								0.375,
								2.75
							],
							"pivot": [
								-14,
								1.1875,
								-20.125
							],
							"rotation": [
								0,
								-90,
								90
							],
							"uv": {
								"north": {
									"uv": [
										26.75,
										6.25
									],
									"uv_size": [
										-0.5,
										0.25
									]
								},
								"east": {
									"uv": [
										26.5,
										6.25
									],
									"uv_size": [
										0.25,
										2.75
									]
								},
								"south": {
									"uv": [
										26.25,
										8.75
									],
									"uv_size": [
										0.5,
										0.25
									]
								},
								"west": {
									"uv": [
										26.25,
										6.25
									],
									"uv_size": [
										0.25,
										2.75
									]
								},
								"up": {
									"uv": [
										26.75,
										9
									],
									"uv_size": [
										-0.5,
										-2.75
									]
								},
								"down": {
									"uv": [
										26.75,
										6.25
									],
									"uv_size": [
										-0.5,
										2.75
									]
								}
							}
						},
						{
							"origin": [
								-0.75,
								9.375,
								-8.5
							],
							"size": [
								0.5,
								0.375,
								2.25
							],
							"pivot": [
								-14,
								1.1875,
								-20.125
							],
							"rotation": [
								0,
								-90,
								90
							],
							"uv": {
								"north": {
									"uv": [
										0.75,
										6.5
									],
									"uv_size": [
										-0.5,
										0.25
									]
								},
								"east": {
									"uv": [
										0.5,
										6.5
									],
									"uv_size": [
										0.25,
										2.25
									]
								},
								"south": {
									"uv": [
										0.25,
										8.5
									],
									"uv_size": [
										0.5,
										0.25
									]
								},
								"west": {
									"uv": [
										0.25,
										6.5
									],
									"uv_size": [
										0.25,
										2.25
									]
								},
								"up": {
									"uv": [
										0.75,
										8.75
									],
									"uv_size": [
										-0.5,
										-2.25
									]
								},
								"down": {
									"uv": [
										0.75,
										6.5
									],
									"uv_size": [
										-0.5,
										2.25
									]
								}
							}
						},
						{
							"origin": [
								-27,
								9.375,
								-8.5
							],
							"size": [
								0.25,
								0.375,
								2.25
							],
							"pivot": [
								-14,
								1.1875,
								-20.125
							],
							"rotation": [
								0,
								-90,
								90
							],
							"uv": {
								"north": {
									"uv": [
										27,
										6.5
									],
									"uv_size": [
										-0.25,
										0.25
									]
								},
								"east": {
									"uv": [
										26.75,
										6.5
									],
									"uv_size": [
										0.25,
										2.25
									]
								},
								"south": {
									"uv": [
										26.75,
										8.5
									],
									"uv_size": [
										0.25,
										0.25
									]
								},
								"west": {
									"uv": [
										26.75,
										6.5
									],
									"uv_size": [
										0.25,
										2.25
									]
								},
								"up": {
									"uv": [
										27,
										8.75
									],
									"uv_size": [
										-0.25,
										-2.25
									]
								},
								"down": {
									"uv": [
										27,
										6.5
									],
									"uv_size": [
										-0.25,
										2.25
									]
								}
							}
						},
						{
							"origin": [
								-0.25,
								9.375,
								-8.25
							],
							"size": [
								0.25,
								0.375,
								1.75
							],
							"pivot": [
								-14,
								1.1875,
								-20.125
							],
							"rotation": [
								0,
								-90,
								90
							],
							"uv": {
								"north": {
									"uv": [
										0.25,
										6.75
									],
									"uv_size": [
										-0.25,
										0.25
									]
								},
								"east": {
									"uv": [
										0,
										6.75
									],
									"uv_size": [
										0.25,
										1.75
									]
								},
								"south": {
									"uv": [
										0,
										8.25
									],
									"uv_size": [
										0.25,
										0.25
									]
								},
								"west": {
									"uv": [
										0,
										6.75
									],
									"uv_size": [
										0.25,
										1.75
									]
								},
								"up": {
									"uv": [
										0.25,
										8.5
									],
									"uv_size": [
										-0.25,
										-1.75
									]
								},
								"down": {
									"uv": [
										0.25,
										6.75
									],
									"uv_size": [
										-0.25,
										1.75
									]
								}
							}
						},
						{
							"origin": [
								-27.25,
								9.375,
								-8.25
							],
							"size": [
								0.25,
								0.375,
								1.75
							],
							"pivot": [
								-14,
								1.1875,
								-20.125
							],
							"rotation": [
								0,
								-90,
								90
							],
							"uv": {
								"north": {
									"uv": [
										27.25,
										6.75
									],
									"uv_size": [
										-0.25,
										0.25
									]
								},
								"east": {
									"uv": [
										27,
										6.75
									],
									"uv_size": [
										0.25,
										1.75
									]
								},
								"south": {
									"uv": [
										27,
										8.25
									],
									"uv_size": [
										0.25,
										0.25
									]
								},
								"west": {
									"uv": [
										27,
										6.75
									],
									"uv_size": [
										0.25,
										1.75
									]
								},
								"up": {
									"uv": [
										27.25,
										8.5
									],
									"uv_size": [
										-0.25,
										-1.75
									]
								},
								"down": {
									"uv": [
										27.25,
										6.75
									],
									"uv_size": [
										-0.25,
										1.75
									]
								}
							}
						},
						{
							"origin": [
								-27.5,
								9.375,
								-8
							],
							"size": [
								0.25,
								0.375,
								1.25
							],
							"pivot": [
								-14,
								1.1875,
								-20.125
							],
							"rotation": [
								0,
								-90,
								90
							],
							"uv": {
								"north": {
									"uv": [
										27.5,
										7
									],
									"uv_size": [
										-0.25,
										0.25
									]
								},
								"east": {
									"uv": [
										27.25,
										7
									],
									"uv_size": [
										0.25,
										1.25
									]
								},
								"south": {
									"uv": [
										27.25,
										8
									],
									"uv_size": [
										0.25,
										0.25
									]
								},
								"west": {
									"uv": [
										27.25,
										7
									],
									"uv_size": [
										0.25,
										1.25
									]
								},
								"up": {
									"uv": [
										27.5,
										8.25
									],
									"uv_size": [
										-0.25,
										-1.25
									]
								},
								"down": {
									"uv": [
										27.5,
										7
									],
									"uv_size": [
										-0.25,
										1.25
									]
								}
							}
						},
						{
							"origin": [
								-27.75,
								9.375,
								-7.75
							],
							"size": [
								0.25,
								0.375,
								0.75
							],
							"pivot": [
								-14,
								1.1875,
								-20.125
							],
							"rotation": [
								0,
								-90,
								90
							],
							"uv": {
								"north": {
									"uv": [
										27.75,
										7.25
									],
									"uv_size": [
										-0.25,
										0.25
									]
								},
								"east": {
									"uv": [
										27.5,
										7.25
									],
									"uv_size": [
										0.25,
										0.75
									]
								},
								"south": {
									"uv": [
										27.5,
										7.75
									],
									"uv_size": [
										0.25,
										0.25
									]
								},
								"west": {
									"uv": [
										27.5,
										7.25
									],
									"uv_size": [
										0.25,
										0.75
									]
								},
								"up": {
									"uv": [
										27.75,
										8
									],
									"uv_size": [
										-0.25,
										-0.75
									]
								},
								"down": {
									"uv": [
										27.75,
										7.25
									],
									"uv_size": [
										-0.25,
										0.75
									]
								}
							}
						},
						{
							"origin": [
								-28,
								9.375,
								-7.5
							],
							"size": [
								0.25,
								0.375,
								0.25
							],
							"pivot": [
								-14,
								1.1875,
								-20.125
							],
							"rotation": [
								0,
								-90,
								90
							],
							"uv": {
								"north": {
									"uv": [
										28,
										7.5
									],
									"uv_size": [
										-0.25,
										0.25
									]
								},
								"east": {
									"uv": [
										27.75,
										7.5
									],
									"uv_size": [
										0.25,
										0.25
									]
								},
								"south": {
									"uv": [
										27.75,
										7.5
									],
									"uv_size": [
										0.25,
										0.25
									]
								},
								"west": {
									"uv": [
										27.75,
										7.5
									],
									"uv_size": [
										0.25,
										0.25
									]
								},
								"up": {
									"uv": [
										28,
										7.75
									],
									"uv_size": [
										-0.25,
										-0.25
									]
								},
								"down": {
									"uv": [
										28,
										7.5
									],
									"uv_size": [
										-0.25,
										0.25
									]
								}
							}
						}
					]
				},
				{
					"name": "Cabo",
					"parent": "Espada",
					"pivot": [
						-5,
						-1.5,
						8.25
					],
					"cubes": [
						{
							"origin": [
								-16.5,
								8.25,
								-5
							],
							"size": [
								1.5,
								1.5,
								8.75
							],
							"pivot": [
								-4.75,
								-0.75,
								3
							],
							"rotation": [
								0,
								0,
								45
							],
							"uv": {
								"north": {
									"uv": [
										14,
										19
									],
									"uv_size": [
										1.5,
										1.5
									]
								},
								"east": {
									"uv": [
										0,
										10
									],
									"uv_size": [
										8.75,
										1.5
									]
								},
								"south": {
									"uv": [
										16,
										19
									],
									"uv_size": [
										1.5,
										1.5
									]
								},
								"west": {
									"uv": [
										9,
										10
									],
									"uv_size": [
										8.75,
										1.5
									]
								},
								"up": {
									"uv": [
										0,
										12
									],
									"uv_size": [
										1.5,
										8.75
									]
								},
								"down": {
									"uv": [
										2,
										20.75
									],
									"uv_size": [
										1.5,
										-8.75
									]
								}
							}
						},
						{
							"origin": [
								-6.63388,
								12.17247,
								-5.5625
							],
							"size": [
								2,
								3.5,
								0.625
							],
							"uv": {
								"north": {
									"uv": [
										14,
										12
									],
									"uv_size": [
										2,
										3.5
									]
								},
								"east": {
									"uv": [
										4,
										19
									],
									"uv_size": [
										0.75,
										3.5
									]
								},
								"south": {
									"uv": [
										16,
										12
									],
									"uv_size": [
										2,
										3.5
									]
								},
								"west": {
									"uv": [
										5,
										19
									],
									"uv_size": [
										0.75,
										3.5
									]
								},
								"up": {
									"uv": [
										1,
										21
									],
									"uv_size": [
										2,
										0.75
									]
								},
								"down": {
									"uv": [
										14,
										21.75
									],
									"uv_size": [
										2,
										-0.75
									]
								}
							}
						},
						{
							"origin": [
								-6.13388,
								12.67247,
								-6.1875
							],
							"size": [
								1,
								2.5,
								0.625
							],
							"uv": {
								"north": {
									"uv": [
										6,
										19
									],
									"uv_size": [
										1,
										2.5
									]
								},
								"east": {
									"uv": [
										20,
										14
									],
									"uv_size": [
										0.75,
										2.5
									]
								},
								"south": {
									"uv": [
										7,
										19
									],
									"uv_size": [
										1,
										2.5
									]
								},
								"west": {
									"uv": [
										20,
										17
									],
									"uv_size": [
										0.75,
										2.5
									]
								},
								"up": {
									"uv": [
										22,
										19
									],
									"uv_size": [
										1,
										0.75
									]
								},
								"down": {
									"uv": [
										22,
										20.75
									],
									"uv_size": [
										1,
										-0.75
									]
								}
							}
						},
						{
							"origin": [
								-6.75888,
								12.54747,
								-4.25
							],
							"size": [
								2.25,
								2.75,
								0.5
							],
							"uv": {
								"north": {
									"uv": [
										14,
										16
									],
									"uv_size": [
										2.25,
										2.75
									]
								},
								"east": {
									"uv": [
										3,
										21
									],
									"uv_size": [
										0.5,
										2.75
									]
								},
								"south": {
									"uv": [
										17,
										16
									],
									"uv_size": [
										2.25,
										2.75
									]
								},
								"west": {
									"uv": [
										21,
										14
									],
									"uv_size": [
										0.5,
										2.75
									]
								},
								"up": {
									"uv": [
										22,
										14
									],
									"uv_size": [
										2.25,
										0.5
									]
								},
								"down": {
									"uv": [
										22,
										15.5
									],
									"uv_size": [
										2.25,
										-0.5
									]
								}
							}
						},
						{
							"origin": [
								-6.75888,
								12.29747,
								-3.75
							],
							"size": [
								2.25,
								3.25,
								0.5
							],
							"uv": {
								"north": {
									"uv": [
										8,
										14
									],
									"uv_size": [
										2.25,
										3.25
									]
								},
								"east": {
									"uv": [
										20,
										20
									],
									"uv_size": [
										0.5,
										3.25
									]
								},
								"south": {
									"uv": [
										11,
										14
									],
									"uv_size": [
										2.25,
										3.25
									]
								},
								"west": {
									"uv": [
										0,
										21
									],
									"uv_size": [
										0.5,
										3.25
									]
								},
								"up": {
									"uv": [
										22,
										16
									],
									"uv_size": [
										2.25,
										0.5
									]
								},
								"down": {
									"uv": [
										22,
										18.5
									],
									"uv_size": [
										2.25,
										-0.5
									]
								}
							}
						},
						{
							"origin": [
								-6.50888,
								10.28925,
								-6.1697
							],
							"size": [
								1.75,
								1.75,
								0.625
							],
							"pivot": [
								-5.63388,
								13.78925,
								-6.1697
							],
							"rotation": [
								22.5,
								0,
								0
							],
							"uv": {
								"north": {
									"uv": [
										18,
										12
									],
									"uv_size": [
										1.75,
										1.75
									]
								},
								"east": {
									"uv": [
										21,
										18
									],
									"uv_size": [
										0.75,
										1.75
									]
								},
								"south": {
									"uv": [
										18,
										14
									],
									"uv_size": [
										1.75,
										1.75
									]
								},
								"west": {
									"uv": [
										21,
										20
									],
									"uv_size": [
										0.75,
										1.75
									]
								},
								"up": {
									"uv": [
										1,
										22
									],
									"uv_size": [
										1.75,
										0.75
									]
								},
								"down": {
									"uv": [
										6,
										22.75
									],
									"uv_size": [
										1.75,
										-0.75
									]
								}
							}
						},
						{
							"origin": [
								-6.38388,
								10.09229,
								-4.63836
							],
							"size": [
								1.5,
								0.75,
								0.75
							],
							"pivot": [
								-5.63388,
								10.46729,
								-4.38836
							],
							"rotation": [
								45,
								0,
								0
							],
							"uv": {
								"north": {
									"uv": [
										12,
										22
									],
									"uv_size": [
										1.5,
										0.75
									]
								},
								"east": {
									"uv": [
										22,
										22
									],
									"uv_size": [
										0.75,
										0.75
									]
								},
								"south": {
									"uv": [
										22,
										12
									],
									"uv_size": [
										1.5,
										0.75
									]
								},
								"west": {
									"uv": [
										1,
										23
									],
									"uv_size": [
										0.75,
										0.75
									]
								},
								"up": {
									"uv": [
										22,
										13
									],
									"uv_size": [
										1.5,
										0.75
									]
								},
								"down": {
									"uv": [
										14,
										22.75
									],
									"uv_size": [
										1.5,
										-0.75
									]
								}
							}
						},
						{
							"origin": [
								-6.50888,
								15.82471,
								-6.26537
							],
							"size": [
								1.75,
								1.75,
								0.625
							],
							"pivot": [
								-5.63388,
								13.82471,
								-6.26537
							],
							"rotation": [
								-22.5,
								0,
								0
							],
							"uv": {
								"north": {
									"uv": [
										18,
										10
									],
									"uv_size": [
										1.75,
										1.75
									]
								},
								"east": {
									"uv": [
										16,
										21
									],
									"uv_size": [
										0.75,
										1.75
									]
								},
								"south": {
									"uv": [
										12,
										18
									],
									"uv_size": [
										1.75,
										1.75
									]
								},
								"west": {
									"uv": [
										17,
										21
									],
									"uv_size": [
										0.75,
										1.75
									]
								},
								"up": {
									"uv": [
										21,
										17
									],
									"uv_size": [
										1.75,
										0.75
									]
								},
								"down": {
									"uv": [
										18,
										21.75
									],
									"uv_size": [
										1.75,
										-0.75
									]
								}
							}
						},
						{
							"origin": [
								-6.38388,
								17.00264,
								-4.63836
							],
							"size": [
								1.5,
								0.75,
								0.75
							],
							"pivot": [
								-5.63388,
								17.37764,
								-4.38836
							],
							"rotation": [
								-45,
								0,
								0
							],
							"uv": {
								"north": {
									"uv": [
										8,
										22
									],
									"uv_size": [
										1.5,
										0.75
									]
								},
								"east": {
									"uv": [
										21,
										22
									],
									"uv_size": [
										0.75,
										0.75
									]
								},
								"south": {
									"uv": [
										10,
										22
									],
									"uv_size": [
										1.5,
										0.75
									]
								},
								"west": {
									"uv": [
										22,
										21
									],
									"uv_size": [
										0.75,
										0.75
									]
								},
								"up": {
									"uv": [
										22,
										10
									],
									"uv_size": [
										1.5,
										0.75
									]
								},
								"down": {
									"uv": [
										22,
										11.75
									],
									"uv_size": [
										1.5,
										-0.75
									]
								}
							}
						},
						{
							"origin": [
								-16.25,
								8.5,
								3.75
							],
							"size": [
								1,
								1,
								0.5
							],
							"pivot": [
								-4.75,
								-0.75,
								3
							],
							"rotation": [
								0,
								0,
								45
							],
							"uv": {
								"north": {
									"uv": [
										18,
										22
									],
									"uv_size": [
										1,
										1
									]
								},
								"east": {
									"uv": [
										2,
										23
									],
									"uv_size": [
										0.5,
										1
									]
								},
								"south": {
									"uv": [
										19,
										22
									],
									"uv_size": [
										1,
										1
									]
								},
								"west": {
									"uv": [
										4,
										23
									],
									"uv_size": [
										0.5,
										1
									]
								},
								"up": {
									"uv": [
										5,
										23
									],
									"uv_size": [
										1,
										0.5
									]
								},
								"down": {
									"uv": [
										6,
										23.5
									],
									"uv_size": [
										1,
										-0.5
									]
								}
							}
						},
						{
							"origin": [
								-16.5,
								8.25,
								4.25
							],
							"size": [
								1.5,
								1.5,
								1.5
							],
							"pivot": [
								-4.75,
								-0.75,
								3
							],
							"rotation": [
								0,
								0,
								45
							],
							"uv": {
								"north": {
									"uv": [
										18,
										19
									],
									"uv_size": [
										1.5,
										1.5
									]
								},
								"east": {
									"uv": [
										8,
										20
									],
									"uv_size": [
										1.5,
										1.5
									]
								},
								"south": {
									"uv": [
										10,
										20
									],
									"uv_size": [
										1.5,
										1.5
									]
								},
								"west": {
									"uv": [
										20,
										10
									],
									"uv_size": [
										1.5,
										1.5
									]
								},
								"up": {
									"uv": [
										12,
										20
									],
									"uv_size": [
										1.5,
										1.5
									]
								},
								"down": {
									"uv": [
										20,
										13.5
									],
									"uv_size": [
										1.5,
										-1.5
									]
								}
							}
						},
						{
							"origin": [
								-16.625,
								8.125,
								-2.5
							],
							"size": [
								1.75,
								1.75,
								4.75
							],
							"pivot": [
								-4.75,
								-0.75,
								3
							],
							"rotation": [
								0,
								0,
								45
							],
							"uv": {
								"north": {
									"uv": [
										8,
										18
									],
									"uv_size": [
										1.75,
										1.75
									]
								},
								"east": {
									"uv": [
										4,
										12
									],
									"uv_size": [
										4.75,
										1.75
									]
								},
								"south": {
									"uv": [
										10,
										18
									],
									"uv_size": [
										1.75,
										1.75
									]
								},
								"west": {
									"uv": [
										9,
										12
									],
									"uv_size": [
										4.75,
										1.75
									]
								},
								"up": {
									"uv": [
										4,
										14
									],
									"uv_size": [
										1.75,
										4.75
									]
								},
								"down": {
									"uv": [
										6,
										18.75
									],
									"uv_size": [
										1.75,
										-4.75
									]
								}
							}
						}
					]
				}
			]
		}
	]
}