{
  "format_version": "1.16.0",
  "minecraft:entity": {
    "description": {
      "identifier": "wesl3y:halfcold_halfhot_short",
      "is_spawnable": false,
      "is_summonable": true,
      "is_experimental": false
    },
	"component_groups": {
	  "wesl3y:despawn": {
        "minecraft:instant_despawn": {}
	  },
	  "wesl3y:ice_wallHALF1": {
	    "minecraft:variant": {
	      "value": 1
	    },
        "minecraft:type_family": {
          "family": [ "ice_wallHALF", "ice_wallHALF1", "halfcold_halfhot", "attack" ]
        },
        "minecraft:scale": {
          "value": 2.0
        },
        "minecraft:transformation": {
          "into": "wesl3y:despawn",
          "delay": 1.5
        }
	  },
	  "wesl3y:ice_wallHALF2": {
	    "minecraft:variant": {
	      "value": 2
	    },
        "minecraft:type_family": {
          "family": [ "ice_wallHALF", "ice_wallHALF2", "halfcold_halfhot", "attack" ]
        },
        "minecraft:scale": {
          "value": 3.5
        },
        "minecraft:transformation": {
          "into": "wesl3y:despawn",
          "delay": 2.0
        }
	  },
	  "wesl3y:ice_wallHALF3": {
	    "minecraft:variant": {
	      "value": 3
	    },
        "minecraft:type_family": {
          "family": [ "ice_wallHALF", "ice_wallHALF3", "halfcold_halfhot", "attack" ]
        },
        "minecraft:scale": {
          "value": 5.0
        },
        "minecraft:transformation": {
          "into": "wesl3y:despawn",
          "delay": 2.5
        }
	  },
	  "wesl3y:hell_spider": {
        "minecraft:type_family": {
          "family": [ "hell_spider", "halfcold_halfhot", "attack" ]
        },
        "minecraft:transformation": {
          "into": "wesl3y:despawn",
          "delay": 1.25
        }
      },
	  "wesl3y:jet_burnHALF": {
        "minecraft:type_family": {
          "family": [ "jet_burnHALF", "halfcold_halfhot", "knockback", "attack" ]
        },
        "minecraft:scale": {
          "value": 1.0
        },
        "minecraft:transformation": {
          "into": "wesl3y:despawn",
          "delay": 0.3
        },
        "minecraft:behavior.knockback_roar": {
          "priority": 1,
          "duration": 0.2,
          "attack_time": 0.1,
          "knockback_damage": 0,
          "knockback_horizontal_strength": 5,
          "knockback_vertical_strength": 1,
          "knockback_range": 3,
          "knockback_filters": {
            "test": "has_tag",
            "subject": "other",
            "operator": "==",
            "value": "jet_burnHALF"
          },
          "damage_filters": {
            "test": "has_tag",
            "subject": "other",
            "operator": "==",
            "value": "sla"
          },
          "on_roar_end": {
            "event": "wesl3y:despawn"
          },
          "cooldown_time": 0.1
        }
	  },
	  "wesl3y:jet_burnHALF2": {
        "minecraft:type_family": {
          "family": [ "jet_burnHALF2", "halfcold_halfhot", "attack" ]
        },
        "minecraft:transformation": {
          "into": "wesl3y:despawn",
          "delay": 1.25
        }
	  },
	  "wesl3y:ice_worldHALF": {
	    "minecraft:variant": {
	      "value": 5
	    },
        "minecraft:type_family": {
          "family": [ "ice_worldHALF", "halfcold_halfhot", "attack" ]
        },
        "minecraft:scale": {
          "value": 2.0
        },
        "minecraft:transformation": {
          "into": "wesl3y:despawn",
          "delay": 2.7
        }
	  },
	  "wesl3y:prominence_burnHALF": {
        "minecraft:type_family": {
          "family": [ "prominence_burnHALF", "halfcold_halfhot", "attack" ]
        },
        "minecraft:transformation": {
          "into": "wesl3y:despawn",
          "delay": 1.25
        }
	  },
	  "wesl3y:ultra_prominence_burnHALF": {
        "minecraft:type_family": {
          "family": [ "ultra_prominence_burnHALF", "halfcold_halfhot", "attack" ]
        },
        "minecraft:transformation": {
          "into": "wesl3y:despawn",
          "delay": 1.25
        }
      }
	},
    "components": {
      "minecraft:collision_box": {
        "width": 0.0,
        "height": 0.0
      },
      "minecraft:transformation": {
        "into": "wesl3y:despawn",
        "delay": 5.0
      },
      "minecraft:despawn": {
        "filters": {
          "any_of": [
            { "test": "distance_to_nearest_player", "operator": ">", "value": 32}
          ]
        }
      },
      "minecraft:damage_sensor": {
        "triggers":[
          {
            "cause": "all",
            "deals_damage": false
          }
        ]
      },
      "minecraft:timer": {
        "time": 0.1,
        "looping": true,
        "time_down_event": {
          "event": "wesl3y:command"
        }
      },
      "minecraft:physics": {},
      "minecraft:pushable": {
        "is_pushable": false,
        "is_pushable_by_piston": true
      },
      "minecraft:conditional_bandwidth_optimization": {
        "default_values": {
          "max_optimized_distance": 80,
          "max_dropped_ticks": 10,
          "use_motion_prediction_hints": true
        }
      }
    },
	
	"events": {
      "wesl3y:command": {
        "sequence": [
          {
            "filters": {
              "test": "is_family",
              "value": "ice_wallHALF" 
            },
            "run_command": {
              "command": [
                "function damage/halfcold_halfhot/ice_wall"
              ]
            }
          },
          {
            "filters": {
              "test": "is_family",
              "value": "hell_spider"
            },
            "run_command": {
              "command": [
                "function damage/halfcold_halfhot/hell_spider"
              ]
            }
          },
          {
            "filters": {
              "test": "is_family",
              "value": "jet_burnHALF2"
            },
            "run_command": {
              "command": [
                "function damage/halfcold_halfhot/jet_burn"
              ]
            }
          },
          {
            "filters": {
              "test": "is_family",
              "value": "ice_worldHALF" 
            },
            "run_command": {
              "command": [
                "function damage/halfcold_halfhot/ice_world"
              ]
            }
          },
          {
            "filters": {
              "test": "is_family",
              "value": "prominence_burnHALF"
            },
            "run_command": {
              "command": [
                "function damage/halfcold_halfhot/prominence_burn"
              ]
            }
          },
          {
            "filters": {
              "test": "is_family",
              "value": "ultra_prominence_burnHALF"
            },
            "run_command": {
              "command": [
                "function damage/halfcold_halfhot/ultra_prominence_burn"
              ]
            }
          }
        ]
      },
	  "wesl3y:ice_wallHALF1": {
	    "add": {
	      "component_groups": [
	        "wesl3y:ice_wallHALF1"
	      ]
        },
        "run_command": {
          "command": [
            "summon wesl3y:halfcold_halfhot_short ^^^ ~ ~ wesl3y:ice_wallHALF2",
            "tp @e[type=wesl3y:halfcold_halfhot_short,family=ice_wallHALF2,r=1,c=1] ^^0.5^7 facing ^^^1000"
          ]
        }
	  },
	  "wesl3y:ice_wallHALF2": {
	    "add": {
	      "component_groups": [
	        "wesl3y:ice_wallHALF2"
	      ]
        },
        "run_command": {
          "command": [
            "summon wesl3y:halfcold_halfhot_short ^^^ ~ ~ wesl3y:ice_wallHALF3",
            "tp @e[type=wesl3y:halfcold_halfhot_short,family=ice_wallHALF3,r=1,c=1] ^^0.5^9 facing ^^^1000"
          ]
	    }
	  },
	  "wesl3y:ice_wallHALF3": {
	    "add": {
	      "component_groups": [
	        "wesl3y:ice_wallHALF3"
	      ]
	    }
	  },
	  "wesl3y:hell_spider": {
	    "add": {
	      "component_groups": [
	        "wesl3y:hell_spider"
	      ]
	    }
	  },
	  "wesl3y:jet_burnHALF": {
	    "add": {
	      "component_groups": [
	        "wesl3y:jet_burnHALF"
	      ]
	    }
	  },
	  "wesl3y:jet_burnHALF2": {
	    "add": {
	      "component_groups": [
	        "wesl3y:jet_burnHALF2"
	      ]
	    }
	  },
	  "wesl3y:ice_worldHALF": {
	    "randomize": [
	      {
	        "weight": 25,
	        "run_command": {
	          "command": [
	            "tp ^^^ facing ^90^^"
	          ]
	        },
	        "add": {
	          "component_groups": [
	            "wesl3y:ice_worldHALF"
	          ]
	        }
	      },
	      {
	        "weight": 25,
	        "run_command": {
	          "command": [
	            "tp ^^^ facing ^-90^^"
	          ]
	        },
	        "add": {
	          "component_groups": [
	            "wesl3y:ice_worldHALF"
	          ]
	        }
	      },
	      {
	        "weight": 25,
	        "run_command": {
	          "command": [
	            "tp ^^^ facing ^45^^"
	          ]
	        },
	        "add": {
	          "component_groups": [
	            "wesl3y:ice_worldHALF"
	          ]
	        }
	      },
	      {
	        "weight": 25,
	        "run_command": {
	          "command": [
	            "tp ^^^ facing ^-45^^"
	          ]
	        },
	        "add": {
	          "component_groups": [
	            "wesl3y:ice_worldHALF"
	          ]
	        }
	      }
	    ]
	  },
	  "wesl3y:prominence_burnHALF": {
	    "add": {
	      "component_groups": [
	        "wesl3y:prominence_burnHALF"
	      ]
	    }
	  },
	  "wesl3y:ultra_prominence_burnHALF": {
	    "add": {
	      "component_groups": [
	        "wesl3y:ultra_prominence_burnHALF"
	      ]
	    }
	  },
	  "wesl3y:despawn": {
	    "add": {
	      "component_groups": [
	        "wesl3y:despawn"
	      ]
	    }
	  }
	}
  }
}