{ 
  "format_version": "1.13.0",

  "minecraft:entity": {

    "description": {

      "identifier": "stk:trunksnpc",
"properties": {
          "property:wow": {
          "client_sync": true,
          "range": [
            0,
            2
          ],
          "type": "int",
          "default": 0
          }
        },
      "is_spawnable": true,

      "is_summonable": true,

      "is_experimental": false

    },

    "component_groups": {

      "despawn": {

        "minecraft:instant_despawn": {}

      }

    },

    "components": {

      "minecraft:type_family": {

        "family": ["npc","trunksnpc","zfighter"]

      },

      "minecraft:collision_box": {

        "width": 0.6,

        "height": 1.8

      },

      "minecraft:health": {

        "value": 1,

        "max": 1

      },

      "minecraft:knockback_resistance": {

        "value": 1

      },

      "minecraft:damage_sensor": {

        "triggers": {

          "deals_damage": false

        }

      },
      "minecraft:interact": {

        "interactions": {

          "on_interact": {

            "filters": {

              "test": "is_family",

              "subject": "other",

              "operator": "==",

              "value": "player"

            },

            "event": "interact",

            "target": "self"

          },

          "interact_text": "§eTalk (Right Click) \nShop (left click)"

        }

      },

      "minecraft:pushable": {

        "is_pushable": false,

        "is_pushable_by_piston": false

      },

      "minecraft:nameable": {

        "always_show": true

      },

      "minecraft:fire_immune": true,

      "minecraft:persistent": {},

      "minecraft:physics": {},

      "minecraft:conditional_bandwidth_optimization": {}

    },

    "events": {

"interact": {
        "sequence": [
          {
            "queue_command": {
              "command": [
        "scoreboard objectives add talk dummy",
        "scoreboard players random @s[tag=t1talk] talk 1 4",
        "tellraw @s[scores={talk=1},tag=t1talk] {\"rawtext\":[{\"text\":\"<Trunks> As vezes é bom vir para essa linha temporal.\"}]}",
        "tellraw @s[scores={talk=2},tag=t1talk] {\"rawtext\":[{\"text\":\"<Trunks> Aqui é bastante pacífico, pelo menos quando meu pai não está por perto.\"}]}",
        "tellraw @s[scores={talk=3},tag=t1talk] {\"rawtext\":[{\"text\":\"<Trunks> Como deve estar gohan agora?\"}]}",
        "tellraw @s[scores={talk=4},tag=t1talk] {\"rawtext\":[{\"text\":\"<Trunks> Não tenho um bom presentimento...\"}]}",
    "tag @s add t1talk"
              ],
              "target": "other"
            }
          },
          {
            "queue_command": {
              "command": [
                  "event entity @s wow"
              ],
              "target": "self"
            }
          }
        ]
      },
"wow": {
  "set_property": {
    "property:wow": 1
  }
},
"wow2": {
  "set_property": {
    "property:wow": 2
  }
},
"wow.no": {
  "set_property": {
    "property:wow": 0
  }
},
      "despawn": {

        "add": {

          "component_groups": [

            "despawn"

          ]

        }

      }

    }
  }
}
