{
  "cut": {
    "volume": 1.0,
    "sounds": [
      {
        "name": "sounds/cut",
        "load_on_low_memory": true
      }
    ]
  },
  "luffy_gear2": {
    "volume": 1.0,
    "sounds": [
      {
        "name": "sounds/luffy/gear2",
        "load_on_low_memory": true
      }
    ]
  },
  "luffy_gear5_drum": {
    "volume": 1.0,
    "sounds": [
      {
        "name": "sounds/luffy/drum",
        "load_on_low_memory": true
      }
    ]
  },
  "luffy_gear5_haha": {
    "volume": 1.0,
    "sounds": [
      {
        "name": "sounds/luffy/haha",
        "load_on_low_memory": true
      }
    ]
  },
  "luffy_gear5_heart": {
    "volume": 1.0,
    "sounds": [
      {
        "name": "sounds/luffy/heart",
        "load_on_low_memory": true
      }
    ]
  },
  "luffy_gear5_thunder": {
    "volume": 1.0,
    "sounds": [
      {
        "name": "sounds/luffy/thunder",
        "load_on_low_memory": true
      }
    ]
  }
}