{
  "format_version": "1.10.0",
  "minecraft:client_entity": {
    "description": {
      "identifier": "stk:dummy",
      "textures": {
        "default": "textures/entity/nim"
      },
      "materials": {
        "default": "skeleton"
      },
      "geometry": {
        "default": "geometry.playerop"
      },
      "render_controllers": [
        "controller.render.translucence"
      ],
      "spawn_egg": {
        "texture": "v",
        "texture_index": 0
      },
      "animations": {
        "all": "animation.humanoid.base_pose"
      },
      "scripts": {
        "animate": [
          "all"
        ]
      }
    }
  }
}







