{
  "format_version": "1.10.0",
  "minecraft:client_entity": {
    "description": { "identifier": "stk:fpillars",
      "materials": {
        "default": "elytra"
      },
      "textures": {
        "default": "textures/fruits/mera"
      },
      "geometry": {
        "default": "geometry.fpillars"
      },
       "particle_effects": {
			"fpillars": "stk:fpillars",
			"fpillars2": "stk:fpillars2"
          
      },
      "animations": {
        "move": "animation.fpillars"
      },
      "scripts": {
        "animate": [
          "move"
        ]
      },
      "render_controllers": [ "controller.render.base",
      "controller.render.base"]
    }
  }
}















