{
  "format_version": "1.10.0",
  "animations": {
    "animation.lotus_animation": {
      "loop": false,
      "animation_length": 2.2,
      "timeline": {
        "0.1": [
          "/tag @s add lotus",
          "/effect @s levitation 1 20 true",
          "/playanimation @s animation.lotus"
          ],
          "0.2": [
            "/tp @e[tag=!lotus,r=5] ~~3~",
            "/playsound hit @a[x=~,y=~,z=~,r=10]"
          ],
          "0.3": [
            "/tp @e[tag=!lotus,r=5] ~~3~"
          ],
          "0.4": [
            "/tp @e[tag=!lotus,r=5] ~~3~",
            "/playsound hit @a[x=~,y=~,z=~,r=10]"
          ],
          "0.5": [
            "/tp @e[tag=!lotus,r=5] ~~3~"
          ],
          "0.6": [
            "/tp @e[tag=!lotus,r=5] ~~3~",
            "/effect @s levitation 0 0 true",
            "/playsound hit @a[x=~,y=~,z=~,r=10]"
          ],
          "0.7": [
            "/tp @e[tag=!lotus,r=5] ~~3~"
          ],
          "0.8": [
            "/tp @e[tag=!lotus,r=5] ~~3~",
            "/playsound hit @a[x=~,y=~,z=~,r=10]"
          ],
          "0.9": [
            "/tp @e[tag=!lotus,r=5] ~~3~"
          ],
          "1.0": [
            "/tp @e[tag=!lotus,r=5] ~~3~"
          ],
          "1.1": [
            "/tp @e[tag=!lotus,r=5] ~~-2~",
            "/playsound vento @a[x=~,y=~,z=~,r=10]"
          ],
          "1.2": [
            "/tp @e[tag=!lotus,r=5] ~~-2~"
          ],
          "1.3": [
            "/tp @e[tag=!lotus,r=5] ~~-2~"
          ],
          "1.4": [
            "/tp @e[tag=!lotus,r=5] ~~-2~"
          ],
          "1.5": [
            "/tp @e[tag=!lotus,r=5] ~~-2~"
          ],
          "1.6": [
            "/tp @e[tag=!lotus,r=5] ~~-2~"
          ],
          "1.7": [
            "/tp @e[tag=!lotus,r=5] ~~-2~"
          ],
          "1.8": [
            "/tp @e[tag=!lotus,r=5] ~~-2~"
          ],
          "1.9": [
            "/tp @e[tag=!lotus,r=5] ~~~"
          ],
          "2.0": [
            "/tp @e[tag=!lotus,r=5] ~~~",
            "/damage @e[tag=!lotus,r=5] 10",
            "/playanimation @s animation.poeira",
            "/camerashake add @s 1 0.3 positional",
            "/playsound impacto @a[x=~,y=~,z=~,r=10]"
          ],
          "2.1": [
            "/tag @s remove lotus"
          ]     
      }
    }
  }
}