{
  "format_version": "1.10.0",
  "animations": {
    "animation.missao_bandido_animation": {
      "loop": false,
      "animation_length":25.1,
      "timeline": {
          "0.1": [
            "/summon mello:bandido_1",
            "/summon mello:bandido_2",
            "/clear @s mello:missao_bandido"
          ],
          "5.0": [
            "/summon mello:bandido_1",
            "/summon mello:bandido_2"
          ],
          "10.0": [
            "/summon mello:bandido_1",
            "/summon mello:bandido_2"
          ],
          "15.0": [
            "/summon mello:bandido_1",
            "/summon mello:bandido_2"
          ],
          "20.0": [
            "/summon mello:bandido_1",
            "/summon mello:bandido_2"
          ],
          "25.0": [
            "/summon mello:bandido_boss"
          ]         
      }
    }
  }
}