{
  "format_version": "1.10.0",
  "animations": {
    "animation.missao_ajuda_animation": {
      "loop": false,
      "animation_length":15.1,
      "timeline": {
          "0.1": [
            "/summon mello:zetsu",
            "/clear @s mello:missao_ajuda"
          ],
          "0.2": [
            "/summon mello:zetsu"
          ],
          "0.3": [
            "/summon mello:zetsu"
          ],
          "5.0": [
            "/summon mello:zetsu"
          ],
          "5.1": [
            "/summon mello:zetsu"
          ],
          "5.2": [
            "/summon mello:zetsu"
          ],
          "10.0": [
            "/summon mello:zetsu"
          ],
          "10.1": [
            "/summon mello:zetsu"
          ],
          "10.2": [
            "/summon mello:zetsu"
          ],
          "15.0": [
            "/summon mello:zetsu_boss"
        ]          
      }
    }
  }
}