{
  "format_version": "1.10.0",
  "minecraft:attachable": {
    "description": {
      "identifier": "wesl3y:curse_mark2",
      "materials": {
        "default": "entity_alphatest",
        "default2": "entity_alphatest"
      },
      "textures": {
        "default": "textures/attachables/curse_mark2_eye",
        "default2": "textures/attachables/curse_mark2"
      },
      "geometry": {
        "default": "geometry.olhos2",
        "default2": "geometry.curse_mark2"
      },
      "animations": {
        "default": "animation.curse_mark2.default"
      },
      "scripts": {
        "parent_setup": "variable.chest_layer_visible = 0.0;",
        "animate": [
          "default"
        ]
      },
      "render_controllers": [ "controller.render.skeleton", "controller.render.skeleton2" ]
    }
  }
}