{
  "format_version": "1.10.0",
  "minecraft:attachable": {
    "description": {
      "identifier": "wesl3y:kurama3",
      "materials": {
        "default": "entity_alphatest",
        "default2": "entity_alphablend"
      },
      "textures": {
        "default": "textures/attachables/kurama"
      },
      "geometry": {
        "default": "geometry.manto_kurama"
      },
      "animations": {
        "default": "animation.manto_kurama.default"
      },
      "scripts": {
        "parent_setup": "variable.chest_layer_visible = 0.0;",
        "animate": [
          "default"
        ]
      },
      "render_controllers": [ "controller.render.manto_kurama" ]
    }
  }
}