{
  "format_version": "1.10.0",
  "minecraft:attachable": {
    "description": {
      "identifier": "wesl3y:rinne_sharingan",
      "materials": {
        "default": "entity_alphatest"
      },
      "textures": {
        "default": "textures/attachables/rinne_sharingan"
      },
      "geometry": {
        "default": "geometry.olhos3"
      },
      "scripts": {
        "parent_setup": "variable.chest_layer_visible = 0.0;"
      },
      "render_controllers": [ "controller.render.skeleton" ]
    }
  }
}