{
	"format_version": "1.20.10",
	"minecraft:client_entity": {
		"description": {
			"identifier": "minecraft:player",
			"materials": {
				"default": "entity_alphatest",
        "cape": "entity_alphatest",
        "animated": "player_animated",
        "spectator": "player_spectator",
        "blend_always_visible": "blend_always_visible"
			},
			"textures": {
				"default": "textures/entities/no_skin",
				"textureoff": "textures/entities/no_skin",
				"cape": "textures/entity/cape_invisible",
				"character_zenitsu": "textures/character/zenitsu",
				"kimono_blue": "textures/kimono/kimono_blue",
				"kimono_red": "textures/kimono/kimono_red",
				"kimono_green": "textures/kimono/kimono_green",
				"kimono_gray": "textures/kimono/kimono_gray",
				"kimono_yellow": "textures/kimono/kimono_yellow",
				"foxmask_black": "textures/head_cosmetic/foxmask/base/black",
				"foxmask_blue": "textures/head_cosmetic/foxmask/base/blue",
				"foxmask_cyan": "textures/head_cosmetic/foxmask/base/cyan",
				"foxmask_green": "textures/head_cosmetic/foxmask/base/green",
				"foxmask_orange": "textures/head_cosmetic/foxmask/base/orange",
				"foxmask_pink": "textures/head_cosmetic/foxmask/base/pink",
				"foxmask_purple": "textures/head_cosmetic/foxmask/base/purple",
				"foxmask_red": "textures/head_cosmetic/foxmask/base/red",
				"foxmask_white": "textures/head_cosmetic/foxmask/base/white",
				"foxmask_yellow": "textures/head_cosmetic/foxmask/base/yellow",
				"tengumask_black": "textures/head_cosmetic/tengumask/black",
				"tengumask_blue": "textures/head_cosmetic/tengumask/blue",
				"tengumask_cyan": "textures/head_cosmetic/tengumask/cyan",
				"tengumask_green": "textures/head_cosmetic/tengumask/green",
				"tengumask_orange": "textures/head_cosmetic/tengumask/orange",
				"tengumask_pink": "textures/head_cosmetic/tengumask/pink",
				"tengumask_purple": "textures/head_cosmetic/tengumask/purple",
				"tengumask_red": "textures/head_cosmetic/tengumask/red",
				"tengumask_white": "textures/head_cosmetic/tengumask/white",
				"tengumask_yellow": "textures/head_cosmetic/tengumask/yellow",
				"onimask_black": "textures/head_cosmetic/onimask/black",
				"onimask_blue": "textures/head_cosmetic/onimask/blue",
				"onimask_cyan": "textures/head_cosmetic/onimask/cyan",
				"onimask_green": "textures/head_cosmetic/onimask/green",
				"onimask_orange": "textures/head_cosmetic/onimask/orange",
				"onimask_pink": "textures/head_cosmetic/onimask/pink",
				"onimask_purple": "textures/head_cosmetic/onimask/purple",
				"onimask_red": "textures/head_cosmetic/onimask/red",
				"onimask_white": "textures/head_cosmetic/onimask/white",
				"onimask_yellow": "textures/head_cosmetic/onimask/yellow",
				"moonhelmet_black": "textures/head_cosmetic/moonhelmet/black",
				"moonhelmet_blue": "textures/head_cosmetic/moonhelmet/blue",
				"moonhelmet_cyan": "textures/head_cosmetic/moonhelmet/cyan",
				"moonhelmet_green": "textures/head_cosmetic/moonhelmet/green",
				"moonhelmet_orange": "textures/head_cosmetic/moonhelmet/orange",
				"moonhelmet_pink": "textures/head_cosmetic/moonhelmet/pink",
				"moonhelmet_purple": "textures/head_cosmetic/moonhelmet/purple",
				"moonhelmet_red": "textures/head_cosmetic/moonhelmet/red",
				"moonhelmet_white": "textures/head_cosmetic/moonhelmet/white",
				"moonhelmet_yellow": "textures/head_cosmetic/moonhelmet/yellow",
				
				"kappamask_black": "textures/head_cosmetic/kappamask/black",
				"kappamask_blue": "textures/head_cosmetic/kappamask/blue",
				"kappamask_cyan": "textures/head_cosmetic/kappamask/cyan",
				"kappamask_green": "textures/head_cosmetic/kappamask/green",
				"kappamask_orange": "textures/head_cosmetic/kappamask/orange",
				"kappamask_pink": "textures/head_cosmetic/kappamask/pink",
				"kappamask_purple": "textures/head_cosmetic/kappamask/purple",
				"kappamask_red": "textures/head_cosmetic/kappamask/red",
				"kappamask_white": "textures/head_cosmetic/kappamask/white",
				"kappamask_yellow": "textures/head_cosmetic/kappamask/yellow",
				"karasumask_black": "textures/head_cosmetic/karasumask/black",
				"karasumask_blue": "textures/head_cosmetic/karasumask/blue",
				"karasumask_cyan": "textures/head_cosmetic/karasumask/cyan",
				"karasumask_green": "textures/head_cosmetic/karasumask/green",
				"karasumask_orange": "textures/head_cosmetic/karasumask/orange",
				"karasumask_pink": "textures/head_cosmetic/karasumask/pink",
				"karasumask_purple": "textures/head_cosmetic/karasumask/purple",
				"karasumask_red": "textures/head_cosmetic/karasumask/red",
				"karasumask_white": "textures/head_cosmetic/karasumask/white",
				"karasumask_yellow": "textures/head_cosmetic/karasumask/yellow",
				
				"foxmask_pattern_black": "textures/head_cosmetic/foxmask/pattern1/black",
				"foxmask_pattern_blue": "textures/head_cosmetic/foxmask/pattern1/blue",
				"foxmask_pattern_cyan": "textures/head_cosmetic/foxmask/pattern1/cyan",
				"foxmask_pattern_green": "textures/head_cosmetic/foxmask/pattern1/green",
				"foxmask_pattern_orange": "textures/head_cosmetic/foxmask/pattern1/orange",
				"foxmask_pattern_pink": "textures/head_cosmetic/foxmask/pattern1/pink",
				"foxmask_pattern_purple": "textures/head_cosmetic/foxmask/pattern1/purple",
				"foxmask_pattern_red": "textures/head_cosmetic/foxmask/pattern1/red",
				"foxmask_pattern_white": "textures/head_cosmetic/foxmask/pattern1/white",
				"foxmask_pattern_yellow": "textures/head_cosmetic/foxmask/pattern1/yellow",
				
				"boarhead_fur_cream": "textures/head_cosmetic/boarhead/fur/cream",
				"boarhead_fur_white": "textures/head_cosmetic/boarhead/fur/white",
				"boarhead_fur_black": "textures/head_cosmetic/boarhead/fur/black",
				"boarhead_fur_brown": "textures/head_cosmetic/boarhead/fur/brown",
				"boarhead_eyes_blue": "textures/head_cosmetic/boarhead/eyes/blue",
				"boarhead_eyes_green": "textures/head_cosmetic/boarhead/eyes/green",
				"boarhead_eyes_brown": "textures/head_cosmetic/boarhead/eyes/brown",
				"boarhead_eyes_yellow": "textures/head_cosmetic/boarhead/eyes/yellow",
				"boarhead_eyes_orange": "textures/head_cosmetic/boarhead/eyes/orange",
				"blindfold_black": "textures/head_cosmetic/blindfold/black",
				"blindfold_blue": "textures/head_cosmetic/blindfold/blue",
				"blindfold_cyan": "textures/head_cosmetic/blindfold/cyan",
				"blindfold_green": "textures/head_cosmetic/blindfold/green",
				"blindfold_orange": "textures/head_cosmetic/blindfold/orange",
				"blindfold_pink": "textures/head_cosmetic/blindfold/pink",
				"blindfold_purple": "textures/head_cosmetic/blindfold/purple",
				"blindfold_red": "textures/head_cosmetic/blindfold/red",
				"blindfold_white": "textures/head_cosmetic/blindfold/white",
				"blindfold_yellow": "textures/head_cosmetic/blindfold/yellow",
				"blade_black": "textures/sword/blade/black",
				"blade_blue": "textures/sword/blade/blue",
				"blade_cyan": "textures/sword/blade/cyan",
				"blade_gray": "textures/sword/blade/gray",
				"blade_green": "textures/sword/blade/green",
				"blade_indigo": "textures/sword/blade/indigo",
				"blade_orange": "textures/sword/blade/orange",
				"blade_pink": "textures/sword/blade/pink",
				"blade_purple": "textures/sword/blade/purple",
				"blade_red": "textures/sword/blade/red",
				"blade_white": "textures/sword/blade/white",
				"blade_yellow": "textures/sword/blade/yellow",
				"blade_blood": "textures/sword/blade/blood",
				"pattern_curl": "textures/sword/pattern/curl",
				"pattern_wave": "textures/sword/pattern/wave",
				"pattern_stripe": "textures/sword/pattern/stripe",
				"pattern_crackle": "textures/sword/pattern/crackle",
				"pattern_bloodcurl": "textures/sword/pattern/bloodcurl",
				"pattern_bloodwave": "textures/sword/pattern/bloodwave",
				"pattern_bloodstripe": "textures/sword/pattern/bloodstripe",
				"pattern_bloodcrackle": "textures/sword/pattern/bloodcrackle",
				"sheath_black": "textures/sword/sheath/black",
				"sheath_blue": "textures/sword/sheath/blue",
				"sheath_darkblue": "textures/sword/sheath/darkblue",
				"sheath_cyan": "textures/sword/sheath/cyan",
				"sheath_green": "textures/sword/sheath/green",
				"sheath_orange": "textures/sword/sheath/orange",
				"sheath_pink": "textures/sword/sheath/pink",
				"sheath_purple": "textures/sword/sheath/purple",
				"sheath_red": "textures/sword/sheath/red",
				"sheath_white": "textures/sword/sheath/white",
				"sheath_yellow": "textures/sword/sheath/yellow",
				"sheath_gray": "textures/sword/sheath/gray",
				"sheathrope_black": "textures/sword/sheath/sheathrope/black",
				"sheathrope_blue": "textures/sword/sheath/sheathrope/blue",
				"sheathrope_darkblue": "textures/sword/sheath/sheathrope/darkblue",
				"sheathrope_cyan": "textures/sword/sheath/sheathrope/cyan",
				"sheathrope_green": "textures/sword/sheath/sheathrope/green",
				"sheathrope_orange": "textures/sword/sheath/sheathrope/orange",
				"sheathrope_pink": "textures/sword/sheath/sheathrope/pink",
				"sheathrope_purple": "textures/sword/sheath/sheathrope/purple",
				"sheathrope_red": "textures/sword/sheath/sheathrope/red",
				"sheathrope_white": "textures/sword/sheath/sheathrope/white",
				"sheathrope_yellow": "textures/sword/sheath/sheathrope/yellow",
				"sheathcloth_black": "textures/sword/sheath/sheathcloth/black",
				"sheathcloth_blue": "textures/sword/sheath/sheathcloth/blue",
				"sheathcloth_darkblue": "textures/sword/sheath/sheathcloth/darkblue",
				"sheathcloth_cyan": "textures/sword/sheath/sheathcloth/cyan",
				"sheathcloth_green": "textures/sword/sheath/sheathcloth/green",
				"sheathcloth_orange": "textures/sword/sheath/sheathcloth/orange",
				"sheathcloth_pink": "textures/sword/sheath/sheathcloth/pink",
				"sheathcloth_purple": "textures/sword/sheath/sheathcloth/purple",
				"sheathcloth_red": "textures/sword/sheath/sheathcloth/red",
				"sheathcloth_white": "textures/sword/sheath/sheathcloth/white",
				"sheathcloth_yellow": "textures/sword/sheath/sheathcloth/yellow",
				
				"basictsuba": "textures/sword/tsuba/basictsuba",
				"giyuutsuba": "textures/sword/tsuba/giyuutsuba",
				"mitsuritsuba": "textures/sword/tsuba/mitsuritsuba",
				"muichirotsuba": "textures/sword/tsuba/muichirotsuba",
				"obanaitsuba": "textures/sword/tsuba/obanaitsuba",
				"rengokutsuba": "textures/sword/tsuba/rengokutsuba",
				"sanemitsuba": "textures/sword/tsuba/sanemitsuba",
				"shinobutsuba": "textures/sword/tsuba/shinobutsuba",
				"tanjirotsuba": "textures/sword/tsuba/tanjirotsuba",
				"tengentsuba": "textures/sword/tsuba/tengentsuba",
				"yoriichitsuba": "textures/sword/tsuba/yoriichitsuba",
				"zenitsutsuba": "textures/sword/tsuba/zenitsutsuba",
				"wraptsuba": "textures/sword/tsuba/wraptsuba",
				"tsukaend_gold": "textures/sword/tsukaend/gold",
				"tsukaend_black": "textures/sword/tsukaend/black",
				"tsukaend_silver": "textures/sword/tsukaend/silver",
				"tsukain_black": "textures/sword/tsukain/black",
				"tsukain_blue": "textures/sword/tsukain/blue",
				"tsukain_cyan": "textures/sword/tsukain/cyan",
				"tsukain_gray": "textures/sword/tsukain/gray",
				"tsukain_green": "textures/sword/tsukain/green",
				"tsukain_indigo": "textures/sword/tsukain/indigo",
				"tsukain_orange": "textures/sword/tsukain/orange",
				"tsukain_pink": "textures/sword/tsukain/pink",
				"tsukain_purple": "textures/sword/tsukain/purple",
				"tsukain_red": "textures/sword/tsukain/red",
				"tsukain_white": "textures/sword/tsukain/white",
				"tsukain_yellow": "textures/sword/tsukain/yellow",
				"tsukaout_black": "textures/sword/tsukaout/black",
				"tsukaout_gray": "textures/sword/tsukaout/gray",
				"tsukaout_white": "textures/sword/tsukaout/white",
				"mark_thunder": "textures/slayermark/thunder",
				"mark_water": "textures/slayermark/water",
				"uniform_black": "textures/uniform/black",
				"uniform_red": "textures/uniform/red",
				"uniform_blue": "textures/uniform/blue",
				"uniform_green": "textures/uniform/green",
				"uniform_yellow": "textures/uniform/yellow",
				"rengokubase_white": "textures/haori/color/flame/white",
				"rengokubase_black": "textures/haori/color/flame/black",
				"rengokubase_red": "textures/haori/color/flame/red",
				"rengokubase_blue": "textures/haori/color/flame/blue",
				"rengokubase_yellow": "textures/haori/color/flame/yellow",
				"rengokubase_orange": "textures/haori/color/flame/orange",
				"rengokubase_green": "textures/haori/color/flame/green",
				"rengokubase_purple": "textures/haori/color/flame/purple",
				"rengokubase_pink": "textures/haori/color/flame/pink",
				"rengokubase_dblue": "textures/haori/color/flame/darkblue",
				"rengokupattern_white": "textures/haori/pattern/flame/white",
				"rengokupattern_black": "textures/haori/pattern/flame/black",
				"rengokupattern_red": "textures/haori/pattern/flame/red",
				"rengokupattern_blue": "textures/haori/pattern/flame/blue",
				"rengokupattern_yellow": "textures/haori/pattern/flame/yellow",
				"rengokupattern_orange": "textures/haori/pattern/flame/orange",
				"rengokupattern_green": "textures/haori/pattern/flame/green",
				"rengokupattern_purple": "textures/haori/pattern/flame/purple",
				"rengokupattern_pink": "textures/haori/pattern/flame/pink",
				"rengokupattern_dblue": "textures/haori/pattern/flame/darkblue",
				"tanjirobase_white": "textures/haori/color/patchwork/white",
				"tanjirobase_black": "textures/haori/color/patchwork/black",
				"tanjirobase_red": "textures/haori/color/patchwork/red",
				"tanjirobase_blue": "textures/haori/color/patchwork/blue",
				"tanjirobase_yellow": "textures/haori/color/patchwork/yellow",
				"tanjirobase_orange": "textures/haori/color/patchwork/orange",
				"tanjirobase_green": "textures/haori/color/patchwork/green",
				"tanjirobase_purple": "textures/haori/color/patchwork/purple",
				"tanjirobase_pink": "textures/haori/color/patchwork/pink",
				"tanjirobase_dblue": "textures/haori/color/patchwork/darkblue",
				"tanjiropattern_white": "textures/haori/pattern/patchwork/white",
				"tanjiropattern_black": "textures/haori/pattern/patchwork/black",
				"tanjiropattern_red": "textures/haori/pattern/patchwork/red",
				"tanjiropattern_blue": "textures/haori/pattern/patchwork/blue",
				"tanjiropattern_yellow": "textures/haori/pattern/patchwork/yellow",
				"tanjiropattern_orange": "textures/haori/pattern/patchwork/orange",
				"tanjiropattern_green": "textures/haori/pattern/patchwork/green",
				"tanjiropattern_purple": "textures/haori/pattern/patchwork/purple",
				"tanjiropattern_pink": "textures/haori/pattern/patchwork/pink",
				"tanjiropattern_dblue": "textures/haori/pattern/patchwork/darkblue",
				"urokodakibase_white": "textures/haori/color/cloud/white",
				"urokodakibase_black": "textures/haori/color/cloud/black",
				"urokodakibase_red": "textures/haori/color/cloud/red",
				"urokodakibase_blue": "textures/haori/color/cloud/blue",
				"urokodakibase_yellow": "textures/haori/color/cloud/yellow",
				"urokodakibase_orange": "textures/haori/color/cloud/orange",
				"urokodakibase_green": "textures/haori/color/cloud/green",
				"urokodakibase_purple": "textures/haori/color/cloud/purple",
				"urokodakibase_pink": "textures/haori/color/cloud/pink",
				"urokodakibase_dblue": "textures/haori/color/cloud/darkblue",
				"urokodakipattern_white": "textures/haori/pattern/cloud/white",
				"urokodakipattern_black": "textures/haori/pattern/cloud/black",
				"urokodakipattern_red": "textures/haori/pattern/cloud/red",
				"urokodakipattern_blue": "textures/haori/pattern/cloud/blue",
				"urokodakipattern_yellow": "textures/haori/pattern/cloud/yellow",
				"urokodakipattern_orange": "textures/haori/pattern/cloud/orange",
				"urokodakipattern_green": "textures/haori/pattern/cloud/green",
				"urokodakipattern_purple": "textures/haori/pattern/cloud/purple",
				"urokodakipattern_pink": "textures/haori/pattern/cloud/pink",
				"urokodakipattern_dblue": "textures/haori/pattern/cloud/darkblue",
				"zenitsubase_white": "textures/haori/color/triangle/white",
				"zenitsubase_black": "textures/haori/color/triangle/black",
				"zenitsubase_red": "textures/haori/color/triangle/red",
				"zenitsubase_blue": "textures/haori/color/triangle/blue",
				"zenitsubase_yellow": "textures/haori/color/triangle/yellow",
				"zenitsubase_orange": "textures/haori/color/triangle/orange",
				"zenitsubase_green": "textures/haori/color/triangle/green",
				"zenitsubase_purple": "textures/haori/color/triangle/purple",
				"zenitsubase_pink": "textures/haori/color/triangle/pink",
				"zenitsubase_dblue": "textures/haori/color/triangle/darkblue",
				"zenitsupattern_white": "textures/haori/pattern/triangle/white",
				"zenitsupattern_black": "textures/haori/pattern/triangle/black",
				"zenitsupattern_red": "textures/haori/pattern/triangle/red",
				"zenitsupattern_blue": "textures/haori/pattern/triangle/blue",
				"zenitsupattern_yellow": "textures/haori/pattern/triangle/yellow",
				"zenitsupattern_orange": "textures/haori/pattern/triangle/orange",
				"zenitsupattern_green": "textures/haori/pattern/triangle/green",
				"zenitsupattern_purple": "textures/haori/pattern/triangle/purple",
				"zenitsupattern_pink": "textures/haori/pattern/triangle/pink",
				"zenitsupattern_dblue": "textures/haori/pattern/triangle/darkblue",
				"sanemibase_white": "textures/haori/color/emblem/white",
				"sanemibase_black": "textures/haori/color/emblem/black",
				"sanemibase_red": "textures/haori/color/emblem/red",
				"sanemibase_blue": "textures/haori/color/emblem/blue",
				"sanemibase_yellow": "textures/haori/color/emblem/yellow",
				"sanemibase_orange": "textures/haori/color/emblem/orange",
				"sanemibase_green": "textures/haori/color/emblem/green",
				"sanemibase_purple": "textures/haori/color/emblem/purple",
				"sanemibase_pink": "textures/haori/color/emblem/pink",
				"sanemibase_dblue": "textures/haori/color/emblem/darkblue",
				"sanemipattern_white": "textures/haori/pattern/emblem/white",
				"sanemipattern_black": "textures/haori/pattern/emblem/black",
				"sanemipattern_red": "textures/haori/pattern/emblem/red",
				"sanemipattern_blue": "textures/haori/pattern/emblem/blue",
				"sanemipattern_yellow": "textures/haori/pattern/emblem/yellow",
				"sanemipattern_orange": "textures/haori/pattern/emblem/orange",
				"sanemipattern_green": "textures/haori/pattern/emblem/green",
				"sanemipattern_purple": "textures/haori/pattern/emblem/purple",
				"sanemipattern_pink": "textures/haori/pattern/emblem/pink",
				"sanemipattern_dblue": "textures/haori/pattern/emblem/darkblue",
				"giyuubase_white": "textures/haori/color/double/white",
				"giyuubase_black": "textures/haori/color/double/black",
				"giyuubase_red": "textures/haori/color/double/red",
				"giyuubase_blue": "textures/haori/color/double/blue",
				"giyuubase_yellow": "textures/haori/color/double/yellow",
				"giyuubase_orange": "textures/haori/color/double/orange",
				"giyuubase_green": "textures/haori/color/double/green",
				"giyuubase_purple": "textures/haori/color/double/purple",
				"giyuubase_pink": "textures/haori/color/double/pink",
				"giyuubase_dblue": "textures/haori/color/double/darkblue",
				"giyuupattern_white": "textures/haori/pattern/double/white",
				"giyuupattern_black": "textures/haori/pattern/double/black",
				"giyuupattern_red": "textures/haori/pattern/double/red",
				"giyuupattern_blue": "textures/haori/pattern/double/blue",
				"giyuupattern_yellow": "textures/haori/pattern/double/yellow",
				"giyuupattern_orange": "textures/haori/pattern/double/orange",
				"giyuupattern_green": "textures/haori/pattern/double/green",
				"giyuupattern_purple": "textures/haori/pattern/double/purple",
				"giyuupattern_pink": "textures/haori/pattern/double/pink",
				"giyuupattern_dblue": "textures/haori/pattern/double/darkblue",
				"eyes_red": "textures/eyes/red",
				"eyes_blue": "textures/eyes/blue",
				"eyes_yellow": "textures/eyes/yellow",
				"eyes_black": "textures/eyes/black",
				"eyes_indigo": "textures/eyes/indigo",
				"eyes_green": "textures/eyes/green",
				"eyes_purple": "textures/eyes/purple",
				"eyes_rengoku": "textures/eyes/rengoku",
				"eyes_iguro_1": "textures/eyes/iguro_1",
				"eyes_iguro_2": "textures/eyes/iguro_2",
				"eyes_sleepingraijin": "textures/eyes/sleepingraijin",
				"demon_eyes_blue": "textures/demon/eyes/blue",
				"demon_eyes_green": "textures/demon/eyes/green",
				"demon_eyes_indigo": "textures/demon/eyes/indigo",
				"demon_eyes_pink": "textures/demon/eyes/pink",
				"demon_eyes_red": "textures/demon/eyes/red",
				"demon_eyes_white": "textures/demon/eyes/white",
				"demon_eyes_yellow": "textures/demon/eyes/yellow",
				"demon_sclera_yellow": "textures/demon/sclera/yellow",
				"demon_sclera_blue": "textures/demon/sclera/blue",
				"demon_sclera_red": "textures/demon/sclera/red",
				"demon_sclera_white": "textures/demon/sclera/white",
				"demon_sclera_black": "textures/demon/sclera/black",
				"demon_pupil_cross": "textures/demon/pupils/cross",
				"demon_pupil_dot": "textures/demon/pupils/dot",
				"demon_pupil_line": "textures/demon/pupils/line",
				"demon_pupil_slit": "textures/demon/pupils/slit",
				"demon_marking_akaza_black": "textures/demon/markings/akaza/black",
				"demon_marking_akaza_blue": "textures/demon/markings/akaza/blue",
				"demon_marking_akaza_cyan": "textures/demon/markings/akaza/cyan",
				"demon_marking_akaza_green": "textures/demon/markings/akaza/green",
				"demon_marking_akaza_orange": "textures/demon/markings/akaza/orange",
				"demon_marking_akaza_pink": "textures/demon/markings/akaza/pink",
				"demon_marking_akaza_purple": "textures/demon/markings/akaza/purple",
				"demon_marking_akaza_red": "textures/demon/markings/akaza/red",
				"demon_marking_akaza_white": "textures/demon/markings/akaza/white",
				"demon_marking_akaza_yellow": "textures/demon/markings/akaza/yellow",
				
				"demon_marking_slasher_black": "textures/demon/markings/slasher/black",
				"demon_marking_slasher_blue": "textures/demon/markings/slasher/blue",
				"demon_marking_slasher_cyan": "textures/demon/markings/slasher/cyan",
				"demon_marking_slasher_green": "textures/demon/markings/slasher/green",
				"demon_marking_slasher_orange": "textures/demon/markings/slasher/orange",
				"demon_marking_slasher_pink": "textures/demon/markings/slasher/pink",
				"demon_marking_slasher_purple": "textures/demon/markings/slasher/purple",
				"demon_marking_slasher_red": "textures/demon/markings/slasher/red",
				"demon_marking_slasher_white": "textures/demon/markings/slasher/white",
				"demon_marking_slasher_yellow": "textures/demon/markings/slasher/yellow",
				
				"demon_marking_spider_black": "textures/demon/markings/spider/black",
				"demon_marking_spider_blue": "textures/demon/markings/spider/blue",
				"demon_marking_spider_cyan": "textures/demon/markings/spider/cyan",
				"demon_marking_spider_green": "textures/demon/markings/spider/green",
				"demon_marking_spider_orange": "textures/demon/markings/spider/orange",
				"demon_marking_spider_pink": "textures/demon/markings/spider/pink",
				"demon_marking_spider_purple": "textures/demon/markings/spider/purple",
				"demon_marking_spider_red": "textures/demon/markings/spider/red",
				"demon_marking_spider_white": "textures/demon/markings/spider/white",
				"demon_marking_spider_yellow": "textures/demon/markings/spider/yellow",
				
				"hair_kyojuro_agatsuma": "textures/hair/kyojuro/kyojuro_agatsuma",
				"hair_kyojuro_black": "textures/hair/kyojuro/kyojuro_black",
				"hair_kyojuro_kamado": "textures/hair/kyojuro/kyojuro_kamado",
				"hair_kyojuro_kanroji": "textures/hair/kyojuro/kyojuro_kanroji",
				"hair_kyojuro_kocho": "textures/hair/kyojuro/kyojuro_kocho",
				"hair_kyojuro_rengoku": "textures/hair/kyojuro/kyojuro_rengoku",
				"hair_kyojuro_tokito": "textures/hair/kyojuro/kyojuro_tokito",
				"hair_kyojuro_tsugikuni": "textures/hair/kyojuro/kyojuro_tsugikuni",
				"hair_kyojuro_white": "textures/hair/kyojuro/kyojuro_white",
				"hair_kyojuro_hashibira": "textures/hair/kyojuro/kyojuro_hashibira",
				"hair_muichiro_agatsuma": "textures/hair/muichiro/muichiro_agatsuma",
				"hair_muichiro_black": "textures/hair/muichiro/muichiro_black",
				"hair_muichiro_kamado": "textures/hair/muichiro/muichiro_kamado",
				"hair_muichiro_kanroji": "textures/hair/muichiro/muichiro_kanroji",
				"hair_muichiro_kocho": "textures/hair/muichiro/muichiro_kocho",
				"hair_muichiro_rengoku": "textures/hair/muichiro/muichiro_rengoku",
				"hair_muichiro_tokito": "textures/hair/muichiro/muichiro_tokito",
				"hair_muichiro_tsugikuni": "textures/hair/muichiro/muichiro_tsugikuni",
				"hair_muichiro_white": "textures/hair/muichiro/muichiro_white",
				"hair_muichiro_hashibira": "textures/hair/muichiro/muichiro_hashibira",
				"hair_shinobu_agatsuma": "textures/hair/shinobu/shinobu_agatsuma",
				"hair_shinobu_black": "textures/hair/shinobu/shinobu_black",
				"hair_shinobu_kamado": "textures/hair/shinobu/shinobu_kamado",
				"hair_shinobu_kanroji": "textures/hair/shinobu/shinobu_kanroji",
				"hair_shinobu_kocho": "textures/hair/shinobu/shinobu_kocho",
				"hair_shinobu_rengoku": "textures/hair/shinobu/shinobu_rengoku",
				"hair_shinobu_tokito": "textures/hair/shinobu/shinobu_tokito",
				"hair_shinobu_tsugikuni": "textures/hair/shinobu/shinobu_tsugikuni",
				"hair_shinobu_white": "textures/hair/shinobu/shinobu_white",
				"hair_shinobu_hashibira": "textures/hair/shinobu/shinobu_hashibira",
				"hair_mitsuri_agatsuma": "textures/hair/mitsuri/mitsuri_agatsuma",
				"hair_mitsuri_black": "textures/hair/mitsuri/mitsuri_black",
				"hair_mitsuri_kamado": "textures/hair/mitsuri/mitsuri_kamado",
				"hair_mitsuri_kanroji": "textures/hair/mitsuri/mitsuri_kanroji",
				"hair_mitsuri_kocho": "textures/hair/mitsuri/mitsuri_kocho",
				"hair_mitsuri_rengoku": "textures/hair/mitsuri/mitsuri_rengoku",
				"hair_mitsuri_tokito": "textures/hair/mitsuri/mitsuri_tokito",
				"hair_mitsuri_tsugikuni": "textures/hair/mitsuri/mitsuri_tsugikuni",
				"hair_mitsuri_white": "textures/hair/mitsuri/mitsuri_white",
				"hair_mitsuri_hashibira": "textures/hair/mitsuri/mitsuri_hashibira",
				"hair_obanai_agatsuma": "textures/hair/obanai/obanai_agatsuma",
				"hair_obanai_black": "textures/hair/obanai/obanai_black",
				"hair_obanai_kamado": "textures/hair/obanai/obanai_kamado",
				"hair_obanai_kanroji": "textures/hair/obanai/obanai_kanroji",
				"hair_obanai_kocho": "textures/hair/obanai/obanai_kocho",
				"hair_obanai_rengoku": "textures/hair/obanai/obanai_rengoku",
				"hair_obanai_tokito": "textures/hair/obanai/obanai_tokito",
				"hair_obanai_tsugikuni": "textures/hair/obanai/obanai_tsugikuni",
				"hair_obanai_white": "textures/hair/obanai/obanai_white",
				"hair_obanai_hashibira": "textures/hair/obanai/obanai_hashibira",
				"hair_giyuu_agatsuma": "textures/hair/giyuu/giyuu_agatsuma",
				"hair_giyuu_black": "textures/hair/giyuu/giyuu_black",
				"hair_giyuu_kamado": "textures/hair/giyuu/giyuu_kamado",
				"hair_giyuu_kanroji": "textures/hair/giyuu/giyuu_kanroji",
				"hair_giyuu_kocho": "textures/hair/giyuu/giyuu_kocho",
				"hair_giyuu_rengoku": "textures/hair/giyuu/giyuu_rengoku",
				"hair_giyuu_tokito": "textures/hair/giyuu/giyuu_tokito",
				"hair_giyuu_tsugikuni": "textures/hair/giyuu/giyuu_tsugikuni",
				"hair_giyuu_white": "textures/hair/giyuu/giyuu_white",
				"hair_giyuu_hashibira": "textures/hair/giyuu/giyuu_hashibira",
				"hair_sanemi_agatsuma": "textures/hair/sanemi/sanemi_agatsuma",
				"hair_sanemi_black": "textures/hair/sanemi/sanemi_black",
				"hair_sanemi_kamado": "textures/hair/sanemi/sanemi_kamado",
				"hair_sanemi_kanroji": "textures/hair/sanemi/sanemi_kanroji",
				"hair_sanemi_kocho": "textures/hair/sanemi/sanemi_kocho",
				"hair_sanemi_rengoku": "textures/hair/sanemi/sanemi_rengoku",
				"hair_sanemi_tokito": "textures/hair/sanemi/sanemi_tokito",
				"hair_sanemi_tsugikuni": "textures/hair/sanemi/sanemi_tsugikuni",
				"hair_sanemi_white": "textures/hair/sanemi/sanemi_white",
				"hair_sanemi_hashibira": "textures/hair/sanemi/sanemi_hashibira",
				"hair_zenitsu_agatsuma": "textures/hair/zenitsu/zenitsu_agatsuma",
				"hair_zenitsu_black": "textures/hair/zenitsu/zenitsu_black",
				"hair_zenitsu_kamado": "textures/hair/zenitsu/zenitsu_kamado",
				"hair_zenitsu_kanroji": "textures/hair/zenitsu/zenitsu_kanroji",
				"hair_zenitsu_kocho": "textures/hair/zenitsu/zenitsu_kocho",
				"hair_zenitsu_rengoku": "textures/hair/zenitsu/zenitsu_rengoku",
				"hair_zenitsu_tokito": "textures/hair/zenitsu/zenitsu_tokito",
				"hair_zenitsu_tsugikuni": "textures/hair/zenitsu/zenitsu_tsugikuni",
				"hair_zenitsu_white": "textures/hair/zenitsu/zenitsu_white",
				"hair_zenitsu_hashibira": "textures/hair/zenitsu/zenitsu_hashibira",
				
				"akaza_top_black": "textures/demon/outfit/akazajacket/black",
				"akaza_top_blue": "textures/demon/outfit/akazajacket/blue",
				"akaza_top_cyan": "textures/demon/outfit/akazajacket/cyan",
				"akaza_top_green": "textures/demon/outfit/akazajacket/green",
				"akaza_top_orange": "textures/demon/outfit/akazajacket/orange",
				"akaza_top_pink": "textures/demon/outfit/akazajacket/pink",
				"akaza_top_purple": "textures/demon/outfit/akazajacket/purple",
				"akaza_top_red": "textures/demon/outfit/akazajacket/red",
				"akaza_top_white": "textures/demon/outfit/akazajacket/white",
				"akaza_top_yellow": "textures/demon/outfit/akazajacket/yellow",
				"gyutaro_top_black": "textures/demon/outfit/gyutarotop/black",
				"gyutaro_top_blue": "textures/demon/outfit/gyutarotop/blue",
				"gyutaro_top_cyan": "textures/demon/outfit/gyutarotop/cyan",
				"gyutaro_top_green": "textures/demon/outfit/gyutarotop/green",
				"gyutaro_top_orange": "textures/demon/outfit/gyutarotop/orange",
				"gyutaro_top_pink": "textures/demon/outfit/gyutarotop/pink",
				"gyutaro_top_purple": "textures/demon/outfit/gyutarotop/purple",
				"gyutaro_top_red": "textures/demon/outfit/gyutarotop/red",
				"gyutaro_top_white": "textures/demon/outfit/gyutarotop/white",
				"gyutaro_top_yellow": "textures/demon/outfit/gyutarotop/yellow",
				"rui_top_black": "textures/demon/outfit/ruikimono/black",
				"rui_top_blue": "textures/demon/outfit/ruikimono/blue",
				"rui_top_cyan": "textures/demon/outfit/ruikimono/cyan",
				"rui_top_green": "textures/demon/outfit/ruikimono/green",
				"rui_top_orange": "textures/demon/outfit/ruikimono/orange",
				"rui_top_pink": "textures/demon/outfit/ruikimono/pink",
				"rui_top_purple": "textures/demon/outfit/ruikimono/purple",
				"rui_top_red": "textures/demon/outfit/ruikimono/red",
				"rui_top_white": "textures/demon/outfit/ruikimono/white",
				"rui_top_yellow": "textures/demon/outfit/ruikimono/yellow",
				
				"akaza_bottom_black": "textures/demon/outfit/akazabottoms/black",
				"akaza_bottom_blue": "textures/demon/outfit/akazabottoms/blue",
				"akaza_bottom_cyan": "textures/demon/outfit/akazabottoms/cyan",
				"akaza_bottom_green": "textures/demon/outfit/akazabottoms/green",
				"akaza_bottom_orange": "textures/demon/outfit/akazabottoms/orange",
				"akaza_bottom_pink": "textures/demon/outfit/akazabottoms/pink",
				"akaza_bottom_purple": "textures/demon/outfit/akazabottoms/purple",
				"akaza_bottom_red": "textures/demon/outfit/akazabottoms/red",
				"akaza_bottom_white": "textures/demon/outfit/akazabottoms/white",
				"akaza_bottom_yellow": "textures/demon/outfit/akazabottoms/yellow",
				"gyutaro_bottom_black": "textures/demon/outfit/gyutarobottoms/black",
				"gyutaro_bottom_blue": "textures/demon/outfit/gyutarobottoms/blue",
				"gyutaro_bottom_cyan": "textures/demon/outfit/gyutarobottoms/cyan",
				"gyutaro_bottom_green": "textures/demon/outfit/gyutarobottoms/green",
				"gyutaro_bottom_orange": "textures/demon/outfit/gyutarobottoms/orange",
				"gyutaro_bottom_pink": "textures/demon/outfit/gyutarobottoms/pink",
				"gyutaro_bottom_purple": "textures/demon/outfit/gyutarobottoms/purple",
				"gyutaro_bottom_red": "textures/demon/outfit/gyutarobottoms/red",
				"gyutaro_bottom_white": "textures/demon/outfit/gyutarobottoms/white",
				"gyutaro_bottom_yellow": "textures/demon/outfit/gyutarobottoms/yellow",
				
				"demon_tusks": "textures/demon/face/tusks",
				"demon_horn": "textures/demon/face/horn",
				
				"skin_white": "textures/skin/white",
				"skin_black": "textures/skin/black",
				"skin_tan": "textures/skin/tan",
				"skin_demonblack": "textures/skin/demonblack",
				"skin_demonwhite": "textures/skin/demonwhite",
				"skin_demonred": "textures/skin/demonred",
				"skin_demongreen": "textures/skin/demongreen",
				"skin_demonblue": "textures/skin/demonblue",
				"strawhat": "textures/head_cosmetic/strawhat/strawhat",
				"strawcoat": "textures/body_cosmetic/straw_coat/strawcoat"
				
				
				
				
				
				
			
			},
			"geometry": {
				"default": "geometry.humanoid.custom",
				"strawhat": "geometry.strawhat",
				"strawcoat": "geometry.strawcoat",
				"foxmask_pattern": "geometry.foxmask_pattern",
				"foxmask": "geometry.foxmask",
				"tengumask": "geometry.tengumask",
				"onimask": "geometry.onimask",
				"halfonimask": "geometry.halfonimask",
				"moonhelmet": "geometry.moonhelmet",
				"kappamask": "geometry.kappamask",
				"karasumask": "geometry.karasumask",
				"demontop": "geometry.demontop",
				"demontusks": "geometry.demontusks",
				"blindfold": "geometry.blindfold",
				"demonhorns": "geometry.demonhorns",
				"demonhorn": "geometry.demonhorn",
				"kimono": "geometry.kimono",
				"slayermark": "geometry.slayermark",
				"boarhead": "geometry.boarhead",
				"boarhead_eyes": "geometry.boarhead_eyes",
				"sheathrope": "geometry.sheathrope",
				"sheathcloth": "geometry.sheathcloth",
				"hair": "geometry.hair",
				"skin": "geometry.skin",
				"eyes": "geometry.eyes",
				"marking": "geometry.marking",
				"demoneyes": "geometry.demoneyes",
				"pupil": "geometry.pupil",
				"sclera": "geometry.sclera",
				"eyes_stw": "geometry.eyes_stw",
				"character2": "geometry.character2",
				"particlelocator2": "geometry.particlelocator",
				"basictsuba": "geometry.basictsuba",
				"wraptsuba": "geometry.wraptsuba",
				"blade": "geometry.blade",
				"bladepattern": "geometry.bladepattern",
				"giyuutsuba": "geometry.giyuutsuba",
				"mitsuritsuba": "geometry.mitsuritsuba",
				"muichirotsuba": "geometry.muichirotsuba",
				"obanaitsuba": "geometry.obanaitsuba",
				"rengokutsuba": "geometry.rengokutsuba",
				"sanemitsuba": "geometry.sanemitsuba",
				"sheath": "geometry.sheath",
				"shinobutsuba": "geometry.shinobutsuba",
				"tanjirotsuba": "geometry.tanjirotsuba",
				"tsukaend": "geometry.tsukaend",
				"tsukain": "geometry.tsukain",
				"tsukaout": "geometry.tsukaout",
				"tsukaend_sheathed": "geometry.tsukaend_sheath",
				"tsukain_sheathed": "geometry.tsukain_sheath",
				"tsukaout_sheathed": "geometry.tsukaout_sheath",
				"uzuitsuba": "geometry.uzuitsuba",
				"yoriichitsuba": "geometry.yoriichitsuba",
				"zenitsutsuba": "geometry.zenitsutsuba",
				"uniform": "geometry.uniform",
				"haoribase": "geometry.haoribase",
				"haoripattern": "geometry.haoripattern"
			},
			"particle_effects": {
				"stone_formflash": "ds:stone_formflash",
				"ground_impact": "ds:ground_impact",
				"himejima_air": "ds:himejima_air",
				"himejima_chain": "ds:himejima_chain",
				"himejima_rope": "ds:himejima_rope",
				"himejima_bead": "ds:himejima_bead",
				"himejima_beadburst": "ds:himejima_beadburst",
				"himejima_beadtwinkle": "ds:himejima_beadtwinkle",
				"himejima_rise": "ds:himejima_rise",
				"rengoku_basicslash": "ds:rengoku_basicslash",
				"rengoku_basictwinkle": "ds:rengoku_basictwinkle",
				"rengoku_basicair": "ds:rengoku_basicair",
				"redsword_dragonmouth1": "ds:redsword_dragonmouth1",
				"redsword_dragonmouth2": "ds:redsword_dragonmouth2",
				"redsword_dragoneyes": "ds:redsword_dragoneyes",
				"redsword_dragonfrill": "ds:redsword_dragonfrill",
				"redsword_dragonfrill2": "ds:redsword_dragonfrill2",
				"rengoku_dragonmouth1": "ds:rengoku_dragonmouth1",
				"rengoku_dragonmouth2": "ds:rengoku_dragonmouth2",
				"rengoku_finishermouth1": "ds:rengoku_finishermouth1",
				"rengoku_finishermouth2": "ds:rengoku_finishermouth2",
				"rengoku_finishereyes": "ds:rengoku_finishereyes",
				"rengoku_finishereyetwinkle": "ds:rengoku_finishereyetwinkle",
				"rengoku_finisherfrill": "ds:rengoku_finisherfrill",
				"rengoku_finisherfrill2": "ds:rengoku_finisherfrill2",
				"redsword_finishermouth1": "ds:redsword_finishermouth1",
				"redsword_finishermouth2": "ds:redsword_finishermouth2",
				"redsword_finishereyes": "ds:redsword_finishereyes",
				"redsword_finishereyetwinkle": "ds:redsword_finishereyetwinkle",
				"redsword_finisherfrill": "ds:redsword_finisherfrill",
				"redsword_finisherfrill2": "ds:redsword_finisherfrill2",
				"rengoku_finisherfrill3": "ds:rengoku_finisherfrill3",
				"rengoku_dragoneyes": "ds:rengoku_dragoneyes",
				"rengoku_dragonfrill": "ds:rengoku_dragonfrill",
				"rengoku_dragonfrill2": "ds:rengoku_dragonfrill2",
				"rengoku_flamerise": "ds:rengoku_flamerise",
				"rengoku_dustburst": "ds:rengoku_dustburst",
				"rengoku_heartburst": "ds:rengoku_heartburst",
				"rengoku_heartline": "ds:rengoku_heartline",
				"rengoku_heart": "ds:rengoku_heart",
				"rengoku_hearttwinkle": "ds:rengoku_hearttwinkle",
				"cursedenergy_hands": "ds:cursedenergy_hands",
				"stweyes_yellow": "ds:stweyes_yellow",
				"tomioka_lullthrow": "ds:tomioka_lullthrow",
				"tomioka_lullthrowout": "ds:tomioka_lullthrowout",
				"tomioka_lullthrowring": "ds:tomioka_lullthrowring",
				"tomioka_lullthrowspark": "ds:tomioka_lullthrowspark",
				"tomioka_lullpushdust": "ds:tomioka_lullpushdust",
				"tomioka_lullslash": "ds:tomioka_lullslash",
				"tomioka_lullslashconquer": "ds:tomioka_lullslashconquer",
				"tomioka_lullslashout": "ds:tomioka_lullslashout",
				"shinazugawa_burstblood": "ds:shinazugawa_burstblood",
				"shinazugawa_clawslash": "ds:shinazugawa_clawslash",
				"shinazugawa_coat": "ds:shinazugawa_coat",
				"shinazugawa_slice": "ds:shinazugawa_slice",
				"shinazugawa_sliceswing": "ds:shinazugawa_sliceswing",
				"shinazugawa_slicetwinkle": "ds:shinazugawa_slicetwinkle",
				"shinazugawa_charge": "ds:shinazugawa_charge",
				"water_flux3mouth": "ds:water_flux3mouth",
				"water_flux3eye": "ds:water_flux3eye",
				"water_flux3eyetwinkle": "ds:water_flux3eyetwinkle",
				"water_flux3spike": "ds:water_flux3spike",
				"water_flux3teeth": "ds:water_flux3teeth",
				"water_flux3ring1": "ds:water_flux3ring1",
				"water_flux3ring2": "ds:water_flux3ring2",
				"water_flux3ring3": "ds:water_flux3ring3",
				"water_flux3dash": "ds:water_flux3dash",
				"water_flux3dash2": "ds:water_flux3dash2",
				"redsword_stabline": "ds:redsword_stabline",
				"redsword_basicstab1": "ds:redsword_basicstab1",
				"redsword_basicstab2": "ds:redsword_basicstab2",
				"redsword_basicstab3": "ds:redsword_basicstab3",
				"redsword_basicslash": "ds:redsword_basicslash",
				"redsword_basicout": "ds:redsword_basicout",
				"redsword_on": "ds:redsword_on",
				"air_impactsmall": "ds:air_impactsmall",
				"air_impactmedium": "ds:air_impactmedium",
				"air_impactbig": "ds:air_impactbig",
				"air_impact": "ds:air_impact",
				"water_calm1slash": "ds:water_calm1slash",
				"water_calm2slash": "ds:water_calm2slash",
				"water_calm3slash": "ds:water_calm3slash",
				"water_flux2teeth": "ds:water_flux2teeth",
				"water_flux2spike": "ds:water_flux2spike",
				"water_flux2slashf2": "ds:water_flux2slashf2",
				"water_flux2slashf2": "ds:water_flux2slashf2",
				"water_flux2slashf3": "ds:water_flux2slashf3",
				"water_flux2mouth2": "ds:water_flux2mouth2",
				"water_flux2mouth": "ds:water_flux2mouth",
				"water_flux2foam": "ds:water_flux2foam",
				"water_flux2eyetwinkle": "ds:water_flux2eyetwinkle",
				"water_flux2eye": "ds:water_flux2eye",
				"water_flux2ring1": "ds:water_flux2ring1",
				"water_flux2ring2": "ds:water_flux2ring2",
				"water_flux2ring3": "ds:water_flux2ring3",
				"water_flux2slash": "ds:water_flux2slash",
				"water_flux2slash2": "ds:water_flux2slash2",
				"water_flux1slash": "ds:water_flux1slash",
				"water_flux1foam": "ds:water_flux1foam",
				"water_flux1foam1": "ds:water_flux1foam1",
				"water_flux1mouth": "ds:water_flux1mouth",
				"water_flux1eye": "ds:water_flux1eye",
				"water_flux1out": "ds:water_flux1out",
				"water_flux1ring1": "ds:water_flux1ring1",
				"water_flux1ring2": "ds:water_flux1ring2",
				"water_flux1ring3": "ds:water_flux1ring3",
				"water_flux1spike": "ds:water_flux1spike",
				"water_form3head": "ds:water_form3head",
				"water_form3body": "ds:water_form3body",
				"water_form3arm": "ds:water_form3arm",
				"water_form4slash_2": "ds:water_form4slash_2",
				"water_form4foam_2": "ds:water_form4foam_2",
				"water_form4spiral_2": "ds:water_form4spiral_2",
				"water_form3slash_2": "ds:water_form3slash_2",
				"water_form3foam_2": "ds:water_form3foam_2",
				"water_form2outslash": "ds:water_form2outslash",
				"water_form2outslash2": "ds:water_form2outslash2",
				"water_form2outfoam": "ds:water_form2outfoam",
				"water_form2outspiral": "ds:water_form2outspiral",
				"water_form7ring1": "ds:water_form7ring1",
				"water_form7ring2": "ds:water_form7ring2",
				"water_form7ring3": "ds:water_form7ring3",
				"water_form7ring4": "ds:water_form7ring4",
				"water_form6spiral": "ds:water_form6spiral",
				"water_form6foam": "ds:water_form6foam",
				"water_form4slash": "ds:water_form4slash",
				"water_form4foam": "ds:water_form4foam",
				"water_form4spiral": "ds:water_form4spiral",
				"water_form3dash": "ds:water_form3dash",
				"water_form3dash2": "ds:water_form3dash2",
				"water_form2slash": "ds:water_form2slash",
				"water_form2foam": "ds:water_form2foam",
				"water_form2foamring": "ds:water_form2foamring",
				"water_form2twinkle": "ds:water_form2twinkle",
				"water_form1slash": "ds:water_form1slash",
				"water_form1foam": "ds:water_form1foam",
				"water_form1line": "ds:water_form1line",
				"water_basicshatter": "ds:water_basicshatter",
				"water_fluxfoam": "ds:water_fluxfoam",
				"water_fluxslash": "ds:water_fluxslash",
				"water_flux0mouth": "ds:water_flux0mouth",
				"water_flux0spike": "ds:water_flux0spike",
				"water_flux0ring1": "ds:water_flux0ring1",
				"water_flux0ring2": "ds:water_flux0ring2",
				"water_flux0ring3": "ds:water_flux0ring3",
				"water_flux0ring3": "ds:water_flux0ring3",
				"water_fluxbolt": "ds:water_fluxbolt",
				"water_flux0eye": "ds:water_flux0eye",
				"water_basicslash": "ds:water_basicslash",
				"water_basicair": "ds:water_basicair",
				"water_basicair2": "ds:water_basicair2",
				"water_basicstab1": "ds:water_basicstab1",
				"water_basicstab2": "ds:water_basicstab2",
				"water_basicstab3": "ds:water_basicstab3",
				"water_basicline": "ds:water_basicline",
				"water_geyserraise": "ds:water_geyserraise",
				"water_basictwinkle": "ds:water_basictwinkle",
				"thunder_basicslash": "ds:thunder_basicslash",
				"thunder_basicair": "ds:thunder_basicair",
				"thunder_basicout": "ds:thunder_basicout",
				"thunder_chargeslash": "ds:thunder_chargeslash",
				"thunder_chargeline": "ds:thunder_chargeline",
				"thunder_chargedust": "ds:thunder_chargedust",
				"thunder_airspin": "ds:thunder_airspin",
				"thunder_spinslash1": "ds:thunder_spinslash1",
				"thunder_spinslash2": "ds:thunder_spinslash2",
				"thunder_form2slash": "ds:thunder_form2slash",
				"thunder_form2out": "ds:thunder_form2out",
				"thunder_form2spark": "ds:thunder_form2spark",
				"thunder_form2twinkle": "ds:thunder_form2twinkle",
				"thunder_form4twinkle": "ds:thunder_form4twinkle",
				"thunder_form4line": "ds:thunder_form4line",
				"thunder_form4spark": "ds:thunder_form4spark",
				"thunder_form4spike": "ds:thunder_form4spike",
				"thunder_form4slash": "ds:thunder_form4slash",
				"thunder_form4out": "ds:thunder_form4out",
				"thunder_form5line": "ds:thunder_form5line",
				"thunder_form5spike": "ds:thunder_form5spike",
				"thunder_form5twinkle": "ds:thunder_form5twinkle",
				"thunder_form5out": "ds:thunder_form5out",
				"thunder_form5ring": "ds:thunder_form5ring",
				"thunder_rumbleslash": "ds:thunder_rumbleslash",
				"thunder_rumbleout": "ds:thunder_rumbleout",
				"thunder_form6slash": "ds:thunder_form6slash",
				"thunder_form6out": "ds:thunder_form6out",
				"thunder_form6line": "ds:thunder_form6line",
				"thunder_burst": "ds:thunder_burst",
				"thunder_charge": "ds:thunder_charge",
				"thunder_dust": "ds:thunder_dust",
				"thunder_guard": "ds:thunder_guard",
				"thunder_guard2": "ds:thunder_guard2",
				"thunder_guard3": "ds:thunder_guard3",
				"thunder_stance": "ds:thunder_stance"
			},
			"scripts": {
				"scale": 0.9375,
				"initialize": [
					"variable.is_holding_right = 0.0;",
					"variable.is_blinking = 0.0;",
					"variable.last_blink_time = 0.0;",
					"variable.hand_bob = 0.0;"
				],
				"pre_animation": [
					"variable.helmet_layer_visible = 1.0;",
					"variable.leg_layer_visible = 1.0;",
					"variable.boot_layer_visible = 1.0;",
					"variable.chest_layer_visible = 1.0;",
					"variable.attack_body_rot_y = Math.sin(360*Math.sqrt(variable.attack_time)) * 5.0;",
					"variable.tcos0 = (math.cos(query.modified_distance_moved * 38.17) * query.modified_move_speed / variable.gliding_speed_value) * 57.3;",
					"variable.first_person_rotation_factor = math.sin((1 - variable.attack_time) * 180.0);",
					"variable.hand_bob = query.life_time < 0.01 ? 0.0 : variable.hand_bob + ((query.is_on_ground && query.is_alive ? math.clamp(math.sqrt(math.pow(query.position_delta(0), 2.0) + math.pow(query.position_delta(2), 2.0)), 0.0, 0.1) : 0.0) - variable.hand_bob) * 0.02;",
					"variable.map_angle = math.clamp(1 - variable.player_x_rotation / 45.1, 0.0, 1.0);",
					"variable.item_use_normalized = query.main_hand_item_use_duration / query.main_hand_item_max_duration;"			
					],
				"animate": [
					"root",
					"idle",
					"run"
					]
			},
			"animations": {
        "idle": "controller.animation.idle",
        "run": "controller.animation.run",
        "root": "controller.animation.player.root",
        "base_controller": "controller.animation.player.base",
        "runanim": "animation.thunder.run",
        "guard": "animation.idle.guard",
        "point_idle": "animation.idle.point",
        "rengokupose_idle": "animation.idle.rengokupose",
        "zenitsu_idle": "animation.idle.zenitsu",
        "holdforward_idle": "animation.idle.holdforward",
        "holdout_idle": "animation.idle.holdout",
        "overshoulder_idle": "animation.idle.overshoulder",
        "honor_idle": "animation.idle.honor",
        "hudplayer": "controller.animation.player.hudplayer",
        "humanoid_base_pose": "animation.humanoid.base_pose",
        "look_at_target": "controller.animation.humanoid.look_at_target",
        "look_at_target_ui": "animation.player.look_at_target.ui",
        "look_at_target_default": "animation.humanoid.look_at_target.default",
        "look_at_target_gliding": "animation.humanoid.look_at_target.gliding",
        "look_at_target_swimming": "animation.humanoid.look_at_target.swimming",
        "look_at_target_inverted": "animation.player.look_at_target.inverted",
        "cape": "animation.player.cape",
        "move.arms": "animation.player.move.arms",
        "move.legs": "animation.player.move.legs",
        "crouch_idle": "animation.idle.crouch",
        "crouch_sneak": "animation.idle.crouch",
        "swimming": "animation.player.swim",
        "swimming.legs": "animation.player.swim.legs",
        "riding.arms": "animation.player.riding.arms",
        "riding.legs": "animation.player.riding.legs",
        "holding": "animation.player.holding",
        "brandish_spear": "animation.humanoid.brandish_spear",
        "holding_spyglass": "animation.humanoid.holding_spyglass",
        "charging": "animation.humanoid.charging",
        "attack.positions": "animation.player.attack.positions",
        "attack.rotations": "animation.player.attack.rotations",
        "sneaking": "animation.player.sneaking",
        "bob": "animation.player.bob",
        "damage_nearby_mobs": "animation.humanoid.damage_nearby_mobs",
        "bow_and_arrow": "animation.humanoid.bow_and_arrow",
        "use_item_progress": "animation.humanoid.use_item_progress",
        "skeleton_attack": "animation.skeleton.attack",
        "sleeping": "animation.player.sleeping",
        "first_person_base_pose": "animation.player.first_person.base_pose",
        "first_person_empty_hand": "animation.player.first_person.empty_hand",
        "first_person_swap_item": "animation.player.first_person.swap_item",
        "first_person_shield_block": "animation.player.first_person.shield_block",
        "first_person_attack_controller": "controller.animation.player.first_person_attack",
        "first_person_attack_rotation": "animation.player.first_person.attack_rotation",
        "first_person_vr_attack_rotation": "animation.player.first_person.vr_attack_rotation",
        "first_person_walk": "animation.player.first_person.walk",
        "first_person_map_controller": "controller.animation.player.first_person_map",
        "first_person_map_hold": "animation.player.first_person.map_hold",
        "first_person_map_hold_attack": "animation.player.first_person.map_hold_attack",
        "first_person_map_hold_off_hand": "animation.player.first_person.map_hold_off_hand",
        "first_person_map_hold_main_hand": "animation.player.first_person.map_hold_main_hand",
        "first_person_crossbow_equipped": "animation.player.first_person.crossbow_equipped",
        "third_person_crossbow_equipped": "animation.player.crossbow_equipped",
        "third_person_bow_equipped": "animation.player.bow_equipped",
        "crossbow_hold": "animation.player.crossbow_hold",
        "crossbow_controller": "controller.animation.player.crossbow",
        "shield_block_main_hand": "animation.player.shield_block_main_hand",
        "shield_block_off_hand": "animation.player.shield_block_off_hand",
        "blink": "controller.animation.persona.blink",
		    "tooting_goat_horn": "animation.humanoid.tooting_goat_horn",
		    "holding_brush": "animation.humanoid.holding_brush",
		    "brushing": "animation.humanoid.brushing"
      },
      "render_controllers": [
        { "controller.render.player.first_person_spectator": "variable.is_first_person && query.is_spectator" },
        { "controller.render.player.third_person_spectator": "!variable.is_first_person && !variable.map_face_icon && query.is_spectator" },
        { "controller.render.player.first_person": "variable.is_first_person && !query.is_spectator" },
        { "controller.render.player.third_person": "!variable.is_first_person && !variable.map_face_icon && !query.is_spectator" },
        { "controller.render.player.map": "variable.map_face_icon" },
					"controller.render.particlelocator2",
					{
					"controller.render.strawhat": "!variable.is_first_person"
				},
				{
					"controller.render.strawcoat": "!variable.is_first_person"
				},
				
					{
					"controller.render.sheathrope": "!variable.is_first_person"
				},
				{
					"controller.render.sheathcloth": "!variable.is_first_person"
				},
				
				{
					"controller.render.mark_thunder": "!variable.is_first_person"
				},
				{
					"controller.render.mark_water": "!variable.is_first_person"
				},
				
				{
					"controller.render.blade_black": "!variable.is_first_person"
				},
				{
					"controller.render.blade_blood": "!variable.is_first_person"
				},
				
				{
					"controller.render.blade_pink": "!variable.is_first_person"
				},
				{
					"controller.render.blade_orange": "!variable.is_first_person"
				},
				{
					"controller.render.blade_indigo": "!variable.is_first_person"
				},
				{
					"controller.render.blade_green": "!variable.is_first_person"
				},
				{
					"controller.render.blade_gray": "!variable.is_first_person"
				},
				{
					"controller.render.blade_cyan": "!variable.is_first_person"
				},
				{
					"controller.render.blade_blue": "!variable.is_first_person"
				},
				{
					"controller.render.blade_yellow": "!variable.is_first_person"
				},
				{
					"controller.render.blade_white": "!variable.is_first_person"
				},
				{
					"controller.render.blade_red": "!variable.is_first_person"
				},
				{
					"controller.render.blade_purple": "!variable.is_first_person"
				},
				{
					"controller.render.tsukain_black": "!variable.is_first_person"
				},
				{
					"controller.render.tsukain_pink": "!variable.is_first_person"
				},
				{
					"controller.render.tsukain_orange": "!variable.is_first_person"
				},
				{
					"controller.render.tsukain_indigo": "!variable.is_first_person"
				},
				{
					"controller.render.tsukain_green": "!variable.is_first_person"
				},
				{
					"controller.render.tsukain_gray": "!variable.is_first_person"
				},
				{
					"controller.render.tsukain_cyan": "!variable.is_first_person"
				},
				{
					"controller.render.tsukain_blue": "!variable.is_first_person"
				},
				{
					"controller.render.tsukain_yellow": "!variable.is_first_person"
				},
				{
					"controller.render.tsukain_white": "!variable.is_first_person"
				},
				{
					"controller.render.tsukain_red": "!variable.is_first_person"
				},
				{
					"controller.render.tsukain_purple": "!variable.is_first_person"
				},
				{
					"controller.render.sheath": "!variable.is_first_person"
				},
				{
					"controller.render.pattern_curl": "!variable.is_first_person"
				},
				{
					"controller.render.pattern_wave": "!variable.is_first_person"
				},
				{
					"controller.render.pattern_crackle": "!variable.is_first_person"
				},
				{
					"controller.render.pattern_stripe": "!variable.is_first_person"
				},
				{
					"controller.render.pattern_bloodcurl": "!variable.is_first_person"
				},
				{
					"controller.render.pattern_bloodwave": "!variable.is_first_person"
				},
				{
					"controller.render.pattern_bloodcrackle": "!variable.is_first_person"
				},
				{
					"controller.render.pattern_bloodstripe": "!variable.is_first_person"
				},
				{
					"controller.render.wraptsuba": "!variable.is_first_person"
				},
				{
					"controller.render.basic_tsuba": "!variable.is_first_person"
				},
				{
					"controller.render.rengoku_tsuba": "!variable.is_first_person"
				},
				{
					"controller.render.giyuu_tsuba": "!variable.is_first_person"
				},
				{
					"controller.render.mitsuri_tsuba": "!variable.is_first_person"
				},
				{
					"controller.render.muichiro_tsuba": "!variable.is_first_person"
				},
				{
					"controller.render.obanai_tsuba": "!variable.is_first_person"
				},
				{
					"controller.render.sanemi_tsuba": "!variable.is_first_person"
				},
				{
					"controller.render.shinobu_tsuba": "!variable.is_first_person"
				},
				{
					"controller.render.tanjiro_tsuba": "!variable.is_first_person"
				},
				{
					"controller.render.tengen_tsuba": "!variable.is_first_person"
				},
				{
					"controller.render.yoriichi_tsuba": "!variable.is_first_person"
				},
				{
					"controller.render.zenitsu_tsuba": "!variable.is_first_person"
				},
				{
					"controller.render.tsukaend_gold": "!variable.is_first_person"
				},
				{
					"controller.render.tsukaend_black": "!variable.is_first_person"
				},
				{
					"controller.render.tsukaend_silver": "!variable.is_first_person"
				},
				{
					"controller.render.tsukaout_white": "!variable.is_first_person"
				},
				{
					"controller.render.tsukaout_black": "!variable.is_first_person"
				},
				{
					"controller.render.tsukaout_gray": "!variable.is_first_person"
				},
				{
					"controller.render.sheathed_tsukaend_gold": "!variable.is_first_person"
				},
				{
					"controller.render.sheathed_tsukaend_black": "!variable.is_first_person"
				},
				{
					"controller.render.sheathed_tsukaend_silver": "!variable.is_first_person"
				},
				{
					"controller.render.sheathed_tsukaout_white": "!variable.is_first_person"
				},
				{
					"controller.render.sheathed_tsukaout_black": "!variable.is_first_person"
				},
				{
					"controller.render.sheathed_tsukaout_gray": "!variable.is_first_person"
				},
				
				{
					"controller.render.sheathed_tsukain_black": "!variable.is_first_person"
				},
				{
					"controller.render.sheathed_tsukain_pink": "!variable.is_first_person"
				},
				{
					"controller.render.sheathed_tsukain_orange": "!variable.is_first_person"
				},
				{
					"controller.render.sheathed_tsukain_indigo": "!variable.is_first_person"
				},
				{
					"controller.render.sheathed_tsukain_green": "!variable.is_first_person"
				},
				{
					"controller.render.sheathed_tsukain_gray": "!variable.is_first_person"
				},
				{
					"controller.render.sheathed_tsukain_cyan": "!variable.is_first_person"
				},
				{
					"controller.render.sheathed_tsukain_blue": "!variable.is_first_person"
				},
				{
					"controller.render.sheathed_tsukain_yellow": "!variable.is_first_person"
				},
				{
					"controller.render.sheathed_tsukain_white": "!variable.is_first_person"
				},
				{
					"controller.render.sheathed_tsukain_red": "!variable.is_first_person"
				},
				{
					"controller.render.sheathed_tsukain_purple": "!variable.is_first_person"
				},
				{
					"controller.render.character_zenitsu": "!variable.is_first_person"
				},
				{
					"controller.render.eyes_red": "!variable.is_first_person"
				},
				{
					"controller.render.eyes_stw_red": "!variable.is_first_person"
				},
				{
					"controller.render.eyes_blue": "!variable.is_first_person"
				},
				{
					"controller.render.eyes_stw_blue": "!variable.is_first_person"
				},
				{
					"controller.render.eyes_yellow": "!variable.is_first_person"
				},
				{
					"controller.render.eyes_stw_yellow": "!variable.is_first_person"
				},
				{
					"controller.render.eyes_black": "!variable.is_first_person"
				},
				{
					"controller.render.eyes_stw_black": "!variable.is_first_person"
				},
				{
					"controller.render.eyes_indigo": "!variable.is_first_person"
				},
				{
					"controller.render.eyes_stw_indigo": "!variable.is_first_person"
				},
				{
					"controller.render.eyes_purple": "!variable.is_first_person"
				},
				{
					"controller.render.eyes_stw_purple": "!variable.is_first_person"
				},
				{
					"controller.render.eyes_green": "!variable.is_first_person"
				},
				{
					"controller.render.eyes_stw_green": "!variable.is_first_person"
				},
				{
					"controller.render.eyes_rengoku": "!variable.is_first_person"
				},
				{
					"controller.render.eyes_stw_rengoku": "!variable.is_first_person"
				},
				{
					"controller.render.eyes_iguro": "!variable.is_first_person"
				},
				{
					"controller.render.eyes_stw_iguro": "!variable.is_first_person"
				},
				{
					"controller.render.eyes_sleepingraijin": "!variable.is_first_person"
				},
				{
					"controller.render.eyes_stw_sleepingraijin": "!variable.is_first_person"
				},
				{
					"controller.render.demon_eyes": "!variable.is_first_person"
				},
				{
					"controller.render.demon_sclera": "!variable.is_first_person"
				},
				{
					"controller.render.demon_pupil": "!variable.is_first_person"
				},
				
				{
					"controller.render.demon_marking": "!variable.is_first_person"
				},
				{
					"controller.render.foxmask": "!variable.is_first_person"
				},
				{
					"controller.render.tengumask": "!variable.is_first_person"
				},
				{
					"controller.render.onimask": "!variable.is_first_person"
				},
				{
					"controller.render.halfonimask": "!variable.is_first_person"
				},
				{
					"controller.render.moonhelmet": "!variable.is_first_person"
				},
				
				{
					"controller.render.kappamask": "!variable.is_first_person"
				},
				{
					"controller.render.karasumask": "!variable.is_first_person"
				},
				
				{
					"controller.render.foxmask_pattern": "!variable.is_first_person"
				},
				
				
				"controller.render.rengoku_whitebase",
				"controller.render.rengoku_blackbase",
				"controller.render.rengoku_redbase",
				"controller.render.rengoku_bluebase",
				"controller.render.rengoku_yellowbase",
				"controller.render.rengoku_orangebase",
				"controller.render.rengoku_greenbase",
				"controller.render.rengoku_purplebase",
				"controller.render.rengoku_dbluebase",
				"controller.render.rengoku_pinkbase",
				"controller.render.rengoku_whitepattern",
				"controller.render.rengoku_blackpattern",
				"controller.render.rengoku_redpattern",
				"controller.render.rengoku_bluepattern",
				"controller.render.rengoku_yellowpattern",
				"controller.render.rengoku_orangepattern",
				"controller.render.rengoku_greenpattern",
				"controller.render.rengoku_purplepattern",
				"controller.render.rengoku_dbluepattern",
				"controller.render.rengoku_pinkpattern",
				"controller.render.tanjiro_whitebase",
				"controller.render.tanjiro_blackbase",
				"controller.render.tanjiro_redbase",
				"controller.render.tanjiro_bluebase",
				"controller.render.tanjiro_yellowbase",
				"controller.render.tanjiro_orangebase",
				"controller.render.tanjiro_greenbase",
				"controller.render.tanjiro_purplebase",
				"controller.render.tanjiro_dbluebase",
				"controller.render.tanjiro_pinkbase",
				"controller.render.tanjiro_whitepattern",
				"controller.render.tanjiro_blackpattern",
				"controller.render.tanjiro_redpattern",
				"controller.render.tanjiro_bluepattern",
				"controller.render.tanjiro_yellowpattern",
				"controller.render.tanjiro_orangepattern",
				"controller.render.tanjiro_greenpattern",
				"controller.render.tanjiro_purplepattern",
				"controller.render.tanjiro_dbluepattern",
				"controller.render.tanjiro_pinkpattern",
				"controller.render.urokodaki_whitebase",
				"controller.render.urokodaki_blackbase",
				"controller.render.urokodaki_redbase",
				"controller.render.urokodaki_bluebase",
				"controller.render.urokodaki_yellowbase",
				"controller.render.urokodaki_orangebase",
				"controller.render.urokodaki_greenbase",
				"controller.render.urokodaki_purplebase",
				"controller.render.urokodaki_dbluebase",
				"controller.render.urokodaki_pinkbase",
				"controller.render.urokodaki_whitepattern",
				"controller.render.urokodaki_blackpattern",
				"controller.render.urokodaki_redpattern",
				"controller.render.urokodaki_bluepattern",
				"controller.render.urokodaki_yellowpattern",
				"controller.render.urokodaki_orangepattern",
				"controller.render.urokodaki_greenpattern",
				"controller.render.urokodaki_purplepattern",
				"controller.render.urokodaki_dbluepattern",
				"controller.render.urokodaki_pinkpattern",
				"controller.render.zenitsu_whitebase",
				"controller.render.zenitsu_blackbase",
				"controller.render.zenitsu_redbase",
				"controller.render.zenitsu_bluebase",
				"controller.render.zenitsu_yellowbase",
				"controller.render.zenitsu_orangebase",
				"controller.render.zenitsu_greenbase",
				"controller.render.zenitsu_purplebase",
				"controller.render.zenitsu_dbluebase",
				"controller.render.zenitsu_pinkbase",
				"controller.render.zenitsu_whitepattern",
				"controller.render.zenitsu_blackpattern",
				"controller.render.zenitsu_redpattern",
				"controller.render.zenitsu_bluepattern",
				"controller.render.zenitsu_yellowpattern",
				"controller.render.zenitsu_orangepattern",
				"controller.render.zenitsu_greenpattern",
				"controller.render.zenitsu_purplepattern",
				"controller.render.zenitsu_dbluepattern",
				"controller.render.zenitsu_pinkpattern",
				"controller.render.sanemi_whitebase",
				"controller.render.sanemi_blackbase",
				"controller.render.sanemi_redbase",
				"controller.render.sanemi_bluebase",
				"controller.render.sanemi_yellowbase",
				"controller.render.sanemi_orangebase",
				"controller.render.sanemi_greenbase",
				"controller.render.sanemi_purplebase",
				"controller.render.sanemi_dbluebase",
				"controller.render.sanemi_pinkbase",
				"controller.render.sanemi_whitepattern",
				"controller.render.sanemi_blackpattern",
				"controller.render.sanemi_redpattern",
				"controller.render.sanemi_bluepattern",
				"controller.render.sanemi_yellowpattern",
				"controller.render.sanemi_orangepattern",
				"controller.render.sanemi_greenpattern",
				"controller.render.sanemi_purplepattern",
				"controller.render.sanemi_dbluepattern",
				"controller.render.sanemi_pinkpattern",
				"controller.render.giyuu_whitebase",
				"controller.render.giyuu_blackbase",
				"controller.render.giyuu_redbase",
				"controller.render.giyuu_bluebase",
				"controller.render.giyuu_yellowbase",
				"controller.render.giyuu_orangebase",
				"controller.render.giyuu_greenbase",
				"controller.render.giyuu_purplebase",
				"controller.render.giyuu_dbluebase",
				"controller.render.giyuu_pinkbase",
				"controller.render.giyuu_whitepattern",
				"controller.render.giyuu_blackpattern",
				"controller.render.giyuu_redpattern",
				"controller.render.giyuu_bluepattern",
				"controller.render.giyuu_yellowpattern",
				"controller.render.giyuu_orangepattern",
				"controller.render.giyuu_greenpattern",
				"controller.render.giyuu_purplepattern",
				"controller.render.giyuu_dbluepattern",
				"controller.render.giyuu_pinkpattern",
				"controller.render.uniform_black",
				"controller.render.uniform_red",
				"controller.render.uniform_blue",
				"controller.render.uniform_green",
				"controller.render.uniform_yellow",
				"controller.render.no_haori",
				"controller.render.kimono",
				"controller.render.top",
				"controller.render.bottom",
				{
				"controller.render.hair": "!variable.is_first_person"
				},
				{
				"controller.render.boarhead": "!variable.is_first_person"
				},
				{
				"controller.render.boarhead_eyes": "!variable.is_first_person"
				},
				{
				"controller.render.tusks": "!variable.is_first_person"
				},
				{
				"controller.render.blindfold": "!variable.is_first_person"
				},
				{
				"controller.render.horns": "!variable.is_first_person"
				},
				{
				"controller.render.horn": "!variable.is_first_person"
				},
				
				
				
				{
				"controller.render.skin_color": "!variable.is_first_person"
				}
				
				
				
				
				
				
				
				
				
				
				
				
				
				
				
				
			],
			"enable_attachables": true
		}
	}
}