{
	"format_version": "1.8.0",
	"minecraft:client_entity": {
		"description": {
			"identifier": "ds:sanemi_shinazugawa",
			"materials": {
				"default": "zombie"
			},
			"textures": {
				"skin": "textures/skin/white",
				"uniform": "textures/uniform/green",
				"haoribase": "textures/haori/color/emblem/white",
				"haoripattern": "textures/haori/pattern/emblem/black",
				"eyes": "textures/eyes/black",
				"hair": "textures/hair/sanemi/sanemi_white",
				"blade": "textures/sword/blade/green",
				"bladepattern": "textures/sword/pattern/curl",
				"sheath": "textures/sword/sheath/black",
				"tsuba": "textures/sword/tsuba/sanemitsuba",
				"tsukaend": "textures/sword/tsukaend/silver",
				"tsukain": "textures/sword/tsukain/black",
				"tsukaout": "textures/sword/tsukaout/white"
			},
			
			"particle_effects": {
				"cursedenergy_hands": "ds:cursedenergy_hands"
			},
			"geometry": {
				"skin": "geometry.skin",
				"uniform": "geometry.uniform",
				"haoribase": "geometry.haoribase",
				"haoripattern": "geometry.haoripattern",
				"eyes": "geometry.eyes",
				"hair": "geometry.hair",
				"blade": "geometry.blade",
				"bladepattern": "geometry.bladepattern",
				"sheath": "geometry.sheath",
				"tsuba": "geometry.sanemitsuba",
				"tsukaend": "geometry.tsukaend",
				"tsukain": "geometry.tsukain",
				"tsukaout": "geometry.tsukaout"
			},
			"spawn_egg": {
				"texture": "sanemi_spawn",
				"texture_index": 0
			},
			 "scripts": {
        "pre_animation": [
          "variable.tcos0 = (Math.cos(query.modified_distance_moved * 38.17) * query.modified_move_speed / variable.gliding_speed_value) * 57.3;",
          "variable.tcos1 = -variable.tcos0;",
          "variable.attack_body_rot_y = Math.sin(Math.sqrt(variable.attack_time)) * 11.46;",
          "variable.cos_attack_body_rot_y = Math.cos(variable.attack_body_rot_y);",
          "variable.sin_attack_body_rot_y = Math.sin(variable.attack_body_rot_y);",
          "variable.internal_swim_pos = Math.mod(query.modified_distance_moved, 26.0);",
          "variable.attack = Math.sin((1.0 - (1.0 - variable.attack_time) * (1.0 - variable.attack_time)) * 180.0) * 57.3;",
          "variable.attack2 = Math.sin(variable.attack_time * 180.0) * 57.3;",
          "variable.z_bob = Math.cos(query.life_time * 103.13244) * 2.865 + 2.865;",
          "variable.x_bob = Math.sin(query.life_time * 76.776372) * 2.865;"
        ]
      },
			"animations": {
        "humanoid_big_head": "animation.humanoid.big_head",
        "humanoid_base_pose": "animation.humanoid.base_pose.v1.0",
        "look_at_target_default": "animation.humanoid.look_at_target.default.v1.0",
        "look_at_target_gliding": "animation.humanoid.look_at_target.gliding.v1.0",
        "look_at_target_swimming": "animation.humanoid.look_at_target.swimming.v1.0",
        "move": "animation.humanoid.move.v1.0",
        "riding.arms": "animation.humanoid.riding.arms.v1.0",
        "riding.legs": "animation.humanoid.riding.legs.v1.0",
        "holding": "animation.humanoid.holding.v1.0",
        "brandish_spear": "animation.humanoid.brandish_spear.v1.0",
        "charging": "animation.humanoid.charging.v1.0",
        "attack.rotations": "animation.humanoid.attack.rotations.v1.0",
        "sneaking": "animation.humanoid.sneaking.v1.0",
        "bob": "animation.player.bob",
        "runanim": "animation.thunder.run",
        "overshoulder_idle": "animation.idle.overshoulder",
        "damage_nearby_mobs": "animation.humanoid.damage_nearby_mobs.v1.0",
        "swimming": "animation.humanoid.swimming.v1.0",
        "use_item_progress": "animation.humanoid.use_item_progress.v1.0"
      },
      "animation_controllers": [
        { "sanemi": "controller.animation.sanemi" },
        { "sanemirun": "controller.animation.sanemirun" },
        { "humanoid_baby_big_head": "controller.animation.humanoid.baby_big_head" },
        { "humanoid_base_pose": "controller.animation.humanoid.base_pose" },
        { "look_at_target": "controller.animation.humanoid.look_at_target" },
        { "move": "controller.animation.humanoid.move" },
        { "riding": "controller.animation.humanoid.riding" },
        { "holding": "controller.animation.humanoid.holding" },
        { "brandish_spear": "controller.animation.humanoid.brandish_spear" },
        { "charging": "controller.animation.humanoid.charging" },
        { "attack": "controller.animation.zoom.punch" },
        { "sneaking": "controller.animation.humanoid.sneaking" },
        { "bob": "controller.animation.humanoid.bob" },
        { "damage_nearby_mobs": "controller.animation.humanoid.damage_nearby_mobs" },
        { "swimming": "controller.animation.humanoid.swimming" },
        { "use_item_progress": "controller.animation.humanoid.use_item_progress" }
      ],
			"render_controllers": [
				
				"controller.render.mobskin",
				"controller.render.mobuniform",
				"controller.render.mobhaoribase",
				"controller.render.mobhaoripattern",
				"controller.render.mobeyes",
				"controller.render.mobhair",
				"controller.render.mobsheath",
				"controller.render.mobblade",
				"controller.render.mobtsuba",
				"controller.render.mobtsukaout",
				"controller.render.mobtsukain",
				"controller.render.mobtsukaend",
				"controller.render.mobbladepattern"
			],
			"enable_attachables": true
		}
	}
}