{
	"format_version": "1.10.0",
	"particle_effect": {
		"description": {
			"identifier": "ds:tomioka_lullrainbolt",
			"basic_render_parameters": {
				"material": "particles_blend",
				"texture": "textures/particle/particles"
			}
		},
		"curves": {
			"v.sand_move": {
				"type": "bezier",
				"input": "v.particle_lifetime",
				"horizontal_range": 1,
				"nodes": [0, 1, 1, 0]
			}
		},
		"components": {
			"minecraft:emitter_initialization": {
				"creation_expression": "variable.xplace = math.random(8,-8);variable.zplace = math.random(8,-8);variable.yplace = math.random(5,1);"
			},
			"minecraft:emitter_rate_steady": {
				"spawn_rate": 2000,
				"max_particles": 100000
			},
			"minecraft:emitter_lifetime_once": {
				"active_time": 0.25
			},
			"minecraft:emitter_shape_sphere": {
				"offset": [0, "(math.random(2,-2) + (variable.emitter_age) * -20)", 0],
				"radius": 0.2,
				"direction": ["math.random(10,-10)", 0, "math.random(10,-10)"]
			},
			"minecraft:particle_lifetime_expression": {
				"max_lifetime": 2
			},
			"minecraft:particle_initial_speed": "3 * variable.particle_random_2",
			"minecraft:particle_motion_dynamic": {
				"linear_drag_coefficient": 6
			},
			"minecraft:particle_appearance_billboard": {
				"size": ["0.2 - (variable.particle_age * 0.1)", "0.2 - (variable.particle_age * 0.1)"],
				"facing_camera_mode": "rotate_xyz",
				"uv": {
					"texture_width": 128,
					"texture_height": 128,
					"flipbook": {
						"base_UV": [56, 0],
						"size_UV": [8, 8],
						"step_UV": [-8, 0],
						"frames_per_second": 8,
						"max_frame": 8
					}
				}
			},
			"minecraft:particle_appearance_tinting": {
				"color": {
					"interpolant": "variable.particle_random_2",
					"gradient": {
						"0.0": "#FFA3E9FF",
						"0.21": "#FF44F1FF",
						"0.23": "#FF353535",
						"1.0": "#FF151515"
					}
				}
			}
		}
	}
}