{
	"format_version": "1.10.0",
	"particle_effect": {
		"description": {
			"identifier": "ds:tomioka_foamspin2",
			"basic_render_parameters": {
				"material": "particles_alpha",
				"texture": "textures/particle/customball"
			}
		},
		"curves": {
			"variable.test": {
				"type": "catmull_rom",
				"input": 1,
				"horizontal_range": 1,
				"nodes": [0, 1.12]
			}
		},
		"components": {
			"minecraft:emitter_rate_steady": {
				"spawn_rate": 1000,
				"max_particles": 600000
			},
			"minecraft:emitter_lifetime_once": {
				"active_time": 0.85
			},
			"minecraft:emitter_shape_point": {
				"offset": ["math.cos((variable.particle_random_2 * 90) + variable.emitter_age * 360) * (6.5-variable.particle_random_1 * 0.5)", 0, "math.sin((variable.particle_random_2 * 90) + variable.emitter_age * 360) * (6.5-variable.particle_random_1 * 0.5)"],
				"direction": ["math.random(-1, 1)", 10, "math.random(-1, 1)"]
			},
			"minecraft:particle_lifetime_expression": {
				"max_lifetime": 2
			},
			"minecraft:particle_initial_speed": "8 * variable.particle_random_3",
			"minecraft:particle_motion_dynamic": {
				"linear_drag_coefficient": 8
			},
			"minecraft:particle_appearance_billboard": {
				"size": ["0.2 - (variable.particle_age * 0.1)", "0.2 - (variable.particle_age * 0.1)"],
				"facing_camera_mode": "rotate_xyz",
				"uv": {
					"texture_width": 48,
					"texture_height": 6,
					"flipbook": {
						"base_UV": [0, 0],
						"size_UV": [6, 6],
						"step_UV": [6, 0],
						"frames_per_second": 8,
						"max_frame": 8,
						"stretch_to_lifetime": true
					}
				}
			},
			"minecraft:particle_appearance_tinting": {
				"color": {
					"interpolant": "variable.particle_random_3",
					"gradient": {
						"0.0": "#FF00134E",
						"0.68": "#FF1270A3",
						"1.0": "#FF00C4D4"
					}
				}
			}
		}
	}
}