{
  "format_version": "1.8.0",
  "minecraft:spawn_rules": {
    "description": {
      "identifier": "minecraft:spider",
      "population_control": "monster"
    },
    "conditions": [
      {
        "minecraft:spawns_on_surface": {},
        "minecraft:spawns_underground": {},
        "minecraft:brightness_filter": {
          "min": 0,
          "max": 0,
          "adjust_for_weather": true
        },
        "minecraft:difficulty_filter": {
          "min": "easy",
          "max": "hard"
        },
        "minecraft:weight": {
          "default": 0
        },
        "minecraft:herd": {
          "min_size": 0,
          "max_size": 0
        },
        "minecraft:biome_filter": {
          "test": "has_biome_tag", "operator": "==", "value": "monster"
        }
      },
      {
        "minecraft:spawns_underground": {},
        "minecraft:brightness_filter": {
          "min": 0,
          "max": 0,
          "adjust_for_weather": true
        },
        "minecraft:difficulty_filter": {
          "min": "easy",
          "max": "hard"
        },
        "minecraft:weight": {
          "default": 0
        },
        "minecraft:herd": {
          "min_size": 0,
          "max_size": 0
        },
        "minecraft:biome_filter": {
          "all_of": [
            {"test": "has_biome_tag", "operator": "==", "value": "nether"},
            {"test": "has_biome_tag", "operator": "==", "value": "spawn_endermen"}
          ]
        }
      },
      {
        "minecraft:spawns_underground": {
        },

        "minecraft:difficulty_filter": {
          "min": "easy",
          "max": "hard"
        },

        "minecraft:weight": {
          "default": 0
        },
        
        "minecraft:herd": {
          "min_size": 0,
          "max_size": 0
        },

        "minecraft:biome_filter": {
            "test": "has_biome_tag", "operator": "==", "value": "warped_forest"
        }
      },
      {
        "minecraft:spawns_on_surface": {},
        "minecraft:weight": {
          "default": 0
        },
        "minecraft:herd": {
          "min_size": 0,
          "max_size": 0
        },
        "minecraft:biome_filter": [
          {
            "test": "has_biome_tag", "operator": "==", "value": "the_end"
          }
        ]
      }
    ]
  }
}