{
  "format_version": "1.16.100", 
  "minecraft:block": {
    "description": {
      "identifier": "wesl3y:decay2",
      "menu_category": {
        "group": "wesl3y:decay2",
        "category": "commands",
        "is_hidden_in_commands": true
      }
    },
    "components": {
      "minecraft:material_instances": {
        "*": {
          "texture": "decay",
          "render_method": "alpha_test"
        }
      },
      "minecraft:destructible_by_mining": {
        "seconds_to_destroy": 50.0
      },
      "minecraft:map_color": "#817663",
      "minecraft:on_step_on":{
        "event":"wesl3y:event"
      },
      "minecraft:ticking":{
        "on_tick":{
          "event":"wesl3y:despawn"
        },
        "range":[ 3, 5 ],
        "looping":true
      }
    },
    "events": {
      "wesl3y:despawn": {
        "run_command": {
          "command": [
            "fill ~~~ ~~~ air"
          ]
        }
      }
    }
  }
}