{
  "format_version": "1.19.0",
  "minecraft:entity": {
    "description": {
      "identifier": "wesl3y:gin",
      "is_spawnable": true,
      "is_summonable": true,
      "is_experimental": false,
      "animations": {
        "death": "controller.animation.gin",
        "combo1": "animation.gin.combo1",
        "combo2": "animation.gin.combo2"
      },
      "scripts": {
        "animate": [
          "death"
        ]
      }
    },
    "component_groups": {
      "look_priority":{
        "minecraft:behavior.look_at_player": {
          "priority": 1,
          "look_distance": 8
        }
      },
      "no_alcance": {
        "minecraft:variant": {
          "value": 0
        }
      },
      "fora_do_alcance": {
        "minecraft:variant": {
          "value": 1
        }
      },
      "dboa": {
        "minecraft:mark_variant": {
          "value": 0
        },
        "minecraft:attack": {
          "damage": 3
        },
        "minecraft:behavior.melee_attack": {
          "priority": 1,
          "speed_multiplier": 1.2,
          "track_target": true
        },
        "minecraft:timer": {
          "time": [ 5, 8 ],
          "looping": true,
          "time_down_event": {
            "event": "random_event"
          }
        }
      },
      "combo1": {
        "minecraft:mark_variant": {
          "value": 1
        }
      },
      "combo2": {
        "minecraft:mark_variant": {
          "value": 2
        }
      }
    },

    "components": {
      "minecraft:experience_reward": {
        "on_death": "query.last_hit_by_player ? 1 : 0"
      },
      "minecraft:type_family": {
        "family": [ "gin", "boss", "mob" ]
      },
      "minecraft:breathable": {
        "total_supply": 15,
        "suffocate_time": 0
      },
      "minecraft:nameable": {},
      "minecraft:collision_box": {
        "width": 0.6,
        "height": 1.8
      },
      "minecraft:health": {
        "value": 150,
        "max": 150
      },
      "minecraft:scale": {
        "value": 1.0
      },
      "minecraft:knockback_resistance": {
        "value": 0.5
      },
      "minecraft:movement": {
        "value": 0.3
      },
      "minecraft:flying_speed": {
        "value": 0.3
      },
      "minecraft:loot": {},
      "minecraft:damage_sensor": {
        "triggers": [
          {
            "on_damage": {
              "filters": {
                "all_of": [
                  { "test":"has_damage","value":"fatal" },
                  { "test":"is_family","subject": "other","value":"player" }
                ]
              },
              "event": "wesl3y:kill"
            }
          },
          {
            "on_damage": {
              "filters": {
                "any_of": [{"test":"has_damage","value":"fall"}]
              }
            },
            "deals_damage": false
          },
          {
            "on_damage": {
              "filters": {
                "all_of": [
                  { "test":"has_tag","subject": "other","value":"haki_armament" }
                ]
              }
            },
            "damage_multiplier": 1.125
          },
          {
            "on_damage": {},
            "damage_multiplier": 0.99
          }
        ]
      },
      "minecraft:despawn": {
        "filters": {
          "all_of": [
            {"test": "distance_to_nearest_player", "operator": ">", "value": 80}
          ]
        }
      },
      "minecraft:hurt_on_condition": {
        "damage_conditions": [
          {
            "filters": { "test": "in_lava", "subject": "self", "operator": "==", "value": true },
            "cause": "lava",
            "damage_per_tick": 4
          }
        ]
      },
      "minecraft:behavior.nearest_attackable_target": {
        "priority": 0,
        "must_see": true,
        "reselect_targets": false,
        "entity_types": [
          {
            "filters": {
              "test": "has_tag",
              "subject": "other",
              "value": "in_mission"
            },
            "max_dist": 16
          }
        ]
      },
      "minecraft:target_nearby_sensor": {
        "inside_range": 3.0,
        "outside_range": 4.0,
        "on_inside_range": {
          "event": "no_alcance",
          "target": "self"
        },
        "on_outside_range": {
          "event": "fora_do_alcance",
          "target": "self"
        },
        "on_vision_lost_inside_range": {
          "event": "dboa",
          "target": "self"
        }
      },
      "minecraft:on_target_escape": {
        "event": "dboa",
        "target": "self"
      },
      "minecraft:follow_range": {
        "value": 32,
        "max": 32
      },
      "minecraft:behavior.random_stroll": {
        "priority": 7,
        "speed_multiplier": 1
      },
      "minecraft:navigation.walk": {
        "can_pass_doors":true,
        "can_open_doors": true,
        "can_path_over_water": true
      },
      "minecraft:movement.basic": {},
      "minecraft:jump.static": {},
      "minecraft:can_climb": {},
      "minecraft:behavior.float": {
        "priority": 0
      },
      "minecraft:behavior.hurt_by_target": {
        "priority": 1
      },
      "minecraft:pushable": {
        "is_pushable": true,
        "is_pushable_by_piston": true
      },
      "minecraft:physics": {},
      "minecraft:conditional_bandwidth_optimization": {
      }
    },

    "events": {
      "minecraft:entity_spawned": {
        "add": {
          "component_groups": [
            "dboa",
            "look_priority",
            "no_alcance"
          ]
        },
        "queue_command": {
          "command": [
            "scoreboard players set @s level 15",
            "scoreboard players set @s hakiMaes 7"
          ]
        }
      },
      "no_alcance": {
        "add": {
          "component_groups": [
            "no_alcance"
          ]
        },
        "remove": {
          "component_groups": [
            "fora_do_alcance"
          ]
        }
      },
      "fora_do_alcance": {
        "add": {
          "component_groups": [
            "fora_do_alcance"
          ]
        },
        "remove": {
          "component_groups": [
            "no_alcance"
          ]
        }
      },
      "dboa": {
        "add": {
          "component_groups": [
            "dboa"
          ]
        },
        "remove": {
          "component_groups": [
            "combo1",
            "combo2"
          ]
        }
      },
      "random_event": {
        "sequence": [
          {
            "randomize": [
              {
                "weight": 55,
                "filters": {
                  "all_of": [
                    {"test": "has_tag", "operator": "!=", "value": "empty"},
                    {"test": "has_tag", "operator": "!=", "value": "king_target"},
                    {"test": "has_tag", "operator": "!=", "value": "tp"},
                    {"test": "has_target", "subject": "self", "value": true},
                    {"test": "is_variant", "subject": "self", "value": 1}
                  ]
                },
                "queue_command": {
                  "command": [
                    "effect @s haste 6 1 true",
                    "effect @s speed 2 1 true",
                    "effect @s resistance 4 2 true"
                  ]
                }
              },
              {
                "weight": 45,
                "filters": {
                  "all_of": [
                    {"test": "has_tag", "operator": "!=", "value": "empty"},
                    {"test": "has_tag", "operator": "!=", "value": "king_target"},
                    {"test": "has_tag", "operator": "!=", "value": "tp"},
                    {"test": "has_target", "subject": "self", "value": true}
                  ]
                },
                "add": {
                  "component_groups": [
                    "combo1"
                  ]
                },
                "remove": {
                  "component_groups": [
                    "dboa"
                  ]
                }
              }
            ]
          }
        ]
      },
      "wesl3y:kill": {
        "sequence": [
          {
            "filters": {
              "test": "has_tag",
              "subject": "other",
              "value": "in_mission"
            },
            "queue_command": {
              "command": [
                "scoreboard players set @s[scores={mission=0,mission2=0}] mission2 2",
                "execute at @s[scores={mission=0,mission2=1}] run function mission/finish"
              ],
              "target": "other"
            }
          },
          {
            "randomize": [
              {
                "weight": 10,
                "queue_command": {
                  "command": [
                    "scoreboard players add @p[c=2,r=15] xpCur 45",
                    "tellraw @p[c=2,r=15] {\"rawtext\":[{\"translate\": \"mission.earned\"},{\"text\": \" §e45 Exp§f\"}]}"//30 da vida total
                  ]
                }
              },
              {
                "weight": 15,
                "queue_command": {
                  "command": [
                    "scoreboard players add @p[c=2,r=15] xpCur 52",
                    "tellraw @p[c=2,r=15] {\"rawtext\":[{\"translate\": \"mission.earned\"},{\"text\": \" §e52 Exp§f\"}]}"//35% da vida total
                  ]
                }
              }
            ]
          },
          {
            "randomize": [
              {
                "weight": 10,
                "queue_command": {
                  "command": [
                    "scoreboard players add @p[c=2,r=15,tag=item_fruit] fruitxpCur 97",
                    "tellraw @p[c=2,r=15,tag=item_fruit] {\"rawtext\":[{\"translate\": \"mission.earned\"},{\"text\": \" §e30 Exp §f(Fruit Mastery)\"}]}"//65% da vida total
                  ]
                }
              },
              {
                "weight": 15,
                "queue_command": {
                  "command": [
                    "scoreboard players add @p[c=2,r=15,tag=item_fruit] fruitxpCur 120",
                    "tellraw @p[c=2,r=15,tag=item_fruit] {\"rawtext\":[{\"translate\": \"mission.earned\"},{\"text\": \" §e37 Exp §f(Fruit Mastery)\"}]}"//80% da vida total
                  ]
                }
              }
            ]
          },
          {
            "randomize": [
              {
                "weight": 10,
                "queue_command": {
                  "command": [
                    "scoreboard players add @p[c=2,r=15,tag=item_style] stylexpCur 112",
                    "tellraw @p[c=2,r=15,tag=item_style] {\"rawtext\":[{\"translate\": \"mission.earned\"},{\"text\": \" §e37 Exp §f(Style Mastery)\"}]}"//75% da vida total
                  ]
                }
              },
              {
                "weight": 15,
                "queue_command": {
                  "command": [
                    "scoreboard players add @p[c=2,r=15,tag=item_style] stylexpCur 135",
                    "tellraw @p[c=2,r=15,tag=item_style] {\"rawtext\":[{\"translate\": \"mission.earned\"},{\"text\": \" §e45 Exp §f(Style Mastery)\"}]}"//90% da vida total
                  ]
                }
              }
            ]
          }
        ]
      }
    }
  }
}