{
  "format_version": "1.16.0",
  "minecraft:entity": {
    "description": {
      "identifier": "wesl3y:katakuri",
      "is_spawnable": false,
      "is_summonable": false,
      "is_experimental": false,
      "animations": {
        "death": "controller.animation.katakuri",
        "timer.0_75": "animation.timer.0_75",
        "timer.1_0": "animation.timer.1_0",
        "timer.4_0": "animation.timer.4_0",
        "combo": "animation.katakuri.combo",
        "combo2": "animation.katakuri.combo2",
        "special": "animation.katakuri.special"
      },
      "scripts": {
        "animate": [
          "death"
        ]
      }
    },
    "component_groups": {
      "look_priority":{
        "minecraft:behavior.look_at_player": {
          "priority": 1,
          "look_distance": 8
        }
      },
      "no_alcance": {
        "minecraft:variant": {
          "value": 0
        }
      },
      "fora_do_alcance": {
        "minecraft:variant": {
          "value": 1
        }
      },
      "dboa": {
        "minecraft:mark_variant": {
          "value": 0
        },
        "minecraft:knockback_resistance": {
          "value": 0
        },
        "minecraft:behavior.melee_attack": {
          "priority": 1,
          "speed_multiplier": 1.2,
          "track_target": true
        },
        "minecraft:timer": {
          "time": [ 4, 7 ],
          "looping": true,
          "time_down_event": {
            "event": "random_event"
          }
        }
      },
      "combo": {
        "minecraft:out_of_control": {},
        "minecraft:knockback_resistance": {
          "value": 1
        },
        "minecraft:behavior.melee_attack": {
          "priority": 1,
          "speed_multiplier": 1.8,
          "track_target": true,
          "reach_multiplier": 0.05
        }
      },
      "combo1": {
        "minecraft:mark_variant": {
          "value": 1
        }
      },
      "combo1_2": {
        "minecraft:shooter": {
          "def": "wesl3y:katakuri_attack<yaki>"
        },
        "minecraft:is_stunned": {},
        "minecraft:behavior.ranged_attack": {
          "burst_shots": 1,
          "burst_interval": 5,
          "charge_charged_trigger": 0,
          "charge_shoot_trigger": 0.5,
          "attack_interval_min": 0,
          "attack_interval_max": 0,
          "attack_radius": 25.0
        }
      },
      "combo2": {
        "minecraft:mark_variant": {
          "value": 2
        },
        "minecraft:behavior.melee_attack": {
          "priority": 1,
          "speed_multiplier": 1.2,
          "track_target": true
        }
      },
      "combo3": {
        "minecraft:mark_variant": {
          "value": 3
        },
        "minecraft:behavior.melee_attack": {
          "priority": 1,
          "speed_multiplier": 1.4,
          "track_target": true,
          "reach_multiplier": 1.25
        }
      },
      "special": {
        "minecraft:is_stunned": {},
        "minecraft:mark_variant": {
          "value": 4
        },
        "minecraft:behavior.melee_attack": {
          "priority": 1,
          "speed_multiplier": 0,
          "track_target": true
        }
      }
    },

    "components": {
      "minecraft:experience_reward": {
        "on_death": "query.last_hit_by_player ? 25 : 5"
      },
      "minecraft:type_family": {
        "family": [ "katakuri", "pirate", "mob" ]
      },
      "minecraft:breathable": {
        "total_supply": 15,
        "suffocate_time": 0
      },
      "minecraft:nameable": {
      },
      "minecraft:collision_box": {
        "width": 0.6,
        "height": 1.8
      },
      "minecraft:health": {
        "value": 5000,
        "max": 5000
      },
      "minecraft:attack": {
        "damage": 40
      },
      "minecraft:scale": {
        "value": 1.9
      },
      "minecraft:movement": {
        "value": 0.3
      },
      "minecraft:movement.basic": {
      },
      "minecraft:flying_speed": {
        "value": 0.3
      },
      "minecraft:navigation.walk": {
        "can_path_over_water": true
      },
      "minecraft:jump.static": {
      },
      "minecraft:can_climb": {
      },
      "minecraft:loot": {
        "table": "loot_tables/entities/katakuri.json"
      },
      "minecraft:despawn": {
        "filters": {
          "all_of":[{ "test": "distance_to_nearest_player", "operator": ">", "value": 64 }]
        }
      },
      "minecraft:damage_sensor": {
        "triggers": [
          {
            "on_damage": {
              "filters": {
                "any_of": [
                  {"test":"has_tag", "subject":"other", "operator": "==", "value": "haki_observation"},
                  {"test":"has_tag", "subject":"other", "operator": "==", "value": "haki_king3"}
                ]
              }
            },
            "deals_damage": true,
            "damage_multiplier": 0.95
          },
          {
            "on_damage": {
              "filters": {
                "any_of": [
                  {"test": "random_chance","value": 5}
                ]
              },
              "event": "wesl3y:haki_obs",
              "target": "self"
            },
            "deals_damage":false
          }
        ]
      },
      "minecraft:hurt_on_condition": {
        "damage_conditions": [
          {
            "filters": { "test": "in_lava", "subject": "self", "operator": "==", "value": true },
            "cause": "lava",
            "damage_per_tick": 4
          }
        ]
      },
      "minecraft:follow_range": {
        "value": 20,
        "max": 20
      },
      "minecraft:behavior.nearest_attackable_target": {
        "priority": 0,
        "must_see": true,
        "reselect_targets": false,
        "entity_types": [
          {
            "filters": {
              "test": "is_family",
              "subject": "other",
              "value": "zombie"
            },
            "max_dist": 64
          }
        ]
      },
      "minecraft:behavior.float": {
        "priority": 0
      },
      "minecraft:behavior.hurt_by_target": {
        "priority": 1
      },
      "minecraft:target_nearby_sensor": {
        "inside_range": 6.0,
        "outside_range": 7.0,
        "on_inside_range": {
          "event": "no_alcance",
          "target": "self"
        },
        "on_outside_range": {
          "event": "fora_do_alcance",
          "target": "self"
        },
        "on_vision_lost_inside_range": {
          "event": "dboa",
          "target": "self"
        }
      },
      "minecraft:physics": {},
      "minecraft:pushable": {
        "is_pushable": true,
        "is_pushable_by_piston": true
      },
      "minecraft:conditional_bandwidth_optimization": {
      }
    },

    "events": {
      "minecraft:entity_spawned": {
        "add": {
          "component_groups": [
            "dboa",
            "look_priority",
            "no_alcance"
          ]
        },
        "queue_command": {
          "command": [
            "scoreboard players set @s level 1600",
            "tag @s add haki_armament",
            "replaceitem entity @s slot.weapon.mainhand 0 wesl3y:mogura"
          ]
        }
      },
      "no_alcance": {
        "add": {
          "component_groups": [
            "no_alcance"
          ]
        },
        "remove": {
          "component_groups": [
            "fora_do_alcance"
          ]
        }
      },
      "fora_do_alcance": {
        "add": {
          "component_groups": [
            "fora_do_alcance"
          ]
        },
        "remove": {
          "component_groups": [
            "no_alcance"
          ]
        }
      },
      "dboa": {
        "remove": {
          "component_groups": [
            "combo",
            "combo1",
            "combo1_2",
            "combo2",
            "combo3",
            "special"
          ]
        },
        "add": {
          "component_groups": [
            "dboa"
          ]
        }
      },
      "combo": {
        "add": {
          "component_groups": [
            "combo"
          ]
        },
        "remove": {
          "component_groups": [
            "combo1_2"
          ]
        }
      },
      "combo1_2": {
        "remove": {
          "component_groups": [
            "combo"
          ]
        },
        "add": {
          "component_groups": [
            "combo1_2"
          ]
        }
      },
      "remove_combo": {
        "sequence": [
          {
            "remove": {
              "component_groups": [
                "combo"
              ]
            }
          },
          {
            "filters": {
              "test": "is_mark_variant", "subject": "self", "value": 2
            },
            "add": {
              "component_groups": [
                "combo2"
              ]
            }
          },
          {
            "filters": {
              "test": "is_mark_variant", "subject": "self", "value": 3
            },
            "add": {
              "component_groups": [
                "combo3"
              ]
            }
          }
        ]
      },
      "special": {
        "add": {
          "component_groups": [
            "special"
          ]
        },
        "remove": {
          "component_groups": [
            "dboa"
          ]
        }
      },
      "random_event": {
        "sequence": [
          {
            "randomize": [
              {
                "weight": 25,
                "filters": {
                  "all_of": [
                    {"test": "has_tag", "operator": "!=", "value": "empty"},
                    {"test": "is_riding", "value": false},
                    {"test": "has_target", "subject": "self", "value": true},
                    {"test": "in_water", "subject": "self", "value": false},
                    {"test": "is_variant", "subject": "self", "value": 1}
                  ]
                },
                "add": {
                  "component_groups": [
                    "combo1"
                  ]
                },
                "remove": {
                  "component_groups": [
                    "dboa"
                  ]
                }
              },
              {
                "weight": 25,
                "filters": {
                  "all_of": [
                    {"test": "has_tag", "operator": "!=", "value": "empty"},
                    {"test": "is_riding", "value": false},
                    {"test": "has_target", "subject": "self", "value": true},
                    {"test": "in_water", "subject": "self", "value": false},
                    {"test": "is_variant", "subject": "self", "value": 0}
                  ]
                },
                "add": {
                  "component_groups": [
                    "combo2"
                  ]
                },
                "remove": {
                  "component_groups": [
                    "dboa"
                  ]
                }
              },
              {
                "weight": 20,
                "filters": {
                  "all_of": [
                    {"test": "has_tag", "operator": "!=", "value": "empty"},
                    {"test": "is_riding", "value": false},
                    {"test": "has_target", "subject": "self", "value": true},
                    {"test": "in_water", "subject": "self", "value": false},
                    {"test": "is_variant", "subject": "self", "value": 0}
                  ]
                },
                "add": {
                  "component_groups": [
                    "combo3"
                  ]
                },
                "remove": {
                  "component_groups": [
                    "dboa"
                  ]
                }
              },
              {
                "weight": 15,
                "filters": {
                  "all_of": [
                    {"test": "has_tag", "operator": "!=", "value": "empty"},
                    {"test": "is_riding", "value": false},
                    {"test": "has_target", "subject": "self", "value": true},
                    {"test": "in_water", "subject": "self", "value": false},
                    {"test": "is_variant", "subject": "self", "value": 0}
                  ]
                },
                "add": {
                  "component_groups": [
                    "special"
                  ]
                },
                "remove": {
                  "component_groups": [
                    "dboa"
                  ]
                }
              }
            ]
          }
        ]
      }
    }
  }
}