{
  "format_version": "1.16.0",
  "minecraft:entity": {
    "description": {
      "identifier": "wesl3y:npc",
      "is_spawnable": true,
      "is_summonable": true,
      "is_experimental": false
    },
    "component_groups": {
      "baratie": {
        "minecraft:variant": {
          "value": 0
        },
        "minecraft:timer": {
          "time": [ 40, 55 ],
          "looping": true,
          "time_down_event": {
            "event": "wesl3y:random_baratie"
          }
        }
      },
      "arlong_park": {
        "minecraft:variant": {
          "value": 1
        },
        "minecraft:timer": {
          "time": [ 40, 55 ],
          "looping": true,
          "time_down_event": {
            "event": "wesl3y:random_arlong_park"
          }
        }
      },
      "loguetown": {
        "minecraft:variant": {
          "value": 0
        }
      },
      "wg": {
        "minecraft:variant": {
          "value": 5
        }
      }
    },

    "components": {
      "minecraft:fire_immune": true,
      "minecraft:type_family": {
        "family": [ "inanimate", "npc", "attack" ]
      },
      "minecraft:breathable": {
        "totalSupply": 915,
        "suffocateTime": 0,
        "breathesWater": true
      },
      "minecraft:loot": {
        "table": "loot_tables/empty.json"
      },
      "minecraft:collision_box": {
        "width": 0.6,
        "height": 1.8
      },
      "minecraft:nameable": {
        "always_show": true,
        "allow_name_tag_renaming": false
      },
      "minecraft:health": {
        "value": 20,
        "max": 20
      },
      "minecraft:movement": {
        "value": 0.0
      },
      "minecraft:knockback_resistance": {
        "value": 1.0
      },
      "minecraft:damage_sensor": {
        "triggers": {
          "cause": "all",
          "deals_damage": false
        }
      },
      "minecraft:environment_sensor": {
        "triggers": [
          {
            "filters": { "test": "distance_to_nearest_player", "operator": "<", "value": 24 },
            "event": "wesl3y:command"
          }
        ]
      },
      "minecraft:annotation.open_door": {
      },
      "minecraft:movement.basic": {
      },
      "minecraft:jump.static": {
      },
      "minecraft:can_climb": {
      },
      "minecraft:persistent": {
      },
      "minecraft:behavior.look_at_player": {
        "priority": 6,
        "look_distance": 8
      },
      "minecraft:physics": {}
    },
    "events": {
      "minecraft:entity_spawned": {
        "add": {
          "component_groups": [
            "baratie"
          ]
        },
        "queue_command": {
          "command": [
            "tag @s add baratie"
          ]
        }
      },
      "wesl3y:arlong_park": {
        "add": {
          "component_groups": [
            "arlong_park"
          ]
        },
        "queue_command": {
          "command": [
            "tag @s add arlong_park"
          ]
        }
      },
      "wesl3y:wg": {
        "add": {
          "component_groups": [
            "wg"
          ]
        },
        "queue_command": {
          "command": [
            "tag @s add wg_baratie"
          ]
        }
      },
      "wesl3y:wg2": {
        "add": {
          "component_groups": [
            "wg"
          ]
        },
        "queue_command": {
          "command": [
            "tag @s add wg_arlong"
          ]
        }
      },
      "wesl3y:command": {
        "queue_command": {
          "command": [
            "gamemode adventure @a[r=24,m=survival]"
          ]
        }
      },
      "wesl3y:random_baratie": {
        "randomize": [
          {
            "weight": 40,
            "queue_command": {
              "command": []
            }
          },
          {
            "weight": 15,
            "queue_command": {
              "command": []
            }
          },
          {
            "weight": 15,
            "queue_command": {
              "command": []
            }
          },
          {
            "weight": 20,
            "filters": { "test": "distance_to_nearest_player", "operator": "<", "value": 32 },
            "queue_command": {
              "command": [
                "tp @s ^^^ ~20~",
                "summon wesl3y:spawn ^^3^20 ~~ wesl3y:chest_fruit"
              ]
            }
          },
          {
            "weight": 20,
            "filters": { "test": "distance_to_nearest_player", "operator": "<", "value": 32 },
            "queue_command": {
              "command": [
                "tp @s ^^^ ~-60~",
                "summon wesl3y:spawn ^-3^3^10 ~~ wesl3y:chest_fruit"
              ]
            }
          },
          {
            "weight": 20,
            "filters": { "test": "distance_to_nearest_player", "operator": "<", "value": 32 },
            "queue_command": {
              "command": [
                "tp @s ^^^ ~40~",
                "summon wesl3y:spawn ^-10^3^15 ~~ wesl3y:chest_fruit"
              ]
            }
          }
        ]
      },
      "wesl3y:random_arlong_park": {
        "randomize": [
          {
            "weight": 40,
            "queue_command": {
              "command": []
            }
          },
          {
            "weight": 15,
            "queue_command": {
              "command": []
            }
          },
          {
            "weight": 15,
            "queue_command": {
              "command": []
            }
          },
          {
            "weight": 20,
            "filters": { "test": "distance_to_nearest_player", "operator": "<", "value": 32 },
            "queue_command": {
              "command": [
                "tp @s ^^^ ~20~",
                "summon wesl3y:spawn ^^3^20 ~~ wesl3y:chest_fruit"
              ]
            }
          },
          {
            "weight": 20,
            "filters": { "test": "distance_to_nearest_player", "operator": "<", "value": 32 },
            "queue_command": {
              "command": [
                "tp @s ^^^ ~-60~",
                "summon wesl3y:spawn ^-3^3^10 ~~ wesl3y:chest_fruit"
              ]
            }
          },
          {
            "weight": 20,
            "filters": { "test": "distance_to_nearest_player", "operator": "<", "value": 32 },
            "queue_command": {
              "command": [
                "tp @s ^^^ ~40~",
                "summon wesl3y:spawn ^-10^3^15 ~~ wesl3y:chest_fruit"
              ]
            }
          }
        ]
      }
    }
  }
}