{
	"format_version": "1.10.0",
	"particle_effect": {
		"description": {
			"identifier": "ds:stone_form2slam2",
			"basic_render_parameters": {
				"material": "particles_alpha",
				"texture": "textures/particle/customball"
			}
		},
		"curves": {
			"variable.test": {
				"type": "catmull_rom",
				"input": 1,
				"horizontal_range": 1,
				"nodes": [0, 1.12]
			}
		},
		"components": {
			"minecraft:emitter_initialization": {
				"creation_expression": "variable.radius =1;"
			},
			"minecraft:emitter_rate_steady": {
				"spawn_rate": 4000,
				"max_particles": 600000
			},
			"minecraft:emitter_lifetime_once": {
				"active_time": 0.05
			},
			"minecraft:emitter_shape_disc": {
				"radius": 3,
				"surface_only": true,
				"direction": ["math.random(-2, 2)", 20, "math.random(-2, 2)"]
			},
			"minecraft:particle_lifetime_expression": {
				"max_lifetime": 2
			},
			"minecraft:particle_initial_speed": "variable.particle_random_2 * 18",
			"minecraft:particle_motion_dynamic": {
				"linear_drag_coefficient": "math.random(14,18)"
			},
			"minecraft:particle_appearance_billboard": {
				"size": ["0.2 - (variable.particle_age * 0.1)", "0.2 - (variable.particle_age * 0.1)"],
				"facing_camera_mode": "rotate_xyz",
				"uv": {
					"texture_width": 48,
					"texture_height": 6,
					"flipbook": {
						"base_UV": [0, 0],
						"size_UV": [6, 6],
						"step_UV": [6, 0],
						"frames_per_second": 6,
						"max_frame": 6,
						"stretch_to_lifetime": true
					}
				}
			},
			"minecraft:particle_appearance_tinting": {
				"color": {
					"interpolant": "variable.particle_random_2",
					"gradient": {
						"0.0": "#FF451800",
						"0.5": "#FFA05C2B",
						"1.0": "#FFFAC8A1"
					}
				}
			}
		}
	}
}