{
	"format_version": "1.17.100",
	"minecraft:item": {
		"description": {
			"identifier": "stk:mori",
			"category": "items"
		},
		"components": {
			"minecraft:use_duration": 1,
			"minecraft:use_animation": "eat",
			"minecraft:max_stack_size": 1,
			"minecraft:icon": {
				"texture": "mori"
			},
			"minecraft:display_name": {
				"value": "§aMori Mori no mi \ntype: logia \nrarity: mithic"
			},
			"minecraft:food": {
				"nutrition": 1,
				"can_always_eat": true,
				"saturation_modifier": "poor",
				"on_consume": {
					"event": "7"
				}
			},
			"minecraft:render_offsets": {}
		},
		"events": {
			"7": {
				"run_command": {
					"command": [
						"function mori"
					]
				}
			}
		}
	}
}



































