{
  "format_version": "1.10.0",
  "particle_effect": {
    "description": {
      "identifier": "wesl3y:gomu_pistol",
      "basic_render_parameters": {
        "material": "particles_blend",
        "texture": "textures/particle/particles10"
      }
    },
    "components": {
      "minecraft:emitter_rate_instant": {
        "num_particles": 2
      },
      "minecraft:emitter_lifetime_once": {
        "active_time": 1
      },
      "minecraft:emitter_shape_point": {},
      "minecraft:particle_lifetime_expression": {
        "max_lifetime": 0.35
      },
      "minecraft:particle_initial_spin": {
        "rotation": "math.random(-360, 0)",
        "rotation_rate": "math.random(-360, -180)"
      },
      "minecraft:particle_initial_speed": 0.1,
      "minecraft:particle_motion_dynamic": {},
      "minecraft:particle_appearance_billboard": {
        "size": ["1.0+v.particle_age*4", "1.0+v.particle_age*4"],
        "facing_camera_mode": "lookat_xyz",
        "uv": {
          "texture_width": 64,
          "texture_height": 64,
          "uv": [0, 0],
          "uv_size": [64, 64]
        }
      },
      "minecraft:particle_appearance_tinting": {
        "color": {
          "interpolant": "v.particle_age",
          "gradient": {
            "0.1": "#EDFFFFFF",
            "0.35": "#00FFFFFF"
          }
        }
	  }
    }
  }
}