{
  "format_version": "1.10.0",
  "particle_effect": {
    "description": {
      "identifier": "wesl3y:gomu_gatling",
      "basic_render_parameters": {
        "material": "particles_blend",
        "texture": "textures/particle/particles2"
      }
    },
    "components": {
	  "minecraft:emitter_local_space": {
		"position": false,
		"rotation": false
	  },
      "minecraft:emitter_rate_instant": {
        "num_particles": 4
      },
      "minecraft:emitter_lifetime_once": {},
      "minecraft:emitter_shape_point": {
        "offset": ["Math.random( -2.25, 2.25 )", "math.random(-2.25, 2.25)", -4]
      },
      "minecraft:particle_lifetime_expression": {
        "max_lifetime": "Math.random( 0.25, 0.5 )"
      },
      "minecraft:particle_initial_speed": 0,
      "minecraft:particle_motion_dynamic": {},
      "minecraft:particle_appearance_billboard": {
        "size": [0.9, 0.9],
        "facing_camera_mode": "lookat_xyz",
        "uv": {
          "texture_width": 512,
          "texture_height": 32,
          "flipbook": {
            "base_UV": [0, 0],
            "size_UV": [32, 32],
            "step_UV": [32, 0],
            "frames_per_second": 8,
            "max_frame": 16,
            "stretch_to_lifetime": true,
            "loop": false
          }
        }
      },
      "minecraft:particle_appearance_tinting": {
        "color": {
          "interpolant": "v.particle_age",
          "gradient": {
            "0.2": "#ffffffff",
            "0.5": "#00ffffff"
          }
        }
      }
    }
  }
}