{
  "format_version": "1.16.0",
  "minecraft:client_entity": {
    "description": {
      "identifier": "wesl3y:marine",
      "materials": {
        "default": "entity_alphatest"
      },
      "textures": {
        "default": "textures/one_piece/marine"
      },
      "geometry": {
        "default": "geometry.marine"
      },
      "scripts": {
        "pre_animation": [
          "variable.tcos0 = (Math.cos(query.modified_distance_moved * 38.17) * query.modified_move_speed / variable.gliding_speed_value) * 45.0;"
        ],
        "animate":[
          "look_at_target_controller",
          "move.arms",
          "move.legs",
          "riding_controller",
          "attack",
          "bob_controller",
          "swimming_controller"
        ]
      },
      "animations": {
        "look_at_target_controller": "controller.animation.humanoid.look_at_target",
        "riding_controller": "controller.animation.humanoid.riding",
        "bob_controller": "controller.animation.humanoid.bob",
        "swimming_controller": "controller.animation.zombie.swimming",
        "look_at_target_default": "animation.humanoid.look_at_target.default",
        "look_at_target_gliding": "animation.humanoid.look_at_target.gliding",
        "look_at_target_swimming": "animation.humanoid.look_at_target.swimming",
        "move.arms": "animation.player.move.arms",
        "move.legs": "animation.player.move.legs",
        "riding.arms": "animation.humanoid.riding.arms",
        "riding.legs": "animation.humanoid.riding.legs",
        "attack": "animation.player.attack.rotations",
        "bob": "animation.humanoid.bob",
        "swimming": "animation.zombie.swimming"
      },
      "spawn_egg": {
        "texture": "spawn_egg",
        "texture_index": 57
      },
      "render_controllers": [
        "controller.render.skeleton"
      ],
      "enable_attachables": true
    }
  }
}