{
	"format_version": "1.12.0",
	"minecraft:geometry": [
		{
			"description": {
				"identifier": "geometry.chest_fruit",
				"texture_width": 128,
				"texture_height": 128,
				"visible_bounds_width": 3,
				"visible_bounds_height": 2.5,
				"visible_bounds_offset": [0, 0.75, 0]
			},
			"bones": [
				{
					"name": "block",
					"pivot": [0, -1.5, 1],
					"cubes": [
						{"origin": [-8.5, 2, -5], "size": [17, 7, 10], "uv": [0, 30]},
						{"origin": [-10, 9, -6], "size": [20, 2, 12], "uv": [0, 0]},
						{"origin": [-1.5, 8, -6.5], "size": [3, 4, 1], "uv": [0, 15]},
						{"origin": [-9, 10, -3.5], "size": [2, 5.5, 2], "pivot": [-8, 15.5, -3.5], "rotation": [-25, 0, 0], "uv": [0, 0]},
						{"origin": [-5, 10, -3.5], "size": [2, 5.5, 2], "pivot": [-4, 15.5, -3.5], "rotation": [-25, 0, 0], "uv": [0, 0]},
						{"origin": [-5, 10, 1.5], "size": [2, 5.5, 2], "pivot": [-4, 15.5, 3.5], "rotation": [25, 0, 0], "uv": [0, 0]},
						{"origin": [3, 10, -3.5], "size": [2, 5.5, 2], "pivot": [4, 15.5, -3.5], "rotation": [-25, 0, 0], "uv": [0, 0]},
						{"origin": [3, 10, 1.5], "size": [2, 5.5, 2], "pivot": [4, 15.5, 3.5], "rotation": [25, 0, 0], "uv": [0, 0]},
						{"origin": [7, 10, -3.5], "size": [2, 5.5, 2], "pivot": [8, 15.5, -3.5], "rotation": [-25, 0, 0], "uv": [0, 0]},
						{"origin": [-9, 10, 1.5], "size": [2, 5.5, 2], "pivot": [-8, 15.5, 3.5], "rotation": [25, 0, 0], "uv": [0, 0]},
						{"origin": [7, 10, 1.5], "size": [2, 5.5, 2], "pivot": [8, 15.5, 3.5], "rotation": [25, 0, 0], "uv": [0, 0]},
						{"origin": [-8.5, 10.5, -3.5], "size": [17, 4, 7], "uv": [0, 48]},
						{"origin": [-8.5, 10.5, -3.5], "size": [17, 4, 1], "pivot": [0, 14.5, -3.5], "rotation": [-25, 0, 0], "uv": [42, 48]},
						{"origin": [-8.5, 10.5, 2.5], "size": [17, 4, 1], "pivot": [0, 14.5, 3.5], "rotation": [25, 0, 0], "uv": [42, 48]},
						{"origin": [-5, 11, -1], "size": [2, 7, 2], "inflate": 0.01, "pivot": [-4, 14.5, 0], "rotation": [-90, 0, 0], "uv": [0, 0]},
						{"origin": [3, 11, -1], "size": [2, 7, 2], "inflate": 0.01, "pivot": [4, 14.5, 0], "rotation": [-90, 0, 0], "uv": [0, 0]},
						{"origin": [7, 11, -1], "size": [2, 7, 2], "inflate": 0.01, "pivot": [8, 14.5, 0], "rotation": [-90, 0, 0], "uv": [0, 0]},
						{"origin": [-9, 11, -1], "size": [2, 7, 2], "inflate": 0.01, "pivot": [-8, 14.5, 0], "rotation": [-90, 0, 0], "uv": [0, 0]},
						{"origin": [-10, 0, -6], "size": [20, 2, 12], "uv": [0, 15]},
						{"origin": [-9, 2, -6], "size": [2, 7, 2], "uv": [0, 0]},
						{"origin": [7, 2, -6], "size": [2, 7, 2], "uv": [0, 0]},
						{"origin": [7, 2, 4], "size": [2, 7, 2], "uv": [0, 0]},
						{"origin": [-9, 2, 4], "size": [2, 7, 2], "uv": [0, 0]},
						{"origin": [-5, 2, -6], "size": [2, 7, 2], "uv": [0, 0]},
						{"origin": [3, 2, -6], "size": [2, 7, 2], "uv": [0, 0]},
						{"origin": [3, 2, 4], "size": [2, 7, 2], "uv": [0, 0]},
						{"origin": [-5, 2, 4], "size": [2, 7, 2], "uv": [0, 0]}
					]
				}
			]
		}
	]
}