{
  "format_version": "1.8.0",
  "minecraft:spawn_rules": {
    "description": {
      "identifier": "mello:folha_missao_bandido",
      "population_control": "animal"
    },
    "conditions": [
      {
        "minecraft:spawns_on_surface": {},
        "minecraft:spawns_underground": {},
        "minecraft:brightness_filter": {
          "min": 15,
          "max": 15,
          "adjust_for_weather": false
        },
        "minecraft:weight": {
          "default": 50
        },
        "minecraft:density_limit": {
          "surface": 1
        },
        
        "minecraft:biome_filter": [
          {"test": "has_biome_tag", "operator":"==", "value": "plains"}
        ]
      }
    ]
  }
}