{
  "format_version": "1.10.0",
  "particle_effect": {
    "description": {
      "identifier": "wesl3y:mera_hiken.smash",
      "basic_render_parameters": {
        "material": "particles_add",
        "texture": "textures/particle/particles7"
      }
    },
    "components": {
      "minecraft:emitter_rate_instant": {
        "num_particles": 80
      },
      "minecraft:emitter_lifetime_once": {
        "active_time": 1
      },
      "minecraft:emitter_shape_sphere": {
        "offset": [0, 0, 0],
        "radius": 0.75,
        "surface_only": true,
        "direction": "outwards"
      },
      "minecraft:particle_lifetime_expression": {
        "max_lifetime": "math.random(1.0, 1.25)"
      },
      "minecraft:particle_initial_spin": {
        "rotation": "Math.random(-180, 180)"
      },
      "minecraft:particle_initial_speed": "math.random(7.5, 12.5)",
      "minecraft:particle_motion_dynamic": {
        "linear_drag_coefficient": 2
      },
      "minecraft:particle_appearance_billboard": {
        "size": [0.5, 0.5],
        "facing_camera_mode": "lookat_xyz",
        "uv": {
          "texture_width": 48,
          "texture_height": 8,
          "flipbook": {
            "base_UV": [48, 0],
            "size_UV": [8, 8],
            "step_UV": [-8, 0],
            "frames_per_second": 6,
            "max_frame": 6,
            "stretch_to_lifetime": true
          }
        }
      },
      "minecraft:particle_appearance_tinting": {
        "color": {
          "interpolant": "v.particle_age",
          "gradient": {
			"0.4": "#4DFF0D00",
			"0.8": "#38FF2D00",
			"1.25": "#85FF5A00"
		  }
        }
      }
    }
  }
}