{
  "format_version": "1.10.0",
  "particle_effect": {
    "description": {
      "identifier": "wesl3y:mera_hiken3",
      "basic_render_parameters": {
        "material": "particles_add",
        "texture": "textures/particle/fire"
      }
    },
    "components": {
      "minecraft:emitter_rate_instant": {
        "num_particles": 12
      },
      "minecraft:emitter_lifetime_once": {
        "active_time": 1
      },
      "minecraft:emitter_shape_point": {
      },
      "minecraft:particle_lifetime_expression": {
        "max_lifetime": "math.random(0.75, 1.0)"
      },
      "minecraft:particle_initial_speed": 12.5,
      "minecraft:particle_motion_dynamic": {
        "linear_drag_coefficient": 3
      },
      "minecraft:particle_appearance_billboard": {
        "size": [0.25, 0.25],
        "facing_camera_mode": "lookat_xyz",
        "uv": {
          "texture_width": 16,
          "texture_height": 16,
          "uv": [0, 0],
          "uv_size": [16, 16]
        }
      },
      "minecraft:particle_appearance_tinting": {
        "color": {
          "interpolant": "v.particle_age",
          "gradient": {
            "0.2": "#80ffffff",
            "1.0": "#00ffffff"
          }
        }
      }
    }
  }
}