{
  "format_version": "1.10.0",
  "particle_effect": {
    "description": {
      "identifier": "wesl3y:mera_higan",
      "basic_render_parameters": {
        "material": "particles_add",
        "texture": "textures/blocks/particles7"
      }
    },
    "components": {
      "minecraft:emitter_rate_instant": {
        "num_particles": 10
      },
      "minecraft:emitter_lifetime_once": {
      },
      "minecraft:emitter_shape_point": {
        "offset": ["math.random(-0.1, 0.1)", "math.random(-0.1, 0.1)", "math.random(-0.1, 0.1)"]
      },
      "minecraft:particle_initial_speed": 1,
      "minecraft:particle_motion_dynamic": {
        "linear_drag_coefficient": 0.5
      },
      "minecraft:particle_lifetime_expression": {
        "max_lifetime": 0.4
      },
      "minecraft:particle_appearance_billboard": {
        "size": [ "variable.particle_random_1 * variable.particle_random_2 * 0.1 + 0.1", "variable.particle_random_1 * variable.particle_random_2 * 0.1 + 0.1" ],
        "facing_camera_mode": "lookat_xyz",
        "uv": {
          "texture_width": 48,
          "texture_height": 8,
          "flipbook": {
            "base_UV": [48, 0],
            "size_UV": [8, 8],
            "step_UV": [-8, 0],
            "frames_per_second": 6,
            "max_frame": 6,
            "stretch_to_lifetime": false
          }
        }
      },
      "minecraft:particle_appearance_tinting": {
        "color": {
          "interpolant": "v.particle_age",
          "gradient": {
			"0.1": "#4DFF0D00",
			"0.2": "#38FF2D00",
			"0.4": "#00FF5A00"
		  }
        }
      }
    }
  }
}