{
  "format_version": "1.10.0",
  "particle_effect": {
    "description": {
      "identifier": "wesl3y:mera_dai_enkai",
      "basic_render_parameters": {
        "material": "particles_add",
        "texture": "textures/particle/particles12"
      }
    },
    "components": {
	  "minecraft:emitter_local_space": {
		"position": true,
		"rotation": false
	  },
      "minecraft:emitter_rate_instant": {
        "num_particles": 20
      },
      "minecraft:emitter_lifetime_once": {
        "active_time": 1
      },
      "minecraft:emitter_shape_sphere": {
        "offset": [0, 0.5, 0],
        "radius": 3.5,
        "surface_only": true,
        "direction": "outwards"
      },
      "minecraft:particle_initial_speed": 0.01,
      "minecraft:particle_motion_dynamic": {
        "linear_acceleration": [0, 0, 0]
      },
      "minecraft:particle_lifetime_expression": {
        "max_lifetime": 1.25
      },
	  "minecraft:particle_initial_spin": {
		"rotation_rate": "math.random(-180, 180)"
	  },
      "minecraft:particle_appearance_billboard": {
        "size": ["(variable.particle_random_1 * variable.particle_random_2 * 1 + 1) + (3 * variable.particle_age)", "(variable.particle_random_1 * variable.particle_random_2 * 1 + 1) + (3 * variable.particle_age)"],
		"facing_camera_mode": "lookat_xyz",
        "uv": {
          "texture_width": 32,
          "texture_height": 32,
          "uv": [0, 0],
          "uv_size": [32, 32]
        }
      },
      "minecraft:particle_appearance_tinting": {
        "color": {
          "interpolant": "v.particle_random_2 / v.particle_age",
          "gradient": {
			"0.32": "#FFFF0D00",
			"0.5": "#FFFF2D00",
			"0.75": "#FCFF5A00",
			"1.25": "#00FF5A00"
		  }
        }
      }
    }
  }
}