{
  "format_version": "1.10.0",
  "particle_effect": {
    "description": {
      "identifier": "wesl3y:mera_hibashira3",
      "basic_render_parameters": {
        "material": "particles_add",
        "texture": "textures/particle/particles2"
      }
    },
    "components": {
      "minecraft:emitter_rate_instant": {
        "num_particles": 1
      },
      "minecraft:emitter_lifetime_once": {
        "active_time": 1
      },
      "minecraft:emitter_shape_point": {},
      "minecraft:particle_lifetime_expression": {
        "max_lifetime": "Math.random( 0.75, 1.25 )"
      },
      "minecraft:particle_initial_spin": {
        "rotation_rate": "math.random(-180, 180)"
      },
      "minecraft:particle_initial_speed": 0.1,
      "minecraft:particle_motion_dynamic": {
        "linear_acceleration": [0, 40, 0],
        "linear_drag_coefficient": 0.75
      },
      "minecraft:particle_appearance_billboard": {
        "size": ["variable.particle_random_1 * variable.particle_random_2 * 7.0 + 5.0", "variable.particle_random_1 * variable.particle_random_2 * 7.0 + 5.0"],
        "facing_camera_mode": "direction_z",
        "direction": {
          "mode": "custom",
          "custom_direction": [0, -1, 0]
        },
        "uv": {
          "texture_width": 320,
          "texture_height": 32,
          "flipbook": {
            "base_UV": [0, 0],
            "size_UV": [32, 32],
            "step_UV": [32, 0],
            "frames_per_second": 10,
            "max_frame": 10,
            "stretch_to_lifetime": false
          }
        }
      },
      "minecraft:particle_appearance_tinting": {
        "color": {
          "interpolant": "v.particle_age / variable.particle_random_1 / variable.particle_random_2",
          "gradient": {
            "0.4": "#4DFF0D00",
            "0.8": "#38FF2D00",
            "1.25": "#85FF5A00"
          }
        }
      }
    }
  }
}