{
  "format_version": "1.10.0",
  "particle_effect": {
    "description": {
      "identifier": "wesl3y:mera_hibashira4",
      "basic_render_parameters": {
        "material": "particles_add",
        "texture": "textures/particle/particles7"
      }
    },
    "components": {
      "minecraft:emitter_rate_instant": {
        "num_particles": 25
      },
      "minecraft:emitter_lifetime_once": {
        "active_time": 1
      },
      "minecraft:emitter_shape_point": {
        "offset": ["Math.random(-0.35, 0.35)", "Math.random(0, 10)", "Math.random(-0.35, 0.35)"]
      },
      "minecraft:particle_lifetime_expression": {
        "max_lifetime": "math.random(0.75, 1.0)"
      },
      "minecraft:particle_initial_spin": {
        "rotation_rate": "math.random(-180, 180)"
      },
      "minecraft:particle_initial_speed": 15,
      "minecraft:particle_motion_dynamic": {
        "linear_drag_coefficient": 1
      },
      "minecraft:particle_appearance_billboard": {
        "size": [0.35, 0.35],
        "facing_camera_mode": "lookat_xyz",
        "uv": {
          "texture_width": 48,
          "texture_height": 8,
          "flipbook": {
            "base_UV": [48, 0],
            "size_UV": [8, 8],
            "step_UV": [-8, 0],
            "frames_per_second": 6,
            "max_frame": 6,
            "stretch_to_lifetime": true
          }
        }
      },
      "minecraft:particle_appearance_tinting": {
        "color": {
          "interpolant": "v.particle_age",
          "gradient": {
			"0.3": "#4DFF0D00",
			"0.6": "#38FF2D00",
			"1.0": "#00FF5A00"
		  }
        }
      }
    }
  }
}