{
  "namespace": "energy",
  "energy_panel": {
    "type": "panel",
    "$textura": "textures/ui/ydekuh/energy",
    "$ancora1": "bottom_middle",
    "$ancora2": "bottom_middle",
    "$layer": 10,
    "$deslocamento": [
      -200,
      -210
    ],
    "$tamanho": [
      95,
      13
    ],
    "$direçao": "left",
    "controls": [
      {
        "bar0@energy.bar0": {}
      },
      {
        "bar1@energy.bar1": {}
      },
      {
        "bar2@energy.bar2": {}
      },
      {
        "bar3@energy.bar3": {}
      },
      {
        "bar4@energy.bar4": {}
      },
      {
        "bar5@energy.bar5": {}
      },
      {
        "bar6@energy.bar6": {}
      },
      {
        "bar7@energy.bar7": {}
      },
      {
        "bar8@energy.bar8": {}
      },
      {
        "bar9@energy.bar9": {}
      },
      {
        "bar10@energy.bar10": {}
      },
      {
        "bar11@energy.bar11": {}
      },
      {
        "bar12@energy.bar12": {}
      },
      {
        "bar13@energy.bar13": {}
      },
      {
        "bar14@energy.bar14": {}
      },
      {
        "bar15@energy.bar15": {}
      },
      {
        "bar16@energy.bar16": {}
      },
      {
        "bar17@energy.bar17": {}
      },
      {
        "bar18@energy.bar18": {}
      },
      {
        "bar19@energy.bar19": {}
      },
      {
        "bar20@energy.bar20": {}
      },
      {
        "bar21@energy.bar21": {}
      },
      {
        "bar22@energy.bar22": {}
      },
      {
        "bar23@energy.bar23": {}
      },
      {
        "bar24@energy.bar24": {}
      },
      {
        "bar25@energy.bar25": {}
      },
      {
        "bar26@energy.bar26": {}
      },
      {
        "bar27@energy.bar27": {}
      },
      {
        "bar28@energy.bar28": {}
      },
      {
        "bar29@energy.bar29": {}
      },
      {
        "bar30@energy.bar30": {}
      },
      {
        "bar31@energy.bar31": {}
      },
      {
        "bar32@energy.bar32": {}
      },
      {
        "bar33@energy.bar33": {}
      },
      {
        "bar34@energy.bar34": {}
      },
      {
        "bar35@energy.bar35": {}
      },
      {
        "bar36@energy.bar36": {}
      },
      {
        "bar37@energy.bar37": {}
      },
      {
        "bar38@energy.bar38": {}
      },
      {
        "bar39@energy.bar39": {}
      },
      {
        "bar40@energy.bar40": {}
      },
      {
        "bar41@energy.bar41": {}
      },
      {
        "bar42@energy.bar42": {}
      },
      {
        "bar43@energy.bar43": {}
      },
      {
        "bar44@energy.bar44": {}
      },
      {
        "bar45@energy.bar45": {}
      },
      {
        "bar46@energy.bar46": {}
      },
      {
        "bar47@energy.bar47": {}
      },
      {
        "bar48@energy.bar48": {}
      },
      {
        "bar49@energy.bar49": {}
      },
      {
        "bar50@energy.bar50": {}
      },
      {
        "bar51@energy.bar51": {}
      },
      {
        "bar52@energy.bar52": {}
      },
      {
        "bar53@energy.bar53": {}
      },
      {
        "bar54@energy.bar54": {}
      },
      {
        "bar55@energy.bar55": {}
      },
      {
        "bar56@energy.bar56": {}
      },
      {
        "bar57@energy.bar57": {}
      },
      {
        "bar58@energy.bar58": {}
      },
      {
        "bar59@energy.bar59": {}
      },
      {
        "bar60@energy.bar60": {}
      },
      {
        "bar61@energy.bar61": {}
      },
      {
        "bar62@energy.bar62": {}
      },
      {
        "bar63@energy.bar63": {}
      },
      {
        "bar64@energy.bar64": {}
      },
      {
        "bar65@energy.bar65": {}
      },
      {
        "bar66@energy.bar66": {}
      },
      {
        "bar67@energy.bar67": {}
      },
      {
        "bar68@energy.bar68": {}
      },
      {
        "bar69@energy.bar69": {}
      },
      {
        "bar70@energy.bar70": {}
      },
      {
        "bar71@energy.bar71": {}
      },
      {
        "bar72@energy.bar72": {}
      },
      {
        "bar73@energy.bar73": {}
      },
      {
        "bar74@energy.bar74": {}
      },
      {
        "bar75@energy.bar75": {}
      },
      {
        "bar76@energy.bar76": {}
      },
      {
        "bar77@energy.bar77": {}
      },
      {
        "bar78@energy.bar78": {}
      },
      {
        "bar79@energy.bar79": {}
      },
      {
        "bar80@energy.bar80": {}
      },
      {
        "bar81@energy.bar81": {}
      },
      {
        "bar82@energy.bar82": {}
      },
      {
        "bar83@energy.bar83": {}
      },
      {
        "bar84@energy.bar84": {}
      },
      {
        "bar85@energy.bar85": {}
      },
      {
        "bar86@energy.bar86": {}
      },
      {
        "bar87@energy.bar87": {}
      },
      {
        "bar88@energy.bar88": {}
      },
      {
        "bar89@energy.bar89": {}
      },
      {
        "bar90@energy.bar90": {}
      },
      {
        "bar91@energy.bar91": {}
      },
      {
        "bar92@energy.bar92": {}
      },
      {
        "bar93@energy.bar93": {}
      },
      {
        "bar94@energy.bar94": {}
      },
      {
        "bar95@energy.bar95": {}
      },
      {
        "bar96@energy.bar96": {}
      },
      {
        "bar97@energy.bar97": {}
      },
      {
        "bar98@energy.bar98": {}
      },
      {
        "bar99@energy.bar99": {}
      },
      {
        "bar100@energy.bar100": {}
      }
    ]
  },
  "bar100": {
    "type": "image",
    "texture": "$textura",
    "anchor_from": "$ancora1",
    "anchor_to": "$ancora2",
    "layer": "$layer",
    "size": "$tamanho",
    "$value": "[energy_100]",
    "$cortar": 0,
    "clip_ratio": "$cortar",
    "clip_direction": "$direçao",
    "offset": "$deslocamento",
    "bindings": [
      {
        "binding_name": "#hud_title_text_string"
      },
      {
        "binding_type": "view",
        "source_property_name": "(not((#hud_title_text_string - $value) = #hud_title_text_string))",
        "target_property_name": "#visible"
      }
    ]
  },
  "bar99": {
    "type": "image",
    "texture": "$textura",
    "anchor_from": "$ancora1",
    "anchor_to": "$ancora2",
    "layer": "$layer",
    "size": "$tamanho",
    "$value": "[energy_99]",
    "$cortar": 0.01,
    "clip_ratio": "$cortar",
    "clip_direction": "$direçao",
    "offset": "$deslocamento",
    "bindings": [
      {
        "binding_name": "#hud_title_text_string"
      },
      {
        "binding_type": "view",
        "source_property_name": "(not((#hud_title_text_string - $value) = #hud_title_text_string))",
        "target_property_name": "#visible"
      }
    ]
  },
  "bar98": {
    "type": "image",
    "texture": "$textura",
    "anchor_from": "$ancora1",
    "anchor_to": "$ancora2",
    "layer": "$layer",
    "size": "$tamanho",
    "$value": "[energy_98]",
    "$cortar": 0.02,
    "clip_ratio": "$cortar",
    "clip_direction": "$direçao",
    "offset": "$deslocamento",
    "bindings": [
      {
        "binding_name": "#hud_title_text_string"
      },
      {
        "binding_type": "view",
        "source_property_name": "(not((#hud_title_text_string - $value) = #hud_title_text_string))",
        "target_property_name": "#visible"
      }
    ]
  },
  "bar97": {
    "type": "image",
    "texture": "$textura",
    "anchor_from": "$ancora1",
    "anchor_to": "$ancora2",
    "layer": "$layer",
    "size": "$tamanho",
    "$value": "[energy_97]",
    "$cortar": 0.03,
    "clip_ratio": "$cortar",
    "clip_direction": "$direçao",
    "offset": "$deslocamento",
    "bindings": [
      {
        "binding_name": "#hud_title_text_string"
      },
      {
        "binding_type": "view",
        "source_property_name": "(not((#hud_title_text_string - $value) = #hud_title_text_string))",
        "target_property_name": "#visible"
      }
    ]
  },
  "bar96": {
    "type": "image",
    "texture": "$textura",
    "anchor_from": "$ancora1",
    "anchor_to": "$ancora2",
    "layer": "$layer",
    "size": "$tamanho",
    "$value": "[energy_96]",
    "$cortar": 0.04,
    "clip_ratio": "$cortar",
    "clip_direction": "$direçao",
    "offset": "$deslocamento",
    "bindings": [
      {
        "binding_name": "#hud_title_text_string"
      },
      {
        "binding_type": "view",
        "source_property_name": "(not((#hud_title_text_string - $value) = #hud_title_text_string))",
        "target_property_name": "#visible"
      }
    ]
  },
  "bar95": {
    "type": "image",
    "texture": "$textura",
    "anchor_from": "$ancora1",
    "anchor_to": "$ancora2",
    "layer": "$layer",
    "size": "$tamanho",
    "$value": "[energy_95]",
    "$cortar": 0.05,
    "clip_ratio": "$cortar",
    "clip_direction": "$direçao",
    "offset": "$deslocamento",
    "bindings": [
      {
        "binding_name": "#hud_title_text_string"
      },
      {
        "binding_type": "view",
        "source_property_name": "(not((#hud_title_text_string - $value) = #hud_title_text_string))",
        "target_property_name": "#visible"
      }
    ]
  },
  "bar94": {
    "type": "image",
    "texture": "$textura",
    "anchor_from": "$ancora1",
    "anchor_to": "$ancora2",
    "layer": "$layer",
    "size": "$tamanho",
    "$value": "[energy_94]",
    "$cortar": 0.06,
    "clip_ratio": "$cortar",
    "clip_direction": "$direçao",
    "offset": "$deslocamento",
    "bindings": [
      {
        "binding_name": "#hud_title_text_string"
      },
      {
        "binding_type": "view",
        "source_property_name": "(not((#hud_title_text_string - $value) = #hud_title_text_string))",
        "target_property_name": "#visible"
      }
    ]
  },
  "bar93": {
    "type": "image",
    "texture": "$textura",
    "anchor_from": "$ancora1",
    "anchor_to": "$ancora2",
    "layer": "$layer",
    "size": "$tamanho",
    "$value": "[energy_93]",
    "$cortar": 0.07,
    "clip_ratio": "$cortar",
    "clip_direction": "$direçao",
    "offset": "$deslocamento",
    "bindings": [
      {
        "binding_name": "#hud_title_text_string"
      },
      {
        "binding_type": "view",
        "source_property_name": "(not((#hud_title_text_string - $value) = #hud_title_text_string))",
        "target_property_name": "#visible"
      }
    ]
  },
  "bar92": {
    "type": "image",
    "texture": "$textura",
    "anchor_from": "$ancora1",
    "anchor_to": "$ancora2",
    "layer": "$layer",
    "size": "$tamanho",
    "$value": "[energy_92]",
    "$cortar": 0.08,
    "clip_ratio": "$cortar",
    "clip_direction": "$direçao",
    "offset": "$deslocamento",
    "bindings": [
      {
        "binding_name": "#hud_title_text_string"
      },
      {
        "binding_type": "view",
        "source_property_name": "(not((#hud_title_text_string - $value) = #hud_title_text_string))",
        "target_property_name": "#visible"
      }
    ]
  },
  "bar91": {
    "type": "image",
    "texture": "$textura",
    "anchor_from": "$ancora1",
    "anchor_to": "$ancora2",
    "layer": "$layer",
    "size": "$tamanho",
    "$value": "[energy_91]",
    "$cortar": 0.09,
    "clip_ratio": "$cortar",
    "clip_direction": "$direçao",
    "offset": "$deslocamento",
    "bindings": [
      {
        "binding_name": "#hud_title_text_string"
      },
      {
        "binding_type": "view",
        "source_property_name": "(not((#hud_title_text_string - $value) = #hud_title_text_string))",
        "target_property_name": "#visible"
      }
    ]
  },
  "bar90": {
    "type": "image",
    "texture": "$textura",
    "anchor_from": "$ancora1",
    "anchor_to": "$ancora2",
    "layer": "$layer",
    "size": "$tamanho",
    "$value": "[energy_90]",
    "$cortar": 0.1,
    "clip_ratio": "$cortar",
    "clip_direction": "$direçao",
    "offset": "$deslocamento",
    "bindings": [
      {
        "binding_name": "#hud_title_text_string"
      },
      {
        "binding_type": "view",
        "source_property_name": "(not((#hud_title_text_string - $value) = #hud_title_text_string))",
        "target_property_name": "#visible"
      }
    ]
  },
  "bar89": {
    "type": "image",
    "texture": "$textura",
    "anchor_from": "$ancora1",
    "anchor_to": "$ancora2",
    "layer": "$layer",
    "size": "$tamanho",
    "$value": "[energy_89]",
    "$cortar": 0.11,
    "clip_ratio": "$cortar",
    "clip_direction": "$direçao",
    "offset": "$deslocamento",
    "bindings": [
      {
        "binding_name": "#hud_title_text_string"
      },
      {
        "binding_type": "view",
        "source_property_name": "(not((#hud_title_text_string - $value) = #hud_title_text_string))",
        "target_property_name": "#visible"
      }
    ]
  },
  "bar88": {
    "type": "image",
    "texture": "$textura",
    "anchor_from": "$ancora1",
    "anchor_to": "$ancora2",
    "layer": "$layer",
    "size": "$tamanho",
    "$value": "[energy_88]",
    "$cortar": 0.12,
    "clip_ratio": "$cortar",
    "clip_direction": "$direçao",
    "offset": "$deslocamento",
    "bindings": [
      {
        "binding_name": "#hud_title_text_string"
      },
      {
        "binding_type": "view",
        "source_property_name": "(not((#hud_title_text_string - $value) = #hud_title_text_string))",
        "target_property_name": "#visible"
      }
    ]
  },
  "bar87": {
    "type": "image",
    "texture": "$textura",
    "anchor_from": "$ancora1",
    "anchor_to": "$ancora2",
    "layer": "$layer",
    "size": "$tamanho",
    "$value": "[energy_87]",
    "$cortar": 0.13,
    "clip_ratio": "$cortar",
    "clip_direction": "$direçao",
    "offset": "$deslocamento",
    "bindings": [
      {
        "binding_name": "#hud_title_text_string"
      },
      {
        "binding_type": "view",
        "source_property_name": "(not((#hud_title_text_string - $value) = #hud_title_text_string))",
        "target_property_name": "#visible"
      }
    ]
  },
  "bar86": {
    "type": "image",
    "texture": "$textura",
    "anchor_from": "$ancora1",
    "anchor_to": "$ancora2",
    "layer": "$layer",
    "size": "$tamanho",
    "$value": "[energy_86]",
    "$cortar": 0.14,
    "clip_ratio": "$cortar",
    "clip_direction": "$direçao",
    "offset": "$deslocamento",
    "bindings": [
      {
        "binding_name": "#hud_title_text_string"
      },
      {
        "binding_type": "view",
        "source_property_name": "(not((#hud_title_text_string - $value) = #hud_title_text_string))",
        "target_property_name": "#visible"
      }
    ]
  },
  "bar85": {
    "type": "image",
    "texture": "$textura",
    "anchor_from": "$ancora1",
    "anchor_to": "$ancora2",
    "layer": "$layer",
    "size": "$tamanho",
    "$value": "[energy_85]",
    "$cortar": 0.15,
    "clip_ratio": "$cortar",
    "clip_direction": "$direçao",
    "offset": "$deslocamento",
    "bindings": [
      {
        "binding_name": "#hud_title_text_string"
      },
      {
        "binding_type": "view",
        "source_property_name": "(not((#hud_title_text_string - $value) = #hud_title_text_string))",
        "target_property_name": "#visible"
      }
    ]
  },
  "bar84": {
    "type": "image",
    "texture": "$textura",
    "anchor_from": "$ancora1",
    "anchor_to": "$ancora2",
    "layer": "$layer",
    "size": "$tamanho",
    "$value": "[energy_84]",
    "$cortar": 0.16,
    "clip_ratio": "$cortar",
    "clip_direction": "$direçao",
    "offset": "$deslocamento",
    "bindings": [
      {
        "binding_name": "#hud_title_text_string"
      },
      {
        "binding_type": "view",
        "source_property_name": "(not((#hud_title_text_string - $value) = #hud_title_text_string))",
        "target_property_name": "#visible"
      }
    ]
  },
  "bar83": {
    "type": "image",
    "texture": "$textura",
    "anchor_from": "$ancora1",
    "anchor_to": "$ancora2",
    "layer": "$layer",
    "size": "$tamanho",
    "$value": "[energy_83]",
    "$cortar": 0.17,
    "clip_ratio": "$cortar",
    "clip_direction": "$direçao",
    "offset": "$deslocamento",
    "bindings": [
      {
        "binding_name": "#hud_title_text_string"
      },
      {
        "binding_type": "view",
        "source_property_name": "(not((#hud_title_text_string - $value) = #hud_title_text_string))",
        "target_property_name": "#visible"
      }
    ]
  },
  "bar82": {
    "type": "image",
    "texture": "$textura",
    "anchor_from": "$ancora1",
    "anchor_to": "$ancora2",
    "layer": "$layer",
    "size": "$tamanho",
    "$value": "[energy_82]",
    "$cortar": 0.18,
    "clip_ratio": "$cortar",
    "clip_direction": "$direçao",
    "offset": "$deslocamento",
    "bindings": [
      {
        "binding_name": "#hud_title_text_string"
      },
      {
        "binding_type": "view",
        "source_property_name": "(not((#hud_title_text_string - $value) = #hud_title_text_string))",
        "target_property_name": "#visible"
      }
    ]
  },
  "bar81": {
    "type": "image",
    "texture": "$textura",
    "anchor_from": "$ancora1",
    "anchor_to": "$ancora2",
    "layer": "$layer",
    "size": "$tamanho",
    "$value": "[energy_81]",
    "$cortar": 0.19,
    "clip_ratio": "$cortar",
    "clip_direction": "$direçao",
    "offset": "$deslocamento",
    "bindings": [
      {
        "binding_name": "#hud_title_text_string"
      },
      {
        "binding_type": "view",
        "source_property_name": "(not((#hud_title_text_string - $value) = #hud_title_text_string))",
        "target_property_name": "#visible"
      }
    ]
  },
  "bar80": {
    "type": "image",
    "texture": "$textura",
    "anchor_from": "$ancora1",
    "anchor_to": "$ancora2",
    "layer": "$layer",
    "size": "$tamanho",
    "$value": "[energy_80]",
    "$cortar": 0.2,
    "clip_ratio": "$cortar",
    "clip_direction": "$direçao",
    "offset": "$deslocamento",
    "bindings": [
      {
        "binding_name": "#hud_title_text_string"
      },
      {
        "binding_type": "view",
        "source_property_name": "(not((#hud_title_text_string - $value) = #hud_title_text_string))",
        "target_property_name": "#visible"
      }
    ]
  },
  "bar79": {
    "type": "image",
    "texture": "$textura",
    "anchor_from": "$ancora1",
    "anchor_to": "$ancora2",
    "layer": "$layer",
    "size": "$tamanho",
    "$value": "[energy_79]",
    "$cortar": 0.21,
    "clip_ratio": "$cortar",
    "clip_direction": "$direçao",
    "offset": "$deslocamento",
    "bindings": [
      {
        "binding_name": "#hud_title_text_string"
      },
      {
        "binding_type": "view",
        "source_property_name": "(not((#hud_title_text_string - $value) = #hud_title_text_string))",
        "target_property_name": "#visible"
      }
    ]
  },
  "bar78": {
    "type": "image",
    "texture": "$textura",
    "anchor_from": "$ancora1",
    "anchor_to": "$ancora2",
    "layer": "$layer",
    "size": "$tamanho",
    "$value": "[energy_78]",
    "$cortar": 0.22,
    "clip_ratio": "$cortar",
    "clip_direction": "$direçao",
    "offset": "$deslocamento",
    "bindings": [
      {
        "binding_name": "#hud_title_text_string"
      },
      {
        "binding_type": "view",
        "source_property_name": "(not((#hud_title_text_string - $value) = #hud_title_text_string))",
        "target_property_name": "#visible"
      }
    ]
  },
  "bar77": {
    "type": "image",
    "texture": "$textura",
    "anchor_from": "$ancora1",
    "anchor_to": "$ancora2",
    "layer": "$layer",
    "size": "$tamanho",
    "$value": "[energy_77]",
    "$cortar": 0.23,
    "clip_ratio": "$cortar",
    "clip_direction": "$direçao",
    "offset": "$deslocamento",
    "bindings": [
      {
        "binding_name": "#hud_title_text_string"
      },
      {
        "binding_type": "view",
        "source_property_name": "(not((#hud_title_text_string - $value) = #hud_title_text_string))",
        "target_property_name": "#visible"
      }
    ]
  },
  "bar76": {
    "type": "image",
    "texture": "$textura",
    "anchor_from": "$ancora1",
    "anchor_to": "$ancora2",
    "layer": "$layer",
    "size": "$tamanho",
    "$value": "[energy_76]",
    "$cortar": 0.24,
    "clip_ratio": "$cortar",
    "clip_direction": "$direçao",
    "offset": "$deslocamento",
    "bindings": [
      {
        "binding_name": "#hud_title_text_string"
      },
      {
        "binding_type": "view",
        "source_property_name": "(not((#hud_title_text_string - $value) = #hud_title_text_string))",
        "target_property_name": "#visible"
      }
    ]
  },
  "bar75": {
    "type": "image",
    "texture": "$textura",
    "anchor_from": "$ancora1",
    "anchor_to": "$ancora2",
    "layer": "$layer",
    "size": "$tamanho",
    "$value": "[energy_75]",
    "$cortar": 0.25,
    "clip_ratio": "$cortar",
    "clip_direction": "$direçao",
    "offset": "$deslocamento",
    "bindings": [
      {
        "binding_name": "#hud_title_text_string"
      },
      {
        "binding_type": "view",
        "source_property_name": "(not((#hud_title_text_string - $value) = #hud_title_text_string))",
        "target_property_name": "#visible"
      }
    ]
  },
  "bar74": {
    "type": "image",
    "texture": "$textura",
    "anchor_from": "$ancora1",
    "anchor_to": "$ancora2",
    "layer": "$layer",
    "size": "$tamanho",
    "$value": "[energy_74]",
    "$cortar": 0.26,
    "clip_ratio": "$cortar",
    "clip_direction": "$direçao",
    "offset": "$deslocamento",
    "bindings": [
      {
        "binding_name": "#hud_title_text_string"
      },
      {
        "binding_type": "view",
        "source_property_name": "(not((#hud_title_text_string - $value) = #hud_title_text_string))",
        "target_property_name": "#visible"
      }
    ]
  },
  "bar73": {
    "type": "image",
    "texture": "$textura",
    "anchor_from": "$ancora1",
    "anchor_to": "$ancora2",
    "layer": "$layer",
    "size": "$tamanho",
    "$value": "[energy_73]",
    "$cortar": 0.27,
    "clip_ratio": "$cortar",
    "clip_direction": "$direçao",
    "offset": "$deslocamento",
    "bindings": [
      {
        "binding_name": "#hud_title_text_string"
      },
      {
        "binding_type": "view",
        "source_property_name": "(not((#hud_title_text_string - $value) = #hud_title_text_string))",
        "target_property_name": "#visible"
      }
    ]
  },
  "bar72": {
    "type": "image",
    "texture": "$textura",
    "anchor_from": "$ancora1",
    "anchor_to": "$ancora2",
    "layer": "$layer",
    "size": "$tamanho",
    "$value": "[energy_72]",
    "$cortar": 0.28,
    "clip_ratio": "$cortar",
    "clip_direction": "$direçao",
    "offset": "$deslocamento",
    "bindings": [
      {
        "binding_name": "#hud_title_text_string"
      },
      {
        "binding_type": "view",
        "source_property_name": "(not((#hud_title_text_string - $value) = #hud_title_text_string))",
        "target_property_name": "#visible"
      }
    ]
  },
  "bar71": {
    "type": "image",
    "texture": "$textura",
    "anchor_from": "$ancora1",
    "anchor_to": "$ancora2",
    "layer": "$layer",
    "size": "$tamanho",
    "$value": "[energy_71]",
    "$cortar": 0.29,
    "clip_ratio": "$cortar",
    "clip_direction": "$direçao",
    "offset": "$deslocamento",
    "bindings": [
      {
        "binding_name": "#hud_title_text_string"
      },
      {
        "binding_type": "view",
        "source_property_name": "(not((#hud_title_text_string - $value) = #hud_title_text_string))",
        "target_property_name": "#visible"
      }
    ]
  },
  "bar70": {
    "type": "image",
    "texture": "$textura",
    "anchor_from": "$ancora1",
    "anchor_to": "$ancora2",
    "layer": "$layer",
    "size": "$tamanho",
    "$value": "[energy_70]",
    "$cortar": 0.3,
    "clip_ratio": "$cortar",
    "clip_direction": "$direçao",
    "offset": "$deslocamento",
    "bindings": [
      {
        "binding_name": "#hud_title_text_string"
      },
      {
        "binding_type": "view",
        "source_property_name": "(not((#hud_title_text_string - $value) = #hud_title_text_string))",
        "target_property_name": "#visible"
      }
    ]
  },
  "bar69": {
    "type": "image",
    "texture": "$textura",
    "anchor_from": "$ancora1",
    "anchor_to": "$ancora2",
    "layer": "$layer",
    "size": "$tamanho",
    "$value": "[energy_69]",
    "$cortar": 0.31,
    "clip_ratio": "$cortar",
    "clip_direction": "$direçao",
    "offset": "$deslocamento",
    "bindings": [
      {
        "binding_name": "#hud_title_text_string"
      },
      {
        "binding_type": "view",
        "source_property_name": "(not((#hud_title_text_string - $value) = #hud_title_text_string))",
        "target_property_name": "#visible"
      }
    ]
  },
  "bar68": {
    "type": "image",
    "texture": "$textura",
    "anchor_from": "$ancora1",
    "anchor_to": "$ancora2",
    "layer": "$layer",
    "size": "$tamanho",
    "$value": "[energy_68]",
    "$cortar": 0.32,
    "clip_ratio": "$cortar",
    "clip_direction": "$direçao",
    "offset": "$deslocamento",
    "bindings": [
      {
        "binding_name": "#hud_title_text_string"
      },
      {
        "binding_type": "view",
        "source_property_name": "(not((#hud_title_text_string - $value) = #hud_title_text_string))",
        "target_property_name": "#visible"
      }
    ]
  },
  "bar67": {
    "type": "image",
    "texture": "$textura",
    "anchor_from": "$ancora1",
    "anchor_to": "$ancora2",
    "layer": "$layer",
    "size": "$tamanho",
    "$value": "[energy_67]",
    "$cortar": 0.33,
    "clip_ratio": "$cortar",
    "clip_direction": "$direçao",
    "offset": "$deslocamento",
    "bindings": [
      {
        "binding_name": "#hud_title_text_string"
      },
      {
        "binding_type": "view",
        "source_property_name": "(not((#hud_title_text_string - $value) = #hud_title_text_string))",
        "target_property_name": "#visible"
      }
    ]
  },
  "bar66": {
    "type": "image",
    "texture": "$textura",
    "anchor_from": "$ancora1",
    "anchor_to": "$ancora2",
    "layer": "$layer",
    "size": "$tamanho",
    "$value": "[energy_66]",
    "$cortar": 0.34,
    "clip_ratio": "$cortar",
    "clip_direction": "$direçao",
    "offset": "$deslocamento",
    "bindings": [
      {
        "binding_name": "#hud_title_text_string"
      },
      {
        "binding_type": "view",
        "source_property_name": "(not((#hud_title_text_string - $value) = #hud_title_text_string))",
        "target_property_name": "#visible"
      }
    ]
  },
  "bar65": {
    "type": "image",
    "texture": "$textura",
    "anchor_from": "$ancora1",
    "anchor_to": "$ancora2",
    "layer": "$layer",
    "size": "$tamanho",
    "$value": "[energy_65]",
    "$cortar": 0.35,
    "clip_ratio": "$cortar",
    "clip_direction": "$direçao",
    "offset": "$deslocamento",
    "bindings": [
      {
        "binding_name": "#hud_title_text_string"
      },
      {
        "binding_type": "view",
        "source_property_name": "(not((#hud_title_text_string - $value) = #hud_title_text_string))",
        "target_property_name": "#visible"
      }
    ]
  },
  "bar64": {
    "type": "image",
    "texture": "$textura",
    "anchor_from": "$ancora1",
    "anchor_to": "$ancora2",
    "layer": "$layer",
    "size": "$tamanho",
    "$value": "[energy_64]",
    "$cortar": 0.36,
    "clip_ratio": "$cortar",
    "clip_direction": "$direçao",
    "offset": "$deslocamento",
    "bindings": [
      {
        "binding_name": "#hud_title_text_string"
      },
      {
        "binding_type": "view",
        "source_property_name": "(not((#hud_title_text_string - $value) = #hud_title_text_string))",
        "target_property_name": "#visible"
      }
    ]
  },
  "bar63": {
    "type": "image",
    "texture": "$textura",
    "anchor_from": "$ancora1",
    "anchor_to": "$ancora2",
    "layer": "$layer",
    "size": "$tamanho",
    "$value": "[energy_63]",
    "$cortar": 0.37,
    "clip_ratio": "$cortar",
    "clip_direction": "$direçao",
    "offset": "$deslocamento",
    "bindings": [
      {
        "binding_name": "#hud_title_text_string"
      },
      {
        "binding_type": "view",
        "source_property_name": "(not((#hud_title_text_string - $value) = #hud_title_text_string))",
        "target_property_name": "#visible"
      }
    ]
  },
  "bar62": {
    "type": "image",
    "texture": "$textura",
    "anchor_from": "$ancora1",
    "anchor_to": "$ancora2",
    "layer": "$layer",
    "size": "$tamanho",
    "$value": "[energy_62]",
    "$cortar": 0.38,
    "clip_ratio": "$cortar",
    "clip_direction": "$direçao",
    "offset": "$deslocamento",
    "bindings": [
      {
        "binding_name": "#hud_title_text_string"
      },
      {
        "binding_type": "view",
        "source_property_name": "(not((#hud_title_text_string - $value) = #hud_title_text_string))",
        "target_property_name": "#visible"
      }
    ]
  },
  "bar61": {
    "type": "image",
    "texture": "$textura",
    "anchor_from": "$ancora1",
    "anchor_to": "$ancora2",
    "layer": "$layer",
    "size": "$tamanho",
    "$value": "[energy_61]",
    "$cortar": 0.39,
    "clip_ratio": "$cortar",
    "clip_direction": "$direçao",
    "offset": "$deslocamento",
    "bindings": [
      {
        "binding_name": "#hud_title_text_string"
      },
      {
        "binding_type": "view",
        "source_property_name": "(not((#hud_title_text_string - $value) = #hud_title_text_string))",
        "target_property_name": "#visible"
      }
    ]
  },
  "bar60": {
    "type": "image",
    "texture": "$textura",
    "anchor_from": "$ancora1",
    "anchor_to": "$ancora2",
    "layer": "$layer",
    "size": "$tamanho",
    "$value": "[energy_60]",
    "$cortar": 0.4,
    "clip_ratio": "$cortar",
    "clip_direction": "$direçao",
    "offset": "$deslocamento",
    "bindings": [
      {
        "binding_name": "#hud_title_text_string"
      },
      {
        "binding_type": "view",
        "source_property_name": "(not((#hud_title_text_string - $value) = #hud_title_text_string))",
        "target_property_name": "#visible"
      }
    ]
  },
  "bar59": {
    "type": "image",
    "texture": "$textura",
    "anchor_from": "$ancora1",
    "anchor_to": "$ancora2",
    "layer": "$layer",
    "size": "$tamanho",
    "$value": "[energy_59]",
    "$cortar": 0.41,
    "clip_ratio": "$cortar",
    "clip_direction": "$direçao",
    "offset": "$deslocamento",
    "bindings": [
      {
        "binding_name": "#hud_title_text_string"
      },
      {
        "binding_type": "view",
        "source_property_name": "(not((#hud_title_text_string - $value) = #hud_title_text_string))",
        "target_property_name": "#visible"
      }
    ]
  },
  "bar58": {
    "type": "image",
    "texture": "$textura",
    "anchor_from": "$ancora1",
    "anchor_to": "$ancora2",
    "layer": "$layer",
    "size": "$tamanho",
    "$value": "[energy_58]",
    "$cortar": 0.42,
    "clip_ratio": "$cortar",
    "clip_direction": "$direçao",
    "offset": "$deslocamento",
    "bindings": [
      {
        "binding_name": "#hud_title_text_string"
      },
      {
        "binding_type": "view",
        "source_property_name": "(not((#hud_title_text_string - $value) = #hud_title_text_string))",
        "target_property_name": "#visible"
      }
    ]
  },
  "bar57": {
    "type": "image",
    "texture": "$textura",
    "anchor_from": "$ancora1",
    "anchor_to": "$ancora2",
    "layer": "$layer",
    "size": "$tamanho",
    "$value": "[energy_57]",
    "$cortar": 0.43,
    "clip_ratio": "$cortar",
    "clip_direction": "$direçao",
    "offset": "$deslocamento",
    "bindings": [
      {
        "binding_name": "#hud_title_text_string"
      },
      {
        "binding_type": "view",
        "source_property_name": "(not((#hud_title_text_string - $value) = #hud_title_text_string))",
        "target_property_name": "#visible"
      }
    ]
  },
  "bar56": {
    "type": "image",
    "texture": "$textura",
    "anchor_from": "$ancora1",
    "anchor_to": "$ancora2",
    "layer": "$layer",
    "size": "$tamanho",
    "$value": "[energy_56]",
    "$cortar": 0.44,
    "clip_ratio": "$cortar",
    "clip_direction": "$direçao",
    "offset": "$deslocamento",
    "bindings": [
      {
        "binding_name": "#hud_title_text_string"
      },
      {
        "binding_type": "view",
        "source_property_name": "(not((#hud_title_text_string - $value) = #hud_title_text_string))",
        "target_property_name": "#visible"
      }
    ]
  },
  "bar55": {
    "type": "image",
    "texture": "$textura",
    "anchor_from": "$ancora1",
    "anchor_to": "$ancora2",
    "layer": "$layer",
    "size": "$tamanho",
    "$value": "[energy_55]",
    "$cortar": 0.45,
    "clip_ratio": "$cortar",
    "clip_direction": "$direçao",
    "offset": "$deslocamento",
    "bindings": [
      {
        "binding_name": "#hud_title_text_string"
      },
      {
        "binding_type": "view",
        "source_property_name": "(not((#hud_title_text_string - $value) = #hud_title_text_string))",
        "target_property_name": "#visible"
      }
    ]
  },
  "bar54": {
    "type": "image",
    "texture": "$textura",
    "anchor_from": "$ancora1",
    "anchor_to": "$ancora2",
    "layer": "$layer",
    "size": "$tamanho",
    "$value": "[energy_54]",
    "$cortar": 0.46,
    "clip_ratio": "$cortar",
    "clip_direction": "$direçao",
    "offset": "$deslocamento",
    "bindings": [
      {
        "binding_name": "#hud_title_text_string"
      },
      {
        "binding_type": "view",
        "source_property_name": "(not((#hud_title_text_string - $value) = #hud_title_text_string))",
        "target_property_name": "#visible"
      }
    ]
  },
  "bar53": {
    "type": "image",
    "texture": "$textura",
    "anchor_from": "$ancora1",
    "anchor_to": "$ancora2",
    "layer": "$layer",
    "size": "$tamanho",
    "$value": "[energy_53]",
    "$cortar": 0.47,
    "clip_ratio": "$cortar",
    "clip_direction": "$direçao",
    "offset": "$deslocamento",
    "bindings": [
      {
        "binding_name": "#hud_title_text_string"
      },
      {
        "binding_type": "view",
        "source_property_name": "(not((#hud_title_text_string - $value) = #hud_title_text_string))",
        "target_property_name": "#visible"
      }
    ]
  },
  "bar52": {
    "type": "image",
    "texture": "$textura",
    "anchor_from": "$ancora1",
    "anchor_to": "$ancora2",
    "layer": "$layer",
    "size": "$tamanho",
    "$value": "[energy_52]",
    "$cortar": 0.48,
    "clip_ratio": "$cortar",
    "clip_direction": "$direçao",
    "offset": "$deslocamento",
    "bindings": [
      {
        "binding_name": "#hud_title_text_string"
      },
      {
        "binding_type": "view",
        "source_property_name": "(not((#hud_title_text_string - $value) = #hud_title_text_string))",
        "target_property_name": "#visible"
      }
    ]
  },
  "bar51": {
    "type": "image",
    "texture": "$textura",
    "anchor_from": "$ancora1",
    "anchor_to": "$ancora2",
    "layer": "$layer",
    "size": "$tamanho",
    "$value": "[energy_51]",
    "$cortar": 0.49,
    "clip_ratio": "$cortar",
    "clip_direction": "$direçao",
    "offset": "$deslocamento",
    "bindings": [
      {
        "binding_name": "#hud_title_text_string"
      },
      {
        "binding_type": "view",
        "source_property_name": "(not((#hud_title_text_string - $value) = #hud_title_text_string))",
        "target_property_name": "#visible"
      }
    ]
  },
  "bar50": {
    "type": "image",
    "texture": "$textura",
    "anchor_from": "$ancora1",
    "anchor_to": "$ancora2",
    "layer": "$layer",
    "size": "$tamanho",
    "$value": "[energy_50]",
    "$cortar": 0.5,
    "clip_ratio": "$cortar",
    "clip_direction": "$direçao",
    "offset": "$deslocamento",
    "bindings": [
      {
        "binding_name": "#hud_title_text_string"
      },
      {
        "binding_type": "view",
        "source_property_name": "(not((#hud_title_text_string - $value) = #hud_title_text_string))",
        "target_property_name": "#visible"
      }
    ]
  },
  "bar49": {
    "type": "image",
    "texture": "$textura",
    "anchor_from": "$ancora1",
    "anchor_to": "$ancora2",
    "layer": "$layer",
    "size": "$tamanho",
    "$value": "[energy_49]",
    "$cortar": 0.51,
    "clip_ratio": "$cortar",
    "clip_direction": "$direçao",
    "offset": "$deslocamento",
    "bindings": [
      {
        "binding_name": "#hud_title_text_string"
      },
      {
        "binding_type": "view",
        "source_property_name": "(not((#hud_title_text_string - $value) = #hud_title_text_string))",
        "target_property_name": "#visible"
      }
    ]
  },
  "bar48": {
    "type": "image",
    "texture": "$textura",
    "anchor_from": "$ancora1",
    "anchor_to": "$ancora2",
    "layer": "$layer",
    "size": "$tamanho",
    "$value": "[energy_48]",
    "$cortar": 0.52,
    "clip_ratio": "$cortar",
    "clip_direction": "$direçao",
    "offset": "$deslocamento",
    "bindings": [
      {
        "binding_name": "#hud_title_text_string"
      },
      {
        "binding_type": "view",
        "source_property_name": "(not((#hud_title_text_string - $value) = #hud_title_text_string))",
        "target_property_name": "#visible"
      }
    ]
  },
  "bar47": {
    "type": "image",
    "texture": "$textura",
    "anchor_from": "$ancora1",
    "anchor_to": "$ancora2",
    "layer": "$layer",
    "size": "$tamanho",
    "$value": "[energy_47]",
    "$cortar": 0.53,
    "clip_ratio": "$cortar",
    "clip_direction": "$direçao",
    "offset": "$deslocamento",
    "bindings": [
      {
        "binding_name": "#hud_title_text_string"
      },
      {
        "binding_type": "view",
        "source_property_name": "(not((#hud_title_text_string - $value) = #hud_title_text_string))",
        "target_property_name": "#visible"
      }
    ]
  },
  "bar46": {
    "type": "image",
    "texture": "$textura",
    "anchor_from": "$ancora1",
    "anchor_to": "$ancora2",
    "layer": "$layer",
    "size": "$tamanho",
    "$value": "[energy_46]",
    "$cortar": 0.54,
    "clip_ratio": "$cortar",
    "clip_direction": "$direçao",
    "offset": "$deslocamento",
    "bindings": [
      {
        "binding_name": "#hud_title_text_string"
      },
      {
        "binding_type": "view",
        "source_property_name": "(not((#hud_title_text_string - $value) = #hud_title_text_string))",
        "target_property_name": "#visible"
      }
    ]
  },
  "bar45": {
    "type": "image",
    "texture": "$textura",
    "anchor_from": "$ancora1",
    "anchor_to": "$ancora2",
    "layer": "$layer",
    "size": "$tamanho",
    "$value": "[energy_45]",
    "$cortar": 0.55,
    "clip_ratio": "$cortar",
    "clip_direction": "$direçao",
    "offset": "$deslocamento",
    "bindings": [
      {
        "binding_name": "#hud_title_text_string"
      },
      {
        "binding_type": "view",
        "source_property_name": "(not((#hud_title_text_string - $value) = #hud_title_text_string))",
        "target_property_name": "#visible"
      }
    ]
  },
  "bar44": {
    "type": "image",
    "texture": "$textura",
    "anchor_from": "$ancora1",
    "anchor_to": "$ancora2",
    "layer": "$layer",
    "size": "$tamanho",
    "$value": "[energy_44]",
    "$cortar": 0.56,
    "clip_ratio": "$cortar",
    "clip_direction": "$direçao",
    "offset": "$deslocamento",
    "bindings": [
      {
        "binding_name": "#hud_title_text_string"
      },
      {
        "binding_type": "view",
        "source_property_name": "(not((#hud_title_text_string - $value) = #hud_title_text_string))",
        "target_property_name": "#visible"
      }
    ]
  },
  "bar43": {
    "type": "image",
    "texture": "$textura",
    "anchor_from": "$ancora1",
    "anchor_to": "$ancora2",
    "layer": "$layer",
    "size": "$tamanho",
    "$value": "[energy_43]",
    "$cortar": 0.57,
    "clip_ratio": "$cortar",
    "clip_direction": "$direçao",
    "offset": "$deslocamento",
    "bindings": [
      {
        "binding_name": "#hud_title_text_string"
      },
      {
        "binding_type": "view",
        "source_property_name": "(not((#hud_title_text_string - $value) = #hud_title_text_string))",
        "target_property_name": "#visible"
      }
    ]
  },
  "bar42": {
    "type": "image",
    "texture": "$textura",
    "anchor_from": "$ancora1",
    "anchor_to": "$ancora2",
    "layer": "$layer",
    "size": "$tamanho",
    "$value": "[energy_42]",
    "$cortar": 0.58,
    "clip_ratio": "$cortar",
    "clip_direction": "$direçao",
    "offset": "$deslocamento",
    "bindings": [
      {
        "binding_name": "#hud_title_text_string"
      },
      {
        "binding_type": "view",
        "source_property_name": "(not((#hud_title_text_string - $value) = #hud_title_text_string))",
        "target_property_name": "#visible"
      }
    ]
  },
  "bar41": {
    "type": "image",
    "texture": "$textura",
    "anchor_from": "$ancora1",
    "anchor_to": "$ancora2",
    "layer": "$layer",
    "size": "$tamanho",
    "$value": "[energy_41]",
    "$cortar": 0.59,
    "clip_ratio": "$cortar",
    "clip_direction": "$direçao",
    "offset": "$deslocamento",
    "bindings": [
      {
        "binding_name": "#hud_title_text_string"
      },
      {
        "binding_type": "view",
        "source_property_name": "(not((#hud_title_text_string - $value) = #hud_title_text_string))",
        "target_property_name": "#visible"
      }
    ]
  },
  "bar40": {
    "type": "image",
    "texture": "$textura",
    "anchor_from": "$ancora1",
    "anchor_to": "$ancora2",
    "layer": "$layer",
    "size": "$tamanho",
    "$value": "[energy_40]",
    "$cortar": 0.6,
    "clip_ratio": "$cortar",
    "clip_direction": "$direçao",
    "offset": "$deslocamento",
    "bindings": [
      {
        "binding_name": "#hud_title_text_string"
      },
      {
        "binding_type": "view",
        "source_property_name": "(not((#hud_title_text_string - $value) = #hud_title_text_string))",
        "target_property_name": "#visible"
      }
    ]
  },
  "bar39": {
    "type": "image",
    "texture": "$textura",
    "anchor_from": "$ancora1",
    "anchor_to": "$ancora2",
    "layer": "$layer",
    "size": "$tamanho",
    "$value": "[energy_39]",
    "$cortar": 0.61,
    "clip_ratio": "$cortar",
    "clip_direction": "$direçao",
    "offset": "$deslocamento",
    "bindings": [
      {
        "binding_name": "#hud_title_text_string"
      },
      {
        "binding_type": "view",
        "source_property_name": "(not((#hud_title_text_string - $value) = #hud_title_text_string))",
        "target_property_name": "#visible"
      }
    ]
  },
  "bar38": {
    "type": "image",
    "texture": "$textura",
    "anchor_from": "$ancora1",
    "anchor_to": "$ancora2",
    "layer": "$layer",
    "size": "$tamanho",
    "$value": "[energy_38]",
    "$cortar": 0.62,
    "clip_ratio": "$cortar",
    "clip_direction": "$direçao",
    "offset": "$deslocamento",
    "bindings": [
      {
        "binding_name": "#hud_title_text_string"
      },
      {
        "binding_type": "view",
        "source_property_name": "(not((#hud_title_text_string - $value) = #hud_title_text_string))",
        "target_property_name": "#visible"
      }
    ]
  },
  "bar37": {
    "type": "image",
    "texture": "$textura",
    "anchor_from": "$ancora1",
    "anchor_to": "$ancora2",
    "layer": "$layer",
    "size": "$tamanho",
    "$value": "[energy_37]",
    "$cortar": 0.63,
    "clip_ratio": "$cortar",
    "clip_direction": "$direçao",
    "offset": "$deslocamento",
    "bindings": [
      {
        "binding_name": "#hud_title_text_string"
      },
      {
        "binding_type": "view",
        "source_property_name": "(not((#hud_title_text_string - $value) = #hud_title_text_string))",
        "target_property_name": "#visible"
      }
    ]
  },
  "bar36": {
    "type": "image",
    "texture": "$textura",
    "anchor_from": "$ancora1",
    "anchor_to": "$ancora2",
    "layer": "$layer",
    "size": "$tamanho",
    "$value": "[energy_36]",
    "$cortar": 0.64,
    "clip_ratio": "$cortar",
    "clip_direction": "$direçao",
    "offset": "$deslocamento",
    "bindings": [
      {
        "binding_name": "#hud_title_text_string"
      },
      {
        "binding_type": "view",
        "source_property_name": "(not((#hud_title_text_string - $value) = #hud_title_text_string))",
        "target_property_name": "#visible"
      }
    ]
  },
  "bar35": {
    "type": "image",
    "texture": "$textura",
    "anchor_from": "$ancora1",
    "anchor_to": "$ancora2",
    "layer": "$layer",
    "size": "$tamanho",
    "$value": "[energy_35]",
    "$cortar": 0.65,
    "clip_ratio": "$cortar",
    "clip_direction": "$direçao",
    "offset": "$deslocamento",
    "bindings": [
      {
        "binding_name": "#hud_title_text_string"
      },
      {
        "binding_type": "view",
        "source_property_name": "(not((#hud_title_text_string - $value) = #hud_title_text_string))",
        "target_property_name": "#visible"
      }
    ]
  },
  "bar34": {
    "type": "image",
    "texture": "$textura",
    "anchor_from": "$ancora1",
    "anchor_to": "$ancora2",
    "layer": "$layer",
    "size": "$tamanho",
    "$value": "[energy_34]",
    "$cortar": 0.66,
    "clip_ratio": "$cortar",
    "clip_direction": "$direçao",
    "offset": "$deslocamento",
    "bindings": [
      {
        "binding_name": "#hud_title_text_string"
      },
      {
        "binding_type": "view",
        "source_property_name": "(not((#hud_title_text_string - $value) = #hud_title_text_string))",
        "target_property_name": "#visible"
      }
    ]
  },
  "bar33": {
    "type": "image",
    "texture": "$textura",
    "anchor_from": "$ancora1",
    "anchor_to": "$ancora2",
    "layer": "$layer",
    "size": "$tamanho",
    "$value": "[energy_33]",
    "$cortar": 0.67,
    "clip_ratio": "$cortar",
    "clip_direction": "$direçao",
    "offset": "$deslocamento",
    "bindings": [
      {
        "binding_name": "#hud_title_text_string"
      },
      {
        "binding_type": "view",
        "source_property_name": "(not((#hud_title_text_string - $value) = #hud_title_text_string))",
        "target_property_name": "#visible"
      }
    ]
  },
  "bar32": {
    "type": "image",
    "texture": "$textura",
    "anchor_from": "$ancora1",
    "anchor_to": "$ancora2",
    "layer": "$layer",
    "size": "$tamanho",
    "$value": "[energy_32]",
    "$cortar": 0.68,
    "clip_ratio": "$cortar",
    "clip_direction": "$direçao",
    "offset": "$deslocamento",
    "bindings": [
      {
        "binding_name": "#hud_title_text_string"
      },
      {
        "binding_type": "view",
        "source_property_name": "(not((#hud_title_text_string - $value) = #hud_title_text_string))",
        "target_property_name": "#visible"
      }
    ]
  },
  "bar31": {
    "type": "image",
    "texture": "$textura",
    "anchor_from": "$ancora1",
    "anchor_to": "$ancora2",
    "layer": "$layer",
    "size": "$tamanho",
    "$value": "[energy_31]",
    "$cortar": 0.69,
    "clip_ratio": "$cortar",
    "clip_direction": "$direçao",
    "offset": "$deslocamento",
    "bindings": [
      {
        "binding_name": "#hud_title_text_string"
      },
      {
        "binding_type": "view",
        "source_property_name": "(not((#hud_title_text_string - $value) = #hud_title_text_string))",
        "target_property_name": "#visible"
      }
    ]
  },
  "bar30": {
    "type": "image",
    "texture": "$textura",
    "anchor_from": "$ancora1",
    "anchor_to": "$ancora2",
    "layer": "$layer",
    "size": "$tamanho",
    "$value": "[energy_30]",
    "$cortar": 0.7,
    "clip_ratio": "$cortar",
    "clip_direction": "$direçao",
    "offset": "$deslocamento",
    "bindings": [
      {
        "binding_name": "#hud_title_text_string"
      },
      {
        "binding_type": "view",
        "source_property_name": "(not((#hud_title_text_string - $value) = #hud_title_text_string))",
        "target_property_name": "#visible"
      }
    ]
  },
  "bar29": {
    "type": "image",
    "texture": "$textura",
    "anchor_from": "$ancora1",
    "anchor_to": "$ancora2",
    "layer": "$layer",
    "size": "$tamanho",
    "$value": "[energy_29]",
    "$cortar": 0.71,
    "clip_ratio": "$cortar",
    "clip_direction": "$direçao",
    "offset": "$deslocamento",
    "bindings": [
      {
        "binding_name": "#hud_title_text_string"
      },
      {
        "binding_type": "view",
        "source_property_name": "(not((#hud_title_text_string - $value) = #hud_title_text_string))",
        "target_property_name": "#visible"
      }
    ]
  },
  "bar28": {
    "type": "image",
    "texture": "$textura",
    "anchor_from": "$ancora1",
    "anchor_to": "$ancora2",
    "layer": "$layer",
    "size": "$tamanho",
    "$value": "[energy_28]",
    "$cortar": 0.72,
    "clip_ratio": "$cortar",
    "clip_direction": "$direçao",
    "offset": "$deslocamento",
    "bindings": [
      {
        "binding_name": "#hud_title_text_string"
      },
      {
        "binding_type": "view",
        "source_property_name": "(not((#hud_title_text_string - $value) = #hud_title_text_string))",
        "target_property_name": "#visible"
      }
    ]
  },
  "bar27": {
    "type": "image",
    "texture": "$textura",
    "anchor_from": "$ancora1",
    "anchor_to": "$ancora2",
    "layer": "$layer",
    "size": "$tamanho",
    "$value": "[energy_27]",
    "$cortar": 0.73,
    "clip_ratio": "$cortar",
    "clip_direction": "$direçao",
    "offset": "$deslocamento",
    "bindings": [
      {
        "binding_name": "#hud_title_text_string"
      },
      {
        "binding_type": "view",
        "source_property_name": "(not((#hud_title_text_string - $value) = #hud_title_text_string))",
        "target_property_name": "#visible"
      }
    ]
  },
  "bar26": {
    "type": "image",
    "texture": "$textura",
    "anchor_from": "$ancora1",
    "anchor_to": "$ancora2",
    "layer": "$layer",
    "size": "$tamanho",
    "$value": "[energy_26]",
    "$cortar": 0.74,
    "clip_ratio": "$cortar",
    "clip_direction": "$direçao",
    "offset": "$deslocamento",
    "bindings": [
      {
        "binding_name": "#hud_title_text_string"
      },
      {
        "binding_type": "view",
        "source_property_name": "(not((#hud_title_text_string - $value) = #hud_title_text_string))",
        "target_property_name": "#visible"
      }
    ]
  },
  "bar25": {
    "type": "image",
    "texture": "$textura",
    "anchor_from": "$ancora1",
    "anchor_to": "$ancora2",
    "layer": "$layer",
    "size": "$tamanho",
    "$value": "[energy_25]",
    "$cortar": 0.75,
    "clip_ratio": "$cortar",
    "clip_direction": "$direçao",
    "offset": "$deslocamento",
    "bindings": [
      {
        "binding_name": "#hud_title_text_string"
      },
      {
        "binding_type": "view",
        "source_property_name": "(not((#hud_title_text_string - $value) = #hud_title_text_string))",
        "target_property_name": "#visible"
      }
    ]
  },
  "bar24": {
    "type": "image",
    "texture": "$textura",
    "anchor_from": "$ancora1",
    "anchor_to": "$ancora2",
    "layer": "$layer",
    "size": "$tamanho",
    "$value": "[energy_24]",
    "$cortar": 0.76,
    "clip_ratio": "$cortar",
    "clip_direction": "$direçao",
    "offset": "$deslocamento",
    "bindings": [
      {
        "binding_name": "#hud_title_text_string"
      },
      {
        "binding_type": "view",
        "source_property_name": "(not((#hud_title_text_string - $value) = #hud_title_text_string))",
        "target_property_name": "#visible"
      }
    ]
  },
  "bar23": {
    "type": "image",
    "texture": "$textura",
    "anchor_from": "$ancora1",
    "anchor_to": "$ancora2",
    "layer": "$layer",
    "size": "$tamanho",
    "$value": "[energy_23]",
    "$cortar": 0.77,
    "clip_ratio": "$cortar",
    "clip_direction": "$direçao",
    "offset": "$deslocamento",
    "bindings": [
      {
        "binding_name": "#hud_title_text_string"
      },
      {
        "binding_type": "view",
        "source_property_name": "(not((#hud_title_text_string - $value) = #hud_title_text_string))",
        "target_property_name": "#visible"
      }
    ]
  },
  "bar22": {
    "type": "image",
    "texture": "$textura",
    "anchor_from": "$ancora1",
    "anchor_to": "$ancora2",
    "layer": "$layer",
    "size": "$tamanho",
    "$value": "[energy_22]",
    "$cortar": 0.78,
    "clip_ratio": "$cortar",
    "clip_direction": "$direçao",
    "offset": "$deslocamento",
    "bindings": [
      {
        "binding_name": "#hud_title_text_string"
      },
      {
        "binding_type": "view",
        "source_property_name": "(not((#hud_title_text_string - $value) = #hud_title_text_string))",
        "target_property_name": "#visible"
      }
    ]
  },
  "bar21": {
    "type": "image",
    "texture": "$textura",
    "anchor_from": "$ancora1",
    "anchor_to": "$ancora2",
    "layer": "$layer",
    "size": "$tamanho",
    "$value": "[energy_21]",
    "$cortar": 0.79,
    "clip_ratio": "$cortar",
    "clip_direction": "$direçao",
    "offset": "$deslocamento",
    "bindings": [
      {
        "binding_name": "#hud_title_text_string"
      },
      {
        "binding_type": "view",
        "source_property_name": "(not((#hud_title_text_string - $value) = #hud_title_text_string))",
        "target_property_name": "#visible"
      }
    ]
  },
  "bar20": {
    "type": "image",
    "texture": "$textura",
    "anchor_from": "$ancora1",
    "anchor_to": "$ancora2",
    "layer": "$layer",
    "size": "$tamanho",
    "$value": "[energy_20]",
    "$cortar": 0.8,
    "clip_ratio": "$cortar",
    "clip_direction": "$direçao",
    "offset": "$deslocamento",
    "bindings": [
      {
        "binding_name": "#hud_title_text_string"
      },
      {
        "binding_type": "view",
        "source_property_name": "(not((#hud_title_text_string - $value) = #hud_title_text_string))",
        "target_property_name": "#visible"
      }
    ]
  },
  "bar19": {
    "type": "image",
    "texture": "$textura",
    "anchor_from": "$ancora1",
    "anchor_to": "$ancora2",
    "layer": "$layer",
    "size": "$tamanho",
    "$value": "[energy_19]",
    "$cortar": 0.81,
    "clip_ratio": "$cortar",
    "clip_direction": "$direçao",
    "offset": "$deslocamento",
    "bindings": [
      {
        "binding_name": "#hud_title_text_string"
      },
      {
        "binding_type": "view",
        "source_property_name": "(not((#hud_title_text_string - $value) = #hud_title_text_string))",
        "target_property_name": "#visible"
      }
    ]
  },
  "bar18": {
    "type": "image",
    "texture": "$textura",
    "anchor_from": "$ancora1",
    "anchor_to": "$ancora2",
    "layer": "$layer",
    "size": "$tamanho",
    "$value": "[energy_18]",
    "$cortar": 0.82,
    "clip_ratio": "$cortar",
    "clip_direction": "$direçao",
    "offset": "$deslocamento",
    "bindings": [
      {
        "binding_name": "#hud_title_text_string"
      },
      {
        "binding_type": "view",
        "source_property_name": "(not((#hud_title_text_string - $value) = #hud_title_text_string))",
        "target_property_name": "#visible"
      }
    ]
  },
  "bar17": {
    "type": "image",
    "texture": "$textura",
    "anchor_from": "$ancora1",
    "anchor_to": "$ancora2",
    "layer": "$layer",
    "size": "$tamanho",
    "$value": "[energy_17]",
    "$cortar": 0.83,
    "clip_ratio": "$cortar",
    "clip_direction": "$direçao",
    "offset": "$deslocamento",
    "bindings": [
      {
        "binding_name": "#hud_title_text_string"
      },
      {
        "binding_type": "view",
        "source_property_name": "(not((#hud_title_text_string - $value) = #hud_title_text_string))",
        "target_property_name": "#visible"
      }
    ]
  },
  "bar16": {
    "type": "image",
    "texture": "$textura",
    "anchor_from": "$ancora1",
    "anchor_to": "$ancora2",
    "layer": "$layer",
    "size": "$tamanho",
    "$value": "[energy_16]",
    "$cortar": 0.84,
    "clip_ratio": "$cortar",
    "clip_direction": "$direçao",
    "offset": "$deslocamento",
    "bindings": [
      {
        "binding_name": "#hud_title_text_string"
      },
      {
        "binding_type": "view",
        "source_property_name": "(not((#hud_title_text_string - $value) = #hud_title_text_string))",
        "target_property_name": "#visible"
      }
    ]
  },
  "bar15": {
    "type": "image",
    "texture": "$textura",
    "anchor_from": "$ancora1",
    "anchor_to": "$ancora2",
    "layer": "$layer",
    "size": "$tamanho",
    "$value": "[energy_15]",
    "$cortar": 0.85,
    "clip_ratio": "$cortar",
    "clip_direction": "$direçao",
    "offset": "$deslocamento",
    "bindings": [
      {
        "binding_name": "#hud_title_text_string"
      },
      {
        "binding_type": "view",
        "source_property_name": "(not((#hud_title_text_string - $value) = #hud_title_text_string))",
        "target_property_name": "#visible"
      }
    ]
  },
  "bar14": {
    "type": "image",
    "texture": "$textura",
    "anchor_from": "$ancora1",
    "anchor_to": "$ancora2",
    "layer": "$layer",
    "size": "$tamanho",
    "$value": "[energy_14]",
    "$cortar": 0.86,
    "clip_ratio": "$cortar",
    "clip_direction": "$direçao",
    "offset": "$deslocamento",
    "bindings": [
      {
        "binding_name": "#hud_title_text_string"
      },
      {
        "binding_type": "view",
        "source_property_name": "(not((#hud_title_text_string - $value) = #hud_title_text_string))",
        "target_property_name": "#visible"
      }
    ]
  },
  "bar13": {
    "type": "image",
    "texture": "$textura",
    "anchor_from": "$ancora1",
    "anchor_to": "$ancora2",
    "layer": "$layer",
    "size": "$tamanho",
    "$value": "[energy_13]",
    "$cortar": 0.87,
    "clip_ratio": "$cortar",
    "clip_direction": "$direçao",
    "offset": "$deslocamento",
    "bindings": [
      {
        "binding_name": "#hud_title_text_string"
      },
      {
        "binding_type": "view",
        "source_property_name": "(not((#hud_title_text_string - $value) = #hud_title_text_string))",
        "target_property_name": "#visible"
      }
    ]
  },
  "bar12": {
    "type": "image",
    "texture": "$textura",
    "anchor_from": "$ancora1",
    "anchor_to": "$ancora2",
    "layer": "$layer",
    "size": "$tamanho",
    "$value": "[energy_12]",
    "$cortar": 0.88,
    "clip_ratio": "$cortar",
    "clip_direction": "$direçao",
    "offset": "$deslocamento",
    "bindings": [
      {
        "binding_name": "#hud_title_text_string"
      },
      {
        "binding_type": "view",
        "source_property_name": "(not((#hud_title_text_string - $value) = #hud_title_text_string))",
        "target_property_name": "#visible"
      }
    ]
  },
  "bar11": {
    "type": "image",
    "texture": "$textura",
    "anchor_from": "$ancora1",
    "anchor_to": "$ancora2",
    "layer": "$layer",
    "size": "$tamanho",
    "$value": "[energy_11]",
    "$cortar": 0.89,
    "clip_ratio": "$cortar",
    "clip_direction": "$direçao",
    "offset": "$deslocamento",
    "bindings": [
      {
        "binding_name": "#hud_title_text_string"
      },
      {
        "binding_type": "view",
        "source_property_name": "(not((#hud_title_text_string - $value) = #hud_title_text_string))",
        "target_property_name": "#visible"
      }
    ]
  },
  "bar10": {
    "type": "image",
    "texture": "$textura",
    "anchor_from": "$ancora1",
    "anchor_to": "$ancora2",
    "layer": "$layer",
    "size": "$tamanho",
    "$value": "[energy_10]",
    "$cortar": 0.9,
    "clip_ratio": "$cortar",
    "clip_direction": "$direçao",
    "offset": "$deslocamento",
    "bindings": [
      {
        "binding_name": "#hud_title_text_string"
      },
      {
        "binding_type": "view",
        "source_property_name": "(not((#hud_title_text_string - $value) = #hud_title_text_string))",
        "target_property_name": "#visible"
      }
    ]
  },
  "bar9": {
    "type": "image",
    "texture": "$textura",
    "anchor_from": "$ancora1",
    "anchor_to": "$ancora2",
    "layer": "$layer",
    "size": "$tamanho",
    "$value": "[energy_9]",
    "$cortar": 0.91,
    "clip_ratio": "$cortar",
    "clip_direction": "$direçao",
    "offset": "$deslocamento",
    "bindings": [
      {
        "binding_name": "#hud_title_text_string"
      },
      {
        "binding_type": "view",
        "source_property_name": "(not((#hud_title_text_string - $value) = #hud_title_text_string))",
        "target_property_name": "#visible"
      }
    ]
  },
  "bar8": {
    "type": "image",
    "texture": "$textura",
    "anchor_from": "$ancora1",
    "anchor_to": "$ancora2",
    "layer": "$layer",
    "size": "$tamanho",
    "$value": "[energy_8]",
    "$cortar": 0.92,
    "clip_ratio": "$cortar",
    "clip_direction": "$direçao",
    "offset": "$deslocamento",
    "bindings": [
      {
        "binding_name": "#hud_title_text_string"
      },
      {
        "binding_type": "view",
        "source_property_name": "(not((#hud_title_text_string - $value) = #hud_title_text_string))",
        "target_property_name": "#visible"
      }
    ]
  },
  "bar7": {
    "type": "image",
    "texture": "$textura",
    "anchor_from": "$ancora1",
    "anchor_to": "$ancora2",
    "layer": "$layer",
    "size": "$tamanho",
    "$value": "[energy_7]",
    "$cortar": 0.93,
    "clip_ratio": "$cortar",
    "clip_direction": "$direçao",
    "offset": "$deslocamento",
    "bindings": [
      {
        "binding_name": "#hud_title_text_string"
      },
      {
        "binding_type": "view",
        "source_property_name": "(not((#hud_title_text_string - $value) = #hud_title_text_string))",
        "target_property_name": "#visible"
      }
    ]
  },
  "bar6": {
    "type": "image",
    "texture": "$textura",
    "anchor_from": "$ancora1",
    "anchor_to": "$ancora2",
    "layer": "$layer",
    "size": "$tamanho",
    "$value": "[energy_6]",
    "$cortar": 0.94,
    "clip_ratio": "$cortar",
    "clip_direction": "$direçao",
    "offset": "$deslocamento",
    "bindings": [
      {
        "binding_name": "#hud_title_text_string"
      },
      {
        "binding_type": "view",
        "source_property_name": "(not((#hud_title_text_string - $value) = #hud_title_text_string))",
        "target_property_name": "#visible"
      }
    ]
  },
  "bar5": {
    "type": "image",
    "texture": "$textura",
    "anchor_from": "$ancora1",
    "anchor_to": "$ancora2",
    "layer": "$layer",
    "size": "$tamanho",
    "$value": "[energy_5]",
    "$cortar": 0.95,
    "clip_ratio": "$cortar",
    "clip_direction": "$direçao",
    "offset": "$deslocamento",
    "bindings": [
      {
        "binding_name": "#hud_title_text_string"
      },
      {
        "binding_type": "view",
        "source_property_name": "(not((#hud_title_text_string - $value) = #hud_title_text_string))",
        "target_property_name": "#visible"
      }
    ]
  },
  "bar4": {
    "type": "image",
    "texture": "$textura",
    "anchor_from": "$ancora1",
    "anchor_to": "$ancora2",
    "layer": "$layer",
    "size": "$tamanho",
    "$value": "[energy_4]",
    "$cortar": 0.96,
    "clip_ratio": "$cortar",
    "clip_direction": "$direçao",
    "offset": "$deslocamento",
    "bindings": [
      {
        "binding_name": "#hud_title_text_string"
      },
      {
        "binding_type": "view",
        "source_property_name": "(not((#hud_title_text_string - $value) = #hud_title_text_string))",
        "target_property_name": "#visible"
      }
    ]
  },
  "bar3": {
    "type": "image",
    "texture": "$textura",
    "anchor_from": "$ancora1",
    "anchor_to": "$ancora2",
    "layer": "$layer",
    "size": "$tamanho",
    "$value": "[energy_3]",
    "$cortar": 0.97,
    "clip_ratio": "$cortar",
    "clip_direction": "$direçao",
    "offset": "$deslocamento",
    "bindings": [
      {
        "binding_name": "#hud_title_text_string"
      },
      {
        "binding_type": "view",
        "source_property_name": "(not((#hud_title_text_string - $value) = #hud_title_text_string))",
        "target_property_name": "#visible"
      }
    ]
  },
  "bar2": {
    "type": "image",
    "texture": "$textura",
    "anchor_from": "$ancora1",
    "anchor_to": "$ancora2",
    "layer": "$layer",
    "size": "$tamanho",
    "$value": "[energy_2]",
    "$cortar": 0.98,
    "clip_ratio": "$cortar",
    "clip_direction": "$direçao",
    "offset": "$deslocamento",
    "bindings": [
      {
        "binding_name": "#hud_title_text_string"
      },
      {
        "binding_type": "view",
        "source_property_name": "(not((#hud_title_text_string - $value) = #hud_title_text_string))",
        "target_property_name": "#visible"
      }
    ]
  },
  "bar1": {
    "type": "image",
    "texture": "$textura",
    "anchor_from": "$ancora1",
    "anchor_to": "$ancora2",
    "layer": "$layer",
    "size": "$tamanho",
    "$value": "[energy_1]",
    "$cortar": 0.99,
    "clip_ratio": "$cortar",
    "clip_direction": "$direçao",
    "offset": "$deslocamento",
    "bindings": [
      {
        "binding_name": "#hud_title_text_string"
      },
      {
        "binding_type": "view",
        "source_property_name": "(not((#hud_title_text_string - $value) = #hud_title_text_string))",
        "target_property_name": "#visible"
      }
    ]
  },
  "bar0": {
    "type": "image",
    "texture": "$textura",
    "anchor_from": "$ancora1",
    "anchor_to": "$ancora2",
    "layer": "$layer",
    "size": "$tamanho",
    "$value": "[energy_0]",
    "$cortar": 1,
    "clip_ratio": "$cortar",
    "clip_direction": "$direçao",
    "offset": "$deslocamento",
    "bindings": [
      {
        "binding_name": "#hud_title_text_string"
      },
      {
        "binding_type": "view",
        "source_property_name": "(not((#hud_title_text_string - $value) = #hud_title_text_string))",
        "target_property_name": "#visible"
      }
    ]
  }
}