{
  "namespace": "hp",
  "hp_panel": {
    "type": "panel",
    "$textura": "textures/ui/ydekuh/hp",
    "$ancora1": "bottom_middle",
    "$ancora2": "bottom_middle",
    "$layer": 10,
    "$deslocamento": [
      -200,
      -250
    ],
    "$tamanho": [
      95,
      13
    ],
    "$direçao": "left",
    "controls": [
      {
        "bar0@hp.bar0": {}
      },
      {
        "bar1@hp.bar1": {}
      },
      {
        "bar2@hp.bar2": {}
      },
      {
        "bar3@hp.bar3": {}
      },
      {
        "bar4@hp.bar4": {}
      },
      {
        "bar5@hp.bar5": {}
      },
      {
        "bar6@hp.bar6": {}
      },
      {
        "bar7@hp.bar7": {}
      },
      {
        "bar8@hp.bar8": {}
      },
      {
        "bar9@hp.bar9": {}
      },
      {
        "bar10@hp.bar10": {}
      },
      {
        "bar11@hp.bar11": {}
      },
      {
        "bar12@hp.bar12": {}
      },
      {
        "bar13@hp.bar13": {}
      },
      {
        "bar14@hp.bar14": {}
      },
      {
        "bar15@hp.bar15": {}
      },
      {
        "bar16@hp.bar16": {}
      },
      {
        "bar17@hp.bar17": {}
      },
      {
        "bar18@hp.bar18": {}
      },
      {
        "bar19@hp.bar19": {}
      },
      {
        "bar20@hp.bar20": {}
      },
      {
        "bar21@hp.bar21": {}
      },
      {
        "bar22@hp.bar22": {}
      },
      {
        "bar23@hp.bar23": {}
      },
      {
        "bar24@hp.bar24": {}
      },
      {
        "bar25@hp.bar25": {}
      },
      {
        "bar26@hp.bar26": {}
      },
      {
        "bar27@hp.bar27": {}
      },
      {
        "bar28@hp.bar28": {}
      },
      {
        "bar29@hp.bar29": {}
      },
      {
        "bar30@hp.bar30": {}
      },
      {
        "bar31@hp.bar31": {}
      },
      {
        "bar32@hp.bar32": {}
      },
      {
        "bar33@hp.bar33": {}
      },
      {
        "bar34@hp.bar34": {}
      },
      {
        "bar35@hp.bar35": {}
      },
      {
        "bar36@hp.bar36": {}
      },
      {
        "bar37@hp.bar37": {}
      },
      {
        "bar38@hp.bar38": {}
      },
      {
        "bar39@hp.bar39": {}
      },
      {
        "bar40@hp.bar40": {}
      },
      {
        "bar41@hp.bar41": {}
      },
      {
        "bar42@hp.bar42": {}
      },
      {
        "bar43@hp.bar43": {}
      },
      {
        "bar44@hp.bar44": {}
      },
      {
        "bar45@hp.bar45": {}
      },
      {
        "bar46@hp.bar46": {}
      },
      {
        "bar47@hp.bar47": {}
      },
      {
        "bar48@hp.bar48": {}
      },
      {
        "bar49@hp.bar49": {}
      },
      {
        "bar50@hp.bar50": {}
      },
      {
        "bar51@hp.bar51": {}
      },
      {
        "bar52@hp.bar52": {}
      },
      {
        "bar53@hp.bar53": {}
      },
      {
        "bar54@hp.bar54": {}
      },
      {
        "bar55@hp.bar55": {}
      },
      {
        "bar56@hp.bar56": {}
      },
      {
        "bar57@hp.bar57": {}
      },
      {
        "bar58@hp.bar58": {}
      },
      {
        "bar59@hp.bar59": {}
      },
      {
        "bar60@hp.bar60": {}
      },
      {
        "bar61@hp.bar61": {}
      },
      {
        "bar62@hp.bar62": {}
      },
      {
        "bar63@hp.bar63": {}
      },
      {
        "bar64@hp.bar64": {}
      },
      {
        "bar65@hp.bar65": {}
      },
      {
        "bar66@hp.bar66": {}
      },
      {
        "bar67@hp.bar67": {}
      },
      {
        "bar68@hp.bar68": {}
      },
      {
        "bar69@hp.bar69": {}
      },
      {
        "bar70@hp.bar70": {}
      },
      {
        "bar71@hp.bar71": {}
      },
      {
        "bar72@hp.bar72": {}
      },
      {
        "bar73@hp.bar73": {}
      },
      {
        "bar74@hp.bar74": {}
      },
      {
        "bar75@hp.bar75": {}
      },
      {
        "bar76@hp.bar76": {}
      },
      {
        "bar77@hp.bar77": {}
      },
      {
        "bar78@hp.bar78": {}
      },
      {
        "bar79@hp.bar79": {}
      },
      {
        "bar80@hp.bar80": {}
      },
      {
        "bar81@hp.bar81": {}
      },
      {
        "bar82@hp.bar82": {}
      },
      {
        "bar83@hp.bar83": {}
      },
      {
        "bar84@hp.bar84": {}
      },
      {
        "bar85@hp.bar85": {}
      },
      {
        "bar86@hp.bar86": {}
      },
      {
        "bar87@hp.bar87": {}
      },
      {
        "bar88@hp.bar88": {}
      },
      {
        "bar89@hp.bar89": {}
      },
      {
        "bar90@hp.bar90": {}
      },
      {
        "bar91@hp.bar91": {}
      },
      {
        "bar92@hp.bar92": {}
      },
      {
        "bar93@hp.bar93": {}
      },
      {
        "bar94@hp.bar94": {}
      },
      {
        "bar95@hp.bar95": {}
      },
      {
        "bar96@hp.bar96": {}
      },
      {
        "bar97@hp.bar97": {}
      },
      {
        "bar98@hp.bar98": {}
      },
      {
        "bar99@hp.bar99": {}
      },
      {
        "bar100@hp.bar100": {}
      }
    ]
  },
  "bar100": {
    "type": "image",
    "texture": "$textura",
    "anchor_from": "$ancora1",
    "anchor_to": "$ancora2",
    "layer": "$layer",
    "size": "$tamanho",
    "$value": "[hp_100]",
    "$cortar": 0,
    "clip_ratio": "$cortar",
    "clip_direction": "$direçao",
    "offset": "$deslocamento",
    "bindings": [
      {
        "binding_name": "#hud_title_text_string"
      },
      {
        "binding_type": "view",
        "source_property_name": "(not((#hud_title_text_string - $value) = #hud_title_text_string))",
        "target_property_name": "#visible"
      }
    ]
  },
  "bar99": {
    "type": "image",
    "texture": "$textura",
    "anchor_from": "$ancora1",
    "anchor_to": "$ancora2",
    "layer": "$layer",
    "size": "$tamanho",
    "$value": "[hp_99]",
    "$cortar": 0.01,
    "clip_ratio": "$cortar",
    "clip_direction": "$direçao",
    "offset": "$deslocamento",
    "bindings": [
      {
        "binding_name": "#hud_title_text_string"
      },
      {
        "binding_type": "view",
        "source_property_name": "(not((#hud_title_text_string - $value) = #hud_title_text_string))",
        "target_property_name": "#visible"
      }
    ]
  },
  "bar98": {
    "type": "image",
    "texture": "$textura",
    "anchor_from": "$ancora1",
    "anchor_to": "$ancora2",
    "layer": "$layer",
    "size": "$tamanho",
    "$value": "[hp_98]",
    "$cortar": 0.02,
    "clip_ratio": "$cortar",
    "clip_direction": "$direçao",
    "offset": "$deslocamento",
    "bindings": [
      {
        "binding_name": "#hud_title_text_string"
      },
      {
        "binding_type": "view",
        "source_property_name": "(not((#hud_title_text_string - $value) = #hud_title_text_string))",
        "target_property_name": "#visible"
      }
    ]
  },
  "bar97": {
    "type": "image",
    "texture": "$textura",
    "anchor_from": "$ancora1",
    "anchor_to": "$ancora2",
    "layer": "$layer",
    "size": "$tamanho",
    "$value": "[hp_97]",
    "$cortar": 0.03,
    "clip_ratio": "$cortar",
    "clip_direction": "$direçao",
    "offset": "$deslocamento",
    "bindings": [
      {
        "binding_name": "#hud_title_text_string"
      },
      {
        "binding_type": "view",
        "source_property_name": "(not((#hud_title_text_string - $value) = #hud_title_text_string))",
        "target_property_name": "#visible"
      }
    ]
  },
  "bar96": {
    "type": "image",
    "texture": "$textura",
    "anchor_from": "$ancora1",
    "anchor_to": "$ancora2",
    "layer": "$layer",
    "size": "$tamanho",
    "$value": "[hp_96]",
    "$cortar": 0.04,
    "clip_ratio": "$cortar",
    "clip_direction": "$direçao",
    "offset": "$deslocamento",
    "bindings": [
      {
        "binding_name": "#hud_title_text_string"
      },
      {
        "binding_type": "view",
        "source_property_name": "(not((#hud_title_text_string - $value) = #hud_title_text_string))",
        "target_property_name": "#visible"
      }
    ]
  },
  "bar95": {
    "type": "image",
    "texture": "$textura",
    "anchor_from": "$ancora1",
    "anchor_to": "$ancora2",
    "layer": "$layer",
    "size": "$tamanho",
    "$value": "[hp_95]",
    "$cortar": 0.05,
    "clip_ratio": "$cortar",
    "clip_direction": "$direçao",
    "offset": "$deslocamento",
    "bindings": [
      {
        "binding_name": "#hud_title_text_string"
      },
      {
        "binding_type": "view",
        "source_property_name": "(not((#hud_title_text_string - $value) = #hud_title_text_string))",
        "target_property_name": "#visible"
      }
    ]
  },
  "bar94": {
    "type": "image",
    "texture": "$textura",
    "anchor_from": "$ancora1",
    "anchor_to": "$ancora2",
    "layer": "$layer",
    "size": "$tamanho",
    "$value": "[hp_94]",
    "$cortar": 0.06,
    "clip_ratio": "$cortar",
    "clip_direction": "$direçao",
    "offset": "$deslocamento",
    "bindings": [
      {
        "binding_name": "#hud_title_text_string"
      },
      {
        "binding_type": "view",
        "source_property_name": "(not((#hud_title_text_string - $value) = #hud_title_text_string))",
        "target_property_name": "#visible"
      }
    ]
  },
  "bar93": {
    "type": "image",
    "texture": "$textura",
    "anchor_from": "$ancora1",
    "anchor_to": "$ancora2",
    "layer": "$layer",
    "size": "$tamanho",
    "$value": "[hp_93]",
    "$cortar": 0.07,
    "clip_ratio": "$cortar",
    "clip_direction": "$direçao",
    "offset": "$deslocamento",
    "bindings": [
      {
        "binding_name": "#hud_title_text_string"
      },
      {
        "binding_type": "view",
        "source_property_name": "(not((#hud_title_text_string - $value) = #hud_title_text_string))",
        "target_property_name": "#visible"
      }
    ]
  },
  "bar92": {
    "type": "image",
    "texture": "$textura",
    "anchor_from": "$ancora1",
    "anchor_to": "$ancora2",
    "layer": "$layer",
    "size": "$tamanho",
    "$value": "[hp_92]",
    "$cortar": 0.08,
    "clip_ratio": "$cortar",
    "clip_direction": "$direçao",
    "offset": "$deslocamento",
    "bindings": [
      {
        "binding_name": "#hud_title_text_string"
      },
      {
        "binding_type": "view",
        "source_property_name": "(not((#hud_title_text_string - $value) = #hud_title_text_string))",
        "target_property_name": "#visible"
      }
    ]
  },
  "bar91": {
    "type": "image",
    "texture": "$textura",
    "anchor_from": "$ancora1",
    "anchor_to": "$ancora2",
    "layer": "$layer",
    "size": "$tamanho",
    "$value": "[hp_91]",
    "$cortar": 0.09,
    "clip_ratio": "$cortar",
    "clip_direction": "$direçao",
    "offset": "$deslocamento",
    "bindings": [
      {
        "binding_name": "#hud_title_text_string"
      },
      {
        "binding_type": "view",
        "source_property_name": "(not((#hud_title_text_string - $value) = #hud_title_text_string))",
        "target_property_name": "#visible"
      }
    ]
  },
  "bar90": {
    "type": "image",
    "texture": "$textura",
    "anchor_from": "$ancora1",
    "anchor_to": "$ancora2",
    "layer": "$layer",
    "size": "$tamanho",
    "$value": "[hp_90]",
    "$cortar": 0.1,
    "clip_ratio": "$cortar",
    "clip_direction": "$direçao",
    "offset": "$deslocamento",
    "bindings": [
      {
        "binding_name": "#hud_title_text_string"
      },
      {
        "binding_type": "view",
        "source_property_name": "(not((#hud_title_text_string - $value) = #hud_title_text_string))",
        "target_property_name": "#visible"
      }
    ]
  },
  "bar89": {
    "type": "image",
    "texture": "$textura",
    "anchor_from": "$ancora1",
    "anchor_to": "$ancora2",
    "layer": "$layer",
    "size": "$tamanho",
    "$value": "[hp_89]",
    "$cortar": 0.11,
    "clip_ratio": "$cortar",
    "clip_direction": "$direçao",
    "offset": "$deslocamento",
    "bindings": [
      {
        "binding_name": "#hud_title_text_string"
      },
      {
        "binding_type": "view",
        "source_property_name": "(not((#hud_title_text_string - $value) = #hud_title_text_string))",
        "target_property_name": "#visible"
      }
    ]
  },
  "bar88": {
    "type": "image",
    "texture": "$textura",
    "anchor_from": "$ancora1",
    "anchor_to": "$ancora2",
    "layer": "$layer",
    "size": "$tamanho",
    "$value": "[hp_88]",
    "$cortar": 0.12,
    "clip_ratio": "$cortar",
    "clip_direction": "$direçao",
    "offset": "$deslocamento",
    "bindings": [
      {
        "binding_name": "#hud_title_text_string"
      },
      {
        "binding_type": "view",
        "source_property_name": "(not((#hud_title_text_string - $value) = #hud_title_text_string))",
        "target_property_name": "#visible"
      }
    ]
  },
  "bar87": {
    "type": "image",
    "texture": "$textura",
    "anchor_from": "$ancora1",
    "anchor_to": "$ancora2",
    "layer": "$layer",
    "size": "$tamanho",
    "$value": "[hp_87]",
    "$cortar": 0.13,
    "clip_ratio": "$cortar",
    "clip_direction": "$direçao",
    "offset": "$deslocamento",
    "bindings": [
      {
        "binding_name": "#hud_title_text_string"
      },
      {
        "binding_type": "view",
        "source_property_name": "(not((#hud_title_text_string - $value) = #hud_title_text_string))",
        "target_property_name": "#visible"
      }
    ]
  },
  "bar86": {
    "type": "image",
    "texture": "$textura",
    "anchor_from": "$ancora1",
    "anchor_to": "$ancora2",
    "layer": "$layer",
    "size": "$tamanho",
    "$value": "[hp_86]",
    "$cortar": 0.14,
    "clip_ratio": "$cortar",
    "clip_direction": "$direçao",
    "offset": "$deslocamento",
    "bindings": [
      {
        "binding_name": "#hud_title_text_string"
      },
      {
        "binding_type": "view",
        "source_property_name": "(not((#hud_title_text_string - $value) = #hud_title_text_string))",
        "target_property_name": "#visible"
      }
    ]
  },
  "bar85": {
    "type": "image",
    "texture": "$textura",
    "anchor_from": "$ancora1",
    "anchor_to": "$ancora2",
    "layer": "$layer",
    "size": "$tamanho",
    "$value": "[hp_85]",
    "$cortar": 0.15,
    "clip_ratio": "$cortar",
    "clip_direction": "$direçao",
    "offset": "$deslocamento",
    "bindings": [
      {
        "binding_name": "#hud_title_text_string"
      },
      {
        "binding_type": "view",
        "source_property_name": "(not((#hud_title_text_string - $value) = #hud_title_text_string))",
        "target_property_name": "#visible"
      }
    ]
  },
  "bar84": {
    "type": "image",
    "texture": "$textura",
    "anchor_from": "$ancora1",
    "anchor_to": "$ancora2",
    "layer": "$layer",
    "size": "$tamanho",
    "$value": "[hp_84]",
    "$cortar": 0.16,
    "clip_ratio": "$cortar",
    "clip_direction": "$direçao",
    "offset": "$deslocamento",
    "bindings": [
      {
        "binding_name": "#hud_title_text_string"
      },
      {
        "binding_type": "view",
        "source_property_name": "(not((#hud_title_text_string - $value) = #hud_title_text_string))",
        "target_property_name": "#visible"
      }
    ]
  },
  "bar83": {
    "type": "image",
    "texture": "$textura",
    "anchor_from": "$ancora1",
    "anchor_to": "$ancora2",
    "layer": "$layer",
    "size": "$tamanho",
    "$value": "[hp_83]",
    "$cortar": 0.17,
    "clip_ratio": "$cortar",
    "clip_direction": "$direçao",
    "offset": "$deslocamento",
    "bindings": [
      {
        "binding_name": "#hud_title_text_string"
      },
      {
        "binding_type": "view",
        "source_property_name": "(not((#hud_title_text_string - $value) = #hud_title_text_string))",
        "target_property_name": "#visible"
      }
    ]
  },
  "bar82": {
    "type": "image",
    "texture": "$textura",
    "anchor_from": "$ancora1",
    "anchor_to": "$ancora2",
    "layer": "$layer",
    "size": "$tamanho",
    "$value": "[hp_82]",
    "$cortar": 0.18,
    "clip_ratio": "$cortar",
    "clip_direction": "$direçao",
    "offset": "$deslocamento",
    "bindings": [
      {
        "binding_name": "#hud_title_text_string"
      },
      {
        "binding_type": "view",
        "source_property_name": "(not((#hud_title_text_string - $value) = #hud_title_text_string))",
        "target_property_name": "#visible"
      }
    ]
  },
  "bar81": {
    "type": "image",
    "texture": "$textura",
    "anchor_from": "$ancora1",
    "anchor_to": "$ancora2",
    "layer": "$layer",
    "size": "$tamanho",
    "$value": "[hp_81]",
    "$cortar": 0.19,
    "clip_ratio": "$cortar",
    "clip_direction": "$direçao",
    "offset": "$deslocamento",
    "bindings": [
      {
        "binding_name": "#hud_title_text_string"
      },
      {
        "binding_type": "view",
        "source_property_name": "(not((#hud_title_text_string - $value) = #hud_title_text_string))",
        "target_property_name": "#visible"
      }
    ]
  },
  "bar80": {
    "type": "image",
    "texture": "$textura",
    "anchor_from": "$ancora1",
    "anchor_to": "$ancora2",
    "layer": "$layer",
    "size": "$tamanho",
    "$value": "[hp_80]",
    "$cortar": 0.2,
    "clip_ratio": "$cortar",
    "clip_direction": "$direçao",
    "offset": "$deslocamento",
    "bindings": [
      {
        "binding_name": "#hud_title_text_string"
      },
      {
        "binding_type": "view",
        "source_property_name": "(not((#hud_title_text_string - $value) = #hud_title_text_string))",
        "target_property_name": "#visible"
      }
    ]
  },
  "bar79": {
    "type": "image",
    "texture": "$textura",
    "anchor_from": "$ancora1",
    "anchor_to": "$ancora2",
    "layer": "$layer",
    "size": "$tamanho",
    "$value": "[hp_79]",
    "$cortar": 0.21,
    "clip_ratio": "$cortar",
    "clip_direction": "$direçao",
    "offset": "$deslocamento",
    "bindings": [
      {
        "binding_name": "#hud_title_text_string"
      },
      {
        "binding_type": "view",
        "source_property_name": "(not((#hud_title_text_string - $value) = #hud_title_text_string))",
        "target_property_name": "#visible"
      }
    ]
  },
  "bar78": {
    "type": "image",
    "texture": "$textura",
    "anchor_from": "$ancora1",
    "anchor_to": "$ancora2",
    "layer": "$layer",
    "size": "$tamanho",
    "$value": "[hp_78]",
    "$cortar": 0.22,
    "clip_ratio": "$cortar",
    "clip_direction": "$direçao",
    "offset": "$deslocamento",
    "bindings": [
      {
        "binding_name": "#hud_title_text_string"
      },
      {
        "binding_type": "view",
        "source_property_name": "(not((#hud_title_text_string - $value) = #hud_title_text_string))",
        "target_property_name": "#visible"
      }
    ]
  },
  "bar77": {
    "type": "image",
    "texture": "$textura",
    "anchor_from": "$ancora1",
    "anchor_to": "$ancora2",
    "layer": "$layer",
    "size": "$tamanho",
    "$value": "[hp_77]",
    "$cortar": 0.23,
    "clip_ratio": "$cortar",
    "clip_direction": "$direçao",
    "offset": "$deslocamento",
    "bindings": [
      {
        "binding_name": "#hud_title_text_string"
      },
      {
        "binding_type": "view",
        "source_property_name": "(not((#hud_title_text_string - $value) = #hud_title_text_string))",
        "target_property_name": "#visible"
      }
    ]
  },
  "bar76": {
    "type": "image",
    "texture": "$textura",
    "anchor_from": "$ancora1",
    "anchor_to": "$ancora2",
    "layer": "$layer",
    "size": "$tamanho",
    "$value": "[hp_76]",
    "$cortar": 0.24,
    "clip_ratio": "$cortar",
    "clip_direction": "$direçao",
    "offset": "$deslocamento",
    "bindings": [
      {
        "binding_name": "#hud_title_text_string"
      },
      {
        "binding_type": "view",
        "source_property_name": "(not((#hud_title_text_string - $value) = #hud_title_text_string))",
        "target_property_name": "#visible"
      }
    ]
  },
  "bar75": {
    "type": "image",
    "texture": "$textura",
    "anchor_from": "$ancora1",
    "anchor_to": "$ancora2",
    "layer": "$layer",
    "size": "$tamanho",
    "$value": "[hp_75]",
    "$cortar": 0.25,
    "clip_ratio": "$cortar",
    "clip_direction": "$direçao",
    "offset": "$deslocamento",
    "bindings": [
      {
        "binding_name": "#hud_title_text_string"
      },
      {
        "binding_type": "view",
        "source_property_name": "(not((#hud_title_text_string - $value) = #hud_title_text_string))",
        "target_property_name": "#visible"
      }
    ]
  },
  "bar74": {
    "type": "image",
    "texture": "$textura",
    "anchor_from": "$ancora1",
    "anchor_to": "$ancora2",
    "layer": "$layer",
    "size": "$tamanho",
    "$value": "[hp_74]",
    "$cortar": 0.26,
    "clip_ratio": "$cortar",
    "clip_direction": "$direçao",
    "offset": "$deslocamento",
    "bindings": [
      {
        "binding_name": "#hud_title_text_string"
      },
      {
        "binding_type": "view",
        "source_property_name": "(not((#hud_title_text_string - $value) = #hud_title_text_string))",
        "target_property_name": "#visible"
      }
    ]
  },
  "bar73": {
    "type": "image",
    "texture": "$textura",
    "anchor_from": "$ancora1",
    "anchor_to": "$ancora2",
    "layer": "$layer",
    "size": "$tamanho",
    "$value": "[hp_73]",
    "$cortar": 0.27,
    "clip_ratio": "$cortar",
    "clip_direction": "$direçao",
    "offset": "$deslocamento",
    "bindings": [
      {
        "binding_name": "#hud_title_text_string"
      },
      {
        "binding_type": "view",
        "source_property_name": "(not((#hud_title_text_string - $value) = #hud_title_text_string))",
        "target_property_name": "#visible"
      }
    ]
  },
  "bar72": {
    "type": "image",
    "texture": "$textura",
    "anchor_from": "$ancora1",
    "anchor_to": "$ancora2",
    "layer": "$layer",
    "size": "$tamanho",
    "$value": "[hp_72]",
    "$cortar": 0.28,
    "clip_ratio": "$cortar",
    "clip_direction": "$direçao",
    "offset": "$deslocamento",
    "bindings": [
      {
        "binding_name": "#hud_title_text_string"
      },
      {
        "binding_type": "view",
        "source_property_name": "(not((#hud_title_text_string - $value) = #hud_title_text_string))",
        "target_property_name": "#visible"
      }
    ]
  },
  "bar71": {
    "type": "image",
    "texture": "$textura",
    "anchor_from": "$ancora1",
    "anchor_to": "$ancora2",
    "layer": "$layer",
    "size": "$tamanho",
    "$value": "[hp_71]",
    "$cortar": 0.29,
    "clip_ratio": "$cortar",
    "clip_direction": "$direçao",
    "offset": "$deslocamento",
    "bindings": [
      {
        "binding_name": "#hud_title_text_string"
      },
      {
        "binding_type": "view",
        "source_property_name": "(not((#hud_title_text_string - $value) = #hud_title_text_string))",
        "target_property_name": "#visible"
      }
    ]
  },
  "bar70": {
    "type": "image",
    "texture": "$textura",
    "anchor_from": "$ancora1",
    "anchor_to": "$ancora2",
    "layer": "$layer",
    "size": "$tamanho",
    "$value": "[hp_70]",
    "$cortar": 0.3,
    "clip_ratio": "$cortar",
    "clip_direction": "$direçao",
    "offset": "$deslocamento",
    "bindings": [
      {
        "binding_name": "#hud_title_text_string"
      },
      {
        "binding_type": "view",
        "source_property_name": "(not((#hud_title_text_string - $value) = #hud_title_text_string))",
        "target_property_name": "#visible"
      }
    ]
  },
  "bar69": {
    "type": "image",
    "texture": "$textura",
    "anchor_from": "$ancora1",
    "anchor_to": "$ancora2",
    "layer": "$layer",
    "size": "$tamanho",
    "$value": "[hp_69]",
    "$cortar": 0.31,
    "clip_ratio": "$cortar",
    "clip_direction": "$direçao",
    "offset": "$deslocamento",
    "bindings": [
      {
        "binding_name": "#hud_title_text_string"
      },
      {
        "binding_type": "view",
        "source_property_name": "(not((#hud_title_text_string - $value) = #hud_title_text_string))",
        "target_property_name": "#visible"
      }
    ]
  },
  "bar68": {
    "type": "image",
    "texture": "$textura",
    "anchor_from": "$ancora1",
    "anchor_to": "$ancora2",
    "layer": "$layer",
    "size": "$tamanho",
    "$value": "[hp_68]",
    "$cortar": 0.32,
    "clip_ratio": "$cortar",
    "clip_direction": "$direçao",
    "offset": "$deslocamento",
    "bindings": [
      {
        "binding_name": "#hud_title_text_string"
      },
      {
        "binding_type": "view",
        "source_property_name": "(not((#hud_title_text_string - $value) = #hud_title_text_string))",
        "target_property_name": "#visible"
      }
    ]
  },
  "bar67": {
    "type": "image",
    "texture": "$textura",
    "anchor_from": "$ancora1",
    "anchor_to": "$ancora2",
    "layer": "$layer",
    "size": "$tamanho",
    "$value": "[hp_67]",
    "$cortar": 0.33,
    "clip_ratio": "$cortar",
    "clip_direction": "$direçao",
    "offset": "$deslocamento",
    "bindings": [
      {
        "binding_name": "#hud_title_text_string"
      },
      {
        "binding_type": "view",
        "source_property_name": "(not((#hud_title_text_string - $value) = #hud_title_text_string))",
        "target_property_name": "#visible"
      }
    ]
  },
  "bar66": {
    "type": "image",
    "texture": "$textura",
    "anchor_from": "$ancora1",
    "anchor_to": "$ancora2",
    "layer": "$layer",
    "size": "$tamanho",
    "$value": "[hp_66]",
    "$cortar": 0.34,
    "clip_ratio": "$cortar",
    "clip_direction": "$direçao",
    "offset": "$deslocamento",
    "bindings": [
      {
        "binding_name": "#hud_title_text_string"
      },
      {
        "binding_type": "view",
        "source_property_name": "(not((#hud_title_text_string - $value) = #hud_title_text_string))",
        "target_property_name": "#visible"
      }
    ]
  },
  "bar65": {
    "type": "image",
    "texture": "$textura",
    "anchor_from": "$ancora1",
    "anchor_to": "$ancora2",
    "layer": "$layer",
    "size": "$tamanho",
    "$value": "[hp_65]",
    "$cortar": 0.35,
    "clip_ratio": "$cortar",
    "clip_direction": "$direçao",
    "offset": "$deslocamento",
    "bindings": [
      {
        "binding_name": "#hud_title_text_string"
      },
      {
        "binding_type": "view",
        "source_property_name": "(not((#hud_title_text_string - $value) = #hud_title_text_string))",
        "target_property_name": "#visible"
      }
    ]
  },
  "bar64": {
    "type": "image",
    "texture": "$textura",
    "anchor_from": "$ancora1",
    "anchor_to": "$ancora2",
    "layer": "$layer",
    "size": "$tamanho",
    "$value": "[hp_64]",
    "$cortar": 0.36,
    "clip_ratio": "$cortar",
    "clip_direction": "$direçao",
    "offset": "$deslocamento",
    "bindings": [
      {
        "binding_name": "#hud_title_text_string"
      },
      {
        "binding_type": "view",
        "source_property_name": "(not((#hud_title_text_string - $value) = #hud_title_text_string))",
        "target_property_name": "#visible"
      }
    ]
  },
  "bar63": {
    "type": "image",
    "texture": "$textura",
    "anchor_from": "$ancora1",
    "anchor_to": "$ancora2",
    "layer": "$layer",
    "size": "$tamanho",
    "$value": "[hp_63]",
    "$cortar": 0.37,
    "clip_ratio": "$cortar",
    "clip_direction": "$direçao",
    "offset": "$deslocamento",
    "bindings": [
      {
        "binding_name": "#hud_title_text_string"
      },
      {
        "binding_type": "view",
        "source_property_name": "(not((#hud_title_text_string - $value) = #hud_title_text_string))",
        "target_property_name": "#visible"
      }
    ]
  },
  "bar62": {
    "type": "image",
    "texture": "$textura",
    "anchor_from": "$ancora1",
    "anchor_to": "$ancora2",
    "layer": "$layer",
    "size": "$tamanho",
    "$value": "[hp_62]",
    "$cortar": 0.38,
    "clip_ratio": "$cortar",
    "clip_direction": "$direçao",
    "offset": "$deslocamento",
    "bindings": [
      {
        "binding_name": "#hud_title_text_string"
      },
      {
        "binding_type": "view",
        "source_property_name": "(not((#hud_title_text_string - $value) = #hud_title_text_string))",
        "target_property_name": "#visible"
      }
    ]
  },
  "bar61": {
    "type": "image",
    "texture": "$textura",
    "anchor_from": "$ancora1",
    "anchor_to": "$ancora2",
    "layer": "$layer",
    "size": "$tamanho",
    "$value": "[hp_61]",
    "$cortar": 0.39,
    "clip_ratio": "$cortar",
    "clip_direction": "$direçao",
    "offset": "$deslocamento",
    "bindings": [
      {
        "binding_name": "#hud_title_text_string"
      },
      {
        "binding_type": "view",
        "source_property_name": "(not((#hud_title_text_string - $value) = #hud_title_text_string))",
        "target_property_name": "#visible"
      }
    ]
  },
  "bar60": {
    "type": "image",
    "texture": "$textura",
    "anchor_from": "$ancora1",
    "anchor_to": "$ancora2",
    "layer": "$layer",
    "size": "$tamanho",
    "$value": "[hp_60]",
    "$cortar": 0.4,
    "clip_ratio": "$cortar",
    "clip_direction": "$direçao",
    "offset": "$deslocamento",
    "bindings": [
      {
        "binding_name": "#hud_title_text_string"
      },
      {
        "binding_type": "view",
        "source_property_name": "(not((#hud_title_text_string - $value) = #hud_title_text_string))",
        "target_property_name": "#visible"
      }
    ]
  },
  "bar59": {
    "type": "image",
    "texture": "$textura",
    "anchor_from": "$ancora1",
    "anchor_to": "$ancora2",
    "layer": "$layer",
    "size": "$tamanho",
    "$value": "[hp_59]",
    "$cortar": 0.41,
    "clip_ratio": "$cortar",
    "clip_direction": "$direçao",
    "offset": "$deslocamento",
    "bindings": [
      {
        "binding_name": "#hud_title_text_string"
      },
      {
        "binding_type": "view",
        "source_property_name": "(not((#hud_title_text_string - $value) = #hud_title_text_string))",
        "target_property_name": "#visible"
      }
    ]
  },
  "bar58": {
    "type": "image",
    "texture": "$textura",
    "anchor_from": "$ancora1",
    "anchor_to": "$ancora2",
    "layer": "$layer",
    "size": "$tamanho",
    "$value": "[hp_58]",
    "$cortar": 0.42,
    "clip_ratio": "$cortar",
    "clip_direction": "$direçao",
    "offset": "$deslocamento",
    "bindings": [
      {
        "binding_name": "#hud_title_text_string"
      },
      {
        "binding_type": "view",
        "source_property_name": "(not((#hud_title_text_string - $value) = #hud_title_text_string))",
        "target_property_name": "#visible"
      }
    ]
  },
  "bar57": {
    "type": "image",
    "texture": "$textura",
    "anchor_from": "$ancora1",
    "anchor_to": "$ancora2",
    "layer": "$layer",
    "size": "$tamanho",
    "$value": "[hp_57]",
    "$cortar": 0.43,
    "clip_ratio": "$cortar",
    "clip_direction": "$direçao",
    "offset": "$deslocamento",
    "bindings": [
      {
        "binding_name": "#hud_title_text_string"
      },
      {
        "binding_type": "view",
        "source_property_name": "(not((#hud_title_text_string - $value) = #hud_title_text_string))",
        "target_property_name": "#visible"
      }
    ]
  },
  "bar56": {
    "type": "image",
    "texture": "$textura",
    "anchor_from": "$ancora1",
    "anchor_to": "$ancora2",
    "layer": "$layer",
    "size": "$tamanho",
    "$value": "[hp_56]",
    "$cortar": 0.44,
    "clip_ratio": "$cortar",
    "clip_direction": "$direçao",
    "offset": "$deslocamento",
    "bindings": [
      {
        "binding_name": "#hud_title_text_string"
      },
      {
        "binding_type": "view",
        "source_property_name": "(not((#hud_title_text_string - $value) = #hud_title_text_string))",
        "target_property_name": "#visible"
      }
    ]
  },
  "bar55": {
    "type": "image",
    "texture": "$textura",
    "anchor_from": "$ancora1",
    "anchor_to": "$ancora2",
    "layer": "$layer",
    "size": "$tamanho",
    "$value": "[hp_55]",
    "$cortar": 0.45,
    "clip_ratio": "$cortar",
    "clip_direction": "$direçao",
    "offset": "$deslocamento",
    "bindings": [
      {
        "binding_name": "#hud_title_text_string"
      },
      {
        "binding_type": "view",
        "source_property_name": "(not((#hud_title_text_string - $value) = #hud_title_text_string))",
        "target_property_name": "#visible"
      }
    ]
  },
  "bar54": {
    "type": "image",
    "texture": "$textura",
    "anchor_from": "$ancora1",
    "anchor_to": "$ancora2",
    "layer": "$layer",
    "size": "$tamanho",
    "$value": "[hp_54]",
    "$cortar": 0.46,
    "clip_ratio": "$cortar",
    "clip_direction": "$direçao",
    "offset": "$deslocamento",
    "bindings": [
      {
        "binding_name": "#hud_title_text_string"
      },
      {
        "binding_type": "view",
        "source_property_name": "(not((#hud_title_text_string - $value) = #hud_title_text_string))",
        "target_property_name": "#visible"
      }
    ]
  },
  "bar53": {
    "type": "image",
    "texture": "$textura",
    "anchor_from": "$ancora1",
    "anchor_to": "$ancora2",
    "layer": "$layer",
    "size": "$tamanho",
    "$value": "[hp_53]",
    "$cortar": 0.47,
    "clip_ratio": "$cortar",
    "clip_direction": "$direçao",
    "offset": "$deslocamento",
    "bindings": [
      {
        "binding_name": "#hud_title_text_string"
      },
      {
        "binding_type": "view",
        "source_property_name": "(not((#hud_title_text_string - $value) = #hud_title_text_string))",
        "target_property_name": "#visible"
      }
    ]
  },
  "bar52": {
    "type": "image",
    "texture": "$textura",
    "anchor_from": "$ancora1",
    "anchor_to": "$ancora2",
    "layer": "$layer",
    "size": "$tamanho",
    "$value": "[hp_52]",
    "$cortar": 0.48,
    "clip_ratio": "$cortar",
    "clip_direction": "$direçao",
    "offset": "$deslocamento",
    "bindings": [
      {
        "binding_name": "#hud_title_text_string"
      },
      {
        "binding_type": "view",
        "source_property_name": "(not((#hud_title_text_string - $value) = #hud_title_text_string))",
        "target_property_name": "#visible"
      }
    ]
  },
  "bar51": {
    "type": "image",
    "texture": "$textura",
    "anchor_from": "$ancora1",
    "anchor_to": "$ancora2",
    "layer": "$layer",
    "size": "$tamanho",
    "$value": "[hp_51]",
    "$cortar": 0.49,
    "clip_ratio": "$cortar",
    "clip_direction": "$direçao",
    "offset": "$deslocamento",
    "bindings": [
      {
        "binding_name": "#hud_title_text_string"
      },
      {
        "binding_type": "view",
        "source_property_name": "(not((#hud_title_text_string - $value) = #hud_title_text_string))",
        "target_property_name": "#visible"
      }
    ]
  },
  "bar50": {
    "type": "image",
    "texture": "$textura",
    "anchor_from": "$ancora1",
    "anchor_to": "$ancora2",
    "layer": "$layer",
    "size": "$tamanho",
    "$value": "[hp_50]",
    "$cortar": 0.5,
    "clip_ratio": "$cortar",
    "clip_direction": "$direçao",
    "offset": "$deslocamento",
    "bindings": [
      {
        "binding_name": "#hud_title_text_string"
      },
      {
        "binding_type": "view",
        "source_property_name": "(not((#hud_title_text_string - $value) = #hud_title_text_string))",
        "target_property_name": "#visible"
      }
    ]
  },
  "bar49": {
    "type": "image",
    "texture": "$textura",
    "anchor_from": "$ancora1",
    "anchor_to": "$ancora2",
    "layer": "$layer",
    "size": "$tamanho",
    "$value": "[hp_49]",
    "$cortar": 0.51,
    "clip_ratio": "$cortar",
    "clip_direction": "$direçao",
    "offset": "$deslocamento",
    "bindings": [
      {
        "binding_name": "#hud_title_text_string"
      },
      {
        "binding_type": "view",
        "source_property_name": "(not((#hud_title_text_string - $value) = #hud_title_text_string))",
        "target_property_name": "#visible"
      }
    ]
  },
  "bar48": {
    "type": "image",
    "texture": "$textura",
    "anchor_from": "$ancora1",
    "anchor_to": "$ancora2",
    "layer": "$layer",
    "size": "$tamanho",
    "$value": "[hp_48]",
    "$cortar": 0.52,
    "clip_ratio": "$cortar",
    "clip_direction": "$direçao",
    "offset": "$deslocamento",
    "bindings": [
      {
        "binding_name": "#hud_title_text_string"
      },
      {
        "binding_type": "view",
        "source_property_name": "(not((#hud_title_text_string - $value) = #hud_title_text_string))",
        "target_property_name": "#visible"
      }
    ]
  },
  "bar47": {
    "type": "image",
    "texture": "$textura",
    "anchor_from": "$ancora1",
    "anchor_to": "$ancora2",
    "layer": "$layer",
    "size": "$tamanho",
    "$value": "[hp_47]",
    "$cortar": 0.53,
    "clip_ratio": "$cortar",
    "clip_direction": "$direçao",
    "offset": "$deslocamento",
    "bindings": [
      {
        "binding_name": "#hud_title_text_string"
      },
      {
        "binding_type": "view",
        "source_property_name": "(not((#hud_title_text_string - $value) = #hud_title_text_string))",
        "target_property_name": "#visible"
      }
    ]
  },
  "bar46": {
    "type": "image",
    "texture": "$textura",
    "anchor_from": "$ancora1",
    "anchor_to": "$ancora2",
    "layer": "$layer",
    "size": "$tamanho",
    "$value": "[hp_46]",
    "$cortar": 0.54,
    "clip_ratio": "$cortar",
    "clip_direction": "$direçao",
    "offset": "$deslocamento",
    "bindings": [
      {
        "binding_name": "#hud_title_text_string"
      },
      {
        "binding_type": "view",
        "source_property_name": "(not((#hud_title_text_string - $value) = #hud_title_text_string))",
        "target_property_name": "#visible"
      }
    ]
  },
  "bar45": {
    "type": "image",
    "texture": "$textura",
    "anchor_from": "$ancora1",
    "anchor_to": "$ancora2",
    "layer": "$layer",
    "size": "$tamanho",
    "$value": "[hp_45]",
    "$cortar": 0.55,
    "clip_ratio": "$cortar",
    "clip_direction": "$direçao",
    "offset": "$deslocamento",
    "bindings": [
      {
        "binding_name": "#hud_title_text_string"
      },
      {
        "binding_type": "view",
        "source_property_name": "(not((#hud_title_text_string - $value) = #hud_title_text_string))",
        "target_property_name": "#visible"
      }
    ]
  },
  "bar44": {
    "type": "image",
    "texture": "$textura",
    "anchor_from": "$ancora1",
    "anchor_to": "$ancora2",
    "layer": "$layer",
    "size": "$tamanho",
    "$value": "[hp_44]",
    "$cortar": 0.56,
    "clip_ratio": "$cortar",
    "clip_direction": "$direçao",
    "offset": "$deslocamento",
    "bindings": [
      {
        "binding_name": "#hud_title_text_string"
      },
      {
        "binding_type": "view",
        "source_property_name": "(not((#hud_title_text_string - $value) = #hud_title_text_string))",
        "target_property_name": "#visible"
      }
    ]
  },
  "bar43": {
    "type": "image",
    "texture": "$textura",
    "anchor_from": "$ancora1",
    "anchor_to": "$ancora2",
    "layer": "$layer",
    "size": "$tamanho",
    "$value": "[hp_43]",
    "$cortar": 0.57,
    "clip_ratio": "$cortar",
    "clip_direction": "$direçao",
    "offset": "$deslocamento",
    "bindings": [
      {
        "binding_name": "#hud_title_text_string"
      },
      {
        "binding_type": "view",
        "source_property_name": "(not((#hud_title_text_string - $value) = #hud_title_text_string))",
        "target_property_name": "#visible"
      }
    ]
  },
  "bar42": {
    "type": "image",
    "texture": "$textura",
    "anchor_from": "$ancora1",
    "anchor_to": "$ancora2",
    "layer": "$layer",
    "size": "$tamanho",
    "$value": "[hp_42]",
    "$cortar": 0.58,
    "clip_ratio": "$cortar",
    "clip_direction": "$direçao",
    "offset": "$deslocamento",
    "bindings": [
      {
        "binding_name": "#hud_title_text_string"
      },
      {
        "binding_type": "view",
        "source_property_name": "(not((#hud_title_text_string - $value) = #hud_title_text_string))",
        "target_property_name": "#visible"
      }
    ]
  },
  "bar41": {
    "type": "image",
    "texture": "$textura",
    "anchor_from": "$ancora1",
    "anchor_to": "$ancora2",
    "layer": "$layer",
    "size": "$tamanho",
    "$value": "[hp_41]",
    "$cortar": 0.59,
    "clip_ratio": "$cortar",
    "clip_direction": "$direçao",
    "offset": "$deslocamento",
    "bindings": [
      {
        "binding_name": "#hud_title_text_string"
      },
      {
        "binding_type": "view",
        "source_property_name": "(not((#hud_title_text_string - $value) = #hud_title_text_string))",
        "target_property_name": "#visible"
      }
    ]
  },
  "bar40": {
    "type": "image",
    "texture": "$textura",
    "anchor_from": "$ancora1",
    "anchor_to": "$ancora2",
    "layer": "$layer",
    "size": "$tamanho",
    "$value": "[hp_40]",
    "$cortar": 0.6,
    "clip_ratio": "$cortar",
    "clip_direction": "$direçao",
    "offset": "$deslocamento",
    "bindings": [
      {
        "binding_name": "#hud_title_text_string"
      },
      {
        "binding_type": "view",
        "source_property_name": "(not((#hud_title_text_string - $value) = #hud_title_text_string))",
        "target_property_name": "#visible"
      }
    ]
  },
  "bar39": {
    "type": "image",
    "texture": "$textura",
    "anchor_from": "$ancora1",
    "anchor_to": "$ancora2",
    "layer": "$layer",
    "size": "$tamanho",
    "$value": "[hp_39]",
    "$cortar": 0.61,
    "clip_ratio": "$cortar",
    "clip_direction": "$direçao",
    "offset": "$deslocamento",
    "bindings": [
      {
        "binding_name": "#hud_title_text_string"
      },
      {
        "binding_type": "view",
        "source_property_name": "(not((#hud_title_text_string - $value) = #hud_title_text_string))",
        "target_property_name": "#visible"
      }
    ]
  },
  "bar38": {
    "type": "image",
    "texture": "$textura",
    "anchor_from": "$ancora1",
    "anchor_to": "$ancora2",
    "layer": "$layer",
    "size": "$tamanho",
    "$value": "[hp_38]",
    "$cortar": 0.62,
    "clip_ratio": "$cortar",
    "clip_direction": "$direçao",
    "offset": "$deslocamento",
    "bindings": [
      {
        "binding_name": "#hud_title_text_string"
      },
      {
        "binding_type": "view",
        "source_property_name": "(not((#hud_title_text_string - $value) = #hud_title_text_string))",
        "target_property_name": "#visible"
      }
    ]
  },
  "bar37": {
    "type": "image",
    "texture": "$textura",
    "anchor_from": "$ancora1",
    "anchor_to": "$ancora2",
    "layer": "$layer",
    "size": "$tamanho",
    "$value": "[hp_37]",
    "$cortar": 0.63,
    "clip_ratio": "$cortar",
    "clip_direction": "$direçao",
    "offset": "$deslocamento",
    "bindings": [
      {
        "binding_name": "#hud_title_text_string"
      },
      {
        "binding_type": "view",
        "source_property_name": "(not((#hud_title_text_string - $value) = #hud_title_text_string))",
        "target_property_name": "#visible"
      }
    ]
  },
  "bar36": {
    "type": "image",
    "texture": "$textura",
    "anchor_from": "$ancora1",
    "anchor_to": "$ancora2",
    "layer": "$layer",
    "size": "$tamanho",
    "$value": "[hp_36]",
    "$cortar": 0.64,
    "clip_ratio": "$cortar",
    "clip_direction": "$direçao",
    "offset": "$deslocamento",
    "bindings": [
      {
        "binding_name": "#hud_title_text_string"
      },
      {
        "binding_type": "view",
        "source_property_name": "(not((#hud_title_text_string - $value) = #hud_title_text_string))",
        "target_property_name": "#visible"
      }
    ]
  },
  "bar35": {
    "type": "image",
    "texture": "$textura",
    "anchor_from": "$ancora1",
    "anchor_to": "$ancora2",
    "layer": "$layer",
    "size": "$tamanho",
    "$value": "[hp_35]",
    "$cortar": 0.65,
    "clip_ratio": "$cortar",
    "clip_direction": "$direçao",
    "offset": "$deslocamento",
    "bindings": [
      {
        "binding_name": "#hud_title_text_string"
      },
      {
        "binding_type": "view",
        "source_property_name": "(not((#hud_title_text_string - $value) = #hud_title_text_string))",
        "target_property_name": "#visible"
      }
    ]
  },
  "bar34": {
    "type": "image",
    "texture": "$textura",
    "anchor_from": "$ancora1",
    "anchor_to": "$ancora2",
    "layer": "$layer",
    "size": "$tamanho",
    "$value": "[hp_34]",
    "$cortar": 0.66,
    "clip_ratio": "$cortar",
    "clip_direction": "$direçao",
    "offset": "$deslocamento",
    "bindings": [
      {
        "binding_name": "#hud_title_text_string"
      },
      {
        "binding_type": "view",
        "source_property_name": "(not((#hud_title_text_string - $value) = #hud_title_text_string))",
        "target_property_name": "#visible"
      }
    ]
  },
  "bar33": {
    "type": "image",
    "texture": "$textura",
    "anchor_from": "$ancora1",
    "anchor_to": "$ancora2",
    "layer": "$layer",
    "size": "$tamanho",
    "$value": "[hp_33]",
    "$cortar": 0.67,
    "clip_ratio": "$cortar",
    "clip_direction": "$direçao",
    "offset": "$deslocamento",
    "bindings": [
      {
        "binding_name": "#hud_title_text_string"
      },
      {
        "binding_type": "view",
        "source_property_name": "(not((#hud_title_text_string - $value) = #hud_title_text_string))",
        "target_property_name": "#visible"
      }
    ]
  },
  "bar32": {
    "type": "image",
    "texture": "$textura",
    "anchor_from": "$ancora1",
    "anchor_to": "$ancora2",
    "layer": "$layer",
    "size": "$tamanho",
    "$value": "[hp_32]",
    "$cortar": 0.68,
    "clip_ratio": "$cortar",
    "clip_direction": "$direçao",
    "offset": "$deslocamento",
    "bindings": [
      {
        "binding_name": "#hud_title_text_string"
      },
      {
        "binding_type": "view",
        "source_property_name": "(not((#hud_title_text_string - $value) = #hud_title_text_string))",
        "target_property_name": "#visible"
      }
    ]
  },
  "bar31": {
    "type": "image",
    "texture": "$textura",
    "anchor_from": "$ancora1",
    "anchor_to": "$ancora2",
    "layer": "$layer",
    "size": "$tamanho",
    "$value": "[hp_31]",
    "$cortar": 0.69,
    "clip_ratio": "$cortar",
    "clip_direction": "$direçao",
    "offset": "$deslocamento",
    "bindings": [
      {
        "binding_name": "#hud_title_text_string"
      },
      {
        "binding_type": "view",
        "source_property_name": "(not((#hud_title_text_string - $value) = #hud_title_text_string))",
        "target_property_name": "#visible"
      }
    ]
  },
  "bar30": {
    "type": "image",
    "texture": "$textura",
    "anchor_from": "$ancora1",
    "anchor_to": "$ancora2",
    "layer": "$layer",
    "size": "$tamanho",
    "$value": "[hp_30]",
    "$cortar": 0.7,
    "clip_ratio": "$cortar",
    "clip_direction": "$direçao",
    "offset": "$deslocamento",
    "bindings": [
      {
        "binding_name": "#hud_title_text_string"
      },
      {
        "binding_type": "view",
        "source_property_name": "(not((#hud_title_text_string - $value) = #hud_title_text_string))",
        "target_property_name": "#visible"
      }
    ]
  },
  "bar29": {
    "type": "image",
    "texture": "$textura",
    "anchor_from": "$ancora1",
    "anchor_to": "$ancora2",
    "layer": "$layer",
    "size": "$tamanho",
    "$value": "[hp_29]",
    "$cortar": 0.71,
    "clip_ratio": "$cortar",
    "clip_direction": "$direçao",
    "offset": "$deslocamento",
    "bindings": [
      {
        "binding_name": "#hud_title_text_string"
      },
      {
        "binding_type": "view",
        "source_property_name": "(not((#hud_title_text_string - $value) = #hud_title_text_string))",
        "target_property_name": "#visible"
      }
    ]
  },
  "bar28": {
    "type": "image",
    "texture": "$textura",
    "anchor_from": "$ancora1",
    "anchor_to": "$ancora2",
    "layer": "$layer",
    "size": "$tamanho",
    "$value": "[hp_28]",
    "$cortar": 0.72,
    "clip_ratio": "$cortar",
    "clip_direction": "$direçao",
    "offset": "$deslocamento",
    "bindings": [
      {
        "binding_name": "#hud_title_text_string"
      },
      {
        "binding_type": "view",
        "source_property_name": "(not((#hud_title_text_string - $value) = #hud_title_text_string))",
        "target_property_name": "#visible"
      }
    ]
  },
  "bar27": {
    "type": "image",
    "texture": "$textura",
    "anchor_from": "$ancora1",
    "anchor_to": "$ancora2",
    "layer": "$layer",
    "size": "$tamanho",
    "$value": "[hp_27]",
    "$cortar": 0.73,
    "clip_ratio": "$cortar",
    "clip_direction": "$direçao",
    "offset": "$deslocamento",
    "bindings": [
      {
        "binding_name": "#hud_title_text_string"
      },
      {
        "binding_type": "view",
        "source_property_name": "(not((#hud_title_text_string - $value) = #hud_title_text_string))",
        "target_property_name": "#visible"
      }
    ]
  },
  "bar26": {
    "type": "image",
    "texture": "$textura",
    "anchor_from": "$ancora1",
    "anchor_to": "$ancora2",
    "layer": "$layer",
    "size": "$tamanho",
    "$value": "[hp_26]",
    "$cortar": 0.74,
    "clip_ratio": "$cortar",
    "clip_direction": "$direçao",
    "offset": "$deslocamento",
    "bindings": [
      {
        "binding_name": "#hud_title_text_string"
      },
      {
        "binding_type": "view",
        "source_property_name": "(not((#hud_title_text_string - $value) = #hud_title_text_string))",
        "target_property_name": "#visible"
      }
    ]
  },
  "bar25": {
    "type": "image",
    "texture": "$textura",
    "anchor_from": "$ancora1",
    "anchor_to": "$ancora2",
    "layer": "$layer",
    "size": "$tamanho",
    "$value": "[hp_25]",
    "$cortar": 0.75,
    "clip_ratio": "$cortar",
    "clip_direction": "$direçao",
    "offset": "$deslocamento",
    "bindings": [
      {
        "binding_name": "#hud_title_text_string"
      },
      {
        "binding_type": "view",
        "source_property_name": "(not((#hud_title_text_string - $value) = #hud_title_text_string))",
        "target_property_name": "#visible"
      }
    ]
  },
  "bar24": {
    "type": "image",
    "texture": "$textura",
    "anchor_from": "$ancora1",
    "anchor_to": "$ancora2",
    "layer": "$layer",
    "size": "$tamanho",
    "$value": "[hp_24]",
    "$cortar": 0.76,
    "clip_ratio": "$cortar",
    "clip_direction": "$direçao",
    "offset": "$deslocamento",
    "bindings": [
      {
        "binding_name": "#hud_title_text_string"
      },
      {
        "binding_type": "view",
        "source_property_name": "(not((#hud_title_text_string - $value) = #hud_title_text_string))",
        "target_property_name": "#visible"
      }
    ]
  },
  "bar23": {
    "type": "image",
    "texture": "$textura",
    "anchor_from": "$ancora1",
    "anchor_to": "$ancora2",
    "layer": "$layer",
    "size": "$tamanho",
    "$value": "[hp_23]",
    "$cortar": 0.77,
    "clip_ratio": "$cortar",
    "clip_direction": "$direçao",
    "offset": "$deslocamento",
    "bindings": [
      {
        "binding_name": "#hud_title_text_string"
      },
      {
        "binding_type": "view",
        "source_property_name": "(not((#hud_title_text_string - $value) = #hud_title_text_string))",
        "target_property_name": "#visible"
      }
    ]
  },
  "bar22": {
    "type": "image",
    "texture": "$textura",
    "anchor_from": "$ancora1",
    "anchor_to": "$ancora2",
    "layer": "$layer",
    "size": "$tamanho",
    "$value": "[hp_22]",
    "$cortar": 0.78,
    "clip_ratio": "$cortar",
    "clip_direction": "$direçao",
    "offset": "$deslocamento",
    "bindings": [
      {
        "binding_name": "#hud_title_text_string"
      },
      {
        "binding_type": "view",
        "source_property_name": "(not((#hud_title_text_string - $value) = #hud_title_text_string))",
        "target_property_name": "#visible"
      }
    ]
  },
  "bar21": {
    "type": "image",
    "texture": "$textura",
    "anchor_from": "$ancora1",
    "anchor_to": "$ancora2",
    "layer": "$layer",
    "size": "$tamanho",
    "$value": "[hp_21]",
    "$cortar": 0.79,
    "clip_ratio": "$cortar",
    "clip_direction": "$direçao",
    "offset": "$deslocamento",
    "bindings": [
      {
        "binding_name": "#hud_title_text_string"
      },
      {
        "binding_type": "view",
        "source_property_name": "(not((#hud_title_text_string - $value) = #hud_title_text_string))",
        "target_property_name": "#visible"
      }
    ]
  },
  "bar20": {
    "type": "image",
    "texture": "$textura",
    "anchor_from": "$ancora1",
    "anchor_to": "$ancora2",
    "layer": "$layer",
    "size": "$tamanho",
    "$value": "[hp_20]",
    "$cortar": 0.8,
    "clip_ratio": "$cortar",
    "clip_direction": "$direçao",
    "offset": "$deslocamento",
    "bindings": [
      {
        "binding_name": "#hud_title_text_string"
      },
      {
        "binding_type": "view",
        "source_property_name": "(not((#hud_title_text_string - $value) = #hud_title_text_string))",
        "target_property_name": "#visible"
      }
    ]
  },
  "bar19": {
    "type": "image",
    "texture": "$textura",
    "anchor_from": "$ancora1",
    "anchor_to": "$ancora2",
    "layer": "$layer",
    "size": "$tamanho",
    "$value": "[hp_19]",
    "$cortar": 0.81,
    "clip_ratio": "$cortar",
    "clip_direction": "$direçao",
    "offset": "$deslocamento",
    "bindings": [
      {
        "binding_name": "#hud_title_text_string"
      },
      {
        "binding_type": "view",
        "source_property_name": "(not((#hud_title_text_string - $value) = #hud_title_text_string))",
        "target_property_name": "#visible"
      }
    ]
  },
  "bar18": {
    "type": "image",
    "texture": "$textura",
    "anchor_from": "$ancora1",
    "anchor_to": "$ancora2",
    "layer": "$layer",
    "size": "$tamanho",
    "$value": "[hp_18]",
    "$cortar": 0.82,
    "clip_ratio": "$cortar",
    "clip_direction": "$direçao",
    "offset": "$deslocamento",
    "bindings": [
      {
        "binding_name": "#hud_title_text_string"
      },
      {
        "binding_type": "view",
        "source_property_name": "(not((#hud_title_text_string - $value) = #hud_title_text_string))",
        "target_property_name": "#visible"
      }
    ]
  },
  "bar17": {
    "type": "image",
    "texture": "$textura",
    "anchor_from": "$ancora1",
    "anchor_to": "$ancora2",
    "layer": "$layer",
    "size": "$tamanho",
    "$value": "[hp_17]",
    "$cortar": 0.83,
    "clip_ratio": "$cortar",
    "clip_direction": "$direçao",
    "offset": "$deslocamento",
    "bindings": [
      {
        "binding_name": "#hud_title_text_string"
      },
      {
        "binding_type": "view",
        "source_property_name": "(not((#hud_title_text_string - $value) = #hud_title_text_string))",
        "target_property_name": "#visible"
      }
    ]
  },
  "bar16": {
    "type": "image",
    "texture": "$textura",
    "anchor_from": "$ancora1",
    "anchor_to": "$ancora2",
    "layer": "$layer",
    "size": "$tamanho",
    "$value": "[hp_16]",
    "$cortar": 0.84,
    "clip_ratio": "$cortar",
    "clip_direction": "$direçao",
    "offset": "$deslocamento",
    "bindings": [
      {
        "binding_name": "#hud_title_text_string"
      },
      {
        "binding_type": "view",
        "source_property_name": "(not((#hud_title_text_string - $value) = #hud_title_text_string))",
        "target_property_name": "#visible"
      }
    ]
  },
  "bar15": {
    "type": "image",
    "texture": "$textura",
    "anchor_from": "$ancora1",
    "anchor_to": "$ancora2",
    "layer": "$layer",
    "size": "$tamanho",
    "$value": "[hp_15]",
    "$cortar": 0.85,
    "clip_ratio": "$cortar",
    "clip_direction": "$direçao",
    "offset": "$deslocamento",
    "bindings": [
      {
        "binding_name": "#hud_title_text_string"
      },
      {
        "binding_type": "view",
        "source_property_name": "(not((#hud_title_text_string - $value) = #hud_title_text_string))",
        "target_property_name": "#visible"
      }
    ]
  },
  "bar14": {
    "type": "image",
    "texture": "$textura",
    "anchor_from": "$ancora1",
    "anchor_to": "$ancora2",
    "layer": "$layer",
    "size": "$tamanho",
    "$value": "[hp_14]",
    "$cortar": 0.86,
    "clip_ratio": "$cortar",
    "clip_direction": "$direçao",
    "offset": "$deslocamento",
    "bindings": [
      {
        "binding_name": "#hud_title_text_string"
      },
      {
        "binding_type": "view",
        "source_property_name": "(not((#hud_title_text_string - $value) = #hud_title_text_string))",
        "target_property_name": "#visible"
      }
    ]
  },
  "bar13": {
    "type": "image",
    "texture": "$textura",
    "anchor_from": "$ancora1",
    "anchor_to": "$ancora2",
    "layer": "$layer",
    "size": "$tamanho",
    "$value": "[hp_13]",
    "$cortar": 0.87,
    "clip_ratio": "$cortar",
    "clip_direction": "$direçao",
    "offset": "$deslocamento",
    "bindings": [
      {
        "binding_name": "#hud_title_text_string"
      },
      {
        "binding_type": "view",
        "source_property_name": "(not((#hud_title_text_string - $value) = #hud_title_text_string))",
        "target_property_name": "#visible"
      }
    ]
  },
  "bar12": {
    "type": "image",
    "texture": "$textura",
    "anchor_from": "$ancora1",
    "anchor_to": "$ancora2",
    "layer": "$layer",
    "size": "$tamanho",
    "$value": "[hp_12]",
    "$cortar": 0.88,
    "clip_ratio": "$cortar",
    "clip_direction": "$direçao",
    "offset": "$deslocamento",
    "bindings": [
      {
        "binding_name": "#hud_title_text_string"
      },
      {
        "binding_type": "view",
        "source_property_name": "(not((#hud_title_text_string - $value) = #hud_title_text_string))",
        "target_property_name": "#visible"
      }
    ]
  },
  "bar11": {
    "type": "image",
    "texture": "$textura",
    "anchor_from": "$ancora1",
    "anchor_to": "$ancora2",
    "layer": "$layer",
    "size": "$tamanho",
    "$value": "[hp_11]",
    "$cortar": 0.89,
    "clip_ratio": "$cortar",
    "clip_direction": "$direçao",
    "offset": "$deslocamento",
    "bindings": [
      {
        "binding_name": "#hud_title_text_string"
      },
      {
        "binding_type": "view",
        "source_property_name": "(not((#hud_title_text_string - $value) = #hud_title_text_string))",
        "target_property_name": "#visible"
      }
    ]
  },
  "bar10": {
    "type": "image",
    "texture": "$textura",
    "anchor_from": "$ancora1",
    "anchor_to": "$ancora2",
    "layer": "$layer",
    "size": "$tamanho",
    "$value": "[hp_10]",
    "$cortar": 0.9,
    "clip_ratio": "$cortar",
    "clip_direction": "$direçao",
    "offset": "$deslocamento",
    "bindings": [
      {
        "binding_name": "#hud_title_text_string"
      },
      {
        "binding_type": "view",
        "source_property_name": "(not((#hud_title_text_string - $value) = #hud_title_text_string))",
        "target_property_name": "#visible"
      }
    ]
  },
  "bar9": {
    "type": "image",
    "texture": "$textura",
    "anchor_from": "$ancora1",
    "anchor_to": "$ancora2",
    "layer": "$layer",
    "size": "$tamanho",
    "$value": "[hp_9]",
    "$cortar": 0.91,
    "clip_ratio": "$cortar",
    "clip_direction": "$direçao",
    "offset": "$deslocamento",
    "bindings": [
      {
        "binding_name": "#hud_title_text_string"
      },
      {
        "binding_type": "view",
        "source_property_name": "(not((#hud_title_text_string - $value) = #hud_title_text_string))",
        "target_property_name": "#visible"
      }
    ]
  },
  "bar8": {
    "type": "image",
    "texture": "$textura",
    "anchor_from": "$ancora1",
    "anchor_to": "$ancora2",
    "layer": "$layer",
    "size": "$tamanho",
    "$value": "[hp_8]",
    "$cortar": 0.92,
    "clip_ratio": "$cortar",
    "clip_direction": "$direçao",
    "offset": "$deslocamento",
    "bindings": [
      {
        "binding_name": "#hud_title_text_string"
      },
      {
        "binding_type": "view",
        "source_property_name": "(not((#hud_title_text_string - $value) = #hud_title_text_string))",
        "target_property_name": "#visible"
      }
    ]
  },
  "bar7": {
    "type": "image",
    "texture": "$textura",
    "anchor_from": "$ancora1",
    "anchor_to": "$ancora2",
    "layer": "$layer",
    "size": "$tamanho",
    "$value": "[hp_7]",
    "$cortar": 0.93,
    "clip_ratio": "$cortar",
    "clip_direction": "$direçao",
    "offset": "$deslocamento",
    "bindings": [
      {
        "binding_name": "#hud_title_text_string"
      },
      {
        "binding_type": "view",
        "source_property_name": "(not((#hud_title_text_string - $value) = #hud_title_text_string))",
        "target_property_name": "#visible"
      }
    ]
  },
  "bar6": {
    "type": "image",
    "texture": "$textura",
    "anchor_from": "$ancora1",
    "anchor_to": "$ancora2",
    "layer": "$layer",
    "size": "$tamanho",
    "$value": "[hp_6]",
    "$cortar": 0.94,
    "clip_ratio": "$cortar",
    "clip_direction": "$direçao",
    "offset": "$deslocamento",
    "bindings": [
      {
        "binding_name": "#hud_title_text_string"
      },
      {
        "binding_type": "view",
        "source_property_name": "(not((#hud_title_text_string - $value) = #hud_title_text_string))",
        "target_property_name": "#visible"
      }
    ]
  },
  "bar5": {
    "type": "image",
    "texture": "$textura",
    "anchor_from": "$ancora1",
    "anchor_to": "$ancora2",
    "layer": "$layer",
    "size": "$tamanho",
    "$value": "[hp_5]",
    "$cortar": 0.95,
    "clip_ratio": "$cortar",
    "clip_direction": "$direçao",
    "offset": "$deslocamento",
    "bindings": [
      {
        "binding_name": "#hud_title_text_string"
      },
      {
        "binding_type": "view",
        "source_property_name": "(not((#hud_title_text_string - $value) = #hud_title_text_string))",
        "target_property_name": "#visible"
      }
    ]
  },
  "bar4": {
    "type": "image",
    "texture": "$textura",
    "anchor_from": "$ancora1",
    "anchor_to": "$ancora2",
    "layer": "$layer",
    "size": "$tamanho",
    "$value": "[hp_4]",
    "$cortar": 0.96,
    "clip_ratio": "$cortar",
    "clip_direction": "$direçao",
    "offset": "$deslocamento",
    "bindings": [
      {
        "binding_name": "#hud_title_text_string"
      },
      {
        "binding_type": "view",
        "source_property_name": "(not((#hud_title_text_string - $value) = #hud_title_text_string))",
        "target_property_name": "#visible"
      }
    ]
  },
  "bar3": {
    "type": "image",
    "texture": "$textura",
    "anchor_from": "$ancora1",
    "anchor_to": "$ancora2",
    "layer": "$layer",
    "size": "$tamanho",
    "$value": "[hp_3]",
    "$cortar": 0.97,
    "clip_ratio": "$cortar",
    "clip_direction": "$direçao",
    "offset": "$deslocamento",
    "bindings": [
      {
        "binding_name": "#hud_title_text_string"
      },
      {
        "binding_type": "view",
        "source_property_name": "(not((#hud_title_text_string - $value) = #hud_title_text_string))",
        "target_property_name": "#visible"
      }
    ]
  },
  "bar2": {
    "type": "image",
    "texture": "$textura",
    "anchor_from": "$ancora1",
    "anchor_to": "$ancora2",
    "layer": "$layer",
    "size": "$tamanho",
    "$value": "[hp_2]",
    "$cortar": 0.98,
    "clip_ratio": "$cortar",
    "clip_direction": "$direçao",
    "offset": "$deslocamento",
    "bindings": [
      {
        "binding_name": "#hud_title_text_string"
      },
      {
        "binding_type": "view",
        "source_property_name": "(not((#hud_title_text_string - $value) = #hud_title_text_string))",
        "target_property_name": "#visible"
      }
    ]
  },
  "bar1": {
    "type": "image",
    "texture": "$textura",
    "anchor_from": "$ancora1",
    "anchor_to": "$ancora2",
    "layer": "$layer",
    "size": "$tamanho",
    "$value": "[hp_1]",
    "$cortar": 0.99,
    "clip_ratio": "$cortar",
    "clip_direction": "$direçao",
    "offset": "$deslocamento",
    "bindings": [
      {
        "binding_name": "#hud_title_text_string"
      },
      {
        "binding_type": "view",
        "source_property_name": "(not((#hud_title_text_string - $value) = #hud_title_text_string))",
        "target_property_name": "#visible"
      }
    ]
  },
  "bar0": {
    "type": "image",
    "texture": "$textura",
    "anchor_from": "$ancora1",
    "anchor_to": "$ancora2",
    "layer": "$layer",
    "size": "$tamanho",
    "$value": "[hp_0]",
    "$cortar": 1,
    "clip_ratio": "$cortar",
    "clip_direction": "$direçao",
    "offset": "$deslocamento",
    "bindings": [
      {
        "binding_name": "#hud_title_text_string"
      },
      {
        "binding_type": "view",
        "source_property_name": "(not((#hud_title_text_string - $value) = #hud_title_text_string))",
        "target_property_name": "#visible"
      }
    ]
  }
}}