{
  "namespace": "xp",
  "xp_panel": {
    "type": "panel",
    "$textura": "textures/ui/ydekuh/xp",
    "$ancora1": "bottom_middle",
    "$ancora2": "bottom_middle",
    "$layer": 10,
    "$deslocamento": [
      -200,
      -230
    ],
    "$tamanho": [
      95,
      13
    ],
    "$direçao": "left",
    "controls": [
      {
        "bar0@xp.bar0": {}
      },
      {
        "bar1@xp.bar1": {}
      },
      {
        "bar2@xp.bar2": {}
      },
      {
        "bar3@xp.bar3": {}
      },
      {
        "bar4@xp.bar4": {}
      },
      {
        "bar5@xp.bar5": {}
      },
      {
        "bar6@xp.bar6": {}
      },
      {
        "bar7@xp.bar7": {}
      },
      {
        "bar8@xp.bar8": {}
      },
      {
        "bar9@xp.bar9": {}
      },
      {
        "bar10@xp.bar10": {}
      },
      {
        "bar11@xp.bar11": {}
      },
      {
        "bar12@xp.bar12": {}
      },
      {
        "bar13@xp.bar13": {}
      },
      {
        "bar14@xp.bar14": {}
      },
      {
        "bar15@xp.bar15": {}
      },
      {
        "bar16@xp.bar16": {}
      },
      {
        "bar17@xp.bar17": {}
      },
      {
        "bar18@xp.bar18": {}
      },
      {
        "bar19@xp.bar19": {}
      },
      {
        "bar20@xp.bar20": {}
      },
      {
        "bar21@xp.bar21": {}
      },
      {
        "bar22@xp.bar22": {}
      },
      {
        "bar23@xp.bar23": {}
      },
      {
        "bar24@xp.bar24": {}
      },
      {
        "bar25@xp.bar25": {}
      },
      {
        "bar26@xp.bar26": {}
      },
      {
        "bar27@xp.bar27": {}
      },
      {
        "bar28@xp.bar28": {}
      },
      {
        "bar29@xp.bar29": {}
      },
      {
        "bar30@xp.bar30": {}
      },
      {
        "bar31@xp.bar31": {}
      },
      {
        "bar32@xp.bar32": {}
      },
      {
        "bar33@xp.bar33": {}
      },
      {
        "bar34@xp.bar34": {}
      },
      {
        "bar35@xp.bar35": {}
      },
      {
        "bar36@xp.bar36": {}
      },
      {
        "bar37@xp.bar37": {}
      },
      {
        "bar38@xp.bar38": {}
      },
      {
        "bar39@xp.bar39": {}
      },
      {
        "bar40@xp.bar40": {}
      },
      {
        "bar41@xp.bar41": {}
      },
      {
        "bar42@xp.bar42": {}
      },
      {
        "bar43@xp.bar43": {}
      },
      {
        "bar44@xp.bar44": {}
      },
      {
        "bar45@xp.bar45": {}
      },
      {
        "bar46@xp.bar46": {}
      },
      {
        "bar47@xp.bar47": {}
      },
      {
        "bar48@xp.bar48": {}
      },
      {
        "bar49@xp.bar49": {}
      },
      {
        "bar50@xp.bar50": {}
      },
      {
        "bar51@xp.bar51": {}
      },
      {
        "bar52@xp.bar52": {}
      },
      {
        "bar53@xp.bar53": {}
      },
      {
        "bar54@xp.bar54": {}
      },
      {
        "bar55@xp.bar55": {}
      },
      {
        "bar56@xp.bar56": {}
      },
      {
        "bar57@xp.bar57": {}
      },
      {
        "bar58@xp.bar58": {}
      },
      {
        "bar59@xp.bar59": {}
      },
      {
        "bar60@xp.bar60": {}
      },
      {
        "bar61@xp.bar61": {}
      },
      {
        "bar62@xp.bar62": {}
      },
      {
        "bar63@xp.bar63": {}
      },
      {
        "bar64@xp.bar64": {}
      },
      {
        "bar65@xp.bar65": {}
      },
      {
        "bar66@xp.bar66": {}
      },
      {
        "bar67@xp.bar67": {}
      },
      {
        "bar68@xp.bar68": {}
      },
      {
        "bar69@xp.bar69": {}
      },
      {
        "bar70@xp.bar70": {}
      },
      {
        "bar71@xp.bar71": {}
      },
      {
        "bar72@xp.bar72": {}
      },
      {
        "bar73@xp.bar73": {}
      },
      {
        "bar74@xp.bar74": {}
      },
      {
        "bar75@xp.bar75": {}
      },
      {
        "bar76@xp.bar76": {}
      },
      {
        "bar77@xp.bar77": {}
      },
      {
        "bar78@xp.bar78": {}
      },
      {
        "bar79@xp.bar79": {}
      },
      {
        "bar80@xp.bar80": {}
      },
      {
        "bar81@xp.bar81": {}
      },
      {
        "bar82@xp.bar82": {}
      },
      {
        "bar83@xp.bar83": {}
      },
      {
        "bar84@xp.bar84": {}
      },
      {
        "bar85@xp.bar85": {}
      },
      {
        "bar86@xp.bar86": {}
      },
      {
        "bar87@xp.bar87": {}
      },
      {
        "bar88@xp.bar88": {}
      },
      {
        "bar89@xp.bar89": {}
      },
      {
        "bar90@xp.bar90": {}
      },
      {
        "bar91@xp.bar91": {}
      },
      {
        "bar92@xp.bar92": {}
      },
      {
        "bar93@xp.bar93": {}
      },
      {
        "bar94@xp.bar94": {}
      },
      {
        "bar95@xp.bar95": {}
      },
      {
        "bar96@xp.bar96": {}
      },
      {
        "bar97@xp.bar97": {}
      },
      {
        "bar98@xp.bar98": {}
      },
      {
        "bar99@xp.bar99": {}
      },
      {
        "bar100@xp.bar100": {}
      }
    ]
  },
  "bar100": {
    "type": "image",
    "texture": "$textura",
    "anchor_from": "$ancora1",
    "anchor_to": "$ancora2",
    "layer": "$layer",
    "size": "$tamanho",
    "$value": "[xp_100]",
    "$cortar": 0,
    "clip_ratio": "$cortar",
    "clip_direction": "$direçao",
    "offset": "$deslocamento",
    "bindings": [
      {
        "binding_name": "#hud_title_text_string"
      },
      {
        "binding_type": "view",
        "source_property_name": "(not((#hud_title_text_string - $value) = #hud_title_text_string))",
        "target_property_name": "#visible"
      }
    ]
  },
  "bar99": {
    "type": "image",
    "texture": "$textura",
    "anchor_from": "$ancora1",
    "anchor_to": "$ancora2",
    "layer": "$layer",
    "size": "$tamanho",
    "$value": "[xp_99]",
    "$cortar": 0.01,
    "clip_ratio": "$cortar",
    "clip_direction": "$direçao",
    "offset": "$deslocamento",
    "bindings": [
      {
        "binding_name": "#hud_title_text_string"
      },
      {
        "binding_type": "view",
        "source_property_name": "(not((#hud_title_text_string - $value) = #hud_title_text_string))",
        "target_property_name": "#visible"
      }
    ]
  },
  "bar98": {
    "type": "image",
    "texture": "$textura",
    "anchor_from": "$ancora1",
    "anchor_to": "$ancora2",
    "layer": "$layer",
    "size": "$tamanho",
    "$value": "[xp_98]",
    "$cortar": 0.02,
    "clip_ratio": "$cortar",
    "clip_direction": "$direçao",
    "offset": "$deslocamento",
    "bindings": [
      {
        "binding_name": "#hud_title_text_string"
      },
      {
        "binding_type": "view",
        "source_property_name": "(not((#hud_title_text_string - $value) = #hud_title_text_string))",
        "target_property_name": "#visible"
      }
    ]
  },
  "bar97": {
    "type": "image",
    "texture": "$textura",
    "anchor_from": "$ancora1",
    "anchor_to": "$ancora2",
    "layer": "$layer",
    "size": "$tamanho",
    "$value": "[xp_97]",
    "$cortar": 0.03,
    "clip_ratio": "$cortar",
    "clip_direction": "$direçao",
    "offset": "$deslocamento",
    "bindings": [
      {
        "binding_name": "#hud_title_text_string"
      },
      {
        "binding_type": "view",
        "source_property_name": "(not((#hud_title_text_string - $value) = #hud_title_text_string))",
        "target_property_name": "#visible"
      }
    ]
  },
  "bar96": {
    "type": "image",
    "texture": "$textura",
    "anchor_from": "$ancora1",
    "anchor_to": "$ancora2",
    "layer": "$layer",
    "size": "$tamanho",
    "$value": "[xp_96]",
    "$cortar": 0.04,
    "clip_ratio": "$cortar",
    "clip_direction": "$direçao",
    "offset": "$deslocamento",
    "bindings": [
      {
        "binding_name": "#hud_title_text_string"
      },
      {
        "binding_type": "view",
        "source_property_name": "(not((#hud_title_text_string - $value) = #hud_title_text_string))",
        "target_property_name": "#visible"
      }
    ]
  },
  "bar95": {
    "type": "image",
    "texture": "$textura",
    "anchor_from": "$ancora1",
    "anchor_to": "$ancora2",
    "layer": "$layer",
    "size": "$tamanho",
    "$value": "[xp_95]",
    "$cortar": 0.05,
    "clip_ratio": "$cortar",
    "clip_direction": "$direçao",
    "offset": "$deslocamento",
    "bindings": [
      {
        "binding_name": "#hud_title_text_string"
      },
      {
        "binding_type": "view",
        "source_property_name": "(not((#hud_title_text_string - $value) = #hud_title_text_string))",
        "target_property_name": "#visible"
      }
    ]
  },
  "bar94": {
    "type": "image",
    "texture": "$textura",
    "anchor_from": "$ancora1",
    "anchor_to": "$ancora2",
    "layer": "$layer",
    "size": "$tamanho",
    "$value": "[xp_94]",
    "$cortar": 0.06,
    "clip_ratio": "$cortar",
    "clip_direction": "$direçao",
    "offset": "$deslocamento",
    "bindings": [
      {
        "binding_name": "#hud_title_text_string"
      },
      {
        "binding_type": "view",
        "source_property_name": "(not((#hud_title_text_string - $value) = #hud_title_text_string))",
        "target_property_name": "#visible"
      }
    ]
  },
  "bar93": {
    "type": "image",
    "texture": "$textura",
    "anchor_from": "$ancora1",
    "anchor_to": "$ancora2",
    "layer": "$layer",
    "size": "$tamanho",
    "$value": "[xp_93]",
    "$cortar": 0.07,
    "clip_ratio": "$cortar",
    "clip_direction": "$direçao",
    "offset": "$deslocamento",
    "bindings": [
      {
        "binding_name": "#hud_title_text_string"
      },
      {
        "binding_type": "view",
        "source_property_name": "(not((#hud_title_text_string - $value) = #hud_title_text_string))",
        "target_property_name": "#visible"
      }
    ]
  },
  "bar92": {
    "type": "image",
    "texture": "$textura",
    "anchor_from": "$ancora1",
    "anchor_to": "$ancora2",
    "layer": "$layer",
    "size": "$tamanho",
    "$value": "[xp_92]",
    "$cortar": 0.08,
    "clip_ratio": "$cortar",
    "clip_direction": "$direçao",
    "offset": "$deslocamento",
    "bindings": [
      {
        "binding_name": "#hud_title_text_string"
      },
      {
        "binding_type": "view",
        "source_property_name": "(not((#hud_title_text_string - $value) = #hud_title_text_string))",
        "target_property_name": "#visible"
      }
    ]
  },
  "bar91": {
    "type": "image",
    "texture": "$textura",
    "anchor_from": "$ancora1",
    "anchor_to": "$ancora2",
    "layer": "$layer",
    "size": "$tamanho",
    "$value": "[xp_91]",
    "$cortar": 0.09,
    "clip_ratio": "$cortar",
    "clip_direction": "$direçao",
    "offset": "$deslocamento",
    "bindings": [
      {
        "binding_name": "#hud_title_text_string"
      },
      {
        "binding_type": "view",
        "source_property_name": "(not((#hud_title_text_string - $value) = #hud_title_text_string))",
        "target_property_name": "#visible"
      }
    ]
  },
  "bar90": {
    "type": "image",
    "texture": "$textura",
    "anchor_from": "$ancora1",
    "anchor_to": "$ancora2",
    "layer": "$layer",
    "size": "$tamanho",
    "$value": "[xp_90]",
    "$cortar": 0.1,
    "clip_ratio": "$cortar",
    "clip_direction": "$direçao",
    "offset": "$deslocamento",
    "bindings": [
      {
        "binding_name": "#hud_title_text_string"
      },
      {
        "binding_type": "view",
        "source_property_name": "(not((#hud_title_text_string - $value) = #hud_title_text_string))",
        "target_property_name": "#visible"
      }
    ]
  },
  "bar89": {
    "type": "image",
    "texture": "$textura",
    "anchor_from": "$ancora1",
    "anchor_to": "$ancora2",
    "layer": "$layer",
    "size": "$tamanho",
    "$value": "[xp_89]",
    "$cortar": 0.11,
    "clip_ratio": "$cortar",
    "clip_direction": "$direçao",
    "offset": "$deslocamento",
    "bindings": [
      {
        "binding_name": "#hud_title_text_string"
      },
      {
        "binding_type": "view",
        "source_property_name": "(not((#hud_title_text_string - $value) = #hud_title_text_string))",
        "target_property_name": "#visible"
      }
    ]
  },
  "bar88": {
    "type": "image",
    "texture": "$textura",
    "anchor_from": "$ancora1",
    "anchor_to": "$ancora2",
    "layer": "$layer",
    "size": "$tamanho",
    "$value": "[xp_88]",
    "$cortar": 0.12,
    "clip_ratio": "$cortar",
    "clip_direction": "$direçao",
    "offset": "$deslocamento",
    "bindings": [
      {
        "binding_name": "#hud_title_text_string"
      },
      {
        "binding_type": "view",
        "source_property_name": "(not((#hud_title_text_string - $value) = #hud_title_text_string))",
        "target_property_name": "#visible"
      }
    ]
  },
  "bar87": {
    "type": "image",
    "texture": "$textura",
    "anchor_from": "$ancora1",
    "anchor_to": "$ancora2",
    "layer": "$layer",
    "size": "$tamanho",
    "$value": "[xp_87]",
    "$cortar": 0.13,
    "clip_ratio": "$cortar",
    "clip_direction": "$direçao",
    "offset": "$deslocamento",
    "bindings": [
      {
        "binding_name": "#hud_title_text_string"
      },
      {
        "binding_type": "view",
        "source_property_name": "(not((#hud_title_text_string - $value) = #hud_title_text_string))",
        "target_property_name": "#visible"
      }
    ]
  },
  "bar86": {
    "type": "image",
    "texture": "$textura",
    "anchor_from": "$ancora1",
    "anchor_to": "$ancora2",
    "layer": "$layer",
    "size": "$tamanho",
    "$value": "[xp_86]",
    "$cortar": 0.14,
    "clip_ratio": "$cortar",
    "clip_direction": "$direçao",
    "offset": "$deslocamento",
    "bindings": [
      {
        "binding_name": "#hud_title_text_string"
      },
      {
        "binding_type": "view",
        "source_property_name": "(not((#hud_title_text_string - $value) = #hud_title_text_string))",
        "target_property_name": "#visible"
      }
    ]
  },
  "bar85": {
    "type": "image",
    "texture": "$textura",
    "anchor_from": "$ancora1",
    "anchor_to": "$ancora2",
    "layer": "$layer",
    "size": "$tamanho",
    "$value": "[xp_85]",
    "$cortar": 0.15,
    "clip_ratio": "$cortar",
    "clip_direction": "$direçao",
    "offset": "$deslocamento",
    "bindings": [
      {
        "binding_name": "#hud_title_text_string"
      },
      {
        "binding_type": "view",
        "source_property_name": "(not((#hud_title_text_string - $value) = #hud_title_text_string))",
        "target_property_name": "#visible"
      }
    ]
  },
  "bar84": {
    "type": "image",
    "texture": "$textura",
    "anchor_from": "$ancora1",
    "anchor_to": "$ancora2",
    "layer": "$layer",
    "size": "$tamanho",
    "$value": "[xp_84]",
    "$cortar": 0.16,
    "clip_ratio": "$cortar",
    "clip_direction": "$direçao",
    "offset": "$deslocamento",
    "bindings": [
      {
        "binding_name": "#hud_title_text_string"
      },
      {
        "binding_type": "view",
        "source_property_name": "(not((#hud_title_text_string - $value) = #hud_title_text_string))",
        "target_property_name": "#visible"
      }
    ]
  },
  "bar83": {
    "type": "image",
    "texture": "$textura",
    "anchor_from": "$ancora1",
    "anchor_to": "$ancora2",
    "layer": "$layer",
    "size": "$tamanho",
    "$value": "[xp_83]",
    "$cortar": 0.17,
    "clip_ratio": "$cortar",
    "clip_direction": "$direçao",
    "offset": "$deslocamento",
    "bindings": [
      {
        "binding_name": "#hud_title_text_string"
      },
      {
        "binding_type": "view",
        "source_property_name": "(not((#hud_title_text_string - $value) = #hud_title_text_string))",
        "target_property_name": "#visible"
      }
    ]
  },
  "bar82": {
    "type": "image",
    "texture": "$textura",
    "anchor_from": "$ancora1",
    "anchor_to": "$ancora2",
    "layer": "$layer",
    "size": "$tamanho",
    "$value": "[xp_82]",
    "$cortar": 0.18,
    "clip_ratio": "$cortar",
    "clip_direction": "$direçao",
    "offset": "$deslocamento",
    "bindings": [
      {
        "binding_name": "#hud_title_text_string"
      },
      {
        "binding_type": "view",
        "source_property_name": "(not((#hud_title_text_string - $value) = #hud_title_text_string))",
        "target_property_name": "#visible"
      }
    ]
  },
  "bar81": {
    "type": "image",
    "texture": "$textura",
    "anchor_from": "$ancora1",
    "anchor_to": "$ancora2",
    "layer": "$layer",
    "size": "$tamanho",
    "$value": "[xp_81]",
    "$cortar": 0.19,
    "clip_ratio": "$cortar",
    "clip_direction": "$direçao",
    "offset": "$deslocamento",
    "bindings": [
      {
        "binding_name": "#hud_title_text_string"
      },
      {
        "binding_type": "view",
        "source_property_name": "(not((#hud_title_text_string - $value) = #hud_title_text_string))",
        "target_property_name": "#visible"
      }
    ]
  },
  "bar80": {
    "type": "image",
    "texture": "$textura",
    "anchor_from": "$ancora1",
    "anchor_to": "$ancora2",
    "layer": "$layer",
    "size": "$tamanho",
    "$value": "[xp_80]",
    "$cortar": 0.2,
    "clip_ratio": "$cortar",
    "clip_direction": "$direçao",
    "offset": "$deslocamento",
    "bindings": [
      {
        "binding_name": "#hud_title_text_string"
      },
      {
        "binding_type": "view",
        "source_property_name": "(not((#hud_title_text_string - $value) = #hud_title_text_string))",
        "target_property_name": "#visible"
      }
    ]
  },
  "bar79": {
    "type": "image",
    "texture": "$textura",
    "anchor_from": "$ancora1",
    "anchor_to": "$ancora2",
    "layer": "$layer",
    "size": "$tamanho",
    "$value": "[xp_79]",
    "$cortar": 0.21,
    "clip_ratio": "$cortar",
    "clip_direction": "$direçao",
    "offset": "$deslocamento",
    "bindings": [
      {
        "binding_name": "#hud_title_text_string"
      },
      {
        "binding_type": "view",
        "source_property_name": "(not((#hud_title_text_string - $value) = #hud_title_text_string))",
        "target_property_name": "#visible"
      }
    ]
  },
  "bar78": {
    "type": "image",
    "texture": "$textura",
    "anchor_from": "$ancora1",
    "anchor_to": "$ancora2",
    "layer": "$layer",
    "size": "$tamanho",
    "$value": "[xp_78]",
    "$cortar": 0.22,
    "clip_ratio": "$cortar",
    "clip_direction": "$direçao",
    "offset": "$deslocamento",
    "bindings": [
      {
        "binding_name": "#hud_title_text_string"
      },
      {
        "binding_type": "view",
        "source_property_name": "(not((#hud_title_text_string - $value) = #hud_title_text_string))",
        "target_property_name": "#visible"
      }
    ]
  },
  "bar77": {
    "type": "image",
    "texture": "$textura",
    "anchor_from": "$ancora1",
    "anchor_to": "$ancora2",
    "layer": "$layer",
    "size": "$tamanho",
    "$value": "[xp_77]",
    "$cortar": 0.23,
    "clip_ratio": "$cortar",
    "clip_direction": "$direçao",
    "offset": "$deslocamento",
    "bindings": [
      {
        "binding_name": "#hud_title_text_string"
      },
      {
        "binding_type": "view",
        "source_property_name": "(not((#hud_title_text_string - $value) = #hud_title_text_string))",
        "target_property_name": "#visible"
      }
    ]
  },
  "bar76": {
    "type": "image",
    "texture": "$textura",
    "anchor_from": "$ancora1",
    "anchor_to": "$ancora2",
    "layer": "$layer",
    "size": "$tamanho",
    "$value": "[xp_76]",
    "$cortar": 0.24,
    "clip_ratio": "$cortar",
    "clip_direction": "$direçao",
    "offset": "$deslocamento",
    "bindings": [
      {
        "binding_name": "#hud_title_text_string"
      },
      {
        "binding_type": "view",
        "source_property_name": "(not((#hud_title_text_string - $value) = #hud_title_text_string))",
        "target_property_name": "#visible"
      }
    ]
  },
  "bar75": {
    "type": "image",
    "texture": "$textura",
    "anchor_from": "$ancora1",
    "anchor_to": "$ancora2",
    "layer": "$layer",
    "size": "$tamanho",
    "$value": "[xp_75]",
    "$cortar": 0.25,
    "clip_ratio": "$cortar",
    "clip_direction": "$direçao",
    "offset": "$deslocamento",
    "bindings": [
      {
        "binding_name": "#hud_title_text_string"
      },
      {
        "binding_type": "view",
        "source_property_name": "(not((#hud_title_text_string - $value) = #hud_title_text_string))",
        "target_property_name": "#visible"
      }
    ]
  },
  "bar74": {
    "type": "image",
    "texture": "$textura",
    "anchor_from": "$ancora1",
    "anchor_to": "$ancora2",
    "layer": "$layer",
    "size": "$tamanho",
    "$value": "[xp_74]",
    "$cortar": 0.26,
    "clip_ratio": "$cortar",
    "clip_direction": "$direçao",
    "offset": "$deslocamento",
    "bindings": [
      {
        "binding_name": "#hud_title_text_string"
      },
      {
        "binding_type": "view",
        "source_property_name": "(not((#hud_title_text_string - $value) = #hud_title_text_string))",
        "target_property_name": "#visible"
      }
    ]
  },
  "bar73": {
    "type": "image",
    "texture": "$textura",
    "anchor_from": "$ancora1",
    "anchor_to": "$ancora2",
    "layer": "$layer",
    "size": "$tamanho",
    "$value": "[xp_73]",
    "$cortar": 0.27,
    "clip_ratio": "$cortar",
    "clip_direction": "$direçao",
    "offset": "$deslocamento",
    "bindings": [
      {
        "binding_name": "#hud_title_text_string"
      },
      {
        "binding_type": "view",
        "source_property_name": "(not((#hud_title_text_string - $value) = #hud_title_text_string))",
        "target_property_name": "#visible"
      }
    ]
  },
  "bar72": {
    "type": "image",
    "texture": "$textura",
    "anchor_from": "$ancora1",
    "anchor_to": "$ancora2",
    "layer": "$layer",
    "size": "$tamanho",
    "$value": "[xp_72]",
    "$cortar": 0.28,
    "clip_ratio": "$cortar",
    "clip_direction": "$direçao",
    "offset": "$deslocamento",
    "bindings": [
      {
        "binding_name": "#hud_title_text_string"
      },
      {
        "binding_type": "view",
        "source_property_name": "(not((#hud_title_text_string - $value) = #hud_title_text_string))",
        "target_property_name": "#visible"
      }
    ]
  },
  "bar71": {
    "type": "image",
    "texture": "$textura",
    "anchor_from": "$ancora1",
    "anchor_to": "$ancora2",
    "layer": "$layer",
    "size": "$tamanho",
    "$value": "[xp_71]",
    "$cortar": 0.29,
    "clip_ratio": "$cortar",
    "clip_direction": "$direçao",
    "offset": "$deslocamento",
    "bindings": [
      {
        "binding_name": "#hud_title_text_string"
      },
      {
        "binding_type": "view",
        "source_property_name": "(not((#hud_title_text_string - $value) = #hud_title_text_string))",
        "target_property_name": "#visible"
      }
    ]
  },
  "bar70": {
    "type": "image",
    "texture": "$textura",
    "anchor_from": "$ancora1",
    "anchor_to": "$ancora2",
    "layer": "$layer",
    "size": "$tamanho",
    "$value": "[xp_70]",
    "$cortar": 0.3,
    "clip_ratio": "$cortar",
    "clip_direction": "$direçao",
    "offset": "$deslocamento",
    "bindings": [
      {
        "binding_name": "#hud_title_text_string"
      },
      {
        "binding_type": "view",
        "source_property_name": "(not((#hud_title_text_string - $value) = #hud_title_text_string))",
        "target_property_name": "#visible"
      }
    ]
  },
  "bar69": {
    "type": "image",
    "texture": "$textura",
    "anchor_from": "$ancora1",
    "anchor_to": "$ancora2",
    "layer": "$layer",
    "size": "$tamanho",
    "$value": "[xp_69]",
    "$cortar": 0.31,
    "clip_ratio": "$cortar",
    "clip_direction": "$direçao",
    "offset": "$deslocamento",
    "bindings": [
      {
        "binding_name": "#hud_title_text_string"
      },
      {
        "binding_type": "view",
        "source_property_name": "(not((#hud_title_text_string - $value) = #hud_title_text_string))",
        "target_property_name": "#visible"
      }
    ]
  },
  "bar68": {
    "type": "image",
    "texture": "$textura",
    "anchor_from": "$ancora1",
    "anchor_to": "$ancora2",
    "layer": "$layer",
    "size": "$tamanho",
    "$value": "[xp_68]",
    "$cortar": 0.32,
    "clip_ratio": "$cortar",
    "clip_direction": "$direçao",
    "offset": "$deslocamento",
    "bindings": [
      {
        "binding_name": "#hud_title_text_string"
      },
      {
        "binding_type": "view",
        "source_property_name": "(not((#hud_title_text_string - $value) = #hud_title_text_string))",
        "target_property_name": "#visible"
      }
    ]
  },
  "bar67": {
    "type": "image",
    "texture": "$textura",
    "anchor_from": "$ancora1",
    "anchor_to": "$ancora2",
    "layer": "$layer",
    "size": "$tamanho",
    "$value": "[xp_67]",
    "$cortar": 0.33,
    "clip_ratio": "$cortar",
    "clip_direction": "$direçao",
    "offset": "$deslocamento",
    "bindings": [
      {
        "binding_name": "#hud_title_text_string"
      },
      {
        "binding_type": "view",
        "source_property_name": "(not((#hud_title_text_string - $value) = #hud_title_text_string))",
        "target_property_name": "#visible"
      }
    ]
  },
  "bar66": {
    "type": "image",
    "texture": "$textura",
    "anchor_from": "$ancora1",
    "anchor_to": "$ancora2",
    "layer": "$layer",
    "size": "$tamanho",
    "$value": "[xp_66]",
    "$cortar": 0.34,
    "clip_ratio": "$cortar",
    "clip_direction": "$direçao",
    "offset": "$deslocamento",
    "bindings": [
      {
        "binding_name": "#hud_title_text_string"
      },
      {
        "binding_type": "view",
        "source_property_name": "(not((#hud_title_text_string - $value) = #hud_title_text_string))",
        "target_property_name": "#visible"
      }
    ]
  },
  "bar65": {
    "type": "image",
    "texture": "$textura",
    "anchor_from": "$ancora1",
    "anchor_to": "$ancora2",
    "layer": "$layer",
    "size": "$tamanho",
    "$value": "[xp_65]",
    "$cortar": 0.35,
    "clip_ratio": "$cortar",
    "clip_direction": "$direçao",
    "offset": "$deslocamento",
    "bindings": [
      {
        "binding_name": "#hud_title_text_string"
      },
      {
        "binding_type": "view",
        "source_property_name": "(not((#hud_title_text_string - $value) = #hud_title_text_string))",
        "target_property_name": "#visible"
      }
    ]
  },
  "bar64": {
    "type": "image",
    "texture": "$textura",
    "anchor_from": "$ancora1",
    "anchor_to": "$ancora2",
    "layer": "$layer",
    "size": "$tamanho",
    "$value": "[xp_64]",
    "$cortar": 0.36,
    "clip_ratio": "$cortar",
    "clip_direction": "$direçao",
    "offset": "$deslocamento",
    "bindings": [
      {
        "binding_name": "#hud_title_text_string"
      },
      {
        "binding_type": "view",
        "source_property_name": "(not((#hud_title_text_string - $value) = #hud_title_text_string))",
        "target_property_name": "#visible"
      }
    ]
  },
  "bar63": {
    "type": "image",
    "texture": "$textura",
    "anchor_from": "$ancora1",
    "anchor_to": "$ancora2",
    "layer": "$layer",
    "size": "$tamanho",
    "$value": "[xp_63]",
    "$cortar": 0.37,
    "clip_ratio": "$cortar",
    "clip_direction": "$direçao",
    "offset": "$deslocamento",
    "bindings": [
      {
        "binding_name": "#hud_title_text_string"
      },
      {
        "binding_type": "view",
        "source_property_name": "(not((#hud_title_text_string - $value) = #hud_title_text_string))",
        "target_property_name": "#visible"
      }
    ]
  },
  "bar62": {
    "type": "image",
    "texture": "$textura",
    "anchor_from": "$ancora1",
    "anchor_to": "$ancora2",
    "layer": "$layer",
    "size": "$tamanho",
    "$value": "[xp_62]",
    "$cortar": 0.38,
    "clip_ratio": "$cortar",
    "clip_direction": "$direçao",
    "offset": "$deslocamento",
    "bindings": [
      {
        "binding_name": "#hud_title_text_string"
      },
      {
        "binding_type": "view",
        "source_property_name": "(not((#hud_title_text_string - $value) = #hud_title_text_string))",
        "target_property_name": "#visible"
      }
    ]
  },
  "bar61": {
    "type": "image",
    "texture": "$textura",
    "anchor_from": "$ancora1",
    "anchor_to": "$ancora2",
    "layer": "$layer",
    "size": "$tamanho",
    "$value": "[xp_61]",
    "$cortar": 0.39,
    "clip_ratio": "$cortar",
    "clip_direction": "$direçao",
    "offset": "$deslocamento",
    "bindings": [
      {
        "binding_name": "#hud_title_text_string"
      },
      {
        "binding_type": "view",
        "source_property_name": "(not((#hud_title_text_string - $value) = #hud_title_text_string))",
        "target_property_name": "#visible"
      }
    ]
  },
  "bar60": {
    "type": "image",
    "texture": "$textura",
    "anchor_from": "$ancora1",
    "anchor_to": "$ancora2",
    "layer": "$layer",
    "size": "$tamanho",
    "$value": "[xp_60]",
    "$cortar": 0.4,
    "clip_ratio": "$cortar",
    "clip_direction": "$direçao",
    "offset": "$deslocamento",
    "bindings": [
      {
        "binding_name": "#hud_title_text_string"
      },
      {
        "binding_type": "view",
        "source_property_name": "(not((#hud_title_text_string - $value) = #hud_title_text_string))",
        "target_property_name": "#visible"
      }
    ]
  },
  "bar59": {
    "type": "image",
    "texture": "$textura",
    "anchor_from": "$ancora1",
    "anchor_to": "$ancora2",
    "layer": "$layer",
    "size": "$tamanho",
    "$value": "[xp_59]",
    "$cortar": 0.41,
    "clip_ratio": "$cortar",
    "clip_direction": "$direçao",
    "offset": "$deslocamento",
    "bindings": [
      {
        "binding_name": "#hud_title_text_string"
      },
      {
        "binding_type": "view",
        "source_property_name": "(not((#hud_title_text_string - $value) = #hud_title_text_string))",
        "target_property_name": "#visible"
      }
    ]
  },
  "bar58": {
    "type": "image",
    "texture": "$textura",
    "anchor_from": "$ancora1",
    "anchor_to": "$ancora2",
    "layer": "$layer",
    "size": "$tamanho",
    "$value": "[xp_58]",
    "$cortar": 0.42,
    "clip_ratio": "$cortar",
    "clip_direction": "$direçao",
    "offset": "$deslocamento",
    "bindings": [
      {
        "binding_name": "#hud_title_text_string"
      },
      {
        "binding_type": "view",
        "source_property_name": "(not((#hud_title_text_string - $value) = #hud_title_text_string))",
        "target_property_name": "#visible"
      }
    ]
  },
  "bar57": {
    "type": "image",
    "texture": "$textura",
    "anchor_from": "$ancora1",
    "anchor_to": "$ancora2",
    "layer": "$layer",
    "size": "$tamanho",
    "$value": "[xp_57]",
    "$cortar": 0.43,
    "clip_ratio": "$cortar",
    "clip_direction": "$direçao",
    "offset": "$deslocamento",
    "bindings": [
      {
        "binding_name": "#hud_title_text_string"
      },
      {
        "binding_type": "view",
        "source_property_name": "(not((#hud_title_text_string - $value) = #hud_title_text_string))",
        "target_property_name": "#visible"
      }
    ]
  },
  "bar56": {
    "type": "image",
    "texture": "$textura",
    "anchor_from": "$ancora1",
    "anchor_to": "$ancora2",
    "layer": "$layer",
    "size": "$tamanho",
    "$value": "[xp_56]",
    "$cortar": 0.44,
    "clip_ratio": "$cortar",
    "clip_direction": "$direçao",
    "offset": "$deslocamento",
    "bindings": [
      {
        "binding_name": "#hud_title_text_string"
      },
      {
        "binding_type": "view",
        "source_property_name": "(not((#hud_title_text_string - $value) = #hud_title_text_string))",
        "target_property_name": "#visible"
      }
    ]
  },
  "bar55": {
    "type": "image",
    "texture": "$textura",
    "anchor_from": "$ancora1",
    "anchor_to": "$ancora2",
    "layer": "$layer",
    "size": "$tamanho",
    "$value": "[xp_55]",
    "$cortar": 0.45,
    "clip_ratio": "$cortar",
    "clip_direction": "$direçao",
    "offset": "$deslocamento",
    "bindings": [
      {
        "binding_name": "#hud_title_text_string"
      },
      {
        "binding_type": "view",
        "source_property_name": "(not((#hud_title_text_string - $value) = #hud_title_text_string))",
        "target_property_name": "#visible"
      }
    ]
  },
  "bar54": {
    "type": "image",
    "texture": "$textura",
    "anchor_from": "$ancora1",
    "anchor_to": "$ancora2",
    "layer": "$layer",
    "size": "$tamanho",
    "$value": "[xp_54]",
    "$cortar": 0.46,
    "clip_ratio": "$cortar",
    "clip_direction": "$direçao",
    "offset": "$deslocamento",
    "bindings": [
      {
        "binding_name": "#hud_title_text_string"
      },
      {
        "binding_type": "view",
        "source_property_name": "(not((#hud_title_text_string - $value) = #hud_title_text_string))",
        "target_property_name": "#visible"
      }
    ]
  },
  "bar53": {
    "type": "image",
    "texture": "$textura",
    "anchor_from": "$ancora1",
    "anchor_to": "$ancora2",
    "layer": "$layer",
    "size": "$tamanho",
    "$value": "[xp_53]",
    "$cortar": 0.47,
    "clip_ratio": "$cortar",
    "clip_direction": "$direçao",
    "offset": "$deslocamento",
    "bindings": [
      {
        "binding_name": "#hud_title_text_string"
      },
      {
        "binding_type": "view",
        "source_property_name": "(not((#hud_title_text_string - $value) = #hud_title_text_string))",
        "target_property_name": "#visible"
      }
    ]
  },
  "bar52": {
    "type": "image",
    "texture": "$textura",
    "anchor_from": "$ancora1",
    "anchor_to": "$ancora2",
    "layer": "$layer",
    "size": "$tamanho",
    "$value": "[xp_52]",
    "$cortar": 0.48,
    "clip_ratio": "$cortar",
    "clip_direction": "$direçao",
    "offset": "$deslocamento",
    "bindings": [
      {
        "binding_name": "#hud_title_text_string"
      },
      {
        "binding_type": "view",
        "source_property_name": "(not((#hud_title_text_string - $value) = #hud_title_text_string))",
        "target_property_name": "#visible"
      }
    ]
  },
  "bar51": {
    "type": "image",
    "texture": "$textura",
    "anchor_from": "$ancora1",
    "anchor_to": "$ancora2",
    "layer": "$layer",
    "size": "$tamanho",
    "$value": "[xp_51]",
    "$cortar": 0.49,
    "clip_ratio": "$cortar",
    "clip_direction": "$direçao",
    "offset": "$deslocamento",
    "bindings": [
      {
        "binding_name": "#hud_title_text_string"
      },
      {
        "binding_type": "view",
        "source_property_name": "(not((#hud_title_text_string - $value) = #hud_title_text_string))",
        "target_property_name": "#visible"
      }
    ]
  },
  "bar50": {
    "type": "image",
    "texture": "$textura",
    "anchor_from": "$ancora1",
    "anchor_to": "$ancora2",
    "layer": "$layer",
    "size": "$tamanho",
    "$value": "[xp_50]",
    "$cortar": 0.5,
    "clip_ratio": "$cortar",
    "clip_direction": "$direçao",
    "offset": "$deslocamento",
    "bindings": [
      {
        "binding_name": "#hud_title_text_string"
      },
      {
        "binding_type": "view",
        "source_property_name": "(not((#hud_title_text_string - $value) = #hud_title_text_string))",
        "target_property_name": "#visible"
      }
    ]
  },
  "bar49": {
    "type": "image",
    "texture": "$textura",
    "anchor_from": "$ancora1",
    "anchor_to": "$ancora2",
    "layer": "$layer",
    "size": "$tamanho",
    "$value": "[xp_49]",
    "$cortar": 0.51,
    "clip_ratio": "$cortar",
    "clip_direction": "$direçao",
    "offset": "$deslocamento",
    "bindings": [
      {
        "binding_name": "#hud_title_text_string"
      },
      {
        "binding_type": "view",
        "source_property_name": "(not((#hud_title_text_string - $value) = #hud_title_text_string))",
        "target_property_name": "#visible"
      }
    ]
  },
  "bar48": {
    "type": "image",
    "texture": "$textura",
    "anchor_from": "$ancora1",
    "anchor_to": "$ancora2",
    "layer": "$layer",
    "size": "$tamanho",
    "$value": "[xp_48]",
    "$cortar": 0.52,
    "clip_ratio": "$cortar",
    "clip_direction": "$direçao",
    "offset": "$deslocamento",
    "bindings": [
      {
        "binding_name": "#hud_title_text_string"
      },
      {
        "binding_type": "view",
        "source_property_name": "(not((#hud_title_text_string - $value) = #hud_title_text_string))",
        "target_property_name": "#visible"
      }
    ]
  },
  "bar47": {
    "type": "image",
    "texture": "$textura",
    "anchor_from": "$ancora1",
    "anchor_to": "$ancora2",
    "layer": "$layer",
    "size": "$tamanho",
    "$value": "[xp_47]",
    "$cortar": 0.53,
    "clip_ratio": "$cortar",
    "clip_direction": "$direçao",
    "offset": "$deslocamento",
    "bindings": [
      {
        "binding_name": "#hud_title_text_string"
      },
      {
        "binding_type": "view",
        "source_property_name": "(not((#hud_title_text_string - $value) = #hud_title_text_string))",
        "target_property_name": "#visible"
      }
    ]
  },
  "bar46": {
    "type": "image",
    "texture": "$textura",
    "anchor_from": "$ancora1",
    "anchor_to": "$ancora2",
    "layer": "$layer",
    "size": "$tamanho",
    "$value": "[xp_46]",
    "$cortar": 0.54,
    "clip_ratio": "$cortar",
    "clip_direction": "$direçao",
    "offset": "$deslocamento",
    "bindings": [
      {
        "binding_name": "#hud_title_text_string"
      },
      {
        "binding_type": "view",
        "source_property_name": "(not((#hud_title_text_string - $value) = #hud_title_text_string))",
        "target_property_name": "#visible"
      }
    ]
  },
  "bar45": {
    "type": "image",
    "texture": "$textura",
    "anchor_from": "$ancora1",
    "anchor_to": "$ancora2",
    "layer": "$layer",
    "size": "$tamanho",
    "$value": "[xp_45]",
    "$cortar": 0.55,
    "clip_ratio": "$cortar",
    "clip_direction": "$direçao",
    "offset": "$deslocamento",
    "bindings": [
      {
        "binding_name": "#hud_title_text_string"
      },
      {
        "binding_type": "view",
        "source_property_name": "(not((#hud_title_text_string - $value) = #hud_title_text_string))",
        "target_property_name": "#visible"
      }
    ]
  },
  "bar44": {
    "type": "image",
    "texture": "$textura",
    "anchor_from": "$ancora1",
    "anchor_to": "$ancora2",
    "layer": "$layer",
    "size": "$tamanho",
    "$value": "[xp_44]",
    "$cortar": 0.56,
    "clip_ratio": "$cortar",
    "clip_direction": "$direçao",
    "offset": "$deslocamento",
    "bindings": [
      {
        "binding_name": "#hud_title_text_string"
      },
      {
        "binding_type": "view",
        "source_property_name": "(not((#hud_title_text_string - $value) = #hud_title_text_string))",
        "target_property_name": "#visible"
      }
    ]
  },
  "bar43": {
    "type": "image",
    "texture": "$textura",
    "anchor_from": "$ancora1",
    "anchor_to": "$ancora2",
    "layer": "$layer",
    "size": "$tamanho",
    "$value": "[xp_43]",
    "$cortar": 0.57,
    "clip_ratio": "$cortar",
    "clip_direction": "$direçao",
    "offset": "$deslocamento",
    "bindings": [
      {
        "binding_name": "#hud_title_text_string"
      },
      {
        "binding_type": "view",
        "source_property_name": "(not((#hud_title_text_string - $value) = #hud_title_text_string))",
        "target_property_name": "#visible"
      }
    ]
  },
  "bar42": {
    "type": "image",
    "texture": "$textura",
    "anchor_from": "$ancora1",
    "anchor_to": "$ancora2",
    "layer": "$layer",
    "size": "$tamanho",
    "$value": "[xp_42]",
    "$cortar": 0.58,
    "clip_ratio": "$cortar",
    "clip_direction": "$direçao",
    "offset": "$deslocamento",
    "bindings": [
      {
        "binding_name": "#hud_title_text_string"
      },
      {
        "binding_type": "view",
        "source_property_name": "(not((#hud_title_text_string - $value) = #hud_title_text_string))",
        "target_property_name": "#visible"
      }
    ]
  },
  "bar41": {
    "type": "image",
    "texture": "$textura",
    "anchor_from": "$ancora1",
    "anchor_to": "$ancora2",
    "layer": "$layer",
    "size": "$tamanho",
    "$value": "[xp_41]",
    "$cortar": 0.59,
    "clip_ratio": "$cortar",
    "clip_direction": "$direçao",
    "offset": "$deslocamento",
    "bindings": [
      {
        "binding_name": "#hud_title_text_string"
      },
      {
        "binding_type": "view",
        "source_property_name": "(not((#hud_title_text_string - $value) = #hud_title_text_string))",
        "target_property_name": "#visible"
      }
    ]
  },
  "bar40": {
    "type": "image",
    "texture": "$textura",
    "anchor_from": "$ancora1",
    "anchor_to": "$ancora2",
    "layer": "$layer",
    "size": "$tamanho",
    "$value": "[xp_40]",
    "$cortar": 0.6,
    "clip_ratio": "$cortar",
    "clip_direction": "$direçao",
    "offset": "$deslocamento",
    "bindings": [
      {
        "binding_name": "#hud_title_text_string"
      },
      {
        "binding_type": "view",
        "source_property_name": "(not((#hud_title_text_string - $value) = #hud_title_text_string))",
        "target_property_name": "#visible"
      }
    ]
  },
  "bar39": {
    "type": "image",
    "texture": "$textura",
    "anchor_from": "$ancora1",
    "anchor_to": "$ancora2",
    "layer": "$layer",
    "size": "$tamanho",
    "$value": "[xp_39]",
    "$cortar": 0.61,
    "clip_ratio": "$cortar",
    "clip_direction": "$direçao",
    "offset": "$deslocamento",
    "bindings": [
      {
        "binding_name": "#hud_title_text_string"
      },
      {
        "binding_type": "view",
        "source_property_name": "(not((#hud_title_text_string - $value) = #hud_title_text_string))",
        "target_property_name": "#visible"
      }
    ]
  },
  "bar38": {
    "type": "image",
    "texture": "$textura",
    "anchor_from": "$ancora1",
    "anchor_to": "$ancora2",
    "layer": "$layer",
    "size": "$tamanho",
    "$value": "[xp_38]",
    "$cortar": 0.62,
    "clip_ratio": "$cortar",
    "clip_direction": "$direçao",
    "offset": "$deslocamento",
    "bindings": [
      {
        "binding_name": "#hud_title_text_string"
      },
      {
        "binding_type": "view",
        "source_property_name": "(not((#hud_title_text_string - $value) = #hud_title_text_string))",
        "target_property_name": "#visible"
      }
    ]
  },
  "bar37": {
    "type": "image",
    "texture": "$textura",
    "anchor_from": "$ancora1",
    "anchor_to": "$ancora2",
    "layer": "$layer",
    "size": "$tamanho",
    "$value": "[xp_37]",
    "$cortar": 0.63,
    "clip_ratio": "$cortar",
    "clip_direction": "$direçao",
    "offset": "$deslocamento",
    "bindings": [
      {
        "binding_name": "#hud_title_text_string"
      },
      {
        "binding_type": "view",
        "source_property_name": "(not((#hud_title_text_string - $value) = #hud_title_text_string))",
        "target_property_name": "#visible"
      }
    ]
  },
  "bar36": {
    "type": "image",
    "texture": "$textura",
    "anchor_from": "$ancora1",
    "anchor_to": "$ancora2",
    "layer": "$layer",
    "size": "$tamanho",
    "$value": "[xp_36]",
    "$cortar": 0.64,
    "clip_ratio": "$cortar",
    "clip_direction": "$direçao",
    "offset": "$deslocamento",
    "bindings": [
      {
        "binding_name": "#hud_title_text_string"
      },
      {
        "binding_type": "view",
        "source_property_name": "(not((#hud_title_text_string - $value) = #hud_title_text_string))",
        "target_property_name": "#visible"
      }
    ]
  },
  "bar35": {
    "type": "image",
    "texture": "$textura",
    "anchor_from": "$ancora1",
    "anchor_to": "$ancora2",
    "layer": "$layer",
    "size": "$tamanho",
    "$value": "[xp_35]",
    "$cortar": 0.65,
    "clip_ratio": "$cortar",
    "clip_direction": "$direçao",
    "offset": "$deslocamento",
    "bindings": [
      {
        "binding_name": "#hud_title_text_string"
      },
      {
        "binding_type": "view",
        "source_property_name": "(not((#hud_title_text_string - $value) = #hud_title_text_string))",
        "target_property_name": "#visible"
      }
    ]
  },
  "bar34": {
    "type": "image",
    "texture": "$textura",
    "anchor_from": "$ancora1",
    "anchor_to": "$ancora2",
    "layer": "$layer",
    "size": "$tamanho",
    "$value": "[xp_34]",
    "$cortar": 0.66,
    "clip_ratio": "$cortar",
    "clip_direction": "$direçao",
    "offset": "$deslocamento",
    "bindings": [
      {
        "binding_name": "#hud_title_text_string"
      },
      {
        "binding_type": "view",
        "source_property_name": "(not((#hud_title_text_string - $value) = #hud_title_text_string))",
        "target_property_name": "#visible"
      }
    ]
  },
  "bar33": {
    "type": "image",
    "texture": "$textura",
    "anchor_from": "$ancora1",
    "anchor_to": "$ancora2",
    "layer": "$layer",
    "size": "$tamanho",
    "$value": "[xp_33]",
    "$cortar": 0.67,
    "clip_ratio": "$cortar",
    "clip_direction": "$direçao",
    "offset": "$deslocamento",
    "bindings": [
      {
        "binding_name": "#hud_title_text_string"
      },
      {
        "binding_type": "view",
        "source_property_name": "(not((#hud_title_text_string - $value) = #hud_title_text_string))",
        "target_property_name": "#visible"
      }
    ]
  },
  "bar32": {
    "type": "image",
    "texture": "$textura",
    "anchor_from": "$ancora1",
    "anchor_to": "$ancora2",
    "layer": "$layer",
    "size": "$tamanho",
    "$value": "[xp_32]",
    "$cortar": 0.68,
    "clip_ratio": "$cortar",
    "clip_direction": "$direçao",
    "offset": "$deslocamento",
    "bindings": [
      {
        "binding_name": "#hud_title_text_string"
      },
      {
        "binding_type": "view",
        "source_property_name": "(not((#hud_title_text_string - $value) = #hud_title_text_string))",
        "target_property_name": "#visible"
      }
    ]
  },
  "bar31": {
    "type": "image",
    "texture": "$textura",
    "anchor_from": "$ancora1",
    "anchor_to": "$ancora2",
    "layer": "$layer",
    "size": "$tamanho",
    "$value": "[xp_31]",
    "$cortar": 0.69,
    "clip_ratio": "$cortar",
    "clip_direction": "$direçao",
    "offset": "$deslocamento",
    "bindings": [
      {
        "binding_name": "#hud_title_text_string"
      },
      {
        "binding_type": "view",
        "source_property_name": "(not((#hud_title_text_string - $value) = #hud_title_text_string))",
        "target_property_name": "#visible"
      }
    ]
  },
  "bar30": {
    "type": "image",
    "texture": "$textura",
    "anchor_from": "$ancora1",
    "anchor_to": "$ancora2",
    "layer": "$layer",
    "size": "$tamanho",
    "$value": "[xp_30]",
    "$cortar": 0.7,
    "clip_ratio": "$cortar",
    "clip_direction": "$direçao",
    "offset": "$deslocamento",
    "bindings": [
      {
        "binding_name": "#hud_title_text_string"
      },
      {
        "binding_type": "view",
        "source_property_name": "(not((#hud_title_text_string - $value) = #hud_title_text_string))",
        "target_property_name": "#visible"
      }
    ]
  },
  "bar29": {
    "type": "image",
    "texture": "$textura",
    "anchor_from": "$ancora1",
    "anchor_to": "$ancora2",
    "layer": "$layer",
    "size": "$tamanho",
    "$value": "[xp_29]",
    "$cortar": 0.71,
    "clip_ratio": "$cortar",
    "clip_direction": "$direçao",
    "offset": "$deslocamento",
    "bindings": [
      {
        "binding_name": "#hud_title_text_string"
      },
      {
        "binding_type": "view",
        "source_property_name": "(not((#hud_title_text_string - $value) = #hud_title_text_string))",
        "target_property_name": "#visible"
      }
    ]
  },
  "bar28": {
    "type": "image",
    "texture": "$textura",
    "anchor_from": "$ancora1",
    "anchor_to": "$ancora2",
    "layer": "$layer",
    "size": "$tamanho",
    "$value": "[xp_28]",
    "$cortar": 0.72,
    "clip_ratio": "$cortar",
    "clip_direction": "$direçao",
    "offset": "$deslocamento",
    "bindings": [
      {
        "binding_name": "#hud_title_text_string"
      },
      {
        "binding_type": "view",
        "source_property_name": "(not((#hud_title_text_string - $value) = #hud_title_text_string))",
        "target_property_name": "#visible"
      }
    ]
  },
  "bar27": {
    "type": "image",
    "texture": "$textura",
    "anchor_from": "$ancora1",
    "anchor_to": "$ancora2",
    "layer": "$layer",
    "size": "$tamanho",
    "$value": "[xp_27]",
    "$cortar": 0.73,
    "clip_ratio": "$cortar",
    "clip_direction": "$direçao",
    "offset": "$deslocamento",
    "bindings": [
      {
        "binding_name": "#hud_title_text_string"
      },
      {
        "binding_type": "view",
        "source_property_name": "(not((#hud_title_text_string - $value) = #hud_title_text_string))",
        "target_property_name": "#visible"
      }
    ]
  },
  "bar26": {
    "type": "image",
    "texture": "$textura",
    "anchor_from": "$ancora1",
    "anchor_to": "$ancora2",
    "layer": "$layer",
    "size": "$tamanho",
    "$value": "[xp_26]",
    "$cortar": 0.74,
    "clip_ratio": "$cortar",
    "clip_direction": "$direçao",
    "offset": "$deslocamento",
    "bindings": [
      {
        "binding_name": "#hud_title_text_string"
      },
      {
        "binding_type": "view",
        "source_property_name": "(not((#hud_title_text_string - $value) = #hud_title_text_string))",
        "target_property_name": "#visible"
      }
    ]
  },
  "bar25": {
    "type": "image",
    "texture": "$textura",
    "anchor_from": "$ancora1",
    "anchor_to": "$ancora2",
    "layer": "$layer",
    "size": "$tamanho",
    "$value": "[xp_25]",
    "$cortar": 0.75,
    "clip_ratio": "$cortar",
    "clip_direction": "$direçao",
    "offset": "$deslocamento",
    "bindings": [
      {
        "binding_name": "#hud_title_text_string"
      },
      {
        "binding_type": "view",
        "source_property_name": "(not((#hud_title_text_string - $value) = #hud_title_text_string))",
        "target_property_name": "#visible"
      }
    ]
  },
  "bar24": {
    "type": "image",
    "texture": "$textura",
    "anchor_from": "$ancora1",
    "anchor_to": "$ancora2",
    "layer": "$layer",
    "size": "$tamanho",
    "$value": "[xp_24]",
    "$cortar": 0.76,
    "clip_ratio": "$cortar",
    "clip_direction": "$direçao",
    "offset": "$deslocamento",
    "bindings": [
      {
        "binding_name": "#hud_title_text_string"
      },
      {
        "binding_type": "view",
        "source_property_name": "(not((#hud_title_text_string - $value) = #hud_title_text_string))",
        "target_property_name": "#visible"
      }
    ]
  },
  "bar23": {
    "type": "image",
    "texture": "$textura",
    "anchor_from": "$ancora1",
    "anchor_to": "$ancora2",
    "layer": "$layer",
    "size": "$tamanho",
    "$value": "[xp_23]",
    "$cortar": 0.77,
    "clip_ratio": "$cortar",
    "clip_direction": "$direçao",
    "offset": "$deslocamento",
    "bindings": [
      {
        "binding_name": "#hud_title_text_string"
      },
      {
        "binding_type": "view",
        "source_property_name": "(not((#hud_title_text_string - $value) = #hud_title_text_string))",
        "target_property_name": "#visible"
      }
    ]
  },
  "bar22": {
    "type": "image",
    "texture": "$textura",
    "anchor_from": "$ancora1",
    "anchor_to": "$ancora2",
    "layer": "$layer",
    "size": "$tamanho",
    "$value": "[xp_22]",
    "$cortar": 0.78,
    "clip_ratio": "$cortar",
    "clip_direction": "$direçao",
    "offset": "$deslocamento",
    "bindings": [
      {
        "binding_name": "#hud_title_text_string"
      },
      {
        "binding_type": "view",
        "source_property_name": "(not((#hud_title_text_string - $value) = #hud_title_text_string))",
        "target_property_name": "#visible"
      }
    ]
  },
  "bar21": {
    "type": "image",
    "texture": "$textura",
    "anchor_from": "$ancora1",
    "anchor_to": "$ancora2",
    "layer": "$layer",
    "size": "$tamanho",
    "$value": "[xp_21]",
    "$cortar": 0.79,
    "clip_ratio": "$cortar",
    "clip_direction": "$direçao",
    "offset": "$deslocamento",
    "bindings": [
      {
        "binding_name": "#hud_title_text_string"
      },
      {
        "binding_type": "view",
        "source_property_name": "(not((#hud_title_text_string - $value) = #hud_title_text_string))",
        "target_property_name": "#visible"
      }
    ]
  },
  "bar20": {
    "type": "image",
    "texture": "$textura",
    "anchor_from": "$ancora1",
    "anchor_to": "$ancora2",
    "layer": "$layer",
    "size": "$tamanho",
    "$value": "[xp_20]",
    "$cortar": 0.8,
    "clip_ratio": "$cortar",
    "clip_direction": "$direçao",
    "offset": "$deslocamento",
    "bindings": [
      {
        "binding_name": "#hud_title_text_string"
      },
      {
        "binding_type": "view",
        "source_property_name": "(not((#hud_title_text_string - $value) = #hud_title_text_string))",
        "target_property_name": "#visible"
      }
    ]
  },
  "bar19": {
    "type": "image",
    "texture": "$textura",
    "anchor_from": "$ancora1",
    "anchor_to": "$ancora2",
    "layer": "$layer",
    "size": "$tamanho",
    "$value": "[xp_19]",
    "$cortar": 0.81,
    "clip_ratio": "$cortar",
    "clip_direction": "$direçao",
    "offset": "$deslocamento",
    "bindings": [
      {
        "binding_name": "#hud_title_text_string"
      },
      {
        "binding_type": "view",
        "source_property_name": "(not((#hud_title_text_string - $value) = #hud_title_text_string))",
        "target_property_name": "#visible"
      }
    ]
  },
  "bar18": {
    "type": "image",
    "texture": "$textura",
    "anchor_from": "$ancora1",
    "anchor_to": "$ancora2",
    "layer": "$layer",
    "size": "$tamanho",
    "$value": "[xp_18]",
    "$cortar": 0.82,
    "clip_ratio": "$cortar",
    "clip_direction": "$direçao",
    "offset": "$deslocamento",
    "bindings": [
      {
        "binding_name": "#hud_title_text_string"
      },
      {
        "binding_type": "view",
        "source_property_name": "(not((#hud_title_text_string - $value) = #hud_title_text_string))",
        "target_property_name": "#visible"
      }
    ]
  },
  "bar17": {
    "type": "image",
    "texture": "$textura",
    "anchor_from": "$ancora1",
    "anchor_to": "$ancora2",
    "layer": "$layer",
    "size": "$tamanho",
    "$value": "[xp_17]",
    "$cortar": 0.83,
    "clip_ratio": "$cortar",
    "clip_direction": "$direçao",
    "offset": "$deslocamento",
    "bindings": [
      {
        "binding_name": "#hud_title_text_string"
      },
      {
        "binding_type": "view",
        "source_property_name": "(not((#hud_title_text_string - $value) = #hud_title_text_string))",
        "target_property_name": "#visible"
      }
    ]
  },
  "bar16": {
    "type": "image",
    "texture": "$textura",
    "anchor_from": "$ancora1",
    "anchor_to": "$ancora2",
    "layer": "$layer",
    "size": "$tamanho",
    "$value": "[xp_16]",
    "$cortar": 0.84,
    "clip_ratio": "$cortar",
    "clip_direction": "$direçao",
    "offset": "$deslocamento",
    "bindings": [
      {
        "binding_name": "#hud_title_text_string"
      },
      {
        "binding_type": "view",
        "source_property_name": "(not((#hud_title_text_string - $value) = #hud_title_text_string))",
        "target_property_name": "#visible"
      }
    ]
  },
  "bar15": {
    "type": "image",
    "texture": "$textura",
    "anchor_from": "$ancora1",
    "anchor_to": "$ancora2",
    "layer": "$layer",
    "size": "$tamanho",
    "$value": "[xp_15]",
    "$cortar": 0.85,
    "clip_ratio": "$cortar",
    "clip_direction": "$direçao",
    "offset": "$deslocamento",
    "bindings": [
      {
        "binding_name": "#hud_title_text_string"
      },
      {
        "binding_type": "view",
        "source_property_name": "(not((#hud_title_text_string - $value) = #hud_title_text_string))",
        "target_property_name": "#visible"
      }
    ]
  },
  "bar14": {
    "type": "image",
    "texture": "$textura",
    "anchor_from": "$ancora1",
    "anchor_to": "$ancora2",
    "layer": "$layer",
    "size": "$tamanho",
    "$value": "[xp_14]",
    "$cortar": 0.86,
    "clip_ratio": "$cortar",
    "clip_direction": "$direçao",
    "offset": "$deslocamento",
    "bindings": [
      {
        "binding_name": "#hud_title_text_string"
      },
      {
        "binding_type": "view",
        "source_property_name": "(not((#hud_title_text_string - $value) = #hud_title_text_string))",
        "target_property_name": "#visible"
      }
    ]
  },
  "bar13": {
    "type": "image",
    "texture": "$textura",
    "anchor_from": "$ancora1",
    "anchor_to": "$ancora2",
    "layer": "$layer",
    "size": "$tamanho",
    "$value": "[xp_13]",
    "$cortar": 0.87,
    "clip_ratio": "$cortar",
    "clip_direction": "$direçao",
    "offset": "$deslocamento",
    "bindings": [
      {
        "binding_name": "#hud_title_text_string"
      },
      {
        "binding_type": "view",
        "source_property_name": "(not((#hud_title_text_string - $value) = #hud_title_text_string))",
        "target_property_name": "#visible"
      }
    ]
  },
  "bar12": {
    "type": "image",
    "texture": "$textura",
    "anchor_from": "$ancora1",
    "anchor_to": "$ancora2",
    "layer": "$layer",
    "size": "$tamanho",
    "$value": "[xp_12]",
    "$cortar": 0.88,
    "clip_ratio": "$cortar",
    "clip_direction": "$direçao",
    "offset": "$deslocamento",
    "bindings": [
      {
        "binding_name": "#hud_title_text_string"
      },
      {
        "binding_type": "view",
        "source_property_name": "(not((#hud_title_text_string - $value) = #hud_title_text_string))",
        "target_property_name": "#visible"
      }
    ]
  },
  "bar11": {
    "type": "image",
    "texture": "$textura",
    "anchor_from": "$ancora1",
    "anchor_to": "$ancora2",
    "layer": "$layer",
    "size": "$tamanho",
    "$value": "[xp_11]",
    "$cortar": 0.89,
    "clip_ratio": "$cortar",
    "clip_direction": "$direçao",
    "offset": "$deslocamento",
    "bindings": [
      {
        "binding_name": "#hud_title_text_string"
      },
      {
        "binding_type": "view",
        "source_property_name": "(not((#hud_title_text_string - $value) = #hud_title_text_string))",
        "target_property_name": "#visible"
      }
    ]
  },
  "bar10": {
    "type": "image",
    "texture": "$textura",
    "anchor_from": "$ancora1",
    "anchor_to": "$ancora2",
    "layer": "$layer",
    "size": "$tamanho",
    "$value": "[xp_10]",
    "$cortar": 0.9,
    "clip_ratio": "$cortar",
    "clip_direction": "$direçao",
    "offset": "$deslocamento",
    "bindings": [
      {
        "binding_name": "#hud_title_text_string"
      },
      {
        "binding_type": "view",
        "source_property_name": "(not((#hud_title_text_string - $value) = #hud_title_text_string))",
        "target_property_name": "#visible"
      }
    ]
  },
  "bar9": {
    "type": "image",
    "texture": "$textura",
    "anchor_from": "$ancora1",
    "anchor_to": "$ancora2",
    "layer": "$layer",
    "size": "$tamanho",
    "$value": "[xp_9]",
    "$cortar": 0.91,
    "clip_ratio": "$cortar",
    "clip_direction": "$direçao",
    "offset": "$deslocamento",
    "bindings": [
      {
        "binding_name": "#hud_title_text_string"
      },
      {
        "binding_type": "view",
        "source_property_name": "(not((#hud_title_text_string - $value) = #hud_title_text_string))",
        "target_property_name": "#visible"
      }
    ]
  },
  "bar8": {
    "type": "image",
    "texture": "$textura",
    "anchor_from": "$ancora1",
    "anchor_to": "$ancora2",
    "layer": "$layer",
    "size": "$tamanho",
    "$value": "[xp_8]",
    "$cortar": 0.92,
    "clip_ratio": "$cortar",
    "clip_direction": "$direçao",
    "offset": "$deslocamento",
    "bindings": [
      {
        "binding_name": "#hud_title_text_string"
      },
      {
        "binding_type": "view",
        "source_property_name": "(not((#hud_title_text_string - $value) = #hud_title_text_string))",
        "target_property_name": "#visible"
      }
    ]
  },
  "bar7": {
    "type": "image",
    "texture": "$textura",
    "anchor_from": "$ancora1",
    "anchor_to": "$ancora2",
    "layer": "$layer",
    "size": "$tamanho",
    "$value": "[xp_7]",
    "$cortar": 0.93,
    "clip_ratio": "$cortar",
    "clip_direction": "$direçao",
    "offset": "$deslocamento",
    "bindings": [
      {
        "binding_name": "#hud_title_text_string"
      },
      {
        "binding_type": "view",
        "source_property_name": "(not((#hud_title_text_string - $value) = #hud_title_text_string))",
        "target_property_name": "#visible"
      }
    ]
  },
  "bar6": {
    "type": "image",
    "texture": "$textura",
    "anchor_from": "$ancora1",
    "anchor_to": "$ancora2",
    "layer": "$layer",
    "size": "$tamanho",
    "$value": "[xp_6]",
    "$cortar": 0.94,
    "clip_ratio": "$cortar",
    "clip_direction": "$direçao",
    "offset": "$deslocamento",
    "bindings": [
      {
        "binding_name": "#hud_title_text_string"
      },
      {
        "binding_type": "view",
        "source_property_name": "(not((#hud_title_text_string - $value) = #hud_title_text_string))",
        "target_property_name": "#visible"
      }
    ]
  },
  "bar5": {
    "type": "image",
    "texture": "$textura",
    "anchor_from": "$ancora1",
    "anchor_to": "$ancora2",
    "layer": "$layer",
    "size": "$tamanho",
    "$value": "[xp_5]",
    "$cortar": 0.95,
    "clip_ratio": "$cortar",
    "clip_direction": "$direçao",
    "offset": "$deslocamento",
    "bindings": [
      {
        "binding_name": "#hud_title_text_string"
      },
      {
        "binding_type": "view",
        "source_property_name": "(not((#hud_title_text_string - $value) = #hud_title_text_string))",
        "target_property_name": "#visible"
      }
    ]
  },
  "bar4": {
    "type": "image",
    "texture": "$textura",
    "anchor_from": "$ancora1",
    "anchor_to": "$ancora2",
    "layer": "$layer",
    "size": "$tamanho",
    "$value": "[xp_4]",
    "$cortar": 0.96,
    "clip_ratio": "$cortar",
    "clip_direction": "$direçao",
    "offset": "$deslocamento",
    "bindings": [
      {
        "binding_name": "#hud_title_text_string"
      },
      {
        "binding_type": "view",
        "source_property_name": "(not((#hud_title_text_string - $value) = #hud_title_text_string))",
        "target_property_name": "#visible"
      }
    ]
  },
  "bar3": {
    "type": "image",
    "texture": "$textura",
    "anchor_from": "$ancora1",
    "anchor_to": "$ancora2",
    "layer": "$layer",
    "size": "$tamanho",
    "$value": "[xp_3]",
    "$cortar": 0.97,
    "clip_ratio": "$cortar",
    "clip_direction": "$direçao",
    "offset": "$deslocamento",
    "bindings": [
      {
        "binding_name": "#hud_title_text_string"
      },
      {
        "binding_type": "view",
        "source_property_name": "(not((#hud_title_text_string - $value) = #hud_title_text_string))",
        "target_property_name": "#visible"
      }
    ]
  },
  "bar2": {
    "type": "image",
    "texture": "$textura",
    "anchor_from": "$ancora1",
    "anchor_to": "$ancora2",
    "layer": "$layer",
    "size": "$tamanho",
    "$value": "[xp_2]",
    "$cortar": 0.98,
    "clip_ratio": "$cortar",
    "clip_direction": "$direçao",
    "offset": "$deslocamento",
    "bindings": [
      {
        "binding_name": "#hud_title_text_string"
      },
      {
        "binding_type": "view",
        "source_property_name": "(not((#hud_title_text_string - $value) = #hud_title_text_string))",
        "target_property_name": "#visible"
      }
    ]
  },
  "bar1": {
    "type": "image",
    "texture": "$textura",
    "anchor_from": "$ancora1",
    "anchor_to": "$ancora2",
    "layer": "$layer",
    "size": "$tamanho",
    "$value": "[xp_1]",
    "$cortar": 0.99,
    "clip_ratio": "$cortar",
    "clip_direction": "$direçao",
    "offset": "$deslocamento",
    "bindings": [
      {
        "binding_name": "#hud_title_text_string"
      },
      {
        "binding_type": "view",
        "source_property_name": "(not((#hud_title_text_string - $value) = #hud_title_text_string))",
        "target_property_name": "#visible"
      }
    ]
  },
  "bar0": {
    "type": "image",
    "texture": "$textura",
    "anchor_from": "$ancora1",
    "anchor_to": "$ancora2",
    "layer": "$layer",
    "size": "$tamanho",
    "$value": "[xp_0]",
    "$cortar": 1,
    "clip_ratio": "$cortar",
    "clip_direction": "$direçao",
    "offset": "$deslocamento",
    "bindings": [
      {
        "binding_name": "#hud_title_text_string"
      },
      {
        "binding_type": "view",
        "source_property_name": "(not((#hud_title_text_string - $value) = #hud_title_text_string))",
        "target_property_name": "#visible"
      }
    ]
  }
}