{
  "format_version": "1.13.0",
  "minecraft:entity": {
    "description": {
      "identifier": "stk:bau",
      "is_spawnable": true,
      "is_summonable": true,
      "is_experimental": false
    },
    
    "component_groups": {
      "despawn": {
        "minecraft:instant_despawn": {}
      },
      "time": {
        "minecraft:timer": {
        "time": 2,
        "time_down_event": {
        "event": "tick"
        }
       }
      }
    },
    
    "components": {
      "minecraft:type_family": {
        "family": ["vei"]
      },
      "minecraft:collision_box": {
        "width": 0.6,
        "height": 1.8
      },
      "minecraft:health": {
        "value": 1,
        "max": 1
      },
      "minecraft:knockback_resistance": {
        "value": 1
      },
      "minecraft:damage_sensor": {
        "triggers": {
          "deals_damage": false
        }
      },
      "minecraft:interact": {
        "interactions": {
          "on_interact": {
            "filters": {
              "test": "has_tag",
              "subject": "other",
              "value": "white"
            },
            "event": "on:interact",
            "target": "self"
          },
          "interact_text": "§eOpen"
        }
      },
      "minecraft:pushable": {
        "is_pushable": false,
        "is_pushable_by_piston": false
      },
      "minecraft:nameable": {
        "always_show": true
      },
      "minecraft:fire_immune": true,
      "minecraft:persistent": {},
      "minecraft:physics": {},
      "minecraft:conditional_bandwidth_optimization": {}
    },
    "events": {
      "on:interact": {
        "run_command": {
          "command": [
            "event entity @e[type=stk:bau,r=5] time",
            "playanimation @e[type=stk:bau,r=5] animation.bau.opening"
          ],
          "target": "other"
        }
      },
      "tick": {
        "run_command": {
          "command": [
            "execute @p ~~~ function bau"
          ]
        },
        "add": {
          "component_groups": [
            "despawn"
          ]
        }
      },
      "time": {
        "add": {
           "component_groups": [
               "time"
          ]
        }
      }
    }
  }
}