{
    "format_version": "1.12.0",
    "minecraft:entity": {
        "description": {
            "identifier": "stk:simpact",
            "is_spawnable": false,
            "is_summonable": true,
            "is_experimental": false,
			"runtime_identifier": "minecraft:egg"
        },

        "component_groups": {
            "minecraft:exploding": {
                "minecraft:explode": {
                    "fuse_length": 0,
                    "fuse_lit": true,
                    "power": 0,
                    "causes_fire": true,
                    "fire_affected_by_griefing": false,
                    "destroy_affected_by_griefing": true
                }
            },
			"despawning": {
                "minecraft:type_family": {
                    "family": ["despawer", "despawer_despawning"
                    ]
                }
            }
        },

        "components": {
            "minecraft:collision_box": {
                "width": 1,
                "height": 1
            },
            "minecraft:projectile": {

                "on_hit": {
                    "definition_event": {
                        "affect_projectile": true,
                        "event_trigger": {
                            "event": "minecraft:explode",
                            "target": "self"
                        }
                    },
					"impact_damage": {
                        "damage":8,
                        "knockback": true,
                        "semirandomdiffdamage": false,
                        "destroyonhit": true
					
					},
          "spawn_chance": {
            "firstSpawnChance": 1,
            "secondSpawnChance": 1,
            "firstSpawnCount": 1,
            "secondSpawnCount": 1,
            "spawnMob": "chicken",
            "spawnDefinition": "stk:sb",
            "spawnBaby": true
          }
        },
                "power": 0.8,
                "gravity": 0.1,
                "inertia": 1,
                "liquid_inertia": 1,
                "uncertainty_base": 0,
                "uncertainty_multiplier": 0,
                "anchor": 1,
                "offset": [0, -0.1, 0],
                "reflect_on_hurt": true,
                "catch_fire":false
            },
			"minecraft:timer": {
                "looping": true,
                "random_time_choices": [{
                        "weight": 50,
                        "value": 4
                    }
                ],
                "time_down_event": {
                    "event":
                    "minecraft:start_despawn",
                    "target": "self"
                }
            },
            "minecraft:physics": {},
            "minecraft:pushable": {
                "is_pushable": true,
                "is_pushable_by_piston": true
            },
			"minecraft:despawn": {
                "filters": {
                    "all_of": [{
                            "any_of": [{
                                    "test":
                                    "is_family",
                                    "subject": "self",
                                    "value": "despawer_despawning"
                                }
                            ]
                        }
                    ]
                }
            }
        },
        "events": {
            "minecraft:explode": {
                "add": {
                    "component_groups": [
                        "minecraft:exploding"
                    ]
                }
            },
			"minecraft:start_despawn": {
                "add": {
                    "component_groups": ["despawning"]
                }
            }
        }
    }
}













