{
	"format_version": "1.10.0",
	"particle_effect": {
		"description": {
			"identifier": "stk:dsmoke",
			"basic_render_parameters": {
				"material": "particles_blend",
				"texture": "textures/particle/particles"
			}
		},
		"components": {
			"minecraft:emitter_rate_steady": {
				"spawn_rate": 100,
				"max_particles": 100
			},
			"minecraft:emitter_lifetime_once": {
				"active_time": 4
			},
			"minecraft:emitter_shape_sphere": {
				"radius": 10,
				"direction": "outwards"
			},
			"minecraft:particle_lifetime_expression": {
				"max_lifetime": 1
			},
			"minecraft:particle_initial_speed": 0.5,
			"minecraft:particle_motion_dynamic": {},
			"minecraft:particle_appearance_billboard": {
				"size": [5, 5],
				"facing_camera_mode": "rotate_xyz",
				"uv": {
					"texture_width": 16,
					"texture_height": 16,
					"flipbook": {
						"base_UV": [0, 0],
						"size_UV": [1, 1],
						"step_UV": [1, 0],
						"max_frame": 7,
						"stretch_to_lifetime": true
					}
				}
			},
			"minecraft:particle_appearance_tinting": {
				"color": [0, 0, 0, 1]
			}
		}
	}
}