{
	"format_version": "1.10.0",
	"particle_effect": {
		"description": {
			"identifier": "stk:gpesado2",
			"basic_render_parameters": {
				"material": "particles_blend",
				"texture": "textures/particle/particles"
			}
		},
		"components": {
			"minecraft:emitter_rate_steady": {
				"spawn_rate": 2,
				"max_particles": 100
			},
			"minecraft:emitter_lifetime_looping": {
				"active_time": 1
			},
			"minecraft:emitter_shape_box": {
				"half_dimensions": [10, 10, 10],
				"direction": "outwards"
			},
			"minecraft:particle_lifetime_expression": {
				"max_lifetime": 1
			},
			"minecraft:particle_initial_speed": 0,
			"minecraft:particle_motion_dynamic": {
				"linear_acceleration": [0, -30, 0]
			},
			"minecraft:particle_appearance_billboard": {
				"size": [1, 20],
				"facing_camera_mode": "lookat_y",
				"uv": {
					"texture_width": 16,
					"texture_height": 16,
					"uv": [7, 11],
					"uv_size": [1, 1]
				}
			},
			"minecraft:particle_appearance_tinting": {
				"color": [0, 0, 0, 0.25882]
			}
		}
	}
}







