{
	"format_version": "1.10.0",
	"particle_effect": {
		"description": {
			"identifier": "stk:hashibira",
			"basic_render_parameters": {
				"material": "particles_add",
				"texture": "textures/particle/fuma"
			}
		},
		"components": {
			"minecraft:emitter_rate_steady": {
				"spawn_rate": 1,
				"max_particles": 100
			},
			"minecraft:emitter_lifetime_looping": {
				"active_time": 1.1
			},
			"minecraft:emitter_shape_point": {},
			"minecraft:particle_lifetime_expression": {
				"max_lifetime": 1
			},
			"minecraft:particle_initial_spin": {
				"rotation": 1,
				"rotation_rate": "math.random(-500,500)"
			},
			"minecraft:particle_initial_speed": 0,
			"minecraft:particle_motion_dynamic": {
				"linear_acceleration": [0, 50, 0]
			},
			"minecraft:particle_appearance_billboard": {
				"size": [10, 10],
				"facing_camera_mode": "emitter_transform_xz",
				"uv": {
					"texture_width": 128,
					"texture_height": 32,
					"flipbook": {
						"base_UV": [0, 0],
						"size_UV": [32, 32],
						"step_UV": [32, 0],
						"max_frame": 4,
						"stretch_to_lifetime": true
					}
				}
			},
			"minecraft:particle_appearance_tinting": {
				"color": {
					"interpolant": "v.particle_age / v.particle_lifetime",
					"gradient": {
						"0.0": "#ffffffff",
						"0.25": "#FFFFCD00",
						"0.5": "#FFFF7200",
						"0.76": "#FFFF0000",
						"1.0": "#00FF0000"
					}
				}
			}
		}
	}
}