{
	"format_version": "1.10.0",
	"particle_effect": {
		"description": {
			"identifier": "stk:kaurea",
			"basic_render_parameters": {
				"material": "particles_add",
				"texture": "textures/particle/ning"
			}
		},
		"components": {
			"minecraft:emitter_rate_steady": {
				"spawn_rate": 2,
				"max_particles": 100
			},
			"minecraft:emitter_lifetime_looping": {
				"active_time": 1
			},
			"minecraft:emitter_shape_point": {},
			"minecraft:particle_lifetime_expression": {
				"max_lifetime": 1
			},
			"minecraft:particle_initial_speed": 1,
			"minecraft:particle_motion_dynamic": {},
			"minecraft:particle_appearance_billboard": {
				"size": [10, 40],
				"facing_camera_mode": "direction_y",
				"uv": {
					"texture_width": 128,
					"texture_height": 32,
					"flipbook": {
						"base_UV": [0, 0],
						"size_UV": [32, 32],
						"step_UV": [32, 0],
						"frames_per_second": 12,
						"max_frame": 4,
						"loop": "true"
					}
				}
			},
			"minecraft:particle_appearance_tinting": {
				"color": {
					"interpolant": "v.particle_age / v.particle_lifetime",
					"gradient": {
						"0.0": "#FFFF0000",
						"0.5": "#FFFFD000",
						"1.0": "#00FF0000"
					}
				}
			}
		}
	}
}







