{
	"format_version": "1.10.0",
	"particle_effect": {
		"description": {
			"identifier": "stk:magma2",
			"basic_render_parameters": {
				"material": "particles_blend",
				"texture": "textures/particle/magma"
			}
		},
		"components": {
			"minecraft:emitter_rate_steady": {
				"spawn_rate": 5,
				"max_particles": 5
			},
			"minecraft:emitter_lifetime_once": {
				"active_time": 2
			},
			"minecraft:emitter_shape_sphere": {
				"radius": 4,
				"surface_only": true,
				"direction": "outwards"
			},
			"minecraft:particle_lifetime_expression": {
				"max_lifetime": 1
			},
			"minecraft:particle_initial_spin": {
				"rotation": 1,
				"rotation_rate": "math.random(-100,100)"
			},
			"minecraft:particle_initial_speed": 0.1,
			"minecraft:particle_motion_dynamic": {},
			"minecraft:particle_appearance_billboard": {
				"size": ["0.5-(0.5*v.particle_age)", "0.5-(0.5*v.particle_age)"],
				"facing_camera_mode": "direction_z",
				"uv": {
					"texture_width": 128,
					"texture_height": 32,
					"flipbook": {
						"base_UV": [0, 0],
						"size_UV": [32, 32],
						"step_UV": [32, 0],
						"frames_per_second": 12,
						"max_frame": 4,
						"stretch_to_lifetime": true
					}
				}
			},
			"minecraft:particle_appearance_tinting": {
				"color": {
					"interpolant": "v.particle_age / v.particle_lifetime",
					"gradient": {
						"0.0": "#FFFFCC00",
						"1.0": "#00FF0202"
					}
				}
			}
		}
	}
}