{
	"format_version": "1.10.0",
	"particle_effect": {
		"description": {
			"identifier": "stk:nimbus2",
			"basic_render_parameters": {
				"material": "particles_add",
				"texture": "textures/particle/wind"
			}
		},
		"components": {
			"minecraft:emitter_rate_steady": {
				"spawn_rate": 3,
				"max_particles": 100
			},
			"minecraft:emitter_lifetime_looping": {
				"active_time": 1
			},
			"minecraft:emitter_shape_point": {
				"offset": [0, 0.2, 0]
			},
			"minecraft:particle_lifetime_expression": {
				"max_lifetime": 1
			},
			"minecraft:particle_initial_spin": {
				"rotation": 1,
				"rotation_rate": "math.random(-100,100)"
			},
			"minecraft:particle_initial_speed": 0,
			"minecraft:particle_motion_dynamic": {
				"linear_acceleration": [0, 50, 0]
			},
			"minecraft:particle_appearance_billboard": {
				"size": [30, 30],
				"facing_camera_mode": "emitter_transform_xz",
				"uv": {
					"texture_width": 768,
					"texture_height": 256,
					"flipbook": {
						"base_UV": [0, 0],
						"size_UV": [256, 256],
						"step_UV": [256, 0],
						"max_frame": 3,
						"stretch_to_lifetime": true
					}
				}
			},
			"minecraft:particle_appearance_tinting": {
				"color": {
					"interpolant": "v.particle_age / v.particle_lifetime",
					"gradient": {
						"0.0": "#FFFFFFFF",
						"0.13": "#FFFFDB00",
						"0.39": "#FFFF7A00",
						"0.63": "#FFFF0D0D",
						"1.0": "#00FF0061"
					}
				}
			}
		}
	}
}