{
	"format_version": "1.10.0",
	"particle_effect": {
		"description": {
			"identifier": "stk:pillarcreation",
			"basic_render_parameters": {
				"material": "particles_add",
				"texture": "textures/particle/glint"
			}
		},
		"components": {
			"minecraft:emitter_rate_steady": {
				"spawn_rate": 2,
				"max_particles": 100
			},
			"minecraft:emitter_lifetime_looping": {
				"active_time": 1.1
			},
			"minecraft:emitter_shape_point": {
				"offset": [0, 0.2, 0]
			},
			"minecraft:particle_lifetime_expression": {
				"max_lifetime": 1
			},
			"minecraft:particle_initial_spin": {
				"rotation": 1,
				"rotation_rate": "math.random(-1000,1000)"
			},
			"minecraft:particle_initial_speed": 0,
			"minecraft:particle_motion_dynamic": {
				"linear_acceleration": [0, 50, 0]
			},
			"minecraft:particle_appearance_billboard": {
				"size": ["10+(30*v.particle_age)", "10+(30*v.particle_age)"],
				"facing_camera_mode": "emitter_transform_xz",
				"uv": {
					"texture_width": 192,
					"texture_height": 32,
					"flipbook": {
						"base_UV": [0, 0],
						"size_UV": [32, 32],
						"step_UV": [32, 0],
						"max_frame": 6,
						"stretch_to_lifetime": true
					}
				}
			},
			"minecraft:particle_appearance_tinting": {
				"color": {
					"interpolant": "v.particle_age / v.particle_lifetime",
					"gradient": {
						"0.0": "#FFFAEBA7",
						"0.34": "#FFFFCB00",
						"1.0": "#00FF5200"
					}
				}
			}
		}
	}
}