{
	"format_version": "1.10.0",
	"particle_effect": {
		"description": {
			"identifier": "shock_zangiri",
			"basic_render_parameters": {
				"material": "particles_blend",
				"texture": "textures/particle/shock"
			}
		},
		"curves": {
			"variable.curve": {
				"type": "bezier_chain",
				"input": "v.particle_age",
				"nodes": {
					"0.0": {
						"value": 1,
						"slope": 0
					},
					"0.99": {
						"value": 2.42,
						"slope": 0
					},
					"0.44": {
						"value": 1,
						"slope": 0
					}
				}
			}
		},
		"components": {
			"minecraft:emitter_rate_instant": {
				"num_particles": 25
			},
			"minecraft:emitter_lifetime_once": {
				"active_time": 2
			},
			"minecraft:emitter_shape_point": {},
			"minecraft:particle_initialization": {
				"per_render_expression": "variable.curve;"
			},
			"minecraft:particle_lifetime_expression": {
				"max_lifetime": 1
			},
			"minecraft:particle_initial_speed": 70,
			"minecraft:particle_motion_dynamic": {
				"linear_acceleration": [0, 20, 0],
				"linear_drag_coefficient": 2
			},
			"minecraft:particle_appearance_billboard": {
				"size": ["7*v.curve", "7*v.curve"],
				"facing_camera_mode": "direction_y",
				"direction": {
					"mode": "derive_from_velocity",
					"min_speed_threshold": 1
				},
				"uv": {
					"texture_width": 32,
					"texture_height": 96,
					"flipbook": {
						"base_UV": [0, 0],
						"size_UV": [32, 32],
						"step_UV": [0, 32],
						"frames_per_second": 15,
						"max_frame": 3,
						"loop": true
					}
				}
			},
			"minecraft:particle_motion_collision": {
				"expire_on_contact": true
			},
			"minecraft:particle_appearance_tinting": {
				"color": [1, 0, 0, 0.5098]
			}
		}
	}
}