{
	"format_version": "1.10.0",
	"particle_effect": {
		"description": {
			"identifier": "stk:vento20",
			"basic_render_parameters": {
				"material": "particles_blend",
				"texture": "textures/particle/wind"
			}
		},
		"components": {
			"minecraft:emitter_rate_steady": {
				"spawn_rate": 2,
				"max_particles": 100
			},
			"minecraft:emitter_lifetime_looping": {
				"active_time": 1
			},
			"minecraft:emitter_shape_point": {
				"offset": [0, 0.2, 0]
			},
			"minecraft:particle_lifetime_expression": {
				"max_lifetime": 1
			},
			"minecraft:particle_initial_spin": {
				"rotation": 1,
				"rotation_rate": "math.random(-100,100)"
			},
			"minecraft:particle_initial_speed": 1,
			"minecraft:particle_motion_dynamic": {},
			"minecraft:particle_appearance_billboard": {
				"size": ["1+(20*v.particle_age)", "1+(20*v.particle_age)"],
				"facing_camera_mode": "emitter_transform_xz",
				"uv": {
					"texture_width": 768,
					"texture_height": 256,
					"flipbook": {
						"base_UV": [0, 0],
						"size_UV": [256, 256],
						"step_UV": [256, 0],
						"max_frame": 3,
						"stretch_to_lifetime": true
					}
				}
			},
			"minecraft:particle_appearance_tinting": {
				"color": {
					"interpolant": "v.particle_age / v.particle_lifetime",
					"gradient": {
						"0.0": "#FFFFFFFF",
						"1.0": "#00FFFFFF"
					}
				}
			}
		}
	}
}