{
	"format_version": "1.10.0",
	"particle_effect": {
		"description": {
			"identifier": "stk:yoru1",
			"basic_render_parameters": {
				"material": "particles_blend",
				"texture": "textures/particle/omg2"
			}
		},
		"curves": {
			"variable.ce": {
				"type": "bezier_chain",
				"input": "v.particle_age",
				"nodes": {
					"0.0": {
						"value": 0,
						"slope": 0
					},
					"0.99": {
						"value": 1.35,
						"slope": 0
					}
				}
			}
		},
		"components": {
			"minecraft:emitter_local_space": {
				"position": true,
				"rotation": true,
				"velocity": true
			},
			"minecraft:emitter_rate_steady": {
				"spawn_rate": 3,
				"max_particles": 100
			},
			"minecraft:emitter_lifetime_once": {
				"active_time": 1
			},
			"minecraft:emitter_shape_point": {
				"offset": [0, 0.5, 0]
			},
			"minecraft:particle_lifetime_expression": {
				"max_lifetime": 1
			},
			"minecraft:particle_initial_spin": {
				"rotation": "math.random(-45,45)",
				"rotation_rate": "math.random(-360,360)"
			},
			"minecraft:particle_initial_speed": 0.1,
			"minecraft:particle_motion_dynamic": {},
			"minecraft:particle_appearance_billboard": {
				"size": ["10*v.ce", "10*v.ce"],
				"facing_camera_mode": "direction_y",
				"uv": {
					"texture_width": 128,
					"texture_height": 128,
					"uv": [0, 0],
					"uv_size": [128, 128]
				}
			},
			"minecraft:particle_appearance_tinting": {
				"color": {
					"interpolant": "v.particle_age / v.particle_lifetime",
					"gradient": {
						"0.49": "#FF000000",
						"0.73": "#FFEF0505",
						"1.0": "#00FF0000"
					}
				}
			}
		}
	}
}