{
  "format_version": "1.19.50",
  "minecraft:item": {
    "description": {
      "identifier": "wesl3y:quirk_erasure",
      "category": "nature"
    },
    "components": {
      "tag:arm": {},
      "minecraft:icon": {
        "texture": "quirk_erasure"
      },
      "minecraft:display_name": {
        "value": "Erasure\n§e(Quirk Rare)"
      },
      "minecraft:use_duration": 99999,
      "minecraft:max_stack_size": 1,
      "minecraft:hand_equipped": true,
      "minecraft:allow_off_hand": true,
      "minecraft:food": {
        "can_always_eat": true
      },
      "minecraft:on_use": {
        "on_use": {
          "event": "wg",
          "target": "self"
        }
      },
      "minecraft:render_offsets": {
	    "main_hand": {
		  "first_person": { 
		    "scale": [0, 0, 0]
		  },
		  "third_person": { 
			"scale": [0, 0, 0]
		  }
		},
	    "off_hand": {
		  "first_person": { 
		    "scale": [0, 0,0]
		  },
		  "third_person": { 
			"scale": [0, 0, 0]
		  }
		}
	  }
    },
    "events": {
      "wg": {
        "sequence": [
          {
            "condition": "q.property('wesl3y:skill') == 0",
            "run_command": {
              "command": [
                "execute positioned ^^1^4 unless entity @e[r=3.5,family=!attack,type=!item] run tellraw @s {\"rawtext\":[{\"translate\":\"decay.no_other\"}]}",
                "execute positioned ^^1^4 as @e[type=player,r=3.5] at @s run function damage/erasure/eraser",
                "execute positioned ^^1^4 as @e[family=!attack,type=!item,type=!player,r=3.5] at @s run function damage/erasure/eraser2"
              ]
            }
          }
		]
	  }
	}
  }
}