{
  "format_version": "1.17.100",
  "minecraft:item": {
    "description": {
      "identifier": "wesl3y:quirk_one_for_all",
      "category": "nature"
    },
    "components": {
      "tag:arm": {},
      "tag:5skills": {},
      "minecraft:icon": {
        "texture": "quirk_one_for_all"
      },
      "minecraft:display_name": {
        "value": "§aOne For All\n§a(Quirk Legendary)"
      },
	  "minecraft:cooldown": {
		"category": "quirk_one_for_all",
		"duration": 0.5
	  },
      "minecraft:use_duration": 99999,
      "minecraft:max_stack_size": 1,
      "minecraft:hand_equipped": true,
      "minecraft:allow_off_hand": true,
      "minecraft:food": {
        "can_always_eat": true
      },
      "minecraft:render_offsets": {
	    "main_hand": {
		  "first_person": { 
		    "scale": [0, 0, 0]
		  },
		  "third_person": { 
			"scale": [0, 0, 0]
		  }
		},
	    "off_hand": {
		  "first_person": { 
		    "scale": [0, 0,0]
		  },
		  "third_person": { 
			"scale": [0, 0, 0]
		  }
		}
	  },
      "minecraft:on_use": {
        "on_use": {
          "event": "wg",
          "target": "self"
        }
      }
    },
    "events": {
      "wg": {
        "sequence": [
          {
            "condition": "(q.is_sneaking || q.variant == 17) && q.property('wesl3y:skill') == 0 && q.scoreboard('skills') == 0",
            "run_command": {
              "command": [
                "function disabled/one_for_all",
                "scoreboard players set @s cooldown1 10"
              ]
            }
          },
          {
            "condition": "(q.variant == 0 || (q.variant > 9 && q.variant < 17)) && q.property('wesl3y:skill') == 0 && q.scoreboard('cooldown1') == 0 && q.scoreboard('skills') == 0 && !q.is_sneaking",
            "run_command": {
              "command": [
                "tellraw @s[tag=!one_for_all5,tag=!one_for_all8,tag=!one_for_all10,tag=!one_for_all15,tag=!one_for_all20,tag=!one_for_all30,tag=!one_for_all50,tag=!one_for_all100,scores={stamina=..199}]{\"rawtext\":[{\"translate\":\"text.requires\"},{\"text\":\"Energy 200\"}]}",
                "event entity @s[scores={stamina=200..}] wesl3y:skill.1"
              ]
            }
          },
          {
            "condition": "!(q.variant >= 10 && q.variant <= 17) && q.property('wesl3y:skill') == 0 && q.scoreboard('skills') == 1",
            "run_command": {
              "command": [
                "tellraw @s{\"rawtext\":[{\"translate\":\"§cActivate One For All\"}]}"
              ]
            }
          },
          {
            "condition": "(q.variant >= 10 && q.variant <= 17) && q.property('wesl3y:skill') == 0 && q.scoreboard('cooldown2') == 0 && q.scoreboard('skills') == 1",
            "run_command": {
              "command": [
                "tellraw @s[scores={stamina=..199}]{\"rawtext\":[{\"translate\":\"text.requires\"},{\"text\":\"Energy 200\"}]}",
                "event entity @s[scores={stamina=200..}] wesl3y:skill.2"
              ]
            }
          },
          {
            "condition": "!(q.variant >= 10 && q.variant <= 17) && q.property('wesl3y:skill') == 0 && q.scoreboard('skills') == 2",
            "run_command": {
              "command": [
                "tellraw @s{\"rawtext\":[{\"translate\":\"§cActivate One For All\"}]}"
              ]
            }
          },
          {
            "condition": "(q.variant >= 10 && q.variant <= 17) && q.property('wesl3y:skill') == 0 && q.scoreboard('cooldown3') == 0 && q.scoreboard('skills') == 2",
            "run_command": {
              "command": [
                "tellraw @s[scores={stamina=..199}]{\"rawtext\":[{\"translate\":\"text.requires\"},{\"text\":\"Energy 200\"}]}",
                "tellraw @s[scores={quirk=..15}]{\"rawtext\":[{\"translate\":\"text.requires\"},{\"text\":\"Quirk Level 16\"}]}",
                "event entity @s[scores={stamina=200..,quirk=16..}] wesl3y:skill.3"
              ]
            }
          },
          {
            "condition": "!(q.variant >= 10 && q.variant <= 17) && q.property('wesl3y:skill') == 0 && q.scoreboard('skills') == 3",
            "run_command": {
              "command": [
                "tellraw @s{\"rawtext\":[{\"translate\":\"§cActivate One For All\"}]}"
              ]
            }
          },
          {
            "condition": "(q.variant >= 10 && q.variant <= 17) && q.property('wesl3y:skill') == 0 && q.scoreboard('cooldown4') == 0 && q.scoreboard('skills') == 3",
            "run_command": {
              "command": [
                "tellraw @s[scores={stamina=..199}]{\"rawtext\":[{\"translate\":\"text.requires\"},{\"text\":\"Energy 200\"}]}",
                "tellraw @s[scores={quirk=..23}]{\"rawtext\":[{\"translate\":\"text.requires\"},{\"text\":\"Quirk Level 24\"}]}",
                "event entity @s[scores={stamina=200..,quirk=24..}] wesl3y:skill.4"
              ]
            }
          },
          {
            "condition": "!(q.variant == 16 || q.variant == 17) && q.property('wesl3y:skill') == 0 && q.scoreboard('skills') == 4",
            "run_command": {
              "command": [
                "tellraw @s{\"rawtext\":[{\"translate\":\"§cActivate One For All 100%\"}]}"
              ]
            }
          },
          {
            "condition": "(q.variant == 16 || q.variant == 17) && q.property('wesl3y:skill') == 0 && q.scoreboard('cooldown5') == 0 && q.scoreboard('skills') == 4",
            "run_command": {
              "command": [
                "tellraw @s[scores={stamina=..199}]{\"rawtext\":[{\"translate\":\"text.requires\"},{\"text\":\"Energy 200\"}]}",
                "tellraw @s[scores={quirk=..31}]{\"rawtext\":[{\"translate\":\"text.requires\"},{\"text\":\"Quirk Level 32\"}]}",
                "event entity @s[scores={stamina=200..,quirk=32..}] wesl3y:skill.5"
              ]
            }
          }
		]
	  }
	}
  }
}