{
  "format_version": "1.16.0",
  "minecraft:client_entity": {
    "description": {
      "identifier": "wesl3y:size_long",
      "materials": {
        "default": "entity_alphatest"
      },
      "textures": {
        "default": "textures/entity/size_block",
        "default2": "textures/items/arrow",
        "default3": "textures/items/diamond_sword"
      },
      "geometry": {
        "default": "geometry.size_entity"
      },
      "particle_effects": {
        "size_trail": "wesl3y:size_trail"
      },
      "scripts": {
        "animate": [
         {"flying": "query.variant == 3 || query.variant == 4"},
          "block",
          "block2"
        ]
      },
      "animations": {
        "flying": "animation.look.projetil",
        "block": "animation.projetil.size_block",
        "block2": "animation.projetil.size_block2"
      },
      "render_controllers": [
        "controller.render.size_long"
      ],
      "enable_attachables": false
    }
  }
}