{
  "format_version": "1.16.100",
  "minecraft:item": {
    "description": {
      "identifier": "mello:portao_item",
      "category": "items"
    },
    "components": {
      "minecraft:icon": {
        "texture": "portao"
      },
        "minecraft:display_name": {
        "value": "Primeiro Portão Interno\n§4 20 niveis de xp para evoluir"
      },
      "minecraft:use_duration": 9999,
      "minecraft:max_stack_size": 1,
      "minecraft:hand_equipped": false,
      "minecraft:cooldown": {
        "category": "portao",
         "duration": 150
      },    
      "minecraft:food": {
        "can_always_eat": true
       }
    },
    "events": {}
  }
}