{
	"format_version": "1.12.0",
	"minecraft:geometry": [
		{
			"description": {
				"identifier": "geometry.feather_sword",
				"texture_width": 16,
				"texture_height": 16,
				"visible_bounds_width": 3,
				"visible_bounds_height": 3.5,
				"visible_bounds_offset": [0, 1.25, 0]
			},
			"bones": [
				{
					"name": "root",
					"pivot": [0, 0, 0]
				},
				{
					"name": "waist",
					"parent": "root",
					"pivot": [0, 12, 0]
				},
				{
					"name": "body",
					"parent": "waist",
					"pivot": [0, 24, 0]
				},
				{
					"name": "rightArm",
					"parent": "body",
					"pivot": [-5, 22, 0],
					"cubes": [
						{
							"origin": [-6, 10.5, -5.82843],
							"size": [4, 1, 1],
							"pivot": [-5.5, 12, -5.32843],
							"rotation": [90, -45, -90],
							"uv": {
								"north": {"uv": [7, 11], "uv_size": [-4, 1]},
								"east": {"uv": [6, 11], "uv_size": [1, 1]},
								"south": {"uv": [3, 11], "uv_size": [4, 1]},
								"west": {"uv": [3, 11], "uv_size": [1, 1]},
								"up": {"uv": [7, 11], "uv_size": [-4, 1]},
								"down": {"uv": [7, 12], "uv_size": [-4, -1]}
							}
						},
						{
							"origin": [-7, 11.5, -5.82843],
							"size": [4, 1, 1],
							"pivot": [-5.5, 12, -5.32843],
							"rotation": [90, -45, -90],
							"uv": {
								"north": {"uv": [7, 11], "uv_size": [-4, 1]},
								"east": {"uv": [6, 11], "uv_size": [1, 1]},
								"south": {"uv": [3, 11], "uv_size": [4, 1]},
								"west": {"uv": [3, 11], "uv_size": [1, 1]},
								"up": {"uv": [7, 11], "uv_size": [-4, 1]},
								"down": {"uv": [7, 12], "uv_size": [-4, -1]}
							}
						},
						{
							"origin": [-8, 12.5, -5.82843],
							"size": [4, 1, 1],
							"pivot": [-5.5, 12, -5.32843],
							"rotation": [90, -45, -90],
							"uv": {
								"north": {"uv": [7, 11], "uv_size": [-4, 1]},
								"east": {"uv": [6, 11], "uv_size": [1, 1]},
								"south": {"uv": [3, 11], "uv_size": [4, 1]},
								"west": {"uv": [3, 11], "uv_size": [1, 1]},
								"up": {"uv": [7, 11], "uv_size": [-4, 1]},
								"down": {"uv": [7, 12], "uv_size": [-4, -1]}
							}
						},
						{
							"origin": [-9, 13.5, -5.82843],
							"size": [4, 1, 1],
							"pivot": [-5.5, 12, -5.32843],
							"rotation": [90, -45, -90],
							"uv": {
								"north": {"uv": [7, 11], "uv_size": [-4, 1]},
								"east": {"uv": [6, 11], "uv_size": [1, 1]},
								"south": {"uv": [3, 11], "uv_size": [4, 1]},
								"west": {"uv": [3, 11], "uv_size": [1, 1]},
								"up": {"uv": [7, 11], "uv_size": [-4, 1]},
								"down": {"uv": [7, 12], "uv_size": [-4, -1]}
							}
						},
						{
							"origin": [-10, 14.5, -5.82843],
							"size": [4, 1, 1],
							"pivot": [-5.5, 12, -5.32843],
							"rotation": [90, -45, -90],
							"uv": {
								"north": {"uv": [7, 11], "uv_size": [-4, 1]},
								"east": {"uv": [6, 11], "uv_size": [1, 1]},
								"south": {"uv": [3, 11], "uv_size": [4, 1]},
								"west": {"uv": [3, 11], "uv_size": [1, 1]},
								"up": {"uv": [7, 11], "uv_size": [-4, 1]},
								"down": {"uv": [7, 12], "uv_size": [-4, -1]}
							}
						},
						{
							"origin": [-11, 15.5, -5.82843],
							"size": [4, 1, 1],
							"pivot": [-5.5, 12, -5.32843],
							"rotation": [90, -45, -90],
							"uv": {
								"north": {"uv": [7, 11], "uv_size": [-4, 1]},
								"east": {"uv": [6, 11], "uv_size": [1, 1]},
								"south": {"uv": [3, 11], "uv_size": [4, 1]},
								"west": {"uv": [3, 11], "uv_size": [1, 1]},
								"up": {"uv": [7, 11], "uv_size": [-4, 1]},
								"down": {"uv": [7, 12], "uv_size": [-4, -1]}
							}
						},
						{
							"origin": [-12, 16.5, -5.82843],
							"size": [4, 1, 1],
							"pivot": [-5.5, 12, -5.32843],
							"rotation": [90, -45, -90],
							"uv": {
								"north": {"uv": [7, 11], "uv_size": [-4, 1]},
								"east": {"uv": [6, 11], "uv_size": [1, 1]},
								"south": {"uv": [3, 11], "uv_size": [4, 1]},
								"west": {"uv": [3, 11], "uv_size": [1, 1]},
								"up": {"uv": [7, 11], "uv_size": [-4, 1]},
								"down": {"uv": [7, 12], "uv_size": [-4, -1]}
							}
						},
						{
							"origin": [-13, 17.5, -5.82843],
							"size": [4, 1, 1],
							"pivot": [-5.5, 12, -5.32843],
							"rotation": [90, -45, -90],
							"uv": {
								"north": {"uv": [7, 11], "uv_size": [-4, 1]},
								"east": {"uv": [6, 11], "uv_size": [1, 1]},
								"south": {"uv": [3, 11], "uv_size": [4, 1]},
								"west": {"uv": [3, 11], "uv_size": [1, 1]},
								"up": {"uv": [7, 11], "uv_size": [-4, 1]},
								"down": {"uv": [7, 12], "uv_size": [-4, -1]}
							}
						},
						{
							"origin": [-14, 18.5, -5.82843],
							"size": [4, 1, 1],
							"pivot": [-5.5, 12, -5.32843],
							"rotation": [90, -45, -90],
							"uv": {
								"north": {"uv": [7, 11], "uv_size": [-4, 1]},
								"east": {"uv": [6, 11], "uv_size": [1, 1]},
								"south": {"uv": [3, 11], "uv_size": [4, 1]},
								"west": {"uv": [3, 11], "uv_size": [1, 1]},
								"up": {"uv": [7, 11], "uv_size": [-4, 1]},
								"down": {"uv": [7, 12], "uv_size": [-4, -1]}
							}
						},
						{
							"origin": [-15, 19.5, -5.82843],
							"size": [4, 1, 1],
							"pivot": [-5.5, 12, -5.32843],
							"rotation": [90, -45, -90],
							"uv": {
								"north": {"uv": [7, 11], "uv_size": [-4, 1]},
								"east": {"uv": [6, 11], "uv_size": [1, 1]},
								"south": {"uv": [3, 11], "uv_size": [4, 1]},
								"west": {"uv": [3, 11], "uv_size": [1, 1]},
								"up": {"uv": [7, 11], "uv_size": [-4, 1]},
								"down": {"uv": [7, 12], "uv_size": [-4, -1]}
							}
						},
						{
							"origin": [-16, 20.5, -5.82843],
							"size": [4, 1, 1],
							"pivot": [-5.5, 12, -5.32843],
							"rotation": [90, -45, -90],
							"uv": {
								"north": {"uv": [7, 11], "uv_size": [-4, 1]},
								"east": {"uv": [6, 11], "uv_size": [1, 1]},
								"south": {"uv": [3, 11], "uv_size": [4, 1]},
								"west": {"uv": [3, 11], "uv_size": [1, 1]},
								"up": {"uv": [7, 11], "uv_size": [-4, 1]},
								"down": {"uv": [7, 12], "uv_size": [-4, -1]}
							}
						},
						{
							"origin": [-17, 21.5, -5.82843],
							"size": [4, 1, 1],
							"pivot": [-5.5, 12, -5.32843],
							"rotation": [90, -45, -90],
							"uv": {
								"north": {"uv": [7, 11], "uv_size": [-4, 1]},
								"east": {"uv": [6, 11], "uv_size": [1, 1]},
								"south": {"uv": [3, 11], "uv_size": [4, 1]},
								"west": {"uv": [3, 11], "uv_size": [1, 1]},
								"up": {"uv": [7, 11], "uv_size": [-4, 1]},
								"down": {"uv": [7, 12], "uv_size": [-4, -1]}
							}
						},
						{
							"origin": [-18, 22.5, -5.82843],
							"size": [4, 1, 1],
							"pivot": [-5.5, 12, -5.32843],
							"rotation": [90, -45, -90],
							"uv": {
								"north": {"uv": [7, 11], "uv_size": [-4, 1]},
								"east": {"uv": [6, 11], "uv_size": [1, 1]},
								"south": {"uv": [3, 11], "uv_size": [4, 1]},
								"west": {"uv": [3, 11], "uv_size": [1, 1]},
								"up": {"uv": [7, 11], "uv_size": [-4, 1]},
								"down": {"uv": [7, 12], "uv_size": [-4, -1]}
							}
						},
						{
							"origin": [-19, 23.5, -5.82843],
							"size": [4, 1, 1],
							"pivot": [-5.5, 12, -5.32843],
							"rotation": [90, -45, -90],
							"uv": {
								"north": {"uv": [7, 11], "uv_size": [-4, 1]},
								"east": {"uv": [6, 11], "uv_size": [1, 1]},
								"south": {"uv": [3, 11], "uv_size": [4, 1]},
								"west": {"uv": [3, 11], "uv_size": [1, 1]},
								"up": {"uv": [7, 11], "uv_size": [-4, 1]},
								"down": {"uv": [7, 12], "uv_size": [-4, -1]}
							}
						},
						{
							"origin": [-7, 11.5, -3],
							"size": [3, 1, 1],
							"pivot": [-5.5, 12, -2.5],
							"rotation": [90, -45, -90],
							"uv": {
								"north": {"uv": [6, 12], "uv_size": [-3, 1]},
								"east": {"uv": [5, 12], "uv_size": [1, 1]},
								"south": {"uv": [3, 12], "uv_size": [3, 1]},
								"west": {"uv": [3, 12], "uv_size": [1, 1]},
								"up": {"uv": [6, 12], "uv_size": [-3, 1]},
								"down": {"uv": [6, 13], "uv_size": [-3, -1]}
							}
						},
						{
							"origin": [-6, 12.20711, -0.87868],
							"size": [1, 1, 1],
							"pivot": [-5.5, 12.70711, -0.37868],
							"rotation": [90, -45, -90],
							"uv": {
								"north": {"uv": [3, 13], "uv_size": [-1, 1]},
								"east": {"uv": [2, 13], "uv_size": [1, 1]},
								"south": {"uv": [2, 13], "uv_size": [1, 1]},
								"west": {"uv": [2, 13], "uv_size": [1, 1]},
								"up": {"uv": [3, 13], "uv_size": [-1, 1]},
								"down": {"uv": [3, 14], "uv_size": [-1, -1]}
							}
						},
						{
							"origin": [-6, 12.20711, 0.53553],
							"size": [1, 1, 1],
							"pivot": [-5.5, 12.70711, 1.03553],
							"rotation": [90, -45, -90],
							"uv": {
								"north": {"uv": [3, 13], "uv_size": [-1, 1]},
								"east": {"uv": [2, 13], "uv_size": [1, 1]},
								"south": {"uv": [2, 13], "uv_size": [1, 1]},
								"west": {"uv": [2, 13], "uv_size": [1, 1]},
								"up": {"uv": [3, 13], "uv_size": [-1, 1]},
								"down": {"uv": [3, 14], "uv_size": [-1, -1]}
							}
						},
						{
							"origin": [-6, 12.20711, 1.94975],
							"size": [1, 1, 1],
							"pivot": [-5.5, 12.70711, 2.44975],
							"rotation": [90, -45, -90],
							"uv": {
								"north": {"uv": [3, 13], "uv_size": [-1, 1]},
								"east": {"uv": [2, 13], "uv_size": [1, 1]},
								"south": {"uv": [2, 13], "uv_size": [1, 1]},
								"west": {"uv": [2, 13], "uv_size": [1, 1]},
								"up": {"uv": [3, 13], "uv_size": [-1, 1]},
								"down": {"uv": [3, 14], "uv_size": [-1, -1]}
							}
						},
						{
							"origin": [-5, 10.20711, -26.33452],
							"size": [3, 1, 1],
							"pivot": [-5.5, 12.70711, -25.83452],
							"rotation": [90, -45, -90],
							"uv": {
								"north": {"uv": [16, 1], "uv_size": [-3, 1]},
								"east": {"uv": [15, 1], "uv_size": [1, 1]},
								"south": {"uv": [13, 1], "uv_size": [3, 1]},
								"west": {"uv": [13, 1], "uv_size": [1, 1]},
								"up": {"uv": [16, 1], "uv_size": [-3, 1]},
								"down": {"uv": [16, 2], "uv_size": [-3, -1]}
							}
						},
						{
							"origin": [-5, 11.20711, -26.33452],
							"size": [2, 1, 1],
							"pivot": [-5.5, 12.70711, -25.83452],
							"rotation": [90, -45, -90],
							"uv": {
								"north": {"uv": [16, 0], "uv_size": [-2, 1]},
								"east": {"uv": [15, 0], "uv_size": [1, 1]},
								"south": {"uv": [14, 0], "uv_size": [2, 1]},
								"west": {"uv": [14, 0], "uv_size": [1, 1]},
								"up": {"uv": [16, 0], "uv_size": [-2, 1]},
								"down": {"uv": [16, 1], "uv_size": [-2, -1]}
							}
						}
					]
				}
			]
		}
	]
}