{
	"format_version": "1.12.0",
	"minecraft:geometry": [
		{
			"description": {
				"identifier": "geometry.fierce_wings",
				"texture_width": 32,
				"texture_height": 32,
				"visible_bounds_width": 6,
				"visible_bounds_height": 3.5,
				"visible_bounds_offset": [0, 1.25, 0]
			},
			"bones": [
				{
					"name": "root",
					"pivot": [0, 0, 0]
				},
				{
					"name": "waist",
					"parent": "root",
					"pivot": [0, 12, 0]
				},
				{
					"name": "body",
					"parent": "waist",
					"pivot": [0, 24, 0]
				},
				{
					"name": "rightWing",
					"parent": "body",
					"pivot": [-1, 21, 2.25]
				},
				{
					"name": "rightWing1",
					"parent": "rightWing",
					"pivot": [-1.125, 21.25, 3.8125],
					"cubes": [
						{
							"origin": [-11.1347, 14.88169, 3.25],
							"size": [7.5, 7.5, 0],
							"pivot": [-4.80656, 18.63169, 3.25],
							"rotation": [0, 0, -90],
							"uv": {
								"north": {"uv": [17, 4], "uv_size": [-4, 4]},
								"east": {"uv": [0, 0], "uv_size": [0, 4]},
								"south": {"uv": [17, 0], "uv_size": [-4, 4]},
								"west": {"uv": [0, 0], "uv_size": [0, 4]},
								"up": {"uv": [0, 0], "uv_size": [4, 0]},
								"down": {"uv": [0, 0], "uv_size": [4, 0]}
							}
						},
						{
							"origin": [-3.63469, 14.88169, 1.84375],
							"size": [2.8125, 7.5, 2.8125],
							"pivot": [-4.80656, 18.63169, 3.25],
							"rotation": [0, 0, -90],
							"uv": {
								"north": {"uv": [9.5, 16], "uv_size": [-1.5, 4]},
								"east": {"uv": [16.5, 8], "uv_size": [-1.5, 4]},
								"south": {"uv": [14.5, 8], "uv_size": [-1.5, 4]},
								"west": {"uv": [11.5, 16], "uv_size": [-1.5, 4]},
								"up": {"uv": [17, 13.5], "uv_size": [1.5, -1.5]},
								"down": {"uv": [17, 14], "uv_size": [1.5, 1.5]}
							}
						},
						{
							"origin": [-3.65656, 21.06325, 2.50669],
							"size": [2.75, 2.5, 2.75],
							"pivot": [-2.28156, 21.31325, 3.88169],
							"rotation": [105, 0, -90],
							"uv": {
								"north": {"uv": [9.5, 16], "uv_size": [-1.5, 2]},
								"east": {"uv": [16.5, 8], "uv_size": [-1.5, 2]},
								"south": {"uv": [14.5, 8], "uv_size": [-1.5, 2]},
								"west": {"uv": [11.5, 16], "uv_size": [-1.5, 2]},
								"up": {"uv": [17, 13.5], "uv_size": [1.5, -1.5]},
								"down": {"uv": [17, 14], "uv_size": [1.5, 1.5]}
							}
						}
					]
				},
				{
					"name": "rightWing2",
					"parent": "rightWing1",
					"pivot": [-8.625, 20.6875, 3.96875],
					"cubes": [
						{
							"origin": [-12.3639, 17.15714, 2.03125],
							"size": [2.4375, 9.375, 2.4375],
							"pivot": [-11.8014, 20.53214, 3.25],
							"rotation": [0, 0, -90],
							"uv": {
								"north": {"uv": [5.5, 14], "uv_size": [-1.5, 7]},
								"east": {"uv": [3.5, 14], "uv_size": [-1.5, 7]},
								"south": {"uv": [1.5, 14], "uv_size": [-1.5, 7]},
								"west": {"uv": [7.5, 16], "uv_size": [-1.5, 7]},
								"up": {"uv": [17, 17.5], "uv_size": [1.5, -1.5]},
								"down": {"uv": [18, 0], "uv_size": [1.5, 1.5]}
							}
						},
						{
							"origin": [-25.48891, 16.53213, 3.0625],
							"size": [12.75, 13.125, 0],
							"pivot": [-11.8014, 20.90714, 3.25],
							"rotation": [0, 0, -90],
							"uv": {
								"north": {"uv": [7, 7], "uv_size": [-7, 7]},
								"east": {"uv": [0, 0], "uv_size": [0, 7]},
								"south": {"uv": [7, 0], "uv_size": [-7, 7]},
								"west": {"uv": [0, 0], "uv_size": [0, 7]},
								"up": {"uv": [0, 0], "uv_size": [7, 0]},
								"down": {"uv": [0, 0], "uv_size": [7, 0]}
							}
						}
					]
				},
				{
					"name": "rightForeWing",
					"parent": "rightWing2",
					"pivot": [-17.75, 21.125, 3.96875]
				},
				{
					"name": "rightWing3",
					"parent": "rightForeWing",
					"pivot": [-17.75, 21.125, 3.96875],
					"cubes": [
						{
							"origin": [-20.71315, 15.17968, 2.21875],
							"size": [2.0625, 9.375, 2.0625],
							"pivot": [-21.65065, 19.11718, 3.25],
							"rotation": [0, 0, -90],
							"uv": {
								"north": {"uv": [15, 16], "uv_size": [-1, 6]},
								"east": {"uv": [14, 16], "uv_size": [-1, 6]},
								"south": {"uv": [13, 16], "uv_size": [-1, 6]},
								"west": {"uv": [16, 16], "uv_size": [-1, 6]},
								"up": {"uv": [6, 15], "uv_size": [1, -1]},
								"down": {"uv": [6, 15], "uv_size": [1, 1]}
							}
						},
						{
							"origin": [-31.21315, 14.71094, 3.25],
							"size": [10.5, 11.25, 0],
							"pivot": [-21.65065, 19.11718, 3.25],
							"rotation": [0, 0, -90],
							"uv": {
								"north": {"uv": [12.5, 6], "uv_size": [-5.5, 6]},
								"east": {"uv": [0, 0], "uv_size": [0, 6]},
								"south": {"uv": [12.5, 0], "uv_size": [-5.5, 6]},
								"west": {"uv": [0, 0], "uv_size": [0, 6]},
								"up": {"uv": [0, 0], "uv_size": [5.5, 0]},
								"down": {"uv": [0, 0], "uv_size": [5.5, 0]}
							}
						}
					]
				},
				{
					"name": "rightWing4",
					"parent": "rightWing3",
					"pivot": [-26.96875, 21.6875, 3.65625],
					"cubes": [
						{
							"origin": [-26.11832, 17.71515, 2.40625],
							"size": [1.6875, 7.5, 1.6875],
							"pivot": [-27.80582, 18.46515, 3.25],
							"rotation": [0, 0, -90],
							"uv": {
								"north": {"uv": [18, 4], "uv_size": [-1, 4]},
								"east": {"uv": [18, 0], "uv_size": [-1, 4]},
								"south": {"uv": [17, 16], "uv_size": [-1, 4]},
								"west": {"uv": [18, 8], "uv_size": [-1, 4]},
								"up": {"uv": [18, 3], "uv_size": [1, -1]},
								"down": {"uv": [18, 3], "uv_size": [1, 1]}
							}
						},
						{
							"origin": [-34.36832, 17.71515, 3.0625],
							"size": [8.25, 7.5, 0],
							"pivot": [-27.80582, 18.46515, 3.25],
							"rotation": [0, 0, -90],
							"uv": {
								"north": {"uv": [16.5, 12], "uv_size": [-4.5, 4]},
								"east": {"uv": [0, 0], "uv_size": [0, 4]},
								"south": {"uv": [11.5, 12], "uv_size": [-4.5, 4]},
								"west": {"uv": [0, 0], "uv_size": [0, 4]},
								"up": {"uv": [0, 0], "uv_size": [4.5, 0]},
								"down": {"uv": [0, 0], "uv_size": [4.5, 0]}
							}
						}
					]
				},
				{
					"name": "leftWing",
					"parent": "body",
					"pivot": [1, 21, 2.25]
				},
				{
					"name": "leftWing1",
					"parent": "leftWing",
					"pivot": [1.125, 21.25, 3.8125],
					"cubes": [
						{
							"origin": [3.6347, 14.88169, 3.25],
							"size": [7.5, 7.5, 0],
							"pivot": [4.80656, 18.63169, 3.25],
							"rotation": [0, 0, 90],
							"uv": {
								"north": {"uv": [13, 4], "uv_size": [4, 4]},
								"east": {"uv": [0, 0], "uv_size": [0, 4]},
								"south": {"uv": [13, 0], "uv_size": [4, 4]},
								"west": {"uv": [0, 0], "uv_size": [0, 4]},
								"up": {"uv": [4, 0], "uv_size": [-4, 0]},
								"down": {"uv": [4, 0], "uv_size": [-4, 0]}
							}
						},
						{
							"origin": [0.82219, 14.88169, 1.84375],
							"size": [2.8125, 7.5, 2.8125],
							"pivot": [4.80656, 18.63169, 3.25],
							"rotation": [0, 0, 90],
							"uv": {
								"north": {"uv": [8, 16], "uv_size": [1.5, 4]},
								"east": {"uv": [10, 16], "uv_size": [1.5, 4]},
								"south": {"uv": [13, 8], "uv_size": [1.5, 4]},
								"west": {"uv": [15, 8], "uv_size": [1.5, 4]},
								"up": {"uv": [18.5, 13.5], "uv_size": [-1.5, -1.5]},
								"down": {"uv": [18.5, 14], "uv_size": [-1.5, 1.5]}
							}
						},
						{
							"origin": [0.90656, 21.06325, 2.50669],
							"size": [2.75, 2.5, 2.75],
							"pivot": [2.28156, 21.31325, 3.88169],
							"rotation": [105, 0, 90],
							"uv": {
								"north": {"uv": [8, 16], "uv_size": [1.5, 2]},
								"east": {"uv": [10, 16], "uv_size": [1.5, 2]},
								"south": {"uv": [13, 8], "uv_size": [1.5, 2]},
								"west": {"uv": [15, 8], "uv_size": [1.5, 2]},
								"up": {"uv": [18.5, 13.5], "uv_size": [-1.5, -1.5]},
								"down": {"uv": [18.5, 14], "uv_size": [-1.5, 1.5]}
							}
						}
					]
				},
				{
					"name": "leftWing2",
					"parent": "leftWing1",
					"pivot": [8.625, 20.6875, 3.96875],
					"cubes": [
						{
							"origin": [9.9264, 17.15714, 2.03125],
							"size": [2.4375, 9.375, 2.4375],
							"pivot": [11.8014, 20.53214, 3.25],
							"rotation": [0, 0, 90],
							"uv": {
								"north": {"uv": [4, 14], "uv_size": [1.5, 7]},
								"east": {"uv": [6, 16], "uv_size": [1.5, 7]},
								"south": {"uv": [0, 14], "uv_size": [1.5, 7]},
								"west": {"uv": [2, 14], "uv_size": [1.5, 7]},
								"up": {"uv": [18.5, 17.5], "uv_size": [-1.5, -1.5]},
								"down": {"uv": [19.5, 0], "uv_size": [-1.5, 1.5]}
							}
						},
						{
							"origin": [12.73891, 16.53213, 3.0625],
							"size": [12.75, 13.125, 0],
							"pivot": [11.8014, 20.90714, 3.25],
							"rotation": [0, 0, 90],
							"uv": {
								"north": {"uv": [0, 7], "uv_size": [7, 7]},
								"east": {"uv": [0, 0], "uv_size": [0, 7]},
								"south": {"uv": [0, 0], "uv_size": [7, 7]},
								"west": {"uv": [0, 0], "uv_size": [0, 7]},
								"up": {"uv": [7, 0], "uv_size": [-7, 0]},
								"down": {"uv": [7, 0], "uv_size": [-7, 0]}
							}
						}
					]
				},
				{
					"name": "leftForeWing",
					"parent": "leftWing2",
					"pivot": [17.75, 21.125, 3.96875]
				},
				{
					"name": "leftWing3",
					"parent": "leftForeWing",
					"pivot": [17.75, 21.125, 3.96875],
					"cubes": [
						{
							"origin": [18.65065, 15.17968, 2.21875],
							"size": [2.0625, 9.375, 2.0625],
							"pivot": [21.65065, 19.11718, 3.25],
							"rotation": [0, 0, 90],
							"uv": {
								"north": {"uv": [14, 16], "uv_size": [1, 6]},
								"east": {"uv": [15, 16], "uv_size": [1, 6]},
								"south": {"uv": [12, 16], "uv_size": [1, 6]},
								"west": {"uv": [13, 16], "uv_size": [1, 6]},
								"up": {"uv": [7, 15], "uv_size": [-1, -1]},
								"down": {"uv": [7, 15], "uv_size": [-1, 1]}
							}
						},
						{
							"origin": [20.71315, 14.71094, 3.25],
							"size": [10.5, 11.25, 0],
							"pivot": [21.65065, 19.11718, 3.25],
							"rotation": [0, 0, 90],
							"uv": {
								"north": {"uv": [7, 6], "uv_size": [5.5, 6]},
								"east": {"uv": [0, 0], "uv_size": [0, 6]},
								"south": {"uv": [7, 0], "uv_size": [5.5, 6]},
								"west": {"uv": [0, 0], "uv_size": [0, 6]},
								"up": {"uv": [5.5, 0], "uv_size": [-5.5, 0]},
								"down": {"uv": [5.5, 0], "uv_size": [-5.5, 0]}
							}
						}
					]
				},
				{
					"name": "leftWing4",
					"parent": "leftWing3",
					"pivot": [26.96875, 21.6875, 3.65625],
					"cubes": [
						{
							"origin": [24.43083, 17.71515, 2.40625],
							"size": [1.6875, 7.5, 1.6875],
							"pivot": [27.80583, 18.46515, 3.25],
							"rotation": [0, 0, 90],
							"uv": {
								"north": {"uv": [17, 4], "uv_size": [1, 4]},
								"east": {"uv": [17, 8], "uv_size": [1, 4]},
								"south": {"uv": [16, 16], "uv_size": [1, 4]},
								"west": {"uv": [17, 0], "uv_size": [1, 4]},
								"up": {"uv": [19, 3], "uv_size": [-1, -1]},
								"down": {"uv": [19, 3], "uv_size": [-1, 1]}
							}
						},
						{
							"origin": [26.11833, 17.71515, 3.0625],
							"size": [8.25, 7.5, 0],
							"pivot": [27.80583, 18.46515, 3.25],
							"rotation": [0, 0, 90],
							"uv": {
								"north": {"uv": [12, 12], "uv_size": [4.5, 4]},
								"east": {"uv": [0, 0], "uv_size": [0, 4]},
								"south": {"uv": [7, 12], "uv_size": [4.5, 4]},
								"west": {"uv": [0, 0], "uv_size": [0, 4]},
								"up": {"uv": [4.5, 0], "uv_size": [-4.5, 0]},
								"down": {"uv": [4.5, 0], "uv_size": [-4.5, 0]}
							}
						}
					]
				}
			]
		}
	]
}