{
  "format_version": "1.10.0",
  "particle_effect": {
    "description": {
      "identifier": "wesl3y:speed",
      "basic_render_parameters": {
        "material": "particles_blend",
        "texture": "textures/particle/particles12"
      }
    },
    "components": {
      "minecraft:emitter_rate_instant": {
        "num_particles": 8
      },/*
      "minecraft:emitter_rate_steady": {
        "spawn_rate": 8,
        "max_particles": 32
      },emitter_lifetime_looping*/
      "minecraft:emitter_lifetime_once": {
        "active_time": 1
      },/*
      "minecraft:emitter_shape_box": {
        "offset": [0, -0.5, 0.5],
        "half_dimensions": [0.4, 0.8, 0.4],
        "surface_only": true,
        "direction": [0, 0, 5]
      },*/
      "minecraft:emitter_shape_point": {
        "offset": [0, "math.random(1, 2)", 0.5]
      },
      "minecraft:particle_lifetime_expression": {
        "max_lifetime": 1
      },
      "minecraft:particle_expire_if_not_in_blocks": ["minecraft:air"],
      "minecraft:particle_appearance_billboard": {
        "size": [0.5, 0.04],
        "facing_camera_mode": "lookat_direction",
        "uv": {
          "texture_width": 32,
          "texture_height": 32,
          "uv": [0, 0],
          "uv_size": [32, 32]
        }
      },
      "minecraft:particle_appearance_lighting": {},
      "minecraft:particle_appearance_tinting": {
        "color": [1, 1, 1, 0.6902]
      }
    }
  }
}