{
  "pools": [
      {
          "rolls": 1,
          "entries": [
              {
                  "type": "item",
                  "name": "mello:kubikiribocho",
                  "weight": 50,
                  "functions": [
                      {
                          "function": "set_count",
                          "count": {
                              "min": 1,
                              "max": 1    
                           }
                      },
                      {
                          "function": "looting_enchant",
                          "count": {
                              "min": 1,
                              "max": 1
                          }
                      }
                    ]
                  },
                  {
                    "type": "item",
                    "name": "mello:pergaminho_s",
                    "weight": 30,
                    "functions": [
                        {
                            "function": "set_count",
                            "count": {
                                "min": 1,
                                "max": 1    
                             }
                        },
                        {
                            "function": "looting_enchant",
                            "count": {
                                "min": 1,
                                "max": 1
                            }
                        }
                      ]
                    }
              ]
          }
      ]
  }