{
  "format_version": "1.16.0",
  "minecraft:client_entity": {
    "description": {
      "identifier": "wesl3y:manda",
      "materials": {
        "default": "entity_alphatest"
      },
      "textures": {
        "default": "textures/entity/manda"
      },
      "geometry": {
        "default": "geometry.manda"
      },
      "scripts": {
        "pre_animation": [
          "variable.is_first_person = !q.is_alive;"
        ],
        "animate": [
         {"idle": "q.ground_speed < 1"},
         {"walk": "q.ground_speed > 1"}
        ]
      },
      "animations": {
        "idle": "animation.manda.idle",
        "walk": "animation.manda.walk"
      },
      "spawn_egg": {
        "texture": "spawn_egg",
        "texture_index": 57
      },
      "render_controllers": [
        "controller.render.skeleton"
      ],
      "enable_attachables": true
    }
  }
}