{
  "format_version": "1.16.0",
  "minecraft:client_entity": {
    "description": {
      "identifier": "wesl3y:trigramas",
      "materials": {
        "default": "entity_alphatest"
      },
      "textures": {
        "default": "textures/entity/trigramas"
      },
      "geometry": {
        "default": "geometry.trigramas"
      },
      "scripts": {
        "animate": [
          "trigramas"
        ]
      },
      "animations": {
        "trigramas": "animation.projetil.trigramas"
      },
      "render_controllers": [
        "controller.render.skeleton"
      ],
      "enable_attachables": false
    }
  }
}