{
  "format_version": "1.10.0",
  "particle_effect": {
    "description": {
      "identifier": "wesl3y:hie_ice_walk",
      "basic_render_parameters": {
        "material": "particles_blend",
        "texture": "textures/particle/particles7"
      }
    },
    "components": {
      "minecraft:emitter_rate_instant": {
        "num_particles": 3
      },
      "minecraft:emitter_lifetime_once": {
        "active_time": 1
      },
      "minecraft:emitter_shape_point": {},
      "minecraft:particle_lifetime_expression": {
        "max_lifetime": "math.random(0.5, 1.0)"
      },
      "minecraft:particle_initial_spin": {
        "rotation_rate": "math.random(-180, 180)"
      },
      "minecraft:particle_initial_speed": 1,
      "minecraft:particle_motion_dynamic": {},
      "minecraft:particle_appearance_billboard": {
        "size": ["(0.2 + variable.particle_random_1*0.2) - (0.25 * variable.particle_age)", "(0.2 + variable.particle_random_1*0.2) - (0.25 * variable.particle_age)"],
        "facing_camera_mode": "lookat_xyz",
        "uv": {
          "texture_width": 64,
          "texture_height": 8,
          "flipbook": {
            "base_UV": [64, 0],
            "size_UV": [8, 8],
            "step_UV": [-8, 0],
            "frames_per_second": 8,
            "max_frame": 8
          }
        }
      },
      "minecraft:particle_appearance_tinting": {
        "color": {
          "interpolant": "v.particle_age",
          "gradient": {
			"0.0": "#FF3763FF",
			"0.2": "#FF597CFF",
			"0.4": "#FF7793FF",
			"0.6": "#FF9BB0FF",
			"1.0": "#00ffffff"
		  }
        }
      }
    }
  }
}