{                                                                     
  "format_version": "1.16.100",
  "minecraft:item": {
    "description": {
      "identifier": "stk:horb",
      "category" : "items"
    },
    "components": {
      "minecraft:icon": {
        "texture": "horb"
      },
		"minecraft:render_offsets": {
			"main_hand": {
			  "first_person": { 
				"scale": [0.006,0.006,0.006]
			  },
			  "third_person": { 
				"scale": [0.016,0.016,0.016]
			  }
			},
			"off_hand": {
			  "first_person": { 
				"scale": [0.006,0.006,0.006]
			  },
			  "third_person": { 
				"scale": [0.016,0.016,0.016]
			  }
			}
		  },
      "minecraft:cooldown": {
        "category": "l",
        "duration": 0
      },
        "minecraft:display_name": {
        "value": "§bHero orb \n§eCraft"},
      "minecraft:stacked_by_data": false,
      "minecraft:max_stack_size": 64,
      "minecraft:foil": false,
      "minecraft:hand_equipped": true,
      "minecraft:on_use": {
        "on_use": {
          "event": "function",
          "target": "self"
        }
      }
    },
    "events": {
      "function": {
        "run_command": {
          "command": [ "" ],
          "target": "self"
        }
      }
    }
  }
}
