{
  "format_version": "1.19.50",
  "minecraft:entity": {
    "description": {
      "identifier": "wesl3y:black_whip_long",
      "is_spawnable": false,
      "is_summonable": true,
      "is_experimental": false,
      "runtime_identifier": "minecraft:snowball",
      "scripts": {
        "animate": [
          "1",
          "1"
        ]
      },
      "animations": {
        "1": "controller.animation.black_whip_long"
      }
    },
	"component_groups": {
	  "wesl3y:despawn": {
        "minecraft:instant_despawn": {}
      },
	  "wesl3y:swing": {
	    "minecraft:variant": {
	      "value": 1
	    },
        "minecraft:type_family": {
          "family": [ "swing", "black_whip", "projectile", "attack" ]
        },
        "minecraft:transformation": {
          "into": "wesl3y:despawn",
          "delay": 15.0
        },
        "minecraft:scale": {
          "value": 1.0
        },
        "minecraft:projectile": {
          "on_hit": {
            "impact_damage": {
              "damage": [6, 10],
              "destroy_on_hit": false
            },
            "definition_event": {
              "affectProjectile": false,
              "eventTrigger": {
			    "event": "wesl3y:explode",
			    "target": "self"
			  }
            },
            "stick_in_ground": {
			  "shake_time" : 3.0
            }
          },
          "power": 1.75,
          "gravity": 0,
          "angle_offset": 0.0,
          "inertia": 1,
		  "uncertaintyBase": 0,
          "liquid_inertia": 1,
          "catch_fire": false,
          "offset": [0.25, 0, 0]
        }
	  },
	  "wesl3y:swing2": {
	    "minecraft:variant": {
	      "value": 1
	    },
        "minecraft:type_family": {
          "family": [ "swing", "black_whip", "projectile", "attack" ]
        },
        "minecraft:transformation": {
          "into": "wesl3y:despawn",
          "delay": 15.0
        },
        "minecraft:scale": {
          "value": 1.0
        },
        "minecraft:projectile": {
          "on_hit": {
            "impact_damage": {
              "damage": 0,
              "destroy_on_hit": false
            },
            "definition_event": {
              "affectProjectile": false,
              "eventTrigger": {
			    "event": "wesl3y:explode",
			    "target": "self"
			  }
            },
            "stick_in_ground": {
			  "shake_time" : 7.5
            }
          },
          "power": 1.75,
          "gravity": 0.02,
          "angle_offset": 0.0,
          "inertia": 1,
		  "uncertaintyBase": 0,
          "liquid_inertia": 1,
          "catch_fire": true,
          "offset": [0, 0, 0.3]
        }
	  }
	},
    "components": {
      "minecraft:transformation": {
        "into": "wesl3y:despawn",
        "delay": 7.5
      },
      "minecraft:despawn": {
        "filters": {
          "any_of": [
            { "test": "distance_to_nearest_player", "operator": ">", "value": 64}
          ]
        }
      },
      "minecraft:damage_sensor": {
        "triggers":[
          {
            "cause": "all",
            "deals_damage": false
          }
        ]
      },
      "minecraft:leashable": {
        "max_distance": 99999,
        "hard_distance": 99999,
        "soft_distance": 99999
      },
      "minecraft:timer": {
        "time": 0.15,
        "looping": true,
        "time_down_event": {
          "event": "wesl3y:command"
        }
      },
      "minecraft:physics": {},
      "minecraft:pushable": {
        "is_pushable": false,
        "is_pushable_by_piston": true
      },
      "minecraft:conditional_bandwidth_optimization": {
        "default_values": {
          "max_optimized_distance": 80,
          "max_dropped_ticks": 10,
          "use_motion_prediction_hints": true
        }
      }
    },
	
	"events": {
	  "wesl3y:entity_spawned": {
        "sequence": [
          {
            "filters": {
              "test": "has_tag",
              "subject": "other",
              "value": "black_whip_swing"
            },
            "add": {
              "component_groups": [
                "wesl3y:swing"
              ]
            },
            "run_command": {
              "command": [
                "scoreboard players set @s skills 0"
              ]
            }
          },
          {
            "filters": {
              "test": "has_tag",
              "subject": "other",
              "value": "black_whip_swing2"
            },
            "add": {
              "component_groups": [
                "wesl3y:swing2"
              ]
            },
            "run_command": {
              "command": [
                "scoreboard players set @s skills 0"
              ]
            }
          }
	    ]
	  },
      "wesl3y:command": {
        "sequence": [
          {
            "filters": {
              "test": "is_family",
              "value": "swing"
            },
            "run_command": {
              "command": [
                "scoreboard players add @s skills 1",
                "event entity @s[scores={skills=60..}] wesl3y:despawn"
              ]
            }
          }
        ]
      },
      "wesl3y:explode": {
        "sequence": [
          {
            "filters": {
              "test": "is_family",
              "value": "swing"
            },
            "run_command": {
              "command": [
                "tag @s add explode"
              ]
            }
          }
        ]
      },
	  "wesl3y:despawn": {
	    "add": {
	      "component_groups": [
	        "wesl3y:despawn"
	      ]
	    }
	  }
	}
  }
}