{
  "format_version": "1.10.0",
  "particle_effect": {
    "description": {
      "identifier": "wesl3y:luffy_gear5_sprint",
      "basic_render_parameters": {
        "material": "particles_blend",
        "texture": "textures/particle/particles12"
      }
    },
    "components": {
	  "minecraft:emitter_local_space": {
		"position": true,
		"rotation": true
	  },
      "minecraft:emitter_rate_instant": {
        "num_particles": 40
      },
      "minecraft:emitter_lifetime_once": {
        "active_time": 1
      },
      "minecraft:emitter_shape_disc": {
        "radius": 0.5,
        "plane_normal": [90, 0, 0],
        "surface_only": true,
        "direction": "outwards"
      },
      "minecraft:particle_lifetime_expression": {
        "max_lifetime": 0.3
      },
      "minecraft:particle_initial_speed": 0.1,
      "minecraft:particle_motion_dynamic": {
        "linear_drag_coefficient": 4
      },
      "minecraft:particle_appearance_billboard": {
        "size": [0.25, 0.2],
        "facing_camera_mode": "rotate_xyz",
        "uv": {
          "texture_width": 32,
          "texture_height": 32,
          "uv": [0, 0],
          "uv_size": [32, 32]
        }
      },
      "minecraft:particle_appearance_tinting": {
        "color": {
          "interpolant": "v.particle_age",
          "gradient": {
            "0.1": "#50ffffff",
            "0.3": "#00ffffff"
          }
        }
      }
    }
  }
}