{
  "format_version": "1.10.0",
  "particle_effect": {
    "description": {
      "identifier": "wesl3y:luffy_gear2_red_hawk2",
      "basic_render_parameters": {
        "material": "particles_add",
        "texture": "textures/particle/particles2"
      }
    },
    "components": {
      "minecraft:emitter_rate_instant": {
        "num_particles": 2
      },
      "minecraft:emitter_lifetime_once": {
        "active_time": 1
      },
      "minecraft:emitter_shape_point": {},
      "minecraft:particle_lifetime_expression": {
        "max_lifetime": "math.random(0.4, 0.6)"
      },
      "minecraft:particle_initial_spin": {
        "rotation_rate": "Math.random(360, -360)"
      },
      "minecraft:particle_initial_speed": 0,
      "minecraft:particle_motion_dynamic": {},
      "minecraft:particle_appearance_billboard": {
        "size": [1.5, 1.5],
        "facing_camera_mode": "lookat_xyz",
        "uv": {
          "texture_width": 512,
          "texture_height": 32,
          "flipbook": {
            "base_UV": [0, 0],
            "size_UV": [32, 32],
            "step_UV": [32, 0],
            "frames_per_second": 8,
            "max_frame": 16,
            "stretch_to_lifetime": true
          }
        }
      },
      "minecraft:particle_appearance_tinting": {
        "color": {
          "interpolant": "v.particle_age",
          "gradient": {
            "0.0": "#BAFF9D00",
            "0.6": "#00FF9D00"
          }
        }
      }
    }
  }
}