{
  "format_version": "1.10.0",
  "particle_effect": {
    "description": {
      "identifier": "wesl3y:luffy_gear5_thunder",
      "basic_render_parameters": {
        "material": "particles_blend",
        "texture": "textures/particle/luffy/haki"
	  }
	},
	"components": {
      "minecraft:emitter_rate_instant": {
        "num_particles": 1
      },        
      "minecraft:emitter_lifetime_once": {},
      "minecraft:emitter_shape_sphere": {
        "radius": 0,
        "offset": [0, -20, 0]
      },
      "minecraft:particle_initial_speed": 0,
      "minecraft:particle_lifetime_expression": {
        "max_lifetime": "Math.random(0.5, 0.75)"
      },
      "minecraft:particle_motion_dynamic": {},
      "minecraft:particle_appearance_billboard": {
        "size": [ "3 - (10 * variable.particle_age)", 80 ],
        "facing_camera_mode": "rotate_y",
        "uv": {
          "texture_width": 64,
          "texture_height": 128,
          "flipbook": {
            "base_UV": ["Math.round(variable.particle_random_1*4)*16", 0],
            "size_UV": [16, 128],
            "step_UV": [0, 0],
			"frames_per_second": 2,
			"max_frame": 4,
			"loop": true
          }
        }
      }
    }
  }
}