{
	"format_version": "1.10.0",
	"particle_effect": {
		"description": {
			"identifier": "one:beerus_hakai",
			"basic_render_parameters": {
				"material": "particles_add",
				"texture": "textures/particle/particles"
			}
		},
		"components": {
			"minecraft:emitter_rate_instant": {
				"num_particles": 15
			},
			"minecraft:emitter_lifetime_once": {
				"active_time": 1
			},
			"minecraft:emitter_shape_sphere": {
				"radius": 0.1,
				"direction": "outwards"
			},
			"minecraft:particle_lifetime_expression": {
				"max_lifetime": 2
			},
			"minecraft:particle_initial_spin": {
				"rotation": "math.random(-100,100)"
			},
			"minecraft:particle_initial_speed": "math.random(5,10)",
			"minecraft:particle_motion_dynamic": {
				"linear_acceleration": [0, -10, 0]
			},
			"minecraft:particle_appearance_billboard": {
				"size": [1.5, 1.5],
				"facing_camera_mode": "rotate_xyz",
				"uv": {
					"texture_width": 128,
					"texture_height": 127,
					"uv": [32, 16],
					"uv_size": [32, 32]
				}
			},
			"minecraft:particle_motion_collision": {
				"collision_drag": 100,
				"collision_radius": 0.1
			},
			"minecraft:particle_appearance_tinting": {
				"color": {
					"interpolant": "variable.particle_age",
					"gradient": {
						"0.0": "#FFDF70FF",
						"1.0": "#FFEFADFF",
						"2.0": "#00FFFFFF"
					}
				}
			}
		}
	}
}