{
	"format_version": "1.10.0",
	"particle_effect": {
		"description": {
			"identifier": "one:charge",
			"basic_render_parameters": {
				"material": "particles_blend",
				"texture": "textures/particle/particles"
			}
		},
		"components": {
			"minecraft:emitter_initialization": {
				"creation_expression": "variable.size = 0.5;variable.lifetime = 1;"
			},
			"minecraft:emitter_rate_steady": {
				"spawn_rate": 5,
				"max_particles": 10
			},
			"minecraft:emitter_lifetime_once": {
				"active_time": 0.7
			},
			"minecraft:emitter_shape_box": {
				"half_dimensions": [2, 0.5, 2],
				"direction": "outwards"
			},
			"minecraft:particle_lifetime_expression": {
				"max_lifetime": "variable.particle_random_1*variable.lifetime+0.25"
			},
			"minecraft:particle_initial_speed": 0,
			"minecraft:particle_motion_dynamic": {
				"linear_acceleration": [0, "math.random(10,30)", 0],
				"linear_drag_coefficient": "math.random(1,2)"
			},
			"minecraft:particle_appearance_billboard": {
				"size": ["variable.size*(variable.particle_random_1*variable.lifetime-variable.particle_age)-0.2", "variable.size*(variable.particle_random_1*variable.lifetime-variable.particle_age)+2.5"],
				"facing_camera_mode": "rotate_xyz",
				"uv": {
					"texture_width": 128,
					"texture_height": 127,
					"uv": [1, 1],
					"uv_size": [8, 8]
				}
			},
			"minecraft:particle_appearance_tinting": {
				"color": {
					"interpolant": "variable.particle_age",
					"gradient": {
						"0.0": "#ABFFFFFF",
						"0.4": "#8A00FFEE",
						"0.8": "#00000000"
					}
				}
			}
		}
	}
}