{
	"format_version": "1.10.0",
	"particle_effect": {
		"description": {
			"identifier": "one:chidori",
			"basic_render_parameters": {
				"material": "particles_blend",
				"texture": "textures/Particles/lightning"
			}
		},
		"components": {
			"minecraft:emitter_rate_steady": {
				"spawn_rate": 50,
				"max_particles": 100
			},
			"minecraft:emitter_lifetime_once": {
				"active_time": 1
			},
			"minecraft:emitter_shape_sphere": {
				"radius": 0.01,
				"surface_only": true,
				"direction": "outwards"
			},
			"minecraft:particle_lifetime_expression": {
				"max_lifetime": 0.1
			},
			"minecraft:particle_initial_speed": 2,
			"minecraft:particle_motion_dynamic": {
				"linear_drag_coefficient": 2.5
			},
			"minecraft:particle_appearance_billboard": {
				"size": [0.1, 0.5],
				"facing_camera_mode": "direction_y",
				"uv": {
					"texture_width": 32,
					"texture_height": 64,
					"flipbook": {
						"base_UV": [0, 0],
						"size_UV": [4, 64],
						"step_UV": [4, 0],
						"frames_per_second": 5,
						"max_frame": 5,
						"stretch_to_lifetime": true,
						"loop": true
					}
				}
			},
			"minecraft:particle_appearance_tinting": {
				"color": {
					"interpolant": "v.particle_random_2",
					"gradient": {
						"0.0": "#FF2889FF",
						"0.37": "#FFA8D5FF",
						"0.64": "#FF255AFE",
						"1.0": "#00174791"
					}
				}
			}
		}
	}
}