{
	"format_version": "1.10.0",
	"particle_effect": {
		"description": {
			"identifier": "one:dirty_firework1",
			"basic_render_parameters": {
				"material": "particles_alpha",
				"texture": "textures/particle/particles"
			}
		},
		"curves": {
			"variable.rainbow": {
				"type": "catmull_rom",
				"input": "variable.particle_random_2",
				"horizontal_range": 1,
				"nodes": [1, 0, 1, 1.18]
			},
			"variable.psize": {
				"type": "catmull_rom",
				"input": "variable.particle_age",
				"horizontal_range": "variable.particle_lifetime",
				"nodes": [0, 0, 1, 0, 0]
			}
		},
		"components": {
			"minecraft:emitter_initialization": {
				"creation_expression": "variable.radius = 2.5;"
			},
			"minecraft:emitter_rate_instant": {
				"num_particles": 100
			},
			"minecraft:emitter_lifetime_once": {
				"active_time": 1
			},
			"minecraft:emitter_shape_sphere": {
				"radius": 0.01,
				"surface_only": true,
				"direction": "outwards"
			},
			"minecraft:particle_lifetime_expression": {
				"max_lifetime": 2.5
			},
			"minecraft:particle_initial_speed": 10,
			"minecraft:particle_motion_dynamic": {
				"linear_drag_coefficient": 2
			},
			"minecraft:particle_appearance_billboard": {
				"size": ["0.12 * variable.psize", "0.12 * variable.psize"],
				"facing_camera_mode": "rotate_xyz",
				"uv": {
					"texture_width": 128,
					"texture_height": 128,
					"uv": [32, 88],
					"uv_size": [8, 8]
				}
			},
			"minecraft:particle_appearance_lighting": {},
			"minecraft:particle_appearance_tinting": {
				"color": {
					"interpolant": "variable.rainbow",
					"gradient": {
						"0.0": "#ffd71c1c",
						"0.16": "#ffffdf00",
						"0.33": "#ff08ff00",
						"0.5": "#ff00ffff",
						"0.67": "#ff0000ff",
						"0.83": "#ffff00ff",
						"1.0": "#ffe21111"
					}
				}
			}
		}
	}
}