{
	"format_version": "1.10.0",
	"particle_effect": {
		"description": {
			"identifier": "one:flameslash",
			"basic_render_parameters": {
				"material": "particles_blend",
				"texture": "textures/particle/particles"
			}
		},
		"components": {
			"minecraft:emitter_rate_instant": {
				"num_particles": 200
			},
			"minecraft:emitter_lifetime_once": {
				"active_time": 1
			},
			"minecraft:emitter_shape_point": {
				"offset": ["math.cos(variable.particle_random_1 * -180) * (5 - (variable.particle_random_2 * 0.5))", 0, "math.sin(variable.particle_random_1 * -180) * (5 - (variable.particle_random_2 * 1.50))"]
			},
			"minecraft:particle_lifetime_expression": {
				"max_lifetime": 1
			},
			"minecraft:particle_initial_speed": 0.5,
			"minecraft:particle_motion_dynamic": {
				"linear_acceleration": [0, 1, 0]
			},
			"minecraft:particle_appearance_billboard": {
				"size": ["0.3 - (variable.particle_age * 0.2)", "0.3 - (variable.particle_age * 0.2)"],
				"facing_camera_mode": "rotate_xyz",
				"uv": {
					"texture_width": 128,
					"texture_height": 128,
					"flipbook": {
						"base_UV": [56, 0],
						"size_UV": [8, 8],
						"step_UV": [-8, 0],
						"max_frame": 10,
						"stretch_to_lifetime": true
					}
				}
			},
			"minecraft:particle_appearance_lighting": {},
			"minecraft:particle_appearance_tinting": {
				"color": {
					"interpolant": "variable.particle_random_2",
					"gradient": {
						"0.0": "#FFFFFFFF",
						"0.38": "#FFFFC400",
						"0.66": "#FFFFC520",
						"1.0": "#FFFF6821"
					}
				}
			}
		}
	}
}