{
	"format_version": "1.10.0",
	"particle_effect": {
		"description": {
			"identifier": "one:flame_blazing_ex",
			"basic_render_parameters": {
				"material": "particles_alpha",
				"texture": "textures/flame_atlas"
			}
		},
		"components": {
			"minecraft:emitter_local_space": {
				"position": true,
				"rotation": true
			},
			"minecraft:emitter_rate_instant": {
				"num_particles": 100
			},
			"minecraft:emitter_lifetime_once": {
				"active_time": 5
			},
			"minecraft:emitter_shape_disc": {
				"offset": [0, 0.25, 0],
				"radius": 10,
				"direction": "outwards"
			},
			"minecraft:particle_lifetime_expression": {
				"max_lifetime": 1.5
			},
			"minecraft:particle_initial_spin": {
				"rotation": "math.random(-10,10)"
			},
			"minecraft:particle_initial_speed": "Math.random(0, 2.5)",
			"minecraft:particle_motion_dynamic": {
				"linear_acceleration": [0, -1, 0]
			},
			"minecraft:particle_appearance_billboard": {
				"size": ["1*variable.particle_random_1+0.5", "1*variable.particle_random_1+0.5"],
				"facing_camera_mode": "lookat_xyz",
				"uv": {
					"texture_width": 16,
					"texture_height": 510,
					"flipbook": {
						"base_UV": [0, 0],
						"size_UV": [16, 16],
						"step_UV": [0, 16],
						"max_frame": 32,
						"stretch_to_lifetime": true
					}
				}
			},
			"minecraft:particle_motion_collision": {
				"collision_drag": 100,
				"collision_radius": 1
			},
			"minecraft:particle_appearance_tinting": {
				"color": [1, 1, 1, 1]
			}
		}
	}
}