{
	"format_version": "1.10.0",
	"particle_effect": {
		"description": {
			"identifier": "one:flame_rengoku2",
			"basic_render_parameters": {
				"material": "particles_add",
				"texture": "textures/particle/particles"
			}
		},
		"components": {
			"minecraft:emitter_local_space": {
				"position": true,
				"rotation": true
			},
			"minecraft:emitter_rate_steady": {
				"spawn_rate": 30,
				"max_particles": 40
			},
			"minecraft:emitter_lifetime_once": {
				"active_time": 5
			},
			"minecraft:emitter_shape_disc": {
				"offset": [0, "math.random(-2,10)", 0],
				"radius": 1,
				"direction": "inwards"
			},
			"minecraft:particle_lifetime_expression": {
				"max_lifetime": 1
			},
			"minecraft:particle_initial_spin": {
				"rotation": "math.random(-100,100)",
				"rotation_rate": 1000
			},
			"minecraft:particle_initial_speed": 1.25,
			"minecraft:particle_motion_dynamic": {
				"linear_acceleration": [0, 3, 0]
			},
			"minecraft:particle_appearance_billboard": {
				"size": ["10*(variable.particle_random_1+math.random(0,1))", "10*(variable.particle_random_1+0.25)"],
				"facing_camera_mode": "direction_y",
				"direction": {
					"mode": "custom",
					"custom_direction": [0, 0, 1000]
				},
				"uv": {
					"texture_width": 128,
					"texture_height": 128,
					"flipbook": {
						"base_UV": [0, 80],
						"size_UV": [6, 6],
						"step_UV": [8, 0],
						"max_frame": 12,
						"stretch_to_lifetime": true
					}
				}
			},
			"minecraft:particle_appearance_lighting": {},
			"minecraft:particle_appearance_tinting": {
				"color": {
					"interpolant": "variable.particle_age",
					"gradient": {
						"0.0": "#FFFF6D00",
						"1.92": "#FFFFF849",
						"3.0": "#00FFED6A"
					}
				}
			}
		}
	}
}