{
	"format_version": "1.10.0",
	"particle_effect": {
		"description": {
			"identifier": "one:flame_undulation2",
			"basic_render_parameters": {
				"material": "particles_blend",
				"texture": "textures/flame_atlas"
			}
		},
		"components": {
			"minecraft:emitter_rate_steady": {
				"spawn_rate": 25,
				"max_particles": 30
			},
			"minecraft:emitter_lifetime_once": {
				"active_time": 3
			},
			"minecraft:emitter_shape_sphere": {
				"offset": ["(0.5+variable.emitter_age*1)*math.cos(variable.emitter_age*720)", "(0.5+variable.emitter_age*1)*math.sin(variable.emitter_age*720)", 0],
				"radius": 1,
				"direction": "outwards"
			},
			"minecraft:particle_lifetime_expression": {
				"max_lifetime": 1
			},
			"minecraft:particle_initial_speed": 3,
			"minecraft:particle_motion_dynamic": {},
			"minecraft:particle_appearance_billboard": {
				"size": ["1.5*(1-variable.particle_age)", "1.5*(1-variable.particle_age)"],
				"facing_camera_mode": "rotate_xyz",
				"uv": {
					"texture_width": 16,
					"texture_height": 510,
					"flipbook": {
						"base_UV": [0, 0],
						"size_UV": [16, 16],
						"step_UV": [0, 16],
						"max_frame": 16,
						"stretch_to_lifetime": true
					}
				}
			},
			"minecraft:particle_appearance_tinting": {
				"color": {
					"interpolant": "variable.particle_age",
					"gradient": {
						"0.0": "#FFFFCC21",
						"1.0": "#00FFFFFF"
					}
				}
			}
		}
	}
}