{
	"format_version": "1.10.0",
	"particle_effect": {
		"description": {
			"identifier": "one:floor_slash2",
			"basic_render_parameters": {
				"material": "particles_blend",
				"texture": "textures/particle/particles"
			}
		},
		"components": {
			"minecraft:emitter_initialization": {
				"creation_expression": "variable.size = 0.5;variable.lifetime = 1;"
			},
			"minecraft:emitter_rate_steady": {
				"spawn_rate": 10,
				"max_particles": 15
			},
			"minecraft:emitter_lifetime_once": {
				"active_time": 5
			},
			"minecraft:emitter_shape_box": {
				"offset": [0, 1, 0],
				"half_dimensions": [4, 0.5, 0.15],
				"direction": "outwards"
			},
			"minecraft:particle_lifetime_expression": {
				"max_lifetime": "variable.particle_random_1*variable.lifetime+0.5"
			},
			"minecraft:particle_initial_speed": 0,
			"minecraft:particle_motion_dynamic": {
				"linear_acceleration": [0, "math.random(10,30)", 0],
				"linear_drag_coefficient": "math.random(1,2)"
			},
			"minecraft:particle_appearance_billboard": {
				"size": ["variable.size*(variable.particle_random_1*variable.lifetime-variable.particle_age)+1", "variable.size*(variable.particle_random_1*variable.lifetime-variable.particle_age)+5"],
				"facing_camera_mode": "rotate_xyz",
				"uv": {
					"texture_width": 128,
					"texture_height": 127,
					"uv": [1, 1],
					"uv_size": [8, 8]
				}
			},
			"minecraft:particle_appearance_lighting": {},
			"minecraft:particle_appearance_tinting": {
				"color": {
					"interpolant": "variable.particle_age",
					"gradient": {
						"0.0": "#ABFF0000",
						"0.6": "#8AFF0000",
						"1.2": "#00000000"
					}
				}
			}
		}
	}
}