{
	"format_version": "1.10.0",
	"particle_effect": {
		"description": {
			"identifier": "one:gomu_redhawk",
			"basic_render_parameters": {
				"material": "particles_alpha",
				"texture": "textures/flame_atlas"
			}
		},
		"components": {
			"minecraft:emitter_rate_steady": {
				"spawn_rate": 100,
				"max_particles": 150
			},
			"minecraft:emitter_lifetime_once": {
				"active_time": 0.1
			},
			"minecraft:emitter_shape_box": {
				"offset": [0, -1, 2.5],
				"half_dimensions": [0.15, 0.15, 2],
				"direction": "outwards"
			},
			"minecraft:particle_lifetime_expression": {
				"max_lifetime": "Math.random(0.25, 0.4)"
			},
			"minecraft:particle_initial_spin": {
				"rotation": "math.random(-9,9)"
			},
			"minecraft:particle_initial_speed": 0.25,
			"minecraft:particle_motion_dynamic": {
				"linear_acceleration": [0, 2.5, 0],
				"linear_drag_coefficient": 0.25
			},
			"minecraft:particle_appearance_billboard": {
				"size": [0.35, 1.0],
				"facing_camera_mode": "lookat_xyz",
				"uv": {
					"texture_width": 16,
					"texture_height": 511,
					"flipbook": {
						"base_UV": [0, 0],
						"size_UV": [16, 16],
						"step_UV": [0, 16],
						"frames_per_second": 10,
						"max_frame": 32,
						"stretch_to_lifetime": true
					}
				}
			}
		}
	}
}