{
	"format_version": "1.10.0",
	"particle_effect": {
		"description": {
			"identifier": "one:gomu_bazooka",
			"basic_render_parameters": {
				"material": "particles_blend",
				"texture": "textures/particle/particles"
			}
		},
		"components": {
			"minecraft:emitter_rate_steady": {
				"spawn_rate": 35,
				"max_particles": 40
			},
			"minecraft:emitter_lifetime_once": {
				"active_time": 2
			},
			"minecraft:emitter_shape_disc": {
				"offset": ["Math.random(-2, 2)", "Math.random(-1, 2)", "Math.random(-2, 2)"],
				"radius": 5,
				"plane_normal": [0, 180, 180],
				"direction": ["Math.random(-0.75, 0.75)", "Math.random(-1.0, 1.0)", "Math.random(-0.75, 0.75)"]
			},
			"minecraft:particle_lifetime_expression": {
				"max_lifetime": "6.0 / (Math.random(0.0, 16.0) + 12.0)"
			},
			"minecraft:particle_initial_speed": "Math.random(10.0, 20.0)",
			"minecraft:particle_motion_dynamic": {
				"linear_acceleration": [0, -12, 0],
				"linear_drag_coefficient": 10
			},
			"minecraft:particle_appearance_billboard": {
				"size": ["1 + variable.particle_random_1*1.5", "1 + variable.particle_random_1*1.5"],
				"facing_camera_mode": "lookat_xyz",
				"uv": {
					"texture_width": 128,
					"texture_height": 128,
					"flipbook": {
						"base_UV": [0, 80.1],
						"size_UV": [8, 8],
						"step_UV": [8, 0],
						"frames_per_second": 8,
						"max_frame": 16,
						"stretch_to_lifetime": true
					}
				}
			},
			"minecraft:particle_appearance_lighting": {},
			"minecraft:particle_appearance_tinting": {
				"color": {
					"interpolant": "variable.particle_age",
					"gradient": {
						"0.24": "#75FFFFFF",
						"0.5": "#00FFFFFF"
					}
				}
			}
		}
	}
}