{
	"format_version": "1.10.0",
	"particle_effect": {
		"description": {
			"identifier": "one:ground_slash",
			"basic_render_parameters": {
				"material": "particles_blend",
				"texture": "textures/Particles/lightcut"
			}
		},
		"components": {
			"minecraft:emitter_rate_instant": {
				"num_particles": 50
			},
			"minecraft:emitter_lifetime_once": {
				"active_time": 1
			},
			"minecraft:emitter_shape_point": {
				"direction": ["math.random(-90,90)", 15, "math.random(-90,90)"]
			},
			"minecraft:particle_lifetime_expression": {
				"max_lifetime": 1
			},
			"minecraft:particle_initial_speed": "math.random(10,15)",
			"minecraft:particle_motion_dynamic": {
				"linear_drag_coefficient": 1.5
			},
			"minecraft:particle_appearance_billboard": {
				"size": ["math.random(0.1,0.25)", 1.25],
				"facing_camera_mode": "direction_y",
				"uv": {
					"texture_width": 64,
					"texture_height": 128,
					"flipbook": {
						"base_UV": [0, 0],
						"size_UV": [16, 128],
						"step_UV": [16, 0],
						"frames_per_second": 5,
						"max_frame": 5,
						"stretch_to_lifetime": true,
						"loop": true
					}
				}
			},
			"minecraft:particle_appearance_tinting": {
				"color": {
					"interpolant": "v.particle_age",
					"gradient": {
						"0.0": "#FF000000",
						"0.29": "#FFDC0000",
						"0.64": "#FFFF0000",
						"1.0": "#C9FF0000"
					}
				}
			}
		}
	}
}