{
	"format_version": "1.10.0",
	"particle_effect": {
		"description": {
			"identifier": "one:gunbai_wind",
			"basic_render_parameters": {
				"material": "particles_add",
				"texture": "textures/particle/particles"
			}
		},
		"components": {
			"minecraft:emitter_rate_steady": {
				"spawn_rate": 15,
				"max_particles": 20
			},
			"minecraft:emitter_lifetime_once": {
				"active_time": 2
			},
			"minecraft:emitter_shape_sphere": {
				"offset": ["Math.random(-2, 2)", "Math.random(-2, 2)", "Math.random(-2, 2)"],
				"radius": 3,
				"direction": "outwards"
			},
			"minecraft:particle_lifetime_expression": {
				"max_lifetime": "6.0 / (Math.random(0.0, 16.0) + 12.0)"
			},
			"minecraft:particle_initial_speed": "Math.random(10.0, 20.0)",
			"minecraft:particle_motion_dynamic": {
				"linear_acceleration": [0, -8, 0],
				"linear_drag_coefficient": 1
			},
			"minecraft:particle_appearance_billboard": {
				"size": ["1 + variable.particle_random_1*1.5", "1 + variable.particle_random_1*1.5"],
				"facing_camera_mode": "lookat_xyz",
				"uv": {
					"texture_width": 128,
					"texture_height": 128,
					"flipbook": {
						"base_UV": [0, 80.1],
						"size_UV": [8, 8],
						"step_UV": [8, 0],
						"frames_per_second": 8,
						"max_frame": 16,
						"stretch_to_lifetime": true
					}
				}
			},
			"minecraft:particle_appearance_lighting": {},
			"minecraft:particle_appearance_tinting": {
				"color": {
					"interpolant": "variable.particle_age",
					"gradient": {
						"0.24": "#75FFFFFF",
						"0.5": "#00FFFFFF"
					}
				}
			}
		}
	}
}