{
	"format_version": "1.10.0",
	"particle_effect": {
		"description": {
			"identifier": "one:redhawkblaze",
			"basic_render_parameters": {
				"material": "particles_alpha",
				"texture": "textures/particle/particles"
			}
		},
		"components": {
			"minecraft:emitter_rate_steady": {
				"spawn_rate": 25,
				"max_particles": 40
			},
			"minecraft:emitter_lifetime_once": {
				"active_time": 0.1
			},
			"minecraft:emitter_shape_box": {
				"offset": [0, -0.1, 4],
				"half_dimensions": [0.15, 0.15, 2],
				"direction": ["math.random(-10,10)", "math.random(-10,10)", -1]
			},
			"minecraft:particle_lifetime_expression": {
				"max_lifetime": "Math.random(0.25, 0.5)"
			},
			"minecraft:particle_initial_speed": "Math.random(10.0, 15.0)",
			"minecraft:particle_motion_dynamic": {
				"linear_acceleration": ["(variable.particle_random_1 * 5.0 - 2.5)", -1, "(variable.particle_random_2 * -55.0 - 92.5)"]
			},
			"minecraft:particle_appearance_billboard": {
				"size": ["(variable.particle_random_3 * 0.15 + 0.025) * (1 - Math.pow((variable.particle_age + query.frame_alpha) / variable.particle_lifetime, 2))", "(variable.particle_random_3 * 0.15 + 0.025) * (1 - Math.pow((variable.particle_age + query.frame_alpha) / variable.particle_lifetime, 2))"],
				"facing_camera_mode": "lookat_xyz",
				"uv": {
					"texture_width": 128,
					"texture_height": 128,
					"uv": [10, 26],
					"uv_size": [4, 4]
				}
			},
			"minecraft:particle_motion_collision": {
				"collision_drag": 50,
				"coefficient_of_restitution": 0.1,
				"collision_radius": 0.1
			},
			"minecraft:particle_appearance_lighting": {}
		}
	}
}