{
	"format_version": "1.10.0",
	"particle_effect": {
		"description": {
			"identifier": "one:lightning_kirin",
			"basic_render_parameters": {
				"material": "particles_blend",
				"texture": "textures/Particles/lightcut"
			}
		},
		"components": {
			"minecraft:emitter_local_space": {
				"position": true,
				"rotation": true,
				"velocity": true
			},
			"minecraft:emitter_rate_steady": {
				"spawn_rate": 4,
				"max_particles": 6
			},
			"minecraft:emitter_lifetime_once": {
				"active_time": 1
			},
			"minecraft:emitter_shape_box": {
				"offset": [0, 5, 0],
				"half_dimensions": [5, 1, 5],
				"direction": "outwards"
			},
			"minecraft:particle_lifetime_expression": {
				"max_lifetime": 1
			},
			"minecraft:particle_initial_speed": 0,
			"minecraft:particle_motion_dynamic": {},
			"minecraft:particle_appearance_billboard": {
				"size": ["0.5+(variable.particle_age)*(-0.2)", "10+(variable.particle_age)*(5.0)"],
				"facing_camera_mode": "lookat_y",
				"uv": {
					"texture_width": 64,
					"texture_height": 128,
					"flipbook": {
						"base_UV": [0, 0],
						"size_UV": [16, 128],
						"step_UV": [16, 0],
						"frames_per_second": 5,
						"max_frame": 5,
						"stretch_to_lifetime": true,
						"loop": true
					}
				}
			},
			"minecraft:particle_appearance_lighting": {},
			"minecraft:particle_appearance_tinting": {
				"color": {
					"interpolant": "variable.particle_age",
					"gradient": {
						"0.0": "#00FFFFFF",
						"0.27": "#FFC7FAFF",
						"0.97": "#FF20D7FF"
					}
				}
			}
		}
	}
}