{
	"format_version": "1.10.0",
	"particle_effect": {
		"description": {
			"identifier": "one:lightning_slash",
			"basic_render_parameters": {
				"material": "particles_blend",
				"texture": "textures/Particles/lightcut"
			}
		},
		"components": {
			"minecraft:emitter_local_space": {
				"position": true,
				"rotation": true,
				"velocity": true
			},
			"minecraft:emitter_rate_instant": {
				"num_particles": 1
			},
			"minecraft:emitter_lifetime_once": {
				"active_time": 1
			},
			"minecraft:emitter_shape_point": {
				"offset": [0, 10, 0]
			},
			"minecraft:particle_lifetime_expression": {
				"max_lifetime": 1
			},
			"minecraft:particle_initial_speed": 0,
			"minecraft:particle_motion_dynamic": {},
			"minecraft:particle_appearance_billboard": {
				"size": ["0.8+(variable.particle_age)*(-1.0)", "10+(variable.particle_age)*(10.0)"],
				"facing_camera_mode": "rotate_y",
				"uv": {
					"texture_width": 64,
					"texture_height": 128,
					"flipbook": {
						"base_UV": [0, 0],
						"size_UV": [16, 128],
						"step_UV": [16, 0],
						"frames_per_second": 5,
						"max_frame": 5,
						"stretch_to_lifetime": true,
						"loop": true
					}
				}
			},
			"minecraft:particle_appearance_lighting": {},
			"minecraft:particle_appearance_tinting": {
				"color": {
					"interpolant": "variable.particle_age",
					"gradient": {
						"0.0": "#7D000000",
						"0.5": "#FFFF0000"
					}
				}
			}
		}
	}
}