{
	"format_version": "1.10.0",
	"particle_effect": {
		"description": {
			"identifier": "one:lions_strike",
			"basic_render_parameters": {
				"material": "particles_blend",
				"texture": "textures/Particles/sweep_attack"
			}
		},
		"components": {
			"minecraft:emitter_rate_instant": {
				"num_particles": 5
			},
			"minecraft:emitter_lifetime_once": {
				"active_time": 1
			},
			"minecraft:emitter_shape_sphere": {
				"offset": [0, 1, 0],
				"radius": 1,
				"direction": "outwards"
			},
			"minecraft:particle_lifetime_expression": {
				"max_lifetime": 2
			},
			"minecraft:particle_appearance_billboard": {
				"size": [3, 1.5],
				"facing_camera_mode": "rotate_xyz",
				"uv": {
					"texture_width": 256,
					"texture_height": 32,
					"flipbook": {
						"base_UV": [0, 0],
						"size_UV": [32, 32],
						"step_UV": [32, 0],
						"max_frame": 8,
						"stretch_to_lifetime": true
					}
				}
			},
			"minecraft:particle_appearance_tinting": {
				"color": {
					"interpolant": "v.particle_age",
					"gradient": {
						"0.0": "#FF28FEFF",
						"1.5": "#EDC7FFFD"
					}
				}
			}
		}
	}
}