{
	"format_version": "1.10.0",
	"particle_effect": {
		"description": {
			"identifier": "one:pound",
			"basic_render_parameters": {
				"material": "particles_blend",
				"texture": "textures/Particles/sweep_attack"
			}
		},
		"components": {
			"minecraft:emitter_rate_steady": {
				"spawn_rate": 25,
				"max_particles": 30
			},
			"minecraft:emitter_lifetime_once": {
				"active_time": 2
			},
			"minecraft:emitter_shape_sphere": {
				"offset": ["(variable.emitter_age*2)*math.cos(variable.emitter_age*360)", "(variable.emitter_age*2)*math.sin(variable.emitter_age*360)", 0],
				"radius": 1,
				"direction": "outwards"
			},
			"minecraft:particle_lifetime_expression": {
				"max_lifetime": 1
			},
			"minecraft:particle_initial_speed": 1,
			"minecraft:particle_motion_dynamic": {},
			"minecraft:particle_appearance_billboard": {
				"size": ["1.5*(1-variable.particle_age)", "1.5*(1-variable.particle_age)"],
				"facing_camera_mode": "rotate_xyz",
				"uv": {
					"texture_width": 256,
					"texture_height": 32,
					"flipbook": {
						"base_UV": [0, 0],
						"size_UV": [32, 32],
						"step_UV": [32, 0],
						"max_frame": 8,
						"stretch_to_lifetime": true
					}
				}
			},
			"minecraft:particle_appearance_tinting": {
				"color": {
					"interpolant": "variable.particle_age",
					"gradient": {
						"0.0": "#FF26FFEF",
						"1.0": "#00FFFFFF"
					}
				}
			}
		}
	}
}