{
	"format_version": "1.10.0",
	"particle_effect": {
		"description": {
			"identifier": "one:rasengan",
			"basic_render_parameters": {
				"material": "particles_add",
				"texture": "textures/particle/particles"
			}
		},
		"components": {
			"minecraft:emitter_rate_instant": {
				"num_particles": 15
			},
			"minecraft:emitter_lifetime_once": {
				"active_time": 3
			},
			"minecraft:emitter_shape_point": {
			},
			"minecraft:particle_lifetime_expression": {
				"max_lifetime": "1.0 + Math.random(0.0, 0.6)"
			},
			"minecraft:particle_initial_speed": "Math.random(3.0, 5.0)",
			"minecraft:particle_motion_dynamic": {
				"linear_drag_coefficient": 1
			},
			"minecraft:particle_appearance_billboard": {
				"size": ["(0.5 + variable.particle_random_1*0.25)", "(0.5 + variable.particle_random_1*0.25)"],
				"facing_camera_mode": "lookat_xyz",
				"uv": {
					"texture_width": 128,
					"texture_height": 128,
					"flipbook": {
						"base_UV": [0, 88],
						"size_UV": [8, 8],
						"step_UV": [8, 0],
						"frames_per_second": 8,
						"max_frame": 8,
						"stretch_to_lifetime": true
					}
				}
			},
			"minecraft:particle_motion_collision": {
				"collision_drag": 100,
				"collision_radius": 0.1
			},
			"minecraft:particle_appearance_lighting": {},
			"minecraft:particle_appearance_tinting": {
				"color": {
					"interpolant": "variable.particle_age",
					"gradient": {
						"0.0": "#FF007FFF",
						"0.44": "#FFFFFFFF",
						"0.84": "#FF00AEFF",
						"1.2": "#0000CFFF"
					}
				}
			}
		}
	}
}