{
	"format_version": "1.10.0",
	"particle_effect": {
		"description": {
			"identifier": "one:redhawk3",
			"basic_render_parameters": {
				"material": "particles_alpha",
				"texture": "textures/Particles/redhawk"
			}
		},
		"components": {
			"minecraft:emitter_local_space": {
				"position": true,
				"rotation": true,
				"velocity": true
			},
			"minecraft:emitter_rate_instant": {
				"num_particles": 1
			},
			"minecraft:emitter_lifetime_once": {
				"active_time": 1
			},
			"minecraft:emitter_shape_point": {
				"offset": [0, 0, -2],
				"direction": [0, 1, 0]
			},
			"minecraft:particle_lifetime_expression": {
				"max_lifetime": 0.725
			},
			"minecraft:particle_initial_spin": {
				"rotation": "Math.random(-999,999)",
				"rotation_rate": 10
			},
			"minecraft:particle_initial_speed": -0.1,
			"minecraft:particle_motion_dynamic": {
				"rotation_acceleration": 100
			},
			"minecraft:particle_appearance_billboard": {
				"size": [3, 3],
				"facing_camera_mode": "lookat_direction",
				"uv": {
					"texture_width": 1024,
					"texture_height": 128,
					"flipbook": {
						"base_UV": [0, 0],
						"size_UV": [128, 128],
						"step_UV": [128, 0],
						"frames_per_second": 8,
						"max_frame": 8,
						"stretch_to_lifetime": true
					}
				}
			},
			"minecraft:particle_appearance_tinting": {
				"color": {
					"interpolant": "variable.particle_age",
					"gradient": {
						"0.0": "#FFFF2828",
						"0.5": "#E8FFAE22"
					}
				}
			}
		}
	}
}