{
	"format_version": "1.8.0",
	"minecraft:attachable": {
		"description": {
			"identifier": "mello:portao_2",
			"materials": {
				"default": "slime_outer",
				"enchanted": "armor_enchanted"
			},
			"textures": {
				"default": "textures/modos/portao",
				"enchanted": "textures/misc/enchanted_item_glint"
			},
			"geometry": {
				"default": "geometry.portao"
			},
			"scripts": {
				"parent_setup": "variable.helmet_layer_visible = 0.0;"
			},
			"render_controllers": [
				"controller.render.default"
			]
		}
	}
}