{                                                                     
  "format_version": "1.16.100",
  "minecraft:item": {
    "description": {
      "identifier": "stk:vegetaego",
      "category" : "commands"
    },
    "components": {
      "minecraft:icon": {
        "texture": "vegetaego"
      },
		"minecraft:render_offsets": {
			"main_hand": {
			  "first_person": { 
				"scale": [0.000,0.000,0.000]
			  },
			  "third_person": { 
				"scale": [0.000,0.000,0.000]
			  }
			},
			"off_hand": {
			  "first_person": { 
				"scale": [0.000,0.000,0.000]
			  },
			  "third_person": { 
				"scale": [0.000,0.000,0.000]
			  }
			}
		  },
      "minecraft:cooldown": {
        "category": "l",
        "duration": 0
      },
        "minecraft:display_name": {
        "value": "§aVegeta Ego Superior \n§eAwakening"},
      "minecraft:stacked_by_data": false,
      "minecraft:max_stack_size": 64,
      "minecraft:foil": true,
      "minecraft:hand_equipped": true,
      "minecraft:on_use": {
        "on_use": {
          "event": "function",
          "target": "self"
        }
      }
    },
    "events": {
      "function": {
        "run_command": {
          "command": [ "function vegetaego" ],
          "target": "self"
        }
      }
    }
  }
}