{
	"format_version": "1.12.0",
	"minecraft:geometry": [
		{
			"description": {
				"identifier": "geometry.ice",
				"texture_width": 64,
				"texture_height": 64,
				"visible_bounds_width": 3,
				"visible_bounds_height": 4.5,
				"visible_bounds_offset": [0, 0.75, 0]
			},
			"bones": [
				{
					"name": "root",
					"pivot": [0, 0, 0]
				},
				{
					"name": "waist",
					"parent": "root",
					"pivot": [0, 12, 0]
				},
				{
					"name": "body",
					"parent": "waist",
					"pivot": [0, 24, 0]
				},
				{
					"name": "rightArm",
					"parent": "body",
					"pivot": [-5, 22, 0],
					"cubes": [
						{
							"origin": [-8, 12, -2],
							"size": [4, 12, 4],
							"inflate": 0.05,
							"uv": {
								"north": {"uv": [44, 20], "uv_size": [4, 12]},
								"east": {"uv": [40, 20], "uv_size": [4, 12]},
								"south": {"uv": [52, 20], "uv_size": [4, 12]},
								"west": {"uv": [48, 20], "uv_size": [4, 12]},
								"up": {"uv": [44, 16], "uv_size": [4, 4]},
								"down": {"uv": [48, 20], "uv_size": [4, -4]}
							}
						},
						{
							"origin": [-8, 12, -2],
							"size": [4, 12, 4],
							"inflate": 0.25,
							"uv": {
								"north": {"uv": [44, 36], "uv_size": [4, 12]},
								"east": {"uv": [40, 36], "uv_size": [4, 12]},
								"south": {"uv": [52, 36], "uv_size": [4, 12]},
								"west": {"uv": [48, 36], "uv_size": [4, 12]},
								"up": {"uv": [44, 32], "uv_size": [4, 4]},
								"down": {"uv": [48, 36], "uv_size": [4, -4]}
							}
						}
					]
				},
				{
					"name": "leftArm",
					"parent": "body",
					"pivot": [5, 22, 0],
					"cubes": [
						{
							"origin": [4, 12, -2],
							"size": [4, 12, 4],
							"inflate": 0.05,
							"uv": {
								"north": {"uv": [36, 52], "uv_size": [4, 12]},
								"east": {"uv": [32, 52], "uv_size": [4, 12]},
								"south": {"uv": [44, 52], "uv_size": [4, 12]},
								"west": {"uv": [40, 52], "uv_size": [4, 12]},
								"up": {"uv": [36, 48], "uv_size": [4, 4]},
								"down": {"uv": [40, 52], "uv_size": [4, -4]}
							}
						},
						{
							"origin": [4, 12, -2],
							"size": [4, 12, 4],
							"inflate": 0.25,
							"uv": {
								"north": {"uv": [52, 52], "uv_size": [4, 12]},
								"east": {"uv": [48, 52], "uv_size": [4, 12]},
								"south": {"uv": [60, 52], "uv_size": [4, 12]},
								"west": {"uv": [56, 52], "uv_size": [4, 12]},
								"up": {"uv": [52, 48], "uv_size": [4, 4]},
								"down": {"uv": [56, 52], "uv_size": [4, -4]}
							}
						}
					]
				}
			]
		}
	]
}