{
	"format_version": "1.12.0",
	"minecraft:geometry": [
		{
			"description": {
				"identifier": "geometry.ice_world",
				"texture_width": 32,
				"texture_height": 32,
				"visible_bounds_width": 5,
				"visible_bounds_height": 10,
				"visible_bounds_offset": [0, 2, 0]
			},
			"bones": [
				{
					"name": "root",
					"pivot": [0, 0, 0]
				},
				{
					"name": "body",
					"parent": "root",
					"pivot": [0, 0, 0]
				},
				{
					"name": "1",
					"parent": "body",
					"pivot": [21, -39, 0],
					"cubes": [
						{
							"origin": [13, -39, -8],
							"size": [16, 26, 16],
							"pivot": [21, -39, 0],
							"rotation": [0, 0, -27.5],
							"uv": {
								"north": {"uv": [0, 0], "uv_size": [16, 16]},
								"east": {"uv": [0, 0], "uv_size": [16, 16]},
								"south": {"uv": [0, 0], "uv_size": [16, 16]},
								"west": {"uv": [0, 0], "uv_size": [16, 16]},
								"up": {"uv": [16, 16], "uv_size": [-16, -16]},
								"down": {"uv": [16, 16], "uv_size": [-16, -16]}
							}
						},
						{
							"origin": [15, -13, -6],
							"size": [12, 24, 12],
							"pivot": [21, -39, 0],
							"rotation": [0, 0, -27.5],
							"uv": {
								"north": {"uv": [0, 0], "uv_size": [16, 16]},
								"east": {"uv": [0, 0], "uv_size": [16, 16]},
								"south": {"uv": [0, 0], "uv_size": [16, 16]},
								"west": {"uv": [0, 0], "uv_size": [16, 16]},
								"up": {"uv": [16, 16], "uv_size": [-16, -16]},
								"down": {"uv": [16, 16], "uv_size": [-16, -16]}
							}
						},
						{
							"origin": [17, 11, -4],
							"size": [8, 22, 8],
							"pivot": [21, -39, 0],
							"rotation": [0, 0, -27.5],
							"uv": {
								"north": {"uv": [0, 0], "uv_size": [16, 16]},
								"east": {"uv": [0, 0], "uv_size": [16, 16]},
								"south": {"uv": [0, 0], "uv_size": [16, 16]},
								"west": {"uv": [0, 0], "uv_size": [16, 16]},
								"up": {"uv": [16, 16], "uv_size": [-16, -16]},
								"down": {"uv": [16, 16], "uv_size": [-16, -16]}
							}
						},
						{
							"origin": [19, 29, -2],
							"size": [4, 22, 4],
							"pivot": [21, -39, 0],
							"rotation": [0, 0, -27.5],
							"uv": {
								"north": {"uv": [0, 0], "uv_size": [16, 16]},
								"east": {"uv": [0, 0], "uv_size": [16, 16]},
								"south": {"uv": [0, 0], "uv_size": [16, 16]},
								"west": {"uv": [0, 0], "uv_size": [16, 16]},
								"up": {"uv": [16, 16], "uv_size": [-16, -16]},
								"down": {"uv": [16, 16], "uv_size": [-16, -16]}
							}
						}
					]
				},
				{
					"name": "2",
					"parent": "body",
					"pivot": [-21, -33, -16],
					"cubes": [
						{
							"origin": [-29, -33, -24],
							"size": [16, 26, 16],
							"pivot": [-21, -33, -16],
							"rotation": [-20, 0, 27.5],
							"uv": {
								"north": {"uv": [16, 0], "uv_size": [-16, 16]},
								"east": {"uv": [16, 0], "uv_size": [-16, 16]},
								"south": {"uv": [16, 0], "uv_size": [-16, 16]},
								"west": {"uv": [16, 0], "uv_size": [-16, 16]},
								"up": {"uv": [0, 16], "uv_size": [16, -16]},
								"down": {"uv": [0, 16], "uv_size": [16, -16]}
							}
						},
						{
							"origin": [-27, -7, -22],
							"size": [12, 24, 12],
							"pivot": [-21, -33, -16],
							"rotation": [-20, 0, 27.5],
							"uv": {
								"north": {"uv": [16, 0], "uv_size": [-16, 16]},
								"east": {"uv": [16, 0], "uv_size": [-16, 16]},
								"south": {"uv": [16, 0], "uv_size": [-16, 16]},
								"west": {"uv": [16, 0], "uv_size": [-16, 16]},
								"up": {"uv": [0, 16], "uv_size": [16, -16]},
								"down": {"uv": [0, 16], "uv_size": [16, -16]}
							}
						},
						{
							"origin": [-25, 17, -20],
							"size": [8, 22, 8],
							"pivot": [-21, -33, -16],
							"rotation": [-20, 0, 27.5],
							"uv": {
								"north": {"uv": [16, 0], "uv_size": [-16, 16]},
								"east": {"uv": [16, 0], "uv_size": [-16, 16]},
								"south": {"uv": [16, 0], "uv_size": [-16, 16]},
								"west": {"uv": [16, 0], "uv_size": [-16, 16]},
								"up": {"uv": [0, 16], "uv_size": [16, -16]},
								"down": {"uv": [0, 16], "uv_size": [16, -16]}
							}
						},
						{
							"origin": [-23, 35, -18],
							"size": [4, 22, 4],
							"pivot": [-21, -33, -16],
							"rotation": [-20, 0, 27.5],
							"uv": {
								"north": {"uv": [16, 0], "uv_size": [-16, 16]},
								"east": {"uv": [16, 0], "uv_size": [-16, 16]},
								"south": {"uv": [16, 0], "uv_size": [-16, 16]},
								"west": {"uv": [16, 0], "uv_size": [-16, 16]},
								"up": {"uv": [0, 16], "uv_size": [16, -16]},
								"down": {"uv": [0, 16], "uv_size": [16, -16]}
							}
						}
					]
				}
			]
		}
	]
}