{
	"format_version": "1.12.0",
	"minecraft:geometry": [
		{
			"description": {
				"identifier": "geometry.ice_dragon",
				"texture_width": 64,
				"texture_height": 64,
				"visible_bounds_width": 8,
				"visible_bounds_height": 4.5,
				"visible_bounds_offset": [0, 1.75, 0]
			},
			"bones": [
				{
					"name": "root",
					"pivot": [0, 0, 0]
				},
				{
					"name": "body",
					"parent": "root",
					"pivot": [0, 0, 0],
					"cubes": [
						{
							"origin": [-2, 4.72629, -7.66668],
							"size": [4, 9, 4],
							"pivot": [0, -0.17852, -4.84519],
							"rotation": [47.5, 0, 0],
							"uv": {
								"north": {"uv": [21, 0], "uv_size": [4, 9]},
								"east": {"uv": [21, 9], "uv_size": [4, 9]},
								"south": {"uv": [10, 24], "uv_size": [4, 9]},
								"west": {"uv": [14, 24], "uv_size": [4, 9]},
								"up": {"uv": [5, 32], "uv_size": [4, 4]},
								"down": {"uv": [9, 37], "uv_size": [4, -4]}
							}
						},
						{
							"origin": [-3.96441, 3.68096, -9.6205],
							"size": [8, 8, 0],
							"pivot": [-0.46441, 9.43096, -9.6205],
							"rotation": [-87.20727, -48.95268, 88.54644],
							"uv": {
								"north": {"uv": [8, 0], "uv_size": [-8, 8]},
								"east": {"uv": [0, 0], "uv_size": [0, 8]},
								"south": {"uv": [64, 56], "uv_size": [-8, 8]},
								"west": {"uv": [0, 0], "uv_size": [0, 8]},
								"up": {"uv": [8, 0], "uv_size": [-8, 0]},
								"down": {"uv": [8, 0], "uv_size": [-8, 0]}
							}
						},
						{
							"origin": [-2.25, -2.77267, -5.89659],
							"size": [4.5, 9, 4.5],
							"pivot": [0, 0.69387, -3.85876],
							"rotation": [75, 0, 0],
							"uv": {
								"north": {"uv": [0, 16], "uv_size": [4.5, 9]},
								"east": {"uv": [16, 0], "uv_size": [4.5, 9]},
								"south": {"uv": [5, 16], "uv_size": [4.5, 9]},
								"west": {"uv": [16, 9], "uv_size": [4.5, 9]},
								"up": {"uv": [26, 30], "uv_size": [4.5, 4.5]},
								"down": {"uv": [31, 4.5], "uv_size": [4.5, -4.5]}
							}
						},
						{
							"origin": [3.15313, 0.31886, -4.12822],
							"size": [8, 8, 0],
							"pivot": [-0.34687, 4.31886, -4.12822],
							"rotation": [-28.92483, -87.90505, 29.5944],
							"uv": {
								"north": {"uv": [8, 0], "uv_size": [-8, 8]},
								"east": {"uv": [0, 0], "uv_size": [0, 8]},
								"south": {"uv": [64, 56], "uv_size": [-8, 8]},
								"west": {"uv": [0, 0], "uv_size": [0, 8]},
								"up": {"uv": [8, 0], "uv_size": [-8, 0]},
								"down": {"uv": [8, 0], "uv_size": [-8, 0]}
							}
						},
						{
							"origin": [-3.84687, 0.31886, -4.12822],
							"size": [8, 8, 0],
							"pivot": [-0.34687, 4.31886, -4.12822],
							"rotation": [-84.24314, -71.399, 85.19535],
							"uv": {
								"north": {"uv": [8, 0], "uv_size": [-8, 8]},
								"east": {"uv": [0, 0], "uv_size": [0, 8]},
								"south": {"uv": [64, 56], "uv_size": [-8, 8]},
								"west": {"uv": [0, 0], "uv_size": [0, 8]},
								"up": {"uv": [8, 0], "uv_size": [-8, 0]},
								"down": {"uv": [8, 0], "uv_size": [-8, 0]}
							}
						}
					]
				},
				{
					"name": "head",
					"parent": "body",
					"pivot": [0, 8, -15],
					"cubes": [
						{
							"origin": [-2.5, 6.69786, -22.4646],
							"size": [5, 7, 2.5],
							"pivot": [0, 8.36198, -20.95558],
							"rotation": [97.5, 0, 0],
							"uv": {
								"north": {"uv": [18, 24], "uv_size": [5, 7]},
								"east": {"uv": [31, 5], "uv_size": [2.5, 7]},
								"south": {"uv": [24, 18], "uv_size": [5, 7]},
								"west": {"uv": [18, 31], "uv_size": [2.5, 7]},
								"up": {"uv": [38, 14], "uv_size": [5, 2.5]},
								"down": {"uv": [38, 19.5], "uv_size": [5, -2.5]}
							}
						},
						{
							"origin": [-3, 3.49009, -23.62861],
							"size": [6, 5, 5],
							"pivot": [0, 8.36198, -20.95558],
							"rotation": [85, 0, 0],
							"uv": {
								"north": {"uv": [0, 25], "uv_size": [6, 5]},
								"east": {"uv": [23, 25], "uv_size": [5, 5]},
								"south": {"uv": [25, 0], "uv_size": [6, 5]},
								"west": {"uv": [28, 25], "uv_size": [5, 5]},
								"up": {"uv": [25, 5], "uv_size": [6, 5]},
								"down": {"uv": [25, 15], "uv_size": [6, -5]}
							}
						},
						{
							"origin": [-3.25, 2.4064, -24.81756],
							"size": [6.5, 2, 6],
							"pivot": [0, 8.36198, -20.95558],
							"rotation": [90, 0, 0],
							"uv": {
								"north": {"uv": [37, 27], "uv_size": [6.5, 2]},
								"east": {"uv": [10, 16], "uv_size": [6, 2]},
								"south": {"uv": [38, 12], "uv_size": [6.5, 2]},
								"west": {"uv": [39, 35], "uv_size": [6, 2]},
								"up": {"uv": [10, 18], "uv_size": [6.5, 6]},
								"down": {"uv": [17, 24], "uv_size": [6.5, -6]}
							}
						},
						{
							"origin": [-1.5, 6.69786, -20.2146],
							"size": [3, 7, 1.25],
							"pivot": [0, 8.36198, -20.95558],
							"rotation": [97.5, 0, 0],
							"uv": {
								"north": {"uv": [6, 25], "uv_size": [3, 7]},
								"east": {"uv": [33, 41], "uv_size": [1.5, 7]},
								"south": {"uv": [23, 30], "uv_size": [3, 7]},
								"west": {"uv": [9, 43], "uv_size": [1.5, 7]},
								"up": {"uv": [47, 39], "uv_size": [3, 1.5]},
								"down": {"uv": [47, 42.5], "uv_size": [3, -1.5]}
							}
						},
						{
							"origin": [-2, 7.47135, -19.00443],
							"size": [4, 1.75, 2.25],
							"pivot": [0, 8.36198, -20.95558],
							"rotation": [55, 0, 0],
							"uv": {
								"north": {"uv": [17, 38], "uv_size": [4, 2]},
								"east": {"uv": [47, 25], "uv_size": [2.5, 2]},
								"south": {"uv": [43, 40], "uv_size": [4, 2]},
								"west": {"uv": [47, 31], "uv_size": [2.5, 2]},
								"up": {"uv": [25, 15], "uv_size": [4, 2.5]},
								"down": {"uv": [43, 5.5], "uv_size": [4, -2.5]}
							}
						},
						{
							"origin": [-1.52136, 0.80092, -22.5269],
							"size": [2.25, 4.5, 2.5],
							"pivot": [0, 8.36198, -20.95558],
							"rotation": [116.16805, 33.30994, -3.70356],
							"uv": {
								"north": {"uv": [27, 39], "uv_size": [2.5, 4.5]},
								"east": {"uv": [0, 40], "uv_size": [2.5, 4.5]},
								"south": {"uv": [40, 37], "uv_size": [2.5, 4.5]},
								"west": {"uv": [41, 6], "uv_size": [2.5, 4.5]},
								"up": {"uv": [44, 31], "uv_size": [2.5, 2.5]},
								"down": {"uv": [0, 47.5], "uv_size": [2.5, -2.5]}
							}
						},
						{
							"origin": [2.7086, 3.94445, -21.3022],
							"size": [0.5, 3.5, 1.25],
							"pivot": [0, 8.36198, -20.95558],
							"rotation": [102.42327, 9.96156, -0.88045],
							"uv": {
								"north": {"uv": [1, 50], "uv_size": [0.5, 3.5]},
								"east": {"uv": [44, 45], "uv_size": [1.5, 3.5]},
								"south": {"uv": [5, 50], "uv_size": [0.5, 3.5]},
								"west": {"uv": [30, 46], "uv_size": [1.5, 3.5]},
								"up": {"uv": [32, 50], "uv_size": [0.5, 1.5]},
								"down": {"uv": [33, 51.5], "uv_size": [0.5, -1.5]}
							}
						},
						{
							"origin": [-3.2086, 3.94445, -21.3022],
							"size": [0.5, 3.5, 1.25],
							"pivot": [0, 8.36198, -20.95558],
							"rotation": [102.42327, -9.96156, 0.88045],
							"uv": {
								"north": {"uv": [0.5, 48], "uv_size": [-0.5, 3.5]},
								"east": {"uv": [37, 42.5], "uv_size": [-1.5, 3.5]},
								"south": {"uv": [2.5, 36], "uv_size": [-0.5, 3.5]},
								"west": {"uv": [45.5, 45], "uv_size": [-1.5, 3.5]},
								"up": {"uv": [31, 50], "uv_size": [-0.5, 1.5]},
								"down": {"uv": [35.5, 52.5], "uv_size": [-0.5, -1.5]}
							}
						},
						{
							"origin": [-1, 12.49009, -22.12861],
							"size": [2, 1.75, 3],
							"pivot": [0, 8.36198, -20.95558],
							"rotation": [85, 0, 0],
							"uv": {
								"north": {"uv": [21, 35], "uv_size": [2, 2]},
								"east": {"uv": [45, 12], "uv_size": [3, 2]},
								"south": {"uv": [36, 3], "uv_size": [2, 2]},
								"west": {"uv": [45, 23], "uv_size": [3, 2]},
								"up": {"uv": [28, 44], "uv_size": [2, 3]},
								"down": {"uv": [45, 45], "uv_size": [2, -3]}
							}
						},
						{
							"origin": [-0.72864, 0.80092, -22.5269],
							"size": [2.25, 4.5, 2.5],
							"pivot": [0, 8.36198, -20.95558],
							"rotation": [116.16805, -33.30994, 3.70356],
							"uv": {
								"north": {"uv": [30, 41], "uv_size": [2.5, 4.5]},
								"east": {"uv": [3, 42], "uv_size": [2.5, 4.5]},
								"south": {"uv": [6, 42], "uv_size": [2.5, 4.5]},
								"west": {"uv": [42, 20], "uv_size": [2.5, 4.5]},
								"up": {"uv": [11, 45], "uv_size": [2.5, 2.5]},
								"down": {"uv": [14, 47.5], "uv_size": [2.5, -2.5]}
							}
						},
						{
							"origin": [-2.25, 3.84004, -24.59145],
							"size": [4.5, 5.5, 2.25],
							"pivot": [0, 8.36198, -20.95558],
							"rotation": [90, 0, 0],
							"uv": {
								"north": {"uv": [29, 15], "uv_size": [4.5, 5.5]},
								"east": {"uv": [14, 37], "uv_size": [2.5, 5.5]},
								"south": {"uv": [0, 30], "uv_size": [4.5, 5.5]},
								"west": {"uv": [38, 6], "uv_size": [2.5, 5.5]},
								"up": {"uv": [41, 0], "uv_size": [4.5, 2.5]},
								"down": {"uv": [40, 44.5], "uv_size": [4.5, -2.5]}
							}
						},
						{
							"origin": [-2, 9.34004, -24.34145],
							"size": [4, 4, 2],
							"pivot": [0, 8.36198, -20.95558],
							"rotation": [90, 0, 0],
							"uv": {
								"north": {"uv": [29, 21], "uv_size": [4, 4]},
								"east": {"uv": [21, 31], "uv_size": [2, 4]},
								"south": {"uv": [31, 30], "uv_size": [4, 4]},
								"west": {"uv": [26, 44], "uv_size": [2, 4]},
								"up": {"uv": [44, 27], "uv_size": [4, 2]},
								"down": {"uv": [44, 31], "uv_size": [4, -2]}
							}
						},
						{
							"origin": [1, 12.49009, -22.12861],
							"size": [1.25, 1.5, 1.75],
							"pivot": [0, 8.36198, -20.95558],
							"rotation": [85, 0, 0],
							"uv": {
								"north": {"uv": [3, 50], "uv_size": [1.5, 1.5]},
								"east": {"uv": [23, 48], "uv_size": [2, 1.5]},
								"south": {"uv": [50, 3], "uv_size": [1.5, 1.5]},
								"west": {"uv": [48, 23], "uv_size": [2, 1.5]},
								"up": {"uv": [25, 48], "uv_size": [1.5, 2]},
								"down": {"uv": [48, 29], "uv_size": [1.5, -2]}
							}
						},
						{
							"origin": [-2.25, 12.49009, -22.12861],
							"size": [1.25, 1.5, 1.75],
							"pivot": [0, 8.36198, -20.95558],
							"rotation": [85, 0, 0],
							"uv": {
								"north": {"uv": [50, 8], "uv_size": [1.5, 1.5]},
								"east": {"uv": [48, 29], "uv_size": [2, 1.5]},
								"south": {"uv": [9, 50], "uv_size": [1.5, 1.5]},
								"west": {"uv": [33, 48], "uv_size": [2, 1.5]},
								"up": {"uv": [48, 34], "uv_size": [1.5, 2]},
								"down": {"uv": [35, 50], "uv_size": [1.5, -2]}
							}
						},
						{
							"origin": [-4, 11.75, -14],
							"size": [8, 8, 0],
							"pivot": [0, 15, -20],
							"rotation": [-67.5, 75, -12.5],
							"uv": {
								"north": {"uv": [0, 0], "uv_size": [8, 8]},
								"east": {"uv": [0, 0], "uv_size": [0, 8]},
								"south": {"uv": [56, 56], "uv_size": [8, 8]},
								"west": {"uv": [0, 0], "uv_size": [0, 8]},
								"up": {"uv": [0, 0], "uv_size": [8, 0]},
								"down": {"uv": [0, 0], "uv_size": [8, 0]}
							}
						},
						{
							"origin": [-4, 11.75, -14],
							"size": [8, 8, 0],
							"pivot": [0, 15, -20],
							"rotation": [-67.5, -75, 12.5],
							"uv": {
								"north": {"uv": [8, 0], "uv_size": [-8, 8]},
								"east": {"uv": [0, 0], "uv_size": [0, 8]},
								"south": {"uv": [64, 56], "uv_size": [-8, 8]},
								"west": {"uv": [0, 0], "uv_size": [0, 8]},
								"up": {"uv": [8, 0], "uv_size": [-8, 0]},
								"down": {"uv": [8, 0], "uv_size": [-8, 0]}
							}
						},
						{
							"origin": [-6.15207, 0.75756, -21.44877],
							"size": [8, 8, 0],
							"pivot": [-0.90207, 4.25756, -21.44877],
							"rotation": [-86.22063, 60.96069, 93.95873],
							"uv": {
								"north": {"uv": [8, 0], "uv_size": [-8, 8]},
								"east": {"uv": [0, 0], "uv_size": [0, 8]},
								"south": {"uv": [64, 56], "uv_size": [-8, 8]},
								"west": {"uv": [0, 0], "uv_size": [0, 8]},
								"up": {"uv": [8, 0], "uv_size": [-8, 0]},
								"down": {"uv": [8, 0], "uv_size": [-8, 0]}
							}
						}
					]
				},
				{
					"name": "rightArm",
					"parent": "body",
					"pivot": [-2.5, 2, -4],
					"cubes": [
						{
							"origin": [-1.9688, -1.89369, -16.39654],
							"size": [4, 4, 4],
							"pivot": [-9.12464, 1.41291, -11.2709],
							"rotation": [-155.5675, -38.5172, 17.6698],
							"uv": {
								"north": {"uv": [17, 33], "uv_size": [-4, 4]},
								"east": {"uv": [38, 5], "uv_size": [-4, 4]},
								"south": {"uv": [37, 25], "uv_size": [-4, 4]},
								"west": {"uv": [37, 21], "uv_size": [-4, 4]},
								"up": {"uv": [38, 9], "uv_size": [-4, 4]},
								"down": {"uv": [38, 17], "uv_size": [-4, -4]}
							}
						},
						{
							"origin": [-7.89715, 3.03986, -17.79023],
							"size": [5, 3, 3],
							"pivot": [-9.12464, 1.41291, -11.2709],
							"rotation": [-135.5787, -8.5887, 2.826],
							"uv": {
								"north": {"uv": [41, 0], "uv_size": [-5, 3]},
								"east": {"uv": [46, 37], "uv_size": [-3, 3]},
								"south": {"uv": [9, 36], "uv_size": [-5, 3]},
								"west": {"uv": [34, 12], "uv_size": [-3, 3]},
								"up": {"uv": [14, 37], "uv_size": [-5, 3]},
								"down": {"uv": [26, 40], "uv_size": [-5, -3]}
							}
						},
						{
							"origin": [-8.55279, 2.39778, -15.09543],
							"size": [5, 2.5, 2.5],
							"pivot": [-9.12464, 1.41291, -11.2709],
							"rotation": [-125.9873, -47.6355, -16.7347],
							"uv": {
								"north": {"uv": [35, 38], "uv_size": [-5, 2.5]},
								"east": {"uv": [22.5, 45], "uv_size": [-2.5, 2.5]},
								"south": {"uv": [9, 39], "uv_size": [-5, 2.5]},
								"west": {"uv": [19.5, 45], "uv_size": [-2.5, 2.5]},
								"up": {"uv": [44, 29], "uv_size": [-5, 2.5]},
								"down": {"uv": [44, 34.5], "uv_size": [-5, -2.5]}
							}
						},
						{
							"origin": [-10.92213, 2.33377, -14.034],
							"size": [5, 2, 2],
							"pivot": [-9.12464, 1.41291, -11.2709],
							"rotation": [-65.7526, -86.0471, -70.8061],
							"uv": {
								"north": {"uv": [47, 25], "uv_size": [-5, 2]},
								"east": {"uv": [49, 43], "uv_size": [-2, 2]},
								"south": {"uv": [16, 43], "uv_size": [-5, 2]},
								"west": {"uv": [30, 47], "uv_size": [-2, 2]},
								"up": {"uv": [48, 14], "uv_size": [-5, 2]},
								"down": {"uv": [21, 45], "uv_size": [-5, -2]}
							}
						},
						{
							"origin": [-14.83422, -0.89357, -23.92309],
							"size": [2.34, 3.9, 3.9],
							"pivot": [-12.68021, 0.40733, -17.75354],
							"rotation": [177.7097, 17.0338, -91.2437],
							"uv": {
								"north": {"uv": [49.5, 12], "uv_size": [-1.5, 2.5]},
								"east": {"uv": [25.5, 45], "uv_size": [-2.5, 2.5]},
								"south": {"uv": [14.5, 48], "uv_size": [-1.5, 2.5]},
								"west": {"uv": [47.5, 20], "uv_size": [-2.5, 2.5]},
								"up": {"uv": [16.5, 48], "uv_size": [-1.5, 2.5]},
								"down": {"uv": [49.5, 17.5], "uv_size": [-1.5, -2.5]}
							}
						},
						{
							"origin": [-11.07776, 0.04243, -21.60673],
							"size": [2.028, 2.028, 5.07],
							"pivot": [-12.68021, 0.40733, -17.75354],
							"rotation": [177.5213, -27.9312, -89.4108],
							"uv": {
								"north": {"uv": [12.5, 50], "uv_size": [-1.5, 1.5]},
								"east": {"uv": [49.5, 37], "uv_size": [-3.5, 1.5]},
								"south": {"uv": [51.5, 12], "uv_size": [-1.5, 1.5]},
								"west": {"uv": [49.5, 0], "uv_size": [-3.5, 1.5]},
								"up": {"uv": [47.5, 45], "uv_size": [-1.5, 3.5]},
								"down": {"uv": [48.5, 5.5], "uv_size": [-1.5, -3.5]}
							}
						},
						{
							"origin": [-10.73934, 0.29593, -19.55161],
							"size": [1.521, 1.521, 5.07],
							"pivot": [-12.68021, 0.40733, -17.75354],
							"rotation": [177.5928, 24.5275, -91.5722],
							"uv": {
								"north": {"uv": [24, 24], "uv_size": [-1, 1]},
								"east": {"uv": [50.5, 33], "uv_size": [-3.5, 1]},
								"south": {"uv": [6, 30], "uv_size": [-1, 1]},
								"west": {"uv": [41.5, 20], "uv_size": [-3.5, 1]},
								"up": {"uv": [10, 25], "uv_size": [-1, 3.5]},
								"down": {"uv": [10, 32.5], "uv_size": [-1, -3.5]}
							}
						},
						{
							"origin": [-9.1288, 0.54943, -18.79231],
							"size": [1.014, 1.014, 3.2955],
							"pivot": [-12.68021, 0.40733, -17.75354],
							"rotation": [168.0989, 79.3222, -102.2732],
							"uv": {
								"north": {"uv": [51.5, 2], "uv_size": [-0.5, 0.5]},
								"east": {"uv": [52, 10], "uv_size": [-2, 0.5]},
								"south": {"uv": [51.5, 6], "uv_size": [-0.5, 0.5]},
								"west": {"uv": [35, 29], "uv_size": [-2, 0.5]},
								"up": {"uv": [3.5, 40], "uv_size": [-0.5, 2]},
								"down": {"uv": [50.5, 20], "uv_size": [-0.5, -2]}
							}
						},
						{
							"origin": [-9.15612, -1.98084, -17.04798],
							"size": [0.8112, 0.8112, 2.6364],
							"pivot": [-12.68021, 0.40733, -17.75354],
							"rotation": [68.6569, 60.752, 169.548],
							"uv": {
								"north": {"uv": [51.5, 2], "uv_size": [-0.5, 0.5]},
								"east": {"uv": [52, 10], "uv_size": [-2, 0.5]},
								"south": {"uv": [51.5, 6], "uv_size": [-0.5, 0.5]},
								"west": {"uv": [35, 29], "uv_size": [-2, 0.5]},
								"up": {"uv": [3.5, 40], "uv_size": [-0.5, 2]},
								"down": {"uv": [50.5, 20], "uv_size": [-0.5, -2]}
							}
						},
						{
							"origin": [-11.99447, -2.18364, -17.7512],
							"size": [1.2168, 1.2168, 4.056],
							"pivot": [-12.68021, 0.40733, -17.75354],
							"rotation": [143.3981, 40.2495, -101.9626],
							"uv": {
								"north": {"uv": [24, 24], "uv_size": [-1, 1]},
								"east": {"uv": [50.5, 33], "uv_size": [-3.5, 1]},
								"south": {"uv": [6, 30], "uv_size": [-1, 1]},
								"west": {"uv": [41.5, 20], "uv_size": [-3.5, 1]},
								"up": {"uv": [10, 25], "uv_size": [-1, 3.5]},
								"down": {"uv": [10, 32.5], "uv_size": [-1, -3.5]}
							}
						},
						{
							"origin": [-13.06908, -2.38644, -20.6468],
							"size": [1.6224, 1.6224, 4.056],
							"pivot": [-12.68021, 0.40733, -17.75354],
							"rotation": [152.8029, -5.3234, -73.5975],
							"uv": {
								"north": {"uv": [12.5, 50], "uv_size": [-1.5, 1.5]},
								"east": {"uv": [49.5, 37], "uv_size": [-3.5, 1.5]},
								"south": {"uv": [51.5, 12], "uv_size": [-1.5, 1.5]},
								"west": {"uv": [49.5, 0], "uv_size": [-3.5, 1.5]},
								"up": {"uv": [47.5, 45], "uv_size": [-1.5, 3.5]},
								"down": {"uv": [48.5, 5.5], "uv_size": [-1.5, -3.5]}
							}
						},
						{
							"origin": [-9.30911, 3.28201, -17.38502],
							"size": [0.8112, 0.8112, 2.6364],
							"pivot": [-12.68021, 0.40733, -17.75354],
							"rotation": [-72.1671, 65.1581, 18.9567],
							"uv": {
								"north": {"uv": [51.5, 2], "uv_size": [-0.5, 0.5]},
								"east": {"uv": [52, 10], "uv_size": [-2, 0.5]},
								"south": {"uv": [51.5, 6], "uv_size": [-0.5, 0.5]},
								"west": {"uv": [35, 29], "uv_size": [-2, 0.5]},
								"up": {"uv": [3.5, 40], "uv_size": [-0.5, 2]},
								"down": {"uv": [50.5, 20], "uv_size": [-0.5, -2]}
							}
						},
						{
							"origin": [-11.80614, 3.07921, -18.06984],
							"size": [1.2168, 1.2168, 4.056],
							"pivot": [-12.68021, 0.40733, -17.75354],
							"rotation": [-149.15, 38.7478, -70.0646],
							"uv": {
								"north": {"uv": [24, 24], "uv_size": [-1, 1]},
								"east": {"uv": [50.5, 33], "uv_size": [-3.5, 1]},
								"south": {"uv": [6, 30], "uv_size": [-1, 1]},
								"west": {"uv": [41.5, 20], "uv_size": [-3.5, 1]},
								"up": {"uv": [10, 25], "uv_size": [-1, 3.5]},
								"down": {"uv": [10, 32.5], "uv_size": [-1, -3.5]}
							}
						},
						{
							"origin": [-12.70164, 2.87641, -20.69136],
							"size": [1.6224, 1.6224, 4.056],
							"pivot": [-12.68021, 0.40733, -17.75354],
							"rotation": [-156.1391, -8.6373, -94.3632],
							"uv": {
								"north": {"uv": [12.5, 50], "uv_size": [-1.5, 1.5]},
								"east": {"uv": [49.5, 37], "uv_size": [-3.5, 1.5]},
								"south": {"uv": [51.5, 12], "uv_size": [-1.5, 1.5]},
								"west": {"uv": [49.5, 0], "uv_size": [-3.5, 1.5]},
								"up": {"uv": [47.5, 45], "uv_size": [-1.5, 3.5]},
								"down": {"uv": [48.5, 5.5], "uv_size": [-1.5, -3.5]}
							}
						},
						{
							"origin": [-9.82329, 0.96488, -4.82293],
							"size": [8, 8, 0],
							"pivot": [-9.71408, 4.43138, -4.86501],
							"rotation": [-40.56779, -34.50508, -6.32572],
							"uv": {
								"north": {"uv": [0, 0], "uv_size": [8, 8]},
								"east": {"uv": [0, 0], "uv_size": [0, 8]},
								"south": {"uv": [56, 56], "uv_size": [8, 8]},
								"west": {"uv": [0, 0], "uv_size": [0, 8]},
								"up": {"uv": [0, 0], "uv_size": [8, 0]},
								"down": {"uv": [0, 0], "uv_size": [8, 0]}
							}
						},
						{
							"origin": [-17.10781, 1.77473, -3.41494],
							"size": [8, 8, 0],
							"pivot": [-9.71408, 4.43138, -4.86501],
							"rotation": [-12.87973, -68.22906, -32.61726],
							"uv": {
								"north": {"uv": [0, 0], "uv_size": [8, 8]},
								"east": {"uv": [0, 0], "uv_size": [0, 8]},
								"south": {"uv": [56, 56], "uv_size": [8, 8]},
								"west": {"uv": [0, 0], "uv_size": [0, 8]},
								"up": {"uv": [0, 0], "uv_size": [8, 0]},
								"down": {"uv": [0, 0], "uv_size": [8, 0]}
							}
						}
					]
				},
				{
					"name": "leftArm",
					"parent": "body",
					"pivot": [2.5, 2, -4],
					"cubes": [
						{
							"origin": [-2.0312, -1.89369, -16.39654],
							"size": [4, 4, 4],
							"pivot": [9.12464, 1.41291, -11.2709],
							"rotation": [-155.5675, 38.5172, -17.6698],
							"uv": {
								"north": {"uv": [13, 33], "uv_size": [4, 4]},
								"east": {"uv": [33, 21], "uv_size": [4, 4]},
								"south": {"uv": [33, 25], "uv_size": [4, 4]},
								"west": {"uv": [34, 5], "uv_size": [4, 4]},
								"up": {"uv": [34, 9], "uv_size": [4, 4]},
								"down": {"uv": [34, 17], "uv_size": [4, -4]}
							}
						},
						{
							"origin": [2.89715, 3.03986, -17.79023],
							"size": [5, 3, 3],
							"pivot": [9.12464, 1.41291, -11.2709],
							"rotation": [-135.5787, 8.5887, -2.826],
							"uv": {
								"north": {"uv": [36, 0], "uv_size": [5, 3]},
								"east": {"uv": [31, 12], "uv_size": [3, 3]},
								"south": {"uv": [4, 36], "uv_size": [5, 3]},
								"west": {"uv": [43, 37], "uv_size": [3, 3]},
								"up": {"uv": [9, 37], "uv_size": [5, 3]},
								"down": {"uv": [21, 40], "uv_size": [5, -3]}
							}
						},
						{
							"origin": [3.55279, 2.39778, -15.09543],
							"size": [5, 2.5, 2.5],
							"pivot": [9.12464, 1.41291, -11.2709],
							"rotation": [-125.9873, 47.6355, 16.7347],
							"uv": {
								"north": {"uv": [30, 38], "uv_size": [5, 2.5]},
								"east": {"uv": [17, 45], "uv_size": [2.5, 2.5]},
								"south": {"uv": [4, 39], "uv_size": [5, 2.5]},
								"west": {"uv": [20, 45], "uv_size": [2.5, 2.5]},
								"up": {"uv": [39, 29], "uv_size": [5, 2.5]},
								"down": {"uv": [39, 34.5], "uv_size": [5, -2.5]}
							}
						},
						{
							"origin": [5.92213, 2.33377, -14.034],
							"size": [5, 2, 2],
							"pivot": [9.12464, 1.41291, -11.2709],
							"rotation": [-65.7526, 86.0471, 70.8061],
							"uv": {
								"north": {"uv": [42, 25], "uv_size": [5, 2]},
								"east": {"uv": [28, 47], "uv_size": [2, 2]},
								"south": {"uv": [11, 43], "uv_size": [5, 2]},
								"west": {"uv": [47, 43], "uv_size": [2, 2]},
								"up": {"uv": [43, 14], "uv_size": [5, 2]},
								"down": {"uv": [16, 45], "uv_size": [5, -2]}
							}
						},
						{
							"origin": [12.49422, -0.89357, -23.92309],
							"size": [2.34, 3.9, 3.9],
							"pivot": [12.68021, 0.40733, -17.75354],
							"rotation": [177.7097, -17.0338, 91.2437],
							"uv": {
								"north": {"uv": [48, 12], "uv_size": [1.5, 2.5]},
								"east": {"uv": [45, 20], "uv_size": [2.5, 2.5]},
								"south": {"uv": [13, 48], "uv_size": [1.5, 2.5]},
								"west": {"uv": [23, 45], "uv_size": [2.5, 2.5]},
								"up": {"uv": [15, 48], "uv_size": [1.5, 2.5]},
								"down": {"uv": [48, 17.5], "uv_size": [1.5, -2.5]}
							}
						},
						{
							"origin": [9.04976, 0.04243, -21.60673],
							"size": [2.028, 2.028, 5.07],
							"pivot": [12.68021, 0.40733, -17.75354],
							"rotation": [177.5213, 27.9312, 89.4108],
							"uv": {
								"north": {"uv": [11, 50], "uv_size": [1.5, 1.5]},
								"east": {"uv": [46, 0], "uv_size": [3.5, 1.5]},
								"south": {"uv": [50, 12], "uv_size": [1.5, 1.5]},
								"west": {"uv": [46, 37], "uv_size": [3.5, 1.5]},
								"up": {"uv": [46, 45], "uv_size": [1.5, 3.5]},
								"down": {"uv": [47, 5.5], "uv_size": [1.5, -3.5]}
							}
						},
						{
							"origin": [9.21834, 0.29593, -19.55161],
							"size": [1.521, 1.521, 5.07],
							"pivot": [12.68021, 0.40733, -17.75354],
							"rotation": [177.5928, -24.5275, 91.5722],
							"uv": {
								"north": {"uv": [23, 24], "uv_size": [1, 1]},
								"east": {"uv": [38, 20], "uv_size": [3.5, 1]},
								"south": {"uv": [5, 30], "uv_size": [1, 1]},
								"west": {"uv": [47, 33], "uv_size": [3.5, 1]},
								"up": {"uv": [9, 25], "uv_size": [1, 3.5]},
								"down": {"uv": [9, 32.5], "uv_size": [1, -3.5]}
							}
						},
						{
							"origin": [8.1148, 0.54943, -18.79231],
							"size": [1.014, 1.014, 3.2955],
							"pivot": [12.68021, 0.40733, -17.75354],
							"rotation": [168.0989, -79.3222, 102.2732],
							"uv": {
								"north": {"uv": [51, 2], "uv_size": [0.5, 0.5]},
								"east": {"uv": [33, 29], "uv_size": [2, 0.5]},
								"south": {"uv": [51, 6], "uv_size": [0.5, 0.5]},
								"west": {"uv": [50, 10], "uv_size": [2, 0.5]},
								"up": {"uv": [3, 40], "uv_size": [0.5, 2]},
								"down": {"uv": [50, 20], "uv_size": [0.5, -2]}
							}
						},
						{
							"origin": [8.34492, -1.98084, -17.04798],
							"size": [0.8112, 0.8112, 2.6364],
							"pivot": [12.68021, 0.40733, -17.75354],
							"rotation": [68.6569, -60.752, -169.548],
							"uv": {
								"north": {"uv": [51, 2], "uv_size": [0.5, 0.5]},
								"east": {"uv": [33, 29], "uv_size": [2, 0.5]},
								"south": {"uv": [51, 6], "uv_size": [0.5, 0.5]},
								"west": {"uv": [50, 10], "uv_size": [2, 0.5]},
								"up": {"uv": [3, 40], "uv_size": [0.5, 2]},
								"down": {"uv": [50, 20], "uv_size": [0.5, -2]}
							}
						},
						{
							"origin": [10.77767, -2.18364, -17.7512],
							"size": [1.2168, 1.2168, 4.056],
							"pivot": [12.68021, 0.40733, -17.75354],
							"rotation": [143.3981, -40.2495, 101.9626],
							"uv": {
								"north": {"uv": [23, 24], "uv_size": [1, 1]},
								"east": {"uv": [38, 20], "uv_size": [3.5, 1]},
								"south": {"uv": [5, 30], "uv_size": [1, 1]},
								"west": {"uv": [47, 33], "uv_size": [3.5, 1]},
								"up": {"uv": [9, 25], "uv_size": [1, 3.5]},
								"down": {"uv": [9, 32.5], "uv_size": [1, -3.5]}
							}
						},
						{
							"origin": [11.44668, -2.38644, -20.6468],
							"size": [1.6224, 1.6224, 4.056],
							"pivot": [12.68021, 0.40733, -17.75354],
							"rotation": [152.8029, 5.3234, 73.5975],
							"uv": {
								"north": {"uv": [11, 50], "uv_size": [1.5, 1.5]},
								"east": {"uv": [46, 0], "uv_size": [3.5, 1.5]},
								"south": {"uv": [50, 12], "uv_size": [1.5, 1.5]},
								"west": {"uv": [46, 37], "uv_size": [3.5, 1.5]},
								"up": {"uv": [46, 45], "uv_size": [1.5, 3.5]},
								"down": {"uv": [47, 5.5], "uv_size": [1.5, -3.5]}
							}
						},
						{
							"origin": [8.49791, 3.28201, -17.38502],
							"size": [0.8112, 0.8112, 2.6364],
							"pivot": [12.68021, 0.40733, -17.75354],
							"rotation": [-72.1671, -65.1581, -18.9567],
							"uv": {
								"north": {"uv": [51, 2], "uv_size": [0.5, 0.5]},
								"east": {"uv": [33, 29], "uv_size": [2, 0.5]},
								"south": {"uv": [51, 6], "uv_size": [0.5, 0.5]},
								"west": {"uv": [50, 10], "uv_size": [2, 0.5]},
								"up": {"uv": [3, 40], "uv_size": [0.5, 2]},
								"down": {"uv": [50, 20], "uv_size": [0.5, -2]}
							}
						},
						{
							"origin": [10.58934, 3.07921, -18.06984],
							"size": [1.2168, 1.2168, 4.056],
							"pivot": [12.68021, 0.40733, -17.75354],
							"rotation": [-149.15, -38.7478, 70.0646],
							"uv": {
								"north": {"uv": [23, 24], "uv_size": [1, 1]},
								"east": {"uv": [38, 20], "uv_size": [3.5, 1]},
								"south": {"uv": [5, 30], "uv_size": [1, 1]},
								"west": {"uv": [47, 33], "uv_size": [3.5, 1]},
								"up": {"uv": [9, 25], "uv_size": [1, 3.5]},
								"down": {"uv": [9, 32.5], "uv_size": [1, -3.5]}
							}
						},
						{
							"origin": [11.07924, 2.87641, -20.69136],
							"size": [1.6224, 1.6224, 4.056],
							"pivot": [12.68021, 0.40733, -17.75354],
							"rotation": [-156.1391, 8.6373, 94.3632],
							"uv": {
								"north": {"uv": [11, 50], "uv_size": [1.5, 1.5]},
								"east": {"uv": [46, 0], "uv_size": [3.5, 1.5]},
								"south": {"uv": [50, 12], "uv_size": [1.5, 1.5]},
								"west": {"uv": [46, 37], "uv_size": [3.5, 1.5]},
								"up": {"uv": [46, 45], "uv_size": [1.5, 3.5]},
								"down": {"uv": [47, 5.5], "uv_size": [1.5, -3.5]}
							}
						},
						{
							"origin": [1.82329, 0.96488, -4.82293],
							"size": [8, 8, 0],
							"pivot": [9.71408, 4.43138, -4.86501],
							"rotation": [-40.56779, 34.50508, 6.32572],
							"uv": {
								"north": {"uv": [8, 0], "uv_size": [-8, 8]},
								"east": {"uv": [0, 0], "uv_size": [0, 8]},
								"south": {"uv": [64, 56], "uv_size": [-8, 8]},
								"west": {"uv": [0, 0], "uv_size": [0, 8]},
								"up": {"uv": [8, 0], "uv_size": [-8, 0]},
								"down": {"uv": [8, 0], "uv_size": [-8, 0]}
							}
						},
						{
							"origin": [9.10781, 1.77473, -3.41494],
							"size": [8, 8, 0],
							"pivot": [9.71408, 4.43138, -4.86501],
							"rotation": [-12.87973, 68.22906, 32.61726],
							"uv": {
								"north": {"uv": [8, 0], "uv_size": [-8, 8]},
								"east": {"uv": [0, 0], "uv_size": [0, 8]},
								"south": {"uv": [64, 56], "uv_size": [-8, 8]},
								"west": {"uv": [0, 0], "uv_size": [0, 8]},
								"up": {"uv": [8, 0], "uv_size": [-8, 0]},
								"down": {"uv": [8, 0], "uv_size": [-8, 0]}
							}
						}
					]
				},
				{
					"name": "body1",
					"parent": "body",
					"pivot": [0, 0, -1],
					"cubes": [
						{
							"origin": [-2.25, -11.27267, -7],
							"size": [4.5, 9, 4.5],
							"pivot": [0, 0.69387, -3.85876],
							"rotation": [90, 0, 0],
							"uv": {
								"north": {"uv": [0, 16], "uv_size": [4.5, 9]},
								"east": {"uv": [16, 0], "uv_size": [4.5, 9]},
								"south": {"uv": [5, 16], "uv_size": [4.5, 9]},
								"west": {"uv": [16, 9], "uv_size": [4.5, 9]},
								"up": {"uv": [26, 30], "uv_size": [4.5, 4.5]},
								"down": {"uv": [31, 4.5], "uv_size": [4.5, -4.5]}
							}
						}
					]
				},
				{
					"name": "body2",
					"parent": "body1",
					"pivot": [0, 0, 8],
					"cubes": [
						{
							"origin": [12.15313, -0.18114, -4.12822],
							"size": [8, 8, 0],
							"pivot": [-0.34687, 4.31886, -4.12822],
							"rotation": [-28.92483, -87.90505, 29.5944],
							"uv": {
								"north": {"uv": [8, 0], "uv_size": [-8, 8]},
								"east": {"uv": [0, 0], "uv_size": [0, 8]},
								"south": {"uv": [64, 56], "uv_size": [-8, 8]},
								"west": {"uv": [0, 0], "uv_size": [0, 8]},
								"up": {"uv": [8, 0], "uv_size": [-8, 0]},
								"down": {"uv": [8, 0], "uv_size": [-8, 0]}
							}
						},
						{
							"origin": [-1.75, -20.27267, -6.5],
							"size": [3.5, 9, 3.5],
							"pivot": [0, 0.69387, -3.85876],
							"rotation": [90, 0, 0],
							"uv": {
								"north": {"uv": [0, 16], "uv_size": [4.5, 9]},
								"east": {"uv": [16, 0], "uv_size": [4.5, 9]},
								"south": {"uv": [5, 16], "uv_size": [4.5, 9]},
								"west": {"uv": [16, 9], "uv_size": [4.5, 9]},
								"up": {"uv": [26, 30], "uv_size": [4.5, 4.5]},
								"down": {"uv": [31, 4.5], "uv_size": [4.5, -4.5]}
							}
						}
					]
				},
				{
					"name": "body3",
					"parent": "body2",
					"pivot": [0, 0, 17],
					"cubes": [
						{
							"origin": [12.15313, -0.18114, 4.87178],
							"size": [8, 8, 0],
							"pivot": [-0.34687, 4.31886, 4.87178],
							"rotation": [-28.92483, -87.90505, 29.5944],
							"uv": {
								"north": {"uv": [8, 0], "uv_size": [-8, 8]},
								"east": {"uv": [0, 0], "uv_size": [0, 8]},
								"south": {"uv": [64, 56], "uv_size": [-8, 8]},
								"west": {"uv": [0, 0], "uv_size": [0, 8]},
								"up": {"uv": [8, 0], "uv_size": [-8, 0]},
								"down": {"uv": [8, 0], "uv_size": [-8, 0]}
							}
						},
						{
							"origin": [-1.75, -20.27267, 2.5],
							"size": [3.5, 9, 3.5],
							"pivot": [0, 0.69387, 5.14124],
							"rotation": [90, 0, 0],
							"uv": {
								"north": {"uv": [0, 16], "uv_size": [4.5, 9]},
								"east": {"uv": [16, 0], "uv_size": [4.5, 9]},
								"south": {"uv": [5, 16], "uv_size": [4.5, 9]},
								"west": {"uv": [16, 9], "uv_size": [4.5, 9]},
								"up": {"uv": [26, 30], "uv_size": [4.5, 4.5]},
								"down": {"uv": [31, 4.5], "uv_size": [4.5, -4.5]}
							}
						}
					]
				},
				{
					"name": "body4",
					"parent": "body3",
					"pivot": [0, 0, 26],
					"cubes": [
						{
							"origin": [12.15313, -1.18114, 13.87178],
							"size": [8, 8, 0],
							"pivot": [-0.34687, 4.31886, 13.87178],
							"rotation": [-28.92483, -87.90505, 29.5944],
							"uv": {
								"north": {"uv": [8, 0], "uv_size": [-8, 8]},
								"east": {"uv": [0, 0], "uv_size": [0, 8]},
								"south": {"uv": [64, 56], "uv_size": [-8, 8]},
								"west": {"uv": [0, 0], "uv_size": [0, 8]},
								"up": {"uv": [8, 0], "uv_size": [-8, 0]},
								"down": {"uv": [8, 0], "uv_size": [-8, 0]}
							}
						},
						{
							"origin": [-1.25, -20.27267, 12],
							"size": [2.5, 9, 2.5],
							"pivot": [0, 0.69387, 14.14124],
							"rotation": [90, 0, 0],
							"uv": {
								"north": {"uv": [0, 16], "uv_size": [4.5, 9]},
								"east": {"uv": [16, 0], "uv_size": [4.5, 9]},
								"south": {"uv": [5, 16], "uv_size": [4.5, 9]},
								"west": {"uv": [16, 9], "uv_size": [4.5, 9]},
								"up": {"uv": [26, 30], "uv_size": [4.5, 4.5]},
								"down": {"uv": [31, 4.5], "uv_size": [4.5, -4.5]}
							}
						}
					]
				},
				{
					"name": "body5",
					"parent": "body4",
					"pivot": [0, 0, 35],
					"cubes": [
						{
							"origin": [12.15313, -0.68114, 22.87178],
							"size": [8, 8, 0],
							"pivot": [-0.34687, 4.31886, 22.87178],
							"rotation": [-28.92483, -87.90505, 29.5944],
							"uv": {
								"north": {"uv": [8, 0], "uv_size": [-8, 8]},
								"east": {"uv": [0, 0], "uv_size": [0, 8]},
								"south": {"uv": [64, 56], "uv_size": [-8, 8]},
								"west": {"uv": [0, 0], "uv_size": [0, 8]},
								"up": {"uv": [8, 0], "uv_size": [-8, 0]},
								"down": {"uv": [8, 0], "uv_size": [-8, 0]}
							}
						},
						{
							"origin": [-1.25, -20.27267, 21],
							"size": [2.5, 9, 2.5],
							"pivot": [0, 0.69387, 23.14124],
							"rotation": [90, 0, 0],
							"uv": {
								"north": {"uv": [0, 16], "uv_size": [4.5, 9]},
								"east": {"uv": [16, 0], "uv_size": [4.5, 9]},
								"south": {"uv": [5, 16], "uv_size": [4.5, 9]},
								"west": {"uv": [16, 9], "uv_size": [4.5, 9]},
								"up": {"uv": [26, 30], "uv_size": [4.5, 4.5]},
								"down": {"uv": [31, 4.5], "uv_size": [4.5, -4.5]}
							}
						}
					]
				},
				{
					"name": "body6",
					"parent": "body5",
					"pivot": [0, 0, 44],
					"cubes": [
						{
							"origin": [12.15313, -0.68114, 31.87178],
							"size": [8, 8, 0],
							"pivot": [-0.34687, 4.31886, 31.87178],
							"rotation": [-28.92483, -87.90505, 29.5944],
							"uv": {
								"north": {"uv": [8, 0], "uv_size": [-8, 8]},
								"east": {"uv": [0, 0], "uv_size": [0, 8]},
								"south": {"uv": [64, 56], "uv_size": [-8, 8]},
								"west": {"uv": [0, 0], "uv_size": [0, 8]},
								"up": {"uv": [8, 0], "uv_size": [-8, 0]},
								"down": {"uv": [8, 0], "uv_size": [-8, 0]}
							}
						},
						{
							"origin": [-0.75, -20.27267, 30],
							"size": [1.5, 9, 2.5],
							"pivot": [0, 0.69387, 32.14124],
							"rotation": [90, 0, 0],
							"uv": {
								"north": {"uv": [0, 16], "uv_size": [4.5, 9]},
								"east": {"uv": [16, 0], "uv_size": [4.5, 9]},
								"south": {"uv": [5, 16], "uv_size": [4.5, 9]},
								"west": {"uv": [16, 9], "uv_size": [4.5, 9]},
								"up": {"uv": [26, 30], "uv_size": [4.5, 4.5]},
								"down": {"uv": [31, 4.5], "uv_size": [4.5, -4.5]}
							}
						}
					]
				}
			]
		}
	]
}