{
  "format_version": "1.16.0",
  "minecraft:client_entity": {
    "description": {
      "identifier": "wesl3y:fierce_wings_long",
      "materials": {
        "default": "entity_alphatest"
      },
      "textures": {
        "default": "textures/entity/feather"
      },
      "geometry": {
        "default": "geometry.gust_feathers"
      },
      "scripts": {
        "animate": [
         {"flying": "query.variant == 4"}
        ]
      },
      "animations": {
        "flying": "animation.look.projetil"
      },
      "render_controllers": [
       {"controller.render.all": "query.variant == 4"}
      ],
      "enable_attachables": false
    }
  }
}