{
  "format_version": "1.17.100",
  "minecraft:item": {
    "description": {
      "identifier": "wesl3y:quirk_random",
      "category": "nature"
    },
    "components": {
      "minecraft:render_offsets": {
	    "main_hand": {
		  "first_person": { 
		    "scale": [0.0,0.0,0.0]
		  },
		  "third_person": { 
			"scale": [0.0,0.0,0.0]
		  }
		},
		"off_hand": {
		  "first_person": { 
			"scale": [0.0,0.0,0.0]
		  },
		  "third_person": { 
			"scale": [0.0,0.0,0.0]
	      }
	    }
	  },
      "minecraft:max_stack_size": 1,
      "minecraft:hand_equipped": true,
      "minecraft:foil": true,
      "minecraft:icon": {
        "texture": "quirk_random"
      },
	  "minecraft:cooldown": {
		"category": "quirk",
		"duration": 1
	  },
      "minecraft:display_name": {
        "value": "Quirk Random\n§7(Hold to Use)"
      },
      "minecraft:on_use": {
        "on_use": {
          "event": "wg",
          "target": "self"
        }
      },
      "minecraft:should_despawn": false,
      "minecraft:allow_off_hand": false
    },
    "events": {
      "wg": {
        "sequence": [
          {
            "run_command": {
              "command": [
                "function clear_quirks"
              ]
            }
          },
          {
            "randomize": [
              {
                "weight": 50,
                "run_command": {
                  "command": [
                    "clear @s wesl3y:quirk_random 0 1",
                    "give @s wesl3y:quirk_size 1 0 {\"item_lock\": {\"mode\": \"lock_in_inventory\"},\"keep_on_death\":{}}"
                  ]
                }
              },
              {
                "weight": 50,
                "run_command": {
                  "command": [
                    "clear @s wesl3y:quirk_random 0 1",
                    "give @s wesl3y:quirk_zero_gravity 1 0 {\"item_lock\": {\"mode\": \"lock_in_inventory\"},\"keep_on_death\":{}}"
                  ]
                }
              },
              {
                "weight": 40,
                "run_command": {
                  "command": [
                    "clear @s wesl3y:quirk_random 0 1",
                    "give @s wesl3y:quirk_black_whip 1 0 {\"item_lock\": {\"mode\": \"lock_in_inventory\"},\"keep_on_death\":{}}"
                  ]
                }
              },
              {
                "weight": 40,
                "run_command": {
                  "command": [
                    "clear @s wesl3y:quirk_random 0 1",
                    "give @s wesl3y:quirk_copy 1 0 {\"item_lock\": {\"mode\": \"lock_in_inventory\"},\"keep_on_death\":{}}"
                  ]
                }
              },
              {
                "weight": 40,
                "run_command": {
                  "command": [
                    "clear @s wesl3y:quirk_random 0 1",
                    "give @s wesl3y:quirk_electrification 1 0 {\"item_lock\": {\"mode\": \"lock_in_inventory\"},\"keep_on_death\":{}}"
                  ]
                }
              },
              {
                "weight": 40,
                "run_command": {
                  "command": [
                    "clear @s wesl3y:quirk_random 0 1",
                    "give @s wesl3y:quirk_hell_flame 1 0 {\"item_lock\": {\"mode\": \"lock_in_inventory\"},\"keep_on_death\":{}}"
                  ]
                }
              },
              {
                "weight": 40,
                "run_command": {
                  "command": [
                    "clear @s wesl3y:quirk_random 0 1",
                    "give @s wesl3y:quirk_ice 1 0 {\"item_lock\": {\"mode\": \"lock_in_inventory\"},\"keep_on_death\":{}}"
                  ]
                }
              },
              {
                "weight": 20,
                "run_command": {
                  "command": [
                    "clear @s wesl3y:quirk_random 0 1",
                    "give @s[tag=hero] wesl3y:katana_stain",
                    "give @s wesl3y:quirk_blood_curdle 1 0 {\"item_lock\": {\"mode\": \"lock_in_inventory\"},\"keep_on_death\":{}}"
                  ]
                }
              },
              {
                "weight": 20,
                "run_command": {
                  "command": [
                    "clear @s wesl3y:quirk_random 0 1",
                    "give @s wesl3y:quirk_clones 1 0 {\"item_lock\": {\"mode\": \"lock_in_inventory\"},\"keep_on_death\":{}}"
                  ]
                }
              },
              {
                "weight": 20,
                "run_command": {
                  "command": [
                    "clear @s wesl3y:quirk_random 0 1",
                    "give @s wesl3y:quirk_cremation 1 0 {\"item_lock\": {\"mode\": \"lock_in_inventory\"},\"keep_on_death\":{}}"
                  ]
                }
              },
              {
                "weight": 20,
                "run_command": {
                  "command": [
                    "clear @s wesl3y:quirk_random 0 1",
                    "give @s wesl3y:quirk_dark_shadow 1 0 {\"item_lock\": {\"mode\": \"lock_in_inventory\"},\"keep_on_death\":{}}"
                  ]
                }
              },
              {
                "weight": 20,
                "run_command": {
                  "command": [
                    "clear @s wesl3y:quirk_random 0 1",
                    "give @s wesl3y:quirk_decay 1 0 {\"item_lock\": {\"mode\": \"lock_in_inventory\"},\"keep_on_death\":{}}"
                  ]
                }
              },
              {
                "weight": 20,
                "run_command": {
                  "command": [
                    "clear @s wesl3y:quirk_random 0 1",
                    "give @s wesl3y:quirk_erasure 1 0 {\"item_lock\": {\"mode\": \"lock_in_inventory\"},\"keep_on_death\":{}}"
                  ]
                }
              },
              {
                "weight": 20,
                "run_command": {
                  "command": [
                    "clear @s wesl3y:quirk_random 0 1",
                    "replaceitem entity @s slot.armor.head 0 wesl3y:quirk_fierce_wings 1 0 {\"item_lock\": {\"mode\": \"lock_in_inventory\"},\"keep_on_death\":{}}"
                  ]
                }
              },
              {
                "weight": 20,
                "run_command": {
                  "command": [
                    "clear @s wesl3y:quirk_random 0 1",
                    "give @s wesl3y:quirk_muscle 1 0 {\"item_lock\": {\"mode\": \"lock_in_inventory\"},\"keep_on_death\":{}}"
                  ]
                }
              },
              {
                "weight": 20,
                "run_command": {
                  "command": [
                    "clear @s wesl3y:quirk_random 0 1",
                    "give @s wesl3y:quirk_overhaul 1 0 {\"item_lock\": {\"mode\": \"lock_in_inventory\"},\"keep_on_death\":{}}"
                  ]
                }
              },
              {
                "weight": 20,
                "run_command": {
                  "command": [
                    "clear @s wesl3y:quirk_random 0 1",
                    "replaceitem entity @s slot.armor.head 0 wesl3y:quirk_rabbit 1 0 {\"item_lock\": {\"mode\": \"lock_in_inventory\"},\"keep_on_death\":{}}"
                  ]
                }
              },
              {
                "weight": 10,
                "run_command": {
                  "command": [
                    "clear @s wesl3y:quirk_random 0 1",
                    "give @s wesl3y:quirk_all_for_one 1 0 {\"item_lock\": {\"mode\": \"lock_in_inventory\"},\"keep_on_death\":{}}"
                  ]
                }
              },
              {
                "weight": 10,
                "run_command": {
                  "command": [
                    "clear @s wesl3y:quirk_random 0 1",
                    "give @s wesl3y:quirk_explosion 1 0 {\"item_lock\": {\"mode\": \"lock_in_inventory\"},\"keep_on_death\":{}}"
                  ]
                }
              },
              {
                "weight": 10,
                "run_command": {
                  "command": [
                    "clear @s wesl3y:quirk_random 0 1",
                    "give @s wesl3y:quirk_halfcold_halfhot 1 0 {\"item_lock\": {\"mode\": \"lock_in_inventory\"},\"keep_on_death\":{}}"
                  ]
                }
              },
              {
                "weight": 10,
                "run_command": {
                  "command": [
                    "clear @s wesl3y:quirk_random 0 1",
                    "give @s wesl3y:quirk_one_for_all 1 0 {\"item_lock\": {\"mode\": \"lock_in_inventory\"},\"keep_on_death\":{}}"
                  ]
                }
              }
            ]
          },
          {
            "randomize": [
              {
                "weight": 55
              },
              {
                "weight": 50,
                "run_command": {
                  "command": [
                    "give @s wesl3y:quirk_float 1 0 {\"item_lock\": {\"mode\": \"lock_in_inventory\"},\"keep_on_death\":{}}"
                  ]
                }
              },
              {
                "weight": 50,
                "run_command": {
                  "command": [
                    "give @s wesl3y:quirk_smoke_screen 1 0 {\"item_lock\": {\"mode\": \"lock_in_inventory\"},\"keep_on_death\":{}}"
                  ]
                }
              },
              {
                "weight": 40,
                "run_command": {
                  "command": [
                    "give @s wesl3y:quirk_danger_sensor 1 0 {\"item_lock\": {\"mode\": \"lock_in_inventory\"},\"keep_on_death\":{}}"
                  ]
                }
              },
              {
                "weight": 40,
                "run_command": {
                  "command": [
                    "give @s wesl3y:quirk_regeneration 1 0 {\"item_lock\": {\"mode\": \"lock_in_inventory\"},\"keep_on_death\":{}}"
                  ]
                }
              }
            ]
          }
        ]
      }
	}
  }
}