{
	"format_version": "1.12.0",
	"minecraft:geometry": [
		{
			"description": {
				"identifier": "geometry.black_whip_grab",
				"texture_width": 64,
				"texture_height": 64,
				"visible_bounds_width": 3,
				"visible_bounds_height": 5,
				"visible_bounds_offset": [0, 0.5, 0]
			},
			"bones": [
				{
					"name": "root",
					"pivot": [0, 0, 0]
				},
				{
					"name": "waist",
					"parent": "root",
					"pivot": [0, 12, 0]
				},
				{
					"name": "body",
					"parent": "waist",
					"pivot": [0, 24, 0]
				},
				{
					"name": "rightArm",
					"parent": "body",
					"pivot": [-5, 22, 0],
					"cubes": [
						{
							"origin": [-17.5, -19.5, -0.25],
							"size": [43, 2, 0.5],
							"pivot": [-6, -18.5, 0],
							"rotation": [0, 0, -90],
							"uv": {
								"north": {"uv": [0, 0], "uv_size": [64, 64]},
								"east": {"uv": [0, 0], "uv_size": [64, 64]},
								"south": {"uv": [0, 0], "uv_size": [64, 64]},
								"west": {"uv": [0, 0], "uv_size": [64, 64]},
								"up": {"uv": [0, 0], "uv_size": [64, 64]},
								"down": {"uv": [0, 64], "uv_size": [64, -64]}
							}
						},
						{
							"origin": [-9, -33.5, -1],
							"size": [17.5, 2.5, 5],
							"pivot": [0, -32, 1.5],
							"rotation": [90, 0, 0],
							"uv": {
								"north": {"uv": [0, 0], "uv_size": [64, 64]},
								"east": {"uv": [0, 0], "uv_size": [64, 64]},
								"south": {"uv": [0, 0], "uv_size": [64, 64]},
								"west": {"uv": [0, 0], "uv_size": [64, 64]},
								"up": {"uv": [0, 0], "uv_size": [64, 64]},
								"down": {"uv": [0, 64], "uv_size": [64, -64]}
							}
						},
						{
							"origin": [-7.5, -34, -2],
							"size": [15, 3.5, 7],
							"inflate": 0.1,
							"pivot": [0, -32, 1.5],
							"rotation": [90, 0, 0],
							"uv": {
								"north": {"uv": [0, 0], "uv_size": [64, 64]},
								"east": {"uv": [0, 0], "uv_size": [64, 64]},
								"south": {"uv": [0, 0], "uv_size": [64, 64]},
								"west": {"uv": [0, 0], "uv_size": [64, 64]},
								"up": {"uv": [0, 0], "uv_size": [64, 64]},
								"down": {"uv": [0, 64], "uv_size": [64, -64]}
							}
						},
						{
							"origin": [-8.5, -33.5, -1.5],
							"size": [17, 2.5, 6],
							"pivot": [0, -32, 1.5],
							"rotation": [90, 15, 0],
							"uv": {
								"north": {"uv": [0, 0], "uv_size": [64, 64]},
								"east": {"uv": [0, 0], "uv_size": [64, 64]},
								"south": {"uv": [0, 0], "uv_size": [64, 64]},
								"west": {"uv": [0, 0], "uv_size": [64, 64]},
								"up": {"uv": [0, 0], "uv_size": [64, 64]},
								"down": {"uv": [0, 64], "uv_size": [64, -64]}
							}
						},
						{
							"origin": [-8.75, -33.5, -1],
							"size": [17.75, 2.5, 5],
							"inflate": -0.1,
							"pivot": [0, -32, 1.5],
							"rotation": [90, -15, 0],
							"uv": {
								"north": {"uv": [0, 0], "uv_size": [64, 64]},
								"east": {"uv": [0, 0], "uv_size": [64, 64]},
								"south": {"uv": [0, 0], "uv_size": [64, 64]},
								"west": {"uv": [0, 0], "uv_size": [64, 64]},
								"up": {"uv": [0, 0], "uv_size": [64, 64]},
								"down": {"uv": [0, 64], "uv_size": [64, -64]}
							}
						}
					]
				}
			]
		}
	]
}