{
  "format_version" : "1.10.0",
  "animation_controllers" : {
    "controller.animation.attack_controller": {
      "initial_state": "default",
      "states": {
        "default": {
          "transitions": [
            {
              "punch": "v.attack_time > 0.0"
            }
          ]
        },
        "punch": {
          "animations": ["attack1"],
          "transitions": [
            {
              "punch2": "v.attack_time > 0.0 && q.any_animation_finished"
            },
            {
              "cpunch": "q.anim_time > 2 && query.any_animation_finished"
            }
          ]
        },
        "cpunch": {
          "transitions": [
            {
              "punch2": "v.attack_time > 0.0"
            }
          ]
        },
        "punch2": {
          "animations": ["attack2"],
          "transitions": [
            {
              "kick": "v.attack_time > 0.0 && q.any_animation_finished"
            },
            {
              "cpunch2": "q.anim_time > 2 && query.any_animation_finished"
            }
          ]
        },
        "cpunch2": {
          "transitions": [
            {
              "kick": "v.attack_time > 0.0"
            }
          ]
        },
        "kick": {
          "animations": ["attack3"],
          "transitions": [
            {
              "punch": "v.attack_time > 0.0 && q.any_animation_finished"
            },
            {
              "default": "q.anim_time > 2 && query.any_animation_finished"
            }
          ]
        }
      }
    },
	"controller.animation.move": {
      "initial_state" : "default",
	  "states": {
		"default": {
		  "animations": [
			"move"
		  ]
		}
	  }
	},
    "controller.animation.gear_fourth_bound_controller": {
      "initial_state" : "default",
      "states" : {
        "default" : {
          "animations": [
            {"look_at_target":"q.property('wesl3y:skill') != 2 && variable.is_third_person"},
            "gear_fourth_bound.default",
            { "gear_fourth_bound.first_person": "variable.is_first_person" },
            {"gear_fourth_bound.jump" : "variable.is_third_person && query.property('wesl3y:skill') == 0 && query.is_on_ground && !query.is_sneaking"}
          ],
          "transitions": [
            { "fly": "query.is_riding && (query.get_ride -> query.owner_identifier) == 'wesl3y:fly_ride'" },
            { "jump": "!q.is_on_ground" },
            { "attack": "variable.attack_time && !q.is_using_item && q.property('wesl3y:skill') == 0" }
          ]
        },
        "attack" : {
          "animations": [
            "gear_fourth_bound.kong_gun",
            { "gear_fourth_bound.kong_gun.look": "variable.is_third_person" }
          ],
          "transitions": [
            {
              "default": "query.all_animations_finished || q.is_using_item || q.property('wesl3y:skill') != 0"
            }
          ]
        },
        "fly" : {
          "animations": [
            {"look_at_target":"q.property('wesl3y:skill') != 2 && variable.is_third_person"},
            { "gear_fourth_bound.fly_move": "variable.is_third_person" },
            { "gear_fourth_bound.fly_move.arms": "variable.is_third_person" },
            { "gear_fourth_bound.first_person": "variable.is_first_person" },
            { "gear_fourth_bound.fly_move.particle": "query.ground_speed > 2" }
          ],
          "transitions": [
            { "default": "!q.is_riding || query.is_riding && (query.get_ride -> query.owner_identifier) != 'wesl3y:fly_ride'" }
          ]
        },
        "jump" : {
          "animations": [
            {"look_at_target":"q.property('wesl3y:skill') != 2 && variable.is_third_person"},
            { "gear_fourth_bound.first_person": "variable.is_first_person" },
            {
              "gear_fourth_bound.fly_stop": "q.is_sneaking && q.property('wesl3y:skill') != 2"
            },
            "gear_fourth_bound.fly_stop.arms"
          ],
          "transitions": [
            { "fly": "query.is_riding && (query.get_ride -> query.owner_identifier) == 'wesl3y:fly_ride'" },
            { "default": "query.is_on_ground" }
          ]
        }
      }
    },
    "controller.animation.gear_fourth_snake_controller": {
      "initial_state" : "default",
      "states" : {
        "default" : {
          "animations": [
            "look_at_target",
            {"gear_fourth_snake.default": "!(query.property('wesl3y:fly') == 3 && !query.is_on_ground)"},
            {"gear_fourth_snake.jump" : "!query.is_using_item && query.is_on_ground && !query.is_sneaking && !(query.property('wesl3y:fly') == 3 && !query.is_on_ground)"},
            {"gear_fourth_snake.fly":"query.get_equipped_item_name=='gomu4_skills' && query.property('wesl3y:fly') == 3 && !query.is_on_ground"}
          ]
        }
      }
    },
    "controller.animation.leopard_controller": {
      "initial_state" : "default",
      "states" : {
        "default" : {
          "animations": [
            "look_at_target",
            {"attack.positions" : "variable.attack_time >= 0.0"},
            {"attack.rotations" : "variable.attack_time >= 0.0"},
            "leopard.move",
            "leopard"
          ]
        }
      }
    },
    "controller.animation.allosaurus_controller": {
      "initial_state" : "default",
      "states" : {
        "default" : {
          "animations": [
            "look_at_target",
            {"allosaurus.attack" : "variable.attack_time >= 0.0"},
            "allosaurus.move",
            "allosaurus"
          ]
        }
      }
    },
    "controller.animation.phoenix_controller": {
      "initial_state" : "default",
      "states" : {
        "default" : {
          "transitions" : [
            {"phoenix" : "variable.phoenix_hybrid"},
            {"phoenix_complet" : "variable.phoenix_complet"}
          ]
        },
        "phoenix" : {
          "animations": [
            "look_at_target",
            {"attack.positions" : "variable.attack_time >= 0.0 && query.is_on_ground"},
            {"attack.rotations" : "variable.attack_time >= 0.0 && query.is_on_ground"},
            {"move.arms":"query.is_on_ground"},
            {"move.legs":"query.is_on_ground"},
            "bob",
            {"sneaking" : "query.is_sneaking && query.is_on_ground"},
            {"phoenix2.fly":"!query.is_on_ground"},
            {"phoenix2.on_ground":"query.is_on_ground"}
          ],
          "transitions" : [
            {"default" : "!variable.phoenix_hybrid"}
          ]
        },
        "phoenix_complet" : {
          "animations" : [
            {"look_at_target":"query.is_on_ground && !query.is_gliding"},
            {"humanoid_controller":"query.is_on_ground && !query.is_gliding"},
            {"phoenix.fly":"query.is_gliding"},
            {"phoenix.sneaking":"!query.is_on_ground && !query.is_gliding"}
          ],
          "transitions" : [
            {"default" : "!variable.phoenix_complet"}
          ]
        }
      }
    },
    "controller.animation.dragon_controller": {
      "initial_state" : "default",
      "states" : {
        "default" : {
          "animations": [
            {"dragon":"variable.is_third_person && !q.is_in_ui"},
            {"dragon.fly":"query.is_riding && variable.is_third_person"},
            {"dragon.sneaking":"!query.is_riding && variable.is_third_person"}
            /*            {"dragon.fly":"query.is_riding && q.ground_speed > 3 && variable.is_third_person"},
            {"dragon.sneaking":"!query.is_riding || (query.is_riding && q.ground_speed < 3) && variable.is_third_person"}*/
          ],
          "transitions" : [
            {"default" : "!variable.dragon_complet"}
          ]
        }
      }
    },
    "controller.animation.dragon2_controller": {
      "initial_state": "default",
      "states": {
        "default": {
          "animations": [
            "dragon2.combat"
          ],
          "on_entry": [
            "variable.random_attack = math.random(0, 4);"
          ],
          "transitions": [
            {"attack1": "variable.attack_time && variable.random_attack <= 2"},
            {"attack2": "variable.attack_time && variable.random_attack >= 2"}
          ],
          "blend_transition": 0.1
        },
        "attack1": {
          "animations": [
            "dragon2.attack1"
          ],
          "transitions": [
            {"attack2": "variable.attack_time && query.any_animation_finished"},
            {"default": "query.any_animation_finished"}
          ],
          "blend_transition": 0.1
        },
        "attack2": {
          "animations": [
            "dragon2.attack2"
          ],
          "transitions": [
            {"attack1": "variable.attack_time && query.any_animation_finished"},
            {"default": "query.any_animation_finished"}
          ],
          "blend_transition": 0.1
        }
      }
    },
    "controller.animation.elephant_controller": {
      "initial_state" : "default",
      "states" : {
        "default" : {
          "animations": [
            "look_at_target",
            {"attack.positions" : "variable.attack_time >= 0.0"},
            {"attack.rotations" : "variable.attack_time >= 0.0"},
            "elephant.move",
            "elephant"
          ]
        }
      }
    }
  }
}