{
  "format_version" : "1.10.0",
  "animation_controllers" : {
    "controller.animation.humanoid.controller_base": {
      "states" : {
        "default" : {
          "blend_transition": 0.2,
          "transitions": [
            {
              "kill" : "!query.is_alive && !query.is_sleeping && !query.is_gliding && query.is_on_screen"
            },
            {
              "walk_stop" : "query.modified_move_speed > 0.1 && q.is_on_ground && !q.is_sprinting && !query.is_sneaking && !query.is_riding && !query.is_in_water && query.is_alive && !query.is_sleeping && !query.is_gliding"
            },
            {
              "walk_sprint" : "query.modified_move_speed > 0.1 && q.is_on_ground && q.is_sprinting && !query.is_sneaking && !query.is_riding && !query.is_in_water && query.is_alive && !query.is_sleeping && !query.is_gliding"
            },
            {
              "sneaking" : "!query.is_sprinting && q.is_on_ground && query.is_sneaking && !query.is_riding && !query.is_in_water && query.is_alive && ((query.get_equipped_item_name('main_hand') != 'shield' && query.get_equipped_item_name('off_hand') != 'shield') && query.is_sneaking) && !query.is_sleeping && !query.is_gliding"
            },
            {
              "riding" : "query.is_riding && query.is_alive && !query.is_sleeping && !query.is_gliding"
            },
            {
              "water_stop" : "query.is_in_water && !query.is_swimming && query.is_alive && !query.is_sleeping && !query.is_gliding"
            },
            {
              "water_swimming" : "query.is_in_water && query.is_swimming && query.is_alive && !query.is_sleeping && !query.is_gliding"
            },
            {
              "stop" : "query.modified_move_speed< 0.1 && q.is_on_ground && !query.is_in_water && !query.is_sneaking && !query.is_riding && query.is_alive && !query.is_riding && !query.is_sleeping && !query.is_gliding"
            },
            {
              "jump" : "!q.is_on_ground && !query.is_in_water && !query.is_riding && query.is_alive && !query.is_riding && !query.is_sleeping && !query.is_gliding"
            },
            {
              "sleeping" : "query.is_sleeping && query.is_alive"
            },
            {
              "gliding" : "query.is_gliding"
            }
          ]
        },
        "kill": {
          "animations": [
            "kill"
          ],
          "blend_transition": 0,
          "transitions": [
            {
              "walk_stop" : "query.modified_move_speed > 0.1 && q.is_on_ground && !q.is_sprinting && !query.is_sneaking && !query.is_riding && !query.is_in_water && query.is_alive && !query.is_sleeping && !query.is_gliding"
            },
            {
              "walk_sprint" : "query.modified_move_speed > 0.1 && q.is_on_ground && q.is_sprinting && !query.is_sneaking && !query.is_riding && !query.is_in_water && query.is_alive && !query.is_sleeping && !query.is_gliding"
            },
            {
              "sneaking" : "!query.is_sprinting && q.is_on_ground && query.is_sneaking && !query.is_riding && !query.is_in_water && query.is_alive && ((query.get_equipped_item_name('main_hand') != 'shield' && query.get_equipped_item_name('off_hand') != 'shield') && query.is_sneaking) && !query.is_sleeping && !query.is_gliding"
            },
            {
              "riding" : "query.is_riding && query.is_alive && !query.is_sleeping && !query.is_gliding"
            },
            {
              "water_stop" : "query.is_in_water && !query.is_swimming && query.is_alive && !query.is_sleeping && !query.is_gliding"
            },
            {
              "water_swimming" : "query.is_in_water && query.is_swimming && query.is_alive && !query.is_sleeping && !query.is_gliding"
            },
            {
              "stop" : "query.modified_move_speed< 0.1 && q.is_on_ground && !query.is_in_water && !query.is_sneaking && !query.is_riding && query.is_alive && !query.is_riding && !query.is_sleeping && !query.is_gliding"
            },
            {
              "jump" : "!q.is_on_ground && !query.is_in_water && !query.is_riding && query.is_alive && !query.is_riding && !query.is_sleeping && !query.is_gliding"
            },
            {
              "sleeping" : "query.is_sleeping && query.is_alive"
            },
            {
              "gliding" : "query.is_gliding"
            },
            {
              "default": "query.is_alive || query.is_sleeping || query.is_gliding || !query.is_on_screen"
            }
          ]
        },
        "walk_stop": {
          "animations": [
            "move.arms",
            "move.legs"
          ],
          "blend_transition": 0.2,
          "transitions": [
            {
              "kill" : "!query.is_alive && !query.is_sleeping && !query.is_gliding && query.is_on_screen"
            },
            {
              "walk_sprint" : "query.modified_move_speed > 0.1 && q.is_on_ground && q.is_sprinting && !query.is_sneaking && !query.is_riding && !query.is_in_water && query.is_alive && !query.is_sleeping && !query.is_gliding"
            },
            {
              "sneaking" : "!query.is_sprinting && q.is_on_ground && query.is_sneaking && !query.is_riding && !query.is_in_water && query.is_alive && ((query.get_equipped_item_name('main_hand') != 'shield' && query.get_equipped_item_name('off_hand') != 'shield') && query.is_sneaking) && !query.is_sleeping && !query.is_gliding"
            },
            {
              "riding" : "query.is_riding && query.is_alive && !query.is_sleeping && !query.is_gliding"
            },
            {
              "water_stop" : "query.is_in_water && !query.is_swimming && query.is_alive && !query.is_sleeping && !query.is_gliding"
            },
            {
              "water_swimming" : "query.is_in_water && query.is_swimming && query.is_alive && !query.is_sleeping && !query.is_gliding"
            },
            {
              "stop" : "query.modified_move_speed< 0.1 && q.is_on_ground && !query.is_in_water && !query.is_sneaking && !query.is_riding && query.is_alive && !query.is_riding && !query.is_sleeping && !query.is_gliding"
            },
            {
              "jump" : "!q.is_on_ground && !query.is_in_water && !query.is_riding && query.is_alive && !query.is_riding && !query.is_sleeping && !query.is_gliding"
            },
            {
              "sleeping" : "query.is_sleeping && query.is_alive"
            },
            {
              "gliding" : "query.is_gliding"
            },
            {
              "default": "query.modified_move_speed < 0.1 || query.is_sprinting || query.is_sneaking || query.is_riding || !query.is_alive || query.is_sleeping || query.is_gliding"
            }
          ]
        },
        "walk_sprint": {
          "animations": [
            "sprint.arms",
            "sprint.legs"
          ],
          "blend_transition": 0.2,
          "transitions": [
            {
              "kill" : "!query.is_alive && !query.is_sleeping && !query.is_gliding && query.is_on_screen"
            },
            {
              "walk_stop" : "query.modified_move_speed > 0.1 && q.is_on_ground && !q.is_sprinting && !query.is_sneaking && !query.is_riding && !query.is_in_water && query.is_alive && !query.is_sleeping && !query.is_gliding"
            },
            {
              "sneaking" : "!query.is_sprinting && q.is_on_ground && query.is_sneaking && !query.is_riding && !query.is_in_water && query.is_alive && ((query.get_equipped_item_name('main_hand') != 'shield' && query.get_equipped_item_name('off_hand') != 'shield') && query.is_sneaking) && !query.is_sleeping && !query.is_gliding"
            },
            {
              "riding" : "query.is_riding && query.is_alive && !query.is_sleeping && !query.is_gliding"
            },
            {
              "water_stop" : "query.is_in_water && !query.is_swimming && query.is_alive && !query.is_sleeping && !query.is_gliding"
            },
            {
              "water_swimming" : "query.is_in_water && query.is_swimming && query.is_alive && !query.is_sleeping && !query.is_gliding"
            },
            {
              "stop" : "query.modified_move_speed< 0.1 && q.is_on_ground && !query.is_in_water && !query.is_sneaking && !query.is_riding && query.is_alive && !query.is_riding && !query.is_sleeping && !query.is_gliding"
            },
            {
              "jump" : "!q.is_on_ground && !query.is_in_water && !query.is_riding && query.is_alive && !query.is_riding && !query.is_sleeping && !query.is_gliding"
            },
            {
              "sleeping" : "query.is_sleeping && query.is_alive"
            },
            {
              "gliding" : "query.is_gliding"
            },
            {
              "default": "query.modified_move_speed < 0.1 || !query.is_sprinting || query.is_sneaking || query.is_riding || !query.is_alive || query.is_sleeping || query.is_gliding"
            }
          ]
        },
        "sneaking": {
          "animations": [
            "sneaking",
            "move.arms",
            "move.legs",
            "humanoid_base_pose"
          ],
          "blend_transition": 0.2,
          "transitions": [
            {
              "kill" : "!query.is_alive && !query.is_sleeping && !query.is_gliding && query.is_on_screen"
            },
            {
              "walk_stop" : "query.modified_move_speed > 0.1 && q.is_on_ground && !q.is_sprinting && !query.is_sneaking && !query.is_riding && !query.is_in_water && query.is_alive && !query.is_sleeping && !query.is_gliding"
            },
            {
              "walk_sprint" : "query.modified_move_speed > 0.1 && q.is_on_ground && q.is_sprinting && !query.is_sneaking && !query.is_riding && !query.is_in_water && query.is_alive && !query.is_sleeping && !query.is_gliding"
            },
            {
              "riding" : "query.is_riding && query.is_alive && !query.is_sleeping && !query.is_gliding"
            },
            {
              "water_stop" : "query.is_in_water && !query.is_swimming && query.is_alive && !query.is_sleeping && !query.is_gliding"
            },
            {
              "water_swimming" : "query.is_in_water && query.is_swimming && query.is_alive && !query.is_sleeping && !query.is_gliding"
            },
            {
              "stop" : "query.modified_move_speed< 0.1 && q.is_on_ground && !query.is_in_water && !query.is_sneaking && !query.is_riding && query.is_alive && !query.is_riding && !query.is_sleeping && !query.is_gliding"
            },
            {
              "jump" : "!q.is_on_ground && !query.is_in_water && !query.is_riding && query.is_alive && !query.is_riding && !query.is_sleeping && !query.is_gliding"
            },
            {
              "sleeping" : "query.is_sleeping && query.is_alive"
            },
            {
              "gliding" : "query.is_gliding"
            },
            {
              "default": "query.is_sprinting || !query.is_on_ground || !query.is_sneaking || query.is_riding || !query.is_alive || ((query.get_equipped_item_name('main_hand') == 'shield' || query.get_equipped_item_name('off_hand') == 'shield') || !query.is_sneaking) || query.is_sleeping || query.is_gliding"
            }
          ]
        },
        "riding": {
          "animations": [
            "riding.arms",
            "humanoid_base_pose"
          ],
          "blend_transition": 0.2,
          "transitions": [
            {
              "kill" : "!query.is_alive && !query.is_sleeping && !query.is_gliding && query.is_on_screen"
            },
            {
              "walk_stop" : "query.modified_move_speed > 0.1 && q.is_on_ground && !q.is_sprinting && !query.is_sneaking && !query.is_riding && !query.is_in_water && query.is_alive && !query.is_sleeping && !query.is_gliding"
            },
            {
              "walk_sprint" : "query.modified_move_speed > 0.1 && q.is_on_ground && q.is_sprinting && !query.is_sneaking && !query.is_riding && !query.is_in_water && query.is_alive && !query.is_sleeping && !query.is_gliding"
            },
            {
              "sneaking" : "!query.is_sprinting && q.is_on_ground && query.is_sneaking && !query.is_riding && !query.is_in_water && query.is_alive && ((query.get_equipped_item_name('main_hand') != 'shield' && query.get_equipped_item_name('off_hand') != 'shield') && query.is_sneaking) && !query.is_sleeping && !query.is_gliding"
            },
            {
              "water_stop" : "query.is_in_water && !query.is_swimming && query.is_alive && !query.is_sleeping && !query.is_gliding"
            },
            {
              "water_swimming" : "query.is_in_water && query.is_swimming && query.is_alive && !query.is_sleeping && !query.is_gliding"
            },
            {
              "stop" : "query.modified_move_speed< 0.1 && q.is_on_ground && !query.is_in_water && !query.is_sneaking && !query.is_riding && query.is_alive && !query.is_riding && !query.is_sleeping && !query.is_gliding"
            },
            {
              "jump" : "!q.is_on_ground && !query.is_in_water && !query.is_riding && query.is_alive && !query.is_riding && !query.is_sleeping && !query.is_gliding"
            },
            {
              "sleeping" : "query.is_sleeping && query.is_alive"
            },
            {
              "gliding" : "query.is_gliding"
            },
            {
              "default": "!query.is_riding || !query.is_alive || query.is_sleeping || query.is_gliding"
            }
          ]
        },
        "water_stop": {
          "animations": [
            "swimming"
          ],
          "blend_transition": 0.2,
          "transitions": [
            {
              "kill" : "!query.is_alive && !query.is_sleeping && !query.is_gliding && query.is_on_screen"
            },
            {
              "walk_stop" : "query.modified_move_speed > 0.1 && q.is_on_ground && !q.is_sprinting && !query.is_sneaking && !query.is_riding && !query.is_in_water && query.is_alive && !query.is_sleeping && !query.is_gliding"
            },
            {
              "walk_sprint" : "query.modified_move_speed > 0.1 && q.is_on_ground && q.is_sprinting && !query.is_sneaking && !query.is_riding && !query.is_in_water && query.is_alive && !query.is_sleeping && !query.is_gliding"
            },
            {
              "sneaking" : "!query.is_sprinting && q.is_on_ground && query.is_sneaking && !query.is_riding && !query.is_in_water && query.is_alive && ((query.get_equipped_item_name('main_hand') != 'shield' && query.get_equipped_item_name('off_hand') != 'shield') && query.is_sneaking) && !query.is_sleeping && !query.is_gliding"
            },
            {
              "riding" : "query.is_riding && query.is_alive && !query.is_sleeping && !query.is_gliding"
            },
            {
              "water_swimming" : "query.is_in_water && query.is_swimming && query.is_alive && !query.is_sleeping && !query.is_gliding"
            },
            {
              "stop" : "query.modified_move_speed< 0.1 && q.is_on_ground && !query.is_in_water && !query.is_sneaking && !query.is_riding && query.is_alive && !query.is_riding && !query.is_sleeping && !query.is_gliding"
            },
            {
              "jump" : "!q.is_on_ground && !query.is_in_water && !query.is_riding && query.is_alive && !query.is_riding && !query.is_sleeping && !query.is_gliding"
            },
            {
              "sleeping" : "query.is_sleeping && query.is_alive"
            },
            {
              "gliding" : "query.is_gliding"
            },
            {
              "default": "!query.is_in_water || query.is_swimming || !query.is_alive || query.is_sleeping || query.is_gliding"
            }
          ]
        },
        "water_swimming": {
          "animations": [
            "swimming.legs"
          ],
          "blend_transition": 0.2,
          "transitions": [
            {
              "kill" : "!query.is_alive && !query.is_sleeping && !query.is_gliding && query.is_on_screen"
            },
            {
              "walk_stop" : "query.modified_move_speed > 0.1 && q.is_on_ground && !q.is_sprinting && !query.is_sneaking && !query.is_riding && !query.is_in_water && query.is_alive && !query.is_sleeping && !query.is_gliding"
            },
            {
              "walk_sprint" : "query.modified_move_speed > 0.1 && q.is_on_ground && q.is_sprinting && !query.is_sneaking && !query.is_riding && !query.is_in_water && query.is_alive && !query.is_sleeping && !query.is_gliding"
            },
            {
              "sneaking" : "!query.is_sprinting && q.is_on_ground && query.is_sneaking && !query.is_riding && !query.is_in_water && query.is_alive && ((query.get_equipped_item_name('main_hand') != 'shield' && query.get_equipped_item_name('off_hand') != 'shield') && query.is_sneaking) && !query.is_sleeping && !query.is_gliding"
            },
            {
              "riding" : "query.is_riding && query.is_alive && !query.is_sleeping && !query.is_gliding"
            },
            {
              "water_stop" : "query.is_in_water && !query.is_swimming && query.is_alive && !query.is_sleeping && !query.is_gliding"
            },
            {
              "stop" : "query.modified_move_speed< 0.1 && q.is_on_ground && !query.is_in_water && !query.is_sneaking && !query.is_riding && query.is_alive && !query.is_riding && !query.is_sleeping && !query.is_gliding"
            },
            {
              "jump" : "!q.is_on_ground && !query.is_in_water && !query.is_riding && query.is_alive && !query.is_riding && !query.is_sleeping && !query.is_gliding"
            },
            {
              "sleeping" : "query.is_sleeping && query.is_alive"
            },
            {
              "gliding" : "query.is_gliding"
            },
            {
              "default": "!query.is_in_water || !query.is_swimming || !query.is_alive || query.is_sleeping || query.is_gliding"
            }
          ]
        },
        "stop": {
          "animations": [
            "humanoid_base_pose"/*,
            {
              "blackleg.default_leg": "variable.blackleg"
            }*/
          ],
          "blend_transition": 0.2,
          "transitions": [
            {
              "kill" : "!query.is_alive && !query.is_sleeping && !query.is_gliding && query.is_on_screen"
            },
            {
              "walk_stop" : "query.modified_move_speed > 0.1 && q.is_on_ground && !q.is_sprinting && !query.is_sneaking && !query.is_riding && !query.is_in_water && query.is_alive && !query.is_sleeping && !query.is_gliding"
            },
            {
              "walk_sprint" : "query.modified_move_speed > 0.1 && q.is_on_ground && q.is_sprinting && !query.is_sneaking && !query.is_riding && !query.is_in_water && query.is_alive && !query.is_sleeping && !query.is_gliding"
            },
            {
              "sneaking" : "!query.is_sprinting && q.is_on_ground && query.is_sneaking && !query.is_riding && !query.is_in_water && query.is_alive && ((query.get_equipped_item_name('main_hand') != 'shield' && query.get_equipped_item_name('off_hand') != 'shield') && query.is_sneaking) && !query.is_sleeping && !query.is_gliding"
            },
            {
              "riding" : "query.is_riding && query.is_alive && !query.is_sleeping && !query.is_gliding"
            },
            {
              "water_stop" : "query.is_in_water && !query.is_swimming && query.is_alive && !query.is_sleeping && !query.is_gliding"
            },
            {
              "water_swimming" : "query.is_in_water && query.is_swimming && query.is_alive && !query.is_sleeping && !query.is_gliding"
            },
            {
              "jump" : "!q.is_on_ground && !query.is_in_water && query.is_alive && !query.is_riding && !query.is_sleeping && !query.is_gliding"
            },
            {
              "sleeping" : "query.is_sleeping && query.is_alive"
            },
            {
              "gliding" : "query.is_gliding"
            },
            {
              "default" : "query.modified_move_speed>0.1 || query.is_in_water || query.is_sneaking || query.is_riding || query.is_sleeping || query.is_gliding"
            }
          ]
        },
        "jump": {
          "animations": [
            "humanoid_base_pose",
            {
              "jump": "!variable.gear_five"
            },
            {
              "gear_five.jump": "variable.gear_five"
            }/*,
            {
              "blackleg.default_leg": "variable.blackleg"
            }*/
          ],
          "blend_transition": 0.2,
          "transitions": [
            {
              "kill" : "!query.is_alive && !query.is_sleeping && !query.is_gliding && query.is_on_screen"
            },
            {
              "walk_stop" : "query.modified_move_speed > 0.1 && q.is_on_ground && !q.is_sprinting && !query.is_sneaking && !query.is_riding && !query.is_in_water && query.is_alive && !query.is_sleeping && !query.is_gliding"
            },
            {
              "walk_sprint" : "query.modified_move_speed > 0.1 && q.is_on_ground && q.is_sprinting && !query.is_sneaking && !query.is_riding && !query.is_in_water && query.is_alive && !query.is_sleeping && !query.is_gliding"
            },
            {
              "sneaking" : "!query.is_sprinting && q.is_on_ground && query.is_sneaking && !query.is_riding && !query.is_in_water && query.is_alive && ((query.get_equipped_item_name('main_hand') != 'shield' && query.get_equipped_item_name('off_hand') != 'shield') && query.is_sneaking) && !query.is_sleeping && !query.is_gliding"
            },
            {
              "riding" : "query.is_riding && query.is_alive && !query.is_sleeping && !query.is_gliding"
            },
            {
              "water_stop" : "query.is_in_water && !query.is_swimming && query.is_alive && !query.is_sleeping && !query.is_gliding"
            },
            {
              "water_swimming" : "query.is_in_water && query.is_swimming && query.is_alive && !query.is_sleeping && !query.is_gliding"
            },
            {
              "stop" : "query.modified_move_speed< 0.1 && q.is_on_ground && !query.is_in_water && !query.is_sneaking && !query.is_riding && query.is_alive && !query.is_riding && !query.is_sleeping && !query.is_gliding"
            },
            {
              "sleeping" : "query.is_sleeping && query.is_alive"
            },
            {
              "gliding" : "query.is_gliding"
            },
            {
              "default" : "query.is_on_ground || query.is_in_water || query.is_riding || query.is_sleeping || query.is_gliding"
            }
          ]
        },
        "sleeping": {
          "animations": [
            "sleeping"
          ],
          "blend_transition": 0,
          "transitions": [
            {
              "kill" : "!query.is_alive && !query.is_sleeping && !query.is_gliding && query.is_on_screen"
            },
            {
              "walk_stop" : "query.modified_move_speed > 0.1 && q.is_on_ground && !q.is_sprinting && !query.is_sneaking && !query.is_riding && !query.is_in_water && query.is_alive && !query.is_sleeping && !query.is_gliding"
            },
            {
              "walk_sprint" : "query.modified_move_speed > 0.1 && q.is_on_ground && q.is_sprinting && !query.is_sneaking && !query.is_riding && !query.is_in_water && query.is_alive && !query.is_sleeping && !query.is_gliding"
            },
            {
              "sneaking" : "!query.is_sprinting && q.is_on_ground && query.is_sneaking && !query.is_riding && !query.is_in_water && query.is_alive && ((query.get_equipped_item_name('main_hand') != 'shield' && query.get_equipped_item_name('off_hand') != 'shield') && query.is_sneaking) && !query.is_sleeping && !query.is_gliding"
            },
            {
              "riding" : "query.is_riding && query.is_alive && !query.is_sleeping && !query.is_gliding"
            },
            {
              "water_stop" : "query.is_in_water && !query.is_swimming && query.is_alive && !query.is_sleeping && !query.is_gliding"
            },
            {
              "water_swimming" : "query.is_in_water && query.is_swimming && query.is_alive && !query.is_sleeping && !query.is_gliding"
            },
            {
              "stop" : "query.modified_move_speed< 0.1 && q.is_on_ground && !query.is_in_water && !query.is_sneaking && !query.is_riding && query.is_alive && !query.is_riding && !query.is_sleeping && !query.is_gliding"
            },
            {
              "jump" : "!q.is_on_ground && !query.is_in_water && !query.is_sneaking && !query.is_riding && query.is_alive && !query.is_riding && !query.is_sleeping && !query.is_gliding"
            },
            {
              "gliding" : "query.is_gliding"
            },
            {
              "default": "!query.is_sleeping || !query.is_alive"
            }
          ]
        },
        "gliding": {
          "animations": [
            "riding.legs"
          ],
          "blend_transition": 0,
          "transitions": [
            {
              "kill" : "!query.is_alive && !query.is_sleeping && !query.is_gliding && query.is_on_screen"
            },
            {
              "walk_stop" : "query.modified_move_speed > 0.1 && q.is_on_ground && !q.is_sprinting && !query.is_sneaking && !query.is_riding && !query.is_in_water && query.is_alive && !query.is_sleeping && !query.is_gliding"
            },
            {
              "walk_sprint" : "query.modified_move_speed > 0.1 && q.is_on_ground && q.is_sprinting && !query.is_sneaking && !query.is_riding && !query.is_in_water && query.is_alive && !query.is_sleeping && !query.is_gliding"
            },
            {
              "sneaking" : "!query.is_sprinting && q.is_on_ground && query.is_sneaking && !query.is_riding && !query.is_in_water && query.is_alive && ((query.get_equipped_item_name('main_hand') != 'shield' && query.get_equipped_item_name('off_hand') != 'shield') && query.is_sneaking) && !query.is_sleeping && !query.is_gliding"
            },
            {
              "riding" : "query.is_riding && query.is_alive && !query.is_sleeping && !query.is_gliding"
            },
            {
              "water_stop" : "query.is_in_water && !query.is_swimming && query.is_alive && !query.is_sleeping && !query.is_gliding"
            },
            {
              "water_swimming" : "query.is_in_water && query.is_swimming && query.is_alive && !query.is_sleeping && !query.is_gliding"
            },
            {
              "stop" : "query.modified_move_speed< 0.1 && q.is_on_ground && !query.is_in_water && !query.is_sneaking && !query.is_riding && query.is_alive && !query.is_riding && !query.is_sleeping && !query.is_gliding"
            },
            {
              "jump" : "!q.is_on_ground && !query.is_in_water && !query.is_sneaking && !query.is_riding && query.is_alive && !query.is_riding && !query.is_sleeping && !query.is_gliding"
            },
            {
              "sleeping" : "query.is_sleeping && query.is_alive"
            },
            {
              "default": "!query.is_gliding"
            }
          ]
        }
      }
    },
    "controller.animation.humanoid.riding" : {
      "initial_state" : "default",
      "states" : {
        "default" : {
          "transitions" : [
            {
              "riding" : "query.is_riding && (query.get_ride -> query.owner_identifier) != 'wesl3y:leopard_attack' && query.is_riding && (query.get_ride -> query.owner_identifier) != 'wesl3y:pika_attack'"
            }
          ]
        },
        "riding" : {
          "animations" : [ "riding.arms", "riding.legs" ],
          "transitions" : [
            {
              "default" : "!query.is_riding"
            }
          ]
        }
      }
    }
  }
}
