{
  "format_version" : "1.10.0",
  "animation_controllers" : {
    "controller.animation.mobs.move" : {
      "initial_state" : "default",
      "states" : {
        "default" : {
          "animations" : [
            {"move.arms": "q.modified_move_speed"},
            {"move.legs": "q.modified_move_speed"}
          ],
          "blend_transition": 0.1
        }
      }
    },
    "controller.animation.katakuri" : {
      "initial_state" : "default",
      "states" : {
        "default" : {
          "animations": [
            "attack_controller",
            "look_at_target_controller",
            "move_controller",
            "riding_controller"
          ],
          "transitions" : [
            {
              "combo1" : "query.out_of_control"
            }
          ]
        },
        "combo1" : {
          "animations" : [ "combo1" ],
          "transitions" : [
            {
              "default" : "!query.out_of_control"
            },
            {
              "combo2" : "query.all_animations_finished"
            }
          ]
        },
        "combo2" : {
          "animations" : [ "combo2" ],
          "transitions" : [
            {
              "default" : "!query.out_of_control"
            },
            {
              "combo3" : "query.all_animations_finished"
            }
          ]
        },
        "combo3" : {
          "animations" : [ "combo3" ],
          "transitions" : [
            {
              "default" : "!query.out_of_control"
            },
            {
              "combo4" : "query.all_animations_finished"
            }
          ]
        },
        "combo4" : {
          "animations" : [ "combo1" ],
          "transitions" : [
            {
              "default" : "!query.out_of_control"
            },
            {
              "combo5" : "query.all_animations_finished"
            }
          ]
        },
        "combo5" : {
          "animations" : [ "combo2" ],
          "transitions" : [
            {
              "default" : "!query.out_of_control"
            },
            {
              "combo6" : "query.all_animations_finished"
            }
          ]
        },
        "combo6" : {
          "animations" : [ "combo3" ],
          "transitions" : [
            {
              "default" : "query.all_animations_finished"
            }
          ]
        }
      }
    }
  }
}
