{
	"format_version": "1.12.0",
	"minecraft:geometry": [
		{
			"description": {
				"identifier": "geometry.all_for_one_suit",
				"texture_width": 64,
				"texture_height": 64,
				"visible_bounds_width": 3,
				"visible_bounds_height": 4.5,
				"visible_bounds_offset": [0, 0.75, 0]
			},
			"bones": [
				{
					"name": "root",
					"pivot": [0, 0, 0]
				},
				{
					"name": "waist",
					"parent": "root",
					"pivot": [0, 12, 0]
				},
				{
					"name": "body",
					"parent": "waist",
					"pivot": [0, 24, 0],
					"cubes": [
						{
							"origin": [-4, 12, -2],
							"size": [8, 12, 4],
							"inflate": 0.22,
							"uv": {
								"north": {"uv": [20, 20], "uv_size": [8, 12]},
								"east": {"uv": [16, 20], "uv_size": [4, 12]},
								"south": {"uv": [32, 20], "uv_size": [8, 12]},
								"west": {"uv": [28, 20], "uv_size": [4, 12]},
								"up": {"uv": [20, 16], "uv_size": [8, 4]},
								"down": {"uv": [28, 20], "uv_size": [8, -4]}
							}
						},
						{
							"origin": [-4, 12, -2],
							"size": [8, 12, 4],
							"inflate": 0.25,
							"uv": {
								"north": {"uv": [20, 36], "uv_size": [8, 12]},
								"east": {"uv": [16, 36], "uv_size": [4, 12]},
								"south": {"uv": [32, 36], "uv_size": [8, 12]},
								"west": {"uv": [28, 36], "uv_size": [4, 12]},
								"up": {"uv": [20, 32], "uv_size": [8, 4]},
								"down": {"uv": [28, 36], "uv_size": [8, -4]}
							}
						}
					]
				},
				{
					"name": "head",
					"parent": "body",
					"pivot": [0, 24, 0],
					"cubes": [
						{
							"origin": [-4, 24, -4],
							"size": [8, 8, 8],
							"inflate": 0.22,
							"uv": {
								"north": {"uv": [8, 8], "uv_size": [8, 8]},
								"east": {"uv": [0, 8], "uv_size": [8, 8]},
								"south": {"uv": [24, 8], "uv_size": [8, 8]},
								"west": {"uv": [16, 8], "uv_size": [8, 8]},
								"up": {"uv": [8, 0], "uv_size": [8, 8]},
								"down": {"uv": [16, 8], "uv_size": [8, -8]}
							}
						},
						{
							"origin": [-4, 22.5, -4],
							"size": [8, 1.5, 7],
							"uv": {
								"north": {"uv": [0.25, 60.25], "uv_size": [3.5, 3.5]},
								"east": {"uv": [0.25, 60.25], "uv_size": [3.5, 3.5]},
								"south": {"uv": [0.25, 60.25], "uv_size": [3.5, 3.5]},
								"west": {"uv": [0.25, 60.25], "uv_size": [3.5, 3.5]},
								"up": {"uv": [0.25, 60.25], "uv_size": [3.5, 3.5]},
								"down": {"uv": [0.25, 63.75], "uv_size": [3.5, -3.5]}
							}
						},
						{
							"origin": [-3, 23.5, 3],
							"size": [6, 4, 1.75],
							"uv": {
								"north": {"uv": [0.25, 60.25], "uv_size": [3.5, 3.5]},
								"east": {"uv": [0.25, 60.25], "uv_size": [3.5, 3.5]},
								"south": {"uv": [0.25, 60.25], "uv_size": [3.5, 3.5]},
								"west": {"uv": [0.25, 60.25], "uv_size": [3.5, 3.5]},
								"up": {"uv": [0.25, 60.25], "uv_size": [3.5, 3.5]},
								"down": {"uv": [0.25, 63.75], "uv_size": [3.5, -3.5]}
							}
						},
						{
							"origin": [-2, 24, 4],
							"size": [4, 7.5, 1],
							"uv": {
								"north": {"uv": [0.25, 60.25], "uv_size": [3.5, 3.5]},
								"east": {"uv": [0.25, 60.25], "uv_size": [3.5, 3.5]},
								"south": {"uv": [0.25, 60.25], "uv_size": [3.5, 3.5]},
								"west": {"uv": [0.25, 60.25], "uv_size": [3.5, 3.5]},
								"up": {"uv": [0.25, 60.25], "uv_size": [3.5, 3.5]},
								"down": {"uv": [0.25, 63.75], "uv_size": [3.5, -3.5]}
							}
						},
						{
							"origin": [-1.625, 31.5, 4.375],
							"size": [0.25, 0.75, 0.25],
							"uv": {
								"north": {"uv": [4.25, 60.25], "uv_size": [3.5, 3.5]},
								"east": {"uv": [4.25, 60.25], "uv_size": [3.5, 3.5]},
								"south": {"uv": [4.25, 60.25], "uv_size": [3.5, 3.5]},
								"west": {"uv": [4.25, 60.25], "uv_size": [3.5, 3.5]},
								"up": {"uv": [4.25, 60.25], "uv_size": [3.5, 3.5]},
								"down": {"uv": [4.25, 63.75], "uv_size": [3.5, -3.5]}
							}
						},
						{
							"origin": [0.375, 31.5, 4.375],
							"size": [0.25, 0.75, 0.25],
							"uv": {
								"north": {"uv": [7.75, 60.25], "uv_size": [-3.5, 3.5]},
								"east": {"uv": [7.75, 60.25], "uv_size": [-3.5, 3.5]},
								"south": {"uv": [7.75, 60.25], "uv_size": [-3.5, 3.5]},
								"west": {"uv": [7.75, 60.25], "uv_size": [-3.5, 3.5]},
								"up": {"uv": [7.75, 60.25], "uv_size": [-3.5, 3.5]},
								"down": {"uv": [7.75, 63.75], "uv_size": [-3.5, -3.5]}
							}
						},
						{
							"origin": [-0.625, 31.5, 4.375],
							"size": [0.25, 0.75, 0.25],
							"uv": {
								"north": {"uv": [4.25, 60.25], "uv_size": [3.5, 3.5]},
								"east": {"uv": [4.25, 60.25], "uv_size": [3.5, 3.5]},
								"south": {"uv": [4.25, 60.25], "uv_size": [3.5, 3.5]},
								"west": {"uv": [4.25, 60.25], "uv_size": [3.5, 3.5]},
								"up": {"uv": [4.25, 60.25], "uv_size": [3.5, 3.5]},
								"down": {"uv": [4.25, 63.75], "uv_size": [3.5, -3.5]}
							}
						},
						{
							"origin": [1.375, 31.5, 4.375],
							"size": [0.25, 0.75, 0.25],
							"uv": {
								"north": {"uv": [7.75, 60.25], "uv_size": [-3.5, 3.5]},
								"east": {"uv": [7.75, 60.25], "uv_size": [-3.5, 3.5]},
								"south": {"uv": [7.75, 60.25], "uv_size": [-3.5, 3.5]},
								"west": {"uv": [7.75, 60.25], "uv_size": [-3.5, 3.5]},
								"up": {"uv": [7.75, 60.25], "uv_size": [-3.5, 3.5]},
								"down": {"uv": [7.75, 63.75], "uv_size": [-3.5, -3.5]}
							}
						},
						{
							"origin": [-1.625, 32.125, 3.75],
							"size": [0.25, 0.25, 0.75],
							"uv": {
								"north": {"uv": [4.25, 60.25], "uv_size": [3.5, 3.5]},
								"east": {"uv": [4.25, 60.25], "uv_size": [3.5, 3.5]},
								"south": {"uv": [4.25, 60.25], "uv_size": [3.5, 3.5]},
								"west": {"uv": [4.25, 60.25], "uv_size": [3.5, 3.5]},
								"up": {"uv": [4.25, 60.25], "uv_size": [3.5, 3.5]},
								"down": {"uv": [4.25, 63.75], "uv_size": [3.5, -3.5]}
							}
						},
						{
							"origin": [1.375, 32.125, 3.75],
							"size": [0.25, 0.25, 0.75],
							"uv": {
								"north": {"uv": [7.75, 60.25], "uv_size": [-3.5, 3.5]},
								"east": {"uv": [7.75, 60.25], "uv_size": [-3.5, 3.5]},
								"south": {"uv": [7.75, 60.25], "uv_size": [-3.5, 3.5]},
								"west": {"uv": [7.75, 60.25], "uv_size": [-3.5, 3.5]},
								"up": {"uv": [7.75, 60.25], "uv_size": [-3.5, 3.5]},
								"down": {"uv": [7.75, 63.75], "uv_size": [-3.5, -3.5]}
							}
						},
						{
							"origin": [0.375, 32.125, 3.75],
							"size": [0.25, 0.25, 0.75],
							"uv": {
								"north": {"uv": [7.75, 60.25], "uv_size": [-3.5, 3.5]},
								"east": {"uv": [7.75, 60.25], "uv_size": [-3.5, 3.5]},
								"south": {"uv": [7.75, 60.25], "uv_size": [-3.5, 3.5]},
								"west": {"uv": [7.75, 60.25], "uv_size": [-3.5, 3.5]},
								"up": {"uv": [7.75, 60.25], "uv_size": [-3.5, 3.5]},
								"down": {"uv": [7.75, 63.75], "uv_size": [-3.5, -3.5]}
							}
						},
						{
							"origin": [-0.625, 32.125, 3.75],
							"size": [0.25, 0.25, 0.75],
							"uv": {
								"north": {"uv": [4.25, 60.25], "uv_size": [3.5, 3.5]},
								"east": {"uv": [4.25, 60.25], "uv_size": [3.5, 3.5]},
								"south": {"uv": [4.25, 60.25], "uv_size": [3.5, 3.5]},
								"west": {"uv": [4.25, 60.25], "uv_size": [3.5, 3.5]},
								"up": {"uv": [4.25, 60.25], "uv_size": [3.5, 3.5]},
								"down": {"uv": [4.25, 63.75], "uv_size": [3.5, -3.5]}
							}
						},
						{
							"origin": [-2, 32, 2.25],
							"size": [1, 0.75, 1.75],
							"uv": {
								"north": {"uv": [0.25, 60.25], "uv_size": [3.5, 3.5]},
								"east": {"uv": [0.25, 60.25], "uv_size": [3.5, 3.5]},
								"south": {"uv": [0.25, 60.25], "uv_size": [3.5, 3.5]},
								"west": {"uv": [0.25, 60.25], "uv_size": [3.5, 3.5]},
								"up": {"uv": [0.25, 60.25], "uv_size": [3.5, 3.5]},
								"down": {"uv": [0.25, 63.75], "uv_size": [3.5, -3.5]}
							}
						},
						{
							"origin": [1, 32, 2.25],
							"size": [1, 0.75, 1.75],
							"uv": {
								"north": {"uv": [3.75, 60.25], "uv_size": [-3.5, 3.5]},
								"east": {"uv": [3.75, 60.25], "uv_size": [-3.5, 3.5]},
								"south": {"uv": [3.75, 60.25], "uv_size": [-3.5, 3.5]},
								"west": {"uv": [3.75, 60.25], "uv_size": [-3.5, 3.5]},
								"up": {"uv": [3.75, 60.25], "uv_size": [-3.5, 3.5]},
								"down": {"uv": [3.75, 63.75], "uv_size": [-3.5, -3.5]}
							}
						},
						{
							"origin": [0.125, 32, 2.25],
							"size": [0.75, 0.75, 1.75],
							"uv": {
								"north": {"uv": [3.75, 60.25], "uv_size": [-3.5, 3.5]},
								"east": {"uv": [3.75, 60.25], "uv_size": [-3.5, 3.5]},
								"south": {"uv": [3.75, 60.25], "uv_size": [-3.5, 3.5]},
								"west": {"uv": [3.75, 60.25], "uv_size": [-3.5, 3.5]},
								"up": {"uv": [3.75, 60.25], "uv_size": [-3.5, 3.5]},
								"down": {"uv": [3.75, 63.75], "uv_size": [-3.5, -3.5]}
							}
						},
						{
							"origin": [-0.875, 32, 2.25],
							"size": [0.75, 0.75, 1.75],
							"uv": {
								"north": {"uv": [0.25, 60.25], "uv_size": [3.5, 3.5]},
								"east": {"uv": [0.25, 60.25], "uv_size": [3.5, 3.5]},
								"south": {"uv": [0.25, 60.25], "uv_size": [3.5, 3.5]},
								"west": {"uv": [0.25, 60.25], "uv_size": [3.5, 3.5]},
								"up": {"uv": [0.25, 60.25], "uv_size": [3.5, 3.5]},
								"down": {"uv": [0.25, 63.75], "uv_size": [3.5, -3.5]}
							}
						},
						{
							"origin": [3, 26, 4.25],
							"size": [1.375, 0.25, 0.25],
							"uv": {
								"north": {"uv": [7.75, 60.25], "uv_size": [-3.5, 3.5]},
								"east": {"uv": [7.75, 60.25], "uv_size": [-3.5, 3.5]},
								"south": {"uv": [7.75, 60.25], "uv_size": [-3.5, 3.5]},
								"west": {"uv": [7.75, 60.25], "uv_size": [-3.5, 3.5]},
								"up": {"uv": [7.75, 60.25], "uv_size": [-3.5, 3.5]},
								"down": {"uv": [7.75, 63.75], "uv_size": [-3.5, -3.5]}
							}
						},
						{
							"origin": [3, 24, -3.75],
							"size": [1.375, 0.25, 0.25],
							"uv": {
								"north": {"uv": [7.75, 60.25], "uv_size": [-3.5, 3.5]},
								"east": {"uv": [7.75, 60.25], "uv_size": [-3.5, 3.5]},
								"south": {"uv": [7.75, 60.25], "uv_size": [-3.5, 3.5]},
								"west": {"uv": [7.75, 60.25], "uv_size": [-3.5, 3.5]},
								"up": {"uv": [7.75, 60.25], "uv_size": [-3.5, 3.5]},
								"down": {"uv": [7.75, 63.75], "uv_size": [-3.5, -3.5]}
							}
						},
						{
							"origin": [3, 23.5, -3.75],
							"size": [1.375, 0.25, 0.25],
							"uv": {
								"north": {"uv": [7.75, 60.25], "uv_size": [-3.5, 3.5]},
								"east": {"uv": [7.75, 60.25], "uv_size": [-3.5, 3.5]},
								"south": {"uv": [7.75, 60.25], "uv_size": [-3.5, 3.5]},
								"west": {"uv": [7.75, 60.25], "uv_size": [-3.5, 3.5]},
								"up": {"uv": [7.75, 60.25], "uv_size": [-3.5, 3.5]},
								"down": {"uv": [7.75, 63.75], "uv_size": [-3.5, -3.5]}
							}
						},
						{
							"origin": [3, 24.5, -3.75],
							"size": [1.375, 0.25, 0.25],
							"uv": {
								"north": {"uv": [7.75, 60.25], "uv_size": [-3.5, 3.5]},
								"east": {"uv": [7.75, 60.25], "uv_size": [-3.5, 3.5]},
								"south": {"uv": [7.75, 60.25], "uv_size": [-3.5, 3.5]},
								"west": {"uv": [7.75, 60.25], "uv_size": [-3.5, 3.5]},
								"up": {"uv": [7.75, 60.25], "uv_size": [-3.5, 3.5]},
								"down": {"uv": [7.75, 63.75], "uv_size": [-3.5, -3.5]}
							}
						},
						{
							"origin": [4.25, 26, -4],
							"size": [0.25, 0.25, 8.375],
							"pivot": [4.375, 26.125, 4.25],
							"rotation": [17.5, 0, 0],
							"uv": {
								"north": {"uv": [7.75, 60.25], "uv_size": [-3.5, 3.5]},
								"east": {"uv": [7.75, 60.25], "uv_size": [-3.5, 3.5]},
								"south": {"uv": [7.75, 60.25], "uv_size": [-3.5, 3.5]},
								"west": {"uv": [7.75, 60.25], "uv_size": [-3.5, 3.5]},
								"up": {"uv": [7.75, 60.25], "uv_size": [-3.5, 3.5]},
								"down": {"uv": [7.75, 63.75], "uv_size": [-3.5, -3.5]}
							}
						},
						{
							"origin": [4.25, 26.5, -4],
							"size": [0.25, 0.25, 8.375],
							"pivot": [4.375, 26.625, 4.25],
							"rotation": [17.5, 0, 0],
							"uv": {
								"north": {"uv": [7.75, 60.25], "uv_size": [-3.5, 3.5]},
								"east": {"uv": [7.75, 60.25], "uv_size": [-3.5, 3.5]},
								"south": {"uv": [7.75, 60.25], "uv_size": [-3.5, 3.5]},
								"west": {"uv": [7.75, 60.25], "uv_size": [-3.5, 3.5]},
								"up": {"uv": [7.75, 60.25], "uv_size": [-3.5, 3.5]},
								"down": {"uv": [7.75, 63.75], "uv_size": [-3.5, -3.5]}
							}
						},
						{
							"origin": [4.25, 27, -4],
							"size": [0.25, 0.25, 8.375],
							"pivot": [4.375, 27.125, 4.25],
							"rotation": [17.5, 0, 0],
							"uv": {
								"north": {"uv": [7.75, 60.25], "uv_size": [-3.5, 3.5]},
								"east": {"uv": [7.75, 60.25], "uv_size": [-3.5, 3.5]},
								"south": {"uv": [7.75, 60.25], "uv_size": [-3.5, 3.5]},
								"west": {"uv": [7.75, 60.25], "uv_size": [-3.5, 3.5]},
								"up": {"uv": [7.75, 60.25], "uv_size": [-3.5, 3.5]},
								"down": {"uv": [7.75, 63.75], "uv_size": [-3.5, -3.5]}
							}
						},
						{
							"origin": [3, 26.5, 4.25],
							"size": [1.375, 0.25, 0.25],
							"uv": {
								"north": {"uv": [7.75, 60.25], "uv_size": [-3.5, 3.5]},
								"east": {"uv": [7.75, 60.25], "uv_size": [-3.5, 3.5]},
								"south": {"uv": [7.75, 60.25], "uv_size": [-3.5, 3.5]},
								"west": {"uv": [7.75, 60.25], "uv_size": [-3.5, 3.5]},
								"up": {"uv": [7.75, 60.25], "uv_size": [-3.5, 3.5]},
								"down": {"uv": [7.75, 63.75], "uv_size": [-3.5, -3.5]}
							}
						},
						{
							"origin": [3, 27, 4.25],
							"size": [1.375, 0.25, 0.25],
							"uv": {
								"north": {"uv": [7.75, 60.25], "uv_size": [-3.5, 3.5]},
								"east": {"uv": [7.75, 60.25], "uv_size": [-3.5, 3.5]},
								"south": {"uv": [7.75, 60.25], "uv_size": [-3.5, 3.5]},
								"west": {"uv": [7.75, 60.25], "uv_size": [-3.5, 3.5]},
								"up": {"uv": [7.75, 60.25], "uv_size": [-3.5, 3.5]},
								"down": {"uv": [7.75, 63.75], "uv_size": [-3.5, -3.5]}
							}
						},
						{
							"origin": [-4.375, 26, 4.25],
							"size": [1.375, 0.25, 0.25],
							"uv": {
								"north": {"uv": [4.25, 60.25], "uv_size": [3.5, 3.5]},
								"east": {"uv": [4.25, 60.25], "uv_size": [3.5, 3.5]},
								"south": {"uv": [4.25, 60.25], "uv_size": [3.5, 3.5]},
								"west": {"uv": [4.25, 60.25], "uv_size": [3.5, 3.5]},
								"up": {"uv": [4.25, 60.25], "uv_size": [3.5, 3.5]},
								"down": {"uv": [4.25, 63.75], "uv_size": [3.5, -3.5]}
							}
						},
						{
							"origin": [-4.375, 24, -3.75],
							"size": [1.375, 0.25, 0.25],
							"uv": {
								"north": {"uv": [4.25, 60.25], "uv_size": [3.5, 3.5]},
								"east": {"uv": [4.25, 60.25], "uv_size": [3.5, 3.5]},
								"south": {"uv": [4.25, 60.25], "uv_size": [3.5, 3.5]},
								"west": {"uv": [4.25, 60.25], "uv_size": [3.5, 3.5]},
								"up": {"uv": [4.25, 60.25], "uv_size": [3.5, 3.5]},
								"down": {"uv": [4.25, 63.75], "uv_size": [3.5, -3.5]}
							}
						},
						{
							"origin": [-4.375, 23.5, -3.75],
							"size": [1.375, 0.25, 0.25],
							"uv": {
								"north": {"uv": [4.25, 60.25], "uv_size": [3.5, 3.5]},
								"east": {"uv": [4.25, 60.25], "uv_size": [3.5, 3.5]},
								"south": {"uv": [4.25, 60.25], "uv_size": [3.5, 3.5]},
								"west": {"uv": [4.25, 60.25], "uv_size": [3.5, 3.5]},
								"up": {"uv": [4.25, 60.25], "uv_size": [3.5, 3.5]},
								"down": {"uv": [4.25, 63.75], "uv_size": [3.5, -3.5]}
							}
						},
						{
							"origin": [-4.375, 24.5, -3.75],
							"size": [1.375, 0.25, 0.25],
							"uv": {
								"north": {"uv": [4.25, 60.25], "uv_size": [3.5, 3.5]},
								"east": {"uv": [4.25, 60.25], "uv_size": [3.5, 3.5]},
								"south": {"uv": [4.25, 60.25], "uv_size": [3.5, 3.5]},
								"west": {"uv": [4.25, 60.25], "uv_size": [3.5, 3.5]},
								"up": {"uv": [4.25, 60.25], "uv_size": [3.5, 3.5]},
								"down": {"uv": [4.25, 63.75], "uv_size": [3.5, -3.5]}
							}
						},
						{
							"origin": [-4.5, 26, -4],
							"size": [0.25, 0.25, 8.375],
							"pivot": [-4.375, 26.125, 4.25],
							"rotation": [17.5, 0, 0],
							"uv": {
								"north": {"uv": [4.25, 60.25], "uv_size": [3.5, 3.5]},
								"east": {"uv": [4.25, 60.25], "uv_size": [3.5, 3.5]},
								"south": {"uv": [4.25, 60.25], "uv_size": [3.5, 3.5]},
								"west": {"uv": [4.25, 60.25], "uv_size": [3.5, 3.5]},
								"up": {"uv": [4.25, 60.25], "uv_size": [3.5, 3.5]},
								"down": {"uv": [4.25, 63.75], "uv_size": [3.5, -3.5]}
							}
						},
						{
							"origin": [-4.5, 26.5, -4],
							"size": [0.25, 0.25, 8.375],
							"pivot": [-4.375, 26.625, 4.25],
							"rotation": [17.5, 0, 0],
							"uv": {
								"north": {"uv": [4.25, 60.25], "uv_size": [3.5, 3.5]},
								"east": {"uv": [4.25, 60.25], "uv_size": [3.5, 3.5]},
								"south": {"uv": [4.25, 60.25], "uv_size": [3.5, 3.5]},
								"west": {"uv": [4.25, 60.25], "uv_size": [3.5, 3.5]},
								"up": {"uv": [4.25, 60.25], "uv_size": [3.5, 3.5]},
								"down": {"uv": [4.25, 63.75], "uv_size": [3.5, -3.5]}
							}
						},
						{
							"origin": [-4.5, 27, -4],
							"size": [0.25, 0.25, 8.375],
							"pivot": [-4.375, 27.125, 4.25],
							"rotation": [17.5, 0, 0],
							"uv": {
								"north": {"uv": [4.25, 60.25], "uv_size": [3.5, 3.5]},
								"east": {"uv": [4.25, 60.25], "uv_size": [3.5, 3.5]},
								"south": {"uv": [4.25, 60.25], "uv_size": [3.5, 3.5]},
								"west": {"uv": [4.25, 60.25], "uv_size": [3.5, 3.5]},
								"up": {"uv": [4.25, 60.25], "uv_size": [3.5, 3.5]},
								"down": {"uv": [4.25, 63.75], "uv_size": [3.5, -3.5]}
							}
						},
						{
							"origin": [-4.375, 26.5, 4.25],
							"size": [1.375, 0.25, 0.25],
							"uv": {
								"north": {"uv": [4.25, 60.25], "uv_size": [3.5, 3.5]},
								"east": {"uv": [4.25, 60.25], "uv_size": [3.5, 3.5]},
								"south": {"uv": [4.25, 60.25], "uv_size": [3.5, 3.5]},
								"west": {"uv": [4.25, 60.25], "uv_size": [3.5, 3.5]},
								"up": {"uv": [4.25, 60.25], "uv_size": [3.5, 3.5]},
								"down": {"uv": [4.25, 63.75], "uv_size": [3.5, -3.5]}
							}
						},
						{
							"origin": [-4.375, 27, 4.25],
							"size": [1.375, 0.25, 0.25],
							"uv": {
								"north": {"uv": [4.25, 60.25], "uv_size": [3.5, 3.5]},
								"east": {"uv": [4.25, 60.25], "uv_size": [3.5, 3.5]},
								"south": {"uv": [4.25, 60.25], "uv_size": [3.5, 3.5]},
								"west": {"uv": [4.25, 60.25], "uv_size": [3.5, 3.5]},
								"up": {"uv": [4.25, 60.25], "uv_size": [3.5, 3.5]},
								"down": {"uv": [4.25, 63.75], "uv_size": [3.5, -3.5]}
							}
						}
					]
				},
				{
					"name": "rightArm",
					"parent": "body",
					"pivot": [-5, 22, 0],
					"cubes": [
						{
							"origin": [-8, 18, -2],
							"size": [4, 6, 4],
							"inflate": 0.22,
							"uv": {
								"north": {"uv": [44, 20], "uv_size": [4, 6]},
								"east": {"uv": [40, 20], "uv_size": [4, 6]},
								"south": {"uv": [52, 20], "uv_size": [4, 6]},
								"west": {"uv": [48, 20], "uv_size": [4, 6]},
								"up": {"uv": [44, 16], "uv_size": [4, 4]},
								"down": {"uv": [44, 26], "uv_size": [4, -1]}
							}
						},
						{
							"origin": [-8, 12, -2],
							"size": [4, 6, 4],
							"inflate": 0.22,
							"uv": {
								"north": {"uv": [44, 26], "uv_size": [4, 6]},
								"east": {"uv": [40, 26], "uv_size": [4, 6]},
								"south": {"uv": [52, 26], "uv_size": [4, 6]},
								"west": {"uv": [48, 26], "uv_size": [4, 6]},
								"up": {"uv": [44, 26], "uv_size": [4, 1]},
								"down": {"uv": [48, 20], "uv_size": [4, -4]}
							}
						}
					]
				},
				{
					"name": "leftArm",
					"parent": "body",
					"pivot": [5, 22, 0],
					"cubes": [
						{
							"origin": [4, 18, -2],
							"size": [4, 6, 4],
							"inflate": 0.22,
							"uv": {
								"north": {"uv": [36, 52], "uv_size": [4, 6]},
								"east": {"uv": [32, 52], "uv_size": [4, 6]},
								"south": {"uv": [44, 52], "uv_size": [4, 6]},
								"west": {"uv": [40, 52], "uv_size": [4, 6]},
								"up": {"uv": [36, 48], "uv_size": [4, 4]},
								"down": {"uv": [36, 58], "uv_size": [4, -1]}
							}
						},
						{
							"origin": [4, 12, -2],
							"size": [4, 6, 4],
							"inflate": 0.22,
							"uv": {
								"north": {"uv": [36, 58], "uv_size": [4, 6]},
								"east": {"uv": [32, 58], "uv_size": [4, 6]},
								"south": {"uv": [44, 58], "uv_size": [4, 6]},
								"west": {"uv": [40, 58], "uv_size": [4, 6]},
								"up": {"uv": [36, 58], "uv_size": [4, 1]},
								"down": {"uv": [40, 52], "uv_size": [4, -4]}
							}
						}
					]
				},
				{
					"name": "rightleg",
					"parent": "root",
					"pivot": [-1.9, 12, 0],
					"cubes": [
						{
							"origin": [-4, 6, -2],
							"size": [4, 6, 4],
							"inflate": 0.22,
							"uv": {
								"north": {"uv": [4, 20], "uv_size": [4, 6]},
								"east": {"uv": [0, 20], "uv_size": [4, 6]},
								"south": {"uv": [12, 20], "uv_size": [4, 6]},
								"west": {"uv": [8, 20], "uv_size": [4, 6]},
								"up": {"uv": [4, 16], "uv_size": [4, 4]},
								"down": {"uv": [4, 26], "uv_size": [4, -1]}
							}
						},
						{
							"origin": [-4, 0, -2],
							"size": [4, 6, 4],
							"inflate": 0.22,
							"uv": {
								"north": {"uv": [4, 26], "uv_size": [4, 6]},
								"east": {"uv": [0, 26], "uv_size": [4, 6]},
								"south": {"uv": [12, 26], "uv_size": [4, 6]},
								"west": {"uv": [8, 26], "uv_size": [4, 6]},
								"up": {"uv": [4, 26], "uv_size": [4, 1]},
								"down": {"uv": [8, 20], "uv_size": [4, -4]}
							}
						},
						{
							"origin": [-4, 0, -4],
							"size": [4, 2, 2],
							"inflate": 0.22,
							"uv": {
								"north": {"uv": [8, 56], "uv_size": [-4, 2]},
								"east": {"uv": [12, 56], "uv_size": [-4, 2]},
								"south": {"uv": [16, 56], "uv_size": [-4, 2]},
								"west": {"uv": [4, 56], "uv_size": [-4, 2]},
								"up": {"uv": [8, 54], "uv_size": [-4, 2]},
								"down": {"uv": [12, 56], "uv_size": [-4, -2]}
							}
						}
					]
				},
				{
					"name": "leftleg",
					"parent": "root",
					"pivot": [1.9, 12, 0],
					"cubes": [
						{
							"origin": [0, 6, -2],
							"size": [4, 6, 4],
							"inflate": 0.22,
							"uv": {
								"north": {"uv": [20, 52], "uv_size": [4, 6]},
								"east": {"uv": [16, 52], "uv_size": [4, 6]},
								"south": {"uv": [28, 52], "uv_size": [4, 6]},
								"west": {"uv": [24, 52], "uv_size": [4, 6]},
								"up": {"uv": [20, 48], "uv_size": [4, 4]},
								"down": {"uv": [20, 58], "uv_size": [4, -1]}
							}
						},
						{
							"origin": [0, 0, -4],
							"size": [4, 2, 2],
							"inflate": 0.22,
							"uv": {
								"north": {"uv": [4, 56], "uv_size": [4, 2]},
								"east": {"uv": [0, 56], "uv_size": [4, 2]},
								"south": {"uv": [12, 56], "uv_size": [4, 2]},
								"west": {"uv": [8, 56], "uv_size": [4, 2]},
								"up": {"uv": [4, 54], "uv_size": [4, 2]},
								"down": {"uv": [8, 56], "uv_size": [4, -2]}
							}
						},
						{
							"origin": [0, 0, -2],
							"size": [4, 6, 4],
							"inflate": 0.22,
							"uv": {
								"north": {"uv": [20, 58], "uv_size": [4, 6]},
								"east": {"uv": [16, 58], "uv_size": [4, 6]},
								"south": {"uv": [28, 58], "uv_size": [4, 6]},
								"west": {"uv": [24, 58], "uv_size": [4, 6]},
								"up": {"uv": [20, 58], "uv_size": [4, 1]},
								"down": {"uv": [24, 52], "uv_size": [4, -4]}
							}
						}
					]
				}
			]
		}
	]
}