{
	"format_version": "1.12.0",
	"minecraft:geometry": [
		{
			"description": {
				"identifier": "geometry.endeavor_suit",
				"texture_width": 64,
				"texture_height": 64,
				"visible_bounds_width": 3,
				"visible_bounds_height": 4.5,
				"visible_bounds_offset": [0, 0.75, 0]
			},
			"bones": [
				{
					"name": "root",
					"pivot": [0, 0, 0]
				},
				{
					"name": "waist",
					"parent": "root",
					"pivot": [0, 12, 0]
				},
				{
					"name": "body",
					"parent": "waist",
					"pivot": [0, 24, 0],
					"cubes": [
						{
							"origin": [-4, 12, -2],
							"size": [8, 12, 4],
							"inflate": 0.1,
							"uv": {
								"north": {"uv": [20, 20], "uv_size": [8, 12]},
								"east": {"uv": [16, 20], "uv_size": [4, 12]},
								"south": {"uv": [32, 20], "uv_size": [8, 12]},
								"west": {"uv": [28, 20], "uv_size": [4, 12]},
								"up": {"uv": [20, 16], "uv_size": [8, 4]},
								"down": {"uv": [20, 20], "uv_size": [8, -4]}
							}
						}
					]
				},
				{
					"name": "head",
					"parent": "body",
					"pivot": [0, 24, 0],
					"cubes": [
						{
							"origin": [-4, 25.25, -4],
							"size": [8, 7, 8],
							"inflate": 0.05,
							"uv": {
								"north": {"uv": [0, 0], "uv_size": [8, 8]},
								"east": {"uv": [0, 0], "uv_size": [0, 0]},
								"south": {"uv": [0, 0], "uv_size": [0, 0]},
								"west": {"uv": [0, 0], "uv_size": [0, 0]},
								"up": {"uv": [0, 0], "uv_size": [0, 0]},
								"down": {"uv": [0, 0], "uv_size": [0, 0]}
							}
						}
					]
				},
				{
					"name": "rightArm",
					"parent": "body",
					"pivot": [-5, 22, 0],
					"cubes": [
						{
							"origin": [-8, 18, -2],
							"size": [4, 6, 4],
							"inflate": 0.1,
							"uv": {
								"north": {"uv": [44, 20], "uv_size": [4, 6]},
								"east": {"uv": [40, 20], "uv_size": [4, 6]},
								"south": {"uv": [52, 20], "uv_size": [4, 6]},
								"west": {"uv": [48, 20], "uv_size": [4, 6]},
								"up": {"uv": [44, 16], "uv_size": [4, 4]},
								"down": {"uv": [44, 26], "uv_size": [4, -1]}
							}
						},
						{
							"origin": [-9.69134, 21.96194, -2.5],
							"size": [4.5, 3.5, 5],
							"inflate": 0.1,
							"pivot": [-7.44134, 23.71194, 0],
							"rotation": [0, 0, -22.5],
							"uv": {
								"north": {"uv": [0, 61], "uv_size": [3, 3]},
								"east": {"uv": [0, 61], "uv_size": [3, 3]},
								"south": {"uv": [0, 61], "uv_size": [3, 3]},
								"west": {"uv": [61, 64], "uv_size": [3, -3]},
								"up": {"uv": [0, 61], "uv_size": [3, 3]},
								"down": {"uv": [64, 64], "uv_size": [-3, -3]}
							}
						},
						{
							"origin": [-9.69134, 21.96194, -2.5],
							"size": [4.5, 3.5, 5],
							"inflate": 0.075,
							"pivot": [-7.44134, 23.71194, 0],
							"rotation": [0, 0, -22.5],
							"uv": {
								"north": {"uv": [9, 61], "uv_size": [3, 3]},
								"east": {"uv": [9, 61], "uv_size": [3, 3]},
								"south": {"uv": [9, 61], "uv_size": [3, 3]},
								"west": {"uv": [61, 64], "uv_size": [3, -4]},
								"up": {"uv": [9, 61], "uv_size": [3, 3]},
								"down": {"uv": [64, 64], "uv_size": [-3, -3]}
							}
						},
						{
							"origin": [-5.45547, 22.51989, -2.5],
							"size": [2, 2, 5],
							"inflate": 0.1,
							"pivot": [-4.45547, 23.51989, 0],
							"rotation": [0, 0, 5],
							"uv": {
								"north": {"uv": [0, 61], "uv_size": [3, 3]},
								"east": {"uv": [61, 61], "uv_size": [3, 3]},
								"south": {"uv": [0, 61], "uv_size": [3, 3]},
								"west": {"uv": [61, 64], "uv_size": [3, -3]},
								"up": {"uv": [61, 61], "uv_size": [3, 3]},
								"down": {"uv": [64, 64], "uv_size": [-3, -3]}
							}
						},
						{
							"origin": [-5.45547, 22.51989, -2.5],
							"size": [2, 2, 5],
							"inflate": 0.075,
							"pivot": [-4.45547, 23.51989, 0],
							"rotation": [0, 0, 5],
							"uv": {
								"north": {"uv": [9, 61], "uv_size": [3, 3]},
								"east": {"uv": [61, 61], "uv_size": [3, 3]},
								"south": {"uv": [9, 61], "uv_size": [3, 3]},
								"west": {"uv": [61, 64], "uv_size": [3, -3]},
								"up": {"uv": [61, 61], "uv_size": [3, 3]},
								"down": {"uv": [64, 64], "uv_size": [-3, -3]}
							}
						},
						{
							"origin": [-8.375, 16.75, -0.75],
							"size": [0.125, 1, 1.5],
							"inflate": 0.05,
							"uv": {
								"north": {"uv": [4, 57], "uv_size": [1, 3]},
								"east": {"uv": [0, 57], "uv_size": [4, 3]},
								"south": {"uv": [9, 57], "uv_size": [1, 3]},
								"west": {"uv": [5, 60], "uv_size": [4, -3]},
								"up": {"uv": [4, 52], "uv_size": [1, 5]},
								"down": {"uv": [6, 57], "uv_size": [-1, -5]}
							}
						},
						{
							"origin": [-8.5, 15.75, -0.75],
							"size": [0.125, 1.25, 1.5],
							"inflate": 0.075,
							"uv": {
								"north": {"uv": [4, 57], "uv_size": [1, 3]},
								"east": {"uv": [0, 57], "uv_size": [4, 3]},
								"south": {"uv": [9, 57], "uv_size": [1, 3]},
								"west": {"uv": [5, 60], "uv_size": [4, -3]},
								"up": {"uv": [4, 52], "uv_size": [1, 5]},
								"down": {"uv": [6, 57], "uv_size": [-1, -5]}
							}
						},
						{
							"origin": [-8.625, 14.75, -0.75],
							"size": [0.25, 1.25, 1.5],
							"inflate": 0.1,
							"uv": {
								"north": {"uv": [4, 57], "uv_size": [1, 3]},
								"east": {"uv": [0, 57], "uv_size": [4, 3]},
								"south": {"uv": [9, 57], "uv_size": [1, 3]},
								"west": {"uv": [5, 60], "uv_size": [4, -3]},
								"up": {"uv": [4, 52], "uv_size": [1, 5]},
								"down": {"uv": [6, 57], "uv_size": [-1, -5]}
							}
						},
						{
							"origin": [-8.75, 13.5, -0.75],
							"size": [0.25, 1.5, 1.5],
							"inflate": 0.125,
							"uv": {
								"north": {"uv": [4, 57], "uv_size": [1, 3]},
								"east": {"uv": [0, 57], "uv_size": [4, 3]},
								"south": {"uv": [9, 57], "uv_size": [1, 3]},
								"west": {"uv": [5, 60], "uv_size": [4, -3]},
								"up": {"uv": [4, 52], "uv_size": [1, 5]},
								"down": {"uv": [6, 57], "uv_size": [-1, -5]}
							}
						},
						{
							"origin": [-8.25, 16.75, -2.25],
							"size": [4.5, 0.75, 4.5],
							"inflate": 0.05,
							"uv": {
								"north": {"uv": [4, 57], "uv_size": [1, 3]},
								"east": {"uv": [0, 57], "uv_size": [4, 3]},
								"south": {"uv": [9, 57], "uv_size": [1, 3]},
								"west": {"uv": [5, 60], "uv_size": [4, -3]},
								"up": {"uv": [4, 52], "uv_size": [1, 5]},
								"down": {"uv": [6, 57], "uv_size": [-1, -5]}
							}
						},
						{
							"origin": [-8.25, 15.75, -2.25],
							"size": [4.5, 1, 4.5],
							"inflate": 0.075,
							"uv": {
								"north": {"uv": [4, 57], "uv_size": [1, 3]},
								"east": {"uv": [0, 57], "uv_size": [4, 3]},
								"south": {"uv": [9, 57], "uv_size": [1, 3]},
								"west": {"uv": [5, 60], "uv_size": [4, -3]},
								"up": {"uv": [4, 52], "uv_size": [1, 5]},
								"down": {"uv": [6, 57], "uv_size": [-1, -5]}
							}
						},
						{
							"origin": [-8.25, 14.75, -2.25],
							"size": [4.5, 1, 4.5],
							"inflate": 0.1,
							"uv": {
								"north": {"uv": [4, 57], "uv_size": [1, 3]},
								"east": {"uv": [0, 57], "uv_size": [4, 3]},
								"south": {"uv": [9, 57], "uv_size": [1, 3]},
								"west": {"uv": [5, 60], "uv_size": [4, -3]},
								"up": {"uv": [4, 52], "uv_size": [1, 5]},
								"down": {"uv": [6, 57], "uv_size": [-1, -5]}
							}
						},
						{
							"origin": [-8.25, 13.5, -2.25],
							"size": [4.5, 1.25, 4.5],
							"inflate": 0.125,
							"uv": {
								"north": {"uv": [4, 57], "uv_size": [1, 3]},
								"east": {"uv": [0, 57], "uv_size": [4, 3]},
								"south": {"uv": [9, 57], "uv_size": [1, 3]},
								"west": {"uv": [5, 60], "uv_size": [4, -3]},
								"up": {"uv": [4, 52], "uv_size": [1, 5]},
								"down": {"uv": [6, 57], "uv_size": [-1, -5]}
							}
						},
						{
							"origin": [-8, 12, -2],
							"size": [4, 6, 4],
							"inflate": 0.1,
							"uv": {
								"north": {"uv": [44, 26], "uv_size": [4, 6]},
								"east": {"uv": [40, 26], "uv_size": [4, 6]},
								"south": {"uv": [52, 26], "uv_size": [4, 6]},
								"west": {"uv": [48, 26], "uv_size": [4, 6]},
								"up": {"uv": [44, 26], "uv_size": [4, 1]},
								"down": {"uv": [48, 20], "uv_size": [4, -4]}
							}
						}
					]
				},
				{
					"name": "leftArm",
					"parent": "body",
					"pivot": [5, 22, 0],
					"cubes": [
						{
							"origin": [5.19134, 21.96194, -2.5],
							"size": [4.5, 3.5, 5],
							"inflate": 0.1,
							"pivot": [7.44134, 23.71194, 0],
							"rotation": [0, 0, 22.5],
							"uv": {
								"north": {"uv": [3, 61], "uv_size": [-3, 3]},
								"east": {"uv": [64, 64], "uv_size": [-3, -4]},
								"south": {"uv": [3, 61], "uv_size": [-3, 3]},
								"west": {"uv": [3, 61], "uv_size": [-3, 3]},
								"up": {"uv": [3, 61], "uv_size": [-3, 3]},
								"down": {"uv": [61, 64], "uv_size": [3, -3]}
							}
						},
						{
							"origin": [4, 18, -2],
							"size": [4, 6, 4],
							"inflate": 0.1,
							"uv": {
								"north": {"uv": [36, 52], "uv_size": [4, 6]},
								"east": {"uv": [32, 52], "uv_size": [4, 6]},
								"south": {"uv": [44, 52], "uv_size": [4, 6]},
								"west": {"uv": [40, 52], "uv_size": [4, 6]},
								"up": {"uv": [36, 48], "uv_size": [4, 4]},
								"down": {"uv": [36, 58], "uv_size": [4, -1]}
							}
						},
						{
							"origin": [3.45547, 22.51989, -2.5],
							"size": [2, 2, 5],
							"inflate": 0.1,
							"pivot": [4.45547, 23.51989, 0],
							"rotation": [0, 0, -5],
							"uv": {
								"north": {"uv": [3, 61], "uv_size": [-3, 3]},
								"east": {"uv": [64, 64], "uv_size": [-3, -3]},
								"south": {"uv": [3, 61], "uv_size": [-3, 3]},
								"west": {"uv": [64, 61], "uv_size": [-3, 3]},
								"up": {"uv": [64, 61], "uv_size": [-3, 3]},
								"down": {"uv": [61, 64], "uv_size": [3, -3]}
							}
						},
						{
							"origin": [5.19134, 21.96194, -2.5],
							"size": [4.5, 3.5, 5],
							"inflate": 0.075,
							"pivot": [7.44134, 23.71194, 0],
							"rotation": [0, 0, 22.5],
							"uv": {
								"north": {"uv": [12, 61], "uv_size": [-3, 3]},
								"east": {"uv": [64, 64], "uv_size": [-3, -4]},
								"south": {"uv": [12, 61], "uv_size": [-3, 3]},
								"west": {"uv": [12, 61], "uv_size": [-3, 3]},
								"up": {"uv": [12, 61], "uv_size": [-3, 3]},
								"down": {"uv": [61, 64], "uv_size": [3, -3]}
							}
						},
						{
							"origin": [3.45547, 22.51989, -2.5],
							"size": [2, 2, 5],
							"inflate": 0.075,
							"pivot": [4.45547, 23.51989, 0],
							"rotation": [0, 0, -5],
							"uv": {
								"north": {"uv": [12, 61], "uv_size": [-3, 3]},
								"east": {"uv": [64, 64], "uv_size": [-3, -3]},
								"south": {"uv": [12, 61], "uv_size": [-3, 3]},
								"west": {"uv": [64, 61], "uv_size": [-3, 3]},
								"up": {"uv": [64, 61], "uv_size": [-3, 3]},
								"down": {"uv": [61, 64], "uv_size": [3, -3]}
							}
						},
						{
							"origin": [3.75, 13.5, -2.25],
							"size": [4.5, 1.25, 4.5],
							"inflate": 0.125,
							"uv": {
								"north": {"uv": [5, 57], "uv_size": [-1, 3]},
								"east": {"uv": [9, 60], "uv_size": [-4, -3]},
								"south": {"uv": [10, 57], "uv_size": [-1, 3]},
								"west": {"uv": [4, 57], "uv_size": [-4, 3]},
								"up": {"uv": [5, 52], "uv_size": [-1, 5]},
								"down": {"uv": [5, 57], "uv_size": [1, -5]}
							}
						},
						{
							"origin": [3.75, 14.75, -2.25],
							"size": [4.5, 1, 4.5],
							"inflate": 0.1,
							"uv": {
								"north": {"uv": [5, 57], "uv_size": [-1, 3]},
								"east": {"uv": [9, 60], "uv_size": [-4, -3]},
								"south": {"uv": [10, 57], "uv_size": [-1, 3]},
								"west": {"uv": [4, 57], "uv_size": [-4, 3]},
								"up": {"uv": [5, 52], "uv_size": [-1, 5]},
								"down": {"uv": [5, 57], "uv_size": [1, -5]}
							}
						},
						{
							"origin": [3.75, 15.75, -2.25],
							"size": [4.5, 1, 4.5],
							"inflate": 0.075,
							"uv": {
								"north": {"uv": [5, 57], "uv_size": [-1, 3]},
								"east": {"uv": [9, 60], "uv_size": [-4, -3]},
								"south": {"uv": [10, 57], "uv_size": [-1, 3]},
								"west": {"uv": [4, 57], "uv_size": [-4, 3]},
								"up": {"uv": [5, 52], "uv_size": [-1, 5]},
								"down": {"uv": [5, 57], "uv_size": [1, -5]}
							}
						},
						{
							"origin": [3.75, 16.75, -2.25],
							"size": [4.5, 0.75, 4.5],
							"inflate": 0.05,
							"uv": {
								"north": {"uv": [5, 57], "uv_size": [-1, 3]},
								"east": {"uv": [9, 60], "uv_size": [-4, -3]},
								"south": {"uv": [10, 57], "uv_size": [-1, 3]},
								"west": {"uv": [4, 57], "uv_size": [-4, 3]},
								"up": {"uv": [5, 52], "uv_size": [-1, 5]},
								"down": {"uv": [5, 57], "uv_size": [1, -5]}
							}
						},
						{
							"origin": [8.5, 13.5, -0.75],
							"size": [0.25, 1.5, 1.5],
							"inflate": 0.125,
							"uv": {
								"north": {"uv": [5, 57], "uv_size": [-1, 3]},
								"east": {"uv": [9, 60], "uv_size": [-4, -3]},
								"south": {"uv": [10, 57], "uv_size": [-1, 3]},
								"west": {"uv": [4, 57], "uv_size": [-4, 3]},
								"up": {"uv": [5, 52], "uv_size": [-1, 5]},
								"down": {"uv": [5, 57], "uv_size": [1, -5]}
							}
						},
						{
							"origin": [8.375, 14.75, -0.75],
							"size": [0.25, 1.25, 1.5],
							"inflate": 0.1,
							"uv": {
								"north": {"uv": [5, 57], "uv_size": [-1, 3]},
								"east": {"uv": [9, 60], "uv_size": [-4, -3]},
								"south": {"uv": [10, 57], "uv_size": [-1, 3]},
								"west": {"uv": [4, 57], "uv_size": [-4, 3]},
								"up": {"uv": [5, 52], "uv_size": [-1, 5]},
								"down": {"uv": [5, 57], "uv_size": [1, -5]}
							}
						},
						{
							"origin": [8.375, 15.75, -0.75],
							"size": [0.125, 1.25, 1.5],
							"inflate": 0.075,
							"uv": {
								"north": {"uv": [5, 57], "uv_size": [-1, 3]},
								"east": {"uv": [9, 60], "uv_size": [-4, -3]},
								"south": {"uv": [10, 57], "uv_size": [-1, 3]},
								"west": {"uv": [4, 57], "uv_size": [-4, 3]},
								"up": {"uv": [5, 52], "uv_size": [-1, 5]},
								"down": {"uv": [5, 57], "uv_size": [1, -5]}
							}
						},
						{
							"origin": [8.25, 16.75, -0.75],
							"size": [0.125, 1, 1.5],
							"inflate": 0.05,
							"uv": {
								"north": {"uv": [5, 57], "uv_size": [-1, 3]},
								"east": {"uv": [9, 60], "uv_size": [-4, -3]},
								"south": {"uv": [10, 57], "uv_size": [-1, 3]},
								"west": {"uv": [4, 57], "uv_size": [-4, 3]},
								"up": {"uv": [5, 52], "uv_size": [-1, 5]},
								"down": {"uv": [5, 57], "uv_size": [1, -5]}
							}
						},
						{
							"origin": [4, 12, -2],
							"size": [4, 6, 4],
							"inflate": 0.1,
							"uv": {
								"north": {"uv": [36, 58], "uv_size": [4, 6]},
								"east": {"uv": [32, 58], "uv_size": [4, 6]},
								"south": {"uv": [44, 58], "uv_size": [4, 6]},
								"west": {"uv": [40, 58], "uv_size": [4, 6]},
								"up": {"uv": [36, 58], "uv_size": [4, 1]},
								"down": {"uv": [40, 52], "uv_size": [4, -4]}
							}
						}
					]
				},
				{
					"name": "rightleg",
					"parent": "root",
					"pivot": [-1.9, 12, 0],
					"cubes": [
						{
							"origin": [-4, 6, -2],
							"size": [4, 6, 4],
							"inflate": 0.1,
							"uv": {
								"north": {"uv": [4, 20], "uv_size": [4, 6]},
								"east": {"uv": [0, 20], "uv_size": [4, 6]},
								"south": {"uv": [12, 20], "uv_size": [4, 6]},
								"west": {"uv": [8, 20], "uv_size": [4, 6]},
								"up": {"uv": [4, 16], "uv_size": [4, 4]},
								"down": {"uv": [4, 26], "uv_size": [4, -1]}
							}
						},
						{
							"origin": [-4, 0, -2],
							"size": [4, 6, 4],
							"inflate": 0.1,
							"uv": {
								"north": {"uv": [4, 26], "uv_size": [4, 6]},
								"east": {"uv": [0, 26], "uv_size": [4, 6]},
								"south": {"uv": [12, 26], "uv_size": [4, 6]},
								"west": {"uv": [8, 26], "uv_size": [4, 6]},
								"up": {"uv": [4, 26], "uv_size": [4, 1]},
								"down": {"uv": [8, 20], "uv_size": [4, -4]}
							}
						}
					]
				},
				{
					"name": "leftleg",
					"parent": "root",
					"pivot": [1.9, 12, 0],
					"cubes": [
						{
							"origin": [0, 6, -2],
							"size": [4, 6, 4],
							"inflate": 0.1,
							"uv": {
								"north": {"uv": [20, 52], "uv_size": [4, 6]},
								"east": {"uv": [16, 52], "uv_size": [4, 6]},
								"south": {"uv": [28, 52], "uv_size": [4, 6]},
								"west": {"uv": [24, 52], "uv_size": [4, 6]},
								"up": {"uv": [20, 48], "uv_size": [4, 4]},
								"down": {"uv": [20, 58], "uv_size": [4, -1]}
							}
						},
						{
							"origin": [0, 0, -2],
							"size": [4, 6, 4],
							"inflate": 0.1,
							"uv": {
								"north": {"uv": [20, 58], "uv_size": [4, 6]},
								"east": {"uv": [16, 58], "uv_size": [4, 6]},
								"south": {"uv": [28, 58], "uv_size": [4, 6]},
								"west": {"uv": [24, 58], "uv_size": [4, 6]},
								"up": {"uv": [20, 58], "uv_size": [4, 1]},
								"down": {"uv": [24, 52], "uv_size": [4, -4]}
							}
						}
					]
				}
			]
		}
	]
}