{
	"format_version": "1.12.0",
	"minecraft:geometry": [
		{
			"description": {
				"identifier": "geometry.katana_stain",
				"texture_width": 32,
				"texture_height": 32,
				"visible_bounds_width": 6,
				"visible_bounds_height": 5,
				"visible_bounds_offset": [0, 1.5, 0]
			},
			"bones": [
				{
					"name": "root",
					"pivot": [0, 0, 0]
				},
				{
					"name": "waist",
					"parent": "root",
					"pivot": [0, 12, 0]
				},
				{
					"name": "body",
					"parent": "waist",
					"pivot": [0, 24, 0]
				},
				{
					"name": "rightArm",
					"parent": "body",
					"pivot": [-5, 22, 0]
				},
				{
					"name": "bone",
					"parent": "rightArm",
					"pivot": [0, 0, 0],
					"cubes": [
						{
							"origin": [-6.75, 12, -5.5],
							"size": [1.5, 2.5, 10],
							"uv": {
								"north": {"uv": [2, 12], "uv_size": [2, 3]},
								"east": {"uv": [0, 6], "uv_size": [10, 3]},
								"south": {"uv": [4, 12], "uv_size": [2, 3]},
								"west": {"uv": [0, 9], "uv_size": [10, 3]},
								"up": {"uv": [10, 6], "uv_size": [2, 10]},
								"down": {"uv": [0, 22], "uv_size": [2, -10]}
							}
						},
						{
							"origin": [-6, 11.5, -32.25],
							"size": [0, 3, 27],
							"uv": {
								"north": {"uv": [0, 0], "uv_size": [0, 3]},
								"east": {"uv": [0, 0], "uv_size": [27, 3]},
								"south": {"uv": [0, 0], "uv_size": [0, 3]},
								"west": {"uv": [0, 3], "uv_size": [20, 3]},
								"up": {"uv": [0, 0], "uv_size": [0, 20]},
								"down": {"uv": [0, 20], "uv_size": [0, -20]}
							}
						}
					]
				}
			]
		}
	]
}