{
	"format_version": "1.12.0",
	"minecraft:geometry": [
		{
			"description": {
				"identifier": "geometry.lemillion_suit",
				"texture_width": 64,
				"texture_height": 64,
				"visible_bounds_width": 3,
				"visible_bounds_height": 4.5,
				"visible_bounds_offset": [0, 0.75, 0]
			},
			"bones": [
				{
					"name": "root",
					"pivot": [0, 0, 0]
				},
				{
					"name": "waist",
					"parent": "root",
					"pivot": [0, 12, 0]
				},
				{
					"name": "body",
					"parent": "waist",
					"pivot": [0, 24, 0],
					"cubes": [
						{
							"origin": [-4, 12, -2],
							"size": [8, 12, 4],
							"inflate": 0.1,
							"uv": {
								"north": {"uv": [20, 20], "uv_size": [8, 12]},
								"east": {"uv": [16, 20], "uv_size": [4, 12]},
								"south": {"uv": [32, 20], "uv_size": [8, 12]},
								"west": {"uv": [28, 20], "uv_size": [4, 12]},
								"up": {"uv": [20, 16], "uv_size": [8, 4]},
								"down": {"uv": [20, 20], "uv_size": [8, -4]}
							}
						},
						{
							"origin": [-4, 12, -2],
							"size": [8, 12, 4],
							"inflate": 0.15,
							"uv": {
								"north": {"uv": [20, 36], "uv_size": [8, 12]},
								"east": {"uv": [60, 0], "uv_size": [4, 12]},
								"south": {"uv": [56, 0], "uv_size": [8, 12]},
								"west": {"uv": [60, 0], "uv_size": [4, 12]},
								"up": {"uv": [20, 32], "uv_size": [8, 4]},
								"down": {"uv": [56, 4], "uv_size": [8, -4]}
							}
						},
						{
							"origin": [-4.25, 11.75, -2.25],
							"size": [8.5, 1.5, 4.5],
							"inflate": 0.05,
							"uv": {
								"north": {"uv": [2, 37], "uv_size": [6, 1]},
								"east": {"uv": [0, 37], "uv_size": [2, 1]},
								"south": {"uv": [10, 37], "uv_size": [6, 1]},
								"west": {"uv": [8, 37], "uv_size": [2, 1]},
								"up": {"uv": [2, 36], "uv_size": [6, 1]},
								"down": {"uv": [8, 37], "uv_size": [6, -1]}
							}
						}
					]
				},
				{
					"name": "suit_cape",
					"parent": "body",
					"pivot": [0, 24, 2]
				},
				{
					"name": "suit_cape2",
					"parent": "suit_cape",
					"pivot": [0, 24, 2],
					"rotation": [7.5, 0, 0],
					"cubes": [
						{
							"origin": [-5, 11.9839, 2.23781],
							"size": [10, 12, 0],
							"inflate": 0.15,
							"uv": {
								"north": {"uv": [56, 0], "uv_size": [8, 12]},
								"east": {"uv": [60, 0], "uv_size": [4, 12]},
								"south": {"uv": [32, 34], "uv_size": [8, 13]},
								"west": {"uv": [60, 0], "uv_size": [4, 12]},
								"up": {"uv": [32, 34], "uv_size": [8, 4]},
								"down": {"uv": [56, 4], "uv_size": [8, -4]}
							}
						},
						{
							"origin": [-5, 1.4839, 2.23781],
							"size": [10, 12, 0],
							"inflate": 0.15,
							"uv": {
								"north": {"uv": [56, 0], "uv_size": [8, 12]},
								"east": {"uv": [60, 0], "uv_size": [4, 12]},
								"south": {"uv": [32, 34], "uv_size": [8, 13]},
								"west": {"uv": [60, 0], "uv_size": [4, 12]},
								"up": {"uv": [56, 0], "uv_size": [8, 4]},
								"down": {"uv": [56, 4], "uv_size": [8, -4]}
							}
						}
					]
				},
				{
					"name": "rightArm",
					"parent": "body",
					"pivot": [-5, 22, 0],
					"cubes": [
						{
							"origin": [-8, 18, -2],
							"size": [4, 6, 4],
							"inflate": 0.1,
							"uv": {
								"north": {"uv": [44, 20], "uv_size": [4, 6]},
								"east": {"uv": [40, 20], "uv_size": [4, 6]},
								"south": {"uv": [52, 20], "uv_size": [4, 6]},
								"west": {"uv": [48, 20], "uv_size": [4, 6]},
								"up": {"uv": [44, 16], "uv_size": [4, 4]},
								"down": {"uv": [44, 26], "uv_size": [4, -1]}
							}
						},
						{
							"origin": [-8, 12, -2],
							"size": [4, 6, 4],
							"inflate": 0.1,
							"uv": {
								"north": {"uv": [44, 26], "uv_size": [4, 6]},
								"east": {"uv": [40, 26], "uv_size": [4, 6]},
								"south": {"uv": [52, 26], "uv_size": [4, 6]},
								"west": {"uv": [48, 26], "uv_size": [4, 6]},
								"up": {"uv": [44, 26], "uv_size": [4, 1]},
								"down": {"uv": [48, 20], "uv_size": [4, -4]}
							}
						}
					]
				},
				{
					"name": "leftArm",
					"parent": "body",
					"pivot": [5, 22, 0],
					"cubes": [
						{
							"origin": [4, 18, -2],
							"size": [4, 6, 4],
							"inflate": 0.1,
							"uv": {
								"north": {"uv": [36, 52], "uv_size": [4, 6]},
								"east": {"uv": [32, 52], "uv_size": [4, 6]},
								"south": {"uv": [44, 52], "uv_size": [4, 6]},
								"west": {"uv": [40, 52], "uv_size": [4, 6]},
								"up": {"uv": [36, 48], "uv_size": [4, 4]},
								"down": {"uv": [36, 58], "uv_size": [4, -1]}
							}
						},
						{
							"origin": [4, 12, -2],
							"size": [4, 6, 4],
							"inflate": 0.1,
							"uv": {
								"north": {"uv": [36, 58], "uv_size": [4, 6]},
								"east": {"uv": [32, 58], "uv_size": [4, 6]},
								"south": {"uv": [44, 58], "uv_size": [4, 6]},
								"west": {"uv": [40, 58], "uv_size": [4, 6]},
								"up": {"uv": [36, 58], "uv_size": [4, 1]},
								"down": {"uv": [40, 52], "uv_size": [4, -4]}
							}
						}
					]
				},
				{
					"name": "rightleg",
					"parent": "root",
					"pivot": [-1.9, 12, 0],
					"cubes": [
						{
							"origin": [-4, 6, -2],
							"size": [4, 6, 4],
							"inflate": 0.1,
							"uv": {
								"north": {"uv": [4, 20], "uv_size": [4, 6]},
								"east": {"uv": [0, 20], "uv_size": [4, 6]},
								"south": {"uv": [12, 20], "uv_size": [4, 6]},
								"west": {"uv": [8, 20], "uv_size": [4, 6]},
								"up": {"uv": [4, 16], "uv_size": [4, 4]},
								"down": {"uv": [4, 26], "uv_size": [4, -1]}
							}
						},
						{
							"origin": [-3, 6, -2.5],
							"size": [2, 2, 0.5],
							"inflate": 0.1,
							"uv": {
								"north": {"uv": [8, 48], "uv_size": [-4, 4]},
								"east": {"uv": [12, 48], "uv_size": [-4, 4]},
								"south": {"uv": [16, 48], "uv_size": [-4, 4]},
								"west": {"uv": [4, 48], "uv_size": [-4, 4]},
								"up": {"uv": [8, 44], "uv_size": [-4, 4]},
								"down": {"uv": [12, 48], "uv_size": [-4, -4]}
							}
						},
						{
							"origin": [-4, 6, -2.25],
							"size": [4, 1, 4.5],
							"inflate": 0.1,
							"uv": {
								"north": {"uv": [8, 48], "uv_size": [-4, 4]},
								"east": {"uv": [12, 48], "uv_size": [-4, 4]},
								"south": {"uv": [16, 48], "uv_size": [-4, 4]},
								"west": {"uv": [4, 48], "uv_size": [-4, 4]},
								"up": {"uv": [8, 44], "uv_size": [-4, 4]},
								"down": {"uv": [12, 48], "uv_size": [-4, -4]}
							}
						},
						{
							"origin": [-4.25, 6, -2],
							"size": [4.5, 1, 4],
							"inflate": 0.1,
							"uv": {
								"north": {"uv": [8, 48], "uv_size": [-4, 4]},
								"east": {"uv": [12, 48], "uv_size": [-4, 4]},
								"south": {"uv": [16, 48], "uv_size": [-4, 4]},
								"west": {"uv": [4, 48], "uv_size": [-4, 4]},
								"up": {"uv": [8, 44], "uv_size": [-4, 4]},
								"down": {"uv": [12, 48], "uv_size": [-4, -4]}
							}
						},
						{
							"origin": [-4, 0, -2],
							"size": [4, 6, 4],
							"inflate": 0.1,
							"uv": {
								"north": {"uv": [4, 26], "uv_size": [4, 6]},
								"east": {"uv": [0, 26], "uv_size": [4, 6]},
								"south": {"uv": [12, 26], "uv_size": [4, 6]},
								"west": {"uv": [8, 26], "uv_size": [4, 6]},
								"up": {"uv": [4, 26], "uv_size": [4, 1]},
								"down": {"uv": [8, 20], "uv_size": [4, -4]}
							}
						},
						{
							"origin": [-4, 5, -2.25],
							"size": [4, 1, 4.5],
							"inflate": 0.1,
							"uv": {
								"north": {"uv": [8, 48], "uv_size": [-4, 4]},
								"east": {"uv": [12, 48], "uv_size": [-4, 4]},
								"south": {"uv": [16, 48], "uv_size": [-4, 4]},
								"west": {"uv": [4, 48], "uv_size": [-4, 4]},
								"up": {"uv": [8, 44], "uv_size": [-4, 4]},
								"down": {"uv": [12, 48], "uv_size": [-4, -4]}
							}
						},
						{
							"origin": [-4, 0, -4],
							"size": [4, 2, 2],
							"inflate": 0.1,
							"uv": {
								"north": {"uv": [8, 56], "uv_size": [-4, 2]},
								"east": {"uv": [12, 56], "uv_size": [-4, 2]},
								"south": {"uv": [16, 56], "uv_size": [-4, 2]},
								"west": {"uv": [4, 56], "uv_size": [-4, 2]},
								"up": {"uv": [8, 54], "uv_size": [-4, 2]},
								"down": {"uv": [12, 56], "uv_size": [-4, -2]}
							}
						},
						{
							"origin": [-4.25, 5, -2],
							"size": [4.5, 1, 4],
							"inflate": 0.1,
							"uv": {
								"north": {"uv": [8, 48], "uv_size": [-4, 4]},
								"east": {"uv": [12, 48], "uv_size": [-4, 4]},
								"south": {"uv": [16, 48], "uv_size": [-4, 4]},
								"west": {"uv": [4, 48], "uv_size": [-4, 4]},
								"up": {"uv": [8, 44], "uv_size": [-4, 4]},
								"down": {"uv": [12, 48], "uv_size": [-4, -4]}
							}
						}
					]
				},
				{
					"name": "leftleg",
					"parent": "root",
					"pivot": [1.9, 12, 0],
					"cubes": [
						{
							"origin": [0, 6, -2],
							"size": [4, 6, 4],
							"inflate": 0.1,
							"uv": {
								"north": {"uv": [20, 52], "uv_size": [4, 6]},
								"east": {"uv": [16, 52], "uv_size": [4, 6]},
								"south": {"uv": [28, 52], "uv_size": [4, 6]},
								"west": {"uv": [24, 52], "uv_size": [4, 6]},
								"up": {"uv": [20, 48], "uv_size": [4, 4]},
								"down": {"uv": [20, 58], "uv_size": [4, -1]}
							}
						},
						{
							"origin": [1, 6, -2.5],
							"size": [2, 2, 0.5],
							"inflate": 0.1,
							"uv": {
								"north": {"uv": [4, 48], "uv_size": [4, 4]},
								"east": {"uv": [0, 48], "uv_size": [4, 4]},
								"south": {"uv": [12, 48], "uv_size": [4, 4]},
								"west": {"uv": [8, 48], "uv_size": [4, 4]},
								"up": {"uv": [4, 44], "uv_size": [4, 4]},
								"down": {"uv": [8, 48], "uv_size": [4, -4]}
							}
						},
						{
							"origin": [0, 6, -2.25],
							"size": [4, 1, 4.5],
							"inflate": 0.1,
							"uv": {
								"north": {"uv": [4, 48], "uv_size": [4, 4]},
								"east": {"uv": [0, 48], "uv_size": [4, 4]},
								"south": {"uv": [12, 48], "uv_size": [4, 4]},
								"west": {"uv": [8, 48], "uv_size": [4, 4]},
								"up": {"uv": [4, 44], "uv_size": [4, 4]},
								"down": {"uv": [8, 48], "uv_size": [4, -4]}
							}
						},
						{
							"origin": [-0.25, 6, -2],
							"size": [4.5, 1, 4],
							"inflate": 0.1,
							"uv": {
								"north": {"uv": [4, 48], "uv_size": [4, 4]},
								"east": {"uv": [0, 48], "uv_size": [4, 4]},
								"south": {"uv": [12, 48], "uv_size": [4, 4]},
								"west": {"uv": [8, 48], "uv_size": [4, 4]},
								"up": {"uv": [4, 44], "uv_size": [4, 4]},
								"down": {"uv": [8, 48], "uv_size": [4, -4]}
							}
						},
						{
							"origin": [0, 0, -4],
							"size": [4, 2, 2],
							"inflate": 0.1,
							"uv": {
								"north": {"uv": [4, 56], "uv_size": [4, 2]},
								"east": {"uv": [0, 56], "uv_size": [4, 2]},
								"south": {"uv": [12, 56], "uv_size": [4, 2]},
								"west": {"uv": [8, 56], "uv_size": [4, 2]},
								"up": {"uv": [4, 54], "uv_size": [4, 2]},
								"down": {"uv": [8, 56], "uv_size": [4, -2]}
							}
						},
						{
							"origin": [-0.25, 5, -2],
							"size": [4.5, 1, 4],
							"inflate": 0.1,
							"uv": {
								"north": {"uv": [4, 48], "uv_size": [4, 4]},
								"east": {"uv": [0, 48], "uv_size": [4, 4]},
								"south": {"uv": [12, 48], "uv_size": [4, 4]},
								"west": {"uv": [8, 48], "uv_size": [4, 4]},
								"up": {"uv": [4, 44], "uv_size": [4, 4]},
								"down": {"uv": [8, 48], "uv_size": [4, -4]}
							}
						},
						{
							"origin": [0, 5, -2.25],
							"size": [4, 1, 4.5],
							"inflate": 0.1,
							"uv": {
								"north": {"uv": [4, 48], "uv_size": [4, 4]},
								"east": {"uv": [0, 48], "uv_size": [4, 4]},
								"south": {"uv": [12, 48], "uv_size": [4, 4]},
								"west": {"uv": [8, 48], "uv_size": [4, 4]},
								"up": {"uv": [4, 44], "uv_size": [4, 4]},
								"down": {"uv": [8, 48], "uv_size": [4, -4]}
							}
						},
						{
							"origin": [0, 0, -2],
							"size": [4, 6, 4],
							"inflate": 0.1,
							"uv": {
								"north": {"uv": [20, 58], "uv_size": [4, 6]},
								"east": {"uv": [16, 58], "uv_size": [4, 6]},
								"south": {"uv": [28, 58], "uv_size": [4, 6]},
								"west": {"uv": [24, 58], "uv_size": [4, 6]},
								"up": {"uv": [20, 58], "uv_size": [4, 1]},
								"down": {"uv": [24, 52], "uv_size": [4, -4]}
							}
						}
					]
				}
			]
		}
	]
}