{
	"format_version": "1.12.0",
	"minecraft:geometry": [
		{
			"description": {
				"identifier": "geometry.rabbit_quirk",
				"texture_width": 16,
				"texture_height": 16,
				"visible_bounds_width": 3,
				"visible_bounds_height": 5.5,
				"visible_bounds_offset": [0, 1.25, 0]
			},
			"bones": [
				{
					"name": "root",
					"pivot": [0, 0, 0]
				},
				{
					"name": "waist",
					"parent": "root",
					"pivot": [0, 12, 0]
				},
				{
					"name": "body",
					"parent": "waist",
					"pivot": [0, 24, 0],
					"cubes": [
						{"origin": [-2, 11.5, 1.5], "size": [4, 4, 4], "uv": [0, 0]}
				    ]
				},
				{
					"name": "head",
					"parent": "body",
					"pivot": [0, 24, 0]
				},
				{
					"name": "rightEar",
					"parent": "head",
					"pivot": [-2.75, 32, 0],
					"cubes": [
						{"origin": [-4, 32, -1], "size": [2.5, 4.5, 1], "uv": [6, 8]}
					]
				},
				{
					"name": "rightPartEar",
					"parent": "rightEar",
					"pivot": [-2.75, 36.5, 0],
					"cubes": [
						{"origin": [-4, 36.5, -1], "size": [2.5, 4.5, 1], "uv": [0, 8]}
					]
				},
				{
					"name": "leftEar",
					"parent": "head",
					"pivot": [2.75, 32, 0],
					"cubes": [
						{"origin": [1.5, 32, -1], "size": [2.5, 4.5, 1], "uv": [6, 8]}
					]
				},
				{
					"name": "leftPartEar",
					"parent": "leftEar",
					"pivot": [2.75, 36.5, 0],
					"cubes": [
						{"origin": [1.5, 36.5, -1], "size": [2.5, 4.5, 1], "uv": [0, 8]}
					]
				}
			]
		}
	]
}