{
	"format_version": "1.12.0",
	"minecraft:geometry": [
		{
			"description": {
				"identifier": "geometry.tsukuyomi_suit",
				"texture_width": 64,
				"texture_height": 64,
				"visible_bounds_width": 3,
				"visible_bounds_height": 4.5,
				"visible_bounds_offset": [0, 0.75, 0]
			},
			"bones": [
				{
					"name": "root",
					"pivot": [0, 0, 0]
				},
				{
					"name": "waist",
					"parent": "root",
					"pivot": [0, 12, 0]
				},
				{
					"name": "body",
					"parent": "waist",
					"pivot": [0, 24, 0],
					"cubes": [
						{
							"origin": [-4, 2, 0],
							"size": [8, 17.5, 3.5],
							"uv": {
								"north": {"uv": [52, 0], "uv_size": [12, 16]},
								"east": {"uv": [0, 0], "uv_size": [0, 0]},
								"south": {"uv": [52, 0], "uv_size": [12, 16]},
								"west": {"uv": [0, 0], "uv_size": [0, 0]},
								"up": {"uv": [52, 0], "uv_size": [12, 6]},
								"down": {"uv": [0, 0], "uv_size": [0, 0]}
							}
						},
						{
							"origin": [-4, 2, -2.5],
							"size": [8, 22.5, 5.5],
							"uv": {
								"north": {"uv": [52, 0], "uv_size": [12, 16]},
								"east": {"uv": [0, 0], "uv_size": [0, 0]},
								"south": {"uv": [52, 0], "uv_size": [12, 16]},
								"west": {"uv": [0, 0], "uv_size": [0, 0]},
								"up": {"uv": [52, 0], "uv_size": [12, 6]},
								"down": {"uv": [0, 0], "uv_size": [0, 0]}
							}
						},
						{
							"origin": [4, 2, -2.5],
							"size": [4.5, 22.5, 5.5],
							"uv": {
								"north": {"uv": [58, 0], "uv_size": [-6, 16]},
								"east": {"uv": [0, 0], "uv_size": [0, 0]},
								"south": {"uv": [58, 0], "uv_size": [-6, 16]},
								"west": {"uv": [58, 0], "uv_size": [-6, 16]},
								"up": {"uv": [64, 0], "uv_size": [-12, 4]},
								"down": {"uv": [0, 0], "uv_size": [0, 0]}
							}
						},
						{
							"origin": [4, 2, 0],
							"size": [4.5, 17.5, 3.5],
							"inflate": -0.01,
							"uv": {
								"north": {"uv": [58, 0], "uv_size": [-6, 16]},
								"east": {"uv": [0, 0], "uv_size": [0, 0]},
								"south": {"uv": [58, 0], "uv_size": [-6, 16]},
								"west": {"uv": [58, 0], "uv_size": [-6, 16]},
								"up": {"uv": [64, 0], "uv_size": [-12, 4]},
								"down": {"uv": [0, 0], "uv_size": [0, 0]}
							}
						},
						{
							"origin": [-8.5, 2, -2.5],
							"size": [4.5, 22.5, 5.5],
							"uv": {
								"north": {"uv": [52, 0], "uv_size": [6, 16]},
								"east": {"uv": [52, 0], "uv_size": [6, 16]},
								"south": {"uv": [52, 0], "uv_size": [6, 16]},
								"west": {"uv": [0, 0], "uv_size": [0, 0]},
								"up": {"uv": [52, 0], "uv_size": [12, 4]},
								"down": {"uv": [0, 0], "uv_size": [0, 0]}
							}
						},
						{
							"origin": [-8.5, 2, 0],
							"size": [4.5, 17.5, 3.5],
							"inflate": -0.01,
							"uv": {
								"north": {"uv": [52, 0], "uv_size": [6, 16]},
								"east": {"uv": [52, 0], "uv_size": [6, 16]},
								"south": {"uv": [52, 0], "uv_size": [6, 16]},
								"west": {"uv": [0, 0], "uv_size": [0, 0]},
								"up": {"uv": [52, 0], "uv_size": [12, 4]},
								"down": {"uv": [0, 0], "uv_size": [0, 0]}
							}
						}
					]
				}
			]
		}
	]
}