{
  "format_version": "1.16.0",
  "minecraft:client_entity": {
    "description": {
      "identifier": "wesl3y:luffy_projetil",
      "materials": {
        "default": "entity_alphatest",
        "charged": "charged_creeper"
      },
      "textures": {
        "default": "textures/one_piece/luffy_gear5.kaminari"
      },
      "geometry": {
        "default": "geometry.luffy_gear5_2"
      },
      "scripts": {
        "animate": [
          "look"
        ]
      },
      "animations": {
        "look": "animation.projetil.look"
      },
      "render_controllers": [
        "controller.render.luffy_projetil"
      ],
      "enable_attachables": false
    }
  }
}