{
  "format_version": "1.8.0",
  "render_controllers": {
    "controller.render.fruit_frame": {
      "arrays": {
        "textures": {
          "Array.ff": [
            "Texture.default",
            "Texture.a2",
            "Texture.a3",
            "Texture.a4",
            "Texture.a5",
            "Texture.a6",
            "Texture.a7",
            "Texture.a8"
          ]
        }
      },
      "rebuild_animation_matrices": true,
      "geometry": "Geometry.default",
      "materials": [
        {
          "*": "Material.default"
        }
      ],
      "textures": [
        "Array.ff[(query.anim_time * 8)]"
      ]
    }
  }
}