{
    "format_version": "1.16.100",
    "minecraft:item": {
        "description": {
            "category": "category",
            "identifier": "stk:vdemon"
        },
        "components": {
            "minecraft:render_offsets": {
                "main_hand": {
                    "first_person": {
                        "scale": [0.000,0.000,0.000]
                    },
                    "third_person": {
                        "scale": [0.00,0.00,0.00]
                    }
                }
            },
            "minecraft:max_stack_size": 1,
            "minecraft:damageable": {
                "max_damage": 10000000,
                "damage_chance": {
                    "min": 10000000,
                    "max": 10000000
                },
                "repair_items": [
                    "minecraft:diamond",
                    "minecraft:diamond"
                ]
            },
            "minecraft:icon": {
                "texture": "vdemon"
            },
            "minecraft:display_name": {
                "value": "§eVenom Demon"
            },
            "minecraft:armor": {
                "protection": 7
            },
            "minecraft:on_use": {
                "on_use": {
                    "event": "super"
                }
            }
        },
        "events": {
            "super": {
                "run_command": {
                    "command": [
                        "execute @s[scores={fury_meter=1000..}] ~~~ ride @s summon_ride dekuh:venom",
                        "execute @s[scores={fury_meter=1000..}] ~~~ function vdemon",
                        "execute @s[scores={fury_meter=0..999}] ~~~ say you don't have suficient Fury Meter"
                    ]
                }
            }
        }
    }
}











