{
  "format_version": "1.10.0",
  "animations": {
    "animation.dash_motion": {
      "loop": false,
      "timeline": {
        "0.0": [
          "@s anim.no"
        ],
        "0.2": [
          "/execute as @s run playsound sweep @a[r=15]",
          "/camerashake add @s 0.2 0.16 positional",
          "/playanimation @s animation.playerr.dash",
          "/tag @s add dash"
        ],
        "0.5": [
          "@s anim"
        ]
      },
      "animation_length": 3
    },
    "animation.player.delay_dash": {
      "loop": false,
      "animation_length": 0.1
    }
  }
}