{
  "format_version": "1.19.50",
  "animations": {
      "animation.fusion": {
      "loop": false,
      "animation_length": 5.0,
      "timeline": {
        "0.0": [
            "/clear @s stk:fusion",
         "/execute as @a[r=3] at @s run tp @s ~~~",
         "/playsound dance_fusion @a[r=20]",
         
         "/tag @s add fusi1",
         "/tag @p[r=3,tag=!fusi1] add fusi2",
         "/event entity @s anim.no",
         "/event entity @p[tag=fusi2] anim.no",
         "/tp @p[tag=fusi2] @s",
         "/inputpermission set @s movement disabled",
         "/inputpermission set @p[tag=fusi2] movement disabled",
         "/playanimation @s animation.fusion.dance_1",
         "/playanimation @p[tag=fusi2] animation.fusion.dance_2"
         ],
         "2.75":[
             "/playanimation @s animation.fusion.spawn",
             "/camera @a[r=20] fade time 0 0.1 0.4 color 255 255 0",
            "/camerashake add @a 0.9 1 positional",
            "@s hair5",
            "/particle stk:fuse",
            "/particle stk:fuse2",
            "/particle stk:fuse3 ~~1.5~",
          "/execute as @s[tag=fusi1] at @s run tag @p[tag=fusi2] add fusion2",
          "/execute as @p[tag=fusion2] at @s run summon stk:fusion",
          "/execute as @p[tag=fusi2] at @s run tag @p[tag=fusi1] add fusion1"
             
        ],
        "0.67":[
            
            "/say Fuuuu!",
            "/execute as @p[tag=fusi2] at @s run say Fuuuu!"
            
            ],
            "2.29":[
            
            "/say São!",
            "/execute as @p[tag=fusi2] at @s run say São!"
            
            ],
            "2.63":[
            
            "/say Ha!",
            "/execute as @p[tag=fusi2] at @s run say Ha!"
            
            ],
        "3.0":[
            
         "/event entity @s anim",
         "/event entity @p[tag=fusi2] anim",
         "/inputpermission set @s movement enabled",
         "/inputpermission set @p[tag=fusi2] movement enabled",
         
         "/tag @s remove fusi1",
         "/tag @p[tag=fusi2] remove fusi2"
            
            ]
      }
    }
  }
}