{
  "format_version": "1.19.50",
  "animations": {
      "animation.kienzan": {
      "loop": false,
      "animation_length": 1.6,
      "timeline": {
        "0.0": [
         
         
         "/event entity @s anim.no",
          "/clear @s stnk:kienzan",
         "/tag @s add in_cut",
          "/tag @s add kienzan",
          "/playanimation @s animation.kienzan"
          
         
         
        
         
        
    
          
        ],
        
        "1.0": [
             
    
"@s kienzan"
         
         
         
        
         
         
         
         ],

        
            "1.38": [
                 "/event entity @s enable_anims",
                
                  "/inputpermission set @s movement enabled",
                  "/scoreboard players remove @s stm 50",
                  "@s skill.no",
                  "/give @s stnk:kienzan",
                  "/tag @s add kienzan",
            "/tag @s remove in_cut",
                  "/event entity @s stun.yes"
        
                
          

         
         
         
        
         
         
         
         ]
      }
    }
  }
}