{
  "format_version": "1.19.50",
  "animations": {
      "animation.kikoho": {
      "loop": false,
      "animation_length": 1.3,
      "timeline": {
        "0.0": [
         
         
         "/event entity @s anim.no",
          "/clear @s stnk:kikoho",
         
          "/tag @s add kikoho",
         
          "@s iframe.yes",
          "/playanimation @s animation.tien.kikoho"
          
         
         
        
         
        
    
          
        ],
        
        "0.58": [
             
    
"@s kikoho",
"@s stun.yes"
         
         
         
        
         
         
         
         ],

        
            "1.0": [
                 "/event entity @s enable_anims",
                
                  "/inputpermission set @s movement enabled",
                  "/scoreboard players remove @s stm 50",
                  "@s skill.no",
                  "/give @s stnk:kikoho",
                  "/tag @s add kikoho",
            
                  "/event entity @s stun.yes"
        
                
          

         
         
         
        
         
         
         
         ]
      }
    }
  }
}