{
  "format_version": "1.19.50",
  "animations": {
      "animation.masenko": {
      "loop": false,
      "animation_length": 6.5,
      "timeline": {
        "0.0": [
         
         
         "/event entity @s anim.no",
          "/inputpermission set @s movement disabled",
          "/tag @s add stop",
          "/tag @s add in_cut",
          "/clear @s stk:masenko",
         
          
         
          
          "/playanimation @s animation.gohan.masenko"
         
          
         
         
        
         
        
    
          
        ],
        "2.88":[
            
            "/camerashake add @s 1 1.75 positional",
            "/tag @s add kame",
"/camera @s fade time 0 1 1 color 255 255 0"
            
            
            ],
            "5.25":[
                
                
                "/tag @s remove kame"
                
                
                ],

        
            "6.16": [
                 "/event entity @s enable_anims",
                 "/tag @s remove masenko",
                  "/inputpermission set @s movement enabled",
                  "/scoreboard players remove @s stm 50",
                  "/tag @s remove stop",
                  "@s skill.no",
                  "/give @s stk:masenko",
            "/tag @s remove in_cut",
                  "/event entity @s stun.yes"
        
                
          

         
         
         
        
         
         
         
         ]
      }
    }
  }
}