{
  "format_version": "1.19.50",
  "animations": {
      "animation.nkikoho": {
      "loop": false,
      "animation_length": 1.3,
      "timeline": {
        "0.0": [
         
         
         "/event entity @s anim.no",
          "/clear @s stnk:nkikoho",
         
          "/tag @s add nkikoho",
         
        
          "/playanimation @s animation.tien.kikoho"
          
         
         
        
         
        
    
          
        ],
        
        "0.58": [
             
    
"@s nkikoho",
"@s stun.yes",
"/damage @s[scores={level=0..49}] 7",
"/damage @s[scores={level=50..99}] 15",
"/damage @s[scores={level=100..149}] 27",
"/damage @s[scores={level=150..}] 30"
         
         
         
        
         
         
         
         ],

        
            "1.0": [
                 "/event entity @s enable_anims",
                
                  "/inputpermission set @s movement enabled",
                  "/scoreboard players remove @s stm 50",
                  "@s skill.no",
                  "/give @s stnk:nkikoho",
                  "/tag @s add nkikoho",
            
                  "/event entity @s stun.yes"
        
                
          

         
         
         
        
         
         
         
         ]
      }
    }
  }
}