{
  "format_version": "1.19.50",
  "animations": {
      "animation.ssjt": {
      "loop": false,
      "animation_length": 5,
      "timeline": {
        "0.0": [
         
         
         "/event entity @s disable_anims",
          "/inputpermission set @s movement disabled",
          "/playanimation @s animation.ssj1.transform",
          "/tp @s @s",
          "/scoreboard players set @s[scores={fury=0..9}] fury 10",
          "/particle stk:ssjt",
           "@s iframe.yes",
           "@s anim.no"
         
        ],
        "3.08": [

    
         "/camera @a[r=20] fade time 0 1 1 color 255 255 0",
         "/camera @s set minecraft:free ease 0.4 linear pos ^^1.7^1 rot ~ ~180",
         "/camerashake add @a 0.8 3 positional",
         "/particle stk:dust",
         "/particle stk:fuse",
         "/particle stk:aurassj",
         "/particle stk:aurassj2",
         "/function ssj",
         "@s ssj1",
         "/scoreboard players set @s[scores={fury=0..9}] fury 10"
        
         
         ],
            "4.4583": [
                 "/event entity @s enable_anims",
                  "/inputpermission set @s movement enabled",
                  "/function ssj",
                  "@s stun.yes",
                  "@s anim",
                  "/camera @s clear",
                  "/scoreboard players set @s[scores={fury=0..9}] fury 0"
        
                
          
        
        ]
      }
    }
  }
}    