{
	"format_version": "1.10.0",
	"particle_effect": {
		"description": {
			"identifier": "stk:aurasayajinverde",
			"basic_render_parameters": {
				"material": "particles_add",
				"texture": "textures/particle/aurassj"
			}
		},
		"curves": {
			"": {
				"type": "linear",
				"input": "v.particle_age",
				"horizontal_range": "v.particle_lifetime",
				"nodes": [0, 1, 0]
			}
		},
		"components": {
			"minecraft:emitter_local_space": {
				"position": true,
				"rotation": true,
				"velocity": true
			},
			"minecraft:emitter_rate_instant": {
				"num_particles": 1
			},
			"minecraft:emitter_lifetime_once": {
				"active_time": 20
			},
			"minecraft:emitter_shape_point": {
				"offset": [0, 2, 0]
			},
			"minecraft:particle_lifetime_expression": {
				"max_lifetime": 20
			},
			"minecraft:particle_initial_spin": {
				"rotation": 1
			},
			"minecraft:particle_initial_speed": 0,
			"minecraft:particle_motion_dynamic": {},
			"minecraft:particle_appearance_billboard": {
				"size": [2, 2],
				"facing_camera_mode": "rotate_y",
				"uv": {
					"texture_width": 256,
					"texture_height": 768,
					"flipbook": {
						"base_UV": [0, 0],
						"size_UV": [256, 256],
						"step_UV": [0, 256],
						"frames_per_second": 20,
						"max_frame": 3,
						"loop": true
					}
				}
			},
			"minecraft:particle_appearance_tinting": {
				"color": [0, 1, 0.3451, 1]
			}
		}
	}
}














































































































































































































