{
	"format_version": "1.10.0",
	"particle_effect": {
		"description": {
			"identifier": "stk:clouds",
			"basic_render_parameters": {
				"material": "particles_blend",
				"texture": "textures/particle/particles"
			}
		},
		"components": {
			"minecraft:emitter_rate_steady": {
				"spawn_rate": 50,
				"max_particles": 100
			},
			"minecraft:emitter_lifetime_once": {
				"active_time": 10
			},
			"minecraft:emitter_shape_box": {
				"half_dimensions": [50, 10, 50],
				"direction": "outwards"
			},
			"minecraft:particle_lifetime_expression": {
				"max_lifetime": 1
			},
			"minecraft:particle_initial_speed": 0.1,
			"minecraft:particle_motion_dynamic": {},
			"minecraft:particle_appearance_billboard": {
				"size": [10, 10],
				"facing_camera_mode": "rotate_xyz",
				"uv": {
					"texture_width": 16,
					"texture_height": 16,
					"flipbook": {
						"base_UV": [0, 0],
						"size_UV": [1, 1],
						"step_UV": [1, 0],
						"max_frame": 7,
						"stretch_to_lifetime": true
					}
				}
			},
			"minecraft:particle_appearance_tinting": {
				"color": {
					"interpolant": "v.particle_age / v.particle_lifetime",
					"gradient": {
						"0.56": "#FF273339",
						"1.0": "#000B0B0B"
					}
				}
			}
		}
	}
}