{
	"format_version": "1.10.0",
	"particle_effect": {
		"description": {
			"identifier": "stk:gaexppaint",
			"basic_render_parameters": {
				"material": "particles_blend",
				"texture": "textures/particle/paint"
			}
		},
		"components": {
			"minecraft:emitter_rate_steady": {
				"spawn_rate": 10,
				"max_particles": 100
			},
			"minecraft:emitter_lifetime_looping": {
				"active_time": 1
			},
			"minecraft:emitter_shape_box": {
				"half_dimensions": [50, 50, 50],
				"direction": "outwards"
			},
			"minecraft:particle_lifetime_expression": {
				"max_lifetime": 1
			},
			"minecraft:particle_initial_spin": {
				"rotation": 1,
				"rotation_rate": "math.random(-100,200)"
			},
			"minecraft:particle_initial_speed": 1,
			"minecraft:particle_motion_dynamic": {},
			"minecraft:particle_appearance_billboard": {
				"size": ["2-(2*v.particle_age)", "2-(2*v.particle_age)"],
				"facing_camera_mode": "rotate_xyz",
				"uv": {
					"texture_width": 299,
					"texture_height": 287,
					"uv": [0, 0],
					"uv_size": [299, 287]
				}
			}
		}
	}
}