{
	"format_version": "1.10.0",
	"particle_effect": {
		"description": {
			"identifier": "stk:hakaie2",
			"basic_render_parameters": {
				"material": "particles_blend",
				"texture": "textures/particle/muiwind"
			}
		},
		"components": {
			"minecraft:emitter_rate_steady": {
				"spawn_rate": 1,
				"max_particles": 2
			},
			"minecraft:emitter_lifetime_once": {
				"active_time": 1.1
			},
			"minecraft:emitter_shape_point": {},
			"minecraft:particle_lifetime_expression": {
				"max_lifetime": 1
			},
			"minecraft:particle_initial_spin": {
				"rotation": 1,
				"rotation_rate": "math.random(-1000,1000)"
			},
			"minecraft:particle_initial_speed": 0.1,
			"minecraft:particle_motion_dynamic": {},
			"minecraft:particle_appearance_billboard": {
				"size": ["1+(30*v.particle_age)", "1+(30*v.particle_age)"],
				"facing_camera_mode": "direction_z",
				"uv": {
					"texture_width": 32,
					"texture_height": 32,
					"uv": [0, 0],
					"uv_size": [32, 32]
				}
			},
			"minecraft:particle_appearance_tinting": {
				"color": {
					"interpolant": "v.particle_age / v.particle_lifetime",
					"gradient": {
						"0.0": "#FF000000",
						"0.25": "#FF000000",
						"0.47": "#FF9600FF",
						"0.71": "#FFBD00FF",
						"1.0": "#00000000"
					}
				}
			}
		}
	}
}











