{
	"format_version": "1.10.0",
	"particle_effect": {
		"description": {
			"identifier": "stk:kaminariexplo",
			"basic_render_parameters": {
				"material": "particles_add",
				"texture": "textures/particle/particles"
			}
		},
		"components": {
			"minecraft:emitter_rate_steady": {
				"spawn_rate": 4,
				"max_particles": 100
			},
			"minecraft:emitter_lifetime_looping": {
				"active_time": 1
			},
			"minecraft:emitter_shape_disc": {
				"radius": 10,
				"direction": "outwards"
			},
			"minecraft:particle_lifetime_expression": {
				"max_lifetime": 1
			},
			"minecraft:particle_initial_speed": 0.1,
			"minecraft:particle_motion_dynamic": {},
			"minecraft:particle_appearance_billboard": {
				"size": [2, 20],
				"facing_camera_mode": "lookat_y",
				"uv": {
					"texture_width": 16,
					"texture_height": 16,
					"flipbook": {
						"base_UV": [0, 10],
						"size_UV": [1, 1],
						"step_UV": [1, 0],
						"frames_per_second": 12,
						"max_frame": 16,
						"loop": true
					}
				}
			},
			"minecraft:particle_appearance_tinting": {
				"color": {
					"interpolant": "v.particle_age / v.particle_lifetime",
					"gradient": {
						"0.0": "#FFFFFFFF",
						"0.29": "#FF00BCFF",
						"0.61": "#FF0058FF",
						"1.0": "#004100FF"
					}
				}
			}
		}
	}
}