{
	"format_version": "1.10.0",
	"particle_effect": {
		"description": {
			"identifier": "stk:kaminari",
			"basic_render_parameters": {
				"material": "particles_add",
				"texture": "textures/particle/lightning"
			}
		},
		"components": {
			"minecraft:emitter_rate_steady": {
				"spawn_rate": 4,
				"max_particles": 100
			},
			"minecraft:emitter_lifetime_once": {
				"active_time": 5
			},
			"minecraft:emitter_shape_point": {},
			"minecraft:particle_lifetime_expression": {
				"max_lifetime": 1
			},
			"minecraft:particle_initial_speed": 0.1,
			"minecraft:particle_motion_dynamic": {},
			"minecraft:particle_appearance_billboard": {
				"size": [1, 3],
				"facing_camera_mode": "direction_z",
				"uv": {
					"texture_width": 300,
					"texture_height": 100,
					"flipbook": {
						"base_UV": [0, 0],
						"size_UV": [100, 100],
						"step_UV": [100, 0],
						"frames_per_second": 12,
						"max_frame": 3,
						"loop": true
					}
				}
			},
			"minecraft:particle_appearance_tinting": {
				"color": {
					"interpolant": "v.particle_age / v.particle_lifetime",
					"gradient": {
						"0.0": "#ffffffff",
						"0.3": "#FF00CBFF",
						"0.5": "#FF0B00FF",
						"1.0": "#00FFFFFF"
					}
				}
			}
		}
	}
}