{
	"format_version": "1.10.0",
	"particle_effect": {
		"description": {
			"identifier": "stk:ofa10",
			"basic_render_parameters": {
				"material": "particles_add",
				"texture": "textures/particle/light"
			}
		},
		"components": {
			"minecraft:emitter_rate_steady": {
				"spawn_rate": 5,
				"max_particles": 100
			},
			"minecraft:emitter_lifetime_once": {
				"active_time": 2
			},
			"minecraft:emitter_shape_sphere": {
				"radius": 2,
				"surface_only": true,
				"direction": "outwards"
			},
			"minecraft:particle_lifetime_expression": {
				"max_lifetime": 1
			},
			"minecraft:particle_initial_speed": 0,
			"minecraft:particle_motion_dynamic": {
				"linear_acceleration": [0, 5, 0]
			},
			"minecraft:particle_appearance_billboard": {
				"size": [0.2, 1],
				"facing_camera_mode": "direction_y",
				"uv": {
					"texture_width": 128,
					"texture_height": 32,
					"flipbook": {
						"base_UV": [0, 0],
						"size_UV": [32, 32],
						"step_UV": [32, 0],
						"max_frame": 4,
						"stretch_to_lifetime": true
					}
				}
			},
			"minecraft:particle_appearance_tinting": {
				"color": {
					"interpolant": "v.particle_age / v.particle_lifetime",
					"gradient": {
						"0.0": "#ffffffff",
						"0.5": "#FFA0FFE8",
						"0.88": "#FF8ED1FF"
					}
				}
			}
		}
	}
}