{
	"format_version": "1.10.0",
	"particle_effect": {
		"description": {
			"identifier": "stk:redrocwind",
			"basic_render_parameters": {
				"material": "particles_add",
				"texture": "textures/particle/cut"
			}
		},
		"components": {
			"minecraft:emitter_rate_instant": {
				"num_particles": 10
			},
			"minecraft:emitter_lifetime_once": {
				"active_time": 6
			},
			"minecraft:emitter_shape_point": {},
			"minecraft:particle_lifetime_expression": {
				"max_lifetime": 10
			},
			"minecraft:particle_initial_spin": {
				"rotation": 1,
				"rotation_rate": "math.random(-1000,1000)"
			},
			"minecraft:particle_initial_speed": 0.1,
			"minecraft:particle_motion_dynamic": {},
			"minecraft:particle_appearance_billboard": {
				"size": ["1+(10*v.particle_age)", "1+(10*v.particle_age)"],
				"facing_camera_mode": "direction_z",
				"uv": {
					"texture_width": 299,
					"texture_height": 287,
					"uv": [0, 0],
					"uv_size": [299, 287]
				}
			},
			"minecraft:particle_appearance_tinting": {
				"color": {
					"interpolant": "v.particle_age / v.particle_lifetime",
					"gradient": {
						"0.0": "#ffffffff",
						"0.17": "#FFFFB700",
						"0.5": "#FFFF0404",
						"1.0": "#007B0000"
					}
				}
			}
		}
	}
}