{
  "format_version": "1.10.0",
  "render_controllers": {
    "controller.render.black_clover": {
      "arrays": {
        "textures": {
          "Array.frame": [
            "Texture.default",
            "Texture.asta",
            "Texture.asta"
          ]
        },
        "geometries": {
          "Array.geo": [
            "Geometry.default",
            "Geometry.asta",
            "Geometry.asta"
          ]
        }
      },
      "geometry": "Array.geo[query.property('wesl3y:characters')]",
      "materials": [ { "*": "Material.default" } ],
      "textures": [ "Array.frame[query.property('wesl3y:characters')]" ],
      "part_visibility": [
        { "*": "!v.is_first_person" },
        { "rightArm": true },
        { "rightForeArm": true },
        { "leftArm": true },
        { "leftForeArm": true }
      ]
    },
    "controller.render.asta_grimoire": {
      "geometry": "Geometry.asta_grimoire",
      "materials": [ { "*": "Material.default" } ],
      "textures": [ "Texture.asta_grimoire" ]
    },
    "controller.render.asta_swords": {
      "geometry": "Geometry.asta_swords",
      "materials": [ { "*": "Material.default" } ],
      "textures": [ "Texture.asta_swords" ],
      "part_visibility": [
        { "*": "!q.is_riding" },
        { "demon_slayer_fly": false }
      ]
    }
  }
}