{
  "format_version": "1.10.0",
  "render_controllers": {
    "controller.render.boku_no_hero": {
      "arrays": {
        "textures": {
          "Array.frame": [
            "Texture.default",
            "Texture.todoroki"
          ]
        },
        "geometries": {
          "Array.geo": [
            "Geometry.default",
            "Geometry.todoroki"
          ]
        }
      },
      "geometry": "Array.geo[query.property('wesl3y:characters')]",
      "materials": [ { "*": "Material.default" } ],
      "textures": [ "Array.frame[query.property('wesl3y:characters')]" ],
      "part_visibility": [
        { "*": "!v.is_first_person" },
        { "rightArm": true },
        { "rightForeArm": true },
        { "leftArm": true },
        { "leftForeArm": true }
      ]
    }
  }
}