{
  "format_version": "1.10.0",
  "render_controllers": {
    "controller.render.fly_ride": {
      "geometry": "Geometry.default",
      "materials": [ { "*": "Material.default" } ],
      "textures": [ "Texture.default" ],
      "part_visibility": [
        { "*": false },
        { "demon_slayer_fly": "q.variant == 1" }
      ]
    },
    "controller.render.todoroki_projetil": {
      "geometry": "Geometry.default",
      "materials": [ { "*": "Material.default" } ],
      "textures": [ "Texture.default" ],
      "part_visibility": [
        { "*": "q.variant == 1" },
        { "spike": "q.variant == 2" }
      ]
    },
    "controller.render.kuririn_projetil": {
      "geometry": "Geometry.default",
      "materials": [ { "*": "Material.default" }, { "kienzan2": "Material.enderman" }, { "2": "Material.enderman" }, { "4": "Material.enderman" } ],
      "textures": [ "Texture.default" ],
      "part_visibility": [
        { "kienzan": "q.variant == 1" },
        { "kienzan2": "q.variant == 1" },
        { "1": "q.variant == 2" },
        { "2": "q.variant == 2" },
        { "3": "q.variant == 2" },
        { "4": "q.variant == 2" }
      ]
    },
    "controller.render.luffy_projetil": {
      "geometry": "Geometry.default",
      "materials": [ { "*": "Material.default" } ],
      "textures": [ "Texture.default" ],
      "part_visibility": [
        { "*": false },
        { "projetil": true }
      ]
    },
    "controller.render.yamamoto": {
      "geometry": "Geometry.ryujin_jakka",
      "materials": [ { "*": "Material.default" } ],
      "textures": [ "Texture.ryujin_jakka" ],
      "part_visibility": [
        { "yamamoto": "q.has_target" },
        { "yamamoto_shikai": false },
        { "yamamoto_sheath2": "!q.has_target" }
      ]
    },
    "controller.render.hollow": {
      "arrays": {
        "textures": {
          "Array.frame": [
            "Texture.default",
            "Texture.default2"
          ]
        },
        "geometries": {
          "Array.frame2": [
            "Geometry.default",
            "Geometry.default2"
          ]
        }
      },
      "geometry": "Array.frame2[(q.mark_variant)]",
      "materials": [ { "*": "Material.default" } ],
      "textures": ["Array.frame[(q.mark_variant)]"]
    }
  }
}