{
  "format_version": "1.12.0",
  "minecraft:entity": {
    "description": {
      "identifier": "mello:palma_ar",
      "is_spawnable": false,
      "is_summonable": true,
      "is_experimental": false,
      "runtime_identifier": "minecraft:snowball",
	    "scripts": { "animate": [ "data" ] },
	    "animations": { "data": "controller.animation.palma_ar" }
     },
    "component_groups": {
      
      "mello:despawn": {
        "minecraft:transformation": {
          "into": "mello:despawn",
          "delay": 0.0
        }
      },
      "despawning": {
        "minecraft:type_family": {
          "family": [ "despawer","despawer_despawning" ]
        }
      }
    },

    "components": {
      "minecraft:type_family": {
        "family": ["palma_ar"]
      }, 
      "minecraft:collision_box": {
        "width": 0,
        "height": 0
      },
      "minecraft:projectile": {
        "on_hit": {
          "definition_event": {
            "affect_projectile": true,
            "event_trigger": {
              "event": "minecraft:explode",
              "target": "self"
            }
          },
          "impact_damage": {
            "damage": 8,
            "knockback": true,
            "semirandomdiffdamage": false,
            "destroyonhit": false
          }
        },
        "power": 3,
        "gravity": 0,
        "uncertainty_base": 1,
        "uncertainty_multiplier": 0,
        "anchor": 1,
				"should_bounce": true
      },
      "minecraft:timer": {
        "looping": true,
        "time": 1,
        "time_down_event": {
          "event": "mello:despawn",
          "target": "self"
        }
      },
      "minecraft:physics": {},
      "minecraft:pushable": {
        "is_pushable": true,
        "is_pushable_by_piston": true
      },
      "minecraft:despawn": {
        "filters": {
          "all_of": [
            {
              "test": "is_family",
              "subject": "self",
              "value": "despawer_despawning"
            }
          ]
        }
      }
    },
    "events": {
      "mello:despawn": {
        "add": {
          "component_groups": [
            "mello:despawn"
          ]
        }
      },
      "minecraft:start_despawn": {
        "add": {
          "component_groups": [
            "despawning"
          ]
        }
      }
    }
  }
}
