{
  "format_version": "1.13.0",
  "minecraft:entity": {
    "description": {
      "identifier": "mello:pedra_missao_bandido",
      "is_spawnable": true,
      "is_summonable": true,
      "is_experimental": false,
      "scripts": {
      }
    },
    "component_groups": {   
    },
    "components": {
      "minecraft:interact": {
        "interactions": {
          "on_interact": {
            "filters": {
            },
            "event": "minecraft:trans",
            "target": "self"
          },
          "hurt_item": 1,
          "swing": true,
          "play_sounds": "ignite",
          "interact_text": "Iniciar"
        }
      },
      "minecraft:type_family": {
        "family": [ "npc" ]
      },
     
      "minecraft:loot": {
        "table": "loot_tables/urokodaki.json"
      },
      "minecraft:collision_box": {
        "width": 0.6,
        "height": 1.8
      },
      "minecraft:scale": {
      	 "value": 1.0
      },
	"minecraft:health": {
	   "value": 150,
	   "max": 150
	},
      "minecraft:can_climb": {
      },
      "minecraft:movement": {
        "value": 0.4
      },
      "minecraft:attack": {
        "damage": 7
      },
      "minecraft:navigation.walk": {
        "can_path_over_water": true,
        "avoid_damage_blocks": true
      },
      "minecraft:knockback_resistance": {
        "value": 0
      },
      "minecraft:navigation.climb": {
        "can_float": true
      },
      "minecraft:movement.basic": {
     
      },
      "minecraft:jump.static": {
        "value": 1.0
      },
      "minecraft:behavior.float": {
        "priority": 0
      },
      "minecraft:breathable": {
        "totalSupply": 15,
        "suffocateTime": -1,
        "inhaleTime": 3.75,
        "generatesBubbles": false
      },
      "minecraft:nameable": {
      },
      
      "minecraft:behavior.melee_attack": {
        "priority": 3,
        "speed_multiplier": 1,
        "track_target": false
      },
      "minecraft:behavior.random_stroll": {
        "priority": 6,
        "speed_multiplier": 1
      },
      "minecraft:behavior.look_at_player": {
        "priority": 7,
        "look_distance": 6,
        "probability": 0.02
      },
      "minecraft:behavior.random_look_around": {
        "priority": 7
      },
      "minecraft:physics": {
      },
      "minecraft:scaffolding_climber": { },
      "minecraft:behavior.hurt_by_target": {
        "priority": 1
      }   
    },
    "events": {
      "minecraft:trans": {
        "run_command": {
          "command": [
            "give @p mello:missao_bandido"
          ]
        }
      }
    }
  }
}