{
  "format_version": "1.16.0",
  "minecraft:entity": {
    "description": {
      "identifier": "mello:rotacao",
      "is_spawnable": false,
      "is_summonable": true,
      "is_experimental": false
    },
    "component_groups": {
      "mello:despawn": {
        "minecraft:transformation": {
          "into": "mello:despawn",
          "delay": 0.0
        }
      }
    },
    "components": {
      "minecraft:type_family": {
        "family": [
          "inanimate"
        ]
      },
      "minecraft:collision_box": {
        "width": 1.0,
        "height": 1.0
      },
      "minecraft:scale": {
        "value": 1.0
    
      },
      "minecraft:timer": {
        "time": 0.2,
        "looping": true,
        "time_down_event": {
          "event": "mello:despawn"
        }
      },
      "minecraft:behavior.knockback_roar": {
        "priority": 1,
        "duration": 0.1,
        "attack_time": 0.1,
        "knockback_damage": 3,
        "knockback_strength": 10,
        "knockback_range": 5,
        "knockback_filters": {
          "test": "has_tag",
          "subject": "other",
          "operator": "!=",
          "value": "rotacao"
        },
        "damage_filters": {
          "test": "has_tag",
          "subject": "other",
          "operator": "==",
          "value": "sla"
        },
        "on_roar_end": {
          "event": "mello:"
        },
        "cooldown_time": 0.25
      },
      "minecraft:physics": {},
      "minecraft:pushable": {
        "is_pushable": false,
        "is_pushable_by_piston": false
      }
    },
    "events": {
      "mello:command": {},
      "mello:despawn": {
        "add": {
          "component_groups": [
            "mello:despawn"
          ]
        },
        "run_command": {
          "command": [
            ""
          ]
        }
      }
    }
  }
}