{
	"format_version": "1.12.0",
	"minecraft:geometry": [
		{
			"description": {
				"identifier": "geometry.alvida",
				"texture_width": 64,
				"texture_height": 64,
				"visible_bounds_width": 4,
				"visible_bounds_height": 5,
				"visible_bounds_offset": [0, 1.5, 0]
			},
			"bones": [
				{
					"name": "root2",
					"pivot": [0, 0, 0]
				},
				{
					"name": "root",
					"parent": "root2",
					"pivot": [0, 0, 0]
				},
				{
					"name": "tudo",
					"parent": "root",
					"pivot": [0, 12, 0]
				},
				{
					"name": "waist",
					"parent": "tudo",
					"pivot": [0, 12, 0]
				},
				{
					"name": "body",
					"parent": "waist",
					"pivot": [0, 24, 0],
					"cubes": [
						{"origin": [-4, 12, -2], "size": [8, 12, 4], "uv": [16, 16]},
						{"origin": [0, 19, -2.125], "size": [4, 4, 4], "pivot": [2.13333, 22, -1.81333], "rotation": [-7.5, 0, 0], "uv": [16, 17], "mirror": true},
						{"origin": [-4, 19, -2.125], "size": [4, 4, 4], "pivot": [-2.13333, 22, -1.81333], "rotation": [-7.5, 0, 0], "uv": [16, 17]},
						{"origin": [-4, 7.625, -2], "size": [8, 16, 4], "inflate": 0.55, "uv": [16, 32]}
					]
				},
				{
					"name": "head",
					"parent": "body",
					"pivot": [0, 24, 0],
					"cubes": [
						{"origin": [-4, 23.75, -4], "size": [8, 8, 8], "inflate": -0.25, "uv": [0, 0], "mirror": true},
						{"origin": [-4, 26, -4], "size": [8, 8, 8], "inflate": -0.5, "uv": [0, 0], "mirror": true},
						{"origin": [4.1, 27.5, -1.5], "size": [0, 4, 8], "uv": [0, 25], "mirror": true},
						{"origin": [-7, 29.5, -7.5], "size": [14, 0, 15], "pivot": [0, 29.5, -4], "rotation": [-7.5, 0, 0], "uv": [22, 0], "mirror": true}
					]
				},
				{
					"name": "rightArm",
					"parent": "body",
					"pivot": [-5, 22, 0],
					"cubes": [
						{"origin": [-7, 12, -2], "size": [3, 12, 4], "uv": [40, 16]}
					]
				},
				{
					"name": "leftArm",
					"parent": "body",
					"pivot": [5, 22, 0],
					"cubes": [
						{"origin": [4, 12, -2], "size": [3, 12, 4], "uv": [40, 16], "mirror": true}
					]
				},
				{
					"name": "rightLeg",
					"parent": "tudo",
					"pivot": [-2, 12, 0],
					"cubes": [
						{"origin": [-4, 0, -2], "size": [4, 12, 4], "uv": [0, 16]}
					]
				},
				{
					"name": "leftLeg",
					"parent": "tudo",
					"pivot": [2, 12, 0],
					"cubes": [
						{"origin": [0, 0, -2], "size": [4, 12, 4], "uv": [0, 16], "mirror": true}
					]
				}
			]
		}
	]
}