{
	"format_version": "1.12.0",
	"minecraft:geometry": [
		{
			"description": {
				"identifier": "geometry.arlong",
				"texture_width": 64,
				"texture_height": 64,
				"visible_bounds_width": 4,
				"visible_bounds_height": 3.5,
				"visible_bounds_offset": [0, 1.25, 0]
			},
			"bones": [
				{
					"name": "root2",
					"pivot": [0, 0, 0]
				},
				{
					"name": "root",
					"parent": "root2",
					"pivot": [0, 0, 0]
				},
				{
					"name": "tudo",
					"parent": "root",
					"pivot": [0, 12, 0]
				},
				{
					"name": "waist",
					"parent": "tudo",
					"pivot": [0, 12, 0]
				},
				{
					"name": "body",
					"parent": "waist",
					"pivot": [0, 24, 0],
					"cubes": [
						{"origin": [-4, 12, -2], "size": [8, 12, 4], "uv": [16, 16]},
						{"origin": [0, 19, 2], "size": [0, 5, 4], "uv": [25, -3]}
					]
				},
				{
					"name": "head",
					"parent": "body",
					"pivot": [0, 24, 0],
					"cubes": [
						{"origin": [-4, 23.75, -4], "size": [8, 8, 8], "inflate": -0.25, "uv": [0, 0]},
						{"origin": [-4, 23.75, -4], "size": [8, 8, 8], "inflate": -0.2, "uv": [32, 0]},
						{"origin": [-1, 26.75, -10.75], "size": [2, 0, 7], "uv": [-5, 0]}
					],
					"locators": {
						"water_shot": {
							"offset": [0, 25, -4.5],
							"rotation": [-90, 0, 0]
						}
					}
				},
				{
					"name": "rightArm",
					"parent": "body",
					"pivot": [-5, 22, 0],
					"cubes": [
						{"origin": [-8, 12, -2], "size": [4, 12, 4], "uv": [40, 16]}
					]
				},
				{
					"name": "katana",
					"parent": "rightArm",
					"pivot": [-5.625, 13.5, 0]
				},
				{
					"name": "kiribachi",
					"parent": "katana",
					"pivot": [-5.625, 12.75, 0],
					"cubes": [
						{
							"origin": [-5.625, 12, -36],
							"size": [0, 1.5, 24],
							"uv": {
								"north": {"uv": [64, 64], "uv_size": [0, 0]},
								"east": {"uv": [64, 63.75], "uv_size": [0, 0]},
								"south": {"uv": [64, 64], "uv_size": [0, 0]},
								"west": {"uv": [16, 48], "uv_size": [-16, 1]},
								"up": {"uv": [64, 64], "uv_size": [0, 0]},
								"down": {"uv": [64, 64], "uv_size": [0, 0]}
							}
						},
						{
							"origin": [-5.625, 12, -12],
							"size": [0, 1.5, 8.25],
							"uv": {
								"north": {"uv": [64, 64], "uv_size": [0, 0]},
								"east": {"uv": [64, 27], "uv_size": [0, 0]},
								"south": {"uv": [64, 64], "uv_size": [0, 0]},
								"west": {"uv": [7, 48], "uv_size": [-5.5, 1]},
								"up": {"uv": [64, 64], "uv_size": [0, 0]},
								"down": {"uv": [64, 64], "uv_size": [0, 0]}
							}
						},
						{
							"origin": [-5.625, 7.5, -24.75],
							"size": [0, 4.5, 4.5],
							"uv": {
								"north": {"uv": [64, 64], "uv_size": [0, 0]},
								"east": {"uv": [64, 64], "uv_size": [0, 0]},
								"south": {"uv": [64, 64], "uv_size": [0, 0]},
								"west": {"uv": [10.5, 50], "uv_size": [3, 3]},
								"up": {"uv": [64, 64], "uv_size": [0, 0]},
								"down": {"uv": [64, 64], "uv_size": [0, 0]}
							}
						},
						{
							"origin": [-5.625, 7.5, -30],
							"size": [0, 4.5, 4.5],
							"uv": {
								"north": {"uv": [64, 64], "uv_size": [0, 0]},
								"east": {"uv": [64, 64], "uv_size": [0, 0]},
								"south": {"uv": [64, 64], "uv_size": [0, 0]},
								"west": {"uv": [10.5, 50], "uv_size": [3.25, 3]},
								"up": {"uv": [64, 64], "uv_size": [0, 0]},
								"down": {"uv": [64, 64], "uv_size": [0, 0]}
							}
						},
						{
							"origin": [-5.625, 7.5, -35.25],
							"size": [0, 4.5, 4.5],
							"uv": {
								"north": {"uv": [64, 64], "uv_size": [0, 0]},
								"east": {"uv": [64, 64], "uv_size": [0, 0]},
								"south": {"uv": [64, 64], "uv_size": [0, 0]},
								"west": {"uv": [10.5, 50], "uv_size": [3, 3]},
								"up": {"uv": [64, 64], "uv_size": [0, 0]},
								"down": {"uv": [64, 64], "uv_size": [0, 0]}
							}
						},
						{
							"origin": [-5.625, 7.5, -19.5],
							"size": [0, 4.5, 4.5],
							"uv": {
								"north": {"uv": [64, 64], "uv_size": [0, 0]},
								"east": {"uv": [64, 64], "uv_size": [0, 0]},
								"south": {"uv": [64, 64], "uv_size": [0, 0]},
								"west": {"uv": [10.5, 50], "uv_size": [3, 3]},
								"up": {"uv": [64, 64], "uv_size": [0, 0]},
								"down": {"uv": [64, 64], "uv_size": [0, 0]}
							}
						},
						{
							"origin": [-5.625, 7.5, -14.25],
							"size": [0, 4.5, 4.5],
							"uv": {
								"north": {"uv": [64, 64], "uv_size": [0, 0]},
								"east": {"uv": [64, 64], "uv_size": [0, 0]},
								"south": {"uv": [64, 64], "uv_size": [0, 0]},
								"west": {"uv": [10.5, 50], "uv_size": [3, 3]},
								"up": {"uv": [64, 64], "uv_size": [0, 0]},
								"down": {"uv": [64, 64], "uv_size": [0, 0]}
							}
						},
						{
							"origin": [-5.625, 7.5, -9],
							"size": [0, 4.5, 4.5],
							"uv": {
								"north": {"uv": [64, 64], "uv_size": [0, 0]},
								"east": {"uv": [64, 64], "uv_size": [0, 0]},
								"south": {"uv": [64, 64], "uv_size": [0, 0]},
								"west": {"uv": [10.5, 50], "uv_size": [3, 3]},
								"up": {"uv": [64, 64], "uv_size": [0, 0]},
								"down": {"uv": [64, 64], "uv_size": [0, 0]}
							}
						},
						{
							"origin": [-5.875, 11.75, -4],
							"size": [0.5, 2, 0.25],
							"uv": {
								"north": {"uv": [4, 62], "uv_size": [1.5, 1.5]},
								"east": {"uv": [4, 62], "uv_size": [1.5, 1.5]},
								"south": {"uv": [4, 62], "uv_size": [1.5, 1.5]},
								"west": {"uv": [5.5, 62], "uv_size": [-1.5, 1.5]},
								"up": {"uv": [4, 63.5], "uv_size": [1.5, -1.5]},
								"down": {"uv": [4, 62], "uv_size": [1.5, 1.5]}
							}
						},
						{
							"origin": [-6.375, 11.5, -3.75],
							"size": [1.5, 2.5, 0.75],
							"uv": {
								"north": {"uv": [7.5, 62], "uv_size": [1.5, 1.5]},
								"east": {"uv": [7.5, 62], "uv_size": [1.5, 1.5]},
								"south": {"uv": [7.5, 62], "uv_size": [1.5, 1.5]},
								"west": {"uv": [9, 62], "uv_size": [-1.5, 1.5]},
								"up": {"uv": [7.5, 62.25], "uv_size": [1.5, -0.25]},
								"down": {"uv": [7.5, 63.25], "uv_size": [1.5, 0.25]}
							}
						},
						{
							"origin": [-6.375, 11.5, 2.5],
							"size": [1.5, 2.5, 0.75],
							"uv": {
								"north": {"uv": [7.5, 62], "uv_size": [1.5, 1.5]},
								"east": {"uv": [7.5, 62], "uv_size": [1.5, 1.5]},
								"south": {"uv": [7.5, 62], "uv_size": [1.5, 1.5]},
								"west": {"uv": [9, 62], "uv_size": [-1.5, 1.5]},
								"up": {"uv": [7.5, 62.25], "uv_size": [1.5, -0.25]},
								"down": {"uv": [7.5, 63.25], "uv_size": [1.5, 0.25]}
							}
						},
						{
							"origin": [-6.375, 11.5, 2.5],
							"size": [1.5, 2.5, 0.75],
							"uv": {
								"north": {"uv": [29, 57], "uv_size": [8, 6]},
								"east": {"uv": [29, 57], "uv_size": [8, 6]},
								"south": {"uv": [29, 57], "uv_size": [8, 6]},
								"west": {"uv": [37, 57], "uv_size": [-8, 6]},
								"up": {"uv": [29, 57], "uv_size": [8, -2]},
								"down": {"uv": [29, 61], "uv_size": [8, 2]}
							}
						},
						{
							"origin": [-5.625, 10.25, -3],
							"size": [0, 1.5, 5],
							"uv": {
								"north": {"uv": [64, 64], "uv_size": [0, 0]},
								"east": {"uv": [48, 56], "uv_size": [12, 4]},
								"south": {"uv": [64, 64], "uv_size": [0, 0]},
								"west": {"uv": [60, 56], "uv_size": [-12, 4]},
								"up": {"uv": [64, 64], "uv_size": [0, 0]},
								"down": {"uv": [64, 64], "uv_size": [0, 0]}
							}
						},
						{
							"origin": [-8.625, 11.75, -0.375],
							"size": [6, 2, 0.75],
							"pivot": [-5.625, 12.75, 0],
							"rotation": [0, -90, 0],
							"uv": {
								"north": {"uv": [6, 56.5], "uv_size": [-6, 2]},
								"east": {"uv": [6, 56.5], "uv_size": [-0.5, 2]},
								"south": {"uv": [0, 56.5], "uv_size": [6, 2]},
								"west": {"uv": [0.5, 56.5], "uv_size": [-0.5, 2]},
								"up": {"uv": [6, 56.5], "uv_size": [-6, -0.5]},
								"down": {"uv": [6, 58.5], "uv_size": [-6, 0.5]}
							}
						}
					]
				},
				{
					"name": "leftArm",
					"parent": "body",
					"pivot": [5, 22, 0],
					"cubes": [
						{"origin": [4, 12, -2], "size": [4, 12, 4], "uv": [40, 16], "mirror": true}
					]
				},
				{
					"name": "rightLeg",
					"parent": "tudo",
					"pivot": [-2, 12, 0],
					"cubes": [
						{"origin": [-4, 0, -2], "size": [4, 12, 4], "uv": [0, 16]}
					]
				},
				{
					"name": "leftLeg",
					"parent": "tudo",
					"pivot": [2, 12, 0],
					"cubes": [
						{"origin": [0, 0, -2], "size": [4, 12, 4], "uv": [0, 16], "mirror": true}
					]
				}
			]
		}
	]
}