{
	"format_version": "1.12.0",
	"minecraft:geometry": [
		{
			"description": {
				"identifier": "geometry.chew",
				"texture_width": 64,
				"texture_height": 64,
				"visible_bounds_width": 3,
				"visible_bounds_height": 3.5,
				"visible_bounds_offset": [0, 1.25, 0]
			},
			"bones": [
				{
					"name": "root2",
					"pivot": [0, 0, 0]
				},
				{
					"name": "root",
					"parent": "root2",
					"pivot": [0, 0, 0]
				},
				{
					"name": "tudo",
					"parent": "root",
					"pivot": [0, 12, 0]
				},
				{
					"name": "waist",
					"parent": "tudo",
					"pivot": [0, 12, 0]
				},
				{
					"name": "body",
					"parent": "waist",
					"pivot": [0, 24, 0],
					"cubes": [
						{"origin": [-4, 12, -2], "size": [8, 12, 4], "uv": [16, 16]}
					]
				},
				{
					"name": "head",
					"parent": "body",
					"pivot": [0, 24, 0],
					"cubes": [
						{"origin": [-4, 23.75, -4], "size": [8, 8, 8], "inflate": -0.25, "uv": [0, 0]},
						{"origin": [-5, 26.75, -4.1], "size": [3.5, 5.5, 0.5], "inflate": -0.25, "pivot": [-1.75, 31, -3.85], "rotation": [0, 0, 12.5], "uv": [34, 0]},
						{"origin": [1.5, 26.75, -4.1], "size": [3.5, 5.5, 0.5], "inflate": -0.25, "pivot": [1.75, 31, -3.85], "rotation": [0, 0, -12.5], "uv": [34, 0], "mirror": true},
						{"origin": [-4, 22.75, 3.6], "size": [8, 3, 0.5], "inflate": -0.25, "pivot": [1.25, 25.5, 3.85], "rotation": [2.5, 0, 0], "uv": [40, 0], "mirror": true},
						{"origin": [-1.5, 24.25, -5], "size": [3, 2, 2], "inflate": -0.25, "uv": [24, 0]}
					],
					"locators": {
						"water_shot": {
							"offset": [0, 25, -4.5],
							"rotation": [-90, 0, 0]
						}
					}
				},
				{
					"name": "rightArm",
					"parent": "body",
					"pivot": [-5, 22, 0],
					"cubes": [
						{"origin": [-8, 12, -2], "size": [4, 12, 4], "uv": [40, 16]}
					]
				},
				{
					"name": "leftArm",
					"parent": "body",
					"pivot": [5, 22, 0],
					"cubes": [
						{"origin": [4, 12, -2], "size": [4, 12, 4], "uv": [40, 16], "mirror": true}
					]
				},
				{
					"name": "rightLeg",
					"parent": "tudo",
					"pivot": [-2, 12, 0],
					"cubes": [
						{"origin": [-4, 0, -2], "size": [4, 12, 4], "uv": [0, 16]}
					]
				},
				{
					"name": "leftLeg",
					"parent": "tudo",
					"pivot": [2, 12, 0],
					"cubes": [
						{"origin": [0, 0, -2], "size": [4, 12, 4], "uv": [0, 16], "mirror": true}
					]
				}
			]
		}
	]
}