{
	"format_version": "1.12.0",
	"minecraft:geometry": [
		{
			"description": {
				"identifier": "geometry.enel",
				"texture_width": 32,
				"texture_height": 32,
				"visible_bounds_width": 3,
				"visible_bounds_height": 3.5,
				"visible_bounds_offset": [0, 1.25, 0]
			},
			"bones": [
				{
					"name": "root2",
					"pivot": [0, 0, 0]
				},
				{
					"name": "root",
					"parent": "root2",
					"pivot": [0, 0, 0]
				},
				{
					"name": "tudo",
					"parent": "root",
					"pivot": [0, 12, 0]
				},
				{
					"name": "waist",
					"parent": "tudo",
					"pivot": [0, 12, 0]
				},
				{
					"name": "body",
					"parent": "waist",
					"pivot": [0, 24, 0],
					"cubes": [
						{
							"origin": [-4, 12, -2],
							"size": [8, 2.5, 4],
							"uv": {
								"north": {"uv": [10, 14.75], "uv_size": [4, 1.25]},
								"east": {"uv": [8, 14.75], "uv_size": [2, 1.25]},
								"south": {"uv": [16, 14.75], "uv_size": [4, 1.25]},
								"west": {"uv": [14, 14.75], "uv_size": [2, 1.25]},
								"up": {"uv": [14, 8], "uv_size": [4, 2]},
								"down": {"uv": [14, 10], "uv_size": [4, -2]}
							}
						},
						{
							"origin": [-3.5, 14.5, -2],
							"size": [7, 5.5, 4],
							"uv": {
								"north": {"uv": [10.375, 12], "uv_size": [3.25, 2.75]},
								"east": {"uv": [8, 12], "uv_size": [2, 2.75]},
								"south": {"uv": [16.375, 12], "uv_size": [3.25, 2.75]},
								"west": {"uv": [14, 12], "uv_size": [2, 2.75]},
								"up": {"uv": [10, 8], "uv_size": [4, 2]},
								"down": {"uv": [14, 10], "uv_size": [4, -2]}
							}
						},
						{
							"origin": [-4, 20, -2],
							"size": [8, 4, 4],
							"uv": {
								"north": {"uv": [10, 10], "uv_size": [4, 2]},
								"east": {"uv": [8, 10], "uv_size": [2, 2]},
								"south": {"uv": [16, 10], "uv_size": [4, 2]},
								"west": {"uv": [14, 10], "uv_size": [2, 2]},
								"up": {"uv": [10, 8], "uv_size": [4, 2]},
								"down": {"uv": [10, 10], "uv_size": [4, -2]}
							}
						},
						{
							"origin": [-1, 20.5, 1.5],
							"size": [0.5, 5, 0.5],
							"pivot": [-0.75, 20, 2.25],
							"rotation": [-10, 0, -67.5],
							"uv": {
								"north": {"uv": [0, 0], "uv_size": [2, 2]},
								"east": {"uv": [0, 0], "uv_size": [2, 2]},
								"south": {"uv": [0, 0], "uv_size": [2, 2]},
								"west": {"uv": [0, 0], "uv_size": [2, 2]},
								"up": {"uv": [0, 0], "uv_size": [2, 2]},
								"down": {"uv": [0, 2], "uv_size": [2, -2]}
							}
						},
						{
							"origin": [0.5, 20.5, 1.5],
							"size": [0.5, 5, 0.5],
							"pivot": [0.75, 20, 2.25],
							"rotation": [-10, 0, 67.5],
							"uv": {
								"north": {"uv": [2, 0], "uv_size": [-2, 2]},
								"east": {"uv": [2, 0], "uv_size": [-2, 2]},
								"south": {"uv": [2, 0], "uv_size": [-2, 2]},
								"west": {"uv": [2, 0], "uv_size": [-2, 2]},
								"up": {"uv": [2, 0], "uv_size": [-2, 2]},
								"down": {"uv": [2, 2], "uv_size": [-2, -2]}
							}
						},
						{
							"origin": [-5.5, 22, 2.25],
							"size": [0.5, 5, 0.5],
							"pivot": [-5.25, 21.5, 3.25],
							"rotation": [-10, 0, -45],
							"uv": {
								"north": {"uv": [0, 0], "uv_size": [2, 2]},
								"east": {"uv": [0, 0], "uv_size": [2, 2]},
								"south": {"uv": [0, 0], "uv_size": [2, 2]},
								"west": {"uv": [0, 0], "uv_size": [2, 2]},
								"up": {"uv": [0, 0], "uv_size": [2, 2]},
								"down": {"uv": [0, 2], "uv_size": [2, -2]}
							}
						},
						{
							"origin": [5, 22, 2.25],
							"size": [0.5, 5, 0.5],
							"pivot": [5.25, 21.5, 3.25],
							"rotation": [-10, 0, 45],
							"uv": {
								"north": {"uv": [2, 0], "uv_size": [-2, 2]},
								"east": {"uv": [2, 0], "uv_size": [-2, 2]},
								"south": {"uv": [2, 0], "uv_size": [-2, 2]},
								"west": {"uv": [2, 0], "uv_size": [-2, 2]},
								"up": {"uv": [2, 0], "uv_size": [-2, 2]},
								"down": {"uv": [2, 2], "uv_size": [-2, -2]}
							}
						},
						{
							"origin": [-9.5, 25.25, 3.25],
							"size": [0.5, 8, 0.5],
							"pivot": [-9.25, 29, 3.25],
							"rotation": [0, 0, 0],
							"uv": {
								"north": {"uv": [0, 0], "uv_size": [2, 2]},
								"east": {"uv": [0, 0], "uv_size": [2, 2]},
								"south": {"uv": [0, 0], "uv_size": [2, 2]},
								"west": {"uv": [0, 0], "uv_size": [2, 2]},
								"up": {"uv": [0, 0], "uv_size": [2, 2]},
								"down": {"uv": [0, 2], "uv_size": [2, -2]}
							}
						},
						{
							"origin": [-10.75, 29.75, -0.5],
							"size": [2.5, 4.5, 4.5],
							"pivot": [-9.5, 31.75, 2],
							"rotation": [0, -90, 90],
							"uv": {
								"north": {"uv": [22.5, 0], "uv_size": [1.5, 2.5]},
								"east": {"uv": [20, 0], "uv_size": [2.5, 2.5]},
								"south": {"uv": [22.5, 0], "uv_size": [1.5, 2.5]},
								"west": {"uv": [24, 0], "uv_size": [2.5, 2.5]},
								"up": {"uv": [22.5, 0], "uv_size": [1.5, 2.5]},
								"down": {"uv": [22.5, 2.5], "uv_size": [1.5, -2.5]}
							}
						},
						{
							"origin": [8.25, 29.75, -0.5],
							"size": [2.5, 4.5, 4.5],
							"pivot": [9.5, 31.75, 2],
							"rotation": [0, 90, -90],
							"uv": {
								"north": {"uv": [24, 0], "uv_size": [-1.5, 2.5]},
								"east": {"uv": [26.5, 0], "uv_size": [-2.5, 2.5]},
								"south": {"uv": [24, 0], "uv_size": [-1.5, 2.5]},
								"west": {"uv": [22.5, 0], "uv_size": [-2.5, 2.5]},
								"up": {"uv": [24, 0], "uv_size": [-1.5, 2.5]},
								"down": {"uv": [24, 2.5], "uv_size": [-1.5, -2.5]}
							}
						},
						{
							"origin": [-5.75, 35.25, 0],
							"size": [2.5, 4.5, 4.5],
							"pivot": [-4.5, 37.25, 2],
							"rotation": [0, -90, 90],
							"uv": {
								"north": {"uv": [22.5, 0], "uv_size": [1.5, 2.5]},
								"east": {"uv": [20, 0], "uv_size": [2.5, 2.5]},
								"south": {"uv": [22.5, 0], "uv_size": [1.5, 2.5]},
								"west": {"uv": [24, 0], "uv_size": [2.5, 2.5]},
								"up": {"uv": [22.5, 0], "uv_size": [1.5, 2.5]},
								"down": {"uv": [22.5, 2.5], "uv_size": [1.5, -2.5]}
							}
						},
						{
							"origin": [3.25, 35.25, 0],
							"size": [2.5, 4.5, 4.5],
							"pivot": [4.5, 37.25, 2],
							"rotation": [0, 90, -90],
							"uv": {
								"north": {"uv": [24, 0], "uv_size": [-1.5, 2.5]},
								"east": {"uv": [26.5, 0], "uv_size": [-2.5, 2.5]},
								"south": {"uv": [24, 0], "uv_size": [-1.5, 2.5]},
								"west": {"uv": [22.5, 0], "uv_size": [-2.5, 2.5]},
								"up": {"uv": [24, 0], "uv_size": [-1.5, 2.5]},
								"down": {"uv": [24, 2.5], "uv_size": [-1.5, -2.5]}
							}
						},
						{
							"origin": [9, 25.25, 3.25],
							"size": [0.5, 8, 0.5],
							"pivot": [9.25, 29, 3.25],
							"rotation": [0, 0, 0],
							"uv": {
								"north": {"uv": [2, 0], "uv_size": [-2, 2]},
								"east": {"uv": [2, 0], "uv_size": [-2, 2]},
								"south": {"uv": [2, 0], "uv_size": [-2, 2]},
								"west": {"uv": [2, 0], "uv_size": [-2, 2]},
								"up": {"uv": [2, 0], "uv_size": [-2, 2]},
								"down": {"uv": [2, 2], "uv_size": [-2, -2]}
							}
						},
						{
							"origin": [-2.5, 37.8, 3.25],
							"size": [5, 0.5, 0.5],
							"pivot": [0, 38.05, 3.5],
							"rotation": [0, 0, 0],
							"uv": {
								"north": {"uv": [2, 0], "uv_size": [-2, 2]},
								"east": {"uv": [2, 0], "uv_size": [-2, 2]},
								"south": {"uv": [2, 0], "uv_size": [-2, 2]},
								"west": {"uv": [2, 0], "uv_size": [-2, 2]},
								"up": {"uv": [2, 0], "uv_size": [-2, 2]},
								"down": {"uv": [2, 2], "uv_size": [-2, -2]}
							}
						},
						{
							"origin": [9, 33.25, 3.25],
							"size": [0.5, 5, 0.5],
							"pivot": [9.25, 33.25, 3.5],
							"rotation": [0, 0, -45],
							"uv": {
								"north": {"uv": [2, 0], "uv_size": [-2, 2]},
								"east": {"uv": [2, 0], "uv_size": [-2, 2]},
								"south": {"uv": [2, 0], "uv_size": [-2, 2]},
								"west": {"uv": [2, 0], "uv_size": [-2, 2]},
								"up": {"uv": [2, 0], "uv_size": [-2, 2]},
								"down": {"uv": [2, 2], "uv_size": [-2, -2]}
							}
						},
						{
							"origin": [5.5, 36.75, 3.25],
							"size": [0.5, 3.5, 0.5],
							"pivot": [5.75, 36.75, 3.5],
							"rotation": [0, 0, -67.5],
							"uv": {
								"north": {"uv": [2, 0], "uv_size": [-2, 2]},
								"east": {"uv": [2, 0], "uv_size": [-2, 2]},
								"south": {"uv": [2, 0], "uv_size": [-2, 2]},
								"west": {"uv": [2, 0], "uv_size": [-2, 2]},
								"up": {"uv": [2, 0], "uv_size": [-2, 2]},
								"down": {"uv": [2, 2], "uv_size": [-2, -2]}
							}
						},
						{
							"origin": [-6, 36.75, 3.25],
							"size": [0.5, 3.5, 0.5],
							"pivot": [-5.75, 36.75, 3.5],
							"rotation": [0, 0, 67.5],
							"uv": {
								"north": {"uv": [0, 0], "uv_size": [2, 2]},
								"east": {"uv": [0, 0], "uv_size": [2, 2]},
								"south": {"uv": [0, 0], "uv_size": [2, 2]},
								"west": {"uv": [0, 0], "uv_size": [2, 2]},
								"up": {"uv": [0, 0], "uv_size": [2, 2]},
								"down": {"uv": [0, 2], "uv_size": [2, -2]}
							}
						},
						{
							"origin": [-9.5, 33.25, 3.25],
							"size": [0.5, 5, 0.5],
							"pivot": [-9.25, 33.25, 3.5],
							"rotation": [0, 0, 45],
							"uv": {
								"north": {"uv": [0, 0], "uv_size": [2, 2]},
								"east": {"uv": [0, 0], "uv_size": [2, 2]},
								"south": {"uv": [0, 0], "uv_size": [2, 2]},
								"west": {"uv": [0, 0], "uv_size": [2, 2]},
								"up": {"uv": [0, 0], "uv_size": [2, 2]},
								"down": {"uv": [0, 2], "uv_size": [2, -2]}
							}
						}
					]
				},
				{
					"name": "head",
					"parent": "body",
					"pivot": [0, 26, 0],
					"cubes": [
						{
							"origin": [-3.5, 25, -3.5],
							"size": [7, 7, 7],
							"uv": {
								"north": {"uv": [4, 4], "uv_size": [4, 4]},
								"east": {"uv": [0, 4], "uv_size": [4, 4]},
								"south": {"uv": [12, 4], "uv_size": [4, 4]},
								"west": {"uv": [8, 4], "uv_size": [4, 4]},
								"up": {"uv": [4, 0], "uv_size": [4, 4]},
								"down": {"uv": [8, 4], "uv_size": [4, -4]}
							}
						},
						{
							"origin": [-2.5, 24, -1.5],
							"size": [5, 1, 3],
							"uv": {
								"north": {"uv": [10, 8], "uv_size": [4, 2]},
								"east": {"uv": [10, 8], "uv_size": [4, 2]},
								"south": {"uv": [10, 8], "uv_size": [4, 2]},
								"west": {"uv": [10, 8], "uv_size": [4, 2]},
								"up": {"uv": [10, 8], "uv_size": [4, 2]},
								"down": {"uv": [10, 10], "uv_size": [4, -2]}
							}
						},
						{
							"origin": [-3.54358, 16.26943, -3.5222],
							"size": [0, 10, 2],
							"pivot": [-3.5, 26, -2.5],
							"rotation": [-2.5, 0, 5],
							"uv": {
								"north": {"uv": [32, 0], "uv_size": [0, 0]},
								"east": {"uv": [17.5, 0.5], "uv_size": [1, 5]},
								"south": {"uv": [32, 0], "uv_size": [0, 0]},
								"west": {"uv": [32, 0], "uv_size": [0, 0]},
								"up": {"uv": [32, 0], "uv_size": [0, 0]},
								"down": {"uv": [32, 0], "uv_size": [0, 0]}
							}
						},
						{
							"origin": [3.54358, 16.26943, -3.5222],
							"size": [0, 10, 2],
							"pivot": [3.5, 26, -2.5],
							"rotation": [-2.5, 0, -5],
							"uv": {
								"north": {"uv": [32, 0], "uv_size": [0, 0]},
								"east": {"uv": [32, 0], "uv_size": [0, 0]},
								"south": {"uv": [32, 0], "uv_size": [0, 0]},
								"west": {"uv": [18.5, 0.5], "uv_size": [-1, 5]},
								"up": {"uv": [32, 0], "uv_size": [0, 0]},
								"down": {"uv": [32, 0], "uv_size": [0, 0]}
							}
						}
					]
				},
				{
					"name": "armRight",
					"parent": "body",
					"pivot": [-6, 24, 0]
				},
				{
					"name": "rightArm",
					"parent": "armRight",
					"pivot": [-5, 22, 0],
					"cubes": [
						{
							"origin": [-7, 12, -2],
							"size": [3, 12, 4],
							"uv": {
								"north": {"uv": [22, 10], "uv_size": [2, 6]},
								"east": {"uv": [20, 10], "uv_size": [2, 6]},
								"south": {"uv": [26, 10], "uv_size": [2, 6]},
								"west": {"uv": [24, 10], "uv_size": [2, 6]},
								"up": {"uv": [22, 8], "uv_size": [2, 2]},
								"down": {"uv": [24, 10], "uv_size": [2, -2]}
							}
						}
					]
				},
				{
					"name": "armLeft",
					"parent": "body",
					"pivot": [6, 24, 0]
				},
				{
					"name": "leftArm",
					"parent": "armLeft",
					"pivot": [5, 22, 0],
					"cubes": [
						{
							"origin": [4, 12, -2],
							"size": [3, 12, 4],
							"uv": {
								"north": {"uv": [24, 10], "uv_size": [-2, 6]},
								"east": {"uv": [26, 10], "uv_size": [-2, 6]},
								"south": {"uv": [28, 10], "uv_size": [-2, 6]},
								"west": {"uv": [22, 10], "uv_size": [-2, 6]},
								"up": {"uv": [24, 8], "uv_size": [-2, 2]},
								"down": {"uv": [26, 10], "uv_size": [-2, -2]}
							}
						}
					]
				},
				{
					"name": "rightLeg",
					"parent": "tudo",
					"pivot": [-2, 12, 0],
					"cubes": [
						{
							"origin": [-4, 0, -2],
							"size": [4, 3, 4],
							"uv": {
								"north": {"uv": [2, 14.5], "uv_size": [2, 1.5]},
								"east": {"uv": [0, 14.5], "uv_size": [2, 1.5]},
								"south": {"uv": [6, 14.5], "uv_size": [2, 1.5]},
								"west": {"uv": [4, 14.5], "uv_size": [2, 1.5]},
								"up": {"uv": [4, 8], "uv_size": [2, 2]},
								"down": {"uv": [4, 10], "uv_size": [2, -2]}
							}
						},
						{
							"origin": [-4.5, 3, -2.5],
							"size": [4.5, 5, 5],
							"uv": {
								"north": {"uv": [2, 12], "uv_size": [2, 2.5]},
								"east": {"uv": [0, 12], "uv_size": [2, 2.5]},
								"south": {"uv": [6, 12], "uv_size": [2, 2.5]},
								"west": {"uv": [4, 12], "uv_size": [2, 2.5]},
								"up": {"uv": [2, 8], "uv_size": [2, 2]},
								"down": {"uv": [4, 10], "uv_size": [2, -2]}
							}
						},
						{
							"origin": [-4, 8, -2],
							"size": [4, 4, 4],
							"uv": {
								"north": {"uv": [2, 10], "uv_size": [2, 2]},
								"east": {"uv": [0, 10], "uv_size": [2, 2]},
								"south": {"uv": [6, 10], "uv_size": [2, 2]},
								"west": {"uv": [4, 10], "uv_size": [2, 2]},
								"up": {"uv": [2, 8], "uv_size": [2, 2]},
								"down": {"uv": [4, 10], "uv_size": [2, -2]}
							}
						}
					]
				},
				{
					"name": "rightPants",
					"parent": "rightLeg",
					"pivot": [-2, 12, 0],
					"cubes": [
						{
							"origin": [-4, 0, -2.25],
							"size": [4, 12, 4.5],
							"inflate": 0.15,
							"pivot": [-2, 12, 0],
							"rotation": [2.5, 0, 7.5],
							"uv": {
								"north": {"uv": [2, 18], "uv_size": [2, 6]},
								"east": {"uv": [0, 18], "uv_size": [2, 6]},
								"south": {"uv": [6, 18], "uv_size": [2, 6]},
								"west": {"uv": [4, 18], "uv_size": [2, 6]},
								"up": {"uv": [2, 16], "uv_size": [2, 2]},
								"down": {"uv": [4, 18], "uv_size": [2, -2]}
							}
						},
						{
							"origin": [-4, 0, -2.25],
							"size": [4, 12, 4.5],
							"inflate": 0.15,
							"pivot": [-2, 12, 0],
							"rotation": [2.5, 0, 0],
							"uv": {
								"north": {"uv": [2, 18], "uv_size": [2, 6]},
								"east": {"uv": [0, 18], "uv_size": [2, 6]},
								"south": {"uv": [6, 18], "uv_size": [2, 6]},
								"west": {"uv": [4, 18], "uv_size": [2, 6]},
								"up": {"uv": [2, 16], "uv_size": [2, 2]},
								"down": {"uv": [4, 18], "uv_size": [2, -2]}
							}
						}
					]
				},
				{
					"name": "leftLeg",
					"parent": "tudo",
					"pivot": [2, 12, 0],
					"cubes": [
						{
							"origin": [0, 0, -2],
							"size": [4, 3, 4],
							"uv": {
								"north": {"uv": [4, 14.5], "uv_size": [-2, 1.5]},
								"east": {"uv": [6, 14.5], "uv_size": [-2, 1.5]},
								"south": {"uv": [8, 14.5], "uv_size": [-2, 1.5]},
								"west": {"uv": [2, 14.5], "uv_size": [-2, 1.5]},
								"up": {"uv": [6, 8], "uv_size": [-2, 2]},
								"down": {"uv": [6, 10], "uv_size": [-2, -2]}
							}
						},
						{
							"origin": [0, 3, -2.5],
							"size": [4.5, 5, 5],
							"uv": {
								"north": {"uv": [4, 12], "uv_size": [-2, 2.5]},
								"east": {"uv": [6, 12], "uv_size": [-2, 2.5]},
								"south": {"uv": [8, 12], "uv_size": [-2, 2.5]},
								"west": {"uv": [2, 12], "uv_size": [-2, 2.5]},
								"up": {"uv": [4, 8], "uv_size": [-2, 2]},
								"down": {"uv": [6, 10], "uv_size": [-2, -2]}
							}
						},
						{
							"origin": [0, 8, -2],
							"size": [4, 4, 4],
							"uv": {
								"north": {"uv": [4, 10], "uv_size": [-2, 2]},
								"east": {"uv": [6, 10], "uv_size": [-2, 2]},
								"south": {"uv": [8, 10], "uv_size": [-2, 2]},
								"west": {"uv": [2, 10], "uv_size": [-2, 2]},
								"up": {"uv": [4, 8], "uv_size": [-2, 2]},
								"down": {"uv": [6, 10], "uv_size": [-2, -2]}
							}
						}
					]
				},
				{
					"name": "leftPants",
					"parent": "leftLeg",
					"pivot": [2, 12, 0],
					"cubes": [
						{
							"origin": [0, 0, -2.25],
							"size": [4, 12, 4.5],
							"inflate": 0.15,
							"pivot": [2, 12, 0],
							"rotation": [2.5, 0, -7.5],
							"uv": {
								"north": {"uv": [4, 18], "uv_size": [-2, 6]},
								"east": {"uv": [6, 18], "uv_size": [-2, 6]},
								"south": {"uv": [8, 18], "uv_size": [-2, 6]},
								"west": {"uv": [2, 18], "uv_size": [-2, 6]},
								"up": {"uv": [4, 16], "uv_size": [-2, 2]},
								"down": {"uv": [6, 18], "uv_size": [-2, -2]}
							}
						},
						{
							"origin": [0, 0, -2.25],
							"size": [4, 12, 4.5],
							"inflate": 0.15,
							"pivot": [2, 12, 0],
							"rotation": [2.5, 0, 0],
							"uv": {
								"north": {"uv": [4, 18], "uv_size": [-2, 6]},
								"east": {"uv": [6, 18], "uv_size": [-2, 6]},
								"south": {"uv": [8, 18], "uv_size": [-2, 6]},
								"west": {"uv": [2, 18], "uv_size": [-2, 6]},
								"up": {"uv": [4, 16], "uv_size": [-2, 2]},
								"down": {"uv": [6, 18], "uv_size": [-2, -2]}
							}
						}
					]
				}
			]
		}
	]
}