{
	"format_version": "1.12.0",
	"minecraft:geometry": [
		{
			"description": {
				"identifier": "geometry.gin",
				"texture_width": 64,
				"texture_height": 64,
				"visible_bounds_width": 2,
				"visible_bounds_height": 3.5,
				"visible_bounds_offset": [0, 1.25, 0]
			},
			"bones": [
				{
					"name": "root2",
					"pivot": [0, 0, 0]
				},
				{
					"name": "root",
					"parent": "root2",
					"pivot": [0, 0, 0]
				},
				{
					"name": "tudo",
					"parent": "root",
					"pivot": [0, 12, 0]
				},
				{
					"name": "waist",
					"parent": "tudo",
					"pivot": [0, 12, 0]
				},
				{
					"name": "body",
					"parent": "waist",
					"pivot": [0, 24, 0],
					"cubes": [
						{"origin": [-4, 12, -2], "size": [8, 12, 4], "inflate": 0.15, "uv": [16, 32]},
						{"origin": [-4, 12, -2], "size": [8, 12, 4], "uv": [16, 16]}
					]
				},
				{
					"name": "head",
					"parent": "body",
					"pivot": [0, 24, 0],
					"cubes": [
						{"origin": [-4, 23.75, -4], "size": [8, 8, 8], "inflate": -0.25, "uv": [0, 0]},
						{"origin": [-4, 23.75, -4], "size": [8, 8, 8], "inflate": -0.2, "uv": [32, 0]}
					]
				},
				{
					"name": "rightArm",
					"parent": "body",
					"pivot": [-5, 22, 0],
					"cubes": [
						{"origin": [-7, 12, -2], "size": [3, 12, 4], "uv": [40, 16]},
						{"origin": [-6, 13.5, 0.5], "size": [1, 1, 12], "pivot": [0, 13, 4], "rotation": [90, 0, 0], "uv": [0, 51]},
						{"origin": [-6, 12.5, -2.5], "size": [1, 1, 5], "uv": [0, 56]},
						{"origin": [-7.5, 5.5, 1], "size": [4, 4, 4], "pivot": [-5.5, 7.5, 3], "rotation": [90, 0, 0], "uv": [15, 54]}
					]
				},
				{
					"name": "leftArm",
					"parent": "body",
					"pivot": [5, 22, 0],
					"cubes": [
						{"origin": [4, 12, -2], "size": [3, 12, 4], "uv": [40, 16], "mirror": true},
						{"origin": [5, 13.5, 0.5], "size": [1, 1, 12], "pivot": [0, 13, 4], "rotation": [90, 0, 0], "uv": [0, 51], "mirror": true},
						{"origin": [5, 12.5, -2.5], "size": [1, 1, 5], "uv": [0, 56], "mirror": true},
						{"origin": [3.5, 5.5, 1], "size": [4, 4, 4], "pivot": [5.5, 7.5, 3], "rotation": [90, 0, 0], "uv": [15, 54], "mirror": true}
					]
				},
				{
					"name": "rightLeg",
					"parent": "tudo",
					"pivot": [-2, 12, 0],
					"cubes": [
						{"origin": [-4, 0, -2], "size": [4, 12, 4], "uv": [0, 16]}
					]
				},
				{
					"name": "leftLeg",
					"parent": "tudo",
					"pivot": [2, 12, 0],
					"cubes": [
						{"origin": [0, 0, -2], "size": [4, 12, 4], "uv": [0, 16], "mirror": true}
					]
				}
			]
		}
	]
}