{
	"format_version": "1.12.0",
	"minecraft:geometry": [
		{
			"description": {
				"identifier": "geometry.katakuri",
				"texture_width": 64,
				"texture_height": 64,
				"visible_bounds_width": 5,
				"visible_bounds_height": 5,
				"visible_bounds_offset": [0, 1.5, 0]
			},
			"bones": [
				{
					"name": "root2",
					"pivot": [0, 0, 0]
				},
				{
					"name": "root",
					"parent": "root2",
					"pivot": [0, 0, 0]
				},
				{
					"name": "tudo",
					"parent": "root",
					"pivot": [0, 12, 0]
				},
				{
					"name": "waist",
					"parent": "tudo",
					"pivot": [0, 20, 0]
				},
				{
					"name": "body",
					"parent": "waist",
					"pivot": [0, 35.5, 0],
					"cubes": [
						{"origin": [-4.5, 20, -2], "size": [9, 12, 4], "uv": [0, 18]},
						{"origin": [-4.5, 24, -2], "size": [9, 8, 4], "inflate": 0.1, "uv": [26, 18]}
					]
				},
				{
					"name": "head",
					"parent": "body",
					"pivot": [0, 35.5, 0],
					"cubes": [
						{"origin": [-2.5, 35.5, -2.5], "size": [5, 4.5, 5], "uv": [30, 33]}
					]
				},
				{
					"name": "powermochi",
					"parent": "body",
					"pivot": [0, 37, 0],
					"cubes": [
						{"origin": [-31.5, 32.8576, -2], "size": [3, 8.28424, 4], "uv": [0, 0.06252]},
						{"origin": [28.5, 32.8576, -2], "size": [3, 8.28424, 4], "uv": [0.00004, 0.06252], "mirror": true},
						{"origin": [-14.5, 32.85784, -2], "size": [3, 8.28424, 4], "uv": [0, 0.06252]},
						{"origin": [11.5, 32.85784, -2], "size": [3, 8.28424, 4], "uv": [0.00004, 0.06252], "mirror": true},
						{"origin": [-14.5, 32.85784, -2], "size": [3, 8.28424, 4], "pivot": [-21.5, 37, 0], "rotation": [0, 0, 45], "uv": [0, 0.06252]},
						{"origin": [11.5, 32.85784, -2], "size": [3, 8.28424, 4], "pivot": [21.5, 37, 0], "rotation": [0, 0, -45], "uv": [0.00004, 0.06252], "mirror": true},
						{"origin": [-31.5, 32.85784, -2], "size": [3, 8.28424, 4], "pivot": [-21.5, 37, 0], "rotation": [0, 0, 45], "uv": [0, 0.06252]},
						{"origin": [28.5, 32.85784, -2], "size": [3, 8.28424, 4], "pivot": [21.5, 37, 0], "rotation": [0, 0, -45], "uv": [0.00004, 0.06252], "mirror": true},
						{"origin": [-25.64216, 27, -2], "size": [8.28424, 3, 4], "uv": [0, 0.06252]},
						{"origin": [17.35792, 27, -2], "size": [8.28424, 3, 4], "uv": [0.00004, 0.06252], "mirror": true},
						{"origin": [-25.64216, 44, -2], "size": [8.28424, 3, 4], "uv": [0, 0.06252]},
						{"origin": [17.35792, 44, -2], "size": [8.28424, 3, 4], "uv": [0.00004, 0.06252], "mirror": true},
						{"origin": [-25.64216, 44, -2], "size": [8.28424, 3, 4], "pivot": [-21.5, 37, 0], "rotation": [0, 0, 45], "uv": [0, 0.06252]},
						{"origin": [17.35792, 44, -2], "size": [8.28424, 3, 4], "pivot": [21.5, 37, 0], "rotation": [0, 0, -45], "uv": [0.00004, 0.06252], "mirror": true},
						{"origin": [-25.64216, 27, -2], "size": [8.28424, 3, 4], "pivot": [-21.5, 37, 0], "rotation": [0, 0, 45], "uv": [0, 0.06252]},
						{"origin": [17.35792, 27, -2], "size": [8.28424, 3, 4], "pivot": [21.5, 37, 0], "rotation": [0, 0, -45], "uv": [0.00004, 0.06252], "mirror": true}
					],
					"locators": {
						"powermochi1": [-21.6, 29, 0]
					}
				},
				{
					"name": "punchmochi1",
					"parent": "powermochi",
					"pivot": [-21.5, 37, 2],
					"cubes": [
						{"origin": [-25.64216, 31.9996, -7.142], "size": [8.28424, 10, 8.284], "pivot": [-21.5, 36.9996, -3], "rotation": [90, 0, 0], "uv": [4.5, 3.5]}
					]
				},
				{
					"name": "punchmochi1_2",
					"parent": "punchmochi1",
					"pivot": [-21.5, 37, -8],
					"cubes": [
						{"origin": [-25.64216, 33.8576, -9], "size": [8.28424, 7.284, 2], "pivot": [-21.5, 40.4996, -8], "rotation": [-7.5, 0, 0], "uv": [4.5, 3.5]},
						{"origin": [-22.78424, 32, -9], "size": [6.28424, 2.284, 3], "uv": [4.5, 3.5]}
					]
				},
				{
					"name": "punchmochi2",
					"parent": "powermochi",
					"pivot": [21.5, 37, 2],
					"cubes": [
						{"origin": [17.35792, 31.9996, -7.142], "size": [8.28424, 10, 8.284], "pivot": [21.5, 36.9996, -3], "rotation": [90, 0, 0], "uv": [4.5, 3.5]}
					]
				},
				{
					"name": "punchmochi2_2",
					"parent": "punchmochi2",
					"pivot": [21.5, 37, -8],
					"cubes": [
						{"origin": [17.35792, 33.8576, -9], "size": [8.28424, 7.284, 2], "pivot": [21.5, 40.4996, -8], "rotation": [-7.5, 0, 0], "uv": [4.5, 3.5]},
						{"origin": [16.5, 32, -9], "size": [6.28424, 2.284, 3], "uv": [4.5, 3.5]}
					]
				},
				{
					"name": "katakuriSuit",
					"parent": "body",
					"pivot": [0, 33, -0.5],
					"cubes": [
						{"origin": [-7.5, 32, 2.8], "size": [7, 1, 0], "pivot": [-4, 32.5, 2.75], "rotation": [12.5, 0, 0], "uv": [40, 0]},
						{"origin": [-8.75, 30, -3.25], "size": [17.5, 3, 6.5], "uv": [0, 0]},
						{"origin": [-7, 32.5, -3], "size": [14, 2, 6], "uv": [0, 9]},
						{"origin": [0.5, 32, 2.8], "size": [7, 1, 0], "pivot": [4, 32.5, 2.75], "rotation": [12.5, 0, 0], "uv": [40, 0]},
						{"origin": [0.5, 30.5, 2.8], "size": [7, 1, 0], "pivot": [4, 31, 2.75], "rotation": [12.5, 0, 0], "uv": [40, 0]},
						{"origin": [-7.5, 30.5, 2.8], "size": [7, 1, 0], "pivot": [-4, 31, 2.75], "rotation": [12.5, 0, 0], "uv": [40, 0]},
						{"origin": [-3.5, 34.5, -2.75], "size": [7, 1, 5.5], "uv": [40, 9]}
					]
				},
				{
					"name": "rightArm",
					"parent": "body",
					"pivot": [-5.5, 31, 0],
					"cubes": [
						{"origin": [-8.5, 24, -2], "size": [4, 8, 4], "uv": [24, 52]}
					]
				},
				{
					"name": "rightForeArm",
					"parent": "rightArm",
					"pivot": [-6.5, 24, 0],
					"cubes": [
						{"origin": [-8, 17, -1.5], "size": [3, 7, 3], "uv": [0, 48]},
						{"origin": [-8, 14, -1.5], "size": [3, 3, 3], "inflate": 0.15, "uv": [0, 58]}
					]
				},
				{
					"name": "mogura",
					"parent": "rightForeArm",
					"pivot": [-6.125, 20.75, 0]
				},
				{
					"name": "rightZanGiri3",
					"parent": "rightForeArm",
					"pivot": [-6.5, 25, 0]
				},
				{
					"name": "rightZanGiri4",
					"parent": "rightZanGiri3",
					"pivot": [-6.5, 25, 0],
					"cubes": [
						{"origin": [-8.5, 19, -2], "size": [4, 6, 4], "inflate": 0.1, "uv": [0, 0]},
						{"origin": [-8.5, 19, -2], "size": [4, 3, 4], "inflate": 0.125, "uv": [0, 0]}
					]
				},
				{
					"name": "rightZanGiri5",
					"parent": "rightZanGiri3",
					"pivot": [-6.5, 19, 0],
					"cubes": [
						{"origin": [-10.5, 3, -4], "size": [8, 16, 8], "uv": [4.5, 3.5]},
						{"origin": [-11.5, 5, -5], "size": [10, 12, 10], "uv": [4.5, 3.5]},
						{"origin": [-7, 14.5, -7.5], "size": [1.5, 1.5, 2.5], "uv": [4.5, 3.5]},
						{"origin": [-14, 14, -1], "size": [2.5, 2, 2], "uv": [4.5, 3.5]},
						{"origin": [-1.5, 14, -1], "size": [2.5, 2, 2], "uv": [4.5, 3.5]},
						{"origin": [-1.5, 10, -1], "size": [2.5, 2, 2], "uv": [4.5, 3.5]},
						{"origin": [-1.5, 6, -1], "size": [2.5, 2, 2], "uv": [4.5, 3.5]},
						{"origin": [-14, 10, -1.25], "size": [2.5, 2, 2], "uv": [4.5, 3.5]},
						{"origin": [-14, 6, -1], "size": [2.5, 2, 2], "uv": [4.5, 3.5]},
						{"origin": [-7, 14.5, 5], "size": [1.5, 1.5, 2.5], "uv": [4.5, 3.5]},
						{"origin": [-7, 6, -7.5], "size": [1.5, 1.5, 2.5], "uv": [4.5, 3.5]},
						{"origin": [-7, 6, 5], "size": [1.5, 1.5, 2.5], "uv": [4.5, 3.5]},
						{"origin": [-7, 10.25, -7.5], "size": [1.5, 1.5, 2.5], "uv": [4.5, 3.5]},
						{"origin": [-7, 10.25, 5], "size": [1.5, 1.5, 2.5], "uv": [4.5, 3.5]}
					],
					"locators": {
						"zan_giri": [-6.5, 5, 0]
					}
				},
				{
					"name": "rightZanGiri2",
					"parent": "rightForeArm",
					"pivot": [-6.5, 25, 0],
					"cubes": [
						{"origin": [-8.5, 19, -2], "size": [4, 6, 4], "inflate": 0.1, "uv": [0, 0]}
					]
				},
				{
					"name": "rightZanGiri",
					"parent": "rightForeArm",
					"pivot": [-6.5, 25, 0],
					"cubes": [
						{"origin": [-8.5, 19, -2], "size": [4, 6, 4], "inflate": 0.1, "uv": [0, 0]}
					]
				},
				{
					"name": "leftArm",
					"parent": "body",
					"pivot": [5.5, 31, 0],
					"cubes": [
						{"origin": [4.5, 24, -2], "size": [4, 8, 4], "uv": [48, 52]}
					]
				},
				{
					"name": "leftForeArm",
					"parent": "leftArm",
					"pivot": [6.5, 24, 0],
					"cubes": [
						{"origin": [5, 17, -1.5], "size": [3, 7, 3], "uv": [0, 48], "mirror": true},
						{"origin": [5, 14, -1.5], "size": [3, 3, 3], "inflate": 0.15, "uv": [0, 58], "mirror": true},
						{"origin": [5, 18.5, -1.5], "size": [3, 1, 3], "inflate": 0.15, "uv": [52, 36], "mirror": true},
						{"origin": [7, 18.5, -2.75], "size": [1, 1, 1.5], "inflate": -0.25, "uv": [60, 34]},
						{"origin": [7, 18.5, 1.25], "size": [1, 1, 1.5], "inflate": -0.25, "uv": [60, 34]},
						{"origin": [7.75, 18.5, -1.5], "size": [1.5, 1, 1], "inflate": -0.25, "uv": [60, 32]},
						{"origin": [3.75, 18.5, -1.5], "size": [1.5, 1, 1], "inflate": -0.25, "uv": [60, 32], "mirror": true},
						{"origin": [3.75, 18.5, 0.5], "size": [1.5, 1, 1], "inflate": -0.25, "uv": [60, 32], "mirror": true},
						{"origin": [7.75, 18.5, 0.5], "size": [1.5, 1, 1], "inflate": -0.25, "uv": [60, 32]},
						{"origin": [5, 18.5, -2.75], "size": [1, 1, 1.5], "inflate": -0.25, "uv": [60, 34]},
						{"origin": [5, 18.5, 1.25], "size": [1, 1, 1.5], "inflate": -0.25, "uv": [60, 34]}
					]
				},
				{
					"name": "rightLeg",
					"parent": "tudo",
					"pivot": [-2.25, 20, 0],
					"cubes": [
						{"origin": [-4.25, 12, -2], "size": [4, 8, 4], "uv": [12, 44]}
					]
				},
				{
					"name": "rightForeLeg",
					"parent": "rightLeg",
					"pivot": [-2.25, 11.5, -1.5],
					"cubes": [
						{"origin": [-3.75, 5, -1.5], "size": [3, 4.5, 3], "uv": [0, 34]},
						{"origin": [-4.5, 9.5, -2.25], "size": [4.5, 2.5, 4.5], "uv": [12, 34]},
						{"origin": [-3.5, 0, -1.25], "size": [2.5, 5, 2.5], "uv": [0, 41]},
						{"origin": [-3.5, 0, -5], "size": [2.5, 1, 4], "uv": [52, 47]},
						{"origin": [-3.25, 0, -5], "size": [2, 1, 4], "inflate": 0.01, "pivot": [-3.25, 1, -5], "rotation": [15, 0, 0], "uv": [52, 42]},
						{"origin": [-1.5, 6.5, -2.75], "size": [1, 1, 1.5], "inflate": -0.25, "uv": [60, 34], "mirror": true},
						{"origin": [-1.5, 6.5, 1.25], "size": [1, 1, 1.5], "inflate": -0.25, "uv": [60, 34], "mirror": true},
						{"origin": [-3.5, 6.5, -2.75], "size": [1, 1, 1.5], "inflate": -0.25, "uv": [60, 34], "mirror": true},
						{"origin": [-3, 10, -4.25], "size": [1.5, 1.5, 2.5], "inflate": -0.25, "uv": [58, 29], "mirror": true},
						{"origin": [-3.5, 6.5, 1.25], "size": [1, 1, 1.5], "inflate": -0.25, "uv": [60, 34], "mirror": true},
						{"origin": [-5, 6.5, -1.25], "size": [1.5, 1, 1], "inflate": -0.25, "uv": [60, 32], "mirror": true},
						{"origin": [-5, 6.5, 0.5], "size": [1.5, 1, 1], "inflate": -0.25, "uv": [60, 32], "mirror": true},
						{"origin": [-3.75, 6.5, -1.5], "size": [3, 1, 3], "inflate": 0.15, "uv": [52, 36]},
						{"origin": [-3.5, 2.5, -1.25], "size": [2.5, 1, 2.5], "inflate": 0.15, "uv": [56, 26]},
						{"origin": [-1, 6.5, -1.5], "size": [1.5, 1, 1], "inflate": -0.25, "uv": [60, 32]},
						{"origin": [-1, 6.5, 0.5], "size": [1.5, 1, 1], "inflate": -0.25, "uv": [60, 32]}
					]
				},
				{
					"name": "leftLeg",
					"parent": "tudo",
					"pivot": [2.25, 20, 0],
					"cubes": [
						{"origin": [0.25, 12, -2], "size": [4, 8, 4], "uv": [36, 44]}
					]
				},
				{
					"name": "leftForeLeg",
					"parent": "leftLeg",
					"pivot": [2.25, 11.5, 1],
					"cubes": [
						{"origin": [1.25, 0, -5], "size": [2, 1, 4], "inflate": 0.01, "pivot": [3.25, 1, -5], "rotation": [15, 0, 0], "uv": [52, 42], "mirror": true},
						{"origin": [1, 0, -5], "size": [2.5, 1, 4], "uv": [52, 47], "mirror": true},
						{"origin": [0, 8.5, -2.25], "size": [4.5, 4.5, 4.5], "uv": [48, 0]},
						{"origin": [0.75, 5, -1.5], "size": [3, 4.5, 3], "uv": [0, 34], "mirror": true},
						{"origin": [1, 0, -1.25], "size": [2.5, 5, 2.5], "uv": [0, 41], "mirror": true},
						{"origin": [0.75, 6.5, -1.5], "size": [3, 1, 3], "inflate": 0.15, "uv": [52, 36], "mirror": true},
						{"origin": [3.5, 6.5, -1.5], "size": [1.5, 1, 1], "inflate": -0.25, "uv": [60, 32]},
						{"origin": [-0.5, 6.5, -1.5], "size": [1.5, 1, 1], "inflate": -0.25, "uv": [60, 32], "mirror": true},
						{"origin": [-0.5, 6.5, 0.5], "size": [1.5, 1, 1], "inflate": -0.25, "uv": [60, 32], "mirror": true},
						{"origin": [3.5, 6.5, 0.5], "size": [1.5, 1, 1], "inflate": -0.25, "uv": [60, 32]},
						{"origin": [0.75, 6.5, -2.75], "size": [1, 1, 1.5], "inflate": -0.25, "uv": [60, 34]},
						{"origin": [0.75, 6.5, 1.25], "size": [1, 1, 1.5], "inflate": -0.25, "uv": [60, 34]},
						{"origin": [2.75, 6.5, -2.75], "size": [1, 1, 1.5], "inflate": -0.25, "uv": [60, 34]},
						{"origin": [2.75, 6.5, 1.25], "size": [1, 1, 1.5], "inflate": -0.25, "uv": [60, 34]},
						{"origin": [1.5, 10, -4.25], "size": [1.5, 1.5, 2.5], "inflate": -0.25, "uv": [58, 29]},
						{"origin": [1, 2.5, -1.25], "size": [2.5, 1, 2.5], "inflate": 0.15, "uv": [56, 26], "mirror": true}
					]
				}
			]
		}
	]
}