{
	"format_version": "1.12.0",
	"minecraft:geometry": [
		{
			"description": {
				"identifier": "geometry.pirate_captain",
				"texture_width": 64,
				"texture_height": 64,
				"visible_bounds_width": 3,
				"visible_bounds_height": 3.5,
				"visible_bounds_offset": [0, 1.25, 0]
			},
			"bones": [
				{
					"name": "root2",
					"pivot": [0, 0, 0]
				},
				{
					"name": "root",
					"parent": "root2",
					"pivot": [0, 0, 0]
				},
				{
					"name": "tudo",
					"parent": "root",
					"pivot": [0, 12, 0]
				},
				{
					"name": "waist",
					"parent": "tudo",
					"pivot": [0, 12, 0]
				},
				{
					"name": "body",
					"parent": "waist",
					"pivot": [0, 24, 0],
					"cubes": [
						{"origin": [-4, 12, -2], "size": [8, 12, 4], "uv": [16, 16]}
					]
				},
				{
					"name": "head",
					"parent": "body",
					"pivot": [0, 24, 0],
					"cubes": [
						{"origin": [-4, 23.75, -4], "size": [8, 8, 8], "inflate": -0.25, "uv": [0, 0]},
						{"origin": [-4, 30.5, -4], "size": [8, 3.5, 8], "inflate": 0.1, "uv": [32, 0]},
						{"origin": [3, 31, -3.5], "size": [3, 3, 7], "pivot": [3, 34, 0], "rotation": [0, 0, 17.5], "uv": [44, 32], "mirror": true},
						{"origin": [-6, 31, -3.5], "size": [3, 3, 7], "pivot": [-3, 34, 0], "rotation": [0, 0, -17.5], "uv": [44, 32]}
					]
				},
				{
					"name": "rightArm",
					"parent": "body",
					"pivot": [-5, 22, 0],
					"cubes": [
						{"origin": [-7, 12, -2], "size": [3, 12, 4], "uv": [40, 16]}
					]
				},
				{
					"name": "leftArm",
					"parent": "body",
					"pivot": [5, 22, 0],
					"cubes": [
						{"origin": [4, 12, -2], "size": [3, 12, 4], "uv": [40, 16], "mirror": true}
					]
				},
				{
					"name": "capa",
					"parent": "body",
					"pivot": [0, 24, 0]
				},
				{
					"name": "capamove",
					"parent": "capa",
					"pivot": [0, 24, -1],
					"cubes": [
						{"origin": [-9.1875, 1, 1.5], "size": [9.25, 23, 1], "pivot": [-9.25, 12.5, 2], "rotation": [0, -2.5, 0], "uv": [0, 40], "mirror": true},
						{"origin": [-0.0625, 1, 1.5], "size": [9.25, 23, 1], "pivot": [9.25, 12.5, 2], "rotation": [0, 2.5, 0], "uv": [0, 40]},
						{"origin": [-10, 23.5, -2.75], "size": [5.5, 2, 5.5], "pivot": [-7.25, 24.5, 0], "rotation": [0, 0, -5], "uv": [42, 42]},
						{"origin": [4.5, 23.5, -2.75], "size": [5.5, 2, 5.5], "pivot": [7.25, 24.5, 0], "rotation": [0, 0, 5], "uv": [42, 42], "mirror": true},
						{"origin": [-8.75, 1, -2.5], "size": [1, 23, 4], "pivot": [-8.75, 23, 2.5], "rotation": [0, 0, 2.5], "uv": [20, 37]},
						{"origin": [7.75, 1, -2.5], "size": [1, 23, 4], "pivot": [8.75, 23, 2.5], "rotation": [0, 0, -2.5], "uv": [20, 37], "mirror": true}
					]
				},
				{
					"name": "rightCapeArm",
					"parent": "capamove",
					"pivot": [-8, 24, 0],
					"cubes": [
						{"origin": [-9.75, 7, -1.25], "size": [4.5, 2, 4.5], "pivot": [-5.5, 23, 0], "rotation": [10, -10, 12.5], "uv": [46, 54]},
						{"origin": [-9.5, 8, -1], "size": [4, 15, 4], "pivot": [-5.5, 23, 0], "rotation": [10, -10, 12.5], "uv": [30, 45]}
					]
				},
				{
					"name": "leftCapeArm",
					"parent": "capamove",
					"pivot": [8, 24, 0],
					"cubes": [
						{"origin": [5.25, 7, -1.25], "size": [4.5, 2, 4.5], "pivot": [5.5, 23, 0], "rotation": [10, 10, -12.5], "uv": [46, 54], "mirror": true},
						{"origin": [5.5, 8, -1], "size": [4, 15, 4], "pivot": [5.5, 23, 0], "rotation": [10, 10, -12.5], "uv": [30, 45], "mirror": true}
					]
				},
				{
					"name": "rightLeg",
					"parent": "tudo",
					"pivot": [-2, 12, 0],
					"cubes": [
						{"origin": [-4, 0, -2], "size": [4, 12, 4], "uv": [0, 16]}
					]
				},
				{
					"name": "leftLeg",
					"parent": "tudo",
					"pivot": [2, 12, 0],
					"cubes": [
						{"origin": [0, 0, -2], "size": [4, 12, 4], "uv": [0, 16], "mirror": true}
					]
				}
			]
		}
	]
}