{
	"format_version": "1.12.0",
	"minecraft:geometry": [
		{
			"description": {
				"identifier": "geometry.chargezuma_suit",
				"texture_width": 64,
				"texture_height": 64,
				"visible_bounds_width": 3,
				"visible_bounds_height": 3.5,
				"visible_bounds_offset": [0, 1.25, 0]
			},
			"bones": [
				{
					"name": "root",
					"pivot": [0, 0, 0]
				},
				{
					"name": "waist",
					"parent": "root",
					"pivot": [0, 12, 0]
				},
				{
					"name": "body",
					"parent": "waist",
					"pivot": [0, 24, 0],
					"cubes": [
						{
							"origin": [-4, 12, -2],
							"size": [8, 12, 4],
							"inflate": 0.1,
							"uv": {
								"north": {"uv": [0, 0], "uv_size": [8, 12]},
								"east": {"uv": [24, 8], "uv_size": [4, 12]},
								"south": {"uv": [8, 0], "uv_size": [8, 12]},
								"west": {"uv": [17, 24], "uv_size": [4, 12]},
								"up": {"uv": [8, 20], "uv_size": [8, 4]},
								"down": {"uv": [40, 12], "uv_size": [8, -4]}
							}
						},
						{
							"origin": [-4.106, 10.75, -2.122],
							"size": [8.212, 2.5, 4.244],
							"inflate": 0.1,
							"uv": {
								"north": {"uv": [45, 5], "uv_size": [8, 2.5]},
								"east": {"uv": [48, 12], "uv_size": [4, 2.5]},
								"south": {"uv": [45, 23], "uv_size": [8, 2.5]},
								"west": {"uv": [13, 48], "uv_size": [4, 2.5]},
								"up": {"uv": [40, 12], "uv_size": [8, 4]},
								"down": {"uv": [40, 20], "uv_size": [8, -4]}
							}
						},
						{
							"origin": [-4.606, 10, -1.372],
							"size": [9.212, 4, 2.744],
							"inflate": 0.1,
							"uv": {
								"north": {"uv": [37, 34], "uv_size": [9, 4]},
								"east": {"uv": [5, 40], "uv_size": [2.5, 4]},
								"south": {"uv": [37, 38], "uv_size": [9, 4]},
								"west": {"uv": [13, 44], "uv_size": [2.5, 4]},
								"up": {"uv": [40, 20], "uv_size": [9, 2.5]},
								"down": {"uv": [20, 46.5], "uv_size": [9, -2.5]}
							}
						},
						{
							"origin": [-4.25, 16.75, -2.25],
							"size": [8.5, 7.5, 4.5],
							"inflate": 0.1,
							"uv": {
								"north": {"uv": [16.5, 24], "uv_size": [-8.5, 7.5]},
								"east": {"uv": [4.5, 40], "uv_size": [-4.5, 7.5]},
								"south": {"uv": [32.5, 0], "uv_size": [-8.5, 7.5]},
								"west": {"uv": [44.5, 0], "uv_size": [-4.5, 7.5]},
								"up": {"uv": [36, 28.5], "uv_size": [8.5, -4.5]},
								"down": {"uv": [37, 29], "uv_size": [8.5, 4.5]}
							}
						}
					]
				},
				{
					"name": "head",
					"parent": "body",
					"pivot": [0, 24, 0],
					"cubes": [
						{
							"origin": [-4, 24, -4],
							"size": [8, 8, 8],
							"inflate": 0.1,
							"uv": {
								"north": {"uv": [24, 0], "uv_size": [-8, 8]},
								"east": {"uv": [16, 12], "uv_size": [-8, 8]},
								"south": {"uv": [8, 12], "uv_size": [-8, 8]},
								"west": {"uv": [24, 8], "uv_size": [-8, 8]},
								"up": {"uv": [16, 24], "uv_size": [8, -8]},
								"down": {"uv": [0, 20], "uv_size": [8, 8]}
							}
						}
					]
				},
				{
					"name": "rightArm",
					"parent": "body",
					"pivot": [-5, 22, 0],
					"cubes": [
						{
							"origin": [-8, 12, -2],
							"size": [4, 12, 4],
							"inflate": 0.1,
							"uv": {
								"north": {"uv": [32, 20], "uv_size": [-4, 12]},
								"east": {"uv": [16, 32], "uv_size": [-4, 12]},
								"south": {"uv": [36, 8], "uv_size": [-4, 12]},
								"west": {"uv": [12, 32], "uv_size": [-4, 12]},
								"up": {"uv": [50, 30], "uv_size": [-4, 4]},
								"down": {"uv": [50, 38], "uv_size": [-4, -4]}
							}
						},
						{
							"origin": [-8.064, 13, -2.096],
							"size": [4.128, 6, 4.192],
							"inflate": 0.1,
							"uv": {
								"north": {"uv": [41, 42], "uv_size": [-4, 6]},
								"east": {"uv": [13, 44], "uv_size": [-4, 6]},
								"south": {"uv": [9, 44], "uv_size": [-4, 6]},
								"west": {"uv": [45, 42], "uv_size": [-4, 6]},
								"up": {"uv": [4, 48], "uv_size": [-4, 4]},
								"down": {"uv": [52, 12], "uv_size": [-4, -4]}
							}
						},
						{
							"origin": [-9.392, 13, -2.346],
							"size": [1.128, 5, 4.692],
							"inflate": 0.1,
							"uv": {
								"north": {"uv": [50, 18], "uv_size": [-1, 5]},
								"east": {"uv": [49.5, 0], "uv_size": [-4.5, 5]},
								"south": {"uv": [31, 49], "uv_size": [-1, 5]},
								"west": {"uv": [33.5, 44], "uv_size": [-4.5, 5]},
								"up": {"uv": [32, 49], "uv_size": [-1, 4.5]},
								"down": {"uv": [33, 53.5], "uv_size": [-1, -4.5]}
							}
						},
						{
							"origin": [-9.318, 10.5, -1.096],
							"size": [0.98, 5.5, 2.192],
							"inflate": 0.1,
							"uv": {
								"north": {"uv": [24, 24], "uv_size": [-1, 5.5]},
								"east": {"uv": [35, 0], "uv_size": [-2, 5.5]},
								"south": {"uv": [36, 0], "uv_size": [-1, 5.5]},
								"west": {"uv": [23, 24], "uv_size": [-2, 5.5]},
								"up": {"uv": [22, 30], "uv_size": [-1, 2]},
								"down": {"uv": [23, 32], "uv_size": [-1, -2]}
							}
						},
						{
							"origin": [-9.238, 12, -1.846],
							"size": [0.82, 1, 3.692],
							"inflate": 0.1,
							"uv": {
								"north": {"uv": [21, 42], "uv_size": [-1, 1]},
								"east": {"uv": [52.5, 42], "uv_size": [-3.5, 1]},
								"south": {"uv": [21, 43], "uv_size": [-1, 1]},
								"west": {"uv": [43.5, 23], "uv_size": [-3.5, 1]},
								"up": {"uv": [17, 32], "uv_size": [-1, 3.5]},
								"down": {"uv": [34, 52.5], "uv_size": [-1, -3.5]}
							}
						},
						{
							"origin": [-9.238, 7.5, 0.904],
							"size": [0.82, 3, 3.192],
							"inflate": 0.1,
							"pivot": [-8.828, 12.875, 0],
							"rotation": [120, 0, 0],
							"uv": {
								"north": {"uv": [37, 29], "uv_size": [-1, 3]},
								"east": {"uv": [37, 47], "uv_size": [-3, 3]},
								"south": {"uv": [46, 26], "uv_size": [-1, 3]},
								"west": {"uv": [37, 44], "uv_size": [-3, 3]},
								"up": {"uv": [50, 43], "uv_size": [-1, 3]},
								"down": {"uv": [50, 49], "uv_size": [-1, -3]}
							}
						},
						{
							"origin": [-9.318, 6, 1.654],
							"size": [0.98, 5.5, 1.692],
							"inflate": 0.1,
							"pivot": [-8.828, 12.875, 0],
							"rotation": [120, 0, 0],
							"uv": {
								"north": {"uv": [21, 36], "uv_size": [-1, 5.5]},
								"east": {"uv": [40.5, 48], "uv_size": [-1.5, 5.5]},
								"south": {"uv": [29, 47], "uv_size": [-1, 5.5]},
								"west": {"uv": [38.5, 48], "uv_size": [-1.5, 5.5]},
								"up": {"uv": [24, 30], "uv_size": [-1, 1.5]},
								"down": {"uv": [34, 7.5], "uv_size": [-1, -1.5]}
							}
						},
						{
							"origin": [-9.238, 7.5, -4.096],
							"size": [0.82, 3, 3.192],
							"inflate": 0.1,
							"pivot": [-8.828, 12.875, 0],
							"rotation": [-120, 0, 0],
							"uv": {
								"north": {"uv": [50, 49], "uv_size": [-1, 3]},
								"east": {"uv": [20, 48], "uv_size": [-3, 3]},
								"south": {"uv": [51, 0], "uv_size": [-1, 3]},
								"west": {"uv": [51, 15], "uv_size": [-3, 3]},
								"up": {"uv": [6, 50], "uv_size": [-1, 3]},
								"down": {"uv": [7, 53], "uv_size": [-1, -3]}
							}
						},
						{
							"origin": [-9.318, 6, -3.346],
							"size": [0.98, 5.5, 1.692],
							"inflate": 0.1,
							"pivot": [-8.828, 12.875, 0],
							"rotation": [-120, 0, 0],
							"uv": {
								"north": {"uv": [5, 48], "uv_size": [-1, 5.5]},
								"east": {"uv": [44.5, 48], "uv_size": [-1.5, 5.5]},
								"south": {"uv": [30, 49], "uv_size": [-1, 5.5]},
								"west": {"uv": [42.5, 48], "uv_size": [-1.5, 5.5]},
								"up": {"uv": [35, 6], "uv_size": [-1, 1.5]},
								"down": {"uv": [36, 7.5], "uv_size": [-1, -1.5]}
							}
						}
					]
				},
				{
					"name": "leftArm",
					"parent": "body",
					"pivot": [5, 22, 0],
					"cubes": [
						{
							"origin": [4, 12, -2],
							"size": [4, 12, 4],
							"inflate": 0.1,
							"uv": {
								"north": {"uv": [28, 20], "uv_size": [-4, 12]},
								"east": {"uv": [32, 8], "uv_size": [-4, 12]},
								"south": {"uv": [8, 28], "uv_size": [-4, 12]},
								"west": {"uv": [4, 28], "uv_size": [-4, 12]},
								"up": {"uv": [49, 42], "uv_size": [-4, 4]},
								"down": {"uv": [50, 30], "uv_size": [-4, -4]}
							}
						}
					]
				},
				{
					"name": "rightLeg",
					"parent": "waist",
					"pivot": [-1.9, 12, 0],
					"cubes": [
						{
							"origin": [-4, 0, -2],
							"size": [4, 12, 4],
							"inflate": 0.1,
							"uv": {
								"north": {"uv": [32, 20], "uv_size": [4, 12]},
								"east": {"uv": [21, 32], "uv_size": [4, 12]},
								"south": {"uv": [25, 32], "uv_size": [4, 12]},
								"west": {"uv": [29, 32], "uv_size": [4, 12]},
								"up": {"uv": [46, 38], "uv_size": [4, 4]},
								"down": {"uv": [45, 50], "uv_size": [4, -4]}
							}
						}
					]
				},
				{
					"name": "leftLeg",
					"parent": "waist",
					"pivot": [1.9, 12, 0],
					"cubes": [
						{
							"origin": [0, 0, -2],
							"size": [4, 12, 4],
							"inflate": 0.1,
							"uv": {
								"north": {"uv": [33, 32], "uv_size": [4, 12]},
								"east": {"uv": [36, 0], "uv_size": [4, 12]},
								"south": {"uv": [36, 12], "uv_size": [4, 12]},
								"west": {"uv": [16, 36], "uv_size": [4, 12]},
								"up": {"uv": [20, 47], "uv_size": [4, 4]},
								"down": {"uv": [24, 51], "uv_size": [4, -4]}
							}
						}
					]
				}
			]
		}
	]
}