{
	"format_version": "1.12.0",
	"minecraft:geometry": [
		{
			"description": {
				"identifier": "geometry.deku_dark_suit",
				"texture_width": 64,
				"texture_height": 64,
				"visible_bounds_width": 4,
				"visible_bounds_height": 5,
				"visible_bounds_offset": [0, 1.5, 0]
			},
			"bones": [
				{
					"name": "root",
					"pivot": [0, 0, 0]
				},
				{
					"name": "waist",
					"parent": "root",
					"pivot": [0, 12, 0]
				},
				{
					"name": "body",
					"parent": "waist",
					"pivot": [0, 24, 0],
					"cubes": [
						{
							"origin": [-4, 12, -2],
							"size": [8, 12, 4],
							"inflate": 0.1,
							"uv": {
								"north": {"uv": [20, 20], "uv_size": [8, 12]},
								"east": {"uv": [16, 20], "uv_size": [4, 12]},
								"south": {"uv": [32, 20], "uv_size": [8, 12]},
								"west": {"uv": [28, 20], "uv_size": [4, 12]},
								"up": {"uv": [20, 16], "uv_size": [8, 4]},
								"down": {"uv": [28, 20], "uv_size": [8, -4]}
							}
						},
						{
							"origin": [-4, 16.5, -3.59375],
							"size": [8, 6.8125, 4.71875],
							"pivot": [0, 20.34375, 0],
							"rotation": [-17.5, 0, 0],
							"uv": {
								"north": {"uv": [11.65625, 34.9375], "uv_size": [6.67188, 8.25]},
								"east": {"uv": [19.96875, 36.96875], "uv_size": [8.03125, 7.85938]},
								"south": {"uv": [19.96875, 36.96875], "uv_size": [8.03125, 7.85938]},
								"west": {"uv": [19.96875, 36.96875], "uv_size": [8.03125, 7.85938]},
								"up": {"uv": [28, 44.82813], "uv_size": [-8.03125, -7.85937]},
								"down": {"uv": [28, 44.82813], "uv_size": [-8.03125, -7.85937]}
							}
						},
						{
							"origin": [-5.79687, 8.78125, -0.78125],
							"size": [11.59375, 14.53125, 4.71875],
							"pivot": [1.79687, 20.34375, 0],
							"rotation": [17.5, 0, 0],
							"uv": {
								"north": {"uv": [19.96875, 36.96875], "uv_size": [8.03125, 7.85938]},
								"east": {"uv": [19.96875, 36.96875], "uv_size": [8.03125, 7.85938]},
								"south": {"uv": [11.65625, 34.9375], "uv_size": [6.67188, 8.25]},
								"west": {"uv": [19.96875, 36.96875], "uv_size": [8.03125, 7.85938]},
								"up": {"uv": [19.96875, 36.96875], "uv_size": [8.03125, 7.85938]},
								"down": {"uv": [19.96875, 36.96875], "uv_size": [8.03125, 7.85938]}
							}
						},
						{
							"origin": [-3.54687, 8.65625, -0.78125],
							"size": [9.34375, 14.65625, 4.71875],
							"pivot": [1.79687, 20.34375, 0],
							"rotation": [20.257, 32.9741, -4.33534],
							"uv": {
								"north": {"uv": [19.96875, 36.96875], "uv_size": [8.03125, 7.85938]},
								"east": {"uv": [19.96875, 36.96875], "uv_size": [8.03125, 7.85938]},
								"south": {"uv": [11.65625, 34.9375], "uv_size": [6.67188, 8.25]},
								"west": {"uv": [19.96875, 36.96875], "uv_size": [8.03125, 7.85938]},
								"up": {"uv": [19.96875, 36.96875], "uv_size": [8.03125, 7.85938]},
								"down": {"uv": [19.96875, 36.96875], "uv_size": [8.03125, 7.85938]}
							}
						},
						{
							"origin": [-5.79687, 8.625, -0.78125],
							"size": [7.9375, 14.6875, 4.71875],
							"pivot": [-1.79687, 20.34375, 0],
							"rotation": [20.257, -32.9741, 4.33534],
							"uv": {
								"north": {"uv": [28, 36.96875], "uv_size": [-8.03125, 7.85938]},
								"east": {"uv": [28, 36.96875], "uv_size": [-8.03125, 7.85938]},
								"south": {"uv": [18.32813, 34.9375], "uv_size": [-6.67187, 8.25]},
								"west": {"uv": [28, 36.96875], "uv_size": [-8.03125, 7.85938]},
								"up": {"uv": [28, 36.96875], "uv_size": [-8.03125, 7.85938]},
								"down": {"uv": [28, 36.96875], "uv_size": [-8.03125, 7.85938]}
							}
						},
						{
							"origin": [-7.65625, 17.46875, 0.375],
							"size": [5.4375, 5.5625, 3.25],
							"pivot": [0, 20.34375, 0],
							"rotation": [-162.33043, 4.20622, 172.24181],
							"uv": {
								"north": {"uv": [28, 36.96875], "uv_size": [-8.03125, 7.85938]},
								"east": {"uv": [28, 36.96875], "uv_size": [-8.03125, 7.85938]},
								"south": {"uv": [18.32813, 34.9375], "uv_size": [-6.67187, 8.25]},
								"west": {"uv": [28, 36.96875], "uv_size": [-8.03125, 7.85938]},
								"up": {"uv": [16.96875, 36.53125], "uv_size": [-3.25, 2.07813]},
								"down": {"uv": [28, 36.96875], "uv_size": [-8.03125, 7.85938]}
							}
						},
						{
							"origin": [2.21875, 17.46875, 0.375],
							"size": [5.4375, 5.5625, 3.25],
							"pivot": [0, 20.34375, 0],
							"rotation": [-162.33043, -4.20622, -172.24181],
							"uv": {
								"north": {"uv": [19.96875, 36.96875], "uv_size": [8.03125, 7.85938]},
								"east": {"uv": [19.96875, 36.96875], "uv_size": [8.03125, 7.85938]},
								"south": {"uv": [11.65625, 34.9375], "uv_size": [6.67188, 8.25]},
								"west": {"uv": [19.96875, 36.96875], "uv_size": [8.03125, 7.85938]},
								"up": {"uv": [13.71875, 36.53125], "uv_size": [3.25, 2.07813]},
								"down": {"uv": [19.96875, 36.96875], "uv_size": [8.03125, 7.85938]}
							}
						},
						{
							"origin": [2.375, 14.875, 0.78125],
							"size": [5.375, 7.78125, 5.4375],
							"pivot": [0, 20.34375, 0],
							"rotation": [1.73934, 31.35169, -20.25395],
							"uv": {
								"north": {"uv": [28, 36.96875], "uv_size": [-8.03125, 7.85938]},
								"east": {"uv": [17.15625, 36.73438], "uv_size": [-4.625, 7.4375]},
								"south": {"uv": [18.375, 35.54688], "uv_size": [-6.71875, 7.64063]},
								"west": {"uv": [17.875, 35.98438], "uv_size": [-6.0625, 8.51563]},
								"up": {"uv": [16.96875, 36.53125], "uv_size": [-3.25, 2.07813]},
								"down": {"uv": [28, 36.96875], "uv_size": [-8.03125, 7.85938]}
							}
						},
						{
							"origin": [-7.75, 14.90625, 0.78125],
							"size": [5.375, 7.75, 5.4375],
							"pivot": [0, 20.34375, 0],
							"rotation": [1.73934, -31.35169, 20.25395],
							"uv": {
								"north": {"uv": [19.96875, 36.96875], "uv_size": [8.03125, 7.85938]},
								"east": {"uv": [11.8125, 35.98438], "uv_size": [6.0625, 8.51563]},
								"south": {"uv": [11.65625, 35.54688], "uv_size": [6.71875, 7.64063]},
								"west": {"uv": [12.53125, 36.73438], "uv_size": [4.625, 7.4375]},
								"up": {"uv": [13.71875, 36.53125], "uv_size": [3.25, 2.07813]},
								"down": {"uv": [19.96875, 36.96875], "uv_size": [8.03125, 7.85938]}
							}
						},
						{
							"origin": [-0.03125, 9.46875, 5.03125],
							"size": [4.40625, 12.78125, 3.65625],
							"pivot": [0, 20.34375, 0],
							"rotation": [105.30764, -31.18936, -93.41842],
							"uv": {
								"north": {"uv": [19.96875, 36.96875], "uv_size": [8.03125, 7.85938]},
								"east": {"uv": [19.96875, 36.96875], "uv_size": [8.03125, 7.85938]},
								"south": {"uv": [11.65625, 35.54688], "uv_size": [6.71875, 7.64063]},
								"west": {"uv": [11.70313, 36.84375], "uv_size": [6.07813, 7.73438]},
								"up": {"uv": [13.71875, 36.53125], "uv_size": [3.25, 2.07813]},
								"down": {"uv": [19.96875, 36.96875], "uv_size": [8.03125, 7.85938]}
							}
						},
						{
							"origin": [-4.375, 9.46875, 5.03125],
							"size": [4.40625, 12.78125, 3.65625],
							"pivot": [0, 20.34375, 0],
							"rotation": [105.30764, 31.18936, 93.41842],
							"uv": {
								"north": {"uv": [28, 36.96875], "uv_size": [-8.03125, 7.85938]},
								"east": {"uv": [17.78125, 36.84375], "uv_size": [-6.07812, 7.73438]},
								"south": {"uv": [18.375, 35.54688], "uv_size": [-6.71875, 7.64063]},
								"west": {"uv": [28, 36.96875], "uv_size": [-8.03125, 7.85938]},
								"up": {"uv": [16.96875, 36.53125], "uv_size": [-3.25, 2.07813]},
								"down": {"uv": [28, 36.96875], "uv_size": [-8.03125, 7.85938]}
							}
						},
						{
							"origin": [-4.25, 12.40625, -2.15625],
							"size": [1.4375, 2.0625, 4.5],
							"uv": {
								"north": {"uv": [18.79688, 30.04688], "uv_size": [1.03125, 0.90625]},
								"east": {"uv": [18.79688, 30.04688], "uv_size": [1.03125, 0.90625]},
								"south": {"uv": [18.79688, 30.04688], "uv_size": [1.03125, 0.90625]},
								"west": {"uv": [18.79688, 30.04688], "uv_size": [1.03125, 0.90625]},
								"up": {"uv": [19.82813, 30.95313], "uv_size": [-1.03125, -0.90625]},
								"down": {"uv": [19.82813, 30.95313], "uv_size": [-1.03125, -0.90625]}
							}
						},
						{
							"origin": [2.8125, 12.40625, -2.15625],
							"size": [1.4375, 2.0625, 4.5],
							"uv": {
								"north": {"uv": [19.82813, 30.04688], "uv_size": [-1.03125, 0.90625]},
								"east": {"uv": [19.82813, 30.04688], "uv_size": [-1.03125, 0.90625]},
								"south": {"uv": [19.82813, 30.04688], "uv_size": [-1.03125, 0.90625]},
								"west": {"uv": [19.82813, 30.04688], "uv_size": [-1.03125, 0.90625]},
								"up": {"uv": [18.79688, 30.95313], "uv_size": [1.03125, -0.90625]},
								"down": {"uv": [18.79688, 30.95313], "uv_size": [1.03125, -0.90625]}
							}
						},
						{
							"origin": [0.875, 12.40625, -2.15625],
							"size": [1.6875, 2.0625, 4.5],
							"uv": {
								"north": {"uv": [19.82813, 30.04688], "uv_size": [-1.03125, 0.90625]},
								"east": {"uv": [19.82813, 30.04688], "uv_size": [-1.03125, 0.90625]},
								"south": {"uv": [19.82813, 30.04688], "uv_size": [-1.03125, 0.90625]},
								"west": {"uv": [19.82813, 30.04688], "uv_size": [-1.03125, 0.90625]},
								"up": {"uv": [18.79688, 30.95313], "uv_size": [1.03125, -0.90625]},
								"down": {"uv": [18.79688, 30.95313], "uv_size": [1.03125, -0.90625]}
							}
						},
						{
							"origin": [-0.67187, 12.40625, -0.90625],
							"size": [1.34375, 2.0625, 3.25],
							"uv": {
								"north": {"uv": [19.82813, 30.04688], "uv_size": [-1.03125, 0.90625]},
								"east": {"uv": [19.82813, 30.04688], "uv_size": [-1.03125, 0.90625]},
								"south": {"uv": [19.82813, 30.04688], "uv_size": [-1.03125, 0.90625]},
								"west": {"uv": [19.82813, 30.04688], "uv_size": [-1.03125, 0.90625]},
								"up": {"uv": [18.79688, 30.95313], "uv_size": [1.03125, -0.90625]},
								"down": {"uv": [18.79688, 30.95313], "uv_size": [1.03125, -0.90625]}
							}
						},
						{
							"origin": [-2.5625, 12.40625, -2.15625],
							"size": [1.6875, 2.0625, 4.5],
							"uv": {
								"north": {"uv": [18.79688, 30.04688], "uv_size": [1.03125, 0.90625]},
								"east": {"uv": [18.79688, 30.04688], "uv_size": [1.03125, 0.90625]},
								"south": {"uv": [18.79688, 30.04688], "uv_size": [1.03125, 0.90625]},
								"west": {"uv": [18.79688, 30.04688], "uv_size": [1.03125, 0.90625]},
								"up": {"uv": [19.82813, 30.95313], "uv_size": [-1.03125, -0.90625]},
								"down": {"uv": [19.82813, 30.95313], "uv_size": [-1.03125, -0.90625]}
							}
						}
					]
				},
				{
					"name": "head",
					"parent": "body",
					"pivot": [0, 24, 0],
					"cubes": [
						{
							"origin": [-4, 25.0625, -4],
							"size": [8, 6.85, 0.84375],
							"inflate": 0.1,
							"uv": {
								"north": {"uv": [8, 8], "uv_size": [8, 8]},
								"east": {"uv": [5.04688, 8], "uv_size": [2.95313, 2.625]},
								"south": {"uv": [24, 8], "uv_size": [8, 8]},
								"west": {"uv": [16, 8], "uv_size": [3.65625, 3.45313]},
								"up": {"uv": [8, 6.5], "uv_size": [7.29688, 1.5]},
								"down": {"uv": [16, 8], "uv_size": [8, -8]}
							}
						},
						{
							"origin": [-4, 24, -3.25],
							"size": [8, 8, 7.25],
							"inflate": 0.125,
							"uv": {
								"north": {"uv": [8, 8], "uv_size": [8, 8]},
								"east": {"uv": [0, 8], "uv_size": [8, 8]},
								"south": {"uv": [24, 8], "uv_size": [8, 8]},
								"west": {"uv": [16, 8], "uv_size": [8, 8]},
								"up": {"uv": [8, 0], "uv_size": [8, 8]},
								"down": {"uv": [16, 8], "uv_size": [8, -8]}
							}
						},
						{
							"origin": [2.39063, 30.96875, -4.65625],
							"size": [0.3125, 0.875, 1.625],
							"uv": {
								"north": {"uv": [9.73438, 6.17188], "uv_size": [0.01563, 0.34375]},
								"east": {"uv": [9.73438, 6.17188], "uv_size": [0.01563, 0.34375]},
								"south": {"uv": [9.73438, 6.17188], "uv_size": [0.01563, 0.34375]},
								"west": {"uv": [9.73438, 6.17188], "uv_size": [0.01563, 0.34375]},
								"up": {"uv": [9.75, 6.51563], "uv_size": [-0.01562, -0.34375]},
								"down": {"uv": [9.75, 6.51563], "uv_size": [-0.01562, -0.34375]}
							}
						},
						{
							"origin": [-0.54687, 30.96875, -4.65625],
							"size": [0.3125, 0.875, 1.625],
							"uv": {
								"north": {"uv": [9.73438, 6.17188], "uv_size": [0.01563, 0.34375]},
								"east": {"uv": [9.73438, 6.17188], "uv_size": [0.01563, 0.34375]},
								"south": {"uv": [9.73438, 6.17188], "uv_size": [0.01563, 0.34375]},
								"west": {"uv": [9.73438, 6.17188], "uv_size": [0.01563, 0.34375]},
								"up": {"uv": [9.75, 6.51563], "uv_size": [-0.01562, -0.34375]},
								"down": {"uv": [9.75, 6.51563], "uv_size": [-0.01562, -0.34375]}
							}
						},
						{
							"origin": [-2.70312, 30.96875, -4.65625],
							"size": [0.3125, 0.875, 1.625],
							"uv": {
								"north": {"uv": [9.75, 6.17188], "uv_size": [-0.01562, 0.34375]},
								"east": {"uv": [9.75, 6.17188], "uv_size": [-0.01562, 0.34375]},
								"south": {"uv": [9.75, 6.17188], "uv_size": [-0.01562, 0.34375]},
								"west": {"uv": [9.75, 6.17188], "uv_size": [-0.01562, 0.34375]},
								"up": {"uv": [9.73438, 6.51563], "uv_size": [0.01563, -0.34375]},
								"down": {"uv": [9.73438, 6.51563], "uv_size": [0.01563, -0.34375]}
							}
						},
						{
							"origin": [-3.35937, 28.875, -4.53125],
							"size": [6.71875, 2.875, 1.5],
							"uv": {
								"north": {"uv": [15.01563, 4.4375], "uv_size": [0.65625, 1.9375]},
								"east": {"uv": [8.29688, 4.4375], "uv_size": [7.375, 3.5625]},
								"south": {"uv": [8.29688, 4.4375], "uv_size": [7.375, 3.5625]},
								"west": {"uv": [8.29688, 4.4375], "uv_size": [7.375, 3.5625]},
								"up": {"uv": [15.67188, 8], "uv_size": [-7.375, -3.5625]},
								"down": {"uv": [15.67188, 8], "uv_size": [-7.375, -3.5625]}
							}
						},
						{
							"origin": [-3.73437, 25.09375, -4.59375],
							"size": [7.46875, 6.03125, 1.5625],
							"uv": {
								"north": {"uv": [0.42188, 33.04688], "uv_size": [8, 8]},
								"east": {"uv": [6.76563, 8.39063], "uv_size": [0.59375, 7.46875]},
								"south": {"uv": [9.07813, 49.54688], "uv_size": [8, 8]},
								"west": {"uv": [16.57813, 7.9375], "uv_size": [0.70313, 7.82813]},
								"up": {"uv": [15.67188, 8], "uv_size": [-7.375, -3.5625]},
								"down": {"uv": [21.73438, 8], "uv_size": [-3.65625, -0.82812]}
							}
						},
						{
							"origin": [-3.73437, 23.5625, -3.8125],
							"size": [7.46875, 1.96875, 2.125],
							"uv": {
								"north": {"uv": [11.20313, 25.48438], "uv_size": [1.95313, 2.65625]},
								"east": {"uv": [11.20313, 25.48438], "uv_size": [1.95313, 2.65625]},
								"south": {"uv": [11.20313, 25.48438], "uv_size": [1.95313, 2.65625]},
								"west": {"uv": [11.20313, 25.48438], "uv_size": [1.95313, 2.65625]},
								"up": {"uv": [13.15625, 28.14063], "uv_size": [-1.95312, -2.65625]},
								"down": {"uv": [13.15625, 28.14063], "uv_size": [-1.95312, -2.65625]}
							}
						},
						{
							"origin": [-4.23437, 24.40625, -4.625],
							"size": [1.59375, 1.84375, 1.4375],
							"pivot": [0, 25.59375, 0],
							"rotation": [0, 0, -12.5],
							"uv": {
								"north": {"uv": [11.20313, 25.48438], "uv_size": [1.95313, 2.65625]},
								"east": {"uv": [11.20313, 25.48438], "uv_size": [1.95313, 2.65625]},
								"south": {"uv": [11.20313, 25.48438], "uv_size": [1.95313, 2.65625]},
								"west": {"uv": [11.20313, 25.48438], "uv_size": [1.95313, 2.65625]},
								"up": {"uv": [13.15625, 28.14063], "uv_size": [-1.95312, -2.65625]},
								"down": {"uv": [13.15625, 28.14063], "uv_size": [-1.95312, -2.65625]}
							}
						},
						{
							"origin": [2.64062, 24.40625, -4.625],
							"size": [1.59375, 1.84375, 1.4375],
							"pivot": [0, 25.59375, 0],
							"rotation": [0, 0, 12.5],
							"uv": {
								"north": {"uv": [13.15626, 25.48438], "uv_size": [-1.95313, 2.65625]},
								"east": {"uv": [13.15626, 25.48438], "uv_size": [-1.95313, 2.65625]},
								"south": {"uv": [13.15626, 25.48438], "uv_size": [-1.95313, 2.65625]},
								"west": {"uv": [13.15626, 25.48438], "uv_size": [-1.95313, 2.65625]},
								"up": {"uv": [11.20313, 28.14063], "uv_size": [1.95312, -2.65625]},
								"down": {"uv": [11.20313, 28.14063], "uv_size": [1.95312, -2.65625]}
							}
						}
					]
				},
				{
					"name": "zoreia",
					"parent": "head",
					"pivot": [4.125, 33.8125, -1.84375],
					"rotation": [-47.3076, 3.37506, -3.97363],
					"cubes": [
						{
							"origin": [-1.3125, 33.1875, -1.4375],
							"size": [12.125, 7.8125, 0],
							"pivot": [4.125, 36.625, -1.375],
							"rotation": [0, 0, -35],
							"uv": {
								"north": {"uv": [9.5625, 48.625], "uv_size": [9.20313, 10.375]},
								"east": {"uv": [0.59375, 11.6875], "uv_size": [2, 2]},
								"south": {"uv": [0.59375, 11.6875], "uv_size": [2, 2]},
								"west": {"uv": [0.59375, 11.6875], "uv_size": [2, 2]},
								"up": {"uv": [2.59375, 13.6875], "uv_size": [-2, -2]},
								"down": {"uv": [2.59375, 13.6875], "uv_size": [-2, -2]}
							}
						},
						{
							"origin": [0.75, 30.46875, -1.59375],
							"size": [1.71875, 3.3125, 2],
							"uv": {
								"north": {"uv": [11.67188, 55.75], "uv_size": [1.6875, 1.5625]},
								"east": {"uv": [11.67188, 55.75], "uv_size": [1.6875, 1.5625]},
								"south": {"uv": [11.67188, 55.75], "uv_size": [1.6875, 1.5625]},
								"west": {"uv": [11.67188, 55.75], "uv_size": [1.6875, 1.5625]},
								"up": {"uv": [13.35938, 57.3125], "uv_size": [-1.6875, -1.5625]},
								"down": {"uv": [13.35938, 57.3125], "uv_size": [-1.6875, -1.5625]}
							}
						},
						{
							"origin": [1.34375, 30.46875, -2.3125],
							"size": [2.65625, 1.75, 2.71875],
							"uv": {
								"north": {"uv": [11.67188, 55.75], "uv_size": [1.6875, 1.5625]},
								"east": {"uv": [11.67188, 55.75], "uv_size": [1.6875, 1.5625]},
								"south": {"uv": [11.67188, 55.75], "uv_size": [1.6875, 1.5625]},
								"west": {"uv": [11.67188, 55.75], "uv_size": [1.6875, 1.5625]},
								"up": {"uv": [13.35938, 57.3125], "uv_size": [-1.6875, -1.5625]},
								"down": {"uv": [13.35938, 57.3125], "uv_size": [-1.6875, -1.5625]}
							}
						},
						{
							"origin": [0.0625, 30.46875, -1.65625],
							"size": [2.625, 1.75, 2.0625],
							"uv": {
								"north": {"uv": [11.67188, 55.75], "uv_size": [1.6875, 1.5625]},
								"east": {"uv": [11.67188, 55.75], "uv_size": [1.6875, 1.5625]},
								"south": {"uv": [11.67188, 55.75], "uv_size": [1.6875, 1.5625]},
								"west": {"uv": [11.67188, 55.75], "uv_size": [1.6875, 1.5625]},
								"up": {"uv": [13.35938, 57.3125], "uv_size": [-1.6875, -1.5625]},
								"down": {"uv": [13.35938, 57.3125], "uv_size": [-1.6875, -1.5625]}
							}
						},
						{
							"origin": [2.28125, 31.21875, -1.875],
							"size": [3.46875, 1, 0.78125],
							"pivot": [2.40625, 30.875, -1.84375],
							"rotation": [-3.08877, 14.10533, -17.68918],
							"uv": {
								"north": {"uv": [11.67188, 55.75], "uv_size": [1.6875, 1.5625]},
								"east": {"uv": [11.67188, 55.75], "uv_size": [1.6875, 1.5625]},
								"south": {"uv": [11.67188, 55.75], "uv_size": [1.6875, 1.5625]},
								"west": {"uv": [11.67188, 55.75], "uv_size": [1.6875, 1.5625]},
								"up": {"uv": [13.35938, 57.3125], "uv_size": [-1.6875, -1.5625]},
								"down": {"uv": [13.35938, 57.3125], "uv_size": [-1.6875, -1.5625]}
							}
						},
						{
							"origin": [1.34375, 31.75, -2.03125],
							"size": [2.65625, 1.34375, 2.71875],
							"uv": {
								"north": {"uv": [11.67188, 55.75], "uv_size": [1.6875, 1.5625]},
								"east": {"uv": [11.67188, 55.75], "uv_size": [1.6875, 1.5625]},
								"south": {"uv": [11.67188, 55.75], "uv_size": [1.6875, 1.5625]},
								"west": {"uv": [11.67188, 55.75], "uv_size": [1.6875, 1.5625]},
								"up": {"uv": [13.35938, 57.3125], "uv_size": [-1.6875, -1.5625]},
								"down": {"uv": [13.35938, 57.3125], "uv_size": [-1.6875, -1.5625]}
							}
						},
						{
							"origin": [2.5, 30.96875, -2.03125],
							"size": [3.40625, 2.03125, 0.9375],
							"pivot": [2.40625, 30.875, -1.84375],
							"rotation": [-18.32723, -1.91747, -42.43719],
							"uv": {
								"north": {"uv": [11.67188, 55.75], "uv_size": [1.6875, 1.5625]},
								"east": {"uv": [11.67188, 55.75], "uv_size": [1.6875, 1.5625]},
								"south": {"uv": [11.67188, 55.75], "uv_size": [1.6875, 1.5625]},
								"west": {"uv": [11.67188, 55.75], "uv_size": [1.6875, 1.5625]},
								"up": {"uv": [13.35938, 57.3125], "uv_size": [-1.6875, -1.5625]},
								"down": {"uv": [13.35938, 57.3125], "uv_size": [-1.6875, -1.5625]}
							}
						},
						{
							"origin": [3.5, 31.5625, -2.78125],
							"size": [2.6875, 1.96875, 1.25],
							"pivot": [2.40625, 30.875, -1.84375],
							"rotation": [-18.32723, -1.91747, -42.43719],
							"uv": {
								"north": {"uv": [11.67188, 55.75], "uv_size": [1.6875, 1.5625]},
								"east": {"uv": [11.67188, 55.75], "uv_size": [1.6875, 1.5625]},
								"south": {"uv": [11.67188, 55.75], "uv_size": [1.6875, 1.5625]},
								"west": {"uv": [11.67188, 55.75], "uv_size": [1.6875, 1.5625]},
								"up": {"uv": [13.35938, 57.3125], "uv_size": [-1.6875, -1.5625]},
								"down": {"uv": [13.35938, 57.3125], "uv_size": [-1.6875, -1.5625]}
							}
						},
						{
							"origin": [4.46875, 31.78125, -3.03125],
							"size": [3.65625, 0.78125, 0.75],
							"pivot": [2.40625, 30.875, -1.84375],
							"rotation": [-18.32723, -1.91747, -42.43719],
							"uv": {
								"north": {"uv": [11.67188, 55.75], "uv_size": [1.6875, 1.5625]},
								"east": {"uv": [11.67188, 55.75], "uv_size": [1.6875, 1.5625]},
								"south": {"uv": [11.67188, 55.75], "uv_size": [1.6875, 1.5625]},
								"west": {"uv": [11.67188, 55.75], "uv_size": [1.6875, 1.5625]},
								"up": {"uv": [13.35938, 57.3125], "uv_size": [-1.6875, -1.5625]},
								"down": {"uv": [13.35938, 57.3125], "uv_size": [-1.6875, -1.5625]}
							}
						},
						{
							"origin": [0.03125, 31.5, -2.21875],
							"size": [8, 5.25, 0],
							"pivot": [4.125, 35.3125, -1.84375],
							"rotation": [10.24139, -2.10849, -14.09858],
							"uv": {
								"north": {"uv": [9.5625, 48.625], "uv_size": [9.20313, 10.375]},
								"east": {"uv": [0.59375, 11.6875], "uv_size": [2, 2]},
								"south": {"uv": [0.59375, 11.6875], "uv_size": [2, 2]},
								"west": {"uv": [0.59375, 11.6875], "uv_size": [2, 2]},
								"up": {"uv": [2.59375, 13.6875], "uv_size": [-2, -2]},
								"down": {"uv": [2.59375, 13.6875], "uv_size": [-2, -2]}
							}
						}
					]
				},
				{
					"name": "zoreia2",
					"parent": "head",
					"pivot": [-4.125, 33.8125, -1.84375],
					"rotation": [-47.3076, -3.37506, 3.97363],
					"cubes": [
						{
							"origin": [-11.03125, 33.1875, -1.4375],
							"size": [12.34375, 6.1875, 0],
							"pivot": [-4.125, 36.625, -1.375],
							"rotation": [0, 0, 35],
							"uv": {
								"north": {"uv": [18.76563, 48.625], "uv_size": [-9.20312, 10.375]},
								"east": {"uv": [2.59375, 11.6875], "uv_size": [-2, 2]},
								"south": {"uv": [2.59375, 11.6875], "uv_size": [-2, 2]},
								"west": {"uv": [2.59375, 11.6875], "uv_size": [-2, 2]},
								"up": {"uv": [0.59375, 13.6875], "uv_size": [2, -2]},
								"down": {"uv": [0.59375, 13.6875], "uv_size": [2, -2]}
							}
						},
						{
							"origin": [-2.46875, 30.46875, -1.59375],
							"size": [1.71875, 3.3125, 2],
							"uv": {
								"north": {"uv": [13.35938, 55.75], "uv_size": [-1.6875, 1.5625]},
								"east": {"uv": [13.35938, 55.75], "uv_size": [-1.6875, 1.5625]},
								"south": {"uv": [13.35938, 55.75], "uv_size": [-1.6875, 1.5625]},
								"west": {"uv": [13.35938, 55.75], "uv_size": [-1.6875, 1.5625]},
								"up": {"uv": [11.67188, 57.3125], "uv_size": [1.6875, -1.5625]},
								"down": {"uv": [11.67188, 57.3125], "uv_size": [1.6875, -1.5625]}
							}
						},
						{
							"origin": [-4, 30.46875, -2.3125],
							"size": [2.65625, 1.75, 2.71875],
							"uv": {
								"north": {"uv": [13.35938, 55.75], "uv_size": [-1.6875, 1.5625]},
								"east": {"uv": [13.35938, 55.75], "uv_size": [-1.6875, 1.5625]},
								"south": {"uv": [13.35938, 55.75], "uv_size": [-1.6875, 1.5625]},
								"west": {"uv": [13.35938, 55.75], "uv_size": [-1.6875, 1.5625]},
								"up": {"uv": [11.67188, 57.3125], "uv_size": [1.6875, -1.5625]},
								"down": {"uv": [11.67188, 57.3125], "uv_size": [1.6875, -1.5625]}
							}
						},
						{
							"origin": [-2.6875, 30.46875, -1.65625],
							"size": [2.625, 1.75, 2.0625],
							"uv": {
								"north": {"uv": [13.35938, 55.75], "uv_size": [-1.6875, 1.5625]},
								"east": {"uv": [13.35938, 55.75], "uv_size": [-1.6875, 1.5625]},
								"south": {"uv": [13.35938, 55.75], "uv_size": [-1.6875, 1.5625]},
								"west": {"uv": [13.35938, 55.75], "uv_size": [-1.6875, 1.5625]},
								"up": {"uv": [11.67188, 57.3125], "uv_size": [1.6875, -1.5625]},
								"down": {"uv": [11.67188, 57.3125], "uv_size": [1.6875, -1.5625]}
							}
						},
						{
							"origin": [-5.75, 31.21875, -1.875],
							"size": [3.46875, 1, 0.78125],
							"pivot": [-2.40625, 30.875, -1.84375],
							"rotation": [-3.08877, -14.10533, 17.68918],
							"uv": {
								"north": {"uv": [13.35938, 55.75], "uv_size": [-1.6875, 1.5625]},
								"east": {"uv": [13.35938, 55.75], "uv_size": [-1.6875, 1.5625]},
								"south": {"uv": [13.35938, 55.75], "uv_size": [-1.6875, 1.5625]},
								"west": {"uv": [13.35938, 55.75], "uv_size": [-1.6875, 1.5625]},
								"up": {"uv": [11.67188, 57.3125], "uv_size": [1.6875, -1.5625]},
								"down": {"uv": [11.67188, 57.3125], "uv_size": [1.6875, -1.5625]}
							}
						},
						{
							"origin": [-4, 31.75, -2.03125],
							"size": [2.65625, 1.34375, 2.71875],
							"uv": {
								"north": {"uv": [13.35938, 55.75], "uv_size": [-1.6875, 1.5625]},
								"east": {"uv": [13.35938, 55.75], "uv_size": [-1.6875, 1.5625]},
								"south": {"uv": [13.35938, 55.75], "uv_size": [-1.6875, 1.5625]},
								"west": {"uv": [13.35938, 55.75], "uv_size": [-1.6875, 1.5625]},
								"up": {"uv": [11.67188, 57.3125], "uv_size": [1.6875, -1.5625]},
								"down": {"uv": [11.67188, 57.3125], "uv_size": [1.6875, -1.5625]}
							}
						},
						{
							"origin": [-5.90625, 30.96875, -2.03125],
							"size": [3.40625, 2.03125, 0.9375],
							"pivot": [-2.40625, 30.875, -1.84375],
							"rotation": [-18.32723, 1.91747, 42.43719],
							"uv": {
								"north": {"uv": [13.35938, 55.75], "uv_size": [-1.6875, 1.5625]},
								"east": {"uv": [13.35938, 55.75], "uv_size": [-1.6875, 1.5625]},
								"south": {"uv": [13.35938, 55.75], "uv_size": [-1.6875, 1.5625]},
								"west": {"uv": [13.35938, 55.75], "uv_size": [-1.6875, 1.5625]},
								"up": {"uv": [11.67188, 57.3125], "uv_size": [1.6875, -1.5625]},
								"down": {"uv": [11.67188, 57.3125], "uv_size": [1.6875, -1.5625]}
							}
						},
						{
							"origin": [-6.1875, 31.5625, -2.78125],
							"size": [2.6875, 1.96875, 1.25],
							"pivot": [-2.40625, 30.875, -1.84375],
							"rotation": [-18.32723, 1.91747, 42.43719],
							"uv": {
								"north": {"uv": [13.35938, 55.75], "uv_size": [-1.6875, 1.5625]},
								"east": {"uv": [13.35938, 55.75], "uv_size": [-1.6875, 1.5625]},
								"south": {"uv": [13.35938, 55.75], "uv_size": [-1.6875, 1.5625]},
								"west": {"uv": [13.35938, 55.75], "uv_size": [-1.6875, 1.5625]},
								"up": {"uv": [11.67188, 57.3125], "uv_size": [1.6875, -1.5625]},
								"down": {"uv": [11.67188, 57.3125], "uv_size": [1.6875, -1.5625]}
							}
						},
						{
							"origin": [-8.125, 31.78125, -3.03125],
							"size": [3.65625, 0.78125, 0.75],
							"pivot": [-2.40625, 30.875, -1.84375],
							"rotation": [-18.32723, 1.91747, 42.43719],
							"uv": {
								"north": {"uv": [13.35938, 55.75], "uv_size": [-1.6875, 1.5625]},
								"east": {"uv": [13.35938, 55.75], "uv_size": [-1.6875, 1.5625]},
								"south": {"uv": [13.35938, 55.75], "uv_size": [-1.6875, 1.5625]},
								"west": {"uv": [13.35938, 55.75], "uv_size": [-1.6875, 1.5625]},
								"up": {"uv": [11.67188, 57.3125], "uv_size": [1.6875, -1.5625]},
								"down": {"uv": [11.67188, 57.3125], "uv_size": [1.6875, -1.5625]}
							}
						},
						{
							"origin": [-8.03125, 31.5, -2.21875],
							"size": [8, 5.25, 0],
							"pivot": [-4.125, 35.3125, -1.84375],
							"rotation": [10.24139, 2.10849, 14.09858],
							"uv": {
								"north": {"uv": [18.76563, 48.625], "uv_size": [-9.20312, 10.375]},
								"east": {"uv": [2.59375, 11.6875], "uv_size": [-2, 2]},
								"south": {"uv": [2.59375, 11.6875], "uv_size": [-2, 2]},
								"west": {"uv": [2.59375, 11.6875], "uv_size": [-2, 2]},
								"up": {"uv": [0.59375, 13.6875], "uv_size": [2, -2]},
								"down": {"uv": [0.59375, 13.6875], "uv_size": [2, -2]}
							}
						}
					]
				},
				{
					"name": "van",
					"parent": "head",
					"pivot": [-0.28125, 24, 0]
				},
				{
					"name": "mask2",
					"parent": "van",
					"pivot": [-0.75, 23.6875, -0.125],
					"rotation": [0, -22.5, 0],
					"cubes": [
						{
							"origin": [-3.0016, 22.46469, -7.00925],
							"size": [0.97281, 1.27969, 1.85688],
							"pivot": [-0.99172, 22.94813, -3.70813],
							"rotation": [-47.5, 35, 0],
							"uv": {
								"north": {"uv": [31.32813, 37.9375], "uv_size": [1.79688, 1.85938]},
								"east": {"uv": [31.32813, 37.9375], "uv_size": [1.79688, 1.85938]},
								"south": {"uv": [31.32813, 37.9375], "uv_size": [1.79688, 1.85938]},
								"west": {"uv": [31.32813, 37.9375], "uv_size": [1.79688, 1.85938]},
								"up": {"uv": [33.125, 39.79688], "uv_size": [-1.79687, -1.85937]},
								"down": {"uv": [33.125, 39.79688], "uv_size": [-1.79687, -1.85937]}
							}
						},
						{
							"origin": [-3.0016, 23.54531, -6.358],
							"size": [0.97281, 1.45031, 2.82656],
							"pivot": [-0.99172, 22.94813, -3.70813],
							"rotation": [0, 35, 0],
							"uv": {
								"north": {"uv": [31.32813, 37.9375], "uv_size": [1.79688, 1.85938]},
								"east": {"uv": [31.32813, 37.9375], "uv_size": [1.79688, 1.85938]},
								"south": {"uv": [31.32813, 37.9375], "uv_size": [1.79688, 1.85938]},
								"west": {"uv": [31.32813, 37.9375], "uv_size": [1.79688, 1.85938]},
								"up": {"uv": [33.125, 39.79688], "uv_size": [-1.79687, -1.85937]},
								"down": {"uv": [33.125, 39.79688], "uv_size": [-1.79687, -1.85937]}
							}
						},
						{
							"origin": [-3.52786, 23.45156, -5.17913],
							"size": [1.09781, 1.04406, 1.92031],
							"pivot": [-3.21047, 23.91688, -3.70813],
							"rotation": [-17.2058, 36.6084, 9.03642],
							"uv": {
								"north": {"uv": [31.32813, 37.9375], "uv_size": [1.79688, 1.85938]},
								"east": {"uv": [31.32813, 37.9375], "uv_size": [1.79688, 1.85938]},
								"south": {"uv": [31.32813, 37.9375], "uv_size": [1.79688, 1.85938]},
								"west": {"uv": [31.32813, 37.9375], "uv_size": [1.79688, 1.85938]},
								"up": {"uv": [33.125, 39.79688], "uv_size": [-1.79687, -1.85937]},
								"down": {"uv": [33.125, 39.79688], "uv_size": [-1.79687, -1.85937]}
							}
						},
						{
							"origin": [-3.0641, 23.01406, -4.6705],
							"size": [0.91031, 2.63781, 1.48281],
							"pivot": [-0.39797, 23.07313, -4.14563],
							"rotation": [79.56651, 35.14943, 5.89069],
							"uv": {
								"north": {"uv": [31.32813, 37.9375], "uv_size": [1.79688, 1.85938]},
								"east": {"uv": [31.32813, 37.9375], "uv_size": [1.79688, 1.85938]},
								"south": {"uv": [31.32813, 37.9375], "uv_size": [1.79688, 1.85938]},
								"west": {"uv": [31.32813, 37.9375], "uv_size": [1.79688, 1.85938]},
								"up": {"uv": [33.125, 39.79688], "uv_size": [-1.79687, -1.85937]},
								"down": {"uv": [33.125, 39.79688], "uv_size": [-1.79687, -1.85937]}
							}
						}
					]
				},
				{
					"name": "mask4",
					"parent": "van",
					"pivot": [-1.5625, 23.6875, 0.09375],
					"rotation": [0, -22.5, 0],
					"cubes": [
						{
							"origin": [-3.8141, 22.46469, -6.6655],
							"size": [0.97281, 1.27969, 1.73188],
							"pivot": [-1.80422, 22.94813, -3.48938],
							"rotation": [-47.5, 35, 0],
							"uv": {
								"north": {"uv": [31.32813, 37.9375], "uv_size": [1.79688, 1.85938]},
								"east": {"uv": [31.32813, 37.9375], "uv_size": [1.79688, 1.85938]},
								"south": {"uv": [31.32813, 37.9375], "uv_size": [1.79688, 1.85938]},
								"west": {"uv": [31.32813, 37.9375], "uv_size": [1.79688, 1.85938]},
								"up": {"uv": [33.125, 39.79688], "uv_size": [-1.79687, -1.85937]},
								"down": {"uv": [33.125, 39.79688], "uv_size": [-1.79687, -1.85937]}
							}
						},
						{
							"origin": [-3.8141, 23.54531, -5.983],
							"size": [0.97281, 1.45031, 2.67031],
							"pivot": [-1.80422, 22.94813, -3.48938],
							"rotation": [0, 35, 0],
							"uv": {
								"north": {"uv": [31.32813, 37.9375], "uv_size": [1.79688, 1.85938]},
								"east": {"uv": [31.32813, 37.9375], "uv_size": [1.79688, 1.85938]},
								"south": {"uv": [31.32813, 37.9375], "uv_size": [1.79688, 1.85938]},
								"west": {"uv": [31.32813, 37.9375], "uv_size": [1.79688, 1.85938]},
								"up": {"uv": [33.125, 39.79688], "uv_size": [-1.79687, -1.85937]},
								"down": {"uv": [33.125, 39.79688], "uv_size": [-1.79687, -1.85937]}
							}
						},
						{
							"origin": [-3.8766, 23.01406, -4.2955],
							"size": [0.91031, 2.32531, 1.32656],
							"pivot": [-1.21047, 23.07313, -3.92688],
							"rotation": [79.56651, 35.14943, 5.89069],
							"uv": {
								"north": {"uv": [31.32813, 37.9375], "uv_size": [1.79688, 1.85938]},
								"east": {"uv": [31.32813, 37.9375], "uv_size": [1.79688, 1.85938]},
								"south": {"uv": [31.32813, 37.9375], "uv_size": [1.79688, 1.85938]},
								"west": {"uv": [31.32813, 37.9375], "uv_size": [1.79688, 1.85938]},
								"up": {"uv": [33.125, 39.79688], "uv_size": [-1.79687, -1.85937]},
								"down": {"uv": [33.125, 39.79688], "uv_size": [-1.79687, -1.85937]}
							}
						}
					]
				},
				{
					"name": "mask5",
					"parent": "van",
					"pivot": [-0.4375, 23.6875, -0.1875],
					"rotation": [0, -2.5, 0],
					"cubes": [
						{
							"origin": [-2.72035, 22.46469, -6.9155],
							"size": [1.00406, 1.27969, 1.70063],
							"pivot": [-0.67922, 22.94813, -3.77063],
							"rotation": [-47.5, 35, 0],
							"uv": {
								"north": {"uv": [31.32813, 37.9375], "uv_size": [1.79688, 1.85938]},
								"east": {"uv": [31.32813, 37.9375], "uv_size": [1.79688, 1.85938]},
								"south": {"uv": [31.32813, 37.9375], "uv_size": [1.79688, 1.85938]},
								"west": {"uv": [31.32813, 37.9375], "uv_size": [1.79688, 1.85938]},
								"up": {"uv": [33.125, 39.79688], "uv_size": [-1.79687, -1.85937]},
								"down": {"uv": [33.125, 39.79688], "uv_size": [-1.79687, -1.85937]}
							}
						},
						{
							"origin": [-2.72035, 23.63906, -6.20175],
							"size": [1.00406, 1.35656, 2.60781],
							"pivot": [-0.67922, 22.94813, -3.77063],
							"rotation": [0, 35, 0],
							"uv": {
								"north": {"uv": [31.32813, 37.9375], "uv_size": [1.79688, 1.85938]},
								"east": {"uv": [31.32813, 37.9375], "uv_size": [1.79688, 1.85938]},
								"south": {"uv": [31.32813, 37.9375], "uv_size": [1.79688, 1.85938]},
								"west": {"uv": [31.32813, 37.9375], "uv_size": [1.79688, 1.85938]},
								"up": {"uv": [33.125, 39.79688], "uv_size": [-1.79687, -1.85937]},
								"down": {"uv": [33.125, 39.79688], "uv_size": [-1.79687, -1.85937]}
							}
						},
						{
							"origin": [-2.78285, 23.01406, -4.5455],
							"size": [0.94156, 2.48156, 1.29531],
							"pivot": [-0.08547, 23.07313, -4.20813],
							"rotation": [79.56651, 35.14943, 5.89069],
							"uv": {
								"north": {"uv": [31.32813, 37.9375], "uv_size": [1.79688, 1.85938]},
								"east": {"uv": [31.32813, 37.9375], "uv_size": [1.79688, 1.85938]},
								"south": {"uv": [31.32813, 37.9375], "uv_size": [1.79688, 1.85938]},
								"west": {"uv": [31.32813, 37.9375], "uv_size": [1.79688, 1.85938]},
								"up": {"uv": [33.125, 39.79688], "uv_size": [-1.79687, -1.85937]},
								"down": {"uv": [33.125, 39.79688], "uv_size": [-1.79687, -1.85937]}
							}
						}
					]
				},
				{
					"name": "mask3",
					"parent": "van",
					"pivot": [-0.90625, 23.8125, -0.46875],
					"rotation": [0, -27.5, 0],
					"cubes": [
						{
							"origin": [-2.97965, 24.43281, -4.05633],
							"size": [1.31656, 1.84219, 1.76313],
							"pivot": [-3.27297, 25.79188, -4.05188],
							"rotation": [-61.79774, 46.741, -21.59001],
							"uv": {
								"north": {"uv": [31.32813, 37.9375], "uv_size": [1.79688, 1.85938]},
								"east": {"uv": [31.32813, 37.9375], "uv_size": [1.79688, 1.85938]},
								"south": {"uv": [31.32813, 37.9375], "uv_size": [1.79688, 1.85938]},
								"west": {"uv": [31.32813, 37.9375], "uv_size": [1.79688, 1.85938]},
								"up": {"uv": [33.125, 39.79688], "uv_size": [-1.79687, -1.85937]},
								"down": {"uv": [33.125, 39.79688], "uv_size": [-1.79687, -1.85937]}
							}
						},
						{
							"origin": [-2.38184, 25.40156, -4.11883],
							"size": [0.40625, 0.43594, 0.79438],
							"pivot": [-3.27297, 25.79188, -4.05188],
							"rotation": [-61.79774, 46.741, -21.59001],
							"uv": {
								"north": {"uv": [29.35938, 26.875], "uv_size": [1.3125, 1.17188]},
								"east": {"uv": [29.35938, 26.875], "uv_size": [1.3125, 1.17188]},
								"south": {"uv": [29.35938, 26.875], "uv_size": [1.3125, 1.17188]},
								"west": {"uv": [29.35938, 26.875], "uv_size": [1.3125, 1.17188]},
								"up": {"uv": [30.67188, 28.04688], "uv_size": [-1.3125, -1.17187]},
								"down": {"uv": [30.67188, 28.04688], "uv_size": [-1.3125, -1.17187]}
							}
						},
						{
							"origin": [-2.35059, 24.58906, -4.11883],
							"size": [0.40625, 0.52969, 0.79438],
							"pivot": [-3.27297, 25.79188, -4.05188],
							"rotation": [-61.79774, 46.741, -21.59001],
							"uv": {
								"north": {"uv": [29.6875, 26.28125], "uv_size": [1.03125, 1.21875]},
								"east": {"uv": [29.6875, 26.28125], "uv_size": [1.03125, 1.21875]},
								"south": {"uv": [29.6875, 26.28125], "uv_size": [1.03125, 1.21875]},
								"west": {"uv": [29.6875, 26.28125], "uv_size": [1.03125, 1.21875]},
								"up": {"uv": [30.71875, 27.5], "uv_size": [-1.03125, -1.21875]},
								"down": {"uv": [30.71875, 27.5], "uv_size": [-1.03125, -1.21875]}
							}
						},
						{
							"origin": [-2.59535, 23.42031, -6.38925],
							"size": [1.41031, 1.70031, 2.51406],
							"pivot": [-1.14797, 23.07313, -4.05188],
							"rotation": [0, 35, 0],
							"uv": {
								"north": {"uv": [31.32813, 37.9375], "uv_size": [1.79688, 1.85938]},
								"east": {"uv": [31.32813, 37.9375], "uv_size": [1.79688, 1.85938]},
								"south": {"uv": [31.32813, 37.9375], "uv_size": [1.79688, 1.85938]},
								"west": {"uv": [31.32813, 37.9375], "uv_size": [1.79688, 1.85938]},
								"up": {"uv": [33.125, 39.79688], "uv_size": [-1.79687, -1.85937]},
								"down": {"uv": [33.125, 39.79688], "uv_size": [-1.79687, -1.85937]}
							}
						},
						{
							"origin": [-2.53285, 22.82656, -4.38925],
							"size": [1.19156, 2.51281, 1.29531],
							"pivot": [-1.14797, 23.07313, -4.05188],
							"rotation": [77.5, 35, 0],
							"uv": {
								"north": {"uv": [31.32813, 37.9375], "uv_size": [1.79688, 1.85938]},
								"east": {"uv": [31.32813, 37.9375], "uv_size": [1.79688, 1.85938]},
								"south": {"uv": [31.32813, 37.9375], "uv_size": [1.79688, 1.85938]},
								"west": {"uv": [31.32813, 37.9375], "uv_size": [1.79688, 1.85938]},
								"up": {"uv": [33.125, 39.79688], "uv_size": [-1.79687, -1.85937]},
								"down": {"uv": [33.125, 39.79688], "uv_size": [-1.79687, -1.85937]}
							}
						},
						{
							"origin": [-2.02879, 24.42031, -6.45175],
							"size": [0.375, 0.38781, 1.51406],
							"pivot": [-1.14797, 23.07313, -4.05188],
							"rotation": [0, 35, 0],
							"uv": {
								"north": {"uv": [29.84375, 23.03125], "uv_size": [0.40625, 6.04688]},
								"east": {"uv": [29.84375, 23.03125], "uv_size": [0.40625, 6.04688]},
								"south": {"uv": [29.84375, 23.03125], "uv_size": [0.40625, 6.04688]},
								"west": {"uv": [29.84375, 23.03125], "uv_size": [0.40625, 6.04688]},
								"up": {"uv": [30.25, 29.07813], "uv_size": [-0.40625, -6.04687]},
								"down": {"uv": [30.25, 29.07813], "uv_size": [-0.40625, -6.04687]}
							}
						},
						{
							"origin": [-1.99754, 23.63906, -6.4205],
							"size": [0.34375, 0.41906, 1.48281],
							"pivot": [-1.14797, 23.07313, -4.05188],
							"rotation": [0, 35, 0],
							"uv": {
								"north": {"uv": [29.90625, 26.82813], "uv_size": [0.07813, 1.15625]},
								"east": {"uv": [29.90625, 26.82813], "uv_size": [0.07813, 1.15625]},
								"south": {"uv": [29.90625, 26.82813], "uv_size": [0.07813, 1.15625]},
								"west": {"uv": [29.90625, 26.82813], "uv_size": [0.07813, 1.15625]},
								"up": {"uv": [29.98438, 27.98438], "uv_size": [-0.07812, -1.15625]},
								"down": {"uv": [29.98438, 27.98438], "uv_size": [-0.07812, -1.15625]}
							}
						}
					]
				},
				{
					"name": "van2",
					"parent": "head",
					"pivot": [0.28125, 24, 0]
				},
				{
					"name": "mask6",
					"parent": "van2",
					"pivot": [0.75, 23.6875, -0.125],
					"rotation": [0, 22.5, 0],
					"cubes": [
						{
							"origin": [2.02879, 22.46469, -7.00925],
							"size": [0.97281, 1.27969, 1.85688],
							"pivot": [0.99172, 22.94813, -3.70813],
							"rotation": [-47.5, -35, 0],
							"uv": {
								"north": {"uv": [33.125, 37.9375], "uv_size": [-1.79687, 1.85938]},
								"east": {"uv": [33.125, 37.9375], "uv_size": [-1.79687, 1.85938]},
								"south": {"uv": [33.125, 37.9375], "uv_size": [-1.79687, 1.85938]},
								"west": {"uv": [33.125, 37.9375], "uv_size": [-1.79687, 1.85938]},
								"up": {"uv": [31.32813, 39.79688], "uv_size": [1.79688, -1.85937]},
								"down": {"uv": [31.32813, 39.79688], "uv_size": [1.79688, -1.85937]}
							}
						},
						{
							"origin": [2.02879, 23.54531, -6.358],
							"size": [0.97281, 1.45031, 2.82656],
							"pivot": [0.99172, 22.94813, -3.70813],
							"rotation": [0, -35, 0],
							"uv": {
								"north": {"uv": [33.125, 37.9375], "uv_size": [-1.79687, 1.85938]},
								"east": {"uv": [33.125, 37.9375], "uv_size": [-1.79687, 1.85938]},
								"south": {"uv": [33.125, 37.9375], "uv_size": [-1.79687, 1.85938]},
								"west": {"uv": [33.125, 37.9375], "uv_size": [-1.79687, 1.85938]},
								"up": {"uv": [31.32813, 39.79688], "uv_size": [1.79688, -1.85937]},
								"down": {"uv": [31.32813, 39.79688], "uv_size": [1.79688, -1.85937]}
							}
						},
						{
							"origin": [2.43005, 23.45156, -5.17913],
							"size": [1.09781, 1.04406, 1.92031],
							"pivot": [3.21047, 23.91688, -3.70813],
							"rotation": [-17.2058, -36.6084, -9.03642],
							"uv": {
								"north": {"uv": [33.125, 37.9375], "uv_size": [-1.79687, 1.85938]},
								"east": {"uv": [33.125, 37.9375], "uv_size": [-1.79687, 1.85938]},
								"south": {"uv": [33.125, 37.9375], "uv_size": [-1.79687, 1.85938]},
								"west": {"uv": [33.125, 37.9375], "uv_size": [-1.79687, 1.85938]},
								"up": {"uv": [31.32813, 39.79688], "uv_size": [1.79688, -1.85937]},
								"down": {"uv": [31.32813, 39.79688], "uv_size": [1.79688, -1.85937]}
							}
						},
						{
							"origin": [2.15379, 23.01406, -4.6705],
							"size": [0.91031, 2.63781, 1.48281],
							"pivot": [0.39797, 23.07313, -4.14563],
							"rotation": [79.56651, -35.14943, -5.89069],
							"uv": {
								"north": {"uv": [33.125, 37.9375], "uv_size": [-1.79687, 1.85938]},
								"east": {"uv": [33.125, 37.9375], "uv_size": [-1.79687, 1.85938]},
								"south": {"uv": [33.125, 37.9375], "uv_size": [-1.79687, 1.85938]},
								"west": {"uv": [33.125, 37.9375], "uv_size": [-1.79687, 1.85938]},
								"up": {"uv": [31.32813, 39.79688], "uv_size": [1.79688, -1.85937]},
								"down": {"uv": [31.32813, 39.79688], "uv_size": [1.79688, -1.85937]}
							}
						}
					]
				},
				{
					"name": "mask7",
					"parent": "van2",
					"pivot": [1.5625, 23.6875, 0.09375],
					"rotation": [0, 22.5, 0],
					"cubes": [
						{
							"origin": [2.84129, 22.46469, -6.6655],
							"size": [0.97281, 1.27969, 1.73188],
							"pivot": [1.80422, 22.94813, -3.48938],
							"rotation": [-47.5, -35, 0],
							"uv": {
								"north": {"uv": [33.125, 37.9375], "uv_size": [-1.79687, 1.85938]},
								"east": {"uv": [33.125, 37.9375], "uv_size": [-1.79687, 1.85938]},
								"south": {"uv": [33.125, 37.9375], "uv_size": [-1.79687, 1.85938]},
								"west": {"uv": [33.125, 37.9375], "uv_size": [-1.79687, 1.85938]},
								"up": {"uv": [31.32813, 39.79688], "uv_size": [1.79688, -1.85937]},
								"down": {"uv": [31.32813, 39.79688], "uv_size": [1.79688, -1.85937]}
							}
						},
						{
							"origin": [2.84129, 23.54531, -5.983],
							"size": [0.97281, 1.45031, 2.67031],
							"pivot": [1.80422, 22.94813, -3.48938],
							"rotation": [0, -35, 0],
							"uv": {
								"north": {"uv": [33.125, 37.9375], "uv_size": [-1.79687, 1.85938]},
								"east": {"uv": [33.125, 37.9375], "uv_size": [-1.79687, 1.85938]},
								"south": {"uv": [33.125, 37.9375], "uv_size": [-1.79687, 1.85938]},
								"west": {"uv": [33.125, 37.9375], "uv_size": [-1.79687, 1.85938]},
								"up": {"uv": [31.32813, 39.79688], "uv_size": [1.79688, -1.85937]},
								"down": {"uv": [31.32813, 39.79688], "uv_size": [1.79688, -1.85937]}
							}
						},
						{
							"origin": [2.96629, 23.01406, -4.2955],
							"size": [0.91031, 2.32531, 1.32656],
							"pivot": [1.21047, 23.07313, -3.92688],
							"rotation": [79.56651, -35.14943, -5.89069],
							"uv": {
								"north": {"uv": [33.125, 37.9375], "uv_size": [-1.79687, 1.85938]},
								"east": {"uv": [33.125, 37.9375], "uv_size": [-1.79687, 1.85938]},
								"south": {"uv": [33.125, 37.9375], "uv_size": [-1.79687, 1.85938]},
								"west": {"uv": [33.125, 37.9375], "uv_size": [-1.79687, 1.85938]},
								"up": {"uv": [31.32813, 39.79688], "uv_size": [1.79688, -1.85937]},
								"down": {"uv": [31.32813, 39.79688], "uv_size": [1.79688, -1.85937]}
							}
						}
					]
				},
				{
					"name": "mask8",
					"parent": "van2",
					"pivot": [0.4375, 23.6875, -0.1875],
					"rotation": [0, 2.5, 0],
					"cubes": [
						{
							"origin": [1.71629, 22.46469, -6.9155],
							"size": [1.00406, 1.27969, 1.70063],
							"pivot": [0.67922, 22.94813, -3.77063],
							"rotation": [-47.5, -35, 0],
							"uv": {
								"north": {"uv": [33.125, 37.9375], "uv_size": [-1.79687, 1.85938]},
								"east": {"uv": [33.125, 37.9375], "uv_size": [-1.79687, 1.85938]},
								"south": {"uv": [33.125, 37.9375], "uv_size": [-1.79687, 1.85938]},
								"west": {"uv": [33.125, 37.9375], "uv_size": [-1.79687, 1.85938]},
								"up": {"uv": [31.32813, 39.79688], "uv_size": [1.79688, -1.85937]},
								"down": {"uv": [31.32813, 39.79688], "uv_size": [1.79688, -1.85937]}
							}
						},
						{
							"origin": [1.71629, 23.63906, -6.20175],
							"size": [1.00406, 1.35656, 2.60781],
							"pivot": [0.67922, 22.94813, -3.77063],
							"rotation": [0, -35, 0],
							"uv": {
								"north": {"uv": [33.125, 37.9375], "uv_size": [-1.79687, 1.85938]},
								"east": {"uv": [33.125, 37.9375], "uv_size": [-1.79687, 1.85938]},
								"south": {"uv": [33.125, 37.9375], "uv_size": [-1.79687, 1.85938]},
								"west": {"uv": [33.125, 37.9375], "uv_size": [-1.79687, 1.85938]},
								"up": {"uv": [31.32813, 39.79688], "uv_size": [1.79688, -1.85937]},
								"down": {"uv": [31.32813, 39.79688], "uv_size": [1.79688, -1.85937]}
							}
						},
						{
							"origin": [1.84129, 23.01406, -4.5455],
							"size": [0.94156, 2.48156, 1.29531],
							"pivot": [0.08547, 23.07313, -4.20813],
							"rotation": [79.56651, -35.14943, -5.89069],
							"uv": {
								"north": {"uv": [33.125, 37.9375], "uv_size": [-1.79687, 1.85938]},
								"east": {"uv": [33.125, 37.9375], "uv_size": [-1.79687, 1.85938]},
								"south": {"uv": [33.125, 37.9375], "uv_size": [-1.79687, 1.85938]},
								"west": {"uv": [33.125, 37.9375], "uv_size": [-1.79687, 1.85938]},
								"up": {"uv": [31.32813, 39.79688], "uv_size": [1.79688, -1.85937]},
								"down": {"uv": [31.32813, 39.79688], "uv_size": [1.79688, -1.85937]}
							}
						}
					]
				},
				{
					"name": "mask9",
					"parent": "van2",
					"pivot": [0.90625, 23.8125, -0.46875],
					"rotation": [0, 27.5, 0],
					"cubes": [
						{
							"origin": [1.66309, 24.43281, -4.05633],
							"size": [1.31656, 1.84219, 1.76313],
							"pivot": [3.27297, 25.79188, -4.05188],
							"rotation": [-61.79774, -46.741, 21.59001],
							"uv": {
								"north": {"uv": [33.125, 37.9375], "uv_size": [-1.79687, 1.85938]},
								"east": {"uv": [33.125, 37.9375], "uv_size": [-1.79687, 1.85938]},
								"south": {"uv": [33.125, 37.9375], "uv_size": [-1.79687, 1.85938]},
								"west": {"uv": [33.125, 37.9375], "uv_size": [-1.79687, 1.85938]},
								"up": {"uv": [31.32813, 39.79688], "uv_size": [1.79688, -1.85937]},
								"down": {"uv": [31.32813, 39.79688], "uv_size": [1.79688, -1.85937]}
							}
						},
						{
							"origin": [1.97559, 25.40156, -4.11883],
							"size": [0.40625, 0.43594, 0.79438],
							"pivot": [3.27297, 25.79188, -4.05188],
							"rotation": [-61.79774, -46.741, 21.59001],
							"uv": {
								"north": {"uv": [30.67188, 26.875], "uv_size": [-1.3125, 1.17188]},
								"east": {"uv": [30.67188, 26.875], "uv_size": [-1.3125, 1.17188]},
								"south": {"uv": [30.67188, 26.875], "uv_size": [-1.3125, 1.17188]},
								"west": {"uv": [30.67188, 26.875], "uv_size": [-1.3125, 1.17188]},
								"up": {"uv": [29.35938, 28.04688], "uv_size": [1.3125, -1.17187]},
								"down": {"uv": [29.35938, 28.04688], "uv_size": [1.3125, -1.17187]}
							}
						},
						{
							"origin": [1.94434, 24.58906, -4.11883],
							"size": [0.40625, 0.52969, 0.79438],
							"pivot": [3.27297, 25.79188, -4.05188],
							"rotation": [-61.79774, -46.741, 21.59001],
							"uv": {
								"north": {"uv": [30.71875, 26.28125], "uv_size": [-1.03125, 1.21875]},
								"east": {"uv": [30.71875, 26.28125], "uv_size": [-1.03125, 1.21875]},
								"south": {"uv": [30.71875, 26.28125], "uv_size": [-1.03125, 1.21875]},
								"west": {"uv": [30.71875, 26.28125], "uv_size": [-1.03125, 1.21875]},
								"up": {"uv": [29.6875, 27.5], "uv_size": [1.03125, -1.21875]},
								"down": {"uv": [29.6875, 27.5], "uv_size": [1.03125, -1.21875]}
							}
						},
						{
							"origin": [1.18504, 23.42031, -6.38925],
							"size": [1.41031, 1.70031, 2.51406],
							"pivot": [1.14797, 23.07313, -4.05188],
							"rotation": [0, -35, 0],
							"uv": {
								"north": {"uv": [33.125, 37.9375], "uv_size": [-1.79687, 1.85938]},
								"east": {"uv": [33.125, 37.9375], "uv_size": [-1.79687, 1.85938]},
								"south": {"uv": [33.125, 37.9375], "uv_size": [-1.79687, 1.85938]},
								"west": {"uv": [33.125, 37.9375], "uv_size": [-1.79687, 1.85938]},
								"up": {"uv": [31.32813, 39.79688], "uv_size": [1.79688, -1.85937]},
								"down": {"uv": [31.32813, 39.79688], "uv_size": [1.79688, -1.85937]}
							}
						},
						{
							"origin": [1.34129, 22.82656, -4.38925],
							"size": [1.19156, 2.51281, 1.29531],
							"pivot": [1.14797, 23.07313, -4.05188],
							"rotation": [77.5, -35, 0],
							"uv": {
								"north": {"uv": [33.125, 37.9375], "uv_size": [-1.79687, 1.85938]},
								"east": {"uv": [33.125, 37.9375], "uv_size": [-1.79687, 1.85938]},
								"south": {"uv": [33.125, 37.9375], "uv_size": [-1.79687, 1.85938]},
								"west": {"uv": [33.125, 37.9375], "uv_size": [-1.79687, 1.85938]},
								"up": {"uv": [31.32813, 39.79688], "uv_size": [1.79688, -1.85937]},
								"down": {"uv": [31.32813, 39.79688], "uv_size": [1.79688, -1.85937]}
							}
						},
						{
							"origin": [1.65379, 24.42031, -6.45175],
							"size": [0.375, 0.38781, 1.51406],
							"pivot": [1.14797, 23.07313, -4.05188],
							"rotation": [0, -35, 0],
							"uv": {
								"north": {"uv": [30.25, 23.03125], "uv_size": [-0.40625, 6.04688]},
								"east": {"uv": [30.25, 23.03125], "uv_size": [-0.40625, 6.04688]},
								"south": {"uv": [30.25, 23.03125], "uv_size": [-0.40625, 6.04688]},
								"west": {"uv": [30.25, 23.03125], "uv_size": [-0.40625, 6.04688]},
								"up": {"uv": [29.84375, 29.07813], "uv_size": [0.40625, -6.04687]},
								"down": {"uv": [29.84375, 29.07813], "uv_size": [0.40625, -6.04687]}
							}
						},
						{
							"origin": [1.65379, 23.63906, -6.4205],
							"size": [0.34375, 0.41906, 1.48281],
							"pivot": [1.14797, 23.07313, -4.05188],
							"rotation": [0, -35, 0],
							"uv": {
								"north": {"uv": [29.98438, 26.82813], "uv_size": [-0.07812, 1.15625]},
								"east": {"uv": [29.98438, 26.82813], "uv_size": [-0.07812, 1.15625]},
								"south": {"uv": [29.98438, 26.82813], "uv_size": [-0.07812, 1.15625]},
								"west": {"uv": [29.98438, 26.82813], "uv_size": [-0.07812, 1.15625]},
								"up": {"uv": [29.90625, 27.98438], "uv_size": [0.07813, -1.15625]},
								"down": {"uv": [29.90625, 27.98438], "uv_size": [0.07813, -1.15625]}
							}
						}
					]
				},
				{
					"name": "rightArm",
					"parent": "body",
					"pivot": [-5, 22, 0],
					"cubes": [
						{
							"origin": [-8, 12, -2],
							"size": [4, 12, 4],
							"inflate": 0.1,
							"uv": {
								"north": {"uv": [44, 20], "uv_size": [4, 12]},
								"east": {"uv": [40, 20], "uv_size": [4, 12]},
								"south": {"uv": [52, 20], "uv_size": [4, 12]},
								"west": {"uv": [48, 20], "uv_size": [4, 12]},
								"up": {"uv": [44, 16], "uv_size": [4, 4]},
								"down": {"uv": [48, 20], "uv_size": [4, -4]}
							}
						},
						{
							"origin": [-10.75, 14.21875, -2.4375],
							"size": [7.15625, 5.59375, 0],
							"pivot": [-10.1875, 18.3125, 0],
							"rotation": [9.54589, 2.99318, -17.25002],
							"uv": {
								"north": {"uv": [5.45313, 53.14063], "uv_size": [-5.125, 6.01563]},
								"east": {"uv": [9.42188, 58.51563], "uv_size": [-2.01562, 5.0625]},
								"south": {"uv": [9.42188, 58.51563], "uv_size": [-2.01562, 5.0625]},
								"west": {"uv": [9.42188, 58.51563], "uv_size": [-2.01562, 5.0625]},
								"up": {"uv": [7.40625, 63.57813], "uv_size": [2.01563, -5.0625]},
								"down": {"uv": [7.40625, 63.57813], "uv_size": [2.01563, -5.0625]}
							}
						},
						{
							"origin": [-9.8125, 13.34375, 2],
							"size": [6.21875, 7.59375, 0.4375],
							"pivot": [-10.1875, 18.3125, 0],
							"rotation": [-9.54589, -2.99318, -17.25002],
							"uv": {
								"north": {"uv": [7.40625, 58.51563], "uv_size": [2.01563, 5.0625]},
								"east": {"uv": [7.40625, 58.51563], "uv_size": [2.01563, 5.0625]},
								"south": {"uv": [0.32813, 53.14063], "uv_size": [5.125, 6.01563]},
								"west": {"uv": [7.40625, 58.51563], "uv_size": [2.01563, 5.0625]},
								"up": {"uv": [7.40625, 58.51563], "uv_size": [2.01563, 5.0625]},
								"down": {"uv": [7.40625, 58.51563], "uv_size": [2.01563, 5.0625]}
							}
						},
						{
							"origin": [-13.3125, 13.375, -1.21875],
							"size": [6.34375, 7, 0],
							"pivot": [-10.1875, 18.3125, 0],
							"rotation": [-93.18327, -80.45239, 75.47476],
							"uv": {
								"north": {"uv": [7.40625, 58.51563], "uv_size": [2.01563, 5.0625]},
								"east": {"uv": [7.40625, 58.51563], "uv_size": [2.01563, 5.0625]},
								"south": {"uv": [0.32813, 53.14063], "uv_size": [5.125, 6.01563]},
								"west": {"uv": [7.40625, 58.51563], "uv_size": [2.01563, 5.0625]},
								"up": {"uv": [7.40625, 58.51563], "uv_size": [2.01563, 5.0625]},
								"down": {"uv": [7.40625, 58.51563], "uv_size": [2.01563, 5.0625]}
							}
						}
					]
				},
				{
					"name": "leftArm",
					"parent": "body",
					"pivot": [5, 22, 0],
					"cubes": [
						{
							"origin": [4, 12, -2],
							"size": [4, 12, 4],
							"inflate": 0.1,
							"uv": {
								"north": {"uv": [48, 20], "uv_size": [-4, 12]},
								"east": {"uv": [52, 20], "uv_size": [-4, 12]},
								"south": {"uv": [56, 20], "uv_size": [-4, 12]},
								"west": {"uv": [44, 20], "uv_size": [-4, 12]},
								"up": {"uv": [48, 16], "uv_size": [-4, 4]},
								"down": {"uv": [52, 20], "uv_size": [-4, -4]}
							}
						},
						{
							"origin": [3.59375, 14.21875, -2.4375],
							"size": [7.15625, 5.59375, 0],
							"pivot": [10.1875, 18.3125, 0],
							"rotation": [9.54589, -2.99318, 17.25002],
							"uv": {
								"north": {"uv": [0.32813, 53.14063], "uv_size": [5.125, 6.01563]},
								"east": {"uv": [7.40626, 58.51563], "uv_size": [2.01562, 5.0625]},
								"south": {"uv": [7.40626, 58.51563], "uv_size": [2.01562, 5.0625]},
								"west": {"uv": [7.40626, 58.51563], "uv_size": [2.01562, 5.0625]},
								"up": {"uv": [9.42188, 63.57813], "uv_size": [-2.01563, -5.0625]},
								"down": {"uv": [9.42188, 63.57813], "uv_size": [-2.01563, -5.0625]}
							}
						},
						{
							"origin": [3.59375, 13.34375, 2],
							"size": [6.21875, 7.59375, 0.4375],
							"pivot": [10.1875, 18.3125, 0],
							"rotation": [-9.54589, 2.99318, 17.25002],
							"uv": {
								"north": {"uv": [9.42188, 58.51563], "uv_size": [-2.01563, 5.0625]},
								"east": {"uv": [9.42188, 58.51563], "uv_size": [-2.01563, 5.0625]},
								"south": {"uv": [5.45313, 53.14063], "uv_size": [-5.125, 6.01563]},
								"west": {"uv": [9.42188, 58.51563], "uv_size": [-2.01563, 5.0625]},
								"up": {"uv": [9.42188, 58.51563], "uv_size": [-2.01563, 5.0625]},
								"down": {"uv": [9.42188, 58.51563], "uv_size": [-2.01563, 5.0625]}
							}
						},
						{
							"origin": [6.96875, 13.375, -1.21875],
							"size": [5.53125, 7.65625, 0],
							"pivot": [10.1875, 18.3125, 0],
							"rotation": [-93.18327, 80.45239, -75.47476],
							"uv": {
								"north": {"uv": [9.42188, 58.51563], "uv_size": [-2.01563, 5.0625]},
								"east": {"uv": [9.42188, 58.51563], "uv_size": [-2.01563, 5.0625]},
								"south": {"uv": [5.45313, 53.14063], "uv_size": [-5.125, 6.01563]},
								"west": {"uv": [9.42188, 58.51563], "uv_size": [-2.01563, 5.0625]},
								"up": {"uv": [9.42188, 58.51563], "uv_size": [-2.01563, 5.0625]},
								"down": {"uv": [9.42188, 58.51563], "uv_size": [-2.01563, 5.0625]}
							}
						}
					]
				},
				{
					"name": "rightLeg",
					"parent": "root",
					"pivot": [-1.9, 12, 0],
					"cubes": [
						{
							"origin": [-4, 0, -2],
							"size": [4, 12, 4],
							"inflate": 0.1,
							"uv": {
								"north": {"uv": [4, 20], "uv_size": [4, 12]},
								"east": {"uv": [0, 20], "uv_size": [4, 12]},
								"south": {"uv": [12, 20], "uv_size": [4, 12]},
								"west": {"uv": [8, 20], "uv_size": [4, 12]},
								"up": {"uv": [4, 16], "uv_size": [4, 4]},
								"down": {"uv": [8, 20], "uv_size": [4, -4]}
							}
						},
						{
							"origin": [-5.11875, 7.15625, -1.96875],
							"size": [4.5, 4.75, 3.40625],
							"pivot": [-2.65625, 6.34375, 1.03125],
							"rotation": [-19.8157, -29.1236, -0.5279],
							"uv": {
								"north": {"uv": [22.01563, 57.53125], "uv_size": [1.60938, 6.46875]},
								"east": {"uv": [22.01563, 57.53125], "uv_size": [1.60938, 6.46875]},
								"south": {"uv": [1.15625, 45.34375], "uv_size": [3.54688, 4.625]},
								"west": {"uv": [22.01563, 57.53125], "uv_size": [1.60938, 6.46875]},
								"up": {"uv": [22.01563, 57.53125], "uv_size": [1.60938, 6.46875]},
								"down": {"uv": [22.01563, 57.53125], "uv_size": [1.60938, 6.46875]}
							}
						},
						{
							"origin": [-5.11875, 7.15625, -1.4375],
							"size": [4.5, 4.03125, 3.40625],
							"pivot": [-2.65625, 6.34375, -1.03125],
							"rotation": [19.8157, 29.1235, -0.5279],
							"uv": {
								"north": {"uv": [4.70313, 45.34375], "uv_size": [-3.54687, 4.625]},
								"east": {"uv": [23.625, 57.53125], "uv_size": [-1.60937, 6.46875]},
								"south": {"uv": [23.625, 57.53125], "uv_size": [-1.60937, 6.46875]},
								"west": {"uv": [23.625, 57.53125], "uv_size": [-1.60937, 6.46875]},
								"up": {"uv": [22.01563, 64], "uv_size": [1.60938, -6.46875]},
								"down": {"uv": [22.01563, 64], "uv_size": [1.60938, -6.46875]}
							}
						},
						{
							"origin": [-4.0875, 7.15625, 1.28125],
							"size": [4.34375, 4.4375, 1.5],
							"pivot": [-2.65625, 6.34375, 1.03125],
							"rotation": [-13.2907, 48.4809, 0.9212],
							"uv": {
								"north": {"uv": [22.01563, 57.53125], "uv_size": [1.60938, 6.46875]},
								"east": {"uv": [22.01563, 57.53125], "uv_size": [1.60938, 6.46875]},
								"south": {"uv": [1.15625, 45.34375], "uv_size": [3.54688, 4.625]},
								"west": {"uv": [22.01563, 57.53125], "uv_size": [1.60938, 6.46875]},
								"up": {"uv": [22.01563, 57.53125], "uv_size": [1.60938, 6.46875]},
								"down": {"uv": [22.01563, 57.53125], "uv_size": [1.60938, 6.46875]}
							}
						},
						{
							"origin": [-4.0875, 7.15625, -2.78125],
							"size": [4.34375, 4.21875, 1.5],
							"pivot": [-2.65625, 6.34375, -1.03125],
							"rotation": [13.2907, -48.4809, 0.9212],
							"uv": {
								"north": {"uv": [4.70313, 45.34375], "uv_size": [-3.54687, 4.625]},
								"east": {"uv": [23.625, 57.53125], "uv_size": [-1.60937, 6.46875]},
								"south": {"uv": [23.625, 57.53125], "uv_size": [-1.60937, 6.46875]},
								"west": {"uv": [23.625, 57.53125], "uv_size": [-1.60937, 6.46875]},
								"up": {"uv": [22.01563, 64], "uv_size": [1.60938, -6.46875]},
								"down": {"uv": [22.01563, 64], "uv_size": [1.60938, -6.46875]}
							}
						},
						{
							"origin": [-2.7125, -0.125, -2.8125],
							"size": [0.75, 1.75, 1.21875],
							"uv": {
								"north": {"uv": [0.82813, 25.51563], "uv_size": [1.875, 1.73438]},
								"east": {"uv": [0.82813, 25.51563], "uv_size": [1.875, 1.73438]},
								"south": {"uv": [0.82813, 25.51563], "uv_size": [1.875, 1.73438]},
								"west": {"uv": [0.82813, 25.51563], "uv_size": [1.875, 1.73438]},
								"up": {"uv": [2.70313, 27.25], "uv_size": [-1.875, -1.73437]},
								"down": {"uv": [2.70313, 27.25], "uv_size": [-1.875, -1.73437]}
							}
						},
						{
							"origin": [-1.65, -0.125, -2.8125],
							"size": [0.75, 1.75, 1.21875],
							"uv": {
								"north": {"uv": [0.82813, 25.51563], "uv_size": [1.875, 1.73438]},
								"east": {"uv": [0.82813, 25.51563], "uv_size": [1.875, 1.73438]},
								"south": {"uv": [0.82813, 25.51563], "uv_size": [1.875, 1.73438]},
								"west": {"uv": [0.82813, 25.51563], "uv_size": [1.875, 1.73438]},
								"up": {"uv": [2.70313, 27.25], "uv_size": [-1.875, -1.73437]},
								"down": {"uv": [2.70313, 27.25], "uv_size": [-1.875, -1.73437]}
							}
						},
						{
							"origin": [-0.7125, -0.125, -2.8125],
							"size": [0.625, 1.75, 1.21875],
							"uv": {
								"north": {"uv": [0.82813, 25.51563], "uv_size": [1.875, 1.73438]},
								"east": {"uv": [0.82813, 25.51563], "uv_size": [1.875, 1.73438]},
								"south": {"uv": [0.82813, 25.51563], "uv_size": [1.875, 1.73438]},
								"west": {"uv": [0.82813, 25.51563], "uv_size": [1.875, 1.73438]},
								"up": {"uv": [2.70313, 27.25], "uv_size": [-1.875, -1.73437]},
								"down": {"uv": [2.70313, 27.25], "uv_size": [-1.875, -1.73437]}
							}
						},
						{
							"origin": [-0.7125, -0.125, -3.375],
							"size": [0.5625, 1.34375, 1.78125],
							"uv": {
								"north": {"uv": [0.82813, 25.51563], "uv_size": [1.875, 1.73438]},
								"east": {"uv": [0.82813, 25.51563], "uv_size": [1.875, 1.73438]},
								"south": {"uv": [0.82813, 25.51563], "uv_size": [1.875, 1.73438]},
								"west": {"uv": [0.82813, 25.51563], "uv_size": [1.875, 1.73438]},
								"up": {"uv": [2.70313, 27.25], "uv_size": [-1.875, -1.73437]},
								"down": {"uv": [2.70313, 27.25], "uv_size": [-1.875, -1.73437]}
							}
						},
						{
							"origin": [-1.5875, -0.125, -3.375],
							"size": [0.5625, 1.34375, 1.78125],
							"uv": {
								"north": {"uv": [0.82813, 25.51563], "uv_size": [1.875, 1.73438]},
								"east": {"uv": [0.82813, 25.51563], "uv_size": [1.875, 1.73438]},
								"south": {"uv": [0.82813, 25.51563], "uv_size": [1.875, 1.73438]},
								"west": {"uv": [0.82813, 25.51563], "uv_size": [1.875, 1.73438]},
								"up": {"uv": [2.70313, 27.25], "uv_size": [-1.875, -1.73437]},
								"down": {"uv": [2.70313, 27.25], "uv_size": [-1.875, -1.73437]}
							}
						},
						{
							"origin": [-2.61875, -0.125, -3.375],
							"size": [0.5625, 1.34375, 1.78125],
							"uv": {
								"north": {"uv": [0.82813, 25.51563], "uv_size": [1.875, 1.73438]},
								"east": {"uv": [0.82813, 25.51563], "uv_size": [1.875, 1.73438]},
								"south": {"uv": [0.82813, 25.51563], "uv_size": [1.875, 1.73438]},
								"west": {"uv": [0.82813, 25.51563], "uv_size": [1.875, 1.73438]},
								"up": {"uv": [2.70313, 27.25], "uv_size": [-1.875, -1.73437]},
								"down": {"uv": [2.70313, 27.25], "uv_size": [-1.875, -1.73437]}
							}
						},
						{
							"origin": [-3.7125, -0.125, -3.375],
							"size": [0.59375, 1.34375, 1.78125],
							"uv": {
								"north": {"uv": [0.82813, 25.51563], "uv_size": [1.875, 1.73438]},
								"east": {"uv": [0.82813, 25.51563], "uv_size": [1.875, 1.73438]},
								"south": {"uv": [0.82813, 25.51563], "uv_size": [1.875, 1.73438]},
								"west": {"uv": [0.82813, 25.51563], "uv_size": [1.875, 1.73438]},
								"up": {"uv": [2.70313, 27.25], "uv_size": [-1.875, -1.73437]},
								"down": {"uv": [2.70313, 27.25], "uv_size": [-1.875, -1.73437]}
							}
						},
						{
							"origin": [-3.8375, -0.125, -2.8125],
							"size": [0.875, 1.75, 1.21875],
							"uv": {
								"north": {"uv": [0.82813, 25.51563], "uv_size": [1.875, 1.73438]},
								"east": {"uv": [0.82813, 25.51563], "uv_size": [1.875, 1.73438]},
								"south": {"uv": [0.82813, 25.51563], "uv_size": [1.875, 1.73438]},
								"west": {"uv": [0.82813, 25.51563], "uv_size": [1.875, 1.73438]},
								"up": {"uv": [2.70313, 27.25], "uv_size": [-1.875, -1.73437]},
								"down": {"uv": [2.70313, 27.25], "uv_size": [-1.875, -1.73437]}
							}
						},
						{
							"origin": [-3.80625, -0.125, -2.46875],
							"size": [3.78125, 1.4375, 0.875],
							"uv": {
								"north": {"uv": [2.375, 25.21875], "uv_size": [0.625, 0.85938]},
								"east": {"uv": [2.375, 25.21875], "uv_size": [0.625, 0.85938]},
								"south": {"uv": [2.375, 25.21875], "uv_size": [0.625, 0.85938]},
								"west": {"uv": [2.375, 25.21875], "uv_size": [0.625, 0.85938]},
								"up": {"uv": [3, 26.07813], "uv_size": [-0.625, -0.85937]},
								"down": {"uv": [3, 26.07813], "uv_size": [-0.625, -0.85937]}
							}
						},
						{
							"origin": [-4.15, 5.21875, -2.09375],
							"size": [4.46875, 2, 4.34375],
							"uv": {
								"north": {"uv": [4, 24.17188], "uv_size": [3, 2.15625]},
								"east": {"uv": [4, 24.17188], "uv_size": [3, 2.15625]},
								"south": {"uv": [4, 24.17188], "uv_size": [3, 2.15625]},
								"west": {"uv": [4, 24.17188], "uv_size": [3, 2.15625]},
								"up": {"uv": [7, 26.32813], "uv_size": [-3, -2.15625]},
								"down": {"uv": [7, 26.32813], "uv_size": [-3, -2.15625]}
							}
						},
						{
							"origin": [-4.15, 3.625, -2.09375],
							"size": [4.46875, 0.875, 4.34375],
							"uv": {
								"north": {"uv": [4, 24.17188], "uv_size": [3, 2.15625]},
								"east": {"uv": [4, 24.17188], "uv_size": [3, 2.15625]},
								"south": {"uv": [4, 24.17188], "uv_size": [3, 2.15625]},
								"west": {"uv": [4, 24.17188], "uv_size": [3, 2.15625]},
								"up": {"uv": [7, 26.32813], "uv_size": [-3, -2.15625]},
								"down": {"uv": [7, 26.32813], "uv_size": [-3, -2.15625]}
							}
						}
					]
				},
				{
					"name": "leftLeg",
					"parent": "root",
					"pivot": [1.9, 12, 0],
					"cubes": [
						{
							"origin": [0, 0, -2],
							"size": [4, 12, 4],
							"inflate": 0.1,
							"uv": {
								"north": {"uv": [8, 20], "uv_size": [-4, 12]},
								"east": {"uv": [12, 20], "uv_size": [-4, 12]},
								"south": {"uv": [16, 20], "uv_size": [-4, 12]},
								"west": {"uv": [4, 20], "uv_size": [-4, 12]},
								"up": {"uv": [8, 16], "uv_size": [-4, 4]},
								"down": {"uv": [12, 20], "uv_size": [-4, -4]}
							}
						},
						{
							"origin": [0.61875, 7.15625, -1.96875],
							"size": [4.5, 3.84375, 3.40625],
							"pivot": [2.65625, 6.34375, 1.03125],
							"rotation": [-19.8157, 29.1235, 0.5279],
							"uv": {
								"north": {"uv": [23.625, 57.53125], "uv_size": [-1.60937, 6.46875]},
								"east": {"uv": [23.625, 57.53125], "uv_size": [-1.60937, 6.46875]},
								"south": {"uv": [4.70313, 45.34375], "uv_size": [-3.54687, 4.625]},
								"west": {"uv": [23.625, 57.53125], "uv_size": [-1.60937, 6.46875]},
								"up": {"uv": [23.625, 57.53125], "uv_size": [-1.60937, 6.46875]},
								"down": {"uv": [23.625, 57.53125], "uv_size": [-1.60937, 6.46875]}
							}
						},
						{
							"origin": [0.61875, 7.15625, -1.4375],
							"size": [4.5, 4.90625, 3.40625],
							"pivot": [2.65625, 6.34375, -1.03125],
							"rotation": [19.8157, -29.1236, 0.5279],
							"uv": {
								"north": {"uv": [1.15625, 45.34375], "uv_size": [3.54688, 4.625]},
								"east": {"uv": [22.01563, 57.53125], "uv_size": [1.60938, 6.46875]},
								"south": {"uv": [22.01563, 57.53125], "uv_size": [1.60938, 6.46875]},
								"west": {"uv": [22.01563, 57.53125], "uv_size": [1.60938, 6.46875]},
								"up": {"uv": [23.625, 64], "uv_size": [-1.60937, -6.46875]},
								"down": {"uv": [23.625, 64], "uv_size": [-1.60937, -6.46875]}
							}
						},
						{
							"origin": [-0.25625, 7.15625, 1.28125],
							"size": [4.34375, 4.4375, 1.5],
							"pivot": [2.65625, 6.34375, 1.03125],
							"rotation": [-13.2907, -48.4809, -0.9212],
							"uv": {
								"north": {"uv": [23.625, 57.53125], "uv_size": [-1.60937, 6.46875]},
								"east": {"uv": [23.625, 57.53125], "uv_size": [-1.60937, 6.46875]},
								"south": {"uv": [4.70313, 45.34375], "uv_size": [-3.54687, 4.625]},
								"west": {"uv": [23.625, 57.53125], "uv_size": [-1.60937, 6.46875]},
								"up": {"uv": [23.625, 57.53125], "uv_size": [-1.60937, 6.46875]},
								"down": {"uv": [23.625, 57.53125], "uv_size": [-1.60937, 6.46875]}
							}
						},
						{
							"origin": [-0.25625, 7.15625, -2.78125],
							"size": [4.34375, 4.21875, 1.5],
							"pivot": [2.65625, 6.34375, -1.03125],
							"rotation": [13.2907, 48.4809, -0.9212],
							"uv": {
								"north": {"uv": [1.15625, 45.34375], "uv_size": [3.54688, 4.625]},
								"east": {"uv": [22.01563, 57.53125], "uv_size": [1.60938, 6.46875]},
								"south": {"uv": [22.01563, 57.53125], "uv_size": [1.60938, 6.46875]},
								"west": {"uv": [22.01563, 57.53125], "uv_size": [1.60938, 6.46875]},
								"up": {"uv": [23.625, 64], "uv_size": [-1.60937, -6.46875]},
								"down": {"uv": [23.625, 64], "uv_size": [-1.60937, -6.46875]}
							}
						},
						{
							"origin": [1.9625, -0.125, -2.8125],
							"size": [0.75, 1.75, 1.21875],
							"uv": {
								"north": {"uv": [2.70313, 25.51563], "uv_size": [-1.875, 1.73438]},
								"east": {"uv": [2.70313, 25.51563], "uv_size": [-1.875, 1.73438]},
								"south": {"uv": [2.70313, 25.51563], "uv_size": [-1.875, 1.73438]},
								"west": {"uv": [2.70313, 25.51563], "uv_size": [-1.875, 1.73438]},
								"up": {"uv": [0.82813, 27.25], "uv_size": [1.875, -1.73437]},
								"down": {"uv": [0.82813, 27.25], "uv_size": [1.875, -1.73437]}
							}
						},
						{
							"origin": [0.9, -0.125, -2.8125],
							"size": [0.75, 1.75, 1.21875],
							"uv": {
								"north": {"uv": [2.70313, 25.51563], "uv_size": [-1.875, 1.73438]},
								"east": {"uv": [2.70313, 25.51563], "uv_size": [-1.875, 1.73438]},
								"south": {"uv": [2.70313, 25.51563], "uv_size": [-1.875, 1.73438]},
								"west": {"uv": [2.70313, 25.51563], "uv_size": [-1.875, 1.73438]},
								"up": {"uv": [0.82813, 27.25], "uv_size": [1.875, -1.73437]},
								"down": {"uv": [0.82813, 27.25], "uv_size": [1.875, -1.73437]}
							}
						},
						{
							"origin": [0.0875, -0.125, -2.8125],
							"size": [0.625, 1.75, 1.21875],
							"uv": {
								"north": {"uv": [2.70313, 25.51563], "uv_size": [-1.875, 1.73438]},
								"east": {"uv": [2.70313, 25.51563], "uv_size": [-1.875, 1.73438]},
								"south": {"uv": [2.70313, 25.51563], "uv_size": [-1.875, 1.73438]},
								"west": {"uv": [2.70313, 25.51563], "uv_size": [-1.875, 1.73438]},
								"up": {"uv": [0.82813, 27.25], "uv_size": [1.875, -1.73437]},
								"down": {"uv": [0.82813, 27.25], "uv_size": [1.875, -1.73437]}
							}
						},
						{
							"origin": [0.15, -0.125, -3.375],
							"size": [0.5625, 1.34375, 1.78125],
							"uv": {
								"north": {"uv": [2.70313, 25.51563], "uv_size": [-1.875, 1.73438]},
								"east": {"uv": [2.70313, 25.51563], "uv_size": [-1.875, 1.73438]},
								"south": {"uv": [2.70313, 25.51563], "uv_size": [-1.875, 1.73438]},
								"west": {"uv": [2.70313, 25.51563], "uv_size": [-1.875, 1.73438]},
								"up": {"uv": [0.82813, 27.25], "uv_size": [1.875, -1.73437]},
								"down": {"uv": [0.82813, 27.25], "uv_size": [1.875, -1.73437]}
							}
						},
						{
							"origin": [1.025, -0.125, -3.375],
							"size": [0.5625, 1.34375, 1.78125],
							"uv": {
								"north": {"uv": [2.70313, 25.51563], "uv_size": [-1.875, 1.73438]},
								"east": {"uv": [2.70313, 25.51563], "uv_size": [-1.875, 1.73438]},
								"south": {"uv": [2.70313, 25.51563], "uv_size": [-1.875, 1.73438]},
								"west": {"uv": [2.70313, 25.51563], "uv_size": [-1.875, 1.73438]},
								"up": {"uv": [0.82813, 27.25], "uv_size": [1.875, -1.73437]},
								"down": {"uv": [0.82813, 27.25], "uv_size": [1.875, -1.73437]}
							}
						},
						{
							"origin": [2.05625, -0.125, -3.375],
							"size": [0.5625, 1.34375, 1.78125],
							"uv": {
								"north": {"uv": [2.70313, 25.51563], "uv_size": [-1.875, 1.73438]},
								"east": {"uv": [2.70313, 25.51563], "uv_size": [-1.875, 1.73438]},
								"south": {"uv": [2.70313, 25.51563], "uv_size": [-1.875, 1.73438]},
								"west": {"uv": [2.70313, 25.51563], "uv_size": [-1.875, 1.73438]},
								"up": {"uv": [0.82813, 27.25], "uv_size": [1.875, -1.73437]},
								"down": {"uv": [0.82813, 27.25], "uv_size": [1.875, -1.73437]}
							}
						},
						{
							"origin": [3.11875, -0.125, -3.375],
							"size": [0.59375, 1.34375, 1.78125],
							"uv": {
								"north": {"uv": [2.70313, 25.51563], "uv_size": [-1.875, 1.73438]},
								"east": {"uv": [2.70313, 25.51563], "uv_size": [-1.875, 1.73438]},
								"south": {"uv": [2.70313, 25.51563], "uv_size": [-1.875, 1.73438]},
								"west": {"uv": [2.70313, 25.51563], "uv_size": [-1.875, 1.73438]},
								"up": {"uv": [0.82813, 27.25], "uv_size": [1.875, -1.73437]},
								"down": {"uv": [0.82813, 27.25], "uv_size": [1.875, -1.73437]}
							}
						},
						{
							"origin": [2.9625, -0.125, -2.8125],
							"size": [0.875, 1.75, 1.21875],
							"uv": {
								"north": {"uv": [2.70313, 25.51563], "uv_size": [-1.875, 1.73438]},
								"east": {"uv": [2.70313, 25.51563], "uv_size": [-1.875, 1.73438]},
								"south": {"uv": [2.70313, 25.51563], "uv_size": [-1.875, 1.73438]},
								"west": {"uv": [2.70313, 25.51563], "uv_size": [-1.875, 1.73438]},
								"up": {"uv": [0.82813, 27.25], "uv_size": [1.875, -1.73437]},
								"down": {"uv": [0.82813, 27.25], "uv_size": [1.875, -1.73437]}
							}
						},
						{
							"origin": [0.025, -0.125, -2.46875],
							"size": [3.78125, 1.4375, 0.875],
							"uv": {
								"north": {"uv": [3, 25.21875], "uv_size": [-0.625, 0.85938]},
								"east": {"uv": [3, 25.21875], "uv_size": [-0.625, 0.85938]},
								"south": {"uv": [3, 25.21875], "uv_size": [-0.625, 0.85938]},
								"west": {"uv": [3, 25.21875], "uv_size": [-0.625, 0.85938]},
								"up": {"uv": [2.375, 26.07813], "uv_size": [0.625, -0.85937]},
								"down": {"uv": [2.375, 26.07813], "uv_size": [0.625, -0.85937]}
							}
						},
						{
							"origin": [-0.31875, 5.21875, -2.09375],
							"size": [4.46875, 2, 4.34375],
							"uv": {
								"north": {"uv": [7, 24.17188], "uv_size": [-3, 2.15625]},
								"east": {"uv": [7, 24.17188], "uv_size": [-3, 2.15625]},
								"south": {"uv": [7, 24.17188], "uv_size": [-3, 2.15625]},
								"west": {"uv": [7, 24.17188], "uv_size": [-3, 2.15625]},
								"up": {"uv": [4, 26.32813], "uv_size": [3, -2.15625]},
								"down": {"uv": [4, 26.32813], "uv_size": [3, -2.15625]}
							}
						},
						{
							"origin": [-0.31875, 3.625, -2.09375],
							"size": [4.46875, 0.875, 4.34375],
							"uv": {
								"north": {"uv": [7, 24.17188], "uv_size": [-3, 2.15625]},
								"east": {"uv": [7, 24.17188], "uv_size": [-3, 2.15625]},
								"south": {"uv": [7, 24.17188], "uv_size": [-3, 2.15625]},
								"west": {"uv": [7, 24.17188], "uv_size": [-3, 2.15625]},
								"up": {"uv": [4, 26.32813], "uv_size": [3, -2.15625]},
								"down": {"uv": [4, 26.32813], "uv_size": [3, -2.15625]}
							}
						}
					]
				}
			]
		}
	]
}