{
	"format_version": "1.12.0",
	"minecraft:geometry": [
		{
			"description": {
				"identifier": "geometry.hawks_suit",
				"texture_width": 64,
				"texture_height": 64,
				"visible_bounds_width": 3,
				"visible_bounds_height": 4.5,
				"visible_bounds_offset": [0, 0.75, 0]
			},
			"bones": [
				{
					"name": "root",
					"pivot": [0, 0, 0]
				},
				{
					"name": "waist",
					"parent": "root",
					"pivot": [0, 12, 0]
				},
				{
					"name": "body",
					"parent": "waist",
					"pivot": [0, 24, 0],
					"cubes": [
						{
							"origin": [-4, 12, -2],
							"size": [8, 12, 4],
							"inflate": 0.1,
							"uv": {
								"north": {"uv": [20, 20], "uv_size": [8, 12]},
								"east": {"uv": [16, 20], "uv_size": [4, 12]},
								"south": {"uv": [32, 20], "uv_size": [8, 12]},
								"west": {"uv": [28, 20], "uv_size": [4, 12]},
								"up": {"uv": [20, 16], "uv_size": [8, 4]},
								"down": {"uv": [20, 20], "uv_size": [8, -4]}
							}
						},
						{
							"origin": [-4, 12, -2],
							"size": [8, 12, 4],
							"inflate": 0.2,
							"uv": {
								"north": {"uv": [20, 36], "uv_size": [8, 12]},
								"east": {"uv": [16, 36], "uv_size": [4, 12]},
								"south": {"uv": [32, 36], "uv_size": [8, 12]},
								"west": {"uv": [28, 36], "uv_size": [4, 12]},
								"up": {"uv": [20, 32], "uv_size": [8, 4]},
								"down": {"uv": [28, 36], "uv_size": [8, -4]}
							}
						},
						{
							"origin": [-2.5, 12, -2.25],
							"size": [1, 12, 0.25],
							"inflate": 0.1,
							"uv": {
								"north": {"uv": [63, 52], "uv_size": [1, 12]},
								"east": {"uv": [63.5, 52], "uv_size": [0.5, 12]},
								"south": {"uv": [63, 52], "uv_size": [1, 12]},
								"west": {"uv": [63, 52], "uv_size": [0.5, 12]},
								"up": {"uv": [63, 52], "uv_size": [1, 0.5]},
								"down": {"uv": [63, 64], "uv_size": [1, -0.5]}
							}
						},
						{
							"origin": [1.5, 12, -2.25],
							"size": [1, 12, 0.25],
							"inflate": 0.1,
							"uv": {
								"north": {"uv": [64, 52], "uv_size": [-1, 12]},
								"east": {"uv": [63.5, 52], "uv_size": [-0.5, 12]},
								"south": {"uv": [64, 52], "uv_size": [-1, 12]},
								"west": {"uv": [64, 52], "uv_size": [-0.5, 12]},
								"up": {"uv": [64, 52], "uv_size": [-1, 0.5]},
								"down": {"uv": [64, 64], "uv_size": [-1, -0.5]}
							}
						},
						{
							"origin": [-10.25, 12.25, -2.25],
							"size": [1, 2, 4.5],
							"inflate": 0.05,
							"pivot": [-6, 16, 0],
							"rotation": [0, 0, -90],
							"uv": {
								"north": {"uv": [63, 62], "uv_size": [1, 2]},
								"east": {"uv": [63.5, 63.5], "uv_size": [0.5, 0.5]},
								"south": {"uv": [63, 62], "uv_size": [1, 2]},
								"west": {"uv": [63, 63.5], "uv_size": [0.5, 0.5]},
								"up": {"uv": [63, 59.5], "uv_size": [1, 4.5]},
								"down": {"uv": [63, 64], "uv_size": [1, -4.5]}
							}
						},
						{
							"origin": [9.25, 12.25, -2.25],
							"size": [1, 2, 4.5],
							"inflate": 0.05,
							"pivot": [6, 16, 0],
							"rotation": [0, 0, 90],
							"uv": {
								"north": {"uv": [64, 62], "uv_size": [-1, 2]},
								"east": {"uv": [63.5, 63.5], "uv_size": [-0.5, 0.5]},
								"south": {"uv": [64, 62], "uv_size": [-1, 2]},
								"west": {"uv": [64, 63.5], "uv_size": [-0.5, 0.5]},
								"up": {"uv": [64, 59.5], "uv_size": [-1, 4.5]},
								"down": {"uv": [64, 64], "uv_size": [-1, -4.5]}
							}
						},
						{
							"origin": [9.25, 7.75, 1.75],
							"size": [1, 4.5, 0.5],
							"inflate": 0.05,
							"pivot": [6, 16, 0],
							"rotation": [0, 0, 90],
							"uv": {
								"north": {"uv": [64, 59.5], "uv_size": [-1, 4.5]},
								"east": {"uv": [63.5, 63.5], "uv_size": [-0.5, 0.5]},
								"south": {"uv": [64, 59.5], "uv_size": [-1, 4.5]},
								"west": {"uv": [64, 63.5], "uv_size": [-0.5, 0.5]},
								"up": {"uv": [64, 59.5], "uv_size": [-1, 4.5]},
								"down": {"uv": [64, 64], "uv_size": [-1, -4.5]}
							}
						}
					]
				},
				{
					"name": "head",
					"parent": "body",
					"pivot": [0, 24, 0],
					"cubes": [
						{
							"origin": [-4, 24, -4],
							"size": [8, 8, 8],
							"inflate": 0.15,
							"uv": {
								"north": {"uv": [8, 8], "uv_size": [8, 8]},
								"east": {"uv": [0, 8], "uv_size": [8, 8]},
								"south": {"uv": [24, 8], "uv_size": [8, 8]},
								"west": {"uv": [16, 8], "uv_size": [8, 8]},
								"up": {"uv": [16, 0], "uv_size": [-8, 8]},
								"down": {"uv": [24, 8], "uv_size": [-8, -8]}
							}
						},
						{
							"origin": [2.75, 5.75, -3.75],
							"size": [1, 8.5, 8],
							"inflate": 0.1,
							"pivot": [-6, 16, 0],
							"rotation": [0, 0, -90],
							"uv": {
								"north": {"uv": [63, 55.5], "uv_size": [1, 8.5]},
								"east": {"uv": [63.5, 63.5], "uv_size": [0.5, 0.5]},
								"south": {"uv": [63, 55.5], "uv_size": [1, 8.5]},
								"west": {"uv": [63, 63.5], "uv_size": [0.5, 0.5]},
								"up": {"uv": [63, 56], "uv_size": [1, 8]},
								"down": {"uv": [63, 64], "uv_size": [1, -8]}
							}
						}
					]
				},
				{
					"name": "rightArm",
					"parent": "body",
					"pivot": [-5, 22, 0],
					"cubes": [
						{
							"origin": [-8, 18, -2],
							"size": [4, 6, 4],
							"inflate": 0.15,
							"uv": {
								"north": {"uv": [48, 36], "uv_size": [-4, 6]},
								"east": {"uv": [52, 36], "uv_size": [-4, 6]},
								"south": {"uv": [56, 36], "uv_size": [-4, 6]},
								"west": {"uv": [44, 36], "uv_size": [-4, 6]},
								"up": {"uv": [48, 32], "uv_size": [-4, 4]},
								"down": {"uv": [48, 42], "uv_size": [-4, -1]}
							}
						},
						{
							"origin": [-8, 12, -2],
							"size": [4, 6, 4],
							"inflate": 0.2,
							"uv": {
								"north": {"uv": [48, 42], "uv_size": [-4, 6]},
								"east": {"uv": [52, 42], "uv_size": [-4, 6]},
								"south": {"uv": [56, 42], "uv_size": [-4, 6]},
								"west": {"uv": [44, 42], "uv_size": [-4, 6]},
								"up": {"uv": [48, 32], "uv_size": [-4, 4]},
								"down": {"uv": [52, 36], "uv_size": [-4, -4]}
							}
						},
						{
							"origin": [-6.25, 13.75, -2.25],
							"size": [1, 4.5, 4.5],
							"inflate": 0.1,
							"pivot": [-6, 16, 0],
							"rotation": [0, 0, -90],
							"uv": {
								"north": {"uv": [63, 59.5], "uv_size": [1, 4.5]},
								"east": {"uv": [63.5, 63.5], "uv_size": [0.5, 0.5]},
								"south": {"uv": [63, 59.5], "uv_size": [1, 4.5]},
								"west": {"uv": [63, 63.5], "uv_size": [0.5, 0.5]},
								"up": {"uv": [63, 59.5], "uv_size": [1, 4.5]},
								"down": {"uv": [63, 64], "uv_size": [1, -4.5]}
							}
						},
						{
							"origin": [-8, 18, -2],
							"size": [4, 6, 4],
							"inflate": 0.1,
							"uv": {
								"north": {"uv": [44, 20], "uv_size": [4, 6]},
								"east": {"uv": [40, 20], "uv_size": [4, 6]},
								"south": {"uv": [52, 20], "uv_size": [4, 6]},
								"west": {"uv": [48, 20], "uv_size": [4, 6]},
								"up": {"uv": [44, 16], "uv_size": [4, 4]},
								"down": {"uv": [44, 26], "uv_size": [4, -1]}
							}
						},
						{
							"origin": [-8, 12, -2],
							"size": [4, 6, 4],
							"inflate": 0.1,
							"uv": {
								"north": {"uv": [44, 26], "uv_size": [4, 6]},
								"east": {"uv": [40, 26], "uv_size": [4, 6]},
								"south": {"uv": [52, 26], "uv_size": [4, 6]},
								"west": {"uv": [48, 26], "uv_size": [4, 6]},
								"up": {"uv": [44, 26], "uv_size": [4, 1]},
								"down": {"uv": [48, 20], "uv_size": [4, -4]}
							}
						}
					]
				},
				{
					"name": "leftArm",
					"parent": "body",
					"pivot": [5, 22, 0],
					"cubes": [
						{
							"origin": [4, 18, -2],
							"size": [4, 6, 4],
							"inflate": 0.15,
							"uv": {
								"north": {"uv": [44, 36], "uv_size": [4, 6]},
								"east": {"uv": [40, 36], "uv_size": [4, 6]},
								"south": {"uv": [52, 36], "uv_size": [4, 6]},
								"west": {"uv": [48, 36], "uv_size": [4, 6]},
								"up": {"uv": [44, 32], "uv_size": [4, 4]},
								"down": {"uv": [44, 42], "uv_size": [4, -1]}
							}
						},
						{
							"origin": [4, 12, -2],
							"size": [4, 6, 4],
							"inflate": 0.2,
							"uv": {
								"north": {"uv": [44, 42], "uv_size": [4, 6]},
								"east": {"uv": [40, 42], "uv_size": [4, 6]},
								"south": {"uv": [52, 42], "uv_size": [4, 6]},
								"west": {"uv": [48, 42], "uv_size": [4, 6]},
								"up": {"uv": [44, 32], "uv_size": [4, 4]},
								"down": {"uv": [48, 36], "uv_size": [4, -4]}
							}
						},
						{
							"origin": [5.25, 13.75, -2.25],
							"size": [1, 4.5, 4.5],
							"inflate": 0.1,
							"pivot": [6, 16, 0],
							"rotation": [0, 0, 90],
							"uv": {
								"north": {"uv": [64, 59.5], "uv_size": [-1, 4.5]},
								"east": {"uv": [63.5, 63.5], "uv_size": [-0.5, 0.5]},
								"south": {"uv": [64, 59.5], "uv_size": [-1, 4.5]},
								"west": {"uv": [64, 63.5], "uv_size": [-0.5, 0.5]},
								"up": {"uv": [64, 59.5], "uv_size": [-1, 4.5]},
								"down": {"uv": [64, 64], "uv_size": [-1, -4.5]}
							}
						},
						{
							"origin": [4, 18, -2],
							"size": [4, 6, 4],
							"inflate": 0.1,
							"uv": {
								"north": {"uv": [36, 52], "uv_size": [4, 6]},
								"east": {"uv": [32, 52], "uv_size": [4, 6]},
								"south": {"uv": [44, 52], "uv_size": [4, 6]},
								"west": {"uv": [40, 52], "uv_size": [4, 6]},
								"up": {"uv": [36, 48], "uv_size": [4, 4]},
								"down": {"uv": [36, 58], "uv_size": [4, -1]}
							}
						},
						{
							"origin": [4, 12, -2],
							"size": [4, 6, 4],
							"inflate": 0.1,
							"uv": {
								"north": {"uv": [36, 58], "uv_size": [4, 6]},
								"east": {"uv": [32, 58], "uv_size": [4, 6]},
								"south": {"uv": [44, 58], "uv_size": [4, 6]},
								"west": {"uv": [40, 58], "uv_size": [4, 6]},
								"up": {"uv": [36, 58], "uv_size": [4, 1]},
								"down": {"uv": [40, 52], "uv_size": [4, -4]}
							}
						}
					]
				},
				{
					"name": "rightleg",
					"parent": "root",
					"pivot": [-1.9, 12, 0],
					"cubes": [
						{
							"origin": [-4, 6, -2],
							"size": [4, 6, 4],
							"inflate": 0.125,
							"uv": {
								"north": {"uv": [4, 20], "uv_size": [4, 6]},
								"east": {"uv": [0, 20], "uv_size": [4, 6]},
								"south": {"uv": [12, 20], "uv_size": [4, 6]},
								"west": {"uv": [8, 20], "uv_size": [4, 6]},
								"up": {"uv": [4, 16], "uv_size": [4, 4]},
								"down": {"uv": [4, 26], "uv_size": [4, -1]}
							}
						},
						{
							"origin": [-4, 0, -2],
							"size": [4, 6, 4],
							"inflate": 0.1,
							"uv": {
								"north": {"uv": [4, 26], "uv_size": [4, 6]},
								"east": {"uv": [0, 26], "uv_size": [4, 6]},
								"south": {"uv": [12, 26], "uv_size": [4, 6]},
								"west": {"uv": [8, 26], "uv_size": [4, 6]},
								"up": {"uv": [4, 26], "uv_size": [4, 1]},
								"down": {"uv": [8, 20], "uv_size": [4, -4]}
							}
						},
						{
							"origin": [-4, 3, -2],
							"size": [4, 3, 4],
							"inflate": 0.225,
							"uv": {
								"north": {"uv": [4, 26], "uv_size": [4, 3]},
								"east": {"uv": [0, 26], "uv_size": [4, 3]},
								"south": {"uv": [12, 26], "uv_size": [4, 3]},
								"west": {"uv": [8, 26], "uv_size": [4, 3]},
								"up": {"uv": [4, 26], "uv_size": [4, 1]},
								"down": {"uv": [4, 29], "uv_size": [4, -4]}
							}
						},
						{
							"origin": [-4, 0, -4],
							"size": [4, 2, 2],
							"inflate": 0.1,
							"uv": {
								"north": {"uv": [8, 56], "uv_size": [-4, 2]},
								"east": {"uv": [12, 56], "uv_size": [-4, 2]},
								"south": {"uv": [16, 56], "uv_size": [-4, 2]},
								"west": {"uv": [4, 56], "uv_size": [-4, 2]},
								"up": {"uv": [8, 54], "uv_size": [-4, 2]},
								"down": {"uv": [12, 56], "uv_size": [-4, -2]}
							}
						}
					]
				},
				{
					"name": "leftleg",
					"parent": "root",
					"pivot": [1.9, 12, 0],
					"cubes": [
						{
							"origin": [0, 6, -2],
							"size": [4, 6, 4],
							"inflate": 0.125,
							"uv": {
								"north": {"uv": [8, 20], "uv_size": [-4, 6]},
								"east": {"uv": [12, 20], "uv_size": [-4, 6]},
								"south": {"uv": [16, 20], "uv_size": [-4, 6]},
								"west": {"uv": [4, 20], "uv_size": [-4, 6]},
								"up": {"uv": [8, 16], "uv_size": [-4, 4]},
								"down": {"uv": [8, 26], "uv_size": [-4, -1]}
							}
						},
						{
							"origin": [0, 0, -2],
							"size": [4, 6, 4],
							"inflate": 0.1,
							"uv": {
								"north": {"uv": [8, 26], "uv_size": [-4, 6]},
								"east": {"uv": [12, 26], "uv_size": [-4, 6]},
								"south": {"uv": [16, 26], "uv_size": [-4, 6]},
								"west": {"uv": [4, 26], "uv_size": [-4, 6]},
								"up": {"uv": [8, 26], "uv_size": [-4, 1]},
								"down": {"uv": [12, 20], "uv_size": [-4, -4]}
							}
						},
						{
							"origin": [0, 3, -2],
							"size": [4, 3, 4],
							"inflate": 0.225,
							"uv": {
								"north": {"uv": [8, 26], "uv_size": [-4, 3]},
								"east": {"uv": [12, 26], "uv_size": [-4, 3]},
								"south": {"uv": [16, 26], "uv_size": [-4, 3]},
								"west": {"uv": [4, 26], "uv_size": [-4, 3]},
								"up": {"uv": [8, 26], "uv_size": [-4, 1]},
								"down": {"uv": [8, 29], "uv_size": [-4, -4]}
							}
						},
						{
							"origin": [0, 0, -4],
							"size": [4, 2, 2],
							"inflate": 0.1,
							"uv": {
								"north": {"uv": [4, 56], "uv_size": [4, 2]},
								"east": {"uv": [0, 56], "uv_size": [4, 2]},
								"south": {"uv": [12, 56], "uv_size": [4, 2]},
								"west": {"uv": [8, 56], "uv_size": [4, 2]},
								"up": {"uv": [4, 54], "uv_size": [4, 2]},
								"down": {"uv": [8, 56], "uv_size": [4, -2]}
							}
						}
					]
				}
			]
		}
	]
}