{
	"format_version": "1.12.0",
	"minecraft:geometry": [
		{
			"description": {
				"identifier": "geometry.red_riot_suit",
				"texture_width": 64,
				"texture_height": 64,
				"visible_bounds_width": 3,
				"visible_bounds_height": 3.5,
				"visible_bounds_offset": [0, 1.25, 0]
			},
			"bones": [
				{
					"name": "root",
					"pivot": [0, 0, 0]
				},
				{
					"name": "waist",
					"parent": "root",
					"pivot": [0, 12, 0]
				},
				{
					"name": "body",
					"parent": "waist",
					"pivot": [0, 24, 0],
					"cubes": [
						{
							"origin": [-4, 20, -2.375],
							"size": [1.5, 4.25, 4.75],
							"uv": {
								"north": {"uv": [2, 57], "uv_size": [1.5, 4.5]},
								"east": {"uv": [47, 15], "uv_size": [5, 4.5]},
								"south": {"uv": [4, 57], "uv_size": [1.5, 4.5]},
								"west": {"uv": [47, 20], "uv_size": [5, 4.5]},
								"up": {"uv": [34, 55], "uv_size": [1.5, 5]},
								"down": {"uv": [36, 60], "uv_size": [1.5, -5]}
							}
						},
						{
							"origin": [2.5, 20, -2.375],
							"size": [1.5, 4.25, 4.75],
							"uv": {
								"north": {"uv": [3.5, 57], "uv_size": [-1.5, 4.5]},
								"east": {"uv": [52, 20], "uv_size": [-5, 4.5]},
								"south": {"uv": [5.5, 57], "uv_size": [-1.5, 4.5]},
								"west": {"uv": [52, 15], "uv_size": [-5, 4.5]},
								"up": {"uv": [35.5, 55], "uv_size": [-1.5, 5]},
								"down": {"uv": [37.5, 60], "uv_size": [-1.5, -5]}
							}
						},
						{
							"origin": [-4, 17, -2.375],
							"size": [1.5, 3, 4.75],
							"uv": {
								"north": {"uv": [57, 48], "uv_size": [1.5, 3]},
								"east": {"uv": [52, 20], "uv_size": [5, 3]},
								"south": {"uv": [58, 6], "uv_size": [1.5, 3]},
								"west": {"uv": [52, 23], "uv_size": [5, 3]},
								"up": {"uv": [38, 55], "uv_size": [1.5, 5]},
								"down": {"uv": [55, 48], "uv_size": [1.5, -5]}
							}
						},
						{
							"origin": [2.5, 17, -2.375],
							"size": [1.5, 3, 4.75],
							"uv": {
								"north": {"uv": [58.5, 48], "uv_size": [-1.5, 3]},
								"east": {"uv": [57, 23], "uv_size": [-5, 3]},
								"south": {"uv": [59.5, 6], "uv_size": [-1.5, 3]},
								"west": {"uv": [57, 20], "uv_size": [-5, 3]},
								"up": {"uv": [39.5, 55], "uv_size": [-1.5, 5]},
								"down": {"uv": [56.5, 48], "uv_size": [-1.5, -5]}
							}
						},
						{
							"origin": [1.12794, 12.18092, -2.625],
							"size": [1.692, 1, 5.25],
							"uv": {
								"north": {"uv": [47, 25], "uv_size": [1.5, 1]},
								"east": {"uv": [57, 15], "uv_size": [5.5, 1]},
								"south": {"uv": [49, 25], "uv_size": [1.5, 1]},
								"west": {"uv": [57, 16], "uv_size": [5.5, 1]},
								"up": {"uv": [15, 32], "uv_size": [1.5, 5.5]},
								"down": {"uv": [20, 45.5], "uv_size": [1.5, -5.5]}
							}
						},
						{
							"origin": [-4.067, 19.25, -2.625],
							"size": [1.692, 1, 5.25],
							"uv": {
								"north": {"uv": [35, 51], "uv_size": [1.5, 1]},
								"east": {"uv": [57, 17], "uv_size": [5.5, 1]},
								"south": {"uv": [40, 52], "uv_size": [1.5, 1]},
								"west": {"uv": [57, 18], "uv_size": [5.5, 1]},
								"up": {"uv": [53, 43], "uv_size": [1.5, 5.5]},
								"down": {"uv": [44, 58.5], "uv_size": [1.5, -5.5]}
							}
						},
						{
							"origin": [2.375, 19.25, -2.625],
							"size": [1.692, 1, 5.25],
							"uv": {
								"north": {"uv": [36.5, 51], "uv_size": [-1.5, 1]},
								"east": {"uv": [62.5, 18], "uv_size": [-5.5, 1]},
								"south": {"uv": [41.5, 52], "uv_size": [-1.5, 1]},
								"west": {"uv": [62.5, 17], "uv_size": [-5.5, 1]},
								"up": {"uv": [54.5, 43], "uv_size": [-1.5, 5.5]},
								"down": {"uv": [45.5, 58.5], "uv_size": [-1.5, -5.5]}
							}
						},
						{
							"origin": [-4.067, 17.5, -2.625],
							"size": [1.692, 1, 5.25],
							"uv": {
								"north": {"uv": [35, 51], "uv_size": [1.5, 1]},
								"east": {"uv": [57, 17], "uv_size": [5.5, 1]},
								"south": {"uv": [40, 52], "uv_size": [1.5, 1]},
								"west": {"uv": [57, 18], "uv_size": [5.5, 1]},
								"up": {"uv": [53, 43], "uv_size": [1.5, 5.5]},
								"down": {"uv": [44, 58.5], "uv_size": [1.5, -5.5]}
							}
						},
						{
							"origin": [2.375, 17.5, -2.625],
							"size": [1.692, 1, 5.25],
							"uv": {
								"north": {"uv": [36.5, 51], "uv_size": [-1.5, 1]},
								"east": {"uv": [62.5, 18], "uv_size": [-5.5, 1]},
								"south": {"uv": [41.5, 52], "uv_size": [-1.5, 1]},
								"west": {"uv": [62.5, 17], "uv_size": [-5.5, 1]},
								"up": {"uv": [54.5, 43], "uv_size": [-1.5, 5.5]},
								"down": {"uv": [45.5, 58.5], "uv_size": [-1.5, -5.5]}
							}
						},
						{
							"origin": [-4.125, 21, -2.625],
							"size": [1.75, 1, 5.25],
							"uv": {
								"north": {"uv": [57, 51], "uv_size": [1.5, 1]},
								"east": {"uv": [57, 19], "uv_size": [5.5, 1]},
								"south": {"uv": [57, 52], "uv_size": [1.5, 1]},
								"west": {"uv": [57, 20], "uv_size": [5.5, 1]},
								"up": {"uv": [46, 53], "uv_size": [1.5, 5.5]},
								"down": {"uv": [48, 58.5], "uv_size": [1.5, -5.5]}
							}
						},
						{
							"origin": [2.375, 21, -2.625],
							"size": [1.75, 1, 5.25],
							"uv": {
								"north": {"uv": [58.5, 51], "uv_size": [-1.5, 1]},
								"east": {"uv": [62.5, 20], "uv_size": [-5.5, 1]},
								"south": {"uv": [58.5, 52], "uv_size": [-1.5, 1]},
								"west": {"uv": [62.5, 19], "uv_size": [-5.5, 1]},
								"up": {"uv": [47.5, 53], "uv_size": [-1.5, 5.5]},
								"down": {"uv": [49.5, 58.5], "uv_size": [-1.5, -5.5]}
							}
						},
						{
							"origin": [-4.125, 22.75, -2.625],
							"size": [1.75, 1, 5.25],
							"uv": {
								"north": {"uv": [58, 28], "uv_size": [1.5, 1]},
								"east": {"uv": [57, 21], "uv_size": [5.5, 1]},
								"south": {"uv": [58, 29], "uv_size": [1.5, 1]},
								"west": {"uv": [57, 22], "uv_size": [5.5, 1]},
								"up": {"uv": [53, 49], "uv_size": [1.5, 5.5]},
								"down": {"uv": [50, 58.5], "uv_size": [1.5, -5.5]}
							}
						},
						{
							"origin": [2.375, 22.75, -2.625],
							"size": [1.75, 1, 5.25],
							"uv": {
								"north": {"uv": [59.5, 28], "uv_size": [-1.5, 1]},
								"east": {"uv": [62.5, 22], "uv_size": [-5.5, 1]},
								"south": {"uv": [59.5, 29], "uv_size": [-1.5, 1]},
								"west": {"uv": [62.5, 21], "uv_size": [-5.5, 1]},
								"up": {"uv": [54.5, 49], "uv_size": [-1.5, 5.5]},
								"down": {"uv": [51.5, 58.5], "uv_size": [-1.5, -5.5]}
							}
						},
						{
							"origin": [-4, 12, -2],
							"size": [8, 12, 4],
							"inflate": 0.1,
							"uv": {
								"north": {"uv": [0, 0], "uv_size": [8.5, 12.5]},
								"east": {"uv": [42, 0], "uv_size": [4.5, 12.5]},
								"south": {"uv": [9, 0], "uv_size": [8.5, 12.5]},
								"west": {"uv": [42, 13], "uv_size": [4.5, 12.5]},
								"up": {"uv": [47, 5], "uv_size": [8.5, 4.5]},
								"down": {"uv": [47, 14.5], "uv_size": [8.5, -4.5]}
							}
						},
						{
							"origin": [-4.625, 11.625, -2.625],
							"size": [9.25, 1.5, 5.25],
							"uv": {
								"north": {"uv": [20, 53], "uv_size": [9.5, 1.5]},
								"east": {"uv": [0, 55], "uv_size": [5.5, 1.5]},
								"south": {"uv": [53, 26], "uv_size": [9.5, 1.5]},
								"west": {"uv": [6, 55], "uv_size": [5.5, 1.5]},
								"up": {"uv": [43, 26], "uv_size": [9.5, 5.5]},
								"down": {"uv": [43, 37.5], "uv_size": [9.5, -5.5]}
							}
						},
						{
							"origin": [-1.375, 11.125, -2.721],
							"size": [2.75, 2.75, 2.346],
							"uv": {
								"north": {"uv": [23, 27], "uv_size": [3, 3]},
								"east": {"uv": [35, 48], "uv_size": [2.5, 3]},
								"south": {"uv": [23, 30], "uv_size": [3, 3]},
								"west": {"uv": [55, 53], "uv_size": [2.5, 3]},
								"up": {"uv": [56, 0], "uv_size": [3, 2.5]},
								"down": {"uv": [56, 5.5], "uv_size": [3, -2.5]}
							}
						}
					]
				},
				{
					"name": "head",
					"parent": "body",
					"pivot": [0, 24, 0],
					"cubes": [
						{
							"origin": [-4, 24, -4],
							"size": [8, 8, 8],
							"inflate": 0.1,
							"uv": {
								"north": {"uv": [18, 0], "uv_size": [8.5, 8.5]},
								"east": {"uv": [18, 9], "uv_size": [8.5, 8.5]},
								"south": {"uv": [18, 18], "uv_size": [8.5, 8.5]},
								"west": {"uv": [0, 23], "uv_size": [8.5, 8.5]},
								"up": {"uv": [9, 23], "uv_size": [8.5, 8.5]},
								"down": {"uv": [27, 8.5], "uv_size": [8.5, -8.5]}
							}
						},
						{
							"origin": [-4, 32, -4],
							"size": [8, 2, 8],
							"inflate": 0.1,
							"uv": {
								"north": {"uv": [32, 62], "uv_size": [8.5, 2]},
								"east": {"uv": [21.5, 62], "uv_size": [8.5, 2]},
								"south": {"uv": [21.5, 62], "uv_size": [8.5, 2]},
								"west": {"uv": [21.5, 62], "uv_size": [8.5, 2]},
								"up": {"uv": [30, 64], "uv_size": [-8.5, -2]},
								"down": {"uv": [30, 64], "uv_size": [-8.5, -2]}
							}
						}
					]
				},
				{
					"name": "rightArm",
					"parent": "body",
					"pivot": [-5, 22, 0],
					"cubes": [
						{
							"origin": [-8, 12, -2],
							"size": [4, 12, 4],
							"inflate": 0.1,
							"uv": {
								"north": {"uv": [5, 32], "uv_size": [4.5, 12.5]},
								"east": {"uv": [32, 9], "uv_size": [4.5, 12.5]},
								"south": {"uv": [10, 32], "uv_size": [4.5, 12.5]},
								"west": {"uv": [32, 22], "uv_size": [4.5, 12.5]},
								"up": {"uv": [43, 48], "uv_size": [4.5, 4.5]},
								"down": {"uv": [48, 47.5], "uv_size": [4.5, -4.5]}
							}
						}
					]
				},
				{
					"name": "leftArm",
					"parent": "body",
					"pivot": [5, 22, 0],
					"cubes": [
						{
							"origin": [4, 12, -2],
							"size": [4, 12, 4],
							"inflate": 0.1,
							"uv": {
								"north": {"uv": [27, 9], "uv_size": [4.5, 12.5]},
								"east": {"uv": [18, 27], "uv_size": [4.5, 12.5]},
								"south": {"uv": [27, 22], "uv_size": [4.5, 12.5]},
								"west": {"uv": [0, 32], "uv_size": [4.5, 12.5]},
								"up": {"uv": [30, 48], "uv_size": [4.5, 4.5]},
								"down": {"uv": [48, 42.5], "uv_size": [4.5, -4.5]}
							}
						}
					]
				},
				{
					"name": "rightLeg",
					"parent": "root",
					"pivot": [-1.9, 12, 0],
					"cubes": [
						{
							"origin": [-4, 0, -2],
							"size": [4, 12, 4],
							"inflate": 0.1,
							"uv": {
								"north": {"uv": [37, 13], "uv_size": [4.5, 12.5]},
								"east": {"uv": [38, 26], "uv_size": [4.5, 12.5]},
								"south": {"uv": [38, 39], "uv_size": [4.5, 12.5]},
								"west": {"uv": [15, 40], "uv_size": [4.5, 12.5]},
								"up": {"uv": [10, 50], "uv_size": [4.5, 4.5]},
								"down": {"uv": [52, 19.5], "uv_size": [4.5, -4.5]}
							}
						},
						{
							"origin": [-4.25, 3, -2.25],
							"size": [4.5, 9, 4.5],
							"uv": {
								"north": {"uv": [0, 13], "uv_size": [4.5, 9.5]},
								"east": {"uv": [43, 38], "uv_size": [5, 9.5]},
								"south": {"uv": [13.5, 13], "uv_size": [4.5, 9.5]},
								"west": {"uv": [64, 64], "uv_size": [0, 0]},
								"up": {"uv": [5, 45], "uv_size": [9, 5]},
								"down": {"uv": [47, 5], "uv_size": [9, -5]}
							}
						}
					]
				},
				{
					"name": "leftLeg",
					"parent": "root",
					"pivot": [1.9, 12, 0],
					"cubes": [
						{
							"origin": [0, 0, -2],
							"size": [4, 12, 4],
							"inflate": 0.1,
							"uv": {
								"north": {"uv": [23, 35], "uv_size": [4.5, 12.5]},
								"east": {"uv": [28, 35], "uv_size": [4.5, 12.5]},
								"south": {"uv": [33, 35], "uv_size": [4.5, 12.5]},
								"west": {"uv": [37, 0], "uv_size": [4.5, 12.5]},
								"up": {"uv": [48, 48], "uv_size": [4.5, 4.5]},
								"down": {"uv": [5, 54.5], "uv_size": [4.5, -4.5]}
							}
						},
						{
							"origin": [0, 3, -2.25],
							"size": [4.25, 9, 4.5],
							"uv": {
								"north": {"uv": [4.5, 13], "uv_size": [4.5, 9.5]},
								"east": {"uv": [64, 64], "uv_size": [0, 0]},
								"south": {"uv": [9, 13], "uv_size": [4.5, 9.5]},
								"west": {"uv": [0, 45], "uv_size": [5, 9.5]},
								"up": {"uv": [5, 45], "uv_size": [9, 5]},
								"down": {"uv": [47, 5], "uv_size": [9, -5]}
							}
						}
					]
				}
			]
		}
	]
}