{
	"format_version": "1.12.0",
	"minecraft:geometry": [
		{
			"description": {
				"identifier": "geometry.uravity_suit",
				"texture_width": 64,
				"texture_height": 64,
				"visible_bounds_width": 3,
				"visible_bounds_height": 4.5,
				"visible_bounds_offset": [0, 0.75, 0]
			},
			"bones": [
				{
					"name": "root",
					"pivot": [0, 0, 0]
				},
				{
					"name": "waist",
					"parent": "root",
					"pivot": [0, 12, 0]
				},
				{
					"name": "body",
					"parent": "waist",
					"pivot": [0, 24, 0],
					"cubes": [
						{
							"origin": [-4, 12, -2],
							"size": [8, 12, 4],
							"inflate": 0.1,
							"uv": {
								"north": {"uv": [20, 20], "uv_size": [8, 12]},
								"east": {"uv": [16, 20], "uv_size": [4, 12]},
								"south": {"uv": [32, 20], "uv_size": [8, 12]},
								"west": {"uv": [28, 20], "uv_size": [4, 12]},
								"up": {"uv": [20, 16], "uv_size": [8, 4]},
								"down": {"uv": [20, 20], "uv_size": [8, -4]}
							}
						},
						{
							"origin": [-0.75, 12, -2.25],
							"size": [1.5, 1.5, 4.5],
							"inflate": 0.1,
							"uv": {
								"north": {"uv": [3, 61], "uv_size": [3, 3]},
								"east": {"uv": [3, 61], "uv_size": [3, 3]},
								"south": {"uv": [3, 61], "uv_size": [3, 3]},
								"west": {"uv": [3, 61], "uv_size": [3, 3]},
								"up": {"uv": [6, 64], "uv_size": [-3, -3]},
								"down": {"uv": [6, 64], "uv_size": [-3, -3]}
							}
						},
						{
							"origin": [-4.16318, 11.9924, -2.25],
							"size": [3.5, 2, 4.5],
							"inflate": 0.125,
							"pivot": [-2.41318, 12.9924, 0],
							"rotation": [0, 0, 10],
							"uv": {
								"north": {"uv": [0, 61], "uv_size": [3, 3]},
								"east": {"uv": [0, 61], "uv_size": [3, 3]},
								"south": {"uv": [0, 61], "uv_size": [3, 3]},
								"west": {"uv": [0, 61], "uv_size": [3, 3]},
								"up": {"uv": [3, 64], "uv_size": [-3, -3]},
								"down": {"uv": [3, 64], "uv_size": [-3, -3]}
							}
						},
						{
							"origin": [0.66318, 11.9924, -2.25],
							"size": [3.5, 2, 4.5],
							"inflate": 0.125,
							"pivot": [2.41318, 12.9924, 0],
							"rotation": [0, 0, -10],
							"uv": {
								"north": {"uv": [3, 61], "uv_size": [-3, 3]},
								"east": {"uv": [3, 61], "uv_size": [-3, 3]},
								"south": {"uv": [3, 61], "uv_size": [-3, 3]},
								"west": {"uv": [3, 61], "uv_size": [-3, 3]},
								"up": {"uv": [0, 64], "uv_size": [3, -3]},
								"down": {"uv": [0, 64], "uv_size": [3, -3]}
							}
						}
					]
				},
				{
					"name": "head",
					"parent": "body",
					"pivot": [0, 24, 0],
					"cubes": [
						{
							"origin": [-4.25, 26.57383, -5.50086],
							"size": [8.25, 5.5, 2],
							"inflate": -0.01,
							"pivot": [-0.125, 29.32383, -4.50086],
							"rotation": [-20, 0, 0],
							"uv": {
								"north": {"uv": [0, 58], "uv_size": [3, 3]},
								"east": {"uv": [0, 58], "uv_size": [3, 3]},
								"south": {"uv": [0, 0], "uv_size": [3, 3]},
								"west": {"uv": [0, 58], "uv_size": [3, 3]},
								"up": {"uv": [3, 61], "uv_size": [-3, -3]},
								"down": {"uv": [3, 3], "uv_size": [-3, -3]}
							}
						},
						{
							"origin": [-4.5, 25.5, -4.5],
							"size": [1, 2, 4.5],
							"pivot": [-4, 26.5, -2.25],
							"rotation": [20, 0, 0],
							"uv": {
								"north": {"uv": [0, 61], "uv_size": [3, 3]},
								"east": {"uv": [0, 61], "uv_size": [3, 3]},
								"south": {"uv": [0, 61], "uv_size": [3, 3]},
								"west": {"uv": [0, 61], "uv_size": [3, 3]},
								"up": {"uv": [3, 64], "uv_size": [-3, -3]},
								"down": {"uv": [3, 64], "uv_size": [-3, -3]}
							}
						},
						{
							"origin": [-4.25, 26.77606, -0.18092],
							"size": [0.5, 1.5, 1.5],
							"pivot": [-4, 27.52606, 0.56908],
							"rotation": [20, 0, 0],
							"uv": {
								"north": {"uv": [3, 61], "uv_size": [3, 3]},
								"east": {"uv": [3, 61], "uv_size": [3, 3]},
								"south": {"uv": [3, 61], "uv_size": [3, 3]},
								"west": {"uv": [3, 61], "uv_size": [3, 3]},
								"up": {"uv": [6, 64], "uv_size": [-3, -3]},
								"down": {"uv": [6, 64], "uv_size": [-3, -3]}
							}
						},
						{
							"origin": [3.75, 26.77606, -0.18092],
							"size": [0.5, 1.5, 1.5],
							"pivot": [4, 27.52606, 0.56908],
							"rotation": [20, 0, 0],
							"uv": {
								"north": {"uv": [6, 61], "uv_size": [-3, 3]},
								"east": {"uv": [6, 61], "uv_size": [-3, 3]},
								"south": {"uv": [6, 61], "uv_size": [-3, 3]},
								"west": {"uv": [6, 61], "uv_size": [-3, 3]},
								"up": {"uv": [3, 64], "uv_size": [3, -3]},
								"down": {"uv": [3, 64], "uv_size": [3, -3]}
							}
						},
						{
							"origin": [-4.25, 26.75, -3.75],
							"size": [8.5, 5.5, 1.25],
							"uv": {
								"north": {"uv": [0, 61], "uv_size": [3, 3]},
								"east": {"uv": [0, 61], "uv_size": [3, 3]},
								"south": {"uv": [0, 61], "uv_size": [3, 3]},
								"west": {"uv": [0, 61], "uv_size": [3, 3]},
								"up": {"uv": [3, 64], "uv_size": [-3, -3]},
								"down": {"uv": [3, 64], "uv_size": [-3, -3]}
							}
						},
						{
							"origin": [-4.25, 26.75, -4.5],
							"size": [8.5, 5.5, 0.75],
							"uv": {
								"north": {"uv": [0, 0], "uv_size": [3, 3]},
								"east": {"uv": [0, 58], "uv_size": [3, 3]},
								"south": {"uv": [0, 0], "uv_size": [3, 3]},
								"west": {"uv": [0, 58], "uv_size": [3, 3]},
								"up": {"uv": [3, 61], "uv_size": [-3, -3]},
								"down": {"uv": [3, 3], "uv_size": [-3, -3]}
							}
						},
						{
							"origin": [3.5, 25.5, -4.5],
							"size": [1, 2, 4.5],
							"pivot": [4, 26.5, -2.25],
							"rotation": [20, 0, 0],
							"uv": {
								"north": {"uv": [3, 61], "uv_size": [-3, 3]},
								"east": {"uv": [3, 61], "uv_size": [-3, 3]},
								"south": {"uv": [3, 61], "uv_size": [-3, 3]},
								"west": {"uv": [3, 61], "uv_size": [-3, 3]},
								"up": {"uv": [0, 64], "uv_size": [3, -3]},
								"down": {"uv": [0, 64], "uv_size": [3, -3]}
							}
						}
					]
				},
				{
					"name": "rightArm",
					"parent": "body",
					"pivot": [-5, 22, 0],
					"cubes": [
						{
							"origin": [-8, 18, -2],
							"size": [4, 6, 4],
							"inflate": 0.1,
							"uv": {
								"north": {"uv": [44, 20], "uv_size": [4, 6]},
								"east": {"uv": [40, 20], "uv_size": [4, 6]},
								"south": {"uv": [52, 20], "uv_size": [4, 6]},
								"west": {"uv": [48, 20], "uv_size": [4, 6]},
								"up": {"uv": [44, 16], "uv_size": [4, 4]},
								"down": {"uv": [44, 26], "uv_size": [4, -1]}
							}
						},
						{
							"origin": [-8, 14.52178, 2.1997],
							"size": [4, 1.9375, 0.51875],
							"inflate": 0.1,
							"uv": {
								"north": {"uv": [0, 61], "uv_size": [3, 3]},
								"east": {"uv": [0, 61], "uv_size": [3, 3]},
								"south": {"uv": [0, 61], "uv_size": [3, 3]},
								"west": {"uv": [0, 61], "uv_size": [3, 3]},
								"up": {"uv": [3, 64], "uv_size": [-3, -3]},
								"down": {"uv": [3, 64], "uv_size": [-3, -3]}
							}
						},
						{
							"origin": [-8, 14.52178, -2.71845],
							"size": [4, 1.9375, 0.51875],
							"inflate": 0.1,
							"uv": {
								"north": {"uv": [0, 61], "uv_size": [3, 3]},
								"east": {"uv": [0, 61], "uv_size": [3, 3]},
								"south": {"uv": [0, 61], "uv_size": [3, 3]},
								"west": {"uv": [0, 61], "uv_size": [3, 3]},
								"up": {"uv": [3, 64], "uv_size": [-3, -3]},
								"down": {"uv": [3, 64], "uv_size": [-3, -3]}
							}
						},
						{
							"origin": [-8, 16.37889, 1.65373],
							"size": [4, 1.5, 0.75],
							"inflate": 0.1,
							"pivot": [-6, 17.12889, 2.02873],
							"rotation": [25, 0, 0],
							"uv": {
								"north": {"uv": [0, 61], "uv_size": [3, 3]},
								"east": {"uv": [0, 61], "uv_size": [3, 3]},
								"south": {"uv": [0, 61], "uv_size": [3, 3]},
								"west": {"uv": [0, 61], "uv_size": [3, 3]},
								"up": {"uv": [3, 64], "uv_size": [-3, -3]},
								"down": {"uv": [3, 64], "uv_size": [-3, -3]}
							}
						},
						{
							"origin": [-8, 13.12111, -2.40373],
							"size": [4, 1.5, 0.75],
							"inflate": 0.1,
							"pivot": [-6, 13.87111, -2.02873],
							"rotation": [25, 0, 0],
							"uv": {
								"north": {"uv": [0, 61], "uv_size": [3, 3]},
								"east": {"uv": [0, 61], "uv_size": [3, 3]},
								"south": {"uv": [0, 61], "uv_size": [3, 3]},
								"west": {"uv": [0, 61], "uv_size": [3, 3]},
								"up": {"uv": [3, 64], "uv_size": [-3, -3]},
								"down": {"uv": [3, 64], "uv_size": [-3, -3]}
							}
						},
						{
							"origin": [-8, 13.12111, 1.65373],
							"size": [4, 1.5, 0.75],
							"inflate": 0.1,
							"pivot": [-6, 13.87111, 2.02873],
							"rotation": [-25, 0, 0],
							"uv": {
								"north": {"uv": [0, 61], "uv_size": [3, 3]},
								"east": {"uv": [0, 61], "uv_size": [3, 3]},
								"south": {"uv": [0, 61], "uv_size": [3, 3]},
								"west": {"uv": [0, 61], "uv_size": [3, 3]},
								"up": {"uv": [3, 64], "uv_size": [-3, -3]},
								"down": {"uv": [3, 64], "uv_size": [-3, -3]}
							}
						},
						{
							"origin": [-8, 16.37889, -2.40373],
							"size": [4, 1.5, 0.75],
							"inflate": 0.1,
							"pivot": [-6, 17.12889, -2.02873],
							"rotation": [-25, 0, 0],
							"uv": {
								"north": {"uv": [0, 61], "uv_size": [3, 3]},
								"east": {"uv": [0, 61], "uv_size": [3, 3]},
								"south": {"uv": [0, 61], "uv_size": [3, 3]},
								"west": {"uv": [0, 61], "uv_size": [3, 3]},
								"up": {"uv": [3, 64], "uv_size": [-3, -3]},
								"down": {"uv": [3, 64], "uv_size": [-3, -3]}
							}
						},
						{
							"origin": [-8.40373, 16.37889, -2],
							"size": [0.75, 1.5, 4],
							"inflate": 0.1,
							"pivot": [-8.02873, 17.12889, 0],
							"rotation": [0, 0, 25],
							"uv": {
								"north": {"uv": [0, 61], "uv_size": [3, 3]},
								"east": {"uv": [0, 61], "uv_size": [3, 3]},
								"south": {"uv": [0, 61], "uv_size": [3, 3]},
								"west": {"uv": [0, 61], "uv_size": [3, 3]},
								"up": {"uv": [3, 64], "uv_size": [-3, -3]},
								"down": {"uv": [3, 64], "uv_size": [-3, -3]}
							}
						},
						{
							"origin": [-4.34627, 13.12111, -2],
							"size": [0.75, 1.5, 4],
							"inflate": 0.1,
							"pivot": [-3.97127, 13.87111, 0],
							"rotation": [0, 0, 25],
							"uv": {
								"north": {"uv": [0, 61], "uv_size": [3, 3]},
								"east": {"uv": [0, 61], "uv_size": [3, 3]},
								"south": {"uv": [0, 61], "uv_size": [3, 3]},
								"west": {"uv": [0, 61], "uv_size": [3, 3]},
								"up": {"uv": [3, 64], "uv_size": [-3, -3]},
								"down": {"uv": [3, 64], "uv_size": [-3, -3]}
							}
						},
						{
							"origin": [-8.40373, 13.12111, -2],
							"size": [0.75, 1.5, 4],
							"inflate": 0.1,
							"pivot": [-8.02873, 13.87111, 0],
							"rotation": [0, 0, -25],
							"uv": {
								"north": {"uv": [0, 61], "uv_size": [3, 3]},
								"east": {"uv": [0, 61], "uv_size": [3, 3]},
								"south": {"uv": [0, 61], "uv_size": [3, 3]},
								"west": {"uv": [0, 61], "uv_size": [3, 3]},
								"up": {"uv": [3, 64], "uv_size": [-3, -3]},
								"down": {"uv": [3, 64], "uv_size": [-3, -3]}
							}
						},
						{
							"origin": [-4.34627, 16.37889, -2],
							"size": [0.75, 1.5, 4],
							"inflate": 0.1,
							"pivot": [-3.97127, 17.12889, 0],
							"rotation": [0, 0, -25],
							"uv": {
								"north": {"uv": [0, 61], "uv_size": [3, 3]},
								"east": {"uv": [0, 61], "uv_size": [3, 3]},
								"south": {"uv": [0, 61], "uv_size": [3, 3]},
								"west": {"uv": [0, 61], "uv_size": [3, 3]},
								"up": {"uv": [3, 64], "uv_size": [-3, -3]},
								"down": {"uv": [3, 64], "uv_size": [-3, -3]}
							}
						},
						{
							"origin": [-8.71845, 14.52178, -2],
							"size": [0.51875, 1.9375, 4],
							"inflate": 0.1,
							"uv": {
								"north": {"uv": [0, 61], "uv_size": [3, 3]},
								"east": {"uv": [0, 61], "uv_size": [3, 3]},
								"south": {"uv": [0, 61], "uv_size": [3, 3]},
								"west": {"uv": [0, 61], "uv_size": [3, 3]},
								"up": {"uv": [3, 64], "uv_size": [-3, -3]},
								"down": {"uv": [3, 64], "uv_size": [-3, -3]}
							}
						},
						{
							"origin": [-3.8003, 14.52178, -2],
							"size": [0.51875, 1.9375, 4],
							"inflate": 0.1,
							"uv": {
								"north": {"uv": [0, 61], "uv_size": [3, 3]},
								"east": {"uv": [0, 61], "uv_size": [3, 3]},
								"south": {"uv": [0, 61], "uv_size": [3, 3]},
								"west": {"uv": [0, 61], "uv_size": [3, 3]},
								"up": {"uv": [3, 64], "uv_size": [-3, -3]},
								"down": {"uv": [3, 64], "uv_size": [-3, -3]}
							}
						},
						{
							"origin": [-8, 13, -2],
							"size": [4, 5, 4],
							"inflate": 0.1,
							"uv": {
								"north": {"uv": [0, 61], "uv_size": [3, 3]},
								"east": {"uv": [0, 61], "uv_size": [3, 3]},
								"south": {"uv": [0, 61], "uv_size": [3, 3]},
								"west": {"uv": [0, 61], "uv_size": [3, 3]},
								"up": {"uv": [3, 64], "uv_size": [-3, -3]},
								"down": {"uv": [3, 64], "uv_size": [-3, -3]}
							}
						},
						{
							"origin": [-8, 12, -2],
							"size": [4, 6, 4],
							"inflate": 0.1,
							"uv": {
								"north": {"uv": [44, 26], "uv_size": [4, 6]},
								"east": {"uv": [40, 26], "uv_size": [4, 6]},
								"south": {"uv": [52, 26], "uv_size": [4, 6]},
								"west": {"uv": [48, 26], "uv_size": [4, 6]},
								"up": {"uv": [44, 26], "uv_size": [4, 1]},
								"down": {"uv": [48, 20], "uv_size": [4, -4]}
							}
						}
					]
				},
				{
					"name": "leftArm",
					"parent": "body",
					"pivot": [5, 22, 0],
					"cubes": [
						{
							"origin": [4, 18, -2],
							"size": [4, 6, 4],
							"inflate": 0.1,
							"uv": {
								"north": {"uv": [36, 52], "uv_size": [4, 6]},
								"east": {"uv": [32, 52], "uv_size": [4, 6]},
								"south": {"uv": [44, 52], "uv_size": [4, 6]},
								"west": {"uv": [40, 52], "uv_size": [4, 6]},
								"up": {"uv": [36, 48], "uv_size": [4, 4]},
								"down": {"uv": [36, 58], "uv_size": [4, -1]}
							}
						},
						{
							"origin": [4, 14.52178, 2.1997],
							"size": [4, 1.9375, 0.51875],
							"inflate": 0.1,
							"uv": {
								"north": {"uv": [3, 61], "uv_size": [-3, 3]},
								"east": {"uv": [3, 61], "uv_size": [-3, 3]},
								"south": {"uv": [3, 61], "uv_size": [-3, 3]},
								"west": {"uv": [3, 61], "uv_size": [-3, 3]},
								"up": {"uv": [0, 64], "uv_size": [3, -3]},
								"down": {"uv": [0, 64], "uv_size": [3, -3]}
							}
						},
						{
							"origin": [4, 14.52178, -2.71845],
							"size": [4, 1.9375, 0.51875],
							"inflate": 0.1,
							"uv": {
								"north": {"uv": [3, 61], "uv_size": [-3, 3]},
								"east": {"uv": [3, 61], "uv_size": [-3, 3]},
								"south": {"uv": [3, 61], "uv_size": [-3, 3]},
								"west": {"uv": [3, 61], "uv_size": [-3, 3]},
								"up": {"uv": [0, 64], "uv_size": [3, -3]},
								"down": {"uv": [0, 64], "uv_size": [3, -3]}
							}
						},
						{
							"origin": [4, 16.37889, 1.65373],
							"size": [4, 1.5, 0.75],
							"inflate": 0.1,
							"pivot": [6, 17.12889, 2.02873],
							"rotation": [25, 0, 0],
							"uv": {
								"north": {"uv": [3, 61], "uv_size": [-3, 3]},
								"east": {"uv": [3, 61], "uv_size": [-3, 3]},
								"south": {"uv": [3, 61], "uv_size": [-3, 3]},
								"west": {"uv": [3, 61], "uv_size": [-3, 3]},
								"up": {"uv": [0, 64], "uv_size": [3, -3]},
								"down": {"uv": [0, 64], "uv_size": [3, -3]}
							}
						},
						{
							"origin": [4, 13.12111, -2.40373],
							"size": [4, 1.5, 0.75],
							"inflate": 0.1,
							"pivot": [6, 13.87111, -2.02873],
							"rotation": [25, 0, 0],
							"uv": {
								"north": {"uv": [3, 61], "uv_size": [-3, 3]},
								"east": {"uv": [3, 61], "uv_size": [-3, 3]},
								"south": {"uv": [3, 61], "uv_size": [-3, 3]},
								"west": {"uv": [3, 61], "uv_size": [-3, 3]},
								"up": {"uv": [0, 64], "uv_size": [3, -3]},
								"down": {"uv": [0, 64], "uv_size": [3, -3]}
							}
						},
						{
							"origin": [4, 13.12111, 1.65373],
							"size": [4, 1.5, 0.75],
							"inflate": 0.1,
							"pivot": [6, 13.87111, 2.02873],
							"rotation": [-25, 0, 0],
							"uv": {
								"north": {"uv": [3, 61], "uv_size": [-3, 3]},
								"east": {"uv": [3, 61], "uv_size": [-3, 3]},
								"south": {"uv": [3, 61], "uv_size": [-3, 3]},
								"west": {"uv": [3, 61], "uv_size": [-3, 3]},
								"up": {"uv": [0, 64], "uv_size": [3, -3]},
								"down": {"uv": [0, 64], "uv_size": [3, -3]}
							}
						},
						{
							"origin": [4, 16.37889, -2.40373],
							"size": [4, 1.5, 0.75],
							"inflate": 0.1,
							"pivot": [6, 17.12889, -2.02873],
							"rotation": [-25, 0, 0],
							"uv": {
								"north": {"uv": [3, 61], "uv_size": [-3, 3]},
								"east": {"uv": [3, 61], "uv_size": [-3, 3]},
								"south": {"uv": [3, 61], "uv_size": [-3, 3]},
								"west": {"uv": [3, 61], "uv_size": [-3, 3]},
								"up": {"uv": [0, 64], "uv_size": [3, -3]},
								"down": {"uv": [0, 64], "uv_size": [3, -3]}
							}
						},
						{
							"origin": [7.65373, 16.37889, -2],
							"size": [0.75, 1.5, 4],
							"inflate": 0.1,
							"pivot": [8.02873, 17.12889, 0],
							"rotation": [0, 0, -25],
							"uv": {
								"north": {"uv": [3, 61], "uv_size": [-3, 3]},
								"east": {"uv": [3, 61], "uv_size": [-3, 3]},
								"south": {"uv": [3, 61], "uv_size": [-3, 3]},
								"west": {"uv": [3, 61], "uv_size": [-3, 3]},
								"up": {"uv": [0, 64], "uv_size": [3, -3]},
								"down": {"uv": [0, 64], "uv_size": [3, -3]}
							}
						},
						{
							"origin": [3.59627, 13.12111, -2],
							"size": [0.75, 1.5, 4],
							"inflate": 0.1,
							"pivot": [3.97127, 13.87111, 0],
							"rotation": [0, 0, -25],
							"uv": {
								"north": {"uv": [3, 61], "uv_size": [-3, 3]},
								"east": {"uv": [3, 61], "uv_size": [-3, 3]},
								"south": {"uv": [3, 61], "uv_size": [-3, 3]},
								"west": {"uv": [3, 61], "uv_size": [-3, 3]},
								"up": {"uv": [0, 64], "uv_size": [3, -3]},
								"down": {"uv": [0, 64], "uv_size": [3, -3]}
							}
						},
						{
							"origin": [7.65373, 13.12111, -2],
							"size": [0.75, 1.5, 4],
							"inflate": 0.1,
							"pivot": [8.02873, 13.87111, 0],
							"rotation": [0, 0, 25],
							"uv": {
								"north": {"uv": [3, 61], "uv_size": [-3, 3]},
								"east": {"uv": [3, 61], "uv_size": [-3, 3]},
								"south": {"uv": [3, 61], "uv_size": [-3, 3]},
								"west": {"uv": [3, 61], "uv_size": [-3, 3]},
								"up": {"uv": [0, 64], "uv_size": [3, -3]},
								"down": {"uv": [0, 64], "uv_size": [3, -3]}
							}
						},
						{
							"origin": [3.59627, 16.37889, -2],
							"size": [0.75, 1.5, 4],
							"inflate": 0.1,
							"pivot": [3.97127, 17.12889, 0],
							"rotation": [0, 0, 25],
							"uv": {
								"north": {"uv": [3, 61], "uv_size": [-3, 3]},
								"east": {"uv": [3, 61], "uv_size": [-3, 3]},
								"south": {"uv": [3, 61], "uv_size": [-3, 3]},
								"west": {"uv": [3, 61], "uv_size": [-3, 3]},
								"up": {"uv": [0, 64], "uv_size": [3, -3]},
								"down": {"uv": [0, 64], "uv_size": [3, -3]}
							}
						},
						{
							"origin": [8.1997, 14.52178, -2],
							"size": [0.51875, 1.9375, 4],
							"inflate": 0.1,
							"uv": {
								"north": {"uv": [3, 61], "uv_size": [-3, 3]},
								"east": {"uv": [3, 61], "uv_size": [-3, 3]},
								"south": {"uv": [3, 61], "uv_size": [-3, 3]},
								"west": {"uv": [3, 61], "uv_size": [-3, 3]},
								"up": {"uv": [0, 64], "uv_size": [3, -3]},
								"down": {"uv": [0, 64], "uv_size": [3, -3]}
							}
						},
						{
							"origin": [3.28155, 14.52178, -2],
							"size": [0.51875, 1.9375, 4],
							"inflate": 0.1,
							"uv": {
								"north": {"uv": [3, 61], "uv_size": [-3, 3]},
								"east": {"uv": [3, 61], "uv_size": [-3, 3]},
								"south": {"uv": [3, 61], "uv_size": [-3, 3]},
								"west": {"uv": [3, 61], "uv_size": [-3, 3]},
								"up": {"uv": [0, 64], "uv_size": [3, -3]},
								"down": {"uv": [0, 64], "uv_size": [3, -3]}
							}
						},
						{
							"origin": [4, 13, -2],
							"size": [4, 5, 4],
							"inflate": 0.1,
							"uv": {
								"north": {"uv": [3, 61], "uv_size": [-3, 3]},
								"east": {"uv": [3, 61], "uv_size": [-3, 3]},
								"south": {"uv": [3, 61], "uv_size": [-3, 3]},
								"west": {"uv": [3, 61], "uv_size": [-3, 3]},
								"up": {"uv": [0, 64], "uv_size": [3, -3]},
								"down": {"uv": [0, 64], "uv_size": [3, -3]}
							}
						},
						{
							"origin": [4, 12, -2],
							"size": [4, 6, 4],
							"inflate": 0.1,
							"uv": {
								"north": {"uv": [36, 58], "uv_size": [4, 6]},
								"east": {"uv": [32, 58], "uv_size": [4, 6]},
								"south": {"uv": [44, 58], "uv_size": [4, 6]},
								"west": {"uv": [40, 58], "uv_size": [4, 6]},
								"up": {"uv": [36, 58], "uv_size": [4, 1]},
								"down": {"uv": [40, 52], "uv_size": [4, -4]}
							}
						}
					]
				},
				{
					"name": "rightleg",
					"parent": "root",
					"pivot": [-1.9, 12, 0],
					"cubes": [
						{
							"origin": [-4, 6, -2],
							"size": [4, 6, 4],
							"inflate": 0.1,
							"uv": {
								"north": {"uv": [4, 20], "uv_size": [4, 6]},
								"east": {"uv": [0, 20], "uv_size": [4, 6]},
								"south": {"uv": [12, 20], "uv_size": [4, 6]},
								"west": {"uv": [8, 20], "uv_size": [4, 6]},
								"up": {"uv": [4, 16], "uv_size": [4, 4]},
								"down": {"uv": [4, 26], "uv_size": [4, -1]}
							}
						},
						{
							"origin": [-3.25, 5, -2.25],
							"size": [2.5, 0.75, 0.75],
							"inflate": 0.1,
							"uv": {
								"north": {"uv": [3, 61], "uv_size": [-3, 3]},
								"east": {"uv": [3, 61], "uv_size": [-3, 3]},
								"south": {"uv": [3, 61], "uv_size": [-3, 3]},
								"west": {"uv": [3, 61], "uv_size": [-3, 3]},
								"up": {"uv": [0, 64], "uv_size": [3, -3]},
								"down": {"uv": [0, 64], "uv_size": [3, -3]}
							}
						},
						{
							"origin": [-4, 0, -2],
							"size": [4, 6, 4],
							"inflate": 0.1,
							"uv": {
								"north": {"uv": [4, 26], "uv_size": [4, 6]},
								"east": {"uv": [0, 26], "uv_size": [4, 6]},
								"south": {"uv": [12, 26], "uv_size": [4, 6]},
								"west": {"uv": [8, 26], "uv_size": [4, 6]},
								"up": {"uv": [4, 26], "uv_size": [4, 1]},
								"down": {"uv": [8, 20], "uv_size": [4, -4]}
							}
						}
					]
				},
				{
					"name": "leftleg",
					"parent": "root",
					"pivot": [1.9, 12, 0],
					"cubes": [
						{
							"origin": [0, 6, -2],
							"size": [4, 6, 4],
							"inflate": 0.1,
							"uv": {
								"north": {"uv": [20, 52], "uv_size": [4, 6]},
								"east": {"uv": [16, 52], "uv_size": [4, 6]},
								"south": {"uv": [28, 52], "uv_size": [4, 6]},
								"west": {"uv": [24, 52], "uv_size": [4, 6]},
								"up": {"uv": [20, 48], "uv_size": [4, 4]},
								"down": {"uv": [20, 58], "uv_size": [4, -1]}
							}
						},
						{
							"origin": [0.75, 5, -2.25],
							"size": [2.5, 0.75, 0.75],
							"inflate": 0.1,
							"uv": {
								"north": {"uv": [0, 61], "uv_size": [3, 3]},
								"east": {"uv": [0, 61], "uv_size": [3, 3]},
								"south": {"uv": [0, 61], "uv_size": [3, 3]},
								"west": {"uv": [0, 61], "uv_size": [3, 3]},
								"up": {"uv": [3, 64], "uv_size": [-3, -3]},
								"down": {"uv": [3, 64], "uv_size": [-3, -3]}
							}
						},
						{
							"origin": [0, 0, -2],
							"size": [4, 6, 4],
							"inflate": 0.1,
							"uv": {
								"north": {"uv": [20, 58], "uv_size": [4, 6]},
								"east": {"uv": [16, 58], "uv_size": [4, 6]},
								"south": {"uv": [28, 58], "uv_size": [4, 6]},
								"west": {"uv": [24, 58], "uv_size": [4, 6]},
								"up": {"uv": [20, 58], "uv_size": [4, 1]},
								"down": {"uv": [24, 52], "uv_size": [4, -4]}
							}
						}
					]
				}
			]
		}
	]
}