{
  "format_version": "1.10.0",
  "particle_effect": {
    "description": {
      "identifier": "wesl3y:gear2",
      "basic_render_parameters": {
        "material": "particles_blend",
        "texture": "textures/particle/particles7"
      }
    },
    "components": {
      "minecraft:emitter_rate_instant": {
        "num_particles": 1
      },
      "minecraft:emitter_lifetime_once": {},
      "minecraft:emitter_shape_point": {
        "offset": [ "Math.random(-0.25,0.25)", 0.0, "Math.random(-0.25,0.25)" ]
      },
      "minecraft:particle_initial_speed": 0.5,
      "minecraft:particle_lifetime_expression": {
        "max_lifetime": "Math.random(0.75, 1.0)"
      },
      "minecraft:particle_motion_dynamic": {
        "linear_acceleration": ["Math.random(-0.25,0.25)", 5, "Math.random(-0.25,0.25)"],
        "linear_drag_coefficient": 1
      },
      "minecraft:particle_appearance_billboard": {
        "size": [ 0.2, 0.2 ],
        "facing_camera_mode": "lookat_xyz",

        "uv": {
          "texture_width": 48,
          "texture_height": 8,
          "flipbook": {
            "base_UV": [40, 0],
            "size_UV": [8, 8],
            "step_UV": [-8, 0],
            "frames_per_second": 6,
            "max_frame": 6,
            "stretch_to_lifetime": true
          }
        }
      },
      "minecraft:particle_appearance_tinting": {
        "color": {
          "interpolant": "v.particle_age",
          "gradient": {
            "0.2": "#ffffffff",
            "1.0": "#00ffffff"
          }
        }
      }
    }
  }
}