{
  "format_version": "1.10.0",
  "particle_effect": {
    "description": {
      "identifier": "wesl3y:overhaul_destroy",
      "basic_render_parameters": {
        "material": "particles_blend",
        "texture": "textures/blocks/cobblestone"
      }
    },
    "components": {
      "minecraft:emitter_rate_steady": {
        "spawn_rate": 70,
        "max_particles": 70
      },
      "minecraft:emitter_lifetime_once": {
        "active_time": 0.3
      },
      "minecraft:emitter_shape_box": {
        "half_dimensions": [0.5, 0.5, 0.5],
        "direction": "outwards"
      },
      "minecraft:particle_lifetime_expression": {
        "max_lifetime": 2
      },
      "minecraft:particle_initial_spin": {
        "rotation": "math.random(-360, 360)"
      },
      "minecraft:particle_initial_speed": 2.5,
      "minecraft:particle_motion_dynamic": {
        "linear_acceleration": [0, -9.8, 0]
      },
      "minecraft:particle_appearance_billboard": {
        "size": [0.3, 0.3],
        "facing_camera_mode": "rotate_xyz",
        "uv": {
          "texture_width": 16,
          "texture_height": 16,
          "uv": [0, 0],
          "uv_size": [1, 1]
        }
      },
      "minecraft:particle_motion_collision": {
        "collision_drag": 8,
        "collision_radius": 0.1
      },
      "minecraft:particle_appearance_tinting": {
        "color": [1, 1, 1, 0.5]
      }
    }
  }
}