{
  "format_version": "1.19.70",
  "minecraft:item": {
    "description": {
      "identifier": "wesl3y:jutsu_deva_chibaku",
      "category": "nature"
    },
    "components": {
      "minecraft:max_stack_size": 1,
      "minecraft:hand_equipped": true,
      "minecraft:foil": false,
      "minecraft:icon": {
        "texture": "jutsu_deva_chibaku"
      },
	  "minecraft:cooldown": {
		"category": "jutsu_deva_chibaku",
		"duration": 20.0
	  },
      "minecraft:display_name": {
        "value": "Chibaku Tensei\n\n§950 Chakra\n50 Damage"
      },
      "minecraft:on_use": {
        "on_use": {
          "event": "wg",
          "target": "self"
        }
      },
      "minecraft:render_offsets": {
	    "main_hand": {
		  "first_person": { 
		    "scale": [0.03, 0.03, 0.03]
		  },
		  "third_person": { 
			"scale": [0.0,0.0,0.0]
		  }
		}
      }
    },
    "events": {
      "wg": {
        "sequence": [
          {
            "run_command": {
              "command": [
                "tellraw @s[scores={chakra=!100..}] {\"rawtext\":[{\"text\":\"§cRequires 100 chakra\"}]}",
                "execute at @s[scores={chakra=100..}] positioned ^^^5 run summon wesl3y:chibaku_tensei ~~40~ ~~",
                "scoreboard players remove @s[scores={chakra=100..}] chakra 50"
              ]
            }
          }
        ]
	  }
	}
  }
}