{
  "format_version": "1.19.70",
  "minecraft:item": {
    "description": {
      "identifier": "wesl3y:jutsu_trigramas",
      "category": "nature"
    },
    "components": {
      "minecraft:max_stack_size": 1,
      "minecraft:hand_equipped": true,
      "minecraft:foil": false,
      "minecraft:icon": {
        "texture": "jutsu_trigramas"
      },
	  "minecraft:cooldown": {
		"category": "jutsu_trigramas",
		"duration": 7.0
	  },
      "minecraft:display_name": {
        "value": "Trigramas\n\n§910 Chakra"
      },
      "minecraft:on_use": {
        "on_use": {
          "event": "wg",
          "target": "self"
        }
      },
      "minecraft:render_offsets": {
	    "main_hand": {
		  "first_person": { 
		    "scale": [0.03, 0.03, 0.03]
		  },
		  "third_person": { 
			"scale": [0.0,0.0,0.0]
		  }
		}
      }
    },
    "events": {
      "wg": {
        "sequence": [
          {
            "run_command": {
              "command": [
                "tellraw @s[scores={chakra=!100..}] {\"rawtext\":[{\"text\":\"§cRequires 100 chakra\"}]}",
                "execute at @s[scores={chakra=100..}] run playsound trigramas @a[r=5] ~~~ 0.5",
                "execute at @s[scores={chakra=100..}] run summon wesl3y:trigramas ~~~ ~~",
                "execute at @s[scores={chakra=100..}] run inputpermission set @s movement disabled",
                "scoreboard players remove @s[scores={chakra=100..}] chakra 10"
              ]
            }
          }
        ]
	  }
	}
  }
}