{
  "format_version": "1.19.70",
  "minecraft:item": {
    "description": {
      "identifier": "wesl3y:jutsu_amaterasu",
      "category": "nature"
    },
    "components": {
      "minecraft:max_stack_size": 1,
      "minecraft:hand_equipped": true,
      "minecraft:foil": false,
      "minecraft:icon": {
        "texture": "jutsu_amaterasu"
      },
	  "minecraft:cooldown": {
		"category": "jutsu_amaterasu",
		"duration": 12.0
	  },
      "minecraft:display_name": {
        "value": "Amaterasu\n\n§930 Chakra\n2 Damage Infinite"
      },
      "minecraft:on_use": {
        "on_use": {
          "event": "wg",
          "target": "self"
        }
      },
      "minecraft:render_offsets": {
	    "main_hand": {
		  "first_person": { 
		    "scale": [0.03, 0.03, 0.03]
		  },
		  "third_person": { 
			"scale": [0.0,0.0,0.0]
		  }
		}
      }
    },
    "events": {
      "wg": {
        "sequence": [
          {
            "run_command": {
              "command": [
                "tellraw @s[scores={chakra=!100..}] {\"rawtext\":[{\"text\":\"§cRequires 100 chakra\"}]}",
                "execute at @s[scores={chakra=100..}] positioned ^^^3.5 run execute at @e[r=3,family=!jutsu,family=!inanimate] run summon wesl3y:amaterasu",
                "scoreboard players remove @s[scores={chakra=100..}] chakra 30"
              ]
            }
          }
        ]
	  }
	}
  }
}