{
  "format_version": "1.19.70",
  "minecraft:item": {
    "description": {
      "identifier": "wesl3y:taijutsu_sennin_frogs",
      "category": "equipment"
    },
    "components": {
      "tag:minecraft:is_sword": {},
      "minecraft:render_offsets": {
	    "main_hand": {
		  "first_person": { 
		    "scale": [0.0,0.0,0.0]
		  },
		  "third_person": { 
			"scale": [0.0,0.0,0.0]
		  }
		}
	  },
	  "minecraft:weapon": {
        "on_hurt_entity":{
          "event":"wg"
        }
      },
      "minecraft:enchantable": {
        "value": 8,
        "slot": "sword"
      },
      "minecraft:creative_category": {
        "parent": "itemGroup.name.sword"
      },
      "minecraft:damage": 8,
      "minecraft:use_duration": 9999,
      "minecraft:max_stack_size": 1,
      "minecraft:hand_equipped": true,
      "minecraft:food": {
        "can_always_eat": true
      },
      "minecraft:icon": {
        "texture": "taijutsu_sennin_frogs"
      },
      "minecraft:display_name": {
        "value": "Frogs Taijutsu"
      }
    },
    "events": {
      "wg": {
        "sequence": [
          {
            "run_command": {
              "command": [
                "summon wesl3y:taijutsu_sennin_frogs"
              ]
            }
          }
        ]
	  }
	}
  }
}