{
	"format_version": "1.20.80",
	"minecraft:item": {
		"description": {
			"identifier": "stk:armor3",
			"menu_category": {
				"category": "equipment",
				"group": "itemGroup.name.chestplate"
			}
		},
		"components": {
		    "minecraft:display_name": {
        "value": "§cSaiyan armor"
			},
			"minecraft:max_stack_size": 1,
			"minecraft:enchantable": {
				"value": 9,
				"slot": "armor_torso"
			},
			"minecraft:durability": {
				"max_durability": 240,
				"damage_chance": {
					"min": 50,
					"max": 50
				}
			},
			"minecraft:icon": "armor3",
			"minecraft:wearable": {
				"slot": "slot.armor.chest",
				"protection": 6
			},
			"minecraft:repairable": {
				"repair_items": [
					{
						"items": [
							"minecraft:iron_ingot"
						],
						"repair_amount": "query.max_durability*0.25"
					},
					{
						"items": [
							"stk:armor3"
						],
						"repair_amount": "context.other->query.remaining_durability+0.12*context.other->query.max_durability"
					}
				]
			}
		}
	}
}