{
  "format_version": "1.10.0",
  "particle_effect": {
    "description": {
      "identifier": "wesl3y:moonfall",
      "basic_render_parameters": {
        "material": "particles_blend",
        "texture": "textures/particle/particles2"
      }
    },
    "components": {
      "minecraft:emitter_rate_instant": {
        "num_particles": 1
      },        
      "minecraft:emitter_lifetime_once": {
      },
      "minecraft:emitter_shape_point": {
      },
      "minecraft:particle_initial_speed": 0.0,
      "minecraft:particle_lifetime_expression": {
        "max_lifetime": 0.75
      },
      "minecraft:particle_initial_spin": {
        "rotation": "Math.random(0, 360)"
      },
      "minecraft:particle_appearance_billboard": {
        "size": [ 3.5, 3.5 ],
		"facing_camera_mode": "direction_z",
		"direction": {
		  "mode": "custom",
		  "custom_direction": [0, -1, 0]
		},
        "uv": {
          "texture_width": 80,
          "texture_height": 8,
          "flipbook": {
            "base_UV": [0, 0],
            "size_UV": [8, 8],
            "step_UV": [8, 0],
            "frames_per_second": 8,
            "max_frame": 8,
            "stretch_to_lifetime": true
          }
        }
      },
      "minecraft:particle_appearance_tinting": {
        "color": [1, 1, 1, 0.3]
	  }
    }
  }
}