{
	"format_version" : "1.10.0",
	"animation_controllers" : {
		"controller.animation.hold" : {
			"initial_state" : "default",
			"states" : {
				"default" : {
					"transitions" : [
						{
							"flame_rengoku_off" : "query.get_equipped_item_name == 'flame_rengoku'"
						},
						{
							"flame_blazing_hold" : "query.get_equipped_item_name == 'flame_blazing' && query.is_using_item"
						},
						{
							"flame_undulation_hold" : "query.get_equipped_item_name == 'flame_undulation' && query.is_using_item"
						},
						{
							"flame_rising_hold" : "query.get_equipped_item_name == 'flame_rising' && query.is_using_item"
						},
						{
							"water_dance_hold" : "query.get_equipped_item_name == 'water_dance' && query.is_using_item"
						},
						{
							"water_blessed_hold" : "query.get_equipped_item_name == 'water_blessed' && query.is_using_item"
						},
						{
							"water_wheel_hold" : "query.get_equipped_item_name == 'water_wheel' && query.is_using_item"
						},
						{
							"water_drop_hold" : "query.get_equipped_item_name == 'water_drop' && query.is_using_item"
						},
						{
							"beerus_energy_off" : "query.get_equipped_item_name == 'beerus_energy'"
						},
						{
							"beerus_hakai" : "query.get_equipped_item_name == 'beerus_hakai' && query.is_using_item"
						},
						{
							"beerus_sun" : "query.get_equipped_item_name == 'beerus_sun' && query.is_using_item"
						},
						{
							"beerus_orb" : "query.get_equipped_item_name == 'beerus_orb' && query.is_using_item"
						},
						{
							"kamusari_hold" : "query.get_equipped_item_name == 'kamusari' && query.is_using_item"
						},
						{
							"floor_slash" : "query.get_equipped_item_name == 'floor_slash' && query.is_using_item"
						},
						{
							"air_slash" : "query.get_equipped_item_name == 'air_slash' && query.is_using_item"
						},
						{
							"lightning_slash" : "query.get_equipped_item_name == 'lightning_slash' && query.is_using_item"
						},
						{
							"largefireball" : "query.get_equipped_item_name == 'katon_largefireball' && query.is_using_item"
						},
						{
							"genki_dama" : "query.get_equipped_item_name == 'genki_dama' && query.is_using_item"
						},
						{
							"solar_flare" : "query.get_equipped_item_name == 'solar_flare' && query.is_using_item"
						},
						{
							"final_flash" : "query.get_equipped_item_name == 'final_flash' && query.is_using_item"
						},
						{
							"final_flash_throw" : "query.get_equipped_item_name == 'final_flash_throw' && query.is_using_item"
						},
						{
							"kamehameha" : "(query.get_equipped_item_name == 'kamehameha' || query.get_equipped_item_name == 'galick_gun') && query.is_using_item"
						},
						{
							"kamehameha_throw" : "(query.get_equipped_item_name == 'kamehameha_throw' || query.get_equipped_item_name == 'galick_gun_throw') && query.is_using_item"
						},
						{
							"big_bang" : "query.get_equipped_item_name == 'big_bang_attack' && query.is_using_item"
						},
						{
							"fireball" : "query.get_equipped_item_name == 'katon_fireball' && query.is_using_item"
						},
						{
							"kirin" : "query.get_equipped_item_name == 'kirin' && query.is_using_item"
						},
						{
							"rasenshuriken" : "(query.get_equipped_item_name == 'rasenshuriken' || query.get_equipped_item_name == 'kienzan') && query.is_using_item"
						},
						{
							"rasengan" : "query.get_equipped_item_name == 'rasengan' && query.is_using_item"
						},
						{
							"rasengan_attack" : "query.get_equipped_item_name == 'rasengan_attack'"
						},
						{
							"chidori" : "query.get_equipped_item_name == 'chidori' && query.is_using_item"
						},
						{
							"chidori_attack" : "query.get_equipped_item_name == 'chidori_attack'"
						},
						{
							"odama_rasengan" : "query.get_equipped_item_name == 'odama_rasengan' && query.is_using_item"
						},
						{
							"odama_rasengan_attack" : "query.get_equipped_item_name == 'odama_rasengan_attack'"
						}
					]
				},
				"flame_rengoku_off" : {
					"animations" : ["flame_rengoku_off"],
					"transitions" : [
						{
							"flame_rengoku_hold" : "query.is_using_item"
						},
						{
							"default" : "query.get_equipped_item_name != 'flame_rengoku'"
						}
					]
				},
				"flame_rengoku_hold" : {
					"animations" : ["flame_rengoku_hold","flame_rengoku_off"],
					"transitions" : [
						{
							"flame_rengoku_holding" : "query.any_animation_finished"
						},
						{
							"default" : "!query.is_using_item"
						}
					]
				},
				"flame_rengoku_holding" : {
					"animations" : ["flame_rengoku_holding","flame_rengoku_off"],
					"transitions" : [
						{
							"rengoku_blaze" : "!query.is_using_item"
						}
					]
				},
				"rengoku_blaze" : {
					"animations" : ["rengoku_blaze"],
					"transitions" : [
						{
							"default" : "query.any_animation_finished"
						}
					]
				},
				"flame_blazing_hold" : {
					"animations" : ["floor_slash_holding"],
					"transitions" : [
						{
							"flame_blazing" : "!query.is_using_item"
						}
					]
				},
				"flame_blazing" : {
					"animations" : ["flame_blazing"],
					"transitions" : [
						{
							"default" : "query.any_animation_finished"
						}
					]
				},
				"flame_undulation_hold" : {
					"animations" : ["floor_slash_holding"],
					"transitions" : [
						{
							"flame_undulation" : "!query.is_using_item"
						}
					]
				},
				"flame_undulation" : {
					"animations" : ["flame_undulation"],
					"transitions" : [
						{
							"default" : "query.any_animation_finished"
						}
					]
				},
				"flame_rising_hold" : {
					"animations" : ["floor_slash_holding"],
					"transitions" : [
						{
							"flame_rising" : "!query.is_using_item"
						}
					]
				},
				"flame_rising" : {
					"animations" : ["flame_rising"],
					"transitions" : [
						{
							"default" : "query.any_animation_finished"
						}
					]
				},
				"water_dance_hold" : {
					"animations" : ["water_dance_hold"],
					"transitions" : [
						{
							"default" : "!query.is_using_item"
						},
						{
							"water_dance" : "query.any_animation_finished"
						}
					]
				},
				"water_dance" : {
					"transitions" : [
						{
							"default" : "query.get_equipped_item_name != 'water_dance'"
						},
						{
							"water_dance1" : "variable.attack_time > 0.0"
						}
					]
				},
				"water_dance1" : {
					"animations" : ["water_dance1"],
					"transitions" : [
						{
							"default" : "query.get_equipped_item_name != 'water_dance'"
						},
						{
							"water_dance2" : "query.any_animation_finished && variable.attack_time > 0.0"
						}
					]
				},
				"water_dance2" : {
					"animations" : ["water_dance2"],
					"transitions" : [
						{
							"default" : "query.get_equipped_item_name != 'water_dance'"
						},
						{
							"water_dance3" : "query.any_animation_finished && variable.attack_time > 0.0"
						}
					]
				},
				"water_dance3" : {
					"animations" : ["water_dance3"],
					"transitions" : [
						{
							"default" : "query.get_equipped_item_name != 'water_dance'"
						},
						{
							"water_dance4" : "query.any_animation_finished && variable.attack_time > 0.0"
						}
					]
				},
				"water_dance4" : {
					"animations" : ["water_dance4"],
					"transitions" : [
						{
							"default" : "query.get_equipped_item_name != 'water_dance'"
						},
						{
							"water_dance5" : "query.any_animation_finished && variable.attack_time > 0.0"
						}
					]
				},
				"water_dance5" : {
					"animations" : ["water_dance5"],
					"transitions" : [
						{
							"default" : "(1.0)"
						}
					]
				},
				"water_blessed_hold" : {
					"animations" : ["water_blessed_hold"],
					"transitions" : [
						{
							"default" : "!query.is_using_item"
						}
					]
				},
				"water_drop_hold" : {
					"animations" : ["floor_slash_holding"],
					"transitions" : [
						{
							"water_drop" : "!query.is_using_item"
						}
					]
				},
				"water_drop" : {
					"animations" : ["water_drop"],
					"transitions" : [
						{
							"default" : "query.any_animation_finished"
						}
					]
				},
				"water_wheel_hold" : {
					"animations" : ["floor_slash_holding"],
					"transitions" : [
						{
							"water_wheel" : "!query.is_using_item"
						}
					]
				},
				"water_wheel" : {
					"animations" : ["water_wheel"],
					"transitions" : [
						{
							"default" : "query.any_animation_finished"
						}
					]
				},
				"beerus_energy_off" : {
					"animations" : ["beerus_energy_off"],
					"transitions" : [
						{
							"beerus_energy_hold" : "query.is_using_item"
						},
						{
							"default" : "query.get_equipped_item_name != 'beerus_energy'"
						}
					]
				},
				"beerus_energy_hold" : {
					"animations" : ["beerus_energy_hold"],
					"transitions" : [
						{
							"default" : "!query.is_using_item"
						},
						{
							"beerus_energy" : "query.any_animation_finished"
						}
					]
				},
				"beerus_energy" : {
					"animations" : ["beerus_energy"],
					"transitions" : [
						{
							"default" : "query.any_animation_finished || !query.is_using_item || query.get_equipped_item_name != 'beerus_energy'"
						}
					]
				},
				"beerus_hakai" : {
					"animations" : ["beerus_hakai_hold"],
					"transitions" : [
						{
							"default" : "!query.is_using_item"
						}
					]
				},
				"beerus_sun" : {
					"animations" : ["beerus_sun_holding"],
					"transitions" : [
						{
							"default" : "!query.is_using_item"
						}
					]
				},
				"beerus_orb" : {
					"animations" : ["beerus_orb_hold"],
					"transitions" : [
						{
							"beerus_orb2" : "query.any_animation_finished"
						},
						{
							"default" : "!query.is_using_item"
						}
					]
				},
				"beerus_orb2" : {
					"animations" : ["beerus_orb_holding"],
					"transitions" : [
						{
							"default" : "!query.is_using_item"
						}
					]
				},
				"kamusari_hold" : {
					"animations" : ["kamusari_hold"],
					"transitions" : [
						{
							"default" : "!query.is_using_item"
						}
					]
				},
				"air_slash" : {
					"animations" : ["air_slash_hold"],
					"transitions" : [
						{
							"air_slash2" : "!query.is_using_item"
						}
					]
				},
				"air_slash2" : {
					"animations" : ["air_slash_hold"],
					"transitions" : [
						{
							"air_slash3" : "!query.is_on_ground"
						}
					]
				},
				"air_slash3" : {
					"animations" : ["air_slash_holding"],
					"transitions" : [
						{
							"default" : "query.is_on_ground || query.get_equipped_item_name != 'air_slash'"
						}
					]
				},
				"floor_slash" : {
					"animations" : ["floor_slash_hold"],
					"transitions" : [
						{
							"floor_slash2" : "query.any_animation_finished"
						},
						{
							"default" : "!query.is_using_item"
						}
					]
				},
				"floor_slash2" : {
					"animations" : ["floor_slash_holding"],
					"transitions" : [
						{
							"floor_slash3" : "!query.is_using_item"
						}
					]
				},
				"floor_slash3" : {
					"animations" : ["floor_slash"],
					"transitions" : [
						{
							"default" : "query.any_animation_finished"
						}
					]
				},
				"lightning_slash" : {
					"animations" : ["lightning_hold"],
					"transitions" : [
						{
							"default" : "!query.is_using_item"
						}
					]
				},
				"genki_dama" : {
					"animations" : ["genki_dama_holding"],
					"transitions" : [
						{
							"default" : "!query.is_using_item"
						}
					]
				},
				"solar_flare" : {
					"animations" : ["solar_flare_hold"],
					"transitions" : [
						{
							"default" : "!query.is_using_item"
						}
					]
				},
				"big_bang" : {
					"animations" : ["big_bang_hold","big_bang_first_hold"],
					"transitions" : [
						{
							"default" : "!query.is_using_item"
						},
						{
							"big_bang_holding" : "query.any_animation_finished"
						}
					]
				},
				"big_bang_holding" : {
					"animations" : ["big_bang","big_bang_first"],
					"transitions" : [
						{
							"default" : "!query.is_using_item"
						}
					]
				},
				"final_flash" : {
					"animations" : ["final_flash_hold","kamehameha_first_hold"],
					"transitions" : [
						{
							"default" : "!query.is_using_item"
						}
					]
				},
				"final_flash_throw" : {
					"animations" : ["final_flash","kamehameha_first"],
					"transitions" : [
						{
							"default" : "query.any_animation_finished || !query.is_using_item"
						}
					]
				},
				"kamehameha" : {
					"animations" : ["kamehameha_hold","kamehameha_first_hold"],
					"transitions" : [
						{
							"default" : "!query.is_using_item"
						}
					]
				},
				"kamehameha_throw" : {
					"animations" : ["kamehameha","kamehameha_first"],
					"transitions" : [
						{
							"default" : "query.any_animation_finished || !query.is_using_item"
						}
					]
				},
				"kirin" : {
					"animations" : ["kirin"],
					"transitions" : [
						{
							"kirin_anim" : "!query.is_using_item || query.any_animation_finished"
						}
					]
				},
				"kirin_anim" : {
					"animations" : ["kirin_anim"],
					"transitions" : [
						{
							"default" : "!query.is_using_item"
						}
					]
				},
				"chidori" : {
					"animations" : ["chidori_holding"],
					"transitions" : [
						{
							"default" : "!query.is_using_item"
						}
					]
				},
				"chidori_attack" : {
					"animations" : ["chidori"],
					"transitions" : [
						{
							"default" : "query.get_equipped_item_name != 'chidori_attack'"
						}
					]
				},
				"largefireball" : {
					"animations" : ["largefireball_holding"],
					"transitions" : [
						{
							"fireball_off" : "!query.is_using_item || query.any_animation_finished"
						}
					]
				},
				"fireball" : {
					"animations" : ["fireball_holding"],
					"transitions" : [
						{
							"fireball_off" : "!query.is_using_item || query.any_animation_finished"
						}
					]
				},
				"fireball_off" : {
					"transitions" : [
						{
							"default" : "!query.is_using_item"
						}
					]
				},
				"rasenshuriken" : {
					"animations" : ["rasenshuriken_holding"],
					"transitions" : [
						{
							"default" : "!query.is_using_item"
						}
					]
				},
				"rasengan" : {
					"animations" : ["rasengan_holding"],
					"transitions" : [
						{
							"default" : "!query.is_using_item"
						}
					]
				},
				"rasengan_attack" : {
					"animations" : ["rasengan"],
					"transitions" : [
						{
							"default" : "query.get_equipped_item_name != 'rasengan_attack'"
						}
					]
				},
				"odama_rasengan" : {
					"animations" : ["odama_rasengan_holding"],
					"transitions" : [
						{
							"default" : "!query.is_using_item"
						}
					]
				},
				"odama_attack" : {
					"animations" : ["odama_rasengan_attack"],
					"transitions" : [
						{
							"default" : "query.any_animation_finished"
						}
					]
				},
				"odama_rasengan_attack" : {
					"animations" : ["odama_rasengan"],
					"transitions" : [
						{
							"odama_attack" : "query.get_equipped_item_name == 'odama_rasengan_attack' && variable.attack"
						},
						{
							"default" : "query.get_equipped_item_name != 'odama_rasengan_attack'"
						}
					]
				}
			}
		}
	}
}
