{
    "format_version": "1.10.0",
    "animation_controllers": {
		"controller.animation.mob.general": {
            "initial_state": "moving",
            "states": {
                "default": {
                    "animations": [ "stop" ],
					"blend_transition": 0.5,
                    "transitions": [{
                            "move": "query.ground_speed >= 0.1 && query.is_on_ground"
                        }, {
                            "jumping": "!query.is_on_ground && !query.is_in_water && !query.is_wall_climbing"
                        }
                    ],
					"blend_transition": 0.1
                },
                "move": {
                    "animations": [
                        "move.arms", "move.legs"
                    ],
                    "transitions": [{
                            "run": "query.has_target"
                        },{
                            "default": "query.ground_speed < 0.1 && query.is_on_ground"
                        }
                    ],
                    "blend_transition": 0.1
                },
                "run": {
                    "animations": [
                        "holding"
                    ],
                    "transitions": [{
                            "move": "!query.has_target"
                        },{
                            "default": "query.ground_speed < 0.1 && query.is_on_ground"
                        }
                    ],
                    "blend_transition": 0.1
                },
				"jumping": {
                    "animations": [
                        "jump"
                    ],
                    "transitions": [{
                            "move": "query.is_on_ground"
                        }
                    ],
                    "blend_transition": 0.5
             }
          }
		   }
    }
}
