{
	"format_version" : "1.10.0",
	"animation_controllers" : {
		"controller.animation.player.addon": {
			"states": {
				"default": {
					"blend_transition": 0,
					"animations": [
						"stop"
					],
					"transitions": [
						{
							"1" : "v.walk"
						},
						{
							"2" : "v.sprint"
						},
						{
							"3" : "v.jump"
						},
						{
							"4": "v.jump_sprint"
						},
						{
							"5": "v.sneak && variable.attack_time == 0.0"
						}
					]
				},
				"1": {
					"animations": [
						{
							"move.arms" : "query.skin_id != 6 || (query.skin_id == 6 && variable.attack_time == 0.0)"
						},
						"move.legs"
					],
					"blend_transition": 0.2,
					"transitions": [
						{
							"default": "!v.walk"
						},
						{
							"2": "v.sprint"
						}
					]
				},
				"2": {
					"animations": [
						{
							"holding" : "query.skin_id != 1 && query.skin_id != 2 && query.skin_id != 7 && query.skin_id != 8"
						},
						{
							"holding2" : "query.skin_id == 1 || query.skin_id == 2 || query.skin_id == 7"
						},
						{
							"holding3" : "query.skin_id == 8"
						}
					],
					"blend_transition": 0.2,
					"transitions": [
						{
							"1": "v.walk"
						},
						{
							"4": "v.jump_sprint"
						},
						{
							"default": "!v.sprint"
						}
					]
				},
				"3": {
					"animations": [
						"jump"
					],
					"blend_transition": 0.2,
					"transitions": [
						{
							"default": "!v.jump"
						}
					]
				},
				"4": {
					"animations": [
						"jump_sprint"
					],
					"blend_transition": 0.2,
					"transitions": [
						{
							"default": "!v.jump_sprint"
						}
					]
				},
				"5": {
					"animations": [
						{
							"charge_naruto" : "query.skin_id == 1 || query.skin_id == 2 || query.skin_id == 7"
						},
						{
							"charge_goku" : "query.skin_id == 3 || query.skin_id == 4"
						},
						{
							"charge_luffy" : "query.skin_id == 5 || query.skin_id == 6 || query.skin_id == 9 || query.skin_id == 10"
						},
						{
							"charge_bills" : "query.skin_id == 8"
						},
						{
							"charge_rengoku" : "query.skin_id == 11"
						}
					],
					"blend_transition": 0.2,
					"transitions": [
						{
							"default": "!v.sneak || variable.attack_time > 0.0"
						}
					]
				}
			}
		}
	}
}
