{
  "format_version": "1.16.100",
  "minecraft:item": {
    "description": {
      "identifier": "mello:samehada",
      "category": "Equipment"
    },
    "components": {
      "minecraft:creative_category": {
        "parent": "itemGroup.name.sword"
      },
      "minecraft:icon": {
        "texture": "samehada"
      },
	  "minecraft:display_name": {"value":"Samehada"}, 
      "minecraft:max_stack_size": 1,
      "minecraft:hand_equipped": true,
      "minecraft:durability": {
        "max_durability": 9999
      },
      "minecraft:damage": 8,
      "minecraft:can_destroy_in_creative": false,
      "minecraft:use_duration": 2,
	   "minecraft:cooldown": {
	 	"category": "samehada",
		"duration": 1
	  },
	  "minecraft:on_use": {
		"on_use": {
		  "event": "mello"
		}
	  },  
      "minecraft:render_offsets": {
        "main_hand": {
          "first_person": { 
            "position": [0.0,0.0,0.0],
            "rotation": [0.0,0.0,0.0],
            "scale": [0.0,0.0,0.0]
          },
          "third_person": { 
            "position": [0.0,0.0,0.0],
            "rotation": [0.0,0.0,0.0],
            "scale": [0.0,0.0,0.0]
          }
        },
        "off_hand": {
          "first_person": { 
            "position": [0.0,0.0,0.0],
            "rotation": [0.0,0.0,0.0],
            "scale": [0.0,0.0,0.0]
          },
          "third_person": { 
            "position": [0.0,0.0,0.0],
            "rotation": [0.0,0.0,0.0],
            "scale": [0.0,0.0,0.0]
          }
        }
      }
    },
    "events": {
	  "mello": {
		"run_command": {
		  "command": [
		  ]
	    }
	  }
    }
  }
}
