{
  "format_version": "1.16.0",
  "minecraft:entity": {
    "description": {
      "identifier": "wesl3y:amaterasu",
      "is_spawnable": false,
      "is_summonable": true,
      "is_experimental": false
    },
    "component_groups": {
      "wesl3y:despawn": {
        "minecraft:instant_despawn": {}
      }
    },
    "components": {
      "minecraft:type_family": {
        "family": [
          "inanimate",
          "attack"
        ]
      },
      "minecraft:collision_box": {
        "width": 0.0,
        "height": 0.0
      },
      "minecraft:scale": {
        "value": 1.0
      },
      "minecraft:timer": {
        "time": 0.2,
        "looping": true,
        "time_down_event": {
          "event": "tick"
        }
      },
      "minecraft:damage_sensor":{
        "triggers":[
          {
            "cause":"all",
            "deals_damage":false
          }
        ]
      },
      "minecraft:despawn": {
        "filters": {
          "all_of":[{ "test": "distance_to_nearest_player", "operator": ">", "value": 64 }]
        }
      },
      "minecraft:knockback_resistance": {
        "value": 1.0
      },
      "minecraft:physics": {},
      "minecraft:pushable": {
        "is_pushable": false,
        "is_pushable_by_piston": false
      }
    },
    "events": {
      "minecraft:entity_spawned": {
        "run_command": {
          "command": [
            "scoreboard players set @s chakra 0"
          ]
        }
      },
      "wesl3y:despawn": {
        "add": {
          "component_groups": [
            "wesl3y:despawn"
          ]
        }
      },
      "tick": {
        "run_command": {
          "command": [
            "damage @e[r=1.5,type=!item,type=!xp_orb,family=!attack] 2 fire_tick entity @s",
            "scoreboard players add @s chakra 1",
            "event entity @s[scores={chakra=30..}] wesl3y:despawn"
          ]
        }
      }
    }
  }
}