{
  "format_version": "1.16.0",
  "minecraft:entity": {
    "description": {
      "identifier": "wesl3y:chibaku_tensei",
      "is_spawnable": false,
      "is_summonable": true,
      "is_experimental": false,
      "runtime_identifier": "minecraft:snowball"
    },
    "component_groups": {
      "wesl3y:despawn": {
        "minecraft:instant_despawn": {}
      },
      "wesl3y:normal": {
        "minecraft:variant": {
          "value": 0
        },
        "minecraft:timer": {
          "time": 8.4,
          "looping": true,
          "time_down_event": {
            "event": "wesl3y:projetil"
          }
        },
        "minecraft:physics": {
          "has_gravity": false
        }
      },
      "wesl3y:projetil": {
        "minecraft:variant": {
          "value": 1
        },
        "minecraft:projectile": {
          "on_hit": {
            "impact_damage": {
              "damage": 50,
              "destroy_on_hit": false
            },
            "definition_event": {
              "affectProjectile": false,
              "eventTrigger": {
			    "event": "wesl3y:explode",
			    "target": "self"
			  }
            }
          },
          "power": 0.0,
          "gravity": 0.07,
          "angle_offset": 0.0,
          "inertia": 1,
		  "uncertaintyBase": 0,
          "liquid_inertia": 1,
          "catch_fire": false,
          "offset": [0, 0, 0]
        },
        "minecraft:physics": {}
      },
      "wesl3y:explode": {
        "minecraft:explode": {
          "fuseLength": 0.0,
          "fuseLit": true,
          "power": 9,
          "breaks_blocks": false
        }
      }
    },
    "components": {
      "minecraft:type_family": {
        "family": [
          "inanimate",
          "attack"
        ]
      },
      "minecraft:collision_box": {
        "width": 0.0,
        "height": 0.0
      },
      "minecraft:scale": {
        "value": 1.0
      },
      "minecraft:damage_sensor":{
        "triggers":[
          {
            "cause":"all",
            "deals_damage":false
          }
        ]
      },
      "minecraft:despawn": {
        "filters": {
          "all_of":[{ "test": "distance_to_nearest_player", "operator": ">", "value": 64 }]
        }
      },
      "minecraft:knockback_resistance": {
        "value": 1.0
      },
      "minecraft:physics": {},
      "minecraft:pushable": {
        "is_pushable": false,
        "is_pushable_by_piston": false
      }
    },
    "events": {
      "minecraft:entity_spawned": {
        "add": {
          "component_groups": [
            "wesl3y:normal"
          ]
        }
      },
      "wesl3y:despawn": {
        "add": {
          "component_groups": [
            "wesl3y:despawn"
          ]
        }
      },
      "wesl3y:explode": {
        "add": {
          "component_groups": [
            "wesl3y:explode"
          ]
        },
        "run_command": {
          "command": [
            "particle wesl3y:chibaku_tensei2"
          ]
        }
      },
      "wesl3y:projetil": {
        "sequence": [
          {
            "add": {
              "component_groups": [
                "wesl3y:projetil"
              ]
            },
            "remove": {
              "component_groups": [
                "wesl3y:normal"
              ]
            }
          }
        ]
      }
    }
  }
}