{
  "format_version": "1.16.0",
  "minecraft:client_entity": {
    "description": {
      "identifier": "one:madara",
      "materials": {
        "default": "entity_alphatest",
        "charged": "charged_creeper"
      },
      "textures": {
        "default": "textures/Entity/madara",
        "name": "textures/gui/madara",
        "weapon": "textures/Weapons/gunbai",
        "power1": "textures/Skills/katon"
      },
      "geometry": {
        "default": "geometry.madara",
        "name": "geometry.name",
        "weapon": "geometry.gunbai",
        "power1": "geometry.katon_fireball",
        "dmg": "geometry.dmg"
      },
	  	"particle_effects": {
        "dmg": "one:damage",
        "katon2": "one:fireball_lava",
        "katon3": "one:largefireball",
        "katon4": "one:largefireball_lava"
      },
      "spawn_egg": {
        "texture": "spawn_egg",
        "texture_index": 12
      },
      "scripts": {
        "pre_animation": [
          "variable.tcos0 = (Math.cos(query.modified_distance_moved * 38.17) * query.modified_move_speed / variable.gliding_speed_value) * 57.3;",
          "variable.attack = Math.sin(variable.attack_time * 90.0);",
          "variable.health = math.round(query.health / query.max_health * 100);"
        ],
        "animate":[
          "look_at_target_controller",
          "move_controller",
          "riding_controller",
          "holding_controller",
          "charging_controller",
          "attack_controller",
          "mob_controller",
          "sneaking_controller",
          "bob_controller",
          "use_item_progress_controller",
          "swimming_controller",
          "default",
          "mob",
          "name",
          "dmg"
        ],
        "variables": {
          "variable.hp": "public"
        },
        "initialize": [
          "variable.hp = query.health;"
        ]
      },
      "animations": {
        "largefireball_holding": "animation.largefireball_holding",
        "mob": "controller.animation.madara",
        "mob_controller": "controller.animation.mobattack",
        "atk1": "animation.mobattack1",
        "atk2": "animation.mobattack2",
        "name": "animation.name",
        "dmg": "controller.animation.damage",
        "default": "animation.human.default",
        "look_at_target_controller": "controller.animation.humanoid.look_at_target",
        "move_controller": "controller.animation.humanoid.move",
        "riding_controller": "controller.animation.humanoid.riding",
        "holding_controller": "controller.animation.humanoid.holding",
        "charging_controller": "controller.animation.humanoid.charging",
        "sneaking_controller": "controller.animation.humanoid.sneaking",
        "bob_controller": "controller.animation.humanoid.bob",
        "use_item_progress_controller": "controller.animation.humanoid.use_item_progress",
        "swimming_controller": "controller.animation.humanoid.swimming",
        "look_at_target_default": "animation.humanoid.look_at_target.default",
        "look_at_target_gliding": "animation.humanoid.look_at_target.gliding",
        "look_at_target_swimming": "animation.humanoid.look_at_target.swimming",
        "move": "animation.humanoid.move",
        "riding.arms": "animation.humanoid.riding.arms",
        "riding.legs": "animation.humanoid.riding.legs",
        "holding": "animation.humanoid.holding",
        "brandish_spear": "animation.humanoid.brandish_spear",
        "charging": "animation.humanoid.charging",
        "sneaking": "animation.humanoid.sneaking",
        "bob": "animation.humanoid.bob",
        "damage_nearby_mobs": "animation.humanoid.damage_nearby_mobs",
        "bow_and_arrow": "animation.humanoid.bow_and_arrow",
        "swimming": "animation.zombie.swimming",
        "use_item_progress": "animation.humanoid.use_item_progress"
      },
      "render_controllers": [
      "controller.render.default",
      "controller.render.name",
      "controller.render.weapon",
      "controller.render.dmg",
    { "controller.render.power1": "query.mark_variant == 1" }
      ],
      "enable_attachables": true
    }
  }
}
