{
  "format_version": "1.16.0",
  "minecraft:client_entity": {
    "description": {
      "identifier": "one:saibaman",
      "materials": {
        "default": "entity_alphatest"
      },
      "textures": {
        "default": "textures/Entity/saibaman",
        "name": "textures/gui/saibaman"
      },
      "geometry": {
        "default": "geometry.saibaman",
        "name": "geometry.name",
        "dmg": "geometry.dmg"
      },
	  	"particle_effects": {
        "dmg": "one:damage"
      },
      "spawn_egg": {
        "texture": "spawn_egg",
        "texture_index": 12
      },
      "scripts": {
        "pre_animation": [
          "variable.tcos0 = (Math.cos(query.modified_distance_moved * 38.17) * query.modified_move_speed / variable.gliding_speed_value) * 57.3;",
          "variable.health = math.round(query.health / query.max_health * 100);"
        ],
        "animate":[
          "look_at_target_controller",
          "move_controller",
          "swimming_controller",
          "combo",
          "default",
          "name",
          "dmg"
        ],
        "variables": {
          "variable.hp": "public"
        },
        "initialize": [
          "variable.hp = query.health;"
        ]
      },
      "animations": {
        "default": "controller.animation.mob.general",
        "combo": "controller.animation.combo",
        "cooldown_2": "animation.cooldown_2",
        "combo1": "animation.combo1",
        "combo2": "animation.combo2",
        "combo3": "animation.combo3",
        "name": "animation.name",
        "dmg": "controller.animation.damage",
        "look_at_target_controller": "controller.animation.humanoid.look_at_target",
        "swimming_controller": "controller.animation.humanoid.swimming",
        "look_at_target_default": "animation.humanoid.look_at_target.default",
        "look_at_target_gliding": "animation.humanoid.look_at_target.gliding",
        "look_at_target_swimming": "animation.humanoid.look_at_target.swimming",
        "holding": "animation.player.holding",
        "move.arms": "animation.player.move.arms",
        "move.legs": "animation.player.move.legs",
        "swimming": "animation.zombie.swimming",

        "stop": "animation.humanoid.base_pose",
        "jump": "animation.player.jump"
      },
      "render_controllers": [
      "controller.render.default",
      "controller.render.name",
      "controller.render.dmg"
      ],
      "enable_attachables": true
    }
  }
}
