{
	"format_version": "1.10.0",
	"particle_effect": {
		"description": {
			"identifier": "ds:himejima_lavamessy",
			"basic_render_parameters": {
				"material": "particles_alpha",
				"texture": "textures/particle/particles"
			}
		},
		"curves": {
			"variable.test": {
				"type": "catmull_rom",
				"input": 1,
				"horizontal_range": 1,
				"nodes": [0, 1.12]
			}
		},
		"components": {
			"minecraft:emitter_initialization": {
				"creation_expression": "v.height = math.random(20,40);"
			},
			"minecraft:emitter_rate_steady": {
				"spawn_rate": 1000,
				"max_particles": 60000
			},
			"minecraft:emitter_lifetime_once": {
				"active_time": 0.15
			},
			"minecraft:emitter_shape_disc": {
				"radius": 0.1,
				"direction": [0, 5, 0]
			},
			"minecraft:particle_lifetime_expression": {
				"max_lifetime": 2
			},
			"minecraft:particle_initial_speed": "variable.particle_random_2 * v.height",
			"minecraft:particle_motion_dynamic": {
				"linear_drag_coefficient": "math.random(15,10)"
			},
			"minecraft:particle_appearance_billboard": {
				"size": ["0.2 - (variable.particle_age * 0.1)", "0.2 - (variable.particle_age * 0.1)"],
				"facing_camera_mode": "rotate_xyz",
				"uv": {
					"texture_width": 128,
					"texture_height": 128,
					"flipbook": {
						"base_UV": [56, 0],
						"size_UV": [8, 8],
						"step_UV": [-8, 0],
						"frames_per_second": 8,
						"max_frame": 8,
						"stretch_to_lifetime": true
					}
				}
			},
			"minecraft:particle_appearance_tinting": {
				"color": {
					"interpolant": "variable.particle_random_2",
					"gradient": {
						"0.0": "#FF491900",
						"0.31": "#FF8D4524",
						"0.6": "#FFD27314",
						"1.0": "#FFFFB868"
					}
				}
			}
		}
	}
}