{
	"format_version": "1.10.0",
	"particle_effect": {
		"description": {
			"identifier": "ds:himejima_rope",
			"basic_render_parameters": {
				"material": "particles_alpha",
				"texture": "textures/particle/customball"
			}
		},
		"curves": {
			"variable.test": {
				"type": "catmull_rom",
				"input": 1,
				"horizontal_range": 1,
				"nodes": [0, 1.12]
			}
		},
		"components": {
			"minecraft:emitter_initialization": {
				"creation_expression": "variable.radius =1.5;"
			},
			"minecraft:emitter_rate_steady": {
				"spawn_rate": 25,
				"max_particles": 60000
			},
			"minecraft:emitter_lifetime_once": {
				"active_time": 1
			},
			"minecraft:emitter_shape_point": {
				"offset": ["variable.radius*math.sin((variable.emitter_age/1)*-720)", "0 + (variable.emitter_age * 3)", "variable.radius*math.cos((variable.emitter_age/1)*720)"],
				"direction": ["math.random(-2, 2)", 5, "math.random(-2, 2)"]
			},
			"minecraft:particle_lifetime_expression": {
				"max_lifetime": 2
			},
			"minecraft:particle_initial_speed": "variable.particle_random_2 * 2",
			"minecraft:particle_appearance_billboard": {
				"size": ["0.3 - (variable.particle_age * 0.15)", "0.3 - (variable.particle_age * 0.15)"],
				"facing_camera_mode": "rotate_xyz",
				"uv": {
					"texture_width": 48,
					"texture_height": 6,
					"flipbook": {
						"base_UV": [0, 0],
						"size_UV": [6, 6],
						"step_UV": [6, 0],
						"frames_per_second": 8,
						"max_frame": 8,
						"stretch_to_lifetime": true
					}
				}
			},
			"minecraft:particle_appearance_tinting": {
				"color": {
					"interpolant": "variable.particle_random_2",
					"gradient": {
						"0.0": "#FF2D1E19",
						"1.0": "#FF4D3B31"
					}
				}
			}
		}
	}
}