{
	"format_version": "1.10.0",
	"particle_effect": {
		"description": {
			"identifier": "wesl3y:100_detroit_smash",
			"basic_render_parameters": {
				"material": "particles_alpha",
				"texture": "textures/particle/particles"
			}
		},
		"components": {
			"minecraft:emitter_rate_steady": {
				"spawn_rate": 40,
				"max_particles": 40
			},
			"minecraft:emitter_lifetime_once": {
				"active_time": 1.25
			},
			"minecraft:emitter_shape_point": {
				"offset": ["Math.random( -2, 2 )", "Math.random( - 2, 2 )", "Math.random( - 2, 2 )"]
			},
			"minecraft:particle_lifetime_expression": {
				"max_lifetime": "Math.random( 0.1, 0.2 )"
			},
			"minecraft:particle_initial_speed": 0,
			"minecraft:particle_motion_dynamic": {},
			"minecraft:particle_appearance_billboard": {
				"size": [1, 1],
				"facing_camera_mode": "lookat_xyz",
				"uv": {
					"texture_width": 128,
					"texture_height": 128,
					"flipbook": {
						"base_UV": [0, 80],
						"size_UV": [8, 8],
						"step_UV": [8, 0],
						"frames_per_second": 8,
						"max_frame": 16,
						"stretch_to_lifetime": true
					}
				}
			},
			"minecraft:particle_appearance_tinting": {
				"color": ["Math.clamp(variable.particle_random_1 * 0.6 + 0.4, 0, 1)", "Math.clamp(variable.particle_random_1 * 0.6 + 0.4, 0, 1)", "Math.clamp(variable.particle_random_1 * 0.6 + 0.4, 0, 1)", 1]
			}
		}
	}
}