{
  "format_version": "1.10.0",
  "particle_effect": {
    "description": {
      "identifier": "wesl3y:shoot_style",
      "basic_render_parameters": {
        "material": "particles_blend",
        "texture": "textures/particle/shoot_style"
      }
    },
    "components": {
      "minecraft:emitter_rate_instant": {
        "num_particles": 1
      },        
      "minecraft:emitter_lifetime_once": {},
      "minecraft:emitter_shape_point": {},
      "minecraft:particle_initial_speed": 0.01,
      "minecraft:particle_lifetime_expression": {
        "max_lifetime": "Math.random(0.5, 0.7)"
      },
      "minecraft:particle_motion_dynamic": {},
      "minecraft:particle_appearance_billboard": {
        "size": [ "variable.particle_random_1 * variable.particle_random_2 * 0.4 + 0.3", "variable.particle_random_1 * variable.particle_random_2 * 0.4 + 0.3" ],
        "facing_camera_mode": "lookat_xyz",
        "uv": {
          "texture_width": 8,
          "texture_height": 8,
          "uv": [0, 0],
          "uv_size": [8, 8]
        }
	  },
	  "minecraft:particle_appearance_tinting": {
		"color": [1, 1, 1, 0.25]
      }
    }
  }
} 
