{
	"format_version": "1.10.0",
	"particle_effect": {
		"description": {
			"identifier": "mochimochi",
			"basic_render_parameters": {
				"material": "particles_alpha",
				"texture": "textures/particle/mochimochi"
			}
		},
		"components": {
			"minecraft:emitter_rate_steady": {
				"spawn_rate": 4,
				"max_particles": 100
			},
			"minecraft:emitter_lifetime_looping": {
				"active_time": 6
			},
			"minecraft:emitter_shape_point": {},
			"minecraft:particle_lifetime_expression": {
				"max_lifetime": 4
			},
			"minecraft:particle_initial_spin": {
				"rotation": "math.random(90,-90)"
			},
			"minecraft:particle_initial_speed": 1,
			"minecraft:particle_motion_dynamic": {
				"linear_acceleration": [0, -10, 0]
			},
			"minecraft:particle_appearance_billboard": {
				"size": [0.2, 0.2],
				"facing_camera_mode": "rotate_xyz",
				"uv": {
					"texture_width": 5,
					"texture_height": 5,
					"uv": [0, 0],
					"uv_size": [5, 5]
				}
			},
			"minecraft:particle_motion_collision": {
				"collision_drag": 10,
				"coefficient_of_restitution": 0.2,
				"collision_radius": 0.1
			}
		}
	}
}