{
	"format_version": "1.10.0",
	"particle_effect": {
		"description": {
			"identifier": "pedra",
			"basic_render_parameters": {
				"material": "particles_blend",
				"texture": "textures/particle/predinha"
			}
		},
		"components": {
			"minecraft:emitter_rate_instant": {
				"num_particles": 50
			},
			"minecraft:emitter_lifetime_once": {
				"active_time": 2
			},
			"minecraft:emitter_shape_sphere": {
				"radius": 3,
				"surface_only": true,
				"direction": "outwards"
			},
			"minecraft:particle_initialization": {
				"per_render_expression": "variable.s;"
			},
			"minecraft:particle_lifetime_expression": {
				"max_lifetime": "variable.particle_random_1*3"
			},
			"minecraft:particle_initial_spin": {
				"rotation": "math.random(0,360)",
				"rotation_rate": "(variable.particle_random_3*360)*math.random(-1,1)"
			},
			"minecraft:particle_initial_speed": 20,
			"minecraft:particle_motion_dynamic": {
				"linear_acceleration": [0, -10, 0],
				"linear_drag_coefficient": 0.5
			},
			"minecraft:particle_appearance_billboard": {
				"size": [2, 2],
				"facing_camera_mode": "rotate_xyz",
				"uv": {
					"texture_width": 32,
					"texture_height": 96,
					"flipbook": {
						"base_UV": [0, 0],
						"size_UV": [32, 32],
						"step_UV": [0, 32],
						"frames_per_second": 4,
						"max_frame": 3,
						"loop": true
					}
				}
			},
			"minecraft:particle_appearance_lighting": {},
			"minecraft:particle_appearance_tinting": {
				"color": [1, 1, 1, 0.6]
			}
	    }
	}
}