{
	"format_version": "1.10.0",
	"particle_effect": {
		"description": {
			"identifier": "zg1",
			"basic_render_parameters": {
				"material": "particles_blend",
				"texture": "textures/particle/shock"
			}
		},
		"curves": {
			"variable.curve": {
				"type": "bezier_chain",
				"input": "v.particle_age",
				"nodes": {
					"0.0": {
						"value": 1,
						"slope": 0
					},
					"0.99": {
						"value": 2.42,
						"slope": 0
					},
					"0.44": {
						"value": 1,
						"slope": 0
					}
				}
			}
		},
		"components": {
			"minecraft:emitter_rate_instant": {
				"num_particles": 1
			},
			"minecraft:emitter_lifetime_once": {
				"active_time": 2
			},
			"minecraft:emitter_shape_disc": {
				"offset": ["variable.radius*-math.sin(variable.emitter_age*360)", 1.5, "variable.radius*-math.sin(variable.emitter_age*360)"],
				"radius": 7,
				"surface_only": true,
				"direction": "outwards"
			},
			"minecraft:particle_initialization": {
				"per_render_expression": "variable.curve; variable.radius = 0.6;"
			},
			"minecraft:particle_lifetime_expression": {
				"max_lifetime": 1
			},
			"minecraft:particle_initial_speed": 0,
			"minecraft:particle_motion_dynamic": {
				"linear_acceleration": [0, 3, 0],
				"linear_drag_coefficient": 2
			},
			"minecraft:particle_appearance_billboard": {
				"size": ["2*v.curve", "2*v.curve"],
				"facing_camera_mode": "rotate_y",
				"uv": {
					"texture_width": 32,
					"texture_height": 96,
					"flipbook": {
						"base_UV": [0, 0],
						"size_UV": [32, 32],
						"step_UV": [0, 32],
						"frames_per_second": 15,
						"max_frame": 3,
						"loop": true
					}
				}
			},
			"minecraft:particle_motion_collision": {
				"expire_on_contact": true
			},
			"minecraft:particle_appearance_tinting": {
				"color": {
					"interpolant": "v.particle_age / v.particle_lifetime",
					"gradient": {
						"0.0": "#FFD30303",
						"0.75": "#FFFF0000",
						"1.0": "#00FF0000"
					}
				}
			}
		}
	}
}