{
  "format_version": "1.8.0",
  "minecraft:entity": {
	"description": {
      "identifier": "jedy:naruto_boss",
      "is_spawnable": true,
      "is_summonable": true,
      "is_experimental": false
    },
	
    "components": {
      "minecraft:fire_immune": true,
        "minecraft:type_family": {
        "family": [ "mobnpc_ok" ]
      },
      "minecraft:boss": {
        "name": "§l§aNaruto 6 Caminhos (Boss)",
        "should_darken_sky": true,
        "hud_range": 30
      },
      "minecraft:breathable": {
        "totalSupply": 15,
        "suffocateTime": 0
      },
      "minecraft:collision_box": {
        "width": 0.7,
        "height": 3.4
      },
      "minecraft:loot": {
        "table": "loot_tables/naruto_boss.json"
      },
      "minecraft:health": {
        "value": 100000,
		"max": 100000
      },
      "minecraft:attack": {
        "damage": 100
	  },
      "minecraft:movement": {
        "value": 0.47
      },
      "minecraft:scale": {
	   "value": 1.0
	  },
      "minecraft:navigation.walk": {
        "avoid_water": true,
        "avoid_damage_blocks": true
      },
      "minecraft:movement.basic": {
        
      },
      "minecraft:jump.static": {
      },
      "minecraft:nameable": {
      },
      "minecraft:balloonable": {
      },
      "minecraft:behavior.float": {
        "priority": 0
      },
      "minecraft:behavior.melee_attack": {
        "priority": 1,
        "speed_multiplier": 1.4,
        "track_target": false
      },
      "minecraft:shooter": {
		"def": "jedy:bijuudama"
	  },
	  "minecraft:behavior.ranged_attack": {
		"priority": 1,
		"attack_interval_min": 3,
        "attack_interval_max": 6,
        "attack_radius": 20
      },
      "minecraft:behavior.move_towards_restriction": {
        "priority": 4,
        "speed_multiplier": 1
      },
      "minecraft:behavior.random_stroll": {
        "priority": 6,
        "speed_multiplier": 0.5
      },
      "minecraft:behavior.look_at_player": {
        "priority": 7,
        "look_distance": 6.0,
        "probability": 0.02
      },
      "minecraft:behavior.random_look_around": {
        "priority": 8
      },
      "minecraft:behavior.hurt_by_target": {
        "priority": 1
      },
      "minecraft:behavior.nearest_attackable_target": {
        "priority": 1,
        "within_radius": 7.5,
        "entity_types": [
          {
            "filters": { "other_with_families": [ "player" ] },
            "max_dist": 64
          }
        ]
      },
	    "minecraft:physics": {
      }
    }
  }
}