{
  "format_version": "1.16.100",
  "minecraft:item": {
    "description": {
      "identifier": "jedy:bancada_jutsus"
    },
    "components": {
    "minecraft:render_offsets": {
        "main_hand": {
            "first_person": { 
                "scale": [0.002,0.002,0.002]
            },
            "third_person": { 
                "scale": [0.01,0.01,0.01]
            }
        }
    },
      "minecraft:display_name": {
		"value": "§l§aBancada de Jutsus"
      },
      "minecraft:icon": {
		"texture": "bancada_jutsus"
	  },
      "minecraft:max_stack_size": 1,
      "minecraft:use_duration": 2,

	  "minecraft:cooldown": {
		"category": "slc",
		"duration": 10
      },
	  "minecraft:on_use": {
		"on_use": {
		  "event": "zero"
		}
	  }
    },
    "events": {
	  "zero": {
		"run_command": {
		  "command": [
      "playsound clone @a[x=~,y=~,z=~,r=15]",
      "gamerule sendcommandfeedback false",
      "kill @e[type=jedy:bancada_jutsus,r=5]",
      "function sexy",
      "summon jedy:bancada_jutsus",
      "function sexy"
		  ]
	    }
	  }
	}
  }
}