{
  "format_version": "1.8.0",
  "minecraft:entity": {
    "description": {
      "identifier": "stk:broly",
      "is_spawnable": true,
      "is_summonable": true,
      "is_experimental": false,
       "scripts":{
        "animate":["broly"]
      },
      "animations":{
    
        "broly":"controller.animation.broly2"
      }
    
    },
    "component_groups": {
    
        "eraser":{
       "minecraft:spawn_entity":{
        "entities":[
          {
             "min_wait_time":0,
             "max_wait_time":0,
             "spawn_entity":"stk:eraser",
             "num_to_spawn":1,
             "single_use":true
              }
            ]
          }
        }
      },
    "components": {
      "minecraft:type_family": {
        "family": [ "quest","villain"]
      },
      "minecraft:loot": {
        "table": "loot_tables/broly.json"
      },
      "minecraft:collision_box": {
        "width": 0.6,
        "height": 1.8
      },
	"minecraft:health": {
	   "value": 600,
	   "max": 600
	},
      "minecraft:can_climb": {
      },
      "minecraft:movement": {
        "value": 0.35
 
      },
      "minecraft:attack": {
        "damage": 15
      },
        "minecraft:scale": {
          "value": 1.0
        },
              "minecraft:on_death": {
        "event": "kill",
        "target": "self"
      },
      "minecraft:navigation.walk": {
        "can_path_over_water": true,
        "avoid_damage_blocks": true
      },
      "minecraft:movement.basic": {
        
      },
      "minecraft:jump.static": {
      },
      "minecraft:behavior.float": {
        "priority": 0
      },
      "minecraft:breathable": {
        "totalSupply": 15,
        "suffocateTime": -1,
        "inhaleTime": 3.75,
        "generatesBubbles": false
      },
      "minecraft:boss": {
        "name": "§aBroly",
        "should_darken_sky": true,
        "hud_range": 10
      },
      "minecraft:nameable": {
      },
      "minecraft:behavior.move_towards_restriction": {
        "priority": 5,
        "speed_multiplier": 1
      },
      "minecraft:behavior.melee_attack": {
        "priority": 3,
        "speed_multiplier": 1,
        "track_target": true
      },
            "minecraft:behavior.ranged_attack": {
        "attack_interval_min": 6,
        "attack_interval_max": 6,
        "attack_radius": 10,
        "burst_shots": 6,
        "burst_interval": 0.7
      },
      "minecraft:shooter": {
        "type": "despawer",
        "def": "stk:eraser"
      
      },
      
      
      "minecraft:behavior.random_stroll": {
        "priority": 6,
        "speed_multiplier": 1
      },
      "minecraft:behavior.look_at_player": {
        "priority": 7,
        "look_distance": 6,
        "probability": 0.02
      },
      "minecraft:behavior.random_look_around": {
        "priority": 7
      },
      "minecraft:behavior.hurt_by_target": {
        "priority": 1
      },
      "minecraft:behavior.nearest_attackable_target": {
        "priority": 2,
        "within_radius": 50,
        "reselect_targets": true,
        "entity_types": [
          {
            "filters": {
              "any_of": [
                {
                  "test": "has_tag",
                  "subject": "other",
                  "value": "white"
                }
              ]
            },
            "max_dist": 35
          },
          {
            "filters": {
              "all_of": [
                {
                  "test": "is_family",
                  "subject": "other",
                  "value": "player"
                },
                {
                  "test": "in_water",
                  "subject": "other",
                  "operator": "!=",
                  "value": true
                }
              ]
            },
            "max_dist": 35
          }
        ],
        "must_see": true,
        "must_see_forget_duration": 17.0
      },
      "minecraft:physics": {
      },
      "minecraft:scaffolding_climber": { }
},
	"events": {
	  "kill": {
        "run_command": {
          "command": [
            "summon stk:broly2","tp @s ~~-100~"
                        ]
               }
      },
            "eraser": {
        "add": {
          "component_groups": [
            "eraser"


            ]
        }
	  }
	}
  }
}



















































































































































































































































































































