{
    "format_version":    "1.16.100",
    "minecraft:item":  {
        "description":  {
            "category": "nature",
            "identifier":  "jedy:8gates_7"
        },
        "components":  {

    "minecraft:render_offsets": {
        "main_hand": {
            "first_person": { 
                "scale": [0.002,0.002,0.002]
            },
            "third_person": { 
                "scale": [0.01,0.01,0.01]
            }
        }
    },

            "minecraft:max_stack_size":  1,
            "minecraft:enchantable":  {
                "value":  10,
                "slot":  "armor_head"
            },
            "minecraft:damageable":  {
                "max_damage":  10000000,
                "damage_chance":  {
                    "min":  10000000,
                    "max":  10000000
                },
                "repair_items":  [
                    "minecraft:diamond",
                    "minecraft:diamond"
                ]
            },
            "minecraft:icon": {
                "texture": "8gates_7"
            },
            "minecraft:display_name": {
    "value": "§l§c Oito Portões \n§a✪Raridade: §d Épico\n§8✪Nível: 1 \n§bFase: 7"
            },
            "minecraft:armor":  {
                "protection":  30
            }, 
            "minecraft:wearable":  {
                "slot":  "slot.armor.head"
            },
	  "minecraft:on_use": {
		"on_use": {
		  "event": "jedy"
		}
	  }
    },
    "events": {
	  "jedy": {
		"run_command": {
		  "command": [
		    "function 8gates_7"
		  ]
	    }
	  }
        }
    }
}