{
  "format_version": "1.16.0",
  "minecraft:client_entity": {
    "description": {
      "identifier": "wesl3y:zero_gravity_long",
      "materials": {
        "default": "entity_alphatest"
      },
      "textures": {
        "default": "textures/entity/attack_block",
        "default2": "textures/entity/attack_block2",
        "default3": "textures/entity/attack_block3"
      },
      "geometry": {
        "default": "geometry.zero_gravity"
      },
      "scripts": {
        "animate": [
          "block"
        ]
      },
      "animations": {
        "block": "animation.projetil.zero_gravity_block"
      },
      "render_controllers": [
        "controller.render.zero_gravity_long"
      ],
      "enable_attachables": false
    }
  }
}