{
  "format_version": "1.19.0",
  "minecraft:entity": {
    "description": {
      "identifier": "wesl3y:alvida",
      "is_spawnable": false,
      "is_summonable": false,
      "is_experimental": false,
      "animations": {
        "death": "controller.animation.",
        "clear_spawner": "animation.clear_spawner"
      },
      "scripts": {
        "animate": [
          "death",
          "clear_spawner"
        ]
      }
    },
    "component_groups": {
      "look_priority":{
        "minecraft:behavior.look_at_player": {
          "priority": 1,
          "look_distance": 8
        }
      },
      "gravity_off": {
        "minecraft:physics": {
          "has_gravity": false
        }
      },
      "gravity_on": {
        "minecraft:physics": {
          "has_gravity": true
        }
      },
      "movimento_normal":{
        "minecraft:knockback_resistance": {
          "value": 0
        },
        "minecraft:movement": {
          "value": 0.3
        },
        "minecraft:movement.basic": {
        },
        "minecraft:flying_speed": {
          "value": 0.3
        }
      },
      "movimento_zero":{
        "minecraft:knockback_resistance": {
          "value": 1
        },
        "minecraft:movement": {
          "value": 0
        },
        "minecraft:flying_speed": {
          "value": 0
        }
      },
      "no_alcance": {
        "minecraft:variant": {
          "value": 0
        }
      },
      "fora_do_alcance": {
        "minecraft:variant": {
          "value": 1
        }
      },
      "dboa": {
        "minecraft:mark_variant": {
          "value": 0
        },
        "minecraft:attack": {
          "damage": 5
        },
        "minecraft:behavior.melee_attack": {
          "priority": 1,
          "speed_multiplier": 1.3,
          "track_target": true
        },
        "minecraft:timer": {}
      }
    },

    "components": {
      "minecraft:experience_reward": {
        "on_death": "query.last_hit_by_player ? 10 : 5"
      },
      "minecraft:type_family": {
        "family": [ "alvida", "mini_boss", "sube_fruit", "mob" ]
      },
      "minecraft:breathable": {
        "total_supply": 15,
        "suffocate_time": 0
      },
      "minecraft:nameable": {
        "always_show": true,
        "allow_name_tag_renaming": false
      },
      "minecraft:collision_box": {
        "width": 0.6,
        "height": 1.8
      },
      "minecraft:health": {
        "value": 300,
        "max": 300
      },
      "minecraft:scale": {
        "value": 1.0
      },
      "minecraft:navigation.walk": {
        "can_path_over_water": true
      },
      "minecraft:jump.static": {
      },
      "minecraft:can_climb": {
      },
      "minecraft:loot": {},
      "minecraft:damage_sensor": {
        "triggers": [
          {
            "on_damage": {},
            "deals_damage": true,
            "damage_multiplier": 0.99
          }
        ]
      },
      "minecraft:hurt_on_condition": {
        "damage_conditions": [
          {
            "filters": { "test": "in_lava", "subject": "self", "operator": "==", "value": true },
            "cause": "lava",
            "damage_per_tick": 4
          }
        ]
      },
      "minecraft:follow_range": {
        "value": 32,
        "max": 32
      },
      "minecraft:behavior.nearest_attackable_target": {
        "priority": 0,
        "must_see": true,
        "reselect_targets": false,
        "entity_types": [
          {
            "filters": {
              "test": "is_family",
              "subject": "other",
              "value": "empty"
            },
            "max_dist": 64
          }
        ]
      },
      "minecraft:behavior.float": {
        "priority": 0
      },
      "minecraft:behavior.hurt_by_target": {
        "priority": 1
      },
      "minecraft:target_nearby_sensor": {},
      "minecraft:on_target_escape": {},
      "minecraft:pushable": {
        "is_pushable": true,
        "is_pushable_by_piston": true
      },
      "minecraft:conditional_bandwidth_optimization": {
      }
    },

    "events": {
      "minecraft:entity_spawned": {
        "add": {
          "component_groups": [
            "dboa",
            "gravity_on",
            "look_priority",
            "movimento_normal",
            "no_alcance"
          ]
        },
        "run_command": {
          "command": [
            "scoreboard players set @s level 50"
          ]
        }
      },
      "no_alcance": {
        "add": {
          "component_groups": [
            "no_alcance"
          ]
        },
        "remove": {
          "component_groups": [
            "fora_do_alcance"
          ]
        }
      },
      "fora_do_alcance": {
        "add": {
          "component_groups": [
            "fora_do_alcance"
          ]
        },
        "remove": {
          "component_groups": [
            "no_alcance"
          ]
        }
      },
      "dboa": {
        "add": {
          "component_groups": [
            "dboa",
            "gravity_on",
            "movimento_normal"
          ]
        },
        "remove": {
          "component_groups": [
            "gravity_off",
            "higan",
            "hiken",
            "movimento_zero"
          ]
        }
      },
      "random_event": {}
    }
  }
}