{
  "format_version": "1.19.0",
  "minecraft:entity": {
    "description": {
      "identifier": "wesl3y:enel",
      "is_spawnable": false,
      "is_summonable": false,
      "is_experimental": false,
      "animations": {
        "death": "controller.animation.enel",
        "clear_spawner": "animation.clear_spawner"
      },
      "scripts": {
        "animate": [
          "death",
          "clear_spawner"
        ]
      }
    },
    "component_groups": {
      "look_priority":{
        "minecraft:behavior.look_at_player": {
          "priority": 1,
          "look_distance": 8
        }
      },
      "gravity_off": {
        "minecraft:physics": {
          "has_gravity": false
        }
      },
      "gravity_on": {
        "minecraft:physics": {
          "has_gravity": true
        }
      },
      "movimento_normal":{
        "minecraft:knockback_resistance": {
          "value": 0
        },
        "minecraft:movement": {
          "value": 0.3
        },
        "minecraft:movement.basic": {
        },
        "minecraft:flying_speed": {
          "value": 0.3
        }
      },
      "movimento_zero":{
        "minecraft:knockback_resistance": {
          "value": 1
        },
        "minecraft:movement": {
          "value": 0
        },
        "minecraft:flying_speed": {
          "value": 0
        }
      },
      "no_alcance": {
        "minecraft:variant": {
          "value": 0
        }
      },
      "fora_do_alcance": {
        "minecraft:variant": {
          "value": 1
        }
      },
      "dboa": {
        "minecraft:mark_variant": {
          "value": 0
        },
        "minecraft:attack": {
          "damage": 20
        },
        "minecraft:behavior.melee_attack": {
          "priority": 1,
          "speed_multiplier": 1.3,
          "track_target": true
        },
        "minecraft:timer": {
          "time": [ 5, 7 ],
          "looping": true,
          "time_down_event": {
            "event": "random_event"
          }
        }
      },
      "kiten": {
        "minecraft:mark_variant": {
          "value": 1
        },
        "minecraft:shooter": {
          "def": "wesl3y:enel_attack<kiten>"
        },
        "minecraft:behavior.ranged_attack": {
          "burst_shots": 1,
          "burst_interval": 5,
          "charge_charged_trigger": 0,
          "charge_shoot_trigger": 0.5,
          "attack_radius": 16.0
        },
        "minecraft:timer": {
          "time": 1.5,
          "looping": true,
          "time_down_event": {
            "event": "dboa"
          }
        }
      },
      "lightning_dragon": {
        "minecraft:mark_variant": {
          "value": 1
        },
        "minecraft:shooter": {
          "def": "wesl3y:enel_attack<lightning_dragon>"
        },
        "minecraft:behavior.ranged_attack": {
          "burst_shots": 1,
          "burst_interval": 5,
          "charge_charged_trigger": 0,
          "charge_shoot_trigger": 0.5,
          "attack_radius": 16.0
        },
        "minecraft:timer": {
          "time": 1.5,
          "looping": true,
          "time_down_event": {
            "event": "dboa"
          }
        }
      },
      "el_thor": {
        "minecraft:mark_variant": {
          "value": 1
        },
        "minecraft:shooter": {
          "def": "wesl3y:enel_attack<el_thor>"
        },
        "minecraft:behavior.ranged_attack": {
          "burst_shots": 1,
          "burst_interval": 5,
          "charge_charged_trigger": 0,
          "charge_shoot_trigger": 0.5,
          "attack_radius": 16.0
        },
        "minecraft:timer": {
          "time": 1.5,
          "looping": true,
          "time_down_event": {
            "event": "dboa"
          }
        }
      }
    },

    "components": {
      "minecraft:experience_reward": {
        "on_death": "query.last_hit_by_player ? 10 : 5"
      },
      "minecraft:type_family": {
        "family": [ "enel", "boss", "goro_fruit", "mob" ]
      },
      "minecraft:breathable": {
        "total_supply": 15,
        "suffocate_time": 0
      },
      "minecraft:nameable": {
      },
      "minecraft:collision_box": {
        "width": 0.6,
        "height": 1.8
      },
      "minecraft:health": {
        "value": 900,
        "max": 900
      },
      "minecraft:scale": {
        "value": 1.2
      },
      "minecraft:navigation.walk": {
        "can_path_over_water": true
      },
      "minecraft:jump.static": {
      },
      "minecraft:can_climb": {
      },
      "minecraft:loot": {},
      "minecraft:damage_sensor": {
        "triggers": [
          {
            "on_damage": {
              "filters": {
                "any_of": [
                  { "test": "is_mark_variant","subject": "self","value": 1},
                  {"test":"has_damage","value":"fall"},
                  {"test":"has_damage","value":"fire"},
                  {"test":"has_damage","value":"fire_tick"}
                ]
              }
            },
            "deals_damage": false
          },
          {
            "on_damage": {
              "filters": {
                "any_of": [
                  {"test":"in_water","subject":"self","value":true},
                  {"test":"has_tag", "subject":"other", "operator": "==", "value": "kurouzu"},
                  {"test":"is_family", "subject":"other", "operator": "==", "value": "kairoseki"},
                  {"test":"is_family", "subject":"other", "operator": "==", "value": "haki_armament"},
                  {"test":"has_tag", "subject":"other", "operator": "==", "value": "haki_armament"},
                  {"test":"has_tag", "subject":"other", "operator": "==", "value": "magu_fruit"}
                ]
              }
            },
            "deals_damage": true,
            "damage_multiplier": 0.99
          },
          {
            "on_damage": {
              "filters": {
                "any_of": [
                  {"test":"is_family", "subject":"other", "operator": "!=", "value": "kairoseki"},
                  {"test":"is_family", "subject":"other", "operator": "!=", "value": "haki_armament"},
                  {"test":"has_tag", "subject":"other", "operator": "!=", "value": "haki_armament"}
                ]
              },
              "event": "wesl3y:logia"
            },
            "deals_damage": false
          }
        ]
      },
      "minecraft:hurt_on_condition": {
        "damage_conditions": [
          {
            "filters": { "test": "in_lava", "subject": "self", "operator": "==", "value": true },
            "cause": "lava",
            "damage_per_tick": 4
          }
        ]
      },
      "minecraft:follow_range": {
        "value": 32,
        "max": 32
      },
      "minecraft:behavior.nearest_attackable_target": {
        "priority": 0,
        "must_see": true,
        "reselect_targets": false,
        "entity_types": [
          {
            "filters": {
              "test": "is_family",
              "subject": "other",
              "value": "zombie"
            },
            "max_dist": 64
          }
        ]
      },
      "minecraft:behavior.float": {
        "priority": 0
      },
      "minecraft:behavior.hurt_by_target": {
        "priority": 1
      },
      "minecraft:target_nearby_sensor": {
        "inside_range": 4.0,
        "outside_range": 5.0,
        "on_inside_range": {
          "event": "no_alcance",
          "target": "self"
        },
        "on_outside_range": {
          "event": "fora_do_alcance",
          "target": "self"
        },
        "on_vision_lost_inside_range": {
          "event": "dboa",
          "target": "self"
        }
      },
      "minecraft:on_target_escape": {
        "event": "dboa",
        "target": "self"
      },
      "minecraft:pushable": {
        "is_pushable": true,
        "is_pushable_by_piston": true
      },
      "minecraft:conditional_bandwidth_optimization": {
      }
    },

    "events": {
      "minecraft:entity_spawned": {
        "add": {
          "component_groups": [
            "dboa",
            "gravity_on",
            "look_priority",
            "movimento_normal",
            "no_alcance"
          ]
        },
        "run_command": {
          "command": [
            "scoreboard players set @s level 260",
            "tag @s add haki_armament"
          ]
        }
      },
      "no_alcance": {
        "add": {
          "component_groups": [
            "no_alcance"
          ]
        },
        "remove": {
          "component_groups": [
            "fora_do_alcance"
          ]
        }
      },
      "fora_do_alcance": {
        "add": {
          "component_groups": [
            "fora_do_alcance"
          ]
        },
        "remove": {
          "component_groups": [
            "no_alcance"
          ]
        }
      },
      "dboa": {
        "add": {
          "component_groups": [
            "dboa",
            "gravity_on",
            "movimento_normal"
          ]
        },
        "remove": {
          "component_groups": [
            "gravity_off",
            "kiten",
            "el_thor",
            "lightning_dragon",
            "movimento_zero"
          ]
        }
      },
      "wesl3y:logia": {
        "run_command": {
          "command": [
            "function player/fruit/logia_damage"
          ]
        }
      },
      "random_event": {
        "sequence": [
          {
            "randomize": [
              {
                "weight": 35,
                "filters": {
                  "all_of": [
                    {"test": "has_tag", "operator": "!=", "value": "empty"},
                    {"test": "has_tag", "operator": "!=", "value": "kurouzu"},
                    {"test": "has_target", "subject": "self", "value": true},
                    {"test": "in_water", "subject": "self", "value": false},
                    {"test": "is_variant", "subject": "self", "value": 0}
                  ]
                },
                "run_command": {
                  "command": [
                    "tellraw @a[r=20] {\"rawtext\":[{\"text\":\"[Enel] §eKiten\"}]}",
                    "tp @s ~~~",
                    "playanimation @s animation.goro.kiten wesl3y"
                  ]
                },
                "add": {
                  "component_groups": [
                    "kiten"
                  ]
                },
                "remove": {
                  "component_groups": [
                    "dboa"
                  ]
                }
              },
              {
                "weight": 35,
                "filters": {
                  "all_of": [
                    {"test": "has_tag", "operator": "!=", "value": "empty"},
                    {"test": "has_tag", "operator": "!=", "value": "kurouzu"},
                    {"test": "has_target", "subject": "self", "value": true},
                    {"test": "in_water", "subject": "self", "value": false},
                    {"test": "is_variant", "subject": "self", "value": 0}
                  ]
                },
                "run_command": {
                  "command": [
                    "tellraw @a[r=20] {\"rawtext\":[{\"text\":\"[Enel] §eLightning Dragon\"}]}",
                    "tp @s ~~~",
                    "playanimation @s animation.goro.lightning_dragon wesl3y"
                  ]
                },
                "add": {
                  "component_groups": [
                    "lightning_dragon"
                  ]
                },
                "remove": {
                  "component_groups": [
                    "dboa"
                  ]
                }
              },
              {
                "weight": 25,
                "filters": {
                  "all_of": [
                    {"test": "has_tag", "operator": "!=", "value": "empty"},
                    {"test": "has_tag", "operator": "!=", "value": "kurouzu"},
                    {"test": "has_target", "subject": "self", "value": true},
                    {"test": "in_water", "subject": "self", "value": false},
                    {"test": "is_variant", "subject": "self", "value": 1}
                  ]
                },
                "run_command": {
                  "command": [
                    "tellraw @a[r=20] {\"rawtext\":[{\"text\":\"[Enel] §eEl Thor\"}]}",
                    "tp @s ~~~",
                    "playanimation @s animation.goro.el_thor wesl3y"
                  ]
                },
                "add": {
                  "component_groups": [
                    "gravity_off",
                    "el_thor",
                    "movimento_zero"
                  ]
                },
                "remove": {
                  "component_groups": [
                    "dboa",
                    "gravity_on",
                    "movimento_normal"
                  ]
                }
              }
            ]
          }
        ]
      }
    }
  }
}