{
  "format_version": "1.10.0",
  "minecraft:attachable": {
    "description": {
      "identifier": "mello:kunai",
      "materials": {
        "default": "enderman",
        "enchanted": "armor_enchanted"
      },
      "textures": {
        "default": "textures/armas/kunai",
        "enchanted": "textures/misc/enchanted_item_glint"
      },
      "geometry": {
        "default": "geometry.kunai"
      },
			"animations": {
				"1p": "animation.1p"
		},
  
			"scripts": {
			"animate": [
			{"1p": "c.is_first_person"}
			]
			},
      "render_controllers": [ "controller.render.armor" ]
    }
  }
}
