{
  "format_version": "1.16.0",
  "minecraft:entity": {
    "description": {
      "identifier": "wesl3y:clones_short",
      "is_spawnable": false,
      "is_summonable": true,
      "is_experimental": false,
      "scripts": {},
      "animations": {}
    },
    "component_groups": {
      "wesl3y:despawn": {
        "minecraft:transformation": {
          "into": "wesl3y:despawn",
          "delay": 0.0
        }
      },
      "wesl3y:clones": {
        "minecraft:collision_box": {
          "width": 0.6,
          "height": 1.8
        },
        "minecraft:is_tamed": {},
        "minecraft:type_family": {
          "family": [
            "clones",
            "damage",
            "attack"
          ]
        },
        "minecraft:attack": {
          "damage": [4, 7]
        },
        "minecraft:movement": {
          "value": 0.25
        },
        "minecraft:timer": {
          "time": [9, 13],
          "looping": true,
          "time_down_event": {
            "event": "wesl3y:despawn"
          }
        },
        "minecraft:damage_sensor": {
          "triggers": [
            {
              "on_damage": {
                "event": "wesl3y:despawn"
              },
              "deals_damage": false
            }
          ]
        },
        "minecraft:navigation.walk": {},
        "minecraft:movement.basic": {},
        "minecraft:jump.static": {},
        "minecraft:behavior.float": {
          "priority": 0
        },
        "minecraft:nameable": {},
        "minecraft:behavior.move_towards_restriction": {
          "priority": 5,
          "speed_multiplier": 1
        },
        "minecraft:behavior.melee_attack": {
          "priority": 5,
          "speed_multiplier": 1.25,
          "track_target": true
        },
        "minecraft:behavior.random_stroll": {
          "priority": 6,
          "speed_multiplier": 1
        },
        "minecraft:behavior.look_at_player": {
          "priority": 7,
          "look_distance": 6,
          "probability": 0.02
        },
        "minecraft:behavior.random_look_around": {
          "priority": 7
        },
        "minecraft:behavior.follow_owner": {
          "priority": 6,
          "speed_multiplier": 1.3,
          "start_distance": 10,
          "stop_distance": 5
        },
        "minecraft:behavior.owner_hurt_by_target": {
          "priority": 1
        },
        "minecraft:behavior.owner_hurt_target": {
          "priority": 2
        },
        "minecraft:physics": {},
        "minecraft:pushable": {
          "is_pushable": true,
          "is_pushable_by_piston": false
        }
      },
      "wesl3y:giant_clone": {
        "minecraft:collision_box": {
          "width": 0.5,
          "height": 1.5
        },
        "minecraft:is_tamed": {},
        "minecraft:type_family": {
          "family": [
            "giant_clone",
            "damage",
            "attack"
          ]
        },
        "minecraft:health": {
          "value": 30,
          "max": 30
        },
        "minecraft:attack": {
          "damage": [6, 9]
        },
        "minecraft:movement": {
          "value": 0.2
        },
        "minecraft:scale": {
          "value": 2.5
        },
        "minecraft:timer": {
          "time": [13, 15],
          "looping": true,
          "time_down_event": {
            "event": "wesl3y:despawn"
          }
        },
        "minecraft:damage_sensor": {
          "triggers": [
            {
              "on_damage": {
                "filters": {
                  "test": "has_damage",
                  "value": "fatal"
                },
                "event": "wesl3y:despawn"
              },
              "deals_damage": false
            }
          ]
        },
        "minecraft:navigation.walk": {},
        "minecraft:movement.basic": {},
        "minecraft:jump.static": {},
        "minecraft:behavior.float": {
          "priority": 0
        },
        "minecraft:nameable": {},
        "minecraft:behavior.move_towards_restriction": {
          "priority": 5,
          "speed_multiplier": 1
        },
        "minecraft:behavior.melee_attack": {
          "priority": 5,
          "speed_multiplier": 1.25,
          "track_target": true
        },
        "minecraft:behavior.random_stroll": {
          "priority": 6,
          "speed_multiplier": 1
        },
        "minecraft:behavior.look_at_player": {
          "priority": 7,
          "look_distance": 6,
          "probability": 0.02
        },
        "minecraft:behavior.random_look_around": {
          "priority": 7
        },
        "minecraft:behavior.follow_owner": {
          "priority": 6,
          "speed_multiplier": 1.3,
          "start_distance": 10,
          "stop_distance": 5
        },
        "minecraft:behavior.owner_hurt_by_target": {
          "priority": 1
        },
        "minecraft:behavior.owner_hurt_target": {
          "priority": 2
        },
        "minecraft:physics": {},
        "minecraft:pushable": {
          "is_pushable": true,
          "is_pushable_by_piston": false
        }
      }
    },
    "components": {
      "minecraft:scaffolding_climber": { }
    },
    "events": {
      "wesl3y:command": {},
      "wesl3y:despawn": {
        "add": {
          "component_groups": [
            "wesl3y:despawn"
          ]
        }
      },
      "wesl3y:clones": {
        "add": {
          "component_groups": [
            "wesl3y:clones"
          ]
        }
      },
      "wesl3y:giant_clone": {
        "add": {
          "component_groups": [
            "wesl3y:giant_clone"
          ]
        }
      }
    }
  }
}