{
  "format_version": "1.19.70",
  "minecraft:item": {
    "description": {
      "identifier": "wesl3y:scythe",
      "category": "equipment"
    },
    "components": {
      "tag:minecraft:is_sword": {},
      "minecraft:render_offsets": {
	    "main_hand": {
		  "first_person": { 
		    "scale": [0.0,0.0,0.0]
		  },
		  "third_person": { 
			"scale": [0.0,0.0,0.0]
		  }
		}
	  },
	  "minecraft:weapon": {},
      "minecraft:enchantable": {
        "value": 8,
        "slot": "sword"
      },
      "minecraft:creative_category": {
        "parent": "itemGroup.name.sword"
      },
      "minecraft:damage": 12,
      "minecraft:use_duration": 9999,
      "minecraft:max_stack_size": 1,
      "minecraft:hand_equipped": true,
      "minecraft:food": {
        "can_always_eat": true
      },
      "minecraft:icon": {
        "texture": "scythe"
      },
      "minecraft:display_name": {
        "value": "Scythe"
      }
    },
    "events": {}
  }
}