{
  "format_version": "1.16.100",
  "minecraft:item": {
    "description": {
      "identifier": "jedy:bolaf2",
      "category": "items"
    },
    "components": {
		"minecraft:render_offsets": {
			"main_hand": {
			  "first_person": { 
				"scale": [0.002,0.002,0.002]
 			  },
			  "third_person": { 
				"scale": [0.006,0.006,0.006]
			  }
			},
			"off_hand": {
			  "first_person": { 
	 			"scale": [0.002,0.002,0.002]
	 		  },
			  "third_person": { 
				"scale": [0.006,0.006,0.006]
			  }
			}
		  }, 
      "minecraft:icon": {
        "texture": "amaterasu2"
      },
	  "minecraft:allow_off_hand": true,
	  "minecraft:display_name": {
	      "value":"§l§c Entōn: Controle das Chamas \n§a✪Dano: §cModerado  \n§8✪Alcance: Moderado \n§b✪Destruição: Fogo\n✪Gasto: Nulo"
	  },
      "minecraft:cooldown": {
        "category": "skill",
        "duration": 0.2
      },
      "minecraft:max_stack_size": 1,
      "minecraft:use_duration": 36000,
      "minecraft:hand_equipped": true,
      "minecraft:damageable": {
        "max_damage": 131
      },
      "minecraft:repairable": {
        "repair_items": [
          {
            "items": [ "minecraft:planks" ],
            "repair_amount": "query.max_damage * 0.25"
          },
          {
            "items": [ "minecraft:wooden_sword" ],
            "repair_amount": "context.other->query.remaining_health + 0.05 * context.other->query.max_damage"
          }
        ]
      },
      "minecraft:mining_speed": 1.5,
      "minecraft:damage": 4,
      "minecraft:enchantable": {
        "value": 15,
        "slot": "sword"
      },
      "minecraft:can_destroy_in_creative": false,
      "minecraft:digger": {
        "use_efficiency": true,
        "destroy_speeds": [
          {
            "block": "minecraft:web",
            "speed": 15
          },
          {
            "block": "minecraft:bamboo",
            "speed": 10
          }
        ]
      },
      "minecraft:on_use": {
        "on_use": {
          "event": "gc",
          "target": "self"
        }
      }
    },
    "events": {
    	"gc": {
    		"sequence": [
	     		{
            "run_command": {
              "command": [
                  "effect @p blindness 1 2 true",
                  "effect @p slowness 1 2 true"
                  
                  ],
              "target": "self"
            }      
          },
          {
            "shoot": {
              "projectile": "jedy:bolaf2",
              "launch_power": 1.0,
              "angle_offset": 20
            }
          }
	    	]
    	}
	  }
  }
}