{
  "format_version": "1.16.100",
  "minecraft:item": {
    "description": {
      "identifier": "jedy:esfera"
    },
    "components": {
		"minecraft:render_offsets": {
			"main_hand": {
			  "first_person": { 
				"scale": [0.002,0.002,0.002]
			  },
			  "third_person": { 
				"scale": [0.006,0.006,0.006]
			  }
			},
			"off_hand": {
			  "first_person": { 
				"scale": [0.002,0.002,0.002]
			  },
			  "third_person": { 
				"scale": [0.006,0.006,0.006]
			  }
			}
		  }, 
		  "minecraft:armor": {
			"protection": 2
		  },
		
      "minecraft:display_name": {
		"value": "§l§c Tenseigan: Onda da Verdade \n§a✪Dano: §cAlto  \n§8✪Alcance: Moderado \n§b✪Destruição: Alto\n✪Gasto: Moderado"
      },
      "minecraft:icon": {
		"texture": "esfera"
	  },
      "minecraft:max_stack_size": 64,
      "minecraft:use_duration": 1,

	  "minecraft:cooldown": {
		"category": "use_time",
		"duration": 30
	  },
	  "minecraft:on_use": {
		"on_use": {
		  "event": "skill"
		}
	  }
    },
    "events": {
	  "skill": {
	    "shoot": {
		  "projectile": "jedy:esfera",
		  "launch_power": 5
		
		},
		"run_command": {
			"command": [	
		  "playanimation @s animation.esfera"
	    
	    ]
	}
  }
 }
}
}