{
  "format_version": "1.16.100",
  "minecraft:item": {
    "description": {
            "category": "nature",
      "identifier": "jedy:inv_madara2"
    },
    "components": {
    "minecraft:render_offsets": {
        "main_hand": {
            "first_person": { 
                "scale": [0.002,0.002,0.002]
            },
            "third_person": { 
                "scale": [0.01,0.01,0.01]
            }
        }
    },
      "minecraft:display_name": {
		"value": "§l§c Invocar Madara \n§a✪Dano: §cAlto  \n§8✪Dificuldade: Extremamente Difícil \n§b✪Raridade Recomendada: Lendário"
      },
      "minecraft:icon": {
		"texture": "inv_madara2"
	   },
      "minecraft:max_stack_size": 1,
      "minecraft:use_duration": 1,
	   "minecraft:cooldown": {
		"category": "use_time",
		"duration": 0
      },
	   "minecraft:on_use": {
		 "on_use": {
		   "event": "1606"
		}
	  }
    },
    "events": {
	  "1606": {
		"run_command": {
		  "command": [
          "function inv_madara2"
		    ]
	     }
	   }
	 }
}
  }
