{
  "format_version": "1.16.100",
  "minecraft:item": {
    "description": {
      "identifier": "jedy:jutsu_bansho"
    },
    "components": {
    "minecraft:render_offsets": {
        "main_hand": {
            "first_person": { 
                "scale": [0.002,0.002,0.002]
            },
            "third_person": { 
                "scale": [0.01,0.01,0.01]
            }
        }
    },
      "minecraft:display_name": {
		"value": "§l§c Bansho Tenin \n§a✪Dano: §cNulo  \n§8✪Alcance: Alto \n§b✪Destruição: Nula\n✪Gasto: Razoável"
      },
      "minecraft:icon": {
		"texture": "jutsu_bansho"
	  },
      "minecraft:max_stack_size": 64,
      "minecraft:use_duration": 2,

	  "minecraft:cooldown": {
		"category": "slc",
		"duration": 5
      },
	  "minecraft:on_use": {
		"on_use": {
		  "event": "zero"
		}
	  }
    },
    "events": {
	  "zero": {
		"run_command": {
		  "command": [
      "execute @s[scores={chakra=40..916069}] ~ ~ ~  playsound rinne @a[x=~,y=~,z=~,r=40]",
      "execute @s[scores={chakra=40..916069}] ~ ~ ~ tp @e[r=25] @s",
     "execute @p[scores={chakra=0..39}] ~ ~ ~ say §l§bVocê não tem ¿ para usar este jutsu. Necessário [40¿]",
      "execute @p[scores={chakra=40..500000}] ~ ~ ~ scoreboard players remove @p chakra 40"
		  ]
	    }
	  }
	}
  }
}