{
  "format_version": "1.16.100",
  "minecraft:item": {
    "description": {
      "identifier": "jedy:jutsu_sexy"
    },
    "components": {
    "minecraft:render_offsets": {
        "main_hand": {
            "first_person": { 
                "scale": [0.002,0.002,0.002]
            },
            "third_person": { 
                "scale": [0.01,0.01,0.01]
            }
        }
    },
      "minecraft:display_name": {
		"value": "§l§c Jutsu Sexy \n§a✪Dano: §cNulo  \n§8✪Alcance: Em Breve \n§b✪Destruição: Nula\n✪Gasto: Em Breve"
      },
      "minecraft:icon": {
		"texture": "jutsu_sexy"
	  },
      "minecraft:max_stack_size": 1,
      "minecraft:use_duration": 2,

	  "minecraft:cooldown": {
		"category": "slc",
		"duration": 5
      },
	  "minecraft:on_use": {
		"on_use": {
		  "event": "zero"
		}
	  }
    },
    "events": {
	  "zero": {
		"run_command": {
		  "command": [
      "execute @p[scores={chakra=50..500000}] ~ ~ ~ playsound sexy @a[x=~,y=~,z=~,r=30]",
      "execute @p[scores={chakra=50..500000}] ~ ~ ~ summon jedy:sexy ~~~",
      "execute @p[scores={chakra=50..500000}] ~ ~ ~ function sexy",
     "execute @p[scores={chakra=0..49}] ~ ~ ~ say §l§bVocê não tem ¿ para usar este jutsu. Necessário [50¿]", 
      "execute @p[scores={chakra=50..500000}] ~ ~ ~ scoreboard players remove @p chakra 50"
		  ]
	    }
	  }
	}
  }
}