{
  "format_version": "1.16.100",
  "minecraft:item": {
    "description": {
      "identifier": "jedy:jutsu_cura"
    },
    "components": {
    "minecraft:render_offsets": {
        "main_hand": {
            "first_person": { 
                "scale": [0.002,0.002,0.002]
            },
            "third_person": { 
                "scale": [0.01,0.01,0.01]
            }
        }
    },
      "minecraft:display_name": {
		"value": "§l§c Regeneração \n§a✪Dano: §cNulo  \n§8✪Alcance: Nulo \n§b✪Destruição: Nula\n✪Gasto: Razoável"
      },
      "minecraft:icon": {
		"texture": "jutsu_cura"
	  },
      "minecraft:max_stack_size": 1,
      "minecraft:use_duration": 2,

	  "minecraft:cooldown": {
		"category": "slc",
		"duration": 10
      },
	  "minecraft:on_use": {
		"on_use": {
		  "event": "zero"
		}
	  }
    },
    "events": {
	  "zero": {
		"run_command": {
		  "command": [
      "execute @p[scores={chakra=30..500000}] ~ ~ ~ playsound jutsu @a[x=~,y=~,z=~,r=30]",
      "execute @p[scores={chakra=30..500000}] ~ ~ ~ effect @s regeneration 1 24",
     "execute @p[scores={chakra=0..29}] ~ ~ ~ say §l§bVocê não tem ¿ para usar este jutsu. Necessário [30¿]",
      "execute @p[scores={chakra=30..500000}] ~ ~ ~ scoreboard players remove @p chakra 30"
		  ]
	    }
	  }
	}
  }
}