{                                                                      
  "format_version": "1.16.100",
    "minecraft:item": {
        "description": {
            "identifier": "jedy:kamui_shuriken" 
    },
    "components": {
    "minecraft:render_offsets": {
        "main_hand": {
            "first_person": { 
                "scale": [0.002,0.002,0.002]
            },
            "third_person": { 
                "scale": [0.01,0.01,0.01]
            }
        }
    },
          "minecraft:icon": {
            "texture": "kamui_shuriken"
          },
      "minecraft:display_name": {
		"value": "§l§c Kamui Shuriken \n§a✪Dano: §cAlto  \n§8✪Alcance: Alto \n§b✪Destruição: Nula\n✪Gasto: Moderado
      },
      "minecraft:allow_off_hand": true,
      "minecraft:use_duration": 5000,
      "minecraft:hand_equipped": true,
      "minecraft:durability": {
        "max_durability": 5000
      },
      "minecraft:mining_speed": 1,
      "minecraft:damage": 35,
      "minecraft:enchantable": {
        "value": 35,
        "slot": "sword"
      },
          "tag:1606": {},
          "minecraft:max_stack_size": 1,
          "minecraft:cooldown": {
           "category": "ender_pearl",
            "duration": 2
         },
          "minecraft:throwable": {
            "do_swing_animation": true
          },
          "minecraft:on_use": {
            "on_use": {
              "event": "jedy",
              "target": "self"
            }
          }
        },
        "events": {
          "jedy": {
            "shoot": {
              "projectile": "jedy:kamui_shuriken",
              "launch_power": 1,
              "angle_offset": 20
            },
		"run_command": {
		  "command": [
       "function jutsus/kamui_shuriken1"

		  ]
	    }
          }
        }
      }
    }