{
  "format_version": "1.16.100",
  "minecraft:item": {
    "description": {
      "identifier": "jedy:rasenganb",
      "category": "equipment"
    },
    "components": {
    "minecraft:render_offsets": {
        "main_hand": {
            "first_person": { 
                "scale": [0.0021,0.0021,0.0021]
            },
            "third_person": { 
                "scale": [0.011,0.011,0.011]
            }
        }
    },
      "minecraft:creative_category": {
        "parent": "itemGroup.name.sword"
      },
      "minecraft:icon": {
        "texture": "rasenganb"
      },
	  "minecraft:allow_off_hand": true,
	  "minecraft:display_name": {
	      "value": "§l§c Rasengan Baryon \n§a✪Dano: §c50  \n§8✪Alcance: Baixo \n§b✪Destruição: Nula\n✪Gasto: Nulo"
      },
      "minecraft:max_stack_size": 1,
      "minecraft:use_duration": 3,
      "minecraft:hand_equipped": true,
      "minecraft:durability": {
        "max_durability": 3
      },
      "minecraft:mining_speed": 1,
      "minecraft:damage": 50,
      "minecraft:enchantable": {
        "value": 50,
        "slot": "sword"
      },
      "minecraft:can_destroy_in_creative": false,
      "minecraft:digger": {
        "use_efficiency": false,
        "destroy_speeds": [
          {
            "block": "minecraft:web",
            "speed": 20
          },
          {
            "block": "minecraft:bamboo",
            "speed": 25
          }
        ]
      },
      "minecraft:weapon": {}
    }
  }
}