{
  "mob_effects_renderer": {
    "visible": false
  },
  "item_name_text@hud.item_name_text_root": {
    "offset": [ 0, 999 ]
  },
  "armor_renderer": {
    "visible": false
  },
  "armor_renderer2": {
    "type": "custom",
    "size": [ 1, 1 ],
    "renderer": "armor_renderer",
    "layer": 1,
    "bindings": [
      {
        "binding_name": "#is_armor_visible",
        "binding_name_override": "#visible"
      }
    ]
  },
  "anim_title_text_alpha_out": {
    "anim_type": "alpha",
    "easing": "in_expo",
    "duration": 3,
    "from": 1,
    "to": 0,
    "destroy_at_end": "hud_title_text"
  },
  "hud_actionbar_text": {
    "type": "image",
    "anchor_from": "top_right",
    "anchor_to": "top_right",
    "offset": [
      0,
      20
    ],
    "size": [ "140%c", "280%c" ],
    "texture": "textures/invisible",
    "alpha": "@hud.anim_actionbar_text_background_alpha_out",
    "font_type": "MinecraftTen",
    "controls": [
      {
        "actionbar_message": {
          "type": "label",
          "anchor_from": "center",
          "anchor_to": "center",
          "offset": [
            0,
            0
          ],
          "color": "$tool_tip_text",
          "layer": 1,
          "text": "$actionbar_text",
          "localize": false,
          "font_size": "default",
          "text_alignment": "right",
          "alpha": "@hud.anim_actionbar_text_alpha_out"
        }
      }
    ]
  },
  "centered_gui_elements_at_bottom_middle": {
    "type": "panel",
    "anchor_from": "bottom_middle",
    "anchor_to": "bottom_middle",
    "size": [ 180, 50 ],
    "controls": [
      {
        "heart_rend@heart_renderer": {
          "offset": [ -1, -40 ],
          "anchor_from": "bottom_left",
          "anchor_to": "bottom_left"
        }
      },
      {
        "horse_heart_rend_0@horse_heart_renderer": {
          "offset": [ 180, -56 ],
          "anchor_from": "bottom_left",
          "anchor_to": "bottom_left",
          "bindings": [
            {
              "binding_name": "#is_creative_mode",
              "binding_name_override": "#visible"
            }
          ]
        }
      },
      {
        "horse_heart_rend_1@horse_heart_renderer": {
          "offset": [ 180, -50 ],
          "anchor_from": "bottom_left",
          "anchor_to": "bottom_left",
          "bindings": [
            {
              "binding_name": "#show_survival_ui",
              "binding_name_override": "#visible"
            }
          ]
        }
      },
      {
        "hunger_rend@hunger_renderer": {
          "offset": [ 180, -40 ],
          "anchor_from": "bottom_left",
          "anchor_to": "bottom_left"
        }
      },
      {
        "bubbles_rend_0@bubbles_renderer": {
          "offset": [ 180, -50 ],
          "anchor_from": "bottom_left",
          "anchor_to": "bottom_left",
          "bindings": [
            {
              "binding_name": "#is_not_riding",
              "binding_name_override": "#visible"
            }
          ]
        }
      },
      {
        "bubbles_rend_1@bubbles_renderer": {
          "offset": [ 180, -70 ],
          "anchor_from": "bottom_left",
          "anchor_to": "bottom_left",
          "bindings": [
            {
              "binding_name": "#is_riding",
              "binding_name_override": "#visible"
            }
          ]
        }
      },
      {
        "horse_jump_rend@horse_jump_renderer": {
          "anchor_from": "bottom_middle",
          "anchor_to": "bottom_middle",
          "offset": [ 0, -30 ],
          "layer": 7,
          "bindings": [
            {
              "binding_name": "#is_riding",
              "binding_name_override": "#visible"
            }
          ]
        }
      },
      {
        "dash_rend@dash_renderer": {
          "anchor_from": "bottom_middle",
          "anchor_to": "bottom_middle",
          "offset": [ 0, -30 ],
          "layer": 7,
          "bindings": [
            {
              "binding_name": "#is_riding",
              "binding_name_override": "#visible"
            }
          ]
        }
      },
      { "exp_rend@exp_progress_bar_and_hotbar": {} }
    ],
    "bindings": [
      {
        "binding_name": "#hud_visible_centered",
        "binding_name_override": "#visible",
        "binding_type": "global"
      }
    ]
  },

  "not_centered_gui_elements": {
    "type": "panel",
    "controls": [
      {
        "heart_rend@heart_renderer": {
          "offset": [ 2, 2 ],
          "anchor_from": "top_left",
          "anchor_to": "top_left"
        }
      },
      {
        "horse_heart_rend@horse_heart_renderer": {
          "offset": [ -2, 2 ],
          "anchor_from": "top_right",
          "anchor_to": "top_right",
          "layer": 1
        }
      },
      {
        "hunger_rend@hunger_renderer": {
          "offset": [ -2, 2 ],
          "anchor_from": "top_right",
          "anchor_to": "top_right"
        }
      },
      {
        "hud_player_rend_pocket@hud_player_renderer": {
          "offset": [ 40, 40 ],
          "anchor_from": "top_left",
          "anchor_to": "top_left"
        }
      },
      {
        "bubbles_rend_0@bubbles_renderer": {
          "offset": [ -1, 12 ],
          "anchor_from": "top_right",
          "anchor_to": "top_right",
          "bindings": [
            {
              "binding_name": "#is_not_riding",
              "binding_name_override": "#visible"
            }
          ]
        }
      },
      {
        "bubbles_rend_1@bubbles_renderer": {
          "offset": [ -1, 32 ],
          "anchor_from": "top_right",
          "anchor_to": "top_right",
          "bindings": [
            {
              "binding_name": "#is_riding",
              "binding_name_override": "#visible"
            }
          ]
        }
      },
      {
        "horse_jump_rend@horse_jump_renderer": {
          "anchor_from": "bottom_middle",
          "anchor_to": "bottom_middle",
          "offset": [ 0, -28 ],
          "layer": 7,
          "bindings": [
            {
              "binding_name": "#is_riding",
              "binding_name_override": "#visible"
            }
          ]
        }
      }
    ],
    "bindings": [
      {
        "binding_name": "#hud_visible_not_centered",
        "binding_name_override": "#visible",
        "binding_type": "global"
      }
    ]
  },
  "root_panel": {
    "type": "panel",
    "$xp_control_offset|default": [
      0,
      -13
    ],
    "modifications": [
      {
        "array_name": "controls",
        "operation": "insert_back",
        "value": [
          {
            "armor_rend@armor_renderer2": {
              "offset": [ 10, 20 ],
              "anchor_from": "bottom_middle",
              "anchor_to": "bottom_middle"
            }
          },
          {
        "boss_health_panel": {
          "type": "stack_panel",
          //"orientation": "vertical",
          "offset": [60, 0],
          "size": [ "80%", "80%" ],
          "anchor_from": "top_right",
          "anchor_to": "top_right",
          "controls": [
            {
              "boss_hud_padding": {
                "type": "panel",
                "size": [
                  "100%",
                  20
                ],
                "visible": "#boss_hud_padding",
                "bindings": [
                  {
                    "binding_name": "#boss_hud_padding",
                    "binding_name_override": "#visible"
                  }
                ]
              }
            },
            {
              "boss_hud_panel": {
                "type": "panel",
                "controls": [
                  {
                    "boss_health_grid@boss_health_grid": {
                      "offset": [
                        0,
                        0
                      ]
                    }
                  }
                ]
              }
            }
          ]
        }
      }
      ]
      }
    ],
    "variables": [
      {
        "requires": "(not $desktop_screen)",
        "$xp_control_offset": [
          0,
          -11
        ]
      },
      {
        "requires": "$education_edition",
        "$left_helpers": "hud.left_helpers_edu"
      },
      {
        "requires": "(not $education_edition)",
        "$left_helpers": "hud.left_helpers"
      }
    ],
    "controls": [
      {
        "left_helpers@$left_helpers": {}
      },
      {
        "right_helpers@hud.right_helpers": {}
      },
      {
        "centered_gui_elements@centered_gui_elements": {}
      },
      {
        "centered_gui_elements_at_bottom_middle@centered_gui_elements_at_bottom_middle": {}
      },
      {
        "centered_ridingvr_gui_elements@centered_gui_elements_at_bottom_middle": {
          "anchor_from": "top_middle",
          "anchor_to": "top_middle",
          "offset": [
            0,
            60
          ],
          "size": [
            180,
            50
          ],
          "bindings": [
            {
              "binding_name": "#hud_visible_centered_ridingvr",
              "binding_name_override": "#visible",
              "binding_type": "global"
            }
          ]
        }
      },
      {
        "not_centered_gui_elements@not_centered_gui_elements": {}
      },
      {
        "gamertag_label_for_splitscreen": {
          "type": "label",
          "size": [
            "default",
            "default"
          ],
          "anchor_from": "top_right",
          "anchor_to": "top_right",
          "offset": [
            -4,
            4
          ],
          "color": "$hud_gamertag_color",
          "text_alignment": "right",
          "text": "#gamertag",
          "bindings": [
            {
              "binding_name": "#gamertag"
            }
          ]
        }
      },
      {
        "exp_rend@exp_progress_bar_and_hotbar": {
          "anchor_from": "bottom_middle",
          "anchor_to": "bottom_middle",
          "bindings": [
            {
              "binding_name": "#hotbar_visible_not_centered",
              "binding_name_override": "#visible",
              "binding_type": "global"
            }
          ]
        }
      },
      {
        "hud_tip_text_factory": {
          "type": "factory",
          "control_name": "@hud.hud_tip_text"
        }
      },
      {
        "hud_actionbar_text_area": {
          "type": "panel",
          "factory": {
            "name": "hud_actionbar_text_factory",
            "control_ids": {
              "hud_actionbar_text": "hud_actionbar_text@hud.hud_actionbar_text"
            }
          }
        }
      },
      {
        "hud_title_text_area": {
          "type": "panel",
          "factory": {
            "name": "hud_title_text_factory",
            "control_ids": {
              "hud_title_text": "hud_title_text@hud.hud_title_text"
            }
          }
        }
      },
      {
        "mob_effects_renderer@mob_effects_renderer": {
          "visible": false
        }
      },
      {
        "vignette_rend@vignette_renderer": {}
      },
      {
        "cursor_rend@cursor_renderer": {}
      },
      {
        "game_tip@game_tip.game_tip_panel": {
          "$offset": [
            0,
            "-90px"
          ],
          "variables": [
            {
              "requires": "$pocket_screen",
              "$offset": [
                0,
                "-60px"
              ]
            }
          ],
          "offset": "$offset"
        }
      },
      {
        "progress_rend@progress_indicator_renderer": {
          "offset": [
            "50%",
            "50%"
          ]
        }
      },
      {
        "chat_stack": {
          "type": "stack_panel",
          "orientation": "vertical",
          "size": [
            "40%",
            "100%"
          ],
          "anchor_from": "top_left",
          "anchor_to": "top_left",
          "controls": [
            {
              "paper_doll_padding": {
                "type": "panel",
                "size": [
                  "100%",
                  50
                ],
                "bindings": [
                  {
                    "binding_name": "#paper_doll_visible",
                    "binding_name_override": "#visible"
                  }
                ]
              }
            },
            {
              "paper_doll_padding_living_room": {
                "type": "panel",
                "size": [
                  "100%",
                  30
                ],
                "bindings": [
                  {
                    "binding_name": "#paper_doll_visible_living_room",
                    "binding_name_override": "#visible"
                  }
                ]
              }
            },
            {
              "vr_riding_chat_padding": {
                "type": "panel",
                "size": [
                  "100%",
                  132
                ],
                "visible": "#vr_riding",
                "bindings": [
                  {
                    "binding_name": "#vr_riding",
                    "binding_name_override": "#visible"
                  }
                ]
              }
            },
            {
              "vr_chat_padding": {
                "type": "panel",
                "size": [
                  "100%",
                  30
                ],
                "visible": "#vr_non_riding",
                "bindings": [
                  {
                    "binding_name": "#vr_non_riding",
                    "binding_name_override": "#visible"
                  }
                ]
              }
            },
            {
              "non_centered_gui_padding": {
                "type": "panel",
                "size": [
                  "100%",
                  32
                ],
                "bindings": [
                  {
                    "binding_name": "#hud_visible_not_centered",
                    "binding_name_override": "#visible",
                    "binding_type": "global"
                  }
                ]
              }
            },
            {
              "player_position@hud.player_position": {}
            },
            {
              "chat_panel@hud.chat_panel": {}
            }
          ]
        }
      },
      {
        "save_icon@hud.auto_save": {}
      }
    ],
    "bindings": [
      {
        "binding_name": "#hud_visible",
        "binding_name_override": "#visible",
        "binding_type": "global"
      },
      {
        "binding_name": "#hud_alpha",
        "binding_name_override": "#alpha",
        "binding_type": "global"
      },
      {
        "binding_name": "#hud_propagate_alpha",
        "binding_name_override": "#propagateAlpha",
        "binding_type": "global"
      }
    ]
  }
}