{
  "format_version": "1.16.0",
  "minecraft:entity": {
    "description": {
      "identifier": "wesl3y:cremation_short",
      "is_spawnable": false,
      "is_summonable": true,
      "is_experimental": false
    },
	"component_groups": {
	  "wesl3y:despawn": {
        "minecraft:instant_despawn": {}
	  },
	  "wesl3y:jet_burnCrem": {
        "minecraft:type_family": {
          "family": [ "jet_burnCrem", "cremation", "knockback", "attack" ]
        },
        "minecraft:scale": {
          "value": 1.0
        },
        "minecraft:transformation": {
          "into": "wesl3y:despawn",
          "delay": 0.3
        },
        "minecraft:behavior.knockback_roar": {
          "priority": 1,
          "duration": 0.2,
          "attack_time": 0.1,
          "knockback_damage": 0,
          "knockback_horizontal_strength": 5,
          "knockback_vertical_strength": 1,
          "knockback_range": 3,
          "knockback_filters": {
            "test": "has_tag",
            "subject": "other",
            "operator": "==",
            "value": "jet_burnCrem"
          },
          "damage_filters": {
            "test": "has_tag",
            "subject": "other",
            "operator": "==",
            "value": "sla"
          },
          "on_roar_end": {
            "event": "wesl3y:despawn"
          },
          "cooldown_time": 0.1
        }
	  },
	  "wesl3y:jet_burnCrem2": {
        "minecraft:type_family": {
          "family": [ "jet_burnCrem2", "cremation", "attack" ]
        },
        "minecraft:transformation": {
          "into": "wesl3y:despawn",
          "delay": 1.25
        }
	  },
	  "wesl3y:prominence_burnCrem": {
        "minecraft:type_family": {
          "family": [ "prominence_burnCrem", "cremation", "attack" ]
        },
        "minecraft:transformation": {
          "into": "wesl3y:despawn",
          "delay": 1.25
        }
	  }
	},
    "components": {
      "minecraft:collision_box": {
        "width": 0.0,
        "height": 0.0
      },
      "minecraft:transformation": {
        "into": "wesl3y:despawn",
        "delay": 5.0
      },
      "minecraft:despawn": {
        "filters": {
          "any_of": [
            { "test": "distance_to_nearest_player", "operator": ">", "value": 32}
          ]
        }
      },
      "minecraft:damage_sensor": {
        "triggers":[
          {
            "cause": "all",
            "deals_damage": false
          }
        ]
      },
      "minecraft:timer": {
        "time": 0.1,
        "looping": true,
        "time_down_event": {
          "event": "wesl3y:command"
        }
      },
      "minecraft:physics": {},
      "minecraft:pushable": {
        "is_pushable": false,
        "is_pushable_by_piston": true
      },
      "minecraft:conditional_bandwidth_optimization": {
        "default_values": {
          "max_optimized_distance": 80,
          "max_dropped_ticks": 10,
          "use_motion_prediction_hints": true
        }
      }
    },
	
	"events": {
      "wesl3y:command": {
        "sequence": [
          {
            "filters": {
              "test": "is_family",
              "value": "jet_burnCrem2"
            },
            "run_command": {
              "command": [
                "function damage/cremation/jet_burnCrem"
              ]
            }
          },
          {
            "filters": {
              "test": "is_family",
              "value": "prominence_burnCrem"
            },
            "run_command": {
              "command": [
                "function damage/cremation/prominence_burnCrem"
              ]
            }
          }
        ]
      },
	  "wesl3y:jet_burnCrem": {
	    "add": {
	      "component_groups": [
	        "wesl3y:jet_burnCrem"
	      ]
	    }
	  },
	  "wesl3y:jet_burnCrem2": {
	    "add": {
	      "component_groups": [
	        "wesl3y:jet_burnCrem2"
	      ]
	    }
	  },
	  "wesl3y:prominence_burnCrem": {
	    "add": {
	      "component_groups": [
	        "wesl3y:prominence_burnCrem"
	      ]
	    }
	  },
	  "wesl3y:despawn": {
	    "add": {
	      "component_groups": [
	        "wesl3y:despawn"
	      ]
	    }
	  }
	}
  }
}