{
  "format_version": "1.13.0",
  "minecraft:entity": {
    "description": {
      "identifier": "minecraft:player",
      "properties": {

        "property:anim": {
          "client_sync": true,
          "range": [
            0,
            1
          ],
          "type": "int",
          "default": 0
        },
          "property:entei": {
          "client_sync": true,
          "range": [
            0,
            1
          ],
          "type": "int",
          "default": 0

        
      },
      "property:player": {
          "client_sync": true,
          "range": [
            0,
            1
          ],
          "type": "int",
          "default": 0

        }
      },
      "is_spawnable": false,
      "is_summonable": false,
      "is_experimental": false,
      "scripts": {
        "animate": [
          "loop",
          "mera1",
          "mera",
          "cool1",
          "charge",
          "yami",
          "yami1",
          "water",
          "zushi",
          "zushi1",
          "yoru",
          "yoru1",
          "wado",
          "wado1",
          "gryphon",
          "gryphon1",
          "magu",
          "magu1",
          "nikyu",
          "nikyu1",
          "moku",
          "moku1",
          "uchu",
          "uchu1",
          "health",
          "heal",
          "fruits",
          "fruits1"

        ]
      },
      "animations": {
        "loop": "controller.animation.loop",
        
        
        "mera": "controller.animation.mera",
        "mera1": "controller.animation.mera1",
        "cool1": "controller.animation.cool1",
        "charge": "controller.animation.charge",
        "yami": "controller.animation.yami",
        "yami1": "controller.animation.yami1",
        "water": "controller.animation.water",
        "dultimate": "animation.dultimate",
        "zushi": "controller.animation.zushi",
        "zushi1": "controller.animation.zushi1",
        "meteorrain": "animation.meteorrain",
        "yoru": "controller.animation.yoru",
        "nslash": "animation.nslash",
        "slashb": "animation.slashb",
        "yoru1": "controller.animation.yoru1",
        "wado": "controller.animation.wado",
        "wado1": "controller.animation.wado1",
        "gryphon": "controller.animation.gryphon",
        "gryphon1": "controller.animation.gryphon1",
        "magu":"controller.animation.magu",
        "magu1":"controller.animation.magu1",
        "nikyu":"controller.animation.nikyu",
        "nikyu1":"controller.animation.nikyu1",
        "moku":"controller.animation.moku",
        "moku1":"controller.animation.moku1",
        "maguult": "animation.maguult",
         "uchu":"controller.animation.uchu",
        "uchu1":"controller.animation.uchu1",
        "health":"controller.animation.heal",
        "heal":"controller.animation.heal",
        "fruits":"controller.animation.fruits",
        "fruits1":"controller.animation.fruits1",
        "aceult": "animation.aceult"



      }
    },
    "component_groups": {
         "hiken":{
       "minecraft:spawn_entity":{
        "entities":[
          {
             "min_wait_time":0,
             "max_wait_time":0,
             "spawn_entity":"stk:hiken",
             "num_to_spawn":1,
             "single_use":true
            }
          ]
        }
      },
       "entei":{
       "minecraft:spawn_entity":{
        "entities":[
          {
             "min_wait_time":0,
             "max_wait_time":0,
             "spawn_entity":"stk:entei",
             "num_to_spawn":1,
             "single_use":true
            }
          ]
        }
      },
      "magma":{
       "minecraft:spawn_entity":{
        "entities":[
          {
             "min_wait_time":0,
             "max_wait_time":0,
             "spawn_entity":"stk:magma",
             "num_to_spawn":1,
             "single_use":true
            }
          ]
        }
      },
       "paw":{
       "minecraft:spawn_entity":{
        "entities":[
          {
             "min_wait_time":0,
             "max_wait_time":0,
             "spawn_entity":"stk:paw",
             "num_to_spawn":1,
             "single_use":true
            }
          ]
        }
      },
      "redpaw":{
       "minecraft:spawn_entity":{
        "entities":[
          {
             "min_wait_time":0,
             "max_wait_time":0,
             "spawn_entity":"stk:redpaw",
             "num_to_spawn":1,
             "single_use":true
            }
          ]
        }
      },
       "wout":{
       "minecraft:spawn_entity":{
        "entities":[
          {
             "min_wait_time":0,
             "max_wait_time":0,
             "spawn_entity":"stk:wout",
             "num_to_spawn":1,
             "single_use":true
            }
          ]
        }
      },
       "star":{
       "minecraft:spawn_entity":{
        "entities":[
          {
             "min_wait_time":0,
             "max_wait_time":0,
             "spawn_entity":"stk:star",
             "num_to_spawn":1,
             "single_use":true
            }
          ]
        }
      },
      "intangible": {
  "minecraft:damage_sensor": {
    "triggers": [
      {
        "on_damage": {
          "event": "ult"
        },
        "deals_damage": false
      }
    ]
  }
},


      "minecraft:normal_player": {
        "minecraft:variant": {
          "value": 0
        },
        "minecraft:scale": {
          "value": 1
        },
        "minecraft:health": {
          "value": 20,
          "max": 20
        },
        "minecraft:attack": {
          "damage": 1
        },
          "minecraft:type_family": {
          "family": [
            "player"
            
            ]
        },
        "minecraft:spell_effects": {
          "remove_effects": [
           
          ]
        }
      },

      "minecraft:wt": {
        "minecraft:mark_variant": {
          "value": 0
        },
        "minecraft:scale": {
          "value": 1
        },
        "minecraft:health": {
          "value": 20,
          "max": 20
        },
        "minecraft:attack": {
          "damage": 1
        },
        "minecraft:type_family": {
          "family": [
            "player"
          ]
        },
        "minecraft:spell_effects": {
          "add_effects": [
            {}
          ]
        }
      },
      
      
      "stun": {
        "minecraft:movement": {
          "value": 0.0
        }
      },
      "no_stun": {
        "minecraft:movement": {
          "value": 0.1
        }
      }
    },
    "components": {
      "minecraft:type_family": {
        "family": [
          "player"
        ]
      },
      "minecraft:loot": {
        "table": "loot_tables/empty.json"
      },
      "minecraft:collision_box": {
        "width": 0.6,
        "height": 1.8
      },
      "minecraft:can_climb": {},
      "minecraft:movement": {
        "value": 0.1
      },
      "minecraft:environment_sensor": {
        "triggers": [
          {
            "filters": {
              "all_of": [
                {
                  "test": "has_mob_effect",
                  "subject": "self",
                  "value": "bad_omen"
                },
                {
                  "test": "is_in_village",
                  "subject": "self",
                  "value": true
                }
              ]
            },
            "event": "minecraft:trigger_raid"
          },
          {
    "filters": {
              "all_of": [
                {
                  "test": "has_tag",
                  "subject": "self",
                  "value": "white"
                },
                {
                  "test": "is_variant",
                  "operator": "!=",
                  "value": 0
                }
              ]
            },
            "event": "minecraft:wt"
          },
          {

               "filters": {
              "all_of": [
                {
                  "test": "has_tag",
                  "subject": "self",
                  "operator": "==",
                  "value": "anim"
                }
              ]
            },
            "event": "anim"

          } ,
          {
          "filters": {
              "all_of": [
                {
                  "test": "has_tag",
                  "subject": "self",
                  "operator": "!=",
                  "value": "anim"
                }
              ]
            },
            "event": "anim.no"

          }
 
          
          
          
          
          
        ]
      },
      "minecraft:player.saturation": {
        "value": 20
      },
      "minecraft:player.exhaustion": {
        "value": 0,
        "max": 4
      },
      "minecraft:player.level": {
        "value": 0,
        "max": 24791
      },
      "minecraft:player.experience": {
        "value": 0,
        "max": 1
      },
      "minecraft:breathable": {
        "totalSupply": 15,
        "suffocateTime": -1,
        "inhaleTime": 3.75,
        "generatesBubbles": false
      },
      "minecraft:nameable": {
        "alwaysShow": true,
        "allowNameTagRenaming": false
      },
      "minecraft:physics": {},
      "minecraft:insomnia": {
        "days_until_insomnia": 3
      },
      "minecraft:scaffolding_climber": {}
    },
    "events": {
      "pamobile:refresh_player": {
        "add": {
          "component_groups": [
            "pamobile:respawn"
          ]
        },
        "remove": {
          "component_groups": [
            "pa:chapeu_event_hold",
            "pa:chapeu_event_play",
            "minecraft:wt"
          ]
        }
      },
      "minecraft:entity_spawned": {
        "add": {
          "component_groups": [
            "pamobile:respawn"
          ]
        },
        "remove": {}
      },
      "ammo:1": {
        "remove": {
          "component_groups": [
            "ammo:1"
          ]
        },
        "add": {
          "component_groups": [
            "ammo:1"
          ]
        }
      },
      "ammo:2": {
        "remove": {
          "component_groups": [
            "ammo:2"
          ]
        },
        "add": {
          "component_groups": [
            "ammo:2"
          ]
        }
      },

      
      
      
      
      
      
      "anim": {
        "set_property": {
          "property:anim": 1
        }
      },
      "anim.no": {
        "set_property": {
          "property:anim": 0
        }
      },
      "enteianim": {
        "set_property": {
          "property:entei": 1
        }
      },
      "enteianim.no": {
        "set_property": {
          "property:entei": 0
        }
      },
      "player": {
        "set_property": {
          "property:player": 1
        }
      },

          "hiken": {
        "add": {
          "component_groups": [
            "hiken"
            ]
        }
      },
      "intangible": {
        "add": {
          "component_groups": [
            "intangible"
            ]
        }
      },
      "intangible.no": {
        "remove": {
          "component_groups": [
            "intangible"
            ]
        }
      },

       "entei": {
        "add": {
          "component_groups": [
            "entei"
            ]
        }
      },
      "magma": {
        "add": {
          "component_groups": [
            "magma"
            ]
        }
      },
      "paw": {
        "add": {
          "component_groups": [
            "paw"
            ]
        }
      },
       "redpaw": {
        "add": {
          "component_groups": [
            "redpaw"
            ]
        }
      },
       "wout": {
        "add": {
          "component_groups": [
            "wout"
            ]
        }
      },
      "star": {
        "add": {
          "component_groups": [
            "star"
            ]
        }
      },
            "minecraft:wt": {
        "add": {
          "component_groups": [
            "minecraft:wt"
          ]
        }
      }

          
        }
      }
}







































