{
  "format_version": "1.19.50",
  "animations": {
      "animation.vsword": {
      "loop": false,
      "animation_length": 2.4,
      "timeline": {
        "0.0": [
         
         
         "/event entity @s anim.no",
          "/inputpermission set @s movement disabled",
         
          "/tag @s add vsword",
         
         "/tag @s add in_cut",
          "/playanimation @s animation.vegetto.ki_blade"
          
         
         
        
         
        
    
          
        ],
        
        "1.29": [
             
    

"/execute as @s[scores={level=0..49}] at @s run damage @e[r=5,type=!item,tag=!vsword] 10 entity_attack entity @s",
"/execute as @s[scores={level=50..99}] at @s run damage @e[r=5,type=!item,tag=!vsword] 20 entity_attack entity @s",
"/execute as @s[scores={level=100..149}] at @s run damage @e[r=5,type=!item,tag=!vsword] 25 entity_attack entity @s",
"/execute as @s[scores={level=150..}] at @s run damage @e[r=5,type=!item,tag=!vsword] 30 entity_attack entity @s"
         
         
         
        
         
         
         
         ],
        
            "2.25": [
                 "/event entity @s enable_anims",
                 "/tag @s remove vsword",
                  "/inputpermission set @s movement enabled",
                  "@s skill.no",
            "/tag @s remove in_cut",
                  "/event entity @s stun.yes"
        
                
          

         
         
         
        
         
         
         
         ]
      }
    }
  }
}