{
	"format_version": "1.10.0",
	"particle_effect": {
		"description": {
			"identifier": "ds:thunder_dust",
			"basic_render_parameters": {
				"material": "particles_blend",
				"texture": "textures/particle/particles"
			}
		},
		"curves": {
			"v.sand_move": {
				"type": "bezier",
				"input": "v.particle_lifetime",
				"horizontal_range": 1,
				"nodes": [0, 1, 1, 0]
			}
		},
		"components": {
			"minecraft:emitter_initialization": {
				"creation_expression": "variable.xplace = math.random(2,-2);variable.zplace = math.random(2,-2);"
			},
			"minecraft:emitter_rate_steady": {
				"spawn_rate": 4000,
				"max_particles": 100000
			},
			"minecraft:emitter_lifetime_once": {
				"active_time": 0.125
			},
			"minecraft:emitter_shape_disc": {
				"radius": 1.5,
				"surface_only": true,
				"direction": ["math.random(1,-1)", 10, "math.random(1,-1)"]
			},
			"minecraft:particle_lifetime_expression": {
				"max_lifetime": 2
			},
			"minecraft:particle_initial_speed": "variable.particle_random_2 * 20",
			"minecraft:particle_motion_dynamic": {
				"linear_drag_coefficient": "math.random(12,6)"
			},
			"minecraft:particle_appearance_billboard": {
				"size": ["0.2 - (variable.particle_age * 0.1)", "0.2 - (variable.particle_age * 0.1)"],
				"facing_camera_mode": "rotate_xyz",
				"uv": {
					"texture_width": 128,
					"texture_height": 128,
					"flipbook": {
						"base_UV": [56, 0],
						"size_UV": [8, 8],
						"step_UV": [-8, 0],
						"frames_per_second": 8,
						"max_frame": 9
					}
				}
			},
			"minecraft:particle_appearance_tinting": {
				"color": {
					"interpolant": "variable.particle_random_2",
					"gradient": {
						"0.0": "#FF1B222A",
						"0.39": "#FF2B343E",
						"1.0": "#FF394458"
					}
				}
			}
		}
	}
}