{
  "format_version": "1.16.0",
  "minecraft:entity": {
    "description": {
      "identifier": "minecraft:player",
      "is_spawnable": false,
      "is_summonable": true,
      "is_experimental": false,
      "scripts": {
        "animate": [
          "particle",
          "tick.2_0",

          "attack",
          "change",
          "fly",
          "jump",
          "kill",
          "mainhand",
          "mode_disable",
          "night",
          "offhand",
          "quirk",
          "quirk_hand",
          "speed",
          "stamina"
        ]
      },
      "animations": {
        "add_stamina": "animation.add_stamina",
        "remove_stamina": "animation.remove_stamina",
        "particle": "animation.particle",
        "tick.2_0": "animation.tick.2_0",
        "ap_shot_cannon": "animation.ap_shot_cannon",

        "attack": "controller.animation.attack",
        "change": "controller.animation.change",
        "fly": "controller.animation.fly",
        "jump": "controller.animation.jump",
        "kill": "controller.animation.kill",
        "mainhand": "controller.animation.mainhand",
        "mode_disable": "controller.animation.mode_disable",
        "night": "controller.animation.night",
        "offhand": "controller.animation.offhand",
        "quirk": "controller.animation.quirk",
        "quirk_hand": "controller.animation.quirk_hand",
        "speed": "controller.animation.speed",
        "stamina": "controller.animation.stamina",
        
        "timer.0_25": "animation.timer.0_25",
        "timer.0_3": "animation.timer.0_3",
        "timer.0_5": "animation.timer.0_5",
        "timer.0_75": "animation.timer.0_75",
        "timer.1_0": "animation.timer.1_0",
        
        "black_whip_grab.loop": "animation.black_whip.grab.loop",
        
        "flashfire_fistCrem": "animation.cremation.flashfire_fist",
        "jet_burnCrem": "animation.cremation.jet_burn",
        
        "twilight_claws": "animation.dark_shadow.twilight_claws",
        
        "decay_all": "animation.decay.decay_all",
        
        "1m_volt": "animation.electrification.1m_volt",
        "2m_volt": "animation.electrification.2m_volt",
        
        "ap_machine_gun.loop": "animation.explosion.ap_machine_gun.loop",
        "ap_machine_gun": "animation.explosion.ap_machine_gun",
        "howitzer_impact": "animation.explosion.howitzer_impact",
        
        "feather_sword": "animation.fierce_wings.feather_sword",
        "gust_feathers": "animation.fierce_wings.gust_feathers",
        
        "flashfire_fistHALF": "animation.halfcold_halfhot.flashfire_fist",
        "jet_burnHALF": "animation.halfcold_halfhot.jet_burn",
        "ice_worldHALF": "animation.halfcold_halfhot.ice_world",
        
        "flashfire_fist": "animation.hell_flame.flashfire_fist",
        "ignited_arrow.loop": "animation.hell_flame.ignited_arrow.loop",
        "jet_burn.loop": "animation.hell_flame.jet_burn.loop",
        
        "ice_walk": "animation.ice.ice_walk",
        "ice_arms": "animation.ice.ice_arms",
        "ice_world": "animation.ice.ice_world",
        
        "detroit_smash.loop": "animation.one_for_all.detroit_smash.loop",
        "100_detroit_smash.loop": "animation.one_for_all.100_detroit_smash.loop",
        "manchester_smash.loop": "animation.one_for_all.manchester_smash.loop",
        
        "rabbit.moonarc": "animation.rabbit.moonarc",
        "rabbit.moonring": "animation.rabbit.moonring",
        
        "size_block.loop": "animation.size.block.loop"
      },
      "properties": {
	    "wesl3y:float": {
		  "client_sync": true,
          "type": "int",
          "range":[ 0, 1 ],
          "default":0
		},
	    "wesl3y:skill": {
		  "client_sync": true,
          "type": "int",
          "range":[ 0, 8 ],
          "default":0
		},
	    "wesl3y:copy": {
		  "client_sync": true,
          "type": "int",
          "range":[ 0, 1 ],
          "default":0
		}
      }
    },
    "component_groups": {
      "wesl3y": {
        "minecraft:type_family": {
          "family": [
            "player"
          ]
        },
        "minecraft:movement": {
          "value": 0.1
        }
      },
      "wesl3y:danger_sensor": {
        "minecraft:is_stackable": {}
      },
      "wesl3y:base": {
        "minecraft:variant": {
          "value": 0
        },
        "minecraft:scale": {
          "value": 1
        },
        "minecraft:damage_sensor": {
          "triggers": [
            {
              "on_damage": {
                "filters": {
                  "all_of":[
                    {"test":"has_tag","value":"danger_sensor"},
                    {
                      "any_of":[
                        {"test":"is_family","subject":"other","operator":"==","value":"mob"},
                        {"test":"is_family","subject":"other","operator":"==","value":"player"}
                      ]
                    }
                  ]
                },
                "event":"wesl3y:dodge"
              },
              "deals_damage": false
            },
            {
              "on_damage": {
                "filters": {
                  "all_of": [
                    { "test": "has_tag", "subject": "self", "value": "quirk_explosion" },
                    { "test": "is_family", "subject": "other", "value": "explosion" }
                  ]
                }
              },
              "deals_damage": false
            },
            {
              "on_damage": {
                "filters": {
                  "all_of": [
                    { "test": "has_tag", "subject": "self", "value": "quirk_one_for_all" },
                    { "test": "is_family", "subject": "other", "value": "one_for_all" }
                  ]
                }
              },
              "deals_damage": false
            }
          ]
        }
      },
      "wesl3y:dark_shadow": {
        "minecraft:variant": {
          "value": 1
        },
        "minecraft:damage_sensor": {
          "triggers": [
            {
              "on_damage": {
                "filters": {
                  "all_of":[
                    {"test":"has_tag","value":"danger_sensor"},
                    {
                      "any_of":[
                        {"test":"is_family","subject":"other","operator":"==","value":"mob"},
                        {"test":"is_family","subject":"other","operator":"==","value":"player"}
                      ]
                    }
                  ]
                },
                "event":"wesl3y:dodge"
              },
              "deals_damage": false
            },
            {
              "on_damage": {
                "filters": {
                  "all_of": [
                    { "test": "has_tag", "subject": "self", "value": "quirk_explosion" },
                    { "test": "is_family", "subject": "other", "value": "explosion" }
                  ]
                }
              },
              "deals_damage": false
            },
            {
              "on_damage": {
                "filters": {
                  "all_of": [
                    { "test": "has_tag", "subject": "self", "value": "quirk_one_for_all" },
                    { "test": "is_family", "subject": "other", "value": "one_for_all" }
                  ]
                }
              },
              "deals_damage": false
            },
            {
              "on_damage": {},
              "damage_multiplier": 0.95
            }
          ]
        }
      },
      "wesl3y:black_ankh": {
        "minecraft:variant": {
          "value": 2
        },
        "minecraft:damage_sensor": {
          "triggers": [
            {
              "on_damage": {
                "filters": {
                  "all_of":[
                    {"test":"has_tag","value":"danger_sensor"},
                    {
                      "any_of":[
                        {"test":"is_family","subject":"other","operator":"==","value":"mob"},
                        {"test":"is_family","subject":"other","operator":"==","value":"player"}
                      ]
                    }
                  ]
                },
                "event":"wesl3y:dodge"
              },
              "deals_damage": false
            },
            {
              "on_damage": {
                "filters": {
                  "all_of": [
                    { "test": "has_tag", "subject": "self", "value": "quirk_explosion" },
                    { "test": "is_family", "subject": "other", "value": "explosion" }
                  ]
                }
              },
              "deals_damage": false
            },
            {
              "on_damage": {
                "filters": {
                  "all_of": [
                    { "test": "has_tag", "subject": "self", "value": "quirk_one_for_all" },
                    { "test": "is_family", "subject": "other", "value": "one_for_all" }
                  ]
                }
              },
              "deals_damage": false
            },
            {
              "on_damage": {},
              "damage_multiplier": 0.9
            }
          ]
        }
      },
      "wesl3y:ragnarok_shadow": {
        "minecraft:variant": {
          "value": 3
        },
        "minecraft:damage_sensor": {
          "triggers": [
            {
              "on_damage": {
                "filters": {
                  "all_of":[
                    {"test":"has_tag","value":"danger_sensor"},
                    {
                      "any_of":[
                        {"test":"is_family","subject":"other","operator":"==","value":"mob"},
                        {"test":"is_family","subject":"other","operator":"==","value":"player"}
                      ]
                    }
                  ]
                },
                "event":"wesl3y:dodge"
              },
              "deals_damage": false
            },
            {
              "on_damage": {
                "filters": {
                  "all_of": [
                    { "test": "has_tag", "subject": "self", "value": "quirk_explosion" },
                    { "test": "is_family", "subject": "other", "value": "explosion" }
                  ]
                }
              },
              "deals_damage": false
            },
            {
              "on_damage": {
                "filters": {
                  "all_of": [
                    { "test": "has_tag", "subject": "self", "value": "quirk_one_for_all" },
                    { "test": "is_family", "subject": "other", "value": "one_for_all" }
                  ]
                }
              },
              "deals_damage": false
            },
            {
              "on_damage": {},
              "damage_multiplier": 0.85
            }
          ]
        }
      },
      "wesl3y:giant": {
        "minecraft:variant": {
          "value": 99
        },
        "minecraft:scale": {
          "value": 2.5
        },
        "minecraft:damage_sensor": {
          "triggers": [
            {
              "on_damage": {
                "filters": {
                  "all_of":[
                    {"test":"has_tag","value":"danger_sensor"},
                    {
                      "any_of":[
                        {"test":"is_family","subject":"other","operator":"==","value":"mob"},
                        {"test":"is_family","subject":"other","operator":"==","value":"player"}
                      ]
                    }
                  ]
                },
                "event":"wesl3y:dodge"
              },
              "deals_damage": false
            },
            {
              "on_damage": {
                "filters": {
                  "all_of": [
                    { "test": "has_tag", "subject": "self", "value": "quirk_explosion" },
                    { "test": "is_family", "subject": "other", "value": "explosion" }
                  ]
                }
              },
              "deals_damage": false
            },
            {
              "on_damage": {
                "filters": {
                  "all_of": [
                    { "test": "has_tag", "subject": "self", "value": "quirk_one_for_all" },
                    { "test": "is_family", "subject": "other", "value": "one_for_all" }
                  ]
                }
              },
              "deals_damage": false
            }
          ]
        }
      },
      "wesl3y:muscle_arms": {
        "minecraft:variant": {
          "value": 4
        },
        "minecraft:damage_sensor": {
          "triggers": [
            {
              "on_damage": {
                "filters": {
                  "all_of":[
                    {"test":"has_tag","value":"danger_sensor"},
                    {
                      "any_of":[
                        {"test":"is_family","subject":"other","operator":"==","value":"mob"},
                        {"test":"is_family","subject":"other","operator":"==","value":"player"}
                      ]
                    }
                  ]
                },
                "event":"wesl3y:dodge"
              },
              "deals_damage": false
            },
            {
              "on_damage": {
                "filters": {
                  "all_of": [
                    { "test": "has_tag", "subject": "self", "value": "quirk_explosion" },
                    { "test": "is_family", "subject": "other", "value": "explosion" }
                  ]
                }
              },
              "deals_damage": false
            },
            {
              "on_damage": {
                "filters": {
                  "all_of": [
                    { "test": "has_tag", "subject": "self", "value": "quirk_one_for_all" },
                    { "test": "is_family", "subject": "other", "value": "one_for_all" }
                  ]
                }
              },
              "deals_damage": false
            },
            {
              "on_damage": {},
              "damage_multiplier": 0.9
            }
          ]
        }
      },
      "wesl3y:muscle_body": {
        "minecraft:variant": {
          "value": 5
        },
        "minecraft:damage_sensor": {
          "triggers": [
            {
              "on_damage": {
                "filters": {
                  "all_of":[
                    {"test":"has_tag","value":"danger_sensor"},
                    {
                      "any_of":[
                        {"test":"is_family","subject":"other","operator":"==","value":"mob"},
                        {"test":"is_family","subject":"other","operator":"==","value":"player"}
                      ]
                    }
                  ]
                },
                "event":"wesl3y:dodge"
              },
              "deals_damage": false
            },
            {
              "on_damage": {
                "filters": {
                  "all_of": [
                    { "test": "has_tag", "subject": "self", "value": "quirk_explosion" },
                    { "test": "is_family", "subject": "other", "value": "explosion" }
                  ]
                }
              },
              "deals_damage": false
            },
            {
              "on_damage": {
                "filters": {
                  "all_of": [
                    { "test": "has_tag", "subject": "self", "value": "quirk_one_for_all" },
                    { "test": "is_family", "subject": "other", "value": "one_for_all" }
                  ]
                }
              },
              "deals_damage": false
            },
            {
              "on_damage": {},
              "damage_multiplier": 0.8
            }
          ]
        }
      },
      "wesl3y:muscle_all": {
        "minecraft:variant": {
          "value": 6
        },
        "minecraft:damage_sensor": {
          "triggers": [
            {
              "on_damage": {
                "filters": {
                  "all_of":[
                    {"test":"has_tag","value":"danger_sensor"},
                    {
                      "any_of":[
                        {"test":"is_family","subject":"other","operator":"==","value":"mob"},
                        {"test":"is_family","subject":"other","operator":"==","value":"player"}
                      ]
                    }
                  ]
                },
                "event":"wesl3y:dodge"
              },
              "deals_damage": false
            },
            {
              "on_damage": {
                "filters": {
                  "all_of": [
                    { "test": "has_tag", "subject": "self", "value": "quirk_explosion" },
                    { "test": "is_family", "subject": "other", "value": "explosion" }
                  ]
                }
              },
              "deals_damage": false
            },
            {
              "on_damage": {
                "filters": {
                  "all_of": [
                    { "test": "has_tag", "subject": "self", "value": "quirk_one_for_all" },
                    { "test": "is_family", "subject": "other", "value": "one_for_all" }
                  ]
                }
              },
              "deals_damage": false
            },
            {
              "on_damage": {},
              "damage_multiplier": 0.7
            }
          ]
        }
      },
      "wesl3y:one_for_all5": {
        "minecraft:variant": {
          "value": 10
        },
        "minecraft:damage_sensor": {
          "triggers": [
            {
              "cause": "fall",
              "deals_damage": false
            },
            {
              "on_damage": {
                "filters": {
                  "all_of":[
                    {"test":"has_tag","value":"danger_sensor"},
                    {
                      "any_of":[
                        {"test":"is_family","subject":"other","operator":"==","value":"mob"},
                        {"test":"is_family","subject":"other","operator":"==","value":"player"}
                      ]
                    }
                  ]
                },
                "event":"wesl3y:dodge"
              },
              "deals_damage": false
            },
            {
              "on_damage": {
                "filters": {
                  "all_of": [
                    { "test": "has_tag", "subject": "self", "value": "quirk_explosion" },
                    { "test": "is_family", "subject": "other", "value": "explosion" }
                  ]
                }
              },
              "deals_damage": false
            },
            {
              "on_damage": {
                "filters": {
                  "all_of": [
                    { "test": "has_tag", "subject": "self", "value": "quirk_one_for_all" },
                    { "test": "is_family", "subject": "other", "value": "one_for_all" }
                  ]
                }
              },
              "deals_damage": false
            },
            {
              "on_damage": {},
              "damage_multiplier": 0.95
            }
          ]
        }
      },
      "wesl3y:one_for_all8": {
        "minecraft:variant": {
          "value": 11
        },
        "minecraft:damage_sensor": {
          "triggers": [
            {
              "cause": "fall",
              "deals_damage": false
            },
            {
              "on_damage": {
                "filters": {
                  "all_of":[
                    {"test":"has_tag","value":"danger_sensor"},
                    {
                      "any_of":[
                        {"test":"is_family","subject":"other","operator":"==","value":"mob"},
                        {"test":"is_family","subject":"other","operator":"==","value":"player"}
                      ]
                    }
                  ]
                },
                "event":"wesl3y:dodge"
              },
              "deals_damage": false
            },
            {
              "on_damage": {
                "filters": {
                  "all_of": [
                    { "test": "has_tag", "subject": "self", "value": "quirk_explosion" },
                    { "test": "is_family", "subject": "other", "value": "explosion" }
                  ]
                }
              },
              "deals_damage": false
            },
            {
              "on_damage": {
                "filters": {
                  "all_of": [
                    { "test": "has_tag", "subject": "self", "value": "quirk_one_for_all" },
                    { "test": "is_family", "subject": "other", "value": "one_for_all" }
                  ]
                }
              },
              "deals_damage": false
            },
            {
              "on_damage": {},
              "damage_multiplier": 0.925
            }
          ]
        }
      },
      "wesl3y:one_for_all10": {
        "minecraft:variant": {
          "value": 12
        },
        "minecraft:damage_sensor": {
          "triggers": [
            {
              "cause": "fall",
              "deals_damage": false
            },
            {
              "on_damage": {
                "filters": {
                  "all_of":[
                    {"test":"has_tag","value":"danger_sensor"},
                    {
                      "any_of":[
                        {"test":"is_family","subject":"other","operator":"==","value":"mob"},
                        {"test":"is_family","subject":"other","operator":"==","value":"player"}
                      ]
                    }
                  ]
                },
                "event":"wesl3y:dodge"
              },
              "deals_damage": false
            },
            {
              "on_damage": {
                "filters": {
                  "all_of": [
                    { "test": "has_tag", "subject": "self", "value": "quirk_explosion" },
                    { "test": "is_family", "subject": "other", "value": "explosion" }
                  ]
                }
              },
              "deals_damage": false
            },
            {
              "on_damage": {
                "filters": {
                  "all_of": [
                    { "test": "has_tag", "subject": "self", "value": "quirk_one_for_all" },
                    { "test": "is_family", "subject": "other", "value": "one_for_all" }
                  ]
                }
              },
              "deals_damage": false
            },
            {
              "on_damage": {},
              "damage_multiplier": 0.9
            }
          ]
        }
      },
      "wesl3y:one_for_all15": {
        "minecraft:variant": {
          "value": 13
        },
        "minecraft:damage_sensor": {
          "triggers": [
            {
              "cause": "fall",
              "deals_damage": false
            },
            {
              "on_damage": {
                "filters": {
                  "all_of":[
                    {"test":"has_tag","value":"danger_sensor"},
                    {
                      "any_of":[
                        {"test":"is_family","subject":"other","operator":"==","value":"mob"},
                        {"test":"is_family","subject":"other","operator":"==","value":"player"}
                      ]
                    }
                  ]
                },
                "event":"wesl3y:dodge"
              },
              "deals_damage": false
            },
            {
              "on_damage": {
                "filters": {
                  "all_of": [
                    { "test": "has_tag", "subject": "self", "value": "quirk_explosion" },
                    { "test": "is_family", "subject": "other", "value": "explosion" }
                  ]
                }
              },
              "deals_damage": false
            },
            {
              "on_damage": {
                "filters": {
                  "all_of": [
                    { "test": "has_tag", "subject": "self", "value": "quirk_one_for_all" },
                    { "test": "is_family", "subject": "other", "value": "one_for_all" }
                  ]
                }
              },
              "deals_damage": false
            },
            {
              "on_damage": {},
              "damage_multiplier": 0.875
            }
          ]
        }
      },
      "wesl3y:one_for_all20": {
        "minecraft:variant": {
          "value": 14
        },
        "minecraft:damage_sensor": {
          "triggers": [
            {
              "cause": "fall",
              "deals_damage": false
            },
            {
              "on_damage": {
                "filters": {
                  "all_of":[
                    {"test":"has_tag","value":"danger_sensor"},
                    {
                      "any_of":[
                        {"test":"is_family","subject":"other","operator":"==","value":"mob"},
                        {"test":"is_family","subject":"other","operator":"==","value":"player"}
                      ]
                    }
                  ]
                },
                "event":"wesl3y:dodge"
              },
              "deals_damage": false
            },
            {
              "on_damage": {
                "filters": {
                  "all_of": [
                    { "test": "has_tag", "subject": "self", "value": "quirk_explosion" },
                    { "test": "is_family", "subject": "other", "value": "explosion" }
                  ]
                }
              },
              "deals_damage": false
            },
            {
              "on_damage": {
                "filters": {
                  "all_of": [
                    { "test": "has_tag", "subject": "self", "value": "quirk_one_for_all" },
                    { "test": "is_family", "subject": "other", "value": "one_for_all" }
                  ]
                }
              },
              "deals_damage": false
            },
            {
              "on_damage": {},
              "damage_multiplier": 0.85
            }
          ]
        }
      },
      "wesl3y:one_for_all30": {
        "minecraft:variant": {
          "value": 15
        },
        "minecraft:damage_sensor": {
          "triggers": [
            {
              "cause": "fall",
              "deals_damage": false
            },
            {
              "on_damage": {
                "filters": {
                  "all_of":[
                    {"test":"has_tag","value":"danger_sensor"},
                    {
                      "any_of":[
                        {"test":"is_family","subject":"other","operator":"==","value":"mob"},
                        {"test":"is_family","subject":"other","operator":"==","value":"player"}
                      ]
                    }
                  ]
                },
                "event":"wesl3y:dodge"
              },
              "deals_damage": false
            },
            {
              "on_damage": {
                "filters": {
                  "all_of": [
                    { "test": "has_tag", "subject": "self", "value": "quirk_explosion" },
                    { "test": "is_family", "subject": "other", "value": "explosion" }
                  ]
                }
              },
              "deals_damage": false
            },
            {
              "on_damage": {
                "filters": {
                  "all_of": [
                    { "test": "has_tag", "subject": "self", "value": "quirk_one_for_all" },
                    { "test": "is_family", "subject": "other", "value": "one_for_all" }
                  ]
                }
              },
              "deals_damage": false
            },
            {
              "on_damage": {},
              "damage_multiplier": 0.825
            }
          ]
        }
      },
      "wesl3y:one_for_all50": {
        "minecraft:variant": {
          "value": 16
        },
        "minecraft:damage_sensor": {
          "triggers": [
            {
              "cause": "fall",
              "deals_damage": false
            },
            {
              "on_damage": {
                "filters": {
                  "all_of":[
                    {"test":"has_tag","value":"danger_sensor"},
                    {
                      "any_of":[
                        {"test":"is_family","subject":"other","operator":"==","value":"mob"},
                        {"test":"is_family","subject":"other","operator":"==","value":"player"}
                      ]
                    }
                  ]
                },
                "event":"wesl3y:dodge"
              },
              "deals_damage": false
            },
            {
              "on_damage": {
                "filters": {
                  "all_of": [
                    { "test": "has_tag", "subject": "self", "value": "quirk_explosion" },
                    { "test": "is_family", "subject": "other", "value": "explosion" }
                  ]
                }
              },
              "deals_damage": false
            },
            {
              "on_damage": {
                "filters": {
                  "all_of": [
                    { "test": "has_tag", "subject": "self", "value": "quirk_one_for_all" },
                    { "test": "is_family", "subject": "other", "value": "one_for_all" }
                  ]
                }
              },
              "deals_damage": false
            },
            {
              "on_damage": {},
              "damage_multiplier": 0.8
            }
          ]
        }
      },
      "wesl3y:one_for_all100": {
        "minecraft:variant": {
          "value": 17
        },
        "minecraft:damage_sensor": {
          "triggers": [
            {
              "cause": "fall",
              "deals_damage": false
            },
            {
              "on_damage": {
                "filters": {
                  "all_of":[
                    {"test":"has_tag","value":"danger_sensor"},
                    {
                      "any_of":[
                        {"test":"is_family","subject":"other","operator":"==","value":"mob"},
                        {"test":"is_family","subject":"other","operator":"==","value":"player"}
                      ]
                    }
                  ]
                },
                "event":"wesl3y:dodge"
              },
              "deals_damage": false
            },
            {
              "on_damage": {
                "filters": {
                  "all_of": [
                    { "test": "has_tag", "subject": "self", "value": "quirk_explosion" },
                    { "test": "is_family", "subject": "other", "value": "explosion" }
                  ]
                }
              },
              "deals_damage": false
            },
            {
              "on_damage": {
                "filters": {
                  "all_of": [
                    { "test": "has_tag", "subject": "self", "value": "quirk_one_for_all" },
                    { "test": "is_family", "subject": "other", "value": "one_for_all" }
                  ]
                }
              },
              "deals_damage": false
            },
            {
              "on_damage": {},
              "damage_multiplier": 0.775
            }
          ]
        }
      },
      "wesl3y:health.1": {
        "minecraft:health": {
          "value": 50,
          "max": 50
        }
      },
      "wesl3y:health.2": {
        "minecraft:health": {
          "value": 60,
          "max": 60
        }
      },
      "wesl3y:health.3": {
        "minecraft:health": {
          "value": 70,
          "max": 70
        }
      },
      "wesl3y:health.4": {
        "minecraft:health": {
          "value": 80,
          "max": 80
        }
      },
      "wesl3y:health.5": {
        "minecraft:health": {
          "value": 100,
          "max": 100
        }
      },
      "wesl3y:health.6": {
        "minecraft:health": {
          "value": 120,
          "max": 120
        }
      },
      "wesl3y:health.7": {
        "minecraft:health": {
          "value": 140,
          "max": 140
        }
      },
      "wesl3y:health.8": {
        "minecraft:health": {
          "value": 160,
          "max": 160
        }
      },
      "wesl3y:health.9": {
        "minecraft:health": {
          "value": 180,
          "max": 180
        }
      },
      "wesl3y:health.10": {
        "minecraft:health": {
          "value": 200,
          "max": 200
        }
      },
      "wesl3y:health.11": {
        "minecraft:health": {
          "value": 220,
          "max": 220
        }
      },
      "wesl3y:health.12": {
        "minecraft:health": {
          "value": 240,
          "max": 240
        }
      },
      "wesl3y:health.13": {
        "minecraft:health": {
          "value": 260,
          "max": 260
        }
      },
      "wesl3y:health.14": {
        "minecraft:health": {
          "value": 280,
          "max": 280
        }
      },
      "wesl3y:health.15": {
        "minecraft:health": {
          "value": 300,
          "max": 300
        }
      },
      "wesl3y:health.16": {
        "minecraft:health": {
          "value": 320,
          "max": 320
        }
      },
      "wesl3y:health.17": {
        "minecraft:health": {
          "value": 340,
          "max": 340
        }
      },
      "wesl3y:health.18": {
        "minecraft:health": {
          "value": 360,
          "max": 360
        }
      },
      "wesl3y:health.19": {
        "minecraft:health": {
          "value": 380,
          "max": 380
        }
      },
      "wesl3y:health.20": {
        "minecraft:health": {
          "value": 400,
          "max": 400
        }
      },
      "wesl3y:strength.1": {
        "minecraft:attack": {
          "damage": 1
        }
      },
      "wesl3y:strength.2": {
        "minecraft:attack": {
          "damage": 2
        }
      },
      "wesl3y:strength.3": {
        "minecraft:attack": {
          "damage": 3
        }
      },
      "wesl3y:strength.4": {
        "minecraft:attack": {
          "damage": 4
        }
      },
      "wesl3y:strength.5": {
        "minecraft:attack": {
          "damage": 5
        }
      },
      "wesl3y:strength.6": {
        "minecraft:attack": {
          "damage": 6
        }
      },
      "wesl3y:strength.7": {
        "minecraft:attack": {
          "damage": 7
        }
      },
      "wesl3y:strength.8": {
        "minecraft:attack": {
          "damage": 8
        }
      },
      "wesl3y:strength.9": {
        "minecraft:attack": {
          "damage": 9
        }
      },
      "wesl3y:strength.10": {
        "minecraft:attack": {
          "damage": 10
        }
      },
      "wesl3y:strength.11": {
        "minecraft:attack": {
          "damage": 11
        }
      },
      "wesl3y:strength.12": {
        "minecraft:attack": {
          "damage": 12
        }
      },
      "wesl3y:strength.13": {
        "minecraft:attack": {
          "damage": 13
        }
      },
      "wesl3y:strength.14": {
        "minecraft:attack": {
          "damage": 14
        }
      },
      "wesl3y:strength.15": {
        "minecraft:attack": {
          "damage": 15
        }
      },
      "wesl3y:strength.16": {
        "minecraft:attack": {
          "damage": 16
        }
      },
      "wesl3y:strength.17": {
        "minecraft:attack": {
          "damage": 17
        }
      },
      "wesl3y:strength.18": {
        "minecraft:attack": {
          "damage": 18
        }
      },
      "wesl3y:strength.19": {
        "minecraft:attack": {
          "damage": 19
        }
      },
      "wesl3y:strength.20": {
        "minecraft:attack": {
          "damage": 20
        }
      },
      "wesl3y:strength.21": {
        "minecraft:attack": {
          "damage": 21
        }
      },
      "wesl3y:strength.22": {
        "minecraft:attack": {
          "damage": 22
        }
      },
      "wesl3y:strength.23": {
        "minecraft:attack": {
          "damage": 23
        }
      },
      "wesl3y:strength.24": {
        "minecraft:attack": {
          "damage": 24
        }
      },
      "wesl3y:strength.25": {
        "minecraft:attack": {
          "damage": 25
        }
      },
      "wesl3y:strength.26": {
        "minecraft:attack": {
          "damage": 26
        }
      },
      "wesl3y:strength.27": {
        "minecraft:attack": {
          "damage": 27
        }
      },
      "wesl3y:strength.28": {
        "minecraft:attack": {
          "damage": 28
        }
      },
      "wesl3y:strength.29": {
        "minecraft:attack": {
          "damage": 29
        }
      },
      "wesl3y:strength.30": {
        "minecraft:attack": {
          "damage": 30
        }
      },
      "wesl3y:strength.31": {
        "minecraft:attack": {
          "damage": 31
        }
      },
      "wesl3y:strength.32": {
        "minecraft:attack": {
          "damage": 32
        }
      },
      "wesl3y:strength.33": {
        "minecraft:attack": {
          "damage": 33
        }
      },
      "wesl3y:strength.34": {
        "minecraft:attack": {
          "damage": 34
        }
      },
      "wesl3y:strength.35": {
        "minecraft:attack": {
          "damage": 35
        }
      },
      "wesl3y:strength.36": {
        "minecraft:attack": {
          "damage": 36
        }
      },
      "wesl3y:strength.37": {
        "minecraft:attack": {
          "damage": 37
        }
      },
      "wesl3y:strength.38": {
        "minecraft:attack": {
          "damage": 38
        }
      },
      "wesl3y:strength.39": {
        "minecraft:attack": {
          "damage": 39
        }
      },
      "wesl3y:strength.40": {
        "minecraft:attack": {
          "damage": 40
        }
      },
      "wesl3y:strength.41": {
        "minecraft:attack": {
          "damage": 41
        }
      },
      "wesl3y:strength.42": {
        "minecraft:attack": {
          "damage": 42
        }
      },
      "wesl3y:strength.43": {
        "minecraft:attack": {
          "damage": 43
        }
      },
      "wesl3y:strength.44": {
        "minecraft:attack": {
          "damage": 44
        }
      },
      "wesl3y:strength.45": {
        "minecraft:attack": {
          "damage": 45
        }
      },
      "wesl3y:strength.46": {
        "minecraft:attack": {
          "damage": 46
        }
      },
      "wesl3y:strength.47": {
        "minecraft:attack": {
          "damage": 47
        }
      },
      "wesl3y:strength.48": {
        "minecraft:attack": {
          "damage": 48
        }
      },
      "wesl3y:strength.49": {
        "minecraft:attack": {
          "damage": 49
        }
      },
      "wesl3y:strength.50": {
        "minecraft:attack": {
          "damage": 50
        }
      },
      "wesl3y:speed_jump.0": {
        "minecraft:spell_effects": {
          "remove_effects": [
            "jump_boost",
            "speed"
          ]
        }
      },
      "wesl3y:speed.10": {
        "minecraft:spell_effects": {
          "add_effects": [
            {
              "effect": "speed",
              "duration": 99999,
              "amplifier": 9,
              "visible": false
            }
          ]
        }
      },
      "wesl3y:black_whip_long": {
        "minecraft:spawn_entity": {
          "entities": {
            "min_wait_time": 0,
            "max_wait_time": 0,
            "single_use": true,
            "should_leash": true,
            "spawn_entity": "wesl3y:black_whip_long",
            "spawn_event": "wesl3y:entity_spawned",
            "num_to_spawn": 1
          }
        }
      },
      "wesl3y:clones_long": {
        "minecraft:spawn_entity": {
          "entities": {
            "min_wait_time": 0,
            "max_wait_time": 0,
            "single_use": true,
            "spawn_entity": "wesl3y:clones_long",
            "spawn_event": "wesl3y:entity_spawned",
            "num_to_spawn": 2
          }
        }
      },
      "wesl3y:clones_long2": {
        "minecraft:spawn_entity": {
          "entities": {
            "min_wait_time": 0,
            "max_wait_time": 0,
            "single_use": true,
            "spawn_entity": "wesl3y:clones_long",
            "spawn_event": "wesl3y:entity_spawned",
            "num_to_spawn": 1
          }
        }
      },
      "wesl3y:cremation_long": {
        "minecraft:spawn_entity": {
          "entities": {
            "min_wait_time": 0,
            "max_wait_time": 0,
            "single_use": true,
            "spawn_entity": "wesl3y:cremation_long",
            "spawn_event": "wesl3y:entity_spawned",
            "num_to_spawn": 1
          }
        }
      },
      "wesl3y:explosion_long": {
        "minecraft:spawn_entity": {
          "entities": {
            "min_wait_time": 0,
            "max_wait_time": 0,
            "single_use": true,
            "spawn_entity": "wesl3y:explosion_long",
            "spawn_event": "wesl3y:entity_spawned",
            "num_to_spawn": 1
          }
        }
      },
      "wesl3y:explosion_long2": {
        "minecraft:spawn_entity": {
          "entities": {
            "min_wait_time": 0,
            "max_wait_time": 0,
            "single_use": true,
            "spawn_entity": "wesl3y:explosion_long",
            "spawn_event": "wesl3y:entity_spawned",
            "num_to_spawn": 2
          }
        }
      },
      "wesl3y:fierce_wings_long": {
        "minecraft:spawn_entity": {
          "entities": {
            "min_wait_time": 0,
            "max_wait_time": 0,
            "single_use": true,
            "spawn_entity": "wesl3y:fierce_wings_long",
            "spawn_event": "wesl3y:entity_spawned",
            "num_to_spawn": 1
          }
        }
      },
      "wesl3y:fierce_wings_long_2": {
        "minecraft:spawn_entity": {
          "entities": {
            "min_wait_time": 0,
            "max_wait_time": 0,
            "single_use": true,
            "spawn_entity": "wesl3y:fierce_wings_long",
            "spawn_event": "wesl3y:entity_spawned",
            "num_to_spawn": 1
          }
        }
      },
      "wesl3y:halfcold_halfhot_long": {
        "minecraft:spawn_entity": {
          "entities": {
            "min_wait_time": 0,
            "max_wait_time": 0,
            "single_use": true,
            "spawn_entity": "wesl3y:halfcold_halfhot_long",
            "spawn_event": "wesl3y:entity_spawned",
            "num_to_spawn": 1
          }
        }
      },
      "wesl3y:hell_flame_long": {
        "minecraft:spawn_entity": {
          "entities": {
            "min_wait_time": 0,
            "max_wait_time": 0,
            "single_use": true,
            "spawn_entity": "wesl3y:hell_flame_long",
            "spawn_event": "wesl3y:entity_spawned",
            "num_to_spawn": 1
          }
        }
      },
      "wesl3y:hell_flame_long3": {
        "minecraft:spawn_entity": {
          "entities": {
            "min_wait_time": 0,
            "max_wait_time": 0,
            "single_use": true,
            "spawn_entity": "wesl3y:hell_flame_long",
            "spawn_event": "wesl3y:entity_spawned",
            "num_to_spawn": 3
          }
        }
      },
      "wesl3y:ice_long": {
        "minecraft:spawn_entity": {
          "entities": {
            "min_wait_time": 0,
            "max_wait_time": 0,
            "single_use": true,
            "spawn_entity": "wesl3y:ice_long",
            "spawn_event": "wesl3y:entity_spawned",
            "num_to_spawn": 1
          }
        }
      },
      "wesl3y:size_long": {
        "minecraft:spawn_entity": {
          "entities": {
            "min_wait_time": 0,
            "max_wait_time": 0,
            "single_use": true,
            "spawn_entity": "wesl3y:size_long",
            "spawn_event": "wesl3y:entity_spawned",
            "num_to_spawn": 1
          }
        }
      },
      "wesl3y:one_for_all_long": {
        "minecraft:spawn_entity": {
          "entities": {
            "min_wait_time": 0,
            "max_wait_time": 0,
            "single_use": true,
            "spawn_entity": "wesl3y:one_for_all_long",
            "spawn_event": "wesl3y:entity_spawned",
            "num_to_spawn": 1
          }
        }
      },
      "minecraft:add_bad_omen": {
        "minecraft:spell_effects": {
          "add_effects": [
            {
              "effect": "bad_omen",
              "duration": 6000,
              "display_on_screen_animation": true
            }
          ]
        },
        "minecraft:timer": {
          "time": [
            0.0,
            0.0
          ],
          "looping": false,
          "time_down_event": {
            "event": "minecraft:clear_add_bad_omen",
            "target": "self"
          }
        }
      },
      "minecraft:clear_bad_omen_spell_effect": {
        "minecraft:spell_effects": {}
      },
      "minecraft:raid_trigger": {
        "minecraft:raid_trigger": {
          "triggered_event": {
            "event": "minecraft:remove_raid_trigger",
            "target": "self"
          }
        },
        "minecraft:spell_effects": {
          "remove_effects": "bad_omen"
        }
      }
    },
    "components": {
      "minecraft:type_family": {
        "family": [
          "player"
        ]
      },
      "minecraft:loot": {
        "table": "loot_tables/entities/player.json"
      },
      "minecraft:collision_box": {
        "width": 0.6,
        "height": 1.8
      },
      "minecraft:can_climb": {},
      "minecraft:environment_sensor": {
        "triggers": [
          {
            "filters": {
              "all_of": [
                {
                  "test": "has_mob_effect",
                  "subject": "self",
                  "value": "bad_omen"
                },
                {
                  "test": "is_in_village",
                  "subject": "self",
                  "value": true
                }
              ]
            },
            "event": "minecraft:trigger_raid"
          },
          {
            "filters": {
              "all_of": [
                {
                  "test": "int_property",
                  "domain": "wesl3y:copy",
                  "operator":"!=",
                  "value": 1
                },
                {
                  "test": "has_tag",
                  "value": "copy"
                }
              ]
            },
            "event": "wesl3y:copy"
          },
          {
            "filters": {
              "all_of": [
                {
                  "test": "int_property",
                  "domain": "wesl3y:copy",
                  "operator":"==",
                  "value": 1
                },
                {
                  "test": "has_tag",
                  "operator":"!=",
                  "value": "copy"
                }
              ]
            },
            "event": "wesl3y:no_copy"
          },
          {
            "filters": {
              "all_of": [
                {
                  "test": "is_variant",
                  "operator": "!=",
                  "value": 1
                },
                {
                  "test": "has_tag",
                  "operator": "!=",
                  "value": "black_ankh"
                },
                {
                  "test": "has_tag",
                  "value": "dark_shadow"
                }
              ]
            },
            "event": "wesl3y:dark_shadow"
          },
          {
            "filters": {
              "all_of": [
                {
                  "test": "is_variant",
                  "operator": "!=",
                  "value": 2
                },
                {
                  "test": "has_tag",
                  "operator": "!=",
                  "value": "ragnarok_shadow"
                },
                {
                  "test": "has_tag",
                  "value": "black_ankh"
                }
              ]
            },
            "event": "wesl3y:black_ankh"
          },
          {
            "filters": {
              "all_of": [
                {
                  "test": "is_variant",
                  "operator": "!=",
                  "value": 3
                },
                {
                  "test": "has_tag",
                  "value": "ragnarok_shadow"
                }
              ]
            },
            "event": "wesl3y:ragnarok_shadow"
          },
          {
            "filters": {
              "any_of": [
                {
                  "all_of": [
                    {
                      "test": "is_variant",
                      "operator": "==",
                      "value": 1
                    },
                    {
                      "test": "has_tag",
                      "operator": "!=",
                      "value": "dark_shadow"
                    }
                  ]
                },
                {
                  "all_of": [
                    {
                      "test": "is_variant",
                      "operator": "==",
                      "value": 2
                    },
                    {
                      "test": "has_tag",
                      "operator": "!=",
                      "value": "black_ankh"
                    }
                  ]
                },
                {
                  "all_of": [
                    {
                      "test": "is_variant",
                      "operator": "==",
                      "value": 3
                    },
                    {
                      "test": "has_tag",
                      "operator": "!=",
                      "value": "ragnarok_shadow"
                    }
                  ]
                }
              ]
            },
            "event": "wesl3y:dark_shadowoff"
          },
          {
            "filters": {
              "all_of": [
                {"test": "has_tag","operator": "==" ,"value": "danger_sensor"},
                { "test":"has_component","operator":"!=","value":"minecraft:is_stackable" }
              ]
            },
            "event": "wesl3y:danger_sensor"
          },
          {
            "filters": {
              "all_of": [
                {"test": "has_tag","operator": "!=" ,"value": "danger_sensor"},
                { "test":"has_component","operator":"==","value":"minecraft:is_stackable" }
              ]
            },
            "event": "wesl3y:danger_sensoroff"
          },
          {
            "filters": {
              "all_of": [
                {
                  "test": "has_equipment",
                  "domain": "head",
                  "operator": "==",
                  "value": "wesl3y:quirk_giant"
                },
                {
                  "test": "is_variant",
                  "operator": "!=",
                  "value": 99
                }
              ]
            },
            "event": "wesl3y:giant"
          },
          {
            "filters": {
              "all_of": [
                {
                  "test": "has_equipment",
                  "domain": "head",
                  "operator": "!=",
                  "value": "wesl3y:quirk_giant"
                },
                {
                  "test": "is_variant",
                  "operator": "==",
                  "value": 99
                }
              ]
            },
            "event": "wesl3y:base"
          },
          {
            "filters": {
              "all_of": [
                {
                  "test": "is_variant",
                  "operator": "!=",
                  "value": 4
                },
                {
                  "test": "has_tag",
                  "value": "muscle_arms"
                }
              ]
            },
            "event": "wesl3y:muscle_arms"
          },
          {
            "filters": {
              "all_of": [
                {
                  "test": "is_variant",
                  "operator": "!=",
                  "value": 5
                },
                {
                  "test": "has_tag",
                  "value": "muscle_body"
                }
              ]
            },
            "event": "wesl3y:muscle_body"
          },
          {
            "filters": {
              "all_of": [
                {
                  "test": "is_variant",
                  "operator": "!=",
                  "value": 6
                },
                {
                  "test": "has_tag",
                  "value": "muscle_all"
                }
              ]
            },
            "event": "wesl3y:muscle_all"
          },
          {
            "filters": {
              "any_of": [
                {
                  "all_of": [
                    {
                      "test": "is_variant",
                      "operator": "==",
                      "value": 4
                    },
                    {
                      "test": "has_tag",
                      "operator": "!=",
                      "value": "muscle_arms"
                    }
                  ]
                },
                {
                  "all_of": [
                    {
                      "test": "is_variant",
                      "operator": "==",
                      "value": 5
                    },
                    {
                      "test": "has_tag",
                      "operator": "!=",
                      "value": "muscle_body"
                    }
                  ]
                },
                {
                  "all_of": [
                    {
                      "test": "is_variant",
                      "operator": "==",
                      "value": 6
                    },
                    {
                      "test": "has_tag",
                      "operator": "!=",
                      "value": "muscle_all"
                    }
                  ]
                }
              ]
            },
            "event": "wesl3y:muscleoff"
          },
          {
            "filters": {
              "all_of": [
                {
                  "test": "is_variant",
                  "operator": "!=",
                  "value": 10
                },
                {
                  "test": "has_tag",
                  "value": "one_for_all5"
                }
              ]
            },
            "event": "wesl3y:one_for_all5"
          },
          {
            "filters": {
              "all_of": [
                {
                  "test": "is_variant",
                  "operator": "!=",
                  "value": 11
                },
                {
                  "test": "has_tag",
                  "value": "one_for_all8"
                }
              ]
            },
            "event": "wesl3y:one_for_all8"
          },
          {
            "filters": {
              "all_of": [
                {
                  "test": "is_variant",
                  "operator": "!=",
                  "value": 12
                },
                {
                  "test": "has_tag",
                  "value": "one_for_all10"
                }
              ]
            },
            "event": "wesl3y:one_for_all10"
          },
          {
            "filters": {
              "all_of": [
                {
                  "test": "is_variant",
                  "operator": "!=",
                  "value": 13
                },
                {
                  "test": "has_tag",
                  "value": "one_for_all15"
                }
              ]
            },
            "event": "wesl3y:one_for_all15"
          },
          {
            "filters": {
              "all_of": [
                {
                  "test": "is_variant",
                  "operator": "!=",
                  "value": 14
                },
                {
                  "test": "has_tag",
                  "value": "one_for_all20"
                }
              ]
            },
            "event": "wesl3y:one_for_all20"
          },
          {
            "filters": {
              "all_of": [
                {
                  "test": "is_variant",
                  "operator": "!=",
                  "value": 15
                },
                {
                  "test": "has_tag",
                  "value": "one_for_all30"
                }
              ]
            },
            "event": "wesl3y:one_for_all30"
          },
          {
            "filters": {
              "all_of": [
                {
                  "test": "is_variant",
                  "operator": "!=",
                  "value": 16
                },
                {
                  "test": "has_tag",
                  "value": "one_for_all50"
                }
              ]
            },
            "event": "wesl3y:one_for_all50"
          },
          {
            "filters": {
              "all_of": [
                {
                  "test": "is_variant",
                  "operator": "!=",
                  "value": 17
                },
                {
                  "test": "has_tag",
                  "value": "one_for_all100"
                }
              ]
            },
            "event": "wesl3y:one_for_all100"
          },
          {
            "filters": {
              "any_of": [
                {
                  "all_of": [
                    {
                      "test": "is_variant",
                      "operator": "==",
                      "value": 10
                    },
                    {
                      "test": "has_tag",
                      "operator": "!=",
                      "value": "one_for_all5"
                    }
                  ]
                },
                {
                  "all_of": [
                    {
                      "test": "is_variant",
                      "operator": "==",
                      "value": 11
                    },
                    {
                      "test": "has_tag",
                      "operator": "!=",
                      "value": "one_for_all8"
                    }
                  ]
                },
                {
                  "all_of": [
                    {
                      "test": "is_variant",
                      "operator": "==",
                      "value": 12
                    },
                    {
                      "test": "has_tag",
                      "operator": "!=",
                      "value": "one_for_all10"
                    }
                  ]
                },
                {
                  "all_of": [
                    {
                      "test": "is_variant",
                      "operator": "==",
                      "value": 13
                    },
                    {
                      "test": "has_tag",
                      "operator": "!=",
                      "value": "one_for_all15"
                    }
                  ]
                },
                {
                  "all_of": [
                    {
                      "test": "is_variant",
                      "operator": "==",
                      "value": 14
                    },
                    {
                      "test": "has_tag",
                      "operator": "!=",
                      "value": "one_for_all20"
                    }
                  ]
                },
                {
                  "all_of": [
                    {
                      "test": "is_variant",
                      "operator": "==",
                      "value": 15
                    },
                    {
                      "test": "has_tag",
                      "operator": "!=",
                      "value": "one_for_all30"
                    }
                  ]
                },
                {
                  "all_of": [
                    {
                      "test": "is_variant",
                      "operator": "==",
                      "value": 16
                    },
                    {
                      "test": "has_tag",
                      "operator": "!=",
                      "value": "one_for_all50"
                    }
                  ]
                },
                {
                  "all_of": [
                    {
                      "test": "is_variant",
                      "operator": "==",
                      "value": 17
                    },
                    {
                      "test": "has_tag",
                      "operator": "!=",
                      "value": "one_for_all100"
                    }
                  ]
                }
              ]
            },
            "event": "wesl3y:one_for_alloff"
          }
        ]
      },
      "minecraft:player.saturation": {
        "value": 20
      },
      "minecraft:player.exhaustion": {
        "value": 0,
        "max": 4
      },
      "minecraft:player.level": {
        "value": 0,
        "max": 24791
      },
      "minecraft:player.experience": {
        "value": 0,
        "max": 1
      },
      "minecraft:breathable": {
        "totalSupply": 15,
        "suffocateTime": -1,
        "inhaleTime": 3.75,
        "generatesBubbles": false
      },
      "minecraft:nameable": {
        "alwaysShow": true,
        "allowNameTagRenaming": false
      },
      "minecraft:physics": {},
      "minecraft:insomnia": {
        "days_until_insomnia": 3
      },
      "minecraft:rideable": {
        "seat_count": 2,
        "family_types": [
          "parrot_tame"
        ],
        "pull_in_entities": true,
        "seats": [
          {
            "position": [
              0.4,
              -0.15,
              0.04
            ],
            "min_rider_count": 0,
            "max_rider_count": 0,
            "lock_rider_rotation": 0
          },
          {
            "position": [
              -0.4,
              -0.15,
              0.04
            ],
            "min_rider_count": 1,
            "max_rider_count": 2,
            "lock_rider_rotation": 0
          }
        ]
      },
      "minecraft:scaffolding_climber": {}
    },
    "events": {
      "minecraft:entity_spawned": {
        "add": {
          "component_groups": [
            "wesl3y",
            "wesl3y:base"
          ]
        }
      },
      "wesl3y": {
        "add": {
          "component_groups": [
            "wesl3y"
          ]
        }
      },
      "wesl3y:float.0": {
        "set_property": {
          "wesl3y:float": 0
        }
      },
      "wesl3y:float.1": {
        "set_property": {
          "wesl3y:float": 1
        }
      },
      "wesl3y:skill.0": {
        "set_property": {
          "wesl3y:skill": 0
        }
      },
      "wesl3y:skill.1": {
        "set_property": {
          "wesl3y:skill": 1
        }
      },
      "wesl3y:skill.2": {
        "set_property": {
          "wesl3y:skill": 2
        }
      },
      "wesl3y:skill.3": {
        "set_property": {
          "wesl3y:skill": 3
        }
      },
      "wesl3y:skill.4": {
        "set_property": {
          "wesl3y:skill": 4
        }
      },
      "wesl3y:skill.5": {
        "set_property": {
          "wesl3y:skill": 5
        }
      },
      "wesl3y:skill.6": {
        "set_property": {
          "wesl3y:skill": 6
        }
      },
      "wesl3y:skill.7": {
        "set_property": {
          "wesl3y:skill": 7
        }
      },
      "wesl3y:base": {
        "add": {
          "component_groups": [
            "wesl3y:base"
          ]
        },
        "remove": {
          "component_groups": [
            "wesl3y:dark_shadow",
            "wesl3y:black_ankh",
            "wesl3y:ragnarok_shadow",
            "wesl3y:giant",
            "wesl3y:muscle_arms",
            "wesl3y:muscle_body",
            "wesl3y:muscle_all",
            "wesl3y:one_for_all5",
            "wesl3y:one_for_all8",
            "wesl3y:one_for_all10",
            "wesl3y:one_for_all15",
            "wesl3y:one_for_all20",
            "wesl3y:one_for_all30",
            "wesl3y:one_for_all50",
            "wesl3y:one_for_all100"
          ]
        }
      },
      //Copy
      "wesl3y:copy": {
        "set_property": {
          "wesl3y:copy": 1
        }
      },
      "wesl3y:no_copy": {
        "set_property": {
          "wesl3y:copy": 0
        },
        "run_command": {
          "command": [
            "give @s wesl3y:quirk_copy",
            "clear @s wesl3y:quirk_dark_shadow",
            "clear @s wesl3y:quirk_explosion",
            "clear @s wesl3y:quirk_float",
            "clear @s wesl3y:quirk_halfcold_halfhot",
            "clear @s wesl3y:quirk_hell_flame",
            "clear @s wesl3y:quirk_ice",
            "clear @s wesl3y:quirk_size",
            "clear @s wesl3y:quirk_zero_gravity"
          ]
        }
      },
      //Black Wip
      "wesl3y:black_whip_long": {
        "add": {
          "component_groups": [
            "wesl3y:black_whip_long"
          ]
        }
      },
      //Clones
      "wesl3y:clones_long": {
        "add": {
          "component_groups": [
            "wesl3y:clones_long"
          ]
        }
      },
      "wesl3y:clones_long2": {
        "add": {
          "component_groups": [
            "wesl3y:clones_long2"
          ]
        }
      },
      //Cremation
      "wesl3y:cremation_long": {
        "add": {
          "component_groups": [
            "wesl3y:cremation_long"
          ]
        }
      },
      //Dark Shadow
      "wesl3y:dark_shadow": {
        "add": {
          "component_groups": [
            "wesl3y:dark_shadow"
          ]
        },
        "remove": {
          "component_groups": [
            "wesl3y:base"
          ]
        },
        "run_command": {
          "command": [
            "function activated/dark_shadow"
          ]
        }
      },
      "wesl3y:black_ankh": {
        "add": {
          "component_groups": [
            "wesl3y:black_ankh"
          ]
        },
        "remove": {
          "component_groups": [
            "wesl3y:base"
          ]
        },
        "run_command": {
          "command": [
            "function activated/black_ankh"
          ]
        }
      },
      "wesl3y:ragnarok_shadow": {
        "add": {
          "component_groups": [
            "wesl3y:ragnarok_shadow"
          ]
        },
        "remove": {
          "component_groups": [
            "wesl3y:base"
          ]
        },
        "run_command": {
          "command": [
            "function activated/ragnarok_shadow"
          ]
        }
      },
      "wesl3y:dark_shadowoff": {
        "add": {
          "component_groups": [
            "wesl3y:base"
          ]
        },
        "remove": {
          "component_groups": [
            "wesl3y:dark_shadow",
            "wesl3y:black_ankh",
            "wesl3y:ragnarok_shadow"
          ]
        },
        "run_command": {
          "command": [
            "function disabled/dark_shadow"
          ]
        }
      },
      //Decay
      "wesl3y:decay_long": {
        "add": {
          "component_groups": [
            "wesl3y:decay_long"
          ]
        }
      },
      //Danger Sensor
      "wesl3y:danger_sensor": {
        "add": {
          "component_groups": [
            "wesl3y:danger_sensor"
          ]
        }
      },
      "wesl3y:danger_sensoroff": {
        "remove": {
          "component_groups": [
            "wesl3y:danger_sensor"
          ]
        }
      },
      "wesl3y:dodge": {
        "randomize": [
          {
            "weight": 20,
            "run_command": {
              "command": [
                "summon wesl3y:danger_sensor ^1^^ ~~",
                "scoreboard players remove @s danger_sensor 1"
              ]
            }
          },
          {
            "weight": 20,
            "run_command": {
              "command": [
                "summon wesl3y:danger_sensor ^-1^^ ~~",
                "scoreboard players remove @s danger_sensor 1"
              ]
            }
          }
        ]
      },
      //Explosion
      "wesl3y:explosion_long": {
        "add": {
          "component_groups": [
            "wesl3y:explosion_long"
          ]
        }
      },
      "wesl3y:explosion_long2": {
        "add": {
          "component_groups": [
            "wesl3y:explosion_long2"
          ]
        }
      },
      //Fierce Wings
      "wesl3y:fierce_wings_long": {
        "add": {
          "component_groups": [
            "wesl3y:fierce_wings_long"
          ]
        }
      },
      "wesl3y:fierce_wings_long_2": {
        "add": {
          "component_groups": [
            "wesl3y:fierce_wings_long_2"
          ]
        }
      },
      //Giant
      "wesl3y:giant": {
        "add": {
          "component_groups": [
            "wesl3y:giant"
          ]
        },
        "run_command": {
          "command": [
            "scoreboard players add @s strength2 5"
          ]
        }
      },
      //HalfCold HalfHot
      "wesl3y:halfcold_halfhot_long": {
        "add": {
          "component_groups": [
            "wesl3y:halfcold_halfhot_long"
          ]
        }
      },
      //Hell Flame
      "wesl3y:hell_flame_long": {
        "add": {
          "component_groups": [
            "wesl3y:hell_flame_long"
          ]
        }
      },
      "wesl3y:hell_flame_long3": {
        "add": {
          "component_groups": [
            "wesl3y:hell_flame_long3"
          ]
        }
      },
      //Ice
      "wesl3y:ice_long": {
        "add": {
          "component_groups": [
            "wesl3y:ice_long"
          ]
        }
      },
      //Muscle
      "wesl3y:muscle_arms": {
        "add": {
          "component_groups": [
            "wesl3y:muscle_arms"
          ]
        },
        "remove": {
          "component_groups": [
            "wesl3y:base"
          ]
        },
        "run_command": {
          "command": [
            "function activated/muscle_arms"
          ]
        }
      },
      "wesl3y:muscle_body": {
        "add": {
          "component_groups": [
            "wesl3y:muscle_body"
          ]
        },
        "remove": {
          "component_groups": [
            "wesl3y:base"
          ]
        },
        "run_command": {
          "command": [
            "function activated/muscle_body"
          ]
        }
      },
      "wesl3y:muscle_all": {
        "add": {
          "component_groups": [
            "wesl3y:muscle_all"
          ]
        },
        "remove": {
          "component_groups": [
            "wesl3y:base"
          ]
        },
        "run_command": {
          "command": [
            "function activated/muscle_all"
          ]
        }
      },
      "wesl3y:muscleoff": {
        "add": {
          "component_groups": [
            "wesl3y:base"
          ]
        },
        "remove": {
          "component_groups": [
            "wesl3y:muscle_arms",
            "wesl3y:muscle_body",
            "wesl3y:muscle_all"
          ]
        },
        "run_command": {
          "command": [
            "function disabled/muscle"
          ]
        }
      },
      //One For All
      "wesl3y:one_for_alloff": {
        "add": {
          "component_groups": [
            "wesl3y:base"
          ]
        },
        "remove": {
          "component_groups": [
            "wesl3y:one_for_all5",
            "wesl3y:one_for_all8",
            "wesl3y:one_for_all10",
            "wesl3y:one_for_all15",
            "wesl3y:one_for_all20",
            "wesl3y:one_for_all30",
            "wesl3y:one_for_all50",
            "wesl3y:one_for_all100"
          ]
        },
        "run_command": {
          "command": [
            "function disabled/one_for_all"
          ]
        }
      },
      "wesl3y:one_for_all5": {
        "add": {
          "component_groups": [
            "wesl3y:one_for_all5"
          ]
        },
        "remove": {
          "component_groups": [
            "wesl3y:base"
          ]
        },
        "run_command": {
          "command": [
            "function activated/one_for_all5"
          ]
        }
      },
      "wesl3y:one_for_all8": {
        "add": {
          "component_groups": [
            "wesl3y:one_for_all8"
          ]
        },
        "remove": {
          "component_groups": [
            "wesl3y:base"
          ]
        },
        "run_command": {
          "command": [
            "function activated/one_for_all8"
          ]
        }
      },
      "wesl3y:one_for_all10": {
        "add": {
          "component_groups": [
            "wesl3y:one_for_all10"
          ]
        },
        "remove": {
          "component_groups": [
            "wesl3y:base"
          ]
        },
        "run_command": {
          "command": [
            "function activated/one_for_all10"
          ]
        }
      },
      "wesl3y:one_for_all15": {
        "add": {
          "component_groups": [
            "wesl3y:one_for_all15"
          ]
        },
        "remove": {
          "component_groups": [
            "wesl3y:base"
          ]
        },
        "run_command": {
          "command": [
            "function activated/one_for_all15"
          ]
        }
      },
      "wesl3y:one_for_all20": {
        "add": {
          "component_groups": [
            "wesl3y:one_for_all20"
          ]
        },
        "remove": {
          "component_groups": [
            "wesl3y:base"
          ]
        },
        "run_command": {
          "command": [
            "function activated/one_for_all20"
          ]
        }
      },
      "wesl3y:one_for_all30": {
        "add": {
          "component_groups": [
            "wesl3y:one_for_all30"
          ]
        },
        "remove": {
          "component_groups": [
            "wesl3y:base"
          ]
        },
        "run_command": {
          "command": [
            "function activated/one_for_all30"
          ]
        }
      },
      "wesl3y:one_for_all50": {
        "add": {
          "component_groups": [
            "wesl3y:one_for_all50"
          ]
        },
        "remove": {
          "component_groups": [
            "wesl3y:base"
          ]
        },
        "run_command": {
          "command": [
            "function activated/one_for_all50"
          ]
        }
      },
      "wesl3y:one_for_all100": {
        "add": {
          "component_groups": [
            "wesl3y:one_for_all100"
          ]
        },
        "remove": {
          "component_groups": [
            "wesl3y:base"
          ]
        },
        "run_command": {
          "command": [
            "function activated/one_for_all100"
          ]
        }
      },
      "wesl3y:size_long": {
        "add": {
          "component_groups": [
            "wesl3y:size_long"
          ]
        }
      },
      "wesl3y:one_for_all_long": {
        "add": {
          "component_groups": [
            "wesl3y:one_for_all_long"
          ]
        }
      },
      "wesl3y:remove_permeation": {
        "run_command": {
          "command": [
            "tag @s remove permeation",
            "gamemode s @s"
          ]
        }
      },
      "wesl3y:hero_name": {
        "randomize": [
          {
            "weight": 10,
            "run_command": {
              "command": [
                "tag @s add all_might",
                "tag @s remove bakugou",
                "tag @s remove deku",
                "tag @s remove endeavor",
                "tag @s remove rule",
                "tag @s remove shoto",
                "tag @s remove tsukuyomi"
              ]
            }
          },
          {
            "weight": 10,
            "run_command": {
              "command": [
                "tag @s remove all_might",
                "tag @s add bakugou",
                "tag @s remove deku",
                "tag @s remove endeavor",
                "tag @s remove rule",
                "tag @s remove shoto",
                "tag @s remove tsukuyomi"
              ]
            }
          },
          {
            "weight": 10,
            "run_command": {
              "command": [
                "tag @s remove bakugou",
                "tag @s remove all_might",
                "tag @s add deku",
                "tag @s remove endeavor",
                "tag @s remove rule",
                "tag @s remove shoto",
                "tag @s remove tsukuyomi"
              ]
            }
          },
          {
            "weight": 10,
            "run_command": {
              "command": [
                "tag @s remove bakugou",
                "tag @s remove all_might",
                "tag @s remove deku",
                "tag @s add endeavor",
                "tag @s remove rule",
                "tag @s remove shoto",
                "tag @s remove tsukuyomi"
              ]
            }
          },
          {
            "weight": 10,
            "run_command": {
              "command": [
                "tag @s remove bakugou",
                "tag @s remove all_might",
                "tag @s remove deku",
                "tag @s remove endeavor",
                "tag @s add rule",
                "tag @s remove shoto",
                "tag @s remove tsukuyomi"
              ]
            }
          },
          {
            "weight": 10,
            "run_command": {
              "command": [
                "tag @s remove bakugou",
                "tag @s remove all_might",
                "tag @s remove deku",
                "tag @s remove endeavor",
                "tag @s remove rule",
                "tag @s add shoto",
                "tag @s remove tsukuyomi"
              ]
            }
          },
          {
            "weight": 10,
            "run_command": {
              "command": [
                "tag @s remove bakugou",
                "tag @s remove all_might",
                "tag @s remove deku",
                "tag @s remove endeavor",
                "tag @s remove rule",
                "tag @s remove shoto",
                "tag @s add tsukuyomi"
              ]
            }
          }
        ]
      },
      "wesl3y:villain_name": {
        "randomize": [
          {
            "weight": 10,
            "run_command": {
              "command": [
                "tag @s add dabi",
                "tag @s remove shigaraki"
              ]
            }
          },
          {
            "weight": 10,
            "run_command": {
              "command": [
                "tag @s remove dabi",
                "tag @s add shigaraki"
              ]
            }
          }
        ]
      },
      "wesl3y:health.1": {
        "add": {
          "component_groups": [
            "wesl3y:health.1"
          ]
        }
      },
      "wesl3y:health.2": {
        "add": {
          "component_groups": [
            "wesl3y:health.2"
          ]
        }
      },
      "wesl3y:health.3": {
        "add": {
          "component_groups": [
            "wesl3y:health.3"
          ]
        }
      },
      "wesl3y:health.4": {
        "add": {
          "component_groups": [
            "wesl3y:health.4"
          ]
        }
      },
      "wesl3y:health.5": {
        "add": {
          "component_groups": [
            "wesl3y:health.5"
          ]
        }
      },
      "wesl3y:health.6": {
        "add": {
          "component_groups": [
            "wesl3y:health.6"
          ]
        }
      },
      "wesl3y:health.7": {
        "add": {
          "component_groups": [
            "wesl3y:health.7"
          ]
        }
      },
      "wesl3y:health.8": {
        "add": {
          "component_groups": [
            "wesl3y:health.8"
          ]
        }
      },
      "wesl3y:health.9": {
        "add": {
          "component_groups": [
            "wesl3y:health.9"
          ]
        }
      },
      "wesl3y:health.10": {
        "add": {
          "component_groups": [
            "wesl3y:health.10"
          ]
        }
      },
      "wesl3y:health.11": {
        "add": {
          "component_groups": [
            "wesl3y:health.11"
          ]
        }
      },
      "wesl3y:health.12": {
        "add": {
          "component_groups": [
            "wesl3y:health.12"
          ]
        }
      },
      "wesl3y:health.13": {
        "add": {
          "component_groups": [
            "wesl3y:health.13"
          ]
        }
      },
      "wesl3y:health.14": {
        "add": {
          "component_groups": [
            "wesl3y:health.14"
          ]
        }
      },
      "wesl3y:health.15": {
        "add": {
          "component_groups": [
            "wesl3y:health.15"
          ]
        }
      },
      "wesl3y:health.16": {
        "add": {
          "component_groups": [
            "wesl3y:health.16"
          ]
        }
      },
      "wesl3y:health.17": {
        "add": {
          "component_groups": [
            "wesl3y:health.17"
          ]
        }
      },
      "wesl3y:health.18": {
        "add": {
          "component_groups": [
            "wesl3y:health.18"
          ]
        }
      },
      "wesl3y:health.19": {
        "add": {
          "component_groups": [
            "wesl3y:health.19"
          ]
        }
      },
      "wesl3y:health.20": {
        "add": {
          "component_groups": [
            "wesl3y:health.20"
          ]
        }
      },
      "wesl3y:strength.1": {
        "add": {
          "component_groups": [
            "wesl3y:strength.1"
          ]
        }
      },
      "wesl3y:strength.2": {
        "add": {
          "component_groups": [
            "wesl3y:strength.2"
          ]
        }
      },
      "wesl3y:strength.3": {
        "add": {
          "component_groups": [
            "wesl3y:strength.3"
          ]
        }
      },
      "wesl3y:strength.4": {
        "add": {
          "component_groups": [
            "wesl3y:strength.4"
          ]
        }
      },
      "wesl3y:strength.5": {
        "add": {
          "component_groups": [
            "wesl3y:strength.5"
          ]
        }
      },
      "wesl3y:strength.6": {
        "add": {
          "component_groups": [
            "wesl3y:strength.6"
          ]
        }
      },
      "wesl3y:strength.7": {
        "add": {
          "component_groups": [
            "wesl3y:strength.7"
          ]
        }
      },
      "wesl3y:strength.8": {
        "add": {
          "component_groups": [
            "wesl3y:strength.8"
          ]
        }
      },
      "wesl3y:strength.9": {
        "add": {
          "component_groups": [
            "wesl3y:strength.9"
          ]
        }
      },
      "wesl3y:strength.10": {
        "add": {
          "component_groups": [
            "wesl3y:strength.10"
          ]
        }
      },
      "wesl3y:strength.11": {
        "add": {
          "component_groups": [
            "wesl3y:strength.11"
          ]
        }
      },
      "wesl3y:strength.12": {
        "add": {
          "component_groups": [
            "wesl3y:strength.12"
          ]
        }
      },
      "wesl3y:strength.13": {
        "add": {
          "component_groups": [
            "wesl3y:strength.13"
          ]
        }
      },
      "wesl3y:strength.14": {
        "add": {
          "component_groups": [
            "wesl3y:strength.14"
          ]
        }
      },
      "wesl3y:strength.15": {
        "add": {
          "component_groups": [
            "wesl3y:strength.15"
          ]
        }
      },
      "wesl3y:strength.16": {
        "add": {
          "component_groups": [
            "wesl3y:strength.16"
          ]
        }
      },
      "wesl3y:strength.17": {
        "add": {
          "component_groups": [
            "wesl3y:strength.17"
          ]
        }
      },
      "wesl3y:strength.18": {
        "add": {
          "component_groups": [
            "wesl3y:strength.18"
          ]
        }
      },
      "wesl3y:strength.19": {
        "add": {
          "component_groups": [
            "wesl3y:strength.19"
          ]
        }
      },
      "wesl3y:strength.20": {
        "add": {
          "component_groups": [
            "wesl3y:strength.20"
          ]
        }
      },
      "wesl3y:strength.21": {
        "add": {
          "component_groups": [
            "wesl3y:strength.21"
          ]
        }
      },
      "wesl3y:strength.22": {
        "add": {
          "component_groups": [
            "wesl3y:strength.22"
          ]
        }
      },
      "wesl3y:strength.23": {
        "add": {
          "component_groups": [
            "wesl3y:strength.23"
          ]
        }
      },
      "wesl3y:strength.24": {
        "add": {
          "component_groups": [
            "wesl3y:strength.24"
          ]
        }
      },
      "wesl3y:strength.25": {
        "add": {
          "component_groups": [
            "wesl3y:strength.25"
          ]
        }
      },
      "wesl3y:strength.26": {
        "add": {
          "component_groups": [
            "wesl3y:strength.26"
          ]
        }
      },
      "wesl3y:strength.27": {
        "add": {
          "component_groups": [
            "wesl3y:strength.27"
          ]
        }
      },
      "wesl3y:strength.28": {
        "add": {
          "component_groups": [
            "wesl3y:strength.28"
          ]
        }
      },
      "wesl3y:strength.29": {
        "add": {
          "component_groups": [
            "wesl3y:strength.29"
          ]
        }
      },
      "wesl3y:strength.30": {
        "add": {
          "component_groups": [
            "wesl3y:strength.30"
          ]
        }
      },
      "wesl3y:strength.31": {
        "add": {
          "component_groups": [
            "wesl3y:strength.31"
          ]
        }
      },
      "wesl3y:strength.32": {
        "add": {
          "component_groups": [
            "wesl3y:strength.32"
          ]
        }
      },
      "wesl3y:strength.33": {
        "add": {
          "component_groups": [
            "wesl3y:strength.33"
          ]
        }
      },
      "wesl3y:strength.34": {
        "add": {
          "component_groups": [
            "wesl3y:strength.34"
          ]
        }
      },
      "wesl3y:strength.35": {
        "add": {
          "component_groups": [
            "wesl3y:strength.35"
          ]
        }
      },
      "wesl3y:strength.36": {
        "add": {
          "component_groups": [
            "wesl3y:strength.36"
          ]
        }
      },
      "wesl3y:strength.37": {
        "add": {
          "component_groups": [
            "wesl3y:strength.37"
          ]
        }
      },
      "wesl3y:strength.38": {
        "add": {
          "component_groups": [
            "wesl3y:strength.38"
          ]
        }
      },
      "wesl3y:strength.39": {
        "add": {
          "component_groups": [
            "wesl3y:strength.39"
          ]
        }
      },
      "wesl3y:strength.40": {
        "add": {
          "component_groups": [
            "wesl3y:strength.40"
          ]
        }
      },
      "wesl3y:strength.41": {
        "add": {
          "component_groups": [
            "wesl3y:strength.41"
          ]
        }
      },
      "wesl3y:strength.42": {
        "add": {
          "component_groups": [
            "wesl3y:strength.42"
          ]
        }
      },
      "wesl3y:strength.43": {
        "add": {
          "component_groups": [
            "wesl3y:strength.43"
          ]
        }
      },
      "wesl3y:strength.44": {
        "add": {
          "component_groups": [
            "wesl3y:strength.44"
          ]
        }
      },
      "wesl3y:strength.45": {
        "add": {
          "component_groups": [
            "wesl3y:strength.45"
          ]
        }
      },
      "wesl3y:strength.46": {
        "add": {
          "component_groups": [
            "wesl3y:strength.46"
          ]
        }
      },
      "wesl3y:strength.47": {
        "add": {
          "component_groups": [
            "wesl3y:strength.47"
          ]
        }
      },
      "wesl3y:strength.48": {
        "add": {
          "component_groups": [
            "wesl3y:strength.48"
          ]
        }
      },
      "wesl3y:strength.49": {
        "add": {
          "component_groups": [
            "wesl3y:strength.49"
          ]
        }
      },
      "wesl3y:strength.50": {
        "add": {
          "component_groups": [
            "wesl3y:strength.50"
          ]
        }
      },
      "wesl3y:speed_jump.0": {
        "add": {
          "component_groups": [
            "wesl3y:speed_jump.0"
          ]
        }
      },
      "wesl3y:speed.10": {
        "add": {
          "component_groups": [
            "wesl3y:speed.10"
          ]
        }
      },
      "minecraft:gain_bad_omen": {
        "add": {
          "component_groups": [
            "minecraft:add_bad_omen"
          ]
        }
      },
      "minecraft:clear_add_bad_omen": {
        "remove": {
          "component_groups": [
            "minecraft:add_bad_omen"
          ]
        },
        "add": {
          "component_groups": [
            "minecraft:clear_bad_omen_spell_effect"
          ]
        }
      },
      "minecraft:trigger_raid": {
        "add": {
          "component_groups": [
            "minecraft:raid_trigger"
          ]
        }
      },
      "minecraft:remove_raid_trigger": {
        "remove": {
          "component_groups": [
            "minecraft:raid_trigger"
          ]
        }
      }
    }
  }
}