{
	"format_version": "1.12.0",
	"minecraft:geometry": [
		{
			"description": {
				"identifier": "geometry.nothing",
				"texture_width": 64,
				"texture_height": 64,
				"visible_bounds_width": 4,
				"visible_bounds_height": 10,
				"visible_bounds_offset": [0, -2, 0]
			},
			"bones": [
				{
					"name": "Not",
					"pivot": [0, 0, 0],
					"cubes": [
						{
							"origin": [-1.1, -117, -1],
							"size": [0.1, 0.1, 0.1],
							"uv": {
								"north": {"uv": [0, 0], "uv_size": [0.1, 0.1]},
								"east": {"uv": [0, 0], "uv_size": [0.1, 0.1]},
								"south": {"uv": [0, 0], "uv_size": [0.1, 0.1]},
								"west": {"uv": [0, 0], "uv_size": [0.1, 0.1]},
								"up": {"uv": [0.1, 0.1], "uv_size": [-0.1, -0.1]},
								"down": {"uv": [0.1, 0.1], "uv_size": [-0.1, -0.1]}
							}
						}
					],
					"locators": {
						"particle": [0, 0, 7]
					}
				}
			]
		}
	]
}