{
	"format_version": "1.10.0",
	"minecraft:attachable": {
		"description": { 
			"identifier": "stk:katana3",
			"item": { 
				"stk:katana3": "query.owner_identifier == 'minecraft:player'"
			},
			"materials": {
				"default": "armor",
				"enchanted": "armor_enchanted"
			},
			"textures": {
				"default": "textures/armas/katana",
				"enchanted": "textures/misc/emerald_enchanted_glint"
			},
			"geometry": {
				"default": "geometry.katana3"
			},
      "animations": {
        "default_controller": "controller.animation.slime",
    "default": "animation.scream.stop",
    "agachar": "animation.scream.snek",
    "andar": "animation.walk",
    "correr": "animation.run",
    "pular": "animation.pular"
			},
			"scripts": {
				"parent_setup": "variable.chest_layer_visible = 0.0;"
			},
			"render_controllers": [
				"controller.render.armor"
			]
		}
	}
}