{
  "tiers": [
    {
      "trades": [
        {
          "wants": [
            {
              "item": "stk:energy",
              "quantity": {
                "min": 10,
                "max": 10
              }
            }
          ],
          "gives": [
            {
                  "item": "stk:potion",
                  "quantity": 1
                }
              ],
              "max_uses": 99999999,
              "reward_exp": false
            },
        {
          "wants": [
            {
              "item": "stk:sfrag",
              "quantity": {
                "min": 20,
                "max": 20
              }
            }
          ],
          "gives": [
            {
              "item": "stk:potion2",
                  "quantity": 1
                }
              ],
              "max_uses": 99999999,
              "reward_exp": false
            },
        {
          "wants": [
            {
              "item": "stk:menergy",
              "quantity": {
                "min": 20,
                "max": 20
              }
            }
          ],
          "gives": [
            {
              "item": "stk:potion3",
                  "quantity": 1
                }
              ],
              "max_uses": 99999999,
              "reward_exp": false

            
            }
            
            ]
      
    }
  ]
}