{
	"format_version": "1.12.0",
	"minecraft:geometry": [
		{
			"description": {
				"identifier": "geometry.yamamoto2",
				"texture_width": 64,
				"texture_height": 64,
				"visible_bounds_width": 2,
				"visible_bounds_height": 3.5,
				"visible_bounds_offset": [0, 1.25, 0]
			},
			"bones": [
				{
					"name": "root",
					"pivot": [0, 0, 0],
					"locators": {
					    "hp": [0, 38, 0],
						"root_yamamoto": [0, 0, 0]
					}
				},
				{
					"name": "waist",
					"parent": "root",
					"pivot": [0, 12, 0],
					"locators": {
						"waist_yamamoto": [0, 12, 0]
					}
				},
				{
					"name": "body",
					"parent": "waist",
					"pivot": [0, 24, 0],
					"cubes": [
						{"origin": [-4, 12, -2], "size": [8, 12, 4], "uv": [0, 16]},
						{"origin": [-4, 10.5, -2], "size": [1, 4, 4], "inflate": 0.05, "pivot": [-4, 14.5, 1.75], "rotation": [0, 0, 10], "uv": [0, 48]},
						{"origin": [3, 10.5, -2], "size": [1, 4, 4], "inflate": 0.05, "pivot": [4, 14.5, 1.75], "rotation": [0, 0, -10], "uv": [0, 48], "mirror": true},
						{"origin": [-4, 10.5, 1], "size": [8, 4, 1], "inflate": 0.05, "pivot": [0, 14.5, 2], "rotation": [10, 0, 0], "uv": [0, 56]}
					]
				},
				{
					"name": "head",
					"parent": "body",
					"pivot": [0, 24, 0],
					"cubes": [
						{"origin": [-4, 24, -4], "size": [8, 8, 8], "uv": [0, 0]},
						{"origin": [-1.75, 18, -4.2], "size": [3.5, 3, 1], "uv": [20, 16]},
						{"origin": [-1.75, 21, -4.2], "size": [3.5, 3, 1], "uv": [20, 16]},
						{"origin": [-1.75, 14, -3.9], "size": [3.5, 4, 1], "uv": [0, 0]},
						{"origin": [-4, 21, -4.2], "size": [8, 5, 1], "uv": [16, 32]},
						{"origin": [4, 25, -3.6], "size": [2, 3, 1], "inflate": 0.1, "uv": [24, 0], "mirror": true},
						{"origin": [-6, 25, -3.6], "size": [2, 3, 1], "inflate": 0.1, "uv": [24, 0]},
						{"origin": [1, 27, -4.2], "size": [3, 1, 1], "inflate": 0.1, "uv": [0, 5], "mirror": true},
						{"origin": [-4, 27, -4.2], "size": [3, 1, 1], "inflate": 0.1, "uv": [0, 5]}
					]
				},
				{
					"name": "rightArm",
					"parent": "body",
					"pivot": [-5, 22, 0],
					"cubes": [
						{"origin": [-8, 12, -2], "size": [4, 12, 4], "uv": [0, 32]}
					]
				},
				{
					"name": "leftArm",
					"parent": "body",
					"pivot": [5, 22, 0],
					"cubes": [
						{"origin": [4, 12, -2], "size": [4, 12, 4], "uv": [0, 32], "mirror": true}
					]
				},
				{
					"name": "rightLeg",
					"parent": "root",
					"pivot": [-2, 12, 0],
					"cubes": [
						{"origin": [-4, 0, -2], "size": [4, 12, 4], "uv": [24, 16]},
						{"origin": [-4, 5, -2], "size": [4, 3, 4], "inflate": 0.3, "uv": [30, 34]}
					]
				},
				{
					"name": "leftLeg",
					"parent": "root",
					"pivot": [2, 12, 0],
					"cubes": [
						{"origin": [0, 0, -2], "size": [4, 12, 4], "uv": [24, 16], "mirror": true},
						{"origin": [0, 5, -2], "size": [4, 3, 4], "inflate": 0.3, "uv": [30, 34], "mirror": true}
					]
				}
			]
		}
	]
}