{
  "format_version": "1.10.0",
  "animation_controllers" : {
    "controller.animation.katana" : {
      "initial_state": "default",
      "states" : {
        "default" : {
          "blend_transition": 0.1,
          "transitions" : [
            { "mogura": "q.get_equipped_item_name == 'mogura' && !q.equipped_item_any_tag('slot.weapon.offhand','katana')" },
            { "oden_nitoryu": "q.equipped_item_any_tag('slot.weapon.mainhand','katana') && q.equipped_item_any_tag('slot.weapon.offhand','katana')" },
            { "oden_nitoryu": "q.get_equipped_item_name == 'enma' && q.get_equipped_item_name('off_hand') == 'ame_no_habakiri'" },
            { "yoru": "q.get_equipped_item_name == 'kiribachi' && !q.equipped_item_any_tag('slot.weapon.offhand','katana')" },
            { "yoru": "q.get_equipped_item_name == 'yoru' && !q.equipped_item_any_tag('slot.weapon.offhand','katana')" },
            { "yoru": "q.get_equipped_item_name == 'yoru2' && !q.equipped_item_any_tag('slot.weapon.offhand','katana')" },
            { "katana": "q.get_equipped_item_name == 'ame_no_habakiri' && !q.equipped_item_any_tag('slot.weapon.offhand','katana')" },
            { "katana": "q.get_equipped_item_name == 'enma' && !q.equipped_item_any_tag('slot.weapon.offhand','katana')" },
            { "katana": "q.get_equipped_item_name == 'gryphon' && !q.equipped_item_any_tag('slot.weapon.offhand','katana')" },
            { "katana": "q.get_equipped_item_name == 'katana' && !q.equipped_item_any_tag('slot.weapon.offhand','katana')" },
            { "katana": "q.get_equipped_item_name == 'sandai_kitetsu' && !q.equipped_item_any_tag('slot.weapon.offhand','katana')" }
          ]
        },
        "katana" : {
          "animations" : [
            { "katana_idle": "query.is_on_ground && !query.is_moving && !variable.is_first_person" },
            { "katana_firstperson": "variable.is_first_person" }
          ],
          "blend_transition": 0.1,
          "transitions" : [
            {"default": "!q.equipped_item_any_tag('slot.weapon.mainhand','katana')"},
            {"default": "q.equipped_item_any_tag('slot.weapon.offhand','katana')"},
            {"katana_attack": "variable.attack_time > 0"}
          ]
        },
        "katana_attack" : {
          "animations" : ["katana_slash"],
          "blend_transition": 0.15,
          "transitions" : [
            {"default": "!q.equipped_item_any_tag('slot.weapon.mainhand','katana')"},
            {"default": "query.any_animation_finished && !variable.attack_time"},
            {"katana_attack2": "query.any_animation_finished && variable.attack_time > 0"}
          ]
        },
        "katana_attack2" : {
          "animations" : ["katana_slash2"],
          "blend_transition": 0.15,
          "transitions" : [
            {"default": "!q.equipped_item_any_tag('slot.weapon.mainhand','katana')"},
            {"default": "query.any_animation_finished && !variable.attack_time"},
            {"katana_attack3": "query.any_animation_finished && variable.attack_time > 0"}
          ]
        },
        "katana_attack3" : {
          "animations" : ["katana_slash3"],
          "blend_transition": 0.15,
          "transitions" : [
            {"default": "!q.equipped_item_any_tag('slot.weapon.mainhand','katana')"},
            {"default": "query.any_animation_finished"}
          ]
        },
        "mogura" : {
          "animations" : [
            { "mogura_idle": "query.is_on_ground && !query.is_moving && !variable.is_first_person" },
            { "katana_firstperson": "variable.is_first_person" }
          ],
          "blend_transition": 0.1,
          "transitions" : [
            {"default": "q.get_equipped_item_name != 'mogura'"},
            {"default": "q.equipped_item_any_tag('slot.weapon.offhand','katana')"},
            {"mogura_attack": "variable.attack_time > 0"}
          ]
        },
        "mogura_attack" : {
          "animations" : ["mogura_slash"],
          "blend_transition": 0.15,
          "transitions" : [
            {"default": "q.get_equipped_item_name != 'mogura'"},
            {"default": "query.any_animation_finished && !variable.attack_time"},
            {"mogura_attack2": "query.any_animation_finished && variable.attack_time > 0"}
          ]
        },
        "mogura_attack2" : {
          "animations" : ["mogura_slash2"],
          "blend_transition": 0.15,
          "transitions" : [
            {"default": "q.get_equipped_item_name != 'mogura'"},
            {"default": "query.any_animation_finished && !variable.attack_time"},
            {"mogura_attack3": "query.any_animation_finished && variable.attack_time > 0"}
          ]
        },
        "mogura_attack3" : {
          "animations" : ["mogura_slash3"],
          "blend_transition": 0.15,
          "transitions" : [
            {"default": "q.get_equipped_item_name != 'mogura'"},
            {"default": "query.any_animation_finished"}
          ]
        },
        "oden_nitoryu" : {
          "animations" : [
            { "oden_nitoryu_idle": "!variable.is_first_person && q.property('wesl3y:skill') == 0" },
            //{ "oden_nitoryu_walk": "query.ground_speed > 4 && !variable.is_first_person && q.property('wesl3y:skill') == 0" },
            { "katana_firstperson": "variable.is_first_person" }
          ],
          "blend_transition": 0.1,
          "transitions" : [
            {"default": "!q.equipped_item_any_tag('slot.weapon.offhand','katana')"},
            {"default": "!q.equipped_item_any_tag('slot.weapon.mainhand','katana')"},
            {"oden_nitoryu_attack": "variable.attack_time > 0"}
          ]
        },
        "oden_nitoryu_attack" : {
          "animations" : ["oden_nitoryu_slash"],
          "blend_transition": 0.15,
          "transitions" : [
            {"default": "!q.equipped_item_any_tag('slot.weapon.mainhand','katana')"},
            {"default": "!q.equipped_item_any_tag('slot.weapon.offhand','katana')"},
            {"default": "query.any_animation_finished && !variable.attack_time"},
            {"oden_nitoryu_attack2": "query.any_animation_finished && variable.attack_time > 0"}
          ]
        },
        "oden_nitoryu_attack2" : {
          "animations" : ["oden_nitoryu_slash2"],
          "blend_transition": 0.15,
          "transitions" : [
            {"default": "!q.equipped_item_any_tag('slot.weapon.mainhand','katana')"},
            {"default": "!q.equipped_item_any_tag('slot.weapon.offhand','katana')"},
            {"default": "query.any_animation_finished && !variable.attack_time"},
            {"oden_nitoryu_attack3": "query.any_animation_finished && variable.attack_time > 0"}
          ]
        },
        "oden_nitoryu_attack3" : {
          "animations" : ["oden_nitoryu_slash3"],
          "blend_transition": 0.15,
          "transitions" : [
            {"default": "!q.equipped_item_any_tag('slot.weapon.mainhand','katana')"},
            {"default": "!q.equipped_item_any_tag('slot.weapon.offhand','katana')"},
            {"default": "query.any_animation_finished"}
          ]
        },
        "yoru" : {
          "animations" : [
            { "yoru_idle": "query.is_on_ground && !query.is_moving && !variable.is_first_person" },
            { "katana_firstperson": "variable.is_first_person" }
          ],
          "blend_transition": 0.1,
          "transitions" : [
            {"default": "q.get_equipped_item_name != 'kiribachi' && q.get_equipped_item_name != 'yoru' && q.get_equipped_item_name != 'yoru2'"},
            {"default": "q.equipped_item_any_tag('slot.weapon.offhand','katana')"},
            {"yoru_attack": "variable.attack_time > 0 && !q.is_using_item && q.property('wesl3y:skill') == 0"}
          ]
        },
        "yoru_attack" : {
          "animations" : ["yoru_slash"],
          "blend_transition": 0.15,
          "transitions" : [
            {"default": "q.get_equipped_item_name != 'kiribachi' && q.get_equipped_item_name != 'yoru' && q.get_equipped_item_name != 'yoru2'"},
            {"default": "query.any_animation_finished && !variable.attack_time"},
            {"yoru_attack2": "query.any_animation_finished && variable.attack_time > 0"}
          ]
        },
        "yoru_attack2" : {
          "animations" : ["yoru_slash2"],
          "blend_transition": 0.15,
          "transitions" : [
            {"default": "q.get_equipped_item_name != 'kiribachi' && q.get_equipped_item_name != 'yoru' && q.get_equipped_item_name != 'yoru2'"},
            {"default": "query.any_animation_finished && !variable.attack_time"},
            {"yoru_attack3": "query.any_animation_finished && variable.attack_time > 0"}
          ]
        },
        "yoru_attack3" : {
          "animations" : ["yoru_slash3"],
          "blend_transition": 0.15,
          "transitions" : [
            {"default": "query.any_animation_finished"},
            {"default": "q.get_equipped_item_name != 'kiribachi' && q.get_equipped_item_name != 'yoru' && q.get_equipped_item_name != 'yoru2'"}
          ]
        }
      }
    }
  }
}
