{
  "third_party_server_screen@common.base_screen": {
    "force_render_below": true,
    "$screen_content": "server_form.mugiwara_contents",
    "$screen_animations": [],
    "$background_animations": [],
    "button_mappings": [
      {
        "from_button_id": "button.menu_cancel",
        "to_button_id": "button.menu_exit",
        "mapping_type": "global"
      }
    ]
  },
  "mugiwara_contents": {
    "type": "panel",
    "controls": [
      {
        "server_form_factory": {
          "type": "factory",
          "control_ids": {
            "long_form": "@server_form.mugiwara_form"
          }
        }
      }
    ]
  },
  "mugiwara_form": {
    "type": "panel",
    "controls": [
      {
        "menu@server_form.mugiwara_long_form": {
          "size": [288, 176],
          "$background_texture": "textures/ui/menu/gui",
          "$view_content": "menu@server_form.mugiwara_menu",
          "bindings": [
            {
              "binding_name": "#title_text",
              "binding_type": "global"
            },
            {
              "binding_type": "view",
              "source_property_name": "(#title_text = 'Menu')",
              "target_property_name": "#visible"
            }
          ]
        }
      },
      {
        "menu@server_form.mugiwara_long_form": {
          "size": [288, 176],
          "$background_texture": "textures/ui/menu/menu",
          "$view_content": "menu@server_form.mugiwara_menu2",
          "bindings": [
            {
              "binding_name": "#title_text",
              "binding_type": "global"
            },
            {
              "binding_type": "view",
              "source_property_name": "(#title_text = 'Start')",
              "target_property_name": "#visible"
            }
          ]
        }
      },
      {
        "missions@server_form.mugiwara_long_form": {
          "$view_content": "missions@server_form.mugiwara_missions",
          "bindings": [
            {
              "binding_name": "#title_text",
              "binding_type": "global"
            },
            {
              "binding_type": "view",
              "source_property_name": "(#title_text = 'Missions')",
              "target_property_name": "#visible"
            }
          ]
        }
      },
      {
        "shop@server_form.mugiwara_long_form": {
          "size": [144, 224],
          "$background_texture": "textures/ui/menu/shop",
          "$view_content": "shop@server_form.mugiwara_shop",
          "bindings": [
            {
              "binding_name": "#title_text",
              "binding_type": "global"
            },
            {
              "binding_type": "view",
              "source_property_name": "(#title_text = 'Shop')",
              "target_property_name": "#visible"
            }
          ]
        }
      },
      {
        "stats@server_form.mugiwara_long_form": {
          "size": [288, 176],
          "$background_texture": "textures/ui/menu/stats",
          "$view_content": "menu@server_form.mugiwara_stats",
          "bindings": [
            {
              "binding_name": "#title_text",
              "binding_type": "global"
            },
            {
              "binding_type": "view",
              "source_property_name": "(#title_text = 'Stats')",
              "target_property_name": "#visible"
            }
          ]
        }
      }
    ]
  },
  "mugiwara_long_form@common_dialogs.main_panel_no_buttons": {
    "size": [256, 128],
    "$custom_background": "server_form.mugiwara_background",
    "$default_button_texture": "textures/ui/menu/button",
    "$child_control": "server_form.mugiwara_view_content",
    "layer": 2
  },
  "mugiwara_view_content": {
    "type": "panel",
    "layer": 1,
    "controls": [
      {
        "$view_content": {}
      }
    ]
  },
  "mugiwara_background": {
    "type": "image",
    "texture": "$background_texture",
    "$background_texture|default": "textures/ui/gui/gui"
  },
  "mugiwara_form_button@common_buttons.light_text_button": {
    "$pressed_button_name": "button.form_button_click",
    "anchor_from": "top_left",
    "anchor_to": "top_left",
    "size": "$button_size",
    "$button_size|default": ["fill", 32],
    "$button_text_binding_type": "collection",
    "$button_text_grid_collection_name": "form_buttons",
    "$button_type_panel": "server_form.mugiwara_button_label",
    "bindings": [
      {
        "binding_type": "collection_details",
        "binding_collection_name": "form_buttons"
      }
    ]
  },
  "mugiwara_button_label": {
    "type": "label",
    "anchor_from": "$button_label_from",
    "anchor_to": "$button_label_to",
    "text": "#form_button_text",
    "text_alignment": "left",
    "font_scale_factor": "$font_scale_factor",
    "color": "$color",
    "max_size": "$button_text_max_size",
    "$font_scale_factor|default": 1,
    "$color|default": "black",
    "$button_text_max_size|default": ["100%", 20],
    "$button_label_from|default": "left",
    "$button_label_to|default": "left",
    "bindings": [
      {
        "binding_name": "#form_button_text",
        "binding_type": "collection",
        "binding_collection_name": "form_buttons"
      }
    ]
  },
  "mugiwara_menu": {
    "type": "panel",
    "controls": [
      {
        "player": {
          "type": "custom",
          "renderer": "live_player_renderer",
          "size": [
            50,
            50
          ],
          "offset": [
            15,
            -5
          ],
          "anchor_from": "left_middle",
          "anchor_to": "left_middle",
          "layer": 2,
          "property_bag": {
            "#look_at_cursor": true
          }
        }
      },
      {
        "description": {
          "type": "label",
          "size": ["100%", "100%"],
          "offset": [75, 40],
          "text": "#form_text",
          "color": "black",
          "shadow": false
        }
      },
      {
        "buttons": {
          "type": "panel",
          "controls": [
            {
              "button_0": {
                "type": "stack_panel",
                "size": ["30%", "100%c"],
                "offset": [0, 0],
                "anchor_from": "bottom_right",
                "anchor_to": "bottom_right",
                "collection_name": "form_buttons",
                "controls": [
                  {
                    "button@server_form.mugiwara_form_button": {
                      "size": ["100%", "20px"],
                      "collection_index": 0
                    }
                  }
                ]
              }
            }
          ]
        }
      }
    ]
  },
  "mugiwara_menu2": {
    "type": "panel",
    "controls": [
      {
        "description": {
          "type": "label",
          "size": ["100%", "100%"],
          "offset": [0, 35],
          "text": "#form_text",
          "color": "black",
          "shadow": false
        }
      },
      {
        "buttons": {
          "type": "panel",
          "controls": [
            {
              "button_0": {
                "type": "stack_panel",
                "size": ["30%", "100%c"],
                "offset": [0, 5],
                "anchor_from": "right_middle",
                "anchor_to": "right_middle",
                "collection_name": "form_buttons",
                "controls": [
                  {
                    "button@server_form.mugiwara_form_button": {
                      "size": ["100%", "20px"],
                      "collection_index": 0
                    }
                  }
                ]
              }
            },
            {
              "button_1": {
                "type": "stack_panel",
                "size": ["30%", "100%c"],
                "offset": [0, 0],
                "anchor_from": "bottom_right",
                "anchor_to": "bottom_right",
                "collection_name": "form_buttons",
                "controls": [
                  {
                    "button@server_form.mugiwara_form_button": {
                      "size": ["100%", "20px"],
                      "collection_index": 1
                    }
                  }
                ]
              }
            }
          ]
        }
      }
    ]
  },
  "mugiwara_missions": {
    "type": "panel",
    "controls": [
      {
        "description": {
          "type": "label",
          "size": ["100%", "100%"],
          "anchor_from": "right_middle",
          "anchor_to": "right_middle",
          "text": "#form_text",
          "color": "black",
          "shadow": false
        }
      },
      {
        "buttons": {
          "type": "panel",
          "controls": [
            {
              "button_1": {
                "type": "stack_panel",
                "size": ["20%", "100%c"],
                "anchor_from": "bottom_right",
                "anchor_to": "bottom_right",
                "collection_name": "form_buttons",
                "controls": [
                  {
                    "button@server_form.mugiwara_form_button": {
                      "size": ["100%", "20px"],
                      "collection_index": 1
                    }
                  }
                ]
              }
            }
          ]
        }
      }
    ]
  },
  "mugiwara_shop": {
    "type": "panel",
    "controls": [
      {
        "scrolling_panel@common.scrolling_panel": {
          "anchor_to": "top_left",
          "anchor_from": "top_left",
          "offset": [0, 15],
          "$show_background": false,
          "size": ["100%", "90%"],
          "$scrolling_content": "server_form.long_form_scrolling_content",
          "$scroll_size": [5, "100% - 4px"],
          "$scrolling_pane_size": ["100% - 4px", "100% - 2px"],
          "$scrolling_pane_offset": [2, 0],
          "$scroll_bar_right_padding_size": [0, 0]
        }
      }
    ]
  },
  "mugiwara_stats": {
    "type": "panel",
    "controls": [
      /*
      {
        "title": {
          "type": "label",
          "size": ["default", 10],
          "offset": [0, -14],
          "anchor_from": "top_middle",
          "anchor_to": "top_middle",
          "text": "#title_text",
          "line_padding": 2,
          "text_alignment": "left",
          "color": "$title_text_color"
        }
      },
      */
      {
        "image": {
          "type": "image",
          "size": ["40%", "40%"],
          "offset": [-27.5, 0],
          "anchor_from": "left_middle",
          "anchor_to": "left_middle",
          "texture": "textures/ui/resistance_effect"
        }
      },
      {
        "image": {
          "type": "image",
          "size": ["40%", "40%"],
          "offset": [-37.5, 0],
          "anchor_from": "center",
          "anchor_to": "center",
          "texture": "textures/ui/strength_effect"
        }
      },
      {
        "image": {
          "type": "image",
          "size": ["40%", "40%"],
          "offset": [37.5, 0],
          "anchor_from": "center",
          "anchor_to": "center",
          "texture": "textures/ui/jump_boost_effect"
        }
      },
      {
        "image": {
          "type": "image",
          "size": ["40%", "40%"],
          "offset": [27.5, 0],
          "anchor_from": "right_middle",
          "anchor_to": "right_middle",
          "texture": "textures/ui/speed_effect"
        }
      },
      {
        "buttons": {
          "type": "panel",
          "controls": [
            {
              "button_1": {
                "type": "stack_panel",
                "size": ["22.5%", "100%c"],
                "offset": [-2.5, 0],
                "anchor_from": "bottom_left",
                "anchor_to": "bottom_left",
                "collection_name": "form_buttons",
                "controls": [
                  {
                    "button@server_form.mugiwara_form_button": {
                      "size": ["100%", "25px"],
                      "collection_index": 0
                    }
                  }
                ]
              }
            },
            {
              "button_2": {
                "type": "stack_panel",
                "size": ["22.5%", "100%c"],
                "offset": [-35, 0],
                "anchor_from": "bottom_middle",
                "anchor_to": "bottom_middle",
                "collection_name": "form_buttons",
                "controls": [
                  {
                    "button@server_form.mugiwara_form_button": {
                      "size": ["100%", "25px"],
                      "collection_index": 1
                    }
                  }
                ]
              }
            },
            {
              "button_3": {
                "type": "stack_panel",
                "size": ["22.5%", "100%c"],
                "offset": [35, 0],
                "anchor_from": "bottom_middle",
                "anchor_to": "bottom_middle",
                "collection_name": "form_buttons",
                "controls": [
                  {
                    "button@server_form.mugiwara_form_button": {
                      "size": ["100%", "25px"],
                      "collection_index": 2
                    }
                  }
                ]
              }
            },
            {
              "button_4": {
                "type": "stack_panel",
                "size": ["22.5%", "100%c"],
                "offset": [2.5, 0],
                "anchor_from": "bottom_right",
                "anchor_to": "bottom_right",
                "collection_name": "form_buttons",
                "controls": [
                  {
                    "button@server_form.mugiwara_form_button": {
                      "size": ["100%", "25px"],
                      "collection_index": 3
                    }
                  }
                ]
              }
            }
          ]
        }
      }
    ]
  }
}
