{
  "format_version": "1.10.0",
  "particle_effect": {
    "description": {
      "identifier": "wesl3y:yamamoto_dash",
      "basic_render_parameters": {
        "material": "particles_blend",
        "texture": "textures/particle/particles9"
      }
    },
    "components": {
      "minecraft:emitter_rate_instant": {
        "num_particles": "math.random(3, 4)"
      },
      "minecraft:emitter_lifetime_once": {},
      "minecraft:emitter_shape_point": {},
      "minecraft:particle_lifetime_expression": {
        "max_lifetime": "math.random(0.5, 0.75)"
      },
      "minecraft:particle_initial_spin": {
        "rotation_rate": "math.random(-360, 360)"
      },
      "minecraft:particle_initial_speed": 0.1,
      "minecraft:particle_motion_dynamic": {},
      "minecraft:particle_appearance_billboard": {
        "size": ["0.75 + (variable.particle_age * 2)", "0.75 + (variable.particle_age * 2)"],
		"facing_camera_mode": "direction_z",
        "uv": {
          "texture_width": 64,
          "texture_height": 64,
          "uv": [ 0, 0 ],
          "uv_size": [ 64, 64 ]
        }
      },
      "minecraft:particle_appearance_tinting": {
        "color": {
          "interpolant": "v.particle_age",
          "gradient": {
			"0.1": "#EDFF0000",
			"0.75": "#00FF897C"
		  }
        }
	  }
    }
  }
}