{
  "format_version": "1.10.0",
  "particle_effect": {
    "description": {
      "identifier": "wesl3y:yamamoto_hit",
      "basic_render_parameters": {
        "material": "particles_blend",
        "texture": "textures/particle/particles12"
      }
    },
    "components": {
      "minecraft:emitter_rate_instant": {
        "num_particles": 1
      },        
      "minecraft:emitter_lifetime_once": {},
      "minecraft:emitter_shape_point": {},
      "minecraft:particle_initial_speed": 0.01,
      "minecraft:particle_lifetime_expression": {
        "max_lifetime": 0.5
      },
      "minecraft:particle_initial_spin": {
        "rotation": 22.5
      },
      "minecraft:particle_motion_dynamic": {},
      "minecraft:particle_appearance_billboard": {
        "size": [2, 0.35],
        "facing_camera_mode": "lookat_xyz",
        "uv": {
          "texture_width": 32,
          "texture_height": 32,
          "uv": [0, 0],
          "uv_size": [32, 32]
        }
      },
      "minecraft:particle_appearance_tinting": {
        "color": {
          "interpolant": "v.particle_age",
          "gradient": {
            "0.0": "#100FFFFFF",
            "0.5": "#00FFFFFF"
          }
        }
      }
    }
  }
} 
