{
  "format_version": "1.10.0",
  "particle_effect": {
    "description": {
      "identifier": "wesl3y:yamamoto_shikai3",
      "basic_render_parameters": {
        "material": "particles_add",
        "texture": "textures/particle/particles7"
      }
    },
    "components": {
      "minecraft:emitter_rate_instant": {
        "num_particles": 10
      },
      "minecraft:emitter_lifetime_once": {},
      "minecraft:emitter_shape_point": {
        "offset": ["Math.random( -3.5, 3.5 )", -1, "Math.random( - 3.5, 3.5 )"]
      },
      "minecraft:particle_lifetime_expression": {
        "max_lifetime": "Math.random(0.75, 0.95)"
      },
      "minecraft:particle_initial_speed": 0.1,
      "minecraft:particle_motion_dynamic": {
        "linear_acceleration": [0, "math.random(25, 35)", 0],
        "linear_drag_coefficient": 0
      },
      "minecraft:particle_appearance_billboard": {
        "size": [0.75, 0.75],
        "facing_camera_mode": "lookat_xyz",
        "uv": {
          "texture_width": 48,
          "texture_height": 8,
          "flipbook": {
            "base_UV": [40, 0],
            "size_UV": [8, 8],
            "step_UV": [-8, 0],
            "frames_per_second": 6,
            "max_frame": 6,
            "stretch_to_lifetime": true
          }
        }
      },
      "minecraft:particle_appearance_tinting": {
        "color": {
          "interpolant": "v.particle_age",
          "gradient": {
			"0.0": "#85FF5A00",
			"0.25": "#38FF2D00",
			"0.95": "#4DFF0D00"
		  }
        }
      }
    }
  }
}