{
  "format_version": "1.8.0",
  "animations": {
    "animation.gojo.attack1": {
      "loop": "hold_on_last_frame",
      "animation_length": 0.5,
      "bones": {
        "waist": {
          "rotation": {
            "0.125": [-7.5, 22.5, 0],
            "0.25": [15, -15, -2.5]
          }
        },
        "rightArm": {
          "rotation": {
            "0.125": [-69.80237, 17.2205, 25.88778],
            "0.25": [-80, 20, 65]
          },
          "position": {
            "0.125": [0, -0.5, 1],
            "0.25": [0, 0, -0.5]
          }
        },
        "leftArm": {
          "rotation": {
            "0.125": [-13.57222, -1.68243, -35.63324],
            "0.25": [21.93852, 17.46487, -16.87113]
          }
        },
        "leftLeg": {
          "rotation": {
            "0.125": [-7.5, 0, 0],
            "0.25": [25, -17.5, -5]
          },
          "position": {
            "0.125": [0, 0, -1],
            "0.25": [0, 0, 0]
          }
        },
        "rightLeg": {
          "rotation": {
            "0.125": [13.44236, 27.24513, 3.88714],
            "0.25": [-2.47992, 0.44703, 2.44792]
          },
          "position": {
            "0.125": [0, 0, -0.5],
            "0.25": [0, 0, -1.5]
          }
        },
        "rightForeArm": {
          "rotation": {
            "0.125": [0, 0, -22.5],
            "0.25": [0, 0, -7.5]
          }
        },
        "head": {
          "rotation": {
            "0.125": [12.5, 0, 0],
            "0.25": [0, 0, 0]
          }
        },
        "rightForeLeg": {
          "rotation": {
            "0.125": [0, 0, 0],
            "0.25": [7.5, 0, 0]
          }
        },
        "leftForeLeg": {
          "rotation": [7.5, 0, 0]
        }
      }
    },
    "animation.gojo.attack2": {
      "loop": "hold_on_last_frame",
      "animation_length": 0.5,
      "bones": {
        "waist": {
          "rotation": {
            "0.125": [-7.5, -22.5, 0],
            "0.25": [15, 15, 2.5]
          }
        },
        "rightArm": {
          "rotation": {
            "0.125": [-13.57222, 1.6824, 35.6332],
            "0.25": [21.93852, -17.4649, 16.8711]
          }
        },
        "leftArm": {
          "rotation": {
            "0.125": [-69.80237, -17.2205, -25.8878],
            "0.25": [-80, -20, -65]
          },
          "position": {
            "0.125": [0, -0.5, 1],
            "0.25": [0, 0, -0.5]
          }
        },
        "leftLeg": {
          "rotation": {
            "0.125": [13.44236, -27.2451, -3.8871],
            "0.25": [-2.47992, -0.447, -2.4479]
          },
          "position": {
            "0.125": [0, 0, -0.5],
            "0.25": [0, 0, -1.5]
          }
        },
        "rightLeg": {
          "rotation": {
            "0.125": [-7.5, 0, 0],
            "0.25": [25, 17.5, 5]
          },
          "position": {
            "0.125": [0, 0, -1],
            "0.25": [0, 0, 0]
          }
        },
        "head": {
          "rotation": {
            "0.125": [12.5, 0, 0],
            "0.25": [0, 0, 0]
          }
        },
        "rightForeLeg": {
          "rotation": {
            "0.125": [0, 0, 0],
            "0.25": [7.5, 0, 0]
          }
        },
        "leftForeLeg": {
          "rotation": [7.5, 0, 0]
        },
        "leftForeArm": {
          "rotation": {
            "0.125": [0, 0, 22.5],
            "0.25": [0, 0, 7.5]
          }
        }
      }
    },
    "animation.gojo.attack3": {
      "loop": "hold_on_last_frame",
      "animation_length": 0.75,
      "bones": {
        "root": {
          "rotation": {
            "0.125": [0, -20, -12.5],
            "0.25": [-7.5, 60, 0]
          },
          "position": {
            "0.125": {
              "pre": [0, 2, 0],
              "post": [0, 2, 0],
              "lerp_mode": "catmullrom"
            },
            "0.25": {
              "post": [0, 2, 0],
              "lerp_mode": "catmullrom"
            },
            "0.5": [0, 2, 0]
          }
        },
        "waist": {
          "rotation": {
            "0.125": [7.67995, -12.39135, -1.6575],
            "0.25": [-6.7956, 24.04872, -8.90432]
          }
        },
        "rightArm": {
          "rotation": [25, 35, 45]
        },
        "rightForeArm": {
          "rotation": [0, 0, -10]
        },
        "leftArm": {
          "rotation": [25, -35, -45]
        },
        "leftForeArm": {
          "rotation": [0, 0, 10]
        },
        "head": {
          "rotation": {
            "0.125": [4.01866, 2.3205, 3.57942],
            "0.25": [22.24501, 7.94189, -0.11211]
          }
        },
        "rightLeg": {
          "rotation": {
            "0.125": [-7.67995, 12.39135, 13.3425],
            "0.25": [5.61271, 46.48242, 10.63848]
          }
        },
        "rightForeLeg": {
          "rotation": [10, 0, 0]
        },
        "leftLeg": {
          "rotation": {
            "0.125": [15, 0, -52.5],
            "0.25": [-95.93495, 14.47751, -79.06505]
          },
          "position": [0, 2, -1]
        },
        "leftForeLeg": {
          "rotation": {
            "0.125": [40, 0, 0],
            "0.25": [17.5, 0, 0]
          }
        }
      /*},
      "particle_effects": {
        "0.2083": {
          "effect": "gojo_kick",
          "locator": "gojo_kick"
        }*/
      }
    },
    "animation.gojo.attack4": {
      "loop": true,
      "animation_length": 0.1,
      "particle_effects": {
        "0.0": [
          {"effect": "gojo_black_flash","locator": "gojo_black_flash"},
          {"effect": "gojo_black_flash","locator": "gojo_black_flash2"}
        ]
      }
    },
    "animation.gojo.attack6": {
      "loop": "hold_on_last_frame",
      "animation_length": 1.5,
      "bones": {
        "waist": {
          "rotation": {
            "0.75": [7.5, 0, 0],
            "1.0": [0, 0, 0]
          },
          "position": [0, -0.5, 0]
        },
        "rightArm": {
          "rotation": {
            "0.125": {
              "pre": [-95, 0, 0],
              "post": [-95, 0, 0],
              "lerp_mode": "catmullrom"
            },
            "0.25": {
              "post": [-68.97048, -3.24329, -25.08479],
              "lerp_mode": "catmullrom"
            },
            "0.375": {
              "post": [-101.88949, -15.48653, -22.52491],
              "lerp_mode": "catmullrom"
            },
            "0.5": {
              "post": [-94.4278, 0.54354, 30.75966],
              "lerp_mode": "catmullrom"
            },
            "0.625": {
              "post": [-68.34121, -9.56732, -14.40127],
              "lerp_mode": "catmullrom"
            },
            "0.75": {
              "post": [-68.97048, -3.24329, -25.08479],
              "lerp_mode": "catmullrom"
            },
            "0.875": {
              "post": [-101.88949, -15.48653, -22.52491],
              "lerp_mode": "catmullrom"
            },
            "1.0": {
              "post": [-94.4278, 0.54354, 30.75966],
              "lerp_mode": "catmullrom"
            },
            "1.125": {
              "post": [-68.97048, -3.24329, -25.08479],
              "lerp_mode": "catmullrom"
            },
            "1.25": [-95.43608, 35.4231, 27.64465]
          }
        },
        "leftArm": {
          "rotation": {
            "0.125": {
              "pre": [-95, 0, 0],
              "post": [-95, 0, 0],
              "lerp_mode": "catmullrom"
            },
            "0.25": {
              "post": [-106.37884, 9.26038, -40.73272],
              "lerp_mode": "catmullrom"
            },
            "0.375": {
              "post": [-56.68911, 8.39554, 13.39361],
              "lerp_mode": "catmullrom"
            },
            "0.5": {
              "post": [-79.51148, -9.71647, 40.49445],
              "lerp_mode": "catmullrom"
            },
            "0.625": {
              "post": [-107.69954, 19.57398, -27.53342],
              "lerp_mode": "catmullrom"
            },
            "0.75": {
              "post": [-106.37884, 9.26038, -40.73272],
              "lerp_mode": "catmullrom"
            },
            "0.875": {
              "post": [-56.68911, 8.39554, 13.39361],
              "lerp_mode": "catmullrom"
            },
            "1.0": {
              "post": [-79.51148, -9.71647, 40.49445],
              "lerp_mode": "catmullrom"
            },
            "1.125": {
              "post": [-106.37884, 9.26038, -40.73272],
              "lerp_mode": "catmullrom"
            },
            "1.25": [-96.13108, -41.53556, 32.98637]
          }
        },
        "leftLeg": {
          "rotation": [-7.5, -5, -5]
        },
        "leftForeLeg": {
          "rotation": [7.5, 0, 2.5]
        },
        "rightLeg": {
          "rotation": [-7.5, 5, 5]
        },
        "rightForeLeg": {
          "rotation": [7.5, 0, -2.5]
        }
      },
      "particle_effects": {
        "0.25": {
          "effect": "gojo_blue_charge",
          "locator": "gojo_purple"
        },
        "0.5": {
          "effect": "gojo_blue_charge",
          "locator": "gojo_purple"
        },
        "0.75": {
          "effect": "gojo_blue_charge",
          "locator": "gojo_purple"
        }
      }
    },
    "animation.gojo.attack7": {
      "loop": "hold_on_last_frame",
      "animation_length": 1.75,
      "bones": {
        "waist": {
          "rotation": {
            "0.0": [2.5, 0, 0],
            "0.75": [0, 0, 0]
          }
        },
        "head": {
          "rotation": {
            "0.0": [5, 0, 0],
            "0.25": [-2.5, 0, 0]
          }
        },
        "rightArm": {
          "rotation": {
            "0.0": [-2.93773, -9.88139, 7.53525],
            "0.25": [-105.43773, -9.88139, 7.53525]
          },
          "position": {
            "0.0": [0.5, "-1 -math.cos(q.anim_time * 140) * 0.25", 0.5],
            "0.25": [0.5, "-3.5 -math.cos(q.anim_time * 140) * 0.25", -0.5]
          }
        },
        "leftArm": {
          "rotation": [-1.24116, 10.08056, -10.65402],
          "position": [-0.5, "-1.5-math.cos(q.anim_time * 140) * 0.25", -0.5]
        },
        "leftLeg": {
          "rotation": [0.47986, -12.37002, -2.99701],
          "position": [0, 0, -1]
        },
        "rightLeg": {
          "rotation": [5, 12.5, 2.5],
          "position": [0, 0, -0.5]
        },
        "leftForeArm": {
          "rotation": [0, 0, 35]
        },
        "purple": {
          "position": [0, 2, 0]
        }
      },
      "particle_effects": {
        "0.25": {
          "effect": "gojo_red_charge2",
          "locator": "gojo_purple"
        },
        "0.4167": [
          {
            "effect": "gojo_red_charge",
            "locator": "gojo_purple"
          },
          {
            "effect": "gojo_red_charge2",
            "locator": "gojo_purple"
          }
        ],
        "0.5833": [
          {
            "effect": "gojo_blue_charge",
            "locator": "gojo_purple"
          },
          {
            "effect": "gojo_red_charge",
            "locator": "gojo_purple"
          },
          {
            "effect": "gojo_red_charge2",
            "locator": "gojo_purple"
          },
          {
            "effect": "gojo_red_charge3",
            "locator": "gojo_purple"
          }
        ],
        "0.75": [
          {
            "effect": "gojo_blue_charge",
            "locator": "gojo_purple"
          },
          {
            "effect": "gojo_red_charge",
            "locator": "gojo_purple"
          },
          {
            "effect": "gojo_red_charge2",
            "locator": "gojo_purple"
          },
          {
            "effect": "gojo_red_charge3",
            "locator": "gojo_purple"
          }
        ],
        "0.9167": [
          {
            "effect": "gojo_red_charge",
            "locator": "gojo_purple"
          },
          {
            "effect": "gojo_red_charge2",
            "locator": "gojo_purple"
          }
        ],
        "1.25": [
          {
            "effect": "gojo_blue_charge",
            "locator": "gojo_purple"
          },
          {
            "effect": "gojo_red_charge",
            "locator": "gojo_purple"
          },
          {
            "effect": "gojo_red_charge2",
            "locator": "gojo_purple"
          },
          {
            "effect": "gojo_red_charge3",
            "locator": "gojo_purple"
          }
        ]
      }
    },
    "animation.gojo.move": {
      "loop": true,
      "bones": {
        "waist": {
          "rotation": [7.5, "math.sin(q.anim_time * 400) * 7.5", 0],
          "position": [0, "-0.5 + math.sin(q.anim_time * 800) * 1", 0]
        },
        "rightArm": {
          "rotation": [0, -5, 0],
          "position": [0, -0.5, 0]
        },
        "leftArm": {
          "rotation": [0, 5, 0],
          "position": [0, -0.5, 0]
        },
        "leftLeg": {
          "rotation": ["2.5-math.sin(q.anim_time * 400) * 7.5", 0, 0],
          "position": [0, "math.cos(q.anim_time * 400) * 1", "-math.sin(q.anim_time * 400) * 1"]
        },
        "rightLeg": {
          "rotation": ["2.5 + math.sin(q.anim_time * 400) * 7.5", 0, 0],
          "position": [0, "-math.cos(q.anim_time * 400) * 1", "math.sin(q.anim_time * 400) * 1"]
        },
        "rightForeArm": {
          "rotation": [0, 0, -17.5]
        },
        "leftForeArm": {
          "rotation": [0, 0, 17.5]
        }
      }
    },
    "animation.gojo.sprint": {
      "loop": true,
      "bones": {
        "waist": {
          "rotation": [30, "math.sin(q.anim_time * 700) * 10", 0],
          "position": [0, "-1 + math.sin(q.anim_time * 1400) * 1", 0]
        },
        "rightArm": {
          "rotation": [15, 5, 20],
          "position": [0, -0.5, 0]
        },
        "leftArm": {
          "rotation": [5, -15, -20],
          "position": [0, -0.5, 0]
        },
        "leftLeg": {
          "rotation": ["20 -math.sin(q.anim_time * 700) * 15", -2.5, 0],
          "position": [0, "math.cos(q.anim_time * 700) * 1.5", "-1-math.sin(q.anim_time * 700) * 2"]
        },
        "rightLeg": {
          "rotation": ["20 + math.sin(q.anim_time * 700) * 15", 2.5, 0],
          "position": [0, "-math.cos(q.anim_time * 700) * 1.5", "-1 +math.sin(q.anim_time * 700) * 2"]
        }
      }
    },
    "animation.gojo.stop": {
      "loop": true,
      "bones": {
        "waist": {
          "rotation": ["-2.5 + math.cos(q.anim_time * 140) * 2.5", 0, 0]
        },
        "head": {
          "rotation": [5, 0, 0]
        },
        "rightArm": {
          "rotation": [-2.93773, -9.88139, 7.53525],
          "position": [0.5, "-1 -math.cos(q.anim_time * 140) * 0.25", 0.5]
        },
        "leftArm": {
          "rotation": [-1.24116, 10.08056, -10.65402],
          "position": [-0.5, "-1.5-math.cos(q.anim_time * 140) * 0.25", -0.5]
        },
        "leftLeg": {
          "rotation": [0.47986, -12.37002, -2.99701],
          "position": [0, 0, -1]
        },
        "rightLeg": {
          "rotation": [5, 12.5, 2.5],
          "position": [0, 0, -0.5]
        },
        "leftForeArm": {
          "rotation": [0, 0, 35]
        }
      }
    }
  }
}