{
  "format_version": "1.16.100",
  "minecraft:item": {
    "description": {
      "identifier": "mello:palma_ar",
      "category": "Equipment"
    },
    "components": {
      "minecraft:foil": true,
      "minecraft:creative_category": {
        "parent": "itemGroup.name.sword"
      },
      "minecraft:icon": {
        "texture": "palma_ar"
      },
	  "minecraft:display_name": {
	    "value":"Palma De Vacuo"
	  },
      "minecraft:max_stack_size": 1,
      "minecraft:hand_equipped": true,
      "minecraft:use_duration": 9999,
    "minecraft:mining_speed": 1,
    "minecraft:enchantable": {
      "value": 30,
      "slot": "sword"
    },
      "minecraft:damage": 0,
	  "minecraft:cooldown": {
		"category": "palma_ar",
		"duration": 5
	  },
	  "minecraft:on_use": {
      "on_use": {
        "event": "mello",
        "target": "self"
     }
    },
      "minecraft:food": {
      "can_always_eat": true
		 }
	  },
    "events": {
	  "mello": {
      "shoot": {
        "projectile": "mello:palma_ar",
        "launch_power": 1
      },
      "run_command": {
          "command": [
            "playsound palma_ar @a[x=~,y=~,z=~,r=10]"
		      ]
	      }
	    }
    }
  }
}
