{
  "format_version": "1.19.70",
  "minecraft:item": {
    "description": {
      "identifier": "mello:rotacao",
      "category": "items"
    },
    "components": {
      "minecraft:on_use": {
        "on_use": {
          "event": "mello",
          "target": "self"
        }
      },
      "minecraft:icon": {
        "texture": "rotacao"
      },
        "minecraft:display_name": {
        "value": "Palmas Giratorias"
      },
      "minecraft:use_duration": 9999,
      "minecraft:max_stack_size": 1,
      "minecraft:hand_equipped": false,
      "minecraft:cooldown": {
        "category": "rotacao",
         "duration": 30
      },    
      "minecraft:food": {
        "can_always_eat": true
       }
    },
    "events": {
      "mello": {
            "run_command": {
              "command": [
                    ""
          ]
        }      
      }
    }
	}
}
