{
  "format_version": "1.10.0",
  "particle_effect": {
    "description": {
      "identifier": "wesl3y:elephant_heavy_paws",
      "basic_render_parameters": {
        "material": "particles_alpha",
        "texture": "textures/particle/particles2"
      }
    },
    "components": {
      "minecraft:emitter_rate_steady": {
        "spawn_rate": 150,
        "max_particles": 200
      },        
      "minecraft:emitter_lifetime_looping": {
        "active_time": 0.4
      },
      "minecraft:particle_initial_speed": 10,
      "minecraft:particle_lifetime_expression": {
        "max_lifetime": "Math.random(0.7, 1.1)"
      },
      "minecraft:emitter_shape_disc": {
        "radius": 2,
        "surface_only": true,
        "direction": "outwards"
      },
      "minecraft:particle_motion_dynamic": {},
      "minecraft:particle_appearance_billboard": {
        "size": [ 0.75, 0.75 ],
        "facing_camera_mode": "lookat_xyz",
        "uv": {
          "texture_width": 80,
          "texture_height": 8,
          "flipbook": {
            "base_UV": [0, 0],
            "size_UV": [8, 8],
            "step_UV": [8, 0],
			"frames_per_second": 16,
			"max_frame": 10,
			"loop": true
          }
        }
      },
      "minecraft:particle_appearance_tinting": {
	    "color": ["Math.clamp(variable.particle_random_1 * 0.6 + 0.4, 0, 1)", "Math.clamp(variable.particle_random_1 * 0.6 + 0.4, 0, 1)", "Math.clamp(variable.particle_random_1 * 0.6 + 0.4, 0, 1)", 1]
      }
    }
  }
}
