{
  "format_version": "1.10.0",
  "animation_controllers": {
    "controller.animation.gomu": {
      "states": {
        "default": {
          "on_entry": ["@s disable_anims"],
          "transitions": [
            {

              "pistol": "query.get_equipped_item_name == 'pistol' && query.is_using_item && query.is_alive && !query.is_sneaking"
            },
             {

              "bazooka": "query.get_equipped_item_name == 'gbazooka' && query.is_using_item && query.is_alive && !query.is_sneaking"
             },
             {

              "gatling": "query.get_equipped_item_name == 'gatling' && query.is_using_item && query.is_alive && !query.is_sneaking"
             },
             {

              "stomp": "query.get_equipped_item_name == 'stomp' && query.is_using_item && query.is_alive && !query.is_sneaking"
             },
             {

              "rhawk": "query.get_equipped_item_name == 'rhawk' && query.is_using_item && query.is_alive && !query.is_sneaking"
        
            

            }
          ],
          "on_exit": ["@s enable_anims"]
        },
        
        "pistol": {
          "on_entry": ["/tag @s add pistolhold"],
          "transitions": [
            {
              "default": "(!query.is_using_item || !query.is_alive)"
            }
          ],
          "on_exit": ["/tag @s remove pistolhold","/playanimation @s animation.gomu.pistol","/damage @e[r=5,tag=!gomu,type=!item] 1 entity_attack entity @a[tag=gomu]","/summon stk:pistol ~~~"]
        },
        "bazooka": {
          "on_entry": ["/tag @s add bazookahold"],
          "transitions": [
            {
              "default": "(!query.is_using_item || !query.is_alive)"
            }
          ],
          "on_exit": ["/tag @s remove bazookahold","/playanimation @s animation.gomu.bazooka","/damage @e[r=5,tag=!gomu,type=!item] 1 entity_attack entity @a[tag=gomu]","/summon stk:bazooka ~~~"]
        },
            "gatling": {
                "animations": ["gatling"],
          "on_entry": ["@s kkong"],
          "transitions": [
            {
              "default": "(!query.is_using_item || !query.is_alive)"
            }
          ],
          "on_exit": ["@s kkong"]
            },
        "stomp": {
          "on_entry": ["/tag @s add stomphold"],
          "transitions": [
            {
              "default": "(!query.is_using_item || !query.is_alive)"
            }
          ],
          "on_exit": ["/tag @s remove stomphold","/playanimation @s animation.gomu.axe","/damage @e[r=5,tag=!gomu,type=!item] 1 entity_attack entity @a[tag=gomu]","/summon stk:bazooka ~~~","/particle stk:mochiab_dust ~~~","/fill ~-3~-1~-3 ~3~-1~3 air"]
        },
        
        "rhawk": {
          "on_entry": ["/tag @s add rhawkhold"],
          "transitions": [
            {
              "default": "(!query.is_using_item || !query.is_alive)"
            }
          ],
          "on_exit": ["/tag @s remove rhawkhold","/playanimation @s animation.gear2.hawk","/summon stk:rhawk ~~~","/execute @s ~~~ tp @e[type=stk:rhawk] ~~~ facing ^^^100","/damage @e[r=3,tag=!gomu,type=!item] 10 entity_attack entity @a[tag=gomu]","/effect @s fire_resistance 10 225 true"]
            }
          
        }
      }
    }
  }














































































































































