{
	"format_version": "1.14.0",
	"sound_definitions": {
		"fkick": {
			"category": "neutral",
			"sounds": ["sounds/phoenix_kick"]
		},
		"luffyrisada": {
			"category": "neutral",
			"sounds": ["sounds/luffyrisada"]
		},
		"boroc": {
			"category": "neutral",
			"sounds": ["sounds/boroc"]
		},
		"boro": {
			"category": "neutral",
			"sounds": ["sounds/boro"]
		},
		"zangiri": {
			"category": "neutral",
			"sounds": ["sounds/mochi/zangiri"]
		},
		"zangiri2": {
			"category": "neutral",
			"sounds": ["sounds/mochi/zangiri2"]
		},
		"mochi1": {
			"category": "neutral",
			"sounds": ["sounds/mochi/mochi1"]
		},
		"spike_launch": {
			"category": "neutral",
			"sounds": ["sounds/mochi/spike_launch"]
		},
		"click": {
			"category": "neutral",
			"sounds": ["sounds/mochi/click"]
		}
	}
}









