{
	"format_version": "1.12.0",
	"minecraft:geometry": [
		{
			"description": {
				"identifier": "geometry.eren",
				"texture_width": 128,
				"texture_height": 128,
				"visible_bounds_width": 4,
				"visible_bounds_height": 4,
				"visible_bounds_offset": [0, 1, 0]
			},
			"bones": [
				{
					"name": "root",
					"pivot": [0, 0, 0],
					"locators": {
						"hp": [0, 38, 0]
					}
				},
				{
					"name": "waist",
					"parent": "root",
					"pivot": [0, 12, 0],
					"locators": {
						"waist_eren": [0, 12, 0]
					}
				},
				{
					"name": "body",
					"parent": "waist",
					"pivot": [0, 24, 0],
					"cubes": [
						{"origin": [-4, 12, -2], "size": [8, 12, 4], "uv": [0, 40]},
						{"origin": [-4, 12, -2], "size": [8, 12, 4], "inflate": 0.25, "uv": [36, 28]}
					]
				},
				{
					"name": "dmt0",
					"parent": "body",
					"pivot": [-1.125, 14.5, 3.5],
					"cubes": [
						{"origin": [-0.75, 14.25, 2], "size": [1.5, 0.5, 0.5], "uv": [0, 0]},
						{"origin": [-1.75, 14.1, 3.1], "size": [1.25, 0.8, 0.8], "pivot": [-1.125, 14.5, 3.5], "rotation": [0, 10, 10], "uv": [0, 0]},
						{"origin": [0.5, 14.1, 3.1], "size": [1.25, 0.8, 0.8], "pivot": [1.125, 14.5, 3.5], "rotation": [0, -10, -10], "uv": [0, 0], "mirror": true},
						{"origin": [0.8, 7, 3.1], "size": [0.7, 7.8, 0.7], "pivot": [1.125, 14.5, 3.5], "rotation": [15, -15, -32.5], "uv": [1, 22], "mirror": true},
						{"origin": [-1.5, 7, 3.1], "size": [0.7, 7.8, 0.7], "pivot": [-1.125, 14.5, 3.5], "rotation": [15, 15, 32.5], "uv": [1, 22]},
						{"origin": [-1, 13.75, 2.5], "size": [2, 1.5, 2], "uv": [0, 4]},
						{"origin": [-2.75, 13.6, 2.6], "size": [1, 1.8, 1.8], "pivot": [-1.125, 14.5, 3.5], "rotation": [0, 10, 10], "uv": [12, 16]},
						{"origin": [1.75, 13.6, 2.6], "size": [1, 1.8, 1.8], "pivot": [1.125, 14.5, 3.5], "rotation": [0, -10, -10], "uv": [12, 16], "mirror": true}
					]
				},
				{
					"name": "dmt",
					"parent": "body",
					"pivot": [0, 9, 0],
					"locators": {
						"dmt1": [6, 10, 10],
						"dmt2": [-6, 10, 10]
					}
				},
				{
					"name": "dmt1",
					"parent": "dmt",
					"pivot": [-6, 6.42024, 0.45833],
					"cubes": [
						{"origin": [-8, 3, -3], "size": [4, 6, 14], "uv": [0, 20]},
						{"origin": [-8.25, 2.75, 7.5], "size": [4.5, 9.25, 1], "uv": [24, 40]},
						{"origin": [-8.25, 2.75, 1], "size": [4.5, 9.25, 1], "uv": [0, 20]},
						{"origin": [-7.75, 10, -2.5], "size": [3.5, 1.25, 1.5], "uv": [0, 16]},
						{"origin": [-6.75, 9, -2.25], "size": [1.5, 1, 1], "uv": [8, 16]},
						{"origin": [-7, 8.5, -1], "size": [2.5, 2.5, 11.5], "pivot": [-6, 10, 5], "rotation": [0, 0, 45], "uv": [24, 44]}
					]
				},
				{
					"name": "dmt2",
					"parent": "dmt",
					"pivot": [6, 6.42024, 0.45833],
					"cubes": [
						{"origin": [4, 3, -3], "size": [4, 6, 14], "uv": [0, 20], "mirror": true},
						{"origin": [3.75, 2.75, 7.5], "size": [4.5, 9.25, 1], "uv": [24, 40], "mirror": true},
						{"origin": [3.75, 2.75, 1], "size": [4.5, 9.25, 1], "uv": [0, 20], "mirror": true},
						{"origin": [4.25, 10, -2.5], "size": [3.5, 1.25, 1.5], "uv": [0, 16], "mirror": true},
						{"origin": [5.25, 9, -2.25], "size": [1.5, 1, 1], "uv": [8, 16], "mirror": true},
						{"origin": [4.5, 8.5, -1], "size": [2.5, 2.5, 11.5], "pivot": [6, 10, 5], "rotation": [0, 0, -45], "uv": [24, 44], "mirror": true}
					]
				},
				{
					"name": "rightArm",
					"parent": "body",
					"pivot": [-5, 22, 0],
					"cubes": [
						{"origin": [-8, 18, -2], "size": [4, 6, 4], "uv": [39, 44]}
					]
				},
				{
					"name": "rightForeArm",
					"parent": "rightArm",
					"pivot": [-6, 18, 0],
					"cubes": [
						{"origin": [-8, 12, -2], "size": [4, 6, 4], "uv": [32, 0]}
					]
				},
				{
					"name": "swordRight",
					"parent": "rightForeArm",
					"pivot": [-5.75, 13.9141, -2.84349],
					"cubes": [
						{"origin": [-6.5, 13, -2], "size": [1.5, 1.75, 5], "uv": [22, 28]},
						{"origin": [-6.25, 13, -4.25], "size": [1, 2.25, 2.25], "uv": [22, 20]},
						{"origin": [-6, 13, -5.25], "size": [0.5, 2, 1], "uv": [0, 3]},
						{"origin": [-5.75, 13, -23.25], "size": [0, 2, 18], "uv": [0, 0]},
						{"origin": [-6.15, 12.55723, -4.28689], "size": [0.8, 0.75, 0.75], "pivot": [-5.75, 12.93223, -4.16189], "rotation": [65, 0, 0], "uv": [0, 0]},
						{"origin": [-6.15, 12.35468, -4.77565], "size": [0.8, 0.75, 0.75], "pivot": [-5.75, 12.72968, -4.40065], "rotation": [-52.5, 0, 0], "uv": [0, 0]},
						{"origin": [-6.075, 12.40468, -4.02565], "size": [0.65, 0.65, 1], "pivot": [-5.75, 12.72968, -4.40065], "rotation": [-52.5, 0, 0], "uv": [0, 0]},
						{"origin": [-6.075, 12.32511, -3.51628], "size": [0.65, 0.65, 1.5], "pivot": [-5.75, 12.65011, -5.89128], "rotation": [-22.5, 0, 0], "uv": [0, 0]},
						{"origin": [-6.075, 11.73612, -1.18419], "size": [0.65, 0.65, 1.5], "pivot": [-5.75, 12.06112, -2.43419], "rotation": [-22.5, 0, 0], "uv": [0, 0]},
						{"origin": [-6.075, 11.04999, -2.54529], "size": [0.65, 0.65, 1.5], "pivot": [-5.75, 11.37499, -1.79529], "rotation": [15, 0, 0], "uv": [0, 0]},
						{"origin": [-6, 12.25, -3.5], "size": [0.5, 0.75, 1.5], "uv": [0, 0]},
						{"origin": [-6.75, 12.75, 2.25], "size": [2, 2.25, 2.25], "pivot": [-5.75, 13.75, 2.875], "rotation": [-13, 0, 0], "uv": [0, 0]},
						{"origin": [-6.5, 13, 4.5], "size": [1.5, 1.75, 0.5], "pivot": [-5.75, 13.75, 2.875], "rotation": [-13, 0, 0], "uv": [0, 0]}
					]
				},
				{
					"name": "leftArm",
					"parent": "body",
					"pivot": [5, 22, 0],
					"cubes": [
						{"origin": [4, 18, -2], "size": [4, 6, 4], "uv": [39, 44], "mirror": true}
					]
				},
				{
					"name": "leftForeArm",
					"parent": "leftArm",
					"pivot": [6, 18, 0],
					"cubes": [
						{"origin": [4, 12, -2], "size": [4, 6, 4], "uv": [32, 0], "mirror": true}
					]
				},
				{
					"name": "swordLeft",
					"parent": "leftForeArm",
					"pivot": [5.75, 13.9141, -2.84349],
					"cubes": [
						{"origin": [5, 13, -2], "size": [1.5, 1.75, 5], "uv": [22, 28], "mirror": true},
						{"origin": [5.25, 13, -4.25], "size": [1, 2.25, 2.25], "uv": [22, 20], "mirror": true},
						{"origin": [5.5, 13, -5.25], "size": [0.5, 2, 1], "uv": [0, 3], "mirror": true},
						{"origin": [5.75, 13, -23.25], "size": [0, 2, 18], "uv": [0, 0], "mirror": true},
						{"origin": [5.35, 12.55723, -4.28689], "size": [0.8, 0.75, 0.75], "pivot": [5.75, 12.93223, -4.16189], "rotation": [65, 0, 0], "uv": [0, 0], "mirror": true},
						{"origin": [5.35, 12.35468, -4.77565], "size": [0.8, 0.75, 0.75], "pivot": [5.75, 12.72968, -4.40065], "rotation": [-52.5, 0, 0], "uv": [0, 0], "mirror": true},
						{"origin": [5.425, 12.40468, -4.02565], "size": [0.65, 0.65, 1], "pivot": [5.75, 12.72968, -4.40065], "rotation": [-52.5, 0, 0], "uv": [0, 0], "mirror": true},
						{"origin": [5.425, 12.32511, -3.51628], "size": [0.65, 0.65, 1.5], "pivot": [5.75, 12.65011, -5.89128], "rotation": [-22.5, 0, 0], "uv": [0, 0], "mirror": true},
						{"origin": [5.425, 11.73612, -1.18419], "size": [0.65, 0.65, 1.5], "pivot": [5.75, 12.06112, -2.43419], "rotation": [-22.5, 0, 0], "uv": [0, 0], "mirror": true},
						{"origin": [5.425, 11.04999, -2.54529], "size": [0.65, 0.65, 1.5], "pivot": [5.75, 11.37499, -1.79529], "rotation": [15, 0, 0], "uv": [0, 0], "mirror": true},
						{"origin": [5.5, 12.25, -3.5], "size": [0.5, 0.75, 1.5], "uv": [0, 0], "mirror": true},
						{"origin": [4.75, 12.75, 2.25], "size": [2, 2.25, 2.25], "pivot": [5.75, 13.75, 2.875], "rotation": [-13, 0, 0], "uv": [0, 0], "mirror": true},
						{"origin": [5, 13, 4.5], "size": [1.5, 1.75, 0.5], "pivot": [5.75, 13.75, 2.875], "rotation": [-13, 0, 0], "uv": [0, 0], "mirror": true}
					]
				},
				{
					"name": "head",
					"parent": "body",
					"pivot": [0, 24, 0],
					"cubes": [
						{"origin": [-4, 23.75, -4], "size": [8, 8, 8], "inflate": -0.25, "uv": [28, 12]},
						{"origin": [-4, 24.25, -4], "size": [8, 8, 8], "inflate": -0.2, "uv": [0, 0]}
					]
				},
				{
					"name": "leftLeg",
					"parent": "root",
					"pivot": [2, 12, 0],
					"cubes": [
						{"origin": [0, 6, -2], "size": [4, 6, 4], "uv": [51, 50], "mirror": true}
					]
				},
				{
					"name": "leftForeLeg",
					"parent": "leftLeg",
					"pivot": [2, 6, 0],
					"cubes": [
						{"origin": [0, 0, -2], "size": [4, 6, 4], "uv": [48, 0], "mirror": true},
						{"origin": [-0.25, 4.5, -2.5], "size": [4.5, 2, 5], "uv": [52, 10], "mirror": true},
						{"origin": [0, 0, -3], "size": [4, 2, 1], "uv": [24, 0], "mirror": true}
					]
				},
				{
					"name": "rightLeg",
					"parent": "root",
					"pivot": [-2, 12, 0],
					"cubes": [
						{"origin": [-4, 6, -2], "size": [4, 6, 4], "uv": [51, 50]}
					]
				},
				{
					"name": "rightForeLeg",
					"parent": "rightLeg",
					"pivot": [-2, 6, 0],
					"cubes": [
						{"origin": [-4, 0, -2], "size": [4, 6, 4], "uv": [48, 0]},
						{"origin": [-4.25, 4.5, -2.5], "size": [4.5, 2, 5], "uv": [52, 10]},
						{"origin": [-4, 0, -3], "size": [4, 2, 1], "uv": [24, 0]}
					]
				}
			]
		}
	]
}