{
  "format_version":"1.10.0",
  "animation_controllers":{
    "controller.animation.change":{
      "initial_state": "default",
      "states":{
        "default":{
          "transitions":[
            {
              "tenseigan": "query.get_equipped_item_name=='byakugan' && q.is_sneaking"
            },
            {
              "byakugan_golden": "query.get_equipped_item_name=='tenseigan' && q.is_sneaking"
            },
            {
              "byakugan": "query.get_equipped_item_name=='byakugan_golden' && q.is_sneaking"
            },
            {
              "mangekyou": "(query.get_equipped_item_name=='sharingan1' || query.get_equipped_item_name=='sharingan2' || query.get_equipped_item_name=='sharingan3') && q.is_sneaking"
            },
            {
              "rinnegan": "query.get_equipped_item_name=='mangekyou_sharingan' && q.is_sneaking"
            },
            {
              "rinne_sharingan": "query.get_equipped_item_name=='rinnegan' && q.is_sneaking"
            },
            {
              "sharingan": "query.get_equipped_item_name=='rinne_sharingan' && q.is_sneaking"
            },
            {
              "curse_mark1": "query.get_equipped_item_name=='curse_mark2' && q.is_sneaking"
            },
            {
              "curse_mark2": "query.get_equipped_item_name=='curse_mark1' && q.is_sneaking"
            },
            {
              "gate2": "query.get_equipped_item_name=='gate1' && q.is_sneaking"
            },
            {
              "gate3": "query.get_equipped_item_name=='gate2' && q.is_sneaking"
            },
            {
              "gate4": "query.get_equipped_item_name=='gate3' && q.is_sneaking"
            },
            {
              "gate5": "query.get_equipped_item_name=='gate4' && q.is_sneaking"
            },
            {
              "gate6": "query.get_equipped_item_name=='gate5' && q.is_sneaking"
            },
            {
              "gate7": "query.get_equipped_item_name=='gate6' && q.is_sneaking"
            },
            {
              "gate8": "query.get_equipped_item_name=='gate7' && q.is_sneaking"
            },
            {
              "gate1": "query.get_equipped_item_name=='gate8' && q.is_sneaking"
            }
          ]
        },
        "tenseigan":{
          "transitions":[
            {"default":"!q.is_sneaking"}
          ],
          "on_entry":[
            "/replaceitem entity @s slot.weapon.mainhand 0 wesl3y:tenseigan"
          ]
        },
        "byakugan_golden":{
          "transitions":[
            {"default":"!q.is_sneaking"}
          ],
          "on_entry":[
            "/replaceitem entity @s slot.weapon.mainhand 0 wesl3y:byakugan_golden"
          ]
        },
        "byakugan":{
          "transitions":[
            {"default":"!q.is_sneaking"}
          ],
          "on_entry":[
            "/replaceitem entity @s slot.weapon.mainhand 0 wesl3y:byakugan"
          ]
        },
        "mangekyou":{
          "transitions":[
            {"default":"!q.is_sneaking"}
          ],
          "on_entry":[
            "/replaceitem entity @s slot.weapon.mainhand 0 wesl3y:mangekyou_sharingan"
          ]
        },
        "rinnegan":{
          "transitions":[
            {"default":"!q.is_sneaking"}
          ],
          "on_entry":[
            "/replaceitem entity @s slot.weapon.mainhand 0 wesl3y:rinnegan"
          ]
        },
        "rinne_sharingan":{
          "transitions":[
            {"default":"!q.is_sneaking"}
          ],
          "on_entry":[
            "/replaceitem entity @s slot.weapon.mainhand 0 wesl3y:rinne_sharingan"
          ]
        },
        "sharingan":{
          "transitions":[
            {"default":"!q.is_sneaking"}
          ],
          "on_entry":[
            "/replaceitem entity @s[scores={level=..4}] slot.weapon.mainhand 0 wesl3y:sharingan1",
            "/replaceitem entity @s[scores={level=5..9}] slot.weapon.mainhand 0 wesl3y:sharingan2",
            "/replaceitem entity @s[scores={level=10..}] slot.weapon.mainhand 0 wesl3y:sharingan3"
          ]
        },
        "curse_mark1":{
          "transitions":[
            {"default":"!q.is_sneaking"}
          ],
          "on_entry":[
            "/replaceitem entity @s slot.weapon.mainhand 0 wesl3y:curse_mark1"
          ]
        },
        "curse_mark2":{
          "transitions":[
            {"default":"!q.is_sneaking"}
          ],
          "on_entry":[
            "/replaceitem entity @s slot.weapon.mainhand 0 wesl3y:curse_mark2"
          ]
        },
        "gate2":{
          "transitions":[
            {"default":"!q.is_sneaking"}
          ],
          "on_entry":[
            "/replaceitem entity @s slot.weapon.mainhand 0 wesl3y:gate2"
          ]
        },
        "gate3":{
          "transitions":[
            {"default":"!q.is_sneaking"}
          ],
          "on_entry":[
            "/replaceitem entity @s slot.weapon.mainhand 0 wesl3y:gate3"
          ]
        },
        "gate4":{
          "transitions":[
            {"default":"!q.is_sneaking"}
          ],
          "on_entry":[
            "/replaceitem entity @s slot.weapon.mainhand 0 wesl3y:gate4"
          ]
        },
        "gate5":{
          "transitions":[
            {"default":"!q.is_sneaking"}
          ],
          "on_entry":[
            "/replaceitem entity @s slot.weapon.mainhand 0 wesl3y:gate5"
          ]
        },
        "gate6":{
          "transitions":[
            {"default":"!q.is_sneaking"}
          ],
          "on_entry":[
            "/replaceitem entity @s slot.weapon.mainhand 0 wesl3y:gate6"
          ]
        },
        "gate7":{
          "transitions":[
            {"default":"!q.is_sneaking"}
          ],
          "on_entry":[
            "/replaceitem entity @s slot.weapon.mainhand 0 wesl3y:gate7"
          ]
        },
        "gate8":{
          "transitions":[
            {"default":"!q.is_sneaking"}
          ],
          "on_entry":[
            "/replaceitem entity @s slot.weapon.mainhand 0 wesl3y:gate8"
          ]
        },
        "gate1":{
          "transitions":[
            {"default":"!q.is_sneaking"}
          ],
          "on_entry":[
            "/replaceitem entity @s slot.weapon.mainhand 0 wesl3y:gate1"
          ]
        }
      }
    }
  }
}