{
  "format_version": "1.10.0",
  "animation_controllers": {
    "controller.animation.modes_head": {
      "initial_state": "default",
      "states": {
        "default": {
          "transitions": [
            {
              "byakugan": "query.is_item_name_any('slot.armor.head', 0, 'wesl3y:byakugan') && q.player_level > 4"
            },
            {
              "byakugan_golden": "query.is_item_name_any('slot.armor.head', 0, 'wesl3y:byakugan_golden') && q.player_level > 34"
            },
            {
              "jougan": "query.is_item_name_any('slot.armor.head', 0, 'wesl3y:jougan')"
            },
            {
              "mangekyou_sharingan": "query.is_item_name_any('slot.armor.head', 0, 'wesl3y:mangekyou_sharingan') && q.player_level > 19"
            },
            {
              "rinne_sharingan": "query.is_item_name_any('slot.armor.head', 0, 'wesl3y:rinne_sharingan') && q.player_level > 44"
            },
            {
              "rinnegan": "query.is_item_name_any('slot.armor.head', 0, 'wesl3y:rinnegan') && q.player_level > 34"
            },
            {
              "sharingan1": "query.is_item_name_any('slot.armor.head', 0, 'wesl3y:sharingan1')"
            },
            {
              "sharingan2": "query.is_item_name_any('slot.armor.head', 0, 'wesl3y:sharingan2') && q.player_level > 4"
            },
            {
              "sharingan3": "query.is_item_name_any('slot.armor.head', 0, 'wesl3y:sharingan3') && q.player_level > 9"
            },
            {
              "tenseigan": "query.is_item_name_any('slot.armor.head', 0, 'wesl3y:tenseigan') && q.player_level > 29"
            }
          ]
        },
        "no_effect": {
          "transitions": [
            {
              "default": "(1.0)"
            }
          ],
          "on_entry": [
            "/effect @s clear",
            "/function modos_chest"
          ]
        },
        "byakugan": {
          "transitions": [
            {
              "no_effect": "!query.is_item_name_any('slot.armor.head', 0, 'wesl3y:byakugan')"
            }
          ],
          "on_entry": [
            "/playsound byakugan @a[r=5] ~~~ 0.4",
            "/effect @s instant_health 3 255 true",
            "/function modos/byakugan",
            "/give @s wesl3y:jutsu_trigramas 1 0 {\"item_lock\": {\"mode\": \"lock_in_inventory\"},\"keep_on_death\":{}}",
            "/give @s wesl3y:jutsu_twin_lions 1 0 {\"item_lock\": {\"mode\": \"lock_in_inventory\"},\"keep_on_death\":{}}"
          ],
          "on_exit": [
            "/clear @s wesl3y:jutsu_trigramas",
            "/clear @s wesl3y:jutsu_twin_lions"
          ]
        },
        "byakugan_golden": {
          "transitions": [
            {
              "no_effect": "!query.is_item_name_any('slot.armor.head', 0, 'wesl3y:byakugan_golden')"
            }
          ],
          "on_entry": [
            "/playsound byakugan @a[r=5] ~~~ 0.4",
            "/effect @s instant_health 3 255 true",
            "/function modos/byakugan_golden"
          ]
        },
        "jougan": {
          "transitions": [
            {
              "no_effect": "!query.is_item_name_any('slot.armor.head', 0, 'wesl3y:jougan')"
            }
          ],
          "on_entry": [
            "/effect @s instant_health 3 255 true",
            "/function modos/jougan"
          ]
        },
        "mangekyou_sharingan": {
          "transitions": [
            {
              "no_effect": "!query.is_item_name_any('slot.armor.head', 0, 'wesl3y:mangekyou_sharingan')"
            }
          ],
          "on_entry": [
            "/playsound sharingan @a[r=5] ~~~ 0.4",
            "/effect @s instant_health 3 255 true",
            "/function modos/mangekyou_sharingan",
            "/give @s wesl3y:jutsu_amaterasu 1 0 {\"item_lock\": {\"mode\": \"lock_in_inventory\"},\"keep_on_death\":{}}",
            "/give @s wesl3y:jutsu_genjutsu 1 0 {\"item_lock\": {\"mode\": \"lock_in_inventory\"},\"keep_on_death\":{}}",
            "/give @s wesl3y:jutsu_susanoo 1 0 {\"item_lock\": {\"mode\": \"lock_in_inventory\"},\"keep_on_death\":{}}"
          ],
          "on_exit": [
            "/clear @s wesl3y:jutsu_amaterasu",
            "/clear @s wesl3y:jutsu_genjutsu",
            "/clear @s wesl3y:jutsu_susanoo"
          ]
        },
        "rinne_sharingan": {
          "transitions": [
            {
              "no_effect": "!query.is_item_name_any('slot.armor.head', 0, 'wesl3y:rinne_sharingan')"
            }
          ],
          "on_entry": [
            "/playsound sharingan @a[r=5] ~~~ 0.4",
            "/effect @s instant_health 3 255 true",
            "/function modos/rinne_sharingan"
          ]
        },
        "rinnegan": {
          "transitions": [
            {
              "no_effect": "!query.is_item_name_any('slot.armor.head', 0, 'wesl3y:rinnegan')"
            }
          ],
          "on_entry": [
            "/effect @s instant_health 3 255 true",
            "/function modos/rinnegan",
            "/give @s wesl3y:jutsu_deva_bansho 1 0 {\"item_lock\": {\"mode\": \"lock_in_inventory\"},\"keep_on_death\":{}}",
            "/give @s wesl3y:jutsu_deva_chibaku 1 0 {\"item_lock\": {\"mode\": \"lock_in_inventory\"},\"keep_on_death\":{}}",
            "/give @s wesl3y:jutsu_deva_shinra 1 0 {\"item_lock\": {\"mode\": \"lock_in_inventory\"},\"keep_on_death\":{}}"
          ],
          "on_exit": [
            "/clear @s wesl3y:jutsu_deva_bansho",
            "/clear @s wesl3y:jutsu_deva_chibaku",
            "/clear @s wesl3y:jutsu_deva_shinra"
          ]
        },
        "sharingan1": {
          "transitions": [
            {
              "no_effect": "!query.is_item_name_any('slot.armor.head', 0, 'wesl3y:sharingan1')"
            }
          ],
          "on_entry": [
            "/playsound sharingan @a[r=5] ~~~ 0.4",
            "/effect @s instant_health 3 255 true",
            "/function modos/sharingan1"
          ]
        },
        "sharingan2": {
          "transitions": [
            {
              "no_effect": "!query.is_item_name_any('slot.armor.head', 0, 'wesl3y:sharingan2')"
            }
          ],
          "on_entry": [
            "/playsound sharingan @a[r=5] ~~~ 0.4",
            "/effect @s instant_health 3 255 true",
            "/function modos/sharingan2"
          ]
        },
        "sharingan3": {
          "transitions": [
            {
              "no_effect": "!query.is_item_name_any('slot.armor.head', 0, 'wesl3y:sharingan3')"
            }
          ],
          "on_entry": [
            "/playsound sharingan @a[r=5] ~~~ 0.4",
            "/effect @s instant_health 3 255 true",
            "/function modos/sharingan3",
            "/give @s wesl3y:jutsu_genjutsu 1 0 {\"item_lock\": {\"mode\": \"lock_in_inventory\"},\"keep_on_death\":{}}"
          ],
          "on_exit": [
            "/clear @s wesl3y:jutsu_genjutsu"
          ]
        },
        "tenseigan": {
          "transitions": [
            {
              "no_effect": "!query.is_item_name_any('slot.armor.head', 0, 'wesl3y:tenseigan')"
            }
          ],
          "on_entry": [
            "/effect @s instant_health 3 255 true",
            "/function modos/tenseigan"
          ]
        }
      }
    },
    "controller.animation.modes_chest": {
      "initial_state": "default",
      "states": {
        "default": {
          "transitions": [
            {
              "curse_mark1": "query.is_item_name_any('slot.armor.chest', 0, 'wesl3y:curse_mark1')"
            },
            {
              "curse_mark2": "query.is_item_name_any('slot.armor.chest', 0, 'wesl3y:curse_mark2') && q.player_level > 9"
            },
            {
              "gate1": "query.is_item_name_any('slot.armor.chest', 0, 'wesl3y:gate1')"
            },
            {
              "gate2": "query.is_item_name_any('slot.armor.chest', 0, 'wesl3y:gate2') && q.player_level > 4"
            },
            {
              "gate3": "query.is_item_name_any('slot.armor.chest', 0, 'wesl3y:gate3') && q.player_level > 9"
            },
            {
              "gate4": "query.is_item_name_any('slot.armor.chest', 0, 'wesl3y:gate4') && q.player_level > 14"
            },
            {
              "gate5": "query.is_item_name_any('slot.armor.chest', 0, 'wesl3y:gate5') && q.player_level > 14"
            },
            {
              "gate6": "query.is_item_name_any('slot.armor.chest', 0, 'wesl3y:gate6') && q.player_level > 19"
            },
            {
              "gate7": "query.is_item_name_any('slot.armor.chest', 0, 'wesl3y:gate7') && q.player_level > 29"
            },
            {
              "gate8": "query.is_item_name_any('slot.armor.chest', 0, 'wesl3y:gate8') && q.player_level > 39"
            },
            {
              "kurama1": "query.is_item_name_any('slot.armor.chest', 0, 'wesl3y:kurama1')"
            },
            {
              "kurama2": "query.is_item_name_any('slot.armor.chest', 0, 'wesl3y:kurama2')"
            },
            {
              "kurama3": "query.is_item_name_any('slot.armor.chest', 0, 'wesl3y:kurama3')"
            },
            {
              "sennin_frogs": "query.is_item_name_any('slot.armor.chest', 0, 'wesl3y:sennin_frogs')"
            },
            {
              "sennin_snakes": "query.is_item_name_any('slot.armor.chest', 0, 'wesl3y:sennin_snakes')"
            },
            {
              "jutsu_susanoo": "query.is_item_name_any('slot.armor.chest', 0, 'wesl3y:jutsu_susanoo')"
            }
          ]
        },
        "no_effect": {
          "transitions": [
            {
              "default": "(1.0)"
            }
          ],
          "on_entry": [
            "/effect @s clear",
            "/function modos_head"
          ]
        },
        "curse_mark1": {
          "transitions": [
            {
              "no_effect": "!query.is_item_name_any('slot.armor.chest', 0, 'wesl3y:curse_mark1')"
            }
          ],
          "on_entry": [
            "/function modos2/curse_mark1"
          ]
        },
        "curse_mark2": {
          "transitions": [
            {
              "no_effect": "!query.is_item_name_any('slot.armor.chest', 0, 'wesl3y:curse_mark2')"
            }
          ],
          "on_entry": [
            "/function modos2/curse_mark2"
          ]
        },
        "gate1": {
          "transitions": [
            {
              "no_effect": "!query.is_item_name_any('slot.armor.chest', 0, 'wesl3y:gate1')"
            }
          ],
          "on_entry": [
            "/effect @s instant_health 3 255 true",
            "/function modos2/gate1"
          ]
        },
        "gate2": {
          "transitions": [
            {
              "no_effect": "!query.is_item_name_any('slot.armor.chest', 0, 'wesl3y:gate2')"
            }
          ],
          "on_entry": [
            "/effect @s instant_health 3 255 true",
            "/function modos2/gate2"
          ]
        },
        "gate3": {
          "transitions": [
            {
              "no_effect": "!query.is_item_name_any('slot.armor.chest', 0, 'wesl3y:gate3')"
            }
          ],
          "on_entry": [
            "/effect @s instant_health 3 255 true",
            "/function modos2/gate3"
          ]
        },
        "gate4": {
          "transitions": [
            {
              "no_effect": "!query.is_item_name_any('slot.armor.chest', 0, 'wesl3y:gate4')"
            }
          ],
          "on_entry": [
            "/effect @s instant_health 3 255 true",
            "/function modos2/gate4"
          ]
        },
        "gate5": {
          "transitions": [
            {
              "no_effect": "!query.is_item_name_any('slot.armor.chest', 0, 'wesl3y:gate5')"
            }
          ],
          "on_entry": [
            "/effect @s instant_health 3 255 true",
            "/function modos2/gate5"
          ]
        },
        "gate6": {
          "transitions": [
            {
              "no_effect": "!query.is_item_name_any('slot.armor.chest', 0, 'wesl3y:gate6')"
            }
          ],
          "on_entry": [
            "/effect @s instant_health 3 255 true",
            "/function modos2/gate6"
          ]
        },
        "gate7": {
          "transitions": [
            {
              "no_effect": "!query.is_item_name_any('slot.armor.chest', 0, 'wesl3y:gate7')"
            }
          ],
          "on_entry": [
            "/effect @s instant_health 3 255 true",
            "/function modos2/gate7"
          ]
        },
        "gate8": {
          "transitions": [
            {
              "no_effect": "!query.is_item_name_any('slot.armor.chest', 0, 'wesl3y:gate8')"
            }
          ],
          "on_entry": [
            "/effect @s instant_health 3 255 true",
            "/function modos2/gate8"
          ]
        },
        "kurama1": {
          "transitions": [
            {
              "no_effect": "!query.is_item_name_any('slot.armor.chest', 0, 'wesl3y:kurama1')"
            }
          ],
          "on_entry": [
            "/effect @s instant_health 3 255 true",
            "/function modos2/kurama1"
          ]
        },
        "kurama2": {
          "transitions": [
            {
              "no_effect": "!query.is_item_name_any('slot.armor.chest', 0, 'wesl3y:kurama2')"
            }
          ],
          "on_entry": [
            "/effect @s instant_health 3 255 true",
            "/function modos2/kurama2"
          ]
        },
        "kurama3": {
          "transitions": [
            {
              "no_effect": "!query.is_item_name_any('slot.armor.chest', 0, 'wesl3y:kurama3')"
            }
          ],
          "on_entry": [
            "/effect @s instant_health 3 255 true",
            "/function modos2/kurama3"
          ]
        },
        "sennin_frogs": {
          "transitions": [
            {
              "no_effect": "!query.is_item_name_any('slot.armor.chest', 0, 'wesl3y:sennin_frogs')"
            }
          ],
          "on_entry": [
            "/effect @s instant_health 3 255 true",
            "/function modos2/sennin_frogs",
            "/give @s wesl3y:taijutsu_sennin_frogs 1 0 {\"item_lock\": {\"mode\": \"lock_in_inventory\"},\"keep_on_death\":{}}"
          ],
          "on_exit": [
            "/clear @s wesl3y:taijutsu_sennin_frogs"
          ]
        },
        "sennin_snakes": {
          "transitions": [
            {
              "no_effect": "!query.is_item_name_any('slot.armor.chest', 0, 'wesl3y:sennin_snakes')"
            }
          ],
          "on_entry": [
            "/effect @s instant_health 3 255 true",
            "/function modos2/sennin_snakes",
            "/give @s wesl3y:jutsu_manda 1 0 {\"item_lock\": {\"mode\": \"lock_in_inventory\"},\"keep_on_death\":{}}"
          ],
          "on_exit": [
            "/clear @s wesl3y:jutsu_manda"
          ]
        },
        "jutsu_susanoo": {
          "transitions": [
            {
              "no_effect": "!query.is_item_name_any('slot.armor.chest', 0, 'wesl3y:jutsu_susanoo')"
            }
          ],
          "on_entry": [
            "/function modos2/susanoo1"
          ]
        }
      }
    }
  }
}