{
  "format_version":"1.10.0",
  "animation_controllers":{
    "controller.animation.chakra":{
      "initial_state": "default",
      "states":{
        "default":{
          "transitions":[
            {
              "chakra": "query.is_item_name_any('slot.armor.head', 0, 'wesl3y:byakugan')"
            },
            {
              "chakra": "query.is_item_name_any('slot.armor.head', 0, 'wesl3y:mangekyou_sharingan')"
            },
            {
              "chakra": "query.is_item_name_any('slot.armor.head', 0, 'wesl3y:sharingan1')"
            },
            {
              "chakra": "query.is_item_name_any('slot.armor.head', 0, 'wesl3y:sharingan2')"
            },
            {
              "chakra": "query.is_item_name_any('slot.armor.head', 0, 'wesl3y:sharingan3')"
            },
            {
              "add_chakra": "!(query.is_item_name_any('slot.armor.head', 0, 'wesl3y:byakugan') || query.is_item_name_any('slot.armor.head', 0, 'wesl3y:mangekyou_sharingan') || query.is_item_name_any('slot.armor.head', 0, 'wesl3y:sharingan1') || query.is_item_name_any('slot.armor.head', 0, 'wesl3y:sharingan2') || query.is_item_name_any('slot.armor.head', 0, 'wesl3y:sharingan3'))"
            }
          ]
        },
        "add_chakra":{
          "animations": [
            "timer.0_25"
          ],
          "transitions":[
            {"default":"q.all_animations_finished"}
          ],
          "on_entry":[
            "/scoreboard players add @s[scores={chakra=..500}] chakra 1",
            "/scoreboard players add @s[scores={chakra=..500}] chakra 1"
          ]
        },
        "chakra":{
          "animations": [
            "timer.0_5"
          ],
          "transitions":[
            {"default":"q.all_animations_finished"}
          ],
          "on_entry":[
            "/scoreboard players remove @s chakra 1",
            "/scoreboard players remove @s[hasitem={item=wesl3y:sennin_frogs,location=slot.armor.chest}] chakra 1",
            "/effect @s[scores={chakra=..1}] clear"
          ]
        }
      }
    },
    "controller.animation.jump": {
      "initial_state": "default",
      "states": {
        "default": {
          "transitions": [
            {"jump": "!query.is_on_ground && !query.is_jumping"}
          ]
        },
        "jump": {
          "transitions": [
            {"default": "query.is_on_ground"},
            {"default": "query.is_riding"},
            {"jump2": "query.is_jumping"}
          ]
        },
        "jump2": {
          "transitions": [
            {"default": "query.is_riding"},
            {"default": "query.is_on_ground"}
          ],
          "on_entry": [
            "/summon wesl3y:impulse ^^^-1 ~ ~"
          ]
        }
      }
    }
  }
}