{
	"format_version": "1.10.0",
	"animation_controllers": {
		"controller.animation.eslash": {
			"states": {
				"default": {
					"transitions": [
						{
							"walking": "1"
						}
					],
					"on_entry": [
						"/damage @e[r=3,hasitem={item=stk:enma,quantity=!1},type=!item] 5","/tp @s ^^^1"
					]
				},
				"walking": {
					"transitions": [
						{
							"default": "1"
						}
					],
					"on_entry": [
						"/damage @e[r=3,hasitem={item=stk:enma,quantity=!1},type=!item] 5","/tp @s ^^^1"
					]
				}
			}
		}
	}
}
















