{
	"format_version": "1.10.0",
	"animation_controllers": {
		"controller.animation.ftornado": {
			"states": {
				"default": {
					"transitions": [
						{
							"walking": "1"
						}
					],
					"on_entry": [
						"/effect @e[r=5,tag=!tori] levitation 1 20 true","/damage @e[r=5,tag=!tori,type=!item] 2","/particle stk:ftornado ~~~","tag @s add tori"
					]
				},
				"walking": {
					"transitions": [
						{
							"default": "1"
						}
					],
					"on_entry": [
						"/effect @e[r=5,tag=!tori] levitation 1 20 true","/damage @e[r=5,tag=!tori,type=!item] 2","/particle stk:ftornado ~~~","tag @s add tori"
					]
				}
			}
		}
	}
}















