{
	"format_version": "1.10.0",
	"animation_controllers": {
		"controller.animation.vhydra": {
			"states": {
				"default": {
					"transitions": [
						{
							"walking": "1"
						}
					],
					"on_entry": [
						"/function vhydra"
					]
				},
				"walking": {
					"transitions": [
						{
							"default": "1"
						}
					],
					"on_entry": [
						"/function vhydra"
					]
				}
			}
		},
		"controller.animation.guraball": {
			"states": {
				"default": {
					"transitions": [
						{
							"walking": "1"
						}
					],
					"on_entry": [
						"/function guraball"
					]
				},
				"walking": {
					"transitions": [
						{
							"default": "1"
						}
					],
					"on_entry": [
						"/function guraball"
					]
				}
			}
		}
	}
}















