{
  "format_version": "1.10.0",
  "particle_effect": {
    "description": {
      "identifier": "wesl3y:gura_shima_yurashi",
      "basic_render_parameters": {
        "material": "particles_alpha",
        "texture": "textures/particle/particles2"
      }
    },
    "components": {
      "minecraft:emitter_rate_steady": {
        "spawn_rate": 100,
        "max_particles": 100
      },        
      "minecraft:emitter_lifetime_looping": {
        "active_time": 0.5
      },
      "minecraft:emitter_shape_point": {
        "offset": ["Math.random( -10, 10 )", "Math.random( 0, 1 )", "Math.random( - 10, 10 )"]
      },
      "minecraft:particle_initial_speed": 0.01,
      "minecraft:particle_lifetime_expression": {
        "max_lifetime": "Math.random(0.5, 0.75)"
      },
      "minecraft:particle_initial_spin": {
        "rotation": "math.random(-360, 0)",
        "rotation_rate": "math.random(-360, -180)"
      },
      "minecraft:particle_motion_dynamic": {},
      "minecraft:particle_appearance_billboard": {
        "size": [ 0.75, 0.75 ],
        "facing_camera_mode": "lookat_xyz",
        "uv": {
          "texture_width": 320,
          "texture_height": 32,
          "flipbook": {
            "base_UV": [0, 0],
            "size_UV": [32, 32],
            "step_UV": [32, 0],
            "frames_per_second": 10,
            "max_frame": 10,
            "stretch_to_lifetime": false
          }
        }
      },
      "minecraft:particle_appearance_tinting": {
        "color": {
          "interpolant": "v.particle_age",
          "gradient": {
            "0.2": "#ffffffff",
            "0.75": "#00ffffff"
          }
        }
      }
    }
  }
}
