{
  "format_version": "1.10.0",
  "particle_effect": {
    "description": {
      "identifier": "wesl3y:gura_gekishin6",
      "basic_render_parameters": {
        "material": "particles_blend",
        "texture": "textures/particle/gura/gura2"
      }
    },
    "components": {
      "minecraft:emitter_rate_instant": {
		"num_particles": 1
	  },
      "minecraft:emitter_lifetime_once": {},
	  "minecraft:emitter_shape_point": {},
	  "minecraft:particle_lifetime_expression": {
		"max_lifetime": 0.4
	  },
	  "minecraft:particle_initial_spin": {
		"rotation_rate": 200
      },
      "minecraft:particle_initial_speed": 0.0,
	  "minecraft:particle_motion_dynamic": {
		"rotation_acceleration": 100
	  },
	  "minecraft:particle_appearance_billboard": {
		"size": [ 6, 6 ],
		"facing_camera_mode": "lookat_xyz",
		"uv": {
          "texture_width": 384,
          "texture_height": 64,
          "uv":[320,0],
          "uv_size":[64, 64]
        }
      },
      "minecraft:particle_appearance_tinting": {
        "color": {
          "interpolant": "v.particle_age",
          "gradient": {
            "0.2": "#ffffffff",
            "0.4": "#00ffffff"
          }
        }
	  }
    }
  }
}