{
  "format_version": "1.19.50",
  "animations": {
    "animation.gura.punch": {
      "loop": false,
      "animation_length": 0.62,
      "timeline": {
        "0.0": [
          "/function gura/gurap1"
        ],
        "0.03": [
          "/execute @s ~~~ tp @e[type=stk:gurapunch,r=2] ~~~ facing ^^^100"
        ],
        "0.2": [
          "/execute @s ~~~ tp @e[type=stk:gurapunch,r=2] ~~~ facing ^^^100"
        ],
        "0.23": [
          "/function gura/gurap2",
          "/execute @s[tag=haki] ~~~ execute @e[type=dekuh:gura_punch_knockback,r=1,c=1] ~~~ tag @s add haki",
          "/camerashake add @a[r=8] 0.5 0.4 rotational"
        ],
        "0.57": [
          "/function gura/gurap3"
        ]
      }
    },
    "animation.gura.ball": {
      "loop": false,
      "animation_length": 0.45,
      "timeline": {
        "0.25": [
          "/camerashake add @a[r=8] 0.5 0.4 rotational"
          ]
      }
    },
    "animation.gura.doublepunch": {
      "loop": false,
      "animation_length": 0.7,
      "timeline": {
        "0.0": [
          "/summon stk:gura_double_punch ^^-0.1^"
        ],
        "0.06": [
          "/tp @e[type=stk:gura_double_punch,r=2] ~~~ facing ^^^100"
        ],
        "0.3": [
          "/tp @e[type=stk:gura_double_punch,r=2] ~~~ facing ^^^100"
        ],
        "0.5": [
          "/tp @e[type=stk:gura_double_punch,r=2] ~~~ facing ^^^100"
        ],
        "0.59": [
          "/tp @e[type=stk:gura_double_punch,r=2] ~~~ facing ^^^100"
        ],
        "0.6": [
          "/tag @s add summon",
          "/summon dekuh:gura_double_punch_knockback",
          "/playsound gura @a[r=10]",
          "/execute @s[tag=haki] ~~~ execute @e[type=dekuh:gura_double_punch_knockback,r=1,c=1] ~~~ tag @s add haki",
          "/camerashake add @a[r=8] 0.5 0.4 rotational"

        ],
        "0.65": [
          "/tag @s remove summon"
        ]
      }
    },
    "animation.gura.tsunami": {
      "loop": false,
      "animation_length": 0.86,
      "timeline": {
        "0.0": [
          "/event entity @s active_cracks",
          "/playanimation @s animation.gura.tsunami"
        ],
        "0.4": [
          "/camerashake add @a[r=8] 0.5 0.4 rotational"
        ],
        "0.8": [
          "/event entity @s cracks1",
          "/summon stk:tsunami"
        ]
      }
    },
    "animation.tsunami": {
      "loop": false,
      "animation_length": 3,
      "timeline": {
        "0.0": [
          "/effect @e[tag=!ts,r=20] slowness 2 255 true"
        ],
        "1.5": [
          "/damage @e[tag=!ts,r=20] 20"
        ],
        "2.5": [
          "/damage @e[tag=!ts,r=20] 10"
        ],
        "2.6": [
          "tag @e[r=20] remove ts"
        ]
      }
    }
  }
}






