{
	"format_version": "1.10.0",
	"particle_effect": {
		"description": {
			"identifier": "ds:thunder_stanceyellow",
			"basic_render_parameters": {
				"material": "particles_alpha",
				"texture": "textures/particle/customball"
			}
		},
		"curves": {
			"variable.test": {
				"type": "catmull_rom",
				"input": 1,
				"horizontal_range": 1,
				"nodes": [0, 1.12]
			}
		},
		"components": {
			"minecraft:emitter_rate_instant": {
				"num_particles": 25
			},
			"minecraft:emitter_lifetime_once": {
				"active_time": 0.15
			},
			"minecraft:emitter_shape_disc": {
				"radius": 1.2,
				"surface_only": true,
				"direction": ["math.random(-1, 1)", 10, "math.random(-1, 1)"]
			},
			"minecraft:particle_lifetime_expression": {
				"max_lifetime": 2
			},
			"minecraft:particle_initial_speed": "variable.particle_random_2 * 20",
			"minecraft:particle_motion_dynamic": {
				"linear_drag_coefficient": "math.random(12,6)"
			},
			"minecraft:particle_appearance_billboard": {
				"size": ["0.15 - (variable.particle_age * 0.0525)", "0.15 - (variable.particle_age * 0.0525)"],
				"facing_camera_mode": "rotate_xyz",
				"uv": {
					"texture_width": 48,
					"texture_height": 6,
					"flipbook": {
						"base_UV": [0, 0],
						"size_UV": [6, 6],
						"step_UV": [6, 0],
						"frames_per_second": 8,
						"max_frame": 8,
						"stretch_to_lifetime": true
					}
				}
			},
			"minecraft:particle_appearance_tinting": {
				"color": {
					"interpolant": "variable.particle_random_2",
					"gradient": {
						"0.0": "#FF4F3400",
						"0.51": "#FFB3892C",
						"1.0": "#FFFFF9D3"
					}
				}
			}
		}
	}
}