{
  "format_version": "1.16.0",
  "minecraft:client_entity": {
    "description": {
      "identifier": "wesl3y:todoroki_damage",
      "materials": {
        "default": "entity_alphatest",
        "charged": "charged_creeper"
      },
      "textures": {
        "default": "textures/boku_no_hero/todoroki_ice"
      },
      "geometry": {
        "default": "geometry.todoroki_attack"
      },
      "scripts": {
        "animate": [
          {"ice_wall": "q.variant == 2"}
        ]
      },
      "animations": {
        "ice_wall": "animation.projetil.ice_wall"
      },
      "render_controllers": [
        "controller.render.todoroki_projetil"
      ],
      "enable_attachables": false
    }
  }
}