{
  "tiers": [
    {
      "trades": [
        {
          "wants": [
            {
              "item": "one:coin",
              "quantity": {
                "min": 5,
                "max": 5
              }
            }
          ],
          "gives": [
            {
              "item": "one:energy_steroid"
            }
          ]
        },
        {
          "wants": [
            {
              "item": "one:coin",
              "quantity": {
                "min": 2,
                "max": 2
              }
            }
          ],
          "gives": [
            {
              "item": "one:ki_ball",
              "quantity": {
                "min": 5,
                "max": 5
              }
            }
          ]
        },
        {
          "wants": [
            {
              "item": "iron_ingot",
              "quantity": {
                "min": 1,
                "max": 1
              }
            }
          ],
          "gives": [
            {
              "item": "one:shuriken",
              "quantity": {
                "min": 3,
                "max": 3
              }
            }
          ]
        },
        {
          "wants": [
            {
              "item": "iron_ingot",
              "quantity": {
                "min": 2,
                "max": 2
              }
            }
          ],
          "gives": [
            {
              "item": "one:smoke_bomb"
            }
          ]
        },
        {
          "wants": [
            {
              "item": "iron_ingot",
              "quantity": {
                "min": 1,
                "max": 1
              }
            }
          ],
          "gives": [
            {
              "item": "one:kunai",
              "quantity": {
                "min": 3,
                "max": 3
              }
            }
          ]
        },
        {
          "wants": [
            {
              "item": "gold_ingot",
              "quantity": {
                "min": 3,
                "max": 3
              }
            }
          ],
          "gives": [
            {
              "item": "one:kunai_minato"
            }
          ]
        },
        {
          "wants": [
            {
              "item": "iron_ingot",
              "quantity": {
                "min": 2,
                "max": 2
              }
            }
          ],
          "gives": [
            {
              "item": "one:kunai_paper_bomb"
            }
          ]
        },
        {
          "wants": [
            {
              "item": "one:coin",
              "quantity": {
                "min": 2,
                "max": 2
              }
            }
          ],
          "gives": [
            {
              "item": "one:paper_bomb"
            }
          ]
        },
        {
          "wants": [
            {
              "item": "one:coin",
              "quantity": {
                "min": 5,
                "max": 5
              }
            }
          ],
          "gives": [
            {
              "item": "one:gunbai"
            }
          ]
        },
        {
          "wants": [
            {
              "item": "one:coin",
              "quantity": {
                "min": 3,
                "max": 3
              }
            }
          ],
          "gives": [
            {
              "item": "one:ramen"
            }
          ]
        },
        {
          "wants": [
            {
              "item": "one:coin",
              "quantity": {
                "min": 3,
                "max": 3
              }
            }
          ],
          "gives": [
            {
              "item": "one:sea_meat"
            }
          ]
        },
        {
          "wants": [
            {
              "item": "one:coin",
              "quantity": {
                "min": 5,
                "max": 5
              }
            }
          ],
          "gives": [
            {
              "item": "one:senzu_bean"
            }
          ]
        }
      ]
    }
  ]
}
