{
	"format_version": "1.8.0",
	"animations": {
		"animation.jinwoo.default2": {
			"loop": true,
			"bones": {
				"slash": {
				    "relative_to" : {
				        "rotation" : "entity"
				    },
				    "rotation": ["q.target_x_rotation", 0, 0]
				}
			}
		},
		"animation.jinwoo.attack1": {
			"loop": "hold_on_last_frame",
			"animation_length": 0.5,
			"bones": {
				"waist": {
					"rotation": {
						"0.125": {
							"pre": [8.26511, -24.77164, -3.48303],
							"post": [8.26511, -24.77164, -3.48303],
							"lerp_mode": "catmullrom"
						},
						"0.25": {
							"post": [7.50706, -2.4786, -0.32652],
							"lerp_mode": "catmullrom"
						},
						"0.3333": {
							"post": [7.50706, -2.4786, -0.32652],
							"lerp_mode": "catmullrom"
						},
						"0.5": [7.50706, -2.4786, -0.32652]
					}
				},
				"rightArm": {
					"rotation": {
						"0.125": {
							"pre": [-117.19582, -4.53532, 77.5529],
							"post": [-117.19582, -4.53532, 77.5529],
							"lerp_mode": "catmullrom"
						},
						"0.25": {
							"post": [60.30418, -4.53532, 77.5529],
							"lerp_mode": "catmullrom"
						},
						"0.3333": {
							"post": [60.30418, -4.53532, 77.5529],
							"lerp_mode": "catmullrom"
						},
						"0.5": [60.30418, -4.53532, 77.5529]
					},
					"position": {
						"0.125": {
							"pre": [1, 0, -2.5],
							"post": [1, 0, -2.5],
							"lerp_mode": "catmullrom"
						},
						"0.25": {
							"post": [-0.5, 0, 1],
							"lerp_mode": "catmullrom"
						},
						"0.3333": {
							"post": [-0.5, 0, 1],
							"lerp_mode": "catmullrom"
						},
						"0.5": [-0.5, 0, 1]
					}
				},
				"leftArm": {
					"rotation": [16.12885, -31.85052, -44.19092]
				},
				"rightLeg": {
					"rotation": {
						"0.125": [2.5, 0, 0],
						"0.25": [5, 0, 0]
					},
					"position": {
						"0.125": [0, 0, -2],
						"0.25": [0, 0, -2]
					}
				},
				"leftLeg": {
					"rotation": {
						"0.125": [11.32607, -37.33289, -6.29298],
						"0.25": [18.82607, -37.33289, -6.29298]
					},
					"position": {
						"0.125": [0, 0, 1],
						"0.25": [0, 0, 1]
					}
				},
				"adaga_knight": {
					"rotation": {
						"0.125": [-27.5, 0, 0],
						"0.25": [25, 0, 0]
					}
				}
			},
			"particle_effects": {
				"0.2": {
					"effect": "jinwoo_attack1",
					"locator": "slash"
				}
			},
			"sound_effects": {
				"0.2": {
					"effect": "cut"
				}
			}
		},
		"animation.jinwoo.attack2": {
			"loop": "hold_on_last_frame",
			"animation_length": 0.5,
			"bones": {
				"waist": {
					"rotation": {
						"0.125": {
							"pre": [-10, 17.5, 0],
							"post": [-10, 17.5, 0],
							"lerp_mode": "catmullrom"
						},
						"0.25": {
							"post": [7.5, 17.5, 0],
							"lerp_mode": "catmullrom"
						},
						"0.3333": {
							"post": [7.5, 17.5, 0],
							"lerp_mode": "catmullrom"
						},
						"0.5": [7.5, 17.5, 0]
					},
					"position": [0, 0.5, 0]
				},
				"rightArm": {
					"rotation": {
						"0.125": {
							"pre": [-11.47047, 9.21978, 12.55904],
							"post": [-11.47047, 9.21978, 12.55904],
							"lerp_mode": "catmullrom"
						},
						"0.25": {
							"post": [11.81028, 8.55346, 17.56377],
							"lerp_mode": "catmullrom"
						},
						"0.3333": {
							"post": [11.81028, 8.55346, 17.56377],
							"lerp_mode": "catmullrom"
						},
						"0.5": [11.81028, 8.55346, 17.56377]
					}
				},
				"leftArm": {
					"rotation": {
						"0.125": {
							"pre": [-139.08488, -3.70643, -10.1814],
							"post": [-139.08488, -3.70643, -10.1814],
							"lerp_mode": "catmullrom"
						},
						"0.25": {
							"post": [25.04884, -20.42883, -10.7611],
							"lerp_mode": "catmullrom"
						},
						"0.3333": {
							"post": [25.04884, -20.42883, -10.7611],
							"lerp_mode": "catmullrom"
						},
						"0.5": [25.04884, -20.42883, -10.7611]
					},
					"position": {
						"0.125": {
							"pre": [-1, 2.5, -2.5],
							"post": [-1, 2.5, -2.5],
							"lerp_mode": "catmullrom"
						},
						"0.25": {
							"post": [0, -0.5, 0.5],
							"lerp_mode": "catmullrom"
						},
						"0.3333": {
							"post": [0, -0.5, 0.5],
							"lerp_mode": "catmullrom"
						},
						"0.5": [0, -0.5, 0.5]
					}
				},
				"rightLeg": {
					"rotation": {
						"0.125": [3.94261, 29.96852, 2.88614],
						"0.25": [7.86423, 29.65713, 5.74512]
					},
					"position": [0, 0, 0.5]
				},
				"leftLeg": {
					"rotation": {
						"0.125": [0, -5, 0],
						"0.25": [0.32902, -7.49282, -2.52154]
					},
					"position": [0, 0, -1]
				},
				"adaga_kusaka": {
					"rotation": {
						"0.125": [22.5, 0, 0],
						"0.25": [52.5, 0, 0]
					}
				}
			},
			"particle_effects": {
				"0.2": {
					"effect": "jinwoo_attack2",
					"locator": "slash2"
				}
			},
			"sound_effects": {
				"0.2": {
					"effect": "cut"
				}
			}
		},
		"animation.jinwoo.attack3": {
			"loop": "hold_on_last_frame",
			"animation_length": 0.5,
			"bones": {
				"waist": {
					"rotation": {
						"0.125": {
							"pre": [-2.5, 0, 0],
							"post": [-2.5, 0, 0],
							"lerp_mode": "catmullrom"
						},
						"0.25": {
							"post": [12.50706, 0, 0],
							"lerp_mode": "catmullrom"
						},
						"0.3333": {
							"post": [15.00706, 0, 0],
							"lerp_mode": "catmullrom"
						},
						"0.5": [15.00706, 0, 0]
					}
				},
				"rightArm": {
					"rotation": {
						"0.125": {
							"pre": [-100, 0, 49.3722],
							"post": [-100, 0, 49.3722],
							"lerp_mode": "catmullrom"
						},
						"0.25": {
							"post": [58.67811, 10.13649, 26.01089],
							"lerp_mode": "catmullrom"
						},
						"0.3333": {
							"post": [58.67811, 10.13649, 26.01089],
							"lerp_mode": "catmullrom"
						},
						"0.5": [58.67811, 10.13649, 26.01089]
					},
					"position": {
						"0.125": {
							"pre": [0, 1.5, -2.5],
							"post": [0, 1.5, -2.5],
							"lerp_mode": "catmullrom"
						},
						"0.25": {
							"post": [-0.5, 0, 1],
							"lerp_mode": "catmullrom"
						},
						"0.3333": {
							"post": [-0.5, 0, 1],
							"lerp_mode": "catmullrom"
						},
						"0.5": [-0.5, 0, 1]
					}
				},
				"leftArm": {
					"rotation": {
						"0.125": {
							"pre": [-109.93632, 10, -49.37221],
							"post": [-109.93632, 10, -49.37221],
							"lerp_mode": "catmullrom"
						},
						"0.25": {
							"post": [58.67811, -10.1365, -26.0109],
							"lerp_mode": "catmullrom"
						},
						"0.3333": {
							"post": [58.67811, -10.1365, -26.0109],
							"lerp_mode": "catmullrom"
						},
						"0.5": [58.67811, -10.1365, -26.0109]
					},
					"position": {
						"0.125": {
							"pre": [0, 1, -2.5],
							"post": [0, 1, -2.5],
							"lerp_mode": "catmullrom"
						},
						"0.25": {
							"post": [0.5, 0, 1],
							"lerp_mode": "catmullrom"
						},
						"0.3333": {
							"post": [0.5, 0, 1],
							"lerp_mode": "catmullrom"
						},
						"0.5": [0.5, 0, 1]
					}
				},
				"rightLeg": {
					"rotation": {
						"0.125": [2.5, 0, 0],
						"0.25": [5, 0, 0]
					},
					"position": {
						"0.125": [0, 0, -2],
						"0.25": [0, 0, -2]
					}
				},
				"leftLeg": {
					"rotation": {
						"0.125": [11.32607, -37.33289, -6.29298],
						"0.25": [18.82607, -37.33289, -6.29298]
					},
					"position": {
						"0.125": [0, 0, 1],
						"0.25": [0, 0, 1]
					}
				},
				"rightForeArm": {
					"rotation": [-15, 0, 0]
				},
				"leftForeArm": {
					"rotation": [-10, 0, 0]
				},
				"adaga_kusaka": {
					"rotation": {
						"0.125": [0, 0, 0],
						"0.25": [30, 0, 0]
					}
				},
				"adaga_knight": {
					"rotation": {
						"0.125": [0, 0, 0],
						"0.25": [30, 0, 0]
					}
				}
			},
			"particle_effects": {
				"0.2": [
					{
						"effect": "jinwoo_attack1",
						"locator": "body2"
					},
					{
						"effect": "jinwoo_attack2",
						"locator": "body3"
					}
				]
			},
			"sound_effects": {
				"0.2": {
					"effect": "cut"
				}
			}
		},
		"animation.jinwoo.attack4": {
			"loop": "hold_on_last_frame",
			"animation_length": 1.5,
			"bones": {
				"root": {
					"scale": {
						"0.0": [1, 1, 1],
						"1.5": [1, 1, 1],
						"1.52": [0, 1, 0]
					}
				},
				"body": {
					"position": {
						"0.0": [0, 0, 0],
						"1.0": [0, 0, 0],
						"1.5": [4, 0, 0]
					},
					"scale": {
						"0.0": [1, 1, 1],
						"1.0": [1, 1, 1],
						"1.5": [0, 1, 1]
					}
				},
				"head": {
					"position": {
						"0.5": [0, 0, 0],
						"1.0": [0, 0, 0]
					},
					"scale": {
						"0.5": [1, 1, 1],
						"1.0": [1, 1, 1]
					}
				},
				"rightArm": {
					"position": {
						"0.0": [0, 0, 0],
						"0.5": [0, 0, 0],
						"1.0": [1, 0, 0]
					},
					"scale": {
						"0.0": [1, 1, 1],
						"0.5": [1, 1, 1],
						"1.0": [0, 1, 1]
					}
				},
				"leftArm": {
					"scale": {
						"0.0": [1, 1, 1],
						"1.5": [1, 1, 1]
					}
				},
				"rightLeg": {
					"position": {
						"0.5": [0, 0, 0],
						"1.0": [0, 0, 0],
						"1.5": [6, 0, 0]
					},
					"scale": {
						"0.5": [1, 1, 1],
						"1.0": [1, 1, 1],
						"1.5": [0, 1, 1]
					}
				},
				"rightForeLeg": {
					"scale": 1
				},
				"leftLeg": {
					"position": {
						"0.0": [0, 0, 0],
						"1.0": [0, 0, 0],
						"1.5": [2, 0, 0]
					},
					"scale": {
						"0.0": [1, 1, 1],
						"1.0": [1, 1, 1],
						"1.5": [0, 1, 1]
					}
				}
			},
			"particle_effects": {
				"0.25": [
					{
						"effect": "jinwoo_stealth",
						"locator": "jinwoo_stealth"
					},
					{
						"effect": "jinwoo_stealth",
						"locator": "jinwoo_stealth2"
					},
					{
						"effect": "jinwoo_stealth",
						"locator": "jinwoo_stealth3"
					},
					{
						"effect": "jinwoo_stealth",
						"locator": "jinwoo_stealth4"
					},
					{
						"effect": "jinwoo_stealth",
						"locator": "jinwoo_stealth5"
					},
					{
						"effect": "jinwoo_stealth",
						"locator": "jinwoo_stealth6"
					},
					{
						"effect": "jinwoo_stealth",
						"locator": "jinwoo_stealth7"
					}
				]
			}
		},
		"animation.jinwoo.attack5" : {
			"loop" : true,
			"animation_length": 0.15,
			"particle_effects": {
			    "0.0": [
			        {"effect": "jinwoo_bloodlust","locator": "body"},
			        {"effect": "jinwoo_bloodlust2","locator": "body"},
			        {"effect": "jinwoo_bloodlust","locator": "waist"},
			        {"effect": "jinwoo_bloodlust2","locator": "waist"},
			        {"effect": "jinwoo_bloodlust","locator": "root"},
			        {"effect": "jinwoo_bloodlust2","locator": "root"}
			    ]
			}
		},
		"animation.jinwoo.attack6": {
			"loop": "hold_on_last_frame",
			"animation_length": 3,
			"bones": {
				"waist": {
					"rotation": {
						"0.5": [0, 12.5, 0],
						"1.0": [0, -5, 0]
					}
				},
				"rightArm": {
					"rotation": {
						"0.5": [0, 20, "7.5 + math.sin(q.anim_time * 150) * 5"],
						"1.0": [-92.42311, 15.04796, "-75.9723 + math.sin(q.anim_time * 150) * 5"]
					}
				},
				"leftArm": {
					"rotation": [0, -7.5, "-7.5 -math.sin(q.anim_time * 150) * 5"]
				},
				"leftLeg": {
					"rotation": [-2.3886, -2.60664, -2.50021],
					"position": [0, 0, -0.5]
				},
				"leftForeLeg": {
					"rotation": [0, 0, 0]
				},
				"rightLeg": {
					"rotation": [0, 32.46527, 2.96346],
					"position": [0, 0, 0.5]
				},
				"rightForeLeg": {
					"rotation": [0, 0, 0]
				},
				"head": {
					"rotation": {
						"0.0": [0, 0, 0],
						"0.5": [0, 0, 0],
						"1.0": [10, 0, 0]
					}
				}
			}
		},
		"animation.jinwoo.move": {
			"loop": true,
			"bones": {
				"waist": {
					"rotation": [10, "math.sin(q.anim_time * 400) * 7.5", 0],
					"position": [0, "math.sin(q.anim_time * 800) * 0.5", 0]
				},
				"rightArm": {
					"rotation": [2.5, 7.5, 2.5]
				},
				"leftArm": {
					"rotation": [2.5, -7.5, -2.5]
				},
				"leftLeg": {
					"rotation": ["2.5-math.sin(q.anim_time * 400) * 7.5", 0, 0],
					"position": [0, "math.cos(q.anim_time * 400) * 0.5", "-0.5 -math.sin(q.anim_time * 400) * 0.5"]
				},
				"rightLeg": {
					"rotation": ["2.5 + math.sin(q.anim_time * 400) * 7.5", 0, 0],
					"position": [0, "-math.cos(q.anim_time * 400) * 0.5", "-0.5 + math.sin(q.anim_time * 400) * 0.5"]
				},
				"rightForeArm": {
					"rotation": [0, 0, -10]
				},
				"leftForeArm": {
					"rotation": [0, 0, 10]
				}
			}
		},
		"animation.jinwoo.move2": {
			"loop": true,
			"bones": {
				"waist": {
					"rotation": [10, "math.sin(q.anim_time * 400) * 7.5", 0],
					"position": [0, "math.sin(q.anim_time * 800) * 0.5", 0]
				},
				"rightArm": {
					"rotation": [2.5, 12.5, 7.5]
				},
				"leftArm": {
					"rotation": [2.5, -12.5, -7.5]
				},
				"leftLeg": {
					"rotation": ["2.5-math.sin(q.anim_time * 400) * 7.5", 0, 0],
					"position": [0, "math.cos(q.anim_time * 400) * 0.5", "-0.5 -math.sin(q.anim_time * 400) * 0.5"]
				},
				"rightLeg": {
					"rotation": ["2.5 + math.sin(q.anim_time * 400) * 7.5", 0, 0],
					"position": [0, "-math.cos(q.anim_time * 400) * 0.5", "-0.5 + math.sin(q.anim_time * 400) * 0.5"]
				}
			}
		},
		"animation.jinwoo.sneaking2": {
			"loop": true,
			"bones": {
				"waist": {
					"rotation": [10, 0, 0],
					"position": [0, -0.5, 0]
				},
				"rightArm": {
					"rotation": [-75, -15, 35]
				},
				"leftArm": {
					"rotation": [-85, 15, -35]
				},
				"leftLeg": {
					"rotation": [-12.5697, -5, -2.351],
					"position": [0.5, 0, -1.5]
				},
				"leftForeLeg": {
					"rotation": [17.5, 0, 0]
				},
				"rightLeg": {
					"rotation": [0.66748, 37.71425, 7.16914],
					"position": [-0.5, 0, -0.5]
				},
				"rightForeLeg": {
					"rotation": [17.5, 0, 0]
				}
			}
		},
		"animation.jinwoo.sprint": {
			"loop": true,
			"bones": {
				"waist": {
					"rotation": [30, "math.sin(q.anim_time * 700) * 7.5", 0],
					"position": [0, "math.sin(q.anim_time * 1400) * 1", 0]
				},
				"rightArm": {
					"rotation": [20, 20, 15],
					"position": [0, -0.5, 0]
				},
				"leftArm": {
					"rotation": [20, -20, -15],
					"position": [0, -0.5, 0]
				},
				"leftLeg": {
					"rotation": ["30 -math.sin(q.anim_time * 700) * 15", -2.5, 0],
					"position": [0, "math.cos(q.anim_time * 700) * 1", "-1-math.sin(q.anim_time * 700) * 1.5"]
				},
				"rightLeg": {
					"rotation": ["30 + math.sin(q.anim_time * 700) * 15", 2.5, 0],
					"position": [0, "-math.cos(q.anim_time * 700) * 1", "-1 +math.sin(q.anim_time * 700) * 1.5"]
				}
			}
		},
		"animation.jinwoo.sprint2": {
			"loop": true,
			"bones": {
				"waist": {
					"rotation": [30, 0, 0],
					"position": [0, "math.sin(q.anim_time * 1400) * 1", 0]
				},
				"rightArm": {
					"rotation": [20, 40, 30],
					"position": [0, -0.5, 0]
				},
				"leftArm": {
					"rotation": [20, -40, -30],
					"position": [0, -0.5, 0]
				},
				"leftLeg": {
					"rotation": ["30 -math.sin(q.anim_time * 700) * 15", -2.5, 0],
					"position": [0, "math.cos(q.anim_time * 700) * 1", "-1-math.sin(q.anim_time * 700) * 1.5"]
				},
				"rightLeg": {
					"rotation": ["30 + math.sin(q.anim_time * 700) * 15", 2.5, 0],
					"position": [0, "-math.cos(q.anim_time * 700) * 1", "-1 +math.sin(q.anim_time * 700) * 1.5"]
				}
			}
		},
		"animation.jinwoo.stop": {
			"loop": true,
			"bones": {
				"waist": {
					"rotation": [0, 7.5, 0]
				},
				"dmt1": {
					"rotation": [0, 15, 0],
					"position": [-1, 0, 0]
				},
				"dmt2": {
					"rotation": [0, -15, 0],
					"position": [1, 0, 0]
				},
				"rightArm": {
					"rotation": [2.5, 7.5, 2.5]
				},
				"leftArm": {
					"rotation": [2.5, -7.5, -2.5]
				},
				"leftLeg": {
					"rotation": [-2.3886, -2.60664, -2.50021],
					"position": [0, 0, -0.5]
				},
				"leftForeLeg": {
					"rotation": [0, 0, 0]
				},
				"rightLeg": {
					"rotation": [0, 32.46527, 2.96346],
					"position": [0, 0, 0]
				},
				"rightForeLeg": {
					"rotation": [0, 0, 0]
				},
				"swordRight": {
					"rotation": [20, 0, 0],
					"position": [0, -1, 0]
				},
				"swordLeft": {
					"rotation": [20, 0, 0],
					"position": [0, -1, 0]
				},
				"rightForeArm": {
					"rotation": [0, 0, -10]
				},
				"leftForeArm": {
					"rotation": [0, 0, 10]
				}
			}
		},
		"animation.jinwoo.stop2": {
			"loop": true,
			"bones": {
				"waist": {
					"rotation": [0, 12.5, 0]
				},
				"dmt1": {
					"rotation": [0, 15, 0],
					"position": [-1, 0, 0]
				},
				"dmt2": {
					"rotation": [0, -15, 0],
					"position": [1, 0, 0]
				},
				"rightArm": {
					"rotation": [0, 20, "7.5 + math.sin(q.anim_time * 150) * 5"]
				},
				"leftArm": {
					"rotation": [0, -7.5, "-7.5 -math.sin(q.anim_time * 150) * 5"]
				},
				"leftLeg": {
					"rotation": [-2.3886, -2.60664, -2.50021],
					"position": [0, 0, -0.5]
				},
				"leftForeLeg": {
					"rotation": [0, 0, 0]
				},
				"rightLeg": {
					"rotation": [0, 32.46527, 2.96346],
					"position": [0, 0, 0.5]
				},
				"rightForeLeg": {
					"rotation": [0, 0, 0]
				},
				"swordRight": {
					"rotation": [20, 0, 0],
					"position": [0, -1, 0]
				},
				"swordLeft": {
					"rotation": [20, 0, 0],
					"position": [0, -1, 0]
				}
			}
		}
	}
}