{
  "format_version": "1.10.0",
  "particle_effect": {
    "description": {
      "identifier": "wesl3y:ap_machine_gun",
      "basic_render_parameters": {
        "material": "particles_blend",
        "texture": "textures/particle/particles"
      }
    },
    "components": {
      "minecraft:emitter_rate_instant": {
        "num_particles": 1
      },
      "minecraft:emitter_lifetime_once": {
        "active_time": 1
      },
      "minecraft:emitter_shape_point": {},
      "minecraft:particle_lifetime_expression": {
        "max_lifetime": 0.05
      },
      "minecraft:particle_initial_speed": 0,
      "minecraft:particle_motion_dynamic": {},
      "minecraft:particle_appearance_billboard": {
        "size": [0.5, 0.25],
        "facing_camera_mode": "rotate_xyz",
        "uv": {
          "texture_width": 128,
          "texture_height": 128,
          "flipbook": {
            "base_UV": [56, 88],
            "size_UV": [8, 8],
            "step_UV": [-8, 0],
            "frames_per_second": 6,
            "max_frame": 6,
            "loop": true
          }
        }
      },
      "minecraft:particle_appearance_tinting": {
        "color": [1.0, "variable.particle_random_1 * 1.0 + 0.5", "variable.particle_random_1 * 0.0 + 0.25", 0.5]
      }
    }
  }
}