{
  "format_version": "1.10.0",
  "particle_effect": {
    "description": {
      "identifier": "wesl3y:howitzer_impact_explosion",
      "basic_render_parameters": {
        "material": "particles_blend",
        "texture": "textures/particle/particles2"
      }
    },
    "components": {
      "minecraft:emitter_rate_instant": {
        "num_particles": 75
      },
      "minecraft:emitter_lifetime_once": {
        "active_time": 1
      },
      "minecraft:emitter_shape_point": {
        "offset": ["Math.random(-5, 5)", "Math.random(-5, 5)", "Math.random(-5, 5)"]
      },
      "minecraft:particle_motion_dynamic": {},
      "minecraft:particle_lifetime_expression": {
        "max_lifetime": "Math.random(0.76, 1.25)"
      },
	  "minecraft:particle_initial_spin": {
		"rotation_rate": "Math.random(720, -720)"
	  },
      "minecraft:particle_appearance_billboard": {
        "size": [ "0.25 + (2 * variable.particle_age)", "0.25 + (2 * variable.particle_age)" ],
        "facing_camera_mode": "lookat_xyz",
        "uv": {
          "texture_width": 80,
          "texture_height": 8,
          "flipbook": {
            "base_UV": [0, 0],
            "size_UV": [8, 8],
            "step_UV": [8, 0],
            "frames_per_second": 1,
            "max_frame": 8,
            "stretch_to_lifetime": true
          }
        }
      },
      "minecraft:particle_appearance_tinting": {
        "color": [1.0, "variable.particle_random_1 * 1.0 + 0.5", "variable.particle_random_1 * 0.0 + 0.25", 0.75]
      }
    }
  }
}