{
  "format_version": "1.16.100",
  "minecraft:item": {
    "description": {
      "identifier": "jedy:vara",
      "category": "equipment"
    },
    "components": {
      "minecraft:creative_category": {
        "parent": "itemGroup.name.sword"
      },
      "minecraft:icon": {
        "texture": "vara"
      },
	  "minecraft:render_offsets": "tools",
	  "minecraft:allow_off_hand": true,
			"minecraft:display_name":  {"value":"§l§c Vara de Pescar Chakra \n§a✪Raridade: §d Arma Lendária\n§8✪Nível: Em breve \n§bAjuste: Skill"
      },
      "minecraft:max_stack_size": 1,
      "minecraft:use_duration": 5000,
      "minecraft:hand_equipped": true,
      "minecraft:durability": {
        "max_durability": 5000
      },
      "minecraft:mining_speed": 100,
      "minecraft:damage": 40,
      "minecraft:enchantable": {
        "value": 40,
        "slot": "sword"
      },
      "minecraft:can_destroy_in_creative": true,
      "minecraft:digger": {
        "use_efficiency": false,
        "destroy_speeds": [
          {
            "block": "minecraft:web",
            "speed": 20
          },
          {
            "block": "minecraft:bamboo",
            "speed": 25
          }
        ]
      },
      	  "minecraft:cooldown": {
		"category": "slc",
		"duration": 5
      },
	  "minecraft:on_use": {
		"on_use": {
		  "event": "1606"
		}
	  }
    },
    "events": {
	  "1606": {
		"run_command": {
		  "command": [
        "effect @e[rm=1,r=7] instant_damage 1 3 true"
		  ]
		}
	},
      "minecraft:weapon": {}
    }
  }
}
