{
	"format_version": "1.12.0",
	"minecraft:geometry": [
		{
			"description": {
				"identifier": "geometry.zoro_swords",
				"texture_width": 64,
				"texture_height": 64,
				"visible_bounds_width": 8,
				"visible_bounds_height": 3.5,
				"visible_bounds_offset": [0, 1.25, 0]
			},
			"bones": [
				{
					"name": "root",
					"pivot": [0, 0, 0]
				},
				{
					"name": "waist",
					"parent": "root",
					"pivot": [0, 12, 0]
				},
				{
					"name": "body",
					"parent": "waist",
					"pivot": [0, 24, 0]
				},
				{
					"name": "sheath",
					"parent": "body",
					"pivot": [4.625, 13.125, 0],
					"rotation": [-9.99976, -2.45728, 0.65242]
				},
				{
					"name": "shusui_sheath",
					"parent": "sheath",
					"pivot": [4.625, 13.125, -3.75],
					"cubes": [
						{
							"origin": [-3.625, 11.875, 2.375],
							"size": [14, 2.5, 0.75],
							"inflate": 0.025,
							"pivot": [4.625, 13.125, 2.75],
							"rotation": [0, 90, 0],
							"uv": {
								"north": {"uv": [62, 7], "uv_size": [-24, 4]},
								"east": {"uv": [37, 11], "uv_size": [1, -4]},
								"south": {"uv": [38, 7], "uv_size": [24, 4]},
								"west": {"uv": [63, 7], "uv_size": [-1, 4]},
								"up": {"uv": [62, 7], "uv_size": [-24, -1]},
								"down": {"uv": [62, 11], "uv_size": [-24, 1]}
							}
						},
						{
							"origin": [-12.125, 11.875, 2.375],
							"size": [8.5, 2.5, 0.75],
							"inflate": 0.025,
							"pivot": [4.625, 13.125, 2.75],
							"rotation": [0, 90, 0],
							"uv": {
								"north": {"uv": [54, 7], "uv_size": [-16, 4]},
								"east": {"uv": [37, 11], "uv_size": [1, -4]},
								"south": {"uv": [38, 7], "uv_size": [16, 4]},
								"west": {"uv": [55, 7], "uv_size": [-1, 3.5]},
								"up": {"uv": [54, 7], "uv_size": [-16, -1]},
								"down": {"uv": [54, 11], "uv_size": [-16, 1]}
							}
						},
						{
							"origin": [-2.375, 11.875, 3.625],
							"size": [22.5, 2.5, 0.75],
							"pivot": [4.625, 13.125, 4],
							"rotation": [0, -90, 0],
							"uv": {
								"north": {"uv": [36, 7], "uv_size": [-4, 5]},
								"east": {"uv": [36, 7], "uv_size": [-1, 5]},
								"south": {"uv": [32, 7], "uv_size": [4, 5]},
								"west": {"uv": [32, 7], "uv_size": [1, 5]},
								"up": {"uv": [36, 6], "uv_size": [-4, 1]},
								"down": {"uv": [36, 13], "uv_size": [-4, -1]}
							}
						},
						{
							"origin": [4.125, 11.75, 19.5],
							"size": [1, 2.75, 1],
							"uv": {
								"north": {"uv": [43.5, 27.5], "uv_size": [-4, 4]},
								"east": {"uv": [39.5, 27.5], "uv_size": [4, 4]},
								"south": {"uv": [43.5, 27.5], "uv_size": [-4, 4]},
								"west": {"uv": [43.5, 27.5], "uv_size": [-4, 4]},
								"up": {"uv": [43.5, 31.5], "uv_size": [-4, -4]},
								"down": {"uv": [43.5, 27.5], "uv_size": [-4, 4]}
							}
						},
						{
							"origin": [4.125, 11.75, -4],
							"size": [1, 2.75, 1],
							"uv": {
								"north": {"uv": [46.5, 28.5], "uv_size": [4, 3]},
								"east": {"uv": [50.5, 28.5], "uv_size": [-4, 3]},
								"south": {"uv": [46.5, 28.5], "uv_size": [4, 3]},
								"west": {"uv": [46.5, 28.5], "uv_size": [4, 3]},
								"up": {"uv": [50.5, 27.5], "uv_size": [-4, 1]},
								"down": {"uv": [50.5, 31.5], "uv_size": [-4, -1]}
							}
						}
					]
				},
				{
					"name": "sheath_off",
					"parent": "body",
					"pivot": [4.125, 12.125, 0],
					"rotation": [-7.5, 2.5, 0]
				},
				{
					"name": "sandai_kitetsu_sheath2",
					"parent": "sheath_off",
					"pivot": [4.125, 12.125, -3.75],
					"cubes": [
						{
							"origin": [9, 10.875, -0.375],
							"size": [6.5, 2.5, 0.75],
							"inflate": 0.05,
							"pivot": [4.125, 12.125, 0],
							"rotation": [0, -90, 0],
							"uv": {
								"north": {"uv": [19, 7], "uv_size": [13, 5]},
								"east": {"uv": [20, 12], "uv_size": [-1, -5]},
								"south": {"uv": [32, 7], "uv_size": [-13, 5]},
								"west": {"uv": [31, 7], "uv_size": [1, 5]},
								"up": {"uv": [19, 6], "uv_size": [13, 1]},
								"down": {"uv": [19, 13], "uv_size": [13, -1]}
							}
						},
						{
							"origin": [-2.875, 10.875, 3.625],
							"size": [22.5, 2.5, 0.75],
							"pivot": [4.125, 12.125, 4],
							"rotation": [0, -90, 0],
							"uv": {
								"north": {"uv": [4, 7], "uv_size": [-4, 5]},
								"east": {"uv": [4, 7], "uv_size": [-1, 5]},
								"south": {"uv": [0, 7], "uv_size": [4, 5]},
								"west": {"uv": [0, 7], "uv_size": [1, 5]},
								"up": {"uv": [4, 6], "uv_size": [-4, 1]},
								"down": {"uv": [4, 13], "uv_size": [-4, -1]}
							}
						},
						{
							"origin": [3.625, 10.75, -4],
							"size": [1, 2.75, 1],
							"uv": {
								"north": {"uv": [14.5, 28.5], "uv_size": [4, 3]},
								"east": {"uv": [18.5, 28.5], "uv_size": [-4, 3]},
								"south": {"uv": [14.5, 28.5], "uv_size": [4, 3]},
								"west": {"uv": [14.5, 28.5], "uv_size": [4, 3]},
								"up": {"uv": [18.5, 27.5], "uv_size": [-4, 1]},
								"down": {"uv": [18.5, 31.5], "uv_size": [-4, -1]}
							}
						}
					]
				},
				{
					"name": "head",
					"parent": "body",
					"pivot": [0, 24, 0]
				},
				{
					"name": "katana3",
					"parent": "head",
					"pivot": [1.25, 25.25, -4],
					"rotation": [-90, 22.5, 90]
				},
				{
					"name": "wado_ichimonji",
					"parent": "katana3",
					"pivot": [1.375, 25.5, -3.25],
					"cubes": [
						{
							"origin": [1.375, 24.25, -31.25],
							"size": [0, 2, 24],
							"uv": {
								"north": {"uv": [64, 64], "uv_size": [0, 0]},
								"east": {"uv": [64, 64], "uv_size": [0, 0]},
								"south": {"uv": [64, 64], "uv_size": [0, 0]},
								"west": {"uv": [32, 32], "uv_size": [-32, 4]},
								"up": {"uv": [64, 64], "uv_size": [0, 0]},
								"down": {"uv": [64, 64], "uv_size": [0, 0]}
							}
						},
						{
							"origin": [0.125, 24, -6.75],
							"size": [2.5, 3, 0.5],
							"uv": {
								"north": {"uv": [14.5, 60.5], "uv_size": [4, 3]},
								"east": {"uv": [14.5, 60.5], "uv_size": [1, 3]},
								"south": {"uv": [14.5, 60.5], "uv_size": [4, 3]},
								"west": {"uv": [18.5, 60.5], "uv_size": [-1, 3]},
								"up": {"uv": [14.5, 60.5], "uv_size": [4, -1]},
								"down": {"uv": [14.5, 62.5], "uv_size": [4, 1]}
							}
						},
						{
							"origin": [-11.875, 24.5, -7.375],
							"size": [6, 2, 0.75],
							"pivot": [-5.625, 12.75, 0],
							"rotation": [0, -90, 0],
							"uv": {
								"north": {"uv": [12, 49], "uv_size": [-12, 4]},
								"east": {"uv": [12, 49], "uv_size": [-1, 4]},
								"south": {"uv": [0, 49], "uv_size": [12, 4]},
								"west": {"uv": [1, 49], "uv_size": [-1, 4]},
								"up": {"uv": [12, 49], "uv_size": [-12, -1]},
								"down": {"uv": [12, 53], "uv_size": [-12, 1]}
							}
						},
						{
							"origin": [1.125, 24.5, -7.25],
							"size": [0.5, 2, 0.75],
							"uv": {
								"north": {"uv": [7.5, 59.5], "uv_size": [4, 4]},
								"east": {"uv": [7.5, 59.5], "uv_size": [4, 4]},
								"south": {"uv": [7.5, 59.5], "uv_size": [4, 4]},
								"west": {"uv": [11.5, 59.5], "uv_size": [-4, 4]},
								"up": {"uv": [7.5, 63.5], "uv_size": [4, -4]},
								"down": {"uv": [7.5, 59.5], "uv_size": [4, 4]}
							}
						},
						{
							"origin": [0.625, 24, -0.75],
							"size": [1.5, 2.75, 0.75],
							"uv": {
								"north": {"uv": [7.5, 59.5], "uv_size": [4, 4]},
								"east": {"uv": [7.5, 59.5], "uv_size": [4, 4]},
								"south": {"uv": [7.5, 59.5], "uv_size": [4, 4]},
								"west": {"uv": [11.5, 59.5], "uv_size": [-4, 4]},
								"up": {"uv": [7.5, 63.5], "uv_size": [4, -4]},
								"down": {"uv": [7.5, 59.5], "uv_size": [4, 4]}
							}
						}
					]
				},
				{
					"name": "rightarm",
					"parent": "body",
					"pivot": [-5, 22, 0]
				},
				{
					"name": "katana",
					"parent": "rightarm",
					"pivot": [-5, 13.5, 0]
				},
				{
					"name": "shusui",
					"parent": "katana",
					"pivot": [-5, 12.75, 0],
					"cubes": [
						{
							"origin": [-6.5, 11.25, -3.5],
							"size": [3, 3, 0.5],
							"pivot": [-5, 12.75, -3.5],
							"rotation": [0, 0, 45],
							"uv": {
								"north": {"uv": [56.5, 28.5], "uv_size": [-3, 3]},
								"east": {"uv": [55.5, 28.5], "uv_size": [1, 3]},
								"south": {"uv": [53.5, 28.5], "uv_size": [3, 3]},
								"west": {"uv": [53.5, 28.5], "uv_size": [1, 3]},
								"up": {"uv": [56.5, 29.5], "uv_size": [-3, -1]},
								"down": {"uv": [56.5, 31.5], "uv_size": [-3, -1]}
							}
						},
						{
							"origin": [-6.5, 11.25, -3.5],
							"size": [3, 3, 0.5],
							"inflate": 0.01,
							"uv": {
								"north": {"uv": [46.5, 28.5], "uv_size": [4, 3]},
								"east": {"uv": [46.5, 28.5], "uv_size": [4, 3]},
								"south": {"uv": [46.5, 28.5], "uv_size": [4, 3]},
								"west": {"uv": [46.5, 28.5], "uv_size": [4, 3]},
								"up": {"uv": [50.5, 28.5], "uv_size": [-4, -1]},
								"down": {"uv": [50.5, 31.5], "uv_size": [-4, -1]}
							}
						},
						{
							"origin": [-5, 11.5, -28],
							"size": [0, 2, 24],
							"uv": {
								"north": {"uv": [64, 64], "uv_size": [0, 0]},
								"east": {"uv": [64, 64], "uv_size": [0, 0]},
								"south": {"uv": [64, 64], "uv_size": [0, 0]},
								"west": {"uv": [64, 0], "uv_size": [-32, 4]},
								"up": {"uv": [64, 64], "uv_size": [0, 0]},
								"down": {"uv": [64, 64], "uv_size": [0, 0]}
							}
						},
						{
							"origin": [-8, 11.75, -0.375],
							"size": [6, 2, 0.75],
							"pivot": [-5, 12.75, 0],
							"rotation": [0, -90, 0],
							"uv": {
								"north": {"uv": [44, 17], "uv_size": [-12, 4]},
								"east": {"uv": [44, 17], "uv_size": [-1, 4]},
								"south": {"uv": [32, 17], "uv_size": [12, 4]},
								"west": {"uv": [33, 17], "uv_size": [-1, 4]},
								"up": {"uv": [44, 17], "uv_size": [-12, -1]},
								"down": {"uv": [44, 21], "uv_size": [-12, 1]}
							}
						},
						{
							"origin": [-5.75, 11.25, 2.5],
							"size": [1.5, 2.75, 0.75],
							"uv": {
								"north": {"uv": [7.5, 27.5], "uv_size": [4, 4]},
								"east": {"uv": [7.5, 27.5], "uv_size": [4, 4]},
								"south": {"uv": [7.5, 27.5], "uv_size": [4, 4]},
								"west": {"uv": [11.5, 27.5], "uv_size": [-4, 4]},
								"up": {"uv": [7.5, 31.5], "uv_size": [4, -4]},
								"down": {"uv": [7.5, 27.5], "uv_size": [4, 4]}
							}
						},
						{
							"origin": [-5.25, 11.75, -4],
							"size": [0.5, 2, 0.75],
							"uv": {
								"north": {"uv": [39.5, 27.5], "uv_size": [4, 4]},
								"east": {"uv": [39.5, 27.5], "uv_size": [4, 4]},
								"south": {"uv": [39.5, 27.5], "uv_size": [4, 4]},
								"west": {"uv": [43.5, 27.5], "uv_size": [-4, 4]},
								"up": {"uv": [39.5, 31.5], "uv_size": [4, -4]},
								"down": {"uv": [39.5, 27.5], "uv_size": [4, 4]}
							}
						}
					]
				},
				{
					"name": "leftarm",
					"parent": "body",
					"pivot": [5, 22, 0]
				},
				{
					"name": "katana_off",
					"parent": "leftarm",
					"pivot": [5, 13.5, 0]
				},
				{
					"name": "sandai_kitetsu",
					"parent": "katana_off",
					"pivot": [5, 12.75, 0],
					"cubes": [
						{
							"origin": [5, 11.5, -28],
							"size": [0, 2, 24],
							"uv": {
								"north": {"uv": [64, 64], "uv_size": [0, 0]},
								"east": {"uv": [0, 0], "uv_size": [32, 4]},
								"south": {"uv": [64, 64], "uv_size": [0, 0]},
								"west": {"uv": [64, 64], "uv_size": [0, 0]},
								"up": {"uv": [64, 64], "uv_size": [0, 0]},
								"down": {"uv": [64, 64], "uv_size": [0, 0]}
							}
						},
						{
							"origin": [4.75, 11.75, -4],
							"size": [0.5, 2, 0.25],
							"uv": {
								"north": {"uv": [11.5, 27.5], "uv_size": [-4, 4]},
								"east": {"uv": [7.5, 27.5], "uv_size": [4, 4]},
								"south": {"uv": [11.5, 27.5], "uv_size": [-4, 4]},
								"west": {"uv": [11.5, 27.5], "uv_size": [-4, 4]},
								"up": {"uv": [11.5, 31.5], "uv_size": [-4, -4]},
								"down": {"uv": [11.5, 27.5], "uv_size": [-4, 4]}
							}
						},
						{
							"origin": [2, 11.75, -0.375],
							"size": [6, 2, 0.75],
							"pivot": [5, 12.75, 0],
							"rotation": [0, 90, 0],
							"uv": {
								"north": {"uv": [0, 17], "uv_size": [12, 4]},
								"east": {"uv": [0, 17], "uv_size": [1, 4]},
								"south": {"uv": [12, 17], "uv_size": [-12, 4]},
								"west": {"uv": [11, 17], "uv_size": [1, 4]},
								"up": {"uv": [0, 17], "uv_size": [12, -1]},
								"down": {"uv": [0, 21], "uv_size": [12, 1]}
							}
						},
						{
							"origin": [4.25, 11.25, 2.5],
							"size": [1.5, 2.75, 0.75],
							"uv": {
								"north": {"uv": [11.5, 27.5], "uv_size": [-4, 4]},
								"east": {"uv": [7.5, 27.5], "uv_size": [4, 4]},
								"south": {"uv": [11.5, 27.5], "uv_size": [-4, 4]},
								"west": {"uv": [11.5, 27.5], "uv_size": [-4, 4]},
								"up": {"uv": [11.5, 31.5], "uv_size": [-4, -4]},
								"down": {"uv": [11.5, 27.5], "uv_size": [-4, 4]}
							}
						},
						{
							"origin": [5.5, 12.25, -3.75],
							"size": [0.75, 1, 0.75],
							"uv": {
								"north": {"uv": [11.5, 27.5], "uv_size": [-4, 4]},
								"east": {"uv": [7.5, 27.5], "uv_size": [4, 4]},
								"south": {"uv": [11.5, 27.5], "uv_size": [-4, 4]},
								"west": {"uv": [11.5, 27.5], "uv_size": [-4, 4]},
								"up": {"uv": [11.5, 31.5], "uv_size": [-4, -4]},
								"down": {"uv": [11.5, 27.5], "uv_size": [-4, 4]}
							}
						},
						{
							"origin": [3.75, 12.25, -3.75],
							"size": [0.75, 1, 0.75],
							"uv": {
								"north": {"uv": [11.5, 27.5], "uv_size": [-4, 4]},
								"east": {"uv": [7.5, 27.5], "uv_size": [4, 4]},
								"south": {"uv": [11.5, 27.5], "uv_size": [-4, 4]},
								"west": {"uv": [11.5, 27.5], "uv_size": [-4, 4]},
								"up": {"uv": [11.5, 31.5], "uv_size": [-4, -4]},
								"down": {"uv": [11.5, 27.5], "uv_size": [-4, 4]}
							}
						},
						{
							"origin": [6.25, 12, -3.75],
							"size": [0.5, 1.5, 0.75],
							"uv": {
								"north": {"uv": [18.5, 28.5], "uv_size": [-4, 3]},
								"east": {"uv": [14.5, 28.5], "uv_size": [4, 3]},
								"south": {"uv": [18.5, 28.5], "uv_size": [-4, 3]},
								"west": {"uv": [18.5, 28.5], "uv_size": [-4, 3]},
								"up": {"uv": [18.5, 28.5], "uv_size": [-4, -1]},
								"down": {"uv": [18.5, 30.5], "uv_size": [-4, 1]}
							}
						},
						{
							"origin": [3.25, 12, -3.75],
							"size": [0.5, 1.5, 0.75],
							"uv": {
								"north": {"uv": [18.5, 28.5], "uv_size": [-4, 3]},
								"east": {"uv": [14.5, 28.5], "uv_size": [4, 3]},
								"south": {"uv": [18.5, 28.5], "uv_size": [-4, 3]},
								"west": {"uv": [18.5, 28.5], "uv_size": [-4, 3]},
								"up": {"uv": [18.5, 28.5], "uv_size": [-4, -1]},
								"down": {"uv": [18.5, 30.5], "uv_size": [-4, 1]}
							}
						},
						{
							"origin": [4.25, 10.875, -3.75],
							"size": [1.5, 0.5, 0.75],
							"uv": {
								"north": {"uv": [11.5, 27.5], "uv_size": [-4, 4]},
								"east": {"uv": [7.5, 27.5], "uv_size": [4, 4]},
								"south": {"uv": [11.5, 27.5], "uv_size": [-4, 4]},
								"west": {"uv": [11.5, 27.5], "uv_size": [-4, 4]},
								"up": {"uv": [11.5, 31.5], "uv_size": [-4, -4]},
								"down": {"uv": [11.5, 27.5], "uv_size": [-4, 4]}
							}
						},
						{
							"origin": [4.25, 14.125, -3.75],
							"size": [1.5, 0.5, 0.75],
							"uv": {
								"north": {"uv": [18.5, 27.5], "uv_size": [-4, 1]},
								"east": {"uv": [14.5, 27.5], "uv_size": [4, 1]},
								"south": {"uv": [18.5, 27.5], "uv_size": [-4, 1]},
								"west": {"uv": [18.5, 27.5], "uv_size": [-4, 1]},
								"up": {"uv": [18.5, 28.5], "uv_size": [-4, -1]},
								"down": {"uv": [18.5, 27.5], "uv_size": [-4, 1]}
							}
						},
						{
							"origin": [4.5, 11.375, -3.75],
							"size": [1, 0.75, 0.75],
							"uv": {
								"north": {"uv": [11.5, 27.5], "uv_size": [-4, 4]},
								"east": {"uv": [7.5, 27.5], "uv_size": [4, 4]},
								"south": {"uv": [11.5, 27.5], "uv_size": [-4, 4]},
								"west": {"uv": [11.5, 27.5], "uv_size": [-4, 4]},
								"up": {"uv": [11.5, 31.5], "uv_size": [-4, -4]},
								"down": {"uv": [11.5, 27.5], "uv_size": [-4, 4]}
							}
						},
						{
							"origin": [4.5, 13.375, -3.75],
							"size": [1, 0.75, 0.75],
							"uv": {
								"north": {"uv": [11.5, 27.5], "uv_size": [-4, 4]},
								"east": {"uv": [7.5, 27.5], "uv_size": [4, 4]},
								"south": {"uv": [11.5, 27.5], "uv_size": [-4, 4]},
								"west": {"uv": [11.5, 27.5], "uv_size": [-4, 4]},
								"up": {"uv": [11.5, 31.5], "uv_size": [-4, -4]},
								"down": {"uv": [11.5, 27.5], "uv_size": [-4, 4]}
							}
						},
						{
							"origin": [4.25, 12, -3.75],
							"size": [1.5, 1.5, 0.75],
							"uv": {
								"north": {"uv": [11.5, 27.5], "uv_size": [-4, 4]},
								"east": {"uv": [7.5, 27.5], "uv_size": [4, 4]},
								"south": {"uv": [11.5, 27.5], "uv_size": [-4, 4]},
								"west": {"uv": [11.5, 27.5], "uv_size": [-4, 4]},
								"up": {"uv": [11.5, 31.5], "uv_size": [-4, -4]},
								"down": {"uv": [11.5, 27.5], "uv_size": [-4, 4]}
							}
						}
					]
				}
			]
		}
	]
}