{
  "format_version": "1.13.0",
  "minecraft:biome": {
    "description": {
      "identifier": "cold_ocean"
    },
    "components": {
       "minecraft:climate": {
        "downfall": 0.4,
        "snow_accumulation": [ 0.0, 0.125 ],
        "temperature": 0.8
      },
      "minecraft:multinoise_generation_rules": {
        "target_temperature": 0.0,
        "target_humidity": 0.0,
        "target_altitude": 0.0,
        "target_weirdness": 0.0,
        "weight": 0.4
      },
	  "minecraft:surface_parameters": {
        "sea_floor_depth": 7,
        "sea_floor_material": "minecraft:gravel",
        "foundation_material": "minecraft:mud",
        "mid_material": "minecraft:packed_mud",
        "top_material": "minecraft:moss_block",
        "sea_material": "minecraft:water"
      },
      "minecraft:overworld_height": {
        "noise_params": [0, 4]
      },
      "minecraft:overworld_generation_rules": {
        "mutate_transformation": "mesa"
      },

      "kirifuri": {},
      "monster": {},
      "overworld": {}
    }
  }
}
