{
  "format_version": "1.13.0",
  "minecraft:biome": {
    "description": {
      "identifier": "jungle"
    },
    "components": {
       "minecraft:climate": {
        "downfall": 0.9,
        "snow_accumulation": [ 0.0, 0.125 ],
        "temperature": 0.9
      },
      "minecraft:multinoise_generation_rules": {
        "target_temperature": 0.0,
        "target_humidity": 0.0,
        "target_altitude": 0.0,
        "target_weirdness": 0.0,
        "weight": 0.4
      },
	  "minecraft:surface_parameters": {
        "sea_floor_depth": 7,
        "sea_floor_material": "minecraft:gravel",
        "foundation_material": "minecraft:tuff",
        "mid_material": "minecraft:packed_mud",
       "top_material": {
                "name": "minecraft:dirt",
                "states": {
                  "dirt_type": "coarse"
                }
              },
        "sea_material": "minecraft:water"
      },
     "minecraft:overworld_height": {
        "noise_params": [0, 4]
      },
      "minecraft:overworld_generation_rules": {
        "mutate_transformation": "jungle"
      },

      "yakushima": {},
      "monster": {},
      "overworld": {}
    }
  }
}
