{
	"format_version": "1.8.0",
	"animations": {
		"animation.player.attack1": {
			"animation_length": 0.5,
			"override_previous_animation": true,
			"bones": {
				"waist": {
					"rotation": {
						"0.0": {
							"post": [0, 0, 0],
							"lerp_mode": "catmullrom"
						},
						"0.125": {
							"post": [2.5, 20, 0],
							"lerp_mode": "catmullrom"
						},
						"0.25": {
							"post": [10, -17.5, 0],
							"lerp_mode": "catmullrom"
						},
						"0.375": {
							"post": [10, -17.5, 0],
							"lerp_mode": "catmullrom"
						},
						"0.5": {
							"post": [0, 0, 0],
							"lerp_mode": "catmullrom"
						}
					}
				},
				"rightArm": {
					"rotation": {
						"0.0": {
							"post": [0, 0, 0],
							"lerp_mode": "catmullrom"
						},
						"0.125": {
							"post": [-92.5, 5, 90],
							"lerp_mode": "catmullrom"
						},
						"0.25": {
							"post": [-75, 2.5, 90],
							"lerp_mode": "catmullrom"
						},
						"0.375": {
							"post": [-85, 2.5, 92.5],
							"lerp_mode": "catmullrom"
						},
						"0.5": {
							"post": [0, 0, 0],
							"lerp_mode": "catmullrom"
						}
					},
					"position": {
						"0.0": {
							"post": [0, 0, 0],
							"lerp_mode": "catmullrom"
						},
						"0.125": {
							"post": [-1, 0, 3],
							"lerp_mode": "catmullrom"
						},
						"0.25": {
							"post": [-1, 0, 0],
							"lerp_mode": "catmullrom"
						},
						"0.375": {
							"post": [-1, 0, 0],
							"lerp_mode": "catmullrom"
						},
						"0.5": {
							"post": [0, 0, 0],
							"lerp_mode": "catmullrom"
						}
					}
				},
				"leftArm": {
					"rotation": {
						"0.0": {
							"post": [0, 0, 0],
							"lerp_mode": "catmullrom"
						},
						"0.125": {
							"post": [-55, 5, -50],
							"lerp_mode": "catmullrom"
						},
						"0.25": {
							"post": [-20, 17.5, -17.5],
							"lerp_mode": "catmullrom"
						},
						"0.375": {
							"post": [-20, 17.5, -17.5],
							"lerp_mode": "catmullrom"
						},
						"0.5": {
							"post": [0, 0, 0],
							"lerp_mode": "catmullrom"
						}
					},
					"position": {
						"0.0": {
							"post": [0, 0, 0],
							"lerp_mode": "catmullrom"
						},
						"0.125": {
							"post": [0, 0, 1.5],
							"lerp_mode": "catmullrom"
						},
						"0.25": {
							"post": [0, 0, -0.25],
							"lerp_mode": "catmullrom"
						},
						"0.375": {
							"post": [0, 0, -0.25],
							"lerp_mode": "catmullrom"
						},
						"0.5": {
							"post": [0, 0, 0],
							"lerp_mode": "catmullrom"
						}
					}
				}
			}
		},
		"animation.player.attack2": {
			"animation_length": 0.5,
			"override_previous_animation": true,
			"bones": {
				"waist": {
					"rotation": {
						"0.0": {
							"post": [0, 0, 0],
							"lerp_mode": "catmullrom"
						},
						"0.125": {
							"post": [2.5, -20, 0],
							"lerp_mode": "catmullrom"
						},
						"0.25": {
							"post": [10, 17.5, 0],
							"lerp_mode": "catmullrom"
						},
						"0.375": {
							"post": [10, 17.5, 0],
							"lerp_mode": "catmullrom"
						},
						"0.5": {
							"post": [0, 0, 0],
							"lerp_mode": "catmullrom"
						}
					}
				},
				"rightArm": {
					"rotation": {
						"0.0": {
							"post": [0, 0, 0],
							"lerp_mode": "catmullrom"
						},
						"0.125": {
							"post": [-55, 5, 50],
							"lerp_mode": "catmullrom"
						},
						"0.25": {
							"post": [-20, -17.5, 17.5],
							"lerp_mode": "catmullrom"
						},
						"0.375": {
							"post": [-20, -17.5, 17.5],
							"lerp_mode": "catmullrom"
						},
						"0.5": {
							"post": [0, 0, 0],
							"lerp_mode": "catmullrom"
						}
					},
					"position": {
						"0.0": {
							"post": [0, 0, 0],
							"lerp_mode": "catmullrom"
						},
						"0.125": {
							"post": [0, 0, 1.5],
							"lerp_mode": "catmullrom"
						},
						"0.25": {
							"post": [0, 0, -0.25],
							"lerp_mode": "catmullrom"
						},
						"0.375": {
							"post": [0, 0, -0.25],
							"lerp_mode": "catmullrom"
						},
						"0.5": {
							"post": [0, 0, 0],
							"lerp_mode": "catmullrom"
						}
					}
				},
				"leftArm": {
					"rotation": {
						"0.0": {
							"post": [0, 0, 0],
							"lerp_mode": "catmullrom"
						},
						"0.125": {
							"post": [-92.5, 5, -90],
							"lerp_mode": "catmullrom"
						},
						"0.25": {
							"post": [-75, -2.5, -90],
							"lerp_mode": "catmullrom"
						},
						"0.375": {
							"post": [-85, -2.5, -92.5],
							"lerp_mode": "catmullrom"
						},
						"0.5": {
							"post": [0, 0, 0],
							"lerp_mode": "catmullrom"
						}
					},
					"position": {
						"0.0": {
							"post": [0, 0, 0],
							"lerp_mode": "catmullrom"
						},
						"0.125": {
							"post": [1, 0, 3],
							"lerp_mode": "catmullrom"
						},
						"0.25": {
							"post": [0, 0, -0.33],
							"lerp_mode": "catmullrom"
						},
						"0.375": {
							"post": [1, 0, 0],
							"lerp_mode": "catmullrom"
						},
						"0.5": {
							"post": [0, 0, 0],
							"lerp_mode": "catmullrom"
						}
					}
				}
			}
		},
		"animation.player.attack3": {
			"animation_length": 0.5,
			"override_previous_animation": true,
			"bones": {
				"rightLeg": {
					"rotation": {
						"0.0": {
							"post": [0, 0, 0],
							"lerp_mode": "catmullrom"
						},
						"0.1667": {
							"post": [111.98825, 25.39301, 91.34514],
							"lerp_mode": "catmullrom"
						},
						"0.2083": {
							"post": [-67.64849, 11.1553, 41.83236],
							"lerp_mode": "catmullrom"
						},
						"0.375": {
							"post": [-77.54736, -13.27904, 36.50275],
							"lerp_mode": "catmullrom"
						},
						"0.4583": {
							"post": [0, 0, 0],
							"lerp_mode": "catmullrom"
						}
					},
					"position": {
						"0.0": {
							"post": [0, 0, 0],
							"lerp_mode": "catmullrom"
						},
						"0.1667": {
							"post": [0, 1, 1],
							"lerp_mode": "catmullrom"
						},
						"0.2083": {
							"post": [-1.44, 2.94, -0.19],
							"lerp_mode": "catmullrom"
						},
						"0.2917": {
							"post": [2.56, 2.94, -5.19],
							"lerp_mode": "catmullrom"
						},
						"0.375": {
							"post": [-0.09, 2.87, -3.57],
							"lerp_mode": "catmullrom"
						},
						"0.4583": {
							"post": [0, 0, 0],
							"lerp_mode": "catmullrom"
						}
					}
				},
				"leftLeg": {
					"rotation": {
						"0.0": {
							"post": [0, 0, 0],
							"lerp_mode": "catmullrom"
						},
						"0.125": {
							"post": [0, 25, 0],
							"lerp_mode": "catmullrom"
						},
						"0.25": {
							"post": [5, -39.375, 0],
							"lerp_mode": "catmullrom"
						},
						"0.375": {
							"post": [0, -50, 0],
							"lerp_mode": "catmullrom"
						},
						"0.5": {
							"post": [0, 0, 0],
							"lerp_mode": "catmullrom"
						}
					},
					"position": {
						"0.0": {
							"post": [0, 0, 0],
							"lerp_mode": "catmullrom"
						},
						"0.125": {
							"post": [0, 0, -1],
							"lerp_mode": "catmullrom"
						},
						"0.25": {
							"post": [0.5, 0, -2],
							"lerp_mode": "catmullrom"
						},
						"0.375": {
							"post": [0, 0, -1],
							"lerp_mode": "catmullrom"
						},
						"0.5": {
							"post": [0, 0, 0],
							"lerp_mode": "catmullrom"
						}
					}
				},
				"waist": {
					"rotation": {
						"0.0": {
							"post": [0, 0, 0],
							"lerp_mode": "catmullrom"
						},
						"0.1667": {
							"post": [5.04132, 37.18543, 9.37537],
							"lerp_mode": "catmullrom"
						},
						"0.2917": {
							"post": [-24.09289, -33.15857, 48.81091],
							"lerp_mode": "catmullrom"
						},
						"0.5": {
							"post": [0, 0, 0],
							"lerp_mode": "catmullrom"
						}
					},
					"position": {
						"0.0": {
							"post": [0, 0, 0],
							"lerp_mode": "catmullrom"
						},
						"0.1667": {
							"post": [0, 0, 1.5],
							"lerp_mode": "catmullrom"
						},
						"0.25": {
							"post": [-0.5, 1.17, -1.72],
							"lerp_mode": "catmullrom"
						},
						"0.2917": {
							"post": [0, 1.5, -3.5],
							"lerp_mode": "catmullrom"
						},
						"0.375": {
							"post": [-0.46, 0.46, -1.81],
							"lerp_mode": "catmullrom"
						},
						"0.5": {
							"post": [0, 0, 0],
							"lerp_mode": "catmullrom"
						}
					}
				}
			}
		}
	}
}