{
	"format_version": "1.8.0",
	"animations": {
		"animation.don_krieg.combo1": {
			"loop": "hold_on_last_frame",
			"animation_length": 2.75,
			"override_previous_animation": true,
			"bones": {
				"rightArm": {
					"rotation": {
						"0.0": [0, 0, 0],
						"0.0833": [0, -27.5, -10],
						"0.25": [5, -27.5, -10],
						"0.375": [-90, 0, 5],
						"0.625": [-90, 0, 5],
						"0.6667": [-97.5, 0, 5],
						"0.7083": [-90, 0, 5],
						"0.7917": [-90, 0, 5],
						"0.8333": [-97.5, 0, 5],
						"0.875": [-90, 0, 5],
						"0.9583": [-90, 0, 5],
						"1.0": [-97.5, 0, 5],
						"1.0417": [-90, 0, 5],
						"1.125": [-90, 0, 5],
						"1.1667": [-97.5, 0, 5],
						"1.2083": [-90, 0, 5],
						"1.5": [-90, 0, 5],
						"1.625": [5, -27.5, -10],
						"1.75": [-5, 10, 0]
					}
				},
				"leftArm": {
					"rotation": {
						"0.0": [0, 0, 0],
						"0.0833": [0, 27.5, 10],
						"0.25": [5, 27.5, 10],
						"0.375": [-90, 0, -5],
						"0.7083": [-90, 0, -5],
						"0.75": [-97.5, 0, -5],
						"0.7917": [-90, 0, -5],
						"0.875": [-90, 0, -5],
						"0.9167": [-97.5, 0, -5],
						"0.9583": [-90, 0, -5],
						"1.0417": [-90, 0, -5],
						"1.0833": [-97.5, 0, -5],
						"1.125": [-90, 0, -5],
						"1.2083": [-90, 0, -5],
						"1.25": [-97.5, 0, -5],
						"1.2917": [-90, 0, -5],
						"1.5": [-90, 0, -5],
						"1.625": [5, 27.5, 10],
						"1.75": [-5, -10, 0]
					}
				},
				"rightCannon": {
					"rotation": {
						"0.25": [0, 0, 0],
						"0.5": [-75, 0, 0],
						"2.5833": [-75, 0, 0],
						"2.75": [0, 0, 0]
					}
				},
				"rightCannon2": {
					"rotation": {
						"0.25": [0, 0, 0],
						"0.5": [-32.5, 0, 0],
						"2.5": [-32.5, 0, 0],
						"2.625": [0, 0, 0]
					},
					"scale": {
						"0.25": [1, 0, 1],
						"0.5": [1, 1, 1],
						"2.5": [1, 1, 1],
						"2.625": [1, 0, 1]
					}
				},
				"leftCannon": {
					"rotation": {
						"0.25": [0, 0, 0],
						"0.5": [-75, 0, 0],
						"2.5833": [-75, 0, 0],
						"2.75": [0, 0, 0]
					}
				},
				"leftCannon2": {
					"rotation": {
						"0.25": [0, 0, 0],
						"0.5": [-32.5, 0, 0],
						"2.5": [-32.5, 0, 0],
						"2.625": [0, 0, 0]
					},
					"scale": {
						"0.25": [1, 0, 1],
						"0.5": [1, 1, 1],
						"2.5": [1, 1, 1],
						"2.625": [1, 0, 1]
					}
				},
				"root": {
					"rotation": {
						"0.0": [0, 0, 0],
						"0.0833": {
							"pre": [-7.5, 0, 0],
							"post": [-7.5, 0, 0],
							"lerp_mode": "catmullrom"
						},
						"0.375": {
							"post": [0, 0, 0],
							"lerp_mode": "catmullrom"
						}
					}
				},
				"weapon": {
					"scale": {
						"0.125": [0, 1, 0],
						"0.25": [1, 1, 1],
						"1.625": [1, 1, 1],
						"1.75": [0, 0, 0]
					}
				},
				"weapon2": {
					"scale": {
						"0.125": [0, 1, 0],
						"0.25": [1, 1, 1],
						"1.625": [1, 1, 1],
						"1.75": [0, 0, 0]
					}
				}
			},
			"particle_effects": {
				"0.5833": {
					"effect": "krieg",
					"locator": "rightgun"
				},
				"0.6667": {
					"effect": "krieg",
					"locator": "leftgun"
				},
				"0.75": {
					"effect": "krieg",
					"locator": "rightgun"
				},
				"0.8333": {
					"effect": "krieg",
					"locator": "leftgun"
				},
				"0.9167": {
					"effect": "krieg",
					"locator": "rightgun"
				},
				"1.0": {
					"effect": "krieg",
					"locator": "leftgun"
				},
				"1.0833": {
					"effect": "krieg",
					"locator": "rightgun"
				},
				"1.1667": {
					"effect": "krieg",
					"locator": "leftgun"
				},
				"1.9167": {
					"effect": "krieg",
					"locator": "rightcannon"
				},
				"2.25": {
					"effect": "krieg",
					"locator": "leftcannon"
				}
			}
		}
	}
}