{
	"format_version": "1.8.0",
	"animations": {
		"animation.gin.combo1.start": {
			"loop": "hold_on_last_frame",
			"animation_length": 9999,
			"override_previous_animation": true,
			"bones": {
				"rightLeg": {
					"rotation": {
						"0.0": [0, 0, 0],
						"0.25": [0, 0, 2.5]
					}
				},
				"waist": {
					"rotation": {
						"0.0": [0, 0, 0],
						"0.25": [7.5, 0, 0]
					}
				},
				"head": {
					"rotation": {
						"0.0": [0, 0, 0],
						"0.25": [30, 0, 0]
					}
				},
				"rightArm": {
					"rotation": {
						"0.0": [0, 0, 0],
						"0.25": [-120, 0, -20]
					}
				},
				"leftArm": {
					"rotation": {
						"0.0": [0, 0, 0],
						"0.25": [-120, 0, 20]
					}
				},
				"leftLeg": {
					"rotation": {
						"0.0": [0, 0, 0],
						"0.25": [0, 0, -2.5]
					}
				}
			}
		},
		"animation.gin.combo1.end": {
			"loop": "hold_on_last_frame",
			"animation_length": 0.5,
			"bones": {
				"waist": {
					"rotation": {
						"0.0": [7.5, 0, 0],
						"0.1667": [80, 0, 0]
					},
					"position": {
						"0.0": [0, 0, 0],
						"0.1667": [0, -1, 1]
					}
				},
				"head": {
					"rotation": {
						"0.0": [30, 0, 0],
						"0.1667": [15, 0, 0]
					}
				},
				"rightArm": {
					"rotation": {
						"0.0": [-120, 0, 20],
						"0.1667": [-80, 0, 10]
					}
				},
				"leftArm": {
					"rotation": {
						"0.0": [-120, 0, -20],
						"0.1667": [-80, 0, -10]
					}
				},
				"rightLeg": {
					"rotation": {
						"0.0": [0, 0, 0],
						"0.1667": [0, 20, 5]
					},
					"position": {
						"0.0": [0, 0, 0],
						"0.1667": [-1, 0, 0]
					}
				},
				"leftLeg": {
					"rotation": {
						"0.0": [0, 0, 0],
						"0.1667": [0, -20, -5]
					},
					"position": {
						"0.0": [0, 0, 0],
						"0.1667": [1, 0, 0]
					}
				}
			}
		}
	}
}