{
	"format_version": "1.8.0",
	"animations": {
		"animation.sanji.attack" : {
			"loop" : true,
			"bones" : {
				"rightleg" : {
					"rotation" : [ "-(math.sin((1 - math.pow((1 - variable.attack_time), 4)) * 180) * 1.2 + math.sin(variable.attack_time * 180)) * 30.0", "-(math.sin((1 - math.pow((1 - variable.attack_time), 4)) * 180) ? (-90.0 * math.sin((1 - math.pow((1 - variable.attack_time), 4)) * 180)) + 30.0 : 0.0)", 0.0 ]
				}
			}
		},
		"animation.sanji.default": {
			"loop": true,
			"animation_length": 0.3,
			"bones": {
				"rightArm": {
					"rotation": [27.5, 0, -15],
					"position": [0, 0, -1]
				},
				"leftArm": {
					"rotation": [27.5, 0, 15],
					"position": [0, 0, -1]
				},
				"rightleg": {
					"position": [0, "q.ground_speed ? 0 : 2", "q.ground_speed ? 0 : -2"]
				}
			},
			"particle_effects": {
			    "0.0": [
			        {"effect": "cigarette","locator": "cigarette"},
			        {"effect": "cigarette2","locator": "cigarette"}
			    ]
			}
		}
	}
}