{
	"format_version": "1.10.0",
	"particle_effect": {
		"description": {
			"identifier": "ds:stw_black1",
			"basic_render_parameters": {
				"material": "particles_blend",
				"texture": "textures/particle/ground_impact"
			}
		},
		"components": {
			"minecraft:emitter_rate_instant": {
				"num_particles": 1
			},
			"minecraft:emitter_lifetime_looping": {
				"active_time": 1
			},
			"minecraft:emitter_shape_point": {},
			"minecraft:particle_lifetime_expression": {
				"max_lifetime": 0.5
			},
			"minecraft:particle_initial_speed": 0,
			"minecraft:particle_motion_dynamic": {},
			"minecraft:particle_appearance_billboard": {
				"size": ["4 + (variable.particle_age * 4)", "4 + (variable.particle_age * 4)"],
				"facing_camera_mode": "emitter_transform_xz",
				"uv": {
					"texture_width": 136,
					"texture_height": 17,
					"flipbook": {
						"base_UV": [0, 0],
						"size_UV": [17, 17],
						"step_UV": [17, 0],
						"frames_per_second": 8,
						"max_frame": 8,
						"stretch_to_lifetime": true
					}
				}
			},
			"minecraft:particle_appearance_tinting": {
				"color": {
					"interpolant": "v.particle_age / v.particle_lifetime",
					"gradient": {
						"0.0": "#FF464646",
						"1.0": "#001E1E1E"
					}
				}
			}
		}
	}
}