{
	"format_version": "1.10.0",
	"particle_effect": {
		"description": {
			"identifier": "ds:stweyes_black",
			"basic_render_parameters": {
				"material": "particles_blend",
				"texture": "textures/particle/customball"
			}
		},
		"curves": {
			"variable.test": {
				"type": "catmull_rom",
				"input": 1,
				"horizontal_range": 1,
				"nodes": [0, 1.12]
			}
		},
		"components": {
			"minecraft:emitter_rate_instant": {
				"num_particles": 20
			},
			"minecraft:emitter_lifetime_once": {
				"active_time": 0.15
			},
			"minecraft:emitter_shape_point": {},
			"minecraft:particle_lifetime_expression": {
				"max_lifetime": 1
			},
			"minecraft:particle_initial_speed": 0.1,
			"minecraft:particle_motion_dynamic": {},
			"minecraft:particle_appearance_billboard": {
				"size": ["0.05 - (variable.particle_age * 0.05)", "0.05 - (variable.particle_age * 0.05)"],
				"facing_camera_mode": "rotate_xyz",
				"uv": {
					"texture_width": 48,
					"texture_height": 6,
					"flipbook": {
						"base_UV": [0, 0],
						"size_UV": [6, 6],
						"step_UV": [6, 0],
						"frames_per_second": 7,
						"max_frame": 7,
						"stretch_to_lifetime": true
					}
				}
			},
			"minecraft:particle_appearance_tinting": {
				"color": {
					"interpolant": "variable.particle_random_2",
					"gradient": {
						"0.0": "#FF323232",
						"0.46": "#FF181818",
						"1.0": "#FF191919"
					}
				}
			}
		}
	}
}