{
	"format_version": "1.12.0",
	"minecraft:geometry": [
		{
			"description": {
				"identifier": "geometry.cauda_ssjf",
				"texture_width": 32,
				"texture_height": 32,
				"visible_bounds_width": 5,
				"visible_bounds_height": 4.5,
				"visible_bounds_offset": [0, 1.75, 0]
			},
			"bones": [
				{
					"name": "root",
					"pivot": [0, 12.72, 0]
				},
				{
					"name": "waist",
					"parent": "root",
					"pivot": [0, 13, 0]
				},
				{
					"name": "body",
					"parent": "waist",
					"pivot": [0, 24.60557, 0]
				},
				{
					"name": "tail",
					"parent": "body",
					"pivot": [0, 15.45417, 2.00001],
					"cubes": [
						{
							"origin": [-0.68258, 14.74031, 1.86872],
							"size": [1.36515, 1.42772, 6.26258],
							"uv": {
								"north": {"uv": [14, 10], "uv_size": [1.375, 1.375]},
								"east": {"uv": [11, 4], "uv_size": [6.25, 1.375]},
								"south": {"uv": [12, 14], "uv_size": [1.375, 1.375]},
								"west": {"uv": [11, 6], "uv_size": [6.25, 1.375]},
								"up": {"uv": [0, 11], "uv_size": [1.375, 6.25]},
								"down": {"uv": [2, 17.25], "uv_size": [1.375, -6.25]}
							}
						}
					]
				},
				{
					"name": "tail2",
					"parent": "tail",
					"pivot": [0, 15.45417, 8.00001],
					"cubes": [
						{
							"origin": [-0.6894, 14.73317, 7.8374],
							"size": [1.3788, 1.442, 6.3252],
							"uv": {
								"north": {"uv": [12, 12], "uv_size": [1.375, 1.5]},
								"east": {"uv": [7, 0], "uv_size": [6.375, 1.5]},
								"south": {"uv": [14, 0], "uv_size": [1.375, 1.5]},
								"west": {"uv": [7, 2], "uv_size": [6.375, 1.5]},
								"up": {"uv": [8, 8], "uv_size": [1.375, 6.375]},
								"down": {"uv": [10, 14.375], "uv_size": [1.375, -6.375]}
							}
						}
					]
				},
				{
					"name": "tail3",
					"parent": "tail2",
					"pivot": [0, 15.45417, 14.00001],
					"cubes": [
						{
							"origin": [-0.71671, 14.70462, 13.71215],
							"size": [1.43341, 1.49911, 6.57571],
							"uv": {
								"north": {"uv": [14, 2], "uv_size": [1.375, 1.5]},
								"east": {"uv": [4, 4], "uv_size": [6.625, 1.5]},
								"south": {"uv": [14, 8], "uv_size": [1.375, 1.5]},
								"west": {"uv": [4, 6], "uv_size": [6.625, 1.5]},
								"up": {"uv": [4, 8], "uv_size": [1.375, 6.625]},
								"down": {"uv": [6, 14.625], "uv_size": [1.375, -6.625]}
							}
						}
					]
				},
				{
					"name": "tail4",
					"parent": "tail3",
					"pivot": [0, 15.45417, 20.00001],
					"cubes": [
						{
							"origin": [-0.73718, 14.6832, 19.61821],
							"size": [1.47437, 1.54194, 6.76358],
							"uv": {
								"north": {"uv": [12, 8], "uv_size": [1.5, 1.5]},
								"east": {"uv": [0, 0], "uv_size": [6.75, 1.5]},
								"south": {"uv": [12, 10], "uv_size": [1.5, 1.5]},
								"west": {"uv": [0, 2], "uv_size": [6.75, 1.5]},
								"up": {"uv": [0, 4], "uv_size": [1.5, 6.75]},
								"down": {"uv": [2, 10.75], "uv_size": [1.5, -6.75]}
							}
						}
					]
				},
				{
					"name": "rightarm",
					"parent": "body",
					"pivot": [-5.12616, 22.5551, 0]
				},
				{
					"name": "rightArmClothe",
					"parent": "rightarm",
					"pivot": [-6, 22, 0]
				},
				{
					"name": "leftarm",
					"parent": "body",
					"pivot": [5.12616, 22.5551, 0]
				},
				{
					"name": "leftArmClothe",
					"parent": "leftarm",
					"pivot": [6, 22, 0]
				},
				{
					"name": "head",
					"parent": "body",
					"pivot": [0, 25.12, 0]
				}
			]
		}
	]
}