{
	"format_version": "1.12.0",
	"minecraft:geometry": [
		{
			"description": {
				"identifier": "geometry.chilled",
				"texture_width": 64,
				"texture_height": 64,
				"visible_bounds_width": 7,
				"visible_bounds_height": 4.5,
				"visible_bounds_offset": [0, 1.75, 0]
			},
			"bones": [
				{
					"name": "root",
					"pivot": [0, 12.79371, 0]
				},
				{
					"name": "waist",
					"parent": "root",
					"pivot": [0, 13, 0]
				},
				{
					"name": "body",
					"parent": "waist",
					"pivot": [0, 24.74816, 0],
					"cubes": [
						{
							"origin": [-4.12469, 12.37408, -2.06235],
							"size": [8.24939, 12.37408, 4.12469],
							"uv": {
								"north": {"uv": [0, 0], "uv_size": [8, 12]},
								"east": {"uv": [21, 14], "uv_size": [4, 12]},
								"south": {"uv": [8, 0], "uv_size": [8, 12]},
								"west": {"uv": [25, 14], "uv_size": [4, 12]},
								"up": {"uv": [40, 7], "uv_size": [8, 4]},
								"down": {"uv": [43, 37], "uv_size": [8, -4]}
							}
						}
					]
				},
				{
					"name": "rightarm",
					"parent": "body",
					"pivot": [-5.15587, 22.6858, 0],
					"cubes": [
						{
							"origin": [-8.24939, 12.37408, -2.06235],
							"size": [4.12469, 12.37408, 4.12469],
							"uv": {
								"north": {"uv": [0, 26], "uv_size": [4, 12]},
								"east": {"uv": [4, 26], "uv_size": [4, 12]},
								"south": {"uv": [8, 26], "uv_size": [4, 12]},
								"west": {"uv": [12, 26], "uv_size": [4, 12]},
								"up": {"uv": [28, 38], "uv_size": [4, 4]},
								"down": {"uv": [28, 46], "uv_size": [4, -4]}
							}
						},
						{
							"origin": [-8.44551, 21.19617, -1.96485],
							"size": [4.20325, 4.13619, 3.9297],
							"inflate": 0.1,
							"pivot": [-6.16502, 22.24992, 0.00001],
							"rotation": [0, 0, 5],
							"uv": {
								"north": {"uv": [16, 7], "uv_size": [4.125, 4]},
								"east": {"uv": [45, 23], "uv_size": [3.75, 4]},
								"south": {"uv": [36, 43], "uv_size": [4.125, 4]},
								"west": {"uv": [45, 27], "uv_size": [3.75, 4]},
								"up": {"uv": [12, 45], "uv_size": [4.125, 3.75]},
								"down": {"uv": [17, 48.75], "uv_size": [4.125, -3.75]}
							}
						}
					]
				},
				{
					"name": "leftarm",
					"parent": "body",
					"pivot": [5.15587, 22.6858, 0],
					"cubes": [
						{
							"origin": [4.1247, 12.37408, -2.06235],
							"size": [4.12469, 12.37408, 4.12469],
							"uv": {
								"north": {"uv": [33, 12], "uv_size": [4, 12]},
								"east": {"uv": [36, 0], "uv_size": [4, 12]},
								"south": {"uv": [36, 24], "uv_size": [4, 12]},
								"west": {"uv": [32, 36], "uv_size": [4, 12]},
								"up": {"uv": [4, 45], "uv_size": [4, 4]},
								"down": {"uv": [8, 49], "uv_size": [4, -4]}
							}
						},
						{
							"origin": [4.24226, 21.19617, -1.96485],
							"size": [4.20325, 4.13619, 3.9297],
							"inflate": 0.1,
							"pivot": [6.16502, 22.24992, 0.00001],
							"rotation": [0, 0, -5],
							"uv": {
								"north": {"uv": [43, 37], "uv_size": [4.125, 4]},
								"east": {"uv": [27, 46], "uv_size": [3.75, 4]},
								"south": {"uv": [41, 43], "uv_size": [4.125, 4]},
								"west": {"uv": [46, 41], "uv_size": [3.75, 4]},
								"up": {"uv": [45, 19], "uv_size": [4.125, 3.75]},
								"down": {"uv": [22, 48.75], "uv_size": [4.125, -3.75]}
							}
						}
					]
				},
				{
					"name": "tail",
					"parent": "body",
					"pivot": [0, 15.54373, 2.0116],
					"cubes": [
						{
							"origin": [-0.69233, 14.81993, 1.87376],
							"size": [1.38465, 1.44759, 6.31046],
							"inflate": 1,
							"uv": {
								"north": {"uv": [55, 36], "uv_size": [1.25, 1.375]},
								"east": {"uv": [49, 2], "uv_size": [6.125, 1.375]},
								"south": {"uv": [55, 38], "uv_size": [1.25, 1.375]},
								"west": {"uv": [16, 49], "uv_size": [6.125, 1.375]},
								"up": {"uv": [23, 49], "uv_size": [1.25, 6.125]},
								"down": {"uv": [25, 55.125], "uv_size": [1.25, -6.125]}
							}
						}
					]
				},
				{
					"name": "tail2",
					"parent": "tail",
					"pivot": [0, 15.54373, 9.05217],
					"cubes": [
						{
							"origin": [-0.69861, 14.81333, 8.8834],
							"size": [1.39721, 1.46078, 6.37229],
							"inflate": 0.9,
							"uv": {
								"north": {"uv": [39, 55], "uv_size": [1.25, 1.375]},
								"east": {"uv": [49, 23], "uv_size": [6.125, 1.375]},
								"south": {"uv": [55, 40], "uv_size": [1.25, 1.375]},
								"west": {"uv": [49, 25], "uv_size": [6.125, 1.375]},
								"up": {"uv": [35, 49], "uv_size": [1.25, 6.125]},
								"down": {"uv": [37, 55.125], "uv_size": [1.25, -6.125]}
							}
						}
					]
				},
				{
					"name": "tail3",
					"parent": "tail2",
					"pivot": [0, 15.54373, 16.09273],
					"cubes": [
						{
							"origin": [-0.7255, 14.78521, 15.79857],
							"size": [1.45098, 1.51707, 6.62309],
							"inflate": 0.8,
							"uv": {
								"north": {"uv": [55, 29], "uv_size": [1.375, 1.375]},
								"east": {"uv": [48, 16], "uv_size": [6.375, 1.375]},
								"south": {"uv": [30, 55], "uv_size": [1.375, 1.375]},
								"west": {"uv": [49, 0], "uv_size": [6.375, 1.375]},
								"up": {"uv": [12, 49], "uv_size": [1.375, 6.375]},
								"down": {"uv": [14, 55.375], "uv_size": [1.375, -6.375]}
							}
						}
					]
				},
				{
					"name": "tail4",
					"parent": "tail3",
					"pivot": [0, 15.54373, 23.1333],
					"cubes": [
						{
							"origin": [-0.74551, 14.76424, 22.74523],
							"size": [1.49102, 1.55898, 6.81089],
							"inflate": 0.7,
							"uv": {
								"north": {"uv": [50, 47], "uv_size": [1.375, 1.5]},
								"east": {"uv": [45, 4], "uv_size": [6.625, 1.5]},
								"south": {"uv": [55, 7], "uv_size": [1.375, 1.5]},
								"west": {"uv": [45, 31], "uv_size": [6.625, 1.5]},
								"up": {"uv": [0, 49], "uv_size": [1.375, 6.625]},
								"down": {"uv": [2, 55.625], "uv_size": [1.375, -6.625]}
							}
						}
					]
				},
				{
					"name": "tail5",
					"parent": "tail4",
					"pivot": [0, 15.54373, 30.17386],
					"cubes": [
						{
							"origin": [-0.74435, 14.7654, 29.78696],
							"size": [1.48871, 1.55667, 6.80857],
							"inflate": 0.5,
							"uv": {
								"north": {"uv": [55, 9], "uv_size": [1.375, 1.5]},
								"east": {"uv": [46, 45], "uv_size": [6.625, 1.5]},
								"south": {"uv": [55, 11], "uv_size": [1.375, 1.5]},
								"west": {"uv": [36, 47], "uv_size": [6.625, 1.5]},
								"up": {"uv": [4, 49], "uv_size": [1.375, 6.625]},
								"down": {"uv": [6, 55.625], "uv_size": [1.375, -6.625]}
							}
						}
					]
				},
				{
					"name": "tail6",
					"parent": "tail5",
					"pivot": [0, 15.54373, 37.21443],
					"cubes": [
						{
							"origin": [-0.74319, 14.76656, 36.82868],
							"size": [1.48639, 1.55435, 6.80626],
							"inflate": 0.3,
							"uv": {
								"north": {"uv": [55, 13], "uv_size": [1.375, 1.5]},
								"east": {"uv": [43, 47], "uv_size": [6.625, 1.5]},
								"south": {"uv": [55, 15], "uv_size": [1.375, 1.5]},
								"west": {"uv": [48, 6], "uv_size": [6.625, 1.5]},
								"up": {"uv": [8, 49], "uv_size": [1.375, 6.625]},
								"down": {"uv": [10, 55.625], "uv_size": [1.375, -6.625]}
							}
						}
					]
				},
				{
					"name": "head",
					"parent": "body",
					"pivot": [0, 25.12, 0],
					"cubes": [
						{
							"origin": [-3.48, 24.5, -3.52],
							"size": [7, 7.04, 7.04],
							"uv": {
								"north": {"uv": [0, 12], "uv_size": [7, 7]},
								"east": {"uv": [7, 12], "uv_size": [7, 7]},
								"south": {"uv": [14, 12], "uv_size": [7, 7]},
								"west": {"uv": [16, 0], "uv_size": [7, 7]},
								"up": {"uv": [0, 19], "uv_size": [7, 7]},
								"down": {"uv": [7, 26], "uv_size": [7, -7]}
							}
						},
						{
							"origin": [-3.29905, 25.68198, -3.33802],
							"size": [6.6381, 6.67603, 6.67603],
							"uv": {
								"north": {"uv": [36, 36], "uv_size": [6.625, 6.625]},
								"east": {"uv": [37, 12], "uv_size": [6.625, 6.625]},
								"south": {"uv": [0, 38], "uv_size": [6.625, 6.625]},
								"west": {"uv": [7, 38], "uv_size": [6.625, 6.625]},
								"up": {"uv": [14, 38], "uv_size": [6.625, 6.625]},
								"down": {"uv": [21, 44.625], "uv_size": [6.625, -6.625]}
							}
						},
						{
							"origin": [2.80923, 26.95721, -1.10593],
							"size": [1.46656, 3.18546, 3.18546],
							"pivot": [3.19354, 32.53468, 0.4977],
							"rotation": [0.15622, -0.16764, 0.00502],
							"uv": {
								"north": {"uv": [50, 18], "uv_size": [1.5, 3.125]},
								"east": {"uv": [48, 8], "uv_size": [3.125, 3.125]},
								"south": {"uv": [27, 50], "uv_size": [1.5, 3.125]},
								"west": {"uv": [48, 12], "uv_size": [3.125, 3.125]},
								"up": {"uv": [29, 50], "uv_size": [1.5, 3.125]},
								"down": {"uv": [50, 44.125], "uv_size": [1.5, -3.125]}
							}
						},
						{
							"origin": [-4.27579, 26.95721, -1.10593],
							"size": [1.46656, 3.18546, 3.18546],
							"pivot": [-3.19354, 32.53468, 0.4977],
							"rotation": [0.15622, 0.16764, -0.00502],
							"uv": {
								"north": {"uv": [16, 51], "uv_size": [1.5, 3.125]},
								"east": {"uv": [31, 48], "uv_size": [3.125, 3.125]},
								"south": {"uv": [18, 51], "uv_size": [1.5, 3.125]},
								"west": {"uv": [48, 37], "uv_size": [3.125, 3.125]},
								"up": {"uv": [20, 51], "uv_size": [1.5, 3.125]},
								"down": {"uv": [51, 30.125], "uv_size": [1.5, -3.125]}
							}
						},
						{
							"origin": [-2.36275, 26.1, -3.50275],
							"size": [4.7255, 7.0055, 7.0055],
							"uv": {
								"north": {"uv": [23, 0], "uv_size": [4.75, 7]},
								"east": {"uv": [14, 19], "uv_size": [7, 7]},
								"south": {"uv": [40, 0], "uv_size": [4.75, 7]},
								"west": {"uv": [21, 7], "uv_size": [7, 7]},
								"up": {"uv": [40, 19], "uv_size": [4.75, 7]},
								"down": {"uv": [40, 33], "uv_size": [4.75, -7]}
							}
						}
					]
				},
				{
					"name": "leftleg",
					"parent": "root",
					"pivot": [1.95922, 12.37408, 0],
					"cubes": [
						{
							"origin": [-0.10311, 0, -2.06235],
							"size": [4.12469, 12.37408, 4.12469],
							"uv": {
								"north": {"uv": [16, 26], "uv_size": [4, 12]},
								"east": {"uv": [20, 26], "uv_size": [4, 12]},
								"south": {"uv": [24, 26], "uv_size": [4, 12]},
								"west": {"uv": [28, 0], "uv_size": [4, 12]},
								"up": {"uv": [44, 11], "uv_size": [4, 4]},
								"down": {"uv": [44, 19], "uv_size": [4, -4]}
							}
						}
					]
				},
				{
					"name": "bone4",
					"parent": "leftleg",
					"pivot": [1.95922, 1.01833, -1.67632],
					"rotation": [10, 0, 0],
					"cubes": [
						{
							"origin": [0.99323, 0.53533, -5.292],
							"size": [1.93199, 0.966, 3.18653],
							"uv": {
								"north": {"uv": [48, 18], "uv_size": [1.875, 1]},
								"east": {"uv": [16, 11], "uv_size": [3.125, 1]},
								"south": {"uv": [52, 21], "uv_size": [1.875, 1]},
								"west": {"uv": [40, 11], "uv_size": [3.125, 1]},
								"up": {"uv": [37, 19], "uv_size": [1.875, 3.125]},
								"down": {"uv": [49, 30.125], "uv_size": [1.875, -3.125]}
							}
						},
						{
							"origin": [0.70468, 0.39106, -3.07146],
							"size": [2.50908, 1.25454, 2.50908],
							"uv": {
								"north": {"uv": [29, 24], "uv_size": [2.375, 1.25]},
								"east": {"uv": [43, 41], "uv_size": [2.375, 1.25]},
								"south": {"uv": [52, 14], "uv_size": [2.375, 1.25]},
								"west": {"uv": [39, 53], "uv_size": [2.375, 1.25]},
								"up": {"uv": [40, 33], "uv_size": [2.375, 2.375]},
								"down": {"uv": [43, 51.375], "uv_size": [2.375, -2.375]}
							}
						}
					]
				},
				{
					"name": "bone5",
					"parent": "leftleg",
					"pivot": [-0.15937, 0.6329, -1.0956],
					"rotation": [9.70563, 42.92089, -2.15963],
					"cubes": [
						{
							"origin": [-0.25564, 0.35005, -4.06087],
							"size": [1.66551, 0.83275, 2.74701],
							"uv": {
								"north": {"uv": [55, 32], "uv_size": [1.625, 0.75]},
								"east": {"uv": [16, 55], "uv_size": [2.625, 0.75]},
								"south": {"uv": [41, 55], "uv_size": [1.625, 0.75]},
								"west": {"uv": [55, 17], "uv_size": [2.625, 0.75]},
								"up": {"uv": [43, 52], "uv_size": [1.625, 2.625]},
								"down": {"uv": [45, 54.625], "uv_size": [1.625, -2.625]}
							}
						},
						{
							"origin": [-0.50438, 0.22567, -2.14661],
							"size": [2.163, 1.0815, 2.163],
							"uv": {
								"north": {"uv": [37, 23], "uv_size": [2.125, 1]},
								"east": {"uv": [45, 6], "uv_size": [2.125, 1]},
								"south": {"uv": [52, 5], "uv_size": [2.125, 1]},
								"west": {"uv": [54, 33], "uv_size": [2.125, 1]},
								"up": {"uv": [51, 33], "uv_size": [2.125, 2.125]},
								"down": {"uv": [52, 10.125], "uv_size": [2.125, -2.125]}
							}
						}
					]
				},
				{
					"name": "bone6",
					"parent": "leftleg",
					"pivot": [4.02286, 0.44401, 0.10208],
					"rotation": [9.01188, -37.98727, 3.22784],
					"cubes": [
						{
							"origin": [1.96406, 0.61367, -3.73114],
							"size": [1.66551, 0.83276, 2.74701],
							"uv": {
								"north": {"uv": [55, 42], "uv_size": [1.625, 0.75]},
								"east": {"uv": [55, 18], "uv_size": [2.625, 0.75]},
								"south": {"uv": [43, 55], "uv_size": [1.625, 0.75]},
								"west": {"uv": [19, 55], "uv_size": [2.625, 0.75]},
								"up": {"uv": [47, 52], "uv_size": [1.625, 2.625]},
								"down": {"uv": [52, 49.625], "uv_size": [1.625, -2.625]}
							}
						},
						{
							"origin": [1.71531, 0.4893, -1.81689],
							"size": [2.163, 1.0815, 2.163],
							"uv": {
								"north": {"uv": [54, 34], "uv_size": [2.125, 1]},
								"east": {"uv": [54, 35], "uv_size": [2.125, 1]},
								"south": {"uv": [54, 47], "uv_size": [2.125, 1]},
								"west": {"uv": [54, 48], "uv_size": [2.125, 1]},
								"up": {"uv": [52, 11], "uv_size": [2.125, 2.125]},
								"down": {"uv": [52, 20.125], "uv_size": [2.125, -2.125]}
							}
						}
					]
				},
				{
					"name": "rightleg",
					"parent": "root",
					"pivot": [-1.95922, 12.37408, 0],
					"cubes": [
						{
							"origin": [-4.02158, 0, -2.06235],
							"size": [4.12469, 12.37408, 4.12469],
							"uv": {
								"north": {"uv": [28, 26], "uv_size": [4, 12]},
								"east": {"uv": [29, 12], "uv_size": [4, 12]},
								"south": {"uv": [32, 0], "uv_size": [4, 12]},
								"west": {"uv": [32, 24], "uv_size": [4, 12]},
								"up": {"uv": [0, 45], "uv_size": [4, 4]},
								"down": {"uv": [45, 4], "uv_size": [4, -4]}
							}
						}
					]
				},
				{
					"name": "bone2",
					"parent": "rightleg",
					"pivot": [-1.95922, 1.01833, -1.67632],
					"rotation": [10, 0, 0],
					"cubes": [
						{
							"origin": [-2.92522, 0.53533, -5.292],
							"size": [1.93199, 0.966, 3.18653],
							"uv": {
								"north": {"uv": [55, 31], "uv_size": [1.875, 1]},
								"east": {"uv": [50, 22], "uv_size": [3.125, 1]},
								"south": {"uv": [32, 55], "uv_size": [1.875, 1]},
								"west": {"uv": [52, 4], "uv_size": [3.125, 1]},
								"up": {"uv": [39, 49], "uv_size": [1.875, 3.125]},
								"down": {"uv": [41, 52.125], "uv_size": [1.875, -3.125]}
							}
						},
						{
							"origin": [-3.21376, 0.39106, -3.07146],
							"size": [2.50908, 1.25454, 2.50908],
							"uv": {
								"north": {"uv": [53, 45], "uv_size": [2.375, 1.25]},
								"east": {"uv": [51, 53], "uv_size": [2.375, 1.25]},
								"south": {"uv": [54, 21], "uv_size": [2.375, 1.25]},
								"west": {"uv": [27, 54], "uv_size": [2.375, 1.25]},
								"up": {"uv": [46, 49], "uv_size": [2.375, 2.375]},
								"down": {"uv": [49, 51.375], "uv_size": [2.375, -2.375]}
							}
						}
					]
				},
				{
					"name": "bone3",
					"parent": "rightleg",
					"pivot": [0.15937, 0.6329, -1.0956],
					"rotation": [9.70563, -42.92089, 2.15963],
					"cubes": [
						{
							"origin": [-1.40987, 0.35005, -4.06087],
							"size": [1.66551, 0.83275, 2.74701],
							"uv": {
								"north": {"uv": [55, 43], "uv_size": [1.625, 0.75]},
								"east": {"uv": [55, 19], "uv_size": [2.625, 0.75]},
								"south": {"uv": [55, 44], "uv_size": [1.625, 0.75]},
								"west": {"uv": [55, 20], "uv_size": [2.625, 0.75]},
								"up": {"uv": [49, 52], "uv_size": [1.625, 2.625]},
								"down": {"uv": [52, 52.625], "uv_size": [1.625, -2.625]}
							}
						},
						{
							"origin": [-1.65862, 0.22567, -2.14661],
							"size": [2.163, 1.0815, 2.163],
							"uv": {
								"north": {"uv": [54, 49], "uv_size": [2.125, 1]},
								"east": {"uv": [54, 50], "uv_size": [2.125, 1]},
								"south": {"uv": [54, 51], "uv_size": [2.125, 1]},
								"west": {"uv": [54, 52], "uv_size": [2.125, 1]},
								"up": {"uv": [31, 52], "uv_size": [2.125, 2.125]},
								"down": {"uv": [52, 38.125], "uv_size": [2.125, -2.125]}
							}
						}
					]
				},
				{
					"name": "bone7",
					"parent": "rightleg",
					"pivot": [-4.02285, 0.44401, 0.10208],
					"rotation": [9.01188, 37.98727, -3.22784],
					"cubes": [
						{
							"origin": [-3.62957, 0.61367, -3.73114],
							"size": [1.66551, 0.83276, 2.74701],
							"uv": {
								"north": {"uv": [45, 55], "uv_size": [1.625, 0.75]},
								"east": {"uv": [55, 27], "uv_size": [2.625, 0.75]},
								"south": {"uv": [47, 55], "uv_size": [1.625, 0.75]},
								"west": {"uv": [55, 28], "uv_size": [2.625, 0.75]},
								"up": {"uv": [53, 27], "uv_size": [1.625, 2.625]},
								"down": {"uv": [53, 32.625], "uv_size": [1.625, -2.625]}
							}
						},
						{
							"origin": [-3.87831, 0.4893, -1.81689],
							"size": [2.163, 1.0815, 2.163],
							"uv": {
								"north": {"uv": [54, 53], "uv_size": [2.125, 1]},
								"east": {"uv": [54, 54], "uv_size": [2.125, 1]},
								"south": {"uv": [55, 5], "uv_size": [2.125, 1]},
								"west": {"uv": [55, 6], "uv_size": [2.125, 1]},
								"up": {"uv": [52, 39], "uv_size": [2.125, 2.125]},
								"down": {"uv": [52, 44.125], "uv_size": [2.125, -2.125]}
							}
						}
					]
				}
			]
		}
	]
}