{
	"format_version": "1.12.0",
	"minecraft:geometry": [
		{
			"description": {
				"identifier": "geometry.dance_fusion",
				"texture_width": 64,
				"texture_height": 64,
				"visible_bounds_width": 3,
				"visible_bounds_height": 4.5,
				"visible_bounds_offset": [0, 1.75, 0]
			},
			"bones": [
				{
					"name": "root",
					"pivot": [0, 12.72, 0]
				},
				{
					"name": "waist",
					"parent": "root",
					"pivot": [0, 13, 0]
				},
				{
					"name": "body",
					"parent": "waist",
					"pivot": [0, 24.60557, 0],
					"cubes": [
						{
							"origin": [-4.10093, 12.30278, -2.05046],
							"size": [8.20186, 12.30278, 4.10093],
							"inflate": 0.1,
							"uv": {
								"north": {"uv": [0, 0], "uv_size": [8.25, 12.25]},
								"east": {"uv": [11, 18], "uv_size": [4.125, 12.25]},
								"south": {"uv": [9, 0], "uv_size": [8.25, 12.25]},
								"west": {"uv": [16, 18], "uv_size": [4.125, 12.25]},
								"up": {"uv": [34, 0], "uv_size": [8.25, 4.125]},
								"down": {"uv": [34, 9.125], "uv_size": [8.25, -4.125]}
							}
						},
						{
							"origin": [-4.26005, 15.98411, -2.13002],
							"size": [8.52009, 2.00013, 4.26005],
							"uv": {
								"north": {"uv": [52, 10], "uv_size": [8.5, 2]},
								"east": {"uv": [41, 22], "uv_size": [4.25, 2]},
								"south": {"uv": [52, 12], "uv_size": [8.5, 2]},
								"west": {"uv": [36, 59], "uv_size": [4.25, 2]},
								"up": {"uv": [31, 26], "uv_size": [8.5, 4.25]},
								"down": {"uv": [31, 35.25], "uv_size": [8.5, -4.25]}
							}
						},
						{
							"origin": [3.0404, 16.6551, -2.19831],
							"size": [14.52009, 5.00013, 0],
							"pivot": [3.44042, 17.82965, -3.2326],
							"rotation": [0, 15, 87.5],
							"uv": {
								"north": {"uv": [0, 13], "uv_size": [14.5, 5]},
								"east": {"uv": [0, 0], "uv_size": [0, 5]},
								"south": {"uv": [15, 13], "uv_size": [14.5, 5]},
								"west": {"uv": [0, 0], "uv_size": [0, 5]},
								"up": {"uv": [0, 0], "uv_size": [14.5, 0]},
								"down": {"uv": [0, 0], "uv_size": [14.5, 0]}
							}
						}
					]
				},
				{
					"name": "Roupa",
					"parent": "body",
					"pivot": [0, 21.01726, 0],
					"cubes": [
						{
							"origin": [-5.429, 18, -2.4],
							"size": [10.858, 6.6435, 4.6],
							"uv": {
								"north": {"uv": [0, 18], "uv_size": [10.875, 6.625]},
								"east": {"uv": [36, 10], "uv_size": [4.625, 6.625]},
								"south": {"uv": [18, 0], "uv_size": [10.875, 6.625]},
								"west": {"uv": [36, 17], "uv_size": [4.625, 6.625]},
								"up": {"uv": [18, 7], "uv_size": [10.875, 4.625]},
								"down": {"uv": [20, 35.625], "uv_size": [10.875, -4.625]}
							}
						},
						{
							"origin": [-7.58088, 20.26013, -2.7],
							"size": [2.42702, 5.23666, 5.368],
							"pivot": [-6.36737, 22.37847, -0.016],
							"rotation": [0, 0, -7.5],
							"uv": {
								"north": {"uv": [10, 54], "uv_size": [2.375, 5.25]},
								"east": {"uv": [41, 16], "uv_size": [5.375, 5.25]},
								"south": {"uv": [13, 54], "uv_size": [2.375, 5.25]},
								"west": {"uv": [20, 42], "uv_size": [5.375, 5.25]},
								"up": {"uv": [29, 53], "uv_size": [2.375, 5.375]},
								"down": {"uv": [32, 58.375], "uv_size": [2.375, -5.375]}
							}
						},
						{
							"origin": [5.15386, 20.26013, -2.7],
							"size": [2.42702, 5.23666, 5.368],
							"pivot": [6.36737, 22.37847, -0.016],
							"rotation": [0, 0, 7.5],
							"uv": {
								"north": {"uv": [54, 31], "uv_size": [2.375, 5.25]},
								"east": {"uv": [26, 42], "uv_size": [5.375, 5.25]},
								"south": {"uv": [54, 37], "uv_size": [2.375, 5.25]},
								"west": {"uv": [32, 42], "uv_size": [5.375, 5.25]},
								"up": {"uv": [35, 53], "uv_size": [2.375, 5.375]},
								"down": {"uv": [38, 58.375], "uv_size": [2.375, -5.375]}
							}
						},
						{
							"origin": [2.19229, 22.64143, -3],
							"size": [1.99016, 4.29406, 4.40176],
							"pivot": [2.36737, 24.37847, -1.016],
							"rotation": [0, 0, 40],
							"uv": {
								"north": {"uv": [54, 31], "uv_size": [2.375, 5.25]},
								"east": {"uv": [26, 42], "uv_size": [5.375, 5.25]},
								"south": {"uv": [54, 37], "uv_size": [2.375, 5.25]},
								"west": {"uv": [32, 42], "uv_size": [5.375, 5.25]},
								"up": {"uv": [35, 53], "uv_size": [2.375, 5.375]},
								"down": {"uv": [38, 58.375], "uv_size": [2.375, -5.375]}
							}
						},
						{
							"origin": [1.19229, 23.64143, -2],
							"size": [1.99016, 4.29406, 4.40176],
							"pivot": [1.36737, 25.37847, -0.016],
							"rotation": [0, 0, 77.5],
							"uv": {
								"north": {"uv": [54, 31], "uv_size": [2.375, 5.25]},
								"east": {"uv": [26, 42], "uv_size": [5.375, 5.25]},
								"south": {"uv": [54, 37], "uv_size": [2.375, 5.25]},
								"west": {"uv": [32, 42], "uv_size": [5.375, 5.25]},
								"up": {"uv": [35, 53], "uv_size": [2.375, 5.375]},
								"down": {"uv": [38, 58.375], "uv_size": [2.375, -5.375]}
							}
						},
						{
							"origin": [-3.18245, 23.64143, -2],
							"size": [1.99016, 4.29406, 4.40176],
							"pivot": [-1.36737, 25.37847, -0.016],
							"rotation": [0, 0, -77.5],
							"uv": {
								"north": {"uv": [10, 54], "uv_size": [2.375, 5.25]},
								"east": {"uv": [41, 16], "uv_size": [5.375, 5.25]},
								"south": {"uv": [13, 54], "uv_size": [2.375, 5.25]},
								"west": {"uv": [20, 42], "uv_size": [5.375, 5.25]},
								"up": {"uv": [29, 53], "uv_size": [2.375, 5.375]},
								"down": {"uv": [32, 58.375], "uv_size": [2.375, -5.375]}
							}
						},
						{
							"origin": [-4.18245, 22.64143, -3],
							"size": [1.99016, 4.29406, 4.40176],
							"pivot": [-2.36737, 24.37847, -1.016],
							"rotation": [0, 0, -40],
							"uv": {
								"north": {"uv": [10, 54], "uv_size": [2.375, 5.25]},
								"east": {"uv": [41, 16], "uv_size": [5.375, 5.25]},
								"south": {"uv": [13, 54], "uv_size": [2.375, 5.25]},
								"west": {"uv": [20, 42], "uv_size": [5.375, 5.25]},
								"up": {"uv": [29, 53], "uv_size": [2.375, 5.375]},
								"down": {"uv": [32, 58.375], "uv_size": [2.375, -5.375]}
							}
						}
					]
				},
				{
					"name": "rightarm",
					"parent": "body",
					"pivot": [-5.12616, 22.5551, 0]
				},
				{
					"name": "rightArmClothe",
					"parent": "rightarm",
					"pivot": [-6, 22, 0],
					"cubes": [
						{
							"origin": [-8.30438, 13.99521, -2.15298],
							"size": [4.30598, 2.91792, 4.30598],
							"uv": {
								"north": {"uv": [52, 18], "uv_size": [4.25, 2.875]},
								"east": {"uv": [54, 0], "uv_size": [4.25, 2.875]},
								"south": {"uv": [54, 43], "uv_size": [4.25, 2.875]},
								"west": {"uv": [54, 46], "uv_size": [4.25, 2.875]},
								"up": {"uv": [49, 42], "uv_size": [4.25, 4.25]},
								"down": {"uv": [49, 51.25], "uv_size": [4.25, -4.25]}
							}
						}
					]
				},
				{
					"name": "leftarm",
					"parent": "body",
					"pivot": [5.12616, 22.5551, 0]
				},
				{
					"name": "leftArmClothe",
					"parent": "leftarm",
					"pivot": [6, 22, 0],
					"cubes": [
						{
							"origin": [3.99841, 13.99521, -2.15298],
							"size": [4.30598, 2.91792, 4.30598],
							"uv": {
								"north": {"uv": [54, 49], "uv_size": [4.25, 2.875]},
								"east": {"uv": [0, 55], "uv_size": [4.25, 2.875]},
								"south": {"uv": [5, 55], "uv_size": [4.25, 2.875]},
								"west": {"uv": [55, 52], "uv_size": [4.25, 2.875]},
								"up": {"uv": [0, 50], "uv_size": [4.25, 4.25]},
								"down": {"uv": [5, 54.25], "uv_size": [4.25, -4.25]}
							}
						}
					]
				},
				{
					"name": "head",
					"parent": "body",
					"pivot": [0, 25.12, 0]
				},
				{
					"name": "leftleg",
					"parent": "root",
					"pivot": [1.94794, 12.30278, 0],
					"cubes": [
						{
							"origin": [-0.10252, 0, -2.05046],
							"size": [4.10093, 12.30278, 4.10093],
							"inflate": 0.1,
							"uv": {
								"north": {"uv": [21, 18], "uv_size": [4.125, 12.25]},
								"east": {"uv": [0, 25], "uv_size": [4.125, 12.25]},
								"south": {"uv": [5, 25], "uv_size": [4.125, 12.25]},
								"west": {"uv": [26, 18], "uv_size": [4.125, 12.25]},
								"up": {"uv": [51, 21], "uv_size": [4.125, 4.125]},
								"down": {"uv": [51, 30.125], "uv_size": [4.125, -4.125]}
							}
						},
						{
							"origin": [-0.27148, 4.73084, -3.21942],
							"size": [4.43885, 2.49008, 4.43885],
							"pivot": [1.94794, 5.97588, -1],
							"rotation": [48.81999, 33.17071, 26.72792],
							"uv": {
								"north": {"uv": [55, 55], "uv_size": [4.5, 2.5]},
								"east": {"uv": [56, 14], "uv_size": [4.5, 2.5]},
								"south": {"uv": [56, 21], "uv_size": [4.5, 2.5]},
								"west": {"uv": [56, 24], "uv_size": [4.5, 2.5]},
								"up": {"uv": [12, 44], "uv_size": [4.5, 4.5]},
								"down": {"uv": [44, 40.5], "uv_size": [4.5, -4.5]}
							}
						},
						{
							"origin": [0.91689, 7.31268, -3.56349],
							"size": [3.32558, 1.93937, 4.17558],
							"pivot": [2.15468, 8.28236, -1.4757],
							"rotation": [62.58233, 35.61383, 11.9073],
							"uv": {
								"north": {"uv": [36, 24], "uv_size": [3.375, 2]},
								"east": {"uv": [41, 59], "uv_size": [4.125, 2]},
								"south": {"uv": [6, 42], "uv_size": [3.375, 2]},
								"west": {"uv": [59, 42], "uv_size": [4.125, 2]},
								"up": {"uv": [51, 52], "uv_size": [3.375, 4.125]},
								"down": {"uv": [17, 57.125], "uv_size": [3.375, -4.125]}
							}
						},
						{
							"origin": [-1.07716, 6.63305, -0.6451],
							"size": [3.91244, 2.28161, 3.91244],
							"pivot": [1.84532, 8.28236, 0.4757],
							"rotation": [-42.99759, 35.6703, -5.92695],
							"uv": {
								"north": {"uv": [51, 57], "uv_size": [3.875, 2.25]},
								"east": {"uv": [16, 58], "uv_size": [3.875, 2.25]},
								"south": {"uv": [20, 58], "uv_size": [3.875, 2.25]},
								"west": {"uv": [24, 58], "uv_size": [3.875, 2.25]},
								"up": {"uv": [6, 38], "uv_size": [3.875, 3.875]},
								"down": {"uv": [43, 9.875], "uv_size": [3.875, -3.875]}
							}
						},
						{
							"origin": [-0.216, 4.76197, -1.16394],
							"size": [4.32788, 2.42783, 4.32788],
							"pivot": [1.94794, 5.97588, 1],
							"rotation": [-39.54133, 38.68979, -43.72074],
							"uv": {
								"north": {"uv": [57, 6], "uv_size": [4.375, 2.375]},
								"east": {"uv": [57, 17], "uv_size": [4.375, 2.375]},
								"south": {"uv": [57, 30], "uv_size": [4.375, 2.375]},
								"west": {"uv": [57, 33], "uv_size": [4.375, 2.375]},
								"up": {"uv": [27, 48], "uv_size": [4.375, 4.375]},
								"down": {"uv": [32, 52.375], "uv_size": [4.375, -4.375]}
							}
						},
						{
							"origin": [-0.60439, 5.73499, -2.55233],
							"size": [5.10467, 5.58598, 5.10467],
							"pivot": [1.94795, 8.02798, 0],
							"rotation": [0, -5, 0],
							"uv": {
								"north": {"uv": [20, 36], "uv_size": [5.125, 5.625]},
								"east": {"uv": [26, 36], "uv_size": [5.125, 5.625]},
								"south": {"uv": [32, 36], "uv_size": [5.125, 5.625]},
								"west": {"uv": [0, 38], "uv_size": [5.125, 5.625]},
								"up": {"uv": [38, 42], "uv_size": [5.125, 5.125]},
								"down": {"uv": [43, 5.125], "uv_size": [5.125, -5.125]}
							}
						},
						{
							"origin": [-0.24606, -0.10252, -2.17349],
							"size": [4.34698, 4.6656, 4.34698],
							"uv": {
								"north": {"uv": [46, 27], "uv_size": [4.375, 4.625]},
								"east": {"uv": [44, 46], "uv_size": [4.375, 4.625]},
								"south": {"uv": [47, 6], "uv_size": [4.375, 4.625]},
								"west": {"uv": [47, 11], "uv_size": [4.375, 4.625]},
								"up": {"uv": [37, 48], "uv_size": [4.375, 4.375]},
								"down": {"uv": [49, 4.375], "uv_size": [4.375, -4.375]}
							}
						}
					]
				},
				{
					"name": "rightleg",
					"parent": "root",
					"pivot": [-1.94794, 12.30278, 0],
					"cubes": [
						{
							"origin": [-3.99841, 0, -2.05046],
							"size": [4.10093, 12.30278, 4.10093],
							"inflate": 0.1,
							"uv": {
								"north": {"uv": [29, 0], "uv_size": [4.125, 12.25]},
								"east": {"uv": [10, 31], "uv_size": [4.125, 12.25]},
								"south": {"uv": [31, 13], "uv_size": [4.125, 12.25]},
								"west": {"uv": [15, 31], "uv_size": [4.125, 12.25]},
								"up": {"uv": [42, 51], "uv_size": [4.125, 4.125]},
								"down": {"uv": [52, 9.125], "uv_size": [4.125, -4.125]}
							}
						},
						{
							"origin": [-4.16736, 4.73084, -3.21942],
							"size": [4.43885, 2.49008, 4.43885],
							"pivot": [-1.94794, 5.97588, -1],
							"rotation": [48.81999, -33.17071, -26.72792],
							"uv": {
								"north": {"uv": [56, 27], "uv_size": [4.5, 2.5]},
								"east": {"uv": [41, 56], "uv_size": [4.5, 2.5]},
								"south": {"uv": [46, 56], "uv_size": [4.5, 2.5]},
								"west": {"uv": [57, 3], "uv_size": [4.5, 2.5]},
								"up": {"uv": [44, 41], "uv_size": [4.5, 4.5]},
								"down": {"uv": [46, 26.5], "uv_size": [4.5, -4.5]}
							}
						},
						{
							"origin": [-4.24247, 7.31268, -3.56349],
							"size": [3.32558, 1.93937, 4.17558],
							"pivot": [-2.15468, 8.28236, -1.4757],
							"rotation": [62.58233, -35.61383, -11.9073],
							"uv": {
								"north": {"uv": [59, 46], "uv_size": [3.375, 2]},
								"east": {"uv": [59, 44], "uv_size": [4.125, 2]},
								"south": {"uv": [59, 48], "uv_size": [3.375, 2]},
								"west": {"uv": [46, 59], "uv_size": [4.125, 2]},
								"up": {"uv": [21, 53], "uv_size": [3.375, 4.125]},
								"down": {"uv": [25, 57.125], "uv_size": [3.375, -4.125]}
							}
						},
						{
							"origin": [-2.83529, 6.63305, -0.6451],
							"size": [3.91244, 2.28161, 3.91244],
							"pivot": [-1.84532, 8.28236, 0.4757],
							"rotation": [-42.99759, -35.6703, 5.92695],
							"uv": {
								"north": {"uv": [55, 58], "uv_size": [3.875, 2.25]},
								"east": {"uv": [59, 0], "uv_size": [3.875, 2.25]},
								"south": {"uv": [28, 59], "uv_size": [3.875, 2.25]},
								"west": {"uv": [32, 59], "uv_size": [3.875, 2.25]},
								"up": {"uv": [52, 14], "uv_size": [3.875, 3.875]},
								"down": {"uv": [47, 55.875], "uv_size": [3.875, -3.875]}
							}
						},
						{
							"origin": [-4.11188, 4.76197, -1.16394],
							"size": [4.32788, 2.42783, 4.32788],
							"pivot": [-1.94794, 5.97588, 1],
							"rotation": [-39.54133, -38.68979, 43.72074],
							"uv": {
								"north": {"uv": [57, 36], "uv_size": [4.375, 2.375]},
								"east": {"uv": [57, 39], "uv_size": [4.375, 2.375]},
								"south": {"uv": [0, 58], "uv_size": [4.375, 2.375]},
								"west": {"uv": [5, 58], "uv_size": [4.375, 2.375]},
								"up": {"uv": [12, 49], "uv_size": [4.375, 4.375]},
								"down": {"uv": [49, 36.375], "uv_size": [4.375, -4.375]}
							}
						},
						{
							"origin": [-4.50028, 5.73499, -2.55233],
							"size": [5.10467, 5.58598, 5.10467],
							"pivot": [-1.94795, 8.02798, 0],
							"rotation": [0, 5, 0],
							"uv": {
								"north": {"uv": [38, 36], "uv_size": [5.125, 5.625]},
								"east": {"uv": [40, 24], "uv_size": [5.125, 5.625]},
								"south": {"uv": [40, 30], "uv_size": [5.125, 5.625]},
								"west": {"uv": [41, 10], "uv_size": [5.125, 5.625]},
								"up": {"uv": [0, 44], "uv_size": [5.125, 5.125]},
								"down": {"uv": [6, 49.125], "uv_size": [5.125, -5.125]}
							}
						},
						{
							"origin": [-4.10092, -0.10252, -2.17349],
							"size": [4.34698, 4.6656, 4.34698],
							"uv": {
								"north": {"uv": [47, 16], "uv_size": [4.375, 4.625]},
								"east": {"uv": [17, 48], "uv_size": [4.375, 4.625]},
								"south": {"uv": [47, 6], "uv_size": [4.375, 4.625]},
								"west": {"uv": [22, 48], "uv_size": [4.375, 4.625]},
								"up": {"uv": [49, 37], "uv_size": [4.375, 4.375]},
								"down": {"uv": [49, 4.375], "uv_size": [4.375, -4.375]}
							}
						}
					]
				},
				{
					"name": "locator",
					"pivot": [0, 0, 0],
					"locators": {
						"p": [0, 0, 0]
					}
				}
			]
		}
	]
}