{
	"format_version": "1.12.0",
	"minecraft:geometry": [
		{
			"description": {
				"identifier": "geometry.muscles",
				"texture_width": 64,
				"texture_height": 64,
				"visible_bounds_width": 3,
				"visible_bounds_height": 4.5,
				"visible_bounds_offset": [0, 1.75, 0]
			},
			"bones": [
				{
					"name": "root",
					"pivot": [0, 12.72, 0]
				},
				{
					"name": "waist",
					"parent": "root",
					"pivot": [0, 13, 0]
				},
				{
					"name": "body",
					"parent": "waist",
					"pivot": [0, 24.60557, 0],
					"cubes": [
						{
							"origin": [-4.10093, 12.30278, -2.05046],
							"size": [8.20186, 12.30278, 4.10093],
							"uv": {
								"north": {"uv": [0, 0], "uv_size": [8.25, 12.25]},
								"east": {"uv": [0, 13], "uv_size": [4.125, 12.25]},
								"south": {"uv": [9, 0], "uv_size": [8.25, 12.25]},
								"west": {"uv": [5, 13], "uv_size": [4.125, 12.25]},
								"up": {"uv": [38, 7], "uv_size": [8.25, 4.125]},
								"down": {"uv": [7, 43.125], "uv_size": [8.25, -4.125]}
							}
						},
						{
							"origin": [-4.5668, 15.83118, -2.28339],
							"size": [9.13359, 9.24598, 4.5668],
							"uv": {
								"north": {"uv": [0, 0], "uv_size": [8.25, 8.375]},
								"east": {"uv": [0, 13], "uv_size": [4.125, 8.375]},
								"south": {"uv": [9, 0], "uv_size": [8.25, 8.375]},
								"west": {"uv": [5, 13], "uv_size": [4.125, 8.375]},
								"up": {"uv": [38, 7], "uv_size": [8.25, 4.125]},
								"down": {"uv": [7, 43.125], "uv_size": [8.25, -4.125]}
							}
						},
						{
							"origin": [-4.79514, 18.60003, -2.39756],
							"size": [9.59027, 6.70827, 4.79514],
							"uv": {
								"north": {"uv": [0, 0], "uv_size": [8.25, 5.625]},
								"east": {"uv": [0, 13], "uv_size": [4.125, 4.625]},
								"south": {"uv": [9, 0], "uv_size": [8.25, 5.625]},
								"west": {"uv": [5, 13], "uv_size": [4.125, 4.625]},
								"up": {"uv": [38, 7], "uv_size": [8.25, 4.125]},
								"down": {"uv": [8.25, 0], "uv_size": [-8.25, 4.5]}
							}
						},
						{
							"origin": [-5.51441, 20.09691, -2.7572],
							"size": [11.02881, 5.71452, 5.51441],
							"uv": {
								"north": {"uv": [0, 0], "uv_size": [8.25, 4.5]},
								"east": {"uv": [0, 13], "uv_size": [4.125, 4.625]},
								"south": {"uv": [9, 0], "uv_size": [8.25, 4.375]},
								"west": {"uv": [5, 13], "uv_size": [4.125, 4.625]},
								"up": {"uv": [38, 7], "uv_size": [8.25, 4.125]},
								"down": {"uv": [0, 4.5], "uv_size": [8.25, -4.5]}
							}
						}
					]
				},
				{
					"name": "rightarm",
					"parent": "body",
					"pivot": [-6.12616, 22.5551, 0],
					"cubes": [
						{
							"origin": [-9.20186, 12.30278, -2.05046],
							"size": [4.10093, 12.30278, 4.10093],
							"uv": {
								"north": {"uv": [10, 13], "uv_size": [4.125, 12.25]},
								"east": {"uv": [15, 13], "uv_size": [4.125, 12.25]},
								"south": {"uv": [18, 0], "uv_size": [4.125, 12.25]},
								"west": {"uv": [20, 13], "uv_size": [4.125, 12.25]},
								"up": {"uv": [16, 39], "uv_size": [4.125, 4.125]},
								"down": {"uv": [21, 43.125], "uv_size": [4.125, -4.125]}
							}
						},
						{
							"origin": [-9.44792, 17.56461, -2.29652],
							"size": [4.59304, 4.77911, 4.59304],
							"uv": {
								"north": {"uv": [10, 15.625], "uv_size": [4, 4.375]},
								"east": {"uv": [15, 15.625], "uv_size": [4, 4.375]},
								"south": {"uv": [18, 3.125], "uv_size": [4.125, 4.5]},
								"west": {"uv": [20, 15.625], "uv_size": [4.125, 4.375]},
								"up": {"uv": [16, 39], "uv_size": [4.125, 4.125]},
								"down": {"uv": [21, 43.125], "uv_size": [4.125, -4.125]}
							}
						},
						{
							"origin": [-9.58571, 20.42124, -2.43431],
							"size": [4.86862, 5.06586, 4.86862],
							"pivot": [-7.1514, 22.95417, 0],
							"rotation": [0, 0, -2.5],
							"uv": {
								"north": {"uv": [10, 13], "uv_size": [4.125, 4.375]},
								"east": {"uv": [15, 13], "uv_size": [4.125, 4.375]},
								"south": {"uv": [18, 0], "uv_size": [4.125, 4.5]},
								"west": {"uv": [20, 13], "uv_size": [4.125, 4.375]},
								"up": {"uv": [16, 39], "uv_size": [4.125, 4.125]},
								"down": {"uv": [21, 43.125], "uv_size": [4.125, -4.125]}
							}
						}
					]
				},
				{
					"name": "leftarm",
					"parent": "body",
					"pivot": [6.12616, 22.5551, 0],
					"cubes": [
						{
							"origin": [5.10093, 12.30278, -2.05046],
							"size": [4.10093, 12.30278, 4.10093],
							"uv": {
								"north": {"uv": [14.125, 13], "uv_size": [-4.125, 12.25]},
								"east": {"uv": [24.125, 13], "uv_size": [-4.125, 12.25]},
								"south": {"uv": [22.125, 0], "uv_size": [-4.125, 12.25]},
								"west": {"uv": [19.125, 13], "uv_size": [-4.125, 12.25]},
								"up": {"uv": [20.125, 39], "uv_size": [-4.125, 4.125]},
								"down": {"uv": [25.125, 43.125], "uv_size": [-4.125, -4.125]}
							}
						},
						{
							"origin": [4.85487, 17.56461, -2.29652],
							"size": [4.59304, 4.77911, 4.59304],
							"uv": {
								"north": {"uv": [14, 15.625], "uv_size": [-4, 4.375]},
								"east": {"uv": [24.125, 15.625], "uv_size": [-4.125, 4.375]},
								"south": {"uv": [22.125, 3.125], "uv_size": [-4.125, 4.5]},
								"west": {"uv": [19, 15.625], "uv_size": [-4, 4.375]},
								"up": {"uv": [20.125, 39], "uv_size": [-4.125, 4.125]},
								"down": {"uv": [25.125, 43.125], "uv_size": [-4.125, -4.125]}
							}
						},
						{
							"origin": [4.71708, 20.42124, -2.43431],
							"size": [4.86862, 5.06586, 4.86862],
							"pivot": [7.1514, 22.95417, 0],
							"rotation": [0, 0, 2.5],
							"uv": {
								"north": {"uv": [14.125, 13], "uv_size": [-4.125, 4.375]},
								"east": {"uv": [24.125, 13], "uv_size": [-4.125, 4.375]},
								"south": {"uv": [22.125, 0], "uv_size": [-4.125, 4.5]},
								"west": {"uv": [19.125, 13], "uv_size": [-4.125, 4.375]},
								"up": {"uv": [20.125, 39], "uv_size": [-4.125, 4.125]},
								"down": {"uv": [25.125, 43.125], "uv_size": [-4.125, -4.125]}
							}
						}
					]
				},
				{
					"name": "head",
					"parent": "body",
					"pivot": [0, 25.12, 0],
					"cubes": [
						{
							"origin": [-3.52, 24.5, -3.52],
							"size": [7.04, 7.04, 7.04],
							"uv": {
								"north": {"uv": [35, 13], "uv_size": [7, 7]},
								"east": {"uv": [35, 20], "uv_size": [7, 7]},
								"south": {"uv": [35, 27], "uv_size": [7, 7]},
								"west": {"uv": [35, 34], "uv_size": [7, 7]},
								"up": {"uv": [38, 0], "uv_size": [7, 7]},
								"down": {"uv": [0, 46], "uv_size": [7, -7]}
							}
						}
					]
				},
				{
					"name": "rightleg",
					"parent": "root",
					"pivot": [-1.94794, 12.30278, 0],
					"cubes": [
						{
							"origin": [-3.99841, 0, -2.05046],
							"size": [4.10093, 12.30278, 4.10093],
							"uv": {
								"north": {"uv": [10, 26], "uv_size": [4.125, 12.25]},
								"east": {"uv": [15, 26], "uv_size": [4.125, 12.25]},
								"south": {"uv": [20, 26], "uv_size": [4.125, 12.25]},
								"west": {"uv": [25, 26], "uv_size": [4.125, 12.25]},
								"up": {"uv": [36, 41], "uv_size": [4.125, 4.125]},
								"down": {"uv": [41, 45.125], "uv_size": [4.125, -4.125]}
							}
						}
					]
				},
				{
					"name": "leftleg",
					"parent": "root",
					"pivot": [1.94794, 12.30278, 0],
					"cubes": [
						{
							"origin": [-0.10252, 0, -2.05046],
							"size": [4.10093, 12.30278, 4.10093],
							"uv": {
								"north": {"uv": [28, 0], "uv_size": [4.125, 12.25]},
								"east": {"uv": [30, 13], "uv_size": [4.125, 12.25]},
								"south": {"uv": [30, 26], "uv_size": [4.125, 12.25]},
								"west": {"uv": [33, 0], "uv_size": [4.125, 12.25]},
								"up": {"uv": [42, 12], "uv_size": [4.125, 4.125]},
								"down": {"uv": [42, 21.125], "uv_size": [4.125, -4.125]}
							}
						}
					]
				}
			]
		}
	]
}