{
	"format_version": "1.12.0",
	"minecraft:geometry": [
		{
			"description": {
				"identifier": "geometry.fiza_soldado_base",
				"texture_width": 64,
				"texture_height": 64,
				"visible_bounds_width": 3,
				"visible_bounds_height": 4.5,
				"visible_bounds_offset": [0, 1.75, 0]
			},
			"bones": [
				{
					"name": "root",
					"pivot": [0, 12.72, 0]
				},
				{
					"name": "waist",
					"parent": "root",
					"pivot": [0, 13, 0]
				},
				{
					"name": "body",
					"parent": "waist",
					"pivot": [0, 24.60557, 0],
					"cubes": [
						{
							"origin": [-4.26005, 15.98411, -2.13002],
							"size": [8.52009, 2.00013, 4.26005],
							"inflate": 0.1,
							"uv": {
								"north": {"uv": [49, 41], "uv_size": [8.5, 2]},
								"east": {"uv": [39, 55], "uv_size": [4.25, 2]},
								"south": {"uv": [49, 43], "uv_size": [8.5, 2]},
								"west": {"uv": [44, 55], "uv_size": [4.25, 2]},
								"up": {"uv": [31, 40], "uv_size": [8.5, 4.25]},
								"down": {"uv": [40, 44.25], "uv_size": [8.5, -4.25]}
							}
						},
						{
							"origin": [-2.26005, 8.88619, -2.32276],
							"size": [4.52009, 7.00013, 0],
							"pivot": [0, 15.55529, -1.77934],
							"rotation": [-15, 0, 0],
							"uv": {
								"north": {"uv": [22, 44], "uv_size": [4.5, 7]},
								"east": {"uv": [0, 0], "uv_size": [0, 7]},
								"south": {"uv": [45, 0], "uv_size": [4.5, 7]},
								"west": {"uv": [0, 0], "uv_size": [0, 7]},
								"up": {"uv": [0, 0], "uv_size": [4.5, 0]},
								"down": {"uv": [0, 0], "uv_size": [4.5, 0]}
							}
						},
						{
							"origin": [-4.10093, 12.30278, -2.05046],
							"size": [8.20186, 12.30278, 4.10093],
							"inflate": 0.1,
							"uv": {
								"north": {"uv": [0, 0], "uv_size": [8.25, 12.25]},
								"east": {"uv": [20, 26], "uv_size": [4.125, 12.25]},
								"south": {"uv": [9, 0], "uv_size": [8.25, 12.25]},
								"west": {"uv": [25, 26], "uv_size": [4.125, 12.25]},
								"up": {"uv": [42, 26], "uv_size": [8.25, 4.125]},
								"down": {"uv": [42, 35.125], "uv_size": [8.25, -4.125]}
							}
						}
					]
				},
				{
					"name": "Roupa",
					"parent": "body",
					"pivot": [0, 21.01726, 0],
					"cubes": [
						{
							"origin": [-4.429, 18, -2.4],
							"size": [8.858, 6.6435, 4.6],
							"inflate": 0.1,
							"uv": {
								"north": {"uv": [0, 13], "uv_size": [8.875, 6.625]},
								"east": {"uv": [45, 7], "uv_size": [4.625, 6.625]},
								"south": {"uv": [9, 13], "uv_size": [8.875, 6.625]},
								"west": {"uv": [45, 14], "uv_size": [4.625, 6.625]},
								"up": {"uv": [38, 21], "uv_size": [8.875, 4.625]},
								"down": {"uv": [22, 43.625], "uv_size": [8.875, -4.625]}
							}
						},
						{
							"origin": [-10.487, 22, -2.4],
							"size": [5.858, 2.6435, 4.6],
							"inflate": 0.1,
							"uv": {
								"north": {"uv": [42, 36], "uv_size": [5.875, 2.625]},
								"east": {"uv": [55, 6], "uv_size": [4.625, 2.625]},
								"south": {"uv": [54, 45], "uv_size": [5.875, 2.625]},
								"west": {"uv": [55, 9], "uv_size": [4.625, 2.625]},
								"up": {"uv": [7, 46], "uv_size": [5.875, 4.625]},
								"down": {"uv": [13, 50.625], "uv_size": [5.875, -4.625]}
							}
						},
						{
							"origin": [4.629, 22, -2.4],
							"size": [5.858, 2.6435, 4.6],
							"inflate": 0.1,
							"uv": {
								"north": {"uv": [55, 0], "uv_size": [5.875, 2.625]},
								"east": {"uv": [55, 12], "uv_size": [4.625, 2.625]},
								"south": {"uv": [55, 3], "uv_size": [5.875, 2.625]},
								"west": {"uv": [55, 15], "uv_size": [4.625, 2.625]},
								"up": {"uv": [47, 21], "uv_size": [5.875, 4.625]},
								"down": {"uv": [48, 49.625], "uv_size": [5.875, -4.625]}
							}
						},
						{
							"origin": [0.94721, 12.22396, -2.08202],
							"size": [6.73684, 1.60663, 4.504],
							"inflate": 0.1,
							"pivot": [3.81563, 13.02727, 0.16998],
							"rotation": [0, 0, 82.5],
							"uv": {
								"north": {"uv": [54, 48], "uv_size": [6.75, 1.625]},
								"east": {"uv": [49, 55], "uv_size": [4.5, 1.625]},
								"south": {"uv": [55, 18], "uv_size": [6.75, 1.625]},
								"west": {"uv": [54, 55], "uv_size": [4.5, 1.625]},
								"up": {"uv": [27, 45], "uv_size": [6.75, 4.5]},
								"down": {"uv": [34, 49.5], "uv_size": [6.75, -4.5]}
							}
						},
						{
							"origin": [-7.68405, 12.22396, -2.08202],
							"size": [6.73684, 1.60663, 4.504],
							"inflate": 0.1,
							"pivot": [-3.81563, 13.02727, 0.16998],
							"rotation": [0, 0, -82.5],
							"uv": {
								"north": {"uv": [25, 55], "uv_size": [6.75, 1.625]},
								"east": {"uv": [0, 56], "uv_size": [4.5, 1.625]},
								"south": {"uv": [32, 55], "uv_size": [6.75, 1.625]},
								"west": {"uv": [5, 56], "uv_size": [4.5, 1.625]},
								"up": {"uv": [41, 45], "uv_size": [6.75, 4.5]},
								"down": {"uv": [0, 50.5], "uv_size": [6.75, -4.5]}
							}
						}
					]
				},
				{
					"name": "rightarm",
					"parent": "body",
					"pivot": [-5.12616, 22.5551, 0],
					"cubes": [
						{
							"origin": [-8.20186, 12.30278, -2.05046],
							"size": [4.10093, 12.30278, 4.10093],
							"inflate": 0.1,
							"uv": {
								"north": {"uv": [28, 0], "uv_size": [4.125, 12.25]},
								"east": {"uv": [28, 13], "uv_size": [4.125, 12.25]},
								"south": {"uv": [30, 26], "uv_size": [4.125, 12.25]},
								"west": {"uv": [0, 33], "uv_size": [4.125, 12.25]},
								"up": {"uv": [51, 31], "uv_size": [4.125, 4.125]},
								"down": {"uv": [52, 54.125], "uv_size": [4.125, -4.125]}
							}
						}
					]
				},
				{
					"name": "rightArmClothe",
					"parent": "rightarm",
					"pivot": [-6, 22, 0]
				},
				{
					"name": "rightarm2",
					"parent": "body",
					"pivot": [5.12616, 22.5551, 0],
					"cubes": [
						{
							"origin": [4.10093, 12.30278, -2.05046],
							"size": [4.10093, 12.30278, 4.10093],
							"inflate": 0.1,
							"uv": {
								"north": {"uv": [33, 0], "uv_size": [4.125, 12.25]},
								"east": {"uv": [5, 33], "uv_size": [4.125, 12.25]},
								"south": {"uv": [10, 33], "uv_size": [4.125, 12.25]},
								"west": {"uv": [33, 13], "uv_size": [4.125, 12.25]},
								"up": {"uv": [53, 20], "uv_size": [4.125, 4.125]},
								"down": {"uv": [54, 40.125], "uv_size": [4.125, -4.125]}
							}
						}
					]
				},
				{
					"name": "rightArmClothe2",
					"parent": "rightarm2",
					"pivot": [6, 22, 0]
				},
				{
					"name": "leftarm",
					"parent": "body",
					"pivot": [5.12616, 22.5551, 0]
				},
				{
					"name": "leftArmClothe",
					"parent": "leftarm",
					"pivot": [6, 22, 0]
				},
				{
					"name": "head",
					"parent": "body",
					"pivot": [0, 25.12, 0],
					"cubes": [
						{
							"origin": [-3.52, 24.5, -3.52],
							"size": [7.04, 7.04, 7.04],
							"uv": {
								"north": {"uv": [35, 26], "uv_size": [7, 7]},
								"east": {"uv": [35, 33], "uv_size": [7, 7]},
								"south": {"uv": [38, 0], "uv_size": [7, 7]},
								"west": {"uv": [38, 7], "uv_size": [7, 7]},
								"up": {"uv": [38, 14], "uv_size": [7, 7]},
								"down": {"uv": [15, 46], "uv_size": [7, -7]}
							}
						}
					]
				},
				{
					"name": "rightleg",
					"parent": "root",
					"pivot": [-1.94794, 12.30278, 0],
					"cubes": [
						{
							"origin": [-3.99841, 0, -2.05046],
							"size": [4.10093, 12.30278, 4.10093],
							"inflate": 0.1,
							"uv": {
								"north": {"uv": [18, 0], "uv_size": [4.125, 12.25]},
								"east": {"uv": [18, 13], "uv_size": [4.125, 12.25]},
								"south": {"uv": [0, 20], "uv_size": [4.125, 12.25]},
								"west": {"uv": [5, 20], "uv_size": [4.125, 12.25]},
								"up": {"uv": [10, 51], "uv_size": [4.125, 4.125]},
								"down": {"uv": [15, 55.125], "uv_size": [4.125, -4.125]}
							}
						},
						{
							"origin": [-4.10092, -0.10252, -2.17349],
							"size": [4.34698, 4.6656, 4.34698],
							"uv": {
								"north": {"uv": [49, 36], "uv_size": [4.375, 4.625]},
								"east": {"uv": [50, 0], "uv_size": [4.375, 4.625]},
								"south": {"uv": [50, 5], "uv_size": [4.375, 4.625]},
								"west": {"uv": [50, 10], "uv_size": [4.375, 4.625]},
								"up": {"uv": [42, 50], "uv_size": [4.375, 4.375]},
								"down": {"uv": [47, 54.375], "uv_size": [4.375, -4.375]}
							}
						}
					]
				},
				{
					"name": "leftleg",
					"parent": "root",
					"pivot": [1.94794, 12.30278, 0],
					"cubes": [
						{
							"origin": [-0.10252, 0, -2.05046],
							"size": [4.10093, 12.30278, 4.10093],
							"inflate": 0.1,
							"uv": {
								"north": {"uv": [10, 20], "uv_size": [4.125, 12.25]},
								"east": {"uv": [23, 0], "uv_size": [4.125, 12.25]},
								"south": {"uv": [23, 13], "uv_size": [4.125, 12.25]},
								"west": {"uv": [15, 26], "uv_size": [4.125, 12.25]},
								"up": {"uv": [20, 51], "uv_size": [4.125, 4.125]},
								"down": {"uv": [51, 30.125], "uv_size": [4.125, -4.125]}
							}
						},
						{
							"origin": [-0.24606, -0.10252, -2.17349],
							"size": [4.34698, 4.6656, 4.34698],
							"uv": {
								"north": {"uv": [50, 15], "uv_size": [4.375, 4.625]},
								"east": {"uv": [27, 50], "uv_size": [4.375, 4.625]},
								"south": {"uv": [32, 50], "uv_size": [4.375, 4.625]},
								"west": {"uv": [37, 50], "uv_size": [4.375, 4.625]},
								"up": {"uv": [0, 51], "uv_size": [4.375, 4.375]},
								"down": {"uv": [5, 55.375], "uv_size": [4.375, -4.375]}
							}
						}
					]
				}
			]
		}
	]
}