{
	"format_version": "1.12.0",
	"minecraft:geometry": [
		{
			"description": {
				"identifier": "geometry.gb_calca",
				"texture_width": 64,
				"texture_height": 64,
				"visible_bounds_width": 3,
				"visible_bounds_height": 4.5,
				"visible_bounds_offset": [0, 1.75, 0]
			},
			"bones": [
				{
					"name": "root",
					"pivot": [0, 12.72, 0]
				},
				{
					"name": "leftleg",
					"parent": "root",
					"pivot": [1.94794, 12.30278, 0],
					"cubes": [
						{
							"origin": [-0.10252, 0, -2.05046],
							"size": [4.10093, 12.30278, 4.10093],
							"inflate": 0.1,
							"uv": {
								"north": {"uv": [23, 0], "uv_size": [4.125, 12.25]},
								"east": {"uv": [25, 13], "uv_size": [4.125, 12.25]},
								"south": {"uv": [0, 26], "uv_size": [4.125, 12.25]},
								"west": {"uv": [5, 26], "uv_size": [4.125, 12.25]},
								"up": {"uv": [20, 41], "uv_size": [4.125, 4.125]},
								"down": {"uv": [25, 46.125], "uv_size": [4.125, -4.125]}
							}
						},
						{
							"origin": [-0.27148, 5.73084, -3.21942],
							"size": [4.43885, 2.49008, 4.43885],
							"pivot": [1.94794, 6.97588, -1],
							"rotation": [48.81999, 33.17071, 26.72792],
							"uv": {
								"north": {"uv": [45, 20], "uv_size": [4.5, 2.5]},
								"east": {"uv": [45, 38], "uv_size": [4.5, 2.5]},
								"south": {"uv": [8, 46], "uv_size": [4.5, 2.5]},
								"west": {"uv": [46, 9], "uv_size": [4.5, 2.5]},
								"up": {"uv": [10, 36], "uv_size": [4.5, 4.5]},
								"down": {"uv": [36, 14.5], "uv_size": [4.5, -4.5]}
							}
						},
						{
							"origin": [1.91689, 7.31268, -3.56349],
							"size": [3.32558, 1.93937, 4.17558],
							"pivot": [3.15468, 8.28236, -1.4757],
							"rotation": [69.84144, -0.19009, -17.2395],
							"uv": {
								"north": {"uv": [4, 49], "uv_size": [3.375, 2]},
								"east": {"uv": [48, 28], "uv_size": [4.125, 2]},
								"south": {"uv": [8, 49], "uv_size": [3.375, 2]},
								"west": {"uv": [48, 30], "uv_size": [4.125, 2]},
								"up": {"uv": [44, 25], "uv_size": [3.375, 4.125]},
								"down": {"uv": [44, 34.125], "uv_size": [3.375, -4.125]}
							}
						},
						{
							"origin": [-1.07716, 7.63305, -0.6451],
							"size": [3.91244, 2.28161, 3.91244],
							"pivot": [1.84532, 9.28236, 0.4757],
							"rotation": [-42.99759, 35.6703, -5.92695],
							"uv": {
								"north": {"uv": [37, 47], "uv_size": [3.875, 2.25]},
								"east": {"uv": [41, 47], "uv_size": [3.875, 2.25]},
								"south": {"uv": [45, 47], "uv_size": [3.875, 2.25]},
								"west": {"uv": [48, 23], "uv_size": [3.875, 2.25]},
								"up": {"uv": [38, 43], "uv_size": [3.875, 3.875]},
								"down": {"uv": [42, 46.875], "uv_size": [3.875, -3.875]}
							}
						},
						{
							"origin": [-0.216, 5.76197, -1.16394],
							"size": [4.32788, 2.42783, 4.32788],
							"pivot": [1.94794, 6.97588, 1],
							"rotation": [-39.54133, 38.68979, -43.72074],
							"uv": {
								"north": {"uv": [46, 41], "uv_size": [4.375, 2.375]},
								"east": {"uv": [46, 44], "uv_size": [4.375, 2.375]},
								"south": {"uv": [23, 47], "uv_size": [4.375, 2.375]},
								"west": {"uv": [28, 47], "uv_size": [4.375, 2.375]},
								"up": {"uv": [40, 20], "uv_size": [4.375, 4.375]},
								"down": {"uv": [40, 42.375], "uv_size": [4.375, -4.375]}
							}
						},
						{
							"origin": [-0.60439, 6.73499, -2.55233],
							"size": [5.10467, 4.58598, 5.10467],
							"pivot": [1.94795, 8.02798, 0],
							"rotation": [0, -5, 0],
							"uv": {
								"north": {"uv": [28, 32], "uv_size": [5.125, 4.625]},
								"east": {"uv": [34, 0], "uv_size": [5.125, 4.625]},
								"south": {"uv": [34, 5], "uv_size": [5.125, 4.625]},
								"west": {"uv": [34, 23], "uv_size": [5.125, 4.625]},
								"up": {"uv": [28, 26], "uv_size": [5.125, 5.125]},
								"down": {"uv": [30, 17.125], "uv_size": [5.125, -5.125]}
							}
						},
						{
							"origin": [-0.24606, -0.10252, -2.17349],
							"size": [4.34698, 4.6656, 4.34698],
							"inflate": 0.1,
							"uv": {
								"north": {"uv": [30, 38], "uv_size": [4.375, 4.625]},
								"east": {"uv": [35, 38], "uv_size": [4.375, 4.625]},
								"south": {"uv": [0, 39], "uv_size": [4.375, 4.625]},
								"west": {"uv": [5, 39], "uv_size": [4.375, 4.625]},
								"up": {"uv": [10, 41], "uv_size": [4.375, 4.375]},
								"down": {"uv": [41, 14.375], "uv_size": [4.375, -4.375]}
							}
						}
					]
				},
				{
					"name": "rightleg",
					"parent": "root",
					"pivot": [-1.94794, 12.30278, 0],
					"cubes": [
						{
							"origin": [-3.99841, 0, -2.05046],
							"size": [4.10093, 12.30278, 4.10093],
							"inflate": 0.1,
							"uv": {
								"north": {"uv": [10, 13], "uv_size": [4.125, 12.25]},
								"east": {"uv": [15, 13], "uv_size": [4.125, 12.25]},
								"south": {"uv": [18, 0], "uv_size": [4.125, 12.25]},
								"west": {"uv": [20, 13], "uv_size": [4.125, 12.25]},
								"up": {"uv": [15, 41], "uv_size": [4.125, 4.125]},
								"down": {"uv": [41, 19.125], "uv_size": [4.125, -4.125]}
							}
						},
						{
							"origin": [-4.16736, 5.73084, -3.21942],
							"size": [4.43885, 2.49008, 4.43885],
							"pivot": [-1.94794, 6.97588, -1],
							"rotation": [48.81999, -33.17071, -26.72792],
							"uv": {
								"north": {"uv": [44, 35], "uv_size": [4.5, 2.5]},
								"east": {"uv": [45, 0], "uv_size": [4.5, 2.5]},
								"south": {"uv": [45, 3], "uv_size": [4.5, 2.5]},
								"west": {"uv": [45, 6], "uv_size": [4.5, 2.5]},
								"up": {"uv": [34, 28], "uv_size": [4.5, 4.5]},
								"down": {"uv": [34, 37.5], "uv_size": [4.5, -4.5]}
							}
						},
						{
							"origin": [-5.24247, 7.31268, -3.56349],
							"size": [3.32558, 1.93937, 4.17558],
							"pivot": [-3.15468, 8.28236, -1.4757],
							"rotation": [69.84144, 0.19009, 17.2395],
							"uv": {
								"north": {"uv": [48, 32], "uv_size": [3.375, 2]},
								"east": {"uv": [46, 18], "uv_size": [4.125, 2]},
								"south": {"uv": [0, 49], "uv_size": [3.375, 2]},
								"west": {"uv": [48, 26], "uv_size": [4.125, 2]},
								"up": {"uv": [0, 44], "uv_size": [3.375, 4.125]},
								"down": {"uv": [4, 48.125], "uv_size": [3.375, -4.125]}
							}
						},
						{
							"origin": [-2.83529, 7.63305, -0.6451],
							"size": [3.91244, 2.28161, 3.91244],
							"pivot": [-1.84532, 9.28236, 0.4757],
							"rotation": [-42.99759, -35.6703, 5.92695],
							"uv": {
								"north": {"uv": [30, 23], "uv_size": [3.875, 2.25]},
								"east": {"uv": [36, 20], "uv_size": [3.875, 2.25]},
								"south": {"uv": [40, 25], "uv_size": [3.875, 2.25]},
								"west": {"uv": [33, 47], "uv_size": [3.875, 2.25]},
								"up": {"uv": [30, 43], "uv_size": [3.875, 3.875]},
								"down": {"uv": [34, 46.875], "uv_size": [3.875, -3.875]}
							}
						},
						{
							"origin": [-4.11188, 5.76197, -1.16394],
							"size": [4.32788, 2.42783, 4.32788],
							"pivot": [-1.94794, 6.97588, 1],
							"rotation": [-39.54133, -38.68979, 43.72074],
							"uv": {
								"north": {"uv": [46, 12], "uv_size": [4.375, 2.375]},
								"east": {"uv": [13, 46], "uv_size": [4.375, 2.375]},
								"south": {"uv": [46, 15], "uv_size": [4.375, 2.375]},
								"west": {"uv": [18, 46], "uv_size": [4.375, 2.375]},
								"up": {"uv": [39, 28], "uv_size": [4.375, 4.375]},
								"down": {"uv": [39, 37.375], "uv_size": [4.375, -4.375]}
							}
						},
						{
							"origin": [-4.50028, 6.73499, -2.55233],
							"size": [5.10467, 4.58598, 5.10467],
							"pivot": [-1.94795, 8.02798, 0],
							"rotation": [0, 5, 0],
							"uv": {
								"north": {"uv": [30, 18], "uv_size": [5.125, 4.625]},
								"east": {"uv": [10, 31], "uv_size": [5.125, 4.625]},
								"south": {"uv": [16, 31], "uv_size": [5.125, 4.625]},
								"west": {"uv": [22, 31], "uv_size": [5.125, 4.625]},
								"up": {"uv": [28, 0], "uv_size": [5.125, 5.125]},
								"down": {"uv": [28, 11.125], "uv_size": [5.125, -5.125]}
							}
						},
						{
							"origin": [-4.10092, -0.10252, -2.17349],
							"size": [4.34698, 4.6656, 4.34698],
							"inflate": 0.1,
							"uv": {
								"north": {"uv": [15, 36], "uv_size": [4.375, 4.625]},
								"east": {"uv": [36, 15], "uv_size": [4.375, 4.625]},
								"south": {"uv": [20, 36], "uv_size": [4.375, 4.625]},
								"west": {"uv": [25, 37], "uv_size": [4.375, 4.625]},
								"up": {"uv": [40, 0], "uv_size": [4.375, 4.375]},
								"down": {"uv": [40, 9.375], "uv_size": [4.375, -4.375]}
							}
						}
					]
				},
				{
					"name": "waist",
					"parent": "root",
					"pivot": [0, 13, 0]
				},
				{
					"name": "body",
					"parent": "waist",
					"pivot": [0, 24.60557, 0],
					"cubes": [
						{
							"origin": [-4.10093, 12.30278, -2.05046],
							"size": [8.20186, 12.30278, 4.10093],
							"inflate": 0.07,
							"uv": {
								"north": {"uv": [0, 0], "uv_size": [8.25, 12.25]},
								"east": {"uv": [0, 13], "uv_size": [4.125, 12.25]},
								"south": {"uv": [9, 0], "uv_size": [8.25, 12.25]},
								"west": {"uv": [5, 13], "uv_size": [4.125, 12.25]},
								"up": {"uv": [10, 26], "uv_size": [8.25, 4.125]},
								"down": {"uv": [19, 30.125], "uv_size": [8.25, -4.125]}
							}
						}
					]
				},
				{
					"name": "rightarm",
					"parent": "body",
					"pivot": [-5.12616, 22.5551, 0]
				},
				{
					"name": "rightArmClothe",
					"parent": "rightarm",
					"pivot": [-6, 22, 0]
				},
				{
					"name": "leftarm",
					"parent": "body",
					"pivot": [5.12616, 22.5551, 0]
				},
				{
					"name": "leftArmClothe",
					"parent": "leftarm",
					"pivot": [6, 22, 0]
				},
				{
					"name": "head",
					"parent": "body",
					"pivot": [0, 25.12, 0]
				}
			]
		}
	]
}