{
	"format_version": "1.12.0",
	"minecraft:geometry": [
		{
			"description": {
				"identifier": "geometry.gohan_calca",
				"texture_width": 64,
				"texture_height": 64,
				"visible_bounds_width": 3,
				"visible_bounds_height": 4.5,
				"visible_bounds_offset": [0, 1.75, 0]
			},
			"bones": [
				{
					"name": "root",
					"pivot": [0, 12.72, 0]
				},
				{
					"name": "waist",
					"parent": "root",
					"pivot": [0, 13, 0]
				},
				{
					"name": "body",
					"parent": "waist",
					"pivot": [0, 24.60557, 0],
					"cubes": [
						{
							"origin": [-4.10093, 12.30278, -2.05046],
							"size": [8.20186, 12.30278, 4.10093],
							"inflate": 0.1,
							"uv": {
								"north": {"uv": [0, 0], "uv_size": [8.25, 12.25]},
								"east": {"uv": [18, 0], "uv_size": [4.125, 12.25]},
								"south": {"uv": [9, 0], "uv_size": [8.25, 12.25]},
								"west": {"uv": [18, 13], "uv_size": [4.125, 12.25]},
								"up": {"uv": [28, 20], "uv_size": [8.25, 4.125]},
								"down": {"uv": [30, 29.125], "uv_size": [8.25, -4.125]}
							}
						}
					]
				},
				{
					"name": "leftleg",
					"parent": "root",
					"pivot": [1.94794, 12.30278, 0],
					"cubes": [
						{
							"origin": [-0.10252, 0, -2.05046],
							"size": [4.10093, 12.30278, 4.10093],
							"inflate": 0.1,
							"uv": {
								"north": {"uv": [0, 20], "uv_size": [4.125, 12.25]},
								"east": {"uv": [5, 20], "uv_size": [4.125, 12.25]},
								"south": {"uv": [10, 20], "uv_size": [4.125, 12.25]},
								"west": {"uv": [23, 0], "uv_size": [4.125, 12.25]},
								"up": {"uv": [15, 50], "uv_size": [4.125, 4.125]},
								"down": {"uv": [20, 54.125], "uv_size": [4.125, -4.125]}
							}
						},
						{
							"origin": [-0.27148, 4.73084, -3.21942],
							"size": [4.43885, 2.49008, 4.43885],
							"pivot": [1.94794, 5.97588, -1],
							"rotation": [48.81999, 33.17071, 26.72792],
							"uv": {
								"north": {"uv": [54, 49], "uv_size": [4.5, 2.5]},
								"east": {"uv": [0, 55], "uv_size": [4.5, 2.5]},
								"south": {"uv": [5, 55], "uv_size": [4.5, 2.5]},
								"west": {"uv": [10, 55], "uv_size": [4.5, 2.5]},
								"up": {"uv": [35, 42], "uv_size": [4.5, 4.5]},
								"down": {"uv": [40, 46.5], "uv_size": [4.5, -4.5]}
							}
						},
						{
							"origin": [0.91689, 7.31268, -3.56349],
							"size": [3.32558, 1.93937, 4.17558],
							"pivot": [2.15468, 8.28236, -1.4757],
							"rotation": [62.58233, 35.61383, 11.9073],
							"uv": {
								"north": {"uv": [11, 37], "uv_size": [3.375, 2]},
								"east": {"uv": [0, 58], "uv_size": [4.125, 2]},
								"south": {"uv": [51, 38], "uv_size": [3.375, 2]},
								"west": {"uv": [5, 58], "uv_size": [4.125, 2]},
								"up": {"uv": [53, 8], "uv_size": [3.375, 4.125]},
								"down": {"uv": [53, 17.125], "uv_size": [3.375, -4.125]}
							}
						},
						{
							"origin": [-1.07716, 6.63305, -0.6451],
							"size": [3.91244, 2.28161, 3.91244],
							"pivot": [1.84532, 8.28236, 0.4757],
							"rotation": [-42.99759, 35.6703, -5.92695],
							"uv": {
								"north": {"uv": [25, 45], "uv_size": [3.875, 2.25]},
								"east": {"uv": [50, 44], "uv_size": [3.875, 2.25]},
								"south": {"uv": [48, 56], "uv_size": [3.875, 2.25]},
								"west": {"uv": [57, 0], "uv_size": [3.875, 2.25]},
								"up": {"uv": [11, 33], "uv_size": [3.875, 3.875]},
								"down": {"uv": [30, 51.875], "uv_size": [3.875, -3.875]}
							}
						},
						{
							"origin": [-0.216, 4.76197, -1.16394],
							"size": [4.32788, 2.42783, 4.32788],
							"pivot": [1.94794, 5.97588, 1],
							"rotation": [-39.54133, 38.68979, -43.72074],
							"uv": {
								"north": {"uv": [55, 24], "uv_size": [4.375, 2.375]},
								"east": {"uv": [55, 27], "uv_size": [4.375, 2.375]},
								"south": {"uv": [55, 38], "uv_size": [4.375, 2.375]},
								"west": {"uv": [55, 52], "uv_size": [4.375, 2.375]},
								"up": {"uv": [46, 35], "uv_size": [4.375, 4.375]},
								"down": {"uv": [34, 51.375], "uv_size": [4.375, -4.375]}
							}
						},
						{
							"origin": [-0.60439, 5.73499, -2.55233],
							"size": [5.10467, 5.58598, 5.10467],
							"pivot": [1.94795, 8.02798, 0],
							"rotation": [0, -5, 0],
							"uv": {
								"north": {"uv": [5, 33], "uv_size": [5.125, 5.625]},
								"east": {"uv": [35, 30], "uv_size": [5.125, 5.625]},
								"south": {"uv": [35, 36], "uv_size": [5.125, 5.625]},
								"west": {"uv": [37, 0], "uv_size": [5.125, 5.625]},
								"up": {"uv": [11, 39], "uv_size": [5.125, 5.125]},
								"down": {"uv": [17, 44.125], "uv_size": [5.125, -5.125]}
							}
						},
						{
							"origin": [-0.24606, -0.10252, -2.17349],
							"size": [4.34698, 4.6656, 4.34698],
							"uv": {
								"north": {"uv": [10, 45], "uv_size": [4.375, 4.625]},
								"east": {"uv": [15, 45], "uv_size": [4.375, 4.625]},
								"south": {"uv": [20, 45], "uv_size": [4.375, 4.625]},
								"west": {"uv": [45, 20], "uv_size": [4.375, 4.625]},
								"up": {"uv": [39, 47], "uv_size": [4.375, 4.375]},
								"down": {"uv": [44, 51.375], "uv_size": [4.375, -4.375]}
							}
						}
					]
				},
				{
					"name": "rightleg",
					"parent": "root",
					"pivot": [-1.94794, 12.30278, 0],
					"cubes": [
						{
							"origin": [-3.99841, 0, -2.05046],
							"size": [4.10093, 12.30278, 4.10093],
							"inflate": 0.1,
							"uv": {
								"north": {"uv": [23, 13], "uv_size": [4.125, 12.25]},
								"east": {"uv": [15, 26], "uv_size": [4.125, 12.25]},
								"south": {"uv": [20, 26], "uv_size": [4.125, 12.25]},
								"west": {"uv": [25, 26], "uv_size": [4.125, 12.25]},
								"up": {"uv": [50, 20], "uv_size": [4.125, 4.125]},
								"down": {"uv": [50, 29.125], "uv_size": [4.125, -4.125]}
							}
						},
						{
							"origin": [-4.16736, 4.73084, -3.21942],
							"size": [4.43885, 2.49008, 4.43885],
							"pivot": [-1.94794, 5.97588, -1],
							"rotation": [48.81999, -33.17071, -26.72792],
							"uv": {
								"north": {"uv": [15, 55], "uv_size": [4.5, 2.5]},
								"east": {"uv": [55, 18], "uv_size": [4.5, 2.5]},
								"south": {"uv": [20, 55], "uv_size": [4.5, 2.5]},
								"west": {"uv": [55, 21], "uv_size": [4.5, 2.5]},
								"up": {"uv": [43, 0], "uv_size": [4.5, 4.5]},
								"down": {"uv": [43, 9.5], "uv_size": [4.5, -4.5]}
							}
						},
						{
							"origin": [-4.24247, 7.31268, -3.56349],
							"size": [3.32558, 1.93937, 4.17558],
							"pivot": [-2.15468, 8.28236, -1.4757],
							"rotation": [62.58233, -35.61383, -11.9073],
							"uv": {
								"north": {"uv": [30, 59], "uv_size": [3.375, 2]},
								"east": {"uv": [10, 58], "uv_size": [4.125, 2]},
								"south": {"uv": [48, 59], "uv_size": [3.375, 2]},
								"west": {"uv": [15, 58], "uv_size": [4.125, 2]},
								"up": {"uv": [25, 53], "uv_size": [3.375, 4.125]},
								"down": {"uv": [54, 48.125], "uv_size": [3.375, -4.125]}
							}
						},
						{
							"origin": [-2.83529, 6.63305, -0.6451],
							"size": [3.91244, 2.28161, 3.91244],
							"pivot": [-1.84532, 8.28236, 0.4757],
							"rotation": [-42.99759, -35.6703, 5.92695],
							"uv": {
								"north": {"uv": [57, 3], "uv_size": [3.875, 2.25]},
								"east": {"uv": [57, 6], "uv_size": [3.875, 2.25]},
								"south": {"uv": [57, 9], "uv_size": [3.875, 2.25]},
								"west": {"uv": [57, 12], "uv_size": [3.875, 2.25]},
								"up": {"uv": [53, 0], "uv_size": [3.875, 3.875]},
								"down": {"uv": [53, 7.875], "uv_size": [3.875, -3.875]}
							}
						},
						{
							"origin": [-4.11188, 4.76197, -1.16394],
							"size": [4.32788, 2.42783, 4.32788],
							"pivot": [-1.94794, 5.97588, 1],
							"rotation": [-39.54133, -38.68979, 43.72074],
							"uv": {
								"north": {"uv": [55, 55], "uv_size": [4.375, 2.375]},
								"east": {"uv": [29, 56], "uv_size": [4.375, 2.375]},
								"south": {"uv": [56, 30], "uv_size": [4.375, 2.375]},
								"west": {"uv": [56, 33], "uv_size": [4.375, 2.375]},
								"up": {"uv": [48, 0], "uv_size": [4.375, 4.375]},
								"down": {"uv": [48, 9.375], "uv_size": [4.375, -4.375]}
							}
						},
						{
							"origin": [-4.50028, 5.73499, -2.55233],
							"size": [5.10467, 5.58598, 5.10467],
							"pivot": [-1.94795, 8.02798, 0],
							"rotation": [0, 5, 0],
							"uv": {
								"north": {"uv": [37, 6], "uv_size": [5.125, 5.625]},
								"east": {"uv": [37, 12], "uv_size": [5.125, 5.625]},
								"south": {"uv": [37, 18], "uv_size": [5.125, 5.625]},
								"west": {"uv": [5, 39], "uv_size": [5.125, 5.625]},
								"up": {"uv": [23, 39], "uv_size": [5.125, 5.125]},
								"down": {"uv": [39, 29.125], "uv_size": [5.125, -5.125]}
							}
						},
						{
							"origin": [-4.10092, -0.10252, -2.17349],
							"size": [4.34698, 4.6656, 4.34698],
							"uv": {
								"north": {"uv": [45, 25], "uv_size": [4.375, 4.625]},
								"east": {"uv": [45, 42], "uv_size": [4.375, 4.625]},
								"south": {"uv": [0, 46], "uv_size": [4.375, 4.625]},
								"west": {"uv": [46, 30], "uv_size": [4.375, 4.625]},
								"up": {"uv": [48, 10], "uv_size": [4.375, 4.375]},
								"down": {"uv": [48, 19.375], "uv_size": [4.375, -4.375]}
							}
						}
					]
				}
			]
		}
	]
}