{
	"format_version": "1.12.0",
	"minecraft:geometry": [
		{
			"description": {
				"identifier": "geometry.goku_camisa",
				"texture_width": 64,
				"texture_height": 64,
				"visible_bounds_width": 3,
				"visible_bounds_height": 4.5,
				"visible_bounds_offset": [0, 1.75, 0]
			},
			"bones": [
				{
					"name": "root",
					"pivot": [0, 12.72, 0]
				},
				{
					"name": "waist",
					"parent": "root",
					"pivot": [0, 13, 0]
				},
				{
					"name": "body",
					"parent": "waist",
					"pivot": [0, 24.60557, 0],
					"cubes": [
						{
							"origin": [-4.26005, 15.98411, -2.13002],
							"size": [8.52009, 2.00013, 4.26005],
							"uv": {
								"north": {"uv": [46, 40], "uv_size": [8.5, 2]},
								"east": {"uv": [56, 36], "uv_size": [4.25, 2]},
								"south": {"uv": [50, 42], "uv_size": [8.5, 2]},
								"west": {"uv": [57, 15], "uv_size": [4.25, 2]},
								"up": {"uv": [28, 10], "uv_size": [8.5, 4.25]},
								"down": {"uv": [28, 19.25], "uv_size": [8.5, -4.25]}
							}
						}
					]
				},
				{
					"name": "Roupa",
					"parent": "body",
					"pivot": [0, 21.01726, 0],
					"cubes": [
						{
							"origin": [-4.429, 18, -2.4],
							"size": [8.858, 6.6435, 4.6],
							"uv": {
								"north": {"uv": [0, 13], "uv_size": [8.875, 6.625]},
								"east": {"uv": [30, 30], "uv_size": [4.625, 6.625]},
								"south": {"uv": [9, 13], "uv_size": [8.875, 6.625]},
								"west": {"uv": [0, 33], "uv_size": [4.625, 6.625]},
								"up": {"uv": [28, 0], "uv_size": [8.875, 4.625]},
								"down": {"uv": [28, 9.625], "uv_size": [8.875, -4.625]}
							}
						},
						{
							"origin": [4.02965, 19.67651, -2.216],
							"size": [1.98936, 5.11202, 4.4],
							"pivot": [5.25014, 24.80054, -0.1],
							"rotation": [0, 0, 15],
							"uv": {
								"north": {"uv": [15, 20], "uv_size": [2, 5.125]},
								"east": {"uv": [30, 37], "uv_size": [4.375, 5.125]},
								"south": {"uv": [34, 56], "uv_size": [2, 5.125]},
								"west": {"uv": [0, 40], "uv_size": [4.375, 5.125]},
								"up": {"uv": [40, 56], "uv_size": [2, 4.375]},
								"down": {"uv": [42, 60.375], "uv_size": [2, -4.375]}
							}
						},
						{
							"origin": [-6.01901, 19.67651, -2.216],
							"size": [1.98936, 5.11202, 4.4],
							"pivot": [-5.25014, 24.80054, -0.1],
							"rotation": [0, 0, -15],
							"uv": {
								"north": {"uv": [36, 56], "uv_size": [2, 5.125]},
								"east": {"uv": [41, 30], "uv_size": [4.375, 5.125]},
								"south": {"uv": [38, 56], "uv_size": [2, 5.125]},
								"west": {"uv": [41, 36], "uv_size": [4.375, 5.125]},
								"up": {"uv": [44, 56], "uv_size": [2, 4.375]},
								"down": {"uv": [46, 60.375], "uv_size": [2, -4.375]}
							}
						}
					]
				},
				{
					"name": "rightarm",
					"parent": "body",
					"pivot": [-5.12616, 22.5551, 0]
				},
				{
					"name": "rightArmClothe",
					"parent": "rightarm",
					"pivot": [-6, 22, 0],
					"cubes": [
						{
							"origin": [-8.34172, 21.18819, -2.16],
							"size": [4.6, 3.6, 4.32],
							"pivot": [-4, 23.9, 0],
							"rotation": [0, 0, -2.5],
							"uv": {
								"north": {"uv": [0, 51], "uv_size": [4.625, 3.625]},
								"east": {"uv": [35, 52], "uv_size": [4.375, 3.625]},
								"south": {"uv": [51, 30], "uv_size": [4.625, 3.625]},
								"west": {"uv": [40, 52], "uv_size": [4.375, 3.625]},
								"up": {"uv": [43, 10], "uv_size": [4.625, 4.375]},
								"down": {"uv": [43, 19.375], "uv_size": [4.625, -4.375]}
							}
						},
						{
							"origin": [-8.30438, 13.99521, -2.15298],
							"size": [4.30598, 1.91792, 4.30598],
							"uv": {
								"north": {"uv": [20, 58], "uv_size": [4.25, 1.875]},
								"east": {"uv": [58, 44], "uv_size": [4.25, 1.875]},
								"south": {"uv": [58, 46], "uv_size": [4.25, 1.875]},
								"west": {"uv": [52, 58], "uv_size": [4.25, 1.875]},
								"up": {"uv": [25, 48], "uv_size": [4.25, 4.25]},
								"down": {"uv": [49, 51.25], "uv_size": [4.25, -4.25]}
							}
						}
					]
				},
				{
					"name": "leftarm",
					"parent": "body",
					"pivot": [5.12616, 22.5551, 0]
				},
				{
					"name": "leftArmClothe",
					"parent": "leftarm",
					"pivot": [6, 22, 0],
					"cubes": [
						{
							"origin": [3.74172, 21.18819, -2.16],
							"size": [4.6, 3.6, 4.32],
							"pivot": [4, 23.9, 0],
							"rotation": [0, 0, 2.5],
							"uv": {
								"north": {"uv": [51, 34], "uv_size": [4.625, 3.625]},
								"east": {"uv": [45, 52], "uv_size": [4.375, 3.625]},
								"south": {"uv": [30, 52], "uv_size": [4.625, 3.625]},
								"west": {"uv": [50, 52], "uv_size": [4.375, 3.625]},
								"up": {"uv": [29, 43], "uv_size": [4.625, 4.375]},
								"down": {"uv": [5, 49.375], "uv_size": [4.625, -4.375]}
							}
						},
						{
							"origin": [3.99841, 13.99521, -2.15298],
							"size": [4.30598, 1.91792, 4.30598],
							"uv": {
								"north": {"uv": [57, 58], "uv_size": [4.25, 1.875]},
								"east": {"uv": [25, 59], "uv_size": [4.25, 1.875]},
								"south": {"uv": [59, 41], "uv_size": [4.25, 1.875]},
								"west": {"uv": [59, 48], "uv_size": [4.25, 1.875]},
								"up": {"uv": [5, 50], "uv_size": [4.25, 4.25]},
								"down": {"uv": [10, 54.25], "uv_size": [4.25, -4.25]}
							}
						}
					]
				},
				{
					"name": "head",
					"parent": "body",
					"pivot": [0, 25.12, 0]
				}
			]
		}
	]
}