{
	"format_version": "1.12.0",
	"minecraft:geometry": [
		{
			"description": {
				"identifier": "geometry.goku_hair",
				"texture_width": 64,
				"texture_height": 64,
				"visible_bounds_width": 3,
				"visible_bounds_height": 4.5,
				"visible_bounds_offset": [0, 1.75, 0]
			},
			"bones": [
				{
					"name": "root",
					"pivot": [0, 12.72, 0]
				},
				{
					"name": "waist",
					"parent": "root",
					"pivot": [0, 12.72, 0]
				},
				{
					"name": "body",
					"parent": "waist",
					"pivot": [0, 24.60557, 0]
				},
				{
					"name": "rightarm",
					"parent": "body",
					"pivot": [-5.12616, 22.5551, 0]
				},
				{
					"name": "leftarm",
					"parent": "body",
					"pivot": [5.12616, 22.5551, 0]
				},
				{
					"name": "head",
					"parent": "body",
					"pivot": [0, 25.12, 0],
					"cubes": [
						{
							"origin": [-3.52, 24.5, -3.52],
							"size": [7.04, 7.04, 7.04],
							"inflate": 0.1,
							"uv": {
								"north": {"uv": [0, 0], "uv_size": [7, 7]},
								"east": {"uv": [0, 7], "uv_size": [7, 7]},
								"south": {"uv": [7, 0], "uv_size": [7, 7]},
								"west": {"uv": [7, 7], "uv_size": [7, 7]},
								"up": {"uv": [0, 14], "uv_size": [7, 7]},
								"down": {"uv": [14, 7], "uv_size": [7, -7]}
							}
						}
					]
				},
				{
					"name": "Hair",
					"parent": "head",
					"pivot": [0, 32.87, -3.75],
					"cubes": [
						{
							"origin": [-3.88, 26.87297, -0.98142],
							"size": [7.76, 5.85, 5.82],
							"uv": {
								"north": {"uv": [7, 14], "uv_size": [7.75, 5.875]},
								"east": {"uv": [15, 25], "uv_size": [5.875, 5.875]},
								"south": {"uv": [14, 7], "uv_size": [7.75, 5.875]},
								"west": {"uv": [21, 25], "uv_size": [5.875, 5.875]},
								"up": {"uv": [15, 13], "uv_size": [7.75, 5.875]},
								"down": {"uv": [15, 24.875], "uv_size": [7.75, -5.875]}
							}
						},
						{
							"origin": [-2.91, 31.75297, -2.92142],
							"size": [5.82, 1.94, 6.79],
							"uv": {
								"north": {"uv": [24, 39], "uv_size": [5.875, 2]},
								"east": {"uv": [31, 15], "uv_size": [6.75, 2]},
								"south": {"uv": [39, 29], "uv_size": [5.875, 2]},
								"west": {"uv": [34, 27], "uv_size": [6.75, 2]},
								"up": {"uv": [0, 21], "uv_size": [5.875, 6.75]},
								"down": {"uv": [23, 24.75], "uv_size": [5.875, -6.75]}
							}
						}
					]
				},
				{
					"name": "Mecha2",
					"parent": "Hair",
					"pivot": [-2.40721, 36.68558, -0.96239],
					"rotation": [10.29366, 31.0592, 122.28511],
					"cubes": [
						{
							"origin": [1.81427, 34.91727, -0.4756],
							"size": [0, 4.29571, 4.29571],
							"pivot": [-1.63573, 36.49013, -1.20274],
							"rotation": [-55.16591, 14.55088, -132.26738],
							"uv": {
								"north": {"uv": [0, 0], "uv_size": [0, 4.25]},
								"east": {"uv": [36, 0], "uv_size": [4.25, 4.25]},
								"south": {"uv": [0, 0], "uv_size": [0, 4.25]},
								"west": {"uv": [36, 5], "uv_size": [4.25, 4.25]},
								"up": {"uv": [0, 0], "uv_size": [0, 4.25]},
								"down": {"uv": [0, 4.25], "uv_size": [0, -4.25]}
							}
						},
						{
							"origin": [-5.00971, 31.34962, -1.98309],
							"size": [0, 2.07, 4.29571],
							"pivot": [-4.22652, 34.9596, 0.69086],
							"rotation": [-58.57672, 21.40448, -143.26784],
							"uv": {
								"north": {"uv": [0, 0], "uv_size": [0, 2.125]},
								"east": {"uv": [42, 16], "uv_size": [4.25, 2.125]},
								"south": {"uv": [0, 0], "uv_size": [0, 2.125]},
								"west": {"uv": [42, 19], "uv_size": [4.25, 2.125]},
								"up": {"uv": [0, 0], "uv_size": [0, 4.25]},
								"down": {"uv": [0, 4.25], "uv_size": [0, -4.25]}
							}
						},
						{
							"origin": [-4.01666, 32.92293, 1.51401],
							"size": [0, 2.53, 1.99571],
							"pivot": [-3.23347, 36.65912, 1.88795],
							"rotation": [-53.20902, 7.2165, -121.95154],
							"uv": {
								"north": {"uv": [0, 0], "uv_size": [0, 2.5]},
								"east": {"uv": [47, 35], "uv_size": [2, 2.5]},
								"south": {"uv": [0, 0], "uv_size": [0, 2.5]},
								"west": {"uv": [37, 47], "uv_size": [2, 2.5]},
								"up": {"uv": [0, 0], "uv_size": [0, 2]},
								"down": {"uv": [0, 2], "uv_size": [0, -2]}
							}
						},
						{
							"origin": [-2.58486, 33.89078, 2.80787],
							"size": [0, 2.53, 1.495],
							"pivot": [-1.80167, 37.62697, 3.18181],
							"rotation": [-52.60768, -0.34131, -111.96985],
							"uv": {
								"north": {"uv": [0, 0], "uv_size": [0, 2.5]},
								"east": {"uv": [48, 27], "uv_size": [1.5, 2.5]},
								"south": {"uv": [0, 0], "uv_size": [0, 2.5]},
								"west": {"uv": [29, 48], "uv_size": [1.5, 2.5]},
								"up": {"uv": [0, 0], "uv_size": [0, 1.5]},
								"down": {"uv": [0, 1.5], "uv_size": [0, -1.5]}
							}
						},
						{
							"origin": [-1.35419, 38.26265, -4.71414],
							"size": [0, 4.29571, 3.14571],
							"pivot": [-2.50419, 39.8355, -0.84129],
							"rotation": [-67.36356, 30.59431, -163.08737],
							"uv": {
								"north": {"uv": [0, 0], "uv_size": [0, 4.25]},
								"east": {"uv": [20, 36], "uv_size": [3.125, 4.25]},
								"south": {"uv": [0, 0], "uv_size": [0, 4.25]},
								"west": {"uv": [0, 38], "uv_size": [3.125, 4.25]},
								"up": {"uv": [0, 0], "uv_size": [0, 3.125]},
								"down": {"uv": [0, 3.125], "uv_size": [0, -3.125]}
							}
						},
						{
							"origin": [-0.09279, 37.04634, -5.01271],
							"size": [0, 4.29571, 1.99571],
							"pivot": [-2.39279, 38.61919, -1.13985],
							"rotation": [-82.60787, 36.65668, 170.7176],
							"uv": {
								"north": {"uv": [0, 0], "uv_size": [0, 4.25]},
								"east": {"uv": [13, 26], "uv_size": [2, 4.25]},
								"south": {"uv": [0, 0], "uv_size": [0, 4.25]},
								"west": {"uv": [15, 42], "uv_size": [2, 4.25]},
								"up": {"uv": [0, 0], "uv_size": [0, 2]},
								"down": {"uv": [0, 2], "uv_size": [0, -2]}
							}
						},
						{
							"origin": [1.2675, 37.02451, -6.01985],
							"size": [0, 4.29571, 1.99571],
							"pivot": [-2.1825, 38.59736, -0.99699],
							"rotation": [-93.94206, 37.11304, 151.94202],
							"uv": {
								"north": {"uv": [0, 0], "uv_size": [0, 4.25]},
								"east": {"uv": [17, 42], "uv_size": [2, 4.25]},
								"south": {"uv": [0, 0], "uv_size": [0, 4.25]},
								"west": {"uv": [0, 43], "uv_size": [2, 4.25]},
								"up": {"uv": [0, 0], "uv_size": [0, 2]},
								"down": {"uv": [0, 2], "uv_size": [0, -2]}
							}
						},
						{
							"origin": [-2.54799, 33.23807, -3.48825],
							"size": [0, 5.44571, 7.74571],
							"pivot": [-2.78573, 34.19013, -2.35274],
							"rotation": [40.92867, 46.46614, -1.44216],
							"uv": {
								"north": {"uv": [0, 0], "uv_size": [0, 5.5]},
								"east": {"uv": [7, 20], "uv_size": [7.75, 5.5]},
								"south": {"uv": [0, 0], "uv_size": [0, 5.5]},
								"west": {"uv": [21, 0], "uv_size": [7.75, 5.5]},
								"up": {"uv": [0, 0], "uv_size": [0, 7.75]},
								"down": {"uv": [0, 7.75], "uv_size": [0, -7.75]}
							}
						},
						{
							"origin": [-1.12782, 40.65412, -3.51826],
							"size": [0, 0.84571, 5.44571],
							"pivot": [-1.28101, 39.83756, 1.47006],
							"rotation": [11.08486, 73.94134, -4.06568],
							"uv": {
								"north": {"uv": [0, 0], "uv_size": [0, 0.875]},
								"east": {"uv": [47, 24], "uv_size": [5.5, 0.875]},
								"south": {"uv": [0, 0], "uv_size": [0, 0.875]},
								"west": {"uv": [47, 38], "uv_size": [5.5, 0.875]},
								"up": {"uv": [0, 0], "uv_size": [0, 5.5]},
								"down": {"uv": [0, 5.5], "uv_size": [0, -5.5]}
							}
						},
						{
							"origin": [-3.20922, 42.72748, 1.40207],
							"size": [0, 0.84571, 5.44571],
							"pivot": [-2.65358, 42.45161, 2.33521],
							"rotation": [158.06151, 73.37628, 13.80984],
							"uv": {
								"north": {"uv": [0, 0], "uv_size": [0, 0.875]},
								"east": {"uv": [39, 47], "uv_size": [5.5, 0.875]},
								"south": {"uv": [0, 0], "uv_size": [0, 0.875]},
								"west": {"uv": [47, 39], "uv_size": [5.5, 0.875]},
								"up": {"uv": [0, 0], "uv_size": [0, 5.5]},
								"down": {"uv": [0, 5.5], "uv_size": [0, -5.5]}
							}
						},
						{
							"origin": [-0.12782, 41.65412, -6.51826],
							"size": [0, 0.84571, 4.44571],
							"pivot": [-0.28101, 40.83756, -1.52994],
							"rotation": [158.05664, -67.17473, -161.9295],
							"uv": {
								"north": {"uv": [0, 0], "uv_size": [0, 0.875]},
								"east": {"uv": [31, 17], "uv_size": [4.5, 0.875]},
								"south": {"uv": [0, 0], "uv_size": [0, 0.875]},
								"west": {"uv": [34, 29], "uv_size": [4.5, 0.875]},
								"up": {"uv": [0, 0], "uv_size": [0, 4.5]},
								"down": {"uv": [0, 4.5], "uv_size": [0, -4.5]}
							}
						},
						{
							"origin": [-2.71449, 33.23882, -2.66979],
							"size": [0, 5.44571, 7.74571],
							"pivot": [-2.60156, 33.34874, -1.57314],
							"rotation": [15.07183, 46.83364, -35.39784],
							"uv": {
								"north": {"uv": [0, 0], "uv_size": [0, 5.5]},
								"east": {"uv": [22, 6], "uv_size": [7.75, 5.5]},
								"south": {"uv": [0, 0], "uv_size": [0, 5.5]},
								"west": {"uv": [23, 12], "uv_size": [7.75, 5.5]},
								"up": {"uv": [0, 0], "uv_size": [0, 7.75]},
								"down": {"uv": [0, 7.75], "uv_size": [0, -7.75]}
							}
						}
					]
				},
				{
					"name": "Mecha5",
					"parent": "Hair",
					"pivot": [0.83491, 32.64311, -4.18635],
					"rotation": [15.49807, 9.20795, 13.11654],
					"cubes": [
						{
							"origin": [1.94726, 29.87429, -4.52034],
							"size": [0, 2.24124, 1.64124],
							"pivot": [0.14726, 30.69491, -4.89972],
							"rotation": [-55.16591, 14.55088, -132.26738],
							"uv": {
								"north": {"uv": [0, 0], "uv_size": [0, 2.25]},
								"east": {"uv": [31, 48], "uv_size": [1.625, 2.25]},
								"south": {"uv": [0, 0], "uv_size": [0, 2.25]},
								"west": {"uv": [39, 48], "uv_size": [1.625, 2.25]},
								"up": {"uv": [0, 0], "uv_size": [0, 1.625]},
								"down": {"uv": [0, 1.625], "uv_size": [0, -1.625]}
							}
						},
						{
							"origin": [0.35476, 31.51343, -4.63088],
							"size": [0, 2.24124, 2.64124],
							"pivot": [0.35476, 32.63405, -3.81026],
							"rotation": [-74.06198, -34.28525, -49.29938],
							"uv": {
								"north": {"uv": [0, 0], "uv_size": [0, 2.25]},
								"east": {"uv": [45, 0], "uv_size": [2.625, 2.25]},
								"south": {"uv": [0, 0], "uv_size": [0, 2.25]},
								"west": {"uv": [45, 3], "uv_size": [2.625, 2.25]},
								"up": {"uv": [0, 0], "uv_size": [0, 2.625]},
								"down": {"uv": [0, 2.625], "uv_size": [0, -2.625]}
							}
						},
						{
							"origin": [-1.61308, 28.0129, -5.30686],
							"size": [0, 1.08, 2.24124],
							"pivot": [-1.20446, 29.89637, -3.91176],
							"rotation": [-58.57672, 21.40448, -143.26784],
							"uv": {
								"north": {"uv": [0, 0], "uv_size": [0, 1.125]},
								"east": {"uv": [50, 33], "uv_size": [2.25, 1.125]},
								"south": {"uv": [0, 0], "uv_size": [0, 1.125]},
								"west": {"uv": [50, 42], "uv_size": [2.25, 1.125]},
								"up": {"uv": [0, 0], "uv_size": [0, 2.25]},
								"down": {"uv": [0, 2.25], "uv_size": [0, -2.25]}
							}
						},
						{
							"origin": [-1.09497, 28.83376, -3.48229],
							"size": [0, 1.32, 1.04124],
							"pivot": [-0.68634, 30.78308, -3.28718],
							"rotation": [-53.20902, 7.2165, -121.95154],
							"uv": {
								"north": {"uv": [0, 0], "uv_size": [0, 1.375]},
								"east": {"uv": [10, 47], "uv_size": [1, 1.375]},
								"south": {"uv": [0, 0], "uv_size": [0, 1.375]},
								"west": {"uv": [47, 51], "uv_size": [1, 1.375]},
								"up": {"uv": [0, 0], "uv_size": [0, 1]},
								"down": {"uv": [0, 1], "uv_size": [0, -1]}
							}
						},
						{
							"origin": [-0.34794, 29.33873, -2.80723],
							"size": [0, 1.32, 0.78],
							"pivot": [0.06068, 31.28804, -2.61213],
							"rotation": [-52.60768, -0.34131, -111.96985],
							"uv": {
								"north": {"uv": [0, 0], "uv_size": [0, 1.375]},
								"east": {"uv": [4, 52], "uv_size": [0.75, 1.375]},
								"south": {"uv": [0, 0], "uv_size": [0, 1.375]},
								"west": {"uv": [52, 4], "uv_size": [0.75, 1.375]},
								"up": {"uv": [0, 0], "uv_size": [0, 0.75]},
								"down": {"uv": [0, 0.75], "uv_size": [0, -0.75]}
							}
						},
						{
							"origin": [0.29415, 31.6197, -6.73176],
							"size": [0, 2.24124, 1.64124],
							"pivot": [-0.30585, 32.44032, -4.71114],
							"rotation": [-67.36356, 30.59431, -163.08737],
							"uv": {
								"north": {"uv": [0, 0], "uv_size": [0, 2.25]},
								"east": {"uv": [41, 48], "uv_size": [1.625, 2.25]},
								"south": {"uv": [0, 0], "uv_size": [0, 2.25]},
								"west": {"uv": [48, 42], "uv_size": [1.625, 2.25]},
								"up": {"uv": [0, 0], "uv_size": [0, 1.625]},
								"down": {"uv": [0, 1.625], "uv_size": [0, -1.625]}
							}
						},
						{
							"origin": [0.95227, 30.9851, -6.88753],
							"size": [0, 2.24124, 1.04124],
							"pivot": [-0.24773, 31.80572, -4.86691],
							"rotation": [-82.60787, 36.65668, 170.7176],
							"uv": {
								"north": {"uv": [0, 0], "uv_size": [0, 2.25]},
								"east": {"uv": [6, 21], "uv_size": [1, 2.25]},
								"south": {"uv": [0, 0], "uv_size": [0, 2.25]},
								"west": {"uv": [11, 43], "uv_size": [1, 2.25]},
								"up": {"uv": [0, 0], "uv_size": [0, 1]},
								"down": {"uv": [0, 1], "uv_size": [0, -1]}
							}
						},
						{
							"origin": [1.66199, 30.97371, -7.41299],
							"size": [0, 2.24124, 1.04124],
							"pivot": [-0.13801, 31.79433, -4.79237],
							"rotation": [-93.94206, 37.11304, 151.94202],
							"uv": {
								"north": {"uv": [0, 0], "uv_size": [0, 2.25]},
								"east": {"uv": [26, 50], "uv_size": [1, 2.25]},
								"south": {"uv": [0, 0], "uv_size": [0, 2.25]},
								"west": {"uv": [51, 16], "uv_size": [1, 2.25]},
								"up": {"uv": [0, 0], "uv_size": [0, 1]},
								"down": {"uv": [0, 1], "uv_size": [0, -1]}
							}
						},
						{
							"origin": [-0.32871, 28.99818, -6.09216],
							"size": [0, 2.84124, 4.04124],
							"pivot": [-0.45274, 29.49491, -5.49972],
							"rotation": [40.92867, 46.46614, -1.44216],
							"uv": {
								"north": {"uv": [0, 0], "uv_size": [0, 2.875]},
								"east": {"uv": [39, 31], "uv_size": [4, 2.875]},
								"south": {"uv": [0, 0], "uv_size": [0, 2.875]},
								"west": {"uv": [39, 34], "uv_size": [4, 2.875]},
								"up": {"uv": [0, 0], "uv_size": [0, 4]},
								"down": {"uv": [0, 4], "uv_size": [0, -4]}
							}
						},
						{
							"origin": [-0.41557, 28.99857, -5.66514],
							"size": [0, 2.84124, 4.04124],
							"pivot": [-0.35665, 29.05592, -5.09297],
							"rotation": [15.07183, 46.83364, -35.39784],
							"uv": {
								"north": {"uv": [0, 0], "uv_size": [0, 2.875]},
								"east": {"uv": [4, 40], "uv_size": [4, 2.875]},
								"south": {"uv": [0, 0], "uv_size": [0, 2.875]},
								"west": {"uv": [8, 40], "uv_size": [4, 2.875]},
								"up": {"uv": [0, 0], "uv_size": [0, 4]},
								"down": {"uv": [0, 4], "uv_size": [0, -4]}
							}
						}
					]
				},
				{
					"name": "Mecha6",
					"parent": "Hair",
					"pivot": [1.67203, 32.59938, -3.99046],
					"rotation": [-3.03412, -24.2982, 49.99797],
					"cubes": [
						{
							"origin": [0.90392, 30.19932, -4.42264],
							"size": [0, 2.24124, 1.64124],
							"pivot": [2.70392, 31.01994, -4.80202],
							"rotation": [-55.16591, -14.55088, 132.26738],
							"uv": {
								"north": {"uv": [0, 0], "uv_size": [0, 2.25]},
								"east": {"uv": [43, 48], "uv_size": [1.625, 2.25]},
								"south": {"uv": [0, 0], "uv_size": [0, 2.25]},
								"west": {"uv": [47, 48], "uv_size": [1.625, 2.25]},
								"up": {"uv": [0, 0], "uv_size": [0, 1.625]},
								"down": {"uv": [0, 1.625], "uv_size": [0, -1.625]}
							}
						},
						{
							"origin": [2.49642, 31.83846, -4.53318],
							"size": [0, 2.24124, 2.64124],
							"pivot": [2.49642, 32.95908, -3.71256],
							"rotation": [-74.06198, 34.28525, 49.29938],
							"uv": {
								"north": {"uv": [0, 0], "uv_size": [0, 2.25]},
								"east": {"uv": [45, 6], "uv_size": [2.625, 2.25]},
								"south": {"uv": [0, 0], "uv_size": [0, 2.25]},
								"west": {"uv": [45, 25], "uv_size": [2.625, 2.25]},
								"up": {"uv": [0, 0], "uv_size": [0, 2.625]},
								"down": {"uv": [0, 2.625], "uv_size": [0, -2.625]}
							}
						},
						{
							"origin": [4.46426, 28.33794, -5.20916],
							"size": [0, 1.08, 2.24124],
							"pivot": [4.05563, 30.22141, -3.81406],
							"rotation": [-58.57672, -21.40448, 143.26784],
							"uv": {
								"north": {"uv": [0, 0], "uv_size": [0, 1.125]},
								"east": {"uv": [50, 44], "uv_size": [2.25, 1.125]},
								"south": {"uv": [0, 0], "uv_size": [0, 1.125]},
								"west": {"uv": [50, 46], "uv_size": [2.25, 1.125]},
								"up": {"uv": [0, 0], "uv_size": [0, 2.25]},
								"down": {"uv": [0, 2.25], "uv_size": [0, -2.25]}
							}
						},
						{
							"origin": [3.94614, 29.1588, -3.38459],
							"size": [0, 1.32, 1.04124],
							"pivot": [3.53752, 31.10811, -3.18949],
							"rotation": [-53.20902, -7.2165, 121.95154],
							"uv": {
								"north": {"uv": [0, 0], "uv_size": [0, 1.375]},
								"east": {"uv": [48, 51], "uv_size": [1, 1.375]},
								"south": {"uv": [0, 0], "uv_size": [0, 1.375]},
								"west": {"uv": [51, 48], "uv_size": [1, 1.375]},
								"up": {"uv": [0, 0], "uv_size": [0, 1]},
								"down": {"uv": [0, 1], "uv_size": [0, -1]}
							}
						},
						{
							"origin": [3.19912, 29.66376, -2.70953],
							"size": [0, 1.32, 0.78],
							"pivot": [2.79049, 31.61308, -2.51443],
							"rotation": [-52.60768, 0.34131, 111.96985],
							"uv": {
								"north": {"uv": [0, 0], "uv_size": [0, 1.375]},
								"east": {"uv": [5, 52], "uv_size": [0.75, 1.375]},
								"south": {"uv": [0, 0], "uv_size": [0, 1.375]},
								"west": {"uv": [6, 52], "uv_size": [0.75, 1.375]},
								"up": {"uv": [0, 0], "uv_size": [0, 0.75]},
								"down": {"uv": [0, 0.75], "uv_size": [0, -0.75]}
							}
						},
						{
							"origin": [2.55703, 31.94474, -6.63406],
							"size": [0, 2.24124, 1.64124],
							"pivot": [3.15703, 32.76536, -4.61344],
							"rotation": [-67.36356, -30.59431, 163.08737],
							"uv": {
								"north": {"uv": [0, 0], "uv_size": [0, 2.25]},
								"east": {"uv": [49, 8], "uv_size": [1.625, 2.25]},
								"south": {"uv": [0, 0], "uv_size": [0, 2.25]},
								"west": {"uv": [10, 49], "uv_size": [1.625, 2.25]},
								"up": {"uv": [0, 0], "uv_size": [0, 1.625]},
								"down": {"uv": [0, 1.625], "uv_size": [0, -1.625]}
							}
						},
						{
							"origin": [1.89891, 31.31014, -6.78983],
							"size": [0, 2.24124, 1.04124],
							"pivot": [3.09891, 32.13076, -4.76921],
							"rotation": [-82.60787, -36.65668, -170.7176],
							"uv": {
								"north": {"uv": [0, 0], "uv_size": [0, 2.25]},
								"east": {"uv": [17, 51], "uv_size": [1, 2.25]},
								"south": {"uv": [0, 0], "uv_size": [0, 2.25]},
								"west": {"uv": [18, 51], "uv_size": [1, 2.25]},
								"up": {"uv": [0, 0], "uv_size": [0, 1]},
								"down": {"uv": [0, 1], "uv_size": [0, -1]}
							}
						},
						{
							"origin": [1.18919, 31.29875, -7.3153],
							"size": [0, 2.24124, 1.04124],
							"pivot": [2.98919, 32.11937, -4.69468],
							"rotation": [-93.94206, -37.11304, -151.94202],
							"uv": {
								"north": {"uv": [0, 0], "uv_size": [0, 2.25]},
								"east": {"uv": [19, 51], "uv_size": [1, 2.25]},
								"south": {"uv": [0, 0], "uv_size": [0, 2.25]},
								"west": {"uv": [51, 19], "uv_size": [1, 2.25]},
								"up": {"uv": [0, 0], "uv_size": [0, 1]},
								"down": {"uv": [0, 1], "uv_size": [0, -1]}
							}
						},
						{
							"origin": [3.17988, 29.32322, -5.99446],
							"size": [0, 2.84124, 4.04124],
							"pivot": [3.30392, 29.81994, -5.40202],
							"rotation": [40.92867, -46.46614, 1.44216],
							"uv": {
								"north": {"uv": [0, 0], "uv_size": [0, 2.875]},
								"east": {"uv": [40, 23], "uv_size": [4, 2.875]},
								"south": {"uv": [0, 0], "uv_size": [0, 2.875]},
								"west": {"uv": [40, 37], "uv_size": [4, 2.875]},
								"up": {"uv": [0, 0], "uv_size": [0, 4]},
								"down": {"uv": [0, 4], "uv_size": [0, -4]}
							}
						},
						{
							"origin": [3.26675, 29.32361, -5.56744],
							"size": [0, 2.84124, 4.04124],
							"pivot": [3.20783, 29.38096, -4.99527],
							"rotation": [15.07183, -46.83364, 35.39784],
							"uv": {
								"north": {"uv": [0, 0], "uv_size": [0, 2.875]},
								"east": {"uv": [40, 40], "uv_size": [4, 2.875]},
								"south": {"uv": [0, 0], "uv_size": [0, 2.875]},
								"west": {"uv": [41, 0], "uv_size": [4, 2.875]},
								"up": {"uv": [0, 0], "uv_size": [0, 4]},
								"down": {"uv": [0, 4], "uv_size": [0, -4]}
							}
						}
					]
				},
				{
					"name": "Mecha7",
					"parent": "Hair",
					"pivot": [-1.57923, 31.11109, -3.66766],
					"rotation": [11.75746, 22.43151, -6.89033],
					"cubes": [
						{
							"origin": [-1.234, 29.78944, -4.33426],
							"size": [0, 2.24124, 1.64124],
							"pivot": [-3.034, 30.61006, -4.71364],
							"rotation": [-55.16591, 14.55088, -132.26738],
							"uv": {
								"north": {"uv": [0, 0], "uv_size": [0, 2.25]},
								"east": {"uv": [12, 49], "uv_size": [1.625, 2.25]},
								"south": {"uv": [0, 0], "uv_size": [0, 2.25]},
								"west": {"uv": [49, 16], "uv_size": [1.625, 2.25]},
								"up": {"uv": [0, 0], "uv_size": [0, 1.625]},
								"down": {"uv": [0, 1.625], "uv_size": [0, -1.625]}
							}
						},
						{
							"origin": [-2.8265, 31.42858, -4.4448],
							"size": [0, 2.24124, 2.64124],
							"pivot": [-2.8265, 32.5492, -3.62418],
							"rotation": [-74.06198, -34.28525, -49.29938],
							"uv": {
								"north": {"uv": [0, 0], "uv_size": [0, 2.25]},
								"east": {"uv": [45, 28], "uv_size": [2.625, 2.25]},
								"south": {"uv": [0, 0], "uv_size": [0, 2.25]},
								"west": {"uv": [45, 43], "uv_size": [2.625, 2.25]},
								"up": {"uv": [0, 0], "uv_size": [0, 2.625]},
								"down": {"uv": [0, 2.625], "uv_size": [0, -2.625]}
							}
						},
						{
							"origin": [-4.79434, 27.92806, -5.12078],
							"size": [0, 1.08, 2.24124],
							"pivot": [-4.38571, 29.81153, -3.72568],
							"rotation": [-58.57672, 21.40448, -143.26784],
							"uv": {
								"north": {"uv": [0, 0], "uv_size": [0, 1.125]},
								"east": {"uv": [51, 0], "uv_size": [2.25, 1.125]},
								"south": {"uv": [0, 0], "uv_size": [0, 1.125]},
								"west": {"uv": [7, 51], "uv_size": [2.25, 1.125]},
								"up": {"uv": [0, 0], "uv_size": [0, 2.25]},
								"down": {"uv": [0, 2.25], "uv_size": [0, -2.25]}
							}
						},
						{
							"origin": [-4.27622, 28.74892, -3.29621],
							"size": [0, 1.32, 1.04124],
							"pivot": [-3.8676, 30.69823, -3.10111],
							"rotation": [-53.20902, 7.2165, -121.95154],
							"uv": {
								"north": {"uv": [0, 0], "uv_size": [0, 1.375]},
								"east": {"uv": [49, 51], "uv_size": [1, 1.375]},
								"south": {"uv": [0, 0], "uv_size": [0, 1.375]},
								"west": {"uv": [50, 51], "uv_size": [1, 1.375]},
								"up": {"uv": [0, 0], "uv_size": [0, 1]},
								"down": {"uv": [0, 1], "uv_size": [0, -1]}
							}
						},
						{
							"origin": [-3.5292, 29.25388, -2.62115],
							"size": [0, 1.32, 0.78],
							"pivot": [-3.12057, 31.2032, -2.42605],
							"rotation": [-52.60768, -0.34131, -111.96985],
							"uv": {
								"north": {"uv": [0, 0], "uv_size": [0, 1.375]},
								"east": {"uv": [52, 6], "uv_size": [0.75, 1.375]},
								"south": {"uv": [0, 0], "uv_size": [0, 1.375]},
								"west": {"uv": [10, 52], "uv_size": [0.75, 1.375]},
								"up": {"uv": [0, 0], "uv_size": [0, 0.75]},
								"down": {"uv": [0, 0.75], "uv_size": [0, -0.75]}
							}
						},
						{
							"origin": [-2.88711, 31.53486, -6.54568],
							"size": [0, 2.24124, 1.64124],
							"pivot": [-3.48711, 32.35548, -4.52506],
							"rotation": [-67.36356, 30.59431, -163.08737],
							"uv": {
								"north": {"uv": [0, 0], "uv_size": [0, 2.25]},
								"east": {"uv": [49, 19], "uv_size": [1.625, 2.25]},
								"south": {"uv": [0, 0], "uv_size": [0, 2.25]},
								"west": {"uv": [49, 35], "uv_size": [1.625, 2.25]},
								"up": {"uv": [0, 0], "uv_size": [0, 1.625]},
								"down": {"uv": [0, 1.625], "uv_size": [0, -1.625]}
							}
						},
						{
							"origin": [-2.22899, 30.90026, -6.70145],
							"size": [0, 2.24124, 1.04124],
							"pivot": [-3.42899, 31.72088, -4.68083],
							"rotation": [-82.60787, 36.65668, 170.7176],
							"uv": {
								"north": {"uv": [0, 0], "uv_size": [0, 2.25]},
								"east": {"uv": [20, 51], "uv_size": [1, 2.25]},
								"south": {"uv": [0, 0], "uv_size": [0, 2.25]},
								"west": {"uv": [21, 51], "uv_size": [1, 2.25]},
								"up": {"uv": [0, 0], "uv_size": [0, 1]},
								"down": {"uv": [0, 1], "uv_size": [0, -1]}
							}
						},
						{
							"origin": [-1.51927, 30.88887, -7.22692],
							"size": [0, 2.24124, 1.04124],
							"pivot": [-3.31927, 31.70949, -4.6063],
							"rotation": [-93.94206, 37.11304, 151.94202],
							"uv": {
								"north": {"uv": [0, 0], "uv_size": [0, 2.25]},
								"east": {"uv": [22, 51], "uv_size": [1, 2.25]},
								"south": {"uv": [0, 0], "uv_size": [0, 2.25]},
								"west": {"uv": [23, 51], "uv_size": [1, 2.25]},
								"up": {"uv": [0, 0], "uv_size": [0, 1]},
								"down": {"uv": [0, 1], "uv_size": [0, -1]}
							}
						},
						{
							"origin": [-3.50996, 28.91334, -5.90608],
							"size": [0, 2.84124, 4.04124],
							"pivot": [-3.634, 29.41006, -5.31364],
							"rotation": [40.92867, 46.46614, -1.44216],
							"uv": {
								"north": {"uv": [0, 0], "uv_size": [0, 2.875]},
								"east": {"uv": [41, 3], "uv_size": [4, 2.875]},
								"south": {"uv": [0, 0], "uv_size": [0, 2.875]},
								"west": {"uv": [41, 6], "uv_size": [4, 2.875]},
								"up": {"uv": [0, 0], "uv_size": [0, 4]},
								"down": {"uv": [0, 4], "uv_size": [0, -4]}
							}
						},
						{
							"origin": [-3.59683, 28.91373, -5.47906],
							"size": [0, 2.84124, 4.04124],
							"pivot": [-3.53791, 28.97108, -4.90689],
							"rotation": [15.07183, 46.83364, -35.39784],
							"uv": {
								"north": {"uv": [0, 0], "uv_size": [0, 2.875]},
								"east": {"uv": [19, 41], "uv_size": [4, 2.875]},
								"south": {"uv": [0, 0], "uv_size": [0, 2.875]},
								"west": {"uv": [23, 41], "uv_size": [4, 2.875]},
								"up": {"uv": [0, 0], "uv_size": [0, 4]},
								"down": {"uv": [0, 4], "uv_size": [0, -4]}
							}
						}
					]
				},
				{
					"name": "Mecha12",
					"parent": "Hair",
					"pivot": [1.57923, 31.11109, -2.66766],
					"rotation": [-3.24254, -22.43151, 6.89033],
					"cubes": [
						{
							"origin": [1.234, 29.78944, -3.33426],
							"size": [0, 2.24124, 1.64124],
							"pivot": [3.034, 30.61006, -3.71364],
							"rotation": [-55.16591, -14.55088, 132.26738],
							"uv": {
								"north": {"uv": [0, 0], "uv_size": [0, 2.25]},
								"east": {"uv": [45, 49], "uv_size": [1.625, 2.25]},
								"south": {"uv": [0, 0], "uv_size": [0, 2.25]},
								"west": {"uv": [49, 48], "uv_size": [1.625, 2.25]},
								"up": {"uv": [0, 0], "uv_size": [0, 1.625]},
								"down": {"uv": [0, 1.625], "uv_size": [0, -1.625]}
							}
						},
						{
							"origin": [2.8265, 31.42858, -3.4448],
							"size": [0, 2.24124, 2.64124],
							"pivot": [2.8265, 32.5492, -2.62418],
							"rotation": [-74.06198, 34.28525, 49.29938],
							"uv": {
								"north": {"uv": [0, 0], "uv_size": [0, 2.25]},
								"east": {"uv": [46, 9], "uv_size": [2.625, 2.25]},
								"south": {"uv": [0, 0], "uv_size": [0, 2.25]},
								"west": {"uv": [11, 46], "uv_size": [2.625, 2.25]},
								"up": {"uv": [0, 0], "uv_size": [0, 2.625]},
								"down": {"uv": [0, 2.625], "uv_size": [0, -2.625]}
							}
						},
						{
							"origin": [4.79434, 27.92806, -4.12078],
							"size": [0, 1.08, 2.24124],
							"pivot": [4.38571, 29.81153, -2.72568],
							"rotation": [-58.57672, -21.40448, 143.26784],
							"uv": {
								"north": {"uv": [0, 0], "uv_size": [0, 1.125]},
								"east": {"uv": [51, 8], "uv_size": [2.25, 1.125]},
								"south": {"uv": [0, 0], "uv_size": [0, 1.125]},
								"west": {"uv": [14, 51], "uv_size": [2.25, 1.125]},
								"up": {"uv": [0, 0], "uv_size": [0, 2.25]},
								"down": {"uv": [0, 2.25], "uv_size": [0, -2.25]}
							}
						},
						{
							"origin": [4.27622, 28.74892, -2.29621],
							"size": [0, 1.32, 1.04124],
							"pivot": [3.8676, 30.69823, -2.10111],
							"rotation": [-53.20902, -7.2165, 121.95154],
							"uv": {
								"north": {"uv": [0, 0], "uv_size": [0, 1.375]},
								"east": {"uv": [51, 50], "uv_size": [1, 1.375]},
								"south": {"uv": [0, 0], "uv_size": [0, 1.375]},
								"west": {"uv": [52, 2], "uv_size": [1, 1.375]},
								"up": {"uv": [0, 0], "uv_size": [0, 1]},
								"down": {"uv": [0, 1], "uv_size": [0, -1]}
							}
						},
						{
							"origin": [3.5292, 29.25388, -1.62115],
							"size": [0, 1.32, 0.78],
							"pivot": [3.12057, 31.2032, -1.42605],
							"rotation": [-52.60768, 0.34131, 111.96985],
							"uv": {
								"north": {"uv": [0, 0], "uv_size": [0, 1.375]},
								"east": {"uv": [52, 10], "uv_size": [0.75, 1.375]},
								"south": {"uv": [0, 0], "uv_size": [0, 1.375]},
								"west": {"uv": [11, 52], "uv_size": [0.75, 1.375]},
								"up": {"uv": [0, 0], "uv_size": [0, 0.75]},
								"down": {"uv": [0, 0.75], "uv_size": [0, -0.75]}
							}
						},
						{
							"origin": [2.88711, 31.53486, -5.54568],
							"size": [0, 2.24124, 1.64124],
							"pivot": [3.48711, 32.35548, -3.52506],
							"rotation": [-67.36356, -30.59431, 163.08737],
							"uv": {
								"north": {"uv": [0, 0], "uv_size": [0, 2.25]},
								"east": {"uv": [2, 50], "uv_size": [1.625, 2.25]},
								"south": {"uv": [0, 0], "uv_size": [0, 2.25]},
								"west": {"uv": [50, 2], "uv_size": [1.625, 2.25]},
								"up": {"uv": [0, 0], "uv_size": [0, 1.625]},
								"down": {"uv": [0, 1.625], "uv_size": [0, -1.625]}
							}
						},
						{
							"origin": [2.22899, 30.90026, -5.70145],
							"size": [0, 2.24124, 1.04124],
							"pivot": [3.42899, 31.72088, -3.68083],
							"rotation": [-82.60787, -36.65668, -170.7176],
							"uv": {
								"north": {"uv": [0, 0], "uv_size": [0, 2.25]},
								"east": {"uv": [27, 51], "uv_size": [1, 2.25]},
								"south": {"uv": [0, 0], "uv_size": [0, 2.25]},
								"west": {"uv": [28, 51], "uv_size": [1, 2.25]},
								"up": {"uv": [0, 0], "uv_size": [0, 1]},
								"down": {"uv": [0, 1], "uv_size": [0, -1]}
							}
						},
						{
							"origin": [1.51927, 30.88887, -6.22692],
							"size": [0, 2.24124, 1.04124],
							"pivot": [3.31927, 31.70949, -3.6063],
							"rotation": [-93.94206, -37.11304, -151.94202],
							"uv": {
								"north": {"uv": [0, 0], "uv_size": [0, 2.25]},
								"east": {"uv": [29, 51], "uv_size": [1, 2.25]},
								"south": {"uv": [0, 0], "uv_size": [0, 2.25]},
								"west": {"uv": [30, 51], "uv_size": [1, 2.25]},
								"up": {"uv": [0, 0], "uv_size": [0, 1]},
								"down": {"uv": [0, 1], "uv_size": [0, -1]}
							}
						},
						{
							"origin": [3.50996, 28.91334, -4.90608],
							"size": [0, 2.84124, 4.04124],
							"pivot": [3.634, 29.41006, -4.31364],
							"rotation": [40.92867, -46.46614, 1.44216],
							"uv": {
								"north": {"uv": [0, 0], "uv_size": [0, 2.875]},
								"east": {"uv": [41, 26], "uv_size": [4, 2.875]},
								"south": {"uv": [0, 0], "uv_size": [0, 2.875]},
								"west": {"uv": [27, 41], "uv_size": [4, 2.875]},
								"up": {"uv": [0, 0], "uv_size": [0, 4]},
								"down": {"uv": [0, 4], "uv_size": [0, -4]}
							}
						},
						{
							"origin": [3.59683, 28.91373, -4.47906],
							"size": [0, 2.84124, 4.04124],
							"pivot": [3.53791, 28.97108, -3.90689],
							"rotation": [15.07183, -46.83364, 35.39784],
							"uv": {
								"north": {"uv": [0, 0], "uv_size": [0, 2.875]},
								"east": {"uv": [31, 41], "uv_size": [4, 2.875]},
								"south": {"uv": [0, 0], "uv_size": [0, 2.875]},
								"west": {"uv": [35, 41], "uv_size": [4, 2.875]},
								"up": {"uv": [0, 0], "uv_size": [0, 4]},
								"down": {"uv": [0, 4], "uv_size": [0, -4]}
							}
						}
					]
				},
				{
					"name": "Mecha3",
					"parent": "Hair",
					"pivot": [-1.40721, 33.68558, 2.03761],
					"rotation": [51.9114, 27.56277, 124.31628],
					"cubes": [
						{
							"origin": [1.81867, 29.11551, 0.51624],
							"size": [0, 3.7354, 3.7354],
							"pivot": [-1.18133, 30.48321, -0.11606],
							"rotation": [-55.16591, 14.55088, -132.26738],
							"uv": {
								"north": {"uv": [0, 0], "uv_size": [0, 3.75]},
								"east": {"uv": [6, 36], "uv_size": [3.75, 3.75]},
								"south": {"uv": [0, 0], "uv_size": [0, 3.75]},
								"west": {"uv": [10, 36], "uv_size": [3.75, 3.75]},
								"up": {"uv": [0, 0], "uv_size": [0, 3.75]},
								"down": {"uv": [0, 3.75], "uv_size": [0, -3.75]}
							}
						},
						{
							"origin": [-4.11522, 26.01321, -0.79463],
							"size": [0, 1.8, 3.7354],
							"pivot": [-3.43419, 29.15232, 1.53054],
							"rotation": [-58.57672, 21.40448, -143.26784],
							"uv": {
								"north": {"uv": [0, 0], "uv_size": [0, 1.75]},
								"east": {"uv": [29, 23], "uv_size": [3.75, 1.75]},
								"south": {"uv": [0, 0], "uv_size": [0, 1.75]},
								"west": {"uv": [43, 35], "uv_size": [3.75, 1.75]},
								"up": {"uv": [0, 0], "uv_size": [0, 3.75]},
								"down": {"uv": [0, 3.75], "uv_size": [0, -3.75]}
							}
						},
						{
							"origin": [-3.2517, 27.3813, 2.24633],
							"size": [0, 2.2, 1.7354],
							"pivot": [-2.57067, 30.63016, 2.5715],
							"rotation": [-53.20902, 7.2165, -121.95154],
							"uv": {
								"north": {"uv": [0, 0], "uv_size": [0, 2.25]},
								"east": {"uv": [20, 48], "uv_size": [1.75, 2.25]},
								"south": {"uv": [0, 0], "uv_size": [0, 2.25]},
								"west": {"uv": [27, 48], "uv_size": [1.75, 2.25]},
								"up": {"uv": [0, 0], "uv_size": [0, 1.75]},
								"down": {"uv": [0, 1.75], "uv_size": [0, -1.75]}
							}
						},
						{
							"origin": [-2.00666, 28.22291, 3.37142],
							"size": [0, 2.2, 1.3],
							"pivot": [-1.32562, 31.47178, 3.69659],
							"rotation": [-52.60768, -0.34131, -111.96985],
							"uv": {
								"north": {"uv": [0, 0], "uv_size": [0, 2.25]},
								"east": {"uv": [50, 27], "uv_size": [1.25, 2.25]},
								"south": {"uv": [0, 0], "uv_size": [0, 2.25]},
								"west": {"uv": [50, 30], "uv_size": [1.25, 2.25]},
								"up": {"uv": [0, 0], "uv_size": [0, 1.25]},
								"down": {"uv": [0, 1.25], "uv_size": [0, -1.25]}
							}
						},
						{
							"origin": [-0.93651, 32.02454, -3.16946],
							"size": [0, 3.7354, 2.7354],
							"pivot": [-1.93651, 33.39224, 0.19824],
							"rotation": [-67.36356, 30.59431, -163.08737],
							"uv": {
								"north": {"uv": [0, 0], "uv_size": [0, 3.75]},
								"east": {"uv": [24, 31], "uv_size": [2.75, 3.75]},
								"south": {"uv": [0, 0], "uv_size": [0, 3.75]},
								"west": {"uv": [12, 42], "uv_size": [2.75, 3.75]},
								"up": {"uv": [0, 0], "uv_size": [0, 2.75]},
								"down": {"uv": [0, 2.75], "uv_size": [0, -2.75]}
							}
						},
						{
							"origin": [0.16036, 30.96688, -3.42908],
							"size": [0, 3.7354, 1.7354],
							"pivot": [-1.83964, 32.33458, -0.06138],
							"rotation": [-82.60787, 36.65668, 170.7176],
							"uv": {
								"north": {"uv": [0, 0], "uv_size": [0, 3.75]},
								"east": {"uv": [25, 44], "uv_size": [1.75, 3.75]},
								"south": {"uv": [0, 0], "uv_size": [0, 3.75]},
								"west": {"uv": [27, 44], "uv_size": [1.75, 3.75]},
								"up": {"uv": [0, 0], "uv_size": [0, 1.75]},
								"down": {"uv": [0, 1.75], "uv_size": [0, -1.75]}
							}
						},
						{
							"origin": [1.34322, 30.94789, -4.30485],
							"size": [0, 3.7354, 1.7354],
							"pivot": [-1.65678, 32.31559, 0.06285],
							"rotation": [-93.94206, 37.11304, 151.94202],
							"uv": {
								"north": {"uv": [0, 0], "uv_size": [0, 3.75]},
								"east": {"uv": [29, 44], "uv_size": [1.75, 3.75]},
								"south": {"uv": [0, 0], "uv_size": [0, 3.75]},
								"west": {"uv": [31, 44], "uv_size": [1.75, 3.75]},
								"up": {"uv": [0, 0], "uv_size": [0, 1.75]},
								"down": {"uv": [0, 1.75], "uv_size": [0, -1.75]}
							}
						},
						{
							"origin": [-1.9746, 27.65534, -2.10346],
							"size": [0, 4.7354, 6.7354],
							"pivot": [-2.18133, 28.48321, -1.11606],
							"rotation": [40.92867, 46.46614, -1.44216],
							"uv": {
								"north": {"uv": [0, 0], "uv_size": [0, 4.75]},
								"east": {"uv": [6, 26], "uv_size": [6.75, 4.75]},
								"south": {"uv": [0, 0], "uv_size": [0, 4.75]},
								"west": {"uv": [27, 25], "uv_size": [6.75, 4.75]},
								"up": {"uv": [0, 0], "uv_size": [0, 6.75]},
								"down": {"uv": [0, 6.75], "uv_size": [0, -6.75]}
							}
						},
						{
							"origin": [-2.11938, 27.65599, -1.39176],
							"size": [0, 4.7354, 6.7354],
							"pivot": [-2.02118, 27.75158, -0.43815],
							"rotation": [15.07183, 46.83364, -35.39784],
							"uv": {
								"north": {"uv": [0, 0], "uv_size": [0, 4.75]},
								"east": {"uv": [29, 0], "uv_size": [6.75, 4.75]},
								"south": {"uv": [0, 0], "uv_size": [0, 4.75]},
								"west": {"uv": [29, 18], "uv_size": [6.75, 4.75]},
								"up": {"uv": [0, 0], "uv_size": [0, 6.75]},
								"down": {"uv": [0, 6.75], "uv_size": [0, -6.75]}
							}
						}
					]
				},
				{
					"name": "Mecha4",
					"parent": "Hair",
					"pivot": [-2.31991, 31.80977, -1.94597],
					"rotation": [-6.80763, 29.59415, 61.54459],
					"cubes": [
						{
							"origin": [-0.22056, 27.60688, -2.45808],
							"size": [0, 3.36186, 2.46186],
							"pivot": [-2.92056, 28.83781, -3.02715],
							"rotation": [-55.16591, 14.55088, -132.26738],
							"uv": {
								"north": {"uv": [0, 0], "uv_size": [0, 3.375]},
								"east": {"uv": [2, 43], "uv_size": [2.5, 3.375]},
								"south": {"uv": [0, 0], "uv_size": [0, 3.375]},
								"west": {"uv": [5, 43], "uv_size": [2.5, 3.375]},
								"up": {"uv": [0, 0], "uv_size": [0, 2.5]},
								"down": {"uv": [0, 2.5], "uv_size": [0, -2.5]}
							}
						},
						{
							"origin": [-5.56107, 24.81481, -3.63786],
							"size": [0, 1.62, 3.36186],
							"pivot": [-4.94814, 27.64001, -1.5452],
							"rotation": [-58.57672, 21.40448, -143.26784],
							"uv": {
								"north": {"uv": [0, 0], "uv_size": [0, 1.625]},
								"east": {"uv": [46, 12], "uv_size": [3.375, 1.625]},
								"south": {"uv": [0, 0], "uv_size": [0, 1.625]},
								"west": {"uv": [46, 14], "uv_size": [3.375, 1.625]},
								"up": {"uv": [0, 0], "uv_size": [0, 3.375]},
								"down": {"uv": [0, 3.375], "uv_size": [0, -3.375]}
							}
						},
						{
							"origin": [-4.7839, 26.04609, -0.901],
							"size": [0, 1.98, 1.56186],
							"pivot": [-4.17097, 28.97007, -0.60834],
							"rotation": [-53.20902, 7.2165, -121.95154],
							"uv": {
								"north": {"uv": [0, 0], "uv_size": [0, 2]},
								"east": {"uv": [4, 38], "uv_size": [1.5, 2]},
								"south": {"uv": [0, 0], "uv_size": [0, 2]},
								"west": {"uv": [12, 40], "uv_size": [1.5, 2]},
								"up": {"uv": [0, 0], "uv_size": [0, 1.5]},
								"down": {"uv": [0, 1.5], "uv_size": [0, -1.5]}
							}
						},
						{
							"origin": [-3.66336, 26.80354, 0.11159],
							"size": [0, 1.98, 1.17],
							"pivot": [-3.05043, 29.72752, 0.40424],
							"rotation": [-52.60768, -0.34131, -111.96985],
							"uv": {
								"north": {"uv": [0, 0], "uv_size": [0, 2]},
								"east": {"uv": [51, 25], "uv_size": [1.125, 2]},
								"south": {"uv": [0, 0], "uv_size": [0, 2]},
								"west": {"uv": [31, 51], "uv_size": [1.125, 2]},
								"up": {"uv": [0, 0], "uv_size": [0, 1.125]},
								"down": {"uv": [0, 1.125], "uv_size": [0, -1.125]}
							}
						},
						{
							"origin": [-2.70023, 30.22501, -5.7752],
							"size": [0, 3.36186, 2.46186],
							"pivot": [-3.60023, 31.45594, -2.74427],
							"rotation": [-67.36356, 30.59431, -163.08737],
							"uv": {
								"north": {"uv": [0, 0], "uv_size": [0, 3.375]},
								"east": {"uv": [8, 43], "uv_size": [2.5, 3.375]},
								"south": {"uv": [0, 0], "uv_size": [0, 3.375]},
								"west": {"uv": [43, 9], "uv_size": [2.5, 3.375]},
								"up": {"uv": [0, 0], "uv_size": [0, 2.5]},
								"down": {"uv": [0, 2.5], "uv_size": [0, -2.5]}
							}
						},
						{
							"origin": [-1.71305, 29.27311, -6.00886],
							"size": [0, 3.36186, 1.56186],
							"pivot": [-3.51305, 30.50404, -2.97793],
							"rotation": [-82.60787, 36.65668, 170.7176],
							"uv": {
								"north": {"uv": [0, 0], "uv_size": [0, 3.375]},
								"east": {"uv": [8, 47], "uv_size": [1.5, 3.375]},
								"south": {"uv": [0, 0], "uv_size": [0, 3.375]},
								"west": {"uv": [14, 47], "uv_size": [1.5, 3.375]},
								"up": {"uv": [0, 0], "uv_size": [0, 1.5]},
								"down": {"uv": [0, 1.5], "uv_size": [0, -1.5]}
							}
						},
						{
							"origin": [-0.64847, 29.25602, -6.79706],
							"size": [0, 3.36186, 1.56186],
							"pivot": [-3.34847, 30.48695, -2.86613],
							"rotation": [-93.94206, 37.11304, 151.94202],
							"uv": {
								"north": {"uv": [0, 0], "uv_size": [0, 3.375]},
								"east": {"uv": [16, 47], "uv_size": [1.5, 3.375]},
								"south": {"uv": [0, 0], "uv_size": [0, 3.375]},
								"west": {"uv": [47, 16], "uv_size": [1.5, 3.375]},
								"up": {"uv": [0, 0], "uv_size": [0, 1.5]},
								"down": {"uv": [0, 1.5], "uv_size": [0, -1.5]}
							}
						},
						{
							"origin": [-3.63451, 26.29273, -4.81581],
							"size": [0, 4.26186, 6.06186],
							"pivot": [-3.82056, 27.03781, -3.92715],
							"rotation": [40.92867, 46.46614, -1.44216],
							"uv": {
								"north": {"uv": [0, 0], "uv_size": [0, 4.25]},
								"east": {"uv": [0, 28], "uv_size": [6, 4.25]},
								"south": {"uv": [0, 0], "uv_size": [0, 4.25]},
								"west": {"uv": [30, 5], "uv_size": [6, 4.25]},
								"up": {"uv": [0, 0], "uv_size": [0, 6]},
								"down": {"uv": [0, 6], "uv_size": [0, -6]}
							}
						},
						{
							"origin": [-6.84118, 28.20006, -4.86532],
							"size": [0, 0.7, 6.06186],
							"pivot": [-6.83945, 28.96384, -4.24867],
							"rotation": [45.32784, 48.25336, 1.13905],
							"uv": {
								"north": {"uv": [0, 0], "uv_size": [0, 0.75]},
								"east": {"uv": [47, 40], "uv_size": [6, 0.75]},
								"south": {"uv": [0, 0], "uv_size": [0, 0.75]},
								"west": {"uv": [47, 41], "uv_size": [6, 0.75]},
								"up": {"uv": [0, 0], "uv_size": [0, 6]},
								"down": {"uv": [0, 6], "uv_size": [0, -6]}
							}
						},
						{
							"origin": [-3.76481, 26.29331, -4.17527],
							"size": [0, 4.26186, 6.06186],
							"pivot": [-3.67643, 26.37934, -3.31703],
							"rotation": [15.07183, 46.83364, -35.39784],
							"uv": {
								"north": {"uv": [0, 0], "uv_size": [0, 4.25]},
								"east": {"uv": [27, 30], "uv_size": [6, 4.25]},
								"south": {"uv": [0, 0], "uv_size": [0, 4.25]},
								"west": {"uv": [6, 31], "uv_size": [6, 4.25]},
								"up": {"uv": [0, 0], "uv_size": [0, 6]},
								"down": {"uv": [0, 6], "uv_size": [0, -6]}
							}
						}
					]
				},
				{
					"name": "Mecha8",
					"parent": "Hair",
					"pivot": [-3.42541, 28.62034, 1.98939],
					"rotation": [0.93543, 36.81806, 49.98578],
					"cubes": [
						{
							"origin": [-1.17159, 25.83111, 1.00491],
							"size": [0, 3.36186, 2.46186],
							"pivot": [-3.87159, 27.06204, 0.43584],
							"rotation": [-55.16591, 14.55088, -132.26738],
							"uv": {
								"north": {"uv": [0, 0], "uv_size": [0, 3.375]},
								"east": {"uv": [43, 31], "uv_size": [2.5, 3.375]},
								"south": {"uv": [0, 0], "uv_size": [0, 3.375]},
								"west": {"uv": [39, 43], "uv_size": [2.5, 3.375]},
								"up": {"uv": [0, 0], "uv_size": [0, 2.5]},
								"down": {"uv": [0, 2.5], "uv_size": [0, -2.5]}
							}
						},
						{
							"origin": [-6.51209, 23.03903, -0.17487],
							"size": [0, 1.62, 3.36186],
							"pivot": [-5.89916, 25.86423, 1.91778],
							"rotation": [-58.57672, 21.40448, -143.26784],
							"uv": {
								"north": {"uv": [0, 0], "uv_size": [0, 1.625]},
								"east": {"uv": [46, 31], "uv_size": [3.375, 1.625]},
								"south": {"uv": [0, 0], "uv_size": [0, 1.625]},
								"west": {"uv": [46, 33], "uv_size": [3.375, 1.625]},
								"up": {"uv": [0, 0], "uv_size": [0, 3.375]},
								"down": {"uv": [0, 3.375], "uv_size": [0, -3.375]}
							}
						},
						{
							"origin": [-5.73492, 24.27032, 2.56199],
							"size": [0, 1.98, 1.56186],
							"pivot": [-5.12199, 27.19429, 2.85464],
							"rotation": [-53.20902, 7.2165, -121.95154],
							"uv": {
								"north": {"uv": [0, 0], "uv_size": [0, 2]},
								"east": {"uv": [50, 14], "uv_size": [1.5, 2]},
								"south": {"uv": [0, 0], "uv_size": [0, 2]},
								"west": {"uv": [24, 50], "uv_size": [1.5, 2]},
								"up": {"uv": [0, 0], "uv_size": [0, 1.5]},
								"down": {"uv": [0, 1.5], "uv_size": [0, -1.5]}
							}
						},
						{
							"origin": [-4.61438, 25.02777, 3.57457],
							"size": [0, 1.98, 1.17],
							"pivot": [-4.00145, 27.95174, 3.86723],
							"rotation": [-52.60768, -0.34131, -111.96985],
							"uv": {
								"north": {"uv": [0, 0], "uv_size": [0, 2]},
								"east": {"uv": [33, 51], "uv_size": [1.125, 2]},
								"south": {"uv": [0, 0], "uv_size": [0, 2]},
								"west": {"uv": [35, 51], "uv_size": [1.125, 2]},
								"up": {"uv": [0, 0], "uv_size": [0, 1.125]},
								"down": {"uv": [0, 1.125], "uv_size": [0, -1.125]}
							}
						},
						{
							"origin": [-3.65125, 28.44923, -2.31222],
							"size": [0, 3.36186, 2.46186],
							"pivot": [-4.55125, 29.68016, 0.71871],
							"rotation": [-67.36356, 30.59431, -163.08737],
							"uv": {
								"north": {"uv": [0, 0], "uv_size": [0, 3.375]},
								"east": {"uv": [42, 43], "uv_size": [2.5, 3.375]},
								"south": {"uv": [0, 0], "uv_size": [0, 3.375]},
								"west": {"uv": [19, 44], "uv_size": [2.5, 3.375]},
								"up": {"uv": [0, 0], "uv_size": [0, 2.5]},
								"down": {"uv": [0, 2.5], "uv_size": [0, -2.5]}
							}
						},
						{
							"origin": [-2.66407, 27.49733, -2.54588],
							"size": [0, 3.36186, 1.56186],
							"pivot": [-4.46407, 28.72826, 0.48505],
							"rotation": [-82.60787, 36.65668, 170.7176],
							"uv": {
								"north": {"uv": [0, 0], "uv_size": [0, 3.375]},
								"east": {"uv": [47, 20], "uv_size": [1.5, 3.375]},
								"south": {"uv": [0, 0], "uv_size": [0, 3.375]},
								"west": {"uv": [22, 47], "uv_size": [1.5, 3.375]},
								"up": {"uv": [0, 0], "uv_size": [0, 1.5]},
								"down": {"uv": [0, 1.5], "uv_size": [0, -1.5]}
							}
						},
						{
							"origin": [-1.59949, 27.48025, -3.33407],
							"size": [0, 3.36186, 1.56186],
							"pivot": [-4.29949, 28.71118, 0.59686],
							"rotation": [-93.94206, 37.11304, 151.94202],
							"uv": {
								"north": {"uv": [0, 0], "uv_size": [0, 3.375]},
								"east": {"uv": [33, 47], "uv_size": [1.5, 3.375]},
								"south": {"uv": [0, 0], "uv_size": [0, 3.375]},
								"west": {"uv": [35, 47], "uv_size": [1.5, 3.375]},
								"up": {"uv": [0, 0], "uv_size": [0, 1.5]},
								"down": {"uv": [0, 1.5], "uv_size": [0, -1.5]}
							}
						},
						{
							"origin": [-4.58553, 24.51695, -1.35282],
							"size": [0, 4.26186, 6.06186],
							"pivot": [-4.77159, 25.26204, -0.46416],
							"rotation": [40.92867, 46.46614, -1.44216],
							"uv": {
								"north": {"uv": [0, 0], "uv_size": [0, 4.25]},
								"east": {"uv": [31, 10], "uv_size": [6, 4.25]},
								"south": {"uv": [0, 0], "uv_size": [0, 4.25]},
								"west": {"uv": [12, 31], "uv_size": [6, 4.25]},
								"up": {"uv": [0, 0], "uv_size": [0, 6]},
								"down": {"uv": [0, 6], "uv_size": [0, -6]}
							}
						},
						{
							"origin": [-4.71583, 24.51754, -0.71229],
							"size": [0, 4.26186, 6.06186],
							"pivot": [-4.62745, 24.60356, 0.14596],
							"rotation": [15.07183, 46.83364, -35.39784],
							"uv": {
								"north": {"uv": [0, 0], "uv_size": [0, 4.25]},
								"east": {"uv": [18, 31], "uv_size": [6, 4.25]},
								"south": {"uv": [0, 0], "uv_size": [0, 4.25]},
								"west": {"uv": [0, 33], "uv_size": [6, 4.25]},
								"up": {"uv": [0, 0], "uv_size": [0, 6]},
								"down": {"uv": [0, 6], "uv_size": [0, -6]}
							}
						}
					]
				},
				{
					"name": "Mecha9",
					"parent": "Hair",
					"pivot": [3.47619, 30.51479, 2.85486],
					"rotation": [-21.72347, -62.9791, 49.29451],
					"cubes": [
						{
							"origin": [1.71571, 30.10713, 1.87882],
							"size": [0, 3.01559, 2.20829],
							"pivot": [4.13761, 32.01857, 1.36836],
							"rotation": [55.16591, -14.55088, -132.26738],
							"uv": {
								"north": {"uv": [0, 0], "uv_size": [0, 3]},
								"east": {"uv": [30, 35], "uv_size": [2.25, 3]},
								"south": {"uv": [0, 0], "uv_size": [0, 3]},
								"west": {"uv": [43, 13], "uv_size": [2.25, 3]},
								"up": {"uv": [0, 0], "uv_size": [0, 2.25]},
								"down": {"uv": [0, 2.25], "uv_size": [0, -2.25]}
							}
						},
						{
							"origin": [6.50614, 34.17406, 0.82056],
							"size": [0, 1.45314, 3.01559],
							"pivot": [5.95634, 33.093, 2.69767],
							"rotation": [58.57672, -21.40448, -143.26784],
							"uv": {
								"north": {"uv": [0, 0], "uv_size": [0, 1.5]},
								"east": {"uv": [47, 46], "uv_size": [3, 1.5]},
								"south": {"uv": [0, 0], "uv_size": [0, 1.5]},
								"west": {"uv": [48, 0], "uv_size": [3, 1.5]},
								"up": {"uv": [0, 0], "uv_size": [0, 3]},
								"down": {"uv": [0, 3], "uv_size": [0, -3]}
							}
						},
						{
							"origin": [5.80902, 32.74668, 3.27552],
							"size": [0, 1.77606, 1.40099],
							"pivot": [5.25922, 31.89994, 3.53803],
							"rotation": [53.20902, -7.2165, -121.95154],
							"uv": {
								"north": {"uv": [0, 0], "uv_size": [0, 1.75]},
								"east": {"uv": [37, 50], "uv_size": [1.375, 1.75]},
								"south": {"uv": [0, 0], "uv_size": [0, 1.75]},
								"west": {"uv": [0, 51], "uv_size": [1.375, 1.75]},
								"up": {"uv": [0, 0], "uv_size": [0, 1.375]},
								"down": {"uv": [0, 1.375], "uv_size": [0, -1.375]}
							}
						},
						{
							"origin": [4.8039, 32.06725, 4.18381],
							"size": [0, 1.77606, 1.04949],
							"pivot": [4.2541, 31.2205, 4.44632],
							"rotation": [52.60768, 0.34131, -111.96985],
							"uv": {
								"north": {"uv": [0, 0], "uv_size": [0, 1.75]},
								"east": {"uv": [6, 24], "uv_size": [1, 1.75]},
								"south": {"uv": [0, 0], "uv_size": [0, 1.75]},
								"west": {"uv": [30, 10], "uv_size": [1, 1.75]},
								"up": {"uv": [0, 0], "uv_size": [0, 1]},
								"down": {"uv": [0, 1], "uv_size": [0, -1]}
							}
						},
						{
							"origin": [3.93997, 27.75867, -1.09664],
							"size": [0, 3.01559, 2.20829],
							"pivot": [4.74727, 29.67012, 1.6221],
							"rotation": [67.36356, -30.59431, -163.08737],
							"uv": {
								"north": {"uv": [0, 0], "uv_size": [0, 3]},
								"east": {"uv": [22, 44], "uv_size": [2.25, 3]},
								"south": {"uv": [0, 0], "uv_size": [0, 3]},
								"west": {"uv": [44, 22], "uv_size": [2.25, 3]},
								"up": {"uv": [0, 0], "uv_size": [0, 2.25]},
								"down": {"uv": [0, 2.25], "uv_size": [0, -2.25]}
							}
						},
						{
							"origin": [3.05447, 28.61252, -1.30623],
							"size": [0, 3.01559, 1.40099],
							"pivot": [4.66907, 30.52397, 1.41251],
							"rotation": [82.60787, -36.65668, 170.7176],
							"uv": {
								"north": {"uv": [0, 0], "uv_size": [0, 3]},
								"east": {"uv": [0, 48], "uv_size": [1.375, 3]},
								"south": {"uv": [0, 0], "uv_size": [0, 3]},
								"west": {"uv": [48, 2], "uv_size": [1.375, 3]},
								"up": {"uv": [0, 0], "uv_size": [0, 1.375]},
								"down": {"uv": [0, 1.375], "uv_size": [0, -1.375]}
							}
						},
						{
							"origin": [2.09954, 28.62785, -2.01324],
							"size": [0, 3.01559, 1.40099],
							"pivot": [4.52144, 30.53929, 1.5128],
							"rotation": [93.94206, -37.11304, 151.94202],
							"uv": {
								"north": {"uv": [0, 0], "uv_size": [0, 3]},
								"east": {"uv": [48, 5], "uv_size": [1.375, 3]},
								"south": {"uv": [0, 0], "uv_size": [0, 3]},
								"west": {"uv": [18, 48], "uv_size": [1.375, 3]},
								"up": {"uv": [0, 0], "uv_size": [0, 1.375]},
								"down": {"uv": [0, 1.375], "uv_size": [0, -1.375]}
							}
						},
						{
							"origin": [4.77802, 30.47862, -0.23606],
							"size": [0, 3.82289, 5.43749],
							"pivot": [4.94491, 33.63317, 0.56106],
							"rotation": [-40.92867, -46.46614, -1.44216],
							"uv": {
								"north": {"uv": [0, 0], "uv_size": [0, 3.875]},
								"east": {"uv": [33, 30], "uv_size": [5.375, 3.875]},
								"south": {"uv": [0, 0], "uv_size": [0, 3.875]},
								"west": {"uv": [34, 23], "uv_size": [5.375, 3.875]},
								"up": {"uv": [0, 0], "uv_size": [0, 5.375]},
								"down": {"uv": [0, 5.375], "uv_size": [0, -5.375]}
							}
						},
						{
							"origin": [4.8949, 30.4781, 0.3385],
							"size": [0, 3.82289, 5.43749],
							"pivot": [4.81562, 34.22382, 1.10835],
							"rotation": [-15.07183, -46.83364, -35.39784],
							"uv": {
								"north": {"uv": [0, 0], "uv_size": [0, 3.875]},
								"east": {"uv": [33, 34], "uv_size": [5.375, 3.875]},
								"south": {"uv": [0, 0], "uv_size": [0, 3.875]},
								"west": {"uv": [24, 35], "uv_size": [5.375, 3.875]},
								"up": {"uv": [0, 0], "uv_size": [0, 5.375]},
								"down": {"uv": [0, 5.375], "uv_size": [0, -5.375]}
							}
						}
					]
				},
				{
					"name": "Mecha10",
					"parent": "Hair",
					"pivot": [3.47619, 31.51479, 0.85486],
					"rotation": [148.16801, 41.0875, -83.6671],
					"cubes": [
						{
							"origin": [1.99762, 31.32962, -0.1806],
							"size": [0, 2.66457, 1.95124],
							"pivot": [4.13761, 33.01857, -0.63164],
							"rotation": [55.16591, -14.55088, -132.26738],
							"uv": {
								"north": {"uv": [0, 0], "uv_size": [0, 2.625]},
								"east": {"uv": [45, 46], "uv_size": [2, 2.625]},
								"south": {"uv": [0, 0], "uv_size": [0, 2.625]},
								"west": {"uv": [2, 47], "uv_size": [2, 2.625]},
								"up": {"uv": [0, 0], "uv_size": [0, 2]},
								"down": {"uv": [0, 2], "uv_size": [0, -2]}
							}
						},
						{
							"origin": [5.29045, 34.85909, -1.11568],
							"size": [0, 1.28399, 2.66457],
							"pivot": [5.74464, 33.96794, 0.54294],
							"rotation": [58.57672, -21.40448, -143.26784],
							"uv": {
								"north": {"uv": [0, 0], "uv_size": [0, 1.25]},
								"east": {"uv": [49, 22], "uv_size": [2.625, 1.25]},
								"south": {"uv": [0, 0], "uv_size": [0, 1.25]},
								"west": {"uv": [4, 50], "uv_size": [2.625, 1.25]},
								"up": {"uv": [0, 0], "uv_size": [0, 2.625]},
								"down": {"uv": [0, 2.625], "uv_size": [0, -2.625]}
							}
						},
						{
							"origin": [4.92646, 33.94812, 0.89059],
							"size": [0, 1.56933, 1.23791],
							"pivot": [5.38066, 33.19993, 1.12254],
							"rotation": [53.20902, -7.2165, -121.95154],
							"uv": {
								"north": {"uv": [0, 0], "uv_size": [0, 1.625]},
								"east": {"uv": [41, 51], "uv_size": [1.25, 1.625]},
								"south": {"uv": [0, 0], "uv_size": [0, 1.625]},
								"west": {"uv": [43, 51], "uv_size": [1.25, 1.625]},
								"up": {"uv": [0, 0], "uv_size": [0, 1.25]},
								"down": {"uv": [0, 1.25], "uv_size": [0, -1.25]}
							}
						},
						{
							"origin": [4.18029, 33.42829, 1.56938],
							"size": [0, 1.56933, 0.92733],
							"pivot": [4.63448, 32.6801, 1.80133],
							"rotation": [52.60768, 0.34131, -111.96985],
							"uv": {
								"north": {"uv": [0, 0], "uv_size": [0, 1.625]},
								"east": {"uv": [19, 39], "uv_size": [0.875, 1.625]},
								"south": {"uv": [0, 0], "uv_size": [0, 1.625]},
								"west": {"uv": [39, 41], "uv_size": [0.875, 1.625]},
								"up": {"uv": [0, 0], "uv_size": [0, 0.875]},
								"down": {"uv": [0, 0.875], "uv_size": [0, -0.875]}
							}
						},
						{
							"origin": [3.96298, 29.25452, -2.80971],
							"size": [0, 2.66457, 1.95124],
							"pivot": [4.67631, 30.94348, -0.40743],
							"rotation": [67.36356, -30.59431, -163.08737],
							"uv": {
								"north": {"uv": [0, 0], "uv_size": [0, 2.625]},
								"east": {"uv": [4, 47], "uv_size": [2, 2.625]},
								"south": {"uv": [0, 0], "uv_size": [0, 2.625]},
								"west": {"uv": [6, 47], "uv_size": [2, 2.625]},
								"up": {"uv": [0, 0], "uv_size": [0, 2]},
								"down": {"uv": [0, 2], "uv_size": [0, -2]}
							}
						},
						{
							"origin": [3.18055, 30.00899, -2.99491],
							"size": [0, 2.66457, 1.23791],
							"pivot": [4.60721, 31.69794, -0.59263],
							"rotation": [82.60787, -36.65668, 170.7176],
							"uv": {
								"north": {"uv": [0, 0], "uv_size": [0, 2.625]},
								"east": {"uv": [50, 5], "uv_size": [1.25, 2.625]},
								"south": {"uv": [0, 0], "uv_size": [0, 2.625]},
								"west": {"uv": [50, 11], "uv_size": [1.25, 2.625]},
								"up": {"uv": [0, 0], "uv_size": [0, 1.25]},
								"down": {"uv": [0, 1.25], "uv_size": [0, -1.25]}
							}
						},
						{
							"origin": [4.70348, 31.65787, -2.0493],
							"size": [0, 2.4379, 4.80456],
							"pivot": [4.85094, 34.44523, -1.34497],
							"rotation": [-40.92867, -46.46614, -1.44216],
							"uv": {
								"north": {"uv": [0, 0], "uv_size": [0, 2.5]},
								"east": {"uv": [38, 13], "uv_size": [4.75, 2.5]},
								"south": {"uv": [0, 0], "uv_size": [0, 2.5]},
								"west": {"uv": [30, 38], "uv_size": [4.75, 2.5]},
								"up": {"uv": [0, 0], "uv_size": [0, 4.75]},
								"down": {"uv": [0, 4.75], "uv_size": [0, -4.75]}
							}
						},
						{
							"origin": [4.80675, 31.65741, -1.54163],
							"size": [0, 2.4379, 4.80456],
							"pivot": [4.7367, 34.96713, -0.86139],
							"rotation": [-15.07183, -46.83364, -35.39784],
							"uv": {
								"north": {"uv": [0, 0], "uv_size": [0, 2.5]},
								"east": {"uv": [35, 38], "uv_size": [4.75, 2.5]},
								"south": {"uv": [0, 0], "uv_size": [0, 2.5]},
								"west": {"uv": [14, 39], "uv_size": [4.75, 2.5]},
								"up": {"uv": [0, 0], "uv_size": [0, 4.75]},
								"down": {"uv": [0, 4.75], "uv_size": [0, -4.75]}
							}
						}
					]
				},
				{
					"name": "Mecha11",
					"parent": "Hair",
					"pivot": [2.47619, 26.51479, 2.85486],
					"rotation": [-160.78927, 45.81664, -21.19734],
					"cubes": [
						{
							"origin": [0.86103, 26.22181, 1.84819],
							"size": [0, 2.83465, 2.07579],
							"pivot": [3.13761, 28.01857, 1.36836],
							"rotation": [55.16591, -14.55088, -132.26738],
							"uv": {
								"north": {"uv": [0, 0], "uv_size": [0, 2.875]},
								"east": {"uv": [33, 44], "uv_size": [2.125, 2.875]},
								"south": {"uv": [0, 0], "uv_size": [0, 2.875]},
								"west": {"uv": [36, 44], "uv_size": [2.125, 2.875]},
								"up": {"uv": [0, 0], "uv_size": [0, 2.125]},
								"down": {"uv": [0, 2.125], "uv_size": [0, -2.125]}
							}
						},
						{
							"origin": [3.80834, 29.30354, 0.22492],
							"size": [0, 1.36595, 2.83465],
							"pivot": [4.36516, 29.6528, 0.8816],
							"rotation": [58.57672, -21.40448, -143.26784],
							"uv": {
								"north": {"uv": [0, 0], "uv_size": [0, 1.375]},
								"east": {"uv": [24, 48], "uv_size": [2.875, 1.375]},
								"south": {"uv": [0, 0], "uv_size": [0, 1.375]},
								"west": {"uv": [48, 25], "uv_size": [2.875, 1.375]},
								"up": {"uv": [0, 0], "uv_size": [0, 2.875]},
								"down": {"uv": [0, 2.875], "uv_size": [0, -2.875]}
							}
						},
						{
							"origin": [3.97682, 29.00745, 2.98775],
							"size": [0, 1.6695, 1.31693],
							"pivot": [4.46, 28.21151, 3.23451],
							"rotation": [53.20902, -7.2165, -121.95154],
							"uv": {
								"north": {"uv": [0, 0], "uv_size": [0, 1.625]},
								"east": {"uv": [51, 35], "uv_size": [1.375, 1.625]},
								"south": {"uv": [0, 0], "uv_size": [0, 1.625]},
								"west": {"uv": [39, 51], "uv_size": [1.375, 1.625]},
								"up": {"uv": [0, 0], "uv_size": [0, 1.375]},
								"down": {"uv": [0, 1.375], "uv_size": [0, -1.375]}
							}
						},
						{
							"origin": [3.18301, 28.45444, 3.70987],
							"size": [0, 1.6695, 0.98652],
							"pivot": [3.6662, 27.6585, 3.95663],
							"rotation": [52.60768, 0.34131, -111.96985],
							"uv": {
								"north": {"uv": [0, 0], "uv_size": [0, 1.625]},
								"east": {"uv": [33, 23], "uv_size": [1, 1.625]},
								"south": {"uv": [0, 0], "uv_size": [0, 1.625]},
								"west": {"uv": [37, 13], "uv_size": [1, 1.625]},
								"up": {"uv": [0, 0], "uv_size": [0, 1]},
								"down": {"uv": [0, 1], "uv_size": [0, -1]}
							}
						},
						{
							"origin": [2.95183, 24.01426, -0.94874],
							"size": [0, 2.83465, 2.07579],
							"pivot": [3.71069, 25.81102, 1.60688],
							"rotation": [67.36356, -30.59431, -163.08737],
							"uv": {
								"north": {"uv": [0, 0], "uv_size": [0, 2.875]},
								"east": {"uv": [44, 37], "uv_size": [2.125, 2.875]},
								"south": {"uv": [0, 0], "uv_size": [0, 2.875]},
								"west": {"uv": [44, 40], "uv_size": [2.125, 2.875]},
								"up": {"uv": [0, 0], "uv_size": [0, 2.125]},
								"down": {"uv": [0, 2.125], "uv_size": [0, -2.125]}
							}
						},
						{
							"origin": [3.7396, 26.57102, -0.13979],
							"size": [0, 2.59352, 5.11124],
							"pivot": [3.89647, 29.53629, 0.6095],
							"rotation": [-40.92867, -46.46614, -1.44216],
							"uv": {
								"north": {"uv": [0, 0], "uv_size": [0, 2.625]},
								"east": {"uv": [14, 36], "uv_size": [5.125, 2.625]},
								"south": {"uv": [0, 0], "uv_size": [0, 2.625]},
								"west": {"uv": [36, 17], "uv_size": [5.125, 2.625]},
								"up": {"uv": [0, 0], "uv_size": [0, 5.125]},
								"down": {"uv": [0, 5.125], "uv_size": [0, -5.125]}
							}
						},
						{
							"origin": [3.84946, 26.57053, 0.40029],
							"size": [0, 2.59352, 5.11124],
							"pivot": [3.77494, 30.09151, 1.12395],
							"rotation": [-15.07183, -46.83364, -35.39784],
							"uv": {
								"north": {"uv": [0, 0], "uv_size": [0, 2.625]},
								"east": {"uv": [36, 20], "uv_size": [5.125, 2.625]},
								"south": {"uv": [0, 0], "uv_size": [0, 2.625]},
								"west": {"uv": [37, 10], "uv_size": [5.125, 2.625]},
								"up": {"uv": [0, 0], "uv_size": [0, 5.125]},
								"down": {"uv": [0, 5.125], "uv_size": [0, -5.125]}
							}
						}
					]
				}
			]
		}
	]
}