{
	"format_version": "1.12.0",
	"minecraft:geometry": [
		{
			"description": {
				"identifier": "geometry.lord_arcosian_armor",
				"texture_width": 64,
				"texture_height": 64,
				"visible_bounds_width": 3,
				"visible_bounds_height": 4.5,
				"visible_bounds_offset": [0, 1.75, 0]
			},
			"bones": [
				{
					"name": "root",
					"pivot": [0, 12.72, 0]
				},
				{
					"name": "waist",
					"parent": "root",
					"pivot": [0, 13, 0]
				},
				{
					"name": "body",
					"parent": "waist",
					"pivot": [0, 24.60557, 0],
					"cubes": [
						{
							"origin": [-4.26005, 15.98411, -2.13002],
							"size": [8.52009, 2.00013, 4.26005],
							"inflate": 0.1,
							"uv": {
								"north": {"uv": [23, 10], "uv_size": [8.5, 2]},
								"east": {"uv": [14, 22], "uv_size": [4.25, 2]},
								"south": {"uv": [23, 12], "uv_size": [8.5, 2]},
								"west": {"uv": [0, 29], "uv_size": [4.25, 2]},
								"up": {"uv": [9, 10], "uv_size": [8.5, 4.25]},
								"down": {"uv": [0, 18.25], "uv_size": [8.5, -4.25]}
							}
						}
					]
				},
				{
					"name": "Roupa",
					"parent": "body",
					"pivot": [0, 21.01726, 0],
					"cubes": [
						{
							"origin": [-4.429, 18, -2.4],
							"size": [8.858, 6.6435, 4.6],
							"inflate": 0.1,
							"uv": {
								"north": {"uv": [0, 0], "uv_size": [8.875, 6.625]},
								"east": {"uv": [18, 0], "uv_size": [4.625, 6.625]},
								"south": {"uv": [0, 7], "uv_size": [8.875, 6.625]},
								"west": {"uv": [18, 7], "uv_size": [4.625, 6.625]},
								"up": {"uv": [9, 0], "uv_size": [8.875, 4.625]},
								"down": {"uv": [9, 9.625], "uv_size": [8.875, -4.625]}
							}
						},
						{
							"origin": [-10.487, 22, -2.4],
							"size": [5.858, 2.6435, 4.6],
							"inflate": 0.1,
							"uv": {
								"north": {"uv": [20, 24], "uv_size": [5.875, 2.625]},
								"east": {"uv": [26, 23], "uv_size": [4.625, 2.625]},
								"south": {"uv": [26, 14], "uv_size": [5.875, 2.625]},
								"west": {"uv": [26, 26], "uv_size": [4.625, 2.625]},
								"up": {"uv": [23, 0], "uv_size": [5.875, 4.625]},
								"down": {"uv": [23, 9.625], "uv_size": [5.875, -4.625]}
							}
						},
						{
							"origin": [4.629, 22, -2.4],
							"size": [5.858, 2.6435, 4.6],
							"inflate": 0.1,
							"uv": {
								"north": {"uv": [26, 17], "uv_size": [5.875, 2.625]},
								"east": {"uv": [6, 27], "uv_size": [4.625, 2.625]},
								"south": {"uv": [26, 20], "uv_size": [5.875, 2.625]},
								"west": {"uv": [20, 27], "uv_size": [4.625, 2.625]},
								"up": {"uv": [0, 24], "uv_size": [5.875, 4.625]},
								"down": {"uv": [14, 28.625], "uv_size": [5.875, -4.625]}
							}
						}
					]
				},
				{
					"name": "rightarm",
					"parent": "body",
					"pivot": [-5.12616, 22.5551, 0]
				},
				{
					"name": "rightArmClothe",
					"parent": "rightarm",
					"pivot": [-6, 22, 0]
				},
				{
					"name": "leftarm",
					"parent": "body",
					"pivot": [5.12616, 22.5551, 0]
				},
				{
					"name": "leftArmClothe",
					"parent": "leftarm",
					"pivot": [6, 22, 0]
				}
			]
		}
	]
}