{
	"format_version": "1.12.0",
	"minecraft:geometry": [
		{
			"description": {
				"identifier": "geometry.mirai_trunks_camisa",
				"texture_width": 64,
				"texture_height": 64,
				"visible_bounds_width": 3,
				"visible_bounds_height": 4.5,
				"visible_bounds_offset": [0, 1.75, 0]
			},
			"bones": [
				{
					"name": "root",
					"pivot": [0, 12.72, 0]
				},
				{
					"name": "waist",
					"parent": "root",
					"pivot": [0, 13, 0]
				},
				{
					"name": "body",
					"parent": "waist",
					"pivot": [0, 24.60557, 0],
					"cubes": [
						{
							"origin": [-4.26005, 15.98411, -2.13002],
							"size": [8.52009, 2.00013, 4.26005],
							"uv": {
								"north": {"uv": [29, 20], "uv_size": [8.5, 2]},
								"east": {"uv": [33, 5], "uv_size": [4.25, 2]},
								"south": {"uv": [30, 27], "uv_size": [8.5, 2]},
								"west": {"uv": [6, 33], "uv_size": [4.25, 2]},
								"up": {"uv": [24, 0], "uv_size": [8.5, 4.25]},
								"down": {"uv": [24, 9.25], "uv_size": [8.5, -4.25]}
							}
						}
					]
				},
				{
					"name": "Roupa",
					"parent": "body",
					"pivot": [0, 21.01726, 0],
					"cubes": [
						{
							"origin": [-4.429, 18, -2.4],
							"size": [8.858, 6.6435, 4.6],
							"uv": {
								"north": {"uv": [0, 0], "uv_size": [8.875, 6.625]},
								"east": {"uv": [24, 10], "uv_size": [4.625, 6.625]},
								"south": {"uv": [0, 7], "uv_size": [8.875, 6.625]},
								"west": {"uv": [0, 25], "uv_size": [4.625, 6.625]},
								"up": {"uv": [10, 22], "uv_size": [8.875, 4.625]},
								"down": {"uv": [19, 26.625], "uv_size": [8.875, -4.625]}
							}
						},
						{
							"origin": [4.02965, 19.67651, -2.216],
							"size": [1.98936, 5.11202, 4.4],
							"pivot": [5.25014, 24.80054, -0.1],
							"rotation": [0, 0, 15],
							"uv": {
								"north": {"uv": [5, 14], "uv_size": [2, 5.125]},
								"east": {"uv": [10, 27], "uv_size": [4.375, 5.125]},
								"south": {"uv": [7, 14], "uv_size": [2, 5.125]},
								"west": {"uv": [15, 27], "uv_size": [4.375, 5.125]},
								"up": {"uv": [2, 32], "uv_size": [2, 4.375]},
								"down": {"uv": [32, 33.375], "uv_size": [2, -4.375]}
							}
						},
						{
							"origin": [-6.01901, 19.67651, -2.216],
							"size": [1.98936, 5.11202, 4.4],
							"pivot": [-5.25014, 24.80054, -0.1],
							"rotation": [0, 0, -15],
							"uv": {
								"north": {"uv": [30, 29], "uv_size": [2, 5.125]},
								"east": {"uv": [20, 27], "uv_size": [4.375, 5.125]},
								"south": {"uv": [0, 32], "uv_size": [2, 5.125]},
								"west": {"uv": [25, 27], "uv_size": [4.375, 5.125]},
								"up": {"uv": [33, 0], "uv_size": [2, 4.375]},
								"down": {"uv": [4, 37.375], "uv_size": [2, -4.375]}
							}
						}
					]
				},
				{
					"name": "rightarm",
					"parent": "body",
					"pivot": [-5.12616, 22.5551, 0],
					"cubes": [
						{
							"origin": [-8.20186, 14.30278, -2.05046],
							"size": [4.10093, 10.30278, 4.10093],
							"inflate": 0.1,
							"uv": {
								"north": {"uv": [14, 11], "uv_size": [4.125, 10.25]},
								"east": {"uv": [19, 0], "uv_size": [4.125, 10.25]},
								"south": {"uv": [19, 11], "uv_size": [4.125, 10.25]},
								"west": {"uv": [5, 22], "uv_size": [4.125, 10.25]},
								"up": {"uv": [29, 10], "uv_size": [4.125, 4.125]},
								"down": {"uv": [29, 19.125], "uv_size": [4.125, -4.125]}
							}
						}
					]
				},
				{
					"name": "rightArmClothe",
					"parent": "rightarm",
					"pivot": [-6, 22, 0]
				},
				{
					"name": "leftarm",
					"parent": "body",
					"pivot": [5.12616, 22.5551, 0],
					"cubes": [
						{
							"origin": [4.10093, 14.30278, -2.05046],
							"size": [4.10093, 10.30278, 4.10093],
							"inflate": 0.1,
							"uv": {
								"north": {"uv": [9, 0], "uv_size": [4.125, 10.25]},
								"east": {"uv": [9, 11], "uv_size": [4.125, 10.25]},
								"south": {"uv": [0, 14], "uv_size": [4.125, 10.25]},
								"west": {"uv": [14, 0], "uv_size": [4.125, 10.25]},
								"up": {"uv": [24, 17], "uv_size": [4.125, 4.125]},
								"down": {"uv": [28, 26.125], "uv_size": [4.125, -4.125]}
							}
						}
					]
				},
				{
					"name": "leftArmClothe",
					"parent": "leftarm",
					"pivot": [6, 22, 0]
				}
			]
		}
	]
}