{
	"format_version": "1.12.0",
	"minecraft:geometry": [
		{
			"description": {
				"identifier": "geometry.mp",
				"texture_width": 64,
				"texture_height": 64,
				"visible_bounds_width": 2,
				"visible_bounds_height": 3,
				"visible_bounds_offset": [0, 1.5, 0]
			},
			"bones": [
				{
					"name": "root",
					"pivot": [0, 0, 0]
				},
				{
					"name": "sound",
					"parent": "root",
					"pivot": [0, 0, 0],
					"locators": {
						"sound": [0, 0, 0]
					}
				},
				{
					"name": "waist",
					"parent": "root",
					"pivot": [0, 12, 0]
				},
				{
					"name": "body",
					"parent": "waist",
					"pivot": [0, 24, 0],
					"cubes": [
						{
							"origin": [-4, 12, -2],
							"size": [8, 12, 4],
							"uv": {
								"north": {"uv": [1.5, 1.5], "uv_size": [8, 12]},
								"east": {"uv": [8, 20], "uv_size": [4, 12]},
								"south": {"uv": [8, 0], "uv_size": [8, 12]},
								"west": {"uv": [12, 20], "uv_size": [4, 12]},
								"up": {"uv": [36, 12], "uv_size": [8, 4]},
								"down": {"uv": [16, 40], "uv_size": [8, -4]}
							}
						}
					]
				},
				{
					"name": "head",
					"parent": "body",
					"pivot": [0, 24, 0],
					"cubes": [
						{
							"origin": [-4, 24, -4],
							"size": [8, 8, 8],
							"uv": {
								"north": {"uv": [0, 12], "uv_size": [8, 8]},
								"east": {"uv": [8, 12], "uv_size": [8, 8]},
								"south": {"uv": [16, 0], "uv_size": [8, 8]},
								"west": {"uv": [16, 8], "uv_size": [8, 8]},
								"up": {"uv": [16, 16], "uv_size": [8, 8]},
								"down": {"uv": [0, 28], "uv_size": [8, -8]}
							}
						}
					]
				},
				{
					"name": "hat",
					"parent": "head",
					"pivot": [0, 24, 0]
				},
				{
					"name": "cape",
					"parent": "body",
					"pivot": [0, 24, 3]
				},
				{
					"name": "leftArm",
					"parent": "body",
					"pivot": [5, 22, 0],
					"cubes": [
						{
							"origin": [4, 12, -2],
							"size": [4, 12, 4],
							"uv": {
								"north": {"uv": [24, 0], "uv_size": [4, 12]},
								"east": {"uv": [24, 12], "uv_size": [4, 12]},
								"south": {"uv": [16, 24], "uv_size": [4, 12]},
								"west": {"uv": [20, 24], "uv_size": [4, 12]},
								"up": {"uv": [36, 16], "uv_size": [4, 4]},
								"down": {"uv": [36, 24], "uv_size": [4, -4]}
							}
						}
					]
				},
				{
					"name": "leftSleeve",
					"parent": "leftArm",
					"pivot": [6, 12, 0]
				},
				{
					"name": "leftItem",
					"parent": "leftArm",
					"pivot": [6, 15, 1]
				},
				{
					"name": "rightArm",
					"parent": "body",
					"pivot": [-5, 22, 0],
					"cubes": [
						{
							"origin": [-8, 12, -2],
							"size": [4, 12, 4],
							"uv": {
								"north": {"uv": [24, 24], "uv_size": [4, 12]},
								"east": {"uv": [0, 28], "uv_size": [4, 12]},
								"south": {"uv": [28, 0], "uv_size": [4, 12]},
								"west": {"uv": [4, 28], "uv_size": [4, 12]},
								"up": {"uv": [24, 36], "uv_size": [4, 4]},
								"down": {"uv": [36, 28], "uv_size": [4, -4]}
							}
						},
						{
							"origin": [-6, 13, -3],
							"size": [1, 1, 6],
							"inflate": 0.2,
							"uv": {
								"north": {"uv": [5, 40], "uv_size": [1, 1]},
								"east": {"uv": [40, 3], "uv_size": [6, 1]},
								"south": {"uv": [40, 5], "uv_size": [1, 1]},
								"west": {"uv": [40, 4], "uv_size": [6, 1]},
								"up": {"uv": [3, 40], "uv_size": [1, 6]},
								"down": {"uv": [4, 46], "uv_size": [1, -6]}
							}
						},
						{
							"origin": [-6, 13, -3],
							"size": [1, 1, 0],
							"inflate": 0.5,
							"uv": {
								"north": {"uv": [6, 40], "uv_size": [1, 1]},
								"east": {"uv": [0, 1.5], "uv_size": [0.5, 1]},
								"south": {"uv": [40, 6], "uv_size": [1, 1]},
								"west": {"uv": [0, 1.5], "uv_size": [0.5, 1]},
								"up": {"uv": [2, 0.5], "uv_size": [1, -0.5]},
								"down": {"uv": [2, 0.5], "uv_size": [1, -0.5]}
							}
						},
						{
							"origin": [-7, 12, -6],
							"size": [3, 3, 3],
							"pivot": [-5.5, 13.5, -4.5],
							"rotation": [0, 0, 0],
							"uv": {
								"north": {"uv": [36, 36], "uv_size": [3, 3]},
								"east": {"uv": [36, 39], "uv_size": [3, 3]},
								"south": {"uv": [39, 36], "uv_size": [3, 3]},
								"west": {"uv": [39, 39], "uv_size": [3, 3]},
								"up": {"uv": [0, 40], "uv_size": [3, 3]},
								"down": {"uv": [40, 3], "uv_size": [3, -3]}
							}
						}
					]
				},
				{
					"name": "rightSleeve",
					"parent": "rightArm",
					"pivot": [-6, 12, 0]
				},
				{
					"name": "rightItem",
					"parent": "rightArm",
					"pivot": [-6, 15, 1],
					"locators": {
						"lead_hold": [-6, 15, 1]
					}
				},
				{
					"name": "jacket",
					"parent": "body",
					"pivot": [0, 24, 0]
				},
				{
					"name": "leftLeg",
					"parent": "root",
					"pivot": [1.9, 12, 0],
					"cubes": [
						{
							"origin": [-0.1, 0, -2],
							"size": [4, 12, 4],
							"uv": {
								"north": {"uv": [28, 12], "uv_size": [4, 12]},
								"east": {"uv": [28, 24], "uv_size": [4, 12]},
								"south": {"uv": [32, 0], "uv_size": [4, 12]},
								"west": {"uv": [8, 32], "uv_size": [4, 12]},
								"up": {"uv": [28, 36], "uv_size": [4, 4]},
								"down": {"uv": [36, 32], "uv_size": [4, -4]}
							}
						}
					]
				},
				{
					"name": "leftPants",
					"parent": "leftLeg",
					"pivot": [1.9, 12, 0]
				},
				{
					"name": "rightLeg",
					"parent": "root",
					"pivot": [-1.9, 12, 0],
					"cubes": [
						{
							"origin": [-3.9, 0, -2],
							"size": [4, 12, 4],
							"uv": {
								"north": {"uv": [12, 32], "uv_size": [4, 12]},
								"east": {"uv": [32, 12], "uv_size": [4, 12]},
								"south": {"uv": [32, 24], "uv_size": [4, 12]},
								"west": {"uv": [36, 0], "uv_size": [4, 12]},
								"up": {"uv": [32, 36], "uv_size": [4, 4]},
								"down": {"uv": [36, 36], "uv_size": [4, -4]}
							}
						}
					]
				},
				{
					"name": "rightPants",
					"parent": "rightLeg",
					"pivot": [-1.9, 12, 0]
				}
			]
		}
	]
}