{
	"format_version": "1.12.0",
	"minecraft:geometry": [
		{
			"description": {
				"identifier": "geometry.mvegeta_camisa",
				"texture_width": 64,
				"texture_height": 64,
				"visible_bounds_width": 3,
				"visible_bounds_height": 4.5,
				"visible_bounds_offset": [0, 1.75, 0]
			},
			"bones": [
				{
					"name": "root",
					"pivot": [0, 12.72, 0]
				},
				{
					"name": "waist",
					"parent": "root",
					"pivot": [0, 13, 0]
				},
				{
					"name": "body",
					"parent": "waist",
					"pivot": [0, 24.60557, 0]
				},
				{
					"name": "Roupa",
					"parent": "body",
					"pivot": [0, 21.01726, 0],
					"cubes": [
						{
							"origin": [-4.10093, 12.30278, -2.05046],
							"size": [8.20186, 12.30278, 4.10093],
							"inflate": 0.1,
							"uv": {
								"north": {"uv": [0, 0], "uv_size": [8.25, 12.25]},
								"east": {"uv": [18, 14], "uv_size": [4.125, 12.25]},
								"south": {"uv": [9, 0], "uv_size": [8.25, 12.25]},
								"west": {"uv": [23, 14], "uv_size": [4.125, 12.25]},
								"up": {"uv": [42, 0], "uv_size": [8.25, 4.125]},
								"down": {"uv": [42, 9.125], "uv_size": [8.25, -4.125]}
							}
						}
					]
				},
				{
					"name": "rightarm",
					"parent": "body",
					"pivot": [-5.12616, 22.5551, 0],
					"cubes": [
						{
							"origin": [-8.20186, 12.30278, -2.05046],
							"size": [4.10093, 12.30278, 4.10093],
							"inflate": 0.1,
							"uv": {
								"north": {"uv": [0, 26], "uv_size": [4.125, 12.25]},
								"east": {"uv": [5, 26], "uv_size": [4.125, 12.25]},
								"south": {"uv": [10, 26], "uv_size": [4.125, 12.25]},
								"west": {"uv": [27, 0], "uv_size": [4.125, 12.25]},
								"up": {"uv": [40, 49], "uv_size": [4.125, 4.125]},
								"down": {"uv": [15, 54.125], "uv_size": [4.125, -4.125]}
							}
						}
					]
				},
				{
					"name": "rightArmClothe",
					"parent": "rightarm",
					"pivot": [-6, 22, 0]
				},
				{
					"name": "leftarm",
					"parent": "body",
					"pivot": [5.12616, 22.5551, 0],
					"cubes": [
						{
							"origin": [4.10093, 12.30278, -2.05046],
							"size": [4.10093, 12.30278, 4.10093],
							"inflate": 0.1,
							"uv": {
								"north": {"uv": [15, 27], "uv_size": [4.125, 12.25]},
								"east": {"uv": [20, 27], "uv_size": [4.125, 12.25]},
								"south": {"uv": [25, 27], "uv_size": [4.125, 12.25]},
								"west": {"uv": [28, 13], "uv_size": [4.125, 12.25]},
								"up": {"uv": [50, 40], "uv_size": [4.125, 4.125]},
								"down": {"uv": [50, 49.125], "uv_size": [4.125, -4.125]}
							}
						}
					]
				},
				{
					"name": "leftArmClothe",
					"parent": "leftarm",
					"pivot": [6, 22, 0]
				}
			]
		}
	]
}