{
	"format_version": "1.12.0",
	"minecraft:geometry": [
		{
			"description": {
				"identifier": "geometry.namek",
				"texture_width": 128,
				"texture_height": 128,
				"visible_bounds_width": 3,
				"visible_bounds_height": 3.5,
				"visible_bounds_offset": [0, 1.25, 0]
			},
			"bones": [
				{
					"name": "root",
					"pivot": [0, 12, 0]
				},
				{
					"name": "waist",
					"parent": "root",
					"pivot": [0, 23.6592, 0],
					"cubes": [
						{
							"origin": [-3.9432, 11.8296, -1.9716],
							"size": [7.8864, 11.8296, 3.9432],
							"uv": {
								"north": {"uv": [0, 0], "uv_size": [8, 11.75]},
								"east": {"uv": [14, 28], "uv_size": [4, 11.75]},
								"south": {"uv": [8, 0], "uv_size": [8, 11.75]},
								"west": {"uv": [18, 28], "uv_size": [4, 11.75]},
								"up": {"uv": [16, 49], "uv_size": [8, 4]},
								"down": {"uv": [49, 32], "uv_size": [8, -4]}
							}
						}
					]
				},
				{
					"name": "Roupa",
					"parent": "waist",
					"pivot": [0, 20.2089, 0]
				},
				{
					"name": "rightarm",
					"parent": "waist",
					"pivot": [-4.929, 21.6876, 0],
					"cubes": [
						{
							"origin": [-7.8864, 11.8296, -1.9716],
							"size": [3.9432, 11.8296, 3.9432],
							"uv": {
								"north": {"uv": [28, 21], "uv_size": [4, 11.75]},
								"east": {"uv": [22, 28], "uv_size": [4, 11.75]},
								"south": {"uv": [32, 14], "uv_size": [4, 11.75]},
								"west": {"uv": [32, 26], "uv_size": [4, 11.75]},
								"up": {"uv": [26, 45], "uv_size": [4, 4]},
								"down": {"uv": [30, 54], "uv_size": [4, -4]}
							}
						}
					],
					"locators": {
						"ki": [-6, 12, 0]
					}
				},
				{
					"name": "leftBiceps",
					"parent": "rightarm",
					"pivot": [-5.4219, 18.7302, -0.4929],
					"cubes": [
						{
							"origin": [-7.0189, 16.6403, -2.0899],
							"size": [3.19399, 4.17979, 3.19399],
							"uv": {
								"north": {"uv": [70, 66], "uv_size": [3.25, 4.25]},
								"east": {"uv": [10, 71], "uv_size": [3.25, 4.25]},
								"south": {"uv": [71, 14], "uv_size": [3.25, 4.25]},
								"west": {"uv": [40, 71], "uv_size": [3.25, 4.25]},
								"up": {"uv": [72, 34], "uv_size": [3.25, 3.25]},
								"down": {"uv": [73, 6.25], "uv_size": [3.25, -3.25]}
							}
						}
					]
				},
				{
					"name": "leftarm",
					"parent": "waist",
					"pivot": [4.929, 21.6876, 0],
					"cubes": [
						{
							"origin": [3.9432, 11.8296, -1.9716],
							"size": [3.9432, 11.8296, 3.9432],
							"uv": {
								"north": {"uv": [0, 33], "uv_size": [4, 11.75]},
								"east": {"uv": [33, 0], "uv_size": [4, 11.75]},
								"south": {"uv": [4, 33], "uv_size": [4, 11.75]},
								"west": {"uv": [8, 33], "uv_size": [4, 11.75]},
								"up": {"uv": [10, 67], "uv_size": [4, 4]},
								"down": {"uv": [67, 18], "uv_size": [4, -4]}
							}
						}
					],
					"locators": {
						"ki2": [6, 12, 0]
					}
				},
				{
					"name": "rightBiceps",
					"parent": "leftarm",
					"pivot": [5.4219, 18.7302, -0.4929],
					"cubes": [
						{
							"origin": [3.8249, 16.6403, -2.0899],
							"size": [3.19399, 4.17979, 3.19399],
							"uv": {
								"north": {"uv": [44, 71], "uv_size": [3.25, 4.25]},
								"east": {"uv": [48, 71], "uv_size": [3.25, 4.25]},
								"south": {"uv": [52, 71], "uv_size": [3.25, 4.25]},
								"west": {"uv": [71, 55], "uv_size": [3.25, 4.25]},
								"up": {"uv": [14, 73], "uv_size": [3.25, 3.25]},
								"down": {"uv": [18, 76.25], "uv_size": [3.25, -3.25]}
							}
						}
					]
				},
				{
					"name": "head",
					"parent": "waist",
					"pivot": [0, 24.16293, -0.02283],
					"cubes": [
						{
							"origin": [-3.52, 23.64293, -3.54283],
							"size": [7.04, 7.04, 7.04],
							"uv": {
								"north": {"uv": [18, 14], "uv_size": [7, 7]},
								"east": {"uv": [0, 19], "uv_size": [7, 7]},
								"south": {"uv": [7, 19], "uv_size": [7, 7]},
								"west": {"uv": [14, 21], "uv_size": [7, 7]},
								"up": {"uv": [21, 21], "uv_size": [7, 7]},
								"down": {"uv": [24, 7], "uv_size": [7, -7]}
							}
						},
						{
							"origin": [1.52, 26.64293, -10.54283],
							"size": [0, 4.04, 7.04],
							"pivot": [1.52, 28.66293, -3.02283],
							"rotation": [-23.9568, -32.61461, 13.46783],
							"uv": {
								"north": {"uv": [0, 93.5], "uv_size": [7, 7]},
								"east": {"uv": [0, 93.5], "uv_size": [7, 7]},
								"south": {"uv": [0, 93.5], "uv_size": [7, 7]},
								"west": {"uv": [0, 101.5], "uv_size": [7, 7]},
								"up": {"uv": [7, 100.5], "uv_size": [-7, -7]},
								"down": {"uv": [7, 100.5], "uv_size": [-7, -7]}
							}
						},
						{
							"origin": [-1.52, 26.64293, -10.54283],
							"size": [0, 4.04, 7.04],
							"pivot": [-1.52, 28.66293, -3.02283],
							"rotation": [-23.9568, 32.61461, -13.46783],
							"uv": {
								"north": {"uv": [7, 93.5], "uv_size": [-7, 7]},
								"east": {"uv": [7, 101.5], "uv_size": [-7, 7]},
								"south": {"uv": [7, 93.5], "uv_size": [-7, 7]},
								"west": {"uv": [7, 93.5], "uv_size": [-7, 7]},
								"up": {"uv": [0, 100.5], "uv_size": [7, -7]},
								"down": {"uv": [0, 100.5], "uv_size": [7, -7]}
							}
						}
					]
				},
				{
					"name": "Face",
					"parent": "head",
					"pivot": [0, 27.16293, -1.6],
					"cubes": [
						{
							"origin": [-3.52, 23.64293, -1.6],
							"size": [7.04, 7.04, 0],
							"uv": {
								"north": {"uv": [25, 14], "uv_size": [7, 7]},
								"east": {"uv": [0, 0], "uv_size": [0, 7]},
								"south": {"uv": [128, 128], "uv_size": [0, 0]},
								"west": {"uv": [0, 0], "uv_size": [0, 7]},
								"up": {"uv": [0, 0], "uv_size": [7, 0]},
								"down": {"uv": [0, 0], "uv_size": [7, 0]}
							}
						}
					]
				},
				{
					"name": "Face2",
					"parent": "head",
					"pivot": [0, 27.16293, -1.6],
					"cubes": [
						{
							"origin": [-3.52, 23.64293, -1.6],
							"size": [7.04, 7.04, 0],
							"uv": {
								"north": {"uv": [7, 26], "uv_size": [7, 7]},
								"east": {"uv": [0, 0], "uv_size": [0, 7]},
								"south": {"uv": [121, 121], "uv_size": [7, 7]},
								"west": {"uv": [0, 0], "uv_size": [0, 7]},
								"up": {"uv": [0, 0], "uv_size": [7, 0]},
								"down": {"uv": [0, 0], "uv_size": [7, 0]}
							}
						}
					]
				},
				{
					"name": "leftleg",
					"parent": "root",
					"pivot": [1.87302, 11.8296, 0],
					"cubes": [
						{
							"origin": [-0.09858, 0, -1.9716],
							"size": [3.9432, 11.8296, 3.9432],
							"uv": {
								"north": {"uv": [37, 0], "uv_size": [4, 11.75]},
								"east": {"uv": [30, 38], "uv_size": [4, 11.75]},
								"south": {"uv": [12, 40], "uv_size": [4, 11.75]},
								"west": {"uv": [40, 12], "uv_size": [4, 11.75]},
								"up": {"uv": [14, 69], "uv_size": [4, 4]},
								"down": {"uv": [18, 73], "uv_size": [4, -4]}
							}
						}
					]
				},
				{
					"name": "rightleg",
					"parent": "root",
					"pivot": [-1.87302, 11.8296, 0],
					"cubes": [
						{
							"origin": [-3.84462, 0, -1.9716],
							"size": [3.9432, 11.8296, 3.9432],
							"uv": {
								"north": {"uv": [26, 33], "uv_size": [4, 11.75]},
								"east": {"uv": [36, 12], "uv_size": [4, 11.75]},
								"south": {"uv": [36, 24], "uv_size": [4, 11.75]},
								"west": {"uv": [36, 36], "uv_size": [4, 11.75]},
								"up": {"uv": [67, 31], "uv_size": [4, 4]},
								"down": {"uv": [68, 39], "uv_size": [4, -4]}
							}
						}
					]
				},
				{
					"name": "locator",
					"pivot": [0, 0, 0],
					"locators": {
						"p": [0, 0, 0]
					}
				}
			]
		}
	]
}