{
	"format_version": "1.12.0",
	"minecraft:geometry": [
		{
			"description": {
				"identifier": "geometry.nappa_mob",
				"texture_width": 128,
				"texture_height": 128,
				"visible_bounds_width": 3,
				"visible_bounds_height": 4.5,
				"visible_bounds_offset": [0, 1.75, 0]
			},
			"bones": [
				{
					"name": "root",
					"pivot": [0, 15.5184, 0]
				},
				{
					"name": "waist",
					"parent": "root",
					"pivot": [0, 15.86, 0]
				},
				{
					"name": "body",
					"parent": "waist",
					"pivot": [0, 30.0188, 0],
					"cubes": [
						{
							"origin": [-5.21926, 19.47861, -2.62062],
							"size": [10.43851, 2.48416, 5.24126],
							"inflate": 0.1,
							"uv": {
								"north": {"uv": [30, 64], "uv_size": [10.5, 2.5]},
								"east": {"uv": [45, 42], "uv_size": [5.25, 2.5]},
								"south": {"uv": [41, 64], "uv_size": [10.5, 2.5]},
								"west": {"uv": [69, 51], "uv_size": [5.25, 2.5]},
								"up": {"uv": [45, 36], "uv_size": [10.5, 5.25]},
								"down": {"uv": [41, 50.25], "uv_size": [10.5, -5.25]}
							}
						},
						{
							"origin": [-2.75726, 10.84115, -2.83377],
							"size": [5.51451, 8.54016, 0],
							"pivot": [0, 18.97745, -2.17079],
							"rotation": [-15, 0, 0],
							"uv": {
								"north": {"uv": [52, 42], "uv_size": [5.5, 8.5]},
								"east": {"uv": [0, 0], "uv_size": [0, 8.5]},
								"south": {"uv": [0, 54], "uv_size": [5.5, 8.5]},
								"west": {"uv": [0, 0], "uv_size": [0, 8.5]},
								"up": {"uv": [0, 0], "uv_size": [5.5, 0]},
								"down": {"uv": [0, 0], "uv_size": [5.5, 0]}
							}
						},
						{
							"origin": [-5.02513, 14.98739, -2.52356],
							"size": [10.05027, 15.05339, 5.04713],
							"inflate": 0.1,
							"uv": {
								"north": {"uv": [0, 0], "uv_size": [10, 15]},
								"east": {"uv": [20, 0], "uv_size": [5, 15]},
								"south": {"uv": [10, 0], "uv_size": [10, 15]},
								"west": {"uv": [22, 15], "uv_size": [5, 15]},
								"up": {"uv": [47, 15], "uv_size": [10, 5]},
								"down": {"uv": [47, 25], "uv_size": [10, -5]}
							}
						}
					]
				},
				{
					"name": "tail",
					"parent": "body",
					"pivot": [2.44, 18.85409, 3.66001],
					"rotation": [-44.97272, -86.46503, 45.02728],
					"cubes": [
						{
							"origin": [1.60725, 17.98318, 3.49984],
							"size": [1.66548, 1.74182, 7.64035],
							"uv": {
								"north": {"uv": [71, 2], "uv_size": [1.625, 1.75]},
								"east": {"uv": [69, 47], "uv_size": [7.625, 1.75]},
								"south": {"uv": [4, 71], "uv_size": [1.625, 1.75]},
								"west": {"uv": [69, 49], "uv_size": [7.625, 1.75]},
								"up": {"uv": [19, 70], "uv_size": [1.625, 7.625]},
								"down": {"uv": [70, 27.625], "uv_size": [1.625, -7.625]}
							}
						}
					]
				},
				{
					"name": "tail2",
					"parent": "tail",
					"pivot": [2.44, 18.85409, 10.98001],
					"rotation": [0, -92.5, 0],
					"cubes": [
						{
							"origin": [1.59893, 17.97447, 10.78163],
							"size": [1.68214, 1.75924, 7.71674],
							"uv": {
								"north": {"uv": [71, 4], "uv_size": [1.625, 1.75]},
								"east": {"uv": [9, 69], "uv_size": [7.75, 1.75]},
								"south": {"uv": [6, 71], "uv_size": [1.625, 1.75]},
								"west": {"uv": [69, 45], "uv_size": [7.75, 1.75]},
								"up": {"uv": [70, 12], "uv_size": [1.625, 7.75]},
								"down": {"uv": [17, 77.75], "uv_size": [1.625, -7.75]}
							}
						}
					]
				},
				{
					"name": "tail3",
					"parent": "tail2",
					"pivot": [2.44, 18.85409, 18.30001],
					"rotation": [0, -92.5, 0],
					"cubes": [
						{
							"origin": [1.56561, 17.93964, 17.94882],
							"size": [1.74876, 1.82891, 10.46237],
							"uv": {
								"north": {"uv": [18, 58], "uv_size": [1.75, 1.875]},
								"east": {"uv": [64, 58], "uv_size": [10.5, 1.875]},
								"south": {"uv": [0, 71], "uv_size": [1.75, 1.875]},
								"west": {"uv": [66, 10], "uv_size": [10.5, 1.875]},
								"up": {"uv": [52, 64], "uv_size": [1.75, 10.5]},
								"down": {"uv": [54, 74.5], "uv_size": [1.75, -10.5]}
							}
						}
					]
				},
				{
					"name": "tail4",
					"parent": "tail3",
					"pivot": [2.44, 18.85409, 28.06001],
					"rotation": [0, -82.5, 0],
					"cubes": [
						{
							"origin": [1.54064, 17.9135, 27.59422],
							"size": [1.79873, 1.88117, 8.25157],
							"uv": {
								"north": {"uv": [71, 0], "uv_size": [1.75, 1.875]},
								"east": {"uv": [0, 69], "uv_size": [8.25, 1.875]},
								"south": {"uv": [2, 71], "uv_size": [1.75, 1.875]},
								"west": {"uv": [69, 43], "uv_size": [8.25, 1.875]},
								"up": {"uv": [47, 67], "uv_size": [1.75, 8.25]},
								"down": {"uv": [49, 75.25], "uv_size": [1.75, -8.25]}
							}
						}
					]
				},
				{
					"name": "Roupa",
					"parent": "body",
					"pivot": [0, 25.64106, 0],
					"cubes": [
						{
							"origin": [-5.42538, 21.938, -2.95],
							"size": [10.85076, 8.14907, 5.656],
							"inflate": 0.1,
							"uv": {
								"north": {"uv": [0, 15], "uv_size": [10.875, 8.125]},
								"east": {"uv": [6, 54], "uv_size": [5.625, 8.125]},
								"south": {"uv": [11, 15], "uv_size": [10.875, 8.125]},
								"west": {"uv": [12, 54], "uv_size": [5.625, 8.125]},
								"up": {"uv": [30, 45], "uv_size": [10.875, 5.625]},
								"down": {"uv": [45, 35.625], "uv_size": [10.875, -5.625]}
							}
						},
						{
							"origin": [-12.81614, 26.818, -2.95],
							"size": [7.19076, 3.26907, 5.656],
							"inflate": 0.1,
							"uv": {
								"north": {"uv": [17, 66], "uv_size": [7.25, 3.25]},
								"east": {"uv": [41, 67], "uv_size": [5.625, 3.25]},
								"south": {"uv": [66, 37], "uv_size": [7.25, 3.25]},
								"west": {"uv": [56, 67], "uv_size": [5.625, 3.25]},
								"up": {"uv": [57, 12], "uv_size": [7.25, 5.625]},
								"down": {"uv": [57, 23.625], "uv_size": [7.25, -5.625]}
							}
						},
						{
							"origin": [5.62538, 26.818, -2.95],
							"size": [7.19076, 3.26907, 5.656],
							"inflate": 0.1,
							"uv": {
								"north": {"uv": [25, 67], "uv_size": [7.25, 3.25]},
								"east": {"uv": [62, 67], "uv_size": [5.625, 3.25]},
								"south": {"uv": [33, 67], "uv_size": [7.25, 3.25]},
								"west": {"uv": [68, 60], "uv_size": [5.625, 3.25]},
								"up": {"uv": [30, 58], "uv_size": [7.25, 5.625]},
								"down": {"uv": [58, 42.625], "uv_size": [7.25, -5.625]}
							}
						},
						{
							"origin": [-9.39654, 14.89123, -2.56206],
							"size": [8.26294, 2.00409, 5.53888],
							"inflate": 0.1,
							"pivot": [-4.65507, 15.89327, 0.20738],
							"rotation": [0, 0, -82.5],
							"uv": {
								"north": {"uv": [66, 41], "uv_size": [8.25, 2]},
								"east": {"uv": [70, 28], "uv_size": [5.5, 2]},
								"south": {"uv": [68, 64], "uv_size": [8.25, 2]},
								"west": {"uv": [70, 30], "uv_size": [5.5, 2]},
								"up": {"uv": [56, 25], "uv_size": [8.25, 5.5]},
								"down": {"uv": [56, 36.5], "uv_size": [8.25, -5.5]}
							}
						},
						{
							"origin": [1.1336, 14.89123, -2.56206],
							"size": [8.26294, 2.00409, 5.53888],
							"inflate": 0.1,
							"pivot": [4.65507, 15.89327, 0.20738],
							"rotation": [0, 0, 82.5],
							"uv": {
								"north": {"uv": [68, 66], "uv_size": [8.25, 2]},
								"east": {"uv": [70, 32], "uv_size": [5.5, 2]},
								"south": {"uv": [68, 68], "uv_size": [8.25, 2]},
								"west": {"uv": [70, 34], "uv_size": [5.5, 2]},
								"up": {"uv": [57, 0], "uv_size": [8.25, 5.5]},
								"down": {"uv": [57, 11.5], "uv_size": [8.25, -5.5]}
							}
						}
					]
				},
				{
					"name": "rightarm",
					"parent": "body",
					"pivot": [-6.25392, 27.51722, 0],
					"cubes": [
						{
							"origin": [-10.02827, 14.98739, -2.52356],
							"size": [5.04713, 15.05339, 5.04713],
							"inflate": 0.1,
							"uv": {
								"north": {"uv": [0, 24], "uv_size": [5, 15]},
								"east": {"uv": [5, 24], "uv_size": [5, 15]},
								"south": {"uv": [10, 24], "uv_size": [5, 15]},
								"west": {"uv": [15, 24], "uv_size": [5, 15]},
								"up": {"uv": [47, 25], "uv_size": [5, 5]},
								"down": {"uv": [12, 68], "uv_size": [5, -5]}
							}
						},
						{
							"origin": [-10.00627, 15.00939, -2.50156],
							"size": [5.00313, 15.00939, 5.00313],
							"uv": {
								"north": {"uv": [10, 39], "uv_size": [5, 15]},
								"east": {"uv": [15, 39], "uv_size": [5, 15]},
								"south": {"uv": [40, 0], "uv_size": [5, 15]},
								"west": {"uv": [40, 30], "uv_size": [5, 15]},
								"up": {"uv": [65, 27], "uv_size": [5, 5]},
								"down": {"uv": [65, 37], "uv_size": [5, -5]}
							}
						}
					]
				},
				{
					"name": "rightArmClothe",
					"parent": "rightarm",
					"pivot": [-7.32, 26.84, 0]
				},
				{
					"name": "leftarm",
					"parent": "body",
					"pivot": [6.25392, 27.51722, 0],
					"cubes": [
						{
							"origin": [4.98113, 14.98739, -2.52356],
							"size": [5.04713, 15.05339, 5.04713],
							"inflate": 0.1,
							"uv": {
								"north": {"uv": [25, 0], "uv_size": [5, 15]},
								"east": {"uv": [27, 15], "uv_size": [5, 15]},
								"south": {"uv": [30, 0], "uv_size": [5, 15]},
								"west": {"uv": [20, 30], "uv_size": [5, 15]},
								"up": {"uv": [64, 43], "uv_size": [5, 5]},
								"down": {"uv": [64, 53], "uv_size": [5, -5]}
							}
						},
						{
							"origin": [5.00313, 15.00939, -2.50156],
							"size": [5.00313, 15.00939, 5.00313],
							"uv": {
								"north": {"uv": [42, 15], "uv_size": [5, 15]},
								"east": {"uv": [45, 0], "uv_size": [5, 15]},
								"south": {"uv": [20, 45], "uv_size": [5, 15]},
								"west": {"uv": [25, 45], "uv_size": [5, 15]},
								"up": {"uv": [66, 0], "uv_size": [5, 5]},
								"down": {"uv": [66, 10], "uv_size": [5, -5]}
							}
						}
					]
				},
				{
					"name": "leftArmClothe",
					"parent": "leftarm",
					"pivot": [7.32, 26.84, 0]
				},
				{
					"name": "head",
					"parent": "body",
					"pivot": [0, 30.12, 0],
					"cubes": [
						{
							"origin": [-3.52, 29.5, -3.52],
							"size": [7.04, 7.04, 7.04],
							"uv": {
								"north": {"uv": [50, 0], "uv_size": [7, 7]},
								"east": {"uv": [50, 7], "uv_size": [7, 7]},
								"south": {"uv": [30, 51], "uv_size": [7, 7]},
								"west": {"uv": [37, 51], "uv_size": [7, 7]},
								"up": {"uv": [44, 51], "uv_size": [7, 7]},
								"down": {"uv": [51, 58], "uv_size": [7, -7]}
							}
						}
					]
				},
				{
					"name": "scouter",
					"parent": "head",
					"pivot": [4, 33.12, 0],
					"cubes": [
						{
							"origin": [3, 31.12, -2],
							"size": [2, 4, 3],
							"pivot": [4, 35.12, -1],
							"rotation": [0, 0, 7.5],
							"uv": {
								"north": {"uv": [20, 24], "uv_size": [2, 4]},
								"east": {"uv": [52, 25], "uv_size": [3, 4]},
								"south": {"uv": [18, 54], "uv_size": [2, 4]},
								"west": {"uv": [69, 54], "uv_size": [3, 4]},
								"up": {"uv": [56, 37], "uv_size": [2, 3]},
								"down": {"uv": [56, 61], "uv_size": [2, -3]}
							}
						},
						{
							"origin": [3.5, 32.12, -4],
							"size": [0.5, 2, 2],
							"uv": {
								"north": {"uv": [51, 42], "uv_size": [0.5, 2]},
								"east": {"uv": [20, 28], "uv_size": [2, 2]},
								"south": {"uv": [55, 25], "uv_size": [0.5, 2]},
								"west": {"uv": [56, 40], "uv_size": [2, 2]},
								"up": {"uv": [55, 27], "uv_size": [0.5, 2]},
								"down": {"uv": [17, 65], "uv_size": [0.5, -2]}
							}
						},
						{
							"origin": [0.5, 32.12, -4],
							"size": [3, 2, 0],
							"uv": {
								"north": {"uv": [21, 70], "uv_size": [3, 2]},
								"east": {"uv": [0, 0], "uv_size": [0, 2]},
								"south": {"uv": [68, 70], "uv_size": [3, 2]},
								"west": {"uv": [0, 0], "uv_size": [0, 2]},
								"up": {"uv": [0, 0], "uv_size": [3, 0]},
								"down": {"uv": [0, 0], "uv_size": [3, 0]}
							}
						}
					]
				},
				{
					"name": "rightleg",
					"parent": "root",
					"pivot": [-2.37649, 15.00939, 0],
					"cubes": [
						{
							"origin": [-4.90006, -0.022, -2.52356],
							"size": [5.04713, 15.05339, 5.04713],
							"inflate": 0.1,
							"uv": {
								"north": {"uv": [25, 30], "uv_size": [5, 15]},
								"east": {"uv": [30, 30], "uv_size": [5, 15]},
								"south": {"uv": [32, 15], "uv_size": [5, 15]},
								"west": {"uv": [35, 0], "uv_size": [5, 15]},
								"up": {"uv": [64, 53], "uv_size": [5, 5]},
								"down": {"uv": [65, 17], "uv_size": [5, -5]}
							}
						},
						{
							"origin": [-5.00312, -0.12507, -2.65166],
							"size": [5.30332, 5.69203, 5.30332],
							"uv": {
								"north": {"uv": [38, 58], "uv_size": [5.25, 5.75]},
								"east": {"uv": [58, 43], "uv_size": [5.25, 5.75]},
								"south": {"uv": [44, 58], "uv_size": [5.25, 5.75]},
								"west": {"uv": [58, 49], "uv_size": [5.25, 5.75]},
								"up": {"uv": [56, 61], "uv_size": [5.25, 5.25]},
								"down": {"uv": [62, 66.25], "uv_size": [5.25, -5.25]}
							}
						}
					]
				},
				{
					"name": "leftleg",
					"parent": "root",
					"pivot": [2.37649, 15.00939, 0],
					"cubes": [
						{
							"origin": [-0.14707, -0.022, -2.52356],
							"size": [5.04713, 15.05339, 5.04713],
							"inflate": 0.1,
							"uv": {
								"north": {"uv": [35, 30], "uv_size": [5, 15]},
								"east": {"uv": [37, 15], "uv_size": [5, 15]},
								"south": {"uv": [0, 39], "uv_size": [5, 15]},
								"west": {"uv": [5, 39], "uv_size": [5, 15]},
								"up": {"uv": [65, 17], "uv_size": [5, 5]},
								"down": {"uv": [65, 27], "uv_size": [5, -5]}
							}
						},
						{
							"origin": [-0.30019, -0.12507, -2.65166],
							"size": [5.30332, 5.69203, 5.30332],
							"uv": {
								"north": {"uv": [50, 58], "uv_size": [5.25, 5.75]},
								"east": {"uv": [58, 55], "uv_size": [5.25, 5.75]},
								"south": {"uv": [18, 60], "uv_size": [5.25, 5.75]},
								"west": {"uv": [24, 60], "uv_size": [5.25, 5.75]},
								"up": {"uv": [0, 63], "uv_size": [5.25, 5.25]},
								"down": {"uv": [6, 68.25], "uv_size": [5.25, -5.25]}
							}
						}
					]
				}
			]
		}
	]
}