{
	"format_version": "1.12.0",
	"minecraft:geometry": [
		{
			"description": {
				"identifier": "geometry.oozaru_base",
				"texture_width": 128,
				"texture_height": 128,
				"visible_bounds_width": 8,
				"visible_bounds_height": 4.5,
				"visible_bounds_offset": [0, 1.75, 0]
			},
			"bones": [
				{
					"name": "tudo",
					"pivot": [0, 19.72, 0]
				},
				{
					"name": "Cintura",
					"parent": "tudo",
					"pivot": [0, 20, 0],
					"cubes": [
						{
							"origin": [-8.10093, 19.30278, -6.05046],
							"size": [16.20186, 12.30278, 11.10093],
							"inflate": 0.1,
							"uv": {
								"north": {"uv": [19, 24], "uv_size": [16.25, 12.25]},
								"east": {"uv": [0, 41], "uv_size": [11.125, 12.25]},
								"south": {"uv": [0, 28], "uv_size": [16.25, 12.25]},
								"west": {"uv": [31, 48], "uv_size": [11.125, 12.25]},
								"up": {"uv": [36, 24], "uv_size": [16.25, 11.125]},
								"down": {"uv": [36, 47.125], "uv_size": [16.25, -11.125]}
							}
						}
					]
				},
				{
					"name": "Corpo",
					"parent": "Cintura",
					"pivot": [0, 30.60557, -1],
					"cubes": [
						{
							"origin": [-9.10093, 29.30278, -9.05046],
							"size": [18.20186, 11.30278, 13.10093],
							"inflate": 0.1,
							"pivot": [0, 34.45417, -1],
							"rotation": [15, 0, 0],
							"uv": {
								"north": {"uv": [19, 0], "uv_size": [18.25, 11.25]},
								"east": {"uv": [17, 37], "uv_size": [13.125, 11.25]},
								"south": {"uv": [19, 12], "uv_size": [18.25, 11.25]},
								"west": {"uv": [38, 0], "uv_size": [13.125, 11.25]},
								"up": {"uv": [0, 0], "uv_size": [18.25, 13.125]},
								"down": {"uv": [0, 27.125], "uv_size": [18.25, -13.125]}
							}
						},
						{
							"origin": [-7.10093, 38.52127, -8.82657],
							"size": [14.20186, 3.30278, 9.10093],
							"inflate": 0.1,
							"pivot": [0, 38.67266, -4.2761],
							"rotation": [10, 0, 0],
							"uv": {
								"north": {"uv": [88, 61], "uv_size": [14.25, 3.25]},
								"east": {"uv": [99, 5], "uv_size": [9.125, 3.25]},
								"south": {"uv": [88, 65], "uv_size": [14.25, 3.25]},
								"west": {"uv": [99, 9], "uv_size": [9.125, 3.25]},
								"up": {"uv": [38, 12], "uv_size": [14.25, 9.125]},
								"down": {"uv": [43, 57.125], "uv_size": [14.25, -9.125]}
							}
						}
					]
				},
				{
					"name": "head",
					"parent": "Corpo",
					"pivot": [0, 42.12, -7],
					"cubes": [
						{
							"origin": [-3.52, 41.5, -10.52],
							"size": [7.04, 8.04, 7.04],
							"inflate": 0.1,
							"uv": {
								"north": {"uv": [66, 48], "uv_size": [7, 8]},
								"east": {"uv": [7, 76], "uv_size": [7, 8]},
								"south": {"uv": [77, 0], "uv_size": [7, 8]},
								"west": {"uv": [77, 8], "uv_size": [7, 8]},
								"up": {"uv": [0, 78], "uv_size": [7, 7]},
								"down": {"uv": [14, 88], "uv_size": [7, -7]}
							}
						},
						{
							"origin": [-3.4114, 48.22277, -10.06701],
							"size": [6.8228, 2, 6.8228],
							"pivot": [0, 48.75137, -5.65561],
							"rotation": [-15, 0, 0],
							"uv": {
								"north": {"uv": [38, 22], "uv_size": [6.875, 2]},
								"east": {"uv": [45, 22], "uv_size": [6.875, 2]},
								"south": {"uv": [101, 93], "uv_size": [6.875, 2]},
								"west": {"uv": [101, 95], "uv_size": [6.875, 2]},
								"up": {"uv": [36, 88], "uv_size": [6.875, 6.875]},
								"down": {"uv": [88, 46.875], "uv_size": [6.875, -6.875]}
							}
						},
						{
							"origin": [-3.62, 49.40493, -10.53046],
							"size": [6.8228, 4.9428, 0],
							"pivot": [-0.2086, 49.66445, -10.20246],
							"rotation": [-42.5, 0, 0],
							"uv": {
								"north": {"uv": [90, 83], "uv_size": [6.875, 5]},
								"east": {"uv": [0, 0], "uv_size": [0, 5]},
								"south": {"uv": [94, 88], "uv_size": [6.875, 5]},
								"west": {"uv": [0, 0], "uv_size": [0, 5]},
								"up": {"uv": [0, 0], "uv_size": [6.875, 0]},
								"down": {"uv": [0, 0], "uv_size": [6.875, 0]}
							}
						},
						{
							"origin": [-3.62, 46.40493, -5.53046],
							"size": [6.8228, 4.9428, 0],
							"pivot": [-0.2086, 46.66445, -5.20246],
							"rotation": [-42.5, 0, 0],
							"uv": {
								"north": {"uv": [95, 41], "uv_size": [6.875, 5]},
								"east": {"uv": [0, 0], "uv_size": [0, 5]},
								"south": {"uv": [42, 95], "uv_size": [6.875, 5]},
								"west": {"uv": [0, 0], "uv_size": [0, 5]},
								"up": {"uv": [0, 0], "uv_size": [6.875, 0]},
								"down": {"uv": [0, 0], "uv_size": [6.875, 0]}
							}
						},
						{
							"origin": [1.82204, 48.1931, -8.44206],
							"size": [6.8228, 4.9428, 0],
							"pivot": [3.2086, 50.66445, -8.20246],
							"rotation": [-92.27465, -47.44052, 86.30232],
							"uv": {
								"north": {"uv": [94, 93], "uv_size": [6.875, 5]},
								"east": {"uv": [0, 0], "uv_size": [0, 5]},
								"south": {"uv": [14, 95], "uv_size": [6.875, 5]},
								"west": {"uv": [0, 0], "uv_size": [0, 5]},
								"up": {"uv": [0, 0], "uv_size": [6.875, 0]},
								"down": {"uv": [0, 0], "uv_size": [6.875, 0]}
							}
						},
						{
							"origin": [-8.64484, 48.1931, -8.44206],
							"size": [6.8228, 4.9428, 0],
							"pivot": [-3.2086, 50.66445, -8.20246],
							"rotation": [-92.27465, 47.44052, -86.30232],
							"uv": {
								"north": {"uv": [35, 95], "uv_size": [6.875, 5]},
								"east": {"uv": [0, 0], "uv_size": [0, 5]},
								"south": {"uv": [95, 36], "uv_size": [6.875, 5]},
								"west": {"uv": [0, 0], "uv_size": [0, 5]},
								"up": {"uv": [0, 0], "uv_size": [6.875, 0]},
								"down": {"uv": [0, 0], "uv_size": [6.875, 0]}
							}
						},
						{
							"origin": [-6.89487, 45.12182, -5.88752],
							"size": [4.04, 7.04, 0],
							"pivot": [-4.87487, 48.64182, -5.88752],
							"rotation": [-30.29012, 17.85494, -61.67451],
							"uv": {
								"north": {"uv": [31, 37], "uv_size": [4, 7]},
								"east": {"uv": [0, 0], "uv_size": [0, 7]},
								"south": {"uv": [12, 41], "uv_size": [4, 7]},
								"west": {"uv": [0, 0], "uv_size": [0, 7]},
								"up": {"uv": [0, 0], "uv_size": [4, 0]},
								"down": {"uv": [0, 0], "uv_size": [4, 0]}
							}
						},
						{
							"origin": [2.85487, 45.12182, -5.88752],
							"size": [4.04, 7.04, 0],
							"pivot": [4.87487, 48.64182, -5.88752],
							"rotation": [-30.29012, -17.85494, 61.67451],
							"uv": {
								"north": {"uv": [8, 54], "uv_size": [4, 7]},
								"east": {"uv": [0, 0], "uv_size": [0, 7]},
								"south": {"uv": [24, 63], "uv_size": [4, 7]},
								"west": {"uv": [0, 0], "uv_size": [0, 7]},
								"up": {"uv": [0, 0], "uv_size": [4, 0]},
								"down": {"uv": [0, 0], "uv_size": [4, 0]}
							}
						},
						{
							"origin": [1.2208, 41.1608, -8.9392],
							"size": [3.5584, 4.7184, 5.8784],
							"inflate": 0.1,
							"pivot": [3, 43.52, -6],
							"rotation": [0, 0, 10],
							"uv": {
								"north": {"uv": [60, 69], "uv_size": [3.5, 4.75]},
								"east": {"uv": [82, 40], "uv_size": [5.875, 4.75]},
								"south": {"uv": [43, 100], "uv_size": [3.5, 4.75]},
								"west": {"uv": [58, 99], "uv_size": [5.875, 4.75]},
								"up": {"uv": [53, 42], "uv_size": [3.5, 5.875]},
								"down": {"uv": [47, 86.875], "uv_size": [3.5, -5.875]}
							}
						},
						{
							"origin": [-4.7792, 41.1608, -8.9392],
							"size": [3.5584, 4.7184, 5.8784],
							"inflate": 0.1,
							"pivot": [-3, 43.52, -6],
							"rotation": [0, 0, -10],
							"uv": {
								"north": {"uv": [81, 101], "uv_size": [3.5, 4.75]},
								"east": {"uv": [64, 99], "uv_size": [5.875, 4.75]},
								"south": {"uv": [85, 101], "uv_size": [3.5, 4.75]},
								"west": {"uv": [0, 100], "uv_size": [5.875, 4.75]},
								"up": {"uv": [13, 100], "uv_size": [3.5, 5.875]},
								"down": {"uv": [17, 105.875], "uv_size": [3.5, -5.875]}
							}
						}
					]
				},
				{
					"name": "fucinho",
					"parent": "head",
					"pivot": [0, 17, -14],
					"cubes": [
						{
							"origin": [-1.52, 42.7, -14.52],
							"size": [3.04, 2.04, 4.04],
							"inflate": 0.1,
							"uv": {
								"north": {"uv": [21, 81], "uv_size": [3, 2]},
								"east": {"uv": [8, 61], "uv_size": [4, 2]},
								"south": {"uv": [88, 96], "uv_size": [3, 2]},
								"west": {"uv": [75, 46], "uv_size": [4, 2]},
								"up": {"uv": [89, 36], "uv_size": [3, 4]},
								"down": {"uv": [92, 40], "uv_size": [3, -4]}
							}
						}
					]
				},
				{
					"name": "jaw",
					"parent": "fucinho",
					"pivot": [0, 42.78, -10],
					"cubes": [
						{
							"origin": [-1.52, 41.46, -14.52],
							"size": [3.04, 1.04, 4.04],
							"inflate": 0.1,
							"uv": {
								"north": {"uv": [28, 83], "uv_size": [3, 1]},
								"east": {"uv": [12, 48], "uv_size": [4, 1]},
								"south": {"uv": [47, 87], "uv_size": [3, 1]},
								"west": {"uv": [82, 45], "uv_size": [4, 1]},
								"up": {"uv": [96, 101], "uv_size": [3, 4]},
								"down": {"uv": [99, 105], "uv_size": [3, -4]}
							}
						}
					]
				},
				{
					"name": "rightBraco",
					"parent": "Corpo",
					"pivot": [-11.94794, 37.30278, -4],
					"rotation": [0, -10, 17.5],
					"cubes": [
						{
							"origin": [-16.43948, 25.12481, -7.49153],
							"size": [6.98306, 13.05317, 6.98306],
							"inflate": 0.1,
							"pivot": [-12.94794, 31.15139, -3.99999],
							"rotation": [0, -7.5, 0],
							"uv": {
								"north": {"uv": [51, 58], "uv_size": [7, 13]},
								"east": {"uv": [58, 56], "uv_size": [7, 13]},
								"south": {"uv": [61, 0], "uv_size": [7, 13]},
								"west": {"uv": [61, 13], "uv_size": [7, 13]},
								"up": {"uv": [40, 81], "uv_size": [7, 7]},
								"down": {"uv": [81, 53], "uv_size": [7, -7]}
							}
						},
						{
							"origin": [-17.08595, 31.56202, -8.138],
							"size": [8.27601, 8.17874, 8.27601],
							"inflate": 0.1,
							"pivot": [-12.94795, 36.15139, -4],
							"rotation": [0, 0, -25],
							"uv": {
								"north": {"uv": [68, 0], "uv_size": [8.25, 8.125]},
								"east": {"uv": [68, 9], "uv_size": [8.25, 8.125]},
								"south": {"uv": [68, 18], "uv_size": [8.25, 8.125]},
								"west": {"uv": [68, 27], "uv_size": [8.25, 8.125]},
								"up": {"uv": [15, 63], "uv_size": [8.25, 8.25]},
								"down": {"uv": [65, 64.25], "uv_size": [8.25, -8.25]}
							}
						}
					]
				},
				{
					"name": "rightAnteBraco",
					"parent": "rightBraco",
					"pivot": [-11.94794, 25.30278, -4],
					"rotation": [-12.5, 0, 0],
					"cubes": [
						{
							"origin": [-16.40797, 16.38232, -7.46002],
							"size": [6.92005, 9.53814, 6.92005],
							"inflate": 0.1,
							"uv": {
								"north": {"uv": [0, 68], "uv_size": [6.875, 9.5]},
								"east": {"uv": [33, 74], "uv_size": [6.875, 9.5]},
								"south": {"uv": [74, 48], "uv_size": [6.875, 9.5]},
								"west": {"uv": [74, 58], "uv_size": [6.875, 9.5]},
								"up": {"uv": [73, 86], "uv_size": [6.875, 6.875]},
								"down": {"uv": [14, 94.875], "uv_size": [6.875, -6.875]}
							}
						}
					]
				},
				{
					"name": "rightMao",
					"parent": "rightAnteBraco",
					"pivot": [-14.94794, 11.88139, -4.53],
					"rotation": [0, 90, -90],
					"cubes": [
						{
							"origin": [-18.79811, 6.65492, -4.29949],
							"size": [6.47899, 6.45295, 7.53899],
							"inflate": 0.1,
							"uv": {
								"north": {"uv": [7, 92], "uv_size": [6.5, 6.5]},
								"east": {"uv": [82, 75], "uv_size": [7.5, 6.5]},
								"south": {"uv": [92, 7], "uv_size": [6.5, 6.5]},
								"west": {"uv": [82, 82], "uv_size": [7.5, 6.5]},
								"up": {"uv": [21, 83], "uv_size": [6.5, 7.5]},
								"down": {"uv": [84, 7.5], "uv_size": [6.5, -7.5]}
							}
						}
					]
				},
				{
					"name": "leftBraco",
					"parent": "Corpo",
					"pivot": [11.94794, 37.30278, -4],
					"rotation": [0, 10, -17.5],
					"cubes": [
						{
							"origin": [9.45641, 25.12481, -7.49153],
							"size": [6.98306, 13.05317, 6.98306],
							"inflate": 0.1,
							"pivot": [12.94795, 31.15139, -3.99999],
							"rotation": [0, 7.5, 0],
							"uv": {
								"north": {"uv": [61, 26], "uv_size": [7, 13]},
								"east": {"uv": [28, 61], "uv_size": [7, 13]},
								"south": {"uv": [35, 61], "uv_size": [7, 13]},
								"west": {"uv": [8, 63], "uv_size": [7, 13]},
								"up": {"uv": [81, 53], "uv_size": [7, 7]},
								"down": {"uv": [81, 67], "uv_size": [7, -7]}
							}
						},
						{
							"origin": [8.80994, 31.56202, -8.138],
							"size": [8.27601, 8.17874, 8.27601],
							"inflate": 0.1,
							"pivot": [12.94795, 36.15139, -4],
							"rotation": [0, 0, 25],
							"uv": {
								"north": {"uv": [51, 71], "uv_size": [8.25, 8.125]},
								"east": {"uv": [15, 72], "uv_size": [8.25, 8.125]},
								"south": {"uv": [42, 72], "uv_size": [8.25, 8.125]},
								"west": {"uv": [24, 74], "uv_size": [8.25, 8.125]},
								"up": {"uv": [65, 65], "uv_size": [8.25, 8.25]},
								"down": {"uv": [66, 47.25], "uv_size": [8.25, -8.25]}
							}
						}
					]
				},
				{
					"name": "leftAnteBraco",
					"parent": "leftBraco",
					"pivot": [11.94794, 25.30278, -4],
					"rotation": [-12.5, 0, 0],
					"cubes": [
						{
							"origin": [9.48792, 16.38232, -7.46002],
							"size": [6.92005, 9.53814, 6.92005],
							"inflate": 0.1,
							"uv": {
								"north": {"uv": [60, 74], "uv_size": [6.875, 9.5]},
								"east": {"uv": [67, 74], "uv_size": [6.875, 9.5]},
								"south": {"uv": [74, 68], "uv_size": [6.875, 9.5]},
								"west": {"uv": [75, 36], "uv_size": [6.875, 9.5]},
								"up": {"uv": [43, 88], "uv_size": [6.875, 6.875]},
								"down": {"uv": [88, 53.875], "uv_size": [6.875, -6.875]}
							}
						}
					]
				},
				{
					"name": "leftMao",
					"parent": "leftAnteBraco",
					"pivot": [12.94795, 16.88139, -4.53],
					"rotation": [0, -90, 90],
					"cubes": [
						{
							"origin": [10.31912, 13.65301, -9.21225],
							"size": [6.47899, 6.45295, 7.53899],
							"inflate": 0.1,
							"uv": {
								"north": {"uv": [92, 14], "uv_size": [6.5, 6.5]},
								"east": {"uv": [84, 8], "uv_size": [7.5, 6.5]},
								"south": {"uv": [92, 21], "uv_size": [6.5, 6.5]},
								"west": {"uv": [28, 84], "uv_size": [7.5, 6.5]},
								"up": {"uv": [7, 84], "uv_size": [6.5, 7.5]},
								"down": {"uv": [59, 91.5], "uv_size": [6.5, -7.5]}
							}
						}
					]
				},
				{
					"name": "tail",
					"parent": "Cintura",
					"pivot": [0, 20.45417, 5.00001],
					"cubes": [
						{
							"origin": [-1.24257, 19.15466, 4.76101],
							"size": [2.48512, 2.59902, 11.4004],
							"uv": {
								"north": {"uv": [27, 103], "uv_size": [2.5, 2.625]},
								"east": {"uv": [97, 84], "uv_size": [11.375, 2.625]},
								"south": {"uv": [103, 28], "uv_size": [2.5, 2.625]},
								"west": {"uv": [88, 98], "uv_size": [11.375, 2.625]},
								"up": {"uv": [99, 13], "uv_size": [2.5, 11.375]},
								"down": {"uv": [55, 110.375], "uv_size": [2.5, -11.375]}
							}
						}
					]
				},
				{
					"name": "tail2",
					"parent": "tail",
					"pivot": [0, 20.45417, 15.92241],
					"cubes": [
						{
							"origin": [-1.25498, 19.14166, 15.62639],
							"size": [2.50997, 2.62502, 11.51439],
							"uv": {
								"north": {"uv": [30, 103], "uv_size": [2.5, 2.625]},
								"east": {"uv": [95, 58], "uv_size": [11.5, 2.625]},
								"south": {"uv": [33, 103], "uv_size": [2.5, 2.625]},
								"west": {"uv": [96, 33], "uv_size": [11.5, 2.625]},
								"up": {"uv": [7, 99], "uv_size": [2.5, 11.5]},
								"down": {"uv": [10, 110.5], "uv_size": [2.5, -11.5]}
							}
						}
					]
				},
				{
					"name": "tail3",
					"parent": "tail2",
					"pivot": [0, 20.45417, 26.84481],
					"cubes": [
						{
							"origin": [-1.3047, 19.08969, 26.32079],
							"size": [2.60938, 2.72898, 11.97042],
							"uv": {
								"north": {"uv": [102, 42], "uv_size": [2.625, 2.75]},
								"east": {"uv": [95, 52], "uv_size": [12, 2.75]},
								"south": {"uv": [102, 101], "uv_size": [2.625, 2.75]},
								"west": {"uv": [95, 55], "uv_size": [12, 2.75]},
								"up": {"uv": [28, 49], "uv_size": [2.625, 12]},
								"down": {"uv": [78, 108], "uv_size": [2.625, -12]}
							}
						}
					]
				},
				{
					"name": "tail4",
					"parent": "tail3",
					"pivot": [0, 20.45417, 37.76721],
					"cubes": [
						{
							"origin": [-1.34196, 19.0507, 37.07218],
							"size": [2.68394, 2.80695, 12.31242],
							"uv": {
								"north": {"uv": [21, 103], "uv_size": [2.625, 2.75]},
								"east": {"uv": [95, 46], "uv_size": [12.25, 2.75]},
								"south": {"uv": [24, 103], "uv_size": [2.625, 2.75]},
								"west": {"uv": [95, 49], "uv_size": [12.25, 2.75]},
								"up": {"uv": [49, 95], "uv_size": [2.625, 12.25]},
								"down": {"uv": [52, 107.25], "uv_size": [2.625, -12.25]}
							}
						}
					]
				},
				{
					"name": "rightPerna",
					"parent": "tudo",
					"pivot": [-3.94794, 19.30278, 0],
					"rotation": [-39.90145, 17.00089, 4.84939],
					"cubes": [
						{
							"origin": [-8.58314, 6.85974, -3.63519],
							"size": [7.27038, 13.5833, 7.27038],
							"inflate": 0.1,
							"uv": {
								"north": {"uv": [12, 49], "uv_size": [7.25, 13.625]},
								"east": {"uv": [20, 49], "uv_size": [7.25, 13.625]},
								"south": {"uv": [53, 0], "uv_size": [7.25, 13.625]},
								"west": {"uv": [53, 14], "uv_size": [7.25, 13.625]},
								"up": {"uv": [77, 16], "uv_size": [7.25, 7.25]},
								"down": {"uv": [77, 31.25], "uv_size": [7.25, -7.25]}
							}
						}
					]
				},
				{
					"name": "rightCanela",
					"parent": "rightPerna",
					"pivot": [-3.94794, 7.30278, -2],
					"rotation": [67.5, 0, 0],
					"cubes": [
						{
							"origin": [-8.40797, 1.53456, -4.69465],
							"size": [6.92005, 6.53814, 6.92005],
							"inflate": 0.1,
							"uv": {
								"north": {"uv": [89, 29], "uv_size": [6.875, 6.5]},
								"east": {"uv": [80, 89], "uv_size": [6.875, 6.5]},
								"south": {"uv": [87, 89], "uv_size": [6.875, 6.5]},
								"west": {"uv": [90, 69], "uv_size": [6.875, 6.5]},
								"up": {"uv": [85, 15], "uv_size": [6.875, 6.875]},
								"down": {"uv": [85, 28.875], "uv_size": [6.875, -6.875]}
							}
						},
						{
							"origin": [-8.08757, -3.20722, -4.37425],
							"size": [6.27925, 5.02171, 6.27925],
							"inflate": 0.1,
							"uv": {
								"north": {"uv": [96, 28], "uv_size": [6.25, 5]},
								"east": {"uv": [81, 96], "uv_size": [6.25, 5]},
								"south": {"uv": [97, 69], "uv_size": [6.25, 5]},
								"west": {"uv": [97, 74], "uv_size": [6.25, 5]},
								"up": {"uv": [57, 92], "uv_size": [6.25, 6.25]},
								"down": {"uv": [64, 98.25], "uv_size": [6.25, -6.25]}
							}
						}
					]
				},
				{
					"name": "rightPe",
					"parent": "rightCanela",
					"pivot": [-4.94794, -3.96637, -1.76463],
					"rotation": [-22.91004, -5.39444, 3.01044],
					"cubes": [
						{
							"origin": [-8.18744, -5.19284, -5.53412],
							"size": [6.47899, 2.45295, 7.53899],
							"inflate": 0.1,
							"uv": {
								"north": {"uv": [68, 36], "uv_size": [6.5, 2.5]},
								"east": {"uv": [99, 25], "uv_size": [7.5, 2.5]},
								"south": {"uv": [101, 87], "uv_size": [6.5, 2.5]},
								"west": {"uv": [35, 100], "uv_size": [7.5, 2.5]},
								"up": {"uv": [81, 67], "uv_size": [6.5, 7.5]},
								"down": {"uv": [82, 39.5], "uv_size": [6.5, -7.5]}
							}
						},
						{
							"origin": [-3.2652, -5.2459, -1.07775],
							"size": [3.62615, 2.55906, 3.72855],
							"inflate": 0.1,
							"pivot": [0.05206, -3.96637, -0.76463],
							"rotation": [-2.5, -40, 0],
							"uv": {
								"north": {"uv": [102, 19], "uv_size": [3.625, 2.5]},
								"east": {"uv": [61, 39], "uv_size": [3.75, 2.5]},
								"south": {"uv": [102, 22], "uv_size": [3.625, 2.5]},
								"west": {"uv": [85, 29], "uv_size": [3.75, 2.5]},
								"up": {"uv": [31, 44], "uv_size": [3.625, 3.75]},
								"down": {"uv": [24, 73.75], "uv_size": [3.625, -3.75]}
							}
						},
						{
							"origin": [-2.816, -5.32508, -8.30339],
							"size": [1.74762, 1.71742, 2.97722],
							"inflate": 0.1,
							"pivot": [-2.11584, -4.46637, -7.79958],
							"rotation": [15, -10, 0],
							"uv": {
								"north": {"uv": [58, 69], "uv_size": [1.75, 1.75]},
								"east": {"uv": [91, 96], "uv_size": [3, 1.75]},
								"south": {"uv": [79, 46], "uv_size": [1.75, 1.75]},
								"west": {"uv": [40, 103], "uv_size": [3, 1.75]},
								"up": {"uv": [40, 74], "uv_size": [1.75, 3]},
								"down": {"uv": [40, 80], "uv_size": [1.75, -3]}
							}
						},
						{
							"origin": [-9.59046, -5.19284, -7.63948],
							"size": [1.47899, 1.45295, 2.53899],
							"inflate": 0.1,
							"pivot": [-8.44794, -4.46637, -7.50361],
							"rotation": [17.5, 25, 0],
							"uv": {
								"north": {"uv": [44, 105], "uv_size": [1.5, 1.5]},
								"east": {"uv": [91, 104], "uv_size": [2.5, 1.5]},
								"south": {"uv": [105, 44], "uv_size": [1.5, 1.5]},
								"west": {"uv": [102, 104], "uv_size": [2.5, 1.5]},
								"up": {"uv": [94, 104], "uv_size": [1.5, 2.5]},
								"down": {"uv": [0, 107.5], "uv_size": [1.5, -2.5]}
							}
						},
						{
							"origin": [-7.12058, -5.19284, -8.21101],
							"size": [1.47899, 1.45295, 3.53899],
							"inflate": 0.1,
							"pivot": [-6.33747, -4.46637, -7.94056],
							"rotation": [15, 2.5, 0],
							"uv": {
								"north": {"uv": [70, 105], "uv_size": [1.5, 1.5]},
								"east": {"uv": [103, 31], "uv_size": [3.5, 1.5]},
								"south": {"uv": [72, 105], "uv_size": [1.5, 1.5]},
								"west": {"uv": [36, 103], "uv_size": [3.5, 1.5]},
								"up": {"uv": [17, 28], "uv_size": [1.5, 3.5]},
								"down": {"uv": [17, 35.5], "uv_size": [1.5, -3.5]}
							}
						},
						{
							"origin": [-1.18744, -5.19284, -4.27311],
							"size": [1.47899, 1.45295, 3.53899],
							"inflate": 0.1,
							"pivot": [-0.44794, -4.46637, -2.00361],
							"rotation": [0, -15, 0],
							"uv": {
								"north": {"uv": [74, 105], "uv_size": [1.5, 1.5]},
								"east": {"uv": [103, 61], "uv_size": [3.5, 1.5]},
								"south": {"uv": [76, 105], "uv_size": [1.5, 1.5]},
								"west": {"uv": [103, 63], "uv_size": [3.5, 1.5]},
								"up": {"uv": [57, 88], "uv_size": [1.5, 3.5]},
								"down": {"uv": [88, 72.5], "uv_size": [1.5, -3.5]}
							}
						},
						{
							"origin": [-5.1053, -5.28375, -8.42185],
							"size": [1.66367, 1.63477, 2.84027],
							"inflate": 0.1,
							"pivot": [-4.31709, -4.46637, -8.00076],
							"rotation": [15, -2.5, 0],
							"uv": {
								"north": {"uv": [38, 105], "uv_size": [1.625, 1.625]},
								"east": {"uv": [104, 69], "uv_size": [2.875, 1.625]},
								"south": {"uv": [40, 105], "uv_size": [1.625, 1.625]},
								"west": {"uv": [104, 71], "uv_size": [2.875, 1.625]},
								"up": {"uv": [68, 104], "uv_size": [1.625, 2.875]},
								"down": {"uv": [104, 75.875], "uv_size": [1.625, -2.875]}
							}
						}
					]
				},
				{
					"name": "leftPerna",
					"parent": "tudo",
					"pivot": [3.94794, 19.30278, 0],
					"rotation": [-39.90145, -17.00089, -4.84939],
					"cubes": [
						{
							"origin": [1.31275, 6.85974, -3.63519],
							"size": [7.27038, 13.5833, 7.27038],
							"inflate": 0.1,
							"uv": {
								"north": {"uv": [53, 28], "uv_size": [7.25, 13.625]},
								"east": {"uv": [0, 54], "uv_size": [7.25, 13.625]},
								"south": {"uv": [58, 42], "uv_size": [7.25, 13.625]},
								"west": {"uv": [43, 58], "uv_size": [7.25, 13.625]},
								"up": {"uv": [74, 78], "uv_size": [7.25, 7.25]},
								"down": {"uv": [51, 87.25], "uv_size": [7.25, -7.25]}
							}
						}
					]
				},
				{
					"name": "leftCanela",
					"parent": "leftPerna",
					"pivot": [3.94794, 7.30278, -2],
					"rotation": [67.5, 0, 0],
					"cubes": [
						{
							"origin": [1.48792, 1.53456, -4.69465],
							"size": [6.92005, 6.53814, 6.92005],
							"inflate": 0.1,
							"uv": {
								"north": {"uv": [90, 76], "uv_size": [6.875, 6.5]},
								"east": {"uv": [91, 0], "uv_size": [6.875, 6.5]},
								"south": {"uv": [21, 91], "uv_size": [6.875, 6.5]},
								"west": {"uv": [28, 91], "uv_size": [6.875, 6.5]},
								"up": {"uv": [50, 88], "uv_size": [6.875, 6.875]},
								"down": {"uv": [88, 60.875], "uv_size": [6.875, -6.875]}
							}
						},
						{
							"origin": [1.80832, -3.20722, -4.37425],
							"size": [6.27925, 5.02171, 6.27925],
							"inflate": 0.1,
							"uv": {
								"north": {"uv": [97, 79], "uv_size": [6.25, 5]},
								"east": {"uv": [98, 0], "uv_size": [6.25, 5]},
								"south": {"uv": [21, 98], "uv_size": [6.25, 5]},
								"west": {"uv": [28, 98], "uv_size": [6.25, 5]},
								"up": {"uv": [0, 93], "uv_size": [6.25, 6.25]},
								"down": {"uv": [71, 99.25], "uv_size": [6.25, -6.25]}
							}
						}
					]
				},
				{
					"name": "leftPe",
					"parent": "leftCanela",
					"pivot": [4.94794, -3.96637, -1.76463],
					"rotation": [-22.91004, 5.39444, -3.01044],
					"cubes": [
						{
							"origin": [1.70845, -5.19284, -5.53412],
							"size": [6.47899, 2.45295, 7.53899],
							"inflate": 0.1,
							"uv": {
								"north": {"uv": [89, 101], "uv_size": [6.5, 2.5]},
								"east": {"uv": [70, 100], "uv_size": [7.5, 2.5]},
								"south": {"uv": [101, 90], "uv_size": [6.5, 2.5]},
								"west": {"uv": [100, 98], "uv_size": [7.5, 2.5]},
								"up": {"uv": [66, 84], "uv_size": [6.5, 7.5]},
								"down": {"uv": [0, 92.5], "uv_size": [6.5, -7.5]}
							}
						},
						{
							"origin": [-0.36095, -5.2459, -1.07775],
							"size": [3.62615, 2.55906, 3.72855],
							"inflate": 0.1,
							"pivot": [-0.05206, -3.96637, -0.76463],
							"rotation": [-2.5, 40, 0],
							"uv": {
								"north": {"uv": [102, 36], "uv_size": [3.625, 2.5]},
								"east": {"uv": [102, 13], "uv_size": [3.75, 2.5]},
								"south": {"uv": [102, 39], "uv_size": [3.625, 2.5]},
								"west": {"uv": [102, 16], "uv_size": [3.75, 2.5]},
								"up": {"uv": [77, 32], "uv_size": [3.625, 3.75]},
								"down": {"uv": [36, 87.75], "uv_size": [3.625, -3.75]}
							}
						},
						{
							"origin": [1.06838, -5.32508, -8.30339],
							"size": [1.74762, 1.71742, 2.97722],
							"inflate": 0.1,
							"pivot": [2.11584, -4.46637, -7.79958],
							"rotation": [15, 10, 0],
							"uv": {
								"north": {"uv": [88, 73], "uv_size": [1.75, 1.75]},
								"east": {"uv": [103, 65], "uv_size": [3, 1.75]},
								"south": {"uv": [36, 105], "uv_size": [1.75, 1.75]},
								"west": {"uv": [103, 67], "uv_size": [3, 1.75]},
								"up": {"uv": [80, 86], "uv_size": [1.75, 3]},
								"down": {"uv": [78, 96], "uv_size": [1.75, -3]}
							}
						},
						{
							"origin": [8.11147, -5.19284, -7.63948],
							"size": [1.47899, 1.45295, 2.53899],
							"inflate": 0.1,
							"pivot": [8.44794, -4.46637, -7.50361],
							"rotation": [17.5, -25, 0],
							"uv": {
								"north": {"uv": [96, 105], "uv_size": [1.5, 1.5]},
								"east": {"uv": [105, 0], "uv_size": [2.5, 1.5]},
								"south": {"uv": [98, 105], "uv_size": [1.5, 1.5]},
								"west": {"uv": [2, 105], "uv_size": [2.5, 1.5]},
								"up": {"uv": [105, 2], "uv_size": [1.5, 2.5]},
								"down": {"uv": [5, 107.5], "uv_size": [1.5, -2.5]}
							}
						},
						{
							"origin": [5.6416, -5.19284, -8.21101],
							"size": [1.47899, 1.45295, 3.53899],
							"inflate": 0.1,
							"pivot": [6.33747, -4.46637, -7.94056],
							"rotation": [15, -2.5, 0],
							"uv": {
								"north": {"uv": [100, 105], "uv_size": [1.5, 1.5]},
								"east": {"uv": [70, 103], "uv_size": [3.5, 1.5]},
								"south": {"uv": [105, 101], "uv_size": [1.5, 1.5]},
								"west": {"uv": [74, 103], "uv_size": [3.5, 1.5]},
								"up": {"uv": [55, 95], "uv_size": [1.5, 3.5]},
								"down": {"uv": [47, 103.5], "uv_size": [1.5, -3.5]}
							}
						},
						{
							"origin": [-0.29155, -5.19284, -4.27311],
							"size": [1.47899, 1.45295, 3.53899],
							"inflate": 0.1,
							"pivot": [0.44794, -4.46637, -2.00361],
							"rotation": [0, 15, 0],
							"uv": {
								"north": {"uv": [105, 103], "uv_size": [1.5, 1.5]},
								"east": {"uv": [58, 104], "uv_size": [3.5, 1.5]},
								"south": {"uv": [105, 105], "uv_size": [1.5, 1.5]},
								"west": {"uv": [62, 104], "uv_size": [3.5, 1.5]},
								"up": {"uv": [47, 104], "uv_size": [1.5, 3.5]},
								"down": {"uv": [66, 107.5], "uv_size": [1.5, -3.5]}
							}
						},
						{
							"origin": [3.44163, -5.28375, -8.42185],
							"size": [1.66367, 1.63477, 2.84027],
							"inflate": 0.1,
							"pivot": [4.31709, -4.46637, -8.00076],
							"rotation": [15, 2.5, 0],
							"uv": {
								"north": {"uv": [42, 105], "uv_size": [1.625, 1.625]},
								"east": {"uv": [104, 76], "uv_size": [2.875, 1.625]},
								"south": {"uv": [105, 42], "uv_size": [1.625, 1.625]},
								"west": {"uv": [104, 78], "uv_size": [2.875, 1.625]},
								"up": {"uv": [104, 80], "uv_size": [1.625, 2.875]},
								"down": {"uv": [89, 106.875], "uv_size": [1.625, -2.875]}
							}
						}
					]
				}
			]
		}
	]
}