{
	"format_version": "1.12.0",
	"minecraft:geometry": [
		{
			"description": {
				"identifier": "geometry.out2",
				"texture_width": 64,
				"texture_height": 64,
				"visible_bounds_width": 3,
				"visible_bounds_height": 4.5,
				"visible_bounds_offset": [0, 1.75, 0]
			},
			"bones": [
				{
					"name": "root",
					"pivot": [0, 12.72, 0]
				},
				{
					"name": "waist",
					"parent": "root",
					"pivot": [0, 13, 0]
				},
				{
					"name": "body",
					"parent": "waist",
					"pivot": [0, 24.60557, 0],
					"cubes": [
						{
							"origin": [-4.10093, 12.30278, -2.05046],
							"size": [8.20186, 12.30278, 4.10093],
							"inflate": 0.35,
							"uv": {
								"north": {"uv": [0, 0], "uv_size": [8.25, 12.25]},
								"east": {"uv": [0, 13], "uv_size": [4.125, 12.25]},
								"south": {"uv": [9, 0], "uv_size": [8.25, 12.25]},
								"west": {"uv": [5, 13], "uv_size": [4.125, 12.25]},
								"up": {"uv": [38, 7], "uv_size": [8.25, 4.125]},
								"down": {"uv": [7, 43.125], "uv_size": [8.25, -4.125]}
							}
						}
					]
				},
				{
					"name": "rightarm",
					"parent": "body",
					"pivot": [-5.12616, 22.5551, 0],
					"cubes": [
						{
							"origin": [-8.20186, 12.30278, -2.05046],
							"size": [4.10093, 12.30278, 4.10093],
							"inflate": 0.35,
							"uv": {
								"north": {"uv": [10, 13], "uv_size": [4.125, 12.25]},
								"east": {"uv": [15, 13], "uv_size": [4.125, 12.25]},
								"south": {"uv": [18, 0], "uv_size": [4.125, 12.25]},
								"west": {"uv": [20, 13], "uv_size": [4.125, 12.25]},
								"up": {"uv": [16, 39], "uv_size": [4.125, 4.125]},
								"down": {"uv": [21, 43.125], "uv_size": [4.125, -4.125]}
							}
						}
					]
				},
				{
					"name": "leftarm",
					"parent": "body",
					"pivot": [5.12616, 22.5551, 0],
					"cubes": [
						{
							"origin": [4.10093, 12.30278, -2.05046],
							"size": [4.10093, 12.30278, 4.10093],
							"inflate": 0.35,
							"uv": {
								"north": {"uv": [23, 0], "uv_size": [4.125, 12.25]},
								"east": {"uv": [25, 13], "uv_size": [4.125, 12.25]},
								"south": {"uv": [0, 26], "uv_size": [4.125, 12.25]},
								"west": {"uv": [5, 26], "uv_size": [4.125, 12.25]},
								"up": {"uv": [26, 39], "uv_size": [4.125, 4.125]},
								"down": {"uv": [31, 45.125], "uv_size": [4.125, -4.125]}
							}
						}
					]
				},
				{
					"name": "head",
					"parent": "body",
					"pivot": [0, 25.12, 0],
					"cubes": [
						{
							"origin": [-3.52, 24.5, -3.52],
							"size": [7.04, 7.04, 7.04],
							"inflate": 0.35,
							"uv": {
								"north": {"uv": [35, 13], "uv_size": [7, 7]},
								"east": {"uv": [35, 20], "uv_size": [7, 7]},
								"south": {"uv": [35, 27], "uv_size": [7, 7]},
								"west": {"uv": [35, 34], "uv_size": [7, 7]},
								"up": {"uv": [38, 0], "uv_size": [7, 7]},
								"down": {"uv": [0, 46], "uv_size": [7, -7]}
							}
						}
					]
				},
				{
					"name": "rightleg",
					"parent": "root",
					"pivot": [-1.94794, 12.30278, 0],
					"cubes": [
						{
							"origin": [-3.99841, 0, -2.05046],
							"size": [4.10093, 12.30278, 4.10093],
							"inflate": 0.35,
							"uv": {
								"north": {"uv": [10, 26], "uv_size": [4.125, 12.25]},
								"east": {"uv": [15, 26], "uv_size": [4.125, 12.25]},
								"south": {"uv": [20, 26], "uv_size": [4.125, 12.25]},
								"west": {"uv": [25, 26], "uv_size": [4.125, 12.25]},
								"up": {"uv": [36, 41], "uv_size": [4.125, 4.125]},
								"down": {"uv": [41, 45.125], "uv_size": [4.125, -4.125]}
							}
						}
					]
				},
				{
					"name": "leftleg",
					"parent": "root",
					"pivot": [1.94794, 12.30278, 0],
					"cubes": [
						{
							"origin": [-0.10252, 0, -2.05046],
							"size": [4.10093, 12.30278, 4.10093],
							"inflate": 0.35,
							"uv": {
								"north": {"uv": [28, 0], "uv_size": [4.125, 12.25]},
								"east": {"uv": [30, 13], "uv_size": [4.125, 12.25]},
								"south": {"uv": [30, 26], "uv_size": [4.125, 12.25]},
								"west": {"uv": [33, 0], "uv_size": [4.125, 12.25]},
								"up": {"uv": [42, 12], "uv_size": [4.125, 4.125]},
								"down": {"uv": [42, 21.125], "uv_size": [4.125, -4.125]}
							}
						}
					]
				},
				{
					"name": "locator",
					"pivot": [0, 0, 0]
				}
			]
		}
	]
}