{
	"format_version": "1.12.0",
	"minecraft:geometry": [
		{
			"description": {
				"identifier": "geometry.ryp_calca",
				"texture_width": 128,
				"texture_height": 128,
				"visible_bounds_width": 3,
				"visible_bounds_height": 4.5,
				"visible_bounds_offset": [0, 1.75, 0]
			},
			"bones": [
				{
					"name": "root",
					"pivot": [0, 12.72, 0]
				},
				{
					"name": "rightleg",
					"parent": "root",
					"pivot": [-1.94794, 12.30278, 0],
					"cubes": [
						{
							"origin": [-3.99841, 0, -2.05046],
							"size": [4.10093, 12.30278, 4.10093],
							"inflate": 0.1,
							"uv": {
								"north": {"uv": [28, 0], "uv_size": [4.125, 12.25]},
								"east": {"uv": [28, 13], "uv_size": [4.125, 12.25]},
								"south": {"uv": [30, 26], "uv_size": [4.125, 12.25]},
								"west": {"uv": [0, 33], "uv_size": [4.125, 12.25]},
								"up": {"uv": [56, 64], "uv_size": [4.125, 4.125]},
								"down": {"uv": [64, 62.125], "uv_size": [4.125, -4.125]}
							}
						},
						{
							"origin": [-4.14894, 10.5624, -2.20099],
							"size": [4.402, 2.17797, 4.402],
							"inflate": 0.1,
							"pivot": [-1.94794, 11.65139, 0],
							"rotation": [0, 2.5, 0],
							"uv": {
								"north": {"uv": [39, 69], "uv_size": [4.375, 2.125]},
								"east": {"uv": [69, 39], "uv_size": [4.375, 2.125]},
								"south": {"uv": [69, 42], "uv_size": [4.375, 2.125]},
								"west": {"uv": [44, 69], "uv_size": [4.375, 2.125]},
								"up": {"uv": [61, 28], "uv_size": [4.375, 4.375]},
								"down": {"uv": [61, 37.375], "uv_size": [4.375, -4.375]}
							}
						},
						{
							"origin": [-4.50028, 4.73499, -2.55233],
							"size": [5.10467, 6.58598, 5.10467],
							"inflate": 0.1,
							"pivot": [-1.94795, 8.02798, 0],
							"rotation": [0, 5, 0],
							"uv": {
								"north": {"uv": [52, 0], "uv_size": [5.125, 6.625]},
								"east": {"uv": [52, 7], "uv_size": [5.125, 6.625]},
								"south": {"uv": [52, 14], "uv_size": [5.125, 6.625]},
								"west": {"uv": [29, 52], "uv_size": [5.125, 6.625]},
								"up": {"uv": [35, 57], "uv_size": [5.125, 5.125]},
								"down": {"uv": [58, 9.125], "uv_size": [5.125, -5.125]}
							}
						},
						{
							"origin": [-4.10092, -0.10252, -2.17349],
							"size": [4.34698, 4.6656, 4.34698],
							"inflate": 0.1,
							"uv": {
								"north": {"uv": [41, 59], "uv_size": [4.375, 4.625]},
								"east": {"uv": [59, 44], "uv_size": [4.375, 4.625]},
								"south": {"uv": [46, 59], "uv_size": [4.375, 4.625]},
								"west": {"uv": [59, 49], "uv_size": [4.375, 4.625]},
								"up": {"uv": [0, 63], "uv_size": [4.375, 4.375]},
								"down": {"uv": [5, 67.375], "uv_size": [4.375, -4.375]}
							}
						}
					]
				},
				{
					"name": "leftleg",
					"parent": "root",
					"pivot": [1.94794, 12.30278, 0],
					"cubes": [
						{
							"origin": [-0.10252, 0, -2.05046],
							"size": [4.10093, 12.30278, 4.10093],
							"inflate": 0.1,
							"uv": {
								"north": {"uv": [33, 0], "uv_size": [4.125, 12.25]},
								"east": {"uv": [5, 33], "uv_size": [4.125, 12.25]},
								"south": {"uv": [10, 33], "uv_size": [4.125, 12.25]},
								"west": {"uv": [33, 13], "uv_size": [4.125, 12.25]},
								"up": {"uv": [61, 64], "uv_size": [4.125, 4.125]},
								"down": {"uv": [15, 69.125], "uv_size": [4.125, -4.125]}
							}
						},
						{
							"origin": [-0.25305, 10.5624, -2.20099],
							"size": [4.402, 2.17797, 4.402],
							"inflate": 0.1,
							"pivot": [1.94794, 11.65139, 0],
							"rotation": [0, -2.5, 0],
							"uv": {
								"north": {"uv": [69, 45], "uv_size": [4.375, 2.125]},
								"east": {"uv": [69, 48], "uv_size": [4.375, 2.125]},
								"south": {"uv": [49, 69], "uv_size": [4.375, 2.125]},
								"west": {"uv": [69, 51], "uv_size": [4.375, 2.125]},
								"up": {"uv": [10, 63], "uv_size": [4.375, 4.375]},
								"down": {"uv": [63, 26.375], "uv_size": [4.375, -4.375]}
							}
						},
						{
							"origin": [-0.60439, 4.73499, -2.55233],
							"size": [5.10467, 6.58598, 5.10467],
							"inflate": 0.1,
							"pivot": [1.94795, 8.02798, 0],
							"rotation": [0, -5, 0],
							"uv": {
								"north": {"uv": [53, 46], "uv_size": [5.125, 6.625]},
								"east": {"uv": [53, 53], "uv_size": [5.125, 6.625]},
								"south": {"uv": [55, 31], "uv_size": [5.125, 6.625]},
								"west": {"uv": [0, 56], "uv_size": [5.125, 6.625]},
								"up": {"uv": [58, 10], "uv_size": [5.125, 5.125]},
								"down": {"uv": [58, 21.125], "uv_size": [5.125, -5.125]}
							}
						},
						{
							"origin": [-0.24606, -0.10252, -2.17349],
							"size": [4.34698, 4.6656, 4.34698],
							"inflate": 0.1,
							"uv": {
								"north": {"uv": [59, 54], "uv_size": [4.375, 4.625]},
								"east": {"uv": [59, 59], "uv_size": [4.375, 4.625]},
								"south": {"uv": [16, 60], "uv_size": [4.375, 4.625]},
								"west": {"uv": [51, 60], "uv_size": [4.375, 4.625]},
								"up": {"uv": [35, 63], "uv_size": [4.375, 4.375]},
								"down": {"uv": [64, 8.375], "uv_size": [4.375, -4.375]}
							}
						}
					]
				}
			]
		}
	]
}