{
	"format_version": "1.12.0",
	"minecraft:geometry": [
		{
			"description": {
				"identifier": "geometry.sabre",
				"texture_width": 128,
				"texture_height": 128,
				"visible_bounds_width": 10,
				"visible_bounds_height": 4.5,
				"visible_bounds_offset": [0, 1.75, 0]
			},
			"bones": [
				{
					"name": "root",
					"pivot": [0, 15, 1]
				},
				{
					"name": "waist",
					"parent": "root",
					"pivot": [0, 17.17172, 8.79905],
					"rotation": [90, 0, 0],
					"cubes": [
						{
							"origin": [-5.10093, 15.27355, 1.57687],
							"size": [10.20186, 11.30278, 9.10093],
							"pivot": [0, 25.42494, 7.12733],
							"rotation": [12.5, 0, 0],
							"uv": {
								"north": {"uv": [26, 24], "uv_size": [10.25, 11.25]},
								"east": {"uv": [37, 34], "uv_size": [9.125, 11.25]},
								"south": {"uv": [13, 36], "uv_size": [10.25, 11.25]},
								"west": {"uv": [0, 38], "uv_size": [9.125, 11.25]},
								"up": {"uv": [24, 46], "uv_size": [10.25, 9.125]},
								"down": {"uv": [35, 55.125], "uv_size": [10.25, -9.125]}
							}
						},
						{
							"origin": [-6.10093, 7.05556, 3.5864],
							"size": [12.20186, 11.30278, 9.10093],
							"pivot": [0, 20.70695, 6.63687],
							"rotation": [17.5, 0, 0],
							"uv": {
								"north": {"uv": [13, 24], "uv_size": [12.25, 11.25]},
								"east": {"uv": [39, 0], "uv_size": [9.125, 11.25]},
								"south": {"uv": [0, 26], "uv_size": [12.25, 11.25]},
								"west": {"uv": [39, 12], "uv_size": [9.125, 11.25]},
								"up": {"uv": [24, 36], "uv_size": [12.25, 9.125]},
								"down": {"uv": [37, 33.125], "uv_size": [12.25, -9.125]}
							}
						}
					]
				},
				{
					"name": "leftleg",
					"parent": "waist",
					"pivot": [7.64229, 12.06372, 8.70196],
					"rotation": [137.67544, -14.94159, -1.3378],
					"cubes": [
						{
							"origin": [3.37301, 8.59405, 3.57841],
							"size": [6.10093, 7.30278, 12.10093],
							"uv": {
								"north": {"uv": [21, 65], "uv_size": [6.125, 7.25]},
								"east": {"uv": [46, 46], "uv_size": [12.125, 7.25]},
								"south": {"uv": [28, 65], "uv_size": [6.125, 7.25]},
								"west": {"uv": [47, 34], "uv_size": [12.125, 7.25]},
								"up": {"uv": [49, 8], "uv_size": [6.125, 12.125]},
								"down": {"uv": [0, 62.125], "uv_size": [6.125, -12.125]}
							}
						},
						{
							"origin": [4.49604, 8.75313, 14.80237],
							"size": [4.85487, 4.98461, 4.85487],
							"uv": {
								"north": {"uv": [45, 79], "uv_size": [4.875, 5]},
								"east": {"uv": [81, 16], "uv_size": [4.875, 5]},
								"south": {"uv": [81, 21], "uv_size": [4.875, 5]},
								"west": {"uv": [81, 30], "uv_size": [4.875, 5]},
								"up": {"uv": [82, 79], "uv_size": [4.875, 4.875]},
								"down": {"uv": [83, 4.875], "uv_size": [4.875, -4.875]}
							}
						}
					]
				},
				{
					"name": "bone4",
					"parent": "leftleg",
					"pivot": [6.89824, 12.18839, 19.06857],
					"rotation": [-160, 0, 0],
					"cubes": [
						{
							"origin": [5.20324, 2.53839, 17.37357],
							"size": [3.39, 11.3, 3.39],
							"pivot": [6.89824, 3.18839, 19.06857],
							"rotation": [0, 0, 2.5],
							"uv": {
								"north": {"uv": [42, 65], "uv_size": [3.375, 11.25]},
								"east": {"uv": [46, 67], "uv_size": [3.375, 11.25]},
								"south": {"uv": [68, 65], "uv_size": [3.375, 11.25]},
								"west": {"uv": [69, 31], "uv_size": [3.375, 11.25]},
								"up": {"uv": [54, 89], "uv_size": [3.375, 3.375]},
								"down": {"uv": [89, 63.375], "uv_size": [3.375, -3.375]}
							}
						}
					]
				},
				{
					"name": "bone5",
					"parent": "bone4",
					"pivot": [6.89824, 2.34274, 19.31993],
					"rotation": [-112.5, 0, 0],
					"cubes": [
						{
							"origin": [5.39824, -5.65726, 17.81993],
							"size": [3, 8, 2],
							"uv": {
								"north": {"uv": [43, 56], "uv_size": [3, 8]},
								"east": {"uv": [87, 60], "uv_size": [2, 8]},
								"south": {"uv": [58, 81], "uv_size": [3, 8]},
								"west": {"uv": [87, 76], "uv_size": [2, 8]},
								"up": {"uv": [91, 40], "uv_size": [3, 2]},
								"down": {"uv": [91, 44], "uv_size": [3, -2]}
							}
						}
					]
				},
				{
					"name": "leftpe",
					"parent": "bone5",
					"pivot": [7.09981, -5.12204, 19.17006],
					"rotation": [26.94884, -14.83705, 1.67285],
					"cubes": [
						{
							"origin": [4.54415, -8.22073, 15.37866],
							"size": [1.2122, 2.6524, 2.0482],
							"pivot": [5.15025, -6.13453, 16.40276],
							"rotation": [-61.37298, 15.46973, 8.28342],
							"uv": {
								"north": {"uv": [94, 13], "uv_size": [1.25, 2.625]},
								"east": {"uv": [20, 92], "uv_size": [2, 2.625]},
								"south": {"uv": [14, 94], "uv_size": [1.25, 2.625]},
								"west": {"uv": [22, 92], "uv_size": [2, 2.625]},
								"up": {"uv": [24, 95], "uv_size": [1.25, 2]},
								"down": {"uv": [35, 97], "uv_size": [1.25, -2]}
							}
						},
						{
							"origin": [8.83441, -8.1012, 14.83734],
							"size": [0.88491, 1.93625, 0.94039],
							"pivot": [9.27686, -7.13307, 15.30753],
							"rotation": [-61.0146, -17.66046, -9.54013],
							"uv": {
								"north": {"uv": [34, 96], "uv_size": [0.875, 1.875]},
								"east": {"uv": [84, 92], "uv_size": [1, 1.875]},
								"south": {"uv": [96, 34], "uv_size": [0.875, 1.875]},
								"west": {"uv": [9, 93], "uv_size": [1, 1.875]},
								"up": {"uv": [20, 72], "uv_size": [0.875, 1]},
								"down": {"uv": [72, 31], "uv_size": [0.875, -1]}
							}
						},
						{
							"origin": [5.82958, -8.14894, 14.58647],
							"size": [0.89703, 1.96278, 0.95327],
							"pivot": [6.27809, -7.16755, 15.0631],
							"rotation": [-57.5, 0, 0],
							"uv": {
								"north": {"uv": [5, 96], "uv_size": [0.875, 2]},
								"east": {"uv": [65, 15], "uv_size": [1, 2]},
								"south": {"uv": [6, 96], "uv_size": [0.875, 2]},
								"west": {"uv": [68, 38], "uv_size": [1, 2]},
								"up": {"uv": [73, 42], "uv_size": [0.875, 1]},
								"down": {"uv": [76, 6], "uv_size": [0.875, -1]}
							}
						},
						{
							"origin": [7.19199, -7.76492, 14.4758],
							"size": [1.2122, 2.6524, 2.0482],
							"pivot": [7.79809, -6.43872, 15.4999],
							"rotation": [-57.5, 0, 0],
							"uv": {
								"north": {"uv": [94, 24], "uv_size": [1.25, 2.625]},
								"east": {"uv": [24, 92], "uv_size": [2, 2.625]},
								"south": {"uv": [26, 94], "uv_size": [1.25, 2.625]},
								"west": {"uv": [92, 26], "uv_size": [2, 2.625]},
								"up": {"uv": [95, 36], "uv_size": [1.25, 2]},
								"down": {"uv": [37, 97], "uv_size": [1.25, -2]}
							}
						},
						{
							"origin": [4.77412, -7.84748, 16.77506],
							"size": [4.142, 4.484, 1.862],
							"pivot": [6.84512, -5.22548, 17.32606],
							"rotation": [-62.5, 0, 0],
							"uv": {
								"north": {"uv": [86, 47], "uv_size": [4.125, 4.5]},
								"east": {"uv": [76, 0], "uv_size": [1.875, 4.5]},
								"south": {"uv": [72, 86], "uv_size": [4.125, 4.5]},
								"west": {"uv": [85, 89], "uv_size": [1.875, 4.5]},
								"up": {"uv": [90, 18], "uv_size": [4.125, 1.875]},
								"down": {"uv": [36, 91.875], "uv_size": [4.125, -1.875]}
							}
						},
						{
							"origin": [5.67199, -5.26333, 17.51602],
							"size": [1.2122, 2.6524, 2.0482],
							"pivot": [6.27809, -2.41713, 14.74012],
							"rotation": [-57.5, 0, 0],
							"uv": {
								"north": {"uv": [94, 27], "uv_size": [1.25, 2.625]},
								"east": {"uv": [36, 92], "uv_size": [2, 2.625]},
								"south": {"uv": [94, 30], "uv_size": [1.25, 2.625]},
								"west": {"uv": [38, 92], "uv_size": [2, 2.625]},
								"up": {"uv": [95, 38], "uv_size": [1.25, 2]},
								"down": {"uv": [39, 97], "uv_size": [1.25, -2]}
							}
						},
						{
							"origin": [7.34958, -8.04277, 14.75312],
							"size": [0.89703, 1.96278, 0.95327],
							"pivot": [7.79809, -7.06138, 15.22975],
							"rotation": [-57.5, 0, 0],
							"uv": {
								"north": {"uv": [7, 96], "uv_size": [0.875, 2]},
								"east": {"uv": [68, 40], "uv_size": [1, 2]},
								"south": {"uv": [8, 96], "uv_size": [0.875, 2]},
								"west": {"uv": [73, 40], "uv_size": [1, 2]},
								"up": {"uv": [40, 76], "uv_size": [0.875, 1]},
								"down": {"uv": [41, 77], "uv_size": [0.875, -1]}
							}
						},
						{
							"origin": [8.15089, -8.22268, 15.37492],
							"size": [1.2122, 2.6524, 2.0482],
							"pivot": [8.75699, -6.13648, 16.39902],
							"rotation": [-61.0146, -17.66046, -9.54013],
							"uv": {
								"north": {"uv": [94, 33], "uv_size": [1.25, 2.625]},
								"east": {"uv": [40, 92], "uv_size": [2, 2.625]},
								"south": {"uv": [94, 40], "uv_size": [1.25, 2.625]},
								"west": {"uv": [42, 92], "uv_size": [2, 2.625]},
								"up": {"uv": [41, 95], "uv_size": [1.25, 2]},
								"down": {"uv": [58, 97], "uv_size": [1.25, -2]}
							}
						},
						{
							"origin": [4.24467, -8.12236, 14.81573],
							"size": [0.89703, 1.96278, 0.95327],
							"pivot": [4.69318, -7.14097, 15.29237],
							"rotation": [-61.37298, 15.46973, 8.28342],
							"uv": {
								"north": {"uv": [96, 10], "uv_size": [0.875, 2]},
								"east": {"uv": [45, 77], "uv_size": [1, 2]},
								"south": {"uv": [96, 12], "uv_size": [0.875, 2]},
								"west": {"uv": [27, 79], "uv_size": [1, 2]},
								"up": {"uv": [77, 5], "uv_size": [0.875, 1]},
								"down": {"uv": [81, 38], "uv_size": [0.875, -1]}
							}
						}
					]
				},
				{
					"name": "rightleg",
					"parent": "waist",
					"pivot": [-7.64229, 12.06372, 8.70196],
					"rotation": [137.67544, 14.94159, 1.3378],
					"cubes": [
						{
							"origin": [-9.47394, 8.59405, 3.57841],
							"size": [6.10093, 7.30278, 12.10093],
							"uv": {
								"north": {"uv": [27.125, 65], "uv_size": [-6.125, 7.25]},
								"east": {"uv": [59.125, 34], "uv_size": [-12.125, 7.25]},
								"south": {"uv": [34.125, 65], "uv_size": [-6.125, 7.25]},
								"west": {"uv": [58.125, 46], "uv_size": [-12.125, 7.25]},
								"up": {"uv": [55.125, 8], "uv_size": [-6.125, 12.125]},
								"down": {"uv": [6.125, 62.125], "uv_size": [-6.125, -12.125]}
							}
						},
						{
							"origin": [-9.35091, 8.75313, 14.80237],
							"size": [4.85487, 4.98461, 4.85487],
							"uv": {
								"north": {"uv": [49.875, 79], "uv_size": [-4.875, 5]},
								"east": {"uv": [85.875, 30], "uv_size": [-4.875, 5]},
								"south": {"uv": [85.875, 21], "uv_size": [-4.875, 5]},
								"west": {"uv": [85.875, 16], "uv_size": [-4.875, 5]},
								"up": {"uv": [86.875, 79], "uv_size": [-4.875, 4.875]},
								"down": {"uv": [87.875, 4.875], "uv_size": [-4.875, -4.875]}
							}
						}
					]
				},
				{
					"name": "bone3",
					"parent": "rightleg",
					"pivot": [-6.89824, 12.18839, 19.06857],
					"rotation": [-160, 0, 0],
					"cubes": [
						{
							"origin": [-8.59324, 2.53839, 17.37357],
							"size": [3.39, 11.3, 3.39],
							"pivot": [-6.89824, 3.18839, 19.06857],
							"rotation": [0, 0, -2.5],
							"uv": {
								"north": {"uv": [45.375, 65], "uv_size": [-3.375, 11.25]},
								"east": {"uv": [72.375, 31], "uv_size": [-3.375, 11.25]},
								"south": {"uv": [71.375, 65], "uv_size": [-3.375, 11.25]},
								"west": {"uv": [49.375, 67], "uv_size": [-3.375, 11.25]},
								"up": {"uv": [57.375, 89], "uv_size": [-3.375, 3.375]},
								"down": {"uv": [92.375, 63.375], "uv_size": [-3.375, -3.375]}
							}
						}
					]
				},
				{
					"name": "bone6",
					"parent": "bone3",
					"pivot": [-6.89824, 2.34274, 19.31993],
					"rotation": [-112.5, 0, 0],
					"cubes": [
						{
							"origin": [-8.39824, -5.65726, 17.81993],
							"size": [3, 8, 2],
							"uv": {
								"north": {"uv": [46, 56], "uv_size": [-3, 8]},
								"east": {"uv": [89, 76], "uv_size": [-2, 8]},
								"south": {"uv": [61, 81], "uv_size": [-3, 8]},
								"west": {"uv": [89, 60], "uv_size": [-2, 8]},
								"up": {"uv": [94, 40], "uv_size": [-3, 2]},
								"down": {"uv": [94, 44], "uv_size": [-3, -2]}
							}
						}
					]
				},
				{
					"name": "rightpe",
					"parent": "bone6",
					"pivot": [-7.09981, -5.12204, 19.17006],
					"rotation": [26.94884, 14.83705, -1.67285],
					"cubes": [
						{
							"origin": [-5.75635, -8.22073, 15.37866],
							"size": [1.2122, 2.6524, 2.0482],
							"pivot": [-5.15025, -6.13453, 16.40276],
							"rotation": [-61.37298, -15.46973, -8.28342],
							"uv": {
								"north": {"uv": [95.25, 13], "uv_size": [-1.25, 2.625]},
								"east": {"uv": [24, 92], "uv_size": [-2, 2.625]},
								"south": {"uv": [15.25, 94], "uv_size": [-1.25, 2.625]},
								"west": {"uv": [22, 92], "uv_size": [-2, 2.625]},
								"up": {"uv": [25.25, 95], "uv_size": [-1.25, 2]},
								"down": {"uv": [36.25, 97], "uv_size": [-1.25, -2]}
							}
						},
						{
							"origin": [-9.71932, -8.1012, 14.83734],
							"size": [0.88491, 1.93625, 0.94039],
							"pivot": [-9.27686, -7.13307, 15.30753],
							"rotation": [-61.0146, 17.66046, 9.54013],
							"uv": {
								"north": {"uv": [34.875, 96], "uv_size": [-0.875, 1.875]},
								"east": {"uv": [10, 93], "uv_size": [-1, 1.875]},
								"south": {"uv": [96.875, 34], "uv_size": [-0.875, 1.875]},
								"west": {"uv": [85, 92], "uv_size": [-1, 1.875]},
								"up": {"uv": [20.875, 72], "uv_size": [-0.875, 1]},
								"down": {"uv": [72.875, 31], "uv_size": [-0.875, -1]}
							}
						},
						{
							"origin": [-6.7266, -8.14894, 14.58647],
							"size": [0.89703, 1.96278, 0.95327],
							"pivot": [-6.27809, -7.16755, 15.0631],
							"rotation": [-57.5, 0, 0],
							"uv": {
								"north": {"uv": [5.875, 96], "uv_size": [-0.875, 2]},
								"east": {"uv": [69, 38], "uv_size": [-1, 2]},
								"south": {"uv": [6.875, 96], "uv_size": [-0.875, 2]},
								"west": {"uv": [66, 15], "uv_size": [-1, 2]},
								"up": {"uv": [73.875, 42], "uv_size": [-0.875, 1]},
								"down": {"uv": [76.875, 6], "uv_size": [-0.875, -1]}
							}
						},
						{
							"origin": [-8.40419, -7.76492, 14.4758],
							"size": [1.2122, 2.6524, 2.0482],
							"pivot": [-7.79809, -6.43872, 15.4999],
							"rotation": [-57.5, 0, 0],
							"uv": {
								"north": {"uv": [95.25, 24], "uv_size": [-1.25, 2.625]},
								"east": {"uv": [94, 26], "uv_size": [-2, 2.625]},
								"south": {"uv": [27.25, 94], "uv_size": [-1.25, 2.625]},
								"west": {"uv": [26, 92], "uv_size": [-2, 2.625]},
								"up": {"uv": [96.25, 36], "uv_size": [-1.25, 2]},
								"down": {"uv": [38.25, 97], "uv_size": [-1.25, -2]}
							}
						},
						{
							"origin": [-8.91612, -7.84748, 16.77506],
							"size": [4.142, 4.484, 1.862],
							"pivot": [-6.84512, -5.22548, 17.32606],
							"rotation": [-62.5, 0, 0],
							"uv": {
								"north": {"uv": [90.125, 47], "uv_size": [-4.125, 4.5]},
								"east": {"uv": [86.875, 89], "uv_size": [-1.875, 4.5]},
								"south": {"uv": [76.125, 86], "uv_size": [-4.125, 4.5]},
								"west": {"uv": [77.875, 0], "uv_size": [-1.875, 4.5]},
								"up": {"uv": [94.125, 18], "uv_size": [-4.125, 1.875]},
								"down": {"uv": [40.125, 91.875], "uv_size": [-4.125, -1.875]}
							}
						},
						{
							"origin": [-6.88419, -5.26333, 17.51602],
							"size": [1.2122, 2.6524, 2.0482],
							"pivot": [-6.27809, -2.41713, 14.74012],
							"rotation": [-57.5, 0, 0],
							"uv": {
								"north": {"uv": [95.25, 27], "uv_size": [-1.25, 2.625]},
								"east": {"uv": [40, 92], "uv_size": [-2, 2.625]},
								"south": {"uv": [95.25, 30], "uv_size": [-1.25, 2.625]},
								"west": {"uv": [38, 92], "uv_size": [-2, 2.625]},
								"up": {"uv": [96.25, 38], "uv_size": [-1.25, 2]},
								"down": {"uv": [40.25, 97], "uv_size": [-1.25, -2]}
							}
						},
						{
							"origin": [-8.2466, -8.04277, 14.75312],
							"size": [0.89703, 1.96278, 0.95327],
							"pivot": [-7.79809, -7.06138, 15.22975],
							"rotation": [-57.5, 0, 0],
							"uv": {
								"north": {"uv": [7.875, 96], "uv_size": [-0.875, 2]},
								"east": {"uv": [74, 40], "uv_size": [-1, 2]},
								"south": {"uv": [8.875, 96], "uv_size": [-0.875, 2]},
								"west": {"uv": [69, 40], "uv_size": [-1, 2]},
								"up": {"uv": [40.875, 76], "uv_size": [-0.875, 1]},
								"down": {"uv": [41.875, 77], "uv_size": [-0.875, -1]}
							}
						},
						{
							"origin": [-9.36309, -8.22268, 15.37492],
							"size": [1.2122, 2.6524, 2.0482],
							"pivot": [-8.75699, -6.13648, 16.39902],
							"rotation": [-61.0146, 17.66046, 9.54013],
							"uv": {
								"north": {"uv": [95.25, 33], "uv_size": [-1.25, 2.625]},
								"east": {"uv": [44, 92], "uv_size": [-2, 2.625]},
								"south": {"uv": [95.25, 40], "uv_size": [-1.25, 2.625]},
								"west": {"uv": [42, 92], "uv_size": [-2, 2.625]},
								"up": {"uv": [42.25, 95], "uv_size": [-1.25, 2]},
								"down": {"uv": [59.25, 97], "uv_size": [-1.25, -2]}
							}
						},
						{
							"origin": [-5.14169, -8.12236, 14.81573],
							"size": [0.89703, 1.96278, 0.95327],
							"pivot": [-4.69318, -7.14097, 15.29237],
							"rotation": [-61.37298, -15.46973, -8.28342],
							"uv": {
								"north": {"uv": [96.875, 10], "uv_size": [-0.875, 2]},
								"east": {"uv": [28, 79], "uv_size": [-1, 2]},
								"south": {"uv": [96.875, 12], "uv_size": [-0.875, 2]},
								"west": {"uv": [46, 77], "uv_size": [-1, 2]},
								"up": {"uv": [77.875, 5], "uv_size": [-0.875, 1]},
								"down": {"uv": [81.875, 38], "uv_size": [-0.875, -1]}
							}
						}
					]
				},
				{
					"name": "body",
					"parent": "waist",
					"pivot": [0, 24.73558, 7.25726],
					"cubes": [
						{
							"origin": [-4.10093, 33.27355, 2.57687],
							"size": [8.20186, 8.30278, 8.10093],
							"pivot": [0, 41.42494, 6.62733],
							"rotation": [12.5, 0, 0],
							"uv": {
								"north": {"uv": [53, 54], "uv_size": [8.25, 8.25]},
								"east": {"uv": [56, 8], "uv_size": [8.125, 8.25]},
								"south": {"uv": [7, 56], "uv_size": [8.25, 8.25]},
								"west": {"uv": [16, 56], "uv_size": [8.125, 8.25]},
								"up": {"uv": [25, 56], "uv_size": [8.25, 8.125]},
								"down": {"uv": [34, 64.125], "uv_size": [8.25, -8.125]}
							}
						},
						{
							"origin": [-6.10093, 24.27355, 0.57687],
							"size": [12.20186, 11.30278, 12.10093],
							"pivot": [0, 25.42494, 7.12733],
							"rotation": [-5, 0, 0],
							"uv": {
								"north": {"uv": [13, 0], "uv_size": [12.25, 11.25]},
								"east": {"uv": [26, 0], "uv_size": [12.125, 11.25]},
								"south": {"uv": [13, 12], "uv_size": [12.25, 11.25]},
								"west": {"uv": [26, 12], "uv_size": [12.125, 11.25]},
								"up": {"uv": [0, 0], "uv_size": [12.25, 12.125]},
								"down": {"uv": [0, 25.125], "uv_size": [12.25, -12.125]}
							}
						}
					]
				},
				{
					"name": "leftarm",
					"parent": "body",
					"pivot": [7.05801, 34.57099, 6.14299],
					"rotation": [-89.82456, -14.94159, -1.3378],
					"cubes": [
						{
							"origin": [6.03278, 29.31867, 1.09253],
							"size": [4.10093, 7.30278, 7.10093],
							"uv": {
								"north": {"uv": [72, 73], "uv_size": [4.125, 7.25]},
								"east": {"uv": [62, 0], "uv_size": [7.125, 7.25]},
								"south": {"uv": [74, 40], "uv_size": [4.125, 7.25]},
								"west": {"uv": [62, 49], "uv_size": [7.125, 7.25]},
								"up": {"uv": [40, 77], "uv_size": [4.125, 7.125]},
								"down": {"uv": [64, 84.125], "uv_size": [4.125, -7.125]}
							}
						},
						{
							"origin": [5.92572, 35.06591, 1.73031],
							"size": [3.89588, 5.03764, 5.79588],
							"pivot": [7.87366, 37.58473, 4.62825],
							"rotation": [-22.32648, -2.86313, -6.93488],
							"uv": {
								"north": {"uv": [84, 37], "uv_size": [3.875, 5]},
								"east": {"uv": [76, 56], "uv_size": [5.75, 5]},
								"south": {"uv": [84, 42], "uv_size": [3.875, 5]},
								"west": {"uv": [4, 78], "uv_size": [5.75, 5]},
								"up": {"uv": [33, 83], "uv_size": [3.875, 5.75]},
								"down": {"uv": [50, 88.75], "uv_size": [3.875, -5.75]}
							}
						},
						{
							"origin": [6.15581, 29.47775, 7.31649],
							"size": [3.85487, 4.98461, 4.85487],
							"uv": {
								"north": {"uv": [83, 66], "uv_size": [3.875, 5]},
								"east": {"uv": [79, 38], "uv_size": [4.875, 5]},
								"south": {"uv": [84, 5], "uv_size": [3.875, 5]},
								"west": {"uv": [79, 43], "uv_size": [4.875, 5]},
								"up": {"uv": [61, 85], "uv_size": [3.875, 4.875]},
								"down": {"uv": [65, 89.875], "uv_size": [3.875, -4.875]}
							}
						}
					]
				},
				{
					"name": "bone",
					"parent": "leftarm",
					"pivot": [7.55801, 29.57099, 10.64299],
					"rotation": [-12.5, 0, 0],
					"cubes": [
						{
							"origin": [6.05801, 20.57099, 9.14299],
							"size": [3, 10, 3],
							"uv": {
								"north": {"uv": [10, 38], "uv_size": [3, 10]},
								"east": {"uv": [58, 71], "uv_size": [3, 10]},
								"south": {"uv": [28, 73], "uv_size": [3, 10]},
								"west": {"uv": [73, 30], "uv_size": [3, 10]},
								"up": {"uv": [57, 31], "uv_size": [3, 3]},
								"down": {"uv": [58, 92], "uv_size": [3, -3]}
							}
						}
					]
				},
				{
					"name": "leftmao",
					"parent": "bone",
					"pivot": [7.95411, 19.75877, 10.22885],
					"rotation": [-4.98107, -0.43523, 12.51893],
					"cubes": [
						{
							"origin": [5.39846, 16.66008, 6.43745],
							"size": [1.2122, 2.6524, 2.0482],
							"pivot": [6.00456, 18.74628, 7.46155],
							"rotation": [-61.37298, 15.46973, 8.28342],
							"uv": {
								"north": {"uv": [93, 71], "uv_size": [1.25, 2.625]},
								"east": {"uv": [70, 61], "uv_size": [2, 2.625]},
								"south": {"uv": [73, 93], "uv_size": [1.25, 2.625]},
								"west": {"uv": [40, 73], "uv_size": [2, 2.625]},
								"up": {"uv": [0, 95], "uv_size": [1.25, 2]},
								"down": {"uv": [95, 7], "uv_size": [1.25, -2]}
							}
						},
						{
							"origin": [9.68872, 16.77961, 5.89613],
							"size": [0.88491, 1.93625, 0.94039],
							"pivot": [10.13117, 17.74774, 6.36632],
							"rotation": [-61.0146, -17.66046, -9.54013],
							"uv": {
								"north": {"uv": [96, 32], "uv_size": [0.875, 1.875]},
								"east": {"uv": [12, 92], "uv_size": [1, 1.875]},
								"south": {"uv": [33, 96], "uv_size": [0.875, 1.875]},
								"west": {"uv": [68, 92], "uv_size": [1, 1.875]},
								"up": {"uv": [71, 64], "uv_size": [0.875, 1]},
								"down": {"uv": [19, 73], "uv_size": [0.875, -1]}
							}
						},
						{
							"origin": [6.68388, 16.73187, 5.64525],
							"size": [0.89703, 1.96278, 0.95327],
							"pivot": [7.13239, 17.71326, 6.12189],
							"rotation": [-57.5, 0, 0],
							"uv": {
								"north": {"uv": [83, 95], "uv_size": [0.875, 2]},
								"east": {"uv": [58, 44], "uv_size": [1, 2]},
								"south": {"uv": [4, 96], "uv_size": [0.875, 2]},
								"west": {"uv": [61, 63], "uv_size": [1, 2]},
								"up": {"uv": [69, 48], "uv_size": [0.875, 1]},
								"down": {"uv": [70, 65], "uv_size": [0.875, -1]}
							}
						},
						{
							"origin": [8.04629, 17.11589, 5.53459],
							"size": [1.2122, 2.6524, 2.0482],
							"pivot": [8.65239, 18.44209, 6.55869],
							"rotation": [-57.5, 0, 0],
							"uv": {
								"north": {"uv": [94, 10], "uv_size": [1.25, 2.625]},
								"east": {"uv": [16, 92], "uv_size": [2, 2.625]},
								"south": {"uv": [12, 94], "uv_size": [1.25, 2.625]},
								"west": {"uv": [18, 92], "uv_size": [2, 2.625]},
								"up": {"uv": [20, 95], "uv_size": [1.25, 2]},
								"down": {"uv": [22, 97], "uv_size": [1.25, -2]}
							}
						},
						{
							"origin": [5.62843, 17.03333, 7.83385],
							"size": [4.142, 4.484, 1.862],
							"pivot": [7.69943, 19.65533, 8.38485],
							"rotation": [-62.5, 0, 0],
							"uv": {
								"north": {"uv": [86, 21], "uv_size": [4.125, 4.5]},
								"east": {"uv": [68, 43], "uv_size": [1.875, 4.5]},
								"south": {"uv": [86, 30], "uv_size": [4.125, 4.5]},
								"west": {"uv": [74, 48], "uv_size": [1.875, 4.5]},
								"up": {"uv": [90, 5], "uv_size": [4.125, 1.875]},
								"down": {"uv": [90, 17.875], "uv_size": [4.125, -1.875]}
							}
						},
						{
							"origin": [6.52629, 19.61748, 8.57481],
							"size": [1.2122, 2.6524, 2.0482],
							"pivot": [7.13239, 22.46368, 5.79891],
							"rotation": [-57.5, 0, 0],
							"uv": {
								"north": {"uv": [93, 93], "uv_size": [1.25, 2.625]},
								"east": {"uv": [92, 0], "uv_size": [2, 2.625]},
								"south": {"uv": [94, 0], "uv_size": [1.25, 2.625]},
								"west": {"uv": [92, 10], "uv_size": [2, 2.625]},
								"up": {"uv": [18, 95], "uv_size": [1.25, 2]},
								"down": {"uv": [95, 20], "uv_size": [1.25, -2]}
							}
						},
						{
							"origin": [8.20388, 16.83804, 5.81191],
							"size": [0.89703, 1.96278, 0.95327],
							"pivot": [8.65239, 17.81943, 6.28854],
							"rotation": [-57.5, 0, 0],
							"uv": {
								"north": {"uv": [68, 94], "uv_size": [0.875, 2]},
								"east": {"uv": [23, 54], "uv_size": [1, 2]},
								"south": {"uv": [90, 94], "uv_size": [0.875, 2]},
								"west": {"uv": [56, 17], "uv_size": [1, 2]},
								"up": {"uv": [49, 23], "uv_size": [0.875, 1]},
								"down": {"uv": [57, 46], "uv_size": [0.875, -1]}
							}
						},
						{
							"origin": [9.0052, 16.65813, 6.43371],
							"size": [1.2122, 2.6524, 2.0482],
							"pivot": [9.6113, 18.74433, 7.45781],
							"rotation": [-61.0146, -17.66046, -9.54013],
							"uv": {
								"north": {"uv": [75, 93], "uv_size": [1.25, 2.625]},
								"east": {"uv": [85, 76], "uv_size": [2, 2.625]},
								"south": {"uv": [91, 93], "uv_size": [1.25, 2.625]},
								"west": {"uv": [80, 91], "uv_size": [2, 2.625]},
								"up": {"uv": [16, 95], "uv_size": [1.25, 2]},
								"down": {"uv": [95, 18], "uv_size": [1.25, -2]}
							}
						},
						{
							"origin": [5.09897, 16.75845, 5.87452],
							"size": [0.89703, 1.96278, 0.95327],
							"pivot": [5.54749, 17.73984, 6.35115],
							"rotation": [-61.37298, 15.46973, 8.28342],
							"uv": {
								"north": {"uv": [9, 95], "uv_size": [0.875, 2]},
								"east": {"uv": [56, 19], "uv_size": [1, 2]},
								"south": {"uv": [43, 95], "uv_size": [0.875, 2]},
								"west": {"uv": [58, 42], "uv_size": [1, 2]},
								"up": {"uv": [68, 42], "uv_size": [0.875, 1]},
								"down": {"uv": [68, 49], "uv_size": [0.875, -1]}
							}
						}
					]
				},
				{
					"name": "rightarm",
					"parent": "body",
					"pivot": [-7.05801, 34.57099, 6.14299],
					"rotation": [-89.82456, 14.94159, 1.3378],
					"cubes": [
						{
							"origin": [-10.13371, 29.31867, 1.09253],
							"size": [4.10093, 7.30278, 7.10093],
							"uv": {
								"north": {"uv": [76, 30], "uv_size": [4.125, 7.25]},
								"east": {"uv": [62, 57], "uv_size": [7.125, 7.25]},
								"south": {"uv": [76, 48], "uv_size": [4.125, 7.25]},
								"west": {"uv": [53, 63], "uv_size": [7.125, 7.25]},
								"up": {"uv": [77, 73], "uv_size": [4.125, 7.125]},
								"down": {"uv": [78, 7.125], "uv_size": [4.125, -7.125]}
							}
						},
						{
							"origin": [-9.8216, 35.06591, 1.73031],
							"size": [3.89588, 5.03764, 5.79588],
							"pivot": [-7.87366, 37.58473, 4.62825],
							"rotation": [-22.32648, 2.86313, 6.93488],
							"uv": {
								"north": {"uv": [45, 84], "uv_size": [3.875, 5]},
								"east": {"uv": [78, 8], "uv_size": [5.75, 5]},
								"south": {"uv": [82, 84], "uv_size": [3.875, 5]},
								"west": {"uv": [10, 78], "uv_size": [5.75, 5]},
								"up": {"uv": [54, 83], "uv_size": [3.875, 5.75]},
								"down": {"uv": [83, 65.75], "uv_size": [3.875, -5.75]}
							}
						},
						{
							"origin": [-10.01068, 29.47775, 7.31649],
							"size": [3.85487, 4.98461, 4.85487],
							"uv": {
								"north": {"uv": [37, 85], "uv_size": [3.875, 5]},
								"east": {"uv": [81, 48], "uv_size": [4.875, 5]},
								"south": {"uv": [41, 85], "uv_size": [3.875, 5]},
								"west": {"uv": [72, 81], "uv_size": [4.875, 5]},
								"up": {"uv": [85, 71], "uv_size": [3.875, 4.875]},
								"down": {"uv": [86, 20.875], "uv_size": [3.875, -4.875]}
							}
						}
					]
				},
				{
					"name": "bone2",
					"parent": "rightarm",
					"pivot": [-7.55801, 29.57099, 10.64299],
					"rotation": [-12.5, 0, 0],
					"cubes": [
						{
							"origin": [-9.05801, 20.57099, 9.14299],
							"size": [3, 10, 3],
							"uv": {
								"north": {"uv": [31, 73], "uv_size": [3, 10]},
								"east": {"uv": [34, 73], "uv_size": [3, 10]},
								"south": {"uv": [37, 73], "uv_size": [3, 10]},
								"west": {"uv": [61, 73], "uv_size": [3, 10]},
								"up": {"uv": [89, 81], "uv_size": [3, 3]},
								"down": {"uv": [82, 92], "uv_size": [3, -3]}
							}
						}
					]
				},
				{
					"name": "rightmao",
					"parent": "bone2",
					"pivot": [-7.95411, 19.75877, 10.22885],
					"rotation": [-4.98107, 0.43523, -12.51893],
					"cubes": [
						{
							"origin": [-6.61066, 16.66008, 6.43745],
							"size": [1.2122, 2.6524, 2.0482],
							"pivot": [-6.00456, 18.74628, 7.46155],
							"rotation": [-61.37298, -15.46973, -8.28342],
							"uv": {
								"north": {"uv": [94, 43], "uv_size": [1.25, 2.625]},
								"east": {"uv": [58, 92], "uv_size": [2, 2.625]},
								"south": {"uv": [94, 47], "uv_size": [1.25, 2.625]},
								"west": {"uv": [60, 92], "uv_size": [2, 2.625]},
								"up": {"uv": [95, 58], "uv_size": [1.25, 2]},
								"down": {"uv": [60, 97], "uv_size": [1.25, -2]}
							}
						},
						{
							"origin": [-10.57362, 16.77961, 5.89613],
							"size": [0.88491, 1.93625, 0.94039],
							"pivot": [-10.13117, 17.74774, 6.36632],
							"rotation": [-61.0146, 17.66046, 9.54013],
							"uv": {
								"north": {"uv": [96, 40], "uv_size": [0.875, 1.875]},
								"east": {"uv": [35, 93], "uv_size": [1, 1.875]},
								"south": {"uv": [96, 42], "uv_size": [0.875, 1.875]},
								"west": {"uv": [93, 44], "uv_size": [1, 1.875]},
								"up": {"uv": [81, 55], "uv_size": [0.875, 1]},
								"down": {"uv": [3, 83], "uv_size": [0.875, -1]}
							}
						},
						{
							"origin": [-7.58091, 16.73187, 5.64525],
							"size": [0.89703, 1.96278, 0.95327],
							"pivot": [-7.13239, 17.71326, 6.12189],
							"rotation": [-57.5, 0, 0],
							"uv": {
								"north": {"uv": [96, 14], "uv_size": [0.875, 2]},
								"east": {"uv": [27, 81], "uv_size": [1, 2]},
								"south": {"uv": [96, 20], "uv_size": [0.875, 2]},
								"west": {"uv": [81, 53], "uv_size": [1, 2]},
								"up": {"uv": [26, 82], "uv_size": [0.875, 1]},
								"down": {"uv": [82, 38], "uv_size": [0.875, -1]}
							}
						},
						{
							"origin": [-9.25849, 17.11589, 5.53459],
							"size": [1.2122, 2.6524, 2.0482],
							"pivot": [-8.65239, 18.44209, 6.55869],
							"rotation": [-57.5, 0, 0],
							"uv": {
								"north": {"uv": [94, 50], "uv_size": [1.25, 2.625]},
								"east": {"uv": [62, 92], "uv_size": [2, 2.625]},
								"south": {"uv": [94, 53], "uv_size": [1.25, 2.625]},
								"west": {"uv": [64, 92], "uv_size": [2, 2.625]},
								"up": {"uv": [95, 60], "uv_size": [1.25, 2]},
								"down": {"uv": [62, 97], "uv_size": [1.25, -2]}
							}
						},
						{
							"origin": [-9.77043, 17.03333, 7.83385],
							"size": [4.142, 4.484, 1.862],
							"pivot": [-7.69943, 19.65533, 8.38485],
							"rotation": [-62.5, 0, 0],
							"uv": {
								"north": {"uv": [77, 86], "uv_size": [4.125, 4.5]},
								"east": {"uv": [87, 89], "uv_size": [1.875, 4.5]},
								"south": {"uv": [86, 84], "uv_size": [4.125, 4.5]},
								"west": {"uv": [89, 89], "uv_size": [1.875, 4.5]},
								"up": {"uv": [61, 90], "uv_size": [4.125, 1.875]},
								"down": {"uv": [5, 92.875], "uv_size": [4.125, -1.875]}
							}
						},
						{
							"origin": [-7.73849, 19.61748, 8.57481],
							"size": [1.2122, 2.6524, 2.0482],
							"pivot": [-7.13239, 22.46368, 5.79891],
							"rotation": [-57.5, 0, 0],
							"uv": {
								"north": {"uv": [94, 68], "uv_size": [1.25, 2.625]},
								"east": {"uv": [66, 92], "uv_size": [2, 2.625]},
								"south": {"uv": [94, 74], "uv_size": [1.25, 2.625]},
								"west": {"uv": [92, 68], "uv_size": [2, 2.625]},
								"up": {"uv": [95, 62], "uv_size": [1.25, 2]},
								"down": {"uv": [64, 97], "uv_size": [1.25, -2]}
							}
						},
						{
							"origin": [-9.10091, 16.83804, 5.81191],
							"size": [0.89703, 1.96278, 0.95327],
							"pivot": [-8.65239, 17.81943, 6.28854],
							"rotation": [-57.5, 0, 0],
							"uv": {
								"north": {"uv": [96, 22], "uv_size": [0.875, 2]},
								"east": {"uv": [81, 71], "uv_size": [1, 2]},
								"south": {"uv": [96, 24], "uv_size": [0.875, 2]},
								"west": {"uv": [83, 5], "uv_size": [1, 2]},
								"up": {"uv": [82, 60], "uv_size": [0.875, 1]},
								"down": {"uv": [83, 8], "uv_size": [0.875, -1]}
							}
						},
						{
							"origin": [-10.2174, 16.65813, 6.43371],
							"size": [1.2122, 2.6524, 2.0482],
							"pivot": [-9.6113, 18.74433, 7.45781],
							"rotation": [-61.0146, 17.66046, 9.54013],
							"uv": {
								"north": {"uv": [77, 94], "uv_size": [1.25, 2.625]},
								"east": {"uv": [92, 75], "uv_size": [2, 2.625]},
								"south": {"uv": [94, 77], "uv_size": [1.25, 2.625]},
								"west": {"uv": [92, 78], "uv_size": [2, 2.625]},
								"up": {"uv": [95, 64], "uv_size": [1.25, 2]},
								"down": {"uv": [66, 97], "uv_size": [1.25, -2]}
							}
						},
						{
							"origin": [-5.996, 16.75845, 5.87452],
							"size": [0.89703, 1.96278, 0.95327],
							"pivot": [-5.54749, 17.73984, 6.35115],
							"rotation": [-61.37298, -15.46973, -8.28342],
							"uv": {
								"north": {"uv": [96, 26], "uv_size": [0.875, 2]},
								"east": {"uv": [49, 84], "uv_size": [1, 2]},
								"south": {"uv": [28, 96], "uv_size": [0.875, 2]},
								"west": {"uv": [49, 86], "uv_size": [1, 2]},
								"up": {"uv": [83, 37], "uv_size": [0.875, 1]},
								"down": {"uv": [84, 48], "uv_size": [0.875, -1]}
							}
						}
					]
				},
				{
					"name": "head",
					"parent": "body",
					"pivot": [0, 42.58909, 7.00855],
					"rotation": [-87.5, 0, 0],
					"cubes": [
						{
							"origin": [-4.52, 38.81877, 0.70169],
							"size": [9.04, 7.04, 7.04],
							"uv": {
								"north": {"uv": [57, 17], "uv_size": [9, 7]},
								"east": {"uv": [0, 63], "uv_size": [7, 7]},
								"south": {"uv": [57, 24], "uv_size": [9, 7]},
								"west": {"uv": [7, 65], "uv_size": [7, 7]},
								"up": {"uv": [59, 42], "uv_size": [9, 7]},
								"down": {"uv": [60, 38], "uv_size": [9, -7]}
							}
						},
						{
							"origin": [-6.68186, 38.81877, 2.75329],
							"size": [6.04, 6.04, 6.04],
							"pivot": [-2, 42.33877, 5.22169],
							"rotation": [-3.13388, 17.22575, -10.47479],
							"uv": {
								"north": {"uv": [70, 0], "uv_size": [6, 6]},
								"east": {"uv": [70, 55], "uv_size": [6, 6]},
								"south": {"uv": [4, 72], "uv_size": [6, 6]},
								"west": {"uv": [72, 6], "uv_size": [6, 6]},
								"up": {"uv": [10, 72], "uv_size": [6, 6]},
								"down": {"uv": [72, 18], "uv_size": [6, -6]}
							}
						},
						{
							"origin": [0.64186, 38.81877, 2.75329],
							"size": [6.04, 6.04, 6.04],
							"pivot": [2, 42.33877, 5.22169],
							"rotation": [-3.13388, -17.22575, 10.47479],
							"uv": {
								"north": {"uv": [72, 18], "uv_size": [6, 6]},
								"east": {"uv": [72, 24], "uv_size": [6, 6]},
								"south": {"uv": [72, 61], "uv_size": [6, 6]},
								"west": {"uv": [72, 67], "uv_size": [6, 6]},
								"up": {"uv": [16, 73], "uv_size": [6, 6]},
								"down": {"uv": [22, 79], "uv_size": [6, -6]}
							}
						},
						{
							"origin": [5.0491, 38.8432, 5.37834],
							"size": [3.04, 4.04, 4.04],
							"pivot": [7.0691, 40.8632, 7.39834],
							"rotation": [-3.75829, -37.19061, 11.81972],
							"uv": {
								"north": {"uv": [50, 67], "uv_size": [3, 4]},
								"east": {"uv": [60, 38], "uv_size": [4, 4]},
								"south": {"uv": [88, 40], "uv_size": [3, 4]},
								"west": {"uv": [64, 38], "uv_size": [4, 4]},
								"up": {"uv": [89, 10], "uv_size": [3, 4]},
								"down": {"uv": [89, 30], "uv_size": [3, -4]}
							}
						},
						{
							"origin": [-8.0891, 38.8432, 5.37834],
							"size": [3.04, 4.04, 4.04],
							"pivot": [-7.0691, 40.8632, 7.39834],
							"rotation": [-3.75829, 37.19061, -11.81972],
							"uv": {
								"north": {"uv": [33, 89], "uv_size": [3, 4]},
								"east": {"uv": [64, 73], "uv_size": [4, 4]},
								"south": {"uv": [45, 89], "uv_size": [3, 4]},
								"west": {"uv": [87, 52], "uv_size": [4, 4]},
								"up": {"uv": [48, 89], "uv_size": [3, 4]},
								"down": {"uv": [51, 93], "uv_size": [3, -4]}
							}
						},
						{
							"origin": [-3.52, 45.81877, 0.70169],
							"size": [7.04, 1.04, 7.04],
							"uv": {
								"north": {"uv": [47, 45], "uv_size": [7, 1]},
								"east": {"uv": [81, 26], "uv_size": [7, 1]},
								"south": {"uv": [88, 46], "uv_size": [7, 1]},
								"west": {"uv": [90, 7], "uv_size": [7, 1]},
								"up": {"uv": [65, 8], "uv_size": [7, 7]},
								"down": {"uv": [14, 72], "uv_size": [7, -7]}
							}
						},
						{
							"origin": [-6.21673, 45.61342, 4.70169],
							"size": [3.04, 2.04, 1.04],
							"pivot": [-0.69673, 49.63342, 5.22169],
							"rotation": [0, 0, -7.5],
							"uv": {
								"north": {"uv": [66, 90], "uv_size": [3, 2]},
								"east": {"uv": [23, 48], "uv_size": [1, 2]},
								"south": {"uv": [91, 24], "uv_size": [3, 2]},
								"west": {"uv": [49, 21], "uv_size": [1, 2]},
								"up": {"uv": [54, 45], "uv_size": [3, 1]},
								"down": {"uv": [7, 56], "uv_size": [3, -1]}
							}
						},
						{
							"origin": [3.17673, 45.61342, 4.70169],
							"size": [3.04, 2.04, 1.04],
							"pivot": [0.69673, 49.63342, 5.22169],
							"rotation": [0, 0, 7.5],
							"uv": {
								"north": {"uv": [91, 30], "uv_size": [3, 2]},
								"east": {"uv": [23, 50], "uv_size": [1, 2]},
								"south": {"uv": [91, 32], "uv_size": [3, 2]},
								"west": {"uv": [23, 52], "uv_size": [1, 2]},
								"up": {"uv": [43, 64], "uv_size": [3, 1]},
								"down": {"uv": [16, 73], "uv_size": [3, -1]}
							}
						},
						{
							"origin": [-2.52, 40.81877, -4.29831],
							"size": [5.04, 3.04, 5.04],
							"uv": {
								"north": {"uv": [84, 10], "uv_size": [5, 3]},
								"east": {"uv": [87, 68], "uv_size": [5, 3]},
								"south": {"uv": [5, 88], "uv_size": [5, 3]},
								"west": {"uv": [88, 37], "uv_size": [5, 3]},
								"up": {"uv": [78, 61], "uv_size": [5, 5]},
								"down": {"uv": [78, 71], "uv_size": [5, -5]}
							}
						},
						{
							"origin": [-1.52, 42.81877, -5.29831],
							"size": [3.04, 2.04, 2.04],
							"uv": {
								"north": {"uv": [78, 71], "uv_size": [3, 2]},
								"east": {"uv": [70, 6], "uv_size": [2, 2]},
								"south": {"uv": [37, 83], "uv_size": [3, 2]},
								"west": {"uv": [74, 53], "uv_size": [2, 2]},
								"up": {"uv": [61, 83], "uv_size": [3, 2]},
								"down": {"uv": [41, 92], "uv_size": [3, -2]}
							}
						},
						{
							"origin": [1.34967, 37.41396, -4.42864],
							"size": [1.3, 3.8, 1.3],
							"pivot": [2.08682, 40.30637, -3.86546],
							"rotation": [-4.95744, 0.65182, 2.47178],
							"uv": {
								"north": {"uv": [48, 93], "uv_size": [1.25, 3.75]},
								"east": {"uv": [50, 93], "uv_size": [1.25, 3.75]},
								"south": {"uv": [52, 93], "uv_size": [1.25, 3.75]},
								"west": {"uv": [54, 93], "uv_size": [1.25, 3.75]},
								"up": {"uv": [45, 96], "uv_size": [1.25, 1.25]},
								"down": {"uv": [96, 47.25], "uv_size": [1.25, -1.25]}
							}
						},
						{
							"origin": [-2.64967, 37.41396, -4.42864],
							"size": [1.3, 3.8, 1.3],
							"pivot": [-2.08682, 40.30637, -3.86546],
							"rotation": [-4.95744, -0.65182, -2.47178],
							"uv": {
								"north": {"uv": [56, 93], "uv_size": [1.25, 3.75]},
								"east": {"uv": [93, 60], "uv_size": [1.25, 3.75]},
								"south": {"uv": [93, 64], "uv_size": [1.25, 3.75]},
								"west": {"uv": [71, 93], "uv_size": [1.25, 3.75]},
								"up": {"uv": [96, 48], "uv_size": [1.25, 1.25]},
								"down": {"uv": [96, 51.25], "uv_size": [1.25, -1.25]}
							}
						},
						{
							"origin": [-1.52, 38.81877, -4.29831],
							"size": [3.04, 2.04, 5.04],
							"uv": {
								"north": {"uv": [4, 70], "uv_size": [3, 2]},
								"east": {"uv": [88, 44], "uv_size": [5, 2]},
								"south": {"uv": [76, 38], "uv_size": [3, 2]},
								"west": {"uv": [89, 14], "uv_size": [5, 2]},
								"up": {"uv": [7, 50], "uv_size": [3, 5]},
								"down": {"uv": [59, 54], "uv_size": [3, -5]}
							}
						},
						{
							"origin": [-1.52, 36.77877, -4.29831],
							"size": [3.04, 2.04, 3.04],
							"uv": {
								"north": {"uv": [91, 47], "uv_size": [3, 2]},
								"east": {"uv": [91, 49], "uv_size": [3, 2]},
								"south": {"uv": [91, 51], "uv_size": [3, 2]},
								"west": {"uv": [91, 53], "uv_size": [3, 2]},
								"up": {"uv": [89, 75], "uv_size": [3, 3]},
								"down": {"uv": [89, 81], "uv_size": [3, -3]}
							}
						}
					]
				},
				{
					"name": "tail",
					"parent": "waist",
					"pivot": [-0.00001, 8.3228, 14.57976],
					"rotation": [-70, 0, 0],
					"cubes": [
						{
							"origin": [-1.20134, 7.06641, 13.06869],
							"size": [2.40266, 2.51279, 11.02214],
							"uv": {
								"north": {"uv": [77, 91], "uv_size": [2.375, 2.5]},
								"east": {"uv": [47, 42], "uv_size": [11, 2.5]},
								"south": {"uv": [91, 84], "uv_size": [2.375, 2.5]},
								"west": {"uv": [78, 13], "uv_size": [11, 2.5]},
								"up": {"uv": [69, 77], "uv_size": [2.375, 11]},
								"down": {"uv": [78, 27], "uv_size": [2.375, -11]}
							}
						}
					]
				},
				{
					"name": "tail2",
					"parent": "tail",
					"pivot": [0, 8.3228, 23.85976],
					"cubes": [
						{
							"origin": [-1.12841, 7.14267, 23.9632],
							"size": [2.25682, 2.36027, 10.35309],
							"uv": {
								"north": {"uv": [91, 87], "uv_size": [2.25, 2.375]},
								"east": {"uv": [78, 27], "uv_size": [10.375, 2.375]},
								"south": {"uv": [91, 90], "uv_size": [2.25, 2.375]},
								"west": {"uv": [16, 79], "uv_size": [10.375, 2.375]},
								"up": {"uv": [13, 83], "uv_size": [2.25, 10.375]},
								"down": {"uv": [26, 93.375], "uv_size": [2.25, -10.375]}
							}
						}
					]
				},
				{
					"name": "tail3",
					"parent": "tail2",
					"pivot": [0, 8.3228, 34.41976],
					"cubes": [
						{
							"origin": [-0.84514, 7.43893, 34.08032],
							"size": [1.69028, 1.76775, 12.75408],
							"uv": {
								"north": {"uv": [92, 3], "uv_size": [1.75, 1.75]},
								"east": {"uv": [81, 35], "uv_size": [12.75, 1.75]},
								"south": {"uv": [94, 3], "uv_size": [1.75, 1.75]},
								"west": {"uv": [82, 58], "uv_size": [12.75, 1.75]},
								"up": {"uv": [29, 83], "uv_size": [1.75, 12.75]},
								"down": {"uv": [31, 95.75], "uv_size": [1.75, -12.75]}
							}
						}
					]
				},
				{
					"name": "tail4",
					"parent": "tail3",
					"pivot": [0, 8.3228, 46.49496],
					"cubes": [
						{
							"origin": [-0.6085, 7.68641, 46.17981],
							"size": [1.217, 1.27278, 11.58293],
							"uv": {
								"north": {"uv": [96, 52], "uv_size": [1.25, 1.25]},
								"east": {"uv": [87, 56], "uv_size": [11.625, 1.25]},
								"south": {"uv": [96, 54], "uv_size": [1.25, 1.25]},
								"west": {"uv": [88, 8], "uv_size": [11.625, 1.25]},
								"up": {"uv": [10, 88], "uv_size": [1.25, 11.625]},
								"down": {"uv": [69, 99.625], "uv_size": [1.25, -11.625]}
							}
						},
						{
							"origin": [-2.6085, 7.95919, 57.17981],
							"size": [5.217, 0, 7.58293],
							"uv": {
								"north": {"uv": [0, 0], "uv_size": [5.25, 0]},
								"east": {"uv": [0, 0], "uv_size": [7.625, 0]},
								"south": {"uv": [0, 0], "uv_size": [5.25, 0]},
								"west": {"uv": [0, 0], "uv_size": [7.625, 0]},
								"up": {"uv": [66, 15], "uv_size": [5.25, 7.625]},
								"down": {"uv": [66, 30.625], "uv_size": [5.25, -7.625]}
							}
						},
						{
							"origin": [-2.6085, 7.95919, 57.17981],
							"size": [5.217, 0, 7.58293],
							"pivot": [0, 7.95919, 60.97128],
							"rotation": [0, 0, 90],
							"uv": {
								"north": {"uv": [0, 0], "uv_size": [5.25, 0]},
								"east": {"uv": [0, 0], "uv_size": [7.625, 0]},
								"south": {"uv": [0, 0], "uv_size": [5.25, 0]},
								"west": {"uv": [0, 0], "uv_size": [7.625, 0]},
								"up": {"uv": [66, 15], "uv_size": [5.25, 7.625]},
								"down": {"uv": [66, 30.625], "uv_size": [5.25, -7.625]}
							}
						}
					]
				}
			]
		}
	]
}