{
	"format_version": "1.12.0",
	"minecraft:geometry": [
		{
			"description": {
				"identifier": "geometry.saibaman",
				"texture_width": 64,
				"texture_height": 64,
				"visible_bounds_width": 3,
				"visible_bounds_height": 4.5,
				"visible_bounds_offset": [0, 1.75, 0]
			},
			"bones": [
				{
					"name": "root",
					"pivot": [0, 10.9392, 0]
				},
				{
					"name": "waist",
					"parent": "root",
					"pivot": [0, 11.18, 0]
				},
				{
					"name": "body",
					"parent": "waist",
					"pivot": [0, 21.16079, 0],
					"cubes": [
						{
							"origin": [-3.91475, 9.99847, -1.95737],
							"size": [7.8295, 11.74423, 3.91475],
							"uv": {
								"north": {"uv": [0, 0], "uv_size": [8.25, 12.25]},
								"east": {"uv": [16, 13], "uv_size": [4.125, 12.25]},
								"south": {"uv": [9, 0], "uv_size": [8.25, 12.25]},
								"west": {"uv": [18, 0], "uv_size": [4.125, 12.25]},
								"up": {"uv": [35, 38], "uv_size": [8.25, 4.125]},
								"down": {"uv": [14, 43.125], "uv_size": [8.25, -4.125]}
							}
						}
					]
				},
				{
					"name": "rightarm",
					"parent": "body",
					"pivot": [-4.4085, 19.39739, 0],
					"cubes": [
						{
							"origin": [-7.0536, 10.58039, -1.7634],
							"size": [3.5268, 10.58039, 3.5268],
							"uv": {
								"north": {"uv": [0, 21], "uv_size": [4.125, 12.25]},
								"east": {"uv": [5, 21], "uv_size": [4.125, 12.25]},
								"south": {"uv": [10, 21], "uv_size": [4.125, 12.25]},
								"west": {"uv": [21, 13], "uv_size": [4.125, 12.25]},
								"up": {"uv": [42, 18], "uv_size": [4.125, 4.125]},
								"down": {"uv": [42, 27.125], "uv_size": [4.125, -4.125]}
							}
						},
						{
							"origin": [-5.71043, 13.99819, -2.60246],
							"size": [1.86018, 0.93009, 1.86018],
							"pivot": [-2.37509, 13.57739, -1.03993],
							"rotation": [56.4104, 27.7799, -30.563],
							"uv": {
								"north": {"uv": [47, 26], "uv_size": [2.125, 1.125]},
								"east": {"uv": [47, 28], "uv_size": [2.125, 1.125]},
								"south": {"uv": [47, 30], "uv_size": [2.125, 1.125]},
								"west": {"uv": [47, 32], "uv_size": [2.125, 1.125]},
								"up": {"uv": [18, 46], "uv_size": [2.125, 2.125]},
								"down": {"uv": [28, 48.125], "uv_size": [2.125, -2.125]}
							}
						},
						{
							"origin": [-4.65067, 10.05269, -1.91659],
							"size": [0.95967, 0.47984, 1.58283],
							"pivot": [-4.17084, 10.2926, -1.98517],
							"rotation": [73.5954, 36.2772, -12.4602],
							"uv": {
								"north": {"uv": [47, 36], "uv_size": [1.625, 0.875]},
								"east": {"uv": [0, 47], "uv_size": [2.75, 0.875]},
								"south": {"uv": [47, 37], "uv_size": [1.625, 0.875]},
								"west": {"uv": [3, 47], "uv_size": [2.75, 0.875]},
								"up": {"uv": [33, 46], "uv_size": [1.625, 2.75]},
								"down": {"uv": [35, 48.75], "uv_size": [1.625, -2.75]}
							}
						},
						{
							"origin": [-7.74843, 11.1888, -1.05768],
							"size": [1.86018, 0.93009, 1.86018],
							"pivot": [-6.81834, 11.20868, -0.92899],
							"rotation": [45.219, 57.8254, -5.6464],
							"uv": {
								"north": {"uv": [47, 26], "uv_size": [2.125, 1.125]},
								"east": {"uv": [47, 28], "uv_size": [2.125, 1.125]},
								"south": {"uv": [47, 30], "uv_size": [2.125, 1.125]},
								"west": {"uv": [47, 32], "uv_size": [2.125, 1.125]},
								"up": {"uv": [18, 46], "uv_size": [2.125, 2.125]},
								"down": {"uv": [28, 48.125], "uv_size": [2.125, -2.125]}
							}
						},
						{
							"origin": [-7.90245, 9.54137, -1.56159],
							"size": [1.43234, 0.71617, 2.36243],
							"pivot": [-7.18628, 9.89946, -1.24038],
							"rotation": [77.719, 57.8254, -5.6464],
							"uv": {
								"north": {"uv": [47, 36], "uv_size": [1.625, 0.875]},
								"east": {"uv": [0, 47], "uv_size": [2.75, 0.875]},
								"south": {"uv": [47, 37], "uv_size": [1.625, 0.875]},
								"west": {"uv": [3, 47], "uv_size": [2.75, 0.875]},
								"up": {"uv": [33, 46], "uv_size": [1.625, 2.75]},
								"down": {"uv": [35, 48.75], "uv_size": [1.625, -2.75]}
							}
						},
						{
							"origin": [-7.9201, 11.06973, -0.73073],
							"size": [1.86018, 0.93009, 1.86018],
							"pivot": [-6.99001, 11.31219, 1.03006],
							"rotation": [-42.719, -57.8254, -5.6464],
							"uv": {
								"north": {"uv": [49.125, 30], "uv_size": [-2.125, 1.125]},
								"east": {"uv": [49.125, 28], "uv_size": [-2.125, 1.125]},
								"south": {"uv": [49.125, 26], "uv_size": [-2.125, 1.125]},
								"west": {"uv": [49.125, 32], "uv_size": [-2.125, 1.125]},
								"up": {"uv": [18, 48.125], "uv_size": [2.125, -2.125]},
								"down": {"uv": [28, 46], "uv_size": [2.125, 2.125]}
							}
						},
						{
							"origin": [-7.90245, 9.54137, -0.80084],
							"size": [1.43234, 0.71617, 2.36243],
							"pivot": [-7.18628, 9.89946, 1.24038],
							"rotation": [-77.719, -57.8254, -5.6464],
							"uv": {
								"north": {"uv": [48.625, 37], "uv_size": [-1.625, 0.875]},
								"east": {"uv": [2.75, 47], "uv_size": [-2.75, 0.875]},
								"south": {"uv": [48.625, 36], "uv_size": [-1.625, 0.875]},
								"west": {"uv": [5.75, 47], "uv_size": [-2.75, 0.875]},
								"up": {"uv": [33, 48.75], "uv_size": [1.625, -2.75]},
								"down": {"uv": [35, 46], "uv_size": [1.625, 2.75]}
							}
						}
					]
				},
				{
					"name": "leftarm",
					"parent": "body",
					"pivot": [4.4085, 19.39739, 0],
					"cubes": [
						{
							"origin": [3.5268, 10.58039, -1.7634],
							"size": [3.5268, 10.58039, 3.5268],
							"uv": {
								"north": {"uv": [4.125, 21], "uv_size": [-4.125, 12.25]},
								"east": {"uv": [25.125, 13], "uv_size": [-4.125, 12.25]},
								"south": {"uv": [14.125, 21], "uv_size": [-4.125, 12.25]},
								"west": {"uv": [9.125, 21], "uv_size": [-4.125, 12.25]},
								"up": {"uv": [46.125, 18], "uv_size": [-4.125, 4.125]},
								"down": {"uv": [46.125, 27.125], "uv_size": [-4.125, -4.125]}
							}
						},
						{
							"origin": [3.85025, 13.99819, -2.60246],
							"size": [1.86018, 0.93009, 1.86018],
							"pivot": [2.37509, 13.57739, -1.03993],
							"rotation": [56.4104, -27.7799, 30.563],
							"uv": {
								"north": {"uv": [49.125, 26], "uv_size": [-2.125, 1.125]},
								"east": {"uv": [49.125, 32], "uv_size": [-2.125, 1.125]},
								"south": {"uv": [49.125, 30], "uv_size": [-2.125, 1.125]},
								"west": {"uv": [49.125, 28], "uv_size": [-2.125, 1.125]},
								"up": {"uv": [20.125, 46], "uv_size": [-2.125, 2.125]},
								"down": {"uv": [30.125, 48.125], "uv_size": [-2.125, -2.125]}
							}
						},
						{
							"origin": [3.691, 10.05269, -1.91659],
							"size": [0.95967, 0.47984, 1.58283],
							"pivot": [4.17084, 10.2926, -1.98517],
							"rotation": [73.5954, -36.2772, 12.4602],
							"uv": {
								"north": {"uv": [48.625, 36], "uv_size": [-1.625, 0.875]},
								"east": {"uv": [5.75, 47], "uv_size": [-2.75, 0.875]},
								"south": {"uv": [48.625, 37], "uv_size": [-1.625, 0.875]},
								"west": {"uv": [2.75, 47], "uv_size": [-2.75, 0.875]},
								"up": {"uv": [34.625, 46], "uv_size": [-1.625, 2.75]},
								"down": {"uv": [36.625, 48.75], "uv_size": [-1.625, -2.75]}
							}
						},
						{
							"origin": [5.88825, 11.1888, -1.05768],
							"size": [1.86018, 0.93009, 1.86018],
							"pivot": [6.81834, 11.20868, -0.92899],
							"rotation": [45.219, -57.8254, 5.6464],
							"uv": {
								"north": {"uv": [49.125, 26], "uv_size": [-2.125, 1.125]},
								"east": {"uv": [49.125, 32], "uv_size": [-2.125, 1.125]},
								"south": {"uv": [49.125, 30], "uv_size": [-2.125, 1.125]},
								"west": {"uv": [49.125, 28], "uv_size": [-2.125, 1.125]},
								"up": {"uv": [20.125, 46], "uv_size": [-2.125, 2.125]},
								"down": {"uv": [30.125, 48.125], "uv_size": [-2.125, -2.125]}
							}
						},
						{
							"origin": [6.47011, 9.54137, -1.56159],
							"size": [1.43234, 0.71617, 2.36243],
							"pivot": [7.18628, 9.89946, -1.24038],
							"rotation": [77.719, -57.8254, 5.6464],
							"uv": {
								"north": {"uv": [48.625, 36], "uv_size": [-1.625, 0.875]},
								"east": {"uv": [5.75, 47], "uv_size": [-2.75, 0.875]},
								"south": {"uv": [48.625, 37], "uv_size": [-1.625, 0.875]},
								"west": {"uv": [2.75, 47], "uv_size": [-2.75, 0.875]},
								"up": {"uv": [34.625, 46], "uv_size": [-1.625, 2.75]},
								"down": {"uv": [36.625, 48.75], "uv_size": [-1.625, -2.75]}
							}
						},
						{
							"origin": [6.05992, 11.06973, -0.73073],
							"size": [1.86018, 0.93009, 1.86018],
							"pivot": [6.99001, 11.31219, 1.03006],
							"rotation": [-42.719, 57.8254, 5.6464],
							"uv": {
								"north": {"uv": [47, 30], "uv_size": [2.125, 1.125]},
								"east": {"uv": [47, 32], "uv_size": [2.125, 1.125]},
								"south": {"uv": [47, 26], "uv_size": [2.125, 1.125]},
								"west": {"uv": [47, 28], "uv_size": [2.125, 1.125]},
								"up": {"uv": [20.125, 48.125], "uv_size": [-2.125, -2.125]},
								"down": {"uv": [30.125, 46], "uv_size": [-2.125, 2.125]}
							}
						},
						{
							"origin": [6.47011, 9.54137, -0.80084],
							"size": [1.43234, 0.71617, 2.36243],
							"pivot": [7.18628, 9.89946, 1.24038],
							"rotation": [-77.719, 57.8254, 5.6464],
							"uv": {
								"north": {"uv": [47, 37], "uv_size": [1.625, 0.875]},
								"east": {"uv": [3, 47], "uv_size": [2.75, 0.875]},
								"south": {"uv": [47, 36], "uv_size": [1.625, 0.875]},
								"west": {"uv": [0, 47], "uv_size": [2.75, 0.875]},
								"up": {"uv": [34.625, 48.75], "uv_size": [-1.625, -2.75]},
								"down": {"uv": [36.625, 46], "uv_size": [-1.625, 2.75]}
							}
						}
					]
				},
				{
					"name": "head",
					"parent": "body",
					"pivot": [0, 21.12, 0],
					"cubes": [
						{
							"origin": [-3.52, 20.5, -3.52],
							"size": [7.04, 6.04, 7.04],
							"uv": {
								"north": {"uv": [33, 7], "uv_size": [7, 6]},
								"east": {"uv": [7, 34], "uv_size": [7, 6]},
								"south": {"uv": [35, 26], "uv_size": [7, 6]},
								"west": {"uv": [35, 32], "uv_size": [7, 6]},
								"up": {"uv": [33, 0], "uv_size": [7, 7]},
								"down": {"uv": [0, 41], "uv_size": [7, -7]}
							}
						},
						{
							"origin": [-8.30153, 21.62526, -1.19877],
							"size": [6.04, 3.04, 0],
							"pivot": [-3.5831, 23.26683, -1.51589],
							"rotation": [5.123, 21.93857, 48.4936],
							"uv": {
								"north": {"uv": [7, 40], "uv_size": [6, 3]},
								"east": {"uv": [0, 0], "uv_size": [0, 3]},
								"south": {"uv": [0, 41], "uv_size": [6, 3]},
								"west": {"uv": [0, 0], "uv_size": [0, 3]},
								"up": {"uv": [0, 0], "uv_size": [6, 0]},
								"down": {"uv": [0, 0], "uv_size": [6, 0]}
							}
						},
						{
							"origin": [2.26153, 21.62526, -1.19877],
							"size": [6.04, 3.04, 0],
							"pivot": [3.5831, 23.26683, -1.51589],
							"rotation": [5.123, -21.93857, -48.4936],
							"uv": {
								"north": {"uv": [42, 12], "uv_size": [6, 3]},
								"east": {"uv": [0, 0], "uv_size": [0, 3]},
								"south": {"uv": [42, 15], "uv_size": [6, 3]},
								"west": {"uv": [0, 0], "uv_size": [0, 3]},
								"up": {"uv": [0, 0], "uv_size": [6, 0]},
								"down": {"uv": [0, 0], "uv_size": [6, 0]}
							}
						},
						{
							"origin": [-4.78115, 22.51474, -1.05564],
							"size": [3.04, 2.04, 0],
							"inflate": 0.1,
							"pivot": [-3.26115, 23.53474, -1.05564],
							"rotation": [-3.09472, 22.29711, 26.88997],
							"uv": {
								"north": {"uv": [14, 44], "uv_size": [3, 2]},
								"east": {"uv": [0, 0], "uv_size": [0, 2]},
								"south": {"uv": [17, 44], "uv_size": [3, 2]},
								"west": {"uv": [0, 0], "uv_size": [0, 2]},
								"up": {"uv": [0, 0], "uv_size": [3, 0]},
								"down": {"uv": [0, 0], "uv_size": [3, 0]}
							}
						},
						{
							"origin": [1.74115, 22.51474, -1.05564],
							"size": [3.04, 2.04, 0],
							"inflate": 0.1,
							"pivot": [3.26115, 23.53474, -1.05564],
							"rotation": [-3.09472, -22.29711, -26.88997],
							"uv": {
								"north": {"uv": [20, 44], "uv_size": [3, 2]},
								"east": {"uv": [0, 0], "uv_size": [0, 2]},
								"south": {"uv": [44, 38], "uv_size": [3, 2]},
								"west": {"uv": [0, 0], "uv_size": [0, 2]},
								"up": {"uv": [0, 0], "uv_size": [3, 0]},
								"down": {"uv": [0, 0], "uv_size": [3, 0]}
							}
						},
						{
							"origin": [-3.62419, 25.39581, -3.62419],
							"size": [7.24838, 3.24838, 7.24838],
							"uv": {
								"north": {"uv": [23, 39], "uv_size": [7.25, 3.25]},
								"east": {"uv": [40, 0], "uv_size": [7.25, 3.25]},
								"south": {"uv": [40, 4], "uv_size": [7.25, 3.25]},
								"west": {"uv": [40, 8], "uv_size": [7.25, 3.25]},
								"up": {"uv": [0, 13], "uv_size": [7.25, 7.25]},
								"down": {"uv": [8, 20.25], "uv_size": [7.25, -7.25]}
							}
						},
						{
							"origin": [-3.00808, 26.67192, -3.00808],
							"size": [6.01616, 2.69616, 6.01616],
							"uv": {
								"north": {"uv": [28, 43], "uv_size": [6, 2.75]},
								"east": {"uv": [34, 43], "uv_size": [6, 2.75]},
								"south": {"uv": [40, 43], "uv_size": [6, 2.75]},
								"west": {"uv": [0, 44], "uv_size": [6, 2.75]},
								"up": {"uv": [36, 13], "uv_size": [6, 6]},
								"down": {"uv": [36, 25], "uv_size": [6, -6]}
							}
						}
					]
				},
				{
					"name": "rightleg",
					"parent": "root",
					"pivot": [-1.67523, 10.58039, 0],
					"cubes": [
						{
							"origin": [-3.43863, 0, -1.7634],
							"size": [3.5268, 10.58039, 3.5268],
							"uv": {
								"north": {"uv": [25, 26], "uv_size": [4.125, 12.25]},
								"east": {"uv": [28, 0], "uv_size": [4.125, 12.25]},
								"south": {"uv": [30, 26], "uv_size": [4.125, 12.25]},
								"west": {"uv": [31, 13], "uv_size": [4.125, 12.25]},
								"up": {"uv": [6, 43], "uv_size": [4.125, 4.125]},
								"down": {"uv": [23, 47.125], "uv_size": [4.125, -4.125]}
							}
						}
					]
				},
				{
					"name": "bone2",
					"parent": "rightleg",
					"pivot": [-1.68493, 0.87576, -1.44164],
					"rotation": [10, 0, 0],
					"cubes": [
						{
							"origin": [-2.51569, 0.46038, -4.55112],
							"size": [1.66151, 0.83076, 2.74042],
							"uv": {
								"north": {"uv": [40, 12], "uv_size": [1.875, 1]},
								"east": {"uv": [36, 25], "uv_size": [3.125, 1]},
								"south": {"uv": [40, 25], "uv_size": [1.875, 1]},
								"west": {"uv": [31, 42], "uv_size": [3.125, 1]},
								"up": {"uv": [11, 46], "uv_size": [1.875, 3.125]},
								"down": {"uv": [13, 49.125], "uv_size": [1.875, -3.125]}
							}
						},
						{
							"origin": [-2.76383, 0.33631, -2.64146],
							"size": [2.15781, 1.0789, 2.15781],
							"uv": {
								"north": {"uv": [37, 46], "uv_size": [2.5, 1.25]},
								"east": {"uv": [40, 46], "uv_size": [2.5, 1.25]},
								"south": {"uv": [43, 46], "uv_size": [2.5, 1.25]},
								"west": {"uv": [46, 43], "uv_size": [2.5, 1.25]},
								"up": {"uv": [31, 39], "uv_size": [2.5, 2.5]},
								"down": {"uv": [11, 45.5], "uv_size": [2.5, -2.5]}
							}
						}
					]
				},
				{
					"name": "bone3",
					"parent": "rightleg",
					"pivot": [0.13706, 0.54429, -0.94222],
					"rotation": [9.70563, -42.92089, 2.15963],
					"cubes": [
						{
							"origin": [-1.21249, 0.30104, -3.49235],
							"size": [1.43234, 0.71617, 2.36243],
							"uv": {
								"north": {"uv": [47, 34], "uv_size": [1.625, 0.875]},
								"east": {"uv": [46, 45], "uv_size": [2.75, 0.875]},
								"south": {"uv": [47, 35], "uv_size": [1.625, 0.875]},
								"west": {"uv": [46, 46], "uv_size": [2.75, 0.875]},
								"up": {"uv": [21, 46], "uv_size": [1.625, 2.75]},
								"down": {"uv": [31, 48.75], "uv_size": [1.625, -2.75]}
							}
						},
						{
							"origin": [-1.42641, 0.19408, -1.84608],
							"size": [1.86018, 0.93009, 1.86018],
							"uv": {
								"north": {"uv": [47, 18], "uv_size": [2.125, 1.125]},
								"east": {"uv": [47, 20], "uv_size": [2.125, 1.125]},
								"south": {"uv": [47, 22], "uv_size": [2.125, 1.125]},
								"west": {"uv": [47, 24], "uv_size": [2.125, 1.125]},
								"up": {"uv": [44, 40], "uv_size": [2.125, 2.125]},
								"down": {"uv": [15, 48.125], "uv_size": [2.125, -2.125]}
							}
						}
					]
				},
				{
					"name": "bone7",
					"parent": "rightleg",
					"pivot": [-3.45965, 0.38185, 0.08779],
					"rotation": [9.01188, 37.98727, -3.22784],
					"cubes": [
						{
							"origin": [-3.12143, 0.52776, -3.20878],
							"size": [1.43234, 0.71617, 2.36243],
							"uv": {
								"north": {"uv": [47, 36], "uv_size": [1.625, 0.875]},
								"east": {"uv": [0, 47], "uv_size": [2.75, 0.875]},
								"south": {"uv": [47, 37], "uv_size": [1.625, 0.875]},
								"west": {"uv": [3, 47], "uv_size": [2.75, 0.875]},
								"up": {"uv": [33, 46], "uv_size": [1.625, 2.75]},
								"down": {"uv": [35, 48.75], "uv_size": [1.625, -2.75]}
							}
						},
						{
							"origin": [-3.33535, 0.4208, -1.56253],
							"size": [1.86018, 0.93009, 1.86018],
							"uv": {
								"north": {"uv": [47, 26], "uv_size": [2.125, 1.125]},
								"east": {"uv": [47, 28], "uv_size": [2.125, 1.125]},
								"south": {"uv": [47, 30], "uv_size": [2.125, 1.125]},
								"west": {"uv": [47, 32], "uv_size": [2.125, 1.125]},
								"up": {"uv": [18, 46], "uv_size": [2.125, 2.125]},
								"down": {"uv": [28, 48.125], "uv_size": [2.125, -2.125]}
							}
						}
					]
				},
				{
					"name": "leftleg",
					"parent": "root",
					"pivot": [1.67523, 10.58039, 0],
					"cubes": [
						{
							"origin": [-0.08817, 0, -1.7634],
							"size": [3.5268, 10.58039, 3.5268],
							"uv": {
								"north": {"uv": [29.125, 26], "uv_size": [-4.125, 12.25]},
								"east": {"uv": [35.125, 13], "uv_size": [-4.125, 12.25]},
								"south": {"uv": [34.125, 26], "uv_size": [-4.125, 12.25]},
								"west": {"uv": [32.125, 0], "uv_size": [-4.125, 12.25]},
								"up": {"uv": [10.125, 43], "uv_size": [-4.125, 4.125]},
								"down": {"uv": [27.125, 47.125], "uv_size": [-4.125, -4.125]}
							}
						}
					]
				},
				{
					"name": "bone11",
					"parent": "leftleg",
					"pivot": [1.68493, 0.87576, -1.44164],
					"rotation": [10, 0, 0],
					"cubes": [
						{
							"origin": [0.85418, 0.46038, -4.55112],
							"size": [1.66151, 0.83076, 2.74042],
							"uv": {
								"north": {"uv": [41.875, 12], "uv_size": [-1.875, 1]},
								"east": {"uv": [34.125, 42], "uv_size": [-3.125, 1]},
								"south": {"uv": [41.875, 25], "uv_size": [-1.875, 1]},
								"west": {"uv": [39.125, 25], "uv_size": [-3.125, 1]},
								"up": {"uv": [12.875, 46], "uv_size": [-1.875, 3.125]},
								"down": {"uv": [14.875, 49.125], "uv_size": [-1.875, -3.125]}
							}
						},
						{
							"origin": [0.60602, 0.33631, -2.64146],
							"size": [2.15781, 1.0789, 2.15781],
							"uv": {
								"north": {"uv": [39.5, 46], "uv_size": [-2.5, 1.25]},
								"east": {"uv": [48.5, 43], "uv_size": [-2.5, 1.25]},
								"south": {"uv": [45.5, 46], "uv_size": [-2.5, 1.25]},
								"west": {"uv": [42.5, 46], "uv_size": [-2.5, 1.25]},
								"up": {"uv": [33.5, 39], "uv_size": [-2.5, 2.5]},
								"down": {"uv": [13.5, 45.5], "uv_size": [-2.5, -2.5]}
							}
						}
					]
				},
				{
					"name": "bone12",
					"parent": "leftleg",
					"pivot": [-0.13706, 0.54429, -0.94222],
					"rotation": [9.70563, 42.92089, -2.15963],
					"cubes": [
						{
							"origin": [-0.21985, 0.30104, -3.49235],
							"size": [1.43234, 0.71617, 2.36243],
							"uv": {
								"north": {"uv": [48.625, 34], "uv_size": [-1.625, 0.875]},
								"east": {"uv": [48.75, 46], "uv_size": [-2.75, 0.875]},
								"south": {"uv": [48.625, 35], "uv_size": [-1.625, 0.875]},
								"west": {"uv": [48.75, 45], "uv_size": [-2.75, 0.875]},
								"up": {"uv": [22.625, 46], "uv_size": [-1.625, 2.75]},
								"down": {"uv": [32.625, 48.75], "uv_size": [-1.625, -2.75]}
							}
						},
						{
							"origin": [-0.43377, 0.19408, -1.84608],
							"size": [1.86018, 0.93009, 1.86018],
							"uv": {
								"north": {"uv": [49.125, 18], "uv_size": [-2.125, 1.125]},
								"east": {"uv": [49.125, 24], "uv_size": [-2.125, 1.125]},
								"south": {"uv": [49.125, 22], "uv_size": [-2.125, 1.125]},
								"west": {"uv": [49.125, 20], "uv_size": [-2.125, 1.125]},
								"up": {"uv": [46.125, 40], "uv_size": [-2.125, 2.125]},
								"down": {"uv": [17.125, 48.125], "uv_size": [-2.125, -2.125]}
							}
						}
					]
				},
				{
					"name": "bone13",
					"parent": "leftleg",
					"pivot": [3.45965, 0.38185, 0.08779],
					"rotation": [9.01188, -37.98727, 3.22784],
					"cubes": [
						{
							"origin": [1.68909, 0.52776, -3.20878],
							"size": [1.43234, 0.71617, 2.36243],
							"uv": {
								"north": {"uv": [48.625, 36], "uv_size": [-1.625, 0.875]},
								"east": {"uv": [5.75, 47], "uv_size": [-2.75, 0.875]},
								"south": {"uv": [48.625, 37], "uv_size": [-1.625, 0.875]},
								"west": {"uv": [2.75, 47], "uv_size": [-2.75, 0.875]},
								"up": {"uv": [34.625, 46], "uv_size": [-1.625, 2.75]},
								"down": {"uv": [36.625, 48.75], "uv_size": [-1.625, -2.75]}
							}
						},
						{
							"origin": [1.47517, 0.4208, -1.56253],
							"size": [1.86018, 0.93009, 1.86018],
							"uv": {
								"north": {"uv": [49.125, 26], "uv_size": [-2.125, 1.125]},
								"east": {"uv": [49.125, 32], "uv_size": [-2.125, 1.125]},
								"south": {"uv": [49.125, 30], "uv_size": [-2.125, 1.125]},
								"west": {"uv": [49.125, 28], "uv_size": [-2.125, 1.125]},
								"up": {"uv": [20.125, 46], "uv_size": [-2.125, 2.125]},
								"down": {"uv": [30.125, 48.125], "uv_size": [-2.125, -2.125]}
							}
						}
					]
				}
			]
		}
	]
}