{
	"format_version": "1.12.0",
	"minecraft:geometry": [
		{
			"description": {
				"identifier": "geometry.sodado_lula",
				"texture_width": 128,
				"texture_height": 128,
				"visible_bounds_width": 3,
				"visible_bounds_height": 4.5,
				"visible_bounds_offset": [0, 1.75, 0]
			},
			"bones": [
				{
					"name": "root",
					"pivot": [0, 12.72, 0]
				},
				{
					"name": "waist",
					"parent": "root",
					"pivot": [0, 13, 0]
				},
				{
					"name": "body",
					"parent": "waist",
					"pivot": [0, 24.60557, 0],
					"cubes": [
						{
							"origin": [-4.26005, 15.98411, -2.13002],
							"size": [8.52009, 2.00013, 4.26005],
							"inflate": 0.1,
							"uv": {
								"north": {"uv": [60, 45], "uv_size": [8.5, 2]},
								"east": {"uv": [30, 62], "uv_size": [4.25, 2]},
								"south": {"uv": [60, 47], "uv_size": [8.5, 2]},
								"west": {"uv": [35, 62], "uv_size": [4.25, 2]},
								"up": {"uv": [49, 10], "uv_size": [8.5, 4.25]},
								"down": {"uv": [49, 19.25], "uv_size": [8.5, -4.25]}
							}
						},
						{
							"origin": [-2.26005, 8.88619, -2.32276],
							"size": [4.52009, 7.00013, 0],
							"pivot": [0, 15.55529, -1.77934],
							"rotation": [-15, 0, 0],
							"uv": {
								"north": {"uv": [5, 48], "uv_size": [4.5, 7]},
								"east": {"uv": [0, 0], "uv_size": [0, 7]},
								"south": {"uv": [45, 49], "uv_size": [4.5, 7]},
								"west": {"uv": [0, 0], "uv_size": [0, 7]},
								"up": {"uv": [0, 0], "uv_size": [4.5, 0]},
								"down": {"uv": [0, 0], "uv_size": [4.5, 0]}
							}
						},
						{
							"origin": [-4.10093, 12.30278, -2.05046],
							"size": [8.20186, 12.30278, 4.10093],
							"inflate": 0.1,
							"uv": {
								"north": {"uv": [0, 0], "uv_size": [8.25, 12.25]},
								"east": {"uv": [10, 28], "uv_size": [4.125, 12.25]},
								"south": {"uv": [9, 0], "uv_size": [8.25, 12.25]},
								"west": {"uv": [32, 0], "uv_size": [4.125, 12.25]},
								"up": {"uv": [49, 20], "uv_size": [8.25, 4.125]},
								"down": {"uv": [49, 29.125], "uv_size": [8.25, -4.125]}
							}
						}
					]
				},
				{
					"name": "Roupa",
					"parent": "body",
					"pivot": [0, 21.01726, 0],
					"cubes": [
						{
							"origin": [-4.429, 18, -2.4],
							"size": [8.858, 6.6435, 4.6],
							"inflate": 0.1,
							"uv": {
								"north": {"uv": [18, 0], "uv_size": [8.875, 6.625]},
								"east": {"uv": [50, 49], "uv_size": [4.625, 6.625]},
								"south": {"uv": [18, 7], "uv_size": [8.875, 6.625]},
								"west": {"uv": [10, 52], "uv_size": [4.625, 6.625]},
								"up": {"uv": [49, 0], "uv_size": [8.875, 4.625]},
								"down": {"uv": [49, 9.625], "uv_size": [8.875, -4.625]}
							}
						},
						{
							"origin": [-10.487, 22, -2.4],
							"size": [5.858, 2.6435, 4.6],
							"inflate": 0.1,
							"uv": {
								"north": {"uv": [0, 60], "uv_size": [5.875, 2.625]},
								"east": {"uv": [61, 30], "uv_size": [4.625, 2.625]},
								"south": {"uv": [60, 49], "uv_size": [5.875, 2.625]},
								"west": {"uv": [40, 61], "uv_size": [4.625, 2.625]},
								"up": {"uv": [52, 35], "uv_size": [5.875, 4.625]},
								"down": {"uv": [36, 56.625], "uv_size": [5.875, -4.625]}
							}
						},
						{
							"origin": [4.629, 22, -2.4],
							"size": [5.858, 2.6435, 4.6],
							"inflate": 0.1,
							"uv": {
								"north": {"uv": [52, 60], "uv_size": [5.875, 2.625]},
								"east": {"uv": [45, 61], "uv_size": [4.625, 2.625]},
								"south": {"uv": [60, 52], "uv_size": [5.875, 2.625]},
								"west": {"uv": [11, 62], "uv_size": [4.625, 2.625]},
								"up": {"uv": [52, 40], "uv_size": [5.875, 4.625]},
								"down": {"uv": [0, 59.625], "uv_size": [5.875, -4.625]}
							}
						},
						{
							"origin": [0.94721, 12.22396, -2.08202],
							"size": [6.73684, 1.60663, 4.504],
							"inflate": 0.1,
							"pivot": [3.81563, 13.02727, 0.16998],
							"rotation": [0, 0, 82.5],
							"uv": {
								"north": {"uv": [60, 58], "uv_size": [6.75, 1.625]},
								"east": {"uv": [0, 63], "uv_size": [4.5, 1.625]},
								"south": {"uv": [61, 33], "uv_size": [6.75, 1.625]},
								"west": {"uv": [63, 0], "uv_size": [4.5, 1.625]},
								"up": {"uv": [49, 30], "uv_size": [6.75, 4.5]},
								"down": {"uv": [15, 56.5], "uv_size": [6.75, -4.5]}
							}
						},
						{
							"origin": [-7.68405, 12.22396, -2.08202],
							"size": [6.73684, 1.60663, 4.504],
							"inflate": 0.1,
							"pivot": [-3.81563, 13.02727, 0.16998],
							"rotation": [0, 0, -82.5],
							"uv": {
								"north": {"uv": [16, 62], "uv_size": [6.75, 1.625]},
								"east": {"uv": [63, 2], "uv_size": [4.5, 1.625]},
								"south": {"uv": [23, 62], "uv_size": [6.75, 1.625]},
								"west": {"uv": [63, 4], "uv_size": [4.5, 1.625]},
								"up": {"uv": [22, 52], "uv_size": [6.75, 4.5]},
								"down": {"uv": [29, 56.5], "uv_size": [6.75, -4.5]}
							}
						}
					]
				},
				{
					"name": "rightarm",
					"parent": "body",
					"pivot": [-5.12616, 22.5551, 0],
					"cubes": [
						{
							"origin": [-8.20186, 12.30278, -2.05046],
							"size": [4.10093, 12.30278, 4.10093],
							"inflate": 0.1,
							"uv": {
								"north": {"uv": [32, 13], "uv_size": [4.125, 12.25]},
								"east": {"uv": [32, 26], "uv_size": [4.125, 12.25]},
								"south": {"uv": [15, 33], "uv_size": [4.125, 12.25]},
								"west": {"uv": [20, 33], "uv_size": [4.125, 12.25]},
								"up": {"uv": [58, 15], "uv_size": [4.125, 4.125]},
								"down": {"uv": [58, 24.125], "uv_size": [4.125, -4.125]}
							}
						}
					]
				},
				{
					"name": "rightArmClothe",
					"parent": "rightarm",
					"pivot": [-6, 22, 0]
				},
				{
					"name": "leftarm",
					"parent": "body",
					"pivot": [5.12616, 22.5551, 0],
					"cubes": [
						{
							"origin": [4.10093, 12.30278, -2.05046],
							"size": [4.10093, 12.30278, 4.10093],
							"inflate": 0.1,
							"uv": {
								"north": {"uv": [30, 39], "uv_size": [4.125, 12.25]},
								"east": {"uv": [35, 39], "uv_size": [4.125, 12.25]},
								"south": {"uv": [40, 39], "uv_size": [4.125, 12.25]},
								"west": {"uv": [0, 41], "uv_size": [4.125, 12.25]},
								"up": {"uv": [58, 40], "uv_size": [4.125, 4.125]},
								"down": {"uv": [6, 63.125], "uv_size": [4.125, -4.125]}
							}
						}
					]
				},
				{
					"name": "leftArmClothe",
					"parent": "leftarm",
					"pivot": [6, 22, 0]
				},
				{
					"name": "head",
					"parent": "body",
					"pivot": [0, 25.12, 0],
					"cubes": [
						{
							"origin": [-3.52, 24.5, -3.52],
							"size": [7.04, 7.04, 7.04],
							"uv": {
								"north": {"uv": [5, 41], "uv_size": [7, 7]},
								"east": {"uv": [42, 0], "uv_size": [7, 7]},
								"south": {"uv": [42, 7], "uv_size": [7, 7]},
								"west": {"uv": [42, 14], "uv_size": [7, 7]},
								"up": {"uv": [42, 21], "uv_size": [7, 7]},
								"down": {"uv": [42, 35], "uv_size": [7, -7]}
							}
						},
						{
							"origin": [-2.52, 24.5, -4.52],
							"size": [5.04, 3.04, 1.04],
							"uv": {
								"north": {"uv": [60, 55], "uv_size": [5, 3]},
								"east": {"uv": [16, 21], "uv_size": [1, 3]},
								"south": {"uv": [58, 60], "uv_size": [5, 3]},
								"west": {"uv": [17, 21], "uv_size": [1, 3]},
								"up": {"uv": [0, 54], "uv_size": [5, 1]},
								"down": {"uv": [63, 7], "uv_size": [5, -1]}
							}
						},
						{
							"origin": [-3.84384, 38.14871, -8.28471],
							"size": [7.68768, 6.68768, 6.68768],
							"pivot": [0, 31.02, -11],
							"rotation": [-62.5, 0, 0],
							"uv": {
								"north": {"uv": [0, 21], "uv_size": [7.75, 6.75]},
								"east": {"uv": [45, 35], "uv_size": [6.75, 6.75]},
								"south": {"uv": [8, 21], "uv_size": [7.75, 6.75]},
								"west": {"uv": [45, 42], "uv_size": [6.75, 6.75]},
								"up": {"uv": [16, 26], "uv_size": [7.75, 6.75]},
								"down": {"uv": [24, 32.75], "uv_size": [7.75, -6.75]}
							}
						},
						{
							"origin": [-4.42042, 27.637, 2.93401],
							"size": [8.84083, 5.99083, 7.54083],
							"pivot": [0, 32.63242, 6.20442],
							"rotation": [-75, 0, 0],
							"uv": {
								"north": {"uv": [18, 14], "uv_size": [8.875, 6]},
								"east": {"uv": [12, 46], "uv_size": [7.5, 6]},
								"south": {"uv": [18, 20], "uv_size": [8.875, 6]},
								"west": {"uv": [20, 46], "uv_size": [7.5, 6]},
								"up": {"uv": [0, 13], "uv_size": [8.875, 7.5]},
								"down": {"uv": [9, 20.5], "uv_size": [8.875, -7.5]}
							}
						}
					]
				},
				{
					"name": "rightleg",
					"parent": "root",
					"pivot": [-1.94794, 12.30278, 0],
					"cubes": [
						{
							"origin": [-3.99841, 0, -2.05046],
							"size": [4.10093, 12.30278, 4.10093],
							"inflate": 0.1,
							"uv": {
								"north": {"uv": [27, 0], "uv_size": [4.125, 12.25]},
								"east": {"uv": [27, 13], "uv_size": [4.125, 12.25]},
								"south": {"uv": [0, 28], "uv_size": [4.125, 12.25]},
								"west": {"uv": [5, 28], "uv_size": [4.125, 12.25]},
								"up": {"uv": [58, 5], "uv_size": [4.125, 4.125]},
								"down": {"uv": [58, 14.125], "uv_size": [4.125, -4.125]}
							}
						},
						{
							"origin": [-4.10092, -0.10252, -2.17349],
							"size": [4.34698, 4.6656, 4.34698],
							"uv": {
								"north": {"uv": [55, 45], "uv_size": [4.375, 4.625]},
								"east": {"uv": [55, 50], "uv_size": [4.375, 4.625]},
								"south": {"uv": [55, 55], "uv_size": [4.375, 4.625]},
								"west": {"uv": [56, 30], "uv_size": [4.375, 4.625]},
								"up": {"uv": [25, 57], "uv_size": [4.375, 4.375]},
								"down": {"uv": [30, 61.375], "uv_size": [4.375, -4.375]}
							}
						}
					]
				},
				{
					"name": "leftleg",
					"parent": "root",
					"pivot": [1.94794, 12.30278, 0],
					"cubes": [
						{
							"origin": [-0.10252, 0, -2.05046],
							"size": [4.10093, 12.30278, 4.10093],
							"inflate": 0.1,
							"uv": {
								"north": {"uv": [25, 33], "uv_size": [4.125, 12.25]},
								"east": {"uv": [37, 0], "uv_size": [4.125, 12.25]},
								"south": {"uv": [37, 13], "uv_size": [4.125, 12.25]},
								"west": {"uv": [37, 26], "uv_size": [4.125, 12.25]},
								"up": {"uv": [58, 25], "uv_size": [4.125, 4.125]},
								"down": {"uv": [58, 39.125], "uv_size": [4.125, -4.125]}
							}
						},
						{
							"origin": [-0.24606, -0.10252, -2.17349],
							"size": [4.34698, 4.6656, 4.34698],
							"uv": {
								"north": {"uv": [42, 56], "uv_size": [4.375, 4.625]},
								"east": {"uv": [47, 56], "uv_size": [4.375, 4.625]},
								"south": {"uv": [15, 57], "uv_size": [4.375, 4.625]},
								"west": {"uv": [20, 57], "uv_size": [4.375, 4.625]},
								"up": {"uv": [35, 57], "uv_size": [4.375, 4.375]},
								"down": {"uv": [58, 4.375], "uv_size": [4.375, -4.375]}
							}
						}
					]
				}
			]
		}
	]
}