{
	"format_version": "1.12.0",
	"minecraft:geometry": [
		{
			"description": {
				"identifier": "geometry.trunks_camisa",
				"texture_width": 64,
				"texture_height": 64,
				"visible_bounds_width": 3,
				"visible_bounds_height": 4.5,
				"visible_bounds_offset": [0, 1.75, 0]
			},
			"bones": [
				{
					"name": "root",
					"pivot": [0, 12.72, 0]
				},
				{
					"name": "waist",
					"parent": "root",
					"pivot": [0, 13, 0]
				},
				{
					"name": "body",
					"parent": "waist",
					"pivot": [0, 24.60557, 0],
					"cubes": [
						{
							"origin": [-4.26005, 15.98411, -2.13002],
							"size": [8.52009, 2.00013, 4.26005],
							"uv": {
								"north": {"uv": [46, 40], "uv_size": [8.5, 2]},
								"east": {"uv": [10, 55], "uv_size": [4.25, 2]},
								"south": {"uv": [25, 48], "uv_size": [8.5, 2]},
								"west": {"uv": [55, 12], "uv_size": [4.25, 2]},
								"up": {"uv": [28, 10], "uv_size": [8.5, 4.25]},
								"down": {"uv": [28, 19.25], "uv_size": [8.5, -4.25]}
							}
						}
					]
				},
				{
					"name": "Roupa",
					"parent": "body",
					"pivot": [0, 21.01726, 0],
					"cubes": [
						{
							"origin": [-4.429, 18, -2.4],
							"size": [8.858, 6.6435, 4.6],
							"uv": {
								"north": {"uv": [0, 13], "uv_size": [8.875, 6.625]},
								"east": {"uv": [30, 30], "uv_size": [4.625, 6.625]},
								"south": {"uv": [9, 13], "uv_size": [8.875, 6.625]},
								"west": {"uv": [0, 33], "uv_size": [4.625, 6.625]},
								"up": {"uv": [28, 0], "uv_size": [8.875, 4.625]},
								"down": {"uv": [28, 9.625], "uv_size": [8.875, -4.625]}
							}
						},
						{
							"origin": [4.02965, 19.67651, -2.216],
							"size": [1.98936, 5.11202, 4.4],
							"pivot": [5.25014, 24.80054, -0.1],
							"rotation": [0, 0, 15],
							"uv": {
								"north": {"uv": [15, 20], "uv_size": [2, 5.125]},
								"east": {"uv": [30, 37], "uv_size": [4.375, 5.125]},
								"south": {"uv": [45, 52], "uv_size": [2, 5.125]},
								"west": {"uv": [0, 40], "uv_size": [4.375, 5.125]},
								"up": {"uv": [25, 53], "uv_size": [2, 4.375]},
								"down": {"uv": [27, 57.375], "uv_size": [2, -4.375]}
							}
						},
						{
							"origin": [-6.01901, 19.67651, -2.216],
							"size": [1.98936, 5.11202, 4.4],
							"pivot": [-5.25014, 24.80054, -0.1],
							"rotation": [0, 0, -15],
							"uv": {
								"north": {"uv": [47, 52], "uv_size": [2, 5.125]},
								"east": {"uv": [41, 30], "uv_size": [4.375, 5.125]},
								"south": {"uv": [53, 12], "uv_size": [2, 5.125]},
								"west": {"uv": [41, 36], "uv_size": [4.375, 5.125]},
								"up": {"uv": [53, 45], "uv_size": [2, 4.375]},
								"down": {"uv": [0, 58.375], "uv_size": [2, -4.375]}
							}
						}
					]
				},
				{
					"name": "rightarm",
					"parent": "body",
					"pivot": [-5.12616, 22.5551, 0]
				},
				{
					"name": "rightArmClothe",
					"parent": "rightarm",
					"pivot": [-6, 22, 0]
				},
				{
					"name": "leftarm",
					"parent": "body",
					"pivot": [5.12616, 22.5551, 0]
				},
				{
					"name": "leftArmClothe",
					"parent": "leftarm",
					"pivot": [6, 22, 0]
				}
			]
		}
	]
}