{
	"format_version": "1.12.0",
	"minecraft:geometry": [
		{
			"description": {
				"identifier": "geometry.trunks_hair",
				"texture_width": 64,
				"texture_height": 64,
				"visible_bounds_width": 3,
				"visible_bounds_height": 4.5,
				"visible_bounds_offset": [0, 1.75, 0]
			},
			"bones": [
				{
					"name": "root",
					"pivot": [0, 12.72, 0]
				},
				{
					"name": "waist",
					"parent": "root",
					"pivot": [0, 13, 0]
				},
				{
					"name": "body",
					"parent": "waist",
					"pivot": [0, 24.60557, 0]
				},
				{
					"name": "rightarm",
					"parent": "body",
					"pivot": [-5.12616, 22.5551, 0]
				},
				{
					"name": "rightArmClothe",
					"parent": "rightarm",
					"pivot": [-6, 22, 0]
				},
				{
					"name": "leftarm",
					"parent": "body",
					"pivot": [5.12616, 22.5551, 0]
				},
				{
					"name": "leftArmClothe",
					"parent": "leftarm",
					"pivot": [6, 22, 0]
				},
				{
					"name": "head",
					"parent": "body",
					"pivot": [0, 25.12, 0],
					"cubes": [
						{
							"origin": [-3.52, 24.5, -3.52],
							"size": [7.04, 7.04, 7.04],
							"inflate": 0.1,
							"uv": {
								"north": {"uv": [0, 0], "uv_size": [7, 7]},
								"east": {"uv": [0, 7], "uv_size": [7, 7]},
								"south": {"uv": [7, 0], "uv_size": [7, 7]},
								"west": {"uv": [7, 7], "uv_size": [7, 7]},
								"up": {"uv": [0, 14], "uv_size": [7, 7]},
								"down": {"uv": [14, 7], "uv_size": [7, -7]}
							}
						}
					]
				},
				{
					"name": "Hair",
					"parent": "head",
					"pivot": [0, 30.26047, 1.20108],
					"cubes": [
						{
							"origin": [-3.7636, 31.02479, -3.15294],
							"size": [7.5272, 2.6145, 0],
							"pivot": [0, 32.79797, -2.89412],
							"rotation": [-15, 0, 0],
							"uv": {
								"north": {"uv": [29, 0], "uv_size": [7.5, 2.625]},
								"east": {"uv": [0, 0], "uv_size": [0, 2.625]},
								"south": {"uv": [29, 3], "uv_size": [7.5, 2.625]},
								"west": {"uv": [0, 0], "uv_size": [0, 2.625]},
								"up": {"uv": [0, 0], "uv_size": [7.5, 0]},
								"down": {"uv": [0, 0], "uv_size": [7.5, 0]}
							}
						},
						{
							"origin": [0.74555, 24.13259, -5.67402],
							"size": [0.5272, 7.6145, 0],
							"pivot": [0.75659, 25.05309, -4.89756],
							"rotation": [-17.28217, -2.57594, -9.6658],
							"uv": {
								"north": {"uv": [40, 6], "uv_size": [0.5, 7.625]},
								"east": {"uv": [0, 0], "uv_size": [0, 7.625]},
								"south": {"uv": [27, 40], "uv_size": [0.5, 7.625]},
								"west": {"uv": [0, 0], "uv_size": [0, 7.625]},
								"up": {"uv": [0, 0], "uv_size": [0.5, 0]},
								"down": {"uv": [0, 0], "uv_size": [0.5, 0]}
							}
						}
					]
				},
				{
					"name": "mecha",
					"parent": "Hair",
					"pivot": [-0.09, 31.22297, -1.52642],
					"cubes": [
						{
							"origin": [-0.26365, 30.93048, -2.93947],
							"size": [0, 2.7346, 2.8261],
							"pivot": [-0.26365, 32.20778, -1.52642],
							"rotation": [0, 0, -22.5],
							"uv": {
								"north": {"uv": [0, 0], "uv_size": [0, 2.75]},
								"east": {"uv": [30, 16], "uv_size": [2.875, 2.75]},
								"south": {"uv": [0, 0], "uv_size": [0, 2.75]},
								"west": {"uv": [30, 19], "uv_size": [2.875, 2.75]},
								"up": {"uv": [0, 0], "uv_size": [0, 2.875]},
								"down": {"uv": [0, 2.875], "uv_size": [0, -2.875]}
							}
						},
						{
							"origin": [-1.08918, 33.34862, -2.93947],
							"size": [0, 1.7346, 2.8261],
							"pivot": [-1.08918, 33.62592, -1.52642],
							"rotation": [0, 0, -75],
							"uv": {
								"north": {"uv": [0, 0], "uv_size": [0, 1.75]},
								"east": {"uv": [33, 36], "uv_size": [2.875, 1.75]},
								"south": {"uv": [0, 0], "uv_size": [0, 1.75]},
								"west": {"uv": [36, 33], "uv_size": [2.875, 1.75]},
								"up": {"uv": [0, 0], "uv_size": [0, 2.875]},
								"down": {"uv": [0, 2.875], "uv_size": [0, -2.875]}
							}
						},
						{
							"origin": [-2.7307, 33.5768, -2.93947],
							"size": [0, 1.7346, 2.8261],
							"pivot": [-2.7307, 33.8541, -1.52642],
							"rotation": [0, 0, -122.5],
							"uv": {
								"north": {"uv": [0, 0], "uv_size": [0, 1.75]},
								"east": {"uv": [36, 35], "uv_size": [2.875, 1.75]},
								"south": {"uv": [0, 0], "uv_size": [0, 1.75]},
								"west": {"uv": [37, 0], "uv_size": [2.875, 1.75]},
								"up": {"uv": [0, 0], "uv_size": [0, 2.875]},
								"down": {"uv": [0, 2.875], "uv_size": [0, -2.875]}
							}
						},
						{
							"origin": [-4.05462, 32.53322, -2.93947],
							"size": [0, 2.7346, 2.8261],
							"pivot": [-4.05462, 32.81052, -1.52642],
							"rotation": [0, 0, -160],
							"uv": {
								"north": {"uv": [0, 0], "uv_size": [0, 2.75]},
								"east": {"uv": [30, 22], "uv_size": [2.875, 2.75]},
								"south": {"uv": [0, 0], "uv_size": [0, 2.75]},
								"west": {"uv": [30, 25], "uv_size": [2.875, 2.75]},
								"up": {"uv": [0, 0], "uv_size": [0, 2.875]},
								"down": {"uv": [0, 2.875], "uv_size": [0, -2.875]}
							}
						},
						{
							"origin": [-4.89506, 29.94681, -2.93947],
							"size": [0, 7.0946, 2.8261],
							"pivot": [-4.89506, 30.22411, -1.52642],
							"rotation": [0, 0, -180],
							"uv": {
								"north": {"uv": [0, 0], "uv_size": [0, 7.125]},
								"east": {"uv": [7, 14], "uv_size": [2.875, 7.125]},
								"south": {"uv": [0, 0], "uv_size": [0, 7.125]},
								"west": {"uv": [14, 7], "uv_size": [2.875, 7.125]},
								"up": {"uv": [0, 0], "uv_size": [0, 2.875]},
								"down": {"uv": [0, 2.875], "uv_size": [0, -2.875]}
							}
						}
					]
				},
				{
					"name": "mecha11",
					"parent": "Hair",
					"pivot": [-0.09, 31.22297, -1.52642],
					"rotation": [4.08799, -34.10901, -5.41245],
					"cubes": [
						{
							"origin": [-0.26365, 30.93048, -2.93947],
							"size": [0, 2.7346, 2.8261],
							"pivot": [-0.26365, 32.20778, -1.52642],
							"rotation": [0, 0, -22.5],
							"uv": {
								"north": {"uv": [0, 0], "uv_size": [0, 2.75]},
								"east": {"uv": [30, 28], "uv_size": [2.875, 2.75]},
								"south": {"uv": [0, 0], "uv_size": [0, 2.75]},
								"west": {"uv": [31, 6], "uv_size": [2.875, 2.75]},
								"up": {"uv": [0, 0], "uv_size": [0, 2.875]},
								"down": {"uv": [0, 2.875], "uv_size": [0, -2.875]}
							}
						},
						{
							"origin": [-1.08918, 33.34862, -2.93947],
							"size": [0, 1.7346, 2.8261],
							"pivot": [-1.08918, 33.62592, -1.52642],
							"rotation": [0, 0, -75],
							"uv": {
								"north": {"uv": [0, 0], "uv_size": [0, 1.75]},
								"east": {"uv": [37, 2], "uv_size": [2.875, 1.75]},
								"south": {"uv": [0, 0], "uv_size": [0, 1.75]},
								"west": {"uv": [37, 4], "uv_size": [2.875, 1.75]},
								"up": {"uv": [0, 0], "uv_size": [0, 2.875]},
								"down": {"uv": [0, 2.875], "uv_size": [0, -2.875]}
							}
						},
						{
							"origin": [-2.7307, 33.5768, -2.93947],
							"size": [0, 1.7346, 2.8261],
							"pivot": [-2.7307, 33.8541, -1.52642],
							"rotation": [0, 0, -122.5],
							"uv": {
								"north": {"uv": [0, 0], "uv_size": [0, 1.75]},
								"east": {"uv": [6, 37], "uv_size": [2.875, 1.75]},
								"south": {"uv": [0, 0], "uv_size": [0, 1.75]},
								"west": {"uv": [37, 6], "uv_size": [2.875, 1.75]},
								"up": {"uv": [0, 0], "uv_size": [0, 2.875]},
								"down": {"uv": [0, 2.875], "uv_size": [0, -2.875]}
							}
						},
						{
							"origin": [-4.05462, 32.53322, -2.93947],
							"size": [0, 3.7346, 2.8261],
							"pivot": [-4.05462, 32.81052, -1.52642],
							"rotation": [0, 0, -160],
							"uv": {
								"north": {"uv": [0, 0], "uv_size": [0, 3.75]},
								"east": {"uv": [0, 29], "uv_size": [2.875, 3.75]},
								"south": {"uv": [0, 0], "uv_size": [0, 3.75]},
								"west": {"uv": [3, 29], "uv_size": [2.875, 3.75]},
								"up": {"uv": [0, 0], "uv_size": [0, 2.875]},
								"down": {"uv": [0, 2.875], "uv_size": [0, -2.875]}
							}
						},
						{
							"origin": [-5.23708, 29.00712, -2.93947],
							"size": [0, 7.0946, 2.8261],
							"pivot": [-5.23708, 29.28442, -1.52642],
							"rotation": [0, 0, -180],
							"uv": {
								"north": {"uv": [0, 0], "uv_size": [0, 7.125]},
								"east": {"uv": [10, 14], "uv_size": [2.875, 7.125]},
								"south": {"uv": [0, 0], "uv_size": [0, 7.125]},
								"west": {"uv": [13, 15], "uv_size": [2.875, 7.125]},
								"up": {"uv": [0, 0], "uv_size": [0, 2.875]},
								"down": {"uv": [0, 2.875], "uv_size": [0, -2.875]}
							}
						}
					]
				},
				{
					"name": "mecha12",
					"parent": "Hair",
					"pivot": [0.09, 31.22297, -1.52642],
					"rotation": [4.08799, 34.10901, 5.41245],
					"cubes": [
						{
							"origin": [0.26365, 30.93048, -2.93947],
							"size": [0, 2.7346, 2.8261],
							"pivot": [0.26365, 32.20778, -1.52642],
							"rotation": [0, 0, 22.5],
							"uv": {
								"north": {"uv": [0, 0], "uv_size": [0, 2.75]},
								"east": {"uv": [31, 9], "uv_size": [2.875, 2.75]},
								"south": {"uv": [0, 0], "uv_size": [0, 2.75]},
								"west": {"uv": [12, 31], "uv_size": [2.875, 2.75]},
								"up": {"uv": [0, 0], "uv_size": [0, 2.875]},
								"down": {"uv": [0, 2.875], "uv_size": [0, -2.875]}
							}
						},
						{
							"origin": [1.08918, 33.34862, -2.93947],
							"size": [0, 1.7346, 2.8261],
							"pivot": [1.08918, 33.62592, -1.52642],
							"rotation": [0, 0, 75],
							"uv": {
								"north": {"uv": [0, 0], "uv_size": [0, 1.75]},
								"east": {"uv": [37, 8], "uv_size": [2.875, 1.75]},
								"south": {"uv": [0, 0], "uv_size": [0, 1.75]},
								"west": {"uv": [9, 37], "uv_size": [2.875, 1.75]},
								"up": {"uv": [0, 0], "uv_size": [0, 2.875]},
								"down": {"uv": [0, 2.875], "uv_size": [0, -2.875]}
							}
						},
						{
							"origin": [2.7307, 33.5768, -2.93947],
							"size": [0, 1.7346, 2.8261],
							"pivot": [2.7307, 33.8541, -1.52642],
							"rotation": [0, 0, 122.5],
							"uv": {
								"north": {"uv": [0, 0], "uv_size": [0, 1.75]},
								"east": {"uv": [37, 10], "uv_size": [2.875, 1.75]},
								"south": {"uv": [0, 0], "uv_size": [0, 1.75]},
								"west": {"uv": [12, 37], "uv_size": [2.875, 1.75]},
								"up": {"uv": [0, 0], "uv_size": [0, 2.875]},
								"down": {"uv": [0, 2.875], "uv_size": [0, -2.875]}
							}
						},
						{
							"origin": [4.05462, 32.53322, -2.93947],
							"size": [0, 3.7346, 2.8261],
							"pivot": [4.05462, 32.81052, -1.52642],
							"rotation": [0, 0, 160],
							"uv": {
								"north": {"uv": [0, 0], "uv_size": [0, 3.75]},
								"east": {"uv": [6, 30], "uv_size": [2.875, 3.75]},
								"south": {"uv": [0, 0], "uv_size": [0, 3.75]},
								"west": {"uv": [9, 30], "uv_size": [2.875, 3.75]},
								"up": {"uv": [0, 0], "uv_size": [0, 2.875]},
								"down": {"uv": [0, 2.875], "uv_size": [0, -2.875]}
							}
						},
						{
							"origin": [5.23702, 31.00746, -2.93947],
							"size": [0, 7.0946, 2.8261],
							"pivot": [5.23702, 30.28476, -1.52642],
							"rotation": [0, 0, 180],
							"uv": {
								"north": {"uv": [0, 0], "uv_size": [0, 7.125]},
								"east": {"uv": [16, 15], "uv_size": [2.875, 7.125]},
								"south": {"uv": [0, 0], "uv_size": [0, 7.125]},
								"west": {"uv": [17, 7], "uv_size": [2.875, 7.125]},
								"up": {"uv": [0, 0], "uv_size": [0, 2.875]},
								"down": {"uv": [0, 2.875], "uv_size": [0, -2.875]}
							}
						}
					]
				},
				{
					"name": "mecha2",
					"parent": "Hair",
					"pivot": [0.09, 31.22297, -1.52642],
					"cubes": [
						{
							"origin": [0.26365, 30.93048, -2.93947],
							"size": [0, 2.7346, 2.8261],
							"pivot": [0.26365, 32.20778, -1.52642],
							"rotation": [0, 0, 22.5],
							"uv": {
								"north": {"uv": [0, 0], "uv_size": [0, 2.75]},
								"east": {"uv": [31, 12], "uv_size": [2.875, 2.75]},
								"south": {"uv": [0, 0], "uv_size": [0, 2.75]},
								"west": {"uv": [15, 31], "uv_size": [2.875, 2.75]},
								"up": {"uv": [0, 0], "uv_size": [0, 2.875]},
								"down": {"uv": [0, 2.875], "uv_size": [0, -2.875]}
							}
						},
						{
							"origin": [1.08918, 33.34862, -2.93947],
							"size": [0, 1.7346, 2.8261],
							"pivot": [1.08918, 33.62592, -1.52642],
							"rotation": [0, 0, 75],
							"uv": {
								"north": {"uv": [0, 0], "uv_size": [0, 1.75]},
								"east": {"uv": [37, 12], "uv_size": [2.875, 1.75]},
								"south": {"uv": [0, 0], "uv_size": [0, 1.75]},
								"west": {"uv": [15, 37], "uv_size": [2.875, 1.75]},
								"up": {"uv": [0, 0], "uv_size": [0, 2.875]},
								"down": {"uv": [0, 2.875], "uv_size": [0, -2.875]}
							}
						},
						{
							"origin": [2.7307, 33.5768, -2.93947],
							"size": [0, 1.7346, 2.8261],
							"pivot": [2.7307, 33.8541, -1.52642],
							"rotation": [0, 0, 122.5],
							"uv": {
								"north": {"uv": [0, 0], "uv_size": [0, 1.75]},
								"east": {"uv": [18, 37], "uv_size": [2.875, 1.75]},
								"south": {"uv": [0, 0], "uv_size": [0, 1.75]},
								"west": {"uv": [21, 37], "uv_size": [2.875, 1.75]},
								"up": {"uv": [0, 0], "uv_size": [0, 2.875]},
								"down": {"uv": [0, 2.875], "uv_size": [0, -2.875]}
							}
						},
						{
							"origin": [4.05462, 32.53322, -2.93947],
							"size": [0, 2.7346, 2.8261],
							"pivot": [4.05462, 32.81052, -1.52642],
							"rotation": [0, 0, 160],
							"uv": {
								"north": {"uv": [0, 0], "uv_size": [0, 2.75]},
								"east": {"uv": [18, 31], "uv_size": [2.875, 2.75]},
								"south": {"uv": [0, 0], "uv_size": [0, 2.75]},
								"west": {"uv": [21, 31], "uv_size": [2.875, 2.75]},
								"up": {"uv": [0, 0], "uv_size": [0, 2.875]},
								"down": {"uv": [0, 2.875], "uv_size": [0, -2.875]}
							}
						},
						{
							"origin": [4.89506, 29.94681, -2.93947],
							"size": [0, 7.0946, 2.8261],
							"pivot": [4.89506, 30.22411, -1.52642],
							"rotation": [0, 0, 180],
							"uv": {
								"north": {"uv": [0, 0], "uv_size": [0, 7.125]},
								"east": {"uv": [19, 15], "uv_size": [2.875, 7.125]},
								"south": {"uv": [0, 0], "uv_size": [0, 7.125]},
								"west": {"uv": [20, 7], "uv_size": [2.875, 7.125]},
								"up": {"uv": [0, 0], "uv_size": [0, 2.875]},
								"down": {"uv": [0, 2.875], "uv_size": [0, -2.875]}
							}
						}
					]
				},
				{
					"name": "mecha3",
					"parent": "Hair",
					"pivot": [0.09, 31.22297, 0.47358],
					"rotation": [2.50238, -2.49762, -0.10912],
					"cubes": [
						{
							"origin": [0.26365, 30.93048, -0.93947],
							"size": [0, 2.7346, 2.8261],
							"pivot": [0.26365, 32.20778, 0.47358],
							"rotation": [0, 0, 22.5],
							"uv": {
								"north": {"uv": [0, 0], "uv_size": [0, 2.75]},
								"east": {"uv": [24, 31], "uv_size": [2.875, 2.75]},
								"south": {"uv": [0, 0], "uv_size": [0, 2.75]},
								"west": {"uv": [30, 31], "uv_size": [2.875, 2.75]},
								"up": {"uv": [0, 0], "uv_size": [0, 2.875]},
								"down": {"uv": [0, 2.875], "uv_size": [0, -2.875]}
							}
						},
						{
							"origin": [1.08918, 33.34862, -0.93947],
							"size": [0, 1.7346, 2.8261],
							"pivot": [1.08918, 33.62592, 0.47358],
							"rotation": [0, 0, 75],
							"uv": {
								"north": {"uv": [0, 0], "uv_size": [0, 1.75]},
								"east": {"uv": [24, 37], "uv_size": [2.875, 1.75]},
								"south": {"uv": [0, 0], "uv_size": [0, 1.75]},
								"west": {"uv": [30, 37], "uv_size": [2.875, 1.75]},
								"up": {"uv": [0, 0], "uv_size": [0, 2.875]},
								"down": {"uv": [0, 2.875], "uv_size": [0, -2.875]}
							}
						},
						{
							"origin": [2.7307, 33.5768, -0.93947],
							"size": [0, 1.7346, 2.8261],
							"pivot": [2.7307, 33.8541, 0.47358],
							"rotation": [0, 0, 122.5],
							"uv": {
								"north": {"uv": [0, 0], "uv_size": [0, 1.75]},
								"east": {"uv": [36, 37], "uv_size": [2.875, 1.75]},
								"south": {"uv": [0, 0], "uv_size": [0, 1.75]},
								"west": {"uv": [27, 38], "uv_size": [2.875, 1.75]},
								"up": {"uv": [0, 0], "uv_size": [0, 2.875]},
								"down": {"uv": [0, 2.875], "uv_size": [0, -2.875]}
							}
						},
						{
							"origin": [4.05462, 32.53322, -0.93947],
							"size": [0, 2.7346, 2.8261],
							"pivot": [4.05462, 32.81052, 0.47358],
							"rotation": [0, 0, 160],
							"uv": {
								"north": {"uv": [0, 0], "uv_size": [0, 2.75]},
								"east": {"uv": [27, 32], "uv_size": [2.875, 2.75]},
								"south": {"uv": [0, 0], "uv_size": [0, 2.75]},
								"west": {"uv": [0, 33], "uv_size": [2.875, 2.75]},
								"up": {"uv": [0, 0], "uv_size": [0, 2.875]},
								"down": {"uv": [0, 2.875], "uv_size": [0, -2.875]}
							}
						},
						{
							"origin": [4.89506, 29.94681, -0.93947],
							"size": [0, 7.0946, 2.8261],
							"pivot": [4.89506, 30.22411, 0.47358],
							"rotation": [0, 0, 180],
							"uv": {
								"north": {"uv": [0, 0], "uv_size": [0, 7.125]},
								"east": {"uv": [0, 21], "uv_size": [2.875, 7.125]},
								"south": {"uv": [0, 0], "uv_size": [0, 7.125]},
								"west": {"uv": [3, 21], "uv_size": [2.875, 7.125]},
								"up": {"uv": [0, 0], "uv_size": [0, 2.875]},
								"down": {"uv": [0, 2.875], "uv_size": [0, -2.875]}
							}
						}
					]
				},
				{
					"name": "mecha10",
					"parent": "Hair",
					"pivot": [-0.09, 31.22297, 0.47358],
					"rotation": [2.50238, 2.49762, 0.10912],
					"cubes": [
						{
							"origin": [-0.26365, 30.93048, -0.93947],
							"size": [0, 2.7346, 2.8261],
							"pivot": [-0.26365, 32.20778, 0.47358],
							"rotation": [0, 0, -22.5],
							"uv": {
								"north": {"uv": [0, 0], "uv_size": [0, 2.75]},
								"east": {"uv": [3, 33], "uv_size": [2.875, 2.75]},
								"south": {"uv": [0, 0], "uv_size": [0, 2.75]},
								"west": {"uv": [33, 15], "uv_size": [2.875, 2.75]},
								"up": {"uv": [0, 0], "uv_size": [0, 2.875]},
								"down": {"uv": [0, 2.875], "uv_size": [0, -2.875]}
							}
						},
						{
							"origin": [-1.08918, 33.34862, -0.93947],
							"size": [0, 1.7346, 2.8261],
							"pivot": [-1.08918, 33.62592, 0.47358],
							"rotation": [0, 0, -75],
							"uv": {
								"north": {"uv": [0, 0], "uv_size": [0, 1.75]},
								"east": {"uv": [33, 38], "uv_size": [2.875, 1.75]},
								"south": {"uv": [0, 0], "uv_size": [0, 1.75]},
								"west": {"uv": [0, 39], "uv_size": [2.875, 1.75]},
								"up": {"uv": [0, 0], "uv_size": [0, 2.875]},
								"down": {"uv": [0, 2.875], "uv_size": [0, -2.875]}
							}
						},
						{
							"origin": [-2.7307, 33.5768, -0.93947],
							"size": [0, 1.7346, 2.8261],
							"pivot": [-2.7307, 33.8541, 0.47358],
							"rotation": [0, 0, -122.5],
							"uv": {
								"north": {"uv": [0, 0], "uv_size": [0, 1.75]},
								"east": {"uv": [3, 39], "uv_size": [2.875, 1.75]},
								"south": {"uv": [0, 0], "uv_size": [0, 1.75]},
								"west": {"uv": [6, 39], "uv_size": [2.875, 1.75]},
								"up": {"uv": [0, 0], "uv_size": [0, 2.875]},
								"down": {"uv": [0, 2.875], "uv_size": [0, -2.875]}
							}
						},
						{
							"origin": [-4.05462, 32.53322, -0.93947],
							"size": [0, 2.7346, 2.8261],
							"pivot": [-4.05462, 32.81052, 0.47358],
							"rotation": [0, 0, -160],
							"uv": {
								"north": {"uv": [0, 0], "uv_size": [0, 2.75]},
								"east": {"uv": [33, 18], "uv_size": [2.875, 2.75]},
								"south": {"uv": [0, 0], "uv_size": [0, 2.75]},
								"west": {"uv": [33, 21], "uv_size": [2.875, 2.75]},
								"up": {"uv": [0, 0], "uv_size": [0, 2.875]},
								"down": {"uv": [0, 2.875], "uv_size": [0, -2.875]}
							}
						},
						{
							"origin": [-4.89506, 29.94681, -0.93947],
							"size": [0, 7.0946, 2.8261],
							"pivot": [-4.89506, 30.22411, 0.47358],
							"rotation": [0, 0, -180],
							"uv": {
								"north": {"uv": [0, 0], "uv_size": [0, 7.125]},
								"east": {"uv": [6, 22], "uv_size": [2.875, 7.125]},
								"south": {"uv": [0, 0], "uv_size": [0, 7.125]},
								"west": {"uv": [9, 22], "uv_size": [2.875, 7.125]},
								"up": {"uv": [0, 0], "uv_size": [0, 2.875]},
								"down": {"uv": [0, 2.875], "uv_size": [0, -2.875]}
							}
						}
					]
				},
				{
					"name": "mecha4",
					"parent": "Hair",
					"pivot": [0.09, 31.22297, 2.47358],
					"rotation": [-2.74653, -7.70046, 5.13125],
					"cubes": [
						{
							"origin": [0.26365, 30.93048, 1.06053],
							"size": [0, 2.7346, 2.8261],
							"pivot": [0.26365, 32.20778, 2.47358],
							"rotation": [0, 0, 22.5],
							"uv": {
								"north": {"uv": [0, 0], "uv_size": [0, 2.75]},
								"east": {"uv": [33, 24], "uv_size": [2.875, 2.75]},
								"south": {"uv": [0, 0], "uv_size": [0, 2.75]},
								"west": {"uv": [33, 27], "uv_size": [2.875, 2.75]},
								"up": {"uv": [0, 0], "uv_size": [0, 2.875]},
								"down": {"uv": [0, 2.875], "uv_size": [0, -2.875]}
							}
						},
						{
							"origin": [1.08918, 33.34862, 1.06053],
							"size": [0, 1.7346, 2.8261],
							"pivot": [1.08918, 33.62592, 2.47358],
							"rotation": [0, 0, 75],
							"uv": {
								"north": {"uv": [0, 0], "uv_size": [0, 1.75]},
								"east": {"uv": [9, 39], "uv_size": [2.875, 1.75]},
								"south": {"uv": [0, 0], "uv_size": [0, 1.75]},
								"west": {"uv": [12, 39], "uv_size": [2.875, 1.75]},
								"up": {"uv": [0, 0], "uv_size": [0, 2.875]},
								"down": {"uv": [0, 2.875], "uv_size": [0, -2.875]}
							}
						},
						{
							"origin": [2.7307, 33.5768, 1.06053],
							"size": [0, 1.7346, 2.8261],
							"pivot": [2.7307, 33.8541, 2.47358],
							"rotation": [0, 0, 122.5],
							"uv": {
								"north": {"uv": [0, 0], "uv_size": [0, 1.75]},
								"east": {"uv": [39, 14], "uv_size": [2.875, 1.75]},
								"south": {"uv": [0, 0], "uv_size": [0, 1.75]},
								"west": {"uv": [15, 39], "uv_size": [2.875, 1.75]},
								"up": {"uv": [0, 0], "uv_size": [0, 2.875]},
								"down": {"uv": [0, 2.875], "uv_size": [0, -2.875]}
							}
						},
						{
							"origin": [4.05462, 32.53322, 1.06053],
							"size": [0, 2.7346, 2.8261],
							"pivot": [4.05462, 32.81052, 2.47358],
							"rotation": [0, 0, 160],
							"uv": {
								"north": {"uv": [0, 0], "uv_size": [0, 2.75]},
								"east": {"uv": [33, 30], "uv_size": [2.875, 2.75]},
								"south": {"uv": [0, 0], "uv_size": [0, 2.75]},
								"west": {"uv": [33, 33], "uv_size": [2.875, 2.75]},
								"up": {"uv": [0, 0], "uv_size": [0, 2.875]},
								"down": {"uv": [0, 2.875], "uv_size": [0, -2.875]}
							}
						},
						{
							"origin": [4.89506, 29.94681, 1.06053],
							"size": [0, 7.0946, 2.8261],
							"pivot": [4.89506, 30.22411, 2.47358],
							"rotation": [0, 0, 180],
							"uv": {
								"north": {"uv": [0, 0], "uv_size": [0, 7.125]},
								"east": {"uv": [22, 15], "uv_size": [2.875, 7.125]},
								"south": {"uv": [0, 0], "uv_size": [0, 7.125]},
								"west": {"uv": [23, 0], "uv_size": [2.875, 7.125]},
								"up": {"uv": [0, 0], "uv_size": [0, 2.875]},
								"down": {"uv": [0, 2.875], "uv_size": [0, -2.875]}
							}
						}
					]
				},
				{
					"name": "mecha5",
					"parent": "Hair",
					"pivot": [-0.09, 31.22297, 2.47358],
					"rotation": [-2.74653, 7.70046, -5.13125],
					"cubes": [
						{
							"origin": [-0.26365, 30.93048, 1.06053],
							"size": [0, 2.7346, 2.8261],
							"pivot": [-0.26365, 32.20778, 2.47358],
							"rotation": [0, 0, -22.5],
							"uv": {
								"north": {"uv": [0, 0], "uv_size": [0, 2.75]},
								"east": {"uv": [6, 34], "uv_size": [2.875, 2.75]},
								"south": {"uv": [0, 0], "uv_size": [0, 2.75]},
								"west": {"uv": [34, 6], "uv_size": [2.875, 2.75]},
								"up": {"uv": [0, 0], "uv_size": [0, 2.875]},
								"down": {"uv": [0, 2.875], "uv_size": [0, -2.875]}
							}
						},
						{
							"origin": [-1.08918, 33.34862, 1.06053],
							"size": [0, 1.7346, 2.8261],
							"pivot": [-1.08918, 33.62592, 2.47358],
							"rotation": [0, 0, -75],
							"uv": {
								"north": {"uv": [0, 0], "uv_size": [0, 1.75]},
								"east": {"uv": [39, 16], "uv_size": [2.875, 1.75]},
								"south": {"uv": [0, 0], "uv_size": [0, 1.75]},
								"west": {"uv": [18, 39], "uv_size": [2.875, 1.75]},
								"up": {"uv": [0, 0], "uv_size": [0, 2.875]},
								"down": {"uv": [0, 2.875], "uv_size": [0, -2.875]}
							}
						},
						{
							"origin": [-2.7307, 33.5768, 1.06053],
							"size": [0, 1.7346, 2.8261],
							"pivot": [-2.7307, 33.8541, 2.47358],
							"rotation": [0, 0, -122.5],
							"uv": {
								"north": {"uv": [0, 0], "uv_size": [0, 1.75]},
								"east": {"uv": [39, 18], "uv_size": [2.875, 1.75]},
								"south": {"uv": [0, 0], "uv_size": [0, 1.75]},
								"west": {"uv": [39, 20], "uv_size": [2.875, 1.75]},
								"up": {"uv": [0, 0], "uv_size": [0, 2.875]},
								"down": {"uv": [0, 2.875], "uv_size": [0, -2.875]}
							}
						},
						{
							"origin": [-4.05462, 32.53322, 1.06053],
							"size": [0, 2.7346, 2.8261],
							"pivot": [-4.05462, 32.81052, 2.47358],
							"rotation": [0, 0, -160],
							"uv": {
								"north": {"uv": [0, 0], "uv_size": [0, 2.75]},
								"east": {"uv": [9, 34], "uv_size": [2.875, 2.75]},
								"south": {"uv": [0, 0], "uv_size": [0, 2.75]},
								"west": {"uv": [34, 9], "uv_size": [2.875, 2.75]},
								"up": {"uv": [0, 0], "uv_size": [0, 2.875]},
								"down": {"uv": [0, 2.875], "uv_size": [0, -2.875]}
							}
						},
						{
							"origin": [-4.89506, 29.94681, 1.06053],
							"size": [0, 7.0946, 2.8261],
							"pivot": [-4.89506, 30.22411, 2.47358],
							"rotation": [0, 0, -180],
							"uv": {
								"north": {"uv": [0, 0], "uv_size": [0, 7.125]},
								"east": {"uv": [12, 23], "uv_size": [2.875, 7.125]},
								"south": {"uv": [0, 0], "uv_size": [0, 7.125]},
								"west": {"uv": [15, 23], "uv_size": [2.875, 7.125]},
								"up": {"uv": [0, 0], "uv_size": [0, 2.875]},
								"down": {"uv": [0, 2.875], "uv_size": [0, -2.875]}
							}
						}
					]
				},
				{
					"name": "mecha6",
					"parent": "Hair",
					"pivot": [-0.09, 31.22297, 1.47358],
					"rotation": [-10.89563, 42.69111, -6.83174],
					"cubes": [
						{
							"origin": [-0.26365, 30.93048, 0.06053],
							"size": [0, 2.7346, 2.8261],
							"pivot": [-0.26365, 32.20778, 1.47358],
							"rotation": [0, 0, -22.5],
							"uv": {
								"north": {"uv": [0, 0], "uv_size": [0, 2.75]},
								"east": {"uv": [12, 34], "uv_size": [2.875, 2.75]},
								"south": {"uv": [0, 0], "uv_size": [0, 2.75]},
								"west": {"uv": [34, 12], "uv_size": [2.875, 2.75]},
								"up": {"uv": [0, 0], "uv_size": [0, 2.875]},
								"down": {"uv": [0, 2.875], "uv_size": [0, -2.875]}
							}
						},
						{
							"origin": [-1.08918, 33.34862, 0.06053],
							"size": [0, 1.7346, 2.8261],
							"pivot": [-1.08918, 33.62592, 1.47358],
							"rotation": [0, 0, -75],
							"uv": {
								"north": {"uv": [0, 0], "uv_size": [0, 1.75]},
								"east": {"uv": [21, 39], "uv_size": [2.875, 1.75]},
								"south": {"uv": [0, 0], "uv_size": [0, 1.75]},
								"west": {"uv": [39, 22], "uv_size": [2.875, 1.75]},
								"up": {"uv": [0, 0], "uv_size": [0, 2.875]},
								"down": {"uv": [0, 2.875], "uv_size": [0, -2.875]}
							}
						},
						{
							"origin": [-2.7307, 33.5768, 0.06053],
							"size": [0, 1.7346, 2.8261],
							"pivot": [-2.7307, 33.8541, 1.47358],
							"rotation": [0, 0, -122.5],
							"uv": {
								"north": {"uv": [0, 0], "uv_size": [0, 1.75]},
								"east": {"uv": [24, 39], "uv_size": [2.875, 1.75]},
								"south": {"uv": [0, 0], "uv_size": [0, 1.75]},
								"west": {"uv": [39, 24], "uv_size": [2.875, 1.75]},
								"up": {"uv": [0, 0], "uv_size": [0, 2.875]},
								"down": {"uv": [0, 2.875], "uv_size": [0, -2.875]}
							}
						},
						{
							"origin": [-4.05462, 32.53322, 0.06053],
							"size": [0, 2.7346, 2.8261],
							"pivot": [-4.05462, 32.81052, 1.47358],
							"rotation": [0, 0, -160],
							"uv": {
								"north": {"uv": [0, 0], "uv_size": [0, 2.75]},
								"east": {"uv": [15, 34], "uv_size": [2.875, 2.75]},
								"south": {"uv": [0, 0], "uv_size": [0, 2.75]},
								"west": {"uv": [18, 34], "uv_size": [2.875, 2.75]},
								"up": {"uv": [0, 0], "uv_size": [0, 2.875]},
								"down": {"uv": [0, 2.875], "uv_size": [0, -2.875]}
							}
						},
						{
							"origin": [-4.89506, 29.94681, 0.06053],
							"size": [0, 7.0946, 2.8261],
							"pivot": [-4.89506, 30.22411, 1.47358],
							"rotation": [0, 0, -180],
							"uv": {
								"north": {"uv": [0, 0], "uv_size": [0, 7.125]},
								"east": {"uv": [18, 23], "uv_size": [2.875, 7.125]},
								"south": {"uv": [0, 0], "uv_size": [0, 7.125]},
								"west": {"uv": [21, 23], "uv_size": [2.875, 7.125]},
								"up": {"uv": [0, 0], "uv_size": [0, 2.875]},
								"down": {"uv": [0, 2.875], "uv_size": [0, -2.875]}
							}
						}
					]
				},
				{
					"name": "mecha7",
					"parent": "Hair",
					"pivot": [0.09, 31.22297, 1.47358],
					"rotation": [-10.89563, -42.69111, 6.83174],
					"cubes": [
						{
							"origin": [0.26365, 30.93048, 0.06053],
							"size": [0, 2.7346, 2.8261],
							"pivot": [0.26365, 32.20778, 1.47358],
							"rotation": [0, 0, 22.5],
							"uv": {
								"north": {"uv": [0, 0], "uv_size": [0, 2.75]},
								"east": {"uv": [21, 34], "uv_size": [2.875, 2.75]},
								"south": {"uv": [0, 0], "uv_size": [0, 2.75]},
								"west": {"uv": [24, 34], "uv_size": [2.875, 2.75]},
								"up": {"uv": [0, 0], "uv_size": [0, 2.875]},
								"down": {"uv": [0, 2.875], "uv_size": [0, -2.875]}
							}
						},
						{
							"origin": [1.08918, 33.34862, 0.06053],
							"size": [0, 1.7346, 2.8261],
							"pivot": [1.08918, 33.62592, 1.47358],
							"rotation": [0, 0, 75],
							"uv": {
								"north": {"uv": [0, 0], "uv_size": [0, 1.75]},
								"east": {"uv": [39, 26], "uv_size": [2.875, 1.75]},
								"south": {"uv": [0, 0], "uv_size": [0, 1.75]},
								"west": {"uv": [39, 28], "uv_size": [2.875, 1.75]},
								"up": {"uv": [0, 0], "uv_size": [0, 2.875]},
								"down": {"uv": [0, 2.875], "uv_size": [0, -2.875]}
							}
						},
						{
							"origin": [2.7307, 33.5768, 0.06053],
							"size": [0, 1.7346, 2.8261],
							"pivot": [2.7307, 33.8541, 1.47358],
							"rotation": [0, 0, 122.5],
							"uv": {
								"north": {"uv": [0, 0], "uv_size": [0, 1.75]},
								"east": {"uv": [30, 39], "uv_size": [2.875, 1.75]},
								"south": {"uv": [0, 0], "uv_size": [0, 1.75]},
								"west": {"uv": [39, 30], "uv_size": [2.875, 1.75]},
								"up": {"uv": [0, 0], "uv_size": [0, 2.875]},
								"down": {"uv": [0, 2.875], "uv_size": [0, -2.875]}
							}
						},
						{
							"origin": [4.05462, 32.53322, 0.06053],
							"size": [0, 2.7346, 2.8261],
							"pivot": [4.05462, 32.81052, 1.47358],
							"rotation": [0, 0, 160],
							"uv": {
								"north": {"uv": [0, 0], "uv_size": [0, 2.75]},
								"east": {"uv": [30, 34], "uv_size": [2.875, 2.75]},
								"south": {"uv": [0, 0], "uv_size": [0, 2.75]},
								"west": {"uv": [27, 35], "uv_size": [2.875, 2.75]},
								"up": {"uv": [0, 0], "uv_size": [0, 2.875]},
								"down": {"uv": [0, 2.875], "uv_size": [0, -2.875]}
							}
						},
						{
							"origin": [4.89506, 29.94681, 0.06053],
							"size": [0, 7.0946, 2.8261],
							"pivot": [4.89506, 30.22411, 1.47358],
							"rotation": [0, 0, 180],
							"uv": {
								"north": {"uv": [0, 0], "uv_size": [0, 7.125]},
								"east": {"uv": [24, 23], "uv_size": [2.875, 7.125]},
								"south": {"uv": [0, 0], "uv_size": [0, 7.125]},
								"west": {"uv": [25, 8], "uv_size": [2.875, 7.125]},
								"up": {"uv": [0, 0], "uv_size": [0, 2.875]},
								"down": {"uv": [0, 2.875], "uv_size": [0, -2.875]}
							}
						}
					]
				},
				{
					"name": "mecha8",
					"parent": "Hair",
					"pivot": [0.09, 31.22297, 1.47358],
					"rotation": [-36.46965, -72.30554, 35.17505],
					"cubes": [
						{
							"origin": [0.26365, 30.93048, 0.06053],
							"size": [0, 2.7346, 2.8261],
							"pivot": [0.26365, 32.20778, 1.47358],
							"rotation": [0, 0, 22.5],
							"uv": {
								"north": {"uv": [0, 0], "uv_size": [0, 2.75]},
								"east": {"uv": [0, 36], "uv_size": [2.875, 2.75]},
								"south": {"uv": [0, 0], "uv_size": [0, 2.75]},
								"west": {"uv": [3, 36], "uv_size": [2.875, 2.75]},
								"up": {"uv": [0, 0], "uv_size": [0, 2.875]},
								"down": {"uv": [0, 2.875], "uv_size": [0, -2.875]}
							}
						},
						{
							"origin": [1.08918, 33.34862, 0.06053],
							"size": [0, 1.7346, 2.8261],
							"pivot": [1.08918, 33.62592, 1.47358],
							"rotation": [0, 0, 75],
							"uv": {
								"north": {"uv": [0, 0], "uv_size": [0, 1.75]},
								"east": {"uv": [39, 32], "uv_size": [2.875, 1.75]},
								"south": {"uv": [0, 0], "uv_size": [0, 1.75]},
								"west": {"uv": [39, 34], "uv_size": [2.875, 1.75]},
								"up": {"uv": [0, 0], "uv_size": [0, 2.875]},
								"down": {"uv": [0, 2.875], "uv_size": [0, -2.875]}
							}
						},
						{
							"origin": [2.7307, 33.5768, 0.06053],
							"size": [0, 1.7346, 2.8261],
							"pivot": [2.7307, 33.8541, 1.47358],
							"rotation": [0, 0, 122.5],
							"uv": {
								"north": {"uv": [0, 0], "uv_size": [0, 1.75]},
								"east": {"uv": [36, 39], "uv_size": [2.875, 1.75]},
								"south": {"uv": [0, 0], "uv_size": [0, 1.75]},
								"west": {"uv": [39, 36], "uv_size": [2.875, 1.75]},
								"up": {"uv": [0, 0], "uv_size": [0, 2.875]},
								"down": {"uv": [0, 2.875], "uv_size": [0, -2.875]}
							}
						},
						{
							"origin": [4.05462, 32.53322, 0.06053],
							"size": [0, 2.7346, 2.8261],
							"pivot": [4.05462, 32.81052, 1.47358],
							"rotation": [0, 0, 160],
							"uv": {
								"north": {"uv": [0, 0], "uv_size": [0, 2.75]},
								"east": {"uv": [36, 15], "uv_size": [2.875, 2.75]},
								"south": {"uv": [0, 0], "uv_size": [0, 2.75]},
								"west": {"uv": [36, 18], "uv_size": [2.875, 2.75]},
								"up": {"uv": [0, 0], "uv_size": [0, 2.875]},
								"down": {"uv": [0, 2.875], "uv_size": [0, -2.875]}
							}
						},
						{
							"origin": [4.89506, 29.94681, 0.06053],
							"size": [0, 7.0946, 2.8261],
							"pivot": [4.89506, 30.22411, 1.47358],
							"rotation": [0, 0, 180],
							"uv": {
								"north": {"uv": [0, 0], "uv_size": [0, 7.125]},
								"east": {"uv": [26, 0], "uv_size": [2.875, 7.125]},
								"south": {"uv": [0, 0], "uv_size": [0, 7.125]},
								"west": {"uv": [27, 16], "uv_size": [2.875, 7.125]},
								"up": {"uv": [0, 0], "uv_size": [0, 2.875]},
								"down": {"uv": [0, 2.875], "uv_size": [0, -2.875]}
							}
						}
					]
				},
				{
					"name": "mecha9",
					"parent": "Hair",
					"pivot": [-0.09, 31.22297, 1.47358],
					"rotation": [-36.46965, 72.30554, -35.17505],
					"cubes": [
						{
							"origin": [-0.26365, 30.93048, 0.06053],
							"size": [0, 2.7346, 2.8261],
							"pivot": [-0.26365, 32.20778, 1.47358],
							"rotation": [0, 0, -22.5],
							"uv": {
								"north": {"uv": [0, 0], "uv_size": [0, 2.75]},
								"east": {"uv": [36, 21], "uv_size": [2.875, 2.75]},
								"south": {"uv": [0, 0], "uv_size": [0, 2.75]},
								"west": {"uv": [36, 24], "uv_size": [2.875, 2.75]},
								"up": {"uv": [0, 0], "uv_size": [0, 2.875]},
								"down": {"uv": [0, 2.875], "uv_size": [0, -2.875]}
							}
						},
						{
							"origin": [-1.08918, 33.34862, 0.06053],
							"size": [0, 1.7346, 2.8261],
							"pivot": [-1.08918, 33.62592, 1.47358],
							"rotation": [0, 0, -75],
							"uv": {
								"north": {"uv": [0, 0], "uv_size": [0, 1.75]},
								"east": {"uv": [39, 38], "uv_size": [2.875, 1.75]},
								"south": {"uv": [0, 0], "uv_size": [0, 1.75]},
								"west": {"uv": [40, 0], "uv_size": [2.875, 1.75]},
								"up": {"uv": [0, 0], "uv_size": [0, 2.875]},
								"down": {"uv": [0, 2.875], "uv_size": [0, -2.875]}
							}
						},
						{
							"origin": [-2.7307, 33.5768, 0.06053],
							"size": [0, 1.7346, 2.8261],
							"pivot": [-2.7307, 33.8541, 1.47358],
							"rotation": [0, 0, -122.5],
							"uv": {
								"north": {"uv": [0, 0], "uv_size": [0, 1.75]},
								"east": {"uv": [40, 2], "uv_size": [2.875, 1.75]},
								"south": {"uv": [0, 0], "uv_size": [0, 1.75]},
								"west": {"uv": [40, 4], "uv_size": [2.875, 1.75]},
								"up": {"uv": [0, 0], "uv_size": [0, 2.875]},
								"down": {"uv": [0, 2.875], "uv_size": [0, -2.875]}
							}
						},
						{
							"origin": [-4.05462, 32.53322, 0.06053],
							"size": [0, 2.7346, 2.8261],
							"pivot": [-4.05462, 32.81052, 1.47358],
							"rotation": [0, 0, -160],
							"uv": {
								"north": {"uv": [0, 0], "uv_size": [0, 2.75]},
								"east": {"uv": [36, 27], "uv_size": [2.875, 2.75]},
								"south": {"uv": [0, 0], "uv_size": [0, 2.75]},
								"west": {"uv": [36, 30], "uv_size": [2.875, 2.75]},
								"up": {"uv": [0, 0], "uv_size": [0, 2.875]},
								"down": {"uv": [0, 2.875], "uv_size": [0, -2.875]}
							}
						},
						{
							"origin": [-4.89506, 29.94681, 0.06053],
							"size": [0, 7.0946, 2.8261],
							"pivot": [-4.89506, 30.22411, 1.47358],
							"rotation": [0, 0, -180],
							"uv": {
								"north": {"uv": [0, 0], "uv_size": [0, 7.125]},
								"east": {"uv": [27, 24], "uv_size": [2.875, 7.125]},
								"south": {"uv": [0, 0], "uv_size": [0, 7.125]},
								"west": {"uv": [28, 8], "uv_size": [2.875, 7.125]},
								"up": {"uv": [0, 0], "uv_size": [0, 2.875]},
								"down": {"uv": [0, 2.875], "uv_size": [0, -2.875]}
							}
						}
					]
				}
			]
		}
	]
}