{
	"format_version": "1.12.0",
	"minecraft:geometry": [
		{
			"description": {
				"identifier": "geometry.vegeta_calca",
				"texture_width": 64,
				"texture_height": 64,
				"visible_bounds_width": 3,
				"visible_bounds_height": 4.5,
				"visible_bounds_offset": [0, 1.75, 0]
			},
			"bones": [
				{
					"name": "root",
					"pivot": [0, 12.72, 0]
				},
				{
					"name": "waist",
					"parent": "root",
					"pivot": [0, 13, 0]
				},
				{
					"name": "body",
					"parent": "waist",
					"pivot": [0, 24.60557, 0],
					"cubes": [
						{
							"origin": [-4.10093, 12.30278, -2.05046],
							"size": [8.20186, 12.30278, 4.10093],
							"inflate": 0.1,
							"uv": {
								"north": {"uv": [0, 13], "uv_size": [8.25, 12.25]},
								"east": {"uv": [10, 39], "uv_size": [4.125, 12.25]},
								"south": {"uv": [9, 13], "uv_size": [8.25, 12.25]},
								"west": {"uv": [30, 39], "uv_size": [4.125, 12.25]},
								"up": {"uv": [43, 10], "uv_size": [8.25, 4.125]},
								"down": {"uv": [43, 19.125], "uv_size": [8.25, -4.125]}
							}
						}
					]
				},
				{
					"name": "rightarm",
					"parent": "body",
					"pivot": [-5.12616, 22.5551, 0]
				},
				{
					"name": "rightArmClothe",
					"parent": "rightarm",
					"pivot": [-6, 22, 0]
				},
				{
					"name": "leftarm",
					"parent": "body",
					"pivot": [5.12616, 22.5551, 0]
				},
				{
					"name": "leftArmClothe",
					"parent": "leftarm",
					"pivot": [6, 22, 0]
				},
				{
					"name": "leftleg",
					"parent": "root",
					"pivot": [1.94794, 12.30278, 0],
					"cubes": [
						{
							"origin": [-0.10252, 0, -2.05046],
							"size": [4.10093, 12.30278, 4.10093],
							"inflate": 0.1,
							"uv": {
								"north": {"uv": [30, 26], "uv_size": [4.125, 12.25]},
								"east": {"uv": [32, 0], "uv_size": [4.125, 12.25]},
								"south": {"uv": [33, 13], "uv_size": [4.125, 12.25]},
								"west": {"uv": [35, 26], "uv_size": [4.125, 12.25]},
								"up": {"uv": [50, 50], "uv_size": [4.125, 4.125]},
								"down": {"uv": [51, 4.125], "uv_size": [4.125, -4.125]}
							}
						},
						{
							"origin": [-0.24606, -0.10252, -2.17349],
							"size": [4.34698, 4.6656, 4.34698],
							"uv": {
								"north": {"uv": [43, 20], "uv_size": [4.375, 4.625]},
								"east": {"uv": [44, 36], "uv_size": [4.375, 4.625]},
								"south": {"uv": [40, 44], "uv_size": [4.375, 4.625]},
								"west": {"uv": [15, 45], "uv_size": [4.375, 4.625]},
								"up": {"uv": [48, 20], "uv_size": [4.375, 4.375]},
								"down": {"uv": [49, 29.375], "uv_size": [4.375, -4.375]}
							}
						}
					]
				},
				{
					"name": "rightleg",
					"parent": "root",
					"pivot": [-1.94794, 12.30278, 0],
					"cubes": [
						{
							"origin": [-3.99841, 0, -2.05046],
							"size": [4.10093, 12.30278, 4.10093],
							"inflate": 0.1,
							"uv": {
								"north": {"uv": [37, 0], "uv_size": [4.125, 12.25]},
								"east": {"uv": [38, 13], "uv_size": [4.125, 12.25]},
								"south": {"uv": [0, 39], "uv_size": [4.125, 12.25]},
								"west": {"uv": [5, 39], "uv_size": [4.125, 12.25]},
								"up": {"uv": [51, 5], "uv_size": [4.125, 4.125]},
								"down": {"uv": [35, 55.125], "uv_size": [4.125, -4.125]}
							}
						},
						{
							"origin": [-4.10092, -0.10252, -2.17349],
							"size": [4.34698, 4.6656, 4.34698],
							"uv": {
								"north": {"uv": [45, 41], "uv_size": [4.375, 4.625]},
								"east": {"uv": [45, 46], "uv_size": [4.375, 4.625]},
								"south": {"uv": [20, 47], "uv_size": [4.375, 4.625]},
								"west": {"uv": [25, 47], "uv_size": [4.375, 4.625]},
								"up": {"uv": [49, 30], "uv_size": [4.375, 4.375]},
								"down": {"uv": [49, 39.375], "uv_size": [4.375, -4.375]}
							}
						}
					]
				}
			]
		}
	]
}