{
  "format_version": "1.8.0",
  "animations": {
	"animation.kuririn.default": {
	  "loop": true,
	  "bones": {
		"kienzan2": {
		  "rotation": [0, "q.anim_time * 500", 0]
		},
		"kienzan3": {
		  "rotation": [0, "q.anim_time * 250", 0]
		},
		"kamehameha2": {
		  "rotation": [0, "q.anim_time * 500", 0]
		},
		"kamehameha3": {
		  "rotation": [0, "q.anim_time * 250", 0]
		}
	  }
	},
	"animation.kuririn.ki": {
	  "loop": false,
      "animation_length": 1.1,
      "particle_effects": {
        "0.0": [
          {
            "effect": "kuririn_ki",
            "locator": "root_kuririn"
          },
          {
            "effect": "kuririn_ki2",
            "locator": ""
          }
        ],
        "0.1": [
          {
            "effect": "kuririn_ki",
            "locator": "root_kuririn"
          },
          {
            "effect": "kuririn_ki2",
            "locator": ""
          }
        ],
        "0.2": [
          {
            "effect": "kuririn_ki",
            "locator": "root_kuririn"
          },
          {
            "effect": "kuririn_ki2",
            "locator": ""
          }
        ],
        "0.3": [
          {
            "effect": "kuririn_ki",
            "locator": "root_kuririn"
          },
          {
            "effect": "kuririn_ki2",
            "locator": ""
          }
        ],
        "0.4": [
          {
            "effect": "kuririn_ki",
            "locator": "root_kuririn"
          },
          {
            "effect": "kuririn_ki2",
            "locator": ""
          }
        ],
        "0.5": [
          {
            "effect": "kuririn_ki",
            "locator": "root_kuririn"
          },
          {
            "effect": "kuririn_ki2",
            "locator": ""
          }
        ],
        "0.6": [
          {
            "effect": "kuririn_ki",
            "locator": "root_kuririn"
          },
          {
            "effect": "kuririn_ki2",
            "locator": ""
          }
        ],
        "0.7": [
          {
            "effect": "kuririn_ki",
            "locator": "root_kuririn"
          },
          {
            "effect": "kuririn_ki2",
            "locator": ""
          }
        ],
        "0.8": [
          {
            "effect": "kuririn_ki",
            "locator": "root_kuririn"
          },
          {
            "effect": "kuririn_ki2",
            "locator": ""
          }
        ],
        "0.9": [
          {
            "effect": "kuririn_ki",
            "locator": "root_kuririn"
          },
          {
            "effect": "kuririn_ki2",
            "locator": ""
          }
        ],
        "1.0": [
          {
            "effect": "kuririn_ki",
            "locator": "root_kuririn"
          },
          {
            "effect": "kuririn_ki2",
            "locator": ""
          }
        ]
      }
    },
    "animation.kuririn.stop": {
      "loop": true,
      "bones": {
        "waist": {
          "rotation": ["1.25 + math.cos(q.anim_time * 150) * 2.5", 0, 0]
        },
        "rightArm": {
          "rotation": [0, 0, "5 + math.cos(q.anim_time * 150) * -5"],
          "position": [0, "-math.cos(q.anim_time * 150) * 0.5", 0]
        },
        "leftArm": {
          "rotation": [0, 0, "-5 + math.cos(q.anim_time * 150) * 5"],
          "position": [0, "-math.cos(q.anim_time * 150) * 0.5", 0]
        },
        "rightLeg": {
          "rotation": [0, 0, 2.5],
          "position": [0, 0, -0.5]
        },
        "leftLeg": {
          "rotation": [0, -7.5, -2.5]
        }
      }
    },
    "animation.kuririn.attack1": {
      "loop": "hold_on_last_frame",
      "animation_length": 0.52,
      "bones": {
        "waist": {
          "rotation": {
            "0.0": [-2.3273, -24.89837, 5.51385],
            "0.1667": [19.88726, 49.40456, 11.62263],
            "0.3333": [19.88726, 49.40456, 11.62263],
            "0.5": [-2.3273, -24.89837, 5.51385]
          },
          "position": {
            "0.0": [0, 0, 0],
            "0.1667": [0, -0.5, 0],
            "0.3333": [0, -0.5, 0],
            "0.5": [0, 0, 0]
          }
        },
        "head": {
          "rotation": {
            "0.0": [0.65246, 7.51315, -2.3296],
            "0.1667": [1.59623, -19.93519, -5.30944],
            "0.3333": [1.59623, -19.93519, -5.30944],
            "0.5": [0.65246, 7.51315, -2.3296]
          }
        },
        "rightArm": {
          "rotation": {
            "0.0": [-52.92277, -6.06809, 35.46341],
            "0.1667": [19.57723, -6.06809, 35.46341],
            "0.3333": [19.57723, -6.06809, 35.46341],
            "0.5": [-52.92277, -6.06809, 35.46341]
          }
        },
        "leftArm": {
          "rotation": {
            "0.0": [-22.55316, -14.88021, -48.83834],
            "0.1667": [-38.69811, -9.16307, -93.87225],
            "0.3333": [-38.69811, -9.16307, -93.87225],
            "0.5": [-22.55316, -14.88021, -48.83834]
          },
          "position": {
            "0.0": [-2, 0, 2],
            "0.1667": [0, -0.5, -1],
            "0.3333": [0, -0.5, -1],
            "0.5": [-2, 0, 2]
          }
        },
        "rightLeg": {
          "rotation": {
            "0.0": [0, -5, 0],
            "0.1667": [16.80857, 26.48829, 7.6734],
            "0.3333": [16.80857, 26.48829, 7.6734],
            "0.5": [0, -32.5, 0]
          },
          "position": {
            "0.0": [0.5, 2, -3],
            "0.1667": [0, 0, 1],
            "0.3333": [0, 0, 1],
            "0.5": [1.5, 2, -3]
          }
        },
        "leftLeg": {
          "rotation": {
            "0.0": [14.05848, -71.89702, -15.89302],
            "0.1667": [4.33318, 2.58727, -2.30879],
            "0.3333": [4.33318, 2.58727, -2.30879],
            "0.5": [14.05848, -71.89702, -15.89302]
          },
          "position": {
            "0.0": [0, 0, 1],
            "0.1667": [-0.5, 0, -3.5],
            "0.3333": [-0.5, 0, -3.5],
            "0.5": [0, 0, 1]
          }
        }
      }
    },
    "animation.kuririn.attack2": {
      "loop": "hold_on_last_frame",
      "animation_length": 0.5,
      "bones": {
        "waist": {
          "rotation": {
            "0.0": [5.24133, -17.43127, -1.5741],
            "0.1667": [-15.10295, 41.49662, -22.52302],
            "0.3333": [-15.10295, 41.49662, -22.52302],
            "0.5": [5.24133, -17.43127, -1.5741]
          }
        },
        "head": {
          "rotation": {
            "0.0": [0, 17.5, 0],
            "0.1667": [2.99304, -22.22827, 9.09351],
            "0.3333": [2.99304, -22.22827, 9.09351],
            "0.5": [0, 17.5, 0]
          }
        },
        "rightArm": {
          "rotation": {
            "0.0": [-12.2127, 2.68507, 12.2127],
            "0.1667": [8.87499, 5.73576, 26.94093],
            "0.3333": [8.87499, 5.73576, 26.94093],
            "0.5": [-12.2127, 2.68507, 12.2127]
          }
        },
        "leftArm": {
          "rotation": {
            "0.0": [17.43745, 1.50179, -12.26968],
            "0.1667": [16.24074, 6.60796, -29.05613],
            "0.3333": [16.24074, 6.60796, -29.05613],
            "0.5": [17.43745, 1.50179, -12.26968]
          }
        },
        "rightLeg": {
          "rotation": {
            "0.0": [-0.26141, 4.90462, 2.33734],
            "0.1667": [13.46639, 69.40933, 14.34857],
            "0.3333": [13.46639, 69.40933, 14.34857],
            "0.5": [-0.26141, 4.90462, 2.33734]
          },
          "position": {
            "0.0": [0.5, 0, -1],
            "0.1667": [0.5, 0, 0.5],
            "0.3333": [0.5, 0, 0.5],
            "0.5": [0.5, 0, -1]
          }
        },
        "leftLeg": {
          "rotation": {
            "0.0": [17.79362, -12.19908, -2.74715],
            "0.1667": [-88.98487, -3.35557, -69.56503],
            "0.3333": [-88.98487, -3.35557, -69.56503],
            "0.5": [17.79362, -12.19908, -2.74715]
          },
          "position": {
            "0.0": [0, 0, 1],
            "0.1667": [0, 2.5, -2.5],
            "0.3333": [0, 2.5, -2.5],
            "0.5": [0, 0, 1]
          }
        }
      }
    },
    "animation.kuririn.attack3": {
      "loop": "hold_on_last_frame",
      "animation_length": 0.52,
      "bones": {
        "waist": {
          "rotation": {
            "0.0": [-2.3273, 24.8984, -5.5139],
            "0.1667": [19.88726, -49.4046, -11.6226],
            "0.3333": [19.88726, -49.4046, -11.6226],
            "0.5": [-2.3273, 24.8984, -5.5139]
          },
          "position": {
            "0.0": [0, 0, 0],
            "0.1667": [0, -0.5, 0],
            "0.3333": [0, -0.5, 0],
            "0.5": [0, 0, 0]
          }
        },
        "head": {
          "rotation": {
            "0.0": [0.65246, -7.5132, 2.3296],
            "0.1667": [1.59623, 19.9352, 5.3094],
            "0.3333": [1.59623, 19.9352, 5.3094],
            "0.5": [0.65246, -7.5132, 2.3296]
          }
        },
        "rightArm": {
          "rotation": {
            "0.0": [-22.55316, 14.8802, 48.8383],
            "0.1667": [-38.47378, 7.20875, 95.44746],
            "0.3333": [-38.47378, 7.20875, 95.44746],
            "0.5": [-22.55316, 14.8802, 48.8383]
          },
          "position": {
            "0.0": [2, 0, 2],
            "0.1667": [0, -0.5, -1],
            "0.3333": [0, -0.5, -1],
            "0.5": [2, 0, 2]
          }
        },
        "leftArm": {
          "rotation": {
            "0.0": [-52.92277, 6.0681, -35.4634],
            "0.1667": [19.57723, 6.0681, -35.4634],
            "0.3333": [19.57723, 6.0681, -35.4634],
            "0.5": [-52.92277, 6.0681, -35.4634]
          }
        },
        "rightLeg": {
          "rotation": {
            "0.0": [14.05848, 71.897, 15.893],
            "0.1667": [4.33318, -2.5873, 2.3088],
            "0.3333": [4.33318, -2.5873, 2.3088],
            "0.5": [14.05848, 71.897, 15.893]
          },
          "position": {
            "0.0": [0, 0, 1],
            "0.1667": [0.5, 0, -3.5],
            "0.3333": [0.5, 0, -3.5],
            "0.5": [0, 0, 1]
          }
        },
        "leftLeg": {
          "rotation": {
            "0.0": [0, 5, 0],
            "0.1667": [16.80857, -26.4883, -7.6734],
            "0.3333": [16.80857, -26.4883, -7.6734],
            "0.5": [0, 32.5, 0]
          },
          "position": {
            "0.0": [-0.5, 2, -3],
            "0.1667": [0, 0, 1],
            "0.3333": [0, 0, 1],
            "0.5": [-1.5, 2, -3]
          }
        }
      }
    },
    "animation.kuririn.attack4": {
      "loop": "hold_on_last_frame",
      "animation_length": 1.3,
      "bones": {
        "rightArm": {
          "rotation": {
            "0.5": [-179.5, 3, -5],
            "0.75": [-102.5, 15, -5],
            "1.0": [-102.5, 15, -5],
            "1.25": [0, 0, 20]
          },
          "position": {
            "0.0": [0, 1.5, 0],
            "1.25": [0, -1, 0]
          }
        },
        "waist": {
          "rotation": {
            "0.25": [0, 0, 5],
            "0.5": [0, 12.5, 5],
            "0.75": [10.24085, -29.96112, 4.49907],
            "1.0": [10.24085, -29.96112, 4.49907],
            "1.25": [-1.10693, 12.45167, -0.12076]
          },
          "position": [0, 0, 0]
        },
        "head": {
          "rotation": {
            "0.0": [0, 0, 0],
            "1.25": [0, -7.5, 0]
          }
        },
        "kienzan": {
          "rotation": {
            "0.5": [0, 0, 0],
            "0.75": [-90, 0, 0],
            "1.0": [-90, 0, 0],
            "1.25": [0, 0, 0]
          },
          "position": [0, -11, 0],
          "scale": {
            "0.7083": [1, 1, 1],
            "0.75": [0, 0, 0],
            "1.0": [0, 0, 0]
          }
        },
        "leftArm": {
          "rotation": {
            "0.5": [-22.5, 0, -15],
            "0.75": [12.57713, -1.91134, -19.62111],
            "1.0": [12.57713, -1.91134, -19.62111],
            "1.25": [-22.5, 0, -15]
          },
          "position": {
            "0.5": [0, -1.5, 0],
            "0.75": [0, 0, 0],
            "1.0": [0, 0, 0],
            "1.25": [0, -1.5, 0]
          }
        },
        "rightLeg": {
          "rotation": {
            "0.5": [0, 20, 2.6],
            "0.75": [0, -2.5, 2.6],
            "1.0": [0, -2.5, 2.6],
            "1.25": [0, 20, 2.6]
          },
          "position": {
            "0.5": [-0.5, 0, -0.5],
            "0.75": [0, 0, -2],
            "1.0": [0, 0, -2],
            "1.25": [-0.5, 0, -0.5]
          }
        },
        "leftLeg": {
          "rotation": {
            "0.5": [0, -20, -2.5],
            "0.75": [5, -20, -2.5],
            "1.0": [5, -20, -2.5],
            "1.25": [0, -20, -2.5]
          },
          "position": {
            "0.5": [0.5, 0, -0.5],
            "0.75": [1, 0, 0.5],
            "1.0": [1, 0, 0.5],
            "1.25": [0.5, 0, -0.5]
          }
        }
      },
      "sound_effects": {
        "0.5": {
          "effect": "kuririn_kamehameha"
        }
      }
    },
    "animation.kuririn.attack5": {
      "loop": "hold_on_last_frame",
      "animation_length": 1.6,
      "bones": {
        "waist": {
          "rotation": {
            "0.25": [31.65488, 79.17792, 17.3587],
            "0.75": [34.15488, 79.17792, 17.3587],
            "0.9167": [-2.5, 0, 0],
            "1.25": [-2.5, 0, 0],
            "1.5": [0, 0, 0]
          }
        },
        "head": {
          "rotation": {
            "0.25": [-14.62771, -46.55847, 10.73052],
            "0.75": [-16.15359, -51.3798, 12.75141],
            "0.9167": [2.5, 0, 0],
            "1.25": [2.5, 0, 0],
            "1.5": [0, 0, 0]
          },
          "position": [0, 0, 0]
        },
        "rightArm": {
          "rotation": {
            "0.25": [-27.56928, -34.22348, 16.36452],
            "0.75": [-31.70754, -30.50812, 24.08254],
            "0.9167": [-90, -7.5, 25],
            "1.25": [-90, -7.5, 25],
            "1.5": [0, 0, 0]
          },
          "position": {
            "0.25": [-0.5, 0, 0],
            "0.75": [0, -1, -2],
            "0.9167": [0, -1, -2],
            "1.25": [0, -1, -2],
            "1.5": [0, 0, 0]
          }
        },
        "leftArm": {
          "rotation": {
            "0.25": [-94.75311, 56.1582, -71.83158],
            "0.75": [-96.72092, 51.17345, -71.17159],
            "0.9167": [-90, 7.5, -25],
            "1.25": [-90, 7.5, -25],
            "1.5": [0, 0, 0]
          },
          "position": {
            "0.25": [-0.5, -1.5, -1.5],
            "0.75": [0, -1, -2],
            "0.9167": [0, -1, -2],
            "1.25": [0, -1, -2],
            "1.5": [0, 0, 0]
          }
        },
        "rightLeg": {
          "rotation": {
            "0.75": [30.40429, 62.69025, 26.80034],
            "0.9167": [-2.5, 0, 5],
            "1.25": [-2.5, 0, 5],
            "1.5": [0, 0, 0]
          },
          "position": {
            "0.75": [-0.5, 0, 2],
            "0.9167": [-0.5, 0, -1],
            "1.25": [-0.5, 0, -1],
            "1.5": [0, 0, 0]
          }
        },
        "leftLeg": {
          "rotation": {
            "0.75": [-7.24307, -0.12254, -1.93598],
            "0.9167": [-2.5, 0, -5],
            "1.25": [-2.5, 0, -5],
            "1.5": [0, 0, 0]
          },
          "position": {
            "0.75": [-1.5, 0, -3],
            "0.9167": [0.5, 0, -1],
            "1.25": [0.5, 0, -1],
            "1.5": [0, 0, 0]
          }
        },
        "kamehameha": {
          "position": {
            "0.75": [0, 1.5, -4.5],
            "0.9167": [4.5, -0.5, -1],
            "1.25": [4.5, -0.5, -1],
            "1.5": [0, 0, 0]
          },
          "scale": {
            "0.05": [0, 0, 0],
            "0.5": [1, 1, 1],
            "0.87": [1, 1, 1],
            "0.9167": [0, 0, 0]
          }
        }
      },
      "sound_effects": {
        "0.75": {
          "effect": "kuririn_kamehameha"
        }
      },
      "particle_effects": {
        "0.0": [
          {
            "effect": "kuririn_kamehameha2",
            "locator": "kuririn_kamehameha"
          }
        ]
      }
    }
  }
}