{
  "namespace": "main",
  "main_panel": {
    "type": "panel",
    "controls": [
      {
        "furyMeter@furyMeter.furyMeter_panel": {}
      },
      {
        "furyMeter_bg": {
          "type": "image",
          "$texture": "textures/dekuh/fury_meter/fury_meter_bg",
          "texture": "$texture",
          "anchor_to": "top_left",
          "anchor_from": "top_left",
          "layer": 3,
          "$value": "[FuryMeterActive]",
          "offset": [
            28.7,
            85
          ],
          "size": [
            64,
            10
          ],
          "bindings": [{
      "binding_name": "#hud_title_text_string"
    },
      {
        "binding_type": "view",
        "source_property_name": "(not((#hud_title_text_string - $value) = #hud_title_text_string))",
        "target_property_name": "#visible"
      }]

        }
      }
    ]
  }
}