{
  "format_version": "1.10.0",
  "animation_controllers": {
    "controller.animation.is_sprinting": {
      "states": {
        "default": {
          "transitions": [
            {
              "yamamoto": "q.is_sprinting && q.property('wesl3y:animes') == 1 && (q.property('wesl3y:characters') == 1 || q.property('wesl3y:characters') == 2 || q.property('wesl3y:characters') == 3)"
            }
          ]
        },
        "yamamoto": {
          "animations": ["timer.1_0"],
          "transitions": [
            {
              "default": "query.all_animations_finished"
            }
          ],
          "on_entry": [
            "/playanimation @s animation.sprint wesl3y",
            "/particle wesl3y:sprint ~~0.5~",
            "/tag @s add sprint",
            "/summon wesl3y:impulse ^^^-2 ~~ wesl3y:dash"
          ],
          "on_exit": [
            "/tag @s remove sprint"
          ]
        }
      }
    },
    "controller.animation.is_on_ground": {
      "states": {
        "default": {
          "transitions": [
            {
              "ground": "query.is_on_ground"
            },
            {
              "no_ground": "!query.is_on_ground"
            }
          ]
        },
        "ground": {
          "transitions": [
            {
              "default": "!query.is_on_ground"
            }
          ],
          "on_entry": [
            "/tag @s add ground",
            "/tag @s remove no_ground"
          ]
        },
        "no_ground": {
          "transitions": [
            {
              "default": "query.is_on_ground"
            }
          ],
          "on_entry": [
            "/tag @s add no_ground",
            "/tag @s remove ground"
          ]
        }
      }
    }
  }
}