{
  "format_version": "1.10.0",
  "particle_effect": {
    "description": {
      "identifier": "wesl3y:gear5_crazy_gatling",
      "basic_render_parameters": {
        "material": "particles_blend",
        "texture": "textures/particle/particles9"
      }
    },
    "components": {
      "minecraft:emitter_rate_instant": {
        "num_particles": 3
      },
      "minecraft:emitter_lifetime_once": {},
      "minecraft:emitter_shape_point": {
        "offset": [0, 0, "math.random(-2.5, -3.5)"]
      },
      "minecraft:particle_lifetime_expression": {
        "max_lifetime": "math.random(0.75, 1.0)"
      },
      "minecraft:particle_initial_spin": {
        "rotation_rate": "math.random(-180, 180)"
      },
      "minecraft:particle_initial_speed": 0.1,
      "minecraft:particle_motion_dynamic": {},
      "minecraft:particle_appearance_billboard": {
        "size": ["1.0 + (variable.particle_age * 2)", "1.0 + (variable.particle_age * 2)"],
		"facing_camera_mode": "direction_z",
        "uv": {
          "texture_width": 64,
          "texture_height": 64,
          "uv": [ 0, 0 ],
          "uv_size": [ 64, 64 ]
        }
      },
      "minecraft:particle_appearance_tinting": {
        "color": {
          "interpolant": "v.particle_age",
          "gradient": {
            "0.5": "#EDFFFFFF",
            "1.0": "#00FFFFFF"
          }
        }
	  }
    }
  }
}