{
  "format_version": "1.10.0",
  "particle_effect": {
    "description": {
      "identifier": "wesl3y:gear5_thunder",
      "basic_render_parameters": {
        "material": "particles_blend",
        "texture": "textures/particle/gomu/thunder"
      }
    },
    "components": {
      "minecraft:emitter_rate_steady": {
        "spawn_rate": 20,
        "max_particles": 60
      },
      "minecraft:emitter_lifetime_once": {
        "active_time": 1
      },
      "minecraft:emitter_shape_sphere": {
        "offset": [0, 0, 0],
        "radius": 1.0,
        "surface_only": true,
        "direction": "outwards"
      },
      "minecraft:particle_lifetime_expression": {
        "max_lifetime": "math.random(1.0, 1.25)"
      },
      "minecraft:particle_initial_speed": "math.random(10, 20)",
      "minecraft:particle_motion_dynamic": {
        "linear_drag_coefficient": 3
      },
      "minecraft:particle_appearance_billboard": {
        "size": [1, 3],
        "facing_camera_mode": "direction_y",
        "uv": {
          "texture_width": 384,
          "texture_height": 64,
          "flipbook": {
            "base_UV": [0, 0],
            "size_UV": [64, 64],
            "step_UV": [64, 0],
            "frames_per_second": 6,
            "max_frame": 6,
            "stretch_to_lifetime": true
          }
        }
      },
      "minecraft:particle_appearance_tinting": {
        "color": {
          "interpolant": "v.particle_age",
          "gradient": {
            "0.2": "#ffffffff",
            "1.15": "#00ffffff"
          }
        }
      }
    }
  }
}