{
	"format_version": "1.8.0",
	"render_controllers": {
		"controller.render.complete.first_person": {
			"geometry": "geometry.complete_arm",
			"materials": [
				{
					"*": "material.default"
				}
			],
			"textures": [
				"texture.complete_arm"
			],
			"part_visibility": [
				{
					"*": false
				},
				{
					"rightArm": "query.get_equipped_item_name(0, 1) == '' || query.get_equipped_item_name(0, 1) == 'map' || variable.test"
				},
				{
					"rightForearm": "query.get_equipped_item_name(0, 1) == '' || query.get_equipped_item_name(0, 1) == 'map' || variable.test"
				},
				{
					"rightSleeve": "query.get_equipped_item_name(0, 1) == '' || query.get_equipped_item_name(0, 1) == 'map' || variable.test"
				},
				{
					"rightSleeve2": "query.get_equipped_item_name(0, 1) == '' || query.get_equipped_item_name(0, 1) == 'map' || variable.test"
				},
				{
					"leftArm": "(query.get_equipped_item_name(0, 1) == 'map' && query.get_equipped_item_name('off_hand') != 'shield') || (query.get_equipped_item_name('off_hand') == 'map' && !query.item_is_charged) || (!query.item_is_charged && (variable.item_use_normalized > 0 && variable.item_use_normalized < 1.0))"
				},
				{
					"leftForearm": "(query.get_equipped_item_name(0, 1) == 'map' && query.get_equipped_item_name('off_hand') != 'shield') || (query.get_equipped_item_name('off_hand') == 'map' && !query.item_is_charged) || (!query.item_is_charged && (variable.item_use_normalized > 0 && variable.item_use_normalized < 1.0))"
				},
				{
					"leftSleeve": "(query.get_equipped_item_name(0, 1) == 'map' && query.get_equipped_item_name('off_hand') != 'shield') || (query.get_equipped_item_name('off_hand') == 'map' && !query.item_is_charged) || (!query.item_is_charged && (variable.item_use_normalized > 0 && variable.item_use_normalized < 1.0))"
				},
				{
					"leftSleeve2": "(query.get_equipped_item_name(0, 1) == 'map' && query.get_equipped_item_name('off_hand') != 'shield') || (query.get_equipped_item_name('off_hand') == 'map' && !query.item_is_charged) || (!query.item_is_charged && (variable.item_use_normalized > 0 && variable.item_use_normalized < 1.0))"
				}
			]
		},
		"controller.render.complete.third_person": {
			"geometry": "geometry.complete",
			"materials": [
				{
					"*": "material.default"
				}
			],
			"textures": [
				"texture.complete"
			],
			"part_visibility": [
				{
					"*": true
				},
				{
					"helmet": "variable.helmet_layer_visible"
				},
				{
					"leftLegging": "variable.leg_layer_visible"
				},
				{
					"rightLegging": "variable.leg_layer_visible"
				},
				{
					"leftBoot": "variable.boot_layer_visible"
				},
				{
					"rightBoot": "variable.boot_layer_visible"
				},
				{
					"leftSock": "variable.boot_layer_visible && variable.leg_layer_visible"
				},
				{
					"rightSock": "variable.boot_layer_visible && variable.leg_layer_visible"
				},
				{
					"bodyArmor": "variable.chest_layer_visible && !query.has_cape"
				},
				{
					"leftArmArmor": "variable.chest_layer_visible && !query.has_cape"
				},
				{
					"rightArmArmor": "variable.chest_layer_visible && !query.has_cape"
				},
				{
					"belt": "variable.chest_layer_visible && variable.leg_layer_visible"
				}
			]
		}
	}
}
















				
			
		
	
