{
	"format_version": "1.10.0",
	"particle_effect": {
		"description": {
			"identifier": "wesl3y:smash_smoke.default",
			"basic_render_parameters": {
				"material": "particles_blend",
				"texture": "textures/particle/campfire_smoke"
			}
		},
		"components": {
			"minecraft:emitter_rate_steady": {
				"spawn_rate": 50,
				"max_particles": 50
			},
			"minecraft:emitter_lifetime_once": {
				"active_time": 0.5
			},
			"minecraft:emitter_shape_sphere": {
				"radius": 1,
				"direction": "outwards"
			},
			"minecraft:particle_lifetime_expression": {
				"max_lifetime": "math.random(1.5, 2)"
			},
			"minecraft:particle_initial_speed": "Math.random(5, 7.5)",
			"minecraft:particle_motion_dynamic": {
				"linear_acceleration": [0, -2, 0],
				"rotation_drag_coefficient": 3
			},
			"minecraft:particle_appearance_billboard": {
				"size": ["0.5 + (v.particle_random_3 * 0.5)", "0.5 + (v.particle_random_3 * 0.5)"],
				"facing_camera_mode": "lookat_xyz",
				"uv": {
					"texture_width": 1,
					"texture_height": 12,
					"uv": [0, "Math.floor(variable.particle_random_2 * 12)"],
					"uv_size": [1, 1]
				}
			},
			"minecraft:particle_motion_collision": {
				"collision_drag": 10,
				"collision_radius": 0.1
			},
			"minecraft:particle_appearance_tinting": {
				"color": {
					"interpolant": "v.particle_age",
					"gradient": {
						"1.0": "#EDFFFFFF",
						"2.0": "#00FFFFFF"
					}
				}
			}
		}
	}
}