{
  "format_version": "1.10.0",
  "minecraft:attachable": {
    "description": {
      "identifier": "wesl3y:enma",
      "materials": {
        "default": "entity_alphatest"
      },
      "textures": {
        "default": "textures/attachables/enma"
      },
      "geometry": {
        "default": "geometry.katana",
        "default_off": "geometry.katana_off"
      },
      "scripts": {},
      "render_controllers": [ { "controller.render.katanas": "c.item_slot == 'main_hand' && query.property('wesl3y:empty') == 0 && (query.property('wesl3y:mode') == 0 || query.property('wesl3y:mode') == 43)" }, { "controller.render.katanas_off": "c.item_slot == 'off_hand' && query.property('wesl3y:empty') == 0 && (query.property('wesl3y:mode') == 0 || query.property('wesl3y:mode') == 43)" } ]
    }
  }
}