{
  "format_version": "1.10.0",
  "minecraft:attachable": {
    "description": {
      "identifier": "wesl3y:wado_ichimonji",
      "materials": {
        "default": "entity_alphatest"
      },
      "textures": {
        "default": "textures/attachables/wado_ichimonji"
      },
      "geometry": {
        "default": "geometry.katana"
      },
      "scripts": {},
      "render_controllers": [ { "controller.render.katanas": "c.item_slot == 'main_hand' && query.property('wesl3y:empty') == 0 && (query.property('wesl3y:mode') == 0 || query.property('wesl3y:mode') == 43)" }, { "controller.render.katanas_head": "c.item_slot == 'head' && query.property('wesl3y:empty') == 0 && (query.property('wesl3y:mode') == 0 || query.property('wesl3y:mode') == 43)" } ]
    }
  }
}