{
  "format_version": "1.16.0",
  "minecraft:entity": {
    "description": {
      "identifier": "wesl3y:titan_armored_damage",
      "is_spawnable": false,
      "is_summonable": true,
      "is_experimental": false
    },
    "component_groups": {
      "wesl3y:despawn": {
        "minecraft:transformation": {
          "into": "wesl3y:despawn",
          "delay": 0.0
        }
      },
      "wesl3y:impulse_hit": {
        "minecraft:type_family": {
          "family": [ "impulse_hit", "attack", "damage" ]
        },
        "minecraft:behavior.knockback_roar": {
          "duration": 0.2,
          "attack_time": 0.1,
          "knockback_horizontal_strength": 2,
          "knockback_vertical_strength": 0,
          "knockback_range": 2.5,
          "cooldown_time": 0.2,
          "knockback_filters": {
            "test": "has_tag","subject": "other","operator": "==","value": "titan_armored"
          },
          "damage_filters": {
            "test": "has_tag","subject": "other","operator": "==","value": "sla"
          },
          "on_roar_end": {
            "event": "wesl3y:despawn"
          }
        }
      },
      "wesl3y:super_kick": {
        "minecraft:type_family": {
          "family": [ "super_kick", "attack", "damage" ]
        },
        "minecraft:behavior.knockback_roar": {
          "duration": 0.3,
          "attack_time": 0.1,
          "knockback_horizontal_strength": 3,
          "knockback_vertical_strength": 1,
          "knockback_range": 2.5,
          "cooldown_time": 0.2,
          "knockback_filters": {
            "test": "has_tag","subject": "other","operator": "!=","value": "titan_armored"
          },
          "damage_filters": {
            "test": "has_tag","subject": "other","operator": "==","value": "sla"
          },
          "on_roar_end": {
            "event": "wesl3y:despawn"
          }
        }
      },
      "wesl3y:smash": {
        "minecraft:type_family": {
          "family": [ "smash", "attack", "damage" ]
        },
        "minecraft:behavior.knockback_roar": {
          "duration": 0.3,
          "attack_time": 0.1,
          "knockback_horizontal_strength": 5,
          "knockback_vertical_strength": 1,
          "knockback_range": 3.5,
          "cooldown_time": 0.2,
          "knockback_filters": {
            "test": "has_tag","subject": "other","operator": "!=","value": "titan_armored"
          },
          "damage_filters": {
            "test": "has_tag","subject": "other","operator": "==","value": "sla"
          },
          "on_roar_end": {
            "event": "wesl3y:despawn"
          }
        }
      },
      "wesl3y:stomp": {
        "minecraft:type_family": {
          "family": [ "stomp", "attack", "damage" ]
        },
        "minecraft:behavior.knockback_roar": {
          "duration": 0.3,
          "attack_time": 0.1,
          "knockback_horizontal_strength": 5,
          "knockback_vertical_strength": 1,
          "knockback_range": 5.5,
          "cooldown_time": 0.2,
          "knockback_filters": {
            "test": "has_tag","subject": "other","operator": "!=","value": "titan_armored"
          },
          "damage_filters": {
            "test": "has_tag","subject": "other","operator": "==","value": "sla"
          },
          "on_roar_end": {
            "event": "wesl3y:despawn"
          }
        }
      }
    },
    "components": {
      "minecraft:collision_box": {
        "width": 0.0,
        "height": 0.0
      },
      "minecraft:transformation": {
        "into": "wesl3y:despawn",
        "delay": 1.5
      },
      "minecraft:timer": {
        "time": 0.2,
        "looping": true,
        "time_down_event": {
          "event": "minecraft:command",
          "target": "self"
        }
      },
      "minecraft:environment_sensor": {
        "triggers": [
          {
            "event": "minecraft:command2"
          }
        ]
      },
      "minecraft:damage_sensor": {
        "triggers": {
          "on_damage": {},
          "deals_damage": false
        }
      },
      "minecraft:despawn": {
        "filters": {
          "all_of":[{ "test": "distance_to_nearest_player", "operator": ">", "value": 48 }]
        }
      },
      "minecraft:knockback_resistance": {"value": 1.0},
      "minecraft:physics": {
        "has_gravity": false
      },
      "minecraft:pushable": {
        "is_pushable": false,
        "is_pushable_by_piston": true
      },
      "minecraft:conditional_bandwidth_optimization": {
        "default_values": {
          "max_optimized_distance": 80,
          "max_dropped_ticks": 10,
          "use_motion_prediction_hints": true
        }
      }
    },
    "events": {
      "minecraft:command": {
        "run_command": {
          "command": [
            "execute at @s[tag=super_kick0,tag=!summon] run summon wesl3y:titan_armored_damage ^^^2 facing ^^^10000 wesl3y:super_kick",
            "execute at @s[tag=mob.super_kick0,tag=!summon] run summon wesl3y:titan_armored_damage ^^^2 facing ^^^10000 wesl3y:mob.super_kick",
            "tag @s[tag=!summon] add summon"
          ]
        }
      },
      "minecraft:command2": {},
      "wesl3y:despawn": {
        "add": {
          "component_groups": [
            "wesl3y:despawn"
          ]
        }
      },
	  "wesl3y:impulse_hit": {
	    "add": {
	      "component_groups": [
	        "wesl3y:impulse_hit"
	      ]
        }
      },
      "wesl3y:super_kick0": {
        "run_command": {
          "command": [
            "tag @s add super_kick0"
          ]
        }
      },
      "wesl3y:super_kick": {
        "add": {
          "component_groups": [
            "wesl3y:super_kick"
          ]
        },
        "run_command": {
          "command": [
            "particle wesl3y:crack5",
            "particle wesl3y:expansion_white.medium ~~0.5~",
            "particle wesl3y:expansion_white.default ~~0.5~",
            "particle wesl3y:smash_white.default ~~~",
            "particle wesl3y:spike_white.default ~~~",
            "playsound random.explode @a"
          ]
        }
      },
	  "wesl3y:smash": {
	    "add": {
	      "component_groups": [
	        "wesl3y:smash"
	      ]
        },
        "run_command": {
          "command": [
            "playsound random.explode @a"
          ]
        }
      },
	  "wesl3y:stomp": {
	    "add": {
	      "component_groups": [
	        "wesl3y:stomp"
	      ]
        },
        "run_command": {
          "command": [
            "playsound random.explode @a"
          ]
        }
	  }
    }
  }
}