{
	"format_version": "1.10.0",
	"particle_effect": {
		"description": {
			"identifier": "ds:water_flux1foam1",
			"basic_render_parameters": {
				"material": "particles_alpha",
				"texture": "textures/particle/customball"
			}
		},
		"curves": {
			"variable.test": {
				"type": "catmull_rom",
				"input": 1,
				"horizontal_range": 1,
				"nodes": [0, 1.12]
			}
		},
		"components": {
			"minecraft:emitter_initialization": {
				"creation_expression": "variable.psize = (variable.particle_random_4 * 1 + math.random((v.particle_random_3 * 0.2),(v.particle_random_3 * 0.4)));variable.pshrink = (variable.psize / 2);"
			},
			"minecraft:emitter_rate_steady": {
				"spawn_rate": 2000,
				"max_particles": 6000
			},
			"minecraft:emitter_lifetime_once": {
				"active_time": 0.15
			},
			"minecraft:emitter_shape_point": {
				"offset": ["math.cos(variable.particle_random_2 * 260) * (4.4-variable.particle_random_1 * 0.4)", 0, "math.sin(variable.particle_random_2 * 260) * (4.4-variable.particle_random_1 * 0.4)"],
				"direction": ["math.random(-1, 1)", "math.random(-1, 1)", "math.random(-1, 1)"]
			},
			"minecraft:particle_lifetime_expression": {
				"max_lifetime": 1
			},
			"minecraft:particle_initial_speed": 3,
			"minecraft:particle_motion_dynamic": {
				"linear_drag_coefficient": 10
			},
			"minecraft:particle_appearance_billboard": {
				"size": ["0.2 - (v.particle_age * 0.1)", "0.2 - (v.particle_age * 0.1)"],
				"facing_camera_mode": "rotate_xyz",
				"uv": {
					"texture_width": 48,
					"texture_height": 6,
					"flipbook": {
						"base_UV": [0, 0],
						"size_UV": [6, 6],
						"step_UV": [6, 0],
						"frames_per_second": 8,
						"max_frame": 8,
						"stretch_to_lifetime": true
					}
				}
			},
			"minecraft:particle_appearance_tinting": {
				"color": {
					"interpolant": "variable.particle_random_1",
					"gradient": {
						"0.0": "#FFFFFFFF",
						"1.0": "#FFA4A4A4"
					}
				}
			}
		}
	}
}