{                                                                      
  "format_version": "1.16.100",
    "minecraft:item": {
        "description": {
            "identifier": "jedy:arma_3iso" ,
      "category": "equipment"
    },
    "components": {
      "minecraft:creative_category": {
        "parent": "itemGroup.name.sword"
      },
          "minecraft:icon": {
            "texture": "arma_3iso"
          },
      "minecraft:display_name": {
		"value": "§l§cEspadão-Isobu §e[+33DMG] §b[80¿]\n§a§o(Segure para usar bijuudama)"
      },
	  "minecraft:render_offsets": "tools",
	  "minecraft:allow_off_hand": true,
      "minecraft:use_duration": 5000,
      "minecraft:hand_equipped": true,
      "minecraft:durability": {
        "max_durability": 5000
      },
      "minecraft:mining_speed": 1,
      "minecraft:damage": 33,
      "minecraft:enchantable": {
        "value": 33,
        "slot": "sword"
      },
          "tag:1606": {},
          "minecraft:max_stack_size": 1,
          "minecraft:cooldown": {
           "category": "ender_pearl",
            "duration": 5
         },
          "minecraft:throwable": {
            "do_swing_animation": true
          },
          "minecraft:on_use": {
            "on_use": {
              "event": "jedy",
              "target": "self"
            }
          }
        },
        "events": {
          "jedy": {
            "shoot": {
              "projectile": "jedy:bijuudama",
              "launch_power": 1,
              "angle_offset": 20
            },
		"run_command": {
		  "command": [
       "function jutsus/bijuudama1"

		  ]
	    }
          }
        }
      }
    }