{
  "format_version": "1.10.0",
  "minecraft:attachable": {
    "description": {
      "identifier": "wesl3y:mochi_fruit",
      "materials": {
        "default": "entity_alphatest"
      },
      "textures": {
        "default": "textures/attachables/fruits"
      },
      "geometry": {
        "default": "geometry.fruitItem"
      },
      "scripts": {
        "parent_setup": "variable.chest_layer_visible = 0.0;"
      },
      "render_controllers": [ {"controller.render.fruitItem": "query.property('wesl3y:empty') == 0 && (query.property('wesl3y:mode') == 0 || query.property('wesl3y:mode') == 3 || query.property('wesl3y:mode') == 8 || query.property('wesl3y:mode') == 43)"} ]
    }
  }
}