{
	"format_version": "1.12.0",
	"minecraft:geometry": [
		{
			"description": {
				"identifier": "geometry.basictsuba",
				"texture_width": 64,
				"texture_height": 64,
				"visible_bounds_width": 7,
				"visible_bounds_height": 2.5,
				"visible_bounds_offset": [0, 0.75, 0]
			},
			"bones": [
				{
					"name": "root",
					"pivot": [0, 0, 0],
					"locators": {
						"aura": [0, 0, 0]
					}
				},
				{
					"name": "waist",
					"parent": "root",
					"pivot": [0, 12, 0]
				},
				{
					"name": "body",
					"parent": "waist",
					"pivot": [0, 24, 1]
				},
				{
					"name": "rightArm",
					"parent": "body",
					"pivot": [-5, 22, 1]
				},
				{
					"name": "rightItem",
					"parent": "rightArm",
					"pivot": [-5.4, 13.8, 1],
					"locators": {
						"lead_hold": [-5.4, 13.8, 1]
					}
				},
				{
					"name": "nichirin",
					"parent": "rightItem",
					"pivot": [0, 0, 0]
				},
				{
					"name": "blade",
					"parent": "nichirin",
					"pivot": [0, 0, 0]
				},
				{
					"name": "tsuba",
					"parent": "blade",
					"pivot": [0, 0, 0],
					"cubes": [
						{
							"origin": [-1, -1, 1],
							"size": [3, 6, 2],
							"uv": {
								"north": {"uv": [61, 0], "uv_size": [3, 6]},
								"east": {"uv": [59, 0], "uv_size": [2, 6]},
								"south": {"uv": [64, 0], "uv_size": [-3, 6]},
								"west": {"uv": [61, 0], "uv_size": [-2, 6]},
								"up": {"uv": [64, 6], "uv_size": [-3, 2]},
								"down": {"uv": [61, 6], "uv_size": [3, 2]}
							}
						},
						{
							"origin": [-2, -1, 0.9],
							"size": [1, 6, 2.2],
							"uv": {
								"north": {"uv": [62, 8], "uv_size": [1, 6]},
								"east": {"uv": [62, 16], "uv_size": [2, 6]},
								"south": {"uv": [64, 8], "uv_size": [-1, 6]},
								"west": {"uv": [64, 16], "uv_size": [-2, 6]},
								"up": {"uv": [63, 14], "uv_size": [-1, 2]},
								"down": {"uv": [63, 14], "uv_size": [1, 2]}
							}
						},
						{
							"origin": [2, -1, 0.9],
							"size": [1, 6, 2.2],
							"uv": {
								"north": {"uv": [62, 8], "uv_size": [1, 6]},
								"east": {"uv": [62, 16], "uv_size": [2, 6]},
								"south": {"uv": [64, 8], "uv_size": [-1, 6]},
								"west": {"uv": [64, 16], "uv_size": [-2, 6]},
								"up": {"uv": [63, 14], "uv_size": [-1, 2]},
								"down": {"uv": [63, 14], "uv_size": [1, 2]}
							}
						},
						{
							"origin": [-1, 5, 0.9],
							"size": [3, 1, 2.2],
							"uv": {
								"north": {"uv": [57, 23], "uv_size": [3, 1]},
								"east": {"uv": [58, 26], "uv_size": [2, 1]},
								"south": {"uv": [60, 23], "uv_size": [-3, 1]},
								"west": {"uv": [60, 26], "uv_size": [-2, 1]},
								"up": {"uv": [60, 24], "uv_size": [-3, 2]},
								"down": {"uv": [57, 24], "uv_size": [3, 2]}
							}
						},
						{
							"origin": [-1, -2, 0.9],
							"size": [3, 1, 2.2],
							"uv": {
								"north": {"uv": [61, 23], "uv_size": [3, 1]},
								"east": {"uv": [62, 26], "uv_size": [2, 1]},
								"south": {"uv": [64, 23], "uv_size": [-3, 1]},
								"west": {"uv": [64, 26], "uv_size": [-2, 1]},
								"up": {"uv": [64, 24], "uv_size": [-3, 2]},
								"down": {"uv": [61, 24], "uv_size": [3, 2]}
							}
						}
					]
				}
			]
		}
	]
}