{
	"format_version": "1.12.0",
	"minecraft:geometry": [
		{
			"description": {
				"identifier": "geometry.basicdemon",
				"texture_width": 64,
				"texture_height": 64,
				"visible_bounds_width": 6,
				"visible_bounds_height": 9.5,
				"visible_bounds_offset": [0, 4.25, 0]
			},
			"bones": [
				{
					"name": "root",
					"pivot": [0, 0, 0],
					"locators": {
						"aura": [0, 0, 0]
					}
				},
				{
					"name": "waist",
					"parent": "root",
					"pivot": [0, 12, 0]
				},
				{
					"name": "body",
					"parent": "waist",
					"pivot": [0, 24, 0],
					"cubes": [
						{
							"origin": [-4, 12, -2],
							"size": [8, 12, 4],
							"uv": {
								"north": {"uv": [28, 20], "uv_size": [8, 12]},
								"east": {"uv": [24, 20], "uv_size": [4, 12]},
								"south": {"uv": [16, 20], "uv_size": [8, 12]},
								"west": {"uv": [36, 20], "uv_size": [4, 12]},
								"up": {"uv": [28, 16], "uv_size": [8, 4]},
								"down": {"uv": [20, 20], "uv_size": [8, -4]}
							}
						}
					]
				},
				{
					"name": "head",
					"parent": "body",
					"pivot": [0, 24, 0],
					"cubes": [
						{
							"origin": [-4, 24, -4],
							"size": [8, 8, 8],
							"uv": {
								"north": {"uv": [8, 8], "uv_size": [8, 8]},
								"east": {"uv": [0, 8], "uv_size": [8, 8]},
								"south": {"uv": [24, 8], "uv_size": [8, 8]},
								"west": {"uv": [16, 8], "uv_size": [8, 8]},
								"up": {"uv": [8, 0], "uv_size": [8, 8]},
								"down": {"uv": [16, 8], "uv_size": [8, -8]}
							}
						}
					]
				},
				{
					"name": "headband",
					"parent": "head",
					"pivot": [0, 24, 0]
				},
				{
					"name": "dash",
					"parent": "head",
					"pivot": [0, 24, 0],
					"locators": {
						"dash1": [0, 20, 0]
					}
				},
				{
					"name": "dash2",
					"parent": "head",
					"pivot": [0, 24, 0],
					"locators": {
						"dash2": [0, 20, 0]
					}
				},
				{
					"name": "dash3",
					"parent": "head",
					"pivot": [0, 24, 0],
					"locators": {
						"dash3": [0, 20, 0]
					}
				},
				{
					"name": "dash4",
					"parent": "head",
					"pivot": [0, 24, 0],
					"locators": {
						"dash4": [0, 20, 0]
					}
				},
				{
					"name": "dash5",
					"parent": "head",
					"pivot": [0, 24, 0],
					"locators": {
						"dash5": [0, 20, 0]
					}
				},
				{
					"name": "headparticle",
					"parent": "head",
					"pivot": [0, 24, 0],
					"locators": {
						"headparticle": [0, 0, 0]
					}
				},
				{
					"name": "stweyes",
					"parent": "head",
					"pivot": [0, 24, 0]
				},
				{
					"name": "stweyes_left",
					"parent": "stweyes",
					"pivot": [1, 27, -4],
					"locators": {
						"stweyes_left": [-1, 27, -3]
					}
				},
				{
					"name": "stweyes_right",
					"parent": "stweyes",
					"pivot": [4, 27, -4],
					"locators": {
						"stweyes_right": [2, 27, -3]
					}
				},
				{
					"name": "cape",
					"parent": "body",
					"pivot": [0, 24, 3]
				},
				{
					"name": "rightArm",
					"parent": "body",
					"pivot": [-5, 22, 0],
					"cubes": [
						{
							"origin": [-8, 12, -2],
							"size": [4, 12, 4],
							"uv": {
								"north": {"uv": [44, 20], "uv_size": [4, 12]},
								"east": {"uv": [48, 20], "uv_size": [4, 12]},
								"south": {"uv": [52, 20], "uv_size": [4, 12]},
								"west": {"uv": [40, 20], "uv_size": [4, 12]},
								"up": {"uv": [48, 16], "uv_size": [4, 4]},
								"down": {"uv": [44, 20], "uv_size": [4, -4]}
							}
						}
					]
				},
				{
					"name": "rightItem",
					"parent": "rightArm",
					"pivot": [-5.4, 13.8, 1],
					"locators": {
						"lead_hold": [-5.4, 13.8, 1]
					}
				},
				{
					"name": "nichirin",
					"parent": "rightItem",
					"pivot": [-5.4, 13.8, 1]
				},
				{
					"name": "blade",
					"parent": "nichirin",
					"pivot": [-5.4, 13.8, 1]
				},
				{
					"name": "blade2",
					"parent": "blade",
					"pivot": [-5.4, 13.8, 1]
				},
				{
					"name": "hand",
					"parent": "rightArm",
					"pivot": [-5, 12, 0],
					"locators": {
						"hand": [-5, 12, 0]
					}
				},
				{
					"name": "right_armparticle",
					"parent": "rightArm",
					"pivot": [0, 24, 0],
					"locators": {
						"right_armparticle": [0, 0, 0]
					}
				},
				{
					"name": "bone",
					"parent": "rightArm",
					"pivot": [-5, 22, 0]
				},
				{
					"name": "leftArm",
					"parent": "body",
					"pivot": [5, 22, 0],
					"cubes": [
						{
							"origin": [4, 12, -2],
							"size": [4, 12, 4],
							"uv": {
								"north": {"uv": [44, 20], "uv_size": [4, 12]},
								"east": {"uv": [48, 20], "uv_size": [4, 12]},
								"south": {"uv": [52, 20], "uv_size": [4, 12]},
								"west": {"uv": [40, 20], "uv_size": [4, 12]},
								"up": {"uv": [48, 16], "uv_size": [4, 4]},
								"down": {"uv": [44, 20], "uv_size": [4, -4]}
							}
						}
					]
				},
				{
					"name": "leftItem",
					"parent": "leftArm",
					"pivot": [5.4, 13.8, 1],
					"locators": {
						"lead_hold2": [5.4, 13.8, 1]
					}
				},
				{
					"name": "left_armparticle",
					"parent": "leftArm",
					"pivot": [0, 24, 0],
					"locators": {
						"left_armparticle": [0, 0, 0]
					}
				},
				{
					"name": "bodyparticle",
					"parent": "body",
					"pivot": [0, 24, 0],
					"locators": {
						"bodyparticle": [0, 0, 0]
					}
				},
				{
					"name": "leftLeg",
					"parent": "root",
					"pivot": [1.9, 12, 0],
					"cubes": [
						{
							"origin": [0, 0, -2],
							"size": [4, 12, 4],
							"uv": {
								"north": {"uv": [44, 20], "uv_size": [4, 12]},
								"east": {"uv": [48, 20], "uv_size": [4, 12]},
								"south": {"uv": [52, 20], "uv_size": [4, 12]},
								"west": {"uv": [40, 20], "uv_size": [4, 12]},
								"up": {"uv": [48, 16], "uv_size": [4, 4]},
								"down": {"uv": [44, 20], "uv_size": [4, -4]}
							}
						}
					]
				},
				{
					"name": "left_legparticle",
					"parent": "leftLeg",
					"pivot": [0, 24, 0],
					"locators": {
						"left_legparticle": [0, 0, 0]
					}
				},
				{
					"name": "rightLeg",
					"parent": "root",
					"pivot": [-1.9, 12, 0],
					"cubes": [
						{
							"origin": [-4, 0, -2],
							"size": [4, 12, 4],
							"uv": {
								"north": {"uv": [44, 20], "uv_size": [4, 12]},
								"east": {"uv": [48, 20], "uv_size": [4, 12]},
								"south": {"uv": [52, 20], "uv_size": [4, 12]},
								"west": {"uv": [40, 20], "uv_size": [4, 12]},
								"up": {"uv": [48, 16], "uv_size": [4, 4]},
								"down": {"uv": [44, 20], "uv_size": [4, -4]}
							}
						}
					]
				},
				{
					"name": "right_legparticle",
					"parent": "rightLeg",
					"pivot": [0, 24, 0],
					"locators": {
						"right_legparticle": [0, 0, 0]
					}
				},
				{
					"name": "katanaground",
					"parent": "root",
					"pivot": [0, 0, 0],
					"locators": {
						"katanaground": [0, 0, 0]
					}
				},
				{
					"name": "slash",
					"pivot": [0, 24, 0],
					"locators": {
						"slash": [0, 20, 0]
					}
				},
				{
					"name": "place1",
					"parent": "slash",
					"pivot": [0, 24, 0],
					"locators": {
						"place1": [0, 0, 0]
					}
				},
				{
					"name": "place2",
					"parent": "slash",
					"pivot": [0, 24, 0],
					"locators": {
						"place2": [0, 0, 0]
					}
				},
				{
					"name": "place3",
					"parent": "slash",
					"pivot": [0, 24, 0],
					"locators": {
						"place3": [0, 0, 0]
					}
				},
				{
					"name": "place4",
					"parent": "slash",
					"pivot": [0, 24, 0],
					"locators": {
						"place4": [0, 0, 0]
					}
				},
				{
					"name": "place5",
					"parent": "slash",
					"pivot": [0, 24, 0],
					"locators": {
						"place5": [0, 0, 0]
					}
				},
				{
					"name": "flux",
					"pivot": [0, 0, 0]
				},
				{
					"name": "fluxwhite",
					"parent": "flux",
					"pivot": [0, 0, 0]
				},
				{
					"name": "fluxline1",
					"parent": "fluxwhite",
					"pivot": [0, 0, 0],
					"locators": {
						"fluxline1": [0, 0, 0]
					}
				},
				{
					"name": "fluxhead2",
					"parent": "fluxwhite",
					"pivot": [0, 0, 0],
					"locators": {
						"fluxhead2": [0, 0, 0]
					}
				},
				{
					"name": "fluxhead1",
					"parent": "fluxwhite",
					"pivot": [0, 0, 0],
					"locators": {
						"fluxhead1": [0, 0, 0]
					}
				},
				{
					"name": "fluxjaw2",
					"parent": "fluxwhite",
					"pivot": [0, 0, 0],
					"locators": {
						"fluxjaw2": [0, 0, 0]
					}
				},
				{
					"name": "fluxline6",
					"parent": "fluxwhite",
					"pivot": [0, 0, 0],
					"locators": {
						"fluxline6": [0, 0, 0]
					}
				},
				{
					"name": "fluxjaw1",
					"parent": "fluxwhite",
					"pivot": [0, 0, 0],
					"locators": {
						"fluxjaw1": [0, 0, 0]
					}
				},
				{
					"name": "fluxline5",
					"parent": "fluxwhite",
					"pivot": [0, 0, 0],
					"locators": {
						"fluxline5": [0, 0, 0]
					}
				},
				{
					"name": "fluxline4",
					"parent": "fluxwhite",
					"pivot": [0, 0, 0],
					"locators": {
						"fluxline4": [0, 0, 0]
					}
				},
				{
					"name": "fluxline3",
					"parent": "fluxwhite",
					"pivot": [0, 0, 0],
					"locators": {
						"fluxline3": [0, 0, 0]
					}
				},
				{
					"name": "fluxline2",
					"parent": "fluxwhite",
					"pivot": [0, 0, 0],
					"locators": {
						"fluxline2": [0, 0, 0]
					}
				},
				{
					"name": "blue",
					"parent": "flux",
					"pivot": [0, 0, 0]
				},
				{
					"name": "blueline1",
					"parent": "blue",
					"pivot": [0, 0, 0],
					"locators": {
						"blueline1": [0, 0, 0]
					}
				},
				{
					"name": "blueline2",
					"parent": "blue",
					"pivot": [0, 0, 0],
					"locators": {
						"blueline2": [0, 0, 0]
					}
				},
				{
					"name": "blueline3",
					"parent": "blue",
					"pivot": [0, 0, 0],
					"locators": {
						"blueline3": [0, 0, 0]
					}
				},
				{
					"name": "blueline4",
					"parent": "blue",
					"pivot": [0, 0, 0],
					"locators": {
						"blueline4": [0, 0, 0]
					}
				},
				{
					"name": "blueline5",
					"parent": "blue",
					"pivot": [0, 0, 0],
					"locators": {
						"blueline5": [0, 0, 0]
					}
				},
				{
					"name": "blueline6",
					"parent": "blue",
					"pivot": [0, 0, 0],
					"locators": {
						"blueline6": [0, 0, 0]
					}
				},
				{
					"name": "blueline7",
					"parent": "blue",
					"pivot": [0, 0, 0],
					"locators": {
						"blueline7": [0, 0, 0]
					}
				},
				{
					"name": "blueline8",
					"parent": "blue",
					"pivot": [0, 0, 0],
					"locators": {
						"blueline8": [0, 0, 0]
					}
				},
				{
					"name": "blueline9",
					"parent": "blue",
					"pivot": [0, 0, 0],
					"locators": {
						"blueline9": [0, 0, 0]
					}
				},
				{
					"name": "blueline10",
					"parent": "blue",
					"pivot": [0, 0, 0],
					"locators": {
						"blueline10": [0, 0, 0]
					}
				},
				{
					"name": "blueline11",
					"parent": "blue",
					"pivot": [0, 0, 0],
					"locators": {
						"blueline11": [0, 0, 0]
					}
				},
				{
					"name": "blueline12",
					"parent": "blue",
					"pivot": [0, 0, 0],
					"locators": {
						"blueline12": [0, 0, 0]
					}
				},
				{
					"name": "eye",
					"parent": "flux",
					"pivot": [0, 0, 0],
					"locators": {
						"fluxeye": [-0.4, 10.1, 0]
					}
				},
				{
					"name": "slash2",
					"pivot": [0, 24, 0],
					"locators": {
						"slash2": [0, 20, 0]
					}
				},
				{
					"name": "place6",
					"parent": "slash2",
					"pivot": [0, 24, 0],
					"locators": {
						"place6": [0, 0, 0]
					}
				},
				{
					"name": "place7",
					"parent": "slash2",
					"pivot": [0, 24, 0],
					"locators": {
						"place7": [0, 0, 0]
					}
				},
				{
					"name": "place8",
					"parent": "slash2",
					"pivot": [0, 24, 0],
					"locators": {
						"place8": [0, 0, 0]
					}
				},
				{
					"name": "place9",
					"parent": "slash2",
					"pivot": [0, 24, 0],
					"locators": {
						"place9": [0, 0, 0]
					}
				},
				{
					"name": "place10",
					"parent": "slash2",
					"pivot": [0, 24, 0],
					"locators": {
						"place10": [0, 0, 0]
					}
				},
				{
					"name": "slash3",
					"pivot": [0, 24, 0],
					"locators": {
						"slash3": [0, 20, 0]
					}
				},
				{
					"name": "place11",
					"parent": "slash3",
					"pivot": [0, 24, 0],
					"locators": {
						"place11": [0, 0, 0]
					}
				},
				{
					"name": "place12",
					"parent": "slash3",
					"pivot": [0, 24, 0],
					"locators": {
						"place12": [0, 0, 0]
					}
				},
				{
					"name": "place13",
					"parent": "slash3",
					"pivot": [0, 24, 0],
					"locators": {
						"place13": [0, 0, 0]
					}
				},
				{
					"name": "place14",
					"parent": "slash3",
					"pivot": [0, 24, 0],
					"locators": {
						"place14": [0, 0, 0]
					}
				},
				{
					"name": "place15",
					"parent": "slash3",
					"pivot": [0, 24, 0],
					"locators": {
						"place15": [0, 0, 0]
					}
				},
				{
					"name": "slash4",
					"pivot": [0, 24, 0],
					"locators": {
						"slash4": [0, 20, 0]
					}
				},
				{
					"name": "place16",
					"parent": "slash4",
					"pivot": [0, 24, 0],
					"locators": {
						"place16": [0, 0, 0]
					}
				},
				{
					"name": "place17",
					"parent": "slash4",
					"pivot": [0, 24, 0],
					"locators": {
						"place17": [0, 0, 0]
					}
				},
				{
					"name": "place18",
					"parent": "slash4",
					"pivot": [0, 24, 0],
					"locators": {
						"place18": [0, 0, 0]
					}
				},
				{
					"name": "place19",
					"parent": "slash4",
					"pivot": [0, 24, 0],
					"locators": {
						"place19": [0, 0, 0]
					}
				},
				{
					"name": "place20",
					"parent": "slash4",
					"pivot": [0, 24, 0],
					"locators": {
						"place20": [0, 0, 0]
					}
				},
				{
					"name": "slash5",
					"pivot": [0, 24, 0],
					"locators": {
						"slash5": [0, 20, 0]
					}
				},
				{
					"name": "place21",
					"parent": "slash5",
					"pivot": [0, 24, 0],
					"locators": {
						"place21": [0, 0, 0]
					}
				},
				{
					"name": "place22",
					"parent": "slash5",
					"pivot": [0, 24, 0],
					"locators": {
						"place22": [0, 0, 0]
					}
				},
				{
					"name": "place23",
					"parent": "slash5",
					"pivot": [0, 24, 0],
					"locators": {
						"place23": [0, 0, 0]
					}
				},
				{
					"name": "place24",
					"parent": "slash5",
					"pivot": [0, 24, 0],
					"locators": {
						"place24": [0, 0, 0]
					}
				},
				{
					"name": "place25",
					"parent": "slash5",
					"pivot": [0, 24, 0],
					"locators": {
						"place25": [0, 0, 0]
					}
				},
				{
					"name": "slash6",
					"pivot": [0, 24, 0],
					"locators": {
						"slash6": [0, 20, 0]
					}
				},
				{
					"name": "place26",
					"parent": "slash6",
					"pivot": [0, 24, 0],
					"locators": {
						"place26": [0, 0, 0]
					}
				},
				{
					"name": "place27",
					"parent": "slash6",
					"pivot": [0, 24, 0],
					"locators": {
						"place27": [0, 0, 0]
					}
				},
				{
					"name": "place28",
					"parent": "slash6",
					"pivot": [0, 24, 0],
					"locators": {
						"place28": [0, 0, 0]
					}
				},
				{
					"name": "place29",
					"parent": "slash6",
					"pivot": [0, 24, 0],
					"locators": {
						"place29": [0, 0, 0]
					}
				},
				{
					"name": "place30",
					"parent": "slash6",
					"pivot": [0, 24, 0],
					"locators": {
						"place30": [0, 0, 0]
					}
				},
				{
					"name": "slash7",
					"pivot": [0, 24, 0],
					"locators": {
						"slash7": [0, 20, 0]
					}
				},
				{
					"name": "place31",
					"parent": "slash7",
					"pivot": [0, 24, 0],
					"locators": {
						"place31": [0, 0, 0]
					}
				},
				{
					"name": "place32",
					"parent": "slash7",
					"pivot": [0, 24, 0],
					"locators": {
						"place32": [0, 0, 0]
					}
				},
				{
					"name": "place33",
					"parent": "slash7",
					"pivot": [0, 24, 0],
					"locators": {
						"place33": [0, 0, 0]
					}
				},
				{
					"name": "place34",
					"parent": "slash7",
					"pivot": [0, 24, 0],
					"locators": {
						"place34": [0, 0, 0]
					}
				},
				{
					"name": "place35",
					"parent": "slash7",
					"pivot": [0, 24, 0],
					"locators": {
						"place35": [0, 0, 0]
					}
				},
				{
					"name": "slash8",
					"pivot": [0, 24, 0],
					"locators": {
						"slash8": [0, 20, 0]
					}
				},
				{
					"name": "place36",
					"parent": "slash8",
					"pivot": [0, 24, 0],
					"locators": {
						"place36": [0, 0, 0]
					}
				},
				{
					"name": "place37",
					"parent": "slash8",
					"pivot": [0, 24, 0],
					"locators": {
						"place37": [0, 0, 0]
					}
				},
				{
					"name": "place38",
					"parent": "slash8",
					"pivot": [0, 24, 0],
					"locators": {
						"place38": [0, 0, 0]
					}
				},
				{
					"name": "place39",
					"parent": "slash8",
					"pivot": [0, 24, 0],
					"locators": {
						"place39": [0, 0, 0]
					}
				},
				{
					"name": "place40",
					"parent": "slash8",
					"pivot": [0, 24, 0],
					"locators": {
						"place40": [0, 0, 0]
					}
				},
				{
					"name": "slash9",
					"pivot": [0, 24, 0],
					"locators": {
						"slash9": [0, 20, 0]
					}
				},
				{
					"name": "place41",
					"parent": "slash9",
					"pivot": [0, 24, 0],
					"locators": {
						"place41": [0, 0, 0]
					}
				},
				{
					"name": "place42",
					"parent": "slash9",
					"pivot": [0, 24, 0],
					"locators": {
						"place42": [0, 0, 0]
					}
				},
				{
					"name": "place43",
					"parent": "slash9",
					"pivot": [0, 24, 0],
					"locators": {
						"place43": [0, 0, 0]
					}
				},
				{
					"name": "place44",
					"parent": "slash9",
					"pivot": [0, 24, 0],
					"locators": {
						"place44": [0, 0, 0]
					}
				},
				{
					"name": "place45",
					"parent": "slash9",
					"pivot": [0, 24, 0],
					"locators": {
						"place45": [0, 0, 0]
					}
				},
				{
					"name": "slash10",
					"pivot": [0, 24, 0],
					"locators": {
						"slash10": [0, 20, 0]
					}
				},
				{
					"name": "place46",
					"parent": "slash10",
					"pivot": [0, 24, 0],
					"locators": {
						"place46": [0, 0, 0]
					}
				},
				{
					"name": "place47",
					"parent": "slash10",
					"pivot": [0, 24, 0],
					"locators": {
						"place47": [0, 0, 0]
					}
				},
				{
					"name": "place48",
					"parent": "slash10",
					"pivot": [0, 24, 0],
					"locators": {
						"place48": [0, 0, 0]
					}
				},
				{
					"name": "place49",
					"parent": "slash10",
					"pivot": [0, 24, 0],
					"locators": {
						"place49": [0, 0, 0]
					}
				},
				{
					"name": "place50",
					"parent": "slash10",
					"pivot": [0, 24, 0],
					"locators": {
						"place50": [0, 0, 0]
					}
				},
				{
					"name": "throwable1",
					"pivot": [0, 0, 0]
				},
				{
					"name": "throwable2",
					"pivot": [0, 0, 0]
				},
				{
					"name": "throwable3",
					"pivot": [0, 0, 0]
				},
				{
					"name": "throwable4",
					"pivot": [0, 0, 0]
				},
				{
					"name": "throwable5",
					"pivot": [0, 0, 0]
				},
				{
					"name": "throwable6",
					"pivot": [0, 0, 0]
				},
				{
					"name": "throwable7",
					"pivot": [0, 0, 0]
				},
				{
					"name": "throwable8",
					"pivot": [0, 0, 0]
				},
				{
					"name": "throwable9",
					"pivot": [0, 0, 0]
				},
				{
					"name": "throwable10",
					"pivot": [0, 0, 0]
				}
			]
		}
	]
}