{
	"format_version": "1.12.0",
	"minecraft:geometry": [
		{
			"description": {
				"identifier": "geometry.bladepattern",
				"texture_width": 64,
				"texture_height": 64,
				"visible_bounds_width": 7,
				"visible_bounds_height": 2.5,
				"visible_bounds_offset": [0, 0.75, 0]
			},
			"bones": [
				{
					"name": "root",
					"pivot": [0, 0, 0],
					"locators": {
						"aura": [0, 0, 0]
					}
				},
				{
					"name": "waist",
					"parent": "root",
					"pivot": [0, 12, 0]
				},
				{
					"name": "body",
					"parent": "waist",
					"pivot": [0, 24, 1]
				},
				{
					"name": "rightArm",
					"parent": "body",
					"pivot": [-5, 22, 1]
				},
				{
					"name": "rightItem",
					"parent": "rightArm",
					"pivot": [-5.4, 13.8, 1],
					"locators": {
						"lead_hold": [-5.4, 13.8, 1]
					}
				},
				{
					"name": "nichirin",
					"parent": "rightItem",
					"pivot": [0, 0, 0]
				},
				{
					"name": "blade",
					"parent": "nichirin",
					"pivot": [0, 0, 0]
				},
				{
					"name": "blade2",
					"parent": "blade",
					"pivot": [0, 0, 0],
					"cubes": [
						{
							"origin": [0, 6, -47],
							"size": [1, 1, 1],
							"inflate": 0.02,
							"uv": {
								"north": {"uv": [16, 4], "uv_size": [1, 2]},
								"east": {"uv": [16, 4], "uv_size": [1, 1]},
								"south": {"uv": [17, 4], "uv_size": [-1, 2]},
								"west": {"uv": [17, 4], "uv_size": [-1, 1]},
								"up": {"uv": [12, 8], "uv_size": [1, 1]},
								"down": {"uv": [13, 10], "uv_size": [-1, -1]}
							}
						},
						{
							"origin": [0, 0, -29],
							"size": [1, 4, 30],
							"inflate": 0.02,
							"uv": {
								"north": {"uv": [44, 0], "uv_size": [1, 4]},
								"east": {"uv": [0, 0], "uv_size": [30, 4]},
								"south": {"uv": [0, 0], "uv_size": [1, 4]},
								"west": {"uv": [30, 0], "uv_size": [-30, 4]},
								"up": {"uv": [0, 8], "uv_size": [1, 30]},
								"down": {"uv": [1, 38], "uv_size": [1, -30]}
							}
						},
						{
							"origin": [0, 1, -37],
							"size": [1, 4, 8],
							"inflate": 0.02,
							"uv": {
								"north": {"uv": [7, 4], "uv_size": [1, 4]},
								"east": {"uv": [0, 4], "uv_size": [8, 4]},
								"south": {"uv": [1, 4], "uv_size": [-1, 3]},
								"west": {"uv": [8, 4], "uv_size": [-8, 4]},
								"up": {"uv": [5, 9], "uv_size": [1, 8]},
								"down": {"uv": [4, 16], "uv_size": [1, -8]}
							}
						},
						{
							"origin": [0, 2, -41],
							"size": [1, 4, 4],
							"inflate": 0.02,
							"uv": {
								"north": {"uv": [11, 4], "uv_size": [1, 4]},
								"east": {"uv": [8, 4], "uv_size": [4, 4]},
								"south": {"uv": [1, 4], "uv_size": [-1, 3]},
								"west": {"uv": [12, 4], "uv_size": [-4, 4]},
								"up": {"uv": [7, 8], "uv_size": [1, 4]},
								"down": {"uv": [7, 12], "uv_size": [-1, -4]}
							}
						},
						{
							"origin": [0, 3, -43],
							"size": [1, 4, 2],
							"inflate": 0.02,
							"uv": {
								"north": {"uv": [13, 4], "uv_size": [1, 4]},
								"east": {"uv": [12, 4], "uv_size": [2, 4]},
								"south": {"uv": [14, 4], "uv_size": [-1, 4]},
								"west": {"uv": [14, 4], "uv_size": [-2, 4]},
								"up": {"uv": [8, 8], "uv_size": [1, 2]},
								"down": {"uv": [10, 10], "uv_size": [-1, -2]}
							}
						},
						{
							"origin": [0, 4, -45],
							"size": [1, 3, 2],
							"inflate": 0.02,
							"uv": {
								"north": {"uv": [15, 4], "uv_size": [1, 3]},
								"east": {"uv": [14, 4], "uv_size": [2, 3]},
								"south": {"uv": [15, 4], "uv_size": [-1, 3]},
								"west": {"uv": [16, 4], "uv_size": [-2, 3]},
								"up": {"uv": [10, 8], "uv_size": [1, 2]},
								"down": {"uv": [12, 10], "uv_size": [-1, -2]}
							}
						},
						{
							"origin": [0, 5, -46],
							"size": [1, 2, 1],
							"inflate": 0.02,
							"uv": {
								"north": {"uv": [16, 4], "uv_size": [1, 2]},
								"east": {"uv": [16, 4], "uv_size": [1, 2]},
								"south": {"uv": [17, 4], "uv_size": [-1, 2]},
								"west": {"uv": [17, 4], "uv_size": [-1, 2]},
								"up": {"uv": [12, 8], "uv_size": [1, 1]},
								"down": {"uv": [13, 10], "uv_size": [-1, -1]}
							}
						}
					]
				}
			]
		}
	]
}