{
	"format_version": "1.12.0",
	"minecraft:geometry": [
		{
			"description": {
				"identifier": "geometry.blindfold",
				"texture_width": 32,
				"texture_height": 32,
				"visible_bounds_width": 6,
				"visible_bounds_height": 9.5,
				"visible_bounds_offset": [0, 4.25, 0]
			},
			"bones": [
				{
					"name": "root",
					"pivot": [0, 0, 0],
					"locators": {
						"aura": [0, 0, 0]
					}
				},
				{
					"name": "waist",
					"parent": "root",
					"pivot": [0, 12, 0]
				},
				{
					"name": "body",
					"parent": "waist",
					"pivot": [0, 24, 0]
				},
				{
					"name": "head",
					"parent": "body",
					"pivot": [0, 24, 0]
				},
				{
					"name": "blindfold",
					"parent": "head",
					"pivot": [0, -1, 0],
					"cubes": [
						{
							"origin": [-4, 23, -4],
							"size": [8, 8, 8],
							"inflate": 0.1,
							"uv": {
								"north": {"uv": [0, 0], "uv_size": [8, 8]},
								"east": {"uv": [0, 8], "uv_size": [8, 8]},
								"south": {"uv": [8, 0], "uv_size": [8, 8]},
								"west": {"uv": [8, 8], "uv_size": [8, 8]},
								"up": {"uv": [0, 16], "uv_size": [8, 8]},
								"down": {"uv": [16, 8], "uv_size": [8, -8]}
							}
						},
						{
							"origin": [-4, 23, -4],
							"size": [8, 8, 8],
							"inflate": 0.45,
							"uv": {
								"north": {"uv": [24, 8], "uv_size": [8, 8]},
								"east": {"uv": [24, 16], "uv_size": [8, 8]},
								"south": {"uv": [24, 24], "uv_size": [8, 8]},
								"west": {"uv": [0, 24], "uv_size": [8, 8]},
								"up": {"uv": [8, 24], "uv_size": [8, 8]},
								"down": {"uv": [16, 32], "uv_size": [8, -8]}
							}
						}
					]
				}
			]
		}
	]
}