{
	"format_version": "1.12.0",
	"minecraft:geometry": [
		{
			"description": {
				"identifier": "geometry.boarhead_eyes",
				"texture_width": 64,
				"texture_height": 64,
				"visible_bounds_width": 3,
				"visible_bounds_height": 3,
				"visible_bounds_offset": [0, 1.5, 0]
			},
			"bones": [
				{
					"name": "root",
					"pivot": [0, 0, 0],
					"locators": {
						"aura": [0, 0, 0]
					}
				},
				{
					"name": "waist",
					"parent": "root",
					"pivot": [0, 12, 0]
				},
				{
					"name": "body",
					"parent": "waist",
					"pivot": [0, 24, 0]
				},
				{
					"name": "head",
					"parent": "body",
					"pivot": [0, 24, 0]
				},
				{
					"name": "eyeleft",
					"parent": "head",
					"pivot": [3, 29.1, -5.5],
					"rotation": [0, -15, 0],
					"cubes": [
						{
							"origin": [2, 28.1, -6.5],
							"size": [2, 2, 2],
							"uv": {
								"north": {"uv": [3, 33], "uv_size": [2, 2]},
								"east": {"uv": [9, 34], "uv_size": [2, 2]},
								"south": {"uv": [11, 34], "uv_size": [2, 2]},
								"west": {"uv": [19, 34], "uv_size": [2, 2]},
								"up": {"uv": [21, 34], "uv_size": [2, 2]},
								"down": {"uv": [23, 36], "uv_size": [2, -2]}
							}
						}
					]
				},
				{
					"name": "eyeright",
					"parent": "head",
					"pivot": [-3, 29.1, -5.5],
					"rotation": [0, 15, 0],
					"cubes": [
						{
							"origin": [-4, 28.1, -6.5],
							"size": [2, 2, 2],
							"uv": {
								"north": {"uv": [25, 34], "uv_size": [2, 2]},
								"east": {"uv": [19, 34], "uv_size": [2, 2]},
								"south": {"uv": [30, 34], "uv_size": [2, 2]},
								"west": {"uv": [32, 34], "uv_size": [2, 2]},
								"up": {"uv": [34, 32], "uv_size": [2, 2]},
								"down": {"uv": [34, 36], "uv_size": [2, -2]}
							}
						}
					]
				},
				{
					"name": "cape",
					"parent": "body",
					"pivot": [0, 24, 3]
				},
				{
					"name": "rightArm",
					"parent": "body",
					"pivot": [-5, 22, 0]
				},
				{
					"name": "rightItem",
					"parent": "rightArm",
					"pivot": [-5.4, 13.8, 1],
					"locators": {
						"lead_hold": [-5.4, 13.8, 1]
					}
				},
				{
					"name": "hand",
					"parent": "rightArm",
					"pivot": [-5, 12, 0],
					"locators": {
						"hand": [-5, 12, 0]
					}
				},
				{
					"name": "leftArm",
					"parent": "body",
					"pivot": [5, 22, 0]
				},
				{
					"name": "leftItem",
					"parent": "leftArm",
					"pivot": [5.4, 13.8, 1],
					"locators": {
						"lead_hold2": [5.4, 13.8, 1]
					}
				},
				{
					"name": "leftLeg",
					"parent": "root",
					"pivot": [1.9, 12, 0]
				},
				{
					"name": "rightLeg",
					"parent": "root",
					"pivot": [-1.9, 12, 0]
				},
				{
					"name": "katanaground",
					"parent": "root",
					"pivot": [0, 0, 0],
					"locators": {
						"katanaground": [0, 0, 0]
					}
				}
			]
		}
	]
}