{
	"format_version": "1.12.0",
	"minecraft:geometry": [
		{
			"description": {
				"identifier": "geometry.boarhead",
				"texture_width": 64,
				"texture_height": 64,
				"visible_bounds_width": 3,
				"visible_bounds_height": 3,
				"visible_bounds_offset": [0, 1.5, 0]
			},
			"bones": [
				{
					"name": "root",
					"pivot": [0, 0, 0],
					"locators": {
						"aura": [0, 0, 0]
					}
				},
				{
					"name": "waist",
					"parent": "root",
					"pivot": [0, 12, 0]
				},
				{
					"name": "body",
					"parent": "waist",
					"pivot": [0, 24, 0]
				},
				{
					"name": "head",
					"parent": "body",
					"pivot": [0, 24, 0],
					"cubes": [
						{
							"origin": [-4.5, 24, -5],
							"size": [9, 9, 10],
							"inflate": 0.1,
							"uv": {
								"north": {"uv": [0, 18], "uv_size": [9, 9]},
								"east": {"uv": [0, 0], "uv_size": [10, 9]},
								"south": {"uv": [19, 0], "uv_size": [9, 9]},
								"west": {"uv": [0, 0], "uv_size": [10, 9]},
								"up": {"uv": [10, 0], "uv_size": [9, 10]},
								"down": {"uv": [10, 20], "uv_size": [9, -10]}
							}
						},
						{
							"origin": [-2.5, 33, -5],
							"size": [5, 1, 6],
							"uv": {
								"north": {"uv": [33, 20], "uv_size": [5, 1]},
								"east": {"uv": [32, 0], "uv_size": [6, 1]},
								"south": {"uv": [33, 21], "uv_size": [5, 1]},
								"west": {"uv": [32, 1], "uv_size": [6, 1]},
								"up": {"uv": [25, 13], "uv_size": [5, 6]},
								"down": {"uv": [0, 33], "uv_size": [5, -6]}
							}
						},
						{
							"origin": [-5, 24, -5],
							"size": [1, 4, 10],
							"uv": {
								"north": {"uv": [4, 35], "uv_size": [1, 4]},
								"east": {"uv": [9, 20], "uv_size": [10, 4]},
								"south": {"uv": [2, 36], "uv_size": [1, 4]},
								"west": {"uv": [19, 23], "uv_size": [10, 4]},
								"up": {"uv": [18, 28], "uv_size": [1, 10]},
								"down": {"uv": [29, 29], "uv_size": [1, -10]}
							}
						},
						{
							"origin": [-5, 28, -4],
							"size": [1, 1, 8],
							"uv": {
								"north": {"uv": [7, 39], "uv_size": [1, 1]},
								"east": {"uv": [28, 8], "uv_size": [8, 1]},
								"south": {"uv": [8, 39], "uv_size": [1, 1]},
								"west": {"uv": [30, 13], "uv_size": [8, 1]},
								"up": {"uv": [6, 30], "uv_size": [1, 8]},
								"down": {"uv": [7, 38], "uv_size": [1, -8]}
							}
						},
						{
							"origin": [-5, 23, -4],
							"size": [1, 1, 8],
							"uv": {
								"north": {"uv": [10, 39], "uv_size": [1, 1]},
								"east": {"uv": [30, 16], "uv_size": [8, 1]},
								"south": {"uv": [11, 39], "uv_size": [1, 1]},
								"west": {"uv": [30, 17], "uv_size": [8, 1]},
								"up": {"uv": [14, 30], "uv_size": [1, 8]},
								"down": {"uv": [15, 38], "uv_size": [1, -8]}
							}
						},
						{
							"origin": [-5, 23, -4.2],
							"size": [1, 1, 8],
							"pivot": [0, 0, 0],
							"rotation": [0, -177.5, 0],
							"uv": {
								"north": {"uv": [10, 39], "uv_size": [1, 1]},
								"east": {"uv": [30, 16], "uv_size": [8, 1]},
								"south": {"uv": [11, 39], "uv_size": [1, 1]},
								"west": {"uv": [30, 17], "uv_size": [8, 1]},
								"up": {"uv": [14, 30], "uv_size": [1, 8]},
								"down": {"uv": [15, 38], "uv_size": [1, -8]}
							}
						},
						{
							"origin": [-5, 24, -5.2],
							"size": [1, 4, 10],
							"pivot": [0, 0, 0],
							"rotation": [0, -177.5, 0],
							"uv": {
								"north": {"uv": [4, 35], "uv_size": [1, 4]},
								"east": {"uv": [9, 20], "uv_size": [10, 4]},
								"south": {"uv": [2, 36], "uv_size": [1, 4]},
								"west": {"uv": [19, 23], "uv_size": [10, 4]},
								"up": {"uv": [18, 28], "uv_size": [1, 10]},
								"down": {"uv": [29, 29], "uv_size": [1, -10]}
							}
						},
						{
							"origin": [-5, 28, -4.2],
							"size": [1, 1, 8],
							"pivot": [0, 0, 0],
							"rotation": [0, -177.5, 0],
							"uv": {
								"north": {"uv": [7, 39], "uv_size": [1, 1]},
								"east": {"uv": [28, 8], "uv_size": [8, 1]},
								"south": {"uv": [8, 39], "uv_size": [1, 1]},
								"west": {"uv": [30, 13], "uv_size": [8, 1]},
								"up": {"uv": [6, 30], "uv_size": [1, 8]},
								"down": {"uv": [7, 38], "uv_size": [1, -8]}
							}
						},
						{
							"origin": [-1.5, 33, 1],
							"size": [3, 1, 2],
							"uv": {
								"north": {"uv": [37, 10], "uv_size": [3, 1]},
								"east": {"uv": [38, 14], "uv_size": [2, 1]},
								"south": {"uv": [37, 11], "uv_size": [3, 1]},
								"west": {"uv": [15, 38], "uv_size": [2, 1]},
								"up": {"uv": [32, 2], "uv_size": [3, 2]},
								"down": {"uv": [32, 6], "uv_size": [3, -2]}
							}
						},
						{
							"origin": [-1.5, 31, 5],
							"size": [3, 1, 1],
							"uv": {
								"north": {"uv": [37, 36], "uv_size": [3, 1]},
								"east": {"uv": [37, 38], "uv_size": [1, 1]},
								"south": {"uv": [37, 37], "uv_size": [3, 1]},
								"west": {"uv": [38, 38], "uv_size": [1, 1]},
								"up": {"uv": [38, 0], "uv_size": [3, 1]},
								"down": {"uv": [38, 2], "uv_size": [3, -1]}
							}
						},
						{
							"origin": [-0.5, 20, 5],
							"size": [1, 1, 1],
							"uv": {
								"north": {"uv": [39, 2], "uv_size": [1, 1]},
								"east": {"uv": [39, 3], "uv_size": [1, 1]},
								"south": {"uv": [4, 39], "uv_size": [1, 1]},
								"west": {"uv": [39, 4], "uv_size": [1, 1]},
								"up": {"uv": [39, 5], "uv_size": [1, 1]},
								"down": {"uv": [6, 40], "uv_size": [1, -1]}
							}
						},
						{
							"origin": [-2.5, 30, 5],
							"size": [5, 1, 1],
							"uv": {
								"north": {"uv": [33, 22], "uv_size": [5, 1]},
								"east": {"uv": [0, 39], "uv_size": [1, 1]},
								"south": {"uv": [33, 23], "uv_size": [5, 1]},
								"west": {"uv": [1, 39], "uv_size": [1, 1]},
								"up": {"uv": [33, 24], "uv_size": [5, 1]},
								"down": {"uv": [33, 26], "uv_size": [5, -1]}
							}
						},
						{
							"origin": [-1.5, 23, 5],
							"size": [3, 2, 2],
							"uv": {
								"north": {"uv": [19, 32], "uv_size": [3, 2]},
								"east": {"uv": [35, 10], "uv_size": [2, 2]},
								"south": {"uv": [22, 32], "uv_size": [3, 2]},
								"west": {"uv": [0, 36], "uv_size": [2, 2]},
								"up": {"uv": [25, 32], "uv_size": [3, 2]},
								"down": {"uv": [31, 34], "uv_size": [3, -2]}
							}
						},
						{
							"origin": [1.5, 23, 5],
							"size": [2, 2, 1],
							"uv": {
								"north": {"uv": [36, 6], "uv_size": [2, 2]},
								"east": {"uv": [38, 15], "uv_size": [1, 2]},
								"south": {"uv": [10, 36], "uv_size": [2, 2]},
								"west": {"uv": [17, 38], "uv_size": [1, 2]},
								"up": {"uv": [38, 17], "uv_size": [2, 1]},
								"down": {"uv": [18, 39], "uv_size": [2, -1]}
							}
						},
						{
							"origin": [-3.5, 23, 5],
							"size": [2, 2, 1],
							"uv": {
								"north": {"uv": [19, 36], "uv_size": [2, 2]},
								"east": {"uv": [38, 18], "uv_size": [1, 2]},
								"south": {"uv": [21, 36], "uv_size": [2, 2]},
								"west": {"uv": [20, 38], "uv_size": [1, 2]},
								"up": {"uv": [38, 20], "uv_size": [2, 1]},
								"down": {"uv": [21, 39], "uv_size": [2, -1]}
							}
						},
						{
							"origin": [-1.5, 21, 5],
							"size": [3, 2, 1],
							"uv": {
								"north": {"uv": [0, 33], "uv_size": [3, 2]},
								"east": {"uv": [9, 18], "uv_size": [1, 2]},
								"south": {"uv": [33, 6], "uv_size": [3, 2]},
								"west": {"uv": [28, 32], "uv_size": [1, 2]},
								"up": {"uv": [6, 38], "uv_size": [3, 1]},
								"down": {"uv": [38, 7], "uv_size": [3, -1]}
							}
						},
						{
							"origin": [-2.5, 25, 5],
							"size": [5, 5, 2],
							"uv": {
								"north": {"uv": [19, 27], "uv_size": [5, 5]},
								"east": {"uv": [9, 28], "uv_size": [2, 5]},
								"south": {"uv": [24, 27], "uv_size": [5, 5]},
								"west": {"uv": [11, 28], "uv_size": [2, 5]},
								"up": {"uv": [28, 6], "uv_size": [5, 2]},
								"down": {"uv": [13, 30], "uv_size": [5, -2]}
							}
						},
						{
							"origin": [-1, 24, -7],
							"size": [2, 3, 1],
							"uv": {
								"north": {"uv": [31, 20], "uv_size": [2, 3]},
								"east": {"uv": [12, 36], "uv_size": [1, 3]},
								"south": {"uv": [31, 23], "uv_size": [2, 3]},
								"west": {"uv": [23, 36], "uv_size": [1, 3]},
								"up": {"uv": [0, 38], "uv_size": [2, 1]},
								"down": {"uv": [38, 8], "uv_size": [2, -1]}
							}
						},
						{
							"origin": [-3, 24, -6],
							"size": [6, 7, 1],
							"uv": {
								"north": {"uv": [19, 9], "uv_size": [6, 7]},
								"east": {"uv": [30, 20], "uv_size": [1, 7]},
								"south": {"uv": [19, 16], "uv_size": [6, 7]},
								"west": {"uv": [30, 27], "uv_size": [1, 7]},
								"up": {"uv": [31, 26], "uv_size": [6, 1]},
								"down": {"uv": [31, 28], "uv_size": [6, -1]}
							}
						},
						{
							"origin": [-2, 31, -6],
							"size": [4, 3, 1],
							"uv": {
								"north": {"uv": [28, 0], "uv_size": [4, 3]},
								"east": {"uv": [34, 37], "uv_size": [1, 3]},
								"south": {"uv": [28, 3], "uv_size": [4, 3]},
								"west": {"uv": [35, 37], "uv_size": [1, 3]},
								"up": {"uv": [0, 35], "uv_size": [4, 1]},
								"down": {"uv": [35, 3], "uv_size": [4, -1]}
							}
						},
						{
							"origin": [-2, 22, -6],
							"size": [4, 1, 1],
							"uv": {
								"north": {"uv": [35, 3], "uv_size": [4, 1]},
								"east": {"uv": [38, 31], "uv_size": [1, 1]},
								"south": {"uv": [35, 4], "uv_size": [4, 1]},
								"west": {"uv": [38, 33], "uv_size": [1, 1]},
								"up": {"uv": [35, 5], "uv_size": [4, 1]},
								"down": {"uv": [35, 10], "uv_size": [4, -1]}
							}
						},
						{
							"origin": [-3, 23, -6],
							"size": [6, 1, 1],
							"uv": {
								"north": {"uv": [31, 28], "uv_size": [6, 1]},
								"east": {"uv": [38, 34], "uv_size": [1, 1]},
								"south": {"uv": [31, 29], "uv_size": [6, 1]},
								"west": {"uv": [38, 35], "uv_size": [1, 1]},
								"up": {"uv": [31, 30], "uv_size": [6, 1]},
								"down": {"uv": [31, 32], "uv_size": [6, -1]}
							}
						}
					]
				},
				{
					"name": "boarnose",
					"parent": "head",
					"pivot": [0, 24, 0],
					"cubes": [
						{
							"origin": [-1, 27, -8],
							"size": [2, 1, 1],
							"uv": {
								"north": {"uv": [10, 38], "uv_size": [2, 1]},
								"east": {"uv": [38, 21], "uv_size": [1, 1]},
								"south": {"uv": [38, 12], "uv_size": [2, 1]},
								"west": {"uv": [38, 22], "uv_size": [1, 1]},
								"up": {"uv": [13, 38], "uv_size": [2, 1]},
								"down": {"uv": [38, 14], "uv_size": [2, -1]}
							}
						},
						{
							"origin": [-2, 24, -8],
							"size": [4, 3, 1],
							"uv": {
								"north": {"uv": [25, 19], "uv_size": [4, 3]},
								"east": {"uv": [24, 36], "uv_size": [1, 3]},
								"south": {"uv": [5, 27], "uv_size": [4, 3]},
								"west": {"uv": [25, 36], "uv_size": [1, 3]},
								"up": {"uv": [25, 22], "uv_size": [4, 1]},
								"down": {"uv": [9, 34], "uv_size": [4, -1]}
							}
						}
					]
				},
				{
					"name": "tuskright",
					"parent": "head",
					"pivot": [-3, 25, -5.5],
					"rotation": [-7.5, 15, 0],
					"cubes": [
						{
							"origin": [-4, 24, -7.6],
							"size": [1, 1, 3],
							"uv": {
								"north": {"uv": [38, 23], "uv_size": [1, 1]},
								"east": {"uv": [35, 12], "uv_size": [3, 1]},
								"south": {"uv": [38, 24], "uv_size": [1, 1]},
								"west": {"uv": [36, 8], "uv_size": [3, 1]},
								"up": {"uv": [26, 36], "uv_size": [1, 3]},
								"down": {"uv": [27, 39], "uv_size": [1, -3]}
							}
						},
						{
							"origin": [-4, 24.99144, -7.63053],
							"size": [1, 1, 1],
							"uv": {
								"north": {"uv": [37, 12], "uv_size": [1, 1]},
								"east": {"uv": [37, 12], "uv_size": [1, 1]},
								"south": {"uv": [37, 12], "uv_size": [1, 1]},
								"west": {"uv": [37, 12], "uv_size": [1, 1]},
								"up": {"uv": [38, 13], "uv_size": [-1, -1]},
								"down": {"uv": [38, 13], "uv_size": [-1, -1]}
							}
						},
						{
							"origin": [-4, 24.99144, -8.63053],
							"size": [1, 3, 1],
							"uv": {
								"north": {"uv": [28, 36], "uv_size": [1, 3]},
								"east": {"uv": [30, 36], "uv_size": [1, 3]},
								"south": {"uv": [31, 36], "uv_size": [1, 3]},
								"west": {"uv": [32, 36], "uv_size": [1, 3]},
								"up": {"uv": [38, 25], "uv_size": [1, 1]},
								"down": {"uv": [38, 27], "uv_size": [1, -1]}
							}
						},
						{
							"origin": [-4, 24.99144, -8.63053],
							"size": [1, 3, 1],
							"uv": {
								"north": {"uv": [28, 36], "uv_size": [1, 3]},
								"east": {"uv": [30, 36], "uv_size": [1, 3]},
								"south": {"uv": [31, 36], "uv_size": [1, 3]},
								"west": {"uv": [32, 36], "uv_size": [1, 3]},
								"up": {"uv": [38, 25], "uv_size": [1, 1]},
								"down": {"uv": [38, 27], "uv_size": [1, -1]}
							}
						}
					]
				},
				{
					"name": "tuskleft",
					"parent": "head",
					"pivot": [4, 25, -5.5],
					"rotation": [-7.5, -15, 0],
					"cubes": [
						{
							"origin": [3, 24, -7.6],
							"size": [1, 1, 3],
							"uv": {
								"north": {"uv": [38, 27], "uv_size": [1, 1]},
								"east": {"uv": [36, 32], "uv_size": [3, 1]},
								"south": {"uv": [38, 28], "uv_size": [1, 1]},
								"west": {"uv": [33, 36], "uv_size": [3, 1]},
								"up": {"uv": [36, 33], "uv_size": [1, 3]},
								"down": {"uv": [36, 39], "uv_size": [1, -3]}
							}
						},
						{
							"origin": [3, 24.99144, -7.63053],
							"size": [1, 1, 1],
							"uv": {
								"north": {"uv": [37, 12], "uv_size": [1, 1]},
								"east": {"uv": [37, 12], "uv_size": [1, 1]},
								"south": {"uv": [37, 12], "uv_size": [1, 1]},
								"west": {"uv": [37, 12], "uv_size": [1, 1]},
								"up": {"uv": [38, 13], "uv_size": [-1, -1]},
								"down": {"uv": [38, 13], "uv_size": [-1, -1]}
							}
						},
						{
							"origin": [3, 24.99144, -8.63053],
							"size": [1, 3, 1],
							"uv": {
								"north": {"uv": [37, 26], "uv_size": [1, 3]},
								"east": {"uv": [37, 29], "uv_size": [1, 3]},
								"south": {"uv": [33, 37], "uv_size": [1, 3]},
								"west": {"uv": [37, 33], "uv_size": [1, 3]},
								"up": {"uv": [38, 29], "uv_size": [1, 1]},
								"down": {"uv": [38, 31], "uv_size": [1, -1]}
							}
						},
						{
							"origin": [3, 24.99144, -8.63053],
							"size": [1, 3, 1],
							"uv": {
								"north": {"uv": [37, 26], "uv_size": [1, 3]},
								"east": {"uv": [37, 29], "uv_size": [1, 3]},
								"south": {"uv": [33, 37], "uv_size": [1, 3]},
								"west": {"uv": [37, 33], "uv_size": [1, 3]},
								"up": {"uv": [38, 29], "uv_size": [1, 1]},
								"down": {"uv": [38, 31], "uv_size": [1, -1]}
							}
						}
					]
				},
				{
					"name": "leftear",
					"parent": "head",
					"pivot": [0.5, 24.5, -1],
					"rotation": [0, 0, -7.5],
					"cubes": [
						{
							"origin": [-1.7, 33.5, -1],
							"size": [3, 2, 1],
							"pivot": [0.5, 24.5, -1],
							"rotation": [0, 0, -10],
							"uv": {
								"north": {"uv": [0, 0], "uv_size": [3, 2]},
								"east": {"uv": [0, 0], "uv_size": [1, 2]},
								"south": {"uv": [0, 0], "uv_size": [3, 2]},
								"west": {"uv": [0, 0], "uv_size": [1, 2]},
								"up": {"uv": [3, 1], "uv_size": [-3, -1]},
								"down": {"uv": [3, 1], "uv_size": [-3, -1]}
							}
						},
						{
							"origin": [-0.7, 35.5, -1],
							"size": [1, 1, 1],
							"pivot": [0.5, 24.5, -1],
							"rotation": [0, 0, -10],
							"uv": {
								"north": {"uv": [0, 0], "uv_size": [1, 1]},
								"east": {"uv": [0, 0], "uv_size": [1, 1]},
								"south": {"uv": [0, 0], "uv_size": [1, 1]},
								"west": {"uv": [0, 0], "uv_size": [1, 1]},
								"up": {"uv": [1, 1], "uv_size": [-1, -1]},
								"down": {"uv": [1, 1], "uv_size": [-1, -1]}
							}
						}
					]
				},
				{
					"name": "rightear",
					"parent": "head",
					"pivot": [0.9, 24, -1],
					"rotation": [0, 0, 27.5],
					"cubes": [
						{
							"origin": [-1.3, 33, -1],
							"size": [3, 2, 1],
							"pivot": [0.9, 24, -1],
							"rotation": [0, 0, -10],
							"uv": {
								"north": {"uv": [0, 0], "uv_size": [3, 2]},
								"east": {"uv": [0, 0], "uv_size": [1, 2]},
								"south": {"uv": [0, 0], "uv_size": [3, 2]},
								"west": {"uv": [0, 0], "uv_size": [1, 2]},
								"up": {"uv": [3, 1], "uv_size": [-3, -1]},
								"down": {"uv": [3, 1], "uv_size": [-3, -1]}
							}
						},
						{
							"origin": [-0.3, 35, -1],
							"size": [1, 1, 1],
							"pivot": [0.9, 24, -1],
							"rotation": [0, 0, -10],
							"uv": {
								"north": {"uv": [0, 0], "uv_size": [1, 1]},
								"east": {"uv": [0, 0], "uv_size": [1, 1]},
								"south": {"uv": [0, 0], "uv_size": [1, 1]},
								"west": {"uv": [0, 0], "uv_size": [1, 1]},
								"up": {"uv": [1, 1], "uv_size": [-1, -1]},
								"down": {"uv": [1, 1], "uv_size": [-1, -1]}
							}
						}
					]
				},
				{
					"name": "cape",
					"parent": "body",
					"pivot": [0, 24, 3]
				},
				{
					"name": "rightArm",
					"parent": "body",
					"pivot": [-5, 22, 0]
				},
				{
					"name": "rightItem",
					"parent": "rightArm",
					"pivot": [-5.4, 13.8, 1],
					"locators": {
						"lead_hold": [-5.4, 13.8, 1]
					}
				},
				{
					"name": "hand",
					"parent": "rightArm",
					"pivot": [-5, 12, 0],
					"locators": {
						"hand": [-5, 12, 0]
					}
				},
				{
					"name": "leftArm",
					"parent": "body",
					"pivot": [5, 22, 0]
				},
				{
					"name": "leftItem",
					"parent": "leftArm",
					"pivot": [5.4, 13.8, 1],
					"locators": {
						"lead_hold2": [5.4, 13.8, 1]
					}
				},
				{
					"name": "leftLeg",
					"parent": "root",
					"pivot": [1.9, 12, 0]
				},
				{
					"name": "rightLeg",
					"parent": "root",
					"pivot": [-1.9, 12, 0]
				},
				{
					"name": "katanaground",
					"parent": "root",
					"pivot": [0, 0, 0],
					"locators": {
						"katanaground": [0, 0, 0]
					}
				}
			]
		}
	]
}