{
	"format_version": "1.12.0",
	"minecraft:geometry": [
		{
			"description": {
				"identifier": "geometry.character2",
				"texture_width": 64,
				"texture_height": 64,
				"visible_bounds_width": 6,
				"visible_bounds_height": 9.5,
				"visible_bounds_offset": [0, 4.25, 0]
			},
			"bones": [
				{
					"name": "root",
					"pivot": [0, 0, 0],
					"locators": {
						"aura": [0, 0, 0]
					}
				},
				{
					"name": "waist",
					"parent": "root",
					"pivot": [0, 12, 0]
				},
				{
					"name": "body",
					"parent": "waist",
					"pivot": [0, 24, 0],
					"cubes": [
						{
							"origin": [-4, 12, -2],
							"size": [8, 12, 4],
							"uv": {
								"north": {"uv": [0, 0], "uv_size": [8, 12]},
								"east": {"uv": [8, 32], "uv_size": [4, 12]},
								"south": {"uv": [8, 0], "uv_size": [8, 12]},
								"west": {"uv": [32, 8], "uv_size": [4, 12]},
								"up": {"uv": [48, 48], "uv_size": [8, 4]},
								"down": {"uv": [0, 56], "uv_size": [8, -4]}
							}
						},
						{
							"origin": [-4, 12, -2],
							"size": [8, 12, 4],
							"inflate": 0.25,
							"uv": {
								"north": {"uv": [20, 20], "uv_size": [8, 12]},
								"east": {"uv": [16, 20], "uv_size": [4, 12]},
								"south": {"uv": [32, 20], "uv_size": [8, 12]},
								"west": {"uv": [28, 20], "uv_size": [4, 12]},
								"up": {"uv": [20, 16], "uv_size": [8, 4]},
								"down": {"uv": [28, 20], "uv_size": [8, -4]}
							}
						}
					]
				},
				{
					"name": "head",
					"parent": "body",
					"pivot": [0, 24, 0],
					"cubes": [
						{
							"origin": [-4, 24, -4],
							"size": [8, 8, 8],
							"uv": {
								"north": {"uv": [16, 0], "uv_size": [8, 8]},
								"east": {"uv": [16, 8], "uv_size": [8, 8]},
								"south": {"uv": [16, 16], "uv_size": [8, 8]},
								"west": {"uv": [0, 24], "uv_size": [8, 8]},
								"up": {"uv": [24, 0], "uv_size": [8, 8]},
								"down": {"uv": [8, 32], "uv_size": [8, -8]}
							}
						},
						{
							"origin": [-4, 24, -4],
							"size": [8, 8, 8],
							"inflate": 0.5,
							"uv": {
								"north": {"uv": [8, 8], "uv_size": [8, 8]},
								"east": {"uv": [0, 8], "uv_size": [8, 8]},
								"south": {"uv": [24, 8], "uv_size": [8, 8]},
								"west": {"uv": [16, 8], "uv_size": [8, 8]},
								"up": {"uv": [8, 0], "uv_size": [8, 8]},
								"down": {"uv": [16, 8], "uv_size": [8, -8]}
							}
						}
					]
				},
				{
					"name": "cape",
					"parent": "body",
					"pivot": [0, 24, 3]
				},
				{
					"name": "rightArm",
					"parent": "body",
					"pivot": [-5, 22, 0],
					"cubes": [
						{
							"origin": [-8, 12, -2],
							"size": [4, 12, 4],
							"uv": {
								"north": {"uv": [20, 32], "uv_size": [4, 12]},
								"east": {"uv": [32, 20], "uv_size": [4, 12]},
								"south": {"uv": [24, 32], "uv_size": [4, 12]},
								"west": {"uv": [28, 32], "uv_size": [4, 12]},
								"up": {"uv": [52, 8], "uv_size": [4, 4]},
								"down": {"uv": [52, 16], "uv_size": [4, -4]}
							}
						},
						{
							"origin": [-8, 12, -2],
							"size": [4, 12, 4],
							"inflate": 0.25,
							"uv": {
								"north": {"uv": [43, 20], "uv_size": [4, 12]},
								"east": {"uv": [36, 8], "uv_size": [4, 12]},
								"south": {"uv": [36, 20], "uv_size": [4, 12]},
								"west": {"uv": [36, 32], "uv_size": [4, 12]},
								"up": {"uv": [52, 16], "uv_size": [4, 4]},
								"down": {"uv": [52, 24], "uv_size": [4, -4]}
							}
						}
					]
				},
				{
					"name": "rightItem",
					"parent": "rightArm",
					"pivot": [-5.4, 13.8, 1],
					"locators": {
						"lead_hold": [-5.4, 13.8, 1]
					}
				},
				{
					"name": "nichirin",
					"parent": "rightItem",
					"pivot": [-5.4, 13.8, 1]
				},
				{
					"name": "blade",
					"parent": "nichirin",
					"pivot": [-5.4, 13.8, 1]
				},
				{
					"name": "blade2",
					"parent": "blade",
					"pivot": [-5.4, 13.8, 1]
				},
				{
					"name": "leftArm",
					"parent": "body",
					"pivot": [5, 22, 0],
					"cubes": [
						{
							"origin": [4, 12, -2],
							"size": [4, 12, 4],
							"inflate": 0.25,
							"uv": {
								"north": {"uv": [0, 40], "uv_size": [4, 12]},
								"east": {"uv": [40, 0], "uv_size": [4, 12]},
								"south": {"uv": [4, 40], "uv_size": [4, 12]},
								"west": {"uv": [40, 12], "uv_size": [4, 12]},
								"up": {"uv": [52, 24], "uv_size": [4, 4]},
								"down": {"uv": [52, 32], "uv_size": [4, -4]}
							}
						},
						{
							"origin": [4, 12, -2],
							"size": [4, 12, 4],
							"uv": {
								"north": {"uv": [40, 24], "uv_size": [4, 12]},
								"east": {"uv": [40, 36], "uv_size": [4, 12]},
								"south": {"uv": [44, 0], "uv_size": [4, 12]},
								"west": {"uv": [8, 44], "uv_size": [4, 12]},
								"up": {"uv": [52, 32], "uv_size": [4, 4]},
								"down": {"uv": [52, 40], "uv_size": [4, -4]}
							}
						}
					]
				},
				{
					"name": "rightLeg",
					"parent": "root",
					"pivot": [-1.9, 12, 0],
					"cubes": [
						{
							"origin": [-3.9, 0, -2],
							"size": [4, 12, 4],
							"inflate": 0.25,
							"uv": {
								"north": {"uv": [12, 44], "uv_size": [4, 12]},
								"east": {"uv": [44, 12], "uv_size": [4, 12]},
								"south": {"uv": [16, 44], "uv_size": [4, 12]},
								"west": {"uv": [20, 44], "uv_size": [4, 12]},
								"up": {"uv": [52, 40], "uv_size": [4, 4]},
								"down": {"uv": [52, 48], "uv_size": [4, -4]}
							}
						},
						{
							"origin": [-3.9, 0, -2],
							"size": [4, 12, 4],
							"uv": {
								"north": {"uv": [24, 44], "uv_size": [4, 12]},
								"east": {"uv": [44, 24], "uv_size": [4, 12]},
								"south": {"uv": [28, 44], "uv_size": [4, 12]},
								"west": {"uv": [32, 44], "uv_size": [4, 12]},
								"up": {"uv": [48, 52], "uv_size": [4, 4]},
								"down": {"uv": [52, 56], "uv_size": [4, -4]}
							}
						}
					]
				},
				{
					"name": "leftLeg",
					"parent": "root",
					"pivot": [1.9, 12, 0],
					"cubes": [
						{
							"origin": [-0.1, 0, -2],
							"size": [4, 12, 4],
							"uv": {
								"north": {"uv": [36, 44], "uv_size": [4, 12]},
								"east": {"uv": [44, 36], "uv_size": [4, 12]},
								"south": {"uv": [48, 0], "uv_size": [4, 12]},
								"west": {"uv": [48, 12], "uv_size": [4, 12]},
								"up": {"uv": [0, 56], "uv_size": [4, 4]},
								"down": {"uv": [4, 60], "uv_size": [4, -4]}
							}
						},
						{
							"origin": [-0.1, 0, -2],
							"size": [4, 12, 4],
							"inflate": 0.25,
							"uv": {
								"north": {"uv": [48, 24], "uv_size": [4, 12]},
								"east": {"uv": [48, 36], "uv_size": [4, 12]},
								"south": {"uv": [40, 48], "uv_size": [4, 12]},
								"west": {"uv": [44, 48], "uv_size": [4, 12]},
								"up": {"uv": [8, 56], "uv_size": [4, 4]},
								"down": {"uv": [56, 12], "uv_size": [4, -4]}
							}
						}
					]
				}
			]
		}
	]
}