{
	"format_version": "1.12.0",
	"minecraft:geometry": [
		{
			"description": {
				"identifier": "geometry.demontusks",
				"texture_width": 16,
				"texture_height": 16,
				"visible_bounds_width": 3,
				"visible_bounds_height": 3,
				"visible_bounds_offset": [0, 1.5, 0]
			},
			"bones": [
				{
					"name": "root",
					"pivot": [0, 0, 0],
					"locators": {
						"aura": [0, 0, 0]
					}
				},
				{
					"name": "waist",
					"parent": "root",
					"pivot": [0, 12, 0]
				},
				{
					"name": "body",
					"parent": "waist",
					"pivot": [0, 24, 0]
				},
				{
					"name": "head",
					"parent": "body",
					"pivot": [0, 24, 0]
				},
				{
					"name": "tusks",
					"parent": "head",
					"pivot": [3, 25.5, -3.5]
				},
				{
					"name": "tuskleft",
					"parent": "tusks",
					"pivot": [3, 25.5, -3.5],
					"rotation": [-7.5, -15, 0],
					"cubes": [
						{
							"origin": [2, 24.5, -5.6],
							"size": [1, 1, 3],
							"uv": {
								"north": {"uv": [1, 8], "uv_size": [1, 1]},
								"east": {"uv": [0, 0], "uv_size": [3, 1]},
								"south": {"uv": [2, 8], "uv_size": [1, 1]},
								"west": {"uv": [0, 1], "uv_size": [3, 1]},
								"up": {"uv": [0, 2], "uv_size": [1, 3]},
								"down": {"uv": [1, 5], "uv_size": [1, -3]}
							}
						},
						{
							"origin": [2, 25.49144, -5.63053],
							"size": [1, 1, 1],
							"uv": {
								"north": {"uv": [8, 3], "uv_size": [1, 1]},
								"east": {"uv": [8, 4], "uv_size": [1, 1]},
								"south": {"uv": [5, 8], "uv_size": [1, 1]},
								"west": {"uv": [8, 5], "uv_size": [1, 1]},
								"up": {"uv": [6, 8], "uv_size": [1, 1]},
								"down": {"uv": [8, 7], "uv_size": [1, -1]}
							}
						},
						{
							"origin": [2, 25.49144, -6.63053],
							"size": [1, 3, 1],
							"uv": {
								"north": {"uv": [4, 3], "uv_size": [1, 3]},
								"east": {"uv": [0, 5], "uv_size": [1, 3]},
								"south": {"uv": [5, 0], "uv_size": [1, 3]},
								"west": {"uv": [1, 5], "uv_size": [1, 3]},
								"up": {"uv": [8, 8], "uv_size": [1, 1]},
								"down": {"uv": [9, 1], "uv_size": [1, -1]}
							}
						}
					]
				},
				{
					"name": "tuskright",
					"parent": "tusks",
					"pivot": [-2, 25.5, -3.5],
					"rotation": [-7.5, 15, 0],
					"cubes": [
						{
							"origin": [-3, 24.5, -5.6],
							"size": [1, 1, 3],
							"uv": {
								"north": {"uv": [1, 9], "uv_size": [1, 1]},
								"east": {"uv": [5, 3], "uv_size": [3, 1]},
								"south": {"uv": [9, 1], "uv_size": [1, 1]},
								"west": {"uv": [5, 4], "uv_size": [3, 1]},
								"up": {"uv": [2, 5], "uv_size": [1, 3]},
								"down": {"uv": [5, 8], "uv_size": [1, -3]}
							}
						},
						{
							"origin": [-3, 25.49144, -5.63053],
							"size": [1, 1, 1],
							"uv": {
								"north": {"uv": [2, 9], "uv_size": [1, 1]},
								"east": {"uv": [9, 2], "uv_size": [1, 1]},
								"south": {"uv": [3, 9], "uv_size": [1, 1]},
								"west": {"uv": [9, 3], "uv_size": [1, 1]},
								"up": {"uv": [4, 9], "uv_size": [1, 1]},
								"down": {"uv": [9, 5], "uv_size": [1, -1]}
							}
						},
						{
							"origin": [-3, 25.49144, -6.63053],
							"size": [1, 3, 1],
							"uv": {
								"north": {"uv": [7, 0], "uv_size": [1, 3]},
								"east": {"uv": [7, 5], "uv_size": [1, 3]},
								"south": {"uv": [0, 8], "uv_size": [1, 3]},
								"west": {"uv": [8, 0], "uv_size": [1, 3]},
								"up": {"uv": [6, 9], "uv_size": [1, 1]},
								"down": {"uv": [9, 7], "uv_size": [1, -1]}
							}
						}
					]
				},
				{
					"name": "cape",
					"parent": "body",
					"pivot": [0, 24, 3]
				},
				{
					"name": "rightArm",
					"parent": "body",
					"pivot": [-5, 22, 0]
				},
				{
					"name": "rightItem",
					"parent": "rightArm",
					"pivot": [-5.4, 13.8, 1],
					"locators": {
						"lead_hold": [-5.4, 13.8, 1]
					}
				},
				{
					"name": "hand",
					"parent": "rightArm",
					"pivot": [-5, 12, 0],
					"locators": {
						"hand": [-5, 12, 0]
					}
				},
				{
					"name": "leftArm",
					"parent": "body",
					"pivot": [5, 22, 0]
				},
				{
					"name": "leftItem",
					"parent": "leftArm",
					"pivot": [5.4, 13.8, 1],
					"locators": {
						"lead_hold2": [5.4, 13.8, 1]
					}
				},
				{
					"name": "leftLeg",
					"parent": "root",
					"pivot": [1.9, 12, 0]
				},
				{
					"name": "rightLeg",
					"parent": "root",
					"pivot": [-1.9, 12, 0]
				},
				{
					"name": "katanaground",
					"parent": "root",
					"pivot": [0, 0, 0],
					"locators": {
						"katanaground": [0, 0, 0]
					}
				}
			]
		}
	]
}