{
	"format_version": "1.12.0",
	"minecraft:geometry": [
		{
			"description": {
				"identifier": "geometry.eyes_stwglow",
				"texture_width": 16,
				"texture_height": 16,
				"visible_bounds_width": 6,
				"visible_bounds_height": 4.5,
				"visible_bounds_offset": [0, 1.75, 0]
			},
			"bones": [
				{
					"name": "root",
					"pivot": [0, 0, 0]
				},
				{
					"name": "waist",
					"parent": "root",
					"pivot": [0, 12, 0]
				},
				{
					"name": "body",
					"parent": "waist",
					"pivot": [0, 24, 0]
				},
				{
					"name": "head",
					"parent": "body",
					"pivot": [0, 24, 0]
				},
				{
					"name": "eyes",
					"parent": "head",
					"pivot": [0, 24, 0]
				},
				{
					"name": "leftEye",
					"parent": "eyes",
					"pivot": [0, 24, 0],
					"cubes": [
						{
							"origin": [-4, 26, -4.03],
							"size": [4, 4, 0.02],
							"uv": {
								"north": {"uv": [0, 0], "uv_size": [16, 16]},
								"east": {"uv": [0, 8], "uv_size": [1, 4]},
								"south": {"uv": [12, 12], "uv_size": [4, 4]},
								"west": {"uv": [8, 0], "uv_size": [1, 4]},
								"up": {"uv": [1, 8], "uv_size": [4, 1]},
								"down": {"uv": [8, 5], "uv_size": [4, -1]}
							}
						}
					]
				},
				{
					"name": "rightEye",
					"parent": "eyes",
					"pivot": [0, 24, 0],
					"cubes": [
						{
							"origin": [0, 26, -4.03],
							"size": [4, 4, 0.02],
							"uv": {
								"north": {"uv": [0, 0], "uv_size": [16, 16]},
								"east": {"uv": [5, 8], "uv_size": [1, 4]},
								"south": {"uv": [12, 12], "uv_size": [4, 4]},
								"west": {"uv": [8, 5], "uv_size": [1, 4]},
								"up": {"uv": [9, 0], "uv_size": [4, 1]},
								"down": {"uv": [1, 10], "uv_size": [4, -1]}
							}
						}
					]
				}
			]
		}
	]
}