{
	"format_version": "1.12.0",
	"minecraft:geometry": [
		{
			"description": {
				"identifier": "geometry.foxmask_pattern",
				"texture_width": 32,
				"texture_height": 32,
				"visible_bounds_width": 2,
				"visible_bounds_height": 3.5,
				"visible_bounds_offset": [0, 1.25, 0]
			},
			"bones": [
				{
					"name": "root",
					"pivot": [0, 0, 0],
					"locators": {
						"aura": [0, 0, 0]
					}
				},
				{
					"name": "waist",
					"parent": "root",
					"pivot": [0, 12, 0]
				},
				{
					"name": "body",
					"parent": "waist",
					"pivot": [0, 24, 0]
				},
				{
					"name": "head",
					"parent": "body",
					"pivot": [0, 24, 0]
				},
				{
					"name": "foxmask",
					"parent": "head",
					"pivot": [0, -1, 0],
					"cubes": [
						{
							"origin": [2, 25, -5.3],
							"size": [1, 1, 0.5],
							"inflate": 0.03,
							"uv": {
								"north": {"uv": [6, 6], "uv_size": [1, 1]},
								"east": {"uv": [6, 6], "uv_size": [1, 1]},
								"south": {"uv": [0, 8], "uv_size": [8, 8]},
								"west": {"uv": [6, 6], "uv_size": [1, 1]},
								"up": {"uv": [6, 6], "uv_size": [1, 1]},
								"down": {"uv": [6, 7], "uv_size": [1, -1]}
							}
						},
						{
							"origin": [-3, 25, -5.3],
							"size": [1, 1, 0.5],
							"inflate": 0.03,
							"uv": {
								"north": {"uv": [6, 6], "uv_size": [1, 1]},
								"east": {"uv": [6, 6], "uv_size": [1, 1]},
								"south": {"uv": [0, 8], "uv_size": [8, 8]},
								"west": {"uv": [6, 6], "uv_size": [1, 1]},
								"up": {"uv": [6, 6], "uv_size": [1, 1]},
								"down": {"uv": [6, 7], "uv_size": [1, -1]}
							}
						},
						{
							"origin": [1, 29, -5.8],
							"size": [2, 1, 1],
							"inflate": 0.03,
							"uv": {
								"north": {"uv": [5, 2], "uv_size": [2, 1]},
								"east": {"uv": [5, 2], "uv_size": [1, 1]},
								"south": {"uv": [0, 8], "uv_size": [8, 8]},
								"west": {"uv": [6, 2], "uv_size": [1, 1]},
								"up": {"uv": [5, 2], "uv_size": [2, 1]},
								"down": {"uv": [5, 3], "uv_size": [2, -1]}
							}
						},
						{
							"origin": [-3, 29, -5.8],
							"size": [1.9, 1, 1],
							"inflate": 0.03,
							"uv": {
								"north": {"uv": [1, 2], "uv_size": [2, 1]},
								"east": {"uv": [1, 2], "uv_size": [1, 1]},
								"south": {"uv": [0, 8], "uv_size": [8, 8]},
								"west": {"uv": [1, 2], "uv_size": [1, 1]},
								"up": {"uv": [1, 2], "uv_size": [2, 1]},
								"down": {"uv": [1, 3], "uv_size": [2, -1]}
							}
						},
						{
							"origin": [-4, 30, -5.8],
							"size": [1.9, 1, 1],
							"inflate": 0.03,
							"uv": {
								"north": {"uv": [0, 1], "uv_size": [2, 1]},
								"east": {"uv": [0, 1], "uv_size": [1, 1]},
								"south": {"uv": [0, 8], "uv_size": [8, 8]},
								"west": {"uv": [1, 1], "uv_size": [1, 1]},
								"up": {"uv": [0, 1], "uv_size": [2, 1]},
								"down": {"uv": [0, 2], "uv_size": [2, -1]}
							}
						},
						{
							"origin": [2, 30, -5.8],
							"size": [2, 1, 1],
							"inflate": 0.03,
							"uv": {
								"north": {"uv": [6, 1], "uv_size": [2, 1]},
								"east": {"uv": [6, 1], "uv_size": [1, 1]},
								"south": {"uv": [0, 8], "uv_size": [8, 8]},
								"west": {"uv": [7, 1], "uv_size": [1, 1]},
								"up": {"uv": [6, 1], "uv_size": [2, 1]},
								"down": {"uv": [6, 2], "uv_size": [2, -1]}
							}
						},
						{
							"origin": [-1, 27, -5.3],
							"size": [2, 2, 0.9],
							"inflate": 0.03,
							"uv": {
								"north": {"uv": [3, 3], "uv_size": [2, 2]},
								"east": {"uv": [3, 3], "uv_size": [1, 2]},
								"south": {"uv": [0, 8], "uv_size": [8, 8]},
								"west": {"uv": [4, 3], "uv_size": [1, 2]},
								"up": {"uv": [3, 3], "uv_size": [2, 1]},
								"down": {"uv": [3, 5], "uv_size": [2, -1]}
							}
						},
						{
							"origin": [2, 32, -4.8],
							"size": [1, 1, 0.5],
							"inflate": 0.03,
							"uv": {
								"north": {"uv": [0, 17], "uv_size": [1, 1]},
								"east": {"uv": [0, 17], "uv_size": [1, 1]},
								"south": {"uv": [0, 0], "uv_size": [1, 1]},
								"west": {"uv": [0, 17], "uv_size": [1, 1]},
								"up": {"uv": [1, 18], "uv_size": [-1, -1]},
								"down": {"uv": [1, 18], "uv_size": [-1, -1]}
							}
						},
						{
							"origin": [-3, 32, -4.8],
							"size": [1, 1, 0.5],
							"inflate": 0.03,
							"uv": {
								"north": {"uv": [0, 17], "uv_size": [1, 1]},
								"east": {"uv": [0, 17], "uv_size": [1, 1]},
								"south": {"uv": [0, 0], "uv_size": [1, 1]},
								"west": {"uv": [0, 17], "uv_size": [1, 1]},
								"up": {"uv": [1, 18], "uv_size": [-1, -1]},
								"down": {"uv": [1, 18], "uv_size": [-1, -1]}
							}
						}
					]
				}
			]
		}
	]
}