{
	"format_version": "1.12.0",
	"minecraft:geometry": [
		{
			"description": {
				"identifier": "geometry.foxmask",
				"texture_width": 32,
				"texture_height": 32,
				"visible_bounds_width": 2,
				"visible_bounds_height": 3.5,
				"visible_bounds_offset": [0, 1.25, 0]
			},
			"bones": [
				{
					"name": "root",
					"pivot": [0, 0, 0],
					"locators": {
						"aura": [0, 0, 0]
					}
				},
				{
					"name": "waist",
					"parent": "root",
					"pivot": [0, 12, 0]
				},
				{
					"name": "body",
					"parent": "waist",
					"pivot": [0, 24, 0]
				},
				{
					"name": "head",
					"parent": "body",
					"pivot": [0, 24, 0]
				},
				{
					"name": "foxmask",
					"parent": "head",
					"pivot": [0, -1, 0],
					"cubes": [
						{
							"origin": [-4, 24, -4.4],
							"size": [8, 8, 0.1],
							"uv": {
								"north": {"uv": [0, 0], "uv_size": [8, 8]},
								"east": {"uv": [8, 0], "uv_size": [1, 8]},
								"south": {"uv": [0, 8], "uv_size": [8, 8]},
								"west": {"uv": [8, 8], "uv_size": [1, 8]},
								"up": {"uv": [9, 0], "uv_size": [8, 1]},
								"down": {"uv": [9, 2], "uv_size": [8, -1]}
							}
						},
						{
							"origin": [-4, 28, -4.8],
							"size": [8, 4, 0.4],
							"uv": {
								"north": {"uv": [0, 0], "uv_size": [8, 4]},
								"east": {"uv": [7, 0], "uv_size": [1, 4]},
								"south": {"uv": [0, 8], "uv_size": [8, 8]},
								"west": {"uv": [0, 0], "uv_size": [1, 4]},
								"up": {"uv": [7, 0], "uv_size": [1, 1]},
								"down": {"uv": [7, 4], "uv_size": [1, -1]}
							}
						},
						{
							"origin": [2, 27, -4.8],
							"size": [2, 1, 0.4],
							"uv": {
								"north": {"uv": [6, 4], "uv_size": [2, 1]},
								"east": {"uv": [8, 0], "uv_size": [1, 8]},
								"south": {"uv": [0, 8], "uv_size": [8, 8]},
								"west": {"uv": [8, 8], "uv_size": [1, 8]},
								"up": {"uv": [9, 0], "uv_size": [8, 1]},
								"down": {"uv": [9, 2], "uv_size": [8, -1]}
							}
						},
						{
							"origin": [-4, 27, -4.8],
							"size": [2, 1, 0.4],
							"uv": {
								"north": {"uv": [0, 4], "uv_size": [2, 1]},
								"east": {"uv": [8, 0], "uv_size": [1, 8]},
								"south": {"uv": [0, 8], "uv_size": [8, 8]},
								"west": {"uv": [8, 8], "uv_size": [1, 8]},
								"up": {"uv": [9, 0], "uv_size": [8, 1]},
								"down": {"uv": [9, 2], "uv_size": [8, -1]}
							}
						},
						{
							"origin": [-4, 24, -4.8],
							"size": [8, 3, 0.4],
							"uv": {
								"north": {"uv": [0, 5], "uv_size": [8, 3]},
								"east": {"uv": [8, 0], "uv_size": [1, 8]},
								"south": {"uv": [0, 8], "uv_size": [8, 8]},
								"west": {"uv": [8, 8], "uv_size": [1, 8]},
								"up": {"uv": [9, 0], "uv_size": [8, 1]},
								"down": {"uv": [9, 2], "uv_size": [8, -1]}
							}
						},
						{
							"origin": [-3, 29, -5.3],
							"size": [6, 3, 0.5],
							"uv": {
								"north": {"uv": [1, 0], "uv_size": [6, 3]},
								"east": {"uv": [8, 0], "uv_size": [1, 8]},
								"south": {"uv": [0, 8], "uv_size": [8, 8]},
								"west": {"uv": [8, 8], "uv_size": [1, 8]},
								"up": {"uv": [9, 0], "uv_size": [8, 1]},
								"down": {"uv": [9, 2], "uv_size": [8, -1]}
							}
						},
						{
							"origin": [-3, 24, -5.3],
							"size": [6, 2, 0.5],
							"uv": {
								"north": {"uv": [1, 6], "uv_size": [6, 2]},
								"east": {"uv": [8, 0], "uv_size": [1, 8]},
								"south": {"uv": [0, 8], "uv_size": [8, 8]},
								"west": {"uv": [8, 8], "uv_size": [1, 8]},
								"up": {"uv": [9, 0], "uv_size": [8, 1]},
								"down": {"uv": [9, 2], "uv_size": [8, -1]}
							}
						},
						{
							"origin": [-4, 30, -5.3],
							"size": [1, 2, 0.5],
							"uv": {
								"north": {"uv": [0, 0], "uv_size": [1, 2]},
								"east": {"uv": [8, 0], "uv_size": [1, 8]},
								"south": {"uv": [0, 8], "uv_size": [8, 8]},
								"west": {"uv": [8, 8], "uv_size": [1, 8]},
								"up": {"uv": [9, 0], "uv_size": [8, 1]},
								"down": {"uv": [9, 2], "uv_size": [8, -1]}
							}
						},
						{
							"origin": [3, 30, -5.3],
							"size": [1, 2, 0.5],
							"uv": {
								"north": {"uv": [0, 0], "uv_size": [1, 2]},
								"east": {"uv": [8, 0], "uv_size": [1, 8]},
								"south": {"uv": [0, 8], "uv_size": [8, 8]},
								"west": {"uv": [8, 8], "uv_size": [1, 8]},
								"up": {"uv": [9, 0], "uv_size": [8, 1]},
								"down": {"uv": [9, 2], "uv_size": [8, -1]}
							}
						},
						{
							"origin": [-4, 26, -5.3],
							"size": [1, 2, 0.5],
							"uv": {
								"north": {"uv": [0, 4], "uv_size": [1, 2]},
								"east": {"uv": [8, 0], "uv_size": [1, 8]},
								"south": {"uv": [0, 8], "uv_size": [8, 8]},
								"west": {"uv": [8, 8], "uv_size": [1, 8]},
								"up": {"uv": [9, 0], "uv_size": [8, 1]},
								"down": {"uv": [9, 2], "uv_size": [8, -1]}
							}
						},
						{
							"origin": [-3, 26, -5.3],
							"size": [2, 1, 0.5],
							"uv": {
								"north": {"uv": [1, 5], "uv_size": [2, 1]},
								"east": {"uv": [8, 0], "uv_size": [1, 8]},
								"south": {"uv": [0, 8], "uv_size": [8, 8]},
								"west": {"uv": [8, 8], "uv_size": [1, 8]},
								"up": {"uv": [9, 0], "uv_size": [8, 1]},
								"down": {"uv": [9, 2], "uv_size": [8, -1]}
							}
						},
						{
							"origin": [1, 26, -5.3],
							"size": [2, 1, 0.5],
							"uv": {
								"north": {"uv": [5, 5], "uv_size": [2, 1]},
								"east": {"uv": [8, 0], "uv_size": [1, 8]},
								"south": {"uv": [0, 8], "uv_size": [8, 8]},
								"west": {"uv": [8, 8], "uv_size": [1, 8]},
								"up": {"uv": [9, 0], "uv_size": [8, 1]},
								"down": {"uv": [9, 2], "uv_size": [8, -1]}
							}
						},
						{
							"origin": [1, 29, -5.8],
							"size": [2, 1, 1],
							"uv": {
								"north": {"uv": [5, 2], "uv_size": [2, 1]},
								"east": {"uv": [8, 0], "uv_size": [1, 8]},
								"south": {"uv": [0, 8], "uv_size": [8, 8]},
								"west": {"uv": [8, 8], "uv_size": [1, 8]},
								"up": {"uv": [9, 0], "uv_size": [8, 1]},
								"down": {"uv": [9, 2], "uv_size": [8, -1]}
							}
						},
						{
							"origin": [-3, 29, -5.8],
							"size": [1.9, 1, 1],
							"uv": {
								"north": {"uv": [1, 2], "uv_size": [2, 1]},
								"east": {"uv": [8, 0], "uv_size": [1, 8]},
								"south": {"uv": [0, 8], "uv_size": [8, 8]},
								"west": {"uv": [8, 8], "uv_size": [1, 8]},
								"up": {"uv": [9, 0], "uv_size": [8, 1]},
								"down": {"uv": [9, 2], "uv_size": [8, -1]}
							}
						},
						{
							"origin": [-4, 30, -5.8],
							"size": [1.9, 1, 1],
							"uv": {
								"north": {"uv": [0, 1], "uv_size": [2, 1]},
								"east": {"uv": [8, 0], "uv_size": [1, 8]},
								"south": {"uv": [0, 8], "uv_size": [8, 8]},
								"west": {"uv": [8, 8], "uv_size": [1, 8]},
								"up": {"uv": [9, 0], "uv_size": [8, 1]},
								"down": {"uv": [9, 2], "uv_size": [8, -1]}
							}
						},
						{
							"origin": [2, 30, -5.8],
							"size": [2, 1, 1],
							"uv": {
								"north": {"uv": [6, 1], "uv_size": [2, 1]},
								"east": {"uv": [8, 0], "uv_size": [1, 8]},
								"south": {"uv": [0, 8], "uv_size": [8, 8]},
								"west": {"uv": [8, 8], "uv_size": [1, 8]},
								"up": {"uv": [9, 0], "uv_size": [8, 1]},
								"down": {"uv": [9, 2], "uv_size": [8, -1]}
							}
						},
						{
							"origin": [-1, 26, -5.8],
							"size": [2, 1, 1],
							"uv": {
								"north": {"uv": [3, 5], "uv_size": [2, 1]},
								"east": {"uv": [3, 5], "uv_size": [1, 1]},
								"south": {"uv": [0, 8], "uv_size": [8, 8]},
								"west": {"uv": [4, 5], "uv_size": [1, 1]},
								"up": {"uv": [3, 5], "uv_size": [2, 1]},
								"down": {"uv": [9, 2], "uv_size": [8, -1]}
							}
						},
						{
							"origin": [3, 26, -5.3],
							"size": [1, 2, 0.5],
							"uv": {
								"north": {"uv": [7, 4], "uv_size": [1, 2]},
								"east": {"uv": [8, 0], "uv_size": [1, 8]},
								"south": {"uv": [0, 8], "uv_size": [8, 8]},
								"west": {"uv": [8, 8], "uv_size": [1, 8]},
								"up": {"uv": [9, 0], "uv_size": [8, 1]},
								"down": {"uv": [9, 2], "uv_size": [8, -1]}
							}
						},
						{
							"origin": [-1, 27, -5.3],
							"size": [2, 2, 0.9],
							"uv": {
								"north": {"uv": [3, 3], "uv_size": [2, 2]},
								"east": {"uv": [8, 0], "uv_size": [1, 8]},
								"south": {"uv": [0, 8], "uv_size": [8, 8]},
								"west": {"uv": [8, 8], "uv_size": [1, 8]},
								"up": {"uv": [9, 0], "uv_size": [8, 1]},
								"down": {"uv": [9, 2], "uv_size": [8, -1]}
							}
						},
						{
							"origin": [-4, 24, -3.9],
							"size": [8, 8, 8],
							"inflate": 0.5,
							"uv": {
								"north": {"uv": [24, 0], "uv_size": [8, 8]},
								"east": {"uv": [16, 8], "uv_size": [8, 8]},
								"south": {"uv": [24, 8], "uv_size": [8, 8]},
								"west": {"uv": [16, 8], "uv_size": [8, 8]},
								"up": {"uv": [24, 0], "uv_size": [8, 8]},
								"down": {"uv": [24, 8], "uv_size": [8, -8]}
							}
						},
						{
							"origin": [3, 32, -5.3],
							"size": [1, 1, 1],
							"uv": {
								"north": {"uv": [0, 0], "uv_size": [1, 1]},
								"east": {"uv": [0, 0], "uv_size": [1, 1]},
								"south": {"uv": [0, 0], "uv_size": [1, 1]},
								"west": {"uv": [0, 0], "uv_size": [1, 1]},
								"up": {"uv": [1, 1], "uv_size": [-1, -1]},
								"down": {"uv": [1, 1], "uv_size": [-1, -1]}
							}
						},
						{
							"origin": [1.9, 33, -5.3],
							"size": [1, 1, 1],
							"uv": {
								"north": {"uv": [0, 16], "uv_size": [1, 1]},
								"east": {"uv": [0, 16], "uv_size": [1, 1]},
								"south": {"uv": [0, 16], "uv_size": [1, 1]},
								"west": {"uv": [0, 16], "uv_size": [1, 1]},
								"up": {"uv": [1, 17], "uv_size": [-1, -1]},
								"down": {"uv": [1, 17], "uv_size": [-1, -1]}
							}
						},
						{
							"origin": [1, 32, -5.3],
							"size": [1, 1, 1],
							"uv": {
								"north": {"uv": [0, 0], "uv_size": [1, 1]},
								"east": {"uv": [0, 0], "uv_size": [1, 1]},
								"south": {"uv": [0, 0], "uv_size": [1, 1]},
								"west": {"uv": [0, 0], "uv_size": [1, 1]},
								"up": {"uv": [1, 1], "uv_size": [-1, -1]},
								"down": {"uv": [1, 1], "uv_size": [-1, -1]}
							}
						},
						{
							"origin": [2, 32, -4.8],
							"size": [1, 1, 0.5],
							"uv": {
								"north": {"uv": [0, 17], "uv_size": [1, 1]},
								"east": {"uv": [0, 0], "uv_size": [1, 1]},
								"south": {"uv": [0, 0], "uv_size": [1, 1]},
								"west": {"uv": [0, 0], "uv_size": [1, 1]},
								"up": {"uv": [1, 1], "uv_size": [-1, -1]},
								"down": {"uv": [1, 1], "uv_size": [-1, -1]}
							}
						},
						{
							"origin": [-3, 32, -4.8],
							"size": [1, 1, 0.5],
							"uv": {
								"north": {"uv": [0, 17], "uv_size": [1, 1]},
								"east": {"uv": [0, 0], "uv_size": [0.5, 1]},
								"south": {"uv": [0, 0], "uv_size": [1, 1]},
								"west": {"uv": [0, 0], "uv_size": [0.5, 1]},
								"up": {"uv": [1, 0.5], "uv_size": [-1, -0.5]},
								"down": {"uv": [1, 0.5], "uv_size": [-1, -0.5]}
							}
						},
						{
							"origin": [-4, 32, -5.3],
							"size": [1, 1, 1],
							"uv": {
								"north": {"uv": [0, 0], "uv_size": [1, 1]},
								"east": {"uv": [0, 0], "uv_size": [1, 1]},
								"south": {"uv": [0, 0], "uv_size": [1, 1]},
								"west": {"uv": [0, 0], "uv_size": [1, 1]},
								"up": {"uv": [1, 1], "uv_size": [-1, -1]},
								"down": {"uv": [1, 1], "uv_size": [-1, -1]}
							}
						},
						{
							"origin": [-2, 32, -5.3],
							"size": [1, 1, 1],
							"uv": {
								"north": {"uv": [0, 0], "uv_size": [1, 1]},
								"east": {"uv": [0, 0], "uv_size": [1, 1]},
								"south": {"uv": [0, 0], "uv_size": [1, 1]},
								"west": {"uv": [0, 0], "uv_size": [1, 1]},
								"up": {"uv": [1, 1], "uv_size": [-1, -1]},
								"down": {"uv": [1, 1], "uv_size": [-1, -1]}
							}
						},
						{
							"origin": [-3, 33, -5.3],
							"size": [1, 1, 1],
							"uv": {
								"north": {"uv": [0, 16], "uv_size": [1, 1]},
								"east": {"uv": [0, 16], "uv_size": [1, 1]},
								"south": {"uv": [0, 16], "uv_size": [1, 1]},
								"west": {"uv": [0, 16], "uv_size": [1, 1]},
								"up": {"uv": [1, 17], "uv_size": [-1, -1]},
								"down": {"uv": [1, 17], "uv_size": [-1, -1]}
							}
						}
					]
				}
			]
		}
	]
}