{
	"format_version": "1.12.0",
	"minecraft:geometry": [
		{
			"description": {
				"identifier": "geometry.giyuutsuba",
				"texture_width": 32,
				"texture_height": 32,
				"visible_bounds_width": 7,
				"visible_bounds_height": 2.5,
				"visible_bounds_offset": [0, 0.75, 0]
			},
			"bones": [
				{
					"name": "root",
					"pivot": [0, 0, 0],
					"locators": {
						"aura": [0, 0, 0]
					}
				},
				{
					"name": "waist",
					"parent": "root",
					"pivot": [0, 12, 0]
				},
				{
					"name": "body",
					"parent": "waist",
					"pivot": [0, 24, 1]
				},
				{
					"name": "rightArm",
					"parent": "body",
					"pivot": [-5, 22, 1]
				},
				{
					"name": "rightItem",
					"parent": "rightArm",
					"pivot": [-5.4, 13.8, 1],
					"locators": {
						"lead_hold": [-5.4, 13.8, 1]
					}
				},
				{
					"name": "nichirin",
					"parent": "rightItem",
					"pivot": [0, 0, 0]
				},
				{
					"name": "blade",
					"parent": "nichirin",
					"pivot": [0, 0, 0]
				},
				{
					"name": "tsuba",
					"parent": "blade",
					"pivot": [0, 0, 0]
				},
				{
					"name": "red",
					"parent": "tsuba",
					"pivot": [0, -2, 0],
					"cubes": [
						{
							"origin": [-1, 4, 0.9],
							"size": [1, 1, 2.2],
							"uv": {
								"north": {"uv": [31, 28], "uv_size": [1, 1]},
								"east": {"uv": [27, 29], "uv_size": [2, 1]},
								"south": {"uv": [29, 31], "uv_size": [1, 1]},
								"west": {"uv": [29, 28], "uv_size": [2, 1]},
								"up": {"uv": [29, 29], "uv_size": [1, 2]},
								"down": {"uv": [18, 32], "uv_size": [1, -2]}
							}
						},
						{
							"origin": [-2, 4, 0.9],
							"size": [1, 1, 2.2],
							"uv": {
								"north": {"uv": [14, 11], "uv_size": [1, 1]},
								"east": {"uv": [10, 12], "uv_size": [2, 1]},
								"south": {"uv": [12, 14], "uv_size": [1, 1]},
								"west": {"uv": [12, 11], "uv_size": [2, 1]},
								"up": {"uv": [12, 12], "uv_size": [1, 2]},
								"down": {"uv": [1, 15], "uv_size": [1, -2]}
							}
						},
						{
							"origin": [2, 0, 0.9],
							"size": [1, 4, 2.2],
							"uv": {
								"north": {"uv": [2, 8], "uv_size": [1, 4]},
								"east": {"uv": [0, 0], "uv_size": [2, 4]},
								"south": {"uv": [3, 8], "uv_size": [1, 4]},
								"west": {"uv": [2, 0], "uv_size": [2, 4]},
								"up": {"uv": [10, 6], "uv_size": [1, 2]},
								"down": {"uv": [10, 10], "uv_size": [1, -2]}
							}
						},
						{
							"origin": [0, 5, 0.9],
							"size": [1, 1, 2.2],
							"uv": {
								"north": {"uv": [30, 31], "uv_size": [1, 1]},
								"east": {"uv": [30, 18], "uv_size": [2, 1]},
								"south": {"uv": [31, 31], "uv_size": [1, 1]},
								"west": {"uv": [30, 19], "uv_size": [2, 1]},
								"up": {"uv": [19, 30], "uv_size": [1, 2]},
								"down": {"uv": [21, 32], "uv_size": [1, -2]}
							}
						},
						{
							"origin": [-1, 5, 0.9],
							"size": [1, 1, 2.2],
							"uv": {
								"north": {"uv": [13, 14], "uv_size": [1, 1]},
								"east": {"uv": [13, 1], "uv_size": [2, 1]},
								"south": {"uv": [14, 14], "uv_size": [1, 1]},
								"west": {"uv": [13, 2], "uv_size": [2, 1]},
								"up": {"uv": [2, 13], "uv_size": [1, 2]},
								"down": {"uv": [4, 15], "uv_size": [1, -2]}
							}
						},
						{
							"origin": [1, 5, 0.9],
							"size": [1, 1, 2.2],
							"uv": {
								"north": {"uv": [13, 14], "uv_size": [1, 1]},
								"east": {"uv": [13, 1], "uv_size": [2, 1]},
								"south": {"uv": [14, 14], "uv_size": [1, 1]},
								"west": {"uv": [13, 2], "uv_size": [2, 1]},
								"up": {"uv": [2, 13], "uv_size": [1, 2]},
								"down": {"uv": [4, 15], "uv_size": [1, -2]}
							}
						},
						{
							"origin": [0, 6, 0.9],
							"size": [1, 1, 2.2],
							"uv": {
								"north": {"uv": [13, 14], "uv_size": [1, 1]},
								"east": {"uv": [13, 1], "uv_size": [2, 1]},
								"south": {"uv": [14, 14], "uv_size": [1, 1]},
								"west": {"uv": [13, 2], "uv_size": [2, 1]},
								"up": {"uv": [2, 13], "uv_size": [1, 2]},
								"down": {"uv": [4, 15], "uv_size": [1, -2]}
							}
						},
						{
							"origin": [0, -3, 0.9],
							"size": [1, 1, 2.2],
							"uv": {
								"north": {"uv": [13, 14], "uv_size": [1, 1]},
								"east": {"uv": [13, 1], "uv_size": [2, 1]},
								"south": {"uv": [14, 14], "uv_size": [1, 1]},
								"west": {"uv": [13, 2], "uv_size": [2, 1]},
								"up": {"uv": [2, 13], "uv_size": [1, 2]},
								"down": {"uv": [4, 15], "uv_size": [1, -2]}
							}
						},
						{
							"origin": [0, -2, 0.9],
							"size": [1, 1, 2.2],
							"uv": {
								"north": {"uv": [14, 9], "uv_size": [1, 1]},
								"east": {"uv": [7, 12], "uv_size": [2, 1]},
								"south": {"uv": [14, 10], "uv_size": [1, 1]},
								"west": {"uv": [12, 8], "uv_size": [2, 1]},
								"up": {"uv": [9, 12], "uv_size": [1, 2]},
								"down": {"uv": [12, 11], "uv_size": [1, -2]}
							}
						},
						{
							"origin": [-1, -2, 0.9],
							"size": [1, 1, 2.2],
							"uv": {
								"north": {"uv": [14, 9], "uv_size": [1, 1]},
								"east": {"uv": [7, 12], "uv_size": [2, 1]},
								"south": {"uv": [14, 10], "uv_size": [1, 1]},
								"west": {"uv": [12, 8], "uv_size": [2, 1]},
								"up": {"uv": [9, 12], "uv_size": [1, 2]},
								"down": {"uv": [12, 11], "uv_size": [1, -2]}
							}
						},
						{
							"origin": [1, -2, 0.9],
							"size": [1, 1, 2.2],
							"uv": {
								"north": {"uv": [14, 9], "uv_size": [1, 1]},
								"east": {"uv": [7, 12], "uv_size": [2, 1]},
								"south": {"uv": [14, 10], "uv_size": [1, 1]},
								"west": {"uv": [12, 8], "uv_size": [2, 1]},
								"up": {"uv": [9, 12], "uv_size": [1, 2]},
								"down": {"uv": [12, 11], "uv_size": [1, -2]}
							}
						},
						{
							"origin": [1, -1, 0.9],
							"size": [1, 1, 2.2],
							"uv": {
								"north": {"uv": [14, 6], "uv_size": [1, 1]},
								"east": {"uv": [12, 0], "uv_size": [2, 1]},
								"south": {"uv": [14, 7], "uv_size": [1, 1]},
								"west": {"uv": [1, 12], "uv_size": [2, 1]},
								"up": {"uv": [12, 1], "uv_size": [1, 2]},
								"down": {"uv": [3, 14], "uv_size": [1, -2]}
							}
						},
						{
							"origin": [2, -1, 0.9],
							"size": [1, 1, 2.2],
							"uv": {
								"north": {"uv": [14, 6], "uv_size": [1, 1]},
								"east": {"uv": [12, 0], "uv_size": [2, 1]},
								"south": {"uv": [14, 7], "uv_size": [1, 1]},
								"west": {"uv": [1, 12], "uv_size": [2, 1]},
								"up": {"uv": [12, 1], "uv_size": [1, 2]},
								"down": {"uv": [3, 14], "uv_size": [1, -2]}
							}
						},
						{
							"origin": [-1, -1, 0.9],
							"size": [1, 1, 2.2],
							"uv": {
								"north": {"uv": [14, 8], "uv_size": [1, 1]},
								"east": {"uv": [12, 3], "uv_size": [2, 1]},
								"south": {"uv": [9, 14], "uv_size": [1, 1]},
								"west": {"uv": [4, 12], "uv_size": [2, 1]},
								"up": {"uv": [6, 12], "uv_size": [1, 2]},
								"down": {"uv": [12, 8], "uv_size": [1, -2]}
							}
						},
						{
							"origin": [-2, -1, 0.9],
							"size": [1, 1, 2.2],
							"uv": {
								"north": {"uv": [14, 8], "uv_size": [1, 1]},
								"east": {"uv": [12, 3], "uv_size": [2, 1]},
								"south": {"uv": [9, 14], "uv_size": [1, 1]},
								"west": {"uv": [4, 12], "uv_size": [2, 1]},
								"up": {"uv": [6, 12], "uv_size": [1, 2]},
								"down": {"uv": [12, 8], "uv_size": [1, -2]}
							}
						},
						{
							"origin": [-2, 0, 0.9],
							"size": [1, 4, 2.2],
							"uv": {
								"north": {"uv": [7, 8], "uv_size": [1, 4]},
								"east": {"uv": [6, 0], "uv_size": [2, 4]},
								"south": {"uv": [8, 8], "uv_size": [1, 4]},
								"west": {"uv": [6, 4], "uv_size": [2, 4]},
								"up": {"uv": [7, 13], "uv_size": [1, 2]},
								"down": {"uv": [8, 15], "uv_size": [1, -2]}
							}
						},
						{
							"origin": [-2, 0, 0.9],
							"size": [1, 4, 2.2],
							"uv": {
								"north": {"uv": [7, 8], "uv_size": [1, 4]},
								"east": {"uv": [6, 0], "uv_size": [2, 4]},
								"south": {"uv": [8, 8], "uv_size": [1, 4]},
								"west": {"uv": [6, 4], "uv_size": [2, 4]},
								"up": {"uv": [7, 13], "uv_size": [1, 2]},
								"down": {"uv": [8, 15], "uv_size": [1, -2]}
							}
						},
						{
							"origin": [-2, 0, 0.9],
							"size": [1, 4, 2.2],
							"uv": {
								"north": {"uv": [7, 8], "uv_size": [1, 4]},
								"east": {"uv": [6, 0], "uv_size": [2, 4]},
								"south": {"uv": [8, 8], "uv_size": [1, 4]},
								"west": {"uv": [6, 4], "uv_size": [2, 4]},
								"up": {"uv": [7, 13], "uv_size": [1, 2]},
								"down": {"uv": [8, 15], "uv_size": [1, -2]}
							}
						},
						{
							"origin": [1, 4, 0.9],
							"size": [1, 1, 2.2],
							"uv": {
								"north": {"uv": [31, 16], "uv_size": [1, 1]},
								"east": {"uv": [29, 20], "uv_size": [2, 1]},
								"south": {"uv": [17, 31], "uv_size": [1, 1]},
								"west": {"uv": [29, 21], "uv_size": [2, 1]},
								"up": {"uv": [21, 29], "uv_size": [1, 2]},
								"down": {"uv": [29, 24], "uv_size": [1, -2]}
							}
						},
						{
							"origin": [2, 4, 0.9],
							"size": [1, 1, 2.2],
							"uv": {
								"north": {"uv": [15, 0], "uv_size": [1, 1]},
								"east": {"uv": [13, 4], "uv_size": [2, 1]},
								"south": {"uv": [1, 15], "uv_size": [1, 1]},
								"west": {"uv": [13, 5], "uv_size": [2, 1]},
								"up": {"uv": [5, 13], "uv_size": [1, 2]},
								"down": {"uv": [13, 8], "uv_size": [1, -2]}
							}
						}
					]
				},
				{
					"name": "inner_ring",
					"parent": "tsuba",
					"pivot": [0, -4, 0],
					"cubes": [
						{
							"origin": [0, 4, 0.9],
							"size": [1, 1, 2.2],
							"uv": {
								"north": {"uv": [14, 0], "uv_size": [1, 1]},
								"east": {"uv": [10, 0], "uv_size": [2, 1]},
								"south": {"uv": [3, 14], "uv_size": [1, 1]},
								"west": {"uv": [10, 1], "uv_size": [2, 1]},
								"up": {"uv": [10, 2], "uv_size": [1, 2]},
								"down": {"uv": [10, 6], "uv_size": [1, -2]}
							}
						},
						{
							"origin": [1, 0, 0.9],
							"size": [1, 4, 2.2],
							"uv": {
								"north": {"uv": [9, 4], "uv_size": [1, 4]},
								"east": {"uv": [0, 8], "uv_size": [2, 4]},
								"south": {"uv": [9, 8], "uv_size": [1, 4]},
								"west": {"uv": [8, 0], "uv_size": [2, 4]},
								"up": {"uv": [13, 9], "uv_size": [1, 2]},
								"down": {"uv": [10, 15], "uv_size": [1, -2]}
							}
						},
						{
							"origin": [0, 0, 1],
							"size": [1, 4, 2],
							"uv": {
								"north": {"uv": [4, 8], "uv_size": [1, 4]},
								"east": {"uv": [0, 4], "uv_size": [2, 4]},
								"south": {"uv": [8, 4], "uv_size": [1, 4]},
								"west": {"uv": [4, 0], "uv_size": [2, 4]},
								"up": {"uv": [10, 10], "uv_size": [1, 2]},
								"down": {"uv": [11, 4], "uv_size": [1, -2]}
							}
						},
						{
							"origin": [0, -1, 0.9],
							"size": [1, 1, 2.2],
							"uv": {
								"north": {"uv": [14, 3], "uv_size": [1, 1]},
								"east": {"uv": [11, 4], "uv_size": [2, 1]},
								"south": {"uv": [6, 14], "uv_size": [1, 1]},
								"west": {"uv": [11, 5], "uv_size": [2, 1]},
								"up": {"uv": [11, 6], "uv_size": [1, 2]},
								"down": {"uv": [11, 10], "uv_size": [1, -2]}
							}
						},
						{
							"origin": [-1, 0, 0.9],
							"size": [1, 4, 2.2],
							"uv": {
								"north": {"uv": [5, 8], "uv_size": [1, 4]},
								"east": {"uv": [2, 4], "uv_size": [2, 4]},
								"south": {"uv": [6, 8], "uv_size": [1, 4]},
								"west": {"uv": [4, 4], "uv_size": [2, 4]},
								"up": {"uv": [11, 10], "uv_size": [1, 2]},
								"down": {"uv": [0, 14], "uv_size": [1, -2]}
							}
						}
					]
				}
			]
		}
	]
}