{
	"format_version": "1.12.0",
	"minecraft:geometry": [
		{
			"description": {
				"identifier": "geometry.hanzaki",
				"texture_width": 128,
				"texture_height": 128,
				"visible_bounds_width": 6,
				"visible_bounds_height": 9.5,
				"visible_bounds_offset": [0, 4.25, 0]
			},
			"bones": [
				{
					"name": "root",
					"pivot": [0, 0, 0],
					"locators": {
						"aura": [0, 0, 0]
					}
				},
				{
					"name": "waist",
					"parent": "root",
					"pivot": [0, 12, 0]
				},
				{
					"name": "body",
					"parent": "waist",
					"pivot": [0, 24, 0],
					"cubes": [
						{
							"origin": [-4, 12, -2],
							"size": [8, 12, 6],
							"uv": {
								"north": {"uv": [24, 17], "uv_size": [8, 12]},
								"east": {"uv": [42, 42], "uv_size": [6, 12]},
								"south": {"uv": [28, 0], "uv_size": [8, 12]},
								"west": {"uv": [4, 44], "uv_size": [6, 12]},
								"up": {"uv": [20, 61], "uv_size": [8, 6]},
								"down": {"uv": [62, 43], "uv_size": [8, -6]}
							}
						}
					]
				},
				{
					"name": "hanzaki_cloak",
					"parent": "body",
					"pivot": [0, 0, 0],
					"cubes": [
						{
							"origin": [-7, 0, 4],
							"size": [14, 17, 4],
							"uv": {
								"north": {"uv": [0, 0], "uv_size": [14, 17]},
								"east": {"uv": [20, 44], "uv_size": [4, 17]},
								"south": {"uv": [14, 0], "uv_size": [14, 17]},
								"west": {"uv": [46, 10], "uv_size": [4, 17]},
								"up": {"uv": [50, 17], "uv_size": [14, 4]},
								"down": {"uv": [50, 25], "uv_size": [14, -4]}
							}
						},
						{
							"origin": [-5, 17, 4],
							"size": [10, 6, 3],
							"uv": {
								"north": {"uv": [46, 27], "uv_size": [10, 6]},
								"east": {"uv": [17, 51], "uv_size": [3, 6]},
								"south": {"uv": [48, 42], "uv_size": [10, 6]},
								"west": {"uv": [56, 25], "uv_size": [3, 6]},
								"up": {"uv": [63, 33], "uv_size": [10, 3]},
								"down": {"uv": [39, 70], "uv_size": [10, -3]}
							}
						},
						{
							"origin": [8, 17, -3],
							"size": [1, 8, 7],
							"uv": {
								"north": {"uv": [30, 61], "uv_size": [1, 8]},
								"east": {"uv": [10, 51], "uv_size": [7, 8]},
								"south": {"uv": [62, 43], "uv_size": [1, 8]},
								"west": {"uv": [32, 51], "uv_size": [7, 8]},
								"up": {"uv": [56, 48], "uv_size": [1, 7]},
								"down": {"uv": [57, 55], "uv_size": [1, -7]}
							}
						},
						{
							"origin": [8, 9, -2],
							"size": [1, 8, 6],
							"uv": {
								"north": {"uv": [12, 71], "uv_size": [1, 8]},
								"east": {"uv": [66, 8], "uv_size": [6, 8]},
								"south": {"uv": [13, 71], "uv_size": [1, 8]},
								"west": {"uv": [66, 16], "uv_size": [6, 8]},
								"up": {"uv": [17, 71], "uv_size": [1, 6]},
								"down": {"uv": [18, 77], "uv_size": [1, -6]}
							}
						},
						{
							"origin": [4, 0, 2],
							"size": [4, 24, 2],
							"uv": {
								"north": {"uv": [24, 29], "uv_size": [4, 24]},
								"east": {"uv": [28, 61], "uv_size": [2, 24]},
								"south": {"uv": [28, 29], "uv_size": [4, 24]},
								"west": {"uv": [63, 43], "uv_size": [2, 24]},
								"up": {"uv": [36, 34], "uv_size": [4, 2]},
								"down": {"uv": [50, 27], "uv_size": [4, -2]}
							}
						},
						{
							"origin": [-4, 24, 1],
							"size": [8, 1, 3],
							"uv": {
								"north": {"uv": [39, 66], "uv_size": [8, 1]},
								"east": {"uv": [39, 51], "uv_size": [3, 1]},
								"south": {"uv": [70, 41], "uv_size": [8, 1]},
								"west": {"uv": [39, 52], "uv_size": [3, 1]},
								"up": {"uv": [49, 67], "uv_size": [8, 3]},
								"down": {"uv": [67, 53], "uv_size": [8, -3]}
							}
						},
						{
							"origin": [-7, 25, -2],
							"size": [14, 1, 5],
							"uv": {
								"north": {"uv": [69, 32], "uv_size": [14, 1]},
								"east": {"uv": [46, 33], "uv_size": [5, 1]},
								"south": {"uv": [70, 40], "uv_size": [14, 1]},
								"west": {"uv": [52, 41], "uv_size": [5, 1]},
								"up": {"uv": [46, 0], "uv_size": [14, 5]},
								"down": {"uv": [46, 10], "uv_size": [14, -5]}
							}
						},
						{
							"origin": [-8, 24, -3],
							"size": [4, 1, 7],
							"uv": {
								"north": {"uv": [28, 16], "uv_size": [4, 1]},
								"east": {"uv": [63, 36], "uv_size": [7, 1]},
								"south": {"uv": [58, 16], "uv_size": [4, 1]},
								"west": {"uv": [70, 42], "uv_size": [7, 1]},
								"up": {"uv": [59, 65], "uv_size": [4, 7]},
								"down": {"uv": [20, 74], "uv_size": [4, -7]}
							}
						},
						{
							"origin": [4, 24, -3],
							"size": [4, 1, 7],
							"uv": {
								"north": {"uv": [64, 24], "uv_size": [4, 1]},
								"east": {"uv": [31, 71], "uv_size": [7, 1]},
								"south": {"uv": [71, 44], "uv_size": [4, 1]},
								"west": {"uv": [71, 43], "uv_size": [7, 1]},
								"up": {"uv": [24, 67], "uv_size": [4, 7]},
								"down": {"uv": [67, 50], "uv_size": [4, -7]}
							}
						},
						{
							"origin": [-9, 17, -3],
							"size": [1, 8, 7],
							"uv": {
								"north": {"uv": [57, 67], "uv_size": [1, 8]},
								"east": {"uv": [52, 33], "uv_size": [7, 8]},
								"south": {"uv": [58, 67], "uv_size": [1, 8]},
								"west": {"uv": [24, 53], "uv_size": [7, 8]},
								"up": {"uv": [14, 71], "uv_size": [1, 7]},
								"down": {"uv": [15, 78], "uv_size": [1, -7]}
							}
						},
						{
							"origin": [-9, 9, -2],
							"size": [1, 8, 6],
							"uv": {
								"north": {"uv": [30, 69], "uv_size": [1, 8]},
								"east": {"uv": [63, 25], "uv_size": [6, 8]},
								"south": {"uv": [56, 70], "uv_size": [1, 8]},
								"west": {"uv": [66, 0], "uv_size": [6, 8]},
								"up": {"uv": [31, 53], "uv_size": [1, 6]},
								"down": {"uv": [16, 77], "uv_size": [1, -6]}
							}
						},
						{
							"origin": [-8, 0, 2],
							"size": [4, 24, 2],
							"uv": {
								"north": {"uv": [32, 12], "uv_size": [4, 24]},
								"east": {"uv": [64, 0], "uv_size": [2, 24]},
								"south": {"uv": [0, 35], "uv_size": [4, 24]},
								"west": {"uv": [65, 43], "uv_size": [2, 24]},
								"up": {"uv": [0, 71], "uv_size": [4, 2]},
								"down": {"uv": [8, 73], "uv_size": [4, -2]}
							}
						},
						{
							"origin": [5, 20, -3],
							"size": [3, 4, 1],
							"uv": {
								"north": {"uv": [59, 37], "uv_size": [3, 4]},
								"east": {"uv": [62, 12], "uv_size": [1, 4]},
								"south": {"uv": [47, 70], "uv_size": [3, 4]},
								"west": {"uv": [63, 12], "uv_size": [1, 4]},
								"up": {"uv": [39, 53], "uv_size": [3, 1]},
								"down": {"uv": [56, 32], "uv_size": [3, -1]}
							}
						},
						{
							"origin": [-8, 20, -3],
							"size": [3, 4, 1],
							"uv": {
								"north": {"uv": [50, 70], "uv_size": [3, 4]},
								"east": {"uv": [19, 71], "uv_size": [1, 4]},
								"south": {"uv": [53, 70], "uv_size": [3, 4]},
								"west": {"uv": [38, 71], "uv_size": [1, 4]},
								"up": {"uv": [56, 32], "uv_size": [3, 1]},
								"down": {"uv": [17, 58], "uv_size": [3, -1]}
							}
						}
					]
				},
				{
					"name": "head",
					"parent": "body",
					"pivot": [0, 24, 0],
					"cubes": [
						{
							"origin": [-5, 22, -7],
							"size": [10, 7, 8],
							"uv": {
								"north": {"uv": [10, 44], "uv_size": [10, 7]},
								"east": {"uv": [48, 48], "uv_size": [8, 7]},
								"south": {"uv": [32, 44], "uv_size": [10, 7]},
								"west": {"uv": [50, 10], "uv_size": [8, 7]},
								"up": {"uv": [36, 18], "uv_size": [10, 8]},
								"down": {"uv": [36, 34], "uv_size": [10, -8]}
							}
						},
						{
							"origin": [-4, 20, -6],
							"size": [8, 2, 0],
							"uv": {
								"north": {"uv": [70, 38], "uv_size": [8, 2]},
								"east": {"uv": [0, 0], "uv_size": [0, 2]},
								"south": {"uv": [120, 126], "uv_size": [8, 2]},
								"west": {"uv": [0, 0], "uv_size": [0, 2]},
								"up": {"uv": [0, 0], "uv_size": [8, 0]},
								"down": {"uv": [0, 0], "uv_size": [8, 0]}
							}
						},
						{
							"origin": [5, 20, -4],
							"size": [10, 9, 0],
							"uv": {
								"north": {"uv": [4, 35], "uv_size": [10, 9]},
								"east": {"uv": [0, 0], "uv_size": [0, 9]},
								"south": {"uv": [118, 119], "uv_size": [10, 9]},
								"west": {"uv": [0, 0], "uv_size": [0, 9]},
								"up": {"uv": [0, 0], "uv_size": [10, 0]},
								"down": {"uv": [0, 0], "uv_size": [10, 0]}
							}
						},
						{
							"origin": [5, 11, -6],
							"size": [6, 18, 0],
							"uv": {
								"north": {"uv": [0, 17], "uv_size": [6, 18]},
								"east": {"uv": [0, 0], "uv_size": [0, 18]},
								"south": {"uv": [124, 123], "uv_size": [4, 5]},
								"west": {"uv": [0, 0], "uv_size": [0, 18]},
								"up": {"uv": [0, 0], "uv_size": [6, 0]},
								"down": {"uv": [0, 0], "uv_size": [6, 0]}
							}
						},
						{
							"origin": [0, 11, -6],
							"size": [0, 23, 10],
							"uv": {
								"north": {"uv": [0, 105], "uv_size": [10, 23]},
								"east": {"uv": [128, 110], "uv_size": [0, 18]},
								"south": {"uv": [124, 123], "uv_size": [4, 5]},
								"west": {"uv": [10, 105], "uv_size": [10, 23]},
								"up": {"uv": [0, 0], "uv_size": [6, 0]},
								"down": {"uv": [0, 0], "uv_size": [6, 0]}
							}
						},
						{
							"origin": [-11, 11, -6],
							"size": [6, 18, 0],
							"uv": {
								"north": {"uv": [12, 17], "uv_size": [6, 18]},
								"east": {"uv": [0, 0], "uv_size": [0, 18]},
								"south": {"uv": [123, 122], "uv_size": [5, 6]},
								"west": {"uv": [0, 0], "uv_size": [0, 18]},
								"up": {"uv": [0, 0], "uv_size": [6, 0]},
								"down": {"uv": [0, 0], "uv_size": [6, 0]}
							}
						},
						{
							"origin": [-15, 20, -4],
							"size": [10, 9, 0],
							"uv": {
								"north": {"uv": [36, 0], "uv_size": [10, 9]},
								"east": {"uv": [0, 0], "uv_size": [0, 9]},
								"south": {"uv": [118, 119], "uv_size": [10, 9]},
								"west": {"uv": [0, 0], "uv_size": [0, 9]},
								"up": {"uv": [0, 0], "uv_size": [10, 0]},
								"down": {"uv": [0, 0], "uv_size": [10, 0]}
							}
						}
					]
				},
				{
					"name": "lowerjaw",
					"parent": "head",
					"pivot": [0, 20, -1],
					"rotation": [22.5, 0, 0],
					"cubes": [
						{
							"origin": [-5, 20, -7],
							"size": [10, 2, 8],
							"uv": {
								"north": {"uv": [67, 53], "uv_size": [10, 2]},
								"east": {"uv": [69, 28], "uv_size": [8, 2]},
								"south": {"uv": [67, 55], "uv_size": [10, 2]},
								"west": {"uv": [69, 30], "uv_size": [8, 2]},
								"up": {"uv": [32, 36], "uv_size": [10, 8]},
								"down": {"uv": [42, 42], "uv_size": [10, -8]}
							}
						},
						{
							"origin": [-4, 22, -6],
							"size": [8, 2, 0],
							"uv": {
								"north": {"uv": [67, 69], "uv_size": [8, 2]},
								"east": {"uv": [0, 0], "uv_size": [0, 2]},
								"south": {"uv": [120, 126], "uv_size": [8, 2]},
								"west": {"uv": [0, 0], "uv_size": [0, 2]},
								"up": {"uv": [0, 0], "uv_size": [8, 0]},
								"down": {"uv": [0, 0], "uv_size": [8, 0]}
							}
						}
					]
				},
				{
					"name": "headband",
					"parent": "head",
					"pivot": [0, 24, 0]
				},
				{
					"name": "dash",
					"parent": "head",
					"pivot": [0, 24, 0],
					"locators": {
						"dash1": [0, 20, 0]
					}
				},
				{
					"name": "dash2",
					"parent": "head",
					"pivot": [0, 24, 0],
					"locators": {
						"dash2": [0, 20, 0]
					}
				},
				{
					"name": "dash3",
					"parent": "head",
					"pivot": [0, 24, 0],
					"locators": {
						"dash3": [0, 20, 0]
					}
				},
				{
					"name": "dash4",
					"parent": "head",
					"pivot": [0, 24, 0],
					"locators": {
						"dash4": [0, 20, 0]
					}
				},
				{
					"name": "dash5",
					"parent": "head",
					"pivot": [0, 24, 0],
					"locators": {
						"dash5": [0, 20, 0]
					}
				},
				{
					"name": "headparticle",
					"parent": "head",
					"pivot": [0, 24, 0],
					"locators": {
						"headparticle": [0, 0, 0]
					}
				},
				{
					"name": "stweyes",
					"parent": "head",
					"pivot": [0, 24, 0]
				},
				{
					"name": "stweyes_left",
					"parent": "stweyes",
					"pivot": [1, 27, -4],
					"locators": {
						"stweyes_left": [-1, 27, -3]
					}
				},
				{
					"name": "stweyes_right",
					"parent": "stweyes",
					"pivot": [4, 27, -4],
					"locators": {
						"stweyes_right": [2, 27, -3]
					}
				},
				{
					"name": "cape",
					"parent": "body",
					"pivot": [0, 24, 3]
				},
				{
					"name": "rightArm",
					"parent": "body",
					"pivot": [-5, 22, 0],
					"cubes": [
						{
							"origin": [-8, 12, -2],
							"size": [4, 12, 4],
							"uv": {
								"north": {"uv": [39, 54], "uv_size": [4, 12]},
								"east": {"uv": [43, 54], "uv_size": [4, 12]},
								"south": {"uv": [47, 55], "uv_size": [4, 12]},
								"west": {"uv": [51, 55], "uv_size": [4, 12]},
								"up": {"uv": [28, 12], "uv_size": [4, 4]},
								"down": {"uv": [58, 16], "uv_size": [4, -4]}
							}
						}
					]
				},
				{
					"name": "rightItem",
					"parent": "rightArm",
					"pivot": [-5.4, 13.8, 1],
					"locators": {
						"lead_hold": [-5.4, 13.8, 1]
					}
				},
				{
					"name": "nichirin",
					"parent": "rightItem",
					"pivot": [-5.4, 13.8, 1]
				},
				{
					"name": "blade",
					"parent": "nichirin",
					"pivot": [-5.4, 13.8, 1]
				},
				{
					"name": "blade2",
					"parent": "blade",
					"pivot": [-5.4, 13.8, 1]
				},
				{
					"name": "hand",
					"parent": "rightArm",
					"pivot": [-5, 12, 0],
					"locators": {
						"hand": [-5, 12, 0]
					}
				},
				{
					"name": "right_armparticle",
					"parent": "rightArm",
					"pivot": [0, 24, 0],
					"locators": {
						"right_armparticle": [0, 0, 0]
					}
				},
				{
					"name": "bone",
					"parent": "rightArm",
					"pivot": [-5, 22, 0]
				},
				{
					"name": "leftArm",
					"parent": "body",
					"pivot": [5, 22, 0],
					"cubes": [
						{
							"origin": [4, 12, -2],
							"size": [4, 12, 4],
							"uv": {
								"north": {"uv": [55, 55], "uv_size": [4, 12]},
								"east": {"uv": [4, 56], "uv_size": [4, 12]},
								"south": {"uv": [58, 41], "uv_size": [4, 12]},
								"west": {"uv": [0, 59], "uv_size": [4, 12]},
								"up": {"uv": [67, 57], "uv_size": [4, 4]},
								"down": {"uv": [67, 65], "uv_size": [4, -4]}
							}
						}
					]
				},
				{
					"name": "leftItem",
					"parent": "leftArm",
					"pivot": [5.4, 13.8, 1],
					"locators": {
						"lead_hold2": [5.4, 13.8, 1]
					}
				},
				{
					"name": "left_armparticle",
					"parent": "leftArm",
					"pivot": [0, 24, 0],
					"locators": {
						"left_armparticle": [0, 0, 0]
					}
				},
				{
					"name": "bodyparticle",
					"parent": "body",
					"pivot": [0, 24, 0],
					"locators": {
						"bodyparticle": [0, 0, 0]
					}
				},
				{
					"name": "leftLeg",
					"parent": "root",
					"pivot": [1.9, 12, 0],
					"cubes": [
						{
							"origin": [0, 0, -2],
							"size": [4, 12, 4],
							"uv": {
								"north": {"uv": [8, 59], "uv_size": [4, 12]},
								"east": {"uv": [12, 59], "uv_size": [4, 12]},
								"south": {"uv": [16, 59], "uv_size": [4, 12]},
								"west": {"uv": [59, 25], "uv_size": [4, 12]},
								"up": {"uv": [63, 67], "uv_size": [4, 4]},
								"down": {"uv": [67, 69], "uv_size": [4, -4]}
							}
						}
					]
				},
				{
					"name": "left_legparticle",
					"parent": "leftLeg",
					"pivot": [0, 24, 0],
					"locators": {
						"left_legparticle": [0, 0, 0]
					}
				},
				{
					"name": "rightLeg",
					"parent": "root",
					"pivot": [-1.9, 12, 0],
					"cubes": [
						{
							"origin": [-4, 0, -2],
							"size": [4, 12, 4],
							"uv": {
								"north": {"uv": [31, 59], "uv_size": [4, 12]},
								"east": {"uv": [35, 59], "uv_size": [4, 12]},
								"south": {"uv": [59, 53], "uv_size": [4, 12]},
								"west": {"uv": [60, 0], "uv_size": [4, 12]},
								"up": {"uv": [4, 68], "uv_size": [4, 4]},
								"down": {"uv": [69, 28], "uv_size": [4, -4]}
							}
						}
					]
				},
				{
					"name": "right_legparticle",
					"parent": "rightLeg",
					"pivot": [0, 24, 0],
					"locators": {
						"right_legparticle": [0, 0, 0]
					}
				},
				{
					"name": "katanaground",
					"parent": "root",
					"pivot": [0, 0, 0],
					"locators": {
						"katanaground": [0, 0, 0]
					}
				},
				{
					"name": "slash",
					"pivot": [0, 24, 0],
					"locators": {
						"slash": [0, 20, 0]
					}
				},
				{
					"name": "place1",
					"parent": "slash",
					"pivot": [0, 24, 0],
					"locators": {
						"place1": [0, 0, 0]
					}
				},
				{
					"name": "place2",
					"parent": "slash",
					"pivot": [0, 24, 0],
					"locators": {
						"place2": [0, 0, 0]
					}
				},
				{
					"name": "place3",
					"parent": "slash",
					"pivot": [0, 24, 0],
					"locators": {
						"place3": [0, 0, 0]
					}
				},
				{
					"name": "place4",
					"parent": "slash",
					"pivot": [0, 24, 0],
					"locators": {
						"place4": [0, 0, 0]
					}
				},
				{
					"name": "place5",
					"parent": "slash",
					"pivot": [0, 24, 0],
					"locators": {
						"place5": [0, 0, 0]
					}
				},
				{
					"name": "flux",
					"pivot": [0, 0, 0]
				},
				{
					"name": "fluxwhite",
					"parent": "flux",
					"pivot": [0, 0, 0]
				},
				{
					"name": "fluxline1",
					"parent": "fluxwhite",
					"pivot": [0, 0, 0],
					"locators": {
						"fluxline1": [0, 0, 0]
					}
				},
				{
					"name": "fluxhead2",
					"parent": "fluxwhite",
					"pivot": [0, 0, 0],
					"locators": {
						"fluxhead2": [0, 0, 0]
					}
				},
				{
					"name": "fluxhead1",
					"parent": "fluxwhite",
					"pivot": [0, 0, 0],
					"locators": {
						"fluxhead1": [0, 0, 0]
					}
				},
				{
					"name": "fluxjaw2",
					"parent": "fluxwhite",
					"pivot": [0, 0, 0],
					"locators": {
						"fluxjaw2": [0, 0, 0]
					}
				},
				{
					"name": "fluxline6",
					"parent": "fluxwhite",
					"pivot": [0, 0, 0],
					"locators": {
						"fluxline6": [0, 0, 0]
					}
				},
				{
					"name": "fluxjaw1",
					"parent": "fluxwhite",
					"pivot": [0, 0, 0],
					"locators": {
						"fluxjaw1": [0, 0, 0]
					}
				},
				{
					"name": "fluxline5",
					"parent": "fluxwhite",
					"pivot": [0, 0, 0],
					"locators": {
						"fluxline5": [0, 0, 0]
					}
				},
				{
					"name": "fluxline4",
					"parent": "fluxwhite",
					"pivot": [0, 0, 0],
					"locators": {
						"fluxline4": [0, 0, 0]
					}
				},
				{
					"name": "fluxline3",
					"parent": "fluxwhite",
					"pivot": [0, 0, 0],
					"locators": {
						"fluxline3": [0, 0, 0]
					}
				},
				{
					"name": "fluxline2",
					"parent": "fluxwhite",
					"pivot": [0, 0, 0],
					"locators": {
						"fluxline2": [0, 0, 0]
					}
				},
				{
					"name": "blue",
					"parent": "flux",
					"pivot": [0, 0, 0]
				},
				{
					"name": "blueline1",
					"parent": "blue",
					"pivot": [0, 0, 0],
					"locators": {
						"blueline1": [0, 0, 0]
					}
				},
				{
					"name": "blueline2",
					"parent": "blue",
					"pivot": [0, 0, 0],
					"locators": {
						"blueline2": [0, 0, 0]
					}
				},
				{
					"name": "blueline3",
					"parent": "blue",
					"pivot": [0, 0, 0],
					"locators": {
						"blueline3": [0, 0, 0]
					}
				},
				{
					"name": "blueline4",
					"parent": "blue",
					"pivot": [0, 0, 0],
					"locators": {
						"blueline4": [0, 0, 0]
					}
				},
				{
					"name": "blueline5",
					"parent": "blue",
					"pivot": [0, 0, 0],
					"locators": {
						"blueline5": [0, 0, 0]
					}
				},
				{
					"name": "blueline6",
					"parent": "blue",
					"pivot": [0, 0, 0],
					"locators": {
						"blueline6": [0, 0, 0]
					}
				},
				{
					"name": "blueline7",
					"parent": "blue",
					"pivot": [0, 0, 0],
					"locators": {
						"blueline7": [0, 0, 0]
					}
				},
				{
					"name": "blueline8",
					"parent": "blue",
					"pivot": [0, 0, 0],
					"locators": {
						"blueline8": [0, 0, 0]
					}
				},
				{
					"name": "blueline9",
					"parent": "blue",
					"pivot": [0, 0, 0],
					"locators": {
						"blueline9": [0, 0, 0]
					}
				},
				{
					"name": "blueline10",
					"parent": "blue",
					"pivot": [0, 0, 0],
					"locators": {
						"blueline10": [0, 0, 0]
					}
				},
				{
					"name": "blueline11",
					"parent": "blue",
					"pivot": [0, 0, 0],
					"locators": {
						"blueline11": [0, 0, 0]
					}
				},
				{
					"name": "blueline12",
					"parent": "blue",
					"pivot": [0, 0, 0],
					"locators": {
						"blueline12": [0, 0, 0]
					}
				},
				{
					"name": "eye",
					"parent": "flux",
					"pivot": [0, 0, 0],
					"locators": {
						"fluxeye": [-0.4, 10.1, 0]
					}
				},
				{
					"name": "slash2",
					"pivot": [0, 24, 0],
					"locators": {
						"slash2": [0, 20, 0]
					}
				},
				{
					"name": "place6",
					"parent": "slash2",
					"pivot": [0, 24, 0],
					"locators": {
						"place6": [0, 0, 0]
					}
				},
				{
					"name": "place7",
					"parent": "slash2",
					"pivot": [0, 24, 0],
					"locators": {
						"place7": [0, 0, 0]
					}
				},
				{
					"name": "place8",
					"parent": "slash2",
					"pivot": [0, 24, 0],
					"locators": {
						"place8": [0, 0, 0]
					}
				},
				{
					"name": "place9",
					"parent": "slash2",
					"pivot": [0, 24, 0],
					"locators": {
						"place9": [0, 0, 0]
					}
				},
				{
					"name": "place10",
					"parent": "slash2",
					"pivot": [0, 24, 0],
					"locators": {
						"place10": [0, 0, 0]
					}
				},
				{
					"name": "slash3",
					"pivot": [0, 24, 0],
					"locators": {
						"slash3": [0, 20, 0]
					}
				},
				{
					"name": "place11",
					"parent": "slash3",
					"pivot": [0, 24, 0],
					"locators": {
						"place11": [0, 0, 0]
					}
				},
				{
					"name": "place12",
					"parent": "slash3",
					"pivot": [0, 24, 0],
					"locators": {
						"place12": [0, 0, 0]
					}
				},
				{
					"name": "place13",
					"parent": "slash3",
					"pivot": [0, 24, 0],
					"locators": {
						"place13": [0, 0, 0]
					}
				},
				{
					"name": "place14",
					"parent": "slash3",
					"pivot": [0, 24, 0],
					"locators": {
						"place14": [0, 0, 0]
					}
				},
				{
					"name": "place15",
					"parent": "slash3",
					"pivot": [0, 24, 0],
					"locators": {
						"place15": [0, 0, 0]
					}
				},
				{
					"name": "slash4",
					"pivot": [0, 24, 0],
					"locators": {
						"slash4": [0, 20, 0]
					}
				},
				{
					"name": "place16",
					"parent": "slash4",
					"pivot": [0, 24, 0],
					"locators": {
						"place16": [0, 0, 0]
					}
				},
				{
					"name": "place17",
					"parent": "slash4",
					"pivot": [0, 24, 0],
					"locators": {
						"place17": [0, 0, 0]
					}
				},
				{
					"name": "place18",
					"parent": "slash4",
					"pivot": [0, 24, 0],
					"locators": {
						"place18": [0, 0, 0]
					}
				},
				{
					"name": "place19",
					"parent": "slash4",
					"pivot": [0, 24, 0],
					"locators": {
						"place19": [0, 0, 0]
					}
				},
				{
					"name": "place20",
					"parent": "slash4",
					"pivot": [0, 24, 0],
					"locators": {
						"place20": [0, 0, 0]
					}
				},
				{
					"name": "slash5",
					"pivot": [0, 24, 0],
					"locators": {
						"slash5": [0, 20, 0]
					}
				},
				{
					"name": "place21",
					"parent": "slash5",
					"pivot": [0, 24, 0],
					"locators": {
						"place21": [0, 0, 0]
					}
				},
				{
					"name": "place22",
					"parent": "slash5",
					"pivot": [0, 24, 0],
					"locators": {
						"place22": [0, 0, 0]
					}
				},
				{
					"name": "place23",
					"parent": "slash5",
					"pivot": [0, 24, 0],
					"locators": {
						"place23": [0, 0, 0]
					}
				},
				{
					"name": "place24",
					"parent": "slash5",
					"pivot": [0, 24, 0],
					"locators": {
						"place24": [0, 0, 0]
					}
				},
				{
					"name": "place25",
					"parent": "slash5",
					"pivot": [0, 24, 0],
					"locators": {
						"place25": [0, 0, 0]
					}
				},
				{
					"name": "slash6",
					"pivot": [0, 24, 0],
					"locators": {
						"slash6": [0, 20, 0]
					}
				},
				{
					"name": "place26",
					"parent": "slash6",
					"pivot": [0, 24, 0],
					"locators": {
						"place26": [0, 0, 0]
					}
				},
				{
					"name": "place27",
					"parent": "slash6",
					"pivot": [0, 24, 0],
					"locators": {
						"place27": [0, 0, 0]
					}
				},
				{
					"name": "place28",
					"parent": "slash6",
					"pivot": [0, 24, 0],
					"locators": {
						"place28": [0, 0, 0]
					}
				},
				{
					"name": "place29",
					"parent": "slash6",
					"pivot": [0, 24, 0],
					"locators": {
						"place29": [0, 0, 0]
					}
				},
				{
					"name": "place30",
					"parent": "slash6",
					"pivot": [0, 24, 0],
					"locators": {
						"place30": [0, 0, 0]
					}
				},
				{
					"name": "slash7",
					"pivot": [0, 24, 0],
					"locators": {
						"slash7": [0, 20, 0]
					}
				},
				{
					"name": "place31",
					"parent": "slash7",
					"pivot": [0, 24, 0],
					"locators": {
						"place31": [0, 0, 0]
					}
				},
				{
					"name": "place32",
					"parent": "slash7",
					"pivot": [0, 24, 0],
					"locators": {
						"place32": [0, 0, 0]
					}
				},
				{
					"name": "place33",
					"parent": "slash7",
					"pivot": [0, 24, 0],
					"locators": {
						"place33": [0, 0, 0]
					}
				},
				{
					"name": "place34",
					"parent": "slash7",
					"pivot": [0, 24, 0],
					"locators": {
						"place34": [0, 0, 0]
					}
				},
				{
					"name": "place35",
					"parent": "slash7",
					"pivot": [0, 24, 0],
					"locators": {
						"place35": [0, 0, 0]
					}
				},
				{
					"name": "slash8",
					"pivot": [0, 24, 0],
					"locators": {
						"slash8": [0, 20, 0]
					}
				},
				{
					"name": "place36",
					"parent": "slash8",
					"pivot": [0, 24, 0],
					"locators": {
						"place36": [0, 0, 0]
					}
				},
				{
					"name": "place37",
					"parent": "slash8",
					"pivot": [0, 24, 0],
					"locators": {
						"place37": [0, 0, 0]
					}
				},
				{
					"name": "place38",
					"parent": "slash8",
					"pivot": [0, 24, 0],
					"locators": {
						"place38": [0, 0, 0]
					}
				},
				{
					"name": "place39",
					"parent": "slash8",
					"pivot": [0, 24, 0],
					"locators": {
						"place39": [0, 0, 0]
					}
				},
				{
					"name": "place40",
					"parent": "slash8",
					"pivot": [0, 24, 0],
					"locators": {
						"place40": [0, 0, 0]
					}
				},
				{
					"name": "slash9",
					"pivot": [0, 24, 0],
					"locators": {
						"slash9": [0, 20, 0]
					}
				},
				{
					"name": "place41",
					"parent": "slash9",
					"pivot": [0, 24, 0],
					"locators": {
						"place41": [0, 0, 0]
					}
				},
				{
					"name": "place42",
					"parent": "slash9",
					"pivot": [0, 24, 0],
					"locators": {
						"place42": [0, 0, 0]
					}
				},
				{
					"name": "place43",
					"parent": "slash9",
					"pivot": [0, 24, 0],
					"locators": {
						"place43": [0, 0, 0]
					}
				},
				{
					"name": "place44",
					"parent": "slash9",
					"pivot": [0, 24, 0],
					"locators": {
						"place44": [0, 0, 0]
					}
				},
				{
					"name": "place45",
					"parent": "slash9",
					"pivot": [0, 24, 0],
					"locators": {
						"place45": [0, 0, 0]
					}
				},
				{
					"name": "slash10",
					"pivot": [0, 24, 0],
					"locators": {
						"slash10": [0, 20, 0]
					}
				},
				{
					"name": "place46",
					"parent": "slash10",
					"pivot": [0, 24, 0],
					"locators": {
						"place46": [0, 0, 0]
					}
				},
				{
					"name": "place47",
					"parent": "slash10",
					"pivot": [0, 24, 0],
					"locators": {
						"place47": [0, 0, 0]
					}
				},
				{
					"name": "place48",
					"parent": "slash10",
					"pivot": [0, 24, 0],
					"locators": {
						"place48": [0, 0, 0]
					}
				},
				{
					"name": "place49",
					"parent": "slash10",
					"pivot": [0, 24, 0],
					"locators": {
						"place49": [0, 0, 0]
					}
				},
				{
					"name": "place50",
					"parent": "slash10",
					"pivot": [0, 24, 0],
					"locators": {
						"place50": [0, 0, 0]
					}
				},
				{
					"name": "throwable1",
					"pivot": [0, 0, 0]
				},
				{
					"name": "throwable2",
					"pivot": [0, 0, 0]
				},
				{
					"name": "throwable3",
					"pivot": [0, 0, 0]
				},
				{
					"name": "throwable4",
					"pivot": [0, 0, 0]
				},
				{
					"name": "throwable5",
					"pivot": [0, 0, 0]
				},
				{
					"name": "throwable6",
					"pivot": [0, 0, 0]
				},
				{
					"name": "throwable7",
					"pivot": [0, 0, 0]
				},
				{
					"name": "throwable8",
					"pivot": [0, 0, 0]
				},
				{
					"name": "throwable9",
					"pivot": [0, 0, 0]
				},
				{
					"name": "throwable10",
					"pivot": [0, 0, 0]
				}
			]
		}
	]
}