{
	"format_version": "1.12.0",
	"minecraft:geometry": [
		{
			"description": {
				"identifier": "geometry.kanabo",
				"texture_width": 64,
				"texture_height": 64,
				"visible_bounds_width": 3,
				"visible_bounds_height": 1.5,
				"visible_bounds_offset": [0, 0.25, 0]
			},
			"bones": [
				{
					"name": "kanabo",
					"pivot": [0, 0, 0],
					"cubes": [
						{
							"origin": [-2.5, -1.5, -10],
							"size": [4, 4, 9],
							"uv": {
								"north": {"uv": [9, 23], "uv_size": [4, 4]},
								"east": {"uv": [0, 23], "uv_size": [9, 4]},
								"south": {"uv": [22, 23], "uv_size": [4, 4]},
								"west": {"uv": [9, 23], "uv_size": [-9, 4]},
								"up": {"uv": [9, 14], "uv_size": [4, 9]},
								"down": {"uv": [9, 23], "uv_size": [4, -9]}
							}
						},
						{
							"origin": [-3, -2, -19],
							"size": [5, 5, 9],
							"uv": {
								"north": {"uv": [9, 9], "uv_size": [5, 5]},
								"east": {"uv": [0, 9], "uv_size": [9, 5]},
								"south": {"uv": [23, 9], "uv_size": [5, 5]},
								"west": {"uv": [9, 9], "uv_size": [-9, 5]},
								"up": {"uv": [9, 0], "uv_size": [5, 9]},
								"down": {"uv": [9, 9], "uv_size": [5, -9]}
							}
						},
						{
							"origin": [-1, 0, -1],
							"size": [1, 1, 11],
							"uv": {
								"north": {"uv": [26, 27], "uv_size": [1, 1]},
								"east": {"uv": [15, 27], "uv_size": [11, 1]},
								"south": {"uv": [38, 27], "uv_size": [1, 1]},
								"west": {"uv": [27, 27], "uv_size": [11, 1]},
								"up": {"uv": [26, 16], "uv_size": [1, 11]},
								"down": {"uv": [27, 27], "uv_size": [1, -11]}
							}
						},
						{
							"origin": [-1.5, -0.5, 9],
							"size": [2, 2, 2],
							"uv": {
								"north": {"uv": [2, 2], "uv_size": [2, 2]},
								"east": {"uv": [0, 2], "uv_size": [2, 2]},
								"south": {"uv": [6, 2], "uv_size": [2, 2]},
								"west": {"uv": [4, 2], "uv_size": [2, 2]},
								"up": {"uv": [2, 0], "uv_size": [2, 2]},
								"down": {"uv": [4, 2], "uv_size": [2, -2]}
							}
						},
						{
							"origin": [-0.5, -1.5, 10],
							"size": [0, 4, 4],
							"uv": {
								"north": {"uv": [4, 4], "uv_size": [0, 4]},
								"east": {"uv": [0, 4], "uv_size": [4, 4]},
								"south": {"uv": [8, 4], "uv_size": [0, 4]},
								"west": {"uv": [4, 4], "uv_size": [-4, 4]},
								"up": {"uv": [4, 0], "uv_size": [0, 4]},
								"down": {"uv": [4, 4], "uv_size": [0, -4]}
							}
						}
					]
				},
				{
					"name": "bone9",
					"parent": "kanabo",
					"pivot": [0, 0, 0]
				},
				{
					"name": "smallring1",
					"parent": "bone9",
					"pivot": [-1.5, 1, 9],
					"rotation": [0, 0, -180],
					"cubes": [
						{
							"origin": [-5.5, 1, -3],
							"size": [1, 1, 1],
							"uv": {
								"north": {"uv": [5, 17], "uv_size": [1, 1]},
								"east": {"uv": [4, 17], "uv_size": [1, 1]},
								"south": {"uv": [7, 17], "uv_size": [1, 1]},
								"west": {"uv": [6, 17], "uv_size": [1, 1]},
								"up": {"uv": [5, 16], "uv_size": [1, 1]},
								"down": {"uv": [6, 17], "uv_size": [1, -1]}
							}
						},
						{
							"origin": [-5.5, 1, -5],
							"size": [1, 1, 1],
							"uv": {
								"north": {"uv": [1, 17], "uv_size": [1, 1]},
								"east": {"uv": [0, 17], "uv_size": [1, 1]},
								"south": {"uv": [3, 17], "uv_size": [1, 1]},
								"west": {"uv": [2, 17], "uv_size": [1, 1]},
								"up": {"uv": [1, 16], "uv_size": [1, 1]},
								"down": {"uv": [2, 17], "uv_size": [1, -1]}
							}
						},
						{
							"origin": [-5.5, 1, -7],
							"size": [1, 1, 1],
							"uv": {
								"north": {"uv": [5, 15], "uv_size": [1, 1]},
								"east": {"uv": [4, 15], "uv_size": [1, 1]},
								"south": {"uv": [7, 15], "uv_size": [1, 1]},
								"west": {"uv": [6, 15], "uv_size": [1, 1]},
								"up": {"uv": [5, 14], "uv_size": [1, 1]},
								"down": {"uv": [6, 15], "uv_size": [1, -1]}
							}
						},
						{
							"origin": [-5.5, 1, -9],
							"size": [1, 1, 1],
							"uv": {
								"north": {"uv": [1, 15], "uv_size": [1, 1]},
								"east": {"uv": [0, 15], "uv_size": [1, 1]},
								"south": {"uv": [3, 15], "uv_size": [1, 1]},
								"west": {"uv": [2, 15], "uv_size": [1, 1]},
								"up": {"uv": [1, 14], "uv_size": [1, 1]},
								"down": {"uv": [2, 15], "uv_size": [1, -1]}
							}
						},
						{
							"origin": [0, -4, -3.3],
							"size": [5, 5, 1.6],
							"pivot": [0, 0, 0],
							"rotation": [0, 0, -180],
							"uv": {
								"north": {"uv": [15, 29], "uv_size": [5, 5]},
								"east": {"uv": [14, 29], "uv_size": [1, 5]},
								"south": {"uv": [21, 29], "uv_size": [5, 5]},
								"west": {"uv": [20, 29], "uv_size": [1, 5]},
								"up": {"uv": [15, 28], "uv_size": [5, 1]},
								"down": {"uv": [20, 29], "uv_size": [5, -1]}
							}
						},
						{
							"origin": [-3, 3.5, -3],
							"size": [1, 1, 1],
							"uv": {
								"north": {"uv": [21, 20], "uv_size": [1, 1]},
								"east": {"uv": [20, 20], "uv_size": [1, 1]},
								"south": {"uv": [23, 20], "uv_size": [1, 1]},
								"west": {"uv": [22, 20], "uv_size": [1, 1]},
								"up": {"uv": [21, 19], "uv_size": [1, 1]},
								"down": {"uv": [22, 20], "uv_size": [1, -1]}
							}
						},
						{
							"origin": [-3, -1.6, -3],
							"size": [1, 1, 1],
							"uv": {
								"north": {"uv": [5, 19], "uv_size": [1, 1]},
								"east": {"uv": [4, 19], "uv_size": [1, 1]},
								"south": {"uv": [7, 19], "uv_size": [1, 1]},
								"west": {"uv": [6, 19], "uv_size": [1, 1]},
								"up": {"uv": [5, 18], "uv_size": [1, 1]},
								"down": {"uv": [6, 19], "uv_size": [1, -1]}
							}
						},
						{
							"origin": [-0.5, 0.9, -3],
							"size": [1, 1, 1],
							"uv": {
								"north": {"uv": [5, 21], "uv_size": [1, 1]},
								"east": {"uv": [4, 21], "uv_size": [1, 1]},
								"south": {"uv": [7, 21], "uv_size": [1, 1]},
								"west": {"uv": [6, 21], "uv_size": [1, 1]},
								"up": {"uv": [5, 20], "uv_size": [1, 1]},
								"down": {"uv": [6, 21], "uv_size": [1, -1]}
							}
						}
					]
				},
				{
					"name": "bigring1",
					"parent": "bone9",
					"pivot": [-1.5, 1, 0],
					"rotation": [0, 0, -180],
					"cubes": [
						{
							"origin": [-6, 1, -12],
							"size": [1, 1, 1],
							"uv": {
								"north": {"uv": [5, 17], "uv_size": [1, 1]},
								"east": {"uv": [4, 17], "uv_size": [1, 1]},
								"south": {"uv": [7, 17], "uv_size": [1, 1]},
								"west": {"uv": [6, 17], "uv_size": [1, 1]},
								"up": {"uv": [5, 16], "uv_size": [1, 1]},
								"down": {"uv": [6, 17], "uv_size": [1, -1]}
							}
						},
						{
							"origin": [-0.5, -4.5, -12.3],
							"size": [6, 6, 1.6],
							"pivot": [0, 0, -9],
							"rotation": [0, 0, -180],
							"uv": {
								"north": {"uv": [15, 29], "uv_size": [5, 5]},
								"east": {"uv": [14, 29], "uv_size": [1, 5]},
								"south": {"uv": [21, 29], "uv_size": [5, 5]},
								"west": {"uv": [20, 29], "uv_size": [1, 5]},
								"up": {"uv": [15, 28], "uv_size": [5, 1]},
								"down": {"uv": [20, 29], "uv_size": [5, -1]}
							}
						},
						{
							"origin": [-3, 4, -12],
							"size": [1, 1, 1],
							"uv": {
								"north": {"uv": [21, 20], "uv_size": [1, 1]},
								"east": {"uv": [20, 20], "uv_size": [1, 1]},
								"south": {"uv": [23, 20], "uv_size": [1, 1]},
								"west": {"uv": [22, 20], "uv_size": [1, 1]},
								"up": {"uv": [21, 19], "uv_size": [1, 1]},
								"down": {"uv": [22, 20], "uv_size": [1, -1]}
							}
						},
						{
							"origin": [-3, -2, -12],
							"size": [1, 1, 1],
							"uv": {
								"north": {"uv": [5, 19], "uv_size": [1, 1]},
								"east": {"uv": [4, 19], "uv_size": [1, 1]},
								"south": {"uv": [7, 19], "uv_size": [1, 1]},
								"west": {"uv": [6, 19], "uv_size": [1, 1]},
								"up": {"uv": [5, 18], "uv_size": [1, 1]},
								"down": {"uv": [6, 19], "uv_size": [1, -1]}
							}
						},
						{
							"origin": [0, 0.9, -12],
							"size": [1, 1, 1],
							"uv": {
								"north": {"uv": [5, 21], "uv_size": [1, 1]},
								"east": {"uv": [4, 21], "uv_size": [1, 1]},
								"south": {"uv": [7, 21], "uv_size": [1, 1]},
								"west": {"uv": [6, 21], "uv_size": [1, 1]},
								"up": {"uv": [5, 20], "uv_size": [1, 1]},
								"down": {"uv": [6, 21], "uv_size": [1, -1]}
							}
						}
					]
				},
				{
					"name": "bigring2",
					"parent": "bone9",
					"pivot": [-1.5, 1, -2],
					"rotation": [0, 0, -180],
					"cubes": [
						{
							"origin": [-6, 1, -14],
							"size": [1, 1, 1],
							"uv": {
								"north": {"uv": [5, 17], "uv_size": [1, 1]},
								"east": {"uv": [4, 17], "uv_size": [1, 1]},
								"south": {"uv": [7, 17], "uv_size": [1, 1]},
								"west": {"uv": [6, 17], "uv_size": [1, 1]},
								"up": {"uv": [5, 16], "uv_size": [1, 1]},
								"down": {"uv": [6, 17], "uv_size": [1, -1]}
							}
						},
						{
							"origin": [-0.5, -4.5, -14.3],
							"size": [6, 6, 1.6],
							"pivot": [0, 0, -11],
							"rotation": [0, 0, -180],
							"uv": {
								"north": {"uv": [15, 29], "uv_size": [5, 5]},
								"east": {"uv": [14, 29], "uv_size": [1, 5]},
								"south": {"uv": [21, 29], "uv_size": [5, 5]},
								"west": {"uv": [20, 29], "uv_size": [1, 5]},
								"up": {"uv": [15, 28], "uv_size": [5, 1]},
								"down": {"uv": [20, 29], "uv_size": [5, -1]}
							}
						},
						{
							"origin": [-3, 4, -14],
							"size": [1, 1, 1],
							"uv": {
								"north": {"uv": [21, 20], "uv_size": [1, 1]},
								"east": {"uv": [20, 20], "uv_size": [1, 1]},
								"south": {"uv": [23, 20], "uv_size": [1, 1]},
								"west": {"uv": [22, 20], "uv_size": [1, 1]},
								"up": {"uv": [21, 19], "uv_size": [1, 1]},
								"down": {"uv": [22, 20], "uv_size": [1, -1]}
							}
						},
						{
							"origin": [-3, -2, -14],
							"size": [1, 1, 1],
							"uv": {
								"north": {"uv": [5, 19], "uv_size": [1, 1]},
								"east": {"uv": [4, 19], "uv_size": [1, 1]},
								"south": {"uv": [7, 19], "uv_size": [1, 1]},
								"west": {"uv": [6, 19], "uv_size": [1, 1]},
								"up": {"uv": [5, 18], "uv_size": [1, 1]},
								"down": {"uv": [6, 19], "uv_size": [1, -1]}
							}
						},
						{
							"origin": [0, 0.9, -14],
							"size": [1, 1, 1],
							"uv": {
								"north": {"uv": [5, 21], "uv_size": [1, 1]},
								"east": {"uv": [4, 21], "uv_size": [1, 1]},
								"south": {"uv": [7, 21], "uv_size": [1, 1]},
								"west": {"uv": [6, 21], "uv_size": [1, 1]},
								"up": {"uv": [5, 20], "uv_size": [1, 1]},
								"down": {"uv": [6, 21], "uv_size": [1, -1]}
							}
						}
					]
				},
				{
					"name": "bigring3",
					"parent": "bone9",
					"pivot": [-1.5, 1, -4],
					"rotation": [0, 0, -180],
					"cubes": [
						{
							"origin": [-6, 1, -16],
							"size": [1, 1, 1],
							"uv": {
								"north": {"uv": [5, 17], "uv_size": [1, 1]},
								"east": {"uv": [4, 17], "uv_size": [1, 1]},
								"south": {"uv": [7, 17], "uv_size": [1, 1]},
								"west": {"uv": [6, 17], "uv_size": [1, 1]},
								"up": {"uv": [5, 16], "uv_size": [1, 1]},
								"down": {"uv": [6, 17], "uv_size": [1, -1]}
							}
						},
						{
							"origin": [-0.5, -4.5, -16.3],
							"size": [6, 6, 1.6],
							"pivot": [0, 0, -13],
							"rotation": [0, 0, -180],
							"uv": {
								"north": {"uv": [15, 29], "uv_size": [5, 5]},
								"east": {"uv": [14, 29], "uv_size": [1, 5]},
								"south": {"uv": [21, 29], "uv_size": [5, 5]},
								"west": {"uv": [20, 29], "uv_size": [1, 5]},
								"up": {"uv": [15, 28], "uv_size": [5, 1]},
								"down": {"uv": [20, 29], "uv_size": [5, -1]}
							}
						},
						{
							"origin": [-3, 4, -16],
							"size": [1, 1, 1],
							"uv": {
								"north": {"uv": [21, 20], "uv_size": [1, 1]},
								"east": {"uv": [20, 20], "uv_size": [1, 1]},
								"south": {"uv": [23, 20], "uv_size": [1, 1]},
								"west": {"uv": [22, 20], "uv_size": [1, 1]},
								"up": {"uv": [21, 19], "uv_size": [1, 1]},
								"down": {"uv": [22, 20], "uv_size": [1, -1]}
							}
						},
						{
							"origin": [-3, -2, -16],
							"size": [1, 1, 1],
							"uv": {
								"north": {"uv": [5, 19], "uv_size": [1, 1]},
								"east": {"uv": [4, 19], "uv_size": [1, 1]},
								"south": {"uv": [7, 19], "uv_size": [1, 1]},
								"west": {"uv": [6, 19], "uv_size": [1, 1]},
								"up": {"uv": [5, 18], "uv_size": [1, 1]},
								"down": {"uv": [6, 19], "uv_size": [1, -1]}
							}
						},
						{
							"origin": [0, 0.9, -16],
							"size": [1, 1, 1],
							"uv": {
								"north": {"uv": [5, 21], "uv_size": [1, 1]},
								"east": {"uv": [4, 21], "uv_size": [1, 1]},
								"south": {"uv": [7, 21], "uv_size": [1, 1]},
								"west": {"uv": [6, 21], "uv_size": [1, 1]},
								"up": {"uv": [5, 20], "uv_size": [1, 1]},
								"down": {"uv": [6, 21], "uv_size": [1, -1]}
							}
						}
					]
				},
				{
					"name": "bigring4",
					"parent": "bone9",
					"pivot": [-1.5, 1, -6],
					"rotation": [0, 0, -180],
					"cubes": [
						{
							"origin": [-6, 1, -18],
							"size": [1, 1, 1],
							"uv": {
								"north": {"uv": [5, 17], "uv_size": [1, 1]},
								"east": {"uv": [4, 17], "uv_size": [1, 1]},
								"south": {"uv": [7, 17], "uv_size": [1, 1]},
								"west": {"uv": [6, 17], "uv_size": [1, 1]},
								"up": {"uv": [5, 16], "uv_size": [1, 1]},
								"down": {"uv": [6, 17], "uv_size": [1, -1]}
							}
						},
						{
							"origin": [-0.5, -4.5, -18.3],
							"size": [6, 6, 1.6],
							"pivot": [0, 0, -15],
							"rotation": [0, 0, -180],
							"uv": {
								"north": {"uv": [15, 29], "uv_size": [5, 5]},
								"east": {"uv": [14, 29], "uv_size": [1, 5]},
								"south": {"uv": [21, 29], "uv_size": [5, 5]},
								"west": {"uv": [20, 29], "uv_size": [1, 5]},
								"up": {"uv": [15, 28], "uv_size": [5, 1]},
								"down": {"uv": [20, 29], "uv_size": [5, -1]}
							}
						},
						{
							"origin": [-3, 4, -18],
							"size": [1, 1, 1],
							"uv": {
								"north": {"uv": [21, 20], "uv_size": [1, 1]},
								"east": {"uv": [20, 20], "uv_size": [1, 1]},
								"south": {"uv": [23, 20], "uv_size": [1, 1]},
								"west": {"uv": [22, 20], "uv_size": [1, 1]},
								"up": {"uv": [21, 19], "uv_size": [1, 1]},
								"down": {"uv": [22, 20], "uv_size": [1, -1]}
							}
						},
						{
							"origin": [-3, -2, -18],
							"size": [1, 1, 1],
							"uv": {
								"north": {"uv": [5, 19], "uv_size": [1, 1]},
								"east": {"uv": [4, 19], "uv_size": [1, 1]},
								"south": {"uv": [7, 19], "uv_size": [1, 1]},
								"west": {"uv": [6, 19], "uv_size": [1, 1]},
								"up": {"uv": [5, 18], "uv_size": [1, 1]},
								"down": {"uv": [6, 19], "uv_size": [1, -1]}
							}
						},
						{
							"origin": [0, 0.9, -18],
							"size": [1, 1, 1],
							"uv": {
								"north": {"uv": [5, 21], "uv_size": [1, 1]},
								"east": {"uv": [4, 21], "uv_size": [1, 1]},
								"south": {"uv": [7, 21], "uv_size": [1, 1]},
								"west": {"uv": [6, 21], "uv_size": [1, 1]},
								"up": {"uv": [5, 20], "uv_size": [1, 1]},
								"down": {"uv": [6, 21], "uv_size": [1, -1]}
							}
						}
					]
				},
				{
					"name": "smallring2",
					"parent": "bone9",
					"pivot": [-1.5, 1, 7],
					"rotation": [0, 0, -180],
					"cubes": [
						{
							"origin": [-5.5, 1, -5],
							"size": [1, 1, 1],
							"uv": {
								"north": {"uv": [5, 17], "uv_size": [1, 1]},
								"east": {"uv": [4, 17], "uv_size": [1, 1]},
								"south": {"uv": [7, 17], "uv_size": [1, 1]},
								"west": {"uv": [6, 17], "uv_size": [1, 1]},
								"up": {"uv": [5, 16], "uv_size": [1, 1]},
								"down": {"uv": [6, 17], "uv_size": [1, -1]}
							}
						},
						{
							"origin": [-5.5, 1, -7],
							"size": [1, 1, 1],
							"uv": {
								"north": {"uv": [1, 17], "uv_size": [1, 1]},
								"east": {"uv": [0, 17], "uv_size": [1, 1]},
								"south": {"uv": [3, 17], "uv_size": [1, 1]},
								"west": {"uv": [2, 17], "uv_size": [1, 1]},
								"up": {"uv": [1, 16], "uv_size": [1, 1]},
								"down": {"uv": [2, 17], "uv_size": [1, -1]}
							}
						},
						{
							"origin": [-5.5, 1, -9],
							"size": [1, 1, 1],
							"uv": {
								"north": {"uv": [5, 15], "uv_size": [1, 1]},
								"east": {"uv": [4, 15], "uv_size": [1, 1]},
								"south": {"uv": [7, 15], "uv_size": [1, 1]},
								"west": {"uv": [6, 15], "uv_size": [1, 1]},
								"up": {"uv": [5, 14], "uv_size": [1, 1]},
								"down": {"uv": [6, 15], "uv_size": [1, -1]}
							}
						},
						{
							"origin": [0, -4, -5.3],
							"size": [5, 5, 1.6],
							"pivot": [0, 0, -2],
							"rotation": [0, 0, -180],
							"uv": {
								"north": {"uv": [15, 29], "uv_size": [5, 5]},
								"east": {"uv": [14, 29], "uv_size": [1, 5]},
								"south": {"uv": [21, 29], "uv_size": [5, 5]},
								"west": {"uv": [20, 29], "uv_size": [1, 5]},
								"up": {"uv": [15, 28], "uv_size": [5, 1]},
								"down": {"uv": [20, 29], "uv_size": [5, -1]}
							}
						},
						{
							"origin": [-3, 3.5, -5],
							"size": [1, 1, 1],
							"uv": {
								"north": {"uv": [21, 20], "uv_size": [1, 1]},
								"east": {"uv": [20, 20], "uv_size": [1, 1]},
								"south": {"uv": [23, 20], "uv_size": [1, 1]},
								"west": {"uv": [22, 20], "uv_size": [1, 1]},
								"up": {"uv": [21, 19], "uv_size": [1, 1]},
								"down": {"uv": [22, 20], "uv_size": [1, -1]}
							}
						},
						{
							"origin": [-3, -1.6, -5],
							"size": [1, 1, 1],
							"uv": {
								"north": {"uv": [5, 19], "uv_size": [1, 1]},
								"east": {"uv": [4, 19], "uv_size": [1, 1]},
								"south": {"uv": [7, 19], "uv_size": [1, 1]},
								"west": {"uv": [6, 19], "uv_size": [1, 1]},
								"up": {"uv": [5, 18], "uv_size": [1, 1]},
								"down": {"uv": [6, 19], "uv_size": [1, -1]}
							}
						},
						{
							"origin": [-0.5, 0.9, -5],
							"size": [1, 1, 1],
							"uv": {
								"north": {"uv": [5, 21], "uv_size": [1, 1]},
								"east": {"uv": [4, 21], "uv_size": [1, 1]},
								"south": {"uv": [7, 21], "uv_size": [1, 1]},
								"west": {"uv": [6, 21], "uv_size": [1, 1]},
								"up": {"uv": [5, 20], "uv_size": [1, 1]},
								"down": {"uv": [6, 21], "uv_size": [1, -1]}
							}
						}
					]
				},
				{
					"name": "smallring3",
					"parent": "bone9",
					"pivot": [-1.5, 1, 5],
					"rotation": [0, 0, -180],
					"cubes": [
						{
							"origin": [-5.5, 1, -7],
							"size": [1, 1, 1],
							"uv": {
								"north": {"uv": [5, 17], "uv_size": [1, 1]},
								"east": {"uv": [4, 17], "uv_size": [1, 1]},
								"south": {"uv": [7, 17], "uv_size": [1, 1]},
								"west": {"uv": [6, 17], "uv_size": [1, 1]},
								"up": {"uv": [5, 16], "uv_size": [1, 1]},
								"down": {"uv": [6, 17], "uv_size": [1, -1]}
							}
						},
						{
							"origin": [-5.5, 1, -9],
							"size": [1, 1, 1],
							"uv": {
								"north": {"uv": [1, 17], "uv_size": [1, 1]},
								"east": {"uv": [0, 17], "uv_size": [1, 1]},
								"south": {"uv": [3, 17], "uv_size": [1, 1]},
								"west": {"uv": [2, 17], "uv_size": [1, 1]},
								"up": {"uv": [1, 16], "uv_size": [1, 1]},
								"down": {"uv": [2, 17], "uv_size": [1, -1]}
							}
						},
						{
							"origin": [0, -4, -7.3],
							"size": [5, 5, 1.6],
							"pivot": [0, 0, -4],
							"rotation": [0, 0, -180],
							"uv": {
								"north": {"uv": [15, 29], "uv_size": [5, 5]},
								"east": {"uv": [14, 29], "uv_size": [1, 5]},
								"south": {"uv": [21, 29], "uv_size": [5, 5]},
								"west": {"uv": [20, 29], "uv_size": [1, 5]},
								"up": {"uv": [15, 28], "uv_size": [5, 1]},
								"down": {"uv": [20, 29], "uv_size": [5, -1]}
							}
						},
						{
							"origin": [-3, 3.5, -7],
							"size": [1, 1, 1],
							"uv": {
								"north": {"uv": [21, 20], "uv_size": [1, 1]},
								"east": {"uv": [20, 20], "uv_size": [1, 1]},
								"south": {"uv": [23, 20], "uv_size": [1, 1]},
								"west": {"uv": [22, 20], "uv_size": [1, 1]},
								"up": {"uv": [21, 19], "uv_size": [1, 1]},
								"down": {"uv": [22, 20], "uv_size": [1, -1]}
							}
						},
						{
							"origin": [-3, -1.6, -7],
							"size": [1, 1, 1],
							"uv": {
								"north": {"uv": [5, 19], "uv_size": [1, 1]},
								"east": {"uv": [4, 19], "uv_size": [1, 1]},
								"south": {"uv": [7, 19], "uv_size": [1, 1]},
								"west": {"uv": [6, 19], "uv_size": [1, 1]},
								"up": {"uv": [5, 18], "uv_size": [1, 1]},
								"down": {"uv": [6, 19], "uv_size": [1, -1]}
							}
						},
						{
							"origin": [-0.5, 0.9, -7],
							"size": [1, 1, 1],
							"uv": {
								"north": {"uv": [5, 21], "uv_size": [1, 1]},
								"east": {"uv": [4, 21], "uv_size": [1, 1]},
								"south": {"uv": [7, 21], "uv_size": [1, 1]},
								"west": {"uv": [6, 21], "uv_size": [1, 1]},
								"up": {"uv": [5, 20], "uv_size": [1, 1]},
								"down": {"uv": [6, 21], "uv_size": [1, -1]}
							}
						}
					]
				},
				{
					"name": "smallring4",
					"parent": "bone9",
					"pivot": [-1.5, 1, 3],
					"rotation": [0, 0, -180],
					"cubes": [
						{
							"origin": [-5.5, 1, -9],
							"size": [1, 1, 1],
							"uv": {
								"north": {"uv": [5, 17], "uv_size": [1, 1]},
								"east": {"uv": [4, 17], "uv_size": [1, 1]},
								"south": {"uv": [7, 17], "uv_size": [1, 1]},
								"west": {"uv": [6, 17], "uv_size": [1, 1]},
								"up": {"uv": [5, 16], "uv_size": [1, 1]},
								"down": {"uv": [6, 17], "uv_size": [1, -1]}
							}
						},
						{
							"origin": [0, -4, -9.3],
							"size": [5, 5, 1.6],
							"pivot": [0, 0, -6],
							"rotation": [0, 0, -180],
							"uv": {
								"north": {"uv": [15, 29], "uv_size": [5, 5]},
								"east": {"uv": [14, 29], "uv_size": [1, 5]},
								"south": {"uv": [21, 29], "uv_size": [5, 5]},
								"west": {"uv": [20, 29], "uv_size": [1, 5]},
								"up": {"uv": [15, 28], "uv_size": [5, 1]},
								"down": {"uv": [20, 29], "uv_size": [5, -1]}
							}
						},
						{
							"origin": [-3, 3.5, -9],
							"size": [1, 1, 1],
							"uv": {
								"north": {"uv": [21, 20], "uv_size": [1, 1]},
								"east": {"uv": [20, 20], "uv_size": [1, 1]},
								"south": {"uv": [23, 20], "uv_size": [1, 1]},
								"west": {"uv": [22, 20], "uv_size": [1, 1]},
								"up": {"uv": [21, 19], "uv_size": [1, 1]},
								"down": {"uv": [22, 20], "uv_size": [1, -1]}
							}
						},
						{
							"origin": [-3, -1.6, -9],
							"size": [1, 1, 1],
							"uv": {
								"north": {"uv": [5, 19], "uv_size": [1, 1]},
								"east": {"uv": [4, 19], "uv_size": [1, 1]},
								"south": {"uv": [7, 19], "uv_size": [1, 1]},
								"west": {"uv": [6, 19], "uv_size": [1, 1]},
								"up": {"uv": [5, 18], "uv_size": [1, 1]},
								"down": {"uv": [6, 19], "uv_size": [1, -1]}
							}
						},
						{
							"origin": [-0.5, 0.9, -9],
							"size": [1, 1, 1],
							"uv": {
								"north": {"uv": [5, 21], "uv_size": [1, 1]},
								"east": {"uv": [4, 21], "uv_size": [1, 1]},
								"south": {"uv": [7, 21], "uv_size": [1, 1]},
								"west": {"uv": [6, 21], "uv_size": [1, 1]},
								"up": {"uv": [5, 20], "uv_size": [1, 1]},
								"down": {"uv": [6, 21], "uv_size": [1, -1]}
							}
						}
					]
				}
			]
		}
	]
}