{
	"format_version": "1.12.0",
	"minecraft:geometry": [
		{
			"description": {
				"identifier": "geometry.kappamaskcollect",
				"texture_width": 64,
				"texture_height": 64,
				"visible_bounds_width": 4,
				"visible_bounds_height": 3.5,
				"visible_bounds_offset": [0, 1.25, 0]
			},
			"bones": [
				{
					"name": "onimask",
					"pivot": [0, -3, -4],
					"rotation": [-72.5, 0, 0]
				},
				{
					"name": "maskstrap",
					"parent": "onimask",
					"pivot": [0, -3, -4],
					"cubes": [
						{
							"origin": [-4, -3, -7.9],
							"size": [8, 8, 0],
							"inflate": 0.5,
							"uv": {
								"north": {"uv": [0, 0], "uv_size": [8, 8]},
								"east": {"uv": [0, 8], "uv_size": [8, 8]},
								"south": {"uv": [8, 0], "uv_size": [8, 8]},
								"west": {"uv": [8, 8], "uv_size": [8, 8]},
								"up": {"uv": [0, 16], "uv_size": [8, 8]},
								"down": {"uv": [16, 8], "uv_size": [8, -8]}
							}
						},
						{
							"origin": [-4, -3, -9],
							"size": [8, 8, 1],
							"uv": {
								"north": {"uv": [8, 16], "uv_size": [8, 8]},
								"east": {"uv": [24, 22], "uv_size": [1, 8]},
								"south": {"uv": [0, 24], "uv_size": [8, 8]},
								"west": {"uv": [25, 22], "uv_size": [1, 8]},
								"up": {"uv": [26, 22], "uv_size": [8, 1]},
								"down": {"uv": [26, 24], "uv_size": [8, -1]}
							}
						},
						{
							"origin": [-2, -3, -11],
							"size": [4, 3, 2],
							"uv": {
								"north": {"uv": [24, 16], "uv_size": [4, 3]},
								"east": {"uv": [28, 28], "uv_size": [2, 3]},
								"south": {"uv": [24, 19], "uv_size": [4, 3]},
								"west": {"uv": [30, 16], "uv_size": [2, 3]},
								"up": {"uv": [26, 24], "uv_size": [4, 2]},
								"down": {"uv": [26, 28], "uv_size": [4, -2]}
							}
						},
						{
							"origin": [-1, -4.5, -11.5],
							"size": [2, 3.5, 1],
							"uv": {
								"north": {"uv": [28, 16], "uv_size": [2, 4]},
								"east": {"uv": [24, 30], "uv_size": [1, 4]},
								"south": {"uv": [26, 28], "uv_size": [2, 4]},
								"west": {"uv": [30, 24], "uv_size": [1, 4]},
								"up": {"uv": [32, 1], "uv_size": [2, 1]},
								"down": {"uv": [2, 33], "uv_size": [2, -1]}
							}
						},
						{
							"origin": [1, 1, -10],
							"size": [2, 1, 1],
							"uv": {
								"north": {"uv": [28, 20], "uv_size": [2, 1]},
								"east": {"uv": [25, 30], "uv_size": [1, 1]},
								"south": {"uv": [28, 21], "uv_size": [2, 1]},
								"west": {"uv": [25, 31], "uv_size": [1, 1]},
								"up": {"uv": [30, 19], "uv_size": [2, 1]},
								"down": {"uv": [30, 21], "uv_size": [2, -1]}
							}
						},
						{
							"origin": [2, 2, -10],
							"size": [2, 1, 1],
							"uv": {
								"north": {"uv": [30, 21], "uv_size": [2, 1]},
								"east": {"uv": [32, 2], "uv_size": [1, 1]},
								"south": {"uv": [30, 28], "uv_size": [2, 1]},
								"west": {"uv": [32, 3], "uv_size": [1, 1]},
								"up": {"uv": [30, 29], "uv_size": [2, 1]},
								"down": {"uv": [30, 31], "uv_size": [2, -1]}
							}
						},
						{
							"origin": [-4, 2, -10],
							"size": [2, 1, 1],
							"uv": {
								"north": {"uv": [31, 24], "uv_size": [2, 1]},
								"east": {"uv": [4, 32], "uv_size": [1, 1]},
								"south": {"uv": [31, 25], "uv_size": [2, 1]},
								"west": {"uv": [32, 4], "uv_size": [1, 1]},
								"up": {"uv": [31, 26], "uv_size": [2, 1]},
								"down": {"uv": [31, 28], "uv_size": [2, -1]}
							}
						},
						{
							"origin": [-3, 1, -10],
							"size": [2, 1, 1],
							"uv": {
								"north": {"uv": [28, 31], "uv_size": [2, 1]},
								"east": {"uv": [5, 32], "uv_size": [1, 1]},
								"south": {"uv": [30, 31], "uv_size": [2, 1]},
								"west": {"uv": [32, 5], "uv_size": [1, 1]},
								"up": {"uv": [0, 32], "uv_size": [2, 1]},
								"down": {"uv": [32, 1], "uv_size": [2, -1]}
							}
						}
					]
				},
				{
					"name": "kappahair1",
					"parent": "maskstrap",
					"pivot": [0, -23.4, -24.5],
					"rotation": [-37.5, 0, 0],
					"cubes": [
						{
							"origin": [-4, 0.6, -29.5],
							"size": [8, 8, 0],
							"uv": {
								"north": {"uv": [16, 16], "uv_size": [8, 8]},
								"east": {"uv": [0, 0], "uv_size": [0, 8]},
								"south": {"uv": [16, 8], "uv_size": [8, 8]},
								"west": {"uv": [0, 0], "uv_size": [0, 8]},
								"up": {"uv": [0, 0], "uv_size": [8, 0]},
								"down": {"uv": [0, 0], "uv_size": [8, 0]}
							}
						}
					]
				},
				{
					"name": "kappahair3",
					"parent": "maskstrap",
					"pivot": [14, -23.4, -19.5],
					"rotation": [-37.5, -45, 0],
					"cubes": [
						{
							"origin": [10, 0.6, -24.5],
							"size": [8, 8, 0],
							"uv": {
								"north": {"uv": [24, 0], "uv_size": [8, 8]},
								"east": {"uv": [0, 0], "uv_size": [0, 8]},
								"south": {"uv": [16, 8], "uv_size": [8, 8]},
								"west": {"uv": [0, 0], "uv_size": [0, 8]},
								"up": {"uv": [0, 0], "uv_size": [8, 0]},
								"down": {"uv": [0, 0], "uv_size": [8, 0]}
							}
						}
					]
				},
				{
					"name": "kappahair2",
					"parent": "maskstrap",
					"pivot": [-14, -23.4, -19.5],
					"rotation": [-37.5, 45, 0],
					"cubes": [
						{
							"origin": [-18, 0.6, -24.5],
							"size": [8, 8, 0],
							"uv": {
								"north": {"uv": [24, 8], "uv_size": [8, 8]},
								"east": {"uv": [0, 0], "uv_size": [0, 8]},
								"south": {"uv": [16, 8], "uv_size": [8, 8]},
								"west": {"uv": [0, 0], "uv_size": [0, 8]},
								"up": {"uv": [0, 0], "uv_size": [8, 0]},
								"down": {"uv": [0, 0], "uv_size": [8, 0]}
							}
						}
					]
				}
			]
		}
	]
}