{
	"format_version": "1.12.0",
	"minecraft:geometry": [
		{
			"description": {
				"identifier": "geometry.mitsuritsuba",
				"texture_width": 32,
				"texture_height": 32,
				"visible_bounds_width": 7,
				"visible_bounds_height": 2.5,
				"visible_bounds_offset": [0, 0.75, 0]
			},
			"bones": [
				{
					"name": "root",
					"pivot": [0, 0, 0],
					"locators": {
						"aura": [0, 0, 0]
					}
				},
				{
					"name": "waist",
					"parent": "root",
					"pivot": [0, 12, 0]
				},
				{
					"name": "body",
					"parent": "waist",
					"pivot": [0, 24, 1]
				},
				{
					"name": "rightArm",
					"parent": "body",
					"pivot": [-5, 22, 1]
				},
				{
					"name": "rightItem",
					"parent": "rightArm",
					"pivot": [-5.4, 13.8, 1],
					"locators": {
						"lead_hold": [-5.4, 13.8, 1]
					}
				},
				{
					"name": "nichirin",
					"parent": "rightItem",
					"pivot": [0, 0, 0]
				},
				{
					"name": "blade",
					"parent": "nichirin",
					"pivot": [0, 0, 0]
				},
				{
					"name": "tsuba",
					"parent": "blade",
					"pivot": [0, 0, 0]
				},
				{
					"name": "inner_ring",
					"parent": "tsuba",
					"pivot": [0, -4, 0],
					"cubes": [
						{
							"origin": [1, 0, 0.9],
							"size": [1, 4, 2.2],
							"uv": {
								"north": {"uv": [6, 0], "uv_size": [1, 4]},
								"east": {"uv": [0, 0], "uv_size": [2, 4]},
								"south": {"uv": [6, 4], "uv_size": [1, 4]},
								"west": {"uv": [2, 0], "uv_size": [2, 4]},
								"up": {"uv": [10, 14], "uv_size": [1, 2]},
								"down": {"uv": [11, 16], "uv_size": [1, -2]}
							}
						},
						{
							"origin": [0, 0, 1],
							"size": [1, 4, 2],
							"uv": {
								"north": {"uv": [7, 0], "uv_size": [1, 4]},
								"east": {"uv": [0, 4], "uv_size": [2, 4]},
								"south": {"uv": [7, 4], "uv_size": [1, 4]},
								"west": {"uv": [4, 0], "uv_size": [2, 4]},
								"up": {"uv": [12, 14], "uv_size": [1, 2]},
								"down": {"uv": [14, 14], "uv_size": [1, -2]}
							}
						},
						{
							"origin": [-1, 0, 0.9],
							"size": [1, 4, 2.2],
							"uv": {
								"north": {"uv": [0, 8], "uv_size": [1, 4]},
								"east": {"uv": [2, 4], "uv_size": [2, 4]},
								"south": {"uv": [8, 0], "uv_size": [1, 4]},
								"west": {"uv": [4, 4], "uv_size": [2, 4]},
								"up": {"uv": [13, 14], "uv_size": [1, 2]},
								"down": {"uv": [14, 16], "uv_size": [1, -2]}
							}
						}
					]
				},
				{
					"name": "topheart",
					"parent": "tsuba",
					"pivot": [0, -5, 0],
					"cubes": [
						{
							"origin": [-1, 4, 0.9],
							"size": [1, 1, 2.2],
							"uv": {
								"north": {"uv": [10, 23], "uv_size": [1, 1]},
								"east": {"uv": [15, 0], "uv_size": [2, 1]},
								"south": {"uv": [11, 23], "uv_size": [1, 1]},
								"west": {"uv": [15, 1], "uv_size": [2, 1]},
								"up": {"uv": [15, 2], "uv_size": [1, 2]},
								"down": {"uv": [15, 10], "uv_size": [1, -2]}
							}
						},
						{
							"origin": [1, 4, 0.9],
							"size": [1, 1, 2.2],
							"uv": {
								"north": {"uv": [12, 23], "uv_size": [1, 1]},
								"east": {"uv": [15, 10], "uv_size": [2, 1]},
								"south": {"uv": [23, 12], "uv_size": [1, 1]},
								"west": {"uv": [15, 11], "uv_size": [2, 1]},
								"up": {"uv": [15, 12], "uv_size": [1, 2]},
								"down": {"uv": [15, 16], "uv_size": [1, -2]}
							}
						},
						{
							"origin": [2, 5, 0.9],
							"size": [1, 2, 2.2],
							"uv": {
								"north": {"uv": [0, 16], "uv_size": [1, 2]},
								"east": {"uv": [1, 8], "uv_size": [2, 2]},
								"south": {"uv": [1, 16], "uv_size": [1, 2]},
								"west": {"uv": [3, 8], "uv_size": [2, 2]},
								"up": {"uv": [2, 16], "uv_size": [1, 2]},
								"down": {"uv": [16, 4], "uv_size": [1, -2]}
							}
						},
						{
							"origin": [-2, 5, 0.9],
							"size": [1, 2, 2.2],
							"uv": {
								"north": {"uv": [3, 16], "uv_size": [1, 2]},
								"east": {"uv": [8, 4], "uv_size": [2, 2]},
								"south": {"uv": [4, 16], "uv_size": [1, 2]},
								"west": {"uv": [5, 8], "uv_size": [2, 2]},
								"up": {"uv": [16, 4], "uv_size": [1, 2]},
								"down": {"uv": [5, 18], "uv_size": [1, -2]}
							}
						},
						{
							"origin": [-1, 7, 0.9],
							"size": [1, 1, 2.2],
							"uv": {
								"north": {"uv": [13, 23], "uv_size": [1, 1]},
								"east": {"uv": [6, 16], "uv_size": [2, 1]},
								"south": {"uv": [23, 13], "uv_size": [1, 1]},
								"west": {"uv": [16, 6], "uv_size": [2, 1]},
								"up": {"uv": [16, 7], "uv_size": [1, 2]},
								"down": {"uv": [8, 18], "uv_size": [1, -2]}
							}
						},
						{
							"origin": [0, 6, 0.9],
							"size": [1, 1, 2.2],
							"uv": {
								"north": {"uv": [14, 23], "uv_size": [1, 1]},
								"east": {"uv": [9, 16], "uv_size": [2, 1]},
								"south": {"uv": [23, 14], "uv_size": [1, 1]},
								"west": {"uv": [16, 9], "uv_size": [2, 1]},
								"up": {"uv": [11, 16], "uv_size": [1, 2]},
								"down": {"uv": [12, 18], "uv_size": [1, -2]}
							}
						},
						{
							"origin": [1, 7, 0.9],
							"size": [1, 1, 2.2],
							"uv": {
								"north": {"uv": [15, 23], "uv_size": [1, 1]},
								"east": {"uv": [16, 12], "uv_size": [2, 1]},
								"south": {"uv": [23, 15], "uv_size": [1, 1]},
								"west": {"uv": [13, 16], "uv_size": [2, 1]},
								"up": {"uv": [16, 13], "uv_size": [1, 2]},
								"down": {"uv": [15, 18], "uv_size": [1, -2]}
							}
						},
						{
							"origin": [-1, 5, 1],
							"size": [1, 2, 2],
							"uv": {
								"north": {"uv": [10, 17], "uv_size": [1, 2]},
								"east": {"uv": [9, 8], "uv_size": [2, 2]},
								"south": {"uv": [17, 10], "uv_size": [1, 2]},
								"west": {"uv": [1, 10], "uv_size": [2, 2]},
								"up": {"uv": [13, 17], "uv_size": [1, 2]},
								"down": {"uv": [17, 15], "uv_size": [1, -2]}
							}
						},
						{
							"origin": [1, 5, 1],
							"size": [1, 2, 2],
							"uv": {
								"north": {"uv": [6, 17], "uv_size": [1, 2]},
								"east": {"uv": [9, 0], "uv_size": [2, 2]},
								"south": {"uv": [7, 17], "uv_size": [1, 2]},
								"west": {"uv": [9, 2], "uv_size": [2, 2]},
								"up": {"uv": [17, 7], "uv_size": [1, 2]},
								"down": {"uv": [9, 19], "uv_size": [1, -2]}
							}
						},
						{
							"origin": [0, 4, 1],
							"size": [1, 2, 2],
							"uv": {
								"north": {"uv": [16, 15], "uv_size": [1, 2]},
								"east": {"uv": [8, 6], "uv_size": [2, 2]},
								"south": {"uv": [17, 0], "uv_size": [1, 2]},
								"west": {"uv": [7, 8], "uv_size": [2, 2]},
								"up": {"uv": [17, 2], "uv_size": [1, 2]},
								"down": {"uv": [17, 6], "uv_size": [1, -2]}
							}
						}
					]
				},
				{
					"name": "bottomheart",
					"parent": "tsuba",
					"pivot": [0, 9, 4],
					"rotation": [180, 0, 0],
					"cubes": [
						{
							"origin": [-1, 18, 4.9],
							"size": [1, 1, 2.2],
							"uv": {
								"north": {"uv": [16, 23], "uv_size": [1, 1]},
								"east": {"uv": [17, 15], "uv_size": [2, 1]},
								"south": {"uv": [23, 18], "uv_size": [1, 1]},
								"west": {"uv": [16, 17], "uv_size": [2, 1]},
								"up": {"uv": [14, 17], "uv_size": [1, 2]},
								"down": {"uv": [0, 20], "uv_size": [1, -2]}
							}
						},
						{
							"origin": [1, 18, 4.9],
							"size": [1, 1, 2.2],
							"uv": {
								"north": {"uv": [19, 23], "uv_size": [1, 1]},
								"east": {"uv": [17, 16], "uv_size": [2, 1]},
								"south": {"uv": [23, 20], "uv_size": [1, 1]},
								"west": {"uv": [18, 0], "uv_size": [2, 1]},
								"up": {"uv": [1, 18], "uv_size": [1, 2]},
								"down": {"uv": [18, 3], "uv_size": [1, -2]}
							}
						},
						{
							"origin": [2, 19, 4.9],
							"size": [1, 2, 2.2],
							"uv": {
								"north": {"uv": [2, 18], "uv_size": [1, 2]},
								"east": {"uv": [3, 10], "uv_size": [2, 2]},
								"south": {"uv": [3, 18], "uv_size": [1, 2]},
								"west": {"uv": [10, 4], "uv_size": [2, 2]},
								"up": {"uv": [18, 3], "uv_size": [1, 2]},
								"down": {"uv": [4, 20], "uv_size": [1, -2]}
							}
						},
						{
							"origin": [-2, 19, 4.9],
							"size": [1, 2, 2.2],
							"uv": {
								"north": {"uv": [5, 18], "uv_size": [1, 2]},
								"east": {"uv": [5, 10], "uv_size": [2, 2]},
								"south": {"uv": [18, 5], "uv_size": [1, 2]},
								"west": {"uv": [10, 6], "uv_size": [2, 2]},
								"up": {"uv": [18, 7], "uv_size": [1, 2]},
								"down": {"uv": [8, 20], "uv_size": [1, -2]}
							}
						},
						{
							"origin": [-1, 21, 4.9],
							"size": [1, 1, 2.2],
							"uv": {
								"north": {"uv": [23, 21], "uv_size": [1, 1]},
								"east": {"uv": [18, 9], "uv_size": [2, 1]},
								"south": {"uv": [23, 22], "uv_size": [1, 1]},
								"west": {"uv": [18, 10], "uv_size": [2, 1]},
								"up": {"uv": [11, 18], "uv_size": [1, 2]},
								"down": {"uv": [18, 13], "uv_size": [1, -2]}
							}
						},
						{
							"origin": [0, 20, 4.9],
							"size": [1, 1, 2.2],
							"uv": {
								"north": {"uv": [23, 23], "uv_size": [1, 1]},
								"east": {"uv": [18, 13], "uv_size": [2, 1]},
								"south": {"uv": [0, 24], "uv_size": [1, 1]},
								"west": {"uv": [18, 14], "uv_size": [2, 1]},
								"up": {"uv": [12, 18], "uv_size": [1, 2]},
								"down": {"uv": [15, 20], "uv_size": [1, -2]}
							}
						},
						{
							"origin": [1, 21, 4.9],
							"size": [1, 1, 2.2],
							"uv": {
								"north": {"uv": [24, 0], "uv_size": [1, 1]},
								"east": {"uv": [16, 18], "uv_size": [2, 1]},
								"south": {"uv": [24, 1], "uv_size": [1, 1]},
								"west": {"uv": [18, 17], "uv_size": [2, 1]},
								"up": {"uv": [18, 18], "uv_size": [1, 2]},
								"down": {"uv": [19, 3], "uv_size": [1, -2]}
							}
						},
						{
							"origin": [-1, 19, 5],
							"size": [1, 2, 2],
							"uv": {
								"north": {"uv": [19, 3], "uv_size": [1, 2]},
								"east": {"uv": [7, 10], "uv_size": [2, 2]},
								"south": {"uv": [19, 5], "uv_size": [1, 2]},
								"west": {"uv": [9, 10], "uv_size": [2, 2]},
								"up": {"uv": [6, 19], "uv_size": [1, 2]},
								"down": {"uv": [7, 21], "uv_size": [1, -2]}
							}
						},
						{
							"origin": [1, 19, 5],
							"size": [1, 2, 2],
							"uv": {
								"north": {"uv": [19, 7], "uv_size": [1, 2]},
								"east": {"uv": [11, 0], "uv_size": [2, 2]},
								"south": {"uv": [9, 19], "uv_size": [1, 2]},
								"west": {"uv": [11, 2], "uv_size": [2, 2]},
								"up": {"uv": [10, 19], "uv_size": [1, 2]},
								"down": {"uv": [19, 13], "uv_size": [1, -2]}
							}
						},
						{
							"origin": [0, 18, 5],
							"size": [1, 2, 2],
							"uv": {
								"north": {"uv": [13, 19], "uv_size": [1, 2]},
								"east": {"uv": [11, 8], "uv_size": [2, 2]},
								"south": {"uv": [14, 19], "uv_size": [1, 2]},
								"west": {"uv": [11, 10], "uv_size": [2, 2]},
								"up": {"uv": [19, 15], "uv_size": [1, 2]},
								"down": {"uv": [16, 21], "uv_size": [1, -2]}
							}
						}
					]
				},
				{
					"name": "leftheart",
					"parent": "tsuba",
					"pivot": [-7, 1.5, 4],
					"rotation": [180, 0, -90],
					"cubes": [
						{
							"origin": [-8, 10.5, 4.9],
							"size": [1, 1, 2.2],
							"uv": {
								"north": {"uv": [24, 2], "uv_size": [1, 1]},
								"east": {"uv": [19, 18], "uv_size": [2, 1]},
								"south": {"uv": [3, 24], "uv_size": [1, 1]},
								"west": {"uv": [19, 19], "uv_size": [2, 1]},
								"up": {"uv": [17, 19], "uv_size": [1, 2]},
								"down": {"uv": [0, 22], "uv_size": [1, -2]}
							}
						},
						{
							"origin": [-6, 10.5, 4.9],
							"size": [1, 1, 2.2],
							"uv": {
								"north": {"uv": [24, 3], "uv_size": [1, 1]},
								"east": {"uv": [20, 0], "uv_size": [2, 1]},
								"south": {"uv": [4, 24], "uv_size": [1, 1]},
								"west": {"uv": [1, 20], "uv_size": [2, 1]},
								"up": {"uv": [20, 1], "uv_size": [1, 2]},
								"down": {"uv": [3, 22], "uv_size": [1, -2]}
							}
						},
						{
							"origin": [-5, 11.5, 4.9],
							"size": [1, 2, 2.2],
							"uv": {
								"north": {"uv": [20, 3], "uv_size": [1, 2]},
								"east": {"uv": [0, 12], "uv_size": [2, 2]},
								"south": {"uv": [4, 20], "uv_size": [1, 2]},
								"west": {"uv": [2, 12], "uv_size": [2, 2]},
								"up": {"uv": [5, 20], "uv_size": [1, 2]},
								"down": {"uv": [20, 7], "uv_size": [1, -2]}
							}
						},
						{
							"origin": [-9, 11.5, 4.9],
							"size": [1, 2, 2.2],
							"uv": {
								"north": {"uv": [20, 7], "uv_size": [1, 2]},
								"east": {"uv": [4, 12], "uv_size": [2, 2]},
								"south": {"uv": [8, 20], "uv_size": [1, 2]},
								"west": {"uv": [12, 4], "uv_size": [2, 2]},
								"up": {"uv": [20, 9], "uv_size": [1, 2]},
								"down": {"uv": [11, 22], "uv_size": [1, -2]}
							}
						},
						{
							"origin": [-8, 13.5, 4.9],
							"size": [1, 1, 2.2],
							"uv": {
								"north": {"uv": [24, 4], "uv_size": [1, 1]},
								"east": {"uv": [20, 11], "uv_size": [2, 1]},
								"south": {"uv": [5, 24], "uv_size": [1, 1]},
								"west": {"uv": [20, 12], "uv_size": [2, 1]},
								"up": {"uv": [12, 20], "uv_size": [1, 2]},
								"down": {"uv": [20, 15], "uv_size": [1, -2]}
							}
						},
						{
							"origin": [-7, 12.5, 4.9],
							"size": [1, 1, 2.2],
							"uv": {
								"north": {"uv": [24, 5], "uv_size": [1, 1]},
								"east": {"uv": [20, 15], "uv_size": [2, 1]},
								"south": {"uv": [24, 6], "uv_size": [1, 1]},
								"west": {"uv": [20, 16], "uv_size": [2, 1]},
								"up": {"uv": [15, 20], "uv_size": [1, 2]},
								"down": {"uv": [18, 22], "uv_size": [1, -2]}
							}
						},
						{
							"origin": [-6, 13.5, 4.9],
							"size": [1, 1, 2.2],
							"uv": {
								"north": {"uv": [24, 7], "uv_size": [1, 1]},
								"east": {"uv": [20, 17], "uv_size": [2, 1]},
								"south": {"uv": [8, 24], "uv_size": [1, 1]},
								"west": {"uv": [19, 20], "uv_size": [2, 1]},
								"up": {"uv": [1, 21], "uv_size": [1, 2]},
								"down": {"uv": [21, 3], "uv_size": [1, -2]}
							}
						},
						{
							"origin": [-8, 11.5, 5],
							"size": [1, 2, 2],
							"uv": {
								"north": {"uv": [2, 21], "uv_size": [1, 2]},
								"east": {"uv": [6, 12], "uv_size": [2, 2]},
								"south": {"uv": [21, 3], "uv_size": [1, 2]},
								"west": {"uv": [12, 6], "uv_size": [2, 2]},
								"up": {"uv": [21, 5], "uv_size": [1, 2]},
								"down": {"uv": [6, 23], "uv_size": [1, -2]}
							}
						},
						{
							"origin": [-6, 11.5, 5],
							"size": [1, 2, 2],
							"uv": {
								"north": {"uv": [7, 21], "uv_size": [1, 2]},
								"east": {"uv": [8, 12], "uv_size": [2, 2]},
								"south": {"uv": [21, 7], "uv_size": [1, 2]},
								"west": {"uv": [10, 12], "uv_size": [2, 2]},
								"up": {"uv": [9, 21], "uv_size": [1, 2]},
								"down": {"uv": [21, 11], "uv_size": [1, -2]}
							}
						},
						{
							"origin": [-7, 10.5, 5],
							"size": [1, 2, 2],
							"uv": {
								"north": {"uv": [10, 21], "uv_size": [1, 2]},
								"east": {"uv": [12, 12], "uv_size": [2, 2]},
								"south": {"uv": [13, 21], "uv_size": [1, 2]},
								"west": {"uv": [13, 0], "uv_size": [2, 2]},
								"up": {"uv": [21, 13], "uv_size": [1, 2]},
								"down": {"uv": [14, 23], "uv_size": [1, -2]}
							}
						}
					]
				},
				{
					"name": "rightheart",
					"parent": "tsuba",
					"pivot": [8, 1.5, 0],
					"rotation": [0, 0, -90],
					"cubes": [
						{
							"origin": [7, 10.5, 0.9],
							"size": [1, 1, 2.2],
							"uv": {
								"north": {"uv": [24, 2], "uv_size": [1, 1]},
								"east": {"uv": [19, 18], "uv_size": [2, 1]},
								"south": {"uv": [3, 24], "uv_size": [1, 1]},
								"west": {"uv": [19, 19], "uv_size": [2, 1]},
								"up": {"uv": [17, 19], "uv_size": [1, 2]},
								"down": {"uv": [0, 22], "uv_size": [1, -2]}
							}
						},
						{
							"origin": [9, 10.5, 0.9],
							"size": [1, 1, 2.2],
							"uv": {
								"north": {"uv": [24, 3], "uv_size": [1, 1]},
								"east": {"uv": [20, 0], "uv_size": [2, 1]},
								"south": {"uv": [4, 24], "uv_size": [1, 1]},
								"west": {"uv": [1, 20], "uv_size": [2, 1]},
								"up": {"uv": [20, 1], "uv_size": [1, 2]},
								"down": {"uv": [3, 22], "uv_size": [1, -2]}
							}
						},
						{
							"origin": [10, 11.5, 0.9],
							"size": [1, 2, 2.2],
							"uv": {
								"north": {"uv": [20, 3], "uv_size": [1, 2]},
								"east": {"uv": [0, 12], "uv_size": [2, 2]},
								"south": {"uv": [4, 20], "uv_size": [1, 2]},
								"west": {"uv": [2, 12], "uv_size": [2, 2]},
								"up": {"uv": [5, 20], "uv_size": [1, 2]},
								"down": {"uv": [20, 7], "uv_size": [1, -2]}
							}
						},
						{
							"origin": [6, 11.5, 0.9],
							"size": [1, 2, 2.2],
							"uv": {
								"north": {"uv": [20, 7], "uv_size": [1, 2]},
								"east": {"uv": [4, 12], "uv_size": [2, 2]},
								"south": {"uv": [8, 20], "uv_size": [1, 2]},
								"west": {"uv": [12, 4], "uv_size": [2, 2]},
								"up": {"uv": [20, 9], "uv_size": [1, 2]},
								"down": {"uv": [11, 22], "uv_size": [1, -2]}
							}
						},
						{
							"origin": [7, 13.5, 0.9],
							"size": [1, 1, 2.2],
							"uv": {
								"north": {"uv": [24, 4], "uv_size": [1, 1]},
								"east": {"uv": [20, 11], "uv_size": [2, 1]},
								"south": {"uv": [5, 24], "uv_size": [1, 1]},
								"west": {"uv": [20, 12], "uv_size": [2, 1]},
								"up": {"uv": [12, 20], "uv_size": [1, 2]},
								"down": {"uv": [20, 15], "uv_size": [1, -2]}
							}
						},
						{
							"origin": [8, 12.5, 0.9],
							"size": [1, 1, 2.2],
							"uv": {
								"north": {"uv": [24, 5], "uv_size": [1, 1]},
								"east": {"uv": [20, 15], "uv_size": [2, 1]},
								"south": {"uv": [24, 6], "uv_size": [1, 1]},
								"west": {"uv": [20, 16], "uv_size": [2, 1]},
								"up": {"uv": [15, 20], "uv_size": [1, 2]},
								"down": {"uv": [18, 22], "uv_size": [1, -2]}
							}
						},
						{
							"origin": [9, 13.5, 0.9],
							"size": [1, 1, 2.2],
							"uv": {
								"north": {"uv": [24, 7], "uv_size": [1, 1]},
								"east": {"uv": [20, 17], "uv_size": [2, 1]},
								"south": {"uv": [8, 24], "uv_size": [1, 1]},
								"west": {"uv": [19, 20], "uv_size": [2, 1]},
								"up": {"uv": [1, 21], "uv_size": [1, 2]},
								"down": {"uv": [21, 3], "uv_size": [1, -2]}
							}
						},
						{
							"origin": [7, 11.5, 1],
							"size": [1, 2, 2],
							"uv": {
								"north": {"uv": [2, 21], "uv_size": [1, 2]},
								"east": {"uv": [6, 12], "uv_size": [2, 2]},
								"south": {"uv": [21, 3], "uv_size": [1, 2]},
								"west": {"uv": [12, 6], "uv_size": [2, 2]},
								"up": {"uv": [21, 5], "uv_size": [1, 2]},
								"down": {"uv": [6, 23], "uv_size": [1, -2]}
							}
						},
						{
							"origin": [9, 11.5, 1],
							"size": [1, 2, 2],
							"uv": {
								"north": {"uv": [7, 21], "uv_size": [1, 2]},
								"east": {"uv": [8, 12], "uv_size": [2, 2]},
								"south": {"uv": [21, 7], "uv_size": [1, 2]},
								"west": {"uv": [10, 12], "uv_size": [2, 2]},
								"up": {"uv": [9, 21], "uv_size": [1, 2]},
								"down": {"uv": [21, 11], "uv_size": [1, -2]}
							}
						},
						{
							"origin": [8, 10.5, 1],
							"size": [1, 2, 2],
							"uv": {
								"north": {"uv": [10, 21], "uv_size": [1, 2]},
								"east": {"uv": [12, 12], "uv_size": [2, 2]},
								"south": {"uv": [13, 21], "uv_size": [1, 2]},
								"west": {"uv": [13, 0], "uv_size": [2, 2]},
								"up": {"uv": [21, 13], "uv_size": [1, 2]},
								"down": {"uv": [14, 23], "uv_size": [1, -2]}
							}
						}
					]
				}
			]
		}
	]
}