{
	"format_version": "1.12.0",
	"minecraft:geometry": [
		{
			"description": {
				"identifier": "geometry.onimask",
				"texture_width": 32,
				"texture_height": 32,
				"visible_bounds_width": 3,
				"visible_bounds_height": 3.5,
				"visible_bounds_offset": [0, 1.25, 0]
			},
			"bones": [
				{
					"name": "root",
					"pivot": [0, 0, 0]
				},
				{
					"name": "waist",
					"parent": "root",
					"pivot": [0, 12, 0]
				},
				{
					"name": "body",
					"parent": "waist",
					"pivot": [0, 24, 0]
				},
				{
					"name": "head",
					"parent": "body",
					"pivot": [0, 24, 0]
				},
				{
					"name": "onimask",
					"parent": "head",
					"pivot": [0, 24, 0]
				},
				{
					"name": "maskstrap",
					"parent": "onimask",
					"pivot": [0, 24, 0],
					"cubes": [
						{
							"origin": [-4, 24, -3.9],
							"size": [8, 8, 8],
							"inflate": 0.5,
							"uv": {
								"north": {"uv": [8, 8], "uv_size": [8, 8]},
								"east": {"uv": [0, 8], "uv_size": [8, 8]},
								"south": {"uv": [24, 8], "uv_size": [8, 8]},
								"west": {"uv": [16, 8], "uv_size": [8, 8]},
								"up": {"uv": [8, 0], "uv_size": [8, 8]},
								"down": {"uv": [16, 8], "uv_size": [8, -8]}
							}
						},
						{
							"origin": [-4, 24, -5],
							"size": [8, 8, 1],
							"uv": {
								"north": {"uv": [1, 17], "uv_size": [8, 8]},
								"east": {"uv": [0, 17], "uv_size": [1, 8]},
								"south": {"uv": [10, 17], "uv_size": [8, 8]},
								"west": {"uv": [9, 17], "uv_size": [1, 8]},
								"up": {"uv": [1, 16], "uv_size": [8, 1]},
								"down": {"uv": [9, 17], "uv_size": [8, -1]}
							}
						},
						{
							"origin": [-1, 28, -5.5],
							"size": [2, 4.5, 1.5],
							"uv": {
								"north": {"uv": [4, 17], "uv_size": [2, 4]},
								"east": {"uv": [3, 17], "uv_size": [1, 4]},
								"south": {"uv": [4, 17], "uv_size": [2, 4]},
								"west": {"uv": [6, 17], "uv_size": [1, 4]},
								"up": {"uv": [4, 17], "uv_size": [2, 1]},
								"down": {"uv": [4, 21], "uv_size": [2, -1]}
							}
						},
						{
							"origin": [1, 26, -5.5],
							"size": [1, 1, 1],
							"uv": {
								"north": {"uv": [6, 22], "uv_size": [1, 1]},
								"east": {"uv": [6, 22], "uv_size": [1, 1]},
								"south": {"uv": [6, 22], "uv_size": [1, 1]},
								"west": {"uv": [6, 22], "uv_size": [1, 1]},
								"up": {"uv": [6, 22], "uv_size": [1, 1]},
								"down": {"uv": [6, 23], "uv_size": [1, -1]}
							}
						},
						{
							"origin": [2, 25, -5.3],
							"size": [1, 1, 0.8],
							"uv": {
								"north": {"uv": [7, 23], "uv_size": [1, 1]},
								"east": {"uv": [7, 23], "uv_size": [1, 1]},
								"south": {"uv": [7, 23], "uv_size": [1, 1]},
								"west": {"uv": [7, 23], "uv_size": [1, 1]},
								"up": {"uv": [7, 23], "uv_size": [1, 1]},
								"down": {"uv": [7, 24], "uv_size": [1, -1]}
							}
						},
						{
							"origin": [-3, 25, -5.3],
							"size": [1, 1, 0.8],
							"uv": {
								"north": {"uv": [7, 23], "uv_size": [1, 1]},
								"east": {"uv": [7, 23], "uv_size": [1, 1]},
								"south": {"uv": [7, 23], "uv_size": [1, 1]},
								"west": {"uv": [7, 23], "uv_size": [1, 1]},
								"up": {"uv": [7, 23], "uv_size": [1, 1]},
								"down": {"uv": [7, 24], "uv_size": [1, -1]}
							}
						},
						{
							"origin": [-2, 24, -5.3],
							"size": [1, 1, 0.8],
							"uv": {
								"north": {"uv": [7, 23], "uv_size": [1, 1]},
								"east": {"uv": [7, 23], "uv_size": [1, 1]},
								"south": {"uv": [7, 23], "uv_size": [1, 1]},
								"west": {"uv": [7, 23], "uv_size": [1, 1]},
								"up": {"uv": [7, 23], "uv_size": [1, 1]},
								"down": {"uv": [7, 24], "uv_size": [1, -1]}
							}
						},
						{
							"origin": [1, 24, -5.3],
							"size": [1, 1, 0.8],
							"uv": {
								"north": {"uv": [7, 23], "uv_size": [1, 1]},
								"east": {"uv": [7, 23], "uv_size": [1, 1]},
								"south": {"uv": [7, 23], "uv_size": [1, 1]},
								"west": {"uv": [7, 23], "uv_size": [1, 1]},
								"up": {"uv": [7, 23], "uv_size": [1, 1]},
								"down": {"uv": [7, 24], "uv_size": [1, -1]}
							}
						},
						{
							"origin": [-2, 26, -5.5],
							"size": [1, 1, 1],
							"uv": {
								"north": {"uv": [6, 22], "uv_size": [1, 1]},
								"east": {"uv": [6, 22], "uv_size": [1, 1]},
								"south": {"uv": [6, 22], "uv_size": [1, 1]},
								"west": {"uv": [6, 22], "uv_size": [1, 1]},
								"up": {"uv": [6, 22], "uv_size": [1, 1]},
								"down": {"uv": [6, 23], "uv_size": [1, -1]}
							}
						},
						{
							"origin": [-1, 26, -6],
							"size": [2, 2, 1.5],
							"uv": {
								"north": {"uv": [4, 21], "uv_size": [2, 2]},
								"east": {"uv": [4, 21], "uv_size": [2, 2]},
								"south": {"uv": [4, 21], "uv_size": [2, 2]},
								"west": {"uv": [4, 21], "uv_size": [2, 2]},
								"up": {"uv": [4, 21], "uv_size": [2, 2]},
								"down": {"uv": [4, 23], "uv_size": [2, -2]}
							}
						},
						{
							"origin": [0.5, 24.7, -5.1],
							"size": [1, 2, 1],
							"pivot": [0.5, 24, -6],
							"rotation": [25, 0, 20],
							"uv": {
								"north": {"uv": [0, 0], "uv_size": [1, 2]},
								"east": {"uv": [0, 0], "uv_size": [1, 2]},
								"south": {"uv": [0, 0], "uv_size": [1, 2]},
								"west": {"uv": [0, 0], "uv_size": [1, 2]},
								"up": {"uv": [1, 1], "uv_size": [-1, -1]},
								"down": {"uv": [1, 1], "uv_size": [-1, -1]}
							}
						},
						{
							"origin": [-1.5, 25, -5.1],
							"size": [1, 2, 1],
							"pivot": [0.5, 24, -6],
							"rotation": [25, 0, -20],
							"uv": {
								"north": {"uv": [0, 0], "uv_size": [1, 2]},
								"east": {"uv": [0, 0], "uv_size": [1, 2]},
								"south": {"uv": [0, 0], "uv_size": [1, 2]},
								"west": {"uv": [0, 0], "uv_size": [1, 2]},
								"up": {"uv": [1, 1], "uv_size": [-1, -1]},
								"down": {"uv": [1, 1], "uv_size": [-1, -1]}
							}
						}
					]
				},
				{
					"name": "horn1",
					"parent": "maskstrap",
					"pivot": [2, 30, 5],
					"rotation": [0, 0, 20],
					"cubes": [
						{
							"origin": [2, 30, -7],
							"size": [1, 3, 1],
							"uv": {
								"north": {"uv": [31, 29], "uv_size": [1, 3]},
								"east": {"uv": [31, 29], "uv_size": [1, 3]},
								"south": {"uv": [31, 29], "uv_size": [1, 3]},
								"west": {"uv": [31, 29], "uv_size": [1, 3]},
								"up": {"uv": [32, 30], "uv_size": [-1, -1]},
								"down": {"uv": [32, 30], "uv_size": [-1, -1]}
							}
						},
						{
							"origin": [2, 30, -6],
							"size": [1, 2, 1],
							"uv": {
								"north": {"uv": [31, 29], "uv_size": [1, 2]},
								"east": {"uv": [31, 29], "uv_size": [1, 2]},
								"south": {"uv": [31, 29], "uv_size": [1, 2]},
								"west": {"uv": [31, 29], "uv_size": [1, 2]},
								"up": {"uv": [32, 30], "uv_size": [-1, -1]},
								"down": {"uv": [32, 30], "uv_size": [-1, -1]}
							}
						}
					]
				},
				{
					"name": "horn2",
					"parent": "maskstrap",
					"pivot": [2.5, 31.7, 5],
					"rotation": [0, 0, -20],
					"cubes": [
						{
							"origin": [-3.5, 31.7, -7],
							"size": [1, 3, 1],
							"uv": {
								"north": {"uv": [31, 29], "uv_size": [1, 3]},
								"east": {"uv": [31, 29], "uv_size": [1, 3]},
								"south": {"uv": [31, 29], "uv_size": [1, 3]},
								"west": {"uv": [31, 29], "uv_size": [1, 3]},
								"up": {"uv": [32, 30], "uv_size": [-1, -1]},
								"down": {"uv": [32, 30], "uv_size": [-1, -1]}
							}
						},
						{
							"origin": [-3.5, 31.7, -6],
							"size": [1, 2, 1],
							"uv": {
								"north": {"uv": [31, 29], "uv_size": [1, 2]},
								"east": {"uv": [31, 29], "uv_size": [1, 2]},
								"south": {"uv": [31, 29], "uv_size": [1, 2]},
								"west": {"uv": [31, 29], "uv_size": [1, 2]},
								"up": {"uv": [32, 30], "uv_size": [-1, -1]},
								"down": {"uv": [32, 30], "uv_size": [-1, -1]}
							}
						}
					]
				}
			]
		}
	]
}