{
	"format_version": "1.12.0",
	"minecraft:geometry": [
		{
			"description": {
				"identifier": "geometry.rengokutsuba",
				"texture_width": 32,
				"texture_height": 32,
				"visible_bounds_width": 7,
				"visible_bounds_height": 2.5,
				"visible_bounds_offset": [0, 0.75, 0]
			},
			"bones": [
				{
					"name": "root",
					"pivot": [0, 0, 0],
					"locators": {
						"aura": [0, 0, 0]
					}
				},
				{
					"name": "waist",
					"parent": "root",
					"pivot": [0, 12, 0]
				},
				{
					"name": "body",
					"parent": "waist",
					"pivot": [0, 24, 1]
				},
				{
					"name": "rightArm",
					"parent": "body",
					"pivot": [-5, 22, 1]
				},
				{
					"name": "rightItem",
					"parent": "rightArm",
					"pivot": [-5.4, 13.8, 1],
					"locators": {
						"lead_hold": [-5.4, 13.8, 1]
					}
				},
				{
					"name": "nichirin",
					"parent": "rightItem",
					"pivot": [0, 0, 0]
				},
				{
					"name": "blade",
					"parent": "nichirin",
					"pivot": [0, 0, 0]
				},
				{
					"name": "tsuba",
					"parent": "blade",
					"pivot": [0, 0, 0],
					"rotation": [0, 0, -180]
				},
				{
					"name": "inner_ring",
					"parent": "tsuba",
					"pivot": [-1, -8, 0],
					"cubes": [
						{
							"origin": [-1, 0, 0.9],
							"size": [1, 1, 2.2],
							"uv": {
								"north": {"uv": [2, 25], "uv_size": [1, 1]},
								"east": {"uv": [21, 0], "uv_size": [2, 1]},
								"south": {"uv": [25, 2], "uv_size": [1, 1]},
								"west": {"uv": [1, 21], "uv_size": [2, 1]},
								"up": {"uv": [16, 10], "uv_size": [1, 2]},
								"down": {"uv": [19, 22], "uv_size": [1, -2]}
							}
						},
						{
							"origin": [0, -4, 0.9],
							"size": [1, 4, 2.2],
							"uv": {
								"north": {"uv": [17, 4], "uv_size": [1, 4]},
								"east": {"uv": [12, 0], "uv_size": [2, 4]},
								"south": {"uv": [17, 8], "uv_size": [1, 4]},
								"west": {"uv": [12, 4], "uv_size": [2, 4]},
								"up": {"uv": [21, 1], "uv_size": [1, 2]},
								"down": {"uv": [21, 5], "uv_size": [1, -2]}
							}
						},
						{
							"origin": [-1, -4, 1],
							"size": [1, 4, 2],
							"uv": {
								"north": {"uv": [17, 16], "uv_size": [1, 4]},
								"east": {"uv": [12, 8], "uv_size": [2, 4]},
								"south": {"uv": [3, 18], "uv_size": [1, 4]},
								"west": {"uv": [12, 12], "uv_size": [2, 4]},
								"up": {"uv": [21, 5], "uv_size": [1, 2]},
								"down": {"uv": [7, 23], "uv_size": [1, -2]}
							}
						},
						{
							"origin": [-1, -5, 0.9],
							"size": [1, 1, 2.2],
							"uv": {
								"north": {"uv": [3, 25], "uv_size": [1, 1]},
								"east": {"uv": [21, 7], "uv_size": [2, 1]},
								"south": {"uv": [25, 3], "uv_size": [1, 1]},
								"west": {"uv": [12, 21], "uv_size": [2, 1]},
								"up": {"uv": [14, 21], "uv_size": [1, 2]},
								"down": {"uv": [15, 23], "uv_size": [1, -2]}
							}
						},
						{
							"origin": [-2, -4, 0.9],
							"size": [1, 4, 2.2],
							"uv": {
								"north": {"uv": [4, 18], "uv_size": [1, 4]},
								"east": {"uv": [14, 0], "uv_size": [2, 4]},
								"south": {"uv": [18, 4], "uv_size": [1, 4]},
								"west": {"uv": [14, 4], "uv_size": [2, 4]},
								"up": {"uv": [21, 18], "uv_size": [1, 2]},
								"down": {"uv": [20, 23], "uv_size": [1, -2]}
							}
						}
					]
				},
				{
					"name": "redring",
					"parent": "tsuba",
					"pivot": [-1, -4, 0],
					"cubes": [
						{
							"origin": [-3, -5, 1],
							"size": [1, 6, 2],
							"uv": {
								"north": {"uv": [1, 15], "uv_size": [1, 6]},
								"east": {"uv": [0, 9], "uv_size": [2, 6]},
								"south": {"uv": [2, 15], "uv_size": [1, 6]},
								"west": {"uv": [2, 9], "uv_size": [2, 6]},
								"up": {"uv": [21, 20], "uv_size": [1, 2]},
								"down": {"uv": [0, 24], "uv_size": [1, -2]}
							}
						},
						{
							"origin": [-2, 0, 1],
							"size": [1, 2, 2],
							"uv": {
								"north": {"uv": [2, 22], "uv_size": [1, 2]},
								"east": {"uv": [5, 18], "uv_size": [2, 2]},
								"south": {"uv": [3, 22], "uv_size": [1, 2]},
								"west": {"uv": [8, 18], "uv_size": [2, 2]},
								"up": {"uv": [22, 3], "uv_size": [1, 2]},
								"down": {"uv": [4, 24], "uv_size": [1, -2]}
							}
						},
						{
							"origin": [0, 0, 1],
							"size": [1, 2, 2],
							"uv": {
								"north": {"uv": [22, 16], "uv_size": [1, 2]},
								"east": {"uv": [18, 10], "uv_size": [2, 2]},
								"south": {"uv": [22, 18], "uv_size": [1, 2]},
								"west": {"uv": [18, 12], "uv_size": [2, 2]},
								"up": {"uv": [19, 22], "uv_size": [1, 2]},
								"down": {"uv": [22, 22], "uv_size": [1, -2]}
							}
						},
						{
							"origin": [-2, -6, 1],
							"size": [1, 2, 2],
							"uv": {
								"north": {"uv": [12, 22], "uv_size": [1, 2]},
								"east": {"uv": [18, 8], "uv_size": [2, 2]},
								"south": {"uv": [22, 12], "uv_size": [1, 2]},
								"west": {"uv": [10, 18], "uv_size": [2, 2]},
								"up": {"uv": [13, 22], "uv_size": [1, 2]},
								"down": {"uv": [22, 16], "uv_size": [1, -2]}
							}
						},
						{
							"origin": [0, -7, 1],
							"size": [1, 3, 2],
							"uv": {
								"north": {"uv": [11, 20], "uv_size": [1, 3]},
								"east": {"uv": [3, 15], "uv_size": [2, 3]},
								"south": {"uv": [17, 20], "uv_size": [1, 3]},
								"west": {"uv": [5, 15], "uv_size": [2, 3]},
								"up": {"uv": [9, 22], "uv_size": [1, 2]},
								"down": {"uv": [22, 12], "uv_size": [1, -2]}
							}
						},
						{
							"origin": [-1, -6, 1],
							"size": [1, 1, 2],
							"uv": {
								"north": {"uv": [25, 4], "uv_size": [1, 1]},
								"east": {"uv": [5, 22], "uv_size": [2, 1]},
								"south": {"uv": [5, 25], "uv_size": [1, 1]},
								"west": {"uv": [22, 5], "uv_size": [2, 1]},
								"up": {"uv": [8, 22], "uv_size": [1, 2]},
								"down": {"uv": [22, 10], "uv_size": [1, -2]}
							}
						},
						{
							"origin": [-1, 1, 1],
							"size": [1, 1, 2],
							"uv": {
								"north": {"uv": [6, 25], "uv_size": [1, 1]},
								"east": {"uv": [22, 6], "uv_size": [2, 1]},
								"south": {"uv": [7, 25], "uv_size": [1, 1]},
								"west": {"uv": [21, 22], "uv_size": [2, 1]},
								"up": {"uv": [23, 0], "uv_size": [1, 2]},
								"down": {"uv": [23, 4], "uv_size": [1, -2]}
							}
						},
						{
							"origin": [1, -6, 1],
							"size": [1, 7, 2],
							"uv": {
								"north": {"uv": [14, 12], "uv_size": [1, 7]},
								"east": {"uv": [8, 0], "uv_size": [2, 7]},
								"south": {"uv": [0, 15], "uv_size": [1, 7]},
								"west": {"uv": [8, 7], "uv_size": [2, 7]},
								"up": {"uv": [1, 22], "uv_size": [1, 2]},
								"down": {"uv": [22, 3], "uv_size": [1, -2]}
							}
						}
					]
				},
				{
					"name": "orangering",
					"parent": "tsuba",
					"pivot": [-3, -4, 0],
					"cubes": [
						{
							"origin": [-4, -6, 0.9],
							"size": [1, 9, 2.2],
							"uv": {
								"north": {"uv": [10, 0], "uv_size": [1, 9]},
								"east": {"uv": [0, 0], "uv_size": [2, 9]},
								"south": {"uv": [10, 9], "uv_size": [1, 9]},
								"west": {"uv": [2, 0], "uv_size": [2, 9]},
								"up": {"uv": [5, 23], "uv_size": [1, 2]},
								"down": {"uv": [6, 25], "uv_size": [1, -2]}
							}
						},
						{
							"origin": [2, -7, 0.9],
							"size": [1, 9, 2.2],
							"uv": {
								"north": {"uv": [11, 0], "uv_size": [1, 9]},
								"east": {"uv": [4, 0], "uv_size": [2, 9]},
								"south": {"uv": [11, 9], "uv_size": [1, 9]},
								"west": {"uv": [6, 0], "uv_size": [2, 9]},
								"up": {"uv": [23, 15], "uv_size": [1, 2]},
								"down": {"uv": [16, 25], "uv_size": [1, -2]}
							}
						},
						{
							"origin": [3, -5, 0.9],
							"size": [1, 6, 2.2],
							"uv": {
								"north": {"uv": [7, 15], "uv_size": [1, 6]},
								"east": {"uv": [4, 9], "uv_size": [2, 6]},
								"south": {"uv": [16, 4], "uv_size": [1, 6]},
								"west": {"uv": [6, 9], "uv_size": [2, 6]},
								"up": {"uv": [17, 23], "uv_size": [1, 2]},
								"down": {"uv": [23, 19], "uv_size": [1, -2]}
							}
						},
						{
							"origin": [-3, 1, 0.9],
							"size": [1, 2, 2.2],
							"uv": {
								"north": {"uv": [7, 23], "uv_size": [1, 2]},
								"east": {"uv": [18, 14], "uv_size": [2, 2]},
								"south": {"uv": [23, 7], "uv_size": [1, 2]},
								"west": {"uv": [18, 16], "uv_size": [2, 2]},
								"up": {"uv": [23, 9], "uv_size": [1, 2]},
								"down": {"uv": [11, 25], "uv_size": [1, -2]}
							}
						},
						{
							"origin": [1, 1, 0.9],
							"size": [1, 2, 2.2],
							"uv": {
								"north": {"uv": [23, 11], "uv_size": [1, 2]},
								"east": {"uv": [19, 2], "uv_size": [2, 2]},
								"south": {"uv": [23, 13], "uv_size": [1, 2]},
								"west": {"uv": [19, 4], "uv_size": [2, 2]},
								"up": {"uv": [14, 23], "uv_size": [1, 2]},
								"down": {"uv": [15, 25], "uv_size": [1, -2]}
							}
						},
						{
							"origin": [1, -8, 0.9],
							"size": [1, 2, 2.2],
							"uv": {
								"north": {"uv": [18, 23], "uv_size": [1, 2]},
								"east": {"uv": [19, 6], "uv_size": [2, 2]},
								"south": {"uv": [23, 19], "uv_size": [1, 2]},
								"west": {"uv": [12, 19], "uv_size": [2, 2]},
								"up": {"uv": [20, 23], "uv_size": [1, 2]},
								"down": {"uv": [21, 25], "uv_size": [1, -2]}
							}
						},
						{
							"origin": [0, -9, 0.9],
							"size": [1, 2, 2.2],
							"uv": {
								"north": {"uv": [23, 21], "uv_size": [1, 2]},
								"east": {"uv": [14, 19], "uv_size": [2, 2]},
								"south": {"uv": [22, 23], "uv_size": [1, 2]},
								"west": {"uv": [5, 20], "uv_size": [2, 2]},
								"up": {"uv": [23, 23], "uv_size": [1, 2]},
								"down": {"uv": [0, 26], "uv_size": [1, -2]}
							}
						},
						{
							"origin": [-1, -9, 0.9],
							"size": [1, 3, 2.2],
							"uv": {
								"north": {"uv": [18, 20], "uv_size": [1, 3]},
								"east": {"uv": [12, 16], "uv_size": [2, 3]},
								"south": {"uv": [20, 18], "uv_size": [1, 3]},
								"west": {"uv": [15, 16], "uv_size": [2, 3]},
								"up": {"uv": [24, 0], "uv_size": [1, 2]},
								"down": {"uv": [1, 26], "uv_size": [1, -2]}
							}
						},
						{
							"origin": [-2, -9, 0.9],
							"size": [1, 1, 2.2],
							"uv": {
								"north": {"uv": [25, 7], "uv_size": [1, 1]},
								"east": {"uv": [23, 4], "uv_size": [2, 1]},
								"south": {"uv": [25, 8], "uv_size": [1, 1]},
								"west": {"uv": [2, 24], "uv_size": [2, 1]},
								"up": {"uv": [24, 2], "uv_size": [1, 2]},
								"down": {"uv": [4, 26], "uv_size": [1, -2]}
							}
						},
						{
							"origin": [-2, -7, 0.9],
							"size": [1, 1, 2.2],
							"uv": {
								"north": {"uv": [25, 9], "uv_size": [1, 1]},
								"east": {"uv": [24, 5], "uv_size": [2, 1]},
								"south": {"uv": [25, 10], "uv_size": [1, 1]},
								"west": {"uv": [24, 6], "uv_size": [2, 1]},
								"up": {"uv": [24, 7], "uv_size": [1, 2]},
								"down": {"uv": [8, 26], "uv_size": [1, -2]}
							}
						},
						{
							"origin": [-3, -7, 0.9],
							"size": [1, 2, 2.2],
							"uv": {
								"north": {"uv": [9, 24], "uv_size": [1, 2]},
								"east": {"uv": [8, 20], "uv_size": [2, 2]},
								"south": {"uv": [24, 9], "uv_size": [1, 2]},
								"west": {"uv": [20, 8], "uv_size": [2, 2]},
								"up": {"uv": [10, 24], "uv_size": [1, 2]},
								"down": {"uv": [24, 13], "uv_size": [1, -2]}
							}
						},
						{
							"origin": [-5, -7, 0.9],
							"size": [1, 4, 2.2],
							"uv": {
								"north": {"uv": [16, 19], "uv_size": [1, 4]},
								"east": {"uv": [8, 14], "uv_size": [2, 4]},
								"south": {"uv": [10, 20], "uv_size": [1, 4]},
								"west": {"uv": [14, 8], "uv_size": [2, 4]},
								"up": {"uv": [12, 24], "uv_size": [1, 2]},
								"down": {"uv": [13, 26], "uv_size": [1, -2]}
							}
						},
						{
							"origin": [-5, 0, 0.9],
							"size": [1, 2, 2.2],
							"uv": {
								"north": {"uv": [24, 13], "uv_size": [1, 2]},
								"east": {"uv": [20, 10], "uv_size": [2, 2]},
								"south": {"uv": [24, 15], "uv_size": [1, 2]},
								"west": {"uv": [20, 12], "uv_size": [2, 2]},
								"up": {"uv": [24, 17], "uv_size": [1, 2]},
								"down": {"uv": [19, 26], "uv_size": [1, -2]}
							}
						},
						{
							"origin": [-6, -1, 0.9],
							"size": [1, 2, 2.2],
							"uv": {
								"north": {"uv": [24, 19], "uv_size": [1, 2]},
								"east": {"uv": [20, 14], "uv_size": [2, 2]},
								"south": {"uv": [24, 21], "uv_size": [1, 2]},
								"west": {"uv": [20, 16], "uv_size": [2, 2]},
								"up": {"uv": [24, 23], "uv_size": [1, 2]},
								"down": {"uv": [25, 2], "uv_size": [1, -2]}
							}
						},
						{
							"origin": [-2, 2, 0.9],
							"size": [3, 2, 2.2],
							"uv": {
								"north": {"uv": [15, 12], "uv_size": [3, 2]},
								"east": {"uv": [18, 18], "uv_size": [2, 2]},
								"south": {"uv": [15, 14], "uv_size": [3, 2]},
								"west": {"uv": [19, 0], "uv_size": [2, 2]},
								"up": {"uv": [16, 0], "uv_size": [3, 2]},
								"down": {"uv": [16, 4], "uv_size": [3, -2]}
							}
						}
					]
				}
			]
		}
	]
}