{
	"format_version": "1.12.0",
	"minecraft:geometry": [
		{
			"description": {
				"identifier": "geometry.rengokuhaori",
				"texture_width": 64,
				"texture_height": 64,
				"visible_bounds_width": 3,
				"visible_bounds_height": 3,
				"visible_bounds_offset": [0, 1.5, 0]
			},
			"bones": [
				{
					"name": "root",
					"pivot": [0, 24, 0]
				},
				{
					"name": "rightArm",
					"parent": "root",
					"pivot": [-5, 22, 0],
					"cubes": [
						{
							"origin": [-8.6, 12.4, -2.5],
							"size": [4.6, 12.4, 4.9],
							"uv": {
								"north": {"uv": [44, 20], "uv_size": [4, 12]},
								"east": {"uv": [40, 20], "uv_size": [4, 12]},
								"south": {"uv": [52, 20], "uv_size": [4, 12]},
								"west": {"uv": [48, 20], "uv_size": [4, 12]},
								"up": {"uv": [44, 16], "uv_size": [4, 4]},
								"down": {"uv": [48, 20], "uv_size": [4, -4]}
							}
						},
						{
							"origin": [-9, 12.3, 2],
							"size": [4.7, 1.2, 1],
							"uv": {
								"north": {"uv": [35, 32], "uv_size": [1, 1]},
								"east": {"uv": [35, 32], "uv_size": [1, 1]},
								"south": {"uv": [35, 32], "uv_size": [1, 1]},
								"west": {"uv": [35, 32], "uv_size": [1, 1]},
								"up": {"uv": [36, 33], "uv_size": [-1, -1]},
								"down": {"uv": [36, 33], "uv_size": [-1, -1]}
							}
						},
						{
							"origin": [-6.2, 13.5, 2],
							"size": [1.1, 1, 1.2],
							"uv": {
								"north": {"uv": [32, 32], "uv_size": [1, 1]},
								"east": {"uv": [32, 32], "uv_size": [1, 1]},
								"south": {"uv": [32, 32], "uv_size": [1, 1]},
								"west": {"uv": [32, 32], "uv_size": [1, 1]},
								"up": {"uv": [33, 33], "uv_size": [-1, -1]},
								"down": {"uv": [33, 33], "uv_size": [-1, -1]}
							}
						},
						{
							"origin": [-9.4, 12.4, 1],
							"size": [1.1, 1.1, 1.1],
							"uv": {
								"north": {"uv": [35, 32], "uv_size": [1, 1]},
								"east": {"uv": [35, 32], "uv_size": [1, 1]},
								"south": {"uv": [35, 32], "uv_size": [1, 1]},
								"west": {"uv": [35, 32], "uv_size": [1, 1]},
								"up": {"uv": [36, 33], "uv_size": [-1, -1]},
								"down": {"uv": [36, 33], "uv_size": [-1, -1]}
							}
						},
						{
							"origin": [-9.3, 15.4, -1.3],
							"size": [1.1, 1.1, 2.5],
							"uv": {
								"north": {"uv": [35, 32], "uv_size": [1, 1]},
								"east": {"uv": [35, 32], "uv_size": [1, 1]},
								"south": {"uv": [35, 32], "uv_size": [1, 1]},
								"west": {"uv": [35, 32], "uv_size": [1, 1]},
								"up": {"uv": [36, 33], "uv_size": [-1, -1]},
								"down": {"uv": [36, 33], "uv_size": [-1, -1]}
							}
						},
						{
							"origin": [-9.1, 16.5, -2.4],
							"size": [1.1, 1.1, 1.1],
							"uv": {
								"north": {"uv": [35, 32], "uv_size": [1, 1]},
								"east": {"uv": [35, 32], "uv_size": [1, 1]},
								"south": {"uv": [35, 32], "uv_size": [1, 1]},
								"west": {"uv": [35, 32], "uv_size": [1, 1]},
								"up": {"uv": [36, 33], "uv_size": [-1, -1]},
								"down": {"uv": [36, 33], "uv_size": [-1, -1]}
							}
						},
						{
							"origin": [-9.1, 14.4, -2.4],
							"size": [1.1, 1.1, 1.1],
							"uv": {
								"north": {"uv": [35, 32], "uv_size": [1, 1]},
								"east": {"uv": [35, 32], "uv_size": [1, 1]},
								"south": {"uv": [35, 32], "uv_size": [1, 1]},
								"west": {"uv": [35, 32], "uv_size": [1, 1]},
								"up": {"uv": [36, 33], "uv_size": [-1, -1]},
								"down": {"uv": [36, 33], "uv_size": [-1, -1]}
							}
						},
						{
							"origin": [-9.1, 14.4, -1.3],
							"size": [1.1, 1.1, 2.5],
							"uv": {
								"north": {"uv": [35, 33], "uv_size": [1, 1]},
								"east": {"uv": [35, 33], "uv_size": [1, 1]},
								"south": {"uv": [35, 33], "uv_size": [1, 1]},
								"west": {"uv": [35, 33], "uv_size": [1, 1]},
								"up": {"uv": [36, 34], "uv_size": [-1, -1]},
								"down": {"uv": [36, 34], "uv_size": [-1, -1]}
							}
						},
						{
							"origin": [-9.1, 12.3, -0.1],
							"size": [1.1, 2.1, 1.1],
							"uv": {
								"north": {"uv": [35, 33], "uv_size": [1, 1]},
								"east": {"uv": [35, 33], "uv_size": [1, 1]},
								"south": {"uv": [35, 33], "uv_size": [1, 1]},
								"west": {"uv": [35, 33], "uv_size": [1, 1]},
								"up": {"uv": [36, 34], "uv_size": [-1, -1]},
								"down": {"uv": [36, 34], "uv_size": [-1, -1]}
							}
						},
						{
							"origin": [-9.1, 15.4, -2.4],
							"size": [1.1, 1.1, 1.1],
							"uv": {
								"north": {"uv": [35, 33], "uv_size": [1, 1]},
								"east": {"uv": [35, 33], "uv_size": [1, 1]},
								"south": {"uv": [35, 33], "uv_size": [1, 1]},
								"west": {"uv": [35, 33], "uv_size": [1, 1]},
								"up": {"uv": [36, 34], "uv_size": [-1, -1]},
								"down": {"uv": [36, 34], "uv_size": [-1, -1]}
							}
						},
						{
							"origin": [-8.6, 13.5, 2],
							"size": [1.1, 1, 1.4],
							"uv": {
								"north": {"uv": [32, 32], "uv_size": [1, 1]},
								"east": {"uv": [32, 32], "uv_size": [1, 1]},
								"south": {"uv": [32, 32], "uv_size": [1, 1]},
								"west": {"uv": [32, 32], "uv_size": [1, 1]},
								"up": {"uv": [33, 33], "uv_size": [-1, -1]},
								"down": {"uv": [33, 33], "uv_size": [-1, -1]}
							}
						},
						{
							"origin": [-5.1, 14.5, 2],
							"size": [1.1, 1, 1],
							"uv": {
								"north": {"uv": [32, 32], "uv_size": [1, 1]},
								"east": {"uv": [32, 32], "uv_size": [1, 1]},
								"south": {"uv": [32, 32], "uv_size": [1, 1]},
								"west": {"uv": [32, 32], "uv_size": [1, 1]},
								"up": {"uv": [33, 33], "uv_size": [-1, -1]},
								"down": {"uv": [33, 33], "uv_size": [-1, -1]}
							}
						}
					]
				},
				{
					"name": "leftArm",
					"parent": "root",
					"pivot": [5, 22, 0],
					"cubes": [
						{
							"origin": [3.8, 12.4, -2.5],
							"size": [4.6, 12.4, 4.9],
							"uv": {
								"north": {"uv": [48, 20], "uv_size": [-4, 12]},
								"east": {"uv": [52, 20], "uv_size": [-4, 12]},
								"south": {"uv": [56, 20], "uv_size": [-4, 12]},
								"west": {"uv": [44, 20], "uv_size": [-4, 12]},
								"up": {"uv": [48, 16], "uv_size": [-4, 4]},
								"down": {"uv": [52, 20], "uv_size": [-4, -4]}
							}
						},
						{
							"origin": [4.2, 12.3, 2],
							"size": [4.8, 1.2, 1],
							"uv": {
								"north": {"uv": [35, 32], "uv_size": [1, 1]},
								"east": {"uv": [35, 32], "uv_size": [1, 1]},
								"south": {"uv": [35, 32], "uv_size": [1, 1]},
								"west": {"uv": [35, 32], "uv_size": [1, 1]},
								"up": {"uv": [36, 33], "uv_size": [-1, -1]},
								"down": {"uv": [36, 33], "uv_size": [-1, -1]}
							}
						},
						{
							"origin": [5, 13.5, 2],
							"size": [1.1, 1, 0.8],
							"uv": {
								"north": {"uv": [32, 32], "uv_size": [1, 1]},
								"east": {"uv": [32, 32], "uv_size": [1, 1]},
								"south": {"uv": [32, 32], "uv_size": [1, 1]},
								"west": {"uv": [32, 32], "uv_size": [1, 1]},
								"up": {"uv": [33, 33], "uv_size": [-1, -1]},
								"down": {"uv": [33, 33], "uv_size": [-1, -1]}
							}
						},
						{
							"origin": [7.3, 13.5, 2],
							"size": [1.1, 1, 1],
							"uv": {
								"north": {"uv": [32, 32], "uv_size": [1, 1]},
								"east": {"uv": [32, 32], "uv_size": [1, 1]},
								"south": {"uv": [32, 32], "uv_size": [1, 1]},
								"west": {"uv": [32, 32], "uv_size": [1, 1]},
								"up": {"uv": [33, 33], "uv_size": [-1, -1]},
								"down": {"uv": [33, 33], "uv_size": [-1, -1]}
							}
						},
						{
							"origin": [3.9, 14.5, 2],
							"size": [1.1, 1, 1.2],
							"uv": {
								"north": {"uv": [32, 32], "uv_size": [1, 1]},
								"east": {"uv": [32, 32], "uv_size": [1, 1]},
								"south": {"uv": [32, 32], "uv_size": [1, 1]},
								"west": {"uv": [32, 32], "uv_size": [1, 1]},
								"up": {"uv": [33, 33], "uv_size": [-1, -1]},
								"down": {"uv": [33, 33], "uv_size": [-1, -1]}
							}
						},
						{
							"origin": [3.9, 13.5, 2],
							"size": [1, 1, 1],
							"uv": {
								"north": {"uv": [33, 32], "uv_size": [1, 1]},
								"east": {"uv": [33, 32], "uv_size": [1, 1]},
								"south": {"uv": [33, 32], "uv_size": [1, 1]},
								"west": {"uv": [33, 32], "uv_size": [1, 1]},
								"up": {"uv": [34, 33], "uv_size": [-1, -1]},
								"down": {"uv": [34, 33], "uv_size": [-1, -1]}
							}
						},
						{
							"origin": [7.8, 12.4, 1],
							"size": [1.1, 1.1, 1.1],
							"uv": {
								"north": {"uv": [35, 32], "uv_size": [1, 1]},
								"east": {"uv": [35, 32], "uv_size": [1, 1]},
								"south": {"uv": [35, 32], "uv_size": [1, 1]},
								"west": {"uv": [35, 32], "uv_size": [1, 1]},
								"up": {"uv": [36, 33], "uv_size": [-1, -1]},
								"down": {"uv": [36, 33], "uv_size": [-1, -1]}
							}
						},
						{
							"origin": [7.9, 15.4, -1.3],
							"size": [1.1, 1.1, 2.5],
							"uv": {
								"north": {"uv": [35, 32], "uv_size": [1, 1]},
								"east": {"uv": [35, 32], "uv_size": [1, 1]},
								"south": {"uv": [35, 32], "uv_size": [1, 1]},
								"west": {"uv": [35, 32], "uv_size": [1, 1]},
								"up": {"uv": [36, 33], "uv_size": [-1, -1]},
								"down": {"uv": [36, 33], "uv_size": [-1, -1]}
							}
						},
						{
							"origin": [7.8, 14.4, -2.4],
							"size": [1.1, 1.1, 1.1],
							"uv": {
								"north": {"uv": [35, 32], "uv_size": [1, 1]},
								"east": {"uv": [35, 32], "uv_size": [1, 1]},
								"south": {"uv": [35, 32], "uv_size": [1, 1]},
								"west": {"uv": [35, 32], "uv_size": [1, 1]},
								"up": {"uv": [36, 33], "uv_size": [-1, -1]},
								"down": {"uv": [36, 33], "uv_size": [-1, -1]}
							}
						},
						{
							"origin": [7.8, 16.5, -2.4],
							"size": [1.1, 1.1, 1.1],
							"uv": {
								"north": {"uv": [35, 32], "uv_size": [1, 1]},
								"east": {"uv": [35, 32], "uv_size": [1, 1]},
								"south": {"uv": [35, 32], "uv_size": [1, 1]},
								"west": {"uv": [35, 32], "uv_size": [1, 1]},
								"up": {"uv": [36, 33], "uv_size": [-1, -1]},
								"down": {"uv": [36, 33], "uv_size": [-1, -1]}
							}
						},
						{
							"origin": [7.9, 14.4, -1.3],
							"size": [1.1, 1.1, 2.5],
							"uv": {
								"north": {"uv": [35, 33], "uv_size": [1, 1]},
								"east": {"uv": [35, 33], "uv_size": [1, 1]},
								"south": {"uv": [35, 33], "uv_size": [1, 1]},
								"west": {"uv": [35, 33], "uv_size": [1, 1]},
								"up": {"uv": [36, 34], "uv_size": [-1, -1]},
								"down": {"uv": [36, 34], "uv_size": [-1, -1]}
							}
						},
						{
							"origin": [7.9, 15.4, -2.4],
							"size": [1.1, 1.1, 1.1],
							"uv": {
								"north": {"uv": [35, 33], "uv_size": [1, 1]},
								"east": {"uv": [35, 33], "uv_size": [1, 1]},
								"south": {"uv": [35, 33], "uv_size": [1, 1]},
								"west": {"uv": [35, 33], "uv_size": [1, 1]},
								"up": {"uv": [36, 34], "uv_size": [-1, -1]},
								"down": {"uv": [36, 34], "uv_size": [-1, -1]}
							}
						},
						{
							"origin": [7.9, 12.3, -0.1],
							"size": [1.1, 2.1, 1.1],
							"uv": {
								"north": {"uv": [35, 33], "uv_size": [1, 1]},
								"east": {"uv": [35, 33], "uv_size": [1, 1]},
								"south": {"uv": [35, 33], "uv_size": [1, 1]},
								"west": {"uv": [35, 33], "uv_size": [1, 1]},
								"up": {"uv": [36, 34], "uv_size": [-1, -1]},
								"down": {"uv": [36, 34], "uv_size": [-1, -1]}
							}
						}
					]
				},
				{
					"name": "waist",
					"parent": "root",
					"pivot": [0, 12, 0]
				},
				{
					"name": "body",
					"parent": "waist",
					"pivot": [0, 24, 0],
					"cubes": [
						{
							"origin": [-4.35, 6.4, -2.5],
							"size": [8.55, 18.35, 4.9],
							"uv": {
								"north": {"uv": [20, 20], "uv_size": [8, 12]},
								"east": {"uv": [16, 20], "uv_size": [4, 12]},
								"south": {"uv": [32, 20], "uv_size": [8, 18]},
								"west": {"uv": [39, 6], "uv_size": [4, 12]},
								"up": {"uv": [44, 16], "uv_size": [4, 4]},
								"down": {"uv": [28, 19], "uv_size": [8, -4]}
							}
						},
						{
							"origin": [-1.1, 9.5, 2],
							"size": [2.1, 1, 0.9],
							"uv": {
								"north": {"uv": [32, 31], "uv_size": [1, 1]},
								"east": {"uv": [32, 31], "uv_size": [1, 1]},
								"south": {"uv": [36, 34], "uv_size": [1, 1]},
								"west": {"uv": [32, 31], "uv_size": [1, 1]},
								"up": {"uv": [33, 32], "uv_size": [-1, -1]},
								"down": {"uv": [33, 32], "uv_size": [-1, -1]}
							}
						},
						{
							"origin": [3.2, 12.5, 2],
							"size": [1, 1, 1],
							"uv": {
								"north": {"uv": [32, 31], "uv_size": [1, 1]},
								"east": {"uv": [32, 31], "uv_size": [1, 1]},
								"south": {"uv": [32, 31], "uv_size": [1, 1]},
								"west": {"uv": [32, 31], "uv_size": [1, 1]},
								"up": {"uv": [33, 32], "uv_size": [-1, -1]},
								"down": {"uv": [33, 32], "uv_size": [-1, -1]}
							}
						},
						{
							"origin": [-1.1, 10.5, 2],
							"size": [2.1, 1, 1],
							"uv": {
								"north": {"uv": [32, 31], "uv_size": [1, 1]},
								"east": {"uv": [32, 31], "uv_size": [1, 1]},
								"south": {"uv": [32, 31], "uv_size": [1, 1]},
								"west": {"uv": [32, 31], "uv_size": [1, 1]},
								"up": {"uv": [33, 32], "uv_size": [-1, -1]},
								"down": {"uv": [33, 32], "uv_size": [-1, -1]}
							}
						},
						{
							"origin": [3.1, 11.5, 2],
							"size": [1.1, 1, 1],
							"uv": {
								"north": {"uv": [32, 32], "uv_size": [1, 1]},
								"east": {"uv": [32, 32], "uv_size": [1, 1]},
								"south": {"uv": [32, 32], "uv_size": [1, 1]},
								"west": {"uv": [32, 32], "uv_size": [1, 1]},
								"up": {"uv": [33, 33], "uv_size": [-1, -1]},
								"down": {"uv": [33, 33], "uv_size": [-1, -1]}
							}
						},
						{
							"origin": [-4.3, 11.5, 2],
							"size": [1.1, 1, 0.9],
							"uv": {
								"north": {"uv": [32, 32], "uv_size": [1, 1]},
								"east": {"uv": [32, 32], "uv_size": [1, 1]},
								"south": {"uv": [32, 32], "uv_size": [1, 1]},
								"west": {"uv": [32, 32], "uv_size": [1, 1]},
								"up": {"uv": [33, 33], "uv_size": [-1, -1]},
								"down": {"uv": [33, 33], "uv_size": [-1, -1]}
							}
						},
						{
							"origin": [-4.3, 12.5, 2],
							"size": [1.1, 1, 1],
							"uv": {
								"north": {"uv": [32, 32], "uv_size": [1, 1]},
								"east": {"uv": [32, 32], "uv_size": [1, 1]},
								"south": {"uv": [32, 32], "uv_size": [1, 1]},
								"west": {"uv": [32, 32], "uv_size": [1, 1]},
								"up": {"uv": [33, 33], "uv_size": [-1, -1]},
								"down": {"uv": [33, 33], "uv_size": [-1, -1]}
							}
						},
						{
							"origin": [1, 11.5, 2],
							"size": [1.1, 1, 1.2],
							"uv": {
								"north": {"uv": [32, 32], "uv_size": [1, 1]},
								"east": {"uv": [32, 32], "uv_size": [1, 1]},
								"south": {"uv": [32, 32], "uv_size": [1, 1]},
								"west": {"uv": [32, 32], "uv_size": [1, 1]},
								"up": {"uv": [33, 33], "uv_size": [-1, -1]},
								"down": {"uv": [33, 33], "uv_size": [-1, -1]}
							}
						},
						{
							"origin": [-2.2, 11.5, 2],
							"size": [1.1, 1, 1],
							"uv": {
								"north": {"uv": [32, 32], "uv_size": [1, 1]},
								"east": {"uv": [32, 32], "uv_size": [1, 1]},
								"south": {"uv": [32, 32], "uv_size": [1, 1]},
								"west": {"uv": [32, 32], "uv_size": [1, 1]},
								"up": {"uv": [33, 33], "uv_size": [-1, -1]},
								"down": {"uv": [33, 33], "uv_size": [-1, -1]}
							}
						},
						{
							"origin": [-2.2, 9.5, 2],
							"size": [1.1, 1, 1],
							"uv": {
								"north": {"uv": [32, 32], "uv_size": [1, 1]},
								"east": {"uv": [32, 32], "uv_size": [1, 1]},
								"south": {"uv": [32, 32], "uv_size": [1, 1]},
								"west": {"uv": [32, 32], "uv_size": [1, 1]},
								"up": {"uv": [33, 33], "uv_size": [-1, -1]},
								"down": {"uv": [33, 33], "uv_size": [-1, -1]}
							}
						},
						{
							"origin": [-3.3, 9.5, 2],
							"size": [2.2, 1, 1],
							"uv": {
								"north": {"uv": [32, 32], "uv_size": [1, 1]},
								"east": {"uv": [32, 32], "uv_size": [1, 1]},
								"south": {"uv": [32, 32], "uv_size": [1, 1]},
								"west": {"uv": [32, 32], "uv_size": [1, 1]},
								"up": {"uv": [33, 33], "uv_size": [-1, -1]},
								"down": {"uv": [33, 33], "uv_size": [-1, -1]}
							}
						},
						{
							"origin": [1, 9.5, 2],
							"size": [2.2, 1, 1],
							"uv": {
								"north": {"uv": [32, 32], "uv_size": [1, 1]},
								"east": {"uv": [32, 32], "uv_size": [1, 1]},
								"south": {"uv": [32, 32], "uv_size": [1, 1]},
								"west": {"uv": [32, 32], "uv_size": [1, 1]},
								"up": {"uv": [33, 33], "uv_size": [-1, -1]},
								"down": {"uv": [33, 33], "uv_size": [-1, -1]}
							}
						},
						{
							"origin": [-1.1, 12.5, 2],
							"size": [1.1, 1, 1],
							"uv": {
								"north": {"uv": [32, 32], "uv_size": [1, 1]},
								"east": {"uv": [32, 32], "uv_size": [1, 1]},
								"south": {"uv": [32, 32], "uv_size": [1, 1]},
								"west": {"uv": [32, 32], "uv_size": [1, 1]},
								"up": {"uv": [33, 33], "uv_size": [-1, -1]},
								"down": {"uv": [33, 33], "uv_size": [-1, -1]}
							}
						},
						{
							"origin": [0, 11.5, 2],
							"size": [1, 1, 1],
							"uv": {
								"north": {"uv": [35, 32], "uv_size": [1, 1]},
								"east": {"uv": [35, 32], "uv_size": [1, 1]},
								"south": {"uv": [35, 32], "uv_size": [1, 1]},
								"west": {"uv": [35, 32], "uv_size": [1, 1]},
								"up": {"uv": [36, 33], "uv_size": [-1, -1]},
								"down": {"uv": [36, 33], "uv_size": [-1, -1]}
							}
						},
						{
							"origin": [-1.1, 11.5, 2],
							"size": [1.1, 1, 1],
							"uv": {
								"north": {"uv": [35, 32], "uv_size": [1, 1]},
								"east": {"uv": [35, 32], "uv_size": [1, 1]},
								"south": {"uv": [35, 32], "uv_size": [1, 1]},
								"west": {"uv": [35, 32], "uv_size": [1, 1]},
								"up": {"uv": [36, 33], "uv_size": [-1, -1]},
								"down": {"uv": [36, 33], "uv_size": [-1, -1]}
							}
						},
						{
							"origin": [3.1, 7.4, 2],
							"size": [1.1, 4.1, 1.1],
							"uv": {
								"north": {"uv": [35, 32], "uv_size": [1, 1]},
								"east": {"uv": [35, 32], "uv_size": [1, 1]},
								"south": {"uv": [35, 32], "uv_size": [1, 1]},
								"west": {"uv": [35, 32], "uv_size": [1, 1]},
								"up": {"uv": [36, 33], "uv_size": [-1, -1]},
								"down": {"uv": [36, 33], "uv_size": [-1, -1]}
							}
						},
						{
							"origin": [-4.3, 7.4, 2],
							"size": [1.1, 4.1, 1],
							"uv": {
								"north": {"uv": [35, 32], "uv_size": [1, 1]},
								"east": {"uv": [35, 32], "uv_size": [1, 1]},
								"south": {"uv": [35, 32], "uv_size": [1, 1]},
								"west": {"uv": [35, 32], "uv_size": [1, 1]},
								"up": {"uv": [36, 33], "uv_size": [-1, -1]},
								"down": {"uv": [36, 33], "uv_size": [-1, -1]}
							}
						},
						{
							"origin": [-3.3, 6.3, 2],
							"size": [1.1, 2.2, 1],
							"uv": {
								"north": {"uv": [35, 32], "uv_size": [1, 1]},
								"east": {"uv": [35, 32], "uv_size": [1, 1]},
								"south": {"uv": [35, 32], "uv_size": [1, 1]},
								"west": {"uv": [35, 32], "uv_size": [1, 1]},
								"up": {"uv": [36, 33], "uv_size": [-1, -1]},
								"down": {"uv": [36, 33], "uv_size": [-1, -1]}
							}
						},
						{
							"origin": [2.1, 6.3, 2],
							"size": [1.1, 2.2, 1],
							"uv": {
								"north": {"uv": [35, 32], "uv_size": [1, 1]},
								"east": {"uv": [35, 32], "uv_size": [1, 1]},
								"south": {"uv": [35, 32], "uv_size": [1, 1]},
								"west": {"uv": [35, 32], "uv_size": [1, 1]},
								"up": {"uv": [36, 33], "uv_size": [-1, -1]},
								"down": {"uv": [36, 33], "uv_size": [-1, -1]}
							}
						},
						{
							"origin": [-2.2, 6.3, 2],
							"size": [4.3, 1.2, 1],
							"uv": {
								"north": {"uv": [35, 32], "uv_size": [1, 1]},
								"east": {"uv": [35, 32], "uv_size": [1, 1]},
								"south": {"uv": [35, 32], "uv_size": [1, 1]},
								"west": {"uv": [35, 32], "uv_size": [1, 1]},
								"up": {"uv": [36, 33], "uv_size": [-1, -1]},
								"down": {"uv": [36, 33], "uv_size": [-1, -1]}
							}
						},
						{
							"origin": [2.1, 11.5, 2],
							"size": [1, 1, 1],
							"uv": {
								"north": {"uv": [33, 32], "uv_size": [1, 1]},
								"east": {"uv": [33, 32], "uv_size": [1, 1]},
								"south": {"uv": [33, 32], "uv_size": [1, 1]},
								"west": {"uv": [33, 32], "uv_size": [1, 1]},
								"up": {"uv": [34, 33], "uv_size": [-1, -1]},
								"down": {"uv": [34, 33], "uv_size": [-1, -1]}
							}
						},
						{
							"origin": [-3.2, 11.5, 2],
							"size": [1.1, 1, 1],
							"uv": {
								"north": {"uv": [33, 32], "uv_size": [1, 1]},
								"east": {"uv": [33, 32], "uv_size": [1, 1]},
								"south": {"uv": [33, 32], "uv_size": [1, 1]},
								"west": {"uv": [33, 32], "uv_size": [1, 1]},
								"up": {"uv": [34, 33], "uv_size": [-1, -1]},
								"down": {"uv": [34, 33], "uv_size": [-1, -1]}
							}
						},
						{
							"origin": [2.1, 10.5, 2],
							"size": [1, 1, 1],
							"uv": {
								"north": {"uv": [33, 32], "uv_size": [1, 1]},
								"east": {"uv": [33, 32], "uv_size": [1, 1]},
								"south": {"uv": [33, 32], "uv_size": [1, 1]},
								"west": {"uv": [33, 32], "uv_size": [1, 1]},
								"up": {"uv": [34, 33], "uv_size": [-1, -1]},
								"down": {"uv": [34, 33], "uv_size": [-1, -1]}
							}
						},
						{
							"origin": [1, 10.5, 2],
							"size": [1.1, 1, 1],
							"uv": {
								"north": {"uv": [33, 32], "uv_size": [1, 1]},
								"east": {"uv": [33, 32], "uv_size": [1, 1]},
								"south": {"uv": [33, 32], "uv_size": [1, 1]},
								"west": {"uv": [33, 32], "uv_size": [1, 1]},
								"up": {"uv": [34, 33], "uv_size": [-1, -1]},
								"down": {"uv": [34, 33], "uv_size": [-1, -1]}
							}
						},
						{
							"origin": [1, 7.5, 2],
							"size": [1.1, 1, 1],
							"uv": {
								"north": {"uv": [33, 32], "uv_size": [1, 1]},
								"east": {"uv": [33, 32], "uv_size": [1, 1]},
								"south": {"uv": [33, 32], "uv_size": [1, 1]},
								"west": {"uv": [33, 32], "uv_size": [1, 1]},
								"up": {"uv": [34, 33], "uv_size": [-1, -1]},
								"down": {"uv": [34, 33], "uv_size": [-1, -1]}
							}
						},
						{
							"origin": [2.1, 8.5, 2],
							"size": [1, 1, 1],
							"uv": {
								"north": {"uv": [33, 32], "uv_size": [1, 1]},
								"east": {"uv": [33, 32], "uv_size": [1, 1]},
								"south": {"uv": [33, 32], "uv_size": [1, 1]},
								"west": {"uv": [33, 32], "uv_size": [1, 1]},
								"up": {"uv": [34, 33], "uv_size": [-1, -1]},
								"down": {"uv": [34, 33], "uv_size": [-1, -1]}
							}
						},
						{
							"origin": [-2.1, 10.5, 2],
							"size": [1, 1, 0.8],
							"uv": {
								"north": {"uv": [33, 32], "uv_size": [1, 1]},
								"east": {"uv": [33, 32], "uv_size": [1, 1]},
								"south": {"uv": [33, 32], "uv_size": [1, 1]},
								"west": {"uv": [33, 32], "uv_size": [1, 1]},
								"up": {"uv": [34, 33], "uv_size": [-1, -1]},
								"down": {"uv": [34, 33], "uv_size": [-1, -1]}
							}
						},
						{
							"origin": [-3.2, 8.5, 2],
							"size": [1.1, 1, 1],
							"uv": {
								"north": {"uv": [33, 32], "uv_size": [1, 1]},
								"east": {"uv": [33, 32], "uv_size": [1, 1]},
								"south": {"uv": [33, 32], "uv_size": [1, 1]},
								"west": {"uv": [33, 32], "uv_size": [1, 1]},
								"up": {"uv": [34, 33], "uv_size": [-1, -1]},
								"down": {"uv": [34, 33], "uv_size": [-1, -1]}
							}
						},
						{
							"origin": [-2.2, 7.5, 2],
							"size": [1, 1, 1.1],
							"uv": {
								"north": {"uv": [33, 32], "uv_size": [1, 1]},
								"east": {"uv": [33, 32], "uv_size": [1, 1]},
								"south": {"uv": [33, 32], "uv_size": [1, 1]},
								"west": {"uv": [33, 32], "uv_size": [1, 1]},
								"up": {"uv": [34, 33], "uv_size": [-1, -1]},
								"down": {"uv": [34, 33], "uv_size": [-1, -1]}
							}
						},
						{
							"origin": [-3.2, 10.5, 2],
							"size": [1.2, 1, 1],
							"uv": {
								"north": {"uv": [33, 32], "uv_size": [1, 1]},
								"east": {"uv": [33, 32], "uv_size": [1, 1]},
								"south": {"uv": [33, 32], "uv_size": [1, 1]},
								"west": {"uv": [33, 32], "uv_size": [1, 1]},
								"up": {"uv": [34, 33], "uv_size": [-1, -1]},
								"down": {"uv": [34, 33], "uv_size": [-1, -1]}
							}
						}
					]
				}
			]
		}
	]
}