{
	"format_version": "1.12.0",
	"minecraft:geometry": [
		{
			"description": {
				"identifier": "geometry.sanemitsuba",
				"texture_width": 32,
				"texture_height": 32,
				"visible_bounds_width": 7,
				"visible_bounds_height": 2.5,
				"visible_bounds_offset": [0, 0.75, 0]
			},
			"bones": [
				{
					"name": "root",
					"pivot": [0, 0, 0],
					"locators": {
						"aura": [0, 0, 0]
					}
				},
				{
					"name": "waist",
					"parent": "root",
					"pivot": [0, 12, 0]
				},
				{
					"name": "body",
					"parent": "waist",
					"pivot": [0, 24, 1]
				},
				{
					"name": "rightArm",
					"parent": "body",
					"pivot": [-5, 22, 1]
				},
				{
					"name": "rightItem",
					"parent": "rightArm",
					"pivot": [-5.4, 13.8, 1],
					"locators": {
						"lead_hold": [-5.4, 13.8, 1]
					}
				},
				{
					"name": "nichirin",
					"parent": "rightItem",
					"pivot": [0, 0, 0]
				},
				{
					"name": "blade",
					"parent": "nichirin",
					"pivot": [0, 0, 0]
				},
				{
					"name": "tsuba",
					"parent": "blade",
					"pivot": [0, 0, 0]
				},
				{
					"name": "inner_ring",
					"parent": "tsuba",
					"pivot": [0, -4, 0],
					"cubes": [
						{
							"origin": [0, 4, 0.9],
							"size": [1, 1, 2.2],
							"uv": {
								"north": {"uv": [26, 6], "uv_size": [1, 1]},
								"east": {"uv": [23, 2], "uv_size": [2, 1]},
								"south": {"uv": [7, 26], "uv_size": [1, 1]},
								"west": {"uv": [23, 3], "uv_size": [2, 1]},
								"up": {"uv": [12, 6], "uv_size": [1, 2]},
								"down": {"uv": [4, 16], "uv_size": [1, -2]}
							}
						},
						{
							"origin": [1, 0, 0.8],
							"size": [1, 4, 2.4],
							"uv": {
								"north": {"uv": [21, 20], "uv_size": [1, 4]},
								"east": {"uv": [12, 2], "uv_size": [2, 4]},
								"south": {"uv": [0, 22], "uv_size": [1, 4]},
								"west": {"uv": [5, 12], "uv_size": [2, 4]},
								"up": {"uv": [12, 16], "uv_size": [1, 2]},
								"down": {"uv": [4, 25], "uv_size": [1, -2]}
							}
						},
						{
							"origin": [0, 0, 1],
							"size": [1, 4, 2],
							"uv": {
								"north": {"uv": [1, 22], "uv_size": [1, 4]},
								"east": {"uv": [7, 12], "uv_size": [2, 4]},
								"south": {"uv": [2, 22], "uv_size": [1, 4]},
								"west": {"uv": [9, 12], "uv_size": [2, 4]},
								"up": {"uv": [23, 4], "uv_size": [1, 2]},
								"down": {"uv": [5, 25], "uv_size": [1, -2]}
							}
						},
						{
							"origin": [0, -1, 0.9],
							"size": [1, 1, 2.2],
							"uv": {
								"north": {"uv": [26, 7], "uv_size": [1, 1]},
								"east": {"uv": [8, 23], "uv_size": [2, 1]},
								"south": {"uv": [8, 26], "uv_size": [1, 1]},
								"west": {"uv": [10, 23], "uv_size": [2, 1]},
								"up": {"uv": [12, 23], "uv_size": [1, 2]},
								"down": {"uv": [13, 25], "uv_size": [1, -2]}
							}
						},
						{
							"origin": [-1, 0, 0.8],
							"size": [1, 4, 2.4],
							"uv": {
								"north": {"uv": [22, 2], "uv_size": [1, 4]},
								"east": {"uv": [11, 12], "uv_size": [2, 4]},
								"south": {"uv": [3, 22], "uv_size": [1, 4]},
								"west": {"uv": [13, 6], "uv_size": [2, 4]},
								"up": {"uv": [6, 23], "uv_size": [1, 2]},
								"down": {"uv": [7, 25], "uv_size": [1, -2]}
							}
						}
					]
				},
				{
					"name": "backsquare1",
					"parent": "tsuba",
					"pivot": [-1, -5, 0],
					"cubes": [
						{
							"origin": [-3.9, 3, 1],
							"size": [3.9, 3.9, 2],
							"uv": {
								"north": {"uv": [0, 0], "uv_size": [4, 4]},
								"east": {"uv": [13, 10], "uv_size": [2, 4]},
								"south": {"uv": [4, 0], "uv_size": [4, 4]},
								"west": {"uv": [0, 14], "uv_size": [2, 4]},
								"up": {"uv": [14, 2], "uv_size": [4, 2]},
								"down": {"uv": [14, 6], "uv_size": [4, -2]}
							}
						}
					]
				},
				{
					"name": "backsquare2",
					"parent": "tsuba",
					"pivot": [4, -5, 0],
					"cubes": [
						{
							"origin": [1, 3, 1],
							"size": [3.9, 3.9, 2],
							"uv": {
								"north": {"uv": [4, 0], "uv_size": [4, 4]},
								"east": {"uv": [2, 14], "uv_size": [2, 4]},
								"south": {"uv": [0, 0], "uv_size": [4, 4]},
								"west": {"uv": [13, 14], "uv_size": [2, 4]},
								"up": {"uv": [15, 6], "uv_size": [4, 2]},
								"down": {"uv": [15, 10], "uv_size": [4, -2]}
							}
						}
					]
				},
				{
					"name": "backsquare3",
					"parent": "tsuba",
					"pivot": [4, -11, 0],
					"cubes": [
						{
							"origin": [1, -2.9, 1],
							"size": [3.9, 3.9, 2],
							"uv": {
								"north": {"uv": [0, 8], "uv_size": [4, 4]},
								"east": {"uv": [15, 10], "uv_size": [2, 4]},
								"south": {"uv": [4, 8], "uv_size": [4, 4]},
								"west": {"uv": [15, 14], "uv_size": [2, 4]},
								"up": {"uv": [4, 16], "uv_size": [4, 2]},
								"down": {"uv": [8, 18], "uv_size": [4, -2]}
							}
						}
					]
				},
				{
					"name": "backsquare4",
					"parent": "tsuba",
					"pivot": [-1, -11, 0],
					"cubes": [
						{
							"origin": [-3.9, -2.9, 1],
							"size": [3.9, 3.9, 2],
							"uv": {
								"north": {"uv": [4, 8], "uv_size": [4, 4]},
								"east": {"uv": [17, 10], "uv_size": [2, 4]},
								"south": {"uv": [0, 8], "uv_size": [4, 4]},
								"west": {"uv": [17, 14], "uv_size": [2, 4]},
								"up": {"uv": [17, 0], "uv_size": [4, 2]},
								"down": {"uv": [0, 20], "uv_size": [4, -2]}
							}
						}
					]
				},
				{
					"name": "frontsquare2",
					"parent": "tsuba",
					"pivot": [1, -11, 0],
					"cubes": [
						{
							"origin": [-1, -1, 0.8],
							"size": [3, 1, 2.4],
							"uv": {
								"north": {"uv": [22, 8], "uv_size": [3, 1]},
								"east": {"uv": [14, 23], "uv_size": [2, 1]},
								"south": {"uv": [22, 9], "uv_size": [3, 1]},
								"west": {"uv": [16, 23], "uv_size": [2, 1]},
								"up": {"uv": [12, 18], "uv_size": [3, 2]},
								"down": {"uv": [15, 20], "uv_size": [3, -2]}
							}
						},
						{
							"origin": [-1, -3, 0.8],
							"size": [3, 1, 2.4],
							"uv": {
								"north": {"uv": [22, 10], "uv_size": [3, 1]},
								"east": {"uv": [14, 24], "uv_size": [2, 1]},
								"south": {"uv": [22, 11], "uv_size": [3, 1]},
								"west": {"uv": [16, 24], "uv_size": [2, 1]},
								"up": {"uv": [18, 18], "uv_size": [3, 2]},
								"down": {"uv": [19, 8], "uv_size": [3, -2]}
							}
						},
						{
							"origin": [0, -4, 0.8],
							"size": [1, 1, 2.4],
							"uv": {
								"north": {"uv": [9, 26], "uv_size": [1, 1]},
								"east": {"uv": [18, 23], "uv_size": [2, 1]},
								"south": {"uv": [10, 26], "uv_size": [1, 1]},
								"west": {"uv": [22, 23], "uv_size": [2, 1]},
								"up": {"uv": [20, 23], "uv_size": [1, 2]},
								"down": {"uv": [24, 6], "uv_size": [1, -2]}
							}
						},
						{
							"origin": [-2, -2, 0.8],
							"size": [5, 1, 2.4],
							"uv": {
								"north": {"uv": [21, 0], "uv_size": [5, 1]},
								"east": {"uv": [8, 24], "uv_size": [2, 1]},
								"south": {"uv": [21, 1], "uv_size": [5, 1]},
								"west": {"uv": [10, 24], "uv_size": [2, 1]},
								"up": {"uv": [8, 8], "uv_size": [5, 2]},
								"down": {"uv": [8, 12], "uv_size": [5, -2]}
							}
						}
					]
				},
				{
					"name": "frontsquare1",
					"parent": "tsuba",
					"pivot": [0, 15, 0],
					"rotation": [0, 0, -180],
					"cubes": [
						{
							"origin": [-2, 25, 0.8],
							"size": [3, 1, 2.4],
							"uv": {
								"north": {"uv": [22, 8], "uv_size": [3, 1]},
								"east": {"uv": [14, 23], "uv_size": [2, 1]},
								"south": {"uv": [22, 9], "uv_size": [3, 1]},
								"west": {"uv": [16, 23], "uv_size": [2, 1]},
								"up": {"uv": [12, 18], "uv_size": [3, 2]},
								"down": {"uv": [15, 20], "uv_size": [3, -2]}
							}
						},
						{
							"origin": [-2, 23, 0.8],
							"size": [3, 1, 2.4],
							"uv": {
								"north": {"uv": [22, 10], "uv_size": [3, 1]},
								"east": {"uv": [14, 24], "uv_size": [2, 1]},
								"south": {"uv": [22, 11], "uv_size": [3, 1]},
								"west": {"uv": [16, 24], "uv_size": [2, 1]},
								"up": {"uv": [18, 18], "uv_size": [3, 2]},
								"down": {"uv": [19, 8], "uv_size": [3, -2]}
							}
						},
						{
							"origin": [-1, 22, 0.8],
							"size": [1, 1, 2.4],
							"uv": {
								"north": {"uv": [9, 26], "uv_size": [1, 1]},
								"east": {"uv": [18, 23], "uv_size": [2, 1]},
								"south": {"uv": [10, 26], "uv_size": [1, 1]},
								"west": {"uv": [22, 23], "uv_size": [2, 1]},
								"up": {"uv": [20, 23], "uv_size": [1, 2]},
								"down": {"uv": [24, 6], "uv_size": [1, -2]}
							}
						},
						{
							"origin": [-3, 24, 0.8],
							"size": [5, 1, 2.4],
							"uv": {
								"north": {"uv": [21, 0], "uv_size": [5, 1]},
								"east": {"uv": [8, 24], "uv_size": [2, 1]},
								"south": {"uv": [21, 1], "uv_size": [5, 1]},
								"west": {"uv": [10, 24], "uv_size": [2, 1]},
								"up": {"uv": [8, 8], "uv_size": [5, 2]},
								"down": {"uv": [8, 12], "uv_size": [5, -2]}
							}
						}
					]
				},
				{
					"name": "frontsquare3",
					"parent": "tsuba",
					"pivot": [4, -7.5, 0],
					"cubes": [
						{
							"origin": [2, 2.5, 0.8],
							"size": [3, 1, 2.4],
							"uv": {
								"north": {"uv": [15, 22], "uv_size": [3, 1]},
								"east": {"uv": [25, 8], "uv_size": [2, 1]},
								"south": {"uv": [22, 15], "uv_size": [3, 1]},
								"west": {"uv": [9, 25], "uv_size": [2, 1]},
								"up": {"uv": [19, 16], "uv_size": [3, 2]},
								"down": {"uv": [0, 22], "uv_size": [3, -2]}
							}
						},
						{
							"origin": [2, 0.5, 0.8],
							"size": [3, 1, 2.4],
							"uv": {
								"north": {"uv": [22, 16], "uv_size": [3, 1]},
								"east": {"uv": [25, 9], "uv_size": [2, 1]},
								"south": {"uv": [22, 17], "uv_size": [3, 1]},
								"west": {"uv": [25, 10], "uv_size": [2, 1]},
								"up": {"uv": [3, 20], "uv_size": [3, 2]},
								"down": {"uv": [6, 22], "uv_size": [3, -2]}
							}
						},
						{
							"origin": [3, -0.5, 0.8],
							"size": [1, 1, 2.4],
							"uv": {
								"north": {"uv": [26, 12], "uv_size": [1, 1]},
								"east": {"uv": [11, 25], "uv_size": [2, 1]},
								"south": {"uv": [26, 13], "uv_size": [1, 1]},
								"west": {"uv": [25, 11], "uv_size": [2, 1]},
								"up": {"uv": [25, 12], "uv_size": [1, 2]},
								"down": {"uv": [13, 27], "uv_size": [1, -2]}
							}
						},
						{
							"origin": [3, 3.5, 0.8],
							"size": [1, 1, 2.4],
							"uv": {
								"north": {"uv": [14, 26], "uv_size": [1, 1]},
								"east": {"uv": [25, 15], "uv_size": [2, 1]},
								"south": {"uv": [15, 26], "uv_size": [1, 1]},
								"west": {"uv": [16, 25], "uv_size": [2, 1]},
								"up": {"uv": [25, 16], "uv_size": [1, 2]},
								"down": {"uv": [18, 27], "uv_size": [1, -2]}
							}
						},
						{
							"origin": [2, 1.5, 0.8],
							"size": [4, 1, 2.4],
							"uv": {
								"north": {"uv": [4, 22], "uv_size": [4, 1]},
								"east": {"uv": [14, 25], "uv_size": [2, 1]},
								"south": {"uv": [22, 6], "uv_size": [4, 1]},
								"west": {"uv": [25, 14], "uv_size": [2, 1]},
								"up": {"uv": [18, 2], "uv_size": [4, 2]},
								"down": {"uv": [4, 20], "uv_size": [4, -2]}
							}
						}
					]
				},
				{
					"name": "frontsquare4",
					"parent": "tsuba",
					"pivot": [-3, -7.5, 4],
					"rotation": [0, 180, 0],
					"cubes": [
						{
							"origin": [-5, 2.5, 4.8],
							"size": [3, 1, 2.4],
							"uv": {
								"north": {"uv": [15, 22], "uv_size": [3, 1]},
								"east": {"uv": [25, 8], "uv_size": [2, 1]},
								"south": {"uv": [22, 15], "uv_size": [3, 1]},
								"west": {"uv": [9, 25], "uv_size": [2, 1]},
								"up": {"uv": [19, 16], "uv_size": [3, 2]},
								"down": {"uv": [0, 22], "uv_size": [3, -2]}
							}
						},
						{
							"origin": [-5, 0.5, 4.8],
							"size": [3, 1, 2.4],
							"uv": {
								"north": {"uv": [22, 16], "uv_size": [3, 1]},
								"east": {"uv": [25, 9], "uv_size": [2, 1]},
								"south": {"uv": [22, 17], "uv_size": [3, 1]},
								"west": {"uv": [25, 10], "uv_size": [2, 1]},
								"up": {"uv": [3, 20], "uv_size": [3, 2]},
								"down": {"uv": [6, 22], "uv_size": [3, -2]}
							}
						},
						{
							"origin": [-4, -0.5, 4.8],
							"size": [1, 1, 2.4],
							"uv": {
								"north": {"uv": [26, 12], "uv_size": [1, 1]},
								"east": {"uv": [11, 25], "uv_size": [2, 1]},
								"south": {"uv": [26, 13], "uv_size": [1, 1]},
								"west": {"uv": [25, 11], "uv_size": [2, 1]},
								"up": {"uv": [25, 12], "uv_size": [1, 2]},
								"down": {"uv": [13, 27], "uv_size": [1, -2]}
							}
						},
						{
							"origin": [-4, 3.5, 4.8],
							"size": [1, 1, 2.4],
							"uv": {
								"north": {"uv": [14, 26], "uv_size": [1, 1]},
								"east": {"uv": [25, 15], "uv_size": [2, 1]},
								"south": {"uv": [15, 26], "uv_size": [1, 1]},
								"west": {"uv": [16, 25], "uv_size": [2, 1]},
								"up": {"uv": [25, 16], "uv_size": [1, 2]},
								"down": {"uv": [18, 27], "uv_size": [1, -2]}
							}
						},
						{
							"origin": [-5, 1.5, 4.8],
							"size": [4, 1, 2.4],
							"uv": {
								"north": {"uv": [4, 22], "uv_size": [4, 1]},
								"east": {"uv": [14, 25], "uv_size": [2, 1]},
								"south": {"uv": [22, 6], "uv_size": [4, 1]},
								"west": {"uv": [25, 14], "uv_size": [2, 1]},
								"up": {"uv": [18, 2], "uv_size": [4, 2]},
								"down": {"uv": [4, 20], "uv_size": [4, -2]}
							}
						}
					]
				}
			]
		}
	]
}