{
	"format_version": "1.12.0",
	"minecraft:geometry": [
		{
			"description": {
				"identifier": "geometry.sclera",
				"texture_width": 16,
				"texture_height": 16,
				"visible_bounds_width": 6,
				"visible_bounds_height": 4.5,
				"visible_bounds_offset": [0, 1.75, 0]
			},
			"bones": [
				{
					"name": "root",
					"pivot": [0, 0, 0]
				},
				{
					"name": "waist",
					"parent": "root",
					"pivot": [0, 12, 0]
				},
				{
					"name": "body",
					"parent": "waist",
					"pivot": [0, 24, 0]
				},
				{
					"name": "head",
					"parent": "body",
					"pivot": [0, 24, 0]
				},
				{
					"name": "eyes",
					"parent": "head",
					"pivot": [0, 24, 0]
				},
				{
					"name": "leftEye",
					"parent": "eyes",
					"pivot": [0, 24, 0],
					"cubes": [
						{
							"origin": [-3, 26, -4.03],
							"size": [1, 1, 0.02],
							"uv": {
								"north": {"uv": [16, 0], "uv_size": [-8, 8]},
								"east": {"uv": [0, 0.25], "uv_size": [0, 0.25]},
								"south": {"uv": [0, 0], "uv_size": [16, 8]},
								"west": {"uv": [0.5, 0.25], "uv_size": [0, 0.25]},
								"up": {"uv": [0.75, 0.25], "uv_size": [-0.25, 0]},
								"down": {"uv": [1, 0], "uv_size": [-0.25, 0]}
							}
						}
					]
				},
				{
					"name": "rightEye",
					"parent": "eyes",
					"pivot": [0, 24, 0],
					"cubes": [
						{
							"origin": [2, 26, -4.03],
							"size": [1, 1, 0.02],
							"uv": {
								"north": {"uv": [8, 0], "uv_size": [8, 8]},
								"east": {"uv": [0, 0.25], "uv_size": [0, 0.25]},
								"south": {"uv": [16, 0], "uv_size": [-16, 8]},
								"west": {"uv": [0.5, 0.25], "uv_size": [0, 0.25]},
								"up": {"uv": [0.75, 0.25], "uv_size": [-0.25, 0]},
								"down": {"uv": [1, 0], "uv_size": [-0.25, 0]}
							}
						}
					]
				}
			]
		}
	]
}