{
	"format_version": "1.12.0",
	"minecraft:geometry": [
		{
			"description": {
				"identifier": "geometry.sheath",
				"texture_width": 64,
				"texture_height": 64,
				"visible_bounds_width": 7,
				"visible_bounds_height": 3.5,
				"visible_bounds_offset": [0, 1.25, 0]
			},
			"bones": [
				{
					"name": "root",
					"pivot": [0, 0, 0],
					"locators": {
						"aura": [0, 0, 0]
					}
				},
				{
					"name": "waist",
					"parent": "root",
					"pivot": [0, 12, 0]
				},
				{
					"name": "body",
					"parent": "waist",
					"pivot": [0, 24, 1]
				},
				{
					"name": "scabbard",
					"parent": "body",
					"pivot": [9.6, 18.87589, 4],
					"rotation": [-15.15108, -9.84655, 1.75378]
				},
				{
					"name": "sheathmove",
					"parent": "scabbard",
					"pivot": [0, 0, 0],
					"cubes": [
						{
							"origin": [10.11303, 17.54844, -7.64694],
							"size": [0.4, 2, 15],
							"uv": {
								"north": {"uv": [4, 5], "uv_size": [1, -1]},
								"east": {"uv": [19, 4], "uv_size": [30, -4]},
								"south": {"uv": [3, 1], "uv_size": [1, -1]},
								"west": {"uv": [49, 4], "uv_size": [-30, -4]},
								"up": {"uv": [1, 20], "uv_size": [-1, 30]},
								"down": {"uv": [0, 50], "uv_size": [0.3, -30]}
							}
						},
						{
							"origin": [9.81303, 17.74844, -7.64694],
							"size": [0.3, 1.5, 15],
							"uv": {
								"north": {"uv": [3, 8], "uv_size": [0.9, -4]},
								"east": {"uv": [19, 3], "uv_size": [30, -3]},
								"south": {"uv": [2, 4], "uv_size": [2, -4]},
								"west": {"uv": [49, 4], "uv_size": [-49, -4]},
								"up": {"uv": [0.3, 20], "uv_size": [-0.3, 30]},
								"down": {"uv": [0, 50], "uv_size": [0.3, -30]}
							}
						},
						{
							"origin": [10.51303, 17.74844, -7.64694],
							"size": [0.3, 1.5, 15],
							"uv": {
								"north": {"uv": [3, 8], "uv_size": [0.9, -4]},
								"east": {"uv": [19, 3], "uv_size": [30, -3]},
								"south": {"uv": [2, 4], "uv_size": [2, -4]},
								"west": {"uv": [49, 4], "uv_size": [-30, -4]},
								"up": {"uv": [0.3, 20], "uv_size": [-0.3, 30]},
								"down": {"uv": [0, 50], "uv_size": [0.3, -30]}
							}
						},
						{
							"origin": [10.81303, 17.54844, -8.64694],
							"size": [0.3, 2, 1],
							"uv": {
								"north": {"uv": [3, 8], "uv_size": [0.9, -4]},
								"east": {"uv": [2, 4], "uv_size": [-2, -4]},
								"south": {"uv": [3, 8], "uv_size": [2, -4]},
								"west": {"uv": [2, 4], "uv_size": [-2, -4]},
								"up": {"uv": [0.5, 0.5], "uv_size": [-0.5, -0.5]},
								"down": {"uv": [0.7, 48.5], "uv_size": [-0.5, -0.5]}
							}
						},
						{
							"origin": [9.81303, 17.54844, -8.64694],
							"size": [1, 2, 1],
							"uv": {
								"north": {"uv": [5, 8], "uv_size": [2, -4]},
								"east": {"uv": [0, 4], "uv_size": [49, -4]},
								"south": {"uv": [4, 5], "uv_size": [1, -1]},
								"west": {"uv": [49, 4], "uv_size": [-49, -4]},
								"up": {"uv": [1, 2], "uv_size": [-1, 48]},
								"down": {"uv": [0, 2], "uv_size": [1, 48]}
							}
						},
						{
							"origin": [9.51303, 17.54844, -8.64694],
							"size": [0.3, 2, 1],
							"uv": {
								"north": {"uv": [3, 8], "uv_size": [0.9, -4]},
								"east": {"uv": [2, 4], "uv_size": [-2, -4]},
								"south": {"uv": [3, 8], "uv_size": [2, -4]},
								"west": {"uv": [49, 4], "uv_size": [-2, -4]},
								"up": {"uv": [0.5, 0.5], "uv_size": [-0.5, -0.5]},
								"down": {"uv": [0.7, 48.5], "uv_size": [-0.5, -0.5]}
							}
						},
						{
							"origin": [9.81303, 19.54844, -8.64694],
							"size": [1, 0.3, 1],
							"uv": {
								"north": {"uv": [3, 8], "uv_size": [3, -1]},
								"east": {"uv": [0, 0], "uv_size": [0.5, 0.5]},
								"south": {"uv": [3, 8], "uv_size": [3, -1]},
								"west": {"uv": [0, 0], "uv_size": [0.5, 0.5]},
								"up": {"uv": [1, 1], "uv_size": [-1, -1]},
								"down": {"uv": [1.2, 1], "uv_size": [-1, -1]}
							}
						},
						{
							"origin": [9.81303, 17.24844, -8.64694],
							"size": [1, 0.3, 1],
							"uv": {
								"north": {"uv": [3, 8], "uv_size": [3, -1]},
								"east": {"uv": [0, 0], "uv_size": [0.5, 0.5]},
								"south": {"uv": [3, 8], "uv_size": [3, -1]},
								"west": {"uv": [0, 0], "uv_size": [0.5, 0.5]},
								"up": {"uv": [0.5, 48.5], "uv_size": [-0.5, -0.5]},
								"down": {"uv": [0.7, 48.5], "uv_size": [-0.5, -0.5]}
							}
						},
						{
							"origin": [10.11303, 17.04844, 7.35306],
							"size": [0.4, 2, 4],
							"uv": {
								"north": {"uv": [3, 4], "uv_size": [1, -4]},
								"east": {"uv": [11, 4], "uv_size": [8, -4]},
								"south": {"uv": [3, 4], "uv_size": [1, -4]},
								"west": {"uv": [19, 4], "uv_size": [-8, -4]},
								"up": {"uv": [1, 26], "uv_size": [-1, 8]},
								"down": {"uv": [0, 26], "uv_size": [1, 8]}
							}
						},
						{
							"origin": [9.81303, 17.24844, 7.35306],
							"size": [0.3, 1.5, 4],
							"uv": {
								"north": {"uv": [3, 4], "uv_size": [0.9, -4]},
								"east": {"uv": [11, 3], "uv_size": [8, -3]},
								"south": {"uv": [3, 4], "uv_size": [2, -4]},
								"west": {"uv": [19, 4], "uv_size": [-8, -4]},
								"up": {"uv": [0.3, 26], "uv_size": [-0.3, 8]},
								"down": {"uv": [0, 26], "uv_size": [0.2, 8]}
							}
						},
						{
							"origin": [10.51303, 17.24844, 7.35306],
							"size": [0.3, 1.5, 4],
							"uv": {
								"north": {"uv": [3, 4], "uv_size": [0.9, -4]},
								"east": {"uv": [11, 3], "uv_size": [8, -3]},
								"south": {"uv": [3, 4], "uv_size": [2, -4]},
								"west": {"uv": [19, 4], "uv_size": [-8, -4]},
								"up": {"uv": [0.3, 26], "uv_size": [-0.3, 8]},
								"down": {"uv": [0, 26], "uv_size": [0.2, 8]}
							}
						},
						{
							"origin": [10.11303, 16.54844, 11.35306],
							"size": [0.4, 2, 2],
							"uv": {
								"north": {"uv": [3, 4], "uv_size": [1, -4]},
								"east": {"uv": [8, 4], "uv_size": [2, -4]},
								"south": {"uv": [3, 4], "uv_size": [1, -4]},
								"west": {"uv": [10, 4], "uv_size": [-2, -4]},
								"up": {"uv": [1, 4], "uv_size": [-1, 4]},
								"down": {"uv": [0, 4], "uv_size": [1, 4]}
							}
						},
						{
							"origin": [9.81303, 16.74844, 11.35306],
							"size": [0.3, 1.5, 2],
							"uv": {
								"north": {"uv": [3, 4], "uv_size": [0.9, -4]},
								"east": {"uv": [8, 3], "uv_size": [2, -3]},
								"south": {"uv": [3, 4], "uv_size": [2, -4]},
								"west": {"uv": [10, 4], "uv_size": [-2, -4]},
								"up": {"uv": [0.3, 4], "uv_size": [-0.3, 4]},
								"down": {"uv": [0, 4], "uv_size": [0.2, 4]}
							}
						},
						{
							"origin": [10.11303, 16.04844, 13.35306],
							"size": [0.4, 2, 1],
							"uv": {
								"north": {"uv": [6, 3.5], "uv_size": [2, -3]},
								"east": {"uv": [7, 4], "uv_size": [1, -4]},
								"south": {"uv": [4, 4], "uv_size": [2, -4]},
								"west": {"uv": [8, 4], "uv_size": [-1, -4]},
								"up": {"uv": [1, 6], "uv_size": [-1, 1]},
								"down": {"uv": [0, 6], "uv_size": [1, 1]}
							}
						},
						{
							"origin": [10.51303, 16.74844, 11.35306],
							"size": [0.3, 1.5, 2],
							"uv": {
								"north": {"uv": [3, 4], "uv_size": [0.9, -4]},
								"east": {"uv": [8, 3], "uv_size": [2, -3]},
								"south": {"uv": [3, 4], "uv_size": [2, -4]},
								"west": {"uv": [10, 4], "uv_size": [-2, -4]},
								"up": {"uv": [0.3, 4], "uv_size": [-0.3, 4]},
								"down": {"uv": [0, 4], "uv_size": [0.2, 4]}
							}
						},
						{
							"origin": [10.51303, 16.24844, 13.35306],
							"size": [0.3, 1.5, 1],
							"uv": {
								"north": {"uv": [4, 4], "uv_size": [0.9, -4]},
								"east": {"uv": [7, 3], "uv_size": [1, -3]},
								"south": {"uv": [4, 4], "uv_size": [2, -4]},
								"west": {"uv": [8, 4], "uv_size": [-1, -4]},
								"up": {"uv": [0.3, 6], "uv_size": [-0.3, 1]},
								"down": {"uv": [0, 6], "uv_size": [0.2, 1]}
							}
						},
						{
							"origin": [9.81303, 16.24844, 13.35306],
							"size": [0.3, 1.5, 1],
							"uv": {
								"north": {"uv": [4, 4], "uv_size": [0.9, -4]},
								"east": {"uv": [7, 3], "uv_size": [1, -3]},
								"south": {"uv": [4, 4], "uv_size": [2, -4]},
								"west": {"uv": [8, 4], "uv_size": [-1, -4]},
								"up": {"uv": [0.3, 6], "uv_size": [-0.3, 1]},
								"down": {"uv": [0, 6], "uv_size": [0.2, 1]}
							}
						},
						{
							"origin": [10.51303, 16.24844, 14.35306],
							"size": [0.3, 1, 1],
							"uv": {
								"north": {"uv": [3, 5], "uv_size": [0.9, -1]},
								"east": {"uv": [0, 4], "uv_size": [2, -4]},
								"south": {"uv": [3, 5], "uv_size": [2, -1]},
								"west": {"uv": [2, 2], "uv_size": [-2, -2]},
								"up": {"uv": [-0.3, 0], "uv_size": [0.3, 4]},
								"down": {"uv": [0, 0], "uv_size": [-0.2, 4]}
							}
						},
						{
							"origin": [10.11303, 16.04844, 14.35306],
							"size": [0.4, 1.5, 1],
							"uv": {
								"north": {"uv": [5, 4.5], "uv_size": [2, 0]},
								"east": {"uv": [0, 4], "uv_size": [2, -4]},
								"south": {"uv": [3, 5], "uv_size": [2, -1]},
								"west": {"uv": [2, 4], "uv_size": [-2, -4]},
								"up": {"uv": [-1, 0], "uv_size": [1, 4]},
								"down": {"uv": [0, 0], "uv_size": [-1, 4]}
							}
						},
						{
							"origin": [9.81303, 16.24844, 14.35306],
							"size": [0.3, 1, 1],
							"uv": {
								"north": {"uv": [3, 5], "uv_size": [0.9, -1]},
								"east": {"uv": [0, 2], "uv_size": [2, -2]},
								"south": {"uv": [3, 5], "uv_size": [2, -1]},
								"west": {"uv": [2, 3], "uv_size": [-2, -3]},
								"up": {"uv": [-0.3, 0], "uv_size": [0.3, 4]},
								"down": {"uv": [0, 0], "uv_size": [-0.2, 4]}
							}
						}
					]
				}
			]
		}
	]
}