{
	"format_version": "1.12.0",
	"minecraft:geometry": [
		{
			"description": {
				"identifier": "geometry.sheathrope",
				"texture_width": 16,
				"texture_height": 16,
				"visible_bounds_width": 7,
				"visible_bounds_height": 3.5,
				"visible_bounds_offset": [0, 1.25, 0]
			},
			"bones": [
				{
					"name": "root",
					"pivot": [0, 0, 0],
					"locators": {
						"aura": [0, 0, 0]
					}
				},
				{
					"name": "waist",
					"parent": "root",
					"pivot": [0, 12, 0]
				},
				{
					"name": "body",
					"parent": "waist",
					"pivot": [0, 24, 1]
				},
				{
					"name": "scabbard",
					"parent": "body",
					"pivot": [9.6, 18.87589, 4],
					"rotation": [-15.15108, -9.84655, 1.75378]
				},
				{
					"name": "sheathmove",
					"parent": "scabbard",
					"pivot": [0, 0, 0],
					"cubes": [
						{
							"origin": [10.81303, 17.74844, -6.64694],
							"size": [0.5, 1.5, 0.5],
							"uv": {
								"north": {"uv": [0, 0], "uv_size": [1, 3]},
								"east": {"uv": [0, 0], "uv_size": [1, 3]},
								"south": {"uv": [0, 0], "uv_size": [1, 3]},
								"west": {"uv": [0, 0], "uv_size": [1, 3]},
								"up": {"uv": [1, 6], "uv_size": [1, 1]},
								"down": {"uv": [2, 7], "uv_size": [1, -1]}
							}
						},
						{
							"origin": [9.31303, 17.74844, -6.64694],
							"size": [0.5, 1.5, 0.5],
							"uv": {
								"north": {"uv": [0, 0], "uv_size": [1, 3]},
								"east": {"uv": [0, 0], "uv_size": [1, 3]},
								"south": {"uv": [0, 0], "uv_size": [1, 3]},
								"west": {"uv": [0, 0], "uv_size": [1, 3]},
								"up": {"uv": [1, 6], "uv_size": [1, 1]},
								"down": {"uv": [2, 7], "uv_size": [1, -1]}
							}
						},
						{
							"origin": [10.81303, 16.24844, -6.64694],
							"size": [0.5, 1.5, 0.5],
							"uv": {
								"north": {"uv": [0, 3], "uv_size": [1, 3]},
								"east": {"uv": [0, 3], "uv_size": [1, 3]},
								"south": {"uv": [0, 3], "uv_size": [1, 3]},
								"west": {"uv": [0, 3], "uv_size": [1, 3]},
								"up": {"uv": [1, 6], "uv_size": [1, 1]},
								"down": {"uv": [2, 7], "uv_size": [1, -1]}
							}
						},
						{
							"origin": [9.81303, 17.24844, -6.64694],
							"size": [1, 0.5, 0.5],
							"uv": {
								"north": {"uv": [7, 0], "uv_size": [2, 1]},
								"east": {"uv": [1, 7], "uv_size": [1, 1]},
								"south": {"uv": [9, 0], "uv_size": [-2, 1]},
								"west": {"uv": [2, 7], "uv_size": [1, 1]},
								"up": {"uv": [7, 0], "uv_size": [2, 1]},
								"down": {"uv": [7, 1], "uv_size": [2, -1]}
							}
						},
						{
							"origin": [9.81303, 19.24844, -6.64694],
							"size": [1, 0.5, 0.5],
							"uv": {
								"north": {"uv": [7, 0], "uv_size": [2, 1]},
								"east": {"uv": [1, 7], "uv_size": [1, 1]},
								"south": {"uv": [9, 0], "uv_size": [-2, 1]},
								"west": {"uv": [2, 7], "uv_size": [1, 1]},
								"up": {"uv": [7, 0], "uv_size": [2, 1]},
								"down": {"uv": [7, 1], "uv_size": [2, -1]}
							}
						},
						{
							"origin": [10.81303, 17.74844, -5.94694],
							"size": [0.5, 1.5, 0.5],
							"uv": {
								"north": {"uv": [0, 0], "uv_size": [1, 3]},
								"east": {"uv": [0, 0], "uv_size": [1, 3]},
								"south": {"uv": [0, 0], "uv_size": [1, 3]},
								"west": {"uv": [0, 0], "uv_size": [1, 3]},
								"up": {"uv": [1, 6], "uv_size": [1, 1]},
								"down": {"uv": [2, 7], "uv_size": [1, -1]}
							}
						},
						{
							"origin": [9.81303, 17.24844, -5.94694],
							"size": [1, 0.5, 0.5],
							"uv": {
								"north": {"uv": [7, 0], "uv_size": [2, 1]},
								"east": {"uv": [1, 7], "uv_size": [1, 1]},
								"south": {"uv": [9, 0], "uv_size": [-2, 1]},
								"west": {"uv": [2, 7], "uv_size": [1, 1]},
								"up": {"uv": [7, 0], "uv_size": [2, 1]},
								"down": {"uv": [7, 1], "uv_size": [2, -1]}
							}
						},
						{
							"origin": [9.31303, 17.74844, -5.94694],
							"size": [0.5, 1.5, 0.5],
							"uv": {
								"north": {"uv": [0, 0], "uv_size": [1, 3]},
								"east": {"uv": [0, 0], "uv_size": [1, 3]},
								"south": {"uv": [0, 0], "uv_size": [1, 3]},
								"west": {"uv": [0, 0], "uv_size": [1, 3]},
								"up": {"uv": [1, 6], "uv_size": [1, 1]},
								"down": {"uv": [2, 7], "uv_size": [1, -1]}
							}
						},
						{
							"origin": [9.81303, 19.24844, -5.94694],
							"size": [1, 0.5, 0.5],
							"uv": {
								"north": {"uv": [7, 0], "uv_size": [2, 1]},
								"east": {"uv": [1, 7], "uv_size": [1, 1]},
								"south": {"uv": [9, 0], "uv_size": [-2, 1]},
								"west": {"uv": [2, 7], "uv_size": [1, 1]},
								"up": {"uv": [7, 0], "uv_size": [2, 1]},
								"down": {"uv": [7, 1], "uv_size": [2, -1]}
							}
						}
					]
				}
			]
		}
	]
}