{
	"format_version": "1.12.0",
	"minecraft:geometry": [
		{
			"description": {
				"identifier": "geometry.strawcoat",
				"texture_width": 64,
				"texture_height": 64,
				"visible_bounds_width": 3,
				"visible_bounds_height": 3.5,
				"visible_bounds_offset": [0, 1.25, 0]
			},
			"bones": [
				{
					"name": "root",
					"pivot": [0, 0, 0]
				},
				{
					"name": "waist",
					"parent": "root",
					"pivot": [0, 12, 0]
				},
				{
					"name": "body",
					"parent": "waist",
					"pivot": [0, 24, 0]
				},
				{
					"name": "strawcoat",
					"parent": "waist",
					"pivot": [0, 12, 0]
				},
				{
					"name": "strawlayer1",
					"parent": "strawcoat",
					"pivot": [0, 25, 0],
					"cubes": [
						{"origin": [-9, 17, 3], "size": [18, 8, 0], "pivot": [0, 25, 0], "rotation": [22.5, 0, 0], "uv": [0, 0]}
					]
				},
				{
					"name": "left1",
					"parent": "strawlayer1",
					"pivot": [3, 25, 0],
					"rotation": [0, 37.5, 0],
					"cubes": [
						{"origin": [4.17341, 16.06815, 5.24969], "size": [4, 8, 0], "pivot": [3, 25, 0], "rotation": [22.5, 0, 0], "uv": [40, 32]}
					]
				},
				{
					"name": "left2",
					"parent": "strawlayer1",
					"pivot": [3, 25, 0],
					"rotation": [0, 72.5, 0],
					"cubes": [
						{"origin": [2.20282, 15.54011, 6.52448], "size": [5, 8, 0], "pivot": [3, 25, 0], "rotation": [22.5, 0, 0], "uv": [36, 8]}
					]
				},
				{
					"name": "right2",
					"parent": "strawlayer1",
					"pivot": [-3, 25, 0],
					"rotation": [0, -72.5, 0],
					"cubes": [
						{"origin": [-6.20282, 15.54011, 6.52448], "size": [5, 8, 0], "pivot": [-3, 25, 0], "rotation": [22.5, 0, 0], "uv": [36, 0]},
						{"origin": [-5.30549, 17.70895, 4.34237], "size": [5, 8, 0], "pivot": [-3, 25, 0], "rotation": [53.36049, -2.57422, 9.30746], "uv": [36, 0]},
						{"origin": [-6.82716, 12.88366, 7.56745], "size": [5, 8, 0], "pivot": [-3, 25, 0], "rotation": [-126.63951, 2.57422, 170.69254], "uv": [36, 0]}
					]
				},
				{
					"name": "right1",
					"parent": "strawlayer1",
					"pivot": [-3, 25, 0],
					"rotation": [0, -37.5, 0],
					"cubes": [
						{"origin": [-8.17341, 16.06815, 5.24969], "size": [4, 8, 0], "pivot": [-3, 25, 0], "rotation": [22.5, 0, 0], "uv": [32, 40]},
						{"origin": [-5.80597, 17.84306, 4.0186], "size": [4, 8, 0], "pivot": [-3, 25, 0], "rotation": [41.64906, -4.33777, 25.30856], "uv": [32, 40]},
						{"origin": [-9.82062, 13.68578, 5.63096], "size": [4, 8, 0], "pivot": [-3, 25, 0], "rotation": [-138.35094, 4.33777, 154.69144], "uv": [32, 40]}
					]
				},
				{
					"name": "strawlayer4",
					"parent": "strawcoat",
					"pivot": [0, 25, 0],
					"rotation": [0, 180, 0],
					"cubes": [
						{"origin": [-9, 17, 3], "size": [18, 8, 0], "pivot": [0, 25, 0], "rotation": [22.5, 0, 0], "uv": [0, 0]}
					]
				},
				{
					"name": "left7",
					"parent": "strawlayer4",
					"pivot": [3, 25, 0],
					"rotation": [0, 37.5, 0],
					"cubes": [
						{"origin": [4.17341, 16.06815, 5.24969], "size": [4, 8, 0], "pivot": [3, 25, 0], "rotation": [22.5, 0, 0], "uv": [36, 24]},
						{"origin": [1.80597, 17.84306, 4.0186], "size": [4, 8, 0], "pivot": [3, 25, 0], "rotation": [41.64906, 4.33777, -25.30856], "uv": [36, 24]},
						{"origin": [5.82062, 13.68578, 5.63096], "size": [4, 8, 0], "pivot": [3, 25, 0], "rotation": [-138.35094, -4.33777, -154.69144], "uv": [36, 24]}
					]
				},
				{
					"name": "left8",
					"parent": "strawlayer4",
					"pivot": [3, 25, 0],
					"rotation": [0, 72.5, 0],
					"cubes": [
						{"origin": [2.20282, 15.54011, 6.52448], "size": [5, 8, 0], "pivot": [3, 25, 0], "rotation": [22.5, 0, 0], "uv": [10, 32]},
						{"origin": [1.30549, 17.70895, 4.34237], "size": [5, 8, 0], "pivot": [3, 25, 0], "rotation": [53.36049, 2.57422, -9.30746], "uv": [10, 32]},
						{"origin": [2.82716, 12.88366, 7.56745], "size": [5, 8, 0], "pivot": [3, 25, 0], "rotation": [-126.63951, -2.57422, -170.69254], "uv": [10, 32]}
					]
				},
				{
					"name": "right7",
					"parent": "strawlayer4",
					"pivot": [-3, 25, 0],
					"rotation": [0, -72.5, 0],
					"cubes": [
						{"origin": [-6.20282, 15.54011, 6.52448], "size": [5, 8, 0], "pivot": [-3, 25, 0], "rotation": [22.5, 0, 0], "uv": [0, 32]}
					]
				},
				{
					"name": "right8",
					"parent": "strawlayer4",
					"pivot": [-3, 25, 0],
					"rotation": [0, -37.5, 0],
					"cubes": [
						{"origin": [-8.17341, 16.06815, 5.24969], "size": [4, 8, 0], "pivot": [-3, 25, 0], "rotation": [22.5, 0, 0], "uv": [36, 16]}
					]
				},
				{
					"name": "strawlayer2",
					"parent": "strawcoat",
					"pivot": [0, 22, 0],
					"cubes": [
						{"origin": [-9, 14, 3], "size": [18, 8, 0], "pivot": [0, 22, 0], "rotation": [22.5, 0, 0], "uv": [0, 8]}
					]
				},
				{
					"name": "left3",
					"parent": "strawlayer2",
					"pivot": [3, 22, 0],
					"rotation": [0, 37.5, 0],
					"cubes": [
						{"origin": [4.17341, 13.06815, 5.24969], "size": [4, 8, 0], "pivot": [3, 22, 0], "rotation": [22.5, 0, 0], "uv": [24, 40]}
					]
				},
				{
					"name": "left4",
					"parent": "strawlayer2",
					"pivot": [3, 22, 0],
					"rotation": [0, 72.5, 0],
					"cubes": [
						{"origin": [1.90212, 12.90508, 5.64336], "size": [5, 8, 0], "pivot": [3, 22, 0], "rotation": [22.5, 0, 0], "uv": [30, 32]}
					]
				},
				{
					"name": "right3",
					"parent": "strawlayer2",
					"pivot": [-3, 22, 0],
					"rotation": [0, -72.5, 0],
					"cubes": [
						{"origin": [-6.20282, 12.54011, 6.52448], "size": [5, 8, 0], "pivot": [-3, 22, 0], "rotation": [22.5, 0, 0], "uv": [20, 32]}
					]
				},
				{
					"name": "right4",
					"parent": "strawlayer2",
					"pivot": [-3, 22, 0],
					"rotation": [0, -37.5, 0],
					"cubes": [
						{"origin": [-8.17341, 13.06815, 5.24969], "size": [4, 8, 0], "pivot": [-3, 22, 0], "rotation": [22.5, 0, 0], "uv": [16, 40]}
					]
				},
				{
					"name": "strawlayer3",
					"parent": "strawcoat",
					"pivot": [0, 18, 0],
					"cubes": [
						{"origin": [-9, 10, 3], "size": [18, 8, 0], "pivot": [3, 18, 0], "rotation": [22.5, 0, 0], "uv": [0, 8]}
					]
				},
				{
					"name": "left5",
					"parent": "strawlayer3",
					"pivot": [3, 18, 0],
					"rotation": [0, 37.5, 0],
					"cubes": [
						{"origin": [4.17341, 9.06815, 5.24969], "size": [4, 8, 0], "pivot": [3, 18, 0], "rotation": [22.5, 0, 0], "uv": [8, 40]}
					]
				},
				{
					"name": "left6",
					"parent": "strawlayer3",
					"pivot": [3, 18, 0],
					"rotation": [0, 72.5, 0]
				},
				{
					"name": "right5",
					"parent": "strawlayer3",
					"pivot": [-3, 18, 0],
					"rotation": [0, -72.5, 0]
				},
				{
					"name": "right6",
					"parent": "strawlayer3",
					"pivot": [-3, 18, 0],
					"rotation": [0, -37.5, 0],
					"cubes": [
						{"origin": [-8.17341, 9.06815, 5.24969], "size": [4, 8, 0], "pivot": [-3, 18, 0], "rotation": [22.5, 0, 0], "uv": [0, 40]}
					]
				}
			]
		}
	]
}