{
	"format_version": "1.12.0",
	"minecraft:geometry": [
		{
			"description": {
				"identifier": "geometry.strawhatcollect",
				"texture_width": 128,
				"texture_height": 128,
				"visible_bounds_width": 3,
				"visible_bounds_height": 3.5,
				"visible_bounds_offset": [0, 1.25, 0]
			},
			"bones": [
				{
					"name": "root",
					"pivot": [0, 0, 0]
				},
				{
					"name": "head",
					"parent": "root",
					"pivot": [0, 24, 0]
				},
				{
					"name": "onimask",
					"parent": "head",
					"pivot": [0, -4, 1],
					"rotation": [10, 0, 0]
				},
				{
					"name": "hatstrap",
					"parent": "onimask",
					"pivot": [0, -4, 1],
					"cubes": [
						{"origin": [-4, 2, -3], "size": [8, 2, 8], "inflate": 0.5, "uv": [34, 32]}
					]
				},
				{
					"name": "hatstraw",
					"parent": "hatstrap",
					"pivot": [0, -3.4, 1]
				},
				{
					"name": "strawhat1",
					"parent": "hatstraw",
					"pivot": [0, -3.4, 1],
					"rotation": [0, 90, 0],
					"cubes": [
						{"origin": [-8, 5.65, -3], "size": [16, 0, 10], "pivot": [0, -3.4, 1], "rotation": [32.5, 0, 0], "uv": [0, 30]}
					]
				},
				{
					"name": "strawhat2",
					"parent": "hatstraw",
					"pivot": [0, -3.4, 1],
					"cubes": [
						{"origin": [-8, 5.65, -3], "size": [16, 0, 10], "pivot": [0, -3.4, 1], "rotation": [32.5, 0, 0], "uv": [0, 30]}
					]
				},
				{
					"name": "strawhat3",
					"parent": "hatstraw",
					"pivot": [0, -3.4, 1],
					"rotation": [0, -90, 0],
					"cubes": [
						{"origin": [-8, 5.65, -3], "size": [16, 0, 10], "pivot": [0, -3.4, 1], "rotation": [32.5, 0, 0], "uv": [0, 30]}
					]
				},
				{
					"name": "strawhat4",
					"parent": "hatstraw",
					"pivot": [0, -3.4, 1],
					"rotation": [0, 180, 0],
					"cubes": [
						{"origin": [-8, 5.65, -3], "size": [16, 0, 10], "pivot": [0, -3.4, 1], "rotation": [32.5, 0, 0], "uv": [0, 30]}
					]
				}
			]
		}
	]
}