{
	"format_version": "1.12.0",
	"minecraft:geometry": [
		{
			"description": {
				"identifier": "geometry.tanjirotsuba",
				"texture_width": 32,
				"texture_height": 32,
				"visible_bounds_width": 7,
				"visible_bounds_height": 2.5,
				"visible_bounds_offset": [0, 0.75, 0]
			},
			"bones": [
				{
					"name": "root",
					"pivot": [0, 0, 0],
					"locators": {
						"aura": [0, 0, 0]
					}
				},
				{
					"name": "waist",
					"parent": "root",
					"pivot": [0, 12, 0]
				},
				{
					"name": "body",
					"parent": "waist",
					"pivot": [0, 24, 1]
				},
				{
					"name": "rightArm",
					"parent": "body",
					"pivot": [-5, 22, 1]
				},
				{
					"name": "rightItem",
					"parent": "rightArm",
					"pivot": [-5.4, 13.8, 1],
					"locators": {
						"lead_hold": [-5.4, 13.8, 1]
					}
				},
				{
					"name": "nichirin",
					"parent": "rightItem",
					"pivot": [0, 0, 0]
				},
				{
					"name": "blade",
					"parent": "nichirin",
					"pivot": [0, 0, 0]
				},
				{
					"name": "tsuba",
					"parent": "blade",
					"pivot": [0, 0, 0]
				},
				{
					"name": "inner_ring",
					"parent": "tsuba",
					"pivot": [0, -4, 0],
					"cubes": [
						{
							"origin": [-1, -1, 1],
							"size": [3, 6, 2],
							"uv": {
								"north": {"uv": [0, 12], "uv_size": [3, 6]},
								"east": {"uv": [3, 12], "uv_size": [2, 6]},
								"south": {"uv": [12, 0], "uv_size": [3, 6]},
								"west": {"uv": [5, 12], "uv_size": [2, 6]},
								"up": {"uv": [15, 4], "uv_size": [3, 2]},
								"down": {"uv": [15, 16], "uv_size": [3, -2]}
							}
						},
						{
							"origin": [-1, 5, 0.9],
							"size": [3, 1, 2.2],
							"uv": {
								"north": {"uv": [24, 10], "uv_size": [3, 1]},
								"east": {"uv": [26, 3], "uv_size": [2, 1]},
								"south": {"uv": [24, 11], "uv_size": [3, 1]},
								"west": {"uv": [7, 26], "uv_size": [2, 1]},
								"up": {"uv": [18, 4], "uv_size": [3, 2]},
								"down": {"uv": [15, 21], "uv_size": [3, -2]}
							}
						},
						{
							"origin": [2, -1, 0.9],
							"size": [1, 6, 2.2],
							"uv": {
								"north": {"uv": [6, 18], "uv_size": [1, 6]},
								"east": {"uv": [11, 14], "uv_size": [2, 6]},
								"south": {"uv": [19, 12], "uv_size": [1, 6]},
								"west": {"uv": [13, 14], "uv_size": [2, 6]},
								"up": {"uv": [6, 26], "uv_size": [1, 2]},
								"down": {"uv": [26, 8], "uv_size": [1, -2]}
							}
						},
						{
							"origin": [-1, -2, 0.9],
							"size": [3, 1, 2.2],
							"uv": {
								"north": {"uv": [21, 24], "uv_size": [3, 1]},
								"east": {"uv": [26, 8], "uv_size": [2, 1]},
								"south": {"uv": [24, 24], "uv_size": [3, 1]},
								"west": {"uv": [26, 9], "uv_size": [2, 1]},
								"up": {"uv": [18, 19], "uv_size": [3, 2]},
								"down": {"uv": [7, 22], "uv_size": [3, -2]}
							}
						},
						{
							"origin": [-2, -1, 0.9],
							"size": [1, 6, 2.2],
							"uv": {
								"north": {"uv": [4, 18], "uv_size": [1, 6]},
								"east": {"uv": [7, 14], "uv_size": [2, 6]},
								"south": {"uv": [5, 18], "uv_size": [1, 6]},
								"west": {"uv": [9, 14], "uv_size": [2, 6]},
								"up": {"uv": [4, 26], "uv_size": [1, 2]},
								"down": {"uv": [5, 28], "uv_size": [1, -2]}
							}
						}
					]
				},
				{
					"name": "cross1",
					"parent": "tsuba",
					"pivot": [0, -4, 0],
					"cubes": [
						{
							"origin": [5.5, -3, 1],
							"size": [1, 3, 2],
							"pivot": [0, -4, 0],
							"rotation": [0, 0, -90],
							"uv": {
								"north": {"uv": [12, 24], "uv_size": [1, 3]},
								"east": {"uv": [0, 18], "uv_size": [2, 3]},
								"south": {"uv": [15, 24], "uv_size": [1, 3]},
								"west": {"uv": [2, 18], "uv_size": [2, 3]},
								"up": {"uv": [23, 25], "uv_size": [1, 2]},
								"down": {"uv": [24, 27], "uv_size": [1, -2]}
							}
						},
						{
							"origin": [5.5, -9, 1],
							"size": [1, 3, 2],
							"pivot": [0, -4, 0],
							"rotation": [0, 0, -90],
							"uv": {
								"north": {"uv": [10, 24], "uv_size": [1, 3]},
								"east": {"uv": [15, 16], "uv_size": [2, 3]},
								"south": {"uv": [11, 24], "uv_size": [1, 3]},
								"west": {"uv": [17, 16], "uv_size": [2, 3]},
								"up": {"uv": [25, 21], "uv_size": [1, 2]},
								"down": {"uv": [22, 27], "uv_size": [1, -2]}
							}
						},
						{
							"origin": [0, -3, 1],
							"size": [1, 2, 2],
							"uv": {
								"north": {"uv": [19, 25], "uv_size": [1, 2]},
								"east": {"uv": [21, 18], "uv_size": [2, 2]},
								"south": {"uv": [25, 19], "uv_size": [1, 2]},
								"west": {"uv": [19, 21], "uv_size": [2, 2]},
								"up": {"uv": [20, 25], "uv_size": [1, 2]},
								"down": {"uv": [21, 27], "uv_size": [1, -2]}
							}
						},
						{
							"origin": [0, 5, 1],
							"size": [1, 2, 2],
							"uv": {
								"north": {"uv": [18, 14], "uv_size": [1, 2]},
								"east": {"uv": [21, 4], "uv_size": [2, 2]},
								"south": {"uv": [17, 25], "uv_size": [1, 2]},
								"west": {"uv": [17, 21], "uv_size": [2, 2]},
								"up": {"uv": [25, 17], "uv_size": [1, 2]},
								"down": {"uv": [18, 27], "uv_size": [1, -2]}
							}
						}
					]
				},
				{
					"name": "cross2",
					"parent": "tsuba",
					"pivot": [0, -4, 0],
					"cubes": [
						{
							"origin": [9, -8, 1],
							"size": [1, 2, 2],
							"pivot": [0, -4, 0],
							"rotation": [0, 0, -90],
							"uv": {
								"north": {"uv": [9, 26], "uv_size": [1, 2]},
								"east": {"uv": [21, 20], "uv_size": [2, 2]},
								"south": {"uv": [26, 14], "uv_size": [1, 2]},
								"west": {"uv": [7, 22], "uv_size": [2, 2]},
								"up": {"uv": [26, 16], "uv_size": [1, 2]},
								"down": {"uv": [26, 20], "uv_size": [1, -2]}
							}
						},
						{
							"origin": [10, -9, 1],
							"size": [1, 2, 2],
							"pivot": [0, -4, 0],
							"rotation": [0, 0, -90],
							"uv": {
								"north": {"uv": [26, 20], "uv_size": [1, 2]},
								"east": {"uv": [22, 8], "uv_size": [2, 2]},
								"south": {"uv": [25, 26], "uv_size": [1, 2]},
								"west": {"uv": [9, 22], "uv_size": [2, 2]},
								"up": {"uv": [26, 26], "uv_size": [1, 2]},
								"down": {"uv": [0, 29], "uv_size": [1, -2]}
							}
						},
						{
							"origin": [9, -3, 1],
							"size": [1, 2, 2],
							"pivot": [0, -4, 0],
							"rotation": [0, 0, -90],
							"uv": {
								"north": {"uv": [28, 2], "uv_size": [1, 2]},
								"east": {"uv": [2, 24], "uv_size": [2, 2]},
								"south": {"uv": [4, 28], "uv_size": [1, 2]},
								"west": {"uv": [4, 24], "uv_size": [2, 2]},
								"up": {"uv": [28, 4], "uv_size": [1, 2]},
								"down": {"uv": [5, 30], "uv_size": [1, -2]}
							}
						},
						{
							"origin": [10, -2, 1],
							"size": [1, 2, 2],
							"pivot": [0, -4, 0],
							"rotation": [0, 0, -90],
							"uv": {
								"north": {"uv": [6, 28], "uv_size": [1, 2]},
								"east": {"uv": [6, 24], "uv_size": [2, 2]},
								"south": {"uv": [28, 6], "uv_size": [1, 2]},
								"west": {"uv": [24, 6], "uv_size": [2, 2]},
								"up": {"uv": [28, 8], "uv_size": [1, 2]},
								"down": {"uv": [9, 30], "uv_size": [1, -2]}
							}
						},
						{
							"origin": [1, -2, 1],
							"size": [1, 2, 2],
							"pivot": [0, -4, 0],
							"rotation": [0, 0, -90],
							"uv": {
								"north": {"uv": [21, 27], "uv_size": [1, 2]},
								"east": {"uv": [19, 23], "uv_size": [2, 2]},
								"south": {"uv": [22, 27], "uv_size": [1, 2]},
								"west": {"uv": [23, 20], "uv_size": [2, 2]},
								"up": {"uv": [27, 22], "uv_size": [1, 2]},
								"down": {"uv": [23, 29], "uv_size": [1, -2]}
							}
						},
						{
							"origin": [2, -3, 1],
							"size": [1, 2, 2],
							"pivot": [0, -4, 0],
							"rotation": [0, 0, -90],
							"uv": {
								"north": {"uv": [24, 27], "uv_size": [1, 2]},
								"east": {"uv": [23, 22], "uv_size": [2, 2]},
								"south": {"uv": [27, 24], "uv_size": [1, 2]},
								"west": {"uv": [0, 24], "uv_size": [2, 2]},
								"up": {"uv": [27, 26], "uv_size": [1, 2]},
								"down": {"uv": [28, 2], "uv_size": [1, -2]}
							}
						},
						{
							"origin": [2, -8, 1],
							"size": [1, 2, 2],
							"pivot": [0, -4, 0],
							"rotation": [0, 0, -90],
							"uv": {
								"north": {"uv": [7, 27], "uv_size": [1, 2]},
								"east": {"uv": [21, 22], "uv_size": [2, 2]},
								"south": {"uv": [8, 27], "uv_size": [1, 2]},
								"west": {"uv": [23, 4], "uv_size": [2, 2]},
								"up": {"uv": [10, 27], "uv_size": [1, 2]},
								"down": {"uv": [27, 12], "uv_size": [1, -2]}
							}
						},
						{
							"origin": [1, -9, 1],
							"size": [1, 2, 2],
							"pivot": [0, -4, 0],
							"rotation": [0, 0, -90],
							"uv": {
								"north": {"uv": [11, 27], "uv_size": [1, 2]},
								"east": {"uv": [23, 12], "uv_size": [2, 2]},
								"south": {"uv": [12, 27], "uv_size": [1, 2]},
								"west": {"uv": [13, 23], "uv_size": [2, 2]},
								"up": {"uv": [27, 14], "uv_size": [1, 2]},
								"down": {"uv": [15, 29], "uv_size": [1, -2]}
							}
						}
					]
				},
				{
					"name": "outer_ring",
					"parent": "tsuba",
					"pivot": [0, -4, 0],
					"cubes": [
						{
							"origin": [-5, -16, 0.9],
							"size": [9, 1, 2.2],
							"pivot": [0, -4, 0],
							"rotation": [0, 0, -180],
							"uv": {
								"north": {"uv": [16, 0], "uv_size": [9, 1]},
								"east": {"uv": [26, 0], "uv_size": [2, 1]},
								"south": {"uv": [16, 1], "uv_size": [9, 1]},
								"west": {"uv": [26, 1], "uv_size": [2, 1]},
								"up": {"uv": [1, 8], "uv_size": [9, 2]},
								"down": {"uv": [1, 12], "uv_size": [9, -2]}
							}
						},
						{
							"origin": [1, -10, 0.9],
							"size": [10, 1, 2.2],
							"pivot": [0, -4, 0],
							"rotation": [0, 0, -90],
							"uv": {
								"north": {"uv": [13, 6], "uv_size": [10, 1]},
								"east": {"uv": [19, 18], "uv_size": [2, 1]},
								"south": {"uv": [8, 12], "uv_size": [10, 1]},
								"west": {"uv": [25, 23], "uv_size": [2, 1]},
								"up": {"uv": [1, 0], "uv_size": [10, 2]},
								"down": {"uv": [1, 4], "uv_size": [10, -2]}
							}
						},
						{
							"origin": [-5, -5, 0.9],
							"size": [9, 1, 2.2],
							"pivot": [0, -4, 0],
							"rotation": [0, 0, -180],
							"uv": {
								"north": {"uv": [16, 2], "uv_size": [9, 1]},
								"east": {"uv": [2, 26], "uv_size": [2, 1]},
								"south": {"uv": [16, 3], "uv_size": [9, 1]},
								"west": {"uv": [26, 2], "uv_size": [2, 1]},
								"up": {"uv": [12, 8], "uv_size": [9, 2]},
								"down": {"uv": [12, 12], "uv_size": [9, -2]}
							}
						},
						{
							"origin": [1, 0, 0.9],
							"size": [10, 1, 2.2],
							"pivot": [0, -4, 0],
							"rotation": [0, 0, -90],
							"uv": {
								"north": {"uv": [13, 7], "uv_size": [10, 1]},
								"east": {"uv": [25, 25], "uv_size": [2, 1]},
								"south": {"uv": [8, 13], "uv_size": [10, 1]},
								"west": {"uv": [0, 26], "uv_size": [2, 1]},
								"up": {"uv": [1, 4], "uv_size": [10, 2]},
								"down": {"uv": [1, 8], "uv_size": [10, -2]}
							}
						}
					]
				}
			]
		}
	]
}