{
	"format_version": "1.12.0",
	"minecraft:geometry": [
		{
			"description": {
				"identifier": "geometry.tengumask",
				"texture_width": 32,
				"texture_height": 32,
				"visible_bounds_width": 3,
				"visible_bounds_height": 3.5,
				"visible_bounds_offset": [0, 1.25, 0]
			},
			"bones": [
				{
					"name": "root",
					"pivot": [0, 0, 0]
				},
				{
					"name": "waist",
					"parent": "root",
					"pivot": [0, 12, 0]
				},
				{
					"name": "body",
					"parent": "waist",
					"pivot": [0, 24, 0]
				},
				{
					"name": "head",
					"parent": "body",
					"pivot": [0, 24, 0]
				},
				{
					"name": "tengumask",
					"parent": "head",
					"pivot": [0, 24, 0]
				},
				{
					"name": "maskstrap",
					"parent": "tengumask",
					"pivot": [0, 24, 0],
					"cubes": [
						{
							"origin": [-4, 24, -3.9],
							"size": [8, 8, 8],
							"inflate": 0.5,
							"uv": {
								"north": {"uv": [8, 8], "uv_size": [8, 8]},
								"east": {"uv": [0, 8], "uv_size": [8, 8]},
								"south": {"uv": [24, 8], "uv_size": [8, 8]},
								"west": {"uv": [16, 8], "uv_size": [8, 8]},
								"up": {"uv": [8, 0], "uv_size": [8, 8]},
								"down": {"uv": [16, 8], "uv_size": [8, -8]}
							}
						},
						{
							"origin": [-4, 24, -5],
							"size": [8, 8, 1],
							"uv": {
								"north": {"uv": [1, 17], "uv_size": [8, 8]},
								"east": {"uv": [0, 17], "uv_size": [1, 8]},
								"south": {"uv": [10, 17], "uv_size": [8, 8]},
								"west": {"uv": [9, 17], "uv_size": [1, 8]},
								"up": {"uv": [1, 16], "uv_size": [8, 1]},
								"down": {"uv": [9, 17], "uv_size": [8, -1]}
							}
						},
						{
							"origin": [-0.5, 26.5, -9],
							"size": [1, 1, 4],
							"uv": {
								"north": {"uv": [31, 31], "uv_size": [1, 1]},
								"east": {"uv": [32, 31], "uv_size": [-4, 1]},
								"south": {"uv": [31, 31], "uv_size": [1, 1]},
								"west": {"uv": [28, 31], "uv_size": [4, 1]},
								"up": {"uv": [32, 32], "uv_size": [-1, -4]},
								"down": {"uv": [32, 28], "uv_size": [-1, 4]}
							}
						},
						{
							"origin": [-3, 26, -6],
							"size": [2, 1, 1],
							"uv": {
								"north": {"uv": [7.9, 22.1], "uv_size": [-1.8, 0.8]},
								"east": {"uv": [7.9, 22.1], "uv_size": [-0.8, 0.8]},
								"south": {"uv": [6.1, 22.1], "uv_size": [1.8, 0.8]},
								"west": {"uv": [6.2, 22.2], "uv_size": [0.6, 0.6]},
								"up": {"uv": [7.9, 22.9], "uv_size": [-1.8, -0.8]},
								"down": {"uv": [7.9, 22.1], "uv_size": [-1.8, 0.8]}
							}
						},
						{
							"origin": [-3, 30, -6],
							"size": [2, 1, 1],
							"uv": {
								"north": {"uv": [7.9, 22.1], "uv_size": [-1.8, 0.8]},
								"east": {"uv": [7.9, 22.1], "uv_size": [-0.8, 0.8]},
								"south": {"uv": [6.1, 22.1], "uv_size": [1.8, 0.8]},
								"west": {"uv": [6.2, 22.2], "uv_size": [0.6, 0.6]},
								"up": {"uv": [7.9, 22.9], "uv_size": [-1.8, -0.8]},
								"down": {"uv": [7.9, 22.1], "uv_size": [-1.8, 0.8]}
							}
						},
						{
							"origin": [-3, 29, -6],
							"size": [2, 1, 1],
							"uv": {
								"north": {"uv": [7.9, 22.1], "uv_size": [-1.8, 0.8]},
								"east": {"uv": [7.9, 22.1], "uv_size": [-0.8, 0.8]},
								"south": {"uv": [6.1, 22.1], "uv_size": [1.8, 0.8]},
								"west": {"uv": [6.2, 22.2], "uv_size": [0.6, 0.6]},
								"up": {"uv": [7.9, 22.9], "uv_size": [-1.8, -0.8]},
								"down": {"uv": [7.9, 22.1], "uv_size": [-1.8, 0.8]}
							}
						},
						{
							"origin": [-8, 27, -6],
							"size": [2, 1, 1],
							"pivot": [0, 24, 0],
							"rotation": [0, 0, 90],
							"uv": {
								"north": {"uv": [7.9, 22.1], "uv_size": [-1.8, 0.8]},
								"east": {"uv": [7.9, 22.1], "uv_size": [-0.8, 0.8]},
								"south": {"uv": [6.1, 22.1], "uv_size": [1.8, 0.8]},
								"west": {"uv": [6.2, 22.2], "uv_size": [0.6, 0.6]},
								"up": {"uv": [7.9, 22.9], "uv_size": [-1.8, -0.8]},
								"down": {"uv": [7.9, 22.1], "uv_size": [-1.8, 0.8]}
							}
						},
						{
							"origin": [-8, 20, -6],
							"size": [2, 1, 1],
							"pivot": [0, 24, 0],
							"rotation": [0, 0, 90],
							"uv": {
								"north": {"uv": [7.9, 22.1], "uv_size": [-1.8, 0.8]},
								"east": {"uv": [7.9, 22.1], "uv_size": [-0.8, 0.8]},
								"south": {"uv": [6.1, 22.1], "uv_size": [1.8, 0.8]},
								"west": {"uv": [6.2, 22.2], "uv_size": [0.6, 0.6]},
								"up": {"uv": [7.9, 22.9], "uv_size": [-1.8, -0.8]},
								"down": {"uv": [7.9, 22.1], "uv_size": [-1.8, 0.8]}
							}
						},
						{
							"origin": [-4, 25, -6],
							"size": [2, 1, 1],
							"uv": {
								"north": {"uv": [7.9, 22.1], "uv_size": [-1.8, 0.8]},
								"east": {"uv": [7.9, 22.1], "uv_size": [-0.8, 0.8]},
								"south": {"uv": [6.1, 22.1], "uv_size": [1.8, 0.8]},
								"west": {"uv": [6.2, 22.2], "uv_size": [0.6, 0.6]},
								"up": {"uv": [7.9, 22.9], "uv_size": [-1.8, -0.8]},
								"down": {"uv": [7.9, 22.1], "uv_size": [-1.8, 0.8]}
							}
						},
						{
							"origin": [-4, 25, 5],
							"size": [2, 1, 1],
							"pivot": [0, 24, 0],
							"rotation": [0, 180, 0],
							"uv": {
								"north": {"uv": [7.9, 22.1], "uv_size": [-1.8, 0.8]},
								"east": {"uv": [7.9, 22.1], "uv_size": [-0.8, 0.8]},
								"south": {"uv": [6.1, 22.1], "uv_size": [1.8, 0.8]},
								"west": {"uv": [6.2, 22.2], "uv_size": [0.6, 0.6]},
								"up": {"uv": [7.9, 22.9], "uv_size": [-1.8, -0.8]},
								"down": {"uv": [7.9, 22.1], "uv_size": [-1.8, 0.8]}
							}
						},
						{
							"origin": [-3, 26, 5],
							"size": [2, 1, 1],
							"pivot": [0, 24, 0],
							"rotation": [0, 180, 0],
							"uv": {
								"north": {"uv": [7.9, 22.1], "uv_size": [-1.8, 0.8]},
								"east": {"uv": [7.9, 22.1], "uv_size": [-0.8, 0.8]},
								"south": {"uv": [6.1, 22.1], "uv_size": [1.8, 0.8]},
								"west": {"uv": [6.2, 22.2], "uv_size": [0.6, 0.6]},
								"up": {"uv": [7.9, 22.9], "uv_size": [-1.8, -0.8]},
								"down": {"uv": [7.9, 22.1], "uv_size": [-1.8, 0.8]}
							}
						},
						{
							"origin": [-3, 30, 5],
							"size": [2, 1, 1],
							"pivot": [0, 24, 0],
							"rotation": [0, 180, 0],
							"uv": {
								"north": {"uv": [7.9, 22.1], "uv_size": [-1.8, 0.8]},
								"east": {"uv": [7.9, 22.1], "uv_size": [-0.8, 0.8]},
								"south": {"uv": [6.1, 22.1], "uv_size": [1.8, 0.8]},
								"west": {"uv": [6.2, 22.2], "uv_size": [0.6, 0.6]},
								"up": {"uv": [7.9, 22.9], "uv_size": [-1.8, -0.8]},
								"down": {"uv": [7.9, 22.1], "uv_size": [-1.8, 0.8]}
							}
						},
						{
							"origin": [-3, 29, 5],
							"size": [2, 1, 1],
							"pivot": [0, 24, 0],
							"rotation": [0, 180, 0],
							"uv": {
								"north": {"uv": [7.9, 22.1], "uv_size": [-1.8, 0.8]},
								"east": {"uv": [7.9, 22.1], "uv_size": [-0.8, 0.8]},
								"south": {"uv": [6.1, 22.1], "uv_size": [1.8, 0.8]},
								"west": {"uv": [6.2, 22.2], "uv_size": [0.6, 0.6]},
								"up": {"uv": [7.9, 22.9], "uv_size": [-1.8, -0.8]},
								"down": {"uv": [7.9, 22.1], "uv_size": [-1.8, 0.8]}
							}
						}
					]
				}
			]
		}
	]
}