{
	"format_version": "1.12.0",
	"minecraft:geometry": [
		{
			"description": {
				"identifier": "geometry.tsukaout",
				"texture_width": 64,
				"texture_height": 64,
				"visible_bounds_width": 7,
				"visible_bounds_height": 2.5,
				"visible_bounds_offset": [0, 0.75, 0]
			},
			"bones": [
				{
					"name": "root",
					"pivot": [0, 0, 0],
					"locators": {
						"aura": [0, 0, 0]
					}
				},
				{
					"name": "waist",
					"parent": "root",
					"pivot": [0, 12, 0]
				},
				{
					"name": "body",
					"parent": "waist",
					"pivot": [0, 24, 1]
				},
				{
					"name": "rightArm",
					"parent": "body",
					"pivot": [-5, 22, 1]
				},
				{
					"name": "rightItem",
					"parent": "rightArm",
					"pivot": [-5.4, 13.8, 1],
					"locators": {
						"lead_hold": [-5.4, 13.8, 1]
					}
				},
				{
					"name": "nichirin",
					"parent": "rightItem",
					"pivot": [0, 0, 0]
				},
				{
					"name": "blade",
					"parent": "nichirin",
					"pivot": [0, 0, 0],
					"cubes": [
						{
							"origin": [-0.5, 0, 3],
							"size": [2, 4, 17],
							"inflate": 0.05,
							"uv": {
								"north": {"uv": [0, 60], "uv_size": [1, 4]},
								"east": {"uv": [0, 60], "uv_size": [17, 4]},
								"south": {"uv": [0, 60], "uv_size": [1, 4]},
								"west": {"uv": [17, 60], "uv_size": [-17, 4]},
								"up": {"uv": [2, 37], "uv_size": [2, 17]},
								"down": {"uv": [2, 54], "uv_size": [2, -17]}
							}
						},
						{
							"origin": [-0.6, 1, 3],
							"size": [2.2, 2, 17],
							"inflate": 0.05,
							"uv": {
								"north": {"uv": [0, 60], "uv_size": [1, 4]},
								"east": {"uv": [22, 62], "uv_size": [17, 2]},
								"south": {"uv": [0, 60], "uv_size": [1, 4]},
								"west": {"uv": [39, 62], "uv_size": [-17, 2]},
								"up": {"uv": [62, 42], "uv_size": [1, 20]},
								"down": {"uv": [62, 62], "uv_size": [1, -20]}
							}
						}
					]
				}
			]
		}
	]
}