{
	"format_version": "1.12.0",
	"minecraft:geometry": [
		{
			"description": {
				"identifier": "geometry.wraptsuba",
				"texture_width": 16,
				"texture_height": 16,
				"visible_bounds_width": 7,
				"visible_bounds_height": 2.5,
				"visible_bounds_offset": [0, 0.75, 0]
			},
			"bones": [
				{
					"name": "root",
					"pivot": [0, 0, 0],
					"locators": {
						"aura": [0, 0, 0]
					}
				},
				{
					"name": "waist",
					"parent": "root",
					"pivot": [0, 12, 0]
				},
				{
					"name": "body",
					"parent": "waist",
					"pivot": [0, 24, 1]
				},
				{
					"name": "rightArm",
					"parent": "body",
					"pivot": [-5, 22, 1]
				},
				{
					"name": "rightItem",
					"parent": "rightArm",
					"pivot": [-5.4, 13.8, 1],
					"locators": {
						"lead_hold": [-5.4, 13.8, 1]
					}
				},
				{
					"name": "nichirin",
					"parent": "rightItem",
					"pivot": [0, 0, 0]
				},
				{
					"name": "blade",
					"parent": "nichirin",
					"pivot": [0, 0, 0]
				},
				{
					"name": "tsuba",
					"parent": "blade",
					"pivot": [0, 0, 0],
					"cubes": [
						{
							"origin": [-0.2, -0.2, -5],
							"size": [1.4, 4.4, 8],
							"inflate": -0.05,
							"uv": {
								"north": {"uv": [1, 8], "uv_size": [1, 4]},
								"east": {"uv": [0, 0], "uv_size": [8, 4]},
								"south": {"uv": [2, 8], "uv_size": [1, 4]},
								"west": {"uv": [0, 4], "uv_size": [8, 4]},
								"up": {"uv": [0, 8], "uv_size": [1, 8]},
								"down": {"uv": [8, 8], "uv_size": [1, -8]}
							}
						},
						{
							"origin": [-0.2, -0.2, -5],
							"size": [1.4, 4.4, 8],
							"inflate": 0.2,
							"uv": {
								"north": {"uv": [14, 8], "uv_size": [1, 4]},
								"east": {"uv": [16, 12], "uv_size": [-8, 4]},
								"south": {"uv": [13, 8], "uv_size": [1, 4]},
								"west": {"uv": [8, 12], "uv_size": [8, 4]},
								"up": {"uv": [13, 12], "uv_size": [-1, -8]},
								"down": {"uv": [15, 4], "uv_size": [1, 8]}
							}
						}
					]
				}
			]
		}
	]
}