{
	"format_version": "1.12.0",
	"minecraft:geometry": [
		{
			"description": {
				"identifier": "geometry.karasumask",
				"texture_width": 32,
				"texture_height": 32,
				"visible_bounds_width": 4,
				"visible_bounds_height": 3.5,
				"visible_bounds_offset": [0, 1.25, 0]
			},
			"bones": [
				{
					"name": "root",
					"pivot": [0, 0, 0]
				},
				{
					"name": "waist",
					"parent": "root",
					"pivot": [0, 12, 0]
				},
				{
					"name": "body",
					"parent": "waist",
					"pivot": [0, 24, 0]
				},
				{
					"name": "head",
					"parent": "body",
					"pivot": [0, 24, 0]
				},
				{
					"name": "onimask",
					"parent": "head",
					"pivot": [0, 24, 0]
				},
				{
					"name": "maskstrap",
					"parent": "onimask",
					"pivot": [0, 24, 0],
					"cubes": [
						{
							"origin": [-4, 24, -3.9],
							"size": [8, 8, 8],
							"inflate": 0.5,
							"uv": {
								"north": {"uv": [0, 0], "uv_size": [8, 8]},
								"east": {"uv": [0, 8], "uv_size": [8, 8]},
								"south": {"uv": [8, 0], "uv_size": [8, 8]},
								"west": {"uv": [8, 8], "uv_size": [8, 8]},
								"up": {"uv": [0, 16], "uv_size": [8, 8]},
								"down": {"uv": [16, 8], "uv_size": [8, -8]}
							}
						},
						{
							"origin": [-4, 24, -5],
							"size": [8, 8, 1],
							"uv": {
								"north": {"uv": [8, 16], "uv_size": [8, 8]},
								"east": {"uv": [16, 22], "uv_size": [1, 8]},
								"south": {"uv": [16, 8], "uv_size": [8, 8]},
								"west": {"uv": [17, 22], "uv_size": [1, 8]},
								"up": {"uv": [23, 16], "uv_size": [8, 1]},
								"down": {"uv": [23, 18], "uv_size": [8, -1]}
							}
						},
						{
							"origin": [-2, 25, -7],
							"size": [4, 3, 2],
							"uv": {
								"north": {"uv": [16, 16], "uv_size": [4, 3]},
								"east": {"uv": [0, 24], "uv_size": [2, 3]},
								"south": {"uv": [16, 19], "uv_size": [4, 3]},
								"west": {"uv": [24, 0], "uv_size": [2, 3]},
								"up": {"uv": [23, 18], "uv_size": [4, 2]},
								"down": {"uv": [23, 22], "uv_size": [4, -2]}
							}
						},
						{
							"origin": [-1.4, 24, -7],
							"size": [2.4, 1, 2],
							"uv": {
								"north": {"uv": [24, 14], "uv_size": [2, 1]},
								"east": {"uv": [24, 15], "uv_size": [2, 1]},
								"south": {"uv": [20, 24], "uv_size": [2, 1]},
								"west": {"uv": [20, 25], "uv_size": [2, 1]},
								"up": {"uv": [7, 24], "uv_size": [2, 2]},
								"down": {"uv": [24, 10], "uv_size": [2, -2]}
							}
						},
						{
							"origin": [-1.5, 23, -9],
							"size": [3, 4, 2],
							"uv": {
								"north": {"uv": [20, 16], "uv_size": [3, 4]},
								"east": {"uv": [18, 22], "uv_size": [2, 4]},
								"south": {"uv": [20, 20], "uv_size": [3, 4]},
								"west": {"uv": [23, 22], "uv_size": [2, 4]},
								"up": {"uv": [2, 24], "uv_size": [3, 2]},
								"down": {"uv": [24, 5], "uv_size": [3, -2]}
							}
						},
						{
							"origin": [-1, 28, -6],
							"size": [2, 3, 1],
							"uv": {
								"north": {"uv": [5, 24], "uv_size": [2, 3]},
								"east": {"uv": [13, 24], "uv_size": [1, 3]},
								"south": {"uv": [24, 5], "uv_size": [2, 3]},
								"west": {"uv": [14, 24], "uv_size": [1, 3]},
								"up": {"uv": [25, 22], "uv_size": [2, 1]},
								"down": {"uv": [25, 24], "uv_size": [2, -1]}
							}
						},
						{
							"origin": [1, 29, -6],
							"size": [2, 1, 1],
							"uv": {
								"north": {"uv": [25, 24], "uv_size": [2, 1]},
								"east": {"uv": [15, 26], "uv_size": [1, 1]},
								"south": {"uv": [25, 25], "uv_size": [2, 1]},
								"west": {"uv": [22, 26], "uv_size": [1, 1]},
								"up": {"uv": [26, 0], "uv_size": [2, 1]},
								"down": {"uv": [26, 2], "uv_size": [2, -1]}
							}
						},
						{
							"origin": [-3, 29, -6],
							"size": [2, 1, 1],
							"uv": {
								"north": {"uv": [2, 26], "uv_size": [2, 1]},
								"east": {"uv": [23, 26], "uv_size": [1, 1]},
								"south": {"uv": [26, 2], "uv_size": [2, 1]},
								"west": {"uv": [24, 26], "uv_size": [1, 1]},
								"up": {"uv": [26, 5], "uv_size": [2, 1]},
								"down": {"uv": [26, 7], "uv_size": [2, -1]}
							}
						},
						{
							"origin": [1.1, 25.9, -5.5],
							"size": [1.9, 2, 0.5],
							"uv": {
								"north": {"uv": [11, 24], "uv_size": [2, 2]},
								"east": {"uv": [4, 26], "uv_size": [1, 2]},
								"south": {"uv": [24, 12], "uv_size": [2, 2]},
								"west": {"uv": [26, 14], "uv_size": [1, 2]},
								"up": {"uv": [18, 26], "uv_size": [2, 1]},
								"down": {"uv": [20, 27], "uv_size": [2, -1]}
							}
						},
						{
							"origin": [-3, 25.9, -5.5],
							"size": [2, 2, 0.5],
							"uv": {
								"north": {"uv": [9, 24], "uv_size": [2, 2]},
								"east": {"uv": [15, 24], "uv_size": [1, 2]},
								"south": {"uv": [24, 10], "uv_size": [2, 2]},
								"west": {"uv": [22, 24], "uv_size": [1, 2]},
								"up": {"uv": [26, 12], "uv_size": [2, 1]},
								"down": {"uv": [26, 14], "uv_size": [2, -1]}
							}
						},
						{
							"origin": [-4, 30, -6],
							"size": [2, 1, 1],
							"uv": {
								"north": {"uv": [26, 9], "uv_size": [2, 1]},
								"east": {"uv": [0, 27], "uv_size": [1, 1]},
								"south": {"uv": [26, 10], "uv_size": [2, 1]},
								"west": {"uv": [1, 27], "uv_size": [1, 1]},
								"up": {"uv": [11, 26], "uv_size": [2, 1]},
								"down": {"uv": [26, 12], "uv_size": [2, -1]}
							}
						},
						{
							"origin": [2, 30, -6],
							"size": [2, 1, 1],
							"uv": {
								"north": {"uv": [7, 26], "uv_size": [2, 1]},
								"east": {"uv": [25, 26], "uv_size": [1, 1]},
								"south": {"uv": [26, 7], "uv_size": [2, 1]},
								"west": {"uv": [26, 26], "uv_size": [1, 1]},
								"up": {"uv": [26, 8], "uv_size": [2, 1]},
								"down": {"uv": [9, 27], "uv_size": [2, -1]}
							}
						}
					]
				}
			]
		}
	]
}