{
	"format_version": "1.12.0",
	"minecraft:geometry": [
		{
			"description": {
				"identifier": "geometry.yoriichitsuba",
				"texture_width": 32,
				"texture_height": 32,
				"visible_bounds_width": 7,
				"visible_bounds_height": 2.5,
				"visible_bounds_offset": [0, 0.75, 0]
			},
			"bones": [
				{
					"name": "root",
					"pivot": [0, 0, 0],
					"locators": {
						"aura": [0, 0, 0]
					}
				},
				{
					"name": "waist",
					"parent": "root",
					"pivot": [0, 12, 0]
				},
				{
					"name": "body",
					"parent": "waist",
					"pivot": [0, 24, 1]
				},
				{
					"name": "rightArm",
					"parent": "body",
					"pivot": [-5, 22, 1]
				},
				{
					"name": "rightItem",
					"parent": "rightArm",
					"pivot": [-5.4, 13.8, 1],
					"locators": {
						"lead_hold": [-5.4, 13.8, 1]
					}
				},
				{
					"name": "nichirin",
					"parent": "rightItem",
					"pivot": [0, 0, 0]
				},
				{
					"name": "blade",
					"parent": "nichirin",
					"pivot": [0, 0, 0]
				},
				{
					"name": "tsuba",
					"parent": "blade",
					"pivot": [0, 0, 0],
					"cubes": [
						{
							"origin": [-1, -2, 1],
							"size": [3, 8, 2],
							"uv": {
								"north": {"uv": [0.032, 0.032], "uv_size": [2.936, 7.936]},
								"east": {"uv": [6.032, 0.032], "uv_size": [1.936, 7.936]},
								"south": {"uv": [3.032, 0.032], "uv_size": [2.936, 7.936]},
								"west": {"uv": [0.032, 8.032], "uv_size": [1.936, 7.936]},
								"up": {"uv": [14.032, 0.032], "uv_size": [2.936, 1.936]},
								"down": {"uv": [2.032, 15.968], "uv_size": [2.936, -1.936]}
							}
						},
						{
							"origin": [2, -1, 1],
							"size": [1, 6, 2],
							"uv": {
								"north": {"uv": [15.032, 2.032], "uv_size": [0.936, 5.936]},
								"east": {"uv": [8.032, 6.032], "uv_size": [1.936, 5.936]},
								"south": {"uv": [15.032, 14.032], "uv_size": [0.936, 5.936]},
								"west": {"uv": [10.032, 0.032], "uv_size": [1.936, 5.936]},
								"up": {"uv": [8.032, 18.032], "uv_size": [0.936, 1.936]},
								"down": {"uv": [18.032, 9.968], "uv_size": [0.936, -1.936]}
							}
						},
						{
							"origin": [-2, -1, 1],
							"size": [1, 6, 2],
							"uv": {
								"north": {"uv": [0.032, 16.032], "uv_size": [0.936, 5.936]},
								"east": {"uv": [10.032, 6.032], "uv_size": [1.936, 5.936]},
								"south": {"uv": [1.032, 16.032], "uv_size": [0.936, 5.936]},
								"west": {"uv": [12.032, 0.032], "uv_size": [1.936, 5.936]},
								"up": {"uv": [9.032, 18.032], "uv_size": [0.936, 1.936]},
								"down": {"uv": [10.032, 19.968], "uv_size": [0.936, -1.936]}
							}
						},
						{
							"origin": [-3, -1, 0.9],
							"size": [1, 6, 2.2],
							"uv": {
								"north": {"uv": [14.032, 2.032], "uv_size": [0.936, 5.936]},
								"east": {"uv": [8.032, 0.032], "uv_size": [1.936, 5.936]},
								"south": {"uv": [5.032, 14.032], "uv_size": [0.936, 5.936]},
								"west": {"uv": [2.032, 8.032], "uv_size": [1.936, 5.936]},
								"up": {"uv": [17.032, 16.032], "uv_size": [0.936, 1.936]},
								"down": {"uv": [2.032, 19.968], "uv_size": [0.936, -1.936]}
							}
						},
						{
							"origin": [3, -1, 0.9],
							"size": [1, 6, 2.2],
							"uv": {
								"north": {"uv": [6.032, 14.032], "uv_size": [0.936, 5.936]},
								"east": {"uv": [4.032, 8.032], "uv_size": [1.936, 5.936]},
								"south": {"uv": [7.032, 14.032], "uv_size": [0.936, 5.936]},
								"west": {"uv": [6.032, 8.032], "uv_size": [1.936, 5.936]},
								"up": {"uv": [18.032, 2.032], "uv_size": [0.936, 1.936]},
								"down": {"uv": [3.032, 19.968], "uv_size": [0.936, -1.936]}
							}
						},
						{
							"origin": [-1, 6, 0.9],
							"size": [3, 1, 2.2],
							"uv": {
								"north": {"uv": [17.032, 0.032], "uv_size": [2.936, 0.936]},
								"east": {"uv": [18.032, 4.032], "uv_size": [1.936, 0.936]},
								"south": {"uv": [17.032, 1.032], "uv_size": [2.936, 0.936]},
								"west": {"uv": [18.032, 5.032], "uv_size": [1.936, 0.936]},
								"up": {"uv": [14.032, 8.032], "uv_size": [2.936, 1.936]},
								"down": {"uv": [14.032, 11.968], "uv_size": [2.936, -1.936]}
							}
						},
						{
							"origin": [2, 5, 0.9],
							"size": [2, 1, 2.2],
							"uv": {
								"north": {"uv": [18.032, 10.032], "uv_size": [1.936, 0.936]},
								"east": {"uv": [11.032, 18.032], "uv_size": [1.936, 0.936]},
								"south": {"uv": [18.032, 11.032], "uv_size": [1.936, 0.936]},
								"west": {"uv": [18.032, 14.032], "uv_size": [1.936, 0.936]},
								"up": {"uv": [2.032, 16.032], "uv_size": [1.936, 1.936]},
								"down": {"uv": [16.032, 3.968], "uv_size": [1.936, -1.936]}
							}
						},
						{
							"origin": [-3, 5, 0.9],
							"size": [2, 1, 2.2],
							"uv": {
								"north": {"uv": [18.032, 15.032], "uv_size": [1.936, 0.936]},
								"east": {"uv": [18.032, 16.032], "uv_size": [1.936, 0.936]},
								"south": {"uv": [17.032, 18.032], "uv_size": [1.936, 0.936]},
								"west": {"uv": [18.032, 17.032], "uv_size": [1.936, 0.936]},
								"up": {"uv": [16.032, 4.032], "uv_size": [1.936, 1.936]},
								"down": {"uv": [16.032, 7.968], "uv_size": [1.936, -1.936]}
							}
						},
						{
							"origin": [-3, -2, 0.9],
							"size": [2, 1, 2.2],
							"uv": {
								"north": {"uv": [11.032, 19.032], "uv_size": [1.936, 0.936]},
								"east": {"uv": [17.032, 19.032], "uv_size": [1.936, 0.936]},
								"south": {"uv": [19.032, 18.032], "uv_size": [1.936, 0.936]},
								"west": {"uv": [19.032, 19.032], "uv_size": [1.936, 0.936]},
								"up": {"uv": [12.032, 16.032], "uv_size": [1.936, 1.936]},
								"down": {"uv": [16.032, 15.968], "uv_size": [1.936, -1.936]}
							}
						},
						{
							"origin": [2, -2, 0.9],
							"size": [2, 1, 2.2],
							"uv": {
								"north": {"uv": [19.032, 2.032], "uv_size": [1.936, 0.936]},
								"east": {"uv": [19.032, 3.032], "uv_size": [1.936, 0.936]},
								"south": {"uv": [19.032, 8.032], "uv_size": [1.936, 0.936]},
								"west": {"uv": [19.032, 9.032], "uv_size": [1.936, 0.936]},
								"up": {"uv": [8.032, 16.032], "uv_size": [1.936, 1.936]},
								"down": {"uv": [10.032, 17.968], "uv_size": [1.936, -1.936]}
							}
						},
						{
							"origin": [-1, -3, 0.9],
							"size": [3, 1, 2.2],
							"uv": {
								"north": {"uv": [17.032, 12.032], "uv_size": [2.936, 0.936]},
								"east": {"uv": [18.032, 6.032], "uv_size": [1.936, 0.936]},
								"south": {"uv": [17.032, 13.032], "uv_size": [2.936, 0.936]},
								"west": {"uv": [18.032, 7.032], "uv_size": [1.936, 0.936]},
								"up": {"uv": [12.032, 14.032], "uv_size": [2.936, 1.936]},
								"down": {"uv": [14.032, 13.968], "uv_size": [2.936, -1.936]}
							}
						}
					]
				},
				{
					"name": "inner_ring",
					"parent": "tsuba",
					"pivot": [0, 0, 0],
					"cubes": [
						{
							"origin": [-1, 0, 0.9],
							"size": [1, 4, 2.2],
							"uv": {
								"north": {"uv": [16.032, 16.032], "uv_size": [0.936, 3.936]},
								"east": {"uv": [10.032, 12.032], "uv_size": [1.936, 3.936]},
								"south": {"uv": [17.032, 8.032], "uv_size": [0.936, 3.936]},
								"west": {"uv": [12.032, 10.032], "uv_size": [1.936, 3.936]},
								"up": {"uv": [8.032, 20.032], "uv_size": [0.936, 1.936]},
								"down": {"uv": [9.032, 21.968], "uv_size": [0.936, -1.936]}
							}
						},
						{
							"origin": [0, -1, 0.9],
							"size": [1, 1, 2.2],
							"uv": {
								"north": {"uv": [20.032, 10.032], "uv_size": [0.936, 0.936]},
								"east": {"uv": [3.032, 20.032], "uv_size": [1.936, 0.936]},
								"south": {"uv": [11.032, 20.032], "uv_size": [0.936, 0.936]},
								"west": {"uv": [20.032, 4.032], "uv_size": [1.936, 0.936]},
								"up": {"uv": [5.032, 20.032], "uv_size": [0.936, 1.936]},
								"down": {"uv": [20.032, 6.968], "uv_size": [0.936, -1.936]}
							}
						},
						{
							"origin": [1, 0, 0.9],
							"size": [1, 4, 2.2],
							"uv": {
								"north": {"uv": [4.032, 16.032], "uv_size": [0.936, 3.936]},
								"east": {"uv": [12.032, 6.032], "uv_size": [1.936, 3.936]},
								"south": {"uv": [14.032, 16.032], "uv_size": [0.936, 3.936]},
								"west": {"uv": [8.032, 12.032], "uv_size": [1.936, 3.936]},
								"up": {"uv": [6.032, 20.032], "uv_size": [0.936, 1.936]},
								"down": {"uv": [7.032, 21.968], "uv_size": [0.936, -1.936]}
							}
						},
						{
							"origin": [0, 4, 0.9],
							"size": [1, 1, 2.2],
							"uv": {
								"north": {"uv": [20.032, 7.032], "uv_size": [0.936, 0.936]},
								"east": {"uv": [20.032, 0.032], "uv_size": [1.936, 0.936]},
								"south": {"uv": [10.032, 20.032], "uv_size": [0.936, 0.936]},
								"west": {"uv": [20.032, 1.032], "uv_size": [1.936, 0.936]},
								"up": {"uv": [13.032, 18.032], "uv_size": [0.936, 1.936]},
								"down": {"uv": [2.032, 21.968], "uv_size": [0.936, -1.936]}
							}
						}
					]
				}
			]
		}
	]
}