{
  "format_version": "1.10.0",
  "minecraft:attachable": {
    "description": {
      "identifier": "one:clothing_vegeta",
      "materials": {
        "default": "armor"
      },
      "textures": {
        "default": "textures/Clothes/clothing_vegeta"
      },
      "geometry": {
        "default": "geometry.clothes"
      },
      "scripts": {
        "parent_setup": "variable.helmet_layer_visible = 0.0;"
      },
      "render_controllers": [
        "controller.render.armor"
      ]
    }
  }
}
