{
	"format_version": "1.8.0",
	"animations": {
		"animation.player.bhole": {
			"loop": true,
			"animation_length": 0.75,
			"bones": {
				"root": {
					"rotation": {
						"0.0": [48.84912, -11.72145, -13.0867],
						"0.75": [48.85, -11.72, -13.09]
					},
					"position": {
						"0.0": [0, 0, 10],
						"0.75": [0, 0, 10]
					}
				},
				"waist": {
					"rotation": {
						"0.0": [25.76926, -13.56626, -6.46066],
						"0.75": [25.77, -13.57, -6.46]
					}
				},
				"head": {
					"rotation": {
						"0.0": [40, 32.5, 0],
						"0.75": [40, 32.5, 0]
					}
				},
				"leftArm": {
					"rotation": {
						"0.0": [48.63781, -35.79744, -33.59794],
						"0.75": [48.64, -35.8, -33.6]
					}
				},
				"rightArm": {
					"rotation": {
						"0.0": [-60.12771, 22.01609, 12.15123],
						"0.75": [-60.13, 22.02, 12.15]
					}
				},
				"leftLeg": {
					"rotation": {
						"0.0": [-10, 0, -10],
						"0.75": [-10, 0, -10]
					}
				},
				"rightLeg": {
					"rotation": {
						"0.0": [-33.72517, 28.20382, 1.06535],
						"0.75": [-33.73, 28.2, 1.07]
					},
					"position": {
						"0.0": [-2, 5, -2],
						"0.75": [-2, 5, -2]
					}
				}
			}
		}
	}
}