{
	"format_version": "1.8.0",
	"animations": {
		"animation.dball.hold": {
			"loop": true,
			"animation_length": 0.5,
			"bones": {
				"waist": {
					"rotation": {
						"0.0": [27.5, 0, 0],
						"0.5": [27.5, 0, 0]
					}
				},
				"head": {
					"rotation": {
						"0.0": [32.5, 0, 0],
						"0.5": [32.5, 0, 0]
					}
				},
				"leftArm": {
					"rotation": {
						"0.0": [-55.6061, 27.73062, 17.6685],
						"0.5": [-55.61, 27.73, 17.67]
					}
				},
				"rightArm": {
					"rotation": {
						"0.0": [-53.66086, -24.94169, -17.23442],
						"0.5": [-53.66, -24.94, -17.23]
					}
				},
				"leftLeg": {
					"rotation": {
						"0.0": [-2.5, 0, 0],
						"0.5": [-2.5, 0, 0]
					},
					"position": {
						"0.0": [0, 0, -2],
						"0.5": [0, 0, -2]
					}
				},
				"rightLeg": {
					"rotation": {
						"0.0": [27.5, 0, 0],
						"0.5": [27.5, 0, 0]
					}
				}
			},
			"particle_effects": {
				"0.0": [
					{
						"effect": "dworld",
						"locator": "playerright"
					},
					{
						"effect": "dworld",
						"locator": "playerleft"
					}
				]
			}
		},
		"animation.dball": {
			"loop": true,
			"animation_length": 0.5,
			"bones": {
				"waist": {
					"rotation": {
						"0.0": {
							"post": [27.5, 0, 0],
							"lerp_mode": "catmullrom"
						},
						"0.125": {
							"post": [-15, 0, 0],
							"lerp_mode": "catmullrom"
						},
						"0.5": {
							"post": [-15, 0, 0],
							"lerp_mode": "catmullrom"
						}
					}
				},
				"leftArm": {
					"rotation": {
						"0.0": {
							"post": [-55.6061, 27.73062, 17.6685],
							"lerp_mode": "catmullrom"
						},
						"0.125": {
							"post": [-153.10708, 27.73046, 17.66888],
							"lerp_mode": "catmullrom"
						},
						"0.5": {
							"post": [-153.11, 27.73, 17.67],
							"lerp_mode": "catmullrom"
						}
					}
				},
				"rightArm": {
					"rotation": {
						"0.0": {
							"post": [-53.66086, -24.94169, -17.23442],
							"lerp_mode": "catmullrom"
						},
						"0.125": {
							"post": [-166.16064, -24.94127, -17.23331],
							"lerp_mode": "catmullrom"
						},
						"0.5": {
							"post": [-166.16, -24.94, -17.23],
							"lerp_mode": "catmullrom"
						}
					}
				},
				"leftLeg": {
					"rotation": {
						"0.0": {
							"post": [-2.5, 0, 0],
							"lerp_mode": "catmullrom"
						},
						"0.125": {
							"post": [-25, 0, 0],
							"lerp_mode": "catmullrom"
						},
						"0.5": {
							"post": [-25, 0, 0],
							"lerp_mode": "catmullrom"
						}
					},
					"position": {
						"0.0": {
							"post": [0, 0, -2],
							"lerp_mode": "catmullrom"
						},
						"0.125": {
							"post": [0, 3, -2],
							"lerp_mode": "catmullrom"
						},
						"0.5": {
							"post": [0, 3, -2],
							"lerp_mode": "catmullrom"
						}
					}
				},
				"rightLeg": {
					"rotation": {
						"0.0": {
							"post": [27.5, 0, 0],
							"lerp_mode": "catmullrom"
						},
						"0.125": {
							"post": [2.5, 0, 0],
							"lerp_mode": "catmullrom"
						},
						"0.5": {
							"post": [2.5, 0, 0],
							"lerp_mode": "catmullrom"
						}
					}
				}
			},
			"particle_effects": {
				"0.0": [
					{
						"effect": "dworld",
						"locator": "playerright"
					},
					{
						"effect": "dworld",
						"locator": "playerleft"
					}
				]
			}
		}
	}
}