{
	"format_version": "1.8.0",
	"animations": {
		"animation.enemy.maguult": {
			"loop": true,
			"animation_length": 3.54167,
			"bones": {
				"Root": {
					"rotation": {
						"0.0": {
							"post": [0, -177.5, 0],
							"lerp_mode": "catmullrom"
						},
						"0.0833": {
							"post": [0, -177.5, 0],
							"lerp_mode": "catmullrom"
						},
						"0.2083": {
							"post": [0, -177.5, 0],
							"lerp_mode": "catmullrom"
						},
						"0.4583": {
							"post": [0, -22.5, 0],
							"lerp_mode": "catmullrom"
						},
						"3.5417": {
							"post": [0, -22.5, 0],
							"lerp_mode": "catmullrom"
						}
					},
					"position": {
						"0.0": {
							"post": [0, 0, -8],
							"lerp_mode": "catmullrom"
						},
						"0.0833": {
							"post": [0, 0, -8],
							"lerp_mode": "catmullrom"
						},
						"0.2083": {
							"post": [0, 0, -8],
							"lerp_mode": "catmullrom"
						},
						"3.5417": {
							"post": [0, 0, -8],
							"lerp_mode": "catmullrom"
						}
					}
				},
				"body": {
					"rotation": {
						"0.0": {
							"post": [25, 0, 0],
							"lerp_mode": "catmullrom"
						},
						"0.0833": {
							"post": [25.18908, -6.79382, -3.18458],
							"lerp_mode": "catmullrom"
						},
						"0.1667": {
							"post": [25, 0, 0],
							"lerp_mode": "catmullrom"
						},
						"0.2083": {
							"post": [-11.69304, 9.30727, -20.57639],
							"lerp_mode": "catmullrom"
						},
						"0.4583": {
							"post": [23.31, 9.31, -20.58],
							"lerp_mode": "catmullrom"
						},
						"0.5833": {
							"post": [27.41054, 31.98042, -9.20937],
							"lerp_mode": "catmullrom"
						},
						"0.6667": {
							"post": [29.9639, 23.99747, -4.48093],
							"lerp_mode": "catmullrom"
						},
						"1.5833": {
							"post": [29.96, 24, -4.48],
							"lerp_mode": "catmullrom"
						},
						"1.9167": {
							"post": [29.96, 24, -4.48],
							"lerp_mode": "catmullrom"
						},
						"2.0": {
							"post": [-2.79963, 24.34208, 0.98801],
							"lerp_mode": "catmullrom"
						},
						"2.1667": {
							"post": [-2.8, 24.34, 0.99],
							"lerp_mode": "catmullrom"
						},
						"2.2917": {
							"post": [-15.04015, 23.99789, -4.47792],
							"lerp_mode": "catmullrom"
						},
						"2.4167": {
							"post": [-15.04, 24, -4.48],
							"lerp_mode": "catmullrom"
						},
						"2.625": {
							"post": [-15.04, 24, -4.48],
							"lerp_mode": "catmullrom"
						},
						"2.7083": {
							"post": [29.96, 24, -4.48],
							"lerp_mode": "catmullrom"
						},
						"3.5417": {
							"post": [29.96, 24, -4.48],
							"lerp_mode": "catmullrom"
						}
					},
					"position": {
						"0.0": {
							"post": [0, -3, -3],
							"lerp_mode": "catmullrom"
						},
						"0.0833": {
							"post": [0, -3, -3],
							"lerp_mode": "catmullrom"
						},
						"0.1667": {
							"post": [0, -3, -3],
							"lerp_mode": "catmullrom"
						},
						"0.2083": {
							"post": [-6, 1, 2],
							"lerp_mode": "catmullrom"
						},
						"0.4583": {
							"post": [-6, -1, -3],
							"lerp_mode": "catmullrom"
						},
						"0.5833": {
							"post": [-3, -4, -5],
							"lerp_mode": "catmullrom"
						},
						"1.5833": {
							"post": [-3, -4, -5],
							"lerp_mode": "catmullrom"
						},
						"1.9167": {
							"post": [-3, -4, -5],
							"lerp_mode": "catmullrom"
						},
						"2.0": {
							"post": [-3, -2, -5],
							"lerp_mode": "catmullrom"
						},
						"2.1667": {
							"post": [-3, -2, -5],
							"lerp_mode": "catmullrom"
						},
						"2.2917": {
							"post": [-4, 3, -5],
							"lerp_mode": "catmullrom"
						},
						"2.4167": {
							"post": [-4, 3, -5],
							"lerp_mode": "catmullrom"
						},
						"2.625": {
							"post": [-4, 3, -5],
							"lerp_mode": "catmullrom"
						},
						"2.7083": {
							"post": [-4, -2, -9],
							"lerp_mode": "catmullrom"
						},
						"2.9167": {
							"post": [-4, -3, -9],
							"lerp_mode": "catmullrom"
						},
						"3.5417": {
							"post": [-4, -3, -9],
							"lerp_mode": "catmullrom"
						}
					}
				},
				"head": {
					"rotation": {
						"0.0": {
							"post": [-15, 0, 0],
							"lerp_mode": "catmullrom"
						},
						"0.0833": {
							"post": [-27.58957, -4.43385, 2.31336],
							"lerp_mode": "catmullrom"
						},
						"0.1667": {
							"post": [-15, 0, 0],
							"lerp_mode": "catmullrom"
						},
						"0.2083": {
							"post": [-30.83437, 13.03823, -45.15061],
							"lerp_mode": "catmullrom"
						},
						"0.2917": {
							"post": [-13.02699, 30.8375, -0.14767],
							"lerp_mode": "catmullrom"
						},
						"0.375": {
							"post": [30.8569, 9.87205, -48.42008],
							"lerp_mode": "catmullrom"
						},
						"0.4583": {
							"post": [-30.83, 13.04, -45.15],
							"lerp_mode": "catmullrom"
						},
						"0.5833": {
							"post": [15.24795, 19.93511, -5.69461],
							"lerp_mode": "catmullrom"
						},
						"0.6667": {
							"post": [15.19165, 2.22584, 2.49635],
							"lerp_mode": "catmullrom"
						},
						"0.7917": {
							"post": [20.61585, -9.74519, 6.02774],
							"lerp_mode": "catmullrom"
						},
						"1.0417": {
							"post": [20.61585, -9.74519, 6.02774],
							"lerp_mode": "catmullrom"
						},
						"1.25": {
							"post": [20.44919, 6.65873, 12.14697],
							"lerp_mode": "catmullrom"
						},
						"1.5833": {
							"post": [20.45, 6.66, 12.15],
							"lerp_mode": "catmullrom"
						},
						"1.6667": {
							"post": [-17.69078, -0.34856, 6.48212],
							"lerp_mode": "catmullrom"
						},
						"1.75": {
							"post": [-17.69078, -0.34856, 6.48212],
							"lerp_mode": "catmullrom"
						},
						"1.8333": {
							"post": [-20.98239, -25.57054, 18.1052],
							"lerp_mode": "catmullrom"
						},
						"1.9167": {
							"post": [-20.98, -25.57, 18.11],
							"lerp_mode": "catmullrom"
						},
						"2.0": {
							"post": [-18.73632, -2.07131, 1.49311],
							"lerp_mode": "catmullrom"
						},
						"2.1667": {
							"post": [-18.74, -2.07, 1.49],
							"lerp_mode": "catmullrom"
						},
						"2.2917": {
							"post": [-53.4069, 14.604, -23.80913],
							"lerp_mode": "catmullrom"
						},
						"2.4167": {
							"post": [-53.41, 14.6, -23.81],
							"lerp_mode": "catmullrom"
						},
						"2.625": {
							"post": [-53.41, 14.6, -23.81],
							"lerp_mode": "catmullrom"
						},
						"2.7083": {
							"post": [36.0857, 7.39438, -13.39659],
							"lerp_mode": "catmullrom"
						},
						"3.5417": {
							"post": [36.09, 7.39, -13.4],
							"lerp_mode": "catmullrom"
						}
					},
					"position": {
						"1.9167": {
							"pre": [0, 0, 0],
							"post": [0, 0, 0],
							"lerp_mode": "catmullrom"
						},
						"2.1667": {
							"post": [0, 0, 0],
							"lerp_mode": "catmullrom"
						},
						"2.4167": {
							"post": [0, 0, 0],
							"lerp_mode": "catmullrom"
						}
					}
				},
				"leftArm": {
					"rotation": {
						"0.0": {
							"post": [-20, 0, -25],
							"lerp_mode": "catmullrom"
						},
						"0.0833": {
							"post": [-19.8423, -2.55868, -32.05239],
							"lerp_mode": "catmullrom"
						},
						"0.1667": {
							"post": [-20, 0, -25],
							"lerp_mode": "catmullrom"
						},
						"0.2083": {
							"post": [-19.14314, -5.90316, -41.50371],
							"lerp_mode": "catmullrom"
						},
						"0.4583": {
							"post": [-19.14, -5.9, -41.5],
							"lerp_mode": "catmullrom"
						},
						"0.5833": {
							"post": [-46.64, -5.9, -41.5],
							"lerp_mode": "catmullrom"
						},
						"0.6667": {
							"post": [-46.92442, -0.43065, -36.3583],
							"lerp_mode": "catmullrom"
						},
						"0.8333": {
							"post": [-153.15359, -8.55086, -20.79496],
							"lerp_mode": "catmullrom"
						},
						"1.0417": {
							"post": [-153.15359, -8.55086, -20.79496],
							"lerp_mode": "catmullrom"
						},
						"1.25": {
							"post": [-149.85357, -5.11326, -27.50954],
							"lerp_mode": "catmullrom"
						},
						"1.5833": {
							"post": [-149.85, -5.11, -27.51],
							"lerp_mode": "catmullrom"
						},
						"1.6667": {
							"post": [-117.35, -5.11, -27.51],
							"lerp_mode": "catmullrom"
						},
						"1.9167": {
							"post": [-117.35, -5.11, -27.51],
							"lerp_mode": "catmullrom"
						},
						"2.0": {
							"post": [-8.35542, 54.58349, -34.76856],
							"lerp_mode": "catmullrom"
						},
						"2.1667": {
							"post": [-8.36, 54.58, -34.77],
							"lerp_mode": "catmullrom"
						},
						"2.2917": {
							"post": [34.79113, 45.71537, 19.59558],
							"lerp_mode": "catmullrom"
						},
						"2.4167": {
							"post": [34.79, 45.72, 19.6],
							"lerp_mode": "catmullrom"
						},
						"2.625": {
							"post": [34.79, 45.72, 19.6],
							"lerp_mode": "catmullrom"
						},
						"2.7083": {
							"post": [-51.84648, 40.51628, -56.15274],
							"lerp_mode": "catmullrom"
						},
						"3.5417": {
							"post": [-51.85, 40.52, -56.15],
							"lerp_mode": "catmullrom"
						}
					},
					"position": {
						"0.0833": {
							"pre": [0, 0, 0],
							"post": [0, 0, 0],
							"lerp_mode": "catmullrom"
						},
						"0.1667": {
							"post": [0, 0, 0],
							"lerp_mode": "catmullrom"
						},
						"0.4583": {
							"post": [0, 0, 0],
							"lerp_mode": "catmullrom"
						},
						"0.8333": {
							"post": [1, -4, 0],
							"lerp_mode": "catmullrom"
						},
						"1.5833": {
							"post": [1, -4, 0],
							"lerp_mode": "catmullrom"
						},
						"1.9167": {
							"post": [1, -4, 0],
							"lerp_mode": "catmullrom"
						},
						"2.0": {
							"post": [0, 0, 1],
							"lerp_mode": "catmullrom"
						},
						"2.1667": {
							"post": [0, 0, 1],
							"lerp_mode": "catmullrom"
						},
						"2.4167": {
							"post": [0, 0, 1],
							"lerp_mode": "catmullrom"
						},
						"2.9167": {
							"post": [0, -1, -1],
							"lerp_mode": "catmullrom"
						},
						"3.5417": {
							"post": [0, -1, -1],
							"lerp_mode": "catmullrom"
						}
					}
				},
				"rightLeg": {
					"rotation": {
						"0.0": {
							"post": [-14.78217, 2.57594, 9.6658],
							"lerp_mode": "catmullrom"
						},
						"0.0833": {
							"post": [-14.65759, 3.21528, 12.09104],
							"lerp_mode": "catmullrom"
						},
						"0.1667": {
							"post": [-14.78, 2.58, 9.67],
							"lerp_mode": "catmullrom"
						},
						"0.4583": {
							"post": [-14.5424, 17.80772, 18.6799],
							"lerp_mode": "catmullrom"
						},
						"0.6667": {
							"post": [-15.30352, 17.16381, 16.14718],
							"lerp_mode": "catmullrom"
						},
						"1.5833": {
							"post": [-15.3, 17.16, 16.15],
							"lerp_mode": "catmullrom"
						},
						"1.9167": {
							"post": [-15.3, 17.16, 16.15],
							"lerp_mode": "catmullrom"
						},
						"2.0": {
							"post": [12.2, 17.16, 16.15],
							"lerp_mode": "catmullrom"
						},
						"2.1667": {
							"post": [12.2, 17.16, 16.15],
							"lerp_mode": "catmullrom"
						},
						"2.2917": {
							"post": [19.8531, 19.85492, 8.76776],
							"lerp_mode": "catmullrom"
						},
						"2.4167": {
							"post": [19.85, 19.85, 8.77],
							"lerp_mode": "catmullrom"
						},
						"2.625": {
							"post": [19.85, 19.85, 8.77],
							"lerp_mode": "catmullrom"
						},
						"2.7083": {
							"post": [-32.65, 19.85, 8.77],
							"lerp_mode": "catmullrom"
						},
						"2.9167": {
							"post": [-12.65, 19.85, 8.77],
							"lerp_mode": "catmullrom"
						},
						"3.5417": {
							"post": [-12.65, 19.85, 8.77],
							"lerp_mode": "catmullrom"
						}
					},
					"position": {
						"0.0": {
							"post": [-1, 3, -3],
							"lerp_mode": "catmullrom"
						},
						"0.0833": {
							"post": [-1, 3, -3],
							"lerp_mode": "catmullrom"
						},
						"0.1667": {
							"post": [-1, 3, -3],
							"lerp_mode": "catmullrom"
						},
						"0.2083": {
							"post": [0, 0, -1],
							"lerp_mode": "catmullrom"
						},
						"0.3333": {
							"post": [0, 5, -2],
							"lerp_mode": "catmullrom"
						},
						"0.4583": {
							"post": [0, 2, -4],
							"lerp_mode": "catmullrom"
						},
						"0.5833": {
							"post": [-1, 5, -4],
							"lerp_mode": "catmullrom"
						},
						"1.5833": {
							"post": [-1, 5, -4],
							"lerp_mode": "catmullrom"
						},
						"1.9167": {
							"post": [-1, 5, -4],
							"lerp_mode": "catmullrom"
						},
						"2.0": {
							"post": [0, 1, -2],
							"lerp_mode": "catmullrom"
						},
						"2.1667": {
							"post": [0, 1, -2],
							"lerp_mode": "catmullrom"
						},
						"2.2917": {
							"post": [0, 0, 0],
							"lerp_mode": "catmullrom"
						},
						"2.4167": {
							"post": [0, 0, 0],
							"lerp_mode": "catmullrom"
						},
						"2.9167": {
							"post": [-1, 3, -3],
							"lerp_mode": "catmullrom"
						},
						"3.5417": {
							"post": [-1, 3, -3],
							"lerp_mode": "catmullrom"
						}
					}
				},
				"leftLeg": {
					"rotation": {
						"0.0": {
							"post": [-29.39942, -19.84302, -6.67223],
							"lerp_mode": "catmullrom"
						},
						"0.0833": {
							"post": [-30.85503, -17.32897, -2.10778],
							"lerp_mode": "catmullrom"
						},
						"0.1667": {
							"post": [-29.4, -19.84, -6.67],
							"lerp_mode": "catmullrom"
						},
						"0.3333": {
							"post": [-34.27487, -5.81551, 15.88076],
							"lerp_mode": "catmullrom"
						},
						"0.4583": {
							"post": [-33.08265, -12.0237, 6.65913],
							"lerp_mode": "catmullrom"
						},
						"0.5833": {
							"post": [-18.26574, -14.39903, 7.46004],
							"lerp_mode": "catmullrom"
						},
						"0.6667": {
							"post": [-15.54089, -17.3142, -2.48627],
							"lerp_mode": "catmullrom"
						},
						"1.5833": {
							"post": [-15.54, -17.31, -2.49],
							"lerp_mode": "catmullrom"
						},
						"1.9167": {
							"post": [-15.54, -17.31, -2.49],
							"lerp_mode": "catmullrom"
						},
						"2.0": {
							"post": [1.96, -17.31, -2.49],
							"lerp_mode": "catmullrom"
						},
						"2.1667": {
							"post": [1.96, -17.31, -2.49],
							"lerp_mode": "catmullrom"
						},
						"2.2917": {
							"post": [19.46, -17.31, -2.49],
							"lerp_mode": "catmullrom"
						},
						"2.4167": {
							"post": [19.46, -17.31, -2.49],
							"lerp_mode": "catmullrom"
						},
						"2.625": {
							"post": [19.46, -17.31, -2.49],
							"lerp_mode": "catmullrom"
						},
						"2.7083": {
							"post": [-38.04, -17.31, -2.49],
							"lerp_mode": "catmullrom"
						},
						"2.9167": {
							"post": [-18.04, -17.31, -2.49],
							"lerp_mode": "catmullrom"
						},
						"3.5417": {
							"post": [-18.04, -17.31, -2.49],
							"lerp_mode": "catmullrom"
						}
					},
					"position": {
						"0.0": {
							"post": [0, 2, -2],
							"lerp_mode": "catmullrom"
						},
						"0.0833": {
							"post": [0, 2, -2],
							"lerp_mode": "catmullrom"
						},
						"0.1667": {
							"post": [0, 2, -2],
							"lerp_mode": "catmullrom"
						},
						"0.2083": {
							"post": [0, 0, -1],
							"lerp_mode": "catmullrom"
						},
						"0.3333": {
							"post": [0, -1.5, -0.5],
							"lerp_mode": "catmullrom"
						},
						"0.4583": {
							"post": [0, 3, -2],
							"lerp_mode": "catmullrom"
						},
						"0.5833": {
							"post": [1, 4, -4],
							"lerp_mode": "catmullrom"
						},
						"1.5833": {
							"post": [1, 4, -4],
							"lerp_mode": "catmullrom"
						},
						"1.9167": {
							"post": [1, 4, -4],
							"lerp_mode": "catmullrom"
						},
						"2.0": {
							"post": [1, 1, -2],
							"lerp_mode": "catmullrom"
						},
						"2.1667": {
							"post": [1, 1, -2],
							"lerp_mode": "catmullrom"
						},
						"2.2917": {
							"post": [0, 0, 0],
							"lerp_mode": "catmullrom"
						},
						"2.4167": {
							"post": [0, 0, 0],
							"lerp_mode": "catmullrom"
						},
						"2.9167": {
							"post": [1, 2, -2],
							"lerp_mode": "catmullrom"
						},
						"3.5417": {
							"post": [1, 2, -2],
							"lerp_mode": "catmullrom"
						}
					}
				},
				"rightArm": {
					"rotation": {
						"0.0": {
							"post": [-22.32648, 2.86313, 24.43488],
							"lerp_mode": "catmullrom"
						},
						"0.0833": {
							"post": [-22.19521, 3.80726, 26.74754],
							"lerp_mode": "catmullrom"
						},
						"0.1667": {
							"post": [-22.33, 2.86, 24.43],
							"lerp_mode": "catmullrom"
						},
						"0.2083": {
							"post": [-39.32467, -28.94599, -8.77779],
							"lerp_mode": "catmullrom"
						},
						"0.4583": {
							"post": [-39.32, -28.95, -8.78],
							"lerp_mode": "catmullrom"
						},
						"0.5833": {
							"post": [-45.81273, 13.77816, 34.83613],
							"lerp_mode": "catmullrom"
						},
						"0.6667": {
							"post": [-46.82705, 8.3502, 29.5602],
							"lerp_mode": "catmullrom"
						},
						"0.875": {
							"post": [-47.386, 1.01529, 22.73566],
							"lerp_mode": "catmullrom"
						},
						"1.5833": {
							"post": [-47.39, 1.02, 22.74],
							"lerp_mode": "catmullrom"
						},
						"1.9167": {
							"post": [-47.39, 1.02, 22.74],
							"lerp_mode": "catmullrom"
						},
						"2.0": {
							"post": [15.11, 1.02, 22.74],
							"lerp_mode": "catmullrom"
						},
						"2.1667": {
							"post": [15.11, 1.02, 22.74],
							"lerp_mode": "catmullrom"
						},
						"2.2917": {
							"post": [15.13648, 16.3178, 13.89406],
							"lerp_mode": "catmullrom"
						},
						"2.4167": {
							"post": [15.14, 16.32, 13.89],
							"lerp_mode": "catmullrom"
						},
						"2.625": {
							"post": [15.14, 16.32, 13.89],
							"lerp_mode": "catmullrom"
						},
						"2.7083": {
							"post": [-37.36, 16.32, 13.89],
							"lerp_mode": "catmullrom"
						},
						"3.5417": {
							"post": [-37.36, 16.32, 13.89],
							"lerp_mode": "catmullrom"
						}
					},
					"position": {
						"0.0833": {
							"pre": [0, 0, 0],
							"post": [0, 0, 0],
							"lerp_mode": "catmullrom"
						},
						"0.1667": {
							"post": [0, 0, 0],
							"lerp_mode": "catmullrom"
						},
						"0.4583": {
							"post": [0, 0, 0],
							"lerp_mode": "catmullrom"
						},
						"1.5833": {
							"post": [0, 0, 0],
							"lerp_mode": "catmullrom"
						},
						"1.9167": {
							"post": [0, 0, 0],
							"lerp_mode": "catmullrom"
						},
						"2.1667": {
							"post": [0, 0, 0],
							"lerp_mode": "catmullrom"
						},
						"2.4167": {
							"post": [0, 0, 0],
							"lerp_mode": "catmullrom"
						},
						"2.9167": {
							"post": [0, 0, -2],
							"lerp_mode": "catmullrom"
						},
						"3.5417": {
							"post": [0, 0, -2],
							"lerp_mode": "catmullrom"
						}
					}
				}
			}
		}
	}
}