{
	"format_version": "1.8.0",
	"animations": {
		"animation.fpillars": {
			"loop": true,
			"animation_length": 1,
			"bones": {
				"all": {
					"rotation": {
						"0.0": [0, 0, 0],
						"0.25": [0, -90, 0],
						"0.5": [0, -180, 0],
						"0.75": [0, -270, 0],
						"1.0": [0, -360, 0]
					}
				}
			},
			"particle_effects": {
				"0.0": [
					{
						"effect": "fpillars",
						"locator": "fire"
					},
					{
						"effect": "fpillars",
						"locator": "fire2"
					},
					{
						"effect": "fpillars",
						"locator": "fire3"
					},
					{
						"effect": "fpillars",
						"locator": "fire4"
					},
					{
						"effect": "fpillars2",
						"locator": "fire"
					},
					{
						"effect": "fpillars2",
						"locator": "fire2"
					},
					{
						"effect": "fpillars2",
						"locator": "fire3"
					},
					{
						"effect": "fpillars2",
						"locator": "fire4"
					}
				]
			}
		}
	}
}