{
	"format_version": "1.8.0",
	"animations": {
		"animation.gryphon.hold": {
			"loop": true,
			"animation_length": 0.5,
			"bones": {
				"root": {
					"rotation": {
						"0.0": [14.2482, -29.82423, -6.22961],
						"0.5": [14.25, -29.82, -6.23]
					}
				},
				"rightArm": {
					"rotation": {
						"0.0": [-118.34521, -27.24321, 103.43516],
						"0.5": [-118.35, -27.24, 103.44]
					}
				},
				"leftArm": {
					"rotation": {
						"0.0": [10, 0, -77.5],
						"0.5": [10, 0, -77.5]
					}
				},
				"leftLeg": {
					"rotation": {
						"0.0": [7.5, 0, -10],
						"0.5": [7.5, 0, -10]
					}
				},
				"rightLeg": {
					"rotation": {
						"0.0": [-36.15942, 35.06168, -5.58128],
						"0.5": [-36.16, 35.06, -5.58]
					}
				}
			}
		},
		"animation.redslash": {
			"loop": true,
			"animation_length": 0.5,
			"bones": {
				"root": {
					"rotation": {
						"0.0": {
							"post": [0, -32.5, 0],
							"lerp_mode": "catmullrom"
						},
						"0.2083": {
							"post": [0, -32.5, 0],
							"lerp_mode": "catmullrom"
						},
						"0.2917": {
							"post": [-2.5, -32.5, 0],
							"lerp_mode": "catmullrom"
						},
						"0.5": {
							"post": [0, -32.5, 0],
							"lerp_mode": "catmullrom"
						}
					}
				},
				"head": {
					"rotation": {
						"0.0": {
							"post": [0, 27.5, 0],
							"lerp_mode": "catmullrom"
						},
						"0.5": {
							"post": [0, 27.5, 0],
							"lerp_mode": "catmullrom"
						}
					}
				},
				"rightArm": {
					"rotation": {
						"0.0": {
							"post": [-171.55764, 27.24513, 3.88714],
							"lerp_mode": "catmullrom"
						},
						"0.2083": {
							"post": [-204.05764, 27.24513, 3.88714],
							"lerp_mode": "catmullrom"
						},
						"0.2917": {
							"post": [23.44236, 27.24513, 3.88714],
							"lerp_mode": "catmullrom"
						},
						"0.5": {
							"post": [23.44, 27.25, 3.89],
							"lerp_mode": "catmullrom"
						}
					},
					"position": {
						"0.0": {
							"post": [0, 0, 0],
							"lerp_mode": "catmullrom"
						},
						"0.2083": {
							"post": [0, 0, 0],
							"lerp_mode": "catmullrom"
						},
						"0.2917": {
							"post": [0, -1, 0],
							"lerp_mode": "catmullrom"
						},
						"0.5": {
							"post": [0, 0, 0],
							"lerp_mode": "catmullrom"
						}
					}
				},
				"leftArm": {
					"rotation": {
						"0.0": {
							"post": [-7.5, 0, 15],
							"lerp_mode": "catmullrom"
						},
						"0.2083": {
							"post": [-7.5, 0, 15],
							"lerp_mode": "catmullrom"
						},
						"0.2917": {
							"post": [-10, 0, 15],
							"lerp_mode": "catmullrom"
						},
						"0.5": {
							"post": [-7.5, 0, 15],
							"lerp_mode": "catmullrom"
						}
					},
					"position": {
						"0.0": {
							"post": [0, 0, 0],
							"lerp_mode": "catmullrom"
						},
						"0.2083": {
							"post": [0, 0, 0],
							"lerp_mode": "catmullrom"
						},
						"0.2917": {
							"post": [0, 1, 1],
							"lerp_mode": "catmullrom"
						},
						"0.5": {
							"post": [0, 0, 0],
							"lerp_mode": "catmullrom"
						}
					}
				}
			}
		},
		"animation.redstomp": {
			"loop": true,
			"animation_length": 0.5,
			"bones": {
				"rightArm": {
					"rotation": {
						"0.0": {
							"post": [-105, 0, 65],
							"lerp_mode": "catmullrom"
						},
						"0.25": {
							"post": [-142.5, 0, 65],
							"lerp_mode": "catmullrom"
						},
						"0.3333": {
							"post": [77.5, 0, 65],
							"lerp_mode": "catmullrom"
						},
						"0.5": {
							"post": [77.5, 0, 65],
							"lerp_mode": "catmullrom"
						}
					}
				}
			}
		}
	}
}