{
	"format_version": "1.8.0",
	"animations": {
		"animation.hashibirahold": {
			"loop": true,
			"animation_length": 0.75,
			"bones": {
				"root": {
					"rotation": {
						"0.0": [-10.47479, -17.22575, 3.13388],
						"0.75": [-10.47, -17.23, 3.13]
					}
				},
				"body": {
					"rotation": {
						"0.0": [0, -20, 0],
						"0.75": [0, -20, 0]
					}
				},
				"head": {
					"rotation": {
						"0.0": [20, 32.5, 0],
						"0.75": [20, 32.5, 0]
					}
				},
				"leftArm": {
					"rotation": {
						"0.0": [30, 0, -47.5],
						"0.75": [30, 0, -47.5]
					}
				},
				"rightArm": {
					"rotation": {
						"0.0": [-57.62441, 61.09544, 29.03199],
						"0.75": [-57.62, 61.1, 29.03]
					}
				},
				"leftLeg": {
					"rotation": {
						"0.0": [10, 0, 0],
						"0.75": [10, 0, 0]
					}
				},
				"rightLeg": {
					"rotation": {
						"0.0": [0, 20, 0],
						"0.75": [0, 20, 0]
					},
					"position": {
						"0.0": [-2, 4, -4],
						"0.75": [-2, 4, -4]
					}
				}
			},
			"particle_effects": {
				"0.0": {
					"effect": "hikenhold",
					"locator": "playerright2"
				}
			}
		},
		"animation.hashibira": {
			"loop": true,
			"animation_length": 0.75,
			"bones": {
				"root": {
					"rotation": {
						"0.0": {
							"post": [-10.47, -17.23, 3.13],
							"lerp_mode": "catmullrom"
						},
						"0.1667": {
							"post": [-17.14268, -34.39729, 6.92716],
							"lerp_mode": "catmullrom"
						},
						"0.2917": {
							"post": [-17.14, -34.4, 6.93],
							"lerp_mode": "catmullrom"
						},
						"0.375": {
							"post": [8.28958, -7.87763, -0.96611],
							"lerp_mode": "catmullrom"
						},
						"0.75": {
							"post": [8.29, -7.88, -0.97],
							"lerp_mode": "catmullrom"
						}
					}
				},
				"body": {
					"rotation": {
						"0.0": {
							"post": [0, -20, 0],
							"lerp_mode": "catmullrom"
						},
						"0.1667": {
							"post": [0, -20, 0],
							"lerp_mode": "catmullrom"
						},
						"0.2917": {
							"post": [0, -20, 0],
							"lerp_mode": "catmullrom"
						},
						"0.375": {
							"post": [0, 20, 0],
							"lerp_mode": "catmullrom"
						},
						"0.75": {
							"post": [0, 20, 0],
							"lerp_mode": "catmullrom"
						}
					}
				},
				"leftArm": {
					"rotation": {
						"0.0": {
							"post": [30, 0, -47.5],
							"lerp_mode": "catmullrom"
						},
						"0.1667": {
							"post": [52.5, 0, -47.5],
							"lerp_mode": "catmullrom"
						},
						"0.2917": {
							"post": [52.5, 0, -47.5],
							"lerp_mode": "catmullrom"
						},
						"0.375": {
							"post": [-82.5, 0, -47.5],
							"lerp_mode": "catmullrom"
						},
						"0.75": {
							"post": [-82.5, 0, -47.5],
							"lerp_mode": "catmullrom"
						}
					}
				},
				"rightArm": {
					"rotation": {
						"0.0": {
							"post": [-57.62, 61.1, 29.03],
							"lerp_mode": "catmullrom"
						},
						"0.1667": {
							"post": [-70.72011, 38.38578, 12.24766],
							"lerp_mode": "catmullrom"
						},
						"0.2917": {
							"post": [-70.72, 38.39, 12.25],
							"lerp_mode": "catmullrom"
						},
						"0.375": {
							"post": [120.72496, 38.37209, 167.74591],
							"lerp_mode": "catmullrom"
						},
						"0.75": {
							"post": [120.72, 38.37, 167.75],
							"lerp_mode": "catmullrom"
						}
					}
				},
				"leftLeg": {
					"rotation": {
						"0.0": {
							"post": [10, 0, 0],
							"lerp_mode": "catmullrom"
						},
						"0.1667": {
							"post": [2.5, 0, 0],
							"lerp_mode": "catmullrom"
						},
						"0.2917": {
							"post": [2.5, 0, 0],
							"lerp_mode": "catmullrom"
						},
						"0.75": {
							"post": [2.5, 0, 0],
							"lerp_mode": "catmullrom"
						}
					}
				},
				"rightLeg": {
					"rotation": {
						"0.0": {
							"post": [0, 20, 0],
							"lerp_mode": "catmullrom"
						},
						"0.1667": {
							"post": [-25, 20, 0],
							"lerp_mode": "catmullrom"
						},
						"0.2917": {
							"post": [-25, 20, 0],
							"lerp_mode": "catmullrom"
						},
						"0.375": {
							"post": [-12.5, 20, 0],
							"lerp_mode": "catmullrom"
						},
						"0.75": {
							"post": [-12.5, 20, 0],
							"lerp_mode": "catmullrom"
						}
					},
					"position": {
						"0.0": {
							"post": [-2, 4, -4],
							"lerp_mode": "catmullrom"
						},
						"0.1667": {
							"post": [-2, 5, -4],
							"lerp_mode": "catmullrom"
						},
						"0.2917": {
							"post": [-2, 5, -4],
							"lerp_mode": "catmullrom"
						},
						"0.375": {
							"post": [-2, 0, -2],
							"lerp_mode": "catmullrom"
						},
						"0.75": {
							"post": [-2, 0, -2],
							"lerp_mode": "catmullrom"
						}
					}
				}
			},
			"particle_effects": {
				"0.0": {
					"effect": "hikenhold",
					"locator": "playerright2"
				}
			}
		}
	}
}