{
	"format_version": "1.8.0",
	"animations": {
		"animation.ichimonji.hold": {
			"loop": true,
			"animation_length": 0.5,
			"bones": {
				"root": {
					"rotation": {
						"0.0": [0, 47.5, 0],
						"0.5": [0, 47.5, 0]
					},
					"position": {
						"0.0": [0, -3, 0],
						"0.5": [0, -3, 0]
					}
				},
				"head": {
					"rotation": {
						"0.0": [25, -42.5, 0],
						"0.5": [25, -42.5, 0]
					}
				},
				"rightArm": {
					"rotation": {
						"0.0": [-135.40531, 53.54818, -115.26795],
						"0.5": [-135.41, 53.55, -115.27]
					}
				},
				"leftArm": {
					"rotation": {
						"0.0": [-116.08322, 66.86827, -46.21801],
						"0.5": [-116.08, 66.87, -46.22]
					},
					"position": {
						"0.0": [-3, -3, -3],
						"0.5": [-3, -3, -3]
					}
				},
				"leftLeg": {
					"rotation": {
						"0.0": [10, -37.5, 0],
						"0.5": [10, -37.5, 0]
					},
					"position": {
						"0.0": [3, 3, -4],
						"0.5": [3, 3, -4]
					}
				},
				"rightLeg": {
					"rotation": {
						"0.0": [25, 0, 37.5],
						"0.5": [25, 0, 37.5]
					}
				}
			}
		},
		"animation.shishisonson": {
			"loop": true,
			"animation_length": 0.25,
			"bones": {
				"root": {
					"rotation": {
						"0.0": [37.5, 0, 0],
						"0.25": [37.5, 0, 0]
					},
					"position": {
						"0.0": [0, 0, 7],
						"0.25": [0, 0, 7]
					}
				},
				"rightArm": {
					"rotation": {
						"0.0": [-59.55435, -33.48545, -17.96717],
						"0.25": [-59.55, -33.49, -17.97]
					}
				},
				"leftArm": {
					"rotation": {
						"0.0": [-71.33799, 36.01651, 11.23272],
						"0.25": [-71.34, 36.02, 11.23]
					}
				},
				"leftLeg": {
					"rotation": {
						"0.0": [12.5, 0, 0],
						"0.25": [12.5, 0, 0]
					}
				},
				"rightLeg": {
					"rotation": {
						"0.0": [-70, 0, 0],
						"0.25": [-70, 0, 0]
					}
				}
			}
		},
		"animation.dragonroar": {
			"loop": true,
			"animation_length": 1.20833,
			"bones": {
				"root": {
					"rotation": {
						"0.0": {
							"post": [26.05573, -15.81499, -7.59001],
							"lerp_mode": "catmullrom"
						},
						"0.875": {
							"post": [30.44565, -33.48545, -17.96717],
							"lerp_mode": "catmullrom"
						},
						"1.0": {
							"post": [33.4032, 39.85571, 22.90981],
							"lerp_mode": "catmullrom"
						},
						"1.2083": {
							"post": [33.4, 39.86, 22.91],
							"lerp_mode": "catmullrom"
						}
					}
				},
				"rightArm": {
					"rotation": {
						"0.0": {
							"post": [-124.46766, -35.98353, 68.53507],
							"lerp_mode": "catmullrom"
						},
						"0.875": {
							"post": [-134.46766, -35.98353, 68.53507],
							"lerp_mode": "catmullrom"
						},
						"1.0": {
							"post": [83.03234, -35.98353, 68.53507],
							"lerp_mode": "catmullrom"
						},
						"1.2083": {
							"post": [83.03, -35.98, 68.54],
							"lerp_mode": "catmullrom"
						}
					}
				},
				"leftArm": {
					"rotation": {
						"0.0": {
							"post": [0, 0, -25],
							"lerp_mode": "catmullrom"
						},
						"0.875": {
							"post": [15, 0, -25],
							"lerp_mode": "catmullrom"
						},
						"1.0": {
							"post": [-120, 0, -25],
							"lerp_mode": "catmullrom"
						},
						"1.2083": {
							"post": [-120, 0, -25],
							"lerp_mode": "catmullrom"
						}
					}
				},
				"leftLeg": {
					"rotation": {
						"0.0": {
							"post": [10, 0, 0],
							"lerp_mode": "catmullrom"
						},
						"0.875": {
							"post": [-2.5, 0, 0],
							"lerp_mode": "catmullrom"
						},
						"1.0": {
							"post": [37.5, 0, 0],
							"lerp_mode": "catmullrom"
						},
						"1.2083": {
							"post": [37.5, 0, 0],
							"lerp_mode": "catmullrom"
						}
					}
				},
				"rightLeg": {
					"rotation": {
						"0.0": {
							"post": [32.5, 0, 0],
							"lerp_mode": "catmullrom"
						},
						"0.875": {
							"post": [50, 0, 0],
							"lerp_mode": "catmullrom"
						},
						"1.0": {
							"post": [-30, 0, 0],
							"lerp_mode": "catmullrom"
						},
						"1.2083": {
							"post": [-30, 0, 0],
							"lerp_mode": "catmullrom"
						}
					}
				}
			}
		}
	}
}