{
	"format_version": "1.8.0",
	"animations": {
		"animation.meteorrain": {
			"loop": true,
			"animation_length": 1.70833,
			"bones": {
				"head": {
					"rotation": {
						"0.0": {
							"post": [55, 0, 0],
							"lerp_mode": "catmullrom"
						},
						"0.75": {
							"post": [55, 0, 0],
							"lerp_mode": "catmullrom"
						},
						"1.0": {
							"post": [-12.5, 0, 0],
							"lerp_mode": "catmullrom"
						},
						"1.375": {
							"post": [-12.5, 0, 0],
							"lerp_mode": "catmullrom"
						},
						"1.5": {
							"post": [40, 0, 0],
							"lerp_mode": "catmullrom"
						},
						"1.7083": {
							"post": [40, 0, 0],
							"lerp_mode": "catmullrom"
						}
					}
				},
				"leftArm": {
					"rotation": {
						"0.0": {
							"post": [-61.67841, 13.27207, -2.94691],
							"lerp_mode": "catmullrom"
						},
						"0.75": {
							"post": [-61.68, 13.27, -2.95],
							"lerp_mode": "catmullrom"
						},
						"1.0": {
							"post": [-178.00606, 13.14715, 2.18441],
							"lerp_mode": "catmullrom"
						},
						"1.375": {
							"post": [-178.01, 13.15, 2.18],
							"lerp_mode": "catmullrom"
						},
						"1.5": {
							"post": [-38.01, 13.15, 2.18],
							"lerp_mode": "catmullrom"
						},
						"1.7083": {
							"post": [-61.68, 13.27, -2.95],
							"lerp_mode": "catmullrom"
						}
					}
				},
				"rightArm": {
					"rotation": {
						"0.0": {
							"post": [7.5, 0, -20],
							"lerp_mode": "catmullrom"
						},
						"0.75": {
							"post": [7.5, 0, -20],
							"lerp_mode": "catmullrom"
						},
						"1.0": {
							"post": [-4.43745, 2.30644, 7.41063],
							"lerp_mode": "catmullrom"
						},
						"1.375": {
							"post": [-4.44, 2.31, 7.41],
							"lerp_mode": "catmullrom"
						},
						"1.5": {
							"post": [14.995, 4.33312, 39.90478],
							"lerp_mode": "catmullrom"
						},
						"1.7083": {
							"post": [14.99, 4.33, 39.9],
							"lerp_mode": "catmullrom"
						}
					}
				}
			}
		}
	}
}