{
	"format_version": "1.8.0",
	"animations": {
		"animation.kikoku.radioknife": {
			"animation_length": 1.54167,
			"bones": {
				"rightKatana": {
					"rotation": {
						"0.0": {
							"post": [-5, 0, 0],
							"lerp_mode": "catmullrom"
						},
						"0.875": {
							"post": [0, 0, 0],
							"lerp_mode": "catmullrom"
						},
						"1.2083": {
							"post": [0, 720, 0],
							"lerp_mode": "catmullrom"
						},
						"1.25": {
							"post": [0, 717.5, 0],
							"lerp_mode": "catmullrom"
						},
						"1.5417": {
							"post": [0, 720, 0],
							"lerp_mode": "catmullrom"
						}
					},
					"position": {
						"0.875": {
							"pre": [0, 0, 0],
							"post": [0, 0, 0],
							"lerp_mode": "catmullrom"
						},
						"1.5417": {
							"post": [0, 0, 0],
							"lerp_mode": "catmullrom"
						}
					}
				},
				"body": {
					"rotation": {
						"0.0": {
							"post": [0, 0, 0],
							"lerp_mode": "catmullrom"
						},
						"0.125": {
							"post": [15, -27.5, 0],
							"lerp_mode": "catmullrom"
						},
						"0.1667": {
							"post": [17.31203, -39.51245, -4.16399],
							"lerp_mode": "catmullrom"
						},
						"0.25": {
							"post": [15, -27.5, 0],
							"lerp_mode": "catmullrom"
						},
						"0.3333": {
							"post": [15, 32.5, 0],
							"lerp_mode": "catmullrom"
						},
						"0.4167": {
							"post": [24.88365, 41.13676, 7.59349],
							"lerp_mode": "catmullrom"
						},
						"0.5": {
							"post": [21.0739, -59.28733, 2.22773],
							"lerp_mode": "catmullrom"
						},
						"0.5833": {
							"post": [40.83555, -70.47737, -11.2393],
							"lerp_mode": "catmullrom"
						},
						"0.6667": {
							"post": [59.70772, -75.34077, -30.94921],
							"lerp_mode": "catmullrom"
						},
						"0.75": {
							"post": [15.09785, -5.48787, 8.59135],
							"lerp_mode": "catmullrom"
						},
						"0.9167": {
							"post": [15.1, -5.49, 8.59],
							"lerp_mode": "catmullrom"
						},
						"1.0417": {
							"post": [10.6841, 9.44946, 2.69281],
							"lerp_mode": "catmullrom"
						},
						"1.0833": {
							"post": [12.54547, 14.42928, 0.72708],
							"lerp_mode": "catmullrom"
						},
						"1.25": {
							"post": [0, -10, 0],
							"lerp_mode": "catmullrom"
						},
						"1.3333": {
							"post": [0, 0, 0],
							"lerp_mode": "catmullrom"
						},
						"1.5417": {
							"post": [0, 0, 0],
							"lerp_mode": "catmullrom"
						}
					},
					"position": {
						"0.0": {
							"post": [0, 0, 0],
							"lerp_mode": "catmullrom"
						},
						"0.125": {
							"post": [0, 0, 0],
							"lerp_mode": "catmullrom"
						},
						"0.25": {
							"post": [0, 0, 0],
							"lerp_mode": "catmullrom"
						},
						"0.5833": {
							"post": [2, 0, 0],
							"lerp_mode": "catmullrom"
						},
						"0.6667": {
							"post": [2, 0, 0],
							"lerp_mode": "catmullrom"
						},
						"0.9167": {
							"post": [2, 0, 0],
							"lerp_mode": "catmullrom"
						},
						"1.0833": {
							"post": [2, 0, 0],
							"lerp_mode": "catmullrom"
						},
						"1.25": {
							"post": [0, 0, 0],
							"lerp_mode": "catmullrom"
						},
						"1.5417": {
							"post": [0, 0, 0],
							"lerp_mode": "catmullrom"
						}
					},
					"scale": {
						"0.0": {
							"post": [1, 1, 1],
							"lerp_mode": "catmullrom"
						},
						"0.125": {
							"post": [1, 1, 1],
							"lerp_mode": "catmullrom"
						},
						"0.25": {
							"post": [1, 1, 1],
							"lerp_mode": "catmullrom"
						},
						"0.6667": {
							"post": [1, 1, 1],
							"lerp_mode": "catmullrom"
						},
						"0.9167": {
							"post": [1, 1, 1],
							"lerp_mode": "catmullrom"
						},
						"1.0833": {
							"post": [1, 1, 1],
							"lerp_mode": "catmullrom"
						},
						"1.25": {
							"post": [1, 1, 1],
							"lerp_mode": "catmullrom"
						},
						"1.5417": {
							"post": [1, 1, 1],
							"lerp_mode": "catmullrom"
						}
					}
				},
				"leftArm": {
					"rotation": {
						"0.0": {
							"post": [-84.34877, -2.91155, -63.9594],
							"lerp_mode": "catmullrom"
						},
						"0.125": {
							"post": [-54.35, -2.91, -63.96],
							"lerp_mode": "catmullrom"
						},
						"0.25": {
							"post": [-54.34877, -2.91155, -63.9594],
							"lerp_mode": "catmullrom"
						},
						"0.3333": {
							"post": [-4.34877, -2.91155, -63.9594],
							"lerp_mode": "catmullrom"
						},
						"0.5": {
							"post": [-4.35, -2.91, -63.96],
							"lerp_mode": "catmullrom"
						},
						"0.6667": {
							"post": [-4.35, -2.91, -63.96],
							"lerp_mode": "catmullrom"
						},
						"0.9167": {
							"post": [-4.35, -2.91, -63.96],
							"lerp_mode": "catmullrom"
						},
						"1.0833": {
							"post": [-4.35, -2.91, -63.96],
							"lerp_mode": "catmullrom"
						},
						"1.25": {
							"post": [-84.34877, -2.91155, -63.9594],
							"lerp_mode": "catmullrom"
						},
						"1.5417": {
							"post": [-84.35, -2.91, -63.96],
							"lerp_mode": "catmullrom"
						}
					},
					"position": {
						"0.0": {
							"post": [1, 0, -2],
							"lerp_mode": "catmullrom"
						},
						"0.125": {
							"post": [1, 0, -2],
							"lerp_mode": "catmullrom"
						},
						"0.25": {
							"post": [1, 0, -2],
							"lerp_mode": "catmullrom"
						},
						"0.3333": {
							"post": [1, 0, 1],
							"lerp_mode": "catmullrom"
						},
						"0.5": {
							"post": [1, 0, 1],
							"lerp_mode": "catmullrom"
						},
						"0.6667": {
							"post": [1, 0, 1],
							"lerp_mode": "catmullrom"
						},
						"0.9167": {
							"post": [1, 0, 1],
							"lerp_mode": "catmullrom"
						},
						"1.0833": {
							"post": [1, 0, 1],
							"lerp_mode": "catmullrom"
						},
						"1.25": {
							"post": [1, 0, -2],
							"lerp_mode": "catmullrom"
						},
						"1.5417": {
							"post": [1, 0, -2],
							"lerp_mode": "catmullrom"
						}
					},
					"scale": {
						"0.125": {
							"pre": [1, 1, 1],
							"post": [1, 1, 1],
							"lerp_mode": "catmullrom"
						},
						"0.9167": {
							"post": [1, 1, 1],
							"lerp_mode": "catmullrom"
						},
						"1.0833": {
							"post": [1, 1, 1],
							"lerp_mode": "catmullrom"
						},
						"1.5417": {
							"post": [1, 1, 1],
							"lerp_mode": "catmullrom"
						}
					}
				},
				"rightArm": {
					"rotation": {
						"0.0": {
							"post": [-90.20119, 15.45105, 115.72573],
							"lerp_mode": "catmullrom"
						},
						"0.125": {
							"post": [-132.7, 15.45, 115.73],
							"lerp_mode": "catmullrom"
						},
						"0.25": {
							"post": [-132.70119, 15.45105, 115.72573],
							"lerp_mode": "catmullrom"
						},
						"0.3333": {
							"post": [-29.29356, 0.23947, 86.63705],
							"lerp_mode": "catmullrom"
						},
						"0.4167": {
							"post": [-179.32937, -22.33848, -67.69475],
							"lerp_mode": "catmullrom"
						},
						"0.5": {
							"post": [-49.57153, 14.96711, -84.60286],
							"lerp_mode": "catmullrom"
						},
						"0.5833": {
							"post": [-133.18924, -31.22282, 71.12795],
							"lerp_mode": "catmullrom"
						},
						"0.6667": {
							"post": [-143.18924, -31.22282, 71.12795],
							"lerp_mode": "catmullrom"
						},
						"0.75": {
							"post": [18.81356, 7.60062, 135.30186],
							"lerp_mode": "catmullrom"
						},
						"0.9167": {
							"post": [18.81, 7.6, 135.3],
							"lerp_mode": "catmullrom"
						},
						"1.0": {
							"post": [0.9283, 20.21529, 69.20484],
							"lerp_mode": "catmullrom"
						},
						"1.0833": {
							"post": [1.14181, 40.21448, 69.61856],
							"lerp_mode": "catmullrom"
						},
						"1.1667": {
							"post": [0.93, 20.22, 69.2],
							"lerp_mode": "catmullrom"
						},
						"1.25": {
							"post": [-90.20119, 15.45105, 115.72573],
							"lerp_mode": "catmullrom"
						},
						"1.3333": {
							"post": [-85.20119, 15.45105, 115.72573],
							"lerp_mode": "catmullrom"
						},
						"1.4167": {
							"post": [-92.70119, 15.45105, 115.72573],
							"lerp_mode": "catmullrom"
						},
						"1.5417": {
							"post": [-92.7, 15.45, 115.73],
							"lerp_mode": "catmullrom"
						}
					},
					"position": {
						"0.0": {
							"post": [2, 2, -4],
							"lerp_mode": "catmullrom"
						},
						"0.125": {
							"post": [5, 2, -7],
							"lerp_mode": "catmullrom"
						},
						"0.25": {
							"post": [5, 2, -7],
							"lerp_mode": "catmullrom"
						},
						"0.3333": {
							"post": [-3, 2, -1],
							"lerp_mode": "catmullrom"
						},
						"0.4167": {
							"post": [0, 2, 1.5],
							"lerp_mode": "catmullrom"
						},
						"0.5": {
							"post": [3, 2, -6],
							"lerp_mode": "catmullrom"
						},
						"0.6667": {
							"post": [3, 2, -6],
							"lerp_mode": "catmullrom"
						},
						"0.75": {
							"post": [-2, 2, 1],
							"lerp_mode": "catmullrom"
						},
						"0.9167": {
							"post": [-2, 2, 1],
							"lerp_mode": "catmullrom"
						},
						"1.0": {
							"post": [-2, 0, -1],
							"lerp_mode": "catmullrom"
						},
						"1.125": {
							"post": [-2, 0, -1],
							"lerp_mode": "catmullrom"
						},
						"1.25": {
							"post": [2, 2, -4],
							"lerp_mode": "catmullrom"
						},
						"1.5417": {
							"post": [2, 2, -4],
							"lerp_mode": "catmullrom"
						}
					}
				},
				"rightLeg": {
					"rotation": {
						"0.0": {
							"post": [0, 0, 0],
							"lerp_mode": "catmullrom"
						},
						"0.125": {
							"post": [0, 0, 0],
							"lerp_mode": "catmullrom"
						},
						"0.25": {
							"post": [0, 0, 0],
							"lerp_mode": "catmullrom"
						},
						"0.3333": {
							"post": [-29.40842, 6.21271, 10.86815],
							"lerp_mode": "catmullrom"
						},
						"0.6667": {
							"post": [-29.41, 6.21, 10.87],
							"lerp_mode": "catmullrom"
						},
						"0.75": {
							"post": [-11.91, 6.21, 10.87],
							"lerp_mode": "catmullrom"
						},
						"0.9167": {
							"post": [-11.91, 6.21, 10.87],
							"lerp_mode": "catmullrom"
						},
						"1.0833": {
							"post": [-11.91, 6.21, 10.87],
							"lerp_mode": "catmullrom"
						},
						"1.25": {
							"post": [0, 0, 0],
							"lerp_mode": "catmullrom"
						},
						"1.5417": {
							"post": [0, 0, 0],
							"lerp_mode": "catmullrom"
						}
					},
					"position": {
						"0.0": {
							"post": [0, 0, 0],
							"lerp_mode": "catmullrom"
						},
						"0.125": {
							"post": [0, 0, 0],
							"lerp_mode": "catmullrom"
						},
						"0.25": {
							"post": [0, 0, 0],
							"lerp_mode": "catmullrom"
						},
						"0.3333": {
							"post": [0, 2, -4],
							"lerp_mode": "catmullrom"
						},
						"0.6667": {
							"post": [0, 2, -4],
							"lerp_mode": "catmullrom"
						},
						"0.75": {
							"post": [0, 0, -4],
							"lerp_mode": "catmullrom"
						},
						"0.9167": {
							"post": [0, 0, -4],
							"lerp_mode": "catmullrom"
						},
						"1.0833": {
							"post": [0, 0, -4],
							"lerp_mode": "catmullrom"
						},
						"1.25": {
							"post": [0, 0, 0],
							"lerp_mode": "catmullrom"
						},
						"1.5417": {
							"post": [0, 0, 0],
							"lerp_mode": "catmullrom"
						}
					},
					"scale": {
						"0.0": {
							"post": [1, 1, 1],
							"lerp_mode": "catmullrom"
						},
						"0.125": {
							"post": [1, 1, 1],
							"lerp_mode": "catmullrom"
						},
						"0.25": {
							"post": [1, 1, 1],
							"lerp_mode": "catmullrom"
						},
						"0.6667": {
							"post": [1, 1, 1],
							"lerp_mode": "catmullrom"
						},
						"0.9167": {
							"post": [1, 1, 1],
							"lerp_mode": "catmullrom"
						},
						"1.0833": {
							"post": [1, 1, 1],
							"lerp_mode": "catmullrom"
						},
						"1.25": {
							"post": [1, 1, 1],
							"lerp_mode": "catmullrom"
						},
						"1.5417": {
							"post": [1, 1, 1],
							"lerp_mode": "catmullrom"
						}
					}
				},
				"leftLeg": {
					"rotation": {
						"0.0": {
							"post": [0, 0, 0],
							"lerp_mode": "catmullrom"
						},
						"0.25": {
							"post": [0, 0, 0],
							"lerp_mode": "catmullrom"
						},
						"0.3333": {
							"post": [3.31914, -14.63639, -12.92638],
							"lerp_mode": "catmullrom"
						},
						"0.6667": {
							"post": [3.32, -14.64, -12.93],
							"lerp_mode": "catmullrom"
						},
						"0.9167": {
							"post": [3.32, -14.64, -12.93],
							"lerp_mode": "catmullrom"
						},
						"1.0833": {
							"post": [3.32, -14.64, -12.93],
							"lerp_mode": "catmullrom"
						},
						"1.25": {
							"post": [0, 0, 0],
							"lerp_mode": "catmullrom"
						},
						"1.5417": {
							"post": [0, 0, 0],
							"lerp_mode": "catmullrom"
						}
					},
					"position": {
						"0.0": {
							"post": [0, 0, 0],
							"lerp_mode": "catmullrom"
						},
						"0.25": {
							"post": [0, 0, 0],
							"lerp_mode": "catmullrom"
						},
						"0.6667": {
							"post": [0, 0, 0],
							"lerp_mode": "catmullrom"
						},
						"0.9167": {
							"post": [0, 0, 0],
							"lerp_mode": "catmullrom"
						},
						"1.0833": {
							"post": [0, 0, 0],
							"lerp_mode": "catmullrom"
						},
						"1.25": {
							"post": [0, 0, 0],
							"lerp_mode": "catmullrom"
						},
						"1.5417": {
							"post": [0, 0, 0],
							"lerp_mode": "catmullrom"
						}
					},
					"scale": {
						"0.0": {
							"post": [1, 1, 1],
							"lerp_mode": "catmullrom"
						},
						"0.25": {
							"post": [1, 1, 1],
							"lerp_mode": "catmullrom"
						},
						"0.6667": {
							"post": [1, 1, 1],
							"lerp_mode": "catmullrom"
						},
						"0.9167": {
							"post": [1, 1, 1],
							"lerp_mode": "catmullrom"
						},
						"1.0833": {
							"post": [1, 1, 1],
							"lerp_mode": "catmullrom"
						},
						"1.25": {
							"post": [1, 1, 1],
							"lerp_mode": "catmullrom"
						},
						"1.5417": {
							"post": [1, 1, 1],
							"lerp_mode": "catmullrom"
						}
					}
				}
			}
		},
		"animation.kikoku.specialcut": {
			"animation_length": 1.20833,
			"bones": {
				"rightKatana": {
					"rotation": {
						"0.0": {
							"post": [37.5, 0, 0],
							"lerp_mode": "catmullrom"
						},
						"0.125": {
							"post": [37.5, 0, 0],
							"lerp_mode": "catmullrom"
						},
						"0.25": {
							"post": [37.5, 0, 0],
							"lerp_mode": "catmullrom"
						},
						"0.3333": {
							"post": [90, 0, 0],
							"lerp_mode": "catmullrom"
						},
						"1.2083": {
							"post": [90, 0, 0],
							"lerp_mode": "catmullrom"
						}
					},
					"position": {
						"0.125": {
							"pre": [0, 0, 0],
							"post": [0, 0, 0],
							"lerp_mode": "catmullrom"
						},
						"0.25": {
							"post": [0, 0, 0],
							"lerp_mode": "catmullrom"
						},
						"0.3333": {
							"post": [0, 2, -4],
							"lerp_mode": "catmullrom"
						},
						"1.2083": {
							"post": [0, 2, -4],
							"lerp_mode": "catmullrom"
						}
					},
					"scale": {
						"0.125": {
							"pre": [1, 1, 1],
							"post": [1, 1, 1],
							"lerp_mode": "catmullrom"
						},
						"0.25": {
							"post": [1, 1, 1],
							"lerp_mode": "catmullrom"
						},
						"1.2083": {
							"post": [1, 1, 1],
							"lerp_mode": "catmullrom"
						}
					}
				},
				"body": {
					"rotation": {
						"0.0": {
							"post": [10, 27.5, 0],
							"lerp_mode": "catmullrom"
						},
						"0.125": {
							"post": [10, 27.5, 0],
							"lerp_mode": "catmullrom"
						},
						"0.25": {
							"post": [10, 27.5, 0],
							"lerp_mode": "catmullrom"
						},
						"0.3333": {
							"post": [29.55315, -21.86127, -8.24054],
							"lerp_mode": "catmullrom"
						},
						"1.2083": {
							"post": [29.55, -21.86, -8.24],
							"lerp_mode": "catmullrom"
						}
					},
					"position": {
						"0.125": {
							"pre": [0, 0, 0],
							"post": [0, 0, 0],
							"lerp_mode": "catmullrom"
						},
						"0.25": {
							"post": [0, 0, 0],
							"lerp_mode": "catmullrom"
						},
						"1.2083": {
							"post": [0, 0, 0],
							"lerp_mode": "catmullrom"
						}
					}
				},
				"leftArm": {
					"rotation": {
						"0.0": {
							"post": [-34.13554, 16.76559, -31.06517],
							"lerp_mode": "catmullrom"
						},
						"0.125": {
							"post": [-34.13554, 16.76559, -31.06517],
							"lerp_mode": "catmullrom"
						},
						"0.25": {
							"post": [-34.14, 16.77, -31.07],
							"lerp_mode": "catmullrom"
						},
						"0.3333": {
							"post": [21.90794, -45.46334, -51.75008],
							"lerp_mode": "catmullrom"
						},
						"1.2083": {
							"post": [21.91, -45.46, -51.75],
							"lerp_mode": "catmullrom"
						}
					},
					"position": {
						"0.125": {
							"pre": [0, 0, 0],
							"post": [0, 0, 0],
							"lerp_mode": "catmullrom"
						},
						"0.25": {
							"post": [0, 0, 0],
							"lerp_mode": "catmullrom"
						},
						"1.2083": {
							"post": [0, 0, 0],
							"lerp_mode": "catmullrom"
						}
					},
					"scale": {
						"0.125": {
							"pre": [1, 1, 1],
							"post": [1, 1, 1],
							"lerp_mode": "catmullrom"
						},
						"0.25": {
							"post": [1, 1, 1],
							"lerp_mode": "catmullrom"
						},
						"1.2083": {
							"post": [1, 1, 1],
							"lerp_mode": "catmullrom"
						}
					}
				},
				"rightArm": {
					"rotation": {
						"0.0": {
							"post": [33.73499, -9.93191, 104.48174],
							"lerp_mode": "catmullrom"
						},
						"0.125": {
							"post": [33.73499, -9.93191, 104.48174],
							"lerp_mode": "catmullrom"
						},
						"0.25": {
							"post": [33.73, -9.93, 104.48],
							"lerp_mode": "catmullrom"
						},
						"0.3333": {
							"post": [-63.59991, 19.16177, 105.9392],
							"lerp_mode": "catmullrom"
						},
						"1.2083": {
							"post": [-63.6, 19.16, 105.94],
							"lerp_mode": "catmullrom"
						}
					},
					"position": {
						"0.0": {
							"post": [0, 0, 3],
							"lerp_mode": "catmullrom"
						},
						"0.125": {
							"post": [0, 0, 3],
							"lerp_mode": "catmullrom"
						},
						"0.25": {
							"post": [0, 0, 3],
							"lerp_mode": "catmullrom"
						},
						"0.3333": {
							"post": [0, 0, -1],
							"lerp_mode": "catmullrom"
						},
						"1.2083": {
							"post": [0, 0, -1],
							"lerp_mode": "catmullrom"
						}
					},
					"scale": 1
				},
				"rightLeg": {
					"rotation": {
						"0.0": {
							"post": [-12.5, 0, 12.5],
							"lerp_mode": "catmullrom"
						},
						"0.125": {
							"post": [-12.5, 0, 12.5],
							"lerp_mode": "catmullrom"
						},
						"0.3333": {
							"post": [15, 0, 12.5],
							"lerp_mode": "catmullrom"
						},
						"1.2083": {
							"post": [15, 0, 12.5],
							"lerp_mode": "catmullrom"
						}
					},
					"position": {
						"0.0": {
							"post": [0, 0, 0],
							"lerp_mode": "catmullrom"
						},
						"0.125": {
							"post": [0, 0, 0],
							"lerp_mode": "catmullrom"
						},
						"0.3333": {
							"post": [0, 3, -3],
							"lerp_mode": "catmullrom"
						},
						"1.2083": {
							"post": [0, 3, -3],
							"lerp_mode": "catmullrom"
						}
					},
					"scale": {
						"0.0": {
							"post": [1, 1, 1],
							"lerp_mode": "catmullrom"
						},
						"0.125": {
							"post": [1, 1, 1],
							"lerp_mode": "catmullrom"
						},
						"1.2083": {
							"post": [1, 1, 1],
							"lerp_mode": "catmullrom"
						}
					}
				},
				"leftLeg": {
					"rotation": {
						"0.0": {
							"post": [-12.39638, -1.61888, -7.32417],
							"lerp_mode": "catmullrom"
						},
						"0.125": {
							"post": [-12.39638, -1.61888, -7.32417],
							"lerp_mode": "catmullrom"
						},
						"0.2083": {
							"post": [5.10362, -1.61888, -7.32417],
							"lerp_mode": "catmullrom"
						},
						"1.2083": {
							"post": [5.1, -1.62, -7.32],
							"lerp_mode": "catmullrom"
						}
					},
					"position": {
						"0.0": {
							"post": [0, 0, 0],
							"lerp_mode": "catmullrom"
						},
						"0.125": {
							"post": [0, 0, 0],
							"lerp_mode": "catmullrom"
						},
						"1.2083": {
							"post": [0, 0, 0],
							"lerp_mode": "catmullrom"
						}
					},
					"scale": {
						"0.0": {
							"post": [1, 1, 1],
							"lerp_mode": "catmullrom"
						},
						"0.125": {
							"post": [1, 1, 1],
							"lerp_mode": "catmullrom"
						},
						"1.2083": {
							"post": [1, 1, 1],
							"lerp_mode": "catmullrom"
						}
					}
				}
			}
		}
	}
}