{
	"format_version": "1.8.0",
	"animations": {
		"animation.paw.paw_hold": {
			"loop": true,
			"bones": {
				"body": {
					"rotation": [7.5, -37.5, 0]
				},
				"leftArm": {
					"rotation": [-110.09001, 15.81499, 63.94427],
					"position": [0, -2, 2]
				},
				"rightArm": {
					"rotation": [-59.15767, 0.79006, 84.90712],
					"position": [0, 0, -2]
				},
				"rightLeg": {
					"rotation": [-5, 15, 12.5]
				},
				"leftLeg": {
					"rotation": [-1.90528, -22.29711, -8.11003]
				}
			}
		},
		"animation.paw.paw": {
			"animation_length": 0.625,
			"bones": {
				"body": {
					"rotation": {
						"0.0": {
							"post": [7.5, -37.5, 0],
							"lerp_mode": "catmullrom"
						},
						"0.0833": {
							"post": [9.75698, -52.33497, -3.16932],
							"lerp_mode": "catmullrom"
						},
						"0.1667": {
							"post": [5.94388, -0.23674, 4.55753],
							"lerp_mode": "catmullrom"
						},
						"0.375": {
							"post": [6.22203, 17.16629, 6.4252],
							"lerp_mode": "catmullrom"
						},
						"0.625": {
							"post": [6.22, 17.17, 6.43],
							"lerp_mode": "catmullrom"
						}
					}
				},
				"leftArm": {
					"rotation": {
						"0.0": {
							"post": [-110.09001, 15.81499, 63.94427],
							"lerp_mode": "catmullrom"
						},
						"0.0833": {
							"post": [-126.01479, 22.83909, 61.15577],
							"lerp_mode": "catmullrom"
						},
						"0.1667": {
							"post": [-86.58627, -0.14812, -69.98413],
							"lerp_mode": "catmullrom"
						},
						"0.375": {
							"post": [-75.2632, -1.36729, -93.61058],
							"lerp_mode": "catmullrom"
						},
						"0.625": {
							"post": [-75.26, -1.37, -93.61],
							"lerp_mode": "catmullrom"
						}
					},
					"position": {
						"0.0": {
							"post": [0, -2, 2],
							"lerp_mode": "catmullrom"
						},
						"0.0833": {
							"post": [0, -2, 2],
							"lerp_mode": "catmullrom"
						},
						"0.1667": {
							"post": [0, 1, -3],
							"lerp_mode": "catmullrom"
						},
						"0.625": {
							"post": [0, 1, -3],
							"lerp_mode": "catmullrom"
						}
					}
				},
				"rightArm": {
					"rotation": {
						"0.0": {
							"post": [-59.15767, 0.79006, 84.90712],
							"lerp_mode": "catmullrom"
						},
						"0.0833": {
							"post": [-41.65767, 0.79006, 84.90712],
							"lerp_mode": "catmullrom"
						},
						"0.1667": {
							"post": [-123.89257, 30.62894, -11.37714],
							"lerp_mode": "catmullrom"
						},
						"0.625": {
							"post": [-123.89, 30.63, -11.38],
							"lerp_mode": "catmullrom"
						}
					},
					"position": {
						"0.0": {
							"post": [0, 0, -2],
							"lerp_mode": "catmullrom"
						},
						"0.0833": {
							"post": [0, 0, -2],
							"lerp_mode": "catmullrom"
						},
						"0.1667": {
							"post": [0, 0, 2],
							"lerp_mode": "catmullrom"
						},
						"0.625": {
							"post": [0, 0, 2],
							"lerp_mode": "catmullrom"
						}
					}
				},
				"rightLeg": {
					"rotation": {
						"0.0": {
							"post": [-5, 15, 12.5],
							"lerp_mode": "catmullrom"
						},
						"0.0833": {
							"post": [-5, 15, 12.5],
							"lerp_mode": "catmullrom"
						},
						"0.1667": {
							"post": [-8.17356, 13.55996, -0.3147],
							"lerp_mode": "catmullrom"
						},
						"0.625": {
							"post": [-8.17, 13.56, -0.31],
							"lerp_mode": "catmullrom"
						}
					}
				},
				"leftLeg": {
					"rotation": {
						"0.0": {
							"post": [-1.90528, -22.29711, -8.11003],
							"lerp_mode": "catmullrom"
						},
						"0.0833": {
							"post": [-1.90528, -22.29711, -8.11003],
							"lerp_mode": "catmullrom"
						},
						"0.625": {
							"post": [-1.91, -22.3, -8.11],
							"lerp_mode": "catmullrom"
						}
					}
				}
			}
		},
		"animation.paw.paws": {
			"animation_length": 1.08333,
			"bones": {
				"body": {
					"rotation": {
						"0.0": {
							"post": [7.5, -37.5, 0],
							"lerp_mode": "catmullrom"
						},
						"0.0417": {
							"post": [14.72265, 34.54848, 8.69293],
							"lerp_mode": "catmullrom"
						},
						"0.0833": {
							"post": [7.5, -37.5, 0],
							"lerp_mode": "catmullrom"
						},
						"0.125": {
							"post": [7.5, -37.5, 0],
							"lerp_mode": "catmullrom"
						},
						"0.1667": {
							"post": [14.72265, 34.54848, 8.69293],
							"lerp_mode": "catmullrom"
						},
						"0.2083": {
							"post": [7.5, -37.5, 0],
							"lerp_mode": "catmullrom"
						},
						"0.25": {
							"post": [7.5, -37.5, 0],
							"lerp_mode": "catmullrom"
						},
						"0.2917": {
							"post": [14.72265, 34.54848, 8.69293],
							"lerp_mode": "catmullrom"
						},
						"0.3333": {
							"post": [7.5, -37.5, 0],
							"lerp_mode": "catmullrom"
						},
						"0.375": {
							"post": [7.5, -37.5, 0],
							"lerp_mode": "catmullrom"
						},
						"0.4167": {
							"post": [14.72265, 34.54848, 8.69293],
							"lerp_mode": "catmullrom"
						},
						"0.4583": {
							"post": [7.5, -37.5, 0],
							"lerp_mode": "catmullrom"
						},
						"0.5": {
							"post": [7.5, -37.5, 0],
							"lerp_mode": "catmullrom"
						},
						"0.5417": {
							"post": [14.72265, 34.54848, 8.69293],
							"lerp_mode": "catmullrom"
						},
						"0.5833": {
							"post": [7.5, -37.5, 0],
							"lerp_mode": "catmullrom"
						},
						"0.625": {
							"post": [7.5, -37.5, 0],
							"lerp_mode": "catmullrom"
						},
						"0.6667": {
							"post": [14.72265, 34.54848, 8.69293],
							"lerp_mode": "catmullrom"
						},
						"0.7083": {
							"post": [7.5, -37.5, 0],
							"lerp_mode": "catmullrom"
						},
						"0.7917": {
							"post": [7.71315, 39.50617, 9.50668],
							"lerp_mode": "catmullrom"
						},
						"0.875": {
							"post": [6.56585, -25.09291, 1.78764],
							"lerp_mode": "catmullrom"
						},
						"1.0833": {
							"post": [6.57, -25.09, 1.79],
							"lerp_mode": "catmullrom"
						}
					}
				},
				"leftArm": {
					"rotation": {
						"0.0": {
							"post": [-110.09001, 15.81499, 63.94427],
							"lerp_mode": "catmullrom"
						},
						"0.0417": {
							"post": [-62.49356, -10.75363, -83.33124],
							"lerp_mode": "catmullrom"
						},
						"0.0833": {
							"post": [-110.09001, 15.81499, 63.94427],
							"lerp_mode": "catmullrom"
						},
						"0.125": {
							"post": [-110.09001, 15.81499, 63.94427],
							"lerp_mode": "catmullrom"
						},
						"0.1667": {
							"post": [-62.49356, -10.75363, -83.33124],
							"lerp_mode": "catmullrom"
						},
						"0.2083": {
							"post": [-110.09001, 15.81499, 63.94427],
							"lerp_mode": "catmullrom"
						},
						"0.25": {
							"post": [-110.09001, 15.81499, 63.94427],
							"lerp_mode": "catmullrom"
						},
						"0.2917": {
							"post": [-62.49356, -10.75363, -83.33124],
							"lerp_mode": "catmullrom"
						},
						"0.3333": {
							"post": [-110.09001, 15.81499, 63.94427],
							"lerp_mode": "catmullrom"
						},
						"0.375": {
							"post": [-110.09001, 15.81499, 63.94427],
							"lerp_mode": "catmullrom"
						},
						"0.4167": {
							"post": [-62.49356, -10.75363, -83.33124],
							"lerp_mode": "catmullrom"
						},
						"0.4583": {
							"post": [-110.09001, 15.81499, 63.94427],
							"lerp_mode": "catmullrom"
						},
						"0.5": {
							"post": [-110.09001, 15.81499, 63.94427],
							"lerp_mode": "catmullrom"
						},
						"0.5417": {
							"post": [-62.49356, -10.75363, -83.33124],
							"lerp_mode": "catmullrom"
						},
						"0.5833": {
							"post": [-110.09001, 15.81499, 63.94427],
							"lerp_mode": "catmullrom"
						},
						"0.625": {
							"post": [-110.09001, 15.81499, 63.94427],
							"lerp_mode": "catmullrom"
						},
						"0.6667": {
							"post": [-62.49356, -10.75363, -83.33124],
							"lerp_mode": "catmullrom"
						},
						"0.7083": {
							"post": [-110.09001, 15.81499, 63.94427],
							"lerp_mode": "catmullrom"
						},
						"0.7917": {
							"post": [-77.07225, -20.25787, -59.94388],
							"lerp_mode": "catmullrom"
						},
						"1.0833": {
							"post": [-77.07, -20.26, -59.94],
							"lerp_mode": "catmullrom"
						}
					},
					"position": {
						"0.0": {
							"post": [0, -2, 2],
							"lerp_mode": "catmullrom"
						},
						"0.0417": {
							"post": [0, 0, -3],
							"lerp_mode": "catmullrom"
						},
						"0.0833": {
							"post": [0, -2, 2],
							"lerp_mode": "catmullrom"
						},
						"0.125": {
							"post": [0, -2, 2],
							"lerp_mode": "catmullrom"
						},
						"0.1667": {
							"post": [0, 0, -3],
							"lerp_mode": "catmullrom"
						},
						"0.2083": {
							"post": [0, -2, 2],
							"lerp_mode": "catmullrom"
						},
						"0.25": {
							"post": [0, -2, 2],
							"lerp_mode": "catmullrom"
						},
						"0.2917": {
							"post": [0, 0, -3],
							"lerp_mode": "catmullrom"
						},
						"0.3333": {
							"post": [0, -2, 2],
							"lerp_mode": "catmullrom"
						},
						"0.375": {
							"post": [0, -2, 2],
							"lerp_mode": "catmullrom"
						},
						"0.4167": {
							"post": [0, 0, -3],
							"lerp_mode": "catmullrom"
						},
						"0.4583": {
							"post": [0, -2, 2],
							"lerp_mode": "catmullrom"
						},
						"0.5": {
							"post": [0, -2, 2],
							"lerp_mode": "catmullrom"
						},
						"0.5417": {
							"post": [0, 0, -3],
							"lerp_mode": "catmullrom"
						},
						"0.5833": {
							"post": [0, -2, 2],
							"lerp_mode": "catmullrom"
						},
						"0.625": {
							"post": [0, -2, 2],
							"lerp_mode": "catmullrom"
						},
						"0.6667": {
							"post": [0, 0, -3],
							"lerp_mode": "catmullrom"
						},
						"0.7083": {
							"post": [0, -2, 2],
							"lerp_mode": "catmullrom"
						},
						"0.7917": {
							"post": [0, 0, -4],
							"lerp_mode": "catmullrom"
						},
						"0.875": {
							"post": [0, 0, 7],
							"lerp_mode": "catmullrom"
						},
						"1.0833": {
							"post": [0, 0, 7],
							"lerp_mode": "catmullrom"
						}
					}
				},
				"rightArm": {
					"rotation": {
						"0.0": {
							"post": [-59.15767, 0.79006, 84.90712],
							"lerp_mode": "catmullrom"
						},
						"0.0833": {
							"post": [-59.15767, 0.79006, 84.90712],
							"lerp_mode": "catmullrom"
						},
						"0.125": {
							"post": [-59.15767, 0.79006, 84.90712],
							"lerp_mode": "catmullrom"
						},
						"0.2083": {
							"post": [-59.15767, 0.79006, 84.90712],
							"lerp_mode": "catmullrom"
						},
						"0.25": {
							"post": [-59.15767, 0.79006, 84.90712],
							"lerp_mode": "catmullrom"
						},
						"0.3333": {
							"post": [-59.15767, 0.79006, 84.90712],
							"lerp_mode": "catmullrom"
						},
						"0.375": {
							"post": [-59.15767, 0.79006, 84.90712],
							"lerp_mode": "catmullrom"
						},
						"0.4583": {
							"post": [-59.15767, 0.79006, 84.90712],
							"lerp_mode": "catmullrom"
						},
						"0.5": {
							"post": [-59.15767, 0.79006, 84.90712],
							"lerp_mode": "catmullrom"
						},
						"0.5833": {
							"post": [-59.15767, 0.79006, 84.90712],
							"lerp_mode": "catmullrom"
						},
						"0.625": {
							"post": [-59.15767, 0.79006, 84.90712],
							"lerp_mode": "catmullrom"
						},
						"0.7083": {
							"post": [-59.15767, 0.79006, 84.90712],
							"lerp_mode": "catmullrom"
						},
						"1.0833": {
							"post": [-59.16, 0.79, 84.91],
							"lerp_mode": "catmullrom"
						}
					},
					"position": {
						"0.0": {
							"post": [0, 0, -2],
							"lerp_mode": "catmullrom"
						},
						"0.0417": {
							"post": [0, 0, 5],
							"lerp_mode": "catmullrom"
						},
						"0.0833": {
							"post": [0, 0, -2],
							"lerp_mode": "catmullrom"
						},
						"0.125": {
							"post": [0, 0, -2],
							"lerp_mode": "catmullrom"
						},
						"0.1667": {
							"post": [0, 0, 5],
							"lerp_mode": "catmullrom"
						},
						"0.2083": {
							"post": [0, 0, -2],
							"lerp_mode": "catmullrom"
						},
						"0.25": {
							"post": [0, 0, -2],
							"lerp_mode": "catmullrom"
						},
						"0.2917": {
							"post": [0, 0, 5],
							"lerp_mode": "catmullrom"
						},
						"0.3333": {
							"post": [0, 0, -2],
							"lerp_mode": "catmullrom"
						},
						"0.375": {
							"post": [0, 0, -2],
							"lerp_mode": "catmullrom"
						},
						"0.4167": {
							"post": [0, 0, 5],
							"lerp_mode": "catmullrom"
						},
						"0.4583": {
							"post": [0, 0, -2],
							"lerp_mode": "catmullrom"
						},
						"0.5": {
							"post": [0, 0, -2],
							"lerp_mode": "catmullrom"
						},
						"0.5417": {
							"post": [0, 0, 5],
							"lerp_mode": "catmullrom"
						},
						"0.5833": {
							"post": [0, 0, -2],
							"lerp_mode": "catmullrom"
						},
						"0.625": {
							"post": [0, 0, -2],
							"lerp_mode": "catmullrom"
						},
						"0.6667": {
							"post": [0, 0, 5],
							"lerp_mode": "catmullrom"
						},
						"0.7083": {
							"post": [0, 0, -2],
							"lerp_mode": "catmullrom"
						},
						"0.7917": {
							"post": [0, 0, 5],
							"lerp_mode": "catmullrom"
						},
						"0.875": {
							"post": [0, 0, -3],
							"lerp_mode": "catmullrom"
						},
						"1.0833": {
							"post": [0, 0, -3],
							"lerp_mode": "catmullrom"
						}
					}
				},
				"rightLeg": {
					"rotation": {
						"0.0": {
							"post": [-5, 15, 12.5],
							"lerp_mode": "catmullrom"
						},
						"0.0833": {
							"post": [-5, 15, 12.5],
							"lerp_mode": "catmullrom"
						},
						"0.125": {
							"post": [-5, 15, 12.5],
							"lerp_mode": "catmullrom"
						},
						"0.2083": {
							"post": [-5, 15, 12.5],
							"lerp_mode": "catmullrom"
						},
						"0.25": {
							"post": [-5, 15, 12.5],
							"lerp_mode": "catmullrom"
						},
						"0.3333": {
							"post": [-5, 15, 12.5],
							"lerp_mode": "catmullrom"
						},
						"0.375": {
							"post": [-5, 15, 12.5],
							"lerp_mode": "catmullrom"
						},
						"0.4583": {
							"post": [-5, 15, 12.5],
							"lerp_mode": "catmullrom"
						},
						"0.5": {
							"post": [-5, 15, 12.5],
							"lerp_mode": "catmullrom"
						},
						"0.5833": {
							"post": [-5, 15, 12.5],
							"lerp_mode": "catmullrom"
						},
						"0.625": {
							"post": [-5, 15, 12.5],
							"lerp_mode": "catmullrom"
						},
						"0.7083": {
							"post": [-5, 15, 12.5],
							"lerp_mode": "catmullrom"
						},
						"1.0833": {
							"post": [-5, 15, 12.5],
							"lerp_mode": "catmullrom"
						}
					}
				},
				"leftLeg": {
					"rotation": {
						"0.0": {
							"post": [-1.90528, -22.29711, -8.11003],
							"lerp_mode": "catmullrom"
						},
						"0.0833": {
							"post": [-1.90528, -22.29711, -8.11003],
							"lerp_mode": "catmullrom"
						},
						"0.125": {
							"post": [-1.90528, -22.29711, -8.11003],
							"lerp_mode": "catmullrom"
						},
						"0.2083": {
							"post": [-1.90528, -22.29711, -8.11003],
							"lerp_mode": "catmullrom"
						},
						"0.25": {
							"post": [-1.90528, -22.29711, -8.11003],
							"lerp_mode": "catmullrom"
						},
						"0.3333": {
							"post": [-1.90528, -22.29711, -8.11003],
							"lerp_mode": "catmullrom"
						},
						"0.375": {
							"post": [-1.90528, -22.29711, -8.11003],
							"lerp_mode": "catmullrom"
						},
						"0.4583": {
							"post": [-1.90528, -22.29711, -8.11003],
							"lerp_mode": "catmullrom"
						},
						"0.5": {
							"post": [-1.90528, -22.29711, -8.11003],
							"lerp_mode": "catmullrom"
						},
						"0.5833": {
							"post": [-1.90528, -22.29711, -8.11003],
							"lerp_mode": "catmullrom"
						},
						"0.625": {
							"post": [-1.90528, -22.29711, -8.11003],
							"lerp_mode": "catmullrom"
						},
						"0.7083": {
							"post": [-1.90528, -22.29711, -8.11003],
							"lerp_mode": "catmullrom"
						},
						"1.0833": {
							"post": [-1.91, -22.3, -8.11],
							"lerp_mode": "catmullrom"
						}
					}
				}
			}
		},
		"animation.paw.redpaw": {
			"animation_length": 0.54167,
			"bones": {
				"body": {
					"rotation": {
						"0.0": {
							"post": [7.5, -37.5, 0],
							"lerp_mode": "catmullrom"
						},
						"0.0833": {
							"post": [32.25698, -52.33497, -3.16932],
							"lerp_mode": "catmullrom"
						},
						"0.1667": {
							"post": [32.26, -52.33, -3.17],
							"lerp_mode": "catmullrom"
						},
						"0.25": {
							"post": [21.37113, 26.47607, 33.27371],
							"lerp_mode": "catmullrom"
						},
						"0.3333": {
							"post": [38.76773, 42.52017, 41.82387],
							"lerp_mode": "catmullrom"
						},
						"0.5417": {
							"post": [38.77, 42.52, 41.82],
							"lerp_mode": "catmullrom"
						}
					},
					"position": {
						"0.0": {
							"post": [0, 0, 0],
							"lerp_mode": "catmullrom"
						},
						"0.0833": {
							"post": [0, -2, 0],
							"lerp_mode": "catmullrom"
						},
						"0.1667": {
							"post": [0, -2, 0],
							"lerp_mode": "catmullrom"
						},
						"0.3333": {
							"post": [3, -2, 0],
							"lerp_mode": "catmullrom"
						},
						"0.5417": {
							"post": [3, -2, 0],
							"lerp_mode": "catmullrom"
						}
					}
				},
				"leftArm": {
					"rotation": {
						"0.0": {
							"post": [-110.09001, 15.81499, 63.94427],
							"lerp_mode": "catmullrom"
						},
						"0.0833": {
							"post": [-112.71222, -31.13262, 81.84738],
							"lerp_mode": "catmullrom"
						},
						"0.1667": {
							"post": [-112.71, -31.13, 81.85],
							"lerp_mode": "catmullrom"
						},
						"0.25": {
							"post": [-211.86131, -7.30135, 141.08574],
							"lerp_mode": "catmullrom"
						},
						"0.3333": {
							"post": [-109.73216, 17.03933, -19.03829],
							"lerp_mode": "catmullrom"
						},
						"0.5417": {
							"post": [-109.73, 17.04, -19.04],
							"lerp_mode": "catmullrom"
						}
					},
					"position": {
						"0.0": {
							"post": [0, -2, 2],
							"lerp_mode": "catmullrom"
						},
						"0.1667": {
							"post": [0, -2, 2],
							"lerp_mode": "catmullrom"
						},
						"0.25": {
							"post": [0, 0, 4],
							"lerp_mode": "catmullrom"
						},
						"0.3333": {
							"post": [-1, 0, -5],
							"lerp_mode": "catmullrom"
						},
						"0.5417": {
							"post": [-1, 0, -5],
							"lerp_mode": "catmullrom"
						}
					}
				},
				"rightArm": {
					"rotation": {
						"0.0": {
							"post": [-59.15767, 0.79006, 84.90712],
							"lerp_mode": "catmullrom"
						},
						"0.0833": {
							"post": [-37.3675, 35.48742, 97.15163],
							"lerp_mode": "catmullrom"
						},
						"0.1667": {
							"post": [-37.37, 35.49, 97.15],
							"lerp_mode": "catmullrom"
						},
						"0.3333": {
							"post": [29.66251, -15.41626, 46.37423],
							"lerp_mode": "catmullrom"
						},
						"0.5417": {
							"post": [29.66, -15.42, 46.37],
							"lerp_mode": "catmullrom"
						}
					},
					"position": {
						"0.0": {
							"post": [0, 0, -2],
							"lerp_mode": "catmullrom"
						},
						"0.1667": {
							"post": [0, 0, -2],
							"lerp_mode": "catmullrom"
						},
						"0.5417": {
							"post": [0, 0, -2],
							"lerp_mode": "catmullrom"
						}
					}
				},
				"rightLeg": {
					"rotation": {
						"0.0": {
							"post": [-5, 15, 12.5],
							"lerp_mode": "catmullrom"
						},
						"0.1667": {
							"post": [-5, 15, 12.5],
							"lerp_mode": "catmullrom"
						},
						"0.25": {
							"post": [-14.14707, 7.09323, -32.72262],
							"lerp_mode": "catmullrom"
						},
						"0.3333": {
							"post": [-10.41253, 11.94081, -10.43326],
							"lerp_mode": "catmullrom"
						},
						"0.5417": {
							"post": [-10.41, 11.94, -10.43],
							"lerp_mode": "catmullrom"
						}
					},
					"position": {
						"0.0": {
							"post": [0, 0, 0],
							"lerp_mode": "catmullrom"
						},
						"0.0833": {
							"post": [0, 2, -5],
							"lerp_mode": "catmullrom"
						},
						"0.1667": {
							"post": [0, 2, -5],
							"lerp_mode": "catmullrom"
						},
						"0.3333": {
							"post": [0, 0, 0],
							"lerp_mode": "catmullrom"
						},
						"0.5417": {
							"post": [0, 0, 0],
							"lerp_mode": "catmullrom"
						}
					}
				},
				"leftLeg": {
					"rotation": {
						"0.0": {
							"post": [-1.90528, -22.29711, -8.11003],
							"lerp_mode": "catmullrom"
						},
						"0.1667": {
							"post": [-1.91, -22.3, -8.11],
							"lerp_mode": "catmullrom"
						},
						"0.25": {
							"post": [9.0848, -20.53752, -37.63571],
							"lerp_mode": "catmullrom"
						},
						"0.5417": {
							"post": [9.08, -20.54, -37.64],
							"lerp_mode": "catmullrom"
						}
					},
					"position": {
						"0.3333": {
							"pre": [0, 2, -3],
							"post": [0, 2, -3],
							"lerp_mode": "catmullrom"
						},
						"0.5417": {
							"post": [0, 2, -3],
							"lerp_mode": "catmullrom"
						}
					}
				}
			}
		}
	}
}