{
	"format_version": "1.8.0",
	"animations": {
		"animation.dworld": {
			"loop": true,
			"animation_length": 1.9167,
			"bones": {
				"root": {
					"position": {
						"0.0": [0, 0, 0],
						"0.5417": [0, -1, 0],
						"0.7083": [0, 4, 0],
						"1.1667": [0, 7, 0],
						"1.5833": [0, 4, -3],
						"1.9167": [0, 2, -3]
					}
				},
				"waist": {
					"rotation": {
						"0.0": {
							"post": [0, 0, 0],
							"lerp_mode": "catmullrom"
						},
						"0.2083": {
							"post": [32.72348, 6.3202, 4.04618],
							"lerp_mode": "catmullrom"
						},
						"0.4167": {
							"post": [42.93934, 8.15373, 5.75937],
							"lerp_mode": "catmullrom"
						},
						"0.7083": {
							"post": [-29.56066, 8.15373, 5.75937],
							"lerp_mode": "catmullrom"
						},
						"0.9583": {
							"post": [-29.56, 8.15, 5.76],
							"lerp_mode": "catmullrom"
						},
						"1.3333": {
							"post": [-31.56081, 21.08742, -2.10554],
							"lerp_mode": "catmullrom"
						},
						"1.5": {
							"post": [-31.56081, 21.08742, -2.10554],
							"lerp_mode": "catmullrom"
						},
						"1.5833": {
							"post": [13.44391, -21.2045, -6.40573],
							"lerp_mode": "catmullrom"
						},
						"1.6667": {
							"post": [87.85769, -25.17489, -36.07121],
							"lerp_mode": "catmullrom"
						},
						"1.9167": {
							"post": [87.86, -25.17, -36.07],
							"lerp_mode": "catmullrom"
						}
					},
					"position": {
						"0.0": {
							"post": [0, 0, 0],
							"lerp_mode": "catmullrom"
						},
						"0.9583": {
							"post": [0, 0, 0],
							"lerp_mode": "catmullrom"
						},
						"1.9167": {
							"post": [0, 0, 0],
							"lerp_mode": "catmullrom"
						}
					},
					"scale": {
						"0.0": {
							"post": [1, 1, 1],
							"lerp_mode": "catmullrom"
						},
						"0.9583": {
							"post": [1, 1, 1],
							"lerp_mode": "catmullrom"
						},
						"1.9167": {
							"post": [1, 1, 1],
							"lerp_mode": "catmullrom"
						}
					}
				},
				"head": {
					"rotation": {
						"0.0": [0, 0, 0],
						"0.2083": [15, 0, 0],
						"0.4167": [37.5, 0, 0],
						"0.7083": [20, 0, 0]
					},
					"position": [0, 0, 0],
					"scale": 1
				},
				"leftArm": {
					"rotation": {
						"0.0": {
							"post": [0, 0, 0],
							"lerp_mode": "catmullrom"
						},
						"0.2083": {
							"post": [-52.13918, 8.86042, 4.65468],
							"lerp_mode": "catmullrom"
						},
						"0.7083": {
							"post": [-29.76355, -24.85761, -43.15984],
							"lerp_mode": "catmullrom"
						},
						"0.875": {
							"post": [23.56768, -26.10811, -44.93086],
							"lerp_mode": "catmullrom"
						},
						"1.2083": {
							"post": [-29.76, -24.86, -43.16],
							"lerp_mode": "catmullrom"
						},
						"1.5": {
							"post": [-29.76, -24.86, -43.16],
							"lerp_mode": "catmullrom"
						},
						"1.5833": {
							"post": [57.74, -24.86, -43.16],
							"lerp_mode": "catmullrom"
						},
						"1.9167": {
							"post": [57.74, -24.86, -43.16],
							"lerp_mode": "catmullrom"
						}
					},
					"position": {
						"0.0": {
							"post": [0, 0, 0],
							"lerp_mode": "catmullrom"
						},
						"0.2083": {
							"post": [0, 0, -3],
							"lerp_mode": "catmullrom"
						},
						"0.7083": {
							"post": [0, 0, -1],
							"lerp_mode": "catmullrom"
						},
						"1.125": {
							"post": [0, 0, -1],
							"lerp_mode": "catmullrom"
						},
						"1.5": {
							"post": [0, 0, -1],
							"lerp_mode": "catmullrom"
						},
						"1.5833": {
							"post": [0, 0, 2],
							"lerp_mode": "catmullrom"
						},
						"1.9167": {
							"post": [0, 0, 2],
							"lerp_mode": "catmullrom"
						}
					},
					"scale": {
						"0.0": {
							"post": [1, 1, 1],
							"lerp_mode": "catmullrom"
						},
						"1.0833": {
							"post": [1, 1, 1],
							"lerp_mode": "catmullrom"
						},
						"1.9167": {
							"post": [1, 1, 1],
							"lerp_mode": "catmullrom"
						}
					}
				},
				"rightArm": {
					"rotation": {
						"0.0": {
							"post": [0, 0, 0],
							"lerp_mode": "catmullrom"
						},
						"0.2083": {
							"post": [-51.83416, -9.88744, -7.68615],
							"lerp_mode": "catmullrom"
						},
						"0.5417": {
							"post": [15.19845, 7.47567, 7.23745],
							"lerp_mode": "catmullrom"
						},
						"0.7083": {
							"post": [49.85977, -23.63245, 3.66233],
							"lerp_mode": "catmullrom"
						},
						"0.9583": {
							"post": [49.86, -23.63, 3.66],
							"lerp_mode": "catmullrom"
						},
						"1.2083": {
							"post": [-154.3333, 35.35144, -31.00399],
							"lerp_mode": "catmullrom"
						},
						"1.5833": {
							"post": [-230.43112, 25.12288, -57.54094],
							"lerp_mode": "catmullrom"
						},
						"1.6667": {
							"post": [-12.93112, 25.12288, -57.54094],
							"lerp_mode": "catmullrom"
						},
						"1.9167": {
							"post": [-12.93, 25.12, -57.54],
							"lerp_mode": "catmullrom"
						}
					},
					"position": {
						"0.0": {
							"post": [0, 0, 0],
							"lerp_mode": "catmullrom"
						},
						"0.2083": {
							"post": [1, 0, 1],
							"lerp_mode": "catmullrom"
						},
						"0.4167": {
							"post": [1, 0, -1],
							"lerp_mode": "catmullrom"
						},
						"0.7083": {
							"post": [0, 0, 1],
							"lerp_mode": "catmullrom"
						},
						"0.9583": {
							"post": [0, 0, 1],
							"lerp_mode": "catmullrom"
						},
						"1.2083": {
							"post": [0, 6, 0],
							"lerp_mode": "catmullrom"
						},
						"1.5833": {
							"post": [1, 1, 3],
							"lerp_mode": "catmullrom"
						},
						"1.6667": {
							"post": [2, 1, -5],
							"lerp_mode": "catmullrom"
						},
						"1.9167": {
							"post": [2, 1, -5],
							"lerp_mode": "catmullrom"
						}
					},
					"scale": {
						"0.0": {
							"post": [1, 1, 1],
							"lerp_mode": "catmullrom"
						},
						"0.9583": {
							"post": [1, 1, 1],
							"lerp_mode": "catmullrom"
						},
						"1.9167": {
							"post": [1, 1, 1],
							"lerp_mode": "catmullrom"
						}
					}
				},
				"leftLeg": {
					"rotation": {
						"0.0": {
							"post": [0, 0, 0],
							"lerp_mode": "catmullrom"
						},
						"0.2083": {
							"post": [-32.5, 0, 0],
							"lerp_mode": "catmullrom"
						},
						"0.4167": {
							"post": [-20, 0, 0],
							"lerp_mode": "catmullrom"
						},
						"0.7083": {
							"post": [25, 0, 0],
							"lerp_mode": "catmullrom"
						},
						"0.8333": {
							"post": [35.31, 0, 0],
							"lerp_mode": "catmullrom"
						},
						"1.0417": {
							"post": [-80, 0, 0],
							"lerp_mode": "catmullrom"
						},
						"1.3333": {
							"post": [-90, 0, 0],
							"lerp_mode": "catmullrom"
						},
						"1.5833": {
							"post": [17.5, 0, 0],
							"lerp_mode": "catmullrom"
						},
						"1.9167": {
							"post": [17.5, 0, 0],
							"lerp_mode": "catmullrom"
						}
					},
					"position": {
						"0.0": {
							"post": [0, 0, 0],
							"lerp_mode": "catmullrom"
						},
						"0.4167": {
							"post": [0, -1, -2],
							"lerp_mode": "catmullrom"
						},
						"0.7083": {
							"post": [0, 0, 0],
							"lerp_mode": "catmullrom"
						},
						"0.8333": {
							"post": [0, 1.06, -2.87],
							"lerp_mode": "catmullrom"
						},
						"1.0417": {
							"post": [0, 1, -1],
							"lerp_mode": "catmullrom"
						},
						"1.4583": {
							"post": [0, 2.63, -2.23],
							"lerp_mode": "catmullrom"
						},
						"1.5833": {
							"post": [0, 3, -5],
							"lerp_mode": "catmullrom"
						},
						"1.6667": {
							"post": [0, -2, -5],
							"lerp_mode": "catmullrom"
						},
						"1.9167": {
							"post": [0, -2, -5],
							"lerp_mode": "catmullrom"
						}
					},
					"scale": {
						"0.0": {
							"post": [1, 1, 1],
							"lerp_mode": "catmullrom"
						},
						"1.0": {
							"post": [1, 1, 1],
							"lerp_mode": "catmullrom"
						},
						"1.9167": {
							"post": [1, 1, 1],
							"lerp_mode": "catmullrom"
						}
					}
				},
				"rightLeg": {
					"rotation": {
						"0.0": {
							"post": [0, 0, 0],
							"lerp_mode": "catmullrom"
						},
						"0.3333": {
							"post": [30, 0, 0],
							"lerp_mode": "catmullrom"
						},
						"0.4583": {
							"post": [30.27, 0, 0],
							"lerp_mode": "catmullrom"
						},
						"0.7083": {
							"post": [-47.5, 0, 0],
							"lerp_mode": "catmullrom"
						},
						"0.8333": {
							"post": [22.66, 0, 0],
							"lerp_mode": "catmullrom"
						},
						"1.0": {
							"post": [35, 0, 0],
							"lerp_mode": "catmullrom"
						},
						"1.3333": {
							"post": [47.5, 0, 0],
							"lerp_mode": "catmullrom"
						},
						"1.5": {
							"post": [47.5, 0, 0],
							"lerp_mode": "catmullrom"
						},
						"1.6667": {
							"post": [155, 0, 0],
							"lerp_mode": "catmullrom"
						},
						"1.9167": {
							"post": [155, 0, 0],
							"lerp_mode": "catmullrom"
						}
					},
					"position": {
						"0.0": {
							"post": [0, 0, 0],
							"lerp_mode": "catmullrom"
						},
						"0.25": {
							"post": [0, -1, 0],
							"lerp_mode": "catmullrom"
						},
						"0.7083": {
							"post": [0, 0, 0],
							"lerp_mode": "catmullrom"
						},
						"1.0417": {
							"post": [0, 0, 0],
							"lerp_mode": "catmullrom"
						},
						"1.5": {
							"post": [0, 0, 0],
							"lerp_mode": "catmullrom"
						},
						"1.6667": {
							"post": [0, 0, -2],
							"lerp_mode": "catmullrom"
						},
						"1.9167": {
							"post": [0, 0, -2],
							"lerp_mode": "catmullrom"
						}
					},
					"scale": {
						"0.0": {
							"post": [1, 1, 1],
							"lerp_mode": "catmullrom"
						},
						"1.0417": {
							"post": [1, 1, 1],
							"lerp_mode": "catmullrom"
						},
						"1.9167": {
							"post": [1, 1, 1],
							"lerp_mode": "catmullrom"
						}
					}
				}
			},
			"particle_effects": {
				"0.0": [
					{
						"effect": "dworld",
						"locator": "playerleft3"
					},
					{
						"effect": "dworld",
						"locator": "playerright2"
					}
				],
				"1.0": {
					"effect": "dworld",
					"locator": "playerright"
				}
			}
		}
	}
}