{
	"format_version": "1.8.0",
	"animations": {
		"animation.player.magufly": {
			"loop": true,
			"animation_length": 0.5,
			"bones": {
				"body": {
					"rotation": {
						"0.0": [19.18246, -23.7695, -7.98205],
						"0.5": [19.18, -23.77, -7.98]
					},
					"position": {
						"0.0": [0, -2, -5],
						"0.5": [0, -2, -5]
					}
				},
				"head": {
					"rotation": {
						"0.0": [-14.16323, 20.24073, 2.06345],
						"0.5": [-14.16, 20.24, 2.06]
					}
				},
				"leftArm": {
					"rotation": {
						"0.0": [56.06223, -4.36815, -34.07046],
						"0.5": [56.06, -4.37, -34.07]
					}
				},
				"rightArm": {
					"rotation": {
						"0.0": [-87.03654, -32.46527, -1.59176],
						"0.5": [-87.04, -32.47, -1.59]
					}
				},
				"rightLeg": {
					"rotation": {
						"0.0": [-25, 25, 0],
						"0.5": [-25, 25, 0]
					},
					"position": {
						"0.0": [0, 2, -2],
						"0.5": [0, 2, -2]
					}
				},
				"leftLeg": {
					"rotation": {
						"0.0": [15, 0, 0],
						"0.5": [15, 0, 0]
					}
				}
			}
		}
	}
}