{
	"format_version": "1.8.0",
	"animations": {
		"animation.player.maguult": {
			"loop": true,
			"animation_length": 3.5417,
			"bones": {
				"Root": {
					"rotation": {
						"0.0833": {
							"pre": [0, 0, 0],
							"post": [0, 0, 0],
							"lerp_mode": "catmullrom"
						},
						"0.3333": {
							"post": [0, 0, 0],
							"lerp_mode": "catmullrom"
						},
						"3.5417": {
							"post": [0, 0, 0],
							"lerp_mode": "catmullrom"
						}
					},
					"position": {
						"0.0833": {
							"pre": [0, 0, 0],
							"post": [0, 0, 0],
							"lerp_mode": "catmullrom"
						},
						"0.3333": {
							"post": [0, 0, 0],
							"lerp_mode": "catmullrom"
						},
						"3.5417": {
							"post": [0, 0, 0],
							"lerp_mode": "catmullrom"
						}
					},
					"scale": {
						"0.0833": {
							"pre": [1, 1, 1],
							"post": [1, 1, 1],
							"lerp_mode": "catmullrom"
						},
						"0.3333": {
							"post": [1, 1, 1],
							"lerp_mode": "catmullrom"
						},
						"3.5417": {
							"post": [1, 1, 1],
							"lerp_mode": "catmullrom"
						}
					}
				},
				"body": {
					"rotation": {
						"0.0": {
							"post": [10, 17.5, 0],
							"lerp_mode": "catmullrom"
						},
						"0.0833": {
							"post": [11.29213, 32.2456, 3.04609],
							"lerp_mode": "catmullrom"
						},
						"0.2083": {
							"post": [15.33783, -51.2366, -15.10687],
							"lerp_mode": "catmullrom"
						},
						"0.3333": {
							"post": [15.34, -51.24, -15.11],
							"lerp_mode": "catmullrom"
						},
						"0.5417": {
							"post": [62.90332, 3.00564, 2.40373],
							"lerp_mode": "catmullrom"
						},
						"0.7083": {
							"post": [25.52161, 20.27927, 13.04172],
							"lerp_mode": "catmullrom"
						},
						"0.875": {
							"post": [-11.06345, 2.72441, 4.88356],
							"lerp_mode": "catmullrom"
						},
						"1.0417": {
							"post": [-11.06345, 2.72441, 4.88356],
							"lerp_mode": "catmullrom"
						},
						"1.6667": {
							"post": [30.84, 37.97, 23.81],
							"lerp_mode": "catmullrom"
						},
						"1.875": {
							"post": [54.84249, 38.6744, 44.56607],
							"lerp_mode": "catmullrom"
						},
						"1.9583": {
							"post": [23.29017, -5.6497, -17.52844],
							"lerp_mode": "catmullrom"
						},
						"2.1667": {
							"post": [23.29, -5.65, -17.53],
							"lerp_mode": "catmullrom"
						},
						"2.2917": {
							"post": [10.79, -5.65, -17.53],
							"lerp_mode": "catmullrom"
						},
						"2.4167": {
							"post": [10.79, -5.65, -17.53],
							"lerp_mode": "catmullrom"
						},
						"2.5417": {
							"post": [19.0768, 55.24886, -0.5929],
							"lerp_mode": "catmullrom"
						},
						"2.625": {
							"post": [10.81012, 6.63029, -15.19212],
							"lerp_mode": "catmullrom"
						},
						"2.7083": {
							"post": [25.65696, 64.51513, 6.98668],
							"lerp_mode": "catmullrom"
						},
						"2.7917": {
							"post": [20.34744, 57.60255, 0.93182],
							"lerp_mode": "catmullrom"
						},
						"3.5417": {
							"post": [20.35, 57.6, 0.93],
							"lerp_mode": "catmullrom"
						}
					},
					"position": {
						"0.0": {
							"post": [0, -2, 19],
							"lerp_mode": "catmullrom"
						},
						"0.0833": {
							"post": [0, -2, 19],
							"lerp_mode": "catmullrom"
						},
						"0.2083": {
							"post": [0, -2, 12],
							"lerp_mode": "catmullrom"
						},
						"0.3333": {
							"post": [0, -2, 12],
							"lerp_mode": "catmullrom"
						},
						"0.5417": {
							"post": [0, -9, 12],
							"lerp_mode": "catmullrom"
						},
						"0.7083": {
							"post": [0, 14, 12],
							"lerp_mode": "catmullrom"
						},
						"0.875": {
							"post": [0, 20, 21],
							"lerp_mode": "catmullrom"
						},
						"1.0417": {
							"post": [0, 25, 21],
							"lerp_mode": "catmullrom"
						},
						"1.6667": {
							"post": [0, 25, 21],
							"lerp_mode": "catmullrom"
						},
						"1.875": {
							"post": [0, 10, 5],
							"lerp_mode": "catmullrom"
						},
						"1.9583": {
							"post": [-2, -5, -5],
							"lerp_mode": "catmullrom"
						},
						"2.1667": {
							"post": [-2, -5, -5],
							"lerp_mode": "catmullrom"
						},
						"2.2917": {
							"post": [-2, -3, -4],
							"lerp_mode": "catmullrom"
						},
						"2.4167": {
							"post": [-2, -3, -4],
							"lerp_mode": "catmullrom"
						},
						"3.5417": {
							"post": [-2, -3, -4],
							"lerp_mode": "catmullrom"
						}
					}
				},
				"head": {
					"rotation": [0, 0, 0],
					"position": [0, 0, 0]
				},
				"rightArm": {
					"rotation": {
						"0.0": {
							"post": [-22.5, 72.5, 67.5],
							"lerp_mode": "catmullrom"
						},
						"0.0833": {
							"post": [42.95458, 67.69203, 136.15744],
							"lerp_mode": "catmullrom"
						},
						"0.125": {
							"post": [-14.84471, 57.75518, 105.78141],
							"lerp_mode": "catmullrom"
						},
						"0.2083": {
							"post": [-98.54255, -25.65241, 54.7866],
							"lerp_mode": "catmullrom"
						},
						"0.3333": {
							"post": [-98.54, -25.65, 54.79],
							"lerp_mode": "catmullrom"
						},
						"0.4167": {
							"post": [-85.73945, 67.78858, 31.75238],
							"lerp_mode": "catmullrom"
						},
						"1.6667": {
							"post": [-85.74, 67.79, 31.75],
							"lerp_mode": "catmullrom"
						},
						"1.875": {
							"post": [-88.33153, 15.33922, 28.24652],
							"lerp_mode": "catmullrom"
						},
						"1.9583": {
							"post": [-124.91774, 3.79146, 16.08486],
							"lerp_mode": "catmullrom"
						},
						"2.1667": {
							"post": [-124.92, 3.79, 16.08],
							"lerp_mode": "catmullrom"
						},
						"2.4167": {
							"post": [-124.92, 3.79, 16.08],
							"lerp_mode": "catmullrom"
						},
						"2.5417": {
							"post": [-151.33558, -36.98062, 51.48867],
							"lerp_mode": "catmullrom"
						},
						"2.625": {
							"post": [-117.68973, -8.88217, 12.58761],
							"lerp_mode": "catmullrom"
						},
						"2.7083": {
							"post": [-112.45496, 44.52001, 32.65867],
							"lerp_mode": "catmullrom"
						},
						"3.5417": {
							"post": [-112.45, 44.52, 32.66],
							"lerp_mode": "catmullrom"
						}
					},
					"position": {
						"0.0": {
							"post": [0, 0, 2],
							"lerp_mode": "catmullrom"
						},
						"0.0833": {
							"post": [0, 0, 2],
							"lerp_mode": "catmullrom"
						},
						"0.125": {
							"post": [0, 0, 2.33],
							"lerp_mode": "catmullrom"
						},
						"0.2083": {
							"post": [0, 0, -3],
							"lerp_mode": "catmullrom"
						},
						"0.3333": {
							"post": [0, 0, -3],
							"lerp_mode": "catmullrom"
						},
						"0.4167": {
							"post": [-2, 0, 2],
							"lerp_mode": "catmullrom"
						},
						"1.6667": {
							"post": [-2, 0, 2],
							"lerp_mode": "catmullrom"
						},
						"1.875": {
							"post": [-2, 0, 6],
							"lerp_mode": "catmullrom"
						},
						"1.9583": {
							"post": [4, -1, -4],
							"lerp_mode": "catmullrom"
						},
						"2.1667": {
							"post": [4, -1, -4],
							"lerp_mode": "catmullrom"
						},
						"2.4167": {
							"post": [4, -1, -4],
							"lerp_mode": "catmullrom"
						},
						"2.5417": {
							"post": [5, 0, -1],
							"lerp_mode": "catmullrom"
						},
						"2.625": {
							"post": [5, 0, -3],
							"lerp_mode": "catmullrom"
						},
						"2.7083": {
							"post": [0, 0, 3],
							"lerp_mode": "catmullrom"
						},
						"3.5417": {
							"post": [0, 0, 3],
							"lerp_mode": "catmullrom"
						}
					}
				},
				"leftArm": {
					"rotation": {
						"0.0": {
							"post": [-59.50165, -31.16686, 41.30425],
							"lerp_mode": "catmullrom"
						},
						"0.0833": {
							"post": [-59.5, -31.17, 41.3],
							"lerp_mode": "catmullrom"
						},
						"0.2083": {
							"post": [10.38894, -63.80001, -43.29288],
							"lerp_mode": "catmullrom"
						},
						"0.3333": {
							"post": [10.39, -63.8, -43.29],
							"lerp_mode": "catmullrom"
						},
						"0.5417": {
							"post": [-97.35207, -7.62101, 86.39464],
							"lerp_mode": "catmullrom"
						},
						"0.875": {
							"post": [-144.69656, -1.9306, 41.78755],
							"lerp_mode": "catmullrom"
						},
						"1.3333": {
							"post": [-170.15457, -34.12338, 111.87355],
							"lerp_mode": "catmullrom"
						},
						"1.6667": {
							"post": [-170.15, -34.12, 111.87],
							"lerp_mode": "catmullrom"
						},
						"1.8333": {
							"post": [-208.24, 0.84, 146.18],
							"lerp_mode": "catmullrom"
						},
						"2.1667": {
							"post": [-208.24, 0.84, 146.18],
							"lerp_mode": "catmullrom"
						},
						"2.4167": {
							"post": [-208.24, 0.84, 146.18],
							"lerp_mode": "catmullrom"
						},
						"3.5417": {
							"post": [-208.24, 0.84, 146.18],
							"lerp_mode": "catmullrom"
						}
					},
					"position": {
						"0.0833": {
							"pre": [0, 0, 0],
							"post": [0, 0, 0],
							"lerp_mode": "catmullrom"
						},
						"0.3333": {
							"post": [0, 0, 0],
							"lerp_mode": "catmullrom"
						},
						"0.5833": {
							"post": [0, 0, -4],
							"lerp_mode": "catmullrom"
						},
						"0.75": {
							"post": [0, 3, -3],
							"lerp_mode": "catmullrom"
						},
						"0.9167": {
							"post": [0.32, 4, 0.21],
							"lerp_mode": "catmullrom"
						},
						"1.3333": {
							"post": [1.32, 1, 0.21],
							"lerp_mode": "catmullrom"
						},
						"1.6667": {
							"post": [1.32, 1, 0.21],
							"lerp_mode": "catmullrom"
						},
						"1.8333": {
							"post": [1.32, 1, 0.21],
							"lerp_mode": "catmullrom"
						},
						"2.1667": {
							"post": [1.32, 1, 0.21],
							"lerp_mode": "catmullrom"
						},
						"2.4167": {
							"post": [1.32, 1, 0.21],
							"lerp_mode": "catmullrom"
						},
						"3.5417": {
							"post": [1.32, 1, 0.21],
							"lerp_mode": "catmullrom"
						}
					}
				},
				"rightLeg": {
					"rotation": {
						"0.0": {
							"post": [29.75002, -2.99318, 9.54589],
							"lerp_mode": "catmullrom"
						},
						"0.0833": {
							"post": [29.75, -2.99, 9.55],
							"lerp_mode": "catmullrom"
						},
						"0.3333": {
							"post": [29.75, -2.99, 9.55],
							"lerp_mode": "catmullrom"
						},
						"0.5417": {
							"post": [-12.75, -2.99, 9.55],
							"lerp_mode": "catmullrom"
						},
						"0.7917": {
							"post": [-45.25, -2.99, 9.55],
							"lerp_mode": "catmullrom"
						},
						"1.0": {
							"post": [54.75, -2.99, 9.55],
							"lerp_mode": "catmullrom"
						},
						"1.3333": {
							"post": [49.75, -2.99, 9.55],
							"lerp_mode": "catmullrom"
						},
						"1.6667": {
							"post": [49.75, -2.99, 9.55],
							"lerp_mode": "catmullrom"
						},
						"1.875": {
							"post": [49.75, -2.99, 9.55],
							"lerp_mode": "catmullrom"
						},
						"1.9583": {
							"post": [22.25, -2.99, 9.55],
							"lerp_mode": "catmullrom"
						},
						"2.1667": {
							"post": [22.25, -2.99, 9.55],
							"lerp_mode": "catmullrom"
						},
						"2.4167": {
							"post": [22.25, -2.99, 9.55],
							"lerp_mode": "catmullrom"
						},
						"3.5417": {
							"post": [22.25, -2.99, 9.55],
							"lerp_mode": "catmullrom"
						}
					},
					"position": {
						"0.0833": {
							"pre": [0, 0, 0],
							"post": [0, 0, 0],
							"lerp_mode": "catmullrom"
						},
						"0.3333": {
							"post": [0, 0, 0],
							"lerp_mode": "catmullrom"
						},
						"0.6667": {
							"post": [0, 4, -4],
							"lerp_mode": "catmullrom"
						},
						"0.8333": {
							"post": [0, 0, -1],
							"lerp_mode": "catmullrom"
						},
						"1.3333": {
							"post": [0, -1, -1],
							"lerp_mode": "catmullrom"
						},
						"1.6667": {
							"post": [0, -1, -1],
							"lerp_mode": "catmullrom"
						},
						"1.875": {
							"post": [0, -1, -1],
							"lerp_mode": "catmullrom"
						},
						"1.9583": {
							"post": [0, 2, -1],
							"lerp_mode": "catmullrom"
						},
						"2.1667": {
							"post": [0, 2, -1],
							"lerp_mode": "catmullrom"
						},
						"2.4167": {
							"post": [0, 2, -1],
							"lerp_mode": "catmullrom"
						},
						"3.5417": {
							"post": [0, 2, -1],
							"lerp_mode": "catmullrom"
						}
					}
				},
				"leftLeg": {
					"rotation": {
						"0.0": {
							"post": [-5, 0, -10],
							"lerp_mode": "catmullrom"
						},
						"0.0833": {
							"post": [-5, 0, -10],
							"lerp_mode": "catmullrom"
						},
						"0.3333": {
							"post": [-5, 0, -10],
							"lerp_mode": "catmullrom"
						},
						"0.4583": {
							"post": [-22.5, 0, -10],
							"lerp_mode": "catmullrom"
						},
						"0.5833": {
							"post": [-57.5, 0, -10],
							"lerp_mode": "catmullrom"
						},
						"0.7083": {
							"post": [55, 0, -10],
							"lerp_mode": "catmullrom"
						},
						"0.8333": {
							"post": [77.5, 0, -10],
							"lerp_mode": "catmullrom"
						},
						"1.0": {
							"post": [-40, 0, -10],
							"lerp_mode": "catmullrom"
						},
						"1.3333": {
							"post": [-55, 0, -10],
							"lerp_mode": "catmullrom"
						},
						"1.6667": {
							"post": [-55, 0, -10],
							"lerp_mode": "catmullrom"
						},
						"1.875": {
							"post": [-55, 0, -10],
							"lerp_mode": "catmullrom"
						},
						"1.9583": {
							"post": [-20, 0, -10],
							"lerp_mode": "catmullrom"
						},
						"2.1667": {
							"post": [-20, 0, -10],
							"lerp_mode": "catmullrom"
						},
						"2.4167": {
							"post": [-20, 0, -10],
							"lerp_mode": "catmullrom"
						},
						"3.5417": {
							"post": [-20, 0, -10],
							"lerp_mode": "catmullrom"
						}
					},
					"position": {
						"0.0": {
							"post": [0, 2, -3],
							"lerp_mode": "catmullrom"
						},
						"0.0833": {
							"post": [0, 2, -3],
							"lerp_mode": "catmullrom"
						},
						"0.3333": {
							"post": [0, 2, -3],
							"lerp_mode": "catmullrom"
						},
						"0.4583": {
							"post": [0, 6, -3],
							"lerp_mode": "catmullrom"
						},
						"0.5833": {
							"post": [0, 4, -4],
							"lerp_mode": "catmullrom"
						},
						"0.8333": {
							"post": [0, -2, -4],
							"lerp_mode": "catmullrom"
						},
						"0.9583": {
							"post": [0, 2, -3],
							"lerp_mode": "catmullrom"
						},
						"1.6667": {
							"post": [0, 2, -3],
							"lerp_mode": "catmullrom"
						},
						"1.875": {
							"post": [0, 2, -3],
							"lerp_mode": "catmullrom"
						},
						"2.1667": {
							"post": [0, 2, -3],
							"lerp_mode": "catmullrom"
						},
						"2.4167": {
							"post": [0, 2, -3],
							"lerp_mode": "catmullrom"
						},
						"3.5417": {
							"post": [0, 2, -3],
							"lerp_mode": "catmullrom"
						}
					}
				},
				"bone": {
					"rotation": {
						"0.0": [0, 0, 0],
						"0.0417": {"pre": [0, 0, 0], "post": [0, -90, 0]},
						"0.0833": {"pre": [0, -90, 0], "post": [0, -182.5, 0]},
						"0.125": {"pre": [0, -182.5, 0], "post": [0, -275, 0]},
						"0.1667": {"pre": [0, -275, 0], "post": [0, -365, 0]},
						"0.2083": {"pre": [0, -365, 0], "post": [0, -455, 0]},
						"0.25": {"pre": [0, -455, 0], "post": [0, -547.5, 0]},
						"0.2917": {"pre": [0, -547.5, 0], "post": [0, -635, 0]},
						"0.3333": {"pre": [0, -635, 0], "post": [0, -720, 0]},
						"0.375": {"pre": [0, -720, 0], "post": [0, -815, 0]},
						"0.4167": {"pre": [0, -815, 0], "post": [0, -907.5, 0]},
						"0.4583": {"pre": [0, -907.5, 0], "post": [0, -992.5, 0]},
						"0.5": {"pre": [0, -992.5, 0], "post": [0, -1085, 0]},
						"0.5417": {"pre": [0, -1085, 0], "post": [0, -1175, 0]},
						"0.5833": {"pre": [0, -1175, 0], "post": [0, -1267.5, 0]},
						"0.625": {"pre": [0, -1267.5, 0], "post": [0, -1360, 0]},
						"0.6667": {"pre": [0, -1360, 0], "post": [0, -1445, 0]},
						"0.7083": {"pre": [0, -1445, 0], "post": [0, -1530, 0]},
						"0.75": {"pre": [0, -1530, 0], "post": [0, -1602.5, 0]},
						"0.7917": {"pre": [0, -1602.5, 0], "post": [0, -1687.5, 0]},
						"0.8333": {"pre": [0, -1687.5, 0], "post": [0, -1767.5, 0]},
						"0.9167": {"pre": [0, -1767.5, 0], "post": [0, -1862.5, 0]},
						"1.0": {"pre": [0, -1862.5, 0], "post": [0, -1942.5, 0]},
						"1.0833": {"pre": [0, -1942.5, 0], "post": [0, -2010, 0]},
						"1.1667": {"pre": [0, -2010, 0], "post": [0, -2067.5, 0]},
						"1.25": {"pre": [0, -2067.5, 0], "post": [0, -2152.5, 0]},
						"1.3333": {"pre": [0, -2152.5, 0], "post": [0, -2250, 0]},
						"1.4167": {"pre": [0, -2250, 0], "post": [0, -2342.5, 0]},
						"1.5": {"pre": [0, -2342.5, 0], "post": [0, -2432.5, 0]},
						"1.5833": {"pre": [0, -2432.5, 0], "post": [0, -2522.5, 0]},
						"1.6667": {"pre": [0, -2522.5, 0], "post": [0, -2610, 0]},
						"1.75": {"pre": [0, -2610, 0], "post": [0, -2700, 0]},
						"1.8333": {"pre": [0, -2700, 0], "post": [0, -2795, 0]},
						"1.9167": {"pre": [0, -2795, 0], "post": [0, -2870, 0]},
						"2.0": {"pre": [0, -2870, 0], "post": [0, -2957.5, 0]},
						"2.0833": {"pre": [0, -2957.5, 0], "post": [0, -3057.5, 0]},
						"2.1667": {"pre": [0, -3057.5, 0], "post": [0, -3145, 0]},
						"2.25": {"pre": [0, -3145, 0], "post": [0, -3230, 0]},
						"2.3333": {"pre": [0, -3230, 0], "post": [0, -3327.5, 0]},
						"2.4167": {"pre": [0, -3327.5, 0], "post": [0, -3432.5, 0]},
						"2.5": {"pre": [0, -3432.5, 0], "post": [0, -3595, 0]},
						"2.5833": {"pre": [0, -3595, 0], "post": [0, -3682.5, 0]},
						"2.6667": {"pre": [0, -3682.5, 0], "post": [0, -3777.5, 0]},
						"2.75": {"pre": [0, -3777.5, 0], "post": [0, -3872.5, 0]},
						"2.8333": {"pre": [0, -3872.5, 0], "post": [0, -3962.5, 0]},
						"2.9167": {"pre": [0, -3962.5, 0], "post": [0, -4052.5, 0]},
						"3.0": {"pre": [0, -4052.5, 0], "post": [0, -4140, 0]},
						"3.0833": {"pre": [0, -4140, 0], "post": [0, -4237.5, 0]},
						"3.1667": {"pre": [0, -4237.5, 0], "post": [0, -4322.5, 0]},
						"3.25": {"pre": [0, -4322.5, 0], "post": [0, -4407.5, 0]},
						"3.3333": {"pre": [0, -4407.5, 0], "post": [0, -4490, 0]},
						"3.4167": {"pre": [0, -4490, 0], "post": [0, -4587.5, 0]},
						"3.5": {"pre": [0, -4587.5, 0], "post": [0, -4682.5, 0]}
					},
					"position": {
						"0.0": [-1, 0, 0],
						"1.875": [-1, 0, 0],
						"1.9583": [-1, 3, 0],
						"2.1667": [-1, 3, 0],
						"2.5417": [-1, 3, 0],
						"2.625": [-1, -1, 0],
						"3.5417": [-1, -1, 0]
					}
				},
				"Root2": {
					"rotation": {
						"0.0": {
							"post": [0, -177.5, 0],
							"lerp_mode": "catmullrom"
						},
						"0.0833": {
							"post": [0, -177.5, 0],
							"lerp_mode": "catmullrom"
						},
						"0.2083": {
							"post": [0, -177.5, 0],
							"lerp_mode": "catmullrom"
						},
						"0.4583": {
							"post": [0, -22.5, 0],
							"lerp_mode": "catmullrom"
						},
						"3.5417": {
							"post": [0, -22.5, 0],
							"lerp_mode": "catmullrom"
						}
					},
					"position": {
						"0.0": {
							"post": [0, 0, -8],
							"lerp_mode": "catmullrom"
						},
						"0.0833": {
							"post": [0, 0, -8],
							"lerp_mode": "catmullrom"
						},
						"0.2083": {
							"post": [0, 0, -8],
							"lerp_mode": "catmullrom"
						},
						"3.5417": {
							"post": [0, 0, -8],
							"lerp_mode": "catmullrom"
						}
					}
				},
				"body2": {
					"rotation": {
						"0.0": {
							"post": [25, 0, 0],
							"lerp_mode": "catmullrom"
						},
						"0.0833": {
							"post": [25.18908, -6.79382, -3.18458],
							"lerp_mode": "catmullrom"
						},
						"0.1667": {
							"post": [25, 0, 0],
							"lerp_mode": "catmullrom"
						},
						"0.2083": {
							"post": [-11.69304, 9.30727, -20.57639],
							"lerp_mode": "catmullrom"
						},
						"0.4583": {
							"post": [23.31, 9.31, -20.58],
							"lerp_mode": "catmullrom"
						},
						"0.5833": {
							"post": [27.41054, 31.98042, -9.20937],
							"lerp_mode": "catmullrom"
						},
						"0.6667": {
							"post": [29.9639, 23.99747, -4.48093],
							"lerp_mode": "catmullrom"
						},
						"1.5833": {
							"post": [29.96, 24, -4.48],
							"lerp_mode": "catmullrom"
						},
						"1.9167": {
							"post": [29.96, 24, -4.48],
							"lerp_mode": "catmullrom"
						},
						"2.0": {
							"post": [-2.79963, 24.34208, 0.98801],
							"lerp_mode": "catmullrom"
						},
						"2.1667": {
							"post": [-2.8, 24.34, 0.99],
							"lerp_mode": "catmullrom"
						},
						"2.2917": {
							"post": [-15.04015, 23.99789, -4.47792],
							"lerp_mode": "catmullrom"
						},
						"2.4167": {
							"post": [-15.04, 24, -4.48],
							"lerp_mode": "catmullrom"
						},
						"2.625": {
							"post": [-15.04, 24, -4.48],
							"lerp_mode": "catmullrom"
						},
						"2.7083": {
							"post": [29.96, 24, -4.48],
							"lerp_mode": "catmullrom"
						},
						"3.5417": {
							"post": [29.96, 24, -4.48],
							"lerp_mode": "catmullrom"
						}
					},
					"position": {
						"0.0": {
							"post": [0, -3, -3],
							"lerp_mode": "catmullrom"
						},
						"0.0833": {
							"post": [0, -3, -3],
							"lerp_mode": "catmullrom"
						},
						"0.1667": {
							"post": [0, -3, -3],
							"lerp_mode": "catmullrom"
						},
						"0.2083": {
							"post": [-6, 1, 2],
							"lerp_mode": "catmullrom"
						},
						"0.4583": {
							"post": [-6, -1, -3],
							"lerp_mode": "catmullrom"
						},
						"0.5833": {
							"post": [-3, -4, -5],
							"lerp_mode": "catmullrom"
						},
						"1.5833": {
							"post": [-3, -4, -5],
							"lerp_mode": "catmullrom"
						},
						"1.9167": {
							"post": [-3, -4, -5],
							"lerp_mode": "catmullrom"
						},
						"2.0": {
							"post": [-3, -2, -5],
							"lerp_mode": "catmullrom"
						},
						"2.1667": {
							"post": [-3, -2, -5],
							"lerp_mode": "catmullrom"
						},
						"2.2917": {
							"post": [-4, 3, -5],
							"lerp_mode": "catmullrom"
						},
						"2.4167": {
							"post": [-4, 3, -5],
							"lerp_mode": "catmullrom"
						},
						"2.625": {
							"post": [-4, 3, -5],
							"lerp_mode": "catmullrom"
						},
						"2.7083": {
							"post": [-4, -2, -9],
							"lerp_mode": "catmullrom"
						},
						"2.9167": {
							"post": [-4, -3, -9],
							"lerp_mode": "catmullrom"
						},
						"3.5417": {
							"post": [-4, -3, -9],
							"lerp_mode": "catmullrom"
						}
					}
				},
				"head2": {
					"rotation": {
						"0.0": {
							"post": [-15, 0, 0],
							"lerp_mode": "catmullrom"
						},
						"0.0833": {
							"post": [-27.58957, -4.43385, 2.31336],
							"lerp_mode": "catmullrom"
						},
						"0.1667": {
							"post": [-15, 0, 0],
							"lerp_mode": "catmullrom"
						},
						"0.2083": {
							"post": [-30.83437, 13.03823, -45.15061],
							"lerp_mode": "catmullrom"
						},
						"0.2917": {
							"post": [-13.02699, 30.8375, -0.14767],
							"lerp_mode": "catmullrom"
						},
						"0.375": {
							"post": [30.8569, 9.87205, -48.42008],
							"lerp_mode": "catmullrom"
						},
						"0.4583": {
							"post": [-30.83, 13.04, -45.15],
							"lerp_mode": "catmullrom"
						},
						"0.5833": {
							"post": [15.24795, 19.93511, -5.69461],
							"lerp_mode": "catmullrom"
						},
						"0.6667": {
							"post": [15.19165, 2.22584, 2.49635],
							"lerp_mode": "catmullrom"
						},
						"0.7917": {
							"post": [20.61585, -9.74519, 6.02774],
							"lerp_mode": "catmullrom"
						},
						"1.0417": {
							"post": [20.61585, -9.74519, 6.02774],
							"lerp_mode": "catmullrom"
						},
						"1.25": {
							"post": [20.44919, 6.65873, 12.14697],
							"lerp_mode": "catmullrom"
						},
						"1.5833": {
							"post": [20.45, 6.66, 12.15],
							"lerp_mode": "catmullrom"
						},
						"1.6667": {
							"post": [-17.69078, -0.34856, 6.48212],
							"lerp_mode": "catmullrom"
						},
						"1.75": {
							"post": [-17.69078, -0.34856, 6.48212],
							"lerp_mode": "catmullrom"
						},
						"1.8333": {
							"post": [-20.98239, -25.57054, 18.1052],
							"lerp_mode": "catmullrom"
						},
						"1.9167": {
							"post": [-20.98, -25.57, 18.11],
							"lerp_mode": "catmullrom"
						},
						"2.0": {
							"post": [-18.73632, -2.07131, 1.49311],
							"lerp_mode": "catmullrom"
						},
						"2.1667": {
							"post": [-18.74, -2.07, 1.49],
							"lerp_mode": "catmullrom"
						},
						"2.2917": {
							"post": [-53.4069, 14.604, -23.80913],
							"lerp_mode": "catmullrom"
						},
						"2.4167": {
							"post": [-53.41, 14.6, -23.81],
							"lerp_mode": "catmullrom"
						},
						"2.625": {
							"post": [-53.41, 14.6, -23.81],
							"lerp_mode": "catmullrom"
						},
						"2.7083": {
							"post": [36.0857, 7.39438, -13.39659],
							"lerp_mode": "catmullrom"
						},
						"3.5417": {
							"post": [36.09, 7.39, -13.4],
							"lerp_mode": "catmullrom"
						}
					},
					"position": {
						"1.9167": {
							"pre": [0, 0, 0],
							"post": [0, 0, 0],
							"lerp_mode": "catmullrom"
						},
						"2.1667": {
							"post": [0, 0, 0],
							"lerp_mode": "catmullrom"
						},
						"2.4167": {
							"post": [0, 0, 0],
							"lerp_mode": "catmullrom"
						}
					}
				},
				"leftArm2": {
					"rotation": {
						"0.0": {
							"post": [-20, 0, -25],
							"lerp_mode": "catmullrom"
						},
						"0.0833": {
							"post": [-19.8423, -2.55868, -32.05239],
							"lerp_mode": "catmullrom"
						},
						"0.1667": {
							"post": [-20, 0, -25],
							"lerp_mode": "catmullrom"
						},
						"0.2083": {
							"post": [-19.14314, -5.90316, -41.50371],
							"lerp_mode": "catmullrom"
						},
						"0.4583": {
							"post": [-19.14, -5.9, -41.5],
							"lerp_mode": "catmullrom"
						},
						"0.5833": {
							"post": [-46.64, -5.9, -41.5],
							"lerp_mode": "catmullrom"
						},
						"0.6667": {
							"post": [-46.92442, -0.43065, -36.3583],
							"lerp_mode": "catmullrom"
						},
						"0.8333": {
							"post": [-153.15359, -8.55086, -20.79496],
							"lerp_mode": "catmullrom"
						},
						"1.0417": {
							"post": [-153.15359, -8.55086, -20.79496],
							"lerp_mode": "catmullrom"
						},
						"1.25": {
							"post": [-149.85357, -5.11326, -27.50954],
							"lerp_mode": "catmullrom"
						},
						"1.5833": {
							"post": [-149.85, -5.11, -27.51],
							"lerp_mode": "catmullrom"
						},
						"1.6667": {
							"post": [-117.35, -5.11, -27.51],
							"lerp_mode": "catmullrom"
						},
						"1.9167": {
							"post": [-117.35, -5.11, -27.51],
							"lerp_mode": "catmullrom"
						},
						"2.0": {
							"post": [-8.35542, 54.58349, -34.76856],
							"lerp_mode": "catmullrom"
						},
						"2.1667": {
							"post": [-8.36, 54.58, -34.77],
							"lerp_mode": "catmullrom"
						},
						"2.2917": {
							"post": [34.79113, 45.71537, 19.59558],
							"lerp_mode": "catmullrom"
						},
						"2.4167": {
							"post": [34.79, 45.72, 19.6],
							"lerp_mode": "catmullrom"
						},
						"2.625": {
							"post": [34.79, 45.72, 19.6],
							"lerp_mode": "catmullrom"
						},
						"2.7083": {
							"post": [-51.84648, 40.51628, -56.15274],
							"lerp_mode": "catmullrom"
						},
						"3.5417": {
							"post": [-51.85, 40.52, -56.15],
							"lerp_mode": "catmullrom"
						}
					},
					"position": {
						"0.0833": {
							"pre": [0, 0, 0],
							"post": [0, 0, 0],
							"lerp_mode": "catmullrom"
						},
						"0.1667": {
							"post": [0, 0, 0],
							"lerp_mode": "catmullrom"
						},
						"0.4583": {
							"post": [0, 0, 0],
							"lerp_mode": "catmullrom"
						},
						"0.8333": {
							"post": [1, -4, 0],
							"lerp_mode": "catmullrom"
						},
						"1.5833": {
							"post": [1, -4, 0],
							"lerp_mode": "catmullrom"
						},
						"1.9167": {
							"post": [1, -4, 0],
							"lerp_mode": "catmullrom"
						},
						"2.0": {
							"post": [0, 0, 1],
							"lerp_mode": "catmullrom"
						},
						"2.1667": {
							"post": [0, 0, 1],
							"lerp_mode": "catmullrom"
						},
						"2.4167": {
							"post": [0, 0, 1],
							"lerp_mode": "catmullrom"
						},
						"2.9167": {
							"post": [0, -1, -1],
							"lerp_mode": "catmullrom"
						},
						"3.5417": {
							"post": [0, -1, -1],
							"lerp_mode": "catmullrom"
						}
					}
				},
				"rightLeg2": {
					"rotation": {
						"0.0": {
							"post": [-14.78217, 2.57594, 9.6658],
							"lerp_mode": "catmullrom"
						},
						"0.0833": {
							"post": [-14.65759, 3.21528, 12.09104],
							"lerp_mode": "catmullrom"
						},
						"0.1667": {
							"post": [-14.78, 2.58, 9.67],
							"lerp_mode": "catmullrom"
						},
						"0.4583": {
							"post": [-14.5424, 17.80772, 18.6799],
							"lerp_mode": "catmullrom"
						},
						"0.6667": {
							"post": [-15.30352, 17.16381, 16.14718],
							"lerp_mode": "catmullrom"
						},
						"1.5833": {
							"post": [-15.3, 17.16, 16.15],
							"lerp_mode": "catmullrom"
						},
						"1.9167": {
							"post": [-15.3, 17.16, 16.15],
							"lerp_mode": "catmullrom"
						},
						"2.0": {
							"post": [12.2, 17.16, 16.15],
							"lerp_mode": "catmullrom"
						},
						"2.1667": {
							"post": [12.2, 17.16, 16.15],
							"lerp_mode": "catmullrom"
						},
						"2.2917": {
							"post": [19.8531, 19.85492, 8.76776],
							"lerp_mode": "catmullrom"
						},
						"2.4167": {
							"post": [19.85, 19.85, 8.77],
							"lerp_mode": "catmullrom"
						},
						"2.625": {
							"post": [19.85, 19.85, 8.77],
							"lerp_mode": "catmullrom"
						},
						"2.7083": {
							"post": [-32.65, 19.85, 8.77],
							"lerp_mode": "catmullrom"
						},
						"2.9167": {
							"post": [-12.65, 19.85, 8.77],
							"lerp_mode": "catmullrom"
						},
						"3.5417": {
							"post": [-12.65, 19.85, 8.77],
							"lerp_mode": "catmullrom"
						}
					},
					"position": {
						"0.0": {
							"post": [-1, 3, -3],
							"lerp_mode": "catmullrom"
						},
						"0.0833": {
							"post": [-1, 3, -3],
							"lerp_mode": "catmullrom"
						},
						"0.1667": {
							"post": [-1, 3, -3],
							"lerp_mode": "catmullrom"
						},
						"0.2083": {
							"post": [0, 0, -1],
							"lerp_mode": "catmullrom"
						},
						"0.3333": {
							"post": [0, 5, -2],
							"lerp_mode": "catmullrom"
						},
						"0.4583": {
							"post": [0, 2, -4],
							"lerp_mode": "catmullrom"
						},
						"0.5833": {
							"post": [-1, 5, -4],
							"lerp_mode": "catmullrom"
						},
						"1.5833": {
							"post": [-1, 5, -4],
							"lerp_mode": "catmullrom"
						},
						"1.9167": {
							"post": [-1, 5, -4],
							"lerp_mode": "catmullrom"
						},
						"2.0": {
							"post": [0, 1, -2],
							"lerp_mode": "catmullrom"
						},
						"2.1667": {
							"post": [0, 1, -2],
							"lerp_mode": "catmullrom"
						},
						"2.2917": {
							"post": [0, 0, 0],
							"lerp_mode": "catmullrom"
						},
						"2.4167": {
							"post": [0, 0, 0],
							"lerp_mode": "catmullrom"
						},
						"2.9167": {
							"post": [-1, 3, -3],
							"lerp_mode": "catmullrom"
						},
						"3.5417": {
							"post": [-1, 3, -3],
							"lerp_mode": "catmullrom"
						}
					}
				},
				"leftLeg2": {
					"rotation": {
						"0.0": {
							"post": [-29.39942, -19.84302, -6.67223],
							"lerp_mode": "catmullrom"
						},
						"0.0833": {
							"post": [-30.85503, -17.32897, -2.10778],
							"lerp_mode": "catmullrom"
						},
						"0.1667": {
							"post": [-29.4, -19.84, -6.67],
							"lerp_mode": "catmullrom"
						},
						"0.3333": {
							"post": [-34.27487, -5.81551, 15.88076],
							"lerp_mode": "catmullrom"
						},
						"0.4583": {
							"post": [-33.08265, -12.0237, 6.65913],
							"lerp_mode": "catmullrom"
						},
						"0.5833": {
							"post": [-18.26574, -14.39903, 7.46004],
							"lerp_mode": "catmullrom"
						},
						"0.6667": {
							"post": [-15.54089, -17.3142, -2.48627],
							"lerp_mode": "catmullrom"
						},
						"1.5833": {
							"post": [-15.54, -17.31, -2.49],
							"lerp_mode": "catmullrom"
						},
						"1.9167": {
							"post": [-15.54, -17.31, -2.49],
							"lerp_mode": "catmullrom"
						},
						"2.0": {
							"post": [1.96, -17.31, -2.49],
							"lerp_mode": "catmullrom"
						},
						"2.1667": {
							"post": [1.96, -17.31, -2.49],
							"lerp_mode": "catmullrom"
						},
						"2.2917": {
							"post": [19.46, -17.31, -2.49],
							"lerp_mode": "catmullrom"
						},
						"2.4167": {
							"post": [19.46, -17.31, -2.49],
							"lerp_mode": "catmullrom"
						},
						"2.625": {
							"post": [19.46, -17.31, -2.49],
							"lerp_mode": "catmullrom"
						},
						"2.7083": {
							"post": [-38.04, -17.31, -2.49],
							"lerp_mode": "catmullrom"
						},
						"2.9167": {
							"post": [-18.04, -17.31, -2.49],
							"lerp_mode": "catmullrom"
						},
						"3.5417": {
							"post": [-18.04, -17.31, -2.49],
							"lerp_mode": "catmullrom"
						}
					},
					"position": {
						"0.0": {
							"post": [0, 2, -2],
							"lerp_mode": "catmullrom"
						},
						"0.0833": {
							"post": [0, 2, -2],
							"lerp_mode": "catmullrom"
						},
						"0.1667": {
							"post": [0, 2, -2],
							"lerp_mode": "catmullrom"
						},
						"0.2083": {
							"post": [0, 0, -1],
							"lerp_mode": "catmullrom"
						},
						"0.3333": {
							"post": [0, -1.5, -0.5],
							"lerp_mode": "catmullrom"
						},
						"0.4583": {
							"post": [0, 3, -2],
							"lerp_mode": "catmullrom"
						},
						"0.5833": {
							"post": [1, 4, -4],
							"lerp_mode": "catmullrom"
						},
						"1.5833": {
							"post": [1, 4, -4],
							"lerp_mode": "catmullrom"
						},
						"1.9167": {
							"post": [1, 4, -4],
							"lerp_mode": "catmullrom"
						},
						"2.0": {
							"post": [1, 1, -2],
							"lerp_mode": "catmullrom"
						},
						"2.1667": {
							"post": [1, 1, -2],
							"lerp_mode": "catmullrom"
						},
						"2.2917": {
							"post": [0, 0, 0],
							"lerp_mode": "catmullrom"
						},
						"2.4167": {
							"post": [0, 0, 0],
							"lerp_mode": "catmullrom"
						},
						"2.9167": {
							"post": [1, 2, -2],
							"lerp_mode": "catmullrom"
						},
						"3.5417": {
							"post": [1, 2, -2],
							"lerp_mode": "catmullrom"
						}
					}
				},
				"rightArm2": {
					"rotation": {
						"0.0": {
							"post": [-22.32648, 2.86313, 24.43488],
							"lerp_mode": "catmullrom"
						},
						"0.0833": {
							"post": [-22.19521, 3.80726, 26.74754],
							"lerp_mode": "catmullrom"
						},
						"0.1667": {
							"post": [-22.33, 2.86, 24.43],
							"lerp_mode": "catmullrom"
						},
						"0.2083": {
							"post": [-39.32467, -28.94599, -8.77779],
							"lerp_mode": "catmullrom"
						},
						"0.4583": {
							"post": [-39.32, -28.95, -8.78],
							"lerp_mode": "catmullrom"
						},
						"0.5833": {
							"post": [-45.81273, 13.77816, 34.83613],
							"lerp_mode": "catmullrom"
						},
						"0.6667": {
							"post": [-46.82705, 8.3502, 29.5602],
							"lerp_mode": "catmullrom"
						},
						"0.875": {
							"post": [-47.386, 1.01529, 22.73566],
							"lerp_mode": "catmullrom"
						},
						"1.5833": {
							"post": [-47.39, 1.02, 22.74],
							"lerp_mode": "catmullrom"
						},
						"1.9167": {
							"post": [-47.39, 1.02, 22.74],
							"lerp_mode": "catmullrom"
						},
						"2.0": {
							"post": [15.11, 1.02, 22.74],
							"lerp_mode": "catmullrom"
						},
						"2.1667": {
							"post": [15.11, 1.02, 22.74],
							"lerp_mode": "catmullrom"
						},
						"2.2917": {
							"post": [15.13648, 16.3178, 13.89406],
							"lerp_mode": "catmullrom"
						},
						"2.4167": {
							"post": [15.14, 16.32, 13.89],
							"lerp_mode": "catmullrom"
						},
						"2.625": {
							"post": [15.14, 16.32, 13.89],
							"lerp_mode": "catmullrom"
						},
						"2.7083": {
							"post": [-37.36, 16.32, 13.89],
							"lerp_mode": "catmullrom"
						},
						"3.5417": {
							"post": [-37.36, 16.32, 13.89],
							"lerp_mode": "catmullrom"
						}
					},
					"position": {
						"0.0833": {
							"pre": [0, 0, 0],
							"post": [0, 0, 0],
							"lerp_mode": "catmullrom"
						},
						"0.1667": {
							"post": [0, 0, 0],
							"lerp_mode": "catmullrom"
						},
						"0.4583": {
							"post": [0, 0, 0],
							"lerp_mode": "catmullrom"
						},
						"1.5833": {
							"post": [0, 0, 0],
							"lerp_mode": "catmullrom"
						},
						"1.9167": {
							"post": [0, 0, 0],
							"lerp_mode": "catmullrom"
						},
						"2.1667": {
							"post": [0, 0, 0],
							"lerp_mode": "catmullrom"
						},
						"2.4167": {
							"post": [0, 0, 0],
							"lerp_mode": "catmullrom"
						},
						"2.9167": {
							"post": [0, 0, -2],
							"lerp_mode": "catmullrom"
						},
						"3.5417": {
							"post": [0, 0, -2],
							"lerp_mode": "catmullrom"
						}
					}
				}
			}
		}
	}
}