{
	"format_version": "1.8.0",
	"animations": {
		"animation.souls.stop": {
			"loop": true,
			"animation_length": 0.5,
			"bones": {
				"prometheus": {
					"rotation": {
						"0.0": [0, 0, 0],
						"0.5": [0, 0, 0]
					}
				}
			},
			"particle_effects": {
				"0.0": [
					{
						"effect": "prometeus",
						"locator": "prometeus"
					},
					{
						"effect": "zeus",
						"locator": "zeus"
					}
				]
			}
		},
		"animation.souls.fireb": {
			"animation_length": 0.375,
			"bones": {
				"prometheus": {
					"rotation": {
						"0.0": {
							"post": [0, 0, 0],
							"lerp_mode": "catmullrom"
						},
						"0.125": {
							"post": [0, 0, 0],
							"lerp_mode": "catmullrom"
						},
						"0.375": {
							"post": [0, 0, 0],
							"lerp_mode": "catmullrom"
						}
					},
					"position": {
						"0.0": {
							"post": [0, 0, 0],
							"lerp_mode": "catmullrom"
						},
						"0.125": {
							"post": [29, 12, -38],
							"lerp_mode": "catmullrom"
						},
						"0.375": {
							"post": [29, 12, -38],
							"lerp_mode": "catmullrom"
						}
					}
				}
			}
		},
		"animation.souls.thunder": {
			"animation_length": 4,
			"bones": {
				"Zeus": {
					"rotation": {
						"0.0": {
							"post": [0, 0, 0],
							"lerp_mode": "catmullrom"
						},
						"0.4167": {
							"post": [0, 0, 0],
							"lerp_mode": "catmullrom"
						},
						"1.0": {
							"post": [0, 0, 0],
							"lerp_mode": "catmullrom"
						},
						"4.0": {
							"post": [0, 0, 0],
							"lerp_mode": "catmullrom"
						}
					},
					"position": {
						"0.0": {
							"post": [0, 0, 0],
							"lerp_mode": "catmullrom"
						},
						"0.0833": {
							"post": [-31, 51, -80],
							"lerp_mode": "catmullrom"
						},
						"0.4167": {
							"post": [-31, 51, -80],
							"lerp_mode": "catmullrom"
						},
						"1.0": {
							"post": [-31, 51, -80],
							"lerp_mode": "catmullrom"
						},
						"4.0": {
							"post": [-31, 51, -80],
							"lerp_mode": "catmullrom"
						}
					},
					"scale": {
						"0.0": {
							"post": [1, 1, 1],
							"lerp_mode": "catmullrom"
						},
						"0.0833": {
							"post": [3.3, 2.8, 3.6],
							"lerp_mode": "catmullrom"
						},
						"0.4167": {
							"post": [3.3, 2.8, 3.6],
							"lerp_mode": "catmullrom"
						},
						"1.0": {
							"post": [3.3, 2.8, 3.6],
							"lerp_mode": "catmullrom"
						},
						"4.0": {
							"post": [3.3, 2.8, 3.6],
							"lerp_mode": "catmullrom"
						}
					}
				}
			}
		},
		"animation.souls.firepillar": {
			"animation_length": 0.25,
			"bones": {
				"prometheus": {
					"rotation": {
						"0.0": [0, 0, 0],
						"0.25": [0, 0, 0]
					},
					"position": {
						"0.0": [27, 0, -30],
						"0.25": [27, 0, -30]
					}
				}
			}
		},
		"animation.souls.nimbus": {
			"animation_length": 4,
			"bones": {
				"Zeus": {
					"rotation": {
						"0.0": {
							"post": [0, 0, 0],
							"lerp_mode": "catmullrom"
						},
						"0.125": {
							"post": [0, 0, 0],
							"lerp_mode": "catmullrom"
						},
						"0.5": {
							"post": [0, 0, 0],
							"lerp_mode": "catmullrom"
						},
						"1.0": {
							"post": [0, 0, 0],
							"lerp_mode": "catmullrom"
						},
						"4.0": {
							"post": [0, 0, 0],
							"lerp_mode": "catmullrom"
						}
					},
					"position": {
						"0.0": {
							"post": [0, 0, 0],
							"lerp_mode": "catmullrom"
						},
						"0.125": {
							"post": [-50, 586, -86],
							"lerp_mode": "catmullrom"
						},
						"0.5": {
							"post": [-50, 586, -86],
							"lerp_mode": "catmullrom"
						},
						"1.0": {
							"post": [-50, 586, -86],
							"lerp_mode": "catmullrom"
						},
						"4.0": {
							"post": [-50, 586, -86],
							"lerp_mode": "catmullrom"
						}
					},
					"scale": {
						"0.0": {
							"post": [1, 1, 1],
							"lerp_mode": "catmullrom"
						},
						"0.125": {
							"post": [23.7, 20.4, 22.3],
							"lerp_mode": "catmullrom"
						},
						"0.5": {
							"post": [23.7, 20.4, 22.3],
							"lerp_mode": "catmullrom"
						},
						"1.0": {
							"post": [23.7, 20.4, 22.3],
							"lerp_mode": "catmullrom"
						},
						"4.0": {
							"post": [23.7, 20.4, 22.3],
							"lerp_mode": "catmullrom"
						}
					}
				},
				"prometheus": {
					"rotation": {
						"0.0": {
							"post": [0, 0, 0],
							"lerp_mode": "catmullrom"
						},
						"0.125": {
							"post": [0, 0, 0],
							"lerp_mode": "catmullrom"
						},
						"0.5": {
							"post": [0, 0, 0],
							"lerp_mode": "catmullrom"
						},
						"1.0": {
							"post": [0, 0, 0],
							"lerp_mode": "catmullrom"
						},
						"4.0": {
							"post": [0, 0, 0],
							"lerp_mode": "catmullrom"
						}
					},
					"position": {
						"0.0": {
							"post": [0, 0, 0],
							"lerp_mode": "catmullrom"
						},
						"0.125": {
							"post": [-1, 849, 75],
							"lerp_mode": "catmullrom"
						},
						"0.5": {
							"post": [-1, 849, 75],
							"lerp_mode": "catmullrom"
						},
						"1.0": {
							"post": [-1, 849, 75],
							"lerp_mode": "catmullrom"
						},
						"4.0": {
							"post": [-1, 849, 75],
							"lerp_mode": "catmullrom"
						}
					},
					"scale": {
						"0.0": {
							"post": [1, 1, 1],
							"lerp_mode": "catmullrom"
						},
						"0.125": {
							"post": [35.7, 26.5, 26.7],
							"lerp_mode": "catmullrom"
						},
						"0.5": {
							"post": [35.7, 26.5, 26.7],
							"lerp_mode": "catmullrom"
						},
						"1.0": {
							"post": [35.7, 26.5, 26.7],
							"lerp_mode": "catmullrom"
						},
						"4.0": {
							"post": [35.7, 26.5, 26.7],
							"lerp_mode": "catmullrom"
						}
					}
				}
			}
		}
	}
}