{
	"format_version": "1.8.0",
	"animations": {
		"animation.uchu.starshoot_hold": {
			"loop": true,
			"animation_length": 0.29167,
			"bones": {
				"body": {
					"rotation": [0, -47.5, 0]
				},
				"leftArm": {
					"rotation": [-81.27794, 71.82124, 15.45201],
					"position": [-4, -1, -2]
				},
				"rightArm": {
					"rotation": [-90, 45, 0]
				},
				"rightLeg": {
					"rotation": [0, 35, 5]
				},
				"leftLeg": {
					"rotation": [1.10693, -12.45167, -5.12076]
				}
			}
		},
		"animation.uchu.starshoot": {
			"loop": true,
			"animation_length": 0.33333,
			"bones": {
				"body": {
					"rotation": {
						"0.0": {
							"post": [0, -47.5, 0],
							"lerp_mode": "catmullrom"
						},
						"0.0833": {
							"post": [-6.03227, -17.12748, 1.48171],
							"lerp_mode": "catmullrom"
						},
						"0.2083": {
							"post": [0, -47.5, 0],
							"lerp_mode": "catmullrom"
						},
						"0.3333": {
							"post": [0, -47.5, 0],
							"lerp_mode": "catmullrom"
						}
					},
					"position": {
						"0.0833": {
							"pre": [0, 0, 3],
							"post": [0, 0, 3],
							"lerp_mode": "catmullrom"
						},
						"0.3333": {
							"post": [0, 0, 3],
							"lerp_mode": "catmullrom"
						}
					}
				},
				"leftArm": {
					"rotation": {
						"0.0": {
							"post": [-81.27794, 71.82124, 15.45201],
							"lerp_mode": "catmullrom"
						},
						"0.0833": {
							"post": [-83.7178, 64.38358, 12.82803],
							"lerp_mode": "catmullrom"
						},
						"0.2083": {
							"post": [-81.27794, 71.82124, 15.45201],
							"lerp_mode": "catmullrom"
						},
						"0.3333": {
							"post": [-81.28, 71.82, 15.45],
							"lerp_mode": "catmullrom"
						}
					},
					"position": {
						"0.0": {
							"post": [-4, -1, -2],
							"lerp_mode": "catmullrom"
						},
						"0.0833": {
							"post": [-1, -1, -2],
							"lerp_mode": "catmullrom"
						},
						"0.2083": {
							"post": [-4, -1, -2],
							"lerp_mode": "catmullrom"
						},
						"0.3333": {
							"post": [-4, -1, -2],
							"lerp_mode": "catmullrom"
						}
					},
					"scale": 1
				},
				"rightArm": {
					"rotation": {
						"0.0": {
							"post": [-90, 45, 0],
							"lerp_mode": "catmullrom"
						},
						"0.0833": {
							"post": [-104.42337, 13.8483, 10.91012],
							"lerp_mode": "catmullrom"
						},
						"0.1667": {
							"post": [-104.02357, 29.77322, 5.10722],
							"lerp_mode": "catmullrom"
						},
						"0.25": {
							"post": [-90, 45, 0],
							"lerp_mode": "catmullrom"
						},
						"0.3333": {
							"post": [-90, 45, 0],
							"lerp_mode": "catmullrom"
						}
					}
				},
				"rightLeg": {
					"rotation": {
						"0.0": {
							"post": [0, 35, 5],
							"lerp_mode": "catmullrom"
						},
						"0.2083": {
							"post": [0, 35, 5],
							"lerp_mode": "catmullrom"
						},
						"0.3333": {
							"post": [0, 35, 5],
							"lerp_mode": "catmullrom"
						}
					}
				},
				"leftLeg": {
					"rotation": {
						"0.0": {
							"post": [1.10693, -12.45167, -5.12076],
							"lerp_mode": "catmullrom"
						},
						"0.2083": {
							"post": [1.10693, -12.45167, -5.12076],
							"lerp_mode": "catmullrom"
						},
						"0.3333": {
							"post": [1.11, -12.45, -5.12],
							"lerp_mode": "catmullrom"
						}
					}
				}
			}
		},
		"animation.uchu.pillarcreation_hold": {
			"loop": true,
			"animation_length": 0.45833,
			"bones": {
				"body": {
					"rotation": [35.10451, -20.88127, -14.06573],
					"position": [0, -3, -5]
				},
				"leftArm": {
					"rotation": [-166.53361, -69.40933, 75.65143],
					"position": [-2, 0, 5]
				},
				"rightArm": {
					"rotation": [-56.96081, -27.67347, 74.64087],
					"position": [0, 0, 0]
				},
				"rightLeg": {
					"rotation": [-20, 32.5, 0],
					"position": [-1, 4, -4]
				},
				"leftLeg": {
					"rotation": [0, 0, 0],
					"position": [1, 2, -4]
				}
			}
		},
		"animation.uchu.pillarcreation": {
			"animation_length": 0.91667,
			"bones": {
				"body": {
					"rotation": {
						"0.0": {
							"post": [35.10451, -20.88127, -14.06573],
							"lerp_mode": "catmullrom"
						},
						"0.125": {
							"post": [35.10451, -20.88127, -14.06573],
							"lerp_mode": "catmullrom"
						},
						"0.2083": {
							"post": [75.81914, 38.44868, 30.38564],
							"lerp_mode": "catmullrom"
						},
						"0.4583": {
							"post": [65.48568, 33.43344, 12.88671],
							"lerp_mode": "catmullrom"
						},
						"0.5417": {
							"post": [75.81914, 38.44868, 30.38564],
							"lerp_mode": "catmullrom"
						},
						"0.9167": {
							"post": [75.82, 38.45, 30.39],
							"lerp_mode": "catmullrom"
						}
					},
					"position": {
						"0.0": {
							"post": [0, -3, -5],
							"lerp_mode": "catmullrom"
						},
						"0.125": {
							"post": [0, -3, -5],
							"lerp_mode": "catmullrom"
						},
						"0.2083": {
							"post": [0, -11, -5],
							"lerp_mode": "catmullrom"
						},
						"0.5417": {
							"post": [0, -11, -5],
							"lerp_mode": "catmullrom"
						},
						"0.9167": {
							"post": [0, -11, -5],
							"lerp_mode": "catmullrom"
						}
					}
				},
				"leftArm": {
					"rotation": {
						"0.0": {
							"post": [-166.53361, -69.40933, 75.65143],
							"lerp_mode": "catmullrom"
						},
						"0.125": {
							"post": [-166.53361, -69.40933, 75.65143],
							"lerp_mode": "catmullrom"
						},
						"0.2083": {
							"post": [-72.11783, -26.01802, -0.96145],
							"lerp_mode": "catmullrom"
						},
						"0.4583": {
							"post": [-73.93161, -4.47225, 5.8075],
							"lerp_mode": "catmullrom"
						},
						"0.5417": {
							"post": [-72.11783, -26.01802, -0.96145],
							"lerp_mode": "catmullrom"
						},
						"0.9167": {
							"post": [-72.12, -26.02, -0.96],
							"lerp_mode": "catmullrom"
						}
					},
					"position": {
						"0.0": {
							"post": [-2, 0, 5],
							"lerp_mode": "catmullrom"
						},
						"0.125": {
							"post": [-2, 0, 5],
							"lerp_mode": "catmullrom"
						},
						"0.2083": {
							"post": [-1, 1, -2],
							"lerp_mode": "catmullrom"
						},
						"0.5417": {
							"post": [-1, 1, -2],
							"lerp_mode": "catmullrom"
						},
						"0.9167": {
							"post": [-1, 1, -2],
							"lerp_mode": "catmullrom"
						}
					}
				},
				"rightArm": {
					"rotation": {
						"0.0": {
							"post": [-56.96081, -27.67347, 74.64087],
							"lerp_mode": "catmullrom"
						},
						"0.125": {
							"post": [-56.96081, -27.67347, 74.64087],
							"lerp_mode": "catmullrom"
						},
						"0.2083": {
							"post": [26.0549, 29.62614, 100.74013],
							"lerp_mode": "catmullrom"
						},
						"0.9167": {
							"post": [26.05, 29.63, 100.74],
							"lerp_mode": "catmullrom"
						}
					},
					"position": {
						"0.0": {
							"post": [0, 0, 0],
							"lerp_mode": "catmullrom"
						},
						"0.125": {
							"post": [0, 0, 0],
							"lerp_mode": "catmullrom"
						},
						"0.9167": {
							"post": [0, 0, 0],
							"lerp_mode": "catmullrom"
						}
					}
				},
				"rightLeg": {
					"rotation": {
						"0.0": {
							"post": [-20, 32.5, 0],
							"lerp_mode": "catmullrom"
						},
						"0.125": {
							"post": [-20, 32.5, 0],
							"lerp_mode": "catmullrom"
						},
						"0.9167": {
							"post": [-20, 32.5, 0],
							"lerp_mode": "catmullrom"
						}
					},
					"position": {
						"0.0": {
							"post": [-1, 4, -4],
							"lerp_mode": "catmullrom"
						},
						"0.125": {
							"post": [-1, 4, -4],
							"lerp_mode": "catmullrom"
						},
						"0.9167": {
							"post": [-1, 4, -4],
							"lerp_mode": "catmullrom"
						}
					}
				},
				"leftLeg": {
					"rotation": {
						"0.0": {
							"post": [0, 0, 0],
							"lerp_mode": "catmullrom"
						},
						"0.125": {
							"post": [0, 0, 0],
							"lerp_mode": "catmullrom"
						},
						"0.9167": {
							"post": [0, 0, 0],
							"lerp_mode": "catmullrom"
						}
					},
					"position": {
						"0.0": {
							"post": [1, 2, -4],
							"lerp_mode": "catmullrom"
						},
						"0.125": {
							"post": [1, 2, -4],
							"lerp_mode": "catmullrom"
						},
						"0.2083": {
							"post": [1, 7, -4],
							"lerp_mode": "catmullrom"
						},
						"0.9167": {
							"post": [1, 7, -4],
							"lerp_mode": "catmullrom"
						}
					}
				}
			}
		},
		"animation.uchu.blackhole_hold": {
			"loop": true,
			"animation_length": 0.375,
			"bones": {
				"body": {
					"rotation": [25, 0, 0],
					"position": [0, -3, -5]
				},
				"leftArm": {
					"rotation": [-120.56066, -14.8656, -23.90273],
					"position": [1, -2, 1]
				},
				"rightArm": {
					"rotation": [-117.5, 17.5, 25],
					"position": [-1, -3, 2]
				},
				"rightLeg": {
					"rotation": [-20, 0, 0],
					"position": [0, 3, -3]
				},
				"leftLeg": {
					"rotation": [12.5, 0, 0],
					"position": [0, 0, 0]
				}
			}
		},
		"animation.uchu.blackhole": {
			"animation_length": 0.79167,
			"bones": {
				"body": {
					"rotation": {
						"0.0": {
							"post": [25, 0, 0],
							"lerp_mode": "catmullrom"
						},
						"0.0833": {
							"post": [26.05573, 15.81499, 7.59001],
							"lerp_mode": "catmullrom"
						},
						"0.1667": {
							"post": [-10, 0, 0],
							"lerp_mode": "catmullrom"
						},
						"0.25": {
							"post": [-10.23772, -12.3071, 2.20462],
							"lerp_mode": "catmullrom"
						},
						"0.5833": {
							"post": [-10.08453, -7.38542, 1.30962],
							"lerp_mode": "catmullrom"
						},
						"0.7917": {
							"post": [-10.08, -7.39, 1.31],
							"lerp_mode": "catmullrom"
						}
					},
					"position": {
						"0.0": {
							"post": [0, -3, -5],
							"lerp_mode": "catmullrom"
						},
						"0.0833": {
							"post": [0, -3, -5],
							"lerp_mode": "catmullrom"
						},
						"0.1667": {
							"post": [0, 1, 4],
							"lerp_mode": "catmullrom"
						},
						"0.25": {
							"post": [0, 0, 4],
							"lerp_mode": "catmullrom"
						},
						"0.7917": {
							"post": [0, 0, 4],
							"lerp_mode": "catmullrom"
						}
					}
				},
				"leftArm": {
					"rotation": {
						"0.0": {
							"post": [-120.56066, -14.8656, -23.90273],
							"lerp_mode": "catmullrom"
						},
						"0.0833": {
							"post": [-120.56066, -14.8656, -23.90273],
							"lerp_mode": "catmullrom"
						},
						"0.1667": {
							"post": [6.93934, -14.8656, -23.90273],
							"lerp_mode": "catmullrom"
						},
						"0.2917": {
							"post": [20.46018, -19.17961, 43.3543],
							"lerp_mode": "catmullrom"
						},
						"0.4583": {
							"post": [20.46018, -19.17961, 43.3543],
							"lerp_mode": "catmullrom"
						},
						"0.7917": {
							"post": [20.46, -19.18, 43.35],
							"lerp_mode": "catmullrom"
						}
					},
					"position": {
						"0.0": {
							"post": [1, -2, 1],
							"lerp_mode": "catmullrom"
						},
						"0.0833": {
							"post": [1, -2, 1],
							"lerp_mode": "catmullrom"
						},
						"0.1667": {
							"post": [0, 0, 1],
							"lerp_mode": "catmullrom"
						},
						"0.7917": {
							"post": [0, 0, 1],
							"lerp_mode": "catmullrom"
						}
					}
				},
				"rightArm": {
					"rotation": {
						"0.0": {
							"post": [-117.5, 17.5, 25],
							"lerp_mode": "catmullrom"
						},
						"0.0833": {
							"post": [-35, 17.5, 25],
							"lerp_mode": "catmullrom"
						},
						"0.1667": {
							"post": [-167.26257, 17.53129, 9.26623],
							"lerp_mode": "catmullrom"
						},
						"0.3333": {
							"post": [-167.26257, 17.53129, 9.26623],
							"lerp_mode": "catmullrom"
						},
						"0.4583": {
							"post": [-82.26257, 17.53129, 9.26623],
							"lerp_mode": "catmullrom"
						},
						"0.7917": {
							"post": [-82.26, 17.53, 9.27],
							"lerp_mode": "catmullrom"
						}
					},
					"position": {
						"0.0": {
							"post": [-1, -3, 2],
							"lerp_mode": "catmullrom"
						},
						"0.0833": {
							"post": [-1, -3, 2],
							"lerp_mode": "catmullrom"
						},
						"0.1667": {
							"post": [0, 3, -1],
							"lerp_mode": "catmullrom"
						},
						"0.25": {
							"post": [0, 4, -1],
							"lerp_mode": "catmullrom"
						},
						"0.4583": {
							"post": [0, 1, -4],
							"lerp_mode": "catmullrom"
						},
						"0.7917": {
							"post": [0, 1, -4],
							"lerp_mode": "catmullrom"
						}
					}
				},
				"rightLeg": {
					"rotation": {
						"0.0": {
							"post": [-20, 0, 0],
							"lerp_mode": "catmullrom"
						},
						"0.0833": {
							"post": [-20, 0, 0],
							"lerp_mode": "catmullrom"
						},
						"0.1667": {
							"post": [14.93433, 5.31234, 9.176],
							"lerp_mode": "catmullrom"
						},
						"0.7917": {
							"post": [14.93, 5.31, 9.18],
							"lerp_mode": "catmullrom"
						}
					},
					"position": {
						"0.0": {
							"post": [0, 3, -3],
							"lerp_mode": "catmullrom"
						},
						"0.0833": {
							"post": [0, 3, -3],
							"lerp_mode": "catmullrom"
						},
						"0.1667": {
							"post": [0, 0, 0],
							"lerp_mode": "catmullrom"
						},
						"0.7917": {
							"post": [0, 0, 0],
							"lerp_mode": "catmullrom"
						}
					},
					"scale": {
						"0.0": {
							"post": [1, 1, 1],
							"lerp_mode": "catmullrom"
						},
						"0.7917": {
							"post": [1, 1, 1],
							"lerp_mode": "catmullrom"
						}
					}
				},
				"leftLeg": {
					"rotation": {
						"0.0": {
							"post": [12.5, 0, 0],
							"lerp_mode": "catmullrom"
						},
						"0.0833": {
							"post": [12.5, 0, 0],
							"lerp_mode": "catmullrom"
						},
						"0.1667": {
							"post": [12.88223, -14.09703, -5.74894],
							"lerp_mode": "catmullrom"
						},
						"0.7917": {
							"post": [12.88, -14.1, -5.75],
							"lerp_mode": "catmullrom"
						}
					},
					"position": {
						"0.0": {
							"post": [0, 0, 0],
							"lerp_mode": "catmullrom"
						},
						"0.0833": {
							"post": [0, 0, 0],
							"lerp_mode": "catmullrom"
						},
						"0.1667": {
							"post": [0, 0, 0],
							"lerp_mode": "catmullrom"
						},
						"0.7917": {
							"post": [0, 0, 0],
							"lerp_mode": "catmullrom"
						}
					}
				}
			}
		}
	}
}