{
	"format_version": "1.8.0",
	"animations": {
		"animation.yoru.nslash": {
			"loop": true,
			"animation_length": 2,
			"bones": {
				"root": {
					"rotation": {
						"0.25": {
							"pre": [0, 0, 0],
							"post": [0, 0, 0],
							"lerp_mode": "catmullrom"
						},
						"0.375": {
							"post": [20.88852, 16.41371, 6.15491],
							"lerp_mode": "catmullrom"
						},
						"1.0": {
							"post": [20.89, 16.41, 6.15],
							"lerp_mode": "catmullrom"
						},
						"1.25": {
							"post": [20.89, 16.41, 6.15],
							"lerp_mode": "catmullrom"
						},
						"1.375": {
							"post": [25.89, 16.41, 6.15],
							"lerp_mode": "catmullrom"
						},
						"2.0": {
							"post": [25.89, 16.41, 6.15],
							"lerp_mode": "catmullrom"
						}
					}
				},
				"waist": {
					"rotation": {
						"0.25": {
							"pre": [0, 0, 0],
							"post": [0, 0, 0],
							"lerp_mode": "catmullrom"
						},
						"0.375": {
							"post": [0, -32.5, 0],
							"lerp_mode": "catmullrom"
						},
						"1.0": {
							"post": [0, -32.5, 0],
							"lerp_mode": "catmullrom"
						},
						"1.25": {
							"post": [0, -60, 0],
							"lerp_mode": "catmullrom"
						},
						"1.375": {
							"post": [0, 7.5, 0],
							"lerp_mode": "catmullrom"
						},
						"2.0": {
							"post": [0, 7.5, 0],
							"lerp_mode": "catmullrom"
						}
					}
				},
				"head": {
					"rotation": {
						"0.25": {
							"pre": [0, 0, 0],
							"post": [0, 0, 0],
							"lerp_mode": "catmullrom"
						},
						"0.375": {
							"post": [0, 17.5, 0],
							"lerp_mode": "catmullrom"
						},
						"1.0": {
							"post": [0, 17.5, 0],
							"lerp_mode": "catmullrom"
						},
						"1.25": {
							"post": [-24.58647, 38.37291, -9.61044],
							"lerp_mode": "catmullrom"
						},
						"1.375": {
							"post": [-20.04404, -17.87892, 12.63702],
							"lerp_mode": "catmullrom"
						},
						"2.0": {
							"post": [-20.04, -17.88, 12.64],
							"lerp_mode": "catmullrom"
						}
					}
				},
				"leftArm": {
					"rotation": {
						"0.0": {
							"post": [-84.36696, 27.38656, 2.59775],
							"lerp_mode": "catmullrom"
						},
						"0.25": {
							"post": [-101.86696, 27.38656, 2.59775],
							"lerp_mode": "catmullrom"
						},
						"0.375": {
							"post": [-96.72487, 42.0067, -1.50968],
							"lerp_mode": "catmullrom"
						},
						"1.0": {
							"post": [-96.72, 42.01, -1.51],
							"lerp_mode": "catmullrom"
						},
						"1.25": {
							"post": [-95.10278, 12.15955, 1.92129],
							"lerp_mode": "catmullrom"
						},
						"1.375": {
							"post": [-108.30905, 73.93209, -14.64011],
							"lerp_mode": "catmullrom"
						},
						"2.0": {
							"post": [-108.31, 73.93, -14.64],
							"lerp_mode": "catmullrom"
						}
					}
				},
				"rightArm": {
					"rotation": {
						"0.0": {
							"post": [-80.57795, -37.12482, -5.71946],
							"lerp_mode": "catmullrom"
						},
						"0.25": {
							"post": [-95.57795, -37.12482, -5.71946],
							"lerp_mode": "catmullrom"
						},
						"0.375": {
							"post": [-128.43564, -2.13669, 76.87607],
							"lerp_mode": "catmullrom"
						},
						"1.0": {
							"post": [-128.44, -2.14, 76.88],
							"lerp_mode": "catmullrom"
						},
						"1.25": {
							"post": [-143.44, -2.14, 76.88],
							"lerp_mode": "catmullrom"
						},
						"1.375": {
							"post": [49.06, -2.14, 76.88],
							"lerp_mode": "catmullrom"
						},
						"2.0": {
							"post": [49.06, -2.14, 76.88],
							"lerp_mode": "catmullrom"
						}
					}
				},
				"leftLeg": {
					"rotation": {
						"0.25": {
							"pre": [0, 0, 0],
							"post": [0, 0, 0],
							"lerp_mode": "catmullrom"
						},
						"0.375": {
							"post": [-34.3569, -7.13136, -10.29284],
							"lerp_mode": "catmullrom"
						},
						"1.0": {
							"post": [-34.36, -7.13, -10.29],
							"lerp_mode": "catmullrom"
						},
						"1.25": {
							"post": [-44.36, -7.13, -10.29],
							"lerp_mode": "catmullrom"
						},
						"1.375": {
							"post": [-21.86, -7.13, -10.29],
							"lerp_mode": "catmullrom"
						},
						"2.0": {
							"post": [-21.86, -7.13, -10.29],
							"lerp_mode": "catmullrom"
						}
					}
				},
				"rightLeg": {
					"rotation": {
						"0.25": {
							"pre": [0, 0, 0],
							"post": [0, 0, 0],
							"lerp_mode": "catmullrom"
						},
						"0.375": {
							"post": [10, 0, 0],
							"lerp_mode": "catmullrom"
						},
						"1.0": {
							"post": [10, 0, 0],
							"lerp_mode": "catmullrom"
						},
						"1.25": {
							"post": [15, 0, 0],
							"lerp_mode": "catmullrom"
						},
						"1.375": {
							"post": [47.5, 0, 0],
							"lerp_mode": "catmullrom"
						},
						"2.0": {
							"post": [47.5, 0, 0],
							"lerp_mode": "catmullrom"
						}
					}
				}
			},
			"particle_effects": {
				"0.375": [
					{
						"effect": "yoru1"
					},
					{
						"effect": "yoru2"
					}
				],
				"1.375": {
					"effect": "yoru3"
				}
			}
		}
	}
}