{
	"format_version": "1.8.0",
	"animations": {
		"animation.gravity0.hold": {
			"loop": true,
			"animation_length": 0.5,
			"bones": {
				"root": {
					"rotation": {
						"0.0": [0, -37.5, 0],
						"0.5": [0, -37.5, 0]
					}
				},
				"body": {
					"rotation": {
						"0.0": [0, 30, 0],
						"0.5": [0, 30, 0]
					}
				},
				"leftArm": {
					"rotation": {
						"0.0": [26.09586, -46.17986, 9.14832],
						"0.5": [26.1, -46.18, 9.15]
					}
				},
				"rightArm": {
					"rotation": {
						"0.0": [-79.37242, 19.6835, 3.61644],
						"0.5": [-79.37, 19.68, 3.62]
					}
				},
				"leftLeg": {
					"rotation": {
						"0.0": [0, -22.5, 0],
						"0.5": [0, -22.5, 0]
					}
				},
				"rightLeg": {
					"rotation": {
						"0.0": [4.56615, 42.30053, 6.76733],
						"0.5": [4.57, 42.3, 6.77]
					}
				}
			}
		},
		"animation.gstomp": {
			"loop": true,
			"animation_length": 0.5,
			"bones": {
				"root": {
					"rotation": {
						"0.0": [22.5, 0, 0],
						"0.5": [22.5, 0, 0]
					},
					"position": {
						"0.0": [0, 0, 9],
						"0.5": [0, 0, 9]
					}
				},
				"head": {
					"rotation": {
						"0.0": [45, 0, 0],
						"0.5": [45, 0, 0]
					}
				},
				"leftArm": {
					"rotation": {
						"0.0": [42.5, 0, -30],
						"0.5": [42.5, 0, -30]
					}
				},
				"rightArm": {
					"rotation": {
						"0.0": [35, 0, 37.5],
						"0.5": [35, 0, 37.5]
					}
				},
				"leftLeg": {
					"rotation": {
						"0.0": [7.5, 0, -7.5],
						"0.5": [7.5, 0, -7.5]
					}
				},
				"rightLeg": {
					"rotation": {
						"0.0": [-35, 0, 0],
						"0.5": [-35, 0, 0]
					},
					"position": {
						"0.0": [0, 2, -3],
						"0.5": [0, 2, -3]
					}
				}
			}
		}
	}
}