{
  "format_version": "1.10.0",
  "animations": {
    "animation.timer.0_2": {
      "loop": false,
      "animation_length": 0.2
    },
    "animation.timer.0_25": {
      "loop": false,
      "animation_length": 0.25
    },
    "animation.timer.0_3": {
      "loop": false,
      "animation_length": 0.3
    },
    "animation.timer.0_35": {
      "loop": false,
      "animation_length": 0.35
    },
    "animation.timer.0_5": {
      "loop": false,
      "animation_length": 0.5
    },
    "animation.timer.0_75": {
      "loop": false,
      "animation_length": 0.75
    },
    "animation.timer.1_0": {
      "loop": false,
      "animation_length": 1.0
    },
    "animation.timer.1_25": {
      "loop": false,
      "animation_length": 1.25
    },
    "animation.timer.1_5": {
      "loop": false,
      "animation_length": 1.5
    },
    "animation.timer.2_0": {
      "loop": false,
      "animation_length": 2.0
    },
    "animation.timer.2_5": {
      "loop": false,
      "animation_length": 2.5
    },
    "animation.timer.3_0": {
      "loop": false,
      "animation_length": 3.0
    },
    "animation.timer.3_5": {
      "loop": false,
      "animation_length": 3.5
    },
    "animation.timer.4_0": {
      "loop": false,
      "animation_length": 4.0
    },
    "animation.timer.4_5": {
      "loop": false,
      "animation_length": 4.5
    },
    "animation.timer.5_0": {
      "loop": false,
      "animation_length": 5.0
    },
    "animation.timer.5_5": {
      "loop": false,
      "animation_length": 5.5
    },
    "animation.timer.6_0": {
      "loop": false,
      "animation_length": 6.0
    },
    "animation.timer.6_5": {
      "loop": false,
      "animation_length": 6.5
    },
    "animation.timer.7_0": {
      "loop": false,
      "animation_length": 7.0
    },
    "animation.fruit.loop": {
      "loop": true,
      "animation_length": 0.25,
      "timeline": {
        "0.0": [
          "/playanimation @s[hasitem={item=wesl3y:gomu5_skills,location=slot.weapon.mainhand},scores={slotSkill=2}] animation.gear_five.kaminari.loop wesl3y",
          "/playanimation @s[hasitem={item=wesl3y:goro2_skills,location=slot.weapon.mainhand},scores={slotSkill=0..1}] animation.goro.kiten.loop wesl3y",
          "/playanimation @s[hasitem={item=wesl3y:magu_skills,location=slot.weapon.mainhand},scores={slotSkill=0}] animation.magu.dai_funka.loop wesl3y",
          "/playanimation @s[hasitem={item=wesl3y:magu_skills,location=slot.weapon.mainhand},scores={slotSkill=1}] animation.magu.dai_funka.loop wesl3y",
          "/playanimation @s[hasitem={item=wesl3y:mera_skills,location=slot.weapon.mainhand},scores={slotSkill=1}] animation.mera.hiken.loop wesl3y",
          "/playanimation @s[hasitem={item=wesl3y:mera_skills,location=slot.weapon.mainhand},scores={slotSkill=3}] animation.mera.dai_enkai.loop wesl3y",
          "/playanimation @s[hasitem={item=wesl3y:pika_skills,location=slot.weapon.mainhand},scores={slotSkill=0}] animation.pika.light_beam.loop wesl3y",
          "/playanimation @s[hasitem={item=wesl3y:pika_skills,location=slot.weapon.mainhand},scores={slotSkill=1}] animation.pika.light_kick.loop wesl3y",
          "/playanimation @s[tag=uo_dragon,hasitem={item=wesl3y:uo_dragon_skills,location=slot.weapon.mainhand},scores={slotSkill=2}] animation.dragon.kaifu.loop wesl3y",
          "/playanimation @s[tag=!uo_dragon,hasitem={item=wesl3y:uo_dragon_skills,location=slot.weapon.mainhand},scores={slotSkill=2}] animation.dragon2.kaifu.loop wesl3y",
          "/playanimation @s[tag=uo_dragon,hasitem={item=wesl3y:uo_dragon_skills,location=slot.weapon.mainhand},scores={slotSkill=3}] animation.dragon.boro_breath.loop wesl3y",
          "/playanimation @s[tag=!uo_dragon,hasitem={item=wesl3y:uo_dragon_skills,location=slot.weapon.mainhand},scores={slotSkill=3}] animation.dragon2.boro_breath.loop wesl3y",
          "/playanimation @s[hasitem={item=wesl3y:yami_skills,location=slot.weapon.mainhand},scores={slotSkill=0}] animation.yami.kurouzu wesl3y",
          "/playanimation @s[hasitem={item=wesl3y:yami_skills,location=slot.weapon.mainhand},scores={slotSkill=3}] animation.yami.dark_ball.loop wesl3y"
        ]
      }
    },
    "animation.fruit.bara.festival": {
      "loop": false,
      "animation_length": 1.85,
      "timeline": {
        "0.0": [
          "/playanimation @s animation.bara.festival.end wesl3y",
          "/tag @s add attack_stunned",
          "/tag @s add bara_festival",
          "/tag @s add stop_air",
          "/tp @s ~~~"
        ],
        "1.75": [
          "/tag @s remove attack_stunned",
          "/tag @s remove bara_festival",
          "/tag @s remove stop_air",
          "/effect @s slow_falling 3 0 true"
        ]
      }
    },
    "animation.fruit.bara.car": {
      "loop": true,
      "animation_length": 0.1,
      "timeline": {
        "0.0": [
          "/tag @s add speed1_25"
        ]
      }
    },
    "animation.fruit.goro.sango": {
      "loop": false,
      "animation_length": 1.0,
      "timeline": {
        "0.0": [
          "/playanimation @s animation.goro.vari.end wesl3y"
        ],
        "0.2": [
          "/summon wesl3y:goro_damage ^-2^1^3 ~~ wesl3y:sango"
        ],
        "0.4": [
          "/summon wesl3y:goro_damage ^2^1^6 ~~ wesl3y:sango"
        ],
        "0.9": [
          "/execute as @e[c=3,r=8,family=!attack,family=!inanimate,tag=!bara_fruit,type=!item,type=!xp_orb] at @s run summon wesl3y:goro_damage ~~~ ~~ wesl3y:sango"
        ]
      }
    },
    "animation.fruit.goro.eletric": {
      "loop": true,
      "animation_length": 0.01,
      "timeline": {
        "0.0": [
          "/execute if block ^^^0.75 air run tp @s ^^^0.75",
          "/effect @s invisibility 1 255 true"
        ]
      }
    },
    "animation.fruit.gura1": {
      "loop": false,
      "animation_length": 0.6,
      "timeline": {
        "0.0": [
          "/playanimation @s animation.gura.earthquake.end wesl3y"
        ],
        "0.3": [
          "/playsound gura @a[r=15]",
          "/summon wesl3y:gura_attack ~~~ ~ ~ wesl3y:earthquake",
          "/camerashake add @a[r=15] 0.6 3 positional"
        ]
      }
    },
    "animation.fruit.gura2": {
      "loop": false,
      "animation_length": 2.5,
      "timeline": {
        "0.0": [
          "/playanimation @s animation.gura.shima_yurashi.end wesl3y"
        ],
        "0.3": [
          "/particle wesl3y:gura_shima_yurashi",
          "/function damage/gura/shima_yurashi"
        ],
        "0.5": [
          "/function damage/gura/shima_yurashi"
        ],
        "0.7": [
          "/particle wesl3y:gura_shima_yurashi",
          "/function damage/gura/shima_yurashi"
        ],
        "0.9": [
          "/tag @s remove attack_stunned",
          "/function damage/gura/shima_yurashi"
        ],
        "1.1": [
          "/particle wesl3y:gura_shima_yurashi",
          "/function damage/gura/shima_yurashi"
        ],
        "1.3": [
          "/function damage/gura/shima_yurashi"
        ],
        "1.5": [
          "/particle wesl3y:gura_shima_yurashi",
          "/function damage/gura/shima_yurashi"
        ],
        "1.7": [
          "/function damage/gura/shima_yurashi"
        ],
        "2.0": [
          "/particle wesl3y:gura_shima_yurashi",
          "/function damage/gura/shima_yurashi"
        ],
        "2.2": [
          "/function damage/gura/shima_yurashi"
        ],
        "2.4": [
          "/particle wesl3y:gura_shima_yurashi",
          "/function damage/gura/shima_yurashi"
        ]
      }
    },
    "animation.fruit.gura3": {
      "loop": false,
      "animation_length": 1.0,
      "timeline": {
        "0.0": [
          "/playanimation @s animation.gura.kabutowari.end wesl3y"
        ],
        "0.225": [
          "/playsound gura @a[r=10]",
          "/particle wesl3y:gura_particle ^^1.5^0.7"
        ],
        "0.3": [
          "/tag @s add attack_stunned",
          "/function damage/gura/kabutowari"
        ],
        "0.4": [
          "/function damage/gura/kabutowari"
        ],
        "0.5": [
          "/function damage/gura/kabutowari"
        ],
        "0.6": [
          "/tag @s remove attack_stunned",
          "/function damage/gura/kabutowari"
        ],
        "0.7": [
          "/function damage/gura/kabutowari"
        ],
        "0.8": [
          "/function damage/gura/kabutowari"
        ],
        "0.9": [
          "/summon wesl3y:gura_damage ~~~ ~ ~ wesl3y:kabutowari"
        ]
      }
    },
    "animation.fruit.gura4": {
      "loop": false,
      "animation_length": 0.4,
      "timeline": {
        "0.0": [
          "/playanimation @s animation.gura.gekishin.end wesl3y"
        ],
        "0.225": [
          "/playsound gura @a[r=10]"
        ],
        "0.275": [
          "/tag @s add attack_stunned",
          "/tag @s add gekishin",
          "/event entity @s wesl3y:gura_projetil"
        ]
      }
    },
    "animation.fruit.gura5": {
      "loop": false,
      "animation_length": 1.6,
      "timeline": {
        "0.0": [
          "/playanimation @s animation.gura.earthquake.end wesl3y"
        ],
        "0.3": [
          "/playsound gura @a[r=10]",
          "/tag @s add kaishin",
          "/camerashake add @a[r=25] 0.6 3 positional"
        ],
        "0.4": [
          "/camerashake add @a[r=25] 0.6 3 positional"
        ],
        "0.5": [
          "/camerashake add @a[r=25] 0.3 2 positional"
        ],
        "1.5": [
          "/summon wesl3y:gura_attack ^-16^1^ ~ ~ wesl3y:kaishin",
          "/summon wesl3y:gura_attack ^16^1^ ~ ~ wesl3y:kaishin"
        ]
      }
    },
    "animation.fruit.hie.ice_partisan.start": {
      "loop": false,
      "animation_length": 0.7,
      "timeline": {
        "0.0": [
          "/playanimation @s animation.hie.ice_partisan.start wesl3y"
        ],
        "0.1": [
          "/playsound hie @a[r=5] ~~~ 0.5"
        ],
        "0.2": [
          "/playsound hie @a[r=5] ~~~ 0.5"
        ],
        "0.3": [
          "/playsound hie @a[r=5] ~~~ 0.5"
        ],
        "0.4": [
          "/playsound hie @a[r=5] ~~~ 0.5"
        ],
        "0.5": [
          "/playsound hie @a[r=5] ~~~ 0.5"
        ],
        "0.6": [
          "/playsound hie @a[r=5] ~~~ 0.5"
        ]
      }
    },
    "animation.fruit.hie.ice_partisan": {
      "loop": false,
      "animation_length": 1.0,
      "timeline": {
        "0.0": [
          "/playanimation @s animation.hie.ice_partisan.end wesl3y"
        ],
        "0.1": [
          "/tag @s add ice_partisan",
          "/event entity @s wesl3y:hie_projetil"
        ],
        "0.25": [
          "/event entity @s wesl3y:hie_projetil"
        ],
        "0.4": [
          "/event entity @s wesl3y:hie_projetil"
        ],
        "0.55": [
          "/event entity @s wesl3y:hie_projetil"
        ],
        "0.7": [
          "/event entity @s wesl3y:hie_projetil"
        ],
        "0.85": [
          "/event entity @s wesl3y:hie_projetil"
        ],
        "0.9": [
          "/tag @s remove ice_partisan"
        ]
      }
    },
    "animation.fruit.hie.ice_age": {
      "loop": false,
      "animation_length": 1.7,
      "timeline": {
        "0.0": [
          "/playanimation @s animation.hie.ice_age wesl3y",
          "/playsound hie @a[r=5]"
        ],
        "0.1": [
          "/tag @s add ice_age",
          "/function damage/hie/ice_age_setblock1"
        ],
        "0.3": [
          "/playsound hie @a[r=5]",
          "/function damage/hie/ice_age_setblock2"
        ],
        "0.5": [
          "/function damage/hie/ice_age_setblock3"
        ],
        "0.7": [
          "/playsound hie @a[r=5]",
          "/function damage/hie/ice_age_setblock4"
        ],
        "0.9": [
          "/function damage/hie/ice_age_setblock5"
        ],
        "1.1": [
          "/function damage/hie/ice_age_setblock6"
        ],
        "1.3": [
          "/function damage/hie/ice_age_setblock7"
        ],
        "1.5": [
          "/function damage/hie/ice_age_setblock8"
        ],
        "1.6": [
          "/function damage/hie/ice_age",
          "/tag @s remove ice_age"
        ]
      }
    },
    "animation.fruit.hie.walk": {
      "loop": true,
      "animation_length": 0.1,
      "timeline": {
        "0.0": [
          "/tag @s add speed1",
          "/particle wesl3y:hie_ice_walk ~~~"
        ]
      }
    },
    "animation.fruit.ito.tamaito": {
      "loop": false,
      "animation_length": 1.7,
      "timeline": {
        "0.0": [
          "/tag @s add tamaito",
          "/playanimation @s animation.ito.tamaito.end wesl3y",
          "/event entity @s wesl3y:ito_projetil"
        ],
        "0.3": [
          "/playanimation @s animation.ito.tamaito.end wesl3y",
          "/event entity @s wesl3y:ito_projetil"
        ],
        "0.5": [
          "/playanimation @s animation.ito.tamaito.end wesl3y",
          "/event entity @s wesl3y:ito_projetil"
        ],
        "0.7": [
          "/playanimation @s animation.ito.tamaito.end wesl3y",
          "/event entity @s wesl3y:ito_projetil"
        ],
        "0.9": [
          "/playanimation @s animation.ito.tamaito.end wesl3y",
          "/event entity @s wesl3y:ito_projetil"
        ],
        "1.1": [
          "/playanimation @s animation.ito.tamaito.end wesl3y",
          "/event entity @s wesl3y:ito_projetil"
        ],
        "1.3": [
          "/playanimation @s animation.ito.tamaito.end wesl3y",
          "/event entity @s wesl3y:ito_projetil"
        ],
        "1.5": [
          "/playanimation @s animation.ito.tamaito.end wesl3y",
          "/event entity @s wesl3y:ito_projetil"
        ],
        "1.6": [
          "/tag @s remove tamaito"
        ]
      }
    },
    "animation.fruit.ito.string": {
      "loop": true,
      "animation_length": 1.4,
      "timeline": {
        "0.0": [
          "/playanimation @s animation.ito.string_move wesl3y",
          "/effect @s levitation 1 5 true",
          "/summon wesl3y:ito_damage ^^^-2 ~ ~ wesl3y:string_move"
        ]
      }
    },
    "animation.fruit.ito.sora_no_michi": {
      "loop": false,
      "animation_length": 0.8,
      "timeline": {
        "0.0": [
          "/playanimation @s animation.ito.sora_no_michi.end wesl3y"
        ],
        "0.16": [
          "/summon wesl3y:ito_damage ^^1^4.5 ~~ wesl3y:sora_no_michi",
          "/summon wesl3y:ito_damage ^^1^9 ~~ wesl3y:sora_no_michi",
          "/particle wesl3y:mera_hiken.smash ^^1^9"
        ]
      }
    },
    "animation.fruit.magu.floor": {
      "loop": false,
      "animation_length": 1.7,
      "timeline": {
        "0.0": [
          "/playanimation @s animation.magu.magma_floor wesl3y"
        ],
        "0.15": [
          "/function damage/magu/magma_floor_setblock1"
        ],
        "0.3": [
          "/playanimation @s animation.magu.magma_floor.loop wesl3y",
          "/function damage/magu/magma_floor_setblock2"
        ],
        "0.7": [
          "/playanimation @s animation.magu.magma_floor.loop wesl3y",
          "/function damage/magu/magma_floor_setblock3"
        ],
        "1.1": [
          "/playanimation @s animation.magu.magma_floor.loop wesl3y",
          "/function damage/magu/magma_floor_setblock4"
        ],
        "1.5": [
          "/tag @s add magu_floor",
          "/function damage/magu/magma_floor_setblock5",
          "/function damage/magu/magma_floor"
        ],
        "1.6": [
          "/tag @s remove magu_floor"
        ]
      }
    },
    "animation.fruit.magu.ryusei": {
      "loop": false,
      "animation_length": 1.2,
      "timeline": {
        "0.0": [
          "/playanimation @s animation.magu.ryusei_kazan wesl3y"
        ],
        "0.15": [
          "/tag @s add ryusei_kazan",
          "/event entity @s wesl3y:magu_projetil"
        ],
        "0.3": [
          "/event entity @s wesl3y:magu_projetil"
        ],
        "0.5": [
          "/playanimation @s animation.magu.ryusei_kazan wesl3y",
          "/event entity @s wesl3y:magu_projetil"
        ],
        "0.7": [
          "/event entity @s wesl3y:magu_projetil"
        ],
        "0.9": [
          "/playanimation @s animation.magu.ryusei_kazan wesl3y",
          "/event entity @s wesl3y:magu_projetil"
        ],
        "1.1": [
          "/tag @s remove ryusei_kazan"
        ]
      }
    },
    "animation.fruit.magu.walk": {
      "loop": false,
      "animation_length": 5.1,
      "timeline": {
        "0.0": [
          "/tag @s add magu_walk",
          "/event entity @s wesl3y:magu5"
        ],
        "5.0": [
          "/tag @s remove magu_walk",
          "/event entity @s wesl3y:empty",
          "/event entity @s wesl3y:fruit_movement"
        ]
      }
    },
    "animation.fruit.mera.higan": {
      "loop": false,
      "animation_length": 1.7,
      "timeline": {
        "0.0": [
          "/playsound mera @a[r=5]",
          "/tag @s add higan",
          "/playanimation @s animation.mera.higan wesl3y",
          "/event entity @s wesl3y:mera_projetil"
        ],
        "0.3": [
          "/playsound mera @a[r=5]",
          "/tag @s add higan2",
          "/tag @s remove higan",
          "/playanimation @s animation.mera.higan2 wesl3y",
          "/event entity @s wesl3y:mera_projetil"
        ],
        "0.5": [
          "/playsound mera @a[r=5]",
          "/tag @s add higan",
          "/tag @s remove higan2",
          "/playanimation @s animation.mera.higan wesl3y",
          "/event entity @s wesl3y:mera_projetil"
        ],
        "0.7": [
          "/playsound mera @a[r=5]",
          "/tag @s add higan2",
          "/tag @s remove higan",
          "/playanimation @s animation.mera.higan2 wesl3y",
          "/event entity @s wesl3y:mera_projetil"
        ],
        "0.9": [
          "/playsound mera @a[r=5]",
          "/tag @s add higan",
          "/tag @s remove higan2",
          "/playanimation @s animation.mera.higan wesl3y",
          "/event entity @s wesl3y:mera_projetil"
        ],
        "1.1": [
          "/playsound mera @a[r=5]",
          "/tag @s add higan2",
          "/tag @s remove higan",
          "/playanimation @s animation.mera.higan2 wesl3y",
          "/event entity @s wesl3y:mera_projetil"
        ],
        "1.3": [
          "/playsound mera @a[r=5]",
          "/tag @s add higan",
          "/tag @s remove higan2",
          "/playanimation @s animation.mera.higan wesl3y",
          "/event entity @s wesl3y:mera_projetil"
        ],
        "1.5": [
          "/playsound mera @a[r=5]",
          "/tag @s add higan2",
          "/tag @s remove higan",
          "/playanimation @s animation.mera.higan2 wesl3y",
          "/event entity @s wesl3y:mera_projetil"
        ],
        "1.6": [
          "/tag @s remove higan",
          "/tag @s remove higan2"
        ]
      }
    },
    "animation.fruit.mera.hibashira": {
      "loop": false,
      "animation_length": 0.4,
      "timeline": {
        "0.0": [
          "/playanimation @s animation.mera.hibashira wesl3y",
          "/particle wesl3y:mera_hibashira_charge ~~~"
        ],
        "0.1": [
          "/particle wesl3y:mera_hibashira_charge ~~~"
        ],
        "0.3": [
          "/particle wesl3y:mera_hibashira_charge ~~~"
        ]
      }
    },
    "animation.fruit.moku2": {
      "loop": true,
      "animation_length": 0.1,
      "timeline": {
        "0.0": [
          "/playanimation @s animation.moku.white_out wesl3y",
          "/execute positioned ^^1^2 if block ^^^2 air run tp @e[rm=0.1,r=3,family=!attack,tag=!kurouzu,tag=!moku_fruit,type=!item,type=!xp_orb] ^^^2",
          "/particle wesl3y:moku_white_out ^^2^3"
        ]
      }
    },
    "animation.fruit.moku3": {
      "loop": false,
      "animation_length": 1.0,
      "timeline": {
        "0.0": [
          "/tag @s add white_spark",
          "/playanimation @s animation.moku.white_spark wesl3y",
          "/summon wesl3y:moku_attack ^^^-2 ~ ~ wesl3y:white_spark"
        ],
        "0.1": [
          "/playanimation @s animation.moku.white_spark wesl3y"
        ],
        "0.2": [
          "/playanimation @s animation.moku.white_spark wesl3y",
          "/function damage/moku/white_spark"
        ],
        "0.3": [
          "/playanimation @s animation.moku.white_spark wesl3y"
        ],
        "0.4": [
          "/playanimation @s animation.moku.white_spark wesl3y",
          "/function damage/moku/white_spark"
        ],
        "0.5": [
          "/playanimation @s animation.moku.white_spark wesl3y"
        ],
        "0.6": [
          "/playanimation @s animation.moku.white_spark wesl3y",
          "/function damage/moku/white_spark"
        ],
        "0.7": [
          "/playanimation @s animation.moku.white_spark wesl3y"
        ],
        "0.8": [
          "/function damage/moku/white_spark"
        ],
        "0.9": [
          "/tag @s remove white_spark"
        ]
      }
    },
    "animation.fruit.moku4": {
      "loop": false,
      "animation_length": 1.6,
      "timeline": {
        "0.0": [
          "/tag @s add white_snake",
          "/playanimation @s animation.moku.white_snake wesl3y",
          "/summon wesl3y:moku_attack ^^^-2 ~ ~ wesl3y:white_snake"
        ],
        "0.1": [
          "/tp @e[type=wesl3y:moku_attack,family=white_snake] ^^1^2"
        ],
        "0.2": [
          "/tp @e[type=wesl3y:moku_attack,family=white_snake] ^^1^2"
        ],
        "0.3": [
          "/tp @e[type=wesl3y:moku_attack,family=white_snake] ^^1^3"
        ],
        "0.4": [
          "/tp @e[type=wesl3y:moku_attack,family=white_snake] ^^1^4"
        ],
        "0.5": [
          "/tp @e[type=wesl3y:moku_attack,family=white_snake] ^^1^5"
        ],
        "0.6": [
          "/tp @e[type=wesl3y:moku_attack,family=white_snake] ^^1^6"
        ],
        "0.7": [
          "/tp @e[type=wesl3y:moku_attack,family=white_snake] ^^1^7"
        ],
        "0.8": [
          "/tp @e[type=wesl3y:moku_attack,family=white_snake] ^^1^8"
        ],
        "0.9": [
          "/tp @e[type=wesl3y:moku_attack,family=white_snake] ^^1^9"
        ],
        "1.0": [
          "/tp @e[type=wesl3y:moku_attack,family=white_snake] ^^1^10"
        ],
        "1.1": [
          "/tp @e[type=wesl3y:moku_attack,family=white_snake] ^^1^11"
        ],
        "1.2": [
          "/tp @e[type=wesl3y:moku_attack,family=white_snake] ^^1^12"
        ],
        "1.3": [
          "/tp @e[type=wesl3y:moku_attack,family=white_snake] ^^1^13"
        ],
        "1.4": [
          "/tp @e[type=wesl3y:moku_attack,family=white_snake] ^^1^14"
        ],
        "1.5": [
          "/tag @s remove white_snake"
        ]
      }
    },
    "animation.fruit.leopard.claws": {
      "loop": false,
      "animation_length": 0.85,
      "timeline": {
        "0.0": [
          "/playanimation @s[tag=neko_leopard] animation.leopard.cat_claws.start wesl3y",
          "/playanimation @s[tag=!neko_leopard] animation.leopard2.cat_claws.start wesl3y"
        ],
        "0.15": [
          "/playanimation @s[tag=neko_leopard] animation.leopard.cat_claws.end wesl3y",
          "/playanimation @s[tag=!neko_leopard] animation.leopard2.cat_claws.end wesl3y",
          "/tag @s add cat_claws",
          "/playsound claws @a[r=5]",
          "/event entity @s wesl3y:leopard_projetil"
        ],
        "0.35": [
          "/tag @s remove cat_claws",
          "/playanimation @s[tag=neko_leopard] animation.leopard.cat_claws.end2 wesl3y",
          "/playanimation @s[tag=!neko_leopard] animation.leopard2.cat_claws.end2 wesl3y",
          "/tag @s add cat_claws2",
          "/playsound claws @a[r=5]",
          "/event entity @s wesl3y:leopard_projetil"
        ],
        "0.55": [
          "/tag @s remove cat_claws2",
          "/playanimation @s[tag=neko_leopard] animation.leopard.cat_claws.end3 wesl3y",
          "/playanimation @s[tag=!neko_leopard] animation.leopard2.cat_claws.end3 wesl3y",
          "/tag @s add cat_claws",
          "/playsound claws @a[r=5]",
          "/event entity @s wesl3y:leopard_projetil"
        ],
        "0.75": [
          "/tag @s remove cat_claws",
          "/playanimation @s[tag=neko_leopard] animation.leopard.cat_claws.end2 wesl3y",
          "/playanimation @s[tag=!neko_leopard] animation.leopard2.cat_claws.end2 wesl3y",
          "/tag @s add cat_claws2",
          "/playsound claws @a[r=5]",
          "/event entity @s wesl3y:leopard_projetil"
        ]
      }
    },
    "animation.fruit.leopard.kamisori": {
      "loop": false,
      "animation_length": 1.3,
      "timeline": {
        "0.0": [
          "/tag @s add kamisori",
          "/playanimation @s animation.leopard2.kamisori wesl3y",
          "/function damage/leopard/kamisori",
          "/function damage/leopard/kamisori_tp"
        ],
        "0.3": [
          "/playanimation @s animation.leopard2.kamisori2 wesl3y",
          "/function damage/leopard/kamisori",
          "/function damage/leopard/kamisori_tp2"
        ],
        "0.6": [
          "/playanimation @s animation.leopard2.kamisori3 wesl3y",
          "/function damage/leopard/kamisori",
          "/function damage/leopard/kamisori_tp",
          "/particle wesl3y:leopard_kamisori ^^1^1"
        ],
        "0.9": [
          "/playanimation @s animation.leopard2.kamisori4 wesl3y",
          "/function damage/leopard/kamisori",
          "/function damage/leopard/kamisori_tp2",
          "/particle wesl3y:leopard_kamisori ^^1^1"
        ],
        "1.1": [
          "/function damage/leopard/kamisori"
        ],
        "1.2": [
          "/tag @s remove kamisori"
        ]
      }
    },
    "animation.fruit.ope_kikoku.shambles_cut": {
      "loop": false,
      "animation_length": 1.3,
      "timeline": {
        "0.0": [
          "/summon wesl3y:ope_attack ~~~ ~~ wesl3y:shambles_cut",
          "/playanimation @s animation.ope.shambles_cut.start wesl3y"
        ],
        "0.2": [
          "/event entity @e[type=wesl3y:room] wesl3y:shambles_cut",
          "/playsound @a[r=7] teleport ~~~ 0.75",
          "/playanimation @s animation.ope.shambles_cut.end wesl3y"
        ],
        "0.4": [
          "/function damage/ope/shambles_cut",
          "/tag @e[c=1,r=2,tag=!shambles_cut,family=!attack,family=!inanimate,tag=!ope_fruit,type=!item,type=!xp_orb] add shambles_cut",
          "/execute at @e[r=3,tag=!shambles_cut,family=!attack,family=!inanimate,tag=!ope_fruit,type=!item,type=!xp_orb] run particle wesl3y:ope_shambles_cut ~~1~"
        ],
        "0.5": [
          "/event entity @e[type=wesl3y:room] wesl3y:shambles_cut",
          "/playsound @a[r=7] teleport ~~~ 0.75",
          "/playanimation @s animation.ope.shambles_cut.end2 wesl3y"
        ],
        "0.7": [
          "/function damage/ope/shambles_cut",
          "/tag @e[c=1,r=2,tag=!shambles_cut,family=!attack,family=!inanimate,tag=!ope_fruit,type=!item,type=!xp_orb] add shambles_cut",
          "/execute at @e[r=3,tag=!shambles_cut,family=!attack,family=!inanimate,tag=!ope_fruit,type=!item,type=!xp_orb] run particle wesl3y:ope_shambles_cut ~~1~"
        ],
        "0.8": [
          "/tag @e[tag=shambles_cut] remove shambles_cut",
          "/event entity @e[type=wesl3y:room] wesl3y:shambles_cut",
          "/playsound @a[r=7] teleport ~~~ 0.75",
          "/playanimation @s animation.ope.shambles_cut.end3 wesl3y"
        ],
        "1.0": [
          "/function damage/ope/shambles_cut",
          "/tag @e[c=1,r=2,tag=!shambles_cut,family=!attack,family=!inanimate,tag=!ope_fruit,type=!item,type=!xp_orb] add shambles_cut",
          "/execute at @e[r=3,tag=!shambles_cut,family=!attack,family=!inanimate,tag=!ope_fruit,type=!item,type=!xp_orb] run particle wesl3y:ope_shambles_cut2 ~~1~"
        ],
        "1.2": [
          "/tp @s @e[type=wesl3y:ope_attack,family=shambles_cut]"
        ]
      }
    },
    "animation.fruit.ope_kikoku.radio_knife": {
      "loop": false,
      "animation_length": 0.8,
      "timeline": {
        "0.0": [
          "/playanimation @s animation.ope.radio_knife.end wesl3y"
        ],
        "0.1": [
          "/tag @s add radio_knife",
          "/tag @s add attack_stunned",
          "/function damage/ope/radio_knife"
        ],
        "0.2": [
          "/effect @e[c=10,r=3,family=!attack,family=!inanimate,tag=!ope_fruit,type=!item,type=!xp_orb] slowness 3 2 true",
          "/execute at @e[c=10,r=3,family=!attack,family=!inanimate,tag=!ope_fruit,type=!item,type=!xp_orb] run particle wesl3y:ope_radio_knife",
          "/playanimation @e[c=10,r=3,family=!attack,family=!inanimate,tag=!ope_fruit,type=!item,type=!xp_orb] animation.radio_knife wesl3y",
          "/function damage/ope/radio_knife"
        ],
        "0.3": [
          "/function damage/ope/radio_knife"
        ],
        "0.4": [
          "/execute at @e[c=10,r=3,family=!attack,family=!inanimate,tag=!ope_fruit,type=!item,type=!xp_orb] run particle wesl3y:ope_radio_knife",
          "/function damage/ope/radio_knife"
        ],
        "0.5": [
          "/function damage/ope/radio_knife"
        ],
        "0.6": [
          "/execute at @e[c=10,r=3,family=!attack,family=!inanimate,tag=!ope_fruit,type=!item,type=!xp_orb] run particle wesl3y:ope_radio_knife",
          "/function damage/ope/radio_knife"
        ],
        "0.7": [
          "/tag @s remove radio_knife",
          "/tag @s remove attack_stunned"
        ]
      }
    },
    "animation.fruit.ope.shambles_blocks": {
      "loop": false,
      "animation_length": 0.9,
      "timeline": {
        "0.0": [
          "/playanimation @s animation.ope.shambles_blocks.end wesl3y"
        ],
        "0.2": [
          "/tag @s add shambles_blocks",
          "/event entity @s wesl3y:ope_projetil"
        ],
        "0.35": [
          "/tag @s remove shambles_blocks",
          "/tag @s add shambles_blocks2",
          "/event entity @s wesl3y:ope_projetil"
        ],
        "0.5": [
          "/tag @s remove shambles_blocks2",
          "/tag @s add shambles_blocks3",
          "/event entity @s wesl3y:ope_projetil"
        ],
        "0.65": [
          "/tag @s remove shambles_blocks3",
          "/tag @s add shambles_blocks4",
          "/event entity @s wesl3y:ope_projetil"
        ],
        "0.8": [
          "/tag @s remove shambles_blocks",
          "/tag @s remove shambles_blocks2",
          "/tag @s remove shambles_blocks3",
          "/tag @s remove shambles_blocks4"
        ]
      }
    },
    "animation.fruit.ope.counter_shock": {
      "loop": false,
      "animation_length": 0.8,
      "timeline": {
        "0.0": [
          "/playanimation @s animation.ope.counter_shock.end wesl3y"
        ],
        "0.1": [
          "/tag @s add counter_shock",
          "/tag @s add attack_stuned",
          "/function damage/ope/counter_shock"
        ],
        "0.3": [
          "/function damage/ope/counter_shock",
          "/effect @e[c=10,r=3,family=!attack,family=!inanimate,tag=!ope_fruit,type=!item,type=!xp_orb] slowness 4 2 true",
          "/execute as @e[r=4,tag=!ope_fruit,tag=!counter_shock,family=!attack,type=!item,type=!xp_orb] at @s run particle wesl3y:ope_counter_shock",
          "/particle wesl3y:ope_counter_shock ^^^2"
        ],
        "0.4": [
          "/function damage/ope/counter_shock"
        ],
        "0.5": [
          "/function damage/ope/counter_shock",
          "/execute as @e[r=4,tag=!ope_fruit,tag=!counter_shock,family=!attack,type=!item,type=!xp_orb] at @s run particle wesl3y:ope_counter_shock ~~0.25~",
          "/particle wesl3y:ope_counter_shock ^^^2"
        ],
        "0.6": [
          "/function damage/ope/counter_shock"
        ],
        "0.7": [
          "/tag @s remove counter_shock",
          "/tag @s remove attack_stuned"
        ]
      }
    },
    "animation.fruit.ope.gamma_knife": {
      "loop": false,
      "animation_length": 0.8,
      "timeline": {
        "0.0": [
          "/playsound teleport @a[r=10]"
        ],
        "0.2": [
          "/execute positioned ^^1^2 at @e[c=1,r=4,family=!attack,family=!inanimate,tag=!ope_fruit,type=!item,type=!xp_orb] run tp @p[tag=ope_fruit] ^^1^-1 facing @s",
          "/playanimation @s animation.ope.gamma_knife.end wesl3y"
        ],
        "0.4": [
          "/function damage/ope/gamma_knife"
        ],
        "0.5": [
          "/function damage/ope/gamma_knife",
          "/particle wesl3y:ope_gamma_knife2 ^^1^2"
        ],
        "0.6": [
          "/function damage/ope/gamma_knife"
        ]
      }
    },
    "animation.fruit.pika.light_kick": {
      "loop": false,
      "animation_length": 0.7,
      "timeline": {
        "0.0": [
          "/particle wesl3y:pika_beam ~~1~",
          "/playanimation @s animation.pika.light_kick.end wesl3y"
        ],
        "0.1": [
          "/execute as @s at @e[c=1,rm=1,r=20,type=!item,type=!xp_orb] run tp @s ^^^-1"
        ],
        "0.15": [
          "/execute if block ^^^-1 if block ^^1^-1 run tp @s ^^^-1 facing [c=1,rm=0.1,r=3,type=!item,type=!xp_orb]"
        ],
        "0.4": [
          "/tag @s add light_kick",
          "/particle wesl3y:pika_light_beam.smash ^^1^3",
          "/particle wesl3y:pika_light_beam.scale ^^1^3"
        ],
        "0.6": [
          "/summon wesl3y:pika_damage ^^1^3 ~~ wesl3y:light_kick",
          "/tag @s remove light_kick"
        ]
      }
    },
    "animation.fruit.pika.light_clones": {
      "loop": false,
      "animation_length": 1.4,
      "timeline": {
        "0.1": [
          "/tag @s add light_clones",
          "/playanimation @s animation.pika.light_rain.end wesl3y",
          "/playsound light_beam @a[r=5]",
          "/event entity @s wesl3y:pika_projetil"
        ],
        "0.4": [
          "/execute anchored eyes run particle wesl3y:pika_beam ^-0.5^^1",
          "/playsound light_beam @a[r=5]",
          "/event entity @s wesl3y:pika_projetil"
        ],
        "0.7": [
          "/execute anchored eyes run particle wesl3y:pika_beam ^-0.5^^1",
          "/playsound light_beam @a[r=5]",
          "/event entity @s wesl3y:pika_projetil"
        ],
        "1.0": [
          "/execute anchored eyes run particle wesl3y:pika_beam ^-0.5^^1",
          "/playsound light_beam @a[r=5]",
          "/event entity @s wesl3y:pika_projetil"
        ],
        "1.3": [
          "/execute anchored eyes run particle wesl3y:pika_beam ^-0.5^^1",
          "/playsound light_beam @a[r=5]",
          "/event entity @s wesl3y:pika_projetil"
        ]
      }
    },
    "animation.fruit.pika.light_rain": {
      "loop": false,
      "animation_length": 1.4,
      "timeline": {
        "0.1": [
          "/tag @s add light_rain",
          "/playanimation @s animation.pika.light_rain.end wesl3y",
          "/playsound light_beam @a[r=5]",
          "/event entity @s wesl3y:pika_projetil"
        ],
        "0.4": [
          "/execute anchored eyes run particle wesl3y:pika_beam ^-0.5^^1",
          "/playsound light_beam @a[r=5]",
          "/event entity @s wesl3y:pika_projetil"
        ],
        "0.7": [
          "/execute anchored eyes run particle wesl3y:pika_beam ^-0.5^^1",
          "/playsound light_beam @a[r=5]",
          "/event entity @s wesl3y:pika_projetil"
        ],
        "1.0": [
          "/execute anchored eyes run particle wesl3y:pika_beam ^-0.5^^1",
          "/playsound light_beam @a[r=5]",
          "/event entity @s wesl3y:pika_projetil"
        ],
        "1.3": [
          "/execute anchored eyes run particle wesl3y:pika_beam ^-0.5^^1",
          "/playsound light_beam @a[r=5]",
          "/event entity @s wesl3y:pika_projetil"
        ]
      }
    },
    "animation.fruit.pika.flash": {
      "loop": true,
      "animation_length": 0.01,
      "timeline": {
        "0.0": [
          "/playanimation @s animation.pika.light_flash wesl3y",
          "/execute if block ^^^0.75 air run tp @s ^^^0.9",
          "/effect @s invisibility 1 255 true"
        ]
      }
    },
    "animation.fruit.suna.ground_secco": {
      "loop": false,
      "animation_length": 1.7,
      "timeline": {
        "0.0": [
          "/playanimation @s animation.suna.ground_secco wesl3y",
          "/particle wesl3y:suna_ground_secco"
        ],
        "0.15": [
          "/playanimation @s animation.suna.ground_secco.loop wesl3y",
          "/function damage/suna/ground_secco_setblock1"
        ],
        "0.3": [
          "/playanimation @s animation.suna.ground_secco.loop wesl3y",
          "/function damage/suna/ground_secco_setblock2"
        ],
        "0.7": [
          "/playanimation @s animation.suna.ground_secco.loop wesl3y",
          "/function damage/suna/ground_secco_setblock3"
        ],
        "1.1": [
          "/playanimation @s animation.suna.ground_secco.loop wesl3y",
          "/function damage/suna/ground_secco_setblock4"
        ],
        "1.5": [
          "/tag @s add ground_secco",
          "/function damage/suna/ground_secco_setblock5",
          "/function damage/suna/ground_secco"
        ],
        "1.6": [
          "/tag @s remove ground_secco"
        ]
      }
    },
    "animation.fruit.phoenix.flames": {
      "loop": false,
      "animation_length": 0.5,
      "timeline": {
        "0.0": [
          "/particle wesl3y:phoenix_flames.smash",
          "/effect @e[r=4] instant_health 1 2 true"
        ],
        "0.2": [
          "/particle wesl3y:phoenix_flames.expansion ~~0.5~"
        ],
        "0.3": [
          "/particle wesl3y:phoenix_flames.expansion2 ~~2~",
          "/effect @s instant_health 1 2 true"
        ],
        "0.4": [
          "/particle wesl3y:phoenix_flames.expansion ~~2~",
          "/particle wesl3y:phoenix_flames.expansion2 ~~1~"
        ]
      }
    },
    "animation.fruit.phoenix.kick": {
      "loop": false,
      "animation_length": 0.9,
      "timeline": {
        "0.0": [
          "/playanimation @s animation.phoenix2.kick_phoenix wesl3y"
        ],
        "0.1": [
          "/effect @s[rx=-10,rxm=-90] levitation 1 3 true",
          "/effect @s[rx=35,rxm=-9] slow_falling 2 255 true",
          "/tag @s add phoenix_kick",
          "/execute at @s[rx=35,rxm=-9] run summon wesl3y:phoenix_attack ^^^-2 ~ ~ wesl3y:kick_phoenix",
          "/execute at @s[rx=-10,rxm=-90] run summon wesl3y:phoenix_attack ^^^-2 ~ ~ wesl3y:kick_phoenix2",
          "/execute at @s[rx=90,rxm=36] run summon wesl3y:phoenix_attack ^^^-2 ~ ~ wesl3y:kick_phoenix3"
        ],
        "0.15": [
          "/execute at @s[rx=35,rxm=-9] run summon wesl3y:phoenix_attack ^^^-2 ~ ~ wesl3y:kick_phoenix",
          "/execute at @s[rx=-10,rxm=-90] run summon wesl3y:phoenix_attack ^^^-2 ~ ~ wesl3y:kick_phoenix2"
        ],
        "0.2": [
          "/execute at @s[rx=35,rxm=-9] run summon wesl3y:phoenix_attack ^^^-2 ~ ~ wesl3y:kick_phoenix",
          "/execute at @s[rx=-10,rxm=-90] run summon wesl3y:phoenix_attack ^^^-2 ~ ~ wesl3y:kick_phoenix2"
        ],
        "0.25": [
          "/execute at @s[rx=35,rxm=-9] run summon wesl3y:phoenix_attack ^^^-2 ~ ~ wesl3y:kick_phoenix",
          "/execute at @s[rx=-10,rxm=-90] run summon wesl3y:phoenix_attack ^^^-2 ~ ~ wesl3y:kick_phoenix2",
          "/execute at @s[rx=90,rxm=36] run summon wesl3y:phoenix_attack ^^^-2 ~ ~ wesl3y:kick_phoenix3"
        ],
        "0.3": [
          "/execute at @s[rx=35,rxm=-9] run summon wesl3y:phoenix_attack ^^^-2 ~ ~ wesl3y:kick_phoenix",
          "/execute at @s[rx=-10,rxm=-90] run summon wesl3y:phoenix_attack ^^^-2 ~ ~ wesl3y:kick_phoenix2"
        ],
        "0.35": [
          "/execute at @s[rx=35,rxm=-9] run summon wesl3y:phoenix_attack ^^^-2 ~ ~ wesl3y:kick_phoenix",
          "/execute at @s[rx=-10,rxm=-90] run summon wesl3y:phoenix_attack ^^^-2 ~ ~ wesl3y:kick_phoenix2"
        ],
        "0.4": [
          "/execute at @s[rx=35,rxm=-9] run summon wesl3y:phoenix_attack ^^^-2 ~ ~ wesl3y:kick_phoenix",
          "/execute at @s[rx=-10,rxm=-90] run summon wesl3y:phoenix_attack ^^^-2 ~ ~ wesl3y:kick_phoenix2",
          "/execute at @s[rx=90,rxm=36] run summon wesl3y:phoenix_attack ^^^-2 ~ ~ wesl3y:kick_phoenix3"
        ],
        "0.8": [
          "/tag @s remove phoenix_kick"
        ]
      }
    },
    "animation.fruit.dragon.roar": {
      "loop": false,
      "animation_length": 1.5,
      "timeline": {
        "0.0": [
          "/camerashake add @a[r=20] 0.6 2 positional",
          "/playsound dragon_roar @a[r=30] ~~5~ 0.5",
          "/tag @s add dragon_roar"
        ],
        "0.3": [
          "/camerashake add @a[r=20] 0.6 2 positional"
        ],
        "0.6": [
          "/camerashake add @a[r=20] 0.6 2 positional"
        ],
        "0.9": [
          "/camerashake add @a[r=20] 0.6 2 positional"
        ],
        "1.2": [
          "/camerashake add @a[r=20] 0.6 2 positional"
        ]
      }
    },
    "animation.fruit.dragon.tatsumaki": {
      "loop": false,
      "animation_length": 1.5,
      "timeline": {
        "0.0": [
          "/camerashake add @a[r=20] 0.3 2 positional",
          "/particle wesl3y:expansion_white.big",
          "/particle wesl3y:dragon_tatsumaki",
          "/particle wesl3y:dragon_tatsumaki3",
          "/playsound dragon_tatsumaki @a[r=30] ~~5~ 0.75"
        ],
        "0.2": [
          "/camerashake add @a[r=20] 0.3 2 positional",
          "/execute positioned ~~3~-10 if block ~~~ air run summon wesl3y:dragon_attack ~~~ ~ ~ wesl3y:tatsumaki",
          "/particle wesl3y:expansion_white.big",
          "/playsound dragon_tatsumaki @a[r=30] ~~5~ 0.75"
        ],
        "0.4": [
          "/camerashake add @a[r=20] 0.3 2 positional",
          "/particle wesl3y:expansion_white.big",
          "/particle wesl3y:dragon_tatsumaki",
          "/particle wesl3y:dragon_tatsumaki3",
          "/playsound dragon_tatsumaki @a[r=30] ~~5~ 0.75"
        ],
        "0.6": [
          "/camerashake add @a[r=20] 0.3 2 positional",
          "/execute positioned ~~3~10 if block ~~~ air run summon wesl3y:dragon_attack ~~~ ~ ~ wesl3y:tatsumaki",
          "/particle wesl3y:expansion_white.big",
          "/playsound dragon_tatsumaki @a[r=30] ~~5~ 0.75"
        ],
        "0.8": [
          "/camerashake add @a[r=20] 0.3 2 positional",
          "/particle wesl3y:expansion_white.big",
          "/particle wesl3y:dragon_tatsumaki2",
          "/particle wesl3y:dragon_tatsumaki3",
          "/playsound dragon_tatsumaki @a[r=30] ~~5~ 0.75"
        ],
        "1.0": [
          "/camerashake add @a[r=20] 0.3 2 positional",
          "/execute positioned ~10~3~ if block ~~~ air run summon wesl3y:dragon_attack ~~~ ~ ~ wesl3y:tatsumaki",
          "/particle wesl3y:expansion_white.big",
          "/playsound dragon_tatsumaki @a[r=30] ~~5~ 0.75"
        ],
        "1.2": [
          "/camerashake add @a[r=20] 0.3 2 positional",
          "/particle wesl3y:expansion_white.big",
          "/particle wesl3y:dragon_tatsumaki",
          "/particle wesl3y:dragon_tatsumaki3",
          "/playsound dragon_tatsumaki @a[r=30] ~~5~ 0.75"
        ],
        "1.4": [
          "/camerashake add @a[r=20] 0.3 2 positional",
          "/execute positioned ~-10~3~ if block ~~~ air run summon wesl3y:dragon_attack ~~~ ~ ~ wesl3y:tatsumaki",
          "/particle wesl3y:expansion_white.big",
          "/particle wesl3y:dragon_tatsumaki ~~~",
          "/particle wesl3y:dragon_tatsumaki2 ~~~",
          "/particle wesl3y:dragon_tatsumaki3",
          "/particle wesl3y:dragon_tatsumaki3",
          "/playsound dragon_tatsumaki @a[r=30] ~~5~ 0.75"
        ]
      }
    },
    "animation.fruit.dragon2.tatsumaki": {
      "loop": false,
      "animation_length": 0.9,
      "timeline": {
        "0.4": [
          "/playsound dragon_roar @a[r=15] ~~2~ 0.5",
          "/playsound dragon_roar @a[rm=15,r=20] ~~2~ 0.3",
          "/playsound dragon_roar @a[rm=20,r=25] ~~2~ 0.1"
        ],
        "0.55": [
          "/particle wesl3y.slash_white.small ^^1^3",
          "/summon wesl3y:dragon_attack ^^1^3 ~~ wesl3y:tatsumaki",
          "/particle wesl3y:dragon_tatsumaki3",
          "/camerashake add @a[r=10] 0.6 3 positional"
        ],
        "0.65": [
          "/particle wesl3y:slash_white.small ^^1^7",
          "/summon wesl3y:dragon_attack ^^1^7 ~~ wesl3y:tatsumaki",
          "/particle wesl3y:dragon_tatsumaki3",
          "/camerashake add @a[r=10] 0.6 3 positional"
        ],
        "0.75": [
          "/particle wesl3y:slash_white.small ^^1^11",
          "/summon wesl3y:dragon_attack ^^1^11 ~~ wesl3y:tatsumaki",
          "/particle wesl3y:dragon_tatsumaki3",
          "/camerashake add @a[r=10] 0.6 3 positional"
        ],
        "0.8": [
          "/particle wesl3y:dragon_tatsumaki3"
        ]
      }
    },
    "animation.fruit.dragon.kaifu": {
      "loop": false,
      "animation_length": 1.9,
      "timeline": {
        "0.0": [
          "/playanimation @s[tag=uo_dragon] animation.dragon.kaifu.end wesl3y",
          "/playanimation @s[tag=!uo_dragon] animation.dragon2.kaifu.end wesl3y",
          "/tag @s[tag=uo_dragon] add kaifu",
          "/tag @s[tag=!uo_dragon] add kaifu2",
          "/event entity @s wesl3y:dragon_projetil",
          "/playsound dragon_kaifu @a[r=30] ~~5~ 0.75"
        ],
        "0.2": [
          "/event entity @s wesl3y:dragon_projetil",
          "/playsound dragon_kaifu @a[r=30] ~~5~ 0.75"
        ],
        "0.4": [
          "/event entity @s wesl3y:dragon_projetil",
          "/playsound dragon_kaifu @a[r=30] ~~5~ 0.75"
        ],
        "0.6": [
          "/event entity @s wesl3y:dragon_projetil",
          "/playsound dragon_kaifu @a[r=30] ~~5~ 0.75"
        ],
        "0.8": [
          "/event entity @s wesl3y:dragon_projetil",
          "/playsound dragon_kaifu @a[r=30] ~~5~ 0.75"
        ],
        "1.0": [
          "/event entity @s wesl3y:dragon_projetil",
          "/playsound dragon_kaifu @a[r=30] ~~5~ 0.75"
        ],
        "1.2": [
          "/event entity @s wesl3y:dragon_projetil",
          "/playsound dragon_kaifu @a[r=30] ~~5~ 0.75"
        ],
        "1.4": [
          "/event entity @s wesl3y:dragon_projetil",
          "/playsound dragon_kaifu @a[r=30] ~~5~ 0.75"
        ],
        "1.6": [
          "/event entity @s wesl3y:dragon_projetil",
          "/playsound dragon_kaifu @a[r=30] ~~5~ 0.75"
        ],
        "1.8": [
          "/event entity @s wesl3y:dragon_projetil",
          "/playsound dragon_kaifu @a[r=30] ~~5~ 0.75"
        ]
      }
    },
    "animation.fruit.yami.black_hole": {
      "loop": false,
      "animation_length": 2.4,
      "timeline": {
        "0.0": [
          "/playanimation @s animation.yami.black_hole wesl3y"
        ],
        "0.1": [
          "/particle wesl3y:yami_black_hole ~~0.2~",
          "/playsound yami_black_hole @a[r=17] ~~~ 0.3"
        ],
        "0.2": [
          "/tag @s add attack_stunned",
          "/tag @s add black_hole"
        ],
        "0.3": [
          "/playanimation @s animation.yami.black_hole.loop wesl3y",
          "/particle wesl3y:yami_black_hole ~~0.2~",
          "/particle wesl3y:yami_black_hole2 ~~0.2~",
          "/playsound yami_black_hole @a[r=17] ~~~ 0.3"
        ],
        "0.5": [
          "/particle wesl3y:yami_black_hole",
          "/playsound yami_black_hole @a[r=17] ~~~ 0.3"
        ],
        "0.7": [
          "/playanimation @s animation.yami.black_hole.loop wesl3y",
          "/particle wesl3y:yami_black_hole ~~0.2~",
          "/particle wesl3y:yami_black_hole2 ~~0.2~",
          "/playsound yami_black_hole @a[r=17] ~~~ 0.3"
        ],
        "0.9": [
          "/particle wesl3y:yami_black_hole",
          "/playsound yami_black_hole @a[r=17] ~~~ 0.3"
        ],
        "1.1": [
          "/playanimation @s animation.yami.black_hole.loop wesl3y",
          "/particle wesl3y:yami_black_hole ~~0.2~",
          "/particle wesl3y:yami_black_hole2 ~~0.2~",
          "/playsound yami_black_hole @a[r=17] ~~~ 0.3"
        ],
        "1.3": [
          "/particle wesl3y:yami_black_hole",
          "/playsound yami_black_hole @a[r=17] ~~~ 0.3"
        ],
        "1.5": [
          "/playanimation @s animation.yami.black_hole.loop wesl3y",
          "/particle wesl3y:yami_black_hole ~~0.2~",
          "/particle wesl3y:yami_black_hole2 ~~0.2~",
          "/playsound yami_black_hole @a[r=17] ~~~ 0.3"
        ],
        "1.7": [
          "/particle wesl3y:yami_black_hole",
          "/playsound yami_black_hole @a[r=17] ~~~ 0.3"
        ],
        "1.9": [
          "/playanimation @s animation.yami.black_hole.loop wesl3y",
          "/particle wesl3y:yami_black_hole ~~0.2~",
          "/particle wesl3y:yami_black_hole2 ~~0.2~",
          "/playsound yami_black_hole @a[r=17] ~~~ 0.3"
        ],
        "2.1": [
          "/playsound yami_black_hole @a[r=17] ~~~ 0.3"
        ],
        "2.2": [
          "/particle wesl3y:yami_black_hole"
        ],
        "2.3": [
          "/tag @s remove black_hole",
          "/tag @s remove attack_stunned",
          "/scoreboard players add @s[scores={charge=!15..}] charge 5",
          "/tellraw @s{\"rawtext\":[{\"text\":\"Yami Blocks: \"},{\"score\":{\"name\":\"@s\",\"objective\":\"charge\"}}]}"
        ]
      }
    },
    "animation.fruit.yami.liberation": {
      "loop": true,
      "animation_length": 0.3,
      "timeline": {
        "0.0": [
          "/playanimation @s animation.yami.liberation.loop wesl3y",
          "/tag @s add liberation",
          "/execute as @s[scores={charge=1..}] run particle wesl3y:yami_kurouzu ^-1^1.25^1",
          "/event entity @s[scores={charge=1..}] wesl3y:yami_projetil",
          "/scoreboard players remove @s[scores={charge=1..}] charge 1"
        ]
      }
    },
    "animation.fruit.elephant.smash": {
      "loop": false,
      "animation_length": 0.8,
      "timeline": {
        "0.0": [
          "/playanimation @s animation.elephant2.smash wesl3y",
          "/particle wesl3y:elephant_heavy_paws ~~1~",
          "/tag @s add elephant_smash",
          "/function damage/elephant/elephant_smash",
          "/function damage/elephant/elephant_smash_2"
        ],
        "0.1": [
          "/function damage/elephant/elephant_smash",
          "/function damage/elephant/elephant_smash_2"
        ],
        "0.2": [
          "/particle wesl3y:elephant_heavy_paws ~~1~",
          "/function damage/elephant/elephant_smash",
          "/function damage/elephant/elephant_smash_2"
        ],
        "0.3": [
          "/function damage/elephant/elephant_smash2",
          "/function damage/elephant/elephant_smash2_2"
        ],
        "0.4": [
          "/particle wesl3y:elephant_heavy_paws ~~1~",
          "/function damage/elephant/elephant_smash2",
          "/function damage/elephant/elephant_smash2_2"
        ],
        "0.5": [
          "/function damage/elephant/elephant_smash2",
          "/function damage/elephant/elephant_smash2_2"
        ],
        "0.6": [
          "/function damage/elephant/elephant_smash2",
          "/function damage/elephant/elephant_smash2_2"
        ],
        "0.7": [
          "/tag @s remove elephant_smash"
        ]
      }
    },
    "animation.fruit.elephant.heavy_paws": {
      "loop": false,
      "animation_length": 1.3,
      "timeline": {
        "0.0": [
          "/playanimation @s animation.elephant.heavy_paws wesl3y"
        ],
        "0.5": [
          "/camerashake add @a[r=6] 0.2 2 positional",
          "/particle wesl3y:elephant_heavy_paws ~~1~",
          "/tag @s add heavy_paws",
          "/function damage/elephant/heavy_paws",
          "/function damage/elephant/heavy_paws_2"
        ],
        "0.6": [
          "/particle wesl3y:elephant_heavy_paws ~~1~",
          "/function damage/elephant/heavy_paws",
          "/function damage/elephant/heavy_paws_2"
        ],
        "0.7": [
          "/function damage/elephant/heavy_paws2",
          "/function damage/elephant/heavy_paws2_2"
        ],
        "0.8": [
          "/function damage/elephant/heavy_paws2",
          "/function damage/elephant/heavy_paws2_2"
        ],
        "0.9": [
          "/function damage/elephant/heavy_paws2",
          "/function damage/elephant/heavy_paws2_2"
        ],
        "1.0": [
          "/function damage/elephant/heavy_paws2",
          "/function damage/elephant/heavy_paws2_2"
        ],
        "1.1": [
          "/function damage/elephant/heavy_paws2",
          "/function damage/elephant/heavy_paws2_2"
        ],
        "1.2": [
          "/tag @s remove heavy_paws"
        ]
      }
    },
    "animation.fruit.elephant.disaster": {
      "loop": false,
      "animation_length": 2.1,
      "timeline": {
        "0.0": [
          "/particle wesl3y:elephant_disaster ~~1~",
          "/tag @s add disaster"
        ],
        "0.1": [
          "/camerashake add @a[r=5] 0.2 2 positional",
          "/particle wesl3y:elephant_disaster ~~1~",
          "/summon wesl3y:elephant_attack ^^^-2 ~ ~ wesl3y:disaster"
        ],
        "0.2": [
          "/summon wesl3y:elephant_attack ^^^-2 ~ ~ wesl3y:disaster"
        ],
        "0.3": [
          "/particle wesl3y:elephant_disaster ~~1~",
          "/summon wesl3y:elephant_attack ^^^-2 ~ ~ wesl3y:disaster"
        ],
        "0.4": [
          "/camerashake add @a[r=5] 0.2 2 positional",
          "/summon wesl3y:elephant_attack ^^^-2 ~ ~ wesl3y:disaster"
        ],
        "0.5": [
          "/particle wesl3y:elephant_disaster ~~1~",
          "/summon wesl3y:elephant_attack ^^^-2 ~ ~ wesl3y:disaster"
        ],
        "0.6": [
          "/summon wesl3y:elephant_attack ^^^-2 ~ ~ wesl3y:disaster"
        ],
        "0.7": [
          "/camerashake add @a[r=5] 0.2 2 positional",
          "/particle wesl3y:elephant_disaster ~~1~",
          "/summon wesl3y:elephant_attack ^^^-2 ~ ~ wesl3y:disaster"
        ],
        "0.8": [
          "/summon wesl3y:elephant_attack ^^^-2 ~ ~ wesl3y:disaster"
        ],
        "0.9": [
          "/particle wesl3y:elephant_disaster ~~1~",
          "/summon wesl3y:elephant_attack ^^^-2 ~ ~ wesl3y:disaster"
        ],
        "1.0": [
          "/camerashake add @a[r=5] 0.2 2 positional",
          "/summon wesl3y:elephant_attack ^^^-2 ~ ~ wesl3y:disaster"
        ],
        "1.1": [
          "/particle wesl3y:elephant_disaster ~~1~",
          "/summon wesl3y:elephant_attack ^^^-2 ~ ~ wesl3y:disaster"
        ],
        "1.2": [
          "/summon wesl3y:elephant_attack ^^^-2 ~ ~ wesl3y:disaster"
        ],
        "1.3": [
          "/camerashake add @a[r=5] 0.2 2 positional",
          "/particle wesl3y:elephant_disaster ~~1~",
          "/summon wesl3y:elephant_attack ^^^-2 ~ ~ wesl3y:disaster"
        ],
        "1.4": [
          "/summon wesl3y:elephant_attack ^^^-2 ~ ~ wesl3y:disaster"
        ],
        "1.5": [
          "/particle wesl3y:elephant_disaster ~~1~",
          "/summon wesl3y:elephant_attack ^^^-2 ~ ~ wesl3y:disaster"
        ],
        "1.6": [
          "/camerashake add @a[r=5] 0.2 2 positional",
          "/summon wesl3y:elephant_attack ^^^-2 ~ ~ wesl3y:disaster"
        ],
        "1.7": [
          "/particle wesl3y:elephant_disaster ~~1~",
          "/summon wesl3y:elephant_attack ^^^-2 ~ ~ wesl3y:disaster"
        ],
        "1.8": [
          "/summon wesl3y:elephant_attack ^^^-2 ~ ~ wesl3y:disaster"
        ],
        "1.9": [
          "/camerashake add @a[r=5] 0.2 2 positional",
          "/particle wesl3y:elephant_disaster ~~1~",
          "/summon wesl3y:elephant_attack ^^^-2 ~ ~ wesl3y:disaster"
        ],
        "2.0": [
          "/tag @s remove disaster"
        ]
      }
    }
  }
}