{
    "format_version":    "1.16.100",
    "minecraft:item":  {
        "description":  {
            "category": "nature",
            "identifier":  "jedy:tenseigan3"
        },
        "components":  {
            "minecraft:max_stack_size":  1,
            "minecraft:enchantable":  {
                "value":  10,
                "slot":  "armor_head"
            },
            "minecraft:damageable":  {
                "max_damage":  10000000,
                "damage_chance":  {
                    "min":  10000000,
                    "max":  10000000
                },
                "repair_items":  [
                    "minecraft:diamond",
                    "minecraft:diamond"
                ]
            },
            "minecraft:icon": {
                "texture": "tenseigan3"
            },
            "minecraft:display_name": {
    "value":"§l§c Tenseigan \n§a✪Raridade: §a Lendário\n§8✪Nível: 3\n§bFase: 2"
            },
            "minecraft:armor":  {
                "protection":  30
            },
            "minecraft:wearable":  {
                "slot":  "slot.armor.head"
            },
	  "minecraft:on_use": {
		"on_use": {
		  "event": "jedy"
		}
	  }
    },
    "events": {
	  "jedy": {
		"run_command": {
		  "command": [
		    "function tenseigan3"
		  ]
	    }
	  }
        }
    }
}