{
  "format_version": "1.10.0",
  "minecraft:attachable": {
    "description": {
      "identifier": "stk:moku",
      "materials": {
        "default": "elytra",
        "enchanted": "elytra_glint"
      },
      "textures": {
        "default": "textures/fruits/moku/mokuframe1",
        "a2": "textures/fruits/moku/mokuframe2",
        "a3": "textures/fruits/moku/mokuframe3",
        "a4": "textures/fruits/moku/mokuframe4",
        "a5": "textures/fruits/moku/mokuframe5",
        "a6": "textures/fruits/moku/mokuframe6",
        "a7": "textures/fruits/moku/mokuframe7",
        "a8": "textures/fruits/moku/mokuframe8"
      },
      "scripts": {
        "pre_animation": [
          "variable.charge_amount = math.clamp((query.main_hand_item_max_duration - (query.main_hand_item_use_duration - query.frame_alpha + 1.0)) / 10.0, 0.0, 1.0f);"
        ]
      },
      "geometry": {
        "default": "geometry.moku"
      },
      "render_controllers": [ "controller.render.fruit_frame" ]
    }
  }
}