{
  "format_version": "1.10.0",
  "minecraft:attachable": {
    "description": {
      "identifier": "stk:tori",
      "materials": {
        "default": "elytra",
        "enchanted": "elytra_glint"
      },
      "textures": {
        "default": "textures/fruits/tori/tori_frame1",
        "a2": "textures/fruits/tori/tori_frame2",
        "a3": "textures/fruits/tori/tori_frame3",
        "a4": "textures/fruits/tori/tori_frame4",
        "a5": "textures/fruits/tori/tori_frame5",
        "a6": "textures/fruits/tori/tori_frame6",
        "a7": "textures/fruits/tori/tori_frame7",
        "a8": "textures/fruits/tori/tori_frame8"
      },
      "animations": {
        "default_controller": "controller.animation.akumanomi",
    "segurando": "animation.tori.stop",
    "andando": "animation.tori.stop",
    "comendo": "animation.tori.stop"
      },
      "scripts": {
        "pre_animation": [
          "variable.charge_amount = math.clamp((query.main_hand_item_max_duration - (query.main_hand_item_use_duration - query.frame_alpha + 1.0)) / 10.0, 0.0, 1.0f);"],
           "animate": [
          "default_controller"
        ]
      },
      "geometry": {
        "default": "geometry.tori"
      },
      "render_controllers": [ "controller.render.fruit_frame" ]
    }
  }
}



