{
  "format_version": "1.10.0",
  "particle_effect": {
    "description": {
      "identifier": "wesl3y:sprint",
      "basic_render_parameters": {
        "material": "particles_blend",
        "texture": "textures/particle/particles12"
      }
    },
    "components": {
      "minecraft:emitter_rate_instant": {
        "num_particles": 22
      },
      "minecraft:emitter_lifetime_once": {},
      "minecraft:emitter_shape_point": {
        "offset": ["math.random(-0.75, 0.75)", "math.random(0, 1.75)", "math.random(-0.75, 0.75)"]
      },
      "minecraft:particle_lifetime_expression": {
        "max_lifetime": 0.9
      },
      "minecraft:particle_initial_speed": 0.5,
      "minecraft:particle_motion_dynamic": {},
      "minecraft:particle_appearance_billboard": {
        "size": ["0.7 - (variable.particle_age * 0.25)", 0.05],
        "facing_camera_mode": "rotate_xyz",
        "uv": {
          "texture_width": 32,
          "texture_height": 32,
          "uv": [0, 0],
          "uv_size": [32, 32]
        }
      },
      "minecraft:particle_appearance_tinting": {
        "color": [0, 0, 0, 0.5]
      }
    }
  }
}