{
	"format_version": "1.16.100",
	"minecraft:item": {
		"description": {
			"identifier": "jedy:roupa_clan_uchiha",
			"category": "equipment"
		},
		"components": {
    "minecraft:render_offsets": {
        "main_hand": {
            "first_person": { 
                "scale": [0.002,0.002,0.002]
            },
            "third_person": { 
                "scale": [0.01,0.01,0.01]
            }
        }
    },
			"minecraft:creative_category": {
				"parent": "itemGroup.name.chestplate"
			},
			 "minecraft:icon": {
				"texture": "roupa_clan_uchiha"
			},
			"minecraft:max_stack_size": 1,
			"minecraft:allow_off_hand": true,
			"minecraft:display_name":  {"value":"§l§c Traje Uchiha \n§a✪Raridade: §o Raro\n§8✪Obtenção: Compra \n§bDurabilidade: Médio"
            },
			"minecraft:enchantable": {
				"value": 30,
				"slot": "armor_torso"
			},
			"minecraft:durability": {
				"max_durability": 5000,
					"damage_chance": {
					"min": 5,
					"max": 10
				}
			},
			"minecraft:knockback_resistance": {
				"protection": 1
			},
			"minecraft:armor": {
				"protection": 3
			},
			"minecraft:wearable": {
				"slot": "slot.armor.chest"
			}
		}
	}
}