{
	"format_version": "1.10.0",
	"particle_effect": {
		"description": {
			"identifier": "ds:fear_aura",
			"basic_render_parameters": {
				"material": "particles_blend",
				"texture": "textures/particle/particles"
			}
		},
		"curves": {
			"v.sand_move": {
				"type": "linear",
				"input": "v.particle_lifetime",
				"horizontal_range": 1,
				"nodes": [0, 572.99, -626.07, 0]
			}
		},
		"components": {
			"minecraft:emitter_initialization": {
				"creation_expression": "variable.radius = 2;v.moveneg = (variable.particle_random_2 * -1);"
			},
			"minecraft:emitter_rate_steady": {
				"spawn_rate": 400,
				"max_particles": 10000
			},
			"minecraft:emitter_lifetime_once": {
				"active_time": 0.1
			},
			"minecraft:emitter_shape_point": {
				"direction": ["math.random((variable.particle_random_2 *40),(variable.particle_random_2 *-40))", 10, "math.random((variable.particle_random_2 *40),(variable.particle_random_2 *-40))"]
			},
			"minecraft:particle_lifetime_expression": {
				"max_lifetime": 2
			},
			"minecraft:particle_initial_speed": "variable.particle_random_2 * 8",
			"minecraft:particle_motion_dynamic": {
				"linear_acceleration": ["math.random((variable.particle_random_2 *5),(variable.particle_random_2 *-5))", 20, "math.random((variable.particle_random_2 *5),(variable.particle_random_2 *-5))"],
				"linear_drag_coefficient": "math.random(1,3)"
			},
			"minecraft:particle_appearance_billboard": {
				"size": ["0.2 - (variable.particle_age * 0.1)", "0.2 - (variable.particle_age * 0.1)"],
				"facing_camera_mode": "rotate_xyz",
				"uv": {
					"texture_width": 128,
					"texture_height": 128,
					"flipbook": {
						"base_UV": [56, 0],
						"size_UV": [8, 8],
						"step_UV": [-8, 0],
						"frames_per_second": 8,
						"max_frame": 8
					}
				}
			},
			"minecraft:particle_motion_collision": {
				"enabled": 1
			},
			"minecraft:particle_appearance_tinting": {
				"color": {
					"interpolant": "variable.particle_random_2",
					"gradient": {
						"0.0": "#FFFFD8B4",
						"0.15": "#FF000000",
						"0.41": "#FF290F0F",
						"0.9": "#FF851414",
						"1.0": "#FFAD2828"
					}
				}
			}
		}
	}
}