{
  "format_version": "1.10.0",
  "animation_controllers": {
	"controller.animation.fly_ride": {
	  "states": {
		"default": {
		  "transitions": [
			{ 
			  "flying": "query.has_rider"
			}
		  ]
		},
		"flying": {
		  "animations": [
		    {"fly": "query.ground_speed < 4"},
		    {"fly2": "!query.is_on_ground && query.ground_speed > 4"}
		  ],
		  "transitions": [
			{
			  "default": "!query.has_rider"
			}
		  ],
		  "on_exit": [
		    "/event entity @s wesl3y:despawn"
		  ]
		}
	  }
	},
    "controller.animation.in_block": {
      "states": {
        "default": {
          "transitions": [
            {
              "block": "(1.0)"
            }
          ]
        },
        "block": {
          "transitions": [
            {
              "default": "(1.0)"
            }
          ],
          "on_entry": [
            "/execute unless block ~~~ air run event entity @s wesl3y:explode"
          ]
        }
      }
    },
    "controller.animation.spawn": {
      "initial_state": "default",
      "states": {
        "default": {
          "transitions": [
            {
              "bau": "q.mark_variant == 0 && q.is_on_ground || q.is_in_water"
            }
          ]
        },
        "bau": {
          "transitions": [
            {
              "default": "!q.is_alive"
            }
          ],
          "on_entry": [
            "/event entity @s wesl3y:chest_fruit2"
          ]
        }
      }
    },
    "controller.animation.arlong": {
      "states": {
        "default": {
          "transitions": [
            { "combo1": "q.mark_variant == 1 && q.has_target"},
            { "combo2": "q.mark_variant == 2 && q.has_target"},
            { "special": "q.mark_variant == 3 && q.has_target"}
          ],
          "on_entry": [
            "/inputpermission set @s[tag=!king_target] movement enabled",
            "@s dboa"
          ]
        },
        "combo1": {
          "animations": ["combo1"],
          "transitions": [
            { "default": "q.all_animations_finished"}
          ],
          "on_exit": [
            "@s dboa"
          ]
        },
        "combo2": {
          "animations": ["combo2"],
          "transitions": [
            { "default": "q.all_animations_finished"}
          ],
          "on_exit": [
            "@s dboa"
          ]
        },
        "special": {
          "animations": ["special"],
          "transitions": [
            { "default": "q.all_animations_finished"}
          ],
          "on_exit": [
            "@s dboa"
          ]
        }
      }
    },
    "controller.animation.buggy": {
      "states": {
        "default": {
          "transitions": [
            { "combo2": "q.mark_variant == 2 && q.has_target"}
          ],
          "on_entry": [
            "/inputpermission set @s[tag=!king_target] movement enabled",
            "@s dboa"
          ]
        },
        "combo2": {
          "animations": ["combo2"],
          "transitions": [
            { "default": "q.all_animations_finished"}
          ],
          "on_exit": [
            "@s dboa"
          ]
        }
      }
    },
    "controller.animation.chew": {
      "states": {
        "default": {
          "transitions": [
            { "combo1": "q.mark_variant == 1 && q.has_target"}
          ],
          "on_entry": [
            "/inputpermission set @s[tag=!king_target] movement enabled",
            "@s dboa"
          ]
        },
        "combo1": {
          "animations": ["combo1"],
          "transitions": [
            { "default": "q.all_animations_finished"}
          ],
          "on_exit": [
            "@s dboa"
          ]
        }
      }
    },
    "controller.animation.don_krieg": {
      "states": {
        "default": {
          "transitions": [
            { "combo1": "q.mark_variant == 1 && q.has_target"}
          ],
          "on_entry": [
            "/inputpermission set @s[tag=!king_target] movement enabled",
            "@s dboa"
          ]
        },
        "combo1": {
          "animations": ["combo1"],
          "transitions": [
            { "default": "q.all_animations_finished"}
          ],
          "on_exit": [
            "@s dboa"
          ]
        }
      }
    },
    "controller.animation.gin": {
      "states": {
        "default": {
          "transitions": [
            { "combo1": "q.mark_variant == 1 && q.has_target"}
          ],
          "on_entry": [
            "/inputpermission set @s[tag=!king_target] movement enabled",
            "@s dboa"
          ]
        },
        "combo1": {
          "transitions": [
            { "default": "!q.is_alive"},
            { "combo1_2": "!q.is_on_ground"}
          ],
          "on_entry": [
            "/inputpermission set @s movement disabled",
            "/particle wesl3y:geppo",
            "/playanimation @s animation.gin.combo1.start wesl3y",
            "/tag @s add jump2_3",
            "/playsound geppo @a[r=5] ~~~ 0.5",
            "/playsound geppo @a[rm=5,r=8] ~~~ 0.3",
            "/playsound geppo @a[rm=8,r=12] ~~~ 0.1"
          ]
        },
        "combo1_2": {
          "transitions": [
            { "default": "!q.is_alive"},
            { "combo1_3": "q.is_on_ground"}
          ]
        },
        "combo1_3": {
          "animations": ["combo1"],
          "transitions": [
            { "default": "q.all_animations_finished"}
          ],
          "on_entry": [
            "/playanimation @s animation.gin.combo1.end wesl3y"
          ],
          "on_exit": [
            "@s dboa"
          ]
        }
      }
    },
    "controller.animation.katakuri": {
      "states": {
        "default": {
          "transitions": [
            { "mogura": "query.mark_variant == 0 && query.get_equipped_item_name!='mogura'"},
            { "no_mogura": "query.get_equipped_item_name=='mogura' && query.mark_variant == 4"},
            { "combo1": "query.mark_variant == 1"},
            { "combo2": "query.mark_variant == 2"},
            { "combo3": "query.mark_variant == 3"},
            { "special": "query.mark_variant == 4"}
          ]
        },
        "mogura": {
          "transitions": [
            { "default": "query.get_equipped_item_name=='mogura'"}
          ],
          "on_entry": [
            "/replaceitem entity @s slot.weapon.mainhand 0 wesl3y:mogura"
          ]
        },
        "no_mogura": {
          "transitions": [
            { "default": "query.get_equipped_item_name!='mogura'"}
          ],
          "on_entry": [
            "/replaceitem entity @s slot.weapon.mainhand 0 air"
          ]
        },
        "combo1": {
          "animations": ["timer.0_75"],
          "transitions": [
            { "combo1_2": "query.all_animations_finished"}
          ],
          "on_entry": [
            "/playanimation @s animation.mochi.yaki_mochi",
            "/event entity @s combo1_2"
          ]
        },
        "combo1_2": {
          "animations": ["combo"],
          "transitions": [
            { "default": "query.all_animations_finished"}
          ],
          "on_entry": [
            "/event entity @s combo"
          ],
          "on_exit": [
            "/event entity @s dboa"
          ]
        },
        "combo2": {
          "animations": ["combo"],
          "transitions": [
            { "combo2_2": "query.all_animations_finished"}
          ],
          "on_entry": [
            "/event entity @s combo"
          ],
          "on_exit": [
            "/event entity @s remove_combo"
          ]
        },
        "combo2_2": {
          "animations": ["combo2"],
          "transitions": [
            { "default": "query.all_animations_finished"}
          ],
          "on_exit": [
            "/event entity @s dboa"
          ]
        },
        "combo3": {
          "animations": ["combo"],
          "transitions": [
            { "combo3_2": "query.all_animations_finished"}
          ],
          "on_entry": [
            "/event entity @s combo"
          ],
          "on_exit": [
            "/event entity @s remove_combo"
          ]
        },
        "combo3_2": {
          "animations": ["timer.4_0"],
          "transitions": [
            { "default": "query.all_animations_finished"}
          ],
          "on_entry": [
            "/summon wesl3y:katakuri_attack2 ^^1^2 ~ ~ wesl3y:anemone_mochi"
          ],
          "on_exit": [
            "/event entity @s dboa"
          ]
        },
        "special": {
          "animations": ["special"],
          "transitions": [
            { "default": "query.all_animations_finished"}
          ],
          "on_exit": [
            "/event entity @s dboa"
          ]
        }
      }
    },
    "controller.animation.kuroobi": {
      "states": {
        "default": {
          "transitions": [
            { "combo1": "q.mark_variant == 1 && q.has_target"}
          ],
          "on_entry": [
            "/inputpermission set @s[tag=!king_target] movement enabled",
            "/tag @s remove attack_stunned",
            "@s dboa"
          ]
        },
        "combo1": {
          "animations": ["combo1"],
          "transitions": [
            { "default": "q.all_animations_finished"}
          ],
          "on_exit": [
            "@s dboa"
          ]
        }
      }
    },
    "controller.animation.mihawk": {
      "states": {
        "default": {
          "transitions": [
            { "combo1": "q.mark_variant == 1 && q.has_target"},
            { "combo2": "q.mark_variant == 2 && q.has_target"},
            { "special": "q.mark_variant == 3 && q.has_target"}
          ],
          "on_entry": [
            "/inputpermission set @s[tag=!king_target] movement enabled",
            "@s dboa"
          ]
        },
        "combo1": {
          "animations": ["timer.0_25"],
          "transitions": [
            { "combo1_2": "q.all_animations_finished"}
          ],
          "on_entry": [
            "/playanimation @s animation.yoru.attack3 wesl3y",
            "/summon wesl3y:mihawk_attack ~~~ ~~ wesl3y:impulse"
          ]
        },
        "combo1_2": {
          "animations": ["combo1"],
          "transitions": [
            { "default": "q.all_animations_finished"}
          ],
          "on_exit": [
            "@s dboa"
          ]
        },
        "combo2": {
          "animations": ["combo2"],
          "transitions": [
            { "default": "q.all_animations_finished"}
          ],
          "on_exit": [
            "@s dboa"
          ]
        },
        "special": {
          "animations": ["special"],
          "transitions": [
            { "special2": "q.all_animations_finished"}
          ]
        },
        "special2": {
          "animations": ["special2"],
          "transitions": [
            { "default": "q.all_animations_finished"}
          ],
          "on_exit": [
            "@s dboa"
          ]
        }
      }
    },
    "controller.animation.sanji": {
      "states": {
        "default": {
          "transitions": [
            { "combo1": "q.mark_variant == 1 && q.has_target"},
            { "combo2": "q.mark_variant == 2 && q.has_target"}
          ],
          "on_entry": [
            "/inputpermission set @s[tag=!king_target] movement enabled",
            "@s dboa"
          ]
        },
        "combo1": {
          "transitions": [
            { "default": "!q.is_alive"},
            { "combo1_2": "!q.is_on_ground"}
          ],
          "on_entry": [
            "/inputpermission set @s movement disabled",
            "/particle wesl3y:geppo",
            "/playanimation @s animation.gin.combo1.start wesl3y",
            "/tag @s add jump2_3",
            "/playsound geppo @a[r=5] ~~~ 0.5",
            "/playsound geppo @a[rm=5,r=8] ~~~ 0.3",
            "/playsound geppo @a[rm=8,r=12] ~~~ 0.1"
          ]
        },
        "combo1_2": {
          "transitions": [
            { "default": "!q.is_alive"},
            { "combo1_3": "q.is_on_ground"}
          ]
        },
        "combo1_3": {
          "animations": ["combo1"],
          "transitions": [
            { "default": "q.all_animations_finished"}
          ],
          "on_entry": [
            "/playanimation @s animation.gin.combo1.end wesl3y"
          ],
          "on_exit": [
            "@s dboa"
          ]
        },
        "combo2": {
          "animations": ["combo2"],
          "transitions": [
            { "default": "!q.is_alive"},
            { "default": "q.all_animations_finished"}
          ],
          "on_exit": [
            "@s dboa"
          ]
        }
      }
    }
  }
}