{
  "format_version": "1.10.0",
  "animation_controllers": {
    "controller.animation.use_style": {
      "states": {
        "default": {
          "transitions": [
            {"blacklegShoot": "q.get_equipped_item_name=='black_leg' && q.property('wesl3y:skill') == 1"},
            {"blacklegConcasser": "q.get_equipped_item_name=='black_leg' && q.property('wesl3y:skill') == 2 && q.is_on_ground"},
            {"blacklegConcasser2": "q.get_equipped_item_name=='black_leg' && q.property('wesl3y:skill') == 2 && !q.is_on_ground"},
            {"blacklegBarrage": "q.get_equipped_item_name=='black_leg' && q.property('wesl3y:skill') == 3"},
            {"blacklegMemories": "q.get_equipped_item_name=='black_leg' && q.property('wesl3y:skill') == 4 && q.is_on_ground"},
            {"blacklegMemories2": "q.get_equipped_item_name=='black_leg' && q.property('wesl3y:skill') == 4 && !q.is_on_ground"},
            {"kanaboRaimeiHakke": "q.get_equipped_item_name=='kanabo' && q.property('wesl3y:skill') == 1"},
            {"kanaboThunderQuake": "q.get_equipped_item_name=='kanabo' && q.property('wesl3y:skill') == 2 && query.is_on_ground"},
            {"kanaboThunderQuake2": "q.get_equipped_item_name=='kanabo' && q.property('wesl3y:skill') == 2 && !query.is_on_ground"},
            {"odenCuts": "q.get_equipped_item_name=='enma' && q.get_equipped_item_name('off_hand') =='ame_no_habakiri' && q.property('wesl3y:skill') == 1"},
            {"odenShirataki": "q.get_equipped_item_name=='enma' && q.get_equipped_item_name('off_hand') =='ame_no_habakiri' && q.property('wesl3y:skill') == 2"},
            {"odenTotsuka": "q.get_equipped_item_name=='enma' && q.get_equipped_item_name('off_hand') =='ame_no_habakiri' && q.property('wesl3y:skill') == 3"},
            {"moguraCut": "q.get_equipped_item_name=='mogura' && q.property('wesl3y:skill') == 1"},
            {"moguraTriple": "q.get_equipped_item_name=='mogura' && q.property('wesl3y:skill') == 2"},
            {"moguraInfinite": "q.get_equipped_item_name=='mogura' && q.property('wesl3y:skill') == 3"},
            {"yoruDarkBlade": "q.get_equipped_item_name=='yoru' && q.property('wesl3y:skill') == 1"},
            {"yoruDarkImpulse": "q.get_equipped_item_name=='yoru' && q.property('wesl3y:skill') == 2"},
            {"yoruDarkCuts": "q.get_equipped_item_name=='yoru' && q.property('wesl3y:skill') == 3"},
            {"yoruDarkRage": "q.get_equipped_item_name=='yoru' && q.property('wesl3y:skill') == 4"},
            {"yoruDarkEnd": "q.get_equipped_item_name=='yoru' && q.property('wesl3y:skill') == 5"},
            {"yoru2LightBlade": "q.get_equipped_item_name=='yoru2' && q.property('wesl3y:skill') == 1"},
            {"yoru2DivineCuts": "q.get_equipped_item_name=='yoru2' && q.property('wesl3y:skill') == 2"},
            {"yoru2BaybladeCuts": "q.get_equipped_item_name=='yoru2' && q.property('wesl3y:skill') == 3"},
            { "skills1": "q.scoreboard('changeskill2') == 0 && query.equipped_item_any_tag('slot.weapon.mainhand','style') && query.equipped_item_any_tag('slot.weapon.mainhand','1skills') && query.is_sneaking && !query.is_using_item && !query.is_gliding"},
            { "skills1": "q.scoreboard('changeskill2') != 0 && query.equipped_item_any_tag('slot.weapon.mainhand','style') && query.equipped_item_any_tag('slot.weapon.mainhand','1skills') && variable.attack_time && !query.is_using_item && !query.is_gliding"},
            { "skills2": "q.scoreboard('changeskill2') == 0 && query.equipped_item_any_tag('slot.weapon.mainhand','style') && query.equipped_item_any_tag('slot.weapon.mainhand','2skills') && query.is_sneaking && !query.is_using_item && !query.is_gliding"},
            { "skills2": "q.scoreboard('changeskill2') != 0 && query.equipped_item_any_tag('slot.weapon.mainhand','style') && query.equipped_item_any_tag('slot.weapon.mainhand','2skills') && variable.attack_time && !query.is_using_item && !query.is_gliding"},
            { "skills3": "q.scoreboard('changeskill2') == 0 && query.equipped_item_any_tag('slot.weapon.mainhand','style') && query.equipped_item_any_tag('slot.weapon.mainhand','3skills') && query.is_sneaking && !query.is_using_item && !query.is_gliding"},
            { "skills3": "q.scoreboard('changeskill2') != 0 && query.equipped_item_any_tag('slot.weapon.mainhand','style') && query.equipped_item_any_tag('slot.weapon.mainhand','3skills') && variable.attack_time && !query.is_using_item && !query.is_gliding"},
            { "skills4": "q.scoreboard('changeskill2') == 0 && query.equipped_item_any_tag('slot.weapon.mainhand','style') && query.equipped_item_any_tag('slot.weapon.mainhand','4skills') && query.is_sneaking && !query.is_using_item && !query.is_gliding"},
            { "skills4": "q.scoreboard('changeskill2') != 0 && query.equipped_item_any_tag('slot.weapon.mainhand','style') && query.equipped_item_any_tag('slot.weapon.mainhand','4skills') && variable.attack_time && !query.is_using_item && !query.is_gliding"},
            { "skills5": "q.scoreboard('changeskill2') == 0 && query.equipped_item_any_tag('slot.weapon.mainhand','style') && query.equipped_item_any_tag('slot.weapon.mainhand','5skills') && query.is_sneaking && !query.is_using_item && !query.is_gliding"},
            { "skills5": "q.scoreboard('changeskill2') != 0 && query.equipped_item_any_tag('slot.weapon.mainhand','style') && query.equipped_item_any_tag('slot.weapon.mainhand','5skills') && variable.attack_time && !query.is_using_item && !query.is_gliding"}
          ]
        },
        "skills1": {
          "animations": ["timer.0_35"],
          "transitions": [ { "default": "query.all_animations_finished" } ],
          "on_entry": [
            "/scoreboard players set @s slotSkill2 0"
          ]
        },
        "skills2": {
          "animations": ["timer.0_35"],
          "transitions": [ { "default": "query.all_animations_finished" } ],
          "on_entry": [
            "/scoreboard players add @s slotSkill2 1",
            "/scoreboard players set @s[scores={slotSkill2=2..}] slotSkill2 0"
          ]
        },
        "skills3": {
          "animations": ["timer.0_35"],
          "transitions": [ { "default": "query.all_animations_finished" } ],
          "on_entry": [ "/scoreboard players add @s slotSkill2 1", "/scoreboard players set @s[scores={slotSkill2=3..}] slotSkill2 0" ]
        },
        "skills4": {
          "animations": ["timer.0_35"],
          "transitions": [ { "default": "query.all_animations_finished" } ],
          "on_entry": [ "/scoreboard players add @s slotSkill2 1", "/scoreboard players set @s[scores={slotSkill2=4..}] slotSkill2 0" ]
        },
        "skills5": {
          "animations": ["timer.0_35"],
          "transitions": [ { "default": "query.all_animations_finished" } ],
          "on_entry": [ "/scoreboard players add @s slotSkill2 1", "/scoreboard players set @s[scores={slotSkill2=5..}] slotSkill2 0" ]
        },
        "skill1_fisico_apenas1": {
          "animations": ["timer.0_5"],
          "transitions": [
            { "default": "query.all_animations_finished" }
          ],
          "on_entry": ["/tag @s remove stop_air","/event entity @s wesl3y:noSkill", "/scoreboard players set @s 2cooldown1 15", "/scoreboard players set @s 2cooldownmax1 15" ],
          "on_exit": ["/playanimation @s animation.empty wesl3y"]
        },
        "skill1_fisico_mais1": {
          "animations": ["timer.0_5"],
          "transitions": [
            { "default": "query.all_animations_finished" }
          ],
          "on_entry": ["/tag @s remove stop_air","/event entity @s wesl3y:noSkill", "/scoreboard players set @s 2cooldown1 20", "/scoreboard players set @s 2cooldownmax1 20" ],
          "on_exit": ["/playanimation @s animation.empty wesl3y"]
        },
        "skill1_projetil_apenas1": {
          "animations": ["timer.0_5"],
          "transitions": [
            { "default": "query.all_animations_finished" }
          ],
          "on_entry": ["/tag @s remove stop_air","/event entity @s wesl3y:noSkill", "/scoreboard players set @s 2cooldown1 10", "/scoreboard players set @s 2cooldownmax1 10" ],
          "on_exit": ["/playanimation @s animation.empty wesl3y"]
        },
        "skill1_projetil_mais1": {
          "animations": ["timer.0_5"],
          "transitions": [
            { "default": "query.all_animations_finished" }
          ],
          "on_entry": ["/tag @s remove stop_air","/event entity @s wesl3y:noSkill", "/scoreboard players set @s 2cooldown1 15", "/scoreboard players set @s 2cooldownmax1 15" ],
          "on_exit": ["/playanimation @s animation.empty wesl3y"]
        },
        "skill2_fisico_apenas1": {
          "animations": ["timer.0_5"],
          "transitions": [
            { "default": "query.all_animations_finished" }
          ],
          "on_entry": ["/tag @s remove stop_air","/event entity @s wesl3y:noSkill", "/scoreboard players set @s 2cooldown2 20", "/scoreboard players set @s 2cooldownmax2 20" ],
          "on_exit": ["/playanimation @s animation.empty wesl3y"]
        },
        "skill2_fisico_mais1": {
          "animations": ["timer.0_5"],
          "transitions": [
            { "default": "query.all_animations_finished" }
          ],
          "on_entry": ["/tag @s remove stop_air","/event entity @s wesl3y:noSkill", "/scoreboard players set @s 2cooldown2 25", "/scoreboard players set @s 2cooldownmax2 25" ],
          "on_exit": ["/playanimation @s animation.empty wesl3y"]
        },
        "skill2_projetil_apenas1": {
          "animations": ["timer.0_5"],
          "transitions": [
            { "default": "query.all_animations_finished" }
          ],
          "on_entry": ["/tag @s remove stop_air","/event entity @s wesl3y:noSkill", "/scoreboard players set @s 2cooldown2 15", "/scoreboard players set @s 2cooldownmax2 15" ],
          "on_exit": ["/playanimation @s animation.empty wesl3y"]
        },
        "skill2_projetil_mais1": {
          "animations": ["timer.0_5"],
          "transitions": [
            { "default": "query.all_animations_finished" }
          ],
          "on_entry": ["/tag @s remove stop_air","/event entity @s wesl3y:noSkill", "/scoreboard players set @s 2cooldown2 20", "/scoreboard players set @s 2cooldownmax2 20" ],
          "on_exit": ["/playanimation @s animation.empty wesl3y"]
        },
        "skill3_fisico_apenas1": {
          "animations": ["timer.0_5"],
          "transitions": [
            { "default": "query.all_animations_finished" }
          ],
          "on_entry": ["/tag @s remove stop_air","/event entity @s wesl3y:noSkill", "/scoreboard players set @s 2cooldown3 25", "/scoreboard players set @s 2cooldownmax3 25" ],
          "on_exit": ["/playanimation @s animation.empty wesl3y"]
        },
        "skill3_fisico_mais1": {
          "animations": ["timer.0_5"],
          "transitions": [
            { "default": "query.all_animations_finished" }
          ],
          "on_entry": ["/tag @s remove stop_air","/event entity @s wesl3y:noSkill", "/scoreboard players set @s 2cooldown3 30", "/scoreboard players set @s 2cooldownmax3 30" ],
          "on_exit": ["/playanimation @s animation.empty wesl3y"]
        },
        "skill3_projetil_apenas1": {
          "animations": ["timer.0_5"],
          "transitions": [
            { "default": "query.all_animations_finished" }
          ],
          "on_entry": ["/tag @s remove stop_air","/event entity @s wesl3y:noSkill", "/scoreboard players set @s 2cooldown3 20", "/scoreboard players set @s 2cooldownmax3 20" ],
          "on_exit": ["/playanimation @s animation.empty wesl3y"]
        },
        "skill3_projetil_mais1": {
          "animations": ["timer.0_5"],
          "transitions": [
            { "default": "query.all_animations_finished" }
          ],
          "on_entry": ["/tag @s remove stop_air","/event entity @s wesl3y:noSkill", "/scoreboard players set @s 2cooldown3 25", "/scoreboard players set @s 2cooldownmax3 25" ],
          "on_exit": ["/playanimation @s animation.empty wesl3y"]
        },
        "skill4_fisico_apenas1": {
          "animations": ["timer.0_5"],
          "transitions": [
            { "default": "query.all_animations_finished" }
          ],
          "on_entry": ["/tag @s remove stop_air","/event entity @s wesl3y:noSkill", "/scoreboard players set @s 2cooldown4 30", "/scoreboard players set @s 2cooldownmax4 30" ],
          "on_exit": ["/playanimation @s animation.empty wesl3y"]
        },
        "skill4_fisico_mais1": {
          "animations": ["timer.0_5"],
          "transitions": [
            { "default": "query.all_animations_finished" }
          ],
          "on_entry": ["/tag @s remove stop_air","/event entity @s wesl3y:noSkill", "/scoreboard players set @s 2cooldown4 35", "/scoreboard players set @s 2cooldownmax4 35" ],
          "on_exit": ["/playanimation @s animation.empty wesl3y"]
        },
        "skill4_projetil_apenas1": {
          "animations": ["timer.0_5"],
          "transitions": [
            { "default": "query.all_animations_finished" }
          ],
          "on_entry": ["/tag @s remove stop_air","/event entity @s wesl3y:noSkill", "/scoreboard players set @s 2cooldown4 25", "/scoreboard players set @s 2cooldownmax4 25" ],
          "on_exit": ["/playanimation @s animation.empty wesl3y"]
        },
        "skill4_projetil_mais1": {
          "animations": ["timer.0_5"],
          "transitions": [
            { "default": "query.all_animations_finished" }
          ],
          "on_entry": ["/tag @s remove stop_air","/event entity @s wesl3y:noSkill", "/scoreboard players set @s 2cooldown4 30", "/scoreboard players set @s 2cooldownmax4 30" ],
          "on_exit": ["/playanimation @s animation.empty wesl3y"]
        },
        "skill5_fisico_apenas1": {
          "animations": ["timer.0_5"],
          "transitions": [
            { "default": "query.all_animations_finished" }
          ],
          "on_entry": ["/tag @s remove stop_air","/event entity @s wesl3y:noSkill", "/scoreboard players set @s 2cooldown5 35", "/scoreboard players set @s 2cooldownmax5 35" ],
          "on_exit": ["/playanimation @s animation.empty wesl3y"]
        },
        "skill5_fisico_mais1": {
          "animations": ["timer.0_5"],
          "transitions": [
            { "default": "query.all_animations_finished" }
          ],
          "on_entry": ["/playanimation @s animation.empty wesl3y","/tag @s remove stop_air","/event entity @s wesl3y:noSkill", "/scoreboard players set @s 2cooldown5 40", "/scoreboard players set @s 2cooldownmax5 40" ],
          "on_exit": ["/playanimation @s animation.empty wesl3y"]
        },
        "skill5_projetil_apenas1": {
          "animations": ["timer.0_5"],
          "transitions": [
            { "default": "query.all_animations_finished" }
          ],
          "on_entry": ["/tag @s remove stop_air","/event entity @s wesl3y:noSkill", "/scoreboard players set @s 2cooldown5 30", "/scoreboard players set @s 2cooldownmax5 30" ],
          "on_exit": ["/playanimation @s animation.empty wesl3y"]
        },
        "skill5_projetil_mais1": {
          "animations": ["timer.0_5"],
          "transitions": [
            { "default": "query.all_animations_finished" }
          ],
          "on_entry": ["/tag @s remove stop_air","/event entity @s wesl3y:noSkill", "/scoreboard players set @s 2cooldown5 35", "/scoreboard players set @s 2cooldownmax5 35" ],
          "on_exit": ["/playanimation @s animation.empty wesl3y"]
        },
        "blacklegShoot": {
          "animations": [
            "blackleg_shoot"
          ],
          "transitions": [
            { "skill1_fisico_mais1": "query.get_equipped_item_name!='black_leg'" },
            { "skill1_fisico_mais1": "query.all_animations_finished" },
            { "skill1_fisico_mais1": "query.property('wesl3y:skill') != 1" },
            { "skill1_fisico_mais1": "!query.is_alive" }
          ],
          "on_entry": [
            "/scoreboard players remove @s energyCur 40",
            "/tag @s[tag=!is_riding,tag=no_ground] add stop_air",
            "/tp @s[tag=no_ground] ~~~"
          ],
          "on_exit": [
            "/tag @s remove shoot",
            "/tag @s remove stop_air",
            "/event entity @s wesl3y:noSkill"
          ]
        },
        "blacklegConcasser": {
          "animations": [
            "timer.0_25"
          ],
          "transitions": [
            { "skill2_fisico_apenas1": "query.get_equipped_item_name!='black_leg'" },
            { "skill2_fisico_apenas1": "query.property('wesl3y:skill') != 2" },
            { "skill2_fisico_apenas1": "!query.is_alive" },
            { "blacklegConcasser2": "q.all_animations_finished && !query.is_on_ground" }
          ],
          "on_entry": [
            "/playanimation @s animation.blackleg.concasser.start wesl3y",
            "/tag @s add jump2_1",
            "/playsound geppo @a[r=15] ~~~ 1"
          ]
        },
        "blacklegConcasser2": {
          "animations": ["style.loop"],
          "transitions": [
            { "skill2_fisico_apenas1": "query.get_equipped_item_name!='black_leg'" },
            { "skill2_fisico_apenas1": "query.property('wesl3y:skill') != 2" },
            { "skill2_fisico_apenas1": "!query.is_alive" },
            { "blacklegConcasser3": "query.is_on_ground" }
          ]
        },
        "blacklegConcasser3": {
          "animations": [
            "blackleg_concasser"
          ],
          "transitions": [
            { "skill2_fisico_apenas1": "query.get_equipped_item_name!='black_leg'" },
            { "skill2_fisico_apenas1": "query.all_animations_finished" },
            { "skill2_fisico_apenas1": "query.property('wesl3y:skill') != 2" },
            { "skill2_fisico_apenas1": "!query.is_alive" }
          ],
          "on_entry": [
            "/scoreboard players remove @s energyCur 40",
            "/scoreboard players add @s energy10 40"
          ],
          "on_exit": ["/tag @s remove concasser", "/event entity @s wesl3y:noSkill"]
        },
        "blacklegBarrage": {
          "animations": [
            "blackleg_barrage"
          ],
          "transitions": [
            { "skill3_fisico_mais1": "query.get_equipped_item_name!='black_leg'" },
            { "skill3_fisico_mais1": "query.all_animations_finished" },
            { "skill3_fisico_mais1": "query.property('wesl3y:skill') != 3" },
            { "skill3_fisico_mais1": "!query.is_alive" }
          ],
          "on_entry": [
            "/scoreboard players remove @s energyCur 40",

            "/tag @s[tag=!is_riding,tag=no_ground] add stop_air",
            "/tp @s[tag=no_ground] ~~~"
          ],
          "on_exit": [
            "/tag @s remove attack_stunned",
            "/tag @s remove barrage_blackleg",
            "/tag @s remove stop_air",
            "/event entity @s wesl3y:noSkill"
          ]
        },
        "blacklegMemories": {
          "animations": [
            "timer.1_0"
          ],
          "transitions": [
            { "skill4_fisico_apenas1": "query.get_equipped_item_name!='black_leg'" },
            { "skill4_fisico_apenas1": "query.property('wesl3y:skill') != 4" },
            { "skill4_fisico_apenas1": "!query.is_alive" },
            { "blacklegMemories2": "query.all_animations_finished" }
          ],
          "on_entry": [
            "/playanimation @s animation.blackleg.hell_memories.start wesl3y",
            "/tag @s add jump0_2",
            "/effect @e[r=3.5,type=!item,family=!attack,family=!inanimate,type=!xp_orb] slow_falling 2 255 true",
            "/effect @e[r=3.5,type=!item,family=!attack,family=!inanimate,type=!xp_orb] levitation 1 29 true"
          ]
        },
        "blacklegMemories2": {
          "animations": [
            "blackleg_memories"
          ],
          "transitions": [
            { "skill4_fisico_apenas1": "query.get_equipped_item_name!='black_leg'" },
            { "skill4_fisico_apenas1": "query.all_animations_finished" },
            { "skill4_fisico_apenas1": "query.property('wesl3y:skill') != 4" },
            { "skill4_fisico_apenas1": "!query.is_alive" }
          ],
          "on_entry": [
            "/scoreboard players remove @s energyCur 40",

            "/tag @s[tag=!is_riding,tag=no_ground] add stop_air",
            "/tp @s[tag=no_ground] ~~~"
          ],
          "on_exit": [
            "/tag @s remove hell_memories",
            "/tag @s remove stop_air",
            "/event entity @s wesl3y:noSkill"
          ]
        },
        "kanaboRaimeiHakke": {
          "animations": [
            "raimei_hakke"
          ],
          "transitions": [
            { "skill1_fisico_apenas1": "query.get_equipped_item_name!='kanabo'" },
            { "skill1_fisico_apenas1": "query.all_animations_finished" },
            { "skill1_fisico_apenas1": "query.property('wesl3y:skill') != 1" },
            { "skill1_fisico_apenas1": "!query.is_alive" }
          ],
          "on_entry": [
            "/scoreboard players remove @s energyCur 40",
            "/scoreboard players add @s energy10 40"
          ],
          "on_exit": ["/tag @s remove raimei_hakke", "/event entity @s wesl3y:noSkill"]
        },
        "kanaboThunderQuake": {
          "transitions": [
            { "kanaboThunderQuake2": "!query.is_on_ground" },
            { "skill2_fisico_apenas1": "query.get_equipped_item_name!='kanabo'" },
            { "skill2_fisico_apenas1": "query.property('wesl3y:skill') != 2" },
            { "skill2_fisico_apenas1": "!query.is_alive" }
          ],
          "on_entry": [
            "/tp @s ~~10~ true",
            "/playsound teleport @a[r=10] ~~~ 1"
          ]
        },
        "kanaboThunderQuake2": {
          "animations": ["style.loop"],
          "transitions": [
            { "kanaboThunderQuake3": "query.is_on_ground" },
            { "skill2_fisico_apenas1": "query.get_equipped_item_name!='kanabo'" },
            { "skill2_fisico_apenas1": "query.property('wesl3y:skill') != 2" },
            { "skill2_fisico_apenas1": "!query.is_alive" }
          ]
        },
        "kanaboThunderQuake3": {
          "animations": [
            "thunder_quake"
          ],
          "transitions": [
            { "skill2_fisico_apenas1": "query.get_equipped_item_name!='kanabo'" },
            { "skill2_fisico_apenas1": "query.all_animations_finished" },
            { "skill2_fisico_apenas1": "query.property('wesl3y:skill') != 2" },
            { "skill2_fisico_apenas1": "!query.is_alive" }
          ],
          "on_entry": [
            "/scoreboard players remove @s energyCur 40",
            "/scoreboard players add @s energy10 40"
          ],
          "on_exit": ["/tag @s remove thunder_quake", "/event entity @s wesl3y:noSkill"]
        },
        "odenCuts": {
          "animations": ["oden_cuts.loop"],
          "transitions": [
            { "skill1_fisico_mais1": "query.get_equipped_item_name!='enma'" },
            { "skill1_fisico_mais1": "query.get_equipped_item_name('off_hand')!='ame_no_habakiri'" },
            { "skill1_fisico_mais1": "query.property('wesl3y:skill') != 1" },
            { "skill1_fisico_mais1": "!query.is_alive" },
            { "skill1_fisico_mais1": "!query.is_using_item" }
          ],
          "on_entry": [
            "/scoreboard players remove @s energyCur 40",
            "/tag @s[tag=no_ground] add stop_air","/tp @s[tag=no_ground] ~~~"],
          "on_exit": ["/inputpermission set @s movement enabled","/tag @s remove oden_cuts", "/tag @s remove attack_stunned", "/event entity @s wesl3y:noSkill"]
        },
        "odenShirataki": {
          "animations": ["timer.0_25"],
          "transitions": [
            { "skill2_fisico_apenas1": "query.get_equipped_item_name!='enma'" },
            { "skill2_fisico_apenas1": "query.get_equipped_item_name('off_hand')!='ame_no_habakiri'" },
            { "skill2_fisico_apenas1": "query.property('wesl3y:skill') != 2" },
            { "skill2_fisico_apenas1": "query.scoreboard('hurtCur') >= 1" },
            { "skill2_fisico_apenas1": "!query.is_alive" },
            { "odenShirataki2": "q.all_animations_finished && !query.is_using_item" }
          ],
          "on_entry": ["/playanimation @s animation.oden_nitoryu.togen_shirataki.start wesl3y", "/scoreboard players remove @s energyCur 40", "/tag @s[tag=no_ground] add stop_air","/tp @s[tag=no_ground] ~~~"]
        },
        "odenShirataki2": {
          "animations": [
            "togen_shirataki"
          ],
          "transitions": [
            { "skill2_fisico_apenas1": "query.get_equipped_item_name!='enma'" },
            { "skill2_fisico_apenas1": "query.get_equipped_item_name('off_hand')!='ame_no_habakiri'" },
            { "skill2_fisico_apenas1": "query.all_animations_finished" },
            { "skill2_fisico_apenas1": "query.property('wesl3y:skill') != 2" },
            { "skill2_fisico_apenas1": "!query.is_alive" }
          ],
          "on_exit": ["/tag @s remove togen_shirataki","/tag @e remove tshirataki", "/event entity @s wesl3y:noSkill"]
        },
        "odenTotsuka": {
          "animations": ["timer.0_25"],
          "transitions": [
            { "skill3_fisico_apenas1": "query.get_equipped_item_name!='enma'" },
            { "skill3_fisico_apenas1": "query.get_equipped_item_name('off_hand')!='ame_no_habakiri'" },
            { "skill3_fisico_apenas1": "query.property('wesl3y:skill') != 3" },
            { "skill3_fisico_apenas1": "query.scoreboard('hurtCur') >= 1" },
            { "skill3_fisico_apenas1": "!query.is_alive" },
            { "odenTotsuka2": "q.all_animations_finished && !query.is_using_item" }
          ],
          "on_entry": ["/playanimation @s animation.oden_nitoryu.togen_totsuka.start wesl3y", "/scoreboard players remove @s energyCur 40", "/tag @s[tag=no_ground] add stop_air","/tp @s[tag=no_ground] ~~~"]
        },
        "odenTotsuka2": {
          "animations": [
            "togen_totsuka"
          ],
          "transitions": [
            { "skill3_fisico_apenas1": "query.get_equipped_item_name!='enma'" },
            { "skill3_fisico_apenas1": "query.get_equipped_item_name('off_hand')!='ame_no_habakiri'" },
            { "skill3_fisico_apenas1": "query.all_animations_finished" },
            { "skill3_fisico_apenas1": "query.property('wesl3y:skill') != 3" },
            { "skill3_fisico_apenas1": "!query.is_alive" }
          ],
          "on_exit": ["/tag @s remove togen_totsuka", "/tag @e remove ttotsuka", "/event entity @s wesl3y:noSkill"]
        },
        "moguraCut": {
          "animations": ["timer.0_25"],
          "transitions": [
            { "skill1_fisico_apenas1": "query.get_equipped_item_name!='mogura'" },
            { "skill1_fisico_apenas1": "query.property('wesl3y:skill') != 1" },
            { "skill1_fisico_apenas1": "query.scoreboard('hurtCur') >= 1" },
            { "skill1_fisico_apenas1": "!query.is_alive" },
            { "moguraCut2": "q.all_animations_finished && !query.is_using_item" }
          ],
          "on_entry": ["/playanimation @s animation.mogura.cut_impulse.start wesl3y", "/scoreboard players remove @s energyCur 40", "/tag @s remove stop_air"]
        },
        "moguraCut2": {
          "animations": [
            "mogura_cut"
          ],
          "transitions": [
            { "skill1_fisico_apenas1": "query.get_equipped_item_name!='mogura'" },
            { "skill1_fisico_apenas1": "query.all_animations_finished" },
            { "skill1_fisico_apenas1": "query.property('wesl3y:skill') != 1" },
            { "skill1_fisico_apenas1": "!query.is_alive" }
          ],
          "on_exit": ["/tag @s remove cut_impulse","/tag @e remove cimpulse", "/event entity @s wesl3y:noSkill"]
        },
        "moguraTriple": {
          "animations": [
            "triple_cut"
          ],
          "transitions": [
            { "skill2_projetil_mais1": "query.get_equipped_item_name!='mogura'" },
            { "skill2_projetil_mais1": "query.all_animations_finished" },
            { "skill2_projetil_mais1": "query.property('wesl3y:skill') != 2" },
            { "skill2_projetil_mais1": "!query.is_alive" }
          ],
          "on_entry": ["/playanimation @s animation.mogura.triple_cut.start wesl3y", "/scoreboard players remove @s energyCur 40", "/tag @s[tag=no_ground] add stop_air","/tp @s[tag=no_ground] ~~~"],
          "on_exit": ["/tag @s remove triple_cut", "/event entity @s wesl3y:noSkill"]
        },
        "moguraInfinite": {
          "animations": ["timer.0_25"],
          "transitions": [
            { "skill3_fisico_mais1": "query.get_equipped_item_name!='mogura'" },
            { "skill3_fisico_mais1": "query.property('wesl3y:skill') != 3" },
            { "skill3_fisico_mais1": "query.scoreboard('hurtCur') >= 1" },
            { "skill3_fisico_mais1": "!query.is_alive" },
            { "moguraInfinite2": "q.all_animations_finished" }
          ],
          "on_entry": ["/playanimation @s animation.mogura.cut_impulse.start wesl3y", "/scoreboard players remove @s energyCur 40", "/tag @s remove stop_air"]
        },
        "moguraInfinite2": {
          "animations": [
            "infinite_cuts"
          ],
          "transitions": [
            { "skill3_fisico_mais1": "query.get_equipped_item_name!='mogura'" },
            { "skill3_fisico_mais1": "query.all_animations_finished" },
            { "skill3_fisico_mais1": "query.property('wesl3y:skill') != 3" },
            { "skill3_fisico_mais1": "!query.is_alive" }
          ],
          "on_exit": ["/tag @s remove infinite_cuts", "/tag @s remove attack_stunned", "/event entity @s wesl3y:noSkill"]
        },
        "yoruDarkBlade": {
          "animations": ["timer.0_5"],
          "transitions": [
            { "skill1_projetil_apenas1": "query.get_equipped_item_name!='yoru'" },
            { "skill1_projetil_apenas1": "query.property('wesl3y:skill') != 1" },
            { "skill1_projetil_apenas1": "!query.is_alive" },
            { "yoruDarkBlade2": "query.all_animations_finished" }
          ],
          "on_entry": ["/scoreboard players remove @s energyCur 40", "/tag @s[tag=no_ground] add stop_air", "/tp @s[tag=no_ground] ~~~", "/playsound woosh @a[r=10] ~~~ 0.75"]
        },
        "yoruDarkBlade2": {
          "animations": [
            "dark_blade"
          ],
          "transitions": [
            { "skill1_projetil_apenas1": "query.all_animations_finished" },
            { "skill1_projetil_apenas1": "!query.is_alive" }
          ],
          "on_exit": ["/camera @s[tag=!uo_dragon,tag=!uo_dragon2] clear","/event entity @s wesl3y:noSkill"]
        },
        "yoruDarkImpulse": {
          "animations": ["dark_impulse.loop"],
          "transitions": [
            { "skill2_fisico_mais1": "query.get_equipped_item_name!='yoru'" },
            { "skill2_fisico_mais1": "query.property('wesl3y:skill') != 2" },
            { "skill2_fisico_mais1": "query.scoreboard('hurtCur') >= 1" },
            { "skill2_fisico_mais1": "!query.is_alive" },
            { "yoruDarkImpulse2": "!query.is_using_item" }
          ],
          "on_entry": [
            "/scoreboard players remove @s energyCur 40",
            "/tag @s[tag=no_ground] add stop_air","/tp @s[tag=no_ground] ~~~"]
        },
        "yoruDarkImpulse2": {
          "animations": [
            "dark_impulse"
          ],
          "transitions": [
            { "skill2_fisico_mais1": "query.get_equipped_item_name!='yoru'" },
            { "skill2_fisico_mais1": "query.all_animations_finished" },
            { "skill2_fisico_mais1": "query.property('wesl3y:skill') != 2" },
            { "skill2_fisico_mais1": "!query.is_alive" }
          ],
          "on_exit": ["/tag @s remove dark_impulse", "/event entity @s wesl3y:noSkill"]
        },
        "yoruDarkCuts": {
          "animations": ["dark_cuts"],
          "transitions": [
            { "skill3_fisico_mais1": "query.get_equipped_item_name!='yoru'" },
            { "skill3_fisico_mais1": "query.property('wesl3y:skill') != 3" },
            { "skill3_fisico_mais1": "!query.is_alive" },
            { "skill3_fisico_mais1": "!query.is_using_item" }
          ],
          "on_entry": [
            "/scoreboard players remove @s energyCur 40",
            "/tag @s[tag=no_ground] add stop_air","/tp @s[tag=no_ground] ~~~"],
          "on_exit": ["/inputpermission set @s movement enabled","/tag @s remove dark_cuts", "/tag @s remove attack_stunned", "/event entity @s wesl3y:noSkill"]
        },
        "yoruDarkRage": {
          "animations": ["dark_rage"],
          "transitions": [
            { "skill4_fisico_apenas1": "query.get_equipped_item_name!='yoru'" },
            { "skill4_fisico_apenas1": "query.property('wesl3y:skill') != 4" },
            { "skill4_fisico_apenas1": "!query.is_alive" },
            { "skill4_fisico_apenas1": "query.all_animations_finished" }
          ],
          "on_entry": [ "/scoreboard players remove @s energyCur 40", "/tag @s[tag=no_ground] add stop_air","/tp @s[tag=no_ground] ~~~"],
          "on_exit": ["/tag @s remove dark_rage","/tag @s remove stop_air","/event entity @s wesl3y:noSkill"]
        },
        "yoruDarkEnd": {
          "animations": [
            "dark_end"
          ],
          "transitions": [
            { "skill5_fisico_mais1": "query.get_equipped_item_name!='yoru'" },
            { "skill5_fisico_mais1": "query.all_animations_finished" },
            { "skill5_fisico_mais1": "query.property('wesl3y:skill') != 5" },
            { "skill5_fisico_mais1": "!query.is_alive" }
          ],
          "on_exit": ["/tag @s remove dark_end", "/event entity @s wesl3y:noSkill"]
        },
        "yoru2LightBlade": {
          "animations": ["style.loop"],
          "transitions": [
            { "skill1_projetil_apenas1": "query.get_equipped_item_name!='yoru2'" },
            { "skill1_projetil_apenas1": "query.property('wesl3y:skill') != 1" },
            { "skill1_projetil_apenas1": "query.scoreboard('hurtCur') >= 1" },
            { "skill1_projetil_apenas1": "!query.is_alive" },
            { "yoru2LightBlade2": "query.all_animations_finished" }
          ],
          "on_entry": ["/scoreboard players remove @s energyCur 40", "/tag @s[tag=no_ground] add stop_air","/tp @s[tag=no_ground] ~~~"]
        },
        "yoru2LightBlade2": {
          "animations": [
            "light_blade"
          ],
          "transitions": [
            { "skill1_projetil_apenas1": "query.get_equipped_item_name!='yoru2'" },
            { "skill1_projetil_apenas1": "query.all_animations_finished" },
            { "skill1_projetil_apenas1": "query.property('wesl3y:skill') != 1" },
            { "skill1_projetil_apenas1": "!query.is_alive" }
          ],
          "on_exit": ["/event entity @s wesl3y:noSkill"]
        },
        "yoru2DivineCuts": {
          "animations": ["style.loop"],
          "transitions": [
            { "skill2_projetil_apenas1": "query.get_equipped_item_name!='yoru2'" },
            { "skill2_projetil_apenas1": "query.property('wesl3y:skill') != 2" },
            { "skill2_projetil_apenas1": "query.scoreboard('hurtCur') >= 1" },
            { "skill2_projetil_apenas1": "!query.is_alive" },
            { "yoru2DivineCuts2": "!query.is_using_item" }
          ],
          "on_entry": [
            "/scoreboard players remove @s energyCur 40",
            "/tag @s[tag=no_ground] add stop_air","/tp @s[tag=no_ground] ~~~"]
        },
        "yoru2DivineCuts2": {
          "animations": [
            "divine_cuts"
          ],
          "transitions": [
            { "skill2_projetil_apenas1": "query.get_equipped_item_name!='yoru2'" },
            { "skill2_projetil_apenas1": "query.all_animations_finished" },
            { "skill2_projetil_apenas1": "query.property('wesl3y:skill') != 2" },
            { "skill2_projetil_apenas1": "query.scoreboard('hurtCur') >= 1" },
            { "skill2_projetil_apenas1": "!query.is_alive" }
          ],
          "on_exit": ["/event entity @s wesl3y:noSkill"]
        },
        "yoru2BaybladeCuts": {
          "animations": [
            "bayblade_cuts"
          ],
          "transitions": [
            { "skill3_fisico_mais1": "query.get_equipped_item_name!='yoru2'" },
            { "skill3_fisico_mais1": "query.all_animations_finished" },
            { "skill3_fisico_mais1": "query.property('wesl3y:skill') != 3" },
            { "skill3_fisico_mais1": "!query.is_alive" }
          ],
          "on_entry": [
            "/scoreboard players remove @s energyCur 40",
            "/scoreboard players add @s speed_mode 5"],
          "on_exit": ["/scoreboard players remove @s speed_mode 5","/tag @s add update_stats","/tag @s remove bayblade_cuts", "/playanimation @s animation.empty wesl3y", "/event entity @s wesl3y:no_test", "/event entity @s wesl3y:noSkill"]
        }
      }
    }
  }
}