{
  "format_version": "1.10.0",
  "animation_controllers": {
    "controller.animation.fruit_query": {
      "initial_state": "default",
      "states": {
        "default": {
          "transitions": [
            { "bound": "query.property('wesl3y:mode_zoans') == 5 && !q.is_on_ground && !q.is_jumping" },//Voar ride BoundMan
            { "fly_ride": "query.property('wesl3y:fly') == 4 && !q.is_jumping" },//Voar ride
            { "fly_sneak": "query.property('wesl3y:fly') == 1 && !query.is_gliding && !query.is_on_ground && !query.is_charged" },//flutuar no ar
            { "fly": "query.property('wesl3y:fly') == 2 && !query.is_gliding && !query.is_charged" },//Voar igual bloco fruta
            { "boost_vertical": "(query.property('wesl3y:fly') == 1 || query.property('wesl3y:fly') == 2) && query.head_x_rotation(0) < -20 && query.is_gliding" },//Elytra de cima
            { "boost_horizontal": "(query.property('wesl3y:fly') == 1 || query.property('wesl3y:fly') == 2) && query.head_x_rotation(0) >= -20 && query.head_x_rotation(0) <= 30 && query.is_gliding" },//Elytra de baixo
            { "boost_vertical3": "query.property('wesl3y:fly') == 3 && query.head_x_rotation(0) < -10 && !query.is_on_ground" },//Voar igual bloco fruta pra cima
            { "boost_horizontal3": "query.property('wesl3y:fly') == 3 && query.head_x_rotation(0) >= -10 && query.head_x_rotation(0) <= 60 && !query.is_on_ground" },//Voar igual bloco fruta pra baixo
            //Movement
            { "fly_free": "query.property('wesl3y:fruit_movement') == 5 && !query.is_in_water" },//Fly Olhar Pra cima e baixo
            { "front": "query.property('wesl3y:fruit_movement') == 6 && !query.is_in_water" },//No chão Pra frente
            { "front2": "query.property('wesl3y:fruit_movement') == 8 && !query.is_in_water" },//Invisível No chão Pra frente

            {"jump": "query.property('wesl3y:skywalk') == 1 && !query.is_on_ground && !query.is_jumping"}
          ]
        },
        "bound": {
          "transitions": [
            { "default": "query.property('wesl3y:mode_zoans') != 5 || query.is_on_ground" },
            { "bound_sneak": "query.is_sneaking" },
            { "bound_fly": "query.is_jumping" }
          ]
        },
        "bound_sneak": {
          "animations": [
            "fly_sneak"
          ],
          "transitions": [{ "default": "q.property('wesl3y:mode_zoans') != 5" },{ "bound": "!q.is_sneaking || q.is_on_ground" }],
          "on_exit": [
            "/event entity @s wesl3y:remove_slowfalling",
            "/event entity @s wesl3y:no_test"
          ]
        },
        "bound_fly": {
          "transitions": [{ "default": "q.property('wesl3y:mode_zoans') != 5" },{ "bound": "q.is_on_ground || !q.is_riding" }],
          "on_entry": [
            "/ride @s summon_ride wesl3y:fly_ride"
          ],
          "on_exit": [
            "/ride @s stop_riding",
            "/event entity @s wesl3y:remove_slowfalling"
          ]
        },
        "fly_ride": {
          "transitions": [
            { "default": "query.property('wesl3y:fly') != 4" },
            { "fly_ride_sneak": "!q.is_on_ground && !query.is_jumping" }
          ]
        },
        "fly_ride_sneak": {
          "animations": [
            "fly_sneak"
          ],
          "transitions": [{ "default": "q.property('wesl3y:fly') != 4" },{ "fly_ride": "q.is_on_ground" },{ "fly_ride_fly": "query.is_jumping" }],
          "on_exit": [
            "/event entity @s wesl3y:remove_slowfalling",
            "/event entity @s wesl3y:no_test"
          ]
        },
        "fly_ride_fly": {
          "transitions": [{ "default": "q.property('wesl3y:fly') != 4" },{ "bound": "q.is_on_ground || !q.is_riding" }],
          "on_entry": [
            "/ride @s summon_ride wesl3y:fly_ride"
          ],
          "on_exit": [
            "/ride @s stop_riding",
            "/event entity @s wesl3y:remove_slowfalling"
          ]
        },
        "fly_sneak": {
          "animations": [
            "fly_sneak"
          ],
          "transitions": [{ "default": "q.is_gliding || q.is_on_ground || q.property('wesl3y:fly') != 1" }],
          "on_exit": [
            "/event entity @s wesl3y:remove_slowfalling",
            "/event entity @s wesl3y:no_test"
          ]
        },
        "fly_free": {
          "transitions": [ { "default": "(1.0)" } ],
          "on_entry": ["/effect @s[rxm=-90,rx=-25] levitation 1 6 true","/effect @s[rxm=-25,rx=-15] levitation 1 3 true","/effect @s[rxm=-15,rx=-5] levitation 1 2 true","/effect @s[rxm=0,rx=20] levitation 1 0 true","/effect @s[rxm=-5,rx=35] slow_falling 1 2 true","/effect @s[rxm=35,rx=90] slow_falling 1 0 true"]
        },
        "front": {
          "transitions": [ { "default": "(1.0)" } ],
          "on_entry": [ "/execute at @s[tag=ground] run summon wesl3y:fly_boost ^ ^ ^-2 ~ ~ wesl3y:front" ]
        },
        "front2": {
          "transitions": [ { "default": "(1.0)" } ],
          "on_entry": [ "/summon wesl3y:fly_boost ^ ^ ^-2 ~ ~ wesl3y:front2" ]
        },
        "fly": {
          "animations": [
            "fly_sneak"
          ],
          "transitions": [{ "default": "q.is_gliding || q.is_on_ground || q.property('wesl3y:fly') != 2" }],
          "on_exit": [
            "/event entity @s wesl3y:remove_slowfalling",
            "/event entity @s wesl3y:no_test"
          ]
        },
        "boost_vertical": {
          "animations": ["timer.0_5"],
          "transitions": [ { "default": "query.all_animations_finished" } ],
          "on_entry": [ "/summon wesl3y:fly_boost ^ ^ ^-2 ~ ~ wesl3y:vertical" ]
        },
        "boost_horizontal": {
          "animations": ["timer.1_0"],
          "transitions": [ { "default": "query.all_animations_finished" } ],
          "on_entry": [ "/execute as @s[tag=!smile_dragon,tag=!uo_dragon] run summon wesl3y:fly_boost ^ ^ ^-2 ~ ~ wesl3y:horizontal" ]
        },
        "boost_vertical3": {
          "transitions": [ { "default": "(1.0)" } ],
          "on_entry": ["/effect @s slow_falling 1 0 true", "/summon wesl3y:fly_boost ^ ^ ^-2 ~ ~ wesl3y:vertical2" ]
        },
        "boost_horizontal3": {
          "animations": ["timer.0_25"],
          "transitions": [ { "default": "query.all_animations_finished" } ],
          "on_entry": [ "/effect @s slow_falling 1 5 true", "/summon wesl3y:fly_boost ^ ^ ^-2 ~ ~ wesl3y:horizontal2" ]
        },
        
        "jump": {
          "transitions": [
            {"default": "query.property('wesl3y:fly') != 0"},
            {"default": "query.property('wesl3y:skywalk') != 1"},
            {"default": "query.is_on_ground"},
            {"default": "query.is_riding"},
            {"jump2": "query.is_jumping"}
          ]
        },
        "jump2": {
          "animations": ["timer.0_3"],
          "transitions": [
            {"default": "query.property('wesl3y:fly') != 0"},
            {"default": "query.is_riding"},
            {"default": "query.is_on_ground"},
            {"jump": "!query.is_jumping && q.all_animations_finished"}
          ],
          "on_entry": [
            "/tag @s add geppo"
          ],
          "on_exit": [
            "/particle wesl3y:geppo ~~-1.5~",
            "/playsound geppo @s ~~~ 0.5"
          ]
        }
      }
    },
    "controller.animation.head": {
      "initial_state": "default",
      "states": {
        "default": {
          "transitions": [
            { "wado_ichimonji": "query.is_item_name_any('slot.armor.head', 0, 'wesl3y:wado_ichimonji')"}
          ],
          "on_entry": [
            "/tag @s remove wado_ichimonji"
          ]
        },
        "wado_ichimonji": {
          "transitions": [
            { "default": "!query.is_item_name_any('slot.armor.head', 0, 'wesl3y:wado_ichimonji')"}
          ],
          "on_entry": [
            "/tag @s add wado_ichimonji"
          ],
          "on_exit": [
            "/tag @s remove wado_ichimonji"
          ]
        }
      }
    },
    "controller.animation.main_hand": {
      "states": {
        "default": {
          "transitions": [
            { "fruit": "query.equipped_item_any_tag('slot.weapon.mainhand','fruit')"},
            { "style": "query.equipped_item_any_tag('slot.weapon.mainhand','style')"}
          ],
          "on_entry": [
            "/tag @s remove item_fruit",
            "/tag @s remove item_style"
          ]
        },
        "fruit": {
          "transitions": [
            { "default": "!query.equipped_item_any_tag('slot.weapon.mainhand','fruit')"}
          ],
          "on_entry": [
            "/tag @s add item_fruit"
          ],
          "on_exit": [
            "/tag @s remove item_fruit"
          ]
        },
        "style": {
          "transitions": [
            { "default": "!query.equipped_item_any_tag('slot.weapon.mainhand','style')"}
          ],
          "on_entry": [
            "/tag @s add item_style"
          ],
          "on_exit": [
            "/tag @s remove item_style"
          ]
        }
      }
    },
    "controller.animation.off_hand": {
      "initial_state": "default",
      "states": {
        "default": {
          "transitions": [
            { "ame_no_habakiri": "query.get_equipped_item_name('off_hand') =='ame_no_habakiri' && !q.is_item_name_any('slot.armor.head', 0, 'wesl3y:wado_ichimonji')"},
            { "wado_ichimonji": "query.get_equipped_item_name('off_hand') =='sandai_kitetsu' && q.is_item_name_any('slot.armor.head', 0, 'wesl3y:wado_ichimonji')"},
            { "yubashiri": "query.get_equipped_item_name('off_hand') =='yubashiri'"}
          ],
          "on_entry": [
            "/tag @s remove ame_no_habakiri",
            "/tag @s remove sandai_kitetsu",
            "/tag @s remove wado_ichimonji",
            "/tag @s remove yubashiri"
          ]
        },
        "ame_no_habakiri": {
          "transitions": [
            { "default": "query.get_equipped_item_name('off_hand') !='ame_no_habakiri'"}
          ],
          "on_entry": [
            "/tag @s add ame_no_habakiri"
          ],
          "on_exit": [
            "/tag @s remove ame_no_habakiri"
          ]
        },
        "wado_ichimonji": {
          "transitions": [
            { "default": "query.get_equipped_item_name('off_hand') !='sandai_kitetsu'"},
            { "default": "!q.is_item_name_any('slot.armor.head', 0, 'wesl3y:wado_ichimonji')"}
          ],
          "on_entry": [
            "/tag @s add wado_ichimonji",
            "/tag @s add sandai_kitetsu"
          ],
          "on_exit": [
            "/tag @s remove wado_ichimonji",
            "/tag @s remove sandai_kitetsu"
          ]
        },
        "yubashiri": {
          "transitions": [
            { "default": "query.get_equipped_item_name('off_hand') !='yubashiri'"}
          ],
          "on_entry": [
            "/tag @s add yubashiri"
          ],
          "on_exit": [
            "/tag @s remove yubashiri"
          ]
        }
      }
    },
    "controller.animation.is_moving": {
      "initial_state": "moving",
      "states": {
        "default": {
          "transitions": [
            {
              "moving": "query.ground_speed > 0.1"
            }
          ]
        },
        "moving": {
          "transitions": [
            {
              "default": "query.ground_speed < 0.1"
            }
          ],
          "on_entry": [
            "/tag @s add is_moving"
          ],
          "on_exit": [
            "/tag @s remove is_moving"
          ]
        }
      }
    },
    "controller.animation.is_on_ground": {
      "initial_state": "ground",
      "states": {
        "default": {
          "transitions": [
            {
              "ground": "query.is_on_ground"
            },
            {
              "no_ground": "!query.is_on_ground"
            }
          ],
          "on_entry": [
            "/tag @s remove ground",
            "/tag @s remove no_ground"
          ]
        },
        "ground": {
          "transitions": [
            {
              "default": "!query.is_on_ground"
            }
          ],
          "on_entry": [
            "/tag @s add ground",
            "/tag @s remove no_ground"
          ]
        },
        "no_ground": {
          "transitions": [
            {
              "default": "query.is_on_ground"
            }
          ],
          "on_entry": [
            "/tag @s add no_ground",
            "/tag @s remove ground"
          ]
        }
      }
    },
    "controller.animation.is_riding": {
      "initial_state": "default",
      "states": {
        "default": {
          "transitions": [
            {
              "riding": "!query.is_riding"
            }
          ]
        },
        "riding": {
          "transitions": [
            {
              "default": "query.is_riding"
            }
          ],
          "on_entry": [
            "/tag @s remove is_riding"
          ],
          "on_exit": [
            "/tag @s add is_riding"
          ]
        }
      }
    },
    "controller.animation.is_sneaking": {
      "initial_state": "default",
      "states": {
        "default": {
          "transitions": [
            {
              "sneaking": "query.is_sneaking"
            },
            {
              "no_sneaking": "!query.is_sneaking"
            }
          ]
        },
        "sneaking": {
          "transitions": [
            {
              "default": "!query.is_sneaking"
            }
          ],
          "on_entry": [
            "/tag @s add is_sneaking"
          ],
          "on_exit": [
            "/tag @s remove is_sneaking"
          ]
        },
        "no_sneaking": {
          "transitions": [
            {
              "default": "query.is_sneaking"
            }
          ],
          "on_entry": [
            "/tag @s remove is_sneaking"
          ],
          "on_exit": [
            "/tag @s add is_sneaking"
          ]
        }
      }
    },
    "controller.animation.is_using_item": {
      "initial_state": "default",
      "states": {
        "default": {
          "transitions": [
            {
              "item": "!query.is_using_item"
            }
          ]
        },
        "item": {
          "transitions": [
            {
              "default": "query.is_using_item"
            }
          ],
          "on_entry": [
            "/tag @s remove is_using_item"
          ],
          "on_exit": [
            "/tag @s add is_using_item"
          ]
        }
      }
    },
    "controller.animation.lunaria": {
      "initial_state": "default",
      "states": {
        "default": {
          "transitions": [
            {
              "1": "query.property('wesl3y:race') == 4 && query.property('wesl3y:lunaria') == 1"
            },
            {
              "2": "query.property('wesl3y:race') == 4 && query.property('wesl3y:lunaria') == 2"
            }
          ]
        },
        "2": {
          "animations": ["timer.0_5"],
          "transitions": [
            {
              "default": "q.all_animations_finished"
            }
          ],
          "on_entry": [
            "/effect @s[scores={level=..30}] speed 5 1 true",
            "/effect @s[scores={level=31..70}] speed 5 2 true",
            "/effect @s[scores={level=71..}] speed 5 3 true"
          ]
        },
        "1": {
          "animations": ["timer.0_5"],
          "transitions": [
            {
              "default": "q.all_animations_finished"
            }
          ],
          "on_entry": [
            "/effect @s slowness 5 1 true",
            "/effect @s[scores={level=..30}] resistance 5 0 true",
            "/effect @s[scores={level=31..70}] resistance 5 1 true",
            "/effect @s[scores={level=71..}] resistance 5 2 true"
          ]
        }
      }
    },
    "controller.animation.lunaria2": {
      "initial_state": "default",
      "states": {
        "default": {
          "transitions": [
            {
              "item": "q.property('wesl3y:mode') == 0 && q.property('wesl3y:race') == 4 && q.property('wesl3y:lunaria') == 2 && q.is_sprinting && q.is_on_ground"
            },
            {
              "item2": "q.property('wesl3y:race') == 4 && q.property('wesl3y:lunaria') == 2 && q.property('wesl3y:fly') == 5"
            }
          ]
        },
        "item": {
          "transitions": [
            {
              "default": "q.property('wesl3y:mode') != 0 || query.property('wesl3y:empty') != 0 || query.property('wesl3y:mode') != 0 || query.property('wesl3y:fly') != 0 || query.property('wesl3y:skill') != 0 || !q.is_sprinting || q.is_riding"
            },
            {
              "item2": "!q.is_on_ground"
            }
          ]
        },
        "item2": {
          "animations": ["fly_lunaria"],
          "transitions": [
            {
              "default": "q.property('wesl3y:mode') != 0 || query.property('wesl3y:empty') != 0 || query.property('wesl3y:mode') != 0 || query.property('wesl3y:skill') != 0 || q.is_riding || q.is_on_ground"
            }
          ],
          "on_entry": [
            "/event entity @s wesl3y:fly5"
          ],
          "on_exit": [
            "/event entity @s wesl3y:fly"
          ]
        }
      }
    }
  }
}