{
  "format_version": "1.10.0",
  "minecraft:client_entity": {
    "description": {
      "identifier": "stk:ofapunches",
      "materials": {
        "default": "entity_emissive_alpha"
      },
      "textures": {
        "default": "textures/entity/ofapunches"
      },
      "geometry": {
        "default": "geometry.ofapunches"
      },
      "animations": {
        "move": "animation.ofapunches.ofapunches"
      },
      "scripts": {
        "animate": [
          "move"
        ]
      },
      "render_controllers": [
        "controller.render.ofapunches"
      ]
    }
  }
}