{
	"format_version": "1.10.0",
	"particle_effect": {
		"description": {
			"identifier": "wesl3y:kuririn_ki2",
			"basic_render_parameters": {
				"material": "particles_blend",
				"texture": "textures/particle/ki"
			}
		},
		"components": {
			"minecraft:emitter_initialization": {},
			"minecraft:emitter_local_space": {
				"position": true,
				"rotation": true
			},
			"minecraft:emitter_rate_instant": {
				"num_particles": 4
			},
			"minecraft:emitter_lifetime_once": {
				"active_time": 0.1
			},
			"minecraft:emitter_shape_disc": {
				"offset": [0, -1, 0],
				"radius": 1,
				"surface_only": true,
				"direction": "inwards"
			},
			"minecraft:particle_lifetime_expression": {
				"max_lifetime": 0.4
			},
			"minecraft:particle_initial_speed": "math.random(1, 2)",
			"minecraft:particle_motion_dynamic": {
				"linear_acceleration": [0, 35, 0]
			},
			"minecraft:particle_appearance_billboard": {
				"size": ["1 + (1 * v.particle_age)", "1 + (1 * v.particle_age)"],
				"facing_camera_mode": "direction_y",
				"uv": {
					"texture_width": 16,
					"texture_height": 16,
					"uv": [0, 0],
					"uv_size": [16, 16]
				}
			},
			"minecraft:particle_appearance_tinting": {
				"color": {
					"interpolant": "v.particle_age",
					"gradient": {
						"0.1": "#B589D8FF",
						"0.4": "#0089D8FF"
					}
				}
			}
		}
	}
}