{
  "format_version": "1.10.0",
  "particle_effect": {
    "description": {
      "identifier": "wesl3y:kick_phoenix2",
      "basic_render_parameters": {
        "material": "particles_alpha",
        "texture": "textures/particle/tori_phoenix"
      }
    },
    "components": {
      "minecraft:emitter_rate_instant": {
        "num_particles": 17
      },
      "minecraft:emitter_lifetime_once": {
        "active_time": 1
      },
      "minecraft:emitter_shape_point": {
        "offset": ["Math.random( -1.5, 1.5 )", "Math.random( -1.5, 1.5 )", "Math.random( -1.5, 1.5 )"]
      },
      "minecraft:particle_lifetime_expression": {
        "max_lifetime": 1.8
      },
      "minecraft:particle_initial_speed": 0.25,
      "minecraft:particle_motion_dynamic": {},
      "minecraft:particle_appearance_billboard": {
        "size": [0.2, 0.2],
        "facing_camera_mode": "lookat_xyz",
        "uv": {
          "texture_width": 16,
          "texture_height": 16,
          "uv": [ 0, 0 ],
          "uv_size": [ 16, 16 ]
        }
      }
    }
  }
}