{
  "format_version": "1.10.0",
  "particle_effect": {
    "description": {
      "identifier": "wesl3y:phoenix_bird_blue2",
      "basic_render_parameters": {
        "material": "particles_blend",
        "texture": "textures/particle/tori_phoenix"
      }
    },
    "components": {
      "minecraft:emitter_rate_instant": {
        "num_particles": 5
      },
      "minecraft:emitter_lifetime_once": {
        "active_time": 1
      },
      "minecraft:emitter_shape_sphere": {
      },
      "minecraft:particle_lifetime_expression": {
        "max_lifetime": "math.random(0.5, 0.75)"
      },
      "minecraft:particle_initial_spin": {
		"rotation": 1,
		"rotation_rate": 360
	  },
      "minecraft:particle_initial_speed": 7,
      "minecraft:particle_motion_dynamic": {
        "linear_drag_coefficient": 2
      },
      "minecraft:particle_appearance_billboard": {
        "size": [0.3, 0.3],
        "facing_camera_mode": "lookat_xyz",
        "uv": {
          "texture_width": 16,
          "texture_height": 16,
          "uv": [0, 0],
          "uv_size": [16,16]
        }
      },
      "minecraft:particle_appearance_tinting": {
        "color": {
          "interpolant": "v.particle_age",
          "gradient": {
            "0.2": "#FFFFFFFF",
            "0.75": "#00FFFFFF"
          }
        }
      }
    }
  }
}