{
  "format_version": "1.10.0",
  "particle_effect": {
    "description": {
      "identifier": "wesl3y:phoenix_bird_blue",
      "basic_render_parameters": {
        "material": "particles_blend",
        "texture": "textures/particle/particles2"
      }
    },
    "components": {
      "minecraft:emitter_rate_instant": {
        "num_particles": 2
      },
      "minecraft:emitter_lifetime_once": {
        "active_time": 1
      },
      "minecraft:emitter_shape_point": {},
      "minecraft:particle_lifetime_expression": {
        "max_lifetime": "Math.random( 0.75, 1.25 )"
      },
	  "minecraft:particle_initial_spin": {
		"rotation": "math.random(-360, 0)",
		"rotation_rate": "math.random(-360, 360)"
	  },
      "minecraft:particle_initial_speed": 0,
      "minecraft:particle_motion_dynamic": {},
      "minecraft:particle_appearance_billboard": {
        "size": ["variable.particle_random_1 * variable.particle_random_2 * 1 + 1", "variable.particle_random_1 * variable.particle_random_2 * 1 + 1"],
        "facing_camera_mode": "lookat_xyz",
        "uv": {
          "texture_width": 320,
          "texture_height": 32,
          "flipbook": {
            "base_UV": [0, 0],
            "size_UV": [32, 32],
            "step_UV": [32, 0],
            "frames_per_second": 10,
            "max_frame": 10,
            "stretch_to_lifetime": false
          }
        }
      },
      "minecraft:particle_appearance_tinting": {
        "color": {
          "interpolant": "v.particle_age",
          "gradient": {
            "0.2": "#FF00CCCC",
            "1.25": "#0000CCCC"
          }
        }
      }
    }
  }
}