{
  "format_version": "1.10.0",
  "particle_effect": {
    "description": {
      "identifier": "wesl3y:smoke_white.big",
      "basic_render_parameters": {
        "material": "particles_blend",
        "texture": "textures/particle/particles12"
      }
    },
    "components": {
      "minecraft:emitter_rate_instant": {
        "num_particles": 75
      },
      "minecraft:emitter_lifetime_once": {
        "active_time": 1
      },
      "minecraft:emitter_shape_sphere": {
        "offset": [0, 0.5, 0],
        "radius": 1.0,
        "surface_only": false,
        "direction": "outwards"
      },
      "minecraft:particle_lifetime_expression": {
        "max_lifetime": "math.random(1.0, 1.5)"
      },
      "minecraft:particle_initial_spin": {
        "rotation_rate": "math.random(-90, 90)"
      },
      "minecraft:particle_initial_speed": "math.random(5, 20)",
      "minecraft:particle_motion_dynamic": {
        "linear_drag_coefficient": 2
      },
      "minecraft:particle_appearance_billboard": {
        "size": ["(variable.particle_random_1 * variable.particle_random_2 * 1 + 1) + (3 * variable.particle_age)", "(variable.particle_random_1 * variable.particle_random_2 * 1 + 1) + (3 * variable.particle_age)"],
        "facing_camera_mode": "lookat_xyz",
        "uv": {
          "texture_width": 32,
          "texture_height": 32,
          "uv": [0, 0],
          "uv_size": [32, 32]
        }
      },
      "minecraft:particle_appearance_tinting": {
        "color": {
          "interpolant": "v.particle_age",
          "gradient": {
            "0.2": "#80ffffff",
            "1.5": "#00ffffff"
          }
        }
      }
    }
  }
}