{
  "format_version": "1.12.0",
  "minecraft:entity": {
    "description": {
      "identifier": "jedy:kamui_shuriken_bomb",
      "is_spawnable": false,
      "is_summonable": true,
      "is_experimental": false
    },
    "components": {
      "minecraft:type_family": {
        "family": [ "kamui_shuriken_bomb", "inanimado" ]
      },
      "minecraft:collision_box": {
        "width": 0.98,
        "height": 0.98
      },

      "minecraft:explode": {
        "fuse_length": 0.01,
        "fuse_lit": true,
        "breaks_blocks": false,
        "causes_fire": false
      },
	    "minecraft:physics": {
      },
      "minecraft:pushable": {
        "is_pushable": false,
        "is_pushable_by_piston": true
      }
    }
  }
}
