{
  "format_version": "1.8.0",
  "minecraft:entity": {
    "description": {
      "identifier": "jedy:treino1",
      "is_spawnable": false,
      "is_summonable": true,
      "is_experimental": false
    },
    "components": {
"minecraft:damage_sensor": {
        "triggers": [
          {
            "on_damage": {
              "filters": { "test" :  "is_family", "subject" : "other", "value" :  "player" }
            },
            "deals_damage": false,
	"run_command": {
		  "command": [
        "give @p jedy:nano_chakra"
		  ]
		}
}
         ]
          },
      "minecraft:type_family": {
        "family": [ "mushroomcow" ]
      },
      "minecraft:knockback_resistance": {
        "value": 1.0
      },
      "minecraft:push_through": {
        "value": 1.0
      },
      "minecraft:breathable": {
        "totalSupply": 15,
        "suffocateTime": 0
      },
      "minecraft:collision_box": {
        "width": 0.9,
        "height": 1.3
      },
      "minecraft:nameable": {
      },
      "minecraft:health": {
        "value": 10,
        "max": 10
      },
      "minecraft:movement": {
        "value": 0.0
      },
      "minecraft:navigation.walk": {
        "can_path_over_water": true,
        "avoid_water": true,
        "avoid_damage_blocks": true
      },
      "minecraft:movement.basic": {    
      },
      "minecraft:jump.static": {
      },
      "minecraft:can_climb": {
      },
      "minecraft:fall_damage": {
        "value": 0.0
      },
      "minecraft:balloonable": {
      },
      "minecraft:behavior.float": {
        "priority": 0
      },
      "minecraft:behavior.panic": {
        "priority": 0,
        "speed_multiplier": 0.0
      },
      "minecraft:behavior.mount_pathing": {
        "priority": 0,
        "speed_multiplier": 0.0,
        "target_dist": 0.0,
        "track_target": true
      },
	    "minecraft:physics": {
      }
    },


    "events": {
      "become_cow": {
        "remove": {
        },
        "add": {
          "component_groups": [
            "minecraft:mooshroom_become_cow"
          ]
        }
      },
      "minecraft:entity_transformed": {
        "remove": {
        },
        "add": {
          "component_groups": [
            "minecraft:cow_adult"
          ]
        }
      },
      "minecraft:entity_spawned": {
        "randomize": [
          {
            "weight": 100,
            "remove": {
            },
            "add": {
              "component_groups": [
                "minecraft:cow_adult"
              ]
            }
          }
        ]
      }
    }
  }
}
