{ 
  "format_version": "1.13.0",

  "minecraft:entity": {

    "description": {

      "identifier": "stk:gokunpc",
"properties": {
          "property:wow": {
          "client_sync": true,
          "range": [
            0,
            2
          ],
          "type": "int",
          "default": 0
          }
        },
      "is_spawnable": true,

      "is_summonable": true,

      "is_experimental": false

    },

    "component_groups": {

      "despawn": {

        "minecraft:instant_despawn": {}

      }

    },

    "components": {

      "minecraft:type_family": {

        "family": ["npc","gokunpc","zfighter"]

      },

      "minecraft:collision_box": {

        "width": 0.6,

        "height": 1.8

      },

      "minecraft:health": {

        "value": 1,

        "max": 1

      },

      "minecraft:knockback_resistance": {

        "value": 1

      },

      "minecraft:damage_sensor": {

        "triggers": {

          "deals_damage": false

        }

      },
      "minecraft:interact": {

        "interactions": {

          "on_interact": {

            "filters": {

              "test": "is_family",

              "subject": "other",

              "operator": "==",

              "value": "player"

            },

            "event": "interact",

            "target": "self"

          },

          "interact_text": "§eTalk (Right Click) \nShop (left click)"

        }

      },

      "minecraft:pushable": {

        "is_pushable": false,

        "is_pushable_by_piston": false

      },

      "minecraft:nameable": {

        "always_show": true

      },

      "minecraft:fire_immune": true,

      "minecraft:persistent": {},

      "minecraft:physics": {},

      "minecraft:conditional_bandwidth_optimization": {}

    },

    "events": {

"interact": {
        "sequence": [
          {
            "queue_command": {
              "command": [
        "scoreboard objectives add talk dummy",
        "scoreboard players random @s[tag=g1talk] talk 1 4",
        "tellraw @s[scores={talk=1},tag=g1talk] {\"rawtext\":[{\"text\":\"<goku> Que fome!\"}]}",
        "tellraw @s[scores={talk=2},tag=g1talk] {\"rawtext\":[{\"text\":\"<goku> Uma luta entre eu e você? Seria divertido, você é forte?\"}]}",
        "tellraw @s[scores={talk=3},tag=g1talk] {\"rawtext\":[{\"text\":\"<goku> Por que a chi-chi briga tanto comigo? Ela fala que até o Piccolo é mais pai do Gohan do que eu!\"}]}",
        "tellraw @s[scores={talk=4},tag=g1talk] {\"rawtext\":[{\"text\":\"<goku> Por que existem tantas copias minhas por ai? É algo que me faz pensar.\"}]}",
        "execute as @p[r=7,tag=!g1talk,tag=!gq1] at @s run summon stk:ptalk ~~~ facing @s stk:open",
    "execute as @p[r=7,tag=!g1talk,tag=!gq1] at @s run tp @s @s",       "execute as @p[r=7,tag=!g1talk,tag=!gq1] at @s run camera @s fade time 0 0.5 0.5 color 0 0 0",     
    "execute as @p[r=7,tag=!g1talk,tag=!gq1] at @s run camera @s set minecraft:free pos ^1.4^1.5^-0.5 facing @e[r=7,type=stk:gokunpc]",
    "execute as @p[r=7,tag=gq1] at @s run summon stk:ptalk3 ~~~ facing @s stk:open",
    "execute as @p[r=7,tag=gq1] at @s run tp @s @s",       "execute as @p[r=7,tag=gq1] at @s run camera @s fade time 0 0.5 0.5 color 0 0 0",     
    "execute as @p[r=7,tag=gq1] at @s run camera @s set minecraft:free pos ^1.4^1.5^-0.5 facing @e[r=7,type=stk:gokunpc]",
    "tag @s add g1talk"
              ],
              "target": "other"
            }
          },
          {
            "queue_command": {
              "command": [
                  "event entity @s wow"
              ],
              "target": "self"
            }
          }
        ]
      },
"wow": {
  "set_property": {
    "property:wow": 1
  }
},
"wow2": {
  "set_property": {
    "property:wow": 2
  }
},
"wow.no": {
  "set_property": {
    "property:wow": 0
  }
},
      "despawn": {

        "add": {

          "component_groups": [

            "despawn"

          ]

        }

      }

    }
  }
}
