{
  "format_version": "1.8.0",
  "render_controllers": {
    "controller.render.g5": {
      "arrays": {
        "textures": {
          "Array.ff": [
            
            "Texture.g51",
            "Texture.g52",
            "Texture.g53",
            "Texture.g54"
           
          ]
        }
      },
      "rebuild_animation_matrices": true,
      "geometry": "Geometry.g5",
      "materials": [
        {
          "*": "Material.default"
        }
      ],
      "textures": [
        "Array.ff[(query.anim_time * 4)]"
      ]
    }
  }
}








 











