{
  "format_version": "1.10.0",
  "render_controllers": {
    "controller.render.leopardv1": {
      "geometry": "Geometry.leopardv1",
      "textures": [
        "Texture.leopardv1"
      ],
      "materials": [
        {
          "*": "Material.default"
        }
      ]
    },
    "controller.render.leopardv1_2": {
      "geometry": "Geometry.leopardv1_2",
      "textures": [
        "Texture.default"
      ],
      "materials": [
        {
          "*": "Material.default"
        }
      ]
    }
  }
}