{
  "format_version": "1.10.0",
  "render_controllers": {
    "controller.render.leopardv2": {
      "geometry": "Geometry.leopardv2",
      "textures": [
        "Texture.leopardv2"
      ],
      "materials": [
        {
          "*": "Material.default"
        }
      ]
    },
    "controller.render.leopardv2_2": {
      "geometry": "Geometry.leopardv2_2",
      "textures": [
        "Texture.default"
      ],
      "materials": [
        {
          "*": "Material.default"
        }
      ]
    }
  }
}