{
  "format_version": "1.10.0",
  "render_controllers": {
    "controller.render.uoshybrid": {
      "geometry": "Geometry.uoshybrid",
      "textures": [
        "Texture.uoshybrid"
      ],
      "materials": [
        {
          "*": "Material.blend"
        }
      ]
    },
    "controller.render.uoshybrid_2": {
      "geometry": "Geometry.uoshybrid_2",
      "textures": [
        "Texture.default"
      ],
      "materials": [
        {
          "*": "Material.default"
        }
      ]
    }
  }
}
































