{
  "format_version": "1.8.0",
  "animations": {
    "animation.luffy_gear2.default": {
      "loop": true,
      "bones": {
        "waist": {
          "rotation": ["1.25 + math.cos(q.anim_time * 150) * 2.5", 0, 0]
        },
        "rightArm": {
          "rotation": [0, 0, "5 + math.cos(q.anim_time * 150) * -5"],
          "position": [0, "-math.cos(q.anim_time * 150) * 0.5", 0]
        },
        "leftArm": {
          "rotation": [0, 0, "-5 + math.cos(q.anim_time * 150) * 5"],
          "position": [0, "-math.cos(q.anim_time * 150) * 0.5", 0]
        },
        "rightLeg": {
          "rotation": [0, 0, 2.5],
          "position": [0, 0, -0.5]
        },
        "leftLeg": {
          "rotation": [0, -7.5, -2.5]
        }
      }
    },
    "animation.luffy_gear2.transform": {
      "loop": "hold_on_last_frame",
      "animation_length": 2,
      "override_previous_animation": true,
      "bones": {
        "head": {
          "rotation": {
            "0.0": [0, 0, 0],
            "0.5": [20, 0, 0],
            "1.75": [20, 0, 0],
            "2.0": [0, 0, 0]
          },
          "position": {
            "0.0": [0, 0, 0],
            "0.5": [0, -1, -1],
            "1.75": [0, -1, -1],
            "2.0": [0, 0, 0]
          }
        },
        "rightArm": {
          "rotation": {
            "0.0": [0, 0, 0],
            "0.5": [-47.5, 0, 0],
            "1.75": [-47.5, 0, 0],
            "2.0": [0, 0, 0]
          },
          "position": {
            "0.0": [0, 0, 0],
            "0.5": [2, -2, -3],
            "1.75": [2, -2, -3],
            "2.0": [0, 0, 0]
          }
        },
        "leftArm": {
          "rotation": {
            "0.0": [0, 0, 0],
            "0.25": [-12.5, 0, -22.5],
            "1.75": [-12.5, 0, -22.5],
            "2.0": [0, 0, 0]
          },
          "position": {
            "0.0": [0, 0, 0],
            "0.25": [0, 0.5, 1],
            "1.75": [0, 0.5, 1],
            "2.0": [0, 0, 0]
          }
        },
        "rightLeg": {
          "rotation": {
            "0.0": [0, 0, 0],
            "0.25": [0, 0, 5],
            "1.75": [0, 0, 5],
            "2.0": [0, 0, 0]
          },
          "position": {
            "0.0": [0, 0, 0],
            "0.25": [-3, 0, 0],
            "1.75": [-3, 0, 0],
            "2.0": [0, 0, 0]
          }
        },
        "leftLeg": {
          "rotation": {
            "0.0": [0, 0, 0],
            "0.25": [0, 0, -5],
            "1.75": [0, 0, -5],
            "2.0": [0, 0, 0]
          },
          "position": {
            "0.0": [0, 0, 0],
            "0.25": [3, 0, 0],
            "1.75": [3, 0, 0],
            "2.0": [0, 0, 0]
          }
        },
        "waist": {
          "rotation": {
            "0.0": [0, 0, 0],
            "0.25": [47.5, 0, 0],
            "1.75": [47.5, 0, 0],
            "2.0": [0, 0, 0]
          },
          "position": {
            "0.0": [0, 0, 0],
            "0.25": [0, -2.5, 2],
            "1.75": [0, -2.5, 2],
            "2.0": [0, 0, 0]
          }
        },
        "rightForeArm": {
          "scale": {
            "0.0": [1, 1, 1],
            "0.25": [1, 1.5, 1],
            "1.75": [1, 1.5, 1],
            "2.0": [1, 1, 1]
          }
        }
      },
      "sound_effects": {
        "0.25": {
          "effect": "luffy_gear2"
        }
      }
    },
    "animation.luffy_gear2.attack1": {
      "loop": "hold_on_last_frame",
      "animation_length": 0.52,
      "bones": {
        "waist": {
          "rotation": {
            "0.0": [2.29726, 62.45024, -4.56206],
            "0.0833": [22.5, -27.5, 12.5],
            "0.25": [22.5, -27.5, 12.5],
            "0.5": [0, 55, 0]
          },
          "position": {
            "0.0": [0, 0.5, 0],
            "0.0833": [0, 0, 0],
            "0.25": [0, 0, 0],
            "0.5": [0, 0, 0]
          }
        },
        "rightArm": {
          "rotation": {
            "0.0": [-1.83505, 0.51037, 96.38568],
            "0.0833": [-67.5, 27.5, 77.5],
            "0.25": [-67.5, 27.5, 77.5],
            "0.5": [-25, 0, 72.5]
          },
          "position": {
            "0.0": [-0.5, -0.5, 0.5],
            "0.5": [0, 0, 0]
          }
        },
        "rightLeg": {
          "rotation": {
            "0.0": [0.90544, 32.5743, -2.96423],
            "0.0833": [84.36116, -23.30349, 20.16266],
            "0.25": [84.36116, -23.30349, 20.16266],
            "0.5": [6.01316, 39.76716, 5.77236]
          },
          "position": {
            "0.0": [1, 0, 2],
            "0.0833": [-0.5, -1, -1],
            "0.25": [-0.5, -1, -1],
            "0.5": [0, 0, 2]
          }
        },
        "leftLeg": {
          "rotation": {
            "0.0": [2.5, 0, 0],
            "0.0833": [-12.5, -35, 0],
            "0.25": [-12.5, -35, 0],
            "0.5": [-0.66963, 14.98539, -2.58807]
          },
          "position": {
            "0.0": [-1.5, 3.5, -5.5],
            "0.0833": [1.5, 0, -2],
            "0.25": [1.5, 0, -2],
            "0.5": [0, 0, -2.5]
          }
        },
        "leftArm": {
          "rotation": {
            "0.0": [-195.46981, 15.5649, -89.86221],
            "0.0833": [31.93488, 2.86313, -44.82648],
            "0.25": [31.93488, 2.86313, -44.82648],
            "0.5": [0, 0, -42.5]
          },
          "position": {
            "0.0": [-3, -1, -4.5],
            "0.0833": [0, 0, 0],
            "0.25": [0, 0, 0],
            "0.5": [0, 0, 0]
          }
        },
        "rightForeArm": {
          "scale": {
            "0.0417": [1, 1, 1],
            "0.0833": [1, 10, 1],
            "0.25": [1, 10, 1],
            "0.2917": [1, 1, 1]
          }
        },
        "root": {
          "rotation": {
            "0.0": [0, "55 + q.target_y_rotation", 0],
            "0.0833": [0, "q.target_y_rotation", 0],
            "0.25": [0, "q.target_y_rotation", 0],
            "0.5": [0, "55 + q.target_y_rotation", 0]
          }
        }
      }
    },
    "animation.luffy_gear2.attack2": {
      "loop": "hold_on_last_frame",
      "animation_length": 0.52,
      "bones": {
        "root": {
          "rotation": [0, "q.target_y_rotation", 0]
        },
        "leftLeg": {
          "rotation": {
            "0.0417": [-7.41082, -2.57686, -7.12086],
            "0.125": [0, -75, 0],
            "0.25": [0, -75, 0],
            "0.5": [-7.41082, -2.57686, -7.12086]
          },
          "position": {
            "0.0417": [-1, 0, -1.5],
            "0.125": [0, 0, 2],
            "0.25": [0, 0, 2],
            "0.5": [-1, 0, -1.5]
          }
        },
        "rightLeg": {
          "rotation": {
            "0.0417": [71.54525, 8.8355, 78.37729],
            "0.125": [-110.11901, 5.32, 90.4431],
            "0.25": [-110.11901, 5.32, 90.4431],
            "0.5": [71.54525, 8.8355, 78.37729]
          },
          "position": {
            "0.0417": [0, 0, 0],
            "0.125": [0, 0, -2.5],
            "0.25": [0, 0, -2.5],
            "0.5": [0, 0, 0]
          }
        },
        "waist": {
          "rotation": {
            "0.0417": [0, 51.875, 9.375],
            "0.125": [-15.63769, -63.96867, 29.80267],
            "0.25": [-15.63769, -63.96867, 29.80267],
            "0.5": [0, 51.875, 9.375]
          }
        },
        "rightArm": {
          "rotation": {
            "0.0417": [25.78888, -19.58499, 67.72074],
            "0.125": [10.92157, -1.90546, 65.01226],
            "0.25": [10.92157, -1.90546, 65.01226],
            "0.5": [25.78888, -19.58499, 67.72074]
          },
          "position": {
            "0.0417": [0, 0, 0],
            "0.125": [0, -1.5, 0],
            "0.25": [0, -1.5, 0],
            "0.5": [0, 0, 0]
          }
        },
        "leftArm": {
          "rotation": {
            "0.0417": [16.33113, 4.30876, -40.63146],
            "0.125": [35.17393, 10.17781, -60.68482],
            "0.25": [35.17393, 10.17781, -60.68482],
            "0.5": [16.33113, 4.30876, -40.63146]
          }
        },
        "rightForeLeg": {
          "scale": {
            "0.0417": [1, 1, 1],
            "0.0833": [1, 10, 1],
            "0.25": [1, 10, 1],
            "0.5": [1, 1, 1]
          }
        }
      }
    },
    "animation.luffy_gear2.attack3": {
      "loop": "hold_on_last_frame",
      "animation_length": 0.64,
      "bones": {
        "waist": {
          "rotation": {
            "0.0": [5, 0, 0],
            "0.1667": [10, 0, 0],
            "0.3333": [-7.5, 0, 0],
            "0.4583": [-7.5, 0, 0],
            "0.625": [12.5, 0, 0]
          },
          "position": {
            "0.0": [0, -1, 0],
            "0.4583": [0, -1, 0],
            "0.625": [0, -1, 1.25]
          }
        },
        "rightArm": {
          "rotation": {
            "0.1667": [-92.5, 10, 90],
            "0.3333": [-92.5, -7.5, 90],
            "0.4583": [-92.5, -7.5, 90],
            "0.625": [50, -5, 90]
          },
          "scale": {
            "0.2083": [1, -1, 1],
            "0.3333": [1, 1, 1],
            "0.4583": [1, 1, 1]
          }
        },
        "rightForeArm": {
          "scale": {
            "0.0": [1, 1, 1],
            "0.2083": [1, 12.5, 1],
            "0.3333": [1, 6, 1],
            "0.4167": [1, 6, 1],
            "0.5833": [1, 1, 1]
          }
        },
        "leftArm": {
          "rotation": {
            "0.1667": [-92.5, -10, -90],
            "0.3333": [-92.5, 7.5, -90],
            "0.4583": [-92.5, 7.5, -90],
            "0.625": [50, 5, -90]
          },
          "scale": {
            "0.2083": [1, -1, 1],
            "0.3333": [1, 1, 1],
            "0.4583": [1, 1, 1]
          }
        },
        "leftForeArm": {
          "scale": {
            "0.0": [1, 1, 1],
            "0.2083": [1, 12.5, 1],
            "0.3333": [1, 6, 1],
            "0.4167": [1, 6, 1],
            "0.5833": [1, 1, 1]
          }
        },
        "rightLeg": {
          "rotation": {
            "0.0": [15, 5, -2.5],
            "0.1667": [12.8799, 3.90095, 2.39255],
            "0.4583": [12.8799, 3.90095, 2.39255],
            "0.625": [-7.5, 5, 2.5]
          },
          "position": {
            "0.0": [-1.5, 0, -2.5],
            "0.625": [-1.5, 0, -0.5]
          }
        },
        "leftLeg": {
          "rotation": {
            "0.0": [17.5, -5, 2.5],
            "0.1667": [12.8799, -3.90095, -2.39255],
            "0.4583": [12.8799, -3.90095, -2.39255],
            "0.625": [-7.5, -5, -2.5]
          },
          "position": {
            "0.0": [1.5, 0, -2.5],
            "0.625": [1.5, 0, -1.5]
          }
        }
      }
    },
    "animation.luffy_gear2.attack4": {
      "loop": "hold_on_last_frame",
      "animation_length": 1.7,
      "bones": {
        "waist": {
          "rotation": {
            "0.0": [-10, 0, 0],
            "0.25": [52.5, "0+math.sin(q.anim_time * 2500) * 5", 0],
            "1.3333": [52.5, "0+math.sin(q.anim_time * 2500) * 5", 0],
            "1.5": [-5, 0, 0]
          },
          "position": {
            "0.0": [0, -1, 0],
            "0.25": [0, -1, 2.08],
            "1.3333": [0, -1, 2.08],
            "1.5": [0, -0.5, 0.5]
          }
        },
        "rightArm": {
          "rotation": {
            "0.0": [-60, 0, 55],
            "0.25": [-85, 45, 90],
            "1.3333": [-102.5, 0, 55],
            "1.5": [15, 0, 55]
          },
          "position": {
            "0.0": [0, -1, 2],
            "0.25": [0, 1, -3],
            "1.3333": [0, 1, -3],
            "1.5": [0, -1, 1]
          },
          "scale": {
            "0.2083": [1, 1, 1],
            "0.25": [0, 0, 0],
            "1.3333": [0, 0, 0],
            "1.375": [1, 1, 1]
          }
        },
        "leftArm": {
          "rotation": {
            "0.0": [-60, 0, -55],
            "0.25": [-85, -45, -90],
            "1.3333": [-102.5, 0, -55],
            "1.5": [15, 0, -55]
          },
          "position": {
            "0.0": [0, -1, 2],
            "0.25": [0, 1, -3],
            "1.3333": [0, 1, -3],
            "1.5": [0, -1, 1]
          },
          "scale": {
            "0.2083": [1, 1, 1],
            "0.25": [0, 0, 0],
            "1.3333": [0, 0, 0],
            "1.375": [1, 1, 1]
          }
        },
        "rightLeg": {
          "rotation": {
            "0.0": [7.5, 5, -2.5],
            "0.25": [5, -5, 0],
            "1.3333": [5, -5, 0],
            "1.5": [-2.05388, 5.19878, 2.51592]
          },
          "position": {
            "0.0": [-1.5, 0, -1.5],
            "0.25": [-0.5, 0, -3.5],
            "1.3333": [-0.5, 0, -3.5],
            "1.5": [-1, 0, 0]
          }
        },
        "leftLeg": {
          "rotation": {
            "0.0": [7.5, -5, 2.5],
            "0.25": [45, 0, 0],
            "1.3333": [45, 0, 0],
            "1.5": [-2.05388, -5.19878, -2.51592]
          },
          "position": {
            "0.0": [1.5, 0, -1.5],
            "0.25": [0.5, -2.25, 0],
            "1.3333": [0.5, -2.25, 0],
            "1.5": [1, 0, 0]
          }
        }
      },
      "particle_effects": {
        "0.2083": {
          "effect": "luffy_gear2_gatling2",
          "locator": "gearsecond_gatling2"
        },
        "0.25": {
          "effect": "luffy_gear2_gatling",
          "locator": "gearsecond_gatling"
        },
        "0.2917": {
          "effect": "luffy_gear2_gatling3",
          "locator": "gearsecond_gatling2"
        },
        "0.3333": {
          "effect": "luffy_gear2_gatling",
          "locator": "gearsecond_gatling"
        },
        "0.375": {
          "effect": "luffy_gear2_gatling2",
          "locator": "gearsecond_gatling2"
        },
        "0.4167": {
          "effect": "luffy_gear2_gatling",
          "locator": "gearsecond_gatling"
        },
        "0.4583": {
          "effect": "luffy_gear2_gatling3",
          "locator": "gearsecond_gatling2"
        },
        "0.5": {
          "effect": "luffy_gear2_gatling",
          "locator": "gearsecond_gatling"
        },
        "0.5417": {
          "effect": "luffy_gear2_gatling2",
          "locator": "gearsecond_gatling2"
        },
        "0.5833": {
          "effect": "luffy_gear2_gatling",
          "locator": "gearsecond_gatling"
        },
        "0.625": {
          "effect": "luffy_gear2_gatling3",
          "locator": "gearsecond_gatling2"
        },
        "0.6667": {
          "effect": "luffy_gear2_gatling",
          "locator": "gearsecond_gatling"
        },
        "0.7083": {
          "effect": "luffy_gear2_gatling2",
          "locator": "gearsecond_gatling2"
        },
        "0.75": {
          "effect": "luffy_gear2_gatling",
          "locator": "gearsecond_gatling"
        },
        "0.7917": {
          "effect": "luffy_gear2_gatling3",
          "locator": "gearsecond_gatling2"
        },
        "0.8333": {
          "effect": "luffy_gear2_gatling",
          "locator": "gearsecond_gatling"
        },
        "0.875": {
          "effect": "luffy_gear2_gatling2",
          "locator": "gearsecond_gatling2"
        },
        "0.9167": {
          "effect": "luffy_gear2_gatling",
          "locator": "gearsecond_gatling"
        },
        "0.9583": {
          "effect": "luffy_gear2_gatling3",
          "locator": "gearsecond_gatling2"
        },
        "1.0": {
          "effect": "luffy_gear2_gatling",
          "locator": "gearsecond_gatling"
        },
        "1.0417": {
          "effect": "luffy_gear2_gatling2",
          "locator": "gearsecond_gatling2"
        },
        "1.0833": {
          "effect": "luffy_gear2_gatling",
          "locator": "gearsecond_gatling"
        },
        "1.125": {
          "effect": "luffy_gear2_gatling3",
          "locator": "gearsecond_gatling2"
        },
        "1.1667": {
          "effect": "luffy_gear2_gatling",
          "locator": "gearsecond_gatling"
        },
        "1.2083": {
          "effect": "luffy_gear2_gatling2",
          "locator": "gearsecond_gatling2"
        },
        "1.25": {
          "effect": "luffy_gear2_gatling",
          "locator": "gearsecond_gatling"
        },
        "1.2917": {
          "effect": "luffy_gear2_gatling3",
          "locator": "gearsecond_gatling2"
        }
      }
    },
    "animation.luffy_gear2.attack5": {
      "loop": "hold_on_last_frame",
      "animation_length": 1.4,
      "bones": {
        "waist": {
          "rotation": {
            "0.0": [0, 7, 0],
            "0.2083": [0, 22, 0],
            "0.6667": [0, 22, 0],
            "0.875": [22.5, -27.5, 12.5],
            "1.125": [22.5, -27.5, 12.5],
            "1.25": [0, 55, 0]
          },
          "position": {
            "0.0": [0, 0, 0],
            "0.2083": [0, 0, 0],
            "0.6667": [0, 0, 0],
            "0.875": [0, 0, 0],
            "1.125": [0, 0, 0],
            "1.25": [0, 0, 0]
          }
        },
        "rightArm": {
          "rotation": {
            "0.0": [-39.33505, 0.51037, 96.38568],
            "0.2083": [65.66495, 0.51037, 96.38568],
            "0.6667": [65.66495, 0.51037, 96.38568],
            "0.875": [-67.5, 27.5, 77.5],
            "1.125": [-67.5, 27.5, 77.5],
            "1.25": [-25, 0, 72.5]
          },
          "position": {
            "0.2083": [-0.5, -0.5, 0.5],
            "0.6667": [-0.5, -0.5, 0.5],
            "1.25": [0, 0, 0]
          }
        },
        "rightLeg": {
          "rotation": {
            "0.2083": [5, 0, 5],
            "0.6667": [5, 0, 5],
            "0.875": [84.36116, -23.30349, 20.16266],
            "1.125": [84.36116, -23.30349, 20.16266],
            "1.25": [6.01316, 39.76716, 5.77236]
          },
          "position": {
            "0.2083": [-0.5, 0, -0.5],
            "0.6667": [-0.5, 0, -0.5],
            "0.875": [-0.5, -1, -1],
            "1.125": [-0.5, -1, -1],
            "1.25": [0, 0, 2]
          }
        },
        "leftLeg": {
          "rotation": {
            "0.2083": [5, 0, -5],
            "0.6667": [5, 0, -5],
            "0.875": [-12.5, -35, 0],
            "1.125": [-12.5, -35, 0],
            "1.25": [-0.66963, 14.98539, -2.58807]
          },
          "position": {
            "0.2083": [0.5, 0, -0.5],
            "0.6667": [0.5, 0, -0.5],
            "0.875": [1.5, 0, -2],
            "1.125": [1.5, 0, -2],
            "1.25": [0, 0, -2.5]
          }
        },
        "leftArm": {
          "rotation": {
            "0.0": [-107.96981, 15.5649, -89.86221],
            "0.2083": [-155.46981, 15.5649, -89.86221],
            "0.6667": [-155.46981, 15.5649, -89.86221],
            "0.875": [31.93488, 2.86313, -44.82648],
            "1.125": [31.93488, 2.86313, -44.82648],
            "1.25": [0, 0, -42.5]
          },
          "position": {
            "0.2083": [0, -1, -2.5],
            "0.6667": [0, -1, -2.5],
            "0.875": [0, 0, 0],
            "1.125": [0, 0, 0],
            "1.25": [0, 0, 0]
          }
        },
        "rightForeArm": {
          "scale": {
            "0.1667": [1, 1, 1],
            "0.25": [1, 10, 1],
            "0.5833": [1, 10, 1],
            "0.7083": [1, 1, 1],
            "0.8333": [1, 1.5, 1],
            "1.125": [1, 2, 1],
            "1.1667": [1, 1, 1]
          }
        },
        "root": {
          "rotation": {
            "0.2083": [0, "0 +q.target_y_rotation", 0],
            "0.5417": [0, "0 +q.target_y_rotation", 0],
            "0.7083": [0, "q.target_y_rotation", 0]
          }
        }
      },
      "particle_effects": {
        "0.4": [
          {
            "effect": "luffy_gear2_red_hawk2",
            "locator": "gearsecond_redhawk"
          }
        ],
        "0.45": [
          {
            "effect": "luffy_gear2_red_hawk",
            "locator": "gearsecond_redhawk"
          },
          {
            "effect": "luffy_gear2_red_hawk2",
            "locator": "gearsecond_redhawk"
          },
          {
            "effect": "luffy_gear2_red_hawk2",
            "locator": "gearsecond_redhawk"
          }
        ],
        "0.5": [
          {
            "effect": "luffy_gear2_red_hawk",
            "locator": "gearsecond_redhawk"
          },
          {
            "effect": "luffy_gear2_red_hawk",
            "locator": "gearsecond_redhawk"
          },
          {
            "effect": "luffy_gear2_red_hawk2",
            "locator": "gearsecond_redhawk"
          },
          {
            "effect": "luffy_gear2_red_hawk2",
            "locator": "gearsecond_redhawk"
          }
        ],
        "0.5417": [
          {
            "effect": "luffy_gear2_red_hawk",
            "locator": "gearsecond_redhawk"
          },
          {
            "effect": "luffy_gear2_red_hawk",
            "locator": "gearsecond_redhawk"
          },
          {
            "effect": "luffy_gear2_red_hawk2",
            "locator": "gearsecond_redhawk"
          },
          {
            "effect": "luffy_gear2_red_hawk2",
            "locator": "gearsecond_redhawk"
          }
        ],
        "0.5833": [
          {
            "effect": "luffy_gear2_red_hawk",
            "locator": "gearsecond_redhawk"
          },
          {
            "effect": "luffy_gear2_red_hawk",
            "locator": "gearsecond_redhawk"
          },
          {
            "effect": "luffy_gear2_red_hawk2",
            "locator": "gearsecond_redhawk"
          },
          {
            "effect": "luffy_gear2_red_hawk2",
            "locator": "gearsecond_redhawk"
          }
        ],
        "0.625": [
          {
            "effect": "luffy_gear2_red_hawk",
            "locator": "gearsecond_redhawk"
          },
          {
            "effect": "luffy_gear2_red_hawk",
            "locator": "gearsecond_redhawk"
          },
          {
            "effect": "luffy_gear2_red_hawk2",
            "locator": "gearsecond_redhawk"
          },
          {
            "effect": "luffy_gear2_red_hawk2",
            "locator": "gearsecond_redhawk"
          }
        ],
        "0.6667": [
          {
            "effect": "luffy_gear2_red_hawk",
            "locator": "gearsecond_redhawk"
          },
          {
            "effect": "luffy_gear2_red_hawk",
            "locator": "gearsecond_redhawk"
          },
          {
            "effect": "luffy_gear2_red_hawk2",
            "locator": "gearsecond_redhawk"
          },
          {
            "effect": "luffy_gear2_red_hawk2",
            "locator": "gearsecond_redhawk"
          }
        ],
        "0.7083": [
          {
            "effect": "luffy_gear2_red_hawk",
            "locator": "gearsecond_redhawk"
          },
          {
            "effect": "luffy_gear2_red_hawk",
            "locator": "gearsecond_redhawk"
          },
          {
            "effect": "luffy_gear2_red_hawk2",
            "locator": "gearsecond_redhawk"
          },
          {
            "effect": "luffy_gear2_red_hawk2",
            "locator": "gearsecond_redhawk"
          }
        ],
        "0.75": [
          {
            "effect": "luffy_gear2_red_hawk",
            "locator": "gearsecond_redhawk"
          },
          {
            "effect": "luffy_gear2_red_hawk",
            "locator": "gearsecond_redhawk"
          },
          {
            "effect": "luffy_gear2_red_hawk2",
            "locator": "gearsecond_redhawk"
          },
          {
            "effect": "luffy_gear2_red_hawk2",
            "locator": "gearsecond_redhawk"
          }
        ],
        "0.875": [
          {
            "effect": "luffy_gear2_red_hawk",
            "locator": "gearsecond_redhawk"
          },
          {
            "effect": "luffy_gear2_red_hawk",
            "locator": "gearsecond_redhawk"
          },
          {
            "effect": "luffy_gear2_red_hawk2",
            "locator": "gearsecond_redhawk"
          },
          {
            "effect": "luffy_gear2_red_hawk2",
            "locator": "gearsecond_redhawk"
          }
        ],
        "0.9167": [
          {
            "effect": "luffy_gear2_red_hawk",
            "locator": "gearsecond_redhawk"
          },
          {
            "effect": "luffy_gear2_red_hawk",
            "locator": "gearsecond_redhawk"
          },
          {
            "effect": "luffy_gear2_red_hawk2",
            "locator": "gearsecond_redhawk"
          },
          {
            "effect": "luffy_gear2_red_hawk2",
            "locator": "gearsecond_redhawk"
          }
        ],
        "0.9583": [
          {
            "effect": "luffy_gear2_red_hawk",
            "locator": "gearsecond_redhawk"
          },
          {
            "effect": "luffy_gear2_red_hawk",
            "locator": "gearsecond_redhawk"
          },
          {
            "effect": "luffy_gear2_red_hawk2",
            "locator": "gearsecond_redhawk"
          },
          {
            "effect": "luffy_gear2_red_hawk2",
            "locator": "gearsecond_redhawk"
          }
        ],
        "1.0": [
          {
            "effect": "luffy_gear2_red_hawk",
            "locator": "gearsecond_redhawk"
          },
          {
            "effect": "luffy_gear2_red_hawk",
            "locator": "gearsecond_redhawk"
          },
          {
            "effect": "luffy_gear2_red_hawk2",
            "locator": "gearsecond_redhawk"
          },
          {
            "effect": "luffy_gear2_red_hawk2",
            "locator": "gearsecond_redhawk"
          }
        ],
        "1.0417": [
          {
            "effect": "luffy_gear2_red_hawk",
            "locator": "gearsecond_redhawk"
          },
          {
            "effect": "luffy_gear2_red_hawk",
            "locator": "gearsecond_redhawk"
          },
          {
            "effect": "luffy_gear2_red_hawk2",
            "locator": "gearsecond_redhawk"
          },
          {
            "effect": "luffy_gear2_red_hawk2",
            "locator": "gearsecond_redhawk"
          }
        ],
        "1.0833": [
          {
            "effect": "luffy_gear2_red_hawk",
            "locator": "gearsecond_redhawk"
          },
          {
            "effect": "luffy_gear2_red_hawk",
            "locator": "gearsecond_redhawk"
          },
          {
            "effect": "luffy_gear2_red_hawk2",
            "locator": "gearsecond_redhawk"
          },
          {
            "effect": "luffy_gear2_red_hawk2",
            "locator": "gearsecond_redhawk"
          },
          {
            "effect": "luffy_gear2_red_hawk2",
            "locator": "gearsecond_redhawk"
          },
          {
            "effect": "luffy_gear2_red_hawk3",
            "locator": "gearsecond_redhawk"
          }
        ],
        "1.125": [
          {
            "effect": "luffy_gear2_red_hawk",
            "locator": "gearsecond_redhawk"
          },
          {
            "effect": "luffy_gear2_red_hawk",
            "locator": "gearsecond_redhawk"
          },
          {
            "effect": "luffy_gear2_red_hawk2",
            "locator": "gearsecond_redhawk"
          },
          {
            "effect": "luffy_gear2_red_hawk2",
            "locator": "gearsecond_redhawk"
          },
          {
            "effect": "luffy_gear2_red_hawk2",
            "locator": "gearsecond_redhawk"
          },
          {
            "effect": "luffy_gear2_red_hawk3",
            "locator": "gearsecond_redhawk"
          }
        ],
        "1.15": [
          {
            "effect": "luffy_gear2_red_hawk3",
            "locator": "gearsecond_redhawk"
          }
        ],
        "1.175": [
          {
            "effect": "luffy_gear2_red_hawk3",
            "locator": "gearsecond_redhawk"
          }
        ],
        "1.2": [
          {
            "effect": "luffy_gear2_red_hawk3",
            "locator": "gearsecond_redhawk"
          }
        ]
      }
    },
    "animation.luffy_gear2.attack6": {
      "loop": "hold_on_last_frame",
      "animation_length": 1.9,
      "bones": {
        "root": {
          "rotation": [0, "q.target_y_rotation", 0]
        },
        "waist": {
          "rotation": {
            "0.0": [-5, 0, 0],
            "0.25": [10.34527, -14.76689, -2.66399],
            "0.5": [-21.44155, 66.11565, -27.35826],
            "0.75": [-21.44155, 66.11565, -27.35826],
            "0.875": [31.51883, 2.58171, -9.78307],
            "1.0": [43.81848, -40.34275, -34.77131],
            "1.25": [43.81848, -40.34275, -34.77131],
            "1.5": [43.81848, -40.34275, -34.77131],
            "1.625": [13.90274, 19.28314, -0.99929],
            "1.75": [-90.4028, 75.97118, -69.50948]
          },
          "position": {
            "0.5": [0, 0, 0],
            "0.75": [0, 0, 0],
            "1.75": [0, 0, 0]
          }
        },
        "rightArm": {
          "rotation": {
            "0.0": [-153.47749, -1.98315, 64.97365],
            "0.25": [-62.91593, 11.42094, 71.74516],
            "0.5": [12.90012, 8.07401, 104.5476],
            "0.75": [37.90012, 8.07401, 104.5476],
            "0.875": [-8.68295, 20.98063, 102.89189],
            "1.0": [-36.1379, 17.4987, 117.57872],
            "1.25": [-36.1379, 17.4987, 117.57872],
            "1.5": [-36.1379, 17.4987, 117.57872],
            "1.75": [-96.18016, -9.32142, 60.0666]
          },
          "position": {
            "0.0": [0, 0, -3.5],
            "0.25": [0, 0, 0.5],
            "0.5": [0, 0, 0.5],
            "0.75": [0, 0, 0.5]
          }
        },
        "leftArm": {
          "rotation": {
            "0.0": [0, 0, -17.5],
            "0.25": [52.5, 0, -87.5],
            "0.5": [-14.75386, -5.29571, -92.81847],
            "0.75": [-14.75386, -5.29571, -92.81847],
            "1.0": [-12.23456, -38.58603, -73.78642],
            "1.25": [-12.23456, -38.58603, -73.78642],
            "1.5": [-12.23456, -38.58603, -73.78642],
            "1.75": [39.54682, -60.24584, -133.56431]
          }
        },
        "rightLeg": {
          "rotation": {
            "0.0": [2.5, 0, 5],
            "0.25": [2.5, 0, 5],
            "0.5": [90, 77.5, 95],
            "0.75": [90, 77.5, 95],
            "1.0": [0.253, -17.37287, -0.52108],
            "1.25": [0.253, -17.37287, -0.52108],
            "1.5": [0.253, -17.37287, -0.52108],
            "1.75": [0, 42.5, 0]
          },
          "position": {
            "0.0": [0, 0, -0.5],
            "0.25": [0, 0, -1.5],
            "0.5": [0, 0, 2.5],
            "0.75": [0, 0, 2.5],
            "1.0": [1.5, -1.5, -3],
            "1.25": [1.5, -1.5, -3],
            "1.5": [1.5, -1.5, -3],
            "1.75": [0, 0, 2.5]
          }
        },
        "leftLeg": {
          "rotation": {
            "0.0": [2.5, 0, -5],
            "0.25": [2.53852, -9.99038, -5.44067],
            "0.5": [25.71528, 78.85917, 21.25152],
            "0.75": [25.71528, 78.85917, 21.25152],
            "1.0": [87.48443, 4.06838, -82.80773],
            "1.25": [87.48443, 4.06838, -82.80773],
            "1.5": [87.48443, 4.06838, -82.80773],
            "1.75": [-104.30701, 14.04081, -11.65589]
          },
          "position": {
            "0.0": [0, 0, -0.5],
            "0.25": [2, 3, -2.5],
            "0.5": [-1, 5, -6],
            "0.75": [-1, 5, -6],
            "1.0": [1.5, 1.5, 1],
            "1.25": [1.5, 1.5, 1],
            "1.5": [1.5, 1.5, 1],
            "1.75": [-3.5, 3, -2]
          }
        },
        "rightForeArm": {
          "rotation": {
            "0.0": [0, 0, 0],
            "0.5": [0, 0, 0],
            "0.75": [-15, 0, 0],
            "1.0": [0, 0, 0]
          },
          "scale": {
            "0.25": [1, 1, 1],
            "0.5": [1, 8, 1],
            "0.75": [1, 8, 1],
            "0.875": [1, 8, 1],
            "1.0": [1, 12, 1],
            "1.25": [1, 12, 1],
            "1.5": [1, 3, 1],
            "1.75": [1, 1, 1]
          }
        },
        "rightGiantPistol": {
          "rotation": {
            "0.0": [0, 0, 0],
            "0.25": [-90, 0, 0],
            "0.5": [0, 0, 0],
            "0.75": [-30, 0, 0],
            "0.875": [-52.5, 0, 0],
            "1.0": [0, 0, 0],
            "1.25": [0, 0, 0],
            "1.5": [0, 0, 0]
          },
          "position": {
            "0.0": [0, 0, 0],
            "0.25": [0, -19.5, 7],
            "0.5": [0, -36, 2],
            "0.75": [0, -34.5, -10],
            "0.875": [0, -29, 2],
            "1.0": [0, -53.5, 2],
            "1.25": [0, -53.5, 2],
            "1.5": [0, -12, 2],
            "1.75": [0, 0, 0]
          },
          "scale": {
            "0.0": [1, 1, 1],
            "0.25": [8, 8, 8],
            "0.5": [8, 8, 8],
            "0.75": [8, 8, 8],
            "1.0": [8, 8, 8],
            "1.25": [8, 8, 8],
            "1.5": [2, 2, 2],
            "1.75": [0, 0, 0]
          }
        },
        "rightGiantPistol2": {
          "rotation": {
            "0.0": [0, 0, 0],
            "0.25": [0, 0, -12.5],
            "1.25": [0, 0, -12.5],
            "1.5": [0, 0, -12.5],
            "1.75": [0, 0, 0]
          },
          "position": {
            "0.0": [0, 0, 0],
            "0.25": [0, -2.5, 0],
            "1.25": [0, -2.5, 0],
            "1.5": [0, -2.5, 0],
            "1.75": [0, 0, 0]
          }
        }
      }
    }
  }
}