{
  "format_version": "1.17.100",
  "minecraft:item": {
    "description": {
      "identifier": "wesl3y:luffy",
      "category": "nature"
    },
    "components": {
      "minecraft:render_offsets": {
	    "main_hand": {
		  "first_person": { 
		    "scale": [0.1,0.1,0.1]
		  },
		  "third_person": { 
			"scale": [0.0,0.0,0.0]
		  }
		}
	  },
      "minecraft:max_stack_size": 1,
      "minecraft:hand_equipped": true,
      "minecraft:foil": true,
      "minecraft:icon": {
        "texture": "luffy"
      },
	  "minecraft:cooldown": {
		"category": "character",
		"duration": 0.1
	  },
      "minecraft:display_name": {
        "value": "Luffy\n§5(Mythical)"
      },
      "minecraft:on_use": {
        "on_use": {
          "event": "wg",
          "target": "self"
        }
      }
    },
    "events": {
      "wg": {
        "run_command": {
          "command": [
            "tellraw @s{\"rawtext\":[{\"selector\":\"@s\"},{\"text\":\" has made the advancement §a[Luffy]§r\"}]}",
            "tag @s add unlock.luffy",
            "clear @s wesl3y:luffy 0 1"
          ]
		}
	  }
	}
  }
}