{
  "format_version": "1.16.100",
  "minecraft:block": {
    "description": {
      "identifier": "wesl3y:cremation_fire",
      "menu_category": {
        "group": "wesl3y:cremation_fire",
        "category": "commands",
        "is_hidden_in_commands": true
      },
	  "properties": {
		"property:despawn": [0, 1, 2, 3, 4, 5, 6, 7, 8, 9, 10, 11, 12]
      }
    },

    "components": {
      "minecraft:geometry":"geometry.cremation_fire",
      "minecraft:loot": "loot_tables/empty.json",
      "minecraft:material_instances": {
        "*": {
          "texture": "cremation_fire",
          "render_method": "alpha_test"
        }
      },
      "minecraft:entity_collision": false,
      "minecraft:pick_collision": true,
      "minecraft:map_color": "#000000",
      "minecraft:block_light_absorption": 0.0,
      "minecraft:explosion_resistance": 3,
      "minecraft:destructible_by_mining": {
        "seconds_to_destroy": 0
      },
      "minecraft:ticking":{
        "on_tick":{
          "event":"wesl3y:tick"
        },
        "range":[ 0.25, 0.75 ],
        "looping":true
      }
    },

    "events": {
      "wesl3y:tick":{
        "sequence": [
          {
            "run_command": {
              "command": [
                "damage @e[r=1.25,family=!quirk_cremation] 5",
                "execute if block ~~-1~ air run setblock ~~~ air"
              ]
            }
          },
          {
            "set_block_property": {
              "property:despawn": "query.block_property('property:despawn') < 12 ? query.block_property('property:despawn') + 1 : 12"
            }
          },
          {
            "condition": "query.block_property('property:despawn') == 12",
            "run_command": {
              "command": [
                "setblock ~~~ air"
              ]
            }
          }
        ]
      },
      "wesl3y:despawn":{
        "run_command":{
          "command":[
            "execute if block ~ ~-1 ~ air 0 run setblock ~ ~ ~ air"
          ]
        }
      }
    }
  }
}