{
  "format_version": "1.13.0",
  "minecraft:entity": {
    "description": {
      "identifier": "stk:fenda",
      "is_spawnable": true,
      "is_summonable": true,
      "is_experimental": false
    },
    
    "component_groups": {
      "despawn": {
        "minecraft:instant_despawn": {}
      },
      "time": {
        "minecraft:timer": {
        "time": 0,
        "time_down_event": {
        "event": "tick"
        }
       }
      }
    },
      
    
    
    "components": {
      "minecraft:type_family": {
        "family": ["ryp"]
      },
      "minecraft:collision_box": {
        "width": 0.6,
        "height": 1.8
      },
      "minecraft:health": {
        "value": 1,
        "max": 1
      },
      "minecraft:knockback_resistance": {
        "value": 1
      },
      "minecraft:damage_sensor": {
        "triggers": {
          "deals_damage": false
        }
      },
      "minecraft:interact": {
        "interactions": {
          "on_interact": {
            "filters": {
              "test": "is_family",
              "subject": "other",
              "value": "player"
            },
            "event": "on:interact",
            "target": "self"
          },
          "interact_text": "§eOpen"
        }

      },
      "minecraft:pushable": {
        "is_pushable": false,
        "is_pushable_by_piston": false
      },
      "minecraft:nameable": {
        "always_show": true
      },
      "minecraft:fire_immune": true,
      "minecraft:persistent": {},
      "minecraft:physics": {},
      "minecraft:conditional_bandwidth_optimization": {}
    },
    
    "events": {
      "on:interact": {
        "run_command": {
          "command": [
            "execute as @p[r=4,hasitem={item=stk:tkey}] at @s run summon stk:roger","clear @p[r=4,hasitem={item=stk:tkey}] stk:tkey 0 1","execute as @p[r=4,hasitem={item=stk:tkey}] at @s run event entity @e[type=stk:fenda] tick","say §e you need an time key for that \n§bvocê precisa de uma time key para isso"
            
          ],
          "target": "self"
        }
      },
      "tick": {
        "run_command": {
          "command": [
            "particle stk:kamusari"
          ]
        },
        "add": {
          "component_groups": [
            "despawn"
          ]
        }
      },
      "time": {
        "add": {
           "component_groups": [
               "time"
          ]
        }
      }
    }
  }
}























































































