{
  "format_version": "1.16.100",
  "minecraft:item": {
    "description": {
      "identifier": "mello:modo_sabio_sapos_2_item",
      "category": "items"
    },
    "components": {
      "minecraft:icon": {
        "texture": "modo_sabio_sapos_2"
      },
        "minecraft:display_name": {
        "value": "Modo Sabio Dos Sapos completo"
      },
      "minecraft:use_duration": 9999,
      "minecraft:max_stack_size": 1,
      "minecraft:hand_equipped": false,
      "minecraft:cooldown": {
        "category": "modo_sabio_sapos_2",
         "duration": 210
      },    
      "minecraft:food": {
        "can_always_eat": true
       }
    },
    "events": {}
  }
}