{
	"format_version": "1.20.60",
	"minecraft:entity": {
		"description": {
			"identifier": "dmgnumbers:damage_number",
			"is_spawnable": true,
			"is_summonable": true,
			"is_experimental": false
		},
		"component_groups": {},
		"components": {
			"minecraft:physics": {
				"has_collision": false,
				"has_gravity": true
			},
			"minecraft:damage_sensor": {
				"triggers": [
					{
						"cause": "any",
						"deals_damage": false
					}
				]
			},
			"minecraft:custom_hit_test": {
				"hitboxes": [
					{
						"height": 0,
						"width": 0,
						"pivot": [
							0,
							9999,
							0
						]
					}
				]
			},
			"minecraft:health": {
				"max": 999999
			},
			"minecraft:knockback_resistance": {
				"value": 1
			},
			"minecraft:collision_box": {
				"height": 0.01,
				"width": 0.01
			},
			"minecraft:nameable": {
				"always_show": true,
				"allow_name_tag_renaming": true
			}
		},
		"events": {}
	}
}