{
  "format_version": "1.11",
  "minecraft:entity": {
    "description": {
      "identifier": "minecraft:player",
      "properties": {
          "property:player": {
          "client_sync": true,
          "range": [
            0,
            6
          ],
          "type": "int",
          "default": 0
        },

        "property:anim": {
          "client_sync": true,
          "range": [
            0,
            1
          ],
          "type": "int",
          "default": 0
        },
        "property:bah": {
          "client_sync": true,
          "range": [
            0,
            11
          ],
          "type": "int",
          "default": 0
        },
        "property:spec": {
          "client_sync": true,
          "range": [
            0,
            3
          ],
          "type": "int",
          "default": 0
        },
        "property:skill": {
          "client_sync": true,
          "range": [
            0,
            4
          ],
          "type": "int",
          "default": 0
        },
        "property:body": {
          "client_sync": true,
          "range": [
            0,
            12
          ],
          "type": "int",
          "default": 0
        },
        "property:bodyfuse": {
          "client_sync": true,
          "range": [
            0,
            1
          ],
          "type": "int",
          "default": 0
        },
        "property:leg": {
          "client_sync": true,
          "range": [
            0,
            10
          ],
          "type": "int",
          "default": 0
        },
        "property:hair": {
          "client_sync": true,
          "range": [
            0,
            8
          ],
          "type": "int",
          "default": 0
        },
        "property:raca": {
          "client_sync": true,
          "range": [
            0,
            6
          ],
          "type": "int",
          "default": 0
        },
        "property:trans": {
          "client_sync": true,
          "range": [
            0,
            12
          ],
          "type": "int",
          "default": 0
        },
        "property:tech": {
          "client_sync": true,
          "range": [
            0,
            5
          ],
          "type": "int",
          "default": 0
        },
        "property:emb": {
          "client_sync": true,
          "range": [
            0,
            1
          ],
          "type": "int",
          "default": 0
        }
      },
      "is_spawnable": false,
      "is_summonable": false,
      "is_experimental": false,
                    "scripts": {
        "animate": [
          "i",
          "d",
          "d1",
          "h",
          "s",
          "a",
          "hp",
          "sp"
         
         
         
         
        ]
      },
      "animations": {
        "i": "controller.animation.i",
        "d": "controller.animation.player.dash",
        "d1": "controller.animation.dash1",
        "h": "controller.animation.health",
        "s": "controller.animation.skill",
        "a":"controller.animation.sneak",
    "dash_motion": "animation.dash_motion",
        "hp": "controller.animation.hp",
        "sp": "controller.animation.speed",
        "ewave": "animation.ewave",
        "supernova": "animation.supernova",
        "zdash": "animation.zdash",
        "ssjt": "animation.ssjt",
        "ssj2t": "animation.ssj2t",
        "ssj3t": "animation.ssj3t",
        "ssj4t": "animation.ssj4t",
        "ssjgt": "animation.ssjgt",
        "ssjbt": "animation.ssjbt",
        "ssjrt": "animation.ssjrt",
        "lssjt": "animation.lssjt",
        "kaiot": "animation.kaiot",
        "fusion": "animation.fusion",
        "gdama": "animation.gdama",
        "kifoice1": "animation.kifoice1",
        "kifoice2": "animation.kifoice2",
        "vrush": "animation.vrush",
        "gskill1": "animation.gskill1",
        "gmeteor": "animation.gmeteor",
        "ecannon":"animation.ecannon",
        "ikick":"animation.ikick",
        "lbreak":"animation.lbreak",
        "kiportal":"animation.kiportal",
        "vsword":"animation.vsword",
        "kame":"animation.kame",
        "galick":"animation.galick",
        "kienzan":"animation.kienzan",
        "masenko":"animation.masenko",
        "sbeam":"animation.sbeam",
        "bslash":"animation.bslash",
        "smasenko":"animation.smasenko",
        "kikoho":"animation.kikoho",
        "nkikoho":"animation.nkikoho"
      }
    },
    "component_groups": {
         "iframe": {
  "minecraft:damage_sensor": {
    "triggers": [
      {
        "on_damage": {
          "event": "iframe"
        },
        "deals_damage": false
      }
    ]
  }
},
"stun_on": {
  "minecraft:damage_sensor": {
    "triggers": [
      {
        "on_damage": {
          "event": "stun"
        },
        "deals_damage": true
      }
    ]
  }
},
"stk:noknock": {
        "minecraft:mark_variant": {
          "value": 1
        },
      "minecraft:knockback_resistance": {
					"value": 100,
					"max": 100
      
        }
        
},
"stk:knock": {
        "minecraft:mark_variant": {
          "value": 2
        },
      "minecraft:knockback_resistance": {
					"value": 0,
					"max": 0
      
        }
        
},
"stk:damage1": {
        "minecraft:mark_variant": {
          "value": 3
        },
        "minecraft:attack": {
        "damage": 1
      
      
        }
        
},
"stk:damage2": {
        "minecraft:mark_variant": {
          "value": 4
        },
        "minecraft:attack": {
        "damage": 2

      
        }
        
},
"stk:damage3": {
        "minecraft:mark_variant": {
          "value": 5
        },
        "minecraft:attack": {
        "damage": 3

      
        }
        
},
"stk:damage4": {
        "minecraft:mark_variant": {
          "value": 8
        },
        "minecraft:attack": {
        "damage": 4

      
        }
        
},
"stk:damage5": {
        "minecraft:mark_variant": {
          "value": 9
        },
        "minecraft:attack": {
        "damage": 5

      
        }
        
},
"stk:damage6": {
        "minecraft:mark_variant": {
          "value": 10
        },
        "minecraft:attack": {
        "damage": 6

      
        }
        
},
"stk:damage7": {
        "minecraft:mark_variant": {
          "value": 11
        },
        "minecraft:attack": {
        "damage": 7

      
        }
        
},
"stk:damage8": {
        "minecraft:mark_variant": {
          "value": 12
        },
        "minecraft:attack": {
        "damage": 8

      
        }
        
},
"kiblast":{
       "minecraft:spawn_entity":{
        "entities":[
          {
             "min_wait_time":0,
             "max_wait_time":0,
             "spawn_entity":"stk:kiblast",
             "num_to_spawn":1,
             "single_use":true
            }
          ]
        }
      },
       "supernova":{
       "minecraft:spawn_entity":{
        "entities":[
          {
             "min_wait_time":0,
             "max_wait_time":0,
             "spawn_entity":"stk:supernova",
             "num_to_spawn":1,
             "single_use":true
            }
          ]
        }
      },
      "bigbang":{
       "minecraft:spawn_entity":{
        "entities":[
          {
             "min_wait_time":0,
             "max_wait_time":0,
             "spawn_entity":"stk:bigbang",
             "num_to_spawn":1,
             "single_use":true
            }
          ]
        }
      },
      "dball":{
       "minecraft:spawn_entity":{
        "entities":[
          {
             "min_wait_time":0,
             "max_wait_time":0,
             "spawn_entity":"stk:dball",
             "num_to_spawn":1,
             "single_use":true
            }
          ]
        }
      },
      "gdama":{
       "minecraft:spawn_entity":{
        "entities":[
          {
             "min_wait_time":0,
             "max_wait_time":0,
             "spawn_entity":"stk:gdama",
             "num_to_spawn":1,
             "single_use":true
            }
          ]
        }
      },
      "dbeam":{
       "minecraft:spawn_entity":{
        "entities":[
          {
             "min_wait_time":0,
             "max_wait_time":0,
             "spawn_entity":"stk:dbeam",
             "num_to_spawn":1,
             "single_use":true
            }
          ]
        }
      },
      "kifoice2":{
       "minecraft:spawn_entity":{
        "entities":[
          {
             "min_wait_time":0,
             "max_wait_time":0,
             "spawn_entity":"stk:kifoice2",
             "num_to_spawn":1,
             "single_use":true
            }
          ]
        }
      },
      "ecannon":{
       "minecraft:spawn_entity":{
        "entities":[
          {
             "min_wait_time":0,
             "max_wait_time":0,
             "spawn_entity":"stk:ecannon",
             "num_to_spawn":1,
             "single_use":true
            }
          ]
        }
      },
      "oblaster":{
       "minecraft:spawn_entity":{
        "entities":[
          {
             "min_wait_time":0,
             "max_wait_time":0,
             "spawn_entity":"stk:oblaster",
             "num_to_spawn":1,
             "single_use":true
            }
          ]
        }
      },
      "fshine":{
       "minecraft:spawn_entity":{
        "entities":[
          {
             "min_wait_time":0,
             "max_wait_time":0,
             "spawn_entity":"stk:fshine",
             "num_to_spawn":1,
             "single_use":true
            }
          ]
        }
      },
      "fimpact":{
       "minecraft:spawn_entity":{
        "entities":[
          {
             "min_wait_time":0,
             "max_wait_time":0,
             "spawn_entity":"stk:fimpact",
             "num_to_spawn":1,
             "single_use":true
            }
          ]
        }
      },
      "gmeteor":{
       "minecraft:spawn_entity":{
        "entities":[
          {
             "min_wait_time":0,
             "max_wait_time":0,
             "spawn_entity":"stk:gmeteor",
             "num_to_spawn":1,
             "single_use":true
            }
          ]
        }
      },
      "kame":{
       "minecraft:spawn_entity":{
        "entities":[
          {
             "min_wait_time":0,
             "max_wait_time":0,
             "spawn_entity":"stk:kame",
             "num_to_spawn":1,
             "single_use":true
            }
          ]
        }
      },
      "kienzan":{
       "minecraft:spawn_entity":{
        "entities":[
          {
             "min_wait_time":0,
             "max_wait_time":0,
             "spawn_entity":"stk:kienzan",
             "num_to_spawn":1,
             "single_use":true
            }
          ]
        }
      },
      "medi1":{
       "minecraft:spawn_entity":{
        "entities":[
          {
             "min_wait_time":0,
             "max_wait_time":0,
             "spawn_entity":"stk:medi1",
             "num_to_spawn":1,
             "single_use":true
            }
          ]
        }
      },
      "kikoho":{
       "minecraft:spawn_entity":{
        "entities":[
          {
             "min_wait_time":0,
             "max_wait_time":0,
             "spawn_entity":"stk:kikoho",
             "num_to_spawn":1,
             "single_use":true
            }
          ]
        }
      },
      "nkikoho":{
       "minecraft:spawn_entity":{
        "entities":[
          {
             "min_wait_time":0,
             "max_wait_time":0,
             "spawn_entity":"stk:nkikoho",
             "num_to_spawn":1,
             "single_use":true
            }
          ]
        }
      },
      "stk:oozaru_scale": {
        "minecraft:mark_variant": {
          "value": 6
        },
      "minecraft:scale": {
          "value": 10
        }
        
},
"stk:lssj_scale": {
        "minecraft:mark_variant": {
          "value": 7
        },
      "minecraft:scale": {
          "value": 1.5
        }
        
},
      "pamobile:respawn": {
        "minecraft:mark_variant": {
          "value": 99999
        },
        "minecraft:health": {
          "value": 20,
          "max": 20
        },
        "minecraft:movement": {
          "value": 0.1
        },
        "minecraft:attack": {
          "damage": 1
        },
        "minecraft:spell_effects": {
          "remove_effects": []
        }
      },
      "ammo:1": {
        "minecraft:mark_variant": {
          "value": 1
        }
      },
      "pa:chapeu_event_play": {
        "minecraft:health": {
          "value": 22,
          "max": 22
        },
        "minecraft:movement": {
          "value": 0.1
        },
        "minecraft:spell_effects": {
          "add_effects": []
        }
      }
    },
    "components": {
    
      "minecraft:type_family": {
        "family": [
          "player"
        ]
      },
      "minecraft:loot": {
        "table": "loot_tables/empty.json"
      },
      "minecraft:collision_box": {
        "width": 0.6,
        "height": 1.8
      },
      "minecraft:can_climb": {},
      "minecraft:movement": {
        "value": 0.1
      },
      "minecraft:environment_sensor": [
        {
          "on_environment": {
            "filters": {
              "any_of": [
                {
                  "test": "is_family",
                  "subject": "self",
                  "value": "player"
                }
              ]
            },
            "event": "pamobile:refresh_player"
          }
        },
        {
          "on_environment": {
            "filters": {
              "all_of": [
                {
                  "test": "has_equipment",
                  "subject": "self",
                  "domain": "hand",
                  "value": "pa:chapeu"
                }
              ]
            },
            "event": "pa:chapeu_event_hold"
          }
        },
        {
          "on_environment": {
            "filters": {
              "all_of": [
                {
                  "test": "has_equipment",
                  "subject": "self",
                  "domain": "head",
                  "value": "pa:chapeu"
                }
              ]
            },
            "event": "pa:chapeu_event_play"
          }
        }
      ],
      "minecraft:player.saturation": {
        "value": 20
      },
      "minecraft:player.exhaustion": {
        "value": 0,
        "max": 4
      },
      "minecraft:player.level": {
        "value": 0,
        "max": 24791
      },
      "minecraft:player.experience": {
        "value": 0,
        "max": 1
      },
      "minecraft:breathable": {
        "totalSupply": 15,
        "suffocateTime": -1,
        "inhaleTime": 3.75,
        "generatesBubbles": false
      },
      "minecraft:nameable": {
        "alwaysShow": true,
        "allowNameTagRenaming": false
      },
      "minecraft:physics": {},
      "minecraft:insomnia": {
        "days_until_insomnia": 3
      },
      "minecraft:rideable": {
        "seat_count": 2,
        "family_types": [
          "parrot_tame"
        ],
        "pull_in_entities": true,
        "seats": [
          {
            "position": [
              0.4,
              -0.15,
              0.04
            ],
            "min_rider_count": 0,
            "max_rider_count": 0,
            "lock_rider_rotation": 0
          },
          {
            "position": [
              -0.4,
              -0.15,
              0.04
            ],
            "min_rider_count": 1,
            "max_rider_count": 2,
            "lock_rider_rotation": 0
          }
        ]
      },
      "minecraft:scaffolding_climber": {}
    },
    "events": {
      "pamobile:refresh_player": {
        "add": {
          "component_groups": [
            "pamobile:respawn"
          ]
        },
        "remove": {
          "component_groups": [
            "pa:chapeu_event_hold",
            "pa:chapeu_event_play"
          ]
        }
      },
      "minecraft:entity_spawned": {
        "add": {
          "component_groups": [
            "pamobile:respawn"
          ]
        },
        "remove": {}
      },
      "ammo:1": {
        "remove": {
          "component_groups": [
            "ammo:1"
          ]
        },
        "add": {
          "component_groups": [
            "ammo:1"
          ]
        }
      },
      "ammo:2": {
        "remove": {
          "component_groups": [
            "ammo:2"
          ]
        },
        "add": {
          "component_groups": [
            "ammo:2"
          ]
        }
      },
      "cor0": {
  "set_property": {
    "property:player": 0
  }
},
"cor1": {
  "set_property": {
    "property:player": 1
  }
},
"cor2": {
  "set_property": {
    "property:player": 2
  }
},
"f": {
  "set_property": {
    "property:player": 4
  }
},
"f2": {
  "set_property": {
    "property:player": 5
  }
},
"f3": {
  "set_property": {
    "property:player": 6
  }
},
"player.no": {
  "set_property": {
    "property:player": 3
  }
},
      "cauda": {
  "set_property": {
    "property:spec": 0
  }
},
"spec.no": {
  "set_property": {
    "property:spec": 1
  }
},
"em.breve": {
  "set_property": {
    "property:spec": 2
  }
},
      "iframe.yes": {
        "add": {
          "component_groups": [
            "iframe"
          ]
        }
      },
    "iframe.no": {
        "remove": {
          "component_groups": [
            "iframe"
          ]
        }
      },

        "iframe": {
        "queue_command": {
          "command": [
            "particle minecraft:knockback_roar_particle"
            ]
        }
      },
        "stun.yes": {
        "add": {
          "component_groups": [
            "stun_on"
          ]
        }
      },
         "stun.no": {
        "remove": {
          "component_groups": [
            "stun_on"
          ]
        }
      },
      "kiblast": {
        "add": {
          "component_groups": [
            "kiblast"
          ]
        }
      },
      "supernova": {
        "add": {
          "component_groups": [
            "supernova"
          ]
        }
      },
      "bigbang": {
        "add": {
          "component_groups": [
            "bigbang"
          ]
        }
      },
      "dball": {
        "add": {
          "component_groups": [
            "dball"
          ]
        }
      },
      "gdama": {
        "add": {
          "component_groups": [
            "gdama"
          ]
        }
      },
      "dbeam": {
        "add": {
          "component_groups": [
            "dbeam"
          ]
        }
      },
      "kifoice2": {
        "add": {
          "component_groups": [
            "kifoice2"
          ]
        }
      },
      "ecannon": {
        "add": {
          "component_groups": [
            "ecannon"
          ]
        }
      },
      "oblaster": {
        "add": {
          "component_groups": [
            "oblaster"
          ]
        }
      },
      "fimpact": {
        "add": {
          "component_groups": [
            "fimpact"
          ]
        }
      },
      "fshine": {
        "add": {
          "component_groups": [
            "fshine"
          ]
        }
      },
      "gmeteor": {
        "add": {
          "component_groups": [
            "gmeteor"
          ]
        }
      },
      "kame": {
        "add": {
          "component_groups": [
            "kame"
          ]
        }
      },
      "kienzan": {
        "add": {
          "component_groups": [
            "kienzan"
          ]
        }
      },
      "medi1": {
        "add": {
          "component_groups": [
            "medi1"
          ]
        }
      },
       "kikoho": {
        "add": {
          "component_groups": [
            "kikoho"
          ]
        }
      },
       "nkikoho": {
        "add": {
          "component_groups": [
            "nkikoho"
          ]
        }
      },
       "knock.no": {
        "add": {
          "component_groups": [
            "stk:noknock"
          ]
        }
      },
      "knock": {
        "add": {
          "component_groups": [
            "stk:knock"
          ]
        }
      },
      "damage1": {
        "add": {
          "component_groups": [
            "stk:damage1"
          ]
        }
      },
      "damage2": {
        "add": {
          "component_groups": [
            "stk:damage2"
          ]
        }
      },
      "damage3": {
        "add": {
          "component_groups": [
            "stk:damage3"
          ]
        }
      },
    "stun": {
        "queue_command": {
          "command": [
            "scoreboard objectives add r dummy",
            "scoreboard players random @s r 1 3",
            "playanimation @s[tag=!in_cut,scores={r=1}] animation.player.dano1",
            "playanimation @s[tag=!in_cut,scores={r=2}] animation.player.dano2",
            "playanimation @s[tag=!in_cut,scores={r=3}] animation.player.dano3",
            "scoreboard players add @s fury 1"
            ]
        }
      },
            "anim": {
  "set_property": {
    "property:anim": 0
  }
},
"anim.no": {
  "set_property": {
    "property:anim": 1
  }
},
"skill.no": {
  "set_property": {
    "property:skill": 0
  }
},
"red": {
  "set_property": {
    "property:skill": 1
  }
},
"blue": {
  "set_property": {
    "property:skill": 2
  }
},
"mugen": {
  "set_property": {
    "property:skill": 3
  }
},
"goku": {
  "set_property": {
    "property:body": 0
  }
},
"gokub": {
  "set_property": {
    "property:body": 1
  }
},
"gohan": {
  "set_property": {
    "property:body": 2
  }
},
"trunks": {
  "set_property": {
    "property:body": 3
  }
},
"strong": {
  "set_property": {
    "property:body": 4
  }
},
"vegeta": {
  "set_property": {
    "property:body": 5
  }
},
"mvegeta": {
  "set_property": {
    "property:body": 7
  }
},
"ryp": {
  "set_property": {
    "property:body": 8
  }
},
"bgoku": {
  "set_property": {
    "property:body": 9
  }
},
"mtrunks": {
  "set_property": {
    "property:body": 10
  }
},
"goten": {
  "set_property": {
    "property:body": 11
  }
},
"ktrunks": {
  "set_property": {
    "property:body": 12
  }
},
"body.no": {
  "set_property": {
    "property:body": 6
  }
},
"gokul": {
  "set_property": {
    "property:leg": 0
  }
},
"gogeta": {
  "set_property": {
    "property:bodyfuse": 1
  }
},
"bodyfuse.no": {
  "set_property": {
    "property:bodyfuse": 0
  }
},
"gokubl": {
  "set_property": {
    "property:leg": 1
  }
},
"gohanl": {
  "set_property": {
    "property:leg": 2
  }
},
"trunksl": {
  "set_property": {
    "property:leg": 3
  }
},
"strongl": {
  "set_property": {
    "property:leg": 4
  }
},
"vegetal": {
  "set_property": {
    "property:leg": 5
  }
},
"rypl": {
  "set_property": {
    "property:leg": 7
  }
},
"bgokul": {
  "set_property": {
    "property:leg": 8
  }
},
"gotenl": {
  "set_property": {
    "property:leg": 9
  }
},
"ktrunksl": {
  "set_property": {
    "property:leg": 10
  }
},
"leg.no": {
  "set_property": {
    "property:leg": 6
  }
},
"saiyan": {
  "set_property": {
    "property:raca": 0
  }
},
"humano": {
  "set_property": {
    "property:raca": 1
  }
},
"saiyanoff": {
  "set_property": {
    "property:raca": 2
  }
},
"arcosian": {
  "set_property": {
    "property:raca": 3
  }
},
"namek": {
  "set_property": {
    "property:raca": 4
  }
},
"hair0": {
  "set_property": {
    "property:hair": 0
  }
},
"hair1": {
  "set_property": {
    "property:hair": 1
  }
},
"hair2": {
  "set_property": {
    "property:hair": 2
  }
},
"hair3": {
  "set_property": {
    "property:hair": 3
  }
},
"hair4": {
  "set_property": {
    "property:hair": 4
  }
},
"hair5": {
  "set_property": {
    "property:hair": 5
  }
},
"hair6": {
  "set_property": {
    "property:hair": 7
  }
},
"hair7": {
  "set_property": {
    "property:hair": 8
  }
},
"hair.no": {
  "set_property": {
    "property:hair": 6
  }
},
"ssj1": {
    "add": {
          "component_groups": [
            "stk:damage2"
          ]
    },
  "set_property": {
    "property:trans": 1
  }
},
"ssj1f": {
    "add": {
          "component_groups": [
            "stk:damage2"
          ]
    },
  "set_property": {
    "property:trans": 2
  }
},
"oozaru": {
  "set_property": {
    "property:trans": 3
  }
},
"gd": {
    "add": {
          "component_groups": [
            "stk:damage8"
          ]
    },
  "set_property": {
    "property:trans": 4
  }
},
"ssj2": {
    "add": {
          "component_groups": [
            "stk:damage3"
          ]
    },
  "set_property": {
    "property:trans": 5
  }
},
"ssj3": {
    "add": {
          "component_groups": [
            "stk:damage4"
          ]
    },
  "set_property": {
    "property:trans": 6
  }
},
"ssj4": {
    "add": {
          "component_groups": [
            "stk:damage5"
          ]
    },
  "set_property": {
    "property:trans": 7
  }
},
"ssjg": {
    "add": {
          "component_groups": [
            "stk:damage5"
          ]
    },
  "set_property": {
    "property:trans": 8
  }
},
"ssjb": {
    "add": {
          "component_groups": [
            "stk:damage7"
          ]
    },
  "set_property": {
    "property:trans": 9
  }
},
"ssjr": {
    "add": {
          "component_groups": [
            "stk:damage7"
          ]
    },
  "set_property": {
    "property:trans": 10
  }
},
"lssj": {
    "add": {
          "component_groups": [
            "stk:damage4"
          ]
    },
  "set_property": {
    "property:trans": 11
  }
},
"ue": {
    "add": {
          "component_groups": [
            "stk:damage4"
          ]
    },
  "set_property": {
    "property:trans": 12
  }
},
"trans.no": {
    "add": {
          "component_groups": [
            "stk:damage1"
          ]
    },
    "remove": {
          "component_groups": [
            "stk:damage2",
            "stk:damage3",
            "stk:damage4",
            "stk:damage5",
            "stk:damage6",
            "stk:damage7",
            "stk:damage8"
          ]
    },
  "set_property": {
    "property:trans": 0
  }
},
"speed": {
  "set_property": {
    "property:bah": 1
  }
},
"zdash": {
  "set_property": {
    "property:bah": 2
  }
},
"ssjt": {
  "set_property": {
    "property:bah": 3
  }
},
"kaiot": {
  "set_property": {
    "property:bah": 4
  }
},
"ssjbt": {
  "set_property": {
    "property:bah": 5
  }
},
"ssjrt": {
  "set_property": {
    "property:bah": 6
  }
},
"lssjt": {
  "set_property": {
    "property:bah": 7
  }
},
"ssj2t": {
  "set_property": {
    "property:bah": 8
  }
},
"ssj3t": {
  "set_property": {
    "property:bah": 9
  }
},
"ssj4t": {
  "set_property": {
    "property:bah": 10
  }
},
"ssjgt": {
  "set_property": {
    "property:bah": 11
  }
},
"speed.no": {
  "set_property": {
    "property:bah": 0
  }
},
"kaioken": {
  "set_property": {
    "property:tech": 1
  }
},
"majin": {
  "set_property": {
    "property:tech": 2
  }
},
"ui": {
  "set_property": {
    "property:tech": 3
  }
},
"mui": {
  "set_property": {
    "property:tech": 4
  }
},
"mystic": {
  "set_property": {
    "property:tech": 5
  }
},
"tech.no": {
  "set_property": {
    "property:tech": 0
  }
},
"emb": {
  "set_property": {
    "property:emb": 1
  }
},
"emb.no": {
  "set_property": {
    "property:emb": 0
  }
},
"oozaru_scale": {
        "add": {
          "component_groups": [
            "stk:oozaru_scale"
          ]
        }
      },
      "oozaru.no": {
        "remove": {
          "component_groups": [
            "stk:oozaru_scale"
          ]
        }
      },
      "lssj_scale": {
        "add": {
          "component_groups": [
            "stk:lssj_scale"
          ]
        }
      },
      "scale.no": {
        "remove": {
          "component_groups": [
            "stk:lssj_scale"
          ]
        }
      },
      "pa:chapeu_event_hold": {
        "add": {
          "component_groups": [
            "pa:chapeu_event_hold"
          ]
        }
      },
      "pa:chapeu_event_play": {
        "add": {
          "component_groups": [
            "pa:chapeu_event_play"
          ]
        }
      }
    }
  }
}