{
	"format_version": "1.16.100",
	"minecraft:item": {
		"description": {
			"identifier": "jedy:loja_p1_2",
      "category": "jedy"
    },
    "components": {
    "minecraft:render_offsets": {
        "main_hand": {
            "first_person": { 
                "scale": [0.0002,0.0002,0.0002]
            },
            "third_person": { 
                "scale": [0.01,0.01,0.01]
            }
        }
    },
      "minecraft:creative_category": {
        "parent": "itemGroup.name.nature"
      },
      "minecraft:icon": {
        "texture": "loja_shinobi"
      },
	  "minecraft:allow_off_hand": true,
	"minecraft:display_name":  {"value":"§d§l§k|| §r§l§6Loja Shinobi §d§l§k||"},
      "minecraft:max_stack_size": 1,
      "minecraft:use_duration": 5000,
      "minecraft:hand_equipped": true,
      "minecraft:durability": {
        "max_durability": 5000
      },
	  "minecraft:cooldown": {
		"category": "slc",
		"duration": 1
      },
	  "minecraft:on_use": {
		"on_use": {
		  "event": "1606"
		}
	  }
    },
    "events": {
	  "1606": {
		"run_command": {
		  "command": [
   "replaceitem entity @p slot.weapon.mainhand 1 jedy:loja_p1_3"
,
"playsound ok @a[x=~,y=~,z=~,r=2]"
		  ]
		}
	},
      "minecraft:can_destroy_in_creative": false,
      "minecraft:digger": {
        "use_efficiency": false,
        "destroy_speeds": [
          {
            "block": "minecraft:web",
            "speed": 20
          },
          {
            "block": "minecraft:bamboo",
            "speed": 25
          }
        ]
      },
      "minecraft:weapon": {}
    }
  }
}