{
	"format_version": "1.20.0",
	"animations": {
		"animation.start": {
			"timeline": {
				"0.0": [
					"/scoreboard objectives add detect_init dummy",
					"/scoreboard objectives add detect_left dummy",
					"/scoreboard objectives add detect_right dummy",
					"/scoreboard objectives add detect_jump dummy",
					"/scoreboard objectives add detect_sneak dummy",
					"/scoreboard objectives add detect_dsneak dummy",
					"/scoreboard objectives add detect_dsneakSet dummy",
					"/scoreboard objectives add detect_sneakTemp dummy",
					"/scoreboard objectives add detect_sprint dummy",
					"/scoreboard objectives add detect_sleep dummy",
					"/scoreboard objectives add detect_swim dummy",
					"/scoreboard objectives add detect_stand dummy",
					"/scoreboard objectives add detect_climb dummy",
					"/scoreboard objectives add detect_charged dummy",
					"/scoreboard objectives add detect_helmet dummy",
					"/scoreboard objectives add detect_chest dummy",
					"/scoreboard objectives add detect_leggings dummy",
					"/scoreboard objectives add detect_boots dummy",
					"/scoreboard objectives add detect_rby dummy",
					"/scoreboard objectives add detect_rhx dummy",
					"/scoreboard objectives add detect_rhy dummy",
					"/scoreboard objectives add detect_breath dummy",
					"/scoreboard objectives add detect_cast dummy",
					"/scoreboard objectives add detect_charge dummy",
					"/scoreboard objectives add detect_dance dummy",
					"/scoreboard objectives add detect_emote dummy",
					"/scoreboard objectives add detect_fimmune dummy",
					"/scoreboard objectives add detect_first dummy",
					"/scoreboard objectives add detect_ghost dummy",
					"/scoreboard objectives add detect_glide dummy",
					"/scoreboard objectives add detect_graze dummy",
					"/scoreboard objectives add detect_ignited dummy",
					"/scoreboard objectives add detect_water dummy",
					"/scoreboard objectives add detect_rain dummy",
					"/scoreboard objectives add detect_invisble dummy",
					"/scoreboard objectives add detect_equip dummy",
					"/scoreboard objectives add detect_sequip dummy",
					"/scoreboard objectives add detect_levitate dummy",
					"/scoreboard objectives add detect_linger dummy",
					"/scoreboard objectives add detect_fire dummy",
					"/scoreboard objectives add detect_ground dummy",
					"/scoreboard objectives add detect_ride dummy",
					"/scoreboard objectives add detect_health dummy",
					"/scoreboard objectives add detect_level dummy"
				]
			},
			"animation_length": 1.0,
			"loop": false
		}
	}
}