{
	"format_version": "1.8.0",
	"animations": {
		"animation.m.aura": {
			"loop": true,
			"animation_length": 0.375,
			"bones": {
				"root": {
					"rotation": {
						"0.0": [12.5, 0, 0],
						"0.375": [12.5, 0, 0]
					},
					"position": {
						"0.0": [0, -2, 0],
						"0.375": [0, -2, 0]
					}
				},
				"rightarm": {
					"rotation": {
						"0.0": [-57.5, 40, 0],
						"0.0833": [-56.31119, 42.09464, 1.80994],
						"0.1667": [-57.5, 40, 0],
						"0.25": [-59.53185, 35.73467, -3.30723],
						"0.375": [-57.5, 40, 0]
					},
					"position": {
						"0.0": [1, -4, 4],
						"0.1667": [1, -3, 4],
						"0.375": [1, -4, 4]
					}
				},
				"leftarm": {
					"rotation": {
						"0.0": [-47.89537, -34.42324, -10.08812],
						"0.0833": [-46.69519, -36.25904, -12.16753],
						"0.1667": [-47.9, -34.42, -10.09],
						"0.25": [-49.99613, -30.64776, -6.19555],
						"0.375": [-47.9, -34.42, -10.09]
					},
					"position": {
						"0.0": [-1, -4, 4],
						"0.1667": [-1, -3, 4],
						"0.375": [-1, -4, 4]
					}
				},
				"Face": {
					"position": [0, 0, -2]
				},
				"Face2": {
					"position": [0, 0, -1]
				},
				"leftleg": {
					"rotation": {
						"0.0": [-14.3421, -10.93239, -2.30059],
						"0.1667": [-14.34, -10.93, -2.3],
						"0.375": [-14.34, -10.93, -2.3]
					},
					"position": {
						"0.0": [1, 3, -3],
						"0.375": [1, 3, -3]
					}
				},
				"rightleg": {
					"rotation": {
						"0.0": [-10, 15, 0],
						"0.1667": [-10, 15, 0],
						"0.375": [-10, 15, 0]
					},
					"position": {
						"0.0": [-1, 3, -3],
						"0.375": [-1, 3, -3]
					}
				},
				"Mecha2": {
					"rotation": {
						"0.0": [0, 0, 0],
						"0.2083": [9.99111, 3.94659, 21.72571],
						"0.375": [0, 0, 0]
					},
					"position": {
						"0.0": [0, 0, 0],
						"0.2083": [0, 0, 1],
						"0.375": [0, 0, 0]
					}
				},
				"Mecha5": {
					"rotation": {
						"0.0": [0, 0, 0],
						"0.2083": [0, 0, 12.5],
						"0.375": [0, 0, 0]
					}
				},
				"Mecha6": {
					"rotation": {
						"0.0": [0, 0, 0],
						"0.2083": [0, 0, -10],
						"0.375": [0, 0, 0]
					}
				},
				"Mecha7": {
					"rotation": {
						"0.0": [0, 0, 0],
						"0.2083": [0, 0, 12.5],
						"0.375": [0, 0, 0]
					}
				},
				"Mecha12": {
					"rotation": {
						"0.0": [0, 0, 0],
						"0.2083": [0, 0, -15],
						"0.375": [0, 0, 0]
					}
				},
				"Mecha3": {
					"rotation": {
						"0.0": [0, 0, 0],
						"0.2083": [0, 0, 10],
						"0.375": [0, 0, 0]
					}
				},
				"Mecha4": {
					"rotation": {
						"0.0": [0, 0, 0],
						"0.2083": [0, 0, 17.5],
						"0.375": [0, 0, 0]
					}
				},
				"Mecha8": {
					"rotation": {
						"0.0": [0, 0, 0],
						"0.2083": [0, 0, 20],
						"0.375": [0, 0, 0]
					}
				},
				"Mecha9": {
					"rotation": {
						"0.0": [0, 0, 0],
						"0.2083": [-10, 0, 0],
						"0.375": [0, 0, 0]
					}
				},
				"Mecha10": {
					"rotation": {
						"0.0": [0, 0, 0],
						"0.2083": [10, 0, 0],
						"0.375": [0, 0, 0]
					}
				},
				"Mecha11": {
					"rotation": {
						"0.0": [0, 0, 0],
						"0.2083": [15, 0, 0],
						"0.375": [0, 0, 0]
					}
				},
				"locator2": {
					"position": [0, 111, 0]
				}
			},
			"particle_effects": {
				"0.0": [
					{
						"effect": "aura2",
						"locator": "p"
					},
					{
						"effect": "aura3",
						"locator": "p"
					},
					{
						"effect": "aura4",
						"locator": "p"
					},
					{
						"effect": "aura",
						"locator": "p2"
					}
				]
			}
		},
		"animation.m.aurassj": {
			"loop": true,
			"animation_length": 0.375,
			"bones": {
				"root": {
					"rotation": {
						"0.0": [12.5, 0, 0],
						"0.375": [12.5, 0, 0]
					},
					"position": {
						"0.0": [0, -2, 0],
						"0.375": [0, -2, 0]
					}
				},
				"rightarm": {
					"rotation": {
						"0.0": [-57.5, 40, 0],
						"0.0833": [-56.31119, 42.09464, 1.80994],
						"0.1667": [-57.5, 40, 0],
						"0.25": [-59.53185, 35.73467, -3.30723],
						"0.375": [-57.5, 40, 0]
					},
					"position": {
						"0.0": [1, -4, 4],
						"0.1667": [1, -3, 4],
						"0.375": [1, -4, 4]
					}
				},
				"leftarm": {
					"rotation": {
						"0.0": [-47.89537, -34.42324, -10.08812],
						"0.0833": [-46.69519, -36.25904, -12.16753],
						"0.1667": [-47.9, -34.42, -10.09],
						"0.25": [-49.99613, -30.64776, -6.19555],
						"0.375": [-47.9, -34.42, -10.09]
					},
					"position": {
						"0.0": [-1, -4, 4],
						"0.1667": [-1, -3, 4],
						"0.375": [-1, -4, 4]
					}
				},
				"Face": {
					"position": [0, 0, -2]
				},
				"Face2": {
					"position": [0, 0, -1]
				},
				"leftleg": {
					"rotation": {
						"0.0": [-14.3421, -10.93239, -2.30059],
						"0.1667": [-14.34, -10.93, -2.3],
						"0.375": [-14.34, -10.93, -2.3]
					},
					"position": {
						"0.0": [1, 3, -3],
						"0.375": [1, 3, -3]
					}
				},
				"rightleg": {
					"rotation": {
						"0.0": [-10, 15, 0],
						"0.1667": [-10, 15, 0],
						"0.375": [-10, 15, 0]
					},
					"position": {
						"0.0": [-1, 3, -3],
						"0.375": [-1, 3, -3]
					}
				},
				"Mecha2": {
					"rotation": {
						"0.0": [0, 0, 0],
						"0.2083": [9.99111, 3.94659, 21.72571],
						"0.375": [0, 0, 0]
					},
					"position": {
						"0.0": [0, 0, 0],
						"0.2083": [0, 0, 1],
						"0.375": [0, 0, 0]
					}
				},
				"Mecha5": {
					"rotation": {
						"0.0": [0, 0, 0],
						"0.2083": [0, 0, 12.5],
						"0.375": [0, 0, 0]
					}
				},
				"Mecha6": {
					"rotation": {
						"0.0": [0, 0, 0],
						"0.2083": [0, 0, -10],
						"0.375": [0, 0, 0]
					}
				},
				"Mecha7": {
					"rotation": {
						"0.0": [0, 0, 0],
						"0.2083": [0, 0, 12.5],
						"0.375": [0, 0, 0]
					}
				},
				"Mecha12": {
					"rotation": {
						"0.0": [0, 0, 0],
						"0.2083": [0, 0, -15],
						"0.375": [0, 0, 0]
					}
				},
				"Mecha3": {
					"rotation": {
						"0.0": [0, 0, 0],
						"0.2083": [0, 0, 10],
						"0.375": [0, 0, 0]
					}
				},
				"Mecha4": {
					"rotation": {
						"0.0": [0, 0, 0],
						"0.2083": [0, 0, 17.5],
						"0.375": [0, 0, 0]
					}
				},
				"Mecha8": {
					"rotation": {
						"0.0": [0, 0, 0],
						"0.2083": [0, 0, 20],
						"0.375": [0, 0, 0]
					}
				},
				"Mecha9": {
					"rotation": {
						"0.0": [0, 0, 0],
						"0.2083": [-10, 0, 0],
						"0.375": [0, 0, 0]
					}
				},
				"Mecha10": {
					"rotation": {
						"0.0": [0, 0, 0],
						"0.2083": [10, 0, 0],
						"0.375": [0, 0, 0]
					}
				},
				"Mecha11": {
					"rotation": {
						"0.0": [0, 0, 0],
						"0.2083": [15, 0, 0],
						"0.375": [0, 0, 0]
					}
				},
				"locator2": {
					"position": [0, 111, 0]
				}
			},
			"particle_effects": {
				"0.0": [
					{
						"effect": "aurassj2",
						"locator": "p"
					},
					{
						"effect": "aura3",
						"locator": "p"
					},
					{
						"effect": "aura4",
						"locator": "p"
					},
					{
						"effect": "aurassj",
						"locator": "p2"
					}
				]
			}
		}
	}
}