{
	"format_version": "1.8.0",
	"animations": {
		"animation.player.stop": {
			"loop": true,
			"animation_length": 2.2917,
			"bones": {
				"waist": {
					"rotation": {
						"0.0": {
							"post": [-2.5, 0, 0],
							"lerp_mode": "catmullrom"
						},
						"1.0": {
							"post": [2.5, 0, 0],
							"lerp_mode": "catmullrom"
						},
						"2.2917": {
							"post": [-2.5, 0, 0],
							"lerp_mode": "catmullrom"
						}
					}
				},
				"head": {
					"rotation": {
						"0.0": {
							"post": [5, 0, 0],
							"lerp_mode": "catmullrom"
						},
						"1.0": {
							"post": [2.5, 0, 0],
							"lerp_mode": "catmullrom"
						},
						"1.3333": {
							"post": [6.21, 0, 0],
							"lerp_mode": "catmullrom"
						},
						"2.2917": {
							"post": [5, 0, 0],
							"lerp_mode": "catmullrom"
						}
					}
				},
				"leftarm": {
					"rotation": {
						"0.0": {
							"post": [2.5, 0, -2.5],
							"lerp_mode": "catmullrom"
						},
						"1.0": {
							"post": [-2.5, 0, -2.5],
							"lerp_mode": "catmullrom"
						},
						"1.2917": {
							"post": [-3.87097, 0, -2.5],
							"lerp_mode": "catmullrom"
						},
						"2.2917": {
							"post": [2.5, 0, -2.5],
							"lerp_mode": "catmullrom"
						}
					}
				},
				"rightarm": {
					"rotation": {
						"0.0": {
							"post": [0, 0, 2.5],
							"lerp_mode": "catmullrom"
						},
						"1.0": {
							"post": [-2.5, 0, 2.5],
							"lerp_mode": "catmullrom"
						},
						"1.2917": {
							"post": [-4.43548, 0, 2.5],
							"lerp_mode": "catmullrom"
						},
						"2.2917": {
							"post": [0, 0, 2.5],
							"lerp_mode": "catmullrom"
						}
					}
				},
				"leftleg": {
					"rotation": {
						"0.0": {
							"post": [0, -5, -2.5],
							"lerp_mode": "catmullrom"
						},
						"2.2917": {
							"post": [0, -5, -2.5],
							"lerp_mode": "catmullrom"
						}
					}
				},
				"rightleg": {
					"rotation": {
						"0.0": {
							"post": [0, 7.5, 2.5],
							"lerp_mode": "catmullrom"
						},
						"2.2917": {
							"post": [0, 7.5, 2.5],
							"lerp_mode": "catmullrom"
						}
					}
				}
			}
		},
		"animation.player.sneaking": {
			"loop": "hold_on_last_frame",
			"animation_length": 0.25,
			"bones": {
				"root": {
					"position": [0, -4, 0]
				},
				"waist": {
					"rotation": [17.54624, 4.88119, 1.08482],
					"position": [0, 0, 1]
				},
				"head": {
					"rotation": [-12.5, -5, 0]
				},
				"leftarm": {
					"rotation": [-14.78217, -2.57594, -9.6658],
					"position": [0, -1, 0]
				},
				"rightarm": {
					"rotation": [-21.8089, -7.61685, 10.64285],
					"position": [0, -1, -1]
				},
				"leftleg": {
					"rotation": [-15, 0, 0],
					"position": [0, 4, -3]
				},
				"rightleg": {
					"rotation": [62.5, 0, 0],
					"position": [0, -1, -1]
				}
			}
		},
		"animation.player.jump": {
			"loop": "hold_on_last_frame",
			"animation_length": 0.75,
			"bones": {
				"root": {
					"rotation": {
						"0.0": [0, 0, 0],
						"0.25": [-5, 0, 0]
					},
					"position": {
						"0.0": [0, -3, 0],
						"0.0833": [0, -3, -1],
						"0.1667": [0, -3, -1],
						"0.25": [0, 2, -5],
						"0.75": [0, 2, -1]
					}
				},
				"waist": {
					"rotation": {
						"0.0": [10, 0, 0],
						"0.0833": [20, 0, 0],
						"0.1667": [20, 0, 0],
						"0.25": [10, 0, 0],
						"0.75": [12.5, 0, 0]
					},
					"position": {
						"0.0": [0, 0, 1],
						"0.0833": [0, -1, 2],
						"0.1667": [0, -1, 2],
						"0.75": [0, -1, 3]
					}
				},
				"head": {
					"rotation": {
						"0.0": [17.5, 0, 0],
						"0.0833": [25, 0, 0],
						"0.1667": [25, 0, 0],
						"0.25": [-10, 0, 0],
						"0.375": [-2.5, 0, 0],
						"0.75": [15, 0, 0]
					}
				},
				"leftarm": {
					"rotation": {
						"0.0": [-157.10125, -8.42145, -5.41207],
						"0.0833": [-165.8009, -10.33982, 1.93721],
						"0.1667": [-165.8, -10.34, 1.94],
						"0.25": [13.64443, -11.7634, -20.94557],
						"0.375": [11.14443, -11.7634, -20.94557],
						"0.75": [27.24718, -6.65781, -43.15644]
					},
					"position": {
						"0.0": [0, 3, -2],
						"0.1667": [0, 3, -2],
						"0.25": [0, 0, 1]
					}
				},
				"rightarm": {
					"rotation": {
						"0.0": [-153.60782, 18.05776, 8.74472],
						"0.0833": [-167.75023, 19.18934, 3.60506],
						"0.1667": [-167.75, 19.19, 3.61],
						"0.25": [14.33915, -11.46044, 18.59888],
						"0.375": [6.83915, -11.46044, 18.59888],
						"0.75": [12.17948, -11.40531, 51.44021]
					},
					"position": {
						"0.0": [0, 3, -2],
						"0.1667": [0, 3, -2],
						"0.25": [0, 0, 1]
					}
				},
				"leftleg": {
					"rotation": {
						"0.0": [13.72643, -12.61088, 1.26774],
						"0.0833": [18.72643, -12.61088, 1.26774],
						"0.1667": [18.73, -12.61, 1.27],
						"0.25": [20.55268, -9.24067, -8.32103],
						"0.375": [15.34622, 0.39973, -5.65235],
						"0.75": [-12.1596, -0.12681, -8.09629]
					},
					"position": {
						"0.0": [1, 3, -3],
						"0.1667": [1, 3, -3],
						"0.25": [1, -1, 2],
						"0.375": [0, -1, 2],
						"0.75": [0, -1, 1]
					}
				},
				"rightleg": {
					"rotation": {
						"0.0": [14.00591, 10.77814, -0.04655],
						"0.0833": [19.00591, 10.77814, -0.04655],
						"0.1667": [19.01, 10.78, -0.05],
						"0.25": [20.51878, 7.39055, 9.47936],
						"0.375": [10.51878, 7.39055, 9.47936],
						"0.75": [-12.56926, 6.32685, 4.55851]
					},
					"position": {
						"0.0": [-1, 3, -3],
						"0.1667": [-1, 3, -3],
						"0.25": [0, -1, 2],
						"0.75": [-1, 1, 0]
					}
				}
			}
		},
		"animation.player.dash": {
			"loop": "hold_on_last_frame",
			"animation_length": 0.625,
			"bones": {
				"root": {
					"position": {
						"0.0": {
							"post": [0, 0, 2],
							"lerp_mode": "catmullrom"
						},
						"0.0833": {
							"post": [0, 0, 2.8],
							"lerp_mode": "catmullrom"
						},
						"0.2083": {
							"post": [0, 0, -3],
							"lerp_mode": "catmullrom"
						},
						"0.375": {
							"post": [0, 0, -1],
							"lerp_mode": "catmullrom"
						},
						"0.625": {
							"post": [0, 0, -1],
							"lerp_mode": "catmullrom"
						}
					}
				},
				"waist": {
					"rotation": {
						"0.0": {
							"post": [-10, 0, 0],
							"lerp_mode": "catmullrom"
						},
						"0.0833": {
							"post": [-12.5, 0, 0],
							"lerp_mode": "catmullrom"
						},
						"0.1667": {
							"post": [27.5, 0, 0],
							"lerp_mode": "catmullrom"
						},
						"0.2917": {
							"post": [32.5, 0, 0],
							"lerp_mode": "catmullrom"
						},
						"0.375": {
							"post": [32.5, 0, 0],
							"lerp_mode": "catmullrom"
						},
						"0.625": {
							"post": [32.5, 0, 0],
							"lerp_mode": "catmullrom"
						}
					}
				},
				"leftarm": {
					"rotation": {
						"0.0": {
							"post": [-76.09248, 2.92857, -20.55715],
							"lerp_mode": "catmullrom"
						},
						"0.0833": {
							"post": [-78.59248, 2.92857, -20.55715],
							"lerp_mode": "catmullrom"
						},
						"0.1667": {
							"post": [41.40752, 2.92857, -20.55715],
							"lerp_mode": "catmullrom"
						},
						"0.2917": {
							"post": [28.90752, 2.92857, -20.55715],
							"lerp_mode": "catmullrom"
						},
						"0.375": {
							"post": [28.91, 2.93, -20.56],
							"lerp_mode": "catmullrom"
						},
						"0.625": {
							"post": [28.91, 2.93, -20.56],
							"lerp_mode": "catmullrom"
						}
					},
					"position": {
						"0.0": {
							"post": [0, 0, 0],
							"lerp_mode": "catmullrom"
						},
						"0.1667": {
							"post": [0, -1, 1],
							"lerp_mode": "catmullrom"
						},
						"0.375": {
							"post": [0, -1, 1],
							"lerp_mode": "catmullrom"
						},
						"0.625": {
							"post": [0, -1, 1],
							"lerp_mode": "catmullrom"
						}
					}
				},
				"rightarm": {
					"rotation": {
						"0.0": {
							"post": [-50.22704, -0.24061, 22.89373],
							"lerp_mode": "catmullrom"
						},
						"0.0833": {
							"post": [-55.22704, -0.24061, 22.89373],
							"lerp_mode": "catmullrom"
						},
						"0.1667": {
							"post": [34.77296, -0.24061, 22.89373],
							"lerp_mode": "catmullrom"
						},
						"0.2917": {
							"post": [24.77296, -0.24061, 22.89373],
							"lerp_mode": "catmullrom"
						},
						"0.375": {
							"post": [24.77, -0.24, 22.89],
							"lerp_mode": "catmullrom"
						},
						"0.625": {
							"post": [24.77, -0.24, 22.89],
							"lerp_mode": "catmullrom"
						}
					},
					"position": {
						"0.0": {
							"post": [0, 0, 0],
							"lerp_mode": "catmullrom"
						},
						"0.1667": {
							"post": [0, -1, 1],
							"lerp_mode": "catmullrom"
						},
						"0.375": {
							"post": [0, -1, 1],
							"lerp_mode": "catmullrom"
						},
						"0.625": {
							"post": [0, -1, 1],
							"lerp_mode": "catmullrom"
						}
					}
				},
				"leftleg": {
					"rotation": {
						"0.0": {
							"post": [-22.32648, -2.86313, -6.93488],
							"lerp_mode": "catmullrom"
						},
						"0.0833": {
							"post": [-27.32648, -2.86313, -6.93488],
							"lerp_mode": "catmullrom"
						},
						"0.1667": {
							"post": [45.17352, -2.86313, -6.93488],
							"lerp_mode": "catmullrom"
						},
						"0.2917": {
							"post": [40.17352, -2.86313, -6.93488],
							"lerp_mode": "catmullrom"
						},
						"0.375": {
							"post": [40.17, -2.86, -6.93],
							"lerp_mode": "catmullrom"
						},
						"0.625": {
							"post": [40.17, -2.86, -6.93],
							"lerp_mode": "catmullrom"
						}
					},
					"position": {
						"0.0": {
							"post": [0, 0, 0],
							"lerp_mode": "catmullrom"
						},
						"0.0833": {
							"post": [0, 0, 0],
							"lerp_mode": "catmullrom"
						},
						"0.1667": {
							"post": [0, 1, -6],
							"lerp_mode": "catmullrom"
						},
						"0.2917": {
							"post": [0, 1, -5],
							"lerp_mode": "catmullrom"
						},
						"0.375": {
							"post": [0, 1, -5],
							"lerp_mode": "catmullrom"
						},
						"0.625": {
							"post": [0, 1, -5],
							"lerp_mode": "catmullrom"
						}
					}
				},
				"rightleg": {
					"rotation": {
						"0.0": {
							"post": [-15.36738, 13.3611, 1.54143],
							"lerp_mode": "catmullrom"
						},
						"0.0833": {
							"post": [-5.36738, 13.3611, 1.54143],
							"lerp_mode": "catmullrom"
						},
						"0.1667": {
							"post": [52.92677, 2.26086, 7.3525],
							"lerp_mode": "catmullrom"
						},
						"0.2917": {
							"post": [47.92677, 2.26086, 7.3525],
							"lerp_mode": "catmullrom"
						},
						"0.375": {
							"post": [47.93, 2.26, 7.35],
							"lerp_mode": "catmullrom"
						},
						"0.625": {
							"post": [47.93, 2.26, 7.35],
							"lerp_mode": "catmullrom"
						}
					},
					"position": {
						"0.0": {
							"post": [0, 0, 0],
							"lerp_mode": "catmullrom"
						},
						"0.0833": {
							"post": [0, 3, -3],
							"lerp_mode": "catmullrom"
						},
						"0.125": {
							"post": [0, -1.31, -2.69],
							"lerp_mode": "catmullrom"
						},
						"0.1667": {
							"post": [0, 0, 0],
							"lerp_mode": "catmullrom"
						},
						"0.625": {
							"post": [0, 0, 0],
							"lerp_mode": "catmullrom"
						}
					}
				}
			}
		},
		"animation.player.walk": {
			"loop": true,
			"animation_length": 1.25,
			"bones": {
				"waist": {
					"rotation": {
						"0.0": {
							"post": [7.5547, 4.82922, 1.29717],
							"lerp_mode": "catmullrom"
						},
						"0.2083": {
							"post": [15.0547, 4.82922, 1.29717],
							"lerp_mode": "catmullrom"
						},
						"0.4167": {
							"post": [12.62956, -7.0905, -2.47475],
							"lerp_mode": "catmullrom"
						},
						"0.625": {
							"post": [10.38412, -11.85259, -4.02027],
							"lerp_mode": "catmullrom"
						},
						"0.8333": {
							"post": [20.10508, 0.34184, -1.25395],
							"lerp_mode": "catmullrom"
						},
						"1.0417": {
							"post": [17.72024, 7.65992, 0.39302],
							"lerp_mode": "catmullrom"
						},
						"1.25": {
							"post": [7.5547, 4.82922, 1.29717],
							"lerp_mode": "catmullrom"
						}
					}
				},
				"leftarm": {
					"rotation": {
						"0.0": {
							"post": [-30.90516, 29.5665, -14.41849],
							"lerp_mode": "catmullrom"
						},
						"0.0833": {
							"post": [-37.68249, 18.25651, -13.70801],
							"lerp_mode": "catmullrom"
						},
						"0.2083": {
							"post": [-13.77038, -0.51325, -12.52891],
							"lerp_mode": "catmullrom"
						},
						"0.4167": {
							"post": [1.22962, -0.51325, -12.52891],
							"lerp_mode": "catmullrom"
						},
						"0.625": {
							"post": [6.17239, -3.53875, -7.82643],
							"lerp_mode": "catmullrom"
						},
						"0.75": {
							"post": [16.68535, -1.79606, -10.53506],
							"lerp_mode": "catmullrom"
						},
						"0.8333": {
							"post": [3.72962, -0.51325, -12.52891],
							"lerp_mode": "catmullrom"
						},
						"1.0417": {
							"post": [-21.27038, -0.51325, -12.52891],
							"lerp_mode": "catmullrom"
						},
						"1.25": {
							"post": [-30.90516, 29.5665, -14.41849],
							"lerp_mode": "catmullrom"
						}
					},
					"position": {
						"0.0": {
							"post": [0, 0, -2],
							"lerp_mode": "catmullrom"
						},
						"0.0833": {
							"post": [0, -0.98, -0.36],
							"lerp_mode": "catmullrom"
						},
						"0.2083": {
							"post": [0, 0, 0],
							"lerp_mode": "catmullrom"
						},
						"0.4167": {
							"post": [0, -0.35, 0.88],
							"lerp_mode": "catmullrom"
						},
						"0.625": {
							"post": [0, -1, 2],
							"lerp_mode": "catmullrom"
						},
						"0.8333": {
							"post": [0, -1, 1],
							"lerp_mode": "catmullrom"
						},
						"1.0417": {
							"post": [0, -1, 0],
							"lerp_mode": "catmullrom"
						},
						"1.25": {
							"post": [0, 0, -2],
							"lerp_mode": "catmullrom"
						}
					}
				},
				"rightarm": {
					"rotation": {
						"0.0": {
							"post": [13.09871, 10.80355, 6.32526],
							"lerp_mode": "catmullrom"
						},
						"0.0833": {
							"post": [13.91871, 10.80355, 6.32526],
							"lerp_mode": "catmullrom"
						},
						"0.2083": {
							"post": [-6.90129, 10.80355, 6.32526],
							"lerp_mode": "catmullrom"
						},
						"0.4167": {
							"post": [-24.40129, 10.80355, 6.32526],
							"lerp_mode": "catmullrom"
						},
						"0.625": {
							"post": [-23.67638, -16.81189, 17.44751],
							"lerp_mode": "catmullrom"
						},
						"0.7083": {
							"post": [-36.68122, -4.86085, 13.48007],
							"lerp_mode": "catmullrom"
						},
						"0.8333": {
							"post": [-14.40129, 10.80355, 6.32526],
							"lerp_mode": "catmullrom"
						},
						"1.0417": {
							"post": [1.96794, 9.9815, 13.90466],
							"lerp_mode": "catmullrom"
						},
						"1.25": {
							"post": [13.09871, 10.80355, 6.32526],
							"lerp_mode": "catmullrom"
						}
					},
					"position": {
						"0.0": {
							"post": [0, 0, 2],
							"lerp_mode": "catmullrom"
						},
						"0.2083": {
							"post": [0, 0, 0],
							"lerp_mode": "catmullrom"
						},
						"0.4167": {
							"post": [0, 0.04, -0.54],
							"lerp_mode": "catmullrom"
						},
						"0.625": {
							"post": [0, 0, -1],
							"lerp_mode": "catmullrom"
						},
						"0.8333": {
							"post": [0, -1, 0],
							"lerp_mode": "catmullrom"
						},
						"1.0417": {
							"post": [0, -1, 1],
							"lerp_mode": "catmullrom"
						},
						"1.25": {
							"post": [0, 0, 2],
							"lerp_mode": "catmullrom"
						}
					}
				},
				"leftleg": {
					"rotation": {
						"0.0": {
							"post": [20, 0, 0],
							"lerp_mode": "catmullrom"
						},
						"0.2083": {
							"post": [27.46099, 0.07556, -0.75581],
							"lerp_mode": "catmullrom"
						},
						"0.4167": {
							"post": [37.46099, 0.07556, -0.75581],
							"lerp_mode": "catmullrom"
						},
						"0.625": {
							"post": [-17.53901, 0.07556, -0.75581],
							"lerp_mode": "catmullrom"
						},
						"0.8333": {
							"post": [-0.03901, 0.07556, -0.75581],
							"lerp_mode": "catmullrom"
						},
						"1.0417": {
							"post": [9.96099, 0.07556, -0.75581],
							"lerp_mode": "catmullrom"
						},
						"1.25": {
							"post": [20, 0, 0],
							"lerp_mode": "catmullrom"
						}
					},
					"position": {
						"0.0": {
							"post": [0, 0, 0],
							"lerp_mode": "catmullrom"
						},
						"0.2083": {
							"post": [0, 0, -2.12],
							"lerp_mode": "catmullrom"
						},
						"0.4167": {
							"post": [0, 0, -4],
							"lerp_mode": "catmullrom"
						},
						"0.625": {
							"post": [0, 0, -2],
							"lerp_mode": "catmullrom"
						},
						"0.8333": {
							"post": [0, 0, -1],
							"lerp_mode": "catmullrom"
						},
						"1.0417": {
							"post": [0, 0, -0.74],
							"lerp_mode": "catmullrom"
						},
						"1.25": {
							"post": [0, 0, 0],
							"lerp_mode": "catmullrom"
						}
					}
				},
				"rightleg": {
					"rotation": {
						"0.0": {
							"post": [-22.5, 0, 0],
							"lerp_mode": "catmullrom"
						},
						"0.2083": {
							"post": [0, 0, 0],
							"lerp_mode": "catmullrom"
						},
						"0.4167": {
							"post": [10, 0, 0],
							"lerp_mode": "catmullrom"
						},
						"0.625": {
							"post": [22.5, 0, 0],
							"lerp_mode": "catmullrom"
						},
						"0.8333": {
							"post": [37.5, 0, 0],
							"lerp_mode": "catmullrom"
						},
						"1.0417": {
							"post": [42.5, 0, 0],
							"lerp_mode": "catmullrom"
						},
						"1.25": {
							"post": [-22.5, 0, 0],
							"lerp_mode": "catmullrom"
						}
					},
					"position": {
						"0.0": {
							"post": [0, 0, -1],
							"lerp_mode": "catmullrom"
						},
						"0.2083": {
							"post": [0, 0, -1],
							"lerp_mode": "catmullrom"
						},
						"0.4167": {
							"post": [0, 0, 0],
							"lerp_mode": "catmullrom"
						},
						"0.625": {
							"post": [0, 0, -0.89],
							"lerp_mode": "catmullrom"
						},
						"0.8333": {
							"post": [0, 0, -2.13],
							"lerp_mode": "catmullrom"
						},
						"1.0417": {
							"post": [0, 0, -3],
							"lerp_mode": "catmullrom"
						},
						"1.25": {
							"post": [0, 0, -1],
							"lerp_mode": "catmullrom"
						}
					}
				}
			}
		},
		"animation.player.run": {
			"loop": true,
			"animation_length": 0.5,
			"bones": {
				"root": {
					"position": {
						"0.0": {
							"post": [-1, 1, -3],
							"lerp_mode": "catmullrom"
						},
						"0.125": {
							"post": [0, 0, 0],
							"lerp_mode": "catmullrom"
						},
						"0.25": {
							"post": [1, 1, -2],
							"lerp_mode": "catmullrom"
						},
						"0.375": {
							"post": [0, 0, 0],
							"lerp_mode": "catmullrom"
						},
						"0.5": {
							"post": [-1, 1, -3],
							"lerp_mode": "catmullrom"
						}
					}
				},
				"waist": {
					"rotation": {
						"0.0": {
							"post": [44.28801, 4.21362, 10.94645],
							"lerp_mode": "catmullrom"
						},
						"0.125": {
							"post": [49.0125, 4.05609, 0.32849],
							"lerp_mode": "catmullrom"
						},
						"0.25": {
							"post": [50.01305, -10.66244, -16.76579],
							"lerp_mode": "catmullrom"
						},
						"0.375": {
							"post": [48.8391, 0.53299, 0.08318],
							"lerp_mode": "catmullrom"
						},
						"0.5": {
							"post": [44.28801, 4.21362, 10.94645],
							"lerp_mode": "catmullrom"
						}
					}
				},
				"leftarm": {
					"rotation": {
						"0.0": {
							"post": [-119.04715, 21.42699, -26.02197],
							"lerp_mode": "catmullrom"
						},
						"0.125": {
							"post": [-31.8698, -2.56648, -19.88538],
							"lerp_mode": "catmullrom"
						},
						"0.25": {
							"post": [37.86987, 2.24387, -10.88757],
							"lerp_mode": "catmullrom"
						},
						"0.375": {
							"post": [5.03462, -7.04138, -28.61184],
							"lerp_mode": "catmullrom"
						},
						"0.5": {
							"post": [-119.04715, 21.42699, -26.02197],
							"lerp_mode": "catmullrom"
						}
					},
					"position": {
						"0.0": {
							"post": [-2, 1, -3],
							"lerp_mode": "catmullrom"
						},
						"0.125": {
							"post": [0, 0, -1],
							"lerp_mode": "catmullrom"
						},
						"0.25": {
							"post": [0, -3, 2],
							"lerp_mode": "catmullrom"
						},
						"0.375": {
							"post": [0, 0, 0],
							"lerp_mode": "catmullrom"
						},
						"0.5": {
							"post": [-2, 1, -3],
							"lerp_mode": "catmullrom"
						}
					}
				},
				"rightarm": {
					"rotation": {
						"0.0": {
							"post": [47.07859, 23.75847, 33.73583],
							"lerp_mode": "catmullrom"
						},
						"0.125": {
							"post": [1.09779, 20.18812, 15.3564],
							"lerp_mode": "catmullrom"
						},
						"0.25": {
							"post": [-115.78792, 15.77248, 39.81977],
							"lerp_mode": "catmullrom"
						},
						"0.375": {
							"post": [-33.49692, 18.17696, 39.10406],
							"lerp_mode": "catmullrom"
						},
						"0.5": {
							"post": [47.07859, 23.75847, 33.73583],
							"lerp_mode": "catmullrom"
						}
					},
					"position": {
						"0.0": {
							"post": [0, -2, 4],
							"lerp_mode": "catmullrom"
						},
						"0.125": {
							"post": [0, 0, 1],
							"lerp_mode": "catmullrom"
						},
						"0.25": {
							"post": [1, 2, -3],
							"lerp_mode": "catmullrom"
						},
						"0.375": {
							"post": [0, 0, 0],
							"lerp_mode": "catmullrom"
						},
						"0.5": {
							"post": [0, -2, 4],
							"lerp_mode": "catmullrom"
						}
					}
				},
				"leftleg": {
					"rotation": {
						"0.0": {
							"post": [67.5, 0, 0],
							"lerp_mode": "catmullrom"
						},
						"0.125": {
							"post": [112.5, 0, 0],
							"lerp_mode": "catmullrom"
						},
						"0.25": {
							"post": [-60, 0, 0],
							"lerp_mode": "catmullrom"
						},
						"0.375": {
							"post": [2.5, 0, 0],
							"lerp_mode": "catmullrom"
						},
						"0.5": {
							"post": [67.5, 0, 0],
							"lerp_mode": "catmullrom"
						}
					},
					"position": {
						"0.0": {
							"post": [0, 0, 0],
							"lerp_mode": "catmullrom"
						},
						"0.125": {
							"post": [0, -3, -4],
							"lerp_mode": "catmullrom"
						},
						"0.25": {
							"post": [0, 0, -3],
							"lerp_mode": "catmullrom"
						},
						"0.5": {
							"post": [0, 0, 0],
							"lerp_mode": "catmullrom"
						}
					}
				},
				"rightleg": {
					"rotation": {
						"0.0": {
							"post": [-62.5, 0, 0],
							"lerp_mode": "catmullrom"
						},
						"0.125": {
							"post": [12.5, 0, 0],
							"lerp_mode": "catmullrom"
						},
						"0.25": {
							"post": [62.5, 0, 0],
							"lerp_mode": "catmullrom"
						},
						"0.375": {
							"post": [102.5, 0, 0],
							"lerp_mode": "catmullrom"
						},
						"0.5": {
							"post": [-62.5, 0, 0],
							"lerp_mode": "catmullrom"
						}
					},
					"position": {
						"0.0": {
							"post": [0, 0, -3],
							"lerp_mode": "catmullrom"
						},
						"0.25": {
							"post": [0, 0, 0],
							"lerp_mode": "catmullrom"
						},
						"0.375": {
							"post": [0, -3, -6],
							"lerp_mode": "catmullrom"
						},
						"0.5": {
							"post": [0, 0, -3],
							"lerp_mode": "catmullrom"
						}
					}
				}
			}
		},
		"animation.player.attack1": {
			"animation_length": 0.6667,
			"bones": {
				"waist": {
					"rotation": {
						"0.0": {
							"post": [10.09309, 14.17822, 3.30248],
							"lerp_mode": "catmullrom"
						},
						"0.125": {
							"post": [2.52619, 22.08506, -3.34801],
							"lerp_mode": "catmullrom"
						},
						"0.25": {
							"post": [2.62912, 27.08001, -3.10081],
							"lerp_mode": "catmullrom"
						},
						"0.3333": {
							"post": [15.69358, -42.85112, -6.47149],
							"lerp_mode": "catmullrom"
						},
						"0.4167": {
							"post": [9.93154, -37.93168, -5.29662],
							"lerp_mode": "catmullrom"
						},
						"0.5417": {
							"post": [11.82912, -37.45965, -8.39944],
							"lerp_mode": "catmullrom"
						},
						"0.6667": {
							"post": [11.83, -37.46, -8.4],
							"lerp_mode": "catmullrom"
						}
					}
				},
				"leftarm": {
					"rotation": {
						"0.0": {
							"post": [-118.20867, -21.63471, -34.50269],
							"lerp_mode": "catmullrom"
						},
						"0.125": {
							"post": [-118.65545, -14.86072, -32.38217],
							"lerp_mode": "catmullrom"
						},
						"0.25": {
							"post": [-128.65545, -14.86072, -32.38217],
							"lerp_mode": "catmullrom"
						},
						"0.3333": {
							"post": [-132.3347, -26.301, -21.99282],
							"lerp_mode": "catmullrom"
						},
						"0.4167": {
							"post": [-124.16612, -24.24055, -23.55863],
							"lerp_mode": "catmullrom"
						},
						"0.5417": {
							"post": [-126.40595, -30.36673, -18.685],
							"lerp_mode": "catmullrom"
						},
						"0.6667": {
							"post": [-126.41, -30.37, -18.68],
							"lerp_mode": "catmullrom"
						}
					},
					"position": {
						"0.0": {
							"post": [1, -3, 1],
							"lerp_mode": "catmullrom"
						},
						"0.25": {
							"post": [1, -2, 0],
							"lerp_mode": "catmullrom"
						},
						"0.6667": {
							"post": [1, -2, 0],
							"lerp_mode": "catmullrom"
						}
					}
				},
				"rightarm": {
					"rotation": {
						"0.0": {
							"post": [-122.21284, -31.77856, -9.94388],
							"lerp_mode": "catmullrom"
						},
						"0.125": {
							"post": [-115.07183, -5.07609, -5.81001],
							"lerp_mode": "catmullrom"
						},
						"0.25": {
							"post": [-102.53149, 3.98729, -10.04014],
							"lerp_mode": "catmullrom"
						},
						"0.3333": {
							"post": [-105.79947, -37.3464, 0.58545],
							"lerp_mode": "catmullrom"
						},
						"0.5417": {
							"post": [-104.87508, -32.52411, -1.0273],
							"lerp_mode": "catmullrom"
						},
						"0.6667": {
							"post": [-104.88, -32.52, -1.03],
							"lerp_mode": "catmullrom"
						}
					},
					"position": {
						"0.0": {
							"post": [-1, -2, 1],
							"lerp_mode": "catmullrom"
						},
						"0.125": {
							"post": [-1, -2, 2],
							"lerp_mode": "catmullrom"
						},
						"0.25": {
							"post": [0, -2, 3],
							"lerp_mode": "catmullrom"
						},
						"0.3333": {
							"post": [2, 0, -4],
							"lerp_mode": "catmullrom"
						},
						"0.4167": {
							"post": [1, 0, -4],
							"lerp_mode": "catmullrom"
						},
						"0.5417": {
							"post": [2, 0, -4],
							"lerp_mode": "catmullrom"
						},
						"0.6667": {
							"post": [2, 0, -4],
							"lerp_mode": "catmullrom"
						}
					}
				},
				"leftleg": {
					"rotation": {
						"0.0": {
							"post": [12.90582, -6.76919, -4.08904],
							"lerp_mode": "catmullrom"
						},
						"0.125": {
							"post": [13.37474, 1.66698, -7.2475],
							"lerp_mode": "catmullrom"
						},
						"0.25": {
							"post": [13.37019, -0.76526, -7.82568],
							"lerp_mode": "catmullrom"
						},
						"0.3333": {
							"post": [14.78573, -25.03878, -14.01787],
							"lerp_mode": "catmullrom"
						},
						"0.4167": {
							"post": [15.10367, -27.45425, -14.73665],
							"lerp_mode": "catmullrom"
						},
						"0.6667": {
							"post": [15.1, -27.45, -14.74],
							"lerp_mode": "catmullrom"
						}
					},
					"position": {
						"0.0": {
							"post": [0, 0, 0],
							"lerp_mode": "catmullrom"
						},
						"0.3333": {
							"post": [0, 0, 1],
							"lerp_mode": "catmullrom"
						},
						"0.6667": {
							"post": [0, 0, 1],
							"lerp_mode": "catmullrom"
						}
					}
				},
				"rightleg": {
					"rotation": {
						"0.0": {
							"post": [0, 0, 12.5],
							"lerp_mode": "catmullrom"
						},
						"0.125": {
							"post": [0.10943, 4.99761, 15.00716],
							"lerp_mode": "catmullrom"
						},
						"0.25": {
							"post": [0.1143, 17.49759, 15.03199],
							"lerp_mode": "catmullrom"
						},
						"0.3333": {
							"post": [0.10912, -2.50237, 14.99286],
							"lerp_mode": "catmullrom"
						},
						"0.4167": {
							"post": [0.10901, -0.00238, 14.99762],
							"lerp_mode": "catmullrom"
						},
						"0.6667": {
							"post": [0.11, 0, 15],
							"lerp_mode": "catmullrom"
						}
					},
					"position": {
						"0.0": {
							"post": [-1, 0, -2],
							"lerp_mode": "catmullrom"
						},
						"0.3333": {
							"post": [-1, 0, -3],
							"lerp_mode": "catmullrom"
						},
						"0.6667": {
							"post": [-1, 0, -3],
							"lerp_mode": "catmullrom"
						}
					}
				}
			}
		},
		"animation.player.attack3": {
			"animation_length": 0.6667,
			"bones": {
				"waist": {
					"rotation": {
						"0.0": {
							"post": [10.09309, 14.17822, 3.30248],
							"lerp_mode": "catmullrom"
						},
						"0.125": {
							"post": [2.52619, 22.08506, -3.34801],
							"lerp_mode": "catmullrom"
						},
						"0.25": {
							"post": [2.62912, 27.08001, -3.10081],
							"lerp_mode": "catmullrom"
						},
						"0.3333": {
							"post": [15.69358, -42.85112, -6.47149],
							"lerp_mode": "catmullrom"
						},
						"0.4167": {
							"post": [9.93154, -37.93168, -5.29662],
							"lerp_mode": "catmullrom"
						},
						"0.5417": {
							"post": [11.82912, -37.45965, -8.39944],
							"lerp_mode": "catmullrom"
						},
						"0.6667": {
							"post": [11.83, -37.46, -8.4],
							"lerp_mode": "catmullrom"
						}
					}
				},
				"head": {
					"rotation": {
						"0.0": {
							"post": [-5.26073, -10.73143, 0.27977],
							"lerp_mode": "catmullrom"
						},
						"0.125": {
							"post": [-0.26073, -10.73143, 0.27977],
							"lerp_mode": "catmullrom"
						},
						"0.25": {
							"post": [-1.09254, -18.20163, 2.94734],
							"lerp_mode": "catmullrom"
						},
						"0.3333": {
							"post": [-8.69003, 29.29001, 2.02378],
							"lerp_mode": "catmullrom"
						},
						"0.4167": {
							"post": [-1.25622, 34.28887, 1.89825],
							"lerp_mode": "catmullrom"
						},
						"0.5417": {
							"post": [-1.22107, 31.78946, 1.96271],
							"lerp_mode": "catmullrom"
						},
						"0.6667": {
							"post": [-1.22, 31.79, 1.96],
							"lerp_mode": "catmullrom"
						}
					}
				},
				"leftarm": {
					"rotation": {
						"0.0": {
							"post": [-118.20867, -21.63471, -34.50269],
							"lerp_mode": "catmullrom"
						},
						"0.125": {
							"post": [-118.65545, -14.86072, -32.38217],
							"lerp_mode": "catmullrom"
						},
						"0.25": {
							"post": [-128.65545, -14.86072, -32.38217],
							"lerp_mode": "catmullrom"
						},
						"0.3333": {
							"post": [-109.63668, -32.38801, -37.41701],
							"lerp_mode": "catmullrom"
						},
						"0.4167": {
							"post": [-124.16612, -24.24055, -23.55863],
							"lerp_mode": "catmullrom"
						},
						"0.5417": {
							"post": [-126.40595, -30.36673, -18.685],
							"lerp_mode": "catmullrom"
						},
						"0.6667": {
							"post": [-116.41, -30.37, -18.68],
							"lerp_mode": "catmullrom"
						}
					},
					"position": {
						"0.0": {
							"post": [1, -3, 1],
							"lerp_mode": "catmullrom"
						},
						"0.25": {
							"post": [1, -2, 0],
							"lerp_mode": "catmullrom"
						},
						"0.3333": {
							"post": [1, -3.94, 2.94],
							"lerp_mode": "catmullrom"
						},
						"0.6667": {
							"post": [1, -3, 3],
							"lerp_mode": "catmullrom"
						}
					}
				},
				"rightarm": {
					"rotation": {
						"0.0": {
							"post": [-122.21284, -31.77856, -9.94388],
							"lerp_mode": "catmullrom"
						},
						"0.125": {
							"post": [-115.07183, -5.07609, -5.81001],
							"lerp_mode": "catmullrom"
						},
						"0.25": {
							"post": [-102.53149, 3.98729, -10.04014],
							"lerp_mode": "catmullrom"
						},
						"0.3333": {
							"post": [-91.91308, 38.03012, 16.1251],
							"lerp_mode": "catmullrom"
						},
						"0.4167": {
							"post": [-90.45683, 33.86798, 18.94248],
							"lerp_mode": "catmullrom"
						},
						"0.5417": {
							"post": [-91.91308, 38.03012, 16.1251],
							"lerp_mode": "catmullrom"
						},
						"0.6667": {
							"post": [-91.91308, 38.03012, 16.1251],
							"lerp_mode": "catmullrom"
						}
					},
					"position": {
						"0.0": {
							"post": [-1, -2, 1],
							"lerp_mode": "catmullrom"
						},
						"0.125": {
							"post": [-1, -2, 2],
							"lerp_mode": "catmullrom"
						},
						"0.25": {
							"post": [0, -2, 3],
							"lerp_mode": "catmullrom"
						},
						"0.3333": {
							"post": [0, 1, -2],
							"lerp_mode": "catmullrom"
						},
						"0.4167": {
							"post": [0, 1, -2],
							"lerp_mode": "catmullrom"
						},
						"0.5417": {
							"post": [0, 1, -2],
							"lerp_mode": "catmullrom"
						},
						"0.6667": {
							"post": [0, 1, -2],
							"lerp_mode": "catmullrom"
						}
					}
				},
				"leftleg": {
					"rotation": {
						"0.0": {
							"post": [12.90582, -6.76919, -4.08904],
							"lerp_mode": "catmullrom"
						},
						"0.125": {
							"post": [13.37474, 1.66698, -7.2475],
							"lerp_mode": "catmullrom"
						},
						"0.25": {
							"post": [13.37019, -0.76526, -7.82568],
							"lerp_mode": "catmullrom"
						},
						"0.3333": {
							"post": [14.78573, -25.03878, -14.01787],
							"lerp_mode": "catmullrom"
						},
						"0.4167": {
							"post": [15.10367, -27.45425, -14.73665],
							"lerp_mode": "catmullrom"
						},
						"0.6667": {
							"post": [15.1, -27.45, -14.74],
							"lerp_mode": "catmullrom"
						}
					},
					"position": {
						"0.0": {
							"post": [0, 0, 0],
							"lerp_mode": "catmullrom"
						},
						"0.3333": {
							"post": [0, 0, 1],
							"lerp_mode": "catmullrom"
						},
						"0.6667": {
							"post": [0, 0, 1],
							"lerp_mode": "catmullrom"
						}
					}
				},
				"rightleg": {
					"rotation": {
						"0.0": {
							"post": [0, 0, 12.5],
							"lerp_mode": "catmullrom"
						},
						"0.125": {
							"post": [0.10943, 4.99761, 15.00716],
							"lerp_mode": "catmullrom"
						},
						"0.25": {
							"post": [0.1143, 17.49759, 15.03199],
							"lerp_mode": "catmullrom"
						},
						"0.3333": {
							"post": [0.10912, -2.50237, 14.99286],
							"lerp_mode": "catmullrom"
						},
						"0.4167": {
							"post": [0.10901, -0.00238, 14.99762],
							"lerp_mode": "catmullrom"
						},
						"0.6667": {
							"post": [0.11, 0, 15],
							"lerp_mode": "catmullrom"
						}
					},
					"position": {
						"0.0": {
							"post": [-1, 0, -2],
							"lerp_mode": "catmullrom"
						},
						"0.3333": {
							"post": [-1, 0, -3],
							"lerp_mode": "catmullrom"
						},
						"0.6667": {
							"post": [-1, 0, -3],
							"lerp_mode": "catmullrom"
						}
					}
				}
			}
		},
		"animation.player.attack4": {
			"animation_length": 0.7083,
			"bones": {
				"root": {
					"rotation": {
						"0.0": {
							"post": [0, -42.5, 0],
							"lerp_mode": "catmullrom"
						},
						"0.375": {
							"post": [0, -42.5, 0],
							"lerp_mode": "catmullrom"
						},
						"0.7083": {
							"post": [0, -42.5, 0],
							"lerp_mode": "catmullrom"
						}
					},
					"position": {
						"0.0": {
							"post": [0, 0, 0],
							"lerp_mode": "catmullrom"
						},
						"0.375": {
							"post": [0, -0.73, 0],
							"lerp_mode": "catmullrom"
						},
						"0.5": {
							"post": [0, -0.96, -4],
							"lerp_mode": "catmullrom"
						},
						"0.7083": {
							"post": [0, -0.96, -4],
							"lerp_mode": "catmullrom"
						}
					}
				},
				"waist": {
					"rotation": {
						"0.0": {
							"post": [-20.44582, -11.73507, 4.3361],
							"lerp_mode": "catmullrom"
						},
						"0.125": {
							"post": [-23.27703, -18.69137, 4.64638],
							"lerp_mode": "catmullrom"
						},
						"0.25": {
							"post": [-30.02587, -24.90447, 0.28042],
							"lerp_mode": "catmullrom"
						},
						"0.375": {
							"post": [-30.03, -24.9, 0.28],
							"lerp_mode": "catmullrom"
						},
						"0.4583": {
							"post": [20.9936, 43.80553, -8.86872],
							"lerp_mode": "catmullrom"
						},
						"0.5417": {
							"post": [61.98139, 72.98653, 41.51284],
							"lerp_mode": "catmullrom"
						},
						"0.625": {
							"post": [52.42315, 70.91506, 31.45583],
							"lerp_mode": "catmullrom"
						},
						"0.7083": {
							"post": [55.27423, 71.68266, 34.47502],
							"lerp_mode": "catmullrom"
						}
					}
				},
				"leftarm": {
					"rotation": {
						"0.0": {
							"post": [-208.80657, -58.74625, 119.14538],
							"lerp_mode": "catmullrom"
						},
						"0.125": {
							"post": [-229.23337, -45.87457, 144.64176],
							"lerp_mode": "catmullrom"
						},
						"0.25": {
							"post": [-230.83483, -43.95819, 146.90941],
							"lerp_mode": "catmullrom"
						},
						"0.375": {
							"post": [-230.83, -43.96, 146.91],
							"lerp_mode": "catmullrom"
						},
						"0.4583": {
							"post": [-117.31253, 7.74498, -7.58137],
							"lerp_mode": "catmullrom"
						},
						"0.5417": {
							"post": [-112.78719, -36.60047, -2.6177],
							"lerp_mode": "catmullrom"
						},
						"0.625": {
							"post": [-108.65724, -29.52761, -5.59912],
							"lerp_mode": "catmullrom"
						},
						"0.7083": {
							"post": [-108.66, -29.53, -5.6],
							"lerp_mode": "catmullrom"
						}
					},
					"position": {
						"0.0": {
							"post": [-3, 0, 3],
							"lerp_mode": "catmullrom"
						},
						"0.375": {
							"post": [-3, 0, 3],
							"lerp_mode": "catmullrom"
						},
						"0.4583": {
							"post": [2, 0, 1],
							"lerp_mode": "catmullrom"
						},
						"0.5417": {
							"post": [0, 2, -4],
							"lerp_mode": "catmullrom"
						},
						"0.625": {
							"post": [0, 2, -3],
							"lerp_mode": "catmullrom"
						},
						"0.7083": {
							"post": [0, 3, -4],
							"lerp_mode": "catmullrom"
						}
					}
				},
				"rightarm": {
					"rotation": {
						"0.0": {
							"post": [-120.00135, 13.12479, 21.46872],
							"lerp_mode": "catmullrom"
						},
						"0.125": {
							"post": [-119.73574, 10.95677, 22.74168],
							"lerp_mode": "catmullrom"
						},
						"0.25": {
							"post": [-122.23574, 10.95677, 22.74168],
							"lerp_mode": "catmullrom"
						},
						"0.375": {
							"post": [-122.24, 10.96, 22.74],
							"lerp_mode": "catmullrom"
						},
						"0.4583": {
							"post": [57.26108, 53.22606, 59.71834],
							"lerp_mode": "catmullrom"
						},
						"0.5417": {
							"post": [24.27858, 18.91103, 50.83174],
							"lerp_mode": "catmullrom"
						},
						"0.625": {
							"post": [25.72295, 17.77442, 47.30517],
							"lerp_mode": "catmullrom"
						},
						"0.7083": {
							"post": [27.06434, 15.55045, 51.9801],
							"lerp_mode": "catmullrom"
						}
					},
					"position": {
						"0.0": {
							"post": [0, 2, -2],
							"lerp_mode": "catmullrom"
						},
						"0.375": {
							"post": [0, 2, -2],
							"lerp_mode": "catmullrom"
						},
						"0.4583": {
							"post": [0, 1, 3],
							"lerp_mode": "catmullrom"
						},
						"0.5417": {
							"post": [-1, 0, 2],
							"lerp_mode": "catmullrom"
						},
						"0.7083": {
							"post": [-1, 0, 2],
							"lerp_mode": "catmullrom"
						}
					}
				},
				"leftleg": {
					"rotation": {
						"0.0": {
							"post": [12.8147, -13.55996, -13.17356],
							"lerp_mode": "catmullrom"
						},
						"0.125": {
							"post": [13.13675, -18.43246, -14.34112],
							"lerp_mode": "catmullrom"
						},
						"0.25": {
							"post": [13.13675, -18.43246, -14.34112],
							"lerp_mode": "catmullrom"
						},
						"0.375": {
							"post": [13.14, -18.43, -14.34],
							"lerp_mode": "catmullrom"
						},
						"0.4583": {
							"post": [16.96394, 42.33806, 1.49062],
							"lerp_mode": "catmullrom"
						},
						"0.5417": {
							"post": [41.96394, 42.33806, 1.49062],
							"lerp_mode": "catmullrom"
						},
						"0.625": {
							"post": [35.9169, 32.58681, -8.39983],
							"lerp_mode": "catmullrom"
						},
						"0.7083": {
							"post": [35.92, 32.59, -8.4],
							"lerp_mode": "catmullrom"
						}
					},
					"position": {
						"0.0": {
							"post": [1, 0, 0],
							"lerp_mode": "catmullrom"
						},
						"0.375": {
							"post": [1, 0, 0],
							"lerp_mode": "catmullrom"
						},
						"0.4583": {
							"post": [-1, 0, -3],
							"lerp_mode": "catmullrom"
						},
						"0.5417": {
							"post": [0, 0, -1],
							"lerp_mode": "catmullrom"
						},
						"0.7083": {
							"post": [0, 0, -1],
							"lerp_mode": "catmullrom"
						}
					}
				},
				"rightleg": {
					"rotation": {
						"0.0": {
							"post": [-7.51893, 44.78238, 7.05323],
							"lerp_mode": "catmullrom"
						},
						"0.125": {
							"post": [-7.53778, 44.7815, 7.03536],
							"lerp_mode": "catmullrom"
						},
						"0.25": {
							"post": [-6.94575, 39.82205, 7.90405],
							"lerp_mode": "catmullrom"
						},
						"0.375": {
							"post": [-6.95, 39.82, 7.9],
							"lerp_mode": "catmullrom"
						},
						"0.5417": {
							"post": [-25.11239, 43.88293, -0.57287],
							"lerp_mode": "catmullrom"
						},
						"0.625": {
							"post": [-27.41521, 48.36822, -3.76457],
							"lerp_mode": "catmullrom"
						},
						"0.7083": {
							"post": [-27.42, 48.37, -3.76],
							"lerp_mode": "catmullrom"
						}
					},
					"position": {
						"0.0": {
							"post": [-1, 0, -1],
							"lerp_mode": "catmullrom"
						},
						"0.375": {
							"post": [-1, 0, -1],
							"lerp_mode": "catmullrom"
						},
						"0.5417": {
							"post": [-1, 0, 0],
							"lerp_mode": "catmullrom"
						},
						"0.7083": {
							"post": [-1, 0, 0],
							"lerp_mode": "catmullrom"
						}
					}
				}
			}
		},
		"animation.player.dano1": {
			"animation_length": 0.375,
			"bones": {
				"waist": {
					"rotation": {
						"0.0": {
							"post": [10, 0, 0],
							"lerp_mode": "catmullrom"
						},
						"0.0833": {
							"post": [-15.22074, 9.65594, -2.61298],
							"lerp_mode": "catmullrom"
						},
						"0.1667": {
							"post": [-20.94388, 7.89716, -7.34913],
							"lerp_mode": "catmullrom"
						},
						"0.25": {
							"post": [-13.44388, 7.89716, -7.34913],
							"lerp_mode": "catmullrom"
						},
						"0.375": {
							"post": [-13.44, 7.9, -7.35],
							"lerp_mode": "catmullrom"
						}
					}
				},
				"head": {
					"rotation": {
						"0.0": {
							"post": [-2.53852, -9.99038, 0.44067],
							"lerp_mode": "catmullrom"
						},
						"0.0833": {
							"post": [22.41193, 14.98539, -0.66963],
							"lerp_mode": "catmullrom"
						},
						"0.1667": {
							"post": [-19.51688, 14.29122, -8.44066],
							"lerp_mode": "catmullrom"
						},
						"0.25": {
							"post": [-9.51688, 14.29122, -8.44066],
							"lerp_mode": "catmullrom"
						},
						"0.375": {
							"post": [-12.63777, 13.86316, -10.97957],
							"lerp_mode": "catmullrom"
						}
					}
				},
				"leftarm": {
					"rotation": {
						"0.0": {
							"post": [-0.06344, 0.9762, -7.43656],
							"lerp_mode": "catmullrom"
						},
						"0.0833": {
							"post": [-52.56344, 0.9762, -7.43656],
							"lerp_mode": "catmullrom"
						},
						"0.1667": {
							"post": [-64.62625, -10.34648, -12.7591],
							"lerp_mode": "catmullrom"
						},
						"0.25": {
							"post": [-39.62625, -10.34648, -12.7591],
							"lerp_mode": "catmullrom"
						},
						"0.375": {
							"post": [-22.13, -10.35, -12.76],
							"lerp_mode": "catmullrom"
						}
					}
				},
				"rightarm": {
					"rotation": {
						"0.0": {
							"post": [-5, 0, 5],
							"lerp_mode": "catmullrom"
						},
						"0.0833": {
							"post": [-60, 0, 5],
							"lerp_mode": "catmullrom"
						},
						"0.1667": {
							"post": [-62.13918, 8.86042, 9.65468],
							"lerp_mode": "catmullrom"
						},
						"0.25": {
							"post": [-44.63918, 8.86042, 9.65468],
							"lerp_mode": "catmullrom"
						},
						"0.375": {
							"post": [-17.14, 8.86, 9.65],
							"lerp_mode": "catmullrom"
						}
					}
				},
				"leftleg": {
					"rotation": {
						"0.0": {
							"post": [0, -7.5, -2.5],
							"lerp_mode": "catmullrom"
						},
						"0.375": {
							"post": [0, -7.5, -2.5],
							"lerp_mode": "catmullrom"
						}
					}
				},
				"rightleg": {
					"rotation": {
						"0.0": {
							"post": [0, 7.5, 10],
							"lerp_mode": "catmullrom"
						},
						"0.375": {
							"post": [0, 7.5, 10],
							"lerp_mode": "catmullrom"
						}
					}
				}
			}
		},
		"animation.player.dano2": {
			"animation_length": 0.375,
			"bones": {
				"waist": {
					"rotation": {
						"0.0": {
							"post": [-5, 0, 0],
							"lerp_mode": "catmullrom"
						},
						"0.0833": {
							"post": [-15.11028, -10.14167, 10.48346],
							"lerp_mode": "catmullrom"
						},
						"0.1667": {
							"post": [-17.02377, -7.46669, 15.1553],
							"lerp_mode": "catmullrom"
						},
						"0.25": {
							"post": [-7.55859, -7.66354, 10.14949],
							"lerp_mode": "catmullrom"
						},
						"0.375": {
							"post": [-6.86298, -8.29154, 5.14056],
							"lerp_mode": "catmullrom"
						}
					}
				},
				"head": {
					"rotation": {
						"0.0": {
							"post": [17.64168, 7.15102, 2.26708],
							"lerp_mode": "catmullrom"
						},
						"0.0833": {
							"post": [-29.93013, -5.85163, 35.02691],
							"lerp_mode": "catmullrom"
						},
						"0.1667": {
							"post": [-14.40774, -9.38903, 14.30408],
							"lerp_mode": "catmullrom"
						},
						"0.25": {
							"post": [-4.10743, -12.17995, 6.66566],
							"lerp_mode": "catmullrom"
						},
						"0.375": {
							"post": [-11.82409, 2.57386, 10.13563],
							"lerp_mode": "catmullrom"
						}
					}
				},
				"leftarm": {
					"rotation": {
						"0.0": {
							"post": [7.5, 0, -7.5],
							"lerp_mode": "catmullrom"
						},
						"0.0833": {
							"post": [-40, 0, -7.5],
							"lerp_mode": "catmullrom"
						},
						"0.1667": {
							"post": [-54.97436, -2.04767, -8.93455],
							"lerp_mode": "catmullrom"
						},
						"0.25": {
							"post": [-37.47436, -2.04767, -8.93455],
							"lerp_mode": "catmullrom"
						},
						"0.375": {
							"post": [-30.02814, -0.79747, -6.76889],
							"lerp_mode": "catmullrom"
						}
					}
				},
				"rightarm": {
					"rotation": {
						"0.0": {
							"post": [7.5, 0, 7.5],
							"lerp_mode": "catmullrom"
						},
						"0.0833": {
							"post": [-27.5, 0, 7.5],
							"lerp_mode": "catmullrom"
						},
						"0.1667": {
							"post": [-45.23502, 16.3882, 23.13367],
							"lerp_mode": "catmullrom"
						},
						"0.25": {
							"post": [-30.23502, 16.3882, 23.13367],
							"lerp_mode": "catmullrom"
						},
						"0.375": {
							"post": [-32.72855, 9.83992, 12.19322],
							"lerp_mode": "catmullrom"
						}
					}
				},
				"leftleg": {
					"rotation": {
						"0.0": {
							"post": [0, 0, -2.5],
							"lerp_mode": "catmullrom"
						},
						"0.375": {
							"post": [0, -7.5, -7.5],
							"lerp_mode": "catmullrom"
						}
					}
				},
				"rightleg": {
					"rotation": {
						"0.0": {
							"post": [0, 0, 5],
							"lerp_mode": "catmullrom"
						},
						"0.375": {
							"post": [0, 2.5, 10],
							"lerp_mode": "catmullrom"
						}
					}
				}
			}
		},
		"animation.player.dano3": {
			"animation_length": 0.5,
			"bones": {
				"waist": {
					"rotation": {
						"0.0": {
							"post": [10, 0, 0],
							"lerp_mode": "catmullrom"
						},
						"0.0833": {
							"post": [-20.28356, 9.39129, -3.45118],
							"lerp_mode": "catmullrom"
						},
						"0.1667": {
							"post": [-15.12353, -7.24305, 1.95155],
							"lerp_mode": "catmullrom"
						},
						"0.25": {
							"post": [-7.51365, 2.41476, -0.64743],
							"lerp_mode": "catmullrom"
						},
						"0.5": {
							"post": [-7.51, 2.41, -0.65],
							"lerp_mode": "catmullrom"
						}
					}
				},
				"head": {
					"rotation": {
						"0.0": {
							"post": [2.5, 0, 0],
							"lerp_mode": "catmullrom"
						},
						"0.0833": {
							"post": [37.5, 0, 0],
							"lerp_mode": "catmullrom"
						},
						"0.1667": {
							"post": [-40, 0, 0],
							"lerp_mode": "catmullrom"
						},
						"0.25": {
							"post": [-25, 0, 0],
							"lerp_mode": "catmullrom"
						},
						"0.5": {
							"post": [-25, 0, 0],
							"lerp_mode": "catmullrom"
						}
					}
				},
				"leftarm": {
					"rotation": {
						"0.0": {
							"post": [-10, 0, -7.5],
							"lerp_mode": "catmullrom"
						},
						"0.0833": {
							"post": [-67.5, 0, -7.5],
							"lerp_mode": "catmullrom"
						},
						"0.1667": {
							"post": [-5.68501, -15.84156, -19.80553],
							"lerp_mode": "catmullrom"
						},
						"0.2917": {
							"post": [-0.68501, -15.84156, -19.80553],
							"lerp_mode": "catmullrom"
						},
						"0.5": {
							"post": [-0.69, -15.84, -19.81],
							"lerp_mode": "catmullrom"
						}
					}
				},
				"rightarm": {
					"rotation": {
						"0.0": {
							"post": [-10, 0, 7.5],
							"lerp_mode": "catmullrom"
						},
						"0.0833": {
							"post": [-55, 0, 7.5],
							"lerp_mode": "catmullrom"
						},
						"0.1667": {
							"post": [-7.22535, 21.94448, 20.47232],
							"lerp_mode": "catmullrom"
						},
						"0.2917": {
							"post": [-5.13315, 24.19366, 20.31513],
							"lerp_mode": "catmullrom"
						},
						"0.5": {
							"post": [-5.13, 24.19, 20.32],
							"lerp_mode": "catmullrom"
						}
					}
				},
				"leftleg": {
					"rotation": {
						"0.0": {
							"post": [0, -7.5, -5],
							"lerp_mode": "catmullrom"
						},
						"0.0833": {
							"post": [2.5, -7.5, -5],
							"lerp_mode": "catmullrom"
						},
						"0.25": {
							"post": [0.16, -7.5, -5],
							"lerp_mode": "catmullrom"
						},
						"0.5": {
							"post": [0.16, -7.5, -5],
							"lerp_mode": "catmullrom"
						}
					}
				},
				"rightleg": {
					"rotation": {
						"0.0": {
							"post": [0, 7.5, 7.5],
							"lerp_mode": "catmullrom"
						},
						"0.5": {
							"post": [0, 7.5, 7.5],
							"lerp_mode": "catmullrom"
						}
					}
				}
			}
		},
		"animation.player.fly_away": {
			"animation_length": 1.125,
			"bones": {
				"root": {
					"rotation": {
						"0.0": {
							"post": [0, 0, 0],
							"lerp_mode": "catmullrom"
						},
						"0.375": {
							"post": [0, 0, 0],
							"lerp_mode": "catmullrom"
						},
						"0.5417": {
							"post": [12.5, 0, 0],
							"lerp_mode": "catmullrom"
						},
						"1.0": {
							"post": [12.5, 0, 0],
							"lerp_mode": "catmullrom"
						},
						"1.125": {
							"post": [12.5, 0, 0],
							"lerp_mode": "catmullrom"
						}
					},
					"position": {
						"0.0": {
							"post": [0, 0, 0],
							"lerp_mode": "catmullrom"
						},
						"0.0833": {
							"post": [0, 0, 2],
							"lerp_mode": "catmullrom"
						},
						"0.375": {
							"post": [0, 0, 2],
							"lerp_mode": "catmullrom"
						},
						"0.5417": {
							"post": [0, 9, 5],
							"lerp_mode": "catmullrom"
						},
						"0.625": {
							"post": [0, -3, 8],
							"lerp_mode": "catmullrom"
						},
						"0.7083": {
							"post": [0, -3, 9],
							"lerp_mode": "catmullrom"
						},
						"0.7917": {
							"post": [0, -3, 7],
							"lerp_mode": "catmullrom"
						},
						"0.875": {
							"post": [0, -3, 9],
							"lerp_mode": "catmullrom"
						},
						"1.0": {
							"post": [0, -3, 9],
							"lerp_mode": "catmullrom"
						},
						"1.125": {
							"post": [0, 0, 0],
							"lerp_mode": "catmullrom"
						}
					}
				},
				"waist": {
					"rotation": {
						"0.0": {
							"post": [-5, 0, 0],
							"lerp_mode": "catmullrom"
						},
						"0.0833": {
							"post": [17.5, 0, 0],
							"lerp_mode": "catmullrom"
						},
						"0.2917": {
							"post": [-65, 0, 0],
							"lerp_mode": "catmullrom"
						},
						"0.375": {
							"post": [-65, 0, 0],
							"lerp_mode": "catmullrom"
						},
						"0.625": {
							"post": [-305, 0, 0],
							"lerp_mode": "catmullrom"
						},
						"1.0": {
							"post": [-305, 0, 0],
							"lerp_mode": "catmullrom"
						},
						"1.125": {
							"post": [-375, 0, 0],
							"lerp_mode": "catmullrom"
						}
					},
					"position": {
						"0.0": {
							"post": [0, 0, 0],
							"lerp_mode": "catmullrom"
						},
						"1.125": {
							"post": [0, 0, 0],
							"lerp_mode": "catmullrom"
						}
					}
				},
				"head": {
					"rotation": {
						"0.0": {
							"post": [-10, 0, 0],
							"lerp_mode": "catmullrom"
						},
						"0.0833": {
							"post": [27.5, 0, 0],
							"lerp_mode": "catmullrom"
						},
						"0.2083": {
							"post": [37.5, 0, 0],
							"lerp_mode": "catmullrom"
						},
						"0.375": {
							"post": [-40, 0, 0],
							"lerp_mode": "catmullrom"
						},
						"0.7083": {
							"post": [-47.5, 0, 0],
							"lerp_mode": "catmullrom"
						},
						"1.0": {
							"post": [-47.5, 0, 0],
							"lerp_mode": "catmullrom"
						},
						"1.125": {
							"post": [5, 0, 0],
							"lerp_mode": "catmullrom"
						}
					},
					"position": {
						"0.0": {
							"post": [0, 0, 0],
							"lerp_mode": "catmullrom"
						},
						"1.125": {
							"post": [0, 0, 0],
							"lerp_mode": "catmullrom"
						}
					}
				},
				"leftarm": {
					"rotation": {
						"0.0": {
							"post": [7.5, 0, 0],
							"lerp_mode": "catmullrom"
						},
						"0.0833": {
							"post": [-95, 0, 0],
							"lerp_mode": "catmullrom"
						},
						"0.2083": {
							"post": [-95.12076, -12.45167, 1.10693],
							"lerp_mode": "catmullrom"
						},
						"0.375": {
							"post": [-148.08243, -23.91401, 18.40262],
							"lerp_mode": "catmullrom"
						},
						"0.5417": {
							"post": [-65.05571, 8.42911, -25.69659],
							"lerp_mode": "catmullrom"
						},
						"0.7083": {
							"post": [-72.55571, 8.42911, -25.69659],
							"lerp_mode": "catmullrom"
						},
						"1.0": {
							"post": [-72.56, 8.43, -25.7],
							"lerp_mode": "catmullrom"
						},
						"1.125": {
							"post": [10, 0, -5],
							"lerp_mode": "catmullrom"
						}
					},
					"position": {
						"0.0": {
							"post": [0, 0, 0],
							"lerp_mode": "catmullrom"
						},
						"0.5417": {
							"post": [0, -1, -3],
							"lerp_mode": "catmullrom"
						},
						"1.0": {
							"post": [0, -1, -3],
							"lerp_mode": "catmullrom"
						},
						"1.125": {
							"post": [0, 0, 0],
							"lerp_mode": "catmullrom"
						}
					}
				},
				"rightarm": {
					"rotation": {
						"0.0": {
							"post": [12.5, 0, 0],
							"lerp_mode": "catmullrom"
						},
						"0.0833": {
							"post": [-95, 0, 0],
							"lerp_mode": "catmullrom"
						},
						"0.2083": {
							"post": [-95.019, 4.98093, -0.43688],
							"lerp_mode": "catmullrom"
						},
						"0.375": {
							"post": [-143.20582, 28.36171, -27.89219],
							"lerp_mode": "catmullrom"
						},
						"0.5417": {
							"post": [-64.79968, -1.07052, 8.08058],
							"lerp_mode": "catmullrom"
						},
						"0.7083": {
							"post": [-67.29968, -1.07052, 8.08058],
							"lerp_mode": "catmullrom"
						},
						"1.0": {
							"post": [-67.3, -1.07, 8.08],
							"lerp_mode": "catmullrom"
						},
						"1.125": {
							"post": [7.5, 0, 7.5],
							"lerp_mode": "catmullrom"
						}
					},
					"position": {
						"0.0": {
							"post": [0, 0, 0],
							"lerp_mode": "catmullrom"
						},
						"0.5417": {
							"post": [0, 0, -3],
							"lerp_mode": "catmullrom"
						},
						"1.0": {
							"post": [0, 0, -3],
							"lerp_mode": "catmullrom"
						},
						"1.125": {
							"post": [0, 0, 0],
							"lerp_mode": "catmullrom"
						}
					}
				},
				"leftleg": {
					"rotation": {
						"0.0": {
							"post": [4.99527, 0.21782, -2.4905],
							"lerp_mode": "catmullrom"
						},
						"0.0833": {
							"post": [-66.90499, -10.3022, -9.27776],
							"lerp_mode": "catmullrom"
						},
						"0.2083": {
							"post": [-76.60551, -16.37059, -0.7135],
							"lerp_mode": "catmullrom"
						},
						"0.375": {
							"post": [-56.60551, -16.37059, -0.7135],
							"lerp_mode": "catmullrom"
						},
						"0.4583": {
							"post": [-105.74691, -4.60891, 14.4841],
							"lerp_mode": "catmullrom"
						},
						"0.625": {
							"post": [-340.35888, -3.883, -15.28368],
							"lerp_mode": "catmullrom"
						},
						"0.7083": {
							"post": [-335.35888, -3.883, -15.28368],
							"lerp_mode": "catmullrom"
						},
						"1.0": {
							"post": [-335.36, -3.88, -15.28],
							"lerp_mode": "catmullrom"
						},
						"1.125": {
							"post": [-375.82309, -0.50784, -3.23284],
							"lerp_mode": "catmullrom"
						}
					},
					"position": {
						"0.0": {
							"post": [0, 0, 0],
							"lerp_mode": "catmullrom"
						},
						"0.375": {
							"post": [0, 0, 0],
							"lerp_mode": "catmullrom"
						},
						"0.4583": {
							"post": [0, 0, 2],
							"lerp_mode": "catmullrom"
						},
						"0.625": {
							"post": [0, 2, -4],
							"lerp_mode": "catmullrom"
						},
						"1.0": {
							"post": [0, 2, -4],
							"lerp_mode": "catmullrom"
						},
						"1.125": {
							"post": [0, 0, 0],
							"lerp_mode": "catmullrom"
						}
					}
				},
				"rightleg": {
					"rotation": {
						"0.0": {
							"post": [5, 0, 7.5],
							"lerp_mode": "catmullrom"
						},
						"0.0833": {
							"post": [-67.32542, 6.92618, 10.38419],
							"lerp_mode": "catmullrom"
						},
						"0.2083": {
							"post": [-69.4047, 17.57399, 3.71758],
							"lerp_mode": "catmullrom"
						},
						"0.375": {
							"post": [-24.4047, 17.57399, 3.71758],
							"lerp_mode": "catmullrom"
						},
						"0.4583": {
							"post": [-102.66815, 4.85505, -7.94913],
							"lerp_mode": "catmullrom"
						},
						"0.625": {
							"post": [-330.3111, -5.25989, 4.25467],
							"lerp_mode": "catmullrom"
						},
						"0.7083": {
							"post": [-325.3111, -5.25989, 4.25467],
							"lerp_mode": "catmullrom"
						},
						"1.0": {
							"post": [-325.31, -5.26, 4.25],
							"lerp_mode": "catmullrom"
						},
						"1.125": {
							"post": [-365.31, -5.26, 4.25],
							"lerp_mode": "catmullrom"
						}
					},
					"position": {
						"0.0": {
							"post": [0, 0, 0],
							"lerp_mode": "catmullrom"
						},
						"0.375": {
							"post": [0, 0, 0],
							"lerp_mode": "catmullrom"
						},
						"0.4583": {
							"post": [0, -1, 0],
							"lerp_mode": "catmullrom"
						},
						"1.0": {
							"post": [0, -1, 0],
							"lerp_mode": "catmullrom"
						},
						"1.125": {
							"post": [0, 0, 0],
							"lerp_mode": "catmullrom"
						}
					}
				}
			}
		},
		"animation.player.attack2": {
			"animation_length": 0.625,
			"bones": {
				"waist": {
					"rotation": {
						"0.0": {
							"post": [12.5, 0, 0],
							"lerp_mode": "catmullrom"
						},
						"0.125": {
							"post": [13.82323, -10.21304, 2.01294],
							"lerp_mode": "catmullrom"
						},
						"0.25": {
							"post": [16.09275, -31.9733, -4.1747],
							"lerp_mode": "catmullrom"
						},
						"0.3333": {
							"post": [25.47467, 52.16304, 23.23576],
							"lerp_mode": "catmullrom"
						},
						"0.4167": {
							"post": [22.02738, 45.29357, 18.65839],
							"lerp_mode": "catmullrom"
						},
						"0.5417": {
							"post": [25.47467, 52.16304, 23.23576],
							"lerp_mode": "catmullrom"
						},
						"0.625": {
							"post": [25.47, 52.16, 23.24],
							"lerp_mode": "catmullrom"
						}
					}
				},
				"leftarm": {
					"rotation": {
						"0.0": {
							"post": [-117.7528, -19.52085, -34.8171],
							"lerp_mode": "catmullrom"
						},
						"0.125": {
							"post": [-106.98159, -28.71649, -30.5494],
							"lerp_mode": "catmullrom"
						},
						"0.25": {
							"post": [-109.03087, -38.23054, -26.84761],
							"lerp_mode": "catmullrom"
						},
						"0.3333": {
							"post": [-117.23534, 21.20514, -27.55005],
							"lerp_mode": "catmullrom"
						},
						"0.4167": {
							"post": [-118.24397, 25.63128, -30.08563],
							"lerp_mode": "catmullrom"
						},
						"0.5417": {
							"post": [-116.81972, 18.97808, -26.34046],
							"lerp_mode": "catmullrom"
						},
						"0.625": {
							"post": [-116.82, 18.98, -26.34],
							"lerp_mode": "catmullrom"
						}
					},
					"position": {
						"0.0": {
							"post": [1, -3, 1],
							"lerp_mode": "catmullrom"
						},
						"0.125": {
							"post": [0, -2, 3],
							"lerp_mode": "catmullrom"
						},
						"0.25": {
							"post": [-1, -2, 4],
							"lerp_mode": "catmullrom"
						},
						"0.3333": {
							"post": [-1, 0, -3],
							"lerp_mode": "catmullrom"
						},
						"0.4167": {
							"post": [0, 0, -2],
							"lerp_mode": "catmullrom"
						},
						"0.625": {
							"post": [0, 0, -2],
							"lerp_mode": "catmullrom"
						}
					}
				},
				"rightarm": {
					"rotation": {
						"0.0": {
							"post": [-117.11771, -13.34855, -24.26701],
							"lerp_mode": "catmullrom"
						},
						"0.125": {
							"post": [-127.93136, -7.17842, 3.68947],
							"lerp_mode": "catmullrom"
						},
						"0.25": {
							"post": [-125.92408, 1.2509, 6.86735],
							"lerp_mode": "catmullrom"
						},
						"0.3333": {
							"post": [-119.24406, 11.33488, -0.57416],
							"lerp_mode": "catmullrom"
						},
						"0.4167": {
							"post": [-120.21373, 17.85026, -4.41533],
							"lerp_mode": "catmullrom"
						},
						"0.5417": {
							"post": [-112.71373, 17.85026, -4.41533],
							"lerp_mode": "catmullrom"
						},
						"0.625": {
							"post": [-112.71, 17.85, -4.42],
							"lerp_mode": "catmullrom"
						}
					},
					"position": {
						"0.0": {
							"post": [0, -1, 1],
							"lerp_mode": "catmullrom"
						},
						"0.125": {
							"post": [0, -2, 1],
							"lerp_mode": "catmullrom"
						},
						"0.625": {
							"post": [0, -2, 1],
							"lerp_mode": "catmullrom"
						}
					}
				},
				"leftleg": {
					"rotation": {
						"0.0": {
							"post": [0, -5, -10],
							"lerp_mode": "catmullrom"
						},
						"0.125": {
							"post": [0, -10, -10],
							"lerp_mode": "catmullrom"
						},
						"0.25": {
							"post": [0, -10, -10],
							"lerp_mode": "catmullrom"
						},
						"0.625": {
							"post": [0, -10, -10],
							"lerp_mode": "catmullrom"
						}
					},
					"position": {
						"0.0": {
							"post": [0, 0, -2],
							"lerp_mode": "catmullrom"
						},
						"0.25": {
							"post": [0, 0, -2],
							"lerp_mode": "catmullrom"
						},
						"0.3333": {
							"post": [0, 0, -3],
							"lerp_mode": "catmullrom"
						},
						"0.625": {
							"post": [0, 0, -3],
							"lerp_mode": "catmullrom"
						}
					}
				},
				"rightleg": {
					"rotation": {
						"0.0": {
							"post": [0, 10, 7.5],
							"lerp_mode": "catmullrom"
						},
						"0.125": {
							"post": [0.44928, 14.99023, 10.07828],
							"lerp_mode": "catmullrom"
						},
						"0.25": {
							"post": [0.45, 14.99, 10.08],
							"lerp_mode": "catmullrom"
						},
						"0.3333": {
							"post": [24.28225, 27.12737, 18.11017],
							"lerp_mode": "catmullrom"
						},
						"0.625": {
							"post": [24.28, 27.13, 18.11],
							"lerp_mode": "catmullrom"
						}
					},
					"position": {
						"0.0": {
							"post": [-1, 0, -1],
							"lerp_mode": "catmullrom"
						},
						"0.25": {
							"post": [-1, 0, -1],
							"lerp_mode": "catmullrom"
						},
						"0.625": {
							"post": [-1, 0, -1],
							"lerp_mode": "catmullrom"
						}
					}
				}
			}
		}
	}
}