{
	"format_version": "1.8.0",
	"animations": {
		"animation.black.stop": {
			"loop": true,
			"bones": {
				"Tudo": {
					"rotation": ["math.sin(query.life_time*200)*-1.75+3", 0, 0]
				},
				"Corpo": {
					"rotation": [-5.12076, 12.45167, -1.10693],
					"position": [0, 0, 2]
				},
				"rightBraco": {
					"rotation": ["math.cos(query.life_time*200)*2-132.6658", -62.93509, 68.19116],
					"position": [0, "-2+(math.sin(query.life_time*400)*0.1)", -3]
				},
				"leftBraco": {
					"rotation": ["math.cos(query.life_time*200)*2-55.0139", 48.05772, -17.03723],
					"position": [0, "-2+(math.sin(query.life_time*400)*0.1)", -2]
				},
				"rightPerna": {
					"rotation": ["math.sin(query.life_time*200)*1.75+8.3945", 7.4122, 2.47491],
					"position": [0, 0, 0]
				},
				"leftPerna": {
					"rotation": ["math.sin(query.life_time*200)*1.75-2.0915", -4.81782, -3.9469],
					"position": [1, 0, -2]
				},
				"head": {
					"rotation": ["7.1106+math.cos(query.life_time*300)*-2", -10.00236, 0.4784]
				},
				"cape": {
					"rotation": [4.9365, 0.97619, "0.0635+2*math.sin(query.life_time*200)*3"]
				},
				"Cape2": {
					"rotation": ["7.5+2*math.sin(query.life_time*200)*3", 0, 0]
				},
				"bainha": {
					"rotation": ["math.cos(query.life_time*200)*2-149.133", 163.66753, -189.86751],
					"position": [2, "-1+(math.sin(query.life_time*200)*0.1)", -1]
				},
				"root": {
					"rotation": ["math.sin(query.life_time*200)*-1.75+3", 0, 0]
				},
				"waist": {
					"rotation": [-5.12076, 12.45167, -1.10693],
					"position": [0, 0, 1]
				},
				"leftarm": {
					"rotation": ["math.cos(query.life_time*200)*2+0.9783", -3.93083, -8.6938],
					"position": [0, "-1+(math.sin(query.life_time*400)*0.1)", 1]
				},
				"rightarm": {
					"rotation": ["math.cos(query.life_time*200)*2-26.3386", 21.6126, -0.04896],
					"position": [-1, "-1+(math.sin(query.life_time*400)*0.1)", 3]
				},
				"leftleg": {
					"rotation": ["math.sin(query.life_time*100)*1.75-2.0915", -4.81782, -3.9469],
					"position": [0, 0, -1]
				},
				"rightleg": {
					"rotation": ["math.sin(query.life_time*100)*1.75+8.7213", 17.30146, 3.9964],
					"position": [-1, 0, 0]
				},
				"Foice": {
					"rotation": [2.37586, -65.56796, 101.45846],
					"position": [4, 9, 4]
				}
			}
		},
		"animation.black.attack1": {
			"loop": true,
			"animation_length": 0.8333,
			"bones": {
				"leftleg": {
					"rotation": {
						"0.0": {
							"post": [0, 0, 0],
							"lerp_mode": "catmullrom"
						},
						"0.125": {
							"post": [0, -5, -2.5],
							"lerp_mode": "catmullrom"
						},
						"0.25": {
							"post": [12.5, -5, -2.5],
							"lerp_mode": "catmullrom"
						},
						"0.375": {
							"post": [-7.5, -5, -2.5],
							"lerp_mode": "catmullrom"
						},
						"0.75": {
							"post": [-7.5, -5, -2.5],
							"lerp_mode": "catmullrom"
						},
						"0.8333": {
							"post": [-7.5, -5, -2.5],
							"lerp_mode": "catmullrom"
						}
					},
					"position": {
						"0.0": {
							"post": [0, 0, 0],
							"lerp_mode": "catmullrom"
						},
						"0.125": {
							"post": [-1, 0, -1.5],
							"lerp_mode": "catmullrom"
						},
						"0.25": {
							"post": [0, 0, -3],
							"lerp_mode": "catmullrom"
						},
						"0.375": {
							"post": [-1, 0, -1],
							"lerp_mode": "catmullrom"
						},
						"0.75": {
							"post": [-1, 0, -1],
							"lerp_mode": "catmullrom"
						},
						"0.8333": {
							"post": [-1, 0, -1],
							"lerp_mode": "catmullrom"
						}
					}
				},
				"rightleg": {
					"rotation": {
						"0.0": {
							"post": [0, 0, 0],
							"lerp_mode": "catmullrom"
						},
						"0.125": {
							"post": [0, 2.5, 2.5],
							"lerp_mode": "catmullrom"
						},
						"0.25": {
							"post": [14.52034, 15.93875, 10.9258],
							"lerp_mode": "catmullrom"
						},
						"0.375": {
							"post": [15.39135, 17.70908, 14.12255],
							"lerp_mode": "catmullrom"
						},
						"0.75": {
							"post": [15.39, 17.71, 14.12],
							"lerp_mode": "catmullrom"
						},
						"0.8333": {
							"post": [15.39, 17.71, 14.12],
							"lerp_mode": "catmullrom"
						}
					},
					"position": {
						"0.0": {
							"post": [0, 0, 0],
							"lerp_mode": "catmullrom"
						},
						"0.125": {
							"post": [-1, 2, -1],
							"lerp_mode": "catmullrom"
						},
						"0.25": {
							"post": [0, 0, 1],
							"lerp_mode": "catmullrom"
						},
						"0.375": {
							"post": [-3, 0, 3],
							"lerp_mode": "catmullrom"
						},
						"0.75": {
							"post": [-3, 0, 3],
							"lerp_mode": "catmullrom"
						},
						"0.8333": {
							"post": [-3, 0, 3],
							"lerp_mode": "catmullrom"
						}
					}
				},
				"rightarm": {
					"rotation": {
						"0.0": {
							"post": [0, 0, 0],
							"lerp_mode": "catmullrom"
						},
						"0.125": {
							"post": [-19.5623, 4.2453, 11.76782],
							"lerp_mode": "catmullrom"
						},
						"0.25": {
							"post": [-72.73661, 6.51613, 4.5877],
							"lerp_mode": "catmullrom"
						},
						"0.375": {
							"post": [-130.84356, -8.58784, -33.65829],
							"lerp_mode": "catmullrom"
						},
						"0.5": {
							"post": [-141.05423, -6.64625, -32.06931],
							"lerp_mode": "catmullrom"
						},
						"0.625": {
							"post": [-22.56861, -9.5878, -39.03911],
							"lerp_mode": "catmullrom"
						},
						"0.75": {
							"post": [-17.56861, -9.5878, -39.03911],
							"lerp_mode": "catmullrom"
						},
						"0.8333": {
							"post": [-17.57, -9.59, -39.04],
							"lerp_mode": "catmullrom"
						}
					},
					"position": {
						"0.0": {
							"post": [0, 0, 0],
							"lerp_mode": "catmullrom"
						},
						"0.375": {
							"post": [0, 0, 1],
							"lerp_mode": "catmullrom"
						},
						"0.625": {
							"post": [4, -1, -4],
							"lerp_mode": "catmullrom"
						},
						"0.75": {
							"post": [4, -1, -4],
							"lerp_mode": "catmullrom"
						},
						"0.8333": {
							"post": [4, -1, -4],
							"lerp_mode": "catmullrom"
						}
					}
				},
				"Foice": {
					"rotation": {
						"0.0": {
							"post": [0, 0, 0],
							"lerp_mode": "catmullrom"
						},
						"0.125": {
							"post": [0, 0, -15],
							"lerp_mode": "catmullrom"
						},
						"0.25": {
							"post": [42.5, 0, -15],
							"lerp_mode": "catmullrom"
						},
						"0.375": {
							"post": [0, 0, 5],
							"lerp_mode": "catmullrom"
						},
						"0.625": {
							"post": [0, 0, -32.5],
							"lerp_mode": "catmullrom"
						},
						"0.75": {
							"post": [2.5, 0, -32.5],
							"lerp_mode": "catmullrom"
						},
						"0.8333": {
							"post": [2.5, 0, -32.5],
							"lerp_mode": "catmullrom"
						}
					},
					"position": {
						"0.0": {
							"post": [0, 0, 0],
							"lerp_mode": "catmullrom"
						},
						"0.75": {
							"post": [0, 0, 0],
							"lerp_mode": "catmullrom"
						},
						"0.8333": {
							"post": [0, 0, 0],
							"lerp_mode": "catmullrom"
						}
					}
				},
				"leftarm": {
					"rotation": {
						"0.0": {
							"post": [0, 0, 0],
							"lerp_mode": "catmullrom"
						},
						"0.125": {
							"post": [-17.22871, 9.32741, -7.58575],
							"lerp_mode": "catmullrom"
						},
						"0.25": {
							"post": [-49.72871, 9.32741, -7.58575],
							"lerp_mode": "catmullrom"
						},
						"0.375": {
							"post": [-78.10111, 31.42021, -2.99944],
							"lerp_mode": "catmullrom"
						},
						"0.5": {
							"post": [-85.33535, 36.40461, -2.52355],
							"lerp_mode": "catmullrom"
						},
						"0.625": {
							"post": [-16.29035, -4.19585, -11.8402],
							"lerp_mode": "catmullrom"
						},
						"0.75": {
							"post": [-6.29035, -4.19585, -11.8402],
							"lerp_mode": "catmullrom"
						},
						"0.8333": {
							"post": [-6.29, -4.2, -11.84],
							"lerp_mode": "catmullrom"
						}
					},
					"position": {
						"0.0": {
							"post": [0, 0, 0],
							"lerp_mode": "catmullrom"
						},
						"0.25": {
							"post": [0, 0, -1],
							"lerp_mode": "catmullrom"
						},
						"0.375": {
							"post": [-1, 0, -5],
							"lerp_mode": "catmullrom"
						},
						"0.625": {
							"post": [-1, -1, 5],
							"lerp_mode": "catmullrom"
						},
						"0.75": {
							"post": [-1, -1, 5],
							"lerp_mode": "catmullrom"
						},
						"0.8333": {
							"post": [-1, -1, 5],
							"lerp_mode": "catmullrom"
						}
					}
				},
				"head": {
					"rotation": {
						"0.0": {
							"post": [0, 0, 0],
							"lerp_mode": "catmullrom"
						},
						"0.125": {
							"post": [0, -2.5, 0],
							"lerp_mode": "catmullrom"
						},
						"0.25": {
							"post": [-0.44171, -9.98556, 5.0529],
							"lerp_mode": "catmullrom"
						},
						"0.375": {
							"post": [-0.50225, -29.9849, 5.22732],
							"lerp_mode": "catmullrom"
						},
						"0.5": {
							"post": [-0.53097, -34.9847, 5.28075],
							"lerp_mode": "catmullrom"
						},
						"0.625": {
							"post": [-4.43161, 29.87759, -12.15177],
							"lerp_mode": "catmullrom"
						},
						"0.75": {
							"post": [-4.43, 29.88, -12.15],
							"lerp_mode": "catmullrom"
						},
						"0.8333": {
							"post": [-4.43, 29.88, -12.15],
							"lerp_mode": "catmullrom"
						}
					},
					"position": {
						"0.0": {
							"post": [0, 0, 0],
							"lerp_mode": "catmullrom"
						},
						"0.75": {
							"post": [0, 0, 0],
							"lerp_mode": "catmullrom"
						},
						"0.8333": {
							"post": [0, 0, 0],
							"lerp_mode": "catmullrom"
						}
					}
				},
				"waist": {
					"rotation": {
						"0.0": {
							"post": [0, 0, 0],
							"lerp_mode": "catmullrom"
						},
						"0.125": {
							"post": [0, 0, -2.5],
							"lerp_mode": "catmullrom"
						},
						"0.25": {
							"post": [0, 10, -7.5],
							"lerp_mode": "catmullrom"
						},
						"0.375": {
							"post": [0, 42.5, -7.5],
							"lerp_mode": "catmullrom"
						},
						"0.5": {
							"post": [-5.22535, 47.44052, -11.19768],
							"lerp_mode": "catmullrom"
						},
						"0.625": {
							"post": [6.36461, -28.44348, 8.10394],
							"lerp_mode": "catmullrom"
						},
						"0.75": {
							"post": [5.1372, -31.1815, 10.68144],
							"lerp_mode": "catmullrom"
						},
						"0.8333": {
							"post": [5.14, -31.18, 10.68],
							"lerp_mode": "catmullrom"
						}
					},
					"position": {
						"0.0": {
							"post": [0, 0, 0],
							"lerp_mode": "catmullrom"
						},
						"0.125": {
							"post": [-1, 0, 0],
							"lerp_mode": "catmullrom"
						},
						"0.375": {
							"post": [-2, 0, 3],
							"lerp_mode": "catmullrom"
						},
						"0.75": {
							"post": [-2, 0, 3],
							"lerp_mode": "catmullrom"
						},
						"0.8333": {
							"post": [-2, 0, 3],
							"lerp_mode": "catmullrom"
						}
					}
				},
				"root": {
					"scale": {
						"0.5": [1, 1, 1],
						"0.5833": [1.3, 0.9, 1.3],
						"0.7083": [1, 1, 1]
					}
				}
			}
		},
		"animation.black.attack2": {
			"loop": true,
			"animation_length": 0.8333,
			"bones": {
				"root": {
					"rotation": {
						"0.0": {
							"post": [0, 0, 0],
							"lerp_mode": "catmullrom"
						},
						"0.2083": {
							"post": [0, 0, 0],
							"lerp_mode": "catmullrom"
						},
						"0.375": {
							"post": [0, -187.5, 0],
							"lerp_mode": "catmullrom"
						},
						"0.4583": {
							"post": [0, -217.5, 0],
							"lerp_mode": "catmullrom"
						},
						"0.8333": {
							"post": [0, -217.5, 0],
							"lerp_mode": "catmullrom"
						}
					},
					"scale": {
						"0.5": [1, 1, 1],
						"0.5833": [1.2, 0.8, 1.2],
						"0.7083": [1, 1, 1]
					}
				},
				"leftleg": {
					"rotation": {
						"0.0": {
							"post": [-7.5, -5, -2.5],
							"lerp_mode": "catmullrom"
						},
						"0.125": {
							"post": [2.5, -20, -2.5],
							"lerp_mode": "catmullrom"
						},
						"0.25": {
							"post": [20.67721, -28.10324, -19.65129],
							"lerp_mode": "catmullrom"
						},
						"0.3333": {
							"post": [144.74599, -69.49171, -128.37184],
							"lerp_mode": "catmullrom"
						},
						"0.5833": {
							"post": [167.35555, -22.51286, -156.96831],
							"lerp_mode": "catmullrom"
						},
						"0.8333": {
							"post": [167.36, -22.51, -156.97],
							"lerp_mode": "catmullrom"
						}
					},
					"position": {
						"0.0": {
							"post": [-1, 0, -1],
							"lerp_mode": "catmullrom"
						},
						"0.125": {
							"post": [-1, 0, 1],
							"lerp_mode": "catmullrom"
						},
						"0.25": {
							"post": [-1, 0, 3],
							"lerp_mode": "catmullrom"
						},
						"0.3333": {
							"post": [-2, -1, 5],
							"lerp_mode": "catmullrom"
						},
						"0.4583": {
							"post": [0, 0, 5],
							"lerp_mode": "catmullrom"
						},
						"0.5833": {
							"post": [-3, 0, 4],
							"lerp_mode": "catmullrom"
						},
						"0.7083": {
							"post": [-3, -1, 4],
							"lerp_mode": "catmullrom"
						},
						"0.8333": {
							"post": [-3, -1, 4],
							"lerp_mode": "catmullrom"
						}
					}
				},
				"rightleg": {
					"rotation": {
						"0.0": {
							"post": [15.39, 17.71, 14.12],
							"lerp_mode": "catmullrom"
						},
						"0.125": {
							"post": [22.22733, 10.56007, 12.75916],
							"lerp_mode": "catmullrom"
						},
						"0.25": {
							"post": [-5.93534, 3.41014, 11.39832],
							"lerp_mode": "catmullrom"
						},
						"0.3333": {
							"post": [-8.21905, -43.77597, 17.45928],
							"lerp_mode": "catmullrom"
						},
						"0.4583": {
							"post": [-34.57014, -41.0761, 23.16351],
							"lerp_mode": "catmullrom"
						},
						"0.5833": {
							"post": [-113.07147, -62.29465, 114.49639],
							"lerp_mode": "catmullrom"
						},
						"0.8333": {
							"post": [-113.07, -62.29, 114.5],
							"lerp_mode": "catmullrom"
						}
					},
					"position": {
						"0.0": {
							"post": [-3, 0, 3],
							"lerp_mode": "catmullrom"
						},
						"0.125": {
							"post": [-3, 1, 1],
							"lerp_mode": "catmullrom"
						},
						"0.25": {
							"post": [-2, -1, -1],
							"lerp_mode": "catmullrom"
						},
						"0.3333": {
							"post": [2, -1, -3],
							"lerp_mode": "catmullrom"
						},
						"0.5833": {
							"post": [7, -1, -1],
							"lerp_mode": "catmullrom"
						},
						"0.7083": {
							"post": [7, 0, -1],
							"lerp_mode": "catmullrom"
						},
						"0.8333": {
							"post": [7, 0, -1],
							"lerp_mode": "catmullrom"
						}
					}
				},
				"waist": {
					"rotation": {
						"0.0": {
							"post": [5.14, -31.18, 10.68],
							"lerp_mode": "catmullrom"
						},
						"0.125": {
							"post": [13.38904, -36.05183, 9.32829],
							"lerp_mode": "catmullrom"
						},
						"0.25": {
							"post": [16.71534, -62.24759, -6.15083],
							"lerp_mode": "catmullrom"
						},
						"0.4583": {
							"post": [178.07847, -81.81587, -170.43964],
							"lerp_mode": "catmullrom"
						},
						"0.5833": {
							"post": [177.21019, -19.32018, -172.24573],
							"lerp_mode": "catmullrom"
						},
						"0.7083": {
							"post": [171.43293, -14.18941, -169.9308],
							"lerp_mode": "catmullrom"
						},
						"0.8333": {
							"post": [171.43, -14.19, -169.93],
							"lerp_mode": "catmullrom"
						}
					},
					"position": {
						"0.0": {
							"post": [-2, 0, 3],
							"lerp_mode": "catmullrom"
						},
						"0.25": {
							"post": [-2, -1, 3],
							"lerp_mode": "catmullrom"
						},
						"0.5833": {
							"post": [-1, -1, 0],
							"lerp_mode": "catmullrom"
						},
						"0.8333": {
							"post": [-1, -1, 0],
							"lerp_mode": "catmullrom"
						}
					}
				},
				"rightarm": {
					"rotation": {
						"0.0": {
							"post": [-17.57, -9.59, -39.04],
							"lerp_mode": "catmullrom"
						},
						"0.2083": {
							"post": [-144.55096, -23.48906, 81.76203],
							"lerp_mode": "catmullrom"
						},
						"0.4583": {
							"post": [-121.58598, 7.67854, -14.93487],
							"lerp_mode": "catmullrom"
						},
						"0.5833": {
							"post": [-56.64613, -6.96837, -24.53822],
							"lerp_mode": "catmullrom"
						},
						"0.7083": {
							"post": [-56.20534, -11.13506, -27.33757],
							"lerp_mode": "catmullrom"
						},
						"0.8333": {
							"post": [-56.21, -11.14, -27.34],
							"lerp_mode": "catmullrom"
						}
					},
					"position": {
						"0.0": {
							"post": [4, -1, -4],
							"lerp_mode": "catmullrom"
						},
						"0.4583": {
							"post": [-2, 1, 2],
							"lerp_mode": "catmullrom"
						},
						"0.5833": {
							"post": [-1, 0, -4],
							"lerp_mode": "catmullrom"
						},
						"0.7083": {
							"post": [-2, 0, -4],
							"lerp_mode": "catmullrom"
						},
						"0.8333": {
							"post": [-2, 0, -4],
							"lerp_mode": "catmullrom"
						}
					}
				},
				"Foice": {
					"rotation": {
						"0.0": {
							"post": [2.5, 0, -32.5],
							"lerp_mode": "catmullrom"
						},
						"0.2083": {
							"post": [1.84373, 1.68868, -74.97283],
							"lerp_mode": "catmullrom"
						},
						"0.3333": {
							"post": [-358.15627, 1.68868, -74.97283],
							"lerp_mode": "catmullrom"
						},
						"0.4583": {
							"post": [-727.06541, 29.22536, -39.64437],
							"lerp_mode": "catmullrom"
						},
						"0.5833": {
							"post": [-714.56541, 29.22536, -39.64437],
							"lerp_mode": "catmullrom"
						},
						"0.7083": {
							"post": [-717.983, 34.86668, -31.35286],
							"lerp_mode": "catmullrom"
						},
						"0.8333": {
							"post": [-717.98, 34.87, -31.35],
							"lerp_mode": "catmullrom"
						}
					},
					"position": {
						"0.0": {
							"post": [0, 0, 0],
							"lerp_mode": "catmullrom"
						},
						"0.2083": {
							"post": [0, -2, 0],
							"lerp_mode": "catmullrom"
						},
						"0.4583": {
							"post": [0, -2, 0],
							"lerp_mode": "catmullrom"
						},
						"0.5833": {
							"post": [4, 1, 7],
							"lerp_mode": "catmullrom"
						},
						"0.7083": {
							"post": [4, -1, 8],
							"lerp_mode": "catmullrom"
						},
						"0.8333": {
							"post": [4, -1, 8],
							"lerp_mode": "catmullrom"
						}
					}
				},
				"leftarm": {
					"rotation": {
						"0.0": {
							"post": [-6.29, -4.2, -11.84],
							"lerp_mode": "catmullrom"
						},
						"0.2083": {
							"post": [11.21, -4.2, -11.84],
							"lerp_mode": "catmullrom"
						},
						"0.3333": {
							"post": [-103.79, -4.2, -11.84],
							"lerp_mode": "catmullrom"
						},
						"0.4583": {
							"post": [-137.21187, 51.03506, -30.48406],
							"lerp_mode": "catmullrom"
						},
						"0.5833": {
							"post": [-72.21187, 51.03506, -30.48406],
							"lerp_mode": "catmullrom"
						},
						"0.8333": {
							"post": [-72.21, 51.04, -30.48],
							"lerp_mode": "catmullrom"
						}
					},
					"position": {
						"0.0": {
							"post": [-1, -1, 5],
							"lerp_mode": "catmullrom"
						},
						"0.2083": {
							"post": [1, -1, 1],
							"lerp_mode": "catmullrom"
						},
						"0.3333": {
							"post": [1, -3, 1],
							"lerp_mode": "catmullrom"
						},
						"0.4583": {
							"post": [-2, -2, -2],
							"lerp_mode": "catmullrom"
						},
						"0.5833": {
							"post": [2, -2, 1],
							"lerp_mode": "catmullrom"
						},
						"0.7083": {
							"post": [2, -2, 0],
							"lerp_mode": "catmullrom"
						},
						"0.8333": {
							"post": [2, -2, 0],
							"lerp_mode": "catmullrom"
						}
					}
				},
				"head": {
					"rotation": {
						"0.0": {
							"post": [-4.43, 29.88, -12.15],
							"lerp_mode": "catmullrom"
						},
						"0.2083": {
							"post": [-1.686, 37.63782, -6.63757],
							"lerp_mode": "catmullrom"
						},
						"0.3333": {
							"post": [9.64808, -15.6145, 5.73262],
							"lerp_mode": "catmullrom"
						},
						"0.4583": {
							"post": [-5.98695, -30.54218, 7.33881],
							"lerp_mode": "catmullrom"
						},
						"0.5833": {
							"post": [3.63724, 17.15374, 7.94287],
							"lerp_mode": "catmullrom"
						},
						"0.7083": {
							"post": [8.90934, 22.09533, 8.75227],
							"lerp_mode": "catmullrom"
						},
						"0.8333": {
							"post": [8.91, 22.1, 8.75],
							"lerp_mode": "catmullrom"
						}
					},
					"position": {
						"0.0": {
							"post": [0, 0, 0],
							"lerp_mode": "catmullrom"
						},
						"0.8333": {
							"post": [0, 0, 0],
							"lerp_mode": "catmullrom"
						}
					}
				}
			}
		},
		"animation.black.attack3": {
			"loop": true,
			"animation_length": 1.1667,
			"bones": {
				"root": {
					"rotation": {
						"0.0": {
							"post": [0, -217.5, 0],
							"lerp_mode": "catmullrom"
						},
						"0.2083": {
							"post": [0, -217.5, 0],
							"lerp_mode": "catmullrom"
						},
						"0.375": {
							"post": [0, -202.5, 0],
							"lerp_mode": "catmullrom"
						},
						"0.5": {
							"post": [0, -65, 0],
							"lerp_mode": "catmullrom"
						},
						"0.6667": {
							"post": [0, 97.5, 0],
							"lerp_mode": "catmullrom"
						},
						"1.0417": {
							"post": [0, 85.96, 0],
							"lerp_mode": "catmullrom"
						},
						"1.125": {
							"post": [0, 96.99, 0],
							"lerp_mode": "catmullrom"
						},
						"1.1667": {
							"post": [0, 97.5, 0],
							"lerp_mode": "catmullrom"
						}
					},
					"scale": {
						"0.8333": [1, 1, 1],
						"0.9167": [1.2, 0.8, 1.2],
						"1.0417": [1, 1, 1]
					}
				},
				"leftleg": {
					"rotation": {
						"0.0": {
							"post": [167.36, -22.51, -156.97],
							"lerp_mode": "catmullrom"
						},
						"0.125": {
							"post": [164.81038, -39.5082, -152.07747],
							"lerp_mode": "catmullrom"
						},
						"0.25": {
							"post": [192.31038, -39.5082, -152.07747],
							"lerp_mode": "catmullrom"
						},
						"0.375": {
							"post": [190.33134, -56.81029, -156.0856],
							"lerp_mode": "catmullrom"
						},
						"0.5833": {
							"post": [200.33134, -56.81029, -156.0856],
							"lerp_mode": "catmullrom"
						},
						"0.7083": {
							"post": [160.33134, -56.81029, -156.0856],
							"lerp_mode": "catmullrom"
						},
						"0.8333": {
							"post": [158.93979, -59.15426, -154.44477],
							"lerp_mode": "catmullrom"
						},
						"1.0833": {
							"post": [160.33134, -56.81029, -156.0856],
							"lerp_mode": "catmullrom"
						},
						"1.1667": {
							"post": [160.33, -56.81, -156.09],
							"lerp_mode": "catmullrom"
						}
					},
					"position": {
						"0.0": {
							"post": [-3, -1, 4],
							"lerp_mode": "catmullrom"
						},
						"0.125": {
							"post": [-2, -1, 4],
							"lerp_mode": "catmullrom"
						},
						"0.25": {
							"post": [-1, 0, 4],
							"lerp_mode": "catmullrom"
						},
						"0.375": {
							"post": [0, 0, 4],
							"lerp_mode": "catmullrom"
						},
						"1.1667": {
							"post": [0, 0, 4],
							"lerp_mode": "catmullrom"
						}
					}
				},
				"rightleg": {
					"rotation": {
						"0.0": {
							"post": [-113.07, -62.29, 114.5],
							"lerp_mode": "catmullrom"
						},
						"0.25": {
							"post": [-162.78681, -79.00313, 166.32439],
							"lerp_mode": "catmullrom"
						},
						"0.5833": {
							"post": [-150.28681, -79.00313, 166.32439],
							"lerp_mode": "catmullrom"
						},
						"0.7083": {
							"post": [-115.6255, -67.47581, 130.39388],
							"lerp_mode": "catmullrom"
						},
						"1.0833": {
							"post": [-97.20884, -69.62602, 110.63633],
							"lerp_mode": "catmullrom"
						},
						"1.1667": {
							"post": [-97.21, -69.63, 110.64],
							"lerp_mode": "catmullrom"
						}
					},
					"position": {
						"0.0": {
							"post": [7, 0, -1],
							"lerp_mode": "catmullrom"
						},
						"0.125": {
							"post": [7, 0, 0],
							"lerp_mode": "catmullrom"
						},
						"0.25": {
							"post": [7, 0, -1],
							"lerp_mode": "catmullrom"
						},
						"0.375": {
							"post": [6, 0, -1],
							"lerp_mode": "catmullrom"
						},
						"0.5833": {
							"post": [6, 0, -1],
							"lerp_mode": "catmullrom"
						},
						"0.7083": {
							"post": [6, 0, -3],
							"lerp_mode": "catmullrom"
						},
						"0.8333": {
							"post": [6, 0, -4],
							"lerp_mode": "catmullrom"
						},
						"1.1667": {
							"post": [6, 0, -4],
							"lerp_mode": "catmullrom"
						}
					}
				},
				"waist": {
					"rotation": {
						"0.0": {
							"post": [171.43, -14.19, -169.93],
							"lerp_mode": "catmullrom"
						},
						"0.125": {
							"post": [203.93792, -54.7863, -181.84545],
							"lerp_mode": "catmullrom"
						},
						"0.25": {
							"post": [195.87595, -57.19888, -169.12345],
							"lerp_mode": "catmullrom"
						},
						"0.375": {
							"post": [101.23675, -80.85382, -76.51019],
							"lerp_mode": "catmullrom"
						},
						"0.7083": {
							"post": [40.36022, -76.06926, -14.65081],
							"lerp_mode": "catmullrom"
						},
						"0.8333": {
							"post": [27.74961, -71.97203, -4.14275],
							"lerp_mode": "catmullrom"
						},
						"0.9583": {
							"post": [199.15234, -59.12323, -177.54765],
							"lerp_mode": "catmullrom"
						},
						"1.0833": {
							"post": [193.70517, -44.71299, -170.68505],
							"lerp_mode": "catmullrom"
						},
						"1.1667": {
							"post": [193.71, -44.71, -170.69],
							"lerp_mode": "catmullrom"
						}
					},
					"position": {
						"0.0": {
							"post": [-1, -1, 0],
							"lerp_mode": "catmullrom"
						},
						"1.1667": {
							"post": [-1, -1, 0],
							"lerp_mode": "catmullrom"
						}
					}
				},
				"rightarm": {
					"rotation": {
						"0.0": {
							"post": [-56.21, -11.14, -27.34],
							"lerp_mode": "catmullrom"
						},
						"0.125": {
							"post": [-160.26602, 35.72604, 7.95457],
							"lerp_mode": "catmullrom"
						},
						"0.25": {
							"post": [33.46234, 47.91151, 39.63161],
							"lerp_mode": "catmullrom"
						},
						"0.4583": {
							"post": [23.29796, 21.54955, -22.41778],
							"lerp_mode": "catmullrom"
						},
						"0.5833": {
							"post": [40.79796, 21.54955, -22.41778],
							"lerp_mode": "catmullrom"
						},
						"0.6667": {
							"post": [21.69675, 18.12059, -12.42807],
							"lerp_mode": "catmullrom"
						},
						"0.75": {
							"post": [-110.78613, 15.63487, -25.23338],
							"lerp_mode": "catmullrom"
						},
						"0.8333": {
							"post": [-155.80325, 18.12059, -12.42807],
							"lerp_mode": "catmullrom"
						},
						"0.9583": {
							"post": [-72.89359, -37.58752, -27.55908],
							"lerp_mode": "catmullrom"
						},
						"1.0833": {
							"post": [-71.61542, -42.35019, -29.54701],
							"lerp_mode": "catmullrom"
						},
						"1.1667": {
							"post": [-71.62, -42.35, -29.55],
							"lerp_mode": "catmullrom"
						}
					},
					"position": {
						"0.0": {
							"post": [-2, 0, -4],
							"lerp_mode": "catmullrom"
						},
						"0.125": {
							"post": [-2, 3, -6],
							"lerp_mode": "catmullrom"
						},
						"0.25": {
							"post": [0, -1, 5],
							"lerp_mode": "catmullrom"
						},
						"0.5833": {
							"post": [-1, -1, 1],
							"lerp_mode": "catmullrom"
						},
						"0.6667": {
							"post": [-2, -1, 1],
							"lerp_mode": "catmullrom"
						},
						"0.9583": {
							"post": [1, -1, -4],
							"lerp_mode": "catmullrom"
						},
						"1.1667": {
							"post": [1, -1, -4],
							"lerp_mode": "catmullrom"
						}
					}
				},
				"Foice": {
					"rotation": {
						"0.0": {
							"post": [-717.98, 34.87, -31.35],
							"lerp_mode": "catmullrom"
						},
						"0.125": {
							"post": [-700.53282, -32.59796, -33.56529],
							"lerp_mode": "catmullrom"
						},
						"0.2083": {
							"post": [-703.69225, 0.81859, -22.54401],
							"lerp_mode": "catmullrom"
						},
						"0.2917": {
							"post": [-661.06628, 36.59058, 19.74547],
							"lerp_mode": "catmullrom"
						},
						"0.4167": {
							"post": [-281.59768, 59.77378, -17.6324],
							"lerp_mode": "catmullrom"
						},
						"0.625": {
							"post": [-251.46961, 54.29734, -183.95791],
							"lerp_mode": "catmullrom"
						},
						"0.7083": {
							"post": [-367.28363, 20.93916, 19.23576],
							"lerp_mode": "catmullrom"
						},
						"0.9583": {
							"post": [-327.28363, 20.93916, 19.23576],
							"lerp_mode": "catmullrom"
						},
						"1.1667": {
							"post": [-327.28, 20.94, 19.24],
							"lerp_mode": "catmullrom"
						}
					},
					"position": {
						"0.0": {
							"post": [4, -1, 8],
							"lerp_mode": "catmullrom"
						},
						"0.125": {
							"post": [1, -2, 2],
							"lerp_mode": "catmullrom"
						},
						"0.2917": {
							"post": [0, 5, 10],
							"lerp_mode": "catmullrom"
						},
						"0.4167": {
							"post": [0, 5, 4],
							"lerp_mode": "catmullrom"
						},
						"0.7083": {
							"post": [-1, -2, -1],
							"lerp_mode": "catmullrom"
						},
						"0.8333": {
							"post": [-1, -2, -2],
							"lerp_mode": "catmullrom"
						},
						"0.9583": {
							"post": [1, -3, 2],
							"lerp_mode": "catmullrom"
						},
						"1.1667": {
							"post": [1, -3, 2],
							"lerp_mode": "catmullrom"
						}
					},
					"scale": {
						"0.0": [1, 1, 1],
						"1.0417": [1, 1, 1]
					}
				},
				"leftarm": {
					"rotation": {
						"0.0": {
							"post": [-72.21, 51.04, -30.48],
							"lerp_mode": "catmullrom"
						},
						"0.125": {
							"post": [-82.23654, 33.7493, -34.18401],
							"lerp_mode": "catmullrom"
						},
						"0.25": {
							"post": [44.09621, 0.32962, 9.0708],
							"lerp_mode": "catmullrom"
						},
						"0.4583": {
							"post": [31.39755, -16.79011, 27.55408],
							"lerp_mode": "catmullrom"
						},
						"0.5833": {
							"post": [1.8042, -19.96228, -11.90698],
							"lerp_mode": "catmullrom"
						},
						"0.7083": {
							"post": [-95.89962, 24.83039, -16.3419],
							"lerp_mode": "catmullrom"
						},
						"0.8333": {
							"post": [-86.62543, 37.77295, -14.93852],
							"lerp_mode": "catmullrom"
						},
						"0.9583": {
							"post": [-77.13158, 10.07472, -14.77569],
							"lerp_mode": "catmullrom"
						},
						"1.0833": {
							"post": [-64.63158, 10.07472, -14.77569],
							"lerp_mode": "catmullrom"
						},
						"1.1667": {
							"post": [-64.63, 10.07, -14.78],
							"lerp_mode": "catmullrom"
						}
					},
					"position": {
						"0.0": {
							"post": [2, -2, 0],
							"lerp_mode": "catmullrom"
						},
						"0.125": {
							"post": [2, -1, -1],
							"lerp_mode": "catmullrom"
						},
						"0.25": {
							"post": [2, -1, 3],
							"lerp_mode": "catmullrom"
						},
						"0.4583": {
							"post": [0, -1, 3],
							"lerp_mode": "catmullrom"
						},
						"0.7083": {
							"post": [1, -1, -1],
							"lerp_mode": "catmullrom"
						},
						"0.8333": {
							"post": [0, -1, -3.5],
							"lerp_mode": "catmullrom"
						},
						"0.9583": {
							"post": [1, -1, 0],
							"lerp_mode": "catmullrom"
						},
						"1.0833": {
							"post": [1, -1, 1],
							"lerp_mode": "catmullrom"
						},
						"1.1667": {
							"post": [1, -1, 1],
							"lerp_mode": "catmullrom"
						}
					}
				},
				"head": {
					"rotation": {
						"0.0": {
							"post": [8.91, 22.1, 8.75],
							"lerp_mode": "catmullrom"
						},
						"0.125": {
							"post": [-4.04684, -12.52333, 3.52873],
							"lerp_mode": "catmullrom"
						},
						"0.5833": {
							"post": [-19.88562, 15.3349, -1.46893],
							"lerp_mode": "catmullrom"
						},
						"0.6667": {
							"post": [-19.67104, -12.9686, 8.58199],
							"lerp_mode": "catmullrom"
						},
						"0.8333": {
							"post": [-19.88426, -15.32118, 9.45431],
							"lerp_mode": "catmullrom"
						},
						"0.9583": {
							"post": [-17.42051, 26.62633, -8.65338],
							"lerp_mode": "catmullrom"
						},
						"1.0833": {
							"post": [-18.7781, 33.75671, -11.34736],
							"lerp_mode": "catmullrom"
						},
						"1.1667": {
							"post": [-18.78, 33.76, -11.35],
							"lerp_mode": "catmullrom"
						}
					},
					"position": {
						"0.0": {
							"post": [0, 0, 0],
							"lerp_mode": "catmullrom"
						},
						"1.1667": {
							"post": [0, 0, 0],
							"lerp_mode": "catmullrom"
						}
					}
				}
			}
		},
		"animation.black.attack4": {
			"loop": true,
			"animation_length": 0.7917,
			"bones": {
				"root": {
					"rotation": {
						"0.0": {
							"post": [0, 97.5, 0],
							"lerp_mode": "catmullrom"
						},
						"0.4583": {
							"post": [0, 97.5, 0],
							"lerp_mode": "catmullrom"
						},
						"0.7917": {
							"post": [0, 97.5, 0],
							"lerp_mode": "catmullrom"
						}
					}
				},
				"leftleg": {
					"rotation": {
						"0.0": {
							"post": [160.33, -56.81, -156.09],
							"lerp_mode": "catmullrom"
						},
						"0.3333": {
							"post": [158.93838, -59.15394, -154.44908],
							"lerp_mode": "catmullrom"
						},
						"0.4583": {
							"post": [158.94, -59.15, -154.45],
							"lerp_mode": "catmullrom"
						},
						"0.7917": {
							"post": [158.94, -59.15, -154.45],
							"lerp_mode": "catmullrom"
						}
					},
					"position": {
						"0.0": {
							"post": [0, 0, 4],
							"lerp_mode": "catmullrom"
						},
						"0.4583": {
							"post": [0, 0, 4],
							"lerp_mode": "catmullrom"
						},
						"0.7917": {
							"post": [0, 0, 4],
							"lerp_mode": "catmullrom"
						}
					}
				},
				"rightleg": {
					"rotation": {
						"0.0": {
							"post": [-97.21, -69.63, 110.64],
							"lerp_mode": "catmullrom"
						},
						"0.3333": {
							"post": [-66.01857, -67.7069, 90.60356],
							"lerp_mode": "catmullrom"
						},
						"0.4583": {
							"post": [-66.02, -67.71, 90.6],
							"lerp_mode": "catmullrom"
						},
						"0.7917": {
							"post": [-66.02, -67.71, 90.6],
							"lerp_mode": "catmullrom"
						}
					},
					"position": {
						"0.0": {
							"post": [6, 0, -4],
							"lerp_mode": "catmullrom"
						},
						"0.3333": {
							"post": [7, -1, -3],
							"lerp_mode": "catmullrom"
						},
						"0.4583": {
							"post": [7, -1, -3],
							"lerp_mode": "catmullrom"
						},
						"0.7917": {
							"post": [7, -1, -4],
							"lerp_mode": "catmullrom"
						}
					}
				},
				"waist": {
					"rotation": {
						"0.0": {
							"post": [193.71, -44.71, -170.69],
							"lerp_mode": "catmullrom"
						},
						"0.1667": {
							"post": [200.96142, -49.45138, -184.63426],
							"lerp_mode": "catmullrom"
						},
						"0.3333": {
							"post": [182.51623, -32.4058, -179.5219],
							"lerp_mode": "catmullrom"
						},
						"0.4583": [178.34707, -34.86923, -176.60814],
						"0.5": {"pre": [178.34707, -34.86923, -176.60814], "post": [159.83185, -82.15724, -148.66343]},
						"0.5417": {"pre": [159.83185, -82.15724, -148.66343], "post": [379.89109, -54.78879, -358.82495]},
						"0.5833": {
							"pre": [379.43585, -47.67059, -355.03887],
							"post": [379.43585, -47.67059, -355.03887],
							"lerp_mode": "catmullrom"
						},
						"0.7917": {
							"post": [379.44, -47.67, -355.04],
							"lerp_mode": "catmullrom"
						}
					},
					"position": {
						"0.0": {
							"post": [-1, -1, 0],
							"lerp_mode": "catmullrom"
						},
						"0.4583": {
							"post": [-1, -1, 0],
							"lerp_mode": "catmullrom"
						},
						"0.7917": {
							"post": [-1, -1, 0],
							"lerp_mode": "catmullrom"
						}
					}
				},
				"rightarm": {
					"rotation": {
						"0.0": {
							"post": [-71.62, -42.35, -29.55],
							"lerp_mode": "catmullrom"
						},
						"0.1667": {
							"post": [-149.43438, -16.57656, 58.51356],
							"lerp_mode": "catmullrom"
						},
						"0.3333": {
							"post": [-155.72406, -12.81525, 61.81011],
							"lerp_mode": "catmullrom"
						},
						"0.4583": {
							"post": [-158.22406, -12.81525, 61.81011],
							"lerp_mode": "catmullrom"
						},
						"0.5417": {
							"post": [-68.22406, -12.81525, 61.81011],
							"lerp_mode": "catmullrom"
						},
						"0.6667": {
							"post": [-65.72406, -12.81525, 61.81011],
							"lerp_mode": "catmullrom"
						},
						"0.7917": {
							"post": [-65.72, -12.82, 61.81],
							"lerp_mode": "catmullrom"
						}
					},
					"position": {
						"0.0": {
							"post": [1, -1, -4],
							"lerp_mode": "catmullrom"
						},
						"0.4583": {
							"post": [2, -1, -4],
							"lerp_mode": "catmullrom"
						},
						"0.5417": {
							"post": [-2, -1, 0],
							"lerp_mode": "catmullrom"
						},
						"0.6667": {
							"post": [-3, -1, 1],
							"lerp_mode": "catmullrom"
						},
						"0.7917": {
							"post": [-3, -1, 1],
							"lerp_mode": "catmullrom"
						}
					}
				},
				"Foice": {
					"rotation": {
						"0.0": {
							"post": [-327.28, 20.94, 19.24],
							"lerp_mode": "catmullrom"
						},
						"0.1667": {
							"post": [-329.2528, -9.08705, 0.94086],
							"lerp_mode": "catmullrom"
						},
						"0.4583": {
							"post": [-329.25, -9.09, 0.94],
							"lerp_mode": "catmullrom"
						},
						"0.5417": {
							"post": [-340.06843, 3.77427, 40.11746],
							"lerp_mode": "catmullrom"
						},
						"0.6667": {
							"post": [-337.56843, 3.77427, 40.11746],
							"lerp_mode": "catmullrom"
						},
						"0.7917": {
							"post": [-337.57, 3.77, 40.12],
							"lerp_mode": "catmullrom"
						}
					},
					"position": {
						"0.0": {
							"post": [1, -3, 2],
							"lerp_mode": "catmullrom"
						},
						"0.1667": {
							"post": [0, -3, 2],
							"lerp_mode": "catmullrom"
						},
						"0.4583": {
							"post": [0, -3, 2],
							"lerp_mode": "catmullrom"
						},
						"0.5417": {
							"post": [-2, -3, -6],
							"lerp_mode": "catmullrom"
						},
						"0.7917": {
							"post": [-2, -3, -6],
							"lerp_mode": "catmullrom"
						}
					}
				},
				"leftarm": {
					"rotation": {
						"0.0": {
							"post": [-64.63, 10.07, -14.78],
							"lerp_mode": "catmullrom"
						},
						"0.1667": {
							"post": [-131.88867, -32.87577, 21.18371],
							"lerp_mode": "catmullrom"
						},
						"0.3333": {
							"post": [-158.14945, -20.43066, 35.00449],
							"lerp_mode": "catmullrom"
						},
						"0.4583": {
							"post": [-160.95638, -23.05481, 42.5703],
							"lerp_mode": "catmullrom"
						},
						"0.5417": {
							"post": [-85.61297, 27.53879, 11.98885],
							"lerp_mode": "catmullrom"
						},
						"0.6667": {
							"post": [-85.24954, 35.01506, 12.68736],
							"lerp_mode": "catmullrom"
						},
						"0.7917": {
							"post": [-85.25, 35.02, 12.69],
							"lerp_mode": "catmullrom"
						}
					},
					"position": {
						"0.0": {
							"post": [1, -1, 1],
							"lerp_mode": "catmullrom"
						},
						"0.1667": {
							"post": [2, 1, 1],
							"lerp_mode": "catmullrom"
						},
						"0.4583": {
							"post": [3, 1, 1],
							"lerp_mode": "catmullrom"
						},
						"0.5417": {
							"post": [-1, 2, -6],
							"lerp_mode": "catmullrom"
						},
						"0.6667": {
							"post": [-1, 2, -7],
							"lerp_mode": "catmullrom"
						},
						"0.7917": {
							"post": [-1, 2, -7],
							"lerp_mode": "catmullrom"
						}
					}
				},
				"head": {
					"rotation": {
						"0.0": {
							"post": [-18.78, 33.76, -11.35],
							"lerp_mode": "catmullrom"
						},
						"0.1667": {
							"post": [-17.85573, 33.02606, -14.21251],
							"lerp_mode": "catmullrom"
						},
						"0.3333": {
							"post": [-7.54594, 46.17059, -13.30922],
							"lerp_mode": "catmullrom"
						},
						"0.4583": {
							"post": [-7.55, 46.17, -13.31],
							"lerp_mode": "catmullrom"
						},
						"0.5": {
							"post": [-7.68745, 4.04993, -7.03042],
							"lerp_mode": "catmullrom"
						},
						"0.5417": {
							"post": [-7.88696, -33.11525, -1.42383],
							"lerp_mode": "catmullrom"
						},
						"0.6667": {
							"post": [-24.65223, -39.63911, 6.30047],
							"lerp_mode": "catmullrom"
						},
						"0.7917": {
							"post": [-24.65, -39.64, 6.3],
							"lerp_mode": "catmullrom"
						}
					},
					"position": {
						"0.0": {
							"post": [0, 0, 0],
							"lerp_mode": "catmullrom"
						},
						"0.4583": {
							"post": [0, 0, 0],
							"lerp_mode": "catmullrom"
						},
						"0.7917": {
							"post": [0, 0, 0],
							"lerp_mode": "catmullrom"
						}
					}
				}
			}
		}
	}
}