{
	"format_version": "1.8.0",
	"animations": {
		"animation.black.skill1": {
			"animation_length": 1.4167,
			"bones": {
				"root": {
					"rotation": {
						"0.0": {
							"post": [0, 0, 0],
							"lerp_mode": "catmullrom"
						},
						"0.2083": {
							"post": [0, 0, 0],
							"lerp_mode": "catmullrom"
						},
						"0.375": {
							"post": [0, -187.5, 0],
							"lerp_mode": "catmullrom"
						},
						"0.4583": {
							"post": [0, -217.5, 0],
							"lerp_mode": "catmullrom"
						},
						"0.8333": {
							"post": [0, -217.5, 0],
							"lerp_mode": "catmullrom"
						},
						"1.4167": {
							"post": [0, -217.5, 0],
							"lerp_mode": "catmullrom"
						}
					},
					"scale": {
						"0.5": [1, 1, 1],
						"0.5833": [1.2, 0.8, 1.2],
						"0.7083": [1, 1, 1]
					}
				},
				"leftleg": {
					"rotation": {
						"0.0": {
							"post": [-7.5, -5, -2.5],
							"lerp_mode": "catmullrom"
						},
						"0.125": {
							"post": [2.5, -20, -2.5],
							"lerp_mode": "catmullrom"
						},
						"0.25": {
							"post": [20.67721, -28.10324, -19.65129],
							"lerp_mode": "catmullrom"
						},
						"0.3333": {
							"post": [144.74599, -69.49171, -128.37184],
							"lerp_mode": "catmullrom"
						},
						"0.5833": {
							"post": [167.35555, -22.51286, -156.96831],
							"lerp_mode": "catmullrom"
						},
						"0.8333": {
							"post": [167.36, -22.51, -156.97],
							"lerp_mode": "catmullrom"
						},
						"1.4167": {
							"post": [167.36, -22.51, -156.97],
							"lerp_mode": "catmullrom"
						}
					},
					"position": {
						"0.0": {
							"post": [-1, 0, -1],
							"lerp_mode": "catmullrom"
						},
						"0.125": {
							"post": [-1, 0, 1],
							"lerp_mode": "catmullrom"
						},
						"0.25": {
							"post": [-1, 0, 3],
							"lerp_mode": "catmullrom"
						},
						"0.3333": {
							"post": [-2, -1, 5],
							"lerp_mode": "catmullrom"
						},
						"0.4583": {
							"post": [0, 0, 5],
							"lerp_mode": "catmullrom"
						},
						"0.5833": {
							"post": [-3, 0, 4],
							"lerp_mode": "catmullrom"
						},
						"0.7083": {
							"post": [-3, -1, 4],
							"lerp_mode": "catmullrom"
						},
						"0.8333": {
							"post": [-3, -1, 4],
							"lerp_mode": "catmullrom"
						},
						"1.4167": {
							"post": [-3, -1, 4],
							"lerp_mode": "catmullrom"
						}
					}
				},
				"rightleg": {
					"rotation": {
						"0.0": {
							"post": [15.39, 17.71, 14.12],
							"lerp_mode": "catmullrom"
						},
						"0.125": {
							"post": [22.22733, 10.56007, 12.75916],
							"lerp_mode": "catmullrom"
						},
						"0.25": {
							"post": [-5.93534, 3.41014, 11.39832],
							"lerp_mode": "catmullrom"
						},
						"0.3333": {
							"post": [-8.21905, -43.77597, 17.45928],
							"lerp_mode": "catmullrom"
						},
						"0.4583": {
							"post": [-34.57014, -41.0761, 23.16351],
							"lerp_mode": "catmullrom"
						},
						"0.5833": {
							"post": [-113.07147, -62.29465, 114.49639],
							"lerp_mode": "catmullrom"
						},
						"0.8333": {
							"post": [-113.07, -62.29, 114.5],
							"lerp_mode": "catmullrom"
						},
						"1.4167": {
							"post": [-113.07, -62.29, 114.5],
							"lerp_mode": "catmullrom"
						}
					},
					"position": {
						"0.0": {
							"post": [-3, 0, 3],
							"lerp_mode": "catmullrom"
						},
						"0.125": {
							"post": [-3, 1, 1],
							"lerp_mode": "catmullrom"
						},
						"0.25": {
							"post": [-2, -1, -1],
							"lerp_mode": "catmullrom"
						},
						"0.3333": {
							"post": [2, -1, -3],
							"lerp_mode": "catmullrom"
						},
						"0.5833": {
							"post": [7, -1, -1],
							"lerp_mode": "catmullrom"
						},
						"0.7083": {
							"post": [7, 0, -1],
							"lerp_mode": "catmullrom"
						},
						"0.8333": {
							"post": [7, 0, -1],
							"lerp_mode": "catmullrom"
						},
						"1.4167": {
							"post": [7, 0, -1],
							"lerp_mode": "catmullrom"
						}
					}
				},
				"waist": {
					"rotation": {
						"0.0": {
							"post": [5.14, -31.18, 10.68],
							"lerp_mode": "catmullrom"
						},
						"0.125": {
							"post": [13.38904, -36.05183, 9.32829],
							"lerp_mode": "catmullrom"
						},
						"0.25": {
							"post": [16.71534, -62.24759, -6.15083],
							"lerp_mode": "catmullrom"
						},
						"0.4583": {
							"post": [178.07847, -81.81587, -170.43964],
							"lerp_mode": "catmullrom"
						},
						"0.5833": {
							"post": [177.21019, -19.32018, -172.24573],
							"lerp_mode": "catmullrom"
						},
						"0.7083": {
							"post": [171.43293, -14.18941, -169.9308],
							"lerp_mode": "catmullrom"
						},
						"0.8333": {
							"post": [187.69727, -9.64508, -178.65675],
							"lerp_mode": "catmullrom"
						},
						"1.4167": {
							"post": [169.80673, -8.03498, -163.22624],
							"lerp_mode": "catmullrom"
						}
					},
					"position": {
						"0.0": {
							"post": [-2, 0, 3],
							"lerp_mode": "catmullrom"
						},
						"0.25": {
							"post": [-2, -1, 3],
							"lerp_mode": "catmullrom"
						},
						"0.5833": {
							"post": [-1, -1, 0],
							"lerp_mode": "catmullrom"
						},
						"0.8333": {
							"post": [-1, -1, 0],
							"lerp_mode": "catmullrom"
						},
						"1.4167": {
							"post": [-1, -1, 0],
							"lerp_mode": "catmullrom"
						}
					}
				},
				"rightarm": {
					"rotation": {
						"0.0": {
							"post": [-17.57, -9.59, -39.04],
							"lerp_mode": "catmullrom"
						},
						"0.2083": {
							"post": [-144.55096, -23.48906, 81.76203],
							"lerp_mode": "catmullrom"
						},
						"0.4583": {
							"post": [-121.58598, 7.67854, -14.93487],
							"lerp_mode": "catmullrom"
						},
						"0.5833": {
							"post": [-56.64613, -6.96837, -24.53822],
							"lerp_mode": "catmullrom"
						},
						"0.7083": {
							"post": [-56.20534, -11.13506, -27.33757],
							"lerp_mode": "catmullrom"
						},
						"0.8333": {
							"post": [-56.21, -11.14, -27.34],
							"lerp_mode": "catmullrom"
						},
						"1.0417": {
							"post": [-63.50739, -23.43263, -36.36588],
							"lerp_mode": "catmullrom"
						},
						"1.1667": {
							"post": [-63.9709, -22.10405, -34.11225],
							"lerp_mode": "catmullrom"
						},
						"1.2917": {
							"post": [-141.49537, -18.93466, 10.12992],
							"lerp_mode": "catmullrom"
						},
						"1.4167": {
							"post": [-141.5, -18.93, 10.13],
							"lerp_mode": "catmullrom"
						}
					},
					"position": {
						"0.0": {
							"post": [4, -1, -4],
							"lerp_mode": "catmullrom"
						},
						"0.4583": {
							"post": [-2, 1, 2],
							"lerp_mode": "catmullrom"
						},
						"0.5833": {
							"post": [-1, 0, -4],
							"lerp_mode": "catmullrom"
						},
						"0.7083": {
							"post": [-2, 0, -4],
							"lerp_mode": "catmullrom"
						},
						"0.8333": {
							"post": [-2, 0, -4],
							"lerp_mode": "catmullrom"
						},
						"1.4167": {
							"post": [-2, 0, -4],
							"lerp_mode": "catmullrom"
						}
					}
				},
				"Foice": {
					"rotation": {
						"0.0": {
							"post": [2.5, 0, -32.5],
							"lerp_mode": "catmullrom"
						},
						"0.2083": {
							"post": [1.84373, 1.68868, -74.97283],
							"lerp_mode": "catmullrom"
						},
						"0.3333": {
							"post": [-358.15627, 1.68868, -74.97283],
							"lerp_mode": "catmullrom"
						},
						"0.4583": {
							"post": [-727.06541, 29.22536, -39.64437],
							"lerp_mode": "catmullrom"
						},
						"0.5833": {
							"post": [-714.56541, 29.22536, -39.64437],
							"lerp_mode": "catmullrom"
						},
						"0.8333": {
							"post": [16.47121, 37.52138, -28.86325],
							"lerp_mode": "catmullrom"
						},
						"1.0": {
							"post": [382.53324, 63.78676, -52.72908],
							"lerp_mode": "catmullrom"
						},
						"1.2917": {
							"post": [1098.79178, 51.73515, -22.05797],
							"lerp_mode": "catmullrom"
						},
						"1.3333": {
							"post": [1078.7764, 31.98105, -25.03393],
							"lerp_mode": "catmullrom"
						},
						"1.375": {
							"post": [1068.10136, 55.44607, -18.13993],
							"lerp_mode": "catmullrom"
						},
						"1.4167": {
							"post": [1098.79, 51.74, -22.06],
							"lerp_mode": "catmullrom"
						}
					},
					"position": {
						"0.0": {
							"post": [0, 0, 0],
							"lerp_mode": "catmullrom"
						},
						"0.2083": {
							"post": [0, -2, 0],
							"lerp_mode": "catmullrom"
						},
						"0.4583": {
							"post": [0, -2, 0],
							"lerp_mode": "catmullrom"
						},
						"0.5833": {
							"post": [-37, 1, -19],
							"lerp_mode": "catmullrom"
						},
						"0.7083": {
							"post": [-16.49887, -50.61028, -15.48034],
							"lerp_mode": "catmullrom"
						},
						"0.8333": {
							"post": [52.54153, -26.28341, 11.17958],
							"lerp_mode": "catmullrom"
						},
						"0.9167": {
							"post": [38.2893, 36.81914, 47.87464],
							"lerp_mode": "catmullrom"
						},
						"1.0": {
							"post": [-13.17983, 86.57379, 23.45988],
							"lerp_mode": "catmullrom"
						},
						"1.0833": {
							"post": [-31.21702, -5.43698, -32.3871],
							"lerp_mode": "catmullrom"
						},
						"1.2083": {
							"post": [-6.96497, -31.26958, -14.36584],
							"lerp_mode": "catmullrom"
						},
						"1.2917": {
							"post": [-0.7369, -5.01446, 1.76022],
							"lerp_mode": "catmullrom"
						},
						"1.4167": {
							"post": [-0.74, -5.01, 1.76],
							"lerp_mode": "catmullrom"
						}
					}
				},
				"leftarm": {
					"rotation": {
						"0.0": {
							"post": [-6.29, -4.2, -11.84],
							"lerp_mode": "catmullrom"
						},
						"0.2083": {
							"post": [11.21, -4.2, -11.84],
							"lerp_mode": "catmullrom"
						},
						"0.3333": {
							"post": [-103.79, -4.2, -11.84],
							"lerp_mode": "catmullrom"
						},
						"0.4583": {
							"post": [-137.21187, 51.03506, -30.48406],
							"lerp_mode": "catmullrom"
						},
						"0.5833": {
							"post": [-72.21187, 51.03506, -30.48406],
							"lerp_mode": "catmullrom"
						},
						"0.8333": {
							"post": [-72.21, 51.04, -30.48],
							"lerp_mode": "catmullrom"
						},
						"1.0417": {
							"post": [-46.57485, 34.16376, -36.85498],
							"lerp_mode": "catmullrom"
						},
						"1.4167": {
							"post": [-46.57, 34.16, -36.85],
							"lerp_mode": "catmullrom"
						}
					},
					"position": {
						"0.0": {
							"post": [-1, -1, 5],
							"lerp_mode": "catmullrom"
						},
						"0.2083": {
							"post": [1, -1, 1],
							"lerp_mode": "catmullrom"
						},
						"0.3333": {
							"post": [1, -3, 1],
							"lerp_mode": "catmullrom"
						},
						"0.4583": {
							"post": [-2, -2, -2],
							"lerp_mode": "catmullrom"
						},
						"0.5833": {
							"post": [2, -2, 1],
							"lerp_mode": "catmullrom"
						},
						"0.7083": {
							"post": [2, -2, 0],
							"lerp_mode": "catmullrom"
						},
						"0.8333": {
							"post": [2, -2, 0],
							"lerp_mode": "catmullrom"
						},
						"1.4167": {
							"post": [2, -2, 0],
							"lerp_mode": "catmullrom"
						}
					}
				},
				"head": {
					"rotation": {
						"0.0": {
							"post": [-4.43, 29.88, -12.15],
							"lerp_mode": "catmullrom"
						},
						"0.2083": {
							"post": [-1.686, 37.63782, -6.63757],
							"lerp_mode": "catmullrom"
						},
						"0.3333": {
							"post": [9.64808, -15.6145, 5.73262],
							"lerp_mode": "catmullrom"
						},
						"0.4583": {
							"post": [-5.98695, -30.54218, 7.33881],
							"lerp_mode": "catmullrom"
						},
						"0.5833": {
							"post": [3.63724, 17.15374, 7.94287],
							"lerp_mode": "catmullrom"
						},
						"0.7083": {
							"post": [8.90934, 22.09533, 8.75227],
							"lerp_mode": "catmullrom"
						},
						"0.8333": {
							"post": [8.91, 22.1, 8.75],
							"lerp_mode": "catmullrom"
						},
						"1.4167": {
							"post": [8.91, 22.1, 8.75],
							"lerp_mode": "catmullrom"
						}
					},
					"position": {
						"0.0": {
							"post": [0, 0, 0],
							"lerp_mode": "catmullrom"
						},
						"0.8333": {
							"post": [0, 0, 0],
							"lerp_mode": "catmullrom"
						},
						"1.4167": {
							"post": [0, 0, 0],
							"lerp_mode": "catmullrom"
						}
					}
				}
			}
		},
		"animation.black.skill2": {
			"animation_length": 1.5417,
			"bones": {
				"leftleg": {
					"rotation": {
						"0.0": {
							"post": [0, 0, 0],
							"lerp_mode": "catmullrom"
						},
						"0.25": {
							"post": [-2.5, 0, 0],
							"lerp_mode": "catmullrom"
						},
						"0.375": {
							"post": [10, 0, 0],
							"lerp_mode": "catmullrom"
						},
						"0.4583": {
							"post": [10, 0, 0],
							"lerp_mode": "catmullrom"
						},
						"0.5833": {
							"post": [-18.07779, 14.2906, -4.60659],
							"lerp_mode": "catmullrom"
						},
						"0.7083": {
							"post": [-6.81984, 13.75034, -9.73007],
							"lerp_mode": "catmullrom"
						},
						"1.0417": {
							"post": [13.3617, 3.81887, -8.5459],
							"lerp_mode": "catmullrom"
						},
						"1.1667": {
							"post": [-6.66395, 6.30205, -8.83657],
							"lerp_mode": "catmullrom"
						},
						"1.2917": {
							"post": [-6.66, 6.3, -8.84],
							"lerp_mode": "catmullrom"
						},
						"1.5417": {
							"post": [0, 0, 0],
							"lerp_mode": "catmullrom"
						}
					},
					"position": {
						"0.0": {
							"post": [0, 0, 0],
							"lerp_mode": "catmullrom"
						},
						"0.125": {
							"post": [0, 1, -1],
							"lerp_mode": "catmullrom"
						},
						"0.25": {
							"post": [0, 3, -3],
							"lerp_mode": "catmullrom"
						},
						"0.375": {
							"post": [0, 3, -5],
							"lerp_mode": "catmullrom"
						},
						"0.4583": {
							"post": [0, 3, -5],
							"lerp_mode": "catmullrom"
						},
						"0.5833": {
							"post": [-1, 1, -5],
							"lerp_mode": "catmullrom"
						},
						"0.7083": {
							"post": [-1, 1, -6],
							"lerp_mode": "catmullrom"
						},
						"1.2917": {
							"post": [-1, 1, -6],
							"lerp_mode": "catmullrom"
						},
						"1.5417": {
							"post": [0, 0, 0],
							"lerp_mode": "catmullrom"
						}
					}
				},
				"rightleg": {
					"rotation": {
						"0.0": {
							"post": [0, 0, 0],
							"lerp_mode": "catmullrom"
						},
						"0.1667": {
							"post": [10, 0, 0],
							"lerp_mode": "catmullrom"
						},
						"0.375": {
							"post": [37.5, 0, 0],
							"lerp_mode": "catmullrom"
						},
						"0.4583": {
							"post": [37.5, 0, 0],
							"lerp_mode": "catmullrom"
						},
						"0.5833": {
							"post": [46.38636, 19.37324, -1.55674],
							"lerp_mode": "catmullrom"
						},
						"1.0417": {
							"post": [47.79868, 22.77874, 2.36761],
							"lerp_mode": "catmullrom"
						},
						"1.1667": {
							"post": [49.50497, 26.08345, 6.48988],
							"lerp_mode": "catmullrom"
						},
						"1.2917": {
							"post": [49.5, 26.08, 6.49],
							"lerp_mode": "catmullrom"
						},
						"1.5417": {
							"post": [0, 0, 0],
							"lerp_mode": "catmullrom"
						}
					},
					"position": {
						"0.0": {
							"post": [0, 0, 0],
							"lerp_mode": "catmullrom"
						},
						"0.375": {
							"post": [0, 0, -3],
							"lerp_mode": "catmullrom"
						},
						"0.4583": {
							"post": [0, 0, -3],
							"lerp_mode": "catmullrom"
						},
						"0.5833": {
							"post": [0, -1, 0],
							"lerp_mode": "catmullrom"
						},
						"0.7083": {
							"post": [0, -1, -1],
							"lerp_mode": "catmullrom"
						},
						"1.1667": {
							"post": [0, -1, 0],
							"lerp_mode": "catmullrom"
						},
						"1.2917": {
							"post": [0, -1, 0],
							"lerp_mode": "catmullrom"
						},
						"1.5417": {
							"post": [0, 0, 0],
							"lerp_mode": "catmullrom"
						}
					}
				},
				"waist": {
					"rotation": {
						"0.0": {
							"post": [0, 0, 0],
							"lerp_mode": "catmullrom"
						},
						"0.125": {
							"post": [-2.5, 0, 2.5],
							"lerp_mode": "catmullrom"
						},
						"0.25": {
							"post": [-10.03742, -4.92385, 3.37038],
							"lerp_mode": "catmullrom"
						},
						"0.375": {
							"post": [-14.06913, -26.52166, 10.55865],
							"lerp_mode": "catmullrom"
						},
						"0.4583": {
							"post": [-14.07, -26.52, 10.56],
							"lerp_mode": "catmullrom"
						},
						"0.5833": {
							"post": [8.3534, 58.52798, 0.24562],
							"lerp_mode": "catmullrom"
						},
						"0.7083": {
							"post": [13.21594, 65.92622, 2.91009],
							"lerp_mode": "catmullrom"
						},
						"0.875": {
							"post": [22.24584, 73.031, 9.86802],
							"lerp_mode": "catmullrom"
						},
						"1.0417": {
							"post": [13.10894, 63.02363, 5.83069],
							"lerp_mode": "catmullrom"
						},
						"1.1667": {
							"post": [8.87478, 65.49628, 6.68069],
							"lerp_mode": "catmullrom"
						},
						"1.2917": {
							"post": [8.87, 65.5, 6.68],
							"lerp_mode": "catmullrom"
						},
						"1.5417": {
							"post": [0, 0, 0],
							"lerp_mode": "catmullrom"
						}
					},
					"position": {
						"0.0": {
							"post": [0, 0, 0],
							"lerp_mode": "catmullrom"
						},
						"0.4583": {
							"post": [0, 0, 0],
							"lerp_mode": "catmullrom"
						},
						"1.2917": {
							"post": [0, 0, 0],
							"lerp_mode": "catmullrom"
						},
						"1.5417": {
							"post": [0, 0, 0],
							"lerp_mode": "catmullrom"
						}
					}
				},
				"rightarm": {
					"rotation": {
						"0.0": {
							"post": [0, 0, 0],
							"lerp_mode": "catmullrom"
						},
						"0.125": {
							"post": [-37.87289, -28.93057, 20.61737],
							"lerp_mode": "catmullrom"
						},
						"0.25": {
							"post": [-79.19616, -35.9086, 46.05313],
							"lerp_mode": "catmullrom"
						},
						"0.375": {
							"post": [-131.30487, -19.74237, 71.4102],
							"lerp_mode": "catmullrom"
						},
						"0.4583": {
							"post": [-131.3, -19.74, 71.41],
							"lerp_mode": "catmullrom"
						},
						"0.5833": {
							"post": [58.7, -19.74, 71.41],
							"lerp_mode": "catmullrom"
						},
						"1.0417": {
							"post": [27.40323, 25.45773, 93.40862],
							"lerp_mode": "catmullrom"
						},
						"1.1667": {
							"post": [32.40323, 25.45773, 93.40862],
							"lerp_mode": "catmullrom"
						},
						"1.2917": {
							"post": [32.4, 25.46, 93.41],
							"lerp_mode": "catmullrom"
						},
						"1.5417": {
							"post": [0, 0, 0],
							"lerp_mode": "catmullrom"
						}
					},
					"position": {
						"0.0": {
							"post": [0, 0, 0],
							"lerp_mode": "catmullrom"
						},
						"0.25": {
							"post": [1, -1, -3],
							"lerp_mode": "catmullrom"
						},
						"0.4583": {
							"post": [1, -1, -3],
							"lerp_mode": "catmullrom"
						},
						"0.5833": {
							"post": [1, -1, 4],
							"lerp_mode": "catmullrom"
						},
						"0.7083": {
							"post": [-2, -1, 5],
							"lerp_mode": "catmullrom"
						},
						"1.2917": {
							"post": [-2, -1, 5],
							"lerp_mode": "catmullrom"
						},
						"1.5417": {
							"post": [0, 0, 0],
							"lerp_mode": "catmullrom"
						}
					}
				},
				"Foice": {
					"rotation": {
						"0.0": {
							"post": [0, 0, 0],
							"lerp_mode": "catmullrom"
						},
						"0.2083": {
							"post": [10.83, 0, 0],
							"lerp_mode": "catmullrom"
						},
						"0.375": {
							"post": [-7.5, 0, 0],
							"lerp_mode": "catmullrom"
						},
						"0.4583": {
							"post": [-7.5, 0, 0],
							"lerp_mode": "catmullrom"
						},
						"1.2917": {
							"post": [-7.5, 0, 0],
							"lerp_mode": "catmullrom"
						},
						"1.5417": {
							"post": [0, 0, 0],
							"lerp_mode": "catmullrom"
						}
					},
					"position": {
						"0.0": {
							"post": [0, 0, 0],
							"lerp_mode": "catmullrom"
						},
						"0.125": {
							"post": [0, 0, -3],
							"lerp_mode": "catmullrom"
						},
						"0.4583": {
							"post": [0, 0, -3],
							"lerp_mode": "catmullrom"
						},
						"1.2917": {
							"post": [0, 0, -3],
							"lerp_mode": "catmullrom"
						},
						"1.5417": {
							"post": [0, 0, 0],
							"lerp_mode": "catmullrom"
						}
					}
				},
				"leftarm": {
					"rotation": {
						"0.0": {
							"post": [0, 0, 0],
							"lerp_mode": "catmullrom"
						},
						"0.125": {
							"post": [-5, -7.5, -10],
							"lerp_mode": "catmullrom"
						},
						"0.25": {
							"post": [-22.86743, -11.14194, -5.71471],
							"lerp_mode": "catmullrom"
						},
						"0.375": {
							"post": [21.63323, -23.96912, -51.19591],
							"lerp_mode": "catmullrom"
						},
						"0.4583": {
							"post": [21.63, -23.97, -51.2],
							"lerp_mode": "catmullrom"
						},
						"0.5833": {
							"post": [54.02523, -14.26883, -35.75448],
							"lerp_mode": "catmullrom"
						},
						"0.8333": {
							"post": [-60.00195, 37.88884, -9.96324],
							"lerp_mode": "catmullrom"
						},
						"0.9583": {
							"post": [-42.36862, 57.71964, 13.34267],
							"lerp_mode": "catmullrom"
						},
						"1.0417": {
							"post": [-46.53491, -54.99917, -67.31016],
							"lerp_mode": "catmullrom"
						},
						"1.2917": {
							"post": [-46.53, -55, -67.31],
							"lerp_mode": "catmullrom"
						},
						"1.5417": {
							"post": [0, 0, 0],
							"lerp_mode": "catmullrom"
						}
					},
					"position": {
						"0.0": {
							"post": [0, 0, 0],
							"lerp_mode": "catmullrom"
						},
						"0.125": {
							"post": [0, 0, 1],
							"lerp_mode": "catmullrom"
						},
						"0.4583": {
							"post": [0, 0, 1],
							"lerp_mode": "catmullrom"
						},
						"0.5833": {
							"post": [1, 0, 1],
							"lerp_mode": "catmullrom"
						},
						"0.7083": {
							"post": [1, 0, 2],
							"lerp_mode": "catmullrom"
						},
						"0.8333": {
							"post": [2, 0, -2],
							"lerp_mode": "catmullrom"
						},
						"1.0417": {
							"post": [3, 0, -1],
							"lerp_mode": "catmullrom"
						},
						"1.1667": {
							"post": [3, 0, 0],
							"lerp_mode": "catmullrom"
						},
						"1.2917": {
							"post": [3, 0, 0],
							"lerp_mode": "catmullrom"
						},
						"1.5417": {
							"post": [0, 0, 0],
							"lerp_mode": "catmullrom"
						}
					}
				},
				"head": {
					"rotation": {
						"0.0": {
							"post": [0, 0, 0],
							"lerp_mode": "catmullrom"
						},
						"0.125": {
							"post": [5, 0, 0],
							"lerp_mode": "catmullrom"
						},
						"0.25": {
							"post": [5.02885, 7.90672, -4.32548],
							"lerp_mode": "catmullrom"
						},
						"0.375": {
							"post": [16.4302, 24.76221, 0.60058],
							"lerp_mode": "catmullrom"
						},
						"0.4583": {
							"post": [16.43, 24.76, 0.6],
							"lerp_mode": "catmullrom"
						},
						"0.5833": {
							"post": [-2.2626, -50.30889, 6.10104],
							"lerp_mode": "catmullrom"
						},
						"0.7083": {
							"post": [-2.53877, -55.30452, 6.44739],
							"lerp_mode": "catmullrom"
						},
						"1.1667": {
							"post": [4.80434, -62.70068, 1.00104],
							"lerp_mode": "catmullrom"
						},
						"1.2917": {
							"post": [4.8, -62.7, 1],
							"lerp_mode": "catmullrom"
						},
						"1.5417": {
							"post": [0, 0, 0],
							"lerp_mode": "catmullrom"
						}
					},
					"position": {
						"0.0": {
							"post": [0, 0, 0],
							"lerp_mode": "catmullrom"
						},
						"0.4583": {
							"post": [0, 0, 0],
							"lerp_mode": "catmullrom"
						},
						"1.2917": {
							"post": [0, 0, 0],
							"lerp_mode": "catmullrom"
						},
						"1.5417": {
							"post": [0, 0, 0],
							"lerp_mode": "catmullrom"
						}
					}
				}
			}
		},
		"animation.black.skill3": {
			"loop": true,
			"animation_length": 2.1667,
			"bones": {
				"leftleg": {
					"rotation": {
						"0.0": {
							"post": [0, 0, 0],
							"lerp_mode": "catmullrom"
						},
						"0.1667": {
							"post": [5, 0, 0],
							"lerp_mode": "catmullrom"
						},
						"0.3333": {
							"post": [5, 0, 0],
							"lerp_mode": "catmullrom"
						},
						"0.5": {
							"post": [3.72514, -7.14676, -3.05266],
							"lerp_mode": "catmullrom"
						},
						"0.8333": {
							"post": [3.74919, -9.64145, -3.21736],
							"lerp_mode": "catmullrom"
						},
						"1.2083": {
							"post": [3.75, -9.64, -3.22],
							"lerp_mode": "catmullrom"
						},
						"1.7917": {
							"post": [3.75, -9.64, -3.22],
							"lerp_mode": "catmullrom"
						},
						"1.9583": {
							"post": [3.70151, 2.83379, -2.40791],
							"lerp_mode": "catmullrom"
						},
						"2.0833": {
							"post": [0, 0, 0],
							"lerp_mode": "catmullrom"
						},
						"2.1667": {
							"post": [0, 0, 0],
							"lerp_mode": "catmullrom"
						}
					},
					"position": {
						"0.0": {
							"post": [0, 0, 0],
							"lerp_mode": "catmullrom"
						},
						"0.1667": {
							"post": [0, 0, -1],
							"lerp_mode": "catmullrom"
						},
						"0.3333": {
							"post": [0, 0, -1],
							"lerp_mode": "catmullrom"
						},
						"0.5": {
							"post": [0, 0, -1],
							"lerp_mode": "catmullrom"
						},
						"0.8333": {
							"post": [0, 0, -1],
							"lerp_mode": "catmullrom"
						},
						"1.2083": {
							"post": [0, 0, -1],
							"lerp_mode": "catmullrom"
						},
						"1.375": {
							"post": [0.34102, -0.11183, -2.96754],
							"lerp_mode": "catmullrom"
						},
						"1.7917": {
							"post": [0.34, -0.11, -2.97],
							"lerp_mode": "catmullrom"
						},
						"2.0833": {
							"post": [0, 0, 0],
							"lerp_mode": "catmullrom"
						},
						"2.1667": {
							"post": [0, 0, 0],
							"lerp_mode": "catmullrom"
						}
					}
				},
				"rightleg": {
					"rotation": {
						"0.0": {
							"post": [0, 0, 0],
							"lerp_mode": "catmullrom"
						},
						"0.2917": {
							"post": [0, 0, 0],
							"lerp_mode": "catmullrom"
						},
						"0.5": {
							"post": [0, 7.5, 10],
							"lerp_mode": "catmullrom"
						},
						"0.8333": {
							"post": [0, 12.5, 10],
							"lerp_mode": "catmullrom"
						},
						"1.2083": {
							"post": [0, 12.5, 10],
							"lerp_mode": "catmullrom"
						},
						"1.375": {
							"post": [35, 12.5, 10],
							"lerp_mode": "catmullrom"
						},
						"1.5": {
							"post": [38.01072, 24.58553, 19.39575],
							"lerp_mode": "catmullrom"
						},
						"1.6667": {
							"post": [37.34316, 22.60671, 17.72839],
							"lerp_mode": "catmullrom"
						},
						"1.7917": {
							"post": [37.34, 22.61, 17.73],
							"lerp_mode": "catmullrom"
						},
						"1.9583": {
							"post": [82.34, 22.61, 17.73],
							"lerp_mode": "catmullrom"
						},
						"2.0833": {
							"post": [0, 0, 0],
							"lerp_mode": "catmullrom"
						},
						"2.1667": {
							"post": [0, 0, 0],
							"lerp_mode": "catmullrom"
						}
					},
					"position": {
						"0.0": {
							"post": [0, 0, 0],
							"lerp_mode": "catmullrom"
						},
						"0.125": {
							"post": [0, 1, -2],
							"lerp_mode": "catmullrom"
						},
						"0.25": {
							"post": [0, 3, -2],
							"lerp_mode": "catmullrom"
						},
						"0.5": {
							"post": [-1, 0, 0],
							"lerp_mode": "catmullrom"
						},
						"0.8333": {
							"post": [-1, 0, 0],
							"lerp_mode": "catmullrom"
						},
						"1.2083": {
							"post": [-1, 0, 0],
							"lerp_mode": "catmullrom"
						},
						"1.375": {
							"post": [-0.00311, -2.00502, 5.99884],
							"lerp_mode": "catmullrom"
						},
						"1.5": {
							"post": [0.49372, -2.36627, 7.27645],
							"lerp_mode": "catmullrom"
						},
						"1.7917": {
							"post": [0.49, -2.37, 7.28],
							"lerp_mode": "catmullrom"
						},
						"1.9583": {
							"post": [-3.4629, -2.96821, -1.3233],
							"lerp_mode": "catmullrom"
						},
						"2.0833": {
							"post": [0, 0, 0],
							"lerp_mode": "catmullrom"
						},
						"2.1667": {
							"post": [0, 0, 0],
							"lerp_mode": "catmullrom"
						}
					}
				},
				"waist": {
					"rotation": {
						"0.0": {
							"post": [0, 0, 0],
							"lerp_mode": "catmullrom"
						},
						"0.1667": {
							"post": [-5, 0, 0],
							"lerp_mode": "catmullrom"
						},
						"0.3333": {
							"post": [-5, 0, 0],
							"lerp_mode": "catmullrom"
						},
						"0.5": {
							"post": [-10.03742, 4.92385, -0.87038],
							"lerp_mode": "catmullrom"
						},
						"0.8333": {
							"post": [-2.53742, 4.92385, -0.87038],
							"lerp_mode": "catmullrom"
						},
						"1.2083": {
							"post": [-12.53742, 4.92385, -0.87038],
							"lerp_mode": "catmullrom"
						},
						"1.2917": {
							"post": [25.48358, 14.45158, 2.21428],
							"lerp_mode": "catmullrom"
						},
						"1.375": {
							"post": [52.98358, 14.45158, 2.21428],
							"lerp_mode": "catmullrom"
						},
						"1.5": {
							"post": [55.48358, 14.45158, 2.21428],
							"lerp_mode": "catmullrom"
						},
						"1.6667": {
							"post": [52.98358, 14.45158, 2.21428],
							"lerp_mode": "catmullrom"
						},
						"1.7917": {
							"post": [52.98, 14.45, 2.21],
							"lerp_mode": "catmullrom"
						},
						"1.9583": {
							"post": [40.48, 14.45, 2.21],
							"lerp_mode": "catmullrom"
						},
						"2.0833": {
							"post": [0, 0, 0],
							"lerp_mode": "catmullrom"
						},
						"2.1667": {
							"post": [0, 0, 0],
							"lerp_mode": "catmullrom"
						}
					},
					"position": {
						"0.0": {
							"post": [0, 0, 0],
							"lerp_mode": "catmullrom"
						},
						"0.3333": {
							"post": [0, 0, 0],
							"lerp_mode": "catmullrom"
						},
						"1.375": {
							"post": [0.88441, -1.64511, 3.67579],
							"lerp_mode": "catmullrom"
						},
						"1.7917": {
							"post": [0.88, -1.65, 3.68],
							"lerp_mode": "catmullrom"
						},
						"1.9583": {
							"post": [0.35745, 1.57935, 1.17038],
							"lerp_mode": "catmullrom"
						},
						"2.0833": {
							"post": [0, 0, 0],
							"lerp_mode": "catmullrom"
						},
						"2.1667": {
							"post": [0, 0, 0],
							"lerp_mode": "catmullrom"
						}
					}
				},
				"rightarm": {
					"rotation": {
						"0.0": {
							"post": [0, 0, 0],
							"lerp_mode": "catmullrom"
						},
						"0.1667": {
							"post": [-67.32443, 4.99298, 9.02569],
							"lerp_mode": "catmullrom"
						},
						"0.3333": {
							"post": [-112.32, 4.99, 9.03],
							"lerp_mode": "catmullrom"
						},
						"0.5": {
							"post": [-140.86667, -11.11645, 28.24194],
							"lerp_mode": "catmullrom"
						},
						"0.875": {
							"post": [-135.86667, -11.11645, 28.24194],
							"lerp_mode": "catmullrom"
						},
						"1.2083": {
							"post": [-152.32159, -6.37144, 22.2507],
							"lerp_mode": "catmullrom"
						},
						"1.2917": {
							"post": [-154.93001, -17.55036, 33.68463],
							"lerp_mode": "catmullrom"
						},
						"1.375": {
							"post": [-42.33832, -1.16163, 18.00115],
							"lerp_mode": "catmullrom"
						},
						"1.5": {
							"post": [-37.33832, -1.16163, 18.00115],
							"lerp_mode": "catmullrom"
						},
						"1.6667": {
							"post": [-42.33832, -1.16163, 18.00115],
							"lerp_mode": "catmullrom"
						},
						"1.7917": {
							"post": [-42.34, -1.16, 18],
							"lerp_mode": "catmullrom"
						},
						"1.9583": {
							"post": [-26.55743, -6.84296, 6.83459],
							"lerp_mode": "catmullrom"
						},
						"2.0833": {
							"post": [0, 0, 0],
							"lerp_mode": "catmullrom"
						},
						"2.1667": {
							"post": [0, 0, 0],
							"lerp_mode": "catmullrom"
						}
					},
					"position": {
						"0.0": {
							"post": [0, 0, 0],
							"lerp_mode": "catmullrom"
						},
						"0.3333": {
							"post": [0, 0, 0],
							"lerp_mode": "catmullrom"
						},
						"0.5": {
							"post": [0, 5, -1],
							"lerp_mode": "catmullrom"
						},
						"1.2083": {
							"post": [0, 5, -1],
							"lerp_mode": "catmullrom"
						},
						"1.2917": {
							"post": [0, 3, -5],
							"lerp_mode": "catmullrom"
						},
						"1.375": {
							"post": [-2.31303, -1.39535, 3.32651],
							"lerp_mode": "catmullrom"
						},
						"1.5": {
							"post": [-2.31, -1.4, 3.33],
							"lerp_mode": "catmullrom"
						},
						"1.7917": {
							"post": [-2.31, -1.4, 3.33],
							"lerp_mode": "catmullrom"
						},
						"1.9583": {
							"post": [-1.12294, -1.21553, -0.21357],
							"lerp_mode": "catmullrom"
						},
						"2.0833": {
							"post": [0, 0, 0],
							"lerp_mode": "catmullrom"
						},
						"2.1667": {
							"post": [0, 0, 0],
							"lerp_mode": "catmullrom"
						}
					}
				},
				"leftarm": {
					"rotation": {
						"0.0": {
							"post": [0, 0, 0],
							"lerp_mode": "catmullrom"
						},
						"0.1667": {
							"post": [-71.65153, -8.32687, -15.53693],
							"lerp_mode": "catmullrom"
						},
						"0.3333": {
							"post": [-111.65, -8.33, -15.54],
							"lerp_mode": "catmullrom"
						},
						"0.5": {
							"post": [-150.57989, 1.40731, -33.06309],
							"lerp_mode": "catmullrom"
						},
						"0.875": {
							"post": [-143.07989, 1.40731, -33.06309],
							"lerp_mode": "catmullrom"
						},
						"1.2083": {
							"post": [-163.07989, 1.40731, -33.06309],
							"lerp_mode": "catmullrom"
						},
						"1.2917": {
							"post": [-135.65415, 2.99371, -34.99676],
							"lerp_mode": "catmullrom"
						},
						"1.375": {
							"post": [-102.00245, 57.49868, -24.38538],
							"lerp_mode": "catmullrom"
						},
						"1.5": {
							"post": [-106.75537, 67.19524, -29.7312],
							"lerp_mode": "catmullrom"
						},
						"1.6667": {
							"post": [-104.26239, 55.33557, -21.26753],
							"lerp_mode": "catmullrom"
						},
						"1.7917": {
							"post": [-104.26, 55.34, -21.27],
							"lerp_mode": "catmullrom"
						},
						"1.9583": {
							"post": [-60.59126, 15.29443, -33.67316],
							"lerp_mode": "catmullrom"
						},
						"2.0833": {
							"post": [0, 0, 0],
							"lerp_mode": "catmullrom"
						},
						"2.1667": {
							"post": [0, 0, 0],
							"lerp_mode": "catmullrom"
						}
					},
					"position": {
						"0.0": {
							"post": [0, 0, 0],
							"lerp_mode": "catmullrom"
						},
						"0.3333": {
							"post": [0, 0, 0],
							"lerp_mode": "catmullrom"
						},
						"0.5": {
							"post": [-1, 4, -2],
							"lerp_mode": "catmullrom"
						},
						"1.2083": {
							"post": [-1, 5, -2],
							"lerp_mode": "catmullrom"
						},
						"1.2917": {
							"post": [-0.23494, 3.81856, -2.13747],
							"lerp_mode": "catmullrom"
						},
						"1.375": {
							"post": [-0.86747, -1.19505, -5.04568],
							"lerp_mode": "catmullrom"
						},
						"1.7917": {
							"post": [-0.87, -1.2, -5.05],
							"lerp_mode": "catmullrom"
						},
						"1.9583": {
							"post": [0.99264, -0.60461, -0.89264],
							"lerp_mode": "catmullrom"
						},
						"2.0833": {
							"post": [0, 0, 0],
							"lerp_mode": "catmullrom"
						},
						"2.1667": {
							"post": [0, 0, 0],
							"lerp_mode": "catmullrom"
						}
					}
				},
				"head": {
					"rotation": {
						"0.0": {
							"post": [0, 0, 0],
							"lerp_mode": "catmullrom"
						},
						"0.1667": {
							"post": [-2.5, 0, 0],
							"lerp_mode": "catmullrom"
						},
						"0.3333": {
							"post": [-2.5, 0, 0],
							"lerp_mode": "catmullrom"
						},
						"0.8333": {
							"post": [2.5, 0, 0],
							"lerp_mode": "catmullrom"
						},
						"1.2083": {
							"post": [2.5, 0, 0],
							"lerp_mode": "catmullrom"
						},
						"1.375": {
							"post": [-43.18528, -9.18229, 8.51814],
							"lerp_mode": "catmullrom"
						},
						"1.5": {
							"post": [-48.18528, -9.18229, 8.51814],
							"lerp_mode": "catmullrom"
						},
						"1.6667": {
							"post": [-45.68528, -9.18229, 8.51814],
							"lerp_mode": "catmullrom"
						},
						"1.7917": {
							"post": [-45.69, -9.18, 8.52],
							"lerp_mode": "catmullrom"
						},
						"1.9583": {
							"post": [-33.19, -9.18, 8.52],
							"lerp_mode": "catmullrom"
						},
						"2.0833": {
							"post": [0, 0, 0],
							"lerp_mode": "catmullrom"
						},
						"2.1667": {
							"post": [0, 0, 0],
							"lerp_mode": "catmullrom"
						}
					},
					"position": {
						"0.0": {
							"post": [0, 0, 0],
							"lerp_mode": "catmullrom"
						},
						"0.3333": {
							"post": [0, 0, 0],
							"lerp_mode": "catmullrom"
						},
						"1.7917": {
							"post": [0, 0, 0],
							"lerp_mode": "catmullrom"
						},
						"2.0833": {
							"post": [0, 0, 0],
							"lerp_mode": "catmullrom"
						},
						"2.1667": {
							"post": [0, 0, 0],
							"lerp_mode": "catmullrom"
						}
					}
				},
				"Foice": {
					"rotation": {
						"0.0": {
							"post": [0, 0, 0],
							"lerp_mode": "catmullrom"
						},
						"0.5": {
							"post": [-3.20435, 11.54781, 25.52717],
							"lerp_mode": "catmullrom"
						},
						"1.2083": {
							"post": [-3.2, 11.55, 25.53],
							"lerp_mode": "catmullrom"
						},
						"1.2917": {
							"post": [-10.7, 11.55, 25.53],
							"lerp_mode": "catmullrom"
						},
						"1.375": {
							"post": [-15.25724, -12.35126, -9.7458],
							"lerp_mode": "catmullrom"
						},
						"1.7917": {
							"post": [-15.26, -12.35, -9.75],
							"lerp_mode": "catmullrom"
						},
						"2.0833": {
							"post": [0, 0, 0],
							"lerp_mode": "catmullrom"
						},
						"2.1667": {
							"post": [0, 0, 0],
							"lerp_mode": "catmullrom"
						}
					},
					"position": {
						"0.0": {
							"post": [0, 0, 0],
							"lerp_mode": "catmullrom"
						},
						"0.5": {
							"post": [0, -2, 0],
							"lerp_mode": "catmullrom"
						},
						"1.2083": {
							"post": [0, -2, 0],
							"lerp_mode": "catmullrom"
						},
						"1.2917": {
							"post": [-2.0443, 1.05512, -15.46966],
							"lerp_mode": "catmullrom"
						},
						"1.375": {
							"post": [3.20204, 2.97318, -11.31596],
							"lerp_mode": "catmullrom"
						},
						"1.7917": {
							"post": [3.2, 2.97, -11.32],
							"lerp_mode": "catmullrom"
						},
						"2.0833": {
							"post": [0, 0, 0],
							"lerp_mode": "catmullrom"
						},
						"2.1667": {
							"post": [0, 0, 0],
							"lerp_mode": "catmullrom"
						}
					}
				}
			}
		}
	}
}