{
	"format_version": "1.8.0",
	"animations": {
		"animation.player.blue": {
			"animation_length": 3.25,
			"bones": {
				"root": {
					"rotation": {
						"0.0": {
							"post": [0, 0, 0],
							"lerp_mode": "catmullrom"
						},
						"1.0": {
							"post": [0, -67.5, 0],
							"lerp_mode": "catmullrom"
						},
						"1.5": {
							"post": [0, -67.5, 0],
							"lerp_mode": "catmullrom"
						},
						"2.7917": {
							"post": [0, -112.5, 0],
							"lerp_mode": "catmullrom"
						},
						"2.875": {
							"post": [0, -67.5, 0],
							"lerp_mode": "catmullrom"
						},
						"3.25": {
							"post": [0, -67.5, 0],
							"lerp_mode": "catmullrom"
						}
					}
				},
				"head": {
					"rotation": {
						"0.0": {
							"post": [0, 0, 0],
							"lerp_mode": "catmullrom"
						},
						"0.75": {
							"post": [15.97556, 33.60235, 27.35226],
							"lerp_mode": "catmullrom"
						},
						"1.0": {
							"post": [0, 65, 0],
							"lerp_mode": "catmullrom"
						},
						"1.5": {
							"post": [0, 65, 0],
							"lerp_mode": "catmullrom"
						},
						"2.75": {
							"post": [25.69949, 51.06347, 28.11299],
							"lerp_mode": "catmullrom"
						},
						"2.875": {
							"post": [-4.63196, 55.37882, -9.25519],
							"lerp_mode": "catmullrom"
						},
						"3.25": {
							"post": [-4.63, 55.38, -9.26],
							"lerp_mode": "catmullrom"
						}
					}
				},
				"leftArm": {
					"rotation": {
						"0.0": {
							"post": [0, 0, 0],
							"lerp_mode": "catmullrom"
						},
						"1.0": {
							"post": [19.0055, -26.5884, -13.6682],
							"lerp_mode": "catmullrom"
						},
						"1.5": {
							"post": [19.01, -26.59, -13.67],
							"lerp_mode": "catmullrom"
						},
						"2.6667": {
							"post": [-60.99, -26.59, -13.67],
							"lerp_mode": "catmullrom"
						},
						"2.875": {
							"post": [-18.09631, -32.26077, -29.63887],
							"lerp_mode": "catmullrom"
						},
						"3.25": {
							"post": [-18.1, -32.26, -29.64],
							"lerp_mode": "catmullrom"
						}
					}
				},
				"rightArm": {
					"rotation": {
						"0.0": {
							"post": [0, 0, 0],
							"lerp_mode": "catmullrom"
						},
						"0.75": {
							"post": [-1.74798, 68.78408, 79.85738],
							"lerp_mode": "catmullrom"
						},
						"1.0": {
							"post": [-144.48633, 48.2818, 10.98172],
							"lerp_mode": "catmullrom"
						},
						"1.5": {
							"post": [-144.49, 48.28, 10.98],
							"lerp_mode": "catmullrom"
						},
						"2.6667": {
							"post": [-186.23016, 56.47024, -19.28676],
							"lerp_mode": "catmullrom"
						},
						"2.8333": {
							"post": [-98.2375, -46.5177, 10.21237],
							"lerp_mode": "catmullrom"
						},
						"2.875": {
							"post": [-105.0587, 71.1739, -26.27907],
							"lerp_mode": "catmullrom"
						},
						"3.25": {
							"post": [-105.06, 71.17, -26.28],
							"lerp_mode": "catmullrom"
						}
					},
					"position": {
						"0.0": {
							"post": [0, 0, 0],
							"lerp_mode": "catmullrom"
						},
						"0.75": {
							"post": [0, 0.5, 2],
							"lerp_mode": "catmullrom"
						},
						"1.0": {
							"post": [0, -6, 0],
							"lerp_mode": "catmullrom"
						},
						"1.5": {
							"post": [0, -6, 0],
							"lerp_mode": "catmullrom"
						},
						"2.6667": {
							"post": [0, 3, 0],
							"lerp_mode": "catmullrom"
						},
						"2.875": {
							"post": [0, 0, 0],
							"lerp_mode": "catmullrom"
						},
						"3.25": {
							"post": [0, 0, 0],
							"lerp_mode": "catmullrom"
						}
					}
				},
				"leftLeg": {
					"rotation": {
						"0.0": {
							"post": [0, 0, 0],
							"lerp_mode": "catmullrom"
						},
						"1.0": {
							"post": [0, -30, 0],
							"lerp_mode": "catmullrom"
						},
						"1.5": {
							"post": [0, -30, 0],
							"lerp_mode": "catmullrom"
						},
						"2.6667": {
							"post": [0, -30, 0],
							"lerp_mode": "catmullrom"
						},
						"2.875": {
							"post": [5.72511, -29.4987, -11.50839],
							"lerp_mode": "catmullrom"
						},
						"3.25": {
							"post": [5.73, -29.5, -11.51],
							"lerp_mode": "catmullrom"
						}
					}
				},
				"rightLeg": {
					"rotation": {
						"0.0": {
							"post": [0, 0, 0],
							"lerp_mode": "catmullrom"
						},
						"0.75": {
							"post": [0, 38.75, 5.625],
							"lerp_mode": "catmullrom"
						},
						"1.0": {
							"post": [0, 15, 7.5],
							"lerp_mode": "catmullrom"
						},
						"1.5": {
							"post": [0, 15, 7.5],
							"lerp_mode": "catmullrom"
						},
						"2.6667": {
							"post": [0, 15, 7.5],
							"lerp_mode": "catmullrom"
						},
						"2.875": {
							"post": [0, 27.5, 7.5],
							"lerp_mode": "catmullrom"
						},
						"3.25": {
							"post": [0, 27.5, 7.5],
							"lerp_mode": "catmullrom"
						}
					},
					"position": {
						"0.0": {
							"post": [0, 0, 0],
							"lerp_mode": "catmullrom"
						},
						"0.75": {
							"post": [-1, 3, -2],
							"lerp_mode": "catmullrom"
						},
						"1.0": {
							"post": [0, 0, 0],
							"lerp_mode": "catmullrom"
						},
						"1.5": {
							"post": [0, 0, 0],
							"lerp_mode": "catmullrom"
						},
						"2.875": {
							"post": [-1, 0, 0],
							"lerp_mode": "catmullrom"
						},
						"3.25": {
							"post": [-1, 0, 0],
							"lerp_mode": "catmullrom"
						}
					}
				}
			},
			"particle_effects": {
				"0.0": [
					{
						"effect": "bcharges",
						"locator": "p"
					},
					{
						"effect": "bcharges2",
						"locator": "p"
					},
					{
						"effect": "yow",
						"locator": "p"
					}
				]
			}
		}
	}
}