{
	"format_version": "1.8.0",
	"animations": {
		"animation.enemy.broly_hug_kick": {
			"animation_length": 3.375,
			"bones": {
				"waist": {
					"rotation": {
						"0.0": {
							"post": [0, 0, 0],
							"lerp_mode": "catmullrom"
						},
						"0.4167": {
							"post": [0, 0, 0],
							"lerp_mode": "catmullrom"
						},
						"0.5833": {
							"post": [-7.5, 0, 0],
							"lerp_mode": "catmullrom"
						},
						"0.6667": {
							"post": [-17.5, 0, 0],
							"lerp_mode": "catmullrom"
						},
						"0.875": {
							"post": [-25, 0, 0],
							"lerp_mode": "catmullrom"
						},
						"1.0417": {
							"post": [-27.5, 0, 0],
							"lerp_mode": "catmullrom"
						},
						"1.2083": {
							"post": [-10, 0, 0],
							"lerp_mode": "catmullrom"
						},
						"1.3333": {
							"post": [2.5, 0, 0],
							"lerp_mode": "catmullrom"
						},
						"1.4583": {
							"post": [60, 0, 0],
							"lerp_mode": "catmullrom"
						},
						"1.7083": {
							"post": [72.5, 0, 0],
							"lerp_mode": "catmullrom"
						},
						"2.0": {
							"post": [110, 0, 0],
							"lerp_mode": "catmullrom"
						},
						"2.1667": {
							"post": [112.5, 0, 0],
							"lerp_mode": "catmullrom"
						},
						"2.25": {
							"post": [47.5, 0, 0],
							"lerp_mode": "catmullrom"
						},
						"2.375": {
							"post": [-50, 0, 0],
							"lerp_mode": "catmullrom"
						},
						"2.4583": {
							"post": [-75, 0, 0],
							"lerp_mode": "catmullrom"
						},
						"2.75": {
							"post": [-240, 0, 0],
							"lerp_mode": "catmullrom"
						},
						"2.9583": {
							"post": [-282.5, 0, 0],
							"lerp_mode": "catmullrom"
						},
						"3.1667": {
							"post": [-282.5, 0, 0],
							"lerp_mode": "catmullrom"
						},
						"3.375": {
							"post": [-360, 0, 0],
							"lerp_mode": "catmullrom"
						}
					},
					"position": {
						"0.0": {
							"post": [0, 0, 0],
							"lerp_mode": "catmullrom"
						},
						"0.4167": {
							"post": [0, 0, 0],
							"lerp_mode": "catmullrom"
						},
						"0.6667": {
							"post": [0, 0, -6],
							"lerp_mode": "catmullrom"
						},
						"0.875": {
							"post": [0, 2, -4],
							"lerp_mode": "catmullrom"
						},
						"1.0417": {
							"post": [0, 2, -4],
							"lerp_mode": "catmullrom"
						},
						"1.2083": {
							"post": [0, 5, -6],
							"lerp_mode": "catmullrom"
						},
						"1.3333": {
							"post": [0, 5, -6],
							"lerp_mode": "catmullrom"
						},
						"1.4583": {
							"post": [0, 26, -6],
							"lerp_mode": "catmullrom"
						},
						"1.7083": {
							"post": [0, 29, -6],
							"lerp_mode": "catmullrom"
						},
						"2.0": {
							"post": [0, 33, -6],
							"lerp_mode": "catmullrom"
						},
						"2.1667": {
							"post": [0, 32, -6],
							"lerp_mode": "catmullrom"
						},
						"2.25": {
							"post": [0, 25, -14],
							"lerp_mode": "catmullrom"
						},
						"2.375": {
							"post": [0, 25, -10],
							"lerp_mode": "catmullrom"
						},
						"2.4583": {
							"post": [0, 13, -10],
							"lerp_mode": "catmullrom"
						},
						"2.75": {
							"post": [0, 13, -10],
							"lerp_mode": "catmullrom"
						},
						"2.9583": {
							"post": [0, 5, -10],
							"lerp_mode": "catmullrom"
						},
						"3.1667": {
							"post": [0, 5, -10],
							"lerp_mode": "catmullrom"
						},
						"3.375": {
							"post": [0, 0, 0],
							"lerp_mode": "catmullrom"
						}
					}
				},
				"rightarm": {
					"rotation": {
						"0.0": {
							"post": [0, 0, 0],
							"lerp_mode": "catmullrom"
						},
						"0.4167": {
							"post": [0, 0, 0],
							"lerp_mode": "catmullrom"
						},
						"0.5833": {
							"post": [10, 0, 10],
							"lerp_mode": "catmullrom"
						},
						"0.75": {
							"post": [-32.40109, 2.68407, 14.22005],
							"lerp_mode": "catmullrom"
						},
						"0.875": {
							"post": [10.09891, 2.68407, 14.22005],
							"lerp_mode": "catmullrom"
						},
						"1.0417": {
							"post": [20.09891, 2.68407, 14.22005],
							"lerp_mode": "catmullrom"
						},
						"1.2083": {
							"post": [27.47254, 3.83997, 11.99968],
							"lerp_mode": "catmullrom"
						},
						"1.3333": {
							"post": [12.47254, 3.83997, 11.99968],
							"lerp_mode": "catmullrom"
						},
						"1.4167": {
							"post": [-55.02746, 3.83997, 11.99968],
							"lerp_mode": "catmullrom"
						},
						"1.7083": {
							"post": [-19.21995, 12.00078, 17.83999],
							"lerp_mode": "catmullrom"
						},
						"2.0": {
							"post": [-76.71995, 12.00078, 17.83999],
							"lerp_mode": "catmullrom"
						},
						"2.1667": {
							"post": [-6.71995, 12.00078, 17.83999],
							"lerp_mode": "catmullrom"
						},
						"2.25": {
							"post": [40.78005, 12.00078, 17.83999],
							"lerp_mode": "catmullrom"
						},
						"2.5833": {
							"post": [-46.71995, 12.00078, 17.83999],
							"lerp_mode": "catmullrom"
						},
						"2.875": {
							"post": [10.78005, 12.00078, 17.83999],
							"lerp_mode": "catmullrom"
						},
						"3.1667": {
							"post": [10.78, 12, 17.84],
							"lerp_mode": "catmullrom"
						},
						"3.375": {
							"post": [0, 0, 0],
							"lerp_mode": "catmullrom"
						}
					},
					"position": {
						"0.0": {
							"post": [0, 0, 0],
							"lerp_mode": "catmullrom"
						},
						"0.4167": {
							"post": [0, 0, 0],
							"lerp_mode": "catmullrom"
						},
						"1.2083": {
							"post": [0, -1, 1],
							"lerp_mode": "catmullrom"
						},
						"1.4167": {
							"post": [0, -1, -2],
							"lerp_mode": "catmullrom"
						},
						"1.7083": {
							"post": [0, -1, 2],
							"lerp_mode": "catmullrom"
						},
						"2.0": {
							"post": [0, 0, 0],
							"lerp_mode": "catmullrom"
						},
						"2.1667": {
							"post": [0, 0, 3],
							"lerp_mode": "catmullrom"
						},
						"2.5833": {
							"post": [0, -1, 0],
							"lerp_mode": "catmullrom"
						},
						"2.875": {
							"post": [0, -1, 1],
							"lerp_mode": "catmullrom"
						},
						"2.9583": {
							"post": [0, -2, 2],
							"lerp_mode": "catmullrom"
						},
						"3.1667": {
							"post": [0, -2, 2],
							"lerp_mode": "catmullrom"
						},
						"3.375": {
							"post": [0, 0, 0],
							"lerp_mode": "catmullrom"
						}
					}
				},
				"leftarm": {
					"rotation": {
						"0.0": {
							"post": [0, 0, 0],
							"lerp_mode": "catmullrom"
						},
						"0.4167": {
							"post": [0, 0, 0],
							"lerp_mode": "catmullrom"
						},
						"0.5833": {
							"post": [7.5, 0, -17.5],
							"lerp_mode": "catmullrom"
						},
						"0.75": {
							"post": [-37.5, 0, -17.5],
							"lerp_mode": "catmullrom"
						},
						"0.875": {
							"post": [17.5, 0, -17.5],
							"lerp_mode": "catmullrom"
						},
						"1.0417": {
							"post": [12.5, 0, -17.5],
							"lerp_mode": "catmullrom"
						},
						"1.2083": {
							"post": [27.41063, -2.30644, -13.06255],
							"lerp_mode": "catmullrom"
						},
						"1.3333": {
							"post": [12.41063, -2.30644, -13.06255],
							"lerp_mode": "catmullrom"
						},
						"1.4167": {
							"post": [-47.58937, -2.30644, -13.06255],
							"lerp_mode": "catmullrom"
						},
						"1.7083": {
							"post": [-12.73641, -16.86611, -27.01048],
							"lerp_mode": "catmullrom"
						},
						"2.0": {
							"post": [-55.23641, -16.86611, -27.01048],
							"lerp_mode": "catmullrom"
						},
						"2.1667": {
							"post": [-7.73641, -16.86611, -27.01048],
							"lerp_mode": "catmullrom"
						},
						"2.25": {
							"post": [49.76359, -16.86611, -27.01048],
							"lerp_mode": "catmullrom"
						},
						"2.5833": {
							"post": [-35.11756, -6.90706, -15.53064],
							"lerp_mode": "catmullrom"
						},
						"2.875": {
							"post": [9.88244, -6.90706, -15.53064],
							"lerp_mode": "catmullrom"
						},
						"3.1667": {
							"post": [9.88, -6.91, -15.53],
							"lerp_mode": "catmullrom"
						},
						"3.375": {
							"post": [0, 0, 0],
							"lerp_mode": "catmullrom"
						}
					},
					"position": {
						"0.0": {
							"post": [0, 0, 0],
							"lerp_mode": "catmullrom"
						},
						"0.4167": {
							"post": [0, 0, 0],
							"lerp_mode": "catmullrom"
						},
						"1.2083": {
							"post": [0, -1, 1],
							"lerp_mode": "catmullrom"
						},
						"1.3333": {
							"post": [0, -1, 1],
							"lerp_mode": "catmullrom"
						},
						"1.4167": {
							"post": [0, -1, -2],
							"lerp_mode": "catmullrom"
						},
						"1.7083": {
							"post": [0, -1, 1],
							"lerp_mode": "catmullrom"
						},
						"2.0": {
							"post": [0, -1, -1],
							"lerp_mode": "catmullrom"
						},
						"2.1667": {
							"post": [0, -1, 2],
							"lerp_mode": "catmullrom"
						},
						"2.5833": {
							"post": [0, -1, 0],
							"lerp_mode": "catmullrom"
						},
						"2.875": {
							"post": [0, -1, 1],
							"lerp_mode": "catmullrom"
						},
						"2.9583": {
							"post": [0, -2, 2],
							"lerp_mode": "catmullrom"
						},
						"3.1667": {
							"post": [0, -2, 2],
							"lerp_mode": "catmullrom"
						},
						"3.375": {
							"post": [0, 0, 0],
							"lerp_mode": "catmullrom"
						}
					}
				},
				"head": {
					"rotation": {
						"0.0": {
							"post": [0, 0, 0],
							"lerp_mode": "catmullrom"
						},
						"0.4167": {
							"post": [0, 0, 0],
							"lerp_mode": "catmullrom"
						},
						"0.5833": {
							"post": [2.5, 0, 0],
							"lerp_mode": "catmullrom"
						},
						"0.6667": {
							"post": [-59.43607, -17.94973, 27.55814],
							"lerp_mode": "catmullrom"
						},
						"0.875": {
							"post": [-55.02563, 1.43364, -2.04831],
							"lerp_mode": "catmullrom"
						},
						"1.0417": {
							"post": [-27.52563, 1.43364, -2.04831],
							"lerp_mode": "catmullrom"
						},
						"1.2083": {
							"post": [-37.52563, 1.43364, -2.04831],
							"lerp_mode": "catmullrom"
						},
						"1.4167": {
							"post": [27.47437, 1.43364, -2.04831],
							"lerp_mode": "catmullrom"
						},
						"1.7083": {
							"post": [2.47437, 1.43364, -2.04831],
							"lerp_mode": "catmullrom"
						},
						"2.0": {
							"post": [27.47437, 1.43364, -2.04831],
							"lerp_mode": "catmullrom"
						},
						"2.1667": {
							"post": [12.47437, 1.43364, -2.04831],
							"lerp_mode": "catmullrom"
						},
						"2.25": {
							"post": [-45.02563, 1.43364, -2.04831],
							"lerp_mode": "catmullrom"
						},
						"3.1667": {
							"post": [-45.03, 1.43, -2.05],
							"lerp_mode": "catmullrom"
						},
						"3.375": {
							"post": [0, 0, 0],
							"lerp_mode": "catmullrom"
						}
					},
					"position": {
						"0.0": {
							"post": [0, 0, 0],
							"lerp_mode": "catmullrom"
						},
						"0.4167": {
							"post": [0, 0, 0],
							"lerp_mode": "catmullrom"
						},
						"3.1667": {
							"post": [0, 0, 0],
							"lerp_mode": "catmullrom"
						},
						"3.375": {
							"post": [0, 0, 0],
							"lerp_mode": "catmullrom"
						}
					}
				},
				"leftleg": {
					"rotation": {
						"0.0": {
							"post": [0, 0, 0],
							"lerp_mode": "catmullrom"
						},
						"0.4167": {
							"post": [0, 0, 0],
							"lerp_mode": "catmullrom"
						},
						"0.5833": {
							"post": [0, -2.5, 0],
							"lerp_mode": "catmullrom"
						},
						"0.6667": {
							"post": [7.8178, -1.16391, -9.91565],
							"lerp_mode": "catmullrom"
						},
						"0.875": {
							"post": [7.6011, -2.17145, -2.48038],
							"lerp_mode": "catmullrom"
						},
						"1.0417": {
							"post": [0.38892, -0.48029, -14.86923],
							"lerp_mode": "catmullrom"
						},
						"1.2083": {
							"post": [10.24024, -1.82505, -7.48911],
							"lerp_mode": "catmullrom"
						},
						"1.3333": {
							"post": [12.74024, -1.82505, -7.48911],
							"lerp_mode": "catmullrom"
						},
						"1.4583": {
							"post": [3.27894, 7.67673, 2.99913],
							"lerp_mode": "catmullrom"
						},
						"1.6667": {
							"post": [45.77894, 7.67673, 2.99913],
							"lerp_mode": "catmullrom"
						},
						"1.7917": {
							"post": [111.09457, 12.347, 4.81295],
							"lerp_mode": "catmullrom"
						},
						"2.0": {
							"post": [118.59457, 12.347, 4.81295],
							"lerp_mode": "catmullrom"
						},
						"2.1667": {
							"post": [88.59457, 12.347, 4.81295],
							"lerp_mode": "catmullrom"
						},
						"2.25": {
							"post": [98.59457, 12.347, 4.81295],
							"lerp_mode": "catmullrom"
						},
						"2.375": {
							"post": [-46.57049, -11.52456, -17.40425],
							"lerp_mode": "catmullrom"
						},
						"2.4583": {
							"post": [-53.84351, -15.66878, -1.85463],
							"lerp_mode": "catmullrom"
						},
						"2.75": {
							"post": [-272.88149, 0.69328, 9.78786],
							"lerp_mode": "catmullrom"
						},
						"3.1667": {
							"post": [-272.88, 0.69, 9.79],
							"lerp_mode": "catmullrom"
						},
						"3.375": {
							"post": [-360, 0, 0],
							"lerp_mode": "catmullrom"
						}
					},
					"position": {
						"0.0": {
							"post": [0, 0, 0],
							"lerp_mode": "catmullrom"
						},
						"0.4167": {
							"post": [0, 0, 0],
							"lerp_mode": "catmullrom"
						},
						"0.6667": {
							"post": [0, 0, -5],
							"lerp_mode": "catmullrom"
						},
						"0.875": {
							"post": [0, 2, -5],
							"lerp_mode": "catmullrom"
						},
						"1.0417": {
							"post": [0, 2, -5],
							"lerp_mode": "catmullrom"
						},
						"1.2083": {
							"post": [0, 5, -5],
							"lerp_mode": "catmullrom"
						},
						"1.3333": {
							"post": [0, 5, -6],
							"lerp_mode": "catmullrom"
						},
						"1.4583": {
							"post": [0, 26, -6],
							"lerp_mode": "catmullrom"
						},
						"1.6667": {
							"post": [0, 29, -5],
							"lerp_mode": "catmullrom"
						},
						"1.7917": {
							"post": [0, 31, -5],
							"lerp_mode": "catmullrom"
						},
						"2.0": {
							"post": [0, 33, -5],
							"lerp_mode": "catmullrom"
						},
						"2.1667": {
							"post": [0, 31, -5],
							"lerp_mode": "catmullrom"
						},
						"2.25": {
							"post": [0, 25, -12],
							"lerp_mode": "catmullrom"
						},
						"2.375": {
							"post": [0, 25, -10],
							"lerp_mode": "catmullrom"
						},
						"2.4583": {
							"post": [0, 14, -11],
							"lerp_mode": "catmullrom"
						},
						"2.75": {
							"post": [0, 14, -9],
							"lerp_mode": "catmullrom"
						},
						"2.9583": {
							"post": [0, 6, -9],
							"lerp_mode": "catmullrom"
						},
						"3.1667": {
							"post": [0, 6, -9],
							"lerp_mode": "catmullrom"
						},
						"3.375": {
							"post": [0, 0, 0],
							"lerp_mode": "catmullrom"
						}
					}
				},
				"rightleg": {
					"rotation": {
						"0.0": {
							"post": [0, 0, 0],
							"lerp_mode": "catmullrom"
						},
						"0.4167": {
							"post": [0, 0, 0],
							"lerp_mode": "catmullrom"
						},
						"0.5833": {
							"post": [0, 2.5, 0],
							"lerp_mode": "catmullrom"
						},
						"0.6667": {
							"post": [15.19268, 0.54407, 7.24338],
							"lerp_mode": "catmullrom"
						},
						"0.875": {
							"post": [15, 2.5, 0],
							"lerp_mode": "catmullrom"
						},
						"1.0417": {
							"post": [5, 2.5, 0],
							"lerp_mode": "catmullrom"
						},
						"1.2083": {
							"post": [15.15598, 1.19856, 4.83028],
							"lerp_mode": "catmullrom"
						},
						"1.3333": {
							"post": [22.65598, 1.19856, 4.83028],
							"lerp_mode": "catmullrom"
						},
						"1.4583": {
							"post": [-4.72414, -4.2052, 0.26812],
							"lerp_mode": "catmullrom"
						},
						"1.6667": {
							"post": [67.77586, -4.2052, 0.26812],
							"lerp_mode": "catmullrom"
						},
						"1.7917": {
							"post": [95.33014, -9.18382, -0.19702],
							"lerp_mode": "catmullrom"
						},
						"2.0": {
							"post": [107.83014, -9.18382, -0.19702],
							"lerp_mode": "catmullrom"
						},
						"2.1667": {
							"post": [92.83014, -9.18382, -0.19702],
							"lerp_mode": "catmullrom"
						},
						"2.25": {
							"post": [92.83014, -9.18382, -0.19702],
							"lerp_mode": "catmullrom"
						},
						"2.375": {
							"post": [-78.99483, 14.58826, 13.74514],
							"lerp_mode": "catmullrom"
						},
						"2.4583": {
							"post": [-96.49483, 14.58826, 13.74514],
							"lerp_mode": "catmullrom"
						},
						"2.75": {
							"post": [-241.52598, -2.90917, 13.44251],
							"lerp_mode": "catmullrom"
						},
						"3.1667": {
							"post": [-241.53, -2.91, 13.44],
							"lerp_mode": "catmullrom"
						},
						"3.375": {
							"post": [-360, 0, 0],
							"lerp_mode": "catmullrom"
						}
					},
					"position": {
						"0.0": {
							"post": [0, 0, 0],
							"lerp_mode": "catmullrom"
						},
						"0.4167": {
							"post": [0, 0, 0],
							"lerp_mode": "catmullrom"
						},
						"0.6667": {
							"post": [0, 0, -5],
							"lerp_mode": "catmullrom"
						},
						"0.875": {
							"post": [0, 2, -5],
							"lerp_mode": "catmullrom"
						},
						"1.0417": {
							"post": [0, 2, -5],
							"lerp_mode": "catmullrom"
						},
						"1.2083": {
							"post": [0, 5, -5],
							"lerp_mode": "catmullrom"
						},
						"1.3333": {
							"post": [0, 5, -6],
							"lerp_mode": "catmullrom"
						},
						"1.4583": {
							"post": [0, 26, -6],
							"lerp_mode": "catmullrom"
						},
						"1.6667": {
							"post": [0, 29, -5],
							"lerp_mode": "catmullrom"
						},
						"1.7917": {
							"post": [0, 30, -5],
							"lerp_mode": "catmullrom"
						},
						"2.0": {
							"post": [0, 31, -5],
							"lerp_mode": "catmullrom"
						},
						"2.1667": {
							"post": [0, 31, -5],
							"lerp_mode": "catmullrom"
						},
						"2.25": {
							"post": [0, 25, -13],
							"lerp_mode": "catmullrom"
						},
						"2.375": {
							"post": [0, 25, -11],
							"lerp_mode": "catmullrom"
						},
						"2.4583": {
							"post": [0, 13, -11],
							"lerp_mode": "catmullrom"
						},
						"2.75": {
							"post": [0, 14, -9],
							"lerp_mode": "catmullrom"
						},
						"2.9583": {
							"post": [0, 6, -9],
							"lerp_mode": "catmullrom"
						},
						"3.1667": {
							"post": [0, 6, -9],
							"lerp_mode": "catmullrom"
						},
						"3.375": {
							"post": [0, 0, 0],
							"lerp_mode": "catmullrom"
						}
					}
				}
			}
		}
	}
}