{
	"format_version": "1.8.0",
	"animations": {
		"animation.enemy.vegetto_rush": {
			"animation_length": 4.1667,
			"bones": {
				"root": {
					"scale": {
						"0.0": {
							"post": [1, 1, 1],
							"lerp_mode": "catmullrom"
						},
						"0.75": {
							"post": [1, 1, 1],
							"lerp_mode": "catmullrom"
						},
						"0.8333": {
							"post": [1.5, 0.7, 1.9],
							"lerp_mode": "catmullrom"
						},
						"0.9583": {
							"post": [1, 1, 1],
							"lerp_mode": "catmullrom"
						},
						"1.375": {
							"post": [1, 1, 1],
							"lerp_mode": "catmullrom"
						},
						"1.4583": {
							"post": [1.2, 0.8, 1.4],
							"lerp_mode": "catmullrom"
						},
						"1.625": {
							"post": [1, 1, 1],
							"lerp_mode": "catmullrom"
						},
						"1.7917": {
							"post": [1, 1, 1],
							"lerp_mode": "catmullrom"
						},
						"1.875": {
							"post": [1.2, 0.8, 1.6],
							"lerp_mode": "catmullrom"
						},
						"2.0": {
							"post": [1, 1, 1],
							"lerp_mode": "catmullrom"
						},
						"2.25": {
							"post": [1, 1, 1],
							"lerp_mode": "catmullrom"
						},
						"2.3333": {
							"post": [1.2, 0.8, 1.4],
							"lerp_mode": "catmullrom"
						},
						"2.4583": {
							"post": [1, 1, 1],
							"lerp_mode": "catmullrom"
						},
						"2.5417": {
							"post": [1.1, 0.9, 1.2],
							"lerp_mode": "catmullrom"
						},
						"2.6667": {
							"post": [1, 1, 1],
							"lerp_mode": "catmullrom"
						},
						"3.2083": {
							"post": [1, 1, 1],
							"lerp_mode": "catmullrom"
						},
						"3.2917": {
							"post": [1.2, 0.7, 1.5],
							"lerp_mode": "catmullrom"
						},
						"3.5833": {
							"post": [1, 1, 1],
							"lerp_mode": "catmullrom"
						},
						"4.0": {
							"post": [1, 1, 1],
							"lerp_mode": "catmullrom"
						},
						"4.0833": {
							"post": [1, 1, 1.2],
							"lerp_mode": "catmullrom"
						},
						"4.1667": {
							"post": [1, 1, 1],
							"lerp_mode": "catmullrom"
						}
					}
				},
				"Waist": {
					"rotation": {
						"0.0": {
							"post": [0, 0, 0],
							"lerp_mode": "catmullrom"
						},
						"0.5833": {
							"post": [-2.5, 0, 0],
							"lerp_mode": "catmullrom"
						},
						"0.7083": {
							"post": [7.85952, 17.34551, 2.35666],
							"lerp_mode": "catmullrom"
						},
						"0.8333": {
							"post": [-2.99554, -14.56303, 19.39048],
							"lerp_mode": "catmullrom"
						},
						"1.0417": {
							"post": [8.05019, -22.60476, 15.36982],
							"lerp_mode": "catmullrom"
						},
						"1.2083": {
							"post": [11.98619, -20.85983, 4.76715],
							"lerp_mode": "catmullrom"
						},
						"1.375": {
							"post": [-13.01381, -20.85983, 4.76715],
							"lerp_mode": "catmullrom"
						},
						"1.4583": {
							"post": [23.0611, -31.89369, 15.37963],
							"lerp_mode": "catmullrom"
						},
						"1.5833": {
							"post": [14.43983, -28.78865, -5.48191],
							"lerp_mode": "catmullrom"
						},
						"1.7083": {
							"post": [-19.73626, -28.8966, -2.83128],
							"lerp_mode": "catmullrom"
						},
						"1.7917": {
							"post": [5.38974, -42.9345, -22.46396],
							"lerp_mode": "catmullrom"
						},
						"1.875": {
							"post": [-21.75801, -43.49663, 27.09649],
							"lerp_mode": "catmullrom"
						},
						"2.0417": {
							"post": [-23.80447, -52.64087, 33.18578],
							"lerp_mode": "catmullrom"
						},
						"2.2917": {
							"post": [-20.41779, -49.96231, 22.44837],
							"lerp_mode": "catmullrom"
						},
						"2.3333": {
							"post": [-14.79038, -28.46562, 13.71341],
							"lerp_mode": "catmullrom"
						},
						"2.4167": {
							"post": [-14.06805, 22.59259, 1.04173],
							"lerp_mode": "catmullrom"
						},
						"2.5": {
							"post": [-14.64696, 27.43667, -0.32606],
							"lerp_mode": "catmullrom"
						},
						"2.5417": {
							"post": [-31.46507, 14.83843, 8.42951],
							"lerp_mode": "catmullrom"
						},
						"2.6667": {
							"post": [-19.19977, 17.2011, 7.57923],
							"lerp_mode": "catmullrom"
						},
						"2.8333": {
							"post": [-20.01899, 7.1771, -4.9259],
							"lerp_mode": "catmullrom"
						},
						"2.9583": {
							"post": [-2.51899, 7.1771, -4.9259],
							"lerp_mode": "catmullrom"
						},
						"3.125": {
							"post": [15.76163, -4.12305, -0.28617],
							"lerp_mode": "catmullrom"
						},
						"3.2083": {
							"post": [23.26163, -4.12305, -0.28617],
							"lerp_mode": "catmullrom"
						},
						"3.2917": {
							"post": [45.80482, 1.20429, -1.98009],
							"lerp_mode": "catmullrom"
						},
						"3.8333": {
							"post": [53.30482, 1.20429, -1.98009],
							"lerp_mode": "catmullrom"
						},
						"3.9583": {
							"post": [13.30482, 1.20429, -1.98009],
							"lerp_mode": "catmullrom"
						},
						"4.0833": {
							"post": [-11.69518, 1.20429, -1.98009],
							"lerp_mode": "catmullrom"
						},
						"4.1667": {
							"post": [0.85658, 1.16804, 0.52018],
							"lerp_mode": "catmullrom"
						}
					},
					"position": {
						"0.0": {
							"post": [0, 0, 0],
							"lerp_mode": "catmullrom"
						},
						"0.7083": {
							"post": [0, 0, 0],
							"lerp_mode": "catmullrom"
						},
						"0.875": {
							"post": [1, 0, 0],
							"lerp_mode": "catmullrom"
						},
						"1.2083": {
							"post": [1, 0, 1],
							"lerp_mode": "catmullrom"
						},
						"1.7083": {
							"post": [1, 0, 1],
							"lerp_mode": "catmullrom"
						},
						"1.7917": {
							"post": [2, 0, 1],
							"lerp_mode": "catmullrom"
						},
						"1.9583": {
							"post": [3, 0, 1],
							"lerp_mode": "catmullrom"
						},
						"2.1667": {
							"post": [3, 0, 3],
							"lerp_mode": "catmullrom"
						},
						"2.2917": {
							"post": [3, 0, 3],
							"lerp_mode": "catmullrom"
						},
						"2.6667": {
							"post": [3, 0, 3],
							"lerp_mode": "catmullrom"
						},
						"2.8333": {
							"post": [3, 0, 7],
							"lerp_mode": "catmullrom"
						},
						"3.125": {
							"post": [2, 0, 7],
							"lerp_mode": "catmullrom"
						},
						"3.2917": {
							"post": [0, 1, 9],
							"lerp_mode": "catmullrom"
						},
						"3.8333": {
							"post": [0, 1, 9],
							"lerp_mode": "catmullrom"
						},
						"4.1667": {
							"post": [0, 0, 0],
							"lerp_mode": "catmullrom"
						}
					}
				},
				"rightarm": {
					"rotation": {
						"0.0": {
							"post": [0, 0, 0],
							"lerp_mode": "catmullrom"
						},
						"0.5833": {
							"post": [2.5, 0, 4.94571],
							"lerp_mode": "catmullrom"
						},
						"0.7083": {
							"post": [-22.42287, 1.91134, 9.56683],
							"lerp_mode": "catmullrom"
						},
						"0.8333": {
							"post": [-56.56998, -38.71803, 31.10088],
							"lerp_mode": "catmullrom"
						},
						"1.0417": {
							"post": [-30.44366, -27.63255, 26.32675],
							"lerp_mode": "catmullrom"
						},
						"1.375": {
							"post": [18.13196, -1.14256, 17.1338],
							"lerp_mode": "catmullrom"
						},
						"1.4583": {
							"post": [-22.4943, 19.4272, 57.93514],
							"lerp_mode": "catmullrom"
						},
						"1.5833": {
							"post": [-40.10458, -17.54732, 51.56611],
							"lerp_mode": "catmullrom"
						},
						"1.7083": {
							"post": [-19.113, -26.59078, 29.27985],
							"lerp_mode": "catmullrom"
						},
						"1.7917": {
							"post": [7.37388, 9.16112, 87.85064],
							"lerp_mode": "catmullrom"
						},
						"1.875": {
							"post": [45.57917, 7.40236, 18.11103],
							"lerp_mode": "catmullrom"
						},
						"2.0417": {
							"post": [10.22105, -18.97102, 13.02163],
							"lerp_mode": "catmullrom"
						},
						"2.1667": {
							"post": [-17.58229, -25.48888, -12.94314],
							"lerp_mode": "catmullrom"
						},
						"2.2917": {
							"post": [-25.11778, -18.12695, 7.12082],
							"lerp_mode": "catmullrom"
						},
						"2.4167": {
							"post": [-45.11778, -18.12695, 7.12082],
							"lerp_mode": "catmullrom"
						},
						"2.5": {
							"post": [-12.61778, -18.12695, 7.12082],
							"lerp_mode": "catmullrom"
						},
						"2.5833": {
							"post": [-45.11778, -18.12695, 7.12082],
							"lerp_mode": "catmullrom"
						},
						"2.6667": {
							"post": [-45.12, -18.13, 7.12],
							"lerp_mode": "catmullrom"
						},
						"2.8333": {
							"post": [8.97156, -23.33601, 30.55751],
							"lerp_mode": "catmullrom"
						},
						"2.9583": {
							"post": [-6.61412, -8.81414, 13.28377],
							"lerp_mode": "catmullrom"
						},
						"3.125": {
							"post": [-19.11412, -8.81414, 13.28377],
							"lerp_mode": "catmullrom"
						},
						"3.2083": {
							"post": [-24.11412, -8.81414, 13.28377],
							"lerp_mode": "catmullrom"
						},
						"3.2917": {
							"post": [-126.67437, 9.32157, -0.08958],
							"lerp_mode": "catmullrom"
						},
						"3.8333": {
							"post": [-149.17437, 9.32157, -0.08958],
							"lerp_mode": "catmullrom"
						},
						"3.9583": {
							"post": [-94.17437, 9.32157, -0.08958],
							"lerp_mode": "catmullrom"
						},
						"4.0833": {
							"post": [1.48194, 9.69122, 17.42925],
							"lerp_mode": "catmullrom"
						},
						"4.1667": {
							"post": [-0.54301, -2.74545, 2.38893],
							"lerp_mode": "catmullrom"
						}
					},
					"position": {
						"0.0": {
							"post": [0, 0, 0],
							"lerp_mode": "catmullrom"
						},
						"1.4583": {
							"post": [-1, 1, 0],
							"lerp_mode": "catmullrom"
						},
						"1.5833": {
							"post": [-1, 1, 1],
							"lerp_mode": "catmullrom"
						},
						"1.7083": {
							"post": [-1, 1, 1],
							"lerp_mode": "catmullrom"
						},
						"1.875": {
							"post": [-1, 1, 3],
							"lerp_mode": "catmullrom"
						},
						"2.0417": {
							"post": [-1, 1, -1],
							"lerp_mode": "catmullrom"
						},
						"2.1667": {
							"post": [-1, -1, -1],
							"lerp_mode": "catmullrom"
						},
						"2.2917": {
							"post": [-1, -1, -1],
							"lerp_mode": "catmullrom"
						},
						"2.5833": {
							"post": [-1, -1, -3],
							"lerp_mode": "catmullrom"
						},
						"2.6667": {
							"post": [-1, -1, -3],
							"lerp_mode": "catmullrom"
						},
						"2.8333": {
							"post": [-1, 0, 0],
							"lerp_mode": "catmullrom"
						},
						"3.125": {
							"post": [0, 0, 0],
							"lerp_mode": "catmullrom"
						},
						"3.2917": {
							"post": [0, 1, -3],
							"lerp_mode": "catmullrom"
						},
						"3.8333": {
							"post": [0, 4, -4],
							"lerp_mode": "catmullrom"
						},
						"3.9583": {
							"post": [0, -1, -3],
							"lerp_mode": "catmullrom"
						},
						"4.0833": {
							"post": [0, 0, 2],
							"lerp_mode": "catmullrom"
						},
						"4.1667": {
							"post": [0, 0, 0],
							"lerp_mode": "catmullrom"
						}
					}
				},
				"leftarm": {
					"rotation": {
						"0.0": {
							"post": [0, 0, 0],
							"lerp_mode": "catmullrom"
						},
						"0.5833": {
							"post": [0, 0, -2.5],
							"lerp_mode": "catmullrom"
						},
						"0.7083": {
							"post": [-28.06681, 11.06861, -8.34485],
							"lerp_mode": "catmullrom"
						},
						"0.8333": {
							"post": [-22.48241, -1.2117, -30.2457],
							"lerp_mode": "catmullrom"
						},
						"1.0417": {
							"post": [-15.96053, -0.52492, -27.84159],
							"lerp_mode": "catmullrom"
						},
						"1.375": {
							"post": [14.03947, -0.52492, -27.84159],
							"lerp_mode": "catmullrom"
						},
						"1.4583": {
							"post": [-23.46053, -0.52492, -27.84159],
							"lerp_mode": "catmullrom"
						},
						"1.5833": {
							"post": [-16.1125, 7.42045, -24.97207],
							"lerp_mode": "catmullrom"
						},
						"1.7083": {
							"post": [2.35, 7.18, -17.41],
							"lerp_mode": "catmullrom"
						},
						"1.7917": {
							"post": [-76.92332, 55.67649, -40.00559],
							"lerp_mode": "catmullrom"
						},
						"1.875": {
							"post": [-52.65, 7.18, -17.41],
							"lerp_mode": "catmullrom"
						},
						"2.0417": {
							"post": [29.85, 7.18, -17.41],
							"lerp_mode": "catmullrom"
						},
						"2.1667": {
							"post": [-13.46186, 5.48339, -24.76076],
							"lerp_mode": "catmullrom"
						},
						"2.2917": {
							"post": [-3.46186, 5.48339, -24.76076],
							"lerp_mode": "catmullrom"
						},
						"2.4167": {
							"post": [-30.96186, 5.48339, -24.76076],
							"lerp_mode": "catmullrom"
						},
						"2.5": {
							"post": [4.03814, 5.48339, -24.76076],
							"lerp_mode": "catmullrom"
						},
						"2.5833": {
							"post": [-33.46186, 5.48339, -24.76076],
							"lerp_mode": "catmullrom"
						},
						"2.6667": {
							"post": [-33.46, 5.48, -24.76],
							"lerp_mode": "catmullrom"
						},
						"2.8333": {
							"post": [29.04, 5.48, -24.76],
							"lerp_mode": "catmullrom"
						},
						"2.9583": {
							"post": [2.81086, 6.09846, -12.21099],
							"lerp_mode": "catmullrom"
						},
						"3.125": {
							"post": [-24.68914, 6.09846, -12.21099],
							"lerp_mode": "catmullrom"
						},
						"3.2917": {
							"post": [-132.63332, -12.07349, -3.81049],
							"lerp_mode": "catmullrom"
						},
						"3.8333": {
							"post": [-142.63332, -12.07349, -3.81049],
							"lerp_mode": "catmullrom"
						},
						"3.9583": {
							"post": [-70.13332, -12.07349, -3.81049],
							"lerp_mode": "catmullrom"
						},
						"4.0833": {
							"post": [-2.03472, -30.33295, -13.82704],
							"lerp_mode": "catmullrom"
						},
						"4.1667": {
							"post": [0.3549, -0.2141, -0.0357],
							"lerp_mode": "catmullrom"
						}
					},
					"position": {
						"0.0": {
							"post": [0, 0, 0],
							"lerp_mode": "catmullrom"
						},
						"1.5833": {
							"post": [0, 0, 1],
							"lerp_mode": "catmullrom"
						},
						"1.7083": {
							"post": [0, 0, 1],
							"lerp_mode": "catmullrom"
						},
						"1.7917": {
							"post": [0, -0.67, -3],
							"lerp_mode": "catmullrom"
						},
						"1.875": {
							"post": [0, -1, -2],
							"lerp_mode": "catmullrom"
						},
						"2.0417": {
							"post": [0, -1, 2],
							"lerp_mode": "catmullrom"
						},
						"2.1667": {
							"post": [0, -1, 0],
							"lerp_mode": "catmullrom"
						},
						"2.2917": {
							"post": [0, -1, 0],
							"lerp_mode": "catmullrom"
						},
						"2.4167": {
							"post": [0, -1, -1.86],
							"lerp_mode": "catmullrom"
						},
						"2.5": {
							"post": [0, -1, 1.07],
							"lerp_mode": "catmullrom"
						},
						"2.5833": {
							"post": [0, -1, -2],
							"lerp_mode": "catmullrom"
						},
						"2.6667": {
							"post": [0, -1, -2],
							"lerp_mode": "catmullrom"
						},
						"2.8333": {
							"post": [0, 0, 2],
							"lerp_mode": "catmullrom"
						},
						"2.9583": {
							"post": [0, 0, 1],
							"lerp_mode": "catmullrom"
						},
						"3.125": {
							"post": [0, 0, 0],
							"lerp_mode": "catmullrom"
						},
						"3.2917": {
							"post": [0, 1, -4],
							"lerp_mode": "catmullrom"
						},
						"3.8333": {
							"post": [0, 4, -4],
							"lerp_mode": "catmullrom"
						},
						"3.9583": {
							"post": [0, -1, -2],
							"lerp_mode": "catmullrom"
						},
						"4.0833": {
							"post": [0, 0, 2],
							"lerp_mode": "catmullrom"
						},
						"4.1667": {
							"post": [0, 0, 0],
							"lerp_mode": "catmullrom"
						}
					}
				},
				"head": {
					"rotation": {
						"0.0": {
							"post": [0, 0, 0],
							"lerp_mode": "catmullrom"
						},
						"0.5833": {
							"post": [5, 0, 0],
							"lerp_mode": "catmullrom"
						},
						"0.7083": {
							"post": [27.5, 0, 0],
							"lerp_mode": "catmullrom"
						},
						"0.8333": {
							"post": [6.39794, -44.80864, 16.89365],
							"lerp_mode": "catmullrom"
						},
						"1.0417": {
							"post": [16.28363, -25.99459, 3.21503],
							"lerp_mode": "catmullrom"
						},
						"1.2083": {
							"post": [4.61755, 2.97054, 11.28514],
							"lerp_mode": "catmullrom"
						},
						"1.375": {
							"post": [13.50121, 4.00364, -6.2233],
							"lerp_mode": "catmullrom"
						},
						"1.4583": {
							"post": [26.4331, -6.02669, -2.81688],
							"lerp_mode": "catmullrom"
						},
						"1.5833": {
							"post": [15.82647, 8.60558, -29.08518],
							"lerp_mode": "catmullrom"
						},
						"1.7083": {
							"post": [-26.0669, -6.02669, -2.81688],
							"lerp_mode": "catmullrom"
						},
						"1.7917": {
							"post": [-18.95283, 40.77435, -31.69316],
							"lerp_mode": "catmullrom"
						},
						"1.875": {
							"post": [20.75791, -45.12348, 17.97201],
							"lerp_mode": "catmullrom"
						},
						"2.0417": {
							"post": [28.45423, -24.13406, 6.4084],
							"lerp_mode": "catmullrom"
						},
						"2.1667": {
							"post": [20.77524, -8.02169, -6.73066],
							"lerp_mode": "catmullrom"
						},
						"2.2917": {
							"post": [18.87058, 14.1046, -9.26499],
							"lerp_mode": "catmullrom"
						},
						"2.3333": {
							"post": [57.51684, 10.87791, -3.73123],
							"lerp_mode": "catmullrom"
						},
						"2.4167": {
							"post": [18.70327, -11.98173, -18.04669],
							"lerp_mode": "catmullrom"
						},
						"2.5": {
							"post": [-1.29673, -11.98173, -18.04669],
							"lerp_mode": "catmullrom"
						},
						"2.5417": {
							"post": [33.70492, -6.35813, -18.17285],
							"lerp_mode": "catmullrom"
						},
						"2.6667": {
							"post": [-1.29014, 10.51268, -18.55136],
							"lerp_mode": "catmullrom"
						},
						"2.8333": {
							"post": [12.59484, -3.14212, 5.26556],
							"lerp_mode": "catmullrom"
						},
						"2.9583": {
							"post": [22.59484, -3.14212, 5.26556],
							"lerp_mode": "catmullrom"
						},
						"3.125": {
							"post": [27.59484, -3.14212, 5.26556],
							"lerp_mode": "catmullrom"
						},
						"3.2083": {
							"post": [35.09484, -3.14212, 5.26556],
							"lerp_mode": "catmullrom"
						},
						"3.2917": {
							"post": [52.70003, 1.17962, -0.86644],
							"lerp_mode": "catmullrom"
						},
						"3.8333": {
							"post": [45.10847, 1.14089, -1.72416],
							"lerp_mode": "catmullrom"
						},
						"4.0833": {
							"post": [-12.39153, 1.14089, -1.72416],
							"lerp_mode": "catmullrom"
						},
						"4.1667": {
							"post": [0.15813, 1.13507, 0.77633],
							"lerp_mode": "catmullrom"
						}
					},
					"position": {
						"1.7083": {
							"pre": [0, 0, 0],
							"post": [0, 0, 0],
							"lerp_mode": "catmullrom"
						},
						"2.2917": {
							"post": [0, 0, 0],
							"lerp_mode": "catmullrom"
						},
						"2.6667": {
							"post": [0, 0, 0],
							"lerp_mode": "catmullrom"
						}
					}
				},
				"leftleg": {
					"rotation": {
						"0.0": {
							"post": [0, 0, 0],
							"lerp_mode": "catmullrom"
						},
						"0.75": {
							"post": [0, -5, 0],
							"lerp_mode": "catmullrom"
						},
						"0.8333": {
							"post": [0.43688, -4.98093, -5.019],
							"lerp_mode": "catmullrom"
						},
						"0.9583": {
							"post": [0.44192, -9.98078, -5.05766],
							"lerp_mode": "catmullrom"
						},
						"1.7083": {
							"post": [0.44, -9.98, -5.06],
							"lerp_mode": "catmullrom"
						},
						"1.9167": {
							"post": [2.18307, -9.7505, -15.20781],
							"lerp_mode": "catmullrom"
						},
						"2.1667": {
							"post": [-10.31693, -9.7505, -15.20781],
							"lerp_mode": "catmullrom"
						},
						"2.2917": {
							"post": [-10.20292, -4.83035, -16.10536],
							"lerp_mode": "catmullrom"
						},
						"2.6667": {
							"post": [-10.2, -4.83, -16.11],
							"lerp_mode": "catmullrom"
						},
						"2.8333": {
							"post": [14.8, -4.83, -16.11],
							"lerp_mode": "catmullrom"
						},
						"3.2083": {
							"post": [22.3, -4.83, -16.11],
							"lerp_mode": "catmullrom"
						},
						"3.25": {
							"post": [17.29329, -0.20204, -14.21531],
							"lerp_mode": "catmullrom"
						},
						"3.2917": {
							"post": [-67.71341, 4.42592, -12.32062],
							"lerp_mode": "catmullrom"
						},
						"3.8333": {
							"post": [-80.21341, 4.42592, -12.32062],
							"lerp_mode": "catmullrom"
						},
						"3.9583": {
							"post": [-35.21341, 4.42592, -12.32062],
							"lerp_mode": "catmullrom"
						},
						"4.0833": {
							"post": [9.78659, 4.42592, -12.32062],
							"lerp_mode": "catmullrom"
						},
						"4.1667": {
							"post": [0.51421, -1.03135, -2.5677],
							"lerp_mode": "catmullrom"
						}
					},
					"position": {
						"0.0": {
							"post": [0, 0, 0],
							"lerp_mode": "catmullrom"
						},
						"0.7083": {
							"post": [0, 0, 0],
							"lerp_mode": "catmullrom"
						},
						"0.8333": {
							"post": [0, 3, -2],
							"lerp_mode": "catmullrom"
						},
						"1.0": {
							"post": [2, 0, -1],
							"lerp_mode": "catmullrom"
						},
						"1.2083": {
							"post": [2, 0, 0],
							"lerp_mode": "catmullrom"
						},
						"1.7083": {
							"post": [2, 0, 0],
							"lerp_mode": "catmullrom"
						},
						"1.9167": {
							"post": [3, 0, 0],
							"lerp_mode": "catmullrom"
						},
						"2.1667": {
							"post": [3, 0, 2],
							"lerp_mode": "catmullrom"
						},
						"2.2917": {
							"post": [3, 0, 2],
							"lerp_mode": "catmullrom"
						},
						"2.6667": {
							"post": [3, 0, 2],
							"lerp_mode": "catmullrom"
						},
						"2.75": {
							"post": [3, 3, 2],
							"lerp_mode": "catmullrom"
						},
						"2.8333": {
							"post": [4, 0, 9],
							"lerp_mode": "catmullrom"
						},
						"3.125": {
							"post": [3, 0, 9],
							"lerp_mode": "catmullrom"
						},
						"3.2083": {
							"post": [3, 0, 8],
							"lerp_mode": "catmullrom"
						},
						"3.2917": {
							"post": [1, 0, 8],
							"lerp_mode": "catmullrom"
						},
						"3.8333": {
							"post": [1, 0, 7],
							"lerp_mode": "catmullrom"
						},
						"4.0833": {
							"post": [1, 0, 0],
							"lerp_mode": "catmullrom"
						},
						"4.1667": {
							"post": [0, 0, 0],
							"lerp_mode": "catmullrom"
						}
					}
				},
				"rightleg": {
					"rotation": {
						"0.0": {
							"post": [0, 0, 0],
							"lerp_mode": "catmullrom"
						},
						"0.5833": {
							"post": [0, 5, 0],
							"lerp_mode": "catmullrom"
						},
						"0.8333": {
							"post": [0.21865, 4.99523, 2.50954],
							"lerp_mode": "catmullrom"
						},
						"1.5833": {
							"post": [23.23269, 0.09946, 14.02585],
							"lerp_mode": "catmullrom"
						},
						"1.7083": {
							"post": [23.23, 0.1, 14.03],
							"lerp_mode": "catmullrom"
						},
						"2.2917": {
							"post": [23.23, 0.1, 14.03],
							"lerp_mode": "catmullrom"
						},
						"2.6667": {
							"post": [23.23, 0.1, 14.03],
							"lerp_mode": "catmullrom"
						},
						"2.8333": {
							"post": [-12.12151, -3.30005, 12.46175],
							"lerp_mode": "catmullrom"
						},
						"3.2083": {
							"post": [-4.62151, -3.30005, 12.46175],
							"lerp_mode": "catmullrom"
						},
						"3.25": {
							"post": [0.37849, -3.30005, 12.46175],
							"lerp_mode": "catmullrom"
						},
						"3.2917": {
							"post": [-64.62151, -3.30005, 12.46175],
							"lerp_mode": "catmullrom"
						},
						"3.8333": {
							"post": [-79.70267, -3.81654, 11.36125],
							"lerp_mode": "catmullrom"
						},
						"3.9583": {
							"post": [-29.70267, -3.81654, 11.36125],
							"lerp_mode": "catmullrom"
						},
						"4.0833": {
							"post": [15.29733, -3.81654, 11.36125],
							"lerp_mode": "catmullrom"
						},
						"4.1667": {
							"post": [0.91343, 1.71805, 1.65461],
							"lerp_mode": "catmullrom"
						}
					},
					"position": {
						"0.0": {
							"post": [0, 0, 0],
							"lerp_mode": "catmullrom"
						},
						"1.2083": {
							"post": [0, 0, 1],
							"lerp_mode": "catmullrom"
						},
						"1.5833": {
							"post": [0, 0, 1],
							"lerp_mode": "catmullrom"
						},
						"1.7083": {
							"post": [0, 0, 1],
							"lerp_mode": "catmullrom"
						},
						"1.9167": {
							"post": [1, 0, 1],
							"lerp_mode": "catmullrom"
						},
						"2.1667": {
							"post": [1, 0, 3],
							"lerp_mode": "catmullrom"
						},
						"2.2917": {
							"post": [1, 0, 3],
							"lerp_mode": "catmullrom"
						},
						"2.6667": {
							"post": [1, 0, 3],
							"lerp_mode": "catmullrom"
						},
						"2.8333": {
							"post": [3, 0, 4],
							"lerp_mode": "catmullrom"
						},
						"3.125": {
							"post": [2, 0, 4],
							"lerp_mode": "catmullrom"
						},
						"3.2083": {
							"post": [2, 0, 3],
							"lerp_mode": "catmullrom"
						},
						"3.25": {
							"post": [0.5, 0, 3.5],
							"lerp_mode": "catmullrom"
						},
						"3.2917": {
							"post": [-1, 0, 8],
							"lerp_mode": "catmullrom"
						},
						"3.8333": {
							"post": [-1, 0, 7],
							"lerp_mode": "catmullrom"
						},
						"4.0833": {
							"post": [-1, 0, -1],
							"lerp_mode": "catmullrom"
						},
						"4.1667": {
							"post": [0, 0, 0],
							"lerp_mode": "catmullrom"
						}
					}
				}
			}
		}
	}
}