{
	"format_version": "1.8.0",
	"animations": {
		"animation.enemy.goku_1skill": {
			"animation_length": 4,
			"bones": {
				"root": {
					"rotation": {
						"0.0": {
							"post": [0, 180, 0],
							"lerp_mode": "catmullrom"
						},
						"0.7917": {
							"post": [0, 180, 0],
							"lerp_mode": "catmullrom"
						},
						"0.9583": {
							"post": [0, 180, 0],
							"lerp_mode": "catmullrom"
						},
						"1.125": {
							"post": [0, 82.5, 0],
							"lerp_mode": "catmullrom"
						},
						"1.5": {
							"post": [0, -515, 0],
							"lerp_mode": "catmullrom"
						},
						"1.7083": {
							"post": [0, -785, 0],
							"lerp_mode": "catmullrom"
						},
						"1.75": {
							"post": [0, -784.5, 0],
							"lerp_mode": "catmullrom"
						},
						"1.9167": {
							"post": [0, -920, 0],
							"lerp_mode": "catmullrom"
						},
						"2.125": {
							"post": [0, -1282.5, 0],
							"lerp_mode": "catmullrom"
						},
						"2.4583": {
							"post": [0, -1642.5, 0],
							"lerp_mode": "catmullrom"
						},
						"3.5": {
							"post": [0, -1670, 0],
							"lerp_mode": "catmullrom"
						},
						"3.8333": {
							"post": [0, -1800, 0],
							"lerp_mode": "catmullrom"
						},
						"4.0": {
							"post": [0, -1800, 0],
							"lerp_mode": "catmullrom"
						}
					},
					"position": {
						"0.0": {
							"post": [0, 0, -15],
							"lerp_mode": "catmullrom"
						},
						"0.6667": {
							"post": [0, -1, -15],
							"lerp_mode": "catmullrom"
						},
						"0.7917": {
							"post": [0, -1, -15],
							"lerp_mode": "catmullrom"
						},
						"0.9167": {
							"post": [0, 3, -11],
							"lerp_mode": "catmullrom"
						},
						"1.125": {
							"post": [0, -13, 0],
							"lerp_mode": "catmullrom"
						},
						"1.7083": {
							"post": [0, -13, 0],
							"lerp_mode": "catmullrom"
						},
						"1.75": {
							"post": [0.67, -13, -11.33],
							"lerp_mode": "catmullrom"
						},
						"1.7917": {
							"post": [10.34, -13, -17.16],
							"lerp_mode": "catmullrom"
						},
						"1.8333": {
							"post": [2, -13, -7],
							"lerp_mode": "catmullrom"
						},
						"1.9167": {
							"post": [2, -1, -4],
							"lerp_mode": "catmullrom"
						},
						"2.125": {
							"post": [2, -1, -2],
							"lerp_mode": "catmullrom"
						},
						"2.4583": {
							"post": [2, -1, -2],
							"lerp_mode": "catmullrom"
						},
						"2.625": {
							"post": [2, -10, 0],
							"lerp_mode": "catmullrom"
						},
						"3.5": {
							"post": [2, -10, 0],
							"lerp_mode": "catmullrom"
						},
						"3.8333": {
							"post": [0, 0, 0],
							"lerp_mode": "catmullrom"
						},
						"4.0": {
							"post": [0, 0, 0],
							"lerp_mode": "catmullrom"
						}
					}
				},
				"waist": {
					"rotation": {
						"0.0": {
							"post": [0, 0, 0],
							"lerp_mode": "catmullrom"
						},
						"0.4167": {
							"post": [-12.5, 0, 0],
							"lerp_mode": "catmullrom"
						},
						"0.5": {
							"post": [-12.97479, 17.22575, -3.13388],
							"lerp_mode": "catmullrom"
						},
						"0.5833": {
							"post": [2.5, 0, 0],
							"lerp_mode": "catmullrom"
						},
						"0.6667": {
							"post": [-32.5, 0, 0],
							"lerp_mode": "catmullrom"
						},
						"0.8333": {
							"post": [-37.5, 0, 0],
							"lerp_mode": "catmullrom"
						},
						"1.125": {
							"post": [-61.64331, 24.75306, 18.23019],
							"lerp_mode": "catmullrom"
						},
						"1.25": {
							"post": [-85.61924, 26.90854, 26.68039],
							"lerp_mode": "catmullrom"
						},
						"1.7917": {
							"post": [-67.50605, 15.77437, 73.7879],
							"lerp_mode": "catmullrom"
						},
						"2.4583": {
							"post": [-108.81278, 20.06483, -27.72556],
							"lerp_mode": "catmullrom"
						},
						"2.625": {
							"post": [-106.69372, 18.92499, 2.44673],
							"lerp_mode": "catmullrom"
						},
						"2.75": {
							"post": [-134.19372, 18.92499, 2.44673],
							"lerp_mode": "catmullrom"
						},
						"2.875": {
							"post": [-89.19372, 18.92499, 2.44673],
							"lerp_mode": "catmullrom"
						},
						"3.0417": {
							"post": [-89.19, 18.92, 2.45],
							"lerp_mode": "catmullrom"
						},
						"3.25": {
							"post": [-36.69, 18.92, 2.45],
							"lerp_mode": "catmullrom"
						},
						"3.5": {
							"post": [40.55894, 15.89336, 23.26435],
							"lerp_mode": "catmullrom"
						},
						"3.8333": {
							"post": [0, 0, 0],
							"lerp_mode": "catmullrom"
						},
						"4.0": {
							"post": [0, 0, 0],
							"lerp_mode": "catmullrom"
						}
					},
					"position": {
						"0.0": {
							"post": [0, 0, 0],
							"lerp_mode": "catmullrom"
						},
						"0.4167": {
							"post": [0, -1, 0],
							"lerp_mode": "catmullrom"
						},
						"0.5833": {
							"post": [0, -1, 0],
							"lerp_mode": "catmullrom"
						},
						"0.6667": {
							"post": [0, 21, 7],
							"lerp_mode": "catmullrom"
						},
						"0.75": {
							"post": [0, 22, 7.43],
							"lerp_mode": "catmullrom"
						},
						"0.8333": {
							"post": [0, 23, 8],
							"lerp_mode": "catmullrom"
						},
						"0.9167": {
							"post": [0, 22, 7],
							"lerp_mode": "catmullrom"
						},
						"1.125": {
							"post": [3, 27, 13],
							"lerp_mode": "catmullrom"
						},
						"1.25": {
							"post": [3, 25, 13],
							"lerp_mode": "catmullrom"
						},
						"1.75": {
							"post": [3, 25, 13],
							"lerp_mode": "catmullrom"
						},
						"1.9167": {
							"post": [2, 12, 2],
							"lerp_mode": "catmullrom"
						},
						"2.125": {
							"post": [2, 1, -3],
							"lerp_mode": "catmullrom"
						},
						"2.625": {
							"post": [2, 3, -3],
							"lerp_mode": "catmullrom"
						},
						"2.75": {
							"post": [2, 8, 0],
							"lerp_mode": "catmullrom"
						},
						"2.875": {
							"post": [2, -1, 0],
							"lerp_mode": "catmullrom"
						},
						"3.0417": {
							"post": [2, -1, 0],
							"lerp_mode": "catmullrom"
						},
						"3.5": {
							"post": [4, 0, 7],
							"lerp_mode": "catmullrom"
						},
						"3.8333": {
							"post": [0, 0, 0],
							"lerp_mode": "catmullrom"
						},
						"4.0": {
							"post": [0, 0, 0],
							"lerp_mode": "catmullrom"
						}
					}
				},
				"rightarm": {
					"rotation": {
						"0.0": {
							"post": [0, 0, 0],
							"lerp_mode": "catmullrom"
						},
						"0.4167": {
							"post": [7.5, 0, 7.5],
							"lerp_mode": "catmullrom"
						},
						"0.5833": {
							"post": [42.70244, 15.41858, 16.09205],
							"lerp_mode": "catmullrom"
						},
						"0.75": {
							"post": [-40.94634, 23.12786, 20.38807],
							"lerp_mode": "catmullrom"
						},
						"0.8333": {
							"post": [-190.62207, 21.04113, -17.4198],
							"lerp_mode": "catmullrom"
						},
						"0.9583": {
							"post": [-158.12207, 21.04113, -17.4198],
							"lerp_mode": "catmullrom"
						},
						"1.125": {
							"post": [-150.14122, 2.95132, 19.25598],
							"lerp_mode": "catmullrom"
						},
						"2.625": {
							"post": [-191.64018, 27.83558, -89.42492],
							"lerp_mode": "catmullrom"
						},
						"2.9583": {
							"post": [-173.0708, 47.25939, -61.39267],
							"lerp_mode": "catmullrom"
						},
						"3.0417": {
							"post": [-188.78442, 51.71202, -82.0142],
							"lerp_mode": "catmullrom"
						},
						"3.25": {
							"post": [-268.70735, 30.30857, -251.91333],
							"lerp_mode": "catmullrom"
						},
						"3.5": {
							"post": [-5.80886, 56.08838, 14.10768],
							"lerp_mode": "catmullrom"
						},
						"3.8333": {
							"post": [0, 0, 0],
							"lerp_mode": "catmullrom"
						},
						"4.0": {
							"post": [0, 0, 0],
							"lerp_mode": "catmullrom"
						}
					},
					"position": {
						"0.0": {
							"post": [0, 0, 0],
							"lerp_mode": "catmullrom"
						},
						"0.6667": {
							"post": [0, -0.67, 0],
							"lerp_mode": "catmullrom"
						},
						"0.8333": {
							"post": [0, 4, 0],
							"lerp_mode": "catmullrom"
						},
						"2.625": {
							"post": [-2, 0, 0],
							"lerp_mode": "catmullrom"
						},
						"3.0417": {
							"post": [-2, 0, 0],
							"lerp_mode": "catmullrom"
						},
						"3.25": {
							"post": [-2, 0, 1],
							"lerp_mode": "catmullrom"
						},
						"3.5": {
							"post": [-1, -1, 1],
							"lerp_mode": "catmullrom"
						},
						"3.8333": {
							"post": [0, 0, 0],
							"lerp_mode": "catmullrom"
						},
						"4.0": {
							"post": [0, 0, 0],
							"lerp_mode": "catmullrom"
						}
					}
				},
				"leftarm": {
					"rotation": {
						"0.0": {
							"post": [0, 0, 0],
							"lerp_mode": "catmullrom"
						},
						"0.4167": {
							"post": [9.91615, 1.29876, -7.38733],
							"lerp_mode": "catmullrom"
						},
						"0.5833": {
							"post": [25.39, -7.12, -12.81],
							"lerp_mode": "catmullrom"
						},
						"0.7083": {
							"post": [-89.36676, -11.33468, -15.52219],
							"lerp_mode": "catmullrom"
						},
						"0.8333": {
							"post": [-208.54031, 5.34529, 15.40171],
							"lerp_mode": "catmullrom"
						},
						"0.9167": {
							"post": [-168.54031, 5.34529, 15.40171],
							"lerp_mode": "catmullrom"
						},
						"1.125": {
							"post": [-167.79945, 3.29014, 25.21671],
							"lerp_mode": "catmullrom"
						},
						"2.625": {
							"post": [-169.57212, -7.16537, 74.21028],
							"lerp_mode": "catmullrom"
						},
						"2.8333": {
							"post": [-13.44486, -39.43249, -95.84062],
							"lerp_mode": "catmullrom"
						},
						"2.9583": {
							"post": [-16.53377, -31.17716, -97.84717],
							"lerp_mode": "catmullrom"
						},
						"3.0417": {
							"post": [2.24029, -25.6736, -99.18488],
							"lerp_mode": "catmullrom"
						},
						"3.25": {
							"post": [71.65138, -17.41827, -101.19143],
							"lerp_mode": "catmullrom"
						},
						"3.5": {
							"post": [-58.63067, -68.16802, 21.32161],
							"lerp_mode": "catmullrom"
						},
						"3.8333": {
							"post": [0, 0, 0],
							"lerp_mode": "catmullrom"
						},
						"4.0": {
							"post": [0, 0, 0],
							"lerp_mode": "catmullrom"
						}
					},
					"position": {
						"0.0": {
							"post": [0, 0, 0],
							"lerp_mode": "catmullrom"
						},
						"0.6667": {
							"post": [0, 0.33, 0],
							"lerp_mode": "catmullrom"
						},
						"0.8333": {
							"post": [0, 4, 0],
							"lerp_mode": "catmullrom"
						},
						"2.625": {
							"post": [0, 0, 0],
							"lerp_mode": "catmullrom"
						},
						"3.0417": {
							"post": [0, 0, 0],
							"lerp_mode": "catmullrom"
						},
						"3.25": {
							"post": [2, 0, 1],
							"lerp_mode": "catmullrom"
						},
						"3.5": {
							"post": [2, 2, 1],
							"lerp_mode": "catmullrom"
						},
						"3.8333": {
							"post": [0, 0, 0],
							"lerp_mode": "catmullrom"
						},
						"4.0": {
							"post": [0, 0, 0],
							"lerp_mode": "catmullrom"
						}
					}
				},
				"head": {
					"rotation": {
						"0.0": {
							"post": [0, 0, 0],
							"lerp_mode": "catmullrom"
						},
						"0.4167": {
							"post": [10, 0, 0],
							"lerp_mode": "catmullrom"
						},
						"0.5": {
							"post": [9.0055, -22.24985, -3.43414],
							"lerp_mode": "catmullrom"
						},
						"0.5833": {
							"post": [51.67, 0, 0],
							"lerp_mode": "catmullrom"
						},
						"0.6667": {
							"post": [-40, 0, 0],
							"lerp_mode": "catmullrom"
						},
						"0.75": {
							"post": [40, 0, 0],
							"lerp_mode": "catmullrom"
						},
						"0.8333": {
							"post": [2.5, 0, 0],
							"lerp_mode": "catmullrom"
						},
						"0.9167": {
							"post": [-12.5, 0, 0],
							"lerp_mode": "catmullrom"
						},
						"1.125": {
							"post": [-12.41834, -7.61516, 11.90917],
							"lerp_mode": "catmullrom"
						},
						"2.4583": {
							"post": [-23.42987, 0.60126, 15.30909],
							"lerp_mode": "catmullrom"
						},
						"2.625": {
							"post": [17.38119, 1.62832, 15.73409],
							"lerp_mode": "catmullrom"
						},
						"2.75": {
							"post": [34.88119, 1.62832, 15.73409],
							"lerp_mode": "catmullrom"
						},
						"2.875": {
							"post": [-2.61881, 1.62832, 15.73409],
							"lerp_mode": "catmullrom"
						},
						"3.0417": {
							"post": [-2.63153, -5.86384, 16.07759],
							"lerp_mode": "catmullrom"
						},
						"3.25": {
							"post": [41.20422, -6.29389, 3.51403],
							"lerp_mode": "catmullrom"
						},
						"3.375": {
							"post": [41.19211, 7.81021, 2.60602],
							"lerp_mode": "catmullrom"
						},
						"3.5": {
							"post": [6.7574, -39.65327, -12.51264],
							"lerp_mode": "catmullrom"
						},
						"3.8333": {
							"post": [0, 0, 0],
							"lerp_mode": "catmullrom"
						},
						"4.0": {
							"post": [0, 0, 0],
							"lerp_mode": "catmullrom"
						}
					},
					"position": {
						"0.0": {
							"post": [0, 0, 0],
							"lerp_mode": "catmullrom"
						},
						"3.0417": {
							"post": [0, 0, 0],
							"lerp_mode": "catmullrom"
						},
						"4.0": {
							"post": [0, 0, 0],
							"lerp_mode": "catmullrom"
						}
					}
				},
				"leftleg": {
					"rotation": {
						"0.0": {
							"post": [0, 0, 0],
							"lerp_mode": "catmullrom"
						},
						"0.4167": {
							"post": [2.5, 0, 0],
							"lerp_mode": "catmullrom"
						},
						"0.5833": {
							"post": [2.5, 0, 0],
							"lerp_mode": "catmullrom"
						},
						"0.625": {
							"post": [-50.43131, -6.40865, 7.69263],
							"lerp_mode": "catmullrom"
						},
						"0.6667": {
							"post": [-27.93131, -6.40865, 7.69263],
							"lerp_mode": "catmullrom"
						},
						"0.8333": {
							"post": [-50.43131, -6.40865, 7.69263],
							"lerp_mode": "catmullrom"
						},
						"1.125": {
							"post": [-60.43131, -6.40865, 7.69263],
							"lerp_mode": "catmullrom"
						},
						"1.25": {
							"post": [-67.93131, -6.40865, 7.69263],
							"lerp_mode": "catmullrom"
						},
						"1.7917": {
							"post": [-76.07921, -18.41192, 44.17655],
							"lerp_mode": "catmullrom"
						},
						"2.125": {
							"post": [-76.54768, -11.12425, 46.01052],
							"lerp_mode": "catmullrom"
						},
						"2.4583": {
							"post": [-82.40185, 15.34406, 25.21166],
							"lerp_mode": "catmullrom"
						},
						"2.625": {
							"post": [-194.90185, 15.34406, 25.21166],
							"lerp_mode": "catmullrom"
						},
						"2.75": {
							"post": [-227.40185, 15.34406, 25.21166],
							"lerp_mode": "catmullrom"
						},
						"2.875": {
							"post": [-77.40185, 15.34406, 25.21166],
							"lerp_mode": "catmullrom"
						},
						"2.9583": {
							"post": [-89.97009, 14.12382, 24.93204],
							"lerp_mode": "catmullrom"
						},
						"3.0417": {
							"post": [-77.53834, 12.90358, 24.65243],
							"lerp_mode": "catmullrom"
						},
						"3.375": {
							"post": [-77.54, 12.9, 24.65],
							"lerp_mode": "catmullrom"
						},
						"3.5": {
							"post": [-55.04, 12.9, 24.65],
							"lerp_mode": "catmullrom"
						},
						"3.625": {
							"post": [0.484, 5.16, 9.86],
							"lerp_mode": "catmullrom"
						},
						"3.8333": {
							"post": [0, 0, 0],
							"lerp_mode": "catmullrom"
						},
						"4.0": {
							"post": [0, 0, 0],
							"lerp_mode": "catmullrom"
						}
					},
					"position": {
						"0.0": {
							"post": [0, 0, 0],
							"lerp_mode": "catmullrom"
						},
						"0.4167": {
							"post": [0, -1, -1],
							"lerp_mode": "catmullrom"
						},
						"0.5833": {
							"post": [0, -1, -1],
							"lerp_mode": "catmullrom"
						},
						"0.6667": {
							"post": [0, 20, 5],
							"lerp_mode": "catmullrom"
						},
						"0.75": {
							"post": [0, 22, 6],
							"lerp_mode": "catmullrom"
						},
						"0.8333": {
							"post": [0, 23, 8],
							"lerp_mode": "catmullrom"
						},
						"0.9167": {
							"post": [0, 22, 7],
							"lerp_mode": "catmullrom"
						},
						"1.125": {
							"post": [2, 27, 12],
							"lerp_mode": "catmullrom"
						},
						"1.75": {
							"post": [2, 27, 12],
							"lerp_mode": "catmullrom"
						},
						"1.7917": {
							"post": [3, 22.5, 9.5],
							"lerp_mode": "catmullrom"
						},
						"1.9167": {
							"post": [2, 13, 2],
							"lerp_mode": "catmullrom"
						},
						"2.125": {
							"post": [1, 0, -4],
							"lerp_mode": "catmullrom"
						},
						"2.625": {
							"post": [2, 4, -4],
							"lerp_mode": "catmullrom"
						},
						"2.75": {
							"post": [2, 9, 1],
							"lerp_mode": "catmullrom"
						},
						"2.875": {
							"post": [2, 0, -2],
							"lerp_mode": "catmullrom"
						},
						"3.0417": {
							"post": [2, 0, -2],
							"lerp_mode": "catmullrom"
						},
						"3.375": {
							"post": [2, 1, -2],
							"lerp_mode": "catmullrom"
						},
						"3.5": {
							"post": [2, 3, 1],
							"lerp_mode": "catmullrom"
						},
						"3.625": {
							"post": [0.8, 5.2, -1.6],
							"lerp_mode": "catmullrom"
						},
						"3.8333": {
							"post": [0, 0, 0],
							"lerp_mode": "catmullrom"
						},
						"4.0": {
							"post": [0, 0, 0],
							"lerp_mode": "catmullrom"
						}
					}
				},
				"rightleg": {
					"rotation": {
						"0.0": {
							"post": [0, 0, 0],
							"lerp_mode": "catmullrom"
						},
						"0.4167": {
							"post": [10, 0, 0],
							"lerp_mode": "catmullrom"
						},
						"0.5833": {
							"post": [10, 0, 0],
							"lerp_mode": "catmullrom"
						},
						"0.6667": {
							"post": [-20.99297, 10.54529, -10.72858],
							"lerp_mode": "catmullrom"
						},
						"0.8333": {
							"post": [-28.49297, 10.54529, -10.72858],
							"lerp_mode": "catmullrom"
						},
						"1.125": {
							"post": [-70.99297, 10.54529, -10.72858],
							"lerp_mode": "catmullrom"
						},
						"1.25": {
							"post": [-80.99297, 10.54529, -10.72858],
							"lerp_mode": "catmullrom"
						},
						"1.7917": {
							"post": [-80.56488, -10.16495, 85.09746],
							"lerp_mode": "catmullrom"
						},
						"2.4583": {
							"post": [-78.46216, 23.55227, 2.26955],
							"lerp_mode": "catmullrom"
						},
						"2.625": {
							"post": [-208.81787, 18.10958, -12.69927],
							"lerp_mode": "catmullrom"
						},
						"2.75": {
							"post": [-258.81787, 18.10958, -12.69927],
							"lerp_mode": "catmullrom"
						},
						"2.875": {
							"post": [-86.11923, 25.59331, -12.16673],
							"lerp_mode": "catmullrom"
						},
						"2.9583": {
							"post": [-111.07594, 26.84038, -12.07086],
							"lerp_mode": "catmullrom"
						},
						"3.0417": {
							"post": [-86.03264, 28.08745, -11.975],
							"lerp_mode": "catmullrom"
						},
						"3.375": {
							"post": [-61.03264, 28.08745, -11.975],
							"lerp_mode": "catmullrom"
						},
						"3.5": {
							"post": [-21.03264, 28.08745, -11.975],
							"lerp_mode": "catmullrom"
						},
						"3.5833": {
							"post": [37.18441, 13.72291, 20.70011],
							"lerp_mode": "catmullrom"
						},
						"3.8333": {
							"post": [0, 0, 0],
							"lerp_mode": "catmullrom"
						},
						"4.0": {
							"post": [0, 0, 0],
							"lerp_mode": "catmullrom"
						}
					},
					"position": {
						"0.0": {
							"post": [0, 0, 0],
							"lerp_mode": "catmullrom"
						},
						"0.1667": {
							"post": [0, 2, -1.2],
							"lerp_mode": "catmullrom"
						},
						"0.4167": {
							"post": [0, -1, 2],
							"lerp_mode": "catmullrom"
						},
						"0.5833": {
							"post": [0, -1, 2],
							"lerp_mode": "catmullrom"
						},
						"0.6667": {
							"post": [0, 21, 4],
							"lerp_mode": "catmullrom"
						},
						"0.75": {
							"post": [0, 22, 5],
							"lerp_mode": "catmullrom"
						},
						"0.8333": {
							"post": [0, 23, 6],
							"lerp_mode": "catmullrom"
						},
						"0.9167": {
							"post": [0, 22, 5],
							"lerp_mode": "catmullrom"
						},
						"1.125": {
							"post": [2, 28, 14],
							"lerp_mode": "catmullrom"
						},
						"1.25": {
							"post": [2, 26, 14],
							"lerp_mode": "catmullrom"
						},
						"1.75": {
							"post": [2, 28, 14],
							"lerp_mode": "catmullrom"
						},
						"1.7917": {
							"post": [3, 25, 11],
							"lerp_mode": "catmullrom"
						},
						"1.9167": {
							"post": [2, 12, 2],
							"lerp_mode": "catmullrom"
						},
						"2.125": {
							"post": [3, 4, -2],
							"lerp_mode": "catmullrom"
						},
						"2.4583": {
							"post": [0, 1, -2],
							"lerp_mode": "catmullrom"
						},
						"2.625": {
							"post": [0, 5, -2],
							"lerp_mode": "catmullrom"
						},
						"2.75": {
							"post": [0, 9, 1],
							"lerp_mode": "catmullrom"
						},
						"2.875": {
							"post": [0, 0, 1],
							"lerp_mode": "catmullrom"
						},
						"3.0417": {
							"post": [0, 0, 1],
							"lerp_mode": "catmullrom"
						},
						"3.375": {
							"post": [0, 6, 2],
							"lerp_mode": "catmullrom"
						},
						"3.5": {
							"post": [0, 9, 0],
							"lerp_mode": "catmullrom"
						},
						"3.5833": {
							"post": [0, 1.6, 0],
							"lerp_mode": "catmullrom"
						},
						"3.625": {
							"post": [0, 3.33, 0],
							"lerp_mode": "catmullrom"
						},
						"3.7083": {
							"post": [0, 6.5, -2],
							"lerp_mode": "catmullrom"
						},
						"3.7917": {
							"post": [0, 1.17, -0.67],
							"lerp_mode": "catmullrom"
						},
						"3.8333": {
							"post": [0, 0, 0],
							"lerp_mode": "catmullrom"
						},
						"4.0": {
							"post": [0, 0, 0],
							"lerp_mode": "catmullrom"
						}
					}
				}
			}
		}
	}
}