{
	"format_version": "1.8.0",
	"animations": {
		"animation.enemy.trunks_supermasenko": {
			"animation_length": 4.5417,
			"bones": {
				"locator": {
					"rotation": {
						"2.8333": [0, 0, 0],
						"2.875": [-180, 0, 0]
					},
					"position": [0, 43, 3]
				},
				"locator2": {
					"position": {
						"2.875": [0, 0, 0],
						"3.2917": [0, 191, 0],
						"3.9167": [0, 408, 0]
					}
				},
				"aura": {
					"rotation": {
						"2.0833": [0, 0, 0],
						"2.125": [0, 0, -25],
						"2.5417": [0, 0, -25],
						"2.5833": [0, 0, 2.5]
					},
					"position": {
						"1.0833": [0, 7, 0],
						"2.0833": [0, 7, 0],
						"2.125": [0, 20, 0],
						"2.5417": [0, 20, 0],
						"2.5833": [0, 40, 0]
					}
				},
				"aura2": {
					"rotation": {
						"0.7083": [180, -35, -90],
						"1.6667": [180, -35, -90]
					},
					"position": {
						"0.7083": [0, 3, -29],
						"1.6667": [0, 3, -29],
						"1.7083": [0, 21, -18]
					}
				},
				"waist": {
					"rotation": {
						"0.0": {
							"post": [0, 0, 0],
							"lerp_mode": "catmullrom"
						},
						"0.5": {
							"post": [0, 0, 0],
							"lerp_mode": "catmullrom"
						},
						"0.6667": {
							"post": [-7.5, 0, 0],
							"lerp_mode": "catmullrom"
						},
						"0.75": {
							"post": [17.5, 0, 0],
							"lerp_mode": "catmullrom"
						},
						"0.875": {
							"post": [-5, 0, 0],
							"lerp_mode": "catmullrom"
						},
						"1.0417": {
							"post": [40, 0, 0],
							"lerp_mode": "catmullrom"
						},
						"1.2083": {
							"post": [30, 0, 0],
							"lerp_mode": "catmullrom"
						},
						"1.2917": {
							"post": [28.30649, -15.2644, -6.59681],
							"lerp_mode": "catmullrom"
						},
						"1.4583": {
							"post": [14.75646, -28.55805, 28.49873],
							"lerp_mode": "catmullrom"
						},
						"1.7083": {
							"post": [10.62966, -30.20933, 36.8972],
							"lerp_mode": "catmullrom"
						},
						"1.75": {
							"post": [28.62832, 15.39647, 25.14156],
							"lerp_mode": "catmullrom"
						},
						"1.875": {
							"post": [-28.21494, 9.81278, 5.44887],
							"lerp_mode": "catmullrom"
						},
						"2.0417": {
							"post": [-77.33382, 13.19018, -17.3974],
							"lerp_mode": "catmullrom"
						},
						"2.2083": {
							"post": [-48.52711, 50.53852, 39.07142],
							"lerp_mode": "catmullrom"
						},
						"2.3333": {
							"post": [-72.89745, -45.33046, -15.56391],
							"lerp_mode": "catmullrom"
						},
						"2.4167": {
							"post": [27.92936, -47.12809, -113.03705],
							"lerp_mode": "catmullrom"
						},
						"2.5": {
							"post": [43.06366, 1.59015, -183.55709],
							"lerp_mode": "catmullrom"
						},
						"2.6667": {
							"post": [-33.05617, 1.82482, -359.90442],
							"lerp_mode": "catmullrom"
						},
						"2.8333": {
							"post": [4.88754, -7.24026, -531.46807],
							"lerp_mode": "catmullrom"
						},
						"3.5417": {
							"post": [1.91017, -0.90493, -724.09404],
							"lerp_mode": "catmullrom"
						},
						"3.9583": {
							"post": [-38.08983, -0.90493, -724.09404],
							"lerp_mode": "catmullrom"
						},
						"4.5417": {
							"post": [-38.09, -0.9, -724.09],
							"lerp_mode": "catmullrom"
						}
					},
					"position": {
						"0.0": {
							"post": [0, 0, 0],
							"lerp_mode": "catmullrom"
						},
						"0.5": {
							"post": [0, 0, 0],
							"lerp_mode": "catmullrom"
						},
						"0.6667": {
							"post": [0, 0, 0],
							"lerp_mode": "catmullrom"
						},
						"0.75": {
							"post": [0, 0, 0],
							"lerp_mode": "catmullrom"
						},
						"0.875": {
							"post": [0, -1, 0],
							"lerp_mode": "catmullrom"
						},
						"1.2917": {
							"post": [2, -0.09, 0],
							"lerp_mode": "catmullrom"
						},
						"1.7083": {
							"post": [2, -0.09, -3],
							"lerp_mode": "catmullrom"
						},
						"1.75": {
							"post": [1, 1.91, -5],
							"lerp_mode": "catmullrom"
						},
						"1.875": {
							"post": [1, 7.91, -2],
							"lerp_mode": "catmullrom"
						},
						"2.0417": {
							"post": [2, 10.91, -5],
							"lerp_mode": "catmullrom"
						},
						"2.2083": {
							"post": [-3, 14.91, -16],
							"lerp_mode": "catmullrom"
						},
						"2.3333": {
							"post": [-3, 15.91, -38],
							"lerp_mode": "catmullrom"
						},
						"2.4167": {
							"post": [7, 5.91, -33.5],
							"lerp_mode": "catmullrom"
						},
						"2.5": {
							"post": [7, 24.91, -27],
							"lerp_mode": "catmullrom"
						},
						"2.6667": {
							"post": [-1, 24.91, -27],
							"lerp_mode": "catmullrom"
						},
						"2.8333": {
							"post": [-1, 24.91, -27],
							"lerp_mode": "catmullrom"
						},
						"3.5417": {
							"post": [-1, 24.91, -27],
							"lerp_mode": "catmullrom"
						},
						"4.5417": {
							"post": [-1, 24.91, -27],
							"lerp_mode": "catmullrom"
						}
					}
				},
				"rightarm": {
					"rotation": {
						"0.0": {
							"post": [0, 0, 0],
							"lerp_mode": "catmullrom"
						},
						"0.5": {
							"post": [0, 0, 0],
							"lerp_mode": "catmullrom"
						},
						"0.6667": {
							"post": [7.5, 0, 10],
							"lerp_mode": "catmullrom"
						},
						"0.75": {
							"post": [-50, 0, 10],
							"lerp_mode": "catmullrom"
						},
						"0.875": {
							"post": [-2.5, 0, 10],
							"lerp_mode": "catmullrom"
						},
						"1.0417": {
							"post": [-40, 0, 10],
							"lerp_mode": "catmullrom"
						},
						"1.2083": {
							"post": [-35, 0, 10],
							"lerp_mode": "catmullrom"
						},
						"1.2917": {
							"post": [-33.663, 3.31986, 15.01948],
							"lerp_mode": "catmullrom"
						},
						"1.3333": {
							"post": [-29.83757, 19.20748, 39.83757],
							"lerp_mode": "catmullrom"
						},
						"1.4583": {
							"post": [-9.83757, 19.20748, 39.83757],
							"lerp_mode": "catmullrom"
						},
						"1.75": {
							"post": [-104.83757, 19.20748, 39.83757],
							"lerp_mode": "catmullrom"
						},
						"1.875": {
							"post": [-55.88748, -14.13575, 17.39617],
							"lerp_mode": "catmullrom"
						},
						"2.0417": {
							"post": [-170.03435, -10.20327, -20.79581],
							"lerp_mode": "catmullrom"
						},
						"2.2083": {
							"post": [-177.13744, -13.9404, 12.24608],
							"lerp_mode": "catmullrom"
						},
						"2.5": {
							"post": [-173.02036, -12.42652, -5.66468],
							"lerp_mode": "catmullrom"
						},
						"2.6667": {
							"post": [-176.52093, -13.8021, 9.67491],
							"lerp_mode": "catmullrom"
						},
						"2.8333": {
							"post": [-179.01835, -14.19235, 19.97391],
							"lerp_mode": "catmullrom"
						},
						"3.5417": {
							"post": [-171.95701, -11.77247, -10.73444],
							"lerp_mode": "catmullrom"
						},
						"3.9583": {
							"post": [-24.49854, -3.8145, 7.80249],
							"lerp_mode": "catmullrom"
						},
						"4.375": {
							"post": [-42.1251, 1.21395, 13.37031],
							"lerp_mode": "catmullrom"
						},
						"4.5417": {
							"post": [-34.57424, 14.50667, 31.74133],
							"lerp_mode": "catmullrom"
						}
					},
					"position": {
						"0.0": {
							"post": [0, 0, 0],
							"lerp_mode": "catmullrom"
						},
						"0.5": {
							"post": [0, 0, 0],
							"lerp_mode": "catmullrom"
						},
						"0.6667": {
							"post": [0, 0, 0],
							"lerp_mode": "catmullrom"
						},
						"1.0417": {
							"post": [0, 0, -1],
							"lerp_mode": "catmullrom"
						},
						"1.2083": {
							"post": [0, 0, 0],
							"lerp_mode": "catmullrom"
						},
						"1.4583": {
							"post": [0, 0, 2],
							"lerp_mode": "catmullrom"
						},
						"1.75": {
							"post": [-1, 0, -2],
							"lerp_mode": "catmullrom"
						},
						"2.0417": {
							"post": [-1, 4, -2],
							"lerp_mode": "catmullrom"
						},
						"2.6667": {
							"post": [-1, 3, -2],
							"lerp_mode": "catmullrom"
						},
						"3.9583": {
							"post": [-1, 1, -2],
							"lerp_mode": "catmullrom"
						},
						"4.5417": {
							"post": [-1, -3, 0],
							"lerp_mode": "catmullrom"
						}
					}
				},
				"leftarm": {
					"rotation": {
						"0.0": {
							"post": [0, 0, 0],
							"lerp_mode": "catmullrom"
						},
						"0.5": {
							"post": [0, 0, 0],
							"lerp_mode": "catmullrom"
						},
						"0.6667": {
							"post": [5, 0, -7.5],
							"lerp_mode": "catmullrom"
						},
						"0.75": {
							"post": [-35, 0, -7.5],
							"lerp_mode": "catmullrom"
						},
						"0.875": {
							"post": [2.5, 0, -7.5],
							"lerp_mode": "catmullrom"
						},
						"1.0417": {
							"post": [-47.5, 0, -7.5],
							"lerp_mode": "catmullrom"
						},
						"1.2083": {
							"post": [-25, 0, -7.5],
							"lerp_mode": "catmullrom"
						},
						"1.2917": {
							"post": [-29.6064, -3.24397, -11.44008],
							"lerp_mode": "catmullrom"
						},
						"1.3333": {
							"post": [-31.74769, 6.27967, 6.14973],
							"lerp_mode": "catmullrom"
						},
						"1.4583": {
							"post": [-40.19552, -21.22493, -23.45112],
							"lerp_mode": "catmullrom"
						},
						"1.75": {
							"post": [-72.69552, -21.22493, -23.45112],
							"lerp_mode": "catmullrom"
						},
						"1.875": {
							"post": [-64.66444, -45.37338, 45.16669],
							"lerp_mode": "catmullrom"
						},
						"2.0417": {
							"post": [-211.5654, 59.00853, -23.17314],
							"lerp_mode": "catmullrom"
						},
						"2.2083": {
							"post": [-244.0654, 59.00853, -23.17314],
							"lerp_mode": "catmullrom"
						},
						"2.5": {
							"post": [-195.59711, 68.43547, 11.05513],
							"lerp_mode": "catmullrom"
						},
						"2.6667": {
							"post": [-155.59711, 68.43547, 11.05513],
							"lerp_mode": "catmullrom"
						},
						"2.8333": {
							"post": [-185.59711, 68.43547, 11.05513],
							"lerp_mode": "catmullrom"
						},
						"3.5417": {
							"post": [-175.59711, 68.43547, 11.05513],
							"lerp_mode": "catmullrom"
						},
						"4.375": {
							"post": [-221.98814, 60.45978, -39.64932],
							"lerp_mode": "catmullrom"
						},
						"4.5417": {
							"post": [-241.20044, 40.47416, -64.03916],
							"lerp_mode": "catmullrom"
						}
					},
					"position": {
						"0.0": {
							"post": [0, 0, 0],
							"lerp_mode": "catmullrom"
						},
						"0.5": {
							"post": [0, 0, 0],
							"lerp_mode": "catmullrom"
						},
						"0.6667": {
							"post": [0, 0, 0],
							"lerp_mode": "catmullrom"
						},
						"1.0417": {
							"post": [0, 0, -1],
							"lerp_mode": "catmullrom"
						},
						"1.2083": {
							"post": [0, 0, 1],
							"lerp_mode": "catmullrom"
						},
						"1.4583": {
							"post": [2, -1, -1],
							"lerp_mode": "catmullrom"
						},
						"1.75": {
							"post": [0, 0, -3],
							"lerp_mode": "catmullrom"
						},
						"2.0417": {
							"post": [2, 4, 2],
							"lerp_mode": "catmullrom"
						},
						"2.6667": {
							"post": [0, 5, 2],
							"lerp_mode": "catmullrom"
						},
						"4.5417": {
							"post": [2, 0, 2],
							"lerp_mode": "catmullrom"
						}
					}
				},
				"head": {
					"rotation": {
						"0.0": {
							"post": [0, 0, 0],
							"lerp_mode": "catmullrom"
						},
						"0.5": {
							"post": [0, 0, 0],
							"lerp_mode": "catmullrom"
						},
						"0.6667": {
							"post": [-5, 0, 0],
							"lerp_mode": "catmullrom"
						},
						"0.75": {
							"post": [32.5, 0, 0],
							"lerp_mode": "catmullrom"
						},
						"0.875": {
							"post": [-25, 0, 0],
							"lerp_mode": "catmullrom"
						},
						"1.0417": {
							"post": [30, 0, 0],
							"lerp_mode": "catmullrom"
						},
						"1.2083": {
							"post": [12.5, 0, 0],
							"lerp_mode": "catmullrom"
						},
						"1.2917": {
							"post": [-1.84482, 4.04201, 5.34231],
							"lerp_mode": "catmullrom"
						},
						"1.3333": {
							"post": [11.57518, 4.75113, -22.01816],
							"lerp_mode": "catmullrom"
						},
						"1.4583": {
							"post": [13.2593, -21.66818, 5.26519],
							"lerp_mode": "catmullrom"
						},
						"1.7083": {
							"post": [9.47827, 9.48998, -10.90242],
							"lerp_mode": "catmullrom"
						},
						"1.75": {
							"post": [12.6605, -42.17859, -21.05644],
							"lerp_mode": "catmullrom"
						},
						"1.875": {
							"post": [-42.91574, -12.70719, -14.60632],
							"lerp_mode": "catmullrom"
						},
						"2.2083": {
							"post": [-40.5354, 19.94534, 20.45152],
							"lerp_mode": "catmullrom"
						},
						"2.5": {
							"post": [-24.37619, 6.09978, 2.50378],
							"lerp_mode": "catmullrom"
						},
						"2.6667": {
							"post": [-24.72627, 1.74868, -1.01275],
							"lerp_mode": "catmullrom"
						},
						"2.8333": {
							"post": [-27.42622, -9.6483, 15.5842],
							"lerp_mode": "catmullrom"
						},
						"3.5417": {
							"post": [-27.43, -9.65, 15.58],
							"lerp_mode": "catmullrom"
						},
						"3.9583": {
							"post": [-39.93, -9.65, 15.58],
							"lerp_mode": "catmullrom"
						},
						"4.375": {
							"post": [-39.92948, 9.64638, -0.39086],
							"lerp_mode": "catmullrom"
						},
						"4.5417": {
							"post": [-39.93, 9.65, -0.39],
							"lerp_mode": "catmullrom"
						}
					},
					"position": {
						"0.0": {
							"post": [0, 0, 0],
							"lerp_mode": "catmullrom"
						},
						"0.5": {
							"post": [0, 0, 0],
							"lerp_mode": "catmullrom"
						},
						"0.6667": {
							"post": [0, 0, 0],
							"lerp_mode": "catmullrom"
						},
						"4.5417": {
							"post": [0, 0, 0],
							"lerp_mode": "catmullrom"
						}
					}
				},
				"rightleg": {
					"rotation": {
						"0.0": {
							"post": [0, 0, 0],
							"lerp_mode": "catmullrom"
						},
						"0.5": {
							"post": [0, 0, 0],
							"lerp_mode": "catmullrom"
						},
						"0.6667": {
							"post": [12.5, 0, 0],
							"lerp_mode": "catmullrom"
						},
						"0.75": {
							"post": [-7.5, 0, 0],
							"lerp_mode": "catmullrom"
						},
						"1.2083": {
							"post": [-7.51681, 8.41262, 6.45804],
							"lerp_mode": "catmullrom"
						},
						"1.2917": {
							"post": [-7.26597, 8.17321, 6.51853],
							"lerp_mode": "catmullrom"
						},
						"1.3333": {
							"post": [-2.27264, 11.03479, 36.79211],
							"lerp_mode": "catmullrom"
						},
						"1.4583": {
							"post": [2.1774, 11.05375, 59.72238],
							"lerp_mode": "catmullrom"
						},
						"1.7083": {
							"post": [5.42953, 9.88336, 77.48146],
							"lerp_mode": "catmullrom"
						},
						"1.75": {
							"post": [-59.43109, 6.89379, 10.15788],
							"lerp_mode": "catmullrom"
						},
						"1.875": {
							"post": [-39.43109, 6.89379, 10.15788],
							"lerp_mode": "catmullrom"
						},
						"2.0417": {
							"post": [-64.85553, -2.70887, -1.38683],
							"lerp_mode": "catmullrom"
						},
						"2.2083": {
							"post": [-81.05938, 17.59997, 8.43518],
							"lerp_mode": "catmullrom"
						},
						"2.3333": {
							"post": [59.44265, -73.0596, -144.83158],
							"lerp_mode": "catmullrom"
						},
						"2.4167": {
							"post": [62.27387, -26.435, -167.8184],
							"lerp_mode": "catmullrom"
						},
						"2.5": {
							"post": [25.10509, 20.1896, -190.80521],
							"lerp_mode": "catmullrom"
						},
						"2.6667": {
							"post": [-29.05885, 5.38794, -364.41748],
							"lerp_mode": "catmullrom"
						},
						"2.8333": {
							"post": [19.61095, -22.50463, -506.95883],
							"lerp_mode": "catmullrom"
						},
						"3.5417": {
							"post": [2.5649, 11.32272, -713.29249],
							"lerp_mode": "catmullrom"
						},
						"4.5417": {
							"post": [-60.50369, -3.8954, -721.97718],
							"lerp_mode": "catmullrom"
						}
					},
					"position": {
						"0.0": {
							"post": [0, 0, 0],
							"lerp_mode": "catmullrom"
						},
						"0.5": {
							"post": [0, 0, 0],
							"lerp_mode": "catmullrom"
						},
						"0.6667": {
							"post": [0, 0, 1],
							"lerp_mode": "catmullrom"
						},
						"0.75": {
							"post": [0, 0, -2],
							"lerp_mode": "catmullrom"
						},
						"0.875": {
							"post": [0, 0, -4],
							"lerp_mode": "catmullrom"
						},
						"1.2083": {
							"post": [-2, 0, -4],
							"lerp_mode": "catmullrom"
						},
						"1.2917": {
							"post": [1, 0.67, -4],
							"lerp_mode": "catmullrom"
						},
						"1.3333": {
							"post": [1, 1, -4],
							"lerp_mode": "catmullrom"
						},
						"1.7083": {
							"post": [1, 2, -8],
							"lerp_mode": "catmullrom"
						},
						"1.75": {
							"post": [1, 2, -7],
							"lerp_mode": "catmullrom"
						},
						"1.875": {
							"post": [1, 9, -5],
							"lerp_mode": "catmullrom"
						},
						"2.0417": {
							"post": [1, 11, -5],
							"lerp_mode": "catmullrom"
						},
						"2.2083": {
							"post": [-5, 15, -16],
							"lerp_mode": "catmullrom"
						},
						"2.3333": {
							"post": [0, 15, -40],
							"lerp_mode": "catmullrom"
						},
						"2.4167": {
							"post": [11, 5.5, -34.5],
							"lerp_mode": "catmullrom"
						},
						"2.5": {
							"post": [10, 25, -25],
							"lerp_mode": "catmullrom"
						},
						"2.6667": {
							"post": [-1, 25, -28],
							"lerp_mode": "catmullrom"
						},
						"2.8333": {
							"post": [3, 27, -28],
							"lerp_mode": "catmullrom"
						},
						"3.2917": {
							"post": [0.41, 27.06, -28],
							"lerp_mode": "catmullrom"
						},
						"3.5417": {
							"post": [-1, 24, -28],
							"lerp_mode": "catmullrom"
						},
						"4.375": {
							"post": [-1, 29, -30],
							"lerp_mode": "catmullrom"
						},
						"4.5417": {
							"post": [-1, 29, -30],
							"lerp_mode": "catmullrom"
						}
					}
				},
				"leftleg": {
					"rotation": {
						"0.0": {
							"post": [0, 0, 0],
							"lerp_mode": "catmullrom"
						},
						"0.5": {
							"post": [0, 0, 0],
							"lerp_mode": "catmullrom"
						},
						"0.6667": {
							"post": [-7.5, 0, -10],
							"lerp_mode": "catmullrom"
						},
						"0.75": {
							"post": [-20, 0, -10],
							"lerp_mode": "catmullrom"
						},
						"0.875": {
							"post": [17.5, 0, -10],
							"lerp_mode": "catmullrom"
						},
						"1.2083": {
							"post": [17.51565, -2.38422, -10.7522],
							"lerp_mode": "catmullrom"
						},
						"1.2917": {
							"post": [16.99962, -2.34802, -10.68076],
							"lerp_mode": "catmullrom"
						},
						"1.3333": {
							"post": [14.11637, -10.7416, 18.28133],
							"lerp_mode": "catmullrom"
						},
						"1.4583": {
							"post": [6.8421, -16.33298, 48.63213],
							"lerp_mode": "catmullrom"
						},
						"1.7083": {
							"post": [3.04883, -17.41543, 61.64809],
							"lerp_mode": "catmullrom"
						},
						"1.75": {
							"post": [-53.55307, -9.62443, -17.43296],
							"lerp_mode": "catmullrom"
						},
						"1.875": {
							"post": [-33.55307, -9.62443, -17.43296],
							"lerp_mode": "catmullrom"
						},
						"2.0417": {
							"post": [-75.78197, 14.64689, -11.38954],
							"lerp_mode": "catmullrom"
						},
						"2.2083": {
							"post": [-72.84309, 36.33598, -4.68904],
							"lerp_mode": "catmullrom"
						},
						"2.3333": {
							"post": [18.68321, -72.4649, -93.62865],
							"lerp_mode": "catmullrom"
						},
						"2.5": {
							"post": [53.55109, 19.52871, -176.78126],
							"lerp_mode": "catmullrom"
						},
						"2.6667": {
							"post": [-18.6638, 7.48992, -365.06076],
							"lerp_mode": "catmullrom"
						},
						"2.8333": {
							"post": [17.14753, -10.57178, -535.42656],
							"lerp_mode": "catmullrom"
						},
						"3.5417": {
							"post": [-19.21788, 5.86602, -729.82219],
							"lerp_mode": "catmullrom"
						},
						"4.375": {
							"post": [-39.21788, 5.86602, -729.82219],
							"lerp_mode": "catmullrom"
						},
						"4.5417": {
							"post": [33.16438, -6.57361, -711.03632],
							"lerp_mode": "catmullrom"
						}
					},
					"position": {
						"0.0": {
							"post": [0, 0, 0],
							"lerp_mode": "catmullrom"
						},
						"0.5": {
							"post": [0, 0, 0],
							"lerp_mode": "catmullrom"
						},
						"0.6667": {
							"post": [0, 0, -2],
							"lerp_mode": "catmullrom"
						},
						"0.75": {
							"post": [0, 0, -3],
							"lerp_mode": "catmullrom"
						},
						"0.875": {
							"post": [0, -1, 0],
							"lerp_mode": "catmullrom"
						},
						"1.2083": {
							"post": [1, -1, 0],
							"lerp_mode": "catmullrom"
						},
						"1.3333": {
							"post": [3, 0, 0],
							"lerp_mode": "catmullrom"
						},
						"1.7083": {
							"post": [3, 0, -5],
							"lerp_mode": "catmullrom"
						},
						"1.75": {
							"post": [3, 0, -7],
							"lerp_mode": "catmullrom"
						},
						"1.875": {
							"post": [3, 9, -6],
							"lerp_mode": "catmullrom"
						},
						"2.0417": {
							"post": [3, 11, -6],
							"lerp_mode": "catmullrom"
						},
						"2.2083": {
							"post": [-4, 17, -19],
							"lerp_mode": "catmullrom"
						},
						"2.3333": {
							"post": [-4, 17, -36],
							"lerp_mode": "catmullrom"
						},
						"2.4167": {
							"post": [4, 7, -32],
							"lerp_mode": "catmullrom"
						},
						"2.5": {
							"post": [2, 26, -28],
							"lerp_mode": "catmullrom"
						},
						"2.6667": {
							"post": [-1, 25, -28],
							"lerp_mode": "catmullrom"
						},
						"2.8333": {
							"post": [-6, 27, -28],
							"lerp_mode": "catmullrom"
						},
						"3.0833": {
							"post": [-5.24, 22.94, -28],
							"lerp_mode": "catmullrom"
						},
						"3.5417": {
							"post": [-1, 24, -28],
							"lerp_mode": "catmullrom"
						},
						"3.9583": {
							"post": [-1, 31, -31],
							"lerp_mode": "catmullrom"
						},
						"4.375": {
							"post": [-1, 24, -31],
							"lerp_mode": "catmullrom"
						},
						"4.5417": {
							"post": [0, 24, -28],
							"lerp_mode": "catmullrom"
						}
					}
				}
			}
		}
	}
}