{
	"format_version": "1.8.0",
	"animations": {
		"animation.broly.erease_cannon": {
			"animation_length": 2.375,
			"bones": {
				"waist": {
					"rotation": {
						"0.0": {
							"post": [0, 0, 0],
							"lerp_mode": "catmullrom"
						},
						"0.1667": {
							"post": [7.5, 0, 0],
							"lerp_mode": "catmullrom"
						},
						"0.3333": {
							"post": [25.85866, 26.70223, 2.44758],
							"lerp_mode": "catmullrom"
						},
						"0.5833": {
							"post": [52.2646, 42.35445, 22.24966],
							"lerp_mode": "catmullrom"
						},
						"1.2083": {
							"post": [58.65976, 45.28129, 27.87133],
							"lerp_mode": "catmullrom"
						},
						"1.375": {
							"post": [36.11392, -19.21684, -7.6083],
							"lerp_mode": "catmullrom"
						},
						"1.5417": {
							"post": [37.96133, -25.20752, -12.48595],
							"lerp_mode": "catmullrom"
						},
						"1.7083": {
							"post": [37.27486, -23.22712, -10.81279],
							"lerp_mode": "catmullrom"
						},
						"2.0": {
							"post": [34.16036, -21.22954, -9.18876],
							"lerp_mode": "catmullrom"
						},
						"2.1667": {
							"post": [0.92967, 2.46078, 0.28958],
							"lerp_mode": "catmullrom"
						},
						"2.375": {
							"post": [0, 0, 0],
							"lerp_mode": "catmullrom"
						}
					},
					"position": {
						"0.0": {
							"post": [0, 0, 0],
							"lerp_mode": "catmullrom"
						},
						"0.1667": {
							"post": [0, 0, 2],
							"lerp_mode": "catmullrom"
						},
						"0.3333": {
							"post": [3, -1, 5],
							"lerp_mode": "catmullrom"
						},
						"1.375": {
							"post": [2, -1, 5],
							"lerp_mode": "catmullrom"
						},
						"1.9167": {
							"post": [2, -1, 5],
							"lerp_mode": "catmullrom"
						},
						"2.1667": {
							"post": [1, 0, 1],
							"lerp_mode": "catmullrom"
						},
						"2.375": {
							"post": [0, 0, 0],
							"lerp_mode": "catmullrom"
						}
					}
				},
				"rightarm": {
					"rotation": {
						"0.0": {
							"post": [0, 0, 0],
							"lerp_mode": "catmullrom"
						},
						"0.1667": {
							"post": [-12.2127, 2.68507, 12.2127],
							"lerp_mode": "catmullrom"
						},
						"0.3333": {
							"post": [19.7057, 27.81558, 37.13548],
							"lerp_mode": "catmullrom"
						},
						"1.2083": {
							"post": [25.20061, 33.68464, 43.30102],
							"lerp_mode": "catmullrom"
						},
						"1.375": {
							"post": [-68.6809, 12.96048, 33.67585],
							"lerp_mode": "catmullrom"
						},
						"1.4583": {
							"post": [-177.17052, 13.16915, 61.92077],
							"lerp_mode": "catmullrom"
						},
						"1.7083": {
							"post": [-167.17052, 13.16915, 61.92077],
							"lerp_mode": "catmullrom"
						},
						"2.0": {
							"post": [-147.17052, 13.16915, 61.92077],
							"lerp_mode": "catmullrom"
						},
						"2.1667": {
							"post": [-3.86355, -4.6147, 2.35499],
							"lerp_mode": "catmullrom"
						},
						"2.375": {
							"post": [0, 0, 0],
							"lerp_mode": "catmullrom"
						}
					},
					"position": {
						"0.0": {
							"post": [0, 0, 0],
							"lerp_mode": "catmullrom"
						},
						"0.3333": {
							"post": [0, 0, 3],
							"lerp_mode": "catmullrom"
						},
						"0.5833": {
							"post": [0, -1, 3],
							"lerp_mode": "catmullrom"
						},
						"1.375": {
							"post": [0, 0, -1],
							"lerp_mode": "catmullrom"
						},
						"1.4583": {
							"post": [3, 0, -5],
							"lerp_mode": "catmullrom"
						},
						"1.7083": {
							"post": [2, 0, -5],
							"lerp_mode": "catmullrom"
						},
						"2.0": {
							"post": [1, 0, -5],
							"lerp_mode": "catmullrom"
						},
						"2.1667": {
							"post": [0, 0, 0],
							"lerp_mode": "catmullrom"
						},
						"2.375": {
							"post": [0, 0, 0],
							"lerp_mode": "catmullrom"
						}
					}
				},
				"leftarm": {
					"rotation": {
						"0.0": {
							"post": [0, 0, 0],
							"lerp_mode": "catmullrom"
						},
						"0.1667": {
							"post": [0, 0, -5],
							"lerp_mode": "catmullrom"
						},
						"0.3333": {
							"post": [-44.57389, -8.41531, -32.75412],
							"lerp_mode": "catmullrom"
						},
						"0.5833": {
							"post": [-59.90658, 2.39247, -26.45572],
							"lerp_mode": "catmullrom"
						},
						"1.375": {
							"post": [-22.2452, -22.17212, -38.75466],
							"lerp_mode": "catmullrom"
						},
						"1.7083": {
							"post": [-19.7452, -22.17212, -38.75466],
							"lerp_mode": "catmullrom"
						},
						"2.1667": {
							"post": [-3.19464, -7.51671, -4.57284],
							"lerp_mode": "catmullrom"
						},
						"2.375": {
							"post": [0, 0, 0],
							"lerp_mode": "catmullrom"
						}
					},
					"position": {
						"0.0": {
							"post": [0, 0, 0],
							"lerp_mode": "catmullrom"
						},
						"0.5833": {
							"post": [0, -1, -1],
							"lerp_mode": "catmullrom"
						},
						"1.2083": {
							"post": [1, -1, -1],
							"lerp_mode": "catmullrom"
						},
						"1.375": {
							"post": [0, -1, 4],
							"lerp_mode": "catmullrom"
						},
						"1.5417": {
							"post": [-1, -1, 5],
							"lerp_mode": "catmullrom"
						},
						"2.1667": {
							"post": [0, 0, 0],
							"lerp_mode": "catmullrom"
						},
						"2.375": {
							"post": [0, 0, 0],
							"lerp_mode": "catmullrom"
						}
					}
				},
				"head": {
					"rotation": {
						"0.0": {
							"post": [0, 0, 0],
							"lerp_mode": "catmullrom"
						},
						"0.1667": {
							"post": [-5, 0, 0],
							"lerp_mode": "catmullrom"
						},
						"0.3333": {
							"post": [-22.09519, -19.37964, 7.09519],
							"lerp_mode": "catmullrom"
						},
						"0.5833": {
							"post": [-38.87861, -39.22017, 19.70957],
							"lerp_mode": "catmullrom"
						},
						"1.2083": {
							"post": [-43.87861, -39.22017, 19.70957],
							"lerp_mode": "catmullrom"
						},
						"1.375": {
							"post": [-31.00368, 12.04863, -4.32468],
							"lerp_mode": "catmullrom"
						},
						"1.5417": {
							"post": [-30.20029, 20.16524, -0.25867],
							"lerp_mode": "catmullrom"
						},
						"1.7083": {
							"post": [-31.96767, 23.1588, -5.33777],
							"lerp_mode": "catmullrom"
						},
						"2.0": {
							"post": [-29.46767, 23.1588, -5.33777],
							"lerp_mode": "catmullrom"
						},
						"2.1667": {
							"post": [-4.62065, -0.14373, -1.15125],
							"lerp_mode": "catmullrom"
						},
						"2.375": {
							"post": [0, 0, 0],
							"lerp_mode": "catmullrom"
						}
					}
				},
				"rightleg": {
					"rotation": {
						"0.0": {
							"post": [0, 0, 0],
							"lerp_mode": "catmullrom"
						},
						"0.1667": {
							"post": [10, 0, 0],
							"lerp_mode": "catmullrom"
						},
						"0.3333": {
							"post": [49.26926, 13.35981, 15.02126],
							"lerp_mode": "catmullrom"
						},
						"0.5833": {
							"post": [53.10757, 22.79919, 27.30492],
							"lerp_mode": "catmullrom"
						},
						"1.2083": {
							"post": [53.39391, 26.29761, 27.86253],
							"lerp_mode": "catmullrom"
						},
						"1.7083": {
							"post": [54.42495, 27.77048, 30.13053],
							"lerp_mode": "catmullrom"
						},
						"1.9167": {
							"post": [54.42495, 27.77048, 30.13053],
							"lerp_mode": "catmullrom"
						},
						"2.0417": {
							"post": [38.6112, 9.9703, 10.9064],
							"lerp_mode": "catmullrom"
						},
						"2.1667": {
							"post": [-3.04568, 1.07021, 1.29433],
							"lerp_mode": "catmullrom"
						},
						"2.375": {
							"post": [0, 0, 0],
							"lerp_mode": "catmullrom"
						}
					},
					"position": {
						"0.0": {
							"post": [0, 0, 0],
							"lerp_mode": "catmullrom"
						},
						"0.1667": {
							"post": [0, 1, 0],
							"lerp_mode": "catmullrom"
						},
						"0.3333": {
							"post": [1, -3, 5],
							"lerp_mode": "catmullrom"
						},
						"0.5833": {
							"post": [1, -3, 6],
							"lerp_mode": "catmullrom"
						},
						"1.375": {
							"post": [2, -3, 6],
							"lerp_mode": "catmullrom"
						},
						"1.9167": {
							"post": [2, -3, 6],
							"lerp_mode": "catmullrom"
						},
						"2.0417": {
							"post": [1.11, -0.32, -0.47],
							"lerp_mode": "catmullrom"
						},
						"2.1667": {
							"post": [1, 0, 1],
							"lerp_mode": "catmullrom"
						},
						"2.375": {
							"post": [0, 0, 0],
							"lerp_mode": "catmullrom"
						}
					}
				},
				"leftleg": {
					"rotation": {
						"0.0": {
							"post": [0, 0, 0],
							"lerp_mode": "catmullrom"
						},
						"0.1667": {
							"post": [-2.74175, -0.01387, 3.36983],
							"lerp_mode": "catmullrom"
						},
						"0.3333": {
							"post": [-15.50409, 14.47751, -3.96713],
							"lerp_mode": "catmullrom"
						},
						"0.5833": {
							"post": [-10.50409, 14.47751, -3.96713],
							"lerp_mode": "catmullrom"
						},
						"1.2083": {
							"post": [-11.01857, 11.55483, -6.00829],
							"lerp_mode": "catmullrom"
						},
						"1.7083": {
							"post": [-10.86644, 6.64562, -5.04736],
							"lerp_mode": "catmullrom"
						},
						"2.1667": {
							"post": [-0.78808, -0.81759, -2.43663],
							"lerp_mode": "catmullrom"
						},
						"2.375": {
							"post": [0, 0, 0],
							"lerp_mode": "catmullrom"
						}
					},
					"position": {
						"0.0": {
							"post": [0, 0, 0],
							"lerp_mode": "catmullrom"
						},
						"0.1667": {
							"post": [0.63, -0.63, 0.75],
							"lerp_mode": "catmullrom"
						},
						"0.3333": {
							"post": [1, -1, 0],
							"lerp_mode": "catmullrom"
						},
						"1.375": {
							"post": [2, -1, 0],
							"lerp_mode": "catmullrom"
						},
						"2.1667": {
							"post": [1, 0, 1],
							"lerp_mode": "catmullrom"
						},
						"2.375": {
							"post": [0, 0, 0],
							"lerp_mode": "catmullrom"
						}
					}
				},
				"locator": {
					"rotation": {
						"0.0": [0, 0, 0],
						"1.0833": [0, -85, 0],
						"1.3333": [0, 0, 0],
						"1.375": [87.5, 0, 0]
					},
					"position": {
						"0.0": {
							"post": [1, 18, 17],
							"lerp_mode": "catmullrom"
						},
						"1.0833": {
							"post": [1, 18, 17],
							"lerp_mode": "catmullrom"
						},
						"1.2083": {
							"post": [1, 18, 17],
							"lerp_mode": "catmullrom"
						},
						"1.25": {
							"post": [-9, 16, 11.5],
							"lerp_mode": "catmullrom"
						},
						"1.2917": {
							"post": [-14, 13, 3.33],
							"lerp_mode": "catmullrom"
						},
						"1.3333": {
							"post": [-10.5, 10.5, -5.83],
							"lerp_mode": "catmullrom"
						},
						"1.375": {
							"post": [-3, 10, -13],
							"lerp_mode": "catmullrom"
						},
						"1.4167": {
							"post": [3, 20, -19],
							"lerp_mode": "catmullrom"
						},
						"1.4583": {
							"post": [3, 20, -13.5],
							"lerp_mode": "catmullrom"
						},
						"1.5": {
							"post": [3, 20, -15],
							"lerp_mode": "catmullrom"
						},
						"1.7917": {
							"post": [3, 20, -14.53],
							"lerp_mode": "catmullrom"
						},
						"1.8333": {
							"post": [3, 20, -14.4],
							"lerp_mode": "catmullrom"
						},
						"1.875": {
							"post": [3, 20, -143.33],
							"lerp_mode": "catmullrom"
						},
						"2.375": {
							"post": [3, -39, -314],
							"lerp_mode": "catmullrom"
						}
					}
				},
				"locator2": {
					"rotation": {
						"1.1667": [252.34078, -79.64685, -280.88003],
						"1.4167": [174.45411, -61.75965, -203.23681],
						"1.6667": [177.29448, -14.3562, -207.45469]
					},
					"position": [0, 24, 0]
				}
			},
			"sound_effects": {
				"0.0": {
					"effect": "ereaser_cannon"
				}
			},
			"particle_effects": {
				"0.0": [
					{
						"effect": "brolycharge",
						"locator": "p"
					},
					{
						"effect": "charging_skill",
						"locator": "ki"
					}
				],
				"0.5": {
					"effect": "brolystar",
					"locator": "ki"
				},
				"0.5833": {
					"effect": "brolyba",
					"locator": "p"
				},
				"1.2083": {
					"effect": "brolyslash",
					"locator": "p2"
				},
				"1.4167": {
					"effect": "trhows2",
					"locator": "p"
				}
			}
		}
	}
}