{
	"format_version": "1.8.0",
	"animations": {
		"animation.freeza.stop": {
			"loop": true,
			"animation_length": 2.2917,
			"bones": {
				"waist": {
					"rotation": {
						"0.0": {
							"post": [-9.99067, -0.43399, -2.46207],
							"lerp_mode": "catmullrom"
						},
						"1.0": {
							"post": [-5, 0, 0],
							"lerp_mode": "catmullrom"
						},
						"1.5833": {
							"post": [-2.58754, 0.11294, 2.49745],
							"lerp_mode": "catmullrom"
						},
						"1.9167": {
							"post": [-6.04, -0.15, 0.3],
							"lerp_mode": "catmullrom"
						},
						"2.0417": {
							"post": [-7.89, -0.29, -0.93],
							"lerp_mode": "catmullrom"
						},
						"2.2917": {
							"post": [-9.99067, -0.43399, -2.46207],
							"lerp_mode": "catmullrom"
						}
					},
					"position": {
						"0.0": {
							"post": [0, 0, 0],
							"lerp_mode": "catmullrom"
						},
						"0.3333": {
							"post": [0, -0.32, 0],
							"lerp_mode": "catmullrom"
						},
						"0.75": {
							"post": [0, 0, 0],
							"lerp_mode": "catmullrom"
						},
						"1.0": {
							"post": [0, 0, 0],
							"lerp_mode": "catmullrom"
						},
						"1.375": {
							"post": [0, -0.32, 0],
							"lerp_mode": "catmullrom"
						},
						"2.2917": {
							"post": [0, 0, 0],
							"lerp_mode": "catmullrom"
						}
					}
				},
				"head": {
					"rotation": {
						"0.0": {
							"post": [12.48848, -0.54094, 2.44081],
							"lerp_mode": "catmullrom"
						},
						"0.75": {
							"post": [3.94804, 0.04957, -1.94107],
							"lerp_mode": "catmullrom"
						},
						"1.0": {
							"post": [2.5, 0, 0],
							"lerp_mode": "catmullrom"
						},
						"1.4167": {
							"post": [11.1996, 0.48587, -2.45236],
							"lerp_mode": "catmullrom"
						},
						"2.2917": {
							"post": [12.48848, -0.54094, 2.44081],
							"lerp_mode": "catmullrom"
						}
					}
				},
				"leftarm": {
					"rotation": {
						"0.0": {
							"post": [5.02685, -61.65564, -24.44239],
							"lerp_mode": "catmullrom"
						},
						"0.75": {
							"post": [3.63266, -54.27861, -19.4369],
							"lerp_mode": "catmullrom"
						},
						"1.4167": {
							"post": [-11.30287, -50.55321, -3.9303],
							"lerp_mode": "catmullrom"
						},
						"1.875": {
							"post": [-0.13587, -55.82406, -17.93417],
							"lerp_mode": "catmullrom"
						},
						"2.2917": {
							"post": [5.03, -61.66, -24.44],
							"lerp_mode": "catmullrom"
						}
					},
					"position": {
						"0.0": {
							"post": [0.34956, -0.93276, -0.08818],
							"lerp_mode": "catmullrom"
						},
						"0.375": {
							"post": [0.35, -0.64, -0.09],
							"lerp_mode": "catmullrom"
						},
						"0.75": {
							"post": [0.35, -1.43, -0.09],
							"lerp_mode": "catmullrom"
						},
						"1.4167": {
							"post": [0.35, -0.63, -0.09],
							"lerp_mode": "catmullrom"
						},
						"1.875": {
							"post": [0.35, -0.43, -0.09],
							"lerp_mode": "catmullrom"
						},
						"2.2917": {
							"post": [0.35, -0.93, -0.09],
							"lerp_mode": "catmullrom"
						}
					}
				},
				"rightarm": {
					"rotation": {
						"0.0": {
							"post": [0, 50, 20],
							"lerp_mode": "catmullrom"
						},
						"0.75": {
							"post": [7.75395, 49.98052, 20.33777],
							"lerp_mode": "catmullrom"
						},
						"1.4167": {
							"post": [-1.56552, 45.75005, 15.89268],
							"lerp_mode": "catmullrom"
						},
						"1.875": {
							"post": [1.93181, 47.79957, 22.45422],
							"lerp_mode": "catmullrom"
						},
						"2.2917": {
							"post": [0, 50, 20],
							"lerp_mode": "catmullrom"
						}
					},
					"position": {
						"0.0": {
							"post": [-0.38268, -0.92388, 0],
							"lerp_mode": "catmullrom"
						},
						"0.375": {
							"post": [-0.38, -0.63, 0],
							"lerp_mode": "catmullrom"
						},
						"0.75": {
							"post": [-0.38, -1.42, 0],
							"lerp_mode": "catmullrom"
						},
						"1.4167": {
							"post": [-0.38, -0.62, 0],
							"lerp_mode": "catmullrom"
						},
						"1.875": {
							"post": [-0.38, -0.42, 0],
							"lerp_mode": "catmullrom"
						},
						"2.2917": {
							"post": [-0.38, -0.92, 0],
							"lerp_mode": "catmullrom"
						}
					}
				},
				"leftleg": {
					"rotation": {
						"0.0": {
							"post": [-5.04904, -7.86056, 0.57946],
							"lerp_mode": "catmullrom"
						},
						"2.2917": {
							"post": [-5.04904, -7.86056, 0.57946],
							"lerp_mode": "catmullrom"
						}
					},
					"position": {
						"0.0": {
							"post": [0, 0, -2],
							"lerp_mode": "catmullrom"
						},
						"2.2917": {
							"post": [0, 0, -2],
							"lerp_mode": "catmullrom"
						}
					}
				},
				"rightleg": {
					"rotation": {
						"0.0": {
							"post": [10.3982, 34.99229, 5.20699],
							"lerp_mode": "catmullrom"
						},
						"2.2917": {
							"post": [10.4, 34.99, 5.21],
							"lerp_mode": "catmullrom"
						}
					},
					"position": {
						"0.0": {
							"post": [0, 0, 0],
							"lerp_mode": "catmullrom"
						},
						"2.2917": {
							"post": [0, 0, 0],
							"lerp_mode": "catmullrom"
						}
					}
				},
				"tail": {
					"rotation": {
						"0.0": {
							"post": [0, 25, 0],
							"lerp_mode": "catmullrom"
						},
						"0.375": {
							"post": [10, 32.5, 0],
							"lerp_mode": "catmullrom"
						},
						"0.5833": {
							"post": [11.39648, -26.97266, 0],
							"lerp_mode": "catmullrom"
						},
						"0.7083": {
							"post": [0, -57.5, 0],
							"lerp_mode": "catmullrom"
						},
						"1.0": {
							"post": [0, -45, 0],
							"lerp_mode": "catmullrom"
						},
						"1.375": {
							"post": [-3.2194, -47.617, 11.12197],
							"lerp_mode": "catmullrom"
						},
						"1.7917": {
							"post": [0, 37.5, 0],
							"lerp_mode": "catmullrom"
						},
						"2.2917": {
							"post": [0, 25, 0],
							"lerp_mode": "catmullrom"
						}
					}
				},
				"tail2": {
					"rotation": {
						"0.0": {
							"post": [0, 22.5, 0],
							"lerp_mode": "catmullrom"
						},
						"0.375": {
							"post": [-17.5, 32.5, 0],
							"lerp_mode": "catmullrom"
						},
						"0.5833": {
							"post": [3.18115, 38.96973, 0],
							"lerp_mode": "catmullrom"
						},
						"0.7083": {
							"post": [-19.91827, 29.48988, -32.00348],
							"lerp_mode": "catmullrom"
						},
						"1.0": {
							"post": [0, -25, 0],
							"lerp_mode": "catmullrom"
						},
						"1.4167": {
							"post": [22.5, -30, 0],
							"lerp_mode": "catmullrom"
						},
						"1.7917": {
							"post": [0, -42.5, 0],
							"lerp_mode": "catmullrom"
						},
						"2.2917": {
							"post": [0, 22.5, 0],
							"lerp_mode": "catmullrom"
						}
					}
				},
				"tail3": {
					"rotation": {
						"0.0": {
							"post": [0, 25, 0],
							"lerp_mode": "catmullrom"
						},
						"0.375": {
							"post": [-7.5, 32.5, 0],
							"lerp_mode": "catmullrom"
						},
						"0.5833": {
							"post": [4.57764, 41.77734, 0],
							"lerp_mode": "catmullrom"
						},
						"0.7083": {
							"post": [-10, 37.5, 0],
							"lerp_mode": "catmullrom"
						},
						"1.0": {
							"post": [0, -40, 0],
							"lerp_mode": "catmullrom"
						},
						"1.4167": {
							"post": [20, -42.5, 0],
							"lerp_mode": "catmullrom"
						},
						"1.7917": {
							"post": [0, -55, 0],
							"lerp_mode": "catmullrom"
						},
						"2.2917": {
							"post": [0, 25, 0],
							"lerp_mode": "catmullrom"
						}
					}
				},
				"tail4": {
					"rotation": {
						"0.0": {
							"post": [0, 25, 0],
							"lerp_mode": "catmullrom"
						},
						"0.375": {
							"post": [-10, 40, 0],
							"lerp_mode": "catmullrom"
						},
						"0.5833": {
							"post": [-11.15231, 53.32305, -3.43512],
							"lerp_mode": "catmullrom"
						},
						"0.7083": {
							"post": [-25, 47.5, 0],
							"lerp_mode": "catmullrom"
						},
						"1.0": {
							"post": [0, -50, 0],
							"lerp_mode": "catmullrom"
						},
						"1.4167": {
							"post": [17.5, -52.5, 0],
							"lerp_mode": "catmullrom"
						},
						"1.7917": {
							"post": [0, -60, 0],
							"lerp_mode": "catmullrom"
						},
						"2.2917": {
							"post": [0, 25, 0],
							"lerp_mode": "catmullrom"
						}
					}
				},
				"tail5": {
					"rotation": {
						"0.0": {
							"post": [17.5, 17.5, 0],
							"lerp_mode": "catmullrom"
						},
						"0.4583": {
							"post": [-10.46875, 17.5, 0],
							"lerp_mode": "catmullrom"
						},
						"0.6667": {
							"post": [-5, 17.5, 0],
							"lerp_mode": "catmullrom"
						},
						"1.0": {
							"post": [6.2915, -39.77145, 5.48795],
							"lerp_mode": "catmullrom"
						},
						"1.375": {
							"post": [-16.2085, -39.77145, 5.48795],
							"lerp_mode": "catmullrom"
						},
						"1.7083": {
							"post": [-3.02885, -19.80497, 4.14065],
							"lerp_mode": "catmullrom"
						},
						"1.875": {
							"post": [-3.47009, -34.78123, 5.0947],
							"lerp_mode": "catmullrom"
						},
						"2.2917": {
							"post": [17.5, 17.5, 0],
							"lerp_mode": "catmullrom"
						}
					}
				},
				"tail6": {
					"rotation": {
						"0.0": {
							"post": [17.5, 0, 0],
							"lerp_mode": "catmullrom"
						},
						"0.4583": {
							"post": [-16.25, 0, 0],
							"lerp_mode": "catmullrom"
						},
						"0.6667": {
							"post": [-2.5, 0, 0],
							"lerp_mode": "catmullrom"
						},
						"1.0": {
							"post": [17.33978, -19.98015, 0.90956],
							"lerp_mode": "catmullrom"
						},
						"1.375": {
							"post": [-0.16022, -19.98015, 0.90956],
							"lerp_mode": "catmullrom"
						},
						"1.7083": {
							"post": [14.16065, -10.29698, 3.50034],
							"lerp_mode": "catmullrom"
						},
						"1.875": {
							"post": [16.964, -34.41476, -3.69925],
							"lerp_mode": "catmullrom"
						},
						"2.2917": {
							"post": [17.5, 0, 0],
							"lerp_mode": "catmullrom"
						}
					}
				}
			}
		},
		"animation.freeza.new": {
			"loop": true,
			"animation_length": 0.25,
			"bones": {
				"waist": {
					"rotation": {
						"0.0": {
							"post": [35.41318, 8.17773, 5.77509],
							"lerp_mode": "catmullrom"
						},
						"0.0833": {
							"post": [37.91318, 8.17773, 5.77509],
							"lerp_mode": "catmullrom"
						},
						"0.25": {
							"post": [35.41318, 8.17773, 5.77509],
							"lerp_mode": "catmullrom"
						}
					}
				},
				"rightarm": {
					"rotation": {
						"0.0": {
							"post": [-47.72704, -0.24061, 40.39373],
							"lerp_mode": "catmullrom"
						},
						"0.125": {
							"post": [-52.72704, -0.24061, 40.39373],
							"lerp_mode": "catmullrom"
						},
						"0.25": {
							"post": [-47.72704, -0.24061, 40.39373],
							"lerp_mode": "catmullrom"
						}
					},
					"position": {
						"0.0": {
							"post": [0, -1, 3],
							"lerp_mode": "catmullrom"
						},
						"0.25": {
							"post": [0, -1, 3],
							"lerp_mode": "catmullrom"
						}
					}
				},
				"leftarm": {
					"rotation": {
						"0.0": {
							"post": [-46.59697, -0.13229, -37.41076],
							"lerp_mode": "catmullrom"
						},
						"0.125": {
							"post": [-49.09697, -0.13229, -37.41076],
							"lerp_mode": "catmullrom"
						},
						"0.25": {
							"post": [-46.59697, -0.13229, -37.41076],
							"lerp_mode": "catmullrom"
						}
					},
					"position": {
						"0.0": {
							"post": [0, -1, 3],
							"lerp_mode": "catmullrom"
						},
						"0.25": {
							"post": [0, -1, 3],
							"lerp_mode": "catmullrom"
						}
					}
				},
				"head": {
					"rotation": {
						"0.0": {
							"post": [-27.33781, -11.97361, -0.2148],
							"lerp_mode": "catmullrom"
						},
						"0.0833": {
							"post": [-29.83781, -11.97361, -0.2148],
							"lerp_mode": "catmullrom"
						},
						"0.25": {
							"post": [-27.33781, -11.97361, -0.2148],
							"lerp_mode": "catmullrom"
						}
					}
				},
				"rightleg": {
					"rotation": {
						"0.0": {
							"post": [62.5, 0, 0],
							"lerp_mode": "catmullrom"
						},
						"0.0833": {
							"post": [62.5, 0, 0],
							"lerp_mode": "catmullrom"
						},
						"0.1667": {
							"post": [62.5, 0, 0],
							"lerp_mode": "catmullrom"
						},
						"0.25": {
							"post": [62.5, 0, 0],
							"lerp_mode": "catmullrom"
						}
					},
					"position": {
						"0.0": {
							"post": [-1, 0, -7],
							"lerp_mode": "catmullrom"
						},
						"0.0833": {
							"post": [-1, 0, -7],
							"lerp_mode": "catmullrom"
						},
						"0.25": {
							"post": [-1, 0, -7],
							"lerp_mode": "catmullrom"
						}
					}
				},
				"leftleg": {
					"rotation": {
						"0.0": {
							"post": [44.69772, -18.23963, -6.42946],
							"lerp_mode": "catmullrom"
						},
						"0.125": {
							"post": [47.19848, -18.23975, -6.42964],
							"lerp_mode": "catmullrom"
						},
						"0.2083": {
							"post": [46.36616, -18.23992, -6.42988],
							"lerp_mode": "catmullrom"
						},
						"0.25": {
							"post": [44.7, -18.24, -6.43],
							"lerp_mode": "catmullrom"
						}
					},
					"position": {
						"0.0": {
							"post": [0, 0, 0],
							"lerp_mode": "catmullrom"
						},
						"0.125": {
							"post": [0, 0, 0],
							"lerp_mode": "catmullrom"
						},
						"0.25": {
							"post": [0, 0, 0],
							"lerp_mode": "catmullrom"
						}
					}
				},
				"locator": {
					"rotation": [-92.00307, 14.8687, 82.2386],
					"position": [0, 47, 0]
				},
				"tail": {
					"rotation": {
						"0.0": {
							"post": [-24.15971, -6.02194, -2.5929],
							"lerp_mode": "catmullrom"
						},
						"0.125": {
							"post": [-37.37736, -12.01347, 1.97711],
							"lerp_mode": "catmullrom"
						},
						"0.25": {
							"post": [-24.15971, -6.02194, -2.5929],
							"lerp_mode": "catmullrom"
						}
					}
				},
				"tail2": {
					"rotation": {
						"0.0": {
							"post": [-17.56274, -4.76804, 1.50701],
							"lerp_mode": "catmullrom"
						},
						"0.125": {
							"post": [9.94201, 5.08261, 3.231],
							"lerp_mode": "catmullrom"
						},
						"0.25": {
							"post": [-17.56274, -4.76804, 1.50701],
							"lerp_mode": "catmullrom"
						}
					}
				},
				"tail3": {
					"rotation": {
						"0.0": {
							"post": [7.49762, 2.49762, -0.10912],
							"lerp_mode": "catmullrom"
						},
						"0.125": {
							"post": [2.50477, -4.99526, -0.43626],
							"lerp_mode": "catmullrom"
						},
						"0.25": {
							"post": [7.49762, 2.49762, -0.10912],
							"lerp_mode": "catmullrom"
						}
					}
				},
				"tail4": {
					"rotation": {
						"0.0": {
							"post": [17.51565, -2.38422, -0.7522],
							"lerp_mode": "catmullrom"
						},
						"0.125": {
							"post": [-12.48542, 2.49769, -1.83278],
							"lerp_mode": "catmullrom"
						},
						"0.25": {
							"post": [17.51565, -2.38422, -0.7522],
							"lerp_mode": "catmullrom"
						}
					}
				},
				"tail5": {
					"rotation": {
						"0.0": {
							"post": [2.50954, -4.99523, -0.21865],
							"lerp_mode": "catmullrom"
						},
						"0.125": {
							"post": [-7.46867, 2.44114, -1.1945],
							"lerp_mode": "catmullrom"
						},
						"0.25": {
							"post": [2.50954, -4.99523, -0.21865],
							"lerp_mode": "catmullrom"
						}
					}
				},
				"tail6": {
					"rotation": {
						"0.0": {
							"post": [-12.54624, 4.88119, -1.08482],
							"lerp_mode": "catmullrom"
						},
						"0.125": {
							"post": [2.4474, -2.61197, -1.40534],
							"lerp_mode": "catmullrom"
						},
						"0.25": {
							"post": [-12.54624, 4.88119, -1.08482],
							"lerp_mode": "catmullrom"
						}
					}
				}
			},
			"particle_effects": {
				"0.0": {
					"effect": "n3aura",
					"locator": "p"
				}
			}
		},
		"animation.freeza.attack1": {
			"animation_length": 0.5417,
			"bones": {
				"waist": {
					"rotation": {
						"0.0": {
							"post": [0, 0, 0],
							"lerp_mode": "catmullrom"
						},
						"0.0833": {
							"post": [-10.34527, -14.76689, 2.66399],
							"lerp_mode": "catmullrom"
						},
						"0.2083": {
							"post": [-7.69725, -23.34777, -3.91335],
							"lerp_mode": "catmullrom"
						},
						"0.2917": {
							"post": [-25.42419, 13.65912, 0.94461],
							"lerp_mode": "catmullrom"
						},
						"0.4167": {
							"post": [-21.91795, 20.98334, -0.054],
							"lerp_mode": "catmullrom"
						},
						"0.5417": {
							"post": [-10.57, 19.46, -10.59],
							"lerp_mode": "catmullrom"
						}
					},
					"position": {
						"0.0": {
							"post": [0, 0, 0],
							"lerp_mode": "catmullrom"
						},
						"0.0833": {
							"post": [1, 0, 0],
							"lerp_mode": "catmullrom"
						},
						"0.2083": {
							"post": [0.84, 0, 0],
							"lerp_mode": "catmullrom"
						},
						"0.2917": {
							"post": [-0.46, 0, 0],
							"lerp_mode": "catmullrom"
						},
						"0.5417": {
							"post": [0, 0, 0],
							"lerp_mode": "catmullrom"
						}
					}
				},
				"rightarm": {
					"rotation": {
						"0.0": [0, 0, 0],
						"0.0833": [-174.38242, -66.97934, 102.87759],
						"0.2917": [-176.88242, -66.97934, 102.87759]
					},
					"position": {
						"0.0": [0, 0, 0],
						"0.0833": [0, -2, -2]
					}
				},
				"leftarm": {
					"rotation": {
						"0.0": [0, 0, 0],
						"0.0833": [-137.68399, 46.28184, -77.57428],
						"0.2917": [-138.99493, 42.95536, -72.32616]
					},
					"position": {
						"0.0": [0, 0, 0],
						"0.0833": [1, -2, -1]
					}
				},
				"head": {
					"rotation": {
						"0.0": {
							"post": [0, 0, 0],
							"lerp_mode": "catmullrom"
						},
						"0.0833": {
							"post": [12.79362, 12.19908, 2.74715],
							"lerp_mode": "catmullrom"
						},
						"0.2083": {
							"post": [12.5856, 16.57958, 6.16277],
							"lerp_mode": "catmullrom"
						},
						"0.2917": {
							"post": [27.60297, -11.24569, -7.4141],
							"lerp_mode": "catmullrom"
						},
						"0.4167": {
							"post": [9.3818, -16.57553, 7.26193],
							"lerp_mode": "catmullrom"
						},
						"0.5417": {
							"post": [9.38, -16.58, 7.26],
							"lerp_mode": "catmullrom"
						}
					},
					"position": {
						"0.0": {
							"post": [0, 0, 0],
							"lerp_mode": "catmullrom"
						},
						"0.5417": {
							"post": [0, 0, 0],
							"lerp_mode": "catmullrom"
						}
					}
				},
				"rightleg": {
					"rotation": {
						"0.0": {
							"post": [0, 0, 0],
							"lerp_mode": "catmullrom"
						},
						"0.0833": {
							"post": [7.5, 17.5, 0],
							"lerp_mode": "catmullrom"
						},
						"0.2083": {
							"post": [12.7412, 22.45591, 0.7053],
							"lerp_mode": "catmullrom"
						},
						"0.2917": {
							"post": [12.24451, 21.68089, -7.70611],
							"lerp_mode": "catmullrom"
						},
						"0.4167": {
							"post": [10.28862, 20.20602, -13.47861],
							"lerp_mode": "catmullrom"
						},
						"0.5417": {
							"post": [10.29, 20.21, -13.48],
							"lerp_mode": "catmullrom"
						}
					},
					"position": {
						"0.0": {
							"post": [0, 0, 0],
							"lerp_mode": "catmullrom"
						},
						"0.0833": {
							"post": [1, 0, 0],
							"lerp_mode": "catmullrom"
						},
						"0.2083": {
							"post": [0.84, 0, 0],
							"lerp_mode": "catmullrom"
						},
						"0.2917": {
							"post": [-0.46, 0, 0],
							"lerp_mode": "catmullrom"
						},
						"0.5417": {
							"post": [0, 0, 0],
							"lerp_mode": "catmullrom"
						}
					}
				},
				"bone": {
					"rotation": {
						"0.0": [0, 0, 0],
						"0.0833": [30, 0, 0]
					}
				},
				"bone2": {
					"rotation": {
						"0.0": [0, 0, 0],
						"0.0833": [17.5, 0, 0]
					}
				},
				"bone3": {
					"rotation": {
						"0.0": [0, 0, 0],
						"0.0833": [12.5, 0, 0]
					}
				},
				"leftleg": {
					"rotation": {
						"0.0": {
							"post": [0, 0, 0],
							"lerp_mode": "catmullrom"
						},
						"0.0833": {
							"post": [33.53694, -20.67893, -22.2381],
							"lerp_mode": "catmullrom"
						},
						"0.2083": {
							"post": [32.9461, -25.48353, -37.0118],
							"lerp_mode": "catmullrom"
						},
						"0.2917": {
							"post": [-164.10506, -0.05877, -103.06902],
							"lerp_mode": "catmullrom"
						},
						"0.4167": {
							"post": [-162.05967, -9.10777, -126.27428],
							"lerp_mode": "catmullrom"
						},
						"0.5417": {
							"post": [-162.13359, 7.5548, -120.90876],
							"lerp_mode": "catmullrom"
						}
					},
					"position": {
						"0.0": {
							"post": [0, 0, 0],
							"lerp_mode": "catmullrom"
						},
						"0.0833": {
							"post": [2, 3, -4],
							"lerp_mode": "catmullrom"
						},
						"0.2083": {
							"post": [2, 3, -4],
							"lerp_mode": "catmullrom"
						},
						"0.2917": {
							"post": [-1, 2, -4],
							"lerp_mode": "catmullrom"
						},
						"0.4167": {
							"post": [-2.19, 1.94, -4],
							"lerp_mode": "catmullrom"
						},
						"0.5417": {
							"post": [-1, 2, -4],
							"lerp_mode": "catmullrom"
						}
					}
				}
			}
		},
		"animation.freeza.attack2": {
			"animation_length": 0.5417,
			"bones": {
				"waist": {
					"rotation": {
						"0.0": {
							"post": [0, 0, 0],
							"lerp_mode": "catmullrom"
						},
						"0.0833": {
							"post": [0, 15, 5],
							"lerp_mode": "catmullrom"
						},
						"0.2083": {
							"post": [1.3378, 14.94159, 10.17544],
							"lerp_mode": "catmullrom"
						},
						"0.2917": {
							"post": [-12.78285, -36.71735, -5.33483],
							"lerp_mode": "catmullrom"
						},
						"0.4167": {
							"post": [-12.25837, -34.54481, 6.6569],
							"lerp_mode": "catmullrom"
						},
						"0.5417": {
							"post": [-7.74812, -27.50966, 2.44827],
							"lerp_mode": "catmullrom"
						}
					},
					"position": {
						"0.0": {
							"post": [0, 0, 0],
							"lerp_mode": "catmullrom"
						},
						"0.0833": {
							"post": [-1, 0, 0],
							"lerp_mode": "catmullrom"
						},
						"0.2083": {
							"post": [0, 0, 0],
							"lerp_mode": "catmullrom"
						},
						"0.5417": {
							"post": [0, 0, 0],
							"lerp_mode": "catmullrom"
						}
					}
				},
				"rightarm": {
					"rotation": {
						"0.0": {
							"post": [0, 0, 0],
							"lerp_mode": "catmullrom"
						},
						"0.0833": {
							"post": [-22.18084, -29.016, 23.98327],
							"lerp_mode": "catmullrom"
						},
						"0.2083": {
							"post": [-53.26159, -33.69418, 30.85309],
							"lerp_mode": "catmullrom"
						},
						"0.2917": {
							"post": [9.23841, -33.69418, 30.85309],
							"lerp_mode": "catmullrom"
						},
						"0.4167": {
							"post": [-13.26159, -33.69418, 30.85309],
							"lerp_mode": "catmullrom"
						},
						"0.5417": {
							"post": [-1.45534, -35.41359, 18.88389],
							"lerp_mode": "catmullrom"
						}
					},
					"position": {
						"0.0": {
							"post": [0, 0, 0],
							"lerp_mode": "catmullrom"
						},
						"0.2917": {
							"post": [-1, 0, 0],
							"lerp_mode": "catmullrom"
						},
						"0.5417": {
							"post": [-1, 0, 0],
							"lerp_mode": "catmullrom"
						}
					}
				},
				"leftarm": {
					"rotation": {
						"0.0": {
							"post": [0, 0, 0],
							"lerp_mode": "catmullrom"
						},
						"0.0833": {
							"post": [7.5, 0, -7.5],
							"lerp_mode": "catmullrom"
						},
						"0.2083": {
							"post": [17.5, 0, -7.5],
							"lerp_mode": "catmullrom"
						},
						"0.2917": {
							"post": [27.38963, -16.34562, -30.83087],
							"lerp_mode": "catmullrom"
						},
						"0.4167": {
							"post": [14.88963, -16.34562, -30.83087],
							"lerp_mode": "catmullrom"
						},
						"0.5417": {
							"post": [14.16533, -16.97284, -28.30477],
							"lerp_mode": "catmullrom"
						}
					},
					"position": {
						"0.0": {
							"post": [0, 0, 0],
							"lerp_mode": "catmullrom"
						},
						"0.2917": {
							"post": [0, 0, 1],
							"lerp_mode": "catmullrom"
						},
						"0.5417": {
							"post": [0, 0, 1],
							"lerp_mode": "catmullrom"
						}
					}
				},
				"head": {
					"rotation": {
						"0.0": {
							"post": [0, 0, 0],
							"lerp_mode": "catmullrom"
						},
						"0.0833": {
							"post": [5.30674, -19.7031, -4.30323],
							"lerp_mode": "catmullrom"
						},
						"0.2083": {
							"post": [6.02906, -14.48099, -6.38705],
							"lerp_mode": "catmullrom"
						},
						"0.2917": {
							"post": [17.36337, 26.38069, 5.63172],
							"lerp_mode": "catmullrom"
						},
						"0.4167": {
							"post": [5.91224, 29.45017, -8.09144],
							"lerp_mode": "catmullrom"
						},
						"0.5417": {
							"post": [16.16, 27.1, 2.95],
							"lerp_mode": "catmullrom"
						}
					},
					"position": {
						"0.0": {
							"post": [0, 0, 0],
							"lerp_mode": "catmullrom"
						},
						"0.5417": {
							"post": [0, 0, 0],
							"lerp_mode": "catmullrom"
						}
					}
				},
				"rightleg": {
					"rotation": {
						"0.0": {
							"post": [0, 0, 0],
							"lerp_mode": "catmullrom"
						},
						"0.0833": {
							"post": [41.56159, 23.39896, 21.88023],
							"lerp_mode": "catmullrom"
						},
						"0.2083": {
							"post": [66.73351, 16.58094, 29.67171],
							"lerp_mode": "catmullrom"
						},
						"0.2917": {
							"post": [-157.18727, 5.30234, 60.78678],
							"lerp_mode": "catmullrom"
						},
						"0.4167": {
							"post": [-176.16252, 10.55114, 93.00255],
							"lerp_mode": "catmullrom"
						},
						"0.5417": {
							"post": [-174.80384, 6.3925, 102.19952],
							"lerp_mode": "catmullrom"
						}
					},
					"position": {
						"0.0": {
							"post": [0, 0, 0],
							"lerp_mode": "catmullrom"
						},
						"0.0833": {
							"post": [-2, 0, -2],
							"lerp_mode": "catmullrom"
						},
						"0.2083": {
							"post": [-1, 1, -4],
							"lerp_mode": "catmullrom"
						},
						"0.2917": {
							"post": [2, 2, -5],
							"lerp_mode": "catmullrom"
						},
						"0.5417": {
							"post": [2, 2, -5],
							"lerp_mode": "catmullrom"
						}
					}
				},
				"leftleg": {
					"rotation": {
						"0.0": {
							"post": [0, 0, 0],
							"lerp_mode": "catmullrom"
						},
						"0.0833": {
							"post": [12.60836, -7.86228, 0.80805],
							"lerp_mode": "catmullrom"
						},
						"0.2083": {
							"post": [15.10836, -7.86228, 0.80805],
							"lerp_mode": "catmullrom"
						},
						"0.2917": {
							"post": [15.34657, -12.68695, -0.52622],
							"lerp_mode": "catmullrom"
						},
						"0.4167": {
							"post": [7.84657, -12.68695, -0.52622],
							"lerp_mode": "catmullrom"
						},
						"0.5417": {
							"post": [7.28109, -13.01609, 2.01571],
							"lerp_mode": "catmullrom"
						}
					},
					"position": {
						"0.0": {
							"post": [0, 0, 0],
							"lerp_mode": "catmullrom"
						},
						"0.0833": {
							"post": [-1, 0, 0],
							"lerp_mode": "catmullrom"
						},
						"0.2083": {
							"post": [0, 0, 0],
							"lerp_mode": "catmullrom"
						},
						"0.2917": {
							"post": [0, 0, 1],
							"lerp_mode": "catmullrom"
						},
						"0.5417": {
							"post": [0, 0, 1],
							"lerp_mode": "catmullrom"
						}
					}
				}
			}
		},
		"animation.freeza.attack3": {
			"animation_length": 0.6667,
			"bones": {
				"waist": {
					"rotation": {
						"0.0": {
							"post": [0, 0, 0],
							"lerp_mode": "catmullrom"
						},
						"0.0833": {
							"post": [-13.42051, -32.3097, 1.91555],
							"lerp_mode": "catmullrom"
						},
						"0.2083": {
							"post": [-18.14072, -41.87505, 5.58327],
							"lerp_mode": "catmullrom"
						},
						"0.2917": {
							"post": [-18.14, -41.88, 5.58],
							"lerp_mode": "catmullrom"
						},
						"0.375": {
							"post": [19.32838, 42.88637, 1.56891],
							"lerp_mode": "catmullrom"
						},
						"0.5": {
							"post": [25.34331, 45.15531, 3.02909],
							"lerp_mode": "catmullrom"
						},
						"0.5833": {
							"post": [20.34331, 45.15531, 3.02909],
							"lerp_mode": "catmullrom"
						},
						"0.6667": {
							"post": [20.34, 45.16, 3.03],
							"lerp_mode": "catmullrom"
						}
					},
					"position": {
						"0.0": {
							"post": [0, 0, 0],
							"lerp_mode": "catmullrom"
						},
						"0.0833": {
							"post": [3, 0, 4],
							"lerp_mode": "catmullrom"
						},
						"0.2083": {
							"post": [3, 0, 5],
							"lerp_mode": "catmullrom"
						},
						"0.2917": {
							"post": [3, 0, 5],
							"lerp_mode": "catmullrom"
						},
						"0.375": {
							"post": [1, 0, -1],
							"lerp_mode": "catmullrom"
						},
						"0.6667": {
							"post": [1, 0, -1],
							"lerp_mode": "catmullrom"
						}
					}
				},
				"rightarm": {
					"rotation": {
						"0.0": {
							"post": [0, 0, 0],
							"lerp_mode": "catmullrom"
						},
						"0.0833": {
							"post": [-185, 0, 47.5],
							"lerp_mode": "catmullrom"
						},
						"0.2083": {
							"post": [-192.5, 0, 47.5],
							"lerp_mode": "catmullrom"
						},
						"0.2917": {
							"post": [-192.5, 0, 47.5],
							"lerp_mode": "catmullrom"
						},
						"0.3333": {
							"post": [-91.53182, -22.43246, 96.307],
							"lerp_mode": "catmullrom"
						},
						"0.375": {
							"post": [70, 0, 47.5],
							"lerp_mode": "catmullrom"
						},
						"0.5": {
							"post": [72.5, 0, 47.5],
							"lerp_mode": "catmullrom"
						},
						"0.5833": {
							"post": [35.24529, 5.52235, 52.58269],
							"lerp_mode": "catmullrom"
						},
						"0.6667": {
							"post": [35.25, 5.52, 52.58],
							"lerp_mode": "catmullrom"
						}
					},
					"position": {
						"0.0": {
							"post": [0, 0, 0],
							"lerp_mode": "catmullrom"
						},
						"0.0833": {
							"post": [4, 0, -5],
							"lerp_mode": "catmullrom"
						},
						"0.2083": {
							"post": [5, 0, -6],
							"lerp_mode": "catmullrom"
						},
						"0.2917": {
							"post": [5, 0, -6],
							"lerp_mode": "catmullrom"
						},
						"0.3333": {
							"post": [1.5, 0, -3],
							"lerp_mode": "catmullrom"
						},
						"0.375": {
							"post": [0, 0, 4],
							"lerp_mode": "catmullrom"
						},
						"0.5833": {
							"post": [-1, 0, 3],
							"lerp_mode": "catmullrom"
						},
						"0.6667": {
							"post": [-1, 0, 3],
							"lerp_mode": "catmullrom"
						}
					}
				},
				"leftarm": {
					"rotation": {
						"0.0": {
							"post": [0, 0, 0],
							"lerp_mode": "catmullrom"
						},
						"0.0833": {
							"post": [10, 0, -10],
							"lerp_mode": "catmullrom"
						},
						"0.2083": {
							"post": [-2.58385, 1.29876, -17.38733],
							"lerp_mode": "catmullrom"
						},
						"0.2917": {
							"post": [-2.58, 1.3, -17.39],
							"lerp_mode": "catmullrom"
						},
						"0.375": {
							"post": [-32.58, 1.3, -17.39],
							"lerp_mode": "catmullrom"
						},
						"0.5": {
							"post": [-40.08, 1.3, -17.39],
							"lerp_mode": "catmullrom"
						},
						"0.5833": {
							"post": [-27.58, 1.3, -17.39],
							"lerp_mode": "catmullrom"
						},
						"0.6667": {
							"post": [-27.58, 1.3, -17.39],
							"lerp_mode": "catmullrom"
						}
					},
					"position": {
						"0.0": {
							"post": [0, 0, 0],
							"lerp_mode": "catmullrom"
						},
						"0.2083": {
							"post": [0, 0, 2],
							"lerp_mode": "catmullrom"
						},
						"0.2917": {
							"post": [0, 0, 2],
							"lerp_mode": "catmullrom"
						},
						"0.375": {
							"post": [1, -1, -1],
							"lerp_mode": "catmullrom"
						},
						"0.5833": {
							"post": [1, -1, 0],
							"lerp_mode": "catmullrom"
						},
						"0.6667": {
							"post": [1, -1, 0],
							"lerp_mode": "catmullrom"
						}
					}
				},
				"head": {
					"rotation": {
						"0.0": {
							"post": [0, 0, 0],
							"lerp_mode": "catmullrom"
						},
						"0.0833": {
							"post": [13.64388, 29.7174, 4.30963],
							"lerp_mode": "catmullrom"
						},
						"0.2083": {
							"post": [17.70394, 36.84891, 7.30184],
							"lerp_mode": "catmullrom"
						},
						"0.2917": {
							"post": [17.7, 36.85, 7.3],
							"lerp_mode": "catmullrom"
						},
						"0.375": {
							"post": [-12.52079, -43.10016, 10.40282],
							"lerp_mode": "catmullrom"
						},
						"0.5": {
							"post": [-17.52079, -43.10016, 10.40282],
							"lerp_mode": "catmullrom"
						},
						"0.6667": {
							"post": [-17.52, -43.1, 10.4],
							"lerp_mode": "catmullrom"
						}
					},
					"position": {
						"0.0": {
							"post": [0, 0, 0],
							"lerp_mode": "catmullrom"
						},
						"0.2917": {
							"post": [0, 0, 0],
							"lerp_mode": "catmullrom"
						},
						"0.6667": {
							"post": [0, 0, 0],
							"lerp_mode": "catmullrom"
						}
					}
				},
				"rightleg": {
					"rotation": {
						"0.0": {
							"post": [0, 0, 0],
							"lerp_mode": "catmullrom"
						},
						"0.0833": {
							"post": [-18.91215, 6.86823, 25.3977],
							"lerp_mode": "catmullrom"
						},
						"0.2083": {
							"post": [-17.09007, 16.31182, 22.03578],
							"lerp_mode": "catmullrom"
						},
						"0.2917": {
							"post": [-17.09, 16.31, 22.04],
							"lerp_mode": "catmullrom"
						},
						"0.375": {
							"post": [32.91, 16.31, 22.04],
							"lerp_mode": "catmullrom"
						},
						"0.5": {
							"post": [22.77845, 12.62064, 5.9995],
							"lerp_mode": "catmullrom"
						},
						"0.5833": {
							"post": [22.42855, 8.00425, 4.04671],
							"lerp_mode": "catmullrom"
						},
						"0.6667": {
							"post": [22.43, 8, 4.05],
							"lerp_mode": "catmullrom"
						}
					},
					"position": {
						"0.0": {
							"post": [0, 0, 0],
							"lerp_mode": "catmullrom"
						},
						"0.0833": {
							"post": [3, -1, 2],
							"lerp_mode": "catmullrom"
						},
						"0.2083": {
							"post": [3, -1, 2],
							"lerp_mode": "catmullrom"
						},
						"0.2917": {
							"post": [3, -1, 2],
							"lerp_mode": "catmullrom"
						},
						"0.375": {
							"post": [-1, 0, -4],
							"lerp_mode": "catmullrom"
						},
						"0.6667": {
							"post": [-1, 0, -4],
							"lerp_mode": "catmullrom"
						}
					}
				},
				"leftleg": {
					"rotation": {
						"0.0": {
							"post": [0, 0, 0],
							"lerp_mode": "catmullrom"
						},
						"0.0833": {
							"post": [46.36401, -40.04722, -41.2397],
							"lerp_mode": "catmullrom"
						},
						"0.2083": {
							"post": [51.55945, -44.98051, -48.91453],
							"lerp_mode": "catmullrom"
						},
						"0.2917": {
							"post": [51.56, -44.98, -48.91],
							"lerp_mode": "catmullrom"
						},
						"0.375": {
							"post": [46.14623, -0.51036, -7.56277],
							"lerp_mode": "catmullrom"
						},
						"0.5": {
							"post": [48.64623, -0.51036, -7.56277],
							"lerp_mode": "catmullrom"
						},
						"0.5833": {
							"post": [48.33831, -0.94136, -0.50877],
							"lerp_mode": "catmullrom"
						},
						"0.6667": {
							"post": [48.34, -0.94, -0.51],
							"lerp_mode": "catmullrom"
						}
					},
					"position": {
						"0.0": {
							"post": [0, 0, 0],
							"lerp_mode": "catmullrom"
						},
						"0.0833": {
							"post": [5, -1, 2],
							"lerp_mode": "catmullrom"
						},
						"0.2083": {
							"post": [5, -1, 3],
							"lerp_mode": "catmullrom"
						},
						"0.2917": {
							"post": [5, -1, 3],
							"lerp_mode": "catmullrom"
						},
						"0.375": {
							"post": [0, -1, -2],
							"lerp_mode": "catmullrom"
						},
						"0.6667": {
							"post": [0, -1, -2],
							"lerp_mode": "catmullrom"
						}
					}
				}
			}
		},
		"animation.freeza.attack4": {
			"animation_length": 1.125,
			"bones": {
				"root": {
					"rotation": {
						"0.0": {
							"post": [0, 0, 0],
							"lerp_mode": "catmullrom"
						},
						"0.1667": {
							"post": [0, 27.7, 0],
							"lerp_mode": "catmullrom"
						},
						"0.2917": {
							"post": [0, 132.5, 0],
							"lerp_mode": "catmullrom"
						},
						"0.4167": {
							"post": [0, 152.5, 0],
							"lerp_mode": "catmullrom"
						},
						"0.5417": {
							"post": [0, 203.21, 0],
							"lerp_mode": "catmullrom"
						},
						"0.7083": {
							"post": [0, 310, 0],
							"lerp_mode": "catmullrom"
						},
						"0.9167": {
							"post": [0, 310, 0],
							"lerp_mode": "catmullrom"
						},
						"1.125": {
							"post": [0, 310, 0],
							"lerp_mode": "catmullrom"
						}
					},
					"position": {
						"0.0": {
							"post": [0, 0, 0],
							"lerp_mode": "catmullrom"
						},
						"0.9167": {
							"post": [0, 0, 0],
							"lerp_mode": "catmullrom"
						},
						"1.125": {
							"post": [0, 0, 0],
							"lerp_mode": "catmullrom"
						}
					}
				},
				"waist": {
					"rotation": {
						"0.0": {
							"post": [0, 0, 0],
							"lerp_mode": "catmullrom"
						},
						"0.0833": {
							"post": [-7.5, 0, 0],
							"lerp_mode": "catmullrom"
						},
						"0.2083": {
							"post": [-7.47178, 0.65182, 4.95744],
							"lerp_mode": "catmullrom"
						},
						"0.2917": {
							"post": [4.19338, 16.83237, -5.97151],
							"lerp_mode": "catmullrom"
						},
						"0.4167": {
							"post": [4.32367, 21.81859, -5.57818],
							"lerp_mode": "catmullrom"
						},
						"0.9167": {
							"post": [3.23247, 26.97236, -7.9531],
							"lerp_mode": "catmullrom"
						},
						"1.125": {
							"post": [3.23, 26.97, -7.95],
							"lerp_mode": "catmullrom"
						}
					},
					"position": {
						"0.0": {
							"post": [0, 0, 0],
							"lerp_mode": "catmullrom"
						},
						"0.0833": {
							"post": [0, 1, 0],
							"lerp_mode": "catmullrom"
						},
						"0.9167": {
							"post": [0, 1, 0],
							"lerp_mode": "catmullrom"
						},
						"1.125": {
							"post": [0, 1, 0],
							"lerp_mode": "catmullrom"
						}
					}
				},
				"rightarm": {
					"rotation": {
						"0.0": {
							"post": [0, 0, 0],
							"lerp_mode": "catmullrom"
						},
						"0.0833": {
							"post": [-167.5, -52.5, 97.5],
							"lerp_mode": "catmullrom"
						},
						"0.9167": {
							"post": [-158.26635, -49.32516, 82.42329],
							"lerp_mode": "catmullrom"
						},
						"1.125": {
							"post": [-158.27, -49.33, 82.42],
							"lerp_mode": "catmullrom"
						}
					},
					"position": {
						"0.0": {
							"post": [0, 0, 0],
							"lerp_mode": "catmullrom"
						},
						"0.0833": {
							"post": [0, -2, -3],
							"lerp_mode": "catmullrom"
						},
						"0.9167": {
							"post": [0, -2, -3],
							"lerp_mode": "catmullrom"
						},
						"1.125": {
							"post": [0, -2, -3],
							"lerp_mode": "catmullrom"
						}
					}
				},
				"leftarm": {
					"rotation": {
						"0.0": {
							"post": [0, 0, 0],
							"lerp_mode": "catmullrom"
						},
						"0.0833": {
							"post": [-171.83905, 60.11923, -106.1483],
							"lerp_mode": "catmullrom"
						},
						"0.9167": {
							"post": [-176.83905, 60.11923, -106.1483],
							"lerp_mode": "catmullrom"
						},
						"1.125": {
							"post": [-176.84, 60.12, -106.15],
							"lerp_mode": "catmullrom"
						}
					},
					"position": {
						"0.0": {
							"post": [0, 0, 0],
							"lerp_mode": "catmullrom"
						},
						"0.0833": {
							"post": [0, -2, -2],
							"lerp_mode": "catmullrom"
						},
						"0.9167": {
							"post": [0, -2, -2],
							"lerp_mode": "catmullrom"
						},
						"1.125": {
							"post": [0, -2, -2],
							"lerp_mode": "catmullrom"
						}
					}
				},
				"tail": {
					"rotation": {
						"0.0": {
							"post": [0, 0, 0],
							"lerp_mode": "catmullrom"
						},
						"0.1667": {
							"post": [40, 0, 0],
							"lerp_mode": "catmullrom"
						},
						"0.2917": {
							"post": [31.55686, -15.9673, -12.08219],
							"lerp_mode": "catmullrom"
						},
						"0.4167": {
							"post": [11.15898, 10.92188, 4.89522],
							"lerp_mode": "catmullrom"
						},
						"0.5": {
							"post": [35.06039, 28.848, 16.21349],
							"lerp_mode": "catmullrom"
						},
						"0.625": {
							"post": [40.19327, 38.77259, 25.38982],
							"lerp_mode": "catmullrom"
						},
						"0.7917": {
							"post": [34.20293, -26.47999, -19.35239],
							"lerp_mode": "catmullrom"
						},
						"0.9167": {
							"post": [7.17527, -42.15596, 3.27454],
							"lerp_mode": "catmullrom"
						},
						"1.125": {
							"post": [7.18, -42.16, 3.27],
							"lerp_mode": "catmullrom"
						}
					},
					"position": {
						"0.0": {
							"post": [0, 0, 0],
							"lerp_mode": "catmullrom"
						},
						"0.9167": {
							"post": [0, 0, 0],
							"lerp_mode": "catmullrom"
						},
						"1.125": {
							"post": [0, 0, 0],
							"lerp_mode": "catmullrom"
						}
					}
				},
				"tail2": {
					"rotation": {
						"0.0": {
							"post": [0, 0, 0],
							"lerp_mode": "catmullrom"
						},
						"0.1667": {
							"post": [-40, 0, 0],
							"lerp_mode": "catmullrom"
						},
						"0.2917": {
							"post": [-43.41006, -20.71501, 18.50097],
							"lerp_mode": "catmullrom"
						},
						"0.375": {
							"post": [-33.70094, -11.14729, 10.5315],
							"lerp_mode": "catmullrom"
						},
						"0.4167": {
							"post": [-5.83593, 2.40138, -2.42592],
							"lerp_mode": "catmullrom"
						},
						"0.5": {
							"post": [-47.60591, 29.4987, -28.34077],
							"lerp_mode": "catmullrom"
						},
						"0.625": {
							"post": [-25.10591, 29.4987, -28.34077],
							"lerp_mode": "catmullrom"
						},
						"0.7917": {
							"post": [-26.45245, 34.00194, -30.89738],
							"lerp_mode": "catmullrom"
						},
						"0.9167": {
							"post": [-21.86505, -7.43508, -12.37621],
							"lerp_mode": "catmullrom"
						},
						"1.125": {
							"post": [-21.87, -7.44, -12.38],
							"lerp_mode": "catmullrom"
						}
					},
					"position": {
						"0.0": {
							"post": [0, 0, 0],
							"lerp_mode": "catmullrom"
						},
						"0.9167": {
							"post": [0, 0, 0],
							"lerp_mode": "catmullrom"
						},
						"1.125": {
							"post": [0, 0, 0],
							"lerp_mode": "catmullrom"
						}
					}
				},
				"tail3": {
					"rotation": {
						"0.0": {
							"post": [0, 0, 0],
							"lerp_mode": "catmullrom"
						},
						"0.1667": {
							"post": [-35, 0, 0],
							"lerp_mode": "catmullrom"
						},
						"0.2917": {
							"post": [-40.52368, -28.02432, 21.88151],
							"lerp_mode": "catmullrom"
						},
						"0.375": {
							"post": [0.81399, -21.42103, 20.7805],
							"lerp_mode": "catmullrom"
						},
						"0.4167": {
							"post": [-3.32311, 1.25326, -2.07091],
							"lerp_mode": "catmullrom"
						},
						"0.5": {
							"post": [-56.59733, 46.60184, -47.77371],
							"lerp_mode": "catmullrom"
						},
						"0.625": {
							"post": [-24.09733, 46.60184, -47.77371],
							"lerp_mode": "catmullrom"
						},
						"0.7917": {
							"post": [-31.59733, 46.60184, -47.77371],
							"lerp_mode": "catmullrom"
						},
						"0.9167": {
							"post": [-30.04192, -9.6929, 10.92005],
							"lerp_mode": "catmullrom"
						},
						"1.125": {
							"post": [-30.04, -9.69, 10.92],
							"lerp_mode": "catmullrom"
						}
					},
					"position": {
						"0.0": {
							"post": [0, 0, 0],
							"lerp_mode": "catmullrom"
						},
						"0.9167": {
							"post": [0, 0, 0],
							"lerp_mode": "catmullrom"
						},
						"1.125": {
							"post": [0, 0, 0],
							"lerp_mode": "catmullrom"
						}
					}
				},
				"tail4": {
					"rotation": {
						"0.0": {
							"post": [0, 0, 0],
							"lerp_mode": "catmullrom"
						},
						"0.1667": {
							"post": [0, -42.5, 0],
							"lerp_mode": "catmullrom"
						},
						"0.2917": {
							"post": [-22.5, -42.5, 0],
							"lerp_mode": "catmullrom"
						},
						"0.375": {
							"post": [-32.04259, -45.27069, 8.11626],
							"lerp_mode": "catmullrom"
						},
						"0.4167": {
							"post": [-3.63541, -16.64048, -4.67052],
							"lerp_mode": "catmullrom"
						},
						"0.5": {
							"post": [-21.82106, 40.61993, -30.24407],
							"lerp_mode": "catmullrom"
						},
						"0.625": {
							"post": [-6.82106, 40.61993, -30.24407],
							"lerp_mode": "catmullrom"
						},
						"0.7917": {
							"post": [-19.32106, 40.61993, -30.24407],
							"lerp_mode": "catmullrom"
						},
						"0.9167": {
							"post": [13.61352, -17.05911, -2.84258],
							"lerp_mode": "catmullrom"
						},
						"1.125": {
							"post": [13.61, -17.06, -2.84],
							"lerp_mode": "catmullrom"
						}
					},
					"position": {
						"0.0": {
							"post": [0, 0, 0],
							"lerp_mode": "catmullrom"
						},
						"0.9167": {
							"post": [0, 0, 0],
							"lerp_mode": "catmullrom"
						},
						"1.125": {
							"post": [0, 0, 0],
							"lerp_mode": "catmullrom"
						}
					}
				},
				"tail5": {
					"rotation": {
						"0.0": {
							"post": [0, 0, 0],
							"lerp_mode": "catmullrom"
						},
						"0.1667": {
							"post": [-30, -37.5, 0],
							"lerp_mode": "catmullrom"
						},
						"0.2917": {
							"post": [-42.5, -37.5, 0],
							"lerp_mode": "catmullrom"
						},
						"0.375": {
							"post": [-7.77159, -14.79575, -16.5857],
							"lerp_mode": "catmullrom"
						},
						"0.5": {
							"post": [-35.93762, 24.0436, -45.6079],
							"lerp_mode": "catmullrom"
						},
						"0.625": {
							"post": [-32.4693, 3.25452, -31.22285],
							"lerp_mode": "catmullrom"
						},
						"0.7917": {
							"post": [-37.4693, 3.25452, -31.22285],
							"lerp_mode": "catmullrom"
						},
						"0.9167": {
							"post": [40.0307, 3.25452, -31.22285],
							"lerp_mode": "catmullrom"
						},
						"1.125": {
							"post": [40.03, 3.25, -31.22],
							"lerp_mode": "catmullrom"
						}
					},
					"position": {
						"0.0": {
							"post": [0, 0, 0],
							"lerp_mode": "catmullrom"
						},
						"0.9167": {
							"post": [0, 0, 0],
							"lerp_mode": "catmullrom"
						},
						"1.125": {
							"post": [0, 0, 0],
							"lerp_mode": "catmullrom"
						}
					}
				},
				"tail6": {
					"rotation": {
						"0.0": {
							"post": [0, 0, 0],
							"lerp_mode": "catmullrom"
						},
						"0.1667": {
							"post": [-25, -57.5, 0],
							"lerp_mode": "catmullrom"
						},
						"0.2917": {
							"post": [-35, -57.5, 0],
							"lerp_mode": "catmullrom"
						},
						"0.375": {
							"post": [23.26262, -38.39092, -7.75869],
							"lerp_mode": "catmullrom"
						},
						"0.5": {
							"post": [-18.36049, 11.93766, -34.49116],
							"lerp_mode": "catmullrom"
						},
						"0.625": {
							"post": [-20.05323, -26.00296, -21.47185],
							"lerp_mode": "catmullrom"
						},
						"0.7917": {
							"post": [-25.05323, -26.00296, -21.47185],
							"lerp_mode": "catmullrom"
						},
						"0.9167": {
							"post": [24.94677, -26.00296, -21.47185],
							"lerp_mode": "catmullrom"
						},
						"1.125": {
							"post": [24.95, -26, -21.47],
							"lerp_mode": "catmullrom"
						}
					},
					"position": {
						"0.0": {
							"post": [0, 0, 0],
							"lerp_mode": "catmullrom"
						},
						"0.9167": {
							"post": [0, 0, 0],
							"lerp_mode": "catmullrom"
						},
						"1.125": {
							"post": [0, 0, 0],
							"lerp_mode": "catmullrom"
						}
					}
				},
				"head": {
					"rotation": {
						"0.0": {
							"post": [0, 0, 0],
							"lerp_mode": "catmullrom"
						},
						"0.0833": {
							"post": [17.5, 0, 0],
							"lerp_mode": "catmullrom"
						},
						"0.2083": {
							"post": [10.39807, -11.91276, -3.81397],
							"lerp_mode": "catmullrom"
						},
						"0.2917": {
							"post": [37.05384, 68.88275, 20.99228],
							"lerp_mode": "catmullrom"
						},
						"0.4167": {
							"post": [46.6227, 72.62198, 31.11945],
							"lerp_mode": "catmullrom"
						},
						"0.5833": {
							"post": [13.83615, 42.15492, 12.87208],
							"lerp_mode": "catmullrom"
						},
						"0.7083": {
							"post": [0.89255, 27.54582, 3.31429],
							"lerp_mode": "catmullrom"
						},
						"0.9167": {
							"post": [0.87351, 25.04612, 3.27132],
							"lerp_mode": "catmullrom"
						},
						"1.125": {
							"post": [0.87, 25.05, 3.27],
							"lerp_mode": "catmullrom"
						}
					},
					"position": {
						"0.0": {
							"post": [0, 0, 0],
							"lerp_mode": "catmullrom"
						},
						"0.9167": {
							"post": [0, 0, 0],
							"lerp_mode": "catmullrom"
						},
						"1.125": {
							"post": [0, 0, 0],
							"lerp_mode": "catmullrom"
						}
					}
				},
				"rightleg": {
					"rotation": {
						"0.0": {
							"post": [0, 0, 0],
							"lerp_mode": "catmullrom"
						},
						"0.0833": {
							"post": [0, 10, -7.5],
							"lerp_mode": "catmullrom"
						},
						"0.2083": {
							"post": [-0.88045, 9.96156, -12.57673],
							"lerp_mode": "catmullrom"
						},
						"0.2917": {
							"post": [21.61955, 9.96156, -12.57673],
							"lerp_mode": "catmullrom"
						},
						"0.4167": {
							"post": [31.61955, 9.96156, -12.57673],
							"lerp_mode": "catmullrom"
						},
						"0.9167": {
							"post": [27.84455, 36.73, -14.47878],
							"lerp_mode": "catmullrom"
						},
						"1.125": {
							"post": [27.84, 36.73, -14.48],
							"lerp_mode": "catmullrom"
						}
					},
					"position": {
						"0.0": {
							"post": [0, 0, 0],
							"lerp_mode": "catmullrom"
						},
						"0.0833": {
							"post": [-1, 1, -2],
							"lerp_mode": "catmullrom"
						},
						"0.2917": {
							"post": [-2, 3, -3],
							"lerp_mode": "catmullrom"
						},
						"0.4167": {
							"post": [-3, 3, -3],
							"lerp_mode": "catmullrom"
						},
						"0.9167": {
							"post": [-4, 3, -2],
							"lerp_mode": "catmullrom"
						},
						"1.125": {
							"post": [-4, 3, -2],
							"lerp_mode": "catmullrom"
						}
					}
				},
				"leftleg": {
					"rotation": {
						"0.0": {
							"post": [0, 0, 0],
							"lerp_mode": "catmullrom"
						},
						"0.0833": {
							"post": [12.86481, -16.79736, 6.46166],
							"lerp_mode": "catmullrom"
						},
						"0.2083": {
							"post": [9.71185, -18.76036, 16.76083],
							"lerp_mode": "catmullrom"
						},
						"0.2917": {
							"post": [14.27876, -15.62325, 1.40001],
							"lerp_mode": "catmullrom"
						},
						"0.4167": {
							"post": [18.76672, -3.49282, 4.46576],
							"lerp_mode": "catmullrom"
						},
						"0.9167": {
							"post": [19.07502, 10.70525, 9.32689],
							"lerp_mode": "catmullrom"
						},
						"1.125": {
							"post": [19.08, 10.71, 9.33],
							"lerp_mode": "catmullrom"
						}
					},
					"position": {
						"0.0": {
							"post": [0, 0, 0],
							"lerp_mode": "catmullrom"
						},
						"0.0833": {
							"post": [1, 3, -4],
							"lerp_mode": "catmullrom"
						},
						"0.2083": {
							"post": [2, 3, -4],
							"lerp_mode": "catmullrom"
						},
						"0.2917": {
							"post": [2, 1, -3],
							"lerp_mode": "catmullrom"
						},
						"0.4167": {
							"post": [1, 1, -3],
							"lerp_mode": "catmullrom"
						},
						"0.9167": {
							"post": [0, 1, -3],
							"lerp_mode": "catmullrom"
						},
						"1.125": {
							"post": [0, 1, -3],
							"lerp_mode": "catmullrom"
						}
					}
				}
			}
		}
	}
}