{
	"format_version": "1.8.0",
	"animations": {
		"animation.freeza.default": {
			"loop": true,
			"animation_length": 3.0417,
			"bones": {
				"waist": {
					"rotation": {
						"0.0": {
							"post": [0, 0, 0],
							"lerp_mode": "catmullrom"
						},
						"0.0833": {
							"post": [5.019, -4.98093, -0.43688],
							"lerp_mode": "catmullrom"
						},
						"0.1667": {
							"post": [7.60621, -9.93656, -1.1035],
							"lerp_mode": "catmullrom"
						},
						"0.3333": {
							"post": [9.38411, -1.48506, -7.44044],
							"lerp_mode": "catmullrom"
						},
						"0.4583": {
							"post": [11.95893, 8.53636, -3.97004],
							"lerp_mode": "catmullrom"
						},
						"0.5833": {
							"post": [9.34882, 3.64375, -5.00693],
							"lerp_mode": "catmullrom"
						},
						"0.6667": {
							"post": [-2.28746, 4.23917, 7.50866],
							"lerp_mode": "catmullrom"
						},
						"0.7917": {
							"post": [6.92319, 2.47481, -2.55008],
							"lerp_mode": "catmullrom"
						},
						"0.9167": {
							"post": [14.19444, 13.06213, -7.61687],
							"lerp_mode": "catmullrom"
						},
						"1.0": {
							"post": [15.74893, 11.1218, -0.20719],
							"lerp_mode": "catmullrom"
						},
						"1.125": {
							"post": [23.24893, 11.1218, -0.20719],
							"lerp_mode": "catmullrom"
						},
						"1.25": {
							"post": [13.24893, 11.1218, -0.20719],
							"lerp_mode": "catmullrom"
						},
						"1.375": {
							"post": [8.72682, 10.75274, 2.31118],
							"lerp_mode": "catmullrom"
						},
						"1.5": {
							"post": [9.92391, -2.78466, 7.66052],
							"lerp_mode": "catmullrom"
						},
						"1.75": {
							"post": [10.4817, -14.63636, 2.92327],
							"lerp_mode": "catmullrom"
						},
						"1.875": {
							"post": [7.9459, -15.08425, -7.50765],
							"lerp_mode": "catmullrom"
						},
						"2.0": {
							"post": [6.7519, -13.96289, -4.50585],
							"lerp_mode": "catmullrom"
						},
						"2.25": {
							"post": [4.78534, -32.36574, 4.28656],
							"lerp_mode": "catmullrom"
						},
						"2.3333": {
							"post": [6.19183, -29.63797, 1.66286],
							"lerp_mode": "catmullrom"
						},
						"2.4167": {
							"post": [3.69183, -29.63797, 1.66286],
							"lerp_mode": "catmullrom"
						},
						"2.5": {
							"post": [3.32607, 15.28626, 4.36826],
							"lerp_mode": "catmullrom"
						},
						"2.6667": {
							"post": [4.28106, 44.92776, 8.27223],
							"lerp_mode": "catmullrom"
						},
						"2.7917": {
							"post": [6.7534, 44.68731, 11.7799],
							"lerp_mode": "catmullrom"
						},
						"2.9167": {
							"post": [6.75, 44.69, 11.78],
							"lerp_mode": "catmullrom"
						},
						"3.0417": {
							"post": [0, 0, 0],
							"lerp_mode": "catmullrom"
						}
					},
					"position": {
						"0.0": {
							"post": [0, 0, 0],
							"lerp_mode": "catmullrom"
						},
						"0.1667": {
							"post": [0, 0, 0],
							"lerp_mode": "catmullrom"
						},
						"0.3333": {
							"post": [0, 0.43, -1.57],
							"lerp_mode": "catmullrom"
						},
						"0.4583": {
							"post": [0, -1, -1],
							"lerp_mode": "catmullrom"
						},
						"0.5833": {
							"post": [0, 0, -1],
							"lerp_mode": "catmullrom"
						},
						"0.6667": {
							"post": [0, -1, -1],
							"lerp_mode": "catmullrom"
						},
						"0.7917": {
							"post": [0, -1, 1],
							"lerp_mode": "catmullrom"
						},
						"0.9167": {
							"post": [0, -1, 0],
							"lerp_mode": "catmullrom"
						},
						"1.0": {
							"post": [0, 0, 0],
							"lerp_mode": "catmullrom"
						},
						"1.25": {
							"post": [0, 2, -1],
							"lerp_mode": "catmullrom"
						},
						"1.375": {
							"post": [0, 0, -1],
							"lerp_mode": "catmullrom"
						},
						"1.625": {
							"post": [0, -1, 0],
							"lerp_mode": "catmullrom"
						},
						"1.75": {
							"post": [0, 0, 1],
							"lerp_mode": "catmullrom"
						},
						"1.875": {
							"post": [0, 0, 1],
							"lerp_mode": "catmullrom"
						},
						"2.125": {
							"post": [0, 1, 1],
							"lerp_mode": "catmullrom"
						},
						"2.25": {
							"post": [0, 0, 1],
							"lerp_mode": "catmullrom"
						},
						"2.3333": {
							"post": [0, 1, 1],
							"lerp_mode": "catmullrom"
						},
						"2.4167": {
							"post": [0, 0, 1],
							"lerp_mode": "catmullrom"
						},
						"2.5": {
							"post": [0, 1, 1],
							"lerp_mode": "catmullrom"
						},
						"2.6667": {
							"post": [1, 0, 1],
							"lerp_mode": "catmullrom"
						},
						"2.9167": {
							"post": [1, 0, 1],
							"lerp_mode": "catmullrom"
						},
						"3.0417": {
							"post": [0, 0, 0],
							"lerp_mode": "catmullrom"
						}
					}
				},
				"rightarm": {
					"rotation": {
						"0.0": {
							"post": [0, 0, 0],
							"lerp_mode": "catmullrom"
						},
						"0.0833": {
							"post": [-60.52972, -14.36495, 23.70348],
							"lerp_mode": "catmullrom"
						},
						"0.1667": {
							"post": [-106.35362, 5.86801, 30.96145],
							"lerp_mode": "catmullrom"
						},
						"0.25": {
							"post": [-127.39806, -20.491, 38.93952],
							"lerp_mode": "catmullrom"
						},
						"0.3333": {
							"post": [-117.92464, 11.85429, 46.28331],
							"lerp_mode": "catmullrom"
						},
						"0.375": {
							"post": [-111.64195, -11.73287, 38.92702],
							"lerp_mode": "catmullrom"
						},
						"0.4583": {
							"post": [-53.62129, -41.98933, 34.52088],
							"lerp_mode": "catmullrom"
						},
						"0.5833": {
							"post": [-124.12808, 7.32537, 90.27193],
							"lerp_mode": "catmullrom"
						},
						"0.6667": {
							"post": [-124.4708, -68.42879, 97.05338],
							"lerp_mode": "catmullrom"
						},
						"0.7917": {
							"post": [-102.06534, 5.43042, 63.33845],
							"lerp_mode": "catmullrom"
						},
						"0.9167": {
							"post": [-120.01601, 27.97213, 3.09078],
							"lerp_mode": "catmullrom"
						},
						"1.0": {
							"post": [-110.76727, 17.54797, -12.19014],
							"lerp_mode": "catmullrom"
						},
						"1.125": {
							"post": [-104.60772, -23.22535, 17.22788],
							"lerp_mode": "catmullrom"
						},
						"1.25": {
							"post": [-198.64192, -17.01258, 43.06148],
							"lerp_mode": "catmullrom"
						},
						"1.375": {
							"post": [-127.10483, 7.34759, 77.16352],
							"lerp_mode": "catmullrom"
						},
						"1.5": {
							"post": [-67.73291, -64.25464, 52.83997],
							"lerp_mode": "catmullrom"
						},
						"1.625": {
							"post": [-119.59855, -9.09432, 80.64054],
							"lerp_mode": "catmullrom"
						},
						"1.75": {
							"post": [-20.82134, -49.0419, 22.94229],
							"lerp_mode": "catmullrom"
						},
						"1.875": {
							"post": [-52.96289, -62.02073, 71.24727],
							"lerp_mode": "catmullrom"
						},
						"2.0": {
							"post": [-84.79799, -34.81619, 39.69375],
							"lerp_mode": "catmullrom"
						},
						"2.125": {
							"post": [-119.06548, 13.66182, 90.7736],
							"lerp_mode": "catmullrom"
						},
						"2.25": {
							"post": [-98.34859, 29.66945, 3.05133],
							"lerp_mode": "catmullrom"
						},
						"2.3333": {
							"post": [-91.20023, 29.68915, -2.70422],
							"lerp_mode": "catmullrom"
						},
						"2.5": {
							"post": [-158.70023, 29.68915, -2.70422],
							"lerp_mode": "catmullrom"
						},
						"2.6667": {
							"post": [-85.47116, -86.75665, 21.64762],
							"lerp_mode": "catmullrom"
						},
						"2.7917": {
							"post": [-88.21317, -81.76281, 24.40083],
							"lerp_mode": "catmullrom"
						},
						"2.9167": {
							"post": [-88.21, -81.76, 24.4],
							"lerp_mode": "catmullrom"
						},
						"3.0417": {
							"post": [0, 0, 0],
							"lerp_mode": "catmullrom"
						}
					},
					"position": {
						"0.0": {
							"post": [0, 0, 0],
							"lerp_mode": "catmullrom"
						},
						"0.0833": {
							"post": [0, -1, -1],
							"lerp_mode": "catmullrom"
						},
						"0.1667": {
							"post": [-1, -1, -1],
							"lerp_mode": "catmullrom"
						},
						"0.25": {
							"post": [0, -3, -2],
							"lerp_mode": "catmullrom"
						},
						"0.3333": {
							"post": [0, 0, -3],
							"lerp_mode": "catmullrom"
						},
						"0.375": {
							"post": [-0.33, 0, -3.67],
							"lerp_mode": "catmullrom"
						},
						"0.4583": {
							"post": [-2, -1, 3],
							"lerp_mode": "catmullrom"
						},
						"0.5833": {
							"post": [-3, -1, 0],
							"lerp_mode": "catmullrom"
						},
						"0.6667": {
							"post": [-1, -1, -3],
							"lerp_mode": "catmullrom"
						},
						"0.7917": {
							"post": [-1, -3, 1],
							"lerp_mode": "catmullrom"
						},
						"0.9167": {
							"post": [-3, -3, 2],
							"lerp_mode": "catmullrom"
						},
						"1.0": {
							"post": [-1, 0, -2],
							"lerp_mode": "catmullrom"
						},
						"1.125": {
							"post": [3, 1, -5],
							"lerp_mode": "catmullrom"
						},
						"1.25": {
							"post": [0, 6, -4],
							"lerp_mode": "catmullrom"
						},
						"1.375": {
							"post": [-2, 1, -3],
							"lerp_mode": "catmullrom"
						},
						"1.5": {
							"post": [-1, 0, -3],
							"lerp_mode": "catmullrom"
						},
						"1.625": {
							"post": [-3, 0, -3],
							"lerp_mode": "catmullrom"
						},
						"1.75": {
							"post": [-1, 0, 0],
							"lerp_mode": "catmullrom"
						},
						"1.875": {
							"post": [-2, -2, 0],
							"lerp_mode": "catmullrom"
						},
						"2.0": {
							"post": [-2, -1, 0],
							"lerp_mode": "catmullrom"
						},
						"2.125": {
							"post": [-2, 0, -2],
							"lerp_mode": "catmullrom"
						},
						"2.25": {
							"post": [-2, 1, -3],
							"lerp_mode": "catmullrom"
						},
						"2.6667": {
							"post": [0, 0, -3],
							"lerp_mode": "catmullrom"
						},
						"2.9167": {
							"post": [0, 0, -3],
							"lerp_mode": "catmullrom"
						},
						"3.0417": {
							"post": [0, 0, 0],
							"lerp_mode": "catmullrom"
						}
					}
				},
				"leftarm": {
					"rotation": {
						"0.0": {
							"post": [0, 0, 0],
							"lerp_mode": "catmullrom"
						},
						"0.0833": {
							"post": [-66.44411, 5.20875, -13.6009],
							"lerp_mode": "catmullrom"
						},
						"0.1667": {
							"post": [-108.66201, -17.15125, -0.33167],
							"lerp_mode": "catmullrom"
						},
						"0.25": {
							"post": [-120.24463, 27.91893, -15.81706],
							"lerp_mode": "catmullrom"
						},
						"0.3333": {
							"post": [-118.94189, -6.88311, -42.07764],
							"lerp_mode": "catmullrom"
						},
						"0.375": {
							"post": [-105.1253, 14.93538, -29.2219],
							"lerp_mode": "catmullrom"
						},
						"0.4583": {
							"post": [-55.96421, 46.74986, -35.69745],
							"lerp_mode": "catmullrom"
						},
						"0.5833": {
							"post": [-110.15655, 10.94459, -48.85359],
							"lerp_mode": "catmullrom"
						},
						"0.6667": {
							"post": [-32.17626, 17.23376, -3.59682],
							"lerp_mode": "catmullrom"
						},
						"0.7917": {
							"post": [-102.20388, 5.92834, -53.81238],
							"lerp_mode": "catmullrom"
						},
						"0.9167": {
							"post": [-30.1772, -52.4897, -98.24311],
							"lerp_mode": "catmullrom"
						},
						"1.0": {
							"post": [-89.60167, -52.43878, -29.82214],
							"lerp_mode": "catmullrom"
						},
						"1.125": {
							"post": [-100.81319, 4.32119, -10.60167],
							"lerp_mode": "catmullrom"
						},
						"1.25": {
							"post": [-191.34196, -2.61246, -44.93304],
							"lerp_mode": "catmullrom"
						},
						"1.375": {
							"post": [-94.1351, -5.70077, -52.31029],
							"lerp_mode": "catmullrom"
						},
						"1.5": {
							"post": [-3.13348, 28.23174, -21.21353],
							"lerp_mode": "catmullrom"
						},
						"1.625": {
							"post": [-127.26726, 7.64041, -95.40997],
							"lerp_mode": "catmullrom"
						},
						"1.75": {
							"post": [-16.77047, -16.99486, -4.99138],
							"lerp_mode": "catmullrom"
						},
						"1.875": {
							"post": [-116.89154, 7.12543, -61.02353],
							"lerp_mode": "catmullrom"
						},
						"2.0": {
							"post": [-71.25122, 7.57276, -37.04195],
							"lerp_mode": "catmullrom"
						},
						"2.125": {
							"post": [-95.9304, 41.55085, -66.95924],
							"lerp_mode": "catmullrom"
						},
						"2.25": {
							"post": [-63.95099, 59.66437, -32.14199],
							"lerp_mode": "catmullrom"
						},
						"2.3333": {
							"post": [-64.98116, 55.19812, -36.32716],
							"lerp_mode": "catmullrom"
						},
						"2.5": {
							"post": [-46.68357, -69.39977, -98.72714],
							"lerp_mode": "catmullrom"
						},
						"2.6667": {
							"post": [-82.86243, 71.53163, -9.15848],
							"lerp_mode": "catmullrom"
						},
						"2.7917": {
							"post": [-72.86243, 71.53163, -9.15848],
							"lerp_mode": "catmullrom"
						},
						"2.9167": {
							"post": [-72.86, 71.53, -9.16],
							"lerp_mode": "catmullrom"
						},
						"3.0417": {
							"post": [0, 0, 0],
							"lerp_mode": "catmullrom"
						}
					},
					"position": {
						"0.0": {
							"post": [0, 0, 0],
							"lerp_mode": "catmullrom"
						},
						"0.0833": {
							"post": [0, -1, -1],
							"lerp_mode": "catmullrom"
						},
						"0.25": {
							"post": [0, -3, -2],
							"lerp_mode": "catmullrom"
						},
						"0.3333": {
							"post": [0, 1, -4],
							"lerp_mode": "catmullrom"
						},
						"0.375": {
							"post": [0.33, 0.67, -4.67],
							"lerp_mode": "catmullrom"
						},
						"0.4583": {
							"post": [2, -1, 1],
							"lerp_mode": "catmullrom"
						},
						"0.6667": {
							"post": [1, -2, 1],
							"lerp_mode": "catmullrom"
						},
						"0.9167": {
							"post": [1, -1, 3],
							"lerp_mode": "catmullrom"
						},
						"1.0": {
							"post": [1, 1, -1],
							"lerp_mode": "catmullrom"
						},
						"1.125": {
							"post": [-1, 1, -4],
							"lerp_mode": "catmullrom"
						},
						"1.25": {
							"post": [2, 5, -1],
							"lerp_mode": "catmullrom"
						},
						"1.375": {
							"post": [2, 1, -1],
							"lerp_mode": "catmullrom"
						},
						"1.5": {
							"post": [1, -1, -1],
							"lerp_mode": "catmullrom"
						},
						"1.625": {
							"post": [3, -1, -1],
							"lerp_mode": "catmullrom"
						},
						"1.75": {
							"post": [1, -1, 1],
							"lerp_mode": "catmullrom"
						},
						"1.875": {
							"post": [2, 0, -3],
							"lerp_mode": "catmullrom"
						},
						"2.0": {
							"post": [2, 0, 2],
							"lerp_mode": "catmullrom"
						},
						"2.125": {
							"post": [2, -1, 0],
							"lerp_mode": "catmullrom"
						},
						"2.5": {
							"post": [2, 1, 0],
							"lerp_mode": "catmullrom"
						},
						"2.6667": {
							"post": [1, 0, 0],
							"lerp_mode": "catmullrom"
						},
						"2.9167": {
							"post": [1, 0, 0],
							"lerp_mode": "catmullrom"
						},
						"3.0417": {
							"post": [0, 0, 0],
							"lerp_mode": "catmullrom"
						}
					}
				},
				"head": {
					"rotation": {
						"0.0": {
							"post": [0, 0, 0],
							"lerp_mode": "catmullrom"
						},
						"0.1667": {
							"post": [-11.52735, 10.84292, -0.94986],
							"lerp_mode": "catmullrom"
						},
						"0.4583": {
							"post": [-23.07779, -14.2906, 4.60659],
							"lerp_mode": "catmullrom"
						},
						"0.5833": {
							"post": [-23.07779, -14.2906, 4.60659],
							"lerp_mode": "catmullrom"
						},
						"0.6667": {
							"post": [-1.88095, -1.18973, -7.92546],
							"lerp_mode": "catmullrom"
						},
						"0.7917": {
							"post": [-2.05889, -0.8451, 2.07019],
							"lerp_mode": "catmullrom"
						},
						"0.9167": {
							"post": [-18.20635, -12.5301, 16.17699],
							"lerp_mode": "catmullrom"
						},
						"1.0": {
							"post": [-15.64423, -13.05677, 5.62302],
							"lerp_mode": "catmullrom"
						},
						"1.375": {
							"post": [-13.56796, -10.1096, -3.06537],
							"lerp_mode": "catmullrom"
						},
						"1.5": {
							"post": [-13.35368, -0.38295, -5.40017],
							"lerp_mode": "catmullrom"
						},
						"1.75": {
							"post": [-13.154, 14.78546, -6.42421],
							"lerp_mode": "catmullrom"
						},
						"1.875": {
							"post": [-10.94025, -13.10685, 6.86376],
							"lerp_mode": "catmullrom"
						},
						"2.0": {
							"post": [-10.7631, -8.19615, 5.90621],
							"lerp_mode": "catmullrom"
						},
						"2.125": {
							"post": [-10.67935, 4.08734, 3.58378],
							"lerp_mode": "catmullrom"
						},
						"2.25": {
							"post": [-2.80546, 33.49181, -2.79514],
							"lerp_mode": "catmullrom"
						},
						"2.3333": {
							"post": [-4.33167, 30.84089, -5.55829],
							"lerp_mode": "catmullrom"
						},
						"2.5": {
							"post": [-3.72766, -4.07831, -3.06903],
							"lerp_mode": "catmullrom"
						},
						"2.6667": {
							"post": [-5.39297, -41.12162, 5.218],
							"lerp_mode": "catmullrom"
						},
						"2.7917": {
							"post": [-1.00932, -41.40121, -1.42475],
							"lerp_mode": "catmullrom"
						},
						"2.9167": {
							"post": [-1.01, -41.4, -1.42],
							"lerp_mode": "catmullrom"
						},
						"3.0417": {
							"post": [0, 0, 0],
							"lerp_mode": "catmullrom"
						}
					},
					"position": {
						"0.0": {
							"post": [0, 0, 0],
							"lerp_mode": "catmullrom"
						},
						"2.9167": {
							"post": [0, 0, 0],
							"lerp_mode": "catmullrom"
						},
						"3.0417": {
							"post": [0, 0, 0],
							"lerp_mode": "catmullrom"
						}
					}
				},
				"rightleg": {
					"rotation": {
						"0.0": {
							"post": [0, 0, 0],
							"lerp_mode": "catmullrom"
						},
						"0.0833": {
							"post": [0, 15, 7.5],
							"lerp_mode": "catmullrom"
						},
						"0.1667": {
							"post": [18.64932, 13.0392, 12.24105],
							"lerp_mode": "catmullrom"
						},
						"0.3333": {
							"post": [66.79886, -0.72671, 18.2488],
							"lerp_mode": "catmullrom"
						},
						"0.4167": {
							"post": [19.02322, 3.39068, 6.44064],
							"lerp_mode": "catmullrom"
						},
						"0.4583": {
							"post": [-7.72951, 9.74172, 4.57744],
							"lerp_mode": "catmullrom"
						},
						"0.5833": {
							"post": [6.98818, -7.01077, -2.54919],
							"lerp_mode": "catmullrom"
						},
						"0.6667": {
							"post": [36.98818, -7.01077, -2.54919],
							"lerp_mode": "catmullrom"
						},
						"0.7917": {
							"post": [61.09732, 6.94606, 12.62724],
							"lerp_mode": "catmullrom"
						},
						"0.9167": {
							"post": [13.81855, -44.32199, 10.69176],
							"lerp_mode": "catmullrom"
						},
						"1.0": {
							"post": [12.05283, -13.48645, 10.19999],
							"lerp_mode": "catmullrom"
						},
						"1.125": {
							"post": [8.93133, 23.41663, -7.51623],
							"lerp_mode": "catmullrom"
						},
						"1.25": {
							"post": [12.02618, 22.05021, 0.48066],
							"lerp_mode": "catmullrom"
						},
						"1.375": {
							"post": [19.24409, 26.73049, -12.2561],
							"lerp_mode": "catmullrom"
						},
						"1.5": {
							"post": [23.93179, -14.68437, 2.59031],
							"lerp_mode": "catmullrom"
						},
						"1.625": {
							"post": [29.01364, 21.75781, 1.73559],
							"lerp_mode": "catmullrom"
						},
						"1.75": {
							"post": [31.65532, 14.54435, 9.48713],
							"lerp_mode": "catmullrom"
						},
						"1.875": {
							"post": [-3.45421, -20.39783, 11.53318],
							"lerp_mode": "catmullrom"
						},
						"2.0": {
							"post": [11.35652, 4.91152, 5.10772],
							"lerp_mode": "catmullrom"
						},
						"2.25": {
							"post": [38.85652, 4.91152, 5.10772],
							"lerp_mode": "catmullrom"
						},
						"2.3333": {
							"post": [58.85652, 4.91152, 5.10772],
							"lerp_mode": "catmullrom"
						},
						"2.4167": {
							"post": [11.35652, 4.91152, 5.10772],
							"lerp_mode": "catmullrom"
						},
						"2.6667": {
							"post": [18.19742, 51.08057, 18.46923],
							"lerp_mode": "catmullrom"
						},
						"2.7917": {
							"post": [19.23417, 53.44851, 19.77988],
							"lerp_mode": "catmullrom"
						},
						"2.9167": {
							"post": [19.23, 53.45, 19.78],
							"lerp_mode": "catmullrom"
						},
						"3.0417": {
							"post": [0, 0, 0],
							"lerp_mode": "catmullrom"
						}
					},
					"position": {
						"0.0": {
							"post": [0, 0, 0],
							"lerp_mode": "catmullrom"
						},
						"0.3333": {
							"post": [0, 0, -3],
							"lerp_mode": "catmullrom"
						},
						"0.4583": {
							"post": [-1, 0, -4],
							"lerp_mode": "catmullrom"
						},
						"0.5833": {
							"post": [-1, 0, -2],
							"lerp_mode": "catmullrom"
						},
						"0.6667": {
							"post": [-1, -1, -1],
							"lerp_mode": "catmullrom"
						},
						"0.7917": {
							"post": [-1, 0, -6],
							"lerp_mode": "catmullrom"
						},
						"0.9167": {
							"post": [-1, 0, -4],
							"lerp_mode": "catmullrom"
						},
						"1.125": {
							"post": [-3, 0, -4],
							"lerp_mode": "catmullrom"
						},
						"1.25": {
							"post": [-1, 0, -4],
							"lerp_mode": "catmullrom"
						},
						"1.375": {
							"post": [-1, 0, 0],
							"lerp_mode": "catmullrom"
						},
						"1.5": {
							"post": [0, 0, 0],
							"lerp_mode": "catmullrom"
						},
						"1.625": {
							"post": [-1, 0, 0],
							"lerp_mode": "catmullrom"
						},
						"1.75": {
							"post": [0, 2, -4],
							"lerp_mode": "catmullrom"
						},
						"1.875": {
							"post": [0, 0, -3],
							"lerp_mode": "catmullrom"
						},
						"2.125": {
							"post": [0, 0, -2],
							"lerp_mode": "catmullrom"
						},
						"2.25": {
							"post": [0, 0, 2],
							"lerp_mode": "catmullrom"
						},
						"2.3333": {
							"post": [0, 1, -3],
							"lerp_mode": "catmullrom"
						},
						"2.4167": {
							"post": [0, 0, -4],
							"lerp_mode": "catmullrom"
						},
						"2.5": {
							"post": [-1, 2, -4],
							"lerp_mode": "catmullrom"
						},
						"2.6667": {
							"post": [-1, 0, 3],
							"lerp_mode": "catmullrom"
						},
						"2.9167": {
							"post": [-1, 0, 3],
							"lerp_mode": "catmullrom"
						},
						"3.0417": {
							"post": [0, 0, 0],
							"lerp_mode": "catmullrom"
						}
					}
				},
				"leftleg": {
					"rotation": {
						"0.0": {
							"post": [0, 0, 0],
							"lerp_mode": "catmullrom"
						},
						"0.0833": {
							"post": [-5, -5, -5],
							"lerp_mode": "catmullrom"
						},
						"0.1667": {
							"post": [2.5, -5, -5],
							"lerp_mode": "catmullrom"
						},
						"0.3333": {
							"post": [7.5, -5, -5],
							"lerp_mode": "catmullrom"
						},
						"0.4583": {
							"post": [37.5, -5, -5],
							"lerp_mode": "catmullrom"
						},
						"0.6667": {
							"post": [-1.52031, 11.55345, 11.83943],
							"lerp_mode": "catmullrom"
						},
						"0.7917": {
							"post": [19.81726, 30.28201, -6.4571],
							"lerp_mode": "catmullrom"
						},
						"0.9167": {
							"post": [14.20789, 37.4563, -20.99606],
							"lerp_mode": "catmullrom"
						},
						"1.0": {
							"post": [19.56841, 0.36901, -3.42194],
							"lerp_mode": "catmullrom"
						},
						"1.125": {
							"post": [19.04057, -4.61524, 10.74001],
							"lerp_mode": "catmullrom"
						},
						"1.25": {
							"post": [17.70673, 8.47527, -27.1631],
							"lerp_mode": "catmullrom"
						},
						"1.375": {
							"post": [-15.91688, -0.24408, 15.63378],
							"lerp_mode": "catmullrom"
						},
						"1.5": {
							"post": [10.6235, 42.60796, 0.3574],
							"lerp_mode": "catmullrom"
						},
						"1.625": {
							"post": [-6.62113, -23.38082, 18.42277],
							"lerp_mode": "catmullrom"
						},
						"1.75": {
							"post": [1.17041, 25.76734, 0.28639],
							"lerp_mode": "catmullrom"
						},
						"1.875": {
							"post": [20.44717, -3.33054, 0.21949],
							"lerp_mode": "catmullrom"
						},
						"2.0": {
							"post": [50.44717, -3.33054, 0.21949],
							"lerp_mode": "catmullrom"
						},
						"2.25": {
							"post": [0.44717, -3.33054, 0.21949],
							"lerp_mode": "catmullrom"
						},
						"2.3333": {
							"post": [5.44717, -3.33054, 0.21949],
							"lerp_mode": "catmullrom"
						},
						"2.4167": {
							"post": [40.11677, -6.56449, 4.04761],
							"lerp_mode": "catmullrom"
						},
						"2.5": {
							"post": [5.11677, -6.56449, 4.04761],
							"lerp_mode": "catmullrom"
						},
						"2.6667": {
							"post": [6.779, 19.53605, -5.58443],
							"lerp_mode": "catmullrom"
						},
						"2.7917": {
							"post": [6.68211, 17.05328, -5.89301],
							"lerp_mode": "catmullrom"
						},
						"2.9167": {
							"post": [6.68, 17.05, -5.89],
							"lerp_mode": "catmullrom"
						},
						"3.0417": {
							"post": [0, 0, 0],
							"lerp_mode": "catmullrom"
						}
					},
					"position": {
						"0.0": {
							"post": [0, 0, 0],
							"lerp_mode": "catmullrom"
						},
						"0.0833": {
							"post": [0, 0, -1],
							"lerp_mode": "catmullrom"
						},
						"0.1667": {
							"post": [0, 0, -2],
							"lerp_mode": "catmullrom"
						},
						"0.3333": {
							"post": [0, 0, -3],
							"lerp_mode": "catmullrom"
						},
						"0.4583": {
							"post": [0, -1, -3],
							"lerp_mode": "catmullrom"
						},
						"0.5833": {
							"post": [0, 2, -6],
							"lerp_mode": "catmullrom"
						},
						"0.6667": {
							"post": [0, 0, -5],
							"lerp_mode": "catmullrom"
						},
						"0.7917": {
							"post": [-1, 0, -4],
							"lerp_mode": "catmullrom"
						},
						"0.9167": {
							"post": [-1, 0, -4],
							"lerp_mode": "catmullrom"
						},
						"1.0": {
							"post": [0, 1, -4],
							"lerp_mode": "catmullrom"
						},
						"1.125": {
							"post": [1, 1, -5],
							"lerp_mode": "catmullrom"
						},
						"1.25": {
							"post": [-1, 3, -6],
							"lerp_mode": "catmullrom"
						},
						"1.375": {
							"post": [0, 0, -4],
							"lerp_mode": "catmullrom"
						},
						"1.5": {
							"post": [-1, 0, -6],
							"lerp_mode": "catmullrom"
						},
						"1.625": {
							"post": [2, 0, -5],
							"lerp_mode": "catmullrom"
						},
						"1.75": {
							"post": [0, 0, -2],
							"lerp_mode": "catmullrom"
						},
						"1.875": {
							"post": [0, 0, 1],
							"lerp_mode": "catmullrom"
						},
						"2.0": {
							"post": [1, 0, -2],
							"lerp_mode": "catmullrom"
						},
						"2.125": {
							"post": [1, 2, -4],
							"lerp_mode": "catmullrom"
						},
						"2.25": {
							"post": [1, 0, -3],
							"lerp_mode": "catmullrom"
						},
						"2.3333": {
							"post": [1, 0, 1],
							"lerp_mode": "catmullrom"
						},
						"2.4167": {
							"post": [1, 0, 0],
							"lerp_mode": "catmullrom"
						},
						"2.5": {
							"post": [1, 0, -1],
							"lerp_mode": "catmullrom"
						},
						"2.6667": {
							"post": [-1, 0, -3],
							"lerp_mode": "catmullrom"
						},
						"2.9167": {
							"post": [-1, 0, -3],
							"lerp_mode": "catmullrom"
						},
						"3.0417": {
							"post": [0, 0, 0],
							"lerp_mode": "catmullrom"
						}
					}
				},
				"tail": {
					"rotation": {
						"0.0": {
							"post": [0, 25, 0],
							"lerp_mode": "catmullrom"
						},
						"0.375": {
							"post": [10, 32.5, 0],
							"lerp_mode": "catmullrom"
						},
						"0.5833": {
							"post": [11.39648, -26.97266, 0],
							"lerp_mode": "catmullrom"
						},
						"0.7083": {
							"post": [0, -57.5, 0],
							"lerp_mode": "catmullrom"
						},
						"1.0": {
							"post": [0, -45, 0],
							"lerp_mode": "catmullrom"
						},
						"1.375": {
							"post": [-3.2194, -47.617, 11.12197],
							"lerp_mode": "catmullrom"
						},
						"2.0833": {
							"post": [0, 37.5, 0],
							"lerp_mode": "catmullrom"
						},
						"3.0417": {
							"post": [0, 25, 0],
							"lerp_mode": "catmullrom"
						}
					}
				},
				"tail2": {
					"rotation": {
						"0.0": {
							"post": [0, 22.5, 0],
							"lerp_mode": "catmullrom"
						},
						"0.375": {
							"post": [-17.5, 32.5, 0],
							"lerp_mode": "catmullrom"
						},
						"0.5833": {
							"post": [3.18115, 38.96973, 0],
							"lerp_mode": "catmullrom"
						},
						"0.7083": {
							"post": [-19.91827, 29.48988, -32.00348],
							"lerp_mode": "catmullrom"
						},
						"1.0": {
							"post": [0, -25, 0],
							"lerp_mode": "catmullrom"
						},
						"1.4167": {
							"post": [22.5, -30, 0],
							"lerp_mode": "catmullrom"
						},
						"2.0417": {
							"post": [0, -42.5, 0],
							"lerp_mode": "catmullrom"
						},
						"3.0417": {
							"post": [0, 22.5, 0],
							"lerp_mode": "catmullrom"
						}
					}
				},
				"tail3": {
					"rotation": {
						"0.0": {
							"post": [0, 25, 0],
							"lerp_mode": "catmullrom"
						},
						"0.375": {
							"post": [-7.5, 32.5, 0],
							"lerp_mode": "catmullrom"
						},
						"0.5833": {
							"post": [4.57764, 41.77734, 0],
							"lerp_mode": "catmullrom"
						},
						"0.7083": {
							"post": [-10, 37.5, 0],
							"lerp_mode": "catmullrom"
						},
						"1.0": {
							"post": [0, -40, 0],
							"lerp_mode": "catmullrom"
						},
						"1.4167": {
							"post": [20, -42.5, 0],
							"lerp_mode": "catmullrom"
						},
						"2.0417": {
							"post": [0, -55, 0],
							"lerp_mode": "catmullrom"
						},
						"3.0417": {
							"post": [0, 25, 0],
							"lerp_mode": "catmullrom"
						}
					}
				},
				"tail4": {
					"rotation": {
						"0.0": {
							"post": [0, 25, 0],
							"lerp_mode": "catmullrom"
						},
						"0.375": {
							"post": [-10, 40, 0],
							"lerp_mode": "catmullrom"
						},
						"0.5833": {
							"post": [-11.15231, 53.32305, -3.43512],
							"lerp_mode": "catmullrom"
						},
						"0.7083": {
							"post": [-25, 47.5, 0],
							"lerp_mode": "catmullrom"
						},
						"1.0": {
							"post": [0, -50, 0],
							"lerp_mode": "catmullrom"
						},
						"1.4167": {
							"post": [17.5, -52.5, 0],
							"lerp_mode": "catmullrom"
						},
						"2.0417": {
							"post": [0, -60, 0],
							"lerp_mode": "catmullrom"
						},
						"3.0417": {
							"post": [0, 25, 0],
							"lerp_mode": "catmullrom"
						}
					}
				},
				"tail5": {
					"rotation": {
						"0.0": {
							"post": [17.5, 17.5, 0],
							"lerp_mode": "catmullrom"
						},
						"0.4583": {
							"post": [-10.46875, 17.5, 0],
							"lerp_mode": "catmullrom"
						},
						"0.6667": {
							"post": [-5, 17.5, 0],
							"lerp_mode": "catmullrom"
						},
						"1.0": {
							"post": [6.2915, -39.77145, 5.48795],
							"lerp_mode": "catmullrom"
						},
						"1.375": {
							"post": [-16.2085, -39.77145, 5.48795],
							"lerp_mode": "catmullrom"
						},
						"1.7083": {
							"post": [-3.02885, -19.80497, 4.14065],
							"lerp_mode": "catmullrom"
						},
						"2.2083": {
							"post": [-3.47009, -34.78123, 5.0947],
							"lerp_mode": "catmullrom"
						},
						"3.0417": {
							"post": [17.5, 17.5, 0],
							"lerp_mode": "catmullrom"
						}
					}
				},
				"tail6": {
					"rotation": {
						"0.0": {
							"post": [17.5, 0, 0],
							"lerp_mode": "catmullrom"
						},
						"0.4583": {
							"post": [-16.25, 0, 0],
							"lerp_mode": "catmullrom"
						},
						"0.6667": {
							"post": [-2.5, 0, 0],
							"lerp_mode": "catmullrom"
						},
						"1.0": {
							"post": [17.33978, -19.98015, 0.90956],
							"lerp_mode": "catmullrom"
						},
						"1.375": {
							"post": [-0.16022, -19.98015, 0.90956],
							"lerp_mode": "catmullrom"
						},
						"1.7083": {
							"post": [14.16065, -10.29698, 3.50034],
							"lerp_mode": "catmullrom"
						},
						"2.2083": {
							"post": [16.964, -34.41476, -3.69925],
							"lerp_mode": "catmullrom"
						},
						"3.0417": {
							"post": [17.5, 0, 0],
							"lerp_mode": "catmullrom"
						}
					}
				}
			}
		}
	}
}