{
	"format_version": "1.8.0",
	"animations": {
		"animation.galickho": {
			"animation_length": 6.1667,
			"bones": {
				"root": {
					"rotation": ["query.target_x_rotation - this", "query.target_y_rotation - this", 0]
				},
				"waist": {
					"rotation": {
						"0.0": {
							"post": [0, 0, 0],
							"lerp_mode": "catmullrom"
						},
						"0.125": {
							"post": [4.00132, 12.84954, -4.00132],
							"lerp_mode": "catmullrom"
						},
						"0.2917": {
							"post": [-4.85692, 55.94999, -6.34638],
							"lerp_mode": "catmullrom"
						},
						"0.8333": {
							"post": [-4.85692, 55.94999, -6.34638],
							"lerp_mode": "catmullrom"
						},
						"1.3333": {
							"post": [-15.46005, 65.28408, -15.36046],
							"lerp_mode": "catmullrom"
						},
						"2.5": {
							"post": [-4.85692, 55.94999, -6.34638],
							"lerp_mode": "catmullrom"
						},
						"2.6667": {
							"post": [104.66761, 70.44815, 80.38062],
							"lerp_mode": "catmullrom"
						},
						"2.7917": {
							"post": [108.72883, 69.67638, 87.359],
							"lerp_mode": "catmullrom"
						},
						"2.875": {
							"post": [25.00494, 10.40097, 3.08611],
							"lerp_mode": "catmullrom"
						},
						"3.1667": {
							"post": [32.50494, 10.40097, 3.08611],
							"lerp_mode": "catmullrom"
						},
						"3.625": {
							"post": [25.48434, 14.92401, 5.27112],
							"lerp_mode": "catmullrom"
						},
						"4.5": {
							"post": [30.48434, 14.92401, 5.27112],
							"lerp_mode": "catmullrom"
						},
						"5.25": {
							"post": [30.48, 14.92, 5.27],
							"lerp_mode": "catmullrom"
						},
						"5.4583": {
							"post": [1.62095, 12.62262, 0.02397],
							"lerp_mode": "catmullrom"
						},
						"5.7083": {
							"post": [0, 0, 0],
							"lerp_mode": "catmullrom"
						},
						"6.1667": {
							"post": [0, 0, 0],
							"lerp_mode": "catmullrom"
						}
					},
					"position": {
						"0.0": {
							"post": [0, 0, 0],
							"lerp_mode": "catmullrom"
						},
						"0.125": {
							"post": [1, 0, 1],
							"lerp_mode": "catmullrom"
						},
						"0.2917": {
							"post": [0, 1, 3],
							"lerp_mode": "catmullrom"
						},
						"0.8333": {
							"post": [0, 1, 3],
							"lerp_mode": "catmullrom"
						},
						"2.5": {
							"post": [0, 1, 3],
							"lerp_mode": "catmullrom"
						},
						"2.875": {
							"post": [0, -3, 0],
							"lerp_mode": "catmullrom"
						},
						"3.1667": {
							"post": [0, -3, 0],
							"lerp_mode": "catmullrom"
						},
						"4.5": {
							"post": [0, -3, 0],
							"lerp_mode": "catmullrom"
						},
						"5.25": {
							"post": [0, -3, 0],
							"lerp_mode": "catmullrom"
						},
						"5.4583": {
							"post": [0, -1, 1],
							"lerp_mode": "catmullrom"
						},
						"5.7083": {
							"post": [0, 0, 0],
							"lerp_mode": "catmullrom"
						},
						"6.1667": {
							"post": [0, 0, 0],
							"lerp_mode": "catmullrom"
						}
					}
				},
				"rightarm": {
					"rotation": {
						"0.0": {
							"post": [0, 0, 0],
							"lerp_mode": "catmullrom"
						},
						"0.125": {
							"post": [5, 0, 2.5],
							"lerp_mode": "catmullrom"
						},
						"0.2917": {
							"post": [-106.61528, 47.46714, 18.06668],
							"lerp_mode": "catmullrom"
						},
						"0.8333": {
							"post": [-106.61528, 47.46714, 18.06668],
							"lerp_mode": "catmullrom"
						},
						"1.3333": {
							"post": [-103.71718, 35.3954, 22.42088],
							"lerp_mode": "catmullrom"
						},
						"2.5": {
							"post": [-92.03, 57.46, 17.55],
							"lerp_mode": "catmullrom"
						},
						"2.7917": {
							"post": [-91.69734, 49.96392, 17.96183],
							"lerp_mode": "catmullrom"
						},
						"2.875": {
							"post": [-122.92624, -14.52062, 25.19068],
							"lerp_mode": "catmullrom"
						},
						"3.1667": {
							"post": [-131.63749, -7.1132, 18.34582],
							"lerp_mode": "catmullrom"
						},
						"3.625": {
							"post": [-120.1428, -15.81042, 23.38718],
							"lerp_mode": "catmullrom"
						},
						"4.5": {
							"post": [-124.44384, -11.70341, 20.45044],
							"lerp_mode": "catmullrom"
						},
						"5.25": {
							"post": [-124.44, -11.7, 20.45],
							"lerp_mode": "catmullrom"
						},
						"5.4583": {
							"post": [-21.94, -11.7, 20.45],
							"lerp_mode": "catmullrom"
						},
						"5.7083": {
							"post": [0, 0, 0],
							"lerp_mode": "catmullrom"
						},
						"6.1667": {
							"post": [0, 0, 0],
							"lerp_mode": "catmullrom"
						}
					},
					"position": {
						"0.0": {
							"post": [0, 0, 0],
							"lerp_mode": "catmullrom"
						},
						"0.125": {
							"post": [0, 0, 0],
							"lerp_mode": "catmullrom"
						},
						"0.2917": {
							"post": [0, -2, 2],
							"lerp_mode": "catmullrom"
						},
						"0.8333": {
							"post": [0, -2, 2],
							"lerp_mode": "catmullrom"
						},
						"1.3333": {
							"post": [0, -2, 2],
							"lerp_mode": "catmullrom"
						},
						"2.5": {
							"post": [1, -2, 6],
							"lerp_mode": "catmullrom"
						},
						"2.6667": {
							"post": [1, -2, 7],
							"lerp_mode": "catmullrom"
						},
						"2.7917": {
							"post": [1, -2, 7],
							"lerp_mode": "catmullrom"
						},
						"2.875": {
							"post": [2, 3, -4],
							"lerp_mode": "catmullrom"
						},
						"3.1667": {
							"post": [2.4218, 3.40229, -4.81256],
							"lerp_mode": "catmullrom"
						},
						"3.625": {
							"post": [2.29242, 2.07518, -4.3319],
							"lerp_mode": "catmullrom"
						},
						"4.5": {
							"post": [2.55, 2.57, -5.16],
							"lerp_mode": "catmullrom"
						},
						"5.25": {
							"post": [2.55, 2.57, -5.16],
							"lerp_mode": "catmullrom"
						},
						"5.4583": {
							"post": [-0.71161, -0.5829, 0.17115],
							"lerp_mode": "catmullrom"
						},
						"5.7083": {
							"post": [0, 0, 0],
							"lerp_mode": "catmullrom"
						},
						"6.1667": {
							"post": [0, 0, 0],
							"lerp_mode": "catmullrom"
						}
					}
				},
				"leftarm": {
					"rotation": {
						"0.0": {
							"post": [0, 0, 0],
							"lerp_mode": "catmullrom"
						},
						"0.125": {
							"post": [-7.46148, -9.99038, -0.44067],
							"lerp_mode": "catmullrom"
						},
						"0.2917": {
							"post": [-159.58788, 0.32901, -55.53457],
							"lerp_mode": "catmullrom"
						},
						"0.8333": {
							"post": [-159.58788, 0.32901, -55.53457],
							"lerp_mode": "catmullrom"
						},
						"1.3333": {
							"post": [-147.08788, 0.32901, -55.53457],
							"lerp_mode": "catmullrom"
						},
						"2.5": {
							"post": [-193.4, 27.24, -84.39],
							"lerp_mode": "catmullrom"
						},
						"2.6667": {
							"post": [-198.4, 27.24, -84.39],
							"lerp_mode": "catmullrom"
						},
						"2.7917": {
							"post": [-203.4, 27.24, -84.39],
							"lerp_mode": "catmullrom"
						},
						"2.875": {
							"post": [-115.77993, -38.02843, -68.15745],
							"lerp_mode": "catmullrom"
						},
						"3.0417": {
							"post": [-118.81296, -44.6976, -63.57684],
							"lerp_mode": "catmullrom"
						},
						"3.1667": {
							"post": [-118.81, -44.7, -63.58],
							"lerp_mode": "catmullrom"
						},
						"3.625": {
							"post": [-97.44721, -30.04196, -84.88146],
							"lerp_mode": "catmullrom"
						},
						"4.5": {
							"post": [-97.87238, -34.99744, -84.09132],
							"lerp_mode": "catmullrom"
						},
						"5.25": {
							"post": [-97.87, -35, -84.09],
							"lerp_mode": "catmullrom"
						},
						"5.4583": {
							"post": [-10.29349, -1.44256, -12.26329],
							"lerp_mode": "catmullrom"
						},
						"5.7083": {
							"post": [0, 0, 0],
							"lerp_mode": "catmullrom"
						},
						"6.1667": {
							"post": [0, 0, 0],
							"lerp_mode": "catmullrom"
						}
					},
					"position": {
						"0.0": {
							"post": [0, 0, 0],
							"lerp_mode": "catmullrom"
						},
						"0.125": {
							"post": [0, 0, 0],
							"lerp_mode": "catmullrom"
						},
						"0.2917": {
							"post": [-4, -3, -3],
							"lerp_mode": "catmullrom"
						},
						"0.8333": {
							"post": [-4, -3, -3],
							"lerp_mode": "catmullrom"
						},
						"1.3333": {
							"post": [-4, -3, -3],
							"lerp_mode": "catmullrom"
						},
						"2.5": {
							"post": [-4, -3, -6],
							"lerp_mode": "catmullrom"
						},
						"2.6667": {
							"post": [-5, -3, -6],
							"lerp_mode": "catmullrom"
						},
						"2.7917": {
							"post": [-5, -3, -6],
							"lerp_mode": "catmullrom"
						},
						"2.875": {
							"post": [0, -1, -6],
							"lerp_mode": "catmullrom"
						},
						"3.0417": {
							"post": [-0.25025, 0.52407, -6.18091],
							"lerp_mode": "catmullrom"
						},
						"3.1667": {
							"post": [-0.25, 0.52, -6.18],
							"lerp_mode": "catmullrom"
						},
						"3.625": {
							"post": [-0.68807, -0.3115, -4.41637],
							"lerp_mode": "catmullrom"
						},
						"4.5": {
							"post": [-0.43246, 0.18019, -5.2527],
							"lerp_mode": "catmullrom"
						},
						"5.25": {
							"post": [-0.43, 0.18, -5.25],
							"lerp_mode": "catmullrom"
						},
						"5.4583": {
							"post": [0.21049, 0.00285, 1.03955],
							"lerp_mode": "catmullrom"
						},
						"5.7083": {
							"post": [0, 0, 0],
							"lerp_mode": "catmullrom"
						},
						"6.1667": {
							"post": [0, 0, 0],
							"lerp_mode": "catmullrom"
						}
					}
				},
				"head": {
					"rotation": {
						"0.0": {
							"post": [0, 0, 0],
							"lerp_mode": "catmullrom"
						},
						"0.125": {
							"post": [-5, -15, 5],
							"lerp_mode": "catmullrom"
						},
						"0.2917": {
							"post": [8.45721, -42.36824, 8.12245],
							"lerp_mode": "catmullrom"
						},
						"0.8333": {
							"post": [8.45721, -42.36824, 8.12245],
							"lerp_mode": "catmullrom"
						},
						"1.3333": {
							"post": [8.45721, -42.36824, 8.12245],
							"lerp_mode": "catmullrom"
						},
						"2.5": {
							"post": [8.45721, -42.36824, 8.12245],
							"lerp_mode": "catmullrom"
						},
						"2.7917": {
							"post": [-55.41189, -64.49997, 48.88422],
							"lerp_mode": "catmullrom"
						},
						"2.8333": {
							"post": [-31.11297, -52.5846, 7.0243],
							"lerp_mode": "catmullrom"
						},
						"2.875": {
							"post": [-20.58447, -13.42966, 0.10539],
							"lerp_mode": "catmullrom"
						},
						"3.1667": {
							"post": [-30.58447, -13.42966, 0.10539],
							"lerp_mode": "catmullrom"
						},
						"3.625": {
							"post": [-23.08447, -13.42966, 0.10539],
							"lerp_mode": "catmullrom"
						},
						"4.5": {
							"post": [-28.08447, -13.42966, 0.10539],
							"lerp_mode": "catmullrom"
						},
						"5.25": {
							"post": [-28.08, -13.43, 0.11],
							"lerp_mode": "catmullrom"
						},
						"5.4583": {
							"post": [1.92, -13.43, 0.11],
							"lerp_mode": "catmullrom"
						},
						"5.7083": {
							"post": [0, 0, 0],
							"lerp_mode": "catmullrom"
						},
						"6.1667": {
							"post": [0, 0, 0],
							"lerp_mode": "catmullrom"
						}
					},
					"position": {
						"0.0": {
							"post": [0, 0, 0],
							"lerp_mode": "catmullrom"
						},
						"2.5": {
							"post": [0, 0, 0],
							"lerp_mode": "catmullrom"
						},
						"3.1667": {
							"post": [0, 0, 0],
							"lerp_mode": "catmullrom"
						},
						"4.5": {
							"post": [0, 0, 0],
							"lerp_mode": "catmullrom"
						},
						"5.25": {
							"post": [0, 0, 0],
							"lerp_mode": "catmullrom"
						},
						"5.7083": {
							"post": [0, 0, 0],
							"lerp_mode": "catmullrom"
						},
						"6.1667": {
							"post": [0, 0, 0],
							"lerp_mode": "catmullrom"
						}
					}
				},
				"rightleg": {
					"rotation": {
						"0.0": {
							"post": [0, 0, 0],
							"lerp_mode": "catmullrom"
						},
						"0.125": {
							"post": [7.5, 10, 0],
							"lerp_mode": "catmullrom"
						},
						"0.2917": {
							"post": [53.31779, 37.91749, 22.69428],
							"lerp_mode": "catmullrom"
						},
						"0.8333": {
							"post": [53.31779, 37.91749, 22.69428],
							"lerp_mode": "catmullrom"
						},
						"1.3333": {
							"post": [62.66091, 44.5845, 36.80006],
							"lerp_mode": "catmullrom"
						},
						"2.5": {
							"post": [53.31779, 37.91749, 22.69428],
							"lerp_mode": "catmullrom"
						},
						"2.6667": {
							"post": [67.29713, 46.69762, 43.28149],
							"lerp_mode": "catmullrom"
						},
						"2.7917": {
							"post": [83.9256, 50.48497, 65.32137],
							"lerp_mode": "catmullrom"
						},
						"2.875": {
							"post": [54.79404, 24.87062, 26.55391],
							"lerp_mode": "catmullrom"
						},
						"3.1667": {
							"post": [54.79, 24.87, 26.55],
							"lerp_mode": "catmullrom"
						},
						"4.5": {
							"post": [54.79, 24.87, 26.55],
							"lerp_mode": "catmullrom"
						},
						"5.25": {
							"post": [54.79, 24.87, 26.55],
							"lerp_mode": "catmullrom"
						},
						"5.4583": {
							"post": [47.29, 24.87, 26.55],
							"lerp_mode": "catmullrom"
						},
						"5.7083": {
							"post": [0, 0, 0],
							"lerp_mode": "catmullrom"
						},
						"6.1667": {
							"post": [0, 0, 0],
							"lerp_mode": "catmullrom"
						}
					},
					"position": {
						"0.0": {
							"post": [0, 0, 0],
							"lerp_mode": "catmullrom"
						},
						"0.125": {
							"post": [-1, 0, 0],
							"lerp_mode": "catmullrom"
						},
						"0.2917": {
							"post": [-1, 1, 0],
							"lerp_mode": "catmullrom"
						},
						"0.8333": {
							"post": [-1, 1, 0],
							"lerp_mode": "catmullrom"
						},
						"1.3333": {
							"post": [-2.94, 1.09, 3.91],
							"lerp_mode": "catmullrom"
						},
						"2.5": {
							"post": [-2.94, 1.09, 3.91],
							"lerp_mode": "catmullrom"
						},
						"2.6667": {
							"post": [-3, -2, 3],
							"lerp_mode": "catmullrom"
						},
						"2.7917": {
							"post": [-3, -2, 3],
							"lerp_mode": "catmullrom"
						},
						"2.875": {
							"post": [0, -3, 1],
							"lerp_mode": "catmullrom"
						},
						"3.1667": {
							"post": [0, -3, 1],
							"lerp_mode": "catmullrom"
						},
						"4.5": {
							"post": [0, -3, 1],
							"lerp_mode": "catmullrom"
						},
						"5.25": {
							"post": [0, -3, 1],
							"lerp_mode": "catmullrom"
						},
						"5.4583": {
							"post": [-1, -2, -2],
							"lerp_mode": "catmullrom"
						},
						"5.7083": {
							"post": [0, 0, 0],
							"lerp_mode": "catmullrom"
						},
						"6.1667": {
							"post": [0, 0, 0],
							"lerp_mode": "catmullrom"
						}
					}
				},
				"leftleg": {
					"rotation": {
						"0.0": {
							"post": [0, 0, 0],
							"lerp_mode": "catmullrom"
						},
						"0.125": {
							"post": [0, -2.5, 0],
							"lerp_mode": "catmullrom"
						},
						"0.2917": {
							"post": [-21.1325, 18.60025, -7.93784],
							"lerp_mode": "catmullrom"
						},
						"0.8333": {
							"post": [-21.1325, 18.60025, -7.93784],
							"lerp_mode": "catmullrom"
						},
						"1.3333": {
							"post": [-35.85123, 16.26612, -6.9992],
							"lerp_mode": "catmullrom"
						},
						"2.5": {
							"post": [-21.1325, 18.60025, -7.93784],
							"lerp_mode": "catmullrom"
						},
						"2.6667": {
							"post": [-21.29616, 9.80925, -9.94031],
							"lerp_mode": "catmullrom"
						},
						"2.7917": {
							"post": [-21.95022, 16.78292, -12.77846],
							"lerp_mode": "catmullrom"
						},
						"2.8333": {
							"post": [-2.08884, -25.26435, -0.26481],
							"lerp_mode": "catmullrom"
						},
						"2.875": {
							"post": [-21.11313, -6.52247, -3.62935],
							"lerp_mode": "catmullrom"
						},
						"3.1667": {
							"post": [-21.39777, -11.18314, -1.79397],
							"lerp_mode": "catmullrom"
						},
						"4.5": {
							"post": [-21.29823, 9.80858, -9.9396],
							"lerp_mode": "catmullrom"
						},
						"5.25": {
							"post": [-20.99857, 2.81239, -7.21891],
							"lerp_mode": "catmullrom"
						},
						"5.4583": {
							"post": [-3.69998, 3.61975, -3.52677],
							"lerp_mode": "catmullrom"
						},
						"5.7083": {
							"post": [0, 0, 0],
							"lerp_mode": "catmullrom"
						},
						"6.1667": {
							"post": [0, 0, 0],
							"lerp_mode": "catmullrom"
						}
					},
					"position": {
						"0.0": {
							"post": [0, 0, 0],
							"lerp_mode": "catmullrom"
						},
						"0.125": {
							"post": [0, 0, 0],
							"lerp_mode": "catmullrom"
						},
						"0.2917": {
							"post": [0, 2, -2],
							"lerp_mode": "catmullrom"
						},
						"0.8333": {
							"post": [0, 2, -2],
							"lerp_mode": "catmullrom"
						},
						"2.5": {
							"post": [0, 2, -2],
							"lerp_mode": "catmullrom"
						},
						"2.6667": {
							"post": [-2, -1, -4],
							"lerp_mode": "catmullrom"
						},
						"2.7917": {
							"post": [-2, -1, -4],
							"lerp_mode": "catmullrom"
						},
						"2.8333": {
							"post": [-1, -1, -6.5],
							"lerp_mode": "catmullrom"
						},
						"2.875": {
							"post": [0, -1, -5],
							"lerp_mode": "catmullrom"
						},
						"3.1667": {
							"post": [0, -1, -5],
							"lerp_mode": "catmullrom"
						},
						"4.5": {
							"post": [0, -1, -5],
							"lerp_mode": "catmullrom"
						},
						"5.25": {
							"post": [0, -1, -5],
							"lerp_mode": "catmullrom"
						},
						"5.4583": {
							"post": [0, 0, -4],
							"lerp_mode": "catmullrom"
						},
						"5.7083": {
							"post": [0, 0, 0],
							"lerp_mode": "catmullrom"
						},
						"6.1667": {
							"post": [0, 0, 0],
							"lerp_mode": "catmullrom"
						}
					}
				},
				"locator": {
					"position": {
						"0.2917": {
							"pre": [0, 0, 0],
							"post": [0, 0, 0],
							"lerp_mode": "catmullrom"
						},
						"2.5": {
							"post": [0, 0, 0],
							"lerp_mode": "catmullrom"
						},
						"4.5": {
							"post": [0, 0, 0],
							"lerp_mode": "catmullrom"
						}
					}
				},
				"locator2": {
					"rotation": {
						"2.5": [0, 0, 0],
						"2.875": [-92.5, 0, 0],
						"6.1667": [-92.5, 0, 0]
					},
					"position": {
						"0.0": {
							"post": [0, 0, 0],
							"lerp_mode": "catmullrom"
						},
						"0.2917": {
							"post": [-10, 27, 7],
							"lerp_mode": "catmullrom"
						},
						"1.1667": {
							"post": [-10, 27, 7],
							"lerp_mode": "catmullrom"
						},
						"2.5": {
							"post": [-10, 27, 7],
							"lerp_mode": "catmullrom"
						},
						"2.6667": [-5.17, 22.92, 11.67],
						"2.7917": [-5.5, 22.58, 11.35],
						"2.875": [-0.72, 20.36, -37.86],
						"6.1667": [-0.72, 20.36, -37.86]
					}
				},
				"locator3": {
					"position": {
						"2.5": {
							"pre": [0, 19, 0],
							"post": [0, 19, 0],
							"lerp_mode": "catmullrom"
						},
						"3.1667": {
							"post": [0, 19, 0],
							"lerp_mode": "catmullrom"
						},
						"3.5417": {
							"post": [0, 19, -184],
							"lerp_mode": "catmullrom"
						},
						"4.0417": {
							"post": [0, 19, -412],
							"lerp_mode": "catmullrom"
						},
						"6.1667": {
							"post": [0, 19, -412],
							"lerp_mode": "catmullrom"
						}
					}
				},
				"aura": {
					"position": {
						"2.5": {
							"pre": [0, 0, 0],
							"post": [0, 0, 0],
							"lerp_mode": "catmullrom"
						},
						"4.2917": {
							"post": [0, 24, -215],
							"lerp_mode": "catmullrom"
						},
						"6.1667": {
							"post": [0, 24, -215],
							"lerp_mode": "catmullrom"
						}
					}
				}
			},
			"particle_effects": {
				"0.2917": [
					{
						"effect": "galickba",
						"locator": "p2"
					},
					{
						"effect": "galick_charge",
						"locator": "p2"
					},
					{
						"effect": "galick_charge4",
						"locator": "p2"
					},
					{
						"effect": "charging_skill",
						"locator": "p2"
					}
				],
				"0.5833": {
					"effect": "pms_galick",
					"locator": "p"
				},
				"2.5": {
					"effect": "galickba",
					"locator": "p2"
				},
				"2.875": {
					"effect": "galick",
					"locator": "p2"
				},
				"2.9167": [
					{
						"effect": "galick",
						"locator": "p2"
					},
					{
						"effect": "pms_galick",
						"locator": "p"
					}
				],
				"3.125": {
					"effect": "galick",
					"locator": "p2"
				},
				"3.1667": {
					"effect": "galick",
					"locator": "p2"
				},
				"3.2083": [
					{
						"effect": "pms_galick",
						"locator": "p3"
					},
					{
						"effect": "pms_galick",
						"locator": "aura"
					}
				],
				"3.4583": {
					"effect": "galick",
					"locator": "p2"
				}
			}
		}
	}
}