{
	"format_version": "1.8.0",
	"animations": {
		"animation.gmeteor": {
			"animation_length": 5.4583,
			"bones": {
				"root": {
					"rotation": {
						"0.0": {
							"post": [0, 0, 0],
							"lerp_mode": "catmullrom"
						},
						"0.75": {
							"post": [0, -35, 0],
							"lerp_mode": "catmullrom"
						},
						"4.75": {
							"post": [0, -35, 0],
							"lerp_mode": "catmullrom"
						},
						"4.9167": {
							"post": [0, -60, 0],
							"lerp_mode": "catmullrom"
						},
						"5.0833": {
							"post": [0, -60, 0],
							"lerp_mode": "catmullrom"
						},
						"5.2083": {
							"post": [0, -40, 0],
							"lerp_mode": "catmullrom"
						},
						"5.4583": {
							"post": [0, -40, 0],
							"lerp_mode": "catmullrom"
						}
					}
				},
				"rightarm": {
					"rotation": {
						"0.0": {
							"post": [0, 0, 0],
							"lerp_mode": "catmullrom"
						},
						"0.75": {
							"post": [-25, 0, 67.5],
							"lerp_mode": "catmullrom"
						},
						"4.75": {
							"post": [-25, 0, 67.5],
							"lerp_mode": "catmullrom"
						},
						"4.9167": {
							"post": [-92.5, 0, 67.5],
							"lerp_mode": "catmullrom"
						},
						"5.0833": {
							"post": [-92.5, 0, 67.5],
							"lerp_mode": "catmullrom"
						},
						"5.2083": {
							"post": [-10, 0, 67.5],
							"lerp_mode": "catmullrom"
						},
						"5.4583": {
							"post": [-10, 0, 67.5],
							"lerp_mode": "catmullrom"
						}
					}
				},
				"leftarm": {
					"rotation": {
						"0.0": {
							"post": [0, 0, 0],
							"lerp_mode": "catmullrom"
						},
						"0.75": {
							"post": [7.6734, -26.48829, -16.80857],
							"lerp_mode": "catmullrom"
						},
						"4.75": {
							"post": [7.67, -26.49, -16.81],
							"lerp_mode": "catmullrom"
						},
						"4.9167": {
							"post": [-21.17531, -38.86236, -18.93612],
							"lerp_mode": "catmullrom"
						},
						"5.0833": {
							"post": [-21.18, -38.86, -18.94],
							"lerp_mode": "catmullrom"
						},
						"5.2083": {
							"post": [2.18328, -42.2571, -31.04442],
							"lerp_mode": "catmullrom"
						},
						"5.4583": {
							"post": [2.18, -42.26, -31.04],
							"lerp_mode": "catmullrom"
						}
					}
				},
				"head": {
					"rotation": {
						"0.0": {
							"post": [0, 0, 0],
							"lerp_mode": "catmullrom"
						},
						"0.75": {
							"post": [22.5, 40, 0],
							"lerp_mode": "catmullrom"
						},
						"4.75": {
							"post": [22.5, 40, 0],
							"lerp_mode": "catmullrom"
						},
						"4.9167": {
							"post": [33.36356, 57.78801, 14.2137],
							"lerp_mode": "catmullrom"
						},
						"5.0833": {
							"post": [33.36, 57.79, 14.21],
							"lerp_mode": "catmullrom"
						},
						"5.2083": {
							"post": [6.06319, 35.35762, -2.34616],
							"lerp_mode": "catmullrom"
						},
						"5.4583": {
							"post": [6.06, 35.36, -2.35],
							"lerp_mode": "catmullrom"
						}
					}
				},
				"rightleg": {
					"rotation": {
						"0.0": {
							"post": [0, 0, 0],
							"lerp_mode": "catmullrom"
						},
						"0.75": {
							"post": [18.74605, 19.03771, 18.54835],
							"lerp_mode": "catmullrom"
						},
						"4.75": {
							"post": [18.75, 19.04, 18.55],
							"lerp_mode": "catmullrom"
						},
						"4.9167": {
							"post": [-7.67657, 20.68903, 29.03929],
							"lerp_mode": "catmullrom"
						},
						"5.0833": {
							"post": [-7.68, 20.69, 29.04],
							"lerp_mode": "catmullrom"
						},
						"5.2083": {
							"post": [14.3619, 16.27412, 21.03438],
							"lerp_mode": "catmullrom"
						},
						"5.4583": {
							"post": [14.36, 16.27, 21.03],
							"lerp_mode": "catmullrom"
						}
					}
				},
				"leftleg": {
					"rotation": {
						"0.0": {
							"post": [0, 0, 0],
							"lerp_mode": "catmullrom"
						},
						"0.75": {
							"post": [19.33463, -9.333, -9.66184],
							"lerp_mode": "catmullrom"
						},
						"4.75": {
							"post": [19.33, -9.33, -9.66],
							"lerp_mode": "catmullrom"
						},
						"4.9167": {
							"post": [-5.67, -9.33, -9.66],
							"lerp_mode": "catmullrom"
						},
						"5.0833": {
							"post": [-5.67, -9.33, -9.66],
							"lerp_mode": "catmullrom"
						},
						"5.2083": {
							"post": [21.04677, -10.17101, -19.7711],
							"lerp_mode": "catmullrom"
						},
						"5.4583": {
							"post": [21.05, -10.17, -19.77],
							"lerp_mode": "catmullrom"
						}
					}
				}
			},
			"particle_effects": {
				"0.75": [
					{
						"effect": "charging",
						"locator": "ki"
					},
					{
						"effect": "gmeteor_charge",
						"locator": "ki"
					},
					{
						"effect": "gmeteor_charge2",
						"locator": "ki"
					}
				]
			}
		}
	}
}