{
	"format_version": "1.8.0",
	"animations": {
		"animation.goku.throw_away": {
			"animation_length": 4,
			"bones": {
				"root": {
					"rotation": {
						"0.0": {
							"post": [0, 0, 0],
							"lerp_mode": "catmullrom"
						},
						"0.9583": {
							"post": [0, 0, 0],
							"lerp_mode": "catmullrom"
						},
						"1.0417": {
							"post": [0, -15, 0],
							"lerp_mode": "catmullrom"
						},
						"1.5": {
							"post": [0, -735, 0],
							"lerp_mode": "catmullrom"
						},
						"1.7083": {
							"post": [0, -997.5, 0],
							"lerp_mode": "catmullrom"
						},
						"2.5": {
							"post": [0, -997.5, 0],
							"lerp_mode": "catmullrom"
						}
					}
				},
				"waist": {
					"rotation": {
						"0.0": {
							"post": [0, 0, 0],
							"lerp_mode": "catmullrom"
						},
						"0.125": {
							"post": [-5, 0, 0],
							"lerp_mode": "catmullrom"
						},
						"0.375": {
							"post": [27.99807, 30.82594, 10.8448],
							"lerp_mode": "catmullrom"
						},
						"0.5": {
							"post": [29.54475, 44.76502, -4.04211],
							"lerp_mode": "catmullrom"
						},
						"0.5833": {
							"post": [5.98131, -30.75514, -4.69292],
							"lerp_mode": "catmullrom"
						},
						"0.6667": {
							"post": [3.48131, -30.75514, -4.69292],
							"lerp_mode": "catmullrom"
						},
						"0.75": {
							"post": [3.48, -30.76, -4.69],
							"lerp_mode": "catmullrom"
						},
						"0.8333": {
							"post": [10.58724, -8.21772, -4.00028],
							"lerp_mode": "catmullrom"
						},
						"0.9583": {
							"post": [10.40246, 2.06774, -4.6311],
							"lerp_mode": "catmullrom"
						},
						"1.0417": {
							"post": [-12.68406, -17.47573, -0.32138],
							"lerp_mode": "catmullrom"
						},
						"1.7083": {
							"post": [-15.83754, -24.78383, 1.48763],
							"lerp_mode": "catmullrom"
						},
						"1.75": {
							"post": [-29.79728, -50.67787, 23.13358],
							"lerp_mode": "catmullrom"
						},
						"1.7917": {
							"post": [-70.77405, -63.91742, 67.78487],
							"lerp_mode": "catmullrom"
						},
						"1.8333": {
							"post": [-107.77019, -61.8189, 112.23852],
							"lerp_mode": "catmullrom"
						},
						"1.9167": {
							"post": [-141.88819, -45.98333, 170.47728],
							"lerp_mode": "catmullrom"
						},
						"2.0417": {
							"post": [-143.21685, -34.31658, 176.38135],
							"lerp_mode": "catmullrom"
						},
						"2.2083": {
							"post": [-157.84473, -43.67573, 171.83377],
							"lerp_mode": "catmullrom"
						},
						"2.375": {
							"post": [-149.41176, -67.85812, 164.22149],
							"lerp_mode": "catmullrom"
						},
						"2.5": {
							"post": [0, -82.5, 0],
							"lerp_mode": "catmullrom"
						}
					},
					"position": {
						"0.0": {
							"post": [0, 0, 0],
							"lerp_mode": "catmullrom"
						},
						"0.25": {
							"post": [0, 0, 1],
							"lerp_mode": "catmullrom"
						},
						"0.375": {
							"post": [2, -1, 4],
							"lerp_mode": "catmullrom"
						},
						"0.5": {
							"post": [2, -1, 4],
							"lerp_mode": "catmullrom"
						},
						"0.5833": {
							"post": [1, 0, 1],
							"lerp_mode": "catmullrom"
						},
						"0.75": {
							"post": [1, 0, 1],
							"lerp_mode": "catmullrom"
						},
						"1.0417": {
							"post": [1, 0, 6],
							"lerp_mode": "catmullrom"
						},
						"1.7083": {
							"post": [1, 0, 6],
							"lerp_mode": "catmullrom"
						},
						"1.9167": {
							"post": [1, 0, 0],
							"lerp_mode": "catmullrom"
						},
						"2.5": {
							"post": [0, 0, 0],
							"lerp_mode": "catmullrom"
						}
					}
				},
				"rightarm": {
					"rotation": {
						"0.0": {
							"post": [0, 0, 0],
							"lerp_mode": "catmullrom"
						},
						"0.125": {
							"post": [-2.49762, 0.10901, 2.49762],
							"lerp_mode": "catmullrom"
						},
						"0.375": {
							"post": [-63.75808, 31.26198, -28.03303],
							"lerp_mode": "catmullrom"
						},
						"0.5": {
							"post": [-86.25808, 31.26198, -28.03303],
							"lerp_mode": "catmullrom"
						},
						"0.5833": {
							"post": [-127.36379, -38.54909, -51.94748],
							"lerp_mode": "catmullrom"
						},
						"0.6667": {
							"post": [-137.22497, -49.71433, -37.88866],
							"lerp_mode": "catmullrom"
						},
						"0.75": {
							"post": [-137.22, -49.71, -37.89],
							"lerp_mode": "catmullrom"
						},
						"0.8333": {
							"post": [-130.621, 10.56435, 14.49757],
							"lerp_mode": "catmullrom"
						},
						"0.9583": {
							"post": [-129.85174, -2.83859, 25.80164],
							"lerp_mode": "catmullrom"
						},
						"1.0417": {
							"post": [-73.1647, 47.29489, 20.09151],
							"lerp_mode": "catmullrom"
						},
						"1.7083": {
							"post": [-73.90113, 44.89736, 19.06964],
							"lerp_mode": "catmullrom"
						},
						"1.8333": {
							"post": [-83.29012, -26.57925, -14.95017],
							"lerp_mode": "catmullrom"
						},
						"1.9167": {
							"post": [-43.71612, -74.23032, -37.63005],
							"lerp_mode": "catmullrom"
						},
						"2.0417": {
							"post": [-5.19274, -78.6245, -77.1486],
							"lerp_mode": "catmullrom"
						},
						"2.2083": {
							"post": [-70.07199, -54.80866, -8.94862],
							"lerp_mode": "catmullrom"
						},
						"2.375": {
							"post": [-48.15636, -26.98471, 1.76964],
							"lerp_mode": "catmullrom"
						},
						"2.5": {
							"post": [0, 0, 0],
							"lerp_mode": "catmullrom"
						}
					},
					"position": {
						"0.0": {
							"post": [0, 0, 0],
							"lerp_mode": "catmullrom"
						},
						"0.375": {
							"post": [-1, -2, 3],
							"lerp_mode": "catmullrom"
						},
						"0.5": {
							"post": [0, -2, 4],
							"lerp_mode": "catmullrom"
						},
						"0.5833": {
							"post": [-1, 3, -3],
							"lerp_mode": "catmullrom"
						},
						"0.6667": {
							"post": [-1, 3, -4],
							"lerp_mode": "catmullrom"
						},
						"0.75": {
							"post": [-1, 4, -3],
							"lerp_mode": "catmullrom"
						},
						"0.8333": {
							"post": [-1, 2, -3],
							"lerp_mode": "catmullrom"
						},
						"0.9583": {
							"post": [1, 2, -3],
							"lerp_mode": "catmullrom"
						},
						"1.0417": {
							"post": [1, 1, 2],
							"lerp_mode": "catmullrom"
						},
						"1.7083": {
							"post": [1, 1, 2],
							"lerp_mode": "catmullrom"
						},
						"1.9167": {
							"post": [3, 0, -4],
							"lerp_mode": "catmullrom"
						},
						"2.2083": {
							"post": [1, 0, -4],
							"lerp_mode": "catmullrom"
						},
						"2.375": {
							"post": [-2, -1, -2],
							"lerp_mode": "catmullrom"
						},
						"2.5": {
							"post": [0, 0, 0],
							"lerp_mode": "catmullrom"
						}
					}
				},
				"leftarm": {
					"rotation": {
						"0.0": {
							"post": [0, 0, 0],
							"lerp_mode": "catmullrom"
						},
						"0.125": {
							"post": [-4.99527, -0.21782, -2.4905],
							"lerp_mode": "catmullrom"
						},
						"0.2917": {
							"post": [-77.49309, 8.35946, -36.54418],
							"lerp_mode": "catmullrom"
						},
						"0.5": {
							"post": [-78.34508, -54.75305, -24.72273],
							"lerp_mode": "catmullrom"
						},
						"0.5833": {
							"post": [-55.34842, -26.71068, 14.57136],
							"lerp_mode": "catmullrom"
						},
						"0.6667": {
							"post": [-53.75662, -30.78518, 11.26451],
							"lerp_mode": "catmullrom"
						},
						"0.75": {
							"post": [-53.76, -30.79, 11.26],
							"lerp_mode": "catmullrom"
						},
						"0.8333": {
							"post": [-126.5377, -3.63768, -12.16253],
							"lerp_mode": "catmullrom"
						},
						"0.9583": {
							"post": [-127.46874, 12.39365, -24.19586],
							"lerp_mode": "catmullrom"
						},
						"1.0417": {
							"post": [-85.8803, 60.66268, -2.77204],
							"lerp_mode": "catmullrom"
						},
						"1.7083": {
							"post": [-86.42133, 55.67389, -3.40823],
							"lerp_mode": "catmullrom"
						},
						"1.8333": {
							"post": [-109.46722, -38.00128, -42.63379],
							"lerp_mode": "catmullrom"
						},
						"1.9167": {
							"post": [-82.59615, -74.14845, -13.49012],
							"lerp_mode": "catmullrom"
						},
						"2.0417": {
							"post": [-76.17097, -81.532, -20.04884],
							"lerp_mode": "catmullrom"
						},
						"2.2083": {
							"post": [-80.24089, -26.75614, -7.38233],
							"lerp_mode": "catmullrom"
						},
						"2.375": {
							"post": [-45.24089, -26.75614, -7.38233],
							"lerp_mode": "catmullrom"
						},
						"2.5": {
							"post": [0, 0, 0],
							"lerp_mode": "catmullrom"
						}
					},
					"position": {
						"0.0": {
							"post": [0, 0, 0],
							"lerp_mode": "catmullrom"
						},
						"0.2917": {
							"post": [0, 0, -1],
							"lerp_mode": "catmullrom"
						},
						"0.5": {
							"post": [2, 0, -1],
							"lerp_mode": "catmullrom"
						},
						"0.5833": {
							"post": [0, -2, 3],
							"lerp_mode": "catmullrom"
						},
						"0.75": {
							"post": [0, -2, 3],
							"lerp_mode": "catmullrom"
						},
						"0.8333": {
							"post": [0, 1, -3],
							"lerp_mode": "catmullrom"
						},
						"0.9583": {
							"post": [-2, 1, -4],
							"lerp_mode": "catmullrom"
						},
						"1.0417": {
							"post": [-3, 1, -6],
							"lerp_mode": "catmullrom"
						},
						"1.7083": {
							"post": [-3, 1, -6],
							"lerp_mode": "catmullrom"
						},
						"1.9167": {
							"post": [1, 1, 2],
							"lerp_mode": "catmullrom"
						},
						"2.2083": {
							"post": [1, 0, 2],
							"lerp_mode": "catmullrom"
						},
						"2.375": {
							"post": [2, -1, 0],
							"lerp_mode": "catmullrom"
						},
						"2.5": {
							"post": [0, 0, 0],
							"lerp_mode": "catmullrom"
						}
					}
				},
				"head": {
					"rotation": {
						"0.0": {
							"post": [0, 0, 0],
							"lerp_mode": "catmullrom"
						},
						"0.125": {
							"post": [5, 0, 0],
							"lerp_mode": "catmullrom"
						},
						"0.375": {
							"post": [-14.48615, -24.89837, -2.3273],
							"lerp_mode": "catmullrom"
						},
						"0.5": {
							"post": [-21.29646, -30.59217, 14.54296],
							"lerp_mode": "catmullrom"
						},
						"0.5833": {
							"post": [1.08277, 16.89944, 15.47033],
							"lerp_mode": "catmullrom"
						},
						"0.6667": {
							"post": [-3.91723, 16.89944, 15.47033],
							"lerp_mode": "catmullrom"
						},
						"0.75": {
							"post": [-3.92, 16.9, 15.47],
							"lerp_mode": "catmullrom"
						},
						"0.8333": {
							"post": [-7.43429, 10.39611, 0.69395],
							"lerp_mode": "catmullrom"
						},
						"0.9583": {
							"post": [-7.32139, 2.95802, 1.66294],
							"lerp_mode": "catmullrom"
						},
						"1.0417": {
							"post": [-11.08325, -64.11022, 11.90685],
							"lerp_mode": "catmullrom"
						},
						"1.7083": {
							"post": [4.56416, -64.54129, -5.42973],
							"lerp_mode": "catmullrom"
						},
						"1.9167": {
							"post": [-7.18605, 37.34533, -15.56561],
							"lerp_mode": "catmullrom"
						},
						"2.0417": {
							"post": [-7.72749, 42.30316, -16.41025],
							"lerp_mode": "catmullrom"
						},
						"2.2083": {
							"post": [-12.72749, 42.30316, -16.41025],
							"lerp_mode": "catmullrom"
						},
						"2.375": {
							"post": [-10.85187, 30.06321, -13.25184],
							"lerp_mode": "catmullrom"
						},
						"2.5": {
							"post": [0, 0, 0],
							"lerp_mode": "catmullrom"
						}
					},
					"position": {
						"0.0": {
							"post": [0, 0, 0],
							"lerp_mode": "catmullrom"
						},
						"0.5": {
							"post": [0, 0, 0],
							"lerp_mode": "catmullrom"
						},
						"0.75": {
							"post": [0, 0, 0],
							"lerp_mode": "catmullrom"
						},
						"1.7083": {
							"post": [0, 0, 0],
							"lerp_mode": "catmullrom"
						},
						"2.5": {
							"post": [0, 0, 0],
							"lerp_mode": "catmullrom"
						}
					}
				},
				"leftleg": {
					"rotation": {
						"0.0": {
							"post": [0, 0, 0],
							"lerp_mode": "catmullrom"
						},
						"0.125": {
							"post": [0, 2.5, 0],
							"lerp_mode": "catmullrom"
						},
						"0.25": {
							"post": [-2.49284, 2.4929, -0.32652],
							"lerp_mode": "catmullrom"
						},
						"0.375": {
							"post": [2.61347, 2.38121, 2.17324],
							"lerp_mode": "catmullrom"
						},
						"0.5": {
							"post": [2.50716, 2.4929, -0.32652],
							"lerp_mode": "catmullrom"
						},
						"0.6667": {
							"post": [2.50478, -0.00471, -0.43585],
							"lerp_mode": "catmullrom"
						},
						"0.75": {
							"post": [2.5, 0, -0.44],
							"lerp_mode": "catmullrom"
						},
						"1.0417": {
							"post": [-17.0623, 4.2453, 11.32782],
							"lerp_mode": "catmullrom"
						},
						"1.7083": {
							"post": [-17.06, 4.25, 11.33],
							"lerp_mode": "catmullrom"
						},
						"1.75": {
							"post": [-4.43849, -52.0285, -5.51522],
							"lerp_mode": "catmullrom"
						},
						"1.7917": {
							"post": [-23.75557, -70.19586, 23.66994],
							"lerp_mode": "catmullrom"
						},
						"1.8333": {
							"post": [-185.38916, -79.69528, 197.21398],
							"lerp_mode": "catmullrom"
						},
						"1.9167": {
							"post": [-227.31579, -64.0776, 248.406],
							"lerp_mode": "catmullrom"
						},
						"2.0417": {
							"post": [-215.64926, -56.53875, 235.01994],
							"lerp_mode": "catmullrom"
						},
						"2.2083": {
							"post": [-223.78147, -62.32586, 244.4472],
							"lerp_mode": "catmullrom"
						},
						"2.375": {
							"post": [-198.31116, -68.34714, 215.78938],
							"lerp_mode": "catmullrom"
						},
						"2.4167": {
							"post": [-178.94729, -78.71281, 191.83959],
							"lerp_mode": "catmullrom"
						},
						"2.5": {
							"post": [0, -82.5, 0],
							"lerp_mode": "catmullrom"
						}
					},
					"position": {
						"0.0": {
							"post": [0, 0, 0],
							"lerp_mode": "catmullrom"
						},
						"0.375": {
							"post": [1, 0, -2],
							"lerp_mode": "catmullrom"
						},
						"0.5": {
							"post": [1, 0, -3],
							"lerp_mode": "catmullrom"
						},
						"0.5833": {
							"post": [1, 0, -4],
							"lerp_mode": "catmullrom"
						},
						"0.75": {
							"post": [1, 0, -4],
							"lerp_mode": "catmullrom"
						},
						"1.0417": {
							"post": [1, 0, 4],
							"lerp_mode": "catmullrom"
						},
						"1.7083": {
							"post": [1, 0, 4],
							"lerp_mode": "catmullrom"
						},
						"1.8333": {
							"post": [1, 0, 5],
							"lerp_mode": "catmullrom"
						},
						"1.9167": {
							"post": [1, 0, 5],
							"lerp_mode": "catmullrom"
						},
						"2.2083": {
							"post": [1, 0, 5],
							"lerp_mode": "catmullrom"
						},
						"2.3333": {
							"post": [1, 2.18, 4.36],
							"lerp_mode": "catmullrom"
						},
						"2.4167": {
							"post": [1, -1, 3],
							"lerp_mode": "catmullrom"
						},
						"2.5": {
							"post": [-2, 0, 2],
							"lerp_mode": "catmullrom"
						}
					}
				},
				"rightleg": {
					"rotation": {
						"0.0": {
							"post": [0, 0, 0],
							"lerp_mode": "catmullrom"
						},
						"0.125": {
							"post": [7.5, 0, 0],
							"lerp_mode": "catmullrom"
						},
						"0.375": {
							"post": [24.64445, 34.89321, 14.70516],
							"lerp_mode": "catmullrom"
						},
						"0.5": {
							"post": [48.01646, 24.80174, 31.03594],
							"lerp_mode": "catmullrom"
						},
						"0.6667": {
							"post": [49.89328, 28.08663, 35.24718],
							"lerp_mode": "catmullrom"
						},
						"0.75": {
							"post": [49.89, 28.09, 35.25],
							"lerp_mode": "catmullrom"
						},
						"1.7083": {
							"post": [45.77072, 19.67467, 25.12489],
							"lerp_mode": "catmullrom"
						},
						"1.9167": {
							"post": [-81.64826, -73.53147, 67.94255],
							"lerp_mode": "catmullrom"
						},
						"2.0417": {
							"post": [-90.14145, -73.71096, 76.79358],
							"lerp_mode": "catmullrom"
						},
						"2.2083": {
							"post": [-81.64826, -73.53147, 67.94255],
							"lerp_mode": "catmullrom"
						},
						"2.375": {
							"post": [-66.64826, -73.53147, 67.94255],
							"lerp_mode": "catmullrom"
						},
						"2.4167": {
							"post": [-8.93853, -80.89472, 9.21013],
							"lerp_mode": "catmullrom"
						},
						"2.5": {
							"post": [0, -85, 0],
							"lerp_mode": "catmullrom"
						}
					},
					"position": {
						"0.0": {
							"post": [0, 0, 0],
							"lerp_mode": "catmullrom"
						},
						"0.125": {
							"post": [0, 1, -2],
							"lerp_mode": "catmullrom"
						},
						"0.25": {
							"post": [0, 1, 0],
							"lerp_mode": "catmullrom"
						},
						"0.375": {
							"post": [0, 0, 3],
							"lerp_mode": "catmullrom"
						},
						"0.5": {
							"post": [0, -2, 4],
							"lerp_mode": "catmullrom"
						},
						"0.5833": {
							"post": [0, -2, 3],
							"lerp_mode": "catmullrom"
						},
						"0.75": {
							"post": [0, -2, 3],
							"lerp_mode": "catmullrom"
						},
						"1.0417": {
							"post": [0, 1, 0],
							"lerp_mode": "catmullrom"
						},
						"1.7083": {
							"post": [-1, 1, 0],
							"lerp_mode": "catmullrom"
						},
						"1.9167": {
							"post": [5, 0, -4],
							"lerp_mode": "catmullrom"
						},
						"2.375": {
							"post": [4, 0, -3],
							"lerp_mode": "catmullrom"
						},
						"2.5": {
							"post": [2, 0, -2],
							"lerp_mode": "catmullrom"
						}
					}
				},
				"root2": {
					"rotation": {
						"0.0": {
							"post": [0, 180, 0],
							"lerp_mode": "catmullrom"
						},
						"0.7917": {
							"post": [0, 180, 0],
							"lerp_mode": "catmullrom"
						},
						"0.9583": {
							"post": [0, 180, 0],
							"lerp_mode": "catmullrom"
						},
						"1.125": {
							"post": [0, 82.5, 0],
							"lerp_mode": "catmullrom"
						},
						"1.5": {
							"post": [0, -515, 0],
							"lerp_mode": "catmullrom"
						},
						"1.7083": {
							"post": [0, -785, 0],
							"lerp_mode": "catmullrom"
						},
						"1.75": {
							"post": [0, -784.5, 0],
							"lerp_mode": "catmullrom"
						},
						"1.9167": {
							"post": [0, -920, 0],
							"lerp_mode": "catmullrom"
						},
						"2.125": {
							"post": [0, -1282.5, 0],
							"lerp_mode": "catmullrom"
						},
						"2.4583": {
							"post": [0, -1642.5, 0],
							"lerp_mode": "catmullrom"
						},
						"3.5": {
							"post": [0, -1670, 0],
							"lerp_mode": "catmullrom"
						},
						"3.8333": {
							"post": [0, -1800, 0],
							"lerp_mode": "catmullrom"
						},
						"4.0": {
							"post": [0, -1800, 0],
							"lerp_mode": "catmullrom"
						}
					},
					"position": {
						"0.0": {
							"post": [0, 0, -15],
							"lerp_mode": "catmullrom"
						},
						"0.6667": {
							"post": [0, -1, -15],
							"lerp_mode": "catmullrom"
						},
						"0.7917": {
							"post": [0, -1, -15],
							"lerp_mode": "catmullrom"
						},
						"0.9167": {
							"post": [0, 3, -11],
							"lerp_mode": "catmullrom"
						},
						"1.125": {
							"post": [0, -13, 0],
							"lerp_mode": "catmullrom"
						},
						"1.7083": {
							"post": [0, -13, 0],
							"lerp_mode": "catmullrom"
						},
						"1.75": {
							"post": [0.67, -13, -11.33],
							"lerp_mode": "catmullrom"
						},
						"1.7917": {
							"post": [10.34, -13, -17.16],
							"lerp_mode": "catmullrom"
						},
						"1.8333": {
							"post": [2, -13, -7],
							"lerp_mode": "catmullrom"
						},
						"1.9167": {
							"post": [2, -1, -4],
							"lerp_mode": "catmullrom"
						},
						"2.125": {
							"post": [2, -1, -2],
							"lerp_mode": "catmullrom"
						},
						"2.4583": {
							"post": [2, -1, -2],
							"lerp_mode": "catmullrom"
						},
						"2.625": {
							"post": [2, -10, 0],
							"lerp_mode": "catmullrom"
						},
						"3.5": {
							"post": [2, -10, 0],
							"lerp_mode": "catmullrom"
						},
						"3.8333": {
							"post": [0, 0, 0],
							"lerp_mode": "catmullrom"
						},
						"4.0": {
							"post": [0, 0, 0],
							"lerp_mode": "catmullrom"
						}
					}
				},
				"waist2": {
					"rotation": {
						"0.0": {
							"post": [0, 0, 0],
							"lerp_mode": "catmullrom"
						},
						"0.4167": {
							"post": [-12.5, 0, 0],
							"lerp_mode": "catmullrom"
						},
						"0.5": {
							"post": [-12.97479, 17.22575, -3.13388],
							"lerp_mode": "catmullrom"
						},
						"0.5833": {
							"post": [2.5, 0, 0],
							"lerp_mode": "catmullrom"
						},
						"0.6667": {
							"post": [-32.5, 0, 0],
							"lerp_mode": "catmullrom"
						},
						"0.8333": {
							"post": [-37.5, 0, 0],
							"lerp_mode": "catmullrom"
						},
						"1.125": {
							"post": [-61.64331, 24.75306, 18.23019],
							"lerp_mode": "catmullrom"
						},
						"1.25": {
							"post": [-85.61924, 26.90854, 26.68039],
							"lerp_mode": "catmullrom"
						},
						"1.7917": {
							"post": [-67.50605, 15.77437, 73.7879],
							"lerp_mode": "catmullrom"
						},
						"2.4583": {
							"post": [-108.81278, 20.06483, -27.72556],
							"lerp_mode": "catmullrom"
						},
						"2.625": {
							"post": [-106.69372, 18.92499, 2.44673],
							"lerp_mode": "catmullrom"
						},
						"2.75": {
							"post": [-134.19372, 18.92499, 2.44673],
							"lerp_mode": "catmullrom"
						},
						"2.875": {
							"post": [-89.19372, 18.92499, 2.44673],
							"lerp_mode": "catmullrom"
						},
						"3.0417": {
							"post": [-89.19, 18.92, 2.45],
							"lerp_mode": "catmullrom"
						},
						"3.25": {
							"post": [-36.69, 18.92, 2.45],
							"lerp_mode": "catmullrom"
						},
						"3.5": {
							"post": [40.55894, 15.89336, 23.26435],
							"lerp_mode": "catmullrom"
						},
						"3.8333": {
							"post": [0, 0, 0],
							"lerp_mode": "catmullrom"
						},
						"4.0": {
							"post": [0, 0, 0],
							"lerp_mode": "catmullrom"
						}
					},
					"position": {
						"0.0": {
							"post": [0, 0, 0],
							"lerp_mode": "catmullrom"
						},
						"0.4167": {
							"post": [0, -1, 0],
							"lerp_mode": "catmullrom"
						},
						"0.5833": {
							"post": [0, -1, 0],
							"lerp_mode": "catmullrom"
						},
						"0.6667": {
							"post": [0, 21, 7],
							"lerp_mode": "catmullrom"
						},
						"0.75": {
							"post": [0, 22, 7.43],
							"lerp_mode": "catmullrom"
						},
						"0.8333": {
							"post": [0, 23, 8],
							"lerp_mode": "catmullrom"
						},
						"0.9167": {
							"post": [0, 22, 7],
							"lerp_mode": "catmullrom"
						},
						"1.125": {
							"post": [3, 27, 13],
							"lerp_mode": "catmullrom"
						},
						"1.25": {
							"post": [3, 25, 13],
							"lerp_mode": "catmullrom"
						},
						"1.75": {
							"post": [3, 25, 13],
							"lerp_mode": "catmullrom"
						},
						"1.9167": {
							"post": [2, 12, 2],
							"lerp_mode": "catmullrom"
						},
						"2.125": {
							"post": [2, 1, -3],
							"lerp_mode": "catmullrom"
						},
						"2.625": {
							"post": [2, 3, -3],
							"lerp_mode": "catmullrom"
						},
						"2.75": {
							"post": [2, 8, 0],
							"lerp_mode": "catmullrom"
						},
						"2.875": {
							"post": [2, -1, 0],
							"lerp_mode": "catmullrom"
						},
						"3.0417": {
							"post": [2, -1, 0],
							"lerp_mode": "catmullrom"
						},
						"3.5": {
							"post": [4, 0, 7],
							"lerp_mode": "catmullrom"
						},
						"3.8333": {
							"post": [0, 0, 0],
							"lerp_mode": "catmullrom"
						},
						"4.0": {
							"post": [0, 0, 0],
							"lerp_mode": "catmullrom"
						}
					}
				},
				"rightarm2": {
					"rotation": {
						"0.0": {
							"post": [0, 0, 0],
							"lerp_mode": "catmullrom"
						},
						"0.4167": {
							"post": [7.5, 0, 7.5],
							"lerp_mode": "catmullrom"
						},
						"0.5833": {
							"post": [42.70244, 15.41858, 16.09205],
							"lerp_mode": "catmullrom"
						},
						"0.75": {
							"post": [-40.94634, 23.12786, 20.38807],
							"lerp_mode": "catmullrom"
						},
						"0.8333": {
							"post": [-190.62207, 21.04113, -17.4198],
							"lerp_mode": "catmullrom"
						},
						"0.9583": {
							"post": [-158.12207, 21.04113, -17.4198],
							"lerp_mode": "catmullrom"
						},
						"1.125": {
							"post": [-150.14122, 2.95132, 19.25598],
							"lerp_mode": "catmullrom"
						},
						"2.625": {
							"post": [-191.64018, 27.83558, -89.42492],
							"lerp_mode": "catmullrom"
						},
						"2.9583": {
							"post": [-173.0708, 47.25939, -61.39267],
							"lerp_mode": "catmullrom"
						},
						"3.0417": {
							"post": [-188.78442, 51.71202, -82.0142],
							"lerp_mode": "catmullrom"
						},
						"3.25": {
							"post": [-268.70735, 30.30857, -251.91333],
							"lerp_mode": "catmullrom"
						},
						"3.5": {
							"post": [-5.80886, 56.08838, 14.10768],
							"lerp_mode": "catmullrom"
						},
						"3.8333": {
							"post": [0, 0, 0],
							"lerp_mode": "catmullrom"
						},
						"4.0": {
							"post": [0, 0, 0],
							"lerp_mode": "catmullrom"
						}
					},
					"position": {
						"0.0": {
							"post": [0, 0, 0],
							"lerp_mode": "catmullrom"
						},
						"0.6667": {
							"post": [0, -0.67, 0],
							"lerp_mode": "catmullrom"
						},
						"0.8333": {
							"post": [0, 4, 0],
							"lerp_mode": "catmullrom"
						},
						"2.625": {
							"post": [-2, 0, 0],
							"lerp_mode": "catmullrom"
						},
						"3.0417": {
							"post": [-2, 0, 0],
							"lerp_mode": "catmullrom"
						},
						"3.25": {
							"post": [-2, 0, 1],
							"lerp_mode": "catmullrom"
						},
						"3.5": {
							"post": [-1, -1, 1],
							"lerp_mode": "catmullrom"
						},
						"3.8333": {
							"post": [0, 0, 0],
							"lerp_mode": "catmullrom"
						},
						"4.0": {
							"post": [0, 0, 0],
							"lerp_mode": "catmullrom"
						}
					}
				},
				"leftarm2": {
					"rotation": {
						"0.0": {
							"post": [0, 0, 0],
							"lerp_mode": "catmullrom"
						},
						"0.4167": {
							"post": [9.91615, 1.29876, -7.38733],
							"lerp_mode": "catmullrom"
						},
						"0.5833": {
							"post": [25.39, -7.12, -12.81],
							"lerp_mode": "catmullrom"
						},
						"0.7083": {
							"post": [-89.36676, -11.33468, -15.52219],
							"lerp_mode": "catmullrom"
						},
						"0.8333": {
							"post": [-208.54031, 5.34529, 15.40171],
							"lerp_mode": "catmullrom"
						},
						"0.9167": {
							"post": [-168.54031, 5.34529, 15.40171],
							"lerp_mode": "catmullrom"
						},
						"1.125": {
							"post": [-167.79945, 3.29014, 25.21671],
							"lerp_mode": "catmullrom"
						},
						"2.625": {
							"post": [-169.57212, -7.16537, 74.21028],
							"lerp_mode": "catmullrom"
						},
						"2.8333": {
							"post": [-13.44486, -39.43249, -95.84062],
							"lerp_mode": "catmullrom"
						},
						"2.9583": {
							"post": [-16.53377, -31.17716, -97.84717],
							"lerp_mode": "catmullrom"
						},
						"3.0417": {
							"post": [2.24029, -25.6736, -99.18488],
							"lerp_mode": "catmullrom"
						},
						"3.25": {
							"post": [71.65138, -17.41827, -101.19143],
							"lerp_mode": "catmullrom"
						},
						"3.5": {
							"post": [-58.63067, -68.16802, 21.32161],
							"lerp_mode": "catmullrom"
						},
						"3.8333": {
							"post": [0, 0, 0],
							"lerp_mode": "catmullrom"
						},
						"4.0": {
							"post": [0, 0, 0],
							"lerp_mode": "catmullrom"
						}
					},
					"position": {
						"0.0": {
							"post": [0, 0, 0],
							"lerp_mode": "catmullrom"
						},
						"0.6667": {
							"post": [0, 0.33, 0],
							"lerp_mode": "catmullrom"
						},
						"0.8333": {
							"post": [0, 4, 0],
							"lerp_mode": "catmullrom"
						},
						"2.625": {
							"post": [0, 0, 0],
							"lerp_mode": "catmullrom"
						},
						"3.0417": {
							"post": [0, 0, 0],
							"lerp_mode": "catmullrom"
						},
						"3.25": {
							"post": [2, 0, 1],
							"lerp_mode": "catmullrom"
						},
						"3.5": {
							"post": [2, 2, 1],
							"lerp_mode": "catmullrom"
						},
						"3.8333": {
							"post": [0, 0, 0],
							"lerp_mode": "catmullrom"
						},
						"4.0": {
							"post": [0, 0, 0],
							"lerp_mode": "catmullrom"
						}
					}
				},
				"head2": {
					"rotation": {
						"0.0": {
							"post": [0, 0, 0],
							"lerp_mode": "catmullrom"
						},
						"0.4167": {
							"post": [10, 0, 0],
							"lerp_mode": "catmullrom"
						},
						"0.5": {
							"post": [9.0055, -22.24985, -3.43414],
							"lerp_mode": "catmullrom"
						},
						"0.5833": {
							"post": [51.67, 0, 0],
							"lerp_mode": "catmullrom"
						},
						"0.6667": {
							"post": [-40, 0, 0],
							"lerp_mode": "catmullrom"
						},
						"0.75": {
							"post": [40, 0, 0],
							"lerp_mode": "catmullrom"
						},
						"0.8333": {
							"post": [2.5, 0, 0],
							"lerp_mode": "catmullrom"
						},
						"0.9167": {
							"post": [-12.5, 0, 0],
							"lerp_mode": "catmullrom"
						},
						"1.125": {
							"post": [-12.41834, -7.61516, 11.90917],
							"lerp_mode": "catmullrom"
						},
						"2.4583": {
							"post": [-23.42987, 0.60126, 15.30909],
							"lerp_mode": "catmullrom"
						},
						"2.625": {
							"post": [17.38119, 1.62832, 15.73409],
							"lerp_mode": "catmullrom"
						},
						"2.75": {
							"post": [34.88119, 1.62832, 15.73409],
							"lerp_mode": "catmullrom"
						},
						"2.875": {
							"post": [-2.61881, 1.62832, 15.73409],
							"lerp_mode": "catmullrom"
						},
						"3.0417": {
							"post": [-2.63153, -5.86384, 16.07759],
							"lerp_mode": "catmullrom"
						},
						"3.25": {
							"post": [41.20422, -6.29389, 3.51403],
							"lerp_mode": "catmullrom"
						},
						"3.375": {
							"post": [41.19211, 7.81021, 2.60602],
							"lerp_mode": "catmullrom"
						},
						"3.5": {
							"post": [6.7574, -39.65327, -12.51264],
							"lerp_mode": "catmullrom"
						},
						"3.8333": {
							"post": [0, 0, 0],
							"lerp_mode": "catmullrom"
						},
						"4.0": {
							"post": [0, 0, 0],
							"lerp_mode": "catmullrom"
						}
					},
					"position": {
						"0.0": {
							"post": [0, 0, 0],
							"lerp_mode": "catmullrom"
						},
						"3.0417": {
							"post": [0, 0, 0],
							"lerp_mode": "catmullrom"
						},
						"4.0": {
							"post": [0, 0, 0],
							"lerp_mode": "catmullrom"
						}
					}
				},
				"leftleg2": {
					"rotation": {
						"0.0": {
							"post": [0, 0, 0],
							"lerp_mode": "catmullrom"
						},
						"0.4167": {
							"post": [2.5, 0, 0],
							"lerp_mode": "catmullrom"
						},
						"0.5833": {
							"post": [2.5, 0, 0],
							"lerp_mode": "catmullrom"
						},
						"0.625": {
							"post": [-50.43131, -6.40865, 7.69263],
							"lerp_mode": "catmullrom"
						},
						"0.6667": {
							"post": [-27.93131, -6.40865, 7.69263],
							"lerp_mode": "catmullrom"
						},
						"0.8333": {
							"post": [-50.43131, -6.40865, 7.69263],
							"lerp_mode": "catmullrom"
						},
						"1.125": {
							"post": [-60.43131, -6.40865, 7.69263],
							"lerp_mode": "catmullrom"
						},
						"1.25": {
							"post": [-67.93131, -6.40865, 7.69263],
							"lerp_mode": "catmullrom"
						},
						"1.7917": {
							"post": [-76.07921, -18.41192, 44.17655],
							"lerp_mode": "catmullrom"
						},
						"2.125": {
							"post": [-76.54768, -11.12425, 46.01052],
							"lerp_mode": "catmullrom"
						},
						"2.4583": {
							"post": [-82.40185, 15.34406, 25.21166],
							"lerp_mode": "catmullrom"
						},
						"2.625": {
							"post": [-194.90185, 15.34406, 25.21166],
							"lerp_mode": "catmullrom"
						},
						"2.75": {
							"post": [-227.40185, 15.34406, 25.21166],
							"lerp_mode": "catmullrom"
						},
						"2.875": {
							"post": [-77.40185, 15.34406, 25.21166],
							"lerp_mode": "catmullrom"
						},
						"2.9583": {
							"post": [-89.97009, 14.12382, 24.93204],
							"lerp_mode": "catmullrom"
						},
						"3.0417": {
							"post": [-77.53834, 12.90358, 24.65243],
							"lerp_mode": "catmullrom"
						},
						"3.375": {
							"post": [-77.54, 12.9, 24.65],
							"lerp_mode": "catmullrom"
						},
						"3.5": {
							"post": [-55.04, 12.9, 24.65],
							"lerp_mode": "catmullrom"
						},
						"3.625": {
							"post": [0.484, 5.16, 9.86],
							"lerp_mode": "catmullrom"
						},
						"3.8333": {
							"post": [0, 0, 0],
							"lerp_mode": "catmullrom"
						},
						"4.0": {
							"post": [0, 0, 0],
							"lerp_mode": "catmullrom"
						}
					},
					"position": {
						"0.0": {
							"post": [0, 0, 0],
							"lerp_mode": "catmullrom"
						},
						"0.4167": {
							"post": [0, -1, -1],
							"lerp_mode": "catmullrom"
						},
						"0.5833": {
							"post": [0, -1, -1],
							"lerp_mode": "catmullrom"
						},
						"0.6667": {
							"post": [0, 20, 5],
							"lerp_mode": "catmullrom"
						},
						"0.75": {
							"post": [0, 22, 6],
							"lerp_mode": "catmullrom"
						},
						"0.8333": {
							"post": [0, 23, 8],
							"lerp_mode": "catmullrom"
						},
						"0.9167": {
							"post": [0, 22, 7],
							"lerp_mode": "catmullrom"
						},
						"1.125": {
							"post": [2, 27, 12],
							"lerp_mode": "catmullrom"
						},
						"1.75": {
							"post": [2, 27, 12],
							"lerp_mode": "catmullrom"
						},
						"1.7917": {
							"post": [3, 22.5, 9.5],
							"lerp_mode": "catmullrom"
						},
						"1.9167": {
							"post": [2, 13, 2],
							"lerp_mode": "catmullrom"
						},
						"2.125": {
							"post": [1, 0, -4],
							"lerp_mode": "catmullrom"
						},
						"2.625": {
							"post": [2, 4, -4],
							"lerp_mode": "catmullrom"
						},
						"2.75": {
							"post": [2, 9, 1],
							"lerp_mode": "catmullrom"
						},
						"2.875": {
							"post": [2, 0, -2],
							"lerp_mode": "catmullrom"
						},
						"3.0417": {
							"post": [2, 0, -2],
							"lerp_mode": "catmullrom"
						},
						"3.375": {
							"post": [2, 1, -2],
							"lerp_mode": "catmullrom"
						},
						"3.5": {
							"post": [2, 3, 1],
							"lerp_mode": "catmullrom"
						},
						"3.625": {
							"post": [0.8, 5.2, -1.6],
							"lerp_mode": "catmullrom"
						},
						"3.8333": {
							"post": [0, 0, 0],
							"lerp_mode": "catmullrom"
						},
						"4.0": {
							"post": [0, 0, 0],
							"lerp_mode": "catmullrom"
						}
					}
				},
				"rightleg2": {
					"rotation": {
						"0.0": {
							"post": [0, 0, 0],
							"lerp_mode": "catmullrom"
						},
						"0.4167": {
							"post": [10, 0, 0],
							"lerp_mode": "catmullrom"
						},
						"0.5833": {
							"post": [10, 0, 0],
							"lerp_mode": "catmullrom"
						},
						"0.6667": {
							"post": [-20.99297, 10.54529, -10.72858],
							"lerp_mode": "catmullrom"
						},
						"0.8333": {
							"post": [-28.49297, 10.54529, -10.72858],
							"lerp_mode": "catmullrom"
						},
						"1.125": {
							"post": [-70.99297, 10.54529, -10.72858],
							"lerp_mode": "catmullrom"
						},
						"1.25": {
							"post": [-80.99297, 10.54529, -10.72858],
							"lerp_mode": "catmullrom"
						},
						"1.7917": {
							"post": [-80.56488, -10.16495, 85.09746],
							"lerp_mode": "catmullrom"
						},
						"2.4583": {
							"post": [-78.46216, 23.55227, 2.26955],
							"lerp_mode": "catmullrom"
						},
						"2.625": {
							"post": [-208.81787, 18.10958, -12.69927],
							"lerp_mode": "catmullrom"
						},
						"2.75": {
							"post": [-258.81787, 18.10958, -12.69927],
							"lerp_mode": "catmullrom"
						},
						"2.875": {
							"post": [-86.11923, 25.59331, -12.16673],
							"lerp_mode": "catmullrom"
						},
						"2.9583": {
							"post": [-111.07594, 26.84038, -12.07086],
							"lerp_mode": "catmullrom"
						},
						"3.0417": {
							"post": [-86.03264, 28.08745, -11.975],
							"lerp_mode": "catmullrom"
						},
						"3.375": {
							"post": [-61.03264, 28.08745, -11.975],
							"lerp_mode": "catmullrom"
						},
						"3.5": {
							"post": [-21.03264, 28.08745, -11.975],
							"lerp_mode": "catmullrom"
						},
						"3.5833": {
							"post": [37.18441, 13.72291, 20.70011],
							"lerp_mode": "catmullrom"
						},
						"3.8333": {
							"post": [0, 0, 0],
							"lerp_mode": "catmullrom"
						},
						"4.0": {
							"post": [0, 0, 0],
							"lerp_mode": "catmullrom"
						}
					},
					"position": {
						"0.0": {
							"post": [0, 0, 0],
							"lerp_mode": "catmullrom"
						},
						"0.1667": {
							"post": [0, 2, -1.2],
							"lerp_mode": "catmullrom"
						},
						"0.4167": {
							"post": [0, -1, 2],
							"lerp_mode": "catmullrom"
						},
						"0.5833": {
							"post": [0, -1, 2],
							"lerp_mode": "catmullrom"
						},
						"0.6667": {
							"post": [0, 21, 4],
							"lerp_mode": "catmullrom"
						},
						"0.75": {
							"post": [0, 22, 5],
							"lerp_mode": "catmullrom"
						},
						"0.8333": {
							"post": [0, 23, 6],
							"lerp_mode": "catmullrom"
						},
						"0.9167": {
							"post": [0, 22, 5],
							"lerp_mode": "catmullrom"
						},
						"1.125": {
							"post": [2, 28, 14],
							"lerp_mode": "catmullrom"
						},
						"1.25": {
							"post": [2, 26, 14],
							"lerp_mode": "catmullrom"
						},
						"1.75": {
							"post": [2, 28, 14],
							"lerp_mode": "catmullrom"
						},
						"1.7917": {
							"post": [3, 25, 11],
							"lerp_mode": "catmullrom"
						},
						"1.9167": {
							"post": [2, 12, 2],
							"lerp_mode": "catmullrom"
						},
						"2.125": {
							"post": [3, 4, -2],
							"lerp_mode": "catmullrom"
						},
						"2.4583": {
							"post": [0, 1, -2],
							"lerp_mode": "catmullrom"
						},
						"2.625": {
							"post": [0, 5, -2],
							"lerp_mode": "catmullrom"
						},
						"2.75": {
							"post": [0, 9, 1],
							"lerp_mode": "catmullrom"
						},
						"2.875": {
							"post": [0, 0, 1],
							"lerp_mode": "catmullrom"
						},
						"3.0417": {
							"post": [0, 0, 1],
							"lerp_mode": "catmullrom"
						},
						"3.375": {
							"post": [0, 6, 2],
							"lerp_mode": "catmullrom"
						},
						"3.5": {
							"post": [0, 9, 0],
							"lerp_mode": "catmullrom"
						},
						"3.5833": {
							"post": [0, 1.6, 0],
							"lerp_mode": "catmullrom"
						},
						"3.625": {
							"post": [0, 3.33, 0],
							"lerp_mode": "catmullrom"
						},
						"3.7083": {
							"post": [0, 6.5, -2],
							"lerp_mode": "catmullrom"
						},
						"3.7917": {
							"post": [0, 1.17, -0.67],
							"lerp_mode": "catmullrom"
						},
						"3.8333": {
							"post": [0, 0, 0],
							"lerp_mode": "catmullrom"
						},
						"4.0": {
							"post": [0, 0, 0],
							"lerp_mode": "catmullrom"
						}
					}
				},
				"locator": {
					"rotation": {
						"1.875": [0, 0, 0],
						"1.9167": [0, 0, 0],
						"1.9583": [-85, 0, 0]
					},
					"position": {
						"0.0": [0, 19, -8],
						"0.5417": [0, 22, -9],
						"0.5833": [0, 27, -10],
						"0.625": [-1, 27, -11],
						"1.0417": [-1, 26, -8],
						"1.2083": [-1, 21, 2],
						"1.875": [-1, 21, 2],
						"1.9167": [-1, 21, 2],
						"1.9583": [-1, 21, -12]
					}
				}
			},
			"particle_effects": {
				"0.5": {
					"effect": "punch",
					"locator": "p"
				},
				"0.5417": {
					"effect": "punch2",
					"locator": "p"
				},
				"0.875": {
					"effect": "punch2",
					"locator": "ki"
				},
				"0.9167": {
					"effect": "punch",
					"locator": "ki"
				},
				"1.1667": {
					"effect": "trhows",
					"locator": "p"
				},
				"1.3333": {
					"effect": "trhows",
					"locator": "p"
				},
				"1.5417": {
					"effect": "trhows",
					"locator": "p"
				},
				"1.9167": {
					"effect": "trhows",
					"locator": "p"
				}
			}
		}
	}
}