{
	"format_version": "1.8.0",
	"animations": {
		"animation.locator.kiblast": {
			"loop": true,
			"particle_effects": {
				"0.0": [
					{
						"effect": "kiblast",
						"locator": "purple"
					},
					{
						"effect": "kiblast2",
						"locator": "purple"
					}
				]
			}
		},
		"animation.locator.supernova": {
			"loop": true,
			"particle_effects": {
				"0.0": [
					{
						"effect": "supernova",
						"locator": "purple"
					},
					{
						"effect": "sglint",
						"locator": "purple"
					},
					{
						"effect": "sglint2",
						"locator": "purple"
					}
				]
			}
		},
		"animation.locator.bigbang": {
			"loop": true,
			"particle_effects": {
				"0.0": [
					{
						"effect": "kiblast",
						"locator": "purple"
					},
					{
						"effect": "kiblast2",
						"locator": "purple"
					},
					{
						"effect": "bigbang",
						"locator": "purple"
					},
					{
						"effect": "bigbang2",
						"locator": "purple"
					}
				]
			}
		},
		"animation.locator.gdama": {
			"loop": true,
			"particle_effects": {
				"0.0": [
					{
						"effect": "gdama3",
						"locator": "purple"
					},
					{
						"effect": "gdama4",
						"locator": "purple"
					}
				]
			}
		},
		"animation.locator.dball": {
			"loop": true,
			"particle_effects": {
				"0.0": [
					{
						"effect": "dball",
						"locator": "purple"
					}
				]
			}
		},
		"animation.locator.kifoice2": {
			"loop": true,
			"particle_effects": {
				"0.0": [
					{
						"effect": "kifoice",
						"locator": "purple"
					}
				]
			}
		},
		"animation.locator.oblaster": {
			"loop": true,
			"particle_effects": {
				"0.0": [
					{
						"effect": "oblaster",
						"locator": "purple"
					}
				]
			}
		},
		"animation.locator.ecannon": {
			"loop": true,
			"particle_effects": {
				"0.0": [
					{
						"effect": "ecannon",
						"locator": "purple"
					}
				]
			}
		},
		"animation.locator.kienzan": {
			"loop": true,
			"particle_effects": {
				"0.0": [
					{
						"effect": "kienzan",
						"locator": "purple"
					}
				]
			}
		},
		"animation.locator.gmeteor": {
			"loop": true,
			"particle_effects": {
				"0.0": [
					{
						"effect": "ecannon",
						"locator": "purple"
					},
					{
						"effect": "gmeteor2",
						"locator": "purple"
					}
				],
				"0.5": [
					{
						"effect": "gmeteor",
						"locator": "purple"
					},
					{
						"effect": "gmeteor2",
						"locator": "purple"
					}
				]
			}
		}
	}
}