{
	"format_version": "1.8.0",
	"animations": {
		"animation.kiblast": {
			"animation_length": 0.4583,
			"bones": {
				"root": {
					"rotation": {
						"0.0": {
							"post": [0, -70, 0],
							"lerp_mode": "catmullrom"
						},
						"0.0833": {
							"post": [0, -85, 0],
							"lerp_mode": "catmullrom"
						},
						"0.1667": {
							"post": [0, -50, 0],
							"lerp_mode": "catmullrom"
						},
						"0.4583": {
							"post": [0, -50, 0],
							"lerp_mode": "catmullrom"
						}
					}
				},
				"rightarm": {
					"rotation": {
						"0.0": {
							"post": [-86.94901, -34.96182, -1.74942],
							"lerp_mode": "catmullrom"
						},
						"0.0833": {
							"post": [-86.46671, -44.94549, -2.49762],
							"lerp_mode": "catmullrom"
						},
						"0.1667": {
							"post": [-86.30232, 47.44052, 2.72535],
							"lerp_mode": "catmullrom"
						},
						"0.4583": {
							"post": [-86.3, 47.44, 2.73],
							"lerp_mode": "catmullrom"
						}
					}
				}
			},
			"particle_effects": {
				"0.1667": [
					{
						"effect": "impact",
						"locator": "ki"
					},
					{
						"effect": "impact2",
						"locator": "ki"
					}
				]
			}
		}
	}
}