{
	"format_version": "1.8.0",
	"animations": {
		"animation.gohan.masenko": {
			"animation_length": 6.1667,
			"bones": {
				"waist": {
					"rotation": {
						"0.0": {
							"post": [0, 0, 0],
							"lerp_mode": "catmullrom"
						},
						"0.1667": {
							"post": [7.5, 0, 0],
							"lerp_mode": "catmullrom"
						},
						"0.2917": {
							"post": [0, 0, 0],
							"lerp_mode": "catmullrom"
						},
						"0.4583": {
							"post": [-15, 0, 0],
							"lerp_mode": "catmullrom"
						},
						"0.7083": {
							"post": [-20, 0, 0],
							"lerp_mode": "catmullrom"
						},
						"2.5": {
							"post": [-20, 0, 0],
							"lerp_mode": "catmullrom"
						},
						"2.6667": {
							"post": [-27.5, 0, 0],
							"lerp_mode": "catmullrom"
						},
						"2.7917": {
							"post": [-20, 0, 0],
							"lerp_mode": "catmullrom"
						},
						"2.875": {
							"post": [25.00494, 10.40097, 3.08611],
							"lerp_mode": "catmullrom"
						},
						"3.1667": {
							"post": [32.50494, 10.40097, 3.08611],
							"lerp_mode": "catmullrom"
						},
						"3.625": {
							"post": [25.48434, 14.92401, 5.27112],
							"lerp_mode": "catmullrom"
						},
						"4.5": {
							"post": [30.48434, 14.92401, 5.27112],
							"lerp_mode": "catmullrom"
						},
						"5.25": {
							"post": [30.48, 14.92, 5.27],
							"lerp_mode": "catmullrom"
						},
						"5.4583": {
							"post": [1.62095, 12.62262, 0.02397],
							"lerp_mode": "catmullrom"
						},
						"5.7083": {
							"post": [0, 0, 0],
							"lerp_mode": "catmullrom"
						},
						"6.1667": {
							"post": [0, 0, 0],
							"lerp_mode": "catmullrom"
						}
					},
					"position": {
						"0.0": {
							"post": [0, 0, 0],
							"lerp_mode": "catmullrom"
						},
						"2.5": {
							"post": [0, 0, 0],
							"lerp_mode": "catmullrom"
						},
						"2.6667": {
							"post": [0, 0, 0],
							"lerp_mode": "catmullrom"
						},
						"2.7917": {
							"post": [0, 0, 0],
							"lerp_mode": "catmullrom"
						},
						"2.875": {
							"post": [0, -3, 0],
							"lerp_mode": "catmullrom"
						},
						"3.1667": {
							"post": [0, -3, 0],
							"lerp_mode": "catmullrom"
						},
						"4.5": {
							"post": [0, -3, 0],
							"lerp_mode": "catmullrom"
						},
						"5.25": {
							"post": [0, -3, 0],
							"lerp_mode": "catmullrom"
						},
						"5.4583": {
							"post": [0, -1, 1],
							"lerp_mode": "catmullrom"
						},
						"5.7083": {
							"post": [0, 0, 0],
							"lerp_mode": "catmullrom"
						},
						"6.1667": {
							"post": [0, 0, 0],
							"lerp_mode": "catmullrom"
						}
					}
				},
				"rightarm": {
					"rotation": {
						"0.0": {
							"post": [0, 0, 0],
							"lerp_mode": "catmullrom"
						},
						"0.1667": {
							"post": [-12.5, 0, 2.5],
							"lerp_mode": "catmullrom"
						},
						"0.2917": {
							"post": [-62.5, 0, 2.5],
							"lerp_mode": "catmullrom"
						},
						"0.4583": {
							"post": [-150.24131, -12.11685, 27.38728],
							"lerp_mode": "catmullrom"
						},
						"0.7083": {
							"post": [-150.73299, -13.34855, 29.61771],
							"lerp_mode": "catmullrom"
						},
						"2.5": {
							"post": [-150.73299, -13.34855, 29.61771],
							"lerp_mode": "catmullrom"
						},
						"2.6667": {
							"post": [-158.23299, -13.34855, 29.61771],
							"lerp_mode": "catmullrom"
						},
						"2.7917": {
							"post": [-150.73299, -13.34855, 29.61771],
							"lerp_mode": "catmullrom"
						},
						"2.875": {
							"post": [-122.92624, -14.52062, 25.19068],
							"lerp_mode": "catmullrom"
						},
						"3.1667": {
							"post": [-131.63749, -7.1132, 18.34582],
							"lerp_mode": "catmullrom"
						},
						"3.625": {
							"post": [-120.1428, -15.81042, 23.38718],
							"lerp_mode": "catmullrom"
						},
						"4.5": {
							"post": [-124.44384, -11.70341, 20.45044],
							"lerp_mode": "catmullrom"
						},
						"5.25": {
							"post": [-124.44, -11.7, 20.45],
							"lerp_mode": "catmullrom"
						},
						"5.4583": {
							"post": [-21.94, -11.7, 20.45],
							"lerp_mode": "catmullrom"
						},
						"5.7083": {
							"post": [0, 0, 0],
							"lerp_mode": "catmullrom"
						},
						"6.1667": {
							"post": [0, 0, 0],
							"lerp_mode": "catmullrom"
						}
					},
					"position": {
						"0.0": {
							"post": [0, 0, 0],
							"lerp_mode": "catmullrom"
						},
						"0.1667": {
							"post": [-0.36, -0.27, -1.09],
							"lerp_mode": "catmullrom"
						},
						"0.4583": {
							"post": [-1, 2, -3],
							"lerp_mode": "catmullrom"
						},
						"0.7083": {
							"post": [-1, 3, -3],
							"lerp_mode": "catmullrom"
						},
						"2.5": {
							"post": [-1, 3, -3],
							"lerp_mode": "catmullrom"
						},
						"2.6667": {
							"post": [-1, 4, -3],
							"lerp_mode": "catmullrom"
						},
						"2.7917": {
							"post": [-1, 3, -3],
							"lerp_mode": "catmullrom"
						},
						"2.875": {
							"post": [2, 3, -4],
							"lerp_mode": "catmullrom"
						},
						"3.1667": {
							"post": [2.4218, 3.40229, -4.81256],
							"lerp_mode": "catmullrom"
						},
						"3.625": {
							"post": [2.29242, 2.07518, -4.3319],
							"lerp_mode": "catmullrom"
						},
						"4.5": {
							"post": [2.55, 2.57, -5.16],
							"lerp_mode": "catmullrom"
						},
						"5.25": {
							"post": [2.55, 2.57, -5.16],
							"lerp_mode": "catmullrom"
						},
						"5.4583": {
							"post": [-0.71161, -0.5829, 0.17115],
							"lerp_mode": "catmullrom"
						},
						"5.7083": {
							"post": [0, 0, 0],
							"lerp_mode": "catmullrom"
						},
						"6.1667": {
							"post": [0, 0, 0],
							"lerp_mode": "catmullrom"
						}
					}
				},
				"leftarm": {
					"rotation": {
						"0.0": {
							"post": [0, 0, 0],
							"lerp_mode": "catmullrom"
						},
						"0.1667": {
							"post": [-10, 0, -5],
							"lerp_mode": "catmullrom"
						},
						"0.2917": {
							"post": [-60, 0, -5],
							"lerp_mode": "catmullrom"
						},
						"0.4583": {
							"post": [-149.99865, 13.12479, -26.46872],
							"lerp_mode": "catmullrom"
						},
						"0.7083": {
							"post": [-151.11364, 15.58394, -30.96295],
							"lerp_mode": "catmullrom"
						},
						"2.5": {
							"post": [-151.11364, 15.58394, -30.96295],
							"lerp_mode": "catmullrom"
						},
						"2.6667": {
							"post": [-158.61364, 15.58394, -30.96295],
							"lerp_mode": "catmullrom"
						},
						"2.7917": {
							"post": [-151.11364, 15.58394, -30.96295],
							"lerp_mode": "catmullrom"
						},
						"2.875": {
							"post": [-115.77993, -38.02843, -68.15745],
							"lerp_mode": "catmullrom"
						},
						"3.0417": {
							"post": [-118.81296, -44.6976, -63.57684],
							"lerp_mode": "catmullrom"
						},
						"3.1667": {
							"post": [-118.81, -44.7, -63.58],
							"lerp_mode": "catmullrom"
						},
						"3.625": {
							"post": [-97.44721, -30.04196, -84.88146],
							"lerp_mode": "catmullrom"
						},
						"4.5": {
							"post": [-97.87238, -34.99744, -84.09132],
							"lerp_mode": "catmullrom"
						},
						"5.25": {
							"post": [-97.87, -35, -84.09],
							"lerp_mode": "catmullrom"
						},
						"5.4583": {
							"post": [-10.29349, -1.44256, -12.26329],
							"lerp_mode": "catmullrom"
						},
						"5.7083": {
							"post": [0, 0, 0],
							"lerp_mode": "catmullrom"
						},
						"6.1667": {
							"post": [0, 0, 0],
							"lerp_mode": "catmullrom"
						}
					},
					"position": {
						"0.0": {
							"post": [0, 0, 0],
							"lerp_mode": "catmullrom"
						},
						"0.1667": {
							"post": [0.36, -0.27, -1.09],
							"lerp_mode": "catmullrom"
						},
						"0.4583": {
							"post": [1, 2, -3],
							"lerp_mode": "catmullrom"
						},
						"0.7083": {
							"post": [1, 3, -3],
							"lerp_mode": "catmullrom"
						},
						"2.5": {
							"post": [1, 3, -3],
							"lerp_mode": "catmullrom"
						},
						"2.6667": {
							"post": [1, 4, -3],
							"lerp_mode": "catmullrom"
						},
						"2.7917": {
							"post": [1, 3, -3],
							"lerp_mode": "catmullrom"
						},
						"2.875": {
							"post": [0, -1, -6],
							"lerp_mode": "catmullrom"
						},
						"3.0417": {
							"post": [-0.25025, 0.52407, -6.18091],
							"lerp_mode": "catmullrom"
						},
						"3.1667": {
							"post": [-0.25, 0.52, -6.18],
							"lerp_mode": "catmullrom"
						},
						"3.625": {
							"post": [-0.68807, -0.3115, -4.41637],
							"lerp_mode": "catmullrom"
						},
						"4.5": {
							"post": [-0.43246, 0.18019, -5.2527],
							"lerp_mode": "catmullrom"
						},
						"5.25": {
							"post": [-0.43, 0.18, -5.25],
							"lerp_mode": "catmullrom"
						},
						"5.4583": {
							"post": [0.21049, 0.00285, 1.03955],
							"lerp_mode": "catmullrom"
						},
						"5.7083": {
							"post": [0, 0, 0],
							"lerp_mode": "catmullrom"
						},
						"6.1667": {
							"post": [0, 0, 0],
							"lerp_mode": "catmullrom"
						}
					}
				},
				"head": {
					"rotation": {
						"0.0": {
							"post": [0, 0, 0],
							"lerp_mode": "catmullrom"
						},
						"0.4583": {
							"post": [12.5, 0, 0],
							"lerp_mode": "catmullrom"
						},
						"0.7083": {
							"post": [15, 0, 0],
							"lerp_mode": "catmullrom"
						},
						"2.5": {
							"post": [15, 0, 0],
							"lerp_mode": "catmullrom"
						},
						"2.6667": {
							"post": [27.5, 0, 0],
							"lerp_mode": "catmullrom"
						},
						"2.7917": {
							"post": [15, 0, 0],
							"lerp_mode": "catmullrom"
						},
						"2.8333": {
							"post": [-74.34818, -83.01445, 72.39384],
							"lerp_mode": "catmullrom"
						},
						"2.875": {
							"post": [-20.58447, -13.42966, 0.10539],
							"lerp_mode": "catmullrom"
						},
						"3.1667": {
							"post": [-30.58447, -13.42966, 0.10539],
							"lerp_mode": "catmullrom"
						},
						"3.625": {
							"post": [-23.08447, -13.42966, 0.10539],
							"lerp_mode": "catmullrom"
						},
						"4.5": {
							"post": [-28.08447, -13.42966, 0.10539],
							"lerp_mode": "catmullrom"
						},
						"5.25": {
							"post": [-28.08, -13.43, 0.11],
							"lerp_mode": "catmullrom"
						},
						"5.4583": {
							"post": [1.92, -13.43, 0.11],
							"lerp_mode": "catmullrom"
						},
						"5.7083": {
							"post": [0, 0, 0],
							"lerp_mode": "catmullrom"
						},
						"6.1667": {
							"post": [0, 0, 0],
							"lerp_mode": "catmullrom"
						}
					},
					"position": {
						"0.0": {
							"post": [0, 0, 0],
							"lerp_mode": "catmullrom"
						},
						"2.5": {
							"post": [0, 0, 0],
							"lerp_mode": "catmullrom"
						},
						"2.6667": {
							"post": [0, 0, 0],
							"lerp_mode": "catmullrom"
						},
						"2.7917": {
							"post": [0, 0, 0],
							"lerp_mode": "catmullrom"
						},
						"3.1667": {
							"post": [0, 0, 0],
							"lerp_mode": "catmullrom"
						},
						"4.5": {
							"post": [0, 0, 0],
							"lerp_mode": "catmullrom"
						},
						"5.25": {
							"post": [0, 0, 0],
							"lerp_mode": "catmullrom"
						},
						"5.7083": {
							"post": [0, 0, 0],
							"lerp_mode": "catmullrom"
						},
						"6.1667": {
							"post": [0, 0, 0],
							"lerp_mode": "catmullrom"
						}
					}
				},
				"rightleg": {
					"rotation": {
						"0.0": {
							"post": [0, 0, 0],
							"lerp_mode": "catmullrom"
						},
						"0.125": {
							"post": [0, 7.5, 0],
							"lerp_mode": "catmullrom"
						},
						"0.25": {
							"post": [0.32902, 7.49282, 2.52154],
							"lerp_mode": "catmullrom"
						},
						"0.4583": {
							"post": [1.63219, 7.32123, 12.60443],
							"lerp_mode": "catmullrom"
						},
						"0.7083": {
							"post": [4.13219, 7.32123, 12.60443],
							"lerp_mode": "catmullrom"
						},
						"2.5": {
							"post": [4.13219, 7.32123, 12.60443],
							"lerp_mode": "catmullrom"
						},
						"2.6667": {
							"post": [4.13219, 7.32123, 12.60443],
							"lerp_mode": "catmullrom"
						},
						"2.7917": {
							"post": [4.13219, 7.32123, 12.60443],
							"lerp_mode": "catmullrom"
						},
						"2.875": {
							"post": [54.79404, 24.87062, 26.55391],
							"lerp_mode": "catmullrom"
						},
						"3.1667": {
							"post": [54.79, 24.87, 26.55],
							"lerp_mode": "catmullrom"
						},
						"4.5": {
							"post": [54.79, 24.87, 26.55],
							"lerp_mode": "catmullrom"
						},
						"5.25": {
							"post": [54.79, 24.87, 26.55],
							"lerp_mode": "catmullrom"
						},
						"5.4583": {
							"post": [47.29, 24.87, 26.55],
							"lerp_mode": "catmullrom"
						},
						"5.7083": {
							"post": [0, 0, 0],
							"lerp_mode": "catmullrom"
						},
						"6.1667": {
							"post": [0, 0, 0],
							"lerp_mode": "catmullrom"
						}
					},
					"position": {
						"0.0": {
							"post": [0, 0, 0],
							"lerp_mode": "catmullrom"
						},
						"0.125": {
							"post": [0, 1, 0],
							"lerp_mode": "catmullrom"
						},
						"0.25": {
							"post": [0, 0, 0],
							"lerp_mode": "catmullrom"
						},
						"2.5": {
							"post": [0, 0, 0],
							"lerp_mode": "catmullrom"
						},
						"2.6667": {
							"post": [0, 0, 0],
							"lerp_mode": "catmullrom"
						},
						"2.7917": {
							"post": [0, 0, 0],
							"lerp_mode": "catmullrom"
						},
						"2.875": {
							"post": [0, -3, 1],
							"lerp_mode": "catmullrom"
						},
						"3.1667": {
							"post": [0, -3, 1],
							"lerp_mode": "catmullrom"
						},
						"4.5": {
							"post": [0, -3, 1],
							"lerp_mode": "catmullrom"
						},
						"5.25": {
							"post": [0, -3, 1],
							"lerp_mode": "catmullrom"
						},
						"5.4583": {
							"post": [-1, -2, -2],
							"lerp_mode": "catmullrom"
						},
						"5.7083": {
							"post": [0, 0, 0],
							"lerp_mode": "catmullrom"
						},
						"6.1667": {
							"post": [0, 0, 0],
							"lerp_mode": "catmullrom"
						}
					}
				},
				"leftleg": {
					"rotation": {
						"0.0": {
							"post": [0, 0, 0],
							"lerp_mode": "catmullrom"
						},
						"0.1667": {
							"post": [0, -2.5, 0],
							"lerp_mode": "catmullrom"
						},
						"0.2917": {
							"post": [0.10912, -2.49762, -2.50238],
							"lerp_mode": "catmullrom"
						},
						"0.4583": {
							"post": [0.43439, -2.462, -10.00933],
							"lerp_mode": "catmullrom"
						},
						"0.7083": {
							"post": [2.93439, -2.462, -10.00933],
							"lerp_mode": "catmullrom"
						},
						"2.5": {
							"post": [2.93439, -2.462, -10.00933],
							"lerp_mode": "catmullrom"
						},
						"2.6667": {
							"post": [2.93439, -2.462, -10.00933],
							"lerp_mode": "catmullrom"
						},
						"2.7917": {
							"post": [2.93439, -2.462, -10.00933],
							"lerp_mode": "catmullrom"
						},
						"2.8333": {
							"post": [-2.08884, -25.26435, -0.26481],
							"lerp_mode": "catmullrom"
						},
						"2.875": {
							"post": [-21.11313, -6.52247, -3.62935],
							"lerp_mode": "catmullrom"
						},
						"3.1667": {
							"post": [-21.39777, -11.18314, -1.79397],
							"lerp_mode": "catmullrom"
						},
						"4.5": {
							"post": [-21.29823, 9.80858, -9.9396],
							"lerp_mode": "catmullrom"
						},
						"5.25": {
							"post": [-20.99857, 2.81239, -7.21891],
							"lerp_mode": "catmullrom"
						},
						"5.4583": {
							"post": [-3.69998, 3.61975, -3.52677],
							"lerp_mode": "catmullrom"
						},
						"5.7083": {
							"post": [0, 0, 0],
							"lerp_mode": "catmullrom"
						},
						"6.1667": {
							"post": [0, 0, 0],
							"lerp_mode": "catmullrom"
						}
					},
					"position": {
						"0.0": {
							"post": [0, 0, 0],
							"lerp_mode": "catmullrom"
						},
						"2.5": {
							"post": [0, 0, 0],
							"lerp_mode": "catmullrom"
						},
						"2.6667": {
							"post": [0, 0, 0],
							"lerp_mode": "catmullrom"
						},
						"2.7917": {
							"post": [0, 0, 0],
							"lerp_mode": "catmullrom"
						},
						"2.8333": {
							"post": [-1, -1, -6.5],
							"lerp_mode": "catmullrom"
						},
						"2.875": {
							"post": [0, -1, -5],
							"lerp_mode": "catmullrom"
						},
						"3.1667": {
							"post": [0, -1, -5],
							"lerp_mode": "catmullrom"
						},
						"4.5": {
							"post": [0, -1, -5],
							"lerp_mode": "catmullrom"
						},
						"5.25": {
							"post": [0, -1, -5],
							"lerp_mode": "catmullrom"
						},
						"5.4583": {
							"post": [0, 0, -4],
							"lerp_mode": "catmullrom"
						},
						"5.7083": {
							"post": [0, 0, 0],
							"lerp_mode": "catmullrom"
						},
						"6.1667": {
							"post": [0, 0, 0],
							"lerp_mode": "catmullrom"
						}
					}
				},
				"locator": {
					"position": {
						"2.5": {
							"pre": [0, 0, 0],
							"post": [0, 0, 0],
							"lerp_mode": "catmullrom"
						},
						"4.5": {
							"post": [0, 0, 0],
							"lerp_mode": "catmullrom"
						}
					}
				},
				"locator2": {
					"rotation": {
						"2.5": [0, 0, 0],
						"2.875": [-92.5, 0, 0],
						"6.1667": [-92.5, 0, 0]
					},
					"position": {
						"0.2917": [0, 37, -2],
						"2.5": [0, 37, 0],
						"2.75": [0, 37, 0],
						"2.875": [-0.72, 20.36, -37.86],
						"6.1667": [-0.72, 20.36, -37.86]
					}
				},
				"locator3": {
					"position": {
						"2.5": {
							"pre": [0, 19, 0],
							"post": [0, 19, 0],
							"lerp_mode": "catmullrom"
						},
						"3.1667": {
							"post": [0, 19, 0],
							"lerp_mode": "catmullrom"
						},
						"3.5417": {
							"post": [0, 31, -184],
							"lerp_mode": "catmullrom"
						},
						"4.0417": {
							"post": [0, 41, -412],
							"lerp_mode": "catmullrom"
						},
						"6.1667": {
							"post": [0, 25, -412],
							"lerp_mode": "catmullrom"
						}
					}
				},
				"aura": {
					"position": {
						"2.5": {
							"pre": [0, 24, 0],
							"post": [0, 24, 0],
							"lerp_mode": "catmullrom"
						},
						"4.2917": {
							"post": [0, 44, -215],
							"lerp_mode": "catmullrom"
						},
						"6.1667": {
							"post": [0, 24, -215],
							"lerp_mode": "catmullrom"
						}
					}
				},
				"root": {
					"rotation": ["query.target_x_rotation - this", "query.target_y_rotation - this", 0]
				}
			
			},
			"particle_effects": {
				"0.1667": [
					{
						"effect": "charging_skill",
						"locator": "p2"
					},
					{
						"effect": "masenko1_3",
						"locator": "p2"
					},
					{
						"effect": "masenko1",
						"locator": "p2"
					},
					{
						"effect": "masenko1_4",
						"locator": "p2"
					}
				],
				"0.5833": {
					"effect": "pms_masen",
					"locator": "p"
				},
				"2.5": {
					"effect": "masenko1",
					"locator": "p2"
				},
				"2.6667": {
					"effect": "pms_masen",
					"locator": "p"
				},
				"2.75": {
					"effect": "masenko1",
					"locator": "p3"
				},
				"2.875": {
					"effect": "masen",
					"locator": "p2"
				},
				"2.9167": {
					"effect": "pms_masen",
					"locator": "aura"
				},
				"3.125": {
					"effect": "masen",
					"locator": "p2"
				},
				"3.1667": {
					"effect": "masen",
					"locator": "p2"
				},
				"3.4583": {
					"effect": "masen",
					"locator": "p2"
				}
			}
		}
	}
}