{
	"format_version": "1.8.0",
	"animations": {
		"animation.mirai_sword.embanhar": {
			"animation_length": 1.2917,
			"bones": {
				"waist": {
					"rotation": {
						"0.0": {
							"post": [0, 0, 0],
							"lerp_mode": "catmullrom"
						},
						"0.125": {
							"post": [0, 5, -5],
							"lerp_mode": "catmullrom"
						},
						"0.2917": {
							"post": [2.5, 5, -5],
							"lerp_mode": "catmullrom"
						},
						"0.375": {
							"post": [-9.16889, 4.49005, 5.02146],
							"lerp_mode": "catmullrom"
						},
						"0.4583": {
							"post": [-5.43914, 2.28602, 5.79335],
							"lerp_mode": "catmullrom"
						},
						"0.625": {
							"post": [1.73789, -2.83921, -0.13384],
							"lerp_mode": "catmullrom"
						},
						"0.7083": {
							"post": [1.48531, -2.98147, 4.8736],
							"lerp_mode": "catmullrom"
						},
						"0.8333": {
							"post": [2.0643, -3.23786, 19.79687],
							"lerp_mode": "catmullrom"
						},
						"0.9167": {
							"post": [1.92775, -5.8234, 22.21525],
							"lerp_mode": "catmullrom"
						},
						"1.0417": {
							"post": [2.91196, -5.40009, 12.17595],
							"lerp_mode": "catmullrom"
						},
						"1.2917": {
							"post": [0, 0, 0],
							"lerp_mode": "catmullrom"
						}
					},
					"position": {
						"0.0": {
							"post": [0, 0, 0],
							"lerp_mode": "catmullrom"
						},
						"0.8333": {
							"post": [0, 0, 0],
							"lerp_mode": "catmullrom"
						},
						"1.0417": {
							"post": [0, 0, 0],
							"lerp_mode": "catmullrom"
						},
						"1.2917": {
							"post": [0, 0, 0],
							"lerp_mode": "catmullrom"
						}
					}
				},
				"rightarm": {
					"rotation": {
						"0.0": {
							"post": [0, 0, 0],
							"lerp_mode": "catmullrom"
						},
						"0.125": {
							"post": [0, 0, 5],
							"lerp_mode": "catmullrom"
						},
						"0.2917": {
							"post": [-2.5, 22.5, 5],
							"lerp_mode": "catmullrom"
						},
						"0.375": {
							"post": [-132.5, 22.5, 5],
							"lerp_mode": "catmullrom"
						},
						"0.5": {
							"post": [-121.97614, 20.38529, 6.43269],
							"lerp_mode": "catmullrom"
						},
						"0.5833": {
							"post": [-96.05601, 13.00873, 3.53075],
							"lerp_mode": "catmullrom"
						},
						"0.6667": {
							"post": [-5.13589, 5.63217, 0.6288],
							"lerp_mode": "catmullrom"
						},
						"0.8333": {
							"post": [-5.14, 5.63, 0.63],
							"lerp_mode": "catmullrom"
						},
						"0.9167": {
							"post": [-11.43438, 8.04347, 10.43243],
							"lerp_mode": "catmullrom"
						},
						"1.0417": {
							"post": [-2.63801, 5.95299, 0.57923],
							"lerp_mode": "catmullrom"
						},
						"1.2917": {
							"post": [0, 0, 0],
							"lerp_mode": "catmullrom"
						}
					},
					"position": {
						"0.0": {
							"post": [0, 0, 0],
							"lerp_mode": "catmullrom"
						},
						"0.4167": {
							"post": [-0.04452, 0.49468, -0.081],
							"lerp_mode": "catmullrom"
						},
						"0.5": {
							"post": [0.08726, -0.98234, 0.1655],
							"lerp_mode": "catmullrom"
						},
						"0.6667": {
							"post": [-0.08127, 0.00476, 0.20021],
							"lerp_mode": "catmullrom"
						},
						"0.8333": {
							"post": [-0.08, 0, 0.2],
							"lerp_mode": "catmullrom"
						},
						"1.0417": {
							"post": [-0.08, 0, 0.2],
							"lerp_mode": "catmullrom"
						},
						"1.2917": {
							"post": [0, 0, 0],
							"lerp_mode": "catmullrom"
						}
					}
				},
				"leftarm": {
					"rotation": {
						"0.0": {
							"post": [0, 0, 0],
							"lerp_mode": "catmullrom"
						},
						"0.2917": {
							"post": [-5, 0, -2.5],
							"lerp_mode": "catmullrom"
						},
						"0.375": {
							"post": [7.99146, 0.13049, -5.49718],
							"lerp_mode": "catmullrom"
						},
						"0.5": {
							"post": [9.97864, 0.32621, -9.99294],
							"lerp_mode": "catmullrom"
						},
						"0.625": {
							"post": [-2.52136, 0.32621, -9.99294],
							"lerp_mode": "catmullrom"
						},
						"0.8333": {
							"post": [-2.52, 0.33, -9.99],
							"lerp_mode": "catmullrom"
						},
						"0.9167": {
							"post": [-2.52, 0.33, -9.99],
							"lerp_mode": "catmullrom"
						},
						"1.0417": {
							"post": [-2.48169, 0.54831, -4.99462],
							"lerp_mode": "catmullrom"
						},
						"1.2917": {
							"post": [0, 0, 0],
							"lerp_mode": "catmullrom"
						}
					},
					"position": {
						"0.0": {
							"post": [0, 0, 0],
							"lerp_mode": "catmullrom"
						},
						"0.8333": {
							"post": [0, 0, 0],
							"lerp_mode": "catmullrom"
						},
						"1.0417": {
							"post": [0, 0, 0],
							"lerp_mode": "catmullrom"
						},
						"1.2917": {
							"post": [0, 0, 0],
							"lerp_mode": "catmullrom"
						}
					}
				},
				"head": {
					"rotation": {
						"0.0": {
							"post": [0, 0, 0],
							"lerp_mode": "catmullrom"
						},
						"0.375": {
							"post": [-5, 0, -5],
							"lerp_mode": "catmullrom"
						},
						"0.8333": {
							"post": [-5, 0, -5],
							"lerp_mode": "catmullrom"
						},
						"0.9167": {
							"post": [-5.01882, 7.03631, -10.63535],
							"lerp_mode": "catmullrom"
						},
						"1.0417": {
							"post": [-4.70663, 7.24827, -8.12487],
							"lerp_mode": "catmullrom"
						},
						"1.2917": {
							"post": [0, 0, 0],
							"lerp_mode": "catmullrom"
						}
					},
					"position": {
						"0.0": {
							"post": [0, 0, 0],
							"lerp_mode": "catmullrom"
						},
						"0.8333": {
							"post": [0, 0, 0],
							"lerp_mode": "catmullrom"
						},
						"1.0417": {
							"post": [0, 0, 0],
							"lerp_mode": "catmullrom"
						},
						"1.2917": {
							"post": [0, 0, 0],
							"lerp_mode": "catmullrom"
						}
					}
				},
				"rightleg": {
					"rotation": {
						"0.0": {
							"post": [0, 0, 0],
							"lerp_mode": "catmullrom"
						},
						"0.125": {
							"post": [0, 5, 0],
							"lerp_mode": "catmullrom"
						},
						"0.2917": {
							"post": [0.23179, 19.99511, 2.56976],
							"lerp_mode": "catmullrom"
						},
						"0.625": {
							"post": [0.2197, 7.49521, 2.51916],
							"lerp_mode": "catmullrom"
						},
						"0.8333": {
							"post": [0.22, 7.5, 2.52],
							"lerp_mode": "catmullrom"
						},
						"1.0417": {
							"post": [0.21895, 5.00002, 2.51037],
							"lerp_mode": "catmullrom"
						},
						"1.2917": {
							"post": [0, 0, 0],
							"lerp_mode": "catmullrom"
						}
					},
					"position": {
						"0.0": {
							"post": [0, 0, 0],
							"lerp_mode": "catmullrom"
						},
						"0.8333": {
							"post": [0, 0, 0],
							"lerp_mode": "catmullrom"
						},
						"1.0417": {
							"post": [0, 0, 0],
							"lerp_mode": "catmullrom"
						},
						"1.2917": {
							"post": [0, 0, 0],
							"lerp_mode": "catmullrom"
						}
					}
				},
				"leftleg": {
					"rotation": {
						"0.0": {
							"post": [0, 0, 0],
							"lerp_mode": "catmullrom"
						},
						"0.8333": {
							"post": [0, 0, 0],
							"lerp_mode": "catmullrom"
						},
						"1.0417": {
							"post": [0, 0, 0],
							"lerp_mode": "catmullrom"
						},
						"1.2917": {
							"post": [0, 0, 0],
							"lerp_mode": "catmullrom"
						}
					},
					"position": {
						"0.0": {
							"post": [0, 0, 0],
							"lerp_mode": "catmullrom"
						},
						"0.8333": {
							"post": [0, 0, 0],
							"lerp_mode": "catmullrom"
						},
						"1.0417": {
							"post": [0, 0, 0],
							"lerp_mode": "catmullrom"
						},
						"1.2917": {
							"post": [0, 0, 0],
							"lerp_mode": "catmullrom"
						}
					}
				},
				"sword": {
					"rotation": {
						"0.0": {
							"post": [-92.28888, 42.45005, -93.38905],
							"lerp_mode": "catmullrom"
						},
						"0.125": {
							"post": [-92.77089, 52.44044, -94.04091],
							"lerp_mode": "catmullrom"
						},
						"0.2917": {
							"post": [-129.01457, 40.74849, -139.14581],
							"lerp_mode": "catmullrom"
						},
						"0.375": {
							"post": [-281.51457, 40.74849, -139.14581],
							"lerp_mode": "catmullrom"
						},
						"0.6667": {
							"post": [-1424.01457, 40.74849, -139.14581],
							"lerp_mode": "catmullrom"
						},
						"0.7083": {
							"post": [-1055.42458, -22.14805, 2.47119],
							"lerp_mode": "catmullrom"
						},
						"0.75": {
							"post": [-700.52658, -10.06704, 24.75799],
							"lerp_mode": "catmullrom"
						},
						"0.7917": {
							"post": [-349.97054, 4.39024, 10.23864],
							"lerp_mode": "catmullrom"
						},
						"0.8333": [0, 0, 0],
						"1.0417": [0, 0, 0],
						"1.2917": [0, 0, 0]
					},
					"position": {
						"0.0": {
							"post": [-7.8824, -9.35562, -7.70326],
							"lerp_mode": "catmullrom"
						},
						"0.125": {
							"post": [-7.83704, -9.96807, -6.90728],
							"lerp_mode": "catmullrom"
						},
						"0.2917": {
							"post": [-6.94046, -11.81053, -4.501],
							"lerp_mode": "catmullrom"
						},
						"0.375": {
							"post": [-11.85072, 7.41922, 20.60223],
							"lerp_mode": "catmullrom"
						},
						"0.5833": {
							"post": [-6.39205, 37.97165, 43.82121],
							"lerp_mode": "catmullrom"
						},
						"0.7083": {
							"post": [-6.01626, 39.91912, 52.1033],
							"lerp_mode": "catmullrom"
						},
						"0.7917": {
							"post": [-0.99162, 5.11897, 23.00217],
							"lerp_mode": "catmullrom"
						},
						"0.8333": [0, 0, 0],
						"1.0417": [0, 0, 0],
						"1.2917": [0, 0, 0]
					}
				}
			}
		}
	}
}