{
	"format_version": "1.8.0",
	"animations": {
		"animation.player.red": {
			"animation_length": 3,
			"bones": {
				"root": {
					"rotation": {
						"0.0": {
							"post": [0, 0, 0],
							"lerp_mode": "catmullrom"
						},
						"0.125": {
							"post": [14.04107, 41.70738, 13.4502],
							"lerp_mode": "catmullrom"
						},
						"0.25": {
							"post": [11.84774, 42.26758, 10.17206],
							"lerp_mode": "catmullrom"
						},
						"0.375": {
							"post": [-3.67699, -13.01408, 4.30088],
							"lerp_mode": "catmullrom"
						},
						"1.0": {
							"post": [-3.68, -13.01, 4.3],
							"lerp_mode": "catmullrom"
						},
						"1.4167": {
							"post": [-3.68, -13.01, 4.3],
							"lerp_mode": "catmullrom"
						},
						"3.0": {
							"post": [-3.68, -13.01, 4.3],
							"lerp_mode": "catmullrom"
						}
					}
				},
				"head": {
					"rotation": {
						"0.0": {
							"post": [0, 0, 0],
							"lerp_mode": "catmullrom"
						},
						"0.125": {
							"post": [6.25038, -39.58992, -9.7516],
							"lerp_mode": "catmullrom"
						},
						"0.25": {
							"post": [8.29012, -39.27345, -12.96248],
							"lerp_mode": "catmullrom"
						},
						"0.375": {
							"post": [6.3517, 1.51888, 5.05447],
							"lerp_mode": "catmullrom"
						},
						"1.0": {
							"post": [6.35, 1.52, 5.05],
							"lerp_mode": "catmullrom"
						},
						"1.4167": {
							"post": [6.35, 1.52, 5.05],
							"lerp_mode": "catmullrom"
						},
						"3.0": {
							"post": [6.35, 1.52, 5.05],
							"lerp_mode": "catmullrom"
						}
					}
				},
				"leftArm": {
					"rotation": {
						"0.0": {
							"post": [0, 0, 0],
							"lerp_mode": "catmullrom"
						},
						"0.125": {
							"post": [0, -10, -12.5],
							"lerp_mode": "catmullrom"
						},
						"0.25": {
							"post": [0.88045, -9.96156, -17.57673],
							"lerp_mode": "catmullrom"
						},
						"0.375": {
							"post": [1.13133, -39.95721, -18.15103],
							"lerp_mode": "catmullrom"
						},
						"1.0": {
							"post": [1.13, -39.96, -18.15],
							"lerp_mode": "catmullrom"
						},
						"1.4167": {
							"post": [1.13, -39.96, -18.15],
							"lerp_mode": "catmullrom"
						},
						"3.0": {
							"post": [1.13, -39.96, -18.15],
							"lerp_mode": "catmullrom"
						}
					}
				},
				"rightArm": {
					"rotation": {
						"0.0": {
							"post": [0, 0, 0],
							"lerp_mode": "catmullrom"
						},
						"0.0417": {
							"post": [-91.76877, 1.19388, 59.56954],
							"lerp_mode": "catmullrom"
						},
						"0.125": {
							"post": [45.33625, 10.76183, 40.74348],
							"lerp_mode": "catmullrom"
						},
						"0.25": {
							"post": [35.33625, 10.76183, 40.74348],
							"lerp_mode": "catmullrom"
						},
						"0.2917": {
							"post": [20.6353, 28.68201, 31.90891],
							"lerp_mode": "catmullrom"
						},
						"0.375": {
							"post": [-155.21729, 71.24217, 10.92717],
							"lerp_mode": "catmullrom"
						},
						"1.0": {
							"post": [-155.22, 71.24, 10.93],
							"lerp_mode": "catmullrom"
						},
						"1.4167": {
							"post": [-155.22, 71.24, 10.93],
							"lerp_mode": "catmullrom"
						},
						"3.0": {
							"post": [-155.22, 71.24, 10.93],
							"lerp_mode": "catmullrom"
						}
					},
					"position": {
						"0.0": {
							"post": [0, 0, 0],
							"lerp_mode": "catmullrom"
						},
						"0.0417": {
							"post": [0, 0, 2],
							"lerp_mode": "catmullrom"
						},
						"0.125": {
							"post": [0, 0, 0],
							"lerp_mode": "catmullrom"
						},
						"0.25": {
							"post": [0, 0, 0],
							"lerp_mode": "catmullrom"
						},
						"0.2917": {
							"post": [0, -1, -1],
							"lerp_mode": "catmullrom"
						},
						"0.375": {
							"post": [0, 0, 0],
							"lerp_mode": "catmullrom"
						},
						"1.0": {
							"post": [0, 0, 0],
							"lerp_mode": "catmullrom"
						},
						"1.4167": {
							"post": [0, 0, 0],
							"lerp_mode": "catmullrom"
						},
						"3.0": {
							"post": [0, 0, 0],
							"lerp_mode": "catmullrom"
						}
					}
				},
				"leftLeg": {
					"rotation": {
						"0.0": {
							"post": [0, 0, 0],
							"lerp_mode": "catmullrom"
						},
						"0.125": {
							"post": [0, -20, -17.5],
							"lerp_mode": "catmullrom"
						},
						"0.25": {
							"post": [1.81693, -19.92066, -22.8191],
							"lerp_mode": "catmullrom"
						},
						"0.375": {
							"post": [0.51047, 2.54839, -10.94099],
							"lerp_mode": "catmullrom"
						},
						"1.0": {
							"post": [0.51, 2.55, -10.94],
							"lerp_mode": "catmullrom"
						},
						"1.4167": {
							"post": [0.51, 2.55, -10.94],
							"lerp_mode": "catmullrom"
						},
						"3.0": {
							"post": [0.51, 2.55, -10.94],
							"lerp_mode": "catmullrom"
						}
					}
				},
				"rightLeg": {
					"rotation": {
						"0.0": {
							"post": [0, 0, 0],
							"lerp_mode": "catmullrom"
						},
						"0.125": {
							"post": [5.17544, 14.94159, 1.3378],
							"lerp_mode": "catmullrom"
						},
						"0.25": {
							"post": [10.17544, 14.94159, 1.3378],
							"lerp_mode": "catmullrom"
						},
						"0.375": {
							"post": [5.27965, 14.246, 11.64713],
							"lerp_mode": "catmullrom"
						},
						"1.0": {
							"post": [5.28, 14.25, 11.65],
							"lerp_mode": "catmullrom"
						},
						"1.4167": {
							"post": [5.28, 14.25, 11.65],
							"lerp_mode": "catmullrom"
						},
						"3.0": {
							"post": [5.28, 14.25, 11.65],
							"lerp_mode": "catmullrom"
						}
					}
				}
			},
			"particle_effects": {
				"0.0417":[
				    {
					"effect": "red1",
					"locator": "p"
				},
	
				    {
					"effect": "yow",
					"locator": "p"
				    }
				],
				"0.375": [
					{
						"effect": "red1_2",
						"locator": "p"
					},
					{
						"effect": "red1_3",
						"locator": "p"
					}
				],
				"1.0": [
					{
						"effect": "red2",
						"locator": "p"
					},
					{
						"effect": "red2_2",
						"locator": "p"
					},
					{
						"effect": "red2_3",
						"locator": "p"
					},
					{
						"effect": "red2_4",
						"locator": "p"
					}
				]
			}
		}
	}
}