{
	"format_version": "1.8.0",
	"animations": {
		"animation.ssj1.transform": {
			"animation_length": 4.4583,
			"bones": {
				"root": {
					"position": {
						"0.0": [0, 0, 0],
						"0.9167": [0, 0, 0],
						"1.25": [0, 0, -2],
						"1.625": [0, 0, 0],
						"2.625": [0, 0, 0]
					}
				},
				"waist": {
					"rotation": {
						"0.0": {
							"post": [0, 0, 0],
							"lerp_mode": "catmullrom"
						},
						"0.125": {
							"post": [-2.5, 0, 0],
							"lerp_mode": "catmullrom"
						},
						"0.2917": {
							"post": [-0.21865, 4.99523, -2.50954],
							"lerp_mode": "catmullrom"
						},
						"0.6667": {
							"post": [0, -5, 0],
							"lerp_mode": "catmullrom"
						},
						"1.0": {
							"post": [-0.10912, 2.49762, -2.50238],
							"lerp_mode": "catmullrom"
						},
						"1.125": {
							"post": [-5.25578, 3.06985, -2.62727],
							"lerp_mode": "catmullrom"
						},
						"1.25": {
							"post": [-7.60932, 0.80583, 0.08928],
							"lerp_mode": "catmullrom"
						},
						"1.375": {
							"post": [-10.11, 0.81, 0.09],
							"lerp_mode": "catmullrom"
						},
						"1.4583": {
							"post": [42.39, 0.81, 0.09],
							"lerp_mode": "catmullrom"
						},
						"1.6667": {
							"post": [44.89, 0.81, 0.09],
							"lerp_mode": "catmullrom"
						},
						"2.0": {
							"post": [47.39, 0.81, 0.09],
							"lerp_mode": "catmullrom"
						},
						"2.2917": {
							"post": [44.89, 0.81, 0.09],
							"lerp_mode": "catmullrom"
						},
						"2.625": {
							"post": [42.39, 0.81, 0.09],
							"lerp_mode": "catmullrom"
						},
						"2.9583": {
							"post": [54.89, 0.81, 0.09],
							"lerp_mode": "catmullrom"
						},
						"3.0417": {
							"post": [-5.11, 0.81, 0.09],
							"lerp_mode": "catmullrom"
						},
						"3.2083": {
							"post": [-10.11, 0.81, 0.09],
							"lerp_mode": "catmullrom"
						},
						"3.375": {
							"post": [4.89, 0.81, 0.09],
							"lerp_mode": "catmullrom"
						},
						"3.5": {
							"post": [7.39, 0.81, 0.09],
							"lerp_mode": "catmullrom"
						},
						"3.625": {
							"post": [7.19788, 3.92696, -4.55465],
							"lerp_mode": "catmullrom"
						},
						"3.75": {
							"post": [7.26862, 8.88722, -3.92135],
							"lerp_mode": "catmullrom"
						},
						"3.875": {
							"post": [7.23904, 1.13276, -2.38704],
							"lerp_mode": "catmullrom"
						},
						"4.0": {
							"post": [7.35009, -4.77831, 4.41401],
							"lerp_mode": "catmullrom"
						},
						"4.2083": {
							"post": [7.28124, 0.81677, 0.09327],
							"lerp_mode": "catmullrom"
						},
						"4.2917": {
							"post": [-0.21876, 0.81677, 0.09327],
							"lerp_mode": "catmullrom"
						},
						"4.4583": {
							"post": [0, 0, 0],
							"lerp_mode": "catmullrom"
						}
					},
					"position": {
						"0.0": {
							"post": [0, 0, 0],
							"lerp_mode": "catmullrom"
						},
						"1.375": {
							"post": [0, 0, 0],
							"lerp_mode": "catmullrom"
						},
						"1.4583": {
							"post": [0, -1, 4],
							"lerp_mode": "catmullrom"
						},
						"2.9583": {
							"post": [0, -1, 4],
							"lerp_mode": "catmullrom"
						},
						"3.0417": {
							"post": [0, 0, 1],
							"lerp_mode": "catmullrom"
						},
						"4.4583": {
							"post": [0, 0, 0],
							"lerp_mode": "catmullrom"
						}
					}
				},
				"rightarm": {
					"rotation": {
						"0.0": {
							"post": [0, 0, 0],
							"lerp_mode": "catmullrom"
						},
						"0.125": {
							"post": [7.5, 0, 12.5],
							"lerp_mode": "catmullrom"
						},
						"0.2917": {
							"post": [7.49294, 0.32621, 10.02136],
							"lerp_mode": "catmullrom"
						},
						"0.6667": {
							"post": [7.48253, 3.13057, 7.86804],
							"lerp_mode": "catmullrom"
						},
						"0.7917": {
							"post": [-5.01747, 3.13057, 7.86804],
							"lerp_mode": "catmullrom"
						},
						"1.0": {
							"post": [-24.69046, 12.65257, 16.78363],
							"lerp_mode": "catmullrom"
						},
						"1.125": {
							"post": [-57.98668, 4.204, 11.37002],
							"lerp_mode": "catmullrom"
						},
						"1.25": {
							"post": [-156.81984, 10.22679, 40.08288],
							"lerp_mode": "catmullrom"
						},
						"1.375": {
							"post": [-159.31984, 10.22679, 40.08288],
							"lerp_mode": "catmullrom"
						},
						"1.4583": {
							"post": [-131.62369, -22.40143, -18.28091],
							"lerp_mode": "catmullrom"
						},
						"1.6667": {
							"post": [-127.38174, -16.71581, -23.47475],
							"lerp_mode": "catmullrom"
						},
						"2.0": {
							"post": [-126.95655, -14.72354, -25.04378],
							"lerp_mode": "catmullrom"
						},
						"2.2917": {
							"post": [-116.48791, -11.5707, -27.17566],
							"lerp_mode": "catmullrom"
						},
						"2.625": {
							"post": [-137.46795, -16.42191, -23.13924],
							"lerp_mode": "catmullrom"
						},
						"2.7917": {
							"post": [-129.52575, -14.49958, -24.79768],
							"lerp_mode": "catmullrom"
						},
						"2.9583": {
							"post": [-148.78819, 10.96646, 70.65638],
							"lerp_mode": "catmullrom"
						},
						"3.0417": {
							"post": [-11.69212, -3.5892, 14.05178],
							"lerp_mode": "catmullrom"
						},
						"3.2083": {
							"post": [-6.81178, 11.30794, 12.28917],
							"lerp_mode": "catmullrom"
						},
						"3.375": {
							"post": [-17.23426, 10.17192, 10.02244],
							"lerp_mode": "catmullrom"
						},
						"3.6667": {
							"post": [-2.68007, 10.06472, 7.48527],
							"lerp_mode": "catmullrom"
						},
						"3.9167": {
							"post": [-8.51505, 4.80214, 2.72741],
							"lerp_mode": "catmullrom"
						},
						"4.0417": {
							"post": [-2.65173, -5.27642, 2.65197],
							"lerp_mode": "catmullrom"
						},
						"4.2917": {
							"post": [-2.87972, -5.15577, 5.15945],
							"lerp_mode": "catmullrom"
						},
						"4.4583": {
							"post": [0, 0, 0],
							"lerp_mode": "catmullrom"
						}
					},
					"position": {
						"0.0": {
							"post": [0, 0, 0],
							"lerp_mode": "catmullrom"
						},
						"0.7917": {
							"post": [0, 0, 1],
							"lerp_mode": "catmullrom"
						},
						"1.0": {
							"post": [0, -1, 1],
							"lerp_mode": "catmullrom"
						},
						"1.125": {
							"post": [0, 0, -1],
							"lerp_mode": "catmullrom"
						},
						"1.25": {
							"post": [2, 0, -4],
							"lerp_mode": "catmullrom"
						},
						"1.375": {
							"post": [2, 0, -4],
							"lerp_mode": "catmullrom"
						},
						"1.4583": {
							"post": [-1, -5, 0],
							"lerp_mode": "catmullrom"
						},
						"2.9583": {
							"post": [-1, -2, -1],
							"lerp_mode": "catmullrom"
						},
						"3.0417": {
							"post": [-1, -2, 2],
							"lerp_mode": "catmullrom"
						},
						"3.5": {
							"post": [-1, -1, 0],
							"lerp_mode": "catmullrom"
						},
						"3.6667": {
							"post": [-1, 0, 1],
							"lerp_mode": "catmullrom"
						},
						"4.0417": {
							"post": [-1, 0, 0],
							"lerp_mode": "catmullrom"
						},
						"4.2917": {
							"post": [0, 0, 0],
							"lerp_mode": "catmullrom"
						},
						"4.4583": {
							"post": [0, 0, 0],
							"lerp_mode": "catmullrom"
						}
					}
				},
				"leftarm": {
					"rotation": {
						"0.0": {
							"post": [0, 0, 0],
							"lerp_mode": "catmullrom"
						},
						"0.125": {
							"post": [2.46207, 0.43399, -9.99067],
							"lerp_mode": "catmullrom"
						},
						"0.2917": {
							"post": [2.47864, 0.32621, -7.49294],
							"lerp_mode": "catmullrom"
						},
						"0.6667": {
							"post": [2.48933, 5.32152, -7.27605],
							"lerp_mode": "catmullrom"
						},
						"0.8333": {
							"post": [-25.01067, 5.32152, -7.27605],
							"lerp_mode": "catmullrom"
						},
						"1.0": {
							"post": [-25.35875, -3.58626, -8.60359],
							"lerp_mode": "catmullrom"
						},
						"1.125": {
							"post": [-60.35875, -3.58626, -8.60359],
							"lerp_mode": "catmullrom"
						},
						"1.25": {
							"post": [-142.87945, -2.68338, -54.08124],
							"lerp_mode": "catmullrom"
						},
						"1.375": {
							"post": [-150.67746, -5.14453, -49.71839],
							"lerp_mode": "catmullrom"
						},
						"1.4583": {
							"post": [-133.66818, 25.39843, 23.52528],
							"lerp_mode": "catmullrom"
						},
						"1.6667": {
							"post": [-125.50458, 23.37156, 25.13225],
							"lerp_mode": "catmullrom"
						},
						"2.0": {
							"post": [-124.91186, 21.32877, 26.69062],
							"lerp_mode": "catmullrom"
						},
						"2.2917": {
							"post": [-121.40981, 18.28599, 29.16826],
							"lerp_mode": "catmullrom"
						},
						"2.625": {
							"post": [-130.50458, 23.37156, 25.13225],
							"lerp_mode": "catmullrom"
						},
						"2.7917": {
							"post": [-126.21599, 17.58951, 30.23465],
							"lerp_mode": "catmullrom"
						},
						"2.9583": {
							"post": [-137.76571, 56.05144, -59.83137],
							"lerp_mode": "catmullrom"
						},
						"3.0417": {
							"post": [-7.31101, -3.24023, -12.6122],
							"lerp_mode": "catmullrom"
						},
						"3.2083": {
							"post": [2.75793, -13.22899, -13.0917],
							"lerp_mode": "catmullrom"
						},
						"3.375": {
							"post": [-10.85881, -12.33435, -8.04725],
							"lerp_mode": "catmullrom"
						},
						"3.75": {
							"post": [-22.49236, 10.73998, -4.94508],
							"lerp_mode": "catmullrom"
						},
						"3.9167": {
							"post": [2.06091, -2.47826, -4.67283],
							"lerp_mode": "catmullrom"
						},
						"4.0417": {
							"post": [5.72071, -1.31724, -5.77454],
							"lerp_mode": "catmullrom"
						},
						"4.1667": {
							"post": [-9.44939, -0.73674, -6.32539],
							"lerp_mode": "catmullrom"
						},
						"4.2917": {
							"post": [-0.95455, 0.13402, -7.15167],
							"lerp_mode": "catmullrom"
						},
						"4.4583": {
							"post": [0, 0, 0],
							"lerp_mode": "catmullrom"
						}
					},
					"position": {
						"0.0": {
							"post": [0, 0, 0],
							"lerp_mode": "catmullrom"
						},
						"0.6667": {
							"post": [0, 0, 0],
							"lerp_mode": "catmullrom"
						},
						"0.8333": {
							"post": [0, -1, 0],
							"lerp_mode": "catmullrom"
						},
						"1.125": {
							"post": [0, 0, -2],
							"lerp_mode": "catmullrom"
						},
						"1.25": {
							"post": [-1, 0, -4],
							"lerp_mode": "catmullrom"
						},
						"1.375": {
							"post": [-1, 0, -4],
							"lerp_mode": "catmullrom"
						},
						"1.4583": {
							"post": [1, -5, 0],
							"lerp_mode": "catmullrom"
						},
						"2.9583": {
							"post": [1, -2, 0],
							"lerp_mode": "catmullrom"
						},
						"3.0417": {
							"post": [1, -2, 2],
							"lerp_mode": "catmullrom"
						},
						"3.5": {
							"post": [1, -1, 0],
							"lerp_mode": "catmullrom"
						},
						"4.2917": {
							"post": [0, 0, 0],
							"lerp_mode": "catmullrom"
						},
						"4.4583": {
							"post": [0, 0, 0],
							"lerp_mode": "catmullrom"
						}
					}
				},
				"head": {
					"rotation": {
						"0.0": {
							"post": [0, 0, 0],
							"lerp_mode": "catmullrom"
						},
						"0.125": {
							"post": [5, 0, 0],
							"lerp_mode": "catmullrom"
						},
						"0.2917": {
							"post": [5.00083, -2.70832, 2.27264],
							"lerp_mode": "catmullrom"
						},
						"0.6667": {
							"post": [4.89561, 2.48832, 0.21545],
							"lerp_mode": "catmullrom"
						},
						"1.0": {
							"post": [10.00204, -2.65144, 1.84025],
							"lerp_mode": "catmullrom"
						},
						"1.125": {
							"post": [5.11258, -2.43103, -0.65246],
							"lerp_mode": "catmullrom"
						},
						"1.375": {
							"post": [-2.38742, -2.43103, -0.65246],
							"lerp_mode": "catmullrom"
						},
						"1.6667": {
							"post": [5.11258, -2.43103, -0.65246],
							"lerp_mode": "catmullrom"
						},
						"2.2917": {
							"post": [-4.88742, -2.43103, -0.65246],
							"lerp_mode": "catmullrom"
						},
						"2.625": {
							"post": [-4.89, -2.43, -0.65],
							"lerp_mode": "catmullrom"
						},
						"2.7917": {
							"post": [-19.89, -2.43, -0.65],
							"lerp_mode": "catmullrom"
						},
						"2.9583": {
							"post": [20.11, -2.43, -0.65],
							"lerp_mode": "catmullrom"
						},
						"3.0417": {
							"post": [-27.39, -2.43, -0.65],
							"lerp_mode": "catmullrom"
						},
						"3.2083": {
							"post": [-34.89, -2.43, -0.65],
							"lerp_mode": "catmullrom"
						},
						"3.375": {
							"post": [-9.89, -2.43, -0.65],
							"lerp_mode": "catmullrom"
						},
						"3.5": {
							"post": [17.61, -2.43, -0.65],
							"lerp_mode": "catmullrom"
						},
						"4.2917": {
							"post": [2.61, -2.43, -0.65],
							"lerp_mode": "catmullrom"
						},
						"4.4583": {
							"post": [0, 0, 0],
							"lerp_mode": "catmullrom"
						}
					},
					"position": {
						"0.0": {
							"post": [0, 0, 0],
							"lerp_mode": "catmullrom"
						},
						"4.4583": {
							"post": [0, 0, 0],
							"lerp_mode": "catmullrom"
						}
					}
				},
				"leftleg": {
					"rotation": {
						"0.0": {
							"post": [0, 0, 0],
							"lerp_mode": "catmullrom"
						},
						"0.2917": {
							"post": [0.32808, 4.99282, -2.47856],
							"lerp_mode": "catmullrom"
						},
						"0.4167": {
							"post": [0.10943, 5.00237, -4.98808],
							"lerp_mode": "catmullrom"
						},
						"0.5417": {
							"post": [0.10912, -2.49762, -5.00238],
							"lerp_mode": "catmullrom"
						},
						"1.125": {
							"post": [5.10912, -2.49762, -5.00238],
							"lerp_mode": "catmullrom"
						},
						"1.25": {
							"post": [7.66701, -7.45331, -5.66926],
							"lerp_mode": "catmullrom"
						},
						"1.375": {
							"post": [5.48758, -7.22116, -8.17901],
							"lerp_mode": "catmullrom"
						},
						"1.4583": {
							"post": [10.45684, -7.86728, -8.27029],
							"lerp_mode": "catmullrom"
						},
						"1.6667": {
							"post": [8.01251, -10.34306, -8.62196],
							"lerp_mode": "catmullrom"
						},
						"2.0": {
							"post": [8.08424, -12.81844, -8.97923],
							"lerp_mode": "catmullrom"
						},
						"2.2917": {
							"post": [7.95684, -7.86728, -8.27029],
							"lerp_mode": "catmullrom"
						},
						"2.625": {
							"post": [7.96, -7.87, -8.27],
							"lerp_mode": "catmullrom"
						},
						"3.5": {
							"post": [7.96, -7.87, -8.27],
							"lerp_mode": "catmullrom"
						},
						"3.625": {
							"post": [8.0157, -10.34575, -8.62182],
							"lerp_mode": "catmullrom"
						},
						"3.75": {
							"post": [7.5767, 2.37015, -9.36086],
							"lerp_mode": "catmullrom"
						},
						"3.9167": {
							"post": [0.11015, -3.40845, -2.14114],
							"lerp_mode": "catmullrom"
						},
						"4.4583": {
							"post": [0, 0, 0],
							"lerp_mode": "catmullrom"
						}
					},
					"position": {
						"0.0": {
							"post": [0, 0, 0],
							"lerp_mode": "catmullrom"
						},
						"0.2917": {
							"post": [0, 0, -1],
							"lerp_mode": "catmullrom"
						},
						"0.4167": {
							"post": [0, 1, -2],
							"lerp_mode": "catmullrom"
						},
						"0.5417": {
							"post": [1, 1, -2],
							"lerp_mode": "catmullrom"
						},
						"0.6667": {
							"post": [1, 0, -2],
							"lerp_mode": "catmullrom"
						},
						"1.375": {
							"post": [1, 0, -2],
							"lerp_mode": "catmullrom"
						},
						"1.4583": {
							"post": [1, 0, -2],
							"lerp_mode": "catmullrom"
						},
						"3.5": {
							"post": [1, 0, -2],
							"lerp_mode": "catmullrom"
						},
						"3.625": {
							"post": [1, 1, -2],
							"lerp_mode": "catmullrom"
						},
						"3.75": {
							"post": [0, 1, -1],
							"lerp_mode": "catmullrom"
						},
						"3.9167": {
							"post": [0, 0, 1],
							"lerp_mode": "catmullrom"
						},
						"4.4583": {
							"post": [0, 0, 0],
							"lerp_mode": "catmullrom"
						}
					}
				},
				"rightleg": {
					"rotation": {
						"0.0": {
							"post": [0, 0, 0],
							"lerp_mode": "catmullrom"
						},
						"0.2917": {
							"post": [-0.33095, 12.49282, 2.47812],
							"lerp_mode": "catmullrom"
						},
						"0.625": {
							"post": [-0.33, 12.49, 2.48],
							"lerp_mode": "catmullrom"
						},
						"0.875": {
							"post": [0.23264, 19.99226, 5.07172],
							"lerp_mode": "catmullrom"
						},
						"1.0": {
							"post": [1.271, 22.45934, 7.78801],
							"lerp_mode": "catmullrom"
						},
						"1.125": {
							"post": [8.771, 22.45934, 7.78801],
							"lerp_mode": "catmullrom"
						},
						"1.25": {
							"post": [11.271, 22.45934, 7.78801],
							"lerp_mode": "catmullrom"
						},
						"1.375": {
							"post": [8.771, 22.45934, 7.78801],
							"lerp_mode": "catmullrom"
						},
						"1.4583": {
							"post": [10.54735, 12.29678, 8.62497],
							"lerp_mode": "catmullrom"
						},
						"1.6667": {
							"post": [8.35474, 19.72032, 9.73721],
							"lerp_mode": "catmullrom"
						},
						"2.0": {
							"post": [8.35, 19.72, 9.74],
							"lerp_mode": "catmullrom"
						},
						"2.2917": {
							"post": [8.04279, 12.29637, 8.62839],
							"lerp_mode": "catmullrom"
						},
						"2.625": {
							"post": [8.04, 12.3, 8.63],
							"lerp_mode": "catmullrom"
						},
						"3.0417": {
							"post": [9.08508, 11.55506, 13.68341],
							"lerp_mode": "catmullrom"
						},
						"3.5": {
							"post": [9.09, 11.56, 13.68],
							"lerp_mode": "catmullrom"
						},
						"3.75": {
							"post": [7.49639, 12.64341, 6.08962],
							"lerp_mode": "catmullrom"
						},
						"3.875": {
							"post": [9.09, 11.56, 13.68],
							"lerp_mode": "catmullrom"
						},
						"4.125": {
							"post": [7.88902, -5.02835, 6.20544],
							"lerp_mode": "catmullrom"
						},
						"4.25": {
							"post": [-0.47863, -0.03238, 1.31536],
							"lerp_mode": "catmullrom"
						},
						"4.4583": {
							"post": [0, 0, 0],
							"lerp_mode": "catmullrom"
						}
					},
					"position": {
						"0.0": {
							"post": [0, 0, 0],
							"lerp_mode": "catmullrom"
						},
						"0.625": {
							"post": [0, 0, 0],
							"lerp_mode": "catmullrom"
						},
						"0.75": {
							"post": [0, 1, -1],
							"lerp_mode": "catmullrom"
						},
						"0.875": {
							"post": [-1, 1, -2],
							"lerp_mode": "catmullrom"
						},
						"1.0": {
							"post": [-1, 0, -2],
							"lerp_mode": "catmullrom"
						},
						"1.375": {
							"post": [-1, 0, -2],
							"lerp_mode": "catmullrom"
						},
						"1.4583": {
							"post": [-2, 0, -2],
							"lerp_mode": "catmullrom"
						},
						"3.0417": {
							"post": [-1, 0, -2],
							"lerp_mode": "catmullrom"
						},
						"3.5": {
							"post": [-1, 0, -2],
							"lerp_mode": "catmullrom"
						},
						"3.875": {
							"post": [-1, 0, -2],
							"lerp_mode": "catmullrom"
						},
						"4.0": {
							"post": [-1, 1, -2],
							"lerp_mode": "catmullrom"
						},
						"4.125": {
							"post": [0, 1, -1],
							"lerp_mode": "catmullrom"
						},
						"4.25": {
							"post": [0, 0, 0],
							"lerp_mode": "catmullrom"
						},
						"4.4583": {
							"post": [0, 0, 0],
							"lerp_mode": "catmullrom"
						}
					}
				},
				"locator": {
					"position": {
						"0.0": [0, 0, 0],
						"1.375": [0, 6, 0]
					}
				},
				"locator2": {
					"rotation": [0, 0, 180]
				},
				"aura": {
					"position": {
						"0.0": [0, 0, 0],
						"2.75": [0, 21, 0]
					}
				}
			},
			"sound_effects": {
				"0.0": {
					"effect": "ssj_transform"
				}
			},
			"particle_effects": {
				"1.3333": [
					{
						"effect": "dirtfly",
						"locator": "p2"
					},
					{
						"effect": "stonefly",
						"locator": "p2"
					},
					{
						"effect": "ssjtrace",
						"locator": "p2"
					}
				],
				"1.375": {
					"effect": "pms4",
					"locator": "p"
				},
				"2.8333": [
					{
						"effect": "dirtexp",
						"locator": "p2"
					},
					{
						"effect": "ssjexp",
						"locator": "aura"
					}
				],
				"2.9583": {
					"effect": "pms5",
					"locator": "p"
				},
				"3.0": {
					"effect": "pms4",
					"locator": "p"
				}
			}
		}
	}
}