{
	"format_version": "1.8.0",
	"animations": {
		"animation.supernova": {
			"animation_length": 3.75,
			"bones": {
				"root": {
					"rotation": {
						"0.0": {
							"post": [0, 0, 0],
							"lerp_mode": "catmullrom"
						},
						"0.5": {
							"post": [0, 0, 10],
							"lerp_mode": "catmullrom"
						},
						"3.0": {
							"post": [-5, 0, 10],
							"lerp_mode": "catmullrom"
						},
						"3.2917": {
							"post": [-17.44178, 39.65789, -10.7774],
							"lerp_mode": "catmullrom"
						},
						"3.4167": {
							"post": [-17.44, 39.66, -10.78],
							"lerp_mode": "catmullrom"
						},
						"3.5": {
							"post": [44.78015, -9.95024, 4.31693],
							"lerp_mode": "catmullrom"
						},
						"3.75": {
							"post": [44.78, -9.95, 4.32],
							"lerp_mode": "catmullrom"
						}
					}
				},
				"rightarm": {
					"rotation": {
						"0.0": {
							"post": [0, 0, 0],
							"lerp_mode": "catmullrom"
						},
						"0.5": {
							"post": [-177.52136, 0.32621, -7.49294],
							"lerp_mode": "catmullrom"
						},
						"3.0": {
							"post": [-185.02136, 0.32621, -7.49294],
							"lerp_mode": "catmullrom"
						},
						"3.2917": {
							"post": [-212.53973, -13.73131, -28.36491],
							"lerp_mode": "catmullrom"
						},
						"3.4167": {
							"post": [-212.54, -13.73, -28.36],
							"lerp_mode": "catmullrom"
						},
						"3.5": {
							"post": [-82.54, -13.73, -28.36],
							"lerp_mode": "catmullrom"
						},
						"3.75": {
							"post": [-82.54, -13.73, -28.36],
							"lerp_mode": "catmullrom"
						}
					}
				},
				"leftarm": {
					"rotation": {
						"0.0": {
							"post": [0, 0, 0],
							"lerp_mode": "catmullrom"
						},
						"0.5": {
							"post": [0, 0, -5],
							"lerp_mode": "catmullrom"
						},
						"3.0": {
							"post": [0, 0, -15],
							"lerp_mode": "catmullrom"
						},
						"3.2917": {
							"post": [17.5, 0, -30],
							"lerp_mode": "catmullrom"
						},
						"3.4167": {
							"post": [17.5, 0, -30],
							"lerp_mode": "catmullrom"
						},
						"3.5": {
							"post": [44.56838, -26.12797, -38.89674],
							"lerp_mode": "catmullrom"
						},
						"3.75": {
							"post": [44.57, -26.13, -38.9],
							"lerp_mode": "catmullrom"
						}
					}
				},
				"head": {
					"rotation": {
						"0.0": {
							"post": [0, 0, 0],
							"lerp_mode": "catmullrom"
						},
						"0.5": {
							"post": [0, 0, -10],
							"lerp_mode": "catmullrom"
						},
						"3.0": {
							"post": [-15, 0, -10],
							"lerp_mode": "catmullrom"
						},
						"3.2917": {
							"post": [23.19143, -26.48829, -2.3266],
							"lerp_mode": "catmullrom"
						},
						"3.4167": {
							"post": [23.19, -26.49, -2.33],
							"lerp_mode": "catmullrom"
						},
						"3.5": {
							"post": [59.2092, -33.47247, -14.32],
							"lerp_mode": "catmullrom"
						},
						"3.75": {
							"post": [59.21, -33.47, -14.32],
							"lerp_mode": "catmullrom"
						}
					}
				},
				"rightleg": {
					"rotation": {
						"0.0": {
							"post": [0, 0, 0],
							"lerp_mode": "catmullrom"
						},
						"0.5": {
							"post": [10, 22.5, 0],
							"lerp_mode": "catmullrom"
						},
						"3.0": {
							"post": [10.41265, 27.42101, 0.97694],
							"lerp_mode": "catmullrom"
						},
						"3.2917": {
							"post": [19.44798, 22.20255, 22.2816],
							"lerp_mode": "catmullrom"
						},
						"3.4167": {
							"post": [19.45, 22.2, 22.28],
							"lerp_mode": "catmullrom"
						},
						"3.5": {
							"post": [36.95, 22.2, 22.28],
							"lerp_mode": "catmullrom"
						},
						"3.75": {
							"post": [36.95, 22.2, 22.28],
							"lerp_mode": "catmullrom"
						}
					}
				},
				"leftleg": {
					"rotation": {
						"0.0": {
							"post": [0, 0, 0],
							"lerp_mode": "catmullrom"
						},
						"0.5": {
							"post": [0, 0, -20],
							"lerp_mode": "catmullrom"
						},
						"3.0": {
							"post": [0, 0, -25],
							"lerp_mode": "catmullrom"
						},
						"3.2917": {
							"post": [-37.5, 0, -57.5],
							"lerp_mode": "catmullrom"
						},
						"3.4167": {
							"post": [-37.5, 0, -57.5],
							"lerp_mode": "catmullrom"
						},
						"3.5": {
							"post": [-80.39029, 39.48422, -76.30785],
							"lerp_mode": "catmullrom"
						},
						"3.75": {
							"post": [-80.39, 39.48, -76.31],
							"lerp_mode": "catmullrom"
						}
					}
				},
				"locator2": {
					"position": {
						"0.0": {
							"post": [0, 0, 0],
							"lerp_mode": "catmullrom"
						},
						"0.5": {
							"post": [0, 91, 0],
							"lerp_mode": "catmullrom"
						},
						"3.75": {
							"post": [0, 91, 0],
							"lerp_mode": "catmullrom"
						}
					}
				}
			},
			"particle_effects": {
				"0.0": {
					"effect": "charging",
					"locator": "p2"
				},
				"0.5": [
					{
						"effect": "supernova",
						"locator": "p2"
					},
					{
						"effect": "supernova1_1",
						"locator": "p2"
					},
					{
						"effect": "orangeball",
						"locator": "p2"
					},
					{
						"effect": "sglint",
						"locator": "p2"
					},
					{
						"effect": "sglint2",
						"locator": "p2"
					}
				]
			}
		}
	}
}