{
	"format_version": "1.8.0",
	"animations": {
		"animation.ssj.transform": {
			"animation_length": 4.4583,
			"bones": {
				"root": {
					"position": {
						"0.0": [0, 0, 0],
						"0.9167": [0, 0, 0],
						"1.25": [0, 0, -2],
						"1.625": [0, 0, 0],
						"2.625": [0, 0, 0]
					}
				},
				"waist": {
					"rotation": {
						"0.0": {
							"post": [0, 0, 0],
							"lerp_mode": "catmullrom"
						},
						"0.125": {
							"post": [-2.5, 0, 0],
							"lerp_mode": "catmullrom"
						},
						"0.2917": {
							"post": [-0.21865, 4.99523, -2.50954],
							"lerp_mode": "catmullrom"
						},
						"0.6667": {
							"post": [0, -5, 0],
							"lerp_mode": "catmullrom"
						},
						"1.0": {
							"post": [-0.10912, 2.49762, -2.50238],
							"lerp_mode": "catmullrom"
						},
						"1.125": {
							"post": [-5.25578, 3.06985, -2.62727],
							"lerp_mode": "catmullrom"
						},
						"1.25": {
							"post": [-7.60932, 0.80583, 0.08928],
							"lerp_mode": "catmullrom"
						},
						"1.375": {
							"post": [-10.11, 0.81, 0.09],
							"lerp_mode": "catmullrom"
						},
						"1.4583": {
							"post": [42.39, 0.81, 0.09],
							"lerp_mode": "catmullrom"
						},
						"1.6667": {
							"post": [44.89, 0.81, 0.09],
							"lerp_mode": "catmullrom"
						},
						"2.0": {
							"post": [47.39, 0.81, 0.09],
							"lerp_mode": "catmullrom"
						},
						"2.2917": {
							"post": [44.89, 0.81, 0.09],
							"lerp_mode": "catmullrom"
						},
						"2.625": {
							"post": [42.39, 0.81, 0.09],
							"lerp_mode": "catmullrom"
						},
						"2.9583": {
							"post": [54.89, 0.81, 0.09],
							"lerp_mode": "catmullrom"
						},
						"3.0417": {
							"post": [-5.11, 0.81, 0.09],
							"lerp_mode": "catmullrom"
						},
						"3.2083": {
							"post": [-10.11, 0.81, 0.09],
							"lerp_mode": "catmullrom"
						},
						"3.375": {
							"post": [4.89, 0.81, 0.09],
							"lerp_mode": "catmullrom"
						},
						"3.5": {
							"post": [7.39, 0.81, 0.09],
							"lerp_mode": "catmullrom"
						},
						"3.625": {
							"post": [7.19788, 3.92696, -4.55465],
							"lerp_mode": "catmullrom"
						},
						"3.75": {
							"post": [7.26862, 8.88722, -3.92135],
							"lerp_mode": "catmullrom"
						},
						"3.875": {
							"post": [7.23904, 1.13276, -2.38704],
							"lerp_mode": "catmullrom"
						},
						"4.0": {
							"post": [7.35009, -4.77831, 4.41401],
							"lerp_mode": "catmullrom"
						},
						"4.2083": {
							"post": [7.28124, 0.81677, 0.09327],
							"lerp_mode": "catmullrom"
						},
						"4.2917": {
							"post": [-0.21876, 0.81677, 0.09327],
							"lerp_mode": "catmullrom"
						},
						"4.4583": {
							"post": [0, 0, 0],
							"lerp_mode": "catmullrom"
						}
					},
					"position": {
						"0.0": {
							"post": [0, 0, 0],
							"lerp_mode": "catmullrom"
						},
						"1.375": {
							"post": [0, 0, 0],
							"lerp_mode": "catmullrom"
						},
						"1.4583": {
							"post": [0, -1, 4],
							"lerp_mode": "catmullrom"
						},
						"2.9583": {
							"post": [0, -1, 4],
							"lerp_mode": "catmullrom"
						},
						"3.0417": {
							"post": [0, 0, 1],
							"lerp_mode": "catmullrom"
						},
						"4.4583": {
							"post": [0, 0, 0],
							"lerp_mode": "catmullrom"
						}
					}
				},
				"rightarm": {
					"rotation": {
						"0.0": {
							"post": [0, 0, 0],
							"lerp_mode": "catmullrom"
						},
						"0.125": {
							"post": [7.5, 0, 12.5],
							"lerp_mode": "catmullrom"
						},
						"0.2917": {
							"post": [7.49294, 0.32621, 10.02136],
							"lerp_mode": "catmullrom"
						},
						"0.6667": {
							"post": [7.48253, 3.13057, 7.86804],
							"lerp_mode": "catmullrom"
						},
						"0.7917": {
							"post": [-5.01747, 3.13057, 7.86804],
							"lerp_mode": "catmullrom"
						},
						"1.0": {
							"post": [-24.69046, 12.65257, 16.78363],
							"lerp_mode": "catmullrom"
						},
						"1.125": {
							"post": [-57.98668, 4.204, 11.37002],
							"lerp_mode": "catmullrom"
						},
						"1.25": {
							"post": [-156.81984, 10.22679, 40.08288],
							"lerp_mode": "catmullrom"
						},
						"1.375": {
							"post": [-159.31984, 10.22679, 40.08288],
							"lerp_mode": "catmullrom"
						},
						"1.4583": {
							"post": [-131.62369, -22.40143, -18.28091],
							"lerp_mode": "catmullrom"
						},
						"1.6667": {
							"post": [-127.38174, -16.71581, -23.47475],
							"lerp_mode": "catmullrom"
						},
						"2.0": {
							"post": [-126.95655, -14.72354, -25.04378],
							"lerp_mode": "catmullrom"
						},
						"2.2917": {
							"post": [-116.48791, -11.5707, -27.17566],
							"lerp_mode": "catmullrom"
						},
						"2.625": {
							"post": [-137.46795, -16.42191, -23.13924],
							"lerp_mode": "catmullrom"
						},
						"2.7917": {
							"post": [-129.52575, -14.49958, -24.79768],
							"lerp_mode": "catmullrom"
						},
						"2.9583": {
							"post": [-148.78819, 10.96646, 70.65638],
							"lerp_mode": "catmullrom"
						},
						"3.0417": {
							"post": [-11.69212, -3.5892, 14.05178],
							"lerp_mode": "catmullrom"
						},
						"3.2083": {
							"post": [-6.81178, 11.30794, 12.28917],
							"lerp_mode": "catmullrom"
						},
						"3.375": {
							"post": [-17.23426, 10.17192, 10.02244],
							"lerp_mode": "catmullrom"
						},
						"3.6667": {
							"post": [-2.68007, 10.06472, 7.48527],
							"lerp_mode": "catmullrom"
						},
						"3.9167": {
							"post": [-8.51505, 4.80214, 2.72741],
							"lerp_mode": "catmullrom"
						},
						"4.0417": {
							"post": [-2.65173, -5.27642, 2.65197],
							"lerp_mode": "catmullrom"
						},
						"4.2917": {
							"post": [-2.87972, -5.15577, 5.15945],
							"lerp_mode": "catmullrom"
						},
						"4.4583": {
							"post": [0, 0, 0],
							"lerp_mode": "catmullrom"
						}
					},
					"position": {
						"0.0": {
							"post": [0, 0, 0],
							"lerp_mode": "catmullrom"
						},
						"0.7917": {
							"post": [0, 0, 1],
							"lerp_mode": "catmullrom"
						},
						"1.0": {
							"post": [0, -1, 1],
							"lerp_mode": "catmullrom"
						},
						"1.125": {
							"post": [0, 0, -1],
							"lerp_mode": "catmullrom"
						},
						"1.25": {
							"post": [2, 0, -4],
							"lerp_mode": "catmullrom"
						},
						"1.375": {
							"post": [2, 0, -4],
							"lerp_mode": "catmullrom"
						},
						"1.4583": {
							"post": [-1, -5, 0],
							"lerp_mode": "catmullrom"
						},
						"2.9583": {
							"post": [-1, -2, -1],
							"lerp_mode": "catmullrom"
						},
						"3.0417": {
							"post": [-1, -2, 2],
							"lerp_mode": "catmullrom"
						},
						"3.5": {
							"post": [-1, -1, 0],
							"lerp_mode": "catmullrom"
						},
						"3.6667": {
							"post": [-1, 0, 1],
							"lerp_mode": "catmullrom"
						},
						"4.0417": {
							"post": [-1, 0, 0],
							"lerp_mode": "catmullrom"
						},
						"4.2917": {
							"post": [0, 0, 0],
							"lerp_mode": "catmullrom"
						},
						"4.4583": {
							"post": [0, 0, 0],
							"lerp_mode": "catmullrom"
						}
					}
				},
				"leftarm": {
					"rotation": {
						"0.0": {
							"post": [0, 0, 0],
							"lerp_mode": "catmullrom"
						},
						"0.125": {
							"post": [2.46207, 0.43399, -9.99067],
							"lerp_mode": "catmullrom"
						},
						"0.2917": {
							"post": [2.47864, 0.32621, -7.49294],
							"lerp_mode": "catmullrom"
						},
						"0.6667": {
							"post": [2.48933, 5.32152, -7.27605],
							"lerp_mode": "catmullrom"
						},
						"0.8333": {
							"post": [-25.01067, 5.32152, -7.27605],
							"lerp_mode": "catmullrom"
						},
						"1.0": {
							"post": [-25.35875, -3.58626, -8.60359],
							"lerp_mode": "catmullrom"
						},
						"1.125": {
							"post": [-60.35875, -3.58626, -8.60359],
							"lerp_mode": "catmullrom"
						},
						"1.25": {
							"post": [-142.87945, -2.68338, -54.08124],
							"lerp_mode": "catmullrom"
						},
						"1.375": {
							"post": [-150.67746, -5.14453, -49.71839],
							"lerp_mode": "catmullrom"
						},
						"1.4583": {
							"post": [-133.66818, 25.39843, 23.52528],
							"lerp_mode": "catmullrom"
						},
						"1.6667": {
							"post": [-125.50458, 23.37156, 25.13225],
							"lerp_mode": "catmullrom"
						},
						"2.0": {
							"post": [-124.91186, 21.32877, 26.69062],
							"lerp_mode": "catmullrom"
						},
						"2.2917": {
							"post": [-121.40981, 18.28599, 29.16826],
							"lerp_mode": "catmullrom"
						},
						"2.625": {
							"post": [-130.50458, 23.37156, 25.13225],
							"lerp_mode": "catmullrom"
						},
						"2.7917": {
							"post": [-126.21599, 17.58951, 30.23465],
							"lerp_mode": "catmullrom"
						},
						"2.9583": {
							"post": [-137.76571, 56.05144, -59.83137],
							"lerp_mode": "catmullrom"
						},
						"3.0417": {
							"post": [-7.31101, -3.24023, -12.6122],
							"lerp_mode": "catmullrom"
						},
						"3.2083": {
							"post": [2.75793, -13.22899, -13.0917],
							"lerp_mode": "catmullrom"
						},
						"3.375": {
							"post": [-10.85881, -12.33435, -8.04725],
							"lerp_mode": "catmullrom"
						},
						"3.75": {
							"post": [-22.49236, 10.73998, -4.94508],
							"lerp_mode": "catmullrom"
						},
						"3.9167": {
							"post": [2.06091, -2.47826, -4.67283],
							"lerp_mode": "catmullrom"
						},
						"4.0417": {
							"post": [5.72071, -1.31724, -5.77454],
							"lerp_mode": "catmullrom"
						},
						"4.1667": {
							"post": [-9.44939, -0.73674, -6.32539],
							"lerp_mode": "catmullrom"
						},
						"4.2917": {
							"post": [-0.95455, 0.13402, -7.15167],
							"lerp_mode": "catmullrom"
						},
						"4.4583": {
							"post": [0, 0, 0],
							"lerp_mode": "catmullrom"
						}
					},
					"position": {
						"0.0": {
							"post": [0, 0, 0],
							"lerp_mode": "catmullrom"
						},
						"0.6667": {
							"post": [0, 0, 0],
							"lerp_mode": "catmullrom"
						},
						"0.8333": {
							"post": [0, -1, 0],
							"lerp_mode": "catmullrom"
						},
						"1.125": {
							"post": [0, 0, -2],
							"lerp_mode": "catmullrom"
						},
						"1.25": {
							"post": [-1, 0, -4],
							"lerp_mode": "catmullrom"
						},
						"1.375": {
							"post": [-1, 0, -4],
							"lerp_mode": "catmullrom"
						},
						"1.4583": {
							"post": [1, -5, 0],
							"lerp_mode": "catmullrom"
						},
						"2.9583": {
							"post": [1, -2, 0],
							"lerp_mode": "catmullrom"
						},
						"3.0417": {
							"post": [1, -2, 2],
							"lerp_mode": "catmullrom"
						},
						"3.5": {
							"post": [1, -1, 0],
							"lerp_mode": "catmullrom"
						},
						"4.2917": {
							"post": [0, 0, 0],
							"lerp_mode": "catmullrom"
						},
						"4.4583": {
							"post": [0, 0, 0],
							"lerp_mode": "catmullrom"
						}
					}
				},
				"head": {
					"rotation": {
						"0.0": {
							"post": [0, 0, 0],
							"lerp_mode": "catmullrom"
						},
						"0.125": {
							"post": [5, 0, 0],
							"lerp_mode": "catmullrom"
						},
						"0.2917": {
							"post": [5.00083, -2.70832, 2.27264],
							"lerp_mode": "catmullrom"
						},
						"0.6667": {
							"post": [4.89561, 2.48832, 0.21545],
							"lerp_mode": "catmullrom"
						},
						"1.0": {
							"post": [10.00204, -2.65144, 1.84025],
							"lerp_mode": "catmullrom"
						},
						"1.125": {
							"post": [5.11258, -2.43103, -0.65246],
							"lerp_mode": "catmullrom"
						},
						"1.375": {
							"post": [-2.38742, -2.43103, -0.65246],
							"lerp_mode": "catmullrom"
						},
						"1.6667": {
							"post": [5.11258, -2.43103, -0.65246],
							"lerp_mode": "catmullrom"
						},
						"2.2917": {
							"post": [-4.88742, -2.43103, -0.65246],
							"lerp_mode": "catmullrom"
						},
						"2.625": {
							"post": [-4.89, -2.43, -0.65],
							"lerp_mode": "catmullrom"
						},
						"2.7917": {
							"post": [-19.89, -2.43, -0.65],
							"lerp_mode": "catmullrom"
						},
						"2.9583": {
							"post": [20.11, -2.43, -0.65],
							"lerp_mode": "catmullrom"
						},
						"3.0417": {
							"post": [-27.39, -2.43, -0.65],
							"lerp_mode": "catmullrom"
						},
						"3.2083": {
							"post": [-34.89, -2.43, -0.65],
							"lerp_mode": "catmullrom"
						},
						"3.375": {
							"post": [-9.89, -2.43, -0.65],
							"lerp_mode": "catmullrom"
						},
						"3.5": {
							"post": [17.61, -2.43, -0.65],
							"lerp_mode": "catmullrom"
						},
						"4.2917": {
							"post": [2.61, -2.43, -0.65],
							"lerp_mode": "catmullrom"
						},
						"4.4583": {
							"post": [0, 0, 0],
							"lerp_mode": "catmullrom"
						}
					},
					"position": {
						"0.0": {
							"post": [0, 0, 0],
							"lerp_mode": "catmullrom"
						},
						"4.4583": {
							"post": [0, 0, 0],
							"lerp_mode": "catmullrom"
						}
					}
				},
				"leftleg": {
					"rotation": {
						"0.0": {
							"post": [0, 0, 0],
							"lerp_mode": "catmullrom"
						},
						"0.2917": {
							"post": [0.32808, 4.99282, -2.47856],
							"lerp_mode": "catmullrom"
						},
						"0.4167": {
							"post": [0.10943, 5.00237, -4.98808],
							"lerp_mode": "catmullrom"
						},
						"0.5417": {
							"post": [0.10912, -2.49762, -5.00238],
							"lerp_mode": "catmullrom"
						},
						"1.125": {
							"post": [5.10912, -2.49762, -5.00238],
							"lerp_mode": "catmullrom"
						},
						"1.25": {
							"post": [7.66701, -7.45331, -5.66926],
							"lerp_mode": "catmullrom"
						},
						"1.375": {
							"post": [5.48758, -7.22116, -8.17901],
							"lerp_mode": "catmullrom"
						},
						"1.4583": {
							"post": [10.45684, -7.86728, -8.27029],
							"lerp_mode": "catmullrom"
						},
						"1.6667": {
							"post": [8.01251, -10.34306, -8.62196],
							"lerp_mode": "catmullrom"
						},
						"2.0": {
							"post": [8.08424, -12.81844, -8.97923],
							"lerp_mode": "catmullrom"
						},
						"2.2917": {
							"post": [7.95684, -7.86728, -8.27029],
							"lerp_mode": "catmullrom"
						},
						"2.625": {
							"post": [7.96, -7.87, -8.27],
							"lerp_mode": "catmullrom"
						},
						"3.5": {
							"post": [7.96, -7.87, -8.27],
							"lerp_mode": "catmullrom"
						},
						"3.625": {
							"post": [8.0157, -10.34575, -8.62182],
							"lerp_mode": "catmullrom"
						},
						"3.75": {
							"post": [7.5767, 2.37015, -9.36086],
							"lerp_mode": "catmullrom"
						},
						"3.9167": {
							"post": [0.11015, -3.40845, -2.14114],
							"lerp_mode": "catmullrom"
						},
						"4.4583": {
							"post": [0, 0, 0],
							"lerp_mode": "catmullrom"
						}
					},
					"position": {
						"0.0": {
							"post": [0, 0, 0],
							"lerp_mode": "catmullrom"
						},
						"0.2917": {
							"post": [0, 0, -1],
							"lerp_mode": "catmullrom"
						},
						"0.4167": {
							"post": [0, 1, -2],
							"lerp_mode": "catmullrom"
						},
						"0.5417": {
							"post": [1, 1, -2],
							"lerp_mode": "catmullrom"
						},
						"0.6667": {
							"post": [1, 0, -2],
							"lerp_mode": "catmullrom"
						},
						"1.375": {
							"post": [1, 0, -2],
							"lerp_mode": "catmullrom"
						},
						"1.4583": {
							"post": [1, 0, -2],
							"lerp_mode": "catmullrom"
						},
						"3.5": {
							"post": [1, 0, -2],
							"lerp_mode": "catmullrom"
						},
						"3.625": {
							"post": [1, 1, -2],
							"lerp_mode": "catmullrom"
						},
						"3.75": {
							"post": [0, 1, -1],
							"lerp_mode": "catmullrom"
						},
						"3.9167": {
							"post": [0, 0, 1],
							"lerp_mode": "catmullrom"
						},
						"4.4583": {
							"post": [0, 0, 0],
							"lerp_mode": "catmullrom"
						}
					}
				},
				"rightleg": {
					"rotation": {
						"0.0": {
							"post": [0, 0, 0],
							"lerp_mode": "catmullrom"
						},
						"0.2917": {
							"post": [-0.33095, 12.49282, 2.47812],
							"lerp_mode": "catmullrom"
						},
						"0.625": {
							"post": [-0.33, 12.49, 2.48],
							"lerp_mode": "catmullrom"
						},
						"0.875": {
							"post": [0.23264, 19.99226, 5.07172],
							"lerp_mode": "catmullrom"
						},
						"1.0": {
							"post": [1.271, 22.45934, 7.78801],
							"lerp_mode": "catmullrom"
						},
						"1.125": {
							"post": [8.771, 22.45934, 7.78801],
							"lerp_mode": "catmullrom"
						},
						"1.25": {
							"post": [11.271, 22.45934, 7.78801],
							"lerp_mode": "catmullrom"
						},
						"1.375": {
							"post": [8.771, 22.45934, 7.78801],
							"lerp_mode": "catmullrom"
						},
						"1.4583": {
							"post": [10.54735, 12.29678, 8.62497],
							"lerp_mode": "catmullrom"
						},
						"1.6667": {
							"post": [8.35474, 19.72032, 9.73721],
							"lerp_mode": "catmullrom"
						},
						"2.0": {
							"post": [8.35, 19.72, 9.74],
							"lerp_mode": "catmullrom"
						},
						"2.2917": {
							"post": [8.04279, 12.29637, 8.62839],
							"lerp_mode": "catmullrom"
						},
						"2.625": {
							"post": [8.04, 12.3, 8.63],
							"lerp_mode": "catmullrom"
						},
						"3.0417": {
							"post": [9.08508, 11.55506, 13.68341],
							"lerp_mode": "catmullrom"
						},
						"3.5": {
							"post": [9.09, 11.56, 13.68],
							"lerp_mode": "catmullrom"
						},
						"3.75": {
							"post": [7.49639, 12.64341, 6.08962],
							"lerp_mode": "catmullrom"
						},
						"3.875": {
							"post": [9.09, 11.56, 13.68],
							"lerp_mode": "catmullrom"
						},
						"4.125": {
							"post": [7.88902, -5.02835, 6.20544],
							"lerp_mode": "catmullrom"
						},
						"4.25": {
							"post": [-0.47863, -0.03238, 1.31536],
							"lerp_mode": "catmullrom"
						},
						"4.4583": {
							"post": [0, 0, 0],
							"lerp_mode": "catmullrom"
						}
					},
					"position": {
						"0.0": {
							"post": [0, 0, 0],
							"lerp_mode": "catmullrom"
						},
						"0.625": {
							"post": [0, 0, 0],
							"lerp_mode": "catmullrom"
						},
						"0.75": {
							"post": [0, 1, -1],
							"lerp_mode": "catmullrom"
						},
						"0.875": {
							"post": [-1, 1, -2],
							"lerp_mode": "catmullrom"
						},
						"1.0": {
							"post": [-1, 0, -2],
							"lerp_mode": "catmullrom"
						},
						"1.375": {
							"post": [-1, 0, -2],
							"lerp_mode": "catmullrom"
						},
						"1.4583": {
							"post": [-2, 0, -2],
							"lerp_mode": "catmullrom"
						},
						"3.0417": {
							"post": [-1, 0, -2],
							"lerp_mode": "catmullrom"
						},
						"3.5": {
							"post": [-1, 0, -2],
							"lerp_mode": "catmullrom"
						},
						"3.875": {
							"post": [-1, 0, -2],
							"lerp_mode": "catmullrom"
						},
						"4.0": {
							"post": [-1, 1, -2],
							"lerp_mode": "catmullrom"
						},
						"4.125": {
							"post": [0, 1, -1],
							"lerp_mode": "catmullrom"
						},
						"4.25": {
							"post": [0, 0, 0],
							"lerp_mode": "catmullrom"
						},
						"4.4583": {
							"post": [0, 0, 0],
							"lerp_mode": "catmullrom"
						}
					}
				}
			}
		},
		"animation.fusion.dance_1": {
			"animation_length": 3.3333,
			"bones": {
				"root": {
					"position": {
						"0.0": {
							"post": [-36, 0, 0],
							"lerp_mode": "catmullrom"
						},
						"0.3333": {
							"post": [-36, 0, 0],
							"lerp_mode": "catmullrom"
						},
						"0.6667": {
							"post": [-36, 0, 0],
							"lerp_mode": "catmullrom"
						},
						"0.9167": {
							"post": [-32, 0, 0],
							"lerp_mode": "catmullrom"
						},
						"1.1667": {
							"post": [-26, 0, 0],
							"lerp_mode": "catmullrom"
						},
						"1.4167": {
							"post": [-20, 0, 0],
							"lerp_mode": "catmullrom"
						},
						"1.7917": {
							"post": [-16, 0, 0],
							"lerp_mode": "catmullrom"
						},
						"2.125": {
							"post": [-16, 0, 0],
							"lerp_mode": "catmullrom"
						},
						"2.2917": {
							"post": [-14, 0, 0],
							"lerp_mode": "catmullrom"
						},
						"2.4583": {
							"post": [-14, 0, 0],
							"lerp_mode": "catmullrom"
						},
						"2.625": {
							"post": [-18, 0, 0],
							"lerp_mode": "catmullrom"
						},
						"3.3333": {
							"post": [-16, 0, 0],
							"lerp_mode": "catmullrom"
						}
					}
				},
				"waist": {
					"rotation": {
						"0.0": {
							"post": [0, 0, 0],
							"lerp_mode": "catmullrom"
						},
						"0.125": {
							"post": [2.50238, 2.49762, 0.10912],
							"lerp_mode": "catmullrom"
						},
						"0.25": {
							"post": [-2.53369, 9.99041, -0.2218],
							"lerp_mode": "catmullrom"
						},
						"0.5417": {
							"post": [-2.53, 9.99, -0.22],
							"lerp_mode": "catmullrom"
						},
						"0.6667": {
							"post": [-3.28146, 17.22915, -5.71831],
							"lerp_mode": "catmullrom"
						},
						"0.8333": {
							"post": [-2.49733, 5.1183, 2.51279],
							"lerp_mode": "catmullrom"
						},
						"1.0417": {
							"post": [-3.28146, 17.22915, -5.71831],
							"lerp_mode": "catmullrom"
						},
						"1.2083": {
							"post": [-2.49733, 5.1183, 2.51279],
							"lerp_mode": "catmullrom"
						},
						"1.4167": {
							"post": [-3.28146, 17.22915, -5.71831],
							"lerp_mode": "catmullrom"
						},
						"1.5833": {
							"post": [-2.49733, 5.1183, 2.51279],
							"lerp_mode": "catmullrom"
						},
						"1.75": {
							"post": [-3.36525, 4.87386, -2.4621],
							"lerp_mode": "catmullrom"
						},
						"1.9583": {
							"post": [-3.24915, 2.5222, 0.18286],
							"lerp_mode": "catmullrom"
						},
						"2.125": {
							"post": [-3.25, 2.52, 0.18],
							"lerp_mode": "catmullrom"
						},
						"2.4583": {
							"post": [-3.25, 2.52, 0.18],
							"lerp_mode": "catmullrom"
						},
						"2.5417": {
							"post": [-2.84181, 0.6758, 12.79781],
							"lerp_mode": "catmullrom"
						},
						"2.625": {
							"post": [-2.48343, -10.88183, 33.31792],
							"lerp_mode": "catmullrom"
						},
						"3.3333": {
							"post": [-2.96088, -10.76308, 35.86033],
							"lerp_mode": "catmullrom"
						}
					},
					"position": {
						"0.0": {
							"post": [0, 0, 0],
							"lerp_mode": "catmullrom"
						},
						"0.3333": {
							"post": [-1, 0, 0],
							"lerp_mode": "catmullrom"
						},
						"0.5417": {
							"post": [-1, 0, 0],
							"lerp_mode": "catmullrom"
						},
						"0.6667": {
							"post": [-1, 0, 1],
							"lerp_mode": "catmullrom"
						},
						"1.0417": {
							"post": [-1, 0, 1],
							"lerp_mode": "catmullrom"
						},
						"1.4167": {
							"post": [-1, 0, 1],
							"lerp_mode": "catmullrom"
						},
						"2.125": {
							"post": [-1, 0, 1],
							"lerp_mode": "catmullrom"
						},
						"2.2917": {
							"post": [0, 0, 1],
							"lerp_mode": "catmullrom"
						},
						"2.4583": {
							"post": [0, 0, 1],
							"lerp_mode": "catmullrom"
						},
						"2.5417": {
							"post": [0, -2, 1],
							"lerp_mode": "catmullrom"
						},
						"2.625": {
							"post": [-1, -2, 1],
							"lerp_mode": "catmullrom"
						},
						"3.3333": {
							"post": [-1, -2, 1],
							"lerp_mode": "catmullrom"
						}
					}
				},
				"rightarm": {
					"rotation": {
						"0.0": {
							"post": [0, 0, 0],
							"lerp_mode": "catmullrom"
						},
						"0.125": {
							"post": [-2.4905, 0.21782, 4.99527],
							"lerp_mode": "catmullrom"
						},
						"0.25": {
							"post": [-12.04831, 1.43364, 34.97437],
							"lerp_mode": "catmullrom"
						},
						"0.3333": {
							"post": [-1.60891, 2.6834, 85.40479],
							"lerp_mode": "catmullrom"
						},
						"0.5417": {
							"post": [-1.61, 2.68, 85.4],
							"lerp_mode": "catmullrom"
						},
						"0.9583": {
							"post": [-0.36865, 28.10868, 110.2728],
							"lerp_mode": "catmullrom"
						},
						"1.3333": {
							"post": [-152.37906, 60.61712, 23.08592],
							"lerp_mode": "catmullrom"
						},
						"1.5833": {
							"post": [-195.85306, -86.40516, 102.6661],
							"lerp_mode": "catmullrom"
						},
						"1.75": {
							"post": [-227.23854, -82.81095, 144.14406],
							"lerp_mode": "catmullrom"
						},
						"1.9583": {
							"post": [-228.88835, -85.39714, 135.80882],
							"lerp_mode": "catmullrom"
						},
						"2.125": {
							"post": [-228.89, -85.4, 135.81],
							"lerp_mode": "catmullrom"
						},
						"2.2083": {
							"post": [-93.85841, -38.40578, -0.77238],
							"lerp_mode": "catmullrom"
						},
						"2.2917": {
							"post": [-109.72498, 81.01138, -22.67268],
							"lerp_mode": "catmullrom"
						},
						"2.4583": {
							"post": [-109.72, 81.01, -22.67],
							"lerp_mode": "catmullrom"
						},
						"2.5417": {
							"post": [-177.01154, 66.06252, -27.62375],
							"lerp_mode": "catmullrom"
						},
						"2.625": {
							"post": [-134.52859, 72.59221, 88.25229],
							"lerp_mode": "catmullrom"
						},
						"3.3333": {
							"post": [-137.02859, 72.59221, 88.25229],
							"lerp_mode": "catmullrom"
						}
					},
					"position": {
						"0.0": {
							"post": [0, 0, 0],
							"lerp_mode": "catmullrom"
						},
						"0.25": {
							"post": [-1, 0, 0],
							"lerp_mode": "catmullrom"
						},
						"0.5417": {
							"post": [-1, 0, 0],
							"lerp_mode": "catmullrom"
						},
						"0.9583": {
							"post": [-1, 2, 0],
							"lerp_mode": "catmullrom"
						},
						"1.3333": {
							"post": [-1, 2, -2],
							"lerp_mode": "catmullrom"
						},
						"1.5833": {
							"post": [1, 0, -5],
							"lerp_mode": "catmullrom"
						},
						"1.75": {
							"post": [2, 0, -6],
							"lerp_mode": "catmullrom"
						},
						"2.125": {
							"post": [2, 0, -6],
							"lerp_mode": "catmullrom"
						},
						"2.2083": {
							"post": [0, 0, -4],
							"lerp_mode": "catmullrom"
						},
						"2.2917": {
							"post": [-2, 0, -1],
							"lerp_mode": "catmullrom"
						},
						"2.4583": {
							"post": [-2, 0, -1],
							"lerp_mode": "catmullrom"
						},
						"2.5417": {
							"post": [-1, 4, -1],
							"lerp_mode": "catmullrom"
						},
						"2.625": {
							"post": [1, 9, -3],
							"lerp_mode": "catmullrom"
						},
						"3.3333": {
							"post": [1, 9, -3],
							"lerp_mode": "catmullrom"
						}
					}
				},
				"leftarm": {
					"rotation": {
						"0.0": {
							"post": [0, 0, 0],
							"lerp_mode": "catmullrom"
						},
						"0.125": {
							"post": [-5.04292, 7.4713, -0.6574],
							"lerp_mode": "catmullrom"
						},
						"0.25": {
							"post": [-33.2713, 32.68214, -19.50986],
							"lerp_mode": "catmullrom"
						},
						"0.3333": {
							"post": [-143.31536, 62.84962, -54.96154],
							"lerp_mode": "catmullrom"
						},
						"0.5417": {
							"post": [-143.32, 62.85, -54.96],
							"lerp_mode": "catmullrom"
						},
						"0.9583": {
							"post": [-145.97898, 43.81532, -32.63089],
							"lerp_mode": "catmullrom"
						},
						"1.3333": {
							"post": [-145.35145, -50.35374, -38.92997],
							"lerp_mode": "catmullrom"
						},
						"1.4583": {
							"post": [-9.21388, -78.59863, -135.27464],
							"lerp_mode": "catmullrom"
						},
						"1.5833": {
							"post": [1.20598, 1.72301, -97.51642],
							"lerp_mode": "catmullrom"
						},
						"1.75": {
							"post": [3.99571, 0.05632, -82.63585],
							"lerp_mode": "catmullrom"
						},
						"1.9583": {
							"post": [-1.14844, 1.61135, -92.51555],
							"lerp_mode": "catmullrom"
						},
						"2.125": {
							"post": [-1.15, 1.61, -92.52],
							"lerp_mode": "catmullrom"
						},
						"2.2083": {
							"post": [-118.65, 1.61, -92.52],
							"lerp_mode": "catmullrom"
						},
						"2.2917": {
							"post": [-181.15, 1.61, -92.52],
							"lerp_mode": "catmullrom"
						},
						"2.4583": {
							"post": [-181.15, 1.61, -92.52],
							"lerp_mode": "catmullrom"
						},
						"2.5417": {
							"post": [-72.91712, 0.27526, -50.03397],
							"lerp_mode": "catmullrom"
						},
						"2.625": {
							"post": [-58.64513, -55.62962, -76.8181],
							"lerp_mode": "catmullrom"
						},
						"3.3333": {
							"post": [-61.14513, -55.62962, -76.8181],
							"lerp_mode": "catmullrom"
						}
					},
					"position": {
						"0.0": {
							"post": [0, 0, 0],
							"lerp_mode": "catmullrom"
						},
						"0.25": {
							"post": [0, -1, 0],
							"lerp_mode": "catmullrom"
						},
						"0.3333": {
							"post": [-1, -1, -2],
							"lerp_mode": "catmullrom"
						},
						"0.5417": {
							"post": [-1, -1, -2],
							"lerp_mode": "catmullrom"
						},
						"0.9583": {
							"post": [-1, 0, -2],
							"lerp_mode": "catmullrom"
						},
						"1.3333": {
							"post": [0, 3, -1],
							"lerp_mode": "catmullrom"
						},
						"1.5833": {
							"post": [1, 1, 1],
							"lerp_mode": "catmullrom"
						},
						"1.75": {
							"post": [1, 0, 1],
							"lerp_mode": "catmullrom"
						},
						"2.125": {
							"post": [1, 0, 1],
							"lerp_mode": "catmullrom"
						},
						"2.2083": {
							"post": [1, 0, -5],
							"lerp_mode": "catmullrom"
						},
						"2.2917": {
							"post": [-2, -1, -5],
							"lerp_mode": "catmullrom"
						},
						"2.4583": {
							"post": [-2, -1, -5],
							"lerp_mode": "catmullrom"
						},
						"2.5417": {
							"post": [1, -3, 2],
							"lerp_mode": "catmullrom"
						},
						"2.625": {
							"post": [1, -4, 2],
							"lerp_mode": "catmullrom"
						},
						"3.3333": {
							"post": [2, -3, 2],
							"lerp_mode": "catmullrom"
						}
					}
				},
				"head": {
					"rotation": {
						"0.0": {
							"post": [0, 0, 0],
							"lerp_mode": "catmullrom"
						},
						"0.125": {
							"post": [0, -2.5, 0],
							"lerp_mode": "catmullrom"
						},
						"0.375": {
							"post": [4.96171, 2.46243, 0.86797],
							"lerp_mode": "catmullrom"
						},
						"0.5417": {
							"post": [0, -7.5, 0],
							"lerp_mode": "catmullrom"
						},
						"0.6667": {
							"post": [-0.1786, -22.83355, 0.01759],
							"lerp_mode": "catmullrom"
						},
						"1.4583": {
							"post": [1.35994, -22.68937, 2.73142],
							"lerp_mode": "catmullrom"
						},
						"1.75": {
							"post": [8.50826, -18.74053, 1.38109],
							"lerp_mode": "catmullrom"
						},
						"2.125": {
							"post": [0, -7.5, 0],
							"lerp_mode": "catmullrom"
						},
						"2.4583": {
							"post": [0, 0, 0],
							"lerp_mode": "catmullrom"
						},
						"2.625": {
							"post": [-34.59724, -16.51346, 11.25902],
							"lerp_mode": "catmullrom"
						},
						"3.3333": {
							"post": [-32.6964, -15.17384, 13.45323],
							"lerp_mode": "catmullrom"
						}
					},
					"position": {
						"0.0": {
							"post": [0, 0, 0],
							"lerp_mode": "catmullrom"
						},
						"2.4583": {
							"post": [-0.04, 0, 0],
							"lerp_mode": "catmullrom"
						},
						"2.625": {
							"post": [1, 0, 0],
							"lerp_mode": "catmullrom"
						},
						"3.3333": {
							"post": [1, 0, 0],
							"lerp_mode": "catmullrom"
						}
					}
				},
				"leftleg": {
					"rotation": {
						"0.0": {
							"post": [0, 0, 0],
							"lerp_mode": "catmullrom"
						},
						"0.3333": {
							"post": [0, -5, -2.5],
							"lerp_mode": "catmullrom"
						},
						"0.5417": {
							"post": [0, -5, -2.5],
							"lerp_mode": "catmullrom"
						},
						"0.6667": {
							"post": [1.46491, -22.47741, 0.20569],
							"lerp_mode": "catmullrom"
						},
						"0.7917": {
							"post": [4.53847, -22.08397, -7.8893],
							"lerp_mode": "catmullrom"
						},
						"1.0417": {
							"post": [1.46491, -22.47741, 0.20569],
							"lerp_mode": "catmullrom"
						},
						"1.1667": {
							"post": [4.53847, -22.08397, -7.8893],
							"lerp_mode": "catmullrom"
						},
						"1.4167": {
							"post": [1.46491, -22.47741, 0.20569],
							"lerp_mode": "catmullrom"
						},
						"1.5417": {
							"post": [4.53847, -22.08397, -7.8893],
							"lerp_mode": "catmullrom"
						},
						"1.7917": {
							"post": [-1.38678, -11.82722, -5.44725],
							"lerp_mode": "catmullrom"
						},
						"2.125": {
							"post": [-1.39, -11.83, -5.45],
							"lerp_mode": "catmullrom"
						},
						"2.2083": {
							"post": [-0.01818, -7.02316, 1.07327],
							"lerp_mode": "catmullrom"
						},
						"2.2917": {
							"post": [1.97464, -4.703, 2.47261],
							"lerp_mode": "catmullrom"
						},
						"2.4583": {
							"post": [1.97, -4.7, 2.47],
							"lerp_mode": "catmullrom"
						},
						"2.5417": {
							"post": [8.72277, -36.79811, -5.10111],
							"lerp_mode": "catmullrom"
						},
						"3.3333": {
							"post": [9.98269, -37.61083, 1.08819],
							"lerp_mode": "catmullrom"
						}
					},
					"position": {
						"0.0": {
							"post": [0, 0, 0],
							"lerp_mode": "catmullrom"
						},
						"0.3333": {
							"post": [-1, 0, 0],
							"lerp_mode": "catmullrom"
						},
						"0.5417": {
							"post": [-1, 0, 0],
							"lerp_mode": "catmullrom"
						},
						"0.6667": {
							"post": [0, 0, -1],
							"lerp_mode": "catmullrom"
						},
						"0.7917": {
							"post": [1, 1, -1],
							"lerp_mode": "catmullrom"
						},
						"0.9167": {
							"post": [1, 0, -1],
							"lerp_mode": "catmullrom"
						},
						"1.0417": {
							"post": [0, 0, -1],
							"lerp_mode": "catmullrom"
						},
						"1.1667": {
							"post": [1, 1, -1],
							"lerp_mode": "catmullrom"
						},
						"1.2917": {
							"post": [1, 0, -1],
							"lerp_mode": "catmullrom"
						},
						"1.4167": {
							"post": [0, 0, -1],
							"lerp_mode": "catmullrom"
						},
						"1.5417": {
							"post": [1, 1, -1],
							"lerp_mode": "catmullrom"
						},
						"1.6667": {
							"post": [1, 0, -1],
							"lerp_mode": "catmullrom"
						},
						"1.7917": {
							"post": [0, 0, -1],
							"lerp_mode": "catmullrom"
						},
						"2.125": {
							"post": [0, 0, -1],
							"lerp_mode": "catmullrom"
						},
						"2.2083": {
							"post": [0.5, 0, -0.5],
							"lerp_mode": "catmullrom"
						},
						"2.2917": {
							"post": [0, 0, 0],
							"lerp_mode": "catmullrom"
						},
						"2.4583": {
							"post": [0, 0, 0],
							"lerp_mode": "catmullrom"
						},
						"2.5417": {
							"post": [0, 0, -2],
							"lerp_mode": "catmullrom"
						},
						"2.625": {
							"post": [3, 0, -2],
							"lerp_mode": "catmullrom"
						},
						"3.3333": {
							"post": [4, 0, -2],
							"lerp_mode": "catmullrom"
						}
					}
				},
				"rightleg": {
					"rotation": {
						"0.0": {
							"post": [0, 0, 0],
							"lerp_mode": "catmullrom"
						},
						"0.1667": {
							"post": [0, 0, 1.25],
							"lerp_mode": "catmullrom"
						},
						"0.3333": {
							"post": [0, 5, 7.5],
							"lerp_mode": "catmullrom"
						},
						"0.5417": {
							"post": [0, 5, 7.5],
							"lerp_mode": "catmullrom"
						},
						"0.6667": {
							"post": [1.38356, 19.6835, -3.12758],
							"lerp_mode": "catmullrom"
						},
						"0.7917": {
							"post": [4.04135, 19.32797, 4.82085],
							"lerp_mode": "catmullrom"
						},
						"0.9167": {
							"post": [-1.73106, 18.90012, 10.0934],
							"lerp_mode": "catmullrom"
						},
						"1.0417": {
							"post": [1.38356, 19.6835, -3.12758],
							"lerp_mode": "catmullrom"
						},
						"1.1667": {
							"post": [4.04135, 19.32797, 4.82085],
							"lerp_mode": "catmullrom"
						},
						"1.2917": {
							"post": [-1.73106, 18.90012, 10.0934],
							"lerp_mode": "catmullrom"
						},
						"1.4167": {
							"post": [1.38356, 19.6835, -3.12758],
							"lerp_mode": "catmullrom"
						},
						"1.5417": {
							"post": [4.04135, 19.32797, 4.82085],
							"lerp_mode": "catmullrom"
						},
						"1.6667": {
							"post": [-1.73106, 18.90012, 10.0934],
							"lerp_mode": "catmullrom"
						},
						"1.7917": {
							"post": [-3.43139, 18.67477, 4.81717],
							"lerp_mode": "catmullrom"
						},
						"2.125": {
							"post": [-3.43, 18.67, 4.82],
							"lerp_mode": "catmullrom"
						},
						"2.2083": {
							"post": [4.53731, 9.50744, 7.3002],
							"lerp_mode": "catmullrom"
						},
						"2.2917": {
							"post": [20.30248, -46.20252, 9.31345],
							"lerp_mode": "catmullrom"
						},
						"2.4583": {
							"post": [20.3, -46.2, 9.31],
							"lerp_mode": "catmullrom"
						},
						"2.5417": {
							"post": [13.99351, 6.76346, 25.93967],
							"lerp_mode": "catmullrom"
						},
						"2.625": {
							"post": [-4.57148, 1.6354, 45.33021],
							"lerp_mode": "catmullrom"
						},
						"3.3333": {
							"post": [-4.41201, 2.02723, 50.31739],
							"lerp_mode": "catmullrom"
						}
					},
					"position": {
						"0.0": {
							"post": [0, 0, 0],
							"lerp_mode": "catmullrom"
						},
						"0.1667": {
							"post": [-1, 1, -1],
							"lerp_mode": "catmullrom"
						},
						"0.3333": {
							"post": [-2, 0, 0],
							"lerp_mode": "catmullrom"
						},
						"0.5417": {
							"post": [-2, 0, 0],
							"lerp_mode": "catmullrom"
						},
						"0.6667": {
							"post": [-3, 0, -1],
							"lerp_mode": "catmullrom"
						},
						"0.7917": {
							"post": [-3, 0, -1],
							"lerp_mode": "catmullrom"
						},
						"0.9167": {
							"post": [-3, 1, -1],
							"lerp_mode": "catmullrom"
						},
						"1.0417": {
							"post": [-3, 0, -1],
							"lerp_mode": "catmullrom"
						},
						"1.1667": {
							"post": [-3, 0, -1],
							"lerp_mode": "catmullrom"
						},
						"1.2917": {
							"post": [-3, 1, -1],
							"lerp_mode": "catmullrom"
						},
						"1.4167": {
							"post": [-3, 0, -1],
							"lerp_mode": "catmullrom"
						},
						"1.5417": {
							"post": [-3, 0, -1],
							"lerp_mode": "catmullrom"
						},
						"1.6667": {
							"post": [-3, 1, -1],
							"lerp_mode": "catmullrom"
						},
						"1.7917": {
							"post": [-3, 0, -1],
							"lerp_mode": "catmullrom"
						},
						"2.125": {
							"post": [-3, 0, -1],
							"lerp_mode": "catmullrom"
						},
						"2.2083": {
							"post": [-0.5, 2.5, -2.5],
							"lerp_mode": "catmullrom"
						},
						"2.2917": {
							"post": [2, 3, -4],
							"lerp_mode": "catmullrom"
						},
						"2.4583": {
							"post": [2, 3, -4],
							"lerp_mode": "catmullrom"
						},
						"2.5417": {
							"post": [-1, 0, -1],
							"lerp_mode": "catmullrom"
						},
						"2.625": {
							"post": [-2, -2, -1],
							"lerp_mode": "catmullrom"
						},
						"3.3333": {
							"post": [-4, -2, -1],
							"lerp_mode": "catmullrom"
						}
					}
				}
			}
		},
		"animation.fusion.dance_2": {
			"animation_length": 3.3333,
			"bones": {
				"root": {
					"position": {
						"0.0": {
							"post": [36, 0, 0],
							"lerp_mode": "catmullrom"
						},
						"0.3333": {
							"post": [36, 0, 0],
							"lerp_mode": "catmullrom"
						},
						"0.6667": {
							"post": [36, 0, 0],
							"lerp_mode": "catmullrom"
						},
						"0.9167": {
							"post": [32, 0, 0],
							"lerp_mode": "catmullrom"
						},
						"1.1667": {
							"post": [26, 0, 0],
							"lerp_mode": "catmullrom"
						},
						"1.4167": {
							"post": [20, 0, 0],
							"lerp_mode": "catmullrom"
						},
						"1.7917": {
							"post": [16, 0, 0],
							"lerp_mode": "catmullrom"
						},
						"2.125": {
							"post": [16, 0, 0],
							"lerp_mode": "catmullrom"
						},
						"2.2917": {
							"post": [14, 0, 0],
							"lerp_mode": "catmullrom"
						},
						"2.4583": {
							"post": [14, 0, 0],
							"lerp_mode": "catmullrom"
						},
						"2.625": {
							"post": [18, 0, 0],
							"lerp_mode": "catmullrom"
						},
						"3.3333": {
							"post": [16, 0, 0],
							"lerp_mode": "catmullrom"
						}
					}
				},
				"waist": {
					"rotation": {
						"0.0": {
							"post": [0, 0, 0],
							"lerp_mode": "catmullrom"
						},
						"0.125": {
							"post": [2.50238, -2.49762, -0.10912],
							"lerp_mode": "catmullrom"
						},
						"0.25": {
							"post": [-2.53369, -9.99041, 0.2218],
							"lerp_mode": "catmullrom"
						},
						"0.5417": {
							"post": [-2.53, -9.99, 0.22],
							"lerp_mode": "catmullrom"
						},
						"0.6667": {
							"post": [-3.28146, -17.22915, 5.71831],
							"lerp_mode": "catmullrom"
						},
						"0.8333": {
							"post": [-2.49733, -5.1183, -2.51279],
							"lerp_mode": "catmullrom"
						},
						"1.0417": {
							"post": [-3.28146, -17.22915, 5.71831],
							"lerp_mode": "catmullrom"
						},
						"1.2083": {
							"post": [-2.49733, -5.1183, -2.51279],
							"lerp_mode": "catmullrom"
						},
						"1.4167": {
							"post": [-3.28146, -17.22915, 5.71831],
							"lerp_mode": "catmullrom"
						},
						"1.5833": {
							"post": [-2.49733, -5.1183, -2.51279],
							"lerp_mode": "catmullrom"
						},
						"1.75": {
							"post": [-3.36525, -4.87386, 2.4621],
							"lerp_mode": "catmullrom"
						},
						"1.9583": {
							"post": [-3.24915, -2.5222, -0.18286],
							"lerp_mode": "catmullrom"
						},
						"2.125": {
							"post": [-3.25, -2.52, -0.18],
							"lerp_mode": "catmullrom"
						},
						"2.4583": {
							"post": [-3.25, -2.52, -0.18],
							"lerp_mode": "catmullrom"
						},
						"2.5417": {
							"post": [-2.84181, -0.6758, -12.79781],
							"lerp_mode": "catmullrom"
						},
						"2.625": {
							"post": [-2.48343, 10.88183, -33.31792],
							"lerp_mode": "catmullrom"
						},
						"3.3333": {
							"post": [-2.96088, 10.76308, -35.86033],
							"lerp_mode": "catmullrom"
						}
					},
					"position": {
						"0.0": {
							"post": [0, 0, 0],
							"lerp_mode": "catmullrom"
						},
						"0.3333": {
							"post": [1, 0, 0],
							"lerp_mode": "catmullrom"
						},
						"0.5417": {
							"post": [1, 0, 0],
							"lerp_mode": "catmullrom"
						},
						"0.6667": {
							"post": [1, 0, 1],
							"lerp_mode": "catmullrom"
						},
						"1.0417": {
							"post": [1, 0, 1],
							"lerp_mode": "catmullrom"
						},
						"1.4167": {
							"post": [1, 0, 1],
							"lerp_mode": "catmullrom"
						},
						"2.125": {
							"post": [1, 0, 1],
							"lerp_mode": "catmullrom"
						},
						"2.2917": {
							"post": [0, 0, 1],
							"lerp_mode": "catmullrom"
						},
						"2.4583": {
							"post": [0, 0, 1],
							"lerp_mode": "catmullrom"
						},
						"2.5417": {
							"post": [0, -2, 1],
							"lerp_mode": "catmullrom"
						},
						"2.625": {
							"post": [1, -2, 1],
							"lerp_mode": "catmullrom"
						},
						"3.3333": {
							"post": [1, -2, 1],
							"lerp_mode": "catmullrom"
						}
					}
				},
				"rightarm": {
					"rotation": {
						"0.0": {
							"post": [0, 0, 0],
							"lerp_mode": "catmullrom"
						},
						"0.125": {
							"post": [-5.04292, -7.4713, 0.6574],
							"lerp_mode": "catmullrom"
						},
						"0.25": {
							"post": [-33.2713, -32.68214, 19.50986],
							"lerp_mode": "catmullrom"
						},
						"0.3333": {
							"post": [-143.31536, -62.84962, 54.96154],
							"lerp_mode": "catmullrom"
						},
						"0.5417": {
							"post": [-143.32, -62.85, 54.96],
							"lerp_mode": "catmullrom"
						},
						"0.9583": {
							"post": [-145.97898, -43.81532, 32.63089],
							"lerp_mode": "catmullrom"
						},
						"1.3333": {
							"post": [-145.35145, 50.35374, 38.92997],
							"lerp_mode": "catmullrom"
						},
						"1.4583": {
							"post": [-9.21388, 78.59863, 135.27464],
							"lerp_mode": "catmullrom"
						},
						"1.5833": {
							"post": [1.20598, -1.72301, 97.51642],
							"lerp_mode": "catmullrom"
						},
						"1.75": {
							"post": [3.99571, -0.05632, 82.63585],
							"lerp_mode": "catmullrom"
						},
						"1.9583": {
							"post": [-1.14844, -1.61135, 92.51555],
							"lerp_mode": "catmullrom"
						},
						"2.125": {
							"post": [-1.15, -1.61, 92.52],
							"lerp_mode": "catmullrom"
						},
						"2.2083": {
							"post": [-118.65, -1.61, 92.52],
							"lerp_mode": "catmullrom"
						},
						"2.2917": {
							"post": [-181.15, -1.61, 92.52],
							"lerp_mode": "catmullrom"
						},
						"2.4583": {
							"post": [-181.15, -1.61, 92.52],
							"lerp_mode": "catmullrom"
						},
						"2.5417": {
							"post": [-72.91712, -0.27526, 50.03397],
							"lerp_mode": "catmullrom"
						},
						"2.625": {
							"post": [-58.64513, 55.62962, 76.8181],
							"lerp_mode": "catmullrom"
						},
						"3.3333": {
							"post": [-61.14513, 55.62962, 76.8181],
							"lerp_mode": "catmullrom"
						}
					},
					"position": {
						"0.0": {
							"post": [0, 0, 0],
							"lerp_mode": "catmullrom"
						},
						"0.25": {
							"post": [0, -1, 0],
							"lerp_mode": "catmullrom"
						},
						"0.3333": {
							"post": [1, -1, -2],
							"lerp_mode": "catmullrom"
						},
						"0.5417": {
							"post": [1, -1, -2],
							"lerp_mode": "catmullrom"
						},
						"0.9583": {
							"post": [1, 0, -2],
							"lerp_mode": "catmullrom"
						},
						"1.3333": {
							"post": [0, 3, -1],
							"lerp_mode": "catmullrom"
						},
						"1.5833": {
							"post": [-1, 1, 1],
							"lerp_mode": "catmullrom"
						},
						"1.75": {
							"post": [-1, 0, 1],
							"lerp_mode": "catmullrom"
						},
						"2.125": {
							"post": [-1, 0, 1],
							"lerp_mode": "catmullrom"
						},
						"2.2083": {
							"post": [-1, 0, -5],
							"lerp_mode": "catmullrom"
						},
						"2.2917": {
							"post": [2, -1, -5],
							"lerp_mode": "catmullrom"
						},
						"2.4583": {
							"post": [2, -1, -5],
							"lerp_mode": "catmullrom"
						},
						"2.5417": {
							"post": [-1, -3, 2],
							"lerp_mode": "catmullrom"
						},
						"2.625": {
							"post": [-1, -4, 2],
							"lerp_mode": "catmullrom"
						},
						"3.3333": {
							"post": [-2, -3, 2],
							"lerp_mode": "catmullrom"
						}
					}
				},
				"leftarm": {
					"rotation": {
						"0.0": {
							"post": [0, 0, 0],
							"lerp_mode": "catmullrom"
						},
						"0.125": {
							"post": [-2.4905, -0.21782, -4.99527],
							"lerp_mode": "catmullrom"
						},
						"0.25": {
							"post": [-12.04831, -1.43364, -34.97437],
							"lerp_mode": "catmullrom"
						},
						"0.3333": {
							"post": [-1.60891, -2.6834, -85.40479],
							"lerp_mode": "catmullrom"
						},
						"0.5417": {
							"post": [-1.61, -2.68, -85.4],
							"lerp_mode": "catmullrom"
						},
						"0.9583": {
							"post": [-0.36865, -28.10868, -110.2728],
							"lerp_mode": "catmullrom"
						},
						"1.3333": {
							"post": [-152.37906, -60.61712, -23.08592],
							"lerp_mode": "catmullrom"
						},
						"1.5833": {
							"post": [-195.85306, 86.40516, -102.6661],
							"lerp_mode": "catmullrom"
						},
						"1.75": {
							"post": [-227.23854, 82.81095, -144.14406],
							"lerp_mode": "catmullrom"
						},
						"1.9583": {
							"post": [-228.88835, 85.39714, -135.80882],
							"lerp_mode": "catmullrom"
						},
						"2.125": {
							"post": [-228.89, 85.4, -135.81],
							"lerp_mode": "catmullrom"
						},
						"2.2083": {
							"post": [-93.85841, 38.40578, 0.77238],
							"lerp_mode": "catmullrom"
						},
						"2.2917": {
							"post": [-109.72498, -81.01138, 22.67268],
							"lerp_mode": "catmullrom"
						},
						"2.4583": {
							"post": [-109.72, -81.01, 22.67],
							"lerp_mode": "catmullrom"
						},
						"2.5417": {
							"post": [-177.01154, -66.06252, 27.62375],
							"lerp_mode": "catmullrom"
						},
						"2.625": {
							"post": [-134.52859, -72.59221, -88.25229],
							"lerp_mode": "catmullrom"
						},
						"3.3333": {
							"post": [-137.02859, -72.59221, -88.25229],
							"lerp_mode": "catmullrom"
						}
					},
					"position": {
						"0.0": {
							"post": [0, 0, 0],
							"lerp_mode": "catmullrom"
						},
						"0.25": {
							"post": [1, 0, 0],
							"lerp_mode": "catmullrom"
						},
						"0.5417": {
							"post": [1, 0, 0],
							"lerp_mode": "catmullrom"
						},
						"0.9583": {
							"post": [1, 2, 0],
							"lerp_mode": "catmullrom"
						},
						"1.3333": {
							"post": [1, 2, -2],
							"lerp_mode": "catmullrom"
						},
						"1.5833": {
							"post": [-1, 0, -5],
							"lerp_mode": "catmullrom"
						},
						"1.75": {
							"post": [-2, 0, -6],
							"lerp_mode": "catmullrom"
						},
						"2.125": {
							"post": [-2, 0, -6],
							"lerp_mode": "catmullrom"
						},
						"2.2083": {
							"post": [0, 0, -4],
							"lerp_mode": "catmullrom"
						},
						"2.2917": {
							"post": [2, 0, -1],
							"lerp_mode": "catmullrom"
						},
						"2.4583": {
							"post": [2, 0, -1],
							"lerp_mode": "catmullrom"
						},
						"2.5417": {
							"post": [1, 4, -1],
							"lerp_mode": "catmullrom"
						},
						"2.625": {
							"post": [-1, 9, -3],
							"lerp_mode": "catmullrom"
						},
						"3.3333": {
							"post": [-1, 9, -3],
							"lerp_mode": "catmullrom"
						}
					}
				},
				"head": {
					"rotation": {
						"0.0": {
							"post": [0, 0, 0],
							"lerp_mode": "catmullrom"
						},
						"0.125": {
							"post": [0, 2.5, 0],
							"lerp_mode": "catmullrom"
						},
						"0.375": {
							"post": [4.96171, -2.46243, -0.86797],
							"lerp_mode": "catmullrom"
						},
						"0.5417": {
							"post": [0, 7.5, 0],
							"lerp_mode": "catmullrom"
						},
						"0.6667": {
							"post": [-0.1786, 22.83355, -0.01759],
							"lerp_mode": "catmullrom"
						},
						"1.4583": {
							"post": [1.35994, 22.68937, -2.73142],
							"lerp_mode": "catmullrom"
						},
						"1.75": {
							"post": [8.50826, 18.74053, -1.38109],
							"lerp_mode": "catmullrom"
						},
						"2.125": {
							"post": [0, 7.5, 0],
							"lerp_mode": "catmullrom"
						},
						"2.4583": {
							"post": [0, 0, 0],
							"lerp_mode": "catmullrom"
						},
						"2.625": {
							"post": [-34.59724, 16.51346, -11.25902],
							"lerp_mode": "catmullrom"
						},
						"3.3333": {
							"post": [-32.6964, 15.17384, -13.45323],
							"lerp_mode": "catmullrom"
						}
					},
					"position": {
						"0.0": {
							"post": [0, 0, 0],
							"lerp_mode": "catmullrom"
						},
						"2.4583": {
							"post": [0.04, 0, 0],
							"lerp_mode": "catmullrom"
						},
						"2.625": {
							"post": [-1, 0, 0],
							"lerp_mode": "catmullrom"
						},
						"3.3333": {
							"post": [-1, 0, 0],
							"lerp_mode": "catmullrom"
						}
					}
				},
				"leftleg": {
					"rotation": {
						"0.0": {
							"post": [0, 0, 0],
							"lerp_mode": "catmullrom"
						},
						"0.1667": {
							"post": [0, 0, -1.25],
							"lerp_mode": "catmullrom"
						},
						"0.3333": {
							"post": [0, -5, -7.5],
							"lerp_mode": "catmullrom"
						},
						"0.5417": {
							"post": [0, -5, -7.5],
							"lerp_mode": "catmullrom"
						},
						"0.6667": {
							"post": [1.38356, -19.6835, 3.12758],
							"lerp_mode": "catmullrom"
						},
						"0.7917": {
							"post": [4.04135, -19.32797, -4.82085],
							"lerp_mode": "catmullrom"
						},
						"0.9167": {
							"post": [-1.73106, -18.90012, -10.0934],
							"lerp_mode": "catmullrom"
						},
						"1.0417": {
							"post": [1.38356, -19.6835, 3.12758],
							"lerp_mode": "catmullrom"
						},
						"1.1667": {
							"post": [4.04135, -19.32797, -4.82085],
							"lerp_mode": "catmullrom"
						},
						"1.2917": {
							"post": [-1.73106, -18.90012, -10.0934],
							"lerp_mode": "catmullrom"
						},
						"1.4167": {
							"post": [1.38356, -19.6835, 3.12758],
							"lerp_mode": "catmullrom"
						},
						"1.5417": {
							"post": [4.04135, -19.32797, -4.82085],
							"lerp_mode": "catmullrom"
						},
						"1.6667": {
							"post": [-1.73106, -18.90012, -10.0934],
							"lerp_mode": "catmullrom"
						},
						"1.7917": {
							"post": [-3.43139, -18.67477, -4.81717],
							"lerp_mode": "catmullrom"
						},
						"2.125": {
							"post": [-3.43, -18.67, -4.82],
							"lerp_mode": "catmullrom"
						},
						"2.2083": {
							"post": [4.53731, -9.50744, -7.3002],
							"lerp_mode": "catmullrom"
						},
						"2.2917": {
							"post": [20.30248, 46.20252, -9.31345],
							"lerp_mode": "catmullrom"
						},
						"2.4583": {
							"post": [20.3, 46.2, -9.31],
							"lerp_mode": "catmullrom"
						},
						"2.5417": {
							"post": [13.99351, -6.76346, -25.93967],
							"lerp_mode": "catmullrom"
						},
						"2.625": {
							"post": [-4.57148, -1.6354, -45.33021],
							"lerp_mode": "catmullrom"
						},
						"3.3333": {
							"post": [-4.41201, -2.02723, -50.31739],
							"lerp_mode": "catmullrom"
						}
					},
					"position": {
						"0.0": {
							"post": [0, 0, 0],
							"lerp_mode": "catmullrom"
						},
						"0.1667": {
							"post": [1, 1, -1],
							"lerp_mode": "catmullrom"
						},
						"0.3333": {
							"post": [2, 0, 0],
							"lerp_mode": "catmullrom"
						},
						"0.5417": {
							"post": [2, 0, 0],
							"lerp_mode": "catmullrom"
						},
						"0.6667": {
							"post": [3, 0, -1],
							"lerp_mode": "catmullrom"
						},
						"0.7917": {
							"post": [3, 0, -1],
							"lerp_mode": "catmullrom"
						},
						"0.9167": {
							"post": [3, 1, -1],
							"lerp_mode": "catmullrom"
						},
						"1.0417": {
							"post": [3, 0, -1],
							"lerp_mode": "catmullrom"
						},
						"1.1667": {
							"post": [3, 0, -1],
							"lerp_mode": "catmullrom"
						},
						"1.2917": {
							"post": [3, 1, -1],
							"lerp_mode": "catmullrom"
						},
						"1.4167": {
							"post": [3, 0, -1],
							"lerp_mode": "catmullrom"
						},
						"1.5417": {
							"post": [3, 0, -1],
							"lerp_mode": "catmullrom"
						},
						"1.6667": {
							"post": [3, 1, -1],
							"lerp_mode": "catmullrom"
						},
						"1.7917": {
							"post": [3, 0, -1],
							"lerp_mode": "catmullrom"
						},
						"2.125": {
							"post": [3, 0, -1],
							"lerp_mode": "catmullrom"
						},
						"2.2083": {
							"post": [0.5, 2.5, -2.5],
							"lerp_mode": "catmullrom"
						},
						"2.2917": {
							"post": [-2, 3, -4],
							"lerp_mode": "catmullrom"
						},
						"2.4583": {
							"post": [-2, 3, -4],
							"lerp_mode": "catmullrom"
						},
						"2.5417": {
							"post": [1, 0, -1],
							"lerp_mode": "catmullrom"
						},
						"2.625": {
							"post": [2, -2, -1],
							"lerp_mode": "catmullrom"
						},
						"3.3333": {
							"post": [4, -2, -1],
							"lerp_mode": "catmullrom"
						}
					}
				},
				"rightleg": {
					"rotation": {
						"0.0": {
							"post": [0, 0, 0],
							"lerp_mode": "catmullrom"
						},
						"0.3333": {
							"post": [0, 5, 2.5],
							"lerp_mode": "catmullrom"
						},
						"0.5417": {
							"post": [0, 5, 2.5],
							"lerp_mode": "catmullrom"
						},
						"0.6667": {
							"post": [1.46491, 22.47741, -0.20569],
							"lerp_mode": "catmullrom"
						},
						"0.7917": {
							"post": [4.53847, 22.08397, 7.8893],
							"lerp_mode": "catmullrom"
						},
						"1.0417": {
							"post": [1.46491, 22.47741, -0.20569],
							"lerp_mode": "catmullrom"
						},
						"1.1667": {
							"post": [4.53847, 22.08397, 7.8893],
							"lerp_mode": "catmullrom"
						},
						"1.4167": {
							"post": [1.46491, 22.47741, -0.20569],
							"lerp_mode": "catmullrom"
						},
						"1.5417": {
							"post": [4.53847, 22.08397, 7.8893],
							"lerp_mode": "catmullrom"
						},
						"1.7917": {
							"post": [-1.38678, 11.82722, 5.44725],
							"lerp_mode": "catmullrom"
						},
						"2.125": {
							"post": [-1.39, 11.83, 5.45],
							"lerp_mode": "catmullrom"
						},
						"2.2083": {
							"post": [-0.01818, 7.02316, -1.07327],
							"lerp_mode": "catmullrom"
						},
						"2.2917": {
							"post": [1.97464, 4.703, -2.47261],
							"lerp_mode": "catmullrom"
						},
						"2.4583": {
							"post": [1.97, 4.7, -2.47],
							"lerp_mode": "catmullrom"
						},
						"2.5417": {
							"post": [8.72277, 36.79811, 5.10111],
							"lerp_mode": "catmullrom"
						},
						"3.3333": {
							"post": [9.98269, 37.61083, -1.08819],
							"lerp_mode": "catmullrom"
						}
					},
					"position": {
						"0.0": {
							"post": [0, 0, 0],
							"lerp_mode": "catmullrom"
						},
						"0.3333": {
							"post": [1, 0, 0],
							"lerp_mode": "catmullrom"
						},
						"0.5417": {
							"post": [1, 0, 0],
							"lerp_mode": "catmullrom"
						},
						"0.6667": {
							"post": [0, 0, -1],
							"lerp_mode": "catmullrom"
						},
						"0.7917": {
							"post": [-1, 1, -1],
							"lerp_mode": "catmullrom"
						},
						"0.9167": {
							"post": [-1, 0, -1],
							"lerp_mode": "catmullrom"
						},
						"1.0417": {
							"post": [0, 0, -1],
							"lerp_mode": "catmullrom"
						},
						"1.1667": {
							"post": [-1, 1, -1],
							"lerp_mode": "catmullrom"
						},
						"1.2917": {
							"post": [-1, 0, -1],
							"lerp_mode": "catmullrom"
						},
						"1.4167": {
							"post": [0, 0, -1],
							"lerp_mode": "catmullrom"
						},
						"1.5417": {
							"post": [-1, 1, -1],
							"lerp_mode": "catmullrom"
						},
						"1.6667": {
							"post": [-1, 0, -1],
							"lerp_mode": "catmullrom"
						},
						"1.7917": {
							"post": [0, 0, -1],
							"lerp_mode": "catmullrom"
						},
						"2.125": {
							"post": [0, 0, -1],
							"lerp_mode": "catmullrom"
						},
						"2.2083": {
							"post": [-0.5, 0, -0.5],
							"lerp_mode": "catmullrom"
						},
						"2.2917": {
							"post": [0, 0, 0],
							"lerp_mode": "catmullrom"
						},
						"2.4583": {
							"post": [0, 0, 0],
							"lerp_mode": "catmullrom"
						},
						"2.5417": {
							"post": [0, 0, -2],
							"lerp_mode": "catmullrom"
						},
						"2.625": {
							"post": [-3, 0, -2],
							"lerp_mode": "catmullrom"
						},
						"3.3333": {
							"post": [-4, 0, -2],
							"lerp_mode": "catmullrom"
						}
					}
				}
			}
		}
	}
}