{
	"format_version": "1.8.0",
	"animations": {
		"animation.trunks.super_masenko": {
			"animation_length": 4.5417,
			"bones": {
				"waist": {
					"rotation": {
						"0.0": {
							"post": [0, 0, 0],
							"lerp_mode": "catmullrom"
						},
						"0.125": {
							"post": [12.5, 0, 0],
							"lerp_mode": "catmullrom"
						},
						"0.25": {
							"post": [35.6484, -10.21235, -7.24677],
							"lerp_mode": "catmullrom"
						},
						"0.375": {
							"post": [45.6484, -10.21235, -7.24677],
							"lerp_mode": "catmullrom"
						},
						"0.4583": {
							"post": [4.23611, 11.63907, 0.04158],
							"lerp_mode": "catmullrom"
						},
						"0.5417": {
							"post": [-13.41387, 3.76541, -0.66794],
							"lerp_mode": "catmullrom"
						},
						"0.625": {
							"post": [-18.41387, 3.76541, -0.66794],
							"lerp_mode": "catmullrom"
						},
						"0.7083": {
							"post": [44.08613, 3.76541, -0.66794],
							"lerp_mode": "catmullrom"
						},
						"0.7917": {
							"post": [51.58613, 3.76541, -0.66794],
							"lerp_mode": "catmullrom"
						},
						"0.875": {
							"post": [51.59, 3.77, -0.67],
							"lerp_mode": "catmullrom"
						},
						"0.9583": {
							"post": [51.79332, 4.09116, 11.83247],
							"lerp_mode": "catmullrom"
						},
						"1.0417": {
							"post": [44.90834, -15.71483, 15.15866],
							"lerp_mode": "catmullrom"
						},
						"1.1667": {
							"post": [51.61088, -4.01322, -10.45873],
							"lerp_mode": "catmullrom"
						},
						"1.2917": {
							"post": [54.96659, -36.14369, -7.77741],
							"lerp_mode": "catmullrom"
						},
						"1.5": {
							"post": [57.21664, -47.24999, -26.0213],
							"lerp_mode": "catmullrom"
						},
						"1.6667": {
							"post": [38.76515, -28.56985, -2.8502],
							"lerp_mode": "catmullrom"
						},
						"1.75": {
							"post": [173.94705, -63.96255, -136.93927],
							"lerp_mode": "catmullrom"
						},
						"1.7917": {
							"post": [162.62411, -75.899, -125.74883],
							"lerp_mode": "catmullrom"
						},
						"1.8333": {
							"post": [71.53391, -84.32745, -43.68662],
							"lerp_mode": "catmullrom"
						},
						"1.875": {
							"post": [3.90659, -73.133, 14.59677],
							"lerp_mode": "catmullrom"
						},
						"1.9583": {
							"post": [3.91, -73.13, 14.6],
							"lerp_mode": "catmullrom"
						},
						"2.0833": {
							"post": [-119.61259, -88.07185, 145.72791],
							"lerp_mode": "catmullrom"
						},
						"2.2083": {
							"post": [-160.44847, -41.33524, 152.18797],
							"lerp_mode": "catmullrom"
						},
						"2.375": {
							"post": [-160.45, -41.34, 152.19],
							"lerp_mode": "catmullrom"
						},
						"2.5": {
							"post": [-166.05909, -33.41455, 170.57379],
							"lerp_mode": "catmullrom"
						},
						"2.6667": {
							"post": [-187.41117, -15.1082, 182.61725],
							"lerp_mode": "catmullrom"
						},
						"2.7917": {
							"post": [-189.91117, -15.1082, 182.61725],
							"lerp_mode": "catmullrom"
						},
						"2.875": {
							"post": [-189.91, -15.11, 182.62],
							"lerp_mode": "catmullrom"
						},
						"3.0": {
							"post": [-196.97045, -18.23693, 180.89863],
							"lerp_mode": "catmullrom"
						},
						"4.5417": {
							"post": [-196.97, -18.24, 180.9],
							"lerp_mode": "catmullrom"
						}
					},
					"position": {
						"0.0": {
							"post": [0, 0, 0],
							"lerp_mode": "catmullrom"
						},
						"0.25": {
							"post": [0, -2, 1],
							"lerp_mode": "catmullrom"
						},
						"0.375": {
							"post": [0, -3.6, 0.4],
							"lerp_mode": "catmullrom"
						},
						"0.4583": {
							"post": [0, 2, 0],
							"lerp_mode": "catmullrom"
						},
						"0.5417": {
							"post": [0, 3, 0],
							"lerp_mode": "catmullrom"
						},
						"0.625": {
							"post": [0, 3, 0],
							"lerp_mode": "catmullrom"
						},
						"0.7083": {
							"post": [0, -2, 1],
							"lerp_mode": "catmullrom"
						},
						"0.7917": {
							"post": [0, -3, 2],
							"lerp_mode": "catmullrom"
						},
						"0.875": {
							"post": [0, -3, 2],
							"lerp_mode": "catmullrom"
						},
						"0.9583": {
							"post": [1, -3, 2],
							"lerp_mode": "catmullrom"
						},
						"1.0417": {
							"post": [0, -3, 2],
							"lerp_mode": "catmullrom"
						},
						"1.75": {
							"post": [-1, -2, 2],
							"lerp_mode": "catmullrom"
						},
						"1.9583": {
							"post": [-1, -2, 2],
							"lerp_mode": "catmullrom"
						},
						"2.0833": {
							"post": [0, -2, 2],
							"lerp_mode": "catmullrom"
						},
						"2.2083": {
							"post": [0, 0, 6],
							"lerp_mode": "catmullrom"
						},
						"2.375": {
							"post": [0, 0, 6],
							"lerp_mode": "catmullrom"
						},
						"2.5": {
							"post": [0, 0, 2],
							"lerp_mode": "catmullrom"
						},
						"2.6667": {
							"post": [0, 1, 2],
							"lerp_mode": "catmullrom"
						},
						"2.7917": {
							"post": [0, 2, 2],
							"lerp_mode": "catmullrom"
						},
						"2.875": {
							"post": [0, 2, 2],
							"lerp_mode": "catmullrom"
						},
						"3.0": {
							"post": [0, -2, 2],
							"lerp_mode": "catmullrom"
						},
						"4.5417": {
							"post": [0, -2, 2],
							"lerp_mode": "catmullrom"
						}
					}
				},
				"rightarm": {
					"rotation": {
						"0.0": {
							"post": [0, 0, 0],
							"lerp_mode": "catmullrom"
						},
						"0.125": {
							"post": [-10, 0, 10],
							"lerp_mode": "catmullrom"
						},
						"0.25": {
							"post": [-46.39741, -11.04559, -3.39729],
							"lerp_mode": "catmullrom"
						},
						"0.375": {
							"post": [-59.83643, -19.00474, 9.78189],
							"lerp_mode": "catmullrom"
						},
						"0.4583": {
							"post": [-164.83643, -19.00474, 9.78189],
							"lerp_mode": "catmullrom"
						},
						"0.5417": {
							"post": [-195.49528, -3.22009, 21.42527],
							"lerp_mode": "catmullrom"
						},
						"0.625": {
							"post": [-195.5, -3.22, 21.43],
							"lerp_mode": "catmullrom"
						},
						"0.7083": {
							"post": [-57.41597, -21.63766, -9.28132],
							"lerp_mode": "catmullrom"
						},
						"0.9167": {
							"post": [-57.42, -21.64, -9.28],
							"lerp_mode": "catmullrom"
						},
						"1.0417": {
							"post": [-57.42, -21.64, -9.28],
							"lerp_mode": "catmullrom"
						},
						"1.1667": {
							"post": [-54.84115, 28.69466, -5.77036],
							"lerp_mode": "catmullrom"
						},
						"1.2917": {
							"post": [-67.14827, -6.02115, 42.06126],
							"lerp_mode": "catmullrom"
						},
						"1.375": {
							"post": [-76.541, -37.93186, 84.39599],
							"lerp_mode": "catmullrom"
						},
						"1.5": {
							"post": [-67.34698, -50.03436, -25.01788],
							"lerp_mode": "catmullrom"
						},
						"1.625": {
							"post": [-124.84698, -50.03436, -25.01788],
							"lerp_mode": "catmullrom"
						},
						"1.75": {
							"post": [-149.94219, -29.66782, -5.77651],
							"lerp_mode": "catmullrom"
						},
						"1.875": {
							"post": [-101.52621, -37.19663, -62.83707],
							"lerp_mode": "catmullrom"
						},
						"1.9583": {
							"post": [-101.53, -37.2, -62.84],
							"lerp_mode": "catmullrom"
						},
						"2.0833": {
							"post": [-128.4072, -3.31302, 20.40004],
							"lerp_mode": "catmullrom"
						},
						"2.2083": {
							"post": [-2.53643, 74.35075, 77.97058],
							"lerp_mode": "catmullrom"
						},
						"2.375": {
							"post": [36.13485, 70.50825, 118.36351],
							"lerp_mode": "catmullrom"
						},
						"2.4167": {
							"post": [-11.39514, 55.05488, 38.81119],
							"lerp_mode": "catmullrom"
						},
						"2.5": {
							"post": [-168.48595, 18.54952, -4.00742],
							"lerp_mode": "catmullrom"
						},
						"2.6667": {
							"post": [-174.17024, 9.81925, 20.59622],
							"lerp_mode": "catmullrom"
						},
						"2.7917": {
							"post": [-173.74576, 9.55607, 23.1183],
							"lerp_mode": "catmullrom"
						},
						"2.875": {
							"post": [-173.75, 9.56, 23.12],
							"lerp_mode": "catmullrom"
						},
						"4.5417": {
							"post": [-173.75, 9.56, 23.12],
							"lerp_mode": "catmullrom"
						}
					},
					"position": {
						"0.0": {
							"post": [0, 0, 0],
							"lerp_mode": "catmullrom"
						},
						"0.4583": {
							"post": [0, 2, -2],
							"lerp_mode": "catmullrom"
						},
						"0.5417": {
							"post": [1, 3, -2],
							"lerp_mode": "catmullrom"
						},
						"0.625": {
							"post": [1, 3, 0],
							"lerp_mode": "catmullrom"
						},
						"0.7083": {
							"post": [2, -1, -4],
							"lerp_mode": "catmullrom"
						},
						"0.9167": {
							"post": [2, -1, -4],
							"lerp_mode": "catmullrom"
						},
						"1.0417": {
							"post": [2, -1, -4],
							"lerp_mode": "catmullrom"
						},
						"1.1667": {
							"post": [0, -1, -5],
							"lerp_mode": "catmullrom"
						},
						"1.375": {
							"post": [0, -2, -5],
							"lerp_mode": "catmullrom"
						},
						"1.5": {
							"post": [-2, -2, -2],
							"lerp_mode": "catmullrom"
						},
						"1.625": {
							"post": [1, -6, -1],
							"lerp_mode": "catmullrom"
						},
						"1.75": {
							"post": [1, 1, -3],
							"lerp_mode": "catmullrom"
						},
						"1.875": {
							"post": [-2, -3, 2],
							"lerp_mode": "catmullrom"
						},
						"1.9583": {
							"post": [-2, -3, 2],
							"lerp_mode": "catmullrom"
						},
						"2.0833": {
							"post": [0, 3, -4],
							"lerp_mode": "catmullrom"
						},
						"2.2083": {
							"post": [-1, 1, -1],
							"lerp_mode": "catmullrom"
						},
						"2.375": {
							"post": [-2, 1, -1],
							"lerp_mode": "catmullrom"
						},
						"2.4167": {
							"post": [-2, -1.33, -0.67],
							"lerp_mode": "catmullrom"
						},
						"2.5": {
							"post": [-2, 6, 0],
							"lerp_mode": "catmullrom"
						},
						"2.6667": {
							"post": [-1, 6, 0],
							"lerp_mode": "catmullrom"
						},
						"2.7917": {
							"post": [-1, 7, 0],
							"lerp_mode": "catmullrom"
						},
						"2.875": {
							"post": [-1, 7, 0],
							"lerp_mode": "catmullrom"
						},
						"3.0": {
							"post": [-1, 4, 0],
							"lerp_mode": "catmullrom"
						},
						"4.5417": {
							"post": [-1, 4, 0],
							"lerp_mode": "catmullrom"
						}
					}
				},
				"sword": {
					"rotation": {
						"0.0": {
							"post": [0, 0, 0],
							"lerp_mode": "catmullrom"
						},
						"0.625": {
							"post": [0, 0, 0],
							"lerp_mode": "catmullrom"
						},
						"0.7083": {
							"post": [0, 0, 17.5],
							"lerp_mode": "catmullrom"
						},
						"0.7917": {
							"post": [12.5, 0, 17.5],
							"lerp_mode": "catmullrom"
						},
						"0.9167": {
							"post": [12.5, 0, 17.5],
							"lerp_mode": "catmullrom"
						},
						"1.0417": {
							"post": [12.5, 0, 17.5],
							"lerp_mode": "catmullrom"
						},
						"1.9583": {
							"post": [12.5, 0, 17.5],
							"lerp_mode": "catmullrom"
						},
						"2.0833": {
							"post": [12.5, 0, 17.5],
							"lerp_mode": "catmullrom"
						},
						"2.2083": {
							"post": [12.5, 0, 17.5],
							"lerp_mode": "catmullrom"
						},
						"2.375": {
							"post": [12.5, 0, 17.5],
							"lerp_mode": "catmullrom"
						},
						"2.875": {
							"post": [12.5, 0, 17.5],
							"lerp_mode": "catmullrom"
						},
						"4.5417": {
							"post": [12.5, 0, 17.5],
							"lerp_mode": "catmullrom"
						}
					},
					"position": {
						"0.0": {
							"post": [0, 0, 0],
							"lerp_mode": "catmullrom"
						},
						"0.625": {
							"post": [0, 0, 0],
							"lerp_mode": "catmullrom"
						},
						"0.7083": {
							"post": [1, 0, 0],
							"lerp_mode": "catmullrom"
						},
						"0.9167": {
							"post": [1, 0, 0],
							"lerp_mode": "catmullrom"
						},
						"1.0417": {
							"post": [1, 0, 0],
							"lerp_mode": "catmullrom"
						},
						"1.9583": {
							"post": [1, 0, 0],
							"lerp_mode": "catmullrom"
						},
						"2.0833": {
							"post": [1, 0, 0],
							"lerp_mode": "catmullrom"
						},
						"2.2083": {
							"post": [1, 0, 0],
							"lerp_mode": "catmullrom"
						},
						"2.375": {
							"post": [1, 0, 0],
							"lerp_mode": "catmullrom"
						},
						"2.875": {
							"post": [1, 0, 0],
							"lerp_mode": "catmullrom"
						},
						"4.5417": {
							"post": [1, 0, 0],
							"lerp_mode": "catmullrom"
						}
					}
				},
				"leftarm": {
					"rotation": {
						"0.0": {
							"post": [0, 0, 0],
							"lerp_mode": "catmullrom"
						},
						"0.125": {
							"post": [-7.43656, -0.9762, -7.43656],
							"lerp_mode": "catmullrom"
						},
						"0.25": {
							"post": [-27.45205, 0.17616, -5.21789],
							"lerp_mode": "catmullrom"
						},
						"0.375": {
							"post": [-27.91125, -10.99052, -4.99107],
							"lerp_mode": "catmullrom"
						},
						"0.4583": {
							"post": [-74.14066, 5.70587, -26.06026],
							"lerp_mode": "catmullrom"
						},
						"0.5417": {
							"post": [-186.64066, 5.70587, -26.06026],
							"lerp_mode": "catmullrom"
						},
						"0.625": {
							"post": [-186.64, 5.71, -26.06],
							"lerp_mode": "catmullrom"
						},
						"0.7083": {
							"post": [-55.73599, 22.89405, -0.35817],
							"lerp_mode": "catmullrom"
						},
						"0.9167": {
							"post": [-55.74, 22.89, -0.36],
							"lerp_mode": "catmullrom"
						},
						"1.0417": {
							"post": [-55.74, 22.89, -0.36],
							"lerp_mode": "catmullrom"
						},
						"1.1667": {
							"post": [-65.13969, 9.36994, -7.14305],
							"lerp_mode": "catmullrom"
						},
						"1.2917": {
							"post": [-83.44623, -42.90949, -12.40874],
							"lerp_mode": "catmullrom"
						},
						"1.375": {
							"post": [6.09417, -72.44893, -23.31744],
							"lerp_mode": "catmullrom"
						},
						"1.5": {
							"post": [89.24825, -43.56053, -125.13393],
							"lerp_mode": "catmullrom"
						},
						"1.6667": {
							"post": [-116.87755, -28.93557, 54.04684],
							"lerp_mode": "catmullrom"
						},
						"1.75": {
							"post": [-152.05669, -63.39324, 99.58936],
							"lerp_mode": "catmullrom"
						},
						"1.875": {
							"post": [-117.53886, -31.15906, 55.36729],
							"lerp_mode": "catmullrom"
						},
						"1.9583": {
							"post": [-117.54, -31.16, 55.37],
							"lerp_mode": "catmullrom"
						},
						"2.0833": {
							"post": [-123.50239, 7.0891, 0.24499],
							"lerp_mode": "catmullrom"
						},
						"2.2083": {
							"post": [-179.32849, 63.00248, -96.88468],
							"lerp_mode": "catmullrom"
						},
						"2.375": {
							"post": [-184.22724, 62.92484, -102.38358],
							"lerp_mode": "catmullrom"
						},
						"2.4167": {
							"post": [-151.5417, 61.03841, -98.28992],
							"lerp_mode": "catmullrom"
						},
						"2.5": {
							"post": [-165.07001, 12.32426, -3.09761],
							"lerp_mode": "catmullrom"
						},
						"2.6667": {
							"post": [-177.01559, -1.95717, -18.72279],
							"lerp_mode": "catmullrom"
						},
						"2.7917": {
							"post": [-176.93314, -1.8252, -21.22067],
							"lerp_mode": "catmullrom"
						},
						"2.875": {
							"post": [-176.93, -1.83, -21.22],
							"lerp_mode": "catmullrom"
						},
						"4.5417": {
							"post": [-176.93, -1.83, -21.22],
							"lerp_mode": "catmullrom"
						}
					},
					"position": {
						"0.0": {
							"post": [0, 0, 0],
							"lerp_mode": "catmullrom"
						},
						"0.375": {
							"post": [0, 0, 2],
							"lerp_mode": "catmullrom"
						},
						"0.4583": {
							"post": [0, -1, 0],
							"lerp_mode": "catmullrom"
						},
						"0.5417": {
							"post": [-1, 3, -1],
							"lerp_mode": "catmullrom"
						},
						"0.625": {
							"post": [-1, 3, 1],
							"lerp_mode": "catmullrom"
						},
						"0.7083": {
							"post": [-1, -1, -4],
							"lerp_mode": "catmullrom"
						},
						"0.9167": {
							"post": [-1, -1, -4],
							"lerp_mode": "catmullrom"
						},
						"1.0417": {
							"post": [-1, -1, -4],
							"lerp_mode": "catmullrom"
						},
						"1.1667": {
							"post": [1, 0, 2],
							"lerp_mode": "catmullrom"
						},
						"1.375": {
							"post": [1, 0, 4],
							"lerp_mode": "catmullrom"
						},
						"1.5": {
							"post": [0, 0, 4],
							"lerp_mode": "catmullrom"
						},
						"1.6667": {
							"post": [-2, -3, 6],
							"lerp_mode": "catmullrom"
						},
						"1.75": {
							"post": [-2, -3, 4],
							"lerp_mode": "catmullrom"
						},
						"1.875": {
							"post": [-1, -3, 4],
							"lerp_mode": "catmullrom"
						},
						"1.9583": {
							"post": [-1, -3, 4],
							"lerp_mode": "catmullrom"
						},
						"2.0833": {
							"post": [-1, 2, -2],
							"lerp_mode": "catmullrom"
						},
						"2.2083": {
							"post": [-3, 1, -5],
							"lerp_mode": "catmullrom"
						},
						"2.375": {
							"post": [-4, 1, -5],
							"lerp_mode": "catmullrom"
						},
						"2.4167": {
							"post": [-3, 0.67, -5],
							"lerp_mode": "catmullrom"
						},
						"2.5": {
							"post": [-1, 6, -5],
							"lerp_mode": "catmullrom"
						},
						"2.6667": {
							"post": [1, 5, 0],
							"lerp_mode": "catmullrom"
						},
						"2.7917": {
							"post": [1, 6, 0],
							"lerp_mode": "catmullrom"
						},
						"2.875": {
							"post": [1, 6, 0],
							"lerp_mode": "catmullrom"
						},
						"3.0": {
							"post": [1, 4, 0],
							"lerp_mode": "catmullrom"
						},
						"4.5417": {
							"post": [1, 4, 0],
							"lerp_mode": "catmullrom"
						}
					}
				},
				"head": {
					"rotation": {
						"0.0": {
							"post": [0, 0, 0],
							"lerp_mode": "catmullrom"
						},
						"0.125": {
							"post": [-7.5, 0, 0],
							"lerp_mode": "catmullrom"
						},
						"0.25": {
							"post": [-5.04292, 7.4713, -0.6574],
							"lerp_mode": "catmullrom"
						},
						"0.375": {
							"post": [-15.04292, 7.4713, -0.6574],
							"lerp_mode": "catmullrom"
						},
						"0.4583": {
							"post": [6.63403, -10.15446, 0.14389],
							"lerp_mode": "catmullrom"
						},
						"0.5417": {
							"post": [29.08888, -7.67108, 0.43523],
							"lerp_mode": "catmullrom"
						},
						"0.625": {
							"post": [34.08888, -7.67108, 0.43523],
							"lerp_mode": "catmullrom"
						},
						"0.7083": {
							"post": [-15.91112, -7.67108, 0.43523],
							"lerp_mode": "catmullrom"
						},
						"0.7917": {
							"post": [-23.86657, -3.37636, 4.02902],
							"lerp_mode": "catmullrom"
						},
						"0.875": {
							"post": [-23.87, -3.38, 4.03],
							"lerp_mode": "catmullrom"
						},
						"0.9583": {
							"post": [-23.78938, -9.97077, 1.46196],
							"lerp_mode": "catmullrom"
						},
						"1.0417": {
							"post": [-23.87, -3.38, 4.03],
							"lerp_mode": "catmullrom"
						},
						"1.25": {
							"post": [-40.36082, -51.40735, 36.13053],
							"lerp_mode": "catmullrom"
						},
						"1.6667": {
							"post": [-37.68656, -20.08642, 3.08293],
							"lerp_mode": "catmullrom"
						},
						"1.75": {
							"post": [-44.61643, 17.7417, 9.12467],
							"lerp_mode": "catmullrom"
						},
						"1.875": {
							"post": [-24.07137, -21.57687, 3.24125],
							"lerp_mode": "catmullrom"
						},
						"1.9583": {
							"post": [-24.07, -21.58, 3.24],
							"lerp_mode": "catmullrom"
						},
						"2.0833": {
							"post": [-30.47822, -3.5503, 0.78568],
							"lerp_mode": "catmullrom"
						},
						"2.2083": {
							"post": [-7.85493, -45.79663, 6.09355],
							"lerp_mode": "catmullrom"
						},
						"2.375": {
							"post": [-8.66064, -50.74497, 7.17214],
							"lerp_mode": "catmullrom"
						},
						"2.5": {
							"post": [-28.74169, 28.78945, -2.5697],
							"lerp_mode": "catmullrom"
						},
						"2.6667": {
							"post": [-26.95384, 3.1705, 2.57108],
							"lerp_mode": "catmullrom"
						},
						"2.875": {
							"post": [-26.95, 3.17, 2.57],
							"lerp_mode": "catmullrom"
						},
						"3.0": {
							"post": [-26.91279, -1.28833, 4.83435],
							"lerp_mode": "catmullrom"
						},
						"4.5417": {
							"post": [-26.91, -1.29, 4.83],
							"lerp_mode": "catmullrom"
						}
					},
					"position": {
						"0.0": {
							"post": [0, 0, 0],
							"lerp_mode": "catmullrom"
						},
						"0.625": {
							"post": [0, 0, 0],
							"lerp_mode": "catmullrom"
						},
						"0.875": {
							"post": [0, 0, 0],
							"lerp_mode": "catmullrom"
						},
						"1.0417": {
							"post": [0, 0, 0],
							"lerp_mode": "catmullrom"
						},
						"1.9583": {
							"post": [0, 0, 0],
							"lerp_mode": "catmullrom"
						},
						"2.0833": {
							"post": [0, 0, 0],
							"lerp_mode": "catmullrom"
						},
						"2.2083": {
							"post": [0, 0, 0],
							"lerp_mode": "catmullrom"
						},
						"2.375": {
							"post": [0, 0, 0],
							"lerp_mode": "catmullrom"
						},
						"2.875": {
							"post": [0, 0, 0],
							"lerp_mode": "catmullrom"
						},
						"4.5417": {
							"post": [0, 0, 0],
							"lerp_mode": "catmullrom"
						}
					}
				},
				"rightleg": {
					"rotation": {
						"0.0": {
							"post": [0, 0, 0],
							"lerp_mode": "catmullrom"
						},
						"0.125": {
							"post": [0, 12.5, 2.5],
							"lerp_mode": "catmullrom"
						},
						"0.25": {
							"post": [45, 12.5, 2.5],
							"lerp_mode": "catmullrom"
						},
						"0.375": {
							"post": [52.5, 12.5, 2.5],
							"lerp_mode": "catmullrom"
						},
						"0.5417": {
							"post": [2.5, 12.5, 2.5],
							"lerp_mode": "catmullrom"
						},
						"0.625": {
							"post": [2.5, 12.5, 2.5],
							"lerp_mode": "catmullrom"
						},
						"0.7083": {
							"post": [25.01688, 21.18784, -2.12406],
							"lerp_mode": "catmullrom"
						},
						"0.7917": {
							"post": [27.51688, 21.18784, -2.12406],
							"lerp_mode": "catmullrom"
						},
						"0.875": {
							"post": [27.52, 21.19, -2.12],
							"lerp_mode": "catmullrom"
						},
						"0.9583": {
							"post": [31.64955, 13.74739, 11.54844],
							"lerp_mode": "catmullrom"
						},
						"1.0417": {
							"post": [27.52, 21.19, -2.12],
							"lerp_mode": "catmullrom"
						},
						"1.1667": {
							"post": [26.73604, 16.73936, -4.53017],
							"lerp_mode": "catmullrom"
						},
						"1.3333": {
							"post": [31.06144, 3.24159, 19.86598],
							"lerp_mode": "catmullrom"
						},
						"1.5": {
							"post": [13.56144, 3.24159, 19.86598],
							"lerp_mode": "catmullrom"
						},
						"1.6667": {
							"post": [-21.29594, -4.1101, 1.25284],
							"lerp_mode": "catmullrom"
						},
						"1.9583": {
							"post": [-21.3, -4.11, 1.25],
							"lerp_mode": "catmullrom"
						},
						"2.0833": {
							"post": [-21.3, -4.11, 1.25],
							"lerp_mode": "catmullrom"
						},
						"2.2083": {
							"post": [-21.3, -4.11, 1.25],
							"lerp_mode": "catmullrom"
						},
						"2.375": {
							"post": [-21.84054, -9.25203, 8.69691],
							"lerp_mode": "catmullrom"
						},
						"2.5": {
							"post": [-25.07119, -29.94268, 18.15332],
							"lerp_mode": "catmullrom"
						},
						"2.6667": {
							"post": [-23.37237, -61.49678, 6.39636],
							"lerp_mode": "catmullrom"
						},
						"2.875": {
							"post": [-23.37, -61.5, 6.4],
							"lerp_mode": "catmullrom"
						},
						"3.0": {
							"post": [-48.56219, -51.76754, 27.43728],
							"lerp_mode": "catmullrom"
						},
						"4.5417": {
							"post": [-48.56, -51.77, 27.44],
							"lerp_mode": "catmullrom"
						}
					},
					"position": {
						"0.0": {
							"post": [0, 0, 0],
							"lerp_mode": "catmullrom"
						},
						"0.125": {
							"post": [-0.5, -0.5, 0],
							"lerp_mode": "catmullrom"
						},
						"0.25": {
							"post": [-1, -3, 0],
							"lerp_mode": "catmullrom"
						},
						"0.375": {
							"post": [-1, -4, 0],
							"lerp_mode": "catmullrom"
						},
						"0.4583": {
							"post": [-1, 3, -6],
							"lerp_mode": "catmullrom"
						},
						"0.5417": {
							"post": [-1, 5, -4],
							"lerp_mode": "catmullrom"
						},
						"0.625": {
							"post": [-1, 6, -4],
							"lerp_mode": "catmullrom"
						},
						"0.7083": {
							"post": [-1, -2, -4],
							"lerp_mode": "catmullrom"
						},
						"0.7917": {
							"post": [-1, -2, -4],
							"lerp_mode": "catmullrom"
						},
						"0.9167": {
							"post": [-1, -2, -4],
							"lerp_mode": "catmullrom"
						},
						"1.0417": {
							"post": [-1, -2, -4],
							"lerp_mode": "catmullrom"
						},
						"1.1667": {
							"post": [0, -2, -4],
							"lerp_mode": "catmullrom"
						},
						"1.3333": {
							"post": [3, -2, -4],
							"lerp_mode": "catmullrom"
						},
						"1.5": {
							"post": [5, -2, -4],
							"lerp_mode": "catmullrom"
						},
						"1.6667": {
							"post": [9, -1, -1],
							"lerp_mode": "catmullrom"
						},
						"1.75": {
							"post": [7, -1, -1],
							"lerp_mode": "catmullrom"
						},
						"1.9583": {
							"post": [7, -1, -1],
							"lerp_mode": "catmullrom"
						},
						"2.0833": {
							"post": [8, -1, -1],
							"lerp_mode": "catmullrom"
						},
						"2.2083": {
							"post": [4, -1, 3],
							"lerp_mode": "catmullrom"
						},
						"2.375": {
							"post": [4, -1, 3],
							"lerp_mode": "catmullrom"
						},
						"2.5": {
							"post": [8, -1, 3],
							"lerp_mode": "catmullrom"
						},
						"2.6667": {
							"post": [6, 0, 3],
							"lerp_mode": "catmullrom"
						},
						"2.7917": {
							"post": [6, 0, 3],
							"lerp_mode": "catmullrom"
						},
						"2.875": {
							"post": [6, 0, 3],
							"lerp_mode": "catmullrom"
						},
						"3.0": {
							"post": [7, -1, 5],
							"lerp_mode": "catmullrom"
						},
						"4.5417": {
							"post": [7, -1, 5],
							"lerp_mode": "catmullrom"
						}
					}
				},
				"leftleg": {
					"rotation": {
						"0.0": {
							"post": [0, 0, 0],
							"lerp_mode": "catmullrom"
						},
						"0.125": {
							"post": [0, -5, 0],
							"lerp_mode": "catmullrom"
						},
						"0.25": {
							"post": [15, -5, 0],
							"lerp_mode": "catmullrom"
						},
						"0.375": {
							"post": [20, -5, 0],
							"lerp_mode": "catmullrom"
						},
						"0.5417": {
							"post": [40, -5, 0],
							"lerp_mode": "catmullrom"
						},
						"0.625": {
							"post": [50, -5, 0],
							"lerp_mode": "catmullrom"
						},
						"0.7083": {
							"post": [48.99124, -12.612, 6.56779],
							"lerp_mode": "catmullrom"
						},
						"0.7917": {
							"post": [58.99124, -12.612, 6.56779],
							"lerp_mode": "catmullrom"
						},
						"0.875": {
							"post": [58.99, -12.61, 6.57],
							"lerp_mode": "catmullrom"
						},
						"0.9583": {
							"post": [58.30486, -16.88072, 9.2595],
							"lerp_mode": "catmullrom"
						},
						"1.0417": {
							"post": [58.99, -12.61, 6.57],
							"lerp_mode": "catmullrom"
						},
						"1.1667": {
							"post": [57.73822, 19.63156, -12.87986],
							"lerp_mode": "catmullrom"
						},
						"1.2917": {
							"post": [72.06015, 1.42216, 1.3732],
							"lerp_mode": "catmullrom"
						},
						"1.375": {
							"post": [58.22105, -54.21886, 28.51713],
							"lerp_mode": "catmullrom"
						},
						"1.5": {
							"post": [30.72105, -54.21886, 28.51713],
							"lerp_mode": "catmullrom"
						},
						"1.6667": {
							"post": [18.23704, -17.35967, 48.64062],
							"lerp_mode": "catmullrom"
						},
						"1.875": {
							"post": [18.5014, -19.73232, 47.80968],
							"lerp_mode": "catmullrom"
						},
						"1.9583": {
							"post": [18.5, -19.73, 47.81],
							"lerp_mode": "catmullrom"
						},
						"2.0833": {
							"post": [18.5, -19.73, 47.81],
							"lerp_mode": "catmullrom"
						},
						"2.2083": {
							"post": [-51.5, -19.73, 47.81],
							"lerp_mode": "catmullrom"
						},
						"2.375": {
							"post": [-3.97415, -54.02858, -22.25256],
							"lerp_mode": "catmullrom"
						},
						"2.5": {
							"post": [108.22449, -63.61326, -99.56004],
							"lerp_mode": "catmullrom"
						},
						"2.6667": {
							"post": [-25.65714, -73.28854, 48.30332],
							"lerp_mode": "catmullrom"
						},
						"2.875": {
							"post": [-25.66, -73.29, 48.3],
							"lerp_mode": "catmullrom"
						},
						"3.0": {
							"post": [-38.68304, -70.60922, 61.9872],
							"lerp_mode": "catmullrom"
						},
						"4.5417": {
							"post": [-38.68, -70.61, 61.99],
							"lerp_mode": "catmullrom"
						}
					},
					"position": {
						"0.0": {
							"post": [0, 0, 0],
							"lerp_mode": "catmullrom"
						},
						"0.125": {
							"post": [0, -0.5, -0.5],
							"lerp_mode": "catmullrom"
						},
						"0.25": {
							"post": [0, -1, -5],
							"lerp_mode": "catmullrom"
						},
						"0.375": {
							"post": [0, -1, -6],
							"lerp_mode": "catmullrom"
						},
						"0.4583": {
							"post": [0, 1, -1],
							"lerp_mode": "catmullrom"
						},
						"0.5417": {
							"post": [0, 1, -2],
							"lerp_mode": "catmullrom"
						},
						"0.625": {
							"post": [0, 1, -2],
							"lerp_mode": "catmullrom"
						},
						"0.7083": {
							"post": [1, -3, -2],
							"lerp_mode": "catmullrom"
						},
						"0.7917": {
							"post": [1, -4, -2],
							"lerp_mode": "catmullrom"
						},
						"0.875": {
							"post": [1, -4, -2],
							"lerp_mode": "catmullrom"
						},
						"0.9583": {
							"post": [3, -4, -2],
							"lerp_mode": "catmullrom"
						},
						"1.0417": {
							"post": [1, -4, -2],
							"lerp_mode": "catmullrom"
						},
						"1.1667": {
							"post": [4, -4, -2],
							"lerp_mode": "catmullrom"
						},
						"1.2917": {
							"post": [2, -4, 5],
							"lerp_mode": "catmullrom"
						},
						"1.5": {
							"post": [2, -3, 5],
							"lerp_mode": "catmullrom"
						},
						"1.6667": {
							"post": [-2, -4, 4],
							"lerp_mode": "catmullrom"
						},
						"1.75": {
							"post": [-4, -4, 4],
							"lerp_mode": "catmullrom"
						},
						"1.875": {
							"post": [-4, -4, 5],
							"lerp_mode": "catmullrom"
						},
						"1.9583": {
							"post": [-4, -4, 5],
							"lerp_mode": "catmullrom"
						},
						"2.0833": {
							"post": [2, -4, 5],
							"lerp_mode": "catmullrom"
						},
						"2.2083": {
							"post": [-1, -1, 13],
							"lerp_mode": "catmullrom"
						},
						"2.375": {
							"post": [-2, 0, 13],
							"lerp_mode": "catmullrom"
						},
						"2.5": {
							"post": [-4, -1, 5],
							"lerp_mode": "catmullrom"
						},
						"2.6667": {
							"post": [-4, 0, 5],
							"lerp_mode": "catmullrom"
						},
						"2.875": {
							"post": [-4, 0, 5],
							"lerp_mode": "catmullrom"
						},
						"3.0": {
							"post": [-4, -1, 7],
							"lerp_mode": "catmullrom"
						},
						"4.5417": {
							"post": [-4, -1, 7],
							"lerp_mode": "catmullrom"
						}
					}
				},
				"locator": {
					"rotation": {
						"2.8333": [0, 0, 0],
						"2.875": [-180, 0, 0]
					},
					"position": [0, 43, 3]
				},
				"locator2": {
					"position": {
						"2.875": [0, 0, 0],
						"3.2917": [0, 191, 0],
						"3.9167": [0, 408, 0]
					}
				},
				"aura": {
					"rotation": {
						"2.0833": [0, 0, 0],
						"2.125": [0, 0, -25],
						"2.5417": [0, 0, -25],
						"2.5833": [0, 0, 2.5]
					},
					"position": {
						"1.0833": [0, 7, 0],
						"2.0833": [0, 7, 0],
						"2.125": [0, 20, 0],
						"2.5417": [0, 20, 0],
						"2.5833": [0, 40, 0]
					}
				},
				"root": {
					"rotation": {
						"0.0": {
							"post": [0, 0, 0],
							"lerp_mode": "catmullrom"
						},
						"0.9583": {
							"post": [0, 0, 0],
							"lerp_mode": "catmullrom"
						},
						"1.0833": {
							"post": [0, -127.5, 0],
							"lerp_mode": "catmullrom"
						},
						"1.1667": {
							"post": [0, -180, 0],
							"lerp_mode": "catmullrom"
						},
						"1.2917": {
							"post": [0, -185, 0],
							"lerp_mode": "catmullrom"
						},
						"1.375": {
							"post": [0, -260, 0],
							"lerp_mode": "catmullrom"
						},
						"1.5417": {
							"post": [0, -267.5, 0],
							"lerp_mode": "catmullrom"
						},
						"1.9583": {
							"post": [0, -267.5, 0],
							"lerp_mode": "catmullrom"
						},
						"2.0833": {
							"post": [0, -267.5, 0],
							"lerp_mode": "catmullrom"
						},
						"2.2083": {
							"post": [0, -310, 0],
							"lerp_mode": "catmullrom"
						},
						"2.375": {
							"post": [0, -505, 0],
							"lerp_mode": "catmullrom"
						},
						"2.5": {
							"post": [0, -557.5, 0],
							"lerp_mode": "catmullrom"
						},
						"2.875": {
							"post": [0, -557.5, 0],
							"lerp_mode": "catmullrom"
						},
						"4.5417": {
							"post": [0, -557.5, 0],
							"lerp_mode": "catmullrom"
						}
					},
					"position": {
						"0.0": {
							"post": [0, 0, 0],
							"lerp_mode": "catmullrom"
						},
						"0.9583": {
							"post": [0, 0, 0],
							"lerp_mode": "catmullrom"
						},
						"1.2917": {
							"post": [0, 0, 0],
							"lerp_mode": "catmullrom"
						},
						"1.6667": {
							"post": [0, 0, 2],
							"lerp_mode": "catmullrom"
						},
						"1.9583": {
							"post": [0, 0, 2],
							"lerp_mode": "catmullrom"
						},
						"2.0833": {
							"post": [0, 0, 2],
							"lerp_mode": "catmullrom"
						},
						"2.2083": {
							"post": [0, 0, 2],
							"lerp_mode": "catmullrom"
						},
						"2.375": {
							"post": [0, 0, 2],
							"lerp_mode": "catmullrom"
						},
						"2.875": {
							"post": [0, 0, 2],
							"lerp_mode": "catmullrom"
						},
						"4.5417": {
							"post": [0, 0, 2],
							"lerp_mode": "catmullrom"
						}
					}
				},
				"aura2": {
					"rotation": {
						"0.7083": [180, -35, -90],
						"1.6667": [180, -35, -90]
					},
					"position": {
						"0.7083": [0, 3, -29],
						"1.6667": [0, 3, -29],
						"1.7083": [0, 21, -18]
					}
				}
			},
			"particle_effects": {
				"0.7083": {
					"effect": "low_n1slash",
					"locator": "aura2"
				},
				"1.0833": {
					"effect": "trhows2",
					"locator": "aura"
				},
				"1.7083": [
					{
						"effect": "punch",
						"locator": "aura2"
					},
					{
						"effect": "punch2",
						"locator": "aura2"
					}
				],
				"2.125": {
					"effect": "trhows2",
					"locator": "aura"
				},
				"2.5417": [
					{
						"effect": "masenko1_3",
						"locator": "p"
					},
					{
						"effect": "masenko1_4",
						"locator": "p"
					},
					{
						"effect": "masenko1_3",
						"locator": "p"
					}
				],
				"2.5833": {
					"effect": "trhows2",
					"locator": "aura"
				},
				"2.875": [
					{
						"effect": "pms_masen",
						"locator": "p"
					},
					{
						"effect": "masen",
						"locator": "p"
					},
					{
						"effect": "masenko1",
						"locator": "p2"
					}
				]
			}
		}
	}
}