{
	"format_version": "1.8.0",
	"animations": {
		"animation.turles.stop": {
			"loop": true,
			"animation_length": 1.5417,
			"bones": {
				"waist": {
					"rotation": {
						"0.0": {
							"post": [0, -7.5, 0],
							"lerp_mode": "catmullrom"
						},
						"0.7083": {
							"post": [2.5, -7.5, 0],
							"lerp_mode": "catmullrom"
						},
						"1.0833": {
							"post": [4.28571, -7.5, 0],
							"lerp_mode": "catmullrom"
						},
						"1.5417": {
							"post": [0, -7.5, 0],
							"lerp_mode": "catmullrom"
						}
					}
				},
				"rightarm": {
					"rotation": {
						"0.0": {
							"post": [-12.61391, 0.34903, 7.47255],
							"lerp_mode": "catmullrom"
						},
						"0.7083": {
							"post": [-7.61391, 0.34903, 7.47255],
							"lerp_mode": "catmullrom"
						},
						"1.0833": {
							"post": [-12.61391, 0.34903, 7.47255],
							"lerp_mode": "catmullrom"
						},
						"1.5417": {
							"post": [-12.61391, 0.34903, 7.47255],
							"lerp_mode": "catmullrom"
						}
					},
					"position": {
						"0.0": {
							"post": [0, 0, 1],
							"lerp_mode": "catmullrom"
						},
						"0.7083": {
							"post": [0, 0, 1],
							"lerp_mode": "catmullrom"
						},
						"1.5417": {
							"post": [0, 0, 1],
							"lerp_mode": "catmullrom"
						}
					}
				},
				"leftarm": {
					"rotation": {
						"0.0": {
							"post": [-7.5, 0, -7.5],
							"lerp_mode": "catmullrom"
						},
						"0.7083": {
							"post": [-5, 0, -7.5],
							"lerp_mode": "catmullrom"
						},
						"1.1667": {
							"post": [-7.5, 0, -7.5],
							"lerp_mode": "catmullrom"
						},
						"1.5417": {
							"post": [-7.5, 0, -7.5],
							"lerp_mode": "catmullrom"
						}
					},
					"position": {
						"0.0": {
							"post": [0, 0, 1],
							"lerp_mode": "catmullrom"
						},
						"0.7083": {
							"post": [0, 0, 1],
							"lerp_mode": "catmullrom"
						},
						"1.5417": {
							"post": [0, 0, 1],
							"lerp_mode": "catmullrom"
						}
					}
				},
				"head": {
					"rotation": {
						"0.0": {
							"post": [0, 10, 0],
							"lerp_mode": "catmullrom"
						},
						"0.7083": {
							"post": [-2.5, 10, 0],
							"lerp_mode": "catmullrom"
						},
						"1.0833": {
							"post": [0, 10, 0],
							"lerp_mode": "catmullrom"
						},
						"1.5417": {
							"post": [0, 10, 0],
							"lerp_mode": "catmullrom"
						}
					}
				},
				"rightleg": {
					"rotation": {
						"0.0": {
							"post": [0, 12.5, 5],
							"lerp_mode": "catmullrom"
						},
						"0.7083": {
							"post": [0, 12.5, 5],
							"lerp_mode": "catmullrom"
						},
						"1.5417": {
							"post": [0, 12.5, 5],
							"lerp_mode": "catmullrom"
						}
					}
				},
				"leftleg": {
					"rotation": {
						"0.0": {
							"post": [0, -2.5, -2.5],
							"lerp_mode": "catmullrom"
						},
						"0.7083": {
							"post": [0, -2.5, -2.5],
							"lerp_mode": "catmullrom"
						},
						"1.5417": {
							"post": [0, -2.5, -2.5],
							"lerp_mode": "catmullrom"
						}
					}
				}
			}
		}
	}
}