{
	"format_version": "1.8.0",
	"animations": {
		"animation.vegetto.stop": {
			"loop": true,
			"animation_length": 1.8333,
			"bones": {
				"waist": {
					"rotation": {
						"0.0": {
							"post": [-7.52497, 5.28339, 1.82465],
							"lerp_mode": "catmullrom"
						},
						"0.4583": {
							"post": [-5.02497, 5.28339, 1.82465],
							"lerp_mode": "catmullrom"
						},
						"0.7083": {
							"post": [-0.02497, 5.28339, 1.82465],
							"lerp_mode": "catmullrom"
						},
						"1.8333": {
							"post": [-7.52497, 5.28339, 1.82465],
							"lerp_mode": "catmullrom"
						}
					},
					"position": {
						"0.0": {
							"post": [0, 1, 0],
							"lerp_mode": "catmullrom"
						},
						"0.4583": {
							"post": [0, 0, 0],
							"lerp_mode": "catmullrom"
						},
						"1.8333": {
							"post": [0, 1, 0],
							"lerp_mode": "catmullrom"
						}
					}
				},
				"body": {
					"rotation": {
						"0.0": [0, 0, 0],
						"1.8333": [0, 0, 0]
					}
				},
				"rightarm": {
					"rotation": {
						"0.0": {
							"post": [-15.6725, -59.25636, -54.97296],
							"lerp_mode": "catmullrom"
						},
						"0.4583": {
							"post": [-18.1725, -59.25636, -54.97296],
							"lerp_mode": "catmullrom"
						},
						"1.8333": {
							"post": [-15.6725, -59.25636, -54.97296],
							"lerp_mode": "catmullrom"
						}
					},
					"position": {
						"0.0": {
							"post": [0, -2, -3],
							"lerp_mode": "catmullrom"
						},
						"0.7083": {
							"post": [0, -3, -3],
							"lerp_mode": "catmullrom"
						},
						"1.8333": {
							"post": [0, -2, -3],
							"lerp_mode": "catmullrom"
						}
					}
				},
				"leftarm": {
					"rotation": {
						"0.0": {
							"post": [-105.80725, 57.72302, -33.84347],
							"lerp_mode": "catmullrom"
						},
						"0.4583": {
							"post": [-108.30725, 57.72302, -33.84347],
							"lerp_mode": "catmullrom"
						},
						"1.8333": {
							"post": [-105.80725, 57.72302, -33.84347],
							"lerp_mode": "catmullrom"
						}
					},
					"position": {
						"0.0": {
							"post": [0, -2, -2],
							"lerp_mode": "catmullrom"
						},
						"0.7083": {
							"post": [0, -3, -2],
							"lerp_mode": "catmullrom"
						},
						"1.8333": {
							"post": [0, -2, -2],
							"lerp_mode": "catmullrom"
						}
					}
				},
				"head": {
					"rotation": {
						"0.0": {
							"post": [10.37257, -3.30062, -2.77971],
							"lerp_mode": "catmullrom"
						},
						"0.4583": {
							"post": [7.87257, -3.30062, -2.77971],
							"lerp_mode": "catmullrom"
						},
						"0.7083": {
							"post": [0.59045, -3.30062, -2.77971],
							"lerp_mode": "catmullrom"
						},
						"1.8333": {
							"post": [10.37257, -3.30062, -2.77971],
							"lerp_mode": "catmullrom"
						}
					}
				},
				"leftleg": {
					"rotation": {
						"0.0": {
							"post": [3.39381, -7.73771, 4.44542],
							"lerp_mode": "catmullrom"
						},
						"0.4583": {
							"post": [15.89381, -7.73771, 4.44542],
							"lerp_mode": "catmullrom"
						},
						"0.7083": {
							"post": [3.39381, -7.73771, 4.44542],
							"lerp_mode": "catmullrom"
						},
						"1.8333": {
							"post": [3.39381, -7.73771, 4.44542],
							"lerp_mode": "catmullrom"
						}
					},
					"position": {
						"0.0": {
							"post": [1, 1, -1],
							"lerp_mode": "catmullrom"
						},
						"0.4583": {
							"post": [1, 0, -2],
							"lerp_mode": "catmullrom"
						},
						"0.7083": {
							"post": [1, 0.09, -0.91],
							"lerp_mode": "catmullrom"
						},
						"1.8333": {
							"post": [1, 1, -1],
							"lerp_mode": "catmullrom"
						}
					}
				},
				"rightleg": {
					"rotation": {
						"0.0": {
							"post": [10.08513, 7.8195, -1.15233],
							"lerp_mode": "catmullrom"
						},
						"0.4583": {
							"post": [0.08513, 7.8195, -1.15233],
							"lerp_mode": "catmullrom"
						},
						"0.7083": {
							"post": [-7.41487, 7.8195, -1.15233],
							"lerp_mode": "catmullrom"
						},
						"1.8333": {
							"post": [10.08513, 7.8195, -1.15233],
							"lerp_mode": "catmullrom"
						}
					},
					"position": {
						"0.0": {
							"post": [0, 4, -4],
							"lerp_mode": "catmullrom"
						},
						"1.8333": {
							"post": [0, 4, -4],
							"lerp_mode": "catmullrom"
						}
					}
				}
			}
		},
		"animation.vegetto.attack1": {
			"loop": true,
			"animation_length": 0.6667,
			"bones": {
				"root": {
					"rotation": {
						"0.0": {
							"post": [0, 0, 0],
							"lerp_mode": "catmullrom"
						},
						"0.1667": {
							"post": [0, 0, -7.5],
							"lerp_mode": "catmullrom"
						},
						"0.6667": {
							"post": [0, 0, -7.5],
							"lerp_mode": "catmullrom"
						}
					},
					"position": {
						"0.0": {
							"post": [0, 0, 0],
							"lerp_mode": "catmullrom"
						},
						"0.1667": {
							"post": [-4.78, 0, 0],
							"lerp_mode": "catmullrom"
						},
						"0.375": {
							"post": [-4, 0, 0],
							"lerp_mode": "catmullrom"
						},
						"0.5": {
							"post": [2, 0, -2],
							"lerp_mode": "catmullrom"
						},
						"0.6667": {
							"post": [2, 0, -3],
							"lerp_mode": "catmullrom"
						}
					},
					"scale": {
						"0.0": {
							"post": [1, 1, 1],
							"lerp_mode": "catmullrom"
						},
						"0.1667": {
							"post": [1, 1, 1],
							"lerp_mode": "catmullrom"
						},
						"0.375": {
							"post": [1, 1, 1],
							"lerp_mode": "catmullrom"
						},
						"0.4583": {
							"post": [1.4, 0.7, 1],
							"lerp_mode": "catmullrom"
						},
						"0.5833": {
							"post": [1, 1, 1],
							"lerp_mode": "catmullrom"
						},
						"0.6667": {
							"post": [1, 1, 1],
							"lerp_mode": "catmullrom"
						}
					}
				},
				"waist": {
					"rotation": {
						"0.0": {
							"post": [0, 0, 0],
							"lerp_mode": "catmullrom"
						},
						"0.125": {
							"post": [-5.04292, 7.4713, 1.8426],
							"lerp_mode": "catmullrom"
						},
						"0.25": {
							"post": [-5.42832, 24.86419, 6.84154],
							"lerp_mode": "catmullrom"
						},
						"0.375": {
							"post": [-2.98836, 25.11177, 29.30422],
							"lerp_mode": "catmullrom"
						},
						"0.4583": {
							"post": [-25.03562, -22.96077, 51.06782],
							"lerp_mode": "catmullrom"
						},
						"0.5417": {
							"post": [-17.23727, -20.57495, 50.26348],
							"lerp_mode": "catmullrom"
						},
						"0.6667": {
							"post": [-68.94062, -70.55384, 98.91398],
							"lerp_mode": "catmullrom"
						}
					},
					"position": {
						"0.0": {
							"post": [0, 0, 0],
							"lerp_mode": "catmullrom"
						},
						"0.125": {
							"post": [0, 0, 0],
							"lerp_mode": "catmullrom"
						}
					}
				},
				"rightarm": {
					"rotation": {
						"0.0": {
							"post": [0, 0, 0],
							"lerp_mode": "catmullrom"
						},
						"0.125": {
							"post": [0, 0, 7.5],
							"lerp_mode": "catmullrom"
						},
						"0.25": {
							"post": [-41.80714, -46.04425, 22.45112],
							"lerp_mode": "catmullrom"
						},
						"0.375": {
							"post": [-71.44051, -37.61971, 29.75086],
							"lerp_mode": "catmullrom"
						},
						"0.4583": {
							"post": [46.47375, -12.08785, 10.40565],
							"lerp_mode": "catmullrom"
						},
						"0.5417": {
							"post": [48.97375, -12.08785, 10.40565],
							"lerp_mode": "catmullrom"
						},
						"0.6667": {
							"post": [9.30426, 29.91899, 15.32575],
							"lerp_mode": "catmullrom"
						}
					},
					"position": {
						"0.0": {
							"post": [0, 0, 0],
							"lerp_mode": "catmullrom"
						},
						"0.125": {
							"post": [0, 0, 0],
							"lerp_mode": "catmullrom"
						},
						"0.25": {
							"post": [0, 0, -1],
							"lerp_mode": "catmullrom"
						},
						"0.375": {
							"post": [0, 0, -2],
							"lerp_mode": "catmullrom"
						},
						"0.4583": {
							"post": [0, 0, 3],
							"lerp_mode": "catmullrom"
						},
						"0.6667": {
							"post": [0, 0, 3],
							"lerp_mode": "catmullrom"
						}
					}
				},
				"leftarm": {
					"rotation": {
						"0.0": {
							"post": [0, 0, 0],
							"lerp_mode": "catmullrom"
						},
						"0.125": {
							"post": [-3.92557, 0.93162, 2.30237],
							"lerp_mode": "catmullrom"
						},
						"0.25": {
							"post": [9.65279, -4.35556, -23.99833],
							"lerp_mode": "catmullrom"
						},
						"0.375": {
							"post": [32.15279, -4.35556, -23.99833],
							"lerp_mode": "catmullrom"
						},
						"0.4583": {
							"post": [-70.8344, 62.54527, 20.79985],
							"lerp_mode": "catmullrom"
						},
						"0.5417": {
							"post": [-85.0561, 66.58927, 4.89916],
							"lerp_mode": "catmullrom"
						},
						"0.6667": {
							"post": [-87.14181, 46.63144, 2.43904],
							"lerp_mode": "catmullrom"
						}
					},
					"position": {
						"0.0": {
							"post": [0, 0, 0],
							"lerp_mode": "catmullrom"
						},
						"0.125": {
							"post": [0, 0, 0],
							"lerp_mode": "catmullrom"
						},
						"0.25": {
							"post": [0, 0, 1],
							"lerp_mode": "catmullrom"
						},
						"0.375": {
							"post": [0, 0, 2],
							"lerp_mode": "catmullrom"
						},
						"0.4583": {
							"post": [0, -1, -2],
							"lerp_mode": "catmullrom"
						},
						"0.6667": {
							"post": [0, -1, -2],
							"lerp_mode": "catmullrom"
						}
					}
				},
				"head": {
					"rotation": {
						"0.0": {
							"post": [0, 0, 0],
							"lerp_mode": "catmullrom"
						},
						"0.125": {
							"post": [0, 0, 0],
							"lerp_mode": "catmullrom"
						},
						"0.25": {
							"post": [0, -17.5, -5],
							"lerp_mode": "catmullrom"
						},
						"0.375": {
							"post": [3.84938, -22.05212, -12.36951],
							"lerp_mode": "catmullrom"
						},
						"0.4583": {
							"post": [11.72289, 8.07366, -30.47453],
							"lerp_mode": "catmullrom"
						},
						"0.5417": {
							"post": [15.53882, 0.02852, -19.66218],
							"lerp_mode": "catmullrom"
						},
						"0.6667": {
							"post": [14.38633, 30.52806, -8.53692],
							"lerp_mode": "catmullrom"
						}
					},
					"position": {
						"0.0": {
							"post": [0, 0, 0],
							"lerp_mode": "catmullrom"
						},
						"0.125": {
							"post": [0, 0, 0],
							"lerp_mode": "catmullrom"
						},
						"0.6667": {
							"post": [0, 0, 0],
							"lerp_mode": "catmullrom"
						}
					}
				},
				"leftleg": {
					"rotation": {
						"0.0": {
							"post": [0, 0, 0],
							"lerp_mode": "catmullrom"
						},
						"0.125": {
							"post": [0, -2.5, 0],
							"lerp_mode": "catmullrom"
						},
						"0.375": {
							"post": [0, -10, 0],
							"lerp_mode": "catmullrom"
						},
						"0.4583": {
							"post": [12.22794, -33.64409, 18.11321],
							"lerp_mode": "catmullrom"
						},
						"0.5417": {
							"post": [33.76991, -67.68106, -2.09109],
							"lerp_mode": "catmullrom"
						},
						"0.6667": {
							"post": [131.91295, -76.29381, -107.77707],
							"lerp_mode": "catmullrom"
						}
					},
					"position": {
						"0.0": {
							"post": [0, 0, 0],
							"lerp_mode": "catmullrom"
						},
						"0.125": {
							"post": [0, 0, 0],
							"lerp_mode": "catmullrom"
						},
						"0.4583": {
							"post": [1, -1, 0],
							"lerp_mode": "catmullrom"
						},
						"0.5417": {
							"post": [-1, -1, 0],
							"lerp_mode": "catmullrom"
						},
						"0.6667": {
							"post": [-1, -1, 1],
							"lerp_mode": "catmullrom"
						}
					}
				},
				"rightleg": {
					"rotation": {
						"0.0": {
							"post": [0, 0, 0],
							"lerp_mode": "catmullrom"
						},
						"0.125": {
							"post": [22.41448, -0.65364, 7.48578],
							"lerp_mode": "catmullrom"
						},
						"0.25": {
							"post": [42.30715, -10.72959, 33.23666],
							"lerp_mode": "catmullrom"
						},
						"0.375": {
							"post": [61.41707, -1.40344, 41.61623],
							"lerp_mode": "catmullrom"
						},
						"0.4583": {
							"post": [-155.50383, -24.02241, 90.59879],
							"lerp_mode": "catmullrom"
						},
						"0.5417": {
							"post": [-160.53928, -19.41851, 107.06026],
							"lerp_mode": "catmullrom"
						},
						"0.6667": {
							"post": [-176.98179, -27.06758, 147.19475],
							"lerp_mode": "catmullrom"
						}
					},
					"position": {
						"0.0": {
							"post": [0, 0, 0],
							"lerp_mode": "catmullrom"
						},
						"0.125": {
							"post": [0, 0, 0],
							"lerp_mode": "catmullrom"
						},
						"0.25": {
							"post": [-1, 0, -1],
							"lerp_mode": "catmullrom"
						},
						"0.375": {
							"post": [-2, 1, -6],
							"lerp_mode": "catmullrom"
						},
						"0.4583": {
							"post": [3, 3, -3],
							"lerp_mode": "catmullrom"
						},
						"0.5417": {
							"post": [4, 3, -3],
							"lerp_mode": "catmullrom"
						},
						"0.6667": {
							"post": [5, 0, -3],
							"lerp_mode": "catmullrom"
						}
					},
					"scale": {
						"0.0": {
							"post": [1, 1, 1],
							"lerp_mode": "catmullrom"
						},
						"0.375": {
							"post": [1, 1, 1],
							"lerp_mode": "catmullrom"
						},
						"0.4583": {
							"post": [0.9, 1.5, 3.5],
							"lerp_mode": "catmullrom"
						},
						"0.5417": {
							"post": [1, 1, 1],
							"lerp_mode": "catmullrom"
						},
						"0.6667": {
							"post": [1, 1, 1],
							"lerp_mode": "catmullrom"
						}
					}
				}
			}
		},
		"animation.vegetto.attack2": {
			"loop": true,
			"animation_length": 0.6667,
			"bones": {
				"root": {
					"rotation": {
						"0.0": {
							"post": [0, 0, -7.5],
							"lerp_mode": "catmullrom"
						},
						"0.2083": {
							"post": [0, 0, -7.5],
							"lerp_mode": "catmullrom"
						},
						"0.6667": {
							"post": [0, 0, -7.5],
							"lerp_mode": "catmullrom"
						}
					},
					"position": {
						"0.0": {
							"post": [2, 0, -3],
							"lerp_mode": "catmullrom"
						},
						"0.2083": {
							"post": [1, 0, -3],
							"lerp_mode": "catmullrom"
						},
						"0.4167": {
							"post": [0, 0, -3],
							"lerp_mode": "catmullrom"
						},
						"0.6667": {
							"post": [0, 0, -3],
							"lerp_mode": "catmullrom"
						}
					},
					"scale": {
						"0.0": {
							"post": [1, 1, 1],
							"lerp_mode": "catmullrom"
						},
						"0.2917": {
							"post": [1, 1, 1],
							"lerp_mode": "catmullrom"
						},
						"0.4167": {
							"post": [1.4, 0.7, 1.4],
							"lerp_mode": "catmullrom"
						},
						"0.5": {
							"post": [1, 1, 1],
							"lerp_mode": "catmullrom"
						},
						"0.6667": {
							"post": [1, 1, 1],
							"lerp_mode": "catmullrom"
						}
					}
				},
				"waist": {
					"rotation": {
						"0.0": {
							"post": [-68.94062, -70.55384, 98.91398],
							"lerp_mode": "catmullrom"
						},
						"0.125": {
							"post": [-57.95022, -69.33793, 92.53806],
							"lerp_mode": "catmullrom"
						},
						"0.2083": {
							"post": [-97.90979, -70.38442, 121.71055],
							"lerp_mode": "catmullrom"
						},
						"0.3333": {
							"post": [-70.45022, -69.33793, 92.53806],
							"lerp_mode": "catmullrom"
						},
						"0.4167": {
							"post": [-20.0265, 13.83903, 18.33745],
							"lerp_mode": "catmullrom"
						},
						"0.5417": {
							"post": [-23.87391, 34.75681, 9.15887],
							"lerp_mode": "catmullrom"
						},
						"0.6667": {
							"post": [-8.00358, 29.94867, 10.78377],
							"lerp_mode": "catmullrom"
						}
					},
					"position": {
						"0.0": {
							"post": [0, 0, 0],
							"lerp_mode": "catmullrom"
						},
						"0.125": {
							"post": [-1, 0, 0],
							"lerp_mode": "catmullrom"
						},
						"0.2083": {
							"post": [-2, 1, 0],
							"lerp_mode": "catmullrom"
						},
						"0.3333": {
							"post": [-2, 1, 0],
							"lerp_mode": "catmullrom"
						},
						"0.4167": {
							"post": [-4, 1, 2],
							"lerp_mode": "catmullrom"
						},
						"0.6667": {
							"post": [-4, 1, 2],
							"lerp_mode": "catmullrom"
						}
					}
				},
				"rightarm": {
					"rotation": {
						"0.0": {
							"post": [9.30426, 29.91899, 15.32575],
							"lerp_mode": "catmullrom"
						},
						"0.125": {
							"post": [14.30426, 29.91899, 15.32575],
							"lerp_mode": "catmullrom"
						},
						"0.2083": {
							"post": [17.00183, 28.56876, 20.84396],
							"lerp_mode": "catmullrom"
						},
						"0.3333": {
							"post": [31.31305, 38.82824, 52.37099],
							"lerp_mode": "catmullrom"
						},
						"0.4167": {
							"post": [31.31, 38.83, 52.37],
							"lerp_mode": "catmullrom"
						},
						"0.5417": {
							"post": [10.40791, 30.12662, 46.38127],
							"lerp_mode": "catmullrom"
						},
						"0.6667": {
							"post": [23.32774, 31.67395, 23.09858],
							"lerp_mode": "catmullrom"
						}
					},
					"position": {
						"0.0": {
							"post": [0, 0, 3],
							"lerp_mode": "catmullrom"
						},
						"0.3333": {
							"post": [-0.8, -1.6, 2.2],
							"lerp_mode": "catmullrom"
						},
						"0.4167": {
							"post": [-1, -2, 2],
							"lerp_mode": "catmullrom"
						},
						"0.6667": {
							"post": [-1, -1, 2],
							"lerp_mode": "catmullrom"
						}
					}
				},
				"leftarm": {
					"rotation": {
						"0.0": {
							"post": [-87.14181, 46.63144, 2.43904],
							"lerp_mode": "catmullrom"
						},
						"0.125": {
							"post": [-94.87109, 49.12283, 2.12999],
							"lerp_mode": "catmullrom"
						},
						"0.2083": {
							"post": [-87.34047, 40.40857, -21.76447],
							"lerp_mode": "catmullrom"
						},
						"0.3333": {
							"post": [-41.17699, 28.65633, -41.52468],
							"lerp_mode": "catmullrom"
						},
						"0.4167": {
							"post": [6.32301, 28.65633, -41.52468],
							"lerp_mode": "catmullrom"
						},
						"0.5417": {
							"post": [10.07188, 5.97756, -17.61275],
							"lerp_mode": "catmullrom"
						},
						"0.6667": {
							"post": [15.07188, 5.97756, -17.61275],
							"lerp_mode": "catmullrom"
						}
					},
					"position": {
						"0.0": {
							"post": [0, -1, -2],
							"lerp_mode": "catmullrom"
						},
						"0.3333": {
							"post": [1, -1, 0],
							"lerp_mode": "catmullrom"
						},
						"0.4167": {
							"post": [1, -1, 2],
							"lerp_mode": "catmullrom"
						},
						"0.6667": {
							"post": [1, -1, 2],
							"lerp_mode": "catmullrom"
						}
					}
				},
				"head": {
					"rotation": {
						"0.0": {
							"post": [14.38633, 30.52806, -8.53692],
							"lerp_mode": "catmullrom"
						},
						"0.125": {
							"post": [16.88633, 30.52806, -8.53692],
							"lerp_mode": "catmullrom"
						},
						"0.3333": {
							"post": [16.88633, 30.52806, -8.53692],
							"lerp_mode": "catmullrom"
						},
						"0.4167": {
							"post": [19.82857, -11.57233, -17.79878],
							"lerp_mode": "catmullrom"
						},
						"0.5417": {
							"post": [18.21579, -14.0202, -10.52806],
							"lerp_mode": "catmullrom"
						},
						"0.6667": {
							"post": [18.22, -14.02, -10.53],
							"lerp_mode": "catmullrom"
						}
					},
					"position": {
						"0.0": {
							"post": [0, 0, 0],
							"lerp_mode": "catmullrom"
						},
						"0.6667": {
							"post": [0, 0, 0],
							"lerp_mode": "catmullrom"
						}
					}
				},
				"leftleg": {
					"rotation": {
						"0.0": {
							"post": [131.91295, -76.29381, -107.77707],
							"lerp_mode": "catmullrom"
						},
						"0.125": {
							"post": [92.19217, -79.69565, -74.8881],
							"lerp_mode": "catmullrom"
						},
						"0.1667": {
							"post": [25.49717, -73.0908, -11.28346],
							"lerp_mode": "catmullrom"
						},
						"0.2083": {
							"post": [12.51335, -69.27177, 0.22233],
							"lerp_mode": "catmullrom"
						},
						"0.3333": {
							"post": [12.02622, -55.70523, -4.94997],
							"lerp_mode": "catmullrom"
						},
						"0.4167": {
							"post": [13.42178, -2.80351, -6.19407],
							"lerp_mode": "catmullrom"
						},
						"0.5417": {
							"post": [13.58949, 9.35346, -3.27551],
							"lerp_mode": "catmullrom"
						},
						"0.6667": {
							"post": [13.59, 9.35, -3.28],
							"lerp_mode": "catmullrom"
						}
					},
					"position": {
						"0.0": {
							"post": [-1, -1, 1],
							"lerp_mode": "catmullrom"
						},
						"0.3333": {
							"post": [-3.45, -0.18, 1],
							"lerp_mode": "catmullrom"
						},
						"0.4167": {
							"post": [-4, 0, 1],
							"lerp_mode": "catmullrom"
						},
						"0.6667": {
							"post": [-4, 0, 1],
							"lerp_mode": "catmullrom"
						}
					}
				},
				"rightleg": {
					"rotation": {
						"0.0": {
							"post": [-176.98179, -27.06758, 147.19475],
							"lerp_mode": "catmullrom"
						},
						"0.125": {
							"post": [-172.50941, -16.19384, 137.50532],
							"lerp_mode": "catmullrom"
						},
						"0.2083": {
							"post": [-172.07364, -14.27276, 135.84714],
							"lerp_mode": "catmullrom"
						},
						"0.3333": {
							"post": [-204.57364, -14.27276, 135.84714],
							"lerp_mode": "catmullrom"
						},
						"0.4167": {
							"post": [-5.75309, 2.44048, 85.19449],
							"lerp_mode": "catmullrom"
						},
						"0.5417": {
							"post": [25.89836, 29.61412, 70.49077],
							"lerp_mode": "catmullrom"
						},
						"0.6667": {
							"post": [0.03151, 38.55021, 26.0453],
							"lerp_mode": "catmullrom"
						}
					},
					"position": {
						"0.0": {
							"post": [5, 0, -3],
							"lerp_mode": "catmullrom"
						},
						"0.2083": {
							"post": [6, 2, -1],
							"lerp_mode": "catmullrom"
						},
						"0.3333": {
							"post": [6, 2, -1],
							"lerp_mode": "catmullrom"
						},
						"0.4167": {
							"post": [-5, 4, -1],
							"lerp_mode": "catmullrom"
						},
						"0.6667": {
							"post": [-6, 4, 0],
							"lerp_mode": "catmullrom"
						}
					},
					"scale": {
						"0.0": {
							"post": [1, 1, 1],
							"lerp_mode": "catmullrom"
						},
						"0.3333": {
							"post": [1, 1, 1],
							"lerp_mode": "catmullrom"
						},
						"0.375": {
							"post": [0.6, 1.3, 3.9],
							"lerp_mode": "catmullrom"
						},
						"0.4583": {
							"post": [1, 1, 1],
							"lerp_mode": "catmullrom"
						},
						"0.6667": {
							"post": [1, 1, 1],
							"lerp_mode": "catmullrom"
						}
					}
				}
			}
		},
		"animation.vegetto.attack3": {
			"loop": true,
			"animation_length": 0.75,
			"bones": {
				"root": {
					"rotation": {
						"0.0": {
							"post": [0, 0, -7.5],
							"lerp_mode": "catmullrom"
						},
						"0.125": {
							"post": [-3.09472, 22.29711, -8.11003],
							"lerp_mode": "catmullrom"
						},
						"0.25": {
							"post": [-25.97212, 73.26807, -26.9609],
							"lerp_mode": "catmullrom"
						},
						"0.3333": {
							"post": [-164.36231, 63.96867, -162.69733],
							"lerp_mode": "catmullrom"
						},
						"0.4167": {
							"post": [-183.88714, -27.24513, -171.55764],
							"lerp_mode": "catmullrom"
						},
						"0.4583": {
							"post": [-340.27126, -68.69404, -21.05302],
							"lerp_mode": "catmullrom"
						},
						"0.5": {
							"post": [-353.74962, -39.58992, -9.7516],
							"lerp_mode": "catmullrom"
						},
						"0.75": {
							"post": [-353.75, -39.59, -9.75],
							"lerp_mode": "catmullrom"
						}
					},
					"position": {
						"0.0": {
							"post": [0, 0, -3],
							"lerp_mode": "catmullrom"
						},
						"0.75": {
							"post": [0, 0, -3],
							"lerp_mode": "catmullrom"
						}
					},
					"scale": {
						"0.0": {
							"post": [1, 1, 1],
							"lerp_mode": "catmullrom"
						},
						"0.375": {
							"post": [1, 1, 1],
							"lerp_mode": "catmullrom"
						},
						"0.4583": {
							"post": [1.2, 0.8, 1.3],
							"lerp_mode": "catmullrom"
						},
						"0.5417": {
							"post": [1, 1, 1],
							"lerp_mode": "catmullrom"
						},
						"0.75": {
							"post": [1, 1, 1],
							"lerp_mode": "catmullrom"
						}
					}
				},
				"waist": {
					"rotation": {
						"0.0": {
							"post": [-8.00358, 29.94867, 10.78377],
							"lerp_mode": "catmullrom"
						},
						"0.125": {
							"post": [-5.74841, 49.69232, 6.5621],
							"lerp_mode": "catmullrom"
						},
						"0.3333": {
							"post": [6.08478, 49.66273, 22.0433],
							"lerp_mode": "catmullrom"
						},
						"0.4167": {
							"post": [17.4428, 37.2195, 20.39235],
							"lerp_mode": "catmullrom"
						},
						"0.5": {
							"post": [44.9752, 67.57943, 76.75612],
							"lerp_mode": "catmullrom"
						},
						"0.625": {
							"post": [52.50196, 76.294, 84.30527],
							"lerp_mode": "catmullrom"
						},
						"0.75": {
							"post": [36.70698, 82.15701, 58.09642],
							"lerp_mode": "catmullrom"
						}
					},
					"position": {
						"0.0": {
							"post": [-4, 1, 2],
							"lerp_mode": "catmullrom"
						},
						"0.125": {
							"post": [-3, 1, 2],
							"lerp_mode": "catmullrom"
						},
						"0.4167": {
							"post": [-2.93, 1, 2],
							"lerp_mode": "catmullrom"
						},
						"0.75": {
							"post": [-3, 1, 2],
							"lerp_mode": "catmullrom"
						}
					}
				},
				"rightarm": {
					"rotation": {
						"0.0": {
							"post": [23.32774, 31.67395, 23.09858],
							"lerp_mode": "catmullrom"
						},
						"0.125": {
							"post": [-11.24021, -4.30508, 21.41296],
							"lerp_mode": "catmullrom"
						},
						"0.25": {
							"post": [-62.39832, -38.70324, 4.98255],
							"lerp_mode": "catmullrom"
						},
						"0.4167": {
							"post": [-69.86645, -29.38534, 9.3752],
							"lerp_mode": "catmullrom"
						},
						"0.625": {
							"post": [-1.98548, -29.73073, 23.74916],
							"lerp_mode": "catmullrom"
						},
						"0.75": {
							"post": [5.13355, -29.38534, 9.3752],
							"lerp_mode": "catmullrom"
						}
					},
					"position": {
						"0.0": {
							"post": [-1, -1, 2],
							"lerp_mode": "catmullrom"
						},
						"0.125": {
							"post": [-1, -1, 1],
							"lerp_mode": "catmullrom"
						},
						"0.25": {
							"post": [-1, -1, -3],
							"lerp_mode": "catmullrom"
						},
						"0.4167": {
							"post": [-1, -1, -4],
							"lerp_mode": "catmullrom"
						},
						"0.625": {
							"post": [-1, -1, 2],
							"lerp_mode": "catmullrom"
						},
						"0.75": {
							"post": [-1, -1, 2],
							"lerp_mode": "catmullrom"
						}
					}
				},
				"leftarm": {
					"rotation": {
						"0.0": {
							"post": [15.07188, 5.97756, -17.61275],
							"lerp_mode": "catmullrom"
						},
						"0.125": {
							"post": [10.07188, 5.97756, -17.61275],
							"lerp_mode": "catmullrom"
						},
						"0.25": {
							"post": [47.60509, -18.78138, 3.74854],
							"lerp_mode": "catmullrom"
						},
						"0.4167": {
							"post": [52.60509, -18.78138, 3.74854],
							"lerp_mode": "catmullrom"
						},
						"0.5": {
							"post": [3.39379, -16.21819, -55.11541],
							"lerp_mode": "catmullrom"
						},
						"0.625": {
							"post": [17.48445, -16.37325, -34.26976],
							"lerp_mode": "catmullrom"
						},
						"0.75": {
							"post": [0.0885, -19.89999, -19.23464],
							"lerp_mode": "catmullrom"
						}
					},
					"position": {
						"0.0": {
							"post": [1, -1, 2],
							"lerp_mode": "catmullrom"
						},
						"0.125": {
							"post": [1, -1, 1],
							"lerp_mode": "catmullrom"
						},
						"0.25": {
							"post": [1, -1, 3],
							"lerp_mode": "catmullrom"
						},
						"0.4167": {
							"post": [1, -1, 4],
							"lerp_mode": "catmullrom"
						},
						"0.625": {
							"post": [0, -1, 4],
							"lerp_mode": "catmullrom"
						},
						"0.75": {
							"post": [0, -1, 4],
							"lerp_mode": "catmullrom"
						}
					}
				},
				"head": {
					"rotation": {
						"0.0": {
							"post": [18.22, -14.02, -10.53],
							"lerp_mode": "catmullrom"
						},
						"0.125": {
							"post": [17.67161, -2.12354, -6.64696],
							"lerp_mode": "catmullrom"
						},
						"0.625": {
							"post": [25.90002, -27.64179, -23.87497],
							"lerp_mode": "catmullrom"
						},
						"0.75": {
							"post": [22.06905, -30.69581, -16.02686],
							"lerp_mode": "catmullrom"
						}
					},
					"position": {
						"0.0": {
							"post": [0, 0, 0],
							"lerp_mode": "catmullrom"
						},
						"0.75": {
							"post": [0, 0, 0],
							"lerp_mode": "catmullrom"
						}
					}
				},
				"leftleg": {
					"rotation": {
						"0.0": {
							"post": [13.59, 9.35, -3.28],
							"lerp_mode": "catmullrom"
						},
						"0.0417": {
							"post": [-20.62331, 6.17787, -6.16208],
							"lerp_mode": "catmullrom"
						},
						"0.125": {
							"post": [11.11941, 11.84506, -3.1201],
							"lerp_mode": "catmullrom"
						},
						"0.25": {
							"post": [-6.08909, 47.64173, 3.49529],
							"lerp_mode": "catmullrom"
						},
						"0.375": {
							"post": [-14.01219, 43.47787, -25.41389],
							"lerp_mode": "catmullrom"
						},
						"0.5": {
							"post": [-3.58909, 47.64173, 3.49529],
							"lerp_mode": "catmullrom"
						},
						"0.6667": {
							"post": [38.53105, 44.41874, 28.15342],
							"lerp_mode": "catmullrom"
						},
						"0.75": {
							"post": [-3.59, 47.64, 3.5],
							"lerp_mode": "catmullrom"
						}
					},
					"position": {
						"0.0": {
							"post": [-4, 0, 1],
							"lerp_mode": "catmullrom"
						},
						"0.75": {
							"post": [-4, 0, 1],
							"lerp_mode": "catmullrom"
						}
					}
				},
				"rightleg": {
					"rotation": {
						"0.0": {
							"post": [0.03151, 38.55021, 26.0453],
							"lerp_mode": "catmullrom"
						},
						"0.125": {
							"post": [0.02688, 23.55021, 26.0364],
							"lerp_mode": "catmullrom"
						},
						"0.2917": {
							"post": [80.19596, 12.37545, 85.74309],
							"lerp_mode": "catmullrom"
						},
						"0.4167": {
							"post": [-2.3, 12.38, 85.74],
							"lerp_mode": "catmullrom"
						},
						"0.5": {
							"post": [22.7, 12.38, 85.74],
							"lerp_mode": "catmullrom"
						},
						"0.625": {
							"post": [100.2, 12.38, 85.74],
							"lerp_mode": "catmullrom"
						},
						"0.75": {
							"post": [67.82581, 74.77963, 76.5704],
							"lerp_mode": "catmullrom"
						}
					},
					"position": {
						"0.0": {
							"post": [-6, 4, 0],
							"lerp_mode": "catmullrom"
						},
						"0.2917": {
							"post": [-6, 3, -1],
							"lerp_mode": "catmullrom"
						},
						"0.4167": {
							"post": [-6, 3, -1],
							"lerp_mode": "catmullrom"
						},
						"0.625": {
							"post": [-4, 3, 4],
							"lerp_mode": "catmullrom"
						},
						"0.75": {
							"post": [-4, 2, 4],
							"lerp_mode": "catmullrom"
						}
					},
					"scale": {
						"0.0": {
							"post": [1, 1, 1],
							"lerp_mode": "catmullrom"
						},
						"0.4167": {
							"post": [1, 1, 1],
							"lerp_mode": "catmullrom"
						},
						"0.5": {
							"post": [1, 1.1, 5.5],
							"lerp_mode": "catmullrom"
						},
						"0.5833": {
							"post": [1, 1, 1],
							"lerp_mode": "catmullrom"
						},
						"0.75": {
							"post": [1, 1, 1],
							"lerp_mode": "catmullrom"
						}
					}
				}
			}
		},
		"animation.vegetto.attack4": {
			"loop": true,
			"animation_length": 1.2083,
			"bones": {
				"root": {
					"rotation": {
						"0.0": {
							"post": [-353.75, -39.59, -9.75],
							"lerp_mode": "catmullrom"
						},
						"0.5417": {
							"post": [-353.75, -39.59, -9.75],
							"lerp_mode": "catmullrom"
						},
						"1.2083": {
							"post": [-353.75, -39.59, -9.75],
							"lerp_mode": "catmullrom"
						}
					},
					"position": {
						"0.0": {
							"post": [0, 0, -3],
							"lerp_mode": "catmullrom"
						},
						"0.5417": {
							"post": [0, 0, -3],
							"lerp_mode": "catmullrom"
						},
						"1.2083": {
							"post": [0, 0, -3],
							"lerp_mode": "catmullrom"
						}
					},
					"scale": {
						"0.0": {
							"post": [1, 1, 1],
							"lerp_mode": "catmullrom"
						},
						"0.5417": {
							"post": [1, 1, 1],
							"lerp_mode": "catmullrom"
						},
						"0.625": {
							"post": [1, 0.8, 1.3],
							"lerp_mode": "catmullrom"
						},
						"0.7083": {
							"post": [1, 1, 1],
							"lerp_mode": "catmullrom"
						},
						"0.7917": {
							"post": [1, 0.8, 1.3],
							"lerp_mode": "catmullrom"
						},
						"0.875": {
							"post": [1, 1, 1],
							"lerp_mode": "catmullrom"
						},
						"0.9583": {
							"post": [1, 0.8, 1.3],
							"lerp_mode": "catmullrom"
						},
						"1.2083": {
							"post": [1, 1, 1],
							"lerp_mode": "catmullrom"
						}
					}
				},
				"waist": {
					"rotation": {
						"0.0": {
							"post": [36.70698, 82.15701, 58.09642],
							"lerp_mode": "catmullrom"
						},
						"0.125": {
							"post": [-13.91486, 78.37976, 7.18482],
							"lerp_mode": "catmullrom"
						},
						"0.25": {
							"post": [-22.7304, 75.5367, -12.03622],
							"lerp_mode": "catmullrom"
						},
						"0.375": {
							"post": [-71.4639, 80.00753, -58.97349],
							"lerp_mode": "catmullrom"
						},
						"0.5417": {
							"post": [-120.79941, 64.19119, -97.98675],
							"lerp_mode": "catmullrom"
						},
						"0.6667": {
							"post": [-120.91529, 75.31691, -101.11005],
							"lerp_mode": "catmullrom"
						},
						"0.7917": {
							"post": [-133.86456, 61.69493, -115.79696],
							"lerp_mode": "catmullrom"
						},
						"0.875": {
							"post": [-110.39222, 78.49244, -95.14127],
							"lerp_mode": "catmullrom"
						},
						"0.9583": {
							"post": [-117.55684, 66.96482, -97.8511],
							"lerp_mode": "catmullrom"
						},
						"1.0417": {
							"post": [-115.08467, 64.72341, -95.14228],
							"lerp_mode": "catmullrom"
						},
						"1.2083": {
							"post": [-37.36445, 71.11575, -23.07366],
							"lerp_mode": "catmullrom"
						}
					},
					"position": {
						"0.0": {
							"post": [-3, 1, 2],
							"lerp_mode": "catmullrom"
						},
						"0.125": {
							"post": [2, -1, 4],
							"lerp_mode": "catmullrom"
						},
						"0.4583": {
							"post": [2, 1, 4],
							"lerp_mode": "catmullrom"
						},
						"1.2083": {
							"post": [2, 0, 5],
							"lerp_mode": "catmullrom"
						}
					}
				},
				"rightarm": {
					"rotation": {
						"0.0": {
							"post": [5.13355, -29.38534, 9.3752],
							"lerp_mode": "catmullrom"
						},
						"0.25": {
							"post": [-39.17938, -21.84696, 22.25281],
							"lerp_mode": "catmullrom"
						},
						"0.3333": {
							"post": [-97.04968, -49.50382, 63.34188],
							"lerp_mode": "catmullrom"
						},
						"0.4583": {
							"post": [-198.32816, -25.43609, 111.12656],
							"lerp_mode": "catmullrom"
						},
						"1.2083": {
							"post": [-198.33, -25.44, 111.13],
							"lerp_mode": "catmullrom"
						}
					},
					"position": {
						"0.0": {
							"post": [-1, -1, 2],
							"lerp_mode": "catmullrom"
						},
						"0.25": {
							"post": [-1, -1, 0],
							"lerp_mode": "catmullrom"
						},
						"0.3333": {
							"post": [-1, -1, -4],
							"lerp_mode": "catmullrom"
						},
						"0.4583": {
							"post": [1, -3, -4],
							"lerp_mode": "catmullrom"
						},
						"1.2083": {
							"post": [1, -3, -4],
							"lerp_mode": "catmullrom"
						}
					}
				},
				"leftarm": {
					"rotation": {
						"0.0": {
							"post": [0.0885, -19.89999, -19.23464],
							"lerp_mode": "catmullrom"
						},
						"0.25": {
							"post": [-27.41473, 12.59997, -19.18591],
							"lerp_mode": "catmullrom"
						},
						"0.3333": {
							"post": [-103.58683, 23.18327, -54.36324],
							"lerp_mode": "catmullrom"
						},
						"0.4583": {
							"post": [-169.63997, 38.50234, -84.61504],
							"lerp_mode": "catmullrom"
						},
						"1.2083": {
							"post": [-169.64, 38.5, -84.62],
							"lerp_mode": "catmullrom"
						}
					},
					"position": {
						"0.0": {
							"post": [0, -1, 4],
							"lerp_mode": "catmullrom"
						},
						"0.25": {
							"post": [1, -2, 1],
							"lerp_mode": "catmullrom"
						},
						"0.3333": {
							"post": [1, -2, -2],
							"lerp_mode": "catmullrom"
						},
						"1.2083": {
							"post": [1, -2, -2],
							"lerp_mode": "catmullrom"
						}
					}
				},
				"head": {
					"rotation": {
						"0.0": {
							"post": [22.06905, -30.69581, -16.02686],
							"lerp_mode": "catmullrom"
						},
						"0.25": {
							"post": [8.56808, -33.97472, -4.83743],
							"lerp_mode": "catmullrom"
						},
						"0.5417": {
							"post": [7.47691, -34.91229, 10.29172],
							"lerp_mode": "catmullrom"
						},
						"1.0417": {
							"post": [8.30063, -42.34171, 8.97498],
							"lerp_mode": "catmullrom"
						},
						"1.2083": {
							"post": [10.30674, -29.19917, 5.37975],
							"lerp_mode": "catmullrom"
						}
					},
					"position": {
						"0.0": {
							"post": [0, 0, 0],
							"lerp_mode": "catmullrom"
						},
						"1.2083": {
							"post": [0, 0, 0],
							"lerp_mode": "catmullrom"
						}
					}
				},
				"leftleg": {
					"rotation": {
						"0.0": {
							"post": [-3.59, 47.64, 3.5],
							"lerp_mode": "catmullrom"
						},
						"0.2917": {
							"post": [-2.69, 67.05, 7.12],
							"lerp_mode": "catmullrom"
						},
						"0.4583": {
							"post": [-56.24708, 52.46542, -55.0555],
							"lerp_mode": "catmullrom"
						},
						"0.5417": {
							"post": [-59.12127, 9.30169, -80.60053],
							"lerp_mode": "catmullrom"
						},
						"0.625": {
							"post": [-129.12127, 9.30169, -80.60053],
							"lerp_mode": "catmullrom"
						},
						"0.6667": {
							"post": [-142.8836, 13.43213, -39.72262],
							"lerp_mode": "catmullrom"
						},
						"0.7083": {
							"post": [-135.16474, 0.49542, -118.14478],
							"lerp_mode": "catmullrom"
						},
						"0.75": {
							"post": [-144.69572, 23.84715, -13.18568],
							"lerp_mode": "catmullrom"
						},
						"0.7917": {
							"post": [-170.2012, 29.38379, -107.288],
							"lerp_mode": "catmullrom"
						},
						"0.8333": {
							"post": [-80.72297, 20.72953, 13.43249],
							"lerp_mode": "catmullrom"
						},
						"0.875": {
							"post": [-169.80466, -9.39879, -93.88137],
							"lerp_mode": "catmullrom"
						},
						"0.9167": {
							"post": [-93.74383, 23.58314, 3.89509],
							"lerp_mode": "catmullrom"
						},
						"0.9583": {
							"post": [-146.40032, -43.73597, -121.15388],
							"lerp_mode": "catmullrom"
						},
						"1.0": {
							"post": [-90.14099, 39.37311, -66.97791],
							"lerp_mode": "catmullrom"
						},
						"1.0417": {
							"post": [-53.40276, 57.71076, -38.86919],
							"lerp_mode": "catmullrom"
						},
						"1.125": {
							"post": [10.14295, 48.54905, -6.40153],
							"lerp_mode": "catmullrom"
						},
						"1.2083": {
							"post": [10.14, 48.55, -6.4],
							"lerp_mode": "catmullrom"
						}
					},
					"position": {
						"0.0": {
							"post": [-4, 0, 1],
							"lerp_mode": "catmullrom"
						},
						"0.125": {
							"post": [-2, 0, -1],
							"lerp_mode": "catmullrom"
						},
						"0.25": {
							"post": [-3, 2, -1],
							"lerp_mode": "catmullrom"
						},
						"0.4583": {
							"post": [-5, 7, -1],
							"lerp_mode": "catmullrom"
						},
						"0.5417": {
							"post": [-7, 7, -1],
							"lerp_mode": "catmullrom"
						},
						"0.625": {
							"post": [-4, 5, -1],
							"lerp_mode": "catmullrom"
						},
						"0.6667": {
							"post": [1.12, -0.06, -1],
							"lerp_mode": "catmullrom"
						},
						"0.7083": {
							"post": [-1, 10, -1],
							"lerp_mode": "catmullrom"
						},
						"0.75": {
							"post": [-3, 3, -1],
							"lerp_mode": "catmullrom"
						},
						"0.7917": {
							"post": [0, 5, -4],
							"lerp_mode": "catmullrom"
						},
						"0.8333": {
							"post": [-7.19, 5.35, 1.11],
							"lerp_mode": "catmullrom"
						},
						"0.875": {
							"post": [1.75, 5.63, 1.17],
							"lerp_mode": "catmullrom"
						},
						"0.9167": {
							"post": [-4.42, 5.93, -1.09],
							"lerp_mode": "catmullrom"
						},
						"0.9583": {
							"post": [-0.75, 6.26, 1.78],
							"lerp_mode": "catmullrom"
						},
						"1.0417": {
							"post": [-4.15, 7.15, 0.57],
							"lerp_mode": "catmullrom"
						},
						"1.125": {
							"post": [-4, 8, -1],
							"lerp_mode": "catmullrom"
						},
						"1.2083": {
							"post": [-4, 8, -1],
							"lerp_mode": "catmullrom"
						}
					},
					"scale": {
						"0.0": {
							"post": [1, 1, 1],
							"lerp_mode": "catmullrom"
						},
						"0.625": {
							"post": [1, 1, 1],
							"lerp_mode": "catmullrom"
						},
						"0.6667": {
							"post": [0.6, 2.1, 1],
							"lerp_mode": "catmullrom"
						},
						"0.7083": {
							"post": [0.7, 1.3, 1],
							"lerp_mode": "catmullrom"
						},
						"0.75": {
							"post": [0.7, 1.3, 1],
							"lerp_mode": "catmullrom"
						},
						"0.7917": {
							"post": [0.8, 1.3, 1.4],
							"lerp_mode": "catmullrom"
						},
						"0.8333": {
							"post": [1.3, 0.7, 0.9],
							"lerp_mode": "catmullrom"
						},
						"0.875": {
							"post": [1.3, 1.9, 0.9],
							"lerp_mode": "catmullrom"
						},
						"0.9167": {
							"post": [4.7, 0.9, 0.9],
							"lerp_mode": "catmullrom"
						},
						"0.9583": {
							"post": [1, 1, 1],
							"lerp_mode": "catmullrom"
						},
						"1.2083": {
							"post": [1, 1, 1],
							"lerp_mode": "catmullrom"
						}
					}
				},
				"rightleg": {
					"rotation": {
						"0.0": {
							"post": [67.82581, 74.77963, 76.5704],
							"lerp_mode": "catmullrom"
						},
						"0.125": {
							"post": [50.32581, 74.77963, 76.5704],
							"lerp_mode": "catmullrom"
						},
						"0.25": {
							"post": [87.82581, 74.77963, 76.5704],
							"lerp_mode": "catmullrom"
						},
						"0.5417": {
							"post": [317.46873, 65.52489, 292.93124],
							"lerp_mode": "catmullrom"
						},
						"0.9167": {
							"post": [301.25499, 68.95308, 283.48903],
							"lerp_mode": "catmullrom"
						},
						"1.0417": {
							"post": [146.65968, 61.48914, 138.79129],
							"lerp_mode": "catmullrom"
						},
						"1.125": {
							"post": [98.28807, 74.17928, 95.20049],
							"lerp_mode": "catmullrom"
						},
						"1.2083": {
							"post": [98.29, 74.18, 95.2],
							"lerp_mode": "catmullrom"
						}
					},
					"position": {
						"0.0": {
							"post": [-4, 2, 4],
							"lerp_mode": "catmullrom"
						},
						"0.125": {
							"post": [0, 2, 4],
							"lerp_mode": "catmullrom"
						},
						"0.25": {
							"post": [-1, 0, 5],
							"lerp_mode": "catmullrom"
						},
						"0.4583": {
							"post": [1, 0, 5],
							"lerp_mode": "catmullrom"
						},
						"0.5417": {
							"post": [0, -1, 6],
							"lerp_mode": "catmullrom"
						},
						"0.9167": {
							"post": [0, 0, 6],
							"lerp_mode": "catmullrom"
						},
						"1.2083": {
							"post": [0, 0, 6],
							"lerp_mode": "catmullrom"
						}
					},
					"scale": {
						"0.0": {
							"post": [1, 1, 1],
							"lerp_mode": "catmullrom"
						},
						"1.2083": {
							"post": [1, 1, 1],
							"lerp_mode": "catmullrom"
						}
					}
				}
			}
		}
	}
}