{
	"format_version": "1.8.0",
	"animations": {
		"animation.vegetto.ki_blade": {
			"animation_length": 2.25,
			"bones": {
				"rightarm": {
					"rotation": {
						"0.0": {
							"post": [0, 0, 0],
							"lerp_mode": "catmullrom"
						},
						"0.125": {
							"post": [4.90938, -0.3434, 6.08929],
							"lerp_mode": "catmullrom"
						},
						"0.2917": {
							"post": [-92.59062, -0.3434, 6.08929],
							"lerp_mode": "catmullrom"
						},
						"0.4167": {
							"post": [-157.7968, 22.13241, 5.01935],
							"lerp_mode": "catmullrom"
						},
						"0.625": {
							"post": [-172.7968, 22.13241, 5.01935],
							"lerp_mode": "catmullrom"
						},
						"0.7083": {
							"post": [-172.8, 22.13, 5.02],
							"lerp_mode": "catmullrom"
						},
						"0.7917": {
							"post": [-70.11324, 36.36331, 10.47374],
							"lerp_mode": "catmullrom"
						},
						"0.9583": {
							"post": [-1.96452, -74.09252, -89.5886],
							"lerp_mode": "catmullrom"
						},
						"1.125": {
							"post": [15.20676, -73.5091, -107.45835],
							"lerp_mode": "catmullrom"
						},
						"1.25": {
							"post": [-73.32302, 17.3466, 3.47279],
							"lerp_mode": "catmullrom"
						},
						"1.4167": {
							"post": [-15.20676, 73.5091, 72.54165],
							"lerp_mode": "catmullrom"
						},
						"1.7917": {
							"post": [10.61, 73.82, 99.41],
							"lerp_mode": "catmullrom"
						},
						"1.9583": {
							"post": [-1.97731, 15.46551, 9.13104],
							"lerp_mode": "catmullrom"
						},
						"2.125": {
							"post": [0, 0, 0],
							"lerp_mode": "catmullrom"
						},
						"2.25": {
							"post": [0, 0, 0],
							"lerp_mode": "catmullrom"
						}
					},
					"position": {
						"0.0": {
							"post": [0, 0, 0],
							"lerp_mode": "catmullrom"
						},
						"0.125": {
							"post": [0, 1, 0],
							"lerp_mode": "catmullrom"
						},
						"0.2917": {
							"post": [0, 1, 1],
							"lerp_mode": "catmullrom"
						},
						"0.4167": {
							"post": [0, 3, 1],
							"lerp_mode": "catmullrom"
						},
						"0.625": {
							"post": [0, 4, 1],
							"lerp_mode": "catmullrom"
						},
						"0.7083": {
							"post": [0, 4, 1],
							"lerp_mode": "catmullrom"
						},
						"0.7917": {
							"post": [-1, 0, -1],
							"lerp_mode": "catmullrom"
						},
						"0.9583": {
							"post": [3, 0, -4],
							"lerp_mode": "catmullrom"
						},
						"1.125": {
							"post": [4, 0, -4],
							"lerp_mode": "catmullrom"
						},
						"1.25": {
							"post": [0, 0, -4],
							"lerp_mode": "catmullrom"
						},
						"1.4167": {
							"post": [-2, 0, 1],
							"lerp_mode": "catmullrom"
						},
						"1.7917": {
							"post": [-2, 0, 1],
							"lerp_mode": "catmullrom"
						},
						"1.9583": {
							"post": [0, 0, 1],
							"lerp_mode": "catmullrom"
						},
						"2.125": {
							"post": [0, 0, 0],
							"lerp_mode": "catmullrom"
						},
						"2.25": {
							"post": [0, 0, 0],
							"lerp_mode": "catmullrom"
						}
					}
				},
				"locator": {
					"rotation": {
						"0.5": {
							"pre": [198.68201, 1.3652, 267.79664],
							"post": [198.68201, 1.3652, 267.79664],
							"lerp_mode": "catmullrom"
						},
						"0.625": {
							"post": [198.60054, -2.13679, 273.47449],
							"lerp_mode": "catmullrom"
						},
						"0.7083": {
							"post": [198.73057, -1.80423, 269.36235],
							"lerp_mode": "catmullrom"
						},
						"0.75": {
							"post": [174.13949, 37.1927, 230.35196],
							"lerp_mode": "catmullrom"
						},
						"0.7917": {
							"post": [131.5511, 71.6626, 160.8909],
							"lerp_mode": "catmullrom"
						},
						"0.8333": {
							"post": [48.89021, 48.13186, 51.82403],
							"lerp_mode": "catmullrom"
						},
						"0.875": {
							"post": [13.62933, 2.33131, 28.41875],
							"lerp_mode": "catmullrom"
						},
						"1.0": {
							"post": [-10.98694, -68.03626, -9.0661],
							"lerp_mode": "catmullrom"
						},
						"1.125": {
							"post": [29.01306, -68.03626, -9.0661],
							"lerp_mode": "catmullrom"
						},
						"1.1667": {
							"post": [-6.25136, -29.51092, 11.77421],
							"lerp_mode": "catmullrom"
						},
						"1.2083": {
							"post": [-82.06556, 58.81984, -288.12438],
							"lerp_mode": "catmullrom"
						},
						"1.25": {
							"post": [161.74382, 29.80192, -179.85436],
							"lerp_mode": "catmullrom"
						},
						"1.4167": {
							"post": [196.00033, -50.09965, -165.74302],
							"lerp_mode": "catmullrom"
						},
						"1.625": {
							"post": [212.9008, -54.88335, -168.13656],
							"lerp_mode": "catmullrom"
						},
						"1.7917": {
							"post": [217.86017, -55.47481, -174.24213],
							"lerp_mode": "catmullrom"
						},
						"1.9167": {
							"post": [144.60338, -10.46533, -237.31995],
							"lerp_mode": "catmullrom"
						},
						"2.25": {
							"post": [198.54018, -0.90228, -269.13876],
							"lerp_mode": "catmullrom"
						}
					},
					"position": {
						"0.0": {
							"post": [0, 0, 0],
							"lerp_mode": "catmullrom"
						},
						"0.3333": {
							"post": [-7, 29, -4],
							"lerp_mode": "catmullrom"
						},
						"0.5": {
							"post": [-4, 52, 4],
							"lerp_mode": "catmullrom"
						},
						"0.625": {
							"post": [-1.6, 52, 5.2],
							"lerp_mode": "catmullrom"
						},
						"0.7083": {
							"post": [-5, 52, 6],
							"lerp_mode": "catmullrom"
						},
						"0.75": {
							"post": [-16.5, 43, -14],
							"lerp_mode": "catmullrom"
						},
						"0.7917": {
							"post": [-16, 20, -26],
							"lerp_mode": "catmullrom"
						},
						"0.8333": {
							"post": [1.53363, 12.23304, -19.80906],
							"lerp_mode": "catmullrom"
						},
						"0.875": {
							"post": [19, 9, -6],
							"lerp_mode": "catmullrom"
						},
						"0.9583": {
							"post": [14.97198, 22.28898, 12.14872],
							"lerp_mode": "catmullrom"
						},
						"1.0": {
							"post": [16.14419, 23.09877, 19.04135],
							"lerp_mode": "catmullrom"
						},
						"1.125": {
							"post": [19.23341, 23.10246, 24.27744],
							"lerp_mode": "catmullrom"
						},
						"1.1667": {
							"post": [26.22397, 16.10227, 6.49706],
							"lerp_mode": "catmullrom"
						},
						"1.2083": {
							"post": [1.64, 7.97, -26.76],
							"lerp_mode": "catmullrom"
						},
						"1.25": {
							"post": [-26.95086, 22.83585, -12.02438],
							"lerp_mode": "catmullrom"
						},
						"1.4167": {
							"post": [-24.95, 28.84, 35.98],
							"lerp_mode": "catmullrom"
						},
						"1.625": {
							"post": [-21.95, 27.84, 36.98],
							"lerp_mode": "catmullrom"
						},
						"1.7917": {
							"post": [-20.95, 25.84, 36.98],
							"lerp_mode": "catmullrom"
						},
						"1.9167": {
							"post": [-16.95, 1.84, 8.98],
							"lerp_mode": "catmullrom"
						},
						"2.25": {
							"post": [-5.95, 1.84, -0.02],
							"lerp_mode": "catmullrom"
						}
					}
				},
				"waist": {
					"rotation": {
						"0.0": {
							"post": [0, 0, 0],
							"lerp_mode": "catmullrom"
						},
						"0.125": {
							"post": [-5, 0, 0],
							"lerp_mode": "catmullrom"
						},
						"0.4167": {
							"post": [-7.13404, 10.28167, 1.63818],
							"lerp_mode": "catmullrom"
						},
						"0.625": {
							"post": [-9.17703, 10.5823, 4.16176],
							"lerp_mode": "catmullrom"
						},
						"0.7083": {
							"post": [-10.06417, 9.74372, -0.84823],
							"lerp_mode": "catmullrom"
						},
						"0.7917": {
							"post": [-10.86013, -17.74449, 1.71508],
							"lerp_mode": "catmullrom"
						},
						"0.9583": {
							"post": [4.53491, -57.97117, 3.89652],
							"lerp_mode": "catmullrom"
						},
						"1.125": {
							"post": [12.94163, -60.41211, 2.84108],
							"lerp_mode": "catmullrom"
						},
						"1.25": {
							"post": [6.14592, 38.98657, 16.06674],
							"lerp_mode": "catmullrom"
						},
						"1.4167": {
							"post": [6.24804, 54.71692, 10.31024],
							"lerp_mode": "catmullrom"
						},
						"1.7917": {
							"post": [1.89159, 60.05962, 1.92192],
							"lerp_mode": "catmullrom"
						},
						"1.9583": {
							"post": [3.49016, 17.57066, 0.58157],
							"lerp_mode": "catmullrom"
						},
						"2.125": {
							"post": [0, 0, 0],
							"lerp_mode": "catmullrom"
						},
						"2.25": {
							"post": [0, 0, 0],
							"lerp_mode": "catmullrom"
						}
					},
					"position": {
						"0.0": {
							"post": [0, 0, 0],
							"lerp_mode": "catmullrom"
						},
						"0.7083": {
							"post": [0, 0, 0],
							"lerp_mode": "catmullrom"
						},
						"1.7917": {
							"post": [0, 0, 0],
							"lerp_mode": "catmullrom"
						},
						"2.125": {
							"post": [0, 0, 0],
							"lerp_mode": "catmullrom"
						},
						"2.25": {
							"post": [0, 0, 0],
							"lerp_mode": "catmullrom"
						}
					}
				},
				"leftarm": {
					"rotation": {
						"0.0": {
							"post": [0, 0, 0],
							"lerp_mode": "catmullrom"
						},
						"0.125": {
							"post": [5, 0, -7.5],
							"lerp_mode": "catmullrom"
						},
						"0.625": {
							"post": [5.00474, -2.49048, -7.71803],
							"lerp_mode": "catmullrom"
						},
						"0.7083": {
							"post": [5, -2.49, -7.72],
							"lerp_mode": "catmullrom"
						},
						"0.7917": {
							"post": [5.57404, 0.33875, -37.59478],
							"lerp_mode": "catmullrom"
						},
						"0.9583": {
							"post": [33.07404, 0.33875, -37.59478],
							"lerp_mode": "catmullrom"
						},
						"1.125": {
							"post": [38.69664, -9.47454, -45.37189],
							"lerp_mode": "catmullrom"
						},
						"1.25": {
							"post": [-3.80336, -9.47454, -45.37189],
							"lerp_mode": "catmullrom"
						},
						"1.4167": {
							"post": [-34.90885, 1.89128, -28.85146],
							"lerp_mode": "catmullrom"
						},
						"1.7917": {
							"post": [-47.4969, 3.58192, -30.6953],
							"lerp_mode": "catmullrom"
						},
						"1.9583": {
							"post": [-5.82782, 5.92606, -10.76246],
							"lerp_mode": "catmullrom"
						},
						"2.125": {
							"post": [0, 0, 0],
							"lerp_mode": "catmullrom"
						},
						"2.25": {
							"post": [0, 0, 0],
							"lerp_mode": "catmullrom"
						}
					},
					"position": {
						"0.0": {
							"post": [0, 0, 0],
							"lerp_mode": "catmullrom"
						},
						"0.125": {
							"post": [0, 1, 0],
							"lerp_mode": "catmullrom"
						},
						"0.4167": {
							"post": [0, 1, 2],
							"lerp_mode": "catmullrom"
						},
						"0.7083": {
							"post": [0, 1, 2],
							"lerp_mode": "catmullrom"
						},
						"0.7917": {
							"post": [0, 0, 2],
							"lerp_mode": "catmullrom"
						},
						"0.9583": {
							"post": [1, 0, 3],
							"lerp_mode": "catmullrom"
						},
						"1.125": {
							"post": [1, 0, 4],
							"lerp_mode": "catmullrom"
						},
						"1.25": {
							"post": [0, 0, 3],
							"lerp_mode": "catmullrom"
						},
						"1.4167": {
							"post": [1, 0, 0],
							"lerp_mode": "catmullrom"
						},
						"1.7917": {
							"post": [1, 0, 0],
							"lerp_mode": "catmullrom"
						},
						"1.9583": {
							"post": [0, 0, 0],
							"lerp_mode": "catmullrom"
						},
						"2.125": {
							"post": [0, 0, 0],
							"lerp_mode": "catmullrom"
						},
						"2.25": {
							"post": [0, 0, 0],
							"lerp_mode": "catmullrom"
						}
					}
				},
				"head": {
					"rotation": {
						"0.0": {
							"post": [0, 0, 0],
							"lerp_mode": "catmullrom"
						},
						"0.125": {
							"post": [7.5, 0, 0],
							"lerp_mode": "catmullrom"
						},
						"0.4167": {
							"post": [7.87995, -7.0995, -3.48187],
							"lerp_mode": "catmullrom"
						},
						"0.625": {
							"post": [10.37995, -7.0995, -3.48187],
							"lerp_mode": "catmullrom"
						},
						"0.7083": {
							"post": [10.38, -7.1, -3.48],
							"lerp_mode": "catmullrom"
						},
						"0.7917": {
							"post": [10.66861, 15.03098, 0.614],
							"lerp_mode": "catmullrom"
						},
						"0.9583": {
							"post": [-10.11138, 54.42334, -10.04153],
							"lerp_mode": "catmullrom"
						},
						"1.125": {
							"post": [-24.02274, 58.01754, -21.0099],
							"lerp_mode": "catmullrom"
						},
						"1.25": {
							"post": [-0.66615, -43.66048, -12.71304],
							"lerp_mode": "catmullrom"
						},
						"1.4167": {
							"post": [-0.72961, -48.66011, -12.62515],
							"lerp_mode": "catmullrom"
						},
						"1.7917": {
							"post": [-7.5452, -55.79491, -3.6123],
							"lerp_mode": "catmullrom"
						},
						"1.9583": {
							"post": [-7.33884, -20.1891, -0.26963],
							"lerp_mode": "catmullrom"
						},
						"2.125": {
							"post": [0, 0, 0],
							"lerp_mode": "catmullrom"
						},
						"2.25": {
							"post": [0, 0, 0],
							"lerp_mode": "catmullrom"
						}
					},
					"position": {
						"0.0": {
							"post": [0, 0, 0],
							"lerp_mode": "catmullrom"
						},
						"0.7083": {
							"post": [0, 0, 0],
							"lerp_mode": "catmullrom"
						},
						"1.7917": {
							"post": [0, 0, 0],
							"lerp_mode": "catmullrom"
						},
						"2.125": {
							"post": [0, 0, 0],
							"lerp_mode": "catmullrom"
						},
						"2.25": {
							"post": [0, 0, 0],
							"lerp_mode": "catmullrom"
						}
					}
				},
				"leftleg": {
					"rotation": {
						"0.0": {
							"post": [0, 0, 0],
							"lerp_mode": "catmullrom"
						},
						"0.7083": {
							"post": [0, 0, 0],
							"lerp_mode": "catmullrom"
						},
						"0.875": {
							"post": [7.47178, -0.65182, 4.95744],
							"lerp_mode": "catmullrom"
						},
						"1.125": {
							"post": [7.47178, 0.65182, -4.95744],
							"lerp_mode": "catmullrom"
						},
						"1.7917": {
							"post": [7.43485, 0.97431, -7.43913],
							"lerp_mode": "catmullrom"
						},
						"2.125": {
							"post": [0, 0, 0],
							"lerp_mode": "catmullrom"
						},
						"2.25": {
							"post": [0, 0, 0],
							"lerp_mode": "catmullrom"
						}
					},
					"position": {
						"0.0": {
							"post": [0, 0, 0],
							"lerp_mode": "catmullrom"
						},
						"0.7083": {
							"post": [0, 0, 0],
							"lerp_mode": "catmullrom"
						},
						"0.875": {
							"post": [1, 0, -3],
							"lerp_mode": "catmullrom"
						},
						"1.0": {
							"post": [2, 1, -3],
							"lerp_mode": "catmullrom"
						},
						"1.125": {
							"post": [2, 0, -3],
							"lerp_mode": "catmullrom"
						},
						"1.25": {
							"post": [0, 0, -3],
							"lerp_mode": "catmullrom"
						},
						"1.7917": {
							"post": [-1, 0, -4],
							"lerp_mode": "catmullrom"
						},
						"1.9583": {
							"post": [0, 0, -1],
							"lerp_mode": "catmullrom"
						},
						"2.125": {
							"post": [0, 0, 0],
							"lerp_mode": "catmullrom"
						},
						"2.25": {
							"post": [0, 0, 0],
							"lerp_mode": "catmullrom"
						}
					}
				},
				"rightleg": {
					"rotation": {
						"0.0": {
							"post": [0, 0, 0],
							"lerp_mode": "catmullrom"
						},
						"0.1667": {
							"post": [0, 0, 0],
							"lerp_mode": "catmullrom"
						},
						"0.4167": {
							"post": [0, 0, 10],
							"lerp_mode": "catmullrom"
						},
						"0.7083": {
							"post": [0, 0, 10],
							"lerp_mode": "catmullrom"
						},
						"0.9583": {
							"post": [12.5, 0, 10],
							"lerp_mode": "catmullrom"
						},
						"1.25": {
							"post": [13.27463, 19.50645, 14.50432],
							"lerp_mode": "catmullrom"
						},
						"1.7917": {
							"post": [11.77648, 35.22313, 12.70102],
							"lerp_mode": "catmullrom"
						},
						"1.875": {
							"post": [7.34447, 29.22045, -4.02586],
							"lerp_mode": "catmullrom"
						},
						"1.9583": {
							"post": [6.53119, 20.6991, 7.59196],
							"lerp_mode": "catmullrom"
						},
						"2.125": {
							"post": [0, 0, 0],
							"lerp_mode": "catmullrom"
						},
						"2.25": {
							"post": [0, 0, 0],
							"lerp_mode": "catmullrom"
						}
					},
					"position": {
						"0.0": {
							"post": [0, 0, 0],
							"lerp_mode": "catmullrom"
						},
						"0.1667": {
							"post": [0, 0, 0],
							"lerp_mode": "catmullrom"
						},
						"0.4167": {
							"post": [-1, 0, 0],
							"lerp_mode": "catmullrom"
						},
						"0.7083": {
							"post": [-1, 0, 0],
							"lerp_mode": "catmullrom"
						},
						"0.9583": {
							"post": [0, 0, -1],
							"lerp_mode": "catmullrom"
						},
						"1.25": {
							"post": [-1, 0, 0],
							"lerp_mode": "catmullrom"
						},
						"1.7917": {
							"post": [-2, 0, 1],
							"lerp_mode": "catmullrom"
						},
						"1.875": {
							"post": [-1, 2, 0.5],
							"lerp_mode": "catmullrom"
						},
						"1.9583": {
							"post": [0, 0, 0],
							"lerp_mode": "catmullrom"
						},
						"2.125": {
							"post": [0, 0, 0],
							"lerp_mode": "catmullrom"
						},
						"2.25": {
							"post": [0, 0, 0],
							"lerp_mode": "catmullrom"
						}
					}
				},
				"slash": {
					"rotation": {
						"1.0833": [-174.7937, -46.15567, 354.85316],
						"1.3333": [-175.78554, -31.20521, 356.42662]
					},
					"position": {
						"0.0": [0, 0, 0],
						"1.0833": [0, 18, 0]
					}
				}
			},
			"sound_effects": {
				"0.0": {
					"effect": "vegetto_ki_blade"
				}
			},
			"particle_effects": {
				"0.0": [
					{
						"effect": "ve_glint",
						"locator": "ki"
					},
					{
						"effect": "ve_lami",
						"locator": "p"
					}
				],
				"1.0833": {
					"effect": "orange_n1slash",
					"locator": "slash"
				}
			}
		}
	}
}