{
	"format_version": "1.8.0",
	"animations": {
		"animation.yamcha.pose": {
			"loop": true,
			"animation_length": 0.3333,
			"bones": {
				"root": {
					"position": [0, 0, -5]
				},
				"waist": {
					"rotation": [-91.39339, 5.69347, -139.32255],
					"position": [3, -8, 2]
				},
				"rightarm": {
					"rotation": [-87.05323, -44.78238, 4.98107],
					"position": [7, -3, -3]
				},
				"leftarm": {
					"rotation": [-131.45452, -24.34209, -4.8035],
					"position": [0, -2, -4]
				},
				"head": {
					"rotation": [22.61003, -27.54499, 4.00583]
				},
				"hair_down": {
					"rotation": [0, 50, 0],
					"position": [-4, -3, 0]
				},
				"leftleg": {
					"rotation": [-141.39232, 16.58075, -120.96135],
					"position": [-4, -5, 1]
				},
				"rightleg": {
					"rotation": [-58.23333, 2.86734, -97.85241],
					"position": [2, -10, 2]
				}
			}
		},
		"animation.yamcha.speech": {
			"loop": true,
			"animation_length": 0.375,
			"bones": {
				"root": {
					"position": [0, 0, -5]
				},
				"waist": {
					"rotation": [-65.92414, 26.83659, -59.50355],
					"position": [3, -9, 1]
				},
				"rightarm": {
					"rotation": [-79.56538, 18.67484, -29.68848],
					"position": [-1, -3, -3]
				},
				"leftarm": {
					"rotation": [-147.74998, 77.36233, -61.95045],
					"position": [-3, -3, -5]
				},
				"head": {
					"rotation": [25.54446, -54.90042, 20.7009],
					"position": [-1, 1, -1]
				},
				"hair_down": {
					"rotation": [0, 50, 0],
					"position": [-4, -3, 0]
				},
				"leftleg": {
					"rotation": [-147.61917, 24.08184, -131.63753],
					"position": [-3, -3, 1]
				},
				"rightleg": {
					"rotation": [-58.23333, 2.86734, -97.85241],
					"position": [2, -10, 2]
				}
			}
		}
	}
}