{
	"format_version": "1.8.0",
	"animations": {
		"animation.yamcha.peakenterteinment": {
			"animation_length": 5.25,
			"bones": {
				"root": {
					"rotation": {
						"2.0": [0, 0, 0],
						"2.0417": [0, 0, 0],
						"3.5": [0, 0, 0],
						"4.7083": [0, 0, 0],
						"5.25": [0, 0, 0]
					},
					"position": {
						"0.0": [0, 0, -5],
						"0.2917": [0, 0, -5],
						"1.7917": [0, 0, -5],
						"2.0": [0, 0, -5],
						"2.0417": [0, 0, 0],
						"3.5": [0, 0, 0],
						"4.6667": [0, 0, 0],
						"4.7083": [0, 0, -5],
						"5.25": [0, 0, -5]
					}
				},
				"waist": {
					"rotation": {
						"0.0": [-91.39339, 5.69347, -139.32255],
						"0.2917": [-91.39339, 5.69347, -139.32255],
						"0.4167": [-65.92414, 26.83659, -59.50355],
						"1.0417": [-65.92414, 26.83659, -59.50355],
						"1.1667": [-91.39339, 5.69347, -139.32255],
						"1.6667": [-91.39339, 5.69347, -139.32255],
						"1.7917": [-65.92414, 26.83659, -59.50355],
						"2.0": [-65.92414, 26.83659, -59.50355],
						"2.0417": [0, 0, 0],
						"3.5": [0, 0, 0],
						"4.6667": [0, 0, 0],
						"4.7083": [-91.39339, 5.69347, -139.32255],
						"5.25": [-91.39, 5.69, -139.32]
					},
					"position": {
						"0.0": [3, -8, 2],
						"0.2917": [3, -8, 2],
						"0.4167": [3, -9, 1],
						"1.0417": [3, -9, 1],
						"1.1667": [3, -8, 2],
						"1.6667": [3, -8, 2],
						"1.7917": [3, -9, 1],
						"2.0": [3, -9, 1],
						"2.0417": [0, 0, 0],
						"3.5": [0, 0, 0],
						"4.6667": [0, 0, 0],
						"4.7083": [3, -8, 2],
						"5.25": [3, -8, 2]
					}
				},
				"rightarm": {
					"rotation": {
						"0.0": [-87.05323, -44.78238, 4.98107],
						"0.2917": [-87.05323, -44.78238, 4.98107],
						"0.4167": [-79.56538, 18.67484, -29.68848],
						"1.0417": [-79.56538, 18.67484, -29.68848],
						"1.1667": [-87.05323, -44.78238, 4.98107],
						"1.6667": [-87.05323, -44.78238, 4.98107],
						"1.7917": [-79.56538, 18.67484, -29.68848],
						"2.0": [-79.56538, 18.67484, -29.68848],
						"2.0417": [0, 0, 90],
						"3.5": [0, 0, 90],
						"4.6667": [0, 0, 90],
						"4.7083": [-87.05323, -44.78238, 4.98107],
						"5.25": [-87.05, -44.78, 4.98]
					},
					"position": {
						"0.0": [7, -3, -3],
						"0.2917": [7, -3, -3],
						"0.4167": [-1, -3, -3],
						"1.0417": [-1, -3, -3],
						"1.1667": [7, -3, -3],
						"1.6667": [7, -3, -3],
						"1.7917": [-1, -3, -3],
						"2.0": [-1, -3, -3],
						"2.0417": [0, 0, 0],
						"3.5": [0, 0, 0],
						"4.6667": [0, 0, 0],
						"4.7083": [7, -3, -3],
						"5.25": [7, -3, -3]
					}
				},
				"leftarm": {
					"rotation": {
						"0.0": [-131.45452, -24.34209, -4.8035],
						"0.2917": [-131.45452, -24.34209, -4.8035],
						"0.4167": [-147.74998, 77.36233, -61.95045],
						"1.0417": [-147.74998, 77.36233, -61.95045],
						"1.1667": [-131.45452, -24.34209, -4.8035],
						"1.6667": [-131.45452, -24.34209, -4.8035],
						"1.7917": [-147.74998, 77.36233, -61.95045],
						"2.0": [-147.74998, 77.36233, -61.95045],
						"2.0417": [0, 0, -90],
						"3.5": [0, 0, -90],
						"4.6667": [0, 0, -90],
						"4.7083": [-131.45452, -24.34209, -4.8035],
						"5.25": [-131.45, -24.34, -4.8]
					},
					"position": {
						"0.0": [0, -2, -4],
						"0.2917": [0, -2, -4],
						"0.4167": [-3, -3, -5],
						"1.0417": [-3, -3, -5],
						"1.1667": [0, -2, -4],
						"1.6667": [0, -2, -4],
						"1.7917": [-3, -3, -5],
						"2.0": [-3, -3, -5],
						"2.0417": [0, 0, 0],
						"3.5": [0, 0, 0],
						"4.6667": [0, 0, 0],
						"4.7083": [0, -2, -4],
						"5.25": [0, -2, -4]
					}
				},
				"head": {
					"rotation": {
						"0.0": [22.61003, -27.54499, 4.00583],
						"0.2917": [22.61003, -27.54499, 4.00583],
						"0.4167": [25.54446, -54.90042, 20.7009],
						"0.5417": [25.54, -54.9, 20.7],
						"0.6667": [19.93323, -43.35081, 28.07302],
						"0.75": [19.93, -43.35, 28.07],
						"0.8333": [40.57906, -67.60113, 3.67284],
						"0.9167": [40.58, -67.6, 3.67],
						"1.0417": [31.31467, -61.50643, 13.92526],
						"1.1667": [22.61003, -27.54499, 4.00583],
						"1.7083": [22.61003, -27.54499, 4.00583],
						"1.7917": [25.54446, -54.90042, 20.7009],
						"2.0": [25.54446, -54.90042, 20.7009],
						"2.0417": [0, 0, 0],
						"3.5": [0, 0, 0],
						"3.875": [0, 0, 0],
						"4.0833": [0, 0, 0],
						"4.2083": [-5.909, 32.79195, 2.94884],
						"4.5417": [-5.91, 32.79, 2.95],
						"4.6667": [-5.30947, 2.24518, -1.57249],
						"4.7083": [22.61003, -27.54499, 4.00583],
						"5.25": [22.61, -27.54, 4.01]
					},
					"position": {
						"0.4167": [-1, 1, -1],
						"1.0417": [-1, 1, -1],
						"1.7917": [-1, 1, -1],
						"2.0": [-1, 1, -1],
						"2.0417": [0, 0, 0],
						"3.5": [0, 0, 0],
						"3.875": [0, 0, 0],
						"4.0833": [0, 0, 0],
						"4.5417": [0, 0, 0],
						"4.6667": [0, 0, 0],
						"5.25": [0, 0, 0]
					}
				},
				"hair_down": {
					"rotation": {
						"0.0": [0, 50, 0],
						"0.2917": [0, 50, 0],
						"1.7917": [0, 50, 0],
						"2.0": [0, 50, 0],
						"2.0417": [0, 0, 0],
						"3.5": [0, 0, 0],
						"4.6667": [0, 0, 0],
						"4.7083": [0, 50, 0],
						"5.25": [0, 50, 0]
					},
					"position": {
						"0.0": [-4, -3, 0],
						"0.2917": [-4, -3, 0],
						"1.7917": [-4, -3, 0],
						"2.0": [-4, -3, 0],
						"2.0417": [0, 0, 0],
						"3.5": [0, 0, 0],
						"4.6667": [0, 0, 0],
						"4.7083": [-4, -3, 0],
						"5.25": [-4, -3, 0]
					}
				},
				"leftleg": {
					"rotation": {
						"0.0": [-141.39232, 16.58075, -120.96135],
						"0.2917": [-141.39232, 16.58075, -120.96135],
						"0.4167": [-147.61917, 24.08184, -131.63753],
						"1.0417": [-147.61917, 24.08184, -131.63753],
						"1.1667": [-141.39232, 16.58075, -120.96135],
						"1.6667": [-141.39232, 16.58075, -120.96135],
						"1.7917": [-147.61917, 24.08184, -131.63753],
						"2.0": [-147.61917, 24.08184, -131.63753],
						"2.0417": [0, 0, 0],
						"3.5": [0, 0, 0],
						"4.6667": [0, 0, 0],
						"4.7083": [-141.39232, 16.58075, -120.96135],
						"5.25": [-141.39, 16.58, -120.96]
					},
					"position": {
						"0.0": [-4, -5, 1],
						"0.2917": [-4, -5, 1],
						"0.4167": [-3, -3, 1],
						"1.0417": [-3, -3, 1],
						"1.1667": [-4, -5, 1],
						"1.6667": [-4, -5, 1],
						"1.7917": [-3, -3, 1],
						"2.0": [-3, -3, 1],
						"2.0417": [0, 0, 0],
						"3.5": [0, 0, 0],
						"4.6667": [0, 0, 0],
						"4.7083": [-4, -5, 1],
						"5.25": [-4, -5, 1]
					}
				},
				"rightleg": {
					"rotation": {
						"0.0": [-58.23333, 2.86734, -97.85241],
						"0.2917": [-58.23333, 2.86734, -97.85241],
						"0.4167": [-58.23333, 2.86734, -97.85241],
						"1.0417": [-58.23333, 2.86734, -97.85241],
						"1.1667": [-58.23333, 2.86734, -97.85241],
						"1.6667": [-58.23333, 2.86734, -97.85241],
						"1.7917": [-58.23333, 2.86734, -97.85241],
						"2.0": [-58.23333, 2.86734, -97.85241],
						"2.0417": [0, 0, 0],
						"3.5": [0, 0, 0],
						"4.6667": [0, 0, 0],
						"4.7083": [-58.23333, 2.86734, -97.85241],
						"5.25": [-58.23, 2.87, -97.85]
					},
					"position": {
						"0.0": [2, -10, 2],
						"0.2917": [2, -10, 2],
						"0.4167": [2, -10, 2],
						"1.0417": [2, -10, 2],
						"1.1667": [2, -10, 2],
						"1.6667": [2, -10, 2],
						"1.7917": [2, -10, 2],
						"2.0": [2, -10, 2],
						"2.0417": [0, 0, 0],
						"3.5": [0, 0, 0],
						"4.6667": [0, 0, 0],
						"4.7083": [2, -10, 2],
						"5.25": [2, -10, 2]
					}
				},
				"root2": {
					"rotation": {
						"3.5": [0, 0, 0],
						"3.7083": [0, 0, 0],
						"3.8333": [0, 0, -22.5],
						"4.6667": [0, 0, -22.5],
						"4.7083": [0, 0, -22.5]
					},
					"position": {
						"2.5417": [0, -31, 15],
						"3.5": [0, -31, 15],
						"3.625": [0, 22, 26],
						"3.7083": [0, 23, 26],
						"3.8333": [0, 6, 9],
						"4.6667": [0, 6, 9],
						"4.7083": [0, -42, 9],
						"5.25": [0, -42, 9]
					},
					"scale": {
						"4.6667": [1, 1, 1],
						"4.7083": [0, 1, 0]
					}
				},
				"waist2": {
					"rotation": {
						"0.0": [0, 0, 0],
						"3.5417": [20, 0, 0],
						"4.6667": [20, 0, 0],
						"5.25": [20, 0, 0]
					},
					"position": {
						"4.6667": [0, 0, 0],
						"5.25": [0, 0, 0]
					}
				},
				"rightarm2": {
					"rotation": {
						"0.0": [0, 0, 0],
						"3.5417": [30, 0, 117.5],
						"3.8333": [-122.5, 0, 117.5],
						"4.6667": [-122.5, 0, 117.5],
						"5.25": [-122.5, 0, 117.5]
					},
					"position": {
						"0.0": [0, 0, 0],
						"3.5417": [-1, 0, 2],
						"3.8333": [-1, 0, -5],
						"4.6667": [-1, 0, -5],
						"5.25": [-1, 0, -5]
					}
				},
				"leftarm2": {
					"rotation": {
						"0.0": [0, 0, 0],
						"3.5417": [17.5, 0, -112.5],
						"3.8333": [-122.5, 0, -112.5],
						"4.6667": [-122.5, 0, -112.5],
						"5.25": [-122.5, 0, -112.5]
					},
					"position": {
						"0.0": [0, 0, 0],
						"3.5417": [1, 0, 3],
						"3.8333": [5, 1, -6],
						"4.6667": [5, 1, -6],
						"5.25": [5, 1, -6]
					}
				},
				"head2": {
					"rotation": {
						"0.0": [0, 0, 0],
						"3.5417": [-10, 0, 0],
						"5.25": [-10, 0, 0]
					},
					"position": [0, 0, 0]
				},
				"rightleg2": {
					"rotation": {
						"0.0": [0, 0, 0],
						"3.5417": [17.5, 0, 35],
						"3.8333": [-43.4259, 17.43127, -49.75867],
						"4.6667": [-43.43, 17.43, -49.76],
						"5.25": [-43.43, 17.43, -49.76]
					},
					"position": {
						"0.0": [0, 0, 0],
						"3.5417": [-2, 0, -3],
						"3.8333": [-5, 3, -7],
						"4.6667": [-5, 3, -7],
						"5.25": [-5, 3, -7]
					}
				},
				"leftleg2": {
					"rotation": {
						"0.0": [0, 0, 0],
						"3.5417": [10, 0, -32.5],
						"3.8333": [328.87025, -16.09864, -262.64846],
						"4.6667": [328.87, -16.1, -262.65],
						"5.25": [328.87, -16.1, -262.65]
					},
					"position": {
						"0.0": [0, 0, 0],
						"3.5417": [2, 0, -3],
						"3.8333": [8, 0, -8],
						"4.6667": [8, 0, -8],
						"5.25": [8, 0, -8]
					}
				}
			}
		}
	}
}