{
  "format_version": "1.10.0",
  "animation_controllers": {
    "controller.animation.mochi": {
      "initial_state": "default",
      "states": {
        "default": {
          "transitions": [
            {
              "zangiri": "query.get_equipped_item_name(0) == 'zangiri' && query.is_using_item && !query.is_sneaking && query.is_alive"
            },
            {
              "mirror_mochi": "query.get_equipped_item_name(0) == 'mirror_mochi' && query.is_using_item && !query.is_sneaking && query.is_alive"
            },
            {
              "donut_spikes": "query.get_equipped_item_name(0) == 'donut_spikes' && query.is_using_item && !query.is_sneaking && query.is_alive"
            }
          ]
        },
        "zangiri": {
          "animations": [
            "zangiri_create"
          ],
          "transitions": [
            {
              "zangiri2": "query.all_animations_finished"
            }
          ]
        },
        "zangiri2": {
          "animations": [
            "zangiri_holding"
          ],
          "transitions": [
            {
              "zangiri3": "!query.is_using_item || query.is_sneaking || !query.is_alive"
            }
          ]
        },
        "zangiri3": {
          "animations": [
            "zangiri_rotating"
          ],
          "sound_effects":[
            {
                "effect":"zangiri"
            }
          ],
          "transitions": [
            {
              "default": "query.all_animations_finished || !query.is_alive"
            }
          ]
        },
        
        
        
        
        
        "mirror_mochi": {
          "animations": [
            "mirror_mochi"
          ],
          "transitions": [
            {
              "mirror_mochi2": "query.any_animation_finished"
            }
          ]
        },
        "mirror_mochi2": {
          "animations": [
            "mirror_mochi2"
          ],
          "transitions": [
            {
              "default": "!query.is_using_item || query.is_sneaking || !query.is_alive"
            }
          ]
        },
        
        
        
        
        "donut_spikes": {
          "animations": [
            "donut_rotating",
            "donut_create",
            "donut_player"
          ],
          "sound_effects":[
            {
                "effect":"mochi1"
            }
          ],
          "transitions": [
            {
              "donut_spikes2": "query.all_animations_finished"
            }
          ]
        },
        "donut_spikes2": {
          "animations": [
            "donut_rotating",
            "donut_player2"
          ],
          "transitions": [
            {
              "default": "!query.is_using_item || query.is_sneaking || !query.is_alive"
            }
          ]
        }
      }
    }
  }
}