{
  "format_version": "1.16.100",
  "minecraft:item": {
    "description": {
      "identifier": "stk:bflamestp",
      "category": "category"
    },
    "components": {
    "minecraft:render_offsets": {
        "main_hand": {
            "first_person": { 
                "scale": [0.000,0.000,0.000]
            },
            "third_person": { 
                "scale": [0.00,0.00,0.00]
            }
        }
    },
      "minecraft:icon": {
        "texture": "bflamestp"
      },
    
            "minecraft:display_name": {
        "value": "§eBlack Flames Hide"},
      "minecraft:max_stack_size": 64,
      "minecraft:use_duration": 9999,
      "minecraft:hand_equipped": true,
      "minecraft:durability": {
        "max_durability": 9999
      },
      "minecraft:mining_speed": 1,
      "minecraft:damage": 0,
      "minecraft:enchantable": {
        "value": 0,
        "slot": "item"
      },
      "minecraft:can_destroy_in_creative": false,
      "minecraft:digger": {
        "use_efficiency": false,
        "destroy_speeds": [
          {
            "block": "minecraft:web",
            "speed": 20
          },
          {
            "block": "minecraft:bamboo",
            "speed": 25
          }
        ]
      },
	  "minecraft:cooldown": {
		"category": "bflamestp",
		"duration": 10
      },
	  "minecraft:on_use": {
		"on_use": {
		  "event": "7"
		}
	  }
    },
    "events": {
	  "7": {
		"run_command": {
		  "command": [
        "tag @s[tag=!bl] add bl","clear @s stk:bflamestp","give @s stk:bflamestp2"
		  ]
		}
	},
      "minecraft:weapon": {}
    }
  }
}





























   
  
































