{
  "format_version": "1.20",
  "minecraft:item": {
    "description": {
      "identifier": "wesl3y:cigarette",
      "category": "nature"
    },
    "components": {
      "minecraft:render_offsets": {
	    "main_hand": {
		  "first_person": { 
		    "scale": [0.0, 0.0, 0.0]
		  },
		  "third_person": {
			"scale": [0.0, 0.0, 0.0]
		  }
		}
	  },
	  "minecraft:armor": {
		"protection": 2
	  },
      "minecraft:durability": {
        "max_durability": 2000
      },
	  "minecraft:repairable": {
		"repair_items": [
		  {
			"items": [
			  "wesl3y:akainu_haori"
			],
			"repair_amount": 100
		  }
		]
	  },
      "minecraft:icon": {
        "texture": "cigarette"
      },
      "minecraft:max_stack_size": 1,
      "minecraft:hand_equipped": true,
	  "minecraft:wearable": {
	    "slot": "slot.armor.head"
	  },
      "minecraft:display_name": {
        "value": "Cigarette\n\n§9Energy +10%\n§9<Drop §5Rare§9>"
      }
    },
    "events": {}
  }
}