{
	"format_version": "1.10.0",
	"animation_controllers": {
		"controller.animation.idle": {
			"states": {
				"default": {
					"transitions": [
						{
							"crouch": "!q.is_moving && query.property('property:idle') == 1 && !q.is_sneaking"
						},
						{
							"point": "!q.is_moving && query.property('property:idle') == 2 && !q.is_sneaking"
						},
						{
							"rengokupose": "!q.is_moving && query.property('property:idle') == 3 && !q.is_sneaking"
						},
						{
							"zenitsu": "!q.is_moving && query.property('property:idle') == 4 && !q.is_sneaking"
						},
						{
							"holdforward": "!q.is_moving && query.property('property:idle') == 5 && !q.is_sneaking"
						},
						{
							"holdout": "!q.is_moving && query.property('property:idle') == 6 && !q.is_sneaking"
						},
						{
							"overshoulder": "!q.is_moving && query.property('property:idle') == 7 && !q.is_sneaking"
						},
						{
							"honor": "!q.is_moving && query.property('property:idle') == 8 && !q.is_sneaking"
						},
						
						{
							"sneak": "!q.is_moving && query.property('property:idle') == 1 && q.is_sneaking"
						}
					],
					"blend_transition": 0.25
				},
				"crouch": {
					"animations": [ { "crouch_idle": "!v.is_first_person && query.property('property:bladecolor') != 'off'" } ],
					"transitions": [
						{
							"default": "q.is_moving || query.property('property:idle') == 0"
						},
						{
							"sneak": "!q.is_moving && query.property('property:idle') == 1 && q.is_sneaking"
						}
					],
					"blend_transition": 0.25
				},
				"point": {
					"animations": [ { "point_idle": "!v.is_first_person && query.property('property:bladecolor') != 'off'" } ],
					"transitions": [
						{
							"default": "q.is_moving || query.property('property:idle') == 0"
						},
						{
							"sneak": "!q.is_moving && query.property('property:idle') == 2 && q.is_sneaking"
						}
					],
					"blend_transition": 0.25
				},
				"rengokupose": {
					"animations": [ { "rengokupose_idle": "!v.is_first_person && query.property('property:bladecolor') != 'off'" } ],
					"transitions": [
						{
							"default": "q.is_moving || query.property('property:idle') == 0"
						},
						{
							"sneak": "!q.is_moving && query.property('property:idle') == 3 && q.is_sneaking"
						}
					],
					"blend_transition": 0.25
				},
				"zenitsu": {
					"animations": [ { "zenitsu_idle": "!v.is_first_person && query.property('property:bladecolor') != 'off'" } ],
					"transitions": [
						{
							"default": "q.is_moving || query.property('property:idle') == 0"
						},
						{
							"sneak": "!q.is_moving && query.property('property:idle') == 4 && q.is_sneaking"
						}
					],
					"blend_transition": 0.25
				},
				"holdforward": {
					"animations": [ { "holdforward_idle": "!v.is_first_person && query.property('property:bladecolor') != 'off'" } ],
					"transitions": [
						{
							"default": "q.is_moving || query.property('property:idle') == 0"
						},
						{
							"sneak": "!q.is_moving && query.property('property:idle') == 5 && q.is_sneaking"
						}
					],
					"blend_transition": 0.25
				},
				"holdout": {
					"animations": [ { "holdout_idle": "!v.is_first_person && query.property('property:bladecolor') != 'off'" } ],
					"transitions": [
						{
							"default": "q.is_moving || query.property('property:idle') == 0"
						},
						{
							"sneak": "!q.is_moving && query.property('property:idle') == 6 && q.is_sneaking"
						}
					],
					"blend_transition": 0.25
				},
				"overshoulder": {
					"animations": [ { "overshoulder_idle": "!v.is_first_person && query.property('property:bladecolor') != 'off'" } ],
					"transitions": [
						{
							"default": "q.is_moving || query.property('property:idle') == 0"
						},
						{
							"sneak": "!q.is_moving && query.property('property:idle') == 7 && q.is_sneaking"
						}
					],
					"blend_transition": 0.25
				},
				"honor": {
					"animations": [ { "honor_idle": "!v.is_first_person && query.property('property:bladecolor') != 'off'" } ],
					"transitions": [
						{
							"default": "q.is_moving || query.property('property:idle') == 0"
						},
						{
							"sneak": "!q.is_moving && query.property('property:idle') == 8 && q.is_sneaking"
						}
					],
					"blend_transition": 0.25
				},
				
				"sneak": {
					"animations": [ { "guard": "!v.is_first_person && query.property('property:bladecolor') != 'off'" } ],
					"transitions": [
						{
							"default": "q.is_moving || v.is_first_person || query.property('property:idle') == 0 || !q.is_sneaking"
						},
						{
							"crouch": "!q.is_moving && query.property('property:idle') == 1 && !q.is_sneaking"
						},
						{
							"point": "!q.is_moving && query.property('property:idle') == 2 && !q.is_sneaking"
						},
						{
							"rengokupose": "!q.is_moving && query.property('property:idle') == 3 && !q.is_sneaking"
						},
						{
							"zenitsu": "!q.is_moving && query.property('property:idle') == 4 && !q.is_sneaking"
						},
						{
							"holdforward": "!q.is_moving && query.property('property:idle') == 5 && !q.is_sneaking"
						},
						{
							"holdout": "!q.is_moving && query.property('property:idle') == 6 && !q.is_sneaking"
						},
						{
							"overshoulder": "!q.is_moving && query.property('property:idle') == 7 && !q.is_sneaking"
						},
						{
							"honor": "!q.is_moving && query.property('property:idle') == 8 && !q.is_sneaking"
						}
						
						
						
						
						
						
						
					],
					"blend_transition": 0.5
				}
			}
		},
		"controller.animation.run": {
			"states": {
				"default": {
					"transitions": [
						{
							"run": "q.is_sprinting"
						}
					],
					"blend_transition": 0.25
				},
				"run": {
					"animations": [ { "runanim": "!v.is_first_person && query.property('property:bladecolor') != 'off'" } ],
					"transitions": [
						{
							"default": "!q.is_sprinting"
						}
					],
					"blend_transition": 0.25
				}
			}
		}
		
	}
}
