{
	"format_version": "1.10.0",
	"animation_controllers": {
		"controller.animation.sanemi": {
			"states": {
				"default": {
					"transitions": [
						{
							"overshoulder": "!q.is_moving"
						}
					],
					"blend_transition": 0.25
				},
				"overshoulder": {
					"animations": [  "overshoulder_idle"  ],
					"transitions": [
						{
							"default": "q.is_moving"
						}
					],
					"blend_transition": 0.25
				}
				
			}
		},
		"controller.animation.sanemirun": {
			"states": {
				"default": {
					"transitions": [
						{
							"run": "q.is_moving"
						}
					],
					"blend_transition": 0.25
				},
				"run": {
					"animations": [  "runanim"  ],
					"transitions": [
						{
							"default": "!q.is_moving"
						}
					],
					"blend_transition": 0.25
				}
			}
		}
		
	}
}
