{
  "format_version": "1.10.0",
  "particle_effect": {
    "description": {
      "identifier": "wesl3y:asta_bull_thrust3",
      "basic_render_parameters": {
        "material": "particles_blend",
        "texture": "textures/particle/particles12"
      }
    },
    "components": {
	  "minecraft:emitter_local_space": {
		"position": true,
		"rotation": true
	  },
      "minecraft:emitter_rate_instant": {
        "num_particles": 7
      },
      "minecraft:emitter_lifetime_once": {},
      "minecraft:emitter_shape_point": {
        "offset": ["Math.random( -1.25, 1.25 )", "math.random( -1.25, 1.25 )", "math.random(0, -1)"]
      },
      "minecraft:particle_lifetime_expression": {
        "max_lifetime": 0.2
      },
      "minecraft:particle_initial_speed": 0.1,
      "minecraft:particle_motion_dynamic": {
        "linear_drag_coefficient": 1,
        "linear_acceleration": [0, 0, -4]
      },
      "minecraft:particle_appearance_billboard": {
        "size": [0.125, 2],
        "facing_camera_mode": "emitter_transform_xz",
        "uv": {
          "texture_width": 32,
          "texture_height": 32,
          "uv": [0, 0],
          "uv_size": [32, 32]
        }
      },
      "minecraft:particle_appearance_tinting": {
        "color": {
          "interpolant": "v.particle_age",
          "gradient": {
            "0.0": "#ED000000",
            "0.2": "#00000000"
          }
        }
      }
    }
  }
}