{
    "format_version": "1.17.20",
    "minecraft:block": {
        "description": {
            "identifier": "JCTbuild:bluetapestry",
            "is_experimental": false,
            "properties": {
                "jctbuild:cardinal_facing": [
                    2,
                    3,
                    4,
                    5
                ]
            }
        },
        "components": {
                   "minecraft:destroy_time": 0.5,
            "minecraft:map_color": "#0400ff",
            "minecraft:creative_category": {
				"category": "construction",
				"group": "itemGroup.name.woolCarpet"
			},
            "minecraft:geometry": "geometry.blocks.jcttapestry",
            "minecraft:material_instances": {
                "*": {
                    "texture": "JCTwoolblue",
                    "render_method": "alpha_test"
                }
            },
            "minecraft:block_collision": {
                "size": [
                    1,
                    16,
                    16
                ],
                "origin": [
                    -8,
                    0,
                    -8
                ]
            },
            "minecraft:pick_collision": {
                "size": [
                    1,
                    16,
                    16
                ]
            },
            "minecraft:block_light_absorption": 1,
            "minecraft:on_player_placing": {
                "event": "jctbuild:place_block"
            }
        },
        "permutations": [
            {
                "condition": "q.block_property('jctbuild:cardinal_facing') == 4",
                "components": {
                    "minecraft:rotation": [
                        0,
                        180,
                        0
                    ]
                }
            },
            {
                "condition": "q.block_property('jctbuild:cardinal_facing') == 5",
                "components": {
                    "minecraft:rotation": [
                        0,
                        0,
                        0
                    ]
                }
            },
            {
                "condition": "q.block_property('jctbuild:cardinal_facing') == 3",
                "components": {
                    "minecraft:rotation": [
                        0,
                        270,
                        0
                    ]
                }
            },
            {
                "condition": "q.block_property('jctbuild:cardinal_facing') == 2",
                "components": {
                    "minecraft:rotation": [
                        0,
                        90,
                        0
                    ]
                }
            }
        ],
        "events": {
            "jctbuild:place_block": {
                "set_block_property": {
                    "jctbuild:cardinal_facing": "q.cardinal_facing_2d"
                }
            }
        }
    }
}