{
    "format_version": "1.17.20",
    "minecraft:block": {
        "description": {
            "identifier": "JCTbuild:blueslab",
            "is_experimental": false,
            "properties": {
                "jctbuild:cardinal_facing": [
                    0,
                    1
                ]
            }
        },
        "components": {
            "minecraft:destroy_time": 0.5,
            "minecraft:map_color": "#081bc9",
            "minecraft:creative_category": {
				"category": "construction",
				"group": "itemGroup.name.slab"
			},
            "minecraft:geometry": "geometry.blocks.jctslab",
            "minecraft:material_instances": {
                "*": {
                    "texture": "JCTblue",
                    "render_method": "alpha_test"
                }
            },
            "minecraft:block_collision": {
                "size": [
                    16,
                    8,
                    16
                ],
                "origin": [
                    -8,
                    0,
                    -8
                ]
            },
            "minecraft:pick_collision": {
                "size": [
                    16,
                    8,
                    16
                ]
            },
            "minecraft:block_light_absorption": 1,
            "minecraft:on_player_placing": {
                "event": "jctbuild:place_block"
            }
        },
        "permutations": [
            {
                "condition": "q.block_property('jctbuild:cardinal_facing') == 0",
                "components": {
                    "minecraft:rotation": [
                        0,
                        0,
                        0
                    ]
                }
            },
            {
                "condition": "q.block_property('jctbuild:cardinal_facing') == 1",
                "components": {
                    "minecraft:rotation": [
                        0,
                        0,
                        180
                    ]
                }
            }
        ],
        "events": {
            "jctbuild:place_block": {
                "set_block_property": {
                    "jctbuild:cardinal_facing": "q.cardinal_facing"
                }
            }
        }
    }
}