{
    "format_version": "1.17.20",
    "minecraft:block": {
        "description": {
            "identifier": "JCTbuild:brickspoint",
            "is_experimental": true,
            "properties": {
                "JCTbuild:spin": [
                    0,
                    1,
                    2,
                    3,
                    4,
                    5,
                    6,
                    7,
                    8,
                    9,
                    10,
                    11,
                    12,
                    13,
                    14,
                    15
                ]
            }
        },
        "components": {
               "minecraft:destroy_time": 0.5,
            "minecraft:map_color":"#C46E6E",
            "minecraft:geometry": "geometry.blocks.point",
            "minecraft:material_instances": {
                "*": {
                    "texture": "JCTbricks",
                    "render_method": "alpha_test"
                }
            },
            "minecraft:block_collision": {
                "size": [
                    8,
                    8,
                    8
                ],
                "origin": [
                    -4,
                    0,
                    -4
                ]
            },
            "minecraft:pick_collision": {
                "size": [
                    16,
                    16,
                    16
                ]
            },
            "minecraft:creative_category": {
                "category": "construction"
            },
            "minecraft:block_light_absorption": 1,
            "minecraft:on_interact": {
                "condition": "query.is_sneaking == 1 || query.equipped_item_any_tag('slot.weapon.mainhand','JCTwrench') || query.equipped_item_any_tag('slot.weapon.offhand','JCTwrench')",
                "event": "JCTbuild:turn"
            }
        },
        "permutations": [
            {
                "condition": "q.block_property('JCTbuild:spin') == 1",
                "components": {
                    "minecraft:rotation": [
                        0,
                        90,
                        0
                    ]
                }
            },
            {
                "condition": "q.block_property('JCTbuild:spin') == 2",
                "components": {
                    "minecraft:rotation": [
                        0,
                        180,
                        0
                    ]
                }
            },
            {
                "condition": "q.block_property('JCTbuild:spin') == 3",
                "components": {
                    "minecraft:rotation": [
                        0,
                        270,
                        0
                    ]
                }
            },
            {
                "condition": "q.block_property('JCTbuild:spin') == 4",
                "components": {
                    "minecraft:rotation": [
                        0,
                        0,
                        270
                    ]
                }
            },
            {
                "condition": "q.block_property('JCTbuild:spin') == 5",
                "components": {
                    "minecraft:rotation": [
                        90,
                        0,
                        270
                    ]
                }
            },
            {
                "condition": "q.block_property('JCTbuild:spin') == 6",
                "components": {
                    "minecraft:rotation": [
                        180,
                        0,
                        270
                    ]
                }
            },
            {
                "condition": "q.block_property('JCTbuild:spin') == 7",
                "components": {
                    "minecraft:rotation": [
                        270,
                        0,
                        270
                    ]
                }
            },
            {
                "condition": "q.block_property('JCTbuild:spin') == 8",
                "components": {
                    "minecraft:rotation": [
                        0,
                        0,
                        90
                    ]
                }
            },
            {
                "condition": "q.block_property('JCTbuild:spin') == 9",
                "components": {
                    "minecraft:rotation": [
                        90,
                        0,
                        90
                    ]
                }
            },
            {
                "condition": "q.block_property('JCTbuild:spin') == 10",
                "components": {
                    "minecraft:rotation": [
                        180,
                        0,
                        90
                    ]
                }
            },
            {
                "condition": "q.block_property('JCTbuild:spin') == 11",
                "components": {
                    "minecraft:rotation": [
                        270,
                        0,
                        90
                    ]
                }
            },
            {
                "condition": "q.block_property('JCTbuild:spin') == 12",
                "components": {
                    "minecraft:rotation": [
                        180,
                        0,
                        0
                    ]
                }
            },
            {
                "condition": "q.block_property('JCTbuild:spin') == 13",
                "components": {
                    "minecraft:rotation": [
                        180,
                        90,
                        0
                    ]
                }
            },
            {
                "condition": "q.block_property('JCTbuild:spin') == 14",
                "components": {
                    "minecraft:rotation": [
                        180,
                        180,
                        0
                    ]
                }
            },
            {
                "condition": "q.block_property('JCTbuild:spin') == 15",
                "components": {
                    "minecraft:on_interact": {
						"event": "JCTbuild:reset"
					},
                    "minecraft:rotation": [
                        180,
                        270,
                        0
                    ]
                }
            }
        ],
        "events": {
            "JCTbuild:turn": {
                "set_block_property": {
                    "JCTbuild:spin": "query.block_property('JCTbuild:spin') + 1"
                    
                }
            },
            "JCTbuild:reset": {
                "set_block_property": {
                    "JCTbuild:spin": 0
                }
            }
        }
    }
}