{
  "format_version": "1.10.0",
  "animations": {
    "animation.cremation.flashfire_fist": {
      "loop": false,
      "animation_length": 1.6,
      "timeline": {
        "0.0": [
          "/particle wesl3y:flashfire_fistCrem"
        ],
        "0.1": [
          "/function damage/cremation/flashfire_fist"
        ],
        "0.2": [
          "/particle wesl3y:flashfire_fistCrem2",
          "/function damage/cremation/flashfire_fist"
        ],
        "0.3": [
          "/function damage/cremation/flashfire_fist2"
        ],
        "0.4": [
          "/particle wesl3y:flashfire_fistCrem3",
          "/function damage/cremation/flashfire_fist2"
        ],
        "0.5": [
          "/function damage/cremation/flashfire_fist3"
        ],
        "0.6": [
          "/particle wesl3y:flashfire_fistCrem4",
          "/function damage/cremation/flashfire_fist4"
        ],
        "0.7": [
          "/function damage/cremation/flashfire_fist4"
        ],
        "0.8": [
          "/function damage/cremation/flashfire_fist4"
        ],
        "0.9": [
          "/function damage/cremation/flashfire_fist4"
        ],
        "1.0": [
          "/function damage/cremation/flashfire_fist4"
        ],
        "1.1": [
          "/function damage/cremation/flashfire_fist4"
        ],
        "1.2": [
          "/function damage/cremation/flashfire_fist4"
        ],
        "1.3": [
          "/function damage/cremation/flashfire_fist4"
        ],
        "1.4": [
          "/function damage/cremation/flashfire_fist4"
        ],
        "1.5": [
          "/function damage/cremation/flashfire_fist4"
        ]
      }
    },
    "animation.cremation.jet_burn": {
      "loop": false,
      "animation_length": 1.2,
      "timeline": {
        "0.0": [
          "/playanimation @s animation.hell_flame.jet_burn.start wesl3y"
        ],
        "0.1": [
          "/tag @s add jet_burnCrem",
          "/summon wesl3y:cremation_short ^^^-2 ~ ~ wesl3y:jet_burnCrem"
        ],
        "0.9": [
          "/event entity @s wesl3y:cremation_long"
        ],
        "1.1": [
          "/tag @s remove jet_burnCrem"
        ]
      }
    }
  }
}