{
  "format_version": "1.10.0",
  "animations": {
    "animation.dark_shadow.twilight_claws": {
      "loop": false,
      "animation_length": 0.6,
      "timeline": {
        "0.0": [
          "/event entity @s wesl3y:skill.2",
          "/playanimation @s animation.dark_shadow.twilight_claws.start wesl3y"
        ],
        "0.1": [
          "/tag @s add twilight_claws",
          "/execute positioned ^^0.5^2 run function damage/dark_shadow/twilight_claws"
        ],
        "0.2": [
          "/execute positioned ^^0.5^2 run function damage/dark_shadow/twilight_claws",
          "/execute positioned ^^0.5^4 run function damage/dark_shadow/twilight_claws"
        ],
        "0.3": [
          "/execute positioned ^^0.5^2 run function damage/dark_shadow/twilight_claws",
          "/execute positioned ^^0.5^4 run function damage/dark_shadow/twilight_claws",
          "/execute positioned ^^0.5^6 run function damage/dark_shadow/twilight_claws"
        ],
        "0.4": [
          "/execute positioned ^^0.5^2 run function damage/dark_shadow/twilight_claws",
          "/execute positioned ^^0.5^4 run function damage/dark_shadow/twilight_claws",
          "/execute positioned ^^0.5^6 run function damage/dark_shadow/twilight_claws"
        ],
        "0.5": [
          "/tag @s remove twilight_claws",
          "/event entity @s wesl3y:skill.0"
        ]
      }
    }
  }
}