{
  "format_version": "1.10.0",
  "animations": {
    "animation.decay.decay_all": {
      "loop": false,
      "animation_length": 2.1,
      "timeline": {
        "0.0": [
          "/inputpermission set @s movement disabled",
          "/particle wesl3y:decay_all",
          "/function damage/decay/decay_all"
        ],
        "0.2": [
          "/particle wesl3y:decay_all",
          "/function damage/decay/decay_all"
        ],
        "0.4": [
          "/particle wesl3y:decay_all",
          "/function damage/decay/decay_all"
        ],
        "0.6": [
          "/particle wesl3y:decay_all",
          "/function damage/decay/decay_all"
        ],
        "0.8": [
          "/particle wesl3y:decay_all",
          "/function damage/decay/decay_all"
        ],
        "1.0": [
          "/particle wesl3y:decay_all",
          "/function damage/decay/decay_all"
        ],
        "1.2": [
          "/particle wesl3y:decay_all",
          "/function damage/decay/decay_all"
        ],
        "1.4": [
          "/particle wesl3y:decay_all",
          "/function damage/decay/decay_all"
        ],
        "1.6": [
          "/particle wesl3y:decay_all",
          "/function damage/decay/decay_all"
        ],
        "1.8": [
          "/particle wesl3y:decay_all",
          "/function damage/decay/decay_all"
        ],
        "2.0": [
          "/particle wesl3y:decay_all",
          "/function damage/decay/decay_all"
        ]
      }
    }
  }
}