{
  "format_version": "1.10.0",
  "animations": {
    "animation.electrification.1m_volt": {
      "loop": false,
      "animation_length": 1.6,
      "timeline": {
        "0.0": [
          "/particle wesl3y:1m_volt ^^^4",
          "/particle wesl3y:1m_volt2 ^^^4"
        ],
        "0.1": [
          "/execute positioned ^^^4 run function damage/electrification/1m_volt"
        ],
        "0.2": [
          "/execute positioned ^^^4 run function damage/electrification/1m_volt",
          "/particle wesl3y:1m_volt ^^^4",
          "/particle wesl3y:1m_volt2 ^^^4"
        ],
        "0.3": [
          "/execute positioned ^^^4 run function damage/electrification/1m_volt"
        ],
        "0.4": [
          "/execute positioned ^^^4 run function damage/electrification/1m_volt",
          "/particle wesl3y:1m_volt ^^^4",
          "/particle wesl3y:1m_volt2 ^^^4"
        ],
        "0.5": [
          "/execute positioned ^^^4 run function damage/electrification/1m_volt"
        ],
        "0.6": [
          "/execute positioned ^^^4 run function damage/electrification/1m_volt",
          "/particle wesl3y:1m_volt ^^^4",
          "/particle wesl3y:1m_volt2 ^^^4"
        ],
        "0.7": [
          "/execute positioned ^^^4 run function damage/electrification/1m_volt"
        ],
        "0.8": [
          "/execute positioned ^^^4 run function damage/electrification/1m_volt",
          "/particle wesl3y:1m_volt ^^^4",
          "/particle wesl3y:1m_volt2 ^^^4"
        ],
        "0.9": [
          "/execute positioned ^^^4 run function damage/electrification/1m_volt"
        ],
        "1.0": [
          "/execute positioned ^^^4 run function damage/electrification/1m_volt",
          "/particle wesl3y:1m_volt ^^^4",
          "/particle wesl3y:1m_volt2 ^^^4"
        ],
        "1.1": [
          "/execute positioned ^^^4 run function damage/electrification/1m_volt"
        ],
        "1.2": [
          "/execute positioned ^^^4 run function damage/electrification/1m_volt",
          "/particle wesl3y:1m_volt ^^^4",
          "/particle wesl3y:1m_volt2 ^^^4"
        ],
        "1.3": [
          "/execute positioned ^^^4 run function damage/electrification/1m_volt"
        ],
        "1.4": [
          "/execute positioned ^^^4 run function damage/electrification/1m_volt",
          "/particle wesl3y:1m_volt ^^^4",
          "/particle wesl3y:1m_volt2 ^^^4"
        ],
        "1.5": [
          "/execute positioned ^^^4 run function damage/electrification/1m_volt"
        ]
      }
    },
    "animation.electrification.2m_volt": {
      "loop": false,
      "animation_length": 2.1,
      "timeline": {
        "0.0": [
          "/inputpermission set @s movement disabled",
          "/particle wesl3y:2m_volt",
          "/particle wesl3y:2m_volt2",
          "/function damage/electrification/2m_volt"
        ],
        "0.2": [
          "/particle wesl3y:2m_volt",
          "/particle wesl3y:2m_volt2",
          "/function damage/electrification/2m_volt"
        ],
        "0.4": [
          "/particle wesl3y:2m_volt",
          "/particle wesl3y:2m_volt2",
          "/function damage/electrification/2m_volt"
        ],
        "0.6": [
          "/particle wesl3y:2m_volt",
          "/particle wesl3y:2m_volt2",
          "/function damage/electrification/2m_volt"
        ],
        "0.8": [
          "/particle wesl3y:2m_volt",
          "/particle wesl3y:2m_volt2",
          "/function damage/electrification/2m_volt"
        ],
        "1.0": [
          "/particle wesl3y:2m_volt",
          "/particle wesl3y:2m_volt2",
          "/function damage/electrification/2m_volt"
        ],
        "1.2": [
          "/particle wesl3y:2m_volt",
          "/particle wesl3y:2m_volt2",
          "/function damage/electrification/2m_volt"
        ],
        "1.4": [
          "/particle wesl3y:2m_volt",
          "/particle wesl3y:2m_volt2",
          "/function damage/electrification/2m_volt"
        ],
        "1.6": [
          "/particle wesl3y:2m_volt",
          "/particle wesl3y:2m_volt2",
          "/function damage/electrification/2m_volt"
        ],
        "1.8": [
          "/particle wesl3y:2m_volt",
          "/particle wesl3y:2m_volt2",
          "/function damage/electrification/2m_volt"
        ],
        "2.0": [
          "/particle wesl3y:2m_volt",
          "/particle wesl3y:2m_volt2",
          "/function damage/electrification/2m_volt"
        ]
      }
    }
  }
}