{
  "format_version": "1.10.0",
  "animations": {
    "animation.ice.ice_walk": {
      "loop": true,
      "animation_length": 0.1,
      "timeline": {
        "0.0": [
          "/scoreboard players remove @s stamina 2",
          "/execute at @s[rx=15,rxm=-90] positioned ~~-1~ run fill ~-1~~-1 ~1~~1 wesl3y:ice_block_air [] replace air",
          "/execute at @s[rx=90,rxm=10] positioned ~~-2~ run fill ~-1~~-1 ~1~~1 wesl3y:ice_block_air [] replace air"
        ]
      }
    },
    "animation.ice.ice_arms": {
      "loop": true,
      "animation_length": 0.25,
      "timeline": {
        "0.0": [
          "/scoreboard players remove @s stamina 3",
          "/effect @s resistance 2 0 true",
          "/effect @s strength 2 2 true"
        ]
      }
    },
    "animation.ice.ice_world": {
      "loop": false,
      "animation_length": 2.0,
      "timeline": {
        "0.0": [
          "/tp @s ~~~",
          "/fill ~13~13~13 ~-13 ~-1 ~-13 air [] replace fire",
          "/fill ~4~4~4 ~-4 ~-1 ~-4 wesl3y:ice_block [\"wesl3y:block\": 0] replace dirt",
          "/fill ~4~4~4 ~-4 ~-1 ~-4 wesl3y:ice_block [\"wesl3y:block\": 0] replace grass",
          "/fill ~4~4~4 ~-4 ~-1 ~-4 wesl3y:ice_block [\"wesl3y:block\": 1] replace stone",
          "/fill ~4~4~4 ~-4 ~-1 ~-4 wesl3y:ice_block [\"wesl3y:block\": 1] replace cobblestone",
          "/fill ~4~4~4 ~-4 ~-1 ~-4 wesl3y:ice_block [\"wesl3y:block\": 2] replace sand",
          "/fill ~4~4~4 ~-4 ~-1 ~-4 wesl3y:ice_block [\"wesl3y:block\": 3] replace planks"
        ],
        "0.1": [
          "/tp @s ~~~"
        ],
        "0.2": [
          "/tp @s ~~~"
        ],
        "0.3": [
          "/tp @s ~~~",
          "/fill ~7~7~7 ~-7 ~-1 ~-7 wesl3y:ice_block [\"wesl3y:block\": 0] replace dirt",
          "/fill ~7~7~7 ~-7 ~-1 ~-7 wesl3y:ice_block [\"wesl3y:block\": 0] replace grass",
          "/fill ~7~7~7 ~-7 ~-1 ~-7 wesl3y:ice_block [\"wesl3y:block\": 1] replace stone",
          "/fill ~7~7~7 ~-7 ~-1 ~-7 wesl3y:ice_block [\"wesl3y:block\": 1] replace cobblestone",
          "/fill ~7~7~7 ~-7 ~-1 ~-7 wesl3y:ice_block [\"wesl3y:block\": 2] replace sand",
          "/fill ~7~7~7 ~-7 ~-1 ~-7 wesl3y:ice_block [\"wesl3y:block\": 3] replace planks",
          "/playanimation @s animation.ice.world.loop wesl3y"
        ],
        "0.4": [
          "/tp @s ~~~"
        ],
        "0.5": [
          "/tp @s ~~~"
        ],
        "0.6": [
          "/tp @s ~~~",
          "/playanimation @s animation.ice.world.loop wesl3y"
        ],
        "0.7": [
          "/tp @s ~~~",
          "/fill ~10~10~10 ~-10 ~-1 ~-10 wesl3y:ice_block [\"wesl3y:block\": 0] replace dirt",
          "/fill ~10~10~10 ~-10 ~-1 ~-10 wesl3y:ice_block [\"wesl3y:block\": 0] replace grass",
          "/fill ~10~10~20 ~-20 ~-1 ~-20 wesl3y:ice_block [\"wesl3y:block\": 1] replace stone",
          "/fill ~10~10~10 ~-10 ~-1 ~-10 wesl3y:ice_block [\"wesl3y:block\": 1] replace cobblestone",
          "/fill ~10~10~10 ~-10 ~-1 ~-10 wesl3y:ice_block [\"wesl3y:block\": 2] replace sand",
          "/fill ~10~10~10 ~-10 ~-1 ~-10 wesl3y:ice_block [\"wesl3y:block\": 3] replace planks",
          "/tag @s add ice_world",
          "/execute at @e[rm=1,r=10,c=5,family=!attack,family=!inanimate,type=!item,type=!xp_orb] run summon wesl3y:ice_short ~~~ ~ ~ wesl3y:ice_world"
        ],
        "0.8": [
          "/tp @s ~~~"
        ],
        "0.9": [
          "/tp @s ~~~",
          "/fill ~13~13~13 ~-13 ~-1 ~-13 wesl3y:ice_block [\"wesl3y:block\": 0] replace dirt",
          "/fill ~13~13~13 ~-13 ~-1 ~-13 wesl3y:ice_block [\"wesl3y:block\": 0] replace grass",
          "/fill ~13~13~13 ~-13 ~-1 ~-13 wesl3y:ice_block [\"wesl3y:block\": 1] replace stone",
          "/fill ~13~13~13 ~-13 ~-1 ~-13 wesl3y:ice_block [\"wesl3y:block\": 1] replace cobblestone",
          "/fill ~13~13~13 ~-13 ~-1 ~-13 wesl3y:ice_block [\"wesl3y:block\": 2] replace sand",
          "/fill ~13~13~13 ~-13 ~-1 ~-13 wesl3y:ice_block [\"wesl3y:block\": 3] replace planks",
          "/playanimation @s animation.ice.world.loop wesl3y",
          "/tag @s remove ice_world"
        ]
      }
    }
  }
}