{
  "format_version": "1.10.0",
  "animations": {
    "animation.all_might.combo2": {
      "loop": false,
      "animation_length": 1.9,
      "timeline": {
        "0.0": [
          "/playanimation @s animation.one_for_all.detroit_smash.loop wesl3y",
          "/particle wesl3y:charge_detroit_smash"
        ],
        "0.2": [
          "/particle wesl3y:charge_detroit_smash2",
          "/playsound woosh @a[r=10] 0.4",
          "/summon wesl3y:all_might_attack2 ~~~ ~ ~ wesl3y:impulse"
        ],
        "0.4": [
          "/playanimation @s animation.one_for_all.detroit_smash.loop wesl3y",
          "/particle wesl3y:charge_detroit_smash"
        ],
        "0.6": [
          "/particle wesl3y:charge_detroit_smash2",
          "/playsound woosh @a[r=10] 0.4",
          "/summon wesl3y:all_might_attack2 ~~~ ~ ~ wesl3y:impulse"
        ],
        "0.8": [
          "/playanimation @s animation.one_for_all.detroit_smash.loop wesl3y",
          "/particle wesl3y:charge_detroit_smash"
        ],
        "1.0": [
          "/particle wesl3y:charge_detroit_smash",
          "/particle wesl3y:charge_detroit_smash2",
          "/playsound woosh @a[r=10] 0.4",
          "/summon wesl3y:all_might_attack2 ~~~ ~ ~ wesl3y:impulse"
        ],
        "1.3": [
          "/playanimation @s animation.one_for_all.detroit_smash.end wesl3y",
          "/event entity @s detroit_smash"
        ]
      }
    },
    "animation.all_might.combo3": {
      "loop": false,
      "animation_length": 1.9,
      "timeline": {
        "0.0": [
          "/playanimation @s animation.one_for_all.detroit_smash.loop wesl3y",
          "/particle wesl3y:charge_detroit_smash"
        ],
        "0.2": [
          "/particle wesl3y:charge_detroit_smash2",
          "/playsound woosh @a[r=10] 0.4",
          "/summon wesl3y:all_might_attack2 ~~~ ~ ~ wesl3y:impulse"
        ],
        "0.4": [
          "/playanimation @s animation.one_for_all.detroit_smash.loop wesl3y",
          "/particle wesl3y:charge_detroit_smash"
        ],
        "0.6": [
          "/particle wesl3y:charge_detroit_smash2",
          "/playsound woosh @a[r=10] 0.4",
          "/summon wesl3y:all_might_attack2 ~~~ ~ ~ wesl3y:impulse"
        ],
        "0.8": [
          "/playanimation @s animation.one_for_all.detroit_smash.loop wesl3y",
          "/particle wesl3y:charge_detroit_smash"
        ],
        "1.0": [
          "/particle wesl3y:charge_detroit_smash",
          "/particle wesl3y:charge_detroit_smash2",
          "/playsound woosh @a[r=10] 0.4",
          "/summon wesl3y:all_might_attack2 ~~~ ~ ~ wesl3y:impulse"
        ],
        "1.3": [
          "/playanimation @s animation.one_for_all.detroit_smash.end wesl3y",
          "/event entity @s 100_detroit_smash"
        ]
      }
    },
    "animation.bakugou.combo2": {
      "loop": false,
      "animation_length": 1.7,
      "timeline": {
        "0.0": [
          "/playanimation @s animation.explosion.ap_machine_gun.start wesl3y"
        ],
        "0.5": [
          "/playanimation @s animation.explosion.ap_machine_gun.start wesl3y"
        ],
        "1.0": [
          "/playanimation @s animation.explosion.ap_machine_gun.start wesl3y"
        ],
        "1.5": [
          "/playanimation @s animation.explosion.ap_machine_gun.start wesl3y"
        ]
      }
    },
    "animation.dabi.combo1": {
      "loop": false,
      "animation_length": 1.6,
      "timeline": {
        "0.0": [
          "/particle wesl3y:flashfire_fistCrem"
        ],
        "0.1": [
          "/damage @e[r=3.5,family=!attack,family=!quirk_halfcolt_halfhot] 13 entity_attack entity @s"
        ],
        "0.2": [
          "/particle wesl3y:flashfire_fistCrem2",
          "/damage @e[r=3.5,family=!attack,family=!quirk_halfcolt_halfhot] 13 entity_attack entity @s"
        ],
        "0.3": [
          "/damage @e[r=5,family=!attack,family=!quirk_halfcolt_halfhot] 13 entity_attack entity @s"
        ],
        "0.4": [
          "/particle wesl3y:flashfire_fistCrem3",
          "/damage @e[r=5,family=!attack,family=!quirk_halfcolt_halfhot] 13 entity_attack entity @s"
        ],
        "0.5": [
          "/damage @e[r=6.5,family=!attack,family=!quirk_halfcolt_halfhot] 13 entity_attack entity @s"
        ],
        "0.6": [
          "/particle wesl3y:flashfire_fistCrem4",
          "/damage @e[r=8,family=!attack,family=!quirk_halfcolt_halfhot] 13 entity_attack entity @s"
        ],
        "0.7": [
          "/damage @e[r=8,family=!attack,family=!quirk_halfcolt_halfhot] 13 entity_attack entity @s"
        ],
        "0.8": [
          "/damage @e[r=8,family=!attack,family=!quirk_halfcolt_halfhot] 13 entity_attack entity @s"
        ],
        "0.9": [
          "/damage @e[r=8,family=!attack,family=!quirk_halfcolt_halfhot] 13 entity_attack entity @s"
        ],
        "1.0": [
          "/damage @e[r=8,family=!attack,family=!quirk_halfcolt_halfhot] 13 entity_attack entity @s"
        ],
        "1.1": [
          "/damage @e[r=8,family=!attack,family=!quirk_halfcolt_halfhot] 13 entity_attack entity @s"
        ],
        "1.2": [
          "/damage @e[r=8,family=!attack,family=!quirk_halfcolt_halfhot] 13 entity_attack entity @s"
        ],
        "1.3": [
          "/damage @e[r=8,family=!attack,family=!quirk_halfcolt_halfhot] 13 entity_attack entity @s"
        ],
        "1.4": [
          "/damage @e[r=8,family=!attack,family=!quirk_halfcolt_halfhot] 13 entity_attack entity @s"
        ],
        "1.5": [
          "/damage @e[r=8,family=!attack,family=!quirk_halfcolt_halfhot] 13 entity_attack entity @s"
        ]
      }
    },
    "animation.dabi.combo2": {
      "loop": false,
      "animation_length": 1.9,
      "timeline": {
        "0.0": [
          "/playanimation @s animation.hell_flame.jet_burn.loop wesl3y"
        ],
        "0.4": [
          "/playanimation @s animation.hell_flame.jet_burn.loop wesl3y"
        ],
        "0.6": [
          "/playanimation @s animation.hell_flame.jet_burn.loop wesl3y"
        ],
        "0.8": [
          "/playanimation @s animation.hell_flame.jet_burn.loop wesl3y"
        ],
        "1.0": [
          "/playanimation @s animation.hell_flame.jet_burn.end wesl3y",
          "/event entity @s jet_burn"
        ]
      }
    },
    "animation.dabi.combo3": {
      "loop": false,
      "animation_length": 0.6,
      "timeline": {
        "0.0": [
          "/playanimation @s animation.hell_flame.prominence_burn.start wesl3y"
        ],
        "0.2": [
          "/event entity @s prominence_burn"
        ]
      }
    },
    "animation.deku.combo1": {
      "loop": false,
      "animation_length": 1.9,
      "timeline": {
        "0.0": [
          "/playanimation @s animation.deku.combo1 wesl3y"
        ],
        "0.25": [
          "/effect @e[family=!attack,family=!hero,tag=!hero,r=3.5,type=!item] slow_falling 2 255 true",
          "/playsound teleport @a[r=10] 0.5",
          "/tp @e[family=!attack,family=!hero,tag=!hero,rm=0.01,r=3.5,type=!item] ~~10~",
          "/tp @s ~~10~"
        ],
        "0.3": [
          "/playanimation @e[family=!attack,family=!hero,tag=!hero,rm=0.01,r=3.5,type=!item] animation.deku.other.combo1 wesl3y",
          "/tp @s ~~~ ~ 0",
          "/tp @e[family=!attack,family=!hero,tag=!hero,rm=0.1,r=3.5,type=!item] ^^^3"
        ],
        "0.35": [
          "/tp @s ~~~ ~ 0",
          "/tp @e[family=!attack,family=!hero,tag=!hero,rm=0.1,r=3.5,type=!item] ^^^3"
        ],
        "0.4": [
          "/tp @s ~~~ ~ 0",
          "/tp @e[family=!attack,family=!hero,tag=!hero,rm=0.1,r=3.5,type=!item] ^^^3"
        ],
        "0.45": [
          "/tp @s ~~~ ~ 0",
          "/tp @e[family=!attack,family=!hero,tag=!hero,rm=0.1,r=3.5,type=!item] ^^^3"
        ],
        "0.5": [
          "/tp @s ~~~ ~ 0",
          "/tp @e[family=!attack,family=!hero,tag=!hero,rm=0.1,r=3.5,type=!item] ^^^3"
        ],
        "0.55": [
          "/tp @s ~~~ ~ 0",
          "/tp @e[family=!attack,family=!hero,tag=!hero,rm=0.1,r=3.5,type=!item] ^^^3"
        ],
        "0.6": [
          "/tp @s ~~~ ~ 0",
          "/tp @e[family=!attack,family=!hero,tag=!hero,rm=0.1,r=3.5,type=!item] ^^^3"
        ],
        "0.65": [
          "/tp @s ~~~ ~ 0",
          "/tp @e[family=!attack,family=!hero,tag=!hero,rm=0.1,r=3.5,type=!item] ^^^3"
        ],
        "0.7": [
          "/tp @s ~~~ ~ 0",
          "/tp @e[family=!attack,family=!hero,tag=!hero,rm=0.1,r=3.5,type=!item] ^^^3"
        ],
        "0.75": [
          "/tp @s ~~~ ~ 0",
          "/tp @e[family=!attack,family=!hero,tag=!hero,rm=0.1,r=3.5,type=!item] ^^^3"
        ],
        "0.8": [
          "/tp @s ~~~ ~ 0",
          "/tp @e[family=!attack,family=!hero,tag=!hero,rm=0.1,r=3.5,type=!item] ^^^3"
        ],
        "0.85": [
          "/tp @s ~~~ ~ 0",
          "/tp @e[family=!attack,family=!hero,tag=!hero,rm=0.1,r=3.5,type=!item] ^^^3"
        ],
        "0.9": [
          "/tp @s ~~~ ~ 0",
          "/tp @e[family=!attack,family=!hero,tag=!hero,rm=0.1,r=3.5,type=!item] ^^^3"
        ],
        "0.95": [
          "/tp @s ~~~ ~ 0",
          "/tp @e[family=!attack,family=!hero,tag=!hero,rm=0.1,r=3.5,type=!item] ^^^3"
        ],
        "1.0": [
          "/tp @s ~~~ ~ 0",
          "/tp @e[family=!attack,family=!hero,tag=!hero,rm=0.1,r=3.5,type=!item] ^^^3"
        ],
        "1.05": [
          "/tp @s ~~~ ~ 0",
          "/tp @e[family=!attack,family=!hero,tag=!hero,rm=0.1,r=3.5,type=!item] ^^^3"
        ],
        "1.1": [
          "/tp @s ~~~ ~ 0",
          "/tp @e[family=!attack,family=!hero,tag=!hero,rm=0.1,r=3.5,type=!item] ^^^3"
        ],
        "1.15": [
          "/tp @s ~~~ ~ 0",
          "/tp @e[family=!attack,family=!hero,tag=!hero,rm=0.1,r=3.5,type=!item] ^^^3"
        ],
        "1.2": [
          "/tp @s ~~~ ~ 0",
          "/tp @e[family=!attack,family=!hero,tag=!hero,rm=0.1,r=3.5,type=!item] ^^^3"
        ],
        "1.25": [
          "/tp @s ~~~ ~ 0",
          "/tp @e[family=!attack,family=!hero,tag=!hero,rm=0.1,r=3.5,type=!item] ^^^3"
        ],
        "1.3": [
          "/tp @s ~~~ ~ 0",
          "/tp @e[family=!attack,family=!hero,tag=!hero,rm=0.1,r=3.5,type=!item] ^^^3"
        ],
        "1.35": [
          "/tp @s ~~~ ~ 0",
          "/tp @e[family=!attack,family=!hero,tag=!hero,rm=0.1,r=3.5,type=!item] ^^^3",
          "/event entity @s detroit_smash"
        ],
        "1.4": [
          "/tp @s ~~~ ~ 0",
          "/tp @e[family=!attack,family=!hero,tag=!hero,rm=0.1,r=3.5,type=!item] ^^^3"
        ],
        "1.45": [
          "/tp @s ~~~ ~ 0",
          "/tp @e[family=!attack,family=!hero,tag=!hero,rm=0.1,r=3.5,type=!item] ^^^5"
        ],
        "1.5": [
          "/tp @s ~~~ ~ 0",
          "/tp @e[family=!attack,family=!hero,tag=!hero,rm=0.1,r=3.5,type=!item] ^^^5"
        ],
        "1.55": [
          "/tp @s ~~~ ~ 0"
        ]
      }
    },
    "animation.deku.combo2": {
      "loop": false,
      "animation_length": 1.7,
      "timeline": {
        "0.0": [
          "/playanimation @s animation.one_for_all.delaware_smash.start wesl3y"
        ],
        "0.5": [
          "/playanimation @s animation.one_for_all.delaware_smash.start wesl3y"
        ],
        "1.0": [
          "/playanimation @s animation.one_for_all.delaware_smash.start wesl3y"
        ],
        "1.5": [
          "/playanimation @s animation.one_for_all.delaware_smash.start wesl3y"
        ]
      }
    },
    "animation.deku.combo3": {
      "loop": false,
      "animation_length": 1.9,
      "timeline": {
        "0.0": [
          "/playanimation @s animation.one_for_all.detroit_smash.loop wesl3y",
          "/particle wesl3y:charge_detroit_smash"
        ],
        "0.2": [
          "/particle wesl3y:charge_detroit_smash2",
          "/playsound woosh @a[r=10] 0.4"
        ],
        "0.4": [
          "/playanimation @s animation.one_for_all.detroit_smash.loop wesl3y",
          "/particle wesl3y:charge_detroit_smash"
        ],
        "0.6": [
          "/particle wesl3y:charge_detroit_smash2",
          "/playsound woosh @a[r=10] 0.4"
        ],
        "0.8": [
          "/playanimation @s animation.one_for_all.detroit_smash.loop wesl3y",
          "/particle wesl3y:charge_detroit_smash"
        ],
        "1.0": [
          "/particle wesl3y:charge_detroit_smash",
          "/particle wesl3y:charge_detroit_smash2",
          "/playsound woosh @a[r=10] 0.4"
        ],
        "1.3": [
          "/playanimation @s animation.one_for_all.detroit_smash.end wesl3y",
          "/event entity @s 100_detroit_smash"
        ]
      }
    },
    "animation.shigaraki.combo1": {
      "loop": false,
      "animation_length": 1.7,
      "timeline": {
        "0.0": [
          "/playanimation @s animation.one_for_all.detroit_smash.loop wesl3y",
          "/particle wesl3y:charge_detroit_smash"
        ],
        "0.2": [
          "/particle wesl3y:charge_detroit_smash2",
          "/playsound woosh @a[r=10] 0.4"
        ],
        "0.4": [
          "/playanimation @s animation.one_for_all.detroit_smash.loop wesl3y",
          "/particle wesl3y:charge_detroit_smash"
        ],
        "0.6": [
          "/particle wesl3y:charge_detroit_smash2",
          "/playsound woosh @a[r=10] 0.4"
        ],
        "0.8": [
          "/playanimation @s animation.one_for_all.detroit_smash.loop wesl3y",
          "/particle wesl3y:charge_detroit_smash"
        ],
        "1.0": [
          "/particle wesl3y:charge_detroit_smash",
          "/particle wesl3y:charge_detroit_smash2",
          "/playsound woosh @a[r=10] 0.4"
        ],
        "1.3": [
          "/playanimation @s animation.one_for_all.detroit_smash.end wesl3y",
          "/event entity @s air_cannon"
        ]
      }
    },
    "animation.shigaraki.combo2": {
      "loop": false,
      "animation_length": 1.3,
      "timeline": {
        "0.0": [
          "/playanimation @s animation.air_cannon.jump_cannon.start wesl3y",
          "/effect @s levitation 1 20 true"
        ]
      }
    },
    "animation.shigaraki.combo2_2": {
      "loop": true,
      "animation_length": 0.01,
      "timeline": {
        "0.0": [
          "/playanimation @s animation.shigaraki.combo2.loop wesl3y",
          "/execute if block ~~-1~ air 0 run tp @s ~~-1~"
        ]
      }
    },
    "animation.shigaraki.combo3": {
      "loop": false,
      "animation_length": 2.0,
      "timeline": {
        "0.0": [
          "/tp @s ~~~",
          "/damage @e[family=!quirk_decay,family=!attack,type=!item,type=!xp_orb,family=!inanimate,r=20] 10 suicide",
          "/particle wesl3y:decay_all"
        ],
        "0.1": [
          "/tp @s ~~~"
        ],
        "0.2": [
          "/tp @s ~~~"
        ],
        "0.3": [
          "/tp @s ~~~",
          "/damage @e[family=!quirk_decay,family=!attack,type=!item,type=!xp_orb,family=!inanimate,r=20] 10 suicide",
          "/particle wesl3y:decay_all"
        ],
        "0.4": [
          "/tp @s ~~~"
        ],
        "0.5": [
          "/tp @s ~~~"
        ],
        "0.6": [
          "/tp @s ~~~",
          "/damage @e[family=!quirk_decay,family=!attack,type=!item,type=!xp_orb,family=!inanimate,r=20] 10 suicide",
          "/particle wesl3y:decay_all"
        ],
        "0.7": [
          "/tp @s ~~~"
        ],
        "0.8": [
          "/tp @s ~~~"
        ],
        "0.9": [
          "/tp @s ~~~",
          "/damage @e[family=!quirk_decay,family=!attack,type=!item,type=!xp_orb,family=!inanimate,r=20] 10 suicide",
          "/particle wesl3y:decay_all"
        ],
        "1.0": [
          "/tp @s ~~~"
        ],
        "1.1": [
          "/tp @s ~~~"
        ],
        "1.2": [
          "/tp @s ~~~",
          "/damage @e[family=!quirk_decay,family=!attack,type=!item,type=!xp_orb,family=!inanimate,r=20] 10 suicide",
          "/particle wesl3y:decay_all"
        ],
        "1.3": [
          "/tp @s ~~~"
        ],
        "1.4": [
          "/tp @s ~~~"
        ],
        "1.5": [
          "/tp @s ~~~",
          "/damage @e[family=!quirk_decay,family=!attack,type=!item,type=!xp_orb,family=!inanimate,r=20] 10 suicide",
          "/particle wesl3y:decay_all"
        ],
        "1.6": [
          "/tp @s ~~~"
        ],
        "1.7": [
          "/tp @s ~~~"
        ],
        "1.8": [
          "/tp @s ~~~",
          "/damage @e[family=!quirk_decay,family=!attack,type=!item,type=!xp_orb,family=!inanimate,r=20] 10 suicide",
          "/particle wesl3y:decay_all"
        ]
      }
    },
    "animation.shoto.combo2": {
      "loop": false,
      "animation_length": 1.6,
      "timeline": {
        "0.0": [
          "/particle wesl3y:flashfire_fist"
        ],
        "0.1": [
          "/damage @e[r=3.5,family=!attack,family=!quirk_halfcolt_halfhot] 10 entity_attack entity @s"
        ],
        "0.2": [
          "/particle wesl3y:flashfire_fist2",
          "/damage @e[r=3.5,family=!attack,family=!quirk_halfcolt_halfhot] 10 entity_attack entity @s"
        ],
        "0.3": [
          "/damage @e[r=5,family=!attack,family=!quirk_halfcolt_halfhot] 10 entity_attack entity @s"
        ],
        "0.4": [
          "/particle wesl3y:flashfire_fist3",
          "/damage @e[r=5,family=!attack,family=!quirk_halfcolt_halfhot] 10 entity_attack entity @s"
        ],
        "0.5": [
          "/damage @e[r=6.5,family=!attack,family=!quirk_halfcolt_halfhot] 10 entity_attack entity @s"
        ],
        "0.6": [
          "/particle wesl3y:flashfire_fist4",
          "/damage @e[r=8,family=!attack,family=!quirk_halfcolt_halfhot] 10 entity_attack entity @s"
        ],
        "0.7": [
          "/damage @e[r=8,family=!attack,family=!quirk_halfcolt_halfhot] 10 entity_attack entity @s"
        ],
        "0.8": [
          "/damage @e[r=8,family=!attack,family=!quirk_halfcolt_halfhot] 10 entity_attack entity @s"
        ],
        "0.9": [
          "/damage @e[r=8,family=!attack,family=!quirk_halfcolt_halfhot] 10 entity_attack entity @s"
        ],
        "1.0": [
          "/damage @e[r=8,family=!attack,family=!quirk_halfcolt_halfhot] 10 entity_attack entity @s"
        ],
        "1.1": [
          "/damage @e[r=8,family=!attack,family=!quirk_halfcolt_halfhot] 10 entity_attack entity @s"
        ],
        "1.2": [
          "/damage @e[r=8,family=!attack,family=!quirk_halfcolt_halfhot] 10 entity_attack entity @s"
        ],
        "1.3": [
          "/damage @e[r=8,family=!attack,family=!quirk_halfcolt_halfhot] 10 entity_attack entity @s"
        ],
        "1.4": [
          "/damage @e[r=8,family=!attack,family=!quirk_halfcolt_halfhot] 10 entity_attack entity @s"
        ],
        "1.5": [
          "/damage @e[r=8,family=!attack,family=!quirk_halfcolt_halfhot] 10 entity_attack entity @s"
        ]
      }
    },
    "animation.shoto.combo3": {
      "loop": false,
      "animation_length": 1.6,
      "timeline": {
        "0.0": [
          "/playanimation @s animation.hell_flame.jet_burn.loop wesl3y"
        ],
        "0.4": [
          "/playanimation @s animation.hell_flame.jet_burn.loop wesl3y"
        ],
        "0.6": [
          "/playanimation @s animation.hell_flame.jet_burn.loop wesl3y"
        ],
        "0.8": [
          "/playanimation @s animation.hell_flame.jet_burn.loop wesl3y"
        ],
        "1.0": [
          "/playanimation @s animation.hell_flame.jet_burn.end wesl3y",
          "/event entity @s jet_burn"
        ]
      }
    }
  }
}