{
  "format_version": "1.10.0",
  "particle_effect": {
    "description": {
      "identifier": "wesl3y:bomu_fancy_cannon.explosion",
      "basic_render_parameters": {
        "material": "particles_add",
        "texture": "textures/particle/particles12"
      }
    },
    "components": {
      "minecraft:emitter_rate_instant": {
        "num_particles": 5
      },
      "minecraft:emitter_lifetime_once": {
        "active_time": 1
      },
      "minecraft:emitter_shape_point": {},
      "minecraft:particle_lifetime_expression": {
        "max_lifetime": 0.5
      },
      "minecraft:particle_initial_spin": {
        "rotation": "math.random(-180, 180)"
      },
      "minecraft:particle_initial_speed": 0.1,
      "minecraft:particle_motion_dynamic": {},
      "minecraft:particle_appearance_billboard": {
        "size": [0.5, 4],
        "facing_camera_mode": "direction_z",
        "uv": {
          "texture_width": 32,
          "texture_height": 32,
          "uv": [0, 0],
          "uv_size": [32, 32]
        }
      },
      "minecraft:particle_appearance_tinting": {
        "color": {
		  "interpolant": "v.particle_age",
		  "gradient": {
			"0.3": "#FFFFF10F",
			"0.5": "#00FFF10F"
		  }
		}
      }
    }
  }
}