{
  "format_version": "1.16.0",
  "minecraft:client_entity": {
    "description": {
      "identifier": "minecraft:player",
      "materials": {
        "default": "entity_alphatest",
        "charged": "charged_creeper",
        "cape": "entity_alphatest",
        "animated": "player_animated",
        "alphablend": "entity_alphablend",
        "enderman": "enderman",
        "slime": "slime_outer"
      },
      "textures": {
        "default": "textures/entity/steve",
        "cape": "textures/entity/cape_invisible",
        "yamamoto": "textures/bleach/yamamoto",
        "yamamoto2": "textures/bleach/yamamoto2",
        "todoroki": "textures/boku_no_hero/todoroki",
        "ryujin_jakka_shikai": "textures/bleach/ryujin_jakka_shikai",
        "zanka_no_tachi_bankai": "textures/bleach/ryujin_jakka_bankai",
        "luffy": "textures/one_piece/luffy",
        "luffy_gear2": "textures/one_piece/luffy_gear2",
        "luffy_gear5": "textures/one_piece/luffy_gear5",
        "luffy_gear5_kaminari": "textures/one_piece/luffy_gear5.kaminari",
        "luffy_gear5_kaminari2": "textures/one_piece/luffy_gear5.kaminari2",
        "luffy_gear5_kaminari3": "textures/one_piece/luffy_gear5.kaminari3"
      },
      "geometry": {
        "default": "geometry.humanoid.custom",
        "cape": "geometry.cape",
        "yamamoto": "geometry.yamamoto",
        "yamamoto2": "geometry.yamamoto2",
        "todoroki": "geometry.todoroki",
        "ryujin_jakka": "geometry.ryujin_jakka",
        "luffy": "geometry.luffy",
        "luffy_gear2": "geometry.luffy_gear2",
        "luffy_gear5": "geometry.luffy_gear5",
        "luffy_gear5_2": "geometry.luffy_gear5_2"
      },
      "particle_effects": {
        "expansion_white.default": "wesl3y:expansion_white.default",
        "expansion_white.medium": "wesl3y:expansion_white.medium",
        "expansion_white.big": "wesl3y:expansion_white.big",
        "shoot.small": "wesl3y:shoot.small",
        "shoot.default": "wesl3y:shoot.default",
        "shoot.medium": "wesl3y:shoot.medium",
        "shoot.big": "wesl3y:shoot.big",
        "smoke_white.small": "wesl3y:smoke_white.small",
        "smoke_white.medium": "wesl3y:smoke_white.medium",
        "smoke_white.big": "wesl3y:smoke_white.big",
        "smash_white.small": "wesl3y:smash_white.small",
        "smash_white.default": "wesl3y:smash_white.default",
        "smash_white.medium": "wesl3y:smash_white.medium",
        "smash_white.big": "wesl3y:smash_white.big",
        "slash_white.small": "wesl3y:slash_white.small",
        "slash_white.medium": "wesl3y:slash_white.medium",
        "slash_white.big": "wesl3y:slash_white.big",
        
        "ryujin_jakka": "wesl3y:ryujin_jakka",
        "zanka_no_tachi": "wesl3y:zanka_no_tachi",
        "zanka_no_tachi2": "wesl3y:zanka_no_tachi2",
        "zanka_no_tachi.leste": "wesl3y:zanka_no_tachi.leste",
        
        "todoroki_fire": "wesl3y:todoroki_fire",
        "todoroki_ice": "wesl3y:todoroki_ice",
        "todoroki_jet_burn": "wesl3y:todoroki_jet_burn",
        "todoroki_jet_burn2": "wesl3y:todoroki_jet_burn2",
        "todoroki_jet_burn3": "wesl3y:todoroki_jet_burn3",
        
        "luffy_gear2_gatling": "wesl3y:luffy_gear2_gatling",
        "luffy_gear2_gatling2": "wesl3y:luffy_gear2_gatling2",
        "luffy_gear2_gatling3": "wesl3y:luffy_gear2_gatling3",
        "luffy_gear2_red_hawk": "wesl3y:luffy_gear2_red_hawk",
        "luffy_gear2_red_hawk2": "wesl3y:luffy_gear2_red_hawk2",
        "luffy_gear2_red_hawk3": "wesl3y:luffy_gear2_red_hawk3",
        "luffy_gear5_sprint": "wesl3y:luffy_gear5_sprint",
        "luffy_gear5_sprint2": "wesl3y:luffy_gear5_sprint2",
        "luffy_gear5_kaminari": "wesl3y:luffy_gear5_kaminari",
        "luffy_gear5_bajrang": "wesl3y:luffy_gear5_bajrang_gun"
      },
      "sound_effects": {
        "cut": "cut",
        "luffy_gear2": "luffy_gear2",
        "luffy_gear5_drum": "luffy_gear5_drum",
        "luffy_gear5_heart": "luffy_gear5_heart",
        "luffy_gear5_thunder": "luffy_gear5_thunder"
      },
      "scripts": {
        "scale": "0.975",
        "initialize": [
          "variable.is_holding_right = 0.0;",
          "variable.is_blinking = 0.0;",
          "variable.last_blink_time = 0.0;",
          "variable.hand_bob = 0.0;",
          "variable.no_anime = 0.0;",
          "variable.skill0 = 0.0;",
          "variable.skill1 = 0.0;",
          "variable.skill2 = 0.0;",
          "variable.skill3 = 0.0;",
          "variable.skill4 = 0.0;",
          "variable.skill5 = 0.0;",
          "variable.skill6 = 0.0;",
          "variable.skill7 = 0.0;",
          "variable.yamamoto = 0.0;",
          "variable.yamamoto_bankai = 0.0;",
          "variable.todoroki = 0.0;",
          "variable.escanor = 0.0;",
          "variable.luffy = 0.0;",
          "variable.luffy_gear2 = 0.0;",
          "variable.luffy_gear5 = 0.0;"
        ],
        "pre_animation": [
          "variable.is_third_person = !variable.is_first_person && !variable.map_face_icon;",
          "variable.helmet_layer_visible = 1.0;",
          "variable.leg_layer_visible = 1.0;",
          "variable.boot_layer_visible = 1.0;",
          "variable.chest_layer_visible = 1.0;",
          "variable.attack_body_rot_y = Math.sin(360*Math.sqrt(variable.attack_time)) * 5.0;",
          "variable.tcos0 = (math.cos(query.modified_distance_moved * 38.17) * query.modified_move_speed / variable.gliding_speed_value) * 45;",
          "variable.first_person_rotation_factor = math.sin((1 - variable.attack_time) * 180.0);",
          "variable.hand_bob = query.life_time \u003c 0.01 ? 0.0 : variable.hand_bob + ((query.is_on_ground && query.is_alive ? math.clamp(math.sqrt(math.pow(query.position_delta(0), 2.0) + math.pow(query.position_delta(2), 2.0)), 0.0, 0.1) : 0.0) - variable.hand_bob) * 0.02;",
          "variable.map_angle = math.clamp(1 - variable.player_x_rotation / 45.1, 0.0, 1.0);",
          "variable.item_use_normalized = query.main_hand_item_use_duration / query.main_hand_item_max_duration;",
          "variable.no_anime = q.property('wesl3y:animes') == 0;",
          "variable.skill0 = q.property('wesl3y:skill') == 0;",
          "variable.skill1 = q.property('wesl3y:skill') == 1;",
          "variable.skill2 = q.property('wesl3y:skill') == 2;",
          "variable.skill3 = q.property('wesl3y:skill') == 3;",
          "variable.skill4 = q.property('wesl3y:skill') == 4;",
          "variable.skill5 = q.property('wesl3y:skill') == 5;",
          "variable.skill6 = q.property('wesl3y:skill') == 6;",
          "variable.skill7 = q.property('wesl3y:skill') == 7;",
          "variable.yamamoto = q.property('wesl3y:animes') == 2 && q.property('wesl3y:characters') == 1;",
          "variable.yamamoto_bankai = q.property('wesl3y:animes') == 2 && q.property('wesl3y:characters') == 2;",
          "variable.todoroki = q.property('wesl3y:animes') == 3 && q.property('wesl3y:characters') == 1;",
          "variable.escanor = q.property('wesl3y:animes') == 6 && q.property('wesl3y:characters') == 1;",
          "variable.luffy = q.property('wesl3y:animes') == 8 && q.property('wesl3y:characters') == 1;",
          "variable.luffy_gear2 = q.property('wesl3y:animes') == 8 && q.property('wesl3y:characters') == 2;",
          "variable.luffy_gear5 = q.property('wesl3y:animes') == 8 && q.property('wesl3y:characters') == 3;"
        ],
        "animate": [
          "root"
        ]
      },
      "animations": {
        //Yamamoto
        "yamamoto_controller": "controller.animation.yamamoto_controller",
        "yamamoto.first_person": "animation.yamamoto.first_person",
        "yamamoto.default": "animation.yamamoto.default",
        "yamamoto.attack0": "animation.yamamoto.attack0",
        "yamamoto.attack1": "animation.yamamoto.attack1",
        "yamamoto.attack2": "animation.yamamoto.attack2",
        "yamamoto.attack3": "animation.yamamoto.attack3",
        "yamamoto_shikai.particles": "animation.yamamoto_shikai.particles",
        //Todoroki
        "todoroki_controller": "controller.animation.todoroki_controller",
        "todoroki.default": "animation.todoroki.default",
        "todoroki.stop": "animation.todoroki.stop",
        "todoroki.attack1": "animation.todoroki.attack1",
        "todoroki.attack2": "animation.todoroki.attack2",
        "todoroki.attack3": "animation.todoroki.attack3",
        "todoroki.attack4": "animation.todoroki.attack4",
        "todoroki.attack5": "animation.todoroki.attack5",
        //Escanor
        "escanor_controller": "controller.animation.escanor_controller",
        "escanor.default": "animation.escanor.default",
        "escanor.move": "animation.escanor.move",
        //Luffy
        "luffy_controller": "controller.animation.luffy_controller",
        "luffy.default": "animation.luffy.default",
        "luffy.attack1": "animation.luffy.attack1",
        "luffy.attack2": "animation.luffy.attack2",
        "luffy.attack3": "animation.luffy.attack3",
        "luffy.attack4": "animation.luffy.attack4",
        "luffy.attack5": "animation.luffy.attack5",
        //Luffy Gear 2
        "luffy_gear2_controller": "controller.animation.luffy_gear2_controller",
        "luffy_gear2.default": "animation.luffy_gear2.default",
        "luffy_gear2.attack1": "animation.luffy_gear2.attack1",
        "luffy_gear2.attack2": "animation.luffy_gear2.attack2",
        "luffy_gear2.attack3": "animation.luffy_gear2.attack3",
        "luffy_gear2.attack4": "animation.luffy_gear2.attack4",
        "luffy_gear2.attack5": "animation.luffy_gear2.attack5",
        //Luffy Gear 5
        "luffy_gear5_controller": "controller.animation.luffy_gear5_controller",
        "luffy_gear5.default": "animation.luffy_gear5.default",
        "luffy_gear5.sprint": "animation.luffy_gear5.sprint",
        "luffy_gear5.attack3": "animation.luffy_gear5.attack3",
        "luffy_gear5.attack4": "animation.luffy_gear5.attack4",
        "luffy_gear5.attack5": "animation.luffy_gear5.attack5",
        "luffy_gear5.attack6": "animation.luffy_gear5.attack6",
        
        //Vanilla
        "root": "controller.animation.player.root",
        "base_controller": "controller.animation.player.base",
        "hudplayer": "controller.animation.player.hudplayer",
        "humanoid_base_pose": "animation.humanoid.base_pose",
        "look_at_target": "controller.animation.humanoid.look_at_target",
        "look_at_target_ui": "animation.player.look_at_target.ui",
        "look_at_target_default": "animation.humanoid.look_at_target.default",
        "look_at_target_gliding": "animation.humanoid.look_at_target.gliding",
        "look_at_target_swimming": "animation.humanoid.look_at_target.swimming",
        "look_at_target_inverted": "animation.player.look_at_target.inverted",
        "cape": "animation.player.cape",
        "move": "controller.animation.player.move",
        "move.arms": "animation.player.move.arms",
        "move.legs": "animation.player.move.legs",
        "sprint": "animation.player.sprint",
        "swimming": "animation.player.swim",
        "swimming.legs": "animation.player.swim.legs",
        "riding.arms": "animation.player.riding.arms",
        "riding.legs": "animation.player.riding.legs",
        "holding": "animation.player.holding",
        "brandish_spear": "animation.humanoid.brandish_spear",
        "charging": "animation.humanoid.charging",
        "attack.positions": "animation.player.attack.positions",
        "attack.rotations": "animation.player.attack.rotations",
        "sneaking": "animation.player.sneaking",
        "bob": "animation.player.bob",
        "damage_nearby_mobs": "animation.humanoid.damage_nearby_mobs",
        "bow_and_arrow": "animation.humanoid.bow_and_arrow",
        "use_item_progress": "animation.humanoid.use_item_progress",
        "skeleton_attack": "animation.skeleton.attack",
        "sleeping": "animation.player.sleeping",
        "first_person_base_pose": "animation.player.first_person.base_pose",
        "first_person_empty_hand": "animation.player.first_person.empty_hand",
        "first_person_swap_item": "animation.player.first_person.swap_item",
        "first_person_attack_controller": "controller.animation.player.first_person_attack",
        "first_person_attack_rotation": "animation.player.first_person.attack_rotation",
        "first_person_attack_rotation_item": "animation.player.first_person.attack_rotation_item",
        "first_person_vr_attack_rotation": "animation.player.first_person.vr_attack_rotation",
        "first_person_walk": "animation.player.first_person.walk",
        "first_person_map_controller": "controller.animation.player.first_person_map",
        "first_person_map_hold": "animation.player.first_person.map_hold",
        "first_person_map_hold_attack": "animation.player.first_person.map_hold_attack",
        "first_person_map_hold_off_hand": "animation.player.first_person.map_hold_off_hand",
        "first_person_map_hold_main_hand": "animation.player.first_person.map_hold_main_hand",
        "first_person_crossbow_equipped": "animation.player.first_person.crossbow_equipped",
        "first_person_crossbow_hold": "animation.player.first_person.crossbow_hold",
        "first_person_breathing_bob": "animation.player.first_person.breathing_bob",
        "third_person_crossbow_equipped": "animation.player.crossbow_equipped",
        "third_person_bow_equipped": "animation.player.bow_equipped",
        "crossbow_hold": "animation.player.crossbow_hold",
        "crossbow_controller": "controller.animation.player.crossbow",
        "shield_block_main_hand": "animation.player.shield_block_main_hand",
        "shield_block_off_hand": "animation.player.shield_block_off_hand",
        "blink": "controller.animation.persona.blink"
      },
      "render_controllers": [
        {"controller.render.player.first_person": "variable.is_first_person"},
        {"controller.render.player.third_person": "!variable.is_first_person && !variable.map_face_icon"},
        {"controller.render.player.map": "variable.map_face_icon"},
        {"controller.render.ryujin_jakka": "v.yamamoto || v.yamamoto_shikai || v.yamamoto_bankai"},
        {"controller.render.bleach": "q.property('wesl3y:animes') == 2"},
        {"controller.render.boku_no_hero": "q.property('wesl3y:animes') == 3"},
        {"controller.render.one_piece": "q.property('wesl3y:animes') == 8"},
        {"controller.render.luffy_gear5.kaminari": "q.property('wesl3y:animes') == 8"}
      ],
      "enable_attachables": true
    }
  }
}