{
  "format_version": "1.16.0",
  "minecraft:client_entity": {
    "description": {
      "identifier": "wesl3y:zangetsu_getsuga2",
      "materials": {
        "default": "entity_alphablend"
      },
      "textures": {
        "default": "textures/entity/zangetsu_getsuga2"
      },
      "geometry": {
        "default": "geometry.zangetsu_getsuga"
      },
      "particle_effects": {
        "getsuga": "wesl3y:getsuga_tenshou2"
      },
      "scripts": {
        "animate": [
          "projetil",
          "particle"
        ]
      },
      "animations": {
        "projetil": "animation.projetil.getsuga_tenshou",
        "particle": "animation.projetil.getsuga_tenshou2"
      },
      "render_controllers": [
        "controller.render.skeleton"
      ],
      "enable_attachables": false
    }
  }
}