{
	"format_version": "1.8.0",
	"minecraft:attachable": {
		"description": {
			"identifier": "mello:marca_maldicao_2",
			"materials": {
				"default": "armor",
				"default2": "armor",
				"enchanted": "armor_enchanted"
			},
			"textures": {
				"default": "textures/modos/marca_maldicao_2",
				"default2": "textures/modos/marca_maldicao_olho_2",
				"enchanted": "textures/misc/enchanted_item_glint"
			},
			"geometry": {
				"default": "geometry.marca_maldicao_2",
				"default2": "geometry.doujutsu"
			},
			"scripts": {
				"parent_setup": "variable.helmet_layer_visible = 0.0;"
			},
			"render_controllers": [
				"controller.render.armor",
				"controller.render.default2"
			]
		}
	}
}