{
  "format_version": "1.10.0",
  "particle_effect": {
    "description": {
      "identifier": "wesl3y:bansho_tennin",
      "basic_render_parameters": {
        "material": "particles_blend",
        "texture": "textures/particle/ball"
      }
    },
    "components": {
      "minecraft:emitter_rate_instant": {
        "num_particles": 75
      },
      "minecraft:emitter_lifetime_once": {},
      "minecraft:emitter_shape_sphere": {
        "offset": [0, 0.5, 0],
        "radius": 4.0,
        "surface_only": true,
        "direction": "inwards"
      },
      "minecraft:particle_lifetime_expression": {
        "max_lifetime": 0.6
      },
      "minecraft:particle_initial_speed": "math.random(4, 8)",
      "minecraft:particle_motion_dynamic": {
        "linear_drag_coefficient": 1
      },
      "minecraft:particle_appearance_billboard": {
        "size": [0.2, 1],
        "facing_camera_mode": "direction_y",
        "uv": {
          "texture_width": 8,
          "texture_height": 8,
          "uv": [0, 0],
          "uv_size": [8, 8]
        }
      },
      "minecraft:particle_appearance_tinting": {
        "color": [1, 1, 1, 0.5]
      }
    }
  }
}