{
  "format_version": "1.10.0",
  "particle_effect": {
    "description": {
      "identifier": "wesl3y:chibaku_tensei",
      "basic_render_parameters": {
        "material": "particles_blend",
        "texture": "textures/items/gate1_2"
      }
    },
    "components": {
      "minecraft:emitter_local_space": {
        "position": true,
        "rotation": true
      },
      "minecraft:emitter_rate_instant": {
        "num_particles": 20
      },
      "minecraft:emitter_lifetime_once": {
        "active_time": 0.1
      },
      "minecraft:emitter_shape_disc": {
        "offset": [
          0,
          -8,
          0
        ],
        "radius": 2,
        "surface_only": true,
        "direction": "outwards"
      },
      "minecraft:particle_lifetime_expression": {
        "max_lifetime": 0.5
      },
      "minecraft:particle_initial_speed": "math.random(5, 7)",
      "minecraft:particle_motion_dynamic": {
        "linear_acceleration": [
          0,
          15,
          0
        ]
      },
      "minecraft:particle_appearance_billboard": {
        "size": [
          "1.2 * (1.4 - v.particle_age)",
          "1.2 * (1.4 - v.particle_age)"
        ],
        "facing_camera_mode": "direction_y",
        "uv": {
          "texture_width": 16,
          "texture_height": 16,
          "uv": [
            0,
            0
          ],
          "uv_size": [
            16,
            16
          ]
        }
      },
      "minecraft:particle_appearance_tinting": {
        "color": [
          1,
          1,
          1,
          "math.random(0.06, 0.08)"
        ]
      }
    }
  }
}