{
  "format_version": "1.10.0",
  "particle_effect": {
    "description": {
      "identifier": "wesl3y:gate1_2",
      "basic_render_parameters": {
        "material": "particles_blend",
        "texture": "textures/items/gate1_2"
      }
    },
    "components": {
      "minecraft:emitter_initialization": {
        "creation_expression": "v.aura_size \u003d 0;",
        "per_update_expression": "v.aura_size \u003d v.aura_size \u003c\u003d 0 ? 1.5 : v.aura_size - 0.5;"
      },
      "minecraft:emitter_local_space": {
        "position": true,
        "rotation": true
      },
      "minecraft:emitter_rate_instant": {
        "num_particles": 10
      },
      "minecraft:emitter_lifetime_once": {
        "active_time": 0.1
      },
      "minecraft:emitter_shape_disc": {
        "offset": [
          0,
          "-v.aura_size",
          0
        ],
        "radius": "math.clamp(v.aura_size / math.random(1, 2), 0, v.aura_size)",
        "surface_only": true,
        "direction": "outwards"
      },
      "minecraft:particle_lifetime_expression": {
        "max_lifetime": 0.3
      },
      "minecraft:particle_initial_speed": "math.random(1, 2)",
      "minecraft:particle_motion_dynamic": {
        "linear_acceleration": [
          0,
          35,
          0
        ]
      },
      "minecraft:particle_appearance_billboard": {
        "size": [
          "0.9 * (1.4 - v.particle_age)",
          "0.9 * (1.4 - v.particle_age)"
        ],
        "facing_camera_mode": "direction_y",
        "uv": {
          "texture_width": 16,
          "texture_height": 16,
          "uv": [
            0,
            0
          ],
          "uv_size": [
            16,
            16
          ]
        }
      },
      "minecraft:particle_appearance_tinting": {
        "color": [
          1,
          1,
          1,
          "math.random(0.06, 0.08)"
        ]
      }
    }
  }
}