{
  "format_version": "1.10.0",
  "particle_effect": {
    "description": {
      "identifier": "wesl3y:shinra_tensei3",
      "basic_render_parameters": {
        "material": "particles_blend",
        "texture": "textures/particle/particles5"
      }
    },
    "components": {
      "minecraft:emitter_rate_instant": {
        "num_particles": 1
      },        
      "minecraft:emitter_lifetime_once": {
      },
      "minecraft:emitter_shape_point": {
        "offset": [0, 0.5, 0]
      },
      "minecraft:particle_initial_speed": 0.0,
      "minecraft:particle_lifetime_expression": {
        "max_lifetime": 1.0
      },
      "minecraft:particle_appearance_billboard": {
        "size": ["2.5 + (10.0 * variable.particle_age)", "2.5 + (10.0 * variable.particle_age)"],
		"facing_camera_mode": "direction_z",
		"direction": {
		  "mode": "custom",
		  "custom_direction": [0, -1, 0]
		},
        "uv": {
          "texture_width": 32,
          "texture_height": 256,
          "flipbook": {
            "base_UV": [ 0, 0 ],
            "size_UV": [ 32, 32 ],
            "step_UV": [ 0, 32 ],
            "frames_per_second": 6,
            "max_frame": 16,
            "loop": false
          }
        }
      },
      "minecraft:particle_appearance_tinting": {
        "color": [1, 1, 1, 0.5]
	  }
    }
  }
}