{
  "format_version": "1.10.0",
  "particle_effect": {
    "description": {
      "identifier": "wesl3y:twin_lions",
      "basic_render_parameters": {
        "material": "particles_alpha",
        "texture": "textures/particle/twin_lions"
      }
    },
    "components": {
      "minecraft:emitter_local_space": {
        "position": true,
        "rotation": true
      },
      "minecraft:emitter_rate_instant": {
        "num_particles": 2
      },
      "minecraft:emitter_lifetime_once": {
        "active_time": 0.5
      },
      "minecraft:emitter_shape_disc": {
        "offset": [0,0.15,0],
        "radius": 0.125,
        "surface_only": true,
        "direction": "outwards"
      },
      "minecraft:particle_lifetime_expression": {
        "max_lifetime": "math.random(0.3, 0.5)"
      },
      "minecraft:particle_initial_speed": "math.random(0.1, 0.2)",
      "minecraft:particle_motion_dynamic": {
        "linear_acceleration": [
          0,
          -2,
          0
        ]
      },
      "minecraft:particle_appearance_billboard": {
        "size": [0.3, 0.3],
        "facing_camera_mode": "direction_y",
        "uv": {
          "texture_width": 16,
          "texture_height": 16,
          "uv": [0, 0],
          "uv_size": [16, 16]
        }
      }
    }
  }
}