{
  "format_version": "1.10.0",
  "render_controllers": {
    "controller.render.skeleton": {
      "geometry": "Geometry.default",
      "materials": [ { "*": "Material.default" } ],
      "textures": ["Texture.default"]
    },
    "controller.render.skeleton2": {
      "geometry": "Geometry.default2",
      "materials": [ { "*": "Material.default2" } ],
      "textures": ["Texture.default2"]
    },
    "controller.render.susanoo": {
      "geometry": "Geometry.default",
      "materials": [ { "*": "Material.default" } ],
      "textures": ["Texture.default"],
      "part_visibility": [
        { "*": true },
        { "susanSkeleton2": false }
      ]
    },
    "controller.render.susanoo2": {
      "geometry": "Geometry.susanoo",
      "materials": [ { "*": "Material.susanoo" } ],
      "textures": ["Texture.susanoo"],
      "overlay_color": {
        "r": 0.6,
        "g": 0.0,
        "b": 0.8,
        "a": 0.95
      },
      "part_visibility": [
        { "*": false },
        { "susanSkeleton2": "q.is_item_name_any('slot.armor.chest', 0, 'wesl3y:jutsu_susanoo')" }
      ]
    },
    "controller.render.shinobi": {
      "arrays": {
        "textures": {
          "Array.frame": [
            "Texture.default",
            "Texture.default2",
            "Texture.default3"
          ]
        }
      },
      "geometry": "Geometry.default",
      "materials": [ { "*": "Material.default" } ],
      "textures": ["Array.frame[(query.variant)]"]
    },
    "controller.render.manto_kurama": {
      "geometry": "Geometry.default",
      "materials": [ { "*": "Material.default2" }, { "head": "Material.default" } ],
      "textures": [ "Texture.default" ],
      "part_visibility": [
        { "*": true },
        { "tail2_p1": "q.is_item_name_any('slot.armor.chest', 0, 'wesl3y:kurama2') || q.is_item_name_any('slot.armor.chest', 0, 'wesl3y:kurama3')" },
        { "tail2_p2": "q.is_item_name_any('slot.armor.chest', 0, 'wesl3y:kurama2') || q.is_item_name_any('slot.armor.chest', 0, 'wesl3y:kurama3')" },
        { "tail2_p3": "q.is_item_name_any('slot.armor.chest', 0, 'wesl3y:kurama2') || q.is_item_name_any('slot.armor.chest', 0, 'wesl3y:kurama3')" },
        { "tail2_p4": "q.is_item_name_any('slot.armor.chest', 0, 'wesl3y:kurama2') || q.is_item_name_any('slot.armor.chest', 0, 'wesl3y:kurama3')" },
        { "tail2_p5": "q.is_item_name_any('slot.armor.chest', 0, 'wesl3y:kurama2') || q.is_item_name_any('slot.armor.chest', 0, 'wesl3y:kurama3')" },
        { "tail2_p6": "q.is_item_name_any('slot.armor.chest', 0, 'wesl3y:kurama2') || q.is_item_name_any('slot.armor.chest', 0, 'wesl3y:kurama3')" },
        { "tail3_p1": "q.is_item_name_any('slot.armor.chest', 0, 'wesl3y:kurama3')" },
        { "tail3_p2": "q.is_item_name_any('slot.armor.chest', 0, 'wesl3y:kurama3')" },
        { "tail3_p3": "q.is_item_name_any('slot.armor.chest', 0, 'wesl3y:kurama3')" },
        { "tail3_p4": "q.is_item_name_any('slot.armor.chest', 0, 'wesl3y:kurama3')" },
        { "tail3_p5": "q.is_item_name_any('slot.armor.chest', 0, 'wesl3y:kurama3')" },
        { "tail3_p6": "q.is_item_name_any('slot.armor.chest', 0, 'wesl3y:kurama3')" }
      ]
    }
  }
}