{
  "format_version": "1.8.0",
  "render_controllers": {
    "controller.render.locators": {
      "geometry": "Geometry.locators",
      "materials": [ { "*": "Material.default" } ],
      "textures": [ "Texture.default" ]
    },
    "controller.render.player.eye": {
      "arrays": {
        "textures": {
          "Array.skins": [
            "Texture.hyuga",
            "Texture.uchiha",
            "Texture.otsutsuki"
          ]
        }
      },
      "geometry": "Geometry.olhos",
      "materials": [ { "*": "Material.default" } ],
      "textures": [ "Array.skins[query.property('wesl3y:clan')]" ]
    },
    "controller.render.player.hair": {
      "arrays": {
        "textures": {
          "Array.skins": [
            "Texture.hair_hinata",
            "Texture.hair_itachi",
            "Texture.hair_kakashi",
            "Texture.hair_naruto",
            "Texture.hair_neji",
            "Texture.hair_pain",
            "Texture.hair_rocklee",
            "Texture.hair_sakura",
            "Texture.hair_sasuke",
            "Texture.hair_tsunade"
          ]
        },
        "geometries": {
          "Array.geometry": [
            "Geometry.hair_hinata",
            "Geometry.hair_itachi",
            "Geometry.hair_kakashi",
            "Geometry.hair_naruto",
            "Geometry.hair_neji",
            "Geometry.hair_pain",
            "Geometry.hair_rocklee",
            "Geometry.hair_sakura",
            "Geometry.hair_sasuke",
            "Geometry.hair_tsunade"
          ]
        }
      },
      "geometry": "Array.geometry[query.property('wesl3y:hair')]",
      "materials": [ { "*": "Material.default" } ],
      "textures": [ "Array.skins[query.property('wesl3y:hair')]" ]
    },
    "controller.render.player.skin": {
      "arrays": {
        "textures": {
          "Array.skins": [
            "Texture.skin1",
            "Texture.skin1",
            "Texture.skin2"
          ]
        }
      },
      "geometry": "Geometry.new_player",
      "materials": [ { "*": "Material.default" } ],
      "textures": [ "Array.skins[query.property('wesl3y:clan')]" ],
      "part_visibility": [
      { "jacket": "!query.equipped_item_any_tag('slot.armor.chest','no_jacket') && !query.equipped_item_any_tag('slot.armor.legs','no_jacket')" },
        { "rightSleeve": "!query.equipped_item_any_tag('slot.armor.chest','no_sleeve') && !query.equipped_item_any_tag('slot.armor.legs','no_sleeve')" },
        { "leftSleeve": "!query.equipped_item_any_tag('slot.armor.chest','no_sleeve') && !query.equipped_item_any_tag('slot.armor.legs','no_sleeve')" },
        { "rightPants": "!query.equipped_item_any_tag('slot.armor.chest','no_pants') && !query.equipped_item_any_tag('slot.armor.legs','no_pants')" },
        { "leftPants": "!query.equipped_item_any_tag('slot.armor.chest','no_pants') && !query.equipped_item_any_tag('slot.armor.legs','no_pants')" }
      ]
    },
    "controller.render.player.first_person": {
      "geometry": "Geometry.default",
      "materials": [ { "*": "Material.default" } ],
      "textures": [ "Texture.default" ],
      "part_visibility": [
        { "*": false },
        { "rightArm": "(query.equipped_item_any_tag('slot.weapon.mainhand','first_person') || query.get_equipped_item_name(0, 1) == '' || query.get_equipped_item_name(0, 1) == 'map')" },
        { "rightForeArm": "(query.equipped_item_any_tag('slot.weapon.mainhand','first_person') || query.get_equipped_item_name(0, 1) == '' || query.get_equipped_item_name(0, 1) == 'map')" },
        { "rightSleeve": "(query.equipped_item_any_tag('slot.weapon.mainhand','first_person') || query.get_equipped_item_name(0, 1) == '' || query.get_equipped_item_name(0, 1) == 'map')" },
        { "rightForeSleeve": "(query.equipped_item_any_tag('slot.weapon.mainhand','first_person') || query.get_equipped_item_name(0, 1) == '' || query.get_equipped_item_name(0, 1) == 'map')" },
        { "leftArm": "((query.get_equipped_item_name(0, 1) == 'map' && query.get_equipped_item_name('off_hand') != 'shield') || (query.get_equipped_item_name('off_hand') == 'map' && !query.item_is_charged) || (!query.item_is_charged && (variable.item_use_normalized > 0 && variable.item_use_normalized < 1.0)))" },
        { "leftSleeve": "((query.get_equipped_item_name(0, 1) == 'map' && query.get_equipped_item_name('off_hand') != 'shield') || (query.get_equipped_item_name('off_hand') == 'map' && !query.item_is_charged) || (!query.item_is_charged && (variable.item_use_normalized > 0 && variable.item_use_normalized < 1.0)))" }
      ]
    },
    "controller.render.player.third_person": {
      "geometry": "Geometry.default",
      "materials": [ { "*": "Material.default" } ],
      "textures": [ "Texture.default" ],
      "part_visibility": [
        { "*": false }
      ]
    }
  }
}