{
  "format_version": "1.10.0",
  "animations": {
    "animation.kuririn.kienzan": {
      "loop": false,
      "animation_length": 1.0,
      "timeline": {
        "0.0": [
          "/tp @s ^^^ ~ 0",
          "/tag @s add skill"
        ],
        "0.1": [
          "/camera @s set minecraft:free ease 0.2 linear pos ^1.25^1.5^2.5 rot ~5~145"
        ],
        "0.6": [
          "/tag @s remove skill"
        ],
        "0.7": [
          "/camera @s clear",
          "/tp @s ^^^ ~ 0"
        ],
        "0.75": [
          "/event entity @s wesl3y:kuririn.kienzan"
        ]
      }
    },
    "animation.kuririn.kamehameha": {
      "loop": false,
      "animation_length": 1.4,
      "timeline": {
        "0.0": [
          "/tp @s ^^^ ~ 0",
          "/tag @s add skill"
        ],
        "0.1": [
          "/camera @s set minecraft:free ease 0.125 linear pos ^1.25^1.5^2.5 rot ~5~145"
        ],
        "0.7": [
          "/tag @s remove skill"
        ],
        "0.8": [
          "/camera @s clear",
          "/tp @s ^^^ ~ 0"
        ],
        "0.9": [
          "/event entity @s wesl3y:kuririn.kamehameha"
        ]
      }
    }
  }
}