{
  "format_version": "1.16.0",
  "minecraft:entity": {
    "description": {
      "identifier": "wesl3y:escanor_projetil",
      "is_spawnable": false,
      "is_summonable": true,
      "is_experimental": false,
      "runtime_identifier": "minecraft:snowball",
      "animations": {
        "death": "controller.animation.projetil"
      },
      "scripts": {
        "animate": [
          "death"
        ]
      }
    },
    "component_groups": {
      "wesl3y:despawn": {
        "minecraft:transformation": {
          "into": "wesl3y:despawn",
          "delay": 0.0
        }
      },
      "wesl3y:cruel_sun": {
        "minecraft:variant": {
          "value": 1
        },
        "minecraft:type_family": {
          "family": [ "cruel_sun", "attack", "projectile" ]
        },
        "minecraft:transformation": {
          "into": "wesl3y:escanor_damage<wesl3y:cruel_sun>",
          "delay": 1.25
        },
        "minecraft:projectile": {
          "on_hit": {
            "impact_damage": {
              "damage": 5,
              "knockback": false,
              "destroy_on_hit": false
            },
            "definition_event": {
              "affectProjectile": true,
              "eventTrigger": {
			    "event": "wesl3y:explode",
			    "target": "self"
              }
            }
          },
          "power": 1.75,
          "gravity": 0,
          "inertia": 1,
          "anchor": 1,
          "offset": [0.75, 1, 0],
          "stop_on_hurt": true
        }
      },
      "wesl3y:mob.cruel_sun": {
        "minecraft:variant": {
          "value": 1
        },
        "minecraft:type_family": {
          "family": [ "mob.cruel_sun", "attack", "projectile" ]
        },
        "minecraft:transformation": {
          "into": "wesl3y:escanor_damage<wesl3y:mob.cruel_sun>",
          "delay": 1.25
        },
        "minecraft:projectile": {
          "on_hit": {
            "impact_damage": {
              "damage": 5,
              "knockback": false,
              "destroy_on_hit": false
            },
            "definition_event": {
              "affectProjectile": true,
              "eventTrigger": {
			    "event": "wesl3y:explode",
			    "target": "self"
              }
            }
          },
          "power": 1.75,
          "gravity": 0,
          "inertia": 1,
          "anchor": 1,
          "offset": [0.75, 1, 0],
          "stop_on_hurt": true
        }
      }
    },
    "components": {
      "minecraft:transformation": {
        "into": "wesl3y:despawn",
        "delay": 7.0
      },
      "minecraft:timer": {
        "time": 0.15,
        "looping": true,
        "time_down_event": {
          "event": "minecraft:command",
          "target": "self"
        }
      },
      "minecraft:despawn": {
        "filters": {
          "all_of":[{ "test": "distance_to_nearest_player", "operator": ">", "value": 64 }]
        }
      },
      "minecraft:physics": {},
      "minecraft:pushable": {
        "is_pushable": false,
        "is_pushable_by_piston": true
      },
      "minecraft:conditional_bandwidth_optimization": {
        "default_values": {
          "max_optimized_distance": 80,
          "max_dropped_ticks": 10,
          "use_motion_prediction_hints": true
        }
      }
    },
    "events": {
      "wesl3y:despawn": {
        "add": {
          "component_groups": ["wesl3y:despawn"]
        }
      },
      "wesl3y:cruel_sun": {
        "add": {
          "component_groups": ["wesl3y:cruel_sun"]
        }
      },
      "wesl3y:mob.cruel_sun": {
        "add": {
          "component_groups": ["wesl3y:mob.cruel_sun"]
        }
      },
      "minecraft:command": {
        "sequence": [
          {
            "filters": {
              "test": "is_family",
              "value": "cruel_sun"
            },
            "run_command": {
              "command": ["playsound fire.fire @a[r=4]"]
            }
          },
          {
            "filters": {
              "test": "is_family",
              "value": "mob.cruel_sun"
            },
            "run_command": {
              "command": ["playsound fire.fire @a[r=4]"]
            }
          }
        ]
      },
      "wesl3y:explode": {
        "sequence": [
          {
            "filters": {
              "test": "is_family",
              "value": "cruel_sun"
            },
            "add": {
              "component_groups": ["wesl3y:despawn"]
            },
            "run_command": {
              "command": [
                "summon wesl3y:escanor_damage ~~~ ~~ wesl3y:cruel_sun",
                "particle wesl3y:smash_smoke.default",
                "particle wesl3y:smoke_yellow.small",
                "particle wesl3y:slash_yellow.default",
                "particle wesl3y:spike_yellow.default"
              ]
            }
          },
          {
            "filters": {
              "test": "is_family",
              "value": "mob.cruel_sun"
            },
            "add": {
              "component_groups": ["wesl3y:despawn"]
            },
            "run_command": {
              "command": [
                "summon wesl3y:escanor_damage ~~~ ~~ wesl3y:mob.cruel_sun",
                "particle wesl3y:smash_smoke.default",
                "particle wesl3y:smoke_yellow.small",
                "particle wesl3y:slash_yellow.default",
                "particle wesl3y:spike_yellow.default"
              ]
            }
          }
        ]
      }
    }
  }
}