{
	"format_version": "1.20.30",
	"minecraft:item": {
		"description": {
			"identifier": "stk:msword",
			"menu_category": {
				"category": "equipment",
	"group": "itemGroup.name.sword"
			}
		},
		"components": {
			"minecraft:can_destroy_in_creative": false,
			"minecraft:damage": 8,
			"minecraft:enchantable": {
				"value": 14,
				"slot": "sword"
			},
			"minecraft:food": {
				"nutrition": 0,
				"saturation_modifier": 0,
				"can_always_eat": true
			},
			"minecraft:display_name": {
        "value": "§cMirai sword \n\n§eBurning slashes \n§b(use)\n\n§eMasenko annihilator \n§b(jump + use)"
			},
			"minecraft:cooldown": {
           "category": "msword",
            "duration": 1
         },
			"minecraft:use_modifiers": {
				"use_duration": 1.6
			},
			"minecraft:hand_equipped": true,
			"minecraft:icon": "msword",
			"minecraft:max_stack_size": 1,
			"minecraft:tags": {
				"tags": [
					"minecraft:is_sword",
					"minecraft:is_tool"
				]
			}
		}
	}
}