{
  "format_version": "1.8.0",
  "minecraft:entity": {
    "description": {
      "identifier": "jedy:dash",
      "is_spawnable": false,
      "is_summonable": true,
      "is_experimental": false
    },
    "component_groups": {
      "despawn":{
      "minecraft:despawn": {
        "filters": {
          "test": "is_riding",
          "operator": "==",
          "value": false
        }
      }
      }
    },
    "components": {
      "minecraft:damage_sensor": [
        {
          "cause": "all",
          "deals_damage": false
        }
      ],
      "minecraft:type_family": {
        "family": [ "kb_1", "jedy" ]
      },
      "minecraft:collision_box": {
        "width": 0.25,
        "height": 0.25
      },
      "minecraft:timer": {
        "looping": false,
        "time": 5,
        "time_down_event": {
          "event": "despawn"
        }
      },
      "minecraft:scale": {
        "value": 0.05
      },
      "minecraft:behavior.knockback_roar": {
        "priority": 1,
        "duration": 0.2,
        "attack_time": 0.1,
        "knockback_damage": 0,
        "knockback_strength": 2300,
        "knockback_range": 0.05,
        "knockback_filters": {
          "test": "is_family",
          "subject": "other",
          "operator": "==",
          "value": "player"
        },
        "damage_filters": {
          "test": "is_family",
          "subject": "other",
          "operator": "==",
          "value": "player"
        },
        "on_roar_end": {
          "event": "despawn"
        },
        "cooldown_time": 1
      },
      "minecraft:physics": {
        "has_gravity": false
      }
    },
    "events": {
      "despawn": {
        "add": {
          "component_groups": [
            "despawn"
          ]
        }
      }
    }
  }
}