{
  "format_version": "1.8.0",
  "minecraft:spawn_rules": {
    "description": {
      "identifier": "wesl3y:overhaul",
      "population_control": "monster"
    },
    "conditions": [
      {
        "minecraft:spawns_on_surface": {},
        "minecraft:brightness_filter": {
          "min": 1,
          "max": 15,
          "adjust_for_weather": false
        },
        "minecraft:weight": {
          "default": 10
        },
        "minecraft:density_limit": {
          "surface": 2
        },
        "minecraft:herd": {
          "min_size": 0,
          "max_size": 1
        },
        "minecraft:biome_filter": {
          "any_of": [
            { "test": "has_biome_tag", "operator": "==", "value": "extreme_hills" },
            { "test": "has_biome_tag", "operator": "==", "value": "forest" },
            { "test": "has_biome_tag", "operator": "==", "value": "plains" },
            { "test": "has_biome_tag", "operator": "==", "value": "savanna" }
          ]
        }
      }
    ]
  }
}