{
  "format_version": "1.16.0",
  "minecraft:entity": {
    "description": {
      "identifier": "wesl3y:ice_short",
      "is_spawnable": false,
      "is_summonable": true,
      "is_experimental": false
    },
	"component_groups": {
	  "wesl3y:despawn": {
        "minecraft:instant_despawn": {}
      },
	  "wesl3y:ice_wall1": {
	    "minecraft:variant": {
	      "value": 1
	    },
        "minecraft:type_family": {
          "family": [ "ice_wall", "ice_wall1", "ice", "attack" ]
        },
        "minecraft:scale": {
          "value": 2.0
        },
        "minecraft:transformation": {
          "into": "wesl3y:despawn",
          "delay": 2.0
        }
	  },
	  "wesl3y:ice_wall2": {
	    "minecraft:variant": {
	      "value": 2
	    },
        "minecraft:type_family": {
          "family": [ "ice_wall", "ice_wall2", "ice", "attack" ]
        },
        "minecraft:scale": {
          "value": 3.5
        },
        "minecraft:transformation": {
          "into": "wesl3y:despawn",
          "delay": 2.5
        }
	  },
	  "wesl3y:ice_wall3": {
	    "minecraft:variant": {
	      "value": 3
	    },
        "minecraft:type_family": {
          "family": [ "ice_wall", "ice_wall3", "ice", "attack" ]
        },
        "minecraft:scale": {
          "value": 5.0
        },
        "minecraft:transformation": {
          "into": "wesl3y:despawn",
          "delay": 3.0
        }
	  },
	  "wesl3y:ice_wall4": {
	    "minecraft:variant": {
	      "value": 4
	    },
        "minecraft:type_family": {
          "family": [ "ice_wall", "ice_wall4", "ice", "attack" ]
        },
        "minecraft:scale": {
          "value": 6.5
        },
        "minecraft:transformation": {
          "into": "wesl3y:despawn",
          "delay": 3.0
        }
	  },
	  "wesl3y:ice_world": {
	    "minecraft:variant": {
	      "value": 4
	    },
        "minecraft:type_family": {
          "family": [ "ice_world", "ice", "attack" ]
        },
        "minecraft:scale": {
          "value": 2.0
        },
        "minecraft:transformation": {
          "into": "wesl3y:despawn",
          "delay": 2.7
        }
	  },
	  "wesl3y:ice_dragon": {
	    "minecraft:variant": {
	      "value": 5
	    },
        "minecraft:type_family": {
          "family": [ "ice_dragon", "ice", "attack" ]
        },
        "minecraft:scale": {
          "value": 1.0
        },
        "minecraft:transformation": {
          "into": "wesl3y:despawn",
          "delay": 1.25
        }
	  }
	},
    "components": {
      "minecraft:collision_box": {
        "width": 0.0,
        "height": 0.0
      },
      "minecraft:transformation": {
        "into": "wesl3y:despawn",
        "delay": 5.0
      },
      "minecraft:despawn": {
        "filters": {
          "any_of": [
            { "test": "distance_to_nearest_player", "operator": ">", "value": 32}
          ]
        }
      },
      "minecraft:damage_sensor": {
        "triggers":[
          {
            "cause": "all",
            "deals_damage": false
          }
        ]
      },
      "minecraft:timer": {
        "looping": true,
        "time": 0.1,
        "time_down_event": {
          "event": "wesl3y:command"
        }
      },
      "minecraft:persistent": {
      },
      "minecraft:physics": {},
      "minecraft:pushable": {
        "is_pushable": false,
        "is_pushable_by_piston": true
      },
      "minecraft:conditional_bandwidth_optimization": {
        "default_values": {
          "max_optimized_distance": 80,
          "max_dropped_ticks": 10,
          "use_motion_prediction_hints": true
        }
      }
    },
	
	"events": {
      "wesl3y:command": {
        "sequence": [
          {
            "filters": {
              "test": "is_family",
              "value": "ice_wall" 
            },
            "run_command": {
              "command": [
                "function damage/ice/ice_wall"
              ]
            }
          },
          {
            "filters": {
              "test": "is_family",
              "value": "ice_world" 
            },
            "run_command": {
              "command": [
                "function damage/ice/ice_world"
              ]
            }
          },
          {
            "filters": {
              "test": "is_family",
              "value": "ice_dragon" 
            },
            "run_command": {
              "command": [
                "function damage/ice/ice_dragon"
              ]
            }
          }
        ]
      },
      "wesl3y:command2": {},
	  "wesl3y:despawn": {
	    "add": {
	      "component_groups": [
	        "wesl3y:despawn"
	      ]
	    }
	  },
	  "wesl3y:ice_wall1": {
	    "add": {
	      "component_groups": [
	        "wesl3y:ice_wall1"
	      ]
        },
        "run_command": {
          "command": [
            "summon wesl3y:ice_short ^^^ ~ ~ wesl3y:ice_wall2",
            "tp @e[type=wesl3y:ice_short,family=ice_wall2,r=1,c=1] ^^0.5^7 facing ^^^1000"
          ]
        }
	  },
	  "wesl3y:ice_wall2": {
	    "add": {
	      "component_groups": [
	        "wesl3y:ice_wall2"
	      ]
        },
        "run_command": {
          "command": [
            "summon wesl3y:ice_short ^^^ ~ ~ wesl3y:ice_wall3",
            "tp @e[type=wesl3y:ice_short,family=ice_wall3,r=1,c=1] ^^0.5^9 facing ^^^1000"
          ]
	    }
	  },
	  "wesl3y:ice_wall3": {
	    "add": {
	      "component_groups": [
	        "wesl3y:ice_wall3"
	      ]
	    }
	  },
	  "wesl3y:ice_wall4": {
	    "add": {
	      "component_groups": [
	        "wesl3y:ice_wall4"
	      ]
	    }
	  },
	  "wesl3y:ice_world": {
	    "randomize": [
	      {
	        "weight": 25,
	        "run_command": {
	          "command": [
	            "tp ^^^ facing ^90^^"
	          ]
	        },
	        "add": {
	          "component_groups": [
	            "wesl3y:ice_world"
	          ]
	        }
	      },
	      {
	        "weight": 25,
	        "run_command": {
	          "command": [
	            "tp ^^^ facing ^-90^^"
	          ]
	        },
	        "add": {
	          "component_groups": [
	            "wesl3y:ice_world"
	          ]
	        }
	      },
	      {
	        "weight": 25,
	        "run_command": {
	          "command": [
	            "tp ^^^ facing ^45^^"
	          ]
	        },
	        "add": {
	          "component_groups": [
	            "wesl3y:ice_world"
	          ]
	        }
	      },
	      {
	        "weight": 25,
	        "run_command": {
	          "command": [
	            "tp ^^^ facing ^-45^^"
	          ]
	        },
	        "add": {
	          "component_groups": [
	            "wesl3y:ice_world"
	          ]
	        }
	      }
	    ]
	  },
	  "wesl3y:ice_dragon": {
	    "add": {
	      "component_groups": [
	        "wesl3y:ice_dragon"
	      ]
	    }
	  }
	}
  }
}