{
	"format_version": "1.8.0",
	"animations": {
		"animation.forest.stop": {
			"loop": true,
			"animation_length": 0.83333,
			"bones": {
				"Corpo_up": {
					"rotation": {
						"0.0": {
							"post": [10, 0, 0],
							"lerp_mode": "catmullrom"
						},
						"0.25": {
							"post": [2.5, 0, 0],
							"lerp_mode": "catmullrom"
						},
						"0.625": {
							"post": [15, 0, 0],
							"lerp_mode": "catmullrom"
						},
						"1.0": {
							"post": [10, 0, 0],
							"lerp_mode": "catmullrom"
						}
					}
				},
				"leftBraco": {
					"rotation": {
						"0.0": {
							"post": [-32.5, 0, 0],
							"lerp_mode": "catmullrom"
						},
						"0.25": {
							"post": [-32.18176, -4.91209, -5.67822],
							"lerp_mode": "catmullrom"
						},
						"0.625": {
							"post": [-37.43441, 2.27099, 1.28817],
							"lerp_mode": "catmullrom"
						},
						"1.0": {
							"post": [-32.5, 0, 0],
							"lerp_mode": "catmullrom"
						}
					}
				},
				"rightBraco": {
					"rotation": {
						"0.0": {
							"post": [-30, 0, 0],
							"lerp_mode": "catmullrom"
						},
						"0.25": {
							"post": [-29.84219, 3.11072, 3.91818],
							"lerp_mode": "catmullrom"
						},
						"0.625": {
							"post": [-32.44493, -3.11422, -3.9126],
							"lerp_mode": "catmullrom"
						},
						"1.0": {
							"post": [-30, 0, 0],
							"lerp_mode": "catmullrom"
						}
					}
				}
			}
		}
	}
}