{
	"format_version": "1.8.0",
	"animations": {
		"animation.gear4.culvarin": {
			"animation_length": 1.25,
			"bones": {
				"Corpo": {
					"rotation": {
						"0.25": {
							"pre": [0, 0, 0],
							"post": [0, 0, 0],
							"lerp_mode": "catmullrom"
						},
						"0.4167": {
							"post": [0, 0, 0],
							"lerp_mode": "catmullrom"
						},
						"0.5833": {
							"post": [20, 25, 0],
							"lerp_mode": "catmullrom"
						},
						"0.75": {
							"post": [20, 25, 0],
							"lerp_mode": "catmullrom"
						}
					}
				},
				"Corpo_up": {
					"rotation": {
						"0.0": [0, -40, 0],
						"0.25": [0, -50, 0],
						"0.4167": [0, -50, 0],
						"0.5833": [0, 25, 0],
						"0.75": [0, 25, 0]
					}
				},
				"rightBraco": {
					"rotation": {
						"0.0": [-65, 0, 72.5],
						"0.4167": [-65, 0, 72.5],
						"0.5833": [15, 0, 72.5],
						"0.75": [15, 0, 72.5]
					}
				},
				"rightHand": {
					"rotation": [-76.40344, -44.7999, 46.25439]
				},
				"leftBraco": {
					"rotation": {
						"0.0": [10.14545, 9.7989, -90.49688],
						"0.25": [37.65, 9.8, -90.5],
						"0.4167": [37.65, 9.8, -90.5],
						"0.5833": [-43.26335, 4.22121, -98.8525],
						"0.75": [-43.26, 4.22, -98.85]
					},
					"scale": {
						"0.0": [1, 1, 1],
						"0.5833": [1, 1, 1]
					}
				},
				"leftBraco_down": {
					"rotation": {
						"0.0": [-102.5, 0, 0],
						"0.25": [-95, 0, 0],
						"0.4167": [-95, 0, 0],
						"0.5833": [-12.5, 0, 0],
						"0.75": [-12.25002, -2.99318, -9.54589],
						"0.9583": [-12.25002, -2.99318, -9.54589],
						"1.0833": [-12.5, 0, 0]
					},
					"scale": {
						"0.0": [1, 1, 1],
						"0.25": [1.3, 0.4, 1.2],
						"0.4167": [1.3, 0.4, 1.2],
						"0.5833": [1.3, 0.4, 1.2],
						"0.75": [1.3, 12.9, 1.2],
						"0.9583": [1.3, 25.1, 1.2],
						"1.0833": [1.3, 0.5, 1.2],
						"1.25": [1.3, 0.8, 1.2]
					}
				}
			}
		}
	}
}