{
	"format_version": "1.8.0",
	"animations": {
		"animation.get.culvarin": {
			"animation_length": 1.04167,
			"bones": {
				"Corpo_up": {
					"rotation": {
						"0.0": [0, -47.5, 0],
						"0.25": [0, -55, 0],
						"0.375": [20, 12.5, 0]
					}
				},
				"leftBraco": {
					"rotation": {
						"0.0": [-40.71202, -22.98956, -70.06307],
						"0.25": [-33.21, -22.99, -70.06],
						"0.375": [-73.27134, -31.90868, -75.20223]
					}
				},
				"leftBraco_down8": {
					"rotation": {
						"0.0": [-79.28912, 13.83447, 5.85463],
						"0.25": [-84.29, 13.83, 5.85],
						"0.375": [-11.79, 13.83, 5.85],
						"0.5": [-11.79, 13.83, 5.85],
						"0.5417": [-10.77284, -14.98636, -75.01165],
						"0.6667": [-10.77, -14.99, -75.01],
						"0.7083": [-9.13916, 20.62786, 39.19276]
					},
					"position": {
						"0.375": [0, 0, 0],
						"0.5": [3, -44, 3],
						"0.5417": [10, -47, 3],
						"0.6667": [59, -64, -1],
						"0.7083": [55, -69, -1],
						"0.8333": [-28, -133, -30],
						"1.0417": [-38, -141, -34]
					},
					"scale": {
						"0.0": [1, 1, 1],
						"0.25": [1.4, 0.5, 1.5],
						"0.375": [1.4, 0.5, 1.5],
						"0.5": [1.4, 1.2, 1.5]
					}
				},
				"leftBraco_down2": {
					"rotation": {
						"0.0": [-77.32005, 12.39135, 1.6575],
						"0.375": [0, 0, 0],
						"0.5": [12.40569, 2.178, -12.30989]
					},
					"position": {
						"0.375": [0, 0, 0],
						"0.5": [-1, -8, -1]
					},
					"scale": {
						"0.375": [1, 1, 1],
						"0.5": [1, 4.8, 1]
					}
				},
				"leftBraco_down3": {
					"rotation": {
						"0.0": [-74.78875, 12.30922, 2.18998],
						"0.5": [0, 0, 0],
						"0.5417": [0, 0, -77.5]
					},
					"position": {
						"0.5": [0, 0, 0],
						"0.5417": [3, -44, 4]
					},
					"scale": {
						"0.5": [1, 1, 1],
						"0.5417": [1, 1, 1],
						"0.6667": [1, 7.4, 1]
					}
				},
				"leftBraco_down4": {
					"rotation": {
						"0.0": [-75.79968, 12.63036, 1.3509],
						"0.5": [0, 0, 0],
						"0.6667": [0, 0, 0],
						"0.7083": [-7.5, 0, 45]
					},
					"position": {
						"0.5": [0, 0, 0],
						"0.6667": [0, 0, 0],
						"0.7083": [60, -65, 0]
					},
					"scale": {
						"0.5": [1, 1, 1],
						"0.6667": [1, 1, 1],
						"0.7083": [1, 1, 1],
						"0.8333": [1, 14.2, 1],
						"1.0417": [1, 16.1, 1]
					}
				},
				"rightBraco": {
					"rotation": {
						"0.0": [-59.20621, 9.32597, 65.8701],
						"0.25": [-46.3159, 10.76168, 67.95368],
						"0.375": [44.31455, 4.58038, 72.24975]
					}
				},
				"rightBraco_down": {
					"rotation": {
						"0.0": [0, 0, 0],
						"0.25": [-5, 0, 0],
						"0.375": [-105.01754, 2.34914, -0.85553]
					}
				}
			}
		}
	}
}