{
	"format_version": "1.8.0",
	"animations": {
		"animation.black.mamba": {
			"animation_length": 1.375,
			"bones": {
				"Corpo_up": {
					"rotation": [-12.5, 0, 0]
				},
				"leftBraco": {
					"rotation": [0, 0, -95]
				},
				"leftHand": {
					"scale": {
						"0.0": [1, 1, 1],
						"1.375": [1, 1.4, 1]
					}
				},
				"rightBraco": {
					"rotation": [0, 0, 97.5]
				},
				"rightBraco_down": {
					"scale": [2.1, 0.4, 2]
				},
				"rightHand": {
					"scale": 1
				},
				"leftBraco_down": {
					"scale": [1.9, 0.4, 2]
				}
			}
		}
	}
}