{
	"format_version": "1.8.0",
	"animations": {
		"animation.gomu.gatling": {
			"loop": true,
			"animation_length": 0.16667,
			"bones": {
				"body": {
					"rotation": {
						"0.0": {
							"post": [27.5, 0, 0],
							"lerp_mode": "catmullrom"
						},
						"0.0417": {
							"post": [27.86082, -8.86042, -4.65468],
							"lerp_mode": "catmullrom"
						},
						"0.0833": {
							"post": [27.70212, 6.64851, 3.47875],
							"lerp_mode": "catmullrom"
						},
						"0.125": {
							"post": [27.52235, -2.21738, -1.15495],
							"lerp_mode": "catmullrom"
						},
						"0.1667": {
							"post": [27.58957, 4.43385, 2.31336],
							"lerp_mode": "catmullrom"
						}
					},
					"position": {
						"0.0": {
							"post": [0, -3, -6],
							"lerp_mode": "catmullrom"
						},
						"0.0417": {
							"post": [0, -3, -6],
							"lerp_mode": "catmullrom"
						}
					}
				},
				"leftArm": {
					"rotation": {
						"0.0": {
							"post": [-117.5, 0, 0],
							"lerp_mode": "catmullrom"
						}
					},
					"position": {
						"0.0": {
							"post": [11, -5, 21],
							"lerp_mode": "catmullrom"
						},
						"0.0417": {
							"post": [11, 17, -29],
							"lerp_mode": "catmullrom"
						},
						"0.0833": {
							"post": [11, -5, -6],
							"lerp_mode": "catmullrom"
						},
						"0.125": {
							"post": [-7, 25, -25],
							"lerp_mode": "catmullrom"
						},
						"0.1667": {
							"post": [9, 17, 1],
							"lerp_mode": "catmullrom"
						}
					},
					"scale": {
						"0.0": {
							"post": [1, 5.1, 1],
							"lerp_mode": "catmullrom"
						}
					}
				},
				"rightArm": {
					"rotation": {
						"0.0": {
							"post": [-117.5, 0, 0],
							"lerp_mode": "catmullrom"
						}
					},
					"position": {
						"0.0": {
							"post": [-24, 12, 0],
							"lerp_mode": "catmullrom"
						},
						"0.0417": {
							"post": [-10, -7, 18],
							"lerp_mode": "catmullrom"
						},
						"0.0833": {
							"post": [1, 10, -27],
							"lerp_mode": "catmullrom"
						},
						"0.125": {
							"post": [-14, 0, 11],
							"lerp_mode": "catmullrom"
						},
						"0.1667": {
							"post": [-14, 28, -36],
							"lerp_mode": "catmullrom"
						}
					},
					"scale": {
						"0.0": {
							"post": [1, 5, 1],
							"lerp_mode": "catmullrom"
						}
					}
				},
				"leftLeg": {
					"position": {
						"0.0": {
							"post": [1, 0, -3],
							"lerp_mode": "catmullrom"
						}
					}
				},
				"rightLeg": {
					"position": {
						"0.0": {
							"post": [-1, 0, -3],
							"lerp_mode": "catmullrom"
						}
					}
				}
			}
		}
	}
}