{
	"format_version": "1.8.0",
	"animations": {
		"animation.haki.explosion": {
			"animation_length": 1.625,
			"bones": {
				"body": {
					"rotation": {
						"0.0": {
							"post": [51.57316, -39.00657, -38.42684],
							"lerp_mode": "catmullrom"
						},
						"0.3333": {
							"post": [56.90855, -43.4019, -46.52028],
							"lerp_mode": "catmullrom"
						},
						"0.5833": {
							"post": [56.91, -43.4, -46.52],
							"lerp_mode": "catmullrom"
						},
						"1.0833": {
							"post": [51.57316, -39.00657, -38.42684],
							"lerp_mode": "catmullrom"
						},
						"1.625": {
							"post": [51.57, -39.01, -38.43],
							"lerp_mode": "catmullrom"
						}
					},
					"position": {
						"0.0": {
							"post": [0, -6, -7],
							"lerp_mode": "catmullrom"
						}
					}
				},
				"leftArm": {
					"rotation": {
						"0.0": {
							"post": [-35, 0, -65],
							"lerp_mode": "catmullrom"
						},
						"1.625": {
							"post": [-35, 0, -65],
							"lerp_mode": "catmullrom"
						}
					},
					"position": {
						"0.0": {
							"post": [-1, 0, 4],
							"lerp_mode": "catmullrom"
						},
						"0.3333": {
							"post": [-1, 0, 6],
							"lerp_mode": "catmullrom"
						},
						"0.5833": {
							"post": [-1, 0, 6],
							"lerp_mode": "catmullrom"
						},
						"1.0833": {
							"post": [-1, 0, 4],
							"lerp_mode": "catmullrom"
						}
					}
				},
				"rightArm": {
					"rotation": {
						"0.0": {
							"post": [-20.93, 19.74, 23.06],
							"lerp_mode": "catmullrom"
						},
						"0.3333": {
							"post": [-18.21349, 22.2563, 30.62944],
							"lerp_mode": "catmullrom"
						},
						"0.5833": {
							"post": [-18.21, 22.26, 30.63],
							"lerp_mode": "catmullrom"
						},
						"1.0833": {
							"post": [-20.93, 19.74, 23.06],
							"lerp_mode": "catmullrom"
						},
						"1.625": {
							"post": [-20.93, 19.74, 23.06],
							"lerp_mode": "catmullrom"
						}
					},
					"position": {
						"0.0": {
							"post": [1, -3, -2],
							"lerp_mode": "catmullrom"
						}
					}
				},
				"leftLeg": {
					"rotation": {
						"0.0": {
							"post": [60, 0, 0],
							"lerp_mode": "catmullrom"
						}
					},
					"position": {
						"0.0": {
							"post": [0, -6, -1],
							"lerp_mode": "catmullrom"
						}
					}
				},
				"rightLeg": {
					"position": {
						"0.0": {
							"post": [0, 0, -5],
							"lerp_mode": "catmullrom"
						}
					}
				}
			}
		}
	}
}