{
	"format_version": "1.8.0",
	"animations": {
		"animation.haki.skill": {
			"loop": true,
			"animation_length": 0.95833,
			"bones": {
				"bone": {
					"rotation": {
						"0.0": {
							"post": [8.74472, 18.05776, 26.39218],
							"lerp_mode": "catmullrom"
						}
					},
					"position": {
						"0.0": {
							"post": [0, -4, -1],
							"lerp_mode": "catmullrom"
						},
						"0.1667": {
							"post": [28, -4, -33],
							"lerp_mode": "catmullrom"
						},
						"0.4583": {
							"post": [28, -4, -33],
							"lerp_mode": "catmullrom"
						},
						"0.5": {
							"post": [0, -4, -1],
							"lerp_mode": "catmullrom"
						},
						"0.6667": {
							"post": [41, -4, -12],
							"lerp_mode": "catmullrom"
						},
						"0.9583": {
							"post": [41, -4, -12],
							"lerp_mode": "catmullrom"
						}
					}
				},
				"bone2": {
					"rotation": {
						"0.0": {
							"post": [-10, 22.5, 0],
							"lerp_mode": "catmullrom"
						}
					},
					"position": {
						"0.0": {
							"post": [1, 0, -1],
							"lerp_mode": "catmullrom"
						},
						"0.1667": {
							"post": [28, 0, 27],
							"lerp_mode": "catmullrom"
						},
						"0.4583": {
							"post": [28, 0, 27],
							"lerp_mode": "catmullrom"
						},
						"0.5": {
							"post": [1, 0, -1],
							"lerp_mode": "catmullrom"
						},
						"0.6667": {
							"post": [1, 0, 30],
							"lerp_mode": "catmullrom"
						},
						"0.9583": {
							"post": [1, 0, 30],
							"lerp_mode": "catmullrom"
						}
					}
				},
				"bone3": {
					"rotation": {
						"0.0": {
							"post": [10, 0, -15],
							"lerp_mode": "catmullrom"
						}
					},
					"position": {
						"0.0": {
							"post": [1, 0, 2],
							"lerp_mode": "catmullrom"
						},
						"0.1667": {
							"post": [-30, 0, 18],
							"lerp_mode": "catmullrom"
						},
						"0.4583": {
							"post": [-30, 0, 18],
							"lerp_mode": "catmullrom"
						},
						"0.5": {
							"post": [1, 0, 2],
							"lerp_mode": "catmullrom"
						},
						"0.6667": {
							"post": [37, 0, 25],
							"lerp_mode": "catmullrom"
						},
						"0.9583": {
							"post": [37, 0, 25],
							"lerp_mode": "catmullrom"
						}
					}
				},
				"bone4": {
					"rotation": {
						"0.0": {
							"post": [0, 0, 12.5],
							"lerp_mode": "catmullrom"
						}
					},
					"position": {
						"0.0": {
							"post": [0, 0, 0],
							"lerp_mode": "catmullrom"
						},
						"0.1667": {
							"post": [41, 0, 0],
							"lerp_mode": "catmullrom"
						},
						"0.4583": {
							"post": [41, 0, 0],
							"lerp_mode": "catmullrom"
						},
						"0.5": {
							"post": [0, 0, 0],
							"lerp_mode": "catmullrom"
						},
						"0.6667": {
							"post": [30, 0, -36],
							"lerp_mode": "catmullrom"
						},
						"0.9583": {
							"post": [30, 0, -36],
							"lerp_mode": "catmullrom"
						}
					}
				},
				"bone5": {
					"rotation": {
						"0.0": {
							"post": [-17.5, 0, 0],
							"lerp_mode": "catmullrom"
						}
					},
					"position": {
						"0.0": {
							"post": [0, 0, -3],
							"lerp_mode": "catmullrom"
						},
						"0.1667": {
							"post": [0, 0, 30],
							"lerp_mode": "catmullrom"
						},
						"0.4583": {
							"post": [0, 0, 30],
							"lerp_mode": "catmullrom"
						},
						"0.5": {
							"post": [0, 0, -3],
							"lerp_mode": "catmullrom"
						},
						"0.6667": {
							"post": [0, 0, -49],
							"lerp_mode": "catmullrom"
						},
						"0.9583": {
							"post": [0, 0, -49],
							"lerp_mode": "catmullrom"
						}
					}
				},
				"bone6": {
					"rotation": {
						"0.0": {
							"post": [32.5, 0, 0],
							"lerp_mode": "catmullrom"
						}
					},
					"position": {
						"0.0": {
							"post": [0, 0, -1],
							"lerp_mode": "catmullrom"
						},
						"0.1667": {
							"post": [0, 0, -40],
							"lerp_mode": "catmullrom"
						},
						"0.4583": {
							"post": [0, 0, -40],
							"lerp_mode": "catmullrom"
						},
						"0.5": {
							"post": [0, 0, -1],
							"lerp_mode": "catmullrom"
						},
						"0.6667": {
							"post": [-32, 0, -1],
							"lerp_mode": "catmullrom"
						},
						"0.9583": {
							"post": [-32, 0, -1],
							"lerp_mode": "catmullrom"
						}
					}
				},
				"bone7": {
					"rotation": {
						"0.0": {
							"post": [12.5, 17.5, 0],
							"lerp_mode": "catmullrom"
						}
					},
					"position": {
						"0.0": {
							"post": [2, -3, -3],
							"lerp_mode": "catmullrom"
						},
						"0.1667": {
							"post": [-27, -3, -26],
							"lerp_mode": "catmullrom"
						},
						"0.4583": {
							"post": [-27, -3, -26],
							"lerp_mode": "catmullrom"
						},
						"0.5": {
							"post": [2, -3, -3],
							"lerp_mode": "catmullrom"
						},
						"0.6667": {
							"post": [-26, -3, -42],
							"lerp_mode": "catmullrom"
						},
						"0.9583": {
							"post": [-26, -3, -42],
							"lerp_mode": "catmullrom"
						}
					}
				}
			}
		}
	}
}