{
	"format_version": "1.8.0",
	"animations": {
		"animation.player.slash3": {
			"loop": true,
			"animation_length": 0.66667,
			"bones": {
				"root": {
					"rotation": {
						"0.0": {
							"post": [17.5, 0, 0],
							"lerp_mode": "catmullrom"
						},
						"0.1667": {
							"post": [10, -25, 0],
							"lerp_mode": "catmullrom"
						},
						"0.2917": {
							"post": [7.5, 17.5, 0],
							"lerp_mode": "catmullrom"
						},
						"0.4167": {
							"post": [20, -32.5, 0],
							"lerp_mode": "catmullrom"
						},
						"0.5417": {
							"post": [25, 17.5, 0],
							"lerp_mode": "catmullrom"
						},
						"0.6667": {
							"post": [12.5, -15, 0],
							"lerp_mode": "catmullrom"
						}
					},
					"position": {
						"0.0": {
							"post": [0, 0, 3],
							"lerp_mode": "catmullrom"
						}
					}
				},
				"leftArm": {
					"rotation": {
						"0.0": {
							"post": [-75.10851, -9.29798, 31.28223],
							"lerp_mode": "catmullrom"
						},
						"0.1667": {
							"post": [-17.61, -9.3, 31.28],
							"lerp_mode": "catmullrom"
						},
						"0.2917": {
							"post": [-153.66984, -2.78556, 17.68502],
							"lerp_mode": "catmullrom"
						},
						"0.4167": {
							"post": [-42.61691, 10.96132, 32.28532],
							"lerp_mode": "catmullrom"
						},
						"0.5417": {
							"post": [-98.14972, 38.21097, 75.95583],
							"lerp_mode": "catmullrom"
						},
						"0.6667": {
							"post": [-43.15, 38.21, 75.96],
							"lerp_mode": "catmullrom"
						}
					}
				},
				"rightArm": {
					"rotation": {
						"0.0": {
							"post": [-171.74438, 8.79947, -111.95427],
							"lerp_mode": "catmullrom"
						},
						"0.1667": {
							"post": [-49.24438, 8.79947, -111.95427],
							"lerp_mode": "catmullrom"
						},
						"0.2917": {
							"post": [-199.24, 8.8, -111.95],
							"lerp_mode": "catmullrom"
						},
						"0.4167": {
							"post": [-53.82205, 2.30625, -82.50373],
							"lerp_mode": "catmullrom"
						},
						"0.5417": {
							"post": [-201.32, 2.31, -82.5],
							"lerp_mode": "catmullrom"
						},
						"0.6667": {
							"post": [-96.32, 2.31, -82.5],
							"lerp_mode": "catmullrom"
						}
					}
				},
				"leftLeg": {
					"rotation": {
						"0.0": {
							"post": [-32.5, 0, 0],
							"lerp_mode": "catmullrom"
						}
					}
				},
				"rightLeg": {
					"rotation": {
						"0.0": {
							"post": [20, 0, 0],
							"lerp_mode": "catmullrom"
						}
					}
				}
			}
		}
	}
}