{
	"format_version": "1.8.0",
	"animations": {
		"animation.player.slash": {
			"animation_length": 0.58333,
			"bones": {
				"leftArm": {
					"rotation": {
						"0.0": {
							"post": [-90, 0, 0],
							"lerp_mode": "catmullrom"
						},
						"0.125": {
							"post": [-90, 32.5, 0],
							"lerp_mode": "catmullrom"
						},
						"0.4167": {
							"post": [-90, 40, 0],
							"lerp_mode": "catmullrom"
						},
						"0.625": {
							"post": [-90, 40, 0],
							"lerp_mode": "catmullrom"
						}
					}
				},
				"rightArm": {
					"rotation": {
						"0.0": {
							"post": [-130.47773, -5.14467, 88.9714],
							"lerp_mode": "catmullrom"
						},
						"0.125": {
							"post": [10.67887, 1.67345, 52.0547],
							"lerp_mode": "catmullrom"
						},
						"0.4167": {
							"post": [20.68, 1.67, 52.05],
							"lerp_mode": "catmullrom"
						},
						"0.625": {
							"post": [20.68, 1.67, 52.05],
							"lerp_mode": "catmullrom"
						}
					}
				},
				"leftLeg": {
					"rotation": {
						"0.0": {
							"post": [0, -15, 0],
							"lerp_mode": "catmullrom"
						}
					},
					"position": {
						"0.0": {
							"post": [0, 0, -2],
							"lerp_mode": "catmullrom"
						}
					}
				},
				"rightLeg": {
					"rotation": {
						"0.0": {
							"post": [22.96582, 28.02508, 15.91425],
							"lerp_mode": "catmullrom"
						}
					},
					"position": {
						"0.0": {
							"post": [0, 0, 0],
							"lerp_mode": "catmullrom"
						}
					}
				}
			}
		}
	}
}