{
	"format_version": "1.8.0",
	"animations": {
		"animation.ice": {
			"animation_length": 1.45833,
			"bones": {
				"bone": {
					"rotation": {
						"0.0": {
							"post": [0, 0, 0],
							"lerp_mode": "catmullrom"
						},
						"0.2917": {
							"post": [0, -42.5, 0],
							"lerp_mode": "catmullrom"
						},
						"0.5833": {
							"post": [0, -87.5, 0],
							"lerp_mode": "catmullrom"
						},
						"0.7917": {
							"post": [0, -87.5, 0],
							"lerp_mode": "catmullrom"
						},
						"1.25": {
							"post": [0, -87.5, 0],
							"lerp_mode": "catmullrom"
						},
						"1.4583": {
							"post": [0, -257.5, 0],
							"lerp_mode": "catmullrom"
						}
					},
					"position": {
						"1.25": {
							"pre": [0, 0, 0],
							"post": [0, 0, 0],
							"lerp_mode": "catmullrom"
						},
						"1.4583": {
							"post": [0, -88, 0],
							"lerp_mode": "catmullrom"
						}
					},
					"scale": {
						"0.0": {
							"post": [0.1, 0.1, 0.1],
							"lerp_mode": "catmullrom"
						},
						"0.2917": {
							"post": [11.9, 5.5, 11.9],
							"lerp_mode": "catmullrom"
						},
						"0.5833": {
							"post": [13.5, 4.2, 13.7],
							"lerp_mode": "catmullrom"
						},
						"0.7917": {
							"post": [13.5, 4.2, 13.7],
							"lerp_mode": "catmullrom"
						},
						"1.25": {
							"post": [13.5, 4.2, 13.7],
							"lerp_mode": "catmullrom"
						},
						"1.4583": {
							"post": [2.5, 0.7, 4.2],
							"lerp_mode": "catmullrom"
						}
					}
				}
			}
		}
	}
}