{
	"format_version": "1.8.0",
	"animations": {
		"animation.inu_hybrid.sneak": {
			"loop": true,
			"bones": {
				"bone": {
					"rotation": [47.5, 0, 0],
					"position": [0, -16, -12]
				},
				"bone7": {
					"rotation": [0, -55, 0]
				},
				"bone8": {
					"rotation": [-22.5, 0, 0]
				},
				"bone15": {
					"rotation": [0, 20, 0]
				},
				"bone5": {
					"rotation": [-68.209, 44.99815, 22.8975]
				},
				"bone6": {
					"rotation": [27.5, 0, 0]
				},
				"bone16": {
					"rotation": [6.08259, 12.23489, -35.74582]
				},
				"bone9": {
					"rotation": [-75, 0, 0]
				},
				"bone10": {
					"rotation": [82.5, 0, 0]
				},
				"bone2": {
					"rotation": [-45, 0, 0]
				},
				"bone11": {
					"rotation": [15, 0, 0]
				},
				"bone12": {
					"rotation": [-15, 0, 0]
				},
				"bone17": {
					"rotation": [-55, 0, 0]
				},
				"bone13": {
					"rotation": [-45, 0, 0]
				}
			}
		}
	}
}