{
	"format_version": "1.8.0",
	"animations": {
		"animation.slash": {
			"animation_length": 0.5,
			"bones": {
				"bone": {
					"rotation": {
						"0.0": {
							"post": [0, 0, -42.5],
							"lerp_mode": "catmullrom"
						}
					},
					"position": {
						"0.0": {
							"post": [0, 0, 0],
							"lerp_mode": "catmullrom"
						},
						"0.125": {
							"post": [0, 0, -105],
							"lerp_mode": "catmullrom"
						},
						"0.25": {
							"post": [0, 0, -135],
							"lerp_mode": "catmullrom"
						},
						"0.4167": {
							"post": [0, 0, -135],
							"lerp_mode": "catmullrom"
						},
						"0.5": {
							"post": [0, 0, -135],
							"lerp_mode": "catmullrom"
						}
					},
					"scale": {
						"0.0": {
							"post": [0.2, 0.2, 0.2],
							"lerp_mode": "catmullrom"
						},
						"0.125": {
							"post": [1.9, 1.9, 1.9],
							"lerp_mode": "catmullrom"
						},
						"0.25": {
							"post": [1.9, 1.9, 1.9],
							"lerp_mode": "catmullrom"
						},
						"0.4167": {
							"post": [1.9, 1.9, 1.9],
							"lerp_mode": "catmullrom"
						},
						"0.5": {
							"post": [-0.1, -0.1, -0.1],
							"lerp_mode": "catmullrom"
						}
					}
				}
			}
		}
	}
}