{
	"format_version": "1.8.0",
	"animations": {
		"animation.slash.multiple": {
			"loop": true,
			"animation_length": 0.45833,
			"bones": {
				"bone": {
					"rotation": {
						"0.0": [0, 0, -47.5],
						"0.125": [0, 0, -47.5],
						"0.1667": [0, 0, -122.5],
						"0.2917": [0, 0, -122.5],
						"0.3333": [0, 0, -182.5]
					},
					"position": {
						"0.0": [0, 30, 0],
						"0.125": [0, 30, -101],
						"0.1667": [0, 30, -2],
						"0.2917": [0, 30, -99],
						"0.3333": [0, 30, -2],
						"0.4583": [0, 30, -103]
					}
				}
			}
		}
	}
}