{
	"format_version": "1.8.0",
	"animations": {
		"animation.snakeman.walk": {
			"loop": true,
			"animation_length": 1.9167,
			"bones": {
				"Corpo": {
					"position": {
						"0.0": [0, 0, 0],
						"0.4167": [0, -3, 0],
						"0.8333": [0, 0, 0],
						"1.375": [0, -2, 0],
						"1.875": [0, 0, 0]
					}
				},
				"leftBraco": {
					"rotation": {
						"0.0": [32.5, 0, 0],
						"0.2917": [-2.5, 0, 0],
						"0.9583": [-37.5, 0, 0],
						"1.375": [0, 0, 0],
						"1.875": [32.5, 0, 0]
					}
				},
				"leftBraco_down": {
					"rotation": {
						"0.0": [0, 0, 0],
						"0.125": [15, 0, 0],
						"1.0417": [-35, 0, 0],
						"1.9167": [0, 0, 0]
					}
				},
				"rightBraco3": {
					"rotation": {
						"0.0": [-32.5, 0, 0],
						"0.2917": [-2.5, 0, 0],
						"0.7917": [32.5, 0, 0],
						"1.375": [10, 0, 0],
						"1.875": [-32.5, 0, 0]
					}
				},
				"rightBraco_down3": {
					"rotation": {
						"0.0": [0, 0, 0],
						"0.125": [-37.5, 0, 0],
						"1.0417": [0, 0, 0],
						"1.9167": [0, 0, 0]
					}
				},
				"leftPerna": {
					"rotation": {
						"0.0": [-55, 0, 0],
						"0.375": [-59.62, 0, 0],
						"0.5": [-44.5, 0, 0],
						"0.9167": [5, 0, 0],
						"1.2917": [17.5, 0, 0],
						"1.875": [-55, 0, 0]
					}
				},
				"leftPerna_down": {
					"rotation": {
						"0.0": [82.5, 0, 0],
						"0.5833": [15, 0, 0],
						"1.125": [7.17, 0, 0],
						"1.5417": [70.63, 0, 0],
						"1.8333": [82.5, 0, 0]
					}
				},
				"rightPerna": {
					"rotation": {
						"0.0": [12.5, 0, 0],
						"0.1667": [17.74, 0, 0],
						"0.4167": [-7.14, 0, 0],
						"0.7083": [-25, 0, 0],
						"0.9167": [-45, 0, 0],
						"1.1667": [-51.07, 0, 0],
						"1.5": [-30, 0, 0],
						"1.9167": [12.5, 0, 0]
					}
				},
				"rightPerna_down": {
					"rotation": {
						"0.0": [5, 0, 0],
						"0.25": [56, 0, 0],
						"0.8333": [86.38, 0, 0],
						"1.25": [47.5, 0, 0],
						"1.5": [10, 0, 0],
						"1.875": [5, 0, 0]
					}
				},
				"Corpo_up": {
					"rotation": {
						"0.0": [5, -7.5, 0],
						"0.7083": [15, 5, 0],
						"1.0": [2.5, 17.5, 0],
						"1.75": [17.5, -7.5, 0],
						"1.9167": [5, -7.5, 0]
					}
				},
				"rightBraco": {
					"rotation": {
						"0.0": [-52.5, 0, 0],
						"0.7917": [40, 0, -7.5],
						"1.5": [0, 0, -7.5],
						"1.875": [-52.5, 0, 0]
					}
				},
				"rightBraco_down": {
					"rotation": {
						"0.0": [-50, 0, 0],
						"0.9583": [7.5, 0, 0],
						"1.4583": [1.14, 0, 0],
						"1.7083": [6.96, 0, 0],
						"1.875": [-50, 0, 0]
					}
				},
				"Lamina": {
					"scale": [0.2, 1, 0.1]
				},
				"Lingua": {
					"scale": [1, 1, 0.5]
				},
				"body": {
					"position": [0, 17, 0],
					"scale": [0.4, 0, 0.9]
				},
				"rightLamina": {
					"scale": 0.1
				},
				"leftLamina": {
					"scale": 0
				},
				"rightTentaculo_um": {
					"scale": 0
				},
				"rightTentaculo_dois": {
					"scale": -0.1
				},
				"rightTentaculo_tres": {
					"scale": 0
				},
				"leftTentaculo_tres": {
					"scale": 0
				},
				"leftTentaculo_um": {
					"scale": 0
				},
				"leftTentaculo_dois": {
					"scale": 0
				}
			}
		}
	}
}