{
	"format_version": "1.8.0",
	"animations": {
		"animation.source": {
			"animation_length": 0.58333,
			"bones": {
				"bone": {
					"position": [0, 0, -16],
					"scale": {
						"0.0": [1, 0.2, 1],
						"0.125": [1, 3.1, 1],
						"0.5833": [1, 4.1, 1]
					}
				},
				"bone2": {
					"position": [0, 0, 16],
					"scale": {
						"0.0": [1, 0.2, 1],
						"0.125": [1, 2.7, 1],
						"0.5833": [1, 3.3, 1]
					}
				},
				"bone3": {
					"position": [-15, 0, 17],
					"scale": {
						"0.0": [1, 0.2, 1],
						"0.125": [1, 2.5, 1],
						"0.5833": [1, 3.1, 1]
					}
				},
				"bone4": {
					"position": [18, 0, 0],
					"scale": {
						"0.0": [1, 0.2, 1],
						"0.125": [1, 2.6, 1],
						"0.5833": [1, 3, 1]
					}
				},
				"bone5": {
					"position": [16, 0, 17],
					"scale": {
						"0.0": [1, 0.2, 1],
						"0.125": [1, 2.5, 1],
						"0.5833": [1, 3, 1]
					}
				},
				"bone6": {
					"position": [17, 0, -16],
					"scale": {
						"0.0": [1, 0.2, 1],
						"0.125": [1, 1.9, 1],
						"0.5833": [1, 2.3, 1]
					}
				},
				"bone7": {
					"position": [-18, 0, -16],
					"scale": {
						"0.0": [1, 0.2, 1],
						"0.125": [1, 1.8, 1],
						"0.5833": [1, 2.7, 1]
					}
				},
				"bone8": {
					"position": [-17, 0, 0],
					"scale": {
						"0.0": [1, 0.2, 1],
						"0.125": [1, 2.2, 1],
						"0.5833": [1, 2.7, 1]
					}
				}
			}
		}
	}
}