{
	"format_version": "1.12.0",
	"minecraft:geometry": [
		{
			"description": {
				"identifier": "geometry.yuno",
				"texture_width": 64,
				"texture_height": 64,
				"visible_bounds_width": 4,
				"visible_bounds_height": 4,
				"visible_bounds_offset": [0, 1, 0]
			},
			"bones": [
				{
					"name": "bb_main",
					"pivot": [0, 0, 0],
					"locators": {
						"locator": [-6, 16, -11]
					}
				},
				{
					"name": "root",
					"pivot": [0, 0, 0]
				},
				{
					"name": "waist",
					"parent": "root",
					"pivot": [0, 12, 0]
				},
				{
					"name": "body",
					"parent": "waist",
					"pivot": [0, 24, 0],
					"cubes": [
						{
							"origin": [-1, 22.75, -3],
							"size": [6, 1, 6],
							"pivot": [2.5, 24, 0],
							"rotation": [0, 0, -20],
							"uv": {
								"north": {"uv": [52, 57], "uv_size": [6, 1]},
								"east": {"uv": [58, 56], "uv_size": [6, 1]},
								"south": {"uv": [58, 57], "uv_size": [6, 1]},
								"west": {"uv": [52, 56], "uv_size": [6, 1]},
								"up": {"uv": [58, 64], "uv_size": [-6, -6]},
								"down": {"uv": [64, 64], "uv_size": [-6, -6]}
							}
						},
						{
							"origin": [-5, 22.75, -3],
							"size": [6, 1, 6],
							"pivot": [-2.5, 24, 0],
							"rotation": [0, 0, 20],
							"uv": {
								"north": {"uv": [58, 57], "uv_size": [-6, 1]},
								"east": {"uv": [58, 56], "uv_size": [-6, 1]},
								"south": {"uv": [64, 57], "uv_size": [-6, 1]},
								"west": {"uv": [64, 56], "uv_size": [-6, 1]},
								"up": {"uv": [52, 64], "uv_size": [6, -6]},
								"down": {"uv": [58, 64], "uv_size": [6, -6]}
							}
						},
						{
							"origin": [-0.74184, 22.58554, -3],
							"size": [6, 1, 6],
							"inflate": 0.2,
							"pivot": [2.25816, 23.33554, 0],
							"rotation": [0, 0, -20],
							"uv": {
								"north": {"uv": [39.5, 57], "uv_size": [6, 1]},
								"east": {"uv": [45.5, 56], "uv_size": [6, 1]},
								"south": {"uv": [45.5, 57], "uv_size": [6, 1]},
								"west": {"uv": [39.5, 56], "uv_size": [6, 1]},
								"up": {"uv": [45.5, 64], "uv_size": [-6, -6]},
								"down": {"uv": [51.5, 64], "uv_size": [-6, -6]}
							}
						},
						{
							"origin": [-5, 22.75, -3],
							"size": [6, 1, 6],
							"inflate": 0.2,
							"pivot": [-2.5, 24, 0],
							"rotation": [0, 0, 20],
							"uv": {
								"north": {"uv": [45.5, 57], "uv_size": [-6, 1]},
								"east": {"uv": [45.5, 56], "uv_size": [-6, 1]},
								"south": {"uv": [51.5, 57], "uv_size": [-6, 1]},
								"west": {"uv": [51.5, 56], "uv_size": [-6, 1]},
								"up": {"uv": [39.5, 64], "uv_size": [6, -6]},
								"down": {"uv": [45.5, 64], "uv_size": [6, -6]}
							}
						},
						{
							"origin": [-4, 12, -2],
							"size": [8, 12, 4],
							"uv": {
								"north": {"uv": [0, 0], "uv_size": [8, 12]},
								"east": {"uv": [24, 18], "uv_size": [4, 12]},
								"south": {"uv": [8, 0], "uv_size": [8, 12]},
								"west": {"uv": [20, 24], "uv_size": [4, 12]},
								"up": {"uv": [24, 32], "uv_size": [8, 4]},
								"down": {"uv": [32, 36], "uv_size": [8, -4]}
							}
						}
					]
				},
				{
					"name": "head",
					"parent": "body",
					"pivot": [0, 24, 0],
					"cubes": [
						{
							"origin": [-4, 23.75, -4],
							"size": [8, 8, 8],
							"uv": {
								"north": {"uv": [0, 12], "uv_size": [8, 8]},
								"east": {"uv": [8, 12], "uv_size": [8, 8]},
								"south": {"uv": [16, 0], "uv_size": [8, 8]},
								"west": {"uv": [16, 8], "uv_size": [8, 8]},
								"up": {"uv": [16, 16], "uv_size": [8, 8]},
								"down": {"uv": [0, 28], "uv_size": [8, -8]}
							}
						}
					]
				},
				{
					"name": "rightArm",
					"parent": "body",
					"pivot": [-5, 22, 0],
					"cubes": [
						{
							"origin": [-8, 18, -2],
							"size": [4, 6, 4],
							"uv": {
								"north": {"uv": [13, 33], "uv_size": [4, 6]},
								"east": {"uv": [33, 24], "uv_size": [4, 6]},
								"south": {"uv": [0, 34], "uv_size": [4, 6]},
								"west": {"uv": [4, 34], "uv_size": [4, 6]},
								"up": {"uv": [44, 15], "uv_size": [4, 4]},
								"down": {"uv": [44, 23], "uv_size": [4, -4]}
							}
						}
					]
				},
				{
					"name": "rightForeArm",
					"parent": "rightArm",
					"pivot": [-6, 18, 0],
					"cubes": [
						{
							"origin": [-8, 12, -2],
							"size": [4, 6, 4],
							"uv": {
								"north": {"uv": [35, 0], "uv_size": [4, 6]},
								"east": {"uv": [35, 6], "uv_size": [4, 6]},
								"south": {"uv": [35, 12], "uv_size": [4, 6]},
								"west": {"uv": [17, 36], "uv_size": [4, 6]},
								"up": {"uv": [44, 30], "uv_size": [4, 4]},
								"down": {"uv": [12, 49], "uv_size": [4, -4]}
							}
						}
					]
				},
				{
					"name": "leftArm",
					"parent": "body",
					"pivot": [5, 22, 0],
					"cubes": [
						{
							"origin": [4, 18, -2],
							"size": [4, 6, 4],
							"uv": {
								"north": {"uv": [36, 18], "uv_size": [4, 6]},
								"east": {"uv": [21, 36], "uv_size": [4, 6]},
								"south": {"uv": [25, 36], "uv_size": [4, 6]},
								"west": {"uv": [29, 36], "uv_size": [4, 6]},
								"up": {"uv": [45, 23], "uv_size": [4, 4]},
								"down": {"uv": [45, 38], "uv_size": [4, -4]}
							}
						}
					]
				},
				{
					"name": "leftForeArm",
					"parent": "leftArm",
					"pivot": [6, 18, 0],
					"cubes": [
						{
							"origin": [4, 12, -2],
							"size": [4, 6, 4],
							"uv": {
								"north": {"uv": [33, 36], "uv_size": [4, 6]},
								"east": {"uv": [8, 37], "uv_size": [4, 6]},
								"south": {"uv": [37, 24], "uv_size": [4, 6]},
								"west": {"uv": [37, 36], "uv_size": [4, 6]},
								"up": {"uv": [45, 38], "uv_size": [4, 4]},
								"down": {"uv": [45, 46], "uv_size": [4, -4]}
							}
						}
					]
				},
				{
					"name": "grimorio",
					"parent": "body",
					"pivot": [-5, 12.5, -8],
					"rotation": [0, 0, 15],
					"cubes": [
						{
							"origin": [-10, 12, -12],
							"size": [5, 1, 8],
							"uv": {
								"north": {"uv": [33, 48], "uv_size": [5, 1]},
								"east": {"uv": [48, 22], "uv_size": [8, 1]},
								"south": {"uv": [49, 25], "uv_size": [5, 1]},
								"west": {"uv": [48, 33], "uv_size": [8, 1]},
								"up": {"uv": [28, 24], "uv_size": [5, 8]},
								"down": {"uv": [8, 37], "uv_size": [5, -8]}
							}
						},
						{
							"origin": [-10.5, 12, -12.5],
							"size": [5.625, 0, 9],
							"uv": {
								"north": {"uv": [0, 0], "uv_size": [5.5, 0]},
								"east": {"uv": [0, 0], "uv_size": [9, 0]},
								"south": {"uv": [0, 0], "uv_size": [5.5, 0]},
								"west": {"uv": [0, 0], "uv_size": [9, 0]},
								"up": {"uv": [8, 20], "uv_size": [5.5, 9]},
								"down": {"uv": [24, 9], "uv_size": [5.5, -9]}
							}
						}
					]
				},
				{
					"name": "grimorio2",
					"parent": "body",
					"pivot": [-5, 12.5, -8],
					"rotation": [0, 0, -15],
					"cubes": [
						{
							"origin": [-5, 12, -12],
							"size": [5, 1, 8],
							"uv": {
								"north": {"uv": [49, 26], "uv_size": [5, 1]},
								"east": {"uv": [49, 23], "uv_size": [8, 1]},
								"south": {"uv": [33, 49], "uv_size": [5, 1]},
								"west": {"uv": [49, 24], "uv_size": [8, 1]},
								"up": {"uv": [30, 0], "uv_size": [5, 8]},
								"down": {"uv": [30, 16], "uv_size": [5, -8]}
							}
						},
						{
							"origin": [-5.125, 12, -12.5],
							"size": [5.625, 0, 9],
							"uv": {
								"north": {"uv": [0, 0], "uv_size": [5.5, 0]},
								"east": {"uv": [0, 0], "uv_size": [9, 0]},
								"south": {"uv": [0, 0], "uv_size": [5.5, 0]},
								"west": {"uv": [0, 0], "uv_size": [9, 0]},
								"up": {"uv": [24, 9], "uv_size": [5.5, 9]},
								"down": {"uv": [14, 33], "uv_size": [5.5, -9]}
							}
						}
					]
				},
				{
					"name": "rightLeg",
					"parent": "root",
					"pivot": [-2, 12, 0],
					"cubes": [
						{
							"origin": [-4, 6, -2],
							"size": [4, 6, 4],
							"uv": {
								"north": {"uv": [39, 0], "uv_size": [4, 6]},
								"east": {"uv": [39, 6], "uv_size": [4, 6]},
								"south": {"uv": [12, 39], "uv_size": [4, 6]},
								"west": {"uv": [39, 12], "uv_size": [4, 6]},
								"up": {"uv": [0, 46], "uv_size": [4, 4]},
								"down": {"uv": [4, 50], "uv_size": [4, -4]}
							}
						}
					]
				},
				{
					"name": "rightForeLeg",
					"parent": "rightLeg",
					"pivot": [-2, 6, 0],
					"cubes": [
						{
							"origin": [-4, 0, -2],
							"size": [4, 6, 4],
							"uv": {
								"north": {"uv": [0, 40], "uv_size": [4, 6]},
								"east": {"uv": [4, 40], "uv_size": [4, 6]},
								"south": {"uv": [40, 18], "uv_size": [4, 6]},
								"west": {"uv": [40, 30], "uv_size": [4, 6]},
								"up": {"uv": [45, 46], "uv_size": [4, 4]},
								"down": {"uv": [40, 51], "uv_size": [4, -4]}
							}
						},
						{
							"origin": [-4.5, 3.5, -2.5],
							"size": [4.5, 2, 5],
							"uv": {
								"north": {"uv": [23, 48], "uv_size": [4.5, 2]},
								"east": {"uv": [30, 16], "uv_size": [5, 2]},
								"south": {"uv": [28, 48], "uv_size": [4.5, 2]},
								"west": {"uv": [33, 30], "uv_size": [5, 2]},
								"up": {"uv": [40, 42], "uv_size": [4.5, 5]},
								"down": {"uv": [43, 5], "uv_size": [4.5, -5]}
							}
						}
					]
				},
				{
					"name": "leftLeg",
					"parent": "root",
					"pivot": [2, 12, 0],
					"cubes": [
						{
							"origin": [0, 6, -2],
							"size": [4, 6, 4],
							"uv": {
								"north": {"uv": [41, 24], "uv_size": [4, 6]},
								"east": {"uv": [41, 36], "uv_size": [4, 6]},
								"south": {"uv": [16, 42], "uv_size": [4, 6]},
								"west": {"uv": [20, 42], "uv_size": [4, 6]},
								"up": {"uv": [48, 0], "uv_size": [4, 4]},
								"down": {"uv": [48, 8], "uv_size": [4, -4]}
							}
						}
					]
				},
				{
					"name": "leftForeLeg",
					"parent": "leftLeg",
					"pivot": [2, 6, 0],
					"cubes": [
						{
							"origin": [0, 0, -2],
							"size": [4, 6, 4],
							"uv": {
								"north": {"uv": [24, 42], "uv_size": [4, 6]},
								"east": {"uv": [28, 42], "uv_size": [4, 6]},
								"south": {"uv": [32, 42], "uv_size": [4, 6]},
								"west": {"uv": [36, 42], "uv_size": [4, 6]},
								"up": {"uv": [48, 8], "uv_size": [4, 4]},
								"down": {"uv": [48, 16], "uv_size": [4, -4]}
							}
						},
						{
							"origin": [0, 3.5, -2.5],
							"size": [4.5, 2, 5],
							"uv": {
								"north": {"uv": [48, 29], "uv_size": [4.5, 2]},
								"east": {"uv": [45, 27], "uv_size": [5, 2]},
								"south": {"uv": [48, 31], "uv_size": [4.5, 2]},
								"west": {"uv": [18, 48], "uv_size": [5, 2]},
								"up": {"uv": [43, 5], "uv_size": [4.5, 5]},
								"down": {"uv": [43, 15], "uv_size": [4.5, -5]}
							}
						}
					]
				}
			]
		}
	]
}