{
  "format_version": "1.16.100",
  "minecraft:item": {
    "description": {
      "identifier": "mello:hyuuga",
      "category": "items"
    },
    "components": {
      "minecraft:icon": {
        "texture": "hyuuga"
      },
        "minecraft:display_name": {
        "value": "Hyuuga"
      },
      "minecraft:use_duration": 9999,
      "minecraft:max_stack_size": 1,
      "minecraft:hand_equipped": false,
      "minecraft:cooldown": {
        "category": "hyuuga",
         "duration": 45
      },    
      "minecraft:on_use": {
        "on_use": {
          "event": "mello",
          "target": "self"
       }
      },
        "minecraft:food": {
        "can_always_eat": true
       }
      },
      "events": {
      "mello": {
        "run_command": {
            "command": [
              "tag @s add hyuuga",
              "replaceitem entity @s slot.weapon.mainhand 0 mello:hyuuga_despertar 1 0 {\"item_lock\":{\"mode\":\"lock_in_inventory\"},\"keep_on_death\":{}}",
              "clear @s mello:uchiha"
            ]
          }
        }
      }
    }
  }