{
	"format_version": "1.17.100",
	"minecraft:npc_dialogue":
	{
		"scenes":
		[
			{
				"scene_tag": "menu",
				"npc_name": { "rawtext": [ {"text":"Characters"} ] },
				"text": { "rawtext": [ {"text":""} ] },
				"buttons": [
					{
						"name": { "rawtext": [ {"text":"\ue200"} ] },
						"commands": [
							"/scoreboard players set @p wait 1",
              "/execute as @p run function say_wait"
						]
					},
					{
						"name": { "rawtext": [ {"text":"\ue201"} ] },
						"commands": [
							"/scoreboard players set @p wait 2",
              "/execute as @p run function say_wait"
						]
					},
					{
						"name": { "rawtext": [ {"text":"\ue202"} ] },
						"commands": [
							"/scoreboard players set @p wait 3",
              "/execute as @p run function say_wait"
						]
					},
					{
						"name": { "rawtext": [ {"text":"\ue203"} ] },
						"commands": [
							"/scoreboard players set @p wait 4",
              "/execute as @p run function say_wait"
						]
					},
					{
						"name": { "rawtext": [ {"text":"\ue204"} ] },
						"commands": [
							"/scoreboard players set @p wait 5",
              "/execute as @p run function say_wait"
						]
					},
					{
						"name": { "rawtext": [ {"text":"§l>"} ] },
						"commands": [
							"/dialogue open @s @p menu2"
						]
					}
				]
			},
			{
				"scene_tag": "menu2",
				"npc_name": { "rawtext": [ {"text":"Characters"} ] },
				"text": { "rawtext": [ {"text":""} ] },
				"buttons": [
					{
						"name": { "rawtext": [ {"text":"\ue205"} ] },
						"commands": [
							"/scoreboard players set @p wait 6",
              "/execute as @p run function say_wait"
						]
					},
					{
						"name": { "rawtext": [ {"text":"\ue220"} ] },
						"commands": [
							"/scoreboard players set @p wait 7",
              "/execute as @p run function say_wait"
						]
					},
					{
						"name": { "rawtext": [ {"text":"\ue221"} ] },
						"commands": [
							"/scoreboard players set @p wait 8",
              "/execute as @p run function say_wait"
						]
					},
					{
						"name": { "rawtext": [ {"text":"\ue210"} ] },
						"commands": [
							"/scoreboard players random @p wait 1 8",
              "/execute as @p run function say_wait"
						]
					},
					{
						"name": { "rawtext": [ {"text":"§l§cBosses"} ] },
						"commands": [
							"/dialogue open @s @p menuboss"
						]
					}
				]
			},
			{
				"scene_tag": "menuboss",
				"npc_name": { "rawtext": [ {"text":"Bosses"} ] },
				"text": { "rawtext": [ {"text":""} ] },
				"buttons": [
					{
						"name": { "rawtext": [ {"text":"\ue206"} ] },
						"commands": [
							"/scoreboard players set @p[tag=boss_madara] boss_wait 1",
              "/execute as @p[tag=boss_madara] run function say_wait",
              "/execute as @p[tag=!boss_madara] run function say_lock"
						]
					},
					{
						"name": { "rawtext": [ {"text":"\ue207"} ] },
						"commands": [
							"/scoreboard players set @p[tag=boss_bills] boss_wait 2",
              "/execute as @p[tag=boss_bills] run function say_wait",
              "/execute as @p[tag=!boss_bills] run function say_lock"
						]
					},
					{
						"name": { "rawtext": [ {"text":"\ue208"} ] },
						"commands": [
							"/scoreboard players set @p[tag=boss_shanks] boss_wait 3",
              "/execute as @p[tag=boss_shanks] run function say_wait",
              "/execute as @p[tag=!boss_shanks] run function say_lock"
						]
					},
					{
						"name": { "rawtext": [ {"text":"\ue222"} ] },
						"commands": [

              "/execute as @p run function say_wip"
						]
					}
				]
			}
		]
	}
}