{
	"format_version": "1.12.0",
	"minecraft:geometry": [
		{
			"description": {
				"identifier": "geometry.size_entity",
				"texture_width": 32,
				"texture_height": 32,
				"visible_bounds_width": 3,
				"visible_bounds_height": 2.5,
				"visible_bounds_offset": [0, 0.75, 0]
			},
			"bones": [
				{
					"name": "body",
					"pivot": [0, 0, 0]
				},
				{
					"name": "arrow",
					"parent": "body",
					"pivot": [0, 0, 0],
					"cubes": [
						{
							"origin": [4.83883, -7.13173, -0.5],
							"size": [1, 1, 1],
							"pivot": [0, 0, 0],
							"rotation": [90, -45, -90],
							"uv": {
								"north": {"uv": [8, 28], "uv_size": [-2, 2]},
								"east": {"uv": [6, 28], "uv_size": [2, 2]},
								"south": {"uv": [6, 28], "uv_size": [2, 2]},
								"west": {"uv": [6, 28], "uv_size": [2, 2]},
								"up": {"uv": [8, 30], "uv_size": [-2, -2]},
								"down": {"uv": [8, 30], "uv_size": [-2, -2]}
							}
						},
						{
							"origin": [3.83883, -6.13173, -0.5],
							"size": [2, 1, 1],
							"pivot": [0, 0, 0],
							"rotation": [90, -45, -90],
							"uv": {
								"north": {"uv": [10, 26], "uv_size": [-4, 2]},
								"east": {"uv": [8, 26], "uv_size": [2, 2]},
								"south": {"uv": [6, 26], "uv_size": [4, 2]},
								"west": {"uv": [6, 26], "uv_size": [2, 2]},
								"up": {"uv": [10, 28], "uv_size": [-4, -2]},
								"down": {"uv": [10, 28], "uv_size": [-4, -2]}
							}
						},
						{
							"origin": [5.83883, -6.13173, -0.5],
							"size": [1, 2, 1],
							"pivot": [0, 0, 0],
							"rotation": [90, -45, -90],
							"uv": {
								"north": {"uv": [6, 24], "uv_size": [-2, 4]},
								"east": {"uv": [4, 24], "uv_size": [2, 4]},
								"south": {"uv": [4, 24], "uv_size": [2, 4]},
								"west": {"uv": [4, 24], "uv_size": [2, 4]},
								"up": {"uv": [6, 26], "uv_size": [-2, -2]},
								"down": {"uv": [6, 28], "uv_size": [-2, -2]}
							}
						},
						{
							"origin": [2.83883, -5.13173, -0.5],
							"size": [3, 2, 1],
							"pivot": [0, 0, 0],
							"rotation": [90, -45, -90],
							"uv": {
								"north": {"uv": [12, 22], "uv_size": [-6, 4]},
								"east": {"uv": [10, 22], "uv_size": [2, 4]},
								"south": {"uv": [6, 22], "uv_size": [6, 4]},
								"west": {"uv": [6, 22], "uv_size": [2, 4]},
								"up": {"uv": [12, 24], "uv_size": [-6, -2]},
								"down": {"uv": [12, 26], "uv_size": [-6, -2]}
							}
						},
						{
							"origin": [1.83883, -3.13173, -0.5],
							"size": [2, 1, 1],
							"pivot": [0, 0, 0],
							"rotation": [90, -45, -90],
							"uv": {
								"north": {"uv": [14, 20], "uv_size": [-4, 2]},
								"east": {"uv": [12, 20], "uv_size": [2, 2]},
								"south": {"uv": [10, 20], "uv_size": [4, 2]},
								"west": {"uv": [10, 20], "uv_size": [2, 2]},
								"up": {"uv": [14, 22], "uv_size": [-4, -2]},
								"down": {"uv": [14, 22], "uv_size": [-4, -2]}
							}
						},
						{
							"origin": [0.83883, -2.13173, -0.5],
							"size": [2, 1, 1],
							"pivot": [0, 0, 0],
							"rotation": [90, -45, -90],
							"uv": {
								"north": {"uv": [16, 18], "uv_size": [-4, 2]},
								"east": {"uv": [14, 18], "uv_size": [2, 2]},
								"south": {"uv": [12, 18], "uv_size": [4, 2]},
								"west": {"uv": [12, 18], "uv_size": [2, 2]},
								"up": {"uv": [16, 20], "uv_size": [-4, -2]},
								"down": {"uv": [16, 20], "uv_size": [-4, -2]}
							}
						},
						{
							"origin": [-0.16117, -1.13173, -0.5],
							"size": [2, 1, 1],
							"pivot": [0, 0, 0],
							"rotation": [90, -45, -90],
							"uv": {
								"north": {"uv": [18, 16], "uv_size": [-4, 2]},
								"east": {"uv": [16, 16], "uv_size": [2, 2]},
								"south": {"uv": [14, 16], "uv_size": [4, 2]},
								"west": {"uv": [14, 16], "uv_size": [2, 2]},
								"up": {"uv": [18, 18], "uv_size": [-4, -2]},
								"down": {"uv": [18, 18], "uv_size": [-4, -2]}
							}
						},
						{
							"origin": [-1.16117, -0.13173, -0.5],
							"size": [2, 1, 1],
							"pivot": [0, 0, 0],
							"rotation": [90, -45, -90],
							"uv": {
								"north": {"uv": [20, 14], "uv_size": [-4, 2]},
								"east": {"uv": [18, 14], "uv_size": [2, 2]},
								"south": {"uv": [16, 14], "uv_size": [4, 2]},
								"west": {"uv": [16, 14], "uv_size": [2, 2]},
								"up": {"uv": [20, 16], "uv_size": [-4, -2]},
								"down": {"uv": [20, 16], "uv_size": [-4, -2]}
							}
						},
						{
							"origin": [-4.16117, 0.86827, -0.5],
							"size": [1, 1, 1],
							"pivot": [0, 0, 0],
							"rotation": [90, -45, -90],
							"uv": {
								"north": {"uv": [26, 12], "uv_size": [-2, 2]},
								"east": {"uv": [24, 12], "uv_size": [2, 2]},
								"south": {"uv": [24, 12], "uv_size": [2, 2]},
								"west": {"uv": [24, 12], "uv_size": [2, 2]},
								"up": {"uv": [26, 14], "uv_size": [-2, -2]},
								"down": {"uv": [26, 14], "uv_size": [-2, -2]}
							}
						},
						{
							"origin": [-2.16117, 0.86827, -0.5],
							"size": [2, 1, 1],
							"pivot": [0, 0, 0],
							"rotation": [90, -45, -90],
							"uv": {
								"north": {"uv": [22, 12], "uv_size": [-4, 2]},
								"east": {"uv": [20, 12], "uv_size": [2, 2]},
								"south": {"uv": [18, 12], "uv_size": [4, 2]},
								"west": {"uv": [18, 12], "uv_size": [2, 2]},
								"up": {"uv": [22, 14], "uv_size": [-4, -2]},
								"down": {"uv": [22, 14], "uv_size": [-4, -2]}
							}
						},
						{
							"origin": [-5.16117, 1.86827, -0.5],
							"size": [2, 2, 1],
							"pivot": [0, 0, 0],
							"rotation": [90, -45, -90],
							"uv": {
								"north": {"uv": [28, 8], "uv_size": [-4, 4]},
								"east": {"uv": [26, 8], "uv_size": [2, 4]},
								"south": {"uv": [24, 8], "uv_size": [4, 4]},
								"west": {"uv": [24, 8], "uv_size": [2, 4]},
								"up": {"uv": [28, 10], "uv_size": [-4, -2]},
								"down": {"uv": [28, 12], "uv_size": [-4, -2]}
							}
						},
						{
							"origin": [-3.16117, 1.86827, -0.5],
							"size": [2, 3, 1],
							"pivot": [0, 0, 0],
							"rotation": [90, -45, -90],
							"uv": {
								"north": {"uv": [24, 6], "uv_size": [-4, 6]},
								"east": {"uv": [22, 6], "uv_size": [2, 6]},
								"south": {"uv": [20, 6], "uv_size": [4, 6]},
								"west": {"uv": [20, 6], "uv_size": [2, 6]},
								"up": {"uv": [24, 8], "uv_size": [-4, -2]},
								"down": {"uv": [24, 12], "uv_size": [-4, -2]}
							}
						},
						{
							"origin": [-6.16117, 3.86827, -0.5],
							"size": [3, 2, 1],
							"pivot": [0, 0, 0],
							"rotation": [90, -45, -90],
							"uv": {
								"north": {"uv": [30, 4], "uv_size": [-6, 4]},
								"east": {"uv": [28, 4], "uv_size": [2, 4]},
								"south": {"uv": [24, 4], "uv_size": [6, 4]},
								"west": {"uv": [24, 4], "uv_size": [2, 4]},
								"up": {"uv": [30, 6], "uv_size": [-6, -2]},
								"down": {"uv": [30, 8], "uv_size": [-6, -2]}
							}
						}
					]
				},
				{
					"name": "grass",
					"parent": "body",
					"pivot": [0, 0, 0],
					"cubes": [
						{
							"origin": [-8, -8, -8],
							"size": [16, 16, 16],
							"uv": {
								"north": {"uv": [0, 16], "uv_size": [16, 16]},
								"east": {"uv": [0, 16], "uv_size": [16, 16]},
								"south": {"uv": [0, 16], "uv_size": [16, 16]},
								"west": {"uv": [0, 16], "uv_size": [16, 16]},
								"up": {"uv": [0, 0], "uv_size": [16, 16]},
								"down": {"uv": [16, 16], "uv_size": [16, -16]}
							}
						}
					]
				},
				{
					"name": "stone",
					"parent": "body",
					"pivot": [0, 0, 0],
					"cubes": [
						{
							"origin": [-8, -8, -8],
							"size": [16, 16, 16],
							"uv": {
								"north": {"uv": [16, 16], "uv_size": [16, 16]},
								"east": {"uv": [16, 16], "uv_size": [16, 16]},
								"south": {"uv": [16, 16], "uv_size": [16, 16]},
								"west": {"uv": [16, 16], "uv_size": [16, 16]},
								"up": {"uv": [16, 16], "uv_size": [16, 16]},
								"down": {"uv": [16, 32], "uv_size": [16, -16]}
							}
						}
					]
				},
				{
					"name": "sword",
					"parent": "body",
					"pivot": [0, 0, 0],
					"cubes": [
						{
							"origin": [-1.5, 0, 11.5],
							"size": [2, 3, 1],
							"pivot": [0.5, 0, 11.5],
							"rotation": [90, -45, -90],
							"uv": {
								"north": {"uv": [4, 26], "uv_size": [-4, 6]},
								"east": {"uv": [2, 26], "uv_size": [2, 6]},
								"south": {"uv": [0, 26], "uv_size": [4, 6]},
								"west": {"uv": [0, 26], "uv_size": [2, 6]},
								"up": {"uv": [4, 28], "uv_size": [-4, -2]},
								"down": {"uv": [4, 32], "uv_size": [-4, -2]}
							}
						},
						{
							"origin": [-9.5, 2, 11.5],
							"size": [1, 2, 1],
							"pivot": [0.5, 0, 11.5],
							"rotation": [90, -45, -90],
							"uv": {
								"north": {"uv": [20, 24], "uv_size": [-2, 4]},
								"east": {"uv": [18, 24], "uv_size": [2, 4]},
								"south": {"uv": [18, 24], "uv_size": [2, 4]},
								"west": {"uv": [18, 24], "uv_size": [2, 4]},
								"up": {"uv": [20, 26], "uv_size": [-2, -2]},
								"down": {"uv": [20, 28], "uv_size": [-2, -2]}
							}
						},
						{
							"origin": [-2.5, 0, 11.5],
							"size": [1, 4, 1],
							"pivot": [0.5, 0, 11.5],
							"rotation": [90, -45, -90],
							"uv": {
								"north": {"uv": [6, 24], "uv_size": [-2, 8]},
								"east": {"uv": [4, 24], "uv_size": [2, 8]},
								"south": {"uv": [4, 24], "uv_size": [2, 8]},
								"west": {"uv": [4, 24], "uv_size": [2, 8]},
								"up": {"uv": [6, 26], "uv_size": [-2, -2]},
								"down": {"uv": [6, 32], "uv_size": [-2, -2]}
							}
						},
						{
							"origin": [-8.5, 2, 11.5],
							"size": [1, 3, 1],
							"pivot": [0.5, 0, 11.5],
							"rotation": [90, -45, -90],
							"uv": {
								"north": {"uv": [18, 22], "uv_size": [-2, 6]},
								"east": {"uv": [16, 22], "uv_size": [2, 6]},
								"south": {"uv": [16, 22], "uv_size": [2, 6]},
								"west": {"uv": [16, 22], "uv_size": [2, 6]},
								"up": {"uv": [18, 24], "uv_size": [-2, -2]},
								"down": {"uv": [18, 28], "uv_size": [-2, -2]}
							}
						},
						{
							"origin": [-3.5, 2, 11.5],
							"size": [1, 3, 1],
							"pivot": [0.5, 0, 11.5],
							"rotation": [90, -45, -90],
							"uv": {
								"north": {"uv": [8, 22], "uv_size": [-2, 6]},
								"east": {"uv": [6, 22], "uv_size": [2, 6]},
								"south": {"uv": [6, 22], "uv_size": [2, 6]},
								"west": {"uv": [6, 22], "uv_size": [2, 6]},
								"up": {"uv": [8, 24], "uv_size": [-2, -2]},
								"down": {"uv": [8, 28], "uv_size": [-2, -2]}
							}
						},
						{
							"origin": [-5.5, 4, 11.5],
							"size": [1, 4, 1],
							"pivot": [0.5, 0, 11.5],
							"rotation": [90, -45, -90],
							"uv": {
								"north": {"uv": [12, 16], "uv_size": [-2, 8]},
								"east": {"uv": [10, 16], "uv_size": [2, 8]},
								"south": {"uv": [10, 16], "uv_size": [2, 8]},
								"west": {"uv": [10, 16], "uv_size": [2, 8]},
								"up": {"uv": [12, 18], "uv_size": [-2, -2]},
								"down": {"uv": [12, 24], "uv_size": [-2, -2]}
							}
						},
						{
							"origin": [-3.5, 6, 11.5],
							"size": [1, 2, 1],
							"pivot": [0.5, 0, 11.5],
							"rotation": [90, -45, -90],
							"uv": {
								"north": {"uv": [8, 16], "uv_size": [-2, 4]},
								"east": {"uv": [6, 16], "uv_size": [2, 4]},
								"south": {"uv": [6, 16], "uv_size": [2, 4]},
								"west": {"uv": [6, 16], "uv_size": [2, 4]},
								"up": {"uv": [8, 18], "uv_size": [-2, -2]},
								"down": {"uv": [8, 20], "uv_size": [-2, -2]}
							}
						},
						{
							"origin": [-6.5, 3, 11.5],
							"size": [1, 6, 1],
							"pivot": [0.5, 0, 11.5],
							"rotation": [90, -45, -90],
							"uv": {
								"north": {"uv": [14, 14], "uv_size": [-2, 12]},
								"east": {"uv": [12, 14], "uv_size": [2, 12]},
								"south": {"uv": [12, 14], "uv_size": [2, 12]},
								"west": {"uv": [12, 14], "uv_size": [2, 12]},
								"up": {"uv": [14, 16], "uv_size": [-2, -2]},
								"down": {"uv": [14, 26], "uv_size": [-2, -2]}
							}
						},
						{
							"origin": [-4.5, 3, 11.5],
							"size": [1, 6, 1],
							"pivot": [0.5, 0, 11.5],
							"rotation": [90, -45, -90],
							"uv": {
								"north": {"uv": [10, 14], "uv_size": [-2, 12]},
								"east": {"uv": [8, 14], "uv_size": [2, 12]},
								"south": {"uv": [8, 14], "uv_size": [2, 12]},
								"west": {"uv": [8, 14], "uv_size": [2, 12]},
								"up": {"uv": [10, 16], "uv_size": [-2, -2]},
								"down": {"uv": [10, 26], "uv_size": [-2, -2]}
							}
						},
						{
							"origin": [-7.5, 3, 11.5],
							"size": [1, 7, 1],
							"pivot": [0.5, 0, 11.5],
							"rotation": [90, -45, -90],
							"uv": {
								"north": {"uv": [16, 12], "uv_size": [-2, 14]},
								"east": {"uv": [14, 12], "uv_size": [2, 14]},
								"south": {"uv": [14, 12], "uv_size": [2, 14]},
								"west": {"uv": [14, 12], "uv_size": [2, 14]},
								"up": {"uv": [16, 14], "uv_size": [-2, -2]},
								"down": {"uv": [16, 26], "uv_size": [-2, -2]}
							}
						},
						{
							"origin": [-3.5, 8, 11.5],
							"size": [2, 2, 1],
							"pivot": [0.5, 0, 11.5],
							"rotation": [90, -45, -90],
							"uv": {
								"north": {"uv": [8, 12], "uv_size": [-4, 4]},
								"east": {"uv": [6, 12], "uv_size": [2, 4]},
								"south": {"uv": [4, 12], "uv_size": [4, 4]},
								"west": {"uv": [4, 12], "uv_size": [2, 4]},
								"up": {"uv": [8, 14], "uv_size": [-4, -2]},
								"down": {"uv": [8, 16], "uv_size": [-4, -2]}
							}
						},
						{
							"origin": [-8.5, 6, 11.5],
							"size": [1, 5, 1],
							"pivot": [0.5, 0, 11.5],
							"rotation": [90, -45, -90],
							"uv": {
								"north": {"uv": [18, 10], "uv_size": [-2, 10]},
								"east": {"uv": [16, 10], "uv_size": [2, 10]},
								"south": {"uv": [16, 10], "uv_size": [2, 10]},
								"west": {"uv": [16, 10], "uv_size": [2, 10]},
								"up": {"uv": [18, 12], "uv_size": [-2, -2]},
								"down": {"uv": [18, 20], "uv_size": [-2, -2]}
							}
						},
						{
							"origin": [-13.5, 11, 11.5],
							"size": [1, 1, 1],
							"pivot": [0.5, 0, 11.5],
							"rotation": [90, -45, -90],
							"uv": {
								"north": {"uv": [28, 8], "uv_size": [-2, 2]},
								"east": {"uv": [26, 8], "uv_size": [2, 2]},
								"south": {"uv": [26, 8], "uv_size": [2, 2]},
								"west": {"uv": [26, 8], "uv_size": [2, 2]},
								"up": {"uv": [28, 10], "uv_size": [-2, -2]},
								"down": {"uv": [28, 10], "uv_size": [-2, -2]}
							}
						},
						{
							"origin": [-9.5, 7, 11.5],
							"size": [1, 5, 1],
							"pivot": [0.5, 0, 11.5],
							"rotation": [90, -45, -90],
							"uv": {
								"north": {"uv": [20, 8], "uv_size": [-2, 10]},
								"east": {"uv": [18, 8], "uv_size": [2, 10]},
								"south": {"uv": [18, 8], "uv_size": [2, 10]},
								"west": {"uv": [18, 8], "uv_size": [2, 10]},
								"up": {"uv": [20, 10], "uv_size": [-2, -2]},
								"down": {"uv": [20, 18], "uv_size": [-2, -2]}
							}
						},
						{
							"origin": [-14.5, 12, 11.5],
							"size": [2, 1, 1],
							"pivot": [0.5, 0, 11.5],
							"rotation": [90, -45, -90],
							"uv": {
								"north": {"uv": [30, 6], "uv_size": [-4, 2]},
								"east": {"uv": [28, 6], "uv_size": [2, 2]},
								"south": {"uv": [26, 6], "uv_size": [4, 2]},
								"west": {"uv": [26, 6], "uv_size": [2, 2]},
								"up": {"uv": [30, 8], "uv_size": [-4, -2]},
								"down": {"uv": [30, 8], "uv_size": [-4, -2]}
							}
						},
						{
							"origin": [-10.5, 8, 11.5],
							"size": [1, 5, 1],
							"pivot": [0.5, 0, 11.5],
							"rotation": [90, -45, -90],
							"uv": {
								"north": {"uv": [22, 6], "uv_size": [-2, 10]},
								"east": {"uv": [20, 6], "uv_size": [2, 10]},
								"south": {"uv": [20, 6], "uv_size": [2, 10]},
								"west": {"uv": [20, 6], "uv_size": [2, 10]},
								"up": {"uv": [22, 8], "uv_size": [-2, -2]},
								"down": {"uv": [22, 16], "uv_size": [-2, -2]}
							}
						},
						{
							"origin": [-11.5, 9, 11.5],
							"size": [1, 5, 1],
							"pivot": [0.5, 0, 11.5],
							"rotation": [90, -45, -90],
							"uv": {
								"north": {"uv": [24, 4], "uv_size": [-2, 10]},
								"east": {"uv": [22, 4], "uv_size": [2, 10]},
								"south": {"uv": [22, 4], "uv_size": [2, 10]},
								"west": {"uv": [22, 4], "uv_size": [2, 10]},
								"up": {"uv": [24, 6], "uv_size": [-2, -2]},
								"down": {"uv": [24, 14], "uv_size": [-2, -2]}
							}
						},
						{
							"origin": [-12.5, 10, 11.5],
							"size": [1, 5, 1],
							"pivot": [0.5, 0, 11.5],
							"rotation": [90, -45, -90],
							"uv": {
								"north": {"uv": [26, 2], "uv_size": [-2, 10]},
								"east": {"uv": [24, 2], "uv_size": [2, 10]},
								"south": {"uv": [24, 2], "uv_size": [2, 10]},
								"west": {"uv": [24, 2], "uv_size": [2, 10]},
								"up": {"uv": [26, 4], "uv_size": [-2, -2]},
								"down": {"uv": [26, 12], "uv_size": [-2, -2]}
							}
						},
						{
							"origin": [-15.5, 13, 11.5],
							"size": [3, 3, 1],
							"pivot": [0.5, 0, 11.5],
							"rotation": [90, -45, -90],
							"uv": {
								"north": {"uv": [32, 0], "uv_size": [-6, 6]},
								"east": {"uv": [30, 0], "uv_size": [2, 6]},
								"south": {"uv": [26, 0], "uv_size": [6, 6]},
								"west": {"uv": [26, 0], "uv_size": [2, 6]},
								"up": {"uv": [32, 2], "uv_size": [-6, -2]},
								"down": {"uv": [32, 6], "uv_size": [-6, -2]}
							}
						}
					]
				}
			]
		}
	]
}