{
  "format_version" : "1.10.0",
  "animation_controllers" : {
    "controller.animation.addon" : {
      "initial_state" : "default",
      "states" : {
        "default" : {
          "animations" : [
            {
              "dark_shadow" : "query.variant == 1"
            },
            {
              "ragnarok_shadow" : "query.variant == 3"
            },
            {
              "fierce_wings.ground" : "!query.is_riding && query.is_item_name_any('slot.armor.head', 0, 'wesl3y:quirk_fierce_wings')"
            },
            {
              "ice_arms.attack" : "query.get_equipped_item_name=='quirk_ice' && query.property('wesl3y:skill') == 3"
            },
            {
              "ice_arms.default" : "query.ground_speed < 2 && query.get_equipped_item_name=='quirk_ice' && query.property('wesl3y:skill') == 3"
            },
            {
              "ice_arms.move" : "query.ground_speed > 2 && query.get_equipped_item_name=='quirk_ice' && query.property('wesl3y:skill') == 3"
            },
            {
              "muscle.all" : "query.variant == 6"
            },
            {
              "shoot_style" : "query.ground_speed > 2 && query.is_on_ground && query.variant > 10 && query.variant < 20"
            }
          ],
          "blend_transition": 0.1
        }
      }
    },
    "controller.animation.player.move" : {
      "initial_state" : "default",
      "states" : {
        "default" : {
          "transitions" : [
            {
              "walk": "(query.owner_identifier) == 'minecraft:player' && query.is_moving && !query.is_sprinting && query.is_on_ground && !query.is_sneaking"
            },
            {
              "sprint": "(query.owner_identifier) == 'minecraft:player' && query.is_sprinting && query.is_on_ground && !query.is_sneaking"
            },
            {
              "walk": "(query.owner_identifier) != 'minecraft:player' && query.is_moving && !query.has_target && query.is_on_ground && !query.is_sneaking"
            },
            {
              "sprint": "(query.owner_identifier) != 'minecraft:player' && query.is_moving && query.has_target && query.is_on_ground && !query.is_sneaking"
            },
            {
              "jump": "!query.is_on_ground"
            },
            {
              "stop": "!query.is_moving && query.is_on_ground && !query.is_sneaking || (query.get_equipped_item_name=='quirk_ice' && query.property('wesl3y:skill') == 3)"
            }
          ],
          "blend_transition": 0
        },
        "walk" : {
          "animations" : [
            {"move.arms":"!(query.is_item_name_any('slot.armor.chest','wesl3y:tsukuyomi_suit') && query.variant != 2)"},
            "move.legs"
          ],
          "transitions" : [
            {
              "jump": "!query.is_on_ground"
            },
            {
              "sprint": "(query.owner_identifier) == 'minecraft:player' && query.is_sprinting && query.is_on_ground"
            },
            {
              "sprint": "(query.owner_identifier) != 'minecraft:player' && query.has_target && query.is_on_ground"
            },
            {
              "stop": "!query.is_moving && query.is_on_ground || (query.get_equipped_item_name=='quirk_ice' && query.property('wesl3y:skill') == 3)"
            }
          ],
          "blend_transition": 0.2
        },
        "sprint" : {
          "animations" : [
            "sprint.arms",
            "sprint.legs"
          ],
          "transitions" : [
            {
              "jump": "!query.is_on_ground"
            },
            {
              "walk": "(query.owner_identifier) == 'minecraft:player' && query.is_moving && !query.is_sprinting && query.is_on_ground"
            },
            {
              "walk": "(query.owner_identifier) != 'minecraft:player' && query.is_moving && !query.has_target && query.is_on_ground"
            },
            {
              "stop": "!query.is_moving && query.is_on_ground || (query.get_equipped_item_name=='quirk_ice' && query.property('wesl3y:skill') == 3)"
            }
          ],
          "blend_transition": 0.2
        },
        "stop" : {
          "transitions" : [
            {
              "walk": "(query.owner_identifier) == 'minecraft:player' && query.is_moving && !query.is_sprinting && query.is_on_ground && !(query.get_equipped_item_name=='quirk_ice' && query.property('wesl3y:skill') == 3)"
            },
            {
              "sprint": "(query.owner_identifier) == 'minecraft:player' && query.is_sprinting && query.is_on_ground && !(query.get_equipped_item_name=='quirk_ice' && query.property('wesl3y:skill') == 3)"
            },
            {
              "walk": "(query.owner_identifier) != 'minecraft:player' && query.is_moving && !query.has_target && query.is_on_ground"
            },
            {
              "sprint": "(query.owner_identifier) != 'minecraft:player' && query.is_moving && query.has_target && query.is_on_ground"
            },
            {
              "jump": "!query.is_on_ground && !(query.get_equipped_item_name=='quirk_ice' && query.property('wesl3y:skill') == 3)"
            }
          ],
          "blend_transition": 0.3
        },
        "jump" : {
          "animations" : [
            "jump"
          ],
          "transitions" : [
            {
              "walk": "(query.owner_identifier) == 'minecraft:player' && query.is_moving && !query.is_sprinting && query.is_on_ground"
            },
            {
              "sprint": "(query.owner_identifier) == 'minecraft:player' && query.is_sprinting && query.is_on_ground"
            },
            {
              "walk": "(query.owner_identifier) != 'minecraft:player' && query.is_moving && !query.has_target && query.is_on_ground"
            },
            {
              "sprint": "(query.owner_identifier) != 'minecraft:player' && query.has_target && query.is_on_ground"
            },
            {
              "stop": "!query.is_moving && query.is_on_ground || (query.get_equipped_item_name=='quirk_ice' && query.property('wesl3y:skill') == 3)"
            }
          ],
          "blend_transition": 0.2
        }
      }
    },
    "controller.animation.fly_controller" : {
      "initial_state" : "default",
      "states" : {
        "default" : {
          "animations" : [
            "float",
            {"explosive_speed":"query.is_riding && (query.get_ride -> query.owner_identifier) == 'wesl3y:explosive_speed_ride'"},
            {"fierce_wings.default":"query.is_riding && (query.get_ride -> query.owner_identifier) == 'wesl3y:fierce_wings_ride'"},
            {"hell_flame_wings.default":"query.is_riding && (query.get_ride -> query.owner_identifier) == 'wesl3y:hell_flame_wings_ride'"}
          ],
          "transitions" : [
            {
              "fly_speed": "query.ground_speed > 5"
            }
          ],
          "blend_transition": 0.4
        },
        "fly_speed" : {
          "animations" : [
            {"float_speed":"query.is_riding && (query.get_ride -> query.owner_identifier) != 'wesl3y:explosive_speed_ride'"},
            {"explosive_speed2":"query.is_riding && (query.get_ride -> query.owner_identifier) == 'wesl3y:explosive_speed_ride'"},
            {"fierce_wings.fly":"query.is_riding && (query.get_ride -> query.owner_identifier) == 'wesl3y:fierce_wings_ride'"},
            {"hell_flame_wings.fly":"query.is_riding && (query.get_ride -> query.owner_identifier) == 'wesl3y:hell_flame_wings_ride'"}
          ],
          "transitions" : [
            {
              "default": "query.ground_speed < 5"
            }
          ],
          "blend_transition": 0.4
        }
      }
    }
  }
}