{
  "format_version": "1.10.0",
  "render_controllers": {
    "controller.render.boku_no_hero": {
      "arrays": {
        "textures": {
          "Array.frame": [
            "Texture.default",
            "Texture.todoroki"
          ]
        },
        "geometries": {
          "Array.geo": [
            "Geometry.default",
            "Geometry.todoroki"
          ]
        }
      },
      "geometry": "Array.geo[query.property('wesl3y:characters')]",
      "materials": [ { "*": "Material.default" } ],
      "textures": [ "Array.frame[query.property('wesl3y:characters')]" ]
    },
    "controller.render.todoroki_projetil": {
      "geometry": "Geometry.default",
      "materials": [ { "*": "Material.default" } ],
      "textures": [ "Texture.default" ],
      "part_visibility": [
        { "*": "q.variant == 1" },
        { "spike": "q.variant == 2" }
      ]
    }
  }
}