{
  "format_version": "1.10.0",
  "render_controllers": {
    "controller.render.luffy_projetil": {
      "geometry": "Geometry.default",
      "materials": [ { "*": "Material.default" } ],
      "textures": [ "Texture.default" ],
      "part_visibility": [
        { "*": false },
        { "projetil": true }
      ]
    },
    "controller.render.hollow": {
      "arrays": {
        "textures": {
          "Array.frame": [
            "Texture.default",
            "Texture.default2"
          ]
        },
        "geometries": {
          "Array.frame2": [
            "Geometry.default",
            "Geometry.default2"
          ]
        }
      },
      "geometry": "Array.frame2[(q.mark_variant)]",
      "materials": [ { "*": "Material.default" } ],
      "textures": ["Array.frame[(q.mark_variant)]"]
    }
  }
}