{
  "format_version": "1.16.0",
  "minecraft:client_entity": {
    "description": {
      "identifier": "minecraft:player",
      "materials": {
        "default": "entity_alphatest",
        "charged": "charged_creeper",
        "cape": "entity_alphatest",
        "animated": "player_animated",
        "alphablend": "entity_alphablend",
        "brillant": "entity_emissive",
        "enderman": "enderman"
      },
      "textures": {
        "default": "textures/entity/steve",
        "cape": "textures/entity/cape_invisible",

        "black_whip": "textures/entity/lead_rope",
        "dark_shadow": "textures/models/dark_shadow",
        "ragnarok_shadow": "textures/models/ragnarok_shadow",
        "fierce_wings": "textures/models/fierce_wings",
        "feather_sword": "textures/models/feather_sword",
        "hell_flame1": "textures/models/hell_flame1",
        "hell_flame2": "textures/models/hell_flame2",
        "hell_flame3": "textures/models/hell_flame3",
        "hell_flame_wings": "textures/models/hell_flame_wings",
        "hell_flame_ignited_arrow": "textures/models/hell_flame_ignited_arrow",
        "ice": "textures/models/ice",
        "ice_arms": "textures/models/ice_arms",
        "muscle": "textures/models/muscle",
        "size_player": "textures/models/size_block",
        "size_player2": "textures/items/arrow",
        "size_player3": "textures/items/diamond_sword",
        "one_for_all": "textures/models/one_for_all",
        "rabbit": "textures/models/rabbit"
      },
      "geometry": {
        "default": "geometry.humanoid.custom",
        "cape": "geometry.cape",
        "player": "geometry.player",
        "player_model": "geometry.player_model",
        "black_whip_grab": "geometry.black_whip_grab",
        "dark_shadow": "geometry.dark_shadow",
        "black_ankh": "geometry.black_ankh",
        "ragnarok_shadow": "geometry.ragnarok_shadow",
        "fierce_wings": "geometry.fierce_wings",
        "feather_sword": "geometry.feather_sword",
        "hell_flame": "geometry.hell_flame",
        "hell_flame_wings": "geometry.hell_flame_wings",
        "hell_flame_ignited_arrow": "geometry.hell_flame_ignited_arrow",
        "ice": "geometry.ice",
        "ice_arms": "geometry.ice_arms",
        "muscle_body": "geometry.muscle_body",
        "muscle_all": "geometry.muscle_all",
        "size_player": "geometry.size_player",
        "one_for_all": "geometry.one_for_all",
        "rabbit": "geometry.rabbit_quirk"
      },
      "particle_effects": {
        "charge_jet_burncrem": "wesl3y:charge_jet_burncrem",
        "explosive_speed": "wesl3y:explosive_speed",
        "explosive_speed2": "wesl3y:explosive_speed2",
        "ap_machine_gun_charge": "wesl3y:ap_machine_gun_charge",
        "ap_machine_gun_charge2": "wesl3y:ap_machine_gun_charge2",
        "ap_machine_gun_shot": "wesl3y:ap_machine_gun_shot",
        "howitzer_impact": "wesl3y:howitzer_impact",
        "howitzer_impact2": "wesl3y:howitzer_impact2",
        "charge_jet_burn": "wesl3y:charge_jet_burn",
        "shoot_style": "wesl3y:shoot_style",
        "manchester_smash": "wesl3y:manchester_smash",
        "moonarc": "wesl3y:moonarc",
        "moonring": "wesl3y:moonring"
      },
      "scripts": {
        "scale": "1.0",
        "initialize": [
          "variable.is_holding_right = 0.0;", "variable.is_blinking = 0.0;", "variable.last_blink_time = 0.0;", "variable.hand_bob = 0.0;",
          "variable.ride = 0.0;"
        ],
        "pre_animation": [
          "variable.is_third_person = !variable.is_first_person && !variable.map_face_icon;", "variable.helmet_layer_visible = 1.0;", "variable.leg_layer_visible = 1.0;", "variable.boot_layer_visible = 1.0;", "variable.chest_layer_visible = 1.0;", "variable.attack_body_rot_y = Math.sin(360*Math.sqrt(variable.attack_time)) * 5.0;", "variable.tcos0 = (math.cos(query.modified_distance_moved * 38.17) * query.modified_move_speed / variable.gliding_speed_value) * 57.3;", "variable.first_person_rotation_factor = math.sin((1 - variable.attack_time) * 180.0);", "variable.hand_bob = query.life_time < 0.01 ? 0.0 : variable.hand_bob + ((query.is_on_ground && query.is_alive ? math.clamp(math.sqrt(math.pow(query.position_delta(0), 2.0) + math.pow(query.position_delta(2), 2.0)), 0.0, 0.1) : 0.0) - variable.hand_bob) * 0.02;", "variable.map_angle = math.clamp(1 - variable.player_x_rotation / 45.1, 0.0, 1.0);", "variable.item_use_normalized = query.main_hand_item_use_duration / query.main_hand_item_max_duration;",
          "variable.ride = query.is_riding && (query.get_ride -> query.owner_identifier) == 'wesl3y:black_angel_ride' || query.is_riding && (query.get_ride -> query.owner_identifier) == 'wesl3y:explosive_speed_ride' || query.is_riding && (query.get_ride -> query.owner_identifier) == 'wesl3y:fierce_wings_ride' || query.is_riding && (query.get_ride -> query.owner_identifier) == 'wesl3y:float_ride' || query.is_riding && (query.get_ride -> query.owner_identifier) == 'wesl3y:hell_flame_wings_ride';"
        ],
        "animate": [
          "root",
          "addon"
        ]
      },
      "animations": {
        "addon": "controller.animation.addon",
        "fly_controller": "controller.animation.fly_controller",

        "dark_shadow": "animation.dark_shadow.default",
        "ragnarok_shadow": "animation.ragnarok_shadow.default",

        "explosive_speed": "animation.explosive_speed",
        "explosive_speed2": "animation.explosive_speed2",
        
        "fierce_wings.default": "animation.fierce_wings.default",
        "fierce_wings.ground": "animation.fierce_wings.ground",
        "fierce_wings.fly": "animation.fierce_wings.fly",
        
        "float": "animation.float",
        "float_speed": "animation.float_speed",

        "hell_flame_wings.default": "animation.hell_flame.wings.default",
        "hell_flame_wings.fly": "animation.hell_flame.wings.fly",
        
        "ice_arms.attack": "animation.ice_arms.attack",
        "ice_arms.default": "animation.ice_arms.default",
        "ice_arms.move": "animation.ice_arms.move",
        "ice_arms.run": "animation.ice_arms.run",

        "muscle.all": "animation.muscle.all",

        "detroit_smash.loop": "animation.one_for_all.detroit_smash.loop",
        "shoot_style": "animation.one_for_all.shoot_style",

        "root": "controller.animation.player.root",
        "base_controller": "controller.animation.player.base",
        "hudplayer": "controller.animation.player.hudplayer",
        "humanoid_base_pose": "animation.humanoid.base_pose",
        "move_controller": "controller.animation.player.move",
        "look_at_target": "controller.animation.humanoid.look_at_target",
        "look_at_target_ui": "animation.player.look_at_target.ui",
        "look_at_target_default": "animation.humanoid.look_at_target.default",
        "look_at_target_gliding": "animation.humanoid.look_at_target.gliding",
        "look_at_target_swimming": "animation.humanoid.look_at_target.swimming",
        "look_at_target_inverted": "animation.player.look_at_target.inverted",
        "cape": "animation.player.cape",
        "jump": "animation.player.jump",
        "move.arms": "animation.player.move.arms",
        "move.legs": "animation.player.move.legs",
        "sprint.arms": "animation.player.sprint.arms",
        "sprint.legs": "animation.player.sprint.legs",
        "swimming": "animation.player.swim",
        "swimming.legs": "animation.player.swim.legs",
        "riding.arms": "animation.player.riding.arms",
        "riding.legs": "animation.player.riding.legs",
        "holding": "animation.player.holding",
        "brandish_spear": "animation.humanoid.brandish_spear",
        "charging": "animation.humanoid.charging",
        "attack.positions": "animation.player.attack.positions",
        "attack.rotations": "animation.player.attack.rotations",
        "sneaking": "animation.player.sneaking",
        "bob": "animation.player.bob",
        "damage_nearby_mobs": "animation.humanoid.damage_nearby_mobs",
        "bow_and_arrow": "animation.humanoid.bow_and_arrow",
        "fishing_rod": "animation.humanoid.fishing_rod",
        "use_item_progress": "animation.humanoid.use_item_progress",
        "skeleton_attack": "animation.skeleton.attack",
        "sleeping": "animation.player.sleeping",
        "first_person_base_pose": "animation.player.first_person.base_pose",
        "first_person_empty_hand": "animation.player.first_person.empty_hand",
        "first_person_swap_item": "animation.player.first_person.swap_item",
        "first_person_attack_controller": "controller.animation.player.first_person_attack",
        "first_person_attack_rotation": "animation.player.first_person.attack_rotation",
        "first_person_vr_attack_rotation": "animation.player.first_person.vr_attack_rotation",
        "first_person_walk": "animation.player.first_person.walk",
        "first_person_map_controller": "controller.animation.player.first_person_map",
        "first_person_map_hold": "animation.player.first_person.map_hold",
        "first_person_map_hold_attack": "animation.player.first_person.map_hold_attack",
        "first_person_map_hold_off_hand": "animation.player.first_person.map_hold_off_hand",
        "first_person_map_hold_main_hand": "animation.player.first_person.map_hold_main_hand",
        "first_person_crossbow_equipped": "animation.player.first_person.crossbow_equipped",
        "third_person_crossbow_equipped": "animation.player.crossbow_equipped",
        "third_person_bow_equipped": "animation.player.bow_equipped",
        "crossbow_hold": "animation.player.crossbow_hold",
        "crossbow_controller": "controller.animation.player.crossbow",
        "shield_block_main_hand": "animation.player.shield_block_main_hand",
        "shield_block_off_hand": "animation.player.shield_block_off_hand",
        "blink": "controller.animation.persona.blink"
      },
      "render_controllers": [
        {"controller.render.player.first_person": "variable.is_first_person"},
        {"controller.render.player.third_person": "!variable.is_first_person && !variable.map_face_icon"},
        {"controller.render.player_third_person": "!variable.is_first_person && !variable.map_face_icon"},
        {"controller.render.player.map": "variable.map_face_icon"},
        "controller.render.player",
        "controller.render.black_whip",
        {"controller.render.dark_shadow": "variable.is_third_person"},
        {"controller.render.dark_shadow.first_person": "!variable.is_third_person"},
        {"controller.render.fierce_wings": "variable.is_third_person"},
        "controller.render.feather_sword",
        "controller.render.halfhot",
        "controller.render.hell_flame",
        "controller.render.hell_flame_wings",
        "controller.render.hell_flame_ignited_arrow",
        "controller.render.ice",
        {"controller.render.ice_arms": "variable.is_third_person"},
        "controller.render.muscle",
        "controller.render.size_quirk",
        {"controller.render.one_for_all": "variable.is_third_person"},
        {"controller.render.one_for_all.first_person": "!variable.is_third_person"},
        {"controller.render.rabbit": "variable.is_third_person"}
      ],
      "enable_attachables": true
    }
  }
}