
{
	"format_version": "1.13.0",
	"minecraft:structure_template_feature": {
		"description": {
			"identifier": "minecraft:kirifuri_greentree_feature"
		},
		"structure_name": "mystructure:kirifuri_greentree",
		"adjustment_radius": 0,
		"facing_direction": "random",
		"constraints": {
			"grounded": {},
			"unburied": {},
			"block_intersection": {
				"block_whitelist": [
					{
						"name": "minecraft:air"
					},
					{
						"name": "minecraft:tallgrass"
					},
					{
						"name": "minecraft:double_plant"
					},
					{
						"name": "minecraft:leaves"
					},
					{
						"name": "minecraft:moss_block"
					}
				]
			}
		}
	}
}