
{
	"format_version": "1.13.0",
	"minecraft:structure_template_feature": {
		"description": {
			"identifier": "minecraft:yakushima_tuffrock_feature"
		},
		"structure_name": "mystructure:yakushima_tuffrock",
		"adjustment_radius": 0,
		"facing_direction": "random",
		"constraints": {
			"grounded": {},
			"unburied": {},
			"block_intersection": {
				"block_whitelist": [
					{
						"name": "minecraft:air"
					},
					{
						"name": "minecraft:hardened_clay"
					},
					{
						"name": "minecraft:packed_mud"
					},
					{
						"name": "minecraft:leaves"
					},
					{
						"name": "minecraft:dirt"
					}
				]
			}
		}
	}
}