{
  "format_version": "1.13.0",
  "minecraft:entity": {
    "description": {
      "identifier": "stk:quest1",
      "is_spawnable": true,
      "is_summonable": true,
      "is_experimental": false
    },
    
    "component_groups": {
      "despawn": {
        "minecraft:instant_despawn": {}
      }
    },
    
    "components": {
      "minecraft:type_family": {
        "family": ["ryp"]
      },
      "minecraft:collision_box": {
        "width": 0.6,
        "height": 1.8
      },
      "minecraft:health": {
        "value": 1,
        "max": 1
      },
      "minecraft:knockback_resistance": {
        "value": 1
      },
      "minecraft:damage_sensor": {
        "triggers": {
          "deals_damage": false
        }
      },
      "minecraft:interact": {
        "interactions": {
          "on_interact": {
            "filters": {
              "test": "has_tag",
              "subject": "other",
              "operator": "==",
              "value": "player"
            },
            "event": "on:interact",
            "target": "self"
          },
          "interact_text": "§eTalk"
        }

      },
      "minecraft:pushable": {
        "is_pushable": false,
        "is_pushable_by_piston": false
      },
      "minecraft:nameable": {
        "always_show": true
      },
      "minecraft:fire_immune": true,
      "minecraft:persistent": {},
      "minecraft:physics": {},
      "minecraft:conditional_bandwidth_optimization": {}
    },
    
    "events": {
      "on:interact": {
        "run_command": {
          "command": [
            "execute as @p[r=2] at @s run summon stk:qbb ~~~ facing @s stk:open"
          ],
          "target": "other"
        }
      },
      "on:despawn": {
        "add": {
          "component_groups": [
            "on:despawn"
          ]
        }
      }
    }
  }
}

















































































