{
  "format_version": "1.10.0",
  "minecraft:attachable": {
    "description": {
      "identifier": "wesl3y:murakumogiri",
      "materials": {
        "default": "entity_alphatest"
      },
      "textures": {
        "default": "textures/attachables/murakumogiri"
      },
      "geometry": {
        "default": "geometry.katana"
      },
      "scripts": {},
      "render_controllers": [ {"controller.render.katanas": "query.property('wesl3y:empty') == 0 && (query.property('wesl3y:mode') == 0 || query.property('wesl3y:mode') == 3 || query.property('wesl3y:mode') == 8 || query.property('wesl3y:mode') == 12 || query.property('wesl3y:mode') == 30 || query.property('wesl3y:mode') == 35 || query.property('wesl3y:mode') == 43)"} ]
    }
  }
}