{
  "format_version": "1.10.0",
  "minecraft:attachable": {
    "description": {
      "identifier": "wesl3y:yoru",
      "materials": {
        "default": "entity_alphatest",
        "enchanted": "armor_enchanted"
      },
      "textures": {
        "default": "textures/attachables/yoru",
        "default2": "textures/attachables/yoru2",
        "default3": "textures/attachables/yoru3",
        "default4": "textures/attachables/yoru4",
        "default5": "textures/attachables/yoru5",
        "default6": "textures/attachables/yoru6",
        "default7": "textures/attachables/yoru7",
        "enchanted": "textures/misc/enchanted_item_glint"
      },
      "geometry": {
        "default": "geometry.yoru"
      },
      "scripts": {},
      "render_controllers": [ {"controller.render.yoru": "query.property('wesl3y:empty') == 0 && (query.property('wesl3y:mode') == 0 || query.property('wesl3y:mode') == 3 || query.property('wesl3y:mode') == 8 || query.property('wesl3y:mode') == 12 || query.property('wesl3y:mode') == 30 || query.property('wesl3y:mode') == 35 || query.property('wesl3y:mode') == 43)"} ]
    }
  }
}