{
  "format_version": "1.17.10",
  "minecraft:item": {
    "description": {
      "identifier": "stk:kaminari",
      "category": "eqnt"
    },
    "components": {
      "minecraft:icon": {
        "texture": "kaminari"
      },
      "minecraft:display_name": {
        "value": "§bGomu Gomu no: Kaminari"
      },
      "minecraft:max_stack_size": 1,
      "minecraft:can_destroy_in_creative": false,
      "minecraft:use_duration": 99999,
      "minecraft:chargeable": {
        "movement_modifier": 0
      },
        "minecraft:cooldown": {
           "category": "kaminari",
            "duration": 15
         },
      "minecraft:render_offsets": {
        "main_hand": {
          "first_person": {
            "scale": [
              0,
              0,
              0
            ]
          },
          "third_person": {
            "scale": [
              0,
              0,
              0
            ]
          }
        },
        "off_hand": {
          "first_person": {
            "scale": [
              0,
              0,
              0
            ]
          },
          "third_person": {
            "scale": [
              0,
              0,
              0
            ]
          }
        }
      }
    }
  }
}












