{
	"format_version": "1.12.0",
	"minecraft:geometry": [
		{
			"description": {
				"identifier": "geometry.katana_off",
				"texture_width": 32,
				"texture_height": 32,
				"visible_bounds_width": 8,
				"visible_bounds_height": 3.5,
				"visible_bounds_offset": [0, 1.25, 0]
			},
			"bones": [
				{
					"name": "root2",
					"pivot": [0, 0, 0]
				},
				{
					"name": "root",
					"parent": "root2",
					"pivot": [0, 0, 0]
				},
				{
					"name": "tudo",
					"parent": "root",
					"pivot": [0, 12, 0]
				},
				{
					"name": "waist",
					"parent": "tudo",
					"pivot": [0, 12, 0]
				},
				{
					"name": "body",
					"parent": "waist",
					"pivot": [0, 24, 0]
				},
				{
					"name": "leftArm",
					"parent": "body",
					"pivot": [5, 22, 0]
				},
				{
					"name": "leftForeArm",
					"parent": "leftArm",
					"pivot": [5, 18, 0]
				},
				{
					"name": "katanaOff",
					"parent": "leftForeArm",
					"pivot": [5.625, 13.5, 0]
				},
				{
					"name": "ame_habakiri2",
					"parent": "katanaOff",
					"pivot": [5.625, 12.75, 0],
					"cubes": [
						{
							"origin": [5.625, 11.5, -28],
							"size": [0, 2, 24],
							"uv": {
								"north": {"uv": [32, 32], "uv_size": [0, 0]},
								"east": {"uv": [0, 0], "uv_size": [32, 4]},
								"south": {"uv": [32, 32], "uv_size": [0, 0]},
								"west": {"uv": [32, 32], "uv_size": [0, 0]},
								"up": {"uv": [32, 32], "uv_size": [0, 0]},
								"down": {"uv": [32, 32], "uv_size": [0, 0]}
							}
						},
						{
							"origin": [4.875, 11.5, -3.75],
							"size": [1.5, 2.5, 0.75],
							"uv": {
								"north": {"uv": [11.5, 27.5], "uv_size": [-4, 4]},
								"east": {"uv": [7.5, 27.5], "uv_size": [4, 4]},
								"south": {"uv": [11.5, 27.5], "uv_size": [-4, 4]},
								"west": {"uv": [11.5, 27.5], "uv_size": [-4, 4]},
								"up": {"uv": [11.5, 31.5], "uv_size": [-4, -4]},
								"down": {"uv": [11.5, 27.5], "uv_size": [-4, 4]}
							}
						},
						{
							"origin": [6.17678, 11.125, -3.75],
							"size": [1.75, 1.75, 0.5],
							"pivot": [7.05178, 12, -3.5],
							"rotation": [0, 0, 135],
							"uv": {
								"north": {"uv": [25, 28], "uv_size": [-4, 4]},
								"east": {"uv": [24, 28], "uv_size": [1, 4]},
								"south": {"uv": [21, 28], "uv_size": [4, 4]},
								"west": {"uv": [22, 28], "uv_size": [-1, 4]},
								"up": {"uv": [25, 29], "uv_size": [-4, -1]},
								"down": {"uv": [25, 31], "uv_size": [-4, 1]}
							}
						},
						{
							"origin": [3.625, 11.25, -3.75],
							"size": [1.75, 1.75, 0.5],
							"pivot": [4.375, 12, -3.5],
							"rotation": [0, 0, -135],
							"uv": {
								"north": {"uv": [21, 28], "uv_size": [4, 4]},
								"east": {"uv": [21, 28], "uv_size": [1, 4]},
								"south": {"uv": [25, 28], "uv_size": [-4, 4]},
								"west": {"uv": [25, 28], "uv_size": [-1, 4]},
								"up": {"uv": [21, 29], "uv_size": [4, -1]},
								"down": {"uv": [21, 31], "uv_size": [4, 1]}
							}
						},
						{
							"origin": [4.75, 13.80178, -3.75],
							"size": [1.75, 1.75, 0.5],
							"pivot": [5.625, 14.67678, -3.5],
							"rotation": [0, 0, -45],
							"uv": {
								"north": {"uv": [21, 28], "uv_size": [4, 4]},
								"east": {"uv": [21, 28], "uv_size": [1, 4]},
								"south": {"uv": [25, 28], "uv_size": [-4, 4]},
								"west": {"uv": [25, 28], "uv_size": [-1, 4]},
								"up": {"uv": [21, 29], "uv_size": [4, -1]},
								"down": {"uv": [21, 31], "uv_size": [4, 1]}
							}
						},
						{
							"origin": [5.375, 11.75, -4],
							"size": [0.5, 2, 0.25],
							"uv": {
								"north": {"uv": [11.5, 27.5], "uv_size": [-4, 4]},
								"east": {"uv": [7.5, 27.5], "uv_size": [4, 4]},
								"south": {"uv": [11.5, 27.5], "uv_size": [-4, 4]},
								"west": {"uv": [11.5, 27.5], "uv_size": [-4, 4]},
								"up": {"uv": [11.5, 31.5], "uv_size": [-4, -4]},
								"down": {"uv": [11.5, 27.5], "uv_size": [-4, 4]}
							}
						},
						{
							"origin": [2.625, 11.75, -0.375],
							"size": [6, 2, 0.75],
							"pivot": [5.625, 12.75, 0],
							"rotation": [0, 90, 0],
							"uv": {
								"north": {"uv": [0, 17], "uv_size": [12, 4]},
								"east": {"uv": [0, 17], "uv_size": [1, 4]},
								"south": {"uv": [12, 17], "uv_size": [-12, 4]},
								"west": {"uv": [11, 17], "uv_size": [1, 4]},
								"up": {"uv": [0, 17], "uv_size": [12, -1]},
								"down": {"uv": [0, 21], "uv_size": [12, 1]}
							}
						},
						{
							"origin": [4.875, 11.25, 2.5],
							"size": [1.5, 2.75, 0.75],
							"uv": {
								"north": {"uv": [11.5, 27.5], "uv_size": [-4, 4]},
								"east": {"uv": [7.5, 27.5], "uv_size": [4, 4]},
								"south": {"uv": [11.5, 27.5], "uv_size": [-4, 4]},
								"west": {"uv": [11.5, 27.5], "uv_size": [-4, 4]},
								"up": {"uv": [11.5, 31.5], "uv_size": [-4, -4]},
								"down": {"uv": [11.5, 27.5], "uv_size": [-4, 4]}
							}
						}
					]
				},
				{
					"name": "enma2",
					"parent": "katanaOff",
					"pivot": [5.625, 12.75, 0],
					"cubes": [
						{
							"origin": [5.625, 11.5, -28],
							"size": [0, 2, 24],
							"uv": {
								"north": {"uv": [32, 32], "uv_size": [0, 0]},
								"east": {"uv": [0, 0], "uv_size": [32, 4]},
								"south": {"uv": [32, 32], "uv_size": [0, 0]},
								"west": {"uv": [32, 32], "uv_size": [0, 0]},
								"up": {"uv": [32, 32], "uv_size": [0, 0]},
								"down": {"uv": [32, 32], "uv_size": [0, 0]}
							}
						},
						{
							"origin": [4.875, 11.5, -3.75],
							"size": [1.5, 2.5, 0.75],
							"uv": {
								"north": {"uv": [11.5, 27.5], "uv_size": [-4, 4]},
								"east": {"uv": [7.5, 27.5], "uv_size": [4, 4]},
								"south": {"uv": [11.5, 27.5], "uv_size": [-4, 4]},
								"west": {"uv": [11.5, 27.5], "uv_size": [-4, 4]},
								"up": {"uv": [11.5, 31.5], "uv_size": [-4, -4]},
								"down": {"uv": [11.5, 27.5], "uv_size": [-4, 4]}
							}
						},
						{
							"origin": [6.17678, 11.125, -3.75],
							"size": [1.75, 1.75, 0.5],
							"pivot": [7.05178, 12, -3.5],
							"rotation": [0, 0, 135],
							"uv": {
								"north": {"uv": [25, 28], "uv_size": [-4, 4]},
								"east": {"uv": [24, 28], "uv_size": [1, 4]},
								"south": {"uv": [21, 28], "uv_size": [4, 4]},
								"west": {"uv": [22, 28], "uv_size": [-1, 4]},
								"up": {"uv": [25, 29], "uv_size": [-4, -1]},
								"down": {"uv": [25, 31], "uv_size": [-4, 1]}
							}
						},
						{
							"origin": [3.625, 11.25, -3.75],
							"size": [1.75, 1.75, 0.5],
							"pivot": [4.375, 12, -3.5],
							"rotation": [0, 0, -135],
							"uv": {
								"north": {"uv": [21, 28], "uv_size": [4, 4]},
								"east": {"uv": [21, 28], "uv_size": [1, 4]},
								"south": {"uv": [25, 28], "uv_size": [-4, 4]},
								"west": {"uv": [25, 28], "uv_size": [-1, 4]},
								"up": {"uv": [21, 29], "uv_size": [4, -1]},
								"down": {"uv": [21, 31], "uv_size": [4, 1]}
							}
						},
						{
							"origin": [4.75, 13.80178, -3.75],
							"size": [1.75, 1.75, 0.5],
							"pivot": [5.625, 14.67678, -3.5],
							"rotation": [0, 0, -45],
							"uv": {
								"north": {"uv": [21, 28], "uv_size": [4, 4]},
								"east": {"uv": [21, 28], "uv_size": [1, 4]},
								"south": {"uv": [25, 28], "uv_size": [-4, 4]},
								"west": {"uv": [25, 28], "uv_size": [-1, 4]},
								"up": {"uv": [21, 29], "uv_size": [4, -1]},
								"down": {"uv": [21, 31], "uv_size": [4, 1]}
							}
						},
						{
							"origin": [5.375, 11.75, -4],
							"size": [0.5, 2, 0.25],
							"uv": {
								"north": {"uv": [11.5, 27.5], "uv_size": [-4, 4]},
								"east": {"uv": [7.5, 27.5], "uv_size": [4, 4]},
								"south": {"uv": [11.5, 27.5], "uv_size": [-4, 4]},
								"west": {"uv": [11.5, 27.5], "uv_size": [-4, 4]},
								"up": {"uv": [11.5, 31.5], "uv_size": [-4, -4]},
								"down": {"uv": [11.5, 27.5], "uv_size": [-4, 4]}
							}
						},
						{
							"origin": [2.625, 11.75, -0.375],
							"size": [6, 2, 0.75],
							"pivot": [5.625, 12.75, 0],
							"rotation": [0, 90, 0],
							"uv": {
								"north": {"uv": [0, 17], "uv_size": [12, 4]},
								"east": {"uv": [0, 17], "uv_size": [1, 4]},
								"south": {"uv": [12, 17], "uv_size": [-12, 4]},
								"west": {"uv": [11, 17], "uv_size": [1, 4]},
								"up": {"uv": [0, 17], "uv_size": [12, -1]},
								"down": {"uv": [0, 21], "uv_size": [12, 1]}
							}
						},
						{
							"origin": [4.875, 11.25, 2.5],
							"size": [1.5, 2.75, 0.75],
							"uv": {
								"north": {"uv": [11.5, 27.5], "uv_size": [-4, 4]},
								"east": {"uv": [7.5, 27.5], "uv_size": [4, 4]},
								"south": {"uv": [11.5, 27.5], "uv_size": [-4, 4]},
								"west": {"uv": [11.5, 27.5], "uv_size": [-4, 4]},
								"up": {"uv": [11.5, 31.5], "uv_size": [-4, -4]},
								"down": {"uv": [11.5, 27.5], "uv_size": [-4, 4]}
							}
						}
					]
				},
				{
					"name": "sandai_kitetsu2",
					"parent": "katanaOff",
					"pivot": [5.625, 12.75, 0],
					"cubes": [
						{
							"origin": [5.625, 11.5, -28],
							"size": [0, 2, 24],
							"uv": {
								"north": {"uv": [32, 32], "uv_size": [0, 0]},
								"east": {"uv": [0, 0], "uv_size": [32, 4]},
								"south": {"uv": [32, 32], "uv_size": [0, 0]},
								"west": {"uv": [32, 32], "uv_size": [0, 0]},
								"up": {"uv": [32, 32], "uv_size": [0, 0]},
								"down": {"uv": [32, 32], "uv_size": [0, 0]}
							}
						},
						{
							"origin": [5.375, 11.75, -4],
							"size": [0.5, 2, 0.25],
							"uv": {
								"north": {"uv": [11.5, 27.5], "uv_size": [-4, 4]},
								"east": {"uv": [7.5, 27.5], "uv_size": [4, 4]},
								"south": {"uv": [11.5, 27.5], "uv_size": [-4, 4]},
								"west": {"uv": [11.5, 27.5], "uv_size": [-4, 4]},
								"up": {"uv": [11.5, 31.5], "uv_size": [-4, -4]},
								"down": {"uv": [11.5, 27.5], "uv_size": [-4, 4]}
							}
						},
						{
							"origin": [2.625, 11.75, -0.375],
							"size": [6, 2, 0.75],
							"pivot": [5.625, 12.75, 0],
							"rotation": [0, 90, 0],
							"uv": {
								"north": {"uv": [0, 17], "uv_size": [12, 4]},
								"east": {"uv": [0, 17], "uv_size": [1, 4]},
								"south": {"uv": [12, 17], "uv_size": [-12, 4]},
								"west": {"uv": [11, 17], "uv_size": [1, 4]},
								"up": {"uv": [0, 17], "uv_size": [12, -1]},
								"down": {"uv": [0, 21], "uv_size": [12, 1]}
							}
						},
						{
							"origin": [4.875, 11.25, 2.5],
							"size": [1.5, 2.75, 0.75],
							"uv": {
								"north": {"uv": [11.5, 27.5], "uv_size": [-4, 4]},
								"east": {"uv": [7.5, 27.5], "uv_size": [4, 4]},
								"south": {"uv": [11.5, 27.5], "uv_size": [-4, 4]},
								"west": {"uv": [11.5, 27.5], "uv_size": [-4, 4]},
								"up": {"uv": [11.5, 31.5], "uv_size": [-4, -4]},
								"down": {"uv": [11.5, 27.5], "uv_size": [-4, 4]}
							}
						},
						{
							"origin": [6.125, 12.25, -3.75],
							"size": [0.75, 1, 0.75],
							"uv": {
								"north": {"uv": [11.5, 27.5], "uv_size": [-4, 4]},
								"east": {"uv": [7.5, 27.5], "uv_size": [4, 4]},
								"south": {"uv": [11.5, 27.5], "uv_size": [-4, 4]},
								"west": {"uv": [11.5, 27.5], "uv_size": [-4, 4]},
								"up": {"uv": [11.5, 31.5], "uv_size": [-4, -4]},
								"down": {"uv": [11.5, 27.5], "uv_size": [-4, 4]}
							}
						},
						{
							"origin": [4.375, 12.25, -3.75],
							"size": [0.75, 1, 0.75],
							"uv": {
								"north": {"uv": [11.5, 27.5], "uv_size": [-4, 4]},
								"east": {"uv": [7.5, 27.5], "uv_size": [4, 4]},
								"south": {"uv": [11.5, 27.5], "uv_size": [-4, 4]},
								"west": {"uv": [11.5, 27.5], "uv_size": [-4, 4]},
								"up": {"uv": [11.5, 31.5], "uv_size": [-4, -4]},
								"down": {"uv": [11.5, 27.5], "uv_size": [-4, 4]}
							}
						},
						{
							"origin": [6.875, 12, -3.75],
							"size": [0.5, 1.5, 0.75],
							"uv": {
								"north": {"uv": [18.5, 28.5], "uv_size": [-4, 3]},
								"east": {"uv": [14.5, 28.5], "uv_size": [4, 3]},
								"south": {"uv": [18.5, 28.5], "uv_size": [-4, 3]},
								"west": {"uv": [18.5, 28.5], "uv_size": [-4, 3]},
								"up": {"uv": [18.5, 28.5], "uv_size": [-4, -1]},
								"down": {"uv": [18.5, 30.5], "uv_size": [-4, 1]}
							}
						},
						{
							"origin": [3.875, 12, -3.75],
							"size": [0.5, 1.5, 0.75],
							"uv": {
								"north": {"uv": [18.5, 28.5], "uv_size": [-4, 3]},
								"east": {"uv": [14.5, 28.5], "uv_size": [4, 3]},
								"south": {"uv": [18.5, 28.5], "uv_size": [-4, 3]},
								"west": {"uv": [18.5, 28.5], "uv_size": [-4, 3]},
								"up": {"uv": [18.5, 28.5], "uv_size": [-4, -1]},
								"down": {"uv": [18.5, 30.5], "uv_size": [-4, 1]}
							}
						},
						{
							"origin": [4.875, 10.875, -3.75],
							"size": [1.5, 0.5, 0.75],
							"uv": {
								"north": {"uv": [11.5, 27.5], "uv_size": [-4, 4]},
								"east": {"uv": [7.5, 27.5], "uv_size": [4, 4]},
								"south": {"uv": [11.5, 27.5], "uv_size": [-4, 4]},
								"west": {"uv": [11.5, 27.5], "uv_size": [-4, 4]},
								"up": {"uv": [11.5, 31.5], "uv_size": [-4, -4]},
								"down": {"uv": [11.5, 27.5], "uv_size": [-4, 4]}
							}
						},
						{
							"origin": [4.875, 14.125, -3.75],
							"size": [1.5, 0.5, 0.75],
							"uv": {
								"north": {"uv": [18.5, 27.5], "uv_size": [-4, 1]},
								"east": {"uv": [14.5, 27.5], "uv_size": [4, 1]},
								"south": {"uv": [18.5, 27.5], "uv_size": [-4, 1]},
								"west": {"uv": [18.5, 27.5], "uv_size": [-4, 1]},
								"up": {"uv": [18.5, 28.5], "uv_size": [-4, -1]},
								"down": {"uv": [18.5, 27.5], "uv_size": [-4, 1]}
							}
						},
						{
							"origin": [5.125, 13.375, -3.75],
							"size": [1, 0.75, 0.75],
							"uv": {
								"north": {"uv": [11.5, 27.5], "uv_size": [-4, 4]},
								"east": {"uv": [7.5, 27.5], "uv_size": [4, 4]},
								"south": {"uv": [11.5, 27.5], "uv_size": [-4, 4]},
								"west": {"uv": [11.5, 27.5], "uv_size": [-4, 4]},
								"up": {"uv": [11.5, 31.5], "uv_size": [-4, -4]},
								"down": {"uv": [11.5, 27.5], "uv_size": [-4, 4]}
							}
						},
						{
							"origin": [5.125, 11.375, -3.75],
							"size": [1, 0.75, 0.75],
							"uv": {
								"north": {"uv": [11.5, 27.5], "uv_size": [-4, 4]},
								"east": {"uv": [7.5, 27.5], "uv_size": [4, 4]},
								"south": {"uv": [11.5, 27.5], "uv_size": [-4, 4]},
								"west": {"uv": [11.5, 27.5], "uv_size": [-4, 4]},
								"up": {"uv": [11.5, 31.5], "uv_size": [-4, -4]},
								"down": {"uv": [11.5, 27.5], "uv_size": [-4, 4]}
							}
						},
						{
							"origin": [4.875, 12, -3.75],
							"size": [1.5, 1.5, 0.75],
							"uv": {
								"north": {"uv": [11.5, 27.5], "uv_size": [-4, 4]},
								"east": {"uv": [7.5, 27.5], "uv_size": [4, 4]},
								"south": {"uv": [11.5, 27.5], "uv_size": [-4, 4]},
								"west": {"uv": [11.5, 27.5], "uv_size": [-4, 4]},
								"up": {"uv": [11.5, 31.5], "uv_size": [-4, -4]},
								"down": {"uv": [11.5, 27.5], "uv_size": [-4, 4]}
							}
						}
					]
				},
				{
					"name": "shusui2",
					"parent": "katanaOff",
					"pivot": [5.625, 12.75, 0],
					"cubes": [
						{
							"origin": [5.625, 11.5, -28],
							"size": [0, 2, 24],
							"uv": {
								"north": {"uv": [32, 32], "uv_size": [0, 0]},
								"east": {"uv": [0, 0], "uv_size": [32, 4]},
								"south": {"uv": [32, 32], "uv_size": [0, 0]},
								"west": {"uv": [32, 32], "uv_size": [0, 0]},
								"up": {"uv": [32, 32], "uv_size": [0, 0]},
								"down": {"uv": [32, 32], "uv_size": [0, 0]}
							}
						},
						{
							"origin": [4.125, 11.25, -3.5],
							"size": [3, 3, 0.5],
							"pivot": [5.625, 12.75, -3.5],
							"rotation": [0, 0, -45],
							"uv": {
								"north": {"uv": [21.5, 28.5], "uv_size": [3, 3]},
								"east": {"uv": [22.5, 28.5], "uv_size": [-1, 3]},
								"south": {"uv": [24.5, 28.5], "uv_size": [-3, 3]},
								"west": {"uv": [24.5, 28.5], "uv_size": [-1, 3]},
								"up": {"uv": [21.5, 29.5], "uv_size": [3, -1]},
								"down": {"uv": [21.5, 31.5], "uv_size": [3, -1]}
							}
						},
						{
							"origin": [4.125, 11.25, -3.5],
							"size": [3, 3, 0.5],
							"inflate": 0.01,
							"uv": {
								"north": {"uv": [18.5, 28.5], "uv_size": [-4, 3]},
								"east": {"uv": [18.5, 28.5], "uv_size": [-4, 3]},
								"south": {"uv": [18.5, 28.5], "uv_size": [-4, 3]},
								"west": {"uv": [18.5, 28.5], "uv_size": [-4, 3]},
								"up": {"uv": [14.5, 28.5], "uv_size": [4, -1]},
								"down": {"uv": [14.5, 31.5], "uv_size": [4, -1]}
							}
						},
						{
							"origin": [2.625, 11.75, -0.375],
							"size": [6, 2, 0.75],
							"pivot": [5.625, 12.75, 0],
							"rotation": [0, 90, 0],
							"uv": {
								"north": {"uv": [0, 17], "uv_size": [12, 4]},
								"east": {"uv": [0, 17], "uv_size": [1, 4]},
								"south": {"uv": [12, 17], "uv_size": [-12, 4]},
								"west": {"uv": [11, 17], "uv_size": [1, 4]},
								"up": {"uv": [0, 17], "uv_size": [12, -1]},
								"down": {"uv": [0, 21], "uv_size": [12, 1]}
							}
						},
						{
							"origin": [4.875, 11.25, 2.5],
							"size": [1.5, 2.75, 0.75],
							"uv": {
								"north": {"uv": [11.5, 27.5], "uv_size": [-4, 4]},
								"east": {"uv": [7.5, 27.5], "uv_size": [4, 4]},
								"south": {"uv": [11.5, 27.5], "uv_size": [-4, 4]},
								"west": {"uv": [11.5, 27.5], "uv_size": [-4, 4]},
								"up": {"uv": [11.5, 31.5], "uv_size": [-4, -4]},
								"down": {"uv": [11.5, 27.5], "uv_size": [-4, 4]}
							}
						},
						{
							"origin": [5.375, 11.75, -4],
							"size": [0.5, 2, 0.75],
							"uv": {
								"north": {"uv": [11.5, 27.5], "uv_size": [-4, 4]},
								"east": {"uv": [7.5, 27.5], "uv_size": [4, 4]},
								"south": {"uv": [11.5, 27.5], "uv_size": [-4, 4]},
								"west": {"uv": [11.5, 27.5], "uv_size": [-4, 4]},
								"up": {"uv": [11.5, 31.5], "uv_size": [-4, -4]},
								"down": {"uv": [11.5, 27.5], "uv_size": [-4, 4]}
							}
						}
					]
				},
				{
					"name": "yubashiri2",
					"parent": "katanaOff",
					"pivot": [5.625, 12.75, 0],
					"cubes": [
						{
							"origin": [5.625, 11.5, -28],
							"size": [0, 2, 24],
							"uv": {
								"north": {"uv": [32, 32], "uv_size": [0, 0]},
								"east": {"uv": [0, 0], "uv_size": [32, 4]},
								"south": {"uv": [32, 32], "uv_size": [0, 0]},
								"west": {"uv": [32, 32], "uv_size": [0, 0]},
								"up": {"uv": [32, 32], "uv_size": [0, 0]},
								"down": {"uv": [32, 32], "uv_size": [0, 0]}
							}
						},
						{
							"origin": [5.1, 11, -3.5],
							"size": [1, 3.5, 0.5],
							"inflate": 0.01,
							"uv": {
								"north": {"uv": [18.5, 28.5], "uv_size": [-4, 3.5]},
								"east": {"uv": [18.5, 28.5], "uv_size": [-4, 3.5]},
								"south": {"uv": [18.5, 28.5], "uv_size": [-4, 3.5]},
								"west": {"uv": [18.25, 28.5], "uv_size": [-3.75, 3.5]},
								"up": {"uv": [14.5, 28.5], "uv_size": [4, -1]},
								"down": {"uv": [14.5, 31.5], "uv_size": [4, -1]}
							}
						},
						{
							"origin": [4.625, 11.5, -3.5],
							"size": [2, 2.5, 0.5],
							"uv": {
								"north": {"uv": [18.5, 28.25], "uv_size": [-4, 3.25]},
								"east": {"uv": [18.5, 28.25], "uv_size": [-4, 3.25]},
								"south": {"uv": [18.5, 28.25], "uv_size": [-4, 3.25]},
								"west": {"uv": [18.5, 28.25], "uv_size": [-4, 3.25]},
								"up": {"uv": [14.5, 28.5], "uv_size": [4, -1]},
								"down": {"uv": [14.5, 31.5], "uv_size": [4, -1]}
							}
						},
						{
							"origin": [2.625, 11.75, -0.375],
							"size": [6, 2, 0.75],
							"pivot": [5.625, 12.75, 0],
							"rotation": [0, 90, 0],
							"uv": {
								"north": {"uv": [0, 17], "uv_size": [12, 4]},
								"east": {"uv": [0, 17], "uv_size": [1, 4]},
								"south": {"uv": [12, 17], "uv_size": [-12, 4]},
								"west": {"uv": [11, 17], "uv_size": [1, 4]},
								"up": {"uv": [0, 17], "uv_size": [12, -1]},
								"down": {"uv": [0, 21], "uv_size": [12, 1]}
							}
						},
						{
							"origin": [4.875, 11.25, 2.5],
							"size": [1.5, 2.75, 0.75],
							"uv": {
								"north": {"uv": [11.5, 27.5], "uv_size": [-4, 4]},
								"east": {"uv": [7.5, 27.5], "uv_size": [4, 4]},
								"south": {"uv": [11.5, 27.5], "uv_size": [-4, 4]},
								"west": {"uv": [11.5, 27.5], "uv_size": [-4, 4]},
								"up": {"uv": [11.5, 31.5], "uv_size": [-4, -4]},
								"down": {"uv": [11.5, 27.5], "uv_size": [-4, 4]}
							}
						},
						{
							"origin": [5.375, 11.75, -4],
							"size": [0.5, 2, 0.75],
							"uv": {
								"north": {"uv": [11.5, 27.5], "uv_size": [-4, 4]},
								"east": {"uv": [7.5, 27.5], "uv_size": [4, 4]},
								"south": {"uv": [11.5, 27.5], "uv_size": [-4, 4]},
								"west": {"uv": [11.5, 27.5], "uv_size": [-4, 4]},
								"up": {"uv": [11.5, 31.5], "uv_size": [-4, -4]},
								"down": {"uv": [11.5, 27.5], "uv_size": [-4, 4]}
							}
						}
					]
				},
				{
					"name": "sheathOff",
					"parent": "body",
					"pivot": [4.125, 12.125, 0],
					"rotation": [-7.5, 2.5, 0]
				},
				{
					"name": "ame_habakiri_sheath2",
					"parent": "sheathOff",
					"pivot": [4.125, 12.125, -3.75],
					"cubes": [
						{
							"origin": [3.625, 10.75, 19.5],
							"size": [1, 2.75, 1],
							"uv": {
								"north": {"uv": [18.5, 28.5], "uv_size": [-4, 3]},
								"east": {"uv": [14.5, 28.5], "uv_size": [4, 3]},
								"south": {"uv": [18.5, 28.5], "uv_size": [-4, 3]},
								"west": {"uv": [18.5, 28.5], "uv_size": [-4, 3]},
								"up": {"uv": [18.5, 28.5], "uv_size": [-4, -1]},
								"down": {"uv": [18.5, 30.5], "uv_size": [-4, 1]}
							}
						},
						{
							"origin": [3.625, 10.75, -4],
							"size": [1, 2.75, 1],
							"uv": {
								"north": {"uv": [14.5, 28.5], "uv_size": [4, 3]},
								"east": {"uv": [18.5, 28.5], "uv_size": [-4, 3.5]},
								"south": {"uv": [14.5, 28.5], "uv_size": [4, 3]},
								"west": {"uv": [14.5, 28.5], "uv_size": [4, 3]},
								"up": {"uv": [18.5, 27.5], "uv_size": [-4, 1]},
								"down": {"uv": [18.5, 31.5], "uv_size": [-4, -1]}
							}
						},
						{
							"origin": [3.125, 10.875, 1.625],
							"size": [2, 2.5, 0.75],
							"inflate": 0.025,
							"pivot": [4.125, 12.125, 2],
							"rotation": [0, -90, 0],
							"uv": {
								"north": {"uv": [23, 7], "uv_size": [-4, 5]},
								"east": {"uv": [23, 11], "uv_size": [-1, -6]},
								"south": {"uv": [19, 7], "uv_size": [4, 5]},
								"west": {"uv": [19, 5], "uv_size": [1, 6]},
								"up": {"uv": [23, 5], "uv_size": [-4, 1]},
								"down": {"uv": [23, 13], "uv_size": [-4, -1]}
							}
						},
						{
							"origin": [-2.875, 10.875, 3.625],
							"size": [22.5, 2.5, 0.75],
							"pivot": [4.125, 12.125, 4],
							"rotation": [0, -90, 0],
							"uv": {
								"north": {"uv": [4, 7], "uv_size": [-4, 5]},
								"east": {"uv": [4, 12], "uv_size": [-1, -5]},
								"south": {"uv": [0, 7], "uv_size": [4, 5]},
								"west": {"uv": [0, 7], "uv_size": [1, 5]},
								"up": {"uv": [4, 6], "uv_size": [-4, 1]},
								"down": {"uv": [4, 13], "uv_size": [-4, -1]}
							}
						},
						{
							"origin": [3.125, 10.875, -0.375],
							"size": [2, 2.5, 0.75],
							"inflate": 0.05,
							"pivot": [4.125, 12.125, 0],
							"rotation": [0, -90, 0],
							"uv": {
								"north": {"uv": [12, 5], "uv_size": [5, 6]},
								"east": {"uv": [13, 11], "uv_size": [-1, -6]},
								"south": {"uv": [17, 5], "uv_size": [-5, 6]},
								"west": {"uv": [16, 5], "uv_size": [1, 6]},
								"up": {"uv": [12, 5], "uv_size": [5, 1]},
								"down": {"uv": [12, 11], "uv_size": [5, -1]}
							}
						},
						{
							"origin": [9.125, 10.875, -0.375],
							"size": [2, 2.5, 0.75],
							"inflate": 0.05,
							"pivot": [4.125, 12.125, 0],
							"rotation": [0, -90, 0],
							"uv": {
								"north": {"uv": [12, 5], "uv_size": [5, 6]},
								"east": {"uv": [13, 11], "uv_size": [-1, -6]},
								"south": {"uv": [17, 5], "uv_size": [-5, 6]},
								"west": {"uv": [16, 5], "uv_size": [1, 6]},
								"up": {"uv": [12, 5], "uv_size": [5, 1]},
								"down": {"uv": [12, 11], "uv_size": [5, -1]}
							}
						},
						{
							"origin": [16.125, 10.875, -0.375],
							"size": [2, 2.5, 0.75],
							"inflate": 0.05,
							"pivot": [4.125, 12.125, 0],
							"rotation": [0, -90, 0],
							"uv": {
								"north": {"uv": [12, 5], "uv_size": [5, 6]},
								"east": {"uv": [13, 11], "uv_size": [-1, -6]},
								"south": {"uv": [17, 5], "uv_size": [-5, 6]},
								"west": {"uv": [16, 5], "uv_size": [1, 6]},
								"up": {"uv": [12, 5], "uv_size": [5, 1]},
								"down": {"uv": [12, 11], "uv_size": [5, -1]}
							}
						}
					]
				},
				{
					"name": "enma_sheath2",
					"parent": "sheathOff",
					"pivot": [4.125, 12.125, -3.75],
					"cubes": [
						{
							"origin": [3.125, 10.875, 1.625],
							"size": [2, 2.5, 0.75],
							"inflate": 0.025,
							"pivot": [4.125, 12.125, 2],
							"rotation": [0, -90, 0],
							"uv": {
								"north": {"uv": [23, 5], "uv_size": [-4, 6]},
								"east": {"uv": [23, 11], "uv_size": [-1, -6]},
								"south": {"uv": [19, 5], "uv_size": [4, 6]},
								"west": {"uv": [19, 5], "uv_size": [1, 6]},
								"up": {"uv": [23, 5], "uv_size": [-4, 1]},
								"down": {"uv": [23, 11], "uv_size": [-4, -1]}
							}
						},
						{
							"origin": [3.125, 10.875, -0.375],
							"size": [2, 2.5, 0.75],
							"inflate": 0.05,
							"pivot": [4.125, 12.125, 0],
							"rotation": [0, -90, 0],
							"uv": {
								"north": {"uv": [12, 5], "uv_size": [5, 6]},
								"east": {"uv": [13, 11], "uv_size": [-1, -6]},
								"south": {"uv": [17, 5], "uv_size": [-5, 6]},
								"west": {"uv": [16, 5], "uv_size": [1, 6]},
								"up": {"uv": [12, 5], "uv_size": [5, 1]},
								"down": {"uv": [12, 11], "uv_size": [5, -1]}
							}
						},
						{
							"origin": [9.125, 10.875, -0.375],
							"size": [2, 2.5, 0.75],
							"inflate": 0.05,
							"pivot": [4.125, 12.125, 0],
							"rotation": [0, -90, 0],
							"uv": {
								"north": {"uv": [12, 5], "uv_size": [5, 6]},
								"east": {"uv": [13, 11], "uv_size": [-1, -6]},
								"south": {"uv": [17, 5], "uv_size": [-5, 6]},
								"west": {"uv": [16, 5], "uv_size": [1, 6]},
								"up": {"uv": [12, 5], "uv_size": [5, 1]},
								"down": {"uv": [12, 11], "uv_size": [5, -1]}
							}
						},
						{
							"origin": [16.125, 10.875, -0.375],
							"size": [2, 2.5, 0.75],
							"inflate": 0.05,
							"pivot": [4.125, 12.125, 0],
							"rotation": [0, -90, 0],
							"uv": {
								"north": {"uv": [12, 5], "uv_size": [5, 6]},
								"east": {"uv": [13, 11], "uv_size": [-1, -6]},
								"south": {"uv": [17, 5], "uv_size": [-5, 6]},
								"west": {"uv": [16, 5], "uv_size": [1, 6]},
								"up": {"uv": [12, 5], "uv_size": [5, 1]},
								"down": {"uv": [12, 11], "uv_size": [5, -1]}
							}
						},
						{
							"origin": [-2.875, 10.875, 3.625],
							"size": [22.5, 2.5, 0.75],
							"pivot": [4.125, 12.125, 4],
							"rotation": [0, -90, 0],
							"uv": {
								"north": {"uv": [4, 7], "uv_size": [-4, 5]},
								"east": {"uv": [4, 12], "uv_size": [-1, -5]},
								"south": {"uv": [0, 7], "uv_size": [4, 5]},
								"west": {"uv": [0, 7], "uv_size": [1, 5]},
								"up": {"uv": [4, 6], "uv_size": [-4, 1]},
								"down": {"uv": [4, 13], "uv_size": [-4, -1]}
							}
						},
						{
							"origin": [3.625, 10.75, 19.5],
							"size": [1, 2.75, 1],
							"uv": {
								"north": {"uv": [18.5, 28.5], "uv_size": [-4, 3]},
								"east": {"uv": [14.5, 28.5], "uv_size": [4, 3]},
								"south": {"uv": [18.5, 28.5], "uv_size": [-4, 3]},
								"west": {"uv": [18.5, 28.5], "uv_size": [-4, 3]},
								"up": {"uv": [18.5, 28.5], "uv_size": [-4, -1]},
								"down": {"uv": [18.5, 30.5], "uv_size": [-4, 1]}
							}
						},
						{
							"origin": [3.625, 10.75, -4],
							"size": [1, 2.75, 1],
							"uv": {
								"north": {"uv": [14.5, 28.5], "uv_size": [4, 3]},
								"east": {"uv": [18.5, 28.5], "uv_size": [-4, 3.5]},
								"south": {"uv": [14.5, 28.5], "uv_size": [4, 3]},
								"west": {"uv": [14.5, 28.5], "uv_size": [4, 3]},
								"up": {"uv": [18.5, 27.5], "uv_size": [-4, 1]},
								"down": {"uv": [18.5, 31.5], "uv_size": [-4, -1]}
							}
						}
					]
				},
				{
					"name": "sandai_kitetsu_sheath2",
					"parent": "sheathOff",
					"pivot": [4.125, 12.125, -3.75],
					"cubes": [
						{
							"origin": [9, 10.875, -0.375],
							"size": [6.5, 2.5, 0.75],
							"inflate": 0.05,
							"pivot": [4.125, 12.125, 0],
							"rotation": [0, -90, 0],
							"uv": {
								"north": {"uv": [19, 7], "uv_size": [13, 5]},
								"east": {"uv": [20, 12], "uv_size": [-1, -5]},
								"south": {"uv": [31, 7], "uv_size": [-12, 5]},
								"west": {"uv": [31, 7], "uv_size": [1, 5]},
								"up": {"uv": [19, 6], "uv_size": [13, 1]},
								"down": {"uv": [19, 13], "uv_size": [13, -1]}
							}
						},
						{
							"origin": [-2.875, 10.875, 3.625],
							"size": [22.5, 2.5, 0.75],
							"pivot": [4.125, 12.125, 4],
							"rotation": [0, -90, 0],
							"uv": {
								"north": {"uv": [4, 7], "uv_size": [-4, 5]},
								"east": {"uv": [4, 7], "uv_size": [-1, 5]},
								"south": {"uv": [0, 7], "uv_size": [4, 5]},
								"west": {"uv": [0, 7], "uv_size": [1, 5]},
								"up": {"uv": [4, 6], "uv_size": [-4, 1]},
								"down": {"uv": [4, 13], "uv_size": [-4, -1]}
							}
						},
						{
							"origin": [3.625, 10.75, -4],
							"size": [1, 2.75, 1],
							"uv": {
								"north": {"uv": [14.5, 28.5], "uv_size": [4, 3]},
								"east": {"uv": [18.5, 28.5], "uv_size": [-4, 3.5]},
								"south": {"uv": [14.5, 28.5], "uv_size": [4, 3]},
								"west": {"uv": [14.5, 28.5], "uv_size": [4, 3]},
								"up": {"uv": [18.5, 27.5], "uv_size": [-4, 1]},
								"down": {"uv": [18.5, 31.5], "uv_size": [-4, -1]}
							}
						}
					]
				},
				{
					"name": "shusui_sheath2",
					"parent": "sheathOff",
					"pivot": [4.125, 12.125, -3.75],
					"cubes": [
						{
							"origin": [-4.125, 10.875, 2.375],
							"size": [14, 2.5, 0.75],
							"inflate": 0.025,
							"pivot": [4.125, 12.125, 2.75],
							"rotation": [0, 90, 0],
							"uv": {
								"north": {"uv": [30, 7], "uv_size": [-24, 4]},
								"east": {"uv": [5, 11], "uv_size": [1, -4]},
								"south": {"uv": [6, 7], "uv_size": [24, 4]},
								"west": {"uv": [31, 7], "uv_size": [-1, 4]},
								"up": {"uv": [30, 7], "uv_size": [-24, -1]},
								"down": {"uv": [30, 11], "uv_size": [-24, 1]}
							}
						},
						{
							"origin": [-12.625, 10.875, 2.375],
							"size": [8.5, 2.5, 0.75],
							"inflate": 0.025,
							"pivot": [4.125, 12.125, 2.75],
							"rotation": [0, 90, 0],
							"uv": {
								"north": {"uv": [30, 7], "uv_size": [-16, 4]},
								"east": {"uv": [13, 11], "uv_size": [1, -4]},
								"south": {"uv": [14, 7], "uv_size": [16, 4]},
								"west": {"uv": [31, 7], "uv_size": [-1, 4]},
								"up": {"uv": [30, 7], "uv_size": [-16, -1]},
								"down": {"uv": [30, 11], "uv_size": [-16, 1]}
							}
						},
						{
							"origin": [-2.875, 10.875, 3.625],
							"size": [22.5, 2.5, 0.75],
							"pivot": [4.125, 12.125, 4],
							"rotation": [0, -90, 0],
							"uv": {
								"north": {"uv": [4, 7], "uv_size": [-4, 5]},
								"east": {"uv": [4, 7], "uv_size": [-1, 5]},
								"south": {"uv": [0, 7], "uv_size": [4, 5]},
								"west": {"uv": [0, 7], "uv_size": [1, 5]},
								"up": {"uv": [4, 6], "uv_size": [-4, 1]},
								"down": {"uv": [4, 13], "uv_size": [-4, -1]}
							}
						},
						{
							"origin": [3.625, 10.75, 19.5],
							"size": [1, 2.75, 1],
							"uv": {
								"north": {"uv": [11.5, 27.5], "uv_size": [-4, 4]},
								"east": {"uv": [7.5, 27.5], "uv_size": [4, 4]},
								"south": {"uv": [11.5, 27.5], "uv_size": [-4, 4]},
								"west": {"uv": [11.5, 27.5], "uv_size": [-4, 4]},
								"up": {"uv": [11.5, 31.5], "uv_size": [-4, -4]},
								"down": {"uv": [11.5, 27.5], "uv_size": [-4, 4]}
							}
						},
						{
							"origin": [3.625, 10.75, -4],
							"size": [1, 2.75, 1],
							"uv": {
								"north": {"uv": [14.5, 28.5], "uv_size": [4, 3]},
								"east": {"uv": [18.5, 28.5], "uv_size": [-4, 3.5]},
								"south": {"uv": [14.5, 28.5], "uv_size": [4, 3]},
								"west": {"uv": [14.5, 28.5], "uv_size": [4, 3]},
								"up": {"uv": [18.5, 27.5], "uv_size": [-4, 1]},
								"down": {"uv": [18.5, 31.5], "uv_size": [-4, -1]}
							}
						}
					]
				},
				{
					"name": "yubashiri_sheath2",
					"parent": "sheathOff",
					"pivot": [4.125, 12.125, -3.75],
					"cubes": [
						{
							"origin": [7.5, 10.875, -0.375],
							"size": [1, 2.5, 0.75],
							"inflate": 0.05,
							"pivot": [4.125, 12.125, 0],
							"rotation": [0, -90, 0],
							"uv": {
								"north": {"uv": [21, 7], "uv_size": [2, 5]},
								"east": {"uv": [22, 12], "uv_size": [-1, -5]},
								"south": {"uv": [23, 7], "uv_size": [-2, 5]},
								"west": {"uv": [22, 7], "uv_size": [1, 5]},
								"up": {"uv": [21, 7], "uv_size": [2, 1]},
								"down": {"uv": [21, 12], "uv_size": [2, -1]}
							}
						},
						{
							"origin": [16, 10.875, -0.375],
							"size": [1, 2.5, 0.75],
							"inflate": 0.05,
							"pivot": [4.125, 12.125, 0],
							"rotation": [0, -90, 0],
							"uv": {
								"north": {"uv": [21, 7], "uv_size": [2, 5]},
								"east": {"uv": [22, 12], "uv_size": [-1, -5]},
								"south": {"uv": [23, 7], "uv_size": [-2, 5]},
								"west": {"uv": [22, 7], "uv_size": [1, 5]},
								"up": {"uv": [21, 7], "uv_size": [2, 1]},
								"down": {"uv": [21, 12], "uv_size": [2, -1]}
							}
						},
						{
							"origin": [-2.875, 10.875, 3.625],
							"size": [22.5, 2.5, 0.75],
							"pivot": [4.125, 12.125, 4],
							"rotation": [0, -90, 0],
							"uv": {
								"north": {"uv": [4, 7], "uv_size": [-4, 5]},
								"east": {"uv": [4, 7], "uv_size": [-1, 5]},
								"south": {"uv": [0, 7], "uv_size": [4, 5]},
								"west": {"uv": [0, 7], "uv_size": [1, 5]},
								"up": {"uv": [4, 6], "uv_size": [-4, 1]},
								"down": {"uv": [4, 13], "uv_size": [-4, -1]}
							}
						},
						{
							"origin": [3.625, 10.75, 19.5],
							"size": [1, 2.75, 1],
							"uv": {
								"north": {"uv": [11.5, 27.5], "uv_size": [-4, 4]},
								"east": {"uv": [7.5, 27.5], "uv_size": [4, 4]},
								"south": {"uv": [11.5, 27.5], "uv_size": [-4, 4]},
								"west": {"uv": [11.5, 27.5], "uv_size": [-4, 4]},
								"up": {"uv": [11.5, 31.5], "uv_size": [-4, -4]},
								"down": {"uv": [11.5, 27.5], "uv_size": [-4, 4]}
							}
						},
						{
							"origin": [3.625, 10.75, -4],
							"size": [1, 2.75, 1],
							"uv": {
								"north": {"uv": [14.5, 28.5], "uv_size": [4, 3]},
								"east": {"uv": [18.5, 28.5], "uv_size": [-4, 3.5]},
								"south": {"uv": [14.5, 28.5], "uv_size": [4, 3]},
								"west": {"uv": [14.5, 28.5], "uv_size": [4, 3]},
								"up": {"uv": [18.5, 27.5], "uv_size": [-4, 1]},
								"down": {"uv": [18.5, 31.5], "uv_size": [-4, -1]}
							}
						}
					]
				}
			]
		}
	]
}