{
	"format_version": "1.12.0",
	"minecraft:geometry": [
		{
			"description": {
				"identifier": "geometry.katana",
				"texture_width": 32,
				"texture_height": 32,
				"visible_bounds_width": 8,
				"visible_bounds_height": 3.5,
				"visible_bounds_offset": [0, 1.25, 0]
			},
			"bones": [
				{
					"name": "root2",
					"pivot": [0, 0, 0]
				},
				{
					"name": "root",
					"parent": "root2",
					"pivot": [0, 0, 0]
				},
				{
					"name": "tudo",
					"parent": "root",
					"pivot": [0, 12, 0]
				},
				{
					"name": "waist",
					"parent": "tudo",
					"pivot": [0, 12, 0]
				},
				{
					"name": "body",
					"parent": "waist",
					"pivot": [0, 24, 0]
				},
				{
					"name": "head",
					"parent": "body",
					"pivot": [0, 24, 0]
				},
				{
					"name": "katana3",
					"parent": "head",
					"pivot": [1.25, 25.25, -4],
					"rotation": [-90, 22.5, 90]
				},
				{
					"name": "wado_ichimonji",
					"parent": "katana3",
					"pivot": [1.375, 25.5, -3.25],
					"cubes": [
						{
							"origin": [1.375, 24.25, -31.25],
							"size": [0, 2, 24],
							"uv": {
								"north": {"uv": [32, 32], "uv_size": [0, 0]},
								"east": {"uv": [32, 32], "uv_size": [0, 0]},
								"south": {"uv": [32, 32], "uv_size": [0, 0]},
								"west": {"uv": [32, 0], "uv_size": [-32, 4]},
								"up": {"uv": [32, 32], "uv_size": [0, 0]},
								"down": {"uv": [32, 32], "uv_size": [0, 0]}
							}
						},
						{
							"origin": [0.125, 24, -6.75],
							"size": [2.5, 3, 0.5],
							"uv": {
								"north": {"uv": [14.5, 28.5], "uv_size": [4, 3]},
								"east": {"uv": [14.5, 28.5], "uv_size": [1, 3]},
								"south": {"uv": [14.5, 28.5], "uv_size": [4, 3]},
								"west": {"uv": [18.5, 28.5], "uv_size": [-1, 3]},
								"up": {"uv": [14.5, 28.5], "uv_size": [4, -1]},
								"down": {"uv": [14.5, 30.5], "uv_size": [4, 1]}
							}
						},
						{
							"origin": [-11.875, 24.5, -7.375],
							"size": [6, 2, 0.75],
							"pivot": [-5.625, 12.75, 0],
							"rotation": [0, -90, 0],
							"uv": {
								"north": {"uv": [12, 17], "uv_size": [-12, 4]},
								"east": {"uv": [12, 17], "uv_size": [-1, 4]},
								"south": {"uv": [0, 17], "uv_size": [12, 4]},
								"west": {"uv": [1, 17], "uv_size": [-1, 4]},
								"up": {"uv": [12, 17], "uv_size": [-12, -1]},
								"down": {"uv": [12, 21], "uv_size": [-12, 1]}
							}
						},
						{
							"origin": [1.125, 24.5, -7.25],
							"size": [0.5, 2, 0.75],
							"uv": {
								"north": {"uv": [7.5, 27.5], "uv_size": [4, 4]},
								"east": {"uv": [7.5, 27.5], "uv_size": [4, 4]},
								"south": {"uv": [7.5, 27.5], "uv_size": [4, 4]},
								"west": {"uv": [11.5, 27.5], "uv_size": [-4, 4]},
								"up": {"uv": [7.5, 31.5], "uv_size": [4, -4]},
								"down": {"uv": [7.5, 27.5], "uv_size": [4, 4]}
							}
						},
						{
							"origin": [0.625, 24, -0.75],
							"size": [1.5, 2.75, 0.75],
							"uv": {
								"north": {"uv": [7.5, 27.5], "uv_size": [4, 4]},
								"east": {"uv": [7.5, 27.5], "uv_size": [4, 4]},
								"south": {"uv": [7.5, 27.5], "uv_size": [4, 4]},
								"west": {"uv": [11.5, 27.5], "uv_size": [-4, 4]},
								"up": {"uv": [7.5, 31.5], "uv_size": [4, -4]},
								"down": {"uv": [7.5, 27.5], "uv_size": [4, 4]}
							}
						}
					]
				},
				{
					"name": "rightArm",
					"parent": "body",
					"pivot": [-5, 22, 0]
				},
				{
					"name": "rightForeArm",
					"parent": "rightArm",
					"pivot": [-5, 18, 0]
				},
				{
					"name": "katana",
					"parent": "rightForeArm",
					"pivot": [-5.625, 13.5, 0]
				},
				{
					"name": "ame_habakiri",
					"parent": "katana",
					"pivot": [-5.625, 12.75, 0],
					"cubes": [
						{
							"origin": [-5.625, 11.5, -28],
							"size": [0, 2, 24],
							"uv": {
								"north": {"uv": [32, 32], "uv_size": [0, 0]},
								"east": {"uv": [32, 32], "uv_size": [0, 0]},
								"south": {"uv": [32, 32], "uv_size": [0, 0]},
								"west": {"uv": [32, 0], "uv_size": [-32, 4]},
								"up": {"uv": [32, 32], "uv_size": [0, 0]},
								"down": {"uv": [32, 32], "uv_size": [0, 0]}
							}
						},
						{
							"origin": [-6.375, 11.5, -3.75],
							"size": [1.5, 2.5, 0.75],
							"uv": {
								"north": {"uv": [7.5, 27.5], "uv_size": [4, 4]},
								"east": {"uv": [7.5, 27.5], "uv_size": [4, 4]},
								"south": {"uv": [7.5, 27.5], "uv_size": [4, 4]},
								"west": {"uv": [11.5, 27.5], "uv_size": [-4, 4]},
								"up": {"uv": [7.5, 31.5], "uv_size": [4, -4]},
								"down": {"uv": [7.5, 27.5], "uv_size": [4, 4]}
							}
						},
						{
							"origin": [-7.92678, 11.125, -3.75],
							"size": [1.75, 1.75, 0.5],
							"pivot": [-7.05178, 12, -3.5],
							"rotation": [0, 0, -135],
							"uv": {
								"north": {"uv": [21, 28], "uv_size": [4, 4]},
								"east": {"uv": [21, 28], "uv_size": [1, 4]},
								"south": {"uv": [25, 28], "uv_size": [-4, 4]},
								"west": {"uv": [25, 28], "uv_size": [-1, 4]},
								"up": {"uv": [21, 29], "uv_size": [4, -1]},
								"down": {"uv": [21, 31], "uv_size": [4, 1]}
							}
						},
						{
							"origin": [-5.375, 11.25, -3.75],
							"size": [1.75, 1.75, 0.5],
							"pivot": [-4.375, 12, -3.5],
							"rotation": [0, 0, 135],
							"uv": {
								"north": {"uv": [25, 28], "uv_size": [-4, 4]},
								"east": {"uv": [24, 28], "uv_size": [1, 4]},
								"south": {"uv": [21, 28], "uv_size": [4, 4]},
								"west": {"uv": [22, 28], "uv_size": [-1, 4]},
								"up": {"uv": [25, 29], "uv_size": [-4, -1]},
								"down": {"uv": [25, 31], "uv_size": [-4, 1]}
							}
						},
						{
							"origin": [-6.5, 13.80178, -3.75],
							"size": [1.75, 1.75, 0.5],
							"pivot": [-5.625, 14.67678, -3.5],
							"rotation": [0, 0, 45],
							"uv": {
								"north": {"uv": [25, 28], "uv_size": [-4, 4]},
								"east": {"uv": [24, 28], "uv_size": [1, 4]},
								"south": {"uv": [21, 28], "uv_size": [4, 4]},
								"west": {"uv": [22, 28], "uv_size": [-1, 4]},
								"up": {"uv": [25, 29], "uv_size": [-4, -1]},
								"down": {"uv": [25, 31], "uv_size": [-4, 1]}
							}
						},
						{
							"origin": [-5.875, 11.75, -4],
							"size": [0.5, 2, 0.25],
							"uv": {
								"north": {"uv": [7.5, 27.5], "uv_size": [4, 4]},
								"east": {"uv": [7.5, 27.5], "uv_size": [4, 4]},
								"south": {"uv": [7.5, 27.5], "uv_size": [4, 4]},
								"west": {"uv": [11.5, 27.5], "uv_size": [-4, 4]},
								"up": {"uv": [7.5, 31.5], "uv_size": [4, -4]},
								"down": {"uv": [7.5, 27.5], "uv_size": [4, 4]}
							}
						},
						{
							"origin": [-8.625, 11.75, -0.375],
							"size": [6, 2, 0.75],
							"pivot": [-5.625, 12.75, 0],
							"rotation": [0, -90, 0],
							"uv": {
								"north": {"uv": [12, 17], "uv_size": [-12, 4]},
								"east": {"uv": [12, 17], "uv_size": [-1, 4]},
								"south": {"uv": [0, 17], "uv_size": [12, 4]},
								"west": {"uv": [1, 17], "uv_size": [-1, 4]},
								"up": {"uv": [12, 17], "uv_size": [-12, -1]},
								"down": {"uv": [12, 21], "uv_size": [-12, 1]}
							}
						},
						{
							"origin": [-6.375, 11.25, 2.5],
							"size": [1.5, 2.75, 0.75],
							"uv": {
								"north": {"uv": [7.5, 27.5], "uv_size": [4, 4]},
								"east": {"uv": [7.5, 27.5], "uv_size": [4, 4]},
								"south": {"uv": [7.5, 27.5], "uv_size": [4, 4]},
								"west": {"uv": [11.5, 27.5], "uv_size": [-4, 4]},
								"up": {"uv": [7.5, 31.5], "uv_size": [4, -4]},
								"down": {"uv": [7.5, 27.5], "uv_size": [4, 4]}
							}
						}
					]
				},
				{
					"name": "enma",
					"parent": "katana",
					"pivot": [-5.625, 12.75, 0],
					"cubes": [
						{
							"origin": [-5.625, 11.5, -28],
							"size": [0, 2, 24],
							"uv": {
								"north": {"uv": [32, 32], "uv_size": [0, 0]},
								"east": {"uv": [32, 32], "uv_size": [0, 0]},
								"south": {"uv": [32, 32], "uv_size": [0, 0]},
								"west": {"uv": [32, 0], "uv_size": [-32, 4]},
								"up": {"uv": [32, 32], "uv_size": [0, 0]},
								"down": {"uv": [32, 32], "uv_size": [0, 0]}
							}
						},
						{
							"origin": [-6.375, 11.5, -3.75],
							"size": [1.5, 2.5, 0.75],
							"uv": {
								"north": {"uv": [7.5, 27.5], "uv_size": [4, 4]},
								"east": {"uv": [7.5, 27.5], "uv_size": [4, 4]},
								"south": {"uv": [7.5, 27.5], "uv_size": [4, 4]},
								"west": {"uv": [11.5, 27.5], "uv_size": [-4, 4]},
								"up": {"uv": [7.5, 31.5], "uv_size": [4, -4]},
								"down": {"uv": [7.5, 27.5], "uv_size": [4, 4]}
							}
						},
						{
							"origin": [-7.92678, 11.125, -3.75],
							"size": [1.75, 1.75, 0.5],
							"pivot": [-7.05178, 12, -3.5],
							"rotation": [0, 0, -135],
							"uv": {
								"north": {"uv": [21, 28], "uv_size": [4, 4]},
								"east": {"uv": [21, 28], "uv_size": [1, 4]},
								"south": {"uv": [25, 28], "uv_size": [-4, 4]},
								"west": {"uv": [25, 28], "uv_size": [-1, 4]},
								"up": {"uv": [21, 29], "uv_size": [4, -1]},
								"down": {"uv": [21, 31], "uv_size": [4, 1]}
							}
						},
						{
							"origin": [-5.375, 11.25, -3.75],
							"size": [1.75, 1.75, 0.5],
							"pivot": [-4.375, 12, -3.5],
							"rotation": [0, 0, 135],
							"uv": {
								"north": {"uv": [25, 28], "uv_size": [-4, 4]},
								"east": {"uv": [24, 28], "uv_size": [1, 4]},
								"south": {"uv": [21, 28], "uv_size": [4, 4]},
								"west": {"uv": [22, 28], "uv_size": [-1, 4]},
								"up": {"uv": [25, 29], "uv_size": [-4, -1]},
								"down": {"uv": [25, 31], "uv_size": [-4, 1]}
							}
						},
						{
							"origin": [-6.5, 13.80178, -3.75],
							"size": [1.75, 1.75, 0.5],
							"pivot": [-5.625, 14.67678, -3.5],
							"rotation": [0, 0, 45],
							"uv": {
								"north": {"uv": [25, 28], "uv_size": [-4, 4]},
								"east": {"uv": [24, 28], "uv_size": [1, 4]},
								"south": {"uv": [21, 28], "uv_size": [4, 4]},
								"west": {"uv": [22, 28], "uv_size": [-1, 4]},
								"up": {"uv": [25, 29], "uv_size": [-4, -1]},
								"down": {"uv": [25, 31], "uv_size": [-4, 1]}
							}
						},
						{
							"origin": [-5.875, 11.75, -4],
							"size": [0.5, 2, 0.25],
							"uv": {
								"north": {"uv": [7.5, 27.5], "uv_size": [4, 4]},
								"east": {"uv": [7.5, 27.5], "uv_size": [4, 4]},
								"south": {"uv": [7.5, 27.5], "uv_size": [4, 4]},
								"west": {"uv": [11.5, 27.5], "uv_size": [-4, 4]},
								"up": {"uv": [7.5, 31.5], "uv_size": [4, -4]},
								"down": {"uv": [7.5, 27.5], "uv_size": [4, 4]}
							}
						},
						{
							"origin": [-8.625, 11.75, -0.375],
							"size": [6, 2, 0.75],
							"pivot": [-5.625, 12.75, 0],
							"rotation": [0, -90, 0],
							"uv": {
								"north": {"uv": [12, 17], "uv_size": [-12, 4]},
								"east": {"uv": [12, 17], "uv_size": [-1, 4]},
								"south": {"uv": [0, 17], "uv_size": [12, 4]},
								"west": {"uv": [1, 17], "uv_size": [-1, 4]},
								"up": {"uv": [12, 17], "uv_size": [-12, -1]},
								"down": {"uv": [12, 21], "uv_size": [-12, 1]}
							}
						},
						{
							"origin": [-6.375, 11.25, 2.5],
							"size": [1.5, 2.75, 0.75],
							"uv": {
								"north": {"uv": [7.5, 27.5], "uv_size": [4, 4]},
								"east": {"uv": [7.5, 27.5], "uv_size": [4, 4]},
								"south": {"uv": [7.5, 27.5], "uv_size": [4, 4]},
								"west": {"uv": [11.5, 27.5], "uv_size": [-4, 4]},
								"up": {"uv": [7.5, 31.5], "uv_size": [4, -4]},
								"down": {"uv": [7.5, 27.5], "uv_size": [4, 4]}
							}
						}
					]
				},
				{
					"name": "gryphon",
					"parent": "katana",
					"pivot": [-5.625, 12.75, 0],
					"cubes": [
						{
							"origin": [-5.625, 11.5, -28],
							"size": [0, 2, 24],
							"uv": {
								"north": {"uv": [32, 32], "uv_size": [0, 0]},
								"east": {"uv": [32, 13.5], "uv_size": [0, 0]},
								"south": {"uv": [32, 32], "uv_size": [0, 0]},
								"west": {"uv": [32, 0], "uv_size": [-32, 4]},
								"up": {"uv": [32, 32], "uv_size": [0, 0]},
								"down": {"uv": [32, 32], "uv_size": [0, 0]}
							}
						},
						{
							"origin": [-6.375, 11.5, 2.5],
							"size": [1.5, 2.5, 0.75],
							"uv": {
								"north": {"uv": [14.5, 28.5], "uv_size": [4, 3]},
								"east": {"uv": [14.5, 28.5], "uv_size": [4, 3]},
								"south": {"uv": [14.5, 28.5], "uv_size": [4, 3]},
								"west": {"uv": [18.5, 28.5], "uv_size": [-4, 3]},
								"up": {"uv": [14.5, 28.5], "uv_size": [4, -1]},
								"down": {"uv": [14.5, 30.5], "uv_size": [4, 1]}
							}
						},
						{
							"origin": [-5.625, 10.25, -3],
							"size": [0, 1.5, 5],
							"uv": {
								"north": {"uv": [32, 32], "uv_size": [0, 0]},
								"east": {"uv": [24, 28], "uv_size": [6, 2]},
								"south": {"uv": [32, 32], "uv_size": [0, 0]},
								"west": {"uv": [30, 28], "uv_size": [-6, 2]},
								"up": {"uv": [32, 32], "uv_size": [0, 0]},
								"down": {"uv": [32, 32], "uv_size": [0, 0]}
							}
						},
						{
							"origin": [-7.375, 11.25, -4],
							"size": [3.5, 3, 1],
							"uv": {
								"north": {"uv": [14.5, 28.5], "uv_size": [4, 3]},
								"east": {"uv": [14.5, 28.5], "uv_size": [4, 3]},
								"south": {"uv": [14.5, 28.5], "uv_size": [4, 3]},
								"west": {"uv": [18.5, 28.5], "uv_size": [-4, 3]},
								"up": {"uv": [14.5, 28.5], "uv_size": [4, -1]},
								"down": {"uv": [14.5, 30.5], "uv_size": [4, 1]}
							}
						},
						{
							"origin": [-6.875, 10.75, -4],
							"size": [2.5, 4, 1],
							"inflate": 0.01,
							"uv": {
								"north": {"uv": [14.5, 28.5], "uv_size": [4, 3]},
								"east": {"uv": [14.5, 28.5], "uv_size": [4, 3]},
								"south": {"uv": [14.5, 28.5], "uv_size": [4, 3]},
								"west": {"uv": [18.5, 28.5], "uv_size": [-4, 3]},
								"up": {"uv": [14.5, 28.5], "uv_size": [4, -1]},
								"down": {"uv": [14.5, 30.5], "uv_size": [4, 1]}
							}
						},
						{
							"origin": [-8.625, 11.75, -0.375],
							"size": [6, 2, 0.75],
							"pivot": [-5.625, 12.75, 0],
							"rotation": [0, -90, 0],
							"uv": {
								"north": {"uv": [12, 17], "uv_size": [-12, 4]},
								"east": {"uv": [12, 17], "uv_size": [-1, 4]},
								"south": {"uv": [0, 17], "uv_size": [12, 4]},
								"west": {"uv": [1, 17], "uv_size": [-1, 4]},
								"up": {"uv": [12, 17], "uv_size": [-12, -1]},
								"down": {"uv": [12, 21], "uv_size": [-12, 1]}
							}
						}
					]
				},
				{
					"name": "katana_basic",
					"parent": "katana",
					"pivot": [-5.625, 12.75, 0],
					"cubes": [
						{
							"origin": [-5.625, 11.5, -28],
							"size": [0, 2, 24],
							"uv": {
								"north": {"uv": [32, 32], "uv_size": [0, 0]},
								"east": {"uv": [32, 13.5], "uv_size": [0, 0]},
								"south": {"uv": [32, 32], "uv_size": [0, 0]},
								"west": {"uv": [32, 0], "uv_size": [-32, 4]},
								"up": {"uv": [32, 32], "uv_size": [0, 0]},
								"down": {"uv": [32, 32], "uv_size": [0, 0]}
							}
						},
						{
							"origin": [-6.375, 11.5, 2.5],
							"size": [1.5, 2.5, 0.75],
							"uv": {
								"north": {"uv": [14.5, 28.5], "uv_size": [4, 3]},
								"east": {"uv": [14.5, 28.5], "uv_size": [4, 3]},
								"south": {"uv": [14.5, 28.5], "uv_size": [4, 3]},
								"west": {"uv": [18.5, 28.5], "uv_size": [-4, 3]},
								"up": {"uv": [14.5, 28.5], "uv_size": [4, -1]},
								"down": {"uv": [14.5, 30.5], "uv_size": [4, 1]}
							}
						},
						{
							"origin": [-7.375, 11.25, -4],
							"size": [3.5, 3, 1],
							"uv": {
								"north": {"uv": [14.5, 28.5], "uv_size": [4, 3]},
								"east": {"uv": [14.5, 28.5], "uv_size": [4, 3]},
								"south": {"uv": [14.5, 28.5], "uv_size": [4, 3]},
								"west": {"uv": [18.5, 28.5], "uv_size": [-4, 3]},
								"up": {"uv": [14.5, 28.5], "uv_size": [4, -1]},
								"down": {"uv": [14.5, 30.5], "uv_size": [4, 1]}
							}
						},
						{
							"origin": [-6.875, 10.75, -4],
							"size": [2.5, 4, 1],
							"inflate": 0.01,
							"uv": {
								"north": {"uv": [14.5, 28.5], "uv_size": [4, 3]},
								"east": {"uv": [14.5, 28.5], "uv_size": [4, 3]},
								"south": {"uv": [14.5, 28.5], "uv_size": [4, 3]},
								"west": {"uv": [18.5, 28.5], "uv_size": [-4, 3]},
								"up": {"uv": [14.5, 28.5], "uv_size": [4, -1]},
								"down": {"uv": [14.5, 30.5], "uv_size": [4, 1]}
							}
						},
						{
							"origin": [-8.625, 11.75, -0.375],
							"size": [6, 2, 0.75],
							"pivot": [-5.625, 12.75, 0],
							"rotation": [0, -90, 0],
							"uv": {
								"north": {"uv": [12, 17], "uv_size": [-12, 4]},
								"east": {"uv": [12, 17], "uv_size": [-1, 4]},
								"south": {"uv": [0, 17], "uv_size": [12, 4]},
								"west": {"uv": [1, 17], "uv_size": [-1, 4]},
								"up": {"uv": [12, 17], "uv_size": [-12, -1]},
								"down": {"uv": [12, 21], "uv_size": [-12, 1]}
							}
						}
					]
				},
				{
					"name": "kikoku",
					"parent": "katana",
					"pivot": [-5.625, 12.75, 0],
					"cubes": [
						{
							"origin": [-5.625, 11.5, -32],
							"size": [0, 2, 24],
							"uv": {
								"north": {"uv": [32, 32], "uv_size": [0, 0]},
								"east": {"uv": [32, 32], "uv_size": [0, 0]},
								"south": {"uv": [32, 32], "uv_size": [0, 0]},
								"west": {"uv": [32, 0], "uv_size": [-32, 4]},
								"up": {"uv": [32, 32], "uv_size": [0, 0]},
								"down": {"uv": [32, 32], "uv_size": [0, 0]}
							}
						},
						{
							"origin": [-5.625, 11.5, -8],
							"size": [0, 2, 4],
							"uv": {
								"north": {"uv": [32, 32], "uv_size": [0, 0]},
								"east": {"uv": [32, 32], "uv_size": [0, 0]},
								"south": {"uv": [32, 32], "uv_size": [0, 0]},
								"west": {"uv": [3, 0], "uv_size": [-3, 4]},
								"up": {"uv": [32, 32], "uv_size": [0, 0]},
								"down": {"uv": [32, 32], "uv_size": [0, 0]}
							}
						},
						{
							"origin": [-7.625, 10.75, -4],
							"size": [4, 4, 1],
							"uv": {
								"north": {"uv": [21.5, 28], "uv_size": [4, 3.5]},
								"east": {"uv": [21.5, 28], "uv_size": [1, 3.5]},
								"south": {"uv": [21.5, 28], "uv_size": [4, 3.5]},
								"west": {"uv": [25.5, 28], "uv_size": [-1, 3.5]},
								"up": {"uv": [21.5, 28.5], "uv_size": [4, -1]},
								"down": {"uv": [21.5, 30.5], "uv_size": [4, 1]}
							}
						},
						{
							"origin": [-8.625, 11.75, -0.375],
							"size": [6, 2, 0.75],
							"pivot": [-5.625, 12.75, 0],
							"rotation": [0, -90, 0],
							"uv": {
								"north": {"uv": [12, 17], "uv_size": [-12, 4]},
								"east": {"uv": [12, 17], "uv_size": [-1, 4]},
								"south": {"uv": [0, 17], "uv_size": [12, 4]},
								"west": {"uv": [1, 17], "uv_size": [-1, 4]},
								"up": {"uv": [12, 17], "uv_size": [-12, -1]},
								"down": {"uv": [12, 21], "uv_size": [-12, 1]}
							}
						},
						{
							"origin": [-6.375, 11.5, 3],
							"size": [1.5, 2.5, 0.75],
							"uv": {
								"north": {"uv": [14.5, 28.5], "uv_size": [4, 3]},
								"east": {"uv": [14.5, 28.5], "uv_size": [4, 3]},
								"south": {"uv": [14.5, 28.5], "uv_size": [4, 3]},
								"west": {"uv": [18.5, 28.5], "uv_size": [-4, 3]},
								"up": {"uv": [14.5, 28.5], "uv_size": [4, -1]},
								"down": {"uv": [14.5, 30.5], "uv_size": [4, 1]}
							}
						},
						{
							"origin": [-5.875, 11.75, -4],
							"size": [0.5, 2, 0.25],
							"uv": {
								"north": {"uv": [7.5, 27.5], "uv_size": [4, 4]},
								"east": {"uv": [7.5, 27.5], "uv_size": [4, 4]},
								"south": {"uv": [7.5, 27.5], "uv_size": [4, 4]},
								"west": {"uv": [11.5, 27.5], "uv_size": [-4, 4]},
								"up": {"uv": [7.5, 31.5], "uv_size": [4, -4]},
								"down": {"uv": [7.5, 27.5], "uv_size": [4, 4]}
							}
						}
					]
				},
				{
					"name": "mogura",
					"parent": "katana",
					"pivot": [-5.625, 12.75, 0],
					"cubes": [
						{
							"origin": [-30.5, 12, 4.625],
							"size": [40, 1.5, 1.5],
							"pivot": [-5.375, 12.875, 5.125],
							"rotation": [0, -90, 0],
							"uv": {
								"north": {"uv": [0, 28], "uv_size": [3, 3]},
								"east": {"uv": [0, 28], "uv_size": [3, 3]},
								"south": {"uv": [0, 28], "uv_size": [3, 3]},
								"west": {"uv": [3, 28], "uv_size": [-3, 3]},
								"up": {"uv": [0, 29], "uv_size": [3, -1]},
								"down": {"uv": [0, 31], "uv_size": [3, 1]}
							}
						},
						{
							"origin": [-6.625, 11, -22],
							"size": [2, 3.5, 2],
							"pivot": [-5.625, 13.25, -21],
							"rotation": [0, -90, 0],
							"uv": {
								"north": {"uv": [8, 28], "uv_size": [4, 4]},
								"east": {"uv": [8, 28], "uv_size": [1, 4]},
								"south": {"uv": [8, 28], "uv_size": [4, 4]},
								"west": {"uv": [12, 28], "uv_size": [-1, 4]},
								"up": {"uv": [8, 29], "uv_size": [4, -1]},
								"down": {"uv": [8, 31], "uv_size": [4, 1]}
							}
						},
						{
							"origin": [-6.625, 11.5, -19.75],
							"size": [2, 2.5, 1.5],
							"inflate": 0.05,
							"pivot": [-5.625, 12.75, -19],
							"rotation": [0, -90, 0],
							"uv": {
								"north": {"uv": [8, 28], "uv_size": [4, 4]},
								"east": {"uv": [8, 28], "uv_size": [1, 4]},
								"south": {"uv": [8, 28], "uv_size": [4, 4]},
								"west": {"uv": [12, 28], "uv_size": [-1, 4]},
								"up": {"uv": [8, 29], "uv_size": [4, -1]},
								"down": {"uv": [8, 31], "uv_size": [4, 1]}
							}
						},
						{
							"origin": [-5.625, 5.75, -37.75],
							"size": [0, 25, 13],
							"inflate": 0.01,
							"pivot": [-5.625, 14.5, -29.5],
							"rotation": [90, 0, 0],
							"uv": {
								"north": {"uv": [32, 32], "uv_size": [0, 0]},
								"east": {"uv": [0, 0], "uv_size": [13, 25]},
								"south": {"uv": [32, 32], "uv_size": [0, 0]},
								"west": {"uv": [13, 0], "uv_size": [-13, 25]},
								"up": {"uv": [32, 32], "uv_size": [0, 0]},
								"down": {"uv": [32, 32], "uv_size": [0, 0]}
							}
						}
					],
					"locators": {
						"mogura": [-5.625, 13, -31.5]
					}
				},
				{
					"name": "murakumogiri",
					"parent": "katana",
					"pivot": [-5.625, 12.75, 0],
					"cubes": [
						{
							"origin": [-6.25, 12.125, 24.25],
							"size": [1.25, 1.75, 0.9375],
							"uv": {
								"north": {"uv": [28.5, 18.5], "uv_size": [3, 3]},
								"east": {"uv": [28.5, 18.5], "uv_size": [3, 3]},
								"south": {"uv": [28.5, 18.5], "uv_size": [3, 3]},
								"west": {"uv": [31.5, 18.5], "uv_size": [-3, 3]},
								"up": {"uv": [28.5, 21.5], "uv_size": [3, -3]},
								"down": {"uv": [28.5, 18.5], "uv_size": [3, 3]}
							}
						},
						{
							"origin": [-10.75, 12.25, -20.25],
							"size": [10, 1.5, 1],
							"pivot": [-5.375, 12.75, -20],
							"rotation": [0, -90, 0],
							"uv": {
								"north": {"uv": [0, 28], "uv_size": [20, 3]},
								"east": {"uv": [0, 28], "uv_size": [1, 3]},
								"south": {"uv": [20, 28], "uv_size": [-20, 3]},
								"west": {"uv": [20, 28], "uv_size": [-1, 3]},
								"up": {"uv": [0, 28], "uv_size": [20, -1]},
								"down": {"uv": [0, 32], "uv_size": [20, -1]}
							}
						},
						{
							"origin": [-0.75, 12.25, -20.25],
							"size": [10, 1.5, 1],
							"pivot": [-5.375, 12.75, -20],
							"rotation": [0, -90, 0],
							"uv": {
								"north": {"uv": [2, 28], "uv_size": [20, 3]},
								"east": {"uv": [2, 28], "uv_size": [1, 3]},
								"south": {"uv": [22, 28], "uv_size": [-20, 3]},
								"west": {"uv": [22, 28.5], "uv_size": [-1, 3]},
								"up": {"uv": [2, 28], "uv_size": [20, -1]},
								"down": {"uv": [2, 32], "uv_size": [20, -1]}
							}
						},
						{
							"origin": [19.25, 12.25, -20.25],
							"size": [10, 1.5, 1],
							"pivot": [-5.375, 12.75, -20],
							"rotation": [0, -90, 0],
							"uv": {
								"north": {"uv": [0, 28], "uv_size": [20, 3]},
								"east": {"uv": [0, 28], "uv_size": [1, 3]},
								"south": {"uv": [20, 28], "uv_size": [-20, 3]},
								"west": {"uv": [20, 28], "uv_size": [-1, 3]},
								"up": {"uv": [0, 28], "uv_size": [20, -1]},
								"down": {"uv": [0, 32], "uv_size": [20, -1]}
							}
						},
						{
							"origin": [9.25, 12.25, -20.25],
							"size": [10, 1.5, 1],
							"pivot": [-5.375, 12.75, -20],
							"rotation": [0, -90, 0],
							"uv": {
								"north": {"uv": [1, 28], "uv_size": [20, 3]},
								"east": {"uv": [1, 28], "uv_size": [1, 3]},
								"south": {"uv": [21, 28], "uv_size": [-20, 3]},
								"west": {"uv": [21, 28], "uv_size": [-1, 3]},
								"up": {"uv": [1, 28], "uv_size": [20, -1]},
								"down": {"uv": [1, 32], "uv_size": [20, -1]}
							}
						},
						{
							"origin": [29.25, 12.25, -20.25],
							"size": [10, 1.5, 1],
							"pivot": [-5.375, 12.75, -20],
							"rotation": [0, -90, 0],
							"uv": {
								"north": {"uv": [2, 28], "uv_size": [20, 3]},
								"east": {"uv": [2, 28], "uv_size": [1, 3]},
								"south": {"uv": [22, 28], "uv_size": [-20, 3]},
								"west": {"uv": [22, 28], "uv_size": [-1, 3]},
								"up": {"uv": [2, 28], "uv_size": [20, -1]},
								"down": {"uv": [2, 32], "uv_size": [20, -1]}
							}
						},
						{
							"origin": [-5.625, 9.375, -62.8125],
							"size": [0, 7.5, 24.5],
							"inflate": 0.01,
							"uv": {
								"north": {"uv": [32, 32], "uv_size": [0, 0]},
								"east": {"uv": [0, 0], "uv_size": [20, 6]},
								"south": {"uv": [32, 32], "uv_size": [0, 0]},
								"west": {"uv": [20, 0], "uv_size": [-20, 6]},
								"up": {"uv": [32, 32], "uv_size": [0, 0]},
								"down": {"uv": [32, 32], "uv_size": [0, 0]}
							}
						},
						{
							"origin": [-6, 12.125, -44.375],
							"size": [0.75, 1.5, 0.75],
							"uv": {
								"north": {"uv": [27.5, 25.5], "uv_size": [4, 4]},
								"east": {"uv": [27.5, 25.5], "uv_size": [4, 4]},
								"south": {"uv": [27.5, 25.5], "uv_size": [4, 4]},
								"west": {"uv": [31.5, 25.5], "uv_size": [-4, 4]},
								"up": {"uv": [27.5, 19.5], "uv_size": [4, -1]},
								"down": {"uv": [27.5, 25.5], "uv_size": [4, 4]}
							}
						},
						{
							"origin": [-6, 11.375, -43.625],
							"size": [0.75, 3, 5.25],
							"uv": {
								"north": {"uv": [26, 3], "uv_size": [1, 4]},
								"east": {"uv": [32, 3], "uv_size": [-7, 4]},
								"south": {"uv": [31, 3], "uv_size": [1, 4]},
								"west": {"uv": [32, 3], "uv_size": [-7, 4]},
								"up": {"uv": [25, 3], "uv_size": [7, -1]},
								"down": {"uv": [25, 7], "uv_size": [7, 1]}
							}
						},
						{
							"origin": [-6.75, 10.0625, -38.375],
							"size": [2.25, 6, 1],
							"uv": {
								"north": {"uv": [27.5, 18.5], "uv_size": [4, 4]},
								"east": {"uv": [27.5, 18.5], "uv_size": [4, 4]},
								"south": {"uv": [27.5, 18.5], "uv_size": [4, 4]},
								"west": {"uv": [31.5, 18.5], "uv_size": [-4, 4]},
								"up": {"uv": [27.5, 19.5], "uv_size": [4, -1]},
								"down": {"uv": [27.5, 21.5], "uv_size": [4, 1]}
							}
						},
						{
							"origin": [-6.75, 10.8125, -37.375],
							"size": [2.25, 4.5, 7.5],
							"uv": {
								"north": {"uv": [27.5, 18.5], "uv_size": [4, 4]},
								"east": {"uv": [0, 10], "uv_size": [14, 8]},
								"south": {"uv": [27.5, 18.5], "uv_size": [4, 4]},
								"west": {"uv": [14, 10], "uv_size": [-14, 8]},
								"up": {"uv": [27.5, 19.5], "uv_size": [4, -1]},
								"down": {"uv": [27.5, 21.5], "uv_size": [4, 1]}
							}
						},
						{
							"origin": [-6.75, 10.8125, -37.375],
							"size": [2.25, 0.5, 7.5],
							"pivot": [-5.625, 10.8125, -29.875],
							"rotation": [2.5, 0, 0],
							"uv": {
								"north": {"uv": [27.5, 21.5], "uv_size": [4, 1]},
								"east": {"uv": [27.5, 21.5], "uv_size": [4, 1]},
								"south": {"uv": [27.5, 21.5], "uv_size": [4, 1]},
								"west": {"uv": [31.5, 21.5], "uv_size": [-4, 1]},
								"up": {"uv": [27.5, 22.5], "uv_size": [4, -1]},
								"down": {"uv": [27.5, 21.5], "uv_size": [4, 1]}
							}
						},
						{
							"origin": [-6.75, 14.81298, -37.39681],
							"size": [2.25, 0.5, 7.5],
							"pivot": [-5.625, 15.3125, -29.875],
							"rotation": [-2.5, 0, 0],
							"uv": {
								"north": {"uv": [27.5, 18.5], "uv_size": [4, 1]},
								"east": {"uv": [27.5, 18.5], "uv_size": [4, 1]},
								"south": {"uv": [27.5, 18.5], "uv_size": [4, 1]},
								"west": {"uv": [31.5, 18.5], "uv_size": [-4, 1]},
								"up": {"uv": [27.5, 19.5], "uv_size": [4, -1]},
								"down": {"uv": [27.5, 18.5], "uv_size": [4, 1]}
							}
						},
						{
							"origin": [-5.25, 11.1875, -28.25],
							"size": [2.25, 3.75, 2],
							"pivot": [-5.625, 13.0625, -27.25],
							"rotation": [0, 90, 0],
							"uv": {
								"north": {"uv": [1, 20], "uv_size": [3, 4]},
								"east": {"uv": [0, 20], "uv_size": [1, 4]},
								"south": {"uv": [1, 20], "uv_size": [3, 4]},
								"west": {"uv": [4, 20], "uv_size": [-1, 4]},
								"up": {"uv": [1, 20], "uv_size": [3, -1]},
								"down": {"uv": [1, 24], "uv_size": [3, 1]}
							}
						},
						{
							"origin": [-7.5, 11.5625, -28.125],
							"size": [2.25, 3, 1.75],
							"pivot": [-5.625, 13.0625, -27.25],
							"rotation": [0, 90, 0],
							"uv": {
								"north": {"uv": [0, 20], "uv_size": [3, 4]},
								"east": {"uv": [1, 20], "uv_size": [1, 4]},
								"south": {"uv": [0, 20], "uv_size": [3, 4]},
								"west": {"uv": [3, 20], "uv_size": [-1, 4]},
								"up": {"uv": [0, 20], "uv_size": [3, -1]},
								"down": {"uv": [0, 24], "uv_size": [3, 1]}
							}
						}
					]
				},
				{
					"name": "sandai_kitetsu",
					"parent": "katana",
					"pivot": [-5.625, 12.75, 0],
					"cubes": [
						{
							"origin": [-5.625, 11.5, -28],
							"size": [0, 2, 24],
							"uv": {
								"north": {"uv": [32, 32], "uv_size": [0, 0]},
								"east": {"uv": [32, 32], "uv_size": [0, 0]},
								"south": {"uv": [32, 32], "uv_size": [0, 0]},
								"west": {"uv": [32, 0], "uv_size": [-32, 4]},
								"up": {"uv": [32, 32], "uv_size": [0, 0]},
								"down": {"uv": [32, 32], "uv_size": [0, 0]}
							}
						},
						{
							"origin": [-5.875, 11.75, -4],
							"size": [0.5, 2, 0.25],
							"uv": {
								"north": {"uv": [7.5, 27.5], "uv_size": [4, 4]},
								"east": {"uv": [7.5, 27.5], "uv_size": [4, 4]},
								"south": {"uv": [7.5, 27.5], "uv_size": [4, 4]},
								"west": {"uv": [11.5, 27.5], "uv_size": [-4, 4]},
								"up": {"uv": [7.5, 31.5], "uv_size": [4, -4]},
								"down": {"uv": [7.5, 27.5], "uv_size": [4, 4]}
							}
						},
						{
							"origin": [-8.625, 11.75, -0.375],
							"size": [6, 2, 0.75],
							"pivot": [-5.625, 12.75, 0],
							"rotation": [0, -90, 0],
							"uv": {
								"north": {"uv": [12, 17], "uv_size": [-12, 4]},
								"east": {"uv": [12, 17], "uv_size": [-1, 4]},
								"south": {"uv": [0, 17], "uv_size": [12, 4]},
								"west": {"uv": [1, 17], "uv_size": [-1, 4]},
								"up": {"uv": [12, 17], "uv_size": [-12, -1]},
								"down": {"uv": [12, 21], "uv_size": [-12, 1]}
							}
						},
						{
							"origin": [-6.375, 11.25, 2.5],
							"size": [1.5, 2.75, 0.75],
							"uv": {
								"north": {"uv": [7.5, 27.5], "uv_size": [4, 4]},
								"east": {"uv": [7.5, 27.5], "uv_size": [4, 4]},
								"south": {"uv": [7.5, 27.5], "uv_size": [4, 4]},
								"west": {"uv": [11.5, 27.5], "uv_size": [-4, 4]},
								"up": {"uv": [7.5, 31.5], "uv_size": [4, -4]},
								"down": {"uv": [7.5, 27.5], "uv_size": [4, 4]}
							}
						},
						{
							"origin": [-6.875, 12.25, -3.75],
							"size": [0.75, 1, 0.75],
							"uv": {
								"north": {"uv": [7.5, 27.5], "uv_size": [4, 4]},
								"east": {"uv": [7.5, 27.5], "uv_size": [4, 4]},
								"south": {"uv": [7.5, 27.5], "uv_size": [4, 4]},
								"west": {"uv": [11.5, 27.5], "uv_size": [-4, 4]},
								"up": {"uv": [7.5, 31.5], "uv_size": [4, -4]},
								"down": {"uv": [7.5, 27.5], "uv_size": [4, 4]}
							}
						},
						{
							"origin": [-5.125, 12.25, -3.75],
							"size": [0.75, 1, 0.75],
							"uv": {
								"north": {"uv": [7.5, 27.5], "uv_size": [4, 4]},
								"east": {"uv": [7.5, 27.5], "uv_size": [4, 4]},
								"south": {"uv": [7.5, 27.5], "uv_size": [4, 4]},
								"west": {"uv": [11.5, 27.5], "uv_size": [-4, 4]},
								"up": {"uv": [7.5, 31.5], "uv_size": [4, -4]},
								"down": {"uv": [7.5, 27.5], "uv_size": [4, 4]}
							}
						},
						{
							"origin": [-7.375, 12, -3.75],
							"size": [0.5, 1.5, 0.75],
							"uv": {
								"north": {"uv": [14.5, 28.5], "uv_size": [4, 3]},
								"east": {"uv": [14.5, 28.5], "uv_size": [4, 3]},
								"south": {"uv": [14.5, 28.5], "uv_size": [4, 3]},
								"west": {"uv": [18.5, 28.5], "uv_size": [-4, 3]},
								"up": {"uv": [14.5, 28.5], "uv_size": [4, -1]},
								"down": {"uv": [14.5, 30.5], "uv_size": [4, 1]}
							}
						},
						{
							"origin": [-4.375, 12, -3.75],
							"size": [0.5, 1.5, 0.75],
							"uv": {
								"north": {"uv": [14.5, 28.5], "uv_size": [4, 3]},
								"east": {"uv": [14.5, 28.5], "uv_size": [4, 3]},
								"south": {"uv": [14.5, 28.5], "uv_size": [4, 3]},
								"west": {"uv": [18.5, 28.5], "uv_size": [-4, 3]},
								"up": {"uv": [14.5, 28.5], "uv_size": [4, -1]},
								"down": {"uv": [14.5, 30.5], "uv_size": [4, 1]}
							}
						},
						{
							"origin": [-6.375, 10.875, -3.75],
							"size": [1.5, 0.5, 0.75],
							"uv": {
								"north": {"uv": [7.5, 27.5], "uv_size": [4, 4]},
								"east": {"uv": [7.5, 27.5], "uv_size": [4, 4]},
								"south": {"uv": [7.5, 27.5], "uv_size": [4, 4]},
								"west": {"uv": [11.5, 27.5], "uv_size": [-4, 4]},
								"up": {"uv": [7.5, 31.5], "uv_size": [4, -4]},
								"down": {"uv": [7.5, 27.5], "uv_size": [4, 4]}
							}
						},
						{
							"origin": [-6.375, 14.125, -3.75],
							"size": [1.5, 0.5, 0.75],
							"uv": {
								"north": {"uv": [14.5, 27.5], "uv_size": [4, 1]},
								"east": {"uv": [14.5, 27.5], "uv_size": [4, 1]},
								"south": {"uv": [14.5, 27.5], "uv_size": [4, 1]},
								"west": {"uv": [18.5, 27.5], "uv_size": [-4, 1]},
								"up": {"uv": [14.5, 28.5], "uv_size": [4, -1]},
								"down": {"uv": [14.5, 27.5], "uv_size": [4, 1]}
							}
						},
						{
							"origin": [-6.125, 13.375, -3.75],
							"size": [1, 0.75, 0.75],
							"uv": {
								"north": {"uv": [7.5, 27.5], "uv_size": [4, 4]},
								"east": {"uv": [7.5, 27.5], "uv_size": [4, 4]},
								"south": {"uv": [7.5, 27.5], "uv_size": [4, 4]},
								"west": {"uv": [11.5, 27.5], "uv_size": [-4, 4]},
								"up": {"uv": [7.5, 31.5], "uv_size": [4, -4]},
								"down": {"uv": [7.5, 27.5], "uv_size": [4, 4]}
							}
						},
						{
							"origin": [-6.125, 11.375, -3.75],
							"size": [1, 0.75, 0.75],
							"uv": {
								"north": {"uv": [7.5, 27.5], "uv_size": [4, 4]},
								"east": {"uv": [7.5, 27.5], "uv_size": [4, 4]},
								"south": {"uv": [7.5, 27.5], "uv_size": [4, 4]},
								"west": {"uv": [11.5, 27.5], "uv_size": [-4, 4]},
								"up": {"uv": [7.5, 31.5], "uv_size": [4, -4]},
								"down": {"uv": [7.5, 27.5], "uv_size": [4, 4]}
							}
						},
						{
							"origin": [-6.375, 12, -3.75],
							"size": [1.5, 1.5, 0.75],
							"uv": {
								"north": {"uv": [7.5, 27.5], "uv_size": [4, 4]},
								"east": {"uv": [7.5, 27.5], "uv_size": [4, 4]},
								"south": {"uv": [7.5, 27.5], "uv_size": [4, 4]},
								"west": {"uv": [11.5, 27.5], "uv_size": [-4, 4]},
								"up": {"uv": [7.5, 31.5], "uv_size": [4, -4]},
								"down": {"uv": [7.5, 27.5], "uv_size": [4, 4]}
							}
						}
					]
				},
				{
					"name": "shusui",
					"parent": "katana",
					"pivot": [-5.625, 12.75, 0],
					"cubes": [
						{
							"origin": [-5.625, 11.5, -28],
							"size": [0, 2, 24],
							"uv": {
								"north": {"uv": [32, 32], "uv_size": [0, 0]},
								"east": {"uv": [32, 32], "uv_size": [0, 0]},
								"south": {"uv": [32, 32], "uv_size": [0, 0]},
								"west": {"uv": [32, 0], "uv_size": [-32, 4]},
								"up": {"uv": [32, 32], "uv_size": [0, 0]},
								"down": {"uv": [32, 32], "uv_size": [0, 0]}
							}
						},
						{
							"origin": [-7.125, 11.25, -3.5],
							"size": [3, 3, 0.5],
							"pivot": [-5.625, 12.75, -3.5],
							"rotation": [0, 0, 45],
							"uv": {
								"north": {"uv": [24.5, 28.5], "uv_size": [-3, 3]},
								"east": {"uv": [23.5, 28.5], "uv_size": [1, 3]},
								"south": {"uv": [21.5, 28.5], "uv_size": [3, 3]},
								"west": {"uv": [21.5, 28.5], "uv_size": [1, 3]},
								"up": {"uv": [24.5, 29.5], "uv_size": [-3, -1]},
								"down": {"uv": [24.5, 31.5], "uv_size": [-3, -1]}
							}
						},
						{
							"origin": [-7.125, 11.25, -3.5],
							"size": [3, 3, 0.5],
							"inflate": 0.01,
							"uv": {
								"north": {"uv": [14.5, 28.5], "uv_size": [4, 3]},
								"east": {"uv": [14.5, 28.5], "uv_size": [4, 3]},
								"south": {"uv": [14.5, 28.5], "uv_size": [4, 3]},
								"west": {"uv": [14.5, 28.5], "uv_size": [4, 3]},
								"up": {"uv": [18.5, 28.5], "uv_size": [-4, -1]},
								"down": {"uv": [18.5, 31.5], "uv_size": [-4, -1]}
							}
						},
						{
							"origin": [-8.625, 11.75, -0.375],
							"size": [6, 2, 0.75],
							"pivot": [-5.625, 12.75, 0],
							"rotation": [0, -90, 0],
							"uv": {
								"north": {"uv": [12, 17], "uv_size": [-12, 4]},
								"east": {"uv": [12, 17], "uv_size": [-1, 4]},
								"south": {"uv": [0, 17], "uv_size": [12, 4]},
								"west": {"uv": [1, 17], "uv_size": [-1, 4]},
								"up": {"uv": [12, 17], "uv_size": [-12, -1]},
								"down": {"uv": [12, 21], "uv_size": [-12, 1]}
							}
						},
						{
							"origin": [-6.375, 11.25, 2.5],
							"size": [1.5, 2.75, 0.75],
							"uv": {
								"north": {"uv": [7.5, 27.5], "uv_size": [4, 4]},
								"east": {"uv": [7.5, 27.5], "uv_size": [4, 4]},
								"south": {"uv": [7.5, 27.5], "uv_size": [4, 4]},
								"west": {"uv": [11.5, 27.5], "uv_size": [-4, 4]},
								"up": {"uv": [7.5, 31.5], "uv_size": [4, -4]},
								"down": {"uv": [7.5, 27.5], "uv_size": [4, 4]}
							}
						},
						{
							"origin": [-5.875, 11.75, -4],
							"size": [0.5, 2, 0.75],
							"uv": {
								"north": {"uv": [7.5, 27.5], "uv_size": [4, 4]},
								"east": {"uv": [7.5, 27.5], "uv_size": [4, 4]},
								"south": {"uv": [7.5, 27.5], "uv_size": [4, 4]},
								"west": {"uv": [11.5, 27.5], "uv_size": [-4, 4]},
								"up": {"uv": [7.5, 31.5], "uv_size": [4, -4]},
								"down": {"uv": [7.5, 27.5], "uv_size": [4, 4]}
							}
						}
					]
				},
				{
					"name": "yubashiri",
					"parent": "katana",
					"pivot": [-5.625, 12.75, 0],
					"cubes": [
						{
							"origin": [-5.625, 11.5, -28],
							"size": [0, 2, 24],
							"uv": {
								"north": {"uv": [32, 32], "uv_size": [0, 0]},
								"east": {"uv": [32, 32], "uv_size": [0, 0]},
								"south": {"uv": [32, 32], "uv_size": [0, 0]},
								"west": {"uv": [32, 0], "uv_size": [-32, 4]},
								"up": {"uv": [32, 32], "uv_size": [0, 0]},
								"down": {"uv": [32, 32], "uv_size": [0, 0]}
							}
						},
						{
							"origin": [-6.1, 11, -3.5],
							"size": [1, 3.5, 0.5],
							"inflate": 0.01,
							"uv": {
								"north": {"uv": [14.5, 28.5], "uv_size": [4, 3.5]},
								"east": {"uv": [14.5, 28.5], "uv_size": [3.75, 3.5]},
								"south": {"uv": [14.5, 28.5], "uv_size": [4, 3.5]},
								"west": {"uv": [14.5, 28.5], "uv_size": [4, 3.5]},
								"up": {"uv": [18.5, 28.5], "uv_size": [-4, -1]},
								"down": {"uv": [18.5, 31.5], "uv_size": [-4, -1]}
							}
						},
						{
							"origin": [-6.625, 11.5, -3.5],
							"size": [2, 2.5, 0.5],
							"uv": {
								"north": {"uv": [14.5, 28.25], "uv_size": [4, 3.25]},
								"east": {"uv": [14.5, 28.25], "uv_size": [4, 3.25]},
								"south": {"uv": [14.5, 28.25], "uv_size": [4, 3.25]},
								"west": {"uv": [14.5, 28.25], "uv_size": [4, 3.25]},
								"up": {"uv": [18.5, 28.5], "uv_size": [-4, -1]},
								"down": {"uv": [18.5, 31.5], "uv_size": [-4, -1]}
							}
						},
						{
							"origin": [-8.625, 11.75, -0.375],
							"size": [6, 2, 0.75],
							"pivot": [-5.625, 12.75, 0],
							"rotation": [0, -90, 0],
							"uv": {
								"north": {"uv": [12, 17], "uv_size": [-12, 4]},
								"east": {"uv": [12, 17], "uv_size": [-1, 4]},
								"south": {"uv": [0, 17], "uv_size": [12, 4]},
								"west": {"uv": [1, 17], "uv_size": [-1, 4]},
								"up": {"uv": [12, 17], "uv_size": [-12, -1]},
								"down": {"uv": [12, 21], "uv_size": [-12, 1]}
							}
						},
						{
							"origin": [-6.375, 11.25, 2.5],
							"size": [1.5, 2.75, 0.75],
							"uv": {
								"north": {"uv": [7.5, 27.5], "uv_size": [4, 4]},
								"east": {"uv": [7.5, 27.5], "uv_size": [4, 4]},
								"south": {"uv": [7.5, 27.5], "uv_size": [4, 4]},
								"west": {"uv": [11.5, 27.5], "uv_size": [-4, 4]},
								"up": {"uv": [7.5, 31.5], "uv_size": [4, -4]},
								"down": {"uv": [7.5, 27.5], "uv_size": [4, 4]}
							}
						},
						{
							"origin": [-5.875, 11.75, -4],
							"size": [0.5, 2, 0.75],
							"uv": {
								"north": {"uv": [7.5, 27.5], "uv_size": [4, 4]},
								"east": {"uv": [7.5, 27.5], "uv_size": [4, 4]},
								"south": {"uv": [7.5, 27.5], "uv_size": [4, 4]},
								"west": {"uv": [11.5, 27.5], "uv_size": [-4, 4]},
								"up": {"uv": [7.5, 31.5], "uv_size": [4, -4]},
								"down": {"uv": [7.5, 27.5], "uv_size": [4, 4]}
							}
						}
					]
				},
				{
					"name": "sheath",
					"parent": "body",
					"pivot": [4.625, 13.125, 0],
					"rotation": [-9.99976, -2.45728, 0.65242]
				},
				{
					"name": "ame_habakiri_sheath",
					"parent": "sheath",
					"pivot": [4.625, 13.125, -3.75],
					"cubes": [
						{
							"origin": [4.125, 11.75, 19.5],
							"size": [1, 2.75, 1],
							"uv": {
								"north": {"uv": [18.5, 28.5], "uv_size": [-4, 3]},
								"east": {"uv": [14.5, 28.5], "uv_size": [4, 3]},
								"south": {"uv": [18.5, 28.5], "uv_size": [-4, 3]},
								"west": {"uv": [18.5, 28.5], "uv_size": [-4, 3]},
								"up": {"uv": [18.5, 28.5], "uv_size": [-4, -1]},
								"down": {"uv": [18.5, 30.5], "uv_size": [-4, 1]}
							}
						},
						{
							"origin": [4.125, 11.75, -4],
							"size": [1, 2.75, 1],
							"uv": {
								"north": {"uv": [14.5, 28.5], "uv_size": [4, 3]},
								"east": {"uv": [18.5, 28.5], "uv_size": [-4, 3.5]},
								"south": {"uv": [14.5, 28.5], "uv_size": [4, 3]},
								"west": {"uv": [14.5, 28.5], "uv_size": [4, 3]},
								"up": {"uv": [18.5, 27.5], "uv_size": [-4, 1]},
								"down": {"uv": [18.5, 31.5], "uv_size": [-4, -1]}
							}
						},
						{
							"origin": [3.625, 11.875, 1.625],
							"size": [2, 2.5, 0.75],
							"inflate": 0.025,
							"pivot": [4.625, 13.125, 2],
							"rotation": [0, -90, 0],
							"uv": {
								"north": {"uv": [23, 7], "uv_size": [-4, 5]},
								"east": {"uv": [23, 11], "uv_size": [-1, -6]},
								"south": {"uv": [19, 7], "uv_size": [4, 5]},
								"west": {"uv": [19, 5], "uv_size": [1, 6]},
								"up": {"uv": [23, 5], "uv_size": [-4, 1]},
								"down": {"uv": [23, 13], "uv_size": [-4, -1]}
							}
						},
						{
							"origin": [-2.375, 11.875, 3.625],
							"size": [22.5, 2.5, 0.75],
							"pivot": [4.625, 13.125, 4],
							"rotation": [0, -90, 0],
							"uv": {
								"north": {"uv": [4, 7], "uv_size": [-4, 5]},
								"east": {"uv": [4, 12], "uv_size": [-1, -5]},
								"south": {"uv": [0, 7], "uv_size": [4, 5]},
								"west": {"uv": [0, 7], "uv_size": [1, 5]},
								"up": {"uv": [4, 6], "uv_size": [-4, 1]},
								"down": {"uv": [4, 13], "uv_size": [-4, -1]}
							}
						},
						{
							"origin": [3.625, 11.875, -0.375],
							"size": [2, 2.5, 0.75],
							"inflate": 0.05,
							"pivot": [4.625, 13.125, 0],
							"rotation": [0, -90, 0],
							"uv": {
								"north": {"uv": [12, 5], "uv_size": [5, 6]},
								"east": {"uv": [13, 11], "uv_size": [-1, -6]},
								"south": {"uv": [17, 5], "uv_size": [-5, 6]},
								"west": {"uv": [16, 5], "uv_size": [1, 6]},
								"up": {"uv": [12, 5], "uv_size": [5, 1]},
								"down": {"uv": [12, 11], "uv_size": [5, -1]}
							}
						},
						{
							"origin": [9.625, 11.875, -0.375],
							"size": [2, 2.5, 0.75],
							"inflate": 0.05,
							"pivot": [4.625, 13.125, 0],
							"rotation": [0, -90, 0],
							"uv": {
								"north": {"uv": [12, 5], "uv_size": [5, 6]},
								"east": {"uv": [13, 11], "uv_size": [-1, -6]},
								"south": {"uv": [17, 5], "uv_size": [-5, 6]},
								"west": {"uv": [16, 5], "uv_size": [1, 6]},
								"up": {"uv": [12, 5], "uv_size": [5, 1]},
								"down": {"uv": [12, 11], "uv_size": [5, -1]}
							}
						},
						{
							"origin": [16.625, 11.875, -0.375],
							"size": [2, 2.5, 0.75],
							"inflate": 0.05,
							"pivot": [4.625, 13.125, 0],
							"rotation": [0, -90, 0],
							"uv": {
								"north": {"uv": [12, 5], "uv_size": [5, 6]},
								"east": {"uv": [13, 11], "uv_size": [-1, -6]},
								"south": {"uv": [17, 5], "uv_size": [-5, 6]},
								"west": {"uv": [16, 5], "uv_size": [1, 6]},
								"up": {"uv": [12, 5], "uv_size": [5, 1]},
								"down": {"uv": [12, 11], "uv_size": [5, -1]}
							}
						}
					]
				},
				{
					"name": "enma_sheath",
					"parent": "sheath",
					"pivot": [4.625, 13.125, -3.75],
					"cubes": [
						{
							"origin": [3.625, 11.875, 1.625],
							"size": [2, 2.5, 0.75],
							"inflate": 0.025,
							"pivot": [4.625, 13.125, 2],
							"rotation": [0, -90, 0],
							"uv": {
								"north": {"uv": [23, 5], "uv_size": [-4, 6]},
								"east": {"uv": [23, 11], "uv_size": [-1, -6]},
								"south": {"uv": [19, 5], "uv_size": [4, 6]},
								"west": {"uv": [19, 5], "uv_size": [1, 6]},
								"up": {"uv": [23, 5], "uv_size": [-4, 1]},
								"down": {"uv": [23, 11], "uv_size": [-4, -1]}
							}
						},
						{
							"origin": [3.625, 11.875, -0.375],
							"size": [2, 2.5, 0.75],
							"inflate": 0.05,
							"pivot": [4.625, 13.125, 0],
							"rotation": [0, -90, 0],
							"uv": {
								"north": {"uv": [12, 5], "uv_size": [5, 6]},
								"east": {"uv": [13, 11], "uv_size": [-1, -6]},
								"south": {"uv": [17, 5], "uv_size": [-5, 6]},
								"west": {"uv": [16, 5], "uv_size": [1, 6]},
								"up": {"uv": [12, 5], "uv_size": [5, 1]},
								"down": {"uv": [12, 11], "uv_size": [5, -1]}
							}
						},
						{
							"origin": [9.625, 11.875, -0.375],
							"size": [2, 2.5, 0.75],
							"inflate": 0.05,
							"pivot": [4.625, 13.125, 0],
							"rotation": [0, -90, 0],
							"uv": {
								"north": {"uv": [12, 5], "uv_size": [5, 6]},
								"east": {"uv": [13, 11], "uv_size": [-1, -6]},
								"south": {"uv": [17, 5], "uv_size": [-5, 6]},
								"west": {"uv": [16, 5], "uv_size": [1, 6]},
								"up": {"uv": [12, 5], "uv_size": [5, 1]},
								"down": {"uv": [12, 11], "uv_size": [5, -1]}
							}
						},
						{
							"origin": [16.625, 11.875, -0.375],
							"size": [2, 2.5, 0.75],
							"inflate": 0.05,
							"pivot": [4.625, 13.125, 0],
							"rotation": [0, -90, 0],
							"uv": {
								"north": {"uv": [12, 5], "uv_size": [5, 6]},
								"east": {"uv": [13, 11], "uv_size": [-1, -6]},
								"south": {"uv": [17, 5], "uv_size": [-5, 6]},
								"west": {"uv": [16, 5], "uv_size": [1, 6]},
								"up": {"uv": [12, 5], "uv_size": [5, 1]},
								"down": {"uv": [12, 11], "uv_size": [5, -1]}
							}
						},
						{
							"origin": [-2.375, 11.875, 3.625],
							"size": [22.5, 2.5, 0.75],
							"pivot": [4.625, 13.125, 4],
							"rotation": [0, -90, 0],
							"uv": {
								"north": {"uv": [4, 7], "uv_size": [-4, 5]},
								"east": {"uv": [4, 12], "uv_size": [-1, -5]},
								"south": {"uv": [0, 7], "uv_size": [4, 5]},
								"west": {"uv": [0, 7], "uv_size": [1, 5]},
								"up": {"uv": [4, 6], "uv_size": [-4, 1]},
								"down": {"uv": [4, 13], "uv_size": [-4, -1]}
							}
						},
						{
							"origin": [4.125, 11.75, 19.5],
							"size": [1, 2.75, 1],
							"uv": {
								"north": {"uv": [18.5, 28.5], "uv_size": [-4, 3]},
								"east": {"uv": [14.5, 28.5], "uv_size": [4, 3]},
								"south": {"uv": [18.5, 28.5], "uv_size": [-4, 3]},
								"west": {"uv": [18.5, 28.5], "uv_size": [-4, 3]},
								"up": {"uv": [18.5, 28.5], "uv_size": [-4, -1]},
								"down": {"uv": [18.5, 30.5], "uv_size": [-4, 1]}
							}
						},
						{
							"origin": [4.125, 11.75, -4],
							"size": [1, 2.75, 1],
							"uv": {
								"north": {"uv": [14.5, 28.5], "uv_size": [4, 3]},
								"east": {"uv": [18.5, 28.5], "uv_size": [-4, 3.5]},
								"south": {"uv": [14.5, 28.5], "uv_size": [4, 3]},
								"west": {"uv": [14.5, 28.5], "uv_size": [4, 3]},
								"up": {"uv": [18.5, 27.5], "uv_size": [-4, 1]},
								"down": {"uv": [18.5, 31.5], "uv_size": [-4, -1]}
							}
						}
					]
				},
				{
					"name": "gryphon_sheath",
					"parent": "sheath",
					"pivot": [4.625, 13.125, -3.75],
					"cubes": [
						{
							"origin": [-2.375, 11.875, 3.625],
							"size": [22.5, 2.5, 0.75],
							"pivot": [4.625, 13.125, 4],
							"rotation": [0, -90, 0],
							"uv": {
								"north": {"uv": [4, 7], "uv_size": [-4, 5]},
								"east": {"uv": [4, 7], "uv_size": [-1, 5]},
								"south": {"uv": [0, 7], "uv_size": [4, 5]},
								"west": {"uv": [0, 7], "uv_size": [1, 5]},
								"up": {"uv": [4, 6], "uv_size": [-4, 1]},
								"down": {"uv": [4, 13], "uv_size": [-4, -1]}
							}
						},
						{
							"origin": [4.125, 11.75, 19.5],
							"size": [1, 2.75, 1],
							"uv": {
								"north": {"uv": [18.5, 28.5], "uv_size": [-4, 3]},
								"east": {"uv": [14.5, 28.5], "uv_size": [4, 3]},
								"south": {"uv": [18.5, 28.5], "uv_size": [-4, 3]},
								"west": {"uv": [18.5, 28.5], "uv_size": [-4, 3]},
								"up": {"uv": [18.5, 28.5], "uv_size": [-4, -1]},
								"down": {"uv": [18.5, 30.5], "uv_size": [-4, 1]}
							}
						},
						{
							"origin": [4.125, 11.75, -4],
							"size": [1, 2.75, 1],
							"uv": {
								"north": {"uv": [14.5, 28.5], "uv_size": [4, 3]},
								"east": {"uv": [18.5, 28.5], "uv_size": [-4, 3.5]},
								"south": {"uv": [14.5, 28.5], "uv_size": [4, 3]},
								"west": {"uv": [14.5, 28.5], "uv_size": [4, 3]},
								"up": {"uv": [18.5, 27.5], "uv_size": [-4, 1]},
								"down": {"uv": [18.5, 31.5], "uv_size": [-4, -1]}
							}
						}
					]
				},
				{
					"name": "katana_sheath",
					"parent": "sheath",
					"pivot": [4.625, 13.125, -3.75],
					"cubes": [
						{
							"origin": [4.125, 11.75, 19.5],
							"size": [1, 2.75, 1],
							"uv": {
								"north": {"uv": [18.5, 28.5], "uv_size": [-4, 3]},
								"east": {"uv": [14.5, 28.5], "uv_size": [4, 3]},
								"south": {"uv": [18.5, 28.5], "uv_size": [-4, 3]},
								"west": {"uv": [18.5, 28.5], "uv_size": [-4, 3]},
								"up": {"uv": [18.5, 28.5], "uv_size": [-4, -1]},
								"down": {"uv": [18.5, 30.5], "uv_size": [-4, 1]}
							}
						},
						{
							"origin": [4.125, 11.75, -4],
							"size": [1, 2.75, 1],
							"uv": {
								"north": {"uv": [14.5, 28.5], "uv_size": [4, 3]},
								"east": {"uv": [18.5, 28.5], "uv_size": [-4, 3.5]},
								"south": {"uv": [14.5, 28.5], "uv_size": [4, 3]},
								"west": {"uv": [14.5, 28.5], "uv_size": [4, 3]},
								"up": {"uv": [18.5, 27.5], "uv_size": [-4, 1]},
								"down": {"uv": [18.5, 31.5], "uv_size": [-4, -1]}
							}
						},
						{
							"origin": [-2.375, 11.875, 3.625],
							"size": [22.5, 2.5, 0.75],
							"pivot": [4.625, 13.125, 4],
							"rotation": [0, -90, 0],
							"uv": {
								"north": {"uv": [4, 7], "uv_size": [-4, 5]},
								"east": {"uv": [4, 7], "uv_size": [-1, 5]},
								"south": {"uv": [0, 7], "uv_size": [4, 5]},
								"west": {"uv": [0, 7], "uv_size": [1, 5]},
								"up": {"uv": [4, 6], "uv_size": [-4, 1]},
								"down": {"uv": [4, 13], "uv_size": [-4, -1]}
							}
						}
					]
				},
				{
					"name": "kikoku_sheath",
					"parent": "sheath",
					"pivot": [4.625, 13.125, -3.75],
					"cubes": [
						{
							"origin": [3.125, 11.875, -0.5],
							"size": [2.5, 2.5, 0.75],
							"inflate": 0.025,
							"pivot": [4.625, 13.125, -0.125],
							"rotation": [0, -90, 0],
							"uv": {
								"north": {"uv": [12, 7], "uv_size": [-5, 5]},
								"east": {"uv": [8, 12], "uv_size": [-1, -5]},
								"south": {"uv": [7, 7], "uv_size": [5, 5]},
								"west": {"uv": [11, 7], "uv_size": [1, 5]},
								"up": {"uv": [12, 6], "uv_size": [-5, 1]},
								"down": {"uv": [12, 13], "uv_size": [-5, -1]}
							}
						},
						{
							"origin": [3, 7.875, -0.125],
							"size": [2.5, 4, 0],
							"pivot": [4.625, 13.125, -0.125],
							"rotation": [0, -90, 0],
							"uv": {
								"north": {"uv": [32, 17], "uv_size": [-5, 8]},
								"east": {"uv": [32, 32], "uv_size": [-1, -5]},
								"south": {"uv": [27, 27], "uv_size": [5, 5]},
								"west": {"uv": [31, 27], "uv_size": [1, 5]},
								"up": {"uv": [32, 31], "uv_size": [-5, 1]},
								"down": {"uv": [32, 32], "uv_size": [-5, -1]}
							}
						},
						{
							"origin": [4.625, 11.875, 1.75],
							"size": [10.5, 2.5, 0.75],
							"inflate": 0.025,
							"pivot": [4.625, 13.125, 2.125],
							"rotation": [0, -90, 0],
							"uv": {
								"north": {"uv": [32, 7], "uv_size": [-20, 5]},
								"east": {"uv": [13, 12], "uv_size": [-1, -5]},
								"south": {"uv": [12, 7], "uv_size": [20, 5]},
								"west": {"uv": [31, 7], "uv_size": [1, 5]},
								"up": {"uv": [32, 6], "uv_size": [-20, 1]},
								"down": {"uv": [32, 13], "uv_size": [-20, -1]}
							}
						},
						{
							"origin": [15.125, 11.875, 1.75],
							"size": [10.5, 2.5, 0.75],
							"inflate": 0.025,
							"pivot": [4.625, 13.125, 2.125],
							"rotation": [0, -90, 0],
							"uv": {
								"north": {"uv": [32, 6], "uv_size": [-20, 6]},
								"east": {"uv": [13, 12], "uv_size": [-1, -6]},
								"south": {"uv": [12, 6], "uv_size": [20, 6]},
								"west": {"uv": [31, 5], "uv_size": [1, 6]},
								"up": {"uv": [32, 6], "uv_size": [-20, 1]},
								"down": {"uv": [32, 12], "uv_size": [-20, -1]}
							}
						},
						{
							"origin": [-2.375, 11.875, 3.625],
							"size": [26.5, 2.5, 0.75],
							"pivot": [4.625, 13.125, 4],
							"rotation": [0, -90, 0],
							"uv": {
								"north": {"uv": [4, 7], "uv_size": [-4, 5]},
								"east": {"uv": [4, 7], "uv_size": [-1, 5]},
								"south": {"uv": [0, 7], "uv_size": [4, 5]},
								"west": {"uv": [0, 7], "uv_size": [1, 5]},
								"up": {"uv": [4, 6], "uv_size": [-4, 1]},
								"down": {"uv": [4, 13], "uv_size": [-4, -1]}
							}
						},
						{
							"origin": [4.125, 11.75, 23],
							"size": [1, 2.75, 1],
							"uv": {
								"north": {"uv": [18.5, 28.5], "uv_size": [-4, 3]},
								"east": {"uv": [14.5, 28.5], "uv_size": [4, 3]},
								"south": {"uv": [18.5, 28.5], "uv_size": [-4, 3]},
								"west": {"uv": [18.5, 28.5], "uv_size": [-4, 3]},
								"up": {"uv": [18.5, 28.5], "uv_size": [-4, -1]},
								"down": {"uv": [18.5, 30.5], "uv_size": [-4, 1]}
							}
						},
						{
							"origin": [4.125, 11.75, -4],
							"size": [1, 2.75, 1],
							"uv": {
								"north": {"uv": [14.5, 28.5], "uv_size": [4, 3]},
								"east": {"uv": [18.5, 28.5], "uv_size": [-4, 3.5]},
								"south": {"uv": [14.5, 28.5], "uv_size": [4, 3]},
								"west": {"uv": [14.5, 28.5], "uv_size": [4, 3]},
								"up": {"uv": [18.5, 27.5], "uv_size": [-4, 1]},
								"down": {"uv": [18.5, 31.5], "uv_size": [-4, -1]}
							}
						},
						{
							"origin": [4.125, 11.75, 19.5],
							"size": [1, 2.75, 1],
							"uv": {
								"north": {"uv": [18.5, 28.5], "uv_size": [-4, 3]},
								"east": {"uv": [14.5, 28.5], "uv_size": [4, 3]},
								"south": {"uv": [18.5, 28.5], "uv_size": [-4, 3]},
								"west": {"uv": [18.5, 28.5], "uv_size": [-4, 3]},
								"up": {"uv": [18.5, 28.5], "uv_size": [-4, -1]},
								"down": {"uv": [18.5, 30.5], "uv_size": [-4, 1]}
							}
						}
					]
				},
				{
					"name": "sandai_kitetsu_sheath",
					"parent": "sheath",
					"pivot": [4.625, 13.125, -3.75],
					"cubes": [
						{
							"origin": [9.5, 11.875, -0.375],
							"size": [6.5, 2.5, 0.75],
							"inflate": 0.05,
							"pivot": [4.625, 13.125, 0],
							"rotation": [0, -90, 0],
							"uv": {
								"north": {"uv": [19, 7], "uv_size": [13, 5]},
								"east": {"uv": [20, 12], "uv_size": [-1, -5]},
								"south": {"uv": [31, 7], "uv_size": [-12, 5]},
								"west": {"uv": [31, 7], "uv_size": [1, 5]},
								"up": {"uv": [19, 6], "uv_size": [13, 1]},
								"down": {"uv": [19, 13], "uv_size": [13, -1]}
							}
						},
						{
							"origin": [-2.375, 11.875, 3.625],
							"size": [22.5, 2.5, 0.75],
							"pivot": [4.625, 13.125, 4],
							"rotation": [0, -90, 0],
							"uv": {
								"north": {"uv": [4, 7], "uv_size": [-4, 5]},
								"east": {"uv": [4, 7], "uv_size": [-1, 5]},
								"south": {"uv": [0, 7], "uv_size": [4, 5]},
								"west": {"uv": [0, 7], "uv_size": [1, 5]},
								"up": {"uv": [4, 6], "uv_size": [-4, 1]},
								"down": {"uv": [4, 13], "uv_size": [-4, -1]}
							}
						},
						{
							"origin": [4.125, 11.75, -4],
							"size": [1, 2.75, 1],
							"uv": {
								"north": {"uv": [14.5, 28.5], "uv_size": [4, 3]},
								"east": {"uv": [18.5, 28.5], "uv_size": [-4, 3.5]},
								"south": {"uv": [14.5, 28.5], "uv_size": [4, 3]},
								"west": {"uv": [14.5, 28.5], "uv_size": [4, 3]},
								"up": {"uv": [18.5, 27.5], "uv_size": [-4, 1]},
								"down": {"uv": [18.5, 31.5], "uv_size": [-4, -1]}
							}
						}
					]
				},
				{
					"name": "shusui_sheath",
					"parent": "sheath",
					"pivot": [4.625, 13.125, -3.75],
					"cubes": [
						{
							"origin": [-3.625, 11.875, 2.375],
							"size": [14, 2.5, 0.75],
							"inflate": 0.025,
							"pivot": [4.625, 13.125, 2.75],
							"rotation": [0, 90, 0],
							"uv": {
								"north": {"uv": [30, 7], "uv_size": [-24, 4]},
								"east": {"uv": [5, 11], "uv_size": [1, -4]},
								"south": {"uv": [6, 7], "uv_size": [24, 4]},
								"west": {"uv": [31, 7], "uv_size": [-1, 4]},
								"up": {"uv": [30, 7], "uv_size": [-24, -1]},
								"down": {"uv": [30, 11], "uv_size": [-24, 1]}
							}
						},
						{
							"origin": [-12.125, 11.875, 2.375],
							"size": [8.5, 2.5, 0.75],
							"inflate": 0.025,
							"pivot": [4.625, 13.125, 2.75],
							"rotation": [0, 90, 0],
							"uv": {
								"north": {"uv": [30, 7], "uv_size": [-16, 4]},
								"east": {"uv": [13, 11], "uv_size": [1, -4]},
								"south": {"uv": [14, 7], "uv_size": [16, 4]},
								"west": {"uv": [31, 7], "uv_size": [-1, 4]},
								"up": {"uv": [30, 7], "uv_size": [-16, -1]},
								"down": {"uv": [30, 11], "uv_size": [-16, 1]}
							}
						},
						{
							"origin": [-2.375, 11.875, 3.625],
							"size": [22.5, 2.5, 0.75],
							"pivot": [4.625, 13.125, 4],
							"rotation": [0, -90, 0],
							"uv": {
								"north": {"uv": [4, 7], "uv_size": [-4, 5]},
								"east": {"uv": [4, 7], "uv_size": [-1, 5]},
								"south": {"uv": [0, 7], "uv_size": [4, 5]},
								"west": {"uv": [0, 7], "uv_size": [1, 5]},
								"up": {"uv": [4, 6], "uv_size": [-4, 1]},
								"down": {"uv": [4, 13], "uv_size": [-4, -1]}
							}
						},
						{
							"origin": [4.125, 11.75, 19.5],
							"size": [1, 2.75, 1],
							"uv": {
								"north": {"uv": [11.5, 27.5], "uv_size": [-4, 4]},
								"east": {"uv": [7.5, 27.5], "uv_size": [4, 4]},
								"south": {"uv": [11.5, 27.5], "uv_size": [-4, 4]},
								"west": {"uv": [11.5, 27.5], "uv_size": [-4, 4]},
								"up": {"uv": [11.5, 31.5], "uv_size": [-4, -4]},
								"down": {"uv": [11.5, 27.5], "uv_size": [-4, 4]}
							}
						},
						{
							"origin": [4.125, 11.75, -4],
							"size": [1, 2.75, 1],
							"uv": {
								"north": {"uv": [14.5, 28.5], "uv_size": [4, 3]},
								"east": {"uv": [18.5, 28.5], "uv_size": [-4, 3.5]},
								"south": {"uv": [14.5, 28.5], "uv_size": [4, 3]},
								"west": {"uv": [14.5, 28.5], "uv_size": [4, 3]},
								"up": {"uv": [18.5, 27.5], "uv_size": [-4, 1]},
								"down": {"uv": [18.5, 31.5], "uv_size": [-4, -1]}
							}
						}
					]
				},
				{
					"name": "yubashiri_sheath",
					"parent": "sheath",
					"pivot": [4.625, 13.125, -3.75],
					"cubes": [
						{
							"origin": [8, 11.875, -0.375],
							"size": [1, 2.5, 0.75],
							"inflate": 0.05,
							"pivot": [4.625, 13.125, 0],
							"rotation": [0, -90, 0],
							"uv": {
								"north": {"uv": [21, 7], "uv_size": [2, 5]},
								"east": {"uv": [22, 12], "uv_size": [-1, -5]},
								"south": {"uv": [23, 7], "uv_size": [-2, 5]},
								"west": {"uv": [22, 7], "uv_size": [1, 5]},
								"up": {"uv": [21, 7], "uv_size": [2, 1]},
								"down": {"uv": [21, 12], "uv_size": [2, -1]}
							}
						},
						{
							"origin": [16.5, 11.875, -0.375],
							"size": [1, 2.5, 0.75],
							"inflate": 0.05,
							"pivot": [4.625, 13.125, 0],
							"rotation": [0, -90, 0],
							"uv": {
								"north": {"uv": [21, 7], "uv_size": [2, 5]},
								"east": {"uv": [22, 12], "uv_size": [-1, -5]},
								"south": {"uv": [23, 7], "uv_size": [-2, 5]},
								"west": {"uv": [22, 7], "uv_size": [1, 5]},
								"up": {"uv": [21, 7], "uv_size": [2, 1]},
								"down": {"uv": [21, 12], "uv_size": [2, -1]}
							}
						},
						{
							"origin": [-2.375, 11.875, 3.625],
							"size": [22.5, 2.5, 0.75],
							"pivot": [4.625, 13.125, 4],
							"rotation": [0, -90, 0],
							"uv": {
								"north": {"uv": [4, 7], "uv_size": [-4, 5]},
								"east": {"uv": [4, 7], "uv_size": [-1, 5]},
								"south": {"uv": [0, 7], "uv_size": [4, 5]},
								"west": {"uv": [0, 7], "uv_size": [1, 5]},
								"up": {"uv": [4, 6], "uv_size": [-4, 1]},
								"down": {"uv": [4, 13], "uv_size": [-4, -1]}
							}
						},
						{
							"origin": [4.125, 11.75, 19.5],
							"size": [1, 2.75, 1],
							"uv": {
								"north": {"uv": [11.5, 27.5], "uv_size": [-4, 4]},
								"east": {"uv": [7.5, 27.5], "uv_size": [4, 4]},
								"south": {"uv": [11.5, 27.5], "uv_size": [-4, 4]},
								"west": {"uv": [11.5, 27.5], "uv_size": [-4, 4]},
								"up": {"uv": [11.5, 31.5], "uv_size": [-4, -4]},
								"down": {"uv": [11.5, 27.5], "uv_size": [-4, 4]}
							}
						},
						{
							"origin": [4.125, 11.75, -4],
							"size": [1, 2.75, 1],
							"uv": {
								"north": {"uv": [14.5, 28.5], "uv_size": [4, 3]},
								"east": {"uv": [18.5, 28.5], "uv_size": [-4, 3.5]},
								"south": {"uv": [14.5, 28.5], "uv_size": [4, 3]},
								"west": {"uv": [14.5, 28.5], "uv_size": [4, 3]},
								"up": {"uv": [18.5, 27.5], "uv_size": [-4, 1]},
								"down": {"uv": [18.5, 31.5], "uv_size": [-4, -1]}
							}
						}
					]
				}
			]
		}
	]
}