{
	"format_version": "1.12.0",
	"minecraft:geometry": [
		{
			"description": {
				"identifier": "geometry.kiribachi",
				"texture_width": 32,
				"texture_height": 32,
				"visible_bounds_width": 8,
				"visible_bounds_height": 3.5,
				"visible_bounds_offset": [0, 1.25, 0]
			},
			"bones": [
				{
					"name": "katana",
					"pivot": [-5.625, 13.5, 0]
				},
				{
					"name": "kiribachi",
					"parent": "katana",
					"pivot": [-5.625, 12.75, 0],
					"cubes": [
						{
							"origin": [-5.625, 12, -36],
							"size": [0, 1.5, 24],
							"uv": {
								"north": {"uv": [32, 32], "uv_size": [0, 0]},
								"east": {"uv": [32, 13.5], "uv_size": [0, 0]},
								"south": {"uv": [32, 32], "uv_size": [0, 0]},
								"west": {"uv": [32, 0], "uv_size": [-32, 2]},
								"up": {"uv": [32, 32], "uv_size": [0, 0]},
								"down": {"uv": [32, 32], "uv_size": [0, 0]}
							}
						},
						{
							"origin": [-5.625, 12, -12],
							"size": [0, 1.5, 8],
							"uv": {
								"north": {"uv": [32, 32], "uv_size": [0, 0]},
								"east": {"uv": [32, 13.5], "uv_size": [0, 0]},
								"south": {"uv": [32, 32], "uv_size": [0, 0]},
								"west": {"uv": [14, 0], "uv_size": [-11, 2]},
								"up": {"uv": [32, 32], "uv_size": [0, 0]},
								"down": {"uv": [32, 32], "uv_size": [0, 0]}
							}
						},
						{
							"origin": [-5.625, 7.5, -24.75],
							"size": [0, 4.5, 4.5],
							"uv": {
								"north": {"uv": [32, 32], "uv_size": [0, 0]},
								"east": {"uv": [32, 13.5], "uv_size": [0, 0]},
								"south": {"uv": [32, 32], "uv_size": [0, 0]},
								"west": {"uv": [21, 4], "uv_size": [6, 6]},
								"up": {"uv": [32, 32], "uv_size": [0, 0]},
								"down": {"uv": [32, 32], "uv_size": [0, 0]}
							}
						},
						{
							"origin": [-5.625, 7.5, -30],
							"size": [0, 4.5, 4.5],
							"uv": {
								"north": {"uv": [32, 32], "uv_size": [0, 0]},
								"east": {"uv": [32, 13.5], "uv_size": [0, 0]},
								"south": {"uv": [32, 32], "uv_size": [0, 0]},
								"west": {"uv": [21, 4], "uv_size": [6, 6]},
								"up": {"uv": [32, 32], "uv_size": [0, 0]},
								"down": {"uv": [32, 32], "uv_size": [0, 0]}
							}
						},
						{
							"origin": [-5.625, 7.5, -35.25],
							"size": [0, 4.5, 4.5],
							"uv": {
								"north": {"uv": [32, 32], "uv_size": [0, 0]},
								"east": {"uv": [32, 13.5], "uv_size": [0, 0]},
								"south": {"uv": [32, 32], "uv_size": [0, 0]},
								"west": {"uv": [21, 4], "uv_size": [6, 6]},
								"up": {"uv": [32, 32], "uv_size": [0, 0]},
								"down": {"uv": [32, 32], "uv_size": [0, 0]}
							}
						},
						{
							"origin": [-5.625, 7.5, -19.5],
							"size": [0, 4.5, 4.5],
							"uv": {
								"north": {"uv": [32, 32], "uv_size": [0, 0]},
								"east": {"uv": [32, 13.5], "uv_size": [0, 0]},
								"south": {"uv": [32, 32], "uv_size": [0, 0]},
								"west": {"uv": [21, 4], "uv_size": [6, 6]},
								"up": {"uv": [32, 32], "uv_size": [0, 0]},
								"down": {"uv": [32, 32], "uv_size": [0, 0]}
							}
						},
						{
							"origin": [-5.625, 7.5, -14.25],
							"size": [0, 4.5, 4.5],
							"uv": {
								"north": {"uv": [32, 32], "uv_size": [0, 0]},
								"east": {"uv": [32, 13.5], "uv_size": [0, 0]},
								"south": {"uv": [32, 32], "uv_size": [0, 0]},
								"west": {"uv": [21, 4], "uv_size": [6, 6]},
								"up": {"uv": [32, 32], "uv_size": [0, 0]},
								"down": {"uv": [32, 32], "uv_size": [0, 0]}
							}
						},
						{
							"origin": [-5.625, 7.5, -9],
							"size": [0, 4.5, 4],
							"uv": {
								"north": {"uv": [32, 32], "uv_size": [0, 0]},
								"east": {"uv": [32, 13.5], "uv_size": [0, 0]},
								"south": {"uv": [32, 32], "uv_size": [0, 0]},
								"west": {"uv": [21, 4], "uv_size": [6, 6]},
								"up": {"uv": [32, 32], "uv_size": [0, 0]},
								"down": {"uv": [32, 32], "uv_size": [0, 0]}
							}
						},
						{
							"origin": [-5.875, 11.75, -4],
							"size": [0.5, 2, 0.25],
							"uv": {
								"north": {"uv": [7.5, 27.5], "uv_size": [4, 4]},
								"east": {"uv": [7.5, 27.5], "uv_size": [4, 4]},
								"south": {"uv": [7.5, 27.5], "uv_size": [4, 4]},
								"west": {"uv": [11.5, 27.5], "uv_size": [-4, 4]},
								"up": {"uv": [7.5, 31.5], "uv_size": [4, -4]},
								"down": {"uv": [7.5, 27.5], "uv_size": [4, 4]}
							}
						},
						{
							"origin": [-6.375, 11.5, 2.5],
							"size": [1.5, 2.5, 0.75],
							"uv": {
								"north": {"uv": [14.5, 28.5], "uv_size": [4, 3]},
								"east": {"uv": [14.5, 28.5], "uv_size": [4, 3]},
								"south": {"uv": [14.5, 28.5], "uv_size": [4, 3]},
								"west": {"uv": [18.5, 28.5], "uv_size": [-4, 3]},
								"up": {"uv": [14.5, 28.5], "uv_size": [4, -1]},
								"down": {"uv": [14.5, 30.5], "uv_size": [4, 1]}
							}
						},
						{
							"origin": [-6.375, 11.5, -3.75],
							"size": [1.5, 2.5, 0.75],
							"uv": {
								"north": {"uv": [14.5, 28.5], "uv_size": [4, 3]},
								"east": {"uv": [14.5, 28.5], "uv_size": [4, 3]},
								"south": {"uv": [14.5, 28.5], "uv_size": [4, 3]},
								"west": {"uv": [18.5, 28.5], "uv_size": [-4, 3]},
								"up": {"uv": [14.5, 28.5], "uv_size": [4, -1]},
								"down": {"uv": [14.5, 30.5], "uv_size": [4, 1]}
							}
						},
						{
							"origin": [-6.375, 11.5, 2.5],
							"size": [1.5, 2.5, 0.75],
							"uv": {
								"north": {"uv": [14.5, 28.5], "uv_size": [4, 3]},
								"east": {"uv": [14.5, 28.5], "uv_size": [4, 3]},
								"south": {"uv": [14.5, 28.5], "uv_size": [4, 3]},
								"west": {"uv": [18.5, 28.5], "uv_size": [-4, 3]},
								"up": {"uv": [14.5, 28.5], "uv_size": [4, -1]},
								"down": {"uv": [14.5, 30.5], "uv_size": [4, 1]}
							}
						},
						{
							"origin": [-5.625, 10.25, -3],
							"size": [0, 1.5, 5],
							"uv": {
								"north": {"uv": [32, 32], "uv_size": [0, 0]},
								"east": {"uv": [24, 28], "uv_size": [6, 2]},
								"south": {"uv": [32, 32], "uv_size": [0, 0]},
								"west": {"uv": [30, 28], "uv_size": [-6, 2]},
								"up": {"uv": [32, 32], "uv_size": [0, 0]},
								"down": {"uv": [32, 32], "uv_size": [0, 0]}
							}
						},
						{
							"origin": [-8.625, 11.75, -0.375],
							"size": [6, 2, 0.75],
							"pivot": [-5.625, 12.75, 0],
							"rotation": [0, -90, 0],
							"uv": {
								"north": {"uv": [12, 17], "uv_size": [-12, 4]},
								"east": {"uv": [12, 17], "uv_size": [-1, 4]},
								"south": {"uv": [0, 17], "uv_size": [12, 4]},
								"west": {"uv": [1, 17], "uv_size": [-1, 4]},
								"up": {"uv": [12, 17], "uv_size": [-12, -1]},
								"down": {"uv": [12, 21], "uv_size": [-12, 1]}
							}
						}
					]
				}
			]
		}
	]
}