{
  "format_version": "1.21.10",
  "minecraft:item": {
    "description": {
      "identifier": "wesl3y:white_beard_haori",
      "menu_category": {
        "category": "equipment",
        "group": "itemGroup.name.chestplate"
      }
    },

    "components": {
      "minecraft:tags": {
        "tags": [
          "no_sleeve",
          "no_jacket",
          "no_pants"
        ]
      },
      "minecraft:durability": {
        "max_durability": 2000
      },
	  "minecraft:repairable": {
		"repair_items": [
		  {
			"items": [
			  "wesl3y:white_beard_haori"
			],
			"repair_amount": 100
		  }
		]
	  },
      "minecraft:icon": "white_beard_haori",
      "minecraft:max_stack_size": 1,
      "minecraft:hand_equipped": true,
	  "minecraft:wearable": {
	    "protection": 12,
	    "slot": "slot.armor.chest"
	  },
      "minecraft:display_name": {
        "value":"White Beard Haori\n\n§9+6 Resistance\n§9<Drop §5Legendary§9>"
      }
    }
  }
}