{
	"format_version": "1.12.0",
	"minecraft:geometry": [
		{
			"description": {
				"identifier": "geometry.beerus_sun",
				"texture_width": 16,
				"texture_height": 16,
				"visible_bounds_width": 2,
				"visible_bounds_height": 2.5,
				"visible_bounds_offset": [0, 0.75, 0]
			},
			"bones": [
				{
					"name": "root",
					"pivot": [0, 0, 0]
				},
				{
					"name": "waist",
					"parent": "root",
					"pivot": [0, 12, 0]
				},
				{
					"name": "body",
					"parent": "waist",
					"pivot": [0, 24, 0]
				},
				{
					"name": "RightArm",
					"parent": "body",
					"pivot": [-5, 22, 0]
				},
				{
					"name": "Rasengan",
					"parent": "RightArm",
					"pivot": [-6, 14, 0]
				},
				{
					"name": "R1",
					"parent": "Rasengan",
					"pivot": [-6, 14.01298, 0],
					"cubes": [
						{
							"origin": [-6.8, 13.21298, -0.8],
							"size": [1.6, 1.6, 1.6],
							"uv": {
								"north": {"uv": [0, 0], "uv_size": [16, 16]},
								"east": {"uv": [0, 0], "uv_size": [16, 16]},
								"south": {"uv": [0, 0], "uv_size": [16, 16]},
								"west": {"uv": [0, 0], "uv_size": [16, 16]},
								"up": {"uv": [16, 16], "uv_size": [-16, -16]},
								"down": {"uv": [16, 16], "uv_size": [-16, -16]}
							}
						}
					]
				},
				{
					"name": "R2",
					"parent": "Rasengan",
					"pivot": [-6, 14.01298, 0],
					"cubes": [
						{
							"origin": [-6.8, 13.21298, -0.8],
							"size": [1.6, 1.6, 1.6],
							"pivot": [-6, 14.01298, 0],
							"rotation": [0, 0, 45],
							"uv": {
								"north": {"uv": [0, 0], "uv_size": [16, 16]},
								"east": {"uv": [0, 0], "uv_size": [16, 16]},
								"south": {"uv": [0, 0], "uv_size": [16, 16]},
								"west": {"uv": [0, 0], "uv_size": [16, 16]},
								"up": {"uv": [16, 16], "uv_size": [-16, -16]},
								"down": {"uv": [16, 16], "uv_size": [-16, -16]}
							}
						}
					]
				},
				{
					"name": "R3",
					"parent": "Rasengan",
					"pivot": [-6, 14.01298, 0],
					"rotation": [0, -72.5, 0],
					"cubes": [
						{
							"origin": [-6.8, 13.21298, -0.8],
							"size": [1.6, 1.6, 1.6],
							"pivot": [-6, 14.01298, 0],
							"rotation": [0, 0, 45],
							"uv": {
								"north": {"uv": [0, 0], "uv_size": [16, 16]},
								"east": {"uv": [0, 0], "uv_size": [16, 16]},
								"south": {"uv": [0, 0], "uv_size": [16, 16]},
								"west": {"uv": [0, 0], "uv_size": [16, 16]},
								"up": {"uv": [16, 16], "uv_size": [-16, -16]},
								"down": {"uv": [16, 16], "uv_size": [-16, -16]}
							}
						}
					]
				},
				{
					"name": "R4",
					"parent": "Rasengan",
					"pivot": [-5.95325, 13.98702, -0.15201],
					"rotation": [33.00958, -56.07781, -22.69496],
					"cubes": [
						{
							"origin": [-6.75325, 13.18702, -0.95201],
							"size": [1.6, 1.6, 1.6],
							"pivot": [-5.95325, 13.98702, -0.15201],
							"rotation": [0, 0, 45],
							"uv": {
								"north": {"uv": [0, 0], "uv_size": [16, 16]},
								"east": {"uv": [0, 0], "uv_size": [16, 16]},
								"south": {"uv": [0, 0], "uv_size": [16, 16]},
								"west": {"uv": [0, 0], "uv_size": [16, 16]},
								"up": {"uv": [16, 16], "uv_size": [-16, -16]},
								"down": {"uv": [16, 16], "uv_size": [-16, -16]}
							}
						}
					]
				},
				{
					"name": "sun",
					"parent": "RightArm",
					"pivot": [-5, 22, 0],
					"locators": {
						"s1": [-6, 34, 0]
					}
				}
			]
		}
	]
}