{
	"format_version": "1.12.0",
	"minecraft:geometry": [
		{
			"description": {
				"identifier": "geometry.gryphon",
				"texture_width": 32,
				"texture_height": 32,
				"visible_bounds_width": 4,
				"visible_bounds_height": 3,
				"visible_bounds_offset": [0, 1.5, 0]
			},
			"bones": [
				{
					"name": "root",
					"pivot": [0, 0, 0]
				},
				{
					"name": "waist",
					"parent": "root",
					"pivot": [0, 12, 0]
				},
				{
					"name": "body",
					"parent": "waist",
					"pivot": [0, 24, 0]
				},
				{
					"name": "rightArm",
					"parent": "body",
					"pivot": [-5, 22, 0]
				},
				{
					"name": "gryphon",
					"parent": "rightArm",
					"pivot": [-5.45019, 12.24165, -7.29537],
					"cubes": [
						{
							"origin": [-6.29603, 12.52989, -10.4906],
							"size": [1.12, 1.12, 12.82],
							"pivot": [-5.73603, 13.08989, -2.4306],
							"rotation": [0, 0, -22.5],
							"uv": {
								"north": {"uv": [27, 15], "uv_size": [1, 1]},
								"east": {"uv": [2, 4], "uv_size": [13, 1]},
								"south": {"uv": [16, 27], "uv_size": [1, 1]},
								"west": {"uv": [2, 5], "uv_size": [13, 1]},
								"up": {"uv": [2, 6], "uv_size": [1, 13]},
								"down": {"uv": [3, 19], "uv_size": [1, -13]}
							}
						},
						{
							"origin": [-5.68989, 12.52989, -10.4906],
							"size": [1.12, 1.12, 12.82],
							"pivot": [-5.12989, 13.08989, -2.4306],
							"rotation": [0, 0, 22.5],
							"uv": {
								"north": {"uv": [27, 17], "uv_size": [1, 1]},
								"east": {"uv": [4, 6], "uv_size": [13, 1]},
								"south": {"uv": [19, 27], "uv_size": [1, 1]},
								"west": {"uv": [4, 7], "uv_size": [13, 1]},
								"up": {"uv": [4, 8], "uv_size": [1, 13]},
								"down": {"uv": [5, 21], "uv_size": [1, -13]}
							}
						},
						{
							"origin": [-5.51821, 12.27296, -10.4906],
							"size": [1.12, 1.12, 12.82],
							"pivot": [-4.95821, 12.83296, -2.4306],
							"rotation": [0, 0, 90],
							"uv": {
								"north": {"uv": [22, 27], "uv_size": [1, 1]},
								"east": {"uv": [10, 12], "uv_size": [13, 1]},
								"south": {"uv": [27, 22], "uv_size": [1, 1]},
								"west": {"uv": [10, 13], "uv_size": [13, 1]},
								"up": {"uv": [10, 14], "uv_size": [1, 13]},
								"down": {"uv": [11, 27], "uv_size": [1, -13]}
							}
						},
						{
							"origin": [-4.92726, 12.21215, -10.646],
							"size": [1.6128, 1.6128, 0.6308],
							"pivot": [-4.12086, 13.01855, 0.4104],
							"rotation": [0, 0, 80],
							"uv": {
								"north": {"uv": [14, 15], "uv_size": [2, 2]},
								"east": {"uv": [22, 25], "uv_size": [1, 2]},
								"south": {"uv": [16, 15], "uv_size": [2, 2]},
								"west": {"uv": [25, 22], "uv_size": [1, 2]},
								"up": {"uv": [24, 25], "uv_size": [2, 1]},
								"down": {"uv": [26, 2], "uv_size": [2, -1]}
							}
						},
						{
							"origin": [-6.3452, 13.44548, -10.646],
							"size": [1.6128, 1.6128, 0.6308],
							"pivot": [-5.5388, 12.81188, -11.3256],
							"rotation": [0, 0, 40],
							"uv": {
								"north": {"uv": [17, 5], "uv_size": [2, 2]},
								"east": {"uv": [2, 26], "uv_size": [1, 2]},
								"south": {"uv": [14, 17], "uv_size": [2, 2]},
								"west": {"uv": [3, 26], "uv_size": [1, 2]},
								"up": {"uv": [26, 2], "uv_size": [2, 1]},
								"down": {"uv": [5, 27], "uv_size": [2, -1]}
							}
						},
						{
							"origin": [-6.32572, 13.43741, -10.646],
							"size": [1.6128, 1.6128, 0.6308],
							"uv": {
								"north": {"uv": [16, 17], "uv_size": [2, 2]},
								"east": {"uv": [26, 5], "uv_size": [1, 2]},
								"south": {"uv": [18, 15], "uv_size": [2, 2]},
								"west": {"uv": [8, 26], "uv_size": [1, 2]},
								"up": {"uv": [26, 7], "uv_size": [2, 1]},
								"down": {"uv": [26, 10], "uv_size": [2, -1]}
							}
						},
						{
							"origin": [-5.70072, 11.93741, -35.146],
							"size": [0.3628, 1.8628, 24.6308],
							"uv": {
								"north": {"uv": [10, 27], "uv_size": [1, 2]},
								"east": {"uv": [0, 0], "uv_size": [25, 2]},
								"south": {"uv": [11, 27], "uv_size": [1, 2]},
								"west": {"uv": [0, 2], "uv_size": [25, 2]},
								"up": {"uv": [0, 4], "uv_size": [1, 25]},
								"down": {"uv": [1, 29], "uv_size": [1, -25]}
							}
						},
						{
							"origin": [-5.70072, 12.2461, -35.67431],
							"size": [0.3628, 0.8628, 0.6308],
							"pivot": [-5.51932, 12.6775, -36.85891],
							"rotation": [-10, 0, 0],
							"uv": {
								"north": {"uv": [4, 30], "uv_size": [1, 1]},
								"east": {"uv": [30, 4], "uv_size": [1, 1]},
								"south": {"uv": [5, 30], "uv_size": [1, 1]},
								"west": {"uv": [30, 5], "uv_size": [1, 1]},
								"up": {"uv": [6, 30], "uv_size": [1, 1]},
								"down": {"uv": [30, 7], "uv_size": [1, -1]}
							}
						},
						{
							"origin": [-5.70072, 12.46091, -35.11492],
							"size": [0.3628, 0.8628, 0.6308],
							"pivot": [-5.51932, 15.89231, -36.29952],
							"rotation": [-20, 0, 0],
							"uv": {
								"north": {"uv": [7, 30], "uv_size": [1, 1]},
								"east": {"uv": [30, 7], "uv_size": [1, 1]},
								"south": {"uv": [8, 30], "uv_size": [1, 1]},
								"west": {"uv": [30, 8], "uv_size": [1, 1]},
								"up": {"uv": [9, 30], "uv_size": [1, 1]},
								"down": {"uv": [30, 10], "uv_size": [1, -1]}
							}
						},
						{
							"origin": [-5.70072, 12.50255, -34.12071],
							"size": [0.3628, 0.8628, 0.6308],
							"pivot": [-5.51932, 16.93395, -35.30531],
							"rotation": [-35, 0, 0],
							"uv": {
								"north": {"uv": [10, 30], "uv_size": [1, 1]},
								"east": {"uv": [30, 10], "uv_size": [1, 1]},
								"south": {"uv": [11, 30], "uv_size": [1, 1]},
								"west": {"uv": [30, 11], "uv_size": [1, 1]},
								"up": {"uv": [12, 30], "uv_size": [1, 1]},
								"down": {"uv": [30, 13], "uv_size": [1, -1]}
							}
						},
						{
							"origin": [-5.70072, 11.36059, -31.24123],
							"size": [0.3628, 0.8628, 0.7058],
							"pivot": [-5.51932, 18.79199, -32.35083],
							"rotation": [-50, 0, 0],
							"uv": {
								"north": {"uv": [13, 30], "uv_size": [1, 1]},
								"east": {"uv": [30, 13], "uv_size": [1, 1]},
								"south": {"uv": [14, 30], "uv_size": [1, 1]},
								"west": {"uv": [30, 14], "uv_size": [1, 1]},
								"up": {"uv": [15, 30], "uv_size": [1, 1]},
								"down": {"uv": [30, 16], "uv_size": [1, -1]}
							}
						},
						{
							"origin": [-5.70072, 9.32341, -28.51875],
							"size": [0.3628, 0.8628, 0.3058],
							"pivot": [-5.51932, 17.75481, -30.02835],
							"rotation": [-70, 0, 0],
							"uv": {
								"north": {"uv": [20, 30], "uv_size": [1, 1]},
								"east": {"uv": [30, 20], "uv_size": [1, 1]},
								"south": {"uv": [21, 30], "uv_size": [1, 1]},
								"west": {"uv": [30, 21], "uv_size": [1, 1]},
								"up": {"uv": [22, 30], "uv_size": [1, 1]},
								"down": {"uv": [30, 23], "uv_size": [1, -1]}
							}
						},
						{
							"origin": [-5.70072, 10.12841, -27.3928],
							"size": [0.3628, 2.2878, 0.3558],
							"pivot": [-5.51932, 16.98481, -30.5774],
							"rotation": [-90, 0, 0],
							"uv": {
								"north": {"uv": [27, 11], "uv_size": [1, 2]},
								"east": {"uv": [27, 13], "uv_size": [1, 2]},
								"south": {"uv": [14, 27], "uv_size": [1, 2]},
								"west": {"uv": [15, 27], "uv_size": [1, 2]},
								"up": {"uv": [16, 30], "uv_size": [1, 1]},
								"down": {"uv": [30, 17], "uv_size": [1, -1]}
							}
						},
						{
							"origin": [-5.70072, 11.07841, -27.1428],
							"size": [0.3628, 1.3378, 0.8808],
							"pivot": [-5.51932, 16.98481, -30.5774],
							"rotation": [-90, 0, 0],
							"uv": {
								"north": {"uv": [17, 30], "uv_size": [1, 1]},
								"east": {"uv": [30, 17], "uv_size": [1, 1]},
								"south": {"uv": [18, 30], "uv_size": [1, 1]},
								"west": {"uv": [30, 18], "uv_size": [1, 1]},
								"up": {"uv": [19, 30], "uv_size": [1, 1]},
								"down": {"uv": [30, 20], "uv_size": [1, -1]}
							}
						},
						{
							"origin": [-6.3056, 13.44375, -10.646],
							"size": [1.6128, 1.6128, 0.6308],
							"pivot": [-5.4992, 12.81015, -11.3256],
							"rotation": [0, 0, -40],
							"uv": {
								"north": {"uv": [18, 17], "uv_size": [2, 2]},
								"east": {"uv": [9, 26], "uv_size": [1, 2]},
								"south": {"uv": [2, 19], "uv_size": [2, 2]},
								"west": {"uv": [26, 12], "uv_size": [1, 2]},
								"up": {"uv": [26, 10], "uv_size": [2, 1]},
								"down": {"uv": [14, 27], "uv_size": [2, -1]}
							}
						},
						{
							"origin": [-6.27349, 13.46112, -10.646],
							"size": [1.6128, 1.6128, 0.6308],
							"pivot": [-5.46709, 12.82752, -11.3256],
							"rotation": [0, 0, -80],
							"uv": {
								"north": {"uv": [19, 5], "uv_size": [2, 2]},
								"east": {"uv": [26, 14], "uv_size": [1, 2]},
								"south": {"uv": [19, 7], "uv_size": [2, 2]},
								"west": {"uv": [17, 26], "uv_size": [1, 2]},
								"up": {"uv": [26, 16], "uv_size": [2, 1]},
								"down": {"uv": [26, 19], "uv_size": [2, -1]}
							}
						},
						{
							"origin": [-6.27349, 13.46112, -10.646],
							"size": [1.6128, 1.6128, 0.6308],
							"pivot": [-5.46709, 12.82752, -11.3256],
							"rotation": [0, 0, -120],
							"uv": {
								"north": {"uv": [14, 19], "uv_size": [2, 2]},
								"east": {"uv": [18, 26], "uv_size": [1, 2]},
								"south": {"uv": [16, 19], "uv_size": [2, 2]},
								"west": {"uv": [26, 19], "uv_size": [1, 2]},
								"up": {"uv": [20, 26], "uv_size": [2, 1]},
								"down": {"uv": [26, 22], "uv_size": [2, -1]}
							}
						},
						{
							"origin": [-6.27349, 13.46112, -10.646],
							"size": [1.6128, 1.6128, 0.6308],
							"pivot": [-5.46709, 12.82752, -11.3256],
							"rotation": [0, 0, -160],
							"uv": {
								"north": {"uv": [18, 19], "uv_size": [2, 2]},
								"east": {"uv": [26, 22], "uv_size": [1, 2]},
								"south": {"uv": [20, 15], "uv_size": [2, 2]},
								"west": {"uv": [23, 26], "uv_size": [1, 2]},
								"up": {"uv": [24, 26], "uv_size": [2, 1]},
								"down": {"uv": [26, 25], "uv_size": [2, -1]}
							}
						},
						{
							"origin": [-6.27349, 13.46112, -10.646],
							"size": [1.6128, 1.6128, 0.6308],
							"pivot": [-5.46709, 12.82752, -11.3256],
							"rotation": [0, 0, 160],
							"uv": {
								"north": {"uv": [20, 17], "uv_size": [2, 2]},
								"east": {"uv": [26, 25], "uv_size": [1, 2]},
								"south": {"uv": [20, 19], "uv_size": [2, 2]},
								"west": {"uv": [4, 27], "uv_size": [1, 2]},
								"up": {"uv": [27, 0], "uv_size": [2, 1]},
								"down": {"uv": [27, 4], "uv_size": [2, -1]}
							}
						},
						{
							"origin": [-6.37114, 13.38274, -10.646],
							"size": [1.6128, 1.6128, 0.6308],
							"pivot": [-5.56474, 12.74914, -11.3256],
							"rotation": [0, 0, 117.5],
							"uv": {
								"north": {"uv": [2, 21], "uv_size": [2, 2]},
								"east": {"uv": [5, 27], "uv_size": [1, 2]},
								"south": {"uv": [4, 21], "uv_size": [2, 2]},
								"west": {"uv": [27, 5], "uv_size": [1, 2]},
								"up": {"uv": [6, 27], "uv_size": [2, 1]},
								"down": {"uv": [27, 9], "uv_size": [2, -1]}
							}
						},
						{
							"origin": [-6.4677, 12.27296, -10.4906],
							"size": [1.12, 1.12, 12.82],
							"pivot": [-5.9077, 12.83296, -2.4306],
							"rotation": [0, 0, -90],
							"uv": {
								"north": {"uv": [27, 23], "uv_size": [1, 1]},
								"east": {"uv": [12, 14], "uv_size": [13, 1]},
								"south": {"uv": [24, 27], "uv_size": [1, 1]},
								"west": {"uv": [15, 4], "uv_size": [13, 1]},
								"up": {"uv": [12, 15], "uv_size": [1, 13]},
								"down": {"uv": [13, 28], "uv_size": [1, -13]}
							}
						},
						{
							"origin": [-5.9677, 10.52296, -10.2406],
							"size": [1.12, 0.62, 0.82],
							"pivot": [-5.4077, 10.83296, -9.8306],
							"rotation": [0, 50, -90],
							"uv": {
								"north": {"uv": [23, 28], "uv_size": [1, 1]},
								"east": {"uv": [28, 23], "uv_size": [1, 1]},
								"south": {"uv": [24, 28], "uv_size": [1, 1]},
								"west": {"uv": [28, 24], "uv_size": [1, 1]},
								"up": {"uv": [25, 28], "uv_size": [1, 1]},
								"down": {"uv": [28, 26], "uv_size": [1, -1]}
							}
						},
						{
							"origin": [-5.9677, 9.92399, -9.38518],
							"size": [1.12, 0.62, 0.82],
							"pivot": [-5.4077, 10.23399, -8.97518],
							"rotation": [0, 60, -90],
							"uv": {
								"north": {"uv": [26, 28], "uv_size": [1, 1]},
								"east": {"uv": [28, 26], "uv_size": [1, 1]},
								"south": {"uv": [27, 28], "uv_size": [1, 1]},
								"west": {"uv": [28, 27], "uv_size": [1, 1]},
								"up": {"uv": [28, 28], "uv_size": [1, 1]},
								"down": {"uv": [0, 30], "uv_size": [1, -1]}
							}
						},
						{
							"origin": [-5.4677, 15.76799, -12.46607],
							"size": [0.62, 0.62, 0.82],
							"pivot": [-5.4077, 16.07799, -5.05607],
							"rotation": [0, 65, -90],
							"uv": {
								"north": {"uv": [29, 0], "uv_size": [1, 1]},
								"east": {"uv": [1, 29], "uv_size": [1, 1]},
								"south": {"uv": [29, 1], "uv_size": [1, 1]},
								"west": {"uv": [2, 29], "uv_size": [1, 1]},
								"up": {"uv": [29, 2], "uv_size": [1, 1]},
								"down": {"uv": [3, 30], "uv_size": [1, -1]}
							}
						},
						{
							"origin": [-5.7177, 9.34269, -8.13774],
							"size": [0.62, 0.62, 0.82],
							"pivot": [-5.4077, 9.65269, -7.72774],
							"rotation": [0, 75, -90],
							"uv": {
								"north": {"uv": [29, 9], "uv_size": [1, 1]},
								"east": {"uv": [10, 29], "uv_size": [1, 1]},
								"south": {"uv": [29, 10], "uv_size": [1, 1]},
								"west": {"uv": [11, 29], "uv_size": [1, 1]},
								"up": {"uv": [29, 11], "uv_size": [1, 1]},
								"down": {"uv": [12, 30], "uv_size": [1, -1]}
							}
						},
						{
							"origin": [-5.4677, 19.18801, -16.47926],
							"size": [0.62, 0.62, 0.82],
							"pivot": [-5.4077, 19.49801, -6.06926],
							"rotation": [0, 85, -90],
							"uv": {
								"north": {"uv": [29, 3], "uv_size": [1, 1]},
								"east": {"uv": [4, 29], "uv_size": [1, 1]},
								"south": {"uv": [29, 4], "uv_size": [1, 1]},
								"west": {"uv": [5, 29], "uv_size": [1, 1]},
								"up": {"uv": [29, 5], "uv_size": [1, 1]},
								"down": {"uv": [6, 30], "uv_size": [1, -1]}
							}
						},
						{
							"origin": [-5.7177, 12.23643, -10.31516],
							"size": [0.62, 0.62, 0.82],
							"pivot": [-5.4077, 12.54643, -6.90516],
							"rotation": [180, 85, 90],
							"uv": {
								"north": {"uv": [29, 6], "uv_size": [1, 1]},
								"east": {"uv": [7, 29], "uv_size": [1, 1]},
								"south": {"uv": [29, 7], "uv_size": [1, 1]},
								"west": {"uv": [8, 29], "uv_size": [1, 1]},
								"up": {"uv": [29, 8], "uv_size": [1, 1]},
								"down": {"uv": [9, 30], "uv_size": [1, -1]}
							}
						},
						{
							"origin": [-5.7177, 9.32403, -6.47505],
							"size": [0.62, 0.62, 0.82],
							"pivot": [-5.4077, 9.63403, -6.06505],
							"rotation": [-180, 80, 90],
							"uv": {
								"north": {"uv": [29, 12], "uv_size": [1, 1]},
								"east": {"uv": [13, 29], "uv_size": [1, 1]},
								"south": {"uv": [29, 13], "uv_size": [1, 1]},
								"west": {"uv": [14, 29], "uv_size": [1, 1]},
								"up": {"uv": [29, 14], "uv_size": [1, 1]},
								"down": {"uv": [15, 30], "uv_size": [1, -1]}
							}
						},
						{
							"origin": [-5.7177, 11.50524, -8.03265],
							"size": [0.62, 0.62, 0.82],
							"pivot": [-5.4077, 11.81524, -5.62265],
							"rotation": [-180, 70, 90],
							"uv": {
								"north": {"uv": [29, 18], "uv_size": [1, 1]},
								"east": {"uv": [19, 29], "uv_size": [1, 1]},
								"south": {"uv": [29, 19], "uv_size": [1, 1]},
								"west": {"uv": [20, 29], "uv_size": [1, 1]},
								"up": {"uv": [29, 20], "uv_size": [1, 1]},
								"down": {"uv": [21, 30], "uv_size": [1, -1]}
							}
						},
						{
							"origin": [-5.7177, 13.32078, -10.85361],
							"size": [0.62, 0.62, 0.82],
							"pivot": [-5.4077, 13.63078, -6.44361],
							"rotation": [-180, 60, 90],
							"uv": {
								"north": {"uv": [29, 21], "uv_size": [1, 1]},
								"east": {"uv": [22, 29], "uv_size": [1, 1]},
								"south": {"uv": [29, 22], "uv_size": [1, 1]},
								"west": {"uv": [23, 29], "uv_size": [1, 1]},
								"up": {"uv": [29, 23], "uv_size": [1, 1]},
								"down": {"uv": [24, 30], "uv_size": [1, -1]}
							}
						},
						{
							"origin": [-5.9677, 14.00017, -12.62015],
							"size": [0.87, 0.62, 0.82],
							"pivot": [-5.4077, 14.31017, -7.21015],
							"rotation": [-180, 50, 90],
							"uv": {
								"north": {"uv": [29, 24], "uv_size": [1, 1]},
								"east": {"uv": [25, 29], "uv_size": [1, 1]},
								"south": {"uv": [29, 25], "uv_size": [1, 1]},
								"west": {"uv": [26, 29], "uv_size": [1, 1]},
								"up": {"uv": [29, 26], "uv_size": [1, 1]},
								"down": {"uv": [27, 30], "uv_size": [1, -1]}
							}
						},
						{
							"origin": [-5.9677, 14.71997, -16.60579],
							"size": [0.87, 0.62, 0.82],
							"pivot": [-5.4077, 15.02997, -9.19579],
							"rotation": [-180, 35, 90],
							"uv": {
								"north": {"uv": [29, 27], "uv_size": [1, 1]},
								"east": {"uv": [28, 29], "uv_size": [1, 1]},
								"south": {"uv": [29, 28], "uv_size": [1, 1]},
								"west": {"uv": [29, 29], "uv_size": [1, 1]},
								"up": {"uv": [0, 30], "uv_size": [1, 1]},
								"down": {"uv": [30, 1], "uv_size": [1, -1]}
							}
						},
						{
							"origin": [-1.9677, 17.96628, -15.10893],
							"size": [0.87, 0.62, 0.82],
							"pivot": [-5.4077, 18.27628, -7.69893],
							"rotation": [-180, 25, 90],
							"uv": {
								"north": {"uv": [1, 30], "uv_size": [1, 1]},
								"east": {"uv": [30, 1], "uv_size": [1, 1]},
								"south": {"uv": [2, 30], "uv_size": [1, 1]},
								"west": {"uv": [30, 2], "uv_size": [1, 1]},
								"up": {"uv": [3, 30], "uv_size": [1, 1]},
								"down": {"uv": [30, 4], "uv_size": [1, -1]}
							}
						},
						{
							"origin": [-5.7177, 9.45035, -5.90524],
							"size": [0.62, 0.62, 0.82],
							"pivot": [-5.4077, 9.76035, -5.49524],
							"rotation": [-180, 75, 90],
							"uv": {
								"north": {"uv": [29, 15], "uv_size": [1, 1]},
								"east": {"uv": [16, 29], "uv_size": [1, 1]},
								"south": {"uv": [29, 16], "uv_size": [1, 1]},
								"west": {"uv": [17, 29], "uv_size": [1, 1]},
								"up": {"uv": [29, 17], "uv_size": [1, 1]},
								"down": {"uv": [18, 30], "uv_size": [1, -1]}
							}
						},
						{
							"origin": [-6.46551, 12.32896, 2.10247],
							"size": [1.008, 1.26, 1.638],
							"pivot": [-5.96151, 12.83296, 3.23647],
							"rotation": [30, 0, -90],
							"uv": {
								"north": {"uv": [25, 27], "uv_size": [1, 1]},
								"east": {"uv": [15, 5], "uv_size": [2, 1]},
								"south": {"uv": [27, 25], "uv_size": [1, 1]},
								"west": {"uv": [17, 7], "uv_size": [2, 1]},
								"up": {"uv": [21, 5], "uv_size": [1, 2]},
								"down": {"uv": [21, 9], "uv_size": [1, -2]}
							}
						},
						{
							"origin": [-5.4084, 12.32896, 2.10247],
							"size": [1.008, 1.26, 1.638],
							"pivot": [-4.9044, 12.83296, 3.23647],
							"rotation": [30, 0, 90],
							"uv": {
								"north": {"uv": [27, 27], "uv_size": [1, 1]},
								"east": {"uv": [15, 21], "uv_size": [2, 1]},
								"south": {"uv": [28, 1], "uv_size": [1, 1]},
								"west": {"uv": [17, 21], "uv_size": [2, 1]},
								"up": {"uv": [19, 21], "uv_size": [1, 2]},
								"down": {"uv": [20, 23], "uv_size": [1, -2]}
							}
						},
						{
							"origin": [-6.86823, 12.32896, 2.28695],
							"size": [1.008, 0.63, 1.638],
							"pivot": [-6.36423, 12.83296, 3.42095],
							"rotation": [90, 0, -90],
							"uv": {
								"north": {"uv": [26, 27], "uv_size": [1, 1]},
								"east": {"uv": [19, 9], "uv_size": [2, 1]},
								"south": {"uv": [27, 26], "uv_size": [1, 1]},
								"west": {"uv": [21, 9], "uv_size": [2, 1]},
								"up": {"uv": [21, 10], "uv_size": [1, 2]},
								"down": {"uv": [14, 23], "uv_size": [1, -2]}
							}
						},
						{
							"origin": [-5.00569, 12.32896, 2.28695],
							"size": [1.008, 0.63, 1.638],
							"pivot": [-4.50169, 12.83296, 3.42095],
							"rotation": [90, 0, 90],
							"uv": {
								"north": {"uv": [2, 28], "uv_size": [1, 1]},
								"east": {"uv": [21, 21], "uv_size": [2, 1]},
								"south": {"uv": [28, 2], "uv_size": [1, 1]},
								"west": {"uv": [22, 5], "uv_size": [2, 1]},
								"up": {"uv": [22, 6], "uv_size": [1, 2]},
								"down": {"uv": [22, 12], "uv_size": [1, -2]}
							}
						},
						{
							"origin": [-5.93696, 12.79612, 2.36927],
							"size": [1.008, 1.26, 1.638],
							"pivot": [-5.43296, 12.83296, 3.25531],
							"rotation": [30, 0, -130],
							"uv": {
								"north": {"uv": [28, 7], "uv_size": [1, 1]},
								"east": {"uv": [6, 23], "uv_size": [2, 1]},
								"south": {"uv": [8, 28], "uv_size": [1, 1]},
								"west": {"uv": [23, 6], "uv_size": [2, 1]},
								"up": {"uv": [23, 9], "uv_size": [1, 2]},
								"down": {"uv": [23, 13], "uv_size": [1, -2]}
							}
						},
						{
							"origin": [-5.93696, 12.79612, 2.36927],
							"size": [1.008, 1.26, 1.638],
							"pivot": [-5.43296, 12.83296, 3.25531],
							"rotation": [30, 0, 50],
							"uv": {
								"north": {"uv": [28, 5], "uv_size": [1, 1]},
								"east": {"uv": [22, 17], "uv_size": [2, 1]},
								"south": {"uv": [6, 28], "uv_size": [1, 1]},
								"west": {"uv": [22, 18], "uv_size": [2, 1]},
								"up": {"uv": [18, 22], "uv_size": [1, 2]},
								"down": {"uv": [22, 21], "uv_size": [1, -2]}
							}
						},
						{
							"origin": [-5.93696, 12.16332, 3.05258],
							"size": [1.008, 0.63, 1.638],
							"pivot": [-5.43296, 12.83296, 3.25531],
							"rotation": [90, 0, 50],
							"uv": {
								"north": {"uv": [3, 28], "uv_size": [1, 1]},
								"east": {"uv": [22, 8], "uv_size": [2, 1]},
								"south": {"uv": [28, 4], "uv_size": [1, 1]},
								"west": {"uv": [15, 22], "uv_size": [2, 1]},
								"up": {"uv": [22, 15], "uv_size": [1, 2]},
								"down": {"uv": [17, 24], "uv_size": [1, -2]}
							}
						},
						{
							"origin": [-5.93696, 12.16332, 3.05258],
							"size": [1.008, 0.63, 1.638],
							"pivot": [-5.43296, 12.83296, 3.25531],
							"rotation": [90, 0, -130],
							"uv": {
								"north": {"uv": [28, 6], "uv_size": [1, 1]},
								"east": {"uv": [21, 22], "uv_size": [2, 1]},
								"south": {"uv": [7, 28], "uv_size": [1, 1]},
								"west": {"uv": [2, 23], "uv_size": [2, 1]},
								"up": {"uv": [4, 23], "uv_size": [1, 2]},
								"down": {"uv": [5, 25], "uv_size": [1, -2]}
							}
						},
						{
							"origin": [-5.93696, 12.79612, 2.36927],
							"size": [1.008, 1.26, 1.638],
							"pivot": [-5.43296, 12.83296, 3.25531],
							"rotation": [30, 0, -170],
							"uv": {
								"north": {"uv": [13, 28], "uv_size": [1, 1]},
								"east": {"uv": [23, 22], "uv_size": [2, 1]},
								"south": {"uv": [28, 13], "uv_size": [1, 1]},
								"west": {"uv": [23, 23], "uv_size": [2, 1]},
								"up": {"uv": [2, 24], "uv_size": [1, 2]},
								"down": {"uv": [3, 26], "uv_size": [1, -2]}
							}
						},
						{
							"origin": [-5.93696, 12.16332, 3.05258],
							"size": [1.008, 0.63, 1.638],
							"pivot": [-5.43296, 12.83296, 3.25531],
							"rotation": [90, 0, -170],
							"uv": {
								"north": {"uv": [12, 28], "uv_size": [1, 1]},
								"east": {"uv": [23, 19], "uv_size": [2, 1]},
								"south": {"uv": [28, 12], "uv_size": [1, 1]},
								"west": {"uv": [20, 23], "uv_size": [2, 1]},
								"up": {"uv": [23, 20], "uv_size": [1, 2]},
								"down": {"uv": [22, 25], "uv_size": [1, -2]}
							}
						},
						{
							"origin": [-5.93696, 12.79612, 2.36927],
							"size": [1.008, 1.26, 1.638],
							"pivot": [-5.43296, 12.83296, 3.25531],
							"rotation": [30, 0, 10],
							"uv": {
								"north": {"uv": [28, 10], "uv_size": [1, 1]},
								"east": {"uv": [23, 15], "uv_size": [2, 1]},
								"south": {"uv": [28, 11], "uv_size": [1, 1]},
								"west": {"uv": [23, 16], "uv_size": [2, 1]},
								"up": {"uv": [16, 23], "uv_size": [1, 2]},
								"down": {"uv": [19, 25], "uv_size": [1, -2]}
							}
						},
						{
							"origin": [-5.93696, 12.16332, 3.05258],
							"size": [1.008, 0.63, 1.638],
							"pivot": [-5.43296, 12.83296, 3.25531],
							"rotation": [90, 0, 10],
							"uv": {
								"north": {"uv": [9, 28], "uv_size": [1, 1]},
								"east": {"uv": [23, 7], "uv_size": [2, 1]},
								"south": {"uv": [28, 9], "uv_size": [1, 1]},
								"west": {"uv": [23, 13], "uv_size": [2, 1]},
								"up": {"uv": [14, 23], "uv_size": [1, 2]},
								"down": {"uv": [15, 25], "uv_size": [1, -2]}
							}
						},
						{
							"origin": [-5.93696, 12.79612, 2.36927],
							"size": [1.008, 1.26, 1.638],
							"pivot": [-5.43296, 12.83296, 3.25531],
							"rotation": [30, 0, 150],
							"uv": {
								"north": {"uv": [18, 28], "uv_size": [1, 1]},
								"east": {"uv": [24, 24], "uv_size": [2, 1]},
								"south": {"uv": [28, 18], "uv_size": [1, 1]},
								"west": {"uv": [25, 0], "uv_size": [2, 1]},
								"up": {"uv": [25, 1], "uv_size": [1, 2]},
								"down": {"uv": [4, 27], "uv_size": [1, -2]}
							}
						},
						{
							"origin": [-5.93696, 12.16332, 3.05258],
							"size": [1.008, 0.63, 1.638],
							"pivot": [-5.43296, 12.83296, 3.25531],
							"rotation": [90, 0, 150],
							"uv": {
								"north": {"uv": [17, 28], "uv_size": [1, 1]},
								"east": {"uv": [24, 20], "uv_size": [2, 1]},
								"south": {"uv": [28, 17], "uv_size": [1, 1]},
								"west": {"uv": [24, 21], "uv_size": [2, 1]},
								"up": {"uv": [21, 24], "uv_size": [1, 2]},
								"down": {"uv": [23, 26], "uv_size": [1, -2]}
							}
						},
						{
							"origin": [-5.93696, 12.79612, 2.36927],
							"size": [1.008, 1.26, 1.638],
							"pivot": [-5.43296, 12.83296, 3.25531],
							"rotation": [30, 0, -30],
							"uv": {
								"north": {"uv": [16, 28], "uv_size": [1, 1]},
								"east": {"uv": [24, 12], "uv_size": [2, 1]},
								"south": {"uv": [28, 16], "uv_size": [1, 1]},
								"west": {"uv": [17, 24], "uv_size": [2, 1]},
								"up": {"uv": [24, 17], "uv_size": [1, 2]},
								"down": {"uv": [20, 26], "uv_size": [1, -2]}
							}
						},
						{
							"origin": [-5.93696, 12.16332, 3.05258],
							"size": [1.008, 0.63, 1.638],
							"pivot": [-5.43296, 12.83296, 3.25531],
							"rotation": [90, 0, -30],
							"uv": {
								"north": {"uv": [28, 14], "uv_size": [1, 1]},
								"east": {"uv": [24, 5], "uv_size": [2, 1]},
								"south": {"uv": [28, 15], "uv_size": [1, 1]},
								"west": {"uv": [6, 24], "uv_size": [2, 1]},
								"up": {"uv": [24, 8], "uv_size": [1, 2]},
								"down": {"uv": [24, 12], "uv_size": [1, -2]}
							}
						},
						{
							"origin": [-5.93696, 12.79612, 2.36927],
							"size": [1.008, 1.26, 1.638],
							"pivot": [-5.43296, 12.83296, 3.25531],
							"rotation": [30, 0, 110],
							"uv": {
								"north": {"uv": [22, 28], "uv_size": [1, 1]},
								"east": {"uv": [17, 25], "uv_size": [2, 1]},
								"south": {"uv": [28, 22], "uv_size": [1, 1]},
								"west": {"uv": [25, 17], "uv_size": [2, 1]},
								"up": {"uv": [25, 18], "uv_size": [1, 2]},
								"down": {"uv": [19, 27], "uv_size": [1, -2]}
							}
						},
						{
							"origin": [-5.93696, 12.16332, 3.05258],
							"size": [1.008, 0.63, 1.638],
							"pivot": [-5.43296, 12.83296, 3.25531],
							"rotation": [90, 0, 110],
							"uv": {
								"north": {"uv": [21, 28], "uv_size": [1, 1]},
								"east": {"uv": [25, 11], "uv_size": [2, 1]},
								"south": {"uv": [28, 21], "uv_size": [1, 1]},
								"west": {"uv": [14, 25], "uv_size": [2, 1]},
								"up": {"uv": [25, 15], "uv_size": [1, 2]},
								"down": {"uv": [16, 27], "uv_size": [1, -2]}
							}
						},
						{
							"origin": [-5.93696, 12.79612, 2.36927],
							"size": [1.008, 1.26, 1.638],
							"pivot": [-5.43296, 12.83296, 3.25531],
							"rotation": [30, 0, -70],
							"uv": {
								"north": {"uv": [20, 28], "uv_size": [1, 1]},
								"east": {"uv": [8, 25], "uv_size": [2, 1]},
								"south": {"uv": [28, 20], "uv_size": [1, 1]},
								"west": {"uv": [25, 8], "uv_size": [2, 1]},
								"up": {"uv": [25, 9], "uv_size": [1, 2]},
								"down": {"uv": [25, 15], "uv_size": [1, -2]}
							}
						},
						{
							"origin": [-5.93696, 12.16332, 3.05258],
							"size": [1.008, 0.63, 1.638],
							"pivot": [-5.43296, 12.83296, 3.25531],
							"rotation": [90, 0, -70],
							"uv": {
								"north": {"uv": [19, 28], "uv_size": [1, 1]},
								"east": {"uv": [25, 3], "uv_size": [2, 1]},
								"south": {"uv": [28, 19], "uv_size": [1, 1]},
								"west": {"uv": [5, 25], "uv_size": [2, 1]},
								"up": {"uv": [25, 6], "uv_size": [1, 2]},
								"down": {"uv": [7, 27], "uv_size": [1, -2]}
							}
						},
						{
							"origin": [-6.29603, 11.96989, -10.4906],
							"size": [1.12, 1.12, 12.82],
							"pivot": [-5.73603, 12.52989, -2.4306],
							"rotation": [0, 0, 22.5],
							"uv": {
								"north": {"uv": [27, 20], "uv_size": [1, 1]},
								"east": {"uv": [8, 10], "uv_size": [13, 1]},
								"south": {"uv": [21, 27], "uv_size": [1, 1]},
								"west": {"uv": [8, 11], "uv_size": [13, 1]},
								"up": {"uv": [8, 12], "uv_size": [1, 13]},
								"down": {"uv": [9, 25], "uv_size": [1, -13]}
							}
						},
						{
							"origin": [-5.68989, 11.96989, -10.4906],
							"size": [1.12, 1.12, 12.82],
							"pivot": [-5.12989, 12.52989, -2.4306],
							"rotation": [0, 0, -22.5],
							"uv": {
								"north": {"uv": [27, 19], "uv_size": [1, 1]},
								"east": {"uv": [6, 8], "uv_size": [13, 1]},
								"south": {"uv": [20, 27], "uv_size": [1, 1]},
								"west": {"uv": [6, 9], "uv_size": [13, 1]},
								"up": {"uv": [6, 10], "uv_size": [1, 13]},
								"down": {"uv": [7, 23], "uv_size": [1, -13]}
							}
						}
					]
				},
				{
					"name": "sheath",
					"parent": "body",
					"pivot": [5, 12.72563, 1.2161],
					"cubes": [
						{
							"origin": [4, 10, -7],
							"size": [2, 1.5, 27],
							"pivot": [5, 12, 6.5],
							"rotation": [-15, 0, 0],
							"uv": {
								"north": {"uv": [29, 30.5], "uv_size": [0, 0.5]},
								"east": {"uv": [29, 30.5], "uv_size": [0, 0.5]},
								"south": {"uv": [29, 30.5], "uv_size": [0, 0.5]},
								"west": {"uv": [29, 30.5], "uv_size": [0, 0.5]},
								"up": {"uv": [29, 31], "uv_size": [0, -0.5]},
								"down": {"uv": [29, 31], "uv_size": [0, -0.5]}
							}
						},
						{
							"origin": [4, 10, -7.75],
							"size": [2, 2.5, 0.75],
							"pivot": [5, 12, 6.5],
							"rotation": [-15, 0, 0],
							"uv": {
								"north": {"uv": [27, 30.5], "uv_size": [1, 0.5]},
								"east": {"uv": [27, 30.5], "uv_size": [1, 0.5]},
								"south": {"uv": [27, 30.5], "uv_size": [1, 0.5]},
								"west": {"uv": [27, 30.5], "uv_size": [1, 0.5]},
								"up": {"uv": [28, 31], "uv_size": [-1, -0.5]},
								"down": {"uv": [28, 31], "uv_size": [-1, -0.5]}
							}
						},
						{
							"origin": [4, 11.5, -7],
							"size": [2, 1, 27],
							"pivot": [5, 12, 6.5],
							"rotation": [-15, 0, 0],
							"uv": {
								"north": {"uv": [31, 30], "uv_size": [1, 1]},
								"east": {"uv": [31, 30], "uv_size": [1, 1]},
								"south": {"uv": [31, 30], "uv_size": [1, 1]},
								"west": {"uv": [31, 30], "uv_size": [1, 1]},
								"up": {"uv": [32, 31], "uv_size": [-1, -1]},
								"down": {"uv": [32, 31], "uv_size": [-1, -1]}
							}
						}
					]
				},
				{
					"name": "gryphon_off",
					"parent": "body",
					"pivot": [5.54981, 15.24165, -10.29537],
					"rotation": [-165, 0, 180],
					"cubes": [
						{
							"origin": [4.70397, 15.52989, -13.4906],
							"size": [1.12, 1.12, 12.82],
							"pivot": [5.26397, 16.08989, -5.4306],
							"rotation": [0, 0, -22.5],
							"uv": {
								"north": {"uv": [27, 15], "uv_size": [1, 1]},
								"east": {"uv": [2, 4], "uv_size": [13, 1]},
								"south": {"uv": [16, 27], "uv_size": [1, 1]},
								"west": {"uv": [2, 5], "uv_size": [13, 1]},
								"up": {"uv": [2, 6], "uv_size": [1, 13]},
								"down": {"uv": [3, 19], "uv_size": [1, -13]}
							}
						},
						{
							"origin": [5.31011, 15.52989, -13.4906],
							"size": [1.12, 1.12, 12.82],
							"pivot": [5.87011, 16.08989, -5.4306],
							"rotation": [0, 0, 22.5],
							"uv": {
								"north": {"uv": [27, 17], "uv_size": [1, 1]},
								"east": {"uv": [4, 6], "uv_size": [13, 1]},
								"south": {"uv": [19, 27], "uv_size": [1, 1]},
								"west": {"uv": [4, 7], "uv_size": [13, 1]},
								"up": {"uv": [4, 8], "uv_size": [1, 13]},
								"down": {"uv": [5, 21], "uv_size": [1, -13]}
							}
						},
						{
							"origin": [5.48179, 15.27296, -13.4906],
							"size": [1.12, 1.12, 12.82],
							"pivot": [6.04179, 15.83296, -5.4306],
							"rotation": [0, 0, 90],
							"uv": {
								"north": {"uv": [22, 27], "uv_size": [1, 1]},
								"east": {"uv": [10, 12], "uv_size": [13, 1]},
								"south": {"uv": [27, 22], "uv_size": [1, 1]},
								"west": {"uv": [10, 13], "uv_size": [13, 1]},
								"up": {"uv": [10, 14], "uv_size": [1, 13]},
								"down": {"uv": [11, 27], "uv_size": [1, -13]}
							}
						},
						{
							"origin": [6.07274, 15.21215, -13.646],
							"size": [1.6128, 1.6128, 0.6308],
							"pivot": [6.87914, 16.01855, -2.5896],
							"rotation": [0, 0, 80],
							"uv": {
								"north": {"uv": [14, 15], "uv_size": [2, 2]},
								"east": {"uv": [22, 25], "uv_size": [1, 2]},
								"south": {"uv": [16, 15], "uv_size": [2, 2]},
								"west": {"uv": [25, 22], "uv_size": [1, 2]},
								"up": {"uv": [24, 25], "uv_size": [2, 1]},
								"down": {"uv": [26, 2], "uv_size": [2, -1]}
							}
						},
						{
							"origin": [4.6548, 16.44548, -13.646],
							"size": [1.6128, 1.6128, 0.6308],
							"pivot": [5.4612, 15.81188, -14.3256],
							"rotation": [0, 0, 40],
							"uv": {
								"north": {"uv": [17, 5], "uv_size": [2, 2]},
								"east": {"uv": [2, 26], "uv_size": [1, 2]},
								"south": {"uv": [14, 17], "uv_size": [2, 2]},
								"west": {"uv": [3, 26], "uv_size": [1, 2]},
								"up": {"uv": [26, 2], "uv_size": [2, 1]},
								"down": {"uv": [5, 27], "uv_size": [2, -1]}
							}
						},
						{
							"origin": [4.67428, 16.43741, -13.646],
							"size": [1.6128, 1.6128, 0.6308],
							"uv": {
								"north": {"uv": [16, 17], "uv_size": [2, 2]},
								"east": {"uv": [26, 5], "uv_size": [1, 2]},
								"south": {"uv": [18, 15], "uv_size": [2, 2]},
								"west": {"uv": [8, 26], "uv_size": [1, 2]},
								"up": {"uv": [26, 7], "uv_size": [2, 1]},
								"down": {"uv": [26, 10], "uv_size": [2, -1]}
							}
						},
						{
							"origin": [5.29928, 14.93741, -38.146],
							"size": [0.3628, 1.8628, 24.6308],
							"uv": {
								"north": {"uv": [10, 27], "uv_size": [1, 2]},
								"east": {"uv": [0, 0], "uv_size": [25, 2]},
								"south": {"uv": [11, 27], "uv_size": [1, 2]},
								"west": {"uv": [0, 2], "uv_size": [25, 2]},
								"up": {"uv": [0, 4], "uv_size": [1, 25]},
								"down": {"uv": [1, 29], "uv_size": [1, -25]}
							}
						},
						{
							"origin": [5.29928, 15.2461, -38.67431],
							"size": [0.3628, 0.8628, 0.6308],
							"pivot": [5.48068, 15.6775, -39.85891],
							"rotation": [-10, 0, 0],
							"uv": {
								"north": {"uv": [4, 30], "uv_size": [1, 1]},
								"east": {"uv": [30, 4], "uv_size": [1, 1]},
								"south": {"uv": [5, 30], "uv_size": [1, 1]},
								"west": {"uv": [30, 5], "uv_size": [1, 1]},
								"up": {"uv": [6, 30], "uv_size": [1, 1]},
								"down": {"uv": [30, 7], "uv_size": [1, -1]}
							}
						},
						{
							"origin": [5.29928, 15.46091, -38.11492],
							"size": [0.3628, 0.8628, 0.6308],
							"pivot": [5.48068, 18.89231, -39.29952],
							"rotation": [-20, 0, 0],
							"uv": {
								"north": {"uv": [7, 30], "uv_size": [1, 1]},
								"east": {"uv": [30, 7], "uv_size": [1, 1]},
								"south": {"uv": [8, 30], "uv_size": [1, 1]},
								"west": {"uv": [30, 8], "uv_size": [1, 1]},
								"up": {"uv": [9, 30], "uv_size": [1, 1]},
								"down": {"uv": [30, 10], "uv_size": [1, -1]}
							}
						},
						{
							"origin": [5.29928, 15.50255, -37.12071],
							"size": [0.3628, 0.8628, 0.6308],
							"pivot": [5.48068, 19.93395, -38.30531],
							"rotation": [-35, 0, 0],
							"uv": {
								"north": {"uv": [10, 30], "uv_size": [1, 1]},
								"east": {"uv": [30, 10], "uv_size": [1, 1]},
								"south": {"uv": [11, 30], "uv_size": [1, 1]},
								"west": {"uv": [30, 11], "uv_size": [1, 1]},
								"up": {"uv": [12, 30], "uv_size": [1, 1]},
								"down": {"uv": [30, 13], "uv_size": [1, -1]}
							}
						},
						{
							"origin": [5.29928, 14.36059, -34.24123],
							"size": [0.3628, 0.8628, 0.7058],
							"pivot": [5.48068, 21.79199, -35.35083],
							"rotation": [-50, 0, 0],
							"uv": {
								"north": {"uv": [13, 30], "uv_size": [1, 1]},
								"east": {"uv": [30, 13], "uv_size": [1, 1]},
								"south": {"uv": [14, 30], "uv_size": [1, 1]},
								"west": {"uv": [30, 14], "uv_size": [1, 1]},
								"up": {"uv": [15, 30], "uv_size": [1, 1]},
								"down": {"uv": [30, 16], "uv_size": [1, -1]}
							}
						},
						{
							"origin": [5.29928, 12.32341, -31.51875],
							"size": [0.3628, 0.8628, 0.3058],
							"pivot": [5.48068, 20.75481, -33.02835],
							"rotation": [-70, 0, 0],
							"uv": {
								"north": {"uv": [20, 30], "uv_size": [1, 1]},
								"east": {"uv": [30, 20], "uv_size": [1, 1]},
								"south": {"uv": [21, 30], "uv_size": [1, 1]},
								"west": {"uv": [30, 21], "uv_size": [1, 1]},
								"up": {"uv": [22, 30], "uv_size": [1, 1]},
								"down": {"uv": [30, 23], "uv_size": [1, -1]}
							}
						},
						{
							"origin": [5.29928, 13.12841, -30.3928],
							"size": [0.3628, 2.2878, 0.3558],
							"pivot": [5.48068, 19.98481, -33.5774],
							"rotation": [-90, 0, 0],
							"uv": {
								"north": {"uv": [27, 11], "uv_size": [1, 2]},
								"east": {"uv": [27, 13], "uv_size": [1, 2]},
								"south": {"uv": [14, 27], "uv_size": [1, 2]},
								"west": {"uv": [15, 27], "uv_size": [1, 2]},
								"up": {"uv": [16, 30], "uv_size": [1, 1]},
								"down": {"uv": [30, 17], "uv_size": [1, -1]}
							}
						},
						{
							"origin": [5.29928, 14.07841, -30.1428],
							"size": [0.3628, 1.3378, 0.8808],
							"pivot": [5.48068, 19.98481, -33.5774],
							"rotation": [-90, 0, 0],
							"uv": {
								"north": {"uv": [17, 30], "uv_size": [1, 1]},
								"east": {"uv": [30, 17], "uv_size": [1, 1]},
								"south": {"uv": [18, 30], "uv_size": [1, 1]},
								"west": {"uv": [30, 18], "uv_size": [1, 1]},
								"up": {"uv": [19, 30], "uv_size": [1, 1]},
								"down": {"uv": [30, 20], "uv_size": [1, -1]}
							}
						},
						{
							"origin": [4.6944, 16.44375, -13.646],
							"size": [1.6128, 1.6128, 0.6308],
							"pivot": [5.5008, 15.81015, -14.3256],
							"rotation": [0, 0, -40],
							"uv": {
								"north": {"uv": [18, 17], "uv_size": [2, 2]},
								"east": {"uv": [9, 26], "uv_size": [1, 2]},
								"south": {"uv": [2, 19], "uv_size": [2, 2]},
								"west": {"uv": [26, 12], "uv_size": [1, 2]},
								"up": {"uv": [26, 10], "uv_size": [2, 1]},
								"down": {"uv": [14, 27], "uv_size": [2, -1]}
							}
						},
						{
							"origin": [4.72651, 16.46112, -13.646],
							"size": [1.6128, 1.6128, 0.6308],
							"pivot": [5.53291, 15.82752, -14.3256],
							"rotation": [0, 0, -80],
							"uv": {
								"north": {"uv": [19, 5], "uv_size": [2, 2]},
								"east": {"uv": [26, 14], "uv_size": [1, 2]},
								"south": {"uv": [19, 7], "uv_size": [2, 2]},
								"west": {"uv": [17, 26], "uv_size": [1, 2]},
								"up": {"uv": [26, 16], "uv_size": [2, 1]},
								"down": {"uv": [26, 19], "uv_size": [2, -1]}
							}
						},
						{
							"origin": [4.72651, 16.46112, -13.646],
							"size": [1.6128, 1.6128, 0.6308],
							"pivot": [5.53291, 15.82752, -14.3256],
							"rotation": [0, 0, -120],
							"uv": {
								"north": {"uv": [14, 19], "uv_size": [2, 2]},
								"east": {"uv": [18, 26], "uv_size": [1, 2]},
								"south": {"uv": [16, 19], "uv_size": [2, 2]},
								"west": {"uv": [26, 19], "uv_size": [1, 2]},
								"up": {"uv": [20, 26], "uv_size": [2, 1]},
								"down": {"uv": [26, 22], "uv_size": [2, -1]}
							}
						},
						{
							"origin": [4.72651, 16.46112, -13.646],
							"size": [1.6128, 1.6128, 0.6308],
							"pivot": [5.53291, 15.82752, -14.3256],
							"rotation": [0, 0, -160],
							"uv": {
								"north": {"uv": [18, 19], "uv_size": [2, 2]},
								"east": {"uv": [26, 22], "uv_size": [1, 2]},
								"south": {"uv": [20, 15], "uv_size": [2, 2]},
								"west": {"uv": [23, 26], "uv_size": [1, 2]},
								"up": {"uv": [24, 26], "uv_size": [2, 1]},
								"down": {"uv": [26, 25], "uv_size": [2, -1]}
							}
						},
						{
							"origin": [4.72651, 16.46112, -13.646],
							"size": [1.6128, 1.6128, 0.6308],
							"pivot": [5.53291, 15.82752, -14.3256],
							"rotation": [0, 0, 160],
							"uv": {
								"north": {"uv": [20, 17], "uv_size": [2, 2]},
								"east": {"uv": [26, 25], "uv_size": [1, 2]},
								"south": {"uv": [20, 19], "uv_size": [2, 2]},
								"west": {"uv": [4, 27], "uv_size": [1, 2]},
								"up": {"uv": [27, 0], "uv_size": [2, 1]},
								"down": {"uv": [27, 4], "uv_size": [2, -1]}
							}
						},
						{
							"origin": [4.62886, 16.38274, -13.646],
							"size": [1.6128, 1.6128, 0.6308],
							"pivot": [5.43526, 15.74914, -14.3256],
							"rotation": [0, 0, 117.5],
							"uv": {
								"north": {"uv": [2, 21], "uv_size": [2, 2]},
								"east": {"uv": [5, 27], "uv_size": [1, 2]},
								"south": {"uv": [4, 21], "uv_size": [2, 2]},
								"west": {"uv": [27, 5], "uv_size": [1, 2]},
								"up": {"uv": [6, 27], "uv_size": [2, 1]},
								"down": {"uv": [27, 9], "uv_size": [2, -1]}
							}
						},
						{
							"origin": [4.5323, 15.27296, -13.4906],
							"size": [1.12, 1.12, 12.82],
							"pivot": [5.0923, 15.83296, -5.4306],
							"rotation": [0, 0, -90],
							"uv": {
								"north": {"uv": [27, 23], "uv_size": [1, 1]},
								"east": {"uv": [12, 14], "uv_size": [13, 1]},
								"south": {"uv": [24, 27], "uv_size": [1, 1]},
								"west": {"uv": [15, 4], "uv_size": [13, 1]},
								"up": {"uv": [12, 15], "uv_size": [1, 13]},
								"down": {"uv": [13, 28], "uv_size": [1, -13]}
							}
						},
						{
							"origin": [5.0323, 13.52296, -13.2406],
							"size": [1.12, 0.62, 0.82],
							"pivot": [5.5923, 13.83296, -12.8306],
							"rotation": [0, 50, -90],
							"uv": {
								"north": {"uv": [23, 28], "uv_size": [1, 1]},
								"east": {"uv": [28, 23], "uv_size": [1, 1]},
								"south": {"uv": [24, 28], "uv_size": [1, 1]},
								"west": {"uv": [28, 24], "uv_size": [1, 1]},
								"up": {"uv": [25, 28], "uv_size": [1, 1]},
								"down": {"uv": [28, 26], "uv_size": [1, -1]}
							}
						},
						{
							"origin": [5.0323, 12.92399, -12.38518],
							"size": [1.12, 0.62, 0.82],
							"pivot": [5.5923, 13.23399, -11.97518],
							"rotation": [0, 60, -90],
							"uv": {
								"north": {"uv": [26, 28], "uv_size": [1, 1]},
								"east": {"uv": [28, 26], "uv_size": [1, 1]},
								"south": {"uv": [27, 28], "uv_size": [1, 1]},
								"west": {"uv": [28, 27], "uv_size": [1, 1]},
								"up": {"uv": [28, 28], "uv_size": [1, 1]},
								"down": {"uv": [0, 30], "uv_size": [1, -1]}
							}
						},
						{
							"origin": [5.5323, 18.76799, -15.46607],
							"size": [0.62, 0.62, 0.82],
							"pivot": [5.5923, 19.07799, -8.05607],
							"rotation": [0, 65, -90],
							"uv": {
								"north": {"uv": [29, 0], "uv_size": [1, 1]},
								"east": {"uv": [1, 29], "uv_size": [1, 1]},
								"south": {"uv": [29, 1], "uv_size": [1, 1]},
								"west": {"uv": [2, 29], "uv_size": [1, 1]},
								"up": {"uv": [29, 2], "uv_size": [1, 1]},
								"down": {"uv": [3, 30], "uv_size": [1, -1]}
							}
						},
						{
							"origin": [5.2823, 12.34269, -11.13774],
							"size": [0.62, 0.62, 0.82],
							"pivot": [5.5923, 12.65269, -10.72774],
							"rotation": [0, 75, -90],
							"uv": {
								"north": {"uv": [29, 9], "uv_size": [1, 1]},
								"east": {"uv": [10, 29], "uv_size": [1, 1]},
								"south": {"uv": [29, 10], "uv_size": [1, 1]},
								"west": {"uv": [11, 29], "uv_size": [1, 1]},
								"up": {"uv": [29, 11], "uv_size": [1, 1]},
								"down": {"uv": [12, 30], "uv_size": [1, -1]}
							}
						},
						{
							"origin": [5.5323, 22.18801, -19.47926],
							"size": [0.62, 0.62, 0.82],
							"pivot": [5.5923, 22.49801, -9.06926],
							"rotation": [0, 85, -90],
							"uv": {
								"north": {"uv": [29, 3], "uv_size": [1, 1]},
								"east": {"uv": [4, 29], "uv_size": [1, 1]},
								"south": {"uv": [29, 4], "uv_size": [1, 1]},
								"west": {"uv": [5, 29], "uv_size": [1, 1]},
								"up": {"uv": [29, 5], "uv_size": [1, 1]},
								"down": {"uv": [6, 30], "uv_size": [1, -1]}
							}
						},
						{
							"origin": [5.2823, 15.23643, -13.31516],
							"size": [0.62, 0.62, 0.82],
							"pivot": [5.5923, 15.54643, -9.90516],
							"rotation": [180, 85, 90],
							"uv": {
								"north": {"uv": [29, 6], "uv_size": [1, 1]},
								"east": {"uv": [7, 29], "uv_size": [1, 1]},
								"south": {"uv": [29, 7], "uv_size": [1, 1]},
								"west": {"uv": [8, 29], "uv_size": [1, 1]},
								"up": {"uv": [29, 8], "uv_size": [1, 1]},
								"down": {"uv": [9, 30], "uv_size": [1, -1]}
							}
						},
						{
							"origin": [5.2823, 12.32403, -9.47505],
							"size": [0.62, 0.62, 0.82],
							"pivot": [5.5923, 12.63403, -9.06505],
							"rotation": [-180, 80, 90],
							"uv": {
								"north": {"uv": [29, 12], "uv_size": [1, 1]},
								"east": {"uv": [13, 29], "uv_size": [1, 1]},
								"south": {"uv": [29, 13], "uv_size": [1, 1]},
								"west": {"uv": [14, 29], "uv_size": [1, 1]},
								"up": {"uv": [29, 14], "uv_size": [1, 1]},
								"down": {"uv": [15, 30], "uv_size": [1, -1]}
							}
						},
						{
							"origin": [5.2823, 14.50524, -11.03265],
							"size": [0.62, 0.62, 0.82],
							"pivot": [5.5923, 14.81524, -8.62265],
							"rotation": [-180, 70, 90],
							"uv": {
								"north": {"uv": [29, 18], "uv_size": [1, 1]},
								"east": {"uv": [19, 29], "uv_size": [1, 1]},
								"south": {"uv": [29, 19], "uv_size": [1, 1]},
								"west": {"uv": [20, 29], "uv_size": [1, 1]},
								"up": {"uv": [29, 20], "uv_size": [1, 1]},
								"down": {"uv": [21, 30], "uv_size": [1, -1]}
							}
						},
						{
							"origin": [5.2823, 16.32078, -13.85361],
							"size": [0.62, 0.62, 0.82],
							"pivot": [5.5923, 16.63078, -9.44361],
							"rotation": [-180, 60, 90],
							"uv": {
								"north": {"uv": [29, 21], "uv_size": [1, 1]},
								"east": {"uv": [22, 29], "uv_size": [1, 1]},
								"south": {"uv": [29, 22], "uv_size": [1, 1]},
								"west": {"uv": [23, 29], "uv_size": [1, 1]},
								"up": {"uv": [29, 23], "uv_size": [1, 1]},
								"down": {"uv": [24, 30], "uv_size": [1, -1]}
							}
						},
						{
							"origin": [5.0323, 17.00017, -15.62015],
							"size": [0.87, 0.62, 0.82],
							"pivot": [5.5923, 17.31017, -10.21015],
							"rotation": [-180, 50, 90],
							"uv": {
								"north": {"uv": [29, 24], "uv_size": [1, 1]},
								"east": {"uv": [25, 29], "uv_size": [1, 1]},
								"south": {"uv": [29, 25], "uv_size": [1, 1]},
								"west": {"uv": [26, 29], "uv_size": [1, 1]},
								"up": {"uv": [29, 26], "uv_size": [1, 1]},
								"down": {"uv": [27, 30], "uv_size": [1, -1]}
							}
						},
						{
							"origin": [5.0323, 17.71997, -19.60579],
							"size": [0.87, 0.62, 0.82],
							"pivot": [5.5923, 18.02997, -12.19579],
							"rotation": [-180, 35, 90],
							"uv": {
								"north": {"uv": [29, 27], "uv_size": [1, 1]},
								"east": {"uv": [28, 29], "uv_size": [1, 1]},
								"south": {"uv": [29, 28], "uv_size": [1, 1]},
								"west": {"uv": [29, 29], "uv_size": [1, 1]},
								"up": {"uv": [0, 30], "uv_size": [1, 1]},
								"down": {"uv": [30, 1], "uv_size": [1, -1]}
							}
						},
						{
							"origin": [9.0323, 20.96628, -18.10893],
							"size": [0.87, 0.62, 0.82],
							"pivot": [5.5923, 21.27628, -10.69893],
							"rotation": [-180, 25, 90],
							"uv": {
								"north": {"uv": [1, 30], "uv_size": [1, 1]},
								"east": {"uv": [30, 1], "uv_size": [1, 1]},
								"south": {"uv": [2, 30], "uv_size": [1, 1]},
								"west": {"uv": [30, 2], "uv_size": [1, 1]},
								"up": {"uv": [3, 30], "uv_size": [1, 1]},
								"down": {"uv": [30, 4], "uv_size": [1, -1]}
							}
						},
						{
							"origin": [5.2823, 12.45035, -8.90524],
							"size": [0.62, 0.62, 0.82],
							"pivot": [5.5923, 12.76035, -8.49524],
							"rotation": [-180, 75, 90],
							"uv": {
								"north": {"uv": [29, 15], "uv_size": [1, 1]},
								"east": {"uv": [16, 29], "uv_size": [1, 1]},
								"south": {"uv": [29, 16], "uv_size": [1, 1]},
								"west": {"uv": [17, 29], "uv_size": [1, 1]},
								"up": {"uv": [29, 17], "uv_size": [1, 1]},
								"down": {"uv": [18, 30], "uv_size": [1, -1]}
							}
						},
						{
							"origin": [4.53449, 15.32896, -0.89753],
							"size": [1.008, 1.26, 1.638],
							"pivot": [5.03849, 15.83296, 0.23647],
							"rotation": [30, 0, -90],
							"uv": {
								"north": {"uv": [25, 27], "uv_size": [1, 1]},
								"east": {"uv": [15, 5], "uv_size": [2, 1]},
								"south": {"uv": [27, 25], "uv_size": [1, 1]},
								"west": {"uv": [17, 7], "uv_size": [2, 1]},
								"up": {"uv": [21, 5], "uv_size": [1, 2]},
								"down": {"uv": [21, 9], "uv_size": [1, -2]}
							}
						},
						{
							"origin": [5.5916, 15.32896, -0.89753],
							"size": [1.008, 1.26, 1.638],
							"pivot": [6.0956, 15.83296, 0.23647],
							"rotation": [30, 0, 90],
							"uv": {
								"north": {"uv": [27, 27], "uv_size": [1, 1]},
								"east": {"uv": [15, 21], "uv_size": [2, 1]},
								"south": {"uv": [28, 1], "uv_size": [1, 1]},
								"west": {"uv": [17, 21], "uv_size": [2, 1]},
								"up": {"uv": [19, 21], "uv_size": [1, 2]},
								"down": {"uv": [20, 23], "uv_size": [1, -2]}
							}
						},
						{
							"origin": [4.13177, 15.32896, -0.71305],
							"size": [1.008, 0.63, 1.638],
							"pivot": [4.63577, 15.83296, 0.42095],
							"rotation": [90, 0, -90],
							"uv": {
								"north": {"uv": [26, 27], "uv_size": [1, 1]},
								"east": {"uv": [19, 9], "uv_size": [2, 1]},
								"south": {"uv": [27, 26], "uv_size": [1, 1]},
								"west": {"uv": [21, 9], "uv_size": [2, 1]},
								"up": {"uv": [21, 10], "uv_size": [1, 2]},
								"down": {"uv": [14, 23], "uv_size": [1, -2]}
							}
						},
						{
							"origin": [5.99431, 15.32896, -0.71305],
							"size": [1.008, 0.63, 1.638],
							"pivot": [6.49831, 15.83296, 0.42095],
							"rotation": [90, 0, 90],
							"uv": {
								"north": {"uv": [2, 28], "uv_size": [1, 1]},
								"east": {"uv": [21, 21], "uv_size": [2, 1]},
								"south": {"uv": [28, 2], "uv_size": [1, 1]},
								"west": {"uv": [22, 5], "uv_size": [2, 1]},
								"up": {"uv": [22, 6], "uv_size": [1, 2]},
								"down": {"uv": [22, 12], "uv_size": [1, -2]}
							}
						},
						{
							"origin": [5.06304, 15.79612, -0.63073],
							"size": [1.008, 1.26, 1.638],
							"pivot": [5.56704, 15.83296, 0.25531],
							"rotation": [30, 0, -130],
							"uv": {
								"north": {"uv": [28, 7], "uv_size": [1, 1]},
								"east": {"uv": [6, 23], "uv_size": [2, 1]},
								"south": {"uv": [8, 28], "uv_size": [1, 1]},
								"west": {"uv": [23, 6], "uv_size": [2, 1]},
								"up": {"uv": [23, 9], "uv_size": [1, 2]},
								"down": {"uv": [23, 13], "uv_size": [1, -2]}
							}
						},
						{
							"origin": [5.06304, 15.79612, -0.63073],
							"size": [1.008, 1.26, 1.638],
							"pivot": [5.56704, 15.83296, 0.25531],
							"rotation": [30, 0, 50],
							"uv": {
								"north": {"uv": [28, 5], "uv_size": [1, 1]},
								"east": {"uv": [22, 17], "uv_size": [2, 1]},
								"south": {"uv": [6, 28], "uv_size": [1, 1]},
								"west": {"uv": [22, 18], "uv_size": [2, 1]},
								"up": {"uv": [18, 22], "uv_size": [1, 2]},
								"down": {"uv": [22, 21], "uv_size": [1, -2]}
							}
						},
						{
							"origin": [5.06304, 15.16332, 0.05258],
							"size": [1.008, 0.63, 1.638],
							"pivot": [5.56704, 15.83296, 0.25531],
							"rotation": [90, 0, 50],
							"uv": {
								"north": {"uv": [3, 28], "uv_size": [1, 1]},
								"east": {"uv": [22, 8], "uv_size": [2, 1]},
								"south": {"uv": [28, 4], "uv_size": [1, 1]},
								"west": {"uv": [15, 22], "uv_size": [2, 1]},
								"up": {"uv": [22, 15], "uv_size": [1, 2]},
								"down": {"uv": [17, 24], "uv_size": [1, -2]}
							}
						},
						{
							"origin": [5.06304, 15.16332, 0.05258],
							"size": [1.008, 0.63, 1.638],
							"pivot": [5.56704, 15.83296, 0.25531],
							"rotation": [90, 0, -130],
							"uv": {
								"north": {"uv": [28, 6], "uv_size": [1, 1]},
								"east": {"uv": [21, 22], "uv_size": [2, 1]},
								"south": {"uv": [7, 28], "uv_size": [1, 1]},
								"west": {"uv": [2, 23], "uv_size": [2, 1]},
								"up": {"uv": [4, 23], "uv_size": [1, 2]},
								"down": {"uv": [5, 25], "uv_size": [1, -2]}
							}
						},
						{
							"origin": [5.06304, 15.79612, -0.63073],
							"size": [1.008, 1.26, 1.638],
							"pivot": [5.56704, 15.83296, 0.25531],
							"rotation": [30, 0, -170],
							"uv": {
								"north": {"uv": [13, 28], "uv_size": [1, 1]},
								"east": {"uv": [23, 22], "uv_size": [2, 1]},
								"south": {"uv": [28, 13], "uv_size": [1, 1]},
								"west": {"uv": [23, 23], "uv_size": [2, 1]},
								"up": {"uv": [2, 24], "uv_size": [1, 2]},
								"down": {"uv": [3, 26], "uv_size": [1, -2]}
							}
						},
						{
							"origin": [5.06304, 15.16332, 0.05258],
							"size": [1.008, 0.63, 1.638],
							"pivot": [5.56704, 15.83296, 0.25531],
							"rotation": [90, 0, -170],
							"uv": {
								"north": {"uv": [12, 28], "uv_size": [1, 1]},
								"east": {"uv": [23, 19], "uv_size": [2, 1]},
								"south": {"uv": [28, 12], "uv_size": [1, 1]},
								"west": {"uv": [20, 23], "uv_size": [2, 1]},
								"up": {"uv": [23, 20], "uv_size": [1, 2]},
								"down": {"uv": [22, 25], "uv_size": [1, -2]}
							}
						},
						{
							"origin": [5.06304, 15.79612, -0.63073],
							"size": [1.008, 1.26, 1.638],
							"pivot": [5.56704, 15.83296, 0.25531],
							"rotation": [30, 0, 10],
							"uv": {
								"north": {"uv": [28, 10], "uv_size": [1, 1]},
								"east": {"uv": [23, 15], "uv_size": [2, 1]},
								"south": {"uv": [28, 11], "uv_size": [1, 1]},
								"west": {"uv": [23, 16], "uv_size": [2, 1]},
								"up": {"uv": [16, 23], "uv_size": [1, 2]},
								"down": {"uv": [19, 25], "uv_size": [1, -2]}
							}
						},
						{
							"origin": [5.06304, 15.16332, 0.05258],
							"size": [1.008, 0.63, 1.638],
							"pivot": [5.56704, 15.83296, 0.25531],
							"rotation": [90, 0, 10],
							"uv": {
								"north": {"uv": [9, 28], "uv_size": [1, 1]},
								"east": {"uv": [23, 7], "uv_size": [2, 1]},
								"south": {"uv": [28, 9], "uv_size": [1, 1]},
								"west": {"uv": [23, 13], "uv_size": [2, 1]},
								"up": {"uv": [14, 23], "uv_size": [1, 2]},
								"down": {"uv": [15, 25], "uv_size": [1, -2]}
							}
						},
						{
							"origin": [5.06304, 15.79612, -0.63073],
							"size": [1.008, 1.26, 1.638],
							"pivot": [5.56704, 15.83296, 0.25531],
							"rotation": [30, 0, 150],
							"uv": {
								"north": {"uv": [18, 28], "uv_size": [1, 1]},
								"east": {"uv": [24, 24], "uv_size": [2, 1]},
								"south": {"uv": [28, 18], "uv_size": [1, 1]},
								"west": {"uv": [25, 0], "uv_size": [2, 1]},
								"up": {"uv": [25, 1], "uv_size": [1, 2]},
								"down": {"uv": [4, 27], "uv_size": [1, -2]}
							}
						},
						{
							"origin": [5.06304, 15.16332, 0.05258],
							"size": [1.008, 0.63, 1.638],
							"pivot": [5.56704, 15.83296, 0.25531],
							"rotation": [90, 0, 150],
							"uv": {
								"north": {"uv": [17, 28], "uv_size": [1, 1]},
								"east": {"uv": [24, 20], "uv_size": [2, 1]},
								"south": {"uv": [28, 17], "uv_size": [1, 1]},
								"west": {"uv": [24, 21], "uv_size": [2, 1]},
								"up": {"uv": [21, 24], "uv_size": [1, 2]},
								"down": {"uv": [23, 26], "uv_size": [1, -2]}
							}
						},
						{
							"origin": [5.06304, 15.79612, -0.63073],
							"size": [1.008, 1.26, 1.638],
							"pivot": [5.56704, 15.83296, 0.25531],
							"rotation": [30, 0, -30],
							"uv": {
								"north": {"uv": [16, 28], "uv_size": [1, 1]},
								"east": {"uv": [24, 12], "uv_size": [2, 1]},
								"south": {"uv": [28, 16], "uv_size": [1, 1]},
								"west": {"uv": [17, 24], "uv_size": [2, 1]},
								"up": {"uv": [24, 17], "uv_size": [1, 2]},
								"down": {"uv": [20, 26], "uv_size": [1, -2]}
							}
						},
						{
							"origin": [5.06304, 15.16332, 0.05258],
							"size": [1.008, 0.63, 1.638],
							"pivot": [5.56704, 15.83296, 0.25531],
							"rotation": [90, 0, -30],
							"uv": {
								"north": {"uv": [28, 14], "uv_size": [1, 1]},
								"east": {"uv": [24, 5], "uv_size": [2, 1]},
								"south": {"uv": [28, 15], "uv_size": [1, 1]},
								"west": {"uv": [6, 24], "uv_size": [2, 1]},
								"up": {"uv": [24, 8], "uv_size": [1, 2]},
								"down": {"uv": [24, 12], "uv_size": [1, -2]}
							}
						},
						{
							"origin": [5.06304, 15.79612, -0.63073],
							"size": [1.008, 1.26, 1.638],
							"pivot": [5.56704, 15.83296, 0.25531],
							"rotation": [30, 0, 110],
							"uv": {
								"north": {"uv": [22, 28], "uv_size": [1, 1]},
								"east": {"uv": [17, 25], "uv_size": [2, 1]},
								"south": {"uv": [28, 22], "uv_size": [1, 1]},
								"west": {"uv": [25, 17], "uv_size": [2, 1]},
								"up": {"uv": [25, 18], "uv_size": [1, 2]},
								"down": {"uv": [19, 27], "uv_size": [1, -2]}
							}
						},
						{
							"origin": [5.06304, 15.16332, 0.05258],
							"size": [1.008, 0.63, 1.638],
							"pivot": [5.56704, 15.83296, 0.25531],
							"rotation": [90, 0, 110],
							"uv": {
								"north": {"uv": [21, 28], "uv_size": [1, 1]},
								"east": {"uv": [25, 11], "uv_size": [2, 1]},
								"south": {"uv": [28, 21], "uv_size": [1, 1]},
								"west": {"uv": [14, 25], "uv_size": [2, 1]},
								"up": {"uv": [25, 15], "uv_size": [1, 2]},
								"down": {"uv": [16, 27], "uv_size": [1, -2]}
							}
						},
						{
							"origin": [5.06304, 15.79612, -0.63073],
							"size": [1.008, 1.26, 1.638],
							"pivot": [5.56704, 15.83296, 0.25531],
							"rotation": [30, 0, -70],
							"uv": {
								"north": {"uv": [20, 28], "uv_size": [1, 1]},
								"east": {"uv": [8, 25], "uv_size": [2, 1]},
								"south": {"uv": [28, 20], "uv_size": [1, 1]},
								"west": {"uv": [25, 8], "uv_size": [2, 1]},
								"up": {"uv": [25, 9], "uv_size": [1, 2]},
								"down": {"uv": [25, 15], "uv_size": [1, -2]}
							}
						},
						{
							"origin": [5.06304, 15.16332, 0.05258],
							"size": [1.008, 0.63, 1.638],
							"pivot": [5.56704, 15.83296, 0.25531],
							"rotation": [90, 0, -70],
							"uv": {
								"north": {"uv": [19, 28], "uv_size": [1, 1]},
								"east": {"uv": [25, 3], "uv_size": [2, 1]},
								"south": {"uv": [28, 19], "uv_size": [1, 1]},
								"west": {"uv": [5, 25], "uv_size": [2, 1]},
								"up": {"uv": [25, 6], "uv_size": [1, 2]},
								"down": {"uv": [7, 27], "uv_size": [1, -2]}
							}
						},
						{
							"origin": [4.70397, 14.96989, -13.4906],
							"size": [1.12, 1.12, 12.82],
							"pivot": [5.26397, 15.52989, -5.4306],
							"rotation": [0, 0, 22.5],
							"uv": {
								"north": {"uv": [27, 20], "uv_size": [1, 1]},
								"east": {"uv": [8, 10], "uv_size": [13, 1]},
								"south": {"uv": [21, 27], "uv_size": [1, 1]},
								"west": {"uv": [8, 11], "uv_size": [13, 1]},
								"up": {"uv": [8, 12], "uv_size": [1, 13]},
								"down": {"uv": [9, 25], "uv_size": [1, -13]}
							}
						},
						{
							"origin": [5.31011, 14.96989, -13.4906],
							"size": [1.12, 1.12, 12.82],
							"pivot": [5.87011, 15.52989, -5.4306],
							"rotation": [0, 0, -22.5],
							"uv": {
								"north": {"uv": [27, 19], "uv_size": [1, 1]},
								"east": {"uv": [6, 8], "uv_size": [13, 1]},
								"south": {"uv": [20, 27], "uv_size": [1, 1]},
								"west": {"uv": [6, 9], "uv_size": [13, 1]},
								"up": {"uv": [6, 10], "uv_size": [1, 13]},
								"down": {"uv": [7, 23], "uv_size": [1, -13]}
							}
						}
					]
				}
			]
		}
	]
}