{
	"format_version": "1.10.0",
	"geometry.luffy_arms": {
		"texturewidth": 64,
		"textureheight": 64,
		"visible_bounds_width": 3,
		"visible_bounds_height": 3,
		"visible_bounds_offset": [0, 1.5, 0],
		"bones": [
			{
				"name": "root",
				"pivot": [0, 0, 0]
			},
			{
				"name": "waist",
				"parent": "root",
				"pivot": [0, 12, 0]
			},
			{
				"name": "body",
				"parent": "waist",
				"pivot": [0, 24, 0]
			},
			{
				"name": "leftArm",
				"parent": "body",
				"pivot": [5, 22, 0]
			},
			{
				"name": "leftArm_gomu",
				"parent": "leftArm",
				"pivot": [5, 22, 0],
				"cubes": [
					{"origin": [4, 12, -2], "size": [4, 12, 4], "uv": [32, 48]}
				]
			},
			{
				"name": "leftItem",
				"parent": "leftArm_gomu",
				"pivot": [6, 15, 1]
			},
			{
				"name": "leftSleeve",
				"parent": "leftArm_gomu",
				"pivot": [5, 22, 0],
				"cubes": [
					{"origin": [4, 12, -2], "size": [4, 12, 4], "uv": [48, 48], "inflate": 0.25}
				]
			},
			{
				"name": "rightArm",
				"parent": "body",
				"pivot": [-5, 22, 0]
			},
			{
				"name": "rightArm_gomu",
				"parent": "rightArm",
				"pivot": [-5, 22, 0],
				"cubes": [
					{"origin": [-8, 12, -2], "size": [4, 12, 4], "uv": [40, 16]}
				]
			},
			{
				"name": "rightItem",
				"parent": "rightArm_gomu",
				"pivot": [-6, 15, 1],
				"locators": {
					"lead_hold": [-6, 15, 1]
				}
			},
			{
				"name": "rightSleeve",
				"parent": "rightArm_gomu",
				"pivot": [-5, 22, 0],
				"cubes": [
					{"origin": [-8, 12, -2], "size": [4, 12, 4], "uv": [40, 32], "inflate": 0.25}
				]
			},
			{
				"name": "gomu_particle",
				"parent": "rightArm",
				"pivot": [-5, 22, 0],
				"locators": {
					"pg": [-6, 18, 0]
				}
			}
		]
	}
}