{
  "format_version": "1.8.0",
  "geometry.player.armor1:geometry.player.armor.base": {
    "bones": [
      { "name": "head", "inflate": 1.0 },
      { "name": "hat", "inflate": 1.5, "neverRender": false },
      { "name": "body", "inflate": 1.0 },
      { "name": "RightArm", "inflate": 0.9 },
      { "name": "LeftArm", "inflate": 0.9 },
      { "name": "RightLeg", "inflate": 0.8 },
      { "name": "LeftLeg",  "inflate": 0.8 },
      { "name": "RightLegD", "inflate": 1.0 },
      { "name": "LeftLegD",  "inflate": 1.0}
    ]
  },
  "geometry.player.armor.helmet:geometry.player.armor1": {
    "bones": [
      { "name": "body", "reset": true },
      { "name": "RightArm", "reset": true },
      { "name": "LeftArm", "reset": true },
      { "name": "RightLegD",  "reset": true },
      { "name": "LeftLegD", "reset": true }
    ]
  },
  "geometry.player.armor.chestplate:geometry.player.armor1": {
    "bones": [
      { "name": "head", "reset": true },
      { "name": "hat", "reset": true },
      { "name": "RightLegD", "reset": true },
      { "name": "LeftLegD", "reset": true }
    ]
  },
  "geometry.player.armor.boots:geometry.player.armor1": {
    "bones": [
      { "name": "head", "reset": true },
      { "name": "hat", "reset": true },
      { "name": "body", "reset": true },
      { "name": "RightArm", "reset": true },
      { "name": "LeftArm", "reset": true }
    ]
  },
  "geometry.player.armor2:geometry.player.armor.base": {
    "bones": [
      { "name": "head", "inflate": 0.5 },
      { "name": "body", "inflate": 0.5 },
      { "name": "RightArm", "inflate": 0.5 },
      { "name": "LeftArm", "inflate": 0.5 },
      { "name": "RightLeg", "inflate": 0.5 },
      { "name": "LeftLeg", "inflate": 0.5 }
    ]
  },
  "geometry.player.armor.leggings:geometry.player.armor2": {
    "bones": [
      { "name": "head", "reset": true },
      { "name": "hat", "reset": true },
      { "name": "RightArm", "reset": true },
      { "name": "LeftArm", "reset": true },
      { "name": "RightLegD", "reset": true },
      { "name": "LeftLegD", "reset": true }
    ]
  }
}
