{
	"format_version": "1.12.0",
	"minecraft:geometry": [
		{
			"description": {
				"identifier": "geometry.rasenshuriken",
				"texture_width": 16,
				"texture_height": 16,
				"visible_bounds_width": 4,
				"visible_bounds_height": 1.5,
				"visible_bounds_offset": [0, 0.25, 0]
			},
			"bones": [
				{
					"name": "root",
					"pivot": [0, 0, 0]
				},
				{
					"name": "waist",
					"parent": "root",
					"pivot": [0, 12, 0]
				},
				{
					"name": "body",
					"parent": "waist",
					"pivot": [0, 24, 0]
				},
				{
					"name": "RightArm",
					"parent": "body",
					"pivot": [-5, 22, 0]
				},
				{
					"name": "Rasenshuriken",
					"parent": "RightArm",
					"pivot": [0, -0.5, 0],
					"cubes": [
						{"origin": [-3, -3.5, -3], "size": [6, 6, 6], "uv": [0, 0]},
						{"origin": [3, -0.5, -2], "size": [6, 1, 5], "uv": [0, 0]},
						{"origin": [3, 0.5, -1], "size": [6, 1, 3], "uv": [0, 0]},
						{"origin": [3, -1.5, -1], "size": [6, 1, 3], "uv": [0, 0]},
						{"origin": [-9, -0.5, -3], "size": [6, 1, 5], "uv": [0, 0]},
						{"origin": [-9, 0.5, -2], "size": [6, 1, 3], "uv": [0, 0]},
						{"origin": [-9, -1.5, -2], "size": [6, 1, 3], "uv": [0, 0]},
						{"origin": [-15, -0.5, -3], "size": [6, 1, 3], "uv": [0, 0]},
						{"origin": [-15, 0.5, -2], "size": [6, 1, 1], "uv": [0, 0]},
						{"origin": [-15, -1.5, -2], "size": [6, 1, 1], "uv": [0, 0]},
						{"origin": [9, -0.5, 0], "size": [6, 1, 3], "uv": [0, 0]},
						{"origin": [9, 0.5, 1], "size": [6, 1, 1], "uv": [0, 0]},
						{"origin": [9, -1.5, 1], "size": [6, 1, 1], "uv": [0, 0]},
						{"origin": [15, -0.5, 1], "size": [3, 1, 1], "uv": [0, 0]},
						{"origin": [-18, -0.5, -2], "size": [3, 1, 1], "uv": [0, 0]},
						{"origin": [-7, -0.5, -5], "size": [6, 1, 5], "pivot": [0, -0.5, -2], "rotation": [0, -90, 0], "uv": [0, 0]},
						{"origin": [-7, 0.5, -4], "size": [6, 1, 3], "pivot": [0, -0.5, -2], "rotation": [0, -90, 0], "uv": [0, 0]},
						{"origin": [-7, -1.5, -4], "size": [6, 1, 3], "pivot": [0, -0.5, -2], "rotation": [0, -90, 0], "uv": [0, 0]},
						{"origin": [5, -0.5, -4], "size": [6, 1, 5], "pivot": [0, -0.5, -2], "rotation": [0, -90, 0], "uv": [0, 0]},
						{"origin": [5, 0.5, -3], "size": [6, 1, 3], "pivot": [0, -0.5, -2], "rotation": [0, -90, 0], "uv": [0, 0]},
						{"origin": [5, -1.5, -3], "size": [6, 1, 3], "pivot": [0, -0.5, -2], "rotation": [0, -90, 0], "uv": [0, 0]},
						{"origin": [11, -0.5, -2], "size": [6, 1, 3], "pivot": [0, -0.5, -2], "rotation": [0, -90, 0], "uv": [0, 0]},
						{"origin": [11, 0.5, -1], "size": [6, 1, 1], "pivot": [0, -0.5, -2], "rotation": [0, -90, 0], "uv": [0, 0]},
						{"origin": [11, -1.5, -1], "size": [6, 1, 1], "pivot": [0, -0.5, -2], "rotation": [0, -90, 0], "uv": [0, 0]},
						{"origin": [-13, -0.5, -5], "size": [6, 1, 3], "pivot": [0, -0.5, -2], "rotation": [0, -90, 0], "uv": [0, 0]},
						{"origin": [-13, 0.5, -4], "size": [6, 1, 1], "pivot": [0, -0.5, -2], "rotation": [0, -90, 0], "uv": [0, 0]},
						{"origin": [-13, -1.5, -4], "size": [6, 1, 1], "pivot": [0, -0.5, -2], "rotation": [0, -90, 0], "uv": [0, 0]},
						{"origin": [-16, -0.5, -4], "size": [3, 1, 1], "pivot": [0, -0.5, -2], "rotation": [0, -90, 0], "uv": [0, 0]},
						{"origin": [17, -0.5, -1], "size": [3, 1, 1], "pivot": [0, -0.5, -2], "rotation": [0, -90, 0], "uv": [0, 0]}
					]
				}
			]
		}
	]
}