{
	"format_version": "1.10.0",
	"geometry.shuriken": {
		"texturewidth": 64,
		"textureheight": 64,
		"visible_bounds_width": 2,
		"visible_bounds_height": 1.5,
		"visible_bounds_offset": [0, 0.25, 0],
		"bones": [
			{
				"name": "global",
				"pivot": [0, 0, 0],
				"rotation": [0, 180, 0]
			},
			{
				"name": "image",
				"parent": "global",
				"pivot": [0, 0, 0]
			},
			{
				"name": "Q1",
				"parent": "image",
				"pivot": [0, 0, 0],
				"cubes": [
					{"origin": [0, 0, 7], "size": [1, 1, 1], "uv": [32, 0]},
					{"origin": [1, 0, 7], "size": [1, 1, 1], "uv": [36, 0]},
					{"origin": [2, 0, 7], "size": [1, 1, 1], "uv": [40, 0]},
					{"origin": [3, 0, 7], "size": [1, 1, 1], "uv": [44, 0]},
					{"origin": [4, 0, 7], "size": [1, 1, 1], "uv": [48, 0]},
					{"origin": [5, 0, 7], "size": [1, 1, 1], "uv": [52, 0]},
					{"origin": [6, 0, 7], "size": [1, 1, 1], "uv": [56, 0]},
					{"origin": [7, 0, 7], "size": [1, 1, 1], "uv": [60, 0]},
					{"origin": [0, 0, 6], "size": [1, 1, 1], "uv": [32, 4]},
					{"origin": [1, 0, 6], "size": [1, 1, 1], "uv": [36, 4]},
					{"origin": [2, 0, 6], "size": [1, 1, 1], "uv": [40, 4]},
					{"origin": [3, 0, 6], "size": [1, 1, 1], "uv": [44, 4]},
					{"origin": [4, 0, 6], "size": [1, 1, 1], "uv": [48, 4]},
					{"origin": [5, 0, 6], "size": [1, 1, 1], "uv": [52, 4]},
					{"origin": [6, 0, 6], "size": [1, 1, 1], "uv": [56, 4]},
					{"origin": [7, 0, 6], "size": [1, 1, 1], "uv": [60, 4]},
					{"origin": [0, 0, 5], "size": [1, 1, 1], "uv": [32, 8]},
					{"origin": [1, 0, 5], "size": [1, 1, 1], "uv": [36, 8]},
					{"origin": [2, 0, 5], "size": [1, 1, 1], "uv": [40, 8]},
					{"origin": [3, 0, 5], "size": [1, 1, 1], "uv": [44, 8]},
					{"origin": [4, 0, 5], "size": [1, 1, 1], "uv": [48, 8]},
					{"origin": [5, 0, 5], "size": [1, 1, 1], "uv": [52, 8]},
					{"origin": [6, 0, 5], "size": [1, 1, 1], "uv": [56, 8]},
					{"origin": [7, 0, 5], "size": [1, 1, 1], "uv": [60, 8]},
					{"origin": [0, 0, 4], "size": [1, 1, 1], "uv": [32, 12]},
					{"origin": [1, 0, 4], "size": [1, 1, 1], "uv": [36, 12]},
					{"origin": [2, 0, 4], "size": [1, 1, 1], "uv": [40, 12]},
					{"origin": [3, 0, 4], "size": [1, 1, 1], "uv": [44, 12]},
					{"origin": [4, 0, 4], "size": [1, 1, 1], "uv": [48, 12]},
					{"origin": [5, 0, 4], "size": [1, 1, 1], "uv": [52, 12]},
					{"origin": [6, 0, 4], "size": [1, 1, 1], "uv": [56, 12]},
					{"origin": [7, 0, 4], "size": [1, 1, 1], "uv": [60, 12]},
					{"origin": [0, 0, 3], "size": [1, 1, 1], "uv": [32, 16]},
					{"origin": [1, 0, 3], "size": [1, 1, 1], "uv": [36, 16]},
					{"origin": [2, 0, 3], "size": [1, 1, 1], "uv": [40, 16]},
					{"origin": [3, 0, 3], "size": [1, 1, 1], "uv": [44, 16]},
					{"origin": [4, 0, 3], "size": [1, 1, 1], "uv": [48, 16]},
					{"origin": [5, 0, 3], "size": [1, 1, 1], "uv": [52, 16]},
					{"origin": [6, 0, 3], "size": [1, 1, 1], "uv": [56, 16]},
					{"origin": [7, 0, 3], "size": [1, 1, 1], "uv": [60, 16]},
					{"origin": [0, 0, 2], "size": [1, 1, 1], "uv": [32, 20]},
					{"origin": [1, 0, 2], "size": [1, 1, 1], "uv": [36, 20]},
					{"origin": [2, 0, 2], "size": [1, 1, 1], "uv": [40, 20]},
					{"origin": [3, 0, 2], "size": [1, 1, 1], "uv": [44, 20]},
					{"origin": [4, 0, 2], "size": [1, 1, 1], "uv": [48, 20]},
					{"origin": [5, 0, 2], "size": [1, 1, 1], "uv": [52, 20]},
					{"origin": [6, 0, 2], "size": [1, 1, 1], "uv": [56, 20]},
					{"origin": [7, 0, 2], "size": [1, 1, 1], "uv": [60, 20]},
					{"origin": [0, 0, 1], "size": [1, 1, 1], "uv": [32, 24]},
					{"origin": [1, 0, 1], "size": [1, 1, 1], "uv": [36, 24]},
					{"origin": [2, 0, 1], "size": [1, 1, 1], "uv": [40, 24]},
					{"origin": [3, 0, 1], "size": [1, 1, 1], "uv": [44, 24]},
					{"origin": [4, 0, 1], "size": [1, 1, 1], "uv": [48, 24]},
					{"origin": [5, 0, 1], "size": [1, 1, 1], "uv": [52, 24]},
					{"origin": [6, 0, 1], "size": [1, 1, 1], "uv": [56, 24]},
					{"origin": [7, 0, 1], "size": [1, 1, 1], "uv": [60, 24]},
					{"origin": [0, 0, 0], "size": [1, 1, 1], "uv": [32, 28]},
					{"origin": [1, 0, 0], "size": [1, 1, 1], "uv": [36, 28]},
					{"origin": [2, 0, 0], "size": [1, 1, 1], "uv": [40, 28]},
					{"origin": [3, 0, 0], "size": [1, 1, 1], "uv": [44, 28]},
					{"origin": [4, 0, 0], "size": [1, 1, 1], "uv": [48, 28]},
					{"origin": [5, 0, 0], "size": [1, 1, 1], "uv": [52, 28]},
					{"origin": [6, 0, 0], "size": [1, 1, 1], "uv": [56, 28]},
					{"origin": [7, 0, 0], "size": [1, 1, 1], "uv": [60, 28]}
				]
			},
			{
				"name": "Q2",
				"parent": "image",
				"pivot": [0, 0, 0],
				"cubes": [
					{"origin": [0, 0, -1], "size": [1, 1, 1], "uv": [32, 32]},
					{"origin": [1, 0, -1], "size": [1, 1, 1], "uv": [36, 32]},
					{"origin": [2, 0, -1], "size": [1, 1, 1], "uv": [40, 32]},
					{"origin": [3, 0, -1], "size": [1, 1, 1], "uv": [44, 32]},
					{"origin": [4, 0, -1], "size": [1, 1, 1], "uv": [48, 32]},
					{"origin": [5, 0, -1], "size": [1, 1, 1], "uv": [52, 32]},
					{"origin": [6, 0, -1], "size": [1, 1, 1], "uv": [56, 32]},
					{"origin": [7, 0, -1], "size": [1, 1, 1], "uv": [60, 32]},
					{"origin": [0, 0, -2], "size": [1, 1, 1], "uv": [32, 36]},
					{"origin": [1, 0, -2], "size": [1, 1, 1], "uv": [36, 36]},
					{"origin": [2, 0, -2], "size": [1, 1, 1], "uv": [40, 36]},
					{"origin": [3, 0, -2], "size": [1, 1, 1], "uv": [44, 36]},
					{"origin": [4, 0, -2], "size": [1, 1, 1], "uv": [48, 36]},
					{"origin": [5, 0, -2], "size": [1, 1, 1], "uv": [52, 36]},
					{"origin": [6, 0, -2], "size": [1, 1, 1], "uv": [56, 36]},
					{"origin": [7, 0, -2], "size": [1, 1, 1], "uv": [60, 36]},
					{"origin": [0, 0, -3], "size": [1, 1, 1], "uv": [32, 40]},
					{"origin": [1, 0, -3], "size": [1, 1, 1], "uv": [36, 40]},
					{"origin": [2, 0, -3], "size": [1, 1, 1], "uv": [40, 40]},
					{"origin": [3, 0, -3], "size": [1, 1, 1], "uv": [44, 40]},
					{"origin": [4, 0, -3], "size": [1, 1, 1], "uv": [48, 40]},
					{"origin": [5, 0, -3], "size": [1, 1, 1], "uv": [52, 40]},
					{"origin": [6, 0, -3], "size": [1, 1, 1], "uv": [56, 40]},
					{"origin": [7, 0, -3], "size": [1, 1, 1], "uv": [60, 40]},
					{"origin": [0, 0, -4], "size": [1, 1, 1], "uv": [32, 44]},
					{"origin": [1, 0, -4], "size": [1, 1, 1], "uv": [36, 44]},
					{"origin": [2, 0, -4], "size": [1, 1, 1], "uv": [40, 44]},
					{"origin": [3, 0, -4], "size": [1, 1, 1], "uv": [44, 44]},
					{"origin": [4, 0, -4], "size": [1, 1, 1], "uv": [48, 44]},
					{"origin": [5, 0, -4], "size": [1, 1, 1], "uv": [52, 44]},
					{"origin": [6, 0, -4], "size": [1, 1, 1], "uv": [56, 44]},
					{"origin": [7, 0, -4], "size": [1, 1, 1], "uv": [60, 44]},
					{"origin": [0, 0, -5], "size": [1, 1, 1], "uv": [32, 48]},
					{"origin": [1, 0, -5], "size": [1, 1, 1], "uv": [36, 48]},
					{"origin": [2, 0, -5], "size": [1, 1, 1], "uv": [40, 48]},
					{"origin": [3, 0, -5], "size": [1, 1, 1], "uv": [44, 48]},
					{"origin": [4, 0, -5], "size": [1, 1, 1], "uv": [48, 48]},
					{"origin": [5, 0, -5], "size": [1, 1, 1], "uv": [52, 48]},
					{"origin": [6, 0, -5], "size": [1, 1, 1], "uv": [56, 48]},
					{"origin": [7, 0, -5], "size": [1, 1, 1], "uv": [60, 48]},
					{"origin": [0, 0, -6], "size": [1, 1, 1], "uv": [32, 52]},
					{"origin": [1, 0, -6], "size": [1, 1, 1], "uv": [36, 52]},
					{"origin": [2, 0, -6], "size": [1, 1, 1], "uv": [40, 52]},
					{"origin": [3, 0, -6], "size": [1, 1, 1], "uv": [44, 52]},
					{"origin": [4, 0, -6], "size": [1, 1, 1], "uv": [48, 52]},
					{"origin": [5, 0, -6], "size": [1, 1, 1], "uv": [52, 52]},
					{"origin": [6, 0, -6], "size": [1, 1, 1], "uv": [56, 52]},
					{"origin": [7, 0, -6], "size": [1, 1, 1], "uv": [60, 52]},
					{"origin": [0, 0, -7], "size": [1, 1, 1], "uv": [32, 56]},
					{"origin": [1, 0, -7], "size": [1, 1, 1], "uv": [36, 56]},
					{"origin": [2, 0, -7], "size": [1, 1, 1], "uv": [40, 56]},
					{"origin": [3, 0, -7], "size": [1, 1, 1], "uv": [44, 56]},
					{"origin": [4, 0, -7], "size": [1, 1, 1], "uv": [48, 56]},
					{"origin": [5, 0, -7], "size": [1, 1, 1], "uv": [52, 56]},
					{"origin": [6, 0, -7], "size": [1, 1, 1], "uv": [56, 56]},
					{"origin": [7, 0, -7], "size": [1, 1, 1], "uv": [60, 56]},
					{"origin": [0, 0, -8], "size": [1, 1, 1], "uv": [32, 60]},
					{"origin": [1, 0, -8], "size": [1, 1, 1], "uv": [36, 60]},
					{"origin": [2, 0, -8], "size": [1, 1, 1], "uv": [40, 60]},
					{"origin": [3, 0, -8], "size": [1, 1, 1], "uv": [44, 60]},
					{"origin": [4, 0, -8], "size": [1, 1, 1], "uv": [48, 60]},
					{"origin": [5, 0, -8], "size": [1, 1, 1], "uv": [52, 60]},
					{"origin": [6, 0, -8], "size": [1, 1, 1], "uv": [56, 60]},
					{"origin": [7, 0, -8], "size": [1, 1, 1], "uv": [60, 60]}
				]
			},
			{
				"name": "Q3",
				"parent": "image",
				"pivot": [0, 0, 0],
				"cubes": [
					{"origin": [-8, 0, -1], "size": [1, 1, 1], "uv": [0, 32]},
					{"origin": [-7, 0, -1], "size": [1, 1, 1], "uv": [4, 32]},
					{"origin": [-6, 0, -1], "size": [1, 1, 1], "uv": [8, 32]},
					{"origin": [-5, 0, -1], "size": [1, 1, 1], "uv": [12, 32]},
					{"origin": [-4, 0, -1], "size": [1, 1, 1], "uv": [16, 32]},
					{"origin": [-3, 0, -1], "size": [1, 1, 1], "uv": [20, 32]},
					{"origin": [-2, 0, -1], "size": [1, 1, 1], "uv": [24, 32]},
					{"origin": [-1, 0, -1], "size": [1, 1, 1], "uv": [28, 32]},
					{"origin": [-7, 0, -2], "size": [1, 1, 1], "uv": [4, 36]},
					{"origin": [-8, 0, -2], "size": [1, 1, 1], "uv": [0, 36]},
					{"origin": [-6, 0, -2], "size": [1, 1, 1], "uv": [8, 36]},
					{"origin": [-5, 0, -2], "size": [1, 1, 1], "uv": [12, 36]},
					{"origin": [-4, 0, -2], "size": [1, 1, 1], "uv": [16, 36]},
					{"origin": [-3, 0, -2], "size": [1, 1, 1], "uv": [20, 36]},
					{"origin": [-2, 0, -2], "size": [1, 1, 1], "uv": [24, 36]},
					{"origin": [-1, 0, -2], "size": [1, 1, 1], "uv": [28, 36]},
					{"origin": [-7, 0, -3], "size": [1, 1, 1], "uv": [4, 40]},
					{"origin": [-8, 0, -3], "size": [1, 1, 1], "uv": [0, 40]},
					{"origin": [-6, 0, -3], "size": [1, 1, 1], "uv": [8, 40]},
					{"origin": [-5, 0, -3], "size": [1, 1, 1], "uv": [12, 40]},
					{"origin": [-4, 0, -3], "size": [1, 1, 1], "uv": [16, 40]},
					{"origin": [-3, 0, -3], "size": [1, 1, 1], "uv": [20, 40]},
					{"origin": [-2, 0, -3], "size": [1, 1, 1], "uv": [24, 40]},
					{"origin": [-1, 0, -3], "size": [1, 1, 1], "uv": [28, 40]},
					{"origin": [-8, 0, -4], "size": [1, 1, 1], "uv": [0, 44]},
					{"origin": [-7, 0, -4], "size": [1, 1, 1], "uv": [4, 44]},
					{"origin": [-6, 0, -4], "size": [1, 1, 1], "uv": [8, 44]},
					{"origin": [-5, 0, -4], "size": [1, 1, 1], "uv": [12, 44]},
					{"origin": [-4, 0, -4], "size": [1, 1, 1], "uv": [16, 44]},
					{"origin": [-3, 0, -4], "size": [1, 1, 1], "uv": [20, 44]},
					{"origin": [-2, 0, -4], "size": [1, 1, 1], "uv": [24, 44]},
					{"origin": [-1, 0, -4], "size": [1, 1, 1], "uv": [28, 44]},
					{"origin": [-8, 0, -5], "size": [1, 1, 1], "uv": [0, 48]},
					{"origin": [-7, 0, -5], "size": [1, 1, 1], "uv": [4, 48]},
					{"origin": [-6, 0, -5], "size": [1, 1, 1], "uv": [8, 48]},
					{"origin": [-5, 0, -5], "size": [1, 1, 1], "uv": [12, 48]},
					{"origin": [-4, 0, -5], "size": [1, 1, 1], "uv": [16, 48]},
					{"origin": [-3, 0, -5], "size": [1, 1, 1], "uv": [20, 48]},
					{"origin": [-2, 0, -5], "size": [1, 1, 1], "uv": [24, 48]},
					{"origin": [-1, 0, -5], "size": [1, 1, 1], "uv": [28, 48]},
					{"origin": [-8, 0, -6], "size": [1, 1, 1], "uv": [0, 52]},
					{"origin": [-7, 0, -6], "size": [1, 1, 1], "uv": [4, 52]},
					{"origin": [-6, 0, -6], "size": [1, 1, 1], "uv": [8, 52]},
					{"origin": [-5, 0, -6], "size": [1, 1, 1], "uv": [12, 52]},
					{"origin": [-4, 0, -6], "size": [1, 1, 1], "uv": [16, 52]},
					{"origin": [-3, 0, -6], "size": [1, 1, 1], "uv": [20, 52]},
					{"origin": [-2, 0, -6], "size": [1, 1, 1], "uv": [24, 52]},
					{"origin": [-1, 0, -6], "size": [1, 1, 1], "uv": [28, 52]},
					{"origin": [-8, 0, -7], "size": [1, 1, 1], "uv": [0, 56]},
					{"origin": [-7, 0, -7], "size": [1, 1, 1], "uv": [4, 56]},
					{"origin": [-6, 0, -7], "size": [1, 1, 1], "uv": [8, 56]},
					{"origin": [-5, 0, -7], "size": [1, 1, 1], "uv": [12, 56]},
					{"origin": [-4, 0, -7], "size": [1, 1, 1], "uv": [16, 56]},
					{"origin": [-3, 0, -7], "size": [1, 1, 1], "uv": [20, 56]},
					{"origin": [-2, 0, -7], "size": [1, 1, 1], "uv": [24, 56]},
					{"origin": [-1, 0, -7], "size": [1, 1, 1], "uv": [28, 56]},
					{"origin": [-7, 0, -8], "size": [1, 1, 1], "uv": [4, 60]},
					{"origin": [-8, 0, -8], "size": [1, 1, 1], "uv": [0, 60]},
					{"origin": [-6, 0, -8], "size": [1, 1, 1], "uv": [8, 60]},
					{"origin": [-5, 0, -8], "size": [1, 1, 1], "uv": [12, 60]},
					{"origin": [-4, 0, -8], "size": [1, 1, 1], "uv": [16, 60]},
					{"origin": [-3, 0, -8], "size": [1, 1, 1], "uv": [20, 60]},
					{"origin": [-2, 0, -8], "size": [1, 1, 1], "uv": [24, 60]},
					{"origin": [-1, 0, -8], "size": [1, 1, 1], "uv": [28, 60]}
				]
			},
			{
				"name": "Q4",
				"parent": "image",
				"pivot": [0, 0, 0],
				"cubes": [
					{"origin": [-8, 0, 7], "size": [1, 1, 1], "uv": [0, 0]},
					{"origin": [-7, 0, 7], "size": [1, 1, 1], "uv": [4, 0]},
					{"origin": [-6, 0, 7], "size": [1, 1, 1], "uv": [8, 0]},
					{"origin": [-5, 0, 7], "size": [1, 1, 1], "uv": [12, 0]},
					{"origin": [-4, 0, 7], "size": [1, 1, 1], "uv": [16, 0]},
					{"origin": [-3, 0, 7], "size": [1, 1, 1], "uv": [20, 0]},
					{"origin": [-2, 0, 7], "size": [1, 1, 1], "uv": [24, 0]},
					{"origin": [-1, 0, 7], "size": [1, 1, 1], "uv": [28, 0]},
					{"origin": [-2, 0, 6], "size": [1, 1, 1], "uv": [24, 4]},
					{"origin": [-3, 0, 6], "size": [1, 1, 1], "uv": [20, 4]},
					{"origin": [-4, 0, 6], "size": [1, 1, 1], "uv": [16, 4]},
					{"origin": [-1, 0, 6], "size": [1, 1, 1], "uv": [28, 4]},
					{"origin": [-5, 0, 6], "size": [1, 1, 1], "uv": [12, 4]},
					{"origin": [-6, 0, 6], "size": [1, 1, 1], "uv": [8, 4]},
					{"origin": [-7, 0, 6], "size": [1, 1, 1], "uv": [4, 4]},
					{"origin": [-8, 0, 6], "size": [1, 1, 1], "uv": [0, 4]},
					{"origin": [-8, 0, 5], "size": [1, 1, 1], "uv": [0, 8]},
					{"origin": [-7, 0, 5], "size": [1, 1, 1], "uv": [4, 8]},
					{"origin": [-6, 0, 5], "size": [1, 1, 1], "uv": [8, 8]},
					{"origin": [-5, 0, 5], "size": [1, 1, 1], "uv": [12, 8]},
					{"origin": [-4, 0, 5], "size": [1, 1, 1], "uv": [16, 8]},
					{"origin": [-3, 0, 5], "size": [1, 1, 1], "uv": [20, 8]},
					{"origin": [-2, 0, 5], "size": [1, 1, 1], "uv": [24, 8]},
					{"origin": [-1, 0, 5], "size": [1, 1, 1], "uv": [28, 8]},
					{"origin": [-6, 0, 4], "size": [1, 1, 1], "uv": [8, 12]},
					{"origin": [-7, 0, 4], "size": [1, 1, 1], "uv": [4, 12]},
					{"origin": [-8, 0, 4], "size": [1, 1, 1], "uv": [0, 12]},
					{"origin": [-5, 0, 4], "size": [1, 1, 1], "uv": [12, 12]},
					{"origin": [-4, 0, 4], "size": [1, 1, 1], "uv": [16, 12]},
					{"origin": [-3, 0, 4], "size": [1, 1, 1], "uv": [20, 12]},
					{"origin": [-2, 0, 4], "size": [1, 1, 1], "uv": [24, 12]},
					{"origin": [-1, 0, 4], "size": [1, 1, 1], "uv": [28, 12]},
					{"origin": [-6, 0, 3], "size": [1, 1, 1], "uv": [8, 16]},
					{"origin": [-7, 0, 3], "size": [1, 1, 1], "uv": [4, 16]},
					{"origin": [-8, 0, 3], "size": [1, 1, 1], "uv": [0, 16]},
					{"origin": [-5, 0, 3], "size": [1, 1, 1], "uv": [12, 16]},
					{"origin": [-4, 0, 3], "size": [1, 1, 1], "uv": [16, 16]},
					{"origin": [-3, 0, 3], "size": [1, 1, 1], "uv": [20, 16]},
					{"origin": [-2, 0, 3], "size": [1, 1, 1], "uv": [24, 16]},
					{"origin": [-1, 0, 3], "size": [1, 1, 1], "uv": [28, 16]},
					{"origin": [-7, 0, 2], "size": [1, 1, 1], "uv": [4, 20]},
					{"origin": [-8, 0, 2], "size": [1, 1, 1], "uv": [0, 20]},
					{"origin": [-6, 0, 2], "size": [1, 1, 1], "uv": [8, 20]},
					{"origin": [-5, 0, 2], "size": [1, 1, 1], "uv": [12, 20]},
					{"origin": [-4, 0, 2], "size": [1, 1, 1], "uv": [16, 20]},
					{"origin": [-3, 0, 2], "size": [1, 1, 1], "uv": [20, 20]},
					{"origin": [-2, 0, 2], "size": [1, 1, 1], "uv": [24, 20]},
					{"origin": [-1, 0, 2], "size": [1, 1, 1], "uv": [28, 20]},
					{"origin": [-6, 0, 1], "size": [1, 1, 1], "uv": [8, 24]},
					{"origin": [-7, 0, 1], "size": [1, 1, 1], "uv": [4, 24]},
					{"origin": [-8, 0, 1], "size": [1, 1, 1], "uv": [0, 24]},
					{"origin": [-5, 0, 1], "size": [1, 1, 1], "uv": [12, 24]},
					{"origin": [-4, 0, 1], "size": [1, 1, 1], "uv": [16, 24]},
					{"origin": [-3, 0, 1], "size": [1, 1, 1], "uv": [20, 24]},
					{"origin": [-2, 0, 1], "size": [1, 1, 1], "uv": [24, 24]},
					{"origin": [-1, 0, 1], "size": [1, 1, 1], "uv": [28, 24]},
					{"origin": [-7, 0, 0], "size": [1, 1, 1], "uv": [4, 28]},
					{"origin": [-8, 0, 0], "size": [1, 1, 1], "uv": [0, 28]},
					{"origin": [-6, 0, 0], "size": [1, 1, 1], "uv": [8, 28]},
					{"origin": [-5, 0, 0], "size": [1, 1, 1], "uv": [12, 28]},
					{"origin": [-4, 0, 0], "size": [1, 1, 1], "uv": [16, 28]},
					{"origin": [-3, 0, 0], "size": [1, 1, 1], "uv": [20, 28]},
					{"origin": [-2, 0, 0], "size": [1, 1, 1], "uv": [24, 28]},
					{"origin": [-1, 0, 0], "size": [1, 1, 1], "uv": [28, 28]}
				]
			}
		]
	}
}