{
	"format_version": "1.12.0",
	"minecraft:geometry": [
		{
			"description": {
				"identifier": "geometry.smallfireball",
				"texture_width": 16,
				"texture_height": 16,
				"visible_bounds_width": 4,
				"visible_bounds_height": 3,
				"visible_bounds_offset": [0, 0.5, 0]
			},
			"bones": [
				{
					"name": "root",
					"pivot": [0, 0, 0]
				},
				{
					"name": "FireBall",
					"parent": "root",
					"pivot": [0, 0, 0]
				},
				{
					"name": "F1",
					"parent": "FireBall",
					"pivot": [-0.2805, 0.15576, 0.91206],
					"cubes": [
						{
							"origin": [-9.8805, -9.44424, -8.68794],
							"size": [19.2, 19.2, 19.2],
							"uv": {
								"north": {"uv": [0, 0], "uv_size": [16, 16]},
								"east": {"uv": [0, 0], "uv_size": [16, 16]},
								"south": {"uv": [0, 0], "uv_size": [16, 16]},
								"west": {"uv": [0, 0], "uv_size": [16, 16]},
								"up": {"uv": [16, 16], "uv_size": [-16, -16]},
								"down": {"uv": [16, 16], "uv_size": [-16, -16]}
							}
						}
					]
				},
				{
					"name": "F2",
					"parent": "FireBall",
					"pivot": [-0.2805, 0.15576, 0.91206],
					"cubes": [
						{
							"origin": [-9.8805, -9.44424, -8.68794],
							"size": [19.2, 19.2, 19.2],
							"pivot": [-0.2805, 0.15576, 0.91206],
							"rotation": [0, 0, 45],
							"uv": {
								"north": {"uv": [0, 0], "uv_size": [16, 16]},
								"east": {"uv": [0, 0], "uv_size": [16, 16]},
								"south": {"uv": [0, 0], "uv_size": [16, 16]},
								"west": {"uv": [0, 0], "uv_size": [16, 16]},
								"up": {"uv": [16, 16], "uv_size": [-16, -16]},
								"down": {"uv": [16, 16], "uv_size": [-16, -16]}
							}
						}
					]
				},
				{
					"name": "F3",
					"parent": "FireBall",
					"pivot": [-0.2805, 0.15576, 0.91206],
					"rotation": [0, -72.5, 0],
					"cubes": [
						{
							"origin": [-9.8805, -9.44424, -8.68794],
							"size": [19.2, 19.2, 19.2],
							"pivot": [-0.2805, 0.15576, 0.91206],
							"rotation": [0, 0, 45],
							"uv": {
								"north": {"uv": [0, 0], "uv_size": [16, 16]},
								"east": {"uv": [0, 0], "uv_size": [16, 16]},
								"south": {"uv": [0, 0], "uv_size": [16, 16]},
								"west": {"uv": [0, 0], "uv_size": [16, 16]},
								"up": {"uv": [16, 16], "uv_size": [-16, -16]},
								"down": {"uv": [16, 16], "uv_size": [-16, -16]}
							}
						}
					]
				},
				{
					"name": "F4",
					"parent": "FireBall",
					"pivot": [0.2805, -0.15576, -0.91206],
					"rotation": [33.00958, -56.07781, -22.69496],
					"cubes": [
						{
							"origin": [-9.3195, -9.75576, -10.51206],
							"size": [19.2, 19.2, 19.2],
							"pivot": [0.2805, -0.15576, -0.91206],
							"rotation": [0, 0, 45],
							"uv": {
								"north": {"uv": [0, 0], "uv_size": [16, 16]},
								"east": {"uv": [0, 0], "uv_size": [16, 16]},
								"south": {"uv": [0, 0], "uv_size": [16, 16]},
								"west": {"uv": [0, 0], "uv_size": [16, 16]},
								"up": {"uv": [16, 16], "uv_size": [-16, -16]},
								"down": {"uv": [16, 16], "uv_size": [-16, -16]}
							}
						}
					]
				},
				{
					"name": "F5",
					"parent": "FireBall",
					"pivot": [-0.2805, 0.15576, 11.41206],
					"cubes": [
						{
							"origin": [-9.8805, -9.44424, 8.31206],
							"size": [19.2, 19.2, 6.2],
							"inflate": -0.5,
							"uv": {
								"north": {"uv": [0, 0], "uv_size": [16, 16]},
								"east": {"uv": [0, 0], "uv_size": [16, 16]},
								"south": {"uv": [0, 0], "uv_size": [16, 16]},
								"west": {"uv": [0, 0], "uv_size": [16, 16]},
								"up": {"uv": [16, 16], "uv_size": [-16, -16]},
								"down": {"uv": [16, 16], "uv_size": [-16, -16]}
							}
						},
						{
							"origin": [-9.8805, -9.44424, 8.31206],
							"size": [19.2, 19.2, 6.2],
							"inflate": -0.5,
							"pivot": [-0.2805, 0.15576, 16.41206],
							"rotation": [0, 0, -45],
							"uv": {
								"north": {"uv": [0, 0], "uv_size": [16, 16]},
								"east": {"uv": [0, 0], "uv_size": [16, 16]},
								"south": {"uv": [0, 0], "uv_size": [16, 16]},
								"west": {"uv": [0, 0], "uv_size": [16, 16]},
								"up": {"uv": [16, 16], "uv_size": [-16, -16]},
								"down": {"uv": [16, 16], "uv_size": [-16, -16]}
							}
						}
					]
				},
				{
					"name": "F6",
					"parent": "FireBall",
					"pivot": [-0.2805, 0.15576, 15.41206],
					"rotation": [0, 0, -22.5],
					"cubes": [
						{
							"origin": [-9.8805, -9.44424, 11.31206],
							"size": [19.2, 19.2, 8.2],
							"inflate": -2,
							"uv": {
								"north": {"uv": [0, 0], "uv_size": [16, 16]},
								"east": {"uv": [0, 0], "uv_size": [16, 16]},
								"south": {"uv": [0, 0], "uv_size": [16, 16]},
								"west": {"uv": [0, 0], "uv_size": [16, 16]},
								"up": {"uv": [16, 16], "uv_size": [-16, -16]},
								"down": {"uv": [16, 16], "uv_size": [-16, -16]}
							}
						},
						{
							"origin": [-9.8805, -9.44424, 11.31206],
							"size": [19.2, 19.2, 8.2],
							"inflate": -2,
							"pivot": [-0.2805, 0.15576, 21.41206],
							"rotation": [0, 0, -45],
							"uv": {
								"north": {"uv": [0, 0], "uv_size": [16, 16]},
								"east": {"uv": [0, 0], "uv_size": [16, 16]},
								"south": {"uv": [0, 0], "uv_size": [16, 16]},
								"west": {"uv": [0, 0], "uv_size": [16, 16]},
								"up": {"uv": [16, 16], "uv_size": [-16, -16]},
								"down": {"uv": [16, 16], "uv_size": [-16, -16]}
							}
						}
					]
				},
				{
					"name": "F7",
					"parent": "FireBall",
					"pivot": [-0.2805, 0.15576, 18.91206],
					"rotation": [0, 0, -35],
					"cubes": [
						{
							"origin": [-9.8805, -9.44424, 13.31206],
							"size": [19.2, 19.2, 11.2],
							"inflate": -4,
							"uv": {
								"north": {"uv": [0, 0], "uv_size": [16, 16]},
								"east": {"uv": [0, 0], "uv_size": [16, 16]},
								"south": {"uv": [0, 0], "uv_size": [16, 16]},
								"west": {"uv": [0, 0], "uv_size": [16, 16]},
								"up": {"uv": [16, 16], "uv_size": [-16, -16]},
								"down": {"uv": [16, 16], "uv_size": [-16, -16]}
							}
						},
						{
							"origin": [-9.8805, -9.44424, 13.31206],
							"size": [19.2, 19.2, 11.2],
							"inflate": -4,
							"pivot": [-0.2805, 0.15576, 25.41206],
							"rotation": [0, 0, -45],
							"uv": {
								"north": {"uv": [0, 0], "uv_size": [16, 16]},
								"east": {"uv": [0, 0], "uv_size": [16, 16]},
								"south": {"uv": [0, 0], "uv_size": [16, 16]},
								"west": {"uv": [0, 0], "uv_size": [16, 16]},
								"up": {"uv": [16, 16], "uv_size": [-16, -16]},
								"down": {"uv": [16, 16], "uv_size": [-16, -16]}
							}
						}
					]
				}
			]
		}
	]
}