{
	"format_version": "1.12.0",
	"minecraft:geometry": [
		{
			"description": {
				"identifier": "geometry.woodtree",
				"texture_width": 16,
				"texture_height": 32,
				"visible_bounds_width": 4,
				"visible_bounds_height": 10.5,
				"visible_bounds_offset": [0, 4.75, 0]
			},
			"bones": [
				{
					"name": "woodtree",
					"pivot": [0, 0, 0]
				},
				{
					"name": "wood1",
					"parent": "woodtree",
					"pivot": [0, 0, 0],
					"cubes": [
						{
							"origin": [-4, 0, -4],
							"size": [8, 8, 8],
							"uv": {
								"north": {"uv": [0, 0], "uv_size": [16, 16]},
								"east": {"uv": [0, 0], "uv_size": [16, 16]},
								"south": {"uv": [0, 0], "uv_size": [16, 16]},
								"west": {"uv": [0, 0], "uv_size": [16, 16]},
								"up": {"uv": [16, 16], "uv_size": [-16, -16]},
								"down": {"uv": [16, 16], "uv_size": [-16, -16]}
							}
						}
					]
				},
				{
					"name": "wood2",
					"parent": "wood1",
					"pivot": [0, 8, 0],
					"cubes": [
						{
							"origin": [-4, 8, -4],
							"size": [8, 8, 8],
							"uv": {
								"north": {"uv": [0, 0], "uv_size": [16, 16]},
								"east": {"uv": [0, 0], "uv_size": [16, 16]},
								"south": {"uv": [0, 0], "uv_size": [16, 16]},
								"west": {"uv": [0, 0], "uv_size": [16, 16]},
								"up": {"uv": [16, 16], "uv_size": [-16, -16]},
								"down": {"uv": [16, 16], "uv_size": [-16, -16]}
							}
						}
					]
				},
				{
					"name": "wood3",
					"parent": "wood2",
					"pivot": [0, 16, 0],
					"cubes": [
						{
							"origin": [-4, 16, -4],
							"size": [8, 8, 8],
							"uv": {
								"north": {"uv": [0, 0], "uv_size": [16, 16]},
								"east": {"uv": [0, 0], "uv_size": [16, 16]},
								"south": {"uv": [0, 0], "uv_size": [16, 16]},
								"west": {"uv": [0, 0], "uv_size": [16, 16]},
								"up": {"uv": [16, 16], "uv_size": [-16, -16]},
								"down": {"uv": [16, 16], "uv_size": [-16, -16]}
							}
						}
					]
				},
				{
					"name": "wood4",
					"parent": "wood3",
					"pivot": [0, 24, 0],
					"cubes": [
						{
							"origin": [-4, 24, -4],
							"size": [8, 8, 8],
							"uv": {
								"north": {"uv": [0, 0], "uv_size": [16, 16]},
								"east": {"uv": [0, 0], "uv_size": [16, 16]},
								"south": {"uv": [0, 0], "uv_size": [16, 16]},
								"west": {"uv": [0, 0], "uv_size": [16, 16]},
								"up": {"uv": [16, 16], "uv_size": [-16, -16]},
								"down": {"uv": [16, 16], "uv_size": [-16, -16]}
							}
						}
					]
				},
				{
					"name": "wood5",
					"parent": "wood4",
					"pivot": [0, 32, 0],
					"cubes": [
						{
							"origin": [-4, 32, -4],
							"size": [8, 8, 8],
							"uv": {
								"north": {"uv": [0, 0], "uv_size": [16, 16]},
								"east": {"uv": [0, 0], "uv_size": [16, 16]},
								"south": {"uv": [0, 0], "uv_size": [16, 16]},
								"west": {"uv": [0, 0], "uv_size": [16, 16]},
								"up": {"uv": [16, 16], "uv_size": [-16, -16]},
								"down": {"uv": [16, 16], "uv_size": [-16, -16]}
							}
						}
					]
				},
				{
					"name": "wood6",
					"parent": "wood5",
					"pivot": [0, 40, 0],
					"cubes": [
						{
							"origin": [-4, 40, -4],
							"size": [8, 8, 8],
							"uv": {
								"north": {"uv": [0, 0], "uv_size": [16, 16]},
								"east": {"uv": [0, 0], "uv_size": [16, 16]},
								"south": {"uv": [0, 0], "uv_size": [16, 16]},
								"west": {"uv": [0, 0], "uv_size": [16, 16]},
								"up": {"uv": [16, 16], "uv_size": [-16, -16]},
								"down": {"uv": [16, 16], "uv_size": [-16, -16]}
							}
						}
					]
				},
				{
					"name": "wood7",
					"parent": "wood6",
					"pivot": [0, 48, 0],
					"cubes": [
						{
							"origin": [-4, 48, -4],
							"size": [8, 8, 8],
							"uv": {
								"north": {"uv": [0, 0], "uv_size": [16, 16]},
								"east": {"uv": [0, 0], "uv_size": [16, 16]},
								"south": {"uv": [0, 0], "uv_size": [16, 16]},
								"west": {"uv": [0, 0], "uv_size": [16, 16]},
								"up": {"uv": [16, 16], "uv_size": [-16, -16]},
								"down": {"uv": [16, 16], "uv_size": [-16, -16]}
							}
						}
					]
				},
				{
					"name": "wood8",
					"parent": "wood7",
					"pivot": [0, 56, 0],
					"cubes": [
						{
							"origin": [-4, 56, -4],
							"size": [8, 8, 8],
							"uv": {
								"north": {"uv": [0, 0], "uv_size": [16, 16]},
								"east": {"uv": [0, 0], "uv_size": [16, 16]},
								"south": {"uv": [0, 0], "uv_size": [16, 16]},
								"west": {"uv": [0, 0], "uv_size": [16, 16]},
								"up": {"uv": [16, 16], "uv_size": [-16, -16]},
								"down": {"uv": [16, 16], "uv_size": [-16, -16]}
							}
						}
					]
				},
				{
					"name": "wood9",
					"parent": "wood8",
					"pivot": [0, 64, 0],
					"cubes": [
						{
							"origin": [-4, 64, -4],
							"size": [8, 8, 8],
							"uv": {
								"north": {"uv": [0, 0], "uv_size": [16, 16]},
								"east": {"uv": [0, 0], "uv_size": [16, 16]},
								"south": {"uv": [0, 0], "uv_size": [16, 16]},
								"west": {"uv": [0, 0], "uv_size": [16, 16]},
								"up": {"uv": [16, 16], "uv_size": [-16, -16]},
								"down": {"uv": [16, 16], "uv_size": [-16, -16]}
							}
						}
					]
				},
				{
					"name": "wood10",
					"parent": "wood9",
					"pivot": [0, 72, 0],
					"cubes": [
						{
							"origin": [-4, 72, -4],
							"size": [8, 8, 8],
							"uv": {
								"north": {"uv": [0, 0], "uv_size": [16, 16]},
								"east": {"uv": [0, 0], "uv_size": [16, 16]},
								"south": {"uv": [0, 0], "uv_size": [16, 16]},
								"west": {"uv": [0, 0], "uv_size": [16, 16]},
								"up": {"uv": [16, 16], "uv_size": [-16, -16]},
								"down": {"uv": [16, 16], "uv_size": [-16, -16]}
							}
						}
					]
				},
				{
					"name": "wood11",
					"parent": "wood10",
					"pivot": [0, 80, 0],
					"cubes": [
						{
							"origin": [-4, 80, -4],
							"size": [8, 8, 8],
							"uv": {
								"north": {"uv": [0, 0], "uv_size": [16, 16]},
								"east": {"uv": [0, 0], "uv_size": [16, 16]},
								"south": {"uv": [0, 0], "uv_size": [16, 16]},
								"west": {"uv": [0, 0], "uv_size": [16, 16]},
								"up": {"uv": [16, 16], "uv_size": [-16, -16]},
								"down": {"uv": [16, 16], "uv_size": [-16, -16]}
							}
						}
					]
				},
				{
					"name": "wood12",
					"parent": "wood11",
					"pivot": [0, 88, 0],
					"cubes": [
						{
							"origin": [-4, 88, -4],
							"size": [8, 8, 8],
							"uv": {
								"north": {"uv": [0, 0], "uv_size": [16, 16]},
								"east": {"uv": [0, 0], "uv_size": [16, 16]},
								"south": {"uv": [0, 0], "uv_size": [16, 16]},
								"west": {"uv": [0, 0], "uv_size": [16, 16]},
								"up": {"uv": [16, 16], "uv_size": [-16, -16]},
								"down": {"uv": [16, 16], "uv_size": [-16, -16]}
							}
						}
					]
				},
				{
					"name": "wood13",
					"parent": "wood12",
					"pivot": [0, 96, 0],
					"cubes": [
						{
							"origin": [-4, 96, -4],
							"size": [8, 8, 8],
							"uv": {
								"north": {"uv": [0, 0], "uv_size": [16, 16]},
								"east": {"uv": [0, 0], "uv_size": [16, 16]},
								"south": {"uv": [0, 0], "uv_size": [16, 16]},
								"west": {"uv": [0, 0], "uv_size": [16, 16]},
								"up": {"uv": [16, 16], "uv_size": [-16, -16]},
								"down": {"uv": [16, 16], "uv_size": [-16, -16]}
							}
						}
					]
				},
				{
					"name": "wood14",
					"parent": "wood13",
					"pivot": [0, 104, 0],
					"cubes": [
						{
							"origin": [-4, 104, -4],
							"size": [8, 8, 8],
							"uv": {
								"north": {"uv": [0, 0], "uv_size": [16, 16]},
								"east": {"uv": [0, 0], "uv_size": [16, 16]},
								"south": {"uv": [0, 0], "uv_size": [16, 16]},
								"west": {"uv": [0, 0], "uv_size": [16, 16]},
								"up": {"uv": [16, 16], "uv_size": [-16, -16]},
								"down": {"uv": [16, 16], "uv_size": [-16, -16]}
							}
						}
					]
				},
				{
					"name": "wood15",
					"parent": "wood14",
					"pivot": [0, 112, 0],
					"cubes": [
						{
							"origin": [-4, 112, -4],
							"size": [8, 8, 8],
							"uv": {
								"north": {"uv": [0, 0], "uv_size": [16, 16]},
								"east": {"uv": [0, 0], "uv_size": [16, 16]},
								"south": {"uv": [0, 0], "uv_size": [16, 16]},
								"west": {"uv": [0, 0], "uv_size": [16, 16]},
								"up": {"uv": [16, 16], "uv_size": [-16, -16]},
								"down": {"uv": [16, 16], "uv_size": [-16, -16]}
							}
						},
						{
							"origin": [-4, 126, -1],
							"size": [8, 8, 8],
							"pivot": [0, 130, 3],
							"rotation": [-19.77592, -31.0289, 9.72599],
							"uv": {
								"north": {"uv": [0, 16], "uv_size": [16, 16]},
								"east": {"uv": [0, 16], "uv_size": [16, 16]},
								"south": {"uv": [0, 16], "uv_size": [16, 16]},
								"west": {"uv": [0, 16], "uv_size": [16, 16]},
								"up": {"uv": [16, 32], "uv_size": [-16, -16]},
								"down": {"uv": [16, 32], "uv_size": [-16, -16]}
							}
						},
						{
							"origin": [-4, 129, -4],
							"size": [8, 8, 8],
							"uv": {
								"north": {"uv": [0, 16], "uv_size": [16, 16]},
								"east": {"uv": [0, 16], "uv_size": [16, 16]},
								"south": {"uv": [0, 16], "uv_size": [16, 16]},
								"west": {"uv": [0, 16], "uv_size": [16, 16]},
								"up": {"uv": [16, 32], "uv_size": [-16, -16]},
								"down": {"uv": [16, 32], "uv_size": [-16, -16]}
							}
						},
						{
							"origin": [-10, 123, -4],
							"size": [8, 8, 8],
							"pivot": [0, 133, 0],
							"rotation": [0, -17.5, -17.5],
							"uv": {
								"north": {"uv": [0, 16], "uv_size": [16, 16]},
								"east": {"uv": [0, 16], "uv_size": [16, 16]},
								"south": {"uv": [0, 16], "uv_size": [16, 16]},
								"west": {"uv": [0, 16], "uv_size": [16, 16]},
								"up": {"uv": [16, 32], "uv_size": [-16, -16]},
								"down": {"uv": [16, 32], "uv_size": [-16, -16]}
							}
						},
						{
							"origin": [-9.71743, 122.95372, -0.89715],
							"size": [8, 8, 8],
							"pivot": [0, 132, 0],
							"rotation": [4.50432, 19.50645, -4.22537],
							"uv": {
								"north": {"uv": [0, 16], "uv_size": [16, 16]},
								"east": {"uv": [0, 16], "uv_size": [16, 16]},
								"south": {"uv": [0, 16], "uv_size": [16, 16]},
								"west": {"uv": [0, 16], "uv_size": [16, 16]},
								"up": {"uv": [16, 32], "uv_size": [-16, -16]},
								"down": {"uv": [16, 32], "uv_size": [-16, -16]}
							}
						},
						{
							"origin": [-9.71743, 122.95372, -0.89715],
							"size": [8, 8, 8],
							"pivot": [0, 132, 0],
							"rotation": [-109.83937, 66.35675, -130.50258],
							"uv": {
								"north": {"uv": [0, 16], "uv_size": [16, 16]},
								"east": {"uv": [0, 16], "uv_size": [16, 16]},
								"south": {"uv": [0, 16], "uv_size": [16, 16]},
								"west": {"uv": [0, 16], "uv_size": [16, 16]},
								"up": {"uv": [16, 32], "uv_size": [-16, -16]},
								"down": {"uv": [16, 32], "uv_size": [-16, -16]}
							}
						},
						{
							"origin": [-9.71743, 122.95372, -0.89715],
							"size": [8, 8, 8],
							"pivot": [0, 132, 0],
							"rotation": [160.14937, -35.67473, -162.79206],
							"uv": {
								"north": {"uv": [0, 16], "uv_size": [16, 16]},
								"east": {"uv": [0, 16], "uv_size": [16, 16]},
								"south": {"uv": [0, 16], "uv_size": [16, 16]},
								"west": {"uv": [0, 16], "uv_size": [16, 16]},
								"up": {"uv": [16, 32], "uv_size": [-16, -16]},
								"down": {"uv": [16, 32], "uv_size": [-16, -16]}
							}
						},
						{
							"origin": [-10.71743, 119.95372, -4.89715],
							"size": [8, 8, 8],
							"pivot": [0, 132, 0],
							"rotation": [160.14937, -35.67473, -162.79206],
							"uv": {
								"north": {"uv": [0, 16], "uv_size": [16, 16]},
								"east": {"uv": [0, 16], "uv_size": [16, 16]},
								"south": {"uv": [0, 16], "uv_size": [16, 16]},
								"west": {"uv": [0, 16], "uv_size": [16, 16]},
								"up": {"uv": [16, 32], "uv_size": [-16, -16]},
								"down": {"uv": [16, 32], "uv_size": [-16, -16]}
							}
						},
						{
							"origin": [-10.71743, 119.95372, -4.89715],
							"size": [8, 8, 8],
							"pivot": [0, 132, 0],
							"rotation": [-177.13027, 58.28046, 173.47061],
							"uv": {
								"north": {"uv": [0, 16], "uv_size": [16, 16]},
								"east": {"uv": [0, 16], "uv_size": [16, 16]},
								"south": {"uv": [0, 16], "uv_size": [16, 16]},
								"west": {"uv": [0, 16], "uv_size": [16, 16]},
								"up": {"uv": [16, 32], "uv_size": [-16, -16]},
								"down": {"uv": [16, 32], "uv_size": [-16, -16]}
							}
						},
						{
							"origin": [-12.71743, 120.95372, -3.89715],
							"size": [8, 8, 8],
							"pivot": [0, 132, 0],
							"rotation": [23.14214, -46.69878, -28.32252],
							"uv": {
								"north": {"uv": [0, 16], "uv_size": [16, 16]},
								"east": {"uv": [0, 16], "uv_size": [16, 16]},
								"south": {"uv": [0, 16], "uv_size": [16, 16]},
								"west": {"uv": [0, 16], "uv_size": [16, 16]},
								"up": {"uv": [16, 32], "uv_size": [-16, -16]},
								"down": {"uv": [16, 32], "uv_size": [-16, -16]}
							}
						},
						{
							"origin": [-15.71743, 119.95372, -9.89715],
							"size": [10, 8, 10],
							"pivot": [0, 132, 0],
							"rotation": [23.14214, -46.69878, -28.32252],
							"uv": {
								"north": {"uv": [0, 16], "uv_size": [16, 16]},
								"east": {"uv": [0, 16], "uv_size": [16, 16]},
								"south": {"uv": [0, 16], "uv_size": [16, 16]},
								"west": {"uv": [0, 16], "uv_size": [16, 16]},
								"up": {"uv": [16, 32], "uv_size": [-16, -16]},
								"down": {"uv": [16, 32], "uv_size": [-16, -16]}
							}
						},
						{
							"origin": [-15.71743, 119.95372, -9.89715],
							"size": [10, 8, 10],
							"pivot": [0, 132, 0],
							"rotation": [178.44678, -32.3151, -166.4097],
							"uv": {
								"north": {"uv": [0, 16], "uv_size": [16, 16]},
								"east": {"uv": [0, 16], "uv_size": [16, 16]},
								"south": {"uv": [0, 16], "uv_size": [16, 16]},
								"west": {"uv": [0, 16], "uv_size": [16, 16]},
								"up": {"uv": [16, 32], "uv_size": [-16, -16]},
								"down": {"uv": [16, 32], "uv_size": [-16, -16]}
							}
						},
						{
							"origin": [-15.71743, 119.95372, -9.89715],
							"size": [10, 8, 10],
							"pivot": [0, 132, 0],
							"rotation": [-179.24935, 44.72259, -165.92202],
							"uv": {
								"north": {"uv": [0, 16], "uv_size": [16, 16]},
								"east": {"uv": [0, 16], "uv_size": [16, 16]},
								"south": {"uv": [0, 16], "uv_size": [16, 16]},
								"west": {"uv": [0, 16], "uv_size": [16, 16]},
								"up": {"uv": [16, 32], "uv_size": [-16, -16]},
								"down": {"uv": [16, 32], "uv_size": [-16, -16]}
							}
						},
						{
							"origin": [-8.71743, 116.95372, -15.89715],
							"size": [10, 8, 10],
							"pivot": [0, 132, 0],
							"rotation": [-171.251, 64.7198, -165.32083],
							"uv": {
								"north": {"uv": [0, 16], "uv_size": [16, 16]},
								"east": {"uv": [0, 16], "uv_size": [16, 16]},
								"south": {"uv": [0, 16], "uv_size": [16, 16]},
								"west": {"uv": [0, 16], "uv_size": [16, 16]},
								"up": {"uv": [16, 32], "uv_size": [-16, -16]},
								"down": {"uv": [16, 32], "uv_size": [-16, -16]}
							}
						},
						{
							"origin": [-2.71743, 116.95372, -12.89715],
							"size": [10, 8, 10],
							"pivot": [0, 132, 0],
							"rotation": [74.87844, 70.61489, 82.78058],
							"uv": {
								"north": {"uv": [0, 16], "uv_size": [16, 16]},
								"east": {"uv": [0, 16], "uv_size": [16, 16]},
								"south": {"uv": [0, 16], "uv_size": [16, 16]},
								"west": {"uv": [0, 16], "uv_size": [16, 16]},
								"up": {"uv": [16, 32], "uv_size": [-16, -16]},
								"down": {"uv": [16, 32], "uv_size": [-16, -16]}
							}
						},
						{
							"origin": [-12.71743, 119.95372, -3.89715],
							"size": [8, 8, 8],
							"pivot": [0, 132, 0],
							"rotation": [2.3565, 21.6153, 1.18994],
							"uv": {
								"north": {"uv": [0, 16], "uv_size": [16, 16]},
								"east": {"uv": [0, 16], "uv_size": [16, 16]},
								"south": {"uv": [0, 16], "uv_size": [16, 16]},
								"west": {"uv": [0, 16], "uv_size": [16, 16]},
								"up": {"uv": [16, 32], "uv_size": [-16, -16]},
								"down": {"uv": [16, 32], "uv_size": [-16, -16]}
							}
						},
						{
							"origin": [-4, 120, -4],
							"size": [8, 3, 8],
							"uv": {
								"north": {"uv": [1.08, 7.92], "uv_size": [14.32, -6.48]},
								"east": {"uv": [1.08, 7.92], "uv_size": [14.32, -6.48]},
								"south": {"uv": [1.08, 7.92], "uv_size": [14.32, -6.48]},
								"west": {"uv": [1.08, 7.92], "uv_size": [14.32, -6.48]},
								"up": {"uv": [15.4, 1.44], "uv_size": [-14.32, 6.48]},
								"down": {"uv": [15.4, 1.44], "uv_size": [-14.32, 6.48]}
							}
						},
						{
							"origin": [-3, 123, -3],
							"size": [6, 3, 6],
							"uv": {
								"north": {"uv": [1.08, 7.92], "uv_size": [14.32, -6.48]},
								"east": {"uv": [1.08, 7.92], "uv_size": [14.32, -6.48]},
								"south": {"uv": [1.08, 7.92], "uv_size": [14.32, -6.48]},
								"west": {"uv": [1.08, 7.92], "uv_size": [14.32, -6.48]},
								"up": {"uv": [15.4, 1.44], "uv_size": [-14.32, 6.48]},
								"down": {"uv": [15.4, 1.44], "uv_size": [-14.32, 6.48]}
							}
						},
						{
							"origin": [-2, 124.73777, -0.34566],
							"size": [4, 3, 3],
							"inflate": 0.1,
							"pivot": [0, 126.23777, -0.34566],
							"rotation": [22.5, 0, 0],
							"uv": {
								"north": {"uv": [0.68, 4], "uv_size": [14.32, 8.44]},
								"east": {"uv": [0.68, 4], "uv_size": [14.32, 8.44]},
								"south": {"uv": [0.68, 4], "uv_size": [14.32, 8.44]},
								"west": {"uv": [0.68, 4], "uv_size": [14.32, 8.44]},
								"up": {"uv": [15, 12.44], "uv_size": [-14.32, -8.44]},
								"down": {"uv": [15, 12.44], "uv_size": [-14.32, -8.44]}
							}
						},
						{
							"origin": [-2, 124.73777, -2.65434],
							"size": [4, 3, 3],
							"inflate": 0.05,
							"pivot": [0, 126.23777, 0.34566],
							"rotation": [-22.5, 0, 0],
							"uv": {
								"north": {"uv": [1.08, 1.44], "uv_size": [14.32, 8.48]},
								"east": {"uv": [1.08, 1.44], "uv_size": [14.32, 8.48]},
								"south": {"uv": [1.08, 1.44], "uv_size": [14.32, 8.48]},
								"west": {"uv": [1.08, 1.44], "uv_size": [14.32, 8.48]},
								"up": {"uv": [15.4, 9.92], "uv_size": [-14.32, -8.48]},
								"down": {"uv": [15.4, 9.92], "uv_size": [-14.32, -8.48]}
							}
						},
						{
							"origin": [-0.29118, 120.20704, -3],
							"size": [4.25, 3, 6],
							"inflate": 0.05,
							"pivot": [-3.04118, 121.70704, -1],
							"rotation": [0, 0, -22.5],
							"uv": {
								"north": {"uv": [1.68, 0.92], "uv_size": [14.32, 3.52]},
								"east": {"uv": [1.68, 0.92], "uv_size": [14.32, 3.52]},
								"south": {"uv": [1.68, 0.92], "uv_size": [14.32, 3.52]},
								"west": {"uv": [1.68, 0.92], "uv_size": [14.32, 3.52]},
								"up": {"uv": [16, 4.44], "uv_size": [-14.32, -3.52]},
								"down": {"uv": [16, 4.44], "uv_size": [-14.32, -3.52]}
							}
						},
						{
							"origin": [-3.95882, 120.20704, -3],
							"size": [4.25, 3, 6],
							"inflate": 0.1,
							"pivot": [3.04118, 121.70704, -1],
							"rotation": [0, 0, 22.5],
							"uv": {
								"north": {"uv": [16, 0.92], "uv_size": [-14.32, 4.52]},
								"east": {"uv": [16, 0.92], "uv_size": [-14.32, 4.52]},
								"south": {"uv": [16, 0.92], "uv_size": [-14.32, 4.52]},
								"west": {"uv": [16, 0.92], "uv_size": [-14.32, 4.52]},
								"up": {"uv": [1.68, 5.44], "uv_size": [14.32, -4.52]},
								"down": {"uv": [1.68, 5.44], "uv_size": [14.32, -4.52]}
							}
						},
						{
							"origin": [-2, 126, -2],
							"size": [4, 3, 4],
							"uv": {
								"north": {"uv": [1.08, 1.92], "uv_size": [14.32, 6.52]},
								"east": {"uv": [1.08, 1.92], "uv_size": [14.32, 6.52]},
								"south": {"uv": [1.08, 1.92], "uv_size": [14.32, 6.52]},
								"west": {"uv": [1.08, 1.92], "uv_size": [14.32, 6.52]},
								"up": {"uv": [15.4, 8.44], "uv_size": [-14.32, -6.52]},
								"down": {"uv": [15.4, 8.44], "uv_size": [-14.32, -6.52]}
							}
						},
						{
							"origin": [-1.60758, 128.2255, -1],
							"size": [2, 3, 2],
							"inflate": 0.05,
							"pivot": [0.39242, 129.7255, 1],
							"rotation": [0, 0, 20],
							"uv": {
								"north": {"uv": [1.68, 0.92], "uv_size": [14.32, 7.52]},
								"east": {"uv": [1.68, 0.92], "uv_size": [14.32, 7.52]},
								"south": {"uv": [1.68, 0.92], "uv_size": [14.32, 7.52]},
								"west": {"uv": [1.68, 0.92], "uv_size": [14.32, 7.52]},
								"up": {"uv": [16, 8.44], "uv_size": [-14.32, -7.52]},
								"down": {"uv": [16, 8.44], "uv_size": [-14.32, -7.52]}
							}
						},
						{
							"origin": [-0.39242, 128.2255, -1],
							"size": [2, 3, 2],
							"inflate": 0.1,
							"pivot": [-0.39242, 129.7255, 1],
							"rotation": [0, 0, -20],
							"uv": {
								"north": {"uv": [15.4, 7.92], "uv_size": [-14.32, -6.48]},
								"east": {"uv": [15.4, 7.92], "uv_size": [-14.32, -6.48]},
								"south": {"uv": [15.4, 7.92], "uv_size": [-14.32, -6.48]},
								"west": {"uv": [15.4, 7.92], "uv_size": [-14.32, -6.48]},
								"up": {"uv": [1.08, 1.44], "uv_size": [14.32, 6.48]},
								"down": {"uv": [1.08, 1.44], "uv_size": [14.32, 6.48]}
							}
						},
						{
							"origin": [-1, 129, -1],
							"size": [2, 3, 2],
							"uv": {
								"north": {"uv": [1.08, 1.92], "uv_size": [13.44, 7.84]},
								"east": {"uv": [1.08, 1.92], "uv_size": [13.44, 7.84]},
								"south": {"uv": [1.08, 1.92], "uv_size": [13.44, 7.84]},
								"west": {"uv": [1.08, 1.92], "uv_size": [13.44, 7.84]},
								"up": {"uv": [14.52, 9.76], "uv_size": [-13.44, -7.84]},
								"down": {"uv": [14.52, 9.76], "uv_size": [-13.44, -7.84]}
							}
						}
					]
				}
			]
		}
	]
}