{
	"format_version": "1.12.0",
	"minecraft:geometry": [
		{
			"description": {
				"identifier": "geometry.zoro_swords_ashura",
				"texture_width": 48,
				"texture_height": 48,
				"visible_bounds_width": 3,
				"visible_bounds_height": 3,
				"visible_bounds_offset": [0, 1.5, 0]
			},
			"bones": [
				{
					"name": "root",
					"pivot": [0, 0, 0]
				},
				{
					"name": "waist",
					"parent": "root",
					"pivot": [0, 12, 0]
				},
				{
					"name": "body2",
					"parent": "waist",
					"pivot": [0, 24, 0]
				},
				{
					"name": "head2",
					"parent": "body2",
					"pivot": [0, 24, 0]
				},
				{
					"name": "wado2",
					"parent": "head2",
					"pivot": [-2.98125, 25.98281, -4.7321],
					"rotation": [-90, 0, 90],
					"cubes": [
						{
							"origin": [-3.8, 25.2, -12.8],
							"size": [1.6, 1.8, 11.6],
							"uv": {
								"north": {"uv": [44, 10], "uv_size": [-1, -5]},
								"east": {"uv": [22, 10], "uv_size": [22, -5]},
								"south": {"uv": [23, 10], "uv_size": [-1, -5]},
								"west": {"uv": [44, 10], "uv_size": [-22, -5]},
								"up": {"uv": [4, 27], "uv_size": [2, -22]},
								"down": {"uv": [4, 5], "uv_size": [2, 22]}
							}
						},
						{
							"origin": [-3.0375, 25.2, -30.8],
							"size": [0.125, 0.6, 18.6],
							"uv": {
								"north": {"uv": [16, 27], "uv_size": [2, 21]},
								"east": {"uv": [16, 27], "uv_size": [2, 21]},
								"south": {"uv": [16, 27], "uv_size": [2, 21]},
								"west": {"uv": [16, 27], "uv_size": [2, 21]},
								"up": {"uv": [18, 48], "uv_size": [-2, -21]},
								"down": {"uv": [18, 48], "uv_size": [-2, -1]}
							}
						},
						{
							"origin": [-3.0375, 25.36604, -31.3161],
							"size": [0.125, 0.8, 0.6],
							"pivot": [-2.975, 25.66604, -31.5161],
							"rotation": [-12.5, 0, 0],
							"uv": {
								"north": {"uv": [16, 27], "uv_size": [2, 21]},
								"east": {"uv": [16, 27], "uv_size": [2, 21]},
								"south": {"uv": [16, 27], "uv_size": [2, 21]},
								"west": {"uv": [16, 27], "uv_size": [2, 21]},
								"up": {"uv": [18, 48], "uv_size": [-2, -21]},
								"down": {"uv": [18, 48], "uv_size": [-2, -1]}
							}
						},
						{
							"origin": [-3.0375, 26.0625, -31.69035],
							"size": [0.125, 0.7, 0.6],
							"pivot": [-2.975, 26.36247, -32.89035],
							"rotation": [-25, 0, 0],
							"uv": {
								"north": {"uv": [16, 27], "uv_size": [2, 21]},
								"east": {"uv": [16, 27], "uv_size": [2, 21]},
								"south": {"uv": [16, 27], "uv_size": [2, 21]},
								"west": {"uv": [16, 27], "uv_size": [2, 21]},
								"up": {"uv": [18, 48], "uv_size": [-2, -21]},
								"down": {"uv": [18, 48], "uv_size": [-2, -1]}
							}
						},
						{
							"origin": [-3.0375, 25.82449, -29.22408],
							"size": [0.125, 0.65, 0.6],
							"pivot": [-2.9125, 29.69403, -30.56777],
							"rotation": [-45, 0, 0],
							"uv": {
								"north": {"uv": [16, 27], "uv_size": [2, 21]},
								"east": {"uv": [16, 27], "uv_size": [2, 21]},
								"south": {"uv": [16, 27], "uv_size": [2, 21]},
								"west": {"uv": [16, 27], "uv_size": [2, 21]},
								"up": {"uv": [18, 48], "uv_size": [-2, -21]},
								"down": {"uv": [18, 48], "uv_size": [-2, -1]}
							}
						},
						{
							"origin": [-3.0375, 26.28273, -32.32881],
							"size": [0.125, 0.65, 0.9],
							"pivot": [-2.975, 26.60773, -32.02881],
							"rotation": [-90, 0, 0],
							"uv": {
								"north": {"uv": [16, 27], "uv_size": [2, 21]},
								"east": {"uv": [16, 27], "uv_size": [2, 21]},
								"south": {"uv": [16, 27], "uv_size": [2, 21]},
								"west": {"uv": [16, 27], "uv_size": [2, 21]},
								"up": {"uv": [18, 48], "uv_size": [-2, -21]},
								"down": {"uv": [18, 48], "uv_size": [-2, -1]}
							}
						},
						{
							"origin": [-3.1, 25.8, -31.8],
							"size": [0.25, 1.1, 19.6],
							"uv": {
								"north": {"uv": [13, 28], "uv_size": [2, 19]},
								"east": {"uv": [13, 28], "uv_size": [2, 19]},
								"south": {"uv": [13, 28], "uv_size": [2, 19]},
								"west": {"uv": [13, 28], "uv_size": [2, 19]},
								"up": {"uv": [15, 47], "uv_size": [-2, -19]},
								"down": {"uv": [15, 47], "uv_size": [-2, -19]}
							}
						},
						{
							"origin": [-5, 24, -12.9],
							"size": [4, 4, 0],
							"uv": {
								"north": {"uv": [36, 23], "uv_size": [11, 11]},
								"east": {"uv": [48, 0], "uv_size": [0, 0]},
								"south": {"uv": [48, 0], "uv_size": [0, 0]},
								"west": {"uv": [48, 0], "uv_size": [0, 0]},
								"up": {"uv": [48, 0], "uv_size": [0, 0]},
								"down": {"uv": [48, 0], "uv_size": [0, 0]}
							}
						}
					]
				},
				{
					"name": "leftArm2",
					"parent": "body2",
					"pivot": [5, 22, 0]
				},
				{
					"name": "sandai2",
					"parent": "leftArm2",
					"pivot": [6.01875, 12.98281, 0.2679],
					"cubes": [
						{
							"origin": [5.2, 12.2, -7.8],
							"size": [1.6, 1.8, 11.6],
							"uv": {
								"north": {"uv": [22, 5], "uv_size": [-1, -5]},
								"east": {"uv": [0, 5], "uv_size": [22, -5]},
								"south": {"uv": [2, 5], "uv_size": [-2, -5]},
								"west": {"uv": [22, 5], "uv_size": [-22, -5]},
								"up": {"uv": [0, 27], "uv_size": [2, -22]},
								"down": {"uv": [0, 5], "uv_size": [2, 22]}
							}
						},
						{
							"origin": [5.9625, 12.2, -25.8],
							"size": [0.125, 0.6, 18.6],
							"uv": {
								"north": {"uv": [4, 27], "uv_size": [2, 21]},
								"east": {"uv": [4, 27], "uv_size": [2, 21]},
								"south": {"uv": [4, 27], "uv_size": [2, 21]},
								"west": {"uv": [4, 27], "uv_size": [2, 21]},
								"up": {"uv": [6, 48], "uv_size": [-2, -21]},
								"down": {"uv": [6, 48], "uv_size": [-2, -1]}
							}
						},
						{
							"origin": [5.9625, 12.36604, -26.3161],
							"size": [0.125, 0.8, 0.6],
							"pivot": [6.025, 12.66604, -26.5161],
							"rotation": [-12.5, 0, 0],
							"uv": {
								"north": {"uv": [4, 27], "uv_size": [2, 21]},
								"east": {"uv": [4, 27], "uv_size": [2, 21]},
								"south": {"uv": [4, 27], "uv_size": [2, 21]},
								"west": {"uv": [4, 27], "uv_size": [2, 21]},
								"up": {"uv": [6, 48], "uv_size": [-2, -21]},
								"down": {"uv": [6, 48], "uv_size": [-2, -1]}
							}
						},
						{
							"origin": [5.9625, 13.0625, -26.69035],
							"size": [0.125, 0.7, 0.6],
							"pivot": [6.025, 13.36247, -27.89035],
							"rotation": [-25, 0, 0],
							"uv": {
								"north": {"uv": [4, 27], "uv_size": [2, 21]},
								"east": {"uv": [4, 27], "uv_size": [2, 21]},
								"south": {"uv": [4, 27], "uv_size": [2, 21]},
								"west": {"uv": [4, 27], "uv_size": [2, 21]},
								"up": {"uv": [6, 48], "uv_size": [-2, -21]},
								"down": {"uv": [6, 48], "uv_size": [-2, -1]}
							}
						},
						{
							"origin": [5.9625, 12.82449, -24.22408],
							"size": [0.125, 0.65, 0.6],
							"pivot": [6.0875, 16.69403, -25.56777],
							"rotation": [-45, 0, 0],
							"uv": {
								"north": {"uv": [4, 27], "uv_size": [2, 21]},
								"east": {"uv": [4, 27], "uv_size": [2, 21]},
								"south": {"uv": [4, 27], "uv_size": [2, 21]},
								"west": {"uv": [4, 27], "uv_size": [2, 21]},
								"up": {"uv": [6, 48], "uv_size": [-2, -21]},
								"down": {"uv": [6, 48], "uv_size": [-2, -1]}
							}
						},
						{
							"origin": [5.9625, 13.28273, -27.32881],
							"size": [0.125, 0.65, 0.9],
							"pivot": [6.025, 13.60773, -27.02881],
							"rotation": [-90, 0, 0],
							"uv": {
								"north": {"uv": [4, 27], "uv_size": [2, 21]},
								"east": {"uv": [4, 27], "uv_size": [2, 21]},
								"south": {"uv": [4, 27], "uv_size": [2, 21]},
								"west": {"uv": [4, 27], "uv_size": [2, 21]},
								"up": {"uv": [6, 48], "uv_size": [-2, -21]},
								"down": {"uv": [6, 48], "uv_size": [-2, -1]}
							}
						},
						{
							"origin": [5.9, 12.8, -26.8],
							"size": [0.25, 1.1, 19.6],
							"uv": {
								"north": {"uv": [1, 28], "uv_size": [2, 19]},
								"east": {"uv": [1, 28], "uv_size": [2, 19]},
								"south": {"uv": [1, 28], "uv_size": [2, 19]},
								"west": {"uv": [1, 28], "uv_size": [2, 19]},
								"up": {"uv": [3, 47], "uv_size": [-2, -19]},
								"down": {"uv": [3, 47], "uv_size": [-2, -19]}
							}
						},
						{
							"origin": [4, 11, -7.9],
							"size": [4, 4, 0],
							"uv": {
								"north": {"uv": [35, 35], "uv_size": [13, 13]},
								"east": {"uv": [48, 0], "uv_size": [0, 0]},
								"south": {"uv": [48, 0], "uv_size": [0, 0]},
								"west": {"uv": [48, 0], "uv_size": [0, 0]},
								"up": {"uv": [48, 0], "uv_size": [0, 0]},
								"down": {"uv": [48, 0], "uv_size": [0, 0]}
							}
						}
					]
				},
				{
					"name": "rightArm2",
					"parent": "body2",
					"pivot": [-5, 22, 0]
				},
				{
					"name": "shusui2",
					"parent": "rightArm2",
					"pivot": [-6.01875, 12.98281, 0.2679],
					"cubes": [
						{
							"origin": [-6.8, 12.2, -7.8],
							"size": [1.6, 1.8, 11.6],
							"uv": {
								"north": {"uv": [43, 5], "uv_size": [1, -5]},
								"east": {"uv": [22, 4.98], "uv_size": [22, -4.97]},
								"south": {"uv": [22, 5], "uv_size": [2, -5]},
								"west": {"uv": [44, 4.98], "uv_size": [-22, -4.97]},
								"up": {"uv": [3, 27], "uv_size": [0, -22]},
								"down": {"uv": [3, 5], "uv_size": [-1, 22]}
							}
						},
						{
							"origin": [-6.0875, 12.2, -25.8],
							"size": [0.125, 0.6, 18.6],
							"uv": {
								"north": {"uv": [12, 27], "uv_size": [-2, 21]},
								"east": {"uv": [12, 27], "uv_size": [-2, 21]},
								"south": {"uv": [12, 27], "uv_size": [-2, 21]},
								"west": {"uv": [12, 27], "uv_size": [-2, 21]},
								"up": {"uv": [10, 48], "uv_size": [2, -21]},
								"down": {"uv": [10, 48], "uv_size": [2, -1]}
							}
						},
						{
							"origin": [-6.0875, 12.36604, -26.3161],
							"size": [0.125, 0.8, 0.6],
							"pivot": [-6.025, 12.66604, -26.5161],
							"rotation": [-12.5, 0, 0],
							"uv": {
								"north": {"uv": [12, 27], "uv_size": [-2, 21]},
								"east": {"uv": [12, 27], "uv_size": [-2, 21]},
								"south": {"uv": [12, 27], "uv_size": [-2, 21]},
								"west": {"uv": [12, 27], "uv_size": [-2, 21]},
								"up": {"uv": [10, 48], "uv_size": [2, -21]},
								"down": {"uv": [10, 48], "uv_size": [2, -1]}
							}
						},
						{
							"origin": [-6.0875, 13.0625, -26.69035],
							"size": [0.125, 0.7, 0.6],
							"pivot": [-6.025, 13.36247, -27.89035],
							"rotation": [-25, 0, 0],
							"uv": {
								"north": {"uv": [12, 27], "uv_size": [-2, 21]},
								"east": {"uv": [12, 27], "uv_size": [-2, 21]},
								"south": {"uv": [12, 27], "uv_size": [-2, 21]},
								"west": {"uv": [12, 27], "uv_size": [-2, 21]},
								"up": {"uv": [10, 48], "uv_size": [2, -21]},
								"down": {"uv": [10, 48], "uv_size": [2, -1]}
							}
						},
						{
							"origin": [-6.0875, 12.82449, -24.22408],
							"size": [0.125, 0.65, 0.6],
							"pivot": [-6.0875, 16.69403, -25.56777],
							"rotation": [-45, 0, 0],
							"uv": {
								"north": {"uv": [12, 27], "uv_size": [-2, 21]},
								"east": {"uv": [12, 27], "uv_size": [-2, 21]},
								"south": {"uv": [12, 27], "uv_size": [-2, 21]},
								"west": {"uv": [12, 27], "uv_size": [-2, 21]},
								"up": {"uv": [10, 48], "uv_size": [2, -21]},
								"down": {"uv": [10, 48], "uv_size": [2, -1]}
							}
						},
						{
							"origin": [-6.0875, 13.28273, -27.32881],
							"size": [0.125, 0.65, 0.9],
							"pivot": [-6.025, 13.60773, -27.02881],
							"rotation": [-90, 0, 0],
							"uv": {
								"north": {"uv": [12, 27], "uv_size": [-2, 21]},
								"east": {"uv": [12, 27], "uv_size": [-2, 21]},
								"south": {"uv": [12, 27], "uv_size": [-2, 21]},
								"west": {"uv": [12, 27], "uv_size": [-2, 21]},
								"up": {"uv": [10, 48], "uv_size": [2, -21]},
								"down": {"uv": [10, 48], "uv_size": [2, -1]}
							}
						},
						{
							"origin": [-6.15, 12.8, -26.8],
							"size": [0.25, 1.1, 19.6],
							"uv": {
								"north": {"uv": [3, 28], "uv_size": [-2, 19]},
								"east": {"uv": [3, 28], "uv_size": [-2, 19]},
								"south": {"uv": [3, 28], "uv_size": [-2, 19]},
								"west": {"uv": [3, 28], "uv_size": [-2, 19]},
								"up": {"uv": [1, 47], "uv_size": [2, -19]},
								"down": {"uv": [1, 47], "uv_size": [2, -19]}
							}
						},
						{
							"origin": [-8, 11, -7.9],
							"size": [4, 4, 0],
							"uv": {
								"north": {"uv": [35, 35], "uv_size": [-13, 13]},
								"east": {"uv": [48, 0], "uv_size": [0, 0]},
								"south": {"uv": [48, 0], "uv_size": [0, 0]},
								"west": {"uv": [48, 0], "uv_size": [0, 0]},
								"up": {"uv": [48, 0], "uv_size": [0, 0]},
								"down": {"uv": [48, 0], "uv_size": [0, 0]}
							}
						}
					]
				},
				{
					"name": "body3",
					"parent": "waist",
					"pivot": [0, 24, 0]
				},
				{
					"name": "head3",
					"parent": "body3",
					"pivot": [0, 24, 0]
				},
				{
					"name": "wado3",
					"parent": "head3",
					"pivot": [-2.98125, 25.98281, -4.7321],
					"rotation": [-90, 0, 90],
					"cubes": [
						{
							"origin": [-3.8, 25.2, -12.8],
							"size": [1.6, 1.8, 11.6],
							"uv": {
								"north": {"uv": [44, 10], "uv_size": [-1, -5]},
								"east": {"uv": [22, 10], "uv_size": [22, -5]},
								"south": {"uv": [23, 10], "uv_size": [-1, -5]},
								"west": {"uv": [44, 10], "uv_size": [-22, -5]},
								"up": {"uv": [4, 27], "uv_size": [2, -22]},
								"down": {"uv": [4, 5], "uv_size": [2, 22]}
							}
						},
						{
							"origin": [-3.0375, 25.2, -30.8],
							"size": [0.125, 0.6, 18.6],
							"uv": {
								"north": {"uv": [16, 27], "uv_size": [2, 21]},
								"east": {"uv": [16, 27], "uv_size": [2, 21]},
								"south": {"uv": [16, 27], "uv_size": [2, 21]},
								"west": {"uv": [16, 27], "uv_size": [2, 21]},
								"up": {"uv": [18, 48], "uv_size": [-2, -21]},
								"down": {"uv": [18, 48], "uv_size": [-2, -1]}
							}
						},
						{
							"origin": [-3.0375, 25.36604, -31.3161],
							"size": [0.125, 0.8, 0.6],
							"pivot": [-2.975, 25.66604, -31.5161],
							"rotation": [-12.5, 0, 0],
							"uv": {
								"north": {"uv": [16, 27], "uv_size": [2, 21]},
								"east": {"uv": [16, 27], "uv_size": [2, 21]},
								"south": {"uv": [16, 27], "uv_size": [2, 21]},
								"west": {"uv": [16, 27], "uv_size": [2, 21]},
								"up": {"uv": [18, 48], "uv_size": [-2, -21]},
								"down": {"uv": [18, 48], "uv_size": [-2, -1]}
							}
						},
						{
							"origin": [-3.0375, 26.0625, -31.69035],
							"size": [0.125, 0.7, 0.6],
							"pivot": [-2.975, 26.36247, -32.89035],
							"rotation": [-25, 0, 0],
							"uv": {
								"north": {"uv": [16, 27], "uv_size": [2, 21]},
								"east": {"uv": [16, 27], "uv_size": [2, 21]},
								"south": {"uv": [16, 27], "uv_size": [2, 21]},
								"west": {"uv": [16, 27], "uv_size": [2, 21]},
								"up": {"uv": [18, 48], "uv_size": [-2, -21]},
								"down": {"uv": [18, 48], "uv_size": [-2, -1]}
							}
						},
						{
							"origin": [-3.0375, 25.82449, -29.22408],
							"size": [0.125, 0.65, 0.6],
							"pivot": [-2.9125, 29.69403, -30.56777],
							"rotation": [-45, 0, 0],
							"uv": {
								"north": {"uv": [16, 27], "uv_size": [2, 21]},
								"east": {"uv": [16, 27], "uv_size": [2, 21]},
								"south": {"uv": [16, 27], "uv_size": [2, 21]},
								"west": {"uv": [16, 27], "uv_size": [2, 21]},
								"up": {"uv": [18, 48], "uv_size": [-2, -21]},
								"down": {"uv": [18, 48], "uv_size": [-2, -1]}
							}
						},
						{
							"origin": [-3.0375, 26.28273, -32.32881],
							"size": [0.125, 0.65, 0.9],
							"pivot": [-2.975, 26.60773, -32.02881],
							"rotation": [-90, 0, 0],
							"uv": {
								"north": {"uv": [16, 27], "uv_size": [2, 21]},
								"east": {"uv": [16, 27], "uv_size": [2, 21]},
								"south": {"uv": [16, 27], "uv_size": [2, 21]},
								"west": {"uv": [16, 27], "uv_size": [2, 21]},
								"up": {"uv": [18, 48], "uv_size": [-2, -21]},
								"down": {"uv": [18, 48], "uv_size": [-2, -1]}
							}
						},
						{
							"origin": [-3.1, 25.8, -31.8],
							"size": [0.25, 1.1, 19.6],
							"uv": {
								"north": {"uv": [13, 28], "uv_size": [2, 19]},
								"east": {"uv": [13, 28], "uv_size": [2, 19]},
								"south": {"uv": [13, 28], "uv_size": [2, 19]},
								"west": {"uv": [13, 28], "uv_size": [2, 19]},
								"up": {"uv": [15, 47], "uv_size": [-2, -19]},
								"down": {"uv": [15, 47], "uv_size": [-2, -19]}
							}
						},
						{
							"origin": [-5, 24, -12.9],
							"size": [4, 4, 0],
							"uv": {
								"north": {"uv": [36, 23], "uv_size": [11, 11]},
								"east": {"uv": [48, 0], "uv_size": [0, 0]},
								"south": {"uv": [48, 0], "uv_size": [0, 0]},
								"west": {"uv": [48, 0], "uv_size": [0, 0]},
								"up": {"uv": [48, 0], "uv_size": [0, 0]},
								"down": {"uv": [48, 0], "uv_size": [0, 0]}
							}
						}
					]
				},
				{
					"name": "leftArm3",
					"parent": "body3",
					"pivot": [5, 22, 0]
				},
				{
					"name": "sandai3",
					"parent": "leftArm3",
					"pivot": [6.01875, 12.98281, 0.2679],
					"cubes": [
						{
							"origin": [5.2, 12.2, -7.8],
							"size": [1.6, 1.8, 11.6],
							"uv": {
								"north": {"uv": [22, 5], "uv_size": [-1, -5]},
								"east": {"uv": [0, 5], "uv_size": [22, -5]},
								"south": {"uv": [2, 5], "uv_size": [-2, -5]},
								"west": {"uv": [22, 5], "uv_size": [-22, -5]},
								"up": {"uv": [0, 27], "uv_size": [2, -22]},
								"down": {"uv": [0, 5], "uv_size": [2, 22]}
							}
						},
						{
							"origin": [5.9625, 12.2, -25.8],
							"size": [0.125, 0.6, 18.6],
							"uv": {
								"north": {"uv": [4, 27], "uv_size": [2, 21]},
								"east": {"uv": [4, 27], "uv_size": [2, 21]},
								"south": {"uv": [4, 27], "uv_size": [2, 21]},
								"west": {"uv": [4, 27], "uv_size": [2, 21]},
								"up": {"uv": [6, 48], "uv_size": [-2, -21]},
								"down": {"uv": [6, 48], "uv_size": [-2, -1]}
							}
						},
						{
							"origin": [5.9625, 12.36604, -26.3161],
							"size": [0.125, 0.8, 0.6],
							"pivot": [6.025, 12.66604, -26.5161],
							"rotation": [-12.5, 0, 0],
							"uv": {
								"north": {"uv": [4, 27], "uv_size": [2, 21]},
								"east": {"uv": [4, 27], "uv_size": [2, 21]},
								"south": {"uv": [4, 27], "uv_size": [2, 21]},
								"west": {"uv": [4, 27], "uv_size": [2, 21]},
								"up": {"uv": [6, 48], "uv_size": [-2, -21]},
								"down": {"uv": [6, 48], "uv_size": [-2, -1]}
							}
						},
						{
							"origin": [5.9625, 13.0625, -26.69035],
							"size": [0.125, 0.7, 0.6],
							"pivot": [6.025, 13.36247, -27.89035],
							"rotation": [-25, 0, 0],
							"uv": {
								"north": {"uv": [4, 27], "uv_size": [2, 21]},
								"east": {"uv": [4, 27], "uv_size": [2, 21]},
								"south": {"uv": [4, 27], "uv_size": [2, 21]},
								"west": {"uv": [4, 27], "uv_size": [2, 21]},
								"up": {"uv": [6, 48], "uv_size": [-2, -21]},
								"down": {"uv": [6, 48], "uv_size": [-2, -1]}
							}
						},
						{
							"origin": [5.9625, 12.82449, -24.22408],
							"size": [0.125, 0.65, 0.6],
							"pivot": [6.0875, 16.69403, -25.56777],
							"rotation": [-45, 0, 0],
							"uv": {
								"north": {"uv": [4, 27], "uv_size": [2, 21]},
								"east": {"uv": [4, 27], "uv_size": [2, 21]},
								"south": {"uv": [4, 27], "uv_size": [2, 21]},
								"west": {"uv": [4, 27], "uv_size": [2, 21]},
								"up": {"uv": [6, 48], "uv_size": [-2, -21]},
								"down": {"uv": [6, 48], "uv_size": [-2, -1]}
							}
						},
						{
							"origin": [5.9625, 13.28273, -27.32881],
							"size": [0.125, 0.65, 0.9],
							"pivot": [6.025, 13.60773, -27.02881],
							"rotation": [-90, 0, 0],
							"uv": {
								"north": {"uv": [4, 27], "uv_size": [2, 21]},
								"east": {"uv": [4, 27], "uv_size": [2, 21]},
								"south": {"uv": [4, 27], "uv_size": [2, 21]},
								"west": {"uv": [4, 27], "uv_size": [2, 21]},
								"up": {"uv": [6, 48], "uv_size": [-2, -21]},
								"down": {"uv": [6, 48], "uv_size": [-2, -1]}
							}
						},
						{
							"origin": [5.9, 12.8, -26.8],
							"size": [0.25, 1.1, 19.6],
							"uv": {
								"north": {"uv": [1, 28], "uv_size": [2, 19]},
								"east": {"uv": [1, 28], "uv_size": [2, 19]},
								"south": {"uv": [1, 28], "uv_size": [2, 19]},
								"west": {"uv": [1, 28], "uv_size": [2, 19]},
								"up": {"uv": [3, 47], "uv_size": [-2, -19]},
								"down": {"uv": [3, 47], "uv_size": [-2, -19]}
							}
						},
						{
							"origin": [4, 11, -7.9],
							"size": [4, 4, 0],
							"uv": {
								"north": {"uv": [35, 35], "uv_size": [13, 13]},
								"east": {"uv": [48, 0], "uv_size": [0, 0]},
								"south": {"uv": [48, 0], "uv_size": [0, 0]},
								"west": {"uv": [48, 0], "uv_size": [0, 0]},
								"up": {"uv": [48, 0], "uv_size": [0, 0]},
								"down": {"uv": [48, 0], "uv_size": [0, 0]}
							}
						}
					]
				},
				{
					"name": "rightArm3",
					"parent": "body3",
					"pivot": [-5, 22, 0]
				},
				{
					"name": "shusui3",
					"parent": "rightArm3",
					"pivot": [-6.01875, 12.98281, 0.2679],
					"cubes": [
						{
							"origin": [-6.8, 12.2, -7.8],
							"size": [1.6, 1.8, 11.6],
							"uv": {
								"north": {"uv": [43, 5], "uv_size": [1, -5]},
								"east": {"uv": [22, 4.98], "uv_size": [22, -4.97]},
								"south": {"uv": [22, 5], "uv_size": [2, -5]},
								"west": {"uv": [44, 4.98], "uv_size": [-22, -4.97]},
								"up": {"uv": [3, 27], "uv_size": [0, -22]},
								"down": {"uv": [3, 5], "uv_size": [-1, 22]}
							}
						},
						{
							"origin": [-6.0875, 12.2, -25.8],
							"size": [0.125, 0.6, 18.6],
							"uv": {
								"north": {"uv": [12, 27], "uv_size": [-2, 21]},
								"east": {"uv": [12, 27], "uv_size": [-2, 21]},
								"south": {"uv": [12, 27], "uv_size": [-2, 21]},
								"west": {"uv": [12, 27], "uv_size": [-2, 21]},
								"up": {"uv": [10, 48], "uv_size": [2, -21]},
								"down": {"uv": [10, 48], "uv_size": [2, -1]}
							}
						},
						{
							"origin": [-6.0875, 12.36604, -26.3161],
							"size": [0.125, 0.8, 0.6],
							"pivot": [-6.025, 12.66604, -26.5161],
							"rotation": [-12.5, 0, 0],
							"uv": {
								"north": {"uv": [12, 27], "uv_size": [-2, 21]},
								"east": {"uv": [12, 27], "uv_size": [-2, 21]},
								"south": {"uv": [12, 27], "uv_size": [-2, 21]},
								"west": {"uv": [12, 27], "uv_size": [-2, 21]},
								"up": {"uv": [10, 48], "uv_size": [2, -21]},
								"down": {"uv": [10, 48], "uv_size": [2, -1]}
							}
						},
						{
							"origin": [-6.0875, 13.0625, -26.69035],
							"size": [0.125, 0.7, 0.6],
							"pivot": [-6.025, 13.36247, -27.89035],
							"rotation": [-25, 0, 0],
							"uv": {
								"north": {"uv": [12, 27], "uv_size": [-2, 21]},
								"east": {"uv": [12, 27], "uv_size": [-2, 21]},
								"south": {"uv": [12, 27], "uv_size": [-2, 21]},
								"west": {"uv": [12, 27], "uv_size": [-2, 21]},
								"up": {"uv": [10, 48], "uv_size": [2, -21]},
								"down": {"uv": [10, 48], "uv_size": [2, -1]}
							}
						},
						{
							"origin": [-6.0875, 12.82449, -24.22408],
							"size": [0.125, 0.65, 0.6],
							"pivot": [-6.0875, 16.69403, -25.56777],
							"rotation": [-45, 0, 0],
							"uv": {
								"north": {"uv": [12, 27], "uv_size": [-2, 21]},
								"east": {"uv": [12, 27], "uv_size": [-2, 21]},
								"south": {"uv": [12, 27], "uv_size": [-2, 21]},
								"west": {"uv": [12, 27], "uv_size": [-2, 21]},
								"up": {"uv": [10, 48], "uv_size": [2, -21]},
								"down": {"uv": [10, 48], "uv_size": [2, -1]}
							}
						},
						{
							"origin": [-6.0875, 13.28273, -27.32881],
							"size": [0.125, 0.65, 0.9],
							"pivot": [-6.025, 13.60773, -27.02881],
							"rotation": [-90, 0, 0],
							"uv": {
								"north": {"uv": [12, 27], "uv_size": [-2, 21]},
								"east": {"uv": [12, 27], "uv_size": [-2, 21]},
								"south": {"uv": [12, 27], "uv_size": [-2, 21]},
								"west": {"uv": [12, 27], "uv_size": [-2, 21]},
								"up": {"uv": [10, 48], "uv_size": [2, -21]},
								"down": {"uv": [10, 48], "uv_size": [2, -1]}
							}
						},
						{
							"origin": [-6.15, 12.8, -26.8],
							"size": [0.25, 1.1, 19.6],
							"uv": {
								"north": {"uv": [3, 28], "uv_size": [-2, 19]},
								"east": {"uv": [3, 28], "uv_size": [-2, 19]},
								"south": {"uv": [3, 28], "uv_size": [-2, 19]},
								"west": {"uv": [3, 28], "uv_size": [-2, 19]},
								"up": {"uv": [1, 47], "uv_size": [2, -19]},
								"down": {"uv": [1, 47], "uv_size": [2, -19]}
							}
						},
						{
							"origin": [-8, 11, -7.9],
							"size": [4, 4, 0],
							"uv": {
								"north": {"uv": [35, 35], "uv_size": [-13, 13]},
								"east": {"uv": [48, 0], "uv_size": [0, 0]},
								"south": {"uv": [48, 0], "uv_size": [0, 0]},
								"west": {"uv": [48, 0], "uv_size": [0, 0]},
								"up": {"uv": [48, 0], "uv_size": [0, 0]},
								"down": {"uv": [48, 0], "uv_size": [0, 0]}
							}
						}
					]
				}
			]
		}
	]
}