{
  "format_version": "1.10.0",
  "particle_effect": {
    "description": {
      "identifier": "wesl3y:charge_jet_burncrem",
      "basic_render_parameters": {
        "material": "particles_add",
        "texture": "textures/particle/particles1"
      }
    },
    "components": {
      "minecraft:emitter_rate_instant": {
        "num_particles": 20
      },
      "minecraft:emitter_lifetime_once": {
        "active_time": 1
      },
      "minecraft:emitter_shape_sphere": {
        "offset": [0, 0, 0],
        "radius": 1.25,
        "surface_only": true,
        "direction": "inwards"
      },
      "minecraft:particle_lifetime_expression": {
        "max_lifetime": "Math.random(0.5, 1.0)"
      },
      "minecraft:particle_initial_spin": {
        "rotation": "Math.random(0, 360)"
      },
      "minecraft:particle_initial_speed": 3,
      "minecraft:particle_motion_dynamic": {
        "linear_acceleration": [0, 0, 0],
        "linear_drag_coefficient": 1
      },
      "minecraft:particle_appearance_billboard": {
        "size": [0.25, 0.25],
        "facing_camera_mode": "lookat_xyz",
        "uv": {
          "texture_width": 64,
          "texture_height": 8,
          "flipbook": {
            "base_UV": [0, 0],
            "size_UV": [8, 8],
            "step_UV": [8, 0],
            "frames_per_second": 8,
            "max_frame": 8,
            "stretch_to_lifetime": true
          }
        }
      },
      "minecraft:particle_appearance_tinting": {
        "color": [0, "Math.clamp(variable.particle_random_1 * 0.75 + 0.25, 0, 1)", "Math.clamp(variable.particle_random_1 * 0.5 + 1.0, 0, 1)", 0.75]
      }
    }
  }
}