{
  "format_version": "1.10.0",
  "particle_effect": {
    "description": {
      "identifier": "wesl3y:flashfire_fistCrem4",
      "basic_render_parameters": {
        "material": "particles_add",
        "texture": "textures/particle/particles1"
      }
    },
    "components": {
      "minecraft:emitter_rate_instant": {
        "num_particles": 200
      },
      "minecraft:emitter_lifetime_once": {
        "active_time": 1
      },
      "minecraft:emitter_shape_sphere": {
        "offset": [0, 0, 0],
        "radius": 6.0,
        "surface_only": true,
        "direction": "outwards"
      },
      "minecraft:particle_lifetime_expression": {
        "max_lifetime": "math.random(1.25, 1.75)"
      },
      "minecraft:particle_initial_spin": {
        "rotation_rate": 360
      },
      "minecraft:particle_initial_speed": 0,
      "minecraft:particle_motion_dynamic": {},
      "minecraft:particle_appearance_billboard": {
        "size": [0.6, 0.6],
        "facing_camera_mode": "lookat_xyz",
        "uv": {
          "texture_width": 64,
          "texture_height": 8,
          "flipbook": {
            "base_UV": [0, 0],
            "size_UV": [8, 8],
            "step_UV": [8, 0],
            "frames_per_second": 8,
            "max_frame": 8,
            "loop": false
          }
        }
      },
      "minecraft:particle_appearance_tinting": {
        "color": [0, "Math.clamp(variable.particle_random_1 * 0.75 + 0.25, 0, 1)", "Math.clamp(variable.particle_random_1 * 0.5 + 1.0, 0, 1)", 0.75]
      }
    }
  }
}