{
  "format_version": "1.10.0",
  "particle_effect": {
    "description": {
      "identifier": "wesl3y:jet_burncrem3",
      "basic_render_parameters": {
        "material": "particles_add",
        "texture": "textures/particle/particles2"
      }
    },
    "components": {
      "minecraft:emitter_rate_instant": {
        "num_particles": 1
      },
      "minecraft:emitter_lifetime_once": {
        "active_time": 1
      },
      "minecraft:emitter_shape_point": {},
      "minecraft:particle_lifetime_expression": {
        "max_lifetime": "math.random(0.75, 1.0)"
      },
      "minecraft:particle_initial_spin": {
        "rotation_rate": "math.random(720, -720)"
      },
      "minecraft:particle_initial_speed": 0,
      "minecraft:particle_motion_dynamic": {},
      "minecraft:particle_appearance_billboard": {
        "size": ["1.5 + (2.5 * variable.particle_age)", "1.5 + (2.5 * variable.particle_age)"],
        "facing_camera_mode": "lookat_xyz",
        "uv": {
          "texture_width": 80,
          "texture_height": 8,
          "flipbook": {
            "base_UV": [0, 0],
            "size_UV": [8, 8],
            "step_UV": [8, 0],
            "frames_per_second": 1,
            "max_frame": 8,
            "stretch_to_lifetime": true
          }
        }
      },
      "minecraft:particle_appearance_tinting": {
        "color": [0, "Math.clamp(variable.particle_random_1 * 0.75 + 0.25, 0, 1)", "Math.clamp(variable.particle_random_1 * 0.5 + 1.0, 0, 1)", 0.75]
      }
    }
  }
}