{
	"format_version": "1.12.0",
	"minecraft:geometry": [
		{
			"description": {
				"identifier": "geometry.dragon_hybrid",
				"texture_width": 128,
				"texture_height": 128,
				"visible_bounds_width": 8,
				"visible_bounds_height": 4.5,
				"visible_bounds_offset": [0, 1.75, 0]
			},
			"bones": [
				{
					"name": "root2",
					"pivot": [0, 0, 0]
				},
				{
					"name": "root",
					"parent": "root2",
					"pivot": [0, 0, 0]
				},
				{
					"name": "tudo",
					"parent": "root",
					"pivot": [0, 12, 0]
				},
				{
					"name": "waist",
					"parent": "tudo",
					"pivot": [0, 19, 0]
				},
				{
					"name": "body",
					"parent": "waist",
					"pivot": [0, 28, 0],
					"cubes": [
						{
							"origin": [-5.75, 20, -2.75],
							"size": [11.5, 8, 6.5],
							"inflate": 0.025,
							"uv": {
								"north": {"uv": [30, 37], "uv_size": [11, 8]},
								"east": {"uv": [24, 37], "uv_size": [6, 8]},
								"south": {"uv": [47, 37], "uv_size": [11, 8]},
								"west": {"uv": [41, 37], "uv_size": [6, 8]},
								"up": {"uv": [30, 31], "uv_size": [11, 6]},
								"down": {"uv": [41, 37], "uv_size": [11, -6]}
							}
						},
						{
							"origin": [-7.25, 24.5, -1.75],
							"size": [1.5, 3.5, 4.5],
							"pivot": [-6.75, 26.25, 0.5],
							"rotation": [0, 0, -10],
							"uv": {
								"north": {"uv": [65, 36], "uv_size": [1, 3]},
								"east": {"uv": [61, 36], "uv_size": [4, 3]},
								"south": {"uv": [70, 36], "uv_size": [1, 3]},
								"west": {"uv": [66, 36], "uv_size": [4, 3]},
								"up": {"uv": [65, 32], "uv_size": [1, 4]},
								"down": {"uv": [66, 36], "uv_size": [1, -4]}
							}
						},
						{
							"origin": [5.75, 24.5, -1.75],
							"size": [1.5, 3.5, 4.5],
							"pivot": [6.75, 26.25, 0.5],
							"rotation": [0, 0, 10],
							"uv": {
								"north": {"uv": [64, 42], "uv_size": [-1, 3]},
								"east": {"uv": [68, 42], "uv_size": [-4, 3]},
								"south": {"uv": [69, 42], "uv_size": [-1, 3]},
								"west": {"uv": [63, 42], "uv_size": [-4, 3]},
								"up": {"uv": [64, 38], "uv_size": [-1, 4]},
								"down": {"uv": [65, 42], "uv_size": [-1, -4]}
							}
						},
						{
							"origin": [-8, 28, -3.5],
							"size": [16, 9, 8],
							"inflate": 0.525,
							"uv": {
								"north": {"uv": [32.5, 22], "uv_size": [16, 9]},
								"east": {"uv": [24.5, 22], "uv_size": [8, 9]},
								"south": {"uv": [56.5, 22], "uv_size": [16, 9]},
								"west": {"uv": [48.5, 22], "uv_size": [8, 9]},
								"up": {"uv": [32.5, 14], "uv_size": [16, 8]},
								"down": {"uv": [48.5, 22], "uv_size": [16, -8]}
							}
						},
						{
							"origin": [-8.5, 28.75, -4.5],
							"size": [8, 7.5, 1],
							"inflate": 0.1,
							"pivot": [-3.5, 32.375, -3.5],
							"rotation": [0, 2.5, 0],
							"uv": {
								"north": {"uv": [19, 46], "uv_size": [8, 7]},
								"east": {"uv": [18, 46], "uv_size": [1, 7]},
								"south": {"uv": [28, 46], "uv_size": [8, 7]},
								"west": {"uv": [27, 46], "uv_size": [1, 7]},
								"up": {"uv": [19, 45], "uv_size": [8, 1]},
								"down": {"uv": [27, 46], "uv_size": [8, -1]}
							}
						},
						{
							"origin": [0.5, 28.75, -4.5],
							"size": [8, 7.5, 1],
							"inflate": 0.1,
							"pivot": [3.5, 32.375, -3.5],
							"rotation": [0, -2.5, 0],
							"uv": {
								"north": {"uv": [27, 46], "uv_size": [-8, 7]},
								"east": {"uv": [28, 46], "uv_size": [-1, 7]},
								"south": {"uv": [36, 46], "uv_size": [-8, 7]},
								"west": {"uv": [19, 46], "uv_size": [-1, 7]},
								"up": {"uv": [27, 45], "uv_size": [-8, 1]},
								"down": {"uv": [35, 46], "uv_size": [-8, -1]}
							}
						},
						{
							"origin": [-5, 37, -3],
							"size": [10, 1, 6.5],
							"inflate": 0.025,
							"uv": {
								"north": {"uv": [34, 11], "uv_size": [10, 1]},
								"east": {"uv": [28, 11], "uv_size": [6, 1]},
								"south": {"uv": [50, 11], "uv_size": [10, 1]},
								"west": {"uv": [44, 11], "uv_size": [6, 1]},
								"up": {"uv": [34, 5], "uv_size": [10, 6]},
								"down": {"uv": [44, 11], "uv_size": [10, -6]}
							}
						}
					]
				},
				{
					"name": "head",
					"parent": "body",
					"pivot": [0, 38, 0],
					"cubes": [
						{
							"origin": [-3.75, 38, -4],
							"size": [7.5, 7.5, 7.5],
							"inflate": 0.025,
							"uv": {
								"north": {"uv": [7, 7], "uv_size": [7, 7]},
								"east": {"uv": [0, 7], "uv_size": [7, 7]},
								"south": {"uv": [21, 7], "uv_size": [7, 7]},
								"west": {"uv": [14, 7], "uv_size": [7, 7]},
								"up": {"uv": [7, 0], "uv_size": [7, 7]},
								"down": {"uv": [14, 7], "uv_size": [7, -7]}
							}
						}
					],
					"locators": {
						"boro_breath2": [0, 38, -5]
					}
				},
				{
					"name": "rightHorn",
					"parent": "head",
					"pivot": [-2, 44.4375, -0.5],
					"rotation": [-32.5, 0, -7.5],
					"cubes": [
						{
							"origin": [-2.5, 46.5, -1.25],
							"size": [1.25, 3.5, 1.25],
							"uv": {
								"north": {"uv": [23, 1], "uv_size": [1, 3]},
								"east": {"uv": [22, 1], "uv_size": [1, 3]},
								"south": {"uv": [25, 1], "uv_size": [1, 3]},
								"west": {"uv": [24, 1], "uv_size": [1, 3]},
								"up": {"uv": [23, 0], "uv_size": [1, 1]},
								"down": {"uv": [24, 1], "uv_size": [1, -1]}
							}
						},
						{
							"origin": [-3, 44.5, -1.5],
							"size": [2, 2, 2],
							"uv": {
								"north": {"uv": [2, 126], "uv_size": [2, 2]},
								"east": {"uv": [0, 126], "uv_size": [2, 2]},
								"south": {"uv": [6, 126], "uv_size": [2, 2]},
								"west": {"uv": [4, 126], "uv_size": [2, 2]},
								"up": {"uv": [2, 124], "uv_size": [2, 2]},
								"down": {"uv": [4, 126], "uv_size": [2, -2]}
							}
						},
						{
							"origin": [-2.5, 50, -1.25],
							"size": [1.25, 4.5, 1.25],
							"pivot": [-1.875, 50, -0.625],
							"rotation": [0, 0, 7.5],
							"uv": {
								"north": {"uv": [3, 1], "uv_size": [1, 4]},
								"east": {"uv": [2, 1], "uv_size": [1, 4]},
								"south": {"uv": [5, 1], "uv_size": [1, 4]},
								"west": {"uv": [4, 1], "uv_size": [1, 4]},
								"up": {"uv": [3, 0], "uv_size": [1, 1]},
								"down": {"uv": [4, 1], "uv_size": [1, -1]}
							}
						}
					]
				},
				{
					"name": "rightHorn_2",
					"parent": "rightHorn",
					"pivot": [-2.25, 49.625, -0.5],
					"rotation": [0, 0, -27.5],
					"cubes": [
						{
							"origin": [-3.90004, 48.11956, -1.2173],
							"size": [1.25, 4, 1.25],
							"inflate": -0.01,
							"pivot": [-2.8135, 51.72965, -0.5],
							"rotation": [0, 0, -7.5],
							"uv": {
								"north": {"uv": [3, 1], "uv_size": [1, 4]},
								"east": {"uv": [2, 1], "uv_size": [1, 4]},
								"south": {"uv": [5, 1], "uv_size": [1, 4]},
								"west": {"uv": [4, 1], "uv_size": [1, 4]},
								"up": {"uv": [3, 0], "uv_size": [1, 1]},
								"down": {"uv": [4, 1], "uv_size": [1, -1]}
							}
						}
					]
				},
				{
					"name": "rightHorn2",
					"parent": "head",
					"pivot": [-2.75, 42, -0.75],
					"rotation": [-2.5, 2.5, -10],
					"cubes": [
						{
							"origin": [-11.5, 41, -1.75],
							"size": [5.25, 2, 2],
							"inflate": 0.15,
							"uv": {
								"north": {"uv": [46, 2], "uv_size": [5, 2]},
								"east": {"uv": [44, 2], "uv_size": [2, 2]},
								"south": {"uv": [53, 2], "uv_size": [5, 2]},
								"west": {"uv": [51, 2], "uv_size": [2, 2]},
								"up": {"uv": [46, 0], "uv_size": [5, 2]},
								"down": {"uv": [51, 2], "uv_size": [5, -2]}
							}
						},
						{
							"origin": [-13.75, 45.375, -1.75],
							"size": [1.75, 4, 1.75],
							"pivot": [-12.875, 47.375, -0.875],
							"rotation": [0, 0, 27.5],
							"uv": {
								"north": {"uv": [3, 1], "uv_size": [1, 4]},
								"east": {"uv": [2, 1], "uv_size": [1, 4]},
								"south": {"uv": [5, 1], "uv_size": [1, 4]},
								"west": {"uv": [4, 1], "uv_size": [1, 4]},
								"up": {"uv": [3, 0], "uv_size": [1, 1]},
								"down": {"uv": [4, 1], "uv_size": [1, -1]}
							}
						},
						{
							"origin": [-14.58166, 43.9344, -1.7369],
							"size": [5.25, 2, 2],
							"inflate": 0.1,
							"pivot": [-13, 44.75, -0.875],
							"rotation": [0, 0, 57.5],
							"uv": {
								"north": {"uv": [46, 2], "uv_size": [5, 2]},
								"east": {"uv": [44, 2], "uv_size": [2, 2]},
								"south": {"uv": [53, 2], "uv_size": [5, 2]},
								"west": {"uv": [51, 2], "uv_size": [2, 2]},
								"up": {"uv": [46, 0], "uv_size": [5, 2]},
								"down": {"uv": [51, 2], "uv_size": [5, -2]}
							}
						},
						{
							"origin": [-6.25, 40.75, -2],
							"size": [2.5, 2.5, 2.5],
							"inflate": 0.1,
							"uv": {
								"north": {"uv": [2, 126], "uv_size": [2, 2]},
								"east": {"uv": [0, 126], "uv_size": [2, 2]},
								"south": {"uv": [6, 126], "uv_size": [2, 2]},
								"west": {"uv": [4, 126], "uv_size": [2, 2]},
								"up": {"uv": [2, 124], "uv_size": [2, 2]},
								"down": {"uv": [4, 126], "uv_size": [2, -2]}
							}
						},
						{
							"origin": [-12, 48.75, -1.625],
							"size": [0.75, 3, 1.5],
							"uv": {
								"north": {"uv": [1, 0], "uv_size": [0, 3]},
								"east": {"uv": [0, 0], "uv_size": [1, 3]},
								"south": {"uv": [2, 0], "uv_size": [0, 3]},
								"west": {"uv": [1, 0], "uv_size": [1, 3]},
								"up": {"uv": [1, -1], "uv_size": [0, 1]},
								"down": {"uv": [1, 0], "uv_size": [0, -1]}
							}
						},
						{
							"origin": [-12.75, 49, -1.5],
							"size": [0.75, 2.5, 1.25],
							"pivot": [-12.5, 49.5, -0.875],
							"rotation": [0, 0, 20],
							"uv": {
								"north": {"uv": [1, 0], "uv_size": [0, 2]},
								"east": {"uv": [0, 0], "uv_size": [1, 2]},
								"south": {"uv": [2, 0], "uv_size": [0, 2]},
								"west": {"uv": [1, 0], "uv_size": [1, 2]},
								"up": {"uv": [1, -1], "uv_size": [0, 1]},
								"down": {"uv": [1, 0], "uv_size": [0, -1]}
							}
						}
					]
				},
				{
					"name": "leftHorn",
					"parent": "head",
					"pivot": [2, 44.4375, -0.5],
					"rotation": [-32.5, 0, 7.5],
					"cubes": [
						{
							"origin": [1.25, 46.5, -1.25],
							"size": [1.25, 3.5, 1.25],
							"uv": {
								"north": {"uv": [24, 1], "uv_size": [-1, 3]},
								"east": {"uv": [25, 1], "uv_size": [-1, 3]},
								"south": {"uv": [26, 1], "uv_size": [-1, 3]},
								"west": {"uv": [23, 1], "uv_size": [-1, 3]},
								"up": {"uv": [24, 0], "uv_size": [-1, 1]},
								"down": {"uv": [25, 1], "uv_size": [-1, -1]}
							}
						},
						{
							"origin": [1, 44.5, -1.5],
							"size": [2, 2, 2],
							"uv": {
								"north": {"uv": [4, 126], "uv_size": [-2, 2]},
								"east": {"uv": [6, 126], "uv_size": [-2, 2]},
								"south": {"uv": [8, 126], "uv_size": [-2, 2]},
								"west": {"uv": [2, 126], "uv_size": [-2, 2]},
								"up": {"uv": [4, 124], "uv_size": [-2, 2]},
								"down": {"uv": [6, 126], "uv_size": [-2, -2]}
							}
						},
						{
							"origin": [1.25, 50, -1.25],
							"size": [1.25, 4.5, 1.25],
							"pivot": [1.875, 50, -0.625],
							"rotation": [0, 0, -7.5],
							"uv": {
								"north": {"uv": [4, 1], "uv_size": [-1, 4]},
								"east": {"uv": [5, 1], "uv_size": [-1, 4]},
								"south": {"uv": [6, 1], "uv_size": [-1, 4]},
								"west": {"uv": [3, 1], "uv_size": [-1, 4]},
								"up": {"uv": [4, 0], "uv_size": [-1, 1]},
								"down": {"uv": [5, 1], "uv_size": [-1, -1]}
							}
						}
					]
				},
				{
					"name": "leftHorn_2",
					"parent": "leftHorn",
					"pivot": [2.25, 49.625, -0.5],
					"rotation": [0, 0, 27.5],
					"cubes": [
						{
							"origin": [2.65004, 48.11956, -1.2173],
							"size": [1.25, 4, 1.25],
							"inflate": -0.01,
							"pivot": [2.8135, 51.72965, -0.5],
							"rotation": [0, 0, 7.5],
							"uv": {
								"north": {"uv": [4, 1], "uv_size": [-1, 4]},
								"east": {"uv": [5, 1], "uv_size": [-1, 4]},
								"south": {"uv": [6, 1], "uv_size": [-1, 4]},
								"west": {"uv": [3, 1], "uv_size": [-1, 4]},
								"up": {"uv": [4, 0], "uv_size": [-1, 1]},
								"down": {"uv": [5, 1], "uv_size": [-1, -1]}
							}
						}
					]
				},
				{
					"name": "leftHorn2",
					"parent": "head",
					"pivot": [2.75, 42, -0.75],
					"rotation": [-2.5, -2.5, 10],
					"cubes": [
						{
							"origin": [6.25, 41, -1.75],
							"size": [5.25, 2, 2],
							"inflate": 0.15,
							"uv": {
								"north": {"uv": [51, 2], "uv_size": [-5, 2]},
								"east": {"uv": [53, 2], "uv_size": [-2, 2]},
								"south": {"uv": [58, 2], "uv_size": [-5, 2]},
								"west": {"uv": [46, 2], "uv_size": [-2, 2]},
								"up": {"uv": [51, 0], "uv_size": [-5, 2]},
								"down": {"uv": [56, 2], "uv_size": [-5, -2]}
							}
						},
						{
							"origin": [12, 45.375, -1.75],
							"size": [1.75, 4, 1.75],
							"pivot": [12.875, 47.375, -0.875],
							"rotation": [0, 0, -27.5],
							"uv": {
								"north": {"uv": [4, 1], "uv_size": [-1, 4]},
								"east": {"uv": [5, 1], "uv_size": [-1, 4]},
								"south": {"uv": [6, 1], "uv_size": [-1, 4]},
								"west": {"uv": [3, 1], "uv_size": [-1, 4]},
								"up": {"uv": [4, 0], "uv_size": [-1, 1]},
								"down": {"uv": [5, 1], "uv_size": [-1, -1]}
							}
						},
						{
							"origin": [9.33166, 43.9344, -1.7369],
							"size": [5.25, 2, 2],
							"inflate": 0.1,
							"pivot": [13, 44.75, -0.875],
							"rotation": [0, 0, -57.5],
							"uv": {
								"north": {"uv": [51, 2], "uv_size": [-5, 2]},
								"east": {"uv": [53, 2], "uv_size": [-2, 2]},
								"south": {"uv": [58, 2], "uv_size": [-5, 2]},
								"west": {"uv": [46, 2], "uv_size": [-2, 2]},
								"up": {"uv": [51, 0], "uv_size": [-5, 2]},
								"down": {"uv": [56, 2], "uv_size": [-5, -2]}
							}
						},
						{
							"origin": [3.75, 40.75, -2],
							"size": [2.5, 2.5, 2.5],
							"inflate": 0.1,
							"uv": {
								"north": {"uv": [4, 126], "uv_size": [-2, 2]},
								"east": {"uv": [6, 126], "uv_size": [-2, 2]},
								"south": {"uv": [8, 126], "uv_size": [-2, 2]},
								"west": {"uv": [2, 126], "uv_size": [-2, 2]},
								"up": {"uv": [4, 124], "uv_size": [-2, 2]},
								"down": {"uv": [6, 126], "uv_size": [-2, -2]}
							}
						},
						{
							"origin": [11.25, 48.75, -1.625],
							"size": [0.75, 3, 1.5],
							"uv": {
								"north": {"uv": [1, 0], "uv_size": [0, 3]},
								"east": {"uv": [2, 0], "uv_size": [-1, 3]},
								"south": {"uv": [2, 0], "uv_size": [0, 3]},
								"west": {"uv": [1, 0], "uv_size": [-1, 3]},
								"up": {"uv": [1, -1], "uv_size": [0, 1]},
								"down": {"uv": [1, 0], "uv_size": [0, -1]}
							}
						},
						{
							"origin": [12, 49, -1.5],
							"size": [0.75, 2.5, 1.25],
							"pivot": [12.5, 49.5, -0.875],
							"rotation": [0, 0, -20],
							"uv": {
								"north": {"uv": [1, 0], "uv_size": [0, 2]},
								"east": {"uv": [2, 0], "uv_size": [-1, 2]},
								"south": {"uv": [2, 0], "uv_size": [0, 2]},
								"west": {"uv": [1, 0], "uv_size": [-1, 2]},
								"up": {"uv": [1, -1], "uv_size": [0, 1]},
								"down": {"uv": [1, 0], "uv_size": [0, -1]}
							}
						}
					]
				},
				{
					"name": "rightArm",
					"parent": "body",
					"pivot": [-8.5, 35, 0],
					"cubes": [
						{
							"origin": [-14, 30.5, -3],
							"size": [6, 7, 6],
							"pivot": [-14, 32, 0],
							"rotation": [0, 0, 5],
							"uv": {
								"north": {"uv": [79, 12], "uv_size": [6, 7]},
								"east": {"uv": [73, 12], "uv_size": [6, 7]},
								"south": {"uv": [91, 12], "uv_size": [6, 7]},
								"west": {"uv": [85, 12], "uv_size": [6, 7]},
								"up": {"uv": [79, 6], "uv_size": [6, 6]},
								"down": {"uv": [85, 12], "uv_size": [6, -6]}
							}
						},
						{
							"origin": [-14.5, 24, -3.5],
							"size": [7, 6.5, 7],
							"uv": {
								"north": {"uv": [81, 26], "uv_size": [7, 6]},
								"east": {"uv": [74, 26], "uv_size": [7, 6]},
								"south": {"uv": [95, 26], "uv_size": [7, 6]},
								"west": {"uv": [88, 26], "uv_size": [7, 6]},
								"up": {"uv": [81, 19], "uv_size": [7, 7]},
								"down": {"uv": [88, 26], "uv_size": [7, -7]}
							}
						}
					]
				},
				{
					"name": "rightForeArm",
					"parent": "rightArm",
					"pivot": [-10.5, 27, 0],
					"cubes": [
						{
							"origin": [-13.5, 17, -2.5],
							"size": [5, 7, 5],
							"inflate": 0.2,
							"uv": {
								"north": {"uv": [81, 37], "uv_size": [5, 7]},
								"east": {"uv": [76, 37], "uv_size": [5, 7]},
								"south": {"uv": [91, 37], "uv_size": [5, 7]},
								"west": {"uv": [86, 37], "uv_size": [5, 7]},
								"up": {"uv": [81, 32], "uv_size": [5, 5]},
								"down": {"uv": [86, 37], "uv_size": [5, -5]}
							}
						}
					]
				},
				{
					"name": "leftArm",
					"parent": "body",
					"pivot": [8.5, 35, 0],
					"cubes": [
						{
							"origin": [8, 30.5, -3],
							"size": [6, 7, 6],
							"pivot": [14, 32, 0],
							"rotation": [0, 0, -5],
							"uv": {
								"north": {"uv": [85, 12], "uv_size": [-6, 7]},
								"east": {"uv": [91, 12], "uv_size": [-6, 7]},
								"south": {"uv": [97, 12], "uv_size": [-6, 7]},
								"west": {"uv": [79, 12], "uv_size": [-6, 7]},
								"up": {"uv": [85, 6], "uv_size": [-6, 6]},
								"down": {"uv": [91, 12], "uv_size": [-6, -6]}
							}
						},
						{
							"origin": [7.5, 24, -3.5],
							"size": [7, 6.5, 7],
							"uv": {
								"north": {"uv": [88, 26], "uv_size": [-7, 6]},
								"east": {"uv": [95, 26], "uv_size": [-7, 6]},
								"south": {"uv": [102, 26], "uv_size": [-7, 6]},
								"west": {"uv": [81, 26], "uv_size": [-7, 6]},
								"up": {"uv": [88, 19], "uv_size": [-7, 7]},
								"down": {"uv": [95, 26], "uv_size": [-7, -7]}
							}
						}
					]
				},
				{
					"name": "leftForeArm",
					"parent": "leftArm",
					"pivot": [10.5, 27, 0],
					"cubes": [
						{
							"origin": [8.5, 17, -2.5],
							"size": [5, 7, 5],
							"inflate": 0.2,
							"uv": {
								"north": {"uv": [86, 37], "uv_size": [-5, 7]},
								"east": {"uv": [91, 37], "uv_size": [-5, 7]},
								"south": {"uv": [96, 37], "uv_size": [-5, 7]},
								"west": {"uv": [81, 37], "uv_size": [-5, 7]},
								"up": {"uv": [86, 32], "uv_size": [-5, 5]},
								"down": {"uv": [91, 37], "uv_size": [-5, -5]}
							}
						}
					]
				},
				{
					"name": "tail",
					"parent": "body",
					"pivot": [0, 21.5, 2.75],
					"cubes": [
						{
							"origin": [-2.5, 20, 2.75],
							"size": [5, 4.25, 7],
							"uv": {
								"north": {"uv": [111, 7], "uv_size": [5, 4]},
								"east": {"uv": [104, 7], "uv_size": [7, 4]},
								"south": {"uv": [123, 7], "uv_size": [5, 4]},
								"west": {"uv": [116, 7], "uv_size": [7, 4]},
								"up": {"uv": [111, 0], "uv_size": [5, 7]},
								"down": {"uv": [116, 7], "uv_size": [5, -7]}
							}
						},
						{
							"origin": [0, 24, 2.75],
							"size": [0, 2.5, 7],
							"uv": {
								"north": {"uv": [36, 0], "uv_size": [0, 2]},
								"east": {"uv": [29, 0], "uv_size": [7, 2]},
								"south": {"uv": [43, 0], "uv_size": [0, 2]},
								"west": {"uv": [36, 0], "uv_size": [7, 2]},
								"up": {"uv": [36, -7], "uv_size": [0, 7]},
								"down": {"uv": [36, 0], "uv_size": [0, -7]}
							}
						}
					]
				},
				{
					"name": "tail1",
					"parent": "tail",
					"pivot": [0, 21.5, 9.75],
					"cubes": [
						{
							"origin": [-2.5, 20, 9.75],
							"size": [5, 4.25, 7],
							"uv": {
								"north": {"uv": [111, 7], "uv_size": [5, 4]},
								"east": {"uv": [104, 7], "uv_size": [7, 4]},
								"south": {"uv": [123, 7], "uv_size": [5, 4]},
								"west": {"uv": [116, 7], "uv_size": [7, 4]},
								"up": {"uv": [111, 0], "uv_size": [5, 7]},
								"down": {"uv": [116, 7], "uv_size": [5, -7]}
							}
						},
						{
							"origin": [0, 24, 9.75],
							"size": [0, 2.5, 7],
							"uv": {
								"north": {"uv": [36, 0], "uv_size": [0, 2]},
								"east": {"uv": [29, 0], "uv_size": [7, 2]},
								"south": {"uv": [43, 0], "uv_size": [0, 2]},
								"west": {"uv": [36, 0], "uv_size": [7, 2]},
								"up": {"uv": [36, -7], "uv_size": [0, 7]},
								"down": {"uv": [36, 0], "uv_size": [0, -7]}
							}
						}
					]
				},
				{
					"name": "tail2",
					"parent": "tail1",
					"pivot": [0, 21.5, 16.75],
					"cubes": [
						{
							"origin": [0, 23.75, 16.75],
							"size": [0, 2.5, 7],
							"uv": {
								"north": {"uv": [36, 0], "uv_size": [0, 2]},
								"east": {"uv": [29, 0], "uv_size": [7, 2]},
								"south": {"uv": [43, 0], "uv_size": [0, 2]},
								"west": {"uv": [36, 0], "uv_size": [7, 2]},
								"up": {"uv": [36, -7], "uv_size": [0, 7]},
								"down": {"uv": [36, 0], "uv_size": [0, -7]}
							}
						},
						{
							"origin": [-2, 20.5, 16.75],
							"size": [4, 3.25, 7],
							"uv": {
								"north": {"uv": [113, 18], "uv_size": [4, 3]},
								"east": {"uv": [106, 18], "uv_size": [7, 3]},
								"south": {"uv": [124, 18], "uv_size": [4, 3]},
								"west": {"uv": [117, 18], "uv_size": [7, 3]},
								"up": {"uv": [113, 11], "uv_size": [4, 7]},
								"down": {"uv": [117, 18], "uv_size": [4, -7]}
							}
						}
					]
				},
				{
					"name": "tail3",
					"parent": "tail2",
					"pivot": [0, 21.5, 23.75],
					"cubes": [
						{
							"origin": [0, 23.75, 23.75],
							"size": [0, 2.5, 7],
							"uv": {
								"north": {"uv": [36, 0], "uv_size": [0, 2]},
								"east": {"uv": [29, 0], "uv_size": [7, 2]},
								"south": {"uv": [43, 0], "uv_size": [0, 2]},
								"west": {"uv": [36, 0], "uv_size": [7, 2]},
								"up": {"uv": [36, -7], "uv_size": [0, 7]},
								"down": {"uv": [36, 0], "uv_size": [0, -7]}
							}
						},
						{
							"origin": [-1.5, 20.5, 23.75],
							"size": [3, 3.25, 7],
							"uv": {
								"north": {"uv": [115, 28], "uv_size": [3, 3]},
								"east": {"uv": [108, 28], "uv_size": [7, 3]},
								"south": {"uv": [125, 28], "uv_size": [3, 3]},
								"west": {"uv": [118, 28], "uv_size": [7, 3]},
								"up": {"uv": [115, 21], "uv_size": [3, 7]},
								"down": {"uv": [118, 28], "uv_size": [3, -7]}
							}
						}
					]
				},
				{
					"name": "tail4",
					"parent": "tail3",
					"pivot": [0, 21.5, 30.75],
					"cubes": [
						{
							"origin": [0, 23.75, 30.75],
							"size": [0, 2.5, 7],
							"uv": {
								"north": {"uv": [36, 0], "uv_size": [0, 2]},
								"east": {"uv": [29, 0], "uv_size": [7, 2]},
								"south": {"uv": [43, 0], "uv_size": [0, 2]},
								"west": {"uv": [36, 0], "uv_size": [7, 2]},
								"up": {"uv": [36, -7], "uv_size": [0, 7]},
								"down": {"uv": [36, 0], "uv_size": [0, -7]}
							}
						},
						{
							"origin": [-1.5, 20.5, 30.75],
							"size": [3, 3.25, 7],
							"uv": {
								"north": {"uv": [115, 28], "uv_size": [3, 3]},
								"east": {"uv": [108, 28], "uv_size": [7, 3]},
								"south": {"uv": [125, 28], "uv_size": [3, 3]},
								"west": {"uv": [118, 28], "uv_size": [7, 3]},
								"up": {"uv": [115, 21], "uv_size": [3, 7]},
								"down": {"uv": [118, 28], "uv_size": [3, -7]}
							}
						}
					]
				},
				{
					"name": "tail5",
					"parent": "tail4",
					"pivot": [0, 21.5, 37.75],
					"cubes": [
						{
							"origin": [-1, 21, 37.75],
							"size": [2, 2.25, 7],
							"uv": {
								"north": {"uv": [117, 38], "uv_size": [2, 2]},
								"east": {"uv": [110, 38], "uv_size": [7, 2]},
								"south": {"uv": [126, 38], "uv_size": [2, 2]},
								"west": {"uv": [119, 38], "uv_size": [7, 2]},
								"up": {"uv": [117, 31], "uv_size": [2, 7]},
								"down": {"uv": [119, 38], "uv_size": [2, -7]}
							}
						},
						{
							"origin": [0, 22, 36.5],
							"size": [0, 12.5, 8.5],
							"pivot": [0, 22.875, 40.625],
							"rotation": [-90, 0, 0],
							"uv": {
								"north": {"uv": [120, 40], "uv_size": [0, 12]},
								"east": {"uv": [112, 40], "uv_size": [8, 12]},
								"south": {"uv": [128, 40], "uv_size": [0, 12]},
								"west": {"uv": [120, 40], "uv_size": [8, 12]},
								"up": {"uv": [120, 32], "uv_size": [0, 8]},
								"down": {"uv": [120, 40], "uv_size": [0, -8]}
							}
						}
					]
				},
				{
					"name": "rightLeg",
					"parent": "tudo",
					"pivot": [-4, 18.5, 0]
				},
				{
					"name": "rightForeLeg",
					"parent": "rightLeg",
					"pivot": [-4, 11, -3],
					"cubes": [
						{
							"origin": [-6.5, 4.90139, -1.38697],
							"size": [5, 8, 4],
							"pivot": [-4, 9.15139, 0.11303],
							"rotation": [55, 0, 0],
							"uv": {
								"north": {"uv": [4, 33], "uv_size": [5, 8]},
								"east": {"uv": [0, 33], "uv_size": [4, 8]},
								"south": {"uv": [13, 33], "uv_size": [5, 8]},
								"west": {"uv": [9, 33], "uv_size": [4, 8]},
								"up": {"uv": [4, 29], "uv_size": [5, 4]},
								"down": {"uv": [9, 33], "uv_size": [5, -4]}
							}
						},
						{
							"origin": [-6, 1, -0.5],
							"size": [4, 7, 3],
							"pivot": [-3.75, 2, 2],
							"rotation": [-20, 0, 0],
							"uv": {
								"north": {"uv": [3, 44], "uv_size": [4, 7]},
								"east": {"uv": [0, 44], "uv_size": [3, 7]},
								"south": {"uv": [10, 44], "uv_size": [4, 7]},
								"west": {"uv": [7, 44], "uv_size": [3, 7]},
								"up": {"uv": [3, 41], "uv_size": [4, 3]},
								"down": {"uv": [7, 44], "uv_size": [4, -3]}
							}
						},
						{
							"origin": [-1.5, 0.25, -3.5],
							"size": [0, 1.5, 2.5],
							"pivot": [-1.5, 1, -2.5],
							"rotation": [5, -25, 0],
							"uv": {
								"north": {"uv": [2, 15], "uv_size": [0, 1]},
								"east": {"uv": [0, 15], "uv_size": [2, 1]},
								"south": {"uv": [4, 15], "uv_size": [0, 1]},
								"west": {"uv": [2, 15], "uv_size": [2, 1]},
								"up": {"uv": [2, 13], "uv_size": [0, 2]},
								"down": {"uv": [2, 15], "uv_size": [0, -2]}
							}
						},
						{
							"origin": [-2.5, 0.25, -6],
							"size": [0, 1.5, 2.5],
							"pivot": [-2, 1, -4],
							"rotation": [5, 0, 0],
							"uv": {
								"north": {"uv": [2, 15], "uv_size": [0, 1]},
								"east": {"uv": [0, 15], "uv_size": [2, 1]},
								"south": {"uv": [4, 15], "uv_size": [0, 1]},
								"west": {"uv": [2, 15], "uv_size": [2, 1]},
								"up": {"uv": [2, 13], "uv_size": [0, 2]},
								"down": {"uv": [2, 15], "uv_size": [0, -2]}
							}
						},
						{
							"origin": [-4, 0.25, -6.25],
							"size": [0, 1.5, 2.5],
							"pivot": [-5.5, 1, -4.25],
							"rotation": [7.5, 0, 0],
							"uv": {
								"north": {"uv": [2, 15], "uv_size": [0, 1]},
								"east": {"uv": [0, 15], "uv_size": [2, 1]},
								"south": {"uv": [4, 15], "uv_size": [0, 1]},
								"west": {"uv": [2, 15], "uv_size": [2, 1]},
								"up": {"uv": [2, 13], "uv_size": [0, 2]},
								"down": {"uv": [2, 15], "uv_size": [0, -2]}
							}
						},
						{
							"origin": [-5.5, 0.25, -6],
							"size": [0, 1.5, 2.5],
							"pivot": [-5.5, 1, -4],
							"rotation": [5, 0, 0],
							"uv": {
								"north": {"uv": [2, 15], "uv_size": [0, 1]},
								"east": {"uv": [0, 15], "uv_size": [2, 1]},
								"south": {"uv": [4, 15], "uv_size": [0, 1]},
								"west": {"uv": [2, 15], "uv_size": [2, 1]},
								"up": {"uv": [2, 13], "uv_size": [0, 2]},
								"down": {"uv": [2, 15], "uv_size": [0, -2]}
							}
						},
						{
							"origin": [-6.25, 0, -4.5],
							"size": [4.5, 2, 6],
							"uv": {
								"north": {"uv": [6, 57], "uv_size": [4, 2]},
								"east": {"uv": [0, 57], "uv_size": [6, 2]},
								"south": {"uv": [16, 57], "uv_size": [4, 2]},
								"west": {"uv": [10, 57], "uv_size": [6, 2]},
								"up": {"uv": [6, 51], "uv_size": [4, 6]},
								"down": {"uv": [10, 57], "uv_size": [4, -6]}
							}
						}
					]
				},
				{
					"name": "leftLeg",
					"parent": "tudo",
					"pivot": [4, 18.5, 0]
				},
				{
					"name": "leftForeLeg",
					"parent": "leftLeg",
					"pivot": [4, 11, -3],
					"cubes": [
						{
							"origin": [1.5, 4.90139, -1.38697],
							"size": [5, 8, 4],
							"pivot": [4, 9.15139, 0.11303],
							"rotation": [55, 0, 0],
							"uv": {
								"north": {"uv": [9, 33], "uv_size": [-5, 8]},
								"east": {"uv": [13, 33], "uv_size": [-4, 8]},
								"south": {"uv": [18, 33], "uv_size": [-5, 8]},
								"west": {"uv": [4, 33], "uv_size": [-4, 8]},
								"up": {"uv": [9, 29], "uv_size": [-5, 4]},
								"down": {"uv": [14, 33], "uv_size": [-5, -4]}
							}
						},
						{
							"origin": [2, 1, -0.5],
							"size": [4, 7, 3],
							"pivot": [3.75, 2, 2],
							"rotation": [-20, 0, 0],
							"uv": {
								"north": {"uv": [7, 44], "uv_size": [-4, 7]},
								"east": {"uv": [10, 44], "uv_size": [-3, 7]},
								"south": {"uv": [14, 44], "uv_size": [-4, 7]},
								"west": {"uv": [3, 44], "uv_size": [-3, 7]},
								"up": {"uv": [7, 41], "uv_size": [-4, 3]},
								"down": {"uv": [11, 44], "uv_size": [-4, -3]}
							}
						},
						{
							"origin": [1.5, 0.25, -3.5],
							"size": [0, 1.5, 2.5],
							"pivot": [1.5, 1, -2.5],
							"rotation": [5, 25, 0],
							"uv": {
								"north": {"uv": [2, 15], "uv_size": [0, 1]},
								"east": {"uv": [4, 15], "uv_size": [-2, 1]},
								"south": {"uv": [4, 15], "uv_size": [0, 1]},
								"west": {"uv": [2, 15], "uv_size": [-2, 1]},
								"up": {"uv": [2, 13], "uv_size": [0, 2]},
								"down": {"uv": [2, 15], "uv_size": [0, -2]}
							}
						},
						{
							"origin": [2.5, 0.25, -6],
							"size": [0, 1.5, 2.5],
							"pivot": [2, 1, -4],
							"rotation": [5, 0, 0],
							"uv": {
								"north": {"uv": [2, 15], "uv_size": [0, 1]},
								"east": {"uv": [4, 15], "uv_size": [-2, 1]},
								"south": {"uv": [4, 15], "uv_size": [0, 1]},
								"west": {"uv": [2, 15], "uv_size": [-2, 1]},
								"up": {"uv": [2, 13], "uv_size": [0, 2]},
								"down": {"uv": [2, 15], "uv_size": [0, -2]}
							}
						},
						{
							"origin": [4, 0.25, -6.25],
							"size": [0, 1.5, 2.5],
							"pivot": [5.5, 1, -4.25],
							"rotation": [7.5, 0, 0],
							"uv": {
								"north": {"uv": [2, 15], "uv_size": [0, 1]},
								"east": {"uv": [4, 15], "uv_size": [-2, 1]},
								"south": {"uv": [4, 15], "uv_size": [0, 1]},
								"west": {"uv": [2, 15], "uv_size": [-2, 1]},
								"up": {"uv": [2, 13], "uv_size": [0, 2]},
								"down": {"uv": [2, 15], "uv_size": [0, -2]}
							}
						},
						{
							"origin": [5.5, 0.25, -6],
							"size": [0, 1.5, 2.5],
							"pivot": [5.5, 1, -4],
							"rotation": [5, 0, 0],
							"uv": {
								"north": {"uv": [2, 15], "uv_size": [0, 1]},
								"east": {"uv": [4, 15], "uv_size": [-2, 1]},
								"south": {"uv": [4, 15], "uv_size": [0, 1]},
								"west": {"uv": [2, 15], "uv_size": [-2, 1]},
								"up": {"uv": [2, 13], "uv_size": [0, 2]},
								"down": {"uv": [2, 15], "uv_size": [0, -2]}
							}
						},
						{
							"origin": [1.75, 0, -4.5],
							"size": [4.5, 2, 6],
							"uv": {
								"north": {"uv": [10, 57], "uv_size": [-4, 2]},
								"east": {"uv": [16, 57], "uv_size": [-6, 2]},
								"south": {"uv": [20, 57], "uv_size": [-4, 2]},
								"west": {"uv": [6, 57], "uv_size": [-6, 2]},
								"up": {"uv": [10, 51], "uv_size": [-4, 6]},
								"down": {"uv": [14, 57], "uv_size": [-4, -6]}
							}
						}
					]
				}
			]
		}
	]
}