{
	"format_version": "1.12.0",
	"minecraft:geometry": [
		{
			"description": {
				"identifier": "geometry.dragon_complet",
				"texture_width": 128,
				"texture_height": 128,
				"visible_bounds_width": 67,
				"visible_bounds_height": 17,
				"visible_bounds_offset": [0, 1.5, 0]
			},
			"bones": [
				{
					"name": "root2",
					"pivot": [0, 0, 0]
				},
				{
					"name": "root",
					"parent": "root2",
					"pivot": [0, 0, 0]
				},
				{
					"name": "tudo",
					"parent": "root",
					"pivot": [0, 12, 0]
				},
				{
					"name": "tudoDragon",
					"parent": "tudo",
					"pivot": [0, 12, 0]
				},
				{
					"name": "waist",
					"parent": "tudoDragon",
					"pivot": [0, 12, 0]
				},
				{
					"name": "bodyDragon",
					"parent": "waist",
					"pivot": [0, 3, -8]
				},
				{
					"name": "headDragon",
					"parent": "bodyDragon",
					"pivot": [0, 3, -9.5],
					"cubes": [
						{
							"origin": [-4.5, 1.5, -16],
							"size": [9, 7.5, 8],
							"uv": {
								"north": {"uv": [110, 50], "uv_size": [18, -15]},
								"east": {"uv": [112, 94], "uv_size": [16, 15]},
								"south": {"uv": [110, 59], "uv_size": [18, 15]},
								"west": {"uv": [112, 94], "uv_size": [16, 15]},
								"up": {"uv": [110, 41], "uv_size": [18, 16]},
								"down": {"uv": [110, 92], "uv_size": [18, -16]}
							}
						},
						{
							"origin": [-5.75, 4.75, -16.01],
							"size": [5.5, 4, 0],
							"inflate": 0.1,
							"pivot": [-1.5, 6.25, -16],
							"rotation": [0, 0, 7.5],
							"uv": {
								"north": {"uv": [105, 112], "uv_size": [17, 14]},
								"east": {"uv": [128, 128], "uv_size": [0, 0]},
								"south": {"uv": [128, 128], "uv_size": [0, 0]},
								"west": {"uv": [128, 128], "uv_size": [0, 0]},
								"up": {"uv": [128, 128], "uv_size": [0, 0]},
								"down": {"uv": [128, 128], "uv_size": [0, 0]}
							}
						},
						{
							"origin": [0.25, 4.75, -16.01],
							"size": [5.5, 4, 0],
							"inflate": 0.1,
							"pivot": [1.5, 6.25, -16],
							"rotation": [0, 0, -7.5],
							"uv": {
								"north": {"uv": [122, 112], "uv_size": [-17, 14]},
								"east": {"uv": [128, 128], "uv_size": [0, 0]},
								"south": {"uv": [128, 128], "uv_size": [0, 0]},
								"west": {"uv": [128, 128], "uv_size": [0, 0]},
								"up": {"uv": [128, 128], "uv_size": [0, 0]},
								"down": {"uv": [128, 128], "uv_size": [0, 0]}
							}
						}
					],
					"locators": {
						"boro_breath": [0, 0, -21.5]
					}
				},
				{
					"name": "jaw",
					"parent": "headDragon",
					"pivot": [0, 3, -16],
					"cubes": [
						{
							"origin": [-6.5, -0.5, -17.26],
							"size": [13, 5, 4],
							"uv": {
								"north": {"uv": [52, 118], "uv_size": [22, 10]},
								"east": {"uv": [44, 118], "uv_size": [8, 10]},
								"south": {"uv": [82, 118], "uv_size": [22, 10]},
								"west": {"uv": [74, 118], "uv_size": [8, 10]},
								"up": {"uv": [52, 110], "uv_size": [22, 8]},
								"down": {"uv": [74, 118], "uv_size": [22, -8]}
							}
						},
						{
							"origin": [-2.25, 2, -26.75],
							"size": [4.5, 2.5, 6],
							"uv": {
								"north": {"uv": [12, 123], "uv_size": [9, 5]},
								"east": {"uv": [0, 123], "uv_size": [12, 5]},
								"south": {"uv": [33, 123], "uv_size": [9, 5]},
								"west": {"uv": [21, 123], "uv_size": [12, 5]},
								"up": {"uv": [12, 111], "uv_size": [9, 12]},
								"down": {"uv": [21, 123], "uv_size": [9, -12]}
							}
						},
						{
							"origin": [-2.75, 3.5, -27],
							"size": [5.5, 2.5, 1],
							"uv": {
								"north": {"uv": [98, 106], "uv_size": [10, 6]},
								"east": {"uv": [98, 106], "uv_size": [2, 6]},
								"south": {"uv": [98, 112], "uv_size": [10, -6]},
								"west": {"uv": [106, 106], "uv_size": [2, 6]},
								"up": {"uv": [98, 108], "uv_size": [10, -2]},
								"down": {"uv": [98, 108], "uv_size": [10, -2]}
							}
						},
						{
							"origin": [-3.5, 2, -20.75],
							"size": [7, 2.5, 3.5],
							"uv": {
								"north": {"uv": [7, 104], "uv_size": [14, 5]},
								"east": {"uv": [0, 104], "uv_size": [7, 5]},
								"south": {"uv": [28, 104], "uv_size": [14, 5]},
								"west": {"uv": [21, 104], "uv_size": [7, 5]},
								"up": {"uv": [7, 97], "uv_size": [14, 7]},
								"down": {"uv": [21, 104], "uv_size": [14, -7]}
							}
						},
						{
							"origin": [-3.5, 1, -20.75],
							"size": [7, 1.01, 3.5],
							"uv": {
								"north": {"uv": [48, 79], "uv_size": [14, 2]},
								"east": {"uv": [48, 75], "uv_size": [7, 2]},
								"south": {"uv": [128, 128], "uv_size": [0, 0]},
								"west": {"uv": [55, 75], "uv_size": [-7, 2]},
								"up": {"uv": [128, 128], "uv_size": [0, 0]},
								"down": {"uv": [128, 128], "uv_size": [0, 0]}
							}
						},
						{
							"origin": [-2.25, 1, -26.75],
							"size": [4.5, 1, 6],
							"uv": {
								"north": {"uv": [50, 83], "uv_size": [9, 2]},
								"east": {"uv": [47, 75], "uv_size": [12, 2]},
								"south": {"uv": [128, 128], "uv_size": [0, 0]},
								"west": {"uv": [59, 75], "uv_size": [-12, 2]},
								"up": {"uv": [128, 128], "uv_size": [0, 0]},
								"down": {"uv": [128, 128], "uv_size": [0, 0]}
							}
						},
						{
							"origin": [-3.5, -1.5, -17.25],
							"size": [7, 3, 9.25],
							"uv": {
								"north": {"uv": [19, 88], "uv_size": [14, 6]},
								"east": {"uv": [0, 88], "uv_size": [19, 6]},
								"south": {"uv": [52, 88], "uv_size": [14, 6]},
								"west": {"uv": [33, 88], "uv_size": [19, 6]},
								"up": {"uv": [19, 69], "uv_size": [14, 19]},
								"down": {"uv": [33, 88], "uv_size": [14, -19]}
							}
						},
						{
							"origin": [-13.5, 2.75, -23.5],
							"size": [11, 3, 0],
							"pivot": [-2.5, 4.25, -23.5],
							"rotation": [0, 20, 0],
							"uv": {
								"north": {"uv": [101, 62], "uv_size": [-19, 4]}
							}
						},
						{
							"origin": [2.5, 2.75, -23.5],
							"size": [11, 3, 0],
							"pivot": [2.5, 4.25, -23.5],
							"rotation": [0, -20, 0],
							"uv": {
								"north": {"uv": [82, 62], "uv_size": [19, 4]}
							}
						}
					]
				},
				{
					"name": "jaw2",
					"parent": "headDragon",
					"pivot": [0, 1, -17.25],
					"cubes": [
						{
							"origin": [-3.5, -1, -20.25],
							"size": [7, 2, 3],
							"uv": {
								"north": {"uv": [75, 100], "uv_size": [14, 4]},
								"east": {"uv": [69, 100], "uv_size": [6, 4]},
								"south": {"uv": [95, 100], "uv_size": [14, 4]},
								"west": {"uv": [89, 100], "uv_size": [6, 4]},
								"up": {"uv": [75, 94], "uv_size": [14, 6]},
								"down": {"uv": [89, 100], "uv_size": [14, -6]}
							}
						},
						{
							"origin": [-1.75, -1, -26.25],
							"size": [3.5, 2, 6],
							"uv": {
								"north": {"uv": [53, 105], "uv_size": [7, 4]},
								"east": {"uv": [43, 105], "uv_size": [10, 4]},
								"south": {"uv": [70, 105], "uv_size": [7, 4]},
								"west": {"uv": [60, 105], "uv_size": [10, 4]},
								"up": {"uv": [60, 95], "uv_size": [7, 10]},
								"down": {"uv": [53, 105], "uv_size": [7, -10]}
							}
						},
						{
							"origin": [-3.5, 1, -20.25],
							"size": [7, 1.01, 3],
							"uv": {
								"north": {"uv": [48, 81], "uv_size": [14, -2]},
								"east": {"uv": [54, 77], "uv_size": [-6, -2]},
								"south": {"uv": [128, 128], "uv_size": [0, 0]},
								"west": {"uv": [48, 77], "uv_size": [6, -2]},
								"up": {"uv": [128, 128], "uv_size": [0, 0]},
								"down": {"uv": [128, 128], "uv_size": [0, 0]}
							}
						},
						{
							"origin": [-1.75, 1, -26.25],
							"size": [3.5, 1, 6],
							"uv": {
								"north": {"uv": [50, 83], "uv_size": [7, 2]},
								"east": {"uv": [61, 77], "uv_size": [-12, -2]},
								"south": {"uv": [128, 128], "uv_size": [0, 0]},
								"west": {"uv": [61, 75], "uv_size": [-12, 2]},
								"up": {"uv": [128, 128], "uv_size": [0, 0]},
								"down": {"uv": [128, 128], "uv_size": [0, 0]}
							}
						}
					]
				},
				{
					"name": "rightHorn",
					"parent": "headDragon",
					"pivot": [-4.58771, 15.59228, -5.33251],
					"cubes": [
						{
							"origin": [-10.13675, 12.28873, -8.73925],
							"size": [5.5732, 1.4096, 1.5732],
							"pivot": [-5.35015, 10.99353, -7.95265],
							"rotation": [-5.85462, 31.55862, 71.9385],
							"uv": {
								"north": {"uv": [123, 110], "uv_size": [5, 5]},
								"east": {"uv": [123, 110], "uv_size": [5, 5]},
								"south": {"uv": [123, 110], "uv_size": [5, 5]},
								"west": {"uv": [123, 110], "uv_size": [5, 5]},
								"up": {"uv": [123, 110], "uv_size": [5, 2]},
								"down": {"uv": [123, 115], "uv_size": [5, -2]}
							}
						},
						{
							"origin": [-7.61848, 16.66683, -4.79577],
							"size": [5.54002, 1.20431, 1.29002],
							"pivot": [-4.84847, 17.26898, -4.15076],
							"rotation": [0.35717, 32.0401, 83.69678],
							"uv": {
								"north": {"uv": [123, 110], "uv_size": [5, 5]},
								"east": {"uv": [123, 110], "uv_size": [5, 5]},
								"south": {"uv": [123, 110], "uv_size": [5, 5]},
								"west": {"uv": [123, 110], "uv_size": [5, 5]},
								"up": {"uv": [123, 110], "uv_size": [5, 2]},
								"down": {"uv": [123, 115], "uv_size": [5, -2]}
							}
						},
						{
							"origin": [-8.09915, 13.36453, -5.875],
							"size": [4.29002, 1.45431, 1.29002],
							"inflate": 0.1,
							"pivot": [-3.84847, 15.51898, -5.40076],
							"rotation": [-23.66007, 22.26343, 33.87407],
							"uv": {
								"north": {"uv": [123, 110], "uv_size": [5, 5]},
								"east": {"uv": [123, 110], "uv_size": [5, 5]},
								"south": {"uv": [123, 110], "uv_size": [5, 5]},
								"west": {"uv": [123, 110], "uv_size": [5, 5]},
								"up": {"uv": [123, 110], "uv_size": [5, 2]},
								"down": {"uv": [123, 115], "uv_size": [5, -2]}
							}
						},
						{
							"origin": [-11.12397, 16.1289, -4.73247],
							"size": [3.79002, 1.20431, 1.29002],
							"pivot": [-7.97253, 16.77876, -4.00021],
							"rotation": [-2.76734, 31.93484, 77.80227],
							"uv": {
								"north": {"uv": [123, 110], "uv_size": [5, 5]},
								"east": {"uv": [123, 110], "uv_size": [5, 5]},
								"south": {"uv": [123, 110], "uv_size": [5, 5]},
								"west": {"uv": [123, 110], "uv_size": [5, 5]},
								"up": {"uv": [123, 110], "uv_size": [5, 2]},
								"down": {"uv": [123, 115], "uv_size": [5, -2]}
							}
						},
						{
							"origin": [-6.77221, 20.25599, -2.48919],
							"size": [4.20358, 0.9536, 0.95358],
							"pivot": [-4.67042, 20.73279, -2.0124],
							"rotation": [9.5369, 30.73501, 101.22092],
							"uv": {
								"north": {"uv": [123, 110], "uv_size": [5, 5]},
								"east": {"uv": [123, 110], "uv_size": [5, 5]},
								"south": {"uv": [123, 110], "uv_size": [5, 5]},
								"west": {"uv": [123, 110], "uv_size": [5, 5]},
								"up": {"uv": [123, 110], "uv_size": [5, 2]},
								"down": {"uv": [123, 115], "uv_size": [5, -2]}
							}
						},
						{
							"origin": [-4.40172, 10.29635, -8.82911],
							"size": [2.1098, 2.2897, 1.9665],
							"pivot": [-3.47182, 11.3162, -7.84586],
							"rotation": [-8.86454, 30.91752, 66.13822],
							"uv": {
								"north": {"uv": [123, 117], "uv_size": [5, 5]},
								"east": {"uv": [123, 117], "uv_size": [5, 5]},
								"south": {"uv": [123, 117], "uv_size": [5, 5]},
								"west": {"uv": [123, 117], "uv_size": [5, 5]},
								"up": {"uv": [123, 117], "uv_size": [5, 5]},
								"down": {"uv": [123, 122], "uv_size": [5, -5]}
							}
						},
						{
							"origin": [-3.3635, 7.89797, -9.8371],
							"size": [2.3898, 2.9197, 1.9965],
							"inflate": 0.1,
							"pivot": [-2.25987, 8.38918, -8.65649],
							"rotation": [-13.41162, -8.88714, -21.44397],
							"uv": {
								"north": {"uv": [123, 117], "uv_size": [5, 5]},
								"east": {"uv": [123, 117], "uv_size": [5, 5]},
								"south": {"uv": [123, 117], "uv_size": [5, 5]},
								"west": {"uv": [123, 117], "uv_size": [5, 5]},
								"up": {"uv": [123, 117], "uv_size": [5, 5]},
								"down": {"uv": [123, 122], "uv_size": [5, -5]}
							}
						}
					]
				},
				{
					"name": "rightHorn2",
					"parent": "headDragon",
					"pivot": [-4.6, 7.35, -12.4],
					"cubes": [
						{
							"origin": [-7.9127, 7.67694, -13.96229],
							"size": [3, 2.25, 2.25],
							"inflate": 0.1,
							"pivot": [-2.94711, 8.53427, -12.52727],
							"rotation": [5.69092, 4.74194, 48.3764],
							"uv": {
								"north": {"uv": [123, 111], "uv_size": [5, 4]},
								"east": {"uv": [123, 110], "uv_size": [5, 5]},
								"south": {"uv": [123, 111], "uv_size": [5, 4]},
								"west": {"uv": [123, 110], "uv_size": [5, 5]},
								"up": {"uv": [123, 110], "uv_size": [5, 2]},
								"down": {"uv": [123, 115], "uv_size": [5, -2]}
							}
						},
						{
							"origin": [-8.62766, 11.44617, -13.96229],
							"size": [5, 2.25, 2.25],
							"inflate": 0.15,
							"pivot": [-2.94711, 8.53427, -12.52727],
							"rotation": [-2.22663, 7.06157, -19.49683],
							"uv": {
								"north": {"uv": [123, 110], "uv_size": [5, 5]},
								"east": {"uv": [123, 110], "uv_size": [5, 5]},
								"south": {"uv": [123, 110], "uv_size": [5, 5]},
								"west": {"uv": [123, 110], "uv_size": [5, 5]},
								"up": {"uv": [123, 110], "uv_size": [5, 2]},
								"down": {"uv": [123, 115], "uv_size": [5, -2]}
							}
						},
						{
							"origin": [-7.51479, 13.82515, -13.96229],
							"size": [4.5, 2.25, 2.25],
							"inflate": 0.05,
							"pivot": [-2.94711, 8.53427, -12.52727],
							"rotation": [-6.711, 3.13144, -67.04307],
							"uv": {
								"north": {"uv": [123, 110], "uv_size": [5, 5]},
								"east": {"uv": [123, 110], "uv_size": [5, 5]},
								"south": {"uv": [123, 110], "uv_size": [5, 5]},
								"west": {"uv": [123, 110], "uv_size": [5, 5]},
								"up": {"uv": [123, 110], "uv_size": [5, 2]},
								"down": {"uv": [123, 115], "uv_size": [5, -2]}
							}
						},
						{
							"origin": [-13.86463, 3.94518, -13.9627],
							"size": [4.5, 2.25, 2.25],
							"inflate": 0.02,
							"pivot": [-2.94711, 8.53427, -12.52727],
							"rotation": [1.93678, 7.14611, 15.76152],
							"uv": {
								"north": {"uv": [123, 110], "uv_size": [5, 5]},
								"east": {"uv": [123, 110], "uv_size": [5, 5]},
								"south": {"uv": [123, 110], "uv_size": [5, 5]},
								"west": {"uv": [123, 110], "uv_size": [5, 5]},
								"up": {"uv": [123, 110], "uv_size": [5, 2]},
								"down": {"uv": [123, 115], "uv_size": [5, -2]}
							}
						},
						{
							"origin": [-13.11956, -1.05363, -13.9627],
							"size": [3.5, 2.25, 2.25],
							"pivot": [-2.94711, 8.53427, -12.52727],
							"rotation": [5.47917, 4.98529, 48.37928],
							"uv": {
								"north": {"uv": [123, 110], "uv_size": [5, 5]},
								"east": {"uv": [123, 110], "uv_size": [5, 5]},
								"south": {"uv": [123, 110], "uv_size": [5, 5]},
								"west": {"uv": [123, 110], "uv_size": [5, 5]},
								"up": {"uv": [123, 110], "uv_size": [5, 2]},
								"down": {"uv": [123, 115], "uv_size": [5, -2]}
							}
						},
						{
							"origin": [-7.34047, -5.35532, -13.9627],
							"size": [4.5, 2.25, 2.25],
							"inflate": -0.05,
							"pivot": [-2.94711, 8.53427, -12.52727],
							"rotation": [7.37377, -0.6545, 95.5984],
							"uv": {
								"north": {"uv": [123, 110], "uv_size": [5, 5]},
								"east": {"uv": [123, 110], "uv_size": [5, 5]},
								"south": {"uv": [123, 110], "uv_size": [5, 5]},
								"west": {"uv": [123, 110], "uv_size": [5, 5]},
								"up": {"uv": [123, 110], "uv_size": [5, 2]},
								"down": {"uv": [123, 115], "uv_size": [5, -2]}
							}
						},
						{
							"origin": [-14.25737, -2.04709, -13.9627],
							"size": [3.375, 1.125, 2.25],
							"inflate": -0.1,
							"pivot": [-2.94711, 8.53427, -12.52727],
							"rotation": [7.15588, 1.90019, 75.7594],
							"uv": {
								"north": {"uv": [123, 110], "uv_size": [5, 2]},
								"east": {"uv": [123, 110], "uv_size": [5, 2]},
								"south": {"uv": [123, 110], "uv_size": [5, 2]},
								"west": {"uv": [123, 110], "uv_size": [5, 2]},
								"up": {"uv": [123, 110], "uv_size": [5, 2]},
								"down": {"uv": [123, 112], "uv_size": [5, -2]}
							}
						},
						{
							"origin": [-9.71547, -5.10532, -13.9627],
							"size": [2.625, 1.125, 2.25],
							"inflate": -0.15,
							"pivot": [-2.94711, 8.53427, -12.52727],
							"rotation": [7.37377, -0.6545, 95.5984],
							"uv": {
								"north": {"uv": [123, 113], "uv_size": [5, 2]},
								"east": {"uv": [123, 113], "uv_size": [5, 2]},
								"south": {"uv": [123, 113], "uv_size": [5, 2]},
								"west": {"uv": [123, 113], "uv_size": [5, 2]},
								"up": {"uv": [123, 113], "uv_size": [5, 2]},
								"down": {"uv": [123, 115], "uv_size": [5, -2]}
							}
						},
						{
							"origin": [-4.3053, 7.6773, -14.08729],
							"size": [2.5, 3, 2.5],
							"inflate": 0.2,
							"pivot": [-2.94711, 8.53427, -12.52727],
							"rotation": [-3.70711, 6.41196, -32.06715],
							"uv": {
								"north": {"uv": [123, 117], "uv_size": [5, 5]},
								"east": {"uv": [123, 117], "uv_size": [5, 5]},
								"south": {"uv": [123, 117], "uv_size": [5, 5]},
								"west": {"uv": [123, 117], "uv_size": [5, 5]},
								"up": {"uv": [123, 117], "uv_size": [5, 5]},
								"down": {"uv": [123, 122], "uv_size": [5, -5]}
							}
						}
					]
				},
				{
					"name": "leftHorn",
					"parent": "headDragon",
					"pivot": [4.58771, 15.59228, -5.33251],
					"cubes": [
						{
							"origin": [4.56355, 12.28873, -8.73925],
							"size": [5.5732, 1.4096, 1.5732],
							"pivot": [5.35015, 10.99353, -7.95265],
							"rotation": [-5.85462, -31.55862, -71.9385],
							"uv": {
								"north": {"uv": [128, 110], "uv_size": [-5, 5]},
								"east": {"uv": [128, 110], "uv_size": [-5, 5]},
								"south": {"uv": [128, 110], "uv_size": [-5, 5]},
								"west": {"uv": [128, 110], "uv_size": [-5, 5]},
								"up": {"uv": [128, 110], "uv_size": [-5, 2]},
								"down": {"uv": [128, 115], "uv_size": [-5, -2]}
							}
						},
						{
							"origin": [2.07846, 16.66683, -4.79577],
							"size": [5.54002, 1.20431, 1.29002],
							"pivot": [4.84847, 17.26898, -4.15076],
							"rotation": [0.35717, -32.0401, -83.69678],
							"uv": {
								"north": {"uv": [128, 110], "uv_size": [-5, 5]},
								"east": {"uv": [128, 110], "uv_size": [-5, 5]},
								"south": {"uv": [128, 110], "uv_size": [-5, 5]},
								"west": {"uv": [128, 110], "uv_size": [-5, 5]},
								"up": {"uv": [128, 110], "uv_size": [-5, 2]},
								"down": {"uv": [128, 115], "uv_size": [-5, -2]}
							}
						},
						{
							"origin": [3.80913, 13.36453, -5.875],
							"size": [4.29002, 1.45431, 1.29002],
							"inflate": 0.1,
							"pivot": [3.84847, 15.51898, -5.40076],
							"rotation": [-23.66007, -22.26343, -33.87407],
							"uv": {
								"north": {"uv": [128, 110], "uv_size": [-5, 5]},
								"east": {"uv": [128, 110], "uv_size": [-5, 5]},
								"south": {"uv": [128, 110], "uv_size": [-5, 5]},
								"west": {"uv": [128, 110], "uv_size": [-5, 5]},
								"up": {"uv": [128, 110], "uv_size": [-5, 2]},
								"down": {"uv": [128, 115], "uv_size": [-5, -2]}
							}
						},
						{
							"origin": [7.33395, 16.1289, -4.73247],
							"size": [3.79002, 1.20431, 1.29002],
							"pivot": [7.97253, 16.77876, -4.00021],
							"rotation": [-2.76734, -31.93484, -77.80227],
							"uv": {
								"north": {"uv": [128, 110], "uv_size": [-5, 5]},
								"east": {"uv": [128, 110], "uv_size": [-5, 5]},
								"south": {"uv": [128, 110], "uv_size": [-5, 5]},
								"west": {"uv": [128, 110], "uv_size": [-5, 5]},
								"up": {"uv": [128, 110], "uv_size": [-5, 2]},
								"down": {"uv": [128, 115], "uv_size": [-5, -2]}
							}
						},
						{
							"origin": [2.56863, 20.25599, -2.48919],
							"size": [4.20358, 0.9536, 0.95358],
							"pivot": [4.67042, 20.73279, -2.0124],
							"rotation": [9.5369, -30.73501, -101.22092],
							"uv": {
								"north": {"uv": [128, 110], "uv_size": [-5, 5]},
								"east": {"uv": [128, 110], "uv_size": [-5, 5]},
								"south": {"uv": [128, 110], "uv_size": [-5, 5]},
								"west": {"uv": [128, 110], "uv_size": [-5, 5]},
								"up": {"uv": [128, 110], "uv_size": [-5, 2]},
								"down": {"uv": [128, 115], "uv_size": [-5, -2]}
							}
						},
						{
							"origin": [2.29192, 10.29635, -8.82911],
							"size": [2.1098, 2.2897, 1.9665],
							"pivot": [3.47182, 11.3162, -7.84586],
							"rotation": [-8.86454, -30.91752, -66.13822],
							"uv": {
								"north": {"uv": [128, 117], "uv_size": [-5, 5]},
								"east": {"uv": [128, 117], "uv_size": [-5, 5]},
								"south": {"uv": [128, 117], "uv_size": [-5, 5]},
								"west": {"uv": [128, 117], "uv_size": [-5, 5]},
								"up": {"uv": [128, 117], "uv_size": [-5, 5]},
								"down": {"uv": [128, 122], "uv_size": [-5, -5]}
							}
						},
						{
							"origin": [0.9737, 7.89797, -9.8371],
							"size": [2.3898, 2.9197, 1.9965],
							"inflate": 0.1,
							"pivot": [2.25987, 8.38918, -8.65649],
							"rotation": [-13.41162, 8.88714, 21.44397],
							"uv": {
								"north": {"uv": [128, 117], "uv_size": [-5, 5]},
								"east": {"uv": [128, 117], "uv_size": [-5, 5]},
								"south": {"uv": [128, 117], "uv_size": [-5, 5]},
								"west": {"uv": [128, 117], "uv_size": [-5, 5]},
								"up": {"uv": [128, 117], "uv_size": [-5, 5]},
								"down": {"uv": [128, 122], "uv_size": [-5, -5]}
							}
						}
					]
				},
				{
					"name": "leftHorn2",
					"parent": "headDragon",
					"pivot": [4.6, 7.35, -12.4],
					"cubes": [
						{
							"origin": [4.9127, 7.67694, -13.96229],
							"size": [3, 2.25, 2.25],
							"inflate": 0.1,
							"pivot": [2.94711, 8.53427, -12.52727],
							"rotation": [5.69092, -4.74194, -48.3764],
							"uv": {
								"north": {"uv": [128, 111], "uv_size": [-5, 4]},
								"east": {"uv": [128, 110], "uv_size": [-5, 5]},
								"south": {"uv": [128, 111], "uv_size": [-5, 4]},
								"west": {"uv": [128, 110], "uv_size": [-5, 5]},
								"up": {"uv": [128, 110], "uv_size": [-5, 2]},
								"down": {"uv": [128, 115], "uv_size": [-5, -2]}
							}
						},
						{
							"origin": [3.62766, 11.44617, -13.96229],
							"size": [5, 2.25, 2.25],
							"inflate": 0.15,
							"pivot": [2.94711, 8.53427, -12.52727],
							"rotation": [-2.22663, -7.06157, 19.49683],
							"uv": {
								"north": {"uv": [128, 110], "uv_size": [-5, 5]},
								"east": {"uv": [128, 110], "uv_size": [-5, 5]},
								"south": {"uv": [128, 110], "uv_size": [-5, 5]},
								"west": {"uv": [128, 110], "uv_size": [-5, 5]},
								"up": {"uv": [128, 110], "uv_size": [-5, 2]},
								"down": {"uv": [128, 115], "uv_size": [-5, -2]}
							}
						},
						{
							"origin": [3.01479, 13.82515, -13.96229],
							"size": [4.5, 2.25, 2.25],
							"inflate": 0.05,
							"pivot": [2.94711, 8.53427, -12.52727],
							"rotation": [-6.711, -3.13144, 67.04307],
							"uv": {
								"north": {"uv": [128, 110], "uv_size": [-5, 5]},
								"east": {"uv": [128, 110], "uv_size": [-5, 5]},
								"south": {"uv": [128, 110], "uv_size": [-5, 5]},
								"west": {"uv": [128, 110], "uv_size": [-5, 5]},
								"up": {"uv": [128, 110], "uv_size": [-5, 2]},
								"down": {"uv": [128, 115], "uv_size": [-5, -2]}
							}
						},
						{
							"origin": [9.36463, 3.94518, -13.9627],
							"size": [4.5, 2.25, 2.25],
							"inflate": 0.02,
							"pivot": [2.94711, 8.53427, -12.52727],
							"rotation": [1.93678, -7.14611, -15.76152],
							"uv": {
								"north": {"uv": [128, 110], "uv_size": [-5, 5]},
								"east": {"uv": [128, 110], "uv_size": [-5, 5]},
								"south": {"uv": [128, 110], "uv_size": [-5, 5]},
								"west": {"uv": [128, 110], "uv_size": [-5, 5]},
								"up": {"uv": [128, 110], "uv_size": [-5, 2]},
								"down": {"uv": [128, 115], "uv_size": [-5, -2]}
							}
						},
						{
							"origin": [9.61956, -1.05363, -13.9627],
							"size": [3.5, 2.25, 2.25],
							"pivot": [2.94711, 8.53427, -12.52727],
							"rotation": [5.47917, -4.98529, -48.37928],
							"uv": {
								"north": {"uv": [128, 110], "uv_size": [-5, 5]},
								"east": {"uv": [128, 110], "uv_size": [-5, 5]},
								"south": {"uv": [128, 110], "uv_size": [-5, 5]},
								"west": {"uv": [128, 110], "uv_size": [-5, 5]},
								"up": {"uv": [128, 110], "uv_size": [-5, 2]},
								"down": {"uv": [128, 115], "uv_size": [-5, -2]}
							}
						},
						{
							"origin": [2.84047, -5.35532, -13.9627],
							"size": [4.5, 2.25, 2.25],
							"inflate": -0.05,
							"pivot": [2.94711, 8.53427, -12.52727],
							"rotation": [7.37377, 0.6545, -95.5984],
							"uv": {
								"north": {"uv": [128, 110], "uv_size": [-5, 5]},
								"east": {"uv": [128, 110], "uv_size": [-5, 5]},
								"south": {"uv": [128, 110], "uv_size": [-5, 5]},
								"west": {"uv": [128, 110], "uv_size": [-5, 5]},
								"up": {"uv": [128, 110], "uv_size": [-5, 2]},
								"down": {"uv": [128, 115], "uv_size": [-5, -2]}
							}
						},
						{
							"origin": [10.88237, -2.04709, -13.9627],
							"size": [3.375, 1.125, 2.25],
							"inflate": -0.1,
							"pivot": [2.94711, 8.53427, -12.52727],
							"rotation": [7.15588, -1.90019, -75.7594],
							"uv": {
								"north": {"uv": [128, 110], "uv_size": [-5, 2]},
								"east": {"uv": [128, 110], "uv_size": [-5, 2]},
								"south": {"uv": [128, 110], "uv_size": [-5, 2]},
								"west": {"uv": [128, 110], "uv_size": [-5, 2]},
								"up": {"uv": [128, 110], "uv_size": [-5, 2]},
								"down": {"uv": [128, 112], "uv_size": [-5, -2]}
							}
						},
						{
							"origin": [7.09047, -5.10532, -13.9627],
							"size": [2.625, 1.125, 2.25],
							"inflate": -0.15,
							"pivot": [2.94711, 8.53427, -12.52727],
							"rotation": [7.37377, 0.6545, -95.5984],
							"uv": {
								"north": {"uv": [128, 113], "uv_size": [-5, 2]},
								"east": {"uv": [128, 113], "uv_size": [-5, 2]},
								"south": {"uv": [128, 113], "uv_size": [-5, 2]},
								"west": {"uv": [128, 113], "uv_size": [-5, 2]},
								"up": {"uv": [128, 113], "uv_size": [-5, 2]},
								"down": {"uv": [128, 115], "uv_size": [-5, -2]}
							}
						},
						{
							"origin": [1.8053, 7.6773, -14.08729],
							"size": [2.5, 3, 2.5],
							"inflate": 0.2,
							"pivot": [2.94711, 8.53427, -12.52727],
							"rotation": [-3.70711, -6.41196, 32.06715],
							"uv": {
								"north": {"uv": [128, 117], "uv_size": [-5, 5]},
								"east": {"uv": [128, 117], "uv_size": [-5, 5]},
								"south": {"uv": [128, 117], "uv_size": [-5, 5]},
								"west": {"uv": [128, 117], "uv_size": [-5, 5]},
								"up": {"uv": [128, 117], "uv_size": [-5, 5]},
								"down": {"uv": [128, 122], "uv_size": [-5, -5]}
							}
						}
					]
				},
				{
					"name": "Beard",
					"parent": "headDragon",
					"pivot": [-4.75, -1, -10.25],
					"cubes": [
						{
							"origin": [-9.7, -3.53162, -9.65712],
							"size": [11, 15.5, 0],
							"pivot": [-4.69157, 2.84805, -8.10158],
							"rotation": [-7.5, 7.5, 0],
							"uv": {
								"north": {"uv": [77, 70], "uv_size": [11, 22]},
								"east": {"uv": [256, 0], "uv_size": [0, 0]},
								"south": {"uv": [256, 0], "uv_size": [0, 0]},
								"west": {"uv": [256, 0], "uv_size": [0, 0]},
								"up": {"uv": [256, 0], "uv_size": [0, 0]},
								"down": {"uv": [256, 0], "uv_size": [0, 0]}
							}
						},
						{
							"origin": [-8.28239, -3.43161, -8.32405],
							"size": [6.7, 13.4, 0],
							"pivot": [-4.69157, 2.84805, -8.10158],
							"rotation": [-15.54684, 44.5119, -17.43656],
							"uv": {
								"north": {"uv": [77, 70], "uv_size": [11, 22]},
								"east": {"uv": [256, 0], "uv_size": [0, 0]},
								"south": {"uv": [256, 0], "uv_size": [0, 0]},
								"west": {"uv": [256, 0], "uv_size": [0, 0]},
								"up": {"uv": [256, 0], "uv_size": [0, 0]},
								"down": {"uv": [256, 0], "uv_size": [0, 0]}
							}
						},
						{
							"origin": [-14.38338, -8.30009, -7.22507],
							"size": [14.08, 23.16, 0],
							"pivot": [-4.69157, 2.84805, -8.10158],
							"rotation": [-22.32247, 38.02104, -16.89469],
							"uv": {
								"north": {"uv": [77, 70], "uv_size": [11, 22]},
								"east": {"uv": [256, 0], "uv_size": [0, 0]},
								"south": {"uv": [256, 0], "uv_size": [0, 0]},
								"west": {"uv": [256, 0], "uv_size": [0, 0]},
								"up": {"uv": [256, 0], "uv_size": [0, 0]},
								"down": {"uv": [256, 0], "uv_size": [0, 0]}
							}
						},
						{
							"origin": [0.30338, -8.30009, -7.22507],
							"size": [14.08, 23.16, 0],
							"pivot": [4.69157, 2.84805, -8.10158],
							"rotation": [-22.3225, -38.021, 16.8947],
							"uv": {
								"north": {"uv": [88, 70], "uv_size": [-11, 22]},
								"east": {"uv": [256, 0], "uv_size": [0, 0]},
								"south": {"uv": [256, 0], "uv_size": [0, 0]},
								"west": {"uv": [256, 0], "uv_size": [0, 0]},
								"up": {"uv": [256, 0], "uv_size": [0, 0]},
								"down": {"uv": [256, 0], "uv_size": [0, 0]}
							}
						},
						{
							"origin": [1.58239, -3.43161, -8.32405],
							"size": [6.7, 13.4, 0],
							"pivot": [4.69157, 2.84805, -8.10158],
							"rotation": [-15.5468, -44.5119, 17.4366],
							"uv": {
								"north": {"uv": [88, 70], "uv_size": [-11, 22]},
								"east": {"uv": [256, 0], "uv_size": [0, 0]},
								"south": {"uv": [256, 0], "uv_size": [0, 0]},
								"west": {"uv": [256, 0], "uv_size": [0, 0]},
								"up": {"uv": [256, 0], "uv_size": [0, 0]},
								"down": {"uv": [256, 0], "uv_size": [0, 0]}
							}
						},
						{
							"origin": [-1.3, -3.53162, -9.65712],
							"size": [11, 15.5, 0],
							"pivot": [4.69157, 2.84805, -8.10158],
							"rotation": [-7.5, -7.5, 0],
							"uv": {
								"north": {"uv": [88, 70], "uv_size": [-11, 22]},
								"east": {"uv": [256, 0], "uv_size": [0, 0]},
								"south": {"uv": [256, 0], "uv_size": [0, 0]},
								"west": {"uv": [256, 0], "uv_size": [0, 0]},
								"up": {"uv": [256, 0], "uv_size": [0, 0]},
								"down": {"uv": [256, 0], "uv_size": [0, 0]}
							}
						}
					]
				},
				{
					"name": "bodyDragon1",
					"parent": "bodyDragon",
					"pivot": [0, 3, -8],
					"cubes": [
						{
							"origin": [-4, -0.5, -8],
							"size": [8, 7, 13.5],
							"uv": {
								"north": {"uv": [20, 8], "uv_size": [8, 8]},
								"east": {"uv": [12, 8], "uv_size": [24, 8]},
								"south": {"uv": [20, 8], "uv_size": [8, 8]},
								"west": {"uv": [36, 8], "uv_size": [-24, 8]},
								"up": {"uv": [12, 0], "uv_size": [-12, 16]},
								"down": {"uv": [0, 24], "uv_size": [12, 24]}
							}
						},
						{
							"origin": [0, 6.5, -8],
							"size": [0, 3, 13.5],
							"uv": {
								"north": {"uv": [128, 128], "uv_size": [0, 0]},
								"east": {"uv": [94.5, 0], "uv_size": [13.5, 4]},
								"south": {"uv": [128, 128], "uv_size": [0, 0]},
								"west": {"uv": [108, 0], "uv_size": [-13.5, 4]},
								"up": {"uv": [128, 128], "uv_size": [0, 0]},
								"down": {"uv": [128, 128], "uv_size": [0, 0]}
							}
						}
					]
				},
				{
					"name": "bodyDragon1_2",
					"parent": "bodyDragon1",
					"pivot": [0, 3, 5.5],
					"cubes": [
						{
							"origin": [-5, -1, 5.5],
							"size": [10, 8, 6.5],
							"uv": {
								"north": {"uv": [20, 8], "uv_size": [8, 8]},
								"east": {"uv": [20, 8], "uv_size": [8, 8]},
								"south": {"uv": [20, 8], "uv_size": [8, 8]},
								"west": {"uv": [28, 8], "uv_size": [-8, 8]},
								"up": {"uv": [12, 0], "uv_size": [-12, 8]},
								"down": {"uv": [0, 24], "uv_size": [12, 8]}
							}
						},
						{
							"origin": [0, 6.5, 5.5],
							"size": [0, 3, 6.5],
							"uv": {
								"north": {"uv": [128, 128], "uv_size": [0, 0]},
								"east": {"uv": [88, 0], "uv_size": [6, 4]},
								"south": {"uv": [128, 128], "uv_size": [0, 0]},
								"west": {"uv": [94.5, 0], "uv_size": [-6.5, 4]},
								"up": {"uv": [128, 128], "uv_size": [0, 0]},
								"down": {"uv": [128, 128], "uv_size": [0, 0]}
							}
						}
					]
				},
				{
					"name": "bodyDragon2",
					"parent": "bodyDragon1_2",
					"pivot": [0, 4.5, 12],
					"cubes": [
						{
							"origin": [-6, -2, 12],
							"size": [12, 10, 24],
							"uv": {
								"north": {"uv": [20, 8], "uv_size": [8, 8]},
								"east": {"uv": [12, 8], "uv_size": [24, 8]},
								"south": {"uv": [20, 8], "uv_size": [8, 8]},
								"west": {"uv": [36, 8], "uv_size": [-24, 8]},
								"up": {"uv": [12, 0], "uv_size": [-12, 24]},
								"down": {"uv": [0, 24], "uv_size": [12, 24]}
							}
						},
						{
							"origin": [0, 8, 12],
							"size": [0, 3, 24],
							"uv": {
								"north": {"uv": [128, 128], "uv_size": [0, 0]},
								"east": {"uv": [88, 0], "uv_size": [20, 4]},
								"south": {"uv": [128, 128], "uv_size": [0, 0]},
								"west": {"uv": [108, 0], "uv_size": [-20, 4]},
								"up": {"uv": [128, 128], "uv_size": [0, 0]},
								"down": {"uv": [128, 128], "uv_size": [0, 0]}
							}
						}
					]
				},
				{
					"name": "bodyDragon3",
					"parent": "bodyDragon2",
					"pivot": [0, 4.5, 36],
					"cubes": [
						{
							"origin": [-13.725, -34.55, 15.5],
							"size": [18, 26, 0],
							"pivot": [-5.725, 3.075, 16.5],
							"rotation": [90, 0, 90],
							"uv": {
								"north": {"uv": [70, 8], "uv_size": [32, 48.25]},
								"east": {"uv": [128, 128], "uv_size": [0, 0]},
								"south": {"uv": [128, 128], "uv_size": [0, 0]},
								"west": {"uv": [128, 128], "uv_size": [0, 0]},
								"up": {"uv": [128, 128], "uv_size": [0, 0]},
								"down": {"uv": [128, 128], "uv_size": [0, 0]}
							}
						},
						{
							"origin": [-4.275, -34.55, 15.5],
							"size": [18, 26, 0],
							"pivot": [5.725, 3.075, 16.5],
							"rotation": [90, 0, -90],
							"uv": {
								"north": {"uv": [102, 8], "uv_size": [-32, 48.25]},
								"east": {"uv": [128, 128], "uv_size": [0, 0]},
								"south": {"uv": [128, 128], "uv_size": [0, 0]},
								"west": {"uv": [128, 128], "uv_size": [0, 0]},
								"up": {"uv": [128, 128], "uv_size": [0, 0]},
								"down": {"uv": [128, 128], "uv_size": [0, 0]}
							}
						},
						{
							"origin": [-6.5, -2.5, 36],
							"size": [13, 11, 24],
							"uv": {
								"north": {"uv": [20, 8], "uv_size": [8, 8]},
								"east": {"uv": [12, 8], "uv_size": [24, 8]},
								"south": {"uv": [20, 8], "uv_size": [8, 8]},
								"west": {"uv": [36, 8], "uv_size": [-24, 8]},
								"up": {"uv": [12, 0], "uv_size": [-12, 24]},
								"down": {"uv": [0, 24], "uv_size": [12, 24]}
							}
						},
						{
							"origin": [0, 8.5, 36],
							"size": [0, 3, 24],
							"uv": {
								"north": {"uv": [128, 128], "uv_size": [0, 0]},
								"east": {"uv": [88, 0], "uv_size": [20, 4]},
								"south": {"uv": [128, 128], "uv_size": [0, 0]},
								"west": {"uv": [108, 0], "uv_size": [-20, 4]},
								"up": {"uv": [128, 128], "uv_size": [0, 0]},
								"down": {"uv": [128, 128], "uv_size": [0, 0]}
							}
						}
					]
				},
				{
					"name": "rightArmDragon",
					"parent": "bodyDragon3",
					"pivot": [-7, 3, 44],
					"cubes": [
						{
							"origin": [-12, -6.5, 41],
							"size": [6, 12, 6],
							"uv": {
								"north": {"uv": [9, 0], "uv_size": [-6, 12]},
								"east": {"uv": [3, 0], "uv_size": [6, 12]},
								"south": {"uv": [3, 12], "uv_size": [6, -12]},
								"west": {"uv": [3, 0], "uv_size": [6, 12]},
								"up": {"uv": [60, 8], "uv_size": [-8, -8]},
								"down": {"uv": [60, 8], "uv_size": [-8, -8]}
							}
						}
					]
				},
				{
					"name": "rightForeArmDragon",
					"parent": "rightArmDragon",
					"pivot": [-9, -6.5, 44],
					"cubes": [
						{
							"origin": [-11, -14.5, 42],
							"size": [4, 8, 4],
							"uv": {
								"north": {"uv": [8, 0], "uv_size": [-4, 8]},
								"east": {"uv": [4, 0], "uv_size": [4, 8]},
								"south": {"uv": [4, 8], "uv_size": [4, -8]},
								"west": {"uv": [4, 0], "uv_size": [4, 8]},
								"up": {"uv": [60, 8], "uv_size": [-8, -8]},
								"down": {"uv": [60, 8], "uv_size": [-8, -8]}
							}
						},
						{
							"origin": [-10.25, -20.5, 42.75],
							"size": [2.5, 6, 2.5],
							"uv": {
								"north": {"uv": [7, 0], "uv_size": [-2, 6]},
								"east": {"uv": [5, 0], "uv_size": [2, 6]},
								"south": {"uv": [5, 6], "uv_size": [2, -6]},
								"west": {"uv": [5, 0], "uv_size": [2, 6]},
								"up": {"uv": [60, 8], "uv_size": [-8, -8]},
								"down": {"uv": [60, 8], "uv_size": [-8, -8]}
							}
						}
					]
				},
				{
					"name": "rightHandDragon",
					"parent": "rightForeArmDragon",
					"pivot": [-9, -20.5, 44],
					"cubes": [
						{
							"origin": [-10, -24.5, 42.5],
							"size": [1, 4, 1],
							"inflate": 0.1,
							"pivot": [-9.5, -20.5, 43],
							"rotation": [-12.5, 0, -2.5],
							"uv": {
								"north": {"uv": [45, 1], "uv_size": [6, 6]},
								"east": {"uv": [45, 1], "uv_size": [6, 6]},
								"south": {"uv": [45, 1], "uv_size": [6, 6]},
								"west": {"uv": [45, 1], "uv_size": [6, 6]},
								"up": {"uv": [51, 7], "uv_size": [-6, -6]},
								"down": {"uv": [51, 7], "uv_size": [-6, -6]}
							}
						},
						{
							"origin": [-10, -20.5, 42],
							"size": [4, 1, 1],
							"inflate": 0.1,
							"pivot": [-9.5, -20, 42.5],
							"rotation": [0, 85, 0],
							"uv": {
								"north": {"uv": [45, 1], "uv_size": [6, 6]},
								"east": {"uv": [45, 1], "uv_size": [6, 6]},
								"south": {"uv": [45, 1], "uv_size": [6, 6]},
								"west": {"uv": [45, 1], "uv_size": [6, 6]},
								"up": {"uv": [51, 7], "uv_size": [-6, -6]},
								"down": {"uv": [51, 7], "uv_size": [-6, -6]}
							}
						},
						{
							"origin": [-10, -24.5, 44.5],
							"size": [1, 4, 1],
							"inflate": 0.1,
							"pivot": [-9.5, -20.5, 45],
							"rotation": [12.5, 0, -2.5],
							"uv": {
								"north": {"uv": [45, 1], "uv_size": [6, 6]},
								"east": {"uv": [45, 1], "uv_size": [6, 6]},
								"south": {"uv": [45, 1], "uv_size": [6, 6]},
								"west": {"uv": [45, 1], "uv_size": [6, 6]},
								"up": {"uv": [51, 7], "uv_size": [-6, -6]},
								"down": {"uv": [51, 7], "uv_size": [-6, -6]}
							}
						},
						{
							"origin": [-10, -24.5, 43.5],
							"size": [1, 4, 1],
							"inflate": 0.1,
							"pivot": [-9.5, -20.5, 44],
							"rotation": [0, 0, 5],
							"uv": {
								"north": {"uv": [45, 1], "uv_size": [6, 6]},
								"east": {"uv": [45, 1], "uv_size": [6, 6]},
								"south": {"uv": [45, 1], "uv_size": [6, 6]},
								"west": {"uv": [45, 1], "uv_size": [6, 6]},
								"up": {"uv": [51, 7], "uv_size": [-6, -6]},
								"down": {"uv": [51, 7], "uv_size": [-6, -6]}
							}
						},
						{
							"origin": [-10, -20, 37],
							"size": [1, 0.001, 2],
							"pivot": [-9.5, -20, 42.5],
							"rotation": [0, -5, 0],
							"uv": {
								"north": {"uv": [128, 128], "uv_size": [0, 0]},
								"east": {"uv": [128, 128], "uv_size": [0, 0]},
								"south": {"uv": [128, 128], "uv_size": [0, 0]},
								"west": {"uv": [128, 128], "uv_size": [0, 0]},
								"up": {"uv": [15, 17], "uv_size": [-2, 4]},
								"down": {"uv": [15, 21], "uv_size": [-2, -4]}
							}
						},
						{
							"origin": [-10.001, -26.5, 43],
							"size": [1.001, 2, 0],
							"pivot": [-9.5, -20.5, 43],
							"rotation": [-12.5, 0, -2.5],
							"uv": {
								"north": {"uv": [15, 17], "uv_size": [-2, 4]},
								"east": {"uv": [128, 128], "uv_size": [0, 0]},
								"south": {"uv": [128, 128], "uv_size": [0, 0]},
								"west": {"uv": [128, 128], "uv_size": [0, 0]},
								"up": {"uv": [128, 128], "uv_size": [0, 0]},
								"down": {"uv": [128, 128], "uv_size": [0, 0]}
							}
						},
						{
							"origin": [-10.251, -26.5, 44],
							"size": [1.001, 2, 0],
							"uv": {
								"north": {"uv": [15, 17], "uv_size": [-2, 4]},
								"east": {"uv": [128, 128], "uv_size": [0, 0]},
								"south": {"uv": [128, 128], "uv_size": [0, 0]},
								"west": {"uv": [128, 128], "uv_size": [0, 0]},
								"up": {"uv": [128, 128], "uv_size": [0, 0]},
								"down": {"uv": [128, 128], "uv_size": [0, 0]}
							}
						},
						{
							"origin": [-10.001, -26.5, 45],
							"size": [1.001, 2, 0],
							"pivot": [-9.5, -20.5, 45],
							"rotation": [12.5, 0, -2.5],
							"uv": {
								"north": {"uv": [15, 17], "uv_size": [-2, 4]},
								"east": {"uv": [128, 128], "uv_size": [0, 0]},
								"south": {"uv": [128, 128], "uv_size": [0, 0]},
								"west": {"uv": [128, 128], "uv_size": [0, 0]},
								"up": {"uv": [128, 128], "uv_size": [0, 0]},
								"down": {"uv": [128, 128], "uv_size": [0, 0]}
							}
						}
					]
				},
				{
					"name": "rightItem",
					"parent": "rightHandDragon",
					"pivot": [-8.5, -21, 44]
				},
				{
					"name": "katana",
					"parent": "rightHandDragon",
					"pivot": [-8.5, -21, 44]
				},
				{
					"name": "leftArmDragon",
					"parent": "bodyDragon3",
					"pivot": [7, 3, 44],
					"cubes": [
						{
							"origin": [6, -6.5, 41],
							"size": [6, 12, 6],
							"uv": {
								"north": {"uv": [3, 0], "uv_size": [6, 12]},
								"east": {"uv": [9, 0], "uv_size": [-6, 12]},
								"south": {"uv": [9, 12], "uv_size": [-6, -12]},
								"west": {"uv": [9, 0], "uv_size": [-6, 12]},
								"up": {"uv": [52, 8], "uv_size": [8, -8]},
								"down": {"uv": [52, 8], "uv_size": [8, -8]}
							}
						}
					]
				},
				{
					"name": "leftForeArmDragon",
					"parent": "leftArmDragon",
					"pivot": [9, -6.5, 44],
					"cubes": [
						{
							"origin": [7, -14.5, 42],
							"size": [4, 8, 4],
							"uv": {
								"north": {"uv": [4, 0], "uv_size": [4, 8]},
								"east": {"uv": [8, 0], "uv_size": [-4, 8]},
								"south": {"uv": [8, 8], "uv_size": [-4, -8]},
								"west": {"uv": [8, 0], "uv_size": [-4, 8]},
								"up": {"uv": [52, 8], "uv_size": [8, -8]},
								"down": {"uv": [52, 8], "uv_size": [8, -8]}
							}
						},
						{
							"origin": [7.75, -20.5, 42.75],
							"size": [2.5, 6, 2.5],
							"uv": {
								"north": {"uv": [5, 0], "uv_size": [2, 6]},
								"east": {"uv": [7, 0], "uv_size": [-2, 6]},
								"south": {"uv": [7, 6], "uv_size": [-2, -6]},
								"west": {"uv": [7, 0], "uv_size": [-2, 6]},
								"up": {"uv": [52, 8], "uv_size": [8, -8]},
								"down": {"uv": [52, 8], "uv_size": [8, -8]}
							}
						}
					]
				},
				{
					"name": "leftHandDragon",
					"parent": "leftForeArmDragon",
					"pivot": [9, -20.5, 44],
					"cubes": [
						{
							"origin": [9, -24.5, 42.5],
							"size": [1, 4, 1],
							"inflate": 0.1,
							"pivot": [9.5, -20.5, 43],
							"rotation": [-12.5, 0, 2.5],
							"uv": {
								"north": {"uv": [51, 1], "uv_size": [-6, 6]},
								"east": {"uv": [51, 1], "uv_size": [-6, 6]},
								"south": {"uv": [51, 1], "uv_size": [-6, 6]},
								"west": {"uv": [51, 1], "uv_size": [-6, 6]},
								"up": {"uv": [45, 7], "uv_size": [6, -6]},
								"down": {"uv": [45, 7], "uv_size": [6, -6]}
							}
						},
						{
							"origin": [6, -20.5, 42],
							"size": [4, 1, 1],
							"inflate": 0.1,
							"pivot": [9.5, -20, 42.5],
							"rotation": [0, -85, 0],
							"uv": {
								"north": {"uv": [51, 1], "uv_size": [-6, 6]},
								"east": {"uv": [51, 1], "uv_size": [-6, 6]},
								"south": {"uv": [51, 1], "uv_size": [-6, 6]},
								"west": {"uv": [51, 1], "uv_size": [-6, 6]},
								"up": {"uv": [45, 7], "uv_size": [6, -6]},
								"down": {"uv": [45, 7], "uv_size": [6, -6]}
							}
						},
						{
							"origin": [9, -24.5, 44.5],
							"size": [1, 4, 1],
							"inflate": 0.1,
							"pivot": [9.5, -20.5, 45],
							"rotation": [12.5, 0, 2.5],
							"uv": {
								"north": {"uv": [51, 1], "uv_size": [-6, 6]},
								"east": {"uv": [51, 1], "uv_size": [-6, 6]},
								"south": {"uv": [51, 1], "uv_size": [-6, 6]},
								"west": {"uv": [51, 1], "uv_size": [-6, 6]},
								"up": {"uv": [45, 7], "uv_size": [6, -6]},
								"down": {"uv": [45, 7], "uv_size": [6, -6]}
							}
						},
						{
							"origin": [9, -24.5, 43.5],
							"size": [1, 4, 1],
							"inflate": 0.1,
							"pivot": [9.5, -20.5, 44],
							"rotation": [0, 0, -5],
							"uv": {
								"north": {"uv": [51, 1], "uv_size": [-6, 6]},
								"east": {"uv": [51, 1], "uv_size": [-6, 6]},
								"south": {"uv": [51, 1], "uv_size": [-6, 6]},
								"west": {"uv": [51, 1], "uv_size": [-6, 6]},
								"up": {"uv": [45, 7], "uv_size": [6, -6]},
								"down": {"uv": [45, 7], "uv_size": [6, -6]}
							}
						},
						{
							"origin": [9, -20, 37],
							"size": [1, 0.001, 2],
							"pivot": [9.5, -20, 42.5],
							"rotation": [0, 5, 0],
							"uv": {
								"north": {"uv": [128, 128], "uv_size": [0, 0]},
								"east": {"uv": [128, 128], "uv_size": [0, 0]},
								"south": {"uv": [128, 128], "uv_size": [0, 0]},
								"west": {"uv": [128, 128], "uv_size": [0, 0]},
								"up": {"uv": [13, 17], "uv_size": [2, 4]},
								"down": {"uv": [13, 21], "uv_size": [2, -4]}
							}
						},
						{
							"origin": [9, -26.5, 43],
							"size": [1.001, 2, 0],
							"pivot": [9.5, -20.5, 43],
							"rotation": [-12.5, 0, 2.5],
							"uv": {
								"north": {"uv": [13, 17], "uv_size": [2, 4]},
								"east": {"uv": [128, 128], "uv_size": [0, 0]},
								"south": {"uv": [128, 128], "uv_size": [0, 0]},
								"west": {"uv": [128, 128], "uv_size": [0, 0]},
								"up": {"uv": [128, 128], "uv_size": [0, 0]},
								"down": {"uv": [128, 128], "uv_size": [0, 0]}
							}
						},
						{
							"origin": [9.25, -26.5, 44],
							"size": [1.001, 2, 0],
							"uv": {
								"north": {"uv": [13, 17], "uv_size": [2, 4]},
								"east": {"uv": [128, 128], "uv_size": [0, 0]},
								"south": {"uv": [128, 128], "uv_size": [0, 0]},
								"west": {"uv": [128, 128], "uv_size": [0, 0]},
								"up": {"uv": [128, 128], "uv_size": [0, 0]},
								"down": {"uv": [128, 128], "uv_size": [0, 0]}
							}
						},
						{
							"origin": [9, -26.5, 45],
							"size": [1.001, 2, 0],
							"pivot": [9.5, -20.5, 45],
							"rotation": [12.5, 0, 2.5],
							"uv": {
								"north": {"uv": [13, 17], "uv_size": [2, 4]},
								"east": {"uv": [128, 128], "uv_size": [0, 0]},
								"south": {"uv": [128, 128], "uv_size": [0, 0]},
								"west": {"uv": [128, 128], "uv_size": [0, 0]},
								"up": {"uv": [128, 128], "uv_size": [0, 0]},
								"down": {"uv": [128, 128], "uv_size": [0, 0]}
							}
						}
					]
				},
				{
					"name": "leftItem",
					"parent": "leftHandDragon",
					"pivot": [8.5, -21, 44]
				},
				{
					"name": "katana2",
					"parent": "leftHandDragon",
					"pivot": [8.5, -21, 44]
				},
				{
					"name": "bodyDragon4",
					"parent": "bodyDragon3",
					"pivot": [0, 4.5, 60],
					"cubes": [
						{
							"origin": [-7, -2.5, 60],
							"size": [14, 11, 24],
							"uv": {
								"north": {"uv": [20, 8], "uv_size": [8, 8]},
								"east": {"uv": [12, 8], "uv_size": [24, 8]},
								"south": {"uv": [20, 8], "uv_size": [8, 8]},
								"west": {"uv": [36, 8], "uv_size": [-24, 8]},
								"up": {"uv": [12, 0], "uv_size": [-12, 24]},
								"down": {"uv": [0, 24], "uv_size": [12, 24]}
							}
						},
						{
							"origin": [0, 8.5, 60],
							"size": [0, 3, 24],
							"uv": {
								"north": {"uv": [128, 128], "uv_size": [0, 0]},
								"east": {"uv": [88, 0], "uv_size": [20, 4]},
								"south": {"uv": [128, 128], "uv_size": [0, 0]},
								"west": {"uv": [108, 0], "uv_size": [-20, 4]},
								"up": {"uv": [128, 128], "uv_size": [0, 0]},
								"down": {"uv": [128, 128], "uv_size": [0, 0]}
							}
						}
					]
				},
				{
					"name": "bodyDragon5",
					"parent": "bodyDragon4",
					"pivot": [0, 4.5, 84.5],
					"cubes": [
						{
							"origin": [-7, -2.5, 84],
							"size": [14, 11, 24],
							"uv": {
								"north": {"uv": [20, 8], "uv_size": [8, 8]},
								"east": {"uv": [12, 8], "uv_size": [24, 8]},
								"south": {"uv": [20, 8], "uv_size": [8, 8]},
								"west": {"uv": [36, 8], "uv_size": [-24, 8]},
								"up": {"uv": [12, 0], "uv_size": [-12, 24]},
								"down": {"uv": [0, 24], "uv_size": [12, 24]}
							}
						},
						{
							"origin": [0, 8.5, 84],
							"size": [0, 3, 24],
							"uv": {
								"north": {"uv": [128, 128], "uv_size": [0, 0]},
								"east": {"uv": [88, 0], "uv_size": [20, 4]},
								"south": {"uv": [128, 128], "uv_size": [0, 0]},
								"west": {"uv": [108, 0], "uv_size": [-20, 4]},
								"up": {"uv": [128, 128], "uv_size": [0, 0]},
								"down": {"uv": [128, 128], "uv_size": [0, 0]}
							}
						}
					]
				},
				{
					"name": "bodyDragon6",
					"parent": "bodyDragon5",
					"pivot": [0, 4.5, 108],
					"cubes": [
						{
							"origin": [-7, -2.5, 108],
							"size": [14, 11, 24],
							"uv": {
								"north": {"uv": [20, 8], "uv_size": [8, 8]},
								"east": {"uv": [12, 8], "uv_size": [24, 8]},
								"south": {"uv": [20, 8], "uv_size": [8, 8]},
								"west": {"uv": [36, 8], "uv_size": [-24, 8]},
								"up": {"uv": [12, 0], "uv_size": [-12, 24]},
								"down": {"uv": [0, 24], "uv_size": [12, 24]}
							}
						},
						{
							"origin": [0, 8.5, 108],
							"size": [0, 3, 24],
							"uv": {
								"north": {"uv": [128, 128], "uv_size": [0, 0]},
								"east": {"uv": [88, 0], "uv_size": [20, 4]},
								"south": {"uv": [128, 128], "uv_size": [0, 0]},
								"west": {"uv": [108, 0], "uv_size": [-20, 4]},
								"up": {"uv": [128, 128], "uv_size": [0, 0]},
								"down": {"uv": [128, 128], "uv_size": [0, 0]}
							}
						}
					]
				},
				{
					"name": "bodyDragon7",
					"parent": "bodyDragon6",
					"pivot": [0, 4.5, 132],
					"cubes": [
						{
							"origin": [-7, -2.5, 132],
							"size": [14, 11, 24],
							"uv": {
								"north": {"uv": [20, 8], "uv_size": [8, 8]},
								"east": {"uv": [12, 8], "uv_size": [24, 8]},
								"south": {"uv": [20, 8], "uv_size": [8, 8]},
								"west": {"uv": [36, 8], "uv_size": [-24, 8]},
								"up": {"uv": [12, 0], "uv_size": [-12, 24]},
								"down": {"uv": [0, 24], "uv_size": [12, 24]}
							}
						},
						{
							"origin": [0, 8.5, 132],
							"size": [0, 3, 24],
							"uv": {
								"north": {"uv": [128, 128], "uv_size": [0, 0]},
								"east": {"uv": [88, 0], "uv_size": [20, 4]},
								"south": {"uv": [128, 128], "uv_size": [0, 0]},
								"west": {"uv": [108, 0], "uv_size": [-20, 4]},
								"up": {"uv": [128, 128], "uv_size": [0, 0]},
								"down": {"uv": [128, 128], "uv_size": [0, 0]}
							}
						}
					]
				},
				{
					"name": "bodyDragon8",
					"parent": "bodyDragon7",
					"pivot": [0, 4.5, 156],
					"cubes": [
						{
							"origin": [-7, -2.5, 156],
							"size": [14, 11, 24],
							"uv": {
								"north": {"uv": [20, 8], "uv_size": [8, 8]},
								"east": {"uv": [12, 8], "uv_size": [24, 8]},
								"south": {"uv": [20, 8], "uv_size": [8, 8]},
								"west": {"uv": [36, 8], "uv_size": [-24, 8]},
								"up": {"uv": [12, 0], "uv_size": [-12, 24]},
								"down": {"uv": [0, 24], "uv_size": [12, 24]}
							}
						},
						{
							"origin": [0, 8.5, 156],
							"size": [0, 3, 24],
							"uv": {
								"north": {"uv": [128, 128], "uv_size": [0, 0]},
								"east": {"uv": [88, 0], "uv_size": [20, 4]},
								"south": {"uv": [128, 128], "uv_size": [0, 0]},
								"west": {"uv": [108, 0], "uv_size": [-20, 4]},
								"up": {"uv": [128, 128], "uv_size": [0, 0]},
								"down": {"uv": [128, 128], "uv_size": [0, 0]}
							}
						}
					]
				},
				{
					"name": "bodyDragon9",
					"parent": "bodyDragon8",
					"pivot": [0, 4.5, 180],
					"cubes": [
						{
							"origin": [-7, -2.5, 180],
							"size": [14, 11, 24],
							"uv": {
								"north": {"uv": [20, 8], "uv_size": [8, 8]},
								"east": {"uv": [12, 8], "uv_size": [24, 8]},
								"south": {"uv": [20, 8], "uv_size": [8, 8]},
								"west": {"uv": [36, 8], "uv_size": [-24, 8]},
								"up": {"uv": [12, 0], "uv_size": [-12, 24]},
								"down": {"uv": [0, 24], "uv_size": [12, 24]}
							}
						},
						{
							"origin": [0, 8.5, 180],
							"size": [0, 3, 24],
							"uv": {
								"north": {"uv": [128, 128], "uv_size": [0, 0]},
								"east": {"uv": [88, 0], "uv_size": [20, 4]},
								"south": {"uv": [128, 128], "uv_size": [0, 0]},
								"west": {"uv": [108, 0], "uv_size": [-20, 4]},
								"up": {"uv": [128, 128], "uv_size": [0, 0]},
								"down": {"uv": [128, 128], "uv_size": [0, 0]}
							}
						}
					]
				},
				{
					"name": "bodyDragon10",
					"parent": "bodyDragon9",
					"pivot": [0, 4.5, 204],
					"cubes": [
						{
							"origin": [-7, -2.5, 204],
							"size": [14, 11, 24],
							"uv": {
								"north": {"uv": [20, 8], "uv_size": [8, 8]},
								"east": {"uv": [12, 8], "uv_size": [24, 8]},
								"south": {"uv": [20, 8], "uv_size": [8, 8]},
								"west": {"uv": [36, 8], "uv_size": [-24, 8]},
								"up": {"uv": [12, 0], "uv_size": [-12, 24]},
								"down": {"uv": [0, 24], "uv_size": [12, 24]}
							}
						},
						{
							"origin": [0, 8.5, 204],
							"size": [0, 3, 24],
							"uv": {
								"north": {"uv": [128, 128], "uv_size": [0, 0]},
								"east": {"uv": [88, 0], "uv_size": [20, 4]},
								"south": {"uv": [128, 128], "uv_size": [0, 0]},
								"west": {"uv": [108, 0], "uv_size": [-20, 4]},
								"up": {"uv": [128, 128], "uv_size": [0, 0]},
								"down": {"uv": [128, 128], "uv_size": [0, 0]}
							}
						}
					]
				},
				{
					"name": "bodyDragon11",
					"parent": "bodyDragon10",
					"pivot": [0, 4.5, 228],
					"cubes": [
						{
							"origin": [-7, -2.5, 228],
							"size": [14, 11, 24],
							"uv": {
								"north": {"uv": [20, 8], "uv_size": [8, 8]},
								"east": {"uv": [12, 8], "uv_size": [24, 8]},
								"south": {"uv": [20, 8], "uv_size": [8, 8]},
								"west": {"uv": [36, 8], "uv_size": [-24, 8]},
								"up": {"uv": [12, 0], "uv_size": [-12, 24]},
								"down": {"uv": [0, 24], "uv_size": [12, 24]}
							}
						},
						{
							"origin": [0, 8.5, 228],
							"size": [0, 3, 24],
							"uv": {
								"north": {"uv": [128, 128], "uv_size": [0, 0]},
								"east": {"uv": [88, 0], "uv_size": [20, 4]},
								"south": {"uv": [128, 128], "uv_size": [0, 0]},
								"west": {"uv": [108, 0], "uv_size": [-20, 4]},
								"up": {"uv": [128, 128], "uv_size": [0, 0]},
								"down": {"uv": [128, 128], "uv_size": [0, 0]}
							}
						}
					]
				},
				{
					"name": "bodyDragon12",
					"parent": "bodyDragon11",
					"pivot": [0, 4.5, 252],
					"cubes": [
						{
							"origin": [-7, -2.5, 252],
							"size": [14, 11, 24],
							"uv": {
								"north": {"uv": [20, 8], "uv_size": [8, 8]},
								"east": {"uv": [12, 8], "uv_size": [24, 8]},
								"south": {"uv": [20, 8], "uv_size": [8, 8]},
								"west": {"uv": [36, 8], "uv_size": [-24, 8]},
								"up": {"uv": [12, 0], "uv_size": [-12, 24]},
								"down": {"uv": [0, 24], "uv_size": [12, 24]}
							}
						},
						{
							"origin": [0, 8.5, 252],
							"size": [0, 3, 24],
							"uv": {
								"north": {"uv": [128, 128], "uv_size": [0, 0]},
								"east": {"uv": [88, 0], "uv_size": [20, 4]},
								"south": {"uv": [128, 128], "uv_size": [0, 0]},
								"west": {"uv": [108, 0], "uv_size": [-20, 4]},
								"up": {"uv": [128, 128], "uv_size": [0, 0]},
								"down": {"uv": [128, 128], "uv_size": [0, 0]}
							}
						}
					]
				},
				{
					"name": "bodyDragon13",
					"parent": "bodyDragon12",
					"pivot": [0, 4.5, 276],
					"cubes": [
						{
							"origin": [-7, -2.5, 276],
							"size": [14, 11, 24],
							"uv": {
								"north": {"uv": [20, 8], "uv_size": [8, 8]},
								"east": {"uv": [12, 8], "uv_size": [24, 8]},
								"south": {"uv": [20, 8], "uv_size": [8, 8]},
								"west": {"uv": [36, 8], "uv_size": [-24, 8]},
								"up": {"uv": [12, 0], "uv_size": [-12, 24]},
								"down": {"uv": [0, 24], "uv_size": [12, 24]}
							}
						},
						{
							"origin": [0, 8.5, 276],
							"size": [0, 3, 24],
							"uv": {
								"north": {"uv": [128, 128], "uv_size": [0, 0]},
								"east": {"uv": [88, 0], "uv_size": [20, 4]},
								"south": {"uv": [128, 128], "uv_size": [0, 0]},
								"west": {"uv": [108, 0], "uv_size": [-20, 4]},
								"up": {"uv": [128, 128], "uv_size": [0, 0]},
								"down": {"uv": [128, 128], "uv_size": [0, 0]}
							}
						}
					]
				},
				{
					"name": "bodyDragon14",
					"parent": "bodyDragon13",
					"pivot": [0, 4.5, 300],
					"cubes": [
						{
							"origin": [-7, -2.5, 300],
							"size": [14, 11, 24],
							"uv": {
								"north": {"uv": [20, 8], "uv_size": [8, 8]},
								"east": {"uv": [12, 8], "uv_size": [24, 8]},
								"south": {"uv": [20, 8], "uv_size": [8, 8]},
								"west": {"uv": [36, 8], "uv_size": [-24, 8]},
								"up": {"uv": [12, 0], "uv_size": [-12, 24]},
								"down": {"uv": [0, 24], "uv_size": [12, 24]}
							}
						},
						{
							"origin": [0, 8.5, 300],
							"size": [0, 3, 24],
							"uv": {
								"north": {"uv": [128, 128], "uv_size": [0, 0]},
								"east": {"uv": [88, 0], "uv_size": [20, 4]},
								"south": {"uv": [128, 128], "uv_size": [0, 0]},
								"west": {"uv": [108, 0], "uv_size": [-20, 4]},
								"up": {"uv": [128, 128], "uv_size": [0, 0]},
								"down": {"uv": [128, 128], "uv_size": [0, 0]}
							}
						}
					]
				},
				{
					"name": "bodyDragon15",
					"parent": "bodyDragon14",
					"pivot": [0, 4.5, 324],
					"cubes": [
						{
							"origin": [-7, -2.5, 324],
							"size": [14, 11, 24],
							"uv": {
								"north": {"uv": [20, 8], "uv_size": [8, 8]},
								"east": {"uv": [12, 8], "uv_size": [24, 8]},
								"south": {"uv": [20, 8], "uv_size": [8, 8]},
								"west": {"uv": [36, 8], "uv_size": [-24, 8]},
								"up": {"uv": [12, 0], "uv_size": [-12, 24]},
								"down": {"uv": [0, 24], "uv_size": [12, 24]}
							}
						},
						{
							"origin": [0, 8.5, 324],
							"size": [0, 3, 24],
							"uv": {
								"north": {"uv": [128, 128], "uv_size": [0, 0]},
								"east": {"uv": [88, 0], "uv_size": [20, 4]},
								"south": {"uv": [128, 128], "uv_size": [0, 0]},
								"west": {"uv": [108, 0], "uv_size": [-20, 4]},
								"up": {"uv": [128, 128], "uv_size": [0, 0]},
								"down": {"uv": [128, 128], "uv_size": [0, 0]}
							}
						}
					]
				},
				{
					"name": "bodyDragon16",
					"parent": "bodyDragon15",
					"pivot": [0, 4.5, 348],
					"cubes": [
						{
							"origin": [-7, -2.5, 348],
							"size": [14, 11, 24],
							"uv": {
								"north": {"uv": [20, 8], "uv_size": [8, 8]},
								"east": {"uv": [12, 8], "uv_size": [24, 8]},
								"south": {"uv": [20, 8], "uv_size": [8, 8]},
								"west": {"uv": [36, 8], "uv_size": [-24, 8]},
								"up": {"uv": [12, 0], "uv_size": [-12, 24]},
								"down": {"uv": [0, 24], "uv_size": [12, 24]}
							}
						},
						{
							"origin": [0, 8.5, 348],
							"size": [0, 3, 24],
							"uv": {
								"north": {"uv": [128, 128], "uv_size": [0, 0]},
								"east": {"uv": [88, 0], "uv_size": [20, 4]},
								"south": {"uv": [128, 128], "uv_size": [0, 0]},
								"west": {"uv": [108, 0], "uv_size": [-20, 4]},
								"up": {"uv": [128, 128], "uv_size": [0, 0]},
								"down": {"uv": [128, 128], "uv_size": [0, 0]}
							}
						}
					]
				},
				{
					"name": "bodyDragon17",
					"parent": "bodyDragon16",
					"pivot": [0, 4.5, 371.75],
					"cubes": [
						{
							"origin": [-7, -2.5, 372],
							"size": [14, 11, 24],
							"uv": {
								"north": {"uv": [20, 8], "uv_size": [8, 8]},
								"east": {"uv": [12, 8], "uv_size": [24, 8]},
								"south": {"uv": [20, 8], "uv_size": [8, 8]},
								"west": {"uv": [36, 8], "uv_size": [-24, 8]},
								"up": {"uv": [12, 0], "uv_size": [-12, 24]},
								"down": {"uv": [0, 24], "uv_size": [12, 24]}
							}
						},
						{
							"origin": [0, 8.5, 372],
							"size": [0, 3, 24],
							"uv": {
								"north": {"uv": [128, 128], "uv_size": [0, 0]},
								"east": {"uv": [88, 0], "uv_size": [20, 4]},
								"south": {"uv": [128, 128], "uv_size": [0, 0]},
								"west": {"uv": [108, 0], "uv_size": [-20, 4]},
								"up": {"uv": [128, 128], "uv_size": [0, 0]},
								"down": {"uv": [128, 128], "uv_size": [0, 0]}
							}
						}
					]
				},
				{
					"name": "bodyDragon18",
					"parent": "bodyDragon17",
					"pivot": [0, 4.5, 396],
					"cubes": [
						{
							"origin": [-6, -2.5, 396],
							"size": [12, 11, 24],
							"uv": {
								"north": {"uv": [20, 8], "uv_size": [8, 8]},
								"east": {"uv": [12, 8], "uv_size": [24, 8]},
								"south": {"uv": [20, 8], "uv_size": [8, 8]},
								"west": {"uv": [36, 8], "uv_size": [-24, 8]},
								"up": {"uv": [12, 0], "uv_size": [-12, 24]},
								"down": {"uv": [0, 24], "uv_size": [12, 24]}
							}
						},
						{
							"origin": [0, 8.5, 396],
							"size": [0, 3, 24],
							"uv": {
								"north": {"uv": [128, 128], "uv_size": [0, 0]},
								"east": {"uv": [88, 0], "uv_size": [20, 4]},
								"south": {"uv": [128, 128], "uv_size": [0, 0]},
								"west": {"uv": [108, 0], "uv_size": [-20, 4]},
								"up": {"uv": [128, 128], "uv_size": [0, 0]},
								"down": {"uv": [128, 128], "uv_size": [0, 0]}
							}
						}
					]
				},
				{
					"name": "bodyDragon20",
					"parent": "bodyDragon18",
					"pivot": [0, 4.5, 420],
					"cubes": [
						{
							"origin": [-5.25, -1.75, 420],
							"size": [10.5, 9.5, 24],
							"uv": {
								"north": {"uv": [20, 8], "uv_size": [8, 8]},
								"east": {"uv": [12, 8], "uv_size": [24, 8]},
								"south": {"uv": [20, 8], "uv_size": [8, 8]},
								"west": {"uv": [36, 8], "uv_size": [-24, 8]},
								"up": {"uv": [12, 0], "uv_size": [-12, 24]},
								"down": {"uv": [0, 24], "uv_size": [12, 24]}
							}
						},
						{
							"origin": [0, 7.5, 420],
							"size": [0, 3, 24],
							"uv": {
								"north": {"uv": [128, 128], "uv_size": [0, 0]},
								"east": {"uv": [88, 0], "uv_size": [20, 4]},
								"south": {"uv": [128, 128], "uv_size": [0, 0]},
								"west": {"uv": [108, 0], "uv_size": [-20, 4]},
								"up": {"uv": [128, 128], "uv_size": [0, 0]},
								"down": {"uv": [128, 128], "uv_size": [0, 0]}
							}
						}
					]
				},
				{
					"name": "bodyDragon21",
					"parent": "bodyDragon20",
					"pivot": [0, 4.5, 444],
					"cubes": [
						{
							"origin": [0, 7, 444],
							"size": [0, 3, 24],
							"uv": {
								"north": {"uv": [128, 128], "uv_size": [0, 0]},
								"east": {"uv": [88, 0], "uv_size": [20, 4]},
								"south": {"uv": [128, 128], "uv_size": [0, 0]},
								"west": {"uv": [108, 0], "uv_size": [-20, 4]},
								"up": {"uv": [128, 128], "uv_size": [0, 0]},
								"down": {"uv": [128, 128], "uv_size": [0, 0]}
							}
						},
						{
							"origin": [-4.5, -1, 444],
							"size": [9, 8, 24],
							"uv": {
								"north": {"uv": [20, 8], "uv_size": [8, 8]},
								"east": {"uv": [12, 8], "uv_size": [24, 8]},
								"south": {"uv": [20, 8], "uv_size": [8, 8]},
								"west": {"uv": [36, 8], "uv_size": [-24, 8]},
								"up": {"uv": [12, 0], "uv_size": [-12, 24]},
								"down": {"uv": [0, 24], "uv_size": [12, 24]}
							}
						}
					]
				},
				{
					"name": "bodyDragon22",
					"parent": "bodyDragon21",
					"pivot": [0, 4.5, 468],
					"cubes": [
						{
							"origin": [-3.75, -0.25, 468],
							"size": [7.5, 6.5, 24],
							"uv": {
								"north": {"uv": [20, 8], "uv_size": [8, 8]},
								"east": {"uv": [12, 8], "uv_size": [24, 8]},
								"south": {"uv": [20, 8], "uv_size": [8, 8]},
								"west": {"uv": [36, 8], "uv_size": [-24, 8]},
								"up": {"uv": [12, 0], "uv_size": [-12, 24]},
								"down": {"uv": [0, 24], "uv_size": [12, 24]}
							}
						},
						{
							"origin": [0, -16.5, 490],
							"size": [0, 44, 24],
							"pivot": [0, 3, 502],
							"rotation": [-90, 0, 0],
							"uv": {
								"north": {"uv": [128, 128], "uv_size": [0, 0]},
								"east": {"uv": [128, 128], "uv_size": [0, 0]},
								"south": {"uv": [128, 128], "uv_size": [0, 0]},
								"west": {"uv": [105, 70], "uv_size": [-11, 20]},
								"up": {"uv": [128, 128], "uv_size": [0, 0]},
								"down": {"uv": [128, 128], "uv_size": [0, 0]}
							}
						}
					]
				},
				{
					"name": "rightLegDragon",
					"parent": "bodyDragon12",
					"pivot": [-7.5, 2, 264.5],
					"cubes": [
						{
							"origin": [-12.5, -6.5, 261.5],
							"size": [6, 12, 6],
							"uv": {
								"north": {"uv": [9, 0], "uv_size": [-6, 12]},
								"east": {"uv": [3, 0], "uv_size": [6, 12]},
								"south": {"uv": [3, 12], "uv_size": [6, -12]},
								"west": {"uv": [3, 0], "uv_size": [6, 12]},
								"up": {"uv": [60, 8], "uv_size": [-8, -8]},
								"down": {"uv": [60, 8], "uv_size": [-8, -8]}
							}
						}
					]
				},
				{
					"name": "rightForeLegDragon",
					"parent": "rightLegDragon",
					"pivot": [-9.5, -6.5, 264.5],
					"cubes": [
						{
							"origin": [-11.5, -14.5, 262.5],
							"size": [4, 8, 4],
							"uv": {
								"north": {"uv": [8, 0], "uv_size": [-4, 8]},
								"east": {"uv": [4, 0], "uv_size": [4, 8]},
								"south": {"uv": [4, 8], "uv_size": [4, -8]},
								"west": {"uv": [4, 0], "uv_size": [4, 8]},
								"up": {"uv": [60, 8], "uv_size": [-8, -8]},
								"down": {"uv": [60, 8], "uv_size": [-8, -8]}
							}
						},
						{
							"origin": [-10.75, -20.5, 263.25],
							"size": [2.5, 6, 2.5],
							"uv": {
								"north": {"uv": [7, 0], "uv_size": [-2, 6]},
								"east": {"uv": [5, 0], "uv_size": [2, 6]},
								"south": {"uv": [5, 6], "uv_size": [2, -6]},
								"west": {"uv": [5, 0], "uv_size": [2, 6]},
								"up": {"uv": [60, 8], "uv_size": [-8, -8]},
								"down": {"uv": [60, 8], "uv_size": [-8, -8]}
							}
						}
					]
				},
				{
					"name": "hand",
					"parent": "rightForeLegDragon",
					"pivot": [-9.5, -20.5, 264.5],
					"cubes": [
						{
							"origin": [-10.5, -24.5, 263],
							"size": [1, 4, 1],
							"inflate": 0.1,
							"pivot": [-10, -20.5, 263.5],
							"rotation": [-12.5, 0, -2.5],
							"uv": {
								"north": {"uv": [45, 1], "uv_size": [6, 6]},
								"east": {"uv": [45, 1], "uv_size": [6, 6]},
								"south": {"uv": [45, 1], "uv_size": [6, 6]},
								"west": {"uv": [45, 1], "uv_size": [6, 6]},
								"up": {"uv": [51, 7], "uv_size": [-6, -6]},
								"down": {"uv": [51, 7], "uv_size": [-6, -6]}
							}
						},
						{
							"origin": [-10.5, -20.5, 262.5],
							"size": [4, 1, 1],
							"inflate": 0.1,
							"pivot": [-10, -20, 263],
							"rotation": [0, 85, 0],
							"uv": {
								"north": {"uv": [45, 1], "uv_size": [6, 6]},
								"east": {"uv": [45, 1], "uv_size": [6, 6]},
								"south": {"uv": [45, 1], "uv_size": [6, 6]},
								"west": {"uv": [45, 1], "uv_size": [6, 6]},
								"up": {"uv": [51, 7], "uv_size": [-6, -6]},
								"down": {"uv": [51, 7], "uv_size": [-6, -6]}
							}
						},
						{
							"origin": [-10.5, -24.5, 265],
							"size": [1, 4, 1],
							"inflate": 0.1,
							"pivot": [-10, -20.5, 265.5],
							"rotation": [12.5, 0, -2.5],
							"uv": {
								"north": {"uv": [45, 1], "uv_size": [6, 6]},
								"east": {"uv": [45, 1], "uv_size": [6, 6]},
								"south": {"uv": [45, 1], "uv_size": [6, 6]},
								"west": {"uv": [45, 1], "uv_size": [6, 6]},
								"up": {"uv": [51, 7], "uv_size": [-6, -6]},
								"down": {"uv": [51, 7], "uv_size": [-6, -6]}
							}
						},
						{
							"origin": [-10.5, -24.5, 264],
							"size": [1, 4, 1],
							"inflate": 0.1,
							"pivot": [-10, -20.5, 264.5],
							"rotation": [0, 0, 5],
							"uv": {
								"north": {"uv": [45, 1], "uv_size": [6, 6]},
								"east": {"uv": [45, 1], "uv_size": [6, 6]},
								"south": {"uv": [45, 1], "uv_size": [6, 6]},
								"west": {"uv": [45, 1], "uv_size": [6, 6]},
								"up": {"uv": [51, 7], "uv_size": [-6, -6]},
								"down": {"uv": [51, 7], "uv_size": [-6, -6]}
							}
						},
						{
							"origin": [-10.5, -20, 257.5],
							"size": [1, 0.001, 2],
							"pivot": [-10, -20, 263],
							"rotation": [0, -5, 0],
							"uv": {
								"north": {"uv": [128, 128], "uv_size": [0, 0]},
								"east": {"uv": [128, 128], "uv_size": [0, 0]},
								"south": {"uv": [128, 128], "uv_size": [0, 0]},
								"west": {"uv": [128, 128], "uv_size": [0, 0]},
								"up": {"uv": [15, 17], "uv_size": [-2, 4]},
								"down": {"uv": [15, 21], "uv_size": [-2, -4]}
							}
						},
						{
							"origin": [-10.501, -26.5, 263.5],
							"size": [1.001, 2, 0],
							"pivot": [-10, -20.5, 263.5],
							"rotation": [-12.5, 0, -2.5],
							"uv": {
								"north": {"uv": [15, 17], "uv_size": [-2, 4]},
								"east": {"uv": [128, 128], "uv_size": [0, 0]},
								"south": {"uv": [128, 128], "uv_size": [0, 0]},
								"west": {"uv": [128, 128], "uv_size": [0, 0]},
								"up": {"uv": [128, 128], "uv_size": [0, 0]},
								"down": {"uv": [128, 128], "uv_size": [0, 0]}
							}
						},
						{
							"origin": [-10.751, -26.5, 264.5],
							"size": [1.001, 2, 0],
							"uv": {
								"north": {"uv": [15, 17], "uv_size": [-2, 4]},
								"east": {"uv": [128, 128], "uv_size": [0, 0]},
								"south": {"uv": [128, 128], "uv_size": [0, 0]},
								"west": {"uv": [128, 128], "uv_size": [0, 0]},
								"up": {"uv": [128, 128], "uv_size": [0, 0]},
								"down": {"uv": [128, 128], "uv_size": [0, 0]}
							}
						},
						{
							"origin": [-10.501, -26.5, 265.5],
							"size": [1.001, 2, 0],
							"pivot": [-10, -20.5, 265.5],
							"rotation": [12.5, 0, -2.5],
							"uv": {
								"north": {"uv": [15, 17], "uv_size": [-2, 4]},
								"east": {"uv": [128, 128], "uv_size": [0, 0]},
								"south": {"uv": [128, 128], "uv_size": [0, 0]},
								"west": {"uv": [128, 128], "uv_size": [0, 0]},
								"up": {"uv": [128, 128], "uv_size": [0, 0]},
								"down": {"uv": [128, 128], "uv_size": [0, 0]}
							}
						}
					]
				},
				{
					"name": "leftLegDragon",
					"parent": "bodyDragon12",
					"pivot": [7.5, 2, 264.5],
					"cubes": [
						{
							"origin": [6.5, -6.5, 261.5],
							"size": [6, 12, 6],
							"uv": {
								"north": {"uv": [3, 0], "uv_size": [6, 12]},
								"east": {"uv": [9, 0], "uv_size": [-6, 12]},
								"south": {"uv": [9, 12], "uv_size": [-6, -12]},
								"west": {"uv": [9, 0], "uv_size": [-6, 12]},
								"up": {"uv": [52, 8], "uv_size": [8, -8]},
								"down": {"uv": [52, 8], "uv_size": [8, -8]}
							}
						}
					]
				},
				{
					"name": "leftForeLegDragon",
					"parent": "leftLegDragon",
					"pivot": [9.5, -6.5, 264.5],
					"cubes": [
						{
							"origin": [7.5, -14.5, 262.5],
							"size": [4, 8, 4],
							"uv": {
								"north": {"uv": [4, 0], "uv_size": [4, 8]},
								"east": {"uv": [8, 0], "uv_size": [-4, 8]},
								"south": {"uv": [8, 8], "uv_size": [-4, -8]},
								"west": {"uv": [8, 0], "uv_size": [-4, 8]},
								"up": {"uv": [52, 8], "uv_size": [8, -8]},
								"down": {"uv": [52, 8], "uv_size": [8, -8]}
							}
						},
						{
							"origin": [8.25, -20.5, 263.25],
							"size": [2.5, 6, 2.5],
							"uv": {
								"north": {"uv": [5, 0], "uv_size": [2, 6]},
								"east": {"uv": [7, 0], "uv_size": [-2, 6]},
								"south": {"uv": [7, 6], "uv_size": [-2, -6]},
								"west": {"uv": [7, 0], "uv_size": [-2, 6]},
								"up": {"uv": [52, 8], "uv_size": [8, -8]},
								"down": {"uv": [52, 8], "uv_size": [8, -8]}
							}
						}
					]
				},
				{
					"name": "hand2",
					"parent": "leftForeLegDragon",
					"pivot": [9.5, -20.5, 264.5],
					"cubes": [
						{
							"origin": [9.5, -24.5, 263],
							"size": [1, 4, 1],
							"inflate": 0.1,
							"pivot": [10, -20.5, 263.5],
							"rotation": [-12.5, 0, 2.5],
							"uv": {
								"north": {"uv": [51, 1], "uv_size": [-6, 6]},
								"east": {"uv": [51, 1], "uv_size": [-6, 6]},
								"south": {"uv": [51, 1], "uv_size": [-6, 6]},
								"west": {"uv": [51, 1], "uv_size": [-6, 6]},
								"up": {"uv": [45, 7], "uv_size": [6, -6]},
								"down": {"uv": [45, 7], "uv_size": [6, -6]}
							}
						},
						{
							"origin": [6.5, -20.5, 262.5],
							"size": [4, 1, 1],
							"inflate": 0.1,
							"pivot": [10, -20, 263],
							"rotation": [0, -85, 0],
							"uv": {
								"north": {"uv": [51, 1], "uv_size": [-6, 6]},
								"east": {"uv": [51, 1], "uv_size": [-6, 6]},
								"south": {"uv": [51, 1], "uv_size": [-6, 6]},
								"west": {"uv": [51, 1], "uv_size": [-6, 6]},
								"up": {"uv": [45, 7], "uv_size": [6, -6]},
								"down": {"uv": [45, 7], "uv_size": [6, -6]}
							}
						},
						{
							"origin": [9.5, -24.5, 265],
							"size": [1, 4, 1],
							"inflate": 0.1,
							"pivot": [10, -20.5, 265.5],
							"rotation": [12.5, 0, 2.5],
							"uv": {
								"north": {"uv": [51, 1], "uv_size": [-6, 6]},
								"east": {"uv": [51, 1], "uv_size": [-6, 6]},
								"south": {"uv": [51, 1], "uv_size": [-6, 6]},
								"west": {"uv": [51, 1], "uv_size": [-6, 6]},
								"up": {"uv": [45, 7], "uv_size": [6, -6]},
								"down": {"uv": [45, 7], "uv_size": [6, -6]}
							}
						},
						{
							"origin": [9.5, -24.5, 264],
							"size": [1, 4, 1],
							"inflate": 0.1,
							"pivot": [10, -20.5, 264.5],
							"rotation": [0, 0, -5],
							"uv": {
								"north": {"uv": [51, 1], "uv_size": [-6, 6]},
								"east": {"uv": [51, 1], "uv_size": [-6, 6]},
								"south": {"uv": [51, 1], "uv_size": [-6, 6]},
								"west": {"uv": [51, 1], "uv_size": [-6, 6]},
								"up": {"uv": [45, 7], "uv_size": [6, -6]},
								"down": {"uv": [45, 7], "uv_size": [6, -6]}
							}
						},
						{
							"origin": [9.5, -20, 257.5],
							"size": [1, 0.001, 2],
							"pivot": [10, -20, 263],
							"rotation": [0, 5, 0],
							"uv": {
								"north": {"uv": [128, 128], "uv_size": [0, 0]},
								"east": {"uv": [128, 128], "uv_size": [0, 0]},
								"south": {"uv": [128, 128], "uv_size": [0, 0]},
								"west": {"uv": [128, 128], "uv_size": [0, 0]},
								"up": {"uv": [13, 17], "uv_size": [2, 4]},
								"down": {"uv": [13, 21], "uv_size": [2, -4]}
							}
						},
						{
							"origin": [9.5, -26.5, 263.5],
							"size": [1.001, 2, 0],
							"pivot": [10, -20.5, 263.5],
							"rotation": [-12.5, 0, 2.5],
							"uv": {
								"north": {"uv": [13, 17], "uv_size": [2, 4]},
								"east": {"uv": [128, 128], "uv_size": [0, 0]},
								"south": {"uv": [128, 128], "uv_size": [0, 0]},
								"west": {"uv": [128, 128], "uv_size": [0, 0]},
								"up": {"uv": [128, 128], "uv_size": [0, 0]},
								"down": {"uv": [128, 128], "uv_size": [0, 0]}
							}
						},
						{
							"origin": [9.75, -26.5, 264.5],
							"size": [1.001, 2, 0],
							"uv": {
								"north": {"uv": [13, 17], "uv_size": [2, 4]},
								"east": {"uv": [128, 128], "uv_size": [0, 0]},
								"south": {"uv": [128, 128], "uv_size": [0, 0]},
								"west": {"uv": [128, 128], "uv_size": [0, 0]},
								"up": {"uv": [128, 128], "uv_size": [0, 0]},
								"down": {"uv": [128, 128], "uv_size": [0, 0]}
							}
						},
						{
							"origin": [9.5, -26.5, 265.5],
							"size": [1.001, 2, 0],
							"pivot": [10, -20.5, 265.5],
							"rotation": [12.5, 0, 2.5],
							"uv": {
								"north": {"uv": [13, 17], "uv_size": [2, 4]},
								"east": {"uv": [128, 128], "uv_size": [0, 0]},
								"south": {"uv": [128, 128], "uv_size": [0, 0]},
								"west": {"uv": [128, 128], "uv_size": [0, 0]},
								"up": {"uv": [128, 128], "uv_size": [0, 0]},
								"down": {"uv": [128, 128], "uv_size": [0, 0]}
							}
						}
					]
				}
			]
		}
	]
}