{
	"format_version": "1.12.0",
	"minecraft:geometry": [
		{
			"description": {
				"identifier": "geometry.gear_five",
				"texture_width": 32,
				"texture_height": 32,
				"visible_bounds_width": 3,
				"visible_bounds_height": 3.5,
				"visible_bounds_offset": [0, 1.25, 0]
			},
			"bones": [
				{
					"name": "root2",
					"pivot": [0, 0, 0]
				},
				{
					"name": "root",
					"parent": "root2",
					"pivot": [0, 0, 0]
				},
				{
					"name": "tudo",
					"parent": "root",
					"pivot": [0, 12, 0]
				},
				{
					"name": "waist",
					"parent": "tudo",
					"pivot": [0, 12, 0]
				},
				{
					"name": "body",
					"parent": "waist",
					"pivot": [0, 24, 0]
				},
				{
					"name": "head",
					"parent": "body",
					"pivot": [0, 24, 0],
					"cubes": [
						{
							"origin": [-4, 24, -4],
							"size": [8, 8, 8],
							"inflate": 0.05,
							"uv": {
								"north": {"uv": [16, 16], "uv_size": [16, 16]},
								"east": {"uv": [16, 0], "uv_size": [-16, 16]},
								"south": {"uv": [16, 0], "uv_size": [16, 16]},
								"west": {"uv": [0, 0], "uv_size": [16, 16]},
								"up": {"uv": [32, 9], "uv_size": [-9, -9]}
							}
						}
					]
				},
				{
					"name": "hair",
					"parent": "head",
					"pivot": [0, 0, 0],
					"cubes": [
						{
							"origin": [-0.9414, 31.33541, 0.14658],
							"size": [5, 5, 0],
							"pivot": [1.5586, 33.83541, 0.14658],
							"rotation": [-37.96901, -15.31643, 13.79226],
							"uv": {
								"north": {"uv": [0, 27], "uv_size": [5, 5]},
								"east": {"uv": [0, 27], "uv_size": [0, 5]},
								"south": {"uv": [0, 32], "uv_size": [0, 0]},
								"west": {"uv": [0, 27], "uv_size": [0, 5]},
								"up": {"uv": [5, 32], "uv_size": [-5, 0]},
								"down": {"uv": [5, 32], "uv_size": [-5, 0]}
							}
						},
						{
							"origin": [-5.74867, 31.3271, 1.09765],
							"size": [6, 6, 0],
							"pivot": [-2.24867, 33.8271, 1.09765],
							"rotation": [-37.92181, 23.08557, -29.78187],
							"uv": {
								"north": {"uv": [5, 27], "uv_size": [-5, 5]},
								"east": {"uv": [0, 27], "uv_size": [0, 5]},
								"south": {"uv": [0, 32], "uv_size": [0, 0]},
								"west": {"uv": [0, 27], "uv_size": [0, 5]},
								"up": {"uv": [0, 32], "uv_size": [5, 0]},
								"down": {"uv": [0, 32], "uv_size": [5, 0]}
							}
						},
						{
							"origin": [-0.00339, 29.6774, -1.64053],
							"size": [5, 5, 0],
							"pivot": [2.72369, 33.73823, 0.90177],
							"rotation": [-35.11183, -5.20827, 14.75368],
							"uv": {
								"north": {"uv": [0, 27], "uv_size": [5, 5]},
								"east": {"uv": [0, 27], "uv_size": [0, 5]},
								"south": {"uv": [0, 32], "uv_size": [0, 0]},
								"west": {"uv": [0, 27], "uv_size": [0, 5]},
								"up": {"uv": [5, 32], "uv_size": [-5, 0]},
								"down": {"uv": [5, 32], "uv_size": [-5, 0]}
							}
						},
						{
							"origin": [-5.31361, 31.13769, -1.66228],
							"size": [5, 5, 0],
							"pivot": [-2.81361, 33.63769, -1.66228],
							"rotation": [-36.40343, 10.04171, -14.92522],
							"uv": {
								"north": {"uv": [5, 27], "uv_size": [-5, 5]},
								"east": {"uv": [0, 27], "uv_size": [0, 5]},
								"south": {"uv": [0, 32], "uv_size": [0, 0]},
								"west": {"uv": [0, 27], "uv_size": [0, 5]},
								"up": {"uv": [0, 32], "uv_size": [5, 0]},
								"down": {"uv": [0, 32], "uv_size": [5, 0]}
							}
						},
						{
							"origin": [0.94401, 32.86553, 3.31076],
							"size": [5, 5, 0],
							"pivot": [2.72369, 33.73823, 0.90177],
							"rotation": [-36.40343, -10.04171, 14.92522],
							"uv": {
								"north": {"uv": [0, 27], "uv_size": [5, 5]},
								"east": {"uv": [0, 27], "uv_size": [0, 5]},
								"south": {"uv": [0, 32], "uv_size": [0, 0]},
								"west": {"uv": [0, 27], "uv_size": [0, 5]},
								"up": {"uv": [5, 32], "uv_size": [-5, 0]},
								"down": {"uv": [5, 32], "uv_size": [-5, 0]}
							}
						},
						{
							"origin": [-4.99661, 29.6774, -1.64053],
							"size": [5, 5, 0],
							"pivot": [-2.72369, 33.73823, 0.90177],
							"rotation": [-35.11183, 5.20827, -14.75368],
							"uv": {
								"north": {"uv": [5, 27], "uv_size": [-5, 5]},
								"east": {"uv": [0, 27], "uv_size": [0, 5]},
								"south": {"uv": [0, 32], "uv_size": [0, 0]},
								"west": {"uv": [0, 27], "uv_size": [0, 5]},
								"up": {"uv": [0, 32], "uv_size": [5, 0]},
								"down": {"uv": [0, 32], "uv_size": [5, 0]}
							}
						},
						{
							"origin": [-5.20961, 29.85041, 4.55185],
							"size": [5, 5, 0],
							"pivot": [0, 31.90634, 5.16602],
							"rotation": [-56.83351, -0.75558, -15.60891],
							"uv": {
								"north": {"uv": [5, 27], "uv_size": [-5, 5]},
								"east": {"uv": [0, 27], "uv_size": [0, 5]},
								"south": {"uv": [0, 32], "uv_size": [0, 0]},
								"west": {"uv": [0, 27], "uv_size": [0, 5]},
								"up": {"uv": [0, 32], "uv_size": [5, 0]},
								"down": {"uv": [0, 32], "uv_size": [5, 0]}
							}
						},
						{
							"origin": [0.20961, 29.85041, 4.55185],
							"size": [5, 5, 0],
							"pivot": [0, 31.90634, 5.16602],
							"rotation": [-56.83351, 0.75558, 15.60891],
							"uv": {
								"north": {"uv": [0, 27], "uv_size": [5, 5]},
								"east": {"uv": [0, 27], "uv_size": [0, 5]},
								"south": {"uv": [0, 32], "uv_size": [0, 0]},
								"west": {"uv": [0, 27], "uv_size": [0, 5]},
								"up": {"uv": [5, 32], "uv_size": [-5, 0]},
								"down": {"uv": [5, 32], "uv_size": [-5, 0]}
							}
						},
						{
							"origin": [-5.31361, 27.90634, 5.16602],
							"size": [5, 5, 0],
							"pivot": [-2.81361, 30.40634, 5.16602],
							"rotation": [-59.07955, 12.66391, -36.86812],
							"uv": {
								"north": {"uv": [5, 27], "uv_size": [-5, 5]},
								"east": {"uv": [0, 27], "uv_size": [0, 5]},
								"south": {"uv": [0, 32], "uv_size": [0, 0]},
								"west": {"uv": [0, 27], "uv_size": [0, 5]},
								"up": {"uv": [0, 32], "uv_size": [5, 0]},
								"down": {"uv": [0, 32], "uv_size": [5, 0]}
							}
						},
						{
							"origin": [0.31361, 27.90634, 5.16602],
							"size": [5, 5, 0],
							"pivot": [2.81361, 30.40634, 5.16602],
							"rotation": [-66.73645, 24.3443, -27.03143],
							"uv": {
								"north": {"uv": [0, 27], "uv_size": [5, 5]},
								"east": {"uv": [0, 27], "uv_size": [0, 5]},
								"south": {"uv": [0, 32], "uv_size": [0, 0]},
								"west": {"uv": [0, 27], "uv_size": [0, 5]},
								"up": {"uv": [5, 32], "uv_size": [-5, 0]},
								"down": {"uv": [5, 32], "uv_size": [-5, 0]}
							}
						},
						{
							"origin": [-5.20961, 26.35041, 4.55185],
							"size": [5, 5, 0],
							"pivot": [0, 28.40634, 5.16602],
							"rotation": [-56.83351, -0.75558, -15.60891],
							"uv": {
								"north": {"uv": [5, 27], "uv_size": [-5, 5]},
								"east": {"uv": [0, 27], "uv_size": [0, 5]},
								"south": {"uv": [0, 32], "uv_size": [0, 0]},
								"west": {"uv": [0, 27], "uv_size": [0, 5]},
								"up": {"uv": [0, 32], "uv_size": [5, 0]},
								"down": {"uv": [0, 32], "uv_size": [5, 0]}
							}
						},
						{
							"origin": [0.31361, 25.90634, 5.16602],
							"size": [5, 5, 0],
							"pivot": [2.81361, 28.40634, 5.16602],
							"rotation": [-65.72525, 23.3365, -24.53006],
							"uv": {
								"north": {"uv": [0, 27], "uv_size": [5, 5]},
								"east": {"uv": [0, 27], "uv_size": [0, 5]},
								"south": {"uv": [0, 32], "uv_size": [0, 0]},
								"west": {"uv": [0, 27], "uv_size": [0, 5]},
								"up": {"uv": [5, 32], "uv_size": [-5, 0]},
								"down": {"uv": [5, 32], "uv_size": [-5, 0]}
							}
						},
						{
							"origin": [-5.31361, 24.65634, 5.16602],
							"size": [5, 5, 0],
							"pivot": [-2.81361, 27.15634, 5.16602],
							"rotation": [-59.13032, -12.79838, 3.56883],
							"uv": {
								"north": {"uv": [5, 27], "uv_size": [-5, 5]},
								"east": {"uv": [0, 27], "uv_size": [0, 5]},
								"south": {"uv": [0, 32], "uv_size": [0, 0]},
								"west": {"uv": [0, 27], "uv_size": [0, 5]},
								"up": {"uv": [0, 32], "uv_size": [5, 0]},
								"down": {"uv": [0, 32], "uv_size": [5, 0]}
							}
						},
						{
							"origin": [0.20961, 25.10041, 4.55185],
							"size": [5, 5, 0],
							"pivot": [0, 27.15634, 5.16602],
							"rotation": [-56.83351, 0.75558, 15.60891],
							"uv": {
								"north": {"uv": [0, 27], "uv_size": [5, 5]},
								"east": {"uv": [0, 27], "uv_size": [0, 5]},
								"south": {"uv": [0, 32], "uv_size": [0, 0]},
								"west": {"uv": [0, 27], "uv_size": [0, 5]},
								"up": {"uv": [5, 32], "uv_size": [-5, 0]},
								"down": {"uv": [5, 32], "uv_size": [-5, 0]}
							}
						},
						{
							"origin": [-5.31361, 31.13769, 3.33772],
							"size": [5, 5, 0],
							"pivot": [-2.81361, 33.63769, 3.33772],
							"rotation": [-43.045, -29.49133, 24.39325],
							"uv": {
								"north": {"uv": [5, 27], "uv_size": [-5, 5]},
								"east": {"uv": [0, 27], "uv_size": [0, 5]},
								"south": {"uv": [0, 32], "uv_size": [0, 0]},
								"west": {"uv": [0, 27], "uv_size": [0, 5]},
								"up": {"uv": [0, 32], "uv_size": [5, 0]},
								"down": {"uv": [0, 32], "uv_size": [5, 0]}
							}
						},
						{
							"origin": [-3, 33.25, 1.75],
							"size": [6, 6, 0],
							"pivot": [-2.5, 33.5, 0],
							"rotation": [-16.60659, 7.99365, 12.73415],
							"uv": {
								"north": {"uv": [5, 27], "uv_size": [-5, 5]},
								"east": {"uv": [0, 27], "uv_size": [0, 5]},
								"south": {"uv": [0, 32], "uv_size": [0, 0]},
								"west": {"uv": [0, 27], "uv_size": [0, 5]},
								"up": {"uv": [0, 32], "uv_size": [5, 0]},
								"down": {"uv": [0, 32], "uv_size": [5, 0]}
							}
						},
						{
							"origin": [-2.87047, 28.09713, 4.96623],
							"size": [5, 5, 0],
							"pivot": [-0.37047, 30.59713, 4.96623],
							"rotation": [-26.5123, 10.07026, 11.17505],
							"uv": {
								"north": {"uv": [5, 27], "uv_size": [-5, 5]},
								"east": {"uv": [0, 27], "uv_size": [0, 5]},
								"south": {"uv": [0, 32], "uv_size": [0, 0]},
								"west": {"uv": [0, 27], "uv_size": [0, 5]},
								"up": {"uv": [0, 32], "uv_size": [5, 0]},
								"down": {"uv": [0, 32], "uv_size": [5, 0]}
							}
						},
						{
							"origin": [-2.31574, 25.19926, 5.95868],
							"size": [5, 5, 0],
							"pivot": [-0.56574, 28.69926, 5.95868],
							"rotation": [-35.50842, 5.53071, -27.54937],
							"uv": {
								"north": {"uv": [5, 27], "uv_size": [-5, 5]},
								"east": {"uv": [0, 27], "uv_size": [0, 5]},
								"south": {"uv": [0, 32], "uv_size": [0, 0]},
								"west": {"uv": [0, 27], "uv_size": [0, 5]},
								"up": {"uv": [0, 32], "uv_size": [5, 0]},
								"down": {"uv": [0, 32], "uv_size": [5, 0]}
							}
						},
						{
							"origin": [-2.31361, 31.46229, -2.59907],
							"size": [5, 5, 0],
							"pivot": [-2.81361, 34.71229, -1.59907],
							"rotation": [-16.60659, 7.99365, 12.73415],
							"uv": {
								"north": {"uv": [5, 27], "uv_size": [-5, 5]},
								"east": {"uv": [0, 27], "uv_size": [0, 5]},
								"south": {"uv": [0, 32], "uv_size": [0, 0]},
								"west": {"uv": [0, 27], "uv_size": [0, 5]},
								"up": {"uv": [0, 32], "uv_size": [5, 0]},
								"down": {"uv": [0, 32], "uv_size": [5, 0]}
							}
						},
						{
							"origin": [-4.50334, 30.59595, -3.90723],
							"size": [5, 5, 0],
							"pivot": [-0.17032, 31.42111, -3.9275],
							"rotation": [-5.05464, 1.60013, -5.44323],
							"uv": {
								"north": {"uv": [5, 27], "uv_size": [-5, 5]},
								"east": {"uv": [0, 27], "uv_size": [0, 5]},
								"south": {"uv": [0, 32], "uv_size": [0, 0]},
								"west": {"uv": [0, 27], "uv_size": [0, 5]},
								"up": {"uv": [0, 32], "uv_size": [5, 0]},
								"down": {"uv": [0, 32], "uv_size": [5, 0]}
							}
						},
						{
							"origin": [-0.91412, 31.26899, -4.10511],
							"size": [5, 5, 0],
							"pivot": [1.29532, 30.67111, -3.8025],
							"rotation": [-10.13404, -2.92933, 12.41474],
							"uv": {
								"north": {"uv": [0, 27], "uv_size": [5, 5]},
								"east": {"uv": [0, 27], "uv_size": [0, 5]},
								"south": {"uv": [0, 32], "uv_size": [0, 0]},
								"west": {"uv": [0, 27], "uv_size": [0, 5]},
								"up": {"uv": [5, 32], "uv_size": [-5, 0]},
								"down": {"uv": [5, 32], "uv_size": [-5, 0]}
							}
						},
						{
							"origin": [-7.94401, 29.86553, 3.31076],
							"size": [5, 5, 0],
							"pivot": [-4.72369, 30.73823, 0.90177],
							"rotation": [-36.4034, 10.0417, -67.4252],
							"uv": {
								"north": {"uv": [5, 27], "uv_size": [-5, 5]},
								"east": {"uv": [0, 27], "uv_size": [0, 5]},
								"south": {"uv": [0, 32], "uv_size": [0, 0]},
								"west": {"uv": [0, 27], "uv_size": [0, 5]},
								"up": {"uv": [0, 32], "uv_size": [5, 0]},
								"down": {"uv": [0, 32], "uv_size": [5, 0]}
							}
						},
						{
							"origin": [-7.32273, 25.11331, 2.59889],
							"size": [5, 5, 0],
							"pivot": [-5.22369, 27.98823, 3.15177],
							"rotation": [-38.4211, 17.2813, -67.9028],
							"uv": {
								"north": {"uv": [5, 27], "uv_size": [-5, 5]},
								"east": {"uv": [0, 27], "uv_size": [0, 5]},
								"south": {"uv": [0, 32], "uv_size": [0, 0]},
								"west": {"uv": [0, 27], "uv_size": [0, 5]},
								"up": {"uv": [0, 32], "uv_size": [5, 0]},
								"down": {"uv": [0, 32], "uv_size": [5, 0]}
							}
						},
						{
							"origin": [-7.20029, 29.17837, 1.89658],
							"size": [5, 5, 0],
							"pivot": [-4.70029, 31.67837, 1.89658],
							"rotation": [-36.4004, -0.678, -54.1443],
							"uv": {
								"north": {"uv": [5, 27], "uv_size": [-5, 5]},
								"east": {"uv": [0, 27], "uv_size": [0, 5]},
								"south": {"uv": [0, 32], "uv_size": [0, 0]},
								"west": {"uv": [0, 27], "uv_size": [0, 5]},
								"up": {"uv": [0, 32], "uv_size": [5, 0]},
								"down": {"uv": [0, 32], "uv_size": [5, 0]}
							}
						},
						{
							"origin": [-6.49661, 24.1774, -1.14053],
							"size": [5, 5, 0],
							"pivot": [-4.22369, 28.23823, 1.40177],
							"rotation": [-35.1118, 5.2083, -67.2537],
							"uv": {
								"north": {"uv": [0, 27], "uv_size": [5, 5]},
								"east": {"uv": [0, 27], "uv_size": [0, 5]},
								"south": {"uv": [0, 32], "uv_size": [0, 0]},
								"west": {"uv": [0, 27], "uv_size": [0, 5]},
								"up": {"uv": [0, 32], "uv_size": [5, 0]},
								"down": {"uv": [0, 32], "uv_size": [5, 0]}
							}
						},
						{
							"origin": [-6.82273, 27.86331, 0.34889],
							"size": [5, 5, 0],
							"pivot": [-4.72369, 30.73823, 0.90177],
							"rotation": [-38.4211, 17.2813, -67.9028],
							"uv": {
								"north": {"uv": [5, 27], "uv_size": [-5, 5]},
								"east": {"uv": [0, 27], "uv_size": [0, 5]},
								"south": {"uv": [0, 32], "uv_size": [0, 0]},
								"west": {"uv": [0, 27], "uv_size": [0, 5]},
								"up": {"uv": [0, 32], "uv_size": [5, 0]},
								"down": {"uv": [0, 32], "uv_size": [5, 0]}
							}
						},
						{
							"origin": [-7.70029, 26.17837, -0.60342],
							"size": [5, 5, 0],
							"pivot": [-5.20029, 28.67837, -0.60342],
							"rotation": [-47.0453, 35.8306, -86.8038],
							"uv": {
								"north": {"uv": [5, 27], "uv_size": [-5, 5]},
								"east": {"uv": [0, 27], "uv_size": [0, 5]},
								"south": {"uv": [0, 32], "uv_size": [0, 0]},
								"west": {"uv": [0, 27], "uv_size": [0, 5]},
								"up": {"uv": [0, 32], "uv_size": [5, 0]},
								"down": {"uv": [0, 32], "uv_size": [5, 0]}
							}
						},
						{
							"origin": [-6.99661, 26.6774, -1.64053],
							"size": [5, 5, 0],
							"pivot": [-4.72369, 30.73823, 0.90177],
							"rotation": [-35.1118, 5.2083, -67.2537],
							"uv": {
								"north": {"uv": [5, 27], "uv_size": [-5, 5]},
								"east": {"uv": [0, 27], "uv_size": [0, 5]},
								"south": {"uv": [0, 32], "uv_size": [0, 0]},
								"west": {"uv": [0, 27], "uv_size": [0, 5]},
								"up": {"uv": [0, 32], "uv_size": [5, 0]},
								"down": {"uv": [0, 32], "uv_size": [5, 0]}
							}
						},
						{
							"origin": [2.94401, 29.86553, 3.31076],
							"size": [5, 5, 0],
							"pivot": [4.72369, 30.73823, 0.90177],
							"rotation": [-36.4034, -10.0417, 67.4252],
							"uv": {
								"north": {"uv": [0, 27], "uv_size": [5, 5]},
								"east": {"uv": [0, 27], "uv_size": [0, 5]},
								"south": {"uv": [0, 32], "uv_size": [0, 0]},
								"west": {"uv": [0, 27], "uv_size": [0, 5]},
								"up": {"uv": [5, 32], "uv_size": [-5, 0]},
								"down": {"uv": [5, 32], "uv_size": [-5, 0]}
							}
						},
						{
							"origin": [2.32273, 25.11331, 2.59889],
							"size": [5, 5, 0],
							"pivot": [5.22369, 27.98823, 3.15177],
							"rotation": [-38.4211, -17.2813, 67.9028],
							"uv": {
								"north": {"uv": [0, 27], "uv_size": [5, 5]},
								"east": {"uv": [0, 27], "uv_size": [0, 5]},
								"south": {"uv": [0, 32], "uv_size": [0, 0]},
								"west": {"uv": [0, 27], "uv_size": [0, 5]},
								"up": {"uv": [5, 32], "uv_size": [-5, 0]},
								"down": {"uv": [5, 32], "uv_size": [-5, 0]}
							}
						},
						{
							"origin": [2.20029, 29.17837, 1.89658],
							"size": [5, 5, 0],
							"pivot": [4.70029, 31.67837, 1.89658],
							"rotation": [-36.4004, 0.678, 54.1443],
							"uv": {
								"north": {"uv": [0, 27], "uv_size": [5, 5]},
								"east": {"uv": [0, 27], "uv_size": [0, 5]},
								"south": {"uv": [0, 32], "uv_size": [0, 0]},
								"west": {"uv": [0, 27], "uv_size": [0, 5]},
								"up": {"uv": [5, 32], "uv_size": [-5, 0]},
								"down": {"uv": [5, 32], "uv_size": [-5, 0]}
							}
						},
						{
							"origin": [1.49661, 24.1774, -1.14053],
							"size": [5, 5, 0],
							"pivot": [4.22369, 28.23823, 1.40177],
							"rotation": [-35.1118, -5.2083, 67.2537],
							"uv": {
								"north": {"uv": [5, 27], "uv_size": [-5, 5]},
								"east": {"uv": [0, 27], "uv_size": [0, 5]},
								"south": {"uv": [0, 32], "uv_size": [0, 0]},
								"west": {"uv": [0, 27], "uv_size": [0, 5]},
								"up": {"uv": [5, 32], "uv_size": [-5, 0]},
								"down": {"uv": [5, 32], "uv_size": [-5, 0]}
							}
						},
						{
							"origin": [1.82273, 27.86331, 0.34889],
							"size": [5, 5, 0],
							"pivot": [4.72369, 30.73823, 0.90177],
							"rotation": [-38.4211, -17.2813, 67.9028],
							"uv": {
								"north": {"uv": [0, 27], "uv_size": [5, 5]},
								"east": {"uv": [0, 27], "uv_size": [0, 5]},
								"south": {"uv": [0, 32], "uv_size": [0, 0]},
								"west": {"uv": [0, 27], "uv_size": [0, 5]},
								"up": {"uv": [5, 32], "uv_size": [-5, 0]},
								"down": {"uv": [5, 32], "uv_size": [-5, 0]}
							}
						},
						{
							"origin": [2.70029, 26.17837, -0.60342],
							"size": [5, 5, 0],
							"pivot": [5.20029, 28.67837, -0.60342],
							"rotation": [-47.0453, -35.8306, 86.8038],
							"uv": {
								"north": {"uv": [0, 27], "uv_size": [5, 5]},
								"east": {"uv": [0, 27], "uv_size": [0, 5]},
								"south": {"uv": [0, 32], "uv_size": [0, 0]},
								"west": {"uv": [0, 27], "uv_size": [0, 5]},
								"up": {"uv": [5, 32], "uv_size": [-5, 0]},
								"down": {"uv": [5, 32], "uv_size": [-5, 0]}
							}
						},
						{
							"origin": [1.99661, 26.6774, -1.64053],
							"size": [5, 5, 0],
							"pivot": [4.72369, 30.73823, 0.90177],
							"rotation": [-35.1118, -5.2083, 67.2537],
							"uv": {
								"north": {"uv": [0, 27], "uv_size": [5, 5]},
								"east": {"uv": [0, 27], "uv_size": [0, 5]},
								"south": {"uv": [0, 32], "uv_size": [0, 0]},
								"west": {"uv": [0, 27], "uv_size": [0, 5]},
								"up": {"uv": [5, 32], "uv_size": [-5, 0]},
								"down": {"uv": [5, 32], "uv_size": [-5, 0]}
							}
						}
					]
				},
				{
					"name": "smokeGearFive",
					"parent": "body",
					"pivot": [0, 30, 2],
					"cubes": [
						{
							"origin": [-5.5, 10.2, -6.5],
							"size": [11, 8.5, 0],
							"pivot": [0, 18.7, -6.5],
							"rotation": [5, 0, 0],
							"uv": {
								"north": {"uv": [5.5, 24.375], "uv_size": [10, 3.75]},
								"east": {"uv": [0, 32], "uv_size": [0, 0]},
								"south": {"uv": [0, 32], "uv_size": [0, 0]},
								"west": {"uv": [0, 32], "uv_size": [0, 0]},
								"up": {"uv": [0, 32], "uv_size": [0, 0]},
								"down": {"uv": [0, 32], "uv_size": [0, 0]}
							}
						},
						{
							"origin": [-6.5, 26.58109, -1.36656],
							"size": [13, 0, 6.76656],
							"pivot": [0, 26.469, -1.4],
							"rotation": [10, 0, 0],
							"uv": {
								"north": {"uv": [0, 32], "uv_size": [0, 0]},
								"east": {"uv": [0, 32], "uv_size": [0, 0]},
								"south": {"uv": [0, 32], "uv_size": [0, 0]},
								"west": {"uv": [0, 32], "uv_size": [0, 0]},
								"up": {"uv": [5.5, 19.375], "uv_size": [10, 3.125]},
								"down": {"uv": [0, 32], "uv_size": [0, 0]}
							}
						},
						{
							"origin": [-7, 27.78566, 5.42864],
							"size": [14, 0, 7.3867],
							"pivot": [0.5, 27.43205, 5.41031],
							"rotation": [25, 0, 0],
							"uv": {
								"north": {"uv": [0, 32], "uv_size": [0, 0]},
								"east": {"uv": [0, 32], "uv_size": [0, 0]},
								"south": {"uv": [0.5, 32], "uv_size": [0, 0]},
								"west": {"uv": [0, 32], "uv_size": [0, 0]},
								"up": {"uv": [5.5, 16.25], "uv_size": [10, 3.125]},
								"down": {"uv": [0, 32], "uv_size": [0, 0]}
							}
						},
						{
							"origin": [-5.5, 18.73133, -6.5747],
							"size": [11, 4.80065, 0],
							"pivot": [-0.68, 18.43198, -6.65633],
							"rotation": [-15, 0, 0],
							"uv": {
								"north": {"uv": [5.5, 22.5], "uv_size": [10, 1.875]},
								"east": {"uv": [0, 32], "uv_size": [0, 0]},
								"south": {"uv": [0, 32], "uv_size": [0, 0]},
								"west": {"uv": [0, 32], "uv_size": [0, 0]},
								"up": {"uv": [0, 32], "uv_size": [0, 0]},
								"down": {"uv": [0, 32], "uv_size": [0, 0]}
							}
						},
						{
							"origin": [-5.75, 1.6931, -5.74957],
							"size": [11.5, 8.5, 0],
							"pivot": [-0.43, 10.1931, -5.83457],
							"rotation": [27.5, 0, 0],
							"uv": {
								"north": {"uv": [5.5, 28.125], "uv_size": [10, 3.75]},
								"east": {"uv": [0, 32], "uv_size": [0, 0]},
								"south": {"uv": [0, 32], "uv_size": [0, 0]},
								"west": {"uv": [0, 32], "uv_size": [0, 0]},
								"up": {"uv": [0, 32], "uv_size": [0, 0]},
								"down": {"uv": [0, 32], "uv_size": [0, 0]}
							}
						},
						{
							"origin": [-5.5, 23.71255, -5.03293],
							"size": [11, 5.05318, 0],
							"pivot": [-1.7, 23.76561, -5.54782],
							"rotation": [-50, 0, 0],
							"uv": {
								"north": {"uv": [5.5, 22.5], "uv_size": [10, 1.875]},
								"east": {"uv": [0, 32], "uv_size": [0, 0]},
								"south": {"uv": [0, 32], "uv_size": [0, 0]},
								"west": {"uv": [0.5, 32], "uv_size": [0, 0]},
								"up": {"uv": [0, 32], "uv_size": [0, 0]},
								"down": {"uv": [0, 32], "uv_size": [0, 0]}
							}
						}
					]
				}
			]
		}
	]
}