{
	"format_version": "1.12.0",
	"minecraft:geometry": [
		{
			"description": {
				"identifier": "geometry.haki_armament",
				"texture_width": 64,
				"texture_height": 64,
				"visible_bounds_width": 3,
				"visible_bounds_height": 3.5,
				"visible_bounds_offset": [0, 1.25, 0]
			},
			"bones": [
				{
					"name": "root2",
					"pivot": [0, 0, 0]
				},
				{
					"name": "root",
					"parent": "root2",
					"pivot": [0, 0, 0]
				},
				{
					"name": "tudo",
					"parent": "root",
					"pivot": [0, 12, 0]
				},
				{
					"name": "waist",
					"parent": "tudo",
					"pivot": [0, 12, 0]
				},
				{
					"name": "body",
					"parent": "waist",
					"pivot": [0, 24, 0]
				},
				{
					"name": "rightArm",
					"parent": "body",
					"pivot": [-5, 22, 0],
					"cubes": [
						{
							"origin": [-8, 18, -2],
							"size": [4, 6, 4],
							"inflate": 0.1,
							"uv": {
								"north": {"uv": [8, 8], "uv_size": [8, 12]},
								"east": {"uv": [0, 8], "uv_size": [8, 12]},
								"south": {"uv": [24, 8], "uv_size": [8, 12]},
								"west": {"uv": [16, 8], "uv_size": [8, 12]},
								"up": {"uv": [8, 0], "uv_size": [8, 8]},
								"down": {"uv": [8, 8], "uv_size": [8, -8]}
							}
						}
					]
				},
				{
					"name": "rightForeArm",
					"parent": "rightArm",
					"pivot": [-5, 18, 0]
				},
				{
					"name": "rightHakiArm",
					"parent": "rightForeArm",
					"pivot": [-5, 18, 0],
					"cubes": [
						{
							"origin": [-8, 12, -2],
							"size": [4, 6, 4],
							"inflate": 0.1,
							"uv": {
								"north": {"uv": [8, 20], "uv_size": [8, 12]},
								"east": {"uv": [0, 20], "uv_size": [8, 12]},
								"south": {"uv": [24, 20], "uv_size": [8, 12]},
								"west": {"uv": [16, 20], "uv_size": [8, 12]},
								"up": {"uv": [8, 12], "uv_size": [8, 8]},
								"down": {"uv": [16, 8], "uv_size": [8, -8]}
							}
						}
					]
				},
				{
					"name": "leftArm",
					"parent": "body",
					"pivot": [5, 22, 0],
					"cubes": [
						{
							"origin": [4, 18, -2],
							"size": [4, 6, 4],
							"inflate": 0.1,
							"uv": {
								"north": {"uv": [16, 8], "uv_size": [-8, 12]},
								"east": {"uv": [24, 8], "uv_size": [-8, 12]},
								"south": {"uv": [32, 8], "uv_size": [-8, 12]},
								"west": {"uv": [8, 8], "uv_size": [-8, 12]},
								"up": {"uv": [16, 0], "uv_size": [-8, 8]},
								"down": {"uv": [16, 8], "uv_size": [-8, -8]}
							}
						}
					]
				},
				{
					"name": "leftForeArm",
					"parent": "leftArm",
					"pivot": [5, 18, 0]
				},
				{
					"name": "leftHakiArm",
					"parent": "leftForeArm",
					"pivot": [5, 18, 0],
					"cubes": [
						{
							"origin": [4, 12, -2],
							"size": [4, 6, 4],
							"inflate": 0.1,
							"uv": {
								"north": {"uv": [16, 20], "uv_size": [-8, 12]},
								"east": {"uv": [24, 20], "uv_size": [-8, 12]},
								"south": {"uv": [32, 20], "uv_size": [-8, 12]},
								"west": {"uv": [8, 20], "uv_size": [-8, 12]},
								"up": {"uv": [16, 12], "uv_size": [-8, 8]},
								"down": {"uv": [24, 8], "uv_size": [-8, -8]}
							}
						}
					]
				},
				{
					"name": "rightLeg",
					"parent": "tudo",
					"pivot": [-2, 12, 0]
				},
				{
					"name": "rightForeLeg",
					"parent": "rightLeg",
					"pivot": [-2, 6, 0]
				},
				{
					"name": "rightHakiLeg",
					"parent": "rightForeLeg",
					"pivot": [-2, 6, 0],
					"cubes": [
						{
							"origin": [-4, 0, -2],
							"size": [4, 6, 4],
							"inflate": 0.1,
							"uv": {
								"north": {"uv": [8, 20], "uv_size": [8, 12]},
								"east": {"uv": [0, 20], "uv_size": [8, 12]},
								"south": {"uv": [24, 20], "uv_size": [8, 12]},
								"west": {"uv": [16, 20], "uv_size": [8, 12]},
								"up": {"uv": [8, 12], "uv_size": [8, 8]},
								"down": {"uv": [16, 8], "uv_size": [8, -8]}
							}
						}
					]
				},
				{
					"name": "leftLeg",
					"parent": "tudo",
					"pivot": [2, 12, 0]
				},
				{
					"name": "leftForeLeg",
					"parent": "leftLeg",
					"pivot": [2, 6, 0]
				},
				{
					"name": "leftHakiLeg",
					"parent": "leftForeLeg",
					"pivot": [2, 6, 0],
					"cubes": [
						{
							"origin": [0, 0, -2],
							"size": [4, 6, 4],
							"inflate": 0.1,
							"uv": {
								"north": {"uv": [16, 20], "uv_size": [-8, 12]},
								"east": {"uv": [24, 20], "uv_size": [-8, 12]},
								"south": {"uv": [32, 20], "uv_size": [-8, 12]},
								"west": {"uv": [8, 20], "uv_size": [-8, 12]},
								"up": {"uv": [16, 12], "uv_size": [-8, 8]},
								"down": {"uv": [24, 8], "uv_size": [-8, -8]}
							}
						}
					]
				}
			]
		}
	]
}