{
	"format_version": "1.12.0",
	"minecraft:geometry": [
		{
			"description": {
				"identifier": "geometry.player_ito",
				"texture_width": 64,
				"texture_height": 64,
				"visible_bounds_width": 3,
				"visible_bounds_height": 12,
				"visible_bounds_offset": [0, -3, 0]
			},
			"bones": [
				{
					"name": "root2",
					"pivot": [0, 0, 0]
				},
				{
					"name": "root",
					"parent": "root2",
					"pivot": [0, 0, 0]
				},
				{
					"name": "tudo",
					"parent": "root",
					"pivot": [0, 12, 0]
				},
				{
					"name": "waist",
					"parent": "tudo",
					"pivot": [0, 12, 0]
				},
				{
					"name": "body",
					"parent": "waist",
					"pivot": [0, 24, 0]
				},
				{
					"name": "rightArm",
					"parent": "body",
					"pivot": [-5, 22, 0]
				},
				{
					"name": "rightForeArm",
					"parent": "rightArm",
					"pivot": [-5, 18, 0]
				},
				{
					"name": "sora_michi1",
					"parent": "rightForeArm",
					"pivot": [-6, 12, 0],
					"cubes": [
						{
							"origin": [-14.5, 3, -1.5],
							"size": [16, 2, 2],
							"pivot": [-6.5, 4, 0],
							"rotation": [90, 0, -90],
							"uv": {
								"north": {"uv": [0, 0], "uv_size": [64, 8]},
								"east": {"uv": [0, 0], "uv_size": [8, 8]},
								"south": {"uv": [0, 0], "uv_size": [64, 8]},
								"west": {"uv": [56, 0], "uv_size": [8, 8]},
								"up": {"uv": [0, 0], "uv_size": [64, 8]},
								"down": {"uv": [0, 8], "uv_size": [64, -8]}
							}
						}
					]
				},
				{
					"name": "sora_michi2",
					"parent": "sora_michi1",
					"pivot": [-6, -4, 0],
					"cubes": [
						{
							"origin": [-14.5, -13, -1.5],
							"size": [16, 2, 2],
							"pivot": [-6.5, -12, 0],
							"rotation": [90, 0, -90],
							"uv": {
								"north": {"uv": [0, 0], "uv_size": [64, 8]},
								"east": {"uv": [0, 0], "uv_size": [8, 8]},
								"south": {"uv": [0, 0], "uv_size": [64, 8]},
								"west": {"uv": [56, 0], "uv_size": [8, 8]},
								"up": {"uv": [0, 0], "uv_size": [64, 8]},
								"down": {"uv": [0, 8], "uv_size": [64, -8]}
							}
						}
					]
				},
				{
					"name": "sora_michi3",
					"parent": "sora_michi2",
					"pivot": [-6, -20, 0],
					"cubes": [
						{
							"origin": [-14.5, -29, -1.5],
							"size": [16, 2, 2],
							"pivot": [-6.5, -28, 0],
							"rotation": [90, 0, -90],
							"uv": {
								"north": {"uv": [0, 0], "uv_size": [64, 8]},
								"east": {"uv": [0, 0], "uv_size": [8, 8]},
								"south": {"uv": [0, 0], "uv_size": [64, 8]},
								"west": {"uv": [56, 0], "uv_size": [8, 8]},
								"up": {"uv": [0, 0], "uv_size": [64, 8]},
								"down": {"uv": [0, 8], "uv_size": [64, -8]}
							}
						}
					]
				},
				{
					"name": "sora_michi4",
					"parent": "sora_michi3",
					"pivot": [-6, -36, 0],
					"cubes": [
						{
							"origin": [-14.5, -45, -1.5],
							"size": [16, 2, 2],
							"pivot": [-6.5, -44, 0],
							"rotation": [90, 0, -90],
							"uv": {
								"north": {"uv": [0, 0], "uv_size": [64, 8]},
								"east": {"uv": [0, 0], "uv_size": [8, 8]},
								"south": {"uv": [0, 0], "uv_size": [64, 8]},
								"west": {"uv": [56, 0], "uv_size": [8, 8]},
								"up": {"uv": [0, 0], "uv_size": [64, 8]},
								"down": {"uv": [0, 8], "uv_size": [64, -8]}
							}
						}
					]
				},
				{
					"name": "sora_michi5",
					"parent": "sora_michi4",
					"pivot": [-6, -52, 0],
					"cubes": [
						{
							"origin": [-14.5, -61, -1.5],
							"size": [16, 2, 2],
							"pivot": [-6.5, -60, 0],
							"rotation": [90, 0, -90],
							"uv": {
								"north": {"uv": [0, 0], "uv_size": [64, 8]},
								"east": {"uv": [0, 0], "uv_size": [8, 8]},
								"south": {"uv": [0, 0], "uv_size": [64, 8]},
								"west": {"uv": [56, 0], "uv_size": [8, 8]},
								"up": {"uv": [0, 0], "uv_size": [64, 8]},
								"down": {"uv": [0, 8], "uv_size": [64, -8]}
							}
						}
					]
				},
				{
					"name": "sora_michi6",
					"parent": "sora_michi5",
					"pivot": [-6, -68, 0],
					"cubes": [
						{
							"origin": [-14.5, -77, -1.5],
							"size": [16, 2, 2],
							"pivot": [-6.5, -76, 0],
							"rotation": [90, 0, -90],
							"uv": {
								"north": {"uv": [0, 0], "uv_size": [64, 8]},
								"east": {"uv": [0, 0], "uv_size": [8, 8]},
								"south": {"uv": [0, 0], "uv_size": [64, 8]},
								"west": {"uv": [56, 0], "uv_size": [8, 8]},
								"up": {"uv": [0, 0], "uv_size": [64, 8]},
								"down": {"uv": [0, 8], "uv_size": [64, -8]}
							}
						}
					]
				},
				{
					"name": "sora_michi7",
					"parent": "sora_michi6",
					"pivot": [-6, -84, 0],
					"cubes": [
						{
							"origin": [-14.5, -93, -1.5],
							"size": [16, 2, 2],
							"pivot": [-6.5, -92, 0],
							"rotation": [90, 0, -90],
							"uv": {
								"north": {"uv": [0, 0], "uv_size": [64, 8]},
								"east": {"uv": [0, 0], "uv_size": [8, 8]},
								"south": {"uv": [0, 0], "uv_size": [64, 8]},
								"west": {"uv": [56, 0], "uv_size": [8, 8]},
								"up": {"uv": [0, 0], "uv_size": [64, 8]},
								"down": {"uv": [0, 8], "uv_size": [64, -8]}
							}
						}
					]
				},
				{
					"name": "sora_michi8",
					"parent": "sora_michi7",
					"pivot": [-6, -100, 0],
					"cubes": [
						{
							"origin": [-14.5, -109, -1.5],
							"size": [16, 2, 2],
							"pivot": [-6.5, -108, 0],
							"rotation": [90, 0, -90],
							"uv": {
								"north": {"uv": [0, 0], "uv_size": [64, 8]},
								"east": {"uv": [0, 0], "uv_size": [8, 8]},
								"south": {"uv": [0, 0], "uv_size": [64, 8]},
								"west": {"uv": [56, 0], "uv_size": [8, 8]},
								"up": {"uv": [0, 0], "uv_size": [64, 8]},
								"down": {"uv": [0, 8], "uv_size": [64, -8]}
							}
						}
					]
				},
				{
					"name": "sora_michi9",
					"parent": "sora_michi8",
					"pivot": [-6, -116, 0],
					"cubes": [
						{
							"origin": [-14.5, -125, -1.5],
							"size": [16, 2, 2],
							"pivot": [-6.5, -124, 0],
							"rotation": [90, 0, -90],
							"uv": {
								"north": {"uv": [0, 0], "uv_size": [64, 8]},
								"east": {"uv": [0, 0], "uv_size": [8, 8]},
								"south": {"uv": [0, 0], "uv_size": [64, 8]},
								"west": {"uv": [56, 0], "uv_size": [8, 8]},
								"up": {"uv": [0, 0], "uv_size": [64, 8]},
								"down": {"uv": [0, 8], "uv_size": [64, -8]}
							}
						}
					]
				},
				{
					"name": "sora_michi10",
					"parent": "sora_michi9",
					"pivot": [-6, -132, 0],
					"cubes": [
						{
							"origin": [-14.5, -141, -1.5],
							"size": [16, 2, 2],
							"pivot": [-6.5, -140, 0],
							"rotation": [90, 0, -90],
							"uv": {
								"north": {"uv": [0, 0], "uv_size": [64, 8]},
								"east": {"uv": [0, 0], "uv_size": [8, 8]},
								"south": {"uv": [0, 0], "uv_size": [64, 8]},
								"west": {"uv": [56, 0], "uv_size": [8, 8]},
								"up": {"uv": [0, 0], "uv_size": [64, 8]},
								"down": {"uv": [0, 8], "uv_size": [64, -8]}
							}
						}
					]
				}
			]
		}
	]
}