{
	"format_version": "1.12.0",
	"minecraft:geometry": [
		{
			"description": {
				"identifier": "geometry.player_smoke",
				"texture_width": 64,
				"texture_height": 64,
				"visible_bounds_width": 3,
				"visible_bounds_height": 3.5,
				"visible_bounds_offset": [0, 1.25, 0]
			},
			"bones": [
				{
					"name": "root2",
					"pivot": [0, 0, 0]
				},
				{
					"name": "root",
					"parent": "root2",
					"pivot": [0, 0, 0]
				},
				{
					"name": "tudo",
					"parent": "root",
					"pivot": [0, 12, 0]
				},
				{
					"name": "waist",
					"parent": "tudo",
					"pivot": [0, 12, 0]
				},
				{
					"name": "body",
					"parent": "waist",
					"pivot": [0, 24, 0]
				},
				{
					"name": "smokeGearFive",
					"parent": "body",
					"pivot": [0, 24, 0],
					"cubes": [
						{
							"origin": [-11.2, 4.2905, -6.66703],
							"size": [22.4, 8.5, 0],
							"pivot": [0, 22.29516, -1.62229],
							"rotation": [5, 0, 0],
							"uv": {
								"north": {"uv": [0, 47], "uv_size": [64, 17]},
								"east": {"uv": [0, 64], "uv_size": [0, 0]},
								"south": {"uv": [0, 64], "uv_size": [0, 0]},
								"west": {"uv": [0, 64], "uv_size": [0, 0]},
								"up": {"uv": [0, 64], "uv_size": [0, 0]},
								"down": {"uv": [0, 64], "uv_size": [0, 0]}
							}
						},
						{
							"origin": [-11.2, 25.22989, -0.44],
							"size": [22.4, 0, 4.73659],
							"pivot": [0, 22.43272, 0.25173],
							"rotation": [10, 0, 0],
							"uv": {
								"north": {"uv": [0, 64], "uv_size": [0, 0]},
								"east": {"uv": [0, 64], "uv_size": [0, 0]},
								"south": {"uv": [0, 64], "uv_size": [0, 0]},
								"west": {"uv": [0, 64], "uv_size": [0, 0]},
								"up": {"uv": [0, 16], "uv_size": [64, 12.5]},
								"down": {"uv": [0, 64], "uv_size": [0, 0]}
							}
						},
						{
							"origin": [-11.2, 24.1485, 4.67266],
							"size": [22.4, 0, 5.6],
							"pivot": [0, 22.9375, 0.28379],
							"rotation": [25, 0, 0],
							"uv": {
								"north": {"uv": [0, 64], "uv_size": [0, 0]},
								"east": {"uv": [0, 64], "uv_size": [0, 0]},
								"south": {"uv": [1, 64], "uv_size": [0, 0]},
								"west": {"uv": [0, 64], "uv_size": [0, 0]},
								"up": {"uv": [0, 0], "uv_size": [64, 16]},
								"down": {"uv": [0, 64], "uv_size": [0, 0]}
							}
						},
						{
							"origin": [-11.2, 16.06012, -4.38371],
							"size": [22.4, 4.80065, 0],
							"pivot": [0, 22.86962, -0.94145],
							"rotation": [-15, 0, 0],
							"uv": {
								"north": {"uv": [0, 38.5], "uv_size": [64, 8.5]},
								"east": {"uv": [0, 64], "uv_size": [0, 0]},
								"south": {"uv": [0, 64], "uv_size": [0, 0]},
								"west": {"uv": [0, 64], "uv_size": [0, 0]},
								"up": {"uv": [0, 64], "uv_size": [0, 0]},
								"down": {"uv": [0, 64], "uv_size": [0, 0]}
							}
						},
						{
							"origin": [-11.2, 12.58465, -6.25186],
							"size": [22.4, 4.80065, 0],
							"pivot": [0, 22.39449, -1.50637],
							"rotation": [2.5, 0, 0],
							"uv": {
								"north": {"uv": [0, 38.5], "uv_size": [64, 8.5]},
								"east": {"uv": [0, 64], "uv_size": [0, 0]},
								"south": {"uv": [0, 64], "uv_size": [0, 0]},
								"west": {"uv": [0, 64], "uv_size": [0, 0]},
								"up": {"uv": [0, 64], "uv_size": [0, 0]},
								"down": {"uv": [0, 64], "uv_size": [0, 0]}
							}
						},
						{
							"origin": [-11.2, 18.73423, -2.08356],
							"size": [22.4, 5.05318, 0],
							"pivot": [0, 23.17527, -0.12607],
							"rotation": [-50, 0, 0],
							"uv": {
								"north": {"uv": [0, 28.5], "uv_size": [64, 10]},
								"east": {"uv": [0, 64], "uv_size": [0, 0]},
								"south": {"uv": [0, 64], "uv_size": [0, 0]},
								"west": {"uv": [1, 64], "uv_size": [0, 0]},
								"up": {"uv": [0, 64], "uv_size": [0, 0]},
								"down": {"uv": [0, 64], "uv_size": [0, 0]}
							}
						}
					]
				}
			]
		}
	]
}