{
	"format_version": "1.12.0",
	"minecraft:geometry": [
		{
			"description": {
				"identifier": "geometry.player_mochi",
				"texture_width": 16,
				"texture_height": 16,
				"visible_bounds_width": 6,
				"visible_bounds_height": 4.5,
				"visible_bounds_offset": [0, 1.75, 0]
			},
			"bones": [
				{
					"name": "root2",
					"pivot": [0, 0, 0]
				},
				{
					"name": "root",
					"parent": "root2",
					"pivot": [0, 0, 0]
				},
				{
					"name": "tudo",
					"parent": "root",
					"pivot": [0, 12, 0]
				},
				{
					"name": "waist",
					"parent": "tudo",
					"pivot": [0, 12, 0]
				},
				{
					"name": "body",
					"parent": "waist",
					"pivot": [0, 24, 0]
				},
				{
					"name": "powermochi",
					"parent": "body",
					"pivot": [0, 32, 0],
					"cubes": [
						{
							"origin": [-33, 27.5, -2],
							"size": [4, 9, 4],
							"uv": {
								"north": {"uv": [0, 0], "uv_size": [0.01563, 0.01563]},
								"east": {"uv": [0, 0], "uv_size": [0.01563, 0.01563]},
								"south": {"uv": [0, 0], "uv_size": [0.01563, 0.01563]},
								"west": {"uv": [0, 0], "uv_size": [0.01563, 0.01563]},
								"up": {"uv": [0.01563, 0.01563], "uv_size": [-0.01562, -0.01562]},
								"down": {"uv": [0.01563, 0.01563], "uv_size": [-0.01562, -0.01562]}
							}
						},
						{
							"origin": [-15, 27.5, -2],
							"size": [4, 9, 4],
							"uv": {
								"north": {"uv": [0, 0], "uv_size": [0.01563, 0.01563]},
								"east": {"uv": [0, 0], "uv_size": [0.01563, 0.01563]},
								"south": {"uv": [0, 0], "uv_size": [0.01563, 0.01563]},
								"west": {"uv": [0, 0], "uv_size": [0.01563, 0.01563]},
								"up": {"uv": [0.01563, 0.01563], "uv_size": [-0.01562, -0.01562]},
								"down": {"uv": [0.01563, 0.01563], "uv_size": [-0.01562, -0.01562]}
							}
						},
						{
							"origin": [-15, 18.5, -2],
							"size": [4, 9, 4],
							"pivot": [-11, 27.5, 0],
							"rotation": [0, 0, 45],
							"uv": {
								"north": {"uv": [0, 0], "uv_size": [0.01563, 0.01563]},
								"east": {"uv": [0, 0], "uv_size": [0.01563, 0.01563]},
								"south": {"uv": [0, 0], "uv_size": [0.01563, 0.01563]},
								"west": {"uv": [0, 0], "uv_size": [0.01563, 0.01563]},
								"up": {"uv": [0.01563, 0.01563], "uv_size": [-0.01562, -0.01562]},
								"down": {"uv": [0.01563, 0.01563], "uv_size": [-0.01562, -0.01562]}
							}
						},
						{
							"origin": [-33, 36.5, -2],
							"size": [4, 9, 4],
							"pivot": [-33, 36.5, 0],
							"rotation": [0, 0, 45],
							"uv": {
								"north": {"uv": [0, 0], "uv_size": [0.01563, 0.01563]},
								"east": {"uv": [0, 0], "uv_size": [0.01563, 0.01563]},
								"south": {"uv": [0, 0], "uv_size": [0.01563, 0.01563]},
								"west": {"uv": [0, 0], "uv_size": [0.01563, 0.01563]},
								"up": {"uv": [0.01563, 0.01563], "uv_size": [-0.01562, -0.01562]},
								"down": {"uv": [0.01563, 0.01563], "uv_size": [-0.01562, -0.01562]}
							}
						},
						{
							"origin": [-26.5, 39, -2],
							"size": [9, 4, 4],
							"uv": {
								"north": {"uv": [0, 0], "uv_size": [0.01563, 0.01563]},
								"east": {"uv": [0, 0], "uv_size": [0.01563, 0.01563]},
								"south": {"uv": [0, 0], "uv_size": [0.01563, 0.01563]},
								"west": {"uv": [0, 0], "uv_size": [0.01563, 0.01563]},
								"up": {"uv": [0.01563, 0.01563], "uv_size": [-0.01562, -0.01562]},
								"down": {"uv": [0.01563, 0.01563], "uv_size": [-0.01562, -0.01562]}
							}
						},
						{
							"origin": [-29.5, 24.5, -1.5],
							"size": [15, 15, 3],
							"uv": {
								"north": {"uv": [0, 16], "uv_size": [0, 0]},
								"east": {"uv": [0, 16], "uv_size": [0, 0]},
								"south": {"uv": [0, 16], "uv_size": [0, 0]},
								"west": {"uv": [0, 16], "uv_size": [0, 0]},
								"up": {"uv": [0, 16], "uv_size": [0, 0]},
								"down": {"uv": [0, 16], "uv_size": [0, 0]}
							}
						},
						{
							"origin": [-26.5, 21, -2],
							"size": [9, 4, 4],
							"uv": {
								"north": {"uv": [0, 0], "uv_size": [0.01563, 0.01563]},
								"east": {"uv": [0, 0], "uv_size": [0.01563, 0.01563]},
								"south": {"uv": [0, 0], "uv_size": [0.01563, 0.01563]},
								"west": {"uv": [0, 0], "uv_size": [0.01563, 0.01563]},
								"up": {"uv": [0.01563, 0.01563], "uv_size": [-0.01562, -0.01562]},
								"down": {"uv": [0.01563, 0.01563], "uv_size": [-0.01562, -0.01562]}
							}
						},
						{
							"origin": [-35.5, 21, -2],
							"size": [9, 4, 4],
							"pivot": [-26.5, 21, 0],
							"rotation": [0, 0, 45],
							"uv": {
								"north": {"uv": [0, 0], "uv_size": [0.01563, 0.01563]},
								"east": {"uv": [0, 0], "uv_size": [0.01563, 0.01563]},
								"south": {"uv": [0, 0], "uv_size": [0.01563, 0.01563]},
								"west": {"uv": [0, 0], "uv_size": [0.01563, 0.01563]},
								"up": {"uv": [0.01563, 0.01563], "uv_size": [-0.01562, -0.01562]},
								"down": {"uv": [0.01563, 0.01563], "uv_size": [-0.01562, -0.01562]}
							}
						},
						{
							"origin": [-17.5, 39, -2],
							"size": [9, 4, 4],
							"pivot": [-17.5, 43, 0],
							"rotation": [0, 0, 45],
							"uv": {
								"north": {"uv": [0, 0], "uv_size": [0.01563, 0.01563]},
								"east": {"uv": [0, 0], "uv_size": [0.01563, 0.01563]},
								"south": {"uv": [0, 0], "uv_size": [0.01563, 0.01563]},
								"west": {"uv": [0, 0], "uv_size": [0.01563, 0.01563]},
								"up": {"uv": [0.01563, 0.01563], "uv_size": [-0.01562, -0.01562]},
								"down": {"uv": [0.01563, 0.01563], "uv_size": [-0.01562, -0.01562]}
							}
						}
					]
				},
				{
					"name": "punchmochi1",
					"parent": "powermochi",
					"pivot": [-21, 31.5, 2],
					"cubes": [
						{
							"origin": [-27, 24.5, -9],
							"size": [10, 10, 9],
							"pivot": [-21, 31.4996, -5],
							"rotation": [90, 0, 0],
							"uv": {
								"north": {"uv": [8.5, 2.25], "uv_size": [1, 1]},
								"east": {"uv": [8.5, 2.25], "uv_size": [1, 1]},
								"south": {"uv": [8.5, 2.25], "uv_size": [1, 1]},
								"west": {"uv": [8.5, 2.25], "uv_size": [1, 1]},
								"up": {"uv": [9.5, 3.25], "uv_size": [-1, -1]},
								"down": {"uv": [9.5, 3.25], "uv_size": [-1, -1]}
							}
						}
					]
				},
				{
					"name": "punchmochi1_2",
					"parent": "punchmochi1",
					"pivot": [-21, 31.5, -10],
					"cubes": [
						{
							"origin": [-27, 29, -10],
							"size": [10, 8, 2.5],
							"pivot": [-21, 34.9996, -10],
							"rotation": [-7.5, 0, 0],
							"uv": {
								"north": {"uv": [8, 7], "uv_size": [2, 1]},
								"east": {"uv": [8.5, 2.25], "uv_size": [1, 1]},
								"south": {"uv": [8.5, 2.25], "uv_size": [1, 1]},
								"west": {"uv": [8.5, 2.25], "uv_size": [1, 1]},
								"up": {"uv": [9.5, 3.25], "uv_size": [-1, -1]},
								"down": {"uv": [10, 8], "uv_size": [-2, -0.5]}
							}
						},
						{
							"origin": [-23, 26.5, -10],
							"size": [7, 3, 3],
							"uv": {
								"north": {"uv": [8.5, 2.25], "uv_size": [1, 1]},
								"east": {"uv": [8.5, 2.25], "uv_size": [1, 1]},
								"south": {"uv": [8.5, 2.25], "uv_size": [1, 1]},
								"west": {"uv": [8.5, 2.25], "uv_size": [1, 1]},
								"up": {"uv": [9.5, 3.25], "uv_size": [-1, -1]},
								"down": {"uv": [9.5, 3.25], "uv_size": [-1, -1]}
							}
						}
					]
				},
				{
					"name": "powerHaki2",
					"parent": "punchmochi1_2",
					"pivot": [-21, 31.5, -10],
					"cubes": [
						{
							"origin": [-23, 26.5, -10],
							"size": [7, 3, 3],
							"inflate": 0.2,
							"uv": {
								"north": {"uv": [8.5, 2.25], "uv_size": [1, 1]},
								"east": {"uv": [8.5, 2.25], "uv_size": [1, 1]},
								"south": {"uv": [8.5, 2.25], "uv_size": [1, 1]},
								"west": {"uv": [8.5, 2.25], "uv_size": [1, 1]},
								"up": {"uv": [9.5, 3.25], "uv_size": [-1, -1]},
								"down": {"uv": [9.5, 3.25], "uv_size": [-1, -1]}
							}
						}
					]
				},
				{
					"name": "powerHaki",
					"parent": "punchmochi1",
					"pivot": [-21, 31.5, 0],
					"cubes": [
						{
							"origin": [-27, 24.5, -9],
							"size": [10, 10, 9],
							"inflate": 0.2,
							"pivot": [-21, 31.4996, -5],
							"rotation": [90, 0, 0],
							"uv": {
								"north": {"uv": [8.5, 2.25], "uv_size": [1, 1]},
								"east": {"uv": [8.5, 2.25], "uv_size": [1, 1]},
								"south": {"uv": [8.5, 2.25], "uv_size": [1, 1]},
								"west": {"uv": [8.5, 2.25], "uv_size": [1, 1]},
								"up": {"uv": [9.5, 3.25], "uv_size": [-1, -1]},
								"down": {"uv": [9.5, 3.25], "uv_size": [-1, -1]}
							}
						},
						{
							"origin": [-27, 29, -10],
							"size": [10, 8, 2.5],
							"inflate": 0.2,
							"pivot": [-21, 34.9996, -10],
							"rotation": [-7.5, 0, 0],
							"uv": {
								"north": {"uv": [8, 7], "uv_size": [2, 1]},
								"east": {"uv": [8.5, 2.25], "uv_size": [1, 1]},
								"south": {"uv": [8.5, 2.25], "uv_size": [1, 1]},
								"west": {"uv": [8.5, 2.25], "uv_size": [1, 1]},
								"up": {"uv": [9.5, 3.25], "uv_size": [-1, -1]},
								"down": {"uv": [10, 8], "uv_size": [-2, -0.5]}
							}
						}
					]
				},
				{
					"name": "punchmochi1_1",
					"parent": "powermochi",
					"pivot": [-21.6, 24, 0],
					"locators": {
						"powermochi1": [-21.6, 24, 0]
					}
				},
				{
					"name": "powermochi2",
					"parent": "body",
					"pivot": [0, 32, 0],
					"cubes": [
						{
							"origin": [29, 27.5, -2],
							"size": [4, 9, 4],
							"uv": {
								"north": {"uv": [0.01563, 0], "uv_size": [-0.01563, 0.01563]},
								"east": {"uv": [0.01563, 0], "uv_size": [-0.01563, 0.01563]},
								"south": {"uv": [0.01563, 0], "uv_size": [-0.01563, 0.01563]},
								"west": {"uv": [0.01563, 0], "uv_size": [-0.01563, 0.01563]},
								"up": {"uv": [0.00001, 0.01563], "uv_size": [0.01562, -0.01562]},
								"down": {"uv": [0.00001, 0.01563], "uv_size": [0.01562, -0.01562]}
							}
						},
						{
							"origin": [11, 27.5, -2],
							"size": [4, 9, 4],
							"uv": {
								"north": {"uv": [0.01563, 0], "uv_size": [-0.01563, 0.01563]},
								"east": {"uv": [0.01563, 0], "uv_size": [-0.01563, 0.01563]},
								"south": {"uv": [0.01563, 0], "uv_size": [-0.01563, 0.01563]},
								"west": {"uv": [0.01563, 0], "uv_size": [-0.01563, 0.01563]},
								"up": {"uv": [0.00001, 0.01563], "uv_size": [0.01562, -0.01562]},
								"down": {"uv": [0.00001, 0.01563], "uv_size": [0.01562, -0.01562]}
							}
						},
						{
							"origin": [11, 18.5, -2],
							"size": [4, 9, 4],
							"pivot": [11, 27.5, 0],
							"rotation": [0, 0, -45],
							"uv": {
								"north": {"uv": [0.01563, 0], "uv_size": [-0.01563, 0.01563]},
								"east": {"uv": [0.01563, 0], "uv_size": [-0.01563, 0.01563]},
								"south": {"uv": [0.01563, 0], "uv_size": [-0.01563, 0.01563]},
								"west": {"uv": [0.01563, 0], "uv_size": [-0.01563, 0.01563]},
								"up": {"uv": [0.00001, 0.01563], "uv_size": [0.01562, -0.01562]},
								"down": {"uv": [0.00001, 0.01563], "uv_size": [0.01562, -0.01562]}
							}
						},
						{
							"origin": [29, 36.5, -2],
							"size": [4, 9, 4],
							"pivot": [33, 36.5, 0],
							"rotation": [0, 0, -45],
							"uv": {
								"north": {"uv": [0.01563, 0], "uv_size": [-0.01563, 0.01563]},
								"east": {"uv": [0.01563, 0], "uv_size": [-0.01563, 0.01563]},
								"south": {"uv": [0.01563, 0], "uv_size": [-0.01563, 0.01563]},
								"west": {"uv": [0.01563, 0], "uv_size": [-0.01563, 0.01563]},
								"up": {"uv": [0.00001, 0.01563], "uv_size": [0.01562, -0.01562]},
								"down": {"uv": [0.00001, 0.01563], "uv_size": [0.01562, -0.01562]}
							}
						},
						{
							"origin": [17.5, 39, -2],
							"size": [9, 4, 4],
							"uv": {
								"north": {"uv": [0.01563, 0], "uv_size": [-0.01563, 0.01563]},
								"east": {"uv": [0.01563, 0], "uv_size": [-0.01563, 0.01563]},
								"south": {"uv": [0.01563, 0], "uv_size": [-0.01563, 0.01563]},
								"west": {"uv": [0.01563, 0], "uv_size": [-0.01563, 0.01563]},
								"up": {"uv": [0.00001, 0.01563], "uv_size": [0.01562, -0.01562]},
								"down": {"uv": [0.00001, 0.01563], "uv_size": [0.01562, -0.01562]}
							}
						},
						{
							"origin": [14.5, 24.5, -1.5],
							"size": [15, 15, 3],
							"uv": {
								"north": {"uv": [0, 16], "uv_size": [0, 0]},
								"east": {"uv": [0, 16], "uv_size": [0, 0]},
								"south": {"uv": [0, 16], "uv_size": [0, 0]},
								"west": {"uv": [0, 16], "uv_size": [0, 0]},
								"up": {"uv": [0, 16], "uv_size": [0, 0]},
								"down": {"uv": [0, 16], "uv_size": [0, 0]}
							}
						},
						{
							"origin": [17.5, 21, -2],
							"size": [9, 4, 4],
							"uv": {
								"north": {"uv": [0.01563, 0], "uv_size": [-0.01563, 0.01563]},
								"east": {"uv": [0.01563, 0], "uv_size": [-0.01563, 0.01563]},
								"south": {"uv": [0.01563, 0], "uv_size": [-0.01563, 0.01563]},
								"west": {"uv": [0.01563, 0], "uv_size": [-0.01563, 0.01563]},
								"up": {"uv": [0.00001, 0.01563], "uv_size": [0.01562, -0.01562]},
								"down": {"uv": [0.00001, 0.01563], "uv_size": [0.01562, -0.01562]}
							}
						},
						{
							"origin": [26.5, 21, -2],
							"size": [9, 4, 4],
							"pivot": [26.5, 21, 0],
							"rotation": [0, 0, -45],
							"uv": {
								"north": {"uv": [0.01563, 0], "uv_size": [-0.01563, 0.01563]},
								"east": {"uv": [0.01563, 0], "uv_size": [-0.01563, 0.01563]},
								"south": {"uv": [0.01563, 0], "uv_size": [-0.01563, 0.01563]},
								"west": {"uv": [0.01563, 0], "uv_size": [-0.01563, 0.01563]},
								"up": {"uv": [0.00001, 0.01563], "uv_size": [0.01562, -0.01562]},
								"down": {"uv": [0.00001, 0.01563], "uv_size": [0.01562, -0.01562]}
							}
						},
						{
							"origin": [8.5, 39, -2],
							"size": [9, 4, 4],
							"pivot": [17.5, 43, 0],
							"rotation": [0, 0, -45],
							"uv": {
								"north": {"uv": [0.01563, 0], "uv_size": [-0.01563, 0.01563]},
								"east": {"uv": [0.01563, 0], "uv_size": [-0.01563, 0.01563]},
								"south": {"uv": [0.01563, 0], "uv_size": [-0.01563, 0.01563]},
								"west": {"uv": [0.01563, 0], "uv_size": [-0.01563, 0.01563]},
								"up": {"uv": [0.00001, 0.01563], "uv_size": [0.01562, -0.01562]},
								"down": {"uv": [0.00001, 0.01563], "uv_size": [0.01562, -0.01562]}
							}
						}
					]
				},
				{
					"name": "punchmochi2",
					"parent": "powermochi2",
					"pivot": [21, 31.5, 2],
					"cubes": [
						{
							"origin": [17, 24.5, -9],
							"size": [10, 10, 9],
							"pivot": [21, 31.4996, -5],
							"rotation": [90, 0, 0],
							"uv": {
								"north": {"uv": [9.5, 2.25], "uv_size": [-1, 1]},
								"east": {"uv": [9.5, 2.25], "uv_size": [-1, 1]},
								"south": {"uv": [9.5, 2.25], "uv_size": [-1, 1]},
								"west": {"uv": [9.5, 2.25], "uv_size": [-1, 1]},
								"up": {"uv": [8.5, 3.25], "uv_size": [1, -1]},
								"down": {"uv": [8.5, 3.25], "uv_size": [1, -1]}
							}
						}
					]
				},
				{
					"name": "punchmochi2_2",
					"parent": "punchmochi2",
					"pivot": [21, 31.5, -10],
					"cubes": [
						{
							"origin": [17, 29, -10],
							"size": [10, 8, 2.5],
							"pivot": [21, 34.9996, -10],
							"rotation": [-7.5, 0, 0],
							"uv": {
								"north": {"uv": [10, 7], "uv_size": [-2, 1]},
								"east": {"uv": [9.5, 2.25], "uv_size": [-1, 1]},
								"south": {"uv": [9.5, 2.25], "uv_size": [-1, 1]},
								"west": {"uv": [9.5, 2.25], "uv_size": [-1, 1]},
								"up": {"uv": [8.5, 3.25], "uv_size": [1, -1]},
								"down": {"uv": [8, 8], "uv_size": [2, -0.5]}
							}
						},
						{
							"origin": [16, 26.5, -10],
							"size": [7, 3, 3],
							"uv": {
								"north": {"uv": [9.5, 2.25], "uv_size": [-1, 1]},
								"east": {"uv": [9.5, 2.25], "uv_size": [-1, 1]},
								"south": {"uv": [9.5, 2.25], "uv_size": [-1, 1]},
								"west": {"uv": [9.5, 2.25], "uv_size": [-1, 1]},
								"up": {"uv": [8.5, 3.25], "uv_size": [1, -1]},
								"down": {"uv": [8.5, 3.25], "uv_size": [1, -1]}
							}
						}
					]
				},
				{
					"name": "powerHaki3",
					"parent": "punchmochi2_2",
					"pivot": [21, 31.5, -10],
					"cubes": [
						{
							"origin": [16, 26.5, -10],
							"size": [7, 3, 3],
							"inflate": 0.2,
							"uv": {
								"north": {"uv": [9.5, 2.25], "uv_size": [-1, 1]},
								"east": {"uv": [9.5, 2.25], "uv_size": [-1, 1]},
								"south": {"uv": [9.5, 2.25], "uv_size": [-1, 1]},
								"west": {"uv": [9.5, 2.25], "uv_size": [-1, 1]},
								"up": {"uv": [8.5, 3.25], "uv_size": [1, -1]},
								"down": {"uv": [8.5, 3.25], "uv_size": [1, -1]}
							}
						}
					]
				},
				{
					"name": "powerHaki4",
					"parent": "punchmochi2",
					"pivot": [21, 31.5, 0],
					"cubes": [
						{
							"origin": [17, 24.5, -9],
							"size": [10, 10, 9],
							"inflate": 0.2,
							"pivot": [21, 31.4996, -5],
							"rotation": [90, 0, 0],
							"uv": {
								"north": {"uv": [9.5, 2.25], "uv_size": [-1, 1]},
								"east": {"uv": [9.5, 2.25], "uv_size": [-1, 1]},
								"south": {"uv": [9.5, 2.25], "uv_size": [-1, 1]},
								"west": {"uv": [9.5, 2.25], "uv_size": [-1, 1]},
								"up": {"uv": [8.5, 3.25], "uv_size": [1, -1]},
								"down": {"uv": [8.5, 3.25], "uv_size": [1, -1]}
							}
						},
						{
							"origin": [17, 29, -10],
							"size": [10, 8, 2.5],
							"inflate": 0.2,
							"pivot": [21, 34.9996, -10],
							"rotation": [-7.5, 0, 0],
							"uv": {
								"north": {"uv": [10, 7], "uv_size": [-2, 1]},
								"east": {"uv": [9.5, 2.25], "uv_size": [-1, 1]},
								"south": {"uv": [9.5, 2.25], "uv_size": [-1, 1]},
								"west": {"uv": [9.5, 2.25], "uv_size": [-1, 1]},
								"up": {"uv": [8.5, 3.25], "uv_size": [1, -1]},
								"down": {"uv": [8, 8], "uv_size": [2, -0.5]}
							}
						}
					]
				},
				{
					"name": "punchmochi2_1",
					"parent": "powermochi2",
					"pivot": [21.6, 24, 0],
					"locators": {
						"powermochi2": [21.6, 24, 0]
					}
				},
				{
					"name": "rightArm",
					"parent": "body",
					"pivot": [-5, 22, 0]
				},
				{
					"name": "rightForeArm",
					"parent": "rightArm",
					"pivot": [-5, 18, 0]
				},
				{
					"name": "rightForeArmFruit",
					"parent": "rightForeArm",
					"pivot": [-6, 18, 0],
					"cubes": [
						{
							"origin": [-7.75, 12.5, -1.75],
							"size": [3.5, 5, 3.5],
							"uv": {
								"north": {"uv": [0.25, 12.25], "uv_size": [3.5, 3.5]},
								"east": {"uv": [0.25, 12.25], "uv_size": [3.5, 3.5]},
								"south": {"uv": [0.25, 12.25], "uv_size": [3.5, 3.5]},
								"west": {"uv": [0.25, 12.25], "uv_size": [3.5, 3.5]},
								"up": {"uv": [3.75, 15.75], "uv_size": [-3.5, -3.5]},
								"down": {"uv": [3.75, 15.75], "uv_size": [-3.5, -3.5]}
							}
						}
					]
				},
				{
					"name": "rightZanGiri",
					"parent": "rightForeArm",
					"pivot": [-6, 18, 0],
					"cubes": [
						{
							"origin": [-8, 12, -2],
							"size": [4, 6, 4],
							"inflate": 0.1,
							"uv": {
								"north": {"uv": [0, 0], "uv_size": [2, 3]},
								"east": {"uv": [0, 0], "uv_size": [2, 3]},
								"south": {"uv": [0, 0], "uv_size": [2, 3]},
								"west": {"uv": [0, 0], "uv_size": [2, 3]},
								"up": {"uv": [2, 2], "uv_size": [-2, -2]},
								"down": {"uv": [2, 2], "uv_size": [-2, -2]}
							}
						}
					]
				},
				{
					"name": "rightZanGiri2",
					"parent": "rightForeArm",
					"pivot": [-6, 18, 0],
					"cubes": [
						{
							"origin": [-8, 12, -2],
							"size": [4, 6, 4],
							"inflate": 0.1,
							"uv": {
								"north": {"uv": [0, 0], "uv_size": [2, 3]},
								"east": {"uv": [0, 0], "uv_size": [2, 3]},
								"south": {"uv": [0, 0], "uv_size": [2, 3]},
								"west": {"uv": [0, 0], "uv_size": [2, 3]},
								"up": {"uv": [2, 2], "uv_size": [-2, -2]},
								"down": {"uv": [2, 2], "uv_size": [-2, -2]}
							}
						}
					]
				},
				{
					"name": "rightZanGiri3",
					"parent": "rightForeArm",
					"pivot": [-6, 18, 0]
				},
				{
					"name": "rightZanGiri4",
					"parent": "rightZanGiri3",
					"pivot": [-6, 18, 0],
					"cubes": [
						{
							"origin": [-8, 12, -2],
							"size": [4, 6, 4],
							"inflate": 0.1,
							"uv": {
								"north": {"uv": [0, 0], "uv_size": [2, 3]},
								"east": {"uv": [0, 0], "uv_size": [2, 3]},
								"south": {"uv": [0, 0], "uv_size": [2, 3]},
								"west": {"uv": [0, 0], "uv_size": [2, 3]},
								"up": {"uv": [2, 2], "uv_size": [-2, -2]},
								"down": {"uv": [2, 2], "uv_size": [-2, -2]}
							}
						},
						{
							"origin": [-8, 12, -2],
							"size": [4, 3, 4],
							"inflate": 0.125,
							"uv": {
								"north": {"uv": [12.875, 1.5], "uv_size": [2, 3]},
								"east": {"uv": [0, 0], "uv_size": [2, 3]},
								"south": {"uv": [0, 0], "uv_size": [2, 3]},
								"west": {"uv": [0, 0], "uv_size": [2, 3]},
								"up": {"uv": [2, 2], "uv_size": [-2, -2]},
								"down": {"uv": [2, 2], "uv_size": [-2, -2]}
							}
						}
					]
				},
				{
					"name": "zanGiriHaki",
					"parent": "rightZanGiri4",
					"pivot": [-6, 18, 0],
					"cubes": [
						{
							"origin": [-8, 12, -2],
							"size": [4, 3, 4],
							"inflate": 0.2,
							"uv": {
								"north": {"uv": [8.5, 2.25], "uv_size": [1, 1]},
								"east": {"uv": [8.5, 2.25], "uv_size": [1, 1]},
								"south": {"uv": [8.5, 2.25], "uv_size": [1, 1]},
								"west": {"uv": [8.5, 2.25], "uv_size": [1, 1]},
								"up": {"uv": [9.5, 3.25], "uv_size": [-1, -1]},
								"down": {"uv": [9.5, 3.25], "uv_size": [-1, -1]}
							}
						}
					]
				},
				{
					"name": "rightZanGiri5",
					"parent": "rightZanGiri3",
					"pivot": [-6, 12, 0],
					"cubes": [
						{
							"origin": [-10, -4, -4],
							"size": [8, 16, 8],
							"uv": {
								"north": {"uv": [8.5, 2.25], "uv_size": [1, 1]},
								"east": {"uv": [8.5, 2.25], "uv_size": [1, 1]},
								"south": {"uv": [8.5, 2.25], "uv_size": [1, 1]},
								"west": {"uv": [8.5, 2.25], "uv_size": [1, 1]},
								"up": {"uv": [9.5, 3.25], "uv_size": [-1, -1]},
								"down": {"uv": [9.5, 3.25], "uv_size": [-1, -1]}
							}
						},
						{
							"origin": [-11, -2, -5],
							"size": [10, 12, 10],
							"uv": {
								"north": {"uv": [8.5, 2.25], "uv_size": [1, 1]},
								"east": {"uv": [8.5, 2.25], "uv_size": [1, 1]},
								"south": {"uv": [8.5, 2.25], "uv_size": [1, 1]},
								"west": {"uv": [8.5, 2.25], "uv_size": [1, 1]},
								"up": {"uv": [9.5, 3.25], "uv_size": [-1, -1]},
								"down": {"uv": [9.5, 3.25], "uv_size": [-1, -1]}
							}
						},
						{
							"origin": [-6.5, 7.5, -7.5],
							"size": [1.5, 1.5, 2.5],
							"uv": {
								"north": {"uv": [8.5, 2.25], "uv_size": [1, 1]},
								"east": {"uv": [8.5, 2.25], "uv_size": [1, 1]},
								"south": {"uv": [8.5, 2.25], "uv_size": [1, 1]},
								"west": {"uv": [8.5, 2.25], "uv_size": [1, 1]},
								"up": {"uv": [9.5, 3.25], "uv_size": [-1, -1]},
								"down": {"uv": [9.5, 3.25], "uv_size": [-1, -1]}
							}
						},
						{
							"origin": [-13.5, 7, -1],
							"size": [2.5, 2, 2],
							"uv": {
								"north": {"uv": [8.5, 2.25], "uv_size": [1, 1]},
								"east": {"uv": [8.5, 2.25], "uv_size": [1, 1]},
								"south": {"uv": [8.5, 2.25], "uv_size": [1, 1]},
								"west": {"uv": [8.5, 2.25], "uv_size": [1, 1]},
								"up": {"uv": [9.5, 3.25], "uv_size": [-1, -1]},
								"down": {"uv": [9.5, 3.25], "uv_size": [-1, -1]}
							}
						},
						{
							"origin": [-1, 7, -1],
							"size": [2.5, 2, 2],
							"uv": {
								"north": {"uv": [8.5, 2.25], "uv_size": [1, 1]},
								"east": {"uv": [8.5, 2.25], "uv_size": [1, 1]},
								"south": {"uv": [8.5, 2.25], "uv_size": [1, 1]},
								"west": {"uv": [8.5, 2.25], "uv_size": [1, 1]},
								"up": {"uv": [9.5, 3.25], "uv_size": [-1, -1]},
								"down": {"uv": [9.5, 3.25], "uv_size": [-1, -1]}
							}
						},
						{
							"origin": [-1, 3, -1],
							"size": [2.5, 2, 2],
							"uv": {
								"north": {"uv": [8.5, 2.25], "uv_size": [1, 1]},
								"east": {"uv": [8.5, 2.25], "uv_size": [1, 1]},
								"south": {"uv": [8.5, 2.25], "uv_size": [1, 1]},
								"west": {"uv": [8.5, 2.25], "uv_size": [1, 1]},
								"up": {"uv": [9.5, 3.25], "uv_size": [-1, -1]},
								"down": {"uv": [9.5, 3.25], "uv_size": [-1, -1]}
							}
						},
						{
							"origin": [-1, -1, -1],
							"size": [2.5, 2, 2],
							"uv": {
								"north": {"uv": [8.5, 2.25], "uv_size": [1, 1]},
								"east": {"uv": [8.5, 2.25], "uv_size": [1, 1]},
								"south": {"uv": [8.5, 2.25], "uv_size": [1, 1]},
								"west": {"uv": [8.5, 2.25], "uv_size": [1, 1]},
								"up": {"uv": [9.5, 3.25], "uv_size": [-1, -1]},
								"down": {"uv": [9.5, 3.25], "uv_size": [-1, -1]}
							}
						},
						{
							"origin": [-13.5, 3, -1.25],
							"size": [2.5, 2, 2],
							"uv": {
								"north": {"uv": [8.5, 2.25], "uv_size": [1, 1]},
								"east": {"uv": [8.5, 2.25], "uv_size": [1, 1]},
								"south": {"uv": [8.5, 2.25], "uv_size": [1, 1]},
								"west": {"uv": [8.5, 2.25], "uv_size": [1, 1]},
								"up": {"uv": [9.5, 3.25], "uv_size": [-1, -1]},
								"down": {"uv": [9.5, 3.25], "uv_size": [-1, -1]}
							}
						},
						{
							"origin": [-13.5, -1, -1],
							"size": [2.5, 2, 2],
							"uv": {
								"north": {"uv": [8.5, 2.25], "uv_size": [1, 1]},
								"east": {"uv": [8.5, 2.25], "uv_size": [1, 1]},
								"south": {"uv": [8.5, 2.25], "uv_size": [1, 1]},
								"west": {"uv": [8.5, 2.25], "uv_size": [1, 1]},
								"up": {"uv": [9.5, 3.25], "uv_size": [-1, -1]},
								"down": {"uv": [9.5, 3.25], "uv_size": [-1, -1]}
							}
						},
						{
							"origin": [-6.5, 7.5, 5],
							"size": [1.5, 1.5, 2.5],
							"uv": {
								"north": {"uv": [8.5, 2.25], "uv_size": [1, 1]},
								"east": {"uv": [8.5, 2.25], "uv_size": [1, 1]},
								"south": {"uv": [8.5, 2.25], "uv_size": [1, 1]},
								"west": {"uv": [8.5, 2.25], "uv_size": [1, 1]},
								"up": {"uv": [9.5, 3.25], "uv_size": [-1, -1]},
								"down": {"uv": [9.5, 3.25], "uv_size": [-1, -1]}
							}
						},
						{
							"origin": [-6.5, -1, -7.5],
							"size": [1.5, 1.5, 2.5],
							"uv": {
								"north": {"uv": [8.5, 2.25], "uv_size": [1, 1]},
								"east": {"uv": [8.5, 2.25], "uv_size": [1, 1]},
								"south": {"uv": [8.5, 2.25], "uv_size": [1, 1]},
								"west": {"uv": [8.5, 2.25], "uv_size": [1, 1]},
								"up": {"uv": [9.5, 3.25], "uv_size": [-1, -1]},
								"down": {"uv": [9.5, 3.25], "uv_size": [-1, -1]}
							}
						},
						{
							"origin": [-6.5, -1, 5],
							"size": [1.5, 1.5, 2.5],
							"uv": {
								"north": {"uv": [8.5, 2.25], "uv_size": [1, 1]},
								"east": {"uv": [8.5, 2.25], "uv_size": [1, 1]},
								"south": {"uv": [8.5, 2.25], "uv_size": [1, 1]},
								"west": {"uv": [8.5, 2.25], "uv_size": [1, 1]},
								"up": {"uv": [9.5, 3.25], "uv_size": [-1, -1]},
								"down": {"uv": [9.5, 3.25], "uv_size": [-1, -1]}
							}
						},
						{
							"origin": [-6.5, 3.25, -7.5],
							"size": [1.5, 1.5, 2.5],
							"uv": {
								"north": {"uv": [8.5, 2.25], "uv_size": [1, 1]},
								"east": {"uv": [8.5, 2.25], "uv_size": [1, 1]},
								"south": {"uv": [8.5, 2.25], "uv_size": [1, 1]},
								"west": {"uv": [8.5, 2.25], "uv_size": [1, 1]},
								"up": {"uv": [9.5, 3.25], "uv_size": [-1, -1]},
								"down": {"uv": [9.5, 3.25], "uv_size": [-1, -1]}
							}
						},
						{
							"origin": [-6.5, 3.25, 5],
							"size": [1.5, 1.5, 2.5],
							"uv": {
								"north": {"uv": [8.5, 2.25], "uv_size": [1, 1]},
								"east": {"uv": [8.5, 2.25], "uv_size": [1, 1]},
								"south": {"uv": [8.5, 2.25], "uv_size": [1, 1]},
								"west": {"uv": [8.5, 2.25], "uv_size": [1, 1]},
								"up": {"uv": [9.5, 3.25], "uv_size": [-1, -1]},
								"down": {"uv": [9.5, 3.25], "uv_size": [-1, -1]}
							}
						}
					],
					"locators": {
						"zan_giri": [-6, -2, 0]
					}
				},
				{
					"name": "zanGiriHaki2",
					"parent": "rightZanGiri5",
					"pivot": [-6, 12, 0],
					"cubes": [
						{
							"origin": [-10, -4, -4],
							"size": [8, 16, 8],
							"inflate": 0.2,
							"uv": {
								"north": {"uv": [8.5, 2.25], "uv_size": [1, 1]},
								"east": {"uv": [8.5, 2.25], "uv_size": [1, 1]},
								"south": {"uv": [8.5, 2.25], "uv_size": [1, 1]},
								"west": {"uv": [8.5, 2.25], "uv_size": [1, 1]},
								"up": {"uv": [9.5, 3.25], "uv_size": [-1, -1]},
								"down": {"uv": [9.5, 3.25], "uv_size": [-1, -1]}
							}
						},
						{
							"origin": [-11, -2, -5],
							"size": [10, 12, 10],
							"inflate": 0.2,
							"uv": {
								"north": {"uv": [8.5, 2.25], "uv_size": [1, 1]},
								"east": {"uv": [8.5, 2.25], "uv_size": [1, 1]},
								"south": {"uv": [8.5, 2.25], "uv_size": [1, 1]},
								"west": {"uv": [8.5, 2.25], "uv_size": [1, 1]},
								"up": {"uv": [9.5, 3.25], "uv_size": [-1, -1]},
								"down": {"uv": [9.5, 3.25], "uv_size": [-1, -1]}
							}
						},
						{
							"origin": [-6.5, 7.5, -7.5],
							"size": [1.5, 1.5, 2.5],
							"inflate": 0.2,
							"uv": {
								"north": {"uv": [8.5, 2.25], "uv_size": [1, 1]},
								"east": {"uv": [8.5, 2.25], "uv_size": [1, 1]},
								"south": {"uv": [8.5, 2.25], "uv_size": [1, 1]},
								"west": {"uv": [8.5, 2.25], "uv_size": [1, 1]},
								"up": {"uv": [9.5, 3.25], "uv_size": [-1, -1]},
								"down": {"uv": [9.5, 3.25], "uv_size": [-1, -1]}
							}
						},
						{
							"origin": [-13.5, 7, -1],
							"size": [2.5, 2, 2],
							"inflate": 0.2,
							"uv": {
								"north": {"uv": [8.5, 2.25], "uv_size": [1, 1]},
								"east": {"uv": [8.5, 2.25], "uv_size": [1, 1]},
								"south": {"uv": [8.5, 2.25], "uv_size": [1, 1]},
								"west": {"uv": [8.5, 2.25], "uv_size": [1, 1]},
								"up": {"uv": [9.5, 3.25], "uv_size": [-1, -1]},
								"down": {"uv": [9.5, 3.25], "uv_size": [-1, -1]}
							}
						},
						{
							"origin": [-1, 7, -1],
							"size": [2.5, 2, 2],
							"inflate": 0.2,
							"uv": {
								"north": {"uv": [8.5, 2.25], "uv_size": [1, 1]},
								"east": {"uv": [8.5, 2.25], "uv_size": [1, 1]},
								"south": {"uv": [8.5, 2.25], "uv_size": [1, 1]},
								"west": {"uv": [8.5, 2.25], "uv_size": [1, 1]},
								"up": {"uv": [9.5, 3.25], "uv_size": [-1, -1]},
								"down": {"uv": [9.5, 3.25], "uv_size": [-1, -1]}
							}
						},
						{
							"origin": [-1, 3, -1],
							"size": [2.5, 2, 2],
							"inflate": 0.2,
							"uv": {
								"north": {"uv": [8.5, 2.25], "uv_size": [1, 1]},
								"east": {"uv": [8.5, 2.25], "uv_size": [1, 1]},
								"south": {"uv": [8.5, 2.25], "uv_size": [1, 1]},
								"west": {"uv": [8.5, 2.25], "uv_size": [1, 1]},
								"up": {"uv": [9.5, 3.25], "uv_size": [-1, -1]},
								"down": {"uv": [9.5, 3.25], "uv_size": [-1, -1]}
							}
						},
						{
							"origin": [-1, -1, -1],
							"size": [2.5, 2, 2],
							"inflate": 0.2,
							"uv": {
								"north": {"uv": [8.5, 2.25], "uv_size": [1, 1]},
								"east": {"uv": [8.5, 2.25], "uv_size": [1, 1]},
								"south": {"uv": [8.5, 2.25], "uv_size": [1, 1]},
								"west": {"uv": [8.5, 2.25], "uv_size": [1, 1]},
								"up": {"uv": [9.5, 3.25], "uv_size": [-1, -1]},
								"down": {"uv": [9.5, 3.25], "uv_size": [-1, -1]}
							}
						},
						{
							"origin": [-13.5, 3, -1.25],
							"size": [2.5, 2, 2],
							"inflate": 0.2,
							"uv": {
								"north": {"uv": [8.5, 2.25], "uv_size": [1, 1]},
								"east": {"uv": [8.5, 2.25], "uv_size": [1, 1]},
								"south": {"uv": [8.5, 2.25], "uv_size": [1, 1]},
								"west": {"uv": [8.5, 2.25], "uv_size": [1, 1]},
								"up": {"uv": [9.5, 3.25], "uv_size": [-1, -1]},
								"down": {"uv": [9.5, 3.25], "uv_size": [-1, -1]}
							}
						},
						{
							"origin": [-13.5, -1, -1],
							"size": [2.5, 2, 2],
							"inflate": 0.2,
							"uv": {
								"north": {"uv": [8.5, 2.25], "uv_size": [1, 1]},
								"east": {"uv": [8.5, 2.25], "uv_size": [1, 1]},
								"south": {"uv": [8.5, 2.25], "uv_size": [1, 1]},
								"west": {"uv": [8.5, 2.25], "uv_size": [1, 1]},
								"up": {"uv": [9.5, 3.25], "uv_size": [-1, -1]},
								"down": {"uv": [9.5, 3.25], "uv_size": [-1, -1]}
							}
						},
						{
							"origin": [-6.5, 7.5, 5],
							"size": [1.5, 1.5, 2.5],
							"inflate": 0.2,
							"uv": {
								"north": {"uv": [8.5, 2.25], "uv_size": [1, 1]},
								"east": {"uv": [8.5, 2.25], "uv_size": [1, 1]},
								"south": {"uv": [8.5, 2.25], "uv_size": [1, 1]},
								"west": {"uv": [8.5, 2.25], "uv_size": [1, 1]},
								"up": {"uv": [9.5, 3.25], "uv_size": [-1, -1]},
								"down": {"uv": [9.5, 3.25], "uv_size": [-1, -1]}
							}
						},
						{
							"origin": [-6.5, -1, -7.5],
							"size": [1.5, 1.5, 2.5],
							"inflate": 0.2,
							"uv": {
								"north": {"uv": [8.5, 2.25], "uv_size": [1, 1]},
								"east": {"uv": [8.5, 2.25], "uv_size": [1, 1]},
								"south": {"uv": [8.5, 2.25], "uv_size": [1, 1]},
								"west": {"uv": [8.5, 2.25], "uv_size": [1, 1]},
								"up": {"uv": [9.5, 3.25], "uv_size": [-1, -1]},
								"down": {"uv": [9.5, 3.25], "uv_size": [-1, -1]}
							}
						},
						{
							"origin": [-6.5, -1, 5],
							"size": [1.5, 1.5, 2.5],
							"inflate": 0.2,
							"uv": {
								"north": {"uv": [8.5, 2.25], "uv_size": [1, 1]},
								"east": {"uv": [8.5, 2.25], "uv_size": [1, 1]},
								"south": {"uv": [8.5, 2.25], "uv_size": [1, 1]},
								"west": {"uv": [8.5, 2.25], "uv_size": [1, 1]},
								"up": {"uv": [9.5, 3.25], "uv_size": [-1, -1]},
								"down": {"uv": [9.5, 3.25], "uv_size": [-1, -1]}
							}
						},
						{
							"origin": [-6.5, 3.25, -7.5],
							"size": [1.5, 1.5, 2.5],
							"inflate": 0.2,
							"uv": {
								"north": {"uv": [8.5, 2.25], "uv_size": [1, 1]},
								"east": {"uv": [8.5, 2.25], "uv_size": [1, 1]},
								"south": {"uv": [8.5, 2.25], "uv_size": [1, 1]},
								"west": {"uv": [8.5, 2.25], "uv_size": [1, 1]},
								"up": {"uv": [9.5, 3.25], "uv_size": [-1, -1]},
								"down": {"uv": [9.5, 3.25], "uv_size": [-1, -1]}
							}
						},
						{
							"origin": [-6.5, 3.25, 5],
							"size": [1.5, 1.5, 2.5],
							"inflate": 0.2,
							"uv": {
								"north": {"uv": [8.5, 2.25], "uv_size": [1, 1]},
								"east": {"uv": [8.5, 2.25], "uv_size": [1, 1]},
								"south": {"uv": [8.5, 2.25], "uv_size": [1, 1]},
								"west": {"uv": [8.5, 2.25], "uv_size": [1, 1]},
								"up": {"uv": [9.5, 3.25], "uv_size": [-1, -1]},
								"down": {"uv": [9.5, 3.25], "uv_size": [-1, -1]}
							}
						}
					],
					"locators": {
						"zan_giri2": [-6, -2, 0]
					}
				},
				{
					"name": "rightGatling",
					"parent": "rightForeArm",
					"pivot": [-6, 18, 0],
					"cubes": [
						{
							"origin": [-7.125, 14, -1.125],
							"size": [2.25, 3.5, 2.25],
							"uv": {
								"north": {"uv": [10, 0], "uv_size": [2, 2]},
								"east": {"uv": [10, 0], "uv_size": [2, 2]},
								"south": {"uv": [10, 0], "uv_size": [2, 2]},
								"west": {"uv": [10, 0], "uv_size": [2, 2]},
								"up": {"uv": [12, 2], "uv_size": [-2, -2]},
								"down": {"uv": [14, 2], "uv_size": [-2, -2]}
							}
						},
						{
							"origin": [-7.25, 13.75, -1.25],
							"size": [2.5, 3.25, 2.5],
							"uv": {
								"north": {"uv": [10, 0], "uv_size": [2, 2]},
								"east": {"uv": [10, 0], "uv_size": [2, 2]},
								"south": {"uv": [10, 0], "uv_size": [2, 2]},
								"west": {"uv": [10, 0], "uv_size": [2, 2]},
								"up": {"uv": [12, 2], "uv_size": [-2, -2]},
								"down": {"uv": [14, 2], "uv_size": [-2, -2]}
							}
						},
						{
							"origin": [-6.375, 16.125, -1.5],
							"size": [0.875, 0.625, 0.25],
							"uv": {
								"north": {"uv": [8.5, 2.75], "uv_size": [2, 2]},
								"east": {"uv": [8.5, 2.75], "uv_size": [2, 2]},
								"south": {"uv": [8.5, 2.75], "uv_size": [2, 2]},
								"west": {"uv": [8.5, 2.75], "uv_size": [2, 2]},
								"up": {"uv": [10.5, 4.75], "uv_size": [-2, -2]},
								"down": {"uv": [10.5, 4.75], "uv_size": [-2, -2]}
							}
						},
						{
							"origin": [-6.375, 16.125, 1.25],
							"size": [0.875, 0.625, 0.25],
							"uv": {
								"north": {"uv": [10.5, 2.75], "uv_size": [-2, 2]},
								"east": {"uv": [10.5, 2.75], "uv_size": [-2, 2]},
								"south": {"uv": [10.5, 2.75], "uv_size": [-2, 2]},
								"west": {"uv": [10.5, 2.75], "uv_size": [-2, 2]},
								"up": {"uv": [10.5, 2.75], "uv_size": [-2, 2]},
								"down": {"uv": [10.5, 2.75], "uv_size": [-2, 2]}
							}
						},
						{
							"origin": [-6.375, 15.125, -1.625],
							"size": [0.875, 0.625, 0.375],
							"uv": {
								"north": {"uv": [8.5, 2.75], "uv_size": [2, 2]},
								"east": {"uv": [8.5, 2.75], "uv_size": [2, 2]},
								"south": {"uv": [8.5, 2.75], "uv_size": [2, 2]},
								"west": {"uv": [8.5, 2.75], "uv_size": [2, 2]},
								"up": {"uv": [10.5, 4.75], "uv_size": [-2, -2]},
								"down": {"uv": [10.5, 4.75], "uv_size": [-2, -2]}
							}
						},
						{
							"origin": [-5.5, 13.625, -1],
							"size": [0.375, 0.625, 0.375],
							"uv": {
								"north": {"uv": [8.5, 2.75], "uv_size": [2, 2]},
								"east": {"uv": [8.5, 2.75], "uv_size": [2, 2]},
								"south": {"uv": [8.5, 2.75], "uv_size": [2, 2]},
								"west": {"uv": [8.5, 2.75], "uv_size": [2, 2]},
								"up": {"uv": [10.5, 4.75], "uv_size": [-2, -2]},
								"down": {"uv": [10.5, 4.75], "uv_size": [-2, -2]}
							}
						},
						{
							"origin": [-6.875, 13.625, -1],
							"size": [0.375, 0.625, 0.375],
							"uv": {
								"north": {"uv": [8.5, 2.75], "uv_size": [2, 2]},
								"east": {"uv": [8.5, 2.75], "uv_size": [2, 2]},
								"south": {"uv": [8.5, 2.75], "uv_size": [2, 2]},
								"west": {"uv": [8.5, 2.75], "uv_size": [2, 2]},
								"up": {"uv": [10.5, 4.75], "uv_size": [-2, -2]},
								"down": {"uv": [10.5, 4.75], "uv_size": [-2, -2]}
							}
						},
						{
							"origin": [-6.1875, 13.625, -1],
							"size": [0.375, 0.625, 0.375],
							"uv": {
								"north": {"uv": [8.5, 2.75], "uv_size": [2, 2]},
								"east": {"uv": [8.5, 2.75], "uv_size": [2, 2]},
								"south": {"uv": [8.5, 2.75], "uv_size": [2, 2]},
								"west": {"uv": [8.5, 2.75], "uv_size": [2, 2]},
								"up": {"uv": [10.5, 4.75], "uv_size": [-2, -2]},
								"down": {"uv": [10.5, 4.75], "uv_size": [-2, -2]}
							}
						},
						{
							"origin": [-5.5, 13.625, 0.625],
							"size": [0.375, 0.625, 0.375],
							"uv": {
								"north": {"uv": [10.5, 2.75], "uv_size": [-2, 2]},
								"east": {"uv": [10.5, 2.75], "uv_size": [-2, 2]},
								"south": {"uv": [10.5, 2.75], "uv_size": [-2, 2]},
								"west": {"uv": [10.5, 2.75], "uv_size": [-2, 2]},
								"up": {"uv": [10.5, 2.75], "uv_size": [-2, 2]},
								"down": {"uv": [10.5, 2.75], "uv_size": [-2, 2]}
							}
						},
						{
							"origin": [-6.875, 13.625, 0.625],
							"size": [0.375, 0.625, 0.375],
							"uv": {
								"north": {"uv": [10.5, 2.75], "uv_size": [-2, 2]},
								"east": {"uv": [10.5, 2.75], "uv_size": [-2, 2]},
								"south": {"uv": [10.5, 2.75], "uv_size": [-2, 2]},
								"west": {"uv": [10.5, 2.75], "uv_size": [-2, 2]},
								"up": {"uv": [10.5, 2.75], "uv_size": [-2, 2]},
								"down": {"uv": [10.5, 2.75], "uv_size": [-2, 2]}
							}
						},
						{
							"origin": [-5.5, 13.625, -0.1875],
							"size": [0.375, 0.625, 0.375],
							"uv": {
								"north": {"uv": [10.5, 2.75], "uv_size": [-2, 2]},
								"east": {"uv": [10.5, 2.75], "uv_size": [-2, 2]},
								"south": {"uv": [10.5, 2.75], "uv_size": [-2, 2]},
								"west": {"uv": [10.5, 2.75], "uv_size": [-2, 2]},
								"up": {"uv": [10.5, 2.75], "uv_size": [-2, 2]},
								"down": {"uv": [10.5, 2.75], "uv_size": [-2, 2]}
							}
						},
						{
							"origin": [-6.1875, 13.625, -0.1875],
							"size": [0.375, 0.625, 0.375],
							"uv": {
								"north": {"uv": [10.5, 2.75], "uv_size": [-2, 2]},
								"east": {"uv": [10.5, 2.75], "uv_size": [-2, 2]},
								"south": {"uv": [10.5, 2.75], "uv_size": [-2, 2]},
								"west": {"uv": [10.5, 2.75], "uv_size": [-2, 2]},
								"up": {"uv": [10.5, 2.75], "uv_size": [-2, 2]},
								"down": {"uv": [10.5, 2.75], "uv_size": [-2, 2]}
							}
						},
						{
							"origin": [-6.1875, 13.625, 0.625],
							"size": [0.375, 0.625, 0.375],
							"uv": {
								"north": {"uv": [10.5, 2.75], "uv_size": [-2, 2]},
								"east": {"uv": [10.5, 2.75], "uv_size": [-2, 2]},
								"south": {"uv": [10.5, 2.75], "uv_size": [-2, 2]},
								"west": {"uv": [10.5, 2.75], "uv_size": [-2, 2]},
								"up": {"uv": [10.5, 2.75], "uv_size": [-2, 2]},
								"down": {"uv": [10.5, 2.75], "uv_size": [-2, 2]}
							}
						},
						{
							"origin": [-6.875, 13.625, -0.1875],
							"size": [0.375, 0.625, 0.375],
							"uv": {
								"north": {"uv": [10.5, 2.75], "uv_size": [-2, 2]},
								"east": {"uv": [10.5, 2.75], "uv_size": [-2, 2]},
								"south": {"uv": [10.5, 2.75], "uv_size": [-2, 2]},
								"west": {"uv": [10.5, 2.75], "uv_size": [-2, 2]},
								"up": {"uv": [10.5, 2.75], "uv_size": [-2, 2]},
								"down": {"uv": [10.5, 2.75], "uv_size": [-2, 2]}
							}
						},
						{
							"origin": [-6.375, 15.125, 1.25],
							"size": [0.875, 0.625, 0.375],
							"uv": {
								"north": {"uv": [10.5, 2.75], "uv_size": [-2, 2]},
								"east": {"uv": [10.5, 2.75], "uv_size": [-2, 2]},
								"south": {"uv": [10.5, 2.75], "uv_size": [-2, 2]},
								"west": {"uv": [10.5, 2.75], "uv_size": [-2, 2]},
								"up": {"uv": [10.5, 2.75], "uv_size": [-2, 2]},
								"down": {"uv": [10.5, 2.75], "uv_size": [-2, 2]}
							}
						},
						{
							"origin": [-6.375, 14.125, -1.5],
							"size": [0.875, 0.625, 0.25],
							"uv": {
								"north": {"uv": [8.5, 2.75], "uv_size": [2, 2]},
								"east": {"uv": [8.5, 2.75], "uv_size": [2, 2]},
								"south": {"uv": [8.5, 2.75], "uv_size": [2, 2]},
								"west": {"uv": [8.5, 2.75], "uv_size": [2, 2]},
								"up": {"uv": [10.5, 4.75], "uv_size": [-2, -2]},
								"down": {"uv": [10.5, 4.75], "uv_size": [-2, -2]}
							}
						},
						{
							"origin": [-6.375, 14.125, 1.25],
							"size": [0.875, 0.625, 0.25],
							"uv": {
								"north": {"uv": [10.5, 2.75], "uv_size": [-2, 2]},
								"east": {"uv": [10.5, 2.75], "uv_size": [-2, 2]},
								"south": {"uv": [10.5, 2.75], "uv_size": [-2, 2]},
								"west": {"uv": [10.5, 2.75], "uv_size": [-2, 2]},
								"up": {"uv": [10.5, 2.75], "uv_size": [-2, 2]},
								"down": {"uv": [10.5, 2.75], "uv_size": [-2, 2]}
							}
						},
						{
							"origin": [-7.5, 16.125, -0.4375],
							"size": [0.25, 0.625, 0.875],
							"uv": {
								"north": {"uv": [8.5, 2.75], "uv_size": [2, 2]},
								"east": {"uv": [8.5, 2.75], "uv_size": [2, 2]},
								"south": {"uv": [8.5, 2.75], "uv_size": [2, 2]},
								"west": {"uv": [8.5, 2.75], "uv_size": [2, 2]},
								"up": {"uv": [10.5, 4.75], "uv_size": [-2, -2]},
								"down": {"uv": [10.5, 4.75], "uv_size": [-2, -2]}
							}
						},
						{
							"origin": [-4.75, 16.125, -0.4375],
							"size": [0.25, 0.625, 0.875],
							"uv": {
								"north": {"uv": [8.5, 2.75], "uv_size": [2, 2]},
								"east": {"uv": [8.5, 2.75], "uv_size": [2, 2]},
								"south": {"uv": [8.5, 2.75], "uv_size": [2, 2]},
								"west": {"uv": [8.5, 2.75], "uv_size": [2, 2]},
								"up": {"uv": [10.5, 4.75], "uv_size": [-2, -2]},
								"down": {"uv": [10.5, 4.75], "uv_size": [-2, -2]}
							}
						},
						{
							"origin": [-4.75, 15.125, -0.4375],
							"size": [0.25, 0.625, 0.875],
							"uv": {
								"north": {"uv": [8.5, 2.75], "uv_size": [2, 2]},
								"east": {"uv": [8.5, 2.75], "uv_size": [2, 2]},
								"south": {"uv": [8.5, 2.75], "uv_size": [2, 2]},
								"west": {"uv": [8.5, 2.75], "uv_size": [2, 2]},
								"up": {"uv": [10.5, 4.75], "uv_size": [-2, -2]},
								"down": {"uv": [10.5, 4.75], "uv_size": [-2, -2]}
							}
						},
						{
							"origin": [-4.75, 14.125, -0.4375],
							"size": [0.25, 0.625, 0.875],
							"uv": {
								"north": {"uv": [8.5, 2.75], "uv_size": [2, 2]},
								"east": {"uv": [8.5, 2.75], "uv_size": [2, 2]},
								"south": {"uv": [8.5, 2.75], "uv_size": [2, 2]},
								"west": {"uv": [8.5, 2.75], "uv_size": [2, 2]},
								"up": {"uv": [10.5, 4.75], "uv_size": [-2, -2]},
								"down": {"uv": [10.5, 4.75], "uv_size": [-2, -2]}
							}
						},
						{
							"origin": [-7.5, 15.125, -0.4375],
							"size": [0.25, 0.625, 0.875],
							"uv": {
								"north": {"uv": [8.5, 2.75], "uv_size": [2, 2]},
								"east": {"uv": [8.5, 2.75], "uv_size": [2, 2]},
								"south": {"uv": [8.5, 2.75], "uv_size": [2, 2]},
								"west": {"uv": [8.5, 2.75], "uv_size": [2, 2]},
								"up": {"uv": [10.5, 4.75], "uv_size": [-2, -2]},
								"down": {"uv": [10.5, 4.75], "uv_size": [-2, -2]}
							}
						},
						{
							"origin": [-7.5, 14.125, -0.4375],
							"size": [0.25, 0.625, 0.875],
							"uv": {
								"north": {"uv": [8.5, 2.75], "uv_size": [2, 2]},
								"east": {"uv": [8.5, 2.75], "uv_size": [2, 2]},
								"south": {"uv": [8.5, 2.75], "uv_size": [2, 2]},
								"west": {"uv": [8.5, 2.75], "uv_size": [2, 2]},
								"up": {"uv": [10.5, 4.75], "uv_size": [-2, -2]},
								"down": {"uv": [10.5, 4.75], "uv_size": [-2, -2]}
							}
						}
					]
				},
				{
					"name": "leftArm",
					"parent": "body",
					"pivot": [5, 22, 0]
				},
				{
					"name": "leftForeArm",
					"parent": "leftArm",
					"pivot": [5, 18, 0]
				},
				{
					"name": "leftForeArmFruit",
					"parent": "leftForeArm",
					"pivot": [5, 18, 0],
					"cubes": [
						{
							"origin": [4.25, 12.5, -1.75],
							"size": [3.5, 5, 3.5],
							"uv": {
								"north": {"uv": [3.75, 12.25], "uv_size": [-3.5, 3.5]},
								"east": {"uv": [3.75, 12.25], "uv_size": [-3.5, 3.5]},
								"south": {"uv": [3.75, 12.25], "uv_size": [-3.5, 3.5]},
								"west": {"uv": [3.75, 12.25], "uv_size": [-3.5, 3.5]},
								"up": {"uv": [0.25, 15.75], "uv_size": [3.5, -3.5]},
								"down": {"uv": [0.25, 15.75], "uv_size": [3.5, -3.5]}
							}
						}
					]
				},
				{
					"name": "rightYanagi",
					"parent": "tudo",
					"pivot": [-1.9, 12, 0],
					"cubes": [
						{
							"origin": [-4, 6, -2],
							"size": [4, 6, 4],
							"uv": {
								"north": {"uv": [0, 0], "uv_size": [1, 1]},
								"east": {"uv": [0, 0], "uv_size": [1, 1]},
								"south": {"uv": [0, 0], "uv_size": [1, 1]},
								"west": {"uv": [0, 0], "uv_size": [1, 1]},
								"up": {"uv": [1, 1], "uv_size": [-1, -1]},
								"down": {"uv": [1, 1], "uv_size": [-1, -1]}
							}
						}
					]
				},
				{
					"name": "rightForeYanagi",
					"parent": "rightYanagi",
					"pivot": [-1.9, 6, 0],
					"cubes": [
						{
							"origin": [-4, 0, -2],
							"size": [4, 6, 4],
							"uv": {
								"north": {"uv": [0, 0], "uv_size": [1, 1]},
								"east": {"uv": [0, 0], "uv_size": [1, 1]},
								"south": {"uv": [0, 0], "uv_size": [1, 1]},
								"west": {"uv": [0, 0], "uv_size": [1, 1]},
								"up": {"uv": [1, 1], "uv_size": [-1, -1]},
								"down": {"uv": [1, 1], "uv_size": [-1, -1]}
							}
						}
					]
				},
				{
					"name": "rightLeg",
					"parent": "tudo",
					"pivot": [-1.9, 12, 0],
					"cubes": [
						{
							"origin": [-4, 6, -2],
							"size": [4, 6, 4],
							"inflate": 0.15,
							"uv": {
								"north": {"uv": [0, 0], "uv_size": [1, 1]},
								"east": {"uv": [0, 0], "uv_size": [1, 1]},
								"south": {"uv": [0, 0], "uv_size": [1, 1]},
								"west": {"uv": [0, 0], "uv_size": [1, 1]},
								"up": {"uv": [1, 1], "uv_size": [-1, -1]},
								"down": {"uv": [1, 1], "uv_size": [-1, -1]}
							}
						}
					]
				},
				{
					"name": "rightForeLeg",
					"parent": "rightLeg",
					"pivot": [-1.9, 6, 0],
					"cubes": [
						{
							"origin": [-4, 0, -2],
							"size": [4, 6, 4],
							"inflate": 0.15,
							"uv": {
								"north": {"uv": [0, 0], "uv_size": [1, 1]},
								"east": {"uv": [0, 0], "uv_size": [1, 1]},
								"south": {"uv": [0, 0], "uv_size": [1, 1]},
								"west": {"uv": [0, 0], "uv_size": [1, 1]},
								"up": {"uv": [1, 1], "uv_size": [-1, -1]},
								"down": {"uv": [1, 1], "uv_size": [-1, -1]}
							}
						}
					]
				},
				{
					"name": "rightYanagi2",
					"parent": "tudo",
					"pivot": [-1.9, 12, 0],
					"cubes": [
						{
							"origin": [-4, 6, -2],
							"size": [4, 6, 4],
							"uv": {
								"north": {"uv": [0, 0], "uv_size": [1, 1.5]},
								"east": {"uv": [0, 0], "uv_size": [1, 1.5]},
								"south": {"uv": [0, 0], "uv_size": [1, 1.5]},
								"west": {"uv": [0, 0], "uv_size": [1, 1.5]},
								"up": {"uv": [0, 0], "uv_size": [1, 1]},
								"down": {"uv": [0, 1], "uv_size": [1, -1]}
							}
						}
					]
				},
				{
					"name": "rightForeYanagi2",
					"parent": "rightYanagi2",
					"pivot": [-1.9, 6, 0],
					"cubes": [
						{
							"origin": [-4, 0, -2],
							"size": [4, 6, 4],
							"uv": {
								"north": {"uv": [0, 0], "uv_size": [1, 1.5]},
								"east": {"uv": [0, 0], "uv_size": [1, 1.5]},
								"south": {"uv": [0, 0], "uv_size": [1, 1.5]},
								"west": {"uv": [0, 0], "uv_size": [1, 1.5]},
								"up": {"uv": [0, 0], "uv_size": [1, 1]},
								"down": {"uv": [0, 1], "uv_size": [1, -1]}
							}
						}
					]
				},
				{
					"name": "rightYanagi3",
					"parent": "tudo",
					"pivot": [-1.9, 12, 0],
					"cubes": [
						{
							"origin": [-4, 6, -2],
							"size": [4, 6, 4],
							"uv": {
								"north": {"uv": [0, 0], "uv_size": [1, 1.5]},
								"east": {"uv": [0, 0], "uv_size": [1, 1.5]},
								"south": {"uv": [0, 0], "uv_size": [1, 1.5]},
								"west": {"uv": [0, 0], "uv_size": [1, 1.5]},
								"up": {"uv": [0, 0], "uv_size": [1, 1]},
								"down": {"uv": [0, 1], "uv_size": [1, -1]}
							}
						}
					]
				},
				{
					"name": "rightForeYanagi3",
					"parent": "rightYanagi3",
					"pivot": [-1.9, 6, 0],
					"cubes": [
						{
							"origin": [-4, 0, -2],
							"size": [4, 6, 4],
							"uv": {
								"north": {"uv": [0, 0], "uv_size": [1, 1.5]},
								"east": {"uv": [0, 0], "uv_size": [1, 1.5]},
								"south": {"uv": [0, 0], "uv_size": [1, 1.5]},
								"west": {"uv": [0, 0], "uv_size": [1, 1.5]},
								"up": {"uv": [0, 0], "uv_size": [1, 1]},
								"down": {"uv": [0, 1], "uv_size": [1, -1]}
							}
						}
					]
				}
			]
		}
	]
}