{
	"format_version": "1.12.0",
	"minecraft:geometry": [
		{
			"description": {
				"identifier": "geometry.player_races",
				"texture_width": 64,
				"texture_height": 64,
				"visible_bounds_width": 6,
				"visible_bounds_height": 3.5,
				"visible_bounds_offset": [0, 1.25, 0]
			},
			"bones": [
				{
					"name": "root2",
					"pivot": [0, 0, 0]
				},
				{
					"name": "root",
					"parent": "root2",
					"pivot": [0, 0, 0]
				},
				{
					"name": "tudo",
					"parent": "root",
					"pivot": [0, 12, 0]
				},
				{
					"name": "waist",
					"parent": "tudo",
					"pivot": [0, 12, 0]
				},
				{
					"name": "body",
					"parent": "waist",
					"pivot": [0, 24, 0]
				},
				{
					"name": "head",
					"parent": "body",
					"pivot": [0, 24, 0]
				},
				{
					"name": "dog",
					"parent": "head",
					"pivot": [0, 24, 0],
					"cubes": [
						{
							"origin": [-0.5, 25.75, -4.5],
							"size": [1, 0.5, 0.5],
							"uv": {
								"north": {"uv": [60.5, 26.5], "uv_size": [3, 3]},
								"east": {"uv": [60.5, 26.5], "uv_size": [3, 3]},
								"south": {"uv": [60.5, 26.5], "uv_size": [3, 3]},
								"west": {"uv": [60.5, 26.5], "uv_size": [3, 3]},
								"up": {"uv": [63.5, 29.5], "uv_size": [-3, -3]},
								"down": {"uv": [63.5, 29.5], "uv_size": [-3, -3]}
							}
						},
						{
							"origin": [-0.25, 25.5, -4.5],
							"size": [0.5, 0.5, 0.5],
							"uv": {
								"north": {"uv": [60.5, 26.5], "uv_size": [3, 3]},
								"east": {"uv": [60.5, 26.5], "uv_size": [3, 3]},
								"south": {"uv": [60.5, 26.5], "uv_size": [3, 3]},
								"west": {"uv": [60.5, 26.5], "uv_size": [3, 3]},
								"up": {"uv": [63.5, 29.5], "uv_size": [-3, -3]},
								"down": {"uv": [63.5, 29.5], "uv_size": [-3, -3]}
							}
						},
						{
							"origin": [3.5, 26.91008, 0.80946],
							"size": [1, 5.5, 0.5],
							"pivot": [4, 32, 0],
							"rotation": [5, 0, -12.5],
							"uv": {
								"north": {"uv": [51.5, 60.5], "uv_size": [3, 3]},
								"east": {"uv": [51.5, 60.5], "uv_size": [3, 3]},
								"south": {"uv": [51.5, 60.5], "uv_size": [3, 3]},
								"west": {"uv": [51.5, 60.5], "uv_size": [3, 3]},
								"up": {"uv": [51.5, 60.5], "uv_size": [3, 3]},
								"down": {"uv": [51.5, 60.5], "uv_size": [3, 3]}
							}
						},
						{
							"origin": [3.5, 26.91008, -1.30946],
							"size": [1, 5.5, 0.5],
							"pivot": [4, 32, 0],
							"rotation": [-5, 0, -12.5],
							"uv": {
								"north": {"uv": [54.5, 60.5], "uv_size": [-3, 3]},
								"east": {"uv": [54.5, 60.5], "uv_size": [-3, 3]},
								"south": {"uv": [54.5, 60.5], "uv_size": [-3, 3]},
								"west": {"uv": [54.5, 60.5], "uv_size": [-3, 3]},
								"up": {"uv": [51.5, 63.5], "uv_size": [3, -3]},
								"down": {"uv": [51.5, 63.5], "uv_size": [3, -3]}
							}
						},
						{
							"origin": [3.5, 27, -1.25],
							"size": [1, 5.5, 2.5],
							"pivot": [4, 32, 0],
							"rotation": [0, 0, -12.5],
							"uv": {
								"north": {"uv": [54.5, 60.5], "uv_size": [-3, 3]},
								"east": {"uv": [54.5, 60.5], "uv_size": [-3, 3]},
								"south": {"uv": [54.5, 60.5], "uv_size": [-3, 3]},
								"west": {"uv": [54.5, 60.5], "uv_size": [-3, 3]},
								"up": {"uv": [51.5, 63.5], "uv_size": [3, -3]},
								"down": {"uv": [51.5, 63.5], "uv_size": [3, -3]}
							}
						},
						{
							"origin": [-4.5, 26.91008, 0.80946],
							"size": [1, 5.5, 0.5],
							"pivot": [-4, 32, 0],
							"rotation": [5, 0, 12.5],
							"uv": {
								"north": {"uv": [54.5, 60.5], "uv_size": [-3, 3]},
								"east": {"uv": [54.5, 60.5], "uv_size": [-3, 3]},
								"south": {"uv": [54.5, 60.5], "uv_size": [-3, 3]},
								"west": {"uv": [54.5, 60.5], "uv_size": [-3, 3]},
								"up": {"uv": [54.5, 60.5], "uv_size": [-3, 3]},
								"down": {"uv": [54.5, 60.5], "uv_size": [-3, 3]}
							}
						},
						{
							"origin": [-4.5, 26.91008, -1.30946],
							"size": [1, 5.5, 0.5],
							"pivot": [-4, 32, 0],
							"rotation": [-5, 0, 12.5],
							"uv": {
								"north": {"uv": [51.5, 60.5], "uv_size": [3, 3]},
								"east": {"uv": [51.5, 60.5], "uv_size": [3, 3]},
								"south": {"uv": [51.5, 60.5], "uv_size": [3, 3]},
								"west": {"uv": [51.5, 60.5], "uv_size": [3, 3]},
								"up": {"uv": [54.5, 63.5], "uv_size": [-3, -3]},
								"down": {"uv": [54.5, 63.5], "uv_size": [-3, -3]}
							}
						},
						{
							"origin": [-4.5, 27, -1.25],
							"size": [1, 5.5, 2.5],
							"pivot": [-4, 32, 0],
							"rotation": [0, 0, 12.5],
							"uv": {
								"north": {"uv": [51.5, 60.5], "uv_size": [3, 3]},
								"east": {"uv": [51.5, 60.5], "uv_size": [3, 3]},
								"south": {"uv": [51.5, 60.5], "uv_size": [3, 3]},
								"west": {"uv": [51.5, 60.5], "uv_size": [3, 3]},
								"up": {"uv": [54.5, 63.5], "uv_size": [-3, -3]},
								"down": {"uv": [54.5, 63.5], "uv_size": [-3, -3]}
							}
						}
					]
				},
				{
					"name": "lion",
					"parent": "head",
					"pivot": [0, 24, 0],
					"cubes": [
						{
							"origin": [-5, 23, -3],
							"size": [10, 10, 6],
							"uv": {
								"north": {"uv": [53, 33], "uv_size": [10, 10]},
								"east": {"uv": [52.5, 33], "uv_size": [1, 10]},
								"south": {"uv": [53, 33], "uv_size": [10, 10]},
								"west": {"uv": [62.5, 33], "uv_size": [1, 10]},
								"up": {"uv": [63, 33.5], "uv_size": [-10, -1]},
								"down": {"uv": [63, 43.5], "uv_size": [-10, -1]}
							}
						},
						{
							"origin": [-4.5, 23, -2.5],
							"size": [9, 10.5, 5],
							"uv": {
								"north": {"uv": [53, 33], "uv_size": [10, 10]},
								"east": {"uv": [52.5, 33], "uv_size": [1, 10]},
								"south": {"uv": [53, 33], "uv_size": [10, 10]},
								"west": {"uv": [62.5, 33], "uv_size": [1, 10]},
								"up": {"uv": [63, 33.5], "uv_size": [-10, -1]},
								"down": {"uv": [63, 43.5], "uv_size": [-10, -1]}
							}
						},
						{
							"origin": [-5.5, 23.5, -2.5],
							"size": [11, 9, 5],
							"uv": {
								"north": {"uv": [53, 33], "uv_size": [10, 10]},
								"east": {"uv": [52.5, 33], "uv_size": [1, 10]},
								"south": {"uv": [53, 33], "uv_size": [10, 10]},
								"west": {"uv": [62.5, 33], "uv_size": [1, 10]},
								"up": {"uv": [63, 33.5], "uv_size": [-10, -1]},
								"down": {"uv": [63, 43.5], "uv_size": [-10, -1]}
							}
						},
						{
							"origin": [-1.5, 24.75, -5.25],
							"size": [3, 1.5, 2],
							"uv": {
								"north": {"uv": [30, 36], "uv_size": [7, 5]},
								"east": {"uv": [24, 36], "uv_size": [6, 5]},
								"south": {"uv": [43, 36], "uv_size": [7, 5]},
								"west": {"uv": [37, 36], "uv_size": [6, 5]},
								"up": {"uv": [37, 30], "uv_size": [-7, 6]},
								"down": {"uv": [37, 33], "uv_size": [-7, -2]}
							}
						},
						{
							"origin": [-1.125, 24.01, -5],
							"size": [2.25, 1.5, 1.5],
							"uv": {
								"north": {"uv": [37, 30], "uv_size": [7, 6]},
								"east": {"uv": [37, 30], "uv_size": [7, 6]},
								"south": {"uv": [37, 30], "uv_size": [7, 6]},
								"west": {"uv": [37, 30], "uv_size": [7, 6]},
								"up": {"uv": [44, 30], "uv_size": [-7, 6]},
								"down": {"uv": [44, 36], "uv_size": [-7, -6]}
							}
						},
						{
							"origin": [-0.95, 24.4, -5],
							"size": [0.25, 1, 0],
							"inflate": 0.01,
							"uv": {
								"north": {"uv": [24.5, 30.5], "uv_size": [3, 3]},
								"east": {"uv": [24.5, 30.5], "uv_size": [3, 3]},
								"south": {"uv": [24.5, 30.5], "uv_size": [3, 3]},
								"west": {"uv": [24.5, 30.5], "uv_size": [3, 3]},
								"up": {"uv": [27.5, 30.5], "uv_size": [-3, 3]},
								"down": {"uv": [27.5, 33.5], "uv_size": [-3, -3]}
							}
						},
						{
							"origin": [0.7, 24.4, -5],
							"size": [0.25, 1, 0],
							"inflate": 0.01,
							"uv": {
								"north": {"uv": [27.5, 30.5], "uv_size": [-3, 3]},
								"east": {"uv": [27.5, 30.5], "uv_size": [-3, 3]},
								"south": {"uv": [27.5, 30.5], "uv_size": [-3, 3]},
								"west": {"uv": [27.5, 30.5], "uv_size": [-3, 3]},
								"up": {"uv": [24.5, 30.5], "uv_size": [3, 3]},
								"down": {"uv": [24.5, 33.5], "uv_size": [3, -3]}
							}
						},
						{
							"origin": [-0.4, 24.51, -5],
							"size": [0.25, 1, 0],
							"inflate": 0.01,
							"uv": {
								"north": {"uv": [24.5, 30.5], "uv_size": [3, 3]},
								"east": {"uv": [24.5, 30.5], "uv_size": [3, 3]},
								"south": {"uv": [24.5, 30.5], "uv_size": [3, 3]},
								"west": {"uv": [24.5, 30.5], "uv_size": [3, 3]},
								"up": {"uv": [27.5, 30.5], "uv_size": [-3, 3]},
								"down": {"uv": [27.5, 33.5], "uv_size": [-3, -3]}
							}
						},
						{
							"origin": [0.15, 24.51, -5],
							"size": [0.25, 1, 0],
							"inflate": 0.01,
							"uv": {
								"north": {"uv": [27.5, 30.5], "uv_size": [-3, 3]},
								"east": {"uv": [27.5, 30.5], "uv_size": [-3, 3]},
								"south": {"uv": [27.5, 30.5], "uv_size": [-3, 3]},
								"west": {"uv": [27.5, 30.5], "uv_size": [-3, 3]},
								"up": {"uv": [24.5, 30.5], "uv_size": [3, 3]},
								"down": {"uv": [24.5, 33.5], "uv_size": [3, -3]}
							}
						}
					]
				},
				{
					"name": "rabbit",
					"parent": "head",
					"pivot": [0, 24, 0],
					"cubes": [
						{
							"origin": [-3.5, 32, -0.25],
							"size": [2, 5.5, 0.5],
							"pivot": [-3, 32, 0],
							"rotation": [0, 22.5, 0],
							"uv": {
								"north": {"uv": [59, 54.5], "uv_size": [4, 5.5]},
								"east": {"uv": [60.5, 60.5], "uv_size": [3, 3]},
								"south": {"uv": [60.5, 60.5], "uv_size": [3, 3]},
								"west": {"uv": [60.5, 60.5], "uv_size": [3, 3]},
								"up": {"uv": [63.5, 63.5], "uv_size": [-3, -3]},
								"down": {"uv": [63.5, 63.5], "uv_size": [-3, -3]}
							}
						},
						{
							"origin": [-3.5, 36.59035, -3.40218],
							"size": [2, 0.5, 5.5],
							"pivot": [-3, 32, 0],
							"rotation": [25, 22.5, 0],
							"uv": {
								"north": {"uv": [60.5, 60.5], "uv_size": [3, 3]},
								"east": {"uv": [60.5, 60.5], "uv_size": [3, 3]},
								"south": {"uv": [60.5, 60.5], "uv_size": [3, 3]},
								"west": {"uv": [60.5, 60.5], "uv_size": [3, 3]},
								"up": {"uv": [63.5, 63.5], "uv_size": [-3, -3]},
								"down": {"uv": [63, 49], "uv_size": [-4, 5.5]}
							}
						},
						{
							"origin": [1.5, 32, -0.25],
							"size": [2, 5.5, 0.5],
							"pivot": [3, 32, 0],
							"rotation": [0, -22.5, 0],
							"uv": {
								"north": {"uv": [63, 54.5], "uv_size": [-4, 5.5]},
								"east": {"uv": [63.5, 60.5], "uv_size": [-3, 3]},
								"south": {"uv": [63.5, 60.5], "uv_size": [-3, 3]},
								"west": {"uv": [63.5, 60.5], "uv_size": [-3, 3]},
								"up": {"uv": [60.5, 63.5], "uv_size": [3, -3]},
								"down": {"uv": [60.5, 63.5], "uv_size": [3, -3]}
							}
						},
						{
							"origin": [1.5, 36.59035, -3.40218],
							"size": [2, 0.5, 5.5],
							"pivot": [3, 32, 0],
							"rotation": [25, -22.5, 0],
							"uv": {
								"north": {"uv": [63.5, 60.5], "uv_size": [-3, 3]},
								"east": {"uv": [63.5, 60.5], "uv_size": [-3, 3]},
								"south": {"uv": [63.5, 60.5], "uv_size": [-3, 3]},
								"west": {"uv": [63.5, 60.5], "uv_size": [-3, 3]},
								"up": {"uv": [60.5, 63.5], "uv_size": [3, -3]},
								"down": {"uv": [59, 49], "uv_size": [4, 5.5]}
							}
						},
						{
							"origin": [-0.5, 25.75, -4.5],
							"size": [1, 0.5, 0.5],
							"uv": {
								"north": {"uv": [56.5, 26.5], "uv_size": [3, 3]},
								"east": {"uv": [56.5, 26.5], "uv_size": [3, 3]},
								"south": {"uv": [56.5, 26.5], "uv_size": [3, 3]},
								"west": {"uv": [56.5, 26.5], "uv_size": [3, 3]},
								"up": {"uv": [59.5, 29.5], "uv_size": [-3, -3]},
								"down": {"uv": [59.5, 29.5], "uv_size": [-3, -3]}
							}
						},
						{
							"origin": [-0.25, 25.5, -4.5],
							"size": [0.5, 0.5, 0.5],
							"uv": {
								"north": {"uv": [56.5, 26.5], "uv_size": [3, 3]},
								"east": {"uv": [56.5, 26.5], "uv_size": [3, 3]},
								"south": {"uv": [56.5, 26.5], "uv_size": [3, 3]},
								"west": {"uv": [56.5, 26.5], "uv_size": [3, 3]},
								"up": {"uv": [59.5, 29.5], "uv_size": [-3, -3]},
								"down": {"uv": [59.5, 29.5], "uv_size": [-3, -3]}
							}
						}
					]
				},
				{
					"name": "fishman",
					"parent": "body",
					"pivot": [0, 24, 0],
					"cubes": [
						{
							"origin": [-0.75, 18, 3.5],
							"size": [1.5, 3, 0.5],
							"pivot": [0, 19.5, 3.75],
							"rotation": [0, -90, 0],
							"uv": {
								"north": {"uv": [47, 56], "uv_size": [-3, 6]},
								"east": {"uv": [47, 56], "uv_size": [-1, 6]},
								"south": {"uv": [44, 56], "uv_size": [3, 6]},
								"west": {"uv": [44, 56], "uv_size": [1, 6]},
								"up": {"uv": [47, 57], "uv_size": [-3, -1]},
								"down": {"uv": [47, 62], "uv_size": [-3, -1]}
							}
						},
						{
							"origin": [0.75, 18, 3.5],
							"size": [1, 2.5, 0.5],
							"pivot": [0, 19.5, 3.75],
							"rotation": [0, -90, 0],
							"uv": {
								"north": {"uv": [44, 57], "uv_size": [-2, 5]},
								"east": {"uv": [44, 57], "uv_size": [-1, 5]},
								"south": {"uv": [42, 57], "uv_size": [2, 5]},
								"west": {"uv": [42, 57], "uv_size": [1, 5]},
								"up": {"uv": [44, 58], "uv_size": [-2, -1]},
								"down": {"uv": [44, 62], "uv_size": [-2, -1]}
							}
						},
						{
							"origin": [1.75, 17.5, 3.5],
							"size": [0.5, 2.5, 0.5],
							"pivot": [0, 19.5, 3.75],
							"rotation": [0, -90, 0],
							"uv": {
								"north": {"uv": [42, 58], "uv_size": [-1, 5]},
								"east": {"uv": [42, 58], "uv_size": [-1, 5]},
								"south": {"uv": [41, 58], "uv_size": [1, 5]},
								"west": {"uv": [41, 58], "uv_size": [1, 5]},
								"up": {"uv": [42, 59], "uv_size": [-1, -1]},
								"down": {"uv": [42, 63], "uv_size": [-1, -1]}
							}
						},
						{
							"origin": [2.25, 17, 3.5],
							"size": [0.5, 2, 0.5],
							"pivot": [0, 19.5, 3.75],
							"rotation": [0, -90, 0],
							"uv": {
								"north": {"uv": [41, 60], "uv_size": [-1, 4]},
								"east": {"uv": [41, 60], "uv_size": [-1, 4]},
								"south": {"uv": [40, 60], "uv_size": [1, 4]},
								"west": {"uv": [40, 60], "uv_size": [1, 4]},
								"up": {"uv": [41, 61], "uv_size": [-1, -1]},
								"down": {"uv": [41, 64], "uv_size": [-1, -1]}
							}
						},
						{
							"origin": [-0.75, 17.5, 3.5],
							"size": [0.5, 0.5, 0.5],
							"pivot": [0, 19.5, 3.75],
							"rotation": [0, -90, 0],
							"uv": {
								"north": {"uv": [47, 62], "uv_size": [-1, 1]},
								"east": {"uv": [47, 62], "uv_size": [-1, 1]},
								"south": {"uv": [46, 62], "uv_size": [1, 1]},
								"west": {"uv": [46, 62], "uv_size": [1, 1]},
								"up": {"uv": [47, 63], "uv_size": [-1, -1]},
								"down": {"uv": [47, 63], "uv_size": [-1, -1]}
							}
						}
					]
				},
				{
					"name": "rightWing_lunarian",
					"parent": "body",
					"pivot": [0.5, 19.375, 2],
					"cubes": [
						{
							"origin": [0.375, 11.5, 2],
							"size": [10.5, 15.75, 0],
							"inflate": 0.015,
							"uv": {
								"north": {"uv": [0, 0], "uv_size": [14, 21]},
								"east": {"uv": [0, 0], "uv_size": [0, 0]},
								"south": {"uv": [0, 0], "uv_size": [0, 0]},
								"west": {"uv": [0, 0], "uv_size": [0, 0]},
								"up": {"uv": [0, 0], "uv_size": [0, 0]},
								"down": {"uv": [0, 0], "uv_size": [0, 0]}
							}
						}
					]
				},
				{
					"name": "rightPartW_lunarian",
					"parent": "rightWing_lunarian",
					"pivot": [11, 27, 2],
					"cubes": [
						{
							"origin": [10.875, 11.5, 2],
							"size": [24, 15.75, 0],
							"uv": {
								"north": {"uv": [14, 0], "uv_size": [32, 21]},
								"east": {"uv": [0, 0], "uv_size": [0, 0]},
								"south": {"uv": [0, 0], "uv_size": [0, 0]},
								"west": {"uv": [0, 0], "uv_size": [0, 0]},
								"up": {"uv": [0, 0], "uv_size": [0, 0]},
								"down": {"uv": [0, 0], "uv_size": [0, 0]}
							}
						}
					]
				},
				{
					"name": "leftWing_lunarian",
					"parent": "body",
					"pivot": [-0.5, 19.375, 2],
					"cubes": [
						{
							"origin": [-10.875, 11.5, 2],
							"size": [10.5, 15.75, 0],
							"inflate": 0.015,
							"uv": {
								"north": {"uv": [14, 0], "uv_size": [-14, 21]},
								"east": {"uv": [0, 0], "uv_size": [0, 0]},
								"south": {"uv": [0, 0], "uv_size": [0, 0]},
								"west": {"uv": [0, 0], "uv_size": [0, 0]},
								"up": {"uv": [0, 0], "uv_size": [0, 0]},
								"down": {"uv": [0, 0], "uv_size": [0, 0]}
							}
						}
					]
				},
				{
					"name": "leftPartW_lunarian",
					"parent": "leftWing_lunarian",
					"pivot": [-11, 27, 2],
					"cubes": [
						{
							"origin": [-34.875, 11.5, 2],
							"size": [24, 15.75, 0],
							"uv": {
								"north": {"uv": [46, 0], "uv_size": [-32, 21]},
								"east": {"uv": [0, 0], "uv_size": [0, 0]},
								"south": {"uv": [0, 0], "uv_size": [0, 0]},
								"west": {"uv": [0, 0], "uv_size": [0, 0]},
								"up": {"uv": [0, 0], "uv_size": [0, 0]},
								"down": {"uv": [0, 0], "uv_size": [0, 0]}
							}
						}
					]
				}
			]
		}
	]
}