{
	"format_version": "1.12.0",
	"minecraft:geometry": [
		{
			"description": {
				"identifier": "geometry.player_dragon_hybrid",
				"texture_width": 128,
				"texture_height": 128,
				"visible_bounds_width": 8,
				"visible_bounds_height": 4.5,
				"visible_bounds_offset": [0, 1.75, 0]
			},
			"bones": [
				{
					"name": "root2",
					"pivot": [0, 0, 0]
				},
				{
					"name": "root",
					"parent": "root2",
					"pivot": [0, 0, 0]
				},
				{
					"name": "tudo",
					"parent": "root",
					"pivot": [0, 12, 0]
				},
				{
					"name": "waist",
					"parent": "tudo",
					"pivot": [0, 19, 0]
				},
				{
					"name": "body",
					"parent": "waist",
					"pivot": [0, 28, 0],
					"cubes": [
						{
							"origin": [-5.75, 20, -2.75],
							"size": [11.5, 8, 6.5],
							"uv": {
								"north": {"uv": [40, 54], "uv_size": [16, 8]},
								"east": {"uv": [32, 54], "uv_size": [8, 8]},
								"south": {"uv": [64, 54], "uv_size": [16, 8]},
								"west": {"uv": [56, 54], "uv_size": [8, 8]},
								"up": {"uv": [40, 48], "uv_size": [16, 6]},
								"down": {"uv": [40, 64], "uv_size": [16, -4]}
							}
						},
						{
							"origin": [-6, 18.5, -3],
							"size": [12, 1.5, 7],
							"uv": {
								"north": {"uv": [40, 62], "uv_size": [16, 2]},
								"east": {"uv": [32, 62], "uv_size": [8, 2]},
								"south": {"uv": [64, 62], "uv_size": [16, 2]},
								"west": {"uv": [56, 62], "uv_size": [8, 2]},
								"up": {"uv": [40, 62], "uv_size": [16, 2]},
								"down": {"uv": [56, 40], "uv_size": [18, -8]}
							}
						},
						{
							"origin": [-8, 28, -3.5],
							"size": [16, 9, 8],
							"inflate": 0.5,
							"uv": {
								"north": {"uv": [40, 42], "uv_size": [16, 12]},
								"east": {"uv": [32, 42], "uv_size": [8, 12]},
								"south": {"uv": [64, 42], "uv_size": [16, 12]},
								"west": {"uv": [56, 42], "uv_size": [8, 12]},
								"up": {"uv": [40, 34], "uv_size": [16, 8]},
								"down": {"uv": [40, 56], "uv_size": [16, -4]}
							}
						},
						{
							"origin": [0.5, 28.75, -4.5],
							"size": [8, 7.5, 1],
							"pivot": [3.5, 32.375, -3.5],
							"rotation": [0, -2.5, 0],
							"uv": {
								"north": {"uv": [49, 43], "uv_size": [8, 9]},
								"east": {"uv": [49, 43], "uv_size": [-1, 9]},
								"south": {"uv": [58, 43], "uv_size": [8, 9]},
								"west": {"uv": [58, 43], "uv_size": [-1, 9]},
								"up": {"uv": [49, 42], "uv_size": [8, 1]},
								"down": {"uv": [49, 53], "uv_size": [8, -1]}
							}
						},
						{
							"origin": [-8.5, 28.75, -4.5],
							"size": [8, 7.5, 1],
							"pivot": [-3.5, 32.375, -3.5],
							"rotation": [0, 2.5, 0],
							"uv": {
								"north": {"uv": [39, 43], "uv_size": [8, 9]},
								"east": {"uv": [38, 43], "uv_size": [1, 9]},
								"south": {"uv": [48, 43], "uv_size": [8, 9]},
								"west": {"uv": [47, 43], "uv_size": [1, 9]},
								"up": {"uv": [39, 42], "uv_size": [8, 1]},
								"down": {"uv": [39, 53], "uv_size": [8, -1]}
							}
						},
						{
							"origin": [-5, 37, -3],
							"size": [10, 1, 6.5],
							"uv": {
								"north": {"uv": [40, 40], "uv_size": [16, 2]},
								"east": {"uv": [32, 40], "uv_size": [8, 2]},
								"south": {"uv": [64, 40], "uv_size": [16, 2]},
								"west": {"uv": [56, 40], "uv_size": [8, 2]},
								"up": {"uv": [40, 32], "uv_size": [16, 8]},
								"down": {"uv": [40, 42], "uv_size": [16, -2]}
							}
						}
					]
				},
				{
					"name": "head",
					"parent": "body",
					"pivot": [0, 38, 0],
					"cubes": [
						{
							"origin": [-3.75, 38, -4],
							"size": [7.5, 7.5, 7.5],
							"uv": {
								"north": {"uv": [16, 16], "uv_size": [16, 16]},
								"east": {"uv": [0, 16], "uv_size": [16, 16]},
								"south": {"uv": [48, 16], "uv_size": [16, 16]},
								"west": {"uv": [32, 16], "uv_size": [16, 16]},
								"up": {"uv": [16, 0], "uv_size": [16, 16]},
								"down": {"uv": [32, 16], "uv_size": [16, -16]}
							}
						}
					]
				},
				{
					"name": "rightArm",
					"parent": "body",
					"pivot": [-8.5, 35, 0]
				},
				{
					"name": "rightForeArm",
					"parent": "rightArm",
					"pivot": [-10.5, 27, 0]
				},
				{
					"name": "rightItem",
					"parent": "rightForeArm",
					"pivot": [-11, 18, -2],
					"locators": {
						"rightitem": [-11, 18, -2]
					}
				},
				{
					"name": "leftArm",
					"parent": "body",
					"pivot": [8.5, 35, 0]
				},
				{
					"name": "leftForeArm",
					"parent": "leftArm",
					"pivot": [10.5, 27, 0]
				},
				{
					"name": "leftItem",
					"parent": "leftForeArm",
					"pivot": [11, 18, -2],
					"locators": {
						"leftitem": [11, 18, -2]
					}
				},
				{
					"name": "rightLeg",
					"parent": "tudo",
					"pivot": [-4, 18.5, 0],
					"cubes": [
						{
							"origin": [-7.25, 10.05232, -3.883],
							"size": [6.5, 9, 6],
							"inflate": 0.1,
							"pivot": [-4, 14.30232, -1.133],
							"rotation": [-10, 0, 0],
							"uv": {
								"north": {"uv": [8, 72], "uv_size": [8, 10]},
								"east": {"uv": [0, 72], "uv_size": [8, 10]},
								"south": {"uv": [24, 72], "uv_size": [8, 10]},
								"west": {"uv": [16, 72], "uv_size": [8, 10]},
								"up": {"uv": [8, 64], "uv_size": [8, 8]},
								"down": {"uv": [8, 80], "uv_size": [8, 4]}
							}
						},
						{
							"origin": [-7.25, 10.05232, -3.883],
							"size": [6.5, 9, 6],
							"pivot": [-4, 14.30232, -1.133],
							"rotation": [-10, 0, 0],
							"uv": {
								"north": {"uv": [8, 40], "uv_size": [8, 10]},
								"east": {"uv": [0, 40], "uv_size": [8, 10]},
								"south": {"uv": [24, 40], "uv_size": [8, 10]},
								"west": {"uv": [16, 40], "uv_size": [8, 10]},
								"up": {"uv": [8, 32], "uv_size": [8, 8]},
								"down": {"uv": [8, 52], "uv_size": [8, -4]}
							}
						}
					]
				},
				{
					"name": "rightForeLeg",
					"parent": "rightLeg",
					"pivot": [-4, 11, -3],
					"cubes": [
						{
							"origin": [-6.5, 4.90139, -1.38697],
							"size": [5, 8, 4],
							"inflate": 0.1,
							"pivot": [-4, 9.15139, 0.11303],
							"rotation": [55, 0, 0],
							"uv": {
								"north": {"uv": [8, 80], "uv_size": [8, 8]},
								"east": {"uv": [0, 80], "uv_size": [8, 8]},
								"south": {"uv": [24, 80], "uv_size": [8, 8]},
								"west": {"uv": [16, 80], "uv_size": [8, 8]},
								"up": {"uv": [8, 78], "uv_size": [8, 4]},
								"down": {"uv": [8, 90], "uv_size": [8, -4]}
							}
						},
						{
							"origin": [-6.5, 4.90139, -1.38697],
							"size": [5, 8, 4],
							"pivot": [-4, 9.15139, 0.11303],
							"rotation": [55, 0, 0],
							"uv": {
								"north": {"uv": [8, 48], "uv_size": [8, 8]},
								"east": {"uv": [0, 48], "uv_size": [8, 8]},
								"south": {"uv": [24, 48], "uv_size": [8, 8]},
								"west": {"uv": [16, 48], "uv_size": [8, 8]},
								"up": {"uv": [8, 46], "uv_size": [8, 4]},
								"down": {"uv": [8, 58], "uv_size": [8, -4]}
							}
						}
					]
				},
				{
					"name": "leftLeg",
					"parent": "tudo",
					"pivot": [4, 18.5, 0],
					"cubes": [
						{
							"origin": [0.75, 10.05232, -3.883],
							"size": [6.5, 9, 6],
							"inflate": 0.1,
							"pivot": [4, 14.30232, -1.133],
							"rotation": [-10, 0, 0],
							"uv": {
								"north": {"uv": [16, 72], "uv_size": [-8, 10]},
								"east": {"uv": [24, 72], "uv_size": [-8, 10]},
								"south": {"uv": [32, 72], "uv_size": [-8, 10]},
								"west": {"uv": [8, 72], "uv_size": [-8, 10]},
								"up": {"uv": [16, 64], "uv_size": [-8, 8]},
								"down": {"uv": [16, 80], "uv_size": [-8, 4]}
							}
						},
						{
							"origin": [0.75, 10.05232, -3.883],
							"size": [6.5, 9, 6],
							"pivot": [4, 14.30232, -1.133],
							"rotation": [-10, 0, 0],
							"uv": {
								"north": {"uv": [16, 40], "uv_size": [-8, 10]},
								"east": {"uv": [24, 40], "uv_size": [-8, 10]},
								"south": {"uv": [32, 40], "uv_size": [-8, 10]},
								"west": {"uv": [8, 40], "uv_size": [-8, 10]},
								"up": {"uv": [16, 32], "uv_size": [-8, 8]},
								"down": {"uv": [16, 52], "uv_size": [-8, -4]}
							}
						}
					]
				},
				{
					"name": "leftForeLeg",
					"parent": "leftLeg",
					"pivot": [4, 11, -3],
					"cubes": [
						{
							"origin": [1.5, 4.90139, -1.38697],
							"size": [5, 8, 4],
							"inflate": 0.1,
							"pivot": [4, 9.15139, 0.11303],
							"rotation": [55, 0, 0],
							"uv": {
								"north": {"uv": [16, 80], "uv_size": [-8, 8]},
								"east": {"uv": [24, 80], "uv_size": [-8, 8]},
								"south": {"uv": [32, 80], "uv_size": [-8, 8]},
								"west": {"uv": [8, 80], "uv_size": [-8, 8]},
								"up": {"uv": [16, 78], "uv_size": [-8, 4]},
								"down": {"uv": [16, 90], "uv_size": [-8, -4]}
							}
						},
						{
							"origin": [1.5, 4.90139, -1.38697],
							"size": [5, 8, 4],
							"pivot": [4, 9.15139, 0.11303],
							"rotation": [55, 0, 0],
							"uv": {
								"north": {"uv": [16, 48], "uv_size": [-8, 8]},
								"east": {"uv": [24, 48], "uv_size": [-8, 8]},
								"south": {"uv": [32, 48], "uv_size": [-8, 8]},
								"west": {"uv": [8, 48], "uv_size": [-8, 8]},
								"up": {"uv": [16, 46], "uv_size": [-8, 4]},
								"down": {"uv": [16, 58], "uv_size": [-8, -4]}
							}
						}
					]
				}
			]
		}
	]
}