{
  "format_version": "1.10.0",
  "particle_effect": {
    "description": {
      "identifier": "wesl3y:gear5_haha",
      "basic_render_parameters": {
        "material": "particles_blend",
        "texture": "textures/particle/gomu/gear5_haha"
      }
    },
    "components": {
      "minecraft:emitter_rate_instant": {
        "num_particles": 7
      },
      "minecraft:emitter_lifetime_once": {},
      "minecraft:emitter_shape_point": {
        "offset": ["Math.random( -1, 1 )", "Math.random(-0.5, 2.5)", "Math.random(-1, 1)"]
      },
      "minecraft:particle_initial_speed": 0.1,
      "minecraft:particle_motion_dynamic": {},
      "minecraft:particle_lifetime_expression": {
        "max_lifetime": "Math.random( 0.6, 0.9)"
      },
      "minecraft:particle_appearance_billboard": {
        "size": [ "variable.particle_random_1 * variable.particle_random_2 * 0.2 + 0.2", "variable.particle_random_1 * variable.particle_random_2 * 0.2 + 0.2" ],
        "facing_camera_mode": "lookat_xyz",
        "uv": {
          "texture_width": 32,
          "texture_height": 32,
          "uv": [0, 0],
          "uv_size": [32, 32]
        }
      }
    }
  }
}