{
  "format_version": "1.16.100",
  "minecraft:item": {
    "description": {
        "category": "category",
      "identifier": "stk:bhole"
    },
    "components": {
"minecraft:render_offsets": {
        "main_hand": {
          "first_person": { 
            "scale": [0.00,0.00,0.00]
          },
          "third_person": { 
            "scale": [0.00,0.00,0.00]
          }
        },
        "off_hand": {
          "first_person": { 
            "scale": [0.00,0.00,0.00]
          },
          "third_person": { 
            "scale": [0.00,0.00,0.00]

            
          }
        }
      },

      "minecraft:display_name": {
		"value": "§eBlack Hole"
      },
      "minecraft:icon": {
		"texture": "bhole"
	  },
      "minecraft:max_stack_size": 1,
      "minecraft:use_duration": 2,

	  "minecraft:cooldown": {
		"category": "bhole",
		"duration": 0
	  },
	  "minecraft:on_use": {
		"on_use": {
		  "event": "tc"
		}
	  }
    },
    "events": {
	  "tc": {

		"run_command": {
		  "command": [
				"particle stk:blackhole ~~~","effect @e[r=10] slowness 1 3 true","damage @e[r=10,type=!item,tag=!yami] 2","playanimation @s animation.quicksand","effect @e[r=10,tag=!yami] blindness 3 3 true"
		  ]
	    }
	  }
	  
	}
  }
}



















	
             