{
  "format_version": "1.16.100",
  "minecraft:item": {
    "description": {
        "category": "category",
      "identifier": "stk:liberation"
    },
    "components": {
"minecraft:render_offsets": {
        "main_hand": {
          "first_person": { 
            "scale": [0.00,0.00,0.00]
          },
          "third_person": { 
            "scale": [0.00,0.00,0.00]
          }
        },
        "off_hand": {
          "first_person": { 
            "scale": [0.00,0.00,0.00]
          },
          "third_person": { 
            "scale": [0.00,0.00,0.00]

            
          }
        }
      },

      "minecraft:display_name": {
		"value": "§eBlack Liberation"
      },
      "minecraft:icon": {
		"texture": "liberation"
	  },
      "minecraft:max_stack_size": 1,
      "minecraft:use_duration": 2,

	  "minecraft:cooldown": {
		"category": "liberation",
		"duration": 7
	  },
	  "minecraft:on_use": {
		"on_use": {
		  "event": "tc"
		}
	  }
    },
    "events": {
	  "tc": {

		"run_command": {
		  "command": [
				"particle stk:blackhole ~~~","particle stk:liberation ~~~","effect @e[r=4,tag=!yami] levitation 1 20 true","damage @e[r=4,type=!item,tag=!yami] 10","playanimation @s animation.quicksand","effect @e[r=4,tag=!yami] blindness 5 3 true"
		  ]
	    }
	  }
	  
	}
  }
}



















	
             