{
  "format_version": "1.16.0",
  "minecraft:entity": {
    "description": {
      "identifier": "wesl3y:nomu",
      "is_spawnable": true,
      "is_summonable": true,
      "is_experimental": false,
      "animations": {
        "death": "controller.animation.despawn_health",
        "timer.0_25": "animation.timer.0_25",
        "timer.2_0": "animation.timer.2_0"
      },
      "scripts": {
        "animate": [
          "death"
        ]
      }
    },
    "component_groups": {
      "wesl3y:despawn":{
        "minecraft:instant_despawn": {}
      },
      "wesl3y:variant": {
        "minecraft:variant": {
          "value": 0
        }
      },
      "default": {
        "minecraft:knockback_resistance": {
          "value": 0
        },
        "minecraft:movement": {
          "value": 0.3
        },
        "minecraft:flying_speed": {
          "value": 0.3
        },
        "minecraft:behavior.melee_attack": {
          "priority": 2,
          "speed_multiplier": 1.25,
          "track_target": true
        },
        "minecraft:behavior.hurt_by_target": {
          "priority": 1,
          "entity_types": {
            "filters": {
              "any_of": [
                { "test": "is_family", "subject": "other", "operator": "!=", "value": "villain" }
              ]
            }
          }
        },
        "minecraft:behavior.random_stroll": {
          "priority": 7,
          "speed_multiplier": 1
        },
        "minecraft:behavior.look_at_player": {
          "priority": 8,
          "look_distance": 6,
          "probability": 0.02
        },
        "minecraft:behavior.random_look_around": {
          "priority": 9
        },
        "minecraft:timer": {
          "time": [ 1.25, 1.25 ],
          "looping": true,
          "time_down_event": {
            "event": "wesl3y:regen"
          }
        }
      },
      "defeat": {
        "minecraft:timer": {
          "time": [ 7, 7 ],
          "looping": true,
          "time_down_event": {
            "event": "wesl3y:despawn"
          }
        }
      }
    },
    "components": {
      "minecraft:experience_reward": {
        "on_death": "query.last_hit_by_player ? 5 : 0"
      },
      "minecraft:type_family": {
        "family": [ "villain", "mob" ]
      },
      "minecraft:breathable": {
        "total_supply": 15,
        "suffocate_time": 0
      },
      "minecraft:boss": {
        "should_darken_sky":false,
        "hud_range": 8,
        "name": "§cNomu"
      },
      "minecraft:nameable": {},
      "minecraft:collision_box": {
        "width": 1.0,
        "height": 2.4
      },
      "minecraft:health": {
        "value": 800,
        "min": 1
      },
      "minecraft:attack": {
        "damage": 15
      },
      "minecraft:scale": {
        "value": 1.0
      },
      "minecraft:follow_range": {
        "value": 32,
        "max": 32
      },
      "minecraft:equipment": {
        "table": "loot_tables/equip/villain.json"
      },
      "minecraft:damage_sensor": {
        "triggers": [
          {
            "on_damage": {
              "filters": {
                "all_of": [
                  {"test":"has_damage","value":"fatal"}
                ]
              },
              "event": "kill"
            }
          }
        ]
      },
      "minecraft:hurt_on_condition": {
        "damage_conditions": [
          {
            "filters": { "test": "in_lava", "subject": "self", "operator": "==", "value": true },
            "cause": "lava",
            "damage_per_tick": 4
          }
        ]
      },
      "minecraft:navigation.walk": {
        "can_path_over_lava": true,
        "is_amphibious": true,
        "can_pass_doors":true,
        "can_walk":true,
        "can_open_doors": true,
        "can_path_over_water": true,
        "can_walk_in_lava": false,
        "avoid_water": true
      },
      "minecraft:behavior.float": {
        "priority": 0
      },
      "minecraft:movement.basic": {},
      "minecraft:jump.static": {},
      "minecraft:can_climb": {},
      "minecraft:physics": {},
      "minecraft:pushable": {
        "is_pushable": true,
        "is_pushable_by_piston": true
      },
      "minecraft:conditional_bandwidth_optimization": {}
    },
    "events": {
      "minecraft:entity_spawned": {
        "add": {
          "component_groups": [
            "default",
            "wesl3y:variant"
          ]
	    },
	    "run_command": {
	      "command": [
	        "tag @s add quirk_regeneration2"
	      ]
        }
      },
      "defeat": {
        "add": {
          "component_groups": [
            "defeat"
          ]
        },
        "remove": {
          "component_groups": [
            "default"
          ]
        },
        "run_command": {
          "command": [
            "effect @s clear"
          ]
        }
      },
      "kill": {
        "run_command": {
          "command": [
            "effect @s clear",
            "damage @s 100",
            "scoreboard players add @s xp 500",
            "scoreboard players add @s xp_quirk 250",
            "tag @s[tag=nomu_mission] add finish_mission"
          ],
          "target": "other"
        },
        "remove": {
          "component_groups": [
            "default"
          ]
        }
      },
      "wesl3y:despawn": {
        "add": {
          "component_groups": [
            "wesl3y:despawn"
          ]
        }
      },
      "wesl3y:regen": {
        "run_command": {
          "command": [
            "effect @s instant_health 1 1 true"
          ]
        }
      }
    }
  }
}