{
	"format_version": "1.10.0",
	"particle_effect": {
		"description": {
			"identifier": "ds:water_darktrail",
			"basic_render_parameters": {
				"material": "particles_blend",
				"texture": "textures/particle/particles"
			}
		},
		"curves": {
			"v.sand_move": {
				"type": "bezier",
				"input": "v.particle_lifetime",
				"horizontal_range": 1,
				"nodes": [0, 1, 1, 0]
			}
		},
		"components": {
			"minecraft:emitter_rate_instant": {
				"num_particles": 2
			},
			"minecraft:emitter_lifetime_once": {
				"active_time": 0.6
			},
			"minecraft:emitter_shape_sphere": {
				"radius": 0.2,
				"direction": ["math.random(1,-1)", "math.random(1,-1)", "math.random(1,-1)"]
			},
			"minecraft:particle_lifetime_expression": {
				"max_lifetime": 2
			},
			"minecraft:particle_initial_speed": 0.1,
			"minecraft:particle_motion_dynamic": {},
			"minecraft:particle_appearance_billboard": {
				"size": ["0.2 - (variable.particle_age * 0.1)", "0.2 - (variable.particle_age * 0.1)"],
				"facing_camera_mode": "rotate_xyz",
				"uv": {
					"texture_width": 128,
					"texture_height": 128,
					"flipbook": {
						"base_UV": [64, 0],
						"size_UV": [8, 8],
						"step_UV": [-8, 0],
						"frames_per_second": 8,
						"max_frame": 9
					}
				}
			},
			"minecraft:particle_motion_collision": {
				"enabled": 1
			},
			"minecraft:particle_appearance_tinting": {
				"color": {
					"interpolant": "variable.particle_random_2",
					"gradient": {
						"0.0": "#FF0C599F",
						"1.0": "#FF000648"
					}
				}
			}
		}
	}
}