{
  "format_version": "1.16.0",
  "minecraft:client_entity": {
    "description": {
      "identifier": "wesl3y:fly_ride",
      "materials": {
        "default": "entity_alphatest"
      },
      "textures": {
        "default": "textures/black_clover/asta_swords"
      },
      "geometry": {
        "default": "geometry.asta_swords"
      },
      "particle_effects": {
        "asta_sword": "wesl3y:asta_sword"
      },
      "scripts": {
        "animate": [
          "demon_slayer_sword"
        ]
      },
      "animations": {
        "demon_slayer_sword": "animation.fly_ride.demon_slayer_sword"
      },
      "render_controllers": [
        "controller.render.fly_ride"
      ],
      "enable_attachables": false
    }
  }
}