{
  "format_version": "1.16.100",
  "minecraft:item": {
    "description": {
      "identifier": "jedy:kubikiribocho",
      "category": "equipment"
    },
    "components": {
      "minecraft:creative_category": {
        "parent": "itemGroup.name.sword"
      },
      "minecraft:icon": {
        "texture": "kubikiribocho"
      },
	  "minecraft:render_offsets": "tools",
	  "minecraft:allow_off_hand": true,
	  "minecraft:display_name": {"value":"§l§c Kubikiribocho \n§a✪Raridade: §d Arma proibida\n§8✪Nível: Em breve \n§bAjuste: Em breve"},
      "minecraft:max_stack_size": 1,
      "minecraft:use_duration": 5000,
      "minecraft:hand_equipped": true,
      "minecraft:durability": {
        "max_durability": 5000
      },
      "minecraft:mining_speed": 1,
      "minecraft:damage": 16,
      "minecraft:enchantable": {
        "value": 16,
        "slot": "sword"
      },
      "minecraft:can_destroy_in_creative": false,
      "minecraft:digger": {
        "use_efficiency": false,
        "destroy_speeds": [
          {
            "block": "minecraft:web",
            "speed": 20
          },
          {
            "block": "minecraft:bamboo",
            "speed": 25
          }
        ]
      },
      "minecraft:weapon": {}
    }
  }
}