{
  "format_version": "1.16.100",
  "minecraft:item": {
    "description": {
      "identifier": "jedy:kusanagi_sasuke",
      "category": "equipment"
    },
    "components": {
    "minecraft:render_offsets": {
        "main_hand": {
            "first_person": { 
                "scale": [0.0021,0.0021,0.0021]
            },
            "third_person": { 
                "scale": [0.011,0.011,0.011]
            }
        }
    },
      "minecraft:creative_category": {
        "parent": "itemGroup.name.sword"
      },
      "minecraft:icon": {
        "texture": "kusanagi_sasuke"
      },
	  "minecraft:allow_off_hand": true,
			"minecraft:display_name": {"value":"§l§c Kusanagi Sasuke \n§a✪Raridade: §d Arma Kage\n§8✪Nível: Em breve \n§bAjuste: Skill"},
      "minecraft:max_stack_size": 1,
      "minecraft:use_duration": 5000,
      "minecraft:hand_equipped": true,
      "minecraft:durability": {
        "max_durability": 5000
      },
      "minecraft:mining_speed": 1,
      "minecraft:damage": 32,
      "minecraft:enchantable": {
        "value": 30,
        "slot": "sword"
      },
	  "minecraft:cooldown": {
		"category": "slc",
		"duration": 5
      },
	  "minecraft:on_use": {
		"on_use": {
		  "event": "zero"
		}
	  }
    },
    "events": {
	  "zero": {
		"run_command": {
		  "command": [
          "summon lightning_bolt ~4.7~~",
          "summon lightning_bolt ~-4.7~~",
          "summon lightning_bolt ~~~4.7",
          "summon lightning_bolt ~~~-4.7",
       "effect @s fire_resistance 4 10 true "
        
		  ]
		}
	},
      "minecraft:can_destroy_in_creative": false,
      "minecraft:digger": {
        "use_efficiency": false,
        "destroy_speeds": [
          {
            "block": "minecraft:web",
            "speed": 20
          },
          {
            "block": "minecraft:bamboo",
            "speed": 25
          }
        ]
      },
      "minecraft:weapon": {}
    }
  }
}