{
  "format_version" : "1.10.0",
  "animation_controllers" : {
    "controller.animation.yamamoto_controller": {
      "initial_state": "default",
      "states": {
        "default": {
          "animations" : [
            {"yamamoto.first_person" : "variable.is_first_person"},
			{"yamamoto.default" : "!v.yamamoto && !variable.is_first_person"}
          ],
          "transitions": [
            {"attack1": "variable.attack_time > 0.0 && !query.is_using_item"}
          ],
          "blend_transition": 0.1
        },
        "attack1": {
          "animations": ["yamamoto.attack1"],
          "transitions": [
            {
              "attack2": "v.attack_time > 0.0 && q.all_animations_finished"
            },
            {
              "default": "query.all_animations_finished"
            }
          ]
        },
        "attack2": {
          "animations": ["yamamoto.attack2"],
          "transitions": [
            {
              "attack3": "v.attack_time > 0.0 && q.all_animations_finished"
            },
            {
              "default": "query.all_animations_finished"
            }
          ]
        },
        "attack3": {
          "animations": ["yamamoto.attack3"],
          "transitions": [
            {
              "attack1": "v.attack_time > 0.0 && q.all_animations_finished"
            },
            {
              "default": "query.all_animations_finished"
            }
          ]
        }
      }
    },
    "controller.animation.senbonzakura_controller": {
      "initial_state": "default",
      "states": {
        "default": {
          "animations" : [
			{"zanpakutou.first_person" : "query.property('wesl3y:zanpakutou') == 1 && variable.is_first_person"},
			{"senbonzakura" : "query.property('wesl3y:zanpakutou') == 1"}
          ],
          "transitions": [
            {"attack1": "variable.attack_time > 0.0 && !query.is_using_item"}
          ],
          "blend_transition": 0.1
        },
        "attack1": {
          "animations": [
            "zanpakutou.attack1"
          ],
          "transitions": [
            {"attack2": "variable.attack_time > 0.0 && query.all_animations_finished"},
            {"default": "query.all_animations_finished"}
          ],
          "blend_transition": 0.1
        },
        "attack2": {
          "animations": [
            "zanpakutou.attack2"
          ],
          "transitions": [
            {"attack3": "variable.attack_time > 0.0 && query.all_animations_finished"},
            {"default": "query.all_animations_finished"}
          ],
          "blend_transition": 0.1
        },
        "attack3": {
          "animations": [
            "zanpakutou.attack3"
          ],
          "transitions": [
            {"attack1": "variable.attack_time > 0.0 && query.all_animations_finished"},
            {"default": "query.all_animations_finished"}
          ],
          "blend_transition": 0.1
        }
      }
    }
  }
}