{
  "format_version" : "1.10.0",
  "animation_controllers" : {
    "controller.animation.luffy_controller": {
      "initial_state": "default",
      "states": {
        "default": {
          "animations": [
			{ "move.arms" : "!variable.is_first_person" },
			{ "move.legs" : "!variable.is_first_person" },
            { "look_at_target" : "!query.is_sleeping" }
          ],
          "transitions": [
            { "attack1": "v.skill1" },
            { "attack2": "v.skill2" },
            { "bazooka": "v.skill3" },
            { "gatling": "v.skill4" },
            { "giant_pistol": "v.skill5" },
            { "stop" : "!q.is_sleeping && !q.is_sneaking && !q.is_gliding && !q.is_riding && !q.is_swimming && q.modified_move_speed < 0.1 && !variable.is_first_person" }
          ],
          "blend_transition": 0.1
        },
        "stop": {
          "animations" : [
			{ "luffy.default" : "!variable.is_first_person" }
          ],
          "transitions": [
            { "attack1": "v.skill1" },
            { "attack2": "v.skill2" },
            { "bazooka": "v.skill3" },
            { "gatling": "v.skill4" },
            { "giant_pistol": "v.skill5" },
            { "default": "q.modified_move_speed > 0.1 || q.is_sleeping || q.is_sneaking || q.is_gliding || q.is_riding || q.is_swimming" }
          ],
          "blend_transition": 0.1
        },
        "attack1": {
          "animations": ["luffy.attack1"],
          "transitions": [
            {
              "default": "query.all_animations_finished"
            }
          ],
          "blend_transition": 0.1
        },
        "attack2": {
          "animations": ["luffy.attack2"],
          "transitions": [
            {
              "default": "query.all_animations_finished"
            }
          ],
          "blend_transition": 0.1
        },
        "bazooka": {
          "animations": ["luffy.attack3"],
          "transitions": [
            {
              "default": "query.all_animations_finished"
            }
          ],
          "blend_transition": 0.1
        },
        "gatling": {
          "animations": ["luffy.attack4"],
          "transitions": [
            {
              "default": "query.all_animations_finished"
            }
          ],
          "blend_transition": 0.1
        },
        "giant_pistol": {
          "animations": ["luffy.attack5"],
          "transitions": [
            {
              "default": "query.all_animations_finished"
            }
          ],
          "blend_transition": 0.1
        }
      }
    },
    "controller.animation.luffy_gear2_controller": {
      "initial_state": "default",
      "states": {
        "default": {
          "animations": [
			{ "move.arms" : "!variable.is_first_person" },
			{ "move.legs" : "!variable.is_first_person" },
            { "look_at_target" : "!query.is_sleeping" }
          ],
          "transitions": [
            { "attack1": "v.skill1" },
            { "attack2": "v.skill2" },
            { "jet_bazooka": "v.skill3" },
            { "jet_gatling": "v.skill4" },
            { "red_hawk": "v.skill5" },
            { "stop" : "!q.is_sleeping && !q.is_sneaking && !q.is_gliding && !q.is_riding && !q.is_swimming && q.modified_move_speed < 0.1 && !variable.is_first_person" }
          ],
          "blend_transition": 0.1
        },
        "stop": {
          "animations" : [
            { "look_at_target" : "!query.is_sleeping" },
			{ "luffy_gear2.default" : "!variable.is_first_person" }
          ],
          "transitions": [
            { "attack1": "v.skill1" },
            { "attack2": "v.skill2" },
            { "jet_bazooka": "v.skill3" },
            { "jet_gatling": "v.skill4" },
            { "red_hawk": "v.skill5" },
            { "default": "q.modified_move_speed > 0.1 || q.is_sleeping || q.is_sneaking || q.is_gliding || q.is_riding || q.is_swimming" }
          ],
          "blend_transition": 0.1
        },
        "attack1": {
          "animations": ["luffy_gear2.attack1"],
          "transitions": [
            {
              "default": "query.all_animations_finished"
            }
          ],
          "blend_transition": 0.1
        },
        "attack2": {
          "animations": ["luffy_gear2.attack2"],
          "transitions": [
            {
              "default": "query.all_animations_finished"
            }
          ],
          "blend_transition": 0.1
        },
        "jet_bazooka": {
          "animations": ["luffy_gear2.attack3"],
          "transitions": [
            {
              "default": "query.all_animations_finished"
            }
          ],
          "blend_transition": 0.1
        },
        "jet_gatling": {
          "animations": ["luffy_gear2.attack4"],
          "transitions": [
            {
              "default": "query.all_animations_finished"
            }
          ],
          "blend_transition": 0.1
        },
        "red_hawk": {
          "animations": ["luffy_gear2.attack5"],
          "transitions": [
            {
              "default": "query.all_animations_finished"
            }
          ],
          "blend_transition": 0.1
        }
      }
    },
    "controller.animation.luffy_gear5_controller": {
      "initial_state": "default",
      "states": {
        "default": {
          "animations" : [
            { "look_at_target" : "!query.is_sleeping" },
			{ "move.arms" : "!variable.is_first_person" },
			{ "move.legs" : "!(q.is_on_ground && q.is_sprinting) && !variable.is_first_person" },
			{ "luffy_gear5.sprint" : "q.is_on_ground && q.is_sprinting && !variable.is_first_person" }
          ],
          "transitions": [
            { "attack1": "v.skill1" },
            { "attack2": "v.skill2" },
            { "giant_pistol": "v.skill3" },
            { "giant_kick": "v.skill4" },
            { "kaminari": "v.skill5" },
            { "bajrang_gun": "v.skill6" }
          ],
          "blend_transition": 0.2
        },
        "attack1": {
          "animations": ["luffy.attack1"],
          "transitions": [
            {
              "default": "query.all_animations_finished"
            }
          ],
          "blend_transition": 0.1
        },
        "attack2": {
          "animations": ["luffy.attack2"],
          "transitions": [
            {
              "default": "query.all_animations_finished"
            }
          ],
          "blend_transition": 0.1
        },
        "giant_pistol": {
          "animations": ["luffy_gear5.attack3"],
          "transitions": [
            {
              "default": "query.all_animations_finished"
            }
          ],
          "blend_transition": 0.1
        },
        "giant_kick": {
          "animations": ["luffy_gear5.attack4"],
          "transitions": [
            {
              "default": "query.all_animations_finished"
            }
          ],
          "blend_transition": 0.1
        },
        "kaminari": {
          "animations": ["luffy_gear5.attack5"],
          "transitions": [
            {
              "default": "query.all_animations_finished"
            }
          ],
          "blend_transition": 0.1
        },
        "bajrang_gun": {
          "animations": ["luffy_gear5.attack6"],
          "transitions": [
            {
              "default": "query.all_animations_finished"
            }
          ],
          "blend_transition": 0.1
        }
      }
    }
  }
}