{
	"format_version": "1.13.0",
	"minecraft:entity": {
		"description": {
			"identifier": "stk:blegq",
			"is_spawnable": false,
			"is_summonable": true,
			"is_experimental": false
		},
		"component_groups": {
        "stk:despawn":{
        "minecraft:transformation": {
        "into": "stk:despawn",
        "delay": 0.1
        }
    },
			"stk:waitopen": {
				"minecraft:timer": {
					"looping": false,
					"time": 0.1,
					"time_down_event": {
						"event": "stk:opengui"
					}
				}
			}
		},
		"components": {
			"minecraft:npc": {},
			"minecraft:scale": {
				"value": 0
			},
     "minecraft:environment_sensor": {
        "triggers": [
          {
            "filters": {
              "all_of": [
                {
                  "test": "has_tag",
                  "subject": "self",
                  "operator":"==",
                  "value": "kill"
                }
              ]
            },
            "event": "stk:be_despawn"
          }
        ]
      },
			"minecraft:collision_box": {
				"width": 0,
				"height": 0
			},
			"minecraft:movement": {
				"value": 0
			},
			"minecraft:timer": {
				"looping": true,
				"time": 10.0,
				"time_down_event": {
					"event": "stk:kill"
				}
			},
			"minecraft:health": {
				"value": 1
			},
			"minecraft:pushable": {
				"is_pushable": false,
				"is_pushable_by_piston": false
			},
			"minecraft:physics": {}
		},
		"events": {
      "stk:be_despawn":{
        "add":{
          "component_groups":[
            "stk:despawn"
          ]
        }
      },
			"stk:kill": {
				"run_command": {
					"command": [
						"kill @s"
					]
				}
			},
			"stk:open": {
				"add": {
					"component_groups": [
						"stk:waitopen"
					]
				}
			},
			"stk:opengui": {
				"run_command": {
					"command": [
						"dialogue open @s @p[r=2,c=1] blegq"
					]
				}
			}
		}
	}
}
