{
    "format_version":    "1.16.100",
    "minecraft:item":  {
        "description":  {
            "category": "category",
            "identifier":  "stk:g4s"
        },
        "components":  {
    "minecraft:render_offsets": {
        "main_hand": {
            "first_person": { 
                "scale": [0.000,0.000,0.000]
            },
            "third_person": { 
                "scale": [0.00,0.00,0.00]
            }
        }
    },
            "minecraft:max_stack_size":  1,
            "minecraft:enchantable":  {
                "value":  10,
                "slot":  "armor_head"
            },
            "minecraft:damageable":  {
                "max_damage":  10000000,
                "damage_chance":  {
                    "min":  10000000,
                    "max":  10000000
                },
                "repair_items":  [
                    "minecraft:diamond",
                    "minecraft:diamond"
                ]
            },
            "minecraft:icon": {
                "texture": "g4s"
            },
            "minecraft:display_name": {
    "value": "§eGear 4 Snakeman"
            },
            "minecraft:armor":  {
                "protection":  7
            },
            "minecraft:wearable":  {
                "slot":  "slot.armor.head"
            },
	  "minecraft:on_use": {
		"on_use": {
		  "event": "super"
		}
	  }
    },
    "events": {
	  "super": {
		"run_command": {
		  "command": [
		    "function g4s"
		  ]
	    }
	  }
        }
    }
}












































