{
  "format_version": "1.10.0",
  "particle_effect": {
    "description": {
      "identifier": "wesl3y:ito_goshikito4",
      "basic_render_parameters": {
        "material": "particles_alpha",
        "texture": "textures/particle/particles1"
      }
    },
    "components": {
      "minecraft:emitter_rate_instant": {
        "num_particles": 150
      },
      "minecraft:emitter_lifetime_once": {
        "active_time": 1
      },
      "minecraft:emitter_shape_point": {
        "offset": [0.5, "math.cos(variable.particle_random_1 * -180) * (3 - (variable.particle_random_2 * 0.25))", "math.sin(variable.particle_random_1 * -180) * (4 - (variable.particle_random_2 * 1.25))"]
      },
      "minecraft:particle_lifetime_expression": {
        "max_lifetime": 1
      },
      "minecraft:particle_initial_speed": 0,
      "minecraft:particle_motion_dynamic": {},
      "minecraft:particle_appearance_billboard": {
        "size": ["0.25 - (variable.particle_age * 0.2)", "0.25 - (variable.particle_age * 0.2)"],
        "facing_camera_mode": "rotate_xyz",
        "uv": {
          "texture_width": 64,
          "texture_height": 8,
          "flipbook": {
            "base_UV": [64, 0],
            "size_UV": [8, 8],
            "step_UV": [-8, 0],
            "frames_per_second": 8,
            "max_frame": 8
          }
        }
      },
      "minecraft:particle_appearance_tinting": {
        "color": {
          "interpolant": "v.particle_random_2",
          "gradient": {
            "0.0": "#FF0FD2FF",
            "0.9": "#00CCFAFF"
          }
        }
      }
    }
  }
}