{
	"format_version": "1.12.0",
	"minecraft:geometry": [
		{
			"description": {
				"identifier": "geometry.hell_flame_wings",
				"texture_width": 32,
				"texture_height": 32,
				"visible_bounds_width": 3,
				"visible_bounds_height": 5.5,
				"visible_bounds_offset": [0, 1.25, 0]
			},
			"bones": [
				{
					"name": "root",
					"pivot": [0, 0, 0]
				},
				{
					"name": "waist",
					"parent": "root",
					"pivot": [0, 12, 0]
				},
				{
					"name": "body",
					"parent": "waist",
					"pivot": [0, 24, 0]
				},
				{
					"name": "wingRight",
					"parent": "body",
					"pivot": [-1.5, 22, 2],
					"cubes": [
						{
							"origin": [-5.25, 21.5, 2],
							"size": [4.25, 1, 1],
							"uv": {
								"north": {"uv": [25, 13], "uv_size": [-4, 1]},
								"east": {"uv": [21, 18], "uv_size": [-1, 1]},
								"south": {"uv": [21, 14], "uv_size": [-4, 1]},
								"west": {"uv": [21, 17], "uv_size": [-1, 1]},
								"up": {"uv": [25, 15], "uv_size": [-4, 1]},
								"down": {"uv": [25, 17], "uv_size": [-4, -1]}
							}
						},
						{
							"origin": [-5.25, 18.5, 2.5],
							"size": [2.5, 4, 0],
							"pivot": [-3.375, 20.5, 2.5],
							"rotation": [0, 0, 90],
							"uv": {
								"north": {"uv": [32, 32], "uv_size": [0, 0]},
								"east": {"uv": [0, 0], "uv_size": [0, 6]},
								"south": {"uv": [7.5, 14], "uv_size": [2.75, -4]},
								"west": {"uv": [0, 0], "uv_size": [0, 6]},
								"up": {"uv": [0, 0], "uv_size": [8, 0]},
								"down": {"uv": [0, 0], "uv_size": [8, 0]}
							}
						}
					]
				},
				{
					"name": "wingRight2",
					"parent": "wingRight",
					"pivot": [-5.25, 21.5, 2],
					"cubes": [
						{
							"origin": [-13, 21.5, 2],
							"size": [1, 2.5, 1],
							"pivot": [-12.5, 22, 2.5],
							"rotation": [0, 0, -45],
							"uv": {
								"north": {"uv": [12, 7], "uv_size": [1, 2.5]},
								"east": {"uv": [13, 7], "uv_size": [1, 2.5]},
								"south": {"uv": [14, 7], "uv_size": [1, 2.5]},
								"west": {"uv": [15, 7], "uv_size": [1, 2.5]},
								"up": {"uv": [19, 6], "uv_size": [1, 1]},
								"down": {"uv": [20, 7], "uv_size": [1, -1]}
							}
						},
						{
							"origin": [-13, 21.5, 2],
							"size": [7.75, 1, 1],
							"uv": {
								"north": {"uv": [17, 13], "uv_size": [8, 1]},
								"east": {"uv": [20, 17], "uv_size": [1, 1]},
								"south": {"uv": [17, 14], "uv_size": [8, 1]},
								"west": {"uv": [20, 18], "uv_size": [1, 1]},
								"up": {"uv": [17, 15], "uv_size": [8, 1]},
								"down": {"uv": [17, 17], "uv_size": [8, -1]}
							}
						},
						{
							"origin": [-14.25, 16.5, 2.5],
							"size": [8.75, 6.5, 0],
							"inflate": -0.01,
							"pivot": [-9, 18.5, 2.5],
							"rotation": [0, 0, 32.5],
							"uv": {
								"north": {"uv": [32, 32], "uv_size": [0, 0]},
								"east": {"uv": [0, 0], "uv_size": [0, 6]},
								"south": {"uv": [8, 11], "uv_size": [8, 5]},
								"west": {"uv": [0, 0], "uv_size": [0, 6]},
								"up": {"uv": [0, 0], "uv_size": [8, 0]},
								"down": {"uv": [0, 0], "uv_size": [8, 0]}
							}
						}
					]
				},
				{
					"name": "wingRight3",
					"parent": "wingRight2",
					"pivot": [-13, 21.5, 2.5],
					"cubes": [
						{
							"origin": [-13, 11.5, 2],
							"size": [1, 10, 1],
							"uv": {
								"north": {"uv": [11, 16], "uv_size": [1, 10]},
								"east": {"uv": [12, 16], "uv_size": [1, 10]},
								"south": {"uv": [13, 16], "uv_size": [1, 10]},
								"west": {"uv": [16, 13], "uv_size": [1, 10]},
								"up": {"uv": [20, 19], "uv_size": [1, 1]},
								"down": {"uv": [20, 21], "uv_size": [1, -1]}
							}
						},
						{
							"origin": [-9.67195, 0.2716, 2],
							"size": [1, 6, 1],
							"pivot": [-8.17195, 3.2716, 2.5],
							"rotation": [0, 0, -37.5],
							"uv": {
								"north": {"uv": [18, 17], "uv_size": [1, 6]},
								"east": {"uv": [19, 0], "uv_size": [1, 6]},
								"south": {"uv": [19, 17], "uv_size": [1, 6]},
								"west": {"uv": [20, 0], "uv_size": [1, 6]},
								"up": {"uv": [21, 0], "uv_size": [1, 1]},
								"down": {"uv": [21, 2], "uv_size": [1, -1]}
							}
						},
						{
							"origin": [-9.67195, 0.2716, 2.5],
							"size": [6, 6, 0],
							"pivot": [-8.17195, 3.2716, 2.5],
							"rotation": [0, 0, -37.5],
							"uv": {
								"north": {"uv": [32, 32], "uv_size": [0, 0]},
								"east": {"uv": [0, 0], "uv_size": [0, 6]},
								"south": {"uv": [16, 7], "uv_size": [5, 6]},
								"west": {"uv": [0, 0], "uv_size": [0, 6]},
								"up": {"uv": [0, 0], "uv_size": [5, 0]},
								"down": {"uv": [0, 0], "uv_size": [5, 0]}
							}
						},
						{
							"origin": [-13, 11.5, 2.5],
							"size": [7.5, 10, 0],
							"uv": {
								"north": {"uv": [32, 32], "uv_size": [0, 0]},
								"east": {"uv": [0, 0], "uv_size": [0, 10]},
								"south": {"uv": [6, 0], "uv_size": [6, 10]},
								"west": {"uv": [0, 0], "uv_size": [0, 10]},
								"up": {"uv": [0, 0], "uv_size": [6, 0]},
								"down": {"uv": [0, 0], "uv_size": [6, 0]}
							}
						},
						{
							"origin": [-11.30834, 5.15058, 2],
							"size": [1, 7, 1],
							"pivot": [-9.68334, 5.40058, 2.5],
							"rotation": [0, 0, -15],
							"uv": {
								"north": {"uv": [14, 16], "uv_size": [1, 7]},
								"east": {"uv": [15, 16], "uv_size": [1, 7]},
								"south": {"uv": [17, 17], "uv_size": [1, 7]},
								"west": {"uv": [18, 0], "uv_size": [1, 7]},
								"up": {"uv": [21, 2], "uv_size": [1, 1]},
								"down": {"uv": [21, 4], "uv_size": [1, -1]}
							}
						},
						{
							"origin": [-11.30834, 5.15058, 2.5],
							"size": [6.75, 7, 0],
							"pivot": [-9.68334, 5.40058, 2.5],
							"rotation": [0, 0, -15],
							"uv": {
								"north": {"uv": [32, 32], "uv_size": [0, 0]},
								"east": {"uv": [0, 0], "uv_size": [0, 7]},
								"south": {"uv": [0, 16], "uv_size": [5.5, 7]},
								"west": {"uv": [0, 0], "uv_size": [0, 7]},
								"up": {"uv": [0, 0], "uv_size": [5.5, 0]},
								"down": {"uv": [0, 0], "uv_size": [5.5, 0]}
							}
						}
					]
				},
				{
					"name": "wingLeft",
					"parent": "body",
					"pivot": [1.5, 22, 2],
					"cubes": [
						{
							"origin": [1, 21.5, 2],
							"size": [4.25, 1, 1],
							"uv": {
								"north": {"uv": [21, 13], "uv_size": [4, 1]},
								"east": {"uv": [20, 17], "uv_size": [1, 1]},
								"south": {"uv": [17, 14], "uv_size": [4, 1]},
								"west": {"uv": [20, 18], "uv_size": [1, 1]},
								"up": {"uv": [21, 15], "uv_size": [4, 1]},
								"down": {"uv": [21, 17], "uv_size": [4, -1]}
							}
						},
						{
							"origin": [2.75, 18.5, 2.5],
							"size": [2.5, 4, 0],
							"pivot": [3.375, 20.5, 2.5],
							"rotation": [0, 0, -90],
							"uv": {
								"north": {"uv": [32, 32], "uv_size": [0, 0]},
								"east": {"uv": [0, 0], "uv_size": [0, 6]},
								"south": {"uv": [10.25, 14], "uv_size": [-2.75, -4]},
								"west": {"uv": [0, 0], "uv_size": [0, 6]},
								"up": {"uv": [8, 0], "uv_size": [-8, 0]},
								"down": {"uv": [8, 0], "uv_size": [-8, 0]}
							}
						}
					]
				},
				{
					"name": "wingLeft2",
					"parent": "wingLeft",
					"pivot": [5.25, 21.5, 2],
					"cubes": [
						{
							"origin": [12, 21.5, 2],
							"size": [1, 2.5, 1],
							"pivot": [12.5, 22, 2.5],
							"rotation": [0, 0, 45],
							"uv": {
								"north": {"uv": [13, 7], "uv_size": [-1, 2.5]},
								"east": {"uv": [16, 7], "uv_size": [-1, 2.5]},
								"south": {"uv": [15, 7], "uv_size": [-1, 2.5]},
								"west": {"uv": [14, 7], "uv_size": [-1, 2.5]},
								"up": {"uv": [20, 6], "uv_size": [-1, 1]},
								"down": {"uv": [21, 7], "uv_size": [-1, -1]}
							}
						},
						{
							"origin": [5.25, 21.5, 2],
							"size": [7.75, 1, 1],
							"uv": {
								"north": {"uv": [25, 13], "uv_size": [-8, 1]},
								"east": {"uv": [21, 18], "uv_size": [-1, 1]},
								"south": {"uv": [25, 14], "uv_size": [-8, 1]},
								"west": {"uv": [21, 17], "uv_size": [-1, 1]},
								"up": {"uv": [25, 15], "uv_size": [-8, 1]},
								"down": {"uv": [25, 17], "uv_size": [-8, -1]}
							}
						},
						{
							"origin": [5.5, 16.5, 2.5],
							"size": [8.75, 6.5, 0],
							"inflate": -0.01,
							"pivot": [9, 18.5, 2.5],
							"rotation": [0, 0, -32.5],
							"uv": {
								"north": {"uv": [32, 32], "uv_size": [0, 0]},
								"east": {"uv": [0, 0], "uv_size": [0, 6]},
								"south": {"uv": [16, 11], "uv_size": [-8, 5]},
								"west": {"uv": [0, 0], "uv_size": [0, 6]},
								"up": {"uv": [8, 0], "uv_size": [-8, 0]},
								"down": {"uv": [8, 0], "uv_size": [-8, 0]}
							}
						}
					]
				},
				{
					"name": "wingLeft3",
					"parent": "wingLeft2",
					"pivot": [13, 21.5, 2.5],
					"cubes": [
						{
							"origin": [12, 11.5, 2],
							"size": [1, 10, 1],
							"uv": {
								"north": {"uv": [12, 16], "uv_size": [-1, 10]},
								"east": {"uv": [17, 13], "uv_size": [-1, 10]},
								"south": {"uv": [14, 16], "uv_size": [-1, 10]},
								"west": {"uv": [13, 16], "uv_size": [-1, 10]},
								"up": {"uv": [21, 19], "uv_size": [-1, 1]},
								"down": {"uv": [21, 21], "uv_size": [-1, -1]}
							}
						},
						{
							"origin": [8.67195, 0.2716, 2],
							"size": [1, 6, 1],
							"pivot": [8.17195, 3.2716, 2.5],
							"rotation": [0, 0, 37.5],
							"uv": {
								"north": {"uv": [19, 17], "uv_size": [-1, 6]},
								"east": {"uv": [21, 0], "uv_size": [-1, 6]},
								"south": {"uv": [20, 17], "uv_size": [-1, 6]},
								"west": {"uv": [20, 0], "uv_size": [-1, 6]},
								"up": {"uv": [22, 0], "uv_size": [-1, 1]},
								"down": {"uv": [22, 2], "uv_size": [-1, -1]}
							}
						},
						{
							"origin": [3.67195, 0.2716, 2.5],
							"size": [6, 6, 0],
							"pivot": [8.17195, 3.2716, 2.5],
							"rotation": [0, 0, 37.5],
							"uv": {
								"north": {"uv": [32, 32], "uv_size": [0, 0]},
								"east": {"uv": [0, 0], "uv_size": [0, 6]},
								"south": {"uv": [21, 7], "uv_size": [-5, 6]},
								"west": {"uv": [0, 0], "uv_size": [0, 6]},
								"up": {"uv": [5, 0], "uv_size": [-5, 0]},
								"down": {"uv": [5, 0], "uv_size": [-5, 0]}
							}
						},
						{
							"origin": [5.5, 11.5, 2.5],
							"size": [7.5, 10, 0],
							"uv": {
								"north": {"uv": [32, 32], "uv_size": [0, 0]},
								"east": {"uv": [0, 0], "uv_size": [0, 10]},
								"south": {"uv": [12, 0], "uv_size": [-6, 10]},
								"west": {"uv": [0, 0], "uv_size": [0, 10]},
								"up": {"uv": [6, 0], "uv_size": [-6, 0]},
								"down": {"uv": [6, 0], "uv_size": [-6, 0]}
							}
						},
						{
							"origin": [10.30834, 5.15058, 2],
							"size": [1, 7, 1],
							"pivot": [9.68334, 5.40058, 2.5],
							"rotation": [0, 0, 15],
							"uv": {
								"north": {"uv": [15, 16], "uv_size": [-1, 7]},
								"east": {"uv": [19, 0], "uv_size": [-1, 7]},
								"south": {"uv": [18, 17], "uv_size": [-1, 7]},
								"west": {"uv": [16, 16], "uv_size": [-1, 7]},
								"up": {"uv": [22, 2], "uv_size": [-1, 1]},
								"down": {"uv": [22, 4], "uv_size": [-1, -1]}
							}
						},
						{
							"origin": [4.55834, 5.15058, 2.5],
							"size": [6.75, 7, 0],
							"pivot": [9.68334, 5.40058, 2.5],
							"rotation": [0, 0, 15],
							"uv": {
								"north": {"uv": [32, 32], "uv_size": [0, 0]},
								"east": {"uv": [0, 0], "uv_size": [0, 7]},
								"south": {"uv": [5.5, 16], "uv_size": [-5.5, 7]},
								"west": {"uv": [0, 0], "uv_size": [0, 7]},
								"up": {"uv": [5.5, 0], "uv_size": [-5.5, 0]},
								"down": {"uv": [5.5, 0], "uv_size": [-5.5, 0]}
							}
						}
					]
				}
			]
		}
	]
}