{
	"format_version": "1.12.0",
	"minecraft:geometry": [
		{
			"description": {
				"identifier": "geometry.prominence_burn",
				"texture_width": 16,
				"texture_height": 16,
				"visible_bounds_width": 2,
				"visible_bounds_height": 1.5,
				"visible_bounds_offset": [0, 0.25, 0]
			},
			"bones": [
				{
					"name": "root",
					"pivot": [0, 0, 0],
					"cubes": [
						{
							"origin": [-3, -3, -3],
							"size": [6, 6, 6],
							"uv": {
								"north": {"uv": [15, 0], "uv_size": [1, 1]},
								"east": {"uv": [15, 0], "uv_size": [1, 1]},
								"south": {"uv": [15, 0], "uv_size": [1, 1]},
								"west": {"uv": [15, 0], "uv_size": [1, 1]},
								"up": {"uv": [16, 1], "uv_size": [-1, -1]},
								"down": {"uv": [16, 1], "uv_size": [-1, -1]}
							}
						}
					]
				},
				{
					"name": "body",
					"parent": "root",
					"pivot": [0, 0, 0],
					"cubes": [
						{
							"origin": [-3, -4, -3],
							"size": [6, 8, 6],
							"uv": {
								"north": {"uv": [14, 0], "uv_size": [1, 1]},
								"east": {"uv": [14, 0], "uv_size": [1, 1]},
								"south": {"uv": [14, 0], "uv_size": [1, 1]},
								"west": {"uv": [14, 0], "uv_size": [1, 1]},
								"up": {"uv": [15, 1], "uv_size": [-1, -1]},
								"down": {"uv": [15, 1], "uv_size": [-1, -1]}
							}
						},
						{
							"origin": [-4, -3, -3],
							"size": [8, 6, 6],
							"uv": {
								"north": {"uv": [14, 0], "uv_size": [1, 1]},
								"east": {"uv": [14, 0], "uv_size": [1, 1]},
								"south": {"uv": [14, 0], "uv_size": [1, 1]},
								"west": {"uv": [14, 0], "uv_size": [1, 1]},
								"up": {"uv": [15, 1], "uv_size": [-1, -1]},
								"down": {"uv": [15, 1], "uv_size": [-1, -1]}
							}
						},
						{
							"origin": [-3, -3, -4],
							"size": [6, 6, 8],
							"uv": {
								"north": {"uv": [14, 0], "uv_size": [1, 1]},
								"east": {"uv": [14, 0], "uv_size": [1, 1]},
								"south": {"uv": [14, 0], "uv_size": [1, 1]},
								"west": {"uv": [14, 0], "uv_size": [1, 1]},
								"up": {"uv": [15, 1], "uv_size": [-1, -1]},
								"down": {"uv": [15, 1], "uv_size": [-1, -1]}
							}
						}
					]
				}
			]
		}
	]
}