{
	"format_version": "1.17.100",
	"minecraft:npc_dialogue":
	{
		"scenes":
		[
			{
				"scene_tag": "freeza",
				"npc_name": { "rawtext": [ {"text":"freeza"} ] },
				"text": { "rawtext": [ {"text":"O que você quer, macaco desprezível?"} ] },
				"buttons": [
					{
						"name": { "rawtext": [ {"text":"§fVocê é de que espécie de lagartixa?"} ] },
						"commands": [
					
							
							"/tellraw @s {\"rawtext\":[{\"text\":\"<Freeza> insolente. me perturbe denovo e você virará poeira cósmica!\"}]}",
			"/camera @p clear",
			"/event entity @e[r=7,type=stk:freezanpc] wow.no"
						]
					},
					{
						"name": { "rawtext": [ {"text":"§fQuero batalhar!"} ] },
						"commands": [
						    
						    "/tellraw @p {\"rawtext\":[{\"text\":\"<Freeza> Não perderei meu tempo com alguém tão fraco!\"}]}",
			"/camera @p clear",
			"/event entity @e[r=7,type=stk:freezanpc] wow.no"
						    
						    
						    ]
					},
					{
						"name": { "rawtext": [ {"text":"§fNada"} ] },
						"commands": [
						    
						    "/tellraw @p {\"rawtext\":[{\"text\":\"<Freeza> Não me incomode mais!\"}]}",
			"/camera @p clear",
			"/event entity @e[r=7,type=stk:freezanpc] wow.no"
						    
						    
						    ]
					}
				]
			}
		]
	}
}