{
	"format_version": "1.17.100",
	"minecraft:npc_dialogue":
	{
		"scenes":
		[
			{
				"scene_tag": "goku2",
				"npc_name": { "rawtext": [ {"text":"goku"} ] },
				"text": { "rawtext": [ {"text":"Treinamento? Pode ser! Busque 20 carnes de tigre para mim, isso é um treino de verdade!"} ] },
				"buttons": [
					{
						"name": { "rawtext": [ {"text":"§fPode deixar!"} ] },
						"commands": [
					
							
							"/tellraw @p {\"rawtext\":[{\"text\":\"<goku> Conto com você!\"}]}",
			"/camera @p clear",
			"/event entity @e[r=7,type=stk:gokunpc] wow.no",
			"/tag @p add gq1"
						]
					},
					{
						"name": { "rawtext": [ {"text":"§fSem tempo, irmão"} ] },
						"commands": [
						    
						    "/tellraw @p {\"rawtext\":[{\"text\":\"<goku> Ok, Volte quando puder.\"}]}",
			"/camera @p clear",
			"/event entity @e[r=7,type=stk:gokunpc] wow.no"
						    
						    
						    ]
					}
				]
			}
		]
	}
}