{
  "format_version": "1.10.0",
  "particle_effect": {
    "description": {
      "identifier": "wesl3y:luffy_gear2_red_hawk2",
      "basic_render_parameters": {
        "material": "particles_add",
        "texture": "textures/particle/particles7"
      }
    },
    "components": {
      "minecraft:emitter_rate_instant": {
        "num_particles": 15
      },
      "minecraft:emitter_lifetime_once": {},
      "minecraft:emitter_shape_point": {
      },
      "minecraft:particle_lifetime_expression": {
        "max_lifetime": "math.random(0.4, 0.6)"
      },
      "minecraft:particle_initial_speed": 12.5,
      "minecraft:particle_motion_dynamic": {
        "linear_drag_coefficient": 3
      },
      "minecraft:particle_appearance_billboard": {
        "size": [0.25, 0.25],
        "facing_camera_mode": "lookat_xyz",
        "uv": {
          "texture_width": 48,
          "texture_height": 8,
          "flipbook": {
            "base_UV": [0, 0],
            "size_UV": [8, 8],
            "step_UV": [8, 0],
            "frames_per_second": 6,
            "max_frame": 6,
            "stretch_to_lifetime": true
          }
        }
      },
      "minecraft:particle_appearance_tinting": {
        "color": {
          "interpolant": "v.particle_random_2 / v.particle_age",
          "gradient": {
			"0.2": "#85FF0D00",
			"0.3": "#B3FF2D00",
			"0.4": "#BAFF9D00",
			"0.6": "#00FF9D00"
		  }
        }
      }
    }
  }
}