{
  "format_version": "1.10.0",
  "particle_effect": {
    "description": {
      "identifier": "wesl3y:luffy_gear5_bajrang_gun",
      "basic_render_parameters": {
        "material": "particles_blend",
        "texture": "textures/particle/luffy/haki"
      }
    },
    "components": {
      "minecraft:emitter_rate_steady": {
        "spawn_rate": 7,
        "max_particles": 35
      },
      "minecraft:emitter_lifetime_once": {
        "active_time": 1
      },
      "minecraft:emitter_shape_sphere": {
        "offset": [0, 0, 0],
        "radius": 5.0,
        "surface_only": true,
        "direction": "outwards"
      },
      "minecraft:particle_lifetime_expression": {
        "max_lifetime": "math.random(1.0, 1.25)"
      },
      "minecraft:particle_initial_speed": "math.random(80, 100)",
      "minecraft:particle_motion_dynamic": {
        "linear_drag_coefficient": 7
      },
      "minecraft:particle_appearance_billboard": {
        "size": [2, 8],
        "facing_camera_mode": "direction_y",
        "uv": {
          "texture_width": 64,
          "texture_height": 128,
          "flipbook": {
            "base_UV": ["Math.round(variable.particle_random_1*4)*16", 0],
            "size_UV": [16, 128],
            "step_UV": [0, 0],
			"frames_per_second": 2,
			"max_frame": 4,
			"loop": true
          }
        }
      },
      "minecraft:particle_appearance_tinting": {
        "color": {
          "interpolant": "v.particle_age",
          "gradient": {
            "0.75": "#ffffffff",
            "1.25": "#00ffffff"
          }
        }
      }
    }
  }
}