{
  "tiers": [
    {
      "trades": [
        {
          "wants": [
            {
              "item": "stk:belly2",
              "quantity": {
                "min": 6,
                "max": 7
              }
            }
          ],
          "gives": [
            {
              "item": "stk:katana"
            }
          ]
        },
               {
                      "wants": [
            {
              "item": "stk:belly3",
              "quantity": {
                "min": 30,
                "max": 30
              }
            }
          ],
          "gives": [
            {
              "item": "stk:katana2"
            }
          ]
        
        },
                       {
                      "wants": [
            {
              "item": "stk:belly3",
              "quantity": {
                "min": 50,
                "max": 50
              }
            }
          ],
          "gives": [
            {
              "item": "stk:katana3"
            }
          ]
        
        }

           ]
      
    }
  ]
}
  







