{
  "format_version": "1.8.0",
  "animations": {
    "animation.escanor.attack1": {
      "loop": "hold_on_last_frame",
      "animation_length": 1.0,
      "bones": {
        "waist": {
          "rotation": {
            "0.125": [3.31914, -60.72721, 3.31914],
            "0.3333": [18.2443, 66.34389, 14.77727]
          }
        },
        "head": {
          "rotation": {
            "0.125": [2.72888, 37.49223, 0.41114],
            "0.3333": [0.86405, -49.9277, -3.8261]
          }
        },
        "rightArm": {
          "rotation": {
            "0.125": [-40.28504, -10.31824, 74.81272],
            "0.3333": [42.21496, -10.31824, 74.81272]
          },
          "position": [0, -1, 1]
        },
        "rightForeArm": {
          "rotation": {
            "0.125": [-57.5, 0, 0],
            "0.3333": [-22.5, 0, 0]
          }
        },
        "leftArm": {
          "rotation": {
            "0.125": [22.5, 0, -25],
            "0.3333": [32.5, 0, -25]
          }
        },
        "leftForeArm": {
          "rotation": {
            "0.125": [-40, 0, 0],
            "0.3333": [-27.5, 0, 0]
          }
        },
        "rightLeg": {
          "rotation": {
            "0.125": [-12.5, -20, 0],
            "0.3333": [6.87845, 60.01793, 10.40946]
          },
          "position": {
            "0.125": [2, 0, -3],
            "0.3333": [2, 0, 3]
          }
        },
        "rightForeLeg": {
          "rotation": [12.5, 0, 0]
        },
        "leftLeg": {
          "rotation": {
            "0.125": [15.24689, -56.1582, -18.16842],
            "0.3333": [-16.84229, 35.47764, -11.59158]
          },
          "position": {
            "0.125": [-1, 0, 3],
            "0.3333": [-1, 0, -4]
          }
        },
        "leftForeLeg": {
          "rotation": [10, 0, 0]
        }
      },
      "sound_effects": {
          "0.25": {
              "effect": "cut"
          }
      }
    },
    "animation.escanor.attack2": {
      "loop": "hold_on_last_frame",
      "animation_length": 1.0,
      "bones": {
        "waist": {
          "rotation": {
            "0.125": [1.45766, 27.3584, -2.43624],
            "0.3333": [36.21199, -71.0855, -20.22636]
          }
        },
        "head": {
          "rotation": {
            "0.125": [0.91821, -19.96063, -0.20014],
            "0.3333": [9.34257, 22.19806, 6.22946]
          }
        },
        "rightArm": {
          "rotation": {
            "0.125": [-68.97563, -7.89828, 14.67452],
            "0.25": [-44.45949, -8.61095, -39.58746],
            "0.3333": [-28.00453, 20.31739, -46.12222]
          },
          "position": {
            "0.125": [0, 0, 0],
            "0.25": [0.96713, 0.84896, -3.71936],
            "0.3333": [-1.14834, 1.46061, -4.33566]
          }
        },
        "rightForeArm": {
          "rotation": {
            "0.125": [-92.5, 0, 0],
            "0.3333": [-10, 0, 0]
          }
        },
        "leftArm": {
          "rotation": {
            "0.125": [-113.79288, 3.47273, -60.56206],
            "0.3333": [-35.20188, 57.59905, -25.52131]
          },
          "position": {
            "0.125": [-0.81121, -2.28289, -2.57495],
            "0.25": [-0.43559, -1.34704, -1.59705],
            "0.3333": [0.69781, -1.25333, 0.3749]
          }
        },
        "leftForeArm": {
          "rotation": {
            "0.125": [-37.5, 0, 0],
            "0.3333": [-40, 0, 0]
          }
        },
        "rightLeg": {
          "rotation": {
            "0.125": [-2.23148, 34.12251, 0.43992],
            "0.3333": [-11.48229, -43.49702, 6.81733]
          },
          "position": {
            "0.125": [0, 0, 1.5],
            "0.3333": [3, 0, -4]
          }
        },
        "rightForeLeg": {
          "rotation": [5, 0, 0]
        },
        "leftLeg": {
          "rotation": {
            "0.125": [-7.5, 0, -5],
            "0.25": [-9.808, -72.77284, -5.00437],
            "0.3333": [-100, -96, 90]
          },
          "position": {
            "0.125": [0, 1, -2.5],
            "0.3333": [-1, 0, 3.5]
          }
        },
        "leftForeLeg": {
          "rotation": {
            "0.125": [17.5, 0, 0],
            "0.3333": [5, 0, 0]
          }
        }
      },
      "sound_effects": {
          "0.25": {
              "effect": "cut"
          }
      }
    },
    "animation.escanor.attack3": {
      "loop": "hold_on_last_frame",
      "animation_length": 1.0,
      "bones": {
        "waist": {
          "rotation": {
            "0.125": [-10, 0, 0],
            "0.3333": [37.5, 0, 0]
          },
          "position": {
            "0.125": [0, 0, 0],
            "0.3333": [0, -2, 0]
          }
        },
        "head": {
          "rotation": {
            "0.125": [-7.5, 0, 0],
            "0.3333": [12.5, 0, 0]
          }
        },
        "rightArm": {
          "rotation": {
            "0.125": [-155, -10, 25],
            "0.3333": [-40, -10, -10]
          }
        },
        "rightForeArm": {
          "rotation": {
            "0.125": [-37.5, 0, 0],
            "0.3333": [-7.5, -2.5, -17.5]
          }
        },
        "sword": {
          "rotation": {
            "0.125": [-6.69248, -13.64977, 23.17066],
            "0.3333": [11.35412, -0.43387, 31.54207]
          },
          "position": [1.78508, -0.75708, 0.49024]
        },
        "leftArm": {
          "rotation": {
            "0.125": [-155, 10, -25],
            "0.3333": [-40, 10, 10]
          }
        },
        "leftForeArm": {
          "rotation": {
            "0.125": [-37.5, 0, 0],
            "0.3333": [-7.5, 2.5, 17.5]
          }
        },
        "rightLeg": {
          "rotation": {
            "0.125": [-30, 0, 0],
            "0.3333": [-12.5, 0, 0]
          },
          "position": {
            "0.125": [0, 1.5, -1],
            "0.3333": [0, -1.5, -2.5]
          }
        },
        "rightForeLeg": {
          "rotation": {
            "0.125": [40, 0, 0],
            "0.3333": [20, 0, 0]
          },
          "position": {
            "0.125": [0, 0, 0],
            "0.3333": [0, 1.46444, -0.32466]
          }
        },
        "leftLeg": {
          "rotation": {
            "0.125": [-1.83037, -14.98539, -2.58807],
            "0.3333": [7.53263, -0.69968, 2.04153]
          },
          "position": {
            "0.125": [0, 0, 0],
            "0.3333": [0, -1.5, -0.5]
          }
        },
        "leftForeLeg": {
          "rotation": [10, 0, 0],
          "position": {
            "0.125": [0, 0, 0],
            "0.3333": [-0.01381, 1.47188, 0.23831]
          }
        }
      },
      "sound_effects": {
        "0.25": {
          "effect": "cut"
        }
      }
    },
    "animation.escanor.attack4": {
      "loop": "hold_on_last_frame",
      "animation_length": 1,
      "bones": {
        "waist": {
          "rotation": {
            "0.1667": [0, -5, -5],
            "0.5": [0, -5, -5],
            "0.75": [11.13916, 29.74904, -2.03271]
          }
        },
        "rightArm": {
          "rotation": {
            "0.1667": [10, -52.5, 12.5],
            "0.5": [10, -52.5, 12.5],
            "0.75": [18.42223, -15.59671, 31.99232]
          },
          "position": {
            "0.1667": [-0.5, 0, 1.5],
            "0.5": [-0.5, 0, 1.5],
            "0.75": [-0.5, -1, 1.5]
          }
        },
        "rightForeArm": {
          "rotation": {
            "0.1667": [-17.5, 0, 0],
            "0.5": [-17.5, 0, 0]
          }
        },
        "leftArm": {
          "rotation": {
            "0.1667": [-85.77511, -67.48734, -22.52138],
            "0.5": [-85.77511, -67.48734, -22.52138],
            "0.75": [-52.459, -12.96791, -75.08466]
          },
          "position": {
            "0.1667": [2, 0, -2],
            "0.5": [2, 0, -2],
            "0.75": [2, -2, -2]
          }
        },
        "leftForeArm": {
          "rotation": {
            "0.1667": [-52.5, 0, 0],
            "0.5": [-52.5, 0, 0],
            "0.75": [-10, 0, 0]
          }
        },
        "rightLeg": {
          "rotation": {
            "0.1667": [0.32902, 7.49282, 2.52154],
            "0.5": [0.32902, 7.49282, 2.52154]
          }
        },
        "leftLeg": {
          "rotation": {
            "0.1667": [0.44067, -9.99038, -2.53852],
            "0.5": [0.44067, -9.99038, -2.53852]
          }
        }
      },
      "particle_effects": {
        "0.15": [
          {
            "effect": "escanor_charge_cruel_sun",
            "locator": "cruel_sun_escanor"
          }
        ],
        "0.2": [
          {
            "effect": "escanor_charge_cruel_sun",
            "locator": "cruel_sun_escanor"
          }
        ]
      }
    },
    "animation.escanor.move": {
      "loop": true,
      "bones": {
        "waist": {
          "rotation": [5, "math.sin(q.anim_time * 300) * 3.5 * 3.5", 0],
          "position": [0, "-1.25 + math.sin(q.anim_time * 600) * 2", 0]
        },
        "rightArm": {
          "rotation": ["5 + math.sin(q.anim_time * 300) * 4 * 4", -5, 0],
          "position": [0, "-0.5 -math.cos(q.anim_time * 300) * 0.5", "math.sin(q.anim_time * 300) * 0.5"]
        },
        "rightForeArm": {
          "rotation": [-15, 0, 0]
        },
        "rightLeg": {
          "rotation": ["-5 -math.sin(q.anim_time * 300) * 5 * 5", 0, 0],
          "position": [0, "-0.5 + math.cos(q.anim_time * 300) * 1", "math.sin(q.anim_time * 300) * 0.5"]
        },
        "leftLeg": {
          "rotation": ["5 + math.sin(q.anim_time * 300) * 5 * 5", 0, 0],
          "position": [0, "-0.5 -math.cos(q.anim_time * 300) * 1", "math.sin(q.anim_time * 300) * 0.5"]
        },
        "leftArm": {
          "rotation": ["-5 -math.sin(q.anim_time * 300) * 4 * 4", 0, 0],
          "position": [0, "-0.5 + math.cos(q.anim_time * 300) * 0.5", "-math.sin(q.anim_time * 300) * 1"]
        },
        "leftForeArm": {
          "rotation": [-15, 0, 0]
        },
        "rightForeLeg": {
          "rotation": [10, 0, 0]
        },
        "leftForeLeg": {
          "rotation": [10, 0, 0]
        }
      }
    },
    "animation.escanor.sprint": {
      "loop": true,
      "bones": {
        "waist": {
          "rotation": [15, "math.sin(q.anim_time * 500) * 5", 0],
          "position": [0, "-2 + math.sin(q.anim_time * 1000) * 2", 0]
        },
        "rightArm": {
          "rotation": ["math.sin(q.anim_time * 500) * 20", -5, 0],
          "position": [0, "-math.cos(q.anim_time * 500) * 0.5", "math.sin(q.anim_time * 500) * 1.5"]
        },
        "rightForeArm": {
          "rotation": [-15, 0, 0]
        },
        "rightLeg": {
          "rotation": ["-5 -math.sin(q.anim_time * 500) * 15", 0, 0],
          "position": [0, "-0.5 + math.cos(q.anim_time * 500) * 1", "-math.sin(q.anim_time * 500) * 0.5"]
        },
        "leftLeg": {
          "rotation": ["5 + math.sin(q.anim_time * 500) * 15", 0, 0],
          "position": [0, "-0.5 -math.cos(q.anim_time * 500) * 1", "math.sin(q.anim_time * 500) * 0.5"]
        },
        "leftArm": {
          "rotation": ["-math.sin(q.anim_time * 500) * 20", 0, 0],
          "position": [0, "math.cos(q.anim_time * 500) * 0.5", "-math.sin(q.anim_time * 500) * 1.5"]
        },
        "leftForeArm": {
          "rotation": [-20, 0, 0]
        },
        "rightForeLeg": {
          "rotation": [10, 0, 0]
        },
        "leftForeLeg": {
          "rotation": [10, 0, 0]
        }
      }
    },
    "animation.escanor.stop": {
      "loop": true,
      "bones": {
        "waist": {
          "rotation": ["2.5 + math.cos(q.anim_time * 75) * 1.25", 0, 0]
        },
        "rightArm": {
          "rotation": [-58.09714, -31.53609, 10.76224]
        },
        "rightForeArm": {
          "rotation": [-9.91615, -1.29876, -69.88733]
        },
        "leftArm": {
          "rotation": [-61.67488, 33.22325, -0.44984]
        },
        "leftForeArm": {
          "rotation": [0, 0, 77.5]
        }
      }
    },
    "animation.escanor.stop2": {
      "loop": true,
      "bones": {
        "waist": {
          "rotation": ["-math.sin(q.anim_time * 100) * 2.5", 0, 2.5]
        },
        "rightArm": {
          "rotation": [-55.10441, 34.25884, 24.11722]
        },
        "rightForeArm": {
          "rotation": [-82.5, 0, 0],
          "position": [0, 0, 2]
        },
        "sword": {
          "rotation": [-27.5, 0, 0]
        },
        "leftArm": {
          "rotation": [0, 0, -20]
        },
        "leftForeArm": {
          "rotation": [0, 0, 52.5]
        },
        "rightLeg": {
          "rotation": [0, 10, 0]
        },
        "leftLeg": {
          "rotation": [0.78795, -17.48281, -2.62116]
        }
      }
    }
  }
}