{
	"format_version": "1.12.0",
	"minecraft:geometry": [
		{
			"description": {
				"identifier": "geometry.don_krieg",
				"texture_width": 64,
				"texture_height": 64,
				"visible_bounds_width": 3,
				"visible_bounds_height": 3.5,
				"visible_bounds_offset": [0, 1.25, 0]
			},
			"bones": [
				{
					"name": "root2",
					"pivot": [0, 0, 0]
				},
				{
					"name": "root",
					"parent": "root2",
					"pivot": [0, 0, 0]
				},
				{
					"name": "tudo",
					"parent": "root",
					"pivot": [0, 12, 0]
				},
				{
					"name": "waist",
					"parent": "tudo",
					"pivot": [0, 12, 0]
				},
				{
					"name": "body",
					"parent": "waist",
					"pivot": [0, 24, 0],
					"cubes": [
						{"origin": [-4, 12, -2], "size": [8, 12, 4], "uv": [16, 16]}
					]
				},
				{
					"name": "head",
					"parent": "body",
					"pivot": [0, 24, 0],
					"cubes": [
						{"origin": [-4, 23.75, -4], "size": [8, 8, 8], "inflate": -0.25, "uv": [0, 0]},
						{"origin": [-4, 23.75, -4], "size": [8, 8, 8], "inflate": -0.2, "uv": [32, 0]}
					]
				},
				{
					"name": "rightCannon",
					"parent": "body",
					"pivot": [-5, 23, 2],
					"cubes": [
						{"origin": [-10.5, 22.5, -3.5], "size": [7, 2.5, 7], "inflate": -0.3, "pivot": [-7, 23.5, -0.5], "rotation": [0, 0, -10], "uv": [30, 55]}
					]
				},
				{
					"name": "rightCannon2",
					"parent": "rightCannon",
					"pivot": [-6.5, 23, -0.75],
					"cubes": [
						{"origin": [-7, 19, -1.25], "size": [1, 4, 1], "inflate": 0.25, "uv": [60, 39]}
					],
					"locators": {
						"rightcannon": [-6.5, 19, -0.75]
					}
				},
				{
					"name": "leftCannon",
					"parent": "body",
					"pivot": [5, 23, 2],
					"cubes": [
						{"origin": [3.5, 22.5, -3.5], "size": [7, 2.5, 7], "inflate": -0.3, "pivot": [7, 23.5, -0.5], "rotation": [0, 0, 10], "uv": [30, 55], "mirror": true}
					]
				},
				{
					"name": "leftCannon2",
					"parent": "leftCannon",
					"pivot": [6.5, 23, -0.75],
					"cubes": [
						{"origin": [6, 19, -1.25], "size": [1, 4, 1], "inflate": 0.25, "uv": [60, 39], "mirror": true}
					],
					"locators": {
						"leftcannon": [6.5, 19, -0.75]
					}
				},
				{
					"name": "rightArm",
					"parent": "body",
					"pivot": [-5, 22, 0],
					"cubes": [
						{"origin": [-8, 12, -2], "size": [4, 12, 4], "uv": [40, 16]},
						{"origin": [-8, 15, -2], "size": [4, 3, 4], "inflate": 0.125, "uv": [30, 47]}
					]
				},
				{
					"name": "weapon",
					"parent": "rightArm",
					"pivot": [-5.5, 13, -2],
					"cubes": [
						{"origin": [-6, 13, -2.25], "size": [1, 1, 3], "uv": [51, 39]},
						{"origin": [-6, 10, -3.25], "size": [1, 4, 1], "inflate": 0.25, "uv": [60, 39]}
					],
					"locators": {
						"rightgun": [-5.5, 10, -2.75]
					}
				},
				{
					"name": "leftArm",
					"parent": "body",
					"pivot": [5, 22, 0],
					"cubes": [
						{"origin": [4, 12, -2], "size": [4, 12, 4], "uv": [40, 16], "mirror": true},
						{"origin": [4, 15, -2], "size": [4, 3, 4], "inflate": 0.125, "uv": [30, 47], "mirror": true}
					]
				},
				{
					"name": "weapon2",
					"parent": "leftArm",
					"pivot": [5.5, 13, -2],
					"cubes": [
						{"origin": [5, 13, -2.25], "size": [1, 1, 3], "uv": [51, 39], "mirror": true},
						{"origin": [5, 10, -3.25], "size": [1, 4, 1], "inflate": 0.25, "uv": [60, 39], "mirror": true}
					],
					"locators": {
						"leftgun": [5.5, 10, -2.75]
					}
				},
				{
					"name": "capa",
					"parent": "body",
					"pivot": [0, 24, 0]
				},
				{
					"name": "capamove",
					"parent": "capa",
					"pivot": [0, 24, -1],
					"cubes": [
						{"origin": [-9.1875, 1, 1.5], "size": [9.25, 23, 1], "pivot": [-9.25, 12.5, 2], "rotation": [0, -2.5, 0], "uv": [0, 40], "mirror": true},
						{"origin": [-0.0625, 1, 1.5], "size": [9.25, 23, 1], "pivot": [9.25, 12.5, 2], "rotation": [0, 2.5, 0], "uv": [0, 40]},
						{"origin": [-9.25, 1, -2.5], "size": [1, 23, 4], "pivot": [-9.25, 23, 2.5], "rotation": [0, 0, 2.5], "uv": [20, 37]},
						{"origin": [7.75, 1, -2.5], "size": [1, 23, 4], "pivot": [8.75, 23, 2.5], "rotation": [0, 0, -2.5], "uv": [20, 37], "mirror": true}
					]
				},
				{
					"name": "rightLeg",
					"parent": "tudo",
					"pivot": [-2, 12, 0],
					"cubes": [
						{"origin": [-4, 0, -2], "size": [4, 12, 4], "uv": [0, 16]}
					]
				},
				{
					"name": "leftLeg",
					"parent": "tudo",
					"pivot": [2, 12, 0],
					"cubes": [
						{"origin": [0, 0, -2], "size": [4, 12, 4], "uv": [0, 16], "mirror": true}
					]
				}
			]
		}
	]
}