{
	"format_version": "1.12.0",
	"minecraft:geometry": [
		{
			"description": {
				"identifier": "geometry.kaidou",
				"texture_width": 128,
				"texture_height": 128,
				"visible_bounds_width": 10,
				"visible_bounds_height": 5.5,
				"visible_bounds_offset": [0, 2.25, 0]
			},
			"bones": [
				{
					"name": "root2",
					"pivot": [0, 0, 0]
				},
				{
					"name": "root",
					"parent": "root2",
					"pivot": [0, 0, 0]
				},
				{
					"name": "tudo",
					"parent": "root",
					"pivot": [0, 15, 1]
				},
				{
					"name": "waist",
					"parent": "tudo",
					"pivot": [0, 22.5, 1]
				},
				{
					"name": "body",
					"parent": "waist",
					"pivot": [-0.625, 33.75, 0],
					"cubes": [
						{
							"origin": [-9, 27, -4],
							"size": [18, 8, 8],
							"uv": {
								"north": {"uv": [30, 37], "uv_size": [12, 7]},
								"east": {"uv": [24, 37], "uv_size": [6, 7]},
								"south": {"uv": [48, 37], "uv_size": [12, 7]},
								"west": {"uv": [42, 37], "uv_size": [6, 7]},
								"up": {"uv": [30, 31], "uv_size": [12, 6]},
								"down": {"uv": [42, 37], "uv_size": [12, -6]}
							}
						},
						{
							"origin": [-10, 23, -5],
							"size": [20, 4, 10],
							"uv": {
								"north": {"uv": [37, 54], "uv_size": [14, 2]},
								"east": {"uv": [30, 54], "uv_size": [7, 2]},
								"south": {"uv": [58, 54], "uv_size": [14, 2]},
								"west": {"uv": [51, 54], "uv_size": [7, 2]},
								"up": {"uv": [37, 47], "uv_size": [14, 7]},
								"down": {"uv": [51, 54], "uv_size": [14, -7]}
							}
						},
						{
							"origin": [-10, 20, -5],
							"size": [20, 7, 10],
							"inflate": 0.2,
							"uv": {
								"north": {"uv": [37, 64], "uv_size": [14, 3]},
								"east": {"uv": [30, 64], "uv_size": [7, 3]},
								"south": {"uv": [58, 64], "uv_size": [14, 3]},
								"west": {"uv": [51, 64], "uv_size": [7, 3]},
								"up": {"uv": [37, 57], "uv_size": [14, 7]},
								"down": {"uv": [51, 64], "uv_size": [14, -7]}
							}
						},
						{
							"origin": [2.1875, 18.5625, -5.0625],
							"size": [7.8125, 7.8125, 0],
							"pivot": [3.125, 26.53125, -4.75],
							"rotation": [-10, 0, 25],
							"uv": {
								"north": {"uv": [24, 57], "uv_size": [6, 6]},
								"east": {"uv": [24, 57], "uv_size": [0, 6]},
								"south": {"uv": [30, 57], "uv_size": [6, 6]},
								"west": {"uv": [30, 57], "uv_size": [0, 6]},
								"up": {"uv": [24, 57], "uv_size": [6, 0]},
								"down": {"uv": [30, 57], "uv_size": [6, 0]}
							}
						},
						{
							"origin": [-10, 18.5625, -5.0625],
							"size": [7.8125, 7.8125, 0],
							"pivot": [-3.125, 26.53125, -4.75],
							"rotation": [-10, 0, -25],
							"uv": {
								"north": {"uv": [30, 57], "uv_size": [-6, 6]},
								"east": {"uv": [30, 57], "uv_size": [0, 6]},
								"south": {"uv": [36, 57], "uv_size": [-6, 6]},
								"west": {"uv": [24, 57], "uv_size": [0, 6]},
								"up": {"uv": [30, 57], "uv_size": [-6, 0]},
								"down": {"uv": [36, 57], "uv_size": [-6, 0]}
							}
						},
						{
							"origin": [-11, 31, -3],
							"size": [2, 5, 6],
							"pivot": [-10, 35, 0],
							"rotation": [0, 0, -10],
							"uv": {
								"north": {"uv": [65, 37], "uv_size": [1, 3]},
								"east": {"uv": [61, 37], "uv_size": [4, 3]},
								"south": {"uv": [70, 37], "uv_size": [1, 3]},
								"west": {"uv": [66, 37], "uv_size": [4, 3]},
								"up": {"uv": [65, 33], "uv_size": [1, 4]},
								"down": {"uv": [66, 37], "uv_size": [1, -4]}
							}
						},
						{
							"origin": [9, 31, -3],
							"size": [2, 5, 6],
							"pivot": [10, 35, 0],
							"rotation": [0, 0, 10],
							"uv": {
								"north": {"uv": [66, 37], "uv_size": [-1, 3]},
								"east": {"uv": [70, 37], "uv_size": [-4, 3]},
								"south": {"uv": [71, 37], "uv_size": [-1, 3]},
								"west": {"uv": [65, 37], "uv_size": [-4, 3]},
								"up": {"uv": [66, 33], "uv_size": [-1, 4]},
								"down": {"uv": [67, 37], "uv_size": [-1, -4]}
							}
						},
						{
							"origin": [-12.5, 35, -6],
							"size": [25, 14, 12],
							"uv": {
								"north": {"uv": [32, 22], "uv_size": [17, 9]},
								"east": {"uv": [24, 22], "uv_size": [8, 9]},
								"south": {"uv": [57, 22], "uv_size": [17, 9]},
								"west": {"uv": [49, 22], "uv_size": [8, 9]},
								"up": {"uv": [32, 14], "uv_size": [17, 8]},
								"down": {"uv": [49, 22], "uv_size": [17, -8]}
							}
						},
						{
							"origin": [-8, 49, -4],
							"size": [16, 1, 8],
							"uv": {
								"north": {"uv": [31, 10], "uv_size": [8, 2]},
								"east": {"uv": [25, 10], "uv_size": [6, 2]},
								"south": {"uv": [45, 10], "uv_size": [8, 2]},
								"west": {"uv": [39, 10], "uv_size": [6, 2]},
								"up": {"uv": [31, 4], "uv_size": [8, 6]},
								"down": {"uv": [39, 10], "uv_size": [8, -6]}
							}
						}
					]
				},
				{
					"name": "head",
					"parent": "body",
					"pivot": [0, 52.5, 0.5],
					"cubes": [
						{
							"origin": [-3.5, 50, -3.5],
							"size": [7, 9, 7],
							"uv": {
								"north": {"uv": [6, 6], "uv_size": [6, 7]},
								"east": {"uv": [0, 6], "uv_size": [6, 7]},
								"south": {"uv": [18, 6], "uv_size": [6, 7]},
								"west": {"uv": [12, 6], "uv_size": [6, 7]},
								"up": {"uv": [6, 0], "uv_size": [6, 6]},
								"down": {"uv": [12, 6], "uv_size": [6, -6]}
							}
						},
						{
							"origin": [-4, 46.5, -3.5],
							"size": [3.5, 6.5, 0],
							"pivot": [-0.5, 53.5, -3.5],
							"rotation": [-27.5, 7.5, 5],
							"uv": {
								"north": {"uv": [0, 60], "uv_size": [3, 22]},
								"east": {"uv": [0, 60], "uv_size": [0, 22]},
								"south": {"uv": [3, 60], "uv_size": [3, 22]},
								"west": {"uv": [3, 60], "uv_size": [0, 22]},
								"up": {"uv": [0, 60], "uv_size": [3, 0]},
								"down": {"uv": [3, 60], "uv_size": [3, 0]}
							}
						},
						{
							"origin": [0.5, 46.5, -3.5],
							"size": [3.5, 6.5, 0],
							"pivot": [0.5, 53.5, -3.5],
							"rotation": [-27.5, -7.5, -5],
							"uv": {
								"north": {"uv": [3, 60], "uv_size": [-3, 22]},
								"east": {"uv": [3, 60], "uv_size": [0, 22]},
								"south": {"uv": [6, 60], "uv_size": [-3, 22]},
								"west": {"uv": [0, 60], "uv_size": [0, 22]},
								"up": {"uv": [3, 60], "uv_size": [-3, 0]},
								"down": {"uv": [6, 60], "uv_size": [-3, 0]}
							}
						},
						{
							"origin": [-5, 30.5, -6.5],
							"size": [3.5, 17, 0],
							"pivot": [-3, 47.5, -6.5],
							"rotation": [-7.5, 7.5, 5],
							"uv": {
								"north": {"uv": [0, 60], "uv_size": [3, 22]},
								"east": {"uv": [0, 60], "uv_size": [0, 22]},
								"south": {"uv": [3, 60], "uv_size": [3, 22]},
								"west": {"uv": [3, 60], "uv_size": [0, 22]},
								"up": {"uv": [0, 60], "uv_size": [3, 0]},
								"down": {"uv": [3, 60], "uv_size": [3, 0]}
							}
						},
						{
							"origin": [1.5, 30.5, -6.5],
							"size": [3.5, 17, 0],
							"pivot": [3, 47.5, -6.5],
							"rotation": [-7.5, -7.5, -5],
							"uv": {
								"north": {"uv": [3, 60], "uv_size": [-3, 22]},
								"east": {"uv": [3, 60], "uv_size": [0, 22]},
								"south": {"uv": [6, 60], "uv_size": [-3, 22]},
								"west": {"uv": [0, 60], "uv_size": [0, 22]},
								"up": {"uv": [3, 60], "uv_size": [-3, 0]},
								"down": {"uv": [6, 60], "uv_size": [-3, 0]}
							}
						},
						{
							"origin": [-3, 45.5, -3.5],
							"size": [6, 7, 0],
							"pivot": [0, 52.5, -3.5],
							"rotation": [-5, 0, 0],
							"uv": {
								"north": {"uv": [6, 60], "uv_size": [6, 7]},
								"east": {"uv": [6, 60], "uv_size": [0, 7]},
								"south": {"uv": [12, 60], "uv_size": [6, 7]},
								"west": {"uv": [12, 60], "uv_size": [0, 7]},
								"up": {"uv": [6, 60], "uv_size": [6, 0]},
								"down": {"uv": [12, 60], "uv_size": [6, 0]}
							}
						}
					],
					"locators": {
						"boro_breath2": [0, 52.5, -4.5]
					}
				},
				{
					"name": "rightHorn",
					"parent": "head",
					"pivot": [-2, 58.9375, 0],
					"rotation": [-7.5, 0, -7.5],
					"cubes": [
						{
							"origin": [-2.5, 61, -0.75],
							"size": [1.25, 3.5, 1.25],
							"uv": {
								"north": {"uv": [23, 1], "uv_size": [1, 3]},
								"east": {"uv": [22, 1], "uv_size": [1, 3]},
								"south": {"uv": [25, 1], "uv_size": [1, 3]},
								"west": {"uv": [24, 1], "uv_size": [1, 3]},
								"up": {"uv": [23, 0], "uv_size": [1, 1]},
								"down": {"uv": [24, 1], "uv_size": [1, -1]}
							}
						},
						{
							"origin": [-3, 59, -1],
							"size": [2, 2, 2],
							"uv": {
								"north": {"uv": [2, 126], "uv_size": [2, 2]},
								"east": {"uv": [0, 126], "uv_size": [2, 2]},
								"south": {"uv": [6, 126], "uv_size": [2, 2]},
								"west": {"uv": [4, 126], "uv_size": [2, 2]},
								"up": {"uv": [2, 124], "uv_size": [2, 2]},
								"down": {"uv": [4, 126], "uv_size": [2, -2]}
							}
						},
						{
							"origin": [-2.5, 64.5, -0.75],
							"size": [1.25, 4.5, 1.25],
							"pivot": [-1.875, 64.5, -0.125],
							"rotation": [0, 0, 7.5],
							"uv": {
								"north": {"uv": [3, 1], "uv_size": [1, 4]},
								"east": {"uv": [2, 1], "uv_size": [1, 4]},
								"south": {"uv": [5, 1], "uv_size": [1, 4]},
								"west": {"uv": [4, 1], "uv_size": [1, 4]},
								"up": {"uv": [3, 0], "uv_size": [1, 1]},
								"down": {"uv": [4, 1], "uv_size": [1, -1]}
							}
						},
						{
							"origin": [-5.75, 63.1, -0.625],
							"size": [1, 4.5, 1],
							"pivot": [-5.875, 63.5, -0.125],
							"rotation": [0, 0, 7.5],
							"uv": {
								"north": {"uv": [3, 1], "uv_size": [1, 4]},
								"east": {"uv": [2, 1], "uv_size": [1, 4]},
								"south": {"uv": [5, 1], "uv_size": [1, 4]},
								"west": {"uv": [4, 1], "uv_size": [1, 4]},
								"up": {"uv": [3, 0], "uv_size": [1, 1]},
								"down": {"uv": [4, 1], "uv_size": [1, -1]}
							}
						},
						{
							"origin": [-5.25, 61.75, -0.75],
							"size": [1.25, 3.5, 1.25],
							"inflate": -0.01,
							"pivot": [-4.20341, 63.51811, -0.0923],
							"rotation": [0, 0, -90],
							"uv": {
								"north": {"uv": [23, 1], "uv_size": [1, 3]},
								"east": {"uv": [22, 1], "uv_size": [1, 3]},
								"south": {"uv": [25, 1], "uv_size": [1, 3]},
								"west": {"uv": [24, 1], "uv_size": [1, 3]},
								"up": {"uv": [23, 0], "uv_size": [1, 1]},
								"down": {"uv": [24, 1], "uv_size": [1, -1]}
							}
						}
					]
				},
				{
					"name": "rightHorn2",
					"parent": "head",
					"pivot": [-1.75, 57.5, -0.25],
					"rotation": [-2.5, 2.5, -10],
					"cubes": [
						{
							"origin": [-10.5, 56.5, -1.25],
							"size": [5.25, 2, 2],
							"inflate": 0.15,
							"uv": {
								"north": {"uv": [46, 2], "uv_size": [5, 2]},
								"east": {"uv": [44, 2], "uv_size": [2, 2]},
								"south": {"uv": [53, 2], "uv_size": [5, 2]},
								"west": {"uv": [51, 2], "uv_size": [2, 2]},
								"up": {"uv": [46, 0], "uv_size": [5, 2]},
								"down": {"uv": [51, 2], "uv_size": [5, -2]}
							}
						},
						{
							"origin": [-12.75, 60.875, -1.25],
							"size": [1.75, 4, 1.75],
							"pivot": [-11.875, 62.875, -0.375],
							"rotation": [0, 0, 27.5],
							"uv": {
								"north": {"uv": [3, 1], "uv_size": [1, 4]},
								"east": {"uv": [2, 1], "uv_size": [1, 4]},
								"south": {"uv": [5, 1], "uv_size": [1, 4]},
								"west": {"uv": [4, 1], "uv_size": [1, 4]},
								"up": {"uv": [3, 0], "uv_size": [1, 1]},
								"down": {"uv": [4, 1], "uv_size": [1, -1]}
							}
						},
						{
							"origin": [-13.58166, 59.4344, -1.2369],
							"size": [5.25, 2, 2],
							"inflate": 0.1,
							"pivot": [-12, 60.25, -0.375],
							"rotation": [0, 0, 57.5],
							"uv": {
								"north": {"uv": [46, 2], "uv_size": [5, 2]},
								"east": {"uv": [44, 2], "uv_size": [2, 2]},
								"south": {"uv": [53, 2], "uv_size": [5, 2]},
								"west": {"uv": [51, 2], "uv_size": [2, 2]},
								"up": {"uv": [46, 0], "uv_size": [5, 2]},
								"down": {"uv": [51, 2], "uv_size": [5, -2]}
							}
						},
						{
							"origin": [-5.25, 56.25, -1.5],
							"size": [2.5, 2.5, 2.5],
							"inflate": 0.1,
							"uv": {
								"north": {"uv": [2, 126], "uv_size": [2, 2]},
								"east": {"uv": [0, 126], "uv_size": [2, 2]},
								"south": {"uv": [6, 126], "uv_size": [2, 2]},
								"west": {"uv": [4, 126], "uv_size": [2, 2]},
								"up": {"uv": [2, 124], "uv_size": [2, 2]},
								"down": {"uv": [4, 126], "uv_size": [2, -2]}
							}
						},
						{
							"origin": [-11.5, 64.25, -1.125],
							"size": [0.75, 3, 1.5],
							"uv": {
								"north": {"uv": [1, 0], "uv_size": [0, 3]},
								"east": {"uv": [0, 0], "uv_size": [1, 3]},
								"south": {"uv": [2, 0], "uv_size": [0, 3]},
								"west": {"uv": [1, 0], "uv_size": [1, 3]},
								"up": {"uv": [1, -1], "uv_size": [0, 1]},
								"down": {"uv": [1, 0], "uv_size": [0, -1]}
							}
						}
					]
				},
				{
					"name": "leftHorn",
					"parent": "head",
					"pivot": [2, 58.9375, 0],
					"rotation": [-7.5, 0, 7.5],
					"cubes": [
						{
							"origin": [1.25, 61, -0.75],
							"size": [1.25, 3.5, 1.25],
							"uv": {
								"north": {"uv": [24, 1], "uv_size": [-1, 3]},
								"east": {"uv": [25, 1], "uv_size": [-1, 3]},
								"south": {"uv": [26, 1], "uv_size": [-1, 3]},
								"west": {"uv": [23, 1], "uv_size": [-1, 3]},
								"up": {"uv": [24, 0], "uv_size": [-1, 1]},
								"down": {"uv": [25, 1], "uv_size": [-1, -1]}
							}
						},
						{
							"origin": [1, 59, -1],
							"size": [2, 2, 2],
							"uv": {
								"north": {"uv": [4, 126], "uv_size": [-2, 2]},
								"east": {"uv": [6, 126], "uv_size": [-2, 2]},
								"south": {"uv": [8, 126], "uv_size": [-2, 2]},
								"west": {"uv": [2, 126], "uv_size": [-2, 2]},
								"up": {"uv": [4, 124], "uv_size": [-2, 2]},
								"down": {"uv": [6, 126], "uv_size": [-2, -2]}
							}
						},
						{
							"origin": [1.25, 64.5, -0.75],
							"size": [1.25, 4.5, 1.25],
							"pivot": [1.875, 64.5, -0.125],
							"rotation": [0, 0, -7.5],
							"uv": {
								"north": {"uv": [4, 1], "uv_size": [-1, 4]},
								"east": {"uv": [5, 1], "uv_size": [-1, 4]},
								"south": {"uv": [6, 1], "uv_size": [-1, 4]},
								"west": {"uv": [3, 1], "uv_size": [-1, 4]},
								"up": {"uv": [4, 0], "uv_size": [-1, 1]},
								"down": {"uv": [5, 1], "uv_size": [-1, -1]}
							}
						},
						{
							"origin": [4.75, 63.1, -0.625],
							"size": [1, 4.5, 1],
							"pivot": [5.875, 63.5, -0.125],
							"rotation": [0, 0, -7.5],
							"uv": {
								"north": {"uv": [4, 1], "uv_size": [-1, 4]},
								"east": {"uv": [5, 1], "uv_size": [-1, 4]},
								"south": {"uv": [6, 1], "uv_size": [-1, 4]},
								"west": {"uv": [3, 1], "uv_size": [-1, 4]},
								"up": {"uv": [4, 0], "uv_size": [-1, 1]},
								"down": {"uv": [5, 1], "uv_size": [-1, -1]}
							}
						},
						{
							"origin": [4, 61.75, -0.75],
							"size": [1.25, 3.5, 1.25],
							"inflate": -0.01,
							"pivot": [4.20341, 63.51811, -0.0923],
							"rotation": [0, 0, 90],
							"uv": {
								"north": {"uv": [24, 1], "uv_size": [-1, 3]},
								"east": {"uv": [25, 1], "uv_size": [-1, 3]},
								"south": {"uv": [26, 1], "uv_size": [-1, 3]},
								"west": {"uv": [23, 1], "uv_size": [-1, 3]},
								"up": {"uv": [24, 0], "uv_size": [-1, 1]},
								"down": {"uv": [25, 1], "uv_size": [-1, -1]}
							}
						}
					]
				},
				{
					"name": "leftHorn2",
					"parent": "head",
					"pivot": [1.75, 57.5, -0.25],
					"rotation": [-2.5, -2.5, 10],
					"cubes": [
						{
							"origin": [5.25, 56.5, -1.25],
							"size": [5.25, 2, 2],
							"inflate": 0.15,
							"uv": {
								"north": {"uv": [51, 2], "uv_size": [-5, 2]},
								"east": {"uv": [53, 2], "uv_size": [-2, 2]},
								"south": {"uv": [58, 2], "uv_size": [-5, 2]},
								"west": {"uv": [46, 2], "uv_size": [-2, 2]},
								"up": {"uv": [51, 0], "uv_size": [-5, 2]},
								"down": {"uv": [56, 2], "uv_size": [-5, -2]}
							}
						},
						{
							"origin": [11, 60.875, -1.25],
							"size": [1.75, 4, 1.75],
							"pivot": [11.875, 62.875, -0.375],
							"rotation": [0, 0, -27.5],
							"uv": {
								"north": {"uv": [4, 1], "uv_size": [-1, 4]},
								"east": {"uv": [5, 1], "uv_size": [-1, 4]},
								"south": {"uv": [6, 1], "uv_size": [-1, 4]},
								"west": {"uv": [3, 1], "uv_size": [-1, 4]},
								"up": {"uv": [4, 0], "uv_size": [-1, 1]},
								"down": {"uv": [5, 1], "uv_size": [-1, -1]}
							}
						},
						{
							"origin": [8.33166, 59.4344, -1.2369],
							"size": [5.25, 2, 2],
							"inflate": 0.1,
							"pivot": [12, 60.25, -0.375],
							"rotation": [0, 0, -57.5],
							"uv": {
								"north": {"uv": [51, 2], "uv_size": [-5, 2]},
								"east": {"uv": [53, 2], "uv_size": [-2, 2]},
								"south": {"uv": [58, 2], "uv_size": [-5, 2]},
								"west": {"uv": [46, 2], "uv_size": [-2, 2]},
								"up": {"uv": [51, 0], "uv_size": [-5, 2]},
								"down": {"uv": [56, 2], "uv_size": [-5, -2]}
							}
						},
						{
							"origin": [2.75, 56.25, -1.5],
							"size": [2.5, 2.5, 2.5],
							"inflate": 0.1,
							"uv": {
								"north": {"uv": [4, 126], "uv_size": [-2, 2]},
								"east": {"uv": [6, 126], "uv_size": [-2, 2]},
								"south": {"uv": [8, 126], "uv_size": [-2, 2]},
								"west": {"uv": [2, 126], "uv_size": [-2, 2]},
								"up": {"uv": [4, 124], "uv_size": [-2, 2]},
								"down": {"uv": [6, 126], "uv_size": [-2, -2]}
							}
						},
						{
							"origin": [10.75, 64.25, -1.125],
							"size": [0.75, 3, 1.5],
							"uv": {
								"north": {"uv": [1, 0], "uv_size": [0, 3]},
								"east": {"uv": [2, 0], "uv_size": [-1, 3]},
								"south": {"uv": [2, 0], "uv_size": [0, 3]},
								"west": {"uv": [1, 0], "uv_size": [-1, 3]},
								"up": {"uv": [1, -1], "uv_size": [0, 1]},
								"down": {"uv": [1, 0], "uv_size": [0, -1]}
							}
						}
					]
				},
				{
					"name": "rightArm",
					"parent": "body",
					"pivot": [-13.625, 39.875, -0.5],
					"cubes": [
						{
							"origin": [-22.5, 38.5, -4.5],
							"size": [10, 11, 9],
							"uv": {
								"north": {"uv": [81, 26], "uv_size": [7, 6]},
								"east": {"uv": [74, 26], "uv_size": [7, 6]},
								"south": {"uv": [95, 26], "uv_size": [7, 6]},
								"west": {"uv": [88, 26], "uv_size": [7, 6]},
								"up": {"uv": [81, 19], "uv_size": [7, 7]},
								"down": {"uv": [88, 26], "uv_size": [7, -7]}
							}
						},
						{
							"origin": [-21.5, 32.5, -3.5],
							"size": [8, 7, 7],
							"uv": {
								"north": {"uv": [79, 10], "uv_size": [5, 9]},
								"east": {"uv": [74, 10], "uv_size": [5, 9]},
								"south": {"uv": [89, 10], "uv_size": [5, 9]},
								"west": {"uv": [84, 10], "uv_size": [5, 9]},
								"up": {"uv": [79, 5], "uv_size": [5, 5]},
								"down": {"uv": [84, 10], "uv_size": [5, -5]}
							}
						}
					]
				},
				{
					"name": "rightForeArm",
					"parent": "rightArm",
					"pivot": [-16.125, 33.625, -0.5],
					"cubes": [
						{
							"origin": [-22, 23.875, -4.5],
							"size": [9, 9, 9],
							"uv": {
								"north": {"uv": [80, 38], "uv_size": [6, 7]},
								"east": {"uv": [74, 38], "uv_size": [6, 7]},
								"south": {"uv": [92, 38], "uv_size": [6, 7]},
								"west": {"uv": [86, 38], "uv_size": [6, 7]},
								"up": {"uv": [80, 32], "uv_size": [6, 6]},
								"down": {"uv": [86, 38], "uv_size": [6, -6]}
							}
						},
						{
							"origin": [-20, 16.875, -4],
							"size": [8, 7, 8],
							"uv": {
								"north": {"uv": [80, 38], "uv_size": [6, 7]},
								"east": {"uv": [74, 38], "uv_size": [6, 7]},
								"south": {"uv": [92, 38], "uv_size": [6, 7]},
								"west": {"uv": [86, 38], "uv_size": [6, 7]},
								"up": {"uv": [80, 32], "uv_size": [6, 6]},
								"down": {"uv": [86, 38], "uv_size": [6, -6]}
							}
						},
						{
							"origin": [-22.3125, 26.6875, -4.9375],
							"size": [9.5, 2, 10],
							"uv": {
								"north": {"uv": [79, 62], "uv_size": [5, 1]},
								"east": {"uv": [74, 62], "uv_size": [5, 1]},
								"south": {"uv": [89, 62], "uv_size": [5, 1]},
								"west": {"uv": [84, 62], "uv_size": [5, 1]},
								"up": {"uv": [79, 57], "uv_size": [5, 5]},
								"down": {"uv": [84, 62], "uv_size": [5, -5]}
							}
						},
						{
							"origin": [-21.5, 27.5, -7],
							"size": [1, 1, 2.5],
							"uv": {
								"north": {"uv": [80, 66], "uv_size": [1, 1]},
								"east": {"uv": [78, 66], "uv_size": [2, 1]},
								"south": {"uv": [83, 66], "uv_size": [1, 1]},
								"west": {"uv": [81, 66], "uv_size": [2, 1]},
								"up": {"uv": [80, 64], "uv_size": [1, 2]},
								"down": {"uv": [81, 66], "uv_size": [1, -2]}
							}
						},
						{
							"origin": [-21.5, 27.5, 5],
							"size": [1, 1, 2.5],
							"uv": {
								"north": {"uv": [84, 66], "uv_size": [-1, 1]},
								"east": {"uv": [80, 66], "uv_size": [-2, 1]},
								"south": {"uv": [81, 66], "uv_size": [-1, 1]},
								"west": {"uv": [83, 66], "uv_size": [-2, 1]},
								"up": {"uv": [80, 66], "uv_size": [1, -2]},
								"down": {"uv": [81, 64], "uv_size": [1, 2]}
							}
						},
						{
							"origin": [-18, 27.5, 5],
							"size": [1, 1, 2.5],
							"uv": {
								"north": {"uv": [84, 66], "uv_size": [-1, 1]},
								"east": {"uv": [80, 66], "uv_size": [-2, 1]},
								"south": {"uv": [81, 66], "uv_size": [-1, 1]},
								"west": {"uv": [83, 66], "uv_size": [-2, 1]},
								"up": {"uv": [80, 66], "uv_size": [1, -2]},
								"down": {"uv": [81, 64], "uv_size": [1, 2]}
							}
						},
						{
							"origin": [-14.5, 27.5, 5],
							"size": [1, 1, 2.5],
							"uv": {
								"north": {"uv": [84, 66], "uv_size": [-1, 1]},
								"east": {"uv": [80, 66], "uv_size": [-2, 1]},
								"south": {"uv": [81, 66], "uv_size": [-1, 1]},
								"west": {"uv": [83, 66], "uv_size": [-2, 1]},
								"up": {"uv": [80, 66], "uv_size": [1, -2]},
								"down": {"uv": [81, 64], "uv_size": [1, 2]}
							}
						},
						{
							"origin": [-14.5, 27.5, -7],
							"size": [1, 1, 2.5],
							"uv": {
								"north": {"uv": [80, 66], "uv_size": [1, 1]},
								"east": {"uv": [78, 66], "uv_size": [2, 1]},
								"south": {"uv": [83, 66], "uv_size": [1, 1]},
								"west": {"uv": [81, 66], "uv_size": [2, 1]},
								"up": {"uv": [80, 64], "uv_size": [1, 2]},
								"down": {"uv": [81, 66], "uv_size": [1, -2]}
							}
						},
						{
							"origin": [-18, 27.5, -7],
							"size": [1, 1, 2.5],
							"uv": {
								"north": {"uv": [80, 66], "uv_size": [1, 1]},
								"east": {"uv": [78, 66], "uv_size": [2, 1]},
								"south": {"uv": [83, 66], "uv_size": [1, 1]},
								"west": {"uv": [81, 66], "uv_size": [2, 1]},
								"up": {"uv": [80, 64], "uv_size": [1, 2]},
								"down": {"uv": [81, 66], "uv_size": [1, -2]}
							}
						},
						{
							"origin": [-23.75, 27, -4.75],
							"size": [1, 1, 2.5],
							"pivot": [-23.25, 27.5, -3.5],
							"rotation": [0, 90, 0],
							"uv": {
								"north": {"uv": [80, 66], "uv_size": [1, 1]},
								"east": {"uv": [78, 66], "uv_size": [2, 1]},
								"south": {"uv": [83, 66], "uv_size": [1, 1]},
								"west": {"uv": [81, 66], "uv_size": [2, 1]},
								"up": {"uv": [80, 64], "uv_size": [1, 2]},
								"down": {"uv": [81, 66], "uv_size": [1, -2]}
							}
						},
						{
							"origin": [-23.75, 27, 2.25],
							"size": [1, 1, 2.5],
							"pivot": [-23.25, 27.5, 3.5],
							"rotation": [0, 90, 0],
							"uv": {
								"north": {"uv": [80, 66], "uv_size": [1, 1]},
								"east": {"uv": [78, 66], "uv_size": [2, 1]},
								"south": {"uv": [83, 66], "uv_size": [1, 1]},
								"west": {"uv": [81, 66], "uv_size": [2, 1]},
								"up": {"uv": [80, 64], "uv_size": [1, 2]},
								"down": {"uv": [81, 66], "uv_size": [1, -2]}
							}
						},
						{
							"origin": [-12.25, 27, 2.25],
							"size": [1, 1, 2.5],
							"pivot": [-11.75, 27.5, 3.5],
							"rotation": [0, -90, 0],
							"uv": {
								"north": {"uv": [81, 66], "uv_size": [-1, 1]},
								"east": {"uv": [83, 66], "uv_size": [-2, 1]},
								"south": {"uv": [84, 66], "uv_size": [-1, 1]},
								"west": {"uv": [80, 66], "uv_size": [-2, 1]},
								"up": {"uv": [81, 64], "uv_size": [-1, 2]},
								"down": {"uv": [82, 66], "uv_size": [-1, -2]}
							}
						},
						{
							"origin": [-12.25, 27, -1.25],
							"size": [1, 1, 2.5],
							"pivot": [-11.75, 27.5, 0],
							"rotation": [0, -90, 0],
							"uv": {
								"north": {"uv": [81, 66], "uv_size": [-1, 1]},
								"east": {"uv": [83, 66], "uv_size": [-2, 1]},
								"south": {"uv": [84, 66], "uv_size": [-1, 1]},
								"west": {"uv": [80, 66], "uv_size": [-2, 1]},
								"up": {"uv": [81, 64], "uv_size": [-1, 2]},
								"down": {"uv": [82, 66], "uv_size": [-1, -2]}
							}
						},
						{
							"origin": [-12.25, 27, -5.25],
							"size": [1, 1, 2.5],
							"pivot": [-11.75, 27.5, -4],
							"rotation": [0, -90, 0],
							"uv": {
								"north": {"uv": [81, 66], "uv_size": [-1, 1]},
								"east": {"uv": [83, 66], "uv_size": [-2, 1]},
								"south": {"uv": [84, 66], "uv_size": [-1, 1]},
								"west": {"uv": [80, 66], "uv_size": [-2, 1]},
								"up": {"uv": [81, 64], "uv_size": [-1, 2]},
								"down": {"uv": [82, 66], "uv_size": [-1, -2]}
							}
						},
						{
							"origin": [-23.75, 27, -1.25],
							"size": [1, 1, 2.5],
							"pivot": [-23.25, 27.5, 0],
							"rotation": [0, 90, 0],
							"uv": {
								"north": {"uv": [80, 66], "uv_size": [1, 1]},
								"east": {"uv": [78, 66], "uv_size": [2, 1]},
								"south": {"uv": [83, 66], "uv_size": [1, 1]},
								"west": {"uv": [81, 66], "uv_size": [2, 1]},
								"up": {"uv": [80, 64], "uv_size": [1, 2]},
								"down": {"uv": [81, 66], "uv_size": [1, -2]}
							}
						}
					]
				},
				{
					"name": "rightHandDragon",
					"parent": "rightForeArm",
					"pivot": [-16.75, 18, -0.5]
				},
				{
					"name": "rightFingerDragon",
					"parent": "rightHandDragon",
					"pivot": [-19.25, 17.375, -0.5],
					"rotation": [0, 0, -90]
				},
				{
					"name": "rightFingerDragon2",
					"parent": "rightHandDragon",
					"pivot": [-15.5, 17.375, -3.625],
					"rotation": [85, 5, 0]
				},
				{
					"name": "leftArm",
					"parent": "body",
					"pivot": [13.625, 39.875, -0.5],
					"cubes": [
						{
							"origin": [12.5, 38.5, -4.5],
							"size": [10, 11, 9],
							"uv": {
								"north": {"uv": [88, 26], "uv_size": [-7, 6]},
								"east": {"uv": [95, 26], "uv_size": [-7, 6]},
								"south": {"uv": [102, 26], "uv_size": [-7, 6]},
								"west": {"uv": [81, 26], "uv_size": [-7, 6]},
								"up": {"uv": [88, 19], "uv_size": [-7, 7]},
								"down": {"uv": [95, 26], "uv_size": [-7, -7]}
							}
						},
						{
							"origin": [13.5, 32.5, -3.5],
							"size": [8, 7, 7],
							"uv": {
								"north": {"uv": [84, 10], "uv_size": [-5, 9]},
								"east": {"uv": [89, 10], "uv_size": [-5, 9]},
								"south": {"uv": [94, 10], "uv_size": [-5, 9]},
								"west": {"uv": [79, 10], "uv_size": [-5, 9]},
								"up": {"uv": [84, 5], "uv_size": [-5, 5]},
								"down": {"uv": [89, 10], "uv_size": [-5, -5]}
							}
						}
					]
				},
				{
					"name": "leftForeArm",
					"parent": "leftArm",
					"pivot": [16.125, 33.625, -0.5],
					"cubes": [
						{
							"origin": [13, 23.875, -4.5],
							"size": [9, 9, 9],
							"uv": {
								"north": {"uv": [86, 38], "uv_size": [-6, 7]},
								"east": {"uv": [92, 38], "uv_size": [-6, 7]},
								"south": {"uv": [98, 38], "uv_size": [-6, 7]},
								"west": {"uv": [80, 38], "uv_size": [-6, 7]},
								"up": {"uv": [86, 32], "uv_size": [-6, 6]},
								"down": {"uv": [92, 38], "uv_size": [-6, -6]}
							}
						},
						{
							"origin": [12, 16.875, -4],
							"size": [8, 7, 8],
							"uv": {
								"north": {"uv": [86, 38], "uv_size": [-6, 7]},
								"east": {"uv": [92, 38], "uv_size": [-6, 7]},
								"south": {"uv": [98, 38], "uv_size": [-6, 7]},
								"west": {"uv": [80, 38], "uv_size": [-6, 7]},
								"up": {"uv": [86, 32], "uv_size": [-6, 6]},
								"down": {"uv": [92, 38], "uv_size": [-6, -6]}
							}
						},
						{
							"origin": [12.8125, 26.6875, -4.9375],
							"size": [9.5, 2, 10],
							"uv": {
								"north": {"uv": [84, 62], "uv_size": [-5, 1]},
								"east": {"uv": [89, 62], "uv_size": [-5, 1]},
								"south": {"uv": [94, 62], "uv_size": [-5, 1]},
								"west": {"uv": [79, 62], "uv_size": [-5, 1]},
								"up": {"uv": [84, 57], "uv_size": [-5, 5]},
								"down": {"uv": [89, 62], "uv_size": [-5, -5]}
							}
						},
						{
							"origin": [20.5, 27.5, -7],
							"size": [1, 1, 2.5],
							"uv": {
								"north": {"uv": [81, 66], "uv_size": [-1, 1]},
								"east": {"uv": [83, 66], "uv_size": [-2, 1]},
								"south": {"uv": [84, 66], "uv_size": [-1, 1]},
								"west": {"uv": [80, 66], "uv_size": [-2, 1]},
								"up": {"uv": [81, 64], "uv_size": [-1, 2]},
								"down": {"uv": [82, 66], "uv_size": [-1, -2]}
							}
						},
						{
							"origin": [20.5, 27.5, 5],
							"size": [1, 1, 2.5],
							"uv": {
								"north": {"uv": [83, 66], "uv_size": [1, 1]},
								"east": {"uv": [81, 66], "uv_size": [2, 1]},
								"south": {"uv": [80, 66], "uv_size": [1, 1]},
								"west": {"uv": [78, 66], "uv_size": [2, 1]},
								"up": {"uv": [81, 66], "uv_size": [-1, -2]},
								"down": {"uv": [82, 64], "uv_size": [-1, 2]}
							}
						},
						{
							"origin": [17, 27.5, 5],
							"size": [1, 1, 2.5],
							"uv": {
								"north": {"uv": [83, 66], "uv_size": [1, 1]},
								"east": {"uv": [81, 66], "uv_size": [2, 1]},
								"south": {"uv": [80, 66], "uv_size": [1, 1]},
								"west": {"uv": [78, 66], "uv_size": [2, 1]},
								"up": {"uv": [81, 66], "uv_size": [-1, -2]},
								"down": {"uv": [82, 64], "uv_size": [-1, 2]}
							}
						},
						{
							"origin": [13.5, 27.5, 5],
							"size": [1, 1, 2.5],
							"uv": {
								"north": {"uv": [83, 66], "uv_size": [1, 1]},
								"east": {"uv": [81, 66], "uv_size": [2, 1]},
								"south": {"uv": [80, 66], "uv_size": [1, 1]},
								"west": {"uv": [78, 66], "uv_size": [2, 1]},
								"up": {"uv": [81, 66], "uv_size": [-1, -2]},
								"down": {"uv": [82, 64], "uv_size": [-1, 2]}
							}
						},
						{
							"origin": [13.5, 27.5, -7],
							"size": [1, 1, 2.5],
							"uv": {
								"north": {"uv": [81, 66], "uv_size": [-1, 1]},
								"east": {"uv": [83, 66], "uv_size": [-2, 1]},
								"south": {"uv": [84, 66], "uv_size": [-1, 1]},
								"west": {"uv": [80, 66], "uv_size": [-2, 1]},
								"up": {"uv": [81, 64], "uv_size": [-1, 2]},
								"down": {"uv": [82, 66], "uv_size": [-1, -2]}
							}
						},
						{
							"origin": [17, 27.5, -7],
							"size": [1, 1, 2.5],
							"uv": {
								"north": {"uv": [81, 66], "uv_size": [-1, 1]},
								"east": {"uv": [83, 66], "uv_size": [-2, 1]},
								"south": {"uv": [84, 66], "uv_size": [-1, 1]},
								"west": {"uv": [80, 66], "uv_size": [-2, 1]},
								"up": {"uv": [81, 64], "uv_size": [-1, 2]},
								"down": {"uv": [82, 66], "uv_size": [-1, -2]}
							}
						},
						{
							"origin": [22.75, 27, -4.75],
							"size": [1, 1, 2.5],
							"pivot": [23.25, 27.5, -3.5],
							"rotation": [0, -90, 0],
							"uv": {
								"north": {"uv": [81, 66], "uv_size": [-1, 1]},
								"east": {"uv": [83, 66], "uv_size": [-2, 1]},
								"south": {"uv": [84, 66], "uv_size": [-1, 1]},
								"west": {"uv": [80, 66], "uv_size": [-2, 1]},
								"up": {"uv": [81, 64], "uv_size": [-1, 2]},
								"down": {"uv": [82, 66], "uv_size": [-1, -2]}
							}
						},
						{
							"origin": [22.75, 27, 2.25],
							"size": [1, 1, 2.5],
							"pivot": [23.25, 27.5, 3.5],
							"rotation": [0, -90, 0],
							"uv": {
								"north": {"uv": [81, 66], "uv_size": [-1, 1]},
								"east": {"uv": [83, 66], "uv_size": [-2, 1]},
								"south": {"uv": [84, 66], "uv_size": [-1, 1]},
								"west": {"uv": [80, 66], "uv_size": [-2, 1]},
								"up": {"uv": [81, 64], "uv_size": [-1, 2]},
								"down": {"uv": [82, 66], "uv_size": [-1, -2]}
							}
						},
						{
							"origin": [11.25, 27, 2.25],
							"size": [1, 1, 2.5],
							"pivot": [11.75, 27.5, 3.5],
							"rotation": [0, 90, 0],
							"uv": {
								"north": {"uv": [80, 66], "uv_size": [1, 1]},
								"east": {"uv": [78, 66], "uv_size": [2, 1]},
								"south": {"uv": [83, 66], "uv_size": [1, 1]},
								"west": {"uv": [81, 66], "uv_size": [2, 1]},
								"up": {"uv": [80, 64], "uv_size": [1, 2]},
								"down": {"uv": [81, 66], "uv_size": [1, -2]}
							}
						},
						{
							"origin": [11.25, 27, -1.25],
							"size": [1, 1, 2.5],
							"pivot": [11.75, 27.5, 0],
							"rotation": [0, 90, 0],
							"uv": {
								"north": {"uv": [80, 66], "uv_size": [1, 1]},
								"east": {"uv": [78, 66], "uv_size": [2, 1]},
								"south": {"uv": [83, 66], "uv_size": [1, 1]},
								"west": {"uv": [81, 66], "uv_size": [2, 1]},
								"up": {"uv": [80, 64], "uv_size": [1, 2]},
								"down": {"uv": [81, 66], "uv_size": [1, -2]}
							}
						},
						{
							"origin": [11.25, 27, -5.25],
							"size": [1, 1, 2.5],
							"pivot": [11.75, 27.5, -4],
							"rotation": [0, 90, 0],
							"uv": {
								"north": {"uv": [80, 66], "uv_size": [1, 1]},
								"east": {"uv": [78, 66], "uv_size": [2, 1]},
								"south": {"uv": [83, 66], "uv_size": [1, 1]},
								"west": {"uv": [81, 66], "uv_size": [2, 1]},
								"up": {"uv": [80, 64], "uv_size": [1, 2]},
								"down": {"uv": [81, 66], "uv_size": [1, -2]}
							}
						},
						{
							"origin": [22.75, 27, -1.25],
							"size": [1, 1, 2.5],
							"pivot": [23.25, 27.5, 0],
							"rotation": [0, -90, 0],
							"uv": {
								"north": {"uv": [81, 66], "uv_size": [-1, 1]},
								"east": {"uv": [83, 66], "uv_size": [-2, 1]},
								"south": {"uv": [84, 66], "uv_size": [-1, 1]},
								"west": {"uv": [80, 66], "uv_size": [-2, 1]},
								"up": {"uv": [81, 64], "uv_size": [-1, 2]},
								"down": {"uv": [82, 66], "uv_size": [-1, -2]}
							}
						}
					]
				},
				{
					"name": "leftHandDragon",
					"parent": "leftForeArm",
					"pivot": [16.75, 18, -0.5]
				},
				{
					"name": "leftFingerDragon",
					"parent": "leftHandDragon",
					"pivot": [19.25, 17.375, -0.5],
					"rotation": [0, 0, 90]
				},
				{
					"name": "leftFingerDragon2",
					"parent": "leftHandDragon",
					"pivot": [15.5, 17.375, -3.625],
					"rotation": [85, -5, 0]
				},
				{
					"name": "tail",
					"parent": "body",
					"pivot": [-0.625, 25.625, 3.4375],
					"cubes": [
						{
							"origin": [-4, 23.75, 3.4375],
							"size": [8, 5.3125, 8.75],
							"uv": {
								"north": {"uv": [111, 7], "uv_size": [5, 4]},
								"east": {"uv": [104, 7], "uv_size": [7, 4]},
								"south": {"uv": [123, 7], "uv_size": [5, 4]},
								"west": {"uv": [116, 7], "uv_size": [7, 4]},
								"up": {"uv": [111, 0], "uv_size": [5, 7]},
								"down": {"uv": [116, 7], "uv_size": [5, -7]}
							}
						},
						{
							"origin": [0, 28.75, 3.4375],
							"size": [0, 3.125, 8.75],
							"uv": {
								"north": {"uv": [36, 0], "uv_size": [0, 2]},
								"east": {"uv": [29, 0], "uv_size": [7, 2]},
								"south": {"uv": [43, 0], "uv_size": [0, 2]},
								"west": {"uv": [36, 0], "uv_size": [7, 2]},
								"up": {"uv": [36, -7], "uv_size": [0, 7]},
								"down": {"uv": [36, 0], "uv_size": [0, -7]}
							}
						}
					]
				},
				{
					"name": "tail1",
					"parent": "tail",
					"pivot": [-0.625, 25.625, 12.1875],
					"cubes": [
						{
							"origin": [-4, 23.75, 12.1875],
							"size": [8, 5.3125, 8.75],
							"uv": {
								"north": {"uv": [111, 7], "uv_size": [5, 4]},
								"east": {"uv": [104, 7], "uv_size": [7, 4]},
								"south": {"uv": [123, 7], "uv_size": [5, 4]},
								"west": {"uv": [116, 7], "uv_size": [7, 4]},
								"up": {"uv": [111, 0], "uv_size": [5, 7]},
								"down": {"uv": [116, 7], "uv_size": [5, -7]}
							}
						},
						{
							"origin": [0, 28.75, 12.1875],
							"size": [0, 3.125, 8.75],
							"uv": {
								"north": {"uv": [36, 0], "uv_size": [0, 2]},
								"east": {"uv": [29, 0], "uv_size": [7, 2]},
								"south": {"uv": [43, 0], "uv_size": [0, 2]},
								"west": {"uv": [36, 0], "uv_size": [7, 2]},
								"up": {"uv": [36, -7], "uv_size": [0, 7]},
								"down": {"uv": [36, 0], "uv_size": [0, -7]}
							}
						}
					]
				},
				{
					"name": "tail2",
					"parent": "tail1",
					"pivot": [-0.625, 25.625, 20.9375],
					"cubes": [
						{
							"origin": [0, 28.4375, 20.9375],
							"size": [0, 3.125, 8.75],
							"uv": {
								"north": {"uv": [36, 0], "uv_size": [0, 2]},
								"east": {"uv": [29, 0], "uv_size": [7, 2]},
								"south": {"uv": [43, 0], "uv_size": [0, 2]},
								"west": {"uv": [36, 0], "uv_size": [7, 2]},
								"up": {"uv": [36, -7], "uv_size": [0, 7]},
								"down": {"uv": [36, 0], "uv_size": [0, -7]}
							}
						},
						{
							"origin": [-3.375, 24.375, 20.9375],
							"size": [6.75, 4.0625, 8.75],
							"uv": {
								"north": {"uv": [113, 18], "uv_size": [4, 3]},
								"east": {"uv": [106, 18], "uv_size": [7, 3]},
								"south": {"uv": [124, 18], "uv_size": [4, 3]},
								"west": {"uv": [117, 18], "uv_size": [7, 3]},
								"up": {"uv": [113, 11], "uv_size": [4, 7]},
								"down": {"uv": [117, 18], "uv_size": [4, -7]}
							}
						}
					]
				},
				{
					"name": "tail3",
					"parent": "tail2",
					"pivot": [-0.625, 25.625, 29.6875],
					"cubes": [
						{
							"origin": [0, 28.4375, 29.6875],
							"size": [0, 3.125, 8.75],
							"uv": {
								"north": {"uv": [36, 0], "uv_size": [0, 2]},
								"east": {"uv": [29, 0], "uv_size": [7, 2]},
								"south": {"uv": [43, 0], "uv_size": [0, 2]},
								"west": {"uv": [36, 0], "uv_size": [7, 2]},
								"up": {"uv": [36, -7], "uv_size": [0, 7]},
								"down": {"uv": [36, 0], "uv_size": [0, -7]}
							}
						},
						{
							"origin": [-2.75, 24.375, 29.6875],
							"size": [5.5, 4.0625, 8.75],
							"uv": {
								"north": {"uv": [115, 28], "uv_size": [3, 3]},
								"east": {"uv": [108, 28], "uv_size": [7, 3]},
								"south": {"uv": [125, 28], "uv_size": [3, 3]},
								"west": {"uv": [118, 28], "uv_size": [7, 3]},
								"up": {"uv": [115, 21], "uv_size": [3, 7]},
								"down": {"uv": [118, 28], "uv_size": [3, -7]}
							}
						}
					]
				},
				{
					"name": "tail4",
					"parent": "tail3",
					"pivot": [-0.625, 25.625, 38.4375],
					"cubes": [
						{
							"origin": [0, 28.4375, 38.4375],
							"size": [0, 3.125, 8.75],
							"uv": {
								"north": {"uv": [36, 0], "uv_size": [0, 2]},
								"east": {"uv": [29, 0], "uv_size": [7, 2]},
								"south": {"uv": [43, 0], "uv_size": [0, 2]},
								"west": {"uv": [36, 0], "uv_size": [7, 2]},
								"up": {"uv": [36, -7], "uv_size": [0, 7]},
								"down": {"uv": [36, 0], "uv_size": [0, -7]}
							}
						},
						{
							"origin": [-2.75, 24.375, 38.4375],
							"size": [5.5, 4.0625, 8.75],
							"uv": {
								"north": {"uv": [115, 28], "uv_size": [3, 3]},
								"east": {"uv": [108, 28], "uv_size": [7, 3]},
								"south": {"uv": [125, 28], "uv_size": [3, 3]},
								"west": {"uv": [118, 28], "uv_size": [7, 3]},
								"up": {"uv": [115, 21], "uv_size": [3, 7]},
								"down": {"uv": [118, 28], "uv_size": [3, -7]}
							}
						}
					]
				},
				{
					"name": "tail5",
					"parent": "tail4",
					"pivot": [-0.625, 25.625, 47.1875],
					"cubes": [
						{
							"origin": [-2.125, 25, 47.1875],
							"size": [4.25, 2.8125, 8.75],
							"uv": {
								"north": {"uv": [117, 38], "uv_size": [2, 2]},
								"east": {"uv": [110, 38], "uv_size": [7, 2]},
								"south": {"uv": [126, 38], "uv_size": [2, 2]},
								"west": {"uv": [119, 38], "uv_size": [7, 2]},
								"up": {"uv": [117, 31], "uv_size": [2, 7]},
								"down": {"uv": [119, 38], "uv_size": [2, -7]}
							}
						},
						{
							"origin": [0, 26.25, 45.625],
							"size": [0, 15.625, 10.625],
							"pivot": [-0.625, 27.34375, 50.78125],
							"rotation": [-90, 0, 0],
							"uv": {
								"north": {"uv": [120, 41], "uv_size": [0, 12]},
								"east": {"uv": [112, 41], "uv_size": [8, 12]},
								"south": {"uv": [128, 41], "uv_size": [0, 12]},
								"west": {"uv": [120, 41], "uv_size": [8, 12]},
								"up": {"uv": [128, 43.25], "uv_size": [0, 8]},
								"down": {"uv": [128, 51.75], "uv_size": [0, -8]}
							}
						}
					]
				},
				{
					"name": "rightLeg",
					"parent": "tudo",
					"pivot": [-4.875, 23.125, 0],
					"cubes": [
						{
							"origin": [-9.75, 11.875, -4.22875],
							"size": [9.5, 11, 7.5],
							"pivot": [-4.375, 17.8779, -0.79125],
							"rotation": [-10, 0, 0],
							"uv": {
								"north": {"uv": [6, 20], "uv_size": [6, 8]},
								"east": {"uv": [0, 20], "uv_size": [6, 8]},
								"south": {"uv": [18, 20], "uv_size": [6, 8]},
								"west": {"uv": [12, 20], "uv_size": [6, 8]},
								"up": {"uv": [6, 14], "uv_size": [6, 6]},
								"down": {"uv": [12, 20], "uv_size": [6, -6]}
							}
						}
					]
				},
				{
					"name": "rightForeLeg",
					"parent": "rightLeg",
					"pivot": [-4.875, 13.75, -3.125],
					"cubes": [
						{
							"origin": [-8.5, 6.875, -1.875],
							"size": [7, 10, 5],
							"pivot": [-4.875, 11.43924, 0.76629],
							"rotation": [80, 0, 0],
							"uv": {
								"north": {"uv": [4, 33], "uv_size": [5, 8]},
								"east": {"uv": [0, 33], "uv_size": [4, 8]},
								"south": {"uv": [13, 33], "uv_size": [5, 8]},
								"west": {"uv": [9, 33], "uv_size": [4, 8]},
								"up": {"uv": [4, 29], "uv_size": [5, 4]},
								"down": {"uv": [9, 33], "uv_size": [5, -4]}
							}
						},
						{
							"origin": [-7.375, 1.25, 0.625],
							"size": [5, 8.75, 3.75],
							"pivot": [-4.5625, 2.5, 3.125],
							"rotation": [-10, 0, 0],
							"uv": {
								"north": {"uv": [3, 44], "uv_size": [4, 7]},
								"east": {"uv": [0, 44], "uv_size": [3, 7]},
								"south": {"uv": [10, 44], "uv_size": [4, 7]},
								"west": {"uv": [7, 44], "uv_size": [3, 7]},
								"up": {"uv": [3, 41], "uv_size": [4, 3]},
								"down": {"uv": [7, 44], "uv_size": [4, -3]}
							}
						},
						{
							"origin": [-3, 0.04014, -10.63689],
							"size": [0, 1.875, 3.125],
							"pivot": [-3, 1.25, -7.5],
							"rotation": [5, 0, 0],
							"uv": {
								"north": {"uv": [2, 15], "uv_size": [0, 1]},
								"east": {"uv": [0, 15], "uv_size": [2, 1]},
								"south": {"uv": [4, 15], "uv_size": [0, 1]},
								"west": {"uv": [2, 15], "uv_size": [2, 1]},
								"up": {"uv": [2, 13], "uv_size": [0, 2]},
								"down": {"uv": [2, 15], "uv_size": [0, -2]}
							}
						},
						{
							"origin": [-0.8125, 0.04014, -7.04687],
							"size": [0, 1.875, 3.125],
							"pivot": [-0.8125, 1.25, -4.0625],
							"rotation": [5, -45, 0],
							"uv": {
								"north": {"uv": [2, 15], "uv_size": [0, 1]},
								"east": {"uv": [0, 15], "uv_size": [2, 1]},
								"south": {"uv": [4, 15], "uv_size": [0, 1]},
								"west": {"uv": [2, 15], "uv_size": [2, 1]},
								"up": {"uv": [2, 13], "uv_size": [0, 2]},
								"down": {"uv": [2, 15], "uv_size": [0, -2]}
							}
						},
						{
							"origin": [-4.875, 0.04014, -10.63689],
							"size": [0, 1.875, 3.125],
							"pivot": [-4.875, 1.25, -7.5],
							"rotation": [5, 0, 0],
							"uv": {
								"north": {"uv": [2, 15], "uv_size": [0, 1]},
								"east": {"uv": [0, 15], "uv_size": [2, 1]},
								"south": {"uv": [4, 15], "uv_size": [0, 1]},
								"west": {"uv": [2, 15], "uv_size": [2, 1]},
								"up": {"uv": [2, 13], "uv_size": [0, 2]},
								"down": {"uv": [2, 15], "uv_size": [0, -2]}
							}
						},
						{
							"origin": [-6.75, 0.04014, -10.63689],
							"size": [0, 1.875, 3.125],
							"pivot": [-6.75, 1.25, -7.5],
							"rotation": [5, 0, 0],
							"uv": {
								"north": {"uv": [2, 15], "uv_size": [0, 1]},
								"east": {"uv": [0, 15], "uv_size": [2, 1]},
								"south": {"uv": [4, 15], "uv_size": [0, 1]},
								"west": {"uv": [2, 15], "uv_size": [2, 1]},
								"up": {"uv": [2, 13], "uv_size": [0, 2]},
								"down": {"uv": [2, 15], "uv_size": [0, -2]}
							}
						},
						{
							"origin": [-7.375, 0, -5],
							"size": [5, 1.875, 7.5],
							"uv": {
								"north": {"uv": [6, 57], "uv_size": [4, 1]},
								"east": {"uv": [0, 57], "uv_size": [6, 1]},
								"south": {"uv": [16, 57], "uv_size": [4, 1]},
								"west": {"uv": [10, 57], "uv_size": [6, 1]},
								"up": {"uv": [6, 51], "uv_size": [4, 6]},
								"down": {"uv": [10, 57], "uv_size": [4, -6]}
							}
						},
						{
							"origin": [-7.375, 0, -7.5],
							"size": [1.25, 1.875, 2.5],
							"uv": {
								"north": {"uv": [7, 58], "uv_size": [1, 1]},
								"east": {"uv": [5, 58], "uv_size": [2, 1]},
								"south": {"uv": [10, 58], "uv_size": [1, 1]},
								"west": {"uv": [8, 58], "uv_size": [2, 1]},
								"up": {"uv": [7, 56], "uv_size": [1, 2]},
								"down": {"uv": [8, 58], "uv_size": [1, -2]}
							}
						},
						{
							"origin": [-5.5, 0, -7.5],
							"size": [1.25, 1.875, 2.5],
							"uv": {
								"north": {"uv": [7, 58], "uv_size": [1, 1]},
								"east": {"uv": [5, 58], "uv_size": [2, 1]},
								"south": {"uv": [10, 58], "uv_size": [1, 1]},
								"west": {"uv": [8, 58], "uv_size": [2, 1]},
								"up": {"uv": [7, 56], "uv_size": [1, 2]},
								"down": {"uv": [8, 58], "uv_size": [1, -2]}
							}
						},
						{
							"origin": [-3.625, 0, -7.5],
							"size": [1.25, 1.875, 2.5],
							"uv": {
								"north": {"uv": [7, 58], "uv_size": [1, 1]},
								"east": {"uv": [5, 58], "uv_size": [2, 1]},
								"south": {"uv": [10, 58], "uv_size": [1, 1]},
								"west": {"uv": [8, 58], "uv_size": [2, 1]},
								"up": {"uv": [7, 56], "uv_size": [1, 2]},
								"down": {"uv": [8, 58], "uv_size": [1, -2]}
							}
						},
						{
							"origin": [-2.375, 0, -4.375],
							"size": [1.25, 1.875, 2.5],
							"pivot": [-1.75, 0.9375, -3.125],
							"rotation": [0, -45, 0],
							"uv": {
								"north": {"uv": [7, 58], "uv_size": [1, 1]},
								"east": {"uv": [5, 58], "uv_size": [2, 1]},
								"south": {"uv": [10, 58], "uv_size": [1, 1]},
								"west": {"uv": [8, 58], "uv_size": [2, 1]},
								"up": {"uv": [7, 56], "uv_size": [1, 2]},
								"down": {"uv": [8, 58], "uv_size": [1, -2]}
							}
						}
					]
				},
				{
					"name": "leftLeg",
					"parent": "tudo",
					"pivot": [4.875, 23.125, 0],
					"cubes": [
						{
							"origin": [0.25, 11.875, -4.22875],
							"size": [9.5, 11, 7.5],
							"pivot": [4.375, 17.8779, -0.79125],
							"rotation": [-10, 0, 0],
							"uv": {
								"north": {"uv": [12, 20], "uv_size": [-6, 8]},
								"east": {"uv": [18, 20], "uv_size": [-6, 8]},
								"south": {"uv": [24, 20], "uv_size": [-6, 8]},
								"west": {"uv": [6, 20], "uv_size": [-6, 8]},
								"up": {"uv": [12, 14], "uv_size": [-6, 6]},
								"down": {"uv": [18, 20], "uv_size": [-6, -6]}
							}
						}
					]
				},
				{
					"name": "leftForeLeg",
					"parent": "leftLeg",
					"pivot": [4.875, 13.75, -3.125],
					"cubes": [
						{
							"origin": [1.5, 6.875, -1.875],
							"size": [7, 10, 5],
							"pivot": [4.875, 11.43924, 0.76629],
							"rotation": [80, 0, 0],
							"uv": {
								"north": {"uv": [9, 33], "uv_size": [-5, 8]},
								"east": {"uv": [13, 33], "uv_size": [-4, 8]},
								"south": {"uv": [18, 33], "uv_size": [-5, 8]},
								"west": {"uv": [4, 33], "uv_size": [-4, 8]},
								"up": {"uv": [9, 29], "uv_size": [-5, 4]},
								"down": {"uv": [14, 33], "uv_size": [-5, -4]}
							}
						},
						{
							"origin": [2.375, 1.25, 0.625],
							"size": [5, 8.75, 3.75],
							"pivot": [4.5625, 2.5, 3.125],
							"rotation": [-10, 0, 0],
							"uv": {
								"north": {"uv": [7, 44], "uv_size": [-4, 7]},
								"east": {"uv": [10, 44], "uv_size": [-3, 7]},
								"south": {"uv": [14, 44], "uv_size": [-4, 7]},
								"west": {"uv": [3, 44], "uv_size": [-3, 7]},
								"up": {"uv": [7, 41], "uv_size": [-4, 3]},
								"down": {"uv": [11, 44], "uv_size": [-4, -3]}
							}
						},
						{
							"origin": [3, 0.04014, -10.63689],
							"size": [0, 1.875, 3.125],
							"pivot": [3, 1.25, -7.5],
							"rotation": [5, 0, 0],
							"uv": {
								"north": {"uv": [2, 15], "uv_size": [0, 1]},
								"east": {"uv": [4, 15], "uv_size": [-2, 1]},
								"south": {"uv": [4, 15], "uv_size": [0, 1]},
								"west": {"uv": [2, 15], "uv_size": [-2, 1]},
								"up": {"uv": [2, 13], "uv_size": [0, 2]},
								"down": {"uv": [2, 15], "uv_size": [0, -2]}
							}
						},
						{
							"origin": [0.8125, 0.04014, -7.04687],
							"size": [0, 1.875, 3.125],
							"pivot": [0.8125, 1.25, -4.0625],
							"rotation": [5, 45, 0],
							"uv": {
								"north": {"uv": [2, 15], "uv_size": [0, 1]},
								"east": {"uv": [4, 15], "uv_size": [-2, 1]},
								"south": {"uv": [4, 15], "uv_size": [0, 1]},
								"west": {"uv": [2, 15], "uv_size": [-2, 1]},
								"up": {"uv": [2, 13], "uv_size": [0, 2]},
								"down": {"uv": [2, 15], "uv_size": [0, -2]}
							}
						},
						{
							"origin": [4.875, 0.04014, -10.63689],
							"size": [0, 1.875, 3.125],
							"pivot": [4.875, 1.25, -7.5],
							"rotation": [5, 0, 0],
							"uv": {
								"north": {"uv": [2, 15], "uv_size": [0, 1]},
								"east": {"uv": [4, 15], "uv_size": [-2, 1]},
								"south": {"uv": [4, 15], "uv_size": [0, 1]},
								"west": {"uv": [2, 15], "uv_size": [-2, 1]},
								"up": {"uv": [2, 13], "uv_size": [0, 2]},
								"down": {"uv": [2, 15], "uv_size": [0, -2]}
							}
						},
						{
							"origin": [6.75, 0.04014, -10.63689],
							"size": [0, 1.875, 3.125],
							"pivot": [6.75, 1.25, -7.5],
							"rotation": [5, 0, 0],
							"uv": {
								"north": {"uv": [2, 15], "uv_size": [0, 1]},
								"east": {"uv": [4, 15], "uv_size": [-2, 1]},
								"south": {"uv": [4, 15], "uv_size": [0, 1]},
								"west": {"uv": [2, 15], "uv_size": [-2, 1]},
								"up": {"uv": [2, 13], "uv_size": [0, 2]},
								"down": {"uv": [2, 15], "uv_size": [0, -2]}
							}
						},
						{
							"origin": [2.375, 0, -5],
							"size": [5, 1.875, 7.5],
							"uv": {
								"north": {"uv": [10, 57], "uv_size": [-4, 1]},
								"east": {"uv": [16, 57], "uv_size": [-6, 1]},
								"south": {"uv": [20, 57], "uv_size": [-4, 1]},
								"west": {"uv": [6, 57], "uv_size": [-6, 1]},
								"up": {"uv": [10, 51], "uv_size": [-4, 6]},
								"down": {"uv": [14, 57], "uv_size": [-4, -6]}
							}
						},
						{
							"origin": [6.125, 0, -7.5],
							"size": [1.25, 1.875, 2.5],
							"uv": {
								"north": {"uv": [8, 58], "uv_size": [-1, 1]},
								"east": {"uv": [10, 58], "uv_size": [-2, 1]},
								"south": {"uv": [11, 58], "uv_size": [-1, 1]},
								"west": {"uv": [7, 58], "uv_size": [-2, 1]},
								"up": {"uv": [8, 56], "uv_size": [-1, 2]},
								"down": {"uv": [9, 58], "uv_size": [-1, -2]}
							}
						},
						{
							"origin": [4.25, 0, -7.5],
							"size": [1.25, 1.875, 2.5],
							"uv": {
								"north": {"uv": [8, 58], "uv_size": [-1, 1]},
								"east": {"uv": [10, 58], "uv_size": [-2, 1]},
								"south": {"uv": [11, 58], "uv_size": [-1, 1]},
								"west": {"uv": [7, 58], "uv_size": [-2, 1]},
								"up": {"uv": [8, 56], "uv_size": [-1, 2]},
								"down": {"uv": [9, 58], "uv_size": [-1, -2]}
							}
						},
						{
							"origin": [2.375, 0, -7.5],
							"size": [1.25, 1.875, 2.5],
							"uv": {
								"north": {"uv": [8, 58], "uv_size": [-1, 1]},
								"east": {"uv": [10, 58], "uv_size": [-2, 1]},
								"south": {"uv": [11, 58], "uv_size": [-1, 1]},
								"west": {"uv": [7, 58], "uv_size": [-2, 1]},
								"up": {"uv": [8, 56], "uv_size": [-1, 2]},
								"down": {"uv": [9, 58], "uv_size": [-1, -2]}
							}
						},
						{
							"origin": [1.125, 0, -4.375],
							"size": [1.25, 1.875, 2.5],
							"pivot": [1.75, 0.9375, -3.125],
							"rotation": [0, 45, 0],
							"uv": {
								"north": {"uv": [8, 58], "uv_size": [-1, 1]},
								"east": {"uv": [10, 58], "uv_size": [-2, 1]},
								"south": {"uv": [11, 58], "uv_size": [-1, 1]},
								"west": {"uv": [7, 58], "uv_size": [-2, 1]},
								"up": {"uv": [8, 56], "uv_size": [-1, 2]},
								"down": {"uv": [9, 58], "uv_size": [-1, -2]}
							}
						}
					]
				}
			]
		}
	]
}