{
	"format_version": "1.12.0",
	"minecraft:geometry": [
		{
			"description": {
				"identifier": "geometry.mihawk",
				"texture_width": 64,
				"texture_height": 64,
				"visible_bounds_width": 3,
				"visible_bounds_height": 4,
				"visible_bounds_offset": [0, 1, 0]
			},
			"bones": [
				{
					"name": "root2",
					"pivot": [0, 0, 0]
				},
				{
					"name": "root",
					"parent": "root2",
					"pivot": [0, 0, 0]
				},
				{
					"name": "tudo",
					"parent": "root",
					"pivot": [0, 12, 0]
				},
				{
					"name": "waist",
					"parent": "tudo",
					"pivot": [0, 12, 0]
				},
				{
					"name": "body",
					"parent": "waist",
					"pivot": [0, 24, 0],
					"cubes": [
						{
							"origin": [-4, 12, -2],
							"size": [8, 12, 4],
							"uv": {
								"north": {"uv": [4, 4], "uv_size": [8, 12]},
								"east": {"uv": [0, 4], "uv_size": [4, 12]},
								"south": {"uv": [16, 4], "uv_size": [8, 12]},
								"west": {"uv": [12, 4], "uv_size": [4, 12]},
								"up": {"uv": [4, 0], "uv_size": [8, 4]},
								"down": {"uv": [12, 4], "uv_size": [8, -4]}
							}
						},
						{"origin": [-4, 12, -2], "size": [8, 12, 4], "inflate": 0.2, "uv": [24, 0]},
						{"origin": [-4.29316, 2.55244, -1.95685], "size": [1, 10, 4], "inflate": -0.25, "pivot": [-4, 12, 1.75], "rotation": [5, 10, 5], "uv": [20, 50]},
						{"origin": [3.29316, 2.55244, -1.95685], "size": [1, 10, 4], "inflate": -0.25, "pivot": [4, 12, 1.75], "rotation": [5, -10, -5], "uv": [20, 50], "mirror": true},
						{"origin": [-4.5, 2.25, 1.5], "size": [9, 10, 1], "inflate": -0.25, "pivot": [0, 12, -1.625], "rotation": [5, 0, 0], "uv": [0, 53]}
					]
				},
				{
					"name": "head",
					"parent": "body",
					"pivot": [0, 24, 0],
					"cubes": [
						{"origin": [-4, 23.75, -4], "size": [8, 8, 8], "inflate": -0.25, "uv": [32, 48]},
						{"origin": [-3.75095, 23.97821, -3.5], "size": [0, 4.5, 7.5], "pivot": [-3.75, 24, 3.75], "inflate": 0.01, "rotation": [0, 2.5, -7.5], "uv": [50, -1]},
						{"origin": [3.75095, 23.97821, -3.5], "size": [0, 4.5, 7.5], "pivot": [3.75, 24, 3.75], "inflate": 0.01, "rotation": [0, -2.5, 7.5], "uv": [50, -1], "mirror": true},
						{"origin": [-4, 24, 3.75], "size": [8, 4.5, 0], "pivot": [0, 24, 3.75], "inflate": 0.01, "rotation": [-7.5, 0, 0], "uv": [48, 0], "mirror": true},
						{
							"origin": [-4, 29.5, -4],
							"size": [8, 6, 8],
							"inflate": -0.2,
							"uv": {
								"north": {"uv": [40, 41], "uv_size": [8, 6]},
								"east": {"uv": [40, 41], "uv_size": [8, 6]},
								"south": {"uv": [56, 41], "uv_size": [8, 6]},
								"west": {"uv": [40, 41], "uv_size": [8, 6]},
								"up": {"uv": [40, 33], "uv_size": [8, 8]},
								"down": {"uv": [40, 41], "uv_size": [8, -8]}
							}
						},
						{"origin": [-8, 30.25, -7.5], "size": [16, 0, 14], "pivot": [0, 30.25, 0], "inflate": 0.01, "rotation": [5, 0, 0], "uv": [18, 19], "mirror": true},
						{"origin": [4.1, 27.75, -1.5], "size": [0, 4, 8], "pivot": [4.1, 30, -1.5], "rotation": [17.5, 0, 0], "uv": [48, 2], "mirror": true},
						{"origin": [4.2, 28.25, 1.5], "size": [0, 4, 7.5], "pivot": [4.1, 30.5, 1.5], "rotation": [17.5, 0, 0], "uv": [50, 3], "mirror": true}
					]
				},
				{
					"name": "rightArm",
					"parent": "body",
					"pivot": [-5, 22, 0],
					"cubes": [
						{"origin": [-8, 12, -2], "size": [4, 12, 4], "uv": [0, 17]}
					]
				},
				{
					"name": "katana",
					"parent": "rightArm",
					"pivot": [-5, 13.5, 0]
				},
				{
					"name": "leftArm",
					"parent": "body",
					"pivot": [5, 22, 0],
					"cubes": [
						{"origin": [4, 12, -2], "size": [4, 12, 4], "uv": [0, 17], "mirror": true}
					]
				},
				{
					"name": "rightLeg",
					"parent": "tudo",
					"pivot": [-2, 12, 0],
					"cubes": [
						{"origin": [-4, 0, -2], "size": [4, 12, 4], "uv": [16, 17]}
					]
				},
				{
					"name": "leftLeg",
					"parent": "tudo",
					"pivot": [2, 12, 0],
					"cubes": [
						{"origin": [0, 0, -2], "size": [4, 12, 4], "uv": [16, 17], "mirror": true}
					]
				}
			]
		}
	]
}