{
	"format_version": "1.12.0",
	"minecraft:geometry": [
		{
			"description": {
				"identifier": "geometry.mihawk_yoru",
				"texture_width": 16,
				"texture_height": 16,
				"visible_bounds_width": 4,
				"visible_bounds_height": 3.5,
				"visible_bounds_offset": [0, 1.25, 0]
			},
			"bones": [
				{
					"name": "root2",
					"pivot": [0, 0, 0]
				},
				{
					"name": "root",
					"parent": "root2",
					"pivot": [0, 0, 0]
				},
				{
					"name": "tudo",
					"parent": "root",
					"pivot": [0, 12, 0]
				},
				{
					"name": "waist",
					"parent": "tudo",
					"pivot": [0, 12, 0]
				},
				{
					"name": "body",
					"parent": "waist",
					"pivot": [0, 24, 0]
				},
				{
					"name": "rightArm",
					"parent": "body",
					"pivot": [-5, 22, 0]
				},
				{
					"name": "katana",
					"parent": "rightArm",
					"pivot": [-5, 13.5, 0],
					"cubes": [
						{
							"origin": [-5.375, 12.75, -4.5],
							"size": [0.75, 1.5, 9],
							"uv": {
								"north": {"uv": [10, 4], "uv_size": [-0.25, 2]},
								"east": {"uv": [0, 4], "uv_size": [10, 2]},
								"south": {"uv": [0, 4], "uv_size": [0.5, 2]},
								"west": {"uv": [10, 4], "uv_size": [-10, 2]},
								"up": {"uv": [15.5, 12.5], "uv_size": [-0.5, -10]},
								"down": {"uv": [16, 2.5], "uv_size": [-0.5, 10]}
							}
						}
					]
				},
				{
					"name": "yoru_cable",
					"parent": "katana",
					"pivot": [0.125, -0.0625, -0.75],
					"cubes": [
						{
							"origin": [0.4375, 13.0625, -4.5],
							"size": [1.125, 0.5, 1.125],
							"pivot": [-5, 13.3125, -10.3125],
							"rotation": [0, -90, 90],
							"uv": {
								"north": {"uv": [1, 7.5], "uv_size": [-0.75, 0.25]},
								"east": {"uv": [0.75, 7.75], "uv_size": [0.25, -0.75]},
								"south": {"uv": [0.25, 7], "uv_size": [0.75, 0.25]},
								"west": {"uv": [0.25, 7.75], "uv_size": [0.25, -0.75]},
								"up": {"uv": [1, 7], "uv_size": [-0.75, 0.75]},
								"down": {"uv": [1, 7.75], "uv_size": [-0.75, -0.75]}
							}
						},
						{
							"origin": [-1.8125, 13.0625, -4.5],
							"size": [1.125, 0.5, 1.125],
							"pivot": [-5, 13.3125, -10.3125],
							"rotation": [0, -90, 90],
							"uv": {
								"north": {"uv": [2.5, 7.5], "uv_size": [-0.75, 0.25]},
								"east": {"uv": [2.25, 7.75], "uv_size": [0.25, -0.75]},
								"south": {"uv": [1.75, 7], "uv_size": [0.75, 0.25]},
								"west": {"uv": [1.75, 7.75], "uv_size": [0.25, -0.75]},
								"up": {"uv": [2.5, 7], "uv_size": [-0.75, 0.75]},
								"down": {"uv": [2.5, 7.75], "uv_size": [-0.75, -0.75]}
							}
						},
						{
							"origin": [1.5625, 13.0625, -4.5],
							"size": [0.375, 0.5, 0.75],
							"pivot": [-5, 13.3125, -10.3125],
							"rotation": [0, -90, 90],
							"uv": {
								"north": {"uv": [0.25, 7.5], "uv_size": [-0.25, 0.25]},
								"east": {"uv": [0, 7.75], "uv_size": [0.25, -0.5]},
								"south": {"uv": [0, 7.25], "uv_size": [0.25, 0.25]},
								"west": {"uv": [0, 7.75], "uv_size": [0.25, -0.5]},
								"up": {"uv": [0.25, 7.25], "uv_size": [-0.25, 0.5]},
								"down": {"uv": [0.25, 7.75], "uv_size": [-0.25, -0.5]}
							}
						},
						{
							"origin": [-0.6875, 13.0625, -16.5],
							"size": [1.125, 0.5, 12.75],
							"pivot": [-5, 13.3125, -10.3125],
							"rotation": [0, -90, 90],
							"uv": {
								"north": {"uv": [1.75, 15.5], "uv_size": [-0.75, 0.25]},
								"east": {"uv": [1.5, 15.75], "uv_size": [0.25, -8.5]},
								"south": {"uv": [1, 7.25], "uv_size": [0.75, 0.25]},
								"west": {"uv": [1, 15.75], "uv_size": [0.25, -8.5]},
								"up": {"uv": [1.75, 7.25], "uv_size": [-0.75, 8.5]},
								"down": {"uv": [1.75, 15.75], "uv_size": [-0.75, -8.5]}
							}
						},
						{
							"origin": [-2.1875, 13.0625, -4.5],
							"size": [0.375, 0.5, 0.75],
							"pivot": [-5, 13.3125, -10.3125],
							"rotation": [0, -90, 90],
							"uv": {
								"north": {"uv": [2.75, 7.5], "uv_size": [-0.25, 0.25]},
								"east": {"uv": [2.5, 7.75], "uv_size": [0.25, -0.5]},
								"south": {"uv": [2.5, 7.25], "uv_size": [0.25, 0.25]},
								"west": {"uv": [2.5, 7.75], "uv_size": [0.25, -0.5]},
								"up": {"uv": [2.75, 7.25], "uv_size": [-0.25, 0.5]},
								"down": {"uv": [2.75, 7.75], "uv_size": [-0.25, -0.5]}
							}
						},
						{
							"origin": [0.4375, 13.0625, -4.875],
							"size": [0.75, 0.5, 0.375],
							"pivot": [-5, 13.3125, -10.3125],
							"rotation": [0, -90, 90],
							"uv": {
								"north": {"uv": [1, 7.75], "uv_size": [-0.5, 0.25]},
								"east": {"uv": [0.75, 8], "uv_size": [0.25, -0.25]},
								"south": {"uv": [0.5, 7.75], "uv_size": [0.5, 0.25]},
								"west": {"uv": [0.5, 8], "uv_size": [0.25, -0.25]},
								"up": {"uv": [1, 7.75], "uv_size": [-0.5, 0.25]},
								"down": {"uv": [1, 8], "uv_size": [-0.5, -0.25]}
							}
						},
						{
							"origin": [-1.4375, 13.0625, -4.875],
							"size": [0.75, 0.5, 0.375],
							"pivot": [-5, 13.3125, -10.3125],
							"rotation": [0, -90, 90],
							"uv": {
								"north": {"uv": [2.25, 7.75], "uv_size": [-0.5, 0.25]},
								"east": {"uv": [2, 8], "uv_size": [0.25, -0.25]},
								"south": {"uv": [1.75, 7.75], "uv_size": [0.5, 0.25]},
								"west": {"uv": [1.75, 8], "uv_size": [0.25, -0.25]},
								"up": {"uv": [2.25, 7.75], "uv_size": [-0.5, 0.25]},
								"down": {"uv": [2.25, 8], "uv_size": [-0.5, -0.25]}
							}
						},
						{
							"origin": [0.4375, 13.0625, -16.875],
							"size": [0.375, 0.5, 12],
							"pivot": [-5, 13.3125, -10.3125],
							"rotation": [0, -90, 90],
							"uv": {
								"north": {"uv": [1, 15.75], "uv_size": [-0.25, 0.25]},
								"east": {"uv": [0.75, 16], "uv_size": [0.25, -8]},
								"south": {"uv": [0.75, 8], "uv_size": [0.25, 0.25]},
								"west": {"uv": [0.75, 16], "uv_size": [0.25, -8]},
								"up": {"uv": [1, 8], "uv_size": [-0.25, 8]},
								"down": {"uv": [1, 16], "uv_size": [-0.25, -8]}
							}
						},
						{
							"origin": [-1.0625, 13.0625, -16.875],
							"size": [0.375, 0.5, 12],
							"pivot": [-5, 13.3125, -10.3125],
							"rotation": [0, -90, 90],
							"uv": {
								"north": {"uv": [2, 15.75], "uv_size": [-0.25, 0.25]},
								"east": {"uv": [1.75, 16], "uv_size": [0.25, -8]},
								"south": {"uv": [1.75, 8], "uv_size": [0.25, 0.25]},
								"west": {"uv": [1.75, 16], "uv_size": [0.25, -8]},
								"up": {"uv": [2, 8], "uv_size": [-0.25, 8]},
								"down": {"uv": [2, 16], "uv_size": [-0.25, -8]}
							}
						},
						{
							"origin": [-11.5625, 13.0625, -11.25],
							"size": [10.5, 0.5, 2.25],
							"pivot": [-5, 13.3125, -10.3125],
							"rotation": [0, -90, 90],
							"uv": {
								"north": {"uv": [9, 12], "uv_size": [-7, 0.25]},
								"east": {"uv": [8.75, 12.25], "uv_size": [0.25, -1.5]},
								"south": {"uv": [2, 10.75], "uv_size": [7, 0.25]},
								"west": {"uv": [2, 12.25], "uv_size": [0.25, -1.5]},
								"up": {"uv": [9, 10.75], "uv_size": [-7, 1.5]},
								"down": {"uv": [9, 12.25], "uv_size": [-7, -1.5]}
							}
						},
						{
							"origin": [-11.9375, 13.0625, -10.875],
							"size": [0.375, 0.5, 1.5],
							"pivot": [-5, 13.3125, -10.3125],
							"rotation": [0, -90, 90],
							"uv": {
								"north": {"uv": [9.25, 11.75], "uv_size": [-0.25, 0.25]},
								"east": {"uv": [9, 12], "uv_size": [0.25, -1]},
								"south": {"uv": [9, 11], "uv_size": [0.25, 0.25]},
								"west": {"uv": [9, 12], "uv_size": [0.25, -1]},
								"up": {"uv": [9.25, 11], "uv_size": [-0.25, 1]},
								"down": {"uv": [9.25, 12], "uv_size": [-0.25, -1]}
							}
						},
						{
							"origin": [0.8125, 13.0625, -16.875],
							"size": [0.375, 0.5, 1.5],
							"pivot": [-5, 13.3125, -10.3125],
							"rotation": [0, -90, 90],
							"uv": {
								"north": {"uv": [0.75, 15.75], "uv_size": [-0.25, 0.25]},
								"east": {"uv": [0.5, 16], "uv_size": [0.25, -1]},
								"south": {"uv": [0.5, 15], "uv_size": [0.25, 0.25]},
								"west": {"uv": [0.5, 16], "uv_size": [0.25, -1]},
								"up": {"uv": [0.75, 15], "uv_size": [-0.25, 1]},
								"down": {"uv": [0.75, 16], "uv_size": [-0.25, -1]}
							}
						},
						{
							"origin": [-0.375, 13, -15.875],
							"size": [0.5, 0.625, 0.5],
							"pivot": [-5, 13.3125, -10.3125],
							"rotation": [0, -90, 90],
							"uv": {
								"north": {"uv": [3.875, 8.375], "uv_size": [-0.75, 0.75]},
								"east": {"uv": [3.125, 9.125], "uv_size": [0.75, -0.75]},
								"south": {"uv": [3.125, 8.375], "uv_size": [0.75, 0.75]},
								"west": {"uv": [3.125, 9.125], "uv_size": [0.75, -0.75]},
								"up": {"uv": [3.875, 8.375], "uv_size": [-0.75, 0.75]},
								"down": {"uv": [3.875, 9.125], "uv_size": [-0.75, -0.75]}
							}
						},
						{
							"origin": [-0.375, 13, -11.6875],
							"size": [0.5, 0.625, 0.5],
							"pivot": [-5, 13.3125, -10.3125],
							"rotation": [0, -90, 90],
							"uv": {
								"north": {"uv": [3.875, 8.375], "uv_size": [-0.75, 0.75]},
								"east": {"uv": [3.125, 9.125], "uv_size": [0.75, -0.75]},
								"south": {"uv": [3.125, 8.375], "uv_size": [0.75, 0.75]},
								"west": {"uv": [3.125, 9.125], "uv_size": [0.75, -0.75]},
								"up": {"uv": [3.875, 8.375], "uv_size": [-0.75, 0.75]},
								"down": {"uv": [3.875, 9.125], "uv_size": [-0.75, -0.75]}
							}
						},
						{
							"origin": [-0.375, 13, -9.0625],
							"size": [0.5, 0.625, 0.5],
							"pivot": [-5, 13.3125, -10.3125],
							"rotation": [0, -90, 90],
							"uv": {
								"north": {"uv": [3.875, 8.375], "uv_size": [-0.75, 0.75]},
								"east": {"uv": [3.125, 9.125], "uv_size": [0.75, -0.75]},
								"south": {"uv": [3.125, 8.375], "uv_size": [0.75, 0.75]},
								"west": {"uv": [3.125, 9.125], "uv_size": [0.75, -0.75]},
								"up": {"uv": [3.875, 8.375], "uv_size": [-0.75, 0.75]},
								"down": {"uv": [3.875, 9.125], "uv_size": [-0.75, -0.75]}
							}
						},
						{
							"origin": [-5.5625, 13.1875, -6],
							"size": [1.125, 0.625, 1.125],
							"pivot": [-5, 13.5, -5.4375],
							"rotation": [0, -90, 90],
							"uv": {
								"north": {"uv": [6.875, 8.375], "uv_size": [-0.75, 0.75]},
								"east": {"uv": [6.125, 9.125], "uv_size": [0.75, -0.75]},
								"south": {"uv": [6.125, 8.375], "uv_size": [0.75, 0.75]},
								"west": {"uv": [6.125, 9.125], "uv_size": [0.75, -0.75]},
								"up": {"uv": [6.875, 8.375], "uv_size": [-0.75, 0.75]},
								"down": {"uv": [6.875, 9.125], "uv_size": [-0.75, -0.75]}
							}
						},
						{
							"origin": [-0.3125, 13, -14.75],
							"size": [0.375, 0.625, 0.375],
							"pivot": [-5, 13.3125, -10.3125],
							"rotation": [0, -90, 90],
							"uv": {
								"north": {"uv": [3.875, 8.375], "uv_size": [-0.75, 0.75]},
								"east": {"uv": [3.125, 9.125], "uv_size": [0.75, -0.75]},
								"south": {"uv": [3.125, 8.375], "uv_size": [0.75, 0.75]},
								"west": {"uv": [3.125, 9.125], "uv_size": [0.75, -0.75]},
								"up": {"uv": [3.875, 8.375], "uv_size": [-0.75, 0.75]},
								"down": {"uv": [3.875, 9.125], "uv_size": [-0.75, -0.75]}
							}
						},
						{
							"origin": [-0.375, 13, -4.875],
							"size": [0.5, 0.625, 0.5],
							"pivot": [-5, 13.3125, -10.3125],
							"rotation": [0, -90, 90],
							"uv": {
								"north": {"uv": [3.875, 8.375], "uv_size": [-0.75, 0.75]},
								"east": {"uv": [3.125, 9.125], "uv_size": [0.75, -0.75]},
								"south": {"uv": [3.125, 8.375], "uv_size": [0.75, 0.75]},
								"west": {"uv": [3.125, 9.125], "uv_size": [0.75, -0.75]},
								"up": {"uv": [3.875, 8.375], "uv_size": [-0.75, 0.75]},
								"down": {"uv": [3.875, 9.125], "uv_size": [-0.75, -0.75]}
							}
						},
						{
							"origin": [-0.3125, 13, -5.875],
							"size": [0.375, 0.625, 0.375],
							"pivot": [-5, 13.3125, -10.3125],
							"rotation": [0, -90, 90],
							"uv": {
								"north": {"uv": [3.875, 8.375], "uv_size": [-0.75, 0.75]},
								"east": {"uv": [3.125, 9.125], "uv_size": [0.75, -0.75]},
								"south": {"uv": [3.125, 8.375], "uv_size": [0.75, 0.75]},
								"west": {"uv": [3.125, 9.125], "uv_size": [0.75, -0.75]},
								"up": {"uv": [3.875, 8.375], "uv_size": [-0.75, 0.75]},
								"down": {"uv": [3.875, 9.125], "uv_size": [-0.75, -0.75]}
							}
						},
						{
							"origin": [-0.3125, 13, -15.25],
							"size": [0.375, 0.625, 0.375],
							"pivot": [-5, 13.3125, -10.3125],
							"rotation": [0, -90, 90],
							"uv": {
								"north": {"uv": [5.375, 8.375], "uv_size": [-0.75, 0.75]},
								"east": {"uv": [4.625, 9.125], "uv_size": [0.75, -0.75]},
								"south": {"uv": [4.625, 8.375], "uv_size": [0.75, 0.75]},
								"west": {"uv": [4.625, 9.125], "uv_size": [0.75, -0.75]},
								"up": {"uv": [5.375, 8.375], "uv_size": [-0.75, 0.75]},
								"down": {"uv": [5.375, 9.125], "uv_size": [-0.75, -0.75]}
							}
						},
						{
							"origin": [-0.3125, 13, -5.375],
							"size": [0.375, 0.625, 0.375],
							"pivot": [-5, 13.3125, -10.3125],
							"rotation": [0, -90, 90],
							"uv": {
								"north": {"uv": [5.375, 8.375], "uv_size": [-0.75, 0.75]},
								"east": {"uv": [4.625, 9.125], "uv_size": [0.75, -0.75]},
								"south": {"uv": [4.625, 8.375], "uv_size": [0.75, 0.75]},
								"west": {"uv": [4.625, 9.125], "uv_size": [0.75, -0.75]},
								"up": {"uv": [5.375, 8.375], "uv_size": [-0.75, 0.75]},
								"down": {"uv": [5.375, 9.125], "uv_size": [-0.75, -0.75]}
							}
						},
						{
							"origin": [-1.4375, 13.0625, -16.875],
							"size": [0.375, 0.5, 1.5],
							"pivot": [-5, 13.3125, -10.3125],
							"rotation": [0, -90, 90],
							"uv": {
								"north": {"uv": [2.25, 15.75], "uv_size": [-0.25, 0.25]},
								"east": {"uv": [2, 16], "uv_size": [0.25, -1]},
								"south": {"uv": [2, 15], "uv_size": [0.25, 0.25]},
								"west": {"uv": [2, 16], "uv_size": [0.25, -1]},
								"up": {"uv": [2.25, 15], "uv_size": [-0.25, 1]},
								"down": {"uv": [2.25, 16], "uv_size": [-0.25, -1]}
							}
						},
						{
							"origin": [1.1875, 13.0625, -16.5],
							"size": [0.75, 0.5, 0.75],
							"pivot": [-5, 13.3125, -10.3125],
							"rotation": [0, -90, 90],
							"uv": {
								"north": {"uv": [0.5, 15.5], "uv_size": [-0.5, 0.25]},
								"east": {"uv": [0.25, 15.75], "uv_size": [0.25, -0.5]},
								"south": {"uv": [0, 15.25], "uv_size": [0.5, 0.25]},
								"west": {"uv": [0, 15.75], "uv_size": [0.25, -0.5]},
								"up": {"uv": [0.5, 15.25], "uv_size": [-0.5, 0.5]},
								"down": {"uv": [0.5, 15.75], "uv_size": [-0.5, -0.5]}
							}
						},
						{
							"origin": [-2.1875, 13.0625, -16.5],
							"size": [0.75, 0.5, 0.75],
							"pivot": [-5, 13.3125, -10.3125],
							"rotation": [0, -90, 90],
							"uv": {
								"north": {"uv": [2.75, 15.5], "uv_size": [-0.5, 0.25]},
								"east": {"uv": [2.5, 15.75], "uv_size": [0.25, -0.5]},
								"south": {"uv": [2.25, 15.25], "uv_size": [0.5, 0.25]},
								"west": {"uv": [2.25, 15.75], "uv_size": [0.25, -0.5]},
								"up": {"uv": [2.75, 15.25], "uv_size": [-0.5, 0.5]},
								"down": {"uv": [2.75, 15.75], "uv_size": [-0.5, -0.5]}
							}
						},
						{
							"origin": [1.1875, 13.0625, -16.875],
							"size": [0.375, 0.5, 0.375],
							"pivot": [-5, 13.3125, -10.3125],
							"rotation": [0, -90, 90],
							"uv": {
								"north": {"uv": [0.5, 15.75], "uv_size": [-0.25, 0.25]},
								"east": {"uv": [0.25, 16], "uv_size": [0.25, -0.25]},
								"south": {"uv": [0.25, 15.75], "uv_size": [0.25, 0.25]},
								"west": {"uv": [0.25, 16], "uv_size": [0.25, -0.25]},
								"up": {"uv": [0.5, 15.75], "uv_size": [-0.25, 0.25]},
								"down": {"uv": [0.5, 16], "uv_size": [-0.25, -0.25]}
							}
						},
						{
							"origin": [-1.8125, 13.0625, -16.875],
							"size": [0.375, 0.5, 0.375],
							"pivot": [-5, 13.3125, -10.3125],
							"rotation": [0, -90, 90],
							"uv": {
								"north": {"uv": [2.5, 15.75], "uv_size": [-0.25, 0.25]},
								"east": {"uv": [2.25, 16], "uv_size": [0.25, -0.25]},
								"south": {"uv": [2.25, 15.75], "uv_size": [0.25, 0.25]},
								"west": {"uv": [2.25, 16], "uv_size": [0.25, -0.25]},
								"up": {"uv": [2.5, 15.75], "uv_size": [-0.25, 0.25]},
								"down": {"uv": [2.5, 16], "uv_size": [-0.25, -0.25]}
							}
						}
					]
				},
				{
					"name": "yoru_blade",
					"parent": "katana",
					"pivot": [-4.875, 13.5, -6.25],
					"cubes": [
						{
							"origin": [-57.5, -14.2375, -7.3875],
							"size": [2, 0.25, 0.5],
							"pivot": [-4.875, -14.2375, 19.8625],
							"rotation": [0, -90, -90],
							"uv": {
								"north": {"uv": [13.25, 2], "uv_size": [-1, 0.25]},
								"east": {"uv": [13, 2], "uv_size": [0.25, 0.25]},
								"south": {"uv": [12.25, 2], "uv_size": [1, 0.25]},
								"west": {"uv": [12.25, 2], "uv_size": [0.25, 0.25]},
								"up": {"uv": [13.25, 2.25], "uv_size": [-1, -0.25]},
								"down": {"uv": [13.25, 2], "uv_size": [-1, 0.25]}
							}
						},
						{
							"origin": [-59.5, -14.2375, -7.8875],
							"size": [0.5, 0.25, 0.5],
							"pivot": [-4.875, -14.2375, 19.8625],
							"rotation": [0, -90, -90],
							"uv": {
								"north": {"uv": [14.25, 1.75], "uv_size": [-0.25, 0.25]},
								"east": {"uv": [14, 1.75], "uv_size": [0.25, 0.25]},
								"south": {"uv": [14, 1.75], "uv_size": [0.25, 0.25]},
								"west": {"uv": [14, 1.75], "uv_size": [0.25, 0.25]},
								"up": {"uv": [14.25, 2], "uv_size": [-0.25, -0.25]},
								"down": {"uv": [14.25, 1.75], "uv_size": [-0.25, 0.25]}
							}
						},
						{
							"origin": [-62, -14.2375, -8.8875],
							"size": [1, 0.25, 0.5],
							"pivot": [-4.875, -14.2375, 19.8625],
							"rotation": [0, -90, -90],
							"uv": {
								"north": {"uv": [15.5, 1.25], "uv_size": [-0.5, 0.25]},
								"east": {"uv": [15.25, 1.25], "uv_size": [0.25, 0.25]},
								"south": {"uv": [15, 1.25], "uv_size": [0.5, 0.25]},
								"west": {"uv": [15, 1.25], "uv_size": [0.25, 0.25]},
								"up": {"uv": [15.5, 1.5], "uv_size": [-0.5, -0.25]},
								"down": {"uv": [15.5, 1.25], "uv_size": [-0.5, 0.25]}
							}
						},
						{
							"origin": [-48, -14.2375, -9.3875],
							"size": [17, 0.25, 3],
							"pivot": [-4.875, -14.2375, 19.8625],
							"rotation": [0, -90, -90],
							"uv": {
								"north": {"uv": [8.5, 1], "uv_size": [-8.5, 0.25]},
								"east": {"uv": [8.25, 1], "uv_size": [0.25, 1.5]},
								"south": {"uv": [0, 2.25], "uv_size": [8.5, 0.25]},
								"west": {"uv": [0, 1], "uv_size": [0.25, 1.5]},
								"up": {"uv": [8.5, 2.5], "uv_size": [-8.5, -1.5]},
								"down": {"uv": [8.5, 1], "uv_size": [-8.5, 1.5]}
							}
						},
						{
							"origin": [-62.5, -14.2375, -9.8875],
							"size": [1.5, 0.25, 1],
							"pivot": [-4.875, -14.2375, 19.8625],
							"rotation": [0, -90, -90],
							"uv": {
								"north": {"uv": [15.75, 0.75], "uv_size": [-0.75, 0.25]},
								"east": {"uv": [15.5, 0.75], "uv_size": [0.25, 0.5]},
								"south": {"uv": [15, 1], "uv_size": [0.75, 0.25]},
								"west": {"uv": [15, 0.75], "uv_size": [0.25, 0.5]},
								"up": {"uv": [15.75, 1.25], "uv_size": [-0.75, -0.5]},
								"down": {"uv": [15.75, 0.75], "uv_size": [-0.75, 0.5]}
							}
						},
						{
							"origin": [-55.5, -14.2375, -9.8875],
							"size": [1.5, 0.25, 3],
							"pivot": [-4.875, -14.2375, 19.8625],
							"rotation": [0, -90, -90],
							"uv": {
								"north": {"uv": [12.25, 0.75], "uv_size": [-0.75, 0.25]},
								"east": {"uv": [12, 0.75], "uv_size": [0.25, 1.5]},
								"south": {"uv": [11.5, 2], "uv_size": [0.75, 0.25]},
								"west": {"uv": [11.5, 0.75], "uv_size": [0.25, 1.5]},
								"up": {"uv": [12.25, 2.25], "uv_size": [-0.75, -1.5]},
								"down": {"uv": [12.25, 0.75], "uv_size": [-0.75, 1.5]}
							}
						},
						{
							"origin": [-54, -14.2375, -9.8875],
							"size": [6, 0.25, 3.5],
							"pivot": [-4.875, -14.2375, 19.8625],
							"rotation": [0, -90, -90],
							"uv": {
								"north": {"uv": [11.5, 0.75], "uv_size": [-3, 0.25]},
								"east": {"uv": [11.25, 0.75], "uv_size": [0.25, 1.75]},
								"south": {"uv": [8.5, 2.25], "uv_size": [3, 0.25]},
								"west": {"uv": [8.5, 0.75], "uv_size": [0.25, 1.75]},
								"up": {"uv": [11.5, 2.5], "uv_size": [-3, -1.75]},
								"down": {"uv": [11.5, 0.75], "uv_size": [-3, 1.75]}
							}
						},
						{
							"origin": [-59, -14.2375, -10.3875],
							"size": [3.5, 0.25, 3],
							"pivot": [-4.875, -14.2375, 19.8625],
							"rotation": [0, -90, -90],
							"uv": {
								"north": {"uv": [14, 0.5], "uv_size": [-1.75, 0.25]},
								"east": {"uv": [13.75, 0.5], "uv_size": [0.25, 1.5]},
								"south": {"uv": [12.25, 1.75], "uv_size": [1.75, 0.25]},
								"west": {"uv": [12.25, 0.5], "uv_size": [0.25, 1.5]},
								"up": {"uv": [14, 2], "uv_size": [-1.75, -1.5]},
								"down": {"uv": [14, 0.5], "uv_size": [-1.75, 1.5]}
							}
						},
						{
							"origin": [-61, -14.2375, -10.8875],
							"size": [2, 0.25, 3],
							"pivot": [-4.875, -14.2375, 19.8625],
							"rotation": [0, -90, -90],
							"uv": {
								"north": {"uv": [15, 0.25], "uv_size": [-1, 0.25]},
								"east": {"uv": [14.75, 0.25], "uv_size": [0.25, 1.5]},
								"south": {"uv": [14, 1.5], "uv_size": [1, 0.25]},
								"west": {"uv": [14, 0.25], "uv_size": [0.25, 1.5]},
								"up": {"uv": [15, 1.75], "uv_size": [-1, -1.5]},
								"down": {"uv": [15, 0.25], "uv_size": [-1, 1.5]}
							}
						},
						{
							"origin": [-63, -14.2375, -11.3875],
							"size": [2, 0.25, 1.5],
							"pivot": [-4.875, -14.2375, 19.8625],
							"rotation": [0, -90, -90],
							"uv": {
								"north": {"uv": [16, 0], "uv_size": [-1, 0.25]},
								"east": {"uv": [15.75, 0], "uv_size": [0.25, 0.75]},
								"south": {"uv": [15, 0.5], "uv_size": [1, 0.25]},
								"west": {"uv": [15, 0], "uv_size": [0.25, 0.75]},
								"up": {"uv": [16, 0.75], "uv_size": [-1, -0.75]},
								"down": {"uv": [16, 0], "uv_size": [-1, 0.75]}
							}
						}
					]
				},
				{
					"name": "yoru_blade2",
					"parent": "katana",
					"pivot": [-4.75, 13.5, -6.25],
					"cubes": [
						{
							"origin": [-57.625, -14.1125, -7.3875],
							"size": [2.25, 0.25, 0.75],
							"inflate": 0.1,
							"pivot": [-4.75, -14.2375, 19.8625],
							"rotation": [0, -90, -90],
							"uv": {
								"north": {"uv": [13.25, 2], "uv_size": [-1, 0.25]},
								"east": {"uv": [13, 2], "uv_size": [0.25, 0.25]},
								"south": {"uv": [12.25, 2], "uv_size": [1, 0.25]},
								"west": {"uv": [12.25, 2], "uv_size": [0.25, 0.25]},
								"up": {"uv": [13.25, 2.25], "uv_size": [-1, -0.25]},
								"down": {"uv": [13.25, 2], "uv_size": [-1, 0.25]}
							}
						},
						{
							"origin": [-59.625, -14.1125, -7.8875],
							"size": [0.75, 0.25, 0.75],
							"inflate": 0.1,
							"pivot": [-4.75, -14.2375, 19.8625],
							"rotation": [0, -90, -90],
							"uv": {
								"north": {"uv": [14.25, 1.75], "uv_size": [-0.25, 0.25]},
								"east": {"uv": [14, 1.75], "uv_size": [0.25, 0.25]},
								"south": {"uv": [14, 1.75], "uv_size": [0.25, 0.25]},
								"west": {"uv": [14, 1.75], "uv_size": [0.25, 0.25]},
								"up": {"uv": [14.25, 2], "uv_size": [-0.25, -0.25]},
								"down": {"uv": [14.25, 1.75], "uv_size": [-0.25, 0.25]}
							}
						},
						{
							"origin": [-62.125, -14.1125, -8.8875],
							"size": [1.25, 0.25, 0.75],
							"inflate": 0.1,
							"pivot": [-4.75, -14.2375, 19.8625],
							"rotation": [0, -90, -90],
							"uv": {
								"north": {"uv": [15.5, 1.25], "uv_size": [-0.5, 0.25]},
								"east": {"uv": [15.25, 1.25], "uv_size": [0.25, 0.25]},
								"south": {"uv": [15, 1.25], "uv_size": [0.5, 0.25]},
								"west": {"uv": [15, 1.25], "uv_size": [0.25, 0.25]},
								"up": {"uv": [15.5, 1.5], "uv_size": [-0.5, -0.25]},
								"down": {"uv": [15.5, 1.25], "uv_size": [-0.5, 0.25]}
							}
						},
						{
							"origin": [-47.875, -14.1125, -9.6375],
							"size": [17, 0.25, 3.5],
							"inflate": 0.1,
							"pivot": [-4.75, -14.2375, 19.8625],
							"rotation": [0, -90, -90],
							"uv": {
								"north": {"uv": [8.5, 1], "uv_size": [-8.5, 0.25]},
								"east": {"uv": [8.25, 1], "uv_size": [0.25, 1.5]},
								"south": {"uv": [0, 2.25], "uv_size": [8.5, 0.25]},
								"west": {"uv": [0, 1], "uv_size": [0.25, 1.5]},
								"up": {"uv": [8.5, 2.5], "uv_size": [-8.5, -1.5]},
								"down": {"uv": [8.5, 1], "uv_size": [-8.5, 1.5]}
							}
						},
						{
							"origin": [-62.625, -14.1125, -9.8875],
							"size": [1.75, 0.25, 1.25],
							"inflate": 0.1,
							"pivot": [-4.75, -14.2375, 19.8625],
							"rotation": [0, -90, -90],
							"uv": {
								"north": {"uv": [15.75, 0.75], "uv_size": [-0.75, 0.25]},
								"east": {"uv": [15.5, 0.75], "uv_size": [0.25, 0.5]},
								"south": {"uv": [15, 1], "uv_size": [0.75, 0.25]},
								"west": {"uv": [15, 0.75], "uv_size": [0.25, 0.5]},
								"up": {"uv": [15.75, 1.25], "uv_size": [-0.75, -0.5]},
								"down": {"uv": [15.75, 0.75], "uv_size": [-0.75, 0.5]}
							}
						},
						{
							"origin": [-55.375, -14.1125, -10.1375],
							"size": [1.5, 0.25, 3.5],
							"inflate": 0.1,
							"pivot": [-4.75, -14.2375, 19.8625],
							"rotation": [0, -90, -90],
							"uv": {
								"north": {"uv": [12.25, 0.75], "uv_size": [-0.75, 0.25]},
								"east": {"uv": [12, 0.75], "uv_size": [0.25, 1.5]},
								"south": {"uv": [11.5, 2], "uv_size": [0.75, 0.25]},
								"west": {"uv": [11.5, 0.75], "uv_size": [0.25, 1.5]},
								"up": {"uv": [12.25, 2.25], "uv_size": [-0.75, -1.5]},
								"down": {"uv": [12.25, 0.75], "uv_size": [-0.75, 1.5]}
							}
						},
						{
							"origin": [-54.125, -14.1125, -10.1375],
							"size": [6.5, 0.25, 4],
							"inflate": 0.1,
							"pivot": [-4.75, -14.2375, 19.8625],
							"rotation": [0, -90, -90],
							"uv": {
								"north": {"uv": [11.5, 0.75], "uv_size": [-3, 0.25]},
								"east": {"uv": [11.25, 0.75], "uv_size": [0.25, 1.75]},
								"south": {"uv": [8.5, 2.25], "uv_size": [3, 0.25]},
								"west": {"uv": [8.5, 0.75], "uv_size": [0.25, 1.75]},
								"up": {"uv": [11.5, 2.5], "uv_size": [-3, -1.75]},
								"down": {"uv": [11.5, 0.75], "uv_size": [-3, 1.75]}
							}
						},
						{
							"origin": [-58.875, -14.1125, -10.6375],
							"size": [3.75, 0.25, 3.5],
							"inflate": 0.1,
							"pivot": [-4.75, -14.2375, 19.8625],
							"rotation": [0, -90, -90],
							"uv": {
								"north": {"uv": [14, 0.5], "uv_size": [-1.75, 0.25]},
								"east": {"uv": [13.75, 0.5], "uv_size": [0.25, 1.5]},
								"south": {"uv": [12.25, 1.75], "uv_size": [1.75, 0.25]},
								"west": {"uv": [12.25, 0.5], "uv_size": [0.25, 1.5]},
								"up": {"uv": [14, 2], "uv_size": [-1.75, -1.5]},
								"down": {"uv": [14, 0.5], "uv_size": [-1.75, 1.5]}
							}
						},
						{
							"origin": [-61.125, -14.1125, -11.1375],
							"size": [2.5, 0.25, 3.5],
							"inflate": 0.1,
							"pivot": [-4.75, -14.2375, 19.8625],
							"rotation": [0, -90, -90],
							"uv": {
								"north": {"uv": [15, 0.25], "uv_size": [-1, 0.25]},
								"east": {"uv": [14.75, 0.25], "uv_size": [0.25, 1.5]},
								"south": {"uv": [14, 1.5], "uv_size": [1, 0.25]},
								"west": {"uv": [14, 0.25], "uv_size": [0.25, 1.5]},
								"up": {"uv": [15, 1.75], "uv_size": [-1, -1.5]},
								"down": {"uv": [15, 0.25], "uv_size": [-1, 1.5]}
							}
						},
						{
							"origin": [-63.125, -14.1125, -11.6375],
							"size": [2.5, 0.25, 1.75],
							"inflate": 0.1,
							"pivot": [-4.75, -14.2375, 19.8625],
							"rotation": [0, -90, -90],
							"uv": {
								"north": {"uv": [16, 0], "uv_size": [-1, 0.25]},
								"east": {"uv": [15.75, 0], "uv_size": [0.25, 0.75]},
								"south": {"uv": [15, 0.5], "uv_size": [1, 0.25]},
								"west": {"uv": [15, 0], "uv_size": [0.25, 0.75]},
								"up": {"uv": [16, 0.75], "uv_size": [-1, -0.75]},
								"down": {"uv": [16, 0], "uv_size": [-1, 0.75]}
							}
						}
					]
				}
			]
		}
	]
}