{
	"format_version": "1.12.0",
	"minecraft:geometry": [
		{
			"description": {
				"identifier": "geometry.smoker",
				"texture_width": 64,
				"texture_height": 64,
				"visible_bounds_width": 2,
				"visible_bounds_height": 3.5,
				"visible_bounds_offset": [0, 1.25, 0]
			},
			"bones": [
				{
					"name": "root2",
					"pivot": [0, 0, 0]
				},
				{
					"name": "root",
					"parent": "root2",
					"pivot": [0, 0, 0]
				},
				{
					"name": "tudo",
					"parent": "root",
					"pivot": [0, 12, 0]
				},
				{
					"name": "waist",
					"parent": "tudo",
					"pivot": [0, 12, 0]
				},
				{
					"name": "body",
					"parent": "waist",
					"pivot": [0, 24, 0],
					"cubes": [
						{"origin": [-4, 12, -2], "size": [8, 12, 4], "inflate": 0.15, "uv": [16, 32]},
						{"origin": [-4, 12, -2], "size": [8, 12, 4], "uv": [16, 16]}
					]
				},
				{
					"name": "head",
					"parent": "body",
					"pivot": [0, 24, 0],
					"cubes": [
						{"origin": [-4, 23.75, -4], "size": [8, 8, 8], "inflate": -0.25, "uv": [0, 0]},
						{"origin": [-4, 23.75, -4], "size": [8, 8, 8], "inflate": -0.2, "uv": [32, 0]},
						{"origin": [-5, 24, -3], "size": [1, 1, 8], "uv": [0, 55]},
						{"origin": [-4, 24, 4], "size": [8, 1, 1], "uv": [0, 53]},
						{"origin": [-4, 23, 2], "size": [8, 1, 2], "uv": [0, 32]},
						{"origin": [4, 24, -3], "size": [1, 1, 8], "uv": [0, 55], "mirror": true},
						{"origin": [-2, 25, -7], "size": [1, 1, 3], "inflate": -0.1, "pivot": [-1, 25.5, -4], "rotation": [-5, 40, 0], "uv": [0, 0]}
					],
					"locators": {
						"cigarette": [-3.25, 25.5, -5.75]
					}
				},
				{
					"name": "rightArm",
					"parent": "body",
					"pivot": [-5, 22, 0],
					"cubes": [
						{"origin": [-8, 12, -2], "size": [4, 12, 4], "uv": [40, 16]}
					]
				},
				{
					"name": "leftArm",
					"parent": "body",
					"pivot": [5, 22, 0],
					"cubes": [
						{"origin": [4, 12, -2], "size": [4, 12, 4], "uv": [40, 16], "mirror": true}
					]
				},
				{
					"name": "rightLeg",
					"parent": "tudo",
					"pivot": [-2, 12, 0],
					"cubes": [
						{"origin": [-4, 0, -2], "size": [4, 12, 4], "uv": [0, 16]}
					]
				},
				{
					"name": "leftLeg",
					"parent": "tudo",
					"pivot": [2, 12, 0],
					"cubes": [
						{"origin": [0, 0, -2], "size": [4, 12, 4], "uv": [0, 16], "mirror": true}
					]
				}
			]
		}
	]
}