{
  "format_version": "1.18.10",
  "minecraft:entity": {
    "description": {
      "identifier": "wesl3y:dialogue",
      "is_spawnable": false,
      "is_summonable": true,
      "is_experimental": false
    },
    "component_groups": {
      "loguetown": {
        "minecraft:mark_variant": {
          "value": 0
        }
      },
      "wesl3y:ui_enma_daioh": {
        "minecraft:mark_variant": {
          "value": 1
        }
      },
      "wesl3y:ui_kami_sama": {
        "minecraft:mark_variant": {
          "value": 2
        }
      },
      "wesl3y:ui_king_kai": {
        "minecraft:mark_variant": {
          "value": 3
        }
      },
      "wesl3y:ui_korin": {
        "minecraft:mark_variant": {
          "value": 4
        }
      },
      "wesl3y:ui_piccolo": {
        "minecraft:mark_variant": {
          "value": 5
        }
      },
      "wesl3y:ui_whis": {
        "minecraft:mark_variant": {
          "value": 6
        }
      },
      "wesl3y:despawn": {
        "minecraft:instant_despawn": {}
      }
    },
    "components": {
      "minecraft:type_family": {
        "family": [
          "inanimate"
        ]
      },
      "minecraft:collision_box": {
        "width": 0.00001,
        "height": 0.00001
      },
      "minecraft:custom_hit_test": {
        "hitboxes": [
          {
            "width": 0,
            "height": 0,
            "pivot": [
              0,
              384,
              0
            ]
          }
        ]
      },
      "minecraft:damage_sensor": {
        "triggers": {
          "deals_damage": false
        }
      },
      "minecraft:timer": {
        "time": 0.2,
        "looping": false,
        "time_down_event": {
          "event": "wesl3y:open_dialogue"
        }
      },
      "minecraft:physics": {
        "has_gravity": false,
        "has_collision": false
      },
      "minecraft:pushable": {
        "is_pushable": false,
        "is_pushable_by_piston": false
      },
      "minecraft:despawn": {
        "filters": {
          "any_of": [
            {
              "test": "distance_to_nearest_player",
              "operator": ">",
              "value": 4
            },
            {
              "test": "inactivity_timer",
              "value": 30
            }
          ]
        }
      },
      "minecraft:npc": {
        "npc_data": {
          "portrait_offsets": {
            "translate": [0, -186, 0],
            "scale": [29, 29, 29]
          },
          "picker_offsets": {
            "translate": [0, 0, 0],
            "scale": [1.7, 1.7, 1.7]
          }
        }
      },
      "minecraft:fire_immune": true,
      "minecraft:conditional_bandwidth_optimization": {}
    },
    "events": {
      "wesl3y:open_dialogue": {
        "sequence": [
          {
            "filters": {
              "test": "is_mark_variant",
              "value": 0
            },
            "queue_command": {
              "command": [
                "dialogue open @s @p loguetown.m1"
              ]
            }
          },
          {
            "filters": {
              "test": "is_mark_variant",
              "value": 1
            },
            "queue_command": {
              "command": [
                "dialogue open @s @p ui_enma_daioh"
              ]
            }
          },
          {
            "filters": {
              "test": "is_mark_variant",
              "value": 2
            },
            "queue_command": {
              "command": [
                "dialogue open @s @p[scores\u003d{wesl3y:dialogkam\u003d0},tag\u003dwesl3y:open_dialogue] ui_kami_sama_beginner_1",
                "dialogue open @s @p[scores\u003d{wesl3y:dialogkam\u003d1},tag\u003dwesl3y:open_dialogue] ui_kami_sama_beginner_2",
                "dialogue open @s @p[scores\u003d{wesl3y:dialogkam\u003d2},tag\u003dwesl3y:open_dialogue] ui_kami_sama_beginner_3",
                "dialogue open @s @p[scores\u003d{wesl3y:dialogkam\u003d3..},tag\u003dwesl3y:open_dialogue] ui_kami_sama"
              ]
            }
          },
          {
            "filters": {
              "test": "is_mark_variant",
              "value": 3
            },
            "queue_command": {
              "command": [
                "dialogue open @s @p ui_king_kai"
              ]
            }
          },
          {
            "filters": {
              "test": "is_mark_variant",
              "value": 4
            },
            "queue_command": {
              "command": [
                "dialogue open @s @p[scores\u003d{wesl3y:dialogkor\u003d0},tag\u003dwesl3y:open_dialogue] ui_korin_beginner_1",
                "dialogue open @s @p[scores\u003d{wesl3y:dialogkor\u003d1},tag\u003dwesl3y:open_dialogue] ui_korin_beginner_2",
                "dialogue open @s @p[scores\u003d{wesl3y:dialogkor\u003d2},tag\u003dwesl3y:open_dialogue] ui_korin_beginner_3",
                "dialogue open @s @p[scores\u003d{wesl3y:dialogkor\u003d3..},tag\u003dwesl3y:open_dialogue] ui_korin"
              ]
            }
          },
          {
            "filters": {
              "test": "is_mark_variant",
              "value": 5
            },
            "queue_command": {
              "command": [
                "dialogue open @s @p ui_piccolo"
              ]
            }
          },
          {
            "filters": {
              "test": "is_mark_variant",
              "value": 6
            },
            "queue_command": {
              "command": [
                "dialogue open @s @p ui_whis"
              ]
            }
          },
          {
            "queue_command": {
              "command": [
                "tag @a remove wesl3y:open_dialogue"
              ]
            }
          }
        ]
      },
      "loguetown": {
        "add": {
          "component_groups": [
            "loguetown"
          ]
        }
      },
      "wesl3y:ui_enma_daioh": {
        "add": {
          "component_groups": [
            "wesl3y:ui_enma_daioh"
          ]
        }
      },
      "wesl3y:ui_kami_sama": {
        "add": {
          "component_groups": [
            "wesl3y:ui_kami_sama"
          ]
        }
      },
      "wesl3y:ui_king_kai": {
        "add": {
          "component_groups": [
            "wesl3y:ui_king_kai"
          ]
        }
      },
      "wesl3y:ui_korin": {
        "add": {
          "component_groups": [
            "wesl3y:ui_korin"
          ]
        }
      },
      "wesl3y:ui_piccolo": {
        "add": {
          "component_groups": [
            "wesl3y:ui_piccolo"
          ]
        }
      },
      "wesl3y:ui_whis": {
        "add": {
          "component_groups": [
            "wesl3y:ui_whis"
          ]
        }
      },
      "wesl3y:despawn": {
        "add": {
          "component_groups": [
            "wesl3y:despawn"
          ]
        }
      }
    }
  }
}