{
  "format_version": "1.16.0",
  "minecraft:entity": {
    "description": {
      "identifier": "wesl3y:spawn",
      "is_spawnable": false,
      "is_summonable": true,
      "is_experimental": false,
      "animations": {
        "1": "controller.animation.spawn"
      },
      "scripts": {
        "animate": [
          "1"
        ]
      }
    },
    "component_groups": {
      "wesl3y:chest_fruit": {
        "minecraft:mark_variant": {
          "value": 0
        }
      },
      "wesl3y:despawn": {
        "minecraft:instant_despawn": {}
      }
    },
    "components": {
      "minecraft:type_family":{
        "family":["attack"]
      },
      "minecraft:transformation": {
        "into": "wesl3y:despawn",
        "delay": 20.0
      },
      "minecraft:damage_sensor": {
        "triggers": [
          {
            "on_damage": {},
            "deals_damage": false
          }
        ]
      },
      "minecraft:conditional_bandwidth_optimization": {
        "default_values": {
          "max_optimized_distance": 80,
          "max_dropped_ticks": 10,
          "use_motion_prediction_hints": true
        }
      },
      "minecraft:physics": {}
    },
    "events": {
      "wesl3y:chest_fruit": {
        "add": {"component_groups": ["wesl3y:chest_fruit"]}
      },
      "wesl3y:chest_fruit2": {
        "queue_command": {
          "command": [
            "execute if block ~~~ air run setblock ~~~ wesl3y:chest_fruit",
            "tellraw @p{\"rawtext\":[{\"text\":\"Chest §aSpawned!!\"}]}"
          ]
        },
        "add": {"component_groups": ["wesl3y:despawn"]}
      },
      "wesl3y:baratie": {
        "queue_command": {
          "command": [
            "tag @s add baratie"
          ]
        }
      },
      "wesl3y:baratie2": {
        "queue_command": {
          "command": [
            "structure load baratie ~~~"
          ]
        },
        "add": {"component_groups": ["wesl3y:despawn"]}
      },
      "wesl3y:arlong": {
        "queue_command": {
          "command": [
            "tag @s add arlong"
          ]
        }
      },
      "wesl3y:arlong2": {
        "queue_command": {
          "command": [
            "structure load arlong_park ~~~"
          ]
        },
        "add": {"component_groups": ["wesl3y:despawn"]}
      },
      "wesl3y:despawn": {
        "add": {"component_groups": ["wesl3y:despawn"]}
      }
    }
  }
}