{
  "format_version": "1.16.0",
  "minecraft:entity": {
    "description": {
      "identifier": "wesl3y:dash",
      "is_spawnable": false,
      "is_summonable": true,
      "is_experimental": false
    },
    "component_groups": {
      "wesl3y:despawn": {
        "minecraft:transformation": {
          "into": "wesl3y:despawn",
          "delay": 0.0
        }
      }
    },
    "components": {
      "minecraft:type_family": {
        "family": ["empty","attack"]
      },
      "minecraft:collision_box": {
        "width": 0.0,
        "height": 0.0
      },
      "minecraft:damage_sensor": {
        "triggers": [
          {"cause": "all","deals_damage": false}
        ]
      },
      "minecraft:behavior.knockback_roar": {
        "priority": 1,
        "duration": 0.2,
        "attack_time": 0.1,
        "knockback_damage": 0,
        "knockback_strength": 1,
        "knockback_horizontal_strength": 7,
        "knockback_vertical_strength": 1,
        "knockback_range": 3,
        "knockback_filters": {
          "test": "has_tag",
          "subject": "other",
          "operator": "==",
          "value": "dash"
        },
        "damage_filters": {
          "test": "has_tag",
          "subject": "other",
          "operator": "==",
          "value": "sla"
        },
        "on_roar_end": {
          "event": "wesl3y:despawn"
        },
        "cooldown_time": 0.1
      },
      "minecraft:timer": {
        "time": 0.2,
        "looping": true,
        "time_down_event": {
          "event": "wesl3y:despawn"
        }
      },
      "minecraft:physics": {},
      "minecraft:pushable": {
        "is_pushable": false,
        "is_pushable_by_piston": false
      }
    },
    "events": {
      "minecraft:entity_spawned": {
        "add": {
          "component_groups": [
            "impulse"
          ]
        }
      },
      "wesl3y:despawn": {
        "add": {
          "component_groups": [
            "wesl3y:despawn"
          ]
        }
      }
    }
  }
}