{
  "format_version": "1.16.0",
  "minecraft:entity": {
    "description": {
      "identifier": "wesl3y:impulse",
      "is_spawnable": false,
      "is_summonable": true,
      "is_experimental": false
    },
	"component_groups": {
	  "wesl3y:despawn": {
        "minecraft:instant_despawn": {}
	  },
	  "wesl3y:dash": {
        "minecraft:type_family": {
          "family": [ "impulse", "knockback", "attack" ]
        },
        "minecraft:scale": {
          "value": 0.0
        },
        "minecraft:transformation": {
          "into": "wesl3y:despawn",
          "delay": 0.3
        },
        "minecraft:behavior.knockback_roar": {
          "priority": 1,
          "duration": 0.2,
          "attack_time": 0.1,
          "knockback_damage": 2,
          "knockback_horizontal_strength": 3.5,
          "knockback_vertical_strength": 1,
          "knockback_range": 3,
          "knockback_filters": {
            "any_of": [
              {
                "test": "has_tag",
                "subject": "other",
                "operator": "==",
                "value": "sprint"
              }
            ]
          },
          "damage_filters": {
            "test": "is_family",
            "subject": "other",
            "operator": "==",
            "value": "sla"
          },
          "on_roar_end": {
            "event": "wesl3y:despawn"
          },
          "cooldown_time": 0.1
        }
	  },
	  "wesl3y:zangetsu": {
        "minecraft:type_family": {
          "family": [ "impulse", "knockback", "attack" ]
        },
        "minecraft:scale": {
          "value": 0.0
        },
        "minecraft:transformation": {
          "into": "wesl3y:despawn",
          "delay": 0.3
        },
        "minecraft:behavior.knockback_roar": {
          "priority": 1,
          "duration": 0.2,
          "attack_time": 0.1,
          "knockback_damage": 2,
          "knockback_horizontal_strength": 3,
          "knockback_vertical_strength": 2,
          "knockback_range": 4,
          "knockback_filters": {
            "any_of": [
              {
                "test": "has_equipment",
                "subject": "other",
                "operator": "!=",
                "domain":"hand",
                "value": "wesl3y:zangetsu"
              },
              {
                "test": "is_sneaking",
                "subject": "other",
                "operator": "!=",
                "value": false
              }
            ]
          },
          "damage_filters": {
            "test": "is_family",
            "subject": "other",
            "operator": "!=",
            "value": "all_might"
          },
          "on_roar_end": {
            "event": "wesl3y:despawn"
          },
          "cooldown_time": 0.1
        }
	  }
	},
    "components": {
      "minecraft:transformation": {
        "into": "wesl3y:despawn",
        "delay": 1.0
      },
      "minecraft:damage_sensor": {
        "triggers":[
          {
            "cause": "all",
            "deals_damage": false
          }
        ]
      },
      "minecraft:timer": {
        "time": 0.5,
        "looping": true,
        "time_down_event": {
          "event": "wesl3y:despawn"
        }
      },
      "minecraft:physics": {},
      "minecraft:pushable": {
        "is_pushable": false,
        "is_pushable_by_piston": true
      },
      "minecraft:conditional_bandwidth_optimization": {
        "default_values": {
          "max_optimized_distance": 80,
          "max_dropped_ticks": 10,
          "use_motion_prediction_hints": true
        }
      }
    },
	
	"events": {
	  "wesl3y:dash": {
	    "add": {
	      "component_groups": [
	        "wesl3y:dash"
	      ]
	    }
	  },
	  "wesl3y:zangetsu": {
	    "add": {
	      "component_groups": [
	        "wesl3y:zangetsu"
	      ]
	    }
	  },
	  "wesl3y:despawn": {
	    "add": {
	      "component_groups": [
	        "wesl3y:despawn"
	      ]
	    }
	  }
	}
  }
}