{
  "format_version": "1.16.0",
  "minecraft:entity": {
    "description": {
      "identifier": "wesl3y:senbonzakura_thousand",
      "is_spawnable": false,
      "is_summonable": true,
      "is_experimental": false,
	  "runtime_identifier": "minecraft:snowball"
    },
	
	"component_groups": {
      "wesl3y:despawn": {
        "minecraft:instant_despawn": {}
      }
    },
	
    "components": {
      "minecraft:type_family": {
        "family": [ "senbonzakura_thousand", "attack", "projectile" ]
      },
      "minecraft:timer": {
        "time": 1.5,
        "looping": true,
        "time_down_event": {
          "event": "wesl3y:despawn"
        }
      },
      "minecraft:environment_sensor": {
        "triggers": [
          {
            "event": "wesl3y:command"
          }
        ]
      },
      "minecraft:despawn": {
        "filters": {
          "all_of":[{ "test": "distance_to_nearest_player", "operator": ">", "value": 64 }]
        }
      },
      "minecraft:projectile": {
        "on_hit": {
          "impact_damage": {
            "damage": [25, 30],
            "knockback": true,
            "semirandomdiffdamage": false,
            "destroy_on_hit": false
          }
        },
        "power": 1.75,
        "gravity": 0,
        "angle_offset": 0.0,
        "inertia": 1,
        "liquid_inertia": 1,
        "reflect_on_hurt": false,
	    "catch_fire": false,
		"uncertaintyBase": 0,
        "offset": [ 0, 0, 2 ]
      },
      "minecraft:physics": {}
    },
	
	"events": {
	  "minecraft:entity_spawned": {},
	  "wesl3y:command": {
		"run_command": {
		  "command": [
		    "damage @e[rm=0.1,r=3,hasitem={item=wesl3y:senbonzakura,location=slot.weapon.mainhand,quantity=0},type=!item,type=!xp_orb] 25 entity_attack entity @p[c=1,hasitem={item=wesl3y:senbonzakura,location=slot.weapon.mainhand,quantity=1}]",
		    "particle wesl3y:senbonzakura_thousand",
		    "particle wesl3y:senbonzakura_thousand2"
		  ]
		}
	  },
	  "wesl3y:despawn": {
	    "add": {
	      "component_groups": [
	        "wesl3y:despawn"
	      ]
	    }
	  }
	}
  }
}