{
	"format_version": "1.17.100",
	"minecraft:npc_dialogue":
	{
		"scenes":
		[
			{
				"scene_tag": "quest5",
				"npc_name": { "rawtext": [ {"text":"Shenlong"} ] },
				"text": { "rawtext": [ {"text":"Faça seu pedido \nmake your request"} ] },
				"buttons": [
					{
						"name": { "rawtext": [ {"text":"10 Mistic Orb"} ] },
						"commands": [
							"/give @p[r=5] stk:morb 10",
							"/tp @e[type=stk:quest5] ~~-1000~"
						]
					},
					{
						"name": { "rawtext": [ {"text":"super saiyan god"} ] },
						"commands": [
			"/tag @p[r=5] add ssjgun",
			"/tp @e[type=stk:quest5] ~~-1000~"]
					},
					{
						"name": { "rawtext": [ {"text":"20 netherite"} ] },
						"commands": [
			"/give @p[r=5] netherite_ingot 20",
			"/tp @e[type=stk:quest5] ~~-1000~"]
					},
					{
						"name": { "rawtext": [ {"text":"200 of fury"} ] },
						"commands": [
			"/scoreboard players add @p[r=5] fury 200",
			"/tp @e[type=stk:quest5] ~~-1000~"]
					},
					{
						"name": { "rawtext": [ {"text":"10 levels"} ] },
						"commands": [
			"/scoreboard players add @p[r=5] level 10",
			"/tp @e[type=stk:quest5] ~~-1000~"]
					},
					{
						"name": { "rawtext": [ {"text":"1 random character"} ] },
						"commands": [
			"/function randomc",
			"/tp @e[type=stk:quest5] ~~-1000~"]
					}
				]
			}
		]
	}
}














































