{
	"format_version": "1.17.100",
	"minecraft:npc_dialogue":
	{
		"scenes":
		[
			{
				"scene_tag": "quest3",
				"npc_name": { "rawtext": [ {"text":"rengoku"} ] },
				"text": { "rawtext": [ {"text":"Me ajude! akaza é muito forte, preciso de ajuda \n§cQuest: Kill 1 akaza \n§5requirements: \nany character \nlevel: 30+ \n§7reward: akaza eye"} ] },
				"buttons": [
					{
						"name": { "rawtext": [ {"text":"§fAceito"} ] },
						"commands": [
							"/tag @p[r=2,scores={level=30..}] add q3",
							
							"/execute as @p[r=2,scores={level=30..}] at @s run summon stk:akaza ~5~~",
					
							"/execute as @p[r=2] at @s[tag=ative_goku,scores={level=30..}] run say §eQuest accepted",
							
							"/execute as @p[r=2] at @s[scores={level=0..29}] run say §cNot enough level"
						]
					},
					{
						"name": { "rawtext": [ {"text":"§fEsquece"} ] },
						"commands": []
					}
				]
			}
		]
	}
}














































