{
  "format_version": "1.19.50",
  "animations": {
      "animation.gskill1": {
      "loop": false,
      "animation_length": 3,
      "timeline": {
        "0.0": [
         
         
         "/event entity @s anim.no",
          "/inputpermission set @s movement disabled",
          "/clear @s stk:gskill1",
         
          "/tag @s add gskill1",
         "/tag @s add in_cut",
          
          "/playsound goku_throw_away @a[r=10]",
          "/playanimation @s animation.goku.throw_away",
          "/tag @e[r=3,type=!item,tag=!gskill1] add gtarget",
          "/playanimation @e[tag=gtarget] animation.enemy.goku_1skill",
    "/execute as @e[r=3,tag=gtarget] at @s run event entity @p[tag=gskill1] iframe.yes"
    
          
         
         
        
         
        
    
          
        ],
            "1.80":[
                
                "/tag @s remove gskill1"
                
                ],
            "1.83":[
            
            "/execute as @s[scores={level=0..49}] at @s run damage @e[r=3,tag=gtarget] 5 entity_attack entity @s",
            "/execute as @s[scores={level=50..99}] at @s run damage @e[r=3,tag=gtarget] 15 entity_attack entity @s",
            "/execute as @s[scores={level=100..149}] at @s run damage @e[r=3,tag=gtarget] 25 entity_attack entity @s",
            "/execute as @s[scores={level=150..}] at @s run damage @e[r=3,tag=gtarget] 30 entity_attack entity @s",
            "/tag @e[r=3,tag=gtarget] add btp"
            
            ],
            "2.5": [
                "@s knock",
                 "/event entity @s enable_anims",
                 "/tag @s remove gskill1",
                  "/inputpermission set @s movement enabled",
                  "@s skill.no",
                  "/tag @e[tag=gtarget] remove gtarget",
            "/tag @s remove in_cut",
                  "/event entity @s stun.yes"
        
                
          

         
         
         
        
         
         
         
         ]
      }
    }
  }
}