{
  "namespace":"quirks",

  "quirks_panel": {
    "type":"panel",
    "alpha": true,
    "$ancora1":"top_right",
    "$ancora2":"top_right",
    "$layer": 4,
    "$deslocamento":[0, 0],
    "$tamanho":[50, 50],
    "$direçao":"left",
    "controls":[
      //{ "fundo": { "type": "image","alpha": true,"texture":"textures/ui/gui/gui_empty","anchor_from": "bottom_right","anchor_to": "bottom_right","layer": 2,"size": [80, 80],"offset": [-20, -45]}},
      {
        "slots2": {
          "type": "image",
          "texture": "textures/ui/skills/slots2",
          "anchor_from": "bottom_right",
          "anchor_to": "bottom_right",
          "layer": 2,
          "size": [130, 130],
          "offset": [0, 0],
          "$value":"[2quirk_",
          "bindings": [
            {
              "binding_name": "#hud_title_text_string"
            },
            {
              "binding_type": "view",
              "source_property_name": "(not((#hud_title_text_string - $value) = #hud_title_text_string))",
              "target_property_name": "#visible"
            }
          ],
          "controls": [
            {
              "slot1": {
                "type": "image",
                "texture": "textures/ui/skills/slot1",
                "anchor_from": "bottom_right",
                "anchor_to": "bottom_right",
                "layer": 7,
                "size": [130, 130],
                "offset": [0, 0],
                "$value2": "[slot1]",
                "bindings": [
                  {"binding_name": "#hud_title_text_string"},
                  {"binding_type": "view","source_property_name": "(not((#hud_title_text_string - $value2) = #hud_title_text_string))","target_property_name": "#visible"}
                ]
              }
            },
            {
              "slot2": {
                "type": "image",
                "texture": "textures/ui/skills/slot2",
                "anchor_from": "bottom_right",
                "anchor_to": "bottom_right",
                "layer": 7,
                "size": [130, 130],
                "offset": [0, 0],
                "$value2": "[slot2]",
                "bindings": [
                  {"binding_name": "#hud_title_text_string"},
                  {"binding_type": "view","source_property_name": "(not((#hud_title_text_string - $value2) = #hud_title_text_string))","target_property_name": "#visible"}
                ]
              }
            },
            {
              "cooldown1": {
                "type": "image",
                "texture": "textures/ui/skills/cooldown1",
                "anchor_from": "bottom_right",
                "anchor_to": "bottom_right",
                "layer": 6,
                "alpha": 0.5,
                "size": [130, 130],
                "offset": [0, 0],
                "$value2": "[cooldown1:1]",
                "bindings": [
                  {"binding_name": "#hud_title_text_string"},
                  {"binding_type": "view","source_property_name": "(not((#hud_title_text_string - $value2) = #hud_title_text_string))","target_property_name": "#visible"}
                ]
              }
            },
            {
              "cooldown2": {
                "type": "image",
                "texture": "textures/ui/skills/cooldown2",
                "anchor_from": "bottom_right",
                "anchor_to": "bottom_right",
                "layer": 6,
                "alpha": 0.5,
                "size": [130, 130],
                "offset": [0, 0],
                "$value2": "[cooldown2:1]",
                "bindings": [
                  {"binding_name": "#hud_title_text_string"},
                  {"binding_type": "view","source_property_name": "(not((#hud_title_text_string - $value2) = #hud_title_text_string))","target_property_name": "#visible"}
                ]
              }
            }
          ]
        }
      },
      {
        "slots3": {
          "type": "image",
          "texture": "textures/ui/skills/slots3",
          "anchor_from": "bottom_right",
          "anchor_to": "bottom_right",
          "layer": 2,
          "size": [130, 130],
          "offset": [0, 0],
          "$value":"[3quirk_",
          "bindings": [
            {
              "binding_name": "#hud_title_text_string"
            },
            {
              "binding_type": "view",
              "source_property_name": "(not((#hud_title_text_string - $value) = #hud_title_text_string))",
              "target_property_name": "#visible"
            }
          ],
          "controls": [
            {
              "slot1": {
                "type": "image",
                "texture": "textures/ui/skills/slot1",
                "anchor_from": "bottom_right",
                "anchor_to": "bottom_right",
                "layer": 7,
                "size": [130, 130],
                "offset": [0, 0],
                "$value2": "[slot1]",
                "bindings": [
                  {"binding_name": "#hud_title_text_string"},
                  {"binding_type": "view","source_property_name": "(not((#hud_title_text_string - $value2) = #hud_title_text_string))","target_property_name": "#visible"}
                ]
              }
            },
            {
              "slot2": {
                "type": "image",
                "texture": "textures/ui/skills/slot2",
                "anchor_from": "bottom_right",
                "anchor_to": "bottom_right",
                "layer": 7,
                "size": [130, 130],
                "offset": [0, 0],
                "$value2": "[slot2]",
                "bindings": [
                  {"binding_name": "#hud_title_text_string"},
                  {"binding_type": "view","source_property_name": "(not((#hud_title_text_string - $value2) = #hud_title_text_string))","target_property_name": "#visible"}
                ]
              }
            },
            {
              "slot3": {
                "type": "image",
                "texture": "textures/ui/skills/slot3",
                "anchor_from": "bottom_right",
                "anchor_to": "bottom_right",
                "layer": 7,
                "size": [130, 130],
                "offset": [0, 0],
                "$value2": "[slot3]",
                "bindings": [
                  {"binding_name": "#hud_title_text_string"},
                  {"binding_type": "view","source_property_name": "(not((#hud_title_text_string - $value2) = #hud_title_text_string))","target_property_name": "#visible"}
                ]
              }
            },
            {
              "cooldown1": {
                "type": "image",
                "texture": "textures/ui/skills/cooldown1",
                "anchor_from": "bottom_right",
                "anchor_to": "bottom_right",
                "layer": 6,
                "alpha": 0.5,
                "size": [130, 130],
                "offset": [0, 0],
                "$value2": "[cooldown1:1]",
                "bindings": [
                  {"binding_name": "#hud_title_text_string"},
                  {"binding_type": "view","source_property_name": "(not((#hud_title_text_string - $value2) = #hud_title_text_string))","target_property_name": "#visible"}
                ]
              }
            },
            {
              "cooldown2": {
                "type": "image",
                "texture": "textures/ui/skills/cooldown2",
                "anchor_from": "bottom_right",
                "anchor_to": "bottom_right",
                "layer": 6,
                "alpha": 0.5,
                "size": [130, 130],
                "offset": [0, 0],
                "$value2": "[cooldown2:1]",
                "bindings": [
                  {"binding_name": "#hud_title_text_string"},
                  {"binding_type": "view","source_property_name": "(not((#hud_title_text_string - $value2) = #hud_title_text_string))","target_property_name": "#visible"}
                ]
              }
            },
            {
              "cooldown3": {
                "type": "image",
                "texture": "textures/ui/skills/cooldown3",
                "anchor_from": "bottom_right",
                "anchor_to": "bottom_right",
                "layer": 6,
                "alpha": 0.5,
                "size": [130, 130],
                "offset": [0, 0],
                "$value2": "[cooldown3:1]",
                "bindings": [
                  {"binding_name": "#hud_title_text_string"},
                  {"binding_type": "view","source_property_name": "(not((#hud_title_text_string - $value2) = #hud_title_text_string))","target_property_name": "#visible"}
                ]
              }
            }
          ]
        }
      },
      {
        "slots4": {
          "type": "image",
          "texture": "textures/ui/skills/slots4",
          "anchor_from": "bottom_right",
          "anchor_to": "bottom_right",
          "layer": 2,
          "size": [130, 130],
          "offset": [0, 0],
          "$value":"[4quirk_",
          "bindings": [
            {
              "binding_name": "#hud_title_text_string"
            },
            {
              "binding_type": "view",
              "source_property_name": "(not((#hud_title_text_string - $value) = #hud_title_text_string))",
              "target_property_name": "#visible"
            }
          ],
          "controls": [
            {
              "slot1": {
                "type": "image",
                "texture": "textures/ui/skills/slot1",
                "anchor_from": "bottom_right",
                "anchor_to": "bottom_right",
                "layer": 7,
                "size": [130, 130],
                "offset": [0, 0],
                "$value2": "[slot1]",
                "bindings": [
                  {"binding_name": "#hud_title_text_string"},
                  {"binding_type": "view","source_property_name": "(not((#hud_title_text_string - $value2) = #hud_title_text_string))","target_property_name": "#visible"}
                ]
              }
            },
            {
              "slot2": {
                "type": "image",
                "texture": "textures/ui/skills/slot2",
                "anchor_from": "bottom_right",
                "anchor_to": "bottom_right",
                "layer": 7,
                "size": [130, 130],
                "offset": [0, 0],
                "$value2": "[slot2]",
                "bindings": [
                  {"binding_name": "#hud_title_text_string"},
                  {"binding_type": "view","source_property_name": "(not((#hud_title_text_string - $value2) = #hud_title_text_string))","target_property_name": "#visible"}
                ]
              }
            },
            {
              "slot3": {
                "type": "image",
                "texture": "textures/ui/skills/slot3",
                "anchor_from": "bottom_right",
                "anchor_to": "bottom_right",
                "layer": 7,
                "size": [130, 130],
                "offset": [0, 0],
                "$value2": "[slot3]",
                "bindings": [
                  {"binding_name": "#hud_title_text_string"},
                  {"binding_type": "view","source_property_name": "(not((#hud_title_text_string - $value2) = #hud_title_text_string))","target_property_name": "#visible"}
                ]
              }
            },
            {
              "slot4": {
                "type": "image",
                "texture": "textures/ui/skills/slot4",
                "anchor_from": "bottom_right",
                "anchor_to": "bottom_right",
                "layer": 7,
                "size": [130, 130],
                "offset": [0, 0],
                "$value2": "[slot4]",
                "bindings": [
                  {"binding_name": "#hud_title_text_string"},
                  {"binding_type": "view","source_property_name": "(not((#hud_title_text_string - $value2) = #hud_title_text_string))","target_property_name": "#visible"}
                ]
              }
            },
            {
              "cooldown1": {
                "type": "image",
                "texture": "textures/ui/skills/cooldown1",
                "anchor_from": "bottom_right",
                "anchor_to": "bottom_right",
                "layer": 6,
                "alpha": 0.5,
                "size": [130, 130],
                "offset": [0, 0],
                "$value2": "[cooldown1:1]",
                "bindings": [
                  {"binding_name": "#hud_title_text_string"},
                  {"binding_type": "view","source_property_name": "(not((#hud_title_text_string - $value2) = #hud_title_text_string))","target_property_name": "#visible"}
                ]
              }
            },
            {
              "cooldown2": {
                "type": "image",
                "texture": "textures/ui/skills/cooldown2",
                "anchor_from": "bottom_right",
                "anchor_to": "bottom_right",
                "layer": 6,
                "alpha": 0.5,
                "size": [130, 130],
                "offset": [0, 0],
                "$value2": "[cooldown2:1]",
                "bindings": [
                  {"binding_name": "#hud_title_text_string"},
                  {"binding_type": "view","source_property_name": "(not((#hud_title_text_string - $value2) = #hud_title_text_string))","target_property_name": "#visible"}
                ]
              }
            },
            {
              "cooldown3": {
                "type": "image",
                "texture": "textures/ui/skills/cooldown3",
                "anchor_from": "bottom_right",
                "anchor_to": "bottom_right",
                "layer": 6,
                "alpha": 0.5,
                "size": [130, 130],
                "offset": [0, 0],
                "$value2": "[cooldown3:1]",
                "bindings": [
                  {"binding_name": "#hud_title_text_string"},
                  {"binding_type": "view","source_property_name": "(not((#hud_title_text_string - $value2) = #hud_title_text_string))","target_property_name": "#visible"}
                ]
              }
            },
            {
              "cooldown4": {
                "type": "image",
                "texture": "textures/ui/skills/cooldown4",
                "anchor_from": "bottom_right",
                "anchor_to": "bottom_right",
                "layer": 6,
                "alpha": 0.5,
                "size": [130, 130],
                "offset": [0, 0],
                "$value2": "[cooldown4:1]",
                "bindings": [
                  {"binding_name": "#hud_title_text_string"},
                  {"binding_type": "view","source_property_name": "(not((#hud_title_text_string - $value2) = #hud_title_text_string))","target_property_name": "#visible"}
                ]
              }
            }
          ]
        }
      },
      {
        "slots5": {
          "type": "image",
          "texture": "textures/ui/skills/slots5",
          "anchor_from": "bottom_right",
          "anchor_to": "bottom_right",
          "layer": 2,
          "size": [130, 130],
          "offset": [0, 0],
          "$value":"[5quirk_",
          "bindings": [
            {
              "binding_name": "#hud_title_text_string"
            },
            {
              "binding_type": "view",
              "source_property_name": "(not((#hud_title_text_string - $value) = #hud_title_text_string))",
              "target_property_name": "#visible"
            }
          ],
          "controls": [
            {
              "slot1": {
                "type": "image",
                "texture": "textures/ui/skills/slot1",
                "anchor_from": "bottom_right",
                "anchor_to": "bottom_right",
                "layer": 7,
                "size": [130, 130],
                "offset": [0, 0],
                "$value2": "[slot1]",
                "bindings": [
                  {"binding_name": "#hud_title_text_string"},
                  {"binding_type": "view","source_property_name": "(not((#hud_title_text_string - $value2) = #hud_title_text_string))","target_property_name": "#visible"}
                ]
              }
            },
            {
              "slot2": {
                "type": "image",
                "texture": "textures/ui/skills/slot2",
                "anchor_from": "bottom_right",
                "anchor_to": "bottom_right",
                "layer": 7,
                "size": [130, 130],
                "offset": [0, 0],
                "$value2": "[slot2]",
                "bindings": [
                  {"binding_name": "#hud_title_text_string"},
                  {"binding_type": "view","source_property_name": "(not((#hud_title_text_string - $value2) = #hud_title_text_string))","target_property_name": "#visible"}
                ]
              }
            },
            {
              "slot3": {
                "type": "image",
                "texture": "textures/ui/skills/slot3",
                "anchor_from": "bottom_right",
                "anchor_to": "bottom_right",
                "layer": 7,
                "size": [130, 130],
                "offset": [0, 0],
                "$value2": "[slot3]",
                "bindings": [
                  {"binding_name": "#hud_title_text_string"},
                  {"binding_type": "view","source_property_name": "(not((#hud_title_text_string - $value2) = #hud_title_text_string))","target_property_name": "#visible"}
                ]
              }
            },
            {
              "slot4": {
                "type": "image",
                "texture": "textures/ui/skills/slot4",
                "anchor_from": "bottom_right",
                "anchor_to": "bottom_right",
                "layer": 7,
                "size": [130, 130],
                "offset": [0, 0],
                "$value2": "[slot4]",
                "bindings": [
                  {"binding_name": "#hud_title_text_string"},
                  {"binding_type": "view","source_property_name": "(not((#hud_title_text_string - $value2) = #hud_title_text_string))","target_property_name": "#visible"}
                ]
              }
            },
            {
              "slot5": {
                "type": "image",
                "texture": "textures/ui/skills/slot5",
                "anchor_from": "bottom_right",
                "anchor_to": "bottom_right",
                "layer": 7,
                "size": [130, 130],
                "offset": [0, 0],
                "$value2": "[slot5]",
                "bindings": [
                  {"binding_name": "#hud_title_text_string"},
                  {"binding_type": "view","source_property_name": "(not((#hud_title_text_string - $value2) = #hud_title_text_string))","target_property_name": "#visible"}
                ]
              }
            },
            {
              "cooldown1": {
                "type": "image",
                "texture": "textures/ui/skills/cooldown1",
                "anchor_from": "bottom_right",
                "anchor_to": "bottom_right",
                "layer": 6,
                "alpha": 0.5,
                "size": [130, 130],
                "offset": [0, 0],
                "$value2": "[cooldown1:1]",
                "bindings": [
                  {"binding_name": "#hud_title_text_string"},
                  {"binding_type": "view","source_property_name": "(not((#hud_title_text_string - $value2) = #hud_title_text_string))","target_property_name": "#visible"}
                ]
              }
            },
            {
              "cooldown2": {
                "type": "image",
                "texture": "textures/ui/skills/cooldown2",
                "anchor_from": "bottom_right",
                "anchor_to": "bottom_right",
                "layer": 6,
                "alpha": 0.5,
                "size": [130, 130],
                "offset": [0, 0],
                "$value2": "[cooldown2:1]",
                "bindings": [
                  {"binding_name": "#hud_title_text_string"},
                  {"binding_type": "view","source_property_name": "(not((#hud_title_text_string - $value2) = #hud_title_text_string))","target_property_name": "#visible"}
                ]
              }
            },
            {
              "cooldown3": {
                "type": "image",
                "texture": "textures/ui/skills/cooldown3",
                "anchor_from": "bottom_right",
                "anchor_to": "bottom_right",
                "layer": 6,
                "alpha": 0.5,
                "size": [130, 130],
                "offset": [0, 0],
                "$value2": "[cooldown3:1]",
                "bindings": [
                  {"binding_name": "#hud_title_text_string"},
                  {"binding_type": "view","source_property_name": "(not((#hud_title_text_string - $value2) = #hud_title_text_string))","target_property_name": "#visible"}
                ]
              }
            },
            {
              "cooldown4": {
                "type": "image",
                "texture": "textures/ui/skills/cooldown4",
                "anchor_from": "bottom_right",
                "anchor_to": "bottom_right",
                "layer": 6,
                "alpha": 0.5,
                "size": [130, 130],
                "offset": [0, 0],
                "$value2": "[cooldown4:1]",
                "bindings": [
                  {"binding_name": "#hud_title_text_string"},
                  {"binding_type": "view","source_property_name": "(not((#hud_title_text_string - $value2) = #hud_title_text_string))","target_property_name": "#visible"}
                ]
              }
            },
            {
              "cooldown5": {
                "type": "image",
                "texture": "textures/ui/skills/cooldown5",
                "anchor_from": "bottom_right",
                "anchor_to": "bottom_right",
                "layer": 6,
                "alpha": 0.5,
                "size": [130, 130],
                "offset": [0, 0],
                "$value2": "[cooldown5:1]",
                "bindings": [
                  {"binding_name": "#hud_title_text_string"},
                  {"binding_type": "view","source_property_name": "(not((#hud_title_text_string - $value2) = #hud_title_text_string))","target_property_name": "#visible"}
                ]
              }
            }
          ]
        }
      },
      {
        "slots6": {
          "type": "image",
          "texture": "textures/ui/skills/slots6",
          "anchor_from": "bottom_right",
          "anchor_to": "bottom_right",
          "layer": 2,
          "size": [130, 130],
          "offset": [0, 0],
          "$value":"[6quirk_",
          "bindings": [
            {
              "binding_name": "#hud_title_text_string"
            },
            {
              "binding_type": "view",
              "source_property_name": "(not((#hud_title_text_string - $value) = #hud_title_text_string))",
              "target_property_name": "#visible"
            }
          ],
          "controls": [
            {
              "slot1": {
                "type": "image",
                "texture": "textures/ui/skills/slot1",
                "anchor_from": "bottom_right",
                "anchor_to": "bottom_right",
                "layer": 7,
                "size": [130, 130],
                "offset": [0, 0],
                "$value2": "[slot1]",
                "bindings": [
                  {"binding_name": "#hud_title_text_string"},
                  {"binding_type": "view","source_property_name": "(not((#hud_title_text_string - $value2) = #hud_title_text_string))","target_property_name": "#visible"}
                ]
              }
            },
            {
              "slot2": {
                "type": "image",
                "texture": "textures/ui/skills/slot2",
                "anchor_from": "bottom_right",
                "anchor_to": "bottom_right",
                "layer": 7,
                "size": [130, 130],
                "offset": [0, 0],
                "$value2": "[slot2]",
                "bindings": [
                  {"binding_name": "#hud_title_text_string"},
                  {"binding_type": "view","source_property_name": "(not((#hud_title_text_string - $value2) = #hud_title_text_string))","target_property_name": "#visible"}
                ]
              }
            },
            {
              "slot3": {
                "type": "image",
                "texture": "textures/ui/skills/slot3",
                "anchor_from": "bottom_right",
                "anchor_to": "bottom_right",
                "layer": 7,
                "size": [130, 130],
                "offset": [0, 0],
                "$value2": "[slot3]",
                "bindings": [
                  {"binding_name": "#hud_title_text_string"},
                  {"binding_type": "view","source_property_name": "(not((#hud_title_text_string - $value2) = #hud_title_text_string))","target_property_name": "#visible"}
                ]
              }
            },
            {
              "slot4": {
                "type": "image",
                "texture": "textures/ui/skills/slot4",
                "anchor_from": "bottom_right",
                "anchor_to": "bottom_right",
                "layer": 7,
                "size": [130, 130],
                "offset": [0, 0],
                "$value2": "[slot4]",
                "bindings": [
                  {"binding_name": "#hud_title_text_string"},
                  {"binding_type": "view","source_property_name": "(not((#hud_title_text_string - $value2) = #hud_title_text_string))","target_property_name": "#visible"}
                ]
              }
            },
            {
              "slot5": {
                "type": "image",
                "texture": "textures/ui/skills/slot5",
                "anchor_from": "bottom_right",
                "anchor_to": "bottom_right",
                "layer": 7,
                "size": [130, 130],
                "offset": [0, 0],
                "$value2": "[slot5]",
                "bindings": [
                  {"binding_name": "#hud_title_text_string"},
                  {"binding_type": "view","source_property_name": "(not((#hud_title_text_string - $value2) = #hud_title_text_string))","target_property_name": "#visible"}
                ]
              }
            },
            {
              "slot6": {
                "type": "image",
                "texture": "textures/ui/skills/slot6",
                "anchor_from": "bottom_right",
                "anchor_to": "bottom_right",
                "layer": 7,
                "size": [130, 130],
                "offset": [0, 0],
                "$value2": "[slot6]",
                "bindings": [
                  {"binding_name": "#hud_title_text_string"},
                  {"binding_type": "view","source_property_name": "(not((#hud_title_text_string - $value2) = #hud_title_text_string))","target_property_name": "#visible"}
                ]
              }
            },
            {
              "cooldown1": {
                "type": "image",
                "texture": "textures/ui/skills/cooldown1",
                "anchor_from": "bottom_right",
                "anchor_to": "bottom_right",
                "layer": 6,
                "alpha": 0.5,
                "size": [130, 130],
                "offset": [0, 0],
                "$value2": "[cooldown1:1]",
                "bindings": [
                  {"binding_name": "#hud_title_text_string"},
                  {"binding_type": "view","source_property_name": "(not((#hud_title_text_string - $value2) = #hud_title_text_string))","target_property_name": "#visible"}
                ]
              }
            },
            {
              "cooldown2": {
                "type": "image",
                "texture": "textures/ui/skills/cooldown2",
                "anchor_from": "bottom_right",
                "anchor_to": "bottom_right",
                "layer": 6,
                "alpha": 0.5,
                "size": [130, 130],
                "offset": [0, 0],
                "$value2": "[cooldown2:1]",
                "bindings": [
                  {"binding_name": "#hud_title_text_string"},
                  {"binding_type": "view","source_property_name": "(not((#hud_title_text_string - $value2) = #hud_title_text_string))","target_property_name": "#visible"}
                ]
              }
            },
            {
              "cooldown3": {
                "type": "image",
                "texture": "textures/ui/skills/cooldown3",
                "anchor_from": "bottom_right",
                "anchor_to": "bottom_right",
                "layer": 6,
                "alpha": 0.5,
                "size": [130, 130],
                "offset": [0, 0],
                "$value2": "[cooldown3:1]",
                "bindings": [
                  {"binding_name": "#hud_title_text_string"},
                  {"binding_type": "view","source_property_name": "(not((#hud_title_text_string - $value2) = #hud_title_text_string))","target_property_name": "#visible"}
                ]
              }
            },
            {
              "cooldown4": {
                "type": "image",
                "texture": "textures/ui/skills/cooldown4",
                "anchor_from": "bottom_right",
                "anchor_to": "bottom_right",
                "layer": 6,
                "alpha": 0.5,
                "size": [130, 130],
                "offset": [0, 0],
                "$value2": "[cooldown4:1]",
                "bindings": [
                  {"binding_name": "#hud_title_text_string"},
                  {"binding_type": "view","source_property_name": "(not((#hud_title_text_string - $value2) = #hud_title_text_string))","target_property_name": "#visible"}
                ]
              }
            },
            {
              "cooldown5": {
                "type": "image",
                "texture": "textures/ui/skills/cooldown5",
                "anchor_from": "bottom_right",
                "anchor_to": "bottom_right",
                "layer": 6,
                "alpha": 0.5,
                "size": [130, 130],
                "offset": [0, 0],
                "$value2": "[cooldown5:1]",
                "bindings": [
                  {"binding_name": "#hud_title_text_string"},
                  {"binding_type": "view","source_property_name": "(not((#hud_title_text_string - $value2) = #hud_title_text_string))","target_property_name": "#visible"}
                ]
              }
            },
            {
              "cooldown6": {
                "type": "image",
                "texture": "textures/ui/skills/cooldown6",
                "anchor_from": "bottom_right",
                "anchor_to": "bottom_right",
                "layer": 6,
                "alpha": 0.5,
                "size": [130, 130],
                "offset": [0, 0],
                "$value2": "[cooldown6:1]",
                "bindings": [
                  {"binding_name": "#hud_title_text_string"},
                  {"binding_type": "view","source_property_name": "(not((#hud_title_text_string - $value2) = #hud_title_text_string))","target_property_name": "#visible"}
                ]
              }
            }
          ]
        }
      },
      {
        "slots7": {
          "type": "image",
          "texture": "textures/ui/skills/slots7",
          "anchor_from": "bottom_right",
          "anchor_to": "bottom_right",
          "layer": 2,
          "size": [130, 130],
          "offset": [0, 0],
          "$value":"[7quirk_",
          "bindings": [
            {
              "binding_name": "#hud_title_text_string"
            },
            {
              "binding_type": "view",
              "source_property_name": "(not((#hud_title_text_string - $value) = #hud_title_text_string))",
              "target_property_name": "#visible"
            }
          ],
          "controls": [
            {
              "slot1": {
                "type": "image",
                "texture": "textures/ui/skills/slot1",
                "anchor_from": "bottom_right",
                "anchor_to": "bottom_right",
                "layer": 7,
                "size": [130, 130],
                "offset": [0, 0],
                "$value2": "[slot1]",
                "bindings": [
                  {"binding_name": "#hud_title_text_string"},
                  {"binding_type": "view","source_property_name": "(not((#hud_title_text_string - $value2) = #hud_title_text_string))","target_property_name": "#visible"}
                ]
              }
            },
            {
              "slot2": {
                "type": "image",
                "texture": "textures/ui/skills/slot2",
                "anchor_from": "bottom_right",
                "anchor_to": "bottom_right",
                "layer": 7,
                "size": [130, 130],
                "offset": [0, 0],
                "$value2": "[slot2]",
                "bindings": [
                  {"binding_name": "#hud_title_text_string"},
                  {"binding_type": "view","source_property_name": "(not((#hud_title_text_string - $value2) = #hud_title_text_string))","target_property_name": "#visible"}
                ]
              }
            },
            {
              "slot3": {
                "type": "image",
                "texture": "textures/ui/skills/slot3",
                "anchor_from": "bottom_right",
                "anchor_to": "bottom_right",
                "layer": 7,
                "size": [130, 130],
                "offset": [0, 0],
                "$value2": "[slot3]",
                "bindings": [
                  {"binding_name": "#hud_title_text_string"},
                  {"binding_type": "view","source_property_name": "(not((#hud_title_text_string - $value2) = #hud_title_text_string))","target_property_name": "#visible"}
                ]
              }
            },
            {
              "slot4": {
                "type": "image",
                "texture": "textures/ui/skills/slot4",
                "anchor_from": "bottom_right",
                "anchor_to": "bottom_right",
                "layer": 7,
                "size": [130, 130],
                "offset": [0, 0],
                "$value2": "[slot4]",
                "bindings": [
                  {"binding_name": "#hud_title_text_string"},
                  {"binding_type": "view","source_property_name": "(not((#hud_title_text_string - $value2) = #hud_title_text_string))","target_property_name": "#visible"}
                ]
              }
            },
            {
              "slot5": {
                "type": "image",
                "texture": "textures/ui/skills/slot5",
                "anchor_from": "bottom_right",
                "anchor_to": "bottom_right",
                "layer": 7,
                "size": [130, 130],
                "offset": [0, 0],
                "$value2": "[slot5]",
                "bindings": [
                  {"binding_name": "#hud_title_text_string"},
                  {"binding_type": "view","source_property_name": "(not((#hud_title_text_string - $value2) = #hud_title_text_string))","target_property_name": "#visible"}
                ]
              }
            },
            {
              "slot6": {
                "type": "image",
                "texture": "textures/ui/skills/slot6",
                "anchor_from": "bottom_right",
                "anchor_to": "bottom_right",
                "layer": 7,
                "size": [130, 130],
                "offset": [0, 0],
                "$value2": "[slot6]",
                "bindings": [
                  {"binding_name": "#hud_title_text_string"},
                  {"binding_type": "view","source_property_name": "(not((#hud_title_text_string - $value2) = #hud_title_text_string))","target_property_name": "#visible"}
                ]
              }
            },
            {
              "slot7": {
                "type": "image",
                "texture": "textures/ui/skills/slot7",
                "anchor_from": "bottom_right",
                "anchor_to": "bottom_right",
                "layer": 7,
                "size": [130, 130],
                "offset": [0, 0],
                "$value2": "[slot7]",
                "bindings": [
                  {"binding_name": "#hud_title_text_string"},
                  {"binding_type": "view","source_property_name": "(not((#hud_title_text_string - $value2) = #hud_title_text_string))","target_property_name": "#visible"}
                ]
              }
            },
            {
              "cooldown1": {
                "type": "image",
                "texture": "textures/ui/skills/cooldown1",
                "anchor_from": "bottom_right",
                "anchor_to": "bottom_right",
                "layer": 6,
                "alpha": 0.5,
                "size": [130, 130],
                "offset": [0, 0],
                "$value2": "[cooldown1:1]",
                "bindings": [
                  {"binding_name": "#hud_title_text_string"},
                  {"binding_type": "view","source_property_name": "(not((#hud_title_text_string - $value2) = #hud_title_text_string))","target_property_name": "#visible"}
                ]
              }
            },
            {
              "cooldown2": {
                "type": "image",
                "texture": "textures/ui/skills/cooldown2",
                "anchor_from": "bottom_right",
                "anchor_to": "bottom_right",
                "layer": 6,
                "alpha": 0.5,
                "size": [130, 130],
                "offset": [0, 0],
                "$value2": "[cooldown2:1]",
                "bindings": [
                  {"binding_name": "#hud_title_text_string"},
                  {"binding_type": "view","source_property_name": "(not((#hud_title_text_string - $value2) = #hud_title_text_string))","target_property_name": "#visible"}
                ]
              }
            },
            {
              "cooldown3": {
                "type": "image",
                "texture": "textures/ui/skills/cooldown3",
                "anchor_from": "bottom_right",
                "anchor_to": "bottom_right",
                "layer": 6,
                "alpha": 0.5,
                "size": [130, 130],
                "offset": [0, 0],
                "$value2": "[cooldown3:1]",
                "bindings": [
                  {"binding_name": "#hud_title_text_string"},
                  {"binding_type": "view","source_property_name": "(not((#hud_title_text_string - $value2) = #hud_title_text_string))","target_property_name": "#visible"}
                ]
              }
            },
            {
              "cooldown4": {
                "type": "image",
                "texture": "textures/ui/skills/cooldown4",
                "anchor_from": "bottom_right",
                "anchor_to": "bottom_right",
                "layer": 6,
                "alpha": 0.5,
                "size": [130, 130],
                "offset": [0, 0],
                "$value2": "[cooldown4:1]",
                "bindings": [
                  {"binding_name": "#hud_title_text_string"},
                  {"binding_type": "view","source_property_name": "(not((#hud_title_text_string - $value2) = #hud_title_text_string))","target_property_name": "#visible"}
                ]
              }
            },
            {
              "cooldown5": {
                "type": "image",
                "texture": "textures/ui/skills/cooldown5",
                "anchor_from": "bottom_right",
                "anchor_to": "bottom_right",
                "layer": 6,
                "alpha": 0.5,
                "size": [130, 130],
                "offset": [0, 0],
                "$value2": "[cooldown5:1]",
                "bindings": [
                  {"binding_name": "#hud_title_text_string"},
                  {"binding_type": "view","source_property_name": "(not((#hud_title_text_string - $value2) = #hud_title_text_string))","target_property_name": "#visible"}
                ]
              }
            },
            {
              "cooldown6": {
                "type": "image",
                "texture": "textures/ui/skills/cooldown6",
                "anchor_from": "bottom_right",
                "anchor_to": "bottom_right",
                "layer": 6,
                "alpha": 0.5,
                "size": [130, 130],
                "offset": [0, 0],
                "$value2": "[cooldown6:1]",
                "bindings": [
                  {"binding_name": "#hud_title_text_string"},
                  {"binding_type": "view","source_property_name": "(not((#hud_title_text_string - $value2) = #hud_title_text_string))","target_property_name": "#visible"}
                ]
              }
            },
            {
              "cooldown7": {
                "type": "image",
                "texture": "textures/ui/skills/cooldown7",
                "anchor_from": "bottom_right",
                "anchor_to": "bottom_right",
                "layer": 6,
                "alpha": 0.5,
                "size": [130, 130],
                "offset": [0, 0],
                "$value2": "[cooldown7:1]",
                "bindings": [
                  {"binding_name": "#hud_title_text_string"},
                  {"binding_type": "view","source_property_name": "(not((#hud_title_text_string - $value2) = #hud_title_text_string))","target_property_name": "#visible"}
                ]
              }
            }
          ]
        }
      },
      {
        "hp@quirks.hp": {}
      },
      {
        "stamina@quirks.stamina": {}
      },
      {
        "slots@quirks.slots2": {}
      },
      {
        "black_whip": {
          "type": "image",
          "texture": "textures/ui/skills/quirk_black_whip",
          "anchor_from": "bottom_right",
          "anchor_to": "bottom_right",
          "layer": 5,
          "size": [130, 130],
          "offset": [0, 0],
          "$value": "[2quirk_black_whip]",
          "bindings": [
            {"binding_name": "#hud_title_text_string"},
            {"binding_type": "view","source_property_name": "(not((#hud_title_text_string - $value) = #hud_title_text_string))","target_property_name": "#visible"}
          ]
        }
      },
      {
        "clones": {
          "type": "image",
          "texture": "textures/ui/skills/quirk_clones",
          "anchor_from": "bottom_right",
          "anchor_to": "bottom_right",
          "layer": 5,
          "size": [130, 130],
          "offset": [0, 0],
          "$value": "[2quirk_clones]",
          "bindings": [
            {"binding_name": "#hud_title_text_string"},
            {"binding_type": "view","source_property_name": "(not((#hud_title_text_string - $value) = #hud_title_text_string))","target_property_name": "#visible"}
          ]
        }
      },
      {
        "cremation": {
          "type": "image",
          "texture": "textures/ui/skills/quirk_cremation",
          "anchor_from": "bottom_right",
          "anchor_to": "bottom_right",
          "layer": 5,
          "size": [130, 130],
          "offset": [0, 0],
          "$value": "[3quirk_cremation]",
          "bindings": [
            {"binding_name": "#hud_title_text_string"},
            {"binding_type": "view","source_property_name": "(not((#hud_title_text_string - $value) = #hud_title_text_string))","target_property_name": "#visible"}
          ]
        }
      },
      {
        "dark_shadow": {
          "type": "image",
          "texture": "textures/ui/skills/quirk_dark_shadow",
          "anchor_from": "bottom_right",
          "anchor_to": "bottom_right",
          "layer": 5,
          "size": [130, 130],
          "offset": [0, 0],
          "$value": "[5quirk_dark_shadow]",
          "bindings": [
            {"binding_name": "#hud_title_text_string"},
            {"binding_type": "view","source_property_name": "(not((#hud_title_text_string - $value) = #hud_title_text_string))","target_property_name": "#visible"}
          ]
        }
      },
      {
        "decay": {
          "type": "image",
          "texture": "textures/ui/skills/quirk_decay",
          "anchor_from": "bottom_right",
          "anchor_to": "bottom_right",
          "layer": 5,
          "size": [130, 130],
          "offset": [0, 0],
          "$value": "[3quirk_decay]",
          "bindings": [
            {"binding_name": "#hud_title_text_string"},
            {"binding_type": "view","source_property_name": "(not((#hud_title_text_string - $value) = #hud_title_text_string))","target_property_name": "#visible"}
          ]
        }
      },
      {
        "electrification": {
          "type": "image",
          "texture": "textures/ui/skills/quirk_electrification",
          "anchor_from": "bottom_right",
          "anchor_to": "bottom_right",
          "layer": 5,
          "size": [130, 130],
          "offset": [0, 0],
          "$value": "[3quirk_electrification]",
          "bindings": [
            {"binding_name": "#hud_title_text_string"},
            {"binding_type": "view","source_property_name": "(not((#hud_title_text_string - $value) = #hud_title_text_string))","target_property_name": "#visible"}
          ]
        }
      },
      {
        "explosion": {
          "type": "image",
          "texture": "textures/ui/skills/quirk_explosion",
          "anchor_from": "bottom_right",
          "anchor_to": "bottom_right",
          "layer": 5,
          "size": [130, 130],
          "offset": [0, 0],
          "$value": "[4quirk_explosion]",
          "bindings": [
            {"binding_name": "#hud_title_text_string"},
            {"binding_type": "view","source_property_name": "(not((#hud_title_text_string - $value) = #hud_title_text_string))","target_property_name": "#visible"}
          ]
        }
      },
      {
        "fierce_wings": {
          "type": "image",
          "texture": "textures/ui/skills/quirk_fierce_wings",
          "anchor_from": "bottom_right",
          "anchor_to": "bottom_right",
          "layer": 5,
          "size": [130, 130],
          "offset": [0, 0],
          "$value": "[4quirk_fierce_wings]",
          "bindings": [
            {"binding_name": "#hud_title_text_string"},
            {"binding_type": "view","source_property_name": "(not((#hud_title_text_string - $value) = #hud_title_text_string))","target_property_name": "#visible"}
          ]
        }
      },
      {
        "halfcold_halfhot": {
          "type": "image",
          "texture": "textures/ui/skills/quirk_halfcold_halfhot",
          "anchor_from": "bottom_right",
          "anchor_to": "bottom_right",
          "layer": 5,
          "size": [130, 130],
          "offset": [0, 0],
          "$value": "[7quirk_halfcold_halfhot]",
          "bindings": [
            {"binding_name": "#hud_title_text_string"},
            {"binding_type": "view","source_property_name": "(not((#hud_title_text_string - $value) = #hud_title_text_string))","target_property_name": "#visible"}
          ]
        }
      },
      {
        "hell_flame": {
          "type": "image",
          "texture": "textures/ui/skills/quirk_hell_flame",
          "anchor_from": "bottom_right",
          "anchor_to": "bottom_right",
          "layer": 5,
          "size": [130, 130],
          "offset": [0, 0],
          "$value": "[7quirk_hell_flame]",
          "bindings": [
            {"binding_name": "#hud_title_text_string"},
            {"binding_type": "view","source_property_name": "(not((#hud_title_text_string - $value) = #hud_title_text_string))","target_property_name": "#visible"}
          ]
        }
      },
      {
        "ice": {
          "type": "image",
          "texture": "textures/ui/skills/quirk_ice",
          "anchor_from": "bottom_right",
          "anchor_to": "bottom_right",
          "layer": 5,
          "size": [130, 130],
          "offset": [0, 0],
          "$value": "[5quirk_ice]",
          "bindings": [
            {"binding_name": "#hud_title_text_string"},
            {"binding_type": "view","source_property_name": "(not((#hud_title_text_string - $value) = #hud_title_text_string))","target_property_name": "#visible"}
          ]
        }
      },
      {
        "muscle": {
          "type": "image",
          "texture": "textures/ui/skills/quirk_muscle",
          "anchor_from": "bottom_right",
          "anchor_to": "bottom_right",
          "layer": 5,
          "size": [130, 130],
          "offset": [0, 0],
          "$value": "[3quirk_muscle]",
          "bindings": [
            {"binding_name": "#hud_title_text_string"},
            {"binding_type": "view","source_property_name": "(not((#hud_title_text_string - $value) = #hud_title_text_string))","target_property_name": "#visible"}
          ]
        }
      },
      {
        "one_for_all": {
          "type": "image",
          "texture": "textures/ui/skills/quirk_one_for_all",
          "anchor_from": "bottom_right",
          "anchor_to": "bottom_right",
          "layer": 5,
          "size": [130, 130],
          "offset": [0, 0],
          "$value": "[5quirk_one_for_all]",
          "bindings": [
            {"binding_name": "#hud_title_text_string"},
            {"binding_type": "view","source_property_name": "(not((#hud_title_text_string - $value) = #hud_title_text_string))","target_property_name": "#visible"}
          ]
        }
      },
      {
        "overhaul": {
          "type": "image",
          "texture": "textures/ui/skills/quirk_overhaul",
          "anchor_from": "bottom_right",
          "anchor_to": "bottom_right",
          "layer": 5,
          "size": [130, 130],
          "offset": [0, 0],
          "$value": "[4quirk_overhaul]",
          "bindings": [
            {"binding_name": "#hud_title_text_string"},
            {"binding_type": "view","source_property_name": "(not((#hud_title_text_string - $value) = #hud_title_text_string))","target_property_name": "#visible"}
          ]
        }
      },
      {
        "rabbit": {
          "type": "image",
          "texture": "textures/ui/skills/quirk_rabbit",
          "anchor_from": "bottom_right",
          "anchor_to": "bottom_right",
          "layer": 5,
          "size": [130, 130],
          "offset": [0, 0],
          "$value": "[3quirk_rabbit]",
          "bindings": [
            {"binding_name": "#hud_title_text_string"},
            {"binding_type": "view","source_property_name": "(not((#hud_title_text_string - $value) = #hud_title_text_string))","target_property_name": "#visible"}
          ]
        }
      },
      {
        "size": {
          "type": "image",
          "texture": "textures/ui/skills/quirk_size",
          "anchor_from": "bottom_right",
          "anchor_to": "bottom_right",
          "layer": 5,
          "size": [130, 130],
          "offset": [0, 0],
          "$value": "[4quirk_size]",
          "bindings": [
            {"binding_name": "#hud_title_text_string"},
            {"binding_type": "view","source_property_name": "(not((#hud_title_text_string - $value) = #hud_title_text_string))","target_property_name": "#visible"}
          ]
        }
      },
      {
        "zero_gravity": {
          "type": "image",
          "texture": "textures/ui/skills/quirk_zero_gravity",
          "anchor_from": "bottom_right",
          "anchor_to": "bottom_right",
          "layer": 5,
          "size": [130, 130],
          "offset": [0, 0],
          "$value": "[3quirk_zero_gravity]",
          "bindings": [
            {"binding_name": "#hud_title_text_string"},
            {"binding_type": "view","source_property_name": "(not((#hud_title_text_string - $value) = #hud_title_text_string))","target_property_name": "#visible"}
          ]
        }
      }
    ]
  },
  
  "hp": {
    "type": "image",
    "texture": "textures/ui/invisible",
    "controls": [
      {
        "hp": {
          "type": "image",
          "texture": "textures/gui/new_icons_bar",
          "anchor_from": "bottom_middle",
          "anchor_to": "bottom_middle",
          "layer": 2,
          "size": [90, 9],
          "offset": [-52.5, -32.5],
          "$value2": "[hp_",
          "bindings": [
            {
              "binding_name": "#hud_title_text_string"
            },
            {
              "binding_type": "view",
              "source_property_name": "(not((#hud_title_text_string - $value2) = #hud_title_text_string))",
              "target_property_name": "#visible"
            }
          ]
        }
      },
      {
        "hp20": {
          "type": "image",
          "texture": "textures/gui/new_icons",
          "anchor_from": "bottom_middle",
          "anchor_to": "bottom_middle",
          "layer": 3,
          "size": [90, 9],
          "offset": [-52.5, -32.5],
          "$value2": "[hp_20]",
          "clip_ratio": 0.0,
          "clip_direction": "left",
          "bindings": [
            {
              "binding_name": "#hud_title_text_string"
            },
            {
              "binding_type": "view",
              "source_property_name": "(not((#hud_title_text_string - $value2) = #hud_title_text_string))",
              "target_property_name": "#visible"
            }
          ]
        }
      },
      {
        "hp19": {
          "type": "image",
          "texture": "textures/gui/new_icons",
          "anchor_from": "bottom_middle",
          "anchor_to": "bottom_middle",
          "layer": 3,
          "size": [90, 9],
          "offset": [-52.5, -32.5],
          "$value2": "[hp_19]",
          "clip_ratio": 0.05,
          "clip_direction": "left",
          "bindings": [
            {
              "binding_name": "#hud_title_text_string"
            },
            {
              "binding_type": "view",
              "source_property_name": "(not((#hud_title_text_string - $value2) = #hud_title_text_string))",
              "target_property_name": "#visible"
            }
          ]
        }
      },
      {
        "hp18": {
          "type": "image",
          "texture": "textures/gui/new_icons",
          "anchor_from": "bottom_middle",
          "anchor_to": "bottom_middle",
          "layer": 3,
          "size": [90, 9],
          "offset": [-52.5, -32.5],
          "$value2": "[hp_18]",
          "clip_ratio": 0.1,
          "clip_direction": "left",
          "bindings": [
            {
              "binding_name": "#hud_title_text_string"
            },
            {
              "binding_type": "view",
              "source_property_name": "(not((#hud_title_text_string - $value2) = #hud_title_text_string))",
              "target_property_name": "#visible"
            }
          ]
        }
      },
      {
        "hp17": {
          "type": "image",
          "texture": "textures/gui/new_icons",
          "anchor_from": "bottom_middle",
          "anchor_to": "bottom_middle",
          "layer": 3,
          "size": [90, 9],
          "offset": [-52.5, -32.5],
          "$value2": "[hp_17]",
          "clip_ratio": 0.15,
          "clip_direction": "left",
          "bindings": [
            {
              "binding_name": "#hud_title_text_string"
            },
            {
              "binding_type": "view",
              "source_property_name": "(not((#hud_title_text_string - $value2) = #hud_title_text_string))",
              "target_property_name": "#visible"
            }
          ]
        }
      },
      {
        "hp16": {
          "type": "image",
          "texture": "textures/gui/new_icons",
          "anchor_from": "bottom_middle",
          "anchor_to": "bottom_middle",
          "layer": 3,
          "size": [90, 9],
          "offset": [-52.5, -32.5],
          "$value2": "[hp_16]",
          "clip_ratio": 0.2,
          "clip_direction": "left",
          "bindings": [
            {
              "binding_name": "#hud_title_text_string"
            },
            {
              "binding_type": "view",
              "source_property_name": "(not((#hud_title_text_string - $value2) = #hud_title_text_string))",
              "target_property_name": "#visible"
            }
          ]
        }
      },
      {
        "hp15": {
          "type": "image",
          "texture": "textures/gui/new_icons",
          "anchor_from": "bottom_middle",
          "anchor_to": "bottom_middle",
          "layer": 3,
          "size": [90, 9],
          "offset": [-52.5, -32.5],
          "$value2": "[hp_15]",
          "clip_ratio": 0.25,
          "clip_direction": "left",
          "bindings": [
            {
              "binding_name": "#hud_title_text_string"
            },
            {
              "binding_type": "view",
              "source_property_name": "(not((#hud_title_text_string - $value2) = #hud_title_text_string))",
              "target_property_name": "#visible"
            }
          ]
        }
      },
      {
        "hp14": {
          "type": "image",
          "texture": "textures/gui/new_icons",
          "anchor_from": "bottom_middle",
          "anchor_to": "bottom_middle",
          "layer": 3,
          "size": [90, 9],
          "offset": [-52.5, -32.5],
          "$value2": "[hp_14]",
          "clip_ratio": 0.3,
          "clip_direction": "left",
          "bindings": [
            {
              "binding_name": "#hud_title_text_string"
            },
            {
              "binding_type": "view",
              "source_property_name": "(not((#hud_title_text_string - $value2) = #hud_title_text_string))",
              "target_property_name": "#visible"
            }
          ]
        }
      },
      {
        "hp13": {
          "type": "image",
          "texture": "textures/gui/new_icons",
          "anchor_from": "bottom_middle",
          "anchor_to": "bottom_middle",
          "layer": 3,
          "size": [90, 9],
          "offset": [-52.5, -32.5],
          "$value2": "[hp_13]",
          "clip_ratio": 0.35,
          "clip_direction": "left",
          "bindings": [
            {
              "binding_name": "#hud_title_text_string"
            },
            {
              "binding_type": "view",
              "source_property_name": "(not((#hud_title_text_string - $value2) = #hud_title_text_string))",
              "target_property_name": "#visible"
            }
          ]
        }
      },
      {
        "hp12": {
          "type": "image",
          "texture": "textures/gui/new_icons",
          "anchor_from": "bottom_middle",
          "anchor_to": "bottom_middle",
          "layer": 3,
          "size": [90, 9],
          "offset": [-52.5, -32.5],
          "$value2": "[hp_12]",
          "clip_ratio": 0.4,
          "clip_direction": "left",
          "bindings": [
            {
              "binding_name": "#hud_title_text_string"
            },
            {
              "binding_type": "view",
              "source_property_name": "(not((#hud_title_text_string - $value2) = #hud_title_text_string))",
              "target_property_name": "#visible"
            }
          ]
        }
      },
      {
        "hp11": {
          "type": "image",
          "texture": "textures/gui/new_icons",
          "anchor_from": "bottom_middle",
          "anchor_to": "bottom_middle",
          "layer": 3,
          "size": [90, 9],
          "offset": [-52.5, -32.5],
          "$value2": "[hp_11]",
          "clip_ratio": 0.45,
          "clip_direction": "left",
          "bindings": [
            {
              "binding_name": "#hud_title_text_string"
            },
            {
              "binding_type": "view",
              "source_property_name": "(not((#hud_title_text_string - $value2) = #hud_title_text_string))",
              "target_property_name": "#visible"
            }
          ]
        }
      },
      {
        "hp10": {
          "type": "image",
          "texture": "textures/gui/new_icons",
          "anchor_from": "bottom_middle",
          "anchor_to": "bottom_middle",
          "layer": 3,
          "size": [90, 9],
          "offset": [-52.5, -32.5],
          "$value2": "[hp_10]",
          "clip_ratio": 0.5,
          "clip_direction": "left",
          "bindings": [
            {
              "binding_name": "#hud_title_text_string"
            },
            {
              "binding_type": "view",
              "source_property_name": "(not((#hud_title_text_string - $value2) = #hud_title_text_string))",
              "target_property_name": "#visible"
            }
          ]
        }
      },
      {
        "hp9": {
          "type": "image",
          "texture": "textures/gui/new_icons",
          "anchor_from": "bottom_middle",
          "anchor_to": "bottom_middle",
          "layer": 3,
          "size": [90, 9],
          "offset": [-52.5, -32.5],
          "$value2": "[hp_9]",
          "clip_ratio": 0.55,
          "clip_direction": "left",
          "bindings": [
            {
              "binding_name": "#hud_title_text_string"
            },
            {
              "binding_type": "view",
              "source_property_name": "(not((#hud_title_text_string - $value2) = #hud_title_text_string))",
              "target_property_name": "#visible"
            }
          ]
        }
      },
      {
        "hp8": {
          "type": "image",
          "texture": "textures/gui/new_icons",
          "anchor_from": "bottom_middle",
          "anchor_to": "bottom_middle",
          "layer": 3,
          "size": [90, 9],
          "offset": [-52.5, -32.5],
          "$value2": "[hp_8]",
          "clip_ratio": 0.6,
          "clip_direction": "left",
          "bindings": [
            {
              "binding_name": "#hud_title_text_string"
            },
            {
              "binding_type": "view",
              "source_property_name": "(not((#hud_title_text_string - $value2) = #hud_title_text_string))",
              "target_property_name": "#visible"
            }
          ]
        }
      },
      {
        "hp7": {
          "type": "image",
          "texture": "textures/gui/new_icons",
          "anchor_from": "bottom_middle",
          "anchor_to": "bottom_middle",
          "layer": 3,
          "size": [90, 9],
          "offset": [-52.5, -32.5],
          "$value2": "[hp_7]",
          "clip_ratio": 0.65,
          "clip_direction": "left",
          "bindings": [
            {
              "binding_name": "#hud_title_text_string"
            },
            {
              "binding_type": "view",
              "source_property_name": "(not((#hud_title_text_string - $value2) = #hud_title_text_string))",
              "target_property_name": "#visible"
            }
          ]
        }
      },
      {
        "hp6": {
          "type": "image",
          "texture": "textures/gui/new_icons",
          "anchor_from": "bottom_middle",
          "anchor_to": "bottom_middle",
          "layer": 3,
          "size": [90, 9],
          "offset": [-52.5, -32.5],
          "$value2": "[hp_6]",
          "clip_ratio": 0.7,
          "clip_direction": "left",
          "bindings": [
            {
              "binding_name": "#hud_title_text_string"
            },
            {
              "binding_type": "view",
              "source_property_name": "(not((#hud_title_text_string - $value2) = #hud_title_text_string))",
              "target_property_name": "#visible"
            }
          ]
        }
      },
      {
        "hp5": {
          "type": "image",
          "texture": "textures/gui/new_icons",
          "anchor_from": "bottom_middle",
          "anchor_to": "bottom_middle",
          "layer": 3,
          "size": [90, 9],
          "offset": [-52.5, -32.5],
          "$value2": "[hp_5]",
          "clip_ratio": 0.75,
          "clip_direction": "left",
          "bindings": [
            {
              "binding_name": "#hud_title_text_string"
            },
            {
              "binding_type": "view",
              "source_property_name": "(not((#hud_title_text_string - $value2) = #hud_title_text_string))",
              "target_property_name": "#visible"
            }
          ]
        }
      },
      {
        "hp4": {
          "type": "image",
          "texture": "textures/gui/new_icons",
          "anchor_from": "bottom_middle",
          "anchor_to": "bottom_middle",
          "layer": 3,
          "size": [90, 9],
          "offset": [-52.5, -32.5],
          "$value2": "[hp_4]",
          "clip_ratio": 0.8,
          "clip_direction": "left",
          "bindings": [
            {
              "binding_name": "#hud_title_text_string"
            },
            {
              "binding_type": "view",
              "source_property_name": "(not((#hud_title_text_string - $value2) = #hud_title_text_string))",
              "target_property_name": "#visible"
            }
          ]
        }
      },
      {
        "hp3": {
          "type": "image",
          "texture": "textures/gui/new_icons",
          "anchor_from": "bottom_middle",
          "anchor_to": "bottom_middle",
          "layer": 3,
          "size": [90, 9],
          "offset": [-52.5, -32.5],
          "$value2": "[hp_3]",
          "clip_ratio": 0.85,
          "clip_direction": "left",
          "bindings": [
            {
              "binding_name": "#hud_title_text_string"
            },
            {
              "binding_type": "view",
              "source_property_name": "(not((#hud_title_text_string - $value2) = #hud_title_text_string))",
              "target_property_name": "#visible"
            }
          ]
        }
      },
      {
        "hp2": {
          "type": "image",
          "texture": "textures/gui/new_icons",
          "anchor_from": "bottom_middle",
          "anchor_to": "bottom_middle",
          "layer": 3,
          "size": [90, 9],
          "offset": [-52.5, -32.5],
          "$value2": "[hp_2]",
          "clip_ratio": 0.9,
          "clip_direction": "left",
          "bindings": [
            {
              "binding_name": "#hud_title_text_string"
            },
            {
              "binding_type": "view",
              "source_property_name": "(not((#hud_title_text_string - $value2) = #hud_title_text_string))",
              "target_property_name": "#visible"
            }
          ]
        }
      },
      {
        "hp1": {
          "type": "image",
          "texture": "textures/gui/new_icons",
          "anchor_from": "bottom_middle",
          "anchor_to": "bottom_middle",
          "layer": 3,
          "size": [90, 9],
          "offset": [-52.5, -32.5],
          "$value2": "[hp_1]",
          "clip_ratio": 0.95,
          "clip_direction": "left",
          "bindings": [
            {
              "binding_name": "#hud_title_text_string"
            },
            {
              "binding_type": "view",
              "source_property_name": "(not((#hud_title_text_string - $value2) = #hud_title_text_string))",
              "target_property_name": "#visible"
            }
          ]
        }
      },
      {
        "hp0": {
          "type": "image",
          "texture": "textures/gui/new_icons",
          "anchor_from": "bottom_middle",
          "anchor_to": "bottom_middle",
          "layer": 3,
          "size": [90, 9],
          "offset": [-52.5, -32.5],
          "$value2": "[hp_0]",
          "clip_ratio": 1,
          "clip_direction": "left",
          "bindings": [
            {
              "binding_name": "#hud_title_text_string"
            },
            {
              "binding_type": "view",
              "source_property_name": "(not((#hud_title_text_string - $value2) = #hud_title_text_string))",
              "target_property_name": "#visible"
            }
          ]
        }
      }
    ]
  },
  "stamina": {
    "type": "image",
    "texture": "textures/ui/invisible",
    "controls": [
      {
        "stamina": {
          "type": "image",
          "texture": "textures/gui/stamina_bar",
          "anchor_from": "bottom_middle",
          "anchor_to": "bottom_middle",
          "layer": 2,
          "size": [80, 14],
          "offset": [52.5, -45],
          "$value2": "[stamina_",
          "bindings": [
            {
              "binding_name": "#hud_title_text_string"
            },
            {
              "binding_type": "view",
              "source_property_name": "(not((#hud_title_text_string - $value2) = #hud_title_text_string))",
              "target_property_name": "#visible"
            }
          ]
        }
      },
      {
        "stamina20": {
          "type": "image",
          "texture": "textures/gui/stamina",
          "anchor_from": "bottom_middle",
          "anchor_to": "bottom_middle",
          "layer": 3,
          "size": [80, 14],
          "offset": [52.5, -45],
          "$value2": "[stamina_20]",
          "clip_ratio": 0.0,
          "clip_direction": "left",
          "bindings": [
            {
              "binding_name": "#hud_title_text_string"
            },
            {
              "binding_type": "view",
              "source_property_name": "(not((#hud_title_text_string - $value2) = #hud_title_text_string))",
              "target_property_name": "#visible"
            }
          ]
        }
      },
      {
        "stamina19": {
          "type": "image",
          "texture": "textures/gui/stamina",
          "anchor_from": "bottom_middle",
          "anchor_to": "bottom_middle",
          "layer": 3,
          "size": [80, 14],
          "offset": [52.5, -45],
          "$value2": "[stamina_19]",
          "clip_ratio": 0.05,
          "clip_direction": "left",
          "bindings": [
            {
              "binding_name": "#hud_title_text_string"
            },
            {
              "binding_type": "view",
              "source_property_name": "(not((#hud_title_text_string - $value2) = #hud_title_text_string))",
              "target_property_name": "#visible"
            }
          ]
        }
      },
      {
        "stamina18": {
          "type": "image",
          "texture": "textures/gui/stamina",
          "anchor_from": "bottom_middle",
          "anchor_to": "bottom_middle",
          "layer": 3,
          "size": [80, 14],
          "offset": [52.5, -45],
          "$value2": "[stamina_18]",
          "clip_ratio": 0.1,
          "clip_direction": "left",
          "bindings": [
            {
              "binding_name": "#hud_title_text_string"
            },
            {
              "binding_type": "view",
              "source_property_name": "(not((#hud_title_text_string - $value2) = #hud_title_text_string))",
              "target_property_name": "#visible"
            }
          ]
        }
      },
      {
        "stamina17": {
          "type": "image",
          "texture": "textures/gui/stamina",
          "anchor_from": "bottom_middle",
          "anchor_to": "bottom_middle",
          "layer": 3,
          "size": [80, 14],
          "offset": [52.5, -45],
          "$value2": "[stamina_17]",
          "clip_ratio": 0.15,
          "clip_direction": "left",
          "bindings": [
            {
              "binding_name": "#hud_title_text_string"
            },
            {
              "binding_type": "view",
              "source_property_name": "(not((#hud_title_text_string - $value2) = #hud_title_text_string))",
              "target_property_name": "#visible"
            }
          ]
        }
      },
      {
        "stamina16": {
          "type": "image",
          "texture": "textures/gui/stamina",
          "anchor_from": "bottom_middle",
          "anchor_to": "bottom_middle",
          "layer": 3,
          "size": [80, 14],
          "offset": [52.5, -45],
          "$value2": "[stamina_16]",
          "clip_ratio": 0.2,
          "clip_direction": "left",
          "bindings": [
            {
              "binding_name": "#hud_title_text_string"
            },
            {
              "binding_type": "view",
              "source_property_name": "(not((#hud_title_text_string - $value2) = #hud_title_text_string))",
              "target_property_name": "#visible"
            }
          ]
        }
      },
      {
        "stamina15": {
          "type": "image",
          "texture": "textures/gui/stamina",
          "anchor_from": "bottom_middle",
          "anchor_to": "bottom_middle",
          "layer": 3,
          "size": [80, 14],
          "offset": [52.5, -45],
          "$value2": "[stamina_15]",
          "clip_ratio": 0.25,
          "clip_direction": "left",
          "bindings": [
            {
              "binding_name": "#hud_title_text_string"
            },
            {
              "binding_type": "view",
              "source_property_name": "(not((#hud_title_text_string - $value2) = #hud_title_text_string))",
              "target_property_name": "#visible"
            }
          ]
        }
      },
      {
        "stamina14": {
          "type": "image",
          "texture": "textures/gui/stamina",
          "anchor_from": "bottom_middle",
          "anchor_to": "bottom_middle",
          "layer": 3,
          "size": [80, 14],
          "offset": [52.5, -45],
          "$value2": "[stamina_14]",
          "clip_ratio": 0.3,
          "clip_direction": "left",
          "bindings": [
            {
              "binding_name": "#hud_title_text_string"
            },
            {
              "binding_type": "view",
              "source_property_name": "(not((#hud_title_text_string - $value2) = #hud_title_text_string))",
              "target_property_name": "#visible"
            }
          ]
        }
      },
      {
        "stamina13": {
          "type": "image",
          "texture": "textures/gui/stamina",
          "anchor_from": "bottom_middle",
          "anchor_to": "bottom_middle",
          "layer": 3,
          "size": [80, 14],
          "offset": [52.5, -45],
          "$value2": "[stamina_13]",
          "clip_ratio": 0.35,
          "clip_direction": "left",
          "bindings": [
            {
              "binding_name": "#hud_title_text_string"
            },
            {
              "binding_type": "view",
              "source_property_name": "(not((#hud_title_text_string - $value2) = #hud_title_text_string))",
              "target_property_name": "#visible"
            }
          ]
        }
      },
      {
        "stamina12": {
          "type": "image",
          "texture": "textures/gui/stamina",
          "anchor_from": "bottom_middle",
          "anchor_to": "bottom_middle",
          "layer": 3,
          "size": [80, 14],
          "offset": [52.5, -45],
          "$value2": "[stamina_12]",
          "clip_ratio": 0.4,
          "clip_direction": "left",
          "bindings": [
            {
              "binding_name": "#hud_title_text_string"
            },
            {
              "binding_type": "view",
              "source_property_name": "(not((#hud_title_text_string - $value2) = #hud_title_text_string))",
              "target_property_name": "#visible"
            }
          ]
        }
      },
      {
        "stamina11": {
          "type": "image",
          "texture": "textures/gui/stamina",
          "anchor_from": "bottom_middle",
          "anchor_to": "bottom_middle",
          "layer": 3,
          "size": [80, 14],
          "offset": [52.5, -45],
          "$value2": "[stamina_11]",
          "clip_ratio": 0.45,
          "clip_direction": "left",
          "bindings": [
            {
              "binding_name": "#hud_title_text_string"
            },
            {
              "binding_type": "view",
              "source_property_name": "(not((#hud_title_text_string - $value2) = #hud_title_text_string))",
              "target_property_name": "#visible"
            }
          ]
        }
      },
      {
        "stamina10": {
          "type": "image",
          "texture": "textures/gui/stamina",
          "anchor_from": "bottom_middle",
          "anchor_to": "bottom_middle",
          "layer": 3,
          "size": [80, 14],
          "offset": [52.5, -45],
          "$value2": "[stamina_10]",
          "clip_ratio": 0.5,
          "clip_direction": "left",
          "bindings": [
            {
              "binding_name": "#hud_title_text_string"
            },
            {
              "binding_type": "view",
              "source_property_name": "(not((#hud_title_text_string - $value2) = #hud_title_text_string))",
              "target_property_name": "#visible"
            }
          ]
        }
      },
      {
        "stamina9": {
          "type": "image",
          "texture": "textures/gui/stamina",
          "anchor_from": "bottom_middle",
          "anchor_to": "bottom_middle",
          "layer": 3,
          "size": [80, 14],
          "offset": [52.5, -45],
          "$value2": "[stamina_9]",
          "clip_ratio": 0.55,
          "clip_direction": "left",
          "bindings": [
            {
              "binding_name": "#hud_title_text_string"
            },
            {
              "binding_type": "view",
              "source_property_name": "(not((#hud_title_text_string - $value2) = #hud_title_text_string))",
              "target_property_name": "#visible"
            }
          ]
        }
      },
      {
        "stamina8": {
          "type": "image",
          "texture": "textures/gui/stamina",
          "anchor_from": "bottom_middle",
          "anchor_to": "bottom_middle",
          "layer": 3,
          "size": [80, 14],
          "offset": [52.5, -45],
          "$value2": "[stamina_8]",
          "clip_ratio": 0.6,
          "clip_direction": "left",
          "bindings": [
            {
              "binding_name": "#hud_title_text_string"
            },
            {
              "binding_type": "view",
              "source_property_name": "(not((#hud_title_text_string - $value2) = #hud_title_text_string))",
              "target_property_name": "#visible"
            }
          ]
        }
      },
      {
        "stamina7": {
          "type": "image",
          "texture": "textures/gui/stamina",
          "anchor_from": "bottom_middle",
          "anchor_to": "bottom_middle",
          "layer": 3,
          "size": [80, 14],
          "offset": [52.5, -45],
          "$value2": "[stamina_7]",
          "clip_ratio": 0.65,
          "clip_direction": "left",
          "bindings": [
            {
              "binding_name": "#hud_title_text_string"
            },
            {
              "binding_type": "view",
              "source_property_name": "(not((#hud_title_text_string - $value2) = #hud_title_text_string))",
              "target_property_name": "#visible"
            }
          ]
        }
      },
      {
        "stamina6": {
          "type": "image",
          "texture": "textures/gui/stamina",
          "anchor_from": "bottom_middle",
          "anchor_to": "bottom_middle",
          "layer": 3,
          "size": [80, 14],
          "offset": [52.5, -45],
          "$value2": "[stamina_6]",
          "clip_ratio": 0.7,
          "clip_direction": "left",
          "bindings": [
            {
              "binding_name": "#hud_title_text_string"
            },
            {
              "binding_type": "view",
              "source_property_name": "(not((#hud_title_text_string - $value2) = #hud_title_text_string))",
              "target_property_name": "#visible"
            }
          ]
        }
      },
      {
        "stamina5": {
          "type": "image",
          "texture": "textures/gui/stamina",
          "anchor_from": "bottom_middle",
          "anchor_to": "bottom_middle",
          "layer": 3,
          "size": [80, 14],
          "offset": [52.5, -45],
          "$value2": "[stamina_5]",
          "clip_ratio": 0.75,
          "clip_direction": "left",
          "bindings": [
            {
              "binding_name": "#hud_title_text_string"
            },
            {
              "binding_type": "view",
              "source_property_name": "(not((#hud_title_text_string - $value2) = #hud_title_text_string))",
              "target_property_name": "#visible"
            }
          ]
        }
      },
      {
        "stamina4": {
          "type": "image",
          "texture": "textures/gui/stamina",
          "anchor_from": "bottom_middle",
          "anchor_to": "bottom_middle",
          "layer": 3,
          "size": [80, 14],
          "offset": [52.5, -45],
          "$value2": "[stamina_4]",
          "clip_ratio": 0.8,
          "clip_direction": "left",
          "bindings": [
            {
              "binding_name": "#hud_title_text_string"
            },
            {
              "binding_type": "view",
              "source_property_name": "(not((#hud_title_text_string - $value2) = #hud_title_text_string))",
              "target_property_name": "#visible"
            }
          ]
        }
      },
      {
        "stamina3": {
          "type": "image",
          "texture": "textures/gui/stamina",
          "anchor_from": "bottom_middle",
          "anchor_to": "bottom_middle",
          "layer": 3,
          "size": [80, 14],
          "offset": [52.5, -45],
          "$value2": "[stamina_3]",
          "clip_ratio": 0.85,
          "clip_direction": "left",
          "bindings": [
            {
              "binding_name": "#hud_title_text_string"
            },
            {
              "binding_type": "view",
              "source_property_name": "(not((#hud_title_text_string - $value2) = #hud_title_text_string))",
              "target_property_name": "#visible"
            }
          ]
        }
      },
      {
        "stamina2": {
          "type": "image",
          "texture": "textures/gui/stamina",
          "anchor_from": "bottom_middle",
          "anchor_to": "bottom_middle",
          "layer": 3,
          "size": [80, 14],
          "offset": [52.5, -45],
          "$value2": "[stamina_2]",
          "clip_ratio": 0.9,
          "clip_direction": "left",
          "bindings": [
            {
              "binding_name": "#hud_title_text_string"
            },
            {
              "binding_type": "view",
              "source_property_name": "(not((#hud_title_text_string - $value2) = #hud_title_text_string))",
              "target_property_name": "#visible"
            }
          ]
        }
      },
      {
        "stamina1": {
          "type": "image",
          "texture": "textures/gui/stamina",
          "anchor_from": "bottom_middle",
          "anchor_to": "bottom_middle",
          "layer": 3,
          "size": [80, 14],
          "offset": [52.5, -45],
          "$value2": "[stamina_1]",
          "clip_ratio": 0.95,
          "clip_direction": "left",
          "bindings": [
            {
              "binding_name": "#hud_title_text_string"
            },
            {
              "binding_type": "view",
              "source_property_name": "(not((#hud_title_text_string - $value2) = #hud_title_text_string))",
              "target_property_name": "#visible"
            }
          ]
        }
      },
      {
        "stamina0": {
          "type": "image",
          "texture": "textures/gui/stamina",
          "anchor_from": "bottom_middle",
          "anchor_to": "bottom_middle",
          "layer": 3,
          "size": [80, 14],
          "offset": [52.5, -45],
          "$value2": "[stamina_0]",
          "clip_ratio": 1,
          "clip_direction": "left",
          "bindings": [
            {
              "binding_name": "#hud_title_text_string"
            },
            {
              "binding_type": "view",
              "source_property_name": "(not((#hud_title_text_string - $value2) = #hud_title_text_string))",
              "target_property_name": "#visible"
            }
          ]
        }
      }
    ]
  },
  "slots": {
    "type": "image",
    "texture": "textures/ui/invisible",
    "$value": "[quirk_",
    "bindings": [
      {
        "binding_name": "#hud_title_text_string"
      },
      {
        "binding_type": "view",
        "source_property_name": "(not((#hud_title_text_string - $value) = #hud_title_text_string))",
        "target_property_name": "#visible"
      }
    ],
    "controls": [
      {
        "slot1": {
          "type": "image",
          "texture": "textures/ui/gui/slot1",
          "anchor_from": "bottom_right",
          "anchor_to": "bottom_right",
          "layer": 3,
          "size": [100, 100],
          "offset": [-10, 0],
          "$value2": "[slot1]",
          "bindings": [
            {
              "binding_name": "#hud_title_text_string"
            },
            {
              "binding_type": "view",
              "source_property_name": "(not((#hud_title_text_string - $value2) = #hud_title_text_string))",
              "target_property_name": "#visible"
            }
          ]
        }
      },
      {
        "slot2": {
          "type": "image",
          "texture": "textures/ui/gui/slot2",
          "anchor_from": "bottom_right",
          "anchor_to": "bottom_right",
          "layer": 3,
          "size": [100, 100],
          "offset": [-10, 0],
          "$value2": "[slot2]",
          "bindings": [
            {
              "binding_name": "#hud_title_text_string"
            },
            {
              "binding_type": "view",
              "source_property_name": "(not((#hud_title_text_string - $value2) = #hud_title_text_string))",
              "target_property_name": "#visible"
            }
          ]
        }
      },
      {
        "slot3": {
          "type": "image",
          "texture": "textures/ui/gui/slot3",
          "anchor_from": "bottom_right",
          "anchor_to": "bottom_right",
          "layer": 3,
          "size": [100, 100],
          "offset": [-10, 0],
          "$value2": "[slot3]",
          "bindings": [
            {
              "binding_name": "#hud_title_text_string"
            },
            {
              "binding_type": "view",
              "source_property_name": "(not((#hud_title_text_string - $value2) = #hud_title_text_string))",
              "target_property_name": "#visible"
            }
          ]
        }
      },
      {
        "slot4": {
          "type": "image",
          "texture": "textures/ui/gui/slot4",
          "anchor_from": "bottom_right",
          "anchor_to": "bottom_right",
          "layer": 3,
          "size": [100, 100],
          "offset": [-10, 0],
          "$value2": "[slot4]",
          "bindings": [
            {
              "binding_name": "#hud_title_text_string"
            },
            {
              "binding_type": "view",
              "source_property_name": "(not((#hud_title_text_string - $value2) = #hud_title_text_string))",
              "target_property_name": "#visible"
            }
          ]
        }
      },
      {
        "slot5": {
          "type": "image",
          "texture": "textures/ui/gui/slot5",
          "anchor_from": "bottom_right",
          "anchor_to": "bottom_right",
          "layer": 3,
          "size": [100, 100],
          "offset": [-10, 0],
          "$value2": "[slot5]",
          "bindings": [
            {
              "binding_name": "#hud_title_text_string"
            },
            {
              "binding_type": "view",
              "source_property_name": "(not((#hud_title_text_string - $value2) = #hud_title_text_string))",
              "target_property_name": "#visible"
            }
          ]
        }
      },
      {
        "slot6": {
          "type": "image",
          "texture": "textures/ui/gui/slot6",
          "anchor_from": "bottom_right",
          "anchor_to": "bottom_right",
          "layer": 3,
          "size": [100, 100],
          "offset": [-10, 0],
          "$value2": "[slot6]",
          "bindings": [
            {
              "binding_name": "#hud_title_text_string"
            },
            {
              "binding_type": "view",
              "source_property_name": "(not((#hud_title_text_string - $value2) = #hud_title_text_string))",
              "target_property_name": "#visible"
            }
          ]
        }
      },
      {
        "slot7": {
          "type": "image",
          "texture": "textures/ui/gui/slot7",
          "anchor_from": "bottom_right",
          "anchor_to": "bottom_right",
          "layer": 3,
          "size": [100, 100],
          "offset": [-10, 0],
          "$value2": "[slot7]",
          "bindings": [
            {
              "binding_name": "#hud_title_text_string"
            },
            {
              "binding_type": "view",
              "source_property_name": "(not((#hud_title_text_string - $value2) = #hud_title_text_string))",
              "target_property_name": "#visible"
            }
          ]
        }
      },
      {
        "slot8": {
          "type": "image",
          "texture": "textures/ui/gui/slot8",
          "anchor_from": "bottom_right",
          "anchor_to": "bottom_right",
          "layer": 3,
          "size": [100, 100],
          "offset": [-10, 0],
          "$value2": "[slot8]",
          "bindings": [
            {
              "binding_name": "#hud_title_text_string"
            },
            {
              "binding_type": "view",
              "source_property_name": "(not((#hud_title_text_string - $value2) = #hud_title_text_string))",
              "target_property_name": "#visible"
            }
          ]
        }
      }
    ]
  }
}