{
	"format_version": "1.8.0",
	"animations": {
		"animation.mirror_mochi": {
			"loop": "hold_on_last_frame",
			"animation_length": 3.5,
			"bones": {
				"bone": {
					"rotation": {
						"0.1667": {
							"pre": [0, 0, 0],
							"post": [0, 0, 0],
							"lerp_mode": "catmullrom"
						},
						"0.25": {
							"post": [0, 0, 0],
							"lerp_mode": "catmullrom"
						},
						"1.125": {
							"post": [0, 0, 0],
							"lerp_mode": "catmullrom"
						},
						"3.125": {
							"post": [0, 0, 0],
							"lerp_mode": "catmullrom"
						},
						"3.25": {
							"post": [0, 52.5, 0],
							"lerp_mode": "catmullrom"
						},
						"3.375": {
							"post": [0, 95, 0],
							"lerp_mode": "catmullrom"
						},
						"3.4583": {
							"post": [0, 95, 0],
							"lerp_mode": "catmullrom"
						}
					},
					"position": {
						"0.1667": {
							"pre": [0, 0, 0],
							"post": [0, 0, 0],
							"lerp_mode": "catmullrom"
						},
						"0.25": {
							"post": [0, 0, 0],
							"lerp_mode": "catmullrom"
						},
						"0.375": {
							"post": [0, 84, -21],
							"lerp_mode": "catmullrom"
						},
						"1.125": {
							"post": [0, 84, -21],
							"lerp_mode": "catmullrom"
						},
						"3.125": {
							"post": [0, 84, -21],
							"lerp_mode": "catmullrom"
						},
						"3.25": {
							"post": [25, 84, -21],
							"lerp_mode": "catmullrom"
						},
						"3.4583": {
							"post": [25, 84, -21],
							"lerp_mode": "catmullrom"
						}
					},
					"scale": {
						"0.0": {
							"post": [0, 1, 0],
							"lerp_mode": "catmullrom"
						},
						"0.1667": {
							"post": [0.963, 0, 0.963],
							"lerp_mode": "catmullrom"
						},
						"0.25": {
							"post": [1, 1, 1],
							"lerp_mode": "catmullrom"
						},
						"0.4583": {
							"post": [1, 0.7, 1],
							"lerp_mode": "catmullrom"
						},
						"0.5417": {
							"post": [1, 1, 1],
							"lerp_mode": "catmullrom"
						},
						"1.125": {
							"post": [1, 1, 1],
							"lerp_mode": "catmullrom"
						},
						"3.125": {
							"post": [1, 1, 1],
							"lerp_mode": "catmullrom"
						},
						"3.25": {
							"post": [0.8, 0.7, 0.7],
							"lerp_mode": "catmullrom"
						},
						"3.375": {
							"post": [0.8, 0.3, 0.6],
							"lerp_mode": "catmullrom"
						},
						"3.4583": {
							"post": [0, 0.3, 0],
							"lerp_mode": "catmullrom"
						}
					}
				}
			},
			"sound_effects": {
				"0.0": {
					"effect": "dough_skill1"
				},
				"2.5833": {
					"effect": "dough_skill2"
				}
			},
			"particle_effects": {
				"0.25": {
					"effect": "dough_skill1"
				}
			}
		}
	}
}