{
	"format_version": "1.8.0",
	"animations": {
		"animation.click.create": {
			"loop": true,
			"animation_length": 3.125,
			"bones": {
				"rightMochiArm": {
					"rotation": {
						"0.0": {
							"post": [0, 0, 0],
							"lerp_mode": "catmullrom"
						},
						"0.2917": {
							"post": [0, 0, 60],
							"lerp_mode": "catmullrom"
						},
						"0.625": {
							"post": [0, 0, 142.5],
							"lerp_mode": "catmullrom"
						},
						"0.8333": {
							"post": [0, 0, 170],
							"lerp_mode": "catmullrom"
						},
						"3.125": {
							"post": [0, 0, 170],
							"lerp_mode": "catmullrom"
						}
					},
					"position": {
						"0.0": {
							"post": [0, -70, 0],
							"lerp_mode": "catmullrom"
						},
						"0.2917": {
							"post": [-12, -46, 0],
							"lerp_mode": "catmullrom"
						},
						"0.625": {
							"post": [0, -19, 0],
							"lerp_mode": "catmullrom"
						},
						"0.7917": {
							"post": [0, -21, 0],
							"lerp_mode": "catmullrom"
						},
						"1.0417": {
							"post": [-1, -12, 0],
							"lerp_mode": "catmullrom"
						},
						"1.5833": {
							"post": [-1, -8, 0],
							"lerp_mode": "catmullrom"
						},
						"2.1667": {
							"post": [-1, -16, 0],
							"lerp_mode": "catmullrom"
						},
						"3.125": {
							"post": [-3, -9, 0],
							"lerp_mode": "catmullrom"
						}
					},
					"scale": {
						"0.0": {
							"post": [1, 1, 1],
							"lerp_mode": "catmullrom"
						},
						"3.125": {
							"post": [1, 1, 1],
							"lerp_mode": "catmullrom"
						}
					}
				},
				"arm": {
					"scale": [0, 1, 0]
				},
				"leftMochiArm": {
					"rotation": {
						"0.0": {
							"post": [0, 0, 0],
							"lerp_mode": "catmullrom"
						},
						"0.2083": {
							"post": [0, 0, -77.5],
							"lerp_mode": "catmullrom"
						},
						"0.4167": {
							"post": [0, 0, -137.5],
							"lerp_mode": "catmullrom"
						},
						"0.6667": {
							"post": [0, 0, -217.5],
							"lerp_mode": "catmullrom"
						},
						"0.9167": {
							"post": [0, 0, -277.5],
							"lerp_mode": "catmullrom"
						},
						"1.1667": {
							"post": [0, 0, -347.5],
							"lerp_mode": "catmullrom"
						},
						"3.125": {
							"post": [0, 0, -347.5],
							"lerp_mode": "catmullrom"
						}
					},
					"position": {
						"0.0": {
							"post": [0, -72, 0],
							"lerp_mode": "catmullrom"
						},
						"0.2083": {
							"post": [12, -53, 0],
							"lerp_mode": "catmullrom"
						},
						"0.4167": {
							"post": [16, -44, 0],
							"lerp_mode": "catmullrom"
						},
						"0.6667": {
							"post": [15, -8, 0],
							"lerp_mode": "catmullrom"
						},
						"0.9167": {
							"post": [14, -21, 0],
							"lerp_mode": "catmullrom"
						},
						"1.1667": {
							"post": [11, -15, 0],
							"lerp_mode": "catmullrom"
						},
						"1.5833": {
							"post": [11, -18, 0],
							"lerp_mode": "catmullrom"
						},
						"2.0833": {
							"post": [11, -10, 0],
							"lerp_mode": "catmullrom"
						},
						"3.125": {
							"post": [11, -10, 0],
							"lerp_mode": "catmullrom"
						}
					},
					"scale": {
						"0.0": {
							"post": [1, 1, 1],
							"lerp_mode": "catmullrom"
						},
						"3.125": {
							"post": [1, 1, 1],
							"lerp_mode": "catmullrom"
						}
					}
				},
				"arm2": {
					"scale": [0, 1, 0]
				},
				"rightArm": {
					"rotation": {
						"0.0": [0, 0, 0],
						"0.25": [-115.12387, -23.47544, -25.10548],
						"1.625": [-115.12, -23.48, -25.11],
						"1.9583": [0, 0, 0],
						"3.125": [0, 0, 0]
					},
					"position": {
						"0.0": [0, 0, 0],
						"0.25": [0, -5, 0],
						"1.625": [0, -5, 0],
						"1.9167": [0, 0, 0]
					},
					"scale": {
						"0.0": [1, 1, 1],
						"1.625": [1, 1, 1],
						"3.125": [1, 1, 1]
					}
				},
				"rightMochieffect": {
					"scale": {
						"0.2917": {
							"pre": [0, 1, 0],
							"post": [0, 1, 0],
							"lerp_mode": "catmullrom"
						},
						"0.5": {
							"post": [1, 1, 1],
							"lerp_mode": "catmullrom"
						},
						"3.125": {
							"post": [1, 1, 1],
							"lerp_mode": "catmullrom"
						}
					}
				},
				"leftMochieffect": {
					"scale": {
						"0.3333": [0, 1, 0],
						"0.5": [1, 1, 1]
					}
				}
			}
		},
		"animation.click.idle": {
			"loop": true,
			"animation_length": 4,
			"bones": {
				"rightMochiArm": {
					"rotation": {
						"0.0": {
							"post": [0, 0, 0],
							"lerp_mode": "catmullrom"
						},
						"1.0": {
							"post": [0, 0, -55],
							"lerp_mode": "catmullrom"
						},
						"2.0": {
							"post": [0, 0, 0],
							"lerp_mode": "catmullrom"
						},
						"3.0": {
							"post": [0, 0, -55],
							"lerp_mode": "catmullrom"
						},
						"4.0": {
							"post": [0, 0, 0],
							"lerp_mode": "catmullrom"
						}
					},
					"position": {
						"0.0": {
							"post": [0, 0, 0],
							"lerp_mode": "catmullrom"
						},
						"1.0": {
							"post": [0, -10, 0],
							"lerp_mode": "catmullrom"
						},
						"2.0": {
							"post": [0, 0, 0],
							"lerp_mode": "catmullrom"
						},
						"3.0": {
							"post": [0, 10, 0],
							"lerp_mode": "catmullrom"
						},
						"4.0": {
							"post": [0, 0, 0],
							"lerp_mode": "catmullrom"
						}
					}
				},
				"arm": {
					"scale": [0, 0, 0]
				},
				"leftMochiArm": {
					"rotation": {
						"0.0": {
							"post": [0, 0, 0],
							"lerp_mode": "catmullrom"
						},
						"1.0": {
							"post": [0, 0, 55],
							"lerp_mode": "catmullrom"
						},
						"2.0": {
							"post": [0, 0, 0],
							"lerp_mode": "catmullrom"
						},
						"3.0": {
							"post": [0, 0, -55],
							"lerp_mode": "catmullrom"
						},
						"4.0": {
							"post": [0, 0, 0],
							"lerp_mode": "catmullrom"
						}
					},
					"position": {
						"0.0": {
							"post": [0, 0, 0],
							"lerp_mode": "catmullrom"
						},
						"1.0": {
							"post": [0, 10, 0],
							"lerp_mode": "catmullrom"
						},
						"2.0": {
							"post": [0, 0, 0],
							"lerp_mode": "catmullrom"
						},
						"3.0": {
							"post": [0, -10, 0],
							"lerp_mode": "catmullrom"
						},
						"4.0": {
							"post": [0, 0, 0],
							"lerp_mode": "catmullrom"
						}
					}
				},
				"arm2": {
					"scale": [0, 0, 0]
				}
			}
		},
		"animation.click1": {
			"loop": "hold_on_last_frame",
			"animation_length": 0.41667,
			"bones": {
				"rightMochiArm": {
					"rotation": {
						"0.0": {
							"post": [0, 0, 0],
							"lerp_mode": "catmullrom"
						},
						"0.125": {
							"post": [0, -10, 0],
							"lerp_mode": "catmullrom"
						},
						"0.3333": {
							"post": [0, 0, 0],
							"lerp_mode": "catmullrom"
						},
						"0.4167": {
							"post": [0, 0, 0],
							"lerp_mode": "catmullrom"
						}
					},
					"position": {
						"0.0": {
							"post": [0, 0, 0],
							"lerp_mode": "catmullrom"
						},
						"0.0833": {
							"post": [0, 0, 6],
							"lerp_mode": "catmullrom"
						},
						"0.1667": {
							"post": [0, 0, -12],
							"lerp_mode": "catmullrom"
						},
						"0.3333": {
							"post": [0, 0, 0],
							"lerp_mode": "catmullrom"
						},
						"0.4167": {
							"post": [0, 0, 0],
							"lerp_mode": "catmullrom"
						}
					},
					"scale": {
						"0.0": {
							"post": [1, 1, 1],
							"lerp_mode": "catmullrom"
						},
						"0.4167": {
							"post": [1, 1, 1],
							"lerp_mode": "catmullrom"
						}
					}
				},
				"arm": {
					"rotation": {
						"0.0": {
							"post": [0, 0, 0],
							"lerp_mode": "catmullrom"
						},
						"0.1667": {
							"post": [0, 0, 0],
							"lerp_mode": "catmullrom"
						},
						"0.4167": {
							"post": [0, 0, 0],
							"lerp_mode": "catmullrom"
						}
					},
					"position": {
						"0.0": {
							"post": [0, 0, 0],
							"lerp_mode": "catmullrom"
						},
						"0.1667": {
							"post": [0, 0, 0],
							"lerp_mode": "catmullrom"
						},
						"0.4167": {
							"post": [0, 0, 0],
							"lerp_mode": "catmullrom"
						}
					},
					"scale": {
						"0.0417": {
							"pre": [0, 1, 0],
							"post": [0, 1, 0],
							"lerp_mode": "catmullrom"
						},
						"0.0833": {
							"post": [1, 1, 0.5],
							"lerp_mode": "catmullrom"
						},
						"0.2083": {
							"post": [1, 1, 1],
							"lerp_mode": "catmullrom"
						},
						"0.2917": {
							"post": [1, 1, 0.9],
							"lerp_mode": "catmullrom"
						},
						"0.375": {
							"post": [1, 1, 0],
							"lerp_mode": "catmullrom"
						},
						"0.4167": {
							"post": [0, 1, 0],
							"lerp_mode": "catmullrom"
						}
					}
				},
				"arm2": {
					"scale": [0, 0, 0]
				},
				"waist": {
					"rotation": {
						"0.0": {
							"post": [-15.76344, 32.32122, -1.5296],
							"lerp_mode": "catmullrom"
						},
						"0.1667": {
							"post": [9.08623, -33.14552, 15.91377],
							"lerp_mode": "catmullrom"
						},
						"0.4167": {
							"post": [9.09, -33.15, 15.91],
							"lerp_mode": "catmullrom"
						}
					},
					"position": {
						"0.0": {
							"post": [0, 0, 0],
							"lerp_mode": "catmullrom"
						},
						"0.4167": {
							"post": [0, 0, 0],
							"lerp_mode": "catmullrom"
						}
					},
					"scale": {
						"0.0": {
							"post": [1, 1, 1],
							"lerp_mode": "catmullrom"
						},
						"0.4167": {
							"post": [1, 1, 1],
							"lerp_mode": "catmullrom"
						}
					}
				},
				"rightArm": {
					"rotation": {
						"0.0": {
							"post": [-97.3647, 39.09021, 46.0181],
							"lerp_mode": "catmullrom"
						},
						"0.1667": {
							"post": [-95.76812, -8.13646, 51.49639],
							"lerp_mode": "catmullrom"
						},
						"0.4167": {
							"post": [-95.77, -8.14, 51.5],
							"lerp_mode": "catmullrom"
						}
					},
					"position": {
						"0.0": {
							"post": [0, -3, 4],
							"lerp_mode": "catmullrom"
						},
						"0.1667": {
							"post": [2, 0, -4],
							"lerp_mode": "catmullrom"
						},
						"0.25": {
							"post": [2, 0, -3],
							"lerp_mode": "catmullrom"
						},
						"0.4167": {
							"post": [2, 0, -3],
							"lerp_mode": "catmullrom"
						}
					},
					"scale": {
						"0.0": {
							"post": [1, 1, 1],
							"lerp_mode": "catmullrom"
						},
						"0.4167": {
							"post": [1, 1, 1],
							"lerp_mode": "catmullrom"
						}
					}
				},
				"rightMochieffect": {
					"rotation": {
						"0.0": [0, 0, 0],
						"0.4167": [0, 0, 0]
					},
					"position": [0, 0, 0],
					"scale": {
						"0.0": [1, 1, 1],
						"0.4167": [1, 1, 1]
					}
				}
			}
		},
		"animation.click2": {
			"loop": "hold_on_last_frame",
			"animation_length": 0.58333,
			"bones": {
				"arm": {
					"scale": [0, 1, 0]
				},
				"leftMochiArm": {
					"rotation": {
						"0.0": {
							"post": [0, 0, 0],
							"lerp_mode": "catmullrom"
						},
						"0.125": {
							"post": [0, -7.5, 0],
							"lerp_mode": "catmullrom"
						},
						"0.2917": {
							"post": [0, 10, 0],
							"lerp_mode": "catmullrom"
						},
						"0.5833": {
							"post": [0, 0, 0],
							"lerp_mode": "catmullrom"
						}
					},
					"position": {
						"0.0": {
							"post": [0, 0, 0],
							"lerp_mode": "catmullrom"
						},
						"0.125": {
							"post": [0, 0, 7],
							"lerp_mode": "catmullrom"
						},
						"0.2917": {
							"post": [0, 0, -18],
							"lerp_mode": "catmullrom"
						},
						"0.5833": {
							"post": [0, 0, 0],
							"lerp_mode": "catmullrom"
						}
					},
					"scale": {
						"0.0": {
							"post": [1, 1, 1],
							"lerp_mode": "catmullrom"
						},
						"0.5833": {
							"post": [1, 1, 1],
							"lerp_mode": "catmullrom"
						}
					}
				},
				"arm2": {
					"rotation": {
						"0.0": {
							"post": [0, 0, 0],
							"lerp_mode": "catmullrom"
						},
						"0.25": {
							"post": [0, 0, 0],
							"lerp_mode": "catmullrom"
						},
						"0.5833": {
							"post": [0, 0, 0],
							"lerp_mode": "catmullrom"
						}
					},
					"position": {
						"0.0": {
							"post": [0, 0, 0],
							"lerp_mode": "catmullrom"
						},
						"0.25": {
							"post": [0, 0, 0],
							"lerp_mode": "catmullrom"
						},
						"0.5833": {
							"post": [0, 0, 0],
							"lerp_mode": "catmullrom"
						}
					},
					"scale": {
						"0.0": {
							"post": [1, 1, 0],
							"lerp_mode": "catmullrom"
						},
						"0.125": {
							"post": [1, 1, 0],
							"lerp_mode": "catmullrom"
						},
						"0.25": {
							"post": [1, 1, 1.1],
							"lerp_mode": "catmullrom"
						},
						"0.3333": {
							"post": [1, 1, 1],
							"lerp_mode": "catmullrom"
						},
						"0.5": {
							"post": [1, 1, 0],
							"lerp_mode": "catmullrom"
						},
						"0.5833": {
							"post": [0, 1, 0],
							"lerp_mode": "catmullrom"
						}
					}
				},
				"waist": {
					"rotation": {
						"0.0": [0, 0, 0],
						"0.0833": [-13.27463, -19.50645, 4.50432],
						"0.2083": [18.2643, 41.26755, -11.21792]
					},
					"position": [0, 0, 0],
					"scale": [1, 1, 1]
				},
				"leftArm": {
					"rotation": {
						"0.0": {
							"post": [0, 0, 0],
							"lerp_mode": "catmullrom"
						},
						"0.0833": {
							"post": [-112.20414, -7.2732, 32.83045],
							"lerp_mode": "catmullrom"
						},
						"0.5833": {
							"post": [-112.2, -7.27, 32.83],
							"lerp_mode": "catmullrom"
						}
					},
					"position": {
						"0.0": {
							"post": [0, 0, 0],
							"lerp_mode": "catmullrom"
						},
						"0.0833": {
							"post": [-1, -1, 3],
							"lerp_mode": "catmullrom"
						},
						"0.2083": {
							"post": [-1, 1, -3],
							"lerp_mode": "catmullrom"
						},
						"0.3333": {
							"post": [-1, 1, -1],
							"lerp_mode": "catmullrom"
						},
						"0.5833": {
							"post": [-1, 1, -1],
							"lerp_mode": "catmullrom"
						}
					},
					"scale": {
						"0.0": {
							"post": [1, 1, 1],
							"lerp_mode": "catmullrom"
						},
						"0.5833": {
							"post": [1, 1, 1],
							"lerp_mode": "catmullrom"
						}
					}
				}
			}
		},
		"animation.click3": {
			"loop": "hold_on_last_frame",
			"animation_length": 0.58333,
			"bones": {
				"rightMochiArm": {
					"rotation": {
						"0.0": [0, 0, 0],
						"0.2083": [0, -12.5, 0],
						"0.4167": [0, -12.5, 0],
						"0.5": [0, 0, 0]
					},
					"position": {
						"0.0": [0, 0, 0],
						"0.0833": [0, 0, 7],
						"0.2083": [1, 0, 0],
						"0.4167": [1, 0, 0],
						"0.5": [0, 0, 0]
					},
					"scale": [1, 1, 1]
				},
				"arm": {
					"rotation": {
						"0.2083": [0, 0, 0],
						"0.4167": [0, 0, 0]
					},
					"position": {
						"0.2083": [0, 0, 0],
						"0.4167": [0, 0, 0]
					},
					"scale": {
						"0.0": [1, 1, 0],
						"0.125": [1, 1, 0],
						"0.2083": [1, 1, 1],
						"0.2917": [1, 1, 0.9],
						"0.4167": [1, 1, 0.9],
						"0.5": [1, 1, 0]
					}
				},
				"leftMochiArm": {
					"rotation": {
						"0.0": [0, 0, 0],
						"0.2083": [0, 15, 0],
						"0.4167": [0, 15, 0],
						"0.5": [0, 0, 0]
					},
					"position": {
						"0.0": [0, 0, 0],
						"0.0833": [0, 0, 12],
						"0.2083": [0, 0, -1],
						"0.4167": [0, 0, -1],
						"0.5": [0, 0, 0]
					},
					"scale": [1, 1, 1]
				},
				"arm2": {
					"rotation": {
						"0.2083": [0, 0, 0],
						"0.4167": [0, 0, 0]
					},
					"position": {
						"0.2083": [0, 0, 0],
						"0.4167": [0, 0, 0]
					},
					"scale": {
						"0.0": [1, 1, 0],
						"0.125": [1, 1, 0],
						"0.2083": [1, 1, 1],
						"0.2917": [1, 1, 0.9],
						"0.4167": [1, 1, 0.9],
						"0.5": [1, 1, 0]
					}
				},
				"waist": {
					"rotation": {
						"0.0": [0, 0, 0],
						"0.125": [-22.5, 0, 0],
						"0.25": [40, 0, 0]
					},
					"position": [0, 0, 0],
					"scale": [1, 1, 1]
				},
				"leftArm": {
					"rotation": {
						"0.0": [0, 0, 0],
						"0.125": [-121.37221, -32.18826, 4.75346],
						"0.2083": [-121.37, -32.19, 4.75],
						"0.2917": [-123.91415, -7.9834, -9.29722]
					},
					"position": {
						"0.0": [0, 0, 0],
						"0.125": [-1, -3, 3],
						"0.2083": [-1, -3, 3],
						"0.2917": [-1, 3, -3],
						"0.375": [-1, 3, -1]
					},
					"scale": {
						"0.0": [1, 1, 1],
						"0.2083": [1, 1, 1]
					}
				},
				"rightArm": {
					"rotation": {
						"0.0": [0, 0, 0],
						"0.125": [-115, 40, 0],
						"0.2083": [-115, 40, 0],
						"0.2917": [-125.97877, 11.47977, 1.3709]
					},
					"position": {
						"0.0": [0, 0, 0],
						"0.125": [1, -3, 2],
						"0.2083": [1, -3, 2],
						"0.2917": [1, 2, -2],
						"0.375": [1, 2, -1]
					},
					"scale": {
						"0.0": [1, 1, 1],
						"0.2083": [1, 1, 1]
					}
				}
			}
		},
		"animation.fp": {
			"loop": true,
			"bones": {
				"Mochimochi": {
					"rotation": [0, 180, 0]
				}
			}
		}	}
}