{
	"format_version": "1.8.0",
	"animations": {
		"animation.zangiri.rotating": {
			"loop": true,
			"animation_length": 5.20833,
			"bones": {
				"rightArm": {
					"rotation": {
						"0.0": {
							"post": [-34.02097, 0.08421, -89.88471],
							"lerp_mode": "catmullrom"
						},
						"0.125": {
							"post": [90.97903, 0.08421, -89.88471],
							"lerp_mode": "catmullrom"
						},
						"0.25": {
							"post": [178.47903, 0.08421, -89.88471],
							"lerp_mode": "catmullrom"
						},
						"0.375": {
							"post": [270.97903, 0.08421, -89.88471],
							"lerp_mode": "catmullrom"
						},
						"0.5": {
							"post": [358.47903, 0.08421, -89.88471],
							"lerp_mode": "catmullrom"
						},
						"0.625": {
							"post": [450.97903, 0.08421, -89.88471],
							"lerp_mode": "catmullrom"
						},
						"0.75": {
							"post": [540.97903, 0.08421, -89.88471],
							"lerp_mode": "catmullrom"
						},
						"0.875": {
							"post": [630.97903, 0.08421, -89.88471],
							"lerp_mode": "catmullrom"
						},
						"1.0": {
							"post": [718.47903, 0.08421, -89.88471],
							"lerp_mode": "catmullrom"
						},
						"1.125": {
							"post": [808.47903, 0.08421, -89.88471],
							"lerp_mode": "catmullrom"
						},
						"1.25": {
							"post": [903.47903, 0.08421, -89.88471],
							"lerp_mode": "catmullrom"
						},
						"1.375": {
							"post": [993.47903, 0.08421, -89.88471],
							"lerp_mode": "catmullrom"
						},
						"1.5": {
							"post": [1083.47903, 0.08421, -89.88471],
							"lerp_mode": "catmullrom"
						},
						"1.625": {
							"post": [1170.97903, 0.08421, -89.88471],
							"lerp_mode": "catmullrom"
						},
						"1.8333": {
							"post": [1255.97903, 0.08421, -89.88471],
							"lerp_mode": "catmullrom"
						},
						"2.0417": {
							"post": [1353.60285, 15.05591, -88.95279],
							"lerp_mode": "catmullrom"
						},
						"2.2083": {
							"post": [1403.2457, 37.59342, -62.47877],
							"lerp_mode": "catmullrom"
						},
						"2.375": {
							"post": [1448.59783, 47.80734, -16.39743],
							"lerp_mode": "catmullrom"
						},
						"2.5417": {
							"post": [1454.03071, -1.19983, 13.62632],
							"lerp_mode": "catmullrom"
						},
						"2.6667": {
							"post": [1436.16547, -13.87093, 23.5385],
							"lerp_mode": "catmullrom"
						},
						"2.8333": {
							"post": [1419.30625, -67.39796, 16.92207],
							"lerp_mode": "catmullrom"
						},
						"3.0": {
							"post": [1415.69131, -88.7398, 20.2188],
							"lerp_mode": "catmullrom"
						},
						"3.1667": {
							"post": [1606.85192, -76.00593, -169.31327],
							"lerp_mode": "catmullrom"
						},
						"3.375": {
							"post": [1617.73479, -71.36529, -180.527],
							"lerp_mode": "catmullrom"
						},
						"3.625": {
							"post": [1617.73, -71.37, -180.53],
							"lerp_mode": "catmullrom"
						},
						"3.7917": {
							"post": [1611.49891, -77.78528, -169.12644],
							"lerp_mode": "catmullrom"
						},
						"3.8333": {
							"post": [1611.5, -77.79, -169.13],
							"lerp_mode": "catmullrom"
						},
						"3.9583": {
							"post": [1611.5, -77.79, -169.13],
							"lerp_mode": "catmullrom"
						},
						"4.5833": {
							"post": [1611.5, -77.79, -169.13],
							"lerp_mode": "catmullrom"
						},
						"4.7917": {
							"post": [1673.75288, -69.31111, -215.48002],
							"lerp_mode": "catmullrom"
						},
						"5.0417": {
							"post": [1700.53387, -44.28656, -237.89958],
							"lerp_mode": "catmullrom"
						},
						"5.2083": {
							"post": [1642.49529, -77.74782, -172.13242],
							"lerp_mode": "catmullrom"
						}
					},
					"position": {
						"0.0": {
							"post": [0, 0, 0],
							"lerp_mode": "catmullrom"
						},
						"3.1667": {
							"post": [0, 0, 0],
							"lerp_mode": "catmullrom"
						},
						"3.625": {
							"post": [0, 0, 0],
							"lerp_mode": "catmullrom"
						},
						"3.8333": {
							"post": [0, 0, 0],
							"lerp_mode": "catmullrom"
						},
						"3.9583": {
							"post": [0, 0, 0],
							"lerp_mode": "catmullrom"
						},
						"4.5833": {
							"post": [0, 0, 0],
							"lerp_mode": "catmullrom"
						},
						"4.7917": {
							"post": [0, 3, -6],
							"lerp_mode": "catmullrom"
						},
						"4.9167": {
							"post": [-4.94, 3.75, 1],
							"lerp_mode": "catmullrom"
						},
						"5.0417": {
							"post": [-5, 4, 2],
							"lerp_mode": "catmullrom"
						},
						"5.2083": {
							"post": [-5, 4, 2],
							"lerp_mode": "catmullrom"
						}
					},
					"scale": {
						"0.0": {
							"post": [1, 1, 1],
							"lerp_mode": "catmullrom"
						},
						"3.1667": {
							"post": [1, 1, 1],
							"lerp_mode": "catmullrom"
						},
						"3.625": {
							"post": [1, 1, 1],
							"lerp_mode": "catmullrom"
						},
						"3.75": {
							"post": [1, -1, 1],
							"lerp_mode": "catmullrom"
						},
						"3.8333": {
							"post": [1, -1, 1],
							"lerp_mode": "catmullrom"
						},
						"3.9583": {
							"post": [1, -1, 1],
							"lerp_mode": "catmullrom"
						},
						"4.5833": {
							"post": [1, -1, 1],
							"lerp_mode": "catmullrom"
						},
						"4.7917": {
							"post": [1, -0.2, 1],
							"lerp_mode": "catmullrom"
						},
						"5.0417": {
							"post": [1, -0.2, 1],
							"lerp_mode": "catmullrom"
						},
						"5.2083": {
							"post": [1, -0.2, 1],
							"lerp_mode": "catmullrom"
						}
					}
				},
				"bone": {
					"rotation": {
						"0.0": {
							"post": [-7.5, 0, 0],
							"lerp_mode": "catmullrom"
						},
						"2.0417": {
							"post": [-15.63, 0, 0],
							"lerp_mode": "catmullrom"
						},
						"2.3333": {
							"post": [0, 0, 0],
							"lerp_mode": "catmullrom"
						},
						"2.5": {
							"post": [0.99657, -0.08718, 4.99924],
							"lerp_mode": "catmullrom"
						},
						"2.75": {
							"post": [0.72715, 0.03175, -3.86214],
							"lerp_mode": "catmullrom"
						},
						"3.1667": {
							"post": [0, 0, 0],
							"lerp_mode": "catmullrom"
						},
						"3.625": {
							"post": [0, 0, 0],
							"lerp_mode": "catmullrom"
						},
						"3.7917": {
							"post": [2.5, 0, 0],
							"lerp_mode": "catmullrom"
						},
						"3.8333": {
							"post": [2.5, 0, 0],
							"lerp_mode": "catmullrom"
						},
						"3.9583": {
							"post": [2.5, 0, 0],
							"lerp_mode": "catmullrom"
						},
						"4.5833": {
							"post": [2.5, 0, 0],
							"lerp_mode": "catmullrom"
						},
						"4.9167": {
							"post": [2.5, 0, 0],
							"lerp_mode": "catmullrom"
						},
						"5.0417": {
							"post": [2.5, 0, 0],
							"lerp_mode": "catmullrom"
						},
						"5.2083": {
							"post": [2.5, 0, 0],
							"lerp_mode": "catmullrom"
						}
					},
					"position": {
						"0.0": {
							"post": [0, 0, 0],
							"lerp_mode": "catmullrom"
						},
						"0.0417": {
							"post": [0, 0.17, 0],
							"lerp_mode": "catmullrom"
						},
						"3.9583": {
							"post": [0, 0, 0],
							"lerp_mode": "catmullrom"
						},
						"4.5833": {
							"post": [0, 0, 0],
							"lerp_mode": "catmullrom"
						},
						"4.9167": {
							"post": [0, 0, 0],
							"lerp_mode": "catmullrom"
						},
						"5.0417": {
							"post": [0, 0, 0],
							"lerp_mode": "catmullrom"
						},
						"5.2083": {
							"post": [0, 0, 0],
							"lerp_mode": "catmullrom"
						}
					},
					"scale": {
						"0.0": {
							"post": [1, 1.6, 1],
							"lerp_mode": "catmullrom"
						},
						"3.75": {
							"post": [1, 1.6, 1],
							"lerp_mode": "catmullrom"
						},
						"3.8333": {
							"post": [1, 1.5, 1],
							"lerp_mode": "catmullrom"
						},
						"3.9583": {
							"post": [1, 1.5, 1],
							"lerp_mode": "catmullrom"
						},
						"4.5833": {
							"post": [1, 1.5, 1],
							"lerp_mode": "catmullrom"
						},
						"4.7917": {
							"post": [1, 0, 0],
							"lerp_mode": "catmullrom"
						},
						"4.9167": {
							"post": [1, 0, 0],
							"lerp_mode": "catmullrom"
						},
						"5.0417": {
							"post": [1, 0, 0],
							"lerp_mode": "catmullrom"
						},
						"5.2083": {
							"post": [1, 0, 0],
							"lerp_mode": "catmullrom"
						}
					}
				},
				"bone2": {
					"rotation": {
						"0.0": {
							"post": [-7.5, 0, 0],
							"lerp_mode": "catmullrom"
						},
						"2.0417": {
							"post": [-18.13, 0, 0],
							"lerp_mode": "catmullrom"
						},
						"2.3333": {
							"post": [0, 0, 0],
							"lerp_mode": "catmullrom"
						},
						"2.5": {
							"post": [1.09043, -0.39685, 19.99622],
							"lerp_mode": "catmullrom"
						},
						"2.75": {
							"post": [0.84105, 0.07359, -10.44896],
							"lerp_mode": "catmullrom"
						},
						"3.1667": {
							"post": [0, 0, 0],
							"lerp_mode": "catmullrom"
						},
						"3.625": {
							"post": [0, 0, 0],
							"lerp_mode": "catmullrom"
						},
						"3.7917": {
							"post": [0, 0, 0],
							"lerp_mode": "catmullrom"
						},
						"3.8333": {
							"post": [0, 0, 0],
							"lerp_mode": "catmullrom"
						},
						"3.9583": {
							"post": [0, 0, 0],
							"lerp_mode": "catmullrom"
						},
						"4.5833": {
							"post": [0, 0, 0],
							"lerp_mode": "catmullrom"
						},
						"4.9167": {
							"post": [0, 0, 0],
							"lerp_mode": "catmullrom"
						},
						"5.0417": {
							"post": [0, 0, 0],
							"lerp_mode": "catmullrom"
						},
						"5.2083": {
							"post": [0, 0, 0],
							"lerp_mode": "catmullrom"
						}
					},
					"position": {
						"0.0": {
							"post": [0, 0, 0],
							"lerp_mode": "catmullrom"
						},
						"0.0417": {
							"post": [0, 1.13, 0],
							"lerp_mode": "catmullrom"
						},
						"3.9583": {
							"post": [0, 0, 0],
							"lerp_mode": "catmullrom"
						},
						"4.5833": {
							"post": [0, 0, 0],
							"lerp_mode": "catmullrom"
						},
						"4.9167": {
							"post": [0, 0, 0],
							"lerp_mode": "catmullrom"
						},
						"5.0417": {
							"post": [0, 0, 0],
							"lerp_mode": "catmullrom"
						},
						"5.2083": {
							"post": [0, 0, 0],
							"lerp_mode": "catmullrom"
						}
					},
					"scale": {
						"0.0": {
							"post": [1, 1, 1],
							"lerp_mode": "catmullrom"
						},
						"3.9583": {
							"post": [1, 1, 1],
							"lerp_mode": "catmullrom"
						},
						"4.5833": {
							"post": [1, 1, 1],
							"lerp_mode": "catmullrom"
						},
						"4.75": {
							"post": [1, 0, 0],
							"lerp_mode": "catmullrom"
						},
						"4.9167": {
							"post": [1, 0, 0],
							"lerp_mode": "catmullrom"
						},
						"5.0417": {
							"post": [1, 0, 0],
							"lerp_mode": "catmullrom"
						},
						"5.2083": {
							"post": [1, 0, 0],
							"lerp_mode": "catmullrom"
						}
					}
				},
				"bone3": {
					"rotation": {
						"0.0": {
							"post": [-7.5, 0, 0],
							"lerp_mode": "catmullrom"
						},
						"2.0417": {
							"post": [-25.63, 0, 0],
							"lerp_mode": "catmullrom"
						},
						"2.3333": {
							"post": [0, 0, 0],
							"lerp_mode": "catmullrom"
						},
						"2.5": {
							"post": [1.56453, -0.49322, 17.49327],
							"lerp_mode": "catmullrom"
						},
						"2.75": {
							"post": [1.19351, 0.00002, -4.76899],
							"lerp_mode": "catmullrom"
						},
						"3.1667": {
							"post": [0, 0, 0],
							"lerp_mode": "catmullrom"
						},
						"3.625": {
							"post": [0, 0, 0],
							"lerp_mode": "catmullrom"
						},
						"3.7917": {
							"post": [0, 0, 0],
							"lerp_mode": "catmullrom"
						},
						"3.8333": {
							"post": [0, 0, 0],
							"lerp_mode": "catmullrom"
						},
						"3.9583": {
							"post": [0, 0, 0],
							"lerp_mode": "catmullrom"
						},
						"4.5833": {
							"post": [0, 0, 0],
							"lerp_mode": "catmullrom"
						},
						"4.9167": {
							"post": [0, 0, 0],
							"lerp_mode": "catmullrom"
						},
						"5.0417": {
							"post": [0, 0, 0],
							"lerp_mode": "catmullrom"
						},
						"5.2083": {
							"post": [0, 0, 0],
							"lerp_mode": "catmullrom"
						}
					},
					"position": {
						"0.0": {
							"post": [0, 0, 0],
							"lerp_mode": "catmullrom"
						},
						"3.9583": {
							"post": [0, 0, 0],
							"lerp_mode": "catmullrom"
						},
						"4.5833": {
							"post": [0, 0, 0],
							"lerp_mode": "catmullrom"
						},
						"4.9167": {
							"post": [0, 0, 0],
							"lerp_mode": "catmullrom"
						},
						"5.0417": {
							"post": [0, 0, 0],
							"lerp_mode": "catmullrom"
						},
						"5.2083": {
							"post": [0, 0, 0],
							"lerp_mode": "catmullrom"
						}
					},
					"scale": {
						"0.0": {
							"post": [1, 1, 1],
							"lerp_mode": "catmullrom"
						},
						"3.9583": {
							"post": [1, 1, 1],
							"lerp_mode": "catmullrom"
						},
						"4.5833": {
							"post": [1, 1, 1],
							"lerp_mode": "catmullrom"
						},
						"4.9167": {
							"post": [1, 1, 1],
							"lerp_mode": "catmullrom"
						},
						"5.0417": {
							"post": [1, 1, 1],
							"lerp_mode": "catmullrom"
						},
						"5.2083": {
							"post": [1, 1, 1],
							"lerp_mode": "catmullrom"
						}
					}
				},
				"bone4": {
					"rotation": {
						"0.0": {
							"post": [-12.5, 0, 0],
							"lerp_mode": "catmullrom"
						},
						"2.0417": {
							"post": [-21.05, 0, 0],
							"lerp_mode": "catmullrom"
						},
						"2.3333": {
							"post": [0, 0, 0],
							"lerp_mode": "catmullrom"
						},
						"2.75": {
							"post": [1.30437, 0.17171, -7.49805],
							"lerp_mode": "catmullrom"
						},
						"3.1667": {
							"post": [0, 0, 0],
							"lerp_mode": "catmullrom"
						},
						"3.625": {
							"post": [0, 0, 0],
							"lerp_mode": "catmullrom"
						},
						"3.7917": {
							"post": [2.5, 0, 0],
							"lerp_mode": "catmullrom"
						},
						"3.8333": {
							"post": [2.5, 0, 0],
							"lerp_mode": "catmullrom"
						},
						"3.9583": {
							"post": [2.5, 0, 0],
							"lerp_mode": "catmullrom"
						},
						"4.5833": {
							"post": [2.5, 0, 0],
							"lerp_mode": "catmullrom"
						},
						"4.9167": {
							"post": [2.5, 0, 0],
							"lerp_mode": "catmullrom"
						},
						"5.0417": {
							"post": [2.5, 0, 0],
							"lerp_mode": "catmullrom"
						},
						"5.2083": {
							"post": [2.5, 0, 0],
							"lerp_mode": "catmullrom"
						}
					},
					"position": {
						"0.0": {
							"post": [0, 0, 0],
							"lerp_mode": "catmullrom"
						},
						"3.9583": {
							"post": [0, 0, 0],
							"lerp_mode": "catmullrom"
						},
						"4.5833": {
							"post": [0, 0, 0],
							"lerp_mode": "catmullrom"
						},
						"4.9167": {
							"post": [0, 0, 0],
							"lerp_mode": "catmullrom"
						},
						"5.0417": {
							"post": [0, 0, 0],
							"lerp_mode": "catmullrom"
						},
						"5.2083": {
							"post": [0, 0, 0],
							"lerp_mode": "catmullrom"
						}
					},
					"scale": {
						"0.0": {
							"post": [1, 1, 1],
							"lerp_mode": "catmullrom"
						},
						"3.9583": {
							"post": [1, 1, 1],
							"lerp_mode": "catmullrom"
						},
						"4.5833": {
							"post": [1, 1, 1],
							"lerp_mode": "catmullrom"
						},
						"4.7917": {
							"post": [1, 1, 0.4],
							"lerp_mode": "catmullrom"
						},
						"4.9167": {
							"post": [1, 1, 0.4],
							"lerp_mode": "catmullrom"
						},
						"5.0417": {
							"post": [1, 1, 0.4],
							"lerp_mode": "catmullrom"
						},
						"5.2083": {
							"post": [1, 1, 0.4],
							"lerp_mode": "catmullrom"
						}
					}
				},
				"Haki": {
					"rotation": [0, 0, 0],
					"position": [0, 0, 0],
					"scale": {
						"0.0": {
							"post": [1, 1, 1],
							"lerp_mode": "catmullrom"
						},
						"0.0833": {
							"post": [1, 1, 1],
							"lerp_mode": "catmullrom"
						},
						"3.9583": {
							"post": [1, 1, 1],
							"lerp_mode": "catmullrom"
						},
						"4.4167": {
							"post": [1, 1, 1],
							"lerp_mode": "catmullrom"
						},
						"4.6667": {
							"post": [0.1, 1, 0],
							"lerp_mode": "catmullrom"
						},
						"4.9167": {
							"post": [0.1, 1, 0],
							"lerp_mode": "catmullrom"
						},
						"5.0417": {
							"post": [0.1, 1, 0],
							"lerp_mode": "catmullrom"
						},
						"5.2083": {
							"post": [0.1, 1, 0],
							"lerp_mode": "catmullrom"
						}
					}
				},
				"root": {
					"rotation": {
						"0.0": {
							"post": [0, 0, 0],
							"lerp_mode": "catmullrom"
						},
						"3.625": {
							"post": [0, 0, 0],
							"lerp_mode": "catmullrom"
						},
						"3.9583": {
							"post": [0, 0, 0],
							"lerp_mode": "catmullrom"
						},
						"4.5833": {
							"post": [0, 0, 0],
							"lerp_mode": "catmullrom"
						},
						"4.7917": {
							"post": [0, 0, 0],
							"lerp_mode": "catmullrom"
						},
						"4.9167": {
							"post": [0, 0, 0],
							"lerp_mode": "catmullrom"
						},
						"5.0417": {
							"post": [0, 0, 0],
							"lerp_mode": "catmullrom"
						},
						"5.2083": {
							"post": [0, 0, 0],
							"lerp_mode": "catmullrom"
						}
					},
					"position": {
						"0.0": {
							"post": [0, 0, 0],
							"lerp_mode": "catmullrom"
						},
						"3.625": {
							"post": [0, 0, 0],
							"lerp_mode": "catmullrom"
						},
						"3.7083": {
							"post": [3, 7, 11],
							"lerp_mode": "catmullrom"
						},
						"3.9583": {
							"post": [3, 7, 11],
							"lerp_mode": "catmullrom"
						},
						"4.5833": {
							"post": [3, 7, 11],
							"lerp_mode": "catmullrom"
						},
						"4.7917": {
							"post": [0, 0, 0],
							"lerp_mode": "catmullrom"
						},
						"4.9167": {
							"post": [0, 0, 0],
							"lerp_mode": "catmullrom"
						},
						"5.0417": {
							"post": [0, 0, 0],
							"lerp_mode": "catmullrom"
						},
						"5.2083": {
							"post": [0, 0, 0],
							"lerp_mode": "catmullrom"
						}
					},
					"scale": {
						"0.0": {
							"post": [1, 1, 1],
							"lerp_mode": "catmullrom"
						},
						"3.625": {
							"post": [1, 1, 1],
							"lerp_mode": "catmullrom"
						},
						"3.9583": {
							"post": [1, 1, 1],
							"lerp_mode": "catmullrom"
						},
						"4.5833": {
							"post": [1, 1, 1],
							"lerp_mode": "catmullrom"
						},
						"4.7917": {
							"post": [1, 1, 1],
							"lerp_mode": "catmullrom"
						},
						"4.9167": {
							"post": [1, 1, 1],
							"lerp_mode": "catmullrom"
						},
						"5.0417": {
							"post": [1, 1, 1],
							"lerp_mode": "catmullrom"
						},
						"5.2083": {
							"post": [1, 1, 1],
							"lerp_mode": "catmullrom"
						}
					}
				},
				"waist": {
					"rotation": {
						"0.0": {
							"post": [28.12883, 64.15066, 42.35371],
							"lerp_mode": "catmullrom"
						},
						"0.2083": {
							"post": [0, -57.5, 30],
							"lerp_mode": "catmullrom"
						},
						"0.4583": {
							"post": [0, 17.5, 30],
							"lerp_mode": "catmullrom"
						},
						"0.6667": {
							"post": [0, -57.5, 30],
							"lerp_mode": "catmullrom"
						},
						"0.875": {
							"post": [0, 17.5, 30],
							"lerp_mode": "catmullrom"
						},
						"1.0833": {
							"post": [0, -57.5, 30],
							"lerp_mode": "catmullrom"
						},
						"1.3333": {
							"post": [0, 17.5, 30],
							"lerp_mode": "catmullrom"
						},
						"1.5417": {
							"post": [0, -57.5, 30],
							"lerp_mode": "catmullrom"
						},
						"2.0833": {
							"post": [0, 17.5, 30],
							"lerp_mode": "catmullrom"
						},
						"2.9167": {
							"post": [-1.20647, -10.3376, 24.68477],
							"lerp_mode": "catmullrom"
						},
						"3.3333": {
							"post": [-2.27986, 15.11243, 25.52202],
							"lerp_mode": "catmullrom"
						},
						"3.625": {
							"post": [-2.28, 15.11, 25.52],
							"lerp_mode": "catmullrom"
						},
						"3.7083": {
							"post": [76.45979, -19.19847, -23.39129],
							"lerp_mode": "catmullrom"
						},
						"3.9167": {
							"post": [85.62912, -18.59544, -20.82685],
							"lerp_mode": "catmullrom"
						},
						"3.9583": {
							"post": [85.63, -18.6, -20.83],
							"lerp_mode": "catmullrom"
						},
						"4.5833": {
							"post": [85.63, -18.6, -20.83],
							"lerp_mode": "catmullrom"
						},
						"4.7917": {
							"post": [34.63036, -48.04528, 8.23107],
							"lerp_mode": "catmullrom"
						},
						"4.8333": {
							"post": [16.08872, 18.3724, 24.60726],
							"lerp_mode": "catmullrom"
						},
						"4.9167": {
							"post": [-6.70139, 5.08826, 2.28377],
							"lerp_mode": "catmullrom"
						},
						"5.0417": {
							"post": [-6.7, 5.09, 2.28],
							"lerp_mode": "catmullrom"
						},
						"5.2083": {
							"post": [-6.7, 5.09, 2.28],
							"lerp_mode": "catmullrom"
						}
					},
					"position": {
						"3.9583": [0, 0, 0],
						"4.5833": [0, 0, 0],
						"4.9167": [0, 0, 0],
						"5.0417": [0, 0, 0]
					},
					"scale": {
						"3.9583": [1, 1, 1],
						"4.5833": [1, 1, 1],
						"4.9167": [1, 1, 1],
						"5.0417": [1, 1, 1]
					}
				},
				"leftArm": {
					"rotation": {
						"0.0": {
							"post": [0, 0, -55],
							"lerp_mode": "catmullrom"
						},
						"2.5": {
							"post": [0, 0, -55],
							"lerp_mode": "catmullrom"
						},
						"2.9167": {
							"post": [-85, 0, -55],
							"lerp_mode": "catmullrom"
						},
						"3.3333": {
							"post": [-95, 0, -55],
							"lerp_mode": "catmullrom"
						},
						"3.625": {
							"post": [-95, 0, -55],
							"lerp_mode": "catmullrom"
						},
						"3.7083": {
							"post": [25.08562, 10.41928, -18.69511],
							"lerp_mode": "catmullrom"
						},
						"3.9167": {
							"post": [30.08562, 10.41928, -18.69511],
							"lerp_mode": "catmullrom"
						},
						"3.9583": {
							"post": [30.09, 10.42, -18.7],
							"lerp_mode": "catmullrom"
						},
						"4.5833": {
							"post": [30.09, 10.42, -18.7],
							"lerp_mode": "catmullrom"
						},
						"4.7917": {
							"post": [-55.35138, -6.04374, -30.10328],
							"lerp_mode": "catmullrom"
						},
						"4.9167": {
							"post": [16.54446, -12.31601, -10.85316],
							"lerp_mode": "catmullrom"
						},
						"5.0417": {
							"post": [16.54, -12.32, -10.85],
							"lerp_mode": "catmullrom"
						},
						"5.2083": {
							"post": [16.54, -12.32, -10.85],
							"lerp_mode": "catmullrom"
						}
					},
					"position": {
						"0.0": {
							"post": [0, 0, 0],
							"lerp_mode": "catmullrom"
						},
						"3.9583": {
							"post": [0, 0, 0],
							"lerp_mode": "catmullrom"
						},
						"4.5833": {
							"post": [0, 0, 0],
							"lerp_mode": "catmullrom"
						},
						"4.9167": {
							"post": [0, 0, 0],
							"lerp_mode": "catmullrom"
						},
						"5.0417": {
							"post": [0, 0, 0],
							"lerp_mode": "catmullrom"
						},
						"5.2083": {
							"post": [0, 0, 0],
							"lerp_mode": "catmullrom"
						}
					},
					"scale": {
						"0.0": {
							"post": [1, 1, 1],
							"lerp_mode": "catmullrom"
						},
						"3.9583": {
							"post": [1, 1, 1],
							"lerp_mode": "catmullrom"
						},
						"4.5833": {
							"post": [1, 1, 1],
							"lerp_mode": "catmullrom"
						},
						"4.9167": {
							"post": [1, 1, 1],
							"lerp_mode": "catmullrom"
						},
						"5.0417": {
							"post": [1, 1, 1],
							"lerp_mode": "catmullrom"
						},
						"5.2083": {
							"post": [1, 1, 1],
							"lerp_mode": "catmullrom"
						}
					}
				},
				"leftLeg": {
					"rotation": {
						"0.0": {
							"post": [0, -10, -12.5],
							"lerp_mode": "catmullrom"
						},
						"3.3333": {
							"post": [8.44501, -16.39872, -3.41131],
							"lerp_mode": "catmullrom"
						},
						"3.625": {
							"post": [8.45, -16.4, -3.41],
							"lerp_mode": "catmullrom"
						},
						"3.7083": {
							"post": [45.95, -16.4, -3.41],
							"lerp_mode": "catmullrom"
						},
						"3.9167": {
							"post": [15.95, -16.4, -3.41],
							"lerp_mode": "catmullrom"
						},
						"3.9583": {
							"post": [15.95, -16.4, -3.41],
							"lerp_mode": "catmullrom"
						},
						"4.5833": {
							"post": [15.95, -16.4, -3.41],
							"lerp_mode": "catmullrom"
						},
						"4.6667": {
							"post": [112.48856, -16.98841, -3.29047],
							"lerp_mode": "catmullrom"
						},
						"4.7917": {
							"post": [-11.55, -16.4, -3.41],
							"lerp_mode": "catmullrom"
						},
						"4.9167": {
							"post": [1.39663, -4.1415, -5.90027],
							"lerp_mode": "catmullrom"
						},
						"5.0417": {
							"post": [1.4, -4.14, -5.9],
							"lerp_mode": "catmullrom"
						},
						"5.2083": {
							"post": [1.4, -4.14, -5.9],
							"lerp_mode": "catmullrom"
						}
					},
					"position": {
						"0.0": {
							"post": [2, -1, -1],
							"lerp_mode": "catmullrom"
						},
						"3.7083": {
							"post": [2, -1, -1],
							"lerp_mode": "catmullrom"
						},
						"3.9583": {
							"post": [2, -1, -1],
							"lerp_mode": "catmullrom"
						},
						"4.5833": {
							"post": [2, -1, -1],
							"lerp_mode": "catmullrom"
						},
						"4.9167": {
							"post": [1, 0, 0],
							"lerp_mode": "catmullrom"
						},
						"5.0417": {
							"post": [1, 0, 0],
							"lerp_mode": "catmullrom"
						},
						"5.2083": {
							"post": [1, 0, 0],
							"lerp_mode": "catmullrom"
						}
					},
					"scale": {
						"0.0": {
							"post": [1, 1, 1],
							"lerp_mode": "catmullrom"
						},
						"3.9583": {
							"post": [1, 1, 1],
							"lerp_mode": "catmullrom"
						},
						"4.5833": {
							"post": [1, 1, 1],
							"lerp_mode": "catmullrom"
						},
						"4.9167": {
							"post": [1, 1, 1],
							"lerp_mode": "catmullrom"
						},
						"5.0417": {
							"post": [1, 1, 1],
							"lerp_mode": "catmullrom"
						},
						"5.2083": {
							"post": [1, 1, 1],
							"lerp_mode": "catmullrom"
						}
					}
				},
				"rightLeg": {
					"rotation": {
						"0.0": {
							"post": [0, 17.5, 22.5],
							"lerp_mode": "catmullrom"
						},
						"0.1667": {
							"post": [0.06467, -12.49799, 22.50434],
							"lerp_mode": "catmullrom"
						},
						"2.6667": {
							"post": [0, 17.5, 22.5],
							"lerp_mode": "catmullrom"
						},
						"2.8333": {
							"post": [-36.15491, 16.41371, 1.61148],
							"lerp_mode": "catmullrom"
						},
						"3.0833": {
							"post": [-58.65491, 16.41371, 1.61148],
							"lerp_mode": "catmullrom"
						},
						"3.625": {
							"post": [-58.65, 16.41, 1.61],
							"lerp_mode": "catmullrom"
						},
						"3.7083": {
							"post": [6.39129, 13.37512, 11.47175],
							"lerp_mode": "catmullrom"
						},
						"3.9167": {
							"post": [58.89129, 13.37512, 11.47175],
							"lerp_mode": "catmullrom"
						},
						"3.9583": {
							"post": [58.89, 13.38, 11.47],
							"lerp_mode": "catmullrom"
						},
						"4.5833": {
							"post": [58.89, 13.38, 11.47],
							"lerp_mode": "catmullrom"
						},
						"4.6667": {
							"post": [79.42605, 12.47656, 11.73562],
							"lerp_mode": "catmullrom"
						},
						"4.7917": {
							"post": [-15.96094, 10.97724, 12.17643],
							"lerp_mode": "catmullrom"
						},
						"4.9167": {
							"post": [11.53906, 10.97724, 12.17643],
							"lerp_mode": "catmullrom"
						},
						"5.0417": {
							"post": [11.54, 10.98, 12.18],
							"lerp_mode": "catmullrom"
						},
						"5.2083": {
							"post": [11.54, 10.98, 12.18],
							"lerp_mode": "catmullrom"
						}
					},
					"position": {
						"0.0": {
							"post": [0, 0, 0],
							"lerp_mode": "catmullrom"
						},
						"2.6667": {
							"post": [0, 0, 0],
							"lerp_mode": "catmullrom"
						},
						"2.8333": {
							"post": [0, 5, -4],
							"lerp_mode": "catmullrom"
						},
						"3.0833": {
							"post": [1, 7, -1],
							"lerp_mode": "catmullrom"
						},
						"3.625": {
							"post": [1, 7, -1],
							"lerp_mode": "catmullrom"
						},
						"3.7083": {
							"post": [1, 0, -6],
							"lerp_mode": "catmullrom"
						},
						"3.9167": {
							"post": [1, -1, -3],
							"lerp_mode": "catmullrom"
						},
						"3.9583": {
							"post": [1, -1, -3],
							"lerp_mode": "catmullrom"
						},
						"4.5833": {
							"post": [1, -1, -3],
							"lerp_mode": "catmullrom"
						},
						"4.7917": {
							"post": [1, 3, -3],
							"lerp_mode": "catmullrom"
						},
						"4.9167": {
							"post": [0, 0, -1],
							"lerp_mode": "catmullrom"
						},
						"5.0417": {
							"post": [0, 0, -1],
							"lerp_mode": "catmullrom"
						},
						"5.2083": {
							"post": [0, 0, -1],
							"lerp_mode": "catmullrom"
						}
					},
					"scale": {
						"0.0": {
							"post": [1, 1, 1],
							"lerp_mode": "catmullrom"
						},
						"3.9583": {
							"post": [1, 1, 1],
							"lerp_mode": "catmullrom"
						},
						"4.5833": {
							"post": [1, 1, 1],
							"lerp_mode": "catmullrom"
						},
						"4.9167": {
							"post": [1, 1, 1],
							"lerp_mode": "catmullrom"
						},
						"5.0417": {
							"post": [1, 1, 1],
							"lerp_mode": "catmullrom"
						},
						"5.2083": {
							"post": [1, 1, 1],
							"lerp_mode": "catmullrom"
						}
					}
				},
				"head": {
					"rotation": [0, 0, 0],
					"position": [0, 0, 0],
					"scale": [1, 1, 1]
				},
				"Vento": {
					"rotation": {
						"0.625": [0, 407.5, 0],
						"0.7083": [0, 385, 0],
						"0.7917": [0, 322.5, 0],
						"0.875": [0, 230, 0],
						"0.9583": [0, 112.5, 0],
						"1.0417": [0, -105, 0],
						"1.125": [0, -285, 0],
						"1.2083": [0, -1110, 0],
						"1.2917": [0, -1205, 0],
						"1.375": [0, -1242.86, 0],
						"1.4583": [0, -1428.22, 0],
						"1.5417": [0, -1514.46, 0],
						"1.625": [0, -1456.7, 0],
						"1.7083": [0, -1605.09, 0],
						"1.7917": [0, -1660.97, 0],
						"1.875": [0, -1752.98, 0],
						"1.9583": [0, -1763.2, 0],
						"2.0417": [0, -1546.92, 0],
						"2.125": [0, -1376.47, 0],
						"2.2083": [0, -1040, 0],
						"2.2917": [0, -1320.28, 0],
						"2.375": [0, -1498.77, 0],
						"2.4583": [0, -1515.76, 0],
						"2.5833": [0, -1485, 0],
						"4.1667": [0, -1485, 0],
						"4.5417": [0, -1410, 0],
						"5.0": [0, -1285, 0]
					},
					"position": {
						"0.4167": [0, 0, 0],
						"4.1667": [0, 0, 0],
						"4.5417": [0, 0, 0],
						"5.0": [0, 0, 0]
					},
					"scale": {
						"0.0": [0, 1, 1],
						"0.5833": [0, 1, 1],
						"0.7083": [1, 1, 1],
						"2.5417": [1, 1, 1],
						"2.5833": [1, 1, 1],
						"2.625": [0, 1, 1],
						"4.1667": [0, 1, 1],
						"4.25": [1, 1, 1],
						"4.5417": [1, 1, 1],
						"5.0": [1, 1, 1],
						"5.2083": [0, 1, 1]
					}
				},
				"Vento2": {
					"rotation": {
						"0.9583": [0, 215, 0],
						"1.0833": [0, 125, 0],
						"1.1667": [0, 60, 0],
						"1.25": [0, 2.5, 0],
						"1.3333": [0, -52.5, 0],
						"1.4167": [0, -117.5, 0],
						"1.5": [0, -175, 0],
						"1.5833": [0, -225, 0],
						"1.6667": [0, -290, 0],
						"1.75": [0, -352.5, 0],
						"1.8333": [0, -407.5, 0],
						"1.9167": [0, -467.5, 0],
						"2.0": [0, -532.5, 0],
						"2.0833": [0, -597.5, 0],
						"2.1667": [0, -647.5, 0],
						"2.25": [0, -662.5, 0],
						"2.3333": [0, -697.5, 0],
						"2.4167": [0, -727.5, 0],
						"2.5": [0, -797.5, 0],
						"2.5833": [0, -835, 0],
						"4.125": [0, -835, 0],
						"4.5417": [0, -937.5, 0],
						"5.0": [0, -1005, 0]
					},
					"position": {
						"0.9583": [0, 0, 0],
						"4.125": [0, 0, 0],
						"4.5417": [0, 0, 0],
						"5.0": [0, 0, 0]
					},
					"scale": {
						"0.875": [0, 1, 1],
						"0.9583": [1, 1, 1],
						"2.5833": [1, 1, 1],
						"2.625": [0, 1, 1],
						"4.1667": [0, 1, 1],
						"4.25": [1, 1, 1],
						"4.5417": [1, 1, 1],
						"5.0": [1, 1, 1],
						"5.2083": [0, 1, 1]
					}
				}
			},
			"sound_effects": {
				"0.0": {
					"effect": "mpchi_ultimate"
				}
			}
		},
		"animation.zangiri.holding": {
			"loop": true,
			"animation_length": 1.66667,
			"bones": {
				"rightArm": {
					"rotation": {
						"0.0": {
							"post": [-93.47658, 19.60237, -68.16257],
							"lerp_mode": "catmullrom"
						},
						"0.8333": {
							"post": [-91.68545, 19.8277, -62.8564],
							"lerp_mode": "catmullrom"
						},
						"1.6667": {
							"post": [-93.47658, 19.60237, -68.16257],
							"lerp_mode": "catmullrom"
						}
					},
					"position": {
						"0.0": {
							"post": [-2, 0, 1],
							"lerp_mode": "catmullrom"
						},
						"1.6667": {
							"post": [-2, 0, 1],
							"lerp_mode": "catmullrom"
						}
					},
					"scale": {
						"0.0": {
							"post": [1, 0.1, 1],
							"lerp_mode": "catmullrom"
						},
						"1.6667": {
							"post": [1, 0.1, 1],
							"lerp_mode": "catmullrom"
						}
					}
				},
				"bone": {
					"position": [0, 55, 0],
					"scale": [1, 1, 1]
				},
				"bone2": {
					"rotation": [2.5, 0, 0],
					"position": [0, 71, -2],
					"scale": [1, 1, 1.1]
				},
				"bone3": {
					"position": [0, 55, 0],
					"scale": [0.5, 0.4, 0.6]
				},
				"bone4": {
					"rotation": {
						"0.0": [90, 0, 0],
						"0.8333": [90, -7.5, 0],
						"1.6667": [90, 0, 0]
					},
					"position": [0, -101, 0],
					"scale": [0.7, 0.5, 7.4]
				},
				"waist": {
					"rotation": [1.5741, 17.43127, 5.24133]
				},
				"leftArm": {
					"rotation": {
						"0.0": [-64.31518, 10.17781, -20.17393],
						"0.8333": [-66.81518, 10.17781, -20.17393],
						"1.6667": [-64.31518, 10.17781, -20.17393]
					}
				},
				"leftLeg": {
					"rotation": {
						"0.0": [0, 0, -12.5],
						"0.8333": [0, -5, -12.5],
						"1.6667": [0, 0, -12.5]
					}
				},
				"rightLeg": {
					"rotation": {
						"0.0": [0, 10, 10],
						"0.8333": [0, 15, 10],
						"1.6667": [0, 10, 10]
					}
				},
				"Vento": {
					"scale": [0, 1, 1]
				},
				"Vento2": {
					"scale": [0, 1, 1]
				},
				"Haki": {
					"rotation": [0, 0, 0],
					"position": [0, 0, 0],
					"scale": [1, 1, 1]
				}
			}
		},
		"animation.zangiri.create": {
			"loop": true,
			"animation_length": 1.125,
			"bones": {
				"rightArm": {
					"rotation": {
						"0.0": {
							"post": [20.52798, 84.36306, -153.10834],
							"lerp_mode": "catmullrom"
						},
						"0.5": {
							"post": [-93.47658, 19.60237, -68.16257],
							"lerp_mode": "catmullrom"
						},
						"1.125": {
							"post": [-93.48, 19.6, -68.16],
							"lerp_mode": "catmullrom"
						}
					},
					"position": {
						"0.0": {
							"post": [-5, 4, 0],
							"lerp_mode": "catmullrom"
						},
						"0.1667": {
							"post": [-3.98, 3.67, 0.33],
							"lerp_mode": "catmullrom"
						},
						"0.375": {
							"post": [-4.61, 0.81, 0.8],
							"lerp_mode": "catmullrom"
						},
						"0.5": {
							"post": [-2, 0, 1],
							"lerp_mode": "catmullrom"
						},
						"1.125": {
							"post": [-2, 0, 1],
							"lerp_mode": "catmullrom"
						}
					},
					"scale": {
						"0.0": {
							"post": [1, 0.2, 1],
							"lerp_mode": "catmullrom"
						},
						"0.1667": {
							"post": [1, 0.1055, 1],
							"lerp_mode": "catmullrom"
						},
						"0.375": {
							"post": [1, 0.2, 1],
							"lerp_mode": "catmullrom"
						},
						"0.5": {
							"post": [1, 0.1, 1],
							"lerp_mode": "catmullrom"
						},
						"1.125": {
							"post": [1, 0.1, 1],
							"lerp_mode": "catmullrom"
						}
					}
				},
				"bone": {
					"rotation": {
						"0.0": {
							"post": [0, 0, 0],
							"lerp_mode": "catmullrom"
						},
						"1.125": {
							"post": [0, 0, 0],
							"lerp_mode": "catmullrom"
						}
					},
					"position": {
						"0.0": {
							"post": [0, 55, 0],
							"lerp_mode": "catmullrom"
						},
						"0.5": {
							"post": [0, 55, 0],
							"lerp_mode": "catmullrom"
						},
						"1.125": {
							"post": [0, 55, 0],
							"lerp_mode": "catmullrom"
						}
					},
					"scale": {
						"0.0": {
							"post": [0.1, 0, 1],
							"lerp_mode": "catmullrom"
						},
						"0.2917": {
							"post": [0.01, 0, 1],
							"lerp_mode": "catmullrom"
						},
						"0.3333": {
							"post": [0.01, 0, 1],
							"lerp_mode": "catmullrom"
						},
						"0.5": {
							"post": [1, 1, 1],
							"lerp_mode": "catmullrom"
						},
						"1.125": {
							"post": [1, 1, 1],
							"lerp_mode": "catmullrom"
						}
					}
				},
				"bone2": {
					"rotation": {
						"0.5": {
							"pre": [2.5, 0, 0],
							"post": [2.5, 0, 0],
							"lerp_mode": "catmullrom"
						},
						"1.125": {
							"post": [2.5, 0, 0],
							"lerp_mode": "catmullrom"
						}
					},
					"position": {
						"0.5": {
							"pre": [0, 71, -2],
							"post": [0, 71, -2],
							"lerp_mode": "catmullrom"
						},
						"1.125": {
							"post": [0, 71, -2],
							"lerp_mode": "catmullrom"
						}
					},
					"scale": {
						"0.0": {
							"post": [1, 0.1, 1.1],
							"lerp_mode": "catmullrom"
						},
						"0.25": {
							"post": [1, 1, 1.1],
							"lerp_mode": "catmullrom"
						},
						"1.125": {
							"post": [1, 1, 1.1],
							"lerp_mode": "catmullrom"
						}
					}
				},
				"bone3": {
					"rotation": {
						"0.0": {
							"post": [0, 0, 0],
							"lerp_mode": "catmullrom"
						},
						"1.125": {
							"post": [0, 0, 0],
							"lerp_mode": "catmullrom"
						}
					},
					"position": {
						"0.0": {
							"post": [0, 55, 0],
							"lerp_mode": "catmullrom"
						},
						"0.5": {
							"post": [0, 55, 0],
							"lerp_mode": "catmullrom"
						},
						"1.125": {
							"post": [0, 55, 0],
							"lerp_mode": "catmullrom"
						}
					},
					"scale": {
						"0.0": {
							"post": [0.5, 0.4, 0],
							"lerp_mode": "catmullrom"
						},
						"0.125": {
							"post": [0.5, 0.4, 0],
							"lerp_mode": "catmullrom"
						},
						"0.4583": {
							"post": [0.5, 0.4, 0.6],
							"lerp_mode": "catmullrom"
						},
						"1.125": {
							"post": [0.5, 0.4, 0.6],
							"lerp_mode": "catmullrom"
						}
					}
				},
				"bone4": {
					"rotation": {
						"0.5": {
							"pre": [90, 0, 0],
							"post": [90, 0, 0],
							"lerp_mode": "catmullrom"
						},
						"1.125": {
							"post": [90, 0, 0],
							"lerp_mode": "catmullrom"
						}
					},
					"position": {
						"0.4167": {
							"pre": [4, -229, -6],
							"post": [4, -229, -6],
							"lerp_mode": "catmullrom"
						},
						"0.5": {
							"post": [0, -101, 0],
							"lerp_mode": "catmullrom"
						},
						"1.125": {
							"post": [0, -101, 0],
							"lerp_mode": "catmullrom"
						}
					},
					"scale": {
						"0.0": {
							"post": [0.7, 0, 0],
							"lerp_mode": "catmullrom"
						},
						"0.3333": {
							"post": [0.7, 0, 0],
							"lerp_mode": "catmullrom"
						},
						"0.375": {
							"post": [0.7, 0, 7.5],
							"lerp_mode": "catmullrom"
						},
						"0.5": {
							"post": [0.7, 0.5, 7.4],
							"lerp_mode": "catmullrom"
						},
						"0.6667": {
							"post": [0.9, 0.4, 7.3],
							"lerp_mode": "catmullrom"
						},
						"0.7917": {
							"post": [0.7, 0.5, 7.4],
							"lerp_mode": "catmullrom"
						},
						"1.125": {
							"post": [0.7, 0.5, 7.4],
							"lerp_mode": "catmullrom"
						}
					}
				},
				"Haki": {
					"rotation": {
						"0.5": {
							"pre": [0, 0, 0],
							"post": [0, 0, 0],
							"lerp_mode": "catmullrom"
						},
						"0.75": {
							"post": [0, 0, 0],
							"lerp_mode": "catmullrom"
						},
						"1.125": {
							"post": [0, 0, 0],
							"lerp_mode": "catmullrom"
						}
					},
					"position": {
						"0.5": {
							"pre": [0, 0, 0],
							"post": [0, 0, 0],
							"lerp_mode": "catmullrom"
						},
						"0.75": {
							"post": [0, 0, 0],
							"lerp_mode": "catmullrom"
						},
						"1.125": {
							"post": [0, 0, 0],
							"lerp_mode": "catmullrom"
						}
					},
					"scale": {
						"0.5": {
							"pre": [0, 1, 0],
							"post": [0, 1, 0],
							"lerp_mode": "catmullrom"
						},
						"0.625": {
							"post": [0, 1, 0],
							"lerp_mode": "catmullrom"
						},
						"0.75": {
							"post": [1, 1, 1],
							"lerp_mode": "catmullrom"
						},
						"1.125": {
							"post": [1, 1, 1],
							"lerp_mode": "catmullrom"
						}
					}
				},
				"waist": {
					"rotation": {
						"0.0": [1.07048, 5.04829, -0.11837],
						"0.5": [1.5741, 17.43127, 5.24133]
					}
				},
				"leftArm": {
					"rotation": {
						"0.0": {
							"post": [-0.19027, 0.63277, -4.16607],
							"lerp_mode": "catmullrom"
						},
						"0.5": {
							"post": [-64.31518, 10.17781, -20.17393],
							"lerp_mode": "catmullrom"
						},
						"1.125": {
							"post": [-64.32, 10.18, -20.17],
							"lerp_mode": "catmullrom"
						}
					}
				},
				"leftLeg": {
					"rotation": {
						"0.0": {
							"post": [0, 0, -2.5],
							"lerp_mode": "catmullrom"
						},
						"0.5": {
							"post": [0, 0, -12.5],
							"lerp_mode": "catmullrom"
						},
						"1.125": {
							"post": [0, 0, -12.5],
							"lerp_mode": "catmullrom"
						}
					}
				},
				"rightLeg": {
					"rotation": {
						"0.0": {
							"post": [-1.31845, 9.91358, 2.38565],
							"lerp_mode": "catmullrom"
						},
						"0.5": {
							"post": [0, 10, 10],
							"lerp_mode": "catmullrom"
						},
						"1.125": {
							"post": [0, 10, 10],
							"lerp_mode": "catmullrom"
						}
					}
				}
			},
			"sound_effects": {
				"0.0417": {
					"effect": "mochi1"
				}
			}
		}
	}
}