{
	"format_version": "1.8.0",
	"animations": {
		"animation.blackleg.attack" : {
			"loop" : true,
			"bones" : {
				"rightleg" : {
					"rotation" : [ "-(math.sin((1 - math.pow((1 - variable.attack_time), 4)) * 180) * 1.2 + math.sin(variable.attack_time * 180)) * 30.0", "-(math.sin((1 - math.pow((1 - variable.attack_time), 4)) * 180) ? (-90.0 * math.sin((1 - math.pow((1 - variable.attack_time), 4)) * 180)) + 30.0 : 0.0)", 0.0 ]
				}
			}
		},
		"animation.blackleg.default_arms": {
			"loop": true,
			"override_previous_animation": true,
			"bones": {
				"rightArm": {
					"rotation": [27.5, 0, -15],
					"position": [0, 0, -1]
				},
				"leftArm": {
					"rotation": [27.5, 0, 15],
					"position": [0, 0, -1]
				}
			}
		},
		"animation.blackleg.default_leg": {
			"loop": true,
			"bones": {
				"rightleg": {
					"position": [0, 2, -2]
				}
			}
		},
		"animation.blackleg.particle": {
			"loop": true,
			"animation_length": 0.1,
			"particle_effects": {
				"0.0": [
					{"effect": "blackleg","locator": "blackleg"}
				]
			}
		},
		"animation.blackleg.transform": {
			"loop": "hold_on_last_frame",
			"animation_length": 1.29167,
			"override_previous_animation": true,
			"bones": {
				"rightArm": {
					"rotation": {
						"0.0417": [0, 0, 0],
						"0.25": [0, 0, 90],
						"0.875": [0, 0, 90],
						"1.0833": [0, 0, 25],
						"1.1667": [0, 0, 25],
						"1.2917": [27.5, 0, -15]
					},
					"position": {
						"0.0": [0, 0, 0],
						"0.2083": [-1, 0, 0],
						"0.875": [-1, 0, 0],
						"1.0833": [0, 0, 0],
						"1.1667": [0, 0, 0],
						"1.2917": [0, 0, -1]
					}
				},
				"leftArm": {
					"rotation": {
						"0.0417": [0, 0, 0],
						"0.25": [0, 0, -90],
						"0.875": [0, 0, -90],
						"1.0833": [0, 0, -20],
						"1.1667": [0, 0, -20],
						"1.2917": [27.5, 0, 15]
					},
					"position": {
						"0.0": [0, 0, 0],
						"0.2083": [1, 0, 0],
						"0.875": [1, 0, 0],
						"1.0833": [0, 0, 0],
						"1.1667": [0, 0, 0],
						"1.2917": [0, 0, -1]
					}
				},
				"tudo": {
					"rotation": {
						"0.0833": [0, 0, 0],
						"1.0": [0, 1440, 0]
					}
				},
				"waist": {
					"rotation": {
						"0.0": [0, 0, 0],
						"0.0833": [7.5, -15, 0],
						"0.875": [0, 0, 0],
						"1.0833": [0, 27.5, 0],
						"1.1667": [0, 27.5, 0],
						"1.2917": [0, 0, 0]
					},
					"position": {
						"0.0": [0, 0, 0],
						"0.0833": [2, 0, 0],
						"1.0": [0, 0, 0]
					}
				},
				"rightLeg": {
					"rotation": {
						"1.0": [0, 0, 0],
						"1.0833": [4.49086, 44.77842, 11.44457],
						"1.1667": [4.49086, 44.77842, 11.44457],
						"1.2917": [0, 0, 0]
					},
					"position": {
						"0.0": [0, 0, 0],
						"0.0833": [2, 0, 0],
						"1.0833": [0, 0, 0.5],
						"1.1667": [0, 0, 0.5],
						"1.2917": [0, 2, -2]
					}
				},
				"leftLeg": {
					"rotation": {
						"1.0": [0, 0, 0],
						"1.0833": [-5.66168, 14.76769, -5.07561],
						"1.1667": [-5.66168, 14.76769, -5.07561],
						"1.2917": [0, 0, 0]
					},
					"position": {
						"0.0": [0, 0, 0],
						"0.0833": [2.5, 1.5, -2],
						"1.0": [0, 1.5, -2],
						"1.0833": [0, 0, -1.5],
						"1.1667": [0, 0, -1.5],
						"1.2917": [0, 0, 0]
					}
				}
			},
			"particle_effects": {
				"0.125": {
					"effect": "blackleg.start",
					"locator": "root"
				},
				"0.2083": [
					{
						"effect": "blackleg.start",
						"locator": "root"
					},
					{
						"effect": "blackleg.start2",
						"locator": "blackleg"
					}
				],
				"0.4167": {
					"effect": "blackleg.start",
					"locator": "root"
				},
				"0.5": [
					{
						"effect": "blackleg.start",
						"locator": "root"
					},
					{
						"effect": "blackleg.start2",
						"locator": "blackleg"
					}
				],
				"0.7083": {
					"effect": "blackleg.start",
					"locator": "root"
				}
			}
		},
		"animation.blackleg.shoot": {
			"loop": "hold_on_last_frame",
			"animation_length": 0.8,
			"override_previous_animation": true,
			"bones": {
				"waist": {
					"rotation": {
						"0.0": [0, 0, 0],
						"0.1667": [-26.30249, -78.83105, 26.74021],
						"0.4167": [-79.52521, -17.22575, 86.86612]
					},
					"position": {
						"0.0": [0, 0, 0],
						"0.1667": [0, 0, 0],
						"0.4167": [0, 3, -1]
					}
				},
				"body": {
					"rotation": [0, 0, 0]
				},
				"head": {
					"rotation": {
						"0.2917": [0, 0, 0],
						"0.4167": [47.5, 0, 0]
					}
				},
				"rightArm": {
					"rotation": {
						"0.0": [0, 0, 0],
						"0.2917": [0, 0, 37.5]
					}
				},
				"leftArm": {
					"rotation": {
						"0.0": [0, 0, 0],
						"0.2917": [0, 0, -30]
					}
				},
				"rightLeg": {
					"rotation": {
						"0.0": [0, 0, 0],
						"0.1667": [-33.5051, -80.99406, 33.83303],
						"0.4167": [-82.5, 0, 90]
					},
					"position": {
						"0.0": [0, 0, 0],
						"0.1667": [3.5, 2.5, -2],
						"0.4167": [2.5, 4.5, -2]
					}
				},
				"leftLeg": {
					"rotation": {
						"0.0": [0, 0, 0],
						"0.3333": [13.89476, -79.69532, -14.11351],
						"0.4167": [-80, 0, 90]
					},
					"position": {
						"0.0": [0, 0, 0],
						"0.1667": [-0.5, 0, 2]
					}
				}
			},
			"particle_effects": {
			    "0.4": [
			        {"effect": "blackleg_shoot","locator": ""}
			    ],
			    "0.6": [
			        {"effect": "blackleg_shoot","locator": ""}
			    ],
			    "0.8": [
			        {"effect": "blackleg_shoot","locator": ""}
			    ]
			}
		},
		"animation.blackleg.concasser.start": {
			"loop": "hold_on_last_frame",
			"animation_length": 9999,
			"override_previous_animation": true,
			"bones": {
				"tudo": {
					"rotation": {
						"0.0": [0, 0, 0],
						"0.25": ["q.anim_time * 800", 0, 0]
					}
				},
				"waist": {
					"rotation": [82.5, 0, 0],
					"position": [0, 1, 4]
				},
				"rightLeg": {
					"rotation": [60, 0, 0]
				},
				"leftLeg": {
					"rotation": [10, 0, 0]
				}
			}
		},
		"animation.blackleg.concasser.end": {
			"loop": "hold_on_last_frame",
			"animation_length": 0.25,
			"override_previous_animation": true,
			"bones": {
				"waist": {
					"rotation": {
						"0.2": [82.5, 0, 0],
						"0.25": [2.5, 0, 0]
					},
					"position": {
						"0.2": [0, 1, 4],
						"0.25": [0, 0, 0]
					}
				},
				"rightLeg": {
					"rotation": {
						"0.2": [60, 0, 0],
						"0.25": [0, 0, 0]
					}
				},
				"leftLeg": {
					"rotation": {
						"0.2": [-5, 0, 0],
						"0.25": [0, 0, 0]
					}
				}
			}
		},
		"animation.blackleg.barrage": {
			"loop": "hold_on_last_frame",
			"animation_length": 1.6,
			"override_previous_animation": true,
			"bones": {
				"waist": {
					"rotation": {
						"0.0": [0, 0, 0],
						"0.15": [-10, -30, 20],
						"1.8": [-10, -30, 20],
						"2.0": [0, 0, 0]
					},
					"position": [0, 0, 0]
				},
				"body": {
					"rotation": [0, "variable.is_first_person ? 180 : 0", 0]
				},
				"head": {
					"rotation": {
						"0.0": [0, 0, 0],
						"0.15": [0.75, 20, -10],
						"1.8": [0.75, 20, -10],
						"2.0": [0, 0, 0]
					},
					"position": [0, 0, 0]
				},
				"rightArm": {
					"rotation": {
						"0.0": [0, 0, 0],
						"0.15": [5, 17.5, 47.5],
						"1.8": [5, 17.5, 47.5],
						"2.0": [0, 0, 0]
					},
					"position": [0, 0, 0]
				},
				"leftArm": {
					"rotation": {
						"0.0": [0, 0, 0],
						"0.15": [-30, 0, -27.5],
						"1.8": [-30, 0, -27.5],
						"2.0": [0, 0, 0]
					},
					"position": [0, 0, 0]
				},
				"rightLeg": {
					"rotation": {
						"0.0": [0, 0, 0],
						"0.15": [-95, 0, 7.5],
						"1.1": [-95, 0, 7.5],
						"1.8": [-90, 0, 0],
						"2.0": [0, 0, 0]
					},
					"position": {
						"0.0": [0, 0, 0],
						"0.15": [0, 0, 0],
						"0.2": ["math.random(-4, 4)", "math.random(-4, 4)", "math.random(0, -12)"],
						"0.25": ["math.random(-4, 4)", "math.random(-4, 4)", "math.random(0, -12)"],
						"0.3": ["math.random(-4, 4)", "math.random(-4, 4)", "math.random(0, -12)"],
						"0.35": ["math.random(-4, 4)", "math.random(-4, 4)", "math.random(0, -12)"],
						"0.4": ["math.random(-4, 4)", "math.random(-4, 4)", "math.random(0, -12)"],
						"0.45": ["math.random(-4, 4)", "math.random(-4, 4)", "math.random(0, -12)"],
						"0.5": ["math.random(-4, 4)", "math.random(-4, 4)", "math.random(0, -12)"],
						"0.55": ["math.random(-4, 4)", "math.random(-4, 4)", "math.random(0, -12)"],
						"0.6": ["math.random(-4, 4)", "math.random(-4, 4)", "math.random(0, -12)"],
						"0.65": ["math.random(-4, 4)", "math.random(-4, 4)", "math.random(0, -12)"],
						"0.7": ["math.random(-4, 4)", "math.random(-4, 4)", "math.random(0, -12)"],
						"0.75": ["math.random(-4, 4)", "math.random(-4, 4)", "math.random(0, -12)"],
						"0.8": ["math.random(-4, 4)", "math.random(-4, 4)", "math.random(0, -12)"],
						"0.85": ["math.random(-4, 4)", "math.random(-4, 4)", "math.random(0, -12)"],
						"0.9": ["math.random(-4, 4)", "math.random(-4, 4)", "math.random(0, -12)"],
						"0.95": ["math.random(-4, 4)", "math.random(-4, 4)", "math.random(0, -12)"],
						"1.0": ["math.random(-4, 4)", "math.random(-4, 4)", "math.random(0, -12)"],
						"1.05": ["math.random(-4, 4)", "math.random(-4, 4)", "math.random(0, -12)"],
						"1.1": ["math.random(-4, 4)", "math.random(-4, 4)", "math.random(0, -12)"],
						"1.15": ["math.random(-4, 4)", "math.random(-4, 4)", "math.random(0, -12)"],
						"1.2": ["math.random(-4, 4)", "math.random(-4, 4)", "math.random(0, -12)"],
						"1.25": ["math.random(-4, 4)", "math.random(-4, 4)", "math.random(0, -12)"],
						"1.3": ["math.random(-4, 4)", "math.random(-4, 4)", "math.random(0, -12)"],
						"1.35": ["math.random(-4, 4)", "math.random(-4, 4)", "math.random(0, -12)"],
						"1.4": ["math.random(-4, 4)", "math.random(-4, 4)", "math.random(0, -12)"],
						"1.45": ["math.random(-4, 4)", "math.random(-4, 4)", "math.random(0, -12)"],
						"1.5": ["math.random(-4, 4)", "math.random(-4, 4)", "math.random(0, -12)"],
						"1.55": ["math.random(-4, 4)", "math.random(-4, 4)", "math.random(0, -12)"],
						"1.6": ["math.random(-4, 4)", "math.random(-4, 4)", "math.random(0, -12)"],
						"1.65": ["math.random(-4, 4)", "math.random(-4, 4)", "math.random(0, -12)"],
						"1.7": ["math.random(-4, 4)", "math.random(-4, 4)", "math.random(0, -12)"],
						"1.75": ["math.random(-4, 4)", "math.random(-4, 4)", "math.random(0, -12)"],
						"1.8": [0, 0, 0],
						"2.0": [0, 0, 0]
					}
				},
				"leftLeg": {
					"rotation": {
						"0.0": [0, 0, 0],
						"0.15": [0, -35, 0],
						"1.8": [0, -35, 0],
						"2.0": [0, 0, 0]
					},
					"position": {
						"0.0": [0, 0, 0],
						"0.15": [0, 0, 1],
						"1.8": [0, 0, 1],
						"2.0": [0, 0, 0]
					}
				}
			},
			"particle_effects": {
			    "0.2": [
			        {"effect": "blackleg_barrage","locator": ""}
			    ],
			    "0.4": [
			        {"effect": "blackleg_barrage","locator": ""}
			    ],
			    "0.6": [
			        {"effect": "blackleg_barrage","locator": ""}
			    ],
			    "0.8": [
			        {"effect": "blackleg_barrage","locator": ""}
			    ],
			    "1.0": [
			        {"effect": "blackleg_barrage","locator": ""}
			    ],
			    "1.2": [
			        {"effect": "blackleg_barrage","locator": ""}
			    ]
			}
		},
		"animation.blackleg.hell_memories.start": {
			"loop": "hold_on_last_frame",
			"animation_length": 9999,
			"override_previous_animation": true,
			"bones": {
				"rightLeg": {
					"rotation": {
						"0.0": [0, 0, 0],
						"0.25": [0, 0, 2.5]
					},
					"position": {
						"0.0": [0, 0, 0],
						"0.25": [0, 2, -2]
					}
				},
				"waist": {
					"rotation": {
						"0.0": [0, 0, 0],
						"0.25": [7.5, 0, 0]
					}
				},
				"head": {
					"rotation": {
						"0.0": [0, 0, 0],
						"0.25": [30, 0, 0]
					}
				},
				"rightArm": {
					"rotation": {
						"0.0": [0, 0, 0],
						"0.25": [0, 0, 30]
					}
				},
				"leftArm": {
					"rotation": {
						"0.0": [0, 0, 0],
						"0.25": [0, 0, -30]
					}
				},
				"leftLeg": {
					"rotation": {
						"0.0": [0, 0, 0],
						"0.25": [0, 0, -2.5]
					}
				}
			},
			"particle_effects": {
				"0.3": [
					{"effect": "blackleg_memories5","locator": ""}
				],
				"0.4": [
					{"effect": "blackleg_memories5","locator": ""}
				],
				"0.5": [
					{"effect": "blackleg_memories5","locator": ""}
				],
				"0.6": [
					{"effect": "blackleg_memories5","locator": ""}
				],
				"0.7": [
					{"effect": "blackleg_memories5","locator": ""}
				],
				"0.8": [
					{"effect": "blackleg_memories5","locator": ""}
				],
				"0.9": [
					{"effect": "blackleg_memories5","locator": ""}
				],
				"1.0": [
					{"effect": "blackleg_memories5","locator": ""}
				]
			}
		},
		"animation.blackleg.hell_memories.loop": {
			"loop": false,
			"animation_length": 0.1,
			"particle_effects": {
				"0.0": [
					{"effect": "blackleg_memories5","locator": ""}
				]
			}
		},
		"animation.blackleg.hell_memories.end": {
			"loop": "hold_on_last_frame",
			"animation_length": 0.3,
			"bones": {
				"waist": {
					"rotation": {
						"0.0": [0, 0, 0],
						"0.1667": [0, -20, 12.5]
					}
				},
				"head": {
					"rotation": {
						"0.0": [0, 0, 0],
						"0.1667": [0, 17.5, 0]
					}
				},
				"rightArm": {
					"rotation": {
						"0.0": [0, 0, 0],
						"0.1667": [0, 0, 15]
					}
				},
				"leftArm": {
					"rotation": {
						"0.0": [0, 0, 0],
						"0.1667": [0, 0, -17.5]
					}
				},
				"rightLeg": {
					"rotation": {
						"0.0": [0, 0, 0],
						"0.1667": [-81.37499, -5.73576, 26.94093]
					}
				},
				"leftLeg": {
					"rotation": {
						"0.0": [0, 0, 0],
						"0.1667": [0, -22.5, 0]
					}
				}
			},
			"particle_effects": {
				"0.0": [
					{"effect": "blackleg_memories5","locator": ""}
				],
				"0.1": [
					{"effect": "blackleg_memories5","locator": ""}
				],
				"0.2": [
					{"effect": "blackleg_memories5","locator": ""}
				],
				"0.3": [
					{"effect": "blackleg_memories5","locator": ""}
				]
			}
		}
	}
}