{
	"format_version": "1.8.0",
	"animations": {
		"animation.dragon": {
			"loop": true,
			"bones": {
				"root": {
					"scale": 2
				}
			}
		},
		"animation.dragon.first_person": {
			"loop": true,
			"bones": {
				"waist": {
					"rotation": [0, 180, 0]
				},
				"root2": {
					"position": [0, 80, -30]
				},
				"bodyDragon1": {
					"rotation": [-62.5, 0, 0],
					"position": [0, 2, -1]
				},
				"bodyDragon2": {
					"rotation": [-27.5, 0, 0]
				},
				"rightArmDragon": {
					"rotation": [90, -70, -35],
					"position": [0, -21.5, 34.5]
				},
				"rightForeArmDragon": {
					"rotation": [-57.5, 0, 0]
				},
				"rightHandDragon": {
					"rotation": [0, 22.5, 72.5]
				},
				"leftArmDragon": {
					"rotation": [90, 70, 35],
					"position": [0, -21.5, 34.5]
				},
				"leftForeArmDragon": {
					"rotation": [-57.5, 0, 0]
				},
				"leftHandDragon": {
					"rotation": [0, -22.5, -72.5]
				}
			}
		},
		"animation.dragon.fly": {
			"loop": true,
			"animation_length": 1.5,
			"bones": {
				"root": {
					"rotation": ["q.target_x_rotation + 90", "q.target_y_rotation", 0]
				},
				"bodyDragon": {
					"rotation": {
						"0.0": [-22.5, 0, 0],
						"0.25": [-22.5, 0, 0],
						"0.5": [0, 0, 0],
						"0.75": [22.5, 0, 0],
						"1.0": [33.75, 0, 0],
						"1.25": [0, 0, 0],
						"1.5": [-22.5, 0, 0]
					},
					"position": [0, -3, 0]
				},
				"bodyDragon2": {
					"rotation": {
						"0.0": [22.5, 0, 0],
						"0.25": [0, 0, 0],
						"0.5": [-22.5, 0, 0],
						"0.75": [-22.5, 0, 0],
						"1.0": [0, 0, 0],
						"1.25": [22.5, 0, 0],
						"1.5": [22.5, 0, 0]
					}
				},
				"bodyDragon3": {
					"rotation": {
						"0.0": [22.5, 0, 0],
						"0.25": [22.5, 0, 0],
						"0.5": [0, 0, 0],
						"0.75": [-22.5, 0, 0],
						"1.0": [-33.75, 0, 0],
						"1.25": [0, 0, 0],
						"1.5": [22.5, 0, 0]
					}
				},
				"bodyDragon4": {
					"rotation": {
						"0.0": [0, 0, 0],
						"0.25": [22.5, 0, 0],
						"0.5": [22.5, 0, 0],
						"0.75": [0, 0, 0],
						"1.0": [-22.5, 0, 0],
						"1.25": [-22.5, 0, 0],
						"1.5": [0, 0, 0]
					}
				},
				"bodyDragon5": {
					"rotation": {
						"0.0": [-22.5, 0, 0],
						"0.25": [0, 0, 0],
						"0.5": [22.5, 0, 0],
						"0.75": [22.5, 0, 0],
						"1.0": [0, 0, 0],
						"1.25": [-22.5, 0, 0],
						"1.5": [-22.5, 0, 0]
					}
				},
				"bodyDragon6": {
					"rotation": {
						"0.0": [-22.5, 0, 0],
						"0.25": [-22.5, 0, 0],
						"0.5": [0, 0, 0],
						"0.75": [22.5, 0, 0],
						"1.0": [22.5, 0, 0],
						"1.25": [0, 0, 0],
						"1.5": [-22.5, 0, 0]
					}
				},
				"bodyDragon7": {
					"rotation": {
						"0.0": [0, 0, 0],
						"0.25": [-22.5, 0, 0],
						"0.5": [-22.5, 0, 0],
						"0.75": [0, 0, 0],
						"1.0": [22.5, 0, 0],
						"1.25": [22.5, 0, 0],
						"1.5": [0, 0, 0]
					}
				},
				"bodyDragon8": {
					"rotation": {
						"0.0": [22.5, 0, 0],
						"0.25": [0, 0, 0],
						"0.5": [-22.5, 0, 0],
						"0.75": [-22.5, 0, 0],
						"1.0": [0, 0, 0],
						"1.25": [22.5, 0, 0],
						"1.5": [22.5, 0, 0]
					}
				},
				"bodyDragon9": {
					"rotation": {
						"0.0": [22.5, 0, 0],
						"0.25": [22.5, 0, 0],
						"0.5": [0, 0, 0],
						"0.75": [-22.5, 0, 0],
						"1.0": [-22.5, 0, 0],
						"1.25": [0, 0, 0],
						"1.5": [22.5, 0, 0]
					}
				},
				"bodyDragon10": {
					"rotation": {
						"0.0": [0, 0, 0],
						"0.25": [22.5, 0, 0],
						"0.5": [22.5, 0, 0],
						"0.75": [0, 0, 0],
						"1.0": [-22.5, 0, 0],
						"1.25": [-22.5, 0, 0],
						"1.5": [0, 0, 0]
					}
				},
				"bodyDragon11": {
					"rotation": {
						"0.0": [-22.5, 0, 0],
						"0.25": [0, 0, 0],
						"0.5": [22.5, 0, 0],
						"0.75": [22.5, 0, 0],
						"1.0": [0, 0, 0],
						"1.25": [-22.5, 0, 0],
						"1.5": [-22.5, 0, 0]
					}
				},
				"bodyDragon12": {
					"rotation": {
						"0.0": [-22.5, 0, 0],
						"0.25": [-22.5, 0, 0],
						"0.5": [0, 0, 0],
						"0.75": [22.5, 0, 0],
						"1.0": [22.5, 0, 0],
						"1.25": [0, 0, 0],
						"1.5": [-22.5, 0, 0]
					}
				},
				"bodyDragon13": {
					"rotation": {
						"0.0": [0, 0, 0],
						"0.25": [-22.5, 0, 0],
						"0.5": [-22.5, 0, 0],
						"0.75": [0, 0, 0],
						"1.0": [22.5, 0, 0],
						"1.25": [22.5, 0, 0],
						"1.5": [0, 0, 0]
					}
				},
				"bodyDragon14": {
					"rotation": {
						"0.0": [22.5, 0, 0],
						"0.25": [0, 0, 0],
						"0.5": [-22.5, 0, 0],
						"0.75": [-22.5, 0, 0],
						"1.0": [0, 0, 0],
						"1.25": [22.5, 0, 0],
						"1.5": [22.5, 0, 0]
					}
				},
				"bodyDragon15": {
					"rotation": {
						"0.0": [22.5, 0, 0],
						"0.25": [22.5, 0, 0],
						"0.5": [0, 0, 0],
						"0.75": [-22.5, 0, 0],
						"1.0": [-22.5, 0, 0],
						"1.25": [0, 0, 0],
						"1.5": [22.5, 0, 0]
					}
				},
				"bodyDragon16": {
					"rotation": {
						"0.0": [0, 0, 0],
						"0.25": [22.5, 0, 0],
						"0.5": [22.5, 0, 0],
						"0.75": [0, 0, 0],
						"1.0": [-22.5, 0, 0],
						"1.25": [-22.5, 0, 0],
						"1.5": [0, 0, 0]
					}
				},
				"bodyDragon17": {
					"rotation": {
						"0.0": [-22.5, 0, 0],
						"0.25": [0, 0, 0],
						"0.5": [22.5, 0, 0],
						"0.75": [22.5, 0, 0],
						"1.0": [0, 0, 0],
						"1.25": [-22.5, 0, 0],
						"1.5": [-22.5, 0, 0]
					}
				},
				"bodyDragon18": {
					"rotation": {
						"0.0": [-22.5, 0, 0],
						"0.25": [-22.5, 0, 0],
						"0.5": [0, 0, 0],
						"0.75": [22.5, 0, 0],
						"1.0": [22.5, 0, 0],
						"1.25": [0, 0, 0],
						"1.5": [-22.5, 0, 0]
					}
				},
				"headDragon": {
					"rotation": {
						"0.0": [0, 0, 0],
						"0.25": [22.5, 0, 0],
						"0.5": [22.5, 0, 0],
						"0.75": [0, 0, 0],
						"1.0": [-22.5, 0, 0],
						"1.25": [-22.5, 0, 0],
						"1.5": [0, 0, 0]
					}
				},
				"root2": {
					"rotation": [-90, 0, 0],
					"position": {
						"0.0": [0, 0, 0],
						"0.25": [0, 6, 0],
						"0.5": [0, 6, 0],
						"0.75": [0, 0, 0],
						"1.0": [0, -6, 0],
						"1.25": [0, -6, 0],
						"1.5": [0, 0, 0]
					}
				},
				"jaw2": {
					"rotation": [30, 0, 0],
					"position": [0, -0.5, -0.5]
				},
				"rightArmDragon": {
					"rotation": {
						"0.0": [-90, -30, 90],
						"0.75": [-90, -90, 90],
						"1.5": [-89.99999, -30, 89.99999]
					},
					"position": [-2, 0, 0]
				},
				"rightForeArmDragon": {
					"rotation": {
						"0.0": [0, 0, -10],
						"0.75": [0, 0, -40],
						"1.5": [0, 0, -10]
					},
					"position": [0, 0, 0]
				},
				"rightHandDragon": {
					"rotation": [0, 0, 75]
				},
				"rightLegDragon": {
					"rotation": {
						"0.0": [90, -70, -90],
						"0.75": [90, -140, -90],
						"1.5": [90, -70, -90]
					}
				},
				"rightForeLegDragon": {
					"rotation": {
						"0.0": [0, 0, -40],
						"0.75": [0, 0, -10],
						"1.5": [0, 0, -40]
					}
				},
				"leftLegDragon": {
					"rotation": {
						"0.0": [-90, 50, -90],
						"0.75": [-90, 70, -90],
						"1.5": [-90, 50, -90]
					}
				},
				"leftForeLegDragon": {
					"rotation": {
						"0.0": [0, 0, 10],
						"0.75": [0, 0, 40],
						"1.5": [0, 0, 10]
					}
				},
				"leftArmDragon": {
					"rotation": {
						"0.0": [-90, 70, -90],
						"0.75": [-90, 50, -90],
						"1.5": [-90, 70, -90]
					},
					"position": [2, 0, 0]
				},
				"leftForeArmDragon": {
					"rotation": {
						"0.0": [0, 0, 20],
						"0.75": [0, 0, 10],
						"1.5": [0, 0, 20]
					}
				},
				"leftHandDragon": {
					"rotation": [0, 0, -75]
				},
				"hand": {
					"rotation": [0, 0, 77.5]
				},
				"hand2": {
					"rotation": [0, 0, -77.5]
				}
			}
		},
		"animation.dragon.sneaking": {
			"loop": true,
			"animation_length": 1.5,
			"bones": {
				"root2": {
					"position": [0, "q.is_in_ui ? 80 : 160", 30]
				},
				"mugiwara2": {
					"position": [0, 11, 0]
				},
				"capa": {
				    "rotation": [20, 0, 0],
					"position": [0, -48, 3],
					"scale": [1.25, 1.25, 1.25]
				},
				"headDragon": {
					"rotation": ["variable.is_first_person ? 0 : 5 + query.target_x_rotation", "variable.is_first_person ? 0 : query.target_y_rotation", 0],
					"position": [0, 0, 0]
				},
				"bodyDragon1": {
					"rotation": [-30, 0, 0],
					"position": [0, 2, -1]
				},
				"bodyDragon2": {
					"rotation": [-65, 0, 0]
				},
				"rightArmDragon": {
					"rotation": [117.5, -70, -35]
				},
				"rightForeArmDragon": {
					"rotation": [-57.5, 0, 0]
				},
				"bodyDragon3": {
					"rotation": [35, 0, 0],
					"position": [0, -1, -2]
				},
				"bodyDragon4": {
					"rotation": [49.41845, 68.07438, 55.65404],
					"position": [-1, -0.5, -2.5]
				},
				"bodyDragon5": {
					"rotation": [-8.09763, 10.19324, 18.42838]
				},
				"bodyDragon6": {
					"rotation": [-5.52181, 39.11587, 4.74473]
				},
				"bodyDragon7": {
					"rotation": [-29.0494, 39.44654, -2.79191]
				},
				"bodyDragon8": {
					"rotation": [-33.35759, 49.49191, -5.54171]
				},
				"bodyDragon9": {
					"rotation": [4.53237, 36.48157, 2.82225]
				},
				"bodyDragon10": {
					"rotation": [-1.2067, -2.31371, 13.69199]
				},
				"bodyDragon11": {
					"rotation": [-5.57556, -7.50031, -2.10528]
				},
				"bodyDragon12": {
					"rotation": [-3.91862, 25.00592, -4.1967]
				},
				"rightLegDragon": {
					"rotation": [0, 0, 67.5]
				},
				"rightLegDragon2": {
					"rotation": [0, 0, -40]
				},
				"leftLegDragon": {
					"rotation": [0, 0, -67.5]
				},
				"leftLegDragon2": {
					"rotation": [0, 0, 40]
				},
				"bodyDragon13": {
					"rotation": [-11.42682, 29.47294, -2.91808]
				},
				"bodyDragon14": {
					"rotation": [-3.00634, 44.00003, -8.07612]
				},
				"bodyDragon15": {
					"rotation": [-0.97015, 38.56863, -1.391]
				},
				"bodyDragon16": {
					"rotation": [-12.97307, 20.35167, 6.41956]
				},
				"bodyDragon17": {
					"rotation": [-9.53338, 19.8007, 3.04321]
				},
				"bodyDragon18": {
					"rotation": [-2.08166, 16.07719, 1.69866]
				},
				"bodyDragon20": {
					"rotation": [13.52962, -13.47902, 4.45325]
				},
				"bodyDragon21": {
					"rotation": [10.68197, -42.34257, -5.31116]
				},
				"bodyDragon22": {
					"rotation": [21.81835, -54.62445, -13.10725]
				},
				"jaw2": {
					"rotation": {
						"0.0": [25, 0, 0],
						"0.5": [45, 0, 0],
						"1.5": [25, 0, 0]
					},
					"position": [0, 0, 0]
				},
				"rightHandDragon": {
					"rotation": [0, 22.5, 72.5]
				},
				"leftHandDragon": {
					"rotation": [0, -22.5, -72.5]
				},
				"rightForeLegDragon": {
					"rotation": [0, 0, -62.5]
				},
				"leftForeLegDragon": {
					"rotation": [0, 0, 62.5]
				},
				"leftArmDragon": {
					"rotation": [117.5, 70, 35]
				},
				"leftForeArmDragon": {
					"rotation": [-57.5, 0, 0]
				},
				"bodyDragon1_2": {
					"rotation": [-17.5, 0, 0]
				},
				"hand": {
					"rotation": [0, 0, 37.5]
				},
				"hand2": {
					"rotation": [0, 0, -37.5]
				}
			}
		},
		"animation.dragon.roar.start": {
			"loop": true,
			"animation_length": 2.1,
			"override_previous_animation": true,
			"bones": {
				"headDragon": {
					"rotation": {
						"0.0": [15, 0, 0],
						"0.2": [-20, 0, 0],
						"0.4": [-20, 0, 0],
						"0.5": [10, 0, 0]
					},
					"position": [0, 0, 0]
				},
				"jaw2": {
					"rotation": {
						"0.0": [30, 0, 0],
						"0.4": [30, 0, 0],
						"0.5": [70, 0, 0]
					},
					"position": [0, 0, 0]
				}
			},
			"particle_effects": {
				"0.5": [
					{
						"effect": "dragon_roar",
						"locator": "boro_breath"
					},
					{
						"effect": "dragon_roar2",
						"locator": "boro_breath"
					},
					{
						"effect": "slash_white.small",
						"locator": "boro_breath"
					}
				],
				"0.6": {
					"effect": "dragon_roar3",
					"locator": "boro_breath"
				},
				"0.7": [
					{
						"effect": "dragon_roar",
						"locator": "boro_breath"
					},
					{
						"effect": "dragon_roar2",
						"locator": "boro_breath"
					},
					{
						"effect": "slash_white.small",
						"locator": "boro_breath"
					}
				],
				"0.8": {
					"effect": "dragon_roar3",
					"locator": "boro_breath"
				},
				"0.9": [
					{
						"effect": "dragon_roar",
						"locator": "boro_breath"
					},
					{
						"effect": "dragon_roar2",
						"locator": "boro_breath"
					},
					{
						"effect": "slash_white.small",
						"locator": "boro_breath"
					}
				],
				"1.0": {
					"effect": "dragon_roar3",
					"locator": "boro_breath"
				},
				"1.1": [
					{
						"effect": "dragon_roar",
						"locator": "boro_breath"
					},
					{
						"effect": "dragon_roar2",
						"locator": "boro_breath"
					},
					{
						"effect": "slash_white.small",
						"locator": "boro_breath"
					}
				],
				"1.2": {
					"effect": "dragon_roar3",
					"locator": "boro_breath"
				},
				"1.3": [
					{
						"effect": "dragon_roar",
						"locator": "boro_breath"
					},
					{
						"effect": "dragon_roar2",
						"locator": "boro_breath"
					},
					{
						"effect": "slash_white.small",
						"locator": "boro_breath"
					}
				],
				"1.4": {
					"effect": "dragon_roar3",
					"locator": "boro_breath"
				},
				"1.5": [
					{
						"effect": "dragon_roar",
						"locator": "boro_breath"
					},
					{
						"effect": "dragon_roar2",
						"locator": "boro_breath"
					},
					{
						"effect": "slash_white.small",
						"locator": "boro_breath"
					}
				],
				"1.6": {
					"effect": "dragon_roar3",
					"locator": "boro_breath"
				},
				"1.7": [
					{
						"effect": "dragon_roar",
						"locator": "boro_breath"
					},
					{
						"effect": "dragon_roar2",
						"locator": "boro_breath"
					},
					{
						"effect": "slash_white.small",
						"locator": "boro_breath"
					}
				],
				"1.8": {
					"effect": "dragon_roar3",
					"locator": "boro_breath"
				},
				"1.9": [
					{
						"effect": "dragon_roar",
						"locator": "boro_breath"
					},
					{
						"effect": "dragon_roar2",
						"locator": "boro_breath"
					},
					{
						"effect": "slash_white.small",
						"locator": "boro_breath"
					}
				],
				"2.0": {
					"effect": "slash_white.small",
					"locator": "boro_breath"
				}
			}
		},
		"animation.dragon.tatsumaki.end": {
			"loop": "hold_on_last_frame",
			"animation_length": 1.5,
			"override_previous_animation": true,
			"bones": {
				"root2": {
					"rotation": {
						"0.0": [0, 0, 0],
						"1.5": [0, -1035, 0]
					},
					"position": [0, 40, 0]
				},
				"tudo": {
					"position": [0, 0, -105]
				},
				"bodyDragon": {
					"rotation": {
						"0.0": [0, -90, 0],
						"1.5": [0, -90, 0]
					}
				},
				"bodyDragon1": {
					"rotation": [0, 0.1, 0]
				},
				"bodyDragon1_2": {
					"rotation": [0, 0.1, 0]
				},
				"bodyDragon2": {
					"rotation": [0, 15, 0]
				},
				"bodyDragon3": {
					"rotation": [0, 15, 0]
				},
				"bodyDragon4": {
					"rotation": [0, 15, 0]
				},
				"bodyDragon5": {
					"rotation": [0, 15, 0]
				},
				"bodyDragon6": {
					"rotation": [0, 15, 0]
				},
				"bodyDragon7": {
					"rotation": [0, 15, 0]
				},
				"bodyDragon8": {
					"rotation": [0, 15, 0]
				},
				"bodyDragon9": {
					"rotation": [0, 15, 0]
				},
				"bodyDragon10": {
					"rotation": [0, 15, 0]
				},
				"bodyDragon11": {
					"rotation": [0, 15, 0]
				},
				"bodyDragon12": {
					"rotation": [0, 15, 0]
				},
				"bodyDragon13": {
					"rotation": [0, 15, 0]
				},
				"bodyDragon14": {
					"rotation": [0, 15, 0]
				},
				"bodyDragon15": {
					"rotation": [0, 15, 0]
				},
				"bodyDragon16": {
					"rotation": [0, 15, 0]
				},
				"bodyDragon17": {
					"rotation": [0, 15, 0]
				},
				"bodyDragon18": {
					"rotation": [0, 15, 0]
				},
				"bodyDragon20": {
					"rotation": [0, 15, 0]
				},
				"bodyDragon21": {
					"rotation": [0, 15, 0]
				},
				"bodyDragon22": {
					"rotation": [0, 17.5, 0]
				}
			}
		},
		"animation.dragon.kaifu.loop": {
			"animation_length": 1,
			"override_previous_animation": true,
			"bones": {
				"jaw2": {
					"rotation": [40, 0, 0]
				}
			},
			"particle_effects": {
				"0.0": {
					"effect": "dragon_kaifu_charge",
					"locator": "boro_breath"
				}
			}
		},
		"animation.dragon.kaifu.end": {
			"animation_length": 0.5,
			"override_previous_animation": true,
			"bones": {
				"jaw2": {
					"rotation": [65, 0, 0]
				},
				"headDragon": {
					"rotation": ["variable.is_first_person ? 0 : 0 + query.target_x_rotation", "variable.is_first_person ? 0 : query.target_y_rotation", 0]
				}
			},
			"particle_effects": {
				"0.0": {
					"effect": "shoot.default",
					"locator": "boro_breath"
				}
			}
		},
		"animation.dragon.boro_breath.loop": {
			"animation_length": 1,
			"override_previous_animation": true,
			"bones": {
				"jaw2": {
					"rotation": [40, 0, 0]
				}
			},
			"particle_effects": {
				"0.0": [
					{
						"effect": "dragon_boro_breath_charge",
						"locator": "boro_breath"
					},
					{
						"effect": "dragon_boro_breath_charge2",
						"locator": "boro_breath"
					},
					{
						"effect": "dragon_boro_breath_charge3",
						"locator": "boro_breath"
					}
				]
			}
		}
	}
}