{
	"format_version": "1.8.0",
	"animations": {
		"animation.dragon2": {
			"loop": true,
			"bones": {
				"root": {
					"scale": ["(q.is_in_ui || variable.is_first_person) ? 1.0 : 1.5", "(q.is_in_ui || variable.is_first_person) ? 1.0 : 1.5", "(q.is_in_ui || variable.is_first_person) ? 1.0 : 1.5"]
				},
				"head": {
					"scale": ["(q.is_in_ui || variable.is_first_person) ? 1.0 : 1.5", "(q.is_in_ui || variable.is_first_person) ? 1.0 : 1.5", "(q.is_in_ui || variable.is_first_person) ? 1.0 : 1.5"]
				},
				"mugiwara2": {
					"position": [0, 11, 0]
				},
				"capa": {
					"position": [0, 12, 0.75],
					"scale": ["(q.is_in_ui || variable.is_first_person) ? 1.0 : 1.75", "(q.is_in_ui || variable.is_first_person) ? 1.0 : 1.75", "(q.is_in_ui || variable.is_first_person) ? 1.0 : 1.75"]
				},
				"tail1": {
					"rotation": ["10 + math.sin(query.life_time * 125) * 10", "math.sin(query.life_time * 250) * 10", 0]
				},
				"tail2": {
					"rotation": ["10 + math.sin(query.life_time * 125) * 10", "math.sin(query.life_time * 250) * 10", 0]
				},
				"tail3": {
					"rotation": [10, "math.sin(query.life_time * 200) * 5", 0]
				},
				"tail4": {
					"rotation": [10, "math.sin(query.life_time * 200) * 5", 0]
				},
				"tail5": {
					"rotation": [10, "math.sin(query.life_time * 200) * 5", 0]
				},
				"rightForeArm": {
					"rotation": [-10, 0, -2.5]
				},
				"leftForeArm": {
					"rotation": [-10, 0, 2.5]
				},
				"tail": {
					"rotation": [-40, "math.sin(q.anim_time * 250) * 5", 0]
				},
				"rightLeg": {
					"rotation": [0, 2.5, 5]
				},
				"leftLeg": {
					"rotation": [0, -2.5, -5]
				},
				"rightForeLeg": {
					"rotation": [0, 0, -5]
				},
				"leftForeLeg": {
					"rotation": [0, 0, 5]
				}
			}
		},
		"animation.dragon2.default": {
			"loop": true,
			"bones": {
				"rightArm": {
					"rotation": [10, -2.5, "5 + math.cos(q.anim_time * 101) * -7.5"],
					"position": [-0.5, 0, 0]
				},
				"leftArm": {
					"rotation": [10, 2.5, "-5 + math.cos(q.anim_time * 101) * 7.5"],
					"position": [0.5, 0, 0]
				},
				"rightForeArm": {
					"rotation": [-10, 0, -2.5]
				},
				"leftForeArm": {
					"rotation": [-10, 0, 2.5]
				},
				"waist": {
					"rotation": ["2.5 + math.cos(q.anim_time * 101) * 2.5", 0, 0]
				}
			}
		},
		"animation.dragon2.combat": {
			"loop": true,
			"bones": {
				"rightArm": {
					"rotation": [-65, "-27.5 + math.cos(q.anim_time * 150) * 2.5", 15],
					"position": [-0.5, 0, 0]
				},
				"leftArm": {
					"rotation": [-65, "27.5 + math.cos(q.anim_time * 150) * -2.5", -15],
					"position": [0.5, 0, 0]
				},
				"rightForeArm": {
					"rotation": [-75, 0, -2.5]
				},
				"leftForeArm": {
					"rotation": [-75, 0, 2.5]
				},
				"waist": {
					"rotation": ["1.25 + math.cos(q.anim_time * 150) * 1.25", -10, 0]
				}
			}
		},
		"animation.dragon2.attack1": {
			"loop": "hold_on_last_frame",
			"animation_length": 0.3,
			"bones": {
				"rightArm": {
					"rotation": [-65, -27.5, 15],
					"position": [-0.5, 0, 0]
				},
				"leftArm": {
					"rotation": {
						"0.0": [-65, "27.5 + math.cos(q.anim_time * 150) * -2.5", -15],
						"0.2": [-69.92439, "0.1818 + math.cos(q.anim_time * 150) * -2.5", -48.34351]
					},
					"position": [0.5, 0, 0]
				},
				"rightForeArm": {
					"rotation": [-75, 0, -2.5]
				},
				"leftForeArm": {
					"rotation": {
						"0.0": [-75, 0, 2.5],
						"0.2": [-12.5, 0, 2.5]
					}
				},
				"waist": {
					"rotation": {
						"0.0": [1.25, -10, 0],
						"0.2": [10, 22.5, 2.5]
					}
				},
				"rightLeg" : {
					"rotation" : [ "variable.tcos0", 0.0, 0.0 ]
				},
				"leftLeg" : {
					"rotation" : [ "-variable.tcos0", 0.0, 0.0 ]
				}
			}
		},
		"animation.dragon2.attack2": {
			"loop": "hold_on_last_frame",
			"animation_length": 0.3,
			"bones": {
				"rightArm": {
					"rotation": {
						"0.0": [-65, -27.5, 15],
						"0.2": [-70, 0, 50]
					},
					"position": [-0.5, 0, 0]
				},
				"leftArm": {
					"rotation": {
						"0.0": [-70, "0 + math.cos(q.anim_time * 150) * -2.5", -50],
						"0.2": [-65, "27.5 + math.cos(q.anim_time * 150) * -2.5", -15]
					},
					"position": [0.5, 0, 0]
				},
				"rightForeArm": {
					"rotation": {
						"0.0": [-75, 0, -2.5],
						"0.2": [-12.5, 0, -2.5]
					}
				},
				"leftForeArm": {
					"rotation": {
						"0.0": [-12.5, 0, 2.5],
						"0.2": [-75, 0, 2.5]
					}
				},
				"waist": {
					"rotation": {
						"0.0": [10, 22.5, 2.5],
						"0.2": [10, -22.5, 2.5]
					}
				},
				"rightLeg" : {
					"rotation" : [ "variable.tcos0", 0.0, 0.0 ]
				},
				"leftLeg" : {
					"rotation" : [ "-variable.tcos0", 0.0, 0.0 ]
				}
			}
		},
		"animation.dragon2.tatsumaki.end": {
			"loop": "hold_on_last_frame",
			"animation_length": 1,
			"override_previous_animation": true,
			"bones": {
				"waist": {
					"rotation": {
						"0.0": [0, 0, 0],
						"0.125": [0, 0, 0],
						"0.25": [0, 0, 0],
						"0.5": [10, 0, 0],
						"0.75": [10, 0, 0],
						"1.0": [0, 0, 0]
					},
					"position": {
						"0.0": [0, 0, 0],
						"0.25": [0, 0, 1]
					}
				},
				"body": {
					"rotation": {
						"0.4583": [0, 0, 0],
						"0.5": [0, 2.5, 0],
						"0.5417": [0, -2.5, 0],
						"0.5833": [0, 2.5, 0],
						"0.625": [0, -2.5, 0],
						"0.6667": [0, 2.5, 0],
						"0.7083": [0, -2.5, 0],
						"0.75": [0, 2.5, 0]
					}
				},
				"head": {
					"rotation": {
						"0.0": [0, 0, 0],
						"0.25": [-17.5, 0, 0],
						"0.5": [-5, 0, 0],
						"0.75": [-5, 0, 0],
						"1.0": [0, 0, 0]
					}
				},
				"rightArm": {
					"rotation": {
						"0.0": [0, 0, 0],
						"0.25": [-35, -15, 17.5],
						"0.5": [25, -15, 17.5],
						"0.75": [32.5, -15, 17.5],
						"1.0": [0, 0, 0]
					}
				},
				"rightForeArm": {
					"rotation": {
						"0.0": [0, 0, 0],
						"0.25": [-45, 0, 0],
						"0.5": [-12.5, 0, 0],
						"1.0": [0, 0, 0]
					}
				},
				"leftArm": {
					"rotation": {
						"0.0": [0, 0, 0],
						"0.25": [-35, 15, -17.5],
						"0.5": [25, 15, -17.5],
						"0.75": [32.5, 15, -17.5],
						"1.0": [0, 0, 0]
					}
				},
				"leftForeArm": {
					"rotation": {
						"0.0": [0, 0, 0],
						"0.25": [-45, 0, 0],
						"0.5": [-15, 0, 0],
						"1.0": [0, 0, 0]
					}
				},
				"rightLeg": {
					"rotation": {
						"0.0": [0, 0, 0],
						"0.125": [-7.5, 17.5, 5],
						"0.25": [-7.5, 17.5, 5],
						"0.5": [-2.5, 17.5, 5],
						"0.75": [-2.5, 17.5, 5],
						"1.0": [0, 0, 0]
					},
					"position": {
						"0.0": [0, 0, 0],
						"0.25": [0, -0.5, 0]
					}
				},
				"rightForeLeg": {
					"rotation": {
						"0.0": [0, 0, 0],
						"0.25": [15, 0, 0],
						"0.75": [15, 0, 0],
						"1.0": [0, 0, 0]
					}
				},
				"leftLeg": {
					"rotation": {
						"0.0": [0, 0, 0],
						"0.125": [-7.5, -17.5, -5],
						"0.25": [-7.5, -17.5, -5],
						"0.5": [-2.5, -17.5, -5],
						"0.75": [-2.5, -17.5, -5],
						"1.0": [0, 0, 0]
					},
					"position": {
						"0.0": [0, 0, 0],
						"0.25": [0, -0.5, 0]
					}
				},
				"leftForeLeg": {
					"rotation": {
						"0.0": [0, 0, 0],
						"0.25": [15, 0, 0],
						"0.75": [15, 0, 0],
						"1.0": [0, 0, 0]
					}
				}
			}
		},
		"animation.dragon2.kaifu.loop": {
			"loop": true,
			"animation_length": 0.5,
			"override_previous_animation": true,
			"bones": {
				"mugiwara2": {
					"position": [0, 11, 0]
				},
				"capa": {
					"position": [0, 11.5, 0],
					"scale": 1.65
				},
				"weapon5": {
					"position": [-9, 15, -3]
				},
				"rightArm": {
					"rotation": [10, -2.5, 10],
					"position": [-0.5, 0, 0]
				},
				"leftArm": {
					"rotation": [10, 2.5, -10],
					"position": [0.5, 0, 0]
				},
				"rightForeArm": {
					"rotation": [-10, 0, -2.5]
				},
				"leftForeArm": {
					"rotation": [-10, 0, 2.5]
				},
				"waist": {
					"rotation": [-5, 0, 0]
				}
			},
			"particle_effects": {
				"0.0417": [
				    {
				        "effect": "dragon_kaifu_charge",
				        "locator": "boro_breath2"
				    }
				]
			}
		},
		"animation.dragon2.boro_breath.start": {
			"loop": "hold_on_last_frame",
			"animation_length": 0.5,
			"override_previous_animation": true,
			"bones": {
				"mugiwara2": {
					"position": [0, 11, 0]
				},
				"capa": {
					"position": [0, 11.5, 0],
					"scale": 1.65
				},
				"weapon5": {
					"position": [-9, 15, -3]
				},
				"rightArm": {
					"rotation": {
						"0.0": [10, -2.5, 2.5],
						"0.125": [10, -2.5, 10]
					},
					"position": [-0.5, 0, 0]
				},
				"leftArm": {
					"rotation": {
						"0.0": [10, 2.5, -2.5],
						"0.125": [10, 2.5, -10]
					},
					"position": [0.5, 0, 0]
				},
				"rightForeArm": {
					"rotation": [-10, 0, -2.5]
				},
				"leftForeArm": {
					"rotation": [-10, 0, 2.5]
				},
				"waist": {
					"rotation": {
						"0.0": [0, 0, 0],
						"0.125": [-5, 0, 0]
					}
				}
			},
			"particle_effects": {
				"0.0417": [
				    {
				        "effect": "dragon_boro_breath_charge",
				        "locator": "boro_breath2"
				    },
				    {
				        "effect": "dragon_boro_breath_charge2",
				        "locator": "boro_breath2"
				    },
				    {
				        "effect": "dragon_boro_breath_charge3",
				        "locator": "boro_breath2"
				    }
				]
			}
		},
		"animation.dragon2.boro_breath.loop": {
			"loop": true,
			"animation_length": 0.5,
			"override_previous_animation": true,
			"bones": {
				"mugiwara2": {
					"position": [0, 11, 0]
				},
				"capa": {
					"position": [0, 11.5, 0],
					"scale": 1.65
				},
				"weapon5": {
					"position": [-9, 15, -3]
				},
				"rightArm": {
					"rotation": [10, -2.5, 10],
					"position": [-0.5, 0, 0]
				},
				"leftArm": {
					"rotation": [10, 2.5, -10],
					"position": [0.5, 0, 0]
				},
				"rightForeArm": {
					"rotation": [-10, 0, -2.5]
				},
				"leftForeArm": {
					"rotation": [-10, 0, 2.5]
				},
				"waist": {
					"rotation": [-5, 0, 0]
				}
			},
			"particle_effects": {
				"0.0417": [
				    {
				        "effect": "dragon_boro_breath_charge",
				        "locator": "boro_breath2"
				    },
				    {
				        "effect": "dragon_boro_breath_charge2",
				        "locator": "boro_breath2"
				    },
				    {
				        "effect": "dragon_boro_breath_charge3",
				        "locator": "boro_breath2"
				    }
				]
			}
		},
		"animation.dragon2.boro_breath.end": {
			"loop": "hold_on_last_frame",
			"animation_length": 0.5,
			"override_previous_animation": true,
			"bones": {
				"mugiwara2": {
					"position": [0, 11, 0]
				},
				"capa": {
					"position": [0, 11.5, 0],
					"scale": 1.65
				},
				"weapon5": {
					"position": [-9, 15, -3]
				},
				"rightArm": {
					"rotation": {
						"0.0": [10, -2.5, 10],
						"0.125": [30, -2.5, 20]
					},
					"position": [-0.5, 0, 0]
				},
				"leftArm": {
					"rotation": {
						"0.0": [10, 2.5, -10],
						"0.125": [30, 2.5, -20]
					},
					"position": [0.5, 0, 0]
				},
				"rightForeArm": {
					"rotation": [-10, 0, -2.5]
				},
				"leftForeArm": {
					"rotation": [-10, 0, 2.5]
				},
				"waist": {
					"rotation": {
						"0.0": [-5, 0, 0],
						"0.125": [15, 0, 0]
					}
				}
			},
			"particle_effects": {
				"0.0417": [
				    {
				        "effect": "dragon_boro_breath_charge",
				        "locator": "boro_breath2"
				    },
				    {
				        "effect": "dragon_boro_breath_charge2",
				        "locator": "boro_breath2"
				    },
				    {
				        "effect": "dragon_boro_breath_charge3",
				        "locator": "boro_breath2"
				    }
				]
			}
		}
	}
}