{
	"format_version": "1.8.0",
	"animations": {
		"animation.gear_fourth_bound.first_person": {
			"loop": true,
			"bones": {
				"root": {
					"rotation": ["q.target_x_rotation", "-180 + q.target_y_rotation", 0]
				}
			}
		},
		"animation.gear_fourth_bound.start": {
			"loop": "hold_on_last_frame",
			"animation_length": 10000,
			"override_previous_animation": true,
			"bones": {
				"waist": {
					"rotation": {
						"0.0": ["variable.is_first_person ? -165 : -15", 0, 0],
						"0.0833": ["variable.is_first_person ? -165 : -15", 0, 0],
						"0.25": ["variable.is_first_person ? -177.5 : -2.5", "variable.is_first_person ? -170 : -10", 0]
					},
					"scale": {
						"0.75": [1, 1, 1],
						"1.0": [1.75, 1.75, 1.75]
					}
				},
				"rightArm": {
					"rotation": {
						"0.0": [0, 0, 15],
						"0.25": [0, 0, 110],
						"0.75": [0, 0, 110],
						"1.0": [-85, -5, 90]
					},
					"position": {
						"0.0": [0, 0, 0],
						"0.25": [-1, 0, 0],
						"0.75": [-1, 0, 0],
						"1.0": [-1, -1, 0]
					}
				},
				"leftArm": {
					"rotation": {
						"0.75": [90, 130, 0],
						"1.0": [90, 110, 0]
					},
					"position": {
						"0.75": [1, 0, -1.5],
						"1.0": [1, 0, 0.5]
					}
				},
				"rightLeg": {
					"rotation": {
						"0.0": [0, 0, 5],
						"0.0833": [0, 0, 5]
					}
				},
				"leftLeg": {
					"rotation": {
						"0.0": [0, 0, -5],
						"0.0833": [0, 0, -5],
						"0.25": [-2.5, 0, -5]
					}
				},
				"rightForeArm": {
					"scale": {
						"0.75": [1, 1, 1],
						"1.0": [1.25, 1.75, 1.25]
					}
				},
				"leftForeArm": {
					"rotation": {
						"0.0": [0, 0, -140],
						"0.25": [0, 0, -135],
						"0.75": [0, 0, -142.5],
						"1.0": [0, 0, -82.5]
					},
					"position": {
						"0.0": [1.5, -1, 0],
						"0.25": [1.5, -1, 0],
						"0.75": [-11.5, -39.5, 1.5],
						"1.0": [-1, -1.5, 0]
					},
					"scale": {
						"0.25": [1, 1.7, 1],
						"0.75": [5, 8, 5],
						"1.0": [1.25, 1.25, 1.25]
					}
				}
			}
		},
		"animation.gear_fourth_bound.attack.look": {
			"loop": "hold_on_last_frame",
			"animation_length": 0.5,
			"override_previous_animation": true,
			"bones": {
				"headGear4" : {
					"relative_to" : {
						"rotation" : "entity"
					},
					"rotation" : [ "query.target_x_rotation", "query.target_y_rotation", 0.0 ]
				}
			}
		},
		"animation.gear_fourth_bound.attack": {
			"loop": "hold_on_last_frame",
			"animation_length": 0.5,
			"override_previous_animation": true,
			"bones": {
				"waistGear4": {
					"rotation": {
						"0.0": [0, -22.5, 0],
						"0.0833": [0, 65, 0],
						"0.375": [0, 65, 0],
						"0.5": [0, -22.5, 0]
					},
					"position": [0, "variable.is_first_person ? -14 : 0", 0]
				},
				"rightLegGear4": {
					"rotation": {
						"0.0": [-47.5, 20, 2.5],
						"0.0833": [-47.5, 80, 2.5],
						"0.375": [-47.5, 80, 2.5],
						"0.5": [-47.5, 20, 2.5]
					},
					"position": {
						"0.0": [0, 0, 0],
						"0.0833": [0.5, 0, 2.5],
						"0.375": [0.5, 0, 2.5],
						"0.5": [0, 0, 0]
					}
				},
				"rightLegGear4_2": {
					"rotation": [70, 0, 0]
				},
				"leftLegGear4": {
					"rotation": {
						"0.0": [-47.5, -20, -2.5],
						"0.0833": [-47.5, 45, -2.5],
						"0.375": [-47.5, 45, -2.5],
						"0.5": [-47.5, -20, -2.5]
					},
					"position": {
						"0.0": [0, 0, 0],
						"0.0833": [-2, 0, -3],
						"0.375": [-2, 0, -3],
						"0.5": [0, 0, 0]
					}
				},
				"leftLegGear4_2": {
					"rotation": [70, 0, 0]
				},
				"rightArmGear4": {
					"rotation": {
						"0.0": [-87.5, 22.5, 5],
						"0.0833": [-90, 45, 0],
						"0.375": [-90, 45, 0],
						"0.5": [-87.5, 22.5, 5]
					},
					"position": {
						"0.0": [2, -1, 0],
						"0.0833": [0.5, 0, -4.5],
						"0.375": [0.5, 0, -4.5],
						"0.5": [2, -1, 0]
					}
				},
				"leftArmGear4": {
					"rotation": {
						"0.0": [-105, -90, 0],
						"0.0833": ["q.target_x_rotation + -80", "q.target_y_rotation + -65", 0],
						"0.375": ["q.target_x_rotation + -80", "q.target_y_rotation + -65", 0],
						"0.5": [-105, -90, 0]
					},
					"position": {
						"0.0": [-1, 2.5, 0],
						"0.0833": [-3, 0, -2],
						"0.375": [-3, 0, -2],
						"0.5": [-1, 2.5, 0]
					}
				},
				"rightFingerGear4": {
					"position": {
						"0.0": [0, 2, 0],
						"0.0833": [0, 0, 0],
						"0.375": [0, 0, 0],
						"0.5": [0, 2, 0]
					}
				},
				"leftArmGear4_5": {
					"rotation": {
						"0.0": [0, 0, 30],
						"0.0833": [0, 90, 0],
						"0.375": [0, 90, 0],
						"0.5": [0, 0, 30]
					},
					"scale": {
						"0.0": [1, 1, 1],
						"0.1667": [1, 3, 1],
						"0.375": [1, 2, 1],
						"0.5": [1, 1, 1]
					}
				},
				"rightArmGear4_2": {
					"rotation": {
						"0.0": [0, 0, 0],
						"0.0833": [0, 0, -95],
						"0.375": [0, 0, -95],
						"0.5": [0, 0, 0]
					},
					"position": {
						"0.0": [0, 0, 0],
						"0.0833": [0, 0, 0],
						"0.375": [0, 0, 0],
						"0.5": [0, 0, 0]
					}
				},
				"rightArmGear4_3": {
					"rotation": [0, 0, 0]
				},
				"rightFingerGear4_1": {
					"rotation": {
						"0.0": [0, 0, 90],
						"0.0833": [0, 0, -87.5],
						"0.375": [0, 0, -87.5],
						"0.5": [0, 0, 90]
					},
					"position": {
						"0.0": [0, 2.5, 0],
						"0.0833": [0, 0, 0],
						"0.375": [0, 0, 0],
						"0.5": [0, 2.5, 0]
					}
				},
				"rightFingerGear_2": {
					"rotation": {
						"0.0": [0, -90, 90],
						"0.0833": [0, 0, -12.5],
						"0.375": [0, 0, -12.5],
						"0.5": [0, -90, 90]
					},
					"position": {
						"0.0": [0, -4, 0],
						"0.0833": [0, 0, 0],
						"0.375": [0, 0, 0],
						"0.5": [0, -4, 0]
					}
				},
				"leftArmGear4_2": {
					"rotation": {
						"0.0": [0, 0, 90],
						"0.0833": [0, 0, 0],
						"0.375": [0, 0, 0],
						"0.5": [0, 0, 90]
					}
				},
				"rightArmGear4_5": {
					"rotation": [0, 180, 0],
					"position": [0, 0, 0]
				},
				"leftFingerGear4": {
					"scale": {
						"0.0": [1, 1, 1],
						"0.375": [1, 0.5, 1],
						"0.5": [1, 1, 1]
					}
				},
				"leftFingerGear4_1": {
					"rotation": [0, 0, 87.5]
				},
				"leftFingerGear_2": {
					"rotation": [0, 0, 12.5]
				}
			}
		},
		"animation.gear_fourth_bound.default": {
			"loop": true,
			"bones": {
				"waistGear4": {
					"rotation": [0, -22.5, 0],
					"position": [0, "variable.is_first_person ? -14 : 0", 0]
				},
				"rightArmGear4": {
					"rotation": [-87.5, 22.5, 5],
					"position": [2, -1, 0]
				},
				"leftArmGear4": {
					"rotation": [-105, -90, 0],
					"position": [-1, 2.5, 0]
				},
				"leftArmGear4_3": {
					"rotation": [0, 0, 0]
				},
				"rightArmGear4_3": {
					"rotation": [0, 0, 0]
				},
				"rightFingerGear4_1": {
					"rotation": [0, 0, 90],
					"position": [0, 2.5, 0]
				},
				"rightFingerGear_2": {
					"rotation": [90, -90, 0],
					"position": [0, -4, 0]
				},
				"leftArmGear4_5": {
					"rotation": [0, 0, 30]
				},
				"leftArmGear4_2": {
					"rotation": [0, 0, 90]
				},
				"rightFingerGear4": {
					"position": [0, 2, 0]
				},
				"rightArmGear4_4": {
					"rotation": [0, 0, 0]
				},
				"rightArmGear4_5": {
					"rotation": [0, 180, 0]
				},
				"leftFingerGear4_1": {
					"rotation": [0, 0, 87.5]
				},
				"leftFingerGear_2": {
					"rotation": [0, 0, 12.5]
				}
			}
		},
		"animation.gear_fourth_bound.fly_move": {
			"loop": true,
			"bones": {
				"root": {
					"rotation": ["q.target_x_rotation", "q.target_y_rotation", 0]
				},
				"gearfourth": {
					"rotation": [90, 0, 0],
					"position": [0, -12, -3]
				},
				"leftLegGear4_2": {
					"scale": 0
				},
				"rightLegGear4_2": {
					"scale": 0
				}
			}
		},
		"animation.gear_fourth_bound.fly_move.arms": {
			"loop": true,
			"bones": {
				"rightArmGear4": {
					"rotation": [-90, 90, 0]
				},
				"rightFingerGear4_1": {
					"rotation": [0, 0, 45]
				},
				"rightFingerGear_2": {
					"rotation": [0, 0, 22.5]
				},
				"leftArmGear4": {
					"rotation": [-90, -90, 0]
				},
				"leftFingerGear4_1": {
					"rotation": [0, 0, -45],
					"position": [0, 2.5, 0]
				},
				"leftFingerGear_2": {
					"rotation": [0, 0, -22.5]
				}
			}
		},
		"animation.gear_fourth_bound.fly_move.particle": {
			"loop": true,
			"animation_length": 0.2,
			"particle_effects": {
				"0.0": [
					{
						"effect": "gear4_jump",
						"locator": "gear4rightjump"
					},
					{
						"effect": "gear4_jump",
						"locator": "gear4leftjump"
					}
				]
			}
		},
		"animation.gear_fourth_bound.fly_stop": {
			"loop": true,
			"bones": {
				"rightLegGear4": {
					"rotation": [-47.5, 20, 2.5]
				},
				"rightLegGear4_2": {
					"rotation": [70, 0, 0]
				},
				"leftLegGear4": {
					"rotation": [-47.5, -20, -2.5]
				},
				"leftLegGear4_2": {
					"rotation": [70, 0, 0]
				}
			}
		},
		"animation.gear_fourth_bound.fly_stop.arms": {
			"loop": true,
			"bones": {
				"waistGear4": {
					"rotation": [0, "variable.is_first_person ? -180 : 0", 0],
					"position": [0, "variable.is_first_person ? -14 : 0", "variable.is_first_person ? 2 : 0"]
				},
				"rightArmGear4": {
					"rotation": [10, -2.5, "15 + math.sin(q.anim_time * 150) * 7.5"]
				},
				"rightArmGear4_2": {
					"rotation": [-17.5, 0, 0]
				},
				"leftArmGear4": {
					"rotation": [10, 2.5, "-15 + math.sin(q.anim_time * 150) * -7.5"],
					"scale": 1
				},
				"leftArmGear4_3": {
					"rotation": [-17.5, 0, 0]
				},
				"rightFingerGear4_1": {
					"rotation": [0, 0, -87.5]
				},
				"rightFingerGear_2": {
					"rotation": [0, 0, -12.5]
				},
				"leftFingerGear4_1": {
					"rotation": [0, 0, 87.5]
				},
				"leftFingerGear_2": {
					"rotation": [0, 0, 12.5]
				}
			}
		},
		"animation.gear_fourth_bound.fly_stop.particle": {
			"animation_length": 0.1,
			"particle_effects": {
				"0.2083": [
					{
						"effect": "gear4_jump",
						"locator": "gear4rightjump"
					},
					{
						"effect": "gear4_jump",
						"locator": "gear4leftjump"
					}
				]
			}
		},
		"animation.gear_fourth_bound.jump": {
			"loop": true,
			"animation_length": 1.4,
			"bones": {
				"root2": {
					"position": {
						"0.0": [0, "q.is_on_ground && q.property('wesl3y:skill') != 2 ? 0 : 0", 0],
						"0.2": [0, "q.is_on_ground && q.property('wesl3y:skill') != 2 ? 4 : 0", 0],
						"1.3": [0, "q.is_on_ground && q.property('wesl3y:skill') != 2 ? 6 : 0", 0],
						"1.4": [0, "q.is_on_ground && q.property('wesl3y:skill') != 2 ? 0 : 0", 0]
					}
				},
				"rightLegGear4": {
					"rotation": {
						"0.0": [-47.5, 20, 2.5],
						"0.2": [-17.5, 20, 2.5],
						"0.4": [-47.5, 20, 2.5]
					}
				},
				"rightLegGear4_2": {
					"rotation": {
						"0.0": [70, 0, 0],
						"0.2": [40, 0, 0],
						"0.4": [70, 0, 0]
					}
				},
				"leftLegGear4": {
					"rotation": {
						"0.0": [-47.5, -20, -2.5],
						"0.2": [-17.5, -20, -2.5],
						"0.4": [-47.5, -20, -2.5]
					}
				},
				"leftLegGear4_2": {
					"rotation": {
						"0.0": [70, 0, 0],
						"0.2": [40, 0, 0],
						"0.4": [70, 0, 0]
					}
				}
			}
		},
		"animation.gear_fourth_bound.culverin.start": {
			"loop": "hold_on_last_frame",
			"animation_length": 10000,
			"override_previous_animation": true,
			"bones": {
				"waistGear4": {
					"rotation": {
						"0.0": [0, "q.is_riding && variable.is_third_person ? 0 : -22.5", 0],
						"0.1667": [0, "q.is_riding && variable.is_third_person ? 0 : -27.5", 0]
					},
					"position": [0, "variable.is_first_person ? -14 : 0", 0]
				},
				"armsGear4": {
					"rotation": ["variable.is_first_person ? 0 : (q.is_riding ? -90 : q.target_x_rotation)", 0, 0]
				},
				"rightArmGear4": {
					"rotation": {
						"0.0": [-87.5, 22.5, 5],
						"0.1667": [-92.5, 22.5, 5]
					},
					"position": [2, -1, 0]
				},
				"leftArmGear4": {
					"rotation": [-105, -90, 0],
					"position": [-1, 2.5, 0]
				},
				"leftArmGear4_3": {
					"rotation": [0, 0, 0],
					"position": [0, 0, 0]
				},
				"rightArmGear4_3": {
					"rotation": [0, 0, 0]
				},
				"rightFingerGear4": {
					"position": [0, 2, 0]
				},
				"rightFingerGear4_1": {
					"rotation": [0, 0, 90],
					"position": [0, 2.5, 0]
				},
				"rightFingerGear_2": {
					"rotation": [0, -90, 90],
					"position": [0, -4, 0]
				},
				"leftArmGear4_5": {
					"rotation": [0, 0, 30],
					"scale": {
						"0.0": [1, 1, 1],
						"0.1667": [1.25, 0.75, 1.25]
					}
				},
				"leftArmGear4_2": {
					"rotation": [0, 0, 90]
				},
				"rightArmGear4_5": {
					"rotation": [0, 180, 0]
				},
				"leftFingerGear4_1": {
					"rotation": [0, 0, 87.5]
				},
				"leftFingerGear_2": {
					"rotation": [0, 0, 12.5]
				},
				"rightLegGear4": {
					"rotation": ["q.is_riding ? 0 : -47.5", "q.is_riding ? 0 : 20", "q.is_riding ? 0 : 2.5"]
				},
				"rightLegGear4_2": {
					"rotation": ["q.is_riding ? 0 : 70", 0, 0]
				},
				"leftLegGear4": {
					"rotation": ["q.is_riding ? 0 : -47.5", "q.is_riding ? 0 : -20", "q.is_riding ? 0 : -2.5"]
				},
				"leftLegGear4_2": {
					"rotation": ["q.is_riding ? 0 : 70", 0, 0]
				}
			}
		},
		"animation.gear_fourth_bound.culverin.end": {
			"loop": "hold_on_last_frame",
			"animation_length": 0.7083,
			"override_previous_animation": true,
			"bones": {
				"waistGear4": {
					"rotation": {
						"0.0": [0, "q.is_riding && variable.is_third_person ? 0 : -27.5", 0],
						"0.0833": [0, "q.is_riding && variable.is_third_person ? 0 : 55", 0],
						"0.625": [0, "q.is_riding && variable.is_third_person ? 0 : 55", 0],
						"0.7083": [0, "q.is_riding && variable.is_third_person ? 0 : -27.5", 0]
					},
					"position": [0, "variable.is_first_person ? -14 : 0", 0]
				},
				"rightArmGear4": {
					"rotation": {
						"0.0": [-87.5, 22.5, 5],
						"0.0833": [-90, 45, 0],
						"0.625": [-90, 45, 0],
						"0.7083": [-87.5, 22.5, 5]
					},
					"position": {
						"0.0": [2, 0, 0],
						"0.0833": [0.5, 0, -4.5],
						"0.625": [0.5, 0, -4.5],
						"0.7083": [2, 0, 0]
					}
				},
				"armsGear4": {
					"rotation": ["variable.is_first_person ? 0 : (q.is_riding ? -90 : 0)", 0, 0]
				},
				"leftArmGear4": {
					"rotation": {
						"0.0": [-105, -90, 0],
						"0.0833": ["variable.is_first_person ? -90 : (q.is_riding ? -90 : q.target_x_rotation + -90)", "q.is_riding && variable.is_third_person ? 0 : -55", 0],
						"0.625": ["variable.is_first_person ? -90 : (q.is_riding ? -90 : q.target_x_rotation + -90)", "q.is_riding && variable.is_third_person ? 0 : -55", 0],
						"0.7083": [-105, -90, 0]
					},
					"position": {
						"0.0": [-1, 2.5, 0],
						"0.0833": [-3, 0, -2],
						"0.625": [-3, 0, -2],
						"0.7083": [-1, 2.5, 0]
					}
				},
				"leftArmGear4_3": {
					"rotation": {
						"0.0": [0, 0, 0],
						"0.0833": [0, 90, 0],
						"0.625": [0, 90, 0],
						"0.6667": [0, 0, 0]
					},
					"position": {
						"0.0833": [0, 0, 0],
						"0.125": [0, 8, 0],
						"0.625": [0, 8, 0],
						"0.6667": [0, 0, 0]
					}
				},
				"rightArmGear4_3": {
					"rotation": [0, 0, 0]
				},
				"leftArmGear4_5": {
					"rotation": {
						"0.0": [0, 0, 30],
						"0.0833": [0, 0, 0],
						"0.125": [-17.5, 0, -17.5],
						"0.2083": [12.08681, 3.21132, 5.34007],
						"0.3333": [-0.41319, 3.21132, 5.34007],
						"0.625": [12.08681, 3.21132, 5.34007],
						"0.6667": [0, 0, 30]
					},
					"position": {
						"0.0833": [0, 0, 0],
						"0.125": [-16.3, -102.45, -23.2],
						"0.1667": [-4, -153.5, -8],
						"0.2083": [2, -203.75, 10.5],
						"0.3333": [-17, -276.25, -6],
						"0.5417": [-17, -276.25, -6],
						"0.5833": [2, -203.75, 10.5],
						"0.625": [-16.3, -102.45, -23.2],
						"0.6667": [0, 0, 0]
					},
					"scale": {
						"0.0": [1, 1, 1],
						"0.0833": [1, 1, 1],
						"0.125": [0, 0, 0],
						"0.1667": [0, 0, 0],
						"0.2083": [0, 0, 0],
						"0.3333": [1.25, 1.25, 1.25],
						"0.5417": [1.25, 1.25, 1.25],
						"0.625": [0, 0, 0],
						"0.6667": [1, 1, 1]
					}
				},
				"rightArmGear4_2": {
					"rotation": {
						"0.0": [0, 0, 0],
						"0.0833": [0, 0, -95],
						"0.625": [0, 0, -95],
						"0.7083": [0, 0, 0]
					},
					"position": {
						"0.0": [0, 0, 0],
						"0.0833": [0, 0, 0],
						"0.625": [0, 0, 0],
						"0.7083": [0, 0, 0]
					}
				},
				"culverin1": {
					"rotation": {
						"0.0833": [0, 0, 0],
						"0.125": [-12.5, -5, 10]
					},
					"position": {
						"0.0833": [0, 0, 0],
						"0.125": [0, -8, 0]
					},
					"scale": {
						"0.0833": [1, 1, 1],
						"0.125": [1, 10, 1],
						"0.625": [1, 10, 1],
						"0.6667": [1, 0, 1]
					}
				},
				"culverin2": {
					"rotation": {
						"0.0833": [0, 0, 0],
						"0.125": [12.71946, 4.28588, -8.00535],
						"0.2083": [17.71946, 4.28588, -8.00535]
					},
					"position": {
						"0.0833": [0, 0, 0],
						"0.125": [-16, -113, -23.5]
					},
					"scale": {
						"0.125": [1, 0, 1],
						"0.2083": [1, 10, 1],
						"0.5833": [1, 10, 1],
						"0.625": [1, 0, 1],
						"0.6667": [0, 0, 0]
					}
				},
				"culverin3": {
					"rotation": {
						"0.1667": [-17.5, 0, -17.5],
						"0.2083": [-9.91258, 4.53652, 12.73916],
						"0.3333": [-12.41258, 4.53652, 12.73916]
					},
					"position": {
						"0.0833": [0, 0, 0],
						"0.125": [-6.5, -54.5, 12.5],
						"0.2083": [1.5, -213, 10]
					},
					"scale": {
						"0.1667": [0, 0, 0],
						"0.2083": [1, 0, 1],
						"0.3333": [1, 7, 1],
						"0.5417": [1, 7, 1],
						"0.5833": [1, 0, 1],
						"0.625": [0, 0, 0]
					}
				},
				"rightFingerGear4_1": {
					"rotation": {
						"0.0": [0, 0, 90],
						"0.0833": [0, 0, -87.5],
						"0.625": [0, 0, -87.5],
						"0.7083": [0, 0, 90]
					},
					"position": {
						"0.0": [0, 2.5, 0],
						"0.0833": [0, 0, 0],
						"0.625": [0, 0, 0],
						"0.7083": [0, 2.5, 0]
					}
				},
				"rightFingerGear_2": {
					"rotation": {
						"0.0": [0, -90, 90],
						"0.0833": [0, 0, -12.5],
						"0.625": [0, 0, -12.5],
						"0.7083": [0, -90, 90]
					},
					"position": {
						"0.0": [0, -4, 0],
						"0.0833": [0, 0, 0],
						"0.625": [0, 0, 0],
						"0.7083": [0, -4, 0]
					}
				},
				"leftArmGear4_2": {
					"rotation": {
						"0.0": [0, 0, 90],
						"0.0833": [0, 0, 0],
						"0.625": [0, 0, 0],
						"0.7083": [0, 0, 90]
					}
				},
				"leftArmGear4_4": {
					"scale": {
						"0.0417": [1, 1, 1],
						"0.0833": [1, 0, 1],
						"0.625": [1, 0, 1],
						"0.6667": [1, 1, 1]
					}
				},
				"rightFingerGear4": {
					"position": {
						"0.0": [0, 2, 0],
						"0.0833": [0, 0, 0],
						"0.625": [0, 0, 0],
						"0.7083": [0, 2, 0]
					}
				},
				"rightArmGear4_5": {
					"rotation": [0, 180, 0]
				},
				"leftFingerGear4_1": {
					"rotation": [0, 0, 87.5]
				},
				"leftFingerGear_2": {
					"rotation": [0, 0, 12.5]
				},
				"rightLegGear4": {
					"rotation": ["q.is_riding ? 0 : -47.5", "q.is_riding ? 0 : 20", "q.is_riding ? 0 : 2.5"]
				},
				"rightLegGear4_2": {
					"rotation": ["q.is_riding ? 0 : 70", 0, 0]
				},
				"leftLegGear4": {
					"rotation": ["q.is_riding ? 0 : -47.5", "q.is_riding ? 0 : -20", "q.is_riding ? 0 : -2.5"]
				},
				"leftLegGear4_2": {
					"rotation": ["q.is_riding ? 0 : 70", 0, 0]
				}
			},
			"particle_effects": {
				"0.0833": {
					"effect": "gear4_culverin",
					"locator": "culverin"
				},
				"0.1667": {
					"effect": "gear4_culverin",
					"locator": "culverin2"
				},
				"0.25": {
					"effect": "gear4_culverin",
					"locator": "culverin3"
				}
			}
		},
		"animation.gear_fourth_bound.rino_schneider.start": {
			"loop": "hold_on_last_frame",
			"animation_length": 10000,
			"override_previous_animation": true,
			"bones": {
				"root": {
					"rotation": ["q.target_x_rotation", "q.target_y_rotation", 0],
					"position": {
						"0.0": [0, 24, 0],
						"0.3333": [0, 24, 4]
					}
				},
				"gearfourth": {
					"rotation": [-90, 0, 90],
					"position": [0, -16, 0]
				},
				"waistGear4": {
					"rotation": [0.01, 0, 0]
				},
				"head": {
					"rotation": [10, 0, 0]
				},
				"rightArmGear4": {
					"rotation": {
						"0.0": [15, -10, 15],
						"0.3333": [20, -15, 25]
					}
				},
				"rightArmGear4_2": {
					"rotation": [-45, 0, 0]
				},
				"leftArmGear4": {
					"rotation": {
						"0.0": [15, 10, -15],
						"0.3333": [20, 15, -25]
					}
				},
				"leftArmGear4_3": {
					"rotation": [-45, 0, 0]
				},
				"rightLegGear4": {
					"position": {
						"0.0": [0, 0, 0],
						"0.3333": [-1, 0, 0]
					}
				},
				"leftLegGear4": {
					"position": {
						"0.0": [0, 0, 0],
						"0.3333": [1, 0, 0]
					}
				},
				"leftLegGear4_2": {
					"position": {
						"0.0": [0, 0, 0],
						"0.3333": [0, 2.5, 0]
					},
					"scale": {
						"0.0": [1, 1, 1],
						"0.3333": [1.5, 0.25, 1.5]
					}
				},
				"rightLegGear4_1": {
					"scale": {
						"0.0": [1, 1, 1],
						"0.3333": [2, 0.5, 2]
					}
				},
				"rightLegGear4_2": {
					"position": {
						"0.0": [0, 0, 0],
						"0.3333": [0, 2.5, 0]
					},
					"scale": {
						"0.0": [1, 1, 1],
						"0.3333": [1.5, 0.25, 1.5]
					}
				},
				"leftLegGear4_1": {
					"scale": {
						"0.0": [1, 1, 1],
						"0.3333": [2, 0.5, 2]
					}
				},
				"rightFingerGear4_1": {
					"rotation": [0, 0, -87.5]
				},
				"rightFingerGear_2": {
					"rotation": [0, 0, -12.5]
				},
				"leftFingerGear4_1": {
					"rotation": [0, 0, 87.5]
				},
				"leftFingerGear_2": {
					"rotation": [0, 0, 12.5]
				}
			}
		},
		"animation.gear_fourth_bound.rino_schneider.end": {
			"loop": "hold_on_last_frame",
			"animation_length": 0.5,
			"override_previous_animation": true,
			"bones": {
				"gearfourth": {
					"rotation": [-90, 0, 90],
					"position": [0, -16, 0]
				},
				"waistGear4": {
					"rotation": [0.25, 0, 0]
				},
				"head": {
					"rotation": [10, 0, 0]
				},
				"rightArmGear4": {
					"rotation": {
						"0.0": [20, -15, 25],
						"0.0833": [20, -25, 55],
						"0.4167": [20, -25, 55],
						"0.5": [10, -25, 35]
					}
				},
				"rightArmGear4_2": {
					"rotation": {
						"0.0": [-45, 0, 0],
						"0.0833": [-17.5, 0, 0]
					}
				},
				"leftArmGear4": {
					"rotation": {
						"0.0": [20, 15, -25],
						"0.0833": [20, 25, -55],
						"0.4167": [20, 25, -55],
						"0.5": [10, 25, -35]
					}
				},
				"leftArmGear4_3": {
					"rotation": {
						"0.0": [-45, 0, 0],
						"0.0833": [-17.5, 0, 0]
					}
				},
				"rightLegGear4": {
					"position": {
						"0.0": [-1, 0, 0],
						"0.0833": [0, 0, 0]
					}
				},
				"leftLegGear4": {
					"position": {
						"0.0": [1, 0, 0],
						"0.0833": [0, 0, 0]
					}
				},
				"leftLegGear4_2": {
					"position": {
						"0.0": [0, 2.5, 0],
						"0.0833": [0, 0, 0],
						"0.4167": [0, 0, 0]
					},
					"scale": {
						"0.0": [1.5, 0.25, 1.5],
						"0.0833": [1.25, 3, 1.25],
						"0.4167": [1.25, 3, 1.25],
						"0.5": [1, 1, 1]
					}
				},
				"rightLegGear4_1": {
					"scale": {
						"0.0": [2, 0.5, 2],
						"0.0833": [1.25, 1, 1.25],
						"0.4167": [1.25, 1, 1.25],
						"0.5": [1, 1, 1]
					}
				},
				"rightLegGear4_2": {
					"position": {
						"0.0": [0, 2.5, 0],
						"0.0833": [0, 0, 0]
					},
					"scale": {
						"0.0": [1.5, 0.25, 1.5],
						"0.0833": [1.25, 3, 1.25],
						"0.4167": [1.25, 3, 1.25],
						"0.5": [1, 1, 1]
					}
				},
				"leftLegGear4_1": {
					"scale": {
						"0.0": [2, 0.5, 2],
						"0.0833": [1.25, 1, 1.25],
						"0.4167": [1.25, 1, 1.25],
						"0.5": [1, 1, 1]
					}
				},
				"root": {
					"rotation": ["q.target_x_rotation", "q.target_y_rotation", 0],
					"position": {
						"0.0": [0, 24, 2],
						"0.0833": [0, 24, -2],
						"0.4167": [0, 24, -2],
						"0.5": [0, 24, 0]
					}
				},
				"rightFingerGear4_1": {
					"rotation": [0, 0, -87.5]
				},
				"rightFingerGear_2": {
					"rotation": [0, 0, -12.5]
				},
				"leftFingerGear4_1": {
					"rotation": [0, 0, 87.5]
				},
				"leftFingerGear_2": {
					"rotation": [0, 0, 12.5]
				}
			},
			"particle_effects": {
				"0.0833": [
					{
						"effect": "gear4_leo_bazooka",
						"locator": "gear4rightjump"
					},
					{
						"effect": "gear4_leo_bazooka",
						"locator": "gear4leftjump"
					}
				]
			}
		},
		"animation.gear_fourth_bound.leo_bazooka.start": {
			"loop": "hold_on_last_frame",
			"animation_length": 10000,
			"override_previous_animation": true,
			"bones": {
				"armsGear4": {
					"rotation": ["variable.is_first_person ? 0 : (q.is_riding ? -90 : q.target_x_rotation)", 0, 0]
				},
				"waistGear4": {
					"rotation": {
						"0.0": [0, 0, 0],
						"0.4167": ["variable.is_first_person ? 0 : -5", 0, 0]
					},
					"position": [0, "variable.is_first_person ? -14 : 0", 0]
				},
				"rightArmGear4": {
					"rotation": {
						"0.0": [-87.5, 12.5, 5],
						"0.2917": [-87.5, 12.5, 5]
					},
					"position": [2, 0, 0]
				},
				"leftArmGear4": {
					"rotation": [-87.5, -12.5, -5],
					"position": [-2, 0, 0]
				},
				"leftArmGear4_3": {
					"rotation": [0, 0, 0]
				},
				"rightFingerGear4_1": {
					"rotation": [0, 0, -85]
				},
				"rightFingerGear_2": {
					"rotation": [0, 0, -27.5],
					"position": [0, 0, 0]
				},
				"leftArmGear4_2": {
					"rotation": [0, 22.5, 0],
					"position": {
						"0.0": [0, 0, 0],
						"0.2917": [0, 10, 0]
					}
				},
				"rightArmGear4_2": {
					"rotation": [0, -22.5, 0],
					"position": {
						"0.0": [0, 0, 0],
						"0.2917": [0, 10, 0]
					}
				},
				"leftArmGear4_4": {
					"scale": {
						"0.0": [1, 1, 1],
						"0.2917": [1.75, 1.25, 1.75]
					}
				},
				"rightArmGear4_4": {
					"rotation": [0, 0, 0],
					"scale": {
						"0.0": [1, 1, 1],
						"0.2917": [1.75, 1.25, 1.75]
					}
				},
				"leftFingerGear4_1": {
					"rotation": [0, 0, 87.5]
				},
				"leftFingerGear_2": {
					"rotation": [0, 0, 12.5]
				},
				"rightLegGear4": {
					"rotation": ["q.is_riding ? 0 : -47.5", "q.is_riding ? 0 : 20", "q.is_riding ? 0 : 2.5"]
				},
				"rightLegGear4_2": {
					"rotation": ["q.is_riding ? 0 : 70", 0, 0]
				},
				"leftLegGear4": {
					"rotation": ["q.is_riding ? 0 : -47.5", "q.is_riding ? 0 : -20", "q.is_riding ? 0 : -2.5"]
				},
				"leftLegGear4_2": {
					"rotation": ["q.is_riding ? 0 : 70", 0, 0]
				}
			}
		},
		"animation.gear_fourth_bound.leo_bazooka.end": {
			"loop": "hold_on_last_frame",
			"animation_length": 0.66667,
			"override_previous_animation": true,
			"bones": {
				"waistGear4": {
					"rotation": {
						"0.0": ["variable.is_first_person ? 0 : -5", 0, 0],
						"0.0417": ["variable.is_first_person ? 0 : 5", 0, 0],
						"0.5": ["variable.is_first_person ? 0 : 5", 0, 0],
						"0.6667": [0, -22.5, 0]
					},
					"position": [0, "variable.is_first_person ? -14 : 0", 0]
				},
				"rightLegGear4": {
					"rotation": [-47.5, 20, 2.5]
				},
				"rightLegGear4_2": {
					"rotation": {
						"0.0": [70, 0, 0],
						"0.0417": [0, 0, 0],
						"0.5": [0, 0, 0],
						"0.6667": [70, 0, 0]
					}
				},
				"leftLegGear4": {
					"rotation": [-47.5, -20, -2.5]
				},
				"leftLegGear4_2": {
					"rotation": {
						"0.0": [70, 0, 0],
						"0.0417": [0, 0, 0],
						"0.5": [0, 0, 0],
						"0.6667": [70, 0, 0]
					}
				},
				"armsGear4": {
					"rotation": ["variable.is_first_person ? 0 : (q.is_riding ? -90 : q.target_x_rotation)", 0, 0]
				},
				"rightArmGear4": {
					"rotation": {
						"0.0": [-87.5, 12.5, 5],
						"0.04": [-87.5, -30, 5],
						"0.5": [-87.5, -30, 5],
						"0.6667": [-87.5, 22.5, 5]
					},
					"position": {
						"0.0": [2, 0, 0],
						"0.04": [3, 0, -4],
						"0.5": [3, 0, -4],
						"0.6667": [2, -1, 0]
					}
				},
				"leftArmGear4": {
					"rotation": {
						"0.0": [-87.5, -12.5, -5],
						"0.04": [-77.5, 30, -5],
						"0.5": [-77.5, 30, -5],
						"0.6667": [-105, -90, 0]
					},
					"position": {
						"0.0": [-2, 0, 0],
						"0.04": [-3, 0, -4],
						"0.5": [-3, 0, -4],
						"0.6667": [-1, 2.5, 0]
					}
				},
				"rightFingerGear4_1": {
					"rotation": {
						"0.0": [0, 0, -85],
						"0.04": [0, 0, 90],
						"0.5": [0, 0, 90],
						"0.6667": [0, 0, 90]
					},
					"position": {
						"0.0": [0, 0, 0],
						"0.04": [0, 2.5, 0],
						"0.5": [0, 2.5, 0],
						"0.6667": [0, 2.5, 0]
					}
				},
				"rightFingerGear_2": {
					"rotation": {
						"0.0": [0, 0, -27.5],
						"0.04": [-90, 0, 0],
						"0.5": [-90, 0, 0],
						"0.6667": [0, -90, 90]
					},
					"position": {
						"0.0": [0, 0, 0],
						"0.04": [0, -2, 0],
						"0.5": [0, -2, 0],
						"0.6667": [0, -4, 0]
					}
				},
				"leftArmGear4_2": {
					"rotation": {
						"0.0": [0, 22.5, 0],
						"0.04": [-10, -67.5, 0],
						"0.5": [-10, -67.5, 0],
						"0.6667": [0, 0, 90]
					},
					"position": {
						"0.0": [0, 10, 0],
						"0.04": [-1, 0, 0],
						"0.5": [-1, 0, 0],
						"0.6667": [0, 0, 0]
					}
				},
				"rightArmGear4_2": {
					"rotation": {
						"0.0": [0, -22.5, 0],
						"0.04": [10, -67.5, 0],
						"0.5": [10, -67.5, 0],
						"0.6667": [0, 0, 0]
					},
					"position": {
						"0.0": [0, 10, 0],
						"0.04": [1, 0, 0],
						"0.5": [1, 0, 0],
						"0.6667": [0, 0, 0]
					}
				},
				"leftArmGear4_4": {
					"scale": {
						"0.0": [1.75, 1.25, 1.75],
						"0.04": [1, 1, 1]
					}
				},
				"rightArmGear4_4": {
					"scale": {
						"0.0": [1.75, 1.25, 1.75],
						"0.04": [1, 1, 1]
					}
				},
				"leftFingerGear4_1": {
					"rotation": {
						"0.0": [0, 0, 87.5],
						"0.04": [0, 0, -90],
						"0.5": [0, 0, -90],
						"0.6667": [0, 0, 87.5]
					},
					"position": {
						"0.0": [0, 0, 0],
						"0.04": [0, 2.5, 0],
						"0.5": [0, 2.5, 0],
						"0.6667": [0, 0, 0]
					}
				},
				"leftFingerGear_2": {
					"rotation": {
						"0.0": [0, 0, 12.5],
						"0.04": [-90, 0, 0],
						"0.5": [-90, 0, 0],
						"0.6667": [0, 0, 12.5]
					},
					"position": {
						"0.0": [0, 0, 0],
						"0.04": [0, -2, 0],
						"0.5": [0, -2, 0],
						"0.6667": [0, 0, 0]
					}
				},
				"rightFingerGear4": {
					"position": {
						"0.0": [0, 0, 0],
						"0.04": [0, 2, 0],
						"0.5": [0, 2, 0],
						"0.6667": [0, 2, 0]
					}
				},
				"leftArmGear4_5": {
					"rotation": {
						"0.5": [0, 0, 0],
						"0.6667": [0, 0, 30]
					}
				},
				"rightArmGear4_5": {
					"rotation": {
						"0.5": [0, 0, 0],
						"0.6667": [0, -180, 0]
					}
				},
				"leftFingerGear4": {
					"position": {
						"0.0": [0, 0, 0],
						"0.04": [0, 2, 0],
						"0.5": [0, 2, 0],
						"0.6667": [0, 0, 0]
					}
				}
			}
		},
		"animation.gear_fourth_bound.organ_gun.start": {
			"loop": "hold_on_last_frame",
			"animation_length": 2,
			"override_previous_animation": true,
			"bones": {
				"root": {
					"rotation": [0, "q.target_y_rotation", 0]
				},
				"waistGear4": {
					"rotation": ["q.target_x_rotation", 0, 0],
					"position": [0, "variable.is_first_person ? -14 : 0", 0]
				},
				"armsGear4": {
					"rotation": [0, 0, 0]
				},
				"rightArmGear4_2": {
					"rotation": [0, -90, 0],
					"scale": {
						"0.0": [1, "math.random(0.5, 5)", 1],
						"0.1": [1, "math.random(0.5, 5)", 1],
						"0.2": [1, "math.random(0.5, 5)", 1],
						"0.3": [1, "math.random(0.5, 5)", 1],
						"0.4": [1, "math.random(0.5, 5)", 1],
						"0.5": [1, "math.random(0.5, 5)", 1],
						"0.6": [1, "math.random(0.5, 5)", 1],
						"0.7": [1, "math.random(0.5, 5)", 1],
						"0.8": [1, "math.random(0.5, 5)", 1],
						"0.9": [1, "math.random(0.5, 5)", 1],
						"1.0": [1, "math.random(0.5, 5)", 1],
						"1.2": [1, "math.random(0.5, 5)", 1],
						"1.3": [1, "math.random(0.5, 5)", 1],
						"1.4": [1, "math.random(0.5, 5)", 1],
						"1.5": [1, "math.random(0.5, 5)", 1],
						"1.6": [1, "math.random(0.5, 5)", 1],
						"1.7": [1, "math.random(0.5, 5)", 1],
						"1.8": [1, "math.random(0.5, 5)", 1],
						"1.9": [1, "math.random(0.5, 5)", 1],
						"2.0": [1, 1, 1]
					}
				},
				"rightFingerGear4_1": {
					"rotation": [0, 0, -87.5]
				},
				"rightFingerGear_2": {
					"rotation": [0, 0, -12.5]
				},
				"rightOrganGun1_3": {
					"rotation": [0, -90, 0],
					"scale": {
						"0.0": [1, "math.random(0.5, 5)", 1],
						"0.1": [1, "math.random(0.5, 5)", 1],
						"0.2": [1, "math.random(0.5, 5)", 1],
						"0.3": [1, "math.random(0.5, 5)", 1],
						"0.4": [1, "math.random(0.5, 5)", 1],
						"0.5": [1, "math.random(0.5, 5)", 1],
						"0.6": [1, "math.random(0.5, 5)", 1],
						"0.7": [1, "math.random(0.5, 5)", 1],
						"0.8": [1, "math.random(0.5, 5)", 1],
						"0.9": [1, "math.random(0.5, 5)", 1],
						"1.0": [1, "math.random(0.5, 5)", 1],
						"1.2": [1, "math.random(0.5, 5)", 1],
						"1.3": [1, "math.random(0.5, 5)", 1],
						"1.4": [1, "math.random(0.5, 5)", 1],
						"1.5": [1, "math.random(0.5, 5)", 1],
						"1.6": [1, "math.random(0.5, 5)", 1],
						"1.7": [1, "math.random(0.5, 5)", 1],
						"1.8": [1, "math.random(0.5, 5)", 1],
						"1.9": [1, "math.random(0.5, 5)", 1],
						"2.0": [1, 1, 1]
					}
				},
				"rightOrganGun2_3": {
					"rotation": [0, -90, 0],
					"scale": {
						"0.0": [1, "math.random(0.5, 5)", 1],
						"0.1": [1, "math.random(0.5, 5)", 1],
						"0.2": [1, "math.random(0.5, 5)", 1],
						"0.3": [1, "math.random(0.5, 5)", 1],
						"0.4": [1, "math.random(0.5, 5)", 1],
						"0.5": [1, "math.random(0.5, 5)", 1],
						"0.6": [1, "math.random(0.5, 5)", 1],
						"0.7": [1, "math.random(0.5, 5)", 1],
						"0.8": [1, "math.random(0.5, 5)", 1],
						"0.9": [1, "math.random(0.5, 5)", 1],
						"1.0": [1, "math.random(0.5, 5)", 1],
						"1.2": [1, "math.random(0.5, 5)", 1],
						"1.3": [1, "math.random(0.5, 5)", 1],
						"1.4": [1, "math.random(0.5, 5)", 1],
						"1.5": [1, "math.random(0.5, 5)", 1],
						"1.6": [1, "math.random(0.5, 5)", 1],
						"1.7": [1, "math.random(0.5, 5)", 1],
						"1.8": [1, "math.random(0.5, 5)", 1],
						"1.9": [1, "math.random(0.5, 5)", 1],
						"2.0": [1, 1, 1]
					}
				},
				"leftArmGear4_2": {
					"rotation": [0, 90, 0],
					"scale": {
						"0.0": [1, "math.random(0.5, 5)", 1],
						"0.1": [1, "math.random(0.5, 5)", 1],
						"0.2": [1, "math.random(0.5, 5)", 1],
						"0.3": [1, "math.random(0.5, 5)", 1],
						"0.4": [1, "math.random(0.5, 5)", 1],
						"0.5": [1, "math.random(0.5, 5)", 1],
						"0.6": [1, "math.random(0.5, 5)", 1],
						"0.7": [1, "math.random(0.5, 5)", 1],
						"0.8": [1, "math.random(0.5, 5)", 1],
						"0.9": [1, "math.random(0.5, 5)", 1],
						"1.0": [1, "math.random(0.5, 5)", 1],
						"1.2": [1, "math.random(0.5, 5)", 1],
						"1.3": [1, "math.random(0.5, 5)", 1],
						"1.4": [1, "math.random(0.5, 5)", 1],
						"1.5": [1, "math.random(0.5, 5)", 1],
						"1.6": [1, "math.random(0.5, 5)", 1],
						"1.7": [1, "math.random(0.5, 5)", 1],
						"1.8": [1, "math.random(0.5, 5)", 1],
						"1.9": [1, "math.random(0.5, 5)", 1],
						"2.0": [1, 1, 1]
					}
				},
				"leftFingerGear4_1": {
					"rotation": [0, 0, 87.5]
				},
				"leftFingerGear_2": {
					"rotation": [0, 0, 12.5]
				},
				"leftOrganGun1_3": {
					"rotation": [0, 90, 0],
					"scale": {
						"0.0": [1, "math.random(0.5, 5)", 1],
						"0.1": [1, "math.random(0.5, 5)", 1],
						"0.2": [1, "math.random(0.5, 5)", 1],
						"0.3": [1, "math.random(0.5, 5)", 1],
						"0.4": [1, "math.random(0.5, 5)", 1],
						"0.5": [1, "math.random(0.5, 5)", 1],
						"0.6": [1, "math.random(0.5, 5)", 1],
						"0.7": [1, "math.random(0.5, 5)", 1],
						"0.8": [1, "math.random(0.5, 5)", 1],
						"0.9": [1, "math.random(0.5, 5)", 1],
						"1.0": [1, "math.random(0.5, 5)", 1],
						"1.2": [1, "math.random(0.5, 5)", 1],
						"1.3": [1, "math.random(0.5, 5)", 1],
						"1.4": [1, "math.random(0.5, 5)", 1],
						"1.5": [1, "math.random(0.5, 5)", 1],
						"1.6": [1, "math.random(0.5, 5)", 1],
						"1.7": [1, "math.random(0.5, 5)", 1],
						"1.8": [1, "math.random(0.5, 5)", 1],
						"1.9": [1, "math.random(0.5, 5)", 1],
						"2.0": [1, 1, 1]
					}
				},
				"leftOrganGun2_3": {
					"rotation": [0, 90, 0],
					"scale": {
						"0.0": [1, "math.random(0.5, 5)", 1],
						"0.1": [1, "math.random(0.5, 5)", 1],
						"0.2": [1, "math.random(0.5, 5)", 1],
						"0.3": [1, "math.random(0.5, 5)", 1],
						"0.4": [1, "math.random(0.5, 5)", 1],
						"0.5": [1, "math.random(0.5, 5)", 1],
						"0.6": [1, "math.random(0.5, 5)", 1],
						"0.7": [1, "math.random(0.5, 5)", 1],
						"0.8": [1, "math.random(0.5, 5)", 1],
						"0.9": [1, "math.random(0.5, 5)", 1],
						"1.0": [1, "math.random(0.5, 5)", 1],
						"1.2": [1, "math.random(0.5, 5)", 1],
						"1.3": [1, "math.random(0.5, 5)", 1],
						"1.4": [1, "math.random(0.5, 5)", 1],
						"1.5": [1, "math.random(0.5, 5)", 1],
						"1.6": [1, "math.random(0.5, 5)", 1],
						"1.7": [1, "math.random(0.5, 5)", 1],
						"1.8": [1, "math.random(0.5, 5)", 1],
						"1.9": [1, "math.random(0.5, 5)", 1],
						"2.0": [1, 1, 1]
					}
				},
				"rightArmGear4": {
					"rotation": [-90, 0, 0]
				},
				"rightOrganGun1": {
					"rotation": [-90, 0, 0]
				},
				"rightOrganGun2": {
					"rotation": [-90, 0, 0]
				},
				"leftArmGear4": {
					"rotation": [-90, 0, 0]
				},
				"leftOrganGun1": {
					"rotation": [-90, 0, 0]
				},
				"leftOrganGun2": {
					"rotation": [-90, 0, 0]
				},
				"rightLegGear4": {
					"rotation": ["q.is_riding ? 0 : -47.5", "q.is_riding ? 0 : 20", "q.is_riding ? 0 : 2.5"]
				},
				"rightLegGear4_2": {
					"rotation": ["q.is_riding ? 0 : 70", 0, 0]
				},
				"leftLegGear4": {
					"rotation": ["q.is_riding ? 0 : -47.5", "q.is_riding ? 0 : -20", "q.is_riding ? 0 : -2.5"]
				},
				"leftLegGear4_2": {
					"rotation": ["q.is_riding ? 0 : 70", 0, 0]
				}
			}
		},
		"animation.gear_fourth_bound.king_kong.start": {
			"loop": "hold_on_last_frame",
			"animation_length": 9999,
			"override_previous_animation": true,
			"bones": {
				"waistGear4": {
					"rotation": {
						"0.0": [0, -22.5, 0],
						"0.0833": [0, 22.5, 0]
					},
					"position": [0, "variable.is_first_person ? -14 : 0", 0]
				},
				"rightArmGear4": {
					"rotation": {
						"0.0": [-87.5, 22.5, 5],
						"0.1667": [-87.5, "q.is_riding ? 35 : 120", 5],
						"0.4167": [-87.5, "q.is_riding ? 90 : 120", 30]
					},
					"position": {
						"0.1667": [2, -1, 0],
						"0.4167": [2, 2, 0]
					}
				},
				"leftArmGear4": {
					"rotation": {
						"0.0": [-105, -90, 0],
						"0.0833": [-105, -2.5, 0]
					},
					"position": [-1, 2.5, 0]
				},
				"leftArmGear4_3": {
					"rotation": [0, 0, 0]
				},
				"rightArmGear4_3": {
					"rotation": [0, 0, 0]
				},
				"rightFingerGear4_1": {
					"rotation": {
						"0.0": [0, 0, 90],
						"0.0833": [0, 0, -87.5]
					},
					"position": {
						"0.0": [0, 2.5, 0],
						"0.0833": [0, 0, 0]
					}
				},
				"rightFingerGear_2": {
					"rotation": {
						"0.0": [90, -90, 0],
						"0.0833": [0, 0, -12.5]
					},
					"position": {
						"0.0": [0, -4, 0],
						"0.0833": [0, 0, 0]
					}
				},
				"leftArmGear4_5": {
					"rotation": [0, 0, 30]
				},
				"leftArmGear4_2": {
					"rotation": [0, 0, 90]
				},
				"rightFingerGear4": {
					"position": {
						"0.0": [0, 2, 0],
						"0.0833": [0, 0, 0]
					},
					"scale": {
						"0.1667": [1, 1, 1],
						"0.4167": [1, 0.75, 1]
					}
				},
				"rightArmGear4_4": {
					"rotation": [0, 0, 0]
				},
				"rightArmGear4_5": {
					"rotation": {
						"0.0": [0, -180, 0],
						"0.0833": [0, -90, 0],
						"0.1667": [0, -90, 0],
						"0.4167": [0, -22.5, -20]
					},
					"position": {
						"0.0": [0, 0, 0],
						"0.0833": [0, 5, 0],
						"0.1667": [0, 0, 0],
						"0.4167": [-8, -20, -6]
					},
					"scale": {
						"0.1667": [1, 1, 1],
						"0.4167": [6, 8, 6]
					}
				},
				"leftFingerGear4_1": {
					"rotation": [0, 0, 87.5]
				},
				"leftFingerGear_2": {
					"rotation": [0, 0, 12.5]
				},
				"headGear4": {
					"rotation": {
						"0.0833": [0, 0, 0],
						"0.2083": [10, -22.5, 0]
					}
				},
				"rightArmGear4_2": {
					"rotation": {
						"0.0": [0, 0, 0],
						"0.1667": ["q.is_riding ? -60 : 0", 0, "q.is_riding ? 0 : -100"]
					},
					"position": [0, 0, 0]
				},
				"rightLegGear4": {
					"rotation": ["q.is_riding ? 0 : -47.5", "q.is_riding ? 0 : 20", "q.is_riding ? 0 : 2.5"]
				},
				"rightLegGear4_2": {
					"rotation": ["q.is_riding ? 0 : 70", 0, 0]
				},
				"leftLegGear4": {
					"rotation": ["q.is_riding ? 0 : -47.5", "q.is_riding ? 0 : -20", "q.is_riding ? 0 : -2.5"]
				},
				"leftLegGear4_2": {
					"rotation": ["q.is_riding ? 0 : 70", 0, 0]
				}
			}
		},
		"animation.gear_fourth_bound.king_kong.loop": {
			"loop": "hold_on_last_frame",
			"animation_length": 9999,
			"override_previous_animation": true,
			"bones": {
				"waistGear4": {
					"rotation": [0, "q.is_riding ? 0 : 22.5", 0],
					"position": [0, "variable.is_first_person ? -14 : 0", 0]
				},
				"rightArmGear4": {
					"rotation": [-87.5, "q.is_riding ? 90 : 120", 30],
					"position": [2, 2, 0]
				},
				"rightArmGear4_3": {
					"rotation": [0, 0, 0]
				},
				"rightFingerGear4_1": {
					"rotation": [0, 0, -87.5],
					"position": [0, 0, 0]
				},
				"rightFingerGear_2": {
					"rotation": [0, 0, -12.5],
					"position": [0, 0, 0]
				},
				"rightFingerGear4": {
					"position": [0.01, 0.01, 0.01],
					"scale": [1, 0.75, 1]
				},
				"rightArmGear4_4": {
					"rotation": [0, 0, 0]
				},
				"rightArmGear4_5": {
					"rotation": [0, -22.5, -20],
					"position": [-8, -20, -6],
					"scale": [6, 8, 6]
				},
				"headGear4": {
					"rotation": [10, -22.5, 0]
				},
				"rightArmGear4_2": {
					"rotation": ["q.is_riding ? -60 : 0", 0, "q.is_riding ? 0 : -100"]
				},
				"rightLegGear4": {
					"rotation": ["q.is_riding ? 0 : -47.5", "q.is_riding ? 0 : 20", "q.is_riding ? 0 : 2.5"]
				},
				"rightLegGear4_2": {
					"rotation": ["q.is_riding ? 0 : 70", 0, 0]
				},
				"leftLegGear4": {
					"rotation": ["q.is_riding ? 0 : -47.5", "q.is_riding ? 0 : -20", "q.is_riding ? 0 : -2.5"]
				},
				"leftLegGear4_2": {
					"rotation": ["q.is_riding ? 0 : 70", 0, 0]
				}
			}
		},
		"animation.gear_fourth_bound.king_kong.end": {
			"loop": "hold_on_last_frame",
			"animation_length": 1,
			"override_previous_animation": true,
			"bones": {
				"waistGear4": {
					"rotation": {
						"0.0": [0, 22.5, 0],
						"0.125": [0, -35, 0]
					},
					"position": [0, "variable.is_first_person ? -14 : 0", 0]
				},
				"rightArmGear4": {
					"rotation": {
						"0.0": [-87.5, "q.is_riding ? 90 : 120", 30],
						"0.125": ["q.is_riding ? -180 : q.target_x_rotation + -90", "q.is_riding ? 35 : query.target_y_rotation + 35", 0]
					},
					"position": [2, 2, 0]
				},
				"rightArmGear4_3": {
					"rotation": [0, 0, 0]
				},
				"rightFingerGear4_1": {
					"rotation": [0, 0, -87.5],
					"position": [0, 0, 0]
				},
				"rightFingerGear_2": {
					"rotation": [0, 0, -12.5],
					"position": [0, 0, 0]
				},
				"rightFingerGear4": {
					"position": [0, 0, 0],
					"scale": [1, 0.75, 1]
				},
				"rightArmGear4_4": {
					"rotation": [0, 0, 0]
				},
				"rightArmGear4_5": {
					"rotation": {
						"0.0": [0, -22.5, -20],
						"0.125": [0, -70, 0]
					},
					"position": {
						"0.0": [-8, -20, -6],
						"0.125": [0, -18, 0]
					},
					"scale": {
						"0.0": [6, 8, 6],
						"0.125": [8, 8, 8]
					}
				},
				"headGear4": {
					"rotation": [10, -22.5, 0]
				},
				"rightArmGear4_2": {
					"rotation": {
						"0.0": ["q.is_riding ? -60 : 0", 0, "q.is_riding ? 0 : -100"],
						"0.125": [0, 0, 0]
					}
				},
				"rightLegGear4": {
					"rotation": ["q.is_riding ? 0 : -47.5", "q.is_riding ? 0 : 20", "q.is_riding ? 0 : 2.5"]
				},
				"rightLegGear4_2": {
					"rotation": ["q.is_riding ? 0 : 70", 0, 0]
				},
				"leftLegGear4": {
					"rotation": ["q.is_riding ? 0 : -47.5", "q.is_riding ? 0 : -20", "q.is_riding ? 0 : -2.5"]
				},
				"leftLegGear4_2": {
					"rotation": ["q.is_riding ? 0 : 70", 0, 0]
				}
			}
		}
	}
}