{
	"format_version": "1.8.0",
	"animations": {
		"animation.player.weapons": {
			"loop": "hold_on_last_frame",
			"override_previous_animation": true,
			"bones": {
				"waist": {
					"rotation": [0, -180, 0]
				},
				"rightArm": {
					"rotation": [-90, 0, 0],
					"position": [-3, -4.5, -4]
				}
			}
		},
		"animation.katana.idle": {
			"loop": true,
			"bones": {
				"rightArm": {
					"rotation": [-5, 50, 5]
				},
				"leftArm": {
					"rotation": [-5, 0, -12.5]
				},
				"rightLeg": {
					"rotation": [5, 0, 5]
				},
				"leftLeg": {
					"rotation": [-5, 0, -5]
				}
			}
		},
		"animation.katana.slash": {
			"animation_length": 0.5,
			"bones": {
				"waist": {
					"rotation": {
						"0.0": [0, 0, 0],
						"0.0833": [0, 40, 0],
						"0.1667": [0, 45, 0],
						"0.25": [0, -57.5, 0],
						"0.3333": [0, -75, 0]
					}
				},
				"leftArm": {
					"rotation": {
						"0.0": [-15, -10, -10],
						"0.0833": [-5, 0, -15]
					},
					"position": [0, 0, 0]
				},
				"rightArm": {
					"rotation": {
						"0.0": [-35, -5, -5],
						"0.0833": [-119.86761, 11.5748, -62.15653],
						"0.1667": [-139.86761, 11.5748, -62.15653],
						"0.2917": [-64.86761, 11.5748, -62.15653],
						"0.375": [-26.73535, 24.07879, -52.57886]
					},
					"position": {
						"0.0": [0, -0.5, -1],
						"0.0833": [0.5, 0.5, -2],
						"0.375": [0.5, 0, -3]
					}
				},
				"katana": {
					"rotation": {
						"0.0": [0, 0, 32.5],
						"0.0833": [0, 0, 0]
					},
					"position": [0, 0, 0]
				},
				"leftLeg": {
					"rotation": {
						"0.0": [0, 0, 0],
						"0.1667": [0, -10, -5],
						"0.3333": [10, -70, -10]
					},
					"position": {
						"0.0": [0, 0, 0],
						"0.1667": [0, 1, -3.5],
						"0.2917": [-0.5, 0, 2]
					}
				},
				"rightLeg": {
					"rotation": {
						"0.0": [0, 0, 0],
						"0.1667": [0, 15, 5],
						"0.3333": [-5, -70, 7.5]
					},
					"position": {
						"0.0": [0, 0, 0],
						"0.1667": [0, 0, 0.5],
						"0.2917": [2, 0, -2.5]
					}
				}
			}
		},
		"animation.katana.slash2": {
			"animation_length": 0.5,
			"bones": {
				"waist": {
					"rotation": {
						"0.0": [0, -75, 0],
						"0.125": [0, -82.5, 0],
						"0.2083": [0, 17.5, 0],
						"0.2917": [0, 45, 0]
					}
				},
				"leftArm": {
					"rotation": [-5, 0, -15],
					"position": [0, 0, 0]
				},
				"rightArm": {
					"rotation": {
						"0.0": [-26.73535, 24.07879, -52.57886],
						"0.125": [-136.57215, -53.31112, 101.83424],
						"0.2083": [-57.02566, 8.41806, 97.18229],
						"0.2917": [-17.02566, 8.41806, 97.18229]
					},
					"position": {
						"0.0": [0.5, 0, -3],
						"0.125": [0, -1.5, -1],
						"0.2083": [-1.5, -0.5, -2],
						"0.2917": [-1, -1, -0.5]
					}
				},
				"katana": {
					"rotation": [0, 0, 0],
					"position": [0, 0, 0]
				},
				"leftLeg": {
					"rotation": {
						"0.125": [10, -70, -10],
						"0.25": [-2.5, 0, -2.5]
					},
					"position": {
						"0.125": [-0.5, 0, 2],
						"0.2917": [-0.5, 0, -2]
					}
				},
				"rightLeg": {
					"rotation": {
						"0.0": [-5, -70, 7.5],
						"0.125": [-10, -70, 7.5],
						"0.25": [10, 70, 15]
					},
					"position": {
						"0.0": [2, 0, -2.5],
						"0.125": [3.5, 1.5, -2.5],
						"0.2083": [0, 0.75, 0.5],
						"0.2917": [0.5, 0, 1.5]
					}
				}
			}
		},
		"animation.katana.slash3": {
			"animation_length": 0.5,
			"bones": {
				"root": {
					"rotation": {
						"0.0": [0, 0, 0],
						"0.2083": [10, 0, 0]
					}
				},
				"waist": {
					"rotation": {
						"0.0": [0, 45, 0],
						"0.0833": [0, 70, 0],
						"0.125": [0, 80, 0],
						"0.2083": [7.5, -12.5, 0]
					}
				},
				"head": {
					"rotation": {
						"0.0": [0, 0, 0],
						"0.125": [0, -50, 0],
						"0.2083": [-7.5, 12.5, 0]
					}
				},
				"leftArm": {
					"rotation": [-5, 0, -15],
					"position": [0, 0, 0]
				},
				"rightArm": {
					"rotation": {
						"0.0": [-17.02566, 8.41806, 97.18229],
						"0.125": [-62.24472, -4.85928, 90.18377],
						"0.2083": [-68.66114, 18.5593, 99.06219]
					},
					"position": [-1, -1, -0.5]
				},
				"katana": {
					"rotation": {
						"0.0": [0, 0, 0],
						"0.0833": [-20, 0, 0],
						"0.125": [-25, 0, 0],
						"0.2083": [80.00933, 0.43399, 2.46207]
					},
					"position": {
						"0.0": [0, 0, 1],
						"0.0833": [0, 0, 0],
						"0.125": [0, 0, -1],
						"0.2083": [0, 0, -2]
					}
				},
				"leftLeg": {
					"rotation": {
						"0.0": [-2.5, 0, -2.5],
						"0.2083": [-27.5, -5, 2.5]
					},
					"position": {
						"0.0": [-0.5, 0, -2],
						"0.2083": [0.5, 0, -1.5]
					}
				},
				"rightLeg": {
					"rotation": {
						"0.0": [10, 70, 15],
						"0.2083": [10, 0, 2.5]
					},
					"position": {
						"0.0": [0.5, 0, 1.5],
						"0.2083": [0, 0, 0.5]
					}
				}
			}
		}
	}
}