{
	"format_version": "1.8.0",
	"animations": {
		"animation.leopard": {
			"loop": true,
			"bones": {
				"root": {
					"scale": 1.75
				},
				"headLeopard": {
					"scale": 1.75
				},
				"rightArm": {
					"position": [-0.5, 0, 0]
				},
				"leftArm": {
					"position": [0.5, 0, 0]
				},
				"tail1": {
					"rotation": ["math.sin(query.life_time * 200) * 5 - 10", 0, 0]
				},
				"tail2": {
					"rotation": ["math.sin(query.life_time * 200) * 5 - 10", 0, 0]
				},
				"tail3": {
					"rotation": ["math.sin(query.life_time * 200) * 2.5 - 10", 0, 0]
				},
				"tail4": {
					"rotation": ["math.sin(query.life_time * 200) * 5 + 5", 0, 0]
				},
				"tail5": {
					"rotation": ["math.sin(query.life_time * 200) * 5 + 10", 0, 0]
				},
				"mugiwara2": {
					"scale": 0.7,
					"position": [0, -9.5, -8],
					"rotation": [-22.5, 0, 0]
				},
				"capa": {
					"scale": 0.8,
					"position": [0, -12.5, -5],
					"rotation": [90, 0, 0]
				}
			}
		},
		"animation.leopard.move" : {
			"loop" : true,
			"bones" : {
				"leg" : {
					"rotation" : [ "-variable.tcos0", 0.0, 0.0 ]
				},
				"leg2" : {
					"rotation" : [ "variable.tcos0", 0.0, 0.0 ]
				},
				"leg3" : {
					"rotation" : [ "variable.tcos0", 0.0, 0.0 ]
				},
				"leg4" : {
					"rotation" : [ "-variable.tcos0", 0.0, 0.0 ]
				}
			}
		},
		"animation.leopard2": {
			"loop": true,
			"bones": {
				"root": {
					"scale": ["(q.is_in_ui || variable.is_first_person) ? 1.0 : 1.5", "(q.is_in_ui || variable.is_first_person) ? 1.0 : 1.5", "(q.is_in_ui || variable.is_first_person) ? 1.0 : 1.5"]
				},
				"head": {
					"scale": ["(q.is_in_ui || variable.is_first_person) ? 1.0 : 1.5", "(q.is_in_ui || variable.is_first_person) ? 1.0 : 1.5", "(q.is_in_ui || variable.is_first_person) ? 1.0 : 1.5"]
				},
				"mugiwara2": {
					"position": [0, 11, 0]
				},
				"capa": {
					"position": [0, 12, 1.25],
					"scale": ["(q.is_in_ui || variable.is_first_person) ? 1.0 : 1.5", "(q.is_in_ui || variable.is_first_person) ? 1.0 : 1.5", "(q.is_in_ui || variable.is_first_person) ? 1.0 : 1.5"]
				},
				"rightArm": {
					"rotation": [-17.5, 0, 5]
				},
				"rightForeArm": {
					"rotation": [-2.5, 0, -5]
				},
				"leftArm": {
					"rotation": [-17.5, 0, -5]
				},
				"leftForeArm": {
					"rotation": [-2.5, 0, 5]
				},
				"waist": {
					"rotation": [7.5, 0, 0]
				},
				"body": {
					"rotation": [10, 0, 0]
				},
				"tail1": {
					"rotation": ["math.sin(query.life_time * 100) * -10 - 40", "math.cos(query.life_time * 200) * 10 ", 0]
				},
				"tail2": {
					"rotation": ["math.sin(query.life_time * 200) * 5 + 15", "math.cos(query.life_time * 200) * 5", 0]
				},
				"tail3": {
					"rotation": ["math.sin(query.life_time * 200) * 0 + 10", 0, 0]
				},
				"tail4": {
					"rotation": ["math.sin(query.life_time * 200) * -5 + 10", 0, 0]
				},
				"tail5": {
					"rotation": ["math.sin(query.life_time * 200) * 0 + 10", 0, 0]
				},
				"rightLeg": {
					"rotation": [0, 2.5, 5]
				},
				"leftLeg": {
					"rotation": [0, -2.5, -5]
				},
				"rightForeLeg": {
					"rotation": [0, 0, -5]
				},
				"leftForeLeg": {
					"rotation": [0, 0, 5]
				}
			}
		},
		"animation.leopard2.cat_claws.start": {
			"loop": "hold_on_last_frame",
			"animation_length": 0.75,
			"override_previous_animation": true,
			"bones": {
				"waist": {
					"rotation": {
						"0.0": [0, 0, 0],
						"0.1667": [0, 22.5, 0]
					}
				},
				"rightArm": {
					"rotation": {
						"0.0": [0, 0, 0],
						"0.1667": [15.67911, 11.47443, 113.85193]
					},
					"position": {
						"0.0": [0, 0, 0],
						"0.1667": [-1.5, 0, 0]
					}
				},
				"rightForeArm": {
					"rotation": {
						"0.0": [0, 0, 0],
						"0.1667": [-30, 0, 0]
					}
				},
				"leftArm": {
					"rotation": {
						"0.0": [0, 0, 0],
						"0.125": [0, 0, -55]
					}
				}
			}
		},
		"animation.leopard2.cat_claws.end": {
			"loop": "hold_on_last_frame",
			"animation_length": 0.75,
			"override_previous_animation": true,
			"bones": {
				"waist": {
					"rotation": {
						"0.0": [0, 22.5, 0],
						"0.1667": [5, -30, 0]
					}
				},
				"rightArm": {
					"rotation": {
						"0.0": [15, 12.5, 112.5],
						"0.1667": [-105, -12.5, 97.5]
					},
					"position": {
						"0.0": [-1.5, 0, 0],
						"0.1667": [-1.5, -1, -0.5]
					}
				},
				"rightForeArm": {
					"rotation": {
						"0.0": [-30, 0, 0],
						"0.1667": [-15, 0, 0]
					}
				},
				"leftArm": {
					"rotation": {
						"0.0": [0, 0, -55],
						"0.1667": [15, -12.5, -112.5]
					},
					"position": {
						"0.0": [0, 0, 0],
						"0.1667": [1.5, 0, 0]
					}
				},
				"leftForeArm": {
					"rotation": {
						"0.0": [0, 0, 0],
						"0.1667": [-30, 0, 0]
					}
				}
			}
		},
		"animation.leopard2.cat_claws.end2": {
			"loop": "hold_on_last_frame",
			"animation_length": 0.75,
			"override_previous_animation": true,
			"bones": {
				"waist": {
					"rotation": {
						"0.0": [5, -30, 0],
						"0.1667": [5, 30, 0]
					}
				},
				"rightArm": {
					"rotation": {
						"0.0": [-105, -12.5, 97.5],
						"0.1667": [15, 12.5, 112.5]
					},
					"position": {
						"0.0": [-1.5, -1, -0.5],
						"0.1667": [-1.5, 0, 0]
					}
				},
				"rightForeArm": {
					"rotation": {
						"0.0": [-15, 0, 0],
						"0.1667": [-30, 0, 0]
					}
				},
				"leftArm": {
					"rotation": {
						"0.0": [15, -12.5, -112.5],
						"0.1667": [-105, 12.5, -97.5]
					},
					"position": {
						"0.0": [1.5, 0, 0],
						"0.1667": [1.5, -1, -0.5]
					}
				},
				"leftForeArm": {
					"rotation": {
						"0.0": [-30, 0, 0],
						"0.1667": [-15, 0, 0]
					}
				}
			}
		},
		"animation.leopard2.cat_claws.end3": {
			"loop": "hold_on_last_frame",
			"animation_length": 0.75,
			"override_previous_animation": true,
			"bones": {
				"waist": {
					"rotation": {
						"0.0": [5, 30, 0],
						"0.1667": [5, -30, 0]
					}
				},
				"rightArm": {
					"rotation": {
						"0.0": [15, 12.5, 112.5],
						"0.1667": [-105, -12.5, 97.5]
					},
					"position": {
						"0.0": [-1.5, 0, 0],
						"0.1667": [-1.5, -1, -0.5]
					}
				},
				"rightForeArm": {
					"rotation": {
						"0.0": [-30, 0, 0],
						"0.1667": [-15, 0, 0]
					}
				},
				"leftArm": {
					"rotation": {
						"0.0": [-105, 12.5, -97.5],
						"0.1667": [15, -12.5, -112.5]
					},
					"position": {
						"0.0": [1.5, -1, -0.5],
						"0.1667": [1.5, 0, 0]
					}
				},
				"leftForeArm": {
					"rotation": {
						"0.0": [-15, 0, 0],
						"0.1667": [-30, 0, 0]
					}
				}
			}
		},
		"animation.leopard.tail_destroy": {
			"loop": false,
			"animation_length": 0.5,
			"override_previous_animation": true,
			"bones": {
				"tudo": {
					"rotation": {
						"0.0": [0, -55, 0],
						"0.15": [0, -85, 0]
					},
					"position": {
						"0.0": [-0.5, 0, 0],
						"0.15": [5.5, 0, 0]
					}
				},
				"tail1": {
					"rotation": {
						"0.0": [0, 12.5, 0],
						"0.15": [0, -35, 0]
					}
				},
				"tail2": {
					"rotation": {
						"0.0": [0, 12.5, 0],
						"0.15": [0, -17.5, 0]
					}
				},
				"tail3": {
					"rotation": {
						"0.0": [0, 10, 0],
						"0.15": [0, -25, 0]
					}
				},
				"tail4": {
					"rotation": {
						"0.0": [0, 12.5, 0],
						"0.15": [0, -22.5, 0]
					}
				},
				"tail5": {
					"rotation": {
						"0.0": [0, 20, 0],
						"0.15": [0, -17.5, 0]
					}
				}
			}
		},
		"animation.leopard2.tail_destroy": {
			"loop": false,
			"animation_length": 0.75,
			"override_previous_animation": true,
			"bones": {
				"waist": {
					"rotation": {
						"0.0": [5.8637, -34.82125, -1.71768],
						"0.2": [18.76623, -57.07619, -4.74315]
					}
				},
				"tail1": {
					"rotation": {
						"0.0": [0, -22.5, 0],
						"0.2": [0, -50, 0]
					}
				},
				"tail2": {
					"rotation": {
						"0.0": [0, 7.5, 0],
						"0.2": [0, -7.5, 0]
					}
				},
				"tail3": {
					"rotation": {
						"0.0": [0, 12.5, 0],
						"0.2": [0, -7.5, 0]
					}
				},
				"tail4": {
					"rotation": {
						"0.0": [0, 20, 0],
						"0.2": [0, -12.5, 0]
					}
				},
				"tail5": {
					"rotation": {
						"0.0": [0, 12.5, 0],
						"0.2": [0, -15, 0]
					}
				},
				"tail6": {
					"rotation": {
						"0.0": [0, 15, 0],
						"0.2": [0, -17.5, 0]
					}
				},
				"rightArm": {
					"rotation": [-27.51235, -0.03644, 40.58043]
				},
				"rightForeArm": {
					"rotation": [-10, 0, 0]
				},
				"leftArm": {
					"rotation": [-15.19466, 2.63915, -17.83167]
				},
				"leftForeArm": {
					"rotation": [-5, 0, 0]
				},
				"rightLeg": {
					"rotation": {
						"0.0": [-1.43497, -2.47359, 2.11025],
						"0.2": [-1.44592, -7.47202, 2.23638]
					},
					"position": {
						"0.0": [0, 0, -1.5],
						"0.2": [0.5, 0, -2.5]
					}
				},
				"leftLeg": {
					"rotation": {
						"0.0": [3.55145, -52.42315, -4.06659],
						"0.2": [5.10691, -64.88891, -5.87704]
					},
					"position": {
						"0.0": [0, 0, 1.5],
						"0.2": [0, 0, 2]
					}
				}
			}
		},
		"animation.leopard2.kamisori": {
			"loop": false,
			"animation_length": 0.5,
			"bones": {
				"tudo": {
					"rotation": [22.5, 0, 0]
				},
				"waist": {
					"rotation": [0, "variable.is_third_person ? -22.5 : 180", "variable.is_third_person ? 12.5 : 0"]
				},
				"rightArm": {
					"rotation": [-70.81754, 23.7695, 85.48205]
				},
				"leftArm": {
					"rotation": [17.5, 0, -20]
				}
			},
			"particle_effects": {
			    "0.0": [
			        {"effect": "shoot.medium","locator": "rightleopard"}
			    ]
			}
		},
		"animation.leopard2.kamisori2": {
			"loop": false,
			"animation_length": 0.5,
			"bones": {
				"tudo": {
					"rotation": [22.5, 0, 0]
				},
				"waist": {
					"rotation": [0, "variable.is_third_person ? 22.5 : 180", "variable.is_third_person ? -12.5 : 0"]
				},
				"rightArm": {
					"rotation": [17.5, 0, 20]
				},
				"leftArm": {
					"rotation": [-70.8175, -23.7695, -85.4821]
				}
			},
			"particle_effects": {
			    "0.0": [
			        {"effect": "shoot.medium","locator": "leftleopard"}
			    ]
			}
		},
		"animation.leopard2.kamisori3": {
			"loop": false,
			"animation_length": 0.5,
			"bones": {
				"waist": {
					"rotation": ["variable.is_third_person ? -7.5: 0", "variable.is_third_person ? -12 : 180", "variable.is_third_person ? 20 : 0"]
				},
				"rightArm": {
					"rotation": [20, 0, 20]
				},
				"leftArm": {
					"rotation": [20, 0, -20]
				},
				"rightLeg": {
					"rotation": [-85, 0, 62.5]
				}
			}
		},
		"animation.leopard2.kamisori4": {
			"loop": false,
			"animation_length": 0.5,
			"bones": {
				"waist": {
					"rotation": ["variable.is_third_person ? -7.5 : 0", "variable.is_third_person ? 12 : 180", "variable.is_third_person ? -20 : 0"]
				},
				"rightArm": {
					"rotation": [20, 0, 20]
				},
				"leftArm": {
					"rotation": [20, 0, -20]
				},
				"rightLeg": {
					"rotation": [0, 0, 0]
				},
				"leftLeg": {
					"rotation": [-85, 0, -62.5]
				}
			}
		}
	}
}