{
	"format_version": "1.8.0",
	"animations": {
		"animation.mochi.dough": {
			"loop": true,
			"bones": {
				"root": {
					"scale": 2
				},
				"dough": {
					"rotation": ["query.anim_time * 400", 0, 0]
				}
			}
		},
		"animation.mochi.bullet_mochi": {
			"animation_length": 0.5,
			"override_previous_animation": true,
			"bones": {
				"waist": {
					"rotation": [0, "variable.is_first_person ? 150 : -30", 0]
				},
				"rightArm": {
					"rotation": {
						"0.0": [-90, "variable.is_first_person ? 210 : 30", 0],
						"0.15": ["variable.is_first_person ? -100 : q.target_x_rotation + -100", "variable.is_first_person ? 210 : q.target_y_rotation + 30", 0],
						"0.2": [-90, "variable.is_first_person ? 210 : 30", 0]
					}
				},
				"rightForeArmFruit": {
					"scale": 1.25
				},
				"leftArm": {
					"rotation": [0, 0, -25]
				}
			},
			"particle_effects": {
			    "0.0": [
			        {"effect": "shoot.small","locator": "rightarm2"}
			    ]
			}
		},
		"animation.mochi.gatling_mochi": {
			"animation_length": 0.5,
			"override_previous_animation": true,
			"bones": {
				"waist": {
					"rotation": [0, "variable.is_first_person ? 150 : -30", 0]
				},
				"rightGatling": {
					"rotation": [0, "query.anim_time * 500", 0],
					"scale": 2
				},
				"rightArm": {
					"rotation": ["variable.is_first_person ? -90 : q.target_x_rotation + -90", "variable.is_first_person ? 30 : q.target_y_rotation + 30", 0]
				},
				"rightForeArmFruit": {
					"scale": 1.25
				},
				"leftArm": {
					"rotation": [0, 0, -25]
				}
			},
			"particle_effects": {
			    "0.0": [
			        {"effect": "shoot.small","locator": "rightarm2"}
			    ]
			}
		},
		"animation.mochi.yaki_mochi": {
			"animation_length": 0.8,
			"override_previous_animation": true,
			"bones": {
				"waist": {
					"rotation": [0, "variable.is_first_person ? 180 : 0", 0],
					"position": {
						"0.0": [0, 1, 0],
						"0.2": [0, 1, 0],
						"0.3": [0, 1, 0],
						"0.5": [0, 1, 0],
						"0.7": [0, 0, 0]
					}
				},
				"body": {
					"rotation": {
						"0.0": [0, 25, 0],
						"0.2": [20, -10, 0],
						"0.3": [20, -10, 0],
						"0.5": [0, 22.5, 0],
						"0.7": [0, 0, 0]
					}
				},
				"rightArm": {
					"rotation": {
						"0.0": [-90, 0, 0],
						"0.2": [-110, 10, 0],
						"0.3": [-110, 10, 0],
						"0.5": [-90, 0, 0],
						"0.7": [0, 0, 0]
					},
					"position": {
						"0.0": [0, 0, 2],
						"0.5": [0, 1, -0.5],
						"0.7": [0, 0, 0]
					},
					"scale": 1
				},
				"rightLeg": {
					"rotation": {
						"0.0": [-35, 15, 2.5],
						"0.2": [75, 0, 2.5],
						"0.3": [75, 0, 2.5],
						"0.5": [45, 1, 1],
						"0.7": [0, 0, 0]
					},
					"position": {
						"0.0": [0, 1, 0.5],
						"0.2": [0, 1, 4.5],
						"0.3": [0, 1, 4.5],
						"0.5": [0, 1, 1],
						"0.7": [0, 0, 0]
					}
				},
				"leftLeg": {
					"rotation": {
						"0.0": [50, 15, 0],
						"0.2": [-37.5, 0, 0],
						"0.3": [-37.5, 0, 0],
						"0.7": [0, 0, 0]
					},
					"position": {
						"0.0": [0, 1, 0],
						"0.2": [0, 1, 3.5],
						"0.3": [0, 1, 3.5],
						"0.5": [0, 1, 0.5],
						"0.7": [0, 0, 0]
					}
				},
				"leftArm": {
					"rotation": {
						"0.5": [0, 0, -32.5],
						"0.7": [0, 0, 0]
					}
				},
				"root2": {
					"position": {
						"0.0": [0, 0, 0],
						"0.2": [0, 0, -3],
						"0.3": [0, 0, -3],
						"0.5": [0, 0, 0]
					}
				},
				"rightHakiArm": {
					"position": {
						"0.0": [0, -9, 0],
						"0.2": [0, -9, 0],
						"0.3": [0, -9, 0],
						"0.5": [0, 0, 0]
					}
				},
				"rightForeArmFruit2": {
					"scale": {
						"0.0": [2.5, 2, 2.5],
						"0.2": [2.5, 2, 2.5],
						"0.3": [2.5, 2, 2.5],
						"0.5": [1, 1, 1]
					}
				},
				"rightForeArmFruit": {
					"scale": {
						"0.3": [1.5, 1.5, 1.5],
						"0.5": [1, 1, 1]
					}
				}
			},
			"particle_effects": {
			    "0.0": [
			        {"effect": "shoot.default","locator": "rightarm2"}
			    ]
			}
		},
		"animation.mochi.yanagi.start": {
			"loop": "hold_on_last_frame",
			"animation_length": 10000,
			"override_previous_animation": true,
			"bones": {
				"waist": {
					"rotation": {
						"0.0": [0, "variable.is_first_person ? 180 : 0", 0],
						"0.125": [5, "variable.is_first_person ? 180 : 0", 0],
						"0.3333": [-15, "variable.is_first_person ? 170 : 10", 0]
					}
				},
				"rightArm": {
					"rotation": {
						"0.0": [0, 0, 0],
						"0.125": [0, 0, 7.5],
						"0.3333": [20, 0, 25]
					}
				},
				"rightYanagi": {
					"rotation": {
						"0.0": [0, 0, 0],
						"0.125": [10, 0, 0],
						"0.3333": [-155, 20, -20]
					}
				},
				"rightForeYanagi": {
					"scale": {
						"0.2917": [1, 1, 1],
						"0.3333": [1, 20, 1]
					}
				},
				"rightYanagi2": {
					"rotation": {
						"0.0": [0, 0, 0],
						"0.125": [10, 0, 0],
						"0.3333": [-155, -5, 5]
					}
				},
				"rightForeYanagi2": {
					"scale": {
						"0.2917": [1, 1, 1],
						"0.3333": [1, 20, 1]
					}
				},
				"rightYanagi3": {
					"rotation": {
						"0.0": [0, 0, 0],
						"0.125": [10, 0, 0],
						"0.3333": [-155, -20, 20]
					}
				},
				"rightForeYanagi3": {
					"scale": {
						"0.2917": [1, 1, 1],
						"0.3333": [1, 20, 1]
					}
				},
				"rightLeg": {
					"rotation": {
						"0.0": [0, 0, 0],
						"0.125": [10, 0, 0],
						"0.3333": [-155, 5, -5]
					}
				},
				"rightForeLeg": {
					"scale": {
						"0.2917": [1, 1, 1],
						"0.3333": [1, 20, 1]
					}
				},
				"leftArm": {
					"rotation": {
						"0.0": [0, 0, 0],
						"0.125": [0, 0, -7.5],
						"0.3333": [20, 0, -25]
					}
				}
			}
		},
		"animation.mochi.yanagi.end": {
			"loop": "hold_on_last_frame",
			"animation_length": 0.54167,
			"override_previous_animation": true,
			"bones": {
				"waist": {
					"rotation": {
						"0.0": [-15, "variable.is_first_person ? 170 : 10", 0],
						"0.125": [2.5, "variable.is_first_person ? 170 : 10", 0],
						"0.4167": [2.5, "variable.is_first_person ? 170 : 10", 0],
						"0.5417": [2.5, "variable.is_first_person ? 180 : 0", 0]
					}
				},
				"rightArm": {
					"rotation": {
						"0.0": [20, 0, 25],
						"0.125": [20, 0, 25],
						"0.4167": [20, 0, 25],
						"0.5417": [-5, 0, 5]
					}
				},
				"rightYanagi": {
					"rotation": {
						"0.0": [-155, 20, -20],
						"0.125": [-80, 20, 0],
						"0.4167": [-80, 20, 0],
						"0.5": [-80, 0, 0],
						"0.5417": [5, 0, 0]
					}
				},
				"rightForeYanagi": {
					"scale": {
						"0.0": [1, 20, 1],
						"0.125": [1, 12, 1],
						"0.4167": [1, 12, 1],
						"0.5": [1, 1, 1]
					}
				},
				"rightYanagi2": {
					"rotation": {
						"0.0": [-155, -5, 5],
						"0.125": [-85, -5, 5],
						"0.4167": [-85, -5, 5],
						"0.5": [-80, 0, 0],
						"0.5417": [5, 0, 0]
					}
				},
				"rightForeYanagi2": {
					"scale": {
						"0.0": [1, 20, 1],
						"0.125": [1, 12, 1],
						"0.4167": [1, 12, 1],
						"0.5": [1, 1, 1]
					}
				},
				"rightYanagi3": {
					"rotation": {
						"0.0": [-155, -20, 20],
						"0.125": [-80, -20, 0],
						"0.4167": [-80, -20, 0],
						"0.5": [-80, 0, 0],
						"0.5417": [5, 0, 0]
					}
				},
				"rightForeYanagi3": {
					"scale": {
						"0.0": [1, 20, 1],
						"0.125": [1, 12, 1],
						"0.4167": [1, 12, 1],
						"0.5": [1, 1, 1]
					}
				},
				"rightLeg": {
					"rotation": {
						"0.0": [-155, 5, -5],
						"0.125": [-85, 5, -5],
						"0.4167": [-85, 5, -5],
						"0.5": [-80, 0, 0],
						"0.5417": [5, 0, 0]
					}
				},
				"rightForeLeg": {
					"scale": {
						"0.0": [1, 20, 1],
						"0.125": [1, 12, 1],
						"0.4167": [1, 12, 1],
						"0.5": [1, 1, 1]
					}
				},
				"leftArm": {
					"rotation": {
						"0.0": [20, 0, -25],
						"0.125": [20, 0, -25],
						"0.4167": [20, 0, -25],
						"0.5417": [-5, 0, -5]
					}
				}
			}
		},
		"animation.mochi.power_mochi1": {
			"animation_length": 0.5,
			"bones": {
				"waist": {
					"rotation": {
						"0.0": [0, "variable.is_first_person ? 200 : 20", 0],
						"0.15": [10, "variable.is_first_person ? 160 : -20", 0],
						"0.3": [10, "variable.is_first_person ? 160 : -20", 0],
						"0.45": [0, "variable.is_first_person ? 200 : 20", 0]
					}
				},
				"powermochi": {
					"rotation": {
						"0.0": ["v.is_first_person ? 0 : query.target_x_rotation", "v.is_first_person ? -20 : -20 + query.target_y_rotation", 0],
						"0.15": ["v.is_first_person ? -10 : query.target_x_rotation + -10", "v.is_first_person ? 20 : 20 + query.target_y_rotation", -2.5],
						"0.3": ["v.is_first_person ? -10 : query.target_x_rotation + -10", "v.is_first_person ? 20 : 20 + query.target_y_rotation", -2.5],
						"0.45": ["v.is_first_person ? 0 : query.target_x_rotation", "v.is_first_person ? -20 : -20 + query.target_y_rotation", 0]
					}
				},
				"punchmochi1": {
					"rotation": [12.5, -12.5, 0],
					"scale": {
						"0.0": [1, 1, 1],
						"0.15": [1, 1, 10],
						"0.3": [1, 1, 10],
						"0.45": [1, 1, 1]
					}
				},
				"punchmochi1_2": {
					"scale": {
						"0.0": [1, 1, 1],
						"0.15": [1, 1, 0.1],
						"0.3": [1, 1, 0.1],
						"0.45": [1, 1, 1]
					}
				},
				"punchmochi2": {
					"rotation": [12.5, 12.5, 0]
				},
				"powermochi2": {
					"rotation": {
						"0.0": [0, -20, 0],
						"0.15": [-10, 20, -5],
						"0.3": [-10, 20, -5],
						"0.45": [0, -20, 0]
					}
				},
				"rightArm": {
					"rotation": [-82.5, 10, 0],
					"position": {
						"0.0": [0, 0, 3.5],
						"0.15": [0, 0, -2],
						"0.3": [0, 0, -2],
						"0.45": [0, 0, 3.5]
					}
				},
				"rightForeArmFruit": {
					"scale": 1.25
				},
				"leftForeArmFruit": {
					"scale": 1.25
				},
				"leftArm": {
					"rotation": [0, 0, -20]
				},
				"rightLeg": {
					"rotation": [-2.5, 5, 5],
					"position": [0, 0, 0]
				},
				"leftLeg": {
					"rotation": [-2.5, -5, -5],
					"position": [0, 0, 0]
				}
			},
			"particle_effects": {
				"0.0": [
				    {
				        "effect": "mochi_fall",
				        "locator": "powermochi1"
				    },
				    {
				        "effect": "shoot.default",
				        "locator": "powermochi1"
				    }
				]
			}
		},
		"animation.mochi.power_mochi2": {
			"animation_length": 0.5,
			"bones": {
				"waist": {
					"rotation": {
						"0.0": [0, "variable.is_first_person ? 160 : -20", 0],
						"0.15": [10, "variable.is_first_person ? 200 : 20", 0],
						"0.3": [10, "variable.is_first_person ? 200 : 20", 0],
						"0.45": [0, "variable.is_first_person ? 160 : -20", 0]
					}
				},
				"powermochi": {
					"rotation": {
						"0.0": [0, 20, 0],
						"0.15": [-10, -20, 2.5],
						"0.3": [-10, -20, 2.5],
						"0.45": [0, 20, 0]
					}
				},
				"punchmochi1": {
					"rotation": [12.5, -12.5, 0],
					"scale": 1
				},
				"punchmochi1_2": {
					"scale": 1
				},
				"punchmochi2": {
					"rotation": [12.5, 12.5, 0],
					"scale": {
						"0.0": [1, 1, 1],
						"0.15": [1, 1, 10],
						"0.3": [1, 1, 10],
						"0.45": [1, 1, 1]
					}
				},
				"powermochi2": {
					"rotation": {
						"0.0": ["v.is_first_person ? 0 : query.target_x_rotation", "v.is_first_person ? 20 : 20 + query.target_y_rotation", 0],
						"0.15": ["v.is_first_person ? -10 : query.target_x_rotation + -10", "v.is_first_person ? -20 : -20 + query.target_y_rotation", 2.5],
						"0.3": ["v.is_first_person ? -10 : query.target_x_rotation + -10", "v.is_first_person ? -20 : -20 + query.target_y_rotation", 2.5],
						"0.45": ["v.is_first_person ? 0 : query.target_x_rotation", "v.is_first_person ? 20 : 20 + query.target_y_rotation", 0]
					}
				},
				"rightArm": {
					"rotation": [0, 0, 20],
					"position": {
						"0.0": [0, 0, 3.5],
						"0.15": [0, 0, -2],
						"0.3": [0, 0, -2],
						"0.45": [0, 0, 3.5]
					}
				},
				"rightForeArmFruit": {
					"scale": 1.25
				},
				"leftForeArmFruit": {
					"scale": 1.25
				},
				"leftArm": {
					"rotation": [-82.5, 10, 0],
					"position": {
						"0.0": [0, 0, -2],
						"0.15": [0, 0, -2],
						"0.3": [0, 0, -2],
						"0.45": [0, 0, -2]
					}
				},
				"rightLeg": {
					"rotation": [-2.5, 5, 6],
					"position": [0, 0, 0]
				},
				"leftLeg": {
					"rotation": [-2.5, -5, -5],
					"position": [0, 0, 0]
				},
				"punchmochi2_2": {
					"scale": {
						"0.0": [1, 1, 1],
						"0.15": [1, 1, 0.1],
						"0.3": [1, 1, 0.1],
						"0.45": [1, 1, 1]
					}
				}
			},
			"particle_effects": {
				"0.0": [
				    {
				        "effect": "mochi_fall",
				        "locator": "powermochi2"
				    },
				    {
				        "effect": "shoot.default",
				        "locator": "powermochi2"
				    }
				]
			}
		},
		"animation.mochi.zan_giri.loop": {
			"loop": "hold_on_last_frame",
			"animation_length": 0.33333,
			"override_previous_animation": true,
			"bones": {
				"waist": {
					"rotation": {
						"0.0": [0, 0, 0],
						"0.2083": [7.5, 22.5, 0],
						"0.3333": [8.21193, 32.40681, 1.53838]
					}
				},
				"rightArm": {
					"rotation": {
						"0.0": [0, 0, 0],
						"0.2083": [40, 0, 85],
						"0.3333": [57.5, 0, 85]
					}
				},
				"rightForeArm": {
					"rotation": {
						"0.2083": [0, 0, 0],
						"0.3333": [-5, 0, 0]
					}
				},
				"rightZanGiri": {
					"rotation": [0, 0, 0],
					"position": [0, 0, 0],
					"scale": {
						"0.2083": [1, 1, 1],
						"0.3333": [1, 1.5, 1]
					}
				},
				"rightZanGiri2": {
					"rotation": {
						"0.2083": [0, 0, 0],
						"0.3333": [-12.5, 0, 0]
					},
					"position": {
						"0.2083": [0, 0, 0],
						"0.3333": [0, -9, 0]
					},
					"scale": {
						"0.2083": [1, 1, 1],
						"0.3333": [1.25, 2, 1.25]
					}
				},
				"rightZanGiri3": {
					"rotation": {
						"0.2083": [0, 0, 0],
						"0.3333": [-20, 0, 0]
					},
					"position": {
						"0.2083": [0, 0, 0],
						"0.3333": [0, -20.5, -2.5]
					}
				},
				"rightZanGiri5": {
					"scale": {
						"0.2083": [0, 0, 0],
						"0.3333": [1, 1, 1]
					}
				},
				"leftArm": {
					"rotation": {
						"0.0": [0, 0, 0],
						"0.2083": [-30, 0, -37.5]
					}
				},
				"rightLeg": {
					"rotation": {
						"0.0": [0, 0, 0],
						"0.2083": [5.75215, 32.74568, 2.93577]
					},
					"position": {
						"0.0": [0, 0, 0],
						"0.2083": [-0.5, 0, 0.5]
					}
				},
				"leftLeg": {
					"rotation": {
						"0.0": [0, 0, 0],
						"0.2083": [-2.5, 0, 0]
					},
					"position": {
						"0.0": [0, 0, 0],
						"0.2083": [0, 0, -1.5]
					}
				},
				"rightZanGiri4": {
					"scale": {
						"0.2083": [1, 1, 1],
						"0.3333": [1.75, 4, 1.75]
					}
				}
			}
		},
		"animation.mochi.zan_giri.end": {
			"loop": "hold_on_last_frame",
			"animation_length": 7,
			"override_previous_animation": true,
			"bones": {
				"waist": {
					"rotation": {
						"0.0": {
							"post": [8.21193, 32.40681, 1.53838],
							"lerp_mode": "catmullrom"
						},
						"0.125": {
							"post": [8.72555, 37.35241, 2.4357],
							"lerp_mode": "catmullrom"
						},
						"0.5": {
							"post": [-8.5625, -19.62743, -0.59661],
							"lerp_mode": "catmullrom"
						},
						"0.9167": {
							"post": [13.30105, 9.56597, 6.41844],
							"lerp_mode": "catmullrom"
						},
						"1.125": {
							"post": [-8.5625, -19.62743, -0.59661],
							"lerp_mode": "catmullrom"
						},
						"1.5": {
							"post": [13.30105, 9.56597, 6.41844],
							"lerp_mode": "catmullrom"
						},
						"1.7083": {
							"post": [-8.5625, -19.62743, -0.59661],
							"lerp_mode": "catmullrom"
						},
						"2.0833": {
							"post": [13.30105, 9.56597, 6.41844],
							"lerp_mode": "catmullrom"
						},
						"2.2917": {
							"post": [-8.5625, -19.62743, -0.59661],
							"lerp_mode": "catmullrom"
						},
						"2.7083": {
							"post": [13.30105, 9.56597, 6.41844],
							"lerp_mode": "catmullrom"
						},
						"2.9167": {
							"post": [-8.5625, -19.62743, -0.59661],
							"lerp_mode": "catmullrom"
						},
						"3.2917": {
							"post": [13.30105, 9.56597, 6.41844],
							"lerp_mode": "catmullrom"
						},
						"3.5": {
							"post": [-8.5625, -19.62743, -0.59661],
							"lerp_mode": "catmullrom"
						},
						"3.9167": {
							"post": [13.30105, 9.56597, 6.41844],
							"lerp_mode": "catmullrom"
						},
						"4.0833": {
							"post": [-8.5625, -19.62743, -0.59661],
							"lerp_mode": "catmullrom"
						},
						"4.5": [13.30105, 9.56597, 6.41844],
						"4.8333": [13.30105, 9.56597, 6.41844],
						"5.4167": [-4.19895, 9.56597, 6.41844],
						"5.625": [-9.19895, 9.56597, 6.41844],
						"5.75": [33.09595, 7.47392, 5.03438],
						"6.0833": [93.9249, 0.764, 14.74903]
					},
					"position": {
						"0.5": [0, 0, 0],
						"0.7083": [0, -2, 0],
						"5.625": [0, 0, 0],
						"5.75": [0, -2, 0],
						"5.9167": [0, -2, 0],
						"6.0833": [0, -2, 3]
					}
				},
				"rightArm": {
					"rotation": {
						"0.0": {
							"post": [57.5, 0, 85],
							"lerp_mode": "catmullrom"
						},
						"0.125": {
							"post": [67.5, 0, 85],
							"lerp_mode": "catmullrom"
						},
						"0.2917": {
							"post": [85, 0, 85],
							"lerp_mode": "catmullrom"
						},
						"0.5": {
							"post": [-120, -7.5, 95],
							"lerp_mode": "catmullrom"
						},
						"0.9167": {
							"post": [-290, 10, 85],
							"lerp_mode": "catmullrom"
						},
						"1.125": {
							"post": [-480, -7.5, 95],
							"lerp_mode": "catmullrom"
						},
						"1.5": {
							"post": [-650, 10, 85],
							"lerp_mode": "catmullrom"
						},
						"1.7083": {
							"post": [-840, -7.5, 95],
							"lerp_mode": "catmullrom"
						},
						"2.0833": {
							"post": [-1010, 10, 85],
							"lerp_mode": "catmullrom"
						},
						"2.2917": {
							"post": [-1200, -7.5, 95],
							"lerp_mode": "catmullrom"
						},
						"2.7083": {
							"post": [-1370, 10, 85],
							"lerp_mode": "catmullrom"
						},
						"2.9167": {
							"post": [-1560, -7.5, 95],
							"lerp_mode": "catmullrom"
						},
						"3.2917": {
							"post": [-1730, 10, 85],
							"lerp_mode": "catmullrom"
						},
						"3.5": {
							"post": [-1920, -7.5, 95],
							"lerp_mode": "catmullrom"
						},
						"3.9167": {
							"post": [-2090, 10, 85],
							"lerp_mode": "catmullrom"
						},
						"4.0833": {
							"post": [-2280, -7.5, 95],
							"lerp_mode": "catmullrom"
						},
						"4.5": {
							"post": [-2500, 20, 95],
							"lerp_mode": "catmullrom"
						},
						"4.8333": [-2600, 92.5, 90],
						"5.4167": [-2615, 80, 80],
						"5.625": [-2600, 80, 90],
						"5.75": [-2580, 110, 110],
						"5.9167": [-2610, -25, 90],
						"6.0833": [-2610, 0, 90]
					},
					"position": {
						"0.2917": {
							"pre": [0, 0, 0],
							"post": [0, 0, 0],
							"lerp_mode": "catmullrom"
						},
						"0.5": {
							"post": [0, 3, -1],
							"lerp_mode": "catmullrom"
						},
						"0.9167": {
							"post": [0, 1, 0],
							"lerp_mode": "catmullrom"
						},
						"1.125": {
							"post": [0, 3, -1],
							"lerp_mode": "catmullrom"
						},
						"1.5": {
							"post": [0, 1, 0],
							"lerp_mode": "catmullrom"
						},
						"1.7083": {
							"post": [0, 2, -1],
							"lerp_mode": "catmullrom"
						},
						"2.0833": {
							"post": [0, 1, 0],
							"lerp_mode": "catmullrom"
						},
						"2.2917": {
							"post": [0, 2, -1],
							"lerp_mode": "catmullrom"
						},
						"2.7083": {
							"post": [0, 1, 0],
							"lerp_mode": "catmullrom"
						},
						"2.9167": {
							"post": [0, 2, -1],
							"lerp_mode": "catmullrom"
						},
						"3.2917": {
							"post": [0, 1, 0],
							"lerp_mode": "catmullrom"
						},
						"3.5": {
							"post": [0, 2, -1],
							"lerp_mode": "catmullrom"
						},
						"3.9167": {
							"post": [0, 1, 0],
							"lerp_mode": "catmullrom"
						},
						"4.0833": {
							"post": [0, 2, -1],
							"lerp_mode": "catmullrom"
						},
						"4.5": {
							"post": [0, 1, 0],
							"lerp_mode": "catmullrom"
						},
						"4.8333": [0, 1, 0],
						"5.4167": [0, 1, 0],
						"5.625": [0, 1, -1],
						"5.75": [0, 1, 0],
						"5.8333": [0, 1, 0],
						"5.9167": [0, 0, 0]
					}
				},
				"rightForeArm": {
					"rotation": {
						"0.0": {
							"post": [-5, 0, 0],
							"lerp_mode": "catmullrom"
						},
						"0.2917": {
							"post": [-5, 0, 0],
							"lerp_mode": "catmullrom"
						},
						"0.5": {
							"post": [7.5, 0, 0],
							"lerp_mode": "catmullrom"
						},
						"4.75": [7.5, 0, 0],
						"5.2083": {
							"pre": [5, 0, 0],
							"post": [5, 0, 0],
							"lerp_mode": "catmullrom"
						},
						"5.4167": [2.16613, -0.3262, 7.9616],
						"5.625": [2.16613, -0.3262, 7.9616],
						"5.9167": [-2.75801, 0.54177, 7.95712],
						"6.0833": [-2.779, 0.42099, 5.45995]
					},
					"position": [0, 0, 0]
				},
				"rightZanGiri": {
					"scale": {
						"0.0": [1, 1.5, 1],
						"0.2917": [1, 1.5, 1],
						"0.5": [1, 7, 1],
						"5.625": [1, 7, 1],
						"5.75": [1, 1, 1],
						"5.9167": [1, 1, 1]
					}
				},
				"rightHakiArm": {
					"scale": 0
				},
				"rightZanGiri2": {
					"rotation": {
						"0.0": {
							"post": [-12.5, 0, 0],
							"lerp_mode": "catmullrom"
						},
						"0.125": {
							"post": [2.5, 0, 0],
							"lerp_mode": "catmullrom"
						},
						"0.375": {
							"post": [5, 0, 0],
							"lerp_mode": "catmullrom"
						},
						"0.5": {
							"post": [12.5, 0, 0],
							"lerp_mode": "catmullrom"
						},
						"4.625": {
							"post": [12.5, 0, 0],
							"lerp_mode": "catmullrom"
						},
						"5.4167": [-7.52136, -0.32621, 7.49294],
						"5.75": [-7.52136, -0.32621, 7.49294],
						"5.9167": [-2.70082, -1.94472, 7.60219],
						"6.0833": [-2.61348, -2.06064, 5.10335]
					},
					"position": {
						"0.0": {
							"post": [0, -9, 0],
							"lerp_mode": "catmullrom"
						},
						"0.2917": {
							"post": [0, -9, 0],
							"lerp_mode": "catmullrom"
						},
						"0.5": [0, -43, 0],
						"4.625": [0, -43, 0],
						"5.4167": [0, -42.52, -0.01],
						"5.625": [0, -42.52, -0.01],
						"5.75": [0, -5.5, 0]
					},
					"scale": {
						"0.2917": [1.25, 2, 1.25],
						"0.5": [1.5, 10, 1.5],
						"5.625": [1.5, 10, 1.5],
						"5.75": [1, 1, 1]
					}
				},
				"rightZanGiri3": {
					"rotation": {
						"0.0": {
							"post": [-20, 0, 0],
							"lerp_mode": "catmullrom"
						},
						"0.125": {
							"post": [5, 0, 0],
							"lerp_mode": "catmullrom"
						},
						"0.375": {
							"post": [12.5, 0, 0],
							"lerp_mode": "catmullrom"
						},
						"0.5": {
							"post": [22.5, 0, 0],
							"lerp_mode": "catmullrom"
						},
						"4.625": [22.5, 0, 0],
						"5.4167": [-10.30014, -1.70818, 19.9299],
						"5.625": [-10.30014, -1.70818, 19.9299],
						"5.75": [-10.11515, -2.59481, 15.00562],
						"5.9167": [-5.42629, -4.69382, 7.67746],
						"6.0833": [-5.42629, -4.69382, 7.67746]
					},
					"position": {
						"0.0": {
							"post": [0, -20.5, -2.5],
							"lerp_mode": "catmullrom"
						},
						"0.125": {
							"post": [0, -20, 0.5],
							"lerp_mode": "catmullrom"
						},
						"0.2917": {
							"post": [0, -19, 1.5],
							"lerp_mode": "catmullrom"
						},
						"0.4167": {
							"post": [0, -60.14, 4.48],
							"lerp_mode": "catmullrom"
						},
						"0.5": [0, -103, 14],
						"4.625": [0, -103, 13.5],
						"5.4167": [-8.5, -103, -8.5],
						"5.625": [-7.5, -102, -8.5],
						"5.75": [-1, -13, -1],
						"5.9167": [-0.75, -13, 0],
						"6.0833": [-0.75, -13, 0]
					},
					"scale": {
						"0.0": [1.75, 1.5, 1.75],
						"0.2917": [1.75, 1.5, 1.75],
						"0.5": [1.75, 1.5, 1.75],
						"5.625": [1.75, 1.5, 1.75],
						"5.75": [1, 1, 1]
					}
				},
				"rightZanGiri5": {
					"position": {
						"0.2917": {
							"pre": [0, 0, 0],
							"post": [0, 0, 0],
							"lerp_mode": "catmullrom"
						},
						"0.5": {
							"post": [0, -19, 0],
							"lerp_mode": "catmullrom"
						},
						"5.625": {
							"post": [0, -17.84, 0],
							"lerp_mode": "catmullrom"
						},
						"5.75": {
							"post": [0, 7.5, 0],
							"lerp_mode": "catmullrom"
						}
					},
					"scale": 1.25
				},
				"rightZanGiri4": {
					"rotation": {
						"0.5": {
							"pre": [0, 0, 0],
							"post": [0, 0, 0],
							"lerp_mode": "catmullrom"
						}
					},
					"scale": {
						"0.375": [1, 2, 1],
						"0.5": [1.25, 8, 1.25],
						"5.625": [1.25, 8, 1.25],
						"5.75": [1.25, 3, 1.25]
					}
				},
				"leftArm": {
					"rotation": {
						"0.0": {
							"post": [-30, 0, -37.5],
							"lerp_mode": "catmullrom"
						},
						"0.125": {
							"post": [-29.9055, -2.49762, -41.83287],
							"lerp_mode": "catmullrom"
						},
						"5.6667": {
							"post": [-29.9055, -2.49762, -41.83287],
							"lerp_mode": "catmullrom"
						},
						"5.9167": {
							"post": [-29.9055, -2.49762, -41.83287],
							"lerp_mode": "catmullrom"
						},
						"6.125": {
							"post": [35.0945, -2.49762, -41.83287],
							"lerp_mode": "catmullrom"
						}
					}
				},
				"leftLeg": {
					"rotation": {
						"0.0": {
							"post": [-2.5, 0, 0],
							"lerp_mode": "catmullrom"
						},
						"0.2083": {
							"post": [-2.5, 0, 0],
							"lerp_mode": "catmullrom"
						},
						"0.5": {
							"post": [-3.84421, -31.53573, 0.4343],
							"lerp_mode": "catmullrom"
						},
						"0.7083": {
							"post": [0.51172, 2.31877, -4.17618],
							"lerp_mode": "catmullrom"
						},
						"5.9167": [0.51172, 2.31877, -4.17618],
						"6.0833": [20.51172, 2.31877, -4.17618]
					},
					"position": {
						"0.0": {
							"post": [0, 0, -1.5],
							"lerp_mode": "catmullrom"
						},
						"0.2083": {
							"post": [0, 0, -1.5],
							"lerp_mode": "catmullrom"
						},
						"0.5": {
							"post": [0.16, 0, 0.16],
							"lerp_mode": "catmullrom"
						},
						"0.7083": {
							"post": [0.4, 0, -1.1],
							"lerp_mode": "catmullrom"
						},
						"5.9167": [0.4, 0, -1.1],
						"6.0833": [0.4, -3, 0.9]
					}
				},
				"rightLeg": {
					"rotation": {
						"0.0": {
							"post": [5.75215, 32.74568, 2.93577],
							"lerp_mode": "catmullrom"
						},
						"0.2083": {
							"post": [5.75215, 32.74568, 2.93577],
							"lerp_mode": "catmullrom"
						},
						"0.5": {
							"post": [-2.68904, -14.72258, 4.3989],
							"lerp_mode": "catmullrom"
						},
						"0.7083": {
							"post": [2.00468, -1.71168, 13.76668],
							"lerp_mode": "catmullrom"
						},
						"4.75": {
							"post": [2.23117, -1.70093, 11.32217],
							"lerp_mode": "catmullrom"
						},
						"5.2083": {
							"post": [-27.69563, 15.2458, 3.00571],
							"lerp_mode": "catmullrom"
						},
						"5.625": {
							"post": [-27.69563, 15.2458, 3.00571],
							"lerp_mode": "catmullrom"
						},
						"5.6667": {
							"post": [-5.19563, 15.2458, 3.00571],
							"lerp_mode": "catmullrom"
						},
						"5.9167": {
							"post": [-5.19563, 15.2458, 3.00571],
							"lerp_mode": "catmullrom"
						},
						"6.0833": [140.84671, 3.17432, -6.03279]
					},
					"position": {
						"0.0": {
							"post": [-0.5, 0, 0.5],
							"lerp_mode": "catmullrom"
						},
						"0.2083": {
							"post": [-0.5, 0, 0.5],
							"lerp_mode": "catmullrom"
						},
						"0.5": {
							"post": [-0.69, 0.54, -1.22],
							"lerp_mode": "catmullrom"
						},
						"0.7083": {
							"post": [-0.2, 0.05, -0.75],
							"lerp_mode": "catmullrom"
						},
						"4.75": {
							"post": [-0.2, 0.53, -0.74],
							"lerp_mode": "catmullrom"
						},
						"5.2083": {
							"post": [-0.69, 4.04, -2.22],
							"lerp_mode": "catmullrom"
						},
						"5.625": {
							"post": [-0.69, 4.04, -2.22],
							"lerp_mode": "catmullrom"
						},
						"5.6667": {
							"post": [-0.69, 0.54, -2.22],
							"lerp_mode": "catmullrom"
						},
						"5.9167": {
							"post": [-0.69, 0.54, -2.22],
							"lerp_mode": "catmullrom"
						},
						"6.0833": [-0.69, -2.46, 0.78]
					}
				},
				"powermochi": {
					"rotation": [0, 0, 0]
				}
			},
			"particle_effects": {
				"0.5": [
					{
						"effect": "mochi_zan_giri2"
					}
				],
				"1.125": [
					{
						"effect": "mochi_zan_giri2"
					},
					{
						"effect": "expansion_white.medium"
					}
				],
				"1.7": [
					{
						"effect": "mochi_zan_giri2"
					}
				],
				"2.2917": [
					{
						"effect": "mochi_zan_giri2"
					},
					{
						"effect": "expansion_white.medium"
					}
				],
				"2.9167": [
					{
						"effect": "mochi_zan_giri2"
					}
				],
				"3.5": [
					{
						"effect": "mochi_zan_giri2"
					}
				],
				"4.0833": [
					{
						"effect": "mochi_zan_giri2"
					}
				],
				"5.7917": [
					{
						"effect": "mochi_zan_giri2"
					},
					{
						"effect": "expansion_white.medium"
					},
					{
						"effect": "mochi_zan_giri.expansion"
					},
					{
						"effect": "smash_black.medium"
					},
					{
						"effect": "smash_white.medium"
					},
					{
						"effect": "slash_white.medium"
					}
				],
				"5.9167": [
					{
						"effect": "smash_black.medium"
					},
					{
						"effect": "smash_white.medium"
					}
				]
			}
		}
	}
}