{
  "format_version": "1.8.0",
  "animations": {
    "animation.oden_nitoryu.idle": {
      "loop": true,
      "bones": {
        "leftArm": {
          "rotation": [-7.5, -15, -10]
        },
        "rightArm": {
          "rotation": [-97.5, 20, 0],
          "position": [0, -1, 0]
        },
        "waist": {
          "rotation": ["query.modified_move_speed * 32.5", 0, 0]
        },
        "katana": {
          "rotation": [-52.5, 0, 0]
        }
      }
    },
    "animation.oden_nitoryu.walk": {
      "loop": true,
      "bones": {
		"capaMove": {
		  "rotation": ["query.modified_move_speed * 22.5", 0, 0]
		},
		"capa2": {
		  "scale": ["query.modified_move_speed ? 0: 1", 0, 0]
		},
        "leftArm": {
          "rotation": [65, -30, -70]
        },
        "rightArm": {
          "rotation": [65, 30, 70]
        }
      }
    },
		"animation.oden_nitoryu.slash": {
			"loop": "hold_on_last_frame",
			"animation_length": 0.5,
			"override_previous_animation": true,
			"bones": {
				"tudo": {
					"rotation": {
						"0.0": [0, -55, 0],
						"0.0833": {
							"pre": [0, -60, 0],
							"post": [0, -60, 0],
							"lerp_mode": "catmullrom"
						},
						"0.1667": {
							"post": [0, -60, 0],
							"lerp_mode": "catmullrom"
						},
						"0.3333": [0, 17.5, 0]
					}
				},
				"waist": {
					"rotation": {
						"0.0": [20, "variable.is_first_person ? 180 : 0", 0],
						"0.0833": [20, "variable.is_first_person ? 175 : -5", -2],
						"0.1667": [20, "variable.is_first_person ? 175 : -5", -2],
						"0.3333": [12.5, "variable.is_first_person ? 175 : -5", 2.5]
					},
					"position": {
						"0.0": [0, -1.5, 1],
						"0.0833": [0, -1.5, 1],
						"0.1667": [0, -1.5, 1],
						"0.3333": [0, -0.5, 0]
					}
				},
				"rightArm": {
					"rotation": {
						"0.1667": [-155, 15, 70],
						"0.2917": [32.5, 10, 90]
					},
					"position": {
						"0.1667": [1, -1, -2.5],
						"0.2917": [0, -1, 1]
					}
				},
				"leftArm": {
					"rotation": {
						"0.1667": [-155, 15, 70],
						"0.2917": [-10, 17.5, 90]
					},
					"position": {
						"0.1667": [0, 0, 0],
						"0.2917": [-3, 1, -4]
					}
				},
				"rightLeg": {
					"rotation": {
						"0.0": [7.5, -5, 7.5],
						"0.0833": {
							"pre": [7.5, -5, 7.5],
							"post": [7.5, -5, 7.5],
							"lerp_mode": "catmullrom"
						},
						"0.1667": {
							"post": [7.5, -5, 7.5],
							"lerp_mode": "catmullrom"
						},
						"0.3333": [10, 10, 5]
					},
					"position": [-0.5, 0, -1.5]
				},
				"leftLeg": {
					"rotation": {
						"0.0": [10, -20, -7.5],
						"0.0833": {
							"pre": [10, -20, -7.5],
							"post": [10, -20, -7.5],
							"lerp_mode": "catmullrom"
						},
						"0.1667": {
							"post": [10, -20, -7.5],
							"lerp_mode": "catmullrom"
						},
						"0.3333": [5, -20, -2.5]
					},
					"position": {
						"0.0": [0.5, 0, -1],
						"0.0833": {
							"pre": [0.5, 0, -1],
							"post": [0.5, 0, -1],
							"lerp_mode": "catmullrom"
						},
						"0.1667": {
							"post": [0.5, 0, -1],
							"lerp_mode": "catmullrom"
						},
						"0.3333": [1, 0, -2]
					}
				},
				"head": {
					"rotation": {
						"0.1667": [-15, 22.5, 0],
						"0.3333": [-10, 20, -5]
					}
				}
			}
		},
		"animation.oden_nitoryu.slash2": {
			"loop": "hold_on_last_frame",
			"animation_length": 0.5,
			"override_previous_animation": true,
			"bones": {
				"tudo": {
					"rotation": {
						"0.0": [0, 17.5, 0],
						"0.0833": {
							"pre": [0, 17.5, 0],
							"post": [0, 17.5, 0],
							"lerp_mode": "catmullrom"
						},
						"0.2083": {
							"post": [0, 17.5, 0],
							"lerp_mode": "catmullrom"
						},
						"0.3333": [0, -50, 0]
					}
				},
				"waist": {
					"rotation": {
						"0.0": [12.5, "variable.is_first_person ? 175 : -5", 2.5],
						"0.1667": [12.5, "variable.is_first_person ? 185 : 5", 2.5],
						"0.3333": [12.5, "variable.is_first_person ? 175 : -5", 2.5]
					},
					"position": [0, -0.5, 0]
				},
				"rightArm": {
					"rotation": {
						"0.0": [32.5, 10, 90],
						"0.1667": [-155, -15, -70],
						"0.3333": [-10, -17.5, -90]
					},
					"position": {
						"0.0": [0, -1, 1],
						"0.1667": [0, 0, 0],
						"0.3333": [3, 1, -4]
					}
				},
				"leftArm": {
					"rotation": {
						"0.0": [-10, 17.5, 90],
						"0.1667": [-155, -15, -70],
						"0.3333": [32.5, -10, -90]
					},
					"position": {
						"0.0": [-3.5, 0, -4],
						"0.1667": [-1, -1, -2.5],
						"0.3333": [0, -1, 1]
					}
				},
				"rightLeg": {
					"rotation": {
						"0.0": [10, 10, 5],
						"0.3333": [10, -2.5, 7.5]
					},
					"position": [-0.5, 0, -1.5]
				},
				"leftLeg": {
					"rotation": [5, -20, -2.5],
					"position": [1, 0, -2]
				},
				"head": {
					"rotation": {
						"0.1667": [-10, 20, -5],
						"0.3333": [-4.43064, 5.21255, -2.41336]
					}
				}
			}
		},
		"animation.oden_nitoryu.slash3": {
			"loop": "hold_on_last_frame",
			"animation_length": 0.5,
			"override_previous_animation": true,
			"bones": {
				"tudo": {
					"rotation": {
						"0.0": [0, -50, 0],
						"0.2083": [0, 0, 0],
						"0.3333": [0, 0, 0]
					}
				},
				"waist": {
					"rotation": {
						"0.2083": [-2.5, "variable.is_first_person ? 180 : 0", 0],
						"0.3333": [15, "variable.is_first_person ? 180 : 0", 0]
					},
					"position": [0, -0.5, 0]
				},
				"rightArm": {
					"rotation": {
						"0.0": [-10, -17.5, -90],
						"0.2083": [-125, -10, -40],
						"0.3333": [40, -10, 35]
					},
					"position": {
						"0.0": [3, 1, -4],
						"0.2083": [0, 1.5, 0],
						"0.3333": [0, -1, 0]
					}
				},
				"leftArm": {
					"rotation": {
						"0.0": [32.5, -10, -90],
						"0.2083": [-125, 10, 40],
						"0.3333": [40, 10, -35]
					},
					"position": {
						"0.0": [0, -1, 1],
						"0.2083": [0, 1.5, 0],
						"0.3333": [0, -1, 0]
					}
				},
				"rightLeg": {
					"rotation": {
						"0.2083": [5, 0, 7.5],
						"0.3333": [12.5, 5, 2.5]
					},
					"position": {
						"0.2083": [-1, 0, -2],
						"0.3333": [0, 0, -0.5]
					}
				},
				"leftLeg": {
					"rotation": {
						"0.2083": [5, 0, -7.5],
						"0.3333": [5, 0, 0]
					},
					"position": {
						"0.2083": [1, 0, -2],
						"0.3333": [0.5, 0, -2]
					}
				},
				"head": {
					"rotation": {
						"0.0": [-4.43064, 5.21255, -2.41336],
						"0.2083": [-10, 0, 0]
					}
				}
			}
		},
    "animation.oden_nitoryu.cuts.loop": {
      "loop": "hold_on_last_frame",
      "animation_length": 1.0,
      "override_previous_animation": true,
      "bones": {
        "waist": {
          "rotation": {
            "0.0": [5, "variable.is_first_person ? 180 : 0", 0],
            "0.1667": [5, "variable.is_first_person ? 140 : -40", 0],
            "0.25": [5, "variable.is_first_person ? 140 : -40", 0],
            "0.3333": [5, "variable.is_first_person ? 140 : -40", 0],
            "0.5": [5, "variable.is_first_person ? 220 : 40", 0],
            "0.5833": [5, "variable.is_first_person ? 220 : 40", 0],
            "0.6667": [5, "variable.is_first_person ? 220 : 40", 0],
            "0.8333": [5, "variable.is_first_person ? 180 : 0", 0]
          },
          "position": [0, -1, 0]
        },
        "head": {
          "rotation": {
            "0.0": [12.5, 0, 0],
            "0.1667": [10, -15, 0],
            "0.3333": [10, -15, 0],
            "0.5": [10, 15, 0],
            "0.7083": [10, 15, 0],
            "0.875": [12.5, 0, 0]
          }
        },
        "rightArm": {
          "rotation": {
            "0.0": [-90, 60, -25],
            "0.1667": [-25, 10, -55],
            "0.25": [-25, 10, -55],
            "0.3333": [-155, -20, 120],
            "0.5": [15, -5, 125]
          },
          "position": {
            "0.0": [0, 0, 0],
            "0.1667": [1, 0, -2],
            "0.3333": [1, 0, -2],
            "0.5": [-0.5, 0, 0.5]
          }
        },
        "katana": {
          "rotation": {
            "0.0": [0, 0, 0],
            "0.1667": [45, 0, 0],
            "0.3333": [45, 0, 0],
            "0.5": [0, 0, 0]
          }
        },
        "leftArm": {
          "rotation": {
            "0.25": [-90, -60, 25],
            "0.3333": [-90, -60, 25],
            "0.5": [-25, -10, 55],
            "0.625": [-25, -10, 55],
            "0.7083": [-155, 20, -120],
            "0.875": [15, 5, -125]
          },
          "position": {
            "0.3333": [0, 0, 0],
            "0.5": [1, 0, -2],
            "0.7083": [1, 0, -2],
            "0.875": [0.5, 0, 0.5]
          }
        },
        "katanaOff": {
          "rotation": {
            "0.3333": [0, 0, 0],
            "0.5": [45, 0, 0],
            "0.7083": [45, 0, 0],
            "0.875": [0, 0, 0]
          }
        },
        "rightLeg": {
          "rotation": [2.5, 0, 2.5],
          "position": [-0.25, 0, -1]
        },
        "leftLeg": {
          "rotation": [2.5, 0, -2.5],
          "position": [0.25, 0, -1]
        }
      }
    },
	"animation.oden_nitoryu.togen_shirataki.start": {
	  "loop": "hold_on_last_frame",
	  "animation_length": 9999,
	  "override_previous_animation": true,
	  "bones": {
		"tudo": {
		  "rotation": {
			"0.0": [0, 0, 0],
			"0.25": [0, -65, 0]
		  }
		},
		"waist": {
		  "rotation": {
			"0.0": [0, "variable.is_first_person ? 180 : 0", 0],
			"0.25": [12.5, "variable.is_first_person ? 175 : -5", 2.5]
		  },
		  "position": {
			"0.0": [0, 0, 0],
			"0.25": [0, -0.5, 0]
		  }
		},
		"rightArm": {
		  "rotation": {
			"0.0": [0, 0, 0],
			"0.25": [-145, -10, 67.5]
		  },
		  "position": {
			"0.0": [0, 0, 0],
			"0.25": [1.5, -0.5, -3.5]
		  }
		},
		"leftArm": {
		  "rotation": {
			"0.0": [0, 0, 0],
			"0.25": [-145, -7.5, 65]
		  },
		  "position": {
			"0.0": [0, 0, 0],
			"0.25": [0, 1.5, 0]
		  }
		},
		"rightLeg": {
		  "rotation": {
			"0.0": [0, 0, 0],
			"0.25": [20, 10, 15]
		  },
		  "position": {
			"0.0": [0, 0, 0],
			"0.25": [-0.5, 0, -3.5]
		  }
		},
		"leftLeg": {
		  "rotation": {
			"0.0": [0, 0, 0],
			"0.25": [22.5, -35, -12.5]
		  },
		  "position": {
			"0.0": [0, 0, 0],
			"0.25": [2, 0, -2]
					}
				},
				"head": {
					"rotation": {
						"0.0": [0, 0, 0],
						"0.25": [0, 30, -5]
					}
				}
			}
		},
		"animation.oden_nitoryu.togen_shirataki.end": {
			"loop": "hold_on_last_frame",
			"animation_length": 1,
			"override_previous_animation": true,
			"bones": {
				"tudo": {
					"rotation": {
						"0.0": [0, -65, 0],
						"0.0833": [0, 0, 0]
					}
				},
				"waist": {
					"rotation": {
						"0.0": [12.5, "variable.is_first_person ? 175 : -5", 2.5],
						"0.0833": [0, "variable.is_first_person ? 180 : 0", 0],
						"0.1667": [45, "variable.is_first_person ? 180 : 0", 0]
					},
					"position": [0, -0.5, 0]
				},
				"rightArm": {
					"rotation": {
						"0.0": [-145, -10, 67.5],
						"0.0833": [-160.32036, -16.11808, 59.73372],
						"0.1667": [45, 10, 90]
					},
					"position": {
						"0.0": [1.5, -0.5, -3.5],
						"0.0833": [2, -0.5, -3.5],
						"0.1667": [0, 0, 0]
					}
				},
				"leftArm": {
					"rotation": {
						"0.0": [-145, -7.5, 65],
						"0.0833": [-132.87376, 9.94972, -59.69781],
						"0.1667": [45, -10, -90]
					},
					"position": {
						"0.0": [0, 1.5, 0],
						"0.0833": [-1, -1, -4],
						"0.1667": [0, 0, 0]
					}
				},
				"rightLeg": {
					"rotation": {
						"0.0": [20, 10, 15],
						"0.0833": [69.91686, 6.07815, -1.29837]
					},
					"position": {
						"0.0": [-0.5, 0, -3.5],
						"0.0833": [-1, 0, -5.5]
					}
				},
				"leftLeg": {
					"rotation": {
						"0.0": [22.5, -35, -12.5],
						"0.0833": [60, -20, -5]
					},
					"position": {
						"0.0": [2, 0, -2],
						"0.0833": [2, -1, -2.5]
					}
				},
				"head": {
					"rotation": {
						"0.0": [0, 30, -5],
						"0.0833": [15, 0, 0],
						"0.1667": [10, 0, 0]
					}
				}
			}
		},
		"animation.oden_nitoryu.togen_totsuka.start": {
			"loop": "hold_on_last_frame",
			"animation_length": 9999,
			"override_previous_animation": true,
			"bones": {
				"tudo": {
					"rotation": {
						"0.0": [0, 0, 0],
						"0.25": [0, -65, 0]
					}
				},
				"waist": {
					"rotation": {
						"0.0": [0, "variable.is_first_person ? 180 : 0", 0],
						"0.25": [33.34012, "variable.is_first_person ? 194.25 : 14.25", -8.84975]
					},
					"position": {
						"0.0": [0, 0, 0],
						"0.25": [0, -0.5, 0]
					}
				},
				"rightArm": {
					"rotation": {
						"0.0": [0, 0, 0],
						"0.25": [-99.23669, -0.06832, 35.45452]
					},
					"position": {
						"0.0": [0, 0, 0],
						"0.25": [0, 1, -2]
					}
				},
				"leftArm": {
					"rotation": {
						"0.0": [0, 0, 0],
						"0.25": [30.20929, -33.47569, -77.22088]
					},
					"position": {
						"0.0": [0, 0, 0],
						"0.25": [0, -0.5, 0]
					}
				},
				"rightLeg": {
					"rotation": {
						"0.0": [0, 0, 0],
						"0.25": [17.47031, 14.03025, 2.8987]
					},
					"position": {
						"0.0": [0, 0, 0],
						"0.25": [-2, 0, -3.5]
					}
				},
				"leftLeg": {
					"rotation": {
						"0.0": [0, 0, 0],
						"0.25": [20.84813, -30.69234, -23.25232]
					},
					"position": {
						"0.0": [0, 0, 0],
						"0.25": [0, 0, -3]
					}
				},
				"head": {
					"rotation": {
						"0.0": [0, 0, 0],
						"0.25": [0, 0, 0]
					}
				}
			}
		},
		"animation.oden_nitoryu.togen_totsuka.end": {
			"loop": "hold_on_last_frame",
			"animation_length": 1,
			"override_previous_animation": true,
			"bones": {
				"tudo": {
					"rotation": {
						"0.0": [0, -65, 0],
						"0.1667": [0, 0, 0]
					}
				},
				"waist": {
					"rotation": {
						"0.0": [33.34012, "variable.is_first_person ? 194.25 : 14.25", -8.84975],
						"0.1667": [45, "variable.is_first_person ? 180 : 0", 0]
					},
					"position": [0, -0.5, 0]
				},
				"rightArm": {
					"rotation": {
						"0.0": [-99.23669, -0.06832, 35.45452],
						"0.1667": [-122.5, 0, 0]
					},
					"position": {
						"0.0": [0, 1, -2],
						"0.1667": [0, 1, -2]
					}
				},
				"leftArm": {
					"rotation": {
						"0.0": [30.20929, -33.47569, -77.22088],
						"0.1667": [-90, -52.5, -90]
					},
					"position": {
						"0.0": [0, -0.5, 0],
						"0.1667": [0, 1.5, -1]
					}
				},
				"rightLeg": {
					"rotation": {
						"0.0": [17.47031, 14.03025, 2.8987],
						"0.1667": [55, 0, 0]
					},
					"position": {
						"0.0": [-2, 0, -3.5],
						"0.1667": [0, 0, -0.5]
					}
				},
				"leftLeg": {
					"rotation": {
						"0.0": [20.84813, -30.69234, -23.25232],
						"0.1667": [60, 0, 0]
					},
					"position": {
						"0.0": [0, 0, -3],
						"0.1667": [0, -1, -4.5]
					}
				},
				"head": {
					"rotation": {
						"0.0": [0, 0, 0],
						"0.1667": [-25, 0, 0]
					}
				}
			}
		}
  }
}