{
	"format_version": "1.8.0",
	"animations": {
		"animation.room": {
			"loop": false,
			"animation_length": 1.5,
			"bones": {
				"room": {
					"rotation": {
						"0.0": [0, 0, 0],
						"1.5": [0, 360, 0]
					},
					"scale": {
						"0.0": [0, 0, 0],
						"1.5": [1, 1, 1]
					}
				}
			}
		},
		"animation.radio_knife": {
			"animation_length": 3,
			"override_previous_animation": true,
			"bones": {
				"body": {
					"rotation": [0, 0, 0],
					"position": {
						"0.0": [0, 0, 0],
						"0.0833": [0, 0.85333, 0],
						"0.3333": [0, 0, 0]
					}
				},
				"head": {
					"rotation": {
						"0.0": [0, 0, 0],
						"0.0833": [-25, 0, 0],
						"0.5": [-43.89218, -18.05776, 8.74472],
						"0.625": [-6.39218, -18.05776, 8.74472],
						"0.875": [-2.19713, -18.99817, -4.40435],
						"1.2083": [1.09567, -18.73187, 0.87219]
					},
					"position": {
						"0.0": [0, 0, 0],
						"0.0833": [0.57, 2.13667, 3.05667],
						"0.1667": [1.14, 1.44333, 7.45333],
						"0.25": [1.70667, -11.2, 8.53333],
						"0.4167": [3.58, -19.99667, 6.99],
						"0.5": [5.44333, -23.46667, 7.35667],
						"0.625": [5.44, -20.16333, 7.36],
						"0.75": [5.44, -23.78667, 7.36],
						"0.875": [5.44, -22.83, 7.36],
						"0.9583": [5.44, -23.89667, 7.36],
						"1.0833": [5.44, -23.47333, 7.36],
						"1.2083": [5.44, -23.68333, 7.36]
					}
				},
				"hat": {
					"rotation": [0, 0, 0]
				},
				"rightArm": {
					"rotation": {
						"0.0": [0, 0, 0],
						"0.1667": [-24.47761, 5.24826, 11.36081],
						"0.4167": [-23.30696, 9.30727, 20.57639],
						"0.5833": [-8.01847, 7.49134, 5.52367],
						"0.75": [-0.84658, 7.46156, 3.00241],
						"1.0": [-40.84658, 7.46156, 3.00241],
						"1.25": [-88.34658, 7.46156, 3.00241]
					},
					"position": {
						"0.0": [0, 0, 0],
						"0.1667": [0, -1.49333, 3.2],
						"0.4167": [0, -11.51667, 3.2],
						"0.5833": [0, -9.28, 3.2],
						"0.75": [0, -12.05333, 3.2],
						"0.875": [0, -10.98333, 3.2],
						"1.0": [0, -12.47333, 3.2],
						"1.25": [0, -19.51, 8.21333]
					}
				},
				"leftArm": {
					"rotation": {
						"0.125": [0, 0, 0],
						"0.3333": [0, 0, 0],
						"0.5833": [0, 0, 10],
						"1.0": [0, 0, 92.5]
					},
					"position": {
						"0.125": [0, 0, 0],
						"0.3333": [1.06667, -12.16, -2.98667],
						"0.4583": [1.81667, -10.88, -2.13333],
						"0.5833": [2.24333, -11.62667, -2.56],
						"1.0": [9.70667, -18.77667, -4.05333]
					}
				},
				"leftSleeve": {
					"rotation": [0, 0, 0],
					"position": [0, 0, 0]
				}
			}
		},
		"animation.ope.shambles_cut.start": {
			"loop": "hold_on_last_frame",
			"animation_length": 1,
			"override_previous_animation": true,
			"bones": {
				"waist": {
					"rotation": {
						"0.0": [0, 0, 0],
						"0.2083": [28.48138, -19.03287, 3.99941]
					}
				},
				"rightArm": {
					"rotation": {
						"0.0": [0, 0, 0],
						"0.2083": [-139.00423, 1.68259, 92.74821]
					},
					"position": {
						"0.0": [0, 0, 0],
						"0.2083": [2.5, -1, -3]
					}
				},
				"leftArm": {
					"rotation": {
						"0.0": [0, 0, 0],
						"0.2083": [40, 0, -15]
					}
				}
			}
		},
		"animation.ope.shambles_cut.end": {
			"loop": "hold_on_last_frame",
			"animation_length": 0.5,
			"override_previous_animation": true,
			"bones": {
				"waist": {
					"rotation": {
						"0.0": [28.48138, -19.03287, 3.99941],
						"0.2083": [18.21141, 49.3134, 14.0148]
					}
				},
				"rightArm": {
					"rotation": {
						"0.0": [-139.00423, 1.68259, 92.74821],
						"0.2083": [8.49577, 1.68259, 92.74821]
					},
					"position": {
						"0.0": [2.5, -1, -3],
						"0.2083": [0, -1, 0]
					}
				},
				"leftArm": {
					"rotation": {
						"0.0": [40, 0, -15],
						"0.2083": [-35, 0, -52.5]
					}
				}
			}
		},
		"animation.ope.shambles_cut.end2": {
			"loop": "hold_on_last_frame",
			"animation_length": 0.5,
			"override_previous_animation": true,
			"bones": {
				"waist": {
					"rotation": {
						"0.0": [18.21141, 49.3134, 14.0148],
						"0.2083": [15.58304, -40.67389, -10.29525]
					}
				},
				"rightArm": {
					"rotation": {
						"0.0": [8.49577, 1.68259, 92.74821],
						"0.2083": [319.43819, 24.10498, 294.37199]
					},
					"position": {
						"0.0": [0, -1, 0],
						"0.2083": [2, 1, -3.5]
					}
				},
				"leftArm": {
					"rotation": {
						"0.0": [-35, 0, -52.5],
						"0.2083": [35, 0, -52.5]
					}
				}
			}
		},
		"animation.ope.shambles_cut.end3": {
			"loop": "hold_on_last_frame",
			"animation_length": 0.5,
			"override_previous_animation": true,
			"bones": {
				"waist": {
					"rotation": {
						"0.0": [15.58304, -40.67389, -10.29525],
						"0.2083": [-10.99464, 13.016, -1.22873]
					}
				},
				"rightArm": {
					"rotation": {
						"0.0": [319.43819, 24.10498, 294.37199],
						"0.0833": [287.91881, -6.63193, 474.40033],
						"0.2083": [393.12392, 26.74813, 521.01294]
					},
					"position": {
						"0.0": [2, 1, -3.5],
						"0.2083": [-1.5, 2.5, -1]
					}
				},
				"leftArm": {
					"rotation": {
						"0.0": [35, 0, -52.5],
						"0.2083": [-26.63272, 5.07855, -33.12994]
					}
				}
			}
		},
		"animation.ope.radio_knife.end": {
			"loop": false,
			"animation_length": 0.5,
			"bones": {
				"body": {
					"rotation": {
						"0.0": [0, 0, 0],
						"0.35": [0, -87.5, 0]
					},
					"position": [0, 0, 0]
				},
				"rightArm": {
					"rotation": {
						"0.0": [-151.17101, 6.42738, -52.84898],
						"0.35": [-44.86596, 10.83574, -49.84514]
					},
					"position": {
						"0.175": [0, 0, 0],
						"0.35": [0, 0, -2]
					}
				},
				"leftArm": {
					"rotation": {
						"0.0": [15, 0, -7.5],
						"0.35": [18.52938, -22.58831, -19.57544]
					}
				}
			}
		},
		"animation.ope.shambles_blocks.start": {
			"animation_length": 9999,
			"bones": {
				"shambles_block1": {
					"rotation": ["query.anim_time * 400", "-query.anim_time * 400", "query.anim_time * 400"],
					"position": {
						"0.0": [-20, -60, 0],
						"0.4": [-20, 22, 0]
					},
					"scale": 6
				},
				"shambles_block2": {
					"rotation": ["query.anim_time * 400", "-query.anim_time * 400", "query.anim_time * 400"],
					"position": {
						"0.0": [20, -60, 0],
						"0.4": [20, 22, 0]
					},
					"scale": 6
				},
				"shambles_block3": {
					"rotation": ["query.anim_time * 400", "-query.anim_time * 400", "query.anim_time * 400"],
					"position": {
						"0.0": [48, -60, 0],
						"0.4": [20, 48, 0]
					},
					"scale": 6
				},
				"shambles_block4": {
					"rotation": ["query.anim_time * 400", "-query.anim_time * 400", "query.anim_time * 400"],
					"position": {
						"0.0": [-48, -60, 0],
						"0.4": [-20, 48, 0]
					},
					"scale": 6
				}
			}
		},
		"animation.ope.shambles_blocks.end": {
			"animation_length": 0.75,
			"bones": {
				"shambles_block1": {
					"rotation": ["query.anim_time * 400", "-query.anim_time * 400", "query.anim_time * 400"],
					"position": [-20, 22, 0],
					"scale": {
						"0.19": [6, 6, 6],
						"0.2": [0, 0, 0]
					}
				},
				"shambles_block2": {
					"rotation": ["query.anim_time * 400", "-query.anim_time * 400", "query.anim_time * 400"],
					"position": [20, 22, 0],
					"scale": {
						"0.34": [5, 5, 5],
						"0.35": [0, 0, 0]
					}
				},
				"shambles_block3": {
					"rotation": ["query.anim_time * 400", "-query.anim_time * 400", "query.anim_time * 400"],
					"position": [20, 48, 0],
					"scale": {
						"0.64": [6, 6, 6],
						"0.65": [0, 0, 0]
					}
				},
				"shambles_block4": {
					"rotation": ["query.anim_time * 400", "-query.anim_time * 400", "query.anim_time * 400"],
					"position": [-20, 48, 0],
					"scale": {
						"0.49": [6, 6, 6],
						"0.5": [0, 0, 0]
					}
				}
			}
		},
		"animation.ope.mess": {
			"loop": false,
			"animation_length": 0.4,
			"bones": {
				"rightArm": {
					"rotation": {
						"0.0": [0, 0, 0],
						"0.1667": [-80.5, 4.5, 42]
					},
					"position": [0, 0, 0]
				},
				"waist": {
					"rotation": {
						"0.0": [0, -2.5, 0],
						"0.1667": [10, -17.5, 0]
					}
				}
			}
		},
		"animation.ope.counter_shock.end": {
			"loop": false,
			"animation_length": 0.3,
			"bones": {
				"waist": {
					"rotation": {
						"0.0": [-17.5, 0, 0],
						"0.1667": [7.5, 0, 0]
					}
				},
				"rightArm": {
					"rotation": {
						"0.0": [-72.5, 0, 0],
						"0.1667": [-97.5, 0, 0]
					},
					"position": {
						"0.0": [0, 0, 0],
						"0.1667": [0, 0.5, -3]
					}
				},
				"leftArm": {
					"rotation": {
						"0.0": [-72.5, 0, 0],
						"0.1667": [-97.5, 0, 0]
					},
					"position": {
						"0.0": [0, 0, 0],
						"0.1667": [0, 0.5, -3]
					}
				}
			}
		},
		"animation.ope.gamma_knife.end": {
			"loop": "hold_on_last_frame",
			"animation_length": 1,
			"override_previous_animation": true,
			"bones": {
				"tudo": {
					"rotation": {
						"0.125": [0, 52.5, 0],
						"0.2": [0, 30, 0]
					}
				},
				"rightArm": {
					"rotation": {
						"0.125": [35, 0, 45],
						"0.2": [42.5, 0, 45]
					}
				},
				"leftArm": {
					"rotation": {
						"0.125": [-145.57521, 0.41048, -79.11269],
						"0.2": [-110.57521, 0.41048, -79.11269]
					},
					"position": [-1.5, 0, -4]
				},
				"rightLeg": {
					"rotation": {
						"0.125": [13.74538, 24.3683, 5.7632],
						"0.2": [22.76348, 21.22984, 16.05579]
					},
					"position": [-1, 0.5, -1]
				},
				"leftLeg": {
					"rotation": {
						"0.125": [10.62758, -19.6835, -3.61644],
						"0.2": [13.82232, -20.52872, 1.6317]
					},
					"position": [1.5, 1.5, -3.5]
				}
			},
			"particle_effects": {
				"0.0": [
					{
						"effect": "ope_gamma_knife",
						"locator": "gamma_knife"
					}
				],
				"0.1": [
					{
						"effect": "ope_gamma_knife",
						"locator": "gamma_knife"
					}
				],
				"0.2": [
					{
						"effect": "ope_gamma_knife",
						"locator": "gamma_knife"
					}
				],
				"0.3": [
					{
						"effect": "ope_gamma_knife",
						"locator": "gamma_knife"
					}
				]
			}
		}
	}
}