{
	"format_version": "1.8.0",
	"animations": {
		"animation.phoenix.fly": {
			"loop": true,
			"animation_length": 1,
			"bones": {
				"leftLeg": {
					"rotation": [-4.00132, -12.84954, -4.00132]
				},
				"leftForeLeg": {
					"rotation": [5, 0, 0]
				},
				"rightLeg": {
					"rotation": [-4.00132, 12.84954, 4.00132]
				},
				"rightForeLeg": {
					"rotation": [5, 0, 0]
				},
				"wing_right": {
					"rotation": {
						"0.0": [0, 2.5, 0],
						"0.25": {
							"pre": [0, 65, 0],
							"post": [0, 65, 0],
							"lerp_mode": "catmullrom"
						},
						"0.5": {
							"post": [0, 15, 0],
							"lerp_mode": "catmullrom"
						},
						"0.75": {
							"post": [0, -45, 0],
							"lerp_mode": "catmullrom"
						},
						"1.0": [0, 2.5, 0]
					},
					"position": {
						"0.0": [0, 0, 0],
						"0.25": [0, 0, -1.5],
						"0.5": [0, 0, -1],
						"0.75": [0, 0, 1],
						"1.0": [0, 0, 0]
					}
				},
				"wing_right2": {
					"rotation": {
						"0.0": [0, -10, 0],
						"0.25": {
							"pre": [0, -10, 0],
							"post": [0, -10, 0],
							"lerp_mode": "catmullrom"
						},
						"0.5": {
							"post": [0, 7.5, 0],
							"lerp_mode": "catmullrom"
						},
						"0.75": {
							"post": [0, -25, 0],
							"lerp_mode": "catmullrom"
						},
						"1.0": [0, -10, 0]
					}
				},
				"wing_left": {
					"rotation": {
						"0.0": [0, -2.5, 0],
						"0.25": {
							"pre": [0, -65, 0],
							"post": [0, -65, 0],
							"lerp_mode": "catmullrom"
						},
						"0.5": {
							"post": [0, -15, 0],
							"lerp_mode": "catmullrom"
						},
						"0.75": {
							"post": [0, 45, 0],
							"lerp_mode": "catmullrom"
						},
						"1.0": [0, -2.5, 0]
					},
					"position": {
						"0.0": [0, 0, 0],
						"0.25": [0, 0, -1.5],
						"0.5": [0, 0, -1],
						"0.75": [0, 0, 1],
						"1.0": [0, 0, 0]
					}
				},
				"wing_left2": {
					"rotation": {
						"0.0": [0, 10, 0],
						"0.25": {
							"pre": [0, 10, 0],
							"post": [0, 10, 0],
							"lerp_mode": "catmullrom"
						},
						"0.5": {
							"post": [0, -7.5, 0],
							"lerp_mode": "catmullrom"
						},
						"0.75": {
							"post": [0, 25, 0],
							"lerp_mode": "catmullrom"
						},
						"1.0": [0, 10, 0]
					}
				},
				"wing_right3": {
					"rotation": {
						"0.0": [0, -10, 0],
						"0.25": {
							"pre": [0, -10, 0],
							"post": [0, -10, 0],
							"lerp_mode": "catmullrom"
						},
						"0.4375": {
							"post": [0, 12.5, 0],
							"lerp_mode": "catmullrom"
						},
						"0.5": {
							"post": [0, 12.5, 0],
							"lerp_mode": "catmullrom"
						},
						"0.75": {
							"post": [0, 15, 0],
							"lerp_mode": "catmullrom"
						},
						"1.0": [0, -10, 0]
					}
				},
				"wing_left3": {
					"rotation": {
						"0.0": [0, 10, 0],
						"0.25": {
							"pre": [0, 10, 0],
							"post": [0, 10, 0],
							"lerp_mode": "catmullrom"
						},
						"0.4375": {
							"post": [0, -12.5, 0],
							"lerp_mode": "catmullrom"
						},
						"0.5": {
							"post": [0, -12.5, 0],
							"lerp_mode": "catmullrom"
						},
						"0.75": {
							"post": [0, -15, 0],
							"lerp_mode": "catmullrom"
						},
						"1.0": [0, 10, 0]
					}
				},
				"garras": {
					"rotation": [60, 0, 0]
				},
				"garras2": {
					"rotation": [60, 0, 0]
				},
				"headPhoenix": {
					"rotation": [-90, 0, 0],
					"position": [0, 3, -3]
				},
				"crina": {
					"rotation": [15, 0, 0]
				},
				"crina3": {
					"rotation": [7.5, 0, 0]
				},
				"crina2": {
					"rotation": [27.5, 0, 0],
					"position": [0, 0.72444, 0.19411]
				},
				"garras3": {
					"rotation": [60, 0, 0]
				}
			}
		},
		"animation.phoenix.sneaking": {
			"loop": true,
			"animation_length": 1,
			"bones": {
				"leftLeg": {
					"rotation": {
						"0.0": [-4.00132, -12.84954, -4.00132],
						"0.5": [-8.434, -13.44248, -6.49537],
						"1.0": [-4.00132, -12.84954, -4.00132]
					}
				},
				"leftForeLeg": {
					"rotation": [25, 0, 0]
				},
				"rightLeg": {
					"rotation": {
						"0.0": [-4.00132, 12.84954, 4.00132],
						"0.5": [-8.434, 13.44248, 6.49537],
						"1.0": [-4.00132, 12.84954, 4.00132]
					}
				},
				"rightForeLeg": {
					"rotation": [25, 0, 0]
				},
				"wing_right": {
					"rotation": {
						"0.0": [0, 2.5, 0],
						"0.25": {
							"pre": [0, 65, 0],
							"post": [0, 65, 0],
							"lerp_mode": "catmullrom"
						},
						"0.5": {
							"post": [0, 15, 0],
							"lerp_mode": "catmullrom"
						},
						"0.75": {
							"post": [0, -45, 0],
							"lerp_mode": "catmullrom"
						},
						"1.0": [0, 2.5, 0]
					},
					"position": {
						"0.0": [0, 0, 0],
						"0.25": [0, 0, -1.5],
						"0.5": [0, 0, -1],
						"0.75": [0, 0, 1],
						"1.0": [0, 0, 0]
					}
				},
				"wing_right2": {
					"rotation": {
						"0.0": [0, -10, 0],
						"0.25": {
							"pre": [0, -10, 0],
							"post": [0, -10, 0],
							"lerp_mode": "catmullrom"
						},
						"0.5": {
							"post": [0, 7.5, 0],
							"lerp_mode": "catmullrom"
						},
						"0.75": {
							"post": [0, -25, 0],
							"lerp_mode": "catmullrom"
						},
						"1.0": [0, -10, 0]
					}
				},
				"wing_left": {
					"rotation": {
						"0.0": [0, -2.5, 0],
						"0.25": {
							"pre": [0, -65, 0],
							"post": [0, -65, 0],
							"lerp_mode": "catmullrom"
						},
						"0.5": {
							"post": [0, -15, 0],
							"lerp_mode": "catmullrom"
						},
						"0.75": {
							"post": [0, 45, 0],
							"lerp_mode": "catmullrom"
						},
						"1.0": [0, -2.5, 0]
					},
					"position": {
						"0.0": [0, 0, 0],
						"0.25": [0, 0, -1.5],
						"0.5": [0, 0, -1],
						"0.75": [0, 0, 1],
						"1.0": [0, 0, 0]
					}
				},
				"wing_left2": {
					"rotation": {
						"0.0": [0, 10, 0],
						"0.25": {
							"pre": [0, 10, 0],
							"post": [0, 10, 0],
							"lerp_mode": "catmullrom"
						},
						"0.5": {
							"post": [0, -7.5, 0],
							"lerp_mode": "catmullrom"
						},
						"0.75": {
							"post": [0, 25, 0],
							"lerp_mode": "catmullrom"
						},
						"1.0": [0, 10, 0]
					}
				},
				"wing_right3": {
					"rotation": {
						"0.0": [0, -10, 0],
						"0.25": {
							"pre": [0, -10, 0],
							"post": [0, -10, 0],
							"lerp_mode": "catmullrom"
						},
						"0.4375": {
							"post": [0, 12.5, 0],
							"lerp_mode": "catmullrom"
						},
						"0.5": {
							"post": [0, 12.5, 0],
							"lerp_mode": "catmullrom"
						},
						"0.75": {
							"post": [0, 15, 0],
							"lerp_mode": "catmullrom"
						},
						"1.0": [0, -10, 0]
					}
				},
				"wing_left3": {
					"rotation": {
						"0.0": [0, 10, 0],
						"0.25": {
							"pre": [0, 10, 0],
							"post": [0, 10, 0],
							"lerp_mode": "catmullrom"
						},
						"0.4375": {
							"post": [0, -12.5, 0],
							"lerp_mode": "catmullrom"
						},
						"0.5": {
							"post": [0, -12.5, 0],
							"lerp_mode": "catmullrom"
						},
						"0.75": {
							"post": [0, -15, 0],
							"lerp_mode": "catmullrom"
						},
						"1.0": [0, 10, 0]
					}
				},
				"garras": {
					"rotation": [60, 0, 0]
				},
				"garras2": {
					"rotation": [60, 0, 0]
				},
				"headPhoenix": {
					"rotation": ["q.target_x_rotation + 10", "q.target_y_rotation", 0]
				},
				"crina": {
					"rotation": [-15, 0, 0]
				},
				"crina3": {
					"rotation": [-12.5, 0, 0],
					"position": [0, 0.5, 0]
				},
				"crina2": {
					"rotation": [10, 0, 0]
				},
				"garras3": {
					"rotation": [60, 0, 0]
				}
			}
		}
	}
}