{
	"format_version": "1.8.0",
	"animations": {
		"animation.pika.flash.loop": {
			"loop": false,
			"animation_length": 0.1,
			"particle_effects": {
				"0.0": [
					{"effect": "pika_flash","locator": "fly"}
				]
			}
		},
		"animation.pika.light_beam.loop": {
			"loop": false,
			"animation_length": 0.5,
			"bones": {
				"rightArm": {
					"rotation": ["variable.is_third_person ? -90 + q.target_x_rotation: 0", "variable.is_third_person ? q.target_y_rotation: 0", 0]
				},
				"pikaSword": {
					"scale": 0
				}
			},
			"particle_effects": {
				"0.0": [
					{"effect": "pika_light_beam_charge","locator": "mera_arms"}
				]
			}
		},
		"animation.pika.light_flash.start": {
			"loop": false,
			"animation_length": 9999,
			"bones": {
				"rightArm": {
					"rotation": ["variable.is_third_person ? -90 : 0", 0, 0]
				},
				"pikaSword": {
					"scale": 0
				}
			}
		},
		"animation.pika.light_flash.end": {
			"loop": false,
			"animation_length": 0.5,
			"override_previous_animation": true,
			"bones": {
				"waist": {
					"rotation": {
						"0.0": [0, 0, 0],
						"0.2": ["variable.is_third_person ? 67.5 : 0", "variable.is_third_person ? -22.5 : 0", 0]
					},
					"position": {
						"0.0": [0, 0, 0],
						"0.2": ["variable.is_third_person ? -0.5 : 0", "variable.is_third_person ? -1 : 0", "variable.is_third_person ? 4.5 : 0"]
					}
				},
				"body": {
					"rotation": [0, 0, 0]
				},
				"rightArm": {
					"rotation": {
						"0.0": [-90, 0, 0],
						"0.2": [-67.5, 0, 0]
					},
					"position": {
						"0.0": [0, 0, 0],
						"0.2": [0, -0.5, -2]
					}
				},
				"pikaSword": {
					"scale": 0
				},
				"leftArm": {
					"rotation": {
						"0.0": [0, 0, -10],
						"0.2": [-28.24912, -16.7796, -38.24912]
					}
				},
				"rightLeg": {
					"rotation": {
						"0.0": [0, 0, 0],
						"0.2": [-7.49294, 0.32621, 2.47864]
					},
					"position": {
						"0.0": [0, 0, 0],
						"0.2": [0, 0, 3]
					}
				},
				"leftLeg": {
					"rotation": {
						"0.0": [0, 0, 0],
						"0.2": [5.12436, -42.05244, -6.82047]
					},
					"position": {
						"0.0": [0, 0, 0],
						"0.2": [0, 0, 4.5]
					}
				}
			}
		},
		"animation.pika.light_kick.loop": {
			"loop": false,
			"animation_length": 0.5,
			"bones": {
				"rightLeg": {
					"position": [0, 1, -1]
				},
				"rightForeLegFruit": {
					"scale": [1.5, 1.25, 1.5]
				}
			},
			"particle_effects": {
				"0.0": [
					{"effect": "pika_light_beam_charge","locator": "lightkick"}
				]
			}
		},
		"animation.pika.light_kick": {
			"loop": false,
			"animation_length": 0.5,
			"bones": {
				"rightLeg": {
					"rotation": {
						"0.0": [0, 0, 0],
						"0.2083": [-80.3342, 2.57594, 72.71783]
					},
					"position": {
						"0.0": [0, 1, -1],
						"0.2083": [-1, 1, -2]
					}
				},
				"waist": {
					"rotation": {
						"0.0": [0, 0, 0],
						"0.2083": [5.019, -4.98093, 2.06312]
					}
				},
				"rightArm": {
					"rotation": {
						"0.0": [0, 0, 0],
						"0.2083": [0, 0, 15]
					}
				},
				"leftArm": {
					"rotation": {
						"0.0": [0, 0, 0],
						"0.2083": [0, 0, -15]
					}
				},
				"rightForeLegFruit": {
					"scale": [1.5, 1.25, 1.5]
				}
			}
		},
		"animation.pika.light_rain": {
			"loop": false,
			"animation_length": 0.5,
			"bones": {
				"rightArm": {
					"rotation": ["variable.is_third_person ? -90 : 0", 0, 0]
				},
				"pikaSword": {
					"scale": 0
				}
			},
			"particle_effects": {
				"0.0": [
					{"effect": "pika_light_rain_charge","locator": ""}
				]
			}
		}
	}
}