{
  "format_version": "1.16.0",
  "minecraft:client_entity": {
    "description": {
      "identifier": "wesl3y:halfcold_halfhot_short",
      "materials": {
        "default": "entity_alphatest",
        "default2": "entity_alphatest"
      },
      "textures": {
        "default": "textures/entity/ice",
        "default2": "textures/entity/ice"
      },
      "geometry": {
        "default": "geometry.ice_wall",
        "default2": "geometry.ice_world"
      },
      "scripts": {
        "animate": [
         {"look": "query.variant == 5"},
         {"wall1": "query.variant == 1 || query.variant == 5"},
         {"wall2": "query.variant == 2"},
         {"wall3": "query.variant == 3"},
         {"wall4": "query.variant == 4"},
         {"world": "query.variant == 5"}
        ]
      },
      "animations": {
        "look": "animation.look.no_projetil",
        "wall1": "animation.ice_short.ice_wall1",
        "wall2": "animation.ice_short.ice_wall2",
        "wall3": "animation.ice_short.ice_wall3",
        "wall4": "animation.ice_short.ice_wall4",
        "world": "animation.ice_short.ice_world"
      },
      "render_controllers": [
       {"controller.render.all": "query.variant == 1 || query.variant == 2 || query.variant == 3 || query.variant == 4"},
       {"controller.render.all2": "query.variant == 5"}
      ],
      "enable_attachables": false
    }
  }
}