{
  "format_version": "1.8.0",
  "animations": {
    "animation.gear_five.default": {
      "loop": true,
      "bones": {
        "gearFiveHair2": {
          "rotation": [0, 0, "math.sin(q.anim_time * 150) * 2.5"]
        },
        "gearFiveHair3": {
          "rotation": [0, 0, "math.sin(q.anim_time * 150) * 2.5"]
        },
        "gearFiveHair4": {
          "rotation": [0, 0, "math.sin(q.anim_time * 150) * 2.5"]
        },
        "gearFiveHair5": {
          "rotation": [0, 0, "math.sin(q.anim_time * 150) * 5"]
        },
        "gearFiveHair6": {
          "rotation": [0, 0, "math.sin(q.anim_time * 150) * 5"]
        },
        "gearFiveHair7": {
          "rotation": [0, 0, "math.sin(q.anim_time * 150) * 5"]
        },
        "gearFiveHair8": {
          "rotation": [0, 0, "math.sin(q.anim_time * 150) * 5"]
        },
        "gearFiveHair9": {
          "rotation": [0, 0, "math.sin(q.anim_time * 150) * 5"]
        },
        "gearFiveEyebrow": {
          "rotation": [0, 0, "10 + math.sin(q.anim_time * 150) * 5"],
          "position": [0, -0.25, 0]
        },
        "gearFiveEyebrow2": {
          "rotation": [0, 0, "-10 + math.sin(q.anim_time * 150) * -5"],
          "position": [0, -0.25, 0]
        },
        "gearFiveSmoke": {
          "scale": "1.05 + math.sin(q.anim_time * 150) * 0.05"
        },
        "gearFiveSmoke4": {
          "rotation": [-7.5, 0, "-2.5 + math.sin(q.anim_time * 150) * 2.5"]
        },
        "gearFiveSmoke2": {
          "rotation": [12.5, "17.5 + math.sin(q.anim_time * 150) * 2.5", 0]
        },
        "gearFiveSmoke5": {
          "rotation": [22.5, 0, -6]
        },
        "gearFiveSmoke6": {
          "rotation": [27.5, -5, 12.5]
        },
        "gearFiveSmoke3": {
          "rotation": [-20, "-7.5 + math.sin(q.anim_time * 150) * -7.5", 2.5]
        },
        "gearFiveSmoke1": {
          "rotation": [7.5, "-15 + math.sin(q.anim_time * 150) * 2.5", 0]
        },
        "gearFiveSmoke7": {
          "rotation": [7.5, "15 + math.sin(q.anim_time * 150) * -2.5", 0]
        },
        "gearFiveSmoke8": {
          "rotation": [12.5, "-17.5 + math.sin(q.anim_time * 150) * -2.5", 0]
        },
        "gearFiveSmoke9": {
          "rotation": [-20, "7.5 + math.sin(q.anim_time * 150) * 7.5", 2.5]
        },
        "gearFiveSmoke10": {
          "rotation": [-7.5, 0, "2.5 + math.sin(q.anim_time * 150) * -2.5"]
        },
        "gearFiveSmoke11": {
          "rotation": [22.5, 0, 5]
        },
        "gearFiveSmoke12": {
          "rotation": [27.5, 5, -12.5]
        }
      }
    },
    "animation.gear_five.jump": {
      "loop": true,
      "animation_length": 1,
      "bones": {
        "waist": {
          "rotation": {
            "0.0": {
              "post": [7.7614, 14.8687, 2.00307],
              "lerp_mode": "catmullrom"
            },
            "0.5": {
              "post": [7.7614, 14.8687, 2.00307],
              "lerp_mode": "catmullrom"
            },
            "1.0": {
              "post": [7.7614, 14.8687, 2.00307],
              "lerp_mode": "catmullrom"
            }
          }
        },
        "rightArm": {
          "rotation": {
            "0.0": {
              "post": [-6.9228, -10.64524, 25.83069],
              "lerp_mode": "catmullrom"
            },
            "0.5": {
              "post": [-6.9228, -10.64524, 25.83069],
              "lerp_mode": "catmullrom"
            },
            "1.0": {
              "post": [-6.9228, -10.64524, 25.83069],
              "lerp_mode": "catmullrom"
            }
          },
          "position": [0, -0.5, 0]
        },
        "leftArm": {
          "rotation": {
            "0.0": {
              "post": [-16.75912, 9.31547, -36.03264],
              "lerp_mode": "catmullrom"
            },
            "0.5": {
              "post": [-16.75912, 9.31547, -36.03264],
              "lerp_mode": "catmullrom"
            },
            "1.0": {
              "post": [-16.75912, 9.31547, -36.03264],
              "lerp_mode": "catmullrom"
            }
          },
          "position": [0, -0.5, 0]
        },
        "rightLeg": {
          "rotation": {
            "0.0": {
              "post": [18.47187, 14.86911, 5.16474],
              "lerp_mode": "catmullrom"
            },
            "0.5": {
              "post": [18.47187, 14.86911, 5.16474],
              "lerp_mode": "catmullrom"
            },
            "1.0": {
              "post": [18.47187, 14.86911, 5.16474],
              "lerp_mode": "catmullrom"
            }
          },
          "position": {
            "0.0": {
              "post": [-1, -0.5, 0],
              "lerp_mode": "catmullrom"
            },
            "0.5": {
              "post": [-1, 0, 0],
              "lerp_mode": "catmullrom"
            },
            "1.0": {
              "post": [-1, 0, 0],
              "lerp_mode": "catmullrom"
            }
          }
        },
        "leftLeg": {
          "rotation": {
            "0.0": {
              "post": [17.82371, -15.6479, -2.7023],
              "lerp_mode": "catmullrom"
            },
            "0.5": {
              "post": [17.82371, -15.6479, -2.7023],
              "lerp_mode": "catmullrom"
            },
            "1.0": {
              "post": [17.82371, -15.6479, -2.7023],
              "lerp_mode": "catmullrom"
            }
          },
          "position": {
            "0.0": {
              "post": [1, 1, -3.5],
              "lerp_mode": "catmullrom"
            },
            "0.5": {
              "post": [1, 1.5, -3.5],
              "lerp_mode": "catmullrom"
            },
            "1.0": {
              "post": [1, 1.5, -3.5],
              "lerp_mode": "catmullrom"
            }
          }
        }
      }
    },
    "animation.gear_five.jump2": {
      "loop": true,
      "animation_length": 9999,
      "bones": {
        "waist": {
          "rotation": {
            "0.0": {
              "post": [-10, -25, 5],
              "lerp_mode": "catmullrom"
            },
            "0.5": {
              "post": [-10, -25, 5],
              "lerp_mode": "catmullrom"
            },
            "1.0": [7.7614, 14.8687, 2.00307]
          }
        },
        "rightArm": {
          "rotation": {
            "0.0": {
              "post": [-142.5, 25, 0],
              "lerp_mode": "catmullrom"
            },
            "0.5": {
              "post": [-142.5, 25, 0],
              "lerp_mode": "catmullrom"
            },
            "1.0": [-6.9228, -10.64524, 25.83069]
          },
          "position": {
            "0.0": {
              "post": [-0.5, -1, -2.5],
              "lerp_mode": "catmullrom"
            },
            "0.5": {
              "post": [-0.5, -1, -2.5],
              "lerp_mode": "catmullrom"
            },
            "1.0": [0, 0, 0]
          }
        },
        "leftArm": {
          "rotation": {
            "0.0": {
              "post": [30, 25, 0],
              "lerp_mode": "catmullrom"
            },
            "0.5": {
              "post": [30, 25, 0],
              "lerp_mode": "catmullrom"
            },
            "1.0": [-16.75912, 9.31547, -36.03264]
          },
          "position": {
            "0.0": {
              "post": [1, 0, 2],
              "lerp_mode": "catmullrom"
            },
            "0.5": {
              "post": [1, 0, 2],
              "lerp_mode": "catmullrom"
            },
            "1.0": [0, 0, 0]
          }
        },
        "rightLeg": {
          "rotation": {
            "0.0": {
              "post": [-20, 0, 0],
              "lerp_mode": "catmullrom"
            },
            "0.5": {
              "post": [-20, 0, 0],
              "lerp_mode": "catmullrom"
            },
            "1.0": [18.47187, 14.86911, 5.16474]
          },
          "position": {
            "0.0": {
              "post": [0, 2.5, -4],
              "lerp_mode": "catmullrom"
            },
            "0.5": {
              "post": [0, 2.5, -4],
              "lerp_mode": "catmullrom"
            },
            "1.0": [-1, 0, 0]
          }
        },
        "leftLeg": {
          "rotation": {
            "0.0": {
              "post": [30, 0, 0],
              "lerp_mode": "catmullrom"
            },
            "0.5": {
              "post": [30, 0, 0],
              "lerp_mode": "catmullrom"
            },
            "1.0": [17.82371, -15.6479, -2.7023]
          },
          "position": {
            "0.0": {
              "post": [0, -0.5, 1],
              "lerp_mode": "catmullrom"
            },
            "0.5": {
              "post": [0, -0.5, 1],
              "lerp_mode": "catmullrom"
            },
            "1.0": [1, 1.5, -3.5]
          }
        }
      }
    },
    "animation.gear_five.jump3": {
      "loop": true,
      "animation_length": 9999,
      "bones": {
        "waist": {
          "rotation": {
            "0.0": {
              "post": [5, 0, 0],
              "lerp_mode": "catmullrom"
            },
            "0.5": {
              "post": [5, 0, 0],
              "lerp_mode": "catmullrom"
            },
            "1.0": [7.7614, 14.8687, 2.00307]
          }
        },
        "rightArm": {
          "rotation": {
            "0.0": {
              "post": [-2.5, 5, 40],
              "lerp_mode": "catmullrom"
            },
            "0.5": {
              "post": [-2.5, 5, 70],
              "lerp_mode": "catmullrom"
            },
            "1.0": [-6.9228, -10.64524, 25.83069]
          },
          "position": {
            "0.0": {
              "post": [-0.5, 0, 0],
              "lerp_mode": "catmullrom"
            },
            "0.5": {
              "post": [-0.5, 0, 0],
              "lerp_mode": "catmullrom"
            },
            "1.0": [0, 0, 0]
          }
        },
        "leftArm": {
          "rotation": {
            "0.0": {
              "post": [-2.5, -5, -40],
              "lerp_mode": "catmullrom"
            },
            "0.5": {
              "post": [-2.5, -5, -70],
              "lerp_mode": "catmullrom"
            },
            "1.0": [-16.75912, 9.31547, -36.03264]
          },
          "position": {
            "0.0": {
              "post": [0.5, 0, 0],
              "lerp_mode": "catmullrom"
            },
            "0.5": {
              "post": [0.5, 0, 0],
              "lerp_mode": "catmullrom"
            },
            "1.0": [0, 0, 0]
          }
        },
        "rightLeg": {
          "rotation": {
            "0.0": {
              "post": [-2.5, 5, 17.5],
              "lerp_mode": "catmullrom"
            },
            "0.5": {
              "post": [-2.5, 5, 25],
              "lerp_mode": "catmullrom"
            },
            "1.0": [18.47187, 14.86911, 5.16474]
          },
          "position": {
            "0.0": {
              "post": [0, 0, -0.5],
              "lerp_mode": "catmullrom"
            },
            "0.5": {
              "post": [0, 0, -0.5],
              "lerp_mode": "catmullrom"
            },
            "1.0": [-1, 0, 0]
          }
        },
        "leftLeg": {
          "rotation": {
            "0.0": {
              "post": [-2.5, -5, -17.5],
              "lerp_mode": "catmullrom"
            },
            "0.5": {
              "post": [-2.5, -5, -25],
              "lerp_mode": "catmullrom"
            },
            "1.0": [17.82371, -15.6479, -2.7023]
          },
          "position": {
            "0.0": {
              "post": [0, 0, -0.5],
              "lerp_mode": "catmullrom"
            },
            "0.5": {
              "post": [0, 0, -0.5],
              "lerp_mode": "catmullrom"
            },
            "1.0": [1, 1.5, -3.5]
          }
        }
      }
    }
  }
}