{
	"format_version": "1.8.0",
	"animations": {
		"animation.lunariafire": {
			"loop": true,
			"animation_length": 0.3,
			"particle_effects": {
				"0.0": [
					{
						"effect": "lunariafire",
						"locator": "lunariafire"
					},
					{
						"effect": "lunariafire2",
						"locator": "lunariafire"
					}
				]
			}
		},
		"animation.lunaria": {
			"loop": true,
			"bones": {
				"LeftWing": {
					"rotation": [50, 5, 40]
				},
				"LeftWingpart2": {
					"rotation": [50, -25, -20]
				},
				"LeftWingpart3": {
					"rotation": [-180, 37.5, -180]
				},
				"RightWing": {
					"rotation": [59, -5, -40]
				},
				"RightWingpart2": {
					"rotation": [50, 25, 20]
				},
				"RightWingpart3": {
					"rotation": [-180, -37.5, 180]
				}
			}
		},
		"animation.lunaria1": {
			"loop": true,
			"bones": {
				"LeftWing": {
					"rotation": [22.5, 52.5, 0]
				},
				"LeftWingpart2": {
					"rotation": [35, 0, 0]
				},
				"LeftWingpart3": {
					"rotation": [-12.68587, 21.3203, -5.571]
				},
				"RightWing": {
					"rotation": [22.5, -52.5, 0]
				},
				"RightWingpart2": {
					"rotation": [35, 0, 0]
				},
				"RightWingpart3": {
					"rotation": [-12.68587, -21.3203, 5.57098]
				}
			}
		},
		"animation.lunaria2": {
			"loop": true,
			"bones": {
				"LeftWing": {
					"rotation": [22.5, "52.5 -math.sin(q.anim_time * 500) * 10", 0]
				},
				"LeftWingpart2": {
					"rotation": [35, "0 + math.cos(q.anim_time * 500) * 20", 0]
				},
				"LeftWingpart3": {
					"rotation": [-12.68587, "10 + math.sin(q.anim_time * 500) * 25", -5.571]
				},
				"RightWing": {
					"rotation": [22.5, "-52.5 + math.sin(q.anim_time * 500) * 10", 0]
				},
				"RightWingpart2": {
					"rotation": [35, "0 -math.cos(q.anim_time * 500) * 10", 0]
				},
				"RightWingpart3": {
					"rotation": [-12.68587, "-10 -math.sin(q.anim_time * 500) * 25", 5.57098]
				}
			}
		}
	}
}