{
  "tiers": [
    {
      "trades": [
        {
          "wants": [
            {
              "item": "stk:bag",
              "quantity": {
                "min": 10,
                "max": 10
              }
            }
          ],
          "gives": [
            {
                  "item": "stk:capa_marinha",
                  "quantity": 1
                }
              ],
              "max_uses": 99999999,
              "reward_exp": false
        
            
            },
            {
                "wants": [
            {
              "item": "stk:bag",
              "quantity": {
                "min": 10,
                "max": 10
              }
            }
          ],
          "gives": [
            {
                  "item": "stk:capa_barbabranca",
                  "quantity": 1
                }
              ],
              "max_uses": 99999999,
              "reward_exp": false
        
            },
            {
                "wants": [
            {
              "item": "stk:money",
              "quantity": {
                "min": 10,
                "max": 10
              }
            }
          ],
          "gives": [
            {
                  "item": "stk:luffytsr",
                  "quantity": 1
                }
              ],
              "max_uses": 99999999,
              "reward_exp": false
            }
            
            
            ]
      
    }
  ]
}











