{
	"format_version": "1.12.0",
	"minecraft:geometry": [
		{
			"description": {
				"identifier": "geometry.bau",
				"texture_width": 64,
				"texture_height": 64,
				"visible_bounds_width": 4,
				"visible_bounds_height": 4.5,
				"visible_bounds_offset": [0, 0.75, 0]
			},
			"bones": [
				{
					"name": "Bau",
					"pivot": [0, 0, 0],
					"rotation": [0, 180, 0],
					"cubes": [
						{
							"origin": [-10, 0, -7],
							"size": [20, 11, 14],
							"uv": {
								"north": {"uv": [0, 28], "uv_size": [20, 11]},
								"east": {"uv": [0, 39], "uv_size": [14, 11]},
								"south": {"uv": [20, 28], "uv_size": [20, 11]},
								"west": {"uv": [14, 39], "uv_size": [14, 11]},
								"up": {"uv": [0, 0], "uv_size": [20, 14]},
								"down": {"uv": [0, 28], "uv_size": [20, -14]}
							}
						}
					]
				},
				{
					"name": "Tampa",
					"parent": "Bau",
					"pivot": [0, 11, -6],
					"cubes": [
						{
							"origin": [-10, 11, -7],
							"size": [20, 6, 14],
							"uv": {
								"north": {"uv": [28, 39], "uv_size": [20, 6]},
								"east": {"uv": [40, 6], "uv_size": [14, 6]},
								"south": {"uv": [40, 0], "uv_size": [20, 6]},
								"west": {"uv": [40, 12], "uv_size": [14, 6]},
								"up": {"uv": [20, 0], "uv_size": [20, 14]},
								"down": {"uv": [20, 28], "uv_size": [20, -14]}
							}
						}
					]
				}
			]
		}
	]
}