{
	"format_version": "1.12.0",
	"minecraft:geometry": [
		{
			"description": {
				"identifier": "geometry.capa_shanks",
				"texture_width": 128,
				"texture_height": 128,
				"visible_bounds_width": 3,
				"visible_bounds_height": 3,
				"visible_bounds_offset": [0, 1.5, 0]
			},
			"bones": [
				{
					"name": "root",
					"pivot": [0, 0, 0]
				},
				{
					"name": "waist",
					"parent": "root",
					"pivot": [0, 12.12, 0]
				},
				{
					"name": "body",
					"parent": "waist",
					"pivot": [0, 24.24, 0],
					"cubes": [
						{
							"origin": [-4.04, 12.12, -2.02],
							"size": [8.08, 12.12, 4.04],
							"uv": {
								"north": {"uv": [4, 41], "uv_size": [8, 12]},
								"east": {"uv": [0, 41], "uv_size": [4, 12]},
								"south": {"uv": [16, 41], "uv_size": [8, 12]},
								"west": {"uv": [12, 41], "uv_size": [4, 12]},
								"up": {"uv": [4, 37], "uv_size": [8, 4]},
								"down": {"uv": [12, 41], "uv_size": [8, -4]}
							}
						}
					]
				},
				{
					"name": "head",
					"parent": "body",
					"pivot": [0, 24.24, 0],
					"cubes": [
						{
							"origin": [-3.838, 24.24, -3.838],
							"size": [7.676, 7.676, 7.676],
							"uv": {
								"north": {"uv": [8, 8], "uv_size": [8, 8]},
								"east": {"uv": [0, 8], "uv_size": [8, 8]},
								"south": {"uv": [24, 8], "uv_size": [8, 8]},
								"west": {"uv": [16, 8], "uv_size": [8, 8]},
								"up": {"uv": [8, 0], "uv_size": [8, 8]},
								"down": {"uv": [16, 8], "uv_size": [8, -8]}
							}
						}
					]
				},
				{
					"name": "hat",
					"parent": "head",
					"pivot": [0, 23.028, 0]
				},
				{
					"name": "capa",
					"parent": "body",
					"pivot": [0, 24.24, 3.03],
					"cubes": [
						{
							"origin": [4.04, 4.04, -2.02],
							"size": [4.04, 20.2, 5.05],
							"uv": {
								"north": {"uv": [31, 21], "uv_size": [4, 20]},
								"east": {"uv": [26, 21], "uv_size": [5, 20]},
								"south": {"uv": [40, 21], "uv_size": [4, 20]},
								"west": {"uv": [35, 21], "uv_size": [5, 20]},
								"up": {"uv": [31, 16], "uv_size": [4, 5]},
								"down": {"uv": [35, 21], "uv_size": [4, -5]}
							}
						},
						{
							"origin": [-8.08, 4.04, 2.02],
							"size": [12.12, 20.2, 1.01],
							"uv": {
								"north": {"uv": [1, 17], "uv_size": [12, 20]},
								"east": {"uv": [0, 17], "uv_size": [1, 20]},
								"south": {"uv": [14, 17], "uv_size": [12, 20]},
								"west": {"uv": [13, 17], "uv_size": [1, 20]},
								"up": {"uv": [1, 16], "uv_size": [12, 1]},
								"down": {"uv": [13, 17], "uv_size": [12, -1]}
							}
						}
					]
				},
				{
					"name": "leftArm",
					"parent": "body",
					"pivot": [5.05, 22.22, 0]
				},
				{
					"name": "leftSleeve",
					"parent": "leftArm",
					"pivot": [5.05, 22.22, 0]
				},
				{
					"name": "leftItem",
					"parent": "leftArm",
					"pivot": [6.06, 15.15, 1.01]
				},
				{
					"name": "rightArm",
					"parent": "body",
					"pivot": [-5.05, 22.22, 0],
					"cubes": [
						{
							"origin": [-8.08, 12.12, -2.02],
							"size": [4.04, 12.12, 4.04],
							"uv": {
								"north": {"uv": [46, 52], "uv_size": [4, 12]},
								"east": {"uv": [42, 52], "uv_size": [4, 12]},
								"south": {"uv": [54, 52], "uv_size": [4, 12]},
								"west": {"uv": [50, 52], "uv_size": [4, 12]},
								"up": {"uv": [46, 48], "uv_size": [4, 4]},
								"down": {"uv": [50, 52], "uv_size": [4, -4]}
							}
						},
						{
							"origin": [-8.082, 19.188, -2.022],
							"size": [4.044, 5.054, 4.044],
							"inflate": 0.2,
							"uv": {
								"north": {"uv": [58, 45], "uv_size": [4, 5]},
								"east": {"uv": [54, 45], "uv_size": [4, 5]},
								"south": {"uv": [66, 45], "uv_size": [4, 5]},
								"west": {"uv": [62, 45], "uv_size": [4, 5]},
								"up": {"uv": [58, 41], "uv_size": [4, 4]},
								"down": {"uv": [62, 45], "uv_size": [4, -4]}
							}
						}
					]
				},
				{
					"name": "rightSleeve",
					"parent": "rightArm",
					"pivot": [-5.05, 22.22, 0]
				},
				{
					"name": "rightItem",
					"parent": "rightArm",
					"pivot": [-6.06, 15.15, 1.01],
					"locators": {
						"lead_hold": [-6.06, 15.15, 1.01]
					}
				},
				{
					"name": "jacket",
					"parent": "body",
					"pivot": [0, 24.24, 0]
				},
				{
					"name": "rightLeg",
					"parent": "root",
					"pivot": [-1.919, 12.12, 0],
					"cubes": [
						{
							"origin": [-3.939, 0, -2.02],
							"size": [4.04, 12.12, 4.04],
							"uv": {
								"north": {"uv": [48, 13], "uv_size": [4, 12]},
								"east": {"uv": [48, 13], "uv_size": [4, 12]},
								"south": {"uv": [48, 13], "uv_size": [4, 12]},
								"west": {"uv": [48, 13], "uv_size": [4, 12]},
								"up": {"uv": [48, 9], "uv_size": [4, 4]},
								"down": {"uv": [52, 13], "uv_size": [4, -4]}
							}
						}
					]
				},
				{
					"name": "rightPants",
					"parent": "rightLeg",
					"pivot": [-1.919, 12.12, 0]
				},
				{
					"name": "leftLeg",
					"parent": "root",
					"pivot": [1.919, 12.12, 0],
					"cubes": [
						{
							"origin": [-0.101, 0, -2.02],
							"size": [4.04, 12.12, 4.04],
							"uv": {
								"north": {"uv": [52, 13], "uv_size": [-4, 12]},
								"east": {"uv": [52, 13], "uv_size": [-4, 12]},
								"south": {"uv": [52, 13], "uv_size": [-4, 12]},
								"west": {"uv": [52, 13], "uv_size": [-4, 12]},
								"up": {"uv": [52, 9], "uv_size": [-4, 4]},
								"down": {"uv": [56, 13], "uv_size": [-4, -4]}
							}
						}
					]
				},
				{
					"name": "leftPants",
					"parent": "leftLeg",
					"pivot": [1.919, 12.12, 0]
				}
			]
		}
	]
}