{
	"format_version": "1.12.0",
	"minecraft:geometry": [
		{
			"description": {
				"identifier": "geometry.capa_rayligh",
				"texture_width": 128,
				"texture_height": 128,
				"visible_bounds_width": 3,
				"visible_bounds_height": 3,
				"visible_bounds_offset": [0, 1.5, 0]
			},
			"bones": [
				{
					"name": "root",
					"pivot": [0, 0, 0]
				},
				{
					"name": "waist",
					"parent": "root",
					"pivot": [0, 12.12, 0]
				},
				{
					"name": "body",
					"parent": "waist",
					"pivot": [0, 24.24, 0],
					"cubes": [
						{
							"origin": [-4.04, 12.12, -2.02],
							"size": [8.08, 12.12, 4.04],
							"uv": {
								"north": {"uv": [24, 21], "uv_size": [8, 12]},
								"east": {"uv": [39, 46], "uv_size": [4, 12]},
								"south": {"uv": [32, 0], "uv_size": [8, 12]},
								"west": {"uv": [43, 46], "uv_size": [4, 12]},
								"up": {"uv": [55, 36], "uv_size": [8, 4]},
								"down": {"uv": [55, 44], "uv_size": [8, -4]}
							}
						}
					]
				},
				{
					"name": "head",
					"parent": "body",
					"pivot": [0, 24.24, 0],
					"cubes": [
						{
							"origin": [-3.838, 24.24, -3.838],
							"size": [7.676, 7.676, 7.676],
							"uv": {
								"north": {"uv": [39, 30], "uv_size": [7.75, 7.75]},
								"east": {"uv": [39, 38], "uv_size": [7.75, 7.75]},
								"south": {"uv": [40, 0], "uv_size": [7.75, 7.75]},
								"west": {"uv": [0, 43], "uv_size": [7.75, 7.75]},
								"up": {"uv": [8, 43], "uv_size": [7.75, 7.75]},
								"down": {"uv": [16, 50.75], "uv_size": [7.75, -7.75]}
							}
						},
						{
							"origin": [-3.838, 24.159, 3.838],
							"size": [7.676, 8.7165, 0.9595],
							"uv": {
								"north": {"uv": [37, 12], "uv_size": [7.75, 8.75]},
								"east": {"uv": [53, 12], "uv_size": [1, 8.75]},
								"south": {"uv": [37, 21], "uv_size": [7.75, 8.75]},
								"west": {"uv": [54, 12], "uv_size": [1, 8.75]},
								"up": {"uv": [59, 59], "uv_size": [7.75, 1]},
								"down": {"uv": [59, 61], "uv_size": [7.75, -1]}
							}
						},
						{
							"origin": [3.162, 24.159, 0.838],
							"size": [1.676, 2.7165, 2.9595],
							"uv": {
								"north": {"uv": [30, 61], "uv_size": [1.75, 2.75]},
								"east": {"uv": [59, 30], "uv_size": [3, 2.75]},
								"south": {"uv": [32, 61], "uv_size": [1.75, 2.75]},
								"west": {"uv": [59, 33], "uv_size": [3, 2.75]},
								"up": {"uv": [37, 30], "uv_size": [1.75, 3]},
								"down": {"uv": [45, 25], "uv_size": [1.75, -3]}
							}
						},
						{
							"origin": [-4.838, 24.159, 0.838],
							"size": [1.676, 2.7165, 2.9595],
							"uv": {
								"north": {"uv": [61, 48], "uv_size": [1.75, 2.75]},
								"east": {"uv": [53, 59], "uv_size": [3, 2.75]},
								"south": {"uv": [61, 51], "uv_size": [1.75, 2.75]},
								"west": {"uv": [56, 59], "uv_size": [3, 2.75]},
								"up": {"uv": [45, 25], "uv_size": [1.75, 3]},
								"down": {"uv": [28, 64], "uv_size": [1.75, -3]}
							}
						},
						{
							"origin": [-3.838, 31.916, -2.838],
							"size": [7.676, 0.9595, 6.676],
							"uv": {
								"north": {"uv": [61, 44], "uv_size": [7.75, 1]},
								"east": {"uv": [61, 46], "uv_size": [6.75, 1]},
								"south": {"uv": [61, 45], "uv_size": [7.75, 1]},
								"west": {"uv": [61, 47], "uv_size": [6.75, 1]},
								"up": {"uv": [45, 8], "uv_size": [7.75, 6.75]},
								"down": {"uv": [45, 21.75], "uv_size": [7.75, -6.75]}
							}
						},
						{
							"origin": [3.8542, 27.1347, -1.8218],
							"size": [-0.0324, 4.7651, 5.6436],
							"inflate": 0.4,
							"uv": {
								"north": {"uv": [61, 54], "uv_size": [0.25, 4.75]},
								"east": {"uv": [55, 44], "uv_size": [5.75, 4.75]},
								"south": {"uv": [62, 6], "uv_size": [0.25, 4.75]},
								"west": {"uv": [55, 49], "uv_size": [5.75, 4.75]},
								"up": {"uv": [59, 61], "uv_size": [0.25, 5.75]},
								"down": {"uv": [60, 66.75], "uv_size": [0.25, -5.75]}
							}
						},
						{
							"origin": [-3.8218, 27.1347, -1.8218],
							"size": [-0.0324, 4.7651, 5.6436],
							"inflate": 0.4,
							"uv": {
								"north": {"uv": [62, 30], "uv_size": [0.25, 4.75]},
								"east": {"uv": [55, 54], "uv_size": [5.75, 4.75]},
								"south": {"uv": [34, 62], "uv_size": [0.25, 4.75]},
								"west": {"uv": [28, 56], "uv_size": [5.75, 4.75]},
								"up": {"uv": [61, 61], "uv_size": [0.25, 5.75]},
								"down": {"uv": [62, 5.75], "uv_size": [0.25, -5.75]}
							}
						}
					]
				},
				{
					"name": "hat",
					"parent": "head",
					"pivot": [0, 23.028, 0]
				},
				{
					"name": "capa",
					"parent": "body",
					"pivot": [0, 24.24, 3.03],
					"cubes": [
						{
							"origin": [-8.08, 4.04, 2.02],
							"size": [16.12, 20.2, 1.01],
							"uv": {
								"north": {"uv": [0, 0], "uv_size": [16, 20.25]},
								"east": {"uv": [39, 58], "uv_size": [1, 20.25]},
								"south": {"uv": [16, 0], "uv_size": [16, 20.25]},
								"west": {"uv": [40, 58], "uv_size": [1, 20.25]},
								"up": {"uv": [59, 12], "uv_size": [16, 1]},
								"down": {"uv": [59, 14], "uv_size": [16, -1]}
							}
						},
						{
							"origin": [-8.20845, 3.68745, -2.93847],
							"size": [4.242, 21.21, 5.3025],
							"pivot": [-5.41737, 24.46696, -0.11291],
							"rotation": [0.43688, 4.98093, 5.019],
							"uv": {
								"north": {"uv": [32, 12], "uv_size": [4.25, 21.25]},
								"east": {"uv": [0, 21], "uv_size": [5.25, 21.25]},
								"south": {"uv": [24, 33], "uv_size": [4.25, 21.25]},
								"west": {"uv": [6, 21], "uv_size": [5.25, 21.25]},
								"up": {"uv": [48, 0], "uv_size": [4.25, 5.25]},
								"down": {"uv": [34, 61.25], "uv_size": [4.25, -5.25]}
							}
						},
						{
							"origin": [3.96645, 3.68745, -2.93847],
							"size": [4.242, 21.21, 5.3025],
							"pivot": [5.41737, 24.46696, -0.11291],
							"rotation": [0.43688, -4.98093, -5.019],
							"uv": {
								"north": {"uv": [29, 34], "uv_size": [4.25, 21.25]},
								"east": {"uv": [12, 21], "uv_size": [5.25, 21.25]},
								"south": {"uv": [34, 34], "uv_size": [4.25, 21.25]},
								"west": {"uv": [18, 21], "uv_size": [5.25, 21.25]},
								"up": {"uv": [57, 0], "uv_size": [4.25, 5.25]},
								"down": {"uv": [57, 11.25], "uv_size": [4.25, -5.25]}
							}
						}
					]
				},
				{
					"name": "rightArm",
					"parent": "body",
					"pivot": [-5.05, 22.22, 0],
					"cubes": [
						{
							"origin": [-8.08, 12.12, -2.02],
							"size": [4.04, 12.12, 4.04],
							"uv": {
								"north": {"uv": [47, 22], "uv_size": [4, 12]},
								"east": {"uv": [47, 34], "uv_size": [4, 12]},
								"south": {"uv": [47, 46], "uv_size": [4, 12]},
								"west": {"uv": [0, 51], "uv_size": [4, 12]},
								"up": {"uv": [40, 8], "uv_size": [4, 4]},
								"down": {"uv": [41, 62], "uv_size": [4, -4]}
							}
						}
					]
				},
				{
					"name": "rightSleeve",
					"parent": "rightArm",
					"pivot": [-5.05, 22.22, 0]
				},
				{
					"name": "rightItem",
					"parent": "rightArm",
					"pivot": [-6.06, 15.15, 1.01],
					"locators": {
						"lead_hold": [-6.06, 15.15, 1.01]
					}
				},
				{
					"name": "leftArm",
					"parent": "body",
					"pivot": [5.05, 22.22, 0],
					"cubes": [
						{
							"origin": [4.04, 12.12, -2.02],
							"size": [4.04, 12.12, 4.04],
							"uv": {
								"north": {"uv": [53, 0], "uv_size": [4, 12]},
								"east": {"uv": [55, 12], "uv_size": [4, 12]},
								"south": {"uv": [24, 55], "uv_size": [4, 12]},
								"west": {"uv": [55, 24], "uv_size": [4, 12]},
								"up": {"uv": [59, 22], "uv_size": [4, 4]},
								"down": {"uv": [59, 30], "uv_size": [4, -4]}
							}
						}
					]
				},
				{
					"name": "leftSleeve",
					"parent": "leftArm",
					"pivot": [5.05, 22.22, 0]
				},
				{
					"name": "leftItem",
					"parent": "leftArm",
					"pivot": [6.06, 15.15, 1.01],
					"locators": {
						"lead_hold2": [6.06, 15.15, 1.01]
					}
				},
				{
					"name": "jacket",
					"parent": "body",
					"pivot": [0, 24.24, 0]
				},
				{
					"name": "rightLeg",
					"parent": "root",
					"pivot": [-1.919, 12.12, 0],
					"cubes": [
						{
							"origin": [-3.939, 0, -2.02],
							"size": [4.04, 12.12, 4.04],
							"uv": {
								"north": {"uv": [4, 51], "uv_size": [4, 12]},
								"east": {"uv": [8, 51], "uv_size": [4, 12]},
								"south": {"uv": [12, 51], "uv_size": [4, 12]},
								"west": {"uv": [16, 51], "uv_size": [4, 12]},
								"up": {"uv": [45, 58], "uv_size": [4, 4]},
								"down": {"uv": [49, 62], "uv_size": [4, -4]}
							}
						}
					]
				},
				{
					"name": "rightPants",
					"parent": "rightLeg",
					"pivot": [-1.919, 12.12, 0]
				},
				{
					"name": "leftLeg",
					"parent": "root",
					"pivot": [1.919, 12.12, 0],
					"cubes": [
						{
							"origin": [-0.101, 0, -2.02],
							"size": [4.04, 12.12, 4.04],
							"uv": {
								"north": {"uv": [20, 51], "uv_size": [4, 12]},
								"east": {"uv": [51, 22], "uv_size": [4, 12]},
								"south": {"uv": [51, 34], "uv_size": [4, 12]},
								"west": {"uv": [51, 46], "uv_size": [4, 12]},
								"up": {"uv": [59, 14], "uv_size": [4, 4]},
								"down": {"uv": [59, 22], "uv_size": [4, -4]}
							}
						}
					]
				},
				{
					"name": "leftPants",
					"parent": "leftLeg",
					"pivot": [1.919, 12.12, 0]
				}
			]
		}
	]
}