{
	"format_version": "1.12.0",
	"minecraft:geometry": [
		{
			"description": {
				"identifier": "geometry.pirate3",
				"texture_width": 64,
				"texture_height": 64,
				"visible_bounds_width": 4,
				"visible_bounds_height": 4.5,
				"visible_bounds_offset": [0, 1.75, 0]
			},
			"bones": [
				{
					"name": "root",
					"pivot": [0, 0, 0]
				},
				{
					"name": "waist",
					"parent": "root",
					"pivot": [0, 12.12, 0]
				},
				{
					"name": "body",
					"parent": "waist",
					"pivot": [0, 24.24, 0],
					"cubes": [
						{
							"origin": [-4.04, 12.12, -2.02],
							"size": [8.08, 12.12, 4.04],
							"uv": {
								"north": {"uv": [12, 0], "uv_size": [8, 12]},
								"east": {"uv": [6, 32], "uv_size": [4, 12]},
								"south": {"uv": [12, 12], "uv_size": [8, 12]},
								"west": {"uv": [10, 32], "uv_size": [4, 12]},
								"up": {"uv": [28, 17], "uv_size": [8, 4]},
								"down": {"uv": [14, 48], "uv_size": [8, -4]}
							}
						}
					]
				},
				{
					"name": "head",
					"parent": "body",
					"pivot": [0, 24.24, 0],
					"cubes": [
						{
							"origin": [-3.838, 24.24, -3.838],
							"size": [7.676, 7.676, 7.676],
							"uv": {
								"north": {"uv": [0, 20], "uv_size": [7.75, 7.75]},
								"east": {"uv": [20, 0], "uv_size": [7.75, 7.75]},
								"south": {"uv": [20, 8], "uv_size": [7.75, 7.75]},
								"west": {"uv": [20, 16], "uv_size": [7.75, 7.75]},
								"up": {"uv": [8, 24], "uv_size": [7.75, 7.75]},
								"down": {"uv": [16, 31.75], "uv_size": [7.75, -7.75]}
							}
						},
						{
							"origin": [-5.838, 31.24, -4.838],
							"size": [11.676, 4.676, 9.676],
							"uv": {
								"north": {"uv": [24, 24], "uv_size": [11.75, 4.75]},
								"east": {"uv": [42, 12], "uv_size": [9.75, 4.75]},
								"south": {"uv": [28, 0], "uv_size": [11.75, 4.75]},
								"west": {"uv": [4, 44], "uv_size": [9.75, 4.75]},
								"up": {"uv": [0, 0], "uv_size": [11.75, 9.75]},
								"down": {"uv": [0, 19.75], "uv_size": [11.75, -9.75]}
							}
						},
						{
							"origin": [-4.5461, 32.3569, -4.5961],
							"size": [5.3422, 3.4422, 9.1922],
							"pivot": [0, 33.578, 0],
							"rotation": [0, 0, -15],
							"uv": {
								"north": {"uv": [44, 33], "uv_size": [5.25, 3.5]},
								"east": {"uv": [44, 17], "uv_size": [9.25, 3.5]},
								"south": {"uv": [44, 37], "uv_size": [5.25, 3.5]},
								"west": {"uv": [44, 21], "uv_size": [9.25, 3.5]},
								"up": {"uv": [0, 28], "uv_size": [5.25, 9.25]},
								"down": {"uv": [28, 14.25], "uv_size": [5.25, -9.25]}
							}
						},
						{
							"origin": [-0.7961, 32.3569, -4.5961],
							"size": [5.3422, 3.4422, 9.1922],
							"pivot": [0, 33.578, 0],
							"rotation": [0, 0, 15],
							"uv": {
								"north": {"uv": [46, 0], "uv_size": [5.25, 3.5]},
								"east": {"uv": [44, 25], "uv_size": [9.25, 3.5]},
								"south": {"uv": [46, 4], "uv_size": [5.25, 3.5]},
								"west": {"uv": [44, 29], "uv_size": [9.25, 3.5]},
								"up": {"uv": [24, 29], "uv_size": [5.25, 9.25]},
								"down": {"uv": [30, 38.25], "uv_size": [5.25, -9.25]}
							}
						}
					]
				},
				{
					"name": "hat",
					"parent": "head",
					"pivot": [0, 23.028, 0]
				},
				{
					"name": "rightArm",
					"parent": "body",
					"pivot": [-5.05, 22.22, 0],
					"cubes": [
						{
							"origin": [-8.08, 12.12, -2.02],
							"size": [4.04, 12.12, 4.04],
							"uv": {
								"north": {"uv": [14, 32], "uv_size": [4, 12]},
								"east": {"uv": [18, 32], "uv_size": [4, 12]},
								"south": {"uv": [34, 5], "uv_size": [4, 12]},
								"west": {"uv": [36, 17], "uv_size": [4, 12]},
								"up": {"uv": [8, 20], "uv_size": [4, 4]},
								"down": {"uv": [46, 12], "uv_size": [4, -4]}
							}
						}
					]
				},
				{
					"name": "rightSleeve",
					"parent": "rightArm",
					"pivot": [-5.05, 22.22, 0]
				},
				{
					"name": "rightItem",
					"parent": "rightArm",
					"pivot": [-6.06, 15.15, 1.01],
					"locators": {
						"lead_hold": [-6.06, 15.15, 1.01]
					}
				},
				{
					"name": "leftArm",
					"parent": "body",
					"pivot": [5.05, 22.22, 0],
					"cubes": [
						{
							"origin": [4.04, 12.12, -2.02],
							"size": [4.04, 12.12, 4.04],
							"uv": {
								"north": {"uv": [36, 29], "uv_size": [4, 12]},
								"east": {"uv": [0, 38], "uv_size": [4, 12]},
								"south": {"uv": [38, 5], "uv_size": [4, 12]},
								"west": {"uv": [22, 39], "uv_size": [4, 12]},
								"up": {"uv": [46, 41], "uv_size": [4, 4]},
								"down": {"uv": [46, 49], "uv_size": [4, -4]}
							}
						}
					]
				},
				{
					"name": "leftSleeve",
					"parent": "leftArm",
					"pivot": [5.05, 22.22, 0]
				},
				{
					"name": "leftItem",
					"parent": "leftArm",
					"pivot": [6.06, 15.15, 1.01],
					"locators": {
						"lead_hold2": [6.06, 15.15, 1.01]
					}
				},
				{
					"name": "jacket",
					"parent": "body",
					"pivot": [0, 24.24, 0]
				},
				{
					"name": "rightLeg",
					"parent": "root",
					"pivot": [-1.919, 12.12, 0],
					"cubes": [
						{
							"origin": [-3.939, 0, -2.02],
							"size": [4.04, 12.12, 4.04],
							"uv": {
								"north": {"uv": [26, 39], "uv_size": [4, 12]},
								"east": {"uv": [30, 39], "uv_size": [4, 12]},
								"south": {"uv": [40, 17], "uv_size": [4, 12]},
								"west": {"uv": [40, 29], "uv_size": [4, 12]},
								"up": {"uv": [14, 48], "uv_size": [4, 4]},
								"down": {"uv": [18, 52], "uv_size": [4, -4]}
							}
						}
					]
				},
				{
					"name": "rightPants",
					"parent": "rightLeg",
					"pivot": [-1.919, 12.12, 0]
				},
				{
					"name": "leftLeg",
					"parent": "root",
					"pivot": [1.919, 12.12, 0],
					"cubes": [
						{
							"origin": [-0.101, 0, -2.02],
							"size": [4.04, 12.12, 4.04],
							"uv": {
								"north": {"uv": [34, 41], "uv_size": [4, 12]},
								"east": {"uv": [38, 41], "uv_size": [4, 12]},
								"south": {"uv": [42, 0], "uv_size": [4, 12]},
								"west": {"uv": [42, 41], "uv_size": [4, 12]},
								"up": {"uv": [4, 49], "uv_size": [4, 4]},
								"down": {"uv": [8, 53], "uv_size": [4, -4]}
							}
						}
					]
				},
				{
					"name": "leftPants",
					"parent": "leftLeg",
					"pivot": [1.919, 12.12, 0]
				}
			]
		}
	]
}











