{
	"format_version": "1.12.0",
	"minecraft:geometry": [
		{
			"description": {
				"identifier": "geometry.fpillars",
				"texture_width": 16,
				"texture_height": 16,
				"visible_bounds_width": 1,
				"visible_bounds_height": 1,
				"visible_bounds_offset": [0, 0, 0]
			},
			"bones": [
				{
					"name": "all",
					"pivot": [0, 0, 0],
					"locators": {
						"fire": [152, 0, 0],
						"fire2": [-152, 0, 0],
						"fire4": {
							"offset": [0, 0, -152],
							"rotation": [0, -90, 0]
						},
						"fire3": {
							"offset": [0, 0, 152],
							"rotation": [0, -90, 0]
						}
					}
				}
			]
		}
	]
}