{
	"format_version": "1.12.0",
	"minecraft:geometry": [
		{
			"description": {
				"identifier": "geometry.gryphon",
				"texture_width": 128,
				"texture_height": 128,
				"visible_bounds_width": 4,
				"visible_bounds_height": 4.5,
				"visible_bounds_offset": [0, 0.75, 0]
			},
			"bones": [
				{
					"name": "Root",
					"pivot": [0, 12, 0]
				},
				{
					"name": "body",
					"parent": "Root",
					"pivot": [0, 24, 0],
					"cubes": [
						{
							"origin": [-4, 12, -2],
							"size": [8, 12, 4],
							"uv": {
								"north": {"uv": [128, 128], "uv_size": [0, 0]},
								"east": {"uv": [128, 128], "uv_size": [0, 0]},
								"south": {"uv": [128, 128], "uv_size": [0, 0]},
								"west": {"uv": [128, 128], "uv_size": [0, 0]},
								"up": {"uv": [128, 128], "uv_size": [0, 0]},
								"down": {"uv": [128, 128], "uv_size": [0, 0]}
							}
						},
						{
							"origin": [-4.24, 11.64, -2.12],
							"size": [8.48, 12.72, 4.24],
							"uv": {
								"north": {"uv": [128, 128], "uv_size": [0, 0]},
								"east": {"uv": [128, 128], "uv_size": [0, 0]},
								"south": {"uv": [128, 128], "uv_size": [0, 0]},
								"west": {"uv": [128, 128], "uv_size": [0, 0]},
								"up": {"uv": [128, 128], "uv_size": [0, 0]},
								"down": {"uv": [128, 128], "uv_size": [0, 0]}
							}
						}
					]
				},
				{
					"name": "head",
					"parent": "body",
					"pivot": [0, 24.12, 0],
					"cubes": [
						{
							"origin": [-4.05293, 24.12, -4.05293],
							"size": [8.10586, 8.10586, 8.10586],
							"uv": {
								"north": {"uv": [128, 128], "uv_size": [0, 0]},
								"east": {"uv": [128, 128], "uv_size": [0, 0]},
								"south": {"uv": [128, 128], "uv_size": [0, 0]},
								"west": {"uv": [128, 128], "uv_size": [0, 0]},
								"up": {"uv": [128, 128], "uv_size": [0, 0]},
								"down": {"uv": [128, 128], "uv_size": [0, 0]}
							}
						}
					]
				},
				{
					"name": "hat",
					"parent": "head",
					"pivot": [0, 24.12, 0],
					"cubes": [
						{
							"origin": [-4.59197, 23.58096, -4.59197],
							"size": [9.18393, 9.18393, 9.18393],
							"uv": {
								"north": {"uv": [128, 128], "uv_size": [0, 0]},
								"east": {"uv": [128, 128], "uv_size": [0, 0]},
								"south": {"uv": [128, 128], "uv_size": [0, 0]},
								"west": {"uv": [128, 128], "uv_size": [0, 0]},
								"up": {"uv": [128, 128], "uv_size": [0, 0]},
								"down": {"uv": [128, 128], "uv_size": [0, 0]}
							}
						}
					]
				},
				{
					"name": "leftArm",
					"parent": "body",
					"pivot": [5, 22, 0],
					"cubes": [
						{
							"origin": [4, 12, -2],
							"size": [4, 12, 4],
							"uv": {
								"north": {"uv": [128, 128], "uv_size": [0, 0]},
								"east": {"uv": [128, 128], "uv_size": [0, 0]},
								"south": {"uv": [128, 128], "uv_size": [0, 0]},
								"west": {"uv": [128, 128], "uv_size": [0, 0]},
								"up": {"uv": [128, 128], "uv_size": [0, 0]},
								"down": {"uv": [128, 128], "uv_size": [0, 0]}
							}
						},
						{
							"origin": [3.88, 11.64, -2.12],
							"size": [4.24, 12.72, 4.24],
							"uv": {
								"north": {"uv": [128, 128], "uv_size": [0, 0]},
								"east": {"uv": [128, 128], "uv_size": [0, 0]},
								"south": {"uv": [128, 128], "uv_size": [0, 0]},
								"west": {"uv": [128, 128], "uv_size": [0, 0]},
								"up": {"uv": [128, 128], "uv_size": [0, 0]},
								"down": {"uv": [128, 128], "uv_size": [0, 0]}
							}
						}
					]
				},
				{
					"name": "rightArm",
					"parent": "body",
					"pivot": [-5, 22, 0],
					"cubes": [
						{
							"origin": [-8, 12, -2],
							"size": [4, 12, 4],
							"uv": {
								"north": {"uv": [128, 128], "uv_size": [0, 0]},
								"east": {"uv": [128, 128], "uv_size": [0, 0]},
								"south": {"uv": [128, 128], "uv_size": [0, 0]},
								"west": {"uv": [128, 128], "uv_size": [0, 0]},
								"up": {"uv": [128, 128], "uv_size": [0, 0]},
								"down": {"uv": [128, 128], "uv_size": [0, 0]}
							}
						},
						{
							"origin": [-8.12, 11.64, -2.12],
							"size": [4.24, 12.72, 4.24],
							"uv": {
								"north": {"uv": [128, 128], "uv_size": [0, 0]},
								"east": {"uv": [128, 128], "uv_size": [0, 0]},
								"south": {"uv": [128, 128], "uv_size": [0, 0]},
								"west": {"uv": [128, 128], "uv_size": [0, 0]},
								"up": {"uv": [128, 128], "uv_size": [0, 0]},
								"down": {"uv": [128, 128], "uv_size": [0, 0]}
							}
						}
					]
				},
				{
					"name": "rightKatana",
					"parent": "rightArm",
					"pivot": [-6, 12.57843, 1.96886],
					"rotation": [0.10901, -0.00238, -0.00238],
					"cubes": [
						{
							"origin": [-6.31204, 11.79601, -3.25099],
							"size": [0.62409, 1.41238, 8.8046],
							"uv": {
								"north": {"uv": [40, 42], "uv_size": [0.5, 1.5]},
								"east": {"uv": [40, 9], "uv_size": [8.75, 1.5]},
								"south": {"uv": [42, 40], "uv_size": [0.5, 1.5]},
								"west": {"uv": [18, 42], "uv_size": [8.75, 1.5]},
								"up": {"uv": [29, 42], "uv_size": [0.5, 8.75]},
								"down": {"uv": [30, 50.75], "uv_size": [0.5, -8.75]}
							}
						},
						{
							"origin": [-7.80339, 10.39137, -3.16248],
							"size": [3.60679, 4.22166, 0.62759],
							"uv": {
								"north": {"uv": [4, 40], "uv_size": [3.5, 4.25]},
								"east": {"uv": [42, 28], "uv_size": [0.75, 4.25]},
								"south": {"uv": [40, 4], "uv_size": [3.5, 4.25]},
								"west": {"uv": [31, 42], "uv_size": [0.75, 4.25]},
								"up": {"uv": [40, 11], "uv_size": [3.5, 0.75]},
								"down": {"uv": [32, 42.75], "uv_size": [3.5, -0.75]}
							}
						},
						{
							"origin": [-6.1966, 9.39137, -2.5349],
							"size": [0, 3.22166, 5.62759],
							"uv": {
								"north": {"uv": [0, 0], "uv_size": [0, 3.25]},
								"east": {"uv": [36, 28], "uv_size": [5.75, 3.25]},
								"south": {"uv": [0, 0], "uv_size": [0, 3.25]},
								"west": {"uv": [36, 32], "uv_size": [5.75, 3.25]},
								"up": {"uv": [0, 0], "uv_size": [0, 5.75]},
								"down": {"uv": [0, 5.75], "uv_size": [0, -5.75]}
							}
						},
						{
							"origin": [-6.164, 12.43771, -30.84389],
							"size": [0.328, 0.738, 27.6168],
							"uv": {
								"north": {"uv": [42, 42], "uv_size": [0.25, 0.75]},
								"east": {"uv": [36, 26], "uv_size": [28.5, 0.75]},
								"south": {"uv": [43, 28], "uv_size": [0.25, 0.75]},
								"west": {"uv": [36, 27], "uv_size": [28.5, 0.75]},
								"up": {"uv": [27, 42], "uv_size": [0.25, 28.5]},
								"down": {"uv": [28, 70.5], "uv_size": [0.25, -28.5]}
							}
						},
						{
							"origin": [-6, 11.81041, -33.19937],
							"size": [0, 1.3366, 30.14776],
							"uv": {
								"north": {"uv": [0, 0], "uv_size": [0, 1.25]},
								"east": {"uv": [16, 36], "uv_size": [30.25, 1.25]},
								"south": {"uv": [0, 0], "uv_size": [0, 1.25]},
								"west": {"uv": [36, 16], "uv_size": [30.25, 1.25]},
								"up": {"uv": [0, 0], "uv_size": [0, 30.25]},
								"down": {"uv": [0, 30.25], "uv_size": [0, -30.25]}
							}
						}
					]
				},
				{
					"name": "rightLeg",
					"parent": "body",
					"pivot": [-1.9, 12, 0],
					"cubes": [
						{
							"origin": [-3.9, 0, -2],
							"size": [4, 12, 4],
							"uv": {
								"north": {"uv": [128, 128], "uv_size": [0, 0]},
								"east": {"uv": [128, 128], "uv_size": [0, 0]},
								"south": {"uv": [128, 128], "uv_size": [0, 0]},
								"west": {"uv": [128, 128], "uv_size": [0, 0]},
								"up": {"uv": [128, 128], "uv_size": [0, 0]},
								"down": {"uv": [128, 128], "uv_size": [0, 0]}
							}
						},
						{
							"origin": [-4.02, -0.36, -2.12],
							"size": [4.24, 12.72, 4.24],
							"uv": {
								"north": {"uv": [128, 128], "uv_size": [0, 0]},
								"east": {"uv": [128, 128], "uv_size": [0, 0]},
								"south": {"uv": [128, 128], "uv_size": [0, 0]},
								"west": {"uv": [128, 128], "uv_size": [0, 0]},
								"up": {"uv": [128, 128], "uv_size": [0, 0]},
								"down": {"uv": [128, 128], "uv_size": [0, 0]}
							}
						}
					]
				},
				{
					"name": "leftLeg",
					"parent": "body",
					"pivot": [1.9, 12, 0],
					"cubes": [
						{
							"origin": [-0.1, 0, -2],
							"size": [4, 12, 4],
							"uv": {
								"north": {"uv": [128, 128], "uv_size": [0, 0]},
								"east": {"uv": [128, 128], "uv_size": [0, 0]},
								"south": {"uv": [128, 128], "uv_size": [0, 0]},
								"west": {"uv": [128, 128], "uv_size": [0, 0]},
								"up": {"uv": [128, 128], "uv_size": [0, 0]},
								"down": {"uv": [128, 128], "uv_size": [0, 0]}
							}
						},
						{
							"origin": [-0.22, -0.36, -2.12],
							"size": [4.24, 12.72, 4.24],
							"uv": {
								"north": {"uv": [128, 128], "uv_size": [0, 0]},
								"east": {"uv": [128, 128], "uv_size": [0, 0]},
								"south": {"uv": [128, 128], "uv_size": [0, 0]},
								"west": {"uv": [128, 128], "uv_size": [0, 0]},
								"up": {"uv": [128, 128], "uv_size": [0, 0]},
								"down": {"uv": [128, 128], "uv_size": [0, 0]}
							}
						}
					]
				},
				{
					"name": "bainha3",
					"parent": "body",
					"pivot": [-4.5757, 11.90858, -0.62122],
					"rotation": [-162.41078, -0.16075, -179.60216],
					"cubes": [
						{
							"origin": [-5.11365, 10.61859, -24.93114],
							"size": [0.69898, 1.58187, 30.86435],
							"uv": {
								"north": {"uv": [42, 38], "uv_size": [0.75, 1.5]},
								"east": {"uv": [36, 12], "uv_size": [30.75, 1.5]},
								"south": {"uv": [39, 42], "uv_size": [0.75, 1.5]},
								"west": {"uv": [36, 14], "uv_size": [30.75, 1.5]},
								"up": {"uv": [16, 38], "uv_size": [0.75, 30.75]},
								"down": {"uv": [17, 68.75], "uv_size": [0.75, -30.75]}
							}
						},
						{
							"origin": [-5.12763, 10.58695, -25.46843],
							"size": [0.72694, 1.64515, 0.93892],
							"uv": {
								"north": {"uv": [37, 42], "uv_size": [0.75, 1.75]},
								"east": {"uv": [42, 33], "uv_size": [1, 1.75]},
								"south": {"uv": [38, 42], "uv_size": [0.75, 1.75]},
								"west": {"uv": [36, 42], "uv_size": [1, 1.75]},
								"up": {"uv": [42, 35], "uv_size": [0.75, 1]},
								"down": {"uv": [41, 43], "uv_size": [0.75, -1]}
							}
						}
					]
				}
			]
		}
	]
}