{
	"format_version": "1.12.0",
	"minecraft:geometry": [
		{
			"description": {
				"identifier": "geometry.hommietree",
				"texture_width": 256,
				"texture_height": 256,
				"visible_bounds_width": 6,
				"visible_bounds_height": 6,
				"visible_bounds_offset": [0, 2, 0]
			},
			"bones": [
				{
					"name": "Arvore",
					"pivot": [0, 0, 0],
					"cubes": [
						{
							"origin": [-11, 0, -10],
							"size": [22, 51, 20],
							"uv": {
								"north": {"uv": [41, 0], "uv_size": [22, 51]},
								"east": {"uv": [63, 56], "uv_size": [20, 51]},
								"south": {"uv": [41, 51], "uv_size": [22, 51]},
								"west": {"uv": [0, 78], "uv_size": [20, 51]},
								"up": {"uv": [77, 128], "uv_size": [22, 20]},
								"down": {"uv": [133, 20], "uv_size": [22, -20]}
							}
						},
						{
							"origin": [-9, 0, -12],
							"size": [18, 15, 24],
							"uv": {
								"north": {"uv": [46, 141], "uv_size": [18, 15]},
								"east": {"uv": [59, 107], "uv_size": [24, 15]},
								"south": {"uv": [144, 139], "uv_size": [18, 15]},
								"west": {"uv": [140, 104], "uv_size": [24, 15]},
								"up": {"uv": [20, 78], "uv_size": [18, 24]},
								"down": {"uv": [0, 153], "uv_size": [18, -24]}
							}
						},
						{
							"origin": [-13, 0, -8],
							"size": [26, 20, 17],
							"uv": {
								"north": {"uv": [114, 100], "uv_size": [26, 20]},
								"east": {"uv": [140, 119], "uv_size": [17, 20]},
								"south": {"uv": [114, 120], "uv_size": [26, 20]},
								"west": {"uv": [127, 140], "uv_size": [17, 20]},
								"up": {"uv": [51, 124], "uv_size": [26, 17]},
								"down": {"uv": [124, 82], "uv_size": [26, -17]}
							}
						}
					]
				},
				{
					"name": "Raiz",
					"parent": "Arvore",
					"pivot": [-10, 0, -6],
					"cubes": [
						{
							"origin": [-12, -4, -13],
							"size": [9, 9, 10],
							"pivot": [-10, 0, -6],
							"rotation": [-33.2713, 32.68214, -19.50986],
							"uv": {
								"north": {"uv": [162, 10], "uv_size": [9, 9]},
								"east": {"uv": [155, 56], "uv_size": [10, 9]},
								"south": {"uv": [19, 162], "uv_size": [9, 9]},
								"west": {"uv": [106, 155], "uv_size": [10, 9]},
								"up": {"uv": [116, 155], "uv_size": [9, 10]},
								"down": {"uv": [42, 166], "uv_size": [9, -10]}
							}
						},
						{
							"origin": [-16.17608, -6.20169, -36.34363],
							"size": [5, 5, 14],
							"pivot": [-16.17608, -8.20169, -19.34363],
							"rotation": [-38.2713, 32.68214, -19.50986],
							"uv": {
								"north": {"uv": [177, 79], "uv_size": [5, 5]},
								"east": {"uv": [102, 50], "uv_size": [14, 5]},
								"south": {"uv": [177, 84], "uv_size": [5, 5]},
								"west": {"uv": [124, 93], "uv_size": [14, 5]},
								"up": {"uv": [106, 164], "uv_size": [5, 14]},
								"down": {"uv": [111, 178], "uv_size": [5, -14]}
							}
						},
						{
							"origin": [-27.21954, 3.94358, -40.72823],
							"size": [5, 5, 14],
							"pivot": [-27.21954, 1.94358, -23.72823],
							"rotation": [26.06693, 1.49726, 2.64969],
							"uv": {
								"north": {"uv": [177, 123], "uv_size": [5, 5]},
								"east": {"uv": [162, 51], "uv_size": [14, 5]},
								"south": {"uv": [177, 128], "uv_size": [5, 5]},
								"west": {"uv": [162, 146], "uv_size": [14, 5]},
								"up": {"uv": [158, 164], "uv_size": [5, 14]},
								"down": {"uv": [163, 178], "uv_size": [5, -14]}
							}
						},
						{
							"origin": [-11, 1, -23],
							"size": [7, 8, 14],
							"pivot": [-10, 0, -6],
							"rotation": [14.2287, 32.68214, -19.50986],
							"uv": {
								"north": {"uv": [133, 20], "uv_size": [7, 8]},
								"east": {"uv": [99, 128], "uv_size": [14, 8]},
								"south": {"uv": [19, 171], "uv_size": [7, 8]},
								"west": {"uv": [141, 42], "uv_size": [14, 8]},
								"up": {"uv": [92, 148], "uv_size": [7, 14]},
								"down": {"uv": [28, 168], "uv_size": [7, -14]}
							}
						}
					]
				},
				{
					"name": "Raiz2",
					"parent": "Arvore",
					"pivot": [10, 0, -6],
					"cubes": [
						{
							"origin": [3, -4, -13],
							"size": [9, 9, 10],
							"pivot": [10, 0, -6],
							"rotation": [-33.2713, -32.68214, 19.50986],
							"uv": {
								"north": {"uv": [162, 42], "uv_size": [9, 9]},
								"east": {"uv": [51, 156], "uv_size": [10, 9]},
								"south": {"uv": [89, 162], "uv_size": [9, 9]},
								"west": {"uv": [61, 156], "uv_size": [10, 9]},
								"up": {"uv": [71, 156], "uv_size": [9, 10]},
								"down": {"uv": [80, 166], "uv_size": [9, -10]}
							}
						},
						{
							"origin": [11.17608, -6.20169, -36.34363],
							"size": [5, 5, 14],
							"pivot": [16.17608, -8.20169, -19.34363],
							"rotation": [-38.2713, -32.68214, 19.50986],
							"uv": {
								"north": {"uv": [177, 136], "uv_size": [5, 5]},
								"east": {"uv": [164, 74], "uv_size": [14, 5]},
								"south": {"uv": [178, 38], "uv_size": [5, 5]},
								"west": {"uv": [164, 113], "uv_size": [14, 5]},
								"up": {"uv": [51, 165], "uv_size": [5, 14]},
								"down": {"uv": [56, 179], "uv_size": [5, -14]}
							}
						},
						{
							"origin": [22.21954, 3.94358, -40.72823],
							"size": [5, 5, 14],
							"pivot": [27.21954, 1.94358, -23.72823],
							"rotation": [26.06693, -1.49726, -2.64969],
							"uv": {
								"north": {"uv": [178, 73], "uv_size": [5, 5]},
								"east": {"uv": [165, 56], "uv_size": [14, 5]},
								"south": {"uv": [106, 178], "uv_size": [5, 5]},
								"west": {"uv": [61, 166], "uv_size": [14, 5]},
								"up": {"uv": [116, 165], "uv_size": [5, 14]},
								"down": {"uv": [42, 180], "uv_size": [5, -14]}
							}
						},
						{
							"origin": [4, 1, -23],
							"size": [7, 8, 14],
							"pivot": [10, 0, -6],
							"rotation": [14.2287, -32.68214, 19.50986],
							"uv": {
								"north": {"uv": [171, 38], "uv_size": [7, 8]},
								"east": {"uv": [64, 148], "uv_size": [14, 8]},
								"south": {"uv": [61, 171], "uv_size": [7, 8]},
								"west": {"uv": [78, 148], "uv_size": [14, 8]},
								"up": {"uv": [35, 154], "uv_size": [7, 14]},
								"down": {"uv": [144, 168], "uv_size": [7, -14]}
							}
						}
					]
				},
				{
					"name": "Raiz3",
					"parent": "Arvore",
					"pivot": [10, 0, 6],
					"rotation": [0, 75, 0],
					"cubes": [
						{
							"origin": [3, -4, 3],
							"size": [9, 9, 10],
							"pivot": [10, 0, 6],
							"rotation": [33.2713, 32.68214, 19.50986],
							"uv": {
								"north": {"uv": [162, 137], "uv_size": [9, 9]},
								"east": {"uv": [157, 119], "uv_size": [10, 9]},
								"south": {"uv": [163, 81], "uv_size": [9, 9]},
								"west": {"uv": [157, 128], "uv_size": [10, 9]},
								"up": {"uv": [158, 154], "uv_size": [9, 10]},
								"down": {"uv": [125, 170], "uv_size": [9, -10]}
							}
						},
						{
							"origin": [11.17608, -6.20169, 22.34363],
							"size": [5, 5, 14],
							"pivot": [16.17608, -8.20169, 19.34363],
							"rotation": [38.2713, 32.68214, 19.50986],
							"uv": {
								"north": {"uv": [111, 178], "uv_size": [5, 5]},
								"east": {"uv": [75, 166], "uv_size": [14, 5]},
								"south": {"uv": [178, 111], "uv_size": [5, 5]},
								"west": {"uv": [167, 118], "uv_size": [14, 5]},
								"up": {"uv": [167, 123], "uv_size": [5, 14]},
								"down": {"uv": [28, 182], "uv_size": [5, -14]}
							}
						},
						{
							"origin": [22.21954, 3.94358, 26.72823],
							"size": [5, 5, 14],
							"pivot": [27.21954, 1.94358, 23.72823],
							"rotation": [-26.06693, 1.49726, -2.64969],
							"uv": {
								"north": {"uv": [154, 178], "uv_size": [5, 5]},
								"east": {"uv": [167, 151], "uv_size": [14, 5]},
								"south": {"uv": [159, 178], "uv_size": [5, 5]},
								"west": {"uv": [167, 156], "uv_size": [14, 5]},
								"up": {"uv": [33, 168], "uv_size": [5, 14]},
								"down": {"uv": [144, 182], "uv_size": [5, -14]}
							}
						},
						{
							"origin": [4, 1, 9],
							"size": [7, 8, 14],
							"pivot": [10, 0, 6],
							"rotation": [-14.2287, 32.68214, 19.50986],
							"uv": {
								"north": {"uv": [68, 171], "uv_size": [7, 8]},
								"east": {"uv": [150, 65], "uv_size": [14, 8]},
								"south": {"uv": [75, 171], "uv_size": [7, 8]},
								"west": {"uv": [150, 73], "uv_size": [14, 8]},
								"up": {"uv": [151, 154], "uv_size": [7, 14]},
								"down": {"uv": [155, 14], "uv_size": [7, -14]}
							}
						}
					]
				},
				{
					"name": "Raiz4",
					"parent": "Arvore",
					"pivot": [-10, 0, 6],
					"rotation": [0, -10, 0],
					"cubes": [
						{
							"origin": [-12, -4, 3],
							"size": [9, 9, 10],
							"pivot": [-10, 0, 6],
							"rotation": [33.2713, -32.68214, -19.50986],
							"uv": {
								"north": {"uv": [164, 65], "uv_size": [9, 9]},
								"east": {"uv": [134, 160], "uv_size": [10, 9]},
								"south": {"uv": [164, 104], "uv_size": [9, 9]},
								"west": {"uv": [0, 161], "uv_size": [10, 9]},
								"up": {"uv": [162, 0], "uv_size": [9, 10]},
								"down": {"uv": [10, 172], "uv_size": [9, -10]}
							}
						},
						{
							"origin": [-16.17608, -6.20169, 22.34363],
							"size": [5, 5, 14],
							"pivot": [-16.17608, -8.20169, 19.34363],
							"rotation": [38.2713, -32.68214, -19.50986],
							"uv": {
								"north": {"uv": [173, 178], "uv_size": [5, 5]},
								"east": {"uv": [168, 161], "uv_size": [14, 5]},
								"south": {"uv": [178, 178], "uv_size": [5, 5]},
								"west": {"uv": [168, 166], "uv_size": [14, 5]},
								"up": {"uv": [149, 168], "uv_size": [5, 14]},
								"down": {"uv": [169, 33], "uv_size": [5, -14]}
							}
						},
						{
							"origin": [-27.21954, 3.94358, 26.72823],
							"size": [5, 5, 14],
							"pivot": [-27.21954, 1.94358, 23.72823],
							"rotation": [-26.06693, -1.49726, 2.64969],
							"uv": {
								"north": {"uv": [18, 179], "uv_size": [5, 5]},
								"east": {"uv": [169, 33], "uv_size": [14, 5]},
								"south": {"uv": [23, 179], "uv_size": [5, 5]},
								"west": {"uv": [121, 170], "uv_size": [14, 5]},
								"up": {"uv": [98, 169], "uv_size": [5, 14]},
								"down": {"uv": [135, 183], "uv_size": [5, -14]}
							}
						},
						{
							"origin": [-11, 1, 9],
							"size": [7, 8, 14],
							"pivot": [-10, 0, 6],
							"rotation": [-14.2287, -32.68214, -19.50986],
							"uv": {
								"north": {"uv": [82, 171], "uv_size": [7, 8]},
								"east": {"uv": [0, 153], "uv_size": [14, 8]},
								"south": {"uv": [89, 171], "uv_size": [7, 8]},
								"west": {"uv": [14, 154], "uv_size": [14, 8]},
								"up": {"uv": [155, 42], "uv_size": [7, 14]},
								"down": {"uv": [99, 169], "uv_size": [7, -14]}
							}
						}
					]
				},
				{
					"name": "Raiz5",
					"parent": "Arvore",
					"pivot": [10, 0, 6],
					"rotation": [0, 10, 0],
					"cubes": [
						{
							"origin": [5.1, -2.8, 3.9],
							"size": [6.3, 6.3, 7],
							"pivot": [10, 0, 6],
							"rotation": [33.2713, 32.68214, 19.50986],
							"uv": {
								"north": {"uv": [77, 122], "uv_size": [6, 6]},
								"east": {"uv": [116, 50], "uv_size": [7, 6]},
								"south": {"uv": [174, 19], "uv_size": [6, 6]},
								"west": {"uv": [155, 14], "uv_size": [7, 6]},
								"up": {"uv": [171, 12], "uv_size": [6, 7]},
								"down": {"uv": [171, 144], "uv_size": [6, -7]}
							}
						},
						{
							"origin": [10.82325, -4.34118, 17.44054],
							"size": [3.5, 3.5, 9.8],
							"pivot": [14.32325, -5.74118, 15.34054],
							"rotation": [38.2713, 32.68214, 19.50986],
							"uv": {
								"north": {"uv": [38, 98], "uv_size": [3, 3]},
								"east": {"uv": [99, 136], "uv_size": [10, 3]},
								"south": {"uv": [74, 141], "uv_size": [3, 3]},
								"west": {"uv": [163, 90], "uv_size": [10, 3]},
								"up": {"uv": [38, 78], "uv_size": [3, 10]},
								"down": {"uv": [38, 98], "uv_size": [3, -10]}
							}
						},
						{
							"origin": [18.55368, 2.76051, 20.50976],
							"size": [3.5, 3.5, 9.8],
							"pivot": [22.05368, 1.36051, 18.40976],
							"rotation": [-26.06693, 1.49726, -2.64969],
							"uv": {
								"north": {"uv": [59, 102], "uv_size": [4, 3]},
								"east": {"uv": [171, 46], "uv_size": [10, 3]},
								"south": {"uv": [109, 136], "uv_size": [4, 3]},
								"west": {"uv": [172, 133], "uv_size": [10, 3]},
								"up": {"uv": [47, 166], "uv_size": [4, 10]},
								"down": {"uv": [38, 178], "uv_size": [4, -10]}
							}
						},
						{
							"origin": [5.8, 0.7, 8.1],
							"size": [4.9, 5.6, 9.8],
							"pivot": [10, 0, 6],
							"rotation": [-14.2287, 32.68214, 19.50986],
							"uv": {
								"north": {"uv": [127, 175], "uv_size": [5, 6]},
								"east": {"uv": [64, 141], "uv_size": [10, 6]},
								"south": {"uv": [0, 176], "uv_size": [5, 6]},
								"west": {"uv": [0, 170], "uv_size": [10, 6]},
								"up": {"uv": [168, 171], "uv_size": [5, 10]},
								"down": {"uv": [10, 182], "uv_size": [5, -10]}
							}
						}
					]
				},
				{
					"name": "Raiz6",
					"parent": "Arvore",
					"pivot": [-10, 0, 8],
					"rotation": [0, 62.5, 0],
					"cubes": [
						{
							"origin": [-11.4, -2.8, 3.1],
							"size": [6.3, 6.3, 7],
							"pivot": [-10, 0, 8],
							"rotation": [-33.2713, 32.68214, -19.50986],
							"uv": {
								"north": {"uv": [174, 25], "uv_size": [6, 6]},
								"east": {"uv": [173, 61], "uv_size": [7, 6]},
								"south": {"uv": [121, 175], "uv_size": [6, 6]},
								"west": {"uv": [173, 67], "uv_size": [7, 6]},
								"up": {"uv": [173, 104], "uv_size": [6, 7]},
								"down": {"uv": [173, 178], "uv_size": [6, -7]}
							}
						},
						{
							"origin": [-14.32325, -4.34118, -13.24054],
							"size": [3.5, 3.5, 9.8],
							"pivot": [-14.32325, -5.74118, -1.34054],
							"rotation": [-38.2713, 32.68214, -19.50986],
							"uv": {
								"north": {"uv": [74, 144], "uv_size": [3, 3]},
								"east": {"uv": [173, 89], "uv_size": [10, 3]},
								"south": {"uv": [89, 156], "uv_size": [3, 3]},
								"west": {"uv": [176, 49], "uv_size": [10, 3]},
								"up": {"uv": [103, 169], "uv_size": [3, 10]},
								"down": {"uv": [15, 182], "uv_size": [3, -10]}
							}
						},
						{
							"origin": [-22.05368, 2.76051, -16.30976],
							"size": [3.5, 3.5, 9.8],
							"pivot": [-22.05368, 1.36051, -4.40976],
							"rotation": [26.06693, 1.49726, 2.64969],
							"uv": {
								"north": {"uv": [162, 151], "uv_size": [4, 3]},
								"east": {"uv": [176, 52], "uv_size": [10, 3]},
								"south": {"uv": [165, 61], "uv_size": [4, 3]},
								"west": {"uv": [176, 144], "uv_size": [10, 3]},
								"up": {"uv": [154, 168], "uv_size": [4, 10]},
								"down": {"uv": [140, 179], "uv_size": [4, -10]}
							}
						},
						{
							"origin": [-10.7, 0.7, -3.9],
							"size": [4.9, 5.6, 9.8],
							"pivot": [-10, 0, 8],
							"rotation": [14.2287, 32.68214, -19.50986],
							"uv": {
								"north": {"uv": [5, 176], "uv_size": [5, 6]},
								"east": {"uv": [171, 0], "uv_size": [10, 6]},
								"south": {"uv": [177, 12], "uv_size": [5, 6]},
								"west": {"uv": [171, 6], "uv_size": [10, 6]},
								"up": {"uv": [172, 79], "uv_size": [5, 10]},
								"down": {"uv": [172, 133], "uv_size": [5, -10]}
							}
						}
					]
				},
				{
					"name": "Planta",
					"pivot": [0, 0, 0],
					"cubes": [
						{
							"origin": [-1, 44, -1],
							"size": [31, 15, 28],
							"uv": {
								"north": {"uv": [20, 124], "uv_size": [31, 15]},
								"east": {"uv": [18, 139], "uv_size": [28, 15]},
								"south": {"uv": [124, 50], "uv_size": [31, 15]},
								"west": {"uv": [99, 140], "uv_size": [28, 15]},
								"up": {"uv": [83, 100], "uv_size": [31, 28]},
								"down": {"uv": [102, 28], "uv_size": [31, -28]}
							}
						},
						{
							"origin": [-17, 42, -27],
							"size": [39, 11, 28],
							"uv": {
								"north": {"uv": [124, 82], "uv_size": [39, 11]},
								"east": {"uv": [141, 20], "uv_size": [28, 11]},
								"south": {"uv": [140, 93], "uv_size": [39, 11]},
								"west": {"uv": [141, 31], "uv_size": [28, 11]},
								"up": {"uv": [63, 0], "uv_size": [39, 28]},
								"down": {"uv": [63, 56], "uv_size": [39, -28]}
							}
						},
						{
							"origin": [-30, 42, -19],
							"size": [41, 22, 39],
							"uv": {
								"north": {"uv": [83, 56], "uv_size": [41, 22]},
								"east": {"uv": [20, 102], "uv_size": [39, 22]},
								"south": {"uv": [83, 78], "uv_size": [41, 22]},
								"west": {"uv": [102, 28], "uv_size": [39, 22]},
								"up": {"uv": [0, 0], "uv_size": [41, 39]},
								"down": {"uv": [0, 78], "uv_size": [41, -39]}
							}
						}
					]
				}
			]
		}
	]
}