{
	"format_version": "1.12.0",
	"minecraft:geometry": [
		{
			"description": {
				"identifier": "geometry.magmadragon",
				"texture_width": 64,
				"texture_height": 64,
				"visible_bounds_width": 39,
				"visible_bounds_height": 31,
				"visible_bounds_offset": [0, -9.5, 0]
			},
			"bones": [
				{
					"name": "corpo",
					"pivot": [-0.26258, 18.84645, -7.17635],
					"rotation": [-17.5, 0, 0],
					"cubes": [
						{
							"origin": [-4.39833, 16.84286, -8.86912],
							"size": [8.441, 8.441, 6.882],
							"pivot": [-0.17783, 27.04434, -1.8639],
							"rotation": [17.5, 0, 0],
							"uv": {
								"north": {"uv": [11, 29], "uv_size": [8.5, 8.5]},
								"east": {"uv": [34, 33], "uv_size": [7, 8.5]},
								"south": {"uv": [0, 32], "uv_size": [8.5, 8.5]},
								"west": {"uv": [35, 9], "uv_size": [7, 8.5]},
								"up": {"uv": [37, 0], "uv_size": [8.5, 7]},
								"down": {"uv": [9, 45], "uv_size": [8.5, -7]}
							}
						}
					]
				},
				{
					"name": "Head",
					"parent": "corpo",
					"pivot": [0.32058, 17.60173, -6.76668],
					"rotation": [20, 0, 0],
					"cubes": [
						{
							"origin": [-6.16965, 14.5719, -15.62464],
							"size": [12.4144, 6.7072, 8.384],
							"uv": {
								"north": {"uv": [25, 19], "uv_size": [12.5, 6.75]},
								"east": {"uv": [38, 18], "uv_size": [8.5, 6.75]},
								"south": {"uv": [25, 26], "uv_size": [12.5, 6.75]},
								"west": {"uv": [38, 25], "uv_size": [8.5, 6.75]},
								"up": {"uv": [12, 20], "uv_size": [12.5, 8.5]},
								"down": {"uv": [24, 8.5], "uv_size": [12.5, -8.5]}
							}
						},
						{
							"origin": [-3.81605, 16.2487, -25.68544],
							"size": [7.7072, 3.3536, 10.0608],
							"uv": {
								"north": {"uv": [34, 42], "uv_size": [6.75, 3.25]},
								"east": {"uv": [41, 41], "uv_size": [10, 3.25]},
								"south": {"uv": [27, 43], "uv_size": [6.75, 3.25]},
								"west": {"uv": [42, 7], "uv_size": [10, 3.25]},
								"up": {"uv": [20, 33], "uv_size": [6.75, 10]},
								"down": {"uv": [27, 43], "uv_size": [6.75, -10]}
							}
						},
						{
							"origin": [-5.71692, 15.02463, -16.77324],
							"size": [11.50893, 9.15533, 10.68122],
							"uv": {
								"north": {"uv": [12, 0], "uv_size": [11.5, 9.25]},
								"east": {"uv": [0, 22], "uv_size": [10.75, 9.25]},
								"south": {"uv": [12, 10], "uv_size": [11.5, 9.25]},
								"west": {"uv": [24, 9], "uv_size": [10.75, 9.25]},
								"up": {"uv": [0, 0], "uv_size": [11.5, 10.75]},
								"down": {"uv": [0, 21.75], "uv_size": [11.5, -10.75]}
							}
						}
					]
				},
				{
					"name": "Jaw",
					"parent": "Head",
					"pivot": [0.53755, 13.0787, -16.11824],
					"rotation": [12.5, 0, 0],
					"cubes": [
						{
							"origin": [-3.81605, 12.8951, -24.00864],
							"size": [7.7072, 3.3536, 8.384],
							"pivot": [0.53755, 14.5719, -15.62464],
							"rotation": [12.5, 0, 0],
							"uv": {
								"north": {"uv": [7, 45], "uv_size": [6.75, 3.25]},
								"east": {"uv": [42, 11], "uv_size": [8.5, 3.25]},
								"south": {"uv": [41, 45], "uv_size": [6.75, 3.25]},
								"west": {"uv": [18, 43], "uv_size": [8.5, 3.25]},
								"up": {"uv": [0, 41], "uv_size": [6.75, 8.5]},
								"down": {"uv": [41, 40.5], "uv_size": [6.75, -8.5]}
							}
						}
					]
				},
				{
					"name": "chifres",
					"parent": "Head",
					"pivot": [-7.76089, 25.85297, -1.24999],
					"rotation": [-14.37125, 7.79284, -44.79313],
					"cubes": [
						{
							"origin": [-17.99737, 21.99664, -9.80308],
							"size": [8.39222, 2.12937, 2.12937],
							"pivot": [-8.77086, 21.80373, -12.5112],
							"rotation": [0, 35, 85],
							"uv": {
								"north": {"uv": [42, 15], "uv_size": [8.5, 2.25]},
								"east": {"uv": [20, 29], "uv_size": [2.25, 2.25]},
								"south": {"uv": [46, 0], "uv_size": [8.5, 2.25]},
								"west": {"uv": [52, 8], "uv_size": [2.25, 2.25]},
								"up": {"uv": [46, 3], "uv_size": [8.5, 2.25]},
								"down": {"uv": [14, 49.25], "uv_size": [8.5, -2.25]}
							}
						},
						{
							"origin": [-8.90796, 31.52209, -3.36062],
							"size": [5.97664, 1.87385, 1.87385],
							"pivot": [-7.17725, 32.45902, -6.1965],
							"rotation": [5.38152, 19.291, 100.91527],
							"uv": {
								"north": {"uv": [48, 39], "uv_size": [6, 1.75]},
								"east": {"uv": [23, 29], "uv_size": [1.75, 1.75]},
								"south": {"uv": [41, 49], "uv_size": [6, 1.75]},
								"west": {"uv": [23, 31], "uv_size": [1.75, 1.75]},
								"up": {"uv": [9, 50], "uv_size": [6, 1.75]},
								"down": {"uv": [15, 51.75], "uv_size": [6, -1.75]}
							}
						}
					]
				},
				{
					"name": "chifres2",
					"parent": "Head",
					"pivot": [7.76089, 25.85297, -1.24999],
					"rotation": [-14.37125, -7.79284, 44.79313],
					"cubes": [
						{
							"origin": [9.60515, 21.99664, -9.80308],
							"size": [8.39222, 2.12937, 2.12937],
							"pivot": [8.77086, 21.80373, -12.5112],
							"rotation": [0, -35, -85],
							"uv": {
								"north": {"uv": [47, 18], "uv_size": [8.5, 2.25]},
								"east": {"uv": [9, 52], "uv_size": [2.25, 2.25]},
								"south": {"uv": [47, 21], "uv_size": [8.5, 2.25]},
								"west": {"uv": [12, 52], "uv_size": [2.25, 2.25]},
								"up": {"uv": [23, 47], "uv_size": [8.5, 2.25]},
								"down": {"uv": [47, 26.25], "uv_size": [8.5, -2.25]}
							}
						},
						{
							"origin": [2.93132, 31.52209, -3.36062],
							"size": [5.97664, 1.87385, 1.87385],
							"pivot": [7.17725, 32.45902, -6.1965],
							"rotation": [5.38152, -19.291, -100.91527],
							"uv": {
								"north": {"uv": [21, 50], "uv_size": [6, 1.75]},
								"east": {"uv": [9, 32], "uv_size": [1.75, 1.75]},
								"south": {"uv": [27, 50], "uv_size": [6, 1.75]},
								"west": {"uv": [9, 34], "uv_size": [1.75, 1.75]},
								"up": {"uv": [33, 50], "uv_size": [6, 1.75]},
								"down": {"uv": [51, 12.75], "uv_size": [6, -1.75]}
							}
						}
					]
				},
				{
					"name": "chifres3",
					"parent": "Head",
					"pivot": [8.76089, 22.85297, -5.24999],
					"rotation": [-16.0053, -3.17404, 61.7555],
					"cubes": [
						{
							"origin": [10.60515, 18.99664, -13.80308],
							"size": [8.39222, 2.12937, 2.12937],
							"pivot": [9.77086, 18.80373, -16.5112],
							"rotation": [0, -35, -85],
							"uv": {
								"north": {"uv": [47, 27], "uv_size": [8.5, 2.25]},
								"east": {"uv": [15, 52], "uv_size": [2.25, 2.25]},
								"south": {"uv": [32, 47], "uv_size": [8.5, 2.25]},
								"west": {"uv": [18, 52], "uv_size": [2.25, 2.25]},
								"up": {"uv": [48, 30], "uv_size": [8.5, 2.25]},
								"down": {"uv": [48, 35.25], "uv_size": [8.5, -2.25]}
							}
						},
						{
							"origin": [8.41194, 22.50829, -9.08608],
							"size": [5.97664, 1.87385, 1.87385],
							"pivot": [8.28956, 24.00803, -8.06669],
							"rotation": [6.80568, -41.66877, -103.6692],
							"uv": {
								"north": {"uv": [51, 13], "uv_size": [6, 1.75]},
								"east": {"uv": [9, 36], "uv_size": [1.75, 1.75]},
								"south": {"uv": [51, 15], "uv_size": [6, 1.75]},
								"west": {"uv": [37, 7], "uv_size": [1.75, 1.75]},
								"up": {"uv": [39, 51], "uv_size": [6, 1.75]},
								"down": {"uv": [51, 42.75], "uv_size": [6, -1.75]}
							}
						}
					]
				},
				{
					"name": "chifres4",
					"parent": "Head",
					"pivot": [-8.76089, 22.85297, -5.24999],
					"rotation": [-16.0053, 3.17404, -61.7555],
					"cubes": [
						{
							"origin": [-18.99737, 18.99664, -13.80308],
							"size": [8.39222, 2.12937, 2.12937],
							"pivot": [-9.77086, 18.80373, -16.5112],
							"rotation": [0, 35, 85],
							"uv": {
								"north": {"uv": [48, 36], "uv_size": [8.5, 2.25]},
								"east": {"uv": [21, 52], "uv_size": [2.25, 2.25]},
								"south": {"uv": [48, 45], "uv_size": [8.5, 2.25]},
								"west": {"uv": [24, 52], "uv_size": [2.25, 2.25]},
								"up": {"uv": [48, 48], "uv_size": [8.5, 2.25]},
								"down": {"uv": [0, 52.25], "uv_size": [8.5, -2.25]}
							}
						},
						{
							"origin": [-14.38858, 22.50829, -9.08608],
							"size": [5.97664, 1.87385, 1.87385],
							"pivot": [-8.28956, 24.00803, -8.06669],
							"rotation": [6.80568, 41.66877, 103.6692],
							"uv": {
								"north": {"uv": [51, 43], "uv_size": [6, 1.75]},
								"east": {"uv": [18, 38], "uv_size": [1.75, 1.75]},
								"south": {"uv": [45, 51], "uv_size": [6, 1.75]},
								"west": {"uv": [39, 7], "uv_size": [1.75, 1.75]},
								"up": {"uv": [51, 51], "uv_size": [6, 1.75]},
								"down": {"uv": [52, 7.75], "uv_size": [6, -1.75]}
							}
						}
					]
				}
			]
		}
	]
}