{
	"format_version": "1.12.0",
	"minecraft:geometry": [
		{
			"description": {
				"identifier": "geometry.magmaarm",
				"texture_width": 64,
				"texture_height": 64,
				"visible_bounds_width": 3,
				"visible_bounds_height": 3.5,
				"visible_bounds_offset": [0, 1.25, 0]
			},
			"bones": [
				{
					"name": "Root",
					"pivot": [0, 12, 0]
				},
				{
					"name": "body",
					"parent": "Root",
					"pivot": [0, 24, 0]
				},
				{
					"name": "head",
					"parent": "body",
					"pivot": [0, 24.12, 0]
				},
				{
					"name": "rightArm",
					"parent": "body",
					"pivot": [-3.64286, 22.64286, 0.07143],
					"cubes": [
						{
							"origin": [-8.36643, 9.93643, -2.55929],
							"size": [5.08, 15.24, 5.08],
							"uv": {
								"north": {"uv": [21, 7], "uv_size": [4, 12]},
								"east": {"uv": [22, 19], "uv_size": [4, 12]},
								"south": {"uv": [25, 0], "uv_size": [4, 12]},
								"west": {"uv": [0, 26], "uv_size": [4, 12]},
								"up": {"uv": [16, 7], "uv_size": [4, 4]},
								"down": {"uv": [6, 42], "uv_size": [4, -4]}
							}
						}
					]
				},
				{
					"name": "bone",
					"parent": "rightArm",
					"pivot": [-5.77893, 13.9906, 0.08655],
					"cubes": [
						{
							"origin": [-9.63643, 13.74643, -3.82929],
							"size": [7.62, 5.08, 7.62],
							"uv": {
								"north": {"uv": [37, 0], "uv_size": [6, 4]},
								"east": {"uv": [37, 4], "uv_size": [6, 4]},
								"south": {"uv": [37, 8], "uv_size": [6, 4]},
								"west": {"uv": [0, 38], "uv_size": [6, 4]},
								"up": {"uv": [34, 24], "uv_size": [6, 6]},
								"down": {"uv": [34, 36], "uv_size": [6, -6]}
							}
						},
						{
							"origin": [-9.63643, 18.82643, -5.09929],
							"size": [3.81, 3.81, 3.81],
							"uv": {
								"north": {"uv": [40, 28], "uv_size": [3, 3]},
								"east": {"uv": [40, 31], "uv_size": [3, 3]},
								"south": {"uv": [32, 40], "uv_size": [3, 3]},
								"west": {"uv": [40, 34], "uv_size": [3, 3]},
								"up": {"uv": [35, 40], "uv_size": [3, 3]},
								"down": {"uv": [40, 40], "uv_size": [3, -3]}
							}
						},
						{
							"origin": [-7.09643, 17.55643, 1.25071],
							"size": [3.81, 3.81, 3.81],
							"uv": {
								"north": {"uv": [42, 12], "uv_size": [3, 3]},
								"east": {"uv": [42, 15], "uv_size": [3, 3]},
								"south": {"uv": [42, 18], "uv_size": [3, 3]},
								"west": {"uv": [42, 21], "uv_size": [3, 3]},
								"up": {"uv": [43, 0], "uv_size": [3, 3]},
								"down": {"uv": [43, 6], "uv_size": [3, -3]}
							}
						},
						{
							"origin": [-7.09643, 22.63643, -5.09929],
							"size": [3.81, 3.81, 3.81],
							"uv": {
								"north": {"uv": [38, 40], "uv_size": [3, 3]},
								"east": {"uv": [41, 40], "uv_size": [3, 3]},
								"south": {"uv": [0, 42], "uv_size": [3, 3]},
								"west": {"uv": [3, 42], "uv_size": [3, 3]},
								"up": {"uv": [6, 42], "uv_size": [3, 3]},
								"down": {"uv": [9, 45], "uv_size": [3, -3]}
							}
						},
						{
							"origin": [-9.63643, 21.36643, 1.25071],
							"size": [3.81, 3.81, 3.81],
							"uv": {
								"north": {"uv": [43, 28], "uv_size": [3, 3]},
								"east": {"uv": [43, 31], "uv_size": [3, 3]},
								"south": {"uv": [32, 43], "uv_size": [3, 3]},
								"west": {"uv": [43, 34], "uv_size": [3, 3]},
								"up": {"uv": [35, 43], "uv_size": [3, 3]},
								"down": {"uv": [43, 40], "uv_size": [3, -3]}
							}
						},
						{
							"origin": [-10.90643, 13.74643, -1.28929],
							"size": [3.81, 3.81, 3.81],
							"uv": {
								"north": {"uv": [43, 6], "uv_size": [3, 3]},
								"east": {"uv": [43, 9], "uv_size": [3, 3]},
								"south": {"uv": [12, 43], "uv_size": [3, 3]},
								"west": {"uv": [15, 43], "uv_size": [3, 3]},
								"up": {"uv": [18, 43], "uv_size": [3, 3]},
								"down": {"uv": [21, 46], "uv_size": [3, -3]}
							}
						}
					]
				},
				{
					"name": "leftArm",
					"parent": "body",
					"pivot": [5, 22, 0]
				},
				{
					"name": "rightLeg",
					"parent": "body",
					"pivot": [-1.9, 12, 0]
				},
				{
					"name": "leftLeg",
					"parent": "body",
					"pivot": [1.9, 12, 0]
				}
			]
		}
	]
}