{
	"format_version": "1.12.0",
	"minecraft:geometry": [
		{
			"description": {
				"identifier": "geometry.magumagu",
				"texture_width": 32,
				"texture_height": 32,
				"visible_bounds_width": 3,
				"visible_bounds_height": 3.5,
				"visible_bounds_offset": [0, 1.25, 0]
			},
			"bones": [
				{
					"name": "Root",
					"pivot": [0, 12, 0]
				},
				{
					"name": "body",
					"parent": "Root",
					"pivot": [0, 24, 0],
					"cubes": [
						{
							"origin": [-4, 12, -2],
							"size": [8, 12, 4],
							"uv": {
								"north": {"uv": [32, 32], "uv_size": [0, 0]},
								"east": {"uv": [32, 32], "uv_size": [0, 0]},
								"south": {"uv": [32, 32], "uv_size": [0, 0]},
								"west": {"uv": [32, 32], "uv_size": [0, 0]},
								"up": {"uv": [32, 32], "uv_size": [0, 0]},
								"down": {"uv": [32, 32], "uv_size": [0, 0]}
							}
						},
						{
							"origin": [-4.24, 11.64, -2.12],
							"size": [8.48, 12.72, 4.24],
							"uv": {
								"north": {"uv": [32, 32], "uv_size": [0, 0]},
								"east": {"uv": [32, 32], "uv_size": [0, 0]},
								"south": {"uv": [32, 32], "uv_size": [0, 0]},
								"west": {"uv": [32, 32], "uv_size": [0, 0]},
								"up": {"uv": [32, 32], "uv_size": [0, 0]},
								"down": {"uv": [32, 32], "uv_size": [0, 0]}
							}
						}
					]
				},
				{
					"name": "head",
					"parent": "body",
					"pivot": [0, 24.12, 0],
					"cubes": [
						{
							"origin": [-4.05293, 24.12, -4.05293],
							"size": [8.10586, 8.10586, 8.10586],
							"uv": {
								"north": {"uv": [32, 32], "uv_size": [0, 0]},
								"east": {"uv": [32, 32], "uv_size": [0, 0]},
								"south": {"uv": [32, 32], "uv_size": [0, 0]},
								"west": {"uv": [32, 32], "uv_size": [0, 0]},
								"up": {"uv": [32, 32], "uv_size": [0, 0]},
								"down": {"uv": [32, 32], "uv_size": [0, 0]}
							}
						}
					]
				},
				{
					"name": "hat",
					"parent": "head",
					"pivot": [0, 24.12, 0],
					"cubes": [
						{
							"origin": [-4.59197, 23.58096, -4.59197],
							"size": [9.18393, 9.18393, 9.18393],
							"uv": {
								"north": {"uv": [32, 32], "uv_size": [0, 0]},
								"east": {"uv": [32, 32], "uv_size": [0, 0]},
								"south": {"uv": [32, 32], "uv_size": [0, 0]},
								"west": {"uv": [32, 32], "uv_size": [0, 0]},
								"up": {"uv": [32, 32], "uv_size": [0, 0]},
								"down": {"uv": [32, 32], "uv_size": [0, 0]}
							}
						}
					]
				},
				{
					"name": "leftArm",
					"parent": "body",
					"pivot": [5, 22, 0],
					"cubes": [
						{
							"origin": [4, 12, -2],
							"size": [4, 12, 4],
							"uv": {
								"north": {"uv": [32, 32], "uv_size": [0, 0]},
								"east": {"uv": [32, 32], "uv_size": [0, 0]},
								"south": {"uv": [32, 32], "uv_size": [0, 0]},
								"west": {"uv": [32, 32], "uv_size": [0, 0]},
								"up": {"uv": [32, 32], "uv_size": [0, 0]},
								"down": {"uv": [32, 32], "uv_size": [0, 0]}
							}
						},
						{
							"origin": [3.88, 11.64, -2.12],
							"size": [4.24, 12.72, 4.24],
							"uv": {
								"north": {"uv": [32, 32], "uv_size": [0, 0]},
								"east": {"uv": [32, 32], "uv_size": [0, 0]},
								"south": {"uv": [32, 32], "uv_size": [0, 0]},
								"west": {"uv": [32, 32], "uv_size": [0, 0]},
								"up": {"uv": [32, 32], "uv_size": [0, 0]},
								"down": {"uv": [32, 32], "uv_size": [0, 0]}
							}
						}
					]
				},
				{
					"name": "rightArm",
					"parent": "body",
					"pivot": [-5, 22, 0],
					"cubes": [
						{
							"origin": [-8, 12, -2],
							"size": [4, 12, 4],
							"uv": {
								"north": {"uv": [32, 32], "uv_size": [0, 0]},
								"east": {"uv": [32, 32], "uv_size": [0, 0]},
								"south": {"uv": [32, 32], "uv_size": [0, 0]},
								"west": {"uv": [32, 32], "uv_size": [0, 0]},
								"up": {"uv": [32, 32], "uv_size": [0, 0]},
								"down": {"uv": [32, 32], "uv_size": [0, 0]}
							}
						},
						{
							"origin": [-8.12, 11.64, -2.12],
							"size": [4.24, 12.72, 4.24],
							"uv": {
								"north": {"uv": [32, 32], "uv_size": [0, 0]},
								"east": {"uv": [32, 32], "uv_size": [0, 0]},
								"south": {"uv": [32, 32], "uv_size": [0, 0]},
								"west": {"uv": [32, 32], "uv_size": [0, 0]},
								"up": {"uv": [32, 32], "uv_size": [0, 0]},
								"down": {"uv": [32, 32], "uv_size": [0, 0]}
							}
						}
					]
				},
				{
					"name": "Devilfruit",
					"parent": "rightArm",
					"pivot": [-6.04192, 9.84, -1.97904],
					"rotation": [90, 0, 0],
					"cubes": [
						{
							"origin": [-8.6048, 5.0352, -4.6048],
							"size": [5.2096, 6.2096, 5.2096],
							"uv": {
								"north": {"uv": [0, 0], "uv_size": [5.25, 6.25]},
								"east": {"uv": [0, 0], "uv_size": [5.25, 6.25]},
								"south": {"uv": [0, 0], "uv_size": [5.25, 6.25]},
								"west": {"uv": [0, 0], "uv_size": [5.25, 6.25]},
								"up": {"uv": [4.5, 4.5], "uv_size": [-3.5, -3.25]},
								"down": {"uv": [4.5, 4.5], "uv_size": [-3.5, -3.25]}
							}
						},
						{
							"origin": [-8.97053, 6.66947, -3.97053],
							"size": [5.94106, 3.94106, 3.94106],
							"uv": {
								"north": {"uv": [16, 0], "uv_size": [6, 4]},
								"east": {"uv": [1, 1.25], "uv_size": [3.5, 3.25]},
								"south": {"uv": [16, 0], "uv_size": [6, 4]},
								"west": {"uv": [1, 1.25], "uv_size": [3.5, 3.25]},
								"up": {"uv": [22, 4], "uv_size": [-6, -4]},
								"down": {"uv": [22, 4], "uv_size": [-6, -4]}
							}
						},
						{
							"origin": [-7.94553, 4.69447, -3.94553],
							"size": [3.89105, 6.89105, 3.89105],
							"uv": {
								"north": {"uv": [12, 0], "uv_size": [4, 7]},
								"east": {"uv": [12, 0], "uv_size": [4, 7]},
								"south": {"uv": [12, 0], "uv_size": [4, 7]},
								"west": {"uv": [12, 0], "uv_size": [4, 7]},
								"up": {"uv": [4.5, 4.5], "uv_size": [-3.5, -3.25]},
								"down": {"uv": [4.5, 4.5], "uv_size": [-3.5, -3.25]}
							}
						},
						{
							"origin": [-9.34584, 11.94896, -2],
							"size": [6.48208, 2.38208, 0],
							"uv": {
								"north": {"uv": [20, 12], "uv_size": [6.5, 2.5]},
								"east": {"uv": [0, 0], "uv_size": [0, 2.5]},
								"south": {"uv": [14, 20], "uv_size": [6.5, 2.5]},
								"west": {"uv": [0, 0], "uv_size": [0, 2.5]},
								"up": {"uv": [0, 0], "uv_size": [6.5, 0]},
								"down": {"uv": [0, 0], "uv_size": [6.5, 0]}
							}
						},
						{
							"origin": [-6.34584, 8.94896, -2.13624],
							"size": [0.48208, 4.38208, 0.48208],
							"uv": {
								"north": {"uv": [22, 0], "uv_size": [0.5, 4.5]},
								"east": {"uv": [22, 5], "uv_size": [0.5, 4.5]},
								"south": {"uv": [23, 0], "uv_size": [0.5, 4.5]},
								"west": {"uv": [23, 5], "uv_size": [0.5, 4.5]},
								"up": {"uv": [16, 12], "uv_size": [0.5, 0.5]},
								"down": {"uv": [16, 13.5], "uv_size": [0.5, -0.5]}
							}
						}
					]
				},
				{
					"name": "rightLeg",
					"parent": "body",
					"pivot": [-1.9, 12, 0],
					"cubes": [
						{
							"origin": [-3.9, 0, -2],
							"size": [4, 12, 4],
							"uv": {
								"north": {"uv": [32, 32], "uv_size": [0, 0]},
								"east": {"uv": [32, 32], "uv_size": [0, 0]},
								"south": {"uv": [32, 32], "uv_size": [0, 0]},
								"west": {"uv": [32, 32], "uv_size": [0, 0]},
								"up": {"uv": [32, 32], "uv_size": [0, 0]},
								"down": {"uv": [32, 32], "uv_size": [0, 0]}
							}
						},
						{
							"origin": [-4.02, -0.36, -2.12],
							"size": [4.24, 12.72, 4.24],
							"uv": {
								"north": {"uv": [32, 32], "uv_size": [0, 0]},
								"east": {"uv": [32, 32], "uv_size": [0, 0]},
								"south": {"uv": [32, 32], "uv_size": [0, 0]},
								"west": {"uv": [32, 32], "uv_size": [0, 0]},
								"up": {"uv": [32, 32], "uv_size": [0, 0]},
								"down": {"uv": [32, 32], "uv_size": [0, 0]}
							}
						}
					]
				},
				{
					"name": "leftLeg",
					"parent": "body",
					"pivot": [1.9, 12, 0],
					"cubes": [
						{
							"origin": [-0.1, 0, -2],
							"size": [4, 12, 4],
							"uv": {
								"north": {"uv": [32, 32], "uv_size": [0, 0]},
								"east": {"uv": [32, 32], "uv_size": [0, 0]},
								"south": {"uv": [32, 32], "uv_size": [0, 0]},
								"west": {"uv": [32, 32], "uv_size": [0, 0]},
								"up": {"uv": [32, 32], "uv_size": [0, 0]},
								"down": {"uv": [32, 32], "uv_size": [0, 0]}
							}
						},
						{
							"origin": [-0.22, -0.36, -2.12],
							"size": [4.24, 12.72, 4.24],
							"uv": {
								"north": {"uv": [32, 32], "uv_size": [0, 0]},
								"east": {"uv": [32, 32], "uv_size": [0, 0]},
								"south": {"uv": [32, 32], "uv_size": [0, 0]},
								"west": {"uv": [32, 32], "uv_size": [0, 0]},
								"up": {"uv": [32, 32], "uv_size": [0, 0]},
								"down": {"uv": [32, 32], "uv_size": [0, 0]}
							}
						}
					]
				}
			]
		}
	]
}