{
	"format_version": "1.12.0",
	"minecraft:geometry": [
		{
			"description": {
				"identifier": "geometry.marine",
				"texture_width": 64,
				"texture_height": 64,
				"visible_bounds_width": 3,
				"visible_bounds_height": 3.5,
				"visible_bounds_offset": [0, 1.25, 0]
			},
			"bones": [
				{
					"name": "Root",
					"pivot": [0, 12, 0]
				},
				{
					"name": "body",
					"parent": "Root",
					"pivot": [0, 24, 0],
					"cubes": [
						{
							"origin": [-4, 12, -2],
							"size": [8, 12, 4],
							"uv": {
								"north": {"uv": [0, 0], "uv_size": [8, 12]},
								"east": {"uv": [21, 21], "uv_size": [4, 12]},
								"south": {"uv": [8, 0], "uv_size": [8, 12]},
								"west": {"uv": [23, 0], "uv_size": [4, 12]},
								"up": {"uv": [28, 36], "uv_size": [8, 4]},
								"down": {"uv": [36, 40], "uv_size": [8, -4]}
							}
						}
					]
				},
				{
					"name": "head",
					"parent": "body",
					"pivot": [0, 24.12, 0],
					"cubes": [
						{
							"origin": [-3.52, 24.12, -3.52],
							"size": [7.04, 7.04, 7.04],
							"uv": {
								"north": {"uv": [16, 0], "uv_size": [7, 7]},
								"east": {"uv": [16, 7], "uv_size": [7, 7]},
								"south": {"uv": [16, 14], "uv_size": [7, 7]},
								"west": {"uv": [0, 20], "uv_size": [7, 7]},
								"up": {"uv": [7, 20], "uv_size": [7, 7]},
								"down": {"uv": [14, 28], "uv_size": [7, -7]}
							}
						}
					]
				},
				{
					"name": "Hat",
					"parent": "head",
					"pivot": [0, 30.14, 0.23],
					"cubes": [
						{
							"origin": [-3.6608, 30.0792, -3.55],
							"size": [7.3216, 3.1616, 7.3216],
							"uv": {
								"north": {"uv": [37, 22], "uv_size": [7.25, 3.25]},
								"east": {"uv": [37, 26], "uv_size": [7.25, 3.25]},
								"south": {"uv": [37, 30], "uv_size": [7.25, 3.25]},
								"west": {"uv": [0, 39], "uv_size": [7.25, 3.25]},
								"up": {"uv": [0, 12], "uv_size": [7.25, 7.25]},
								"down": {"uv": [8, 19.25], "uv_size": [7.25, -7.25]}
							}
						},
						{
							"origin": [-3.6608, 30.0792, -7.7516],
							"size": [7.3216, 1.0816, 4.2016],
							"uv": {
								"north": {"uv": [39, 11], "uv_size": [7.25, 1]},
								"east": {"uv": [37, 34], "uv_size": [4.25, 1]},
								"south": {"uv": [44, 43], "uv_size": [7.25, 1]},
								"west": {"uv": [37, 35], "uv_size": [4.25, 1]},
								"up": {"uv": [37, 12], "uv_size": [7.25, 4.25]},
								"down": {"uv": [37, 21.25], "uv_size": [7.25, -4.25]}
							}
						}
					]
				},
				{
					"name": "leftArm",
					"parent": "body",
					"pivot": [5, 22, 0],
					"cubes": [
						{
							"origin": [4, 12, -2],
							"size": [4, 12, 4],
							"uv": {
								"north": {"uv": [4, 27], "uv_size": [4, 12]},
								"east": {"uv": [8, 27], "uv_size": [4, 12]},
								"south": {"uv": [12, 28], "uv_size": [4, 12]},
								"west": {"uv": [16, 28], "uv_size": [4, 12]},
								"up": {"uv": [36, 40], "uv_size": [4, 4]},
								"down": {"uv": [40, 44], "uv_size": [4, -4]}
							}
						}
					]
				},
				{
					"name": "rightArm",
					"parent": "body",
					"pivot": [-5, 22, 0],
					"cubes": [
						{
							"origin": [-8, 12, -2],
							"size": [4, 12, 4],
							"uv": {
								"north": {"uv": [8, 27], "uv_size": [-4, 12]},
								"east": {"uv": [20, 28], "uv_size": [-4, 12]},
								"south": {"uv": [16, 28], "uv_size": [-4, 12]},
								"west": {"uv": [12, 27], "uv_size": [-4, 12]},
								"up": {"uv": [40, 40], "uv_size": [-4, 4]},
								"down": {"uv": [44, 44], "uv_size": [-4, -4]}
							}
						}
					]
				},
				{
					"name": "rightLeg",
					"parent": "body",
					"pivot": [-1.9, 12, 0],
					"cubes": [
						{
							"origin": [-3.9, 0, -2],
							"size": [4, 12, 4],
							"uv": {
								"north": {"uv": [29, 12], "uv_size": [4, 12]},
								"east": {"uv": [29, 24], "uv_size": [4, 12]},
								"south": {"uv": [31, 0], "uv_size": [4, 12]},
								"west": {"uv": [33, 12], "uv_size": [4, 12]},
								"up": {"uv": [0, 43], "uv_size": [4, 4]},
								"down": {"uv": [4, 47], "uv_size": [4, -4]}
							}
						},
						{
							"origin": [-4, -0.1, -2.12],
							"size": [4.24, 2.6, 4.24],
							"uv": {
								"north": {"uv": [44, 8], "uv_size": [4.25, 2.5]},
								"east": {"uv": [28, 44], "uv_size": [4.25, 2.5]},
								"south": {"uv": [33, 44], "uv_size": [4.25, 2.5]},
								"west": {"uv": [44, 34], "uv_size": [4.25, 2.5]},
								"up": {"uv": [39, 0], "uv_size": [4.25, 4.25]},
								"down": {"uv": [39, 9.25], "uv_size": [4.25, -4.25]}
							}
						}
					]
				},
				{
					"name": "leftLeg",
					"parent": "body",
					"pivot": [1.9, 12, 0],
					"cubes": [
						{
							"origin": [-0.1, 0, -2],
							"size": [4, 12, 4],
							"uv": {
								"north": {"uv": [20, 33], "uv_size": [4, 12]},
								"east": {"uv": [33, 24], "uv_size": [4, 12]},
								"south": {"uv": [35, 0], "uv_size": [4, 12]},
								"west": {"uv": [24, 36], "uv_size": [4, 12]},
								"up": {"uv": [44, 0], "uv_size": [4, 4]},
								"down": {"uv": [44, 8], "uv_size": [4, -4]}
							}
						},
						{
							"origin": [-0.24, -0.1, -2.12],
							"size": [4.24, 2.6, 4.24],
							"uv": {
								"north": {"uv": [44, 37], "uv_size": [4.25, 2.5]},
								"east": {"uv": [38, 44], "uv_size": [4.25, 2.5]},
								"south": {"uv": [44, 40], "uv_size": [4.25, 2.5]},
								"west": {"uv": [43, 44], "uv_size": [4.25, 2.5]},
								"up": {"uv": [8, 40], "uv_size": [4.25, 4.25]},
								"down": {"uv": [13, 44.25], "uv_size": [4.25, -4.25]}
							}
						}
					]
				}
			]
		}
	]
}