{
	"format_version": "1.12.0",
	"minecraft:geometry": [
		{
			"description": {
				"identifier": "geometry.marineflag",
				"texture_width": 128,
				"texture_height": 128,
				"visible_bounds_width": 2,
				"visible_bounds_height": 4.5,
				"visible_bounds_offset": [0, 1.75, 0]
			},
			"bones": [
				{
					"name": "bone",
					"pivot": [-7, 0, 0],
					"cubes": [
						{"origin": [-7.68, 0, -0.68], "size": [1.36, 45, 1.36], "uv": [0, 21]},
						{"origin": [-6.68, 24, -0.32], "size": [30.36, 21, 0], "uv": [0, 0]}
					]
				}
			]
		}
	]
}