{
	"format_version": "1.12.0",
	"minecraft:geometry": [
		{
			"description": {
				"identifier": "geometry.meteour",
				"texture_width": 512,
				"texture_height": 512,
				"visible_bounds_width": 6,
				"visible_bounds_height": 5.5,
				"visible_bounds_offset": [0, 2.25, 0]
			},
			"bones": [
				{
					"name": "Meteoro",
					"pivot": [0, 0.0888, 0],
					"cubes": [
						{
							"origin": [-27.61088, 0.2266, -27.61088],
							"size": [55.22176, 55.22176, 55.22176],
							"uv": {
								"north": {"uv": [0, 0], "uv_size": [55, 55]},
								"east": {"uv": [0, 55], "uv_size": [55, 55]},
								"south": {"uv": [55, 0], "uv_size": [55, 55]},
								"west": {"uv": [55, 55], "uv_size": [55, 55]},
								"up": {"uv": [0, 110], "uv_size": [55, 55]},
								"down": {"uv": [110, 55], "uv_size": [55, -55]}
							}
						},
						{
							"origin": [-23.61088, 15.2266, -35.61088],
							"size": [21.22176, 23.22176, 59.22176],
							"uv": {
								"north": {"uv": [223, 128], "uv_size": [21, 23]},
								"east": {"uv": [179, 207], "uv_size": [59, 23]},
								"south": {"uv": [0, 227], "uv_size": [21, 23]},
								"west": {"uv": [214, 0], "uv_size": [59, 23]},
								"up": {"uv": [41, 214], "uv_size": [21, 59]},
								"down": {"uv": [62, 273], "uv_size": [21, -59]}
							}
						},
						{
							"origin": [-7.61088, 15.2266, -23.61088],
							"size": [21.22176, 23.22176, 59.22176],
							"uv": {
								"north": {"uv": [159, 230], "uv_size": [21, 23]},
								"east": {"uv": [214, 23], "uv_size": [59, 23]},
								"south": {"uv": [180, 230], "uv_size": [21, 23]},
								"west": {"uv": [222, 46], "uv_size": [59, 23]},
								"up": {"uv": [138, 222], "uv_size": [21, 59]},
								"down": {"uv": [223, 128], "uv_size": [21, -59]}
							}
						},
						{
							"origin": [3.38912, 42.2266, -6.61088],
							"size": [19.22176, 21.22176, 15.22176],
							"uv": {
								"north": {"uv": [21, 227], "uv_size": [19, 21]},
								"east": {"uv": [220, 230], "uv_size": [15, 21]},
								"south": {"uv": [201, 230], "uv_size": [19, 21]},
								"west": {"uv": [235, 230], "uv_size": [15, 21]},
								"up": {"uv": [222, 190], "uv_size": [19, 15]},
								"down": {"uv": [223, 166], "uv_size": [19, -15]}
							}
						},
						{
							"origin": [-31.48762, 6.94986, -20.88762],
							"size": [62.97524, 41.77524, 41.77524],
							"uv": {
								"north": {"uv": [55, 110], "uv_size": [63, 42]},
								"east": {"uv": [96, 181], "uv_size": [42, 42]},
								"south": {"uv": [110, 55], "uv_size": [63, 42]},
								"west": {"uv": [181, 124], "uv_size": [42, 42]},
								"up": {"uv": [118, 97], "uv_size": [63, 42]},
								"down": {"uv": [118, 181], "uv_size": [63, -42]}
							}
						},
						{
							"origin": [28.51238, 17.94986, -8.88762],
							"size": [7.97524, 23.77524, 20.77524],
							"uv": {
								"north": {"uv": [165, 0], "uv_size": [8, 24]},
								"east": {"uv": [96, 152], "uv_size": [21, 24]},
								"south": {"uv": [165, 24], "uv_size": [8, 24]},
								"west": {"uv": [222, 166], "uv_size": [21, 24]},
								"up": {"uv": [41, 189], "uv_size": [8, 21]},
								"down": {"uv": [125, 244], "uv_size": [8, -21]}
							}
						},
						{
							"origin": [-36.48762, 5.94986, 4.11238],
							"size": [7.97524, 23.77524, 20.77524],
							"uv": {
								"north": {"uv": [41, 165], "uv_size": [8, 24]},
								"east": {"uv": [83, 223], "uv_size": [21, 24]},
								"south": {"uv": [173, 62], "uv_size": [8, 24]},
								"west": {"uv": [104, 223], "uv_size": [21, 24]},
								"up": {"uv": [238, 205], "uv_size": [8, 21]},
								"down": {"uv": [243, 172], "uv_size": [8, -21]}
							}
						},
						{
							"origin": [-20.62262, -3.38514, -20.62262],
							"size": [41.24513, 62.44513, 41.24513],
							"uv": {
								"north": {"uv": [55, 152], "uv_size": [41, 62]},
								"east": {"uv": [0, 165], "uv_size": [41, 62]},
								"south": {"uv": [173, 0], "uv_size": [41, 62]},
								"west": {"uv": [181, 62], "uv_size": [41, 62]},
								"up": {"uv": [138, 181], "uv_size": [41, 41]},
								"down": {"uv": [181, 207], "uv_size": [41, -41]}
							}
						}
					]
				}
			]
		}
	]
}