{
	"format_version": "1.12.0",
	"minecraft:geometry": [
		{
			"description": {
				"identifier": "geometry.operock",
				"texture_width": 256,
				"texture_height": 256,
				"visible_bounds_width": 4,
				"visible_bounds_height": 4,
				"visible_bounds_offset": [0, 1, 0]
			},
			"bones": [
				{
					"name": "Pedra",
					"pivot": [0, 0, 0],
					"cubes": [
						{
							"origin": [-17, 8, -19],
							"size": [33, 31, 35],
							"uv": {
								"north": {"uv": [66, 101], "uv_size": [33, 31]},
								"east": {"uv": [101, 33], "uv_size": [35, 31]},
								"south": {"uv": [0, 103], "uv_size": [33, 31]},
								"west": {"uv": [103, 0], "uv_size": [35, 31]},
								"up": {"uv": [0, 35], "uv_size": [33, 35]},
								"down": {"uv": [33, 70], "uv_size": [33, -35]}
							}
						},
						{
							"origin": [-11, -6, -15],
							"size": [34, 33, 35],
							"uv": {
								"north": {"uv": [66, 68], "uv_size": [34, 33]},
								"east": {"uv": [66, 35], "uv_size": [35, 33]},
								"south": {"uv": [0, 70], "uv_size": [34, 33]},
								"west": {"uv": [68, 0], "uv_size": [35, 33]},
								"up": {"uv": [0, 0], "uv_size": [34, 35]},
								"down": {"uv": [34, 35], "uv_size": [34, -35]}
							}
						},
						{
							"origin": [-24, -2, -24],
							"size": [29, 35, 32],
							"uv": {
								"north": {"uv": [99, 103], "uv_size": [29, 35]},
								"east": {"uv": [34, 70], "uv_size": [32, 35]},
								"south": {"uv": [33, 105], "uv_size": [29, 35]},
								"west": {"uv": [100, 68], "uv_size": [32, 35]},
								"up": {"uv": [128, 103], "uv_size": [29, 32]},
								"down": {"uv": [62, 164], "uv_size": [29, -32]}
							}
						},
						{
							"origin": [-14, -12, -18],
							"size": [28, 20, 32],
							"uv": {
								"north": {"uv": [138, 0], "uv_size": [28, 20]},
								"east": {"uv": [128, 135], "uv_size": [32, 20]},
								"south": {"uv": [91, 138], "uv_size": [28, 20]},
								"west": {"uv": [136, 31], "uv_size": [32, 20]},
								"up": {"uv": [132, 64], "uv_size": [28, 32]},
								"down": {"uv": [0, 166], "uv_size": [28, -32]}
							}
						},
						{
							"origin": [-10, -22, -11],
							"size": [19, 22, 19],
							"uv": {
								"north": {"uv": [28, 140], "uv_size": [19, 22]},
								"east": {"uv": [119, 155], "uv_size": [19, 22]},
								"south": {"uv": [138, 155], "uv_size": [19, 22]},
								"west": {"uv": [157, 96], "uv_size": [19, 22]},
								"up": {"uv": [157, 155], "uv_size": [19, 19]},
								"down": {"uv": [91, 177], "uv_size": [19, -19]}
							}
						}
					]
				}
			]
		}
	]
}