{
	"format_version": "1.12.0",
	"minecraft:geometry": [
		{
			"description": {
				"identifier": "geometry.pistol",
				"texture_width": 32,
				"texture_height": 32,
				"visible_bounds_width": 3,
				"visible_bounds_height": 3.5,
				"visible_bounds_offset": [0, 1.25, 0]
			},
			"bones": [
				{
					"name": "rightArm",
					"pivot": [-5, 22, 0],
					"cubes": [
						{
							"origin": [-8, 12, -2],
							"size": [4, 12, 4],
							"uv": {
								"north": {"uv": [0, 0], "uv_size": [4, 12]},
								"east": {"uv": [4, 0], "uv_size": [4, 12]},
								"south": {"uv": [8, 0], "uv_size": [4, 12]},
								"west": {"uv": [0, 12], "uv_size": [4, 12]},
								"up": {"uv": [12, 0], "uv_size": [4, 4]},
								"down": {"uv": [4, 16], "uv_size": [4, -4]}
							}
						}
					]
				},
				{
					"name": "rightSleeve",
					"parent": "rightArm",
					"pivot": [-5, 22, 0]
				},
				{
					"name": "pistol",
					"parent": "rightArm",
					"pivot": [-6.02125, 12.375, -0.125],
					"cubes": [
						{
							"origin": [-7, 11, -2],
							"size": [2, 2, 5],
							"uv": {
								"north": {"uv": [18, 0], "uv_size": [2, 2]},
								"east": {"uv": [14, 4], "uv_size": [5, 2]},
								"south": {"uv": [18, 2], "uv_size": [2, 2]},
								"west": {"uv": [14, 6], "uv_size": [5, 2]},
								"up": {"uv": [14, 8], "uv_size": [2, 5]},
								"down": {"uv": [14, 18], "uv_size": [2, -5]}
							}
						},
						{
							"origin": [-6.75, 4, -2.75],
							"size": [1.5, 8, 1.5],
							"uv": {
								"north": {"uv": [12, 4], "uv_size": [1.5, 8]},
								"east": {"uv": [8, 12], "uv_size": [1.5, 8]},
								"south": {"uv": [10, 12], "uv_size": [1.5, 8]},
								"west": {"uv": [12, 12], "uv_size": [1.5, 8]},
								"up": {"uv": [18, 12], "uv_size": [1.5, 1.5]},
								"down": {"uv": [14, 19.5], "uv_size": [1.5, -1.5]}
							}
						},
						{
							"origin": [-6.085, 9.12, -1.915],
							"size": [0, 2.76, 1.83],
							"uv": {
								"north": {"uv": [0, 0], "uv_size": [0, 2.75]},
								"east": {"uv": [16, 12], "uv_size": [1.75, 2.75]},
								"south": {"uv": [0, 0], "uv_size": [0, 2.75]},
								"west": {"uv": [16, 15], "uv_size": [1.75, 2.75]},
								"up": {"uv": [0, 0], "uv_size": [0, 1.75]},
								"down": {"uv": [0, 1.75], "uv_size": [0, -1.75]}
							}
						},
						{
							"origin": [-6.915, 9.12, -2.915],
							"size": [1.83, 3.76, 1.83],
							"uv": {
								"north": {"uv": [16, 0], "uv_size": [1.75, 3.75]},
								"east": {"uv": [4, 16], "uv_size": [1.75, 3.75]},
								"south": {"uv": [6, 16], "uv_size": [1.75, 3.75]},
								"west": {"uv": [16, 8], "uv_size": [1.75, 3.75]},
								"up": {"uv": [18, 8], "uv_size": [1.75, 1.75]},
								"down": {"uv": [18, 11.75], "uv_size": [1.75, -1.75]}
							}
						}
					]
				}
			]
		}
	]
}