{
	"format_version": "1.12.0",
	"minecraft:geometry": [
		{
			"description": {
				"identifier": "geometry.removefruit",
				"texture_width": 32,
				"texture_height": 32,
				"visible_bounds_width": 3,
				"visible_bounds_height": 3.5,
				"visible_bounds_offset": [0, 1.25, 0]
			},
			"bones": [
				{
					"name": "Root",
					"pivot": [0, 12, 0]
				},
				{
					"name": "body",
					"parent": "Root",
					"pivot": [0, 24, 0],
					"cubes": [
						{
							"origin": [-4, 12, -2],
							"size": [8, 12, 4],
							"uv": {
								"north": {"uv": [32, 32], "uv_size": [0, 0]},
								"east": {"uv": [32, 32], "uv_size": [0, 0]},
								"south": {"uv": [32, 32], "uv_size": [0, 0]},
								"west": {"uv": [32, 32], "uv_size": [0, 0]},
								"up": {"uv": [32, 32], "uv_size": [0, 0]},
								"down": {"uv": [32, 32], "uv_size": [0, 0]}
							}
						},
						{
							"origin": [-4.24, 11.64, -2.12],
							"size": [8.48, 12.72, 4.24],
							"uv": {
								"north": {"uv": [32, 32], "uv_size": [0, 0]},
								"east": {"uv": [32, 32], "uv_size": [0, 0]},
								"south": {"uv": [32, 32], "uv_size": [0, 0]},
								"west": {"uv": [32, 32], "uv_size": [0, 0]},
								"up": {"uv": [32, 32], "uv_size": [0, 0]},
								"down": {"uv": [32, 32], "uv_size": [0, 0]}
							}
						}
					]
				},
				{
					"name": "head",
					"parent": "body",
					"pivot": [0, 24.12, 0],
					"cubes": [
						{
							"origin": [-4.05293, 24.12, -4.05293],
							"size": [8.10586, 8.10586, 8.10586],
							"uv": {
								"north": {"uv": [32, 32], "uv_size": [0, 0]},
								"east": {"uv": [32, 32], "uv_size": [0, 0]},
								"south": {"uv": [32, 32], "uv_size": [0, 0]},
								"west": {"uv": [32, 32], "uv_size": [0, 0]},
								"up": {"uv": [32, 32], "uv_size": [0, 0]},
								"down": {"uv": [32, 32], "uv_size": [0, 0]}
							}
						}
					]
				},
				{
					"name": "hat",
					"parent": "head",
					"pivot": [0, 24.12, 0],
					"cubes": [
						{
							"origin": [-4.59197, 23.58096, -4.59197],
							"size": [9.18393, 9.18393, 9.18393],
							"uv": {
								"north": {"uv": [32, 32], "uv_size": [0, 0]},
								"east": {"uv": [32, 32], "uv_size": [0, 0]},
								"south": {"uv": [32, 32], "uv_size": [0, 0]},
								"west": {"uv": [32, 32], "uv_size": [0, 0]},
								"up": {"uv": [32, 32], "uv_size": [0, 0]},
								"down": {"uv": [32, 32], "uv_size": [0, 0]}
							}
						}
					]
				},
				{
					"name": "leftArm",
					"parent": "body",
					"pivot": [5, 22, 0],
					"cubes": [
						{
							"origin": [4, 12, -2],
							"size": [4, 12, 4],
							"uv": {
								"north": {"uv": [32, 32], "uv_size": [0, 0]},
								"east": {"uv": [32, 32], "uv_size": [0, 0]},
								"south": {"uv": [32, 32], "uv_size": [0, 0]},
								"west": {"uv": [32, 32], "uv_size": [0, 0]},
								"up": {"uv": [32, 32], "uv_size": [0, 0]},
								"down": {"uv": [32, 32], "uv_size": [0, 0]}
							}
						},
						{
							"origin": [3.88, 11.64, -2.12],
							"size": [4.24, 12.72, 4.24],
							"uv": {
								"north": {"uv": [32, 32], "uv_size": [0, 0]},
								"east": {"uv": [32, 32], "uv_size": [0, 0]},
								"south": {"uv": [32, 32], "uv_size": [0, 0]},
								"west": {"uv": [32, 32], "uv_size": [0, 0]},
								"up": {"uv": [32, 32], "uv_size": [0, 0]},
								"down": {"uv": [32, 32], "uv_size": [0, 0]}
							}
						}
					]
				},
				{
					"name": "rightArm",
					"parent": "body",
					"pivot": [-5, 22, 0],
					"cubes": [
						{
							"origin": [-8, 12, -2],
							"size": [4, 12, 4],
							"uv": {
								"north": {"uv": [32, 32], "uv_size": [0, 0]},
								"east": {"uv": [32, 32], "uv_size": [0, 0]},
								"south": {"uv": [32, 32], "uv_size": [0, 0]},
								"west": {"uv": [32, 32], "uv_size": [0, 0]},
								"up": {"uv": [32, 32], "uv_size": [0, 0]},
								"down": {"uv": [32, 32], "uv_size": [0, 0]}
							}
						},
						{
							"origin": [-8.12, 11.64, -2.12],
							"size": [4.24, 12.72, 4.24],
							"uv": {
								"north": {"uv": [32, 32], "uv_size": [0, 0]},
								"east": {"uv": [32, 32], "uv_size": [0, 0]},
								"south": {"uv": [32, 32], "uv_size": [0, 0]},
								"west": {"uv": [32, 32], "uv_size": [0, 0]},
								"up": {"uv": [32, 32], "uv_size": [0, 0]},
								"down": {"uv": [32, 32], "uv_size": [0, 0]}
							}
						}
					]
				},
				{
					"name": "Devilfruit",
					"parent": "rightArm",
					"pivot": [-6.01612, 12.09221, -0.99194],
					"rotation": [90, 0, 0],
					"cubes": [
						{
							"origin": [-8.6048, 9.0352, -3.6048],
							"size": [5.2096, 5.2096, 5.2096],
							"uv": {
								"north": {"uv": [0, 0], "uv_size": [5.25, 5.25]},
								"east": {"uv": [0, 6], "uv_size": [5.25, 5.25]},
								"south": {"uv": [6, 0], "uv_size": [5.25, 5.25]},
								"west": {"uv": [6, 6], "uv_size": [5.25, 5.25]},
								"up": {"uv": [0, 12], "uv_size": [5.25, 5.25]},
								"down": {"uv": [12, 5.25], "uv_size": [5.25, -5.25]}
							}
						},
						{
							"origin": [-3.6048, 11.0352, -1.6048],
							"size": [2.2096, 1.2096, 1.2096],
							"pivot": [-6, 11.64, -1],
							"rotation": [0, 0, -37.5],
							"uv": {
								"north": {"uv": [14, 21], "uv_size": [2.25, 1.25]},
								"east": {"uv": [25, 8], "uv_size": [1.25, 1.25]},
								"south": {"uv": [22, 0], "uv_size": [2.25, 1.25]},
								"west": {"uv": [9, 25], "uv_size": [1.25, 1.25]},
								"up": {"uv": [22, 2], "uv_size": [2.25, 1.25]},
								"down": {"uv": [4, 23.25], "uv_size": [2.25, -1.25]}
							}
						},
						{
							"origin": [-10.6048, 11.0352, -1.6048],
							"size": [2.2096, 1.2096, 1.2096],
							"pivot": [-6, 11.64, -1],
							"rotation": [0, 0, 37.5],
							"uv": {
								"north": {"uv": [22, 4], "uv_size": [2.25, 1.25]},
								"east": {"uv": [25, 10], "uv_size": [1.25, 1.25]},
								"south": {"uv": [22, 6], "uv_size": [2.25, 1.25]},
								"west": {"uv": [11, 25], "uv_size": [1.25, 1.25]},
								"up": {"uv": [7, 22], "uv_size": [2.25, 1.25]},
								"down": {"uv": [22, 9.25], "uv_size": [2.25, -1.25]}
							}
						},
						{
							"origin": [-7.6048, 9.7552, -1.6048],
							"size": [2.2096, 1.2096, 1.2096],
							"pivot": [-6, 6.36, -1],
							"rotation": [0, 0, -37.5],
							"uv": {
								"north": {"uv": [22, 10], "uv_size": [2.25, 1.25]},
								"east": {"uv": [25, 12], "uv_size": [1.25, 1.25]},
								"south": {"uv": [22, 15], "uv_size": [2.25, 1.25]},
								"west": {"uv": [13, 25], "uv_size": [1.25, 1.25]},
								"up": {"uv": [22, 17], "uv_size": [2.25, 1.25]},
								"down": {"uv": [14, 24.25], "uv_size": [2.25, -1.25]}
							}
						},
						{
							"origin": [-6.6048, 9.7552, -1.6048],
							"size": [2.2096, 1.2096, 1.2096],
							"pivot": [-6, 6.36, -1],
							"rotation": [0, 0, 37.5],
							"uv": {
								"north": {"uv": [17, 23], "uv_size": [2.25, 1.25]},
								"east": {"uv": [25, 14], "uv_size": [1.25, 1.25]},
								"south": {"uv": [20, 23], "uv_size": [2.25, 1.25]},
								"west": {"uv": [15, 25], "uv_size": [1.25, 1.25]},
								"up": {"uv": [23, 23], "uv_size": [2.25, 1.25]},
								"down": {"uv": [0, 25.25], "uv_size": [2.25, -1.25]}
							}
						},
						{
							"origin": [-2.69178, 14.71214, -1.49593],
							"size": [0.81187, 0.99187, 0.99187],
							"pivot": [-1.78585, 15.20808, -1],
							"rotation": [0, 0, -52.5],
							"uv": {
								"north": {"uv": [10, 16], "uv_size": [1.75, 1]},
								"east": {"uv": [17, 18], "uv_size": [1, 1]},
								"south": {"uv": [10, 17], "uv_size": [1.75, 1]},
								"west": {"uv": [9, 24], "uv_size": [1, 1]},
								"up": {"uv": [4, 18], "uv_size": [1.75, 1]},
								"down": {"uv": [4, 20], "uv_size": [1.75, -1]}
							}
						},
						{
							"origin": [-10.12009, 14.71214, -1.49593],
							"size": [0.81187, 0.99187, 0.99187],
							"pivot": [-10.21415, 15.20808, -1],
							"rotation": [0, 0, 52.5],
							"uv": {
								"north": {"uv": [4, 20], "uv_size": [1.75, 1]},
								"east": {"uv": [25, 16], "uv_size": [1, 1]},
								"south": {"uv": [4, 21], "uv_size": [1.75, 1]},
								"west": {"uv": [17, 25], "uv_size": [1, 1]},
								"up": {"uv": [7, 24], "uv_size": [1.75, 1]},
								"down": {"uv": [25, 1], "uv_size": [1.75, -1]}
							}
						},
						{
							"origin": [-6.12009, 5.29598, -1.49593],
							"size": [0.81187, 0.99187, 0.99187],
							"pivot": [-10.21415, 2.79192, -1],
							"rotation": [0, 0, -52.5],
							"uv": {
								"north": {"uv": [25, 1], "uv_size": [1.75, 1]},
								"east": {"uv": [25, 17], "uv_size": [1, 1]},
								"south": {"uv": [25, 2], "uv_size": [1.75, 1]},
								"west": {"uv": [18, 25], "uv_size": [1, 1]},
								"up": {"uv": [25, 3], "uv_size": [1.75, 1]},
								"down": {"uv": [25, 5], "uv_size": [1.75, -1]}
							}
						},
						{
							"origin": [-6.69178, 5.29598, -1.49593],
							"size": [0.81187, 0.99187, 0.99187],
							"pivot": [-1.78585, 2.79192, -1],
							"rotation": [0, 0, 52.5],
							"uv": {
								"north": {"uv": [25, 5], "uv_size": [1.75, 1]},
								"east": {"uv": [25, 18], "uv_size": [1, 1]},
								"south": {"uv": [25, 6], "uv_size": [1.75, 1]},
								"west": {"uv": [19, 25], "uv_size": [1, 1]},
								"up": {"uv": [7, 25], "uv_size": [1.75, 1]},
								"down": {"uv": [25, 8], "uv_size": [1.75, -1]}
							}
						},
						{
							"origin": [-8.97053, 9.66947, -2.97053],
							"size": [5.94106, 3.94106, 3.94106],
							"uv": {
								"north": {"uv": [6, 12], "uv_size": [6, 4]},
								"east": {"uv": [18, 15], "uv_size": [4, 4]},
								"south": {"uv": [12, 6], "uv_size": [6, 4]},
								"west": {"uv": [17, 19], "uv_size": [4, 4]},
								"up": {"uv": [12, 10], "uv_size": [6, 4]},
								"down": {"uv": [12, 18], "uv_size": [6, -4]}
							}
						},
						{
							"origin": [-7.94553, 8.69447, -2.94553],
							"size": [3.89105, 5.89105, 3.89105],
							"uv": {
								"north": {"uv": [6, 16], "uv_size": [4, 6]},
								"east": {"uv": [0, 18], "uv_size": [4, 6]},
								"south": {"uv": [18, 0], "uv_size": [4, 6]},
								"west": {"uv": [18, 6], "uv_size": [4, 6]},
								"up": {"uv": [10, 21], "uv_size": [4, 4]},
								"down": {"uv": [21, 23], "uv_size": [4, -4]}
							}
						},
						{
							"origin": [-9.34584, 14.94896, -1],
							"size": [6.48208, 2.38208, 0],
							"uv": {
								"north": {"uv": [10, 18], "uv_size": [6.5, 2.5]},
								"east": {"uv": [0, 0], "uv_size": [0, 2.5]},
								"south": {"uv": [18, 12], "uv_size": [6.5, 2.5]},
								"west": {"uv": [0, 0], "uv_size": [0, 2.5]},
								"up": {"uv": [0, 0], "uv_size": [6.5, 0]},
								"down": {"uv": [0, 0], "uv_size": [6.5, 0]}
							}
						},
						{
							"origin": [-6.34584, 11.94896, -1.13624],
							"size": [0.48208, 4.38208, 0.48208],
							"uv": {
								"north": {"uv": [3, 24], "uv_size": [0.5, 4.5]},
								"east": {"uv": [4, 24], "uv_size": [0.5, 4.5]},
								"south": {"uv": [5, 24], "uv_size": [0.5, 4.5]},
								"west": {"uv": [6, 24], "uv_size": [0.5, 4.5]},
								"up": {"uv": [25, 19], "uv_size": [0.5, 0.5]},
								"down": {"uv": [20, 25.5], "uv_size": [0.5, -0.5]}
							}
						}
					]
				},
				{
					"name": "rightLeg",
					"parent": "body",
					"pivot": [-1.9, 12, 0],
					"cubes": [
						{
							"origin": [-3.9, 0, -2],
							"size": [4, 12, 4],
							"uv": {
								"north": {"uv": [32, 32], "uv_size": [0, 0]},
								"east": {"uv": [32, 32], "uv_size": [0, 0]},
								"south": {"uv": [32, 32], "uv_size": [0, 0]},
								"west": {"uv": [32, 32], "uv_size": [0, 0]},
								"up": {"uv": [32, 32], "uv_size": [0, 0]},
								"down": {"uv": [32, 32], "uv_size": [0, 0]}
							}
						},
						{
							"origin": [-4.02, -0.36, -2.12],
							"size": [4.24, 12.72, 4.24],
							"uv": {
								"north": {"uv": [32, 32], "uv_size": [0, 0]},
								"east": {"uv": [32, 32], "uv_size": [0, 0]},
								"south": {"uv": [32, 32], "uv_size": [0, 0]},
								"west": {"uv": [32, 32], "uv_size": [0, 0]},
								"up": {"uv": [32, 32], "uv_size": [0, 0]},
								"down": {"uv": [32, 32], "uv_size": [0, 0]}
							}
						}
					]
				},
				{
					"name": "leftLeg",
					"parent": "body",
					"pivot": [1.9, 12, 0],
					"cubes": [
						{
							"origin": [-0.1, 0, -2],
							"size": [4, 12, 4],
							"uv": {
								"north": {"uv": [32, 32], "uv_size": [0, 0]},
								"east": {"uv": [32, 32], "uv_size": [0, 0]},
								"south": {"uv": [32, 32], "uv_size": [0, 0]},
								"west": {"uv": [32, 32], "uv_size": [0, 0]},
								"up": {"uv": [32, 32], "uv_size": [0, 0]},
								"down": {"uv": [32, 32], "uv_size": [0, 0]}
							}
						},
						{
							"origin": [-0.22, -0.36, -2.12],
							"size": [4.24, 12.72, 4.24],
							"uv": {
								"north": {"uv": [32, 32], "uv_size": [0, 0]},
								"east": {"uv": [32, 32], "uv_size": [0, 0]},
								"south": {"uv": [32, 32], "uv_size": [0, 0]},
								"west": {"uv": [32, 32], "uv_size": [0, 0]},
								"up": {"uv": [32, 32], "uv_size": [0, 0]},
								"down": {"uv": [32, 32], "uv_size": [0, 0]}
							}
						}
					]
				}
			]
		}
	]
}