{
	"format_version": "1.12.0",
	"minecraft:geometry": [
		{
			"description": {
				"identifier": "geometry.roger",
				"texture_width": 128,
				"texture_height": 128,
				"visible_bounds_width": 4,
				"visible_bounds_height": 4.5,
				"visible_bounds_offset": [0, 1.75, 0]
			},
			"bones": [
				{
					"name": "Root",
					"pivot": [0, 2, 0]
				},
				{
					"name": "waist",
					"parent": "Root",
					"pivot": [0, 19.36, 0]
				},
				{
					"name": "body",
					"parent": "waist",
					"pivot": [0, 35.93562, 0],
					"cubes": [
						{
							"origin": [-5.60347, 17.28384, -3.09372],
							"size": [11.20694, 16.81042, 5.60347],
							"uv": {
								"north": {"uv": [0, 28], "uv_size": [10.5, 15.5]},
								"east": {"uv": [12, 44], "uv_size": [5.25, 15.5]},
								"south": {"uv": [11, 28], "uv_size": [10.5, 15.5]},
								"west": {"uv": [44, 38], "uv_size": [5.25, 15.5]},
								"up": {"uv": [68, 16], "uv_size": [10.5, 5.25]},
								"down": {"uv": [42, 75.25], "uv_size": [10.5, -5.25]}
							}
						},
						{
							"origin": [-6.68347, 33.48384, -4.17372],
							"size": [13.36694, 4.93042, 8.84347],
							"uv": {
								"north": {"uv": [72, 5], "uv_size": [10.5, 4.5]},
								"east": {"uv": [75, 22], "uv_size": [6.25, 4.5]},
								"south": {"uv": [72, 10], "uv_size": [10.5, 4.5]},
								"west": {"uv": [53, 75], "uv_size": [6.25, 4.5]},
								"up": {"uv": [46, 16], "uv_size": [10.5, 6.25]},
								"down": {"uv": [57, 22.25], "uv_size": [10.5, -6.25]}
							}
						}
					]
				},
				{
					"name": "Capa",
					"parent": "body",
					"pivot": [0, 34.85562, 1.62],
					"cubes": [
						{
							"origin": [-12.08347, 4.32384, -0.93372],
							"size": [24.16694, 29.77042, 4.52347],
							"uv": {
								"north": {"uv": [0, 0], "uv_size": [22.5, 27.5]},
								"east": {"uv": [22, 28], "uv_size": [4.25, 27.5]},
								"south": {"uv": [23, 0], "uv_size": [22.5, 27.5]},
								"west": {"uv": [27, 28], "uv_size": [4.25, 27.5]},
								"up": {"uv": [44, 28], "uv_size": [22.5, 4.25]},
								"down": {"uv": [44, 37.25], "uv_size": [22.5, -4.25]}
							}
						}
					]
				},
				{
					"name": "rightcapaArm",
					"parent": "Capa",
					"pivot": [-8.08434, 24.2591, 5.4],
					"rotation": [14.51082, -3.84097, 14.51082],
					"cubes": [
						{
							"origin": [-12.28694, 9.72384, 3.38628],
							"size": [5.60347, 21.13042, 3.44347],
							"uv": {
								"north": {"uv": [32, 28], "uv_size": [5.25, 19.5]},
								"east": {"uv": [6, 64], "uv_size": [3.25, 19.5]},
								"south": {"uv": [38, 28], "uv_size": [5.25, 19.5]},
								"west": {"uv": [38, 64], "uv_size": [3.25, 19.5]},
								"up": {"uv": [83, 4], "uv_size": [5.25, 3.25]},
								"down": {"uv": [83, 11.25], "uv_size": [5.25, -3.25]}
							}
						},
						{
							"origin": [-12.47576, 9.75535, 3.17444],
							"size": [6.10778, 4.76935, 3.75338],
							"uv": {
								"north": {"uv": [28, 78], "uv_size": [5.75, 4.5]},
								"east": {"uv": [44, 82], "uv_size": [3.5, 4.5]},
								"south": {"uv": [78, 45], "uv_size": [5.75, 4.5]},
								"west": {"uv": [34, 83], "uv_size": [3.5, 4.5]},
								"up": {"uv": [57, 81], "uv_size": [5.75, 3.5]},
								"down": {"uv": [82, 3.5], "uv_size": [5.75, -3.5]}
							}
						}
					]
				},
				{
					"name": "leftcapaArm",
					"parent": "Capa",
					"pivot": [8.08434, 24.2591, 5.4],
					"rotation": [14.51082, 3.84097, -14.51082],
					"cubes": [
						{
							"origin": [6.68347, 9.72384, 3.38628],
							"size": [5.60347, 21.13042, 3.44347],
							"uv": {
								"north": {"uv": [0, 44], "uv_size": [5.25, 19.5]},
								"east": {"uv": [68, 47], "uv_size": [3.25, 19.5]},
								"south": {"uv": [6, 44], "uv_size": [5.25, 19.5]},
								"west": {"uv": [68, 67], "uv_size": [3.25, 19.5]},
								"up": {"uv": [28, 83], "uv_size": [5.25, 3.25]},
								"down": {"uv": [72, 86.25], "uv_size": [5.25, -3.25]}
							}
						},
						{
							"origin": [6.36798, 9.75535, 3.17444],
							"size": [6.10778, 4.76935, 3.75338],
							"uv": {
								"north": {"uv": [78, 50], "uv_size": [5.75, 4.5]},
								"east": {"uv": [6, 84], "uv_size": [3.5, 4.5]},
								"south": {"uv": [78, 55], "uv_size": [5.75, 4.5]},
								"west": {"uv": [16, 84], "uv_size": [3.5, 4.5]},
								"up": {"uv": [10, 82], "uv_size": [5.75, 3.5]},
								"down": {"uv": [82, 23.5], "uv_size": [5.75, -3.5]}
							}
						}
					]
				},
				{
					"name": "rightArm",
					"parent": "body",
					"pivot": [-7.00434, 32.8991, 0],
					"cubes": [
						{
							"origin": [-11.20694, 17.28384, -3.09372],
							"size": [5.60347, 16.81042, 5.60347],
							"uv": {
								"north": {"uv": [46, 0], "uv_size": [5.25, 15.5]},
								"east": {"uv": [32, 48], "uv_size": [5.25, 15.5]},
								"south": {"uv": [38, 48], "uv_size": [5.25, 15.5]},
								"west": {"uv": [50, 38], "uv_size": [5.25, 15.5]},
								"up": {"uv": [60, 75], "uv_size": [5.25, 5.25]},
								"down": {"uv": [10, 81.25], "uv_size": [5.25, -5.25]}
							}
						},
						{
							"origin": [-11.51513, 30.92744, -3.40191],
							"size": [6.21985, 4.53521, 6.21985],
							"pivot": [-6.24521, 32.11505, -0.29198],
							"rotation": [0, 0, -2.5],
							"uv": {
								"north": {"uv": [78, 60], "uv_size": [5.75, 4.25]},
								"east": {"uv": [78, 65], "uv_size": [5.75, 4.25]},
								"south": {"uv": [78, 70], "uv_size": [5.75, 4.25]},
								"west": {"uv": [78, 75], "uv_size": [5.75, 4.25]},
								"up": {"uv": [18, 72], "uv_size": [5.75, 5.75]},
								"down": {"uv": [24, 77.75], "uv_size": [5.75, -5.75]}
							}
						}
					]
				},
				{
					"name": "leftArm",
					"parent": "body",
					"pivot": [7.00434, 32.8991, 0],
					"cubes": [
						{
							"origin": [5.60347, 17.28384, -3.09372],
							"size": [5.60347, 16.81042, 5.60347],
							"uv": {
								"north": {"uv": [52, 0], "uv_size": [5.25, 15.5]},
								"east": {"uv": [44, 54], "uv_size": [5.25, 15.5]},
								"south": {"uv": [50, 54], "uv_size": [5.25, 15.5]},
								"west": {"uv": [18, 56], "uv_size": [5.25, 15.5]},
								"up": {"uv": [76, 27], "uv_size": [5.25, 5.25]},
								"down": {"uv": [76, 38.25], "uv_size": [5.25, -5.25]}
							}
						},
						{
							"origin": [5.29528, 30.92744, -3.40191],
							"size": [6.21985, 4.53521, 6.21985],
							"pivot": [6.24521, 32.11505, -0.29198],
							"rotation": [0, 0, 2.5],
							"uv": {
								"north": {"uv": [79, 15], "uv_size": [5.75, 4.25]},
								"east": {"uv": [0, 80], "uv_size": [5.75, 4.25]},
								"south": {"uv": [51, 80], "uv_size": [5.75, 4.25]},
								"west": {"uv": [78, 80], "uv_size": [5.75, 4.25]},
								"up": {"uv": [30, 72], "uv_size": [5.75, 5.75]},
								"down": {"uv": [72, 52.75], "uv_size": [5.75, -5.75]}
							}
						}
					]
				},
				{
					"name": "head",
					"parent": "body",
					"pivot": [0, 34.0828, 0],
					"cubes": [
						{
							"origin": [-4.02125, 34.0828, -4.02125],
							"size": [8.0425, 8.0425, 8.0425],
							"uv": {
								"north": {"uv": [64, 0], "uv_size": [8, 8]},
								"east": {"uv": [64, 8], "uv_size": [8, 8]},
								"south": {"uv": [30, 64], "uv_size": [8, 8]},
								"west": {"uv": [67, 23], "uv_size": [8, 8]},
								"up": {"uv": [68, 31], "uv_size": [8, 8]},
								"down": {"uv": [68, 47], "uv_size": [8, -8]}
							}
						}
					]
				},
				{
					"name": "Hair",
					"parent": "head",
					"pivot": [0, 41, 0],
					"cubes": [
						{
							"origin": [-3.91763, 37.04705, -5],
							"size": [2, 5, 9],
							"pivot": [-2.31776, 42.65191, 0],
							"rotation": [0, 0, 15],
							"uv": {
								"north": {"uv": [42, 84], "uv_size": [-2, 5]},
								"east": {"uv": [82, 0], "uv_size": [-10, 5]},
								"south": {"uv": [86, 55], "uv_size": [-2, 5]},
								"west": {"uv": [63, 70], "uv_size": [-10, 5]},
								"up": {"uv": [84, 34], "uv_size": [-2, 10]},
								"down": {"uv": [44, 92], "uv_size": [-2, -10]}
							}
						},
						{
							"origin": [1.91763, 37.04705, -5],
							"size": [2, 5, 9],
							"pivot": [2.31776, 42.65191, 0],
							"rotation": [0, 0, -15],
							"uv": {
								"north": {"uv": [40, 84], "uv_size": [2, 5]},
								"east": {"uv": [53, 70], "uv_size": [10, 5]},
								"south": {"uv": [84, 55], "uv_size": [2, 5]},
								"west": {"uv": [72, 0], "uv_size": [10, 5]},
								"up": {"uv": [82, 34], "uv_size": [2, 10]},
								"down": {"uv": [42, 92], "uv_size": [2, -10]}
							}
						},
						{
							"origin": [0.1878, 40.06962, -3],
							"size": [1, 3, 1],
							"pivot": [0.26519, 42.47593, -2.5],
							"rotation": [46.81472, -9.18229, -163.98186],
							"uv": {
								"north": {"uv": [40, 84], "uv_size": [2, 5]},
								"east": {"uv": [53, 70], "uv_size": [10, 5]},
								"south": {"uv": [84, 55], "uv_size": [2, 5]},
								"west": {"uv": [72, 0], "uv_size": [10, 5]},
								"up": {"uv": [82, 34], "uv_size": [2, 10]},
								"down": {"uv": [42, 92], "uv_size": [2, -10]}
							}
						},
						{
							"origin": [3.8122, 41.06962, -2],
							"size": [1, 3, 1],
							"pivot": [-0.26519, 42.47593, -2.5],
							"rotation": [46.81472, 9.18229, 163.98186],
							"uv": {
								"north": {"uv": [42, 84], "uv_size": [-2, 5]},
								"east": {"uv": [82, 0], "uv_size": [-10, 5]},
								"south": {"uv": [86, 55], "uv_size": [-2, 5]},
								"west": {"uv": [63, 70], "uv_size": [-10, 5]},
								"up": {"uv": [84, 34], "uv_size": [-2, 10]},
								"down": {"uv": [44, 92], "uv_size": [-2, -10]}
							}
						},
						{
							"origin": [-2.8122, 37.06962, 2],
							"size": [1, 3, 1],
							"pivot": [0.26519, 42.47593, -2.5],
							"rotation": [46.81472, -9.18229, -163.98186],
							"uv": {
								"north": {"uv": [40, 84], "uv_size": [2, 5]},
								"east": {"uv": [53, 70], "uv_size": [10, 5]},
								"south": {"uv": [84, 55], "uv_size": [2, 5]},
								"west": {"uv": [72, 0], "uv_size": [10, 5]},
								"up": {"uv": [82, 34], "uv_size": [2, 10]},
								"down": {"uv": [42, 92], "uv_size": [2, -10]}
							}
						},
						{
							"origin": [-0.08237, 41.73467, -1],
							"size": [3, 1, 1],
							"pivot": [-0.06526, 42.49572, -0.5],
							"rotation": [-4.23762, -32.18086, -20.96783],
							"uv": {
								"north": {"uv": [18, 53], "uv_size": [3, 1]},
								"east": {"uv": [84, 60], "uv_size": [9, 1]},
								"south": {"uv": [18, 54], "uv_size": [3, 1]},
								"west": {"uv": [84, 61], "uv_size": [9, 1]},
								"up": {"uv": [18, 44], "uv_size": [3, 9]},
								"down": {"uv": [48, 85], "uv_size": [3, -9]}
							}
						},
						{
							"origin": [-2.91763, 41.73467, -3],
							"size": [3, 1, 1],
							"pivot": [0.06526, 42.49572, -0.5],
							"rotation": [-4.23762, 32.18086, 20.96783],
							"uv": {
								"north": {"uv": [21, 53], "uv_size": [-3, 1]},
								"east": {"uv": [93, 61], "uv_size": [-9, 1]},
								"south": {"uv": [21, 54], "uv_size": [-3, 1]},
								"west": {"uv": [93, 60], "uv_size": [-9, 1]},
								"up": {"uv": [21, 44], "uv_size": [-3, 9]},
								"down": {"uv": [51, 85], "uv_size": [-3, -9]}
							}
						},
						{
							"origin": [2.38121, 40.97047, 0.12027],
							"size": [1.56, 0.78, 0.78],
							"pivot": [1.83455, 42.3441, 0.51027],
							"rotation": [23.5447, -22.97029, -77.04015],
							"uv": {
								"north": {"uv": [18, 53], "uv_size": [3, 1]},
								"east": {"uv": [84, 60], "uv_size": [9, 1]},
								"south": {"uv": [18, 54], "uv_size": [3, 1]},
								"west": {"uv": [84, 61], "uv_size": [9, 1]},
								"up": {"uv": [18, 44], "uv_size": [3, 9]},
								"down": {"uv": [48, 85], "uv_size": [3, -9]}
							}
						},
						{
							"origin": [-3.94121, 40.97047, -1.87973],
							"size": [1.56, 0.78, 0.78],
							"pivot": [-1.83455, 42.3441, 0.51027],
							"rotation": [23.5447, 22.97029, 77.04015],
							"uv": {
								"north": {"uv": [21, 53], "uv_size": [-3, 1]},
								"east": {"uv": [93, 61], "uv_size": [-9, 1]},
								"south": {"uv": [21, 54], "uv_size": [-3, 1]},
								"west": {"uv": [93, 60], "uv_size": [-9, 1]},
								"up": {"uv": [21, 44], "uv_size": [-3, 9]},
								"down": {"uv": [51, 85], "uv_size": [-3, -9]}
							}
						},
						{
							"origin": [-2.94121, 42.97047, 0.12027],
							"size": [1.56, 0.78, 0.78],
							"pivot": [-1.83455, 42.3441, 0.51027],
							"rotation": [24.06799, -25.59864, 56.46658],
							"uv": {
								"north": {"uv": [21, 53], "uv_size": [-3, 1]},
								"east": {"uv": [93, 61], "uv_size": [-9, 1]},
								"south": {"uv": [21, 54], "uv_size": [-3, 1]},
								"west": {"uv": [93, 60], "uv_size": [-9, 1]},
								"up": {"uv": [21, 44], "uv_size": [-3, 9]},
								"down": {"uv": [51, 85], "uv_size": [-3, -9]}
							}
						},
						{
							"origin": [1.38121, 42.97047, 0.12027],
							"size": [1.56, 0.78, 0.78],
							"pivot": [1.83455, 42.3441, 0.51027],
							"rotation": [24.06799, 25.59864, -56.46658],
							"uv": {
								"north": {"uv": [18, 53], "uv_size": [3, 1]},
								"east": {"uv": [84, 60], "uv_size": [9, 1]},
								"south": {"uv": [18, 54], "uv_size": [3, 1]},
								"west": {"uv": [84, 61], "uv_size": [9, 1]},
								"up": {"uv": [18, 44], "uv_size": [3, 9]},
								"down": {"uv": [48, 85], "uv_size": [3, -9]}
							}
						},
						{
							"origin": [-4.21804, 43.03992, -0.45837],
							"size": [1.56, 0.78, 0.78],
							"pivot": [-2.11139, 42.41354, -0.06837],
							"rotation": [22.24994, 13.75413, 72.94494],
							"uv": {
								"north": {"uv": [21, 53], "uv_size": [-3, 1]},
								"east": {"uv": [93, 61], "uv_size": [-9, 1]},
								"south": {"uv": [21, 54], "uv_size": [-3, 1]},
								"west": {"uv": [93, 60], "uv_size": [-9, 1]},
								"up": {"uv": [21, 44], "uv_size": [-3, 9]},
								"down": {"uv": [51, 85], "uv_size": [-3, -9]}
							}
						},
						{
							"origin": [-5.98697, 40.22174, 0.08398],
							"size": [2.56, 0.78, 0.78],
							"pivot": [-3.5078, 40.79098, 0.99983],
							"rotation": [-21.22822, 15.32489, -42.66081],
							"uv": {
								"north": {"uv": [21, 53], "uv_size": [-3, 1]},
								"east": {"uv": [93, 61], "uv_size": [-9, 1]},
								"south": {"uv": [21, 54], "uv_size": [-3, 1]},
								"west": {"uv": [93, 60], "uv_size": [-9, 1]},
								"up": {"uv": [21, 44], "uv_size": [-3, 9]},
								"down": {"uv": [51, 85], "uv_size": [-3, -9]}
							}
						},
						{
							"origin": [1.42697, 39.22174, -3.91602],
							"size": [2.56, 0.78, 0.78],
							"pivot": [3.5078, 40.79098, 0.99983],
							"rotation": [-21.22822, -15.32489, 42.66081],
							"uv": {
								"north": {"uv": [18, 53], "uv_size": [3, 1]},
								"east": {"uv": [84, 60], "uv_size": [9, 1]},
								"south": {"uv": [18, 54], "uv_size": [3, 1]},
								"west": {"uv": [84, 61], "uv_size": [9, 1]},
								"up": {"uv": [18, 44], "uv_size": [3, 9]},
								"down": {"uv": [48, 85], "uv_size": [3, -9]}
							}
						},
						{
							"origin": [2.65804, 43.03992, -0.45837],
							"size": [1.56, 0.78, 0.78],
							"pivot": [2.11139, 42.41354, -0.06837],
							"rotation": [22.24994, -13.75413, -72.94494],
							"uv": {
								"north": {"uv": [18, 53], "uv_size": [3, 1]},
								"east": {"uv": [84, 60], "uv_size": [9, 1]},
								"south": {"uv": [18, 54], "uv_size": [3, 1]},
								"west": {"uv": [84, 61], "uv_size": [9, 1]},
								"up": {"uv": [18, 44], "uv_size": [3, 9]},
								"down": {"uv": [48, 85], "uv_size": [3, -9]}
							}
						},
						{
							"origin": [0, 42, -4],
							"size": [4, 1, 8],
							"pivot": [2, 42, -4],
							"rotation": [0, 0, -7.5],
							"uv": {
								"north": {"uv": [18, 53], "uv_size": [3, 1]},
								"east": {"uv": [84, 60], "uv_size": [9, 1]},
								"south": {"uv": [18, 54], "uv_size": [3, 1]},
								"west": {"uv": [84, 61], "uv_size": [9, 1]},
								"up": {"uv": [18, 44], "uv_size": [3, 9]},
								"down": {"uv": [48, 85], "uv_size": [3, -9]}
							}
						},
						{
							"origin": [-4, 42, -4],
							"size": [4, 1, 8],
							"pivot": [-2, 42, -4],
							"rotation": [0, 0, 7.5],
							"uv": {
								"north": {"uv": [18, 55], "uv_size": [3, 1]},
								"east": {"uv": [84, 62], "uv_size": [9, 1]},
								"south": {"uv": [68, 22], "uv_size": [3, 1]},
								"west": {"uv": [84, 63], "uv_size": [9, 1]},
								"up": {"uv": [22, 78], "uv_size": [3, 9]},
								"down": {"uv": [25, 87], "uv_size": [3, -9]}
							}
						}
					]
				},
				{
					"name": "leftLeg",
					"parent": "Root",
					"pivot": [2.66165, 18.89042, 0],
					"cubes": [
						{
							"origin": [-0.14009, -0.60657, -3.09372],
							"size": [5.60347, 17.89042, 5.60347],
							"uv": {
								"north": {"uv": [24, 56], "uv_size": [5.25, 15.5]},
								"east": {"uv": [56, 38], "uv_size": [5.25, 15.5]},
								"south": {"uv": [56, 54], "uv_size": [5.25, 15.5]},
								"west": {"uv": [58, 0], "uv_size": [5.25, 15.5]},
								"up": {"uv": [76, 39], "uv_size": [5.25, 5.25]},
								"down": {"uv": [42, 81.25], "uv_size": [5.25, -5.25]}
							}
						},
						{
							"origin": [-0.3362, 4.39414, -3.26182],
							"size": [5.93968, 3.64226, 5.93968],
							"uv": {
								"north": {"uv": [89.5, 43], "uv_size": [-5.5, 2.25]},
								"east": {"uv": [89.5, 52], "uv_size": [-5.5, 2.25]},
								"south": {"uv": [89.5, 49], "uv_size": [-5.5, 2.25]},
								"west": {"uv": [89.5, 46], "uv_size": [-5.5, 2.25]},
								"up": {"uv": [77.5, 65], "uv_size": [-5.5, 5.5]},
								"down": {"uv": [77.5, 76.5], "uv_size": [-5.5, -5.5]}
							}
						}
					]
				},
				{
					"name": "rightLeg",
					"parent": "Root",
					"pivot": [-2.66165, 18.89042, 0],
					"cubes": [
						{
							"origin": [-5.46339, -0.60657, -3.09372],
							"size": [5.60347, 17.89042, 5.60347],
							"uv": {
								"north": {"uv": [12, 60], "uv_size": [5.25, 15.5]},
								"east": {"uv": [62, 38], "uv_size": [5.25, 15.5]},
								"south": {"uv": [62, 54], "uv_size": [5.25, 15.5]},
								"west": {"uv": [0, 64], "uv_size": [5.25, 15.5]},
								"up": {"uv": [72, 77], "uv_size": [5.25, 5.25]},
								"down": {"uv": [16, 83.25], "uv_size": [5.25, -5.25]}
							}
						},
						{
							"origin": [-5.60347, 4.39414, -3.26182],
							"size": [5.93968, 3.64226, 5.93968],
							"uv": {
								"north": {"uv": [84, 43], "uv_size": [5.5, 2.25]},
								"east": {"uv": [84, 46], "uv_size": [5.5, 2.25]},
								"south": {"uv": [84, 49], "uv_size": [5.5, 2.25]},
								"west": {"uv": [84, 52], "uv_size": [5.5, 2.25]},
								"up": {"uv": [72, 65], "uv_size": [5.5, 5.5]},
								"down": {"uv": [72, 76.5], "uv_size": [5.5, -5.5]}
							}
						}
					]
				}
			]
		}
	]
}