{
	"format_version": "1.12.0",
	"minecraft:geometry": [
		{
			"description": {
				"identifier": "geometry.slingshot",
				"texture_width": 32,
				"texture_height": 32,
				"visible_bounds_width": 3,
				"visible_bounds_height": 3.5,
				"visible_bounds_offset": [0, 1.25, 0]
			},
			"bones": [
				{
					"name": "rightArm",
					"pivot": [-5, 22, 0],
					"cubes": [
						{
							"origin": [-8, 12, -2],
							"size": [4, 12, 4],
							"uv": {
								"north": {"uv": [0, 0], "uv_size": [4, 12]},
								"east": {"uv": [4, 0], "uv_size": [4, 12]},
								"south": {"uv": [8, 0], "uv_size": [4, 12]},
								"west": {"uv": [0, 12], "uv_size": [4, 12]},
								"up": {"uv": [12, 0], "uv_size": [4, 4]},
								"down": {"uv": [4, 16], "uv_size": [4, -4]}
							}
						}
					]
				},
				{
					"name": "rightSleeve",
					"parent": "rightArm",
					"pivot": [-5, 22, 0]
				},
				{
					"name": "pistol",
					"parent": "rightArm",
					"pivot": [-6.02125, 12.375, -0.125],
					"cubes": [
						{
							"origin": [-6.5, 11.5, -2.75],
							"size": [1, 1, 5.5],
							"uv": {
								"north": {"uv": [5, 16], "uv_size": [1, 1]},
								"east": {"uv": [12, 4], "uv_size": [6, 1]},
								"south": {"uv": [6, 16], "uv_size": [1, 1]},
								"west": {"uv": [12, 5], "uv_size": [6, 1]},
								"up": {"uv": [12, 6], "uv_size": [1, 6]},
								"down": {"uv": [8, 18], "uv_size": [1, -6]}
							}
						},
						{
							"origin": [-7.915, 11.12, -2.915],
							"size": [3.83, 0.76, 0.83],
							"uv": {
								"north": {"uv": [9, 12], "uv_size": [4, 1]},
								"east": {"uv": [7, 16], "uv_size": [1, 1]},
								"south": {"uv": [13, 6], "uv_size": [4, 1]},
								"west": {"uv": [16, 10], "uv_size": [1, 1]},
								"up": {"uv": [13, 7], "uv_size": [4, 1]},
								"down": {"uv": [13, 9], "uv_size": [4, -1]}
							}
						},
						{
							"origin": [-7.915, 12.88, -4.915],
							"size": [3.83, 0, 0.83],
							"uv": {
								"north": {"uv": [0, 0], "uv_size": [4, 0]},
								"east": {"uv": [0, 0], "uv_size": [1, 0]},
								"south": {"uv": [0, 0], "uv_size": [4, 0]},
								"west": {"uv": [0, 0], "uv_size": [1, 0]},
								"up": {"uv": [9, 13], "uv_size": [4, 1]},
								"down": {"uv": [13, 10], "uv_size": [4, -1]}
							}
						},
						{
							"origin": [-4.915, 11.65938, -6.0717],
							"size": [0.83, 0.76, 2.83],
							"pivot": [-6, 11.03938, -3.6567],
							"rotation": [-50, 0, 0],
							"uv": {
								"north": {"uv": [11, 16], "uv_size": [1, 1]},
								"east": {"uv": [13, 10], "uv_size": [3, 1]},
								"south": {"uv": [16, 11], "uv_size": [1, 1]},
								"west": {"uv": [13, 11], "uv_size": [3, 1]},
								"up": {"uv": [13, 12], "uv_size": [1, 3]},
								"down": {"uv": [9, 17], "uv_size": [1, -3]}
							}
						},
						{
							"origin": [-7.915, 11.65938, -6.0717],
							"size": [0.83, 0.76, 2.83],
							"pivot": [6, 11.03938, -3.6567],
							"rotation": [-50, 0, 0],
							"uv": {
								"north": {"uv": [16, 14], "uv_size": [1, 1]},
								"east": {"uv": [10, 14], "uv_size": [3, 1]},
								"south": {"uv": [15, 16], "uv_size": [1, 1]},
								"west": {"uv": [14, 12], "uv_size": [3, 1]},
								"up": {"uv": [14, 13], "uv_size": [1, 3]},
								"down": {"uv": [10, 18], "uv_size": [1, -3]}
							}
						},
						{
							"origin": [-4.915, 13.88007, -5.02838],
							"size": [0.83, 0.76, 1.83],
							"pivot": [-6, 13.26007, -3.61338],
							"rotation": [80, 0, 0],
							"uv": {
								"north": {"uv": [12, 16], "uv_size": [1, 1]},
								"east": {"uv": [11, 15], "uv_size": [2, 1]},
								"south": {"uv": [14, 16], "uv_size": [1, 1]},
								"west": {"uv": [15, 13], "uv_size": [2, 1]},
								"up": {"uv": [13, 15], "uv_size": [1, 2]},
								"down": {"uv": [15, 16], "uv_size": [1, -2]}
							}
						},
						{
							"origin": [-7.915, 13.88007, -5.02838],
							"size": [0.83, 0.76, 1.83],
							"pivot": [6, 13.26007, -3.61338],
							"rotation": [80, 0, 0],
							"uv": {
								"north": {"uv": [16, 15], "uv_size": [1, 1]},
								"east": {"uv": [16, 0], "uv_size": [2, 1]},
								"south": {"uv": [16, 16], "uv_size": [1, 1]},
								"west": {"uv": [16, 1], "uv_size": [2, 1]},
								"up": {"uv": [16, 2], "uv_size": [1, 2]},
								"down": {"uv": [4, 18], "uv_size": [1, -2]}
							}
						}
					]
				}
			]
		}
	]
}