{
	"format_version": "1.12.0",
	"minecraft:geometry": [
		{
			"description": {
				"identifier": "geometry.yami",
				"texture_width": 32,
				"texture_height": 32,
				"visible_bounds_width": 3,
				"visible_bounds_height": 3.5,
				"visible_bounds_offset": [0, 1.25, 0]
			},
			"bones": [
				{
					"name": "rightArm",
					"pivot": [-5, 22, 0],
					"cubes": [
						{
							"origin": [-8, 12, -2],
							"size": [4, 12, 4],
							"uv": {
								"north": {"uv": [0, 0], "uv_size": [4, 12]},
								"east": {"uv": [4, 0], "uv_size": [4, 12]},
								"south": {"uv": [8, 0], "uv_size": [4, 12]},
								"west": {"uv": [0, 12], "uv_size": [4, 12]},
								"up": {"uv": [16, 22], "uv_size": [4, 4]},
								"down": {"uv": [22, 20], "uv_size": [4, -4]}
							}
						}
					]
				},
				{
					"name": "Yamiyaminomi",
					"parent": "rightArm",
					"pivot": [-6.87183, 9.61924, -0.5401],
					"rotation": [90, 0, 0],
					"cubes": [
						{
							"origin": [-8.6048, 6.94761, -2.5974],
							"size": [5.2096, 5.2096, 5.2096],
							"uv": {
								"north": {"uv": [12, 0], "uv_size": [5.25, 5.25]},
								"east": {"uv": [12, 0], "uv_size": [5.25, 5.25]},
								"south": {"uv": [12, 0], "uv_size": [5.25, 5.25]},
								"west": {"uv": [12, 0], "uv_size": [5.25, 5.25]},
								"up": {"uv": [17.25, 5.25], "uv_size": [-5.25, -5.25]},
								"down": {"uv": [17.25, 5.25], "uv_size": [-5.25, -5.25]}
							}
						},
						{
							"origin": [-9.6048, 6.94761, -2.6974],
							"size": [2.2096, 2.2096, 0],
							"pivot": [-8.5, 8.05241, -2.6974],
							"rotation": [5, 0, -15],
							"uv": {
								"north": {"uv": [26, 14], "uv_size": [2.25, 2.25]},
								"east": {"uv": [0, 0], "uv_size": [0, 2.25]},
								"south": {"uv": [16, 26], "uv_size": [2.25, 2.25]},
								"west": {"uv": [0, 0], "uv_size": [0, 2.25]},
								"up": {"uv": [0, 0], "uv_size": [2.25, 0]},
								"down": {"uv": [0, 0], "uv_size": [2.25, 0]}
							}
						},
						{
							"origin": [-9.6048, 6.94761, 2.6974],
							"size": [2.2096, 2.2096, 0],
							"pivot": [-8.5, 8.05241, 2.6974],
							"rotation": [-5, 0, -15],
							"uv": {
								"north": {"uv": [18.25, 26], "uv_size": [-2.25, 2.25]},
								"east": {"uv": [0, 0], "uv_size": [0, 2.25]},
								"south": {"uv": [28.25, 14], "uv_size": [-2.25, 2.25]},
								"west": {"uv": [0, 0], "uv_size": [0, 2.25]},
								"up": {"uv": [0, 0], "uv_size": [2.25, 0]},
								"down": {"uv": [0, 0], "uv_size": [2.25, 0]}
							}
						},
						{
							"origin": [-8.6048, 5.94761, -2.6974],
							"size": [2.2096, 2.2096, 0],
							"pivot": [-8.5, 8.05241, -2.6974],
							"rotation": [2.5, 0, -15],
							"uv": {
								"north": {"uv": [26, 14], "uv_size": [2.25, 2.25]},
								"east": {"uv": [0, 0], "uv_size": [0, 2.25]},
								"south": {"uv": [16, 26], "uv_size": [2.25, 2.25]},
								"west": {"uv": [0, 0], "uv_size": [0, 2.25]},
								"up": {"uv": [0, 0], "uv_size": [2.25, 0]},
								"down": {"uv": [0, 0], "uv_size": [2.25, 0]}
							}
						},
						{
							"origin": [-8.6048, 5.94761, 2.6974],
							"size": [2.2096, 2.2096, 0],
							"pivot": [-8.5, 8.05241, 2.6974],
							"rotation": [-2.5, 0, -15],
							"uv": {
								"north": {"uv": [18.25, 26], "uv_size": [-2.25, 2.25]},
								"east": {"uv": [0, 0], "uv_size": [0, 2.25]},
								"south": {"uv": [28.25, 14], "uv_size": [-2.25, 2.25]},
								"west": {"uv": [0, 0], "uv_size": [0, 2.25]},
								"up": {"uv": [0, 0], "uv_size": [2.25, 0]},
								"down": {"uv": [0, 0], "uv_size": [2.25, 0]}
							}
						},
						{
							"origin": [-12.14304, 7.92234, -2.68616],
							"size": [2.2096, 2.2096, 0],
							"pivot": [-8.08508, 7.89885, -2.61016],
							"rotation": [-2.4905, 0.21782, 169.99527],
							"uv": {
								"north": {"uv": [26, 14], "uv_size": [2.25, 2.25]},
								"east": {"uv": [0, 0], "uv_size": [0, 2.25]},
								"south": {"uv": [16, 26], "uv_size": [2.25, 2.25]},
								"west": {"uv": [0, 0], "uv_size": [0, 2.25]},
								"up": {"uv": [0, 0], "uv_size": [2.25, 0]},
								"down": {"uv": [0, 0], "uv_size": [2.25, 0]}
							}
						},
						{
							"origin": [-12.14304, 7.92234, 2.68616],
							"size": [2.2096, 2.2096, 0],
							"pivot": [-8.08508, 7.89885, 2.61016],
							"rotation": [2.4905, -0.21782, 169.99527],
							"uv": {
								"north": {"uv": [18.25, 26], "uv_size": [-2.25, 2.25]},
								"east": {"uv": [0, 0], "uv_size": [0, 2.25]},
								"south": {"uv": [28.25, 14], "uv_size": [-2.25, 2.25]},
								"west": {"uv": [0, 0], "uv_size": [0, 2.25]},
								"up": {"uv": [0, 0], "uv_size": [2.25, 0]},
								"down": {"uv": [0, 0], "uv_size": [2.25, 0]}
							}
						},
						{
							"origin": [-7.6048, 7.94761, -2.6974],
							"size": [2.2096, 2.2096, 0],
							"uv": {
								"north": {"uv": [26, 14], "uv_size": [2.25, 2.25]},
								"east": {"uv": [0, 0], "uv_size": [0, 2.25]},
								"south": {"uv": [16, 26], "uv_size": [2.25, 2.25]},
								"west": {"uv": [0, 0], "uv_size": [0, 2.25]},
								"up": {"uv": [0, 0], "uv_size": [2.25, 0]},
								"down": {"uv": [0, 0], "uv_size": [2.25, 0]}
							}
						},
						{
							"origin": [-7.6048, 7.94761, 2.6974],
							"size": [2.2096, 2.2096, 0],
							"uv": {
								"north": {"uv": [18.25, 26], "uv_size": [-2.25, 2.25]},
								"east": {"uv": [0, 0], "uv_size": [0, 2.25]},
								"south": {"uv": [28.25, 14], "uv_size": [-2.25, 2.25]},
								"west": {"uv": [0, 0], "uv_size": [0, 2.25]},
								"up": {"uv": [0, 0], "uv_size": [2.25, 0]},
								"down": {"uv": [0, 0], "uv_size": [2.25, 0]}
							}
						},
						{
							"origin": [-6.6048, 7.94761, -2.6974],
							"size": [2.2096, 2.2096, 0],
							"pivot": [-6.5, 9.05241, -2.6974],
							"rotation": [0, -2.5, 27.5],
							"uv": {
								"north": {"uv": [26, 14], "uv_size": [2.25, 2.25]},
								"east": {"uv": [0, 0], "uv_size": [0, 2.25]},
								"south": {"uv": [16, 26], "uv_size": [2.25, 2.25]},
								"west": {"uv": [0, 0], "uv_size": [0, 2.25]},
								"up": {"uv": [0, 0], "uv_size": [2.25, 0]},
								"down": {"uv": [0, 0], "uv_size": [2.25, 0]}
							}
						},
						{
							"origin": [-6.6048, 7.94761, 2.6974],
							"size": [2.2096, 2.2096, 0],
							"pivot": [-6.5, 9.05241, 2.6974],
							"rotation": [0, 2.5, 27.5],
							"uv": {
								"north": {"uv": [18.25, 26], "uv_size": [-2.25, 2.25]},
								"east": {"uv": [0, 0], "uv_size": [0, 2.25]},
								"south": {"uv": [28.25, 14], "uv_size": [-2.25, 2.25]},
								"west": {"uv": [0, 0], "uv_size": [0, 2.25]},
								"up": {"uv": [0, 0], "uv_size": [2.25, 0]},
								"down": {"uv": [0, 0], "uv_size": [2.25, 0]}
							}
						},
						{
							"origin": [-5.00681, 6.81475, -2.6974],
							"size": [2.2096, 2.2096, 0],
							"pivot": [-3.90201, 7.91955, -2.6974],
							"rotation": [0, 0, 160],
							"uv": {
								"north": {"uv": [26, 14], "uv_size": [2.25, 2.25]},
								"east": {"uv": [0, 0], "uv_size": [0, 2.25]},
								"south": {"uv": [16, 26], "uv_size": [2.25, 2.25]},
								"west": {"uv": [0, 0], "uv_size": [0, 2.25]},
								"up": {"uv": [0, 0], "uv_size": [2.25, 0]},
								"down": {"uv": [0, 0], "uv_size": [2.25, 0]}
							}
						},
						{
							"origin": [-5.00681, 6.81475, 2.6974],
							"size": [2.2096, 2.2096, 0],
							"pivot": [-3.90201, 7.91955, 2.6974],
							"rotation": [0, 0, 160],
							"uv": {
								"north": {"uv": [18.25, 26], "uv_size": [-2.25, 2.25]},
								"east": {"uv": [0, 0], "uv_size": [0, 2.25]},
								"south": {"uv": [28.25, 14], "uv_size": [-2.25, 2.25]},
								"west": {"uv": [0, 0], "uv_size": [0, 2.25]},
								"up": {"uv": [0, 0], "uv_size": [2.25, 0]},
								"down": {"uv": [0, 0], "uv_size": [2.25, 0]}
							}
						},
						{
							"origin": [-4.7756, 9.03883, -2.6974],
							"size": [2.2096, 2.2096, 0],
							"pivot": [-3.6708, 10.14363, -2.6974],
							"rotation": [-1.71394, -4.69776, 142.57031],
							"uv": {
								"north": {"uv": [26, 14], "uv_size": [2.25, 2.25]},
								"east": {"uv": [0, 0], "uv_size": [0, 2.25]},
								"south": {"uv": [16, 26], "uv_size": [2.25, 2.25]},
								"west": {"uv": [0, 0], "uv_size": [0, 2.25]},
								"up": {"uv": [0, 0], "uv_size": [2.25, 0]},
								"down": {"uv": [0, 0], "uv_size": [2.25, 0]}
							}
						},
						{
							"origin": [-4.7756, 9.03883, 2.6974],
							"size": [2.2096, 2.2096, 0],
							"pivot": [-3.6708, 10.14363, 2.6974],
							"rotation": [1.71394, 4.69776, 142.57031],
							"uv": {
								"north": {"uv": [18.25, 26], "uv_size": [-2.25, 2.25]},
								"east": {"uv": [0, 0], "uv_size": [0, 2.25]},
								"south": {"uv": [28.25, 14], "uv_size": [-2.25, 2.25]},
								"west": {"uv": [0, 0], "uv_size": [0, 2.25]},
								"up": {"uv": [0, 0], "uv_size": [2.25, 0]},
								"down": {"uv": [0, 0], "uv_size": [2.25, 0]}
							}
						},
						{
							"origin": [-9.6048, 8.94761, -2.6974],
							"size": [2.2096, 2.2096, 0],
							"pivot": [-6.5, 9.05241, -2.6974],
							"rotation": [0, 0, 60],
							"uv": {
								"north": {"uv": [26, 14], "uv_size": [2.25, 2.25]},
								"east": {"uv": [0, 0], "uv_size": [0, 2.25]},
								"south": {"uv": [16, 26], "uv_size": [2.25, 2.25]},
								"west": {"uv": [0, 0], "uv_size": [0, 2.25]},
								"up": {"uv": [0, 0], "uv_size": [2.25, 0]},
								"down": {"uv": [0, 0], "uv_size": [2.25, 0]}
							}
						},
						{
							"origin": [-7.73877, 10.17966, 2.6974],
							"size": [2.2096, 2.2096, 0],
							"pivot": [-6.63397, 11.28446, 2.6974],
							"rotation": [0, 0, 60],
							"uv": {
								"north": {"uv": [18.25, 26], "uv_size": [-2.25, 2.25]},
								"east": {"uv": [0, 0], "uv_size": [0, 2.25]},
								"south": {"uv": [28.25, 14], "uv_size": [-2.25, 2.25]},
								"west": {"uv": [0, 0], "uv_size": [0, 2.25]},
								"up": {"uv": [0, 0], "uv_size": [2.25, 0]},
								"down": {"uv": [0, 0], "uv_size": [2.25, 0]}
							}
						},
						{
							"origin": [-10.6048, 8.94761, -2.6974],
							"size": [2.2096, 2.2096, 0],
							"pivot": [-8.5, 8.05241, -2.6974],
							"rotation": [-1.30934, -3.37562, 27.39121],
							"uv": {
								"north": {"uv": [26, 14], "uv_size": [2.25, 2.25]},
								"east": {"uv": [0, 0], "uv_size": [0, 2.25]},
								"south": {"uv": [16, 26], "uv_size": [2.25, 2.25]},
								"west": {"uv": [0, 0], "uv_size": [0, 2.25]},
								"up": {"uv": [0, 0], "uv_size": [2.25, 0]},
								"down": {"uv": [0, 0], "uv_size": [2.25, 0]}
							}
						},
						{
							"origin": [-10.26052, 10.31499, -1.89104],
							"size": [2.2096, 2.2096, 0],
							"pivot": [-9.15572, 10.41979, -1.89104],
							"rotation": [11.09841, 81.52286, 18.50823],
							"uv": {
								"north": {"uv": [26, 14], "uv_size": [2.25, 2.25]},
								"east": {"uv": [0, 0], "uv_size": [0, 2.25]},
								"south": {"uv": [16, 26], "uv_size": [2.25, 2.25]},
								"west": {"uv": [0, 0], "uv_size": [0, 2.25]},
								"up": {"uv": [0, 0], "uv_size": [2.25, 0]},
								"down": {"uv": [0, 0], "uv_size": [2.25, 0]}
							}
						},
						{
							"origin": [-3.94908, 10.31499, -1.89104],
							"size": [2.2096, 2.2096, 0],
							"pivot": [-2.84428, 10.41979, -1.89104],
							"rotation": [11.09841, -81.52286, -18.50823],
							"uv": {
								"north": {"uv": [28.25, 14], "uv_size": [-2.25, 2.25]},
								"east": {"uv": [0, 0], "uv_size": [0, 2.25]},
								"south": {"uv": [18.25, 26], "uv_size": [-2.25, 2.25]},
								"west": {"uv": [0, 0], "uv_size": [0, 2.25]},
								"up": {"uv": [2.25, 0], "uv_size": [-2.25, 0]},
								"down": {"uv": [2.25, 0], "uv_size": [-2.25, 0]}
							}
						},
						{
							"origin": [-4.0381, 10.426, 2.07856],
							"size": [2.2096, 2.2096, 0],
							"pivot": [-2.9333, 11.5308, 2.07856],
							"rotation": [167.56128, -70.75462, 177.13586],
							"uv": {
								"north": {"uv": [28.25, 14], "uv_size": [-2.25, 2.25]},
								"east": {"uv": [0, 0], "uv_size": [0, 2.25]},
								"south": {"uv": [18.25, 26], "uv_size": [-2.25, 2.25]},
								"west": {"uv": [0, 0], "uv_size": [0, 2.25]},
								"up": {"uv": [2.25, 0], "uv_size": [-2.25, 0]},
								"down": {"uv": [2.25, 0], "uv_size": [-2.25, 0]}
							}
						},
						{
							"origin": [-10.1715, 10.426, 2.07856],
							"size": [2.2096, 2.2096, 0],
							"pivot": [-9.0667, 11.5308, 2.07856],
							"rotation": [167.56128, 70.75462, -177.13586],
							"uv": {
								"north": {"uv": [26, 14], "uv_size": [2.25, 2.25]},
								"east": {"uv": [0, 0], "uv_size": [0, 2.25]},
								"south": {"uv": [16, 26], "uv_size": [2.25, 2.25]},
								"west": {"uv": [0, 0], "uv_size": [0, 2.25]},
								"up": {"uv": [0, 0], "uv_size": [2.25, 0]},
								"down": {"uv": [0, 0], "uv_size": [2.25, 0]}
							}
						},
						{
							"origin": [-9.1715, 8.426, 2.07856],
							"size": [2.2096, 2.2096, 0],
							"pivot": [-9.0667, 11.5308, 2.07856],
							"rotation": [127.20715, 65.71639, 122.27742],
							"uv": {
								"north": {"uv": [26, 14], "uv_size": [2.25, 2.25]},
								"east": {"uv": [0, 0], "uv_size": [0, 2.25]},
								"south": {"uv": [16, 26], "uv_size": [2.25, 2.25]},
								"west": {"uv": [0, 0], "uv_size": [0, 2.25]},
								"up": {"uv": [0, 0], "uv_size": [2.25, 0]},
								"down": {"uv": [0, 0], "uv_size": [2.25, 0]}
							}
						},
						{
							"origin": [-5.0381, 8.426, 2.07856],
							"size": [2.2096, 2.2096, 0],
							"pivot": [-2.9333, 11.5308, 2.07856],
							"rotation": [127.20715, -65.71639, -122.27742],
							"uv": {
								"north": {"uv": [28.25, 14], "uv_size": [-2.25, 2.25]},
								"east": {"uv": [0, 0], "uv_size": [0, 2.25]},
								"south": {"uv": [18.25, 26], "uv_size": [-2.25, 2.25]},
								"west": {"uv": [0, 0], "uv_size": [0, 2.25]},
								"up": {"uv": [2.25, 0], "uv_size": [-2.25, 0]},
								"down": {"uv": [2.25, 0], "uv_size": [-2.25, 0]}
							}
						},
						{
							"origin": [-6.0381, 10.426, 2.07856],
							"size": [2.2096, 2.2096, 0],
							"pivot": [-2.9333, 11.5308, 2.07856],
							"rotation": [92.31331, -70.19589, -98.18514],
							"uv": {
								"north": {"uv": [28.25, 14], "uv_size": [-2.25, 2.25]},
								"east": {"uv": [0, 0], "uv_size": [0, 2.25]},
								"south": {"uv": [18.25, 26], "uv_size": [-2.25, 2.25]},
								"west": {"uv": [0, 0], "uv_size": [0, 2.25]},
								"up": {"uv": [2.25, 0], "uv_size": [-2.25, 0]},
								"down": {"uv": [2.25, 0], "uv_size": [-2.25, 0]}
							}
						},
						{
							"origin": [-3.75127, 8.14832, -1.34633],
							"size": [2.2096, 2.2096, 0],
							"pivot": [-2.64647, 9.25312, -1.34633],
							"rotation": [51.43784, -64.34576, -54.2374],
							"uv": {
								"north": {"uv": [28.25, 14], "uv_size": [-2.25, 2.25]},
								"east": {"uv": [0, 0], "uv_size": [0, 2.25]},
								"south": {"uv": [18.25, 26], "uv_size": [-2.25, 2.25]},
								"west": {"uv": [0, 0], "uv_size": [0, 2.25]},
								"up": {"uv": [2.25, 0], "uv_size": [-2.25, 0]},
								"down": {"uv": [2.25, 0], "uv_size": [-2.25, 0]}
							}
						},
						{
							"origin": [-10.45833, 8.14832, -1.34633],
							"size": [2.2096, 2.2096, 0],
							"pivot": [-9.35353, 9.25312, -1.34633],
							"rotation": [51.43784, 64.34576, 54.2374],
							"uv": {
								"north": {"uv": [26, 14], "uv_size": [2.25, 2.25]},
								"east": {"uv": [0, 0], "uv_size": [0, 2.25]},
								"south": {"uv": [16, 26], "uv_size": [2.25, 2.25]},
								"west": {"uv": [0, 0], "uv_size": [0, 2.25]},
								"up": {"uv": [0, 0], "uv_size": [2.25, 0]},
								"down": {"uv": [0, 0], "uv_size": [2.25, 0]}
							}
						},
						{
							"origin": [-11.45833, 6.14832, -1.34633],
							"size": [2.2096, 2.2096, 0],
							"pivot": [-9.35353, 9.25312, -1.34633],
							"rotation": [90.46859, 66.16973, 77.88298],
							"uv": {
								"north": {"uv": [26, 14], "uv_size": [2.25, 2.25]},
								"east": {"uv": [0, 0], "uv_size": [0, 2.25]},
								"south": {"uv": [16, 26], "uv_size": [2.25, 2.25]},
								"west": {"uv": [0, 0], "uv_size": [0, 2.25]},
								"up": {"uv": [0, 0], "uv_size": [2.25, 0]},
								"down": {"uv": [0, 0], "uv_size": [2.25, 0]}
							}
						},
						{
							"origin": [-2.75127, 6.14832, -1.34633],
							"size": [2.2096, 2.2096, 0],
							"pivot": [-2.64647, 9.25312, -1.34633],
							"rotation": [90.46859, -66.16973, -77.88298],
							"uv": {
								"north": {"uv": [28.25, 14], "uv_size": [-2.25, 2.25]},
								"east": {"uv": [0, 0], "uv_size": [0, 2.25]},
								"south": {"uv": [18.25, 26], "uv_size": [-2.25, 2.25]},
								"west": {"uv": [0, 0], "uv_size": [0, 2.25]},
								"up": {"uv": [2.25, 0], "uv_size": [-2.25, 0]},
								"down": {"uv": [2.25, 0], "uv_size": [-2.25, 0]}
							}
						},
						{
							"origin": [-4.75127, 7.14832, -1.34633],
							"size": [2.2096, 2.2096, 0],
							"pivot": [-2.64647, 9.25312, -1.34633],
							"rotation": [90.46859, -66.16973, -77.88298],
							"uv": {
								"north": {"uv": [28.25, 14], "uv_size": [-2.25, 2.25]},
								"east": {"uv": [0, 0], "uv_size": [0, 2.25]},
								"south": {"uv": [18.25, 26], "uv_size": [-2.25, 2.25]},
								"west": {"uv": [0, 0], "uv_size": [0, 2.25]},
								"up": {"uv": [2.25, 0], "uv_size": [-2.25, 0]},
								"down": {"uv": [2.25, 0], "uv_size": [-2.25, 0]}
							}
						},
						{
							"origin": [-9.45833, 7.14832, -1.34633],
							"size": [2.2096, 2.2096, 0],
							"pivot": [-9.35353, 9.25312, -1.34633],
							"rotation": [90.46859, 66.16973, 77.88298],
							"uv": {
								"north": {"uv": [26, 14], "uv_size": [2.25, 2.25]},
								"east": {"uv": [0, 0], "uv_size": [0, 2.25]},
								"south": {"uv": [16, 26], "uv_size": [2.25, 2.25]},
								"west": {"uv": [0, 0], "uv_size": [0, 2.25]},
								"up": {"uv": [0, 0], "uv_size": [2.25, 0]},
								"down": {"uv": [0, 0], "uv_size": [2.25, 0]}
							}
						},
						{
							"origin": [-8.1715, 10.426, 2.07856],
							"size": [2.2096, 2.2096, 0],
							"pivot": [-9.0667, 11.5308, 2.07856],
							"rotation": [92.31331, 70.19589, 98.18514],
							"uv": {
								"north": {"uv": [26, 14], "uv_size": [2.25, 2.25]},
								"east": {"uv": [0, 0], "uv_size": [0, 2.25]},
								"south": {"uv": [16, 26], "uv_size": [2.25, 2.25]},
								"west": {"uv": [0, 0], "uv_size": [0, 2.25]},
								"up": {"uv": [0, 0], "uv_size": [2.25, 0]},
								"down": {"uv": [0, 0], "uv_size": [2.25, 0]}
							}
						},
						{
							"origin": [-10.6048, 8.94761, 2.6974],
							"size": [2.2096, 2.2096, 0],
							"pivot": [-8.5, 8.05241, 2.6974],
							"rotation": [1.30934, 3.37562, 27.39121],
							"uv": {
								"north": {"uv": [18.25, 26], "uv_size": [-2.25, 2.25]},
								"east": {"uv": [0, 0], "uv_size": [0, 2.25]},
								"south": {"uv": [28.25, 14], "uv_size": [-2.25, 2.25]},
								"west": {"uv": [0, 0], "uv_size": [0, 2.25]},
								"up": {"uv": [0, 0], "uv_size": [2.25, 0]},
								"down": {"uv": [0, 0], "uv_size": [2.25, 0]}
							}
						},
						{
							"origin": [-8.97053, 7.58188, -1.96313],
							"size": [5.94106, 3.94106, 3.94106],
							"uv": {
								"north": {"uv": [4, 18], "uv_size": [6, 4]},
								"east": {"uv": [20, 22], "uv_size": [4, 4]},
								"south": {"uv": [18, 6], "uv_size": [6, 4]},
								"west": {"uv": [0, 24], "uv_size": [4, 4]},
								"up": {"uv": [10, 18], "uv_size": [6, 4]},
								"down": {"uv": [16, 22], "uv_size": [6, -4]}
							}
						},
						{
							"origin": [-7.94553, 6.60688, -1.93813],
							"size": [3.89105, 5.89105, 3.89105],
							"uv": {
								"north": {"uv": [4, 22], "uv_size": [4, 6]},
								"east": {"uv": [8, 22], "uv_size": [4, 6]},
								"south": {"uv": [22, 10], "uv_size": [4, 6]},
								"west": {"uv": [12, 22], "uv_size": [4, 6]},
								"up": {"uv": [24, 0], "uv_size": [4, 4]},
								"down": {"uv": [24, 8], "uv_size": [4, -4]}
							}
						}
					]
				},
				{
					"name": "bone2",
					"parent": "Yamiyaminomi",
					"pivot": [-5.1679, 10.84838, -2.6974],
					"cubes": [
						{
							"origin": [-6.2727, 9.74358, -2.6974],
							"size": [2.2096, 2.2096, 0],
							"pivot": [-5.1679, 10.84838, -2.6974],
							"rotation": [0, 5, 100],
							"uv": {
								"north": {"uv": [26, 14], "uv_size": [2.25, 2.25]},
								"east": {"uv": [0, 0], "uv_size": [0, 2.25]},
								"south": {"uv": [16, 26], "uv_size": [2.25, 2.25]},
								"west": {"uv": [0, 0], "uv_size": [0, 2.25]},
								"up": {"uv": [0, 0], "uv_size": [2.25, 0]},
								"down": {"uv": [0, 0], "uv_size": [2.25, 0]}
							}
						},
						{
							"origin": [-6.2727, 9.74358, 2.6974],
							"size": [2.2096, 2.2096, 0],
							"pivot": [-5.1679, 10.84838, 2.6974],
							"rotation": [0, -5, 100],
							"uv": {
								"north": {"uv": [18.25, 26], "uv_size": [-2.25, 2.25]},
								"east": {"uv": [0, 0], "uv_size": [0, 2.25]},
								"south": {"uv": [28.25, 14], "uv_size": [-2.25, 2.25]},
								"west": {"uv": [0, 0], "uv_size": [0, 2.25]},
								"up": {"uv": [0, 0], "uv_size": [2.25, 0]},
								"down": {"uv": [0, 0], "uv_size": [2.25, 0]}
							}
						}
					]
				},
				{
					"name": "bone",
					"parent": "Yamiyaminomi",
					"pivot": [-6.1048, 12.58303, 0.1971],
					"rotation": [5, 0, 0],
					"cubes": [
						{
							"origin": [-5.62443, 11.84198, 1.42308],
							"size": [3.48208, 2.38208, 0],
							"pivot": [-6.1048, 13.03302, 1.67873],
							"rotation": [-180, -75, 90],
							"uv": {
								"north": {"uv": [24, 20], "uv_size": [3.5, 2.5]},
								"east": {"uv": [0, 0], "uv_size": [0, 2.5]},
								"south": {"uv": [24, 23], "uv_size": [3.5, 2.5]},
								"west": {"uv": [0, 0], "uv_size": [0, 2.5]},
								"up": {"uv": [0, 0], "uv_size": [3.5, 0]},
								"down": {"uv": [0, 0], "uv_size": [3.5, 0]}
							}
						},
						{
							"origin": [-9.34584, 12.22417, 2.92209],
							"size": [2.48208, 2.38208, 0],
							"pivot": [-6.1048, 13.41521, 2.92209],
							"rotation": [0, -70, -90],
							"uv": {
								"north": {"uv": [26, 8], "uv_size": [2.5, 2.5]},
								"east": {"uv": [0, 0], "uv_size": [0, 2.5]},
								"south": {"uv": [26, 11], "uv_size": [2.5, 2.5]},
								"west": {"uv": [0, 0], "uv_size": [0, 2.5]},
								"up": {"uv": [0, 0], "uv_size": [2.5, 0]},
								"down": {"uv": [0, 0], "uv_size": [2.5, 0]}
							}
						}
					]
				},
				{
					"name": "bone3",
					"parent": "Yamiyaminomi",
					"pivot": [-6.1048, 12.58303, 0.1971],
					"rotation": [90, -85, -90],
					"cubes": [
						{
							"origin": [-5.62443, 11.84198, 1.42308],
							"size": [3.48208, 2.38208, 0],
							"pivot": [-6.1048, 13.03302, 1.67873],
							"rotation": [-180, -75, 90],
							"uv": {
								"north": {"uv": [24, 20], "uv_size": [3.5, 2.5]},
								"east": {"uv": [0, 0], "uv_size": [0, 2.5]},
								"south": {"uv": [24, 23], "uv_size": [3.5, 2.5]},
								"west": {"uv": [0, 0], "uv_size": [0, 2.5]},
								"up": {"uv": [0, 0], "uv_size": [3.5, 0]},
								"down": {"uv": [0, 0], "uv_size": [3.5, 0]}
							}
						},
						{
							"origin": [-9.34584, 12.22417, 2.92209],
							"size": [2.48208, 2.38208, 0],
							"pivot": [-6.1048, 13.41521, 2.92209],
							"rotation": [0, -70, -90],
							"uv": {
								"north": {"uv": [26, 8], "uv_size": [2.5, 2.5]},
								"east": {"uv": [0, 0], "uv_size": [0, 2.5]},
								"south": {"uv": [26, 11], "uv_size": [2.5, 2.5]},
								"west": {"uv": [0, 0], "uv_size": [0, 2.5]},
								"up": {"uv": [0, 0], "uv_size": [2.5, 0]},
								"down": {"uv": [0, 0], "uv_size": [2.5, 0]}
							}
						}
					]
				},
				{
					"name": "bone4",
					"parent": "Yamiyaminomi",
					"pivot": [-6.1048, 12.58303, 0.1971],
					"rotation": [174.99526, 2.49048, 179.78197],
					"cubes": [
						{
							"origin": [-5.62443, 11.84198, 1.42308],
							"size": [3.48208, 2.38208, 0],
							"pivot": [-6.1048, 13.03302, 1.67873],
							"rotation": [-180, -75, 90],
							"uv": {
								"north": {"uv": [24, 20], "uv_size": [3.5, 2.5]},
								"east": {"uv": [0, 0], "uv_size": [0, 2.5]},
								"south": {"uv": [24, 23], "uv_size": [3.5, 2.5]},
								"west": {"uv": [0, 0], "uv_size": [0, 2.5]},
								"up": {"uv": [0, 0], "uv_size": [3.5, 0]},
								"down": {"uv": [0, 0], "uv_size": [3.5, 0]}
							}
						},
						{
							"origin": [-9.34584, 12.22417, 2.92209],
							"size": [2.48208, 2.38208, 0],
							"pivot": [-6.1048, 13.41521, 2.92209],
							"rotation": [0, -70, -90],
							"uv": {
								"north": {"uv": [26, 8], "uv_size": [2.5, 2.5]},
								"east": {"uv": [0, 0], "uv_size": [0, 2.5]},
								"south": {"uv": [26, 11], "uv_size": [2.5, 2.5]},
								"west": {"uv": [0, 0], "uv_size": [0, 2.5]},
								"up": {"uv": [0, 0], "uv_size": [2.5, 0]},
								"down": {"uv": [0, 0], "uv_size": [2.5, 0]}
							}
						}
					]
				},
				{
					"name": "bone5",
					"parent": "Yamiyaminomi",
					"pivot": [-6.1048, 12.58303, 0.1971],
					"rotation": [63.50045, 84.41125, 63.39128],
					"cubes": [
						{
							"origin": [-5.62443, 11.84198, 1.42308],
							"size": [3.48208, 2.38208, 0],
							"pivot": [-6.1048, 13.03302, 1.67873],
							"rotation": [-180, -75, 90],
							"uv": {
								"north": {"uv": [24, 20], "uv_size": [3.5, 2.5]},
								"east": {"uv": [0, 0], "uv_size": [0, 2.5]},
								"south": {"uv": [24, 23], "uv_size": [3.5, 2.5]},
								"west": {"uv": [0, 0], "uv_size": [0, 2.5]},
								"up": {"uv": [0, 0], "uv_size": [3.5, 0]},
								"down": {"uv": [0, 0], "uv_size": [3.5, 0]}
							}
						},
						{
							"origin": [-9.34584, 12.22417, 2.92209],
							"size": [2.48208, 2.38208, 0],
							"pivot": [-6.1048, 13.41521, 2.92209],
							"rotation": [0, -70, -90],
							"uv": {
								"north": {"uv": [26, 8], "uv_size": [2.5, 2.5]},
								"east": {"uv": [0, 0], "uv_size": [0, 2.5]},
								"south": {"uv": [26, 11], "uv_size": [2.5, 2.5]},
								"west": {"uv": [0, 0], "uv_size": [0, 2.5]},
								"up": {"uv": [0, 0], "uv_size": [2.5, 0]},
								"down": {"uv": [0, 0], "uv_size": [2.5, 0]}
							}
						}
					]
				}
			]
		}
	]
}