{
	"format_version": "1.12.0",
	"minecraft:geometry": [
		{
			"description": {
				"identifier": "geometry.souls",
				"texture_width": 128,
				"texture_height": 128,
				"visible_bounds_width": 6,
				"visible_bounds_height": 3.5,
				"visible_bounds_offset": [0, 1.25, 0]
			},
			"bones": [
				{
					"name": "bone",
					"pivot": [0, 0, 0]
				},
				{
					"name": "Root",
					"parent": "bone",
					"pivot": [0, 12, 0]
				},
				{
					"name": "body",
					"parent": "Root",
					"pivot": [0, 24, 0],
					"cubes": [
						{
							"origin": [-4, 12, -2],
							"size": [8, 12, 4],
							"uv": {
								"north": {"uv": [128, 128], "uv_size": [0, 0]},
								"east": {"uv": [128, 128], "uv_size": [0, 0]},
								"south": {"uv": [128, 128], "uv_size": [0, 0]},
								"west": {"uv": [128, 128], "uv_size": [0, 0]},
								"up": {"uv": [128, 128], "uv_size": [0, 0]},
								"down": {"uv": [128, 128], "uv_size": [0, 0]}
							}
						},
						{
							"origin": [-4.24, 11.64, -2.12],
							"size": [8.48, 12.72, 4.24],
							"uv": {
								"north": {"uv": [128, 128], "uv_size": [0, 0]},
								"east": {"uv": [128, 128], "uv_size": [0, 0]},
								"south": {"uv": [128, 128], "uv_size": [0, 0]},
								"west": {"uv": [128, 128], "uv_size": [0, 0]},
								"up": {"uv": [128, 128], "uv_size": [0, 0]},
								"down": {"uv": [128, 128], "uv_size": [0, 0]}
							}
						}
					]
				},
				{
					"name": "head",
					"parent": "body",
					"pivot": [0, 24.12, 0],
					"cubes": [
						{
							"origin": [-4.05293, 24.12, -4.05293],
							"size": [8.10586, 8.10586, 8.10586],
							"uv": {
								"north": {"uv": [128, 128], "uv_size": [0, 0]},
								"east": {"uv": [128, 128], "uv_size": [0, 0]},
								"south": {"uv": [128, 128], "uv_size": [0, 0]},
								"west": {"uv": [128, 128], "uv_size": [0, 0]},
								"up": {"uv": [128, 128], "uv_size": [0, 0]},
								"down": {"uv": [128, 128], "uv_size": [0, 0]}
							}
						}
					]
				},
				{
					"name": "hat",
					"parent": "head",
					"pivot": [0, 24.12, 0],
					"cubes": [
						{
							"origin": [-4.59197, 23.58096, -4.59197],
							"size": [9.18393, 9.18393, 9.18393],
							"uv": {
								"north": {"uv": [128, 128], "uv_size": [0, 0]},
								"east": {"uv": [128, 128], "uv_size": [0, 0]},
								"south": {"uv": [128, 128], "uv_size": [0, 0]},
								"west": {"uv": [128, 128], "uv_size": [0, 0]},
								"up": {"uv": [128, 128], "uv_size": [0, 0]},
								"down": {"uv": [128, 128], "uv_size": [0, 0]}
							}
						}
					]
				},
				{
					"name": "leftArm",
					"parent": "body",
					"pivot": [5, 22, 0],
					"cubes": [
						{
							"origin": [4, 12, -2],
							"size": [4, 12, 4],
							"uv": {
								"north": {"uv": [128, 128], "uv_size": [0, 0]},
								"east": {"uv": [128, 128], "uv_size": [0, 0]},
								"south": {"uv": [128, 128], "uv_size": [0, 0]},
								"west": {"uv": [128, 128], "uv_size": [0, 0]},
								"up": {"uv": [128, 128], "uv_size": [0, 0]},
								"down": {"uv": [128, 128], "uv_size": [0, 0]}
							}
						},
						{
							"origin": [3.88, 11.64, -2.12],
							"size": [4.24, 12.72, 4.24],
							"uv": {
								"north": {"uv": [128, 128], "uv_size": [0, 0]},
								"east": {"uv": [128, 128], "uv_size": [0, 0]},
								"south": {"uv": [128, 128], "uv_size": [0, 0]},
								"west": {"uv": [128, 128], "uv_size": [0, 0]},
								"up": {"uv": [128, 128], "uv_size": [0, 0]},
								"down": {"uv": [128, 128], "uv_size": [0, 0]}
							}
						}
					]
				},
				{
					"name": "rightArm",
					"parent": "body",
					"pivot": [-5, 22, 0],
					"cubes": [
						{
							"origin": [-8, 12, -2],
							"size": [4, 12, 4],
							"uv": {
								"north": {"uv": [128, 128], "uv_size": [0, 0]},
								"east": {"uv": [128, 128], "uv_size": [0, 0]},
								"south": {"uv": [128, 128], "uv_size": [0, 0]},
								"west": {"uv": [128, 128], "uv_size": [0, 0]},
								"up": {"uv": [128, 128], "uv_size": [0, 0]},
								"down": {"uv": [128, 128], "uv_size": [0, 0]}
							}
						},
						{
							"origin": [-8.12, 11.64, -2.12],
							"size": [4.24, 12.72, 4.24],
							"uv": {
								"north": {"uv": [128, 128], "uv_size": [0, 0]},
								"east": {"uv": [128, 128], "uv_size": [0, 0]},
								"south": {"uv": [128, 128], "uv_size": [0, 0]},
								"west": {"uv": [128, 128], "uv_size": [0, 0]},
								"up": {"uv": [128, 128], "uv_size": [0, 0]},
								"down": {"uv": [128, 128], "uv_size": [0, 0]}
							}
						}
					]
				},
				{
					"name": "rightLeg",
					"parent": "body",
					"pivot": [-1.9, 12, 0],
					"cubes": [
						{
							"origin": [-3.9, 0, -2],
							"size": [4, 12, 4],
							"uv": {
								"north": {"uv": [128, 128], "uv_size": [0, 0]},
								"east": {"uv": [128, 128], "uv_size": [0, 0]},
								"south": {"uv": [128, 128], "uv_size": [0, 0]},
								"west": {"uv": [128, 128], "uv_size": [0, 0]},
								"up": {"uv": [128, 128], "uv_size": [0, 0]},
								"down": {"uv": [128, 128], "uv_size": [0, 0]}
							}
						},
						{
							"origin": [-4.02, -0.36, -2.12],
							"size": [4.24, 12.72, 4.24],
							"uv": {
								"north": {"uv": [128, 128], "uv_size": [0, 0]},
								"east": {"uv": [128, 128], "uv_size": [0, 0]},
								"south": {"uv": [128, 128], "uv_size": [0, 0]},
								"west": {"uv": [128, 128], "uv_size": [0, 0]},
								"up": {"uv": [128, 128], "uv_size": [0, 0]},
								"down": {"uv": [128, 128], "uv_size": [0, 0]}
							}
						}
					]
				},
				{
					"name": "leftLeg",
					"parent": "body",
					"pivot": [1.9, 12, 0],
					"cubes": [
						{
							"origin": [-0.1, 0, -2],
							"size": [4, 12, 4],
							"uv": {
								"north": {"uv": [128, 128], "uv_size": [0, 0]},
								"east": {"uv": [128, 128], "uv_size": [0, 0]},
								"south": {"uv": [128, 128], "uv_size": [0, 0]},
								"west": {"uv": [128, 128], "uv_size": [0, 0]},
								"up": {"uv": [128, 128], "uv_size": [0, 0]},
								"down": {"uv": [128, 128], "uv_size": [0, 0]}
							}
						},
						{
							"origin": [-0.22, -0.36, -2.12],
							"size": [4.24, 12.72, 4.24],
							"uv": {
								"north": {"uv": [128, 128], "uv_size": [0, 0]},
								"east": {"uv": [128, 128], "uv_size": [0, 0]},
								"south": {"uv": [128, 128], "uv_size": [0, 0]},
								"west": {"uv": [128, 128], "uv_size": [0, 0]},
								"up": {"uv": [128, 128], "uv_size": [0, 0]},
								"down": {"uv": [128, 128], "uv_size": [0, 0]}
							}
						}
					]
				},
				{
					"name": "Souls",
					"pivot": [0, 0, 0]
				},
				{
					"name": "Zeus",
					"parent": "Souls",
					"pivot": [28.7028, 18.62357, 9.4044],
					"cubes": [
						{
							"origin": [20.5727, 11.18707, 0.9275],
							"size": [16.2602, 16.2602, 20.8502],
							"uv": {
								"north": {"uv": [0, 0], "uv_size": [10.75, 10.75]},
								"east": {"uv": [0, 11], "uv_size": [10.75, 10.75]},
								"south": {"uv": [11, 0], "uv_size": [10.75, 10.75]},
								"west": {"uv": [11, 11], "uv_size": [10.75, 10.75]},
								"up": {"uv": [0, 22], "uv_size": [10.75, 10.75]},
								"down": {"uv": [22, 10.75], "uv_size": [10.75, -10.75]}
							}
						},
						{
							"origin": [19.43118, 13.16675, 2.90718],
							"size": [18.54324, 12.30084, 24.54084],
							"uv": {
								"north": {"uv": [33, 11], "uv_size": [12, 8]},
								"east": {"uv": [50, 36], "uv_size": [8, 8]},
								"south": {"uv": [33, 19], "uv_size": [12, 8]},
								"west": {"uv": [8, 52], "uv_size": [8, 8]},
								"up": {"uv": [22, 33], "uv_size": [12, 8]},
								"down": {"uv": [34, 35], "uv_size": [12, -8]}
							}
						},
						{
							"origin": [35.03718, 13.16675, 6.02838],
							"size": [9.17964, 9.17964, 6.05844],
							"uv": {
								"north": {"uv": [24, 53], "uv_size": [6, 6]},
								"east": {"uv": [30, 41], "uv_size": [4, 6]},
								"south": {"uv": [57, 16], "uv_size": [6, 6]},
								"west": {"uv": [46, 24], "uv_size": [4, 6]},
								"up": {"uv": [58, 40], "uv_size": [6, 4]},
								"down": {"uv": [42, 63], "uv_size": [6, -4]}
							}
						},
						{
							"origin": [13.18878, 13.16675, 6.02838],
							"size": [9.17964, 9.17964, 16.76844],
							"uv": {
								"north": {"uv": [58, 22], "uv_size": [6, 6]},
								"east": {"uv": [48, 59], "uv_size": [4, 6]},
								"south": {"uv": [58, 28], "uv_size": [6, 6]},
								"west": {"uv": [8, 60], "uv_size": [4, 6]},
								"up": {"uv": [52, 60], "uv_size": [6, 4]},
								"down": {"uv": [58, 64], "uv_size": [6, -4]}
							}
						},
						{
							"origin": [35.3401, 16.74693, 3.36617],
							"size": [5.45259, 8.26167, 8.26167],
							"uv": {
								"north": {"uv": [12, 60], "uv_size": [3.5, 5.5]},
								"east": {"uv": [58, 34], "uv_size": [5.5, 5.5]},
								"south": {"uv": [16, 61], "uv_size": [3.5, 5.5]},
								"west": {"uv": [24, 59], "uv_size": [5.5, 5.5]},
								"up": {"uv": [20, 61], "uv_size": [3.5, 5.5]},
								"down": {"uv": [62, 49.5], "uv_size": [3.5, -5.5]}
							}
						},
						{
							"origin": [16.6129, 16.74693, 3.36617],
							"size": [5.45259, 8.26167, 8.26167],
							"uv": {
								"north": {"uv": [62, 50], "uv_size": [3.5, 5.5]},
								"east": {"uv": [30, 59], "uv_size": [5.5, 5.5]},
								"south": {"uv": [63, 16], "uv_size": [3.5, 5.5]},
								"west": {"uv": [36, 59], "uv_size": [5.5, 5.5]},
								"up": {"uv": [42, 63], "uv_size": [3.5, 5.5]},
								"down": {"uv": [0, 69.5], "uv_size": [3.5, -5.5]}
							}
						},
						{
							"origin": [35.3401, 13.62573, 9.60857],
							"size": [5.45259, 5.14047, 20.44047],
							"uv": {
								"north": {"uv": [46, 30], "uv_size": [3.5, 3.25]},
								"east": {"uv": [64, 34], "uv_size": [3.25, 3.25]},
								"south": {"uv": [62, 56], "uv_size": [3.5, 3.25]},
								"west": {"uv": [64, 38], "uv_size": [3.25, 3.25]},
								"up": {"uv": [64, 0], "uv_size": [3.5, 3.25]},
								"down": {"uv": [4, 67.25], "uv_size": [3.5, -3.25]}
							}
						},
						{
							"origin": [16.6129, 13.62573, 9.60857],
							"size": [13.10259, 5.14047, 23.50047],
							"uv": {
								"north": {"uv": [64, 4], "uv_size": [3.5, 3.25]},
								"east": {"uv": [52, 64], "uv_size": [3.25, 3.25]},
								"south": {"uv": [64, 22], "uv_size": [3.5, 3.25]},
								"west": {"uv": [56, 64], "uv_size": [3.25, 3.25]},
								"up": {"uv": [64, 26], "uv_size": [3.5, 3.25]},
								"down": {"uv": [64, 33.25], "uv_size": [3.5, -3.25]}
							}
						},
						{
							"origin": [22.63041, 10.12358, 2.98521],
							"size": [12.14475, 18.38715, 18.26475],
							"uv": {
								"north": {"uv": [34, 35], "uv_size": [8, 12]},
								"east": {"uv": [22, 41], "uv_size": [8, 12]},
								"south": {"uv": [42, 35], "uv_size": [8, 12]},
								"west": {"uv": [0, 44], "uv_size": [8, 12]},
								"up": {"uv": [16, 53], "uv_size": [8, 8]},
								"down": {"uv": [54, 52], "uv_size": [8, -8]}
							}
						}
					],
					"locators": {
						"zeus": [29, 18, 10]
					}
				},
				{
					"name": "prometheus",
					"parent": "Souls",
					"pivot": [-28.70279, 19.31716, 9.0576],
					"cubes": [
						{
							"origin": [-36.8329, 11.18707, 0.9275],
							"size": [16.2602, 16.2602, 16.2602],
							"uv": {
								"north": {"uv": [11, 22], "uv_size": [10.75, 10.75]},
								"east": {"uv": [22, 11], "uv_size": [10.75, 10.75]},
								"south": {"uv": [22, 22], "uv_size": [10.75, 10.75]},
								"west": {"uv": [0, 33], "uv_size": [10.75, 10.75]},
								"up": {"uv": [33, 0], "uv_size": [10.75, 10.75]},
								"down": {"uv": [11, 43.75], "uv_size": [10.75, -10.75]}
							}
						},
						{
							"origin": [-37.97442, 13.16675, 2.90718],
							"size": [18.54324, 12.30084, 12.30084],
							"uv": {
								"north": {"uv": [44, 0], "uv_size": [12, 8]},
								"east": {"uv": [54, 52], "uv_size": [8, 8]},
								"south": {"uv": [8, 44], "uv_size": [12, 8]},
								"west": {"uv": [0, 56], "uv_size": [8, 8]},
								"up": {"uv": [45, 8], "uv_size": [12, 8]},
								"down": {"uv": [45, 24], "uv_size": [12, -8]}
							}
						},
						{
							"origin": [-34.77516, 10.12358, 2.98521],
							"size": [12.14475, 18.38715, 12.14475],
							"uv": {
								"north": {"uv": [30, 47], "uv_size": [8, 12]},
								"east": {"uv": [38, 47], "uv_size": [8, 12]},
								"south": {"uv": [46, 47], "uv_size": [8, 12]},
								"west": {"uv": [50, 24], "uv_size": [8, 12]},
								"up": {"uv": [56, 0], "uv_size": [8, 8]},
								"down": {"uv": [57, 16], "uv_size": [8, -8]}
							}
						}
					],
					"locators": {
						"prometeus": [-29, 18, 10]
					}
				}
			]
		}
	]
}