{
  "format_version": "1.19.50",
  "animations": {
      "animation.bslash": {
      "loop": false,
      "animation_length": 4.33,
      "timeline": {
        "0.0": [
         
         
         "/event entity @s anim.no",
          "/inputpermission set @s movement disabled",
          "/clear @s stk:bslash",
         
          "/tag @s add bslash",
         "/tag @s add in_cut",
          "@s iframe.yes",
          "/playanimation @s animation.trunks.burning_slashes",
        
          "/tag @e[r=3,type=!item,tag=!bslash] add ttarget",
          "/execute as @e[r=3,tag=ttarget] at @s run event entity @p[tag=bslash] iframe.yes"
    
          
         
         
        
         
        
    
          
        ],
        "0.71":[
            "/camerashake add @s 1 3 positional",
            "/execute as @s[scores={level=0..49}] at @s run damage @e[r=3,tag=ttarget] 5 entity_attack entity @s",
            "/execute as @s[scores={level=50..99}] at @s run damage @e[r=3,tag=ttarget] 7 entity_attack entity @s",
            "/execute as @s[scores={level=100..149}] at @s run damage @e[r=3,tag=ttarget] 9 entity_attack entity @s",
            "/execute as @s[scores={level=150..}] at @s run damage @e[r=3,tag=ttarget] 10 entity_attack entity @s"
            
            ],
        "1.17":[
            
            "/execute as @s[scores={level=0..49}] at @s run damage @e[r=3,tag=ttarget] 5 entity_attack entity @s",
            "/execute as @s[scores={level=50..99}] at @s run damage @e[r=3,tag=ttarget] 7 entity_attack entity @s",
            "/execute as @s[scores={level=100..149}] at @s run damage @e[r=3,tag=ttarget] 9 entity_attack entity @s",
            "/execute as @s[scores={level=150..}] at @s run damage @e[r=3,tag=ttarget] 10 entity_attack entity @s"
            
            ],
            "1.38":[
            
            "/execute as @s[scores={level=0..49}] at @s run damage @e[r=3,tag=ttarget] 5 entity_attack entity @s",
            "/execute as @s[scores={level=50..99}] at @s run damage @e[r=3,tag=ttarget] 7 entity_attack entity @s",
            "/execute as @s[scores={level=100..149}] at @s run damage @e[r=3,tag=ttarget] 9 entity_attack entity @s",
            "/execute as @s[scores={level=150..}] at @s run damage @e[r=3,tag=ttarget] 10 entity_attack entity @s"
            
            ],
        "1.75":[
            
            "/execute as @s[scores={level=0..49}] at @s run damage @e[r=3,tag=ttarget] 5 entity_attack entity @s",
            "/execute as @s[scores={level=50..99}] at @s run damage @e[r=3,tag=ttarget] 7 entity_attack entity @s",
            "/execute as @s[scores={level=100..149}] at @s run damage @e[r=3,tag=ttarget] 9 entity_attack entity @s",
            "/execute as @s[scores={level=150..}] at @s run damage @e[r=3,tag=ttarget] 10 entity_attack entity @s"
            
            ],
            "1.83":[
            
            "/execute as @s[scores={level=0..49}] at @s run damage @e[r=3,tag=ttarget] 5 entity_attack entity @s",
            "/execute as @s[scores={level=50..99}] at @s run damage @e[r=3,tag=ttarget] 7 entity_attack entity @s",
            "/execute as @s[scores={level=100..149}] at @s run damage @e[r=3,tag=ttarget] 9 entity_attack entity @s",
            "/execute as @s[scores={level=150..}] at @s run damage @e[r=3,tag=ttarget] 10 entity_attack entity @s"
            ],
            "1.92":[
            
            "/execute as @s[scores={level=0..49}] at @s run damage @e[r=3,tag=ttarget] 5 entity_attack entity @s",
            "/execute as @s[scores={level=50..99}] at @s run damage @e[r=3,tag=ttarget] 7 entity_attack entity @s",
            "/execute as @s[scores={level=100..149}] at @s run damage @e[r=3,tag=ttarget] 9 entity_attack entity @s",
            "/execute as @s[scores={level=150..}] at @s run damage @e[r=3,tag=ttarget] 10 entity_attack entity @s"
            ],
            "2.08":[
            
            "/execute as @s[scores={level=0..49}] at @s run damage @e[r=3,tag=ttarget] 5 entity_attack entity @s",
            "/execute as @s[scores={level=50..99}] at @s run damage @e[r=3,tag=ttarget] 7 entity_attack entity @s",
            "/execute as @s[scores={level=100..149}] at @s run damage @e[r=3,tag=ttarget] 9 entity_attack entity @s",
            "/execute as @s[scores={level=150..}] at @s run damage @e[r=3,tag=ttarget] 10 entity_attack entity @s"
            ],
            "2.17":[
            
            "/execute as @s[scores={level=0..49}] at @s run damage @e[r=3,tag=ttarget] 5 entity_attack entity @s",
            "/execute as @s[scores={level=50..99}] at @s run damage @e[r=3,tag=ttarget] 7 entity_attack entity @s",
            "/execute as @s[scores={level=100..149}] at @s run damage @e[r=3,tag=ttarget] 9 entity_attack entity @s",
            "/execute as @s[scores={level=150..}] at @s run damage @e[r=3,tag=ttarget] 10 entity_attack entity @s"
            ],
            "2.33":[
            
            "/execute as @s[scores={level=0..49}] at @s run damage @e[r=3,tag=ttarget] 5 entity_attack entity @s",
            "/execute as @s[scores={level=50..99}] at @s run damage @e[r=3,tag=ttarget] 7 entity_attack entity @s",
            "/execute as @s[scores={level=100..149}] at @s run damage @e[r=3,tag=ttarget] 9 entity_attack entity @s",
            "/execute as @s[scores={level=150..}] at @s run damage @e[r=3,tag=ttarget] 10 entity_attack entity @s"
            ],
            "2.42":[
            
            "/execute as @s[scores={level=0..49}] at @s run damage @e[r=3,tag=ttarget] 5 entity_attack entity @s",
            "/execute as @s[scores={level=50..99}] at @s run damage @e[r=3,tag=ttarget] 7 entity_attack entity @s",
            "/execute as @s[scores={level=100..149}] at @s run damage @e[r=3,tag=ttarget] 9 entity_attack entity @s",
            "/execute as @s[scores={level=150..}] at @s run damage @e[r=3,tag=ttarget] 10 entity_attack entity @s"
            ],
            "2.58":[
            
            "/execute as @s[scores={level=0..49}] at @s run damage @e[r=3,tag=ttarget] 5 entity_attack entity @s",
            "/execute as @s[scores={level=50..99}] at @s run damage @e[r=3,tag=ttarget] 7 entity_attack entity @s",
            "/execute as @s[scores={level=100..149}] at @s run damage @e[r=3,tag=ttarget] 9 entity_attack entity @s",
            "/execute as @s[scores={level=150..}] at @s run damage @e[r=3,tag=ttarget] 10 entity_attack entity @s"
            ],
            "2.67":[
            
            "/execute as @s[scores={level=0..49}] at @s run damage @e[r=3,tag=ttarget] 5 entity_attack entity @s",
            "/execute as @s[scores={level=50..99}] at @s run damage @e[r=3,tag=ttarget] 7 entity_attack entity @s",
            "/execute as @s[scores={level=100..149}] at @s run damage @e[r=3,tag=ttarget] 9 entity_attack entity @s",
            "/execute as @s[scores={level=150..}] at @s run damage @e[r=3,tag=ttarget] 10 entity_attack entity @s"
            ],
            "2.83":[
            
            "/execute as @s[scores={level=0..49}] at @s run damage @e[r=3,tag=ttarget] 5 entity_attack entity @s",
            "/execute as @s[scores={level=50..99}] at @s run damage @e[r=3,tag=ttarget] 7 entity_attack entity @s",
            "/execute as @s[scores={level=100..149}] at @s run damage @e[r=3,tag=ttarget] 9 entity_attack entity @s",
            "/execute as @s[scores={level=150..}] at @s run damage @e[r=3,tag=ttarget] 10 entity_attack entity @s"
            ],
            "2.92":[
            
            "/execute as @s[scores={level=0..49}] at @s run damage @e[r=3,tag=ttarget] 5 entity_attack entity @s",
            "/execute as @s[scores={level=50..99}] at @s run damage @e[r=3,tag=ttarget] 7 entity_attack entity @s",
            "/execute as @s[scores={level=100..149}] at @s run damage @e[r=3,tag=ttarget] 9 entity_attack entity @s",
            "/execute as @s[scores={level=150..}] at @s run damage @e[r=3,tag=ttarget] 10 entity_attack entity @s"
            ],
            "3.41":[
                
                "/tag @s remove bslash"
                
                ],
            "3.42":[
            
            "/execute as @s[scores={level=0..49}] at @s run damage @e[r=3,tag=ttarget] 5 entity_attack entity @s",
            "/execute as @s[scores={level=50..99}] at @s run damage @e[r=3,tag=ttarget] 7 entity_attack entity @s",
            "/execute as @s[scores={level=100..149}] at @s run damage @e[r=3,tag=ttarget] 9 entity_attack entity @s",
            "/execute as @s[scores={level=150..}] at @s run damage @e[r=3,tag=ttarget] 10 entity_attack entity @s",
            "/tag @e[r=3,tag=ttarget] add btp"
            
            ],
            "4.29": [
                "@s knock",
                 "/event entity @s enable_anims",
                 "/tag @s remove bslash",
                  "/inputpermission set @s movement enabled",
                  "@s skill.no",
                  "/give @s stk:blue 1 0 {\"item_lock\":{\"mode\":\"lock_in_inventory\"},\"keep_on_death\":{}}",
                  "/tag @e[tag=ttarget] remove btp",
                  "/tag @e[tag=ttarget] remove ttarget",
            "/tag @s remove in_cut",
                  "/event entity @s stun.yes"
        
                
          

         
         
         
        
         
         
         
         ]
      }
    }
  }
}