{
	"format_version": "1.8.0",
	"animations": {
		"animation.float": {
			"loop": true,
			"animation_length": 1.3,
			"override_previous_animation": true,
			"bones": {
				"rightArm": {
					"rotation": [5, -0.5, 10]
				},
				"leftArm": {
					"rotation": [5, 0.5, -10]
				},
				"rightLeg": {
					"rotation": [2.5, 0, 5],
					"position": [0, 1.5, -1.5]
				},
				"leftLeg": {
					"rotation": [2.5, 0, -5]
				}
			}
		},
		"animation.float_speed": {
			"loop": true,
			"override_previous_animation": true,
			"bones": {
				"rightArm": {
					"rotation" : [ 22.5, -0.5, "(math.cos(query.life_time * 720) * 3) + 10.0" ]
				},
				"leftArm": {
					"rotation" : [ 22.5, 0.5, "-((math.cos(query.life_time * 720) * 3) + 10.0)" ]
				},
				"rightleg": {
					"rotation": [24.97911, 1.05627, 2.73397],
					"position": [0, 1, -2]
				},
				"leftleg": {
					"rotation": [29.97638, -1.2497, -2.83459],
					"position": [0, 0, -0.5]
				},
				"waist": {
					"rotation": [27.5, 0, 0]
				}
			}
		}
	}
}