{
	"format_version": "1.8.0",
	"animations": {
		"animation.ice_arms.attack" : {
			"loop" : true,
			"override_previous_animation": true,
			"bones" : {
				"body" : {
					"rotation" : [ 0.0, "variable.attack_body_rot_y", 0.0 ]
				},
				"leftarm" : {
					"rotation" : [ "-(math.sin((1 - math.pow((1 - variable.attack_time), 4)) * 180) * 1.2 + math.sin(variable.attack_time * 180)) * 10.0", 0.0, 0.0 ]
				},
				"rightarm" : {
					"rotation" : [ "-(math.sin((1 - math.pow((1 - variable.attack_time), 4)) * 180) * 1.2 + math.sin(variable.attack_time * 180)) * 30.0", "-(math.sin((1 - math.pow((1 - variable.attack_time), 4)) * 180) ? (-90.0 * math.sin((1 - math.pow((1 - variable.attack_time), 4)) * 180)) + 30.0 : 0.0)", 0.0 ]
				}
			}
		},
		"animation.ice_arms.default": {
			"loop": true,
			"bones": {
				"root": {
					"rotation": [35, 0, 0],
					"position": [0, 3, 7]
				},
				"waist": {
					"rotation": [0, 0, 0],
					"position": [0, 0, 0]
				},
				"rightArm": {
					"rotation": [-20, 35, 75]
				},
				"rightIceArms": {
					"rotation": [0, -22.5, -75]
				},
				"rightLeg": {
					"rotation": [-35, 0, 0],
					"position": [-1, 0, 0]
				},
				"leftLeg": {
					"rotation": [-35, 0, 0],
					"position": [1, 0, 0]
				},
				"leftArm": {
					"rotation": [-20, -35, -75]
				},
				"leftIceArms": {
					"rotation": [0, 22.5, 75]
				}
			}
		},
		"animation.ice_arms.move": {
			"loop": true,
			"animation_length": 0.66667,
			//"override_previous_animation": true,
			"bones": {
				"root": {
					"rotation": [35, 0, 0],
					"position": [0, 4, 7]
				},
				"waist": {
					"rotation": [0, 0, 0],
					"position": [0, 0, 0]
				},
				"rightArm": {
					"rotation": {
						"0.0": [-50, 40, 85],
						"0.3333": [-25, -52.5, 80],
						"0.5417": [-4.5, 22.5, 90],
						"0.6667": [-50, 40, 85]
					}
				},
				"rightIceArms": {
					"rotation": [0, -37.5, -75]
				},
				"rightLeg": {
					"rotation": [-35, 0, 0],
					"position": [-1, 0, 0]
				},
				"leftLeg": {
					"rotation": [-35, 0, 0],
					"position": [1, 0, 0]
				},
				"leftArm": {
					"rotation": {
						"0.0": [-25, 52.5, -80],
						"0.2083": [4.5, -22.5, -90],
						"0.3333": [-50, -40, -85],
						"0.6667": [-25, 52.5, -80]
					}
				},
				"leftIceArms": {
					"rotation": [0, 37.5, 75]
				}
			}
		}
	}
}