{
  "format_version": "1.8.0",
  "animations": {
    "animation.yamamoto.sprint": {
      "loop": "hold_on_last_frame",
      "animation_length": 0.5,
      "override_previous_animation": true,
      "bones": {
        "root": {
          "scale": 0
        },
        "head": {
          "scale": 0
        }
      }
    },
    "animation.yamamoto.particles": {
      "loop": true,
      "animation_length": 0.1,
      "particle_effects": {
        "0.0": [
          {"effect": "yamamoto_shikai","locator": "lamine"},
          {"effect": "yamamoto_shikai","locator": "lamine2"},
          {"effect": "yamamoto_shikai","locator": "lamine3"},
          {"effect": "yamamoto_shikai","locator": "lamine4"},
          {"effect": "yamamoto_shikai","locator": "lamine5"},
          {"effect": "yamamoto_shikai","locator": "lamine6"},
          {"effect": "yamamoto_shikai","locator": "lamine7"},
          {"effect": "yamamoto_shikai","locator": "lamine8"}
        ]
      }
    },
    "animation.yamamoto.transform": {
      "loop": "hold_on_last_frame",
      "animation_length": 3.0,
      "override_previous_animation": true,
      "bones": {
        "waist": {
          "rotation": {
            "0.0": {
              "post": [0, 0, 0],
              "lerp_mode": "catmullrom"
            },
            "1.25": {
              "post": [0, 0, 0],
              "lerp_mode": "catmullrom"
            },
            "1.625": {
              "post": [-12.5, 17.5, -7.5],
              "lerp_mode": "catmullrom"
            },
            "1.875": {
              "post": [-12.5, 17.5, -7.5],
              "lerp_mode": "catmullrom"
            },
            "2.25": {
              "post": [5, -7.5, 0],
              "lerp_mode": "catmullrom"
            },
            "2.75": {
              "post": [5, -7.5, 0],
              "lerp_mode": "catmullrom"
            },
            "3.0": {
              "post": [0, 0, 0],
              "lerp_mode": "catmullrom"
            }
          }
        },
        "rightArm": {
          "rotation": {
            "0.25": {
              "pre": [0, 0, 0],
              "post": [0, 0, 0],
              "lerp_mode": "catmullrom"
            },
            "0.5417": {
              "post": [-8.73179, 21.84777, 10.5242],
              "lerp_mode": "catmullrom"
            },
            "1.25": {
              "post": [-8.73179, 21.84777, 10.5242],
              "lerp_mode": "catmullrom"
            },
            "1.625": {
              "post": [-145.89027, -9.24316, 0.18274],
              "lerp_mode": "catmullrom"
            },
            "1.875": {
              "post": [-145.89027, -9.24316, 0.18274],
              "lerp_mode": "catmullrom"
            },
            "2.25": {
              "post": [-16.81386, -0.81893, -50.1176],
              "lerp_mode": "catmullrom"
            },
            "2.75": {
              "post": [-16.81386, -0.81893, -50.1176],
              "lerp_mode": "catmullrom"
            },
            "3.0": {
              "post": [0, 0, 0],
              "lerp_mode": "catmullrom"
            }
          },
          "position": {
            "1.25": {
              "pre": [0, 0, 0],
              "post": [0, 0, 0],
              "lerp_mode": "catmullrom"
            },
            "1.625": {
              "post": [0, 1.5, -2],
              "lerp_mode": "catmullrom"
            },
            "1.875": {
              "post": [0, 1.5, -2],
              "lerp_mode": "catmullrom"
            },
            "2.25": {
              "post": [1.5, 0.5, -3],
              "lerp_mode": "catmullrom"
            },
            "2.75": {
              "post": [1.5, 0.5, -3],
              "lerp_mode": "catmullrom"
            },
            "3.0": {
              "post": [0, 0, 0],
              "lerp_mode": "catmullrom"
            }
          }
        },
        "leftArm": {
          "rotation": {
            "0.25": {
              "pre": [0, 0, 0],
              "post": [0, 0, 0],
              "lerp_mode": "catmullrom"
            },
            "0.5417": {
              "post": [-8.73179, -21.8478, -10.5242],
              "lerp_mode": "catmullrom"
            },
            "2.75": {
              "post": [-8.73179, -21.8478, -10.5242],
              "lerp_mode": "catmullrom"
            },
            "3.0": {
              "post": [0, 0, 0],
              "lerp_mode": "catmullrom"
            }
          }
        }
      },
      "particle_effects": {
        "0.125": {
          "effect": "yamamoto_shikai2",
          "locator": "root_yamamoto"
        },
        "0.25": {
          "effect": "yamamoto_shikai2",
          "locator": "root_yamamoto"
        },
        "0.375": {
          "effect": "yamamoto_shikai2",
          "locator": "root_yamamoto"
        },
        "0.5": {
          "effect": "yamamoto_shikai2",
          "locator": "root_yamamoto"
        },
        "0.625": {
          "effect": "yamamoto_shikai2",
          "locator": "root_yamamoto"
        },
        "0.75": {
          "effect": "yamamoto_shikai2",
          "locator": "root_yamamoto"
        },
        "0.875": [
          {
            "effect": "slash_white.small",
            "locator": "waist_yamamoto"
          },
          {
            "effect": "yamamoto_shikai2",
            "locator": "root_yamamoto"
          }
        ],
        "1.0": {
          "effect": "yamamoto_shikai2",
          "locator": "root_yamamoto"
        },
        "1.125": [
          {
            "effect": "slash_white.small",
            "locator": "waist_yamamoto"
          },
          {
            "effect": "yamamoto_shikai2",
            "locator": "root_yamamoto"
          }
        ],
        "1.25": {
          "effect": "yamamoto_shikai2",
          "locator": "root_yamamoto"
        },
        "1.375": {
          "effect": "yamamoto_shikai2",
          "locator": "root_yamamoto"
        },
        "1.5": {
          "effect": "yamamoto_shikai2",
          "locator": "root_yamamoto"
        },
        "1.625": {
          "effect": "yamamoto_shikai2",
          "locator": "root_yamamoto"
        },
        "1.75": {
          "effect": "yamamoto_shikai2",
          "locator": "root_yamamoto"
        },
        "1.875": [
          {
            "effect": "yamamoto_shikai2",
            "locator": "root_yamamoto"
          },
          {
            "effect": "yamamoto_shikai2",
            "locator": "root_yamamoto2"
          }
        ],
        "2.0": [
          {
            "effect": "slash_white.default",
            "locator": "waist_yamamoto"
          },
          {
            "effect": "yamamoto_shikai2",
            "locator": "root_yamamoto"
          },
          {
            "effect": "yamamoto_shikai2",
            "locator": "root_yamamoto2"
          }
        ],
        "2.125": [
          {
            "effect": "slash_white.default",
            "locator": "waist_yamamoto"
          },
          {
            "effect": "yamamoto_shikai2",
            "locator": "root_yamamoto"
          },
          {
            "effect": "yamamoto_shikai3",
            "locator": "root_yamamoto"
          }
        ],
        "2.25": {
          "effect": "yamamoto_shikai2",
          "locator": "root_yamamoto"
        },
        "2.375": {
          "effect": "yamamoto_shikai2",
          "locator": "root_yamamoto"
        }
      }
    },
    "animation.yamamoto.stop": {
      "loop": true,
      "bones": {
        "rightArm": {
          "rotation": [-17.5, 57.5, 0]
        }
      }
    },
    "animation.yamamoto.attack1": {
      "loop": "hold_on_last_frame",
      "animation_length": 0.52,
      "bones": {
        "waist": {
          "rotation": {
            "0.0": {
              "post": [0, 0, 0],
              "lerp_mode": "catmullrom"
            },
            "0.125": {
              "post": [0, 55, 0],
              "lerp_mode": "catmullrom"
            },
            "0.25": {
              "post": [22.5, -77.5, 0],
              "lerp_mode": "catmullrom"
            },
            "0.375": {
              "post": [22.5, -77.5, 0],
              "lerp_mode": "catmullrom"
            },
            "0.5": {
              "post": [0, 0, 0],
              "lerp_mode": "catmullrom"
            }
          },
          "position": {
            "0.0": {
              "post": [0, 0, 0],
              "lerp_mode": "catmullrom"
            },
            "0.125": {
              "post": [0, -0.5, 0],
              "lerp_mode": "catmullrom"
            },
            "0.25": {
              "post": [0, -1, 0],
              "lerp_mode": "catmullrom"
            },
            "0.375": [0, -0.5, 0],
            "0.5": [0, 0, 0]
          }
        },
        "rightArm": {
          "rotation": {
            "0.0": {
              "post": [0, 0, 0],
              "lerp_mode": "catmullrom"
            },
            "0.125": {
              "post": [-130.30425, 0.94368, -80.51898],
              "lerp_mode": "catmullrom"
            },
            "0.25": {
              "post": [-12.74594, 2.01123, -78.25759],
              "lerp_mode": "catmullrom"
            },
            "0.375": {
              "post": [-12.74594, 2.01123, -78.25759],
              "lerp_mode": "catmullrom"
            },
            "0.5": {
              "post": [0, 0, 0],
              "lerp_mode": "catmullrom"
            }
          },
          "position": {
            "0.0": {
              "post": [0, 0, 0],
              "lerp_mode": "catmullrom"
            },
            "0.125": {
              "post": [2.5, 1.5, -2],
              "lerp_mode": "catmullrom"
            },
            "0.25": {
              "post": [3, 0.5, -4.5],
              "lerp_mode": "catmullrom"
            },
            "0.375": {
              "post": [3, 0.5, -4.5],
              "lerp_mode": "catmullrom"
            },
            "0.5": {
              "post": [0, 0, 0],
              "lerp_mode": "catmullrom"
            }
          }
        },
        "leftArm": {
          "rotation": {
            "0.0": {
              "post": [0, 0, 0],
              "lerp_mode": "catmullrom"
            },
            "0.125": {
              "post": [-140.2681, 0.09762, -79.8202],
              "lerp_mode": "catmullrom"
            },
            "0.25": {
              "post": [-73.9843, 13.42732, -69.39673],
              "lerp_mode": "catmullrom"
            },
            "0.375": {
              "post": [-73.9843, 13.42732, -69.39673],
              "lerp_mode": "catmullrom"
            },
            "0.5": {
              "post": [0, 0, 0],
              "lerp_mode": "catmullrom"
            }
          },
          "position": {
            "0.0": {
              "post": [0, 0, 0],
              "lerp_mode": "catmullrom"
            },
            "0.125": {
              "post": [-3, -1, -3.5],
              "lerp_mode": "catmullrom"
            },
            "0.25": {
              "post": [0.5, -0.5, 2],
              "lerp_mode": "catmullrom"
            },
            "0.375": {
              "post": [0.5, -0.5, 2],
              "lerp_mode": "catmullrom"
            },
            "0.5": {
              "post": [0, 0, 0],
              "lerp_mode": "catmullrom"
            }
          }
        },
        "rightLeg": {
          "rotation": {
            "0.0": {
              "post": [0, 0, 0],
              "lerp_mode": "catmullrom"
            },
            "0.125": {
              "post": [12.5, 12.5, 0],
              "lerp_mode": "catmullrom"
            },
            "0.25": {
              "post": [21.74878, -54.91434, -4.02028],
              "lerp_mode": "catmullrom"
            },
            "0.375": [21.74878, -54.91434, -4.02028],
            "0.5": [0, 0, 0]
          },
          "position": {
            "0.0": {
              "post": [0, 0, 0],
              "lerp_mode": "catmullrom"
            },
            "0.125": {
              "post": [-1, 0, 0],
              "lerp_mode": "catmullrom"
            },
            "0.25": {
              "post": [4.5, 0, -4.5],
              "lerp_mode": "catmullrom"
            },
            "0.375": [4.5, 0, -4.5],
            "0.5": [0, 0, 0]
          }
        },
        "leftLeg": {
          "rotation": {
            "0.0": {
              "post": [0, 0, 0],
              "lerp_mode": "catmullrom"
            },
            "0.125": {
              "post": [7.47178, -0.65182, -0.04256],
              "lerp_mode": "catmullrom"
            },
            "0.25": {
              "post": [63.9949, -80.99406, -61.16697],
              "lerp_mode": "catmullrom"
            },
            "0.375": [63.9949, -80.99406, -61.16697],
            "0.5": [0, 0, 0]
          },
          "position": {
            "0.0": {
              "post": [0, 0, 0],
              "lerp_mode": "catmullrom"
            },
            "0.125": {
              "post": [0, 0, -3],
              "lerp_mode": "catmullrom"
            },
            "0.25": {
              "post": [1, 0, 2.5],
              "lerp_mode": "catmullrom"
            },
            "0.375": [1, 0, 2.5],
            "0.5": [0, 0, 0]
          }
        }
      }
    },
    "animation.yamamoto.attack2": {
      "loop": "hold_on_last_frame",
      "animation_length": 0.52,
      "bones": {
        "waist": {
          "rotation": {
            "0.0": {
              "post": [0, 0, 0],
              "lerp_mode": "catmullrom"
            },
            "0.125": {
              "post": [0, -55, 0],
              "lerp_mode": "catmullrom"
            },
            "0.25": {
              "post": [22.5, 77.5, 0],
              "lerp_mode": "catmullrom"
            },
            "0.375": {
              "post": [22.5, 77.5, 0],
              "lerp_mode": "catmullrom"
            },
            "0.5": {
              "post": [0, 0, 0],
              "lerp_mode": "catmullrom"
            }
          },
          "position": {
            "0.0": {
              "post": [0, 0, 0],
              "lerp_mode": "catmullrom"
            },
            "0.125": {
              "post": [0, -0.5, 0],
              "lerp_mode": "catmullrom"
            },
            "0.25": {
              "post": [0, -1, 0],
              "lerp_mode": "catmullrom"
            },
            "0.375": [0, -1, 0],
            "0.5": [0, 0, 0]
          }
        },
        "rightArm": {
          "rotation": {
            "0.0": {
              "post": [0, 0, 0],
              "lerp_mode": "catmullrom"
            },
            "0.125": {
              "post": [-140.2681, -0.0976, 79.8202],
              "lerp_mode": "catmullrom"
            },
            "0.25": {
              "post": [-41.4843, -13.4273, 69.3967],
              "lerp_mode": "catmullrom"
            },
            "0.375": {
              "post": [-41.4843, -13.4273, 69.3967],
              "lerp_mode": "catmullrom"
            },
            "0.5": {
              "post": [0, 0, 0],
              "lerp_mode": "catmullrom"
            }
          },
          "position": {
            "0.0": {
              "post": [0, 0, 0],
              "lerp_mode": "catmullrom"
            },
            "0.125": {
              "post": [3, -1, -3.5],
              "lerp_mode": "catmullrom"
            },
            "0.25": {
              "post": [-0.5, -0.5, 2],
              "lerp_mode": "catmullrom"
            },
            "0.375": {
              "post": [-0.5, -0.5, 2],
              "lerp_mode": "catmullrom"
            },
            "0.5": {
              "post": [0, 0, 0],
              "lerp_mode": "catmullrom"
            }
          }
        },
        "leftArm": {
          "rotation": {
            "0.0": {
              "post": [0, 0, 0],
              "lerp_mode": "catmullrom"
            },
            "0.125": {
              "post": [-130.30425, -0.9437, 80.519],
              "lerp_mode": "catmullrom"
            },
            "0.25": {
              "post": [-12.74594, -2.0112, 78.2576],
              "lerp_mode": "catmullrom"
            },
            "0.375": {
              "post": [-12.74594, -2.0112, 78.2576],
              "lerp_mode": "catmullrom"
            },
            "0.5": {
              "post": [0, 0, 0],
              "lerp_mode": "catmullrom"
            }
          },
          "position": {
            "0.0": {
              "post": [0, 0, 0],
              "lerp_mode": "catmullrom"
            },
            "0.125": {
              "post": [-2.5, 1.5, -2],
              "lerp_mode": "catmullrom"
            },
            "0.25": {
              "post": [-5, 0.5, -4.5],
              "lerp_mode": "catmullrom"
            },
            "0.375": {
              "post": [-5, 0.5, -4.5],
              "lerp_mode": "catmullrom"
            },
            "0.5": {
              "post": [0, 0, 0],
              "lerp_mode": "catmullrom"
            }
          }
        },
        "rightLeg": {
          "rotation": {
            "0.0": {
              "post": [0, 0, 0],
              "lerp_mode": "catmullrom"
            },
            "0.125": {
              "post": [7.47178, 0.6518, 0.0426],
              "lerp_mode": "catmullrom"
            },
            "0.25": {
              "post": [63.9949, 80.9941, 61.167],
              "lerp_mode": "catmullrom"
            },
            "0.375": [63.9949, 80.9941, 61.167],
            "0.5": [0, 0, 0]
          },
          "position": {
            "0.0": {
              "post": [0, 0, 0],
              "lerp_mode": "catmullrom"
            },
            "0.125": {
              "post": [0, 0, -3],
              "lerp_mode": "catmullrom"
            },
            "0.25": {
              "post": [-1, 0, 2.5],
              "lerp_mode": "catmullrom"
            },
            "0.375": [-1, 0, 2.5],
            "0.5": [0, 0, 0]
          }
        },
        "leftLeg": {
          "rotation": {
            "0.0": {
              "post": [0, 0, 0],
              "lerp_mode": "catmullrom"
            },
            "0.125": {
              "post": [12.5, -12.5, 0],
              "lerp_mode": "catmullrom"
            },
            "0.25": {
              "post": [21.74878, 54.9143, 4.0203],
              "lerp_mode": "catmullrom"
            },
            "0.375": [21.74878, 54.9143, 4.0203],
            "0.5": [0, 0, 0]
          },
          "position": {
            "0.0": {
              "post": [0, 0, 0],
              "lerp_mode": "catmullrom"
            },
            "0.125": {
              "post": [1, 0, 0],
              "lerp_mode": "catmullrom"
            },
            "0.25": {
              "post": [-4.5, 0, -4.5],
              "lerp_mode": "catmullrom"
            },
            "0.375": [-4.5, 0, -4.5],
            "0.5": [0, 0, 0]
          }
        }
      }
    },
    "animation.yamamoto.attack3": {
      "loop": "hold_on_last_frame",
      "animation_length": 0.52,
      "bones": {
        "waist": {
          "rotation": {
            "0.0": {
              "post": [0, 0, 0],
              "lerp_mode": "catmullrom"
            },
            "0.125": {
              "post": [10, 37.5, 0],
              "lerp_mode": "catmullrom"
            },
            "0.25": {
              "post": [-8.12874, -29.32865, -2.01402],
              "lerp_mode": "catmullrom"
            },
            "0.375": {
              "post": [-8.12874, -29.32865, -2.01402],
              "lerp_mode": "catmullrom"
            },
            "0.5": {
              "post": [0, 0, 0],
              "lerp_mode": "catmullrom"
            }
          },
          "position": {
            "0.0": {
              "post": [0, 0, 0],
              "lerp_mode": "catmullrom"
            },
            "0.125": {
              "post": [0, -1, 0],
              "lerp_mode": "catmullrom"
            },
            "0.25": {
              "post": [0, -0.5, 0],
              "lerp_mode": "catmullrom"
            },
            "0.375": [0, -1, 0],
            "0.5": [0, 0, 0]
          }
        },
        "leftArm": {
          "rotation": {
            "0.0": {
              "post": [0, 0, 0],
              "lerp_mode": "catmullrom"
            },
            "0.125": {
              "post": [-134.86359, 73.42409, -99.68493],
              "lerp_mode": "catmullrom"
            },
            "0.25": {
              "post": [-108.41598, -25.96975, -48.81647],
              "lerp_mode": "catmullrom"
            },
            "0.375": {
              "post": [-108.41598, -25.96975, -48.81647],
              "lerp_mode": "catmullrom"
            },
            "0.5": {
              "post": [0, 0, 0],
              "lerp_mode": "catmullrom"
            }
          },
          "position": {
            "0.0": {
              "post": [0, 0, 0],
              "lerp_mode": "catmullrom"
            },
            "0.125": {
              "post": [-3, -1.5, -3],
              "lerp_mode": "catmullrom"
            },
            "0.25": {
              "post": [-1.5, -0.5, -1.5],
              "lerp_mode": "catmullrom"
            },
            "0.375": {
              "post": [-1.5, -0.5, -1.5],
              "lerp_mode": "catmullrom"
            },
            "0.5": {
              "post": [0, 0, 0],
              "lerp_mode": "catmullrom"
            }
          }
        },
        "rightArm": {
          "rotation": {
            "0.0": {
              "post": [0, 0, 0],
              "lerp_mode": "catmullrom"
            },
            "0.125": {
              "post": [-138.81878, 48.86005, -143.24361],
              "lerp_mode": "catmullrom"
            },
            "0.25": {
              "post": [-31.04197, 3.27827, -132.61712],
              "lerp_mode": "catmullrom"
            },
            "0.375": {
              "post": [-31.04197, 3.27827, -132.61712],
              "lerp_mode": "catmullrom"
            },
            "0.5": {
              "post": [0, 0, 0],
              "lerp_mode": "catmullrom"
            }
          },
          "position": {
            "0.0": {
              "post": [0, 0, 0],
              "lerp_mode": "catmullrom"
            },
            "0.125": {
              "post": [-1, 0.5, -1],
              "lerp_mode": "catmullrom"
            },
            "0.25": {
              "post": [1, 0.5, -4.5],
              "lerp_mode": "catmullrom"
            },
            "0.375": {
              "post": [1, 0.5, -4.5],
              "lerp_mode": "catmullrom"
            },
            "0.5": {
              "post": [0, 0, 0],
              "lerp_mode": "catmullrom"
            }
          }
        },
        "zanpakutou": {
          "rotation": {
            "0.125": [0, 0, 0],
            "0.25": [65, 0, 0],
            "0.375": [65, 0, 0],
            "0.5": [0, 0, 0]
          }
        },
        "rightLeg": {
          "rotation": {
            "0.0": {
              "post": [0, 0, 0],
              "lerp_mode": "catmullrom"
            },
            "0.125": {
              "post": [10.45981, 49.33698, 11.15642],
              "lerp_mode": "catmullrom"
            },
            "0.25": {
              "post": [2.5, 0, 2.5],
              "lerp_mode": "catmullrom"
            },
            "0.375": {
              "post": [2.5, 0, 2.5],
              "lerp_mode": "catmullrom"
            },
            "0.5": {
              "post": [0, 0, 0],
              "lerp_mode": "catmullrom"
            }
          },
          "position": {
            "0.0": {
              "post": [0, 0, 0],
              "lerp_mode": "catmullrom"
            },
            "0.125": {
              "post": [0, 0, 2],
              "lerp_mode": "catmullrom"
            },
            "0.25": {
              "post": [0, 2, -3.5],
              "lerp_mode": "catmullrom"
            },
            "0.375": {
              "post": [0, -0.5, -3.5],
              "lerp_mode": "catmullrom"
            },
            "0.5": {
              "post": [0, 0, 0],
              "lerp_mode": "catmullrom"
            }
          }
        },
        "leftLeg": {
          "rotation": {
            "0.0": {
              "post": [0, 0, 0],
              "lerp_mode": "catmullrom"
            },
            "0.125": {
              "post": [5, 0, 0],
              "lerp_mode": "catmullrom"
            },
            "0.25": {
              "post": [17.89807, -11.91276, -3.81397],
              "lerp_mode": "catmullrom"
            },
            "0.375": {
              "post": [17.89807, -11.91276, -3.81397],
              "lerp_mode": "catmullrom"
            },
            "0.5": {
              "post": [0, 0, 0],
              "lerp_mode": "catmullrom"
            }
          },
          "position": {
            "0.0": {
              "post": [0, 0, 0],
              "lerp_mode": "catmullrom"
            },
            "0.125": {
              "post": [0, 0, -3],
              "lerp_mode": "catmullrom"
            },
            "0.25": {
              "post": [0, 0, 1],
              "lerp_mode": "catmullrom"
            },
            "0.375": {
              "post": [0, 0, 1],
              "lerp_mode": "catmullrom"
            },
            "0.5": {
              "post": [0, 0, 0],
              "lerp_mode": "catmullrom"
            }
          }
        }
      }
    },
    "animation.yamamoto.attack4": {
      "loop": "hold_on_last_frame",
      "animation_length": 1.2,
      "bones": {
        "waist": {
          "rotation": {
            "0.4167": [37.5, 0, 0],
            "0.5833": [-10, 0, 0],
            "0.8333": [-10, 0, 0],
            "1.0833": [42.5, 0, 0]
          },
          "position": {
            "0.4167": [0, -1, 2],
            "0.5833": [0, 0, 0]
          }
        },
        "rightArm": {
          "rotation": {
            "0.4167": [-57.5, 12.5, 15],
            "0.5833": [-189.07947, 4.20854, 24.66569],
            "0.8333": [-189.07947, 4.20854, 24.66569],
            "1.0833": [-65, -35, 2]
          },
          "position": {
            "0.4167": [0, -0.5, 0],
            "0.5833": [0, 2, 0],
            "0.8333": [0, 2, 0],
            "1.0833": [1, 2, -2]
          }
        },
        "leftArm": {
          "rotation": {
            "0.4167": [-57.5, -11.5, -15],
            "0.5833": [-189.07947, -4.20854, -24.66569],
            "0.8333": [-189.07947, -4.20854, -24.66569],
            "1.0833": [-65, 35, -2]
          },
          "position": {
            "0.4167": [0, -0.5, 0],
            "0.5833": [0, 2, 0],
            "0.8333": [0, 2, 0],
            "1.0833": [-1, 2, -2]
          }
        },
        "rightLeg": {
          "rotation": {
            "0.4167": [10, 0, 0],
            "0.5833": [-10, 0, 0],
            "0.8333": [-10, 0, 0],
            "1.0833": [12.5, 0, 0]
          },
          "position": {
            "0.4167": [0, 0, -2],
            "0.5833": [0, 0, -1],
            "0.8333": [0, 0, -1],
            "1.0833": [0, 0, -2]
          }
        },
        "leftLeg": {
          "rotation": {
            "0.4167": [37.5, 0, 0],
            "0.5833": [10, 0, 0],
            "0.8333": [10, 0, 0],
            "1.0833": [80, 0, 0]
          },
          "position": {
            "0.4167": [0, -1, 1],
            "0.5833": [0, 0, 0],
            "1.0833": [0, -1.5, -1.5]
          }
        },
        "head": {
          "rotation": {
            "0.4167": [-25, 0, 0],
            "1.0833": [-7.5, 0, 0]
          }
        },
        "zanpakutou": {
          "rotation": {
            "0.4167": [0, 0, 0],
            "0.5833": [0, 0, 25],
            "0.8333": [0, 0, 25],
            "1.0833": [53, 15, 30]
          },
          "position": {
            "0.4167": [0, 0, 0],
            "0.5833": [1.5, -1.5, 0],
            "0.8333": [1.5, -1.5, 0],
            "1.0833": [-1, -1.5, -0.5]
          }
        }
      },
      "particle_effects": {
        "0.0833": {
          "effect": "slash_white",
          "locator": "waist_yamamoto"
        },
        "1.0": [
          {
            "effect": "spike_yellow.default",
            "locator": "waist_yamamoto"
          },
          {
            "effect": "smash_white.default",
            "locator": "waist_yamamoto"
          },
          {
            "effect": "expansion_white",
            "locator": "waist_yamamoto"
          }
        ]
      }
    },
    "animation.yamamoto.attack5": {
      "loop": "hold_on_last_frame",
      "animation_length": 2.3,
      "bones": {
        "root": {
          "rotation": {
            "0.0": [0, 0, 0],
            "0.0833": [0, -22.5, 0],
            "0.2083": [11.47719, -11.70835, -0.92955]
          },
          "position": {
            "0.0": [0, 0, 0],
            "0.0833": [0, 0, -2.5],
            "0.2083": [0, -1.5, -1.5]
          }
        },
        "waist": {
          "rotation": {
            "0.0": [0, -7.5, 0],
            "0.0833": [-2.5, 35, 0],
            "0.1667": [0, -37.5, 0],
            "0.25": [0, -47.5, 0],
            "0.3333": [0, 27.5, 0],

            "0.4167": [0, 40, 0],
            "0.5": [12.71188, -22.43976, -0.58525],
            "0.5833": [-2.17901, 17.91254, 3.3704],
            "0.6667": [17.62613, -8.69661, -8.9355],
            "0.7917": [2.99053, 27.73292, 8.07261],
            "0.875": [-4.80867, -24.35311, -0.02139],
            "0.9583": [16.47207, 64.53198, 18.11269],
            "1.0417": [7.69537, -26.85309, -0.03074],
            "1.1667": [-1.70591, 44.35442, -7.16312],
            "1.25": [16.87005, -9.91308, -5.37004],
            "1.3": [0, 40, 0],
            "1.4": [12.71188, -22.43976, -0.58525],
            "1.5": [-2.17901, 17.91254, 3.3704],
            "1.6": [17.62613, -8.69661, -8.9355],
            "1.7": [2.99053, 27.73292, 8.07261],
            "1.8": [-4.80867, -24.35311, -0.02139],
            "1.9": [16.47207, 64.53198, 18.11269],
            "2.0": [7.69537, -26.85309, -0.03074],
            "2.1": [-1.70591, 44.35442, -7.16312],
            "2.2": [16.87005, -9.91308, -5.37004]
          },
          "position": {
            "0.0": [0, 0, 0],
            "0.0833": [0, 0, 0.25],
            "0.125": [0, 0, 0],
            "0.2083": [0, 0, -0.75],
            "0.2917": [0, 0, 0.5],
            "0.375": [0, 0, 1.5],
            "0.4583": [0, 0, 0.25],
            "0.5833": [0, 0, 0.75],
            "0.6667": [-0.75, 0, -0.25],
            "0.75": [-0.75, 0.25, 0.25],
            "0.875": [-0.75, 0, -0.25],
            "1.0417": [0, 0, -0.25],
            "1.25": [0, 0, -0.25],
            "1.3": [0, 0, -0.75],
            "1.4": [0, 0, 0.5],
            "1.5": [0, 0, 1.5],
            "1.6": [0, 0, 0.25],
            "1.7": [0, 0, 0.75],
            "1.8": [-0.75, 0, -0.25],
            "1.9": [-0.75, 0.25, 0.25],
            "2.0": [-0.75, 0, -0.25],
            "2.1": [0, 0, -0.25],
            "2.2": [0, 0, -0.25]
          }
        },
        "rightArm": {
          "rotation": {
            "0.0": [-15.19938, -22.36971, 26.02259],
            "0.0833": [10.7546, 34.96451, 71.15283],
            "0.1667": [-75.09029, -8.13409, -19.27369],
            "0.2917": [-74.4849, -17.7855, -21.96309],

            "0.375": [-15.8315, 6.13853, 101.06822],
            "0.5": [-71.37358, -27.18813, 6.9817],
            "0.625": [-77.91966, 53.45791, 75.34647],
            "0.6667": [-59.44901, -13.34693, 25.88111],
            "0.7917": [162.22263, 64.06863, 239.72682],
            "0.875": [295.56463, -16.69851, 292.57631],
            "0.9583": [393.27247, -14.6653, 414.89236],
            "1.0417": [248.61287, -9.12862, 437.19517],
            "1.1667": [169.71139, -28.29031, 327.6303],
            "1.25": [299.52546, 11.01079, 344.35214],
            "1.3": [-15.8315, 6.13853, 101.06822],
            "1.4": [-71.37358, -27.18813, 6.9817],
            "1.5": [-77.91966, 53.45791, 75.34647],
            "1.6": [-59.44901, -13.34693, 25.88111],
            "1.7": [162.22263, 64.06863, 239.72682],
            "1.8": [295.56463, -16.69851, 292.57631],
            "1.9": [393.27247, -14.6653, 414.89236],
            "2.0": [248.61287, -9.12862, 437.19517],
            "2.1": [169.71139, -28.29031, 327.6303],
            "2.2": [299.52546, 11.01079, 344.35214]
          },
          "position": {
            "0.0": [0, 0, -0.5],

            "0.0417": [0, 0, 1.25],
            "0.1667": [0, 0, 0],
            "0.375": [-0.75, 0.19, -0.59],
            "0.5": [-0.56, 0.52, -2.19],
            "0.875": [0, 1.5, -2],
            "0.9583": [-1, 0.75, -2],
            "1.0417": [-1, -1, -2],
            "1.1667": [-0.75, 1.25, 1],
            "1.25": [-0.5, 0, -1.5],
            "1.3": [0, 0, 1.25],
            "1.4": [0, 0, 0],
            "1.5": [-0.75, 0.19, -0.59],
            "1.6": [-0.56, 0.52, -2.19],
            "1.7": [0, 1.5, -2],
            "1.8": [-1, 0.75, -2],
            "1.9": [-1, -1, -2],
            "2.0": [-0.75, 1.25, 1],
            "2.1": [-0.5, 0, -1.5],
            "2.2": [0, 0, 1.25]
          }
        },
        "zanpakutou": {
          "rotation": {
            "0.0": [0, 0, 0],
            "0.0833": [37.0045, 33.82584, 22.76048],
            "0.1667": [65.76793, 37.92997, 0.55939],

            "0.25": [30.72012, 64.95367, -44.94808],
            "0.375": [68.42512, -1.06986, 5.54873],
            "0.4167": [31.24742, 67.74894, -40.72774],
            "0.5": [65.65302, 67.44176, -5.00954],
            "0.5833": [-3.11285, 59.25415, -0.20691],
            "0.6667": [18.38806, 9.2877, 2.20888],
            "0.875": [69.6693, 7.52766, 0.7272],
            "0.9583": [132.1693, 7.52766, 0.7272],
            "1.0833": [14.6693, 7.52766, 0.7272],
            "1.25": [29.43809, 3.17751, -1.74921],
            "1.3": [30.72012, 64.95367, -44.94808],
            "1.4": [68.42512, -1.06986, 5.54873],
            "1.5": [31.24742, 67.74894, -40.72774],
            "1.6": [65.65302, 67.44176, -5.00954],
            "1.7": [-3.11285, 59.25415, -0.20691],
            "1.8": [18.38806, 9.2877, 2.20888],
            "1.9": [69.6693, 7.52766, 0.7272],
            "2.0": [132.1693, 7.52766, 0.7272],
            "2.1": [14.6693, 7.52766, 0.7272],
            "2.2": [29.43809, 3.17751, -1.74921]
          },
          "position": {

            "0.0833": [0, 0, 0],
            "0.1667": [1.5, 1.75, 0],
            "0.25": [2.5, 3.49, 0.63],
            "0.375": [0.25, 2.34, -0.31],
            "0.5": [2.3, 1.1, -0.5],
            "0.5833": [0, 0, 0],
            "0.875": [0, 3, 1.5],
            "1.0": [-0.25, 3, -2.25],
            "1.0833": [-0.25, 0.5, 0.5],
            "1.1": [0, 0, 0],
            "1.2": [1.5, 1.75, 0],
            "1.3": [2.5, 3.49, 0.63],
            "1.4": [0.25, 2.34, -0.31],
            "1.5": [2.3, 1.1, -0.5],
            "1.6": [0, 0, 0],
            "1.7": [0, 3, 1.5],
            "1.8": [-0.25, 3, -2.25],
            "1.9": [-0.25, 0.5, 0.5]
          }
        },
        "leftArm": {
          "rotation": {
            "0.0": [2.35283, -6.98774, -8.79482],
            "0.0833": [-127.74369, 11.46473, -64.13333],
            "0.125": [-127.74369, 11.46473, -64.13333],

            "0.25": [8.08688, -32.51706, -42.02337],
            "0.375": [-100.06489, 30.56082, -43.2687],
            "0.5": [-1.61776, -21.0727, -14.61238],
            "0.6667": [5.70825, -36.50102, -58.08582],
            "0.75": [-40.42799, -14.06273, -26.91129],
            "0.875": [-49.97525, -20.41486, -23.63115],
            "0.9583": [-97.2559, 1.79593, -69.43952],
            "1.0417": [-36.11405, -26.75129, -24.46202],
            "1.1667": [-98.41824, -36.34773, -23.0163],
            "1.25": [11.48196, 10.11196, -12.51752],
            "1.3": [8.08688, -32.51706, -42.02337],
            "1.4": [-100.06489, 30.56082, -43.2687],
            "1.5": [-1.61776, -21.0727, -14.61238],
            "1.6": [5.70825, -36.50102, -58.08582],
            "1.7": [-40.42799, -14.06273, -26.91129],
            "1.8": [-49.97525, -20.41486, -23.63115],
            "1.9": [-97.2559, 1.79593, -69.43952],
            "2.0": [-36.11405, -26.75129, -24.46202],
            "2.1": [-98.41824, -36.34773, -23.0163],
            "2.2": [11.48196, 10.11196, -12.51752]
          },
          "position": {
            "0.0": [0, 0, 0],
            "0.0833": [0, -2.25, -0.75],

            "0.2083": [0, 0, 1],
            "0.375": [0, 0, -1.58],
            "0.4583": [0, 0, 0.25],
            "0.5833": [0, 0, 0.5],
            "0.7083": [0, 0, -0.75],
            "0.875": [-0.75, 0, 5],
            "0.9583": [0, 0, -1],
            "1.0417": [-1.75, 0, 5],
            "1.125": [0, 0, -0.5],
            "1.25": [0, 0.75, 0.5],
            "1.3": [0, 0, 1],
            "1.4": [0, 0, -1.58],
            "1.5": [0, 0, 0.25],
            "1.6": [0, 0, 0.5],
            "1.7": [0, 0, -0.75],
            "1.8": [-0.75, 0, 5],
            "1.9": [0, 0, -1],
            "2.0": [-1.75, 0, 5],
            "2.1": [0, 0, -0.5],
            "2.2": [0, 0.75, 0.5]
          }
        },
        "leftLeg": {
          "rotation": {
            "0.0": [0, 0, 0],
            "0.0833": [21.98848, -1.65148, -0.81184]
          },
          "position": {
            "0.0": [0, 0, 0],
            "0.0833": [0.25, 0, 0.75]
          }
        },
        "rightLeg": {
          "rotation": {
            "0.0": [0, 0, 0],
            "0.0833": [37.5, 0, 0],
            "0.2083": [-17.2115, 7.68388, 1.8555]
          },
          "position": {
            "0.0": [0, 0, 0],
            "0.125": [0, 1, -3.5],
            "0.2083": [-0.25, 1.75, -0.75]
          },
          "scale": {
            "0.0": [1, 1, 1],
            "0.125": [1, 0.85, 1],
            "0.2083": [1, 1, 1]
          }
        }
      },
      "particle_effects": {
        "0.2": [
          {
            "effect": "yamamoto_cuts",
            "locator": "waist_yamamoto"
          },
          {
            "effect": "yamamoto_cuts2",
            "locator": "waist_yamamoto"
          }
        ],
        "0.4": [
          {
            "effect": "yamamoto_cuts2",
            "locator": "waist_yamamoto"
          },
          {
            "effect": "yamamoto_cuts3",
            "locator": "waist_yamamoto"
          }
        ],
        "0.5": [
          {
            "effect": "yamamoto_cuts2",
            "locator": "waist_yamamoto"
          }
        ],
        "0.7": [
          {
            "effect": "yamamoto_cuts2",
            "locator": "waist_yamamoto"
          },
          {
            "effect": "yamamoto_cuts3",
            "locator": "waist_yamamoto"
          }
        ],
        "0.8": [
          {
            "effect": "yamamoto_cuts",
            "locator": "waist_yamamoto"
          },
          {
            "effect": "yamamoto_cuts2",
            "locator": "waist_yamamoto"
          }
        ],
        "1.0": [
          {
            "effect": "yamamoto_cuts2",
            "locator": "waist_yamamoto"
          },
          {
            "effect": "yamamoto_cuts3",
            "locator": "waist_yamamoto"
          }
        ],
        "1.1": [
          {
            "effect": "yamamoto_cuts2",
            "locator": "waist_yamamoto"
          }
        ],
        "1.3": [
          {
            "effect": "yamamoto_cuts2",
            "locator": "waist_yamamoto"
          },
          {
            "effect": "yamamoto_cuts3",
            "locator": "waist_yamamoto"
          }
        ],
        "1.4": [
          {
            "effect": "yamamoto_cuts",
            "locator": "waist_yamamoto"
          },
          {
            "effect": "yamamoto_cuts2",
            "locator": "waist_yamamoto"
          }
        ],
        "1.6": [
          {
            "effect": "yamamoto_cuts2",
            "locator": "waist_yamamoto"
          },
          {
            "effect": "yamamoto_cuts3",
            "locator": "waist_yamamoto"
          }
        ],
        "1.7": [
          {
            "effect": "yamamoto_cuts2",
            "locator": "waist_yamamoto"
          }
        ],
        "1.9": [
          {
            "effect": "yamamoto_cuts2",
            "locator": "waist_yamamoto"
          },
          {
            "effect": "yamamoto_cuts3",
            "locator": "waist_yamamoto"
          }
        ]
      }
    }
  }
}