{
  "format_version": "1.16.0",
  "minecraft:client_entity": {
    "description": {
      "identifier": "wesl3y:kuroobi",
      "materials": {
        "default": "entity_alphatest"
      },
      "textures": {
        "default": "textures/entity/kuroobi"
      },
      "geometry": {
        "default": "geometry.kuroobi"
      },
      "particle_effects": {
        "shoot.small": "wesl3y:shoot.small"
      },
      "scripts": {
        "pre_animation": [
          "variable.is_first_person = !q.is_alive;",
          "variable.katana = !q.is_alive;",
          "variable.tcos0 = (Math.cos(query.modified_distance_moved * 35) * query.modified_move_speed / variable.gliding_speed_value) * 45;"
        ],//38.17 //57.3
        "animate": [
          "attack_controller",
          "default",
          "humanoid_controller",
          "humanoid_base_pose",
          "look_at_target"
        ]
      },
      "animations": {
        "attack_controller": "controller.animation.attack_controller",
        "humanoid_controller": "controller.animation.humanoid.controller_base",
        "humanoid_base_pose": "animation.humanoid.base_pose",
        "look_at_target": "controller.animation.humanoid.look_at_target",
        "default": "animation.kuroobi.default",
        "look_at_target_ui": "animation.player.look_at_target.ui",
        "look_at_target_default": "animation.humanoid.look_at_target.default",
        "look_at_target_gliding": "animation.humanoid.look_at_target.gliding",
        "look_at_target_swimming": "animation.humanoid.look_at_target.swimming",
        "look_at_target_inverted": "animation.player.look_at_target.inverted",
        "cape": "animation.player.cape",
        "gear_five.jump": "animation.gear_five.jump",
        "jump": "animation.player.jump",
        "move.arms": "animation.player.sprint.arms",
        "move.legs": "animation.player.sprint.legs",
        "sprint.arms": "animation.player.sprint.arms",
        "sprint.legs": "animation.player.sprint.legs",
        "swimming": "animation.player.swim",
        "swimming.legs": "animation.player.swim.legs",
        "riding.arms": "animation.player.riding.arms",
        "riding.legs": "animation.player.riding.legs",
        "holding": "animation.player.holding",
        "charging": "animation.humanoid.charging",
        "attack1": "animation.player.attack1",
        "attack2": "animation.player.attack2",
        "attack3": "animation.player.attack3",
        "sneaking": "animation.player.sneaking",
        "sleeping": "animation.player.sleeping",
        "kill": "animation.player.kill"
      },
      "spawn_egg": {
        "texture": "spawn_egg",
        "texture_index": 57
      },
      "render_controllers": [
        "controller.render.skeleton"
      ],
      "enable_attachables": true
    }
  }
}