{
  "format_version": "1.16.0",
  "minecraft:client_entity": {
    "description": {
      "identifier": "wesl3y:npc",
      "materials": {
        "default": "entity_alphatest"
      },
      "textures": {
        "sanji": "textures/entity/sanji",
        "fishman": "textures/entity/fishman",
        "marine": "textures/entity/marine",
        "wg": "textures/entity/wg"
      },
      "geometry": {
        "sanji": "geometry.sanji",
        "mob_default": "geometry.mob_default",
        "marine": "geometry.pirate"
      },
      "particle_effects": {
        "cigarette": "wesl3y:cigarette",
        "cigarette2": "wesl3y:cigarette2",
        "npc": "wesl3y:npc"
      },
      "scripts": {
        "pre_animation": [
          "variable.tcos0 = (Math.cos(query.modified_distance_moved * 35) * query.modified_move_speed / variable.gliding_speed_value) * 45;"
        ],//38.17 //57.3
        "animate": [
          "look_at_target_controller",
          "npc",
         {"sanji": "q.variant == 0"}
        ]
      },
      "animations": {
        "npc": "animation.npc",
        "sanji": "animation.npc.sanji",
        "look_at_target_controller": "controller.animation.humanoid.look_at_target",
        "move_controller": "controller.animation.mobs.test",
        "riding_controller": "controller.animation.humanoid.riding",
        "attack_controller": "controler.animation.mobs_attack",
        "look_at_target_default": "animation.humanoid.look_at_target.default",
        "look_at_target_gliding": "animation.humanoid.look_at_target.gliding",
        "look_at_target_swimming": "animation.humanoid.look_at_target.swimming",
        "gear_five.jump": "animation.gear_five.jump",
        "jump": "animation.player.jump",
        "move.arms": "animation.player.move.arms",
        "move.legs": "animation.player.move.legs",
        "riding.arms": "animation.humanoid.riding.arms",
        "riding.legs": "animation.humanoid.riding.legs",
        "attack.rotations": "animation.humanoid.attack.rotations",
        "attack1": "animation.katakuri.attack1",
        "attack2": "animation.katakuri.attack2",
        "attack3": "animation.katakuri.attack3",
        "attack4": "animation.katakuri.attack4",
        "combo1": "animation.katakuri.combo1",
        "combo2": "animation.katakuri.combo2",
        "combo3": "animation.katakuri.combo3"
      },
      "spawn_egg": {
        "texture": "spawn_egg",
        "texture_index": 57
      },
      "render_controllers": [
        "controller.render.new_npc"
      ],
      "enable_attachables": true
    }
  }
}