{
  "format_version": "1.16.0",
  "minecraft:client_entity": {
    "description": {
      "identifier": "wesl3y:smoker",
      "materials": {
        "default": "entity_alphatest"
      },
      "textures": {
        "default": "textures/entity/smoker"
      },
      "geometry": {
        "default": "geometry.smoker"
      },
      "scripts": {
        "pre_animation": [
          "variable.tcos0 = (Math.cos(query.modified_distance_moved * 35) * query.modified_move_speed / variable.gliding_speed_value) * 45;"
        ],//38.17 //57.3
        "animate":[
          "attack_controller",
          "look_at_target_controller",
          "move_controller",
          "riding_controller"
        ]
      },
      "animations": {
        "attack_controller": "controller.animation.attacking",
        "look_at_target_controller": "controller.animation.humanoid.look_at_target",
        "move_controller": "controller.animation.mobs.move",
        "riding_controller": "controller.animation.humanoid.riding",
        "look_at_target_default": "animation.humanoid.look_at_target.default",
        "look_at_target_gliding": "animation.humanoid.look_at_target.gliding",
        "look_at_target_swimming": "animation.humanoid.look_at_target.swimming",
        "move.arms": "animation.test.move.arms",
        "move.legs": "animation.test.move.legs",
        "riding.arms": "animation.humanoid.riding.arms",
        "riding.legs": "animation.humanoid.riding.legs",
        "attack.rotations": "animation.humanoid.attack.rotations",
        "attack1": "animation.combat.attack1",
        "attack2": "animation.combat.attack2",
        "attack3": "animation.combat.attack3"
      },
      "spawn_egg": {
        "texture": "spawn_egg",
        "texture_index": 57
      },
      "render_controllers": [
        "controller.render.skeleton"
      ],
      "enable_attachables": true
    }
  }
}