{
  "format_version": "1.13.0",
  "minecraft:entity": {
    "description": {
      "identifier": "one:amaterasu",
      "is_spawnable": false,
      "is_summonable": true,
      "is_experimental": false
    },
    "component_groups": {
    },

    "components": {
      "minecraft:type_family": {
        "family": [ "bat", "mob", "attack" ]
      },
      "minecraft:breathable": {
        "total_supply": 15,
        "suffocate_time": 0
      },
      "minecraft:explode": {
        "fuseLength": 1.5,
        "fuseLit": true,
        "power": 0,
        "causesFire": false,
        "destroyAffectedByGriefing": true
      },
      "minecraft:collision_box": {
        "width": 0.5,
        "height": 0.9
      },
	    "minecraft:timer": {
	    "looping": true,
	    "randomInterval": false,
	    "time": 0.01,
       	"time_down_event": {
      	"event": "minecraft:event_effect"
	      }
	    },
      "minecraft:damage_sensor": {
        "triggers": {
          "cause": "all",
          "deals_damage": false
        }
      },
      "minecraft:hurt_on_condition": {
        "damage_conditions": [
          {
            "filters": { "test": "in_lava", "subject": "self", "operator": "==", "value": true },
            "cause": "lava",
            "damage_per_tick": 4
          }
        ]
      },
      "minecraft:movement": {
        "value": 0.1
      },
      "minecraft:navigation.float": {	
        "can_path_over_water": true	
      },
      "minecraft:movement.basic": {
      },
      "minecraft:jump.static": {
      },
      "minecraft:behavior.float": {
        "priority": 0
      },
      "minecraft:behavior.float_wander": {
        "xz_dist": 10,
        "y_dist": 7,
        "y_offset": -2.0,
        "random_reselect": true,
        "float_duration": [ 0.1, 0.35 ]
      },
      "minecraft:can_fly": {
      },
      "minecraft:health": {
        "value": 6,
        "max": 6
      },
      "minecraft:nameable": {
      },
      "minecraft:physics": {
      }
    },

    "events": {
      "minecraft:event_effect": {
       "run_command": {
          "command": [
                 "particle one:amaterasu_fly ~~~"
          ]
        }
      }
    }
  }
}
