{
	"format_version": "1.8.0",
	"minecraft:entity": {
		"description": {
			"identifier": "one:beerus_energy",
			"is_spawnable": false,
			"is_summonable": true,
			"is_experimental": false,
	  	"runtime_identifier": "minecraft:egg"
    },

		"components": {
			"minecraft:type_family": {
				"family": ["fantasma","snowball","beerus"]
			},
			"minecraft:collision_box": {
				"width": 1,
				"height": 1
			},
      "minecraft:transformation": {
        "into": "one:despawn",
        "delay": 2.5
      },
	    "minecraft:timer": {
	    "looping": true,
	    "randomInterval": false,
	    "time": 0.01,
       	"time_down_event": {
      	"event": "minecraft:event_effect"
	      }
	    },
			"minecraft:projectile": {

				"onHit": {
					"impact_damage": {
						"damage": 8,
						"knockback": true,
						"semirandomdiffdamage": false,
						"destroyonhit": false
					},
          "stick_in_ground": {
            "shake_time": 0.3
          },
          "arrow_effect": {}
				},

				"power": 1.15,
				"gravity": 0,
				"inertia": 1,
    		"liquid_inertia": 1,
				"uncertaintyBase": 0,
				"uncertaintyMultiplier": 0,
				"anchor": 0.5,
				"offset": [0, -0.1, 0],
				"reflectOnHurt": false,
				"catchFire": false
			},
      "minecraft:conditional_bandwidth_optimization": {
        "default_values": {
          "max_optimized_distance": 80.0,
          "max_dropped_ticks": 10,
          "use_motion_prediction_hints": true
        }
      },
			"minecraft:physics": {}
		},
		"events": {
		}
	}
}
