{
	"format_version": "1.8.0",
	"minecraft:entity": {
		"description": {
			"identifier": "one:beerus_orb",
			"is_spawnable": false,
			"is_summonable": true,
			"is_experimental": false,
	  	"runtime_identifier": "minecraft:egg",
      "scripts": {
        "animate": [ "tp" ]
      },
      "animations": {
        "tp": "controller.animation.tp"
      }
    },

		"component_groups": {
			"minecraft:exploding": {
				"minecraft:explode": {
					"fuseLength": 0,
					"fuseLit": true,
					"power": 0,
          "destroyAffectedByGriefing": true,
					"causesFire": false
				}
			}
		},


		"components": {
			"minecraft:type_family": {
				"family": ["fantasma","snowball"]
			},
			"minecraft:collision_box": {
				"width": 1,
				"height": 1
			},
      "minecraft:transformation": {
        "into": "one:despawn",
        "delay": 3.0
      },
	    "minecraft:timer": {
	    "looping": false,
	    "randomInterval": false,
	    "time": 2.5,
       	"time_down_event": {
      	"event": "minecraft:explode"
	      }
	    },
			"minecraft:projectile": {

				"onHit": {
					"impact_damage": {
						"damage": 25,
						"knockback": true,
						"semirandomdiffdamage": false,
						"destroyonhit": false
					},
					"definition_event": {
						"affectProjectile": true,
						"eventTrigger": {
							"event": "minecraft:explode",
							"target": "self"
						}
					}
				},

				"power": 1.5,
				"gravity": 0,
				"inertia": 1,
    		"liquid_inertia": 1,
				"uncertaintyBase": 0,
				"uncertaintyMultiplier": 0,
				"anchor": 0.5,
				"offset": [0, 0.5, 0],
				"reflectOnHurt": false,
				"catchFire": false
			},
      "minecraft:conditional_bandwidth_optimization": {
        "default_values": {
          "max_optimized_distance": 80.0,
          "max_dropped_ticks": 10,
          "use_motion_prediction_hints": true
        }
      },
			"minecraft:physics": {}
		},
		"events": {
      "minecraft:event_effect": {
       "run_command": {
          "command": [
                 "tp @s ^^^1 facing @e[r=10,family=!attack,family=!snowball,type=!item,type=!xp_orb,c=1]"
          ]
        }
      },
			"minecraft:explode": {
      "run_command": {
          "command": [
                 "particle one:beerus_orb ~~~", "tp @e[r=15,rm=0.01,tag=!orb,family=!attack] ~~~", "damage @e[r=1,tag=!orb] 5 entity_attack entity @s", "summon one:explosion ~~~ one:explode8", "playsound explosion @a[r=50] ~~~ 1 0.9 0", "camerashake add @a[r=3] 0.5 3 positional", "tag @a remove orb"
          ]
        },
				"add": {
					"component_groups": [
						"minecraft:exploding"
					]
				}
			}
		}
	}
}
