{
	"format_version": "1.8.0",
	"minecraft:entity": {
		"description": {
			"identifier": "one:gomu_redhawk",
			"is_spawnable": false,
			"is_summonable": true,
			"is_experimental": false,
	  	"runtime_identifier": "minecraft:egg",
      "scripts": {
        "animate": [ "particle" ]
      },
      "animations": {
        "particle": "controller.animation.particle"
      }
    },

		"components": {
			"minecraft:type_family": {
				"family": ["fantasma","snowball"]
			},
			"minecraft:collision_box": {
				"width": 1,
				"height": 1
			},
      "minecraft:transformation": {
        "into": "one:despawn",
        "delay": 1.0
      },
	    "minecraft:timer": {
	    "looping": true,
	    "randomInterval": false,
	    "time": 0.1,
       	"time_down_event": {
      	"event": "minecraft:event_effect"
	      }
	    },
			"minecraft:projectile": {

				"onHit": {
					"impact_damage": {
						"damage": 20,
						"knockback": true,
						"semirandomdiffdamage": false,
						"destroyonhit": false
					},
          "stick_in_ground": {
            "shake_time": 0.1
          },
          "arrow_effect": {}
				},

				"power": 1.25,
				"gravity": 0,
				"inertia": 1,
    		"liquid_inertia": 1,
				"uncertaintyBase": 0,
				"uncertaintyMultiplier": 0,
				"anchor": 0.5,
				"offset": [0, -0.1, 0],
				"reflectOnHurt": false,
				"catchFire": true
			},
      "minecraft:conditional_bandwidth_optimization": {
        "default_values": {
          "max_optimized_distance": 80.0,
          "max_dropped_ticks": 10,
          "use_motion_prediction_hints": true
        }
      },
			"minecraft:physics": {}
		},
		"events": {
      "minecraft:event_effect": {
       "run_command": {
          "command": [
                 "tp @e[r=1,rm=0.01,family=!attack] ~~~"
          ]
        }
      }
		}
	}
}
