{
	"format_version": "1.8.0",
	"minecraft:entity": {
		"description": {
			"identifier": "one:gunbai_wind",
			"is_spawnable": false,
			"is_summonable": true,
			"is_experimental": false,
	  	"runtime_identifier": "minecraft:egg"
    },

		"components": {
			"minecraft:type_family": {
				"family": ["fantasma","snowball","attack"]
			},
			"minecraft:collision_box": {
				"width": 1,
				"height": 1
			},
      "minecraft:transformation": {
        "into": "one:despawn",
        "delay": 1.0
      },
	    "minecraft:timer": {
	    "looping": true,
	    "randomInterval": false,
	    "time": 0.01,
       	"time_down_event": {
      	"event": "minecraft:event_effect"
	      }
	    },
			"minecraft:projectile": {

				"onHit": {
					"impact_damage": {
						"damage": 12,
						"knockback": true,
						"semirandomdiffdamage": false,
						"destroyonhit": false
					},
          "stick_in_ground": {
            "shake_time": 0.1
          },
          "arrow_effect": {}
				},

				"power": 1.35,
				"gravity": 0,
				"inertia": 1,
    		"liquid_inertia": 1,
				"uncertaintyBase": 0,
				"uncertaintyMultiplier": 0,
				"anchor": 0.5,
				"offset": [0, 0.5, 1],
				"reflectOnHurt": false,
				"catchFire": false
			},
      "minecraft:conditional_bandwidth_optimization": {
        "default_values": {
          "max_optimized_distance": 80.0,
          "max_dropped_ticks": 10,
          "use_motion_prediction_hints": true
        }
      },
			"minecraft:physics": {}
		},
		"events": {
      "minecraft:event_effect": {
        "sequence": [
              {
                "filters": {
                  "all_of": [
                    {
                      "test": "on_ground",
                      "value": false
                    }
                  ]
                },
                "run_command": {
                   "command": [
                      "tp @e[r=3,rm=0.01,family=!attack] ^^^0.1",
                      "particle one:gunbai_wind ~~~",
                      "playsound random.fizz @a[r=15] ~~~ 0.8 1.25 0"
              ]
            }
          },
          {
                "filters": {
                  "all_of": [
                    {
                      "test": "on_ground",
                      "value": true
                    }
                  ]
                },
                "run_command": {
                   "command": [
                      "playsound mob.blaze.shoot @a[r=50] ~~~ 1.1 1.15 0",
                      "kill @s"
              ]
            }
          }
        ]
      }
		}
	}
}
