{
	"format_version": "1.8.0",
	"minecraft:entity": {
		"description": {
			"identifier": "one:kunai_paper_bomb",
			"is_spawnable": false,
			"is_summonable": true,
			"is_experimental": false,
	  	"runtime_identifier": "minecraft:egg"
    },

		"component_groups": {
			"minecraft:exploding": {
				"minecraft:explode": {
					"fuseLength": 0,
					"fuseLit": true,
					"power": 3,
          "destroyAffectedByGriefing": true,
					"causesFire": false
				}
			}
		},


		"components": {
			"minecraft:type_family": {
				"family": ["fantasma","snowball","throw"]
			},
			"minecraft:collision_box": {
				"width": 0.5,
				"height": 0.5
			},
      "minecraft:entity_sensor": {
        "sensor_range": 0.5,
        "minimum_count": 1,
        "event": "minecraft:explode"
      },
      "minecraft:transformation": {
        "into": "one:despawn",
        "delay": 5.0
      },
			"minecraft:projectile": {

				"onHit": {
					"impact_damage": {
						"damage": [ 2, 3 ],
						"knockback": true,
						"semirandomdiffdamage": false,
						"destroyonhit": false
					},
					"definition_event": {
						"affectProjectile": true,
						"eventTrigger": {
							"event": "minecraft:explode",
							"target": "self"
						}
					},
          "stick_in_ground": {
            "shake_time": 0.3
          },
          "arrow_effect": {}
				},

				"power": 1.5,
				"gravity": 0.025,
				"inertia": 1,
    		"liquid_inertia": 1,
				"uncertaintyBase": 0,
				"uncertaintyMultiplier": 0,
				"anchor": 1,
				"offset": [0, -0.1, 0],
				"reflectOnHurt": false,
				"catchFire": false
			},
      "minecraft:conditional_bandwidth_optimization": {
        "default_values": {
          "max_optimized_distance": 80.0,
          "max_dropped_ticks": 10,
          "use_motion_prediction_hints": true
        }
      },
			"minecraft:physics": {}
		},
		"events": {
			"minecraft:explode": {
      "run_command": {
          "command": [
                 "particle minecraft:camera_shoot_explosion ~~~"
          ]
        },
				"add": {
					"component_groups": [
						"minecraft:exploding"
					]
				}
			}
		}
	}
}
