{
  "format_version": "1.16.0",
  "minecraft:entity": {
    "description": {
      "identifier": "one:lawfy",
      "is_spawnable": true,
      "is_summonable": true,
      "is_experimental": false,
      "scripts":{
        "animate":["mob","trade"]
      },
      "animations":{
        "mob":"controller.animation.mob",
        "trade":"controller.animation.trade"
      }
    },
    "component_groups":{
			"despawn": {
      "minecraft:instant_despawn": {}
		 },
     "trade": {
     "minecraft:trade_table": {
       "display_name": "§6Lawfy",
       "table": "trades/lawfy.json",
       "convert_trades_economy": false
       },
      "minecraft:movement": {
        "value": 0.1
       }
		 },
     "trade_off": {
      "minecraft:movement": {
        "value": 0.32
       }
		 }
   },
    "components": {
      "minecraft:type_family": {
        "family": ["mob"]
      },
      "minecraft:behavior.nearest_attackable_target": {
        "priority": 0,
        "must_see": true,
        "reselect_targets": false,
        "entity_types": [
          {
            "filters":{
              "all_of": [
                { "test": "is_family", "subject": "other", "value": "none" }
              ]
            },
            "max_dist": 64
          }
        ]
      },
      "minecraft:behavior.hurt_by_target": {
        "priority": 1
      },
      "minecraft:boss": {
        "name": "§6Lawfy - 200 HP",
        "should_darken_sky": true,
        "hud_range": 10
      },
      "minecraft:follow_range": {
        "value": 32,
        "max": 32
      },
      "minecraft:health": {
        "value": 200,
        "max": 200
      },
      "minecraft:attack":{
        "damage": 10
      },
      "minecraft:nameable": {
      },
      "minecraft:scale":{
        "value":1.10
      },
      "minecraft:loot":{
        "table":"loot_tables/entities/lawfy.json"
      },
      "minecraft:collision_box": {
        "width": 0.6,
        "height": 1.9
      },
      "minecraft:damage_sensor": {
        "triggers": [
          {
            "on_damage": {
              "filters": {
                "all_of": [
                  {
                    "test": "has_damage",
                    "value":"fatal"
                  },
                  {
                    "test": "is_family",
                    "subject": "other",
                    "value": "player"
                  }
                ]
              },
              "event":"kill",
              "target":"self"
             }
           },
			 	   {
				  		"on_damage": {
								"filters": {
                  "any_of": [
                {
									"test": "is_family",
                  "subject": "other",
									"value": "player"
								},
                {
									"test": "is_family",
                  "subject": "other",
									"value": "mob"
								}
               ]
				  		},
					  	"event": "hit"
				  	 },
						"deals_damage": true
           }
         ]
       },
      "minecraft:movement.basic": {
      },
      "minecraft:navigation.walk": {
        "is_amphibious": true,
        "can_pass_doors":true,
        "can_break_doors":false,
        "can_walk":true,
        "can_open_doors": true,
        "can_path_over_water": true
      },
      "minecraft:jump.static": {},
      "minecraft:can_climb": {
      },
      "minecraft:hurt_on_condition": {
        "damage_conditions": [
          {
            "filters": {
              "test": "in_lava",
              "subject": "self",
              "operator": "==",
              "value": true
            },
            "cause": "lava",
            "damage_per_tick": 4
          }
        ]
      },
      "minecraft:breathable": {},
      "minecraft:despawn": {
        "despawn_from_distance": {}
      },
      "minecraft:behavior.melee_attack": {
        "priority": 4,
        "speed_multiplier": 1.5,
        "track_target": true
      },
      "minecraft:behavior.random_stroll": {
        "priority": 6,
        "speed_multiplier": 1
      },
      "minecraft:behavior.look_at_player": {
        "priority": 9,
        "look_distance": 10,
        "probability": 0.02
      },
      "minecraft:behavior.random_look_around":{
        "priority":7,
        "speed_multiplier":1
      },
      "minecraft:physics": {
      },
      "minecraft:pushable": {
        "is_pushable": true,
        "is_pushable_by_piston": true
      },
      "minecraft:conditional_bandwidth_optimization": {
      },
      "minecraft:experience_reward": {
        "on_death": "query.last_hit_by_player ? 30 + (query.equipment_count * Math.Random(1,3)) : 0"
      },
      "minecraft:behavior.float": {
        "priority": 0
      }
    },
    "events":{
      "minecraft:entity_spawned":{
       "add": {
          "component_groups": [
                 "calm", "trade"
          ]
        }
      },
      "minecraft:entity_despawn": {
        "add": {
          "component_groups": [
            "despawn"
          ]
        }
      },
      "trade_on": {
        "add": {
          "component_groups": [
            "trade"
          ]
        },
        "remove": {
          "component_groups": [
            "trade_off"
          ]
        }
      },
      "trade_off": {
        "add": {
          "component_groups": [
            "trade_off"
          ]
        },
        "remove": {
          "component_groups": [
            "trade"
          ]
        }
      },
      "kill": {
        "run_command": {
          "command": [ "playsound kill @a[r=30]", "tellraw @s {\"rawtext\":[{\"text\":\"§bXp +20\"}]}", "scoreboard players add @s xp 20" ],
          "target": "other"
        }
      },
      "hit": {
        "randomize": [
          {
            "weight": 1,
        "sequence": [
          {
        "run_command":{
          "command": [ "particle one:blood", "playsound punch_critical @a[r=20] ~~~ 1 1" ]
          }
        },
        {
        "run_command":{
          "command": [ "effect @s instant_health 1 0" ],
            "target": "other"
             }
            }
           ]
          },
          {
            "weight": 1,
        "sequence": [
          {
        "run_command":{
          "command": [ "particle one:blood", "playsound punch_critical @a[r=20] ~~~ 1 1.5" ]
          }
        },
        {
        "run_command":{
          "command": [ "effect @s instant_health 1 0" ],
            "target": "other"
             }
            }
           ]
          },
          {
            "weight": 1,
        "sequence": [
          {
        "run_command":{
          "command": [ "particle one:blood", "playsound punch_critical @a[r=20] ~~~ 1 2" ]
          }
        },
        {
        "run_command":{
          "command": [ "effect @s instant_health 1 0" ],
            "target": "other"
             }
            }
           ]
          },
          {
            "weight": 1,
        "sequence": [
          {
        "run_command":{
          "command": [ "particle one:blood", "playsound punch_critical @a[r=20] ~~~ 1 0.75" ]
          }
        },
        {
        "run_command":{
          "command": [ "effect @s instant_health 1 0" ],
            "target": "other"
             }
            }
           ]
          },
          {
            "weight": 5,
      	  	"run_command": {
	            "command": [ "playsound punch1 @a[r=20] ~~~ 1 1" ]
	        	}
          },
          {
            "weight": 5,
      	  	"run_command": {
	            "command": [ "playsound punch1 @a[r=20] ~~~ 1 1.5" ]
	        	}
          },
          {
            "weight": 5,
      	  	"run_command": {
	            "command": [ "playsound punch1 @a[r=20] ~~~ 1 0.75" ]
	        	}
          },
          {
            "weight": 5,
      	  	"run_command": {
	            "command": [ "playsound punch2 @a[r=20] ~~~ 1 1" ]
	        	}
          },
          {
            "weight": 5,
      	  	"run_command": {
	            "command": [ "playsound punch2 @a[r=20] ~~~ 1 1.5" ]
	        	}
          },
          {
            "weight": 5,
      	  	"run_command": {
	            "command": [ "playsound punch2 @a[r=20] ~~~ 1 0.75" ]
	        	}
          }
        ]
      }
    }
  }
}
