{
  "format_version": "1.10.0",
  "minecraft:entity": {
    "description": {
      "identifier": "one:lightning_slash",
      "is_spawnable": false,
      "is_summonable": true,
      "is_experimental": false
    },
		"component_groups": {
		},
    "components": {
      "minecraft:type_family": {
        "family": [
          "tnt","attack"
        ]
      },
      "minecraft:transformation": {
      "into": "one:despawn",
      "delay": 1.0
     },
      "minecraft:explode": {
        "fuseLength": 1,
        "fuseLit": true,
        "power": 0,
        "causesFire": false,
        "destroyAffectedByGriefing": true
      },
      "minecraft:collision_box": {
        "width": 0,
        "height": 0
      },
      "minecraft:damage_sensor": [
        {
          "cause": "any",
          "deals_damage": false
        }
      ],
       "minecraft:physics": {
        "has_gravity": false,
        "has_collision": false
      }
    },
		"events": {
			"minecraft:entity_spawned": {
       "run_command": {
          "command": [
                 "playsound ambient.weather.thunder @a[r=25] ~~~ 1 0.8",
                 "playsound ambient.weather.lightning.impact @a[r=25] ~~~ 1.15 0.95"
          ]
        }
			}
		}
  }
}
