{
	"format_version": "1.8.0",
	"minecraft:entity": {
		"description": {
			"identifier": "one:lions_strike",
			"is_spawnable": false,
			"is_summonable": true,
			"is_experimental": false,
	  	"runtime_identifier": "minecraft:egg"
    },

		"component_groups": {
			"minecraft:exploding": {
				"minecraft:explode": {
					"fuseLength": 0.1,
					"fuseLit": true,
					"power": 0,
          "destroyAffectedByGriefing": true,
					"causesFire": false
				}
			}
		},

		"components": {
			"minecraft:type_family": {
				"family": ["fantasma","snowball"]
			},
			"minecraft:collision_box": {
				"width": 1.5,
				"height": 1.5
			},
	    "minecraft:timer": {
	    "looping": false,
	    "randomInterval": false,
	    "time": 0.5,
       	"time_down_event": {
      	"event": "minecraft:explode"
	      }
	    },
      "minecraft:transformation": {
        "into": "one:despawn",
        "delay": 1.0
      },
			"minecraft:projectile": {

				"onHit": {
          "stick_in_ground": {},
					"impact_damage": {
						"damage": 15,
						"knockback": true,
						"semirandomdiffdamage": false,
						"destroyonhit": false
					}
				},

				"power": 2.0,
				"gravity": 0,
				"inertia": 1,
    		"liquid_inertia": 1,
				"uncertaintyBase": 0,
				"uncertaintyMultiplier": 0,
				"anchor": 0.5,
				"offset": [0, 0.5, 0],
				"reflectOnHurt": false,
				"catchFire": false
			},
      "minecraft:conditional_bandwidth_optimization": {
        "default_values": {
          "max_optimized_distance": 80.0,
          "max_dropped_ticks": 10,
          "use_motion_prediction_hints": true
        }
      },
			"minecraft:physics": {}
		},
		"events": {
			"minecraft:explode": {
      "run_command": {
          "command": [
                 "tp @p[tag=lions_tp] ~~~", "playsound explosion @a[r=15] ~~~ 1 0.9 0", "camerashake add @a[r=5] 0.5 2 positional", "execute at @e[tag=lstk] run particle one:lions_strike ~~~", "playanimation @a[r=1,tag=lions_tp] animation.lions_strike", "tag @a[r=1] remove lions_tp", "tag @e remove lstk"
          ]
        },
				"add": {
					"component_groups": [
						"minecraft:exploding"
					]
				}
			}
		}
	}
}
