{
  "format_version": "1.16.0",
  "minecraft:entity": {
    "description": {
      "identifier": "one:madara",
      "is_spawnable": true,
      "is_summonable": true,
      "is_experimental": false,
      "scripts":{
        "animate":["mob","mobatk"]
      },
      "animations":{
        "mob":"controller.animation.madara",
        "mobatk":"controller.animation.mobatk"
      }
    },
    "component_groups":{
			"despawn": {
      "minecraft:instant_despawn": {}
			},
	  "minecraft:madara_clone": {
        "minecraft:spawn_entity": {
          "entities": {
            "min_wait_time": 0,
            "max_wait_time": 0,
            "spawn_entity": "one:madara_clone2",
            "single_use": true,
            "num_to_spawn": 3
        }
      }
	  },
	  "minecraft:smallfireball1": {
        "minecraft:spawn_entity": {
          "entities": {
            "min_wait_time": 0,
            "max_wait_time": 0,
            "spawn_entity": "one:smallfireball",
            "spawn_event": "minecraft:event_fireball1",
            "single_use": true,
            "num_to_spawn": 1
        }
      }
	  },
	  "minecraft:smallfireball2": {
        "minecraft:spawn_entity": {
          "entities": {
            "min_wait_time": 0,
            "max_wait_time": 0,
            "spawn_entity": "one:smallfireball",
            "spawn_event": "minecraft:event_fireball2",
            "single_use": true,
            "num_to_spawn": 1
        }
      }
	  },
	  "minecraft:smallfireball3": {
        "minecraft:spawn_entity": {
          "entities": {
            "min_wait_time": 0,
            "max_wait_time": 0,
            "spawn_entity": "one:smallfireball",
            "spawn_event": "minecraft:event_fireball3",
            "single_use": true,
            "num_to_spawn": 1
        }
      }
	  },
	  "minecraft:smallfireball4": {
        "minecraft:spawn_entity": {
          "entities": {
            "min_wait_time": 0,
            "max_wait_time": 0,
            "spawn_entity": "one:smallfireball",
            "spawn_event": "minecraft:event_fireball4",
            "single_use": true,
            "num_to_spawn": 1
        }
      }
	  },
      "calm": {
        "minecraft:mark_variant": {
          "value": 0
        },
        "minecraft:behavior.melee_attack": {
          "priority": 4,
          "speed_multiplier": 1.5,
          "track_target": true
        },
      "minecraft:timer": {
        "time": [ 3, 5 ],
        "looping": true,
   	    "randomInterval": true,
        "time_down_event": {
          "event": "minecraft:random_event"
        }
      }
    },
	  "minecraft:skill_1": {
        "minecraft:mark_variant":{ "value":1 },
        "minecraft:timer": {
          "time": 4.0,
          "looping": true,
          "time_down_event": {
            "event": "calm"
        }
      }
	  },
	  "minecraft:skill_2": {
        "minecraft:mark_variant":{ "value":2 },
        "minecraft:timer": {
          "time": 2.0,
          "looping": true,
          "time_down_event": {
            "event": "calm"
        }
      }
	  },
	  "minecraft:skill_3": {
        "minecraft:mark_variant":{ "value":3 },
        "minecraft:timer": {
          "time": 5.0,
          "looping": true,
          "time_down_event": {
            "event": "calm"
         }
       }
	   }
   },
    "components": {
      "minecraft:type_family": {
        "family": ["mob"]
      },
      "minecraft:behavior.nearest_attackable_target": {
        "priority": 0,
        "must_see": true,
        "reselect_targets": false,
        "entity_types": [
          {
            "filters":{
              "all_of": [
                { "test": "is_family", "subject": "other", "value": "none" }
              ]
            },
            "max_dist": 64
          }
        ]
      },
      "minecraft:behavior.hurt_by_target": {
        "priority": 1
      },
      "minecraft:behavior.equip_item": {
        "priority": 3
      },
     "minecraft:equipment": {
        "table": "loot_tables/equip/madara.json"
      },
      "minecraft:equip_item": {
      },
      "minecraft:boss": {
        "name": "§cMadara §e[Boss] - 200 HP",
        "should_darken_sky": true,
        "hud_range": 10
      },
      "minecraft:follow_range": {
        "value": 32,
        "max": 32
      },
      "minecraft:movement": {
        "value": 0.32
      },
      "minecraft:health": {
        "value": 200,
        "max": 200
      },
      "minecraft:attack":{
        "damage": 10
      },
      "minecraft:nameable": {
      },
      "minecraft:scale":{
        "value":1.02
      },
      "minecraft:collision_box": {
        "width": 0.6,
        "height": 1.9
      },
      "minecraft:damage_sensor": {
        "triggers": [
          {
            "on_damage": {
              "filters": {
                "all_of": [
                  {
                    "test": "has_damage",
                    "value":"fatal"
                  },
                  {
                    "test": "is_family",
                    "subject": "other",
                    "value": "player"
                  }
                ]
              },
              "event":"kill",
              "target":"self"
             }
           },
					 {
							"on_damage": {
								"filters": {
                  "any_of": [
                {
									"test": "is_family",
                  "subject": "other",
									"value": "player"
								},
                {
									"test": "is_family",
                  "subject": "other",
									"value": "mob"
								}
               ]
				  		},
					  	"event": "hit"
				  	 },
						"deals_damage": true
           }
         ]
       },
      "minecraft:movement.basic": {
      },
      "minecraft:navigation.walk": {
        "is_amphibious": true,
        "can_pass_doors":true,
        "can_break_doors":false,
        "can_walk":true,
        "can_open_doors": true,
        "can_path_over_water": true
      },
      "minecraft:jump.static": {},
      "minecraft:can_climb": {
      },
      "minecraft:hurt_on_condition": {
        "damage_conditions": [
          {
            "filters": {
              "test": "in_lava",
              "subject": "self",
              "operator": "==",
              "value": true
            },
            "cause": "lava",
            "damage_per_tick": 4
          }
        ]
      },
      "minecraft:breathable": {},
      "minecraft:despawn": {
        "despawn_from_distance": {}
      },
      "minecraft:behavior.random_stroll": {
        "priority": 6,
        "speed_multiplier": 1
      },
      "minecraft:behavior.look_at_player": {
        "priority": 9,
        "look_distance": 10,
        "probability": 0.02
      },
      "minecraft:behavior.random_look_around":{
        "priority":7,
        "speed_multiplier":1
      },
      "minecraft:physics": {
      },
      "minecraft:pushable": {
        "is_pushable": true,
        "is_pushable_by_piston": true
      },
      "minecraft:conditional_bandwidth_optimization": {
      },
      "minecraft:experience_reward": {
        "on_death": "query.last_hit_by_player ? 30 + (query.equipment_count * Math.Random(1,3)) : 0"
      },
      "minecraft:behavior.float": {
        "priority": 0
      }
    },
    "events":{
      "minecraft:entity_spawned":{
       "add": {
          "component_groups": [
                 "calm"
          ]
        }
      },
      "minecraft:entity_despawn": {
        "add": {
          "component_groups": [
            "despawn"
          ]
        }
      },
	  "minecraft:event_madara_clone": {
	    "add": { "component_groups": [ "minecraft:madara_clone" ] }},
	  "minecraft:event_smallfireball1": {
	    "add": { "component_groups": [ "minecraft:smallfireball1" ] }},
	  "minecraft:event_smallfireball2": {
	    "add": { "component_groups": [ "minecraft:smallfireball2" ] }},
	  "minecraft:event_smallfireball3": {
	    "add": { "component_groups": [ "minecraft:smallfireball3" ] }},
	  "minecraft:event_smallfireball4": {
	    "add": { "component_groups": [ "minecraft:smallfireball4" ] }},
	  "minecraft:event_skill_1": {
       "remove": {
          "component_groups": [
                 "calm"
          ]
        },
	    "add": { "component_groups": [ "minecraft:skill_1" ] }
	    },
	  "minecraft:event_skill_2": {
       "remove": {
          "component_groups": [
                 "calm"
          ]
        },
	    "add": { "component_groups": [ "minecraft:skill_2" ] }
	    },
	  "minecraft:event_skill_3": {
       "remove": {
          "component_groups": [
                 "calm"
          ]
        },
	    "add": { "component_groups": [ "minecraft:skill_3" ] }
	    },
	  "calm": {
       "add": {
          "component_groups": [
                 "calm"
          ]
        },
	    "remove": { "component_groups": [ "minecraft:skill_1", "minecraft:skill_2", "minecraft:skill_3" ] }
	    },
      "kill": {
        "run_command": {
          "command": [ "playsound kill @a[r=30]", "tellraw @s {\"rawtext\":[{\"text\":\"§bXp +75\"}]}", "tellraw @s {\"rawtext\":[{\"text\":\"§aBoss Unlocked: §4Madara\"}]}", "scoreboard players add @s xp 75", "tag @s add boss_madara" ],
          "target": "other"
        }
      },
      "hit": {
        "randomize": [
          {
            "weight": 1,
        "sequence": [
          {
        "run_command":{
          "command": [ "particle one:blood", "playsound punch_critical @a[r=20] ~~~ 1 1" ]
          }
        },
        {
        "run_command":{
          "command": [ "effect @s instant_health 1 0" ],
            "target": "other"
             }
            }
           ]
          },
          {
            "weight": 1,
        "sequence": [
          {
        "run_command":{
          "command": [ "particle one:blood", "playsound punch_critical @a[r=20] ~~~ 1 1.5" ]
          }
        },
        {
        "run_command":{
          "command": [ "effect @s instant_health 1 0" ],
            "target": "other"
             }
            }
           ]
          },
          {
            "weight": 1,
        "sequence": [
          {
        "run_command":{
          "command": [ "particle one:blood", "playsound punch_critical @a[r=20] ~~~ 1 2" ]
          }
        },
        {
        "run_command":{
          "command": [ "effect @s instant_health 1 0" ],
            "target": "other"
             }
            }
           ]
          },
          {
            "weight": 1,
        "sequence": [
          {
        "run_command":{
          "command": [ "particle one:blood", "playsound punch_critical @a[r=20] ~~~ 1 0.75" ]
          }
        },
        {
        "run_command":{
          "command": [ "effect @s instant_health 1 0" ],
            "target": "other"
             }
            }
           ]
          },
          {
            "weight": 5,
      	  	"run_command": {
	            "command": [ "playsound punch1 @a[r=20] ~~~ 1 1" ]
	        	}
          },
          {
            "weight": 5,
      	  	"run_command": {
	            "command": [ "playsound punch1 @a[r=20] ~~~ 1 1.5" ]
	        	}
          },
          {
            "weight": 5,
      	  	"run_command": {
	            "command": [ "playsound punch1 @a[r=20] ~~~ 1 0.75" ]
	        	}
          },
          {
            "weight": 5,
      	  	"run_command": {
	            "command": [ "playsound punch2 @a[r=20] ~~~ 1 1" ]
	        	}
          },
          {
            "weight": 5,
      	  	"run_command": {
	            "command": [ "playsound punch2 @a[r=20] ~~~ 1 1.5" ]
	        	}
          },
          {
            "weight": 5,
      	  	"run_command": {
	            "command": [ "playsound punch2 @a[r=20] ~~~ 1 0.75" ]
	        	}
          }
        ]
      },
      "minecraft:random_event": {
        "sequence": [
          {
            "randomize": [
              {
                "weight": 1,
                "filters": {
                  "all_of": [
                    {
                      "test": "has_target",
                      "value": true
                    }
                  ]
                },
                "run_command": {
                  "command": [
                    "tp @s ~~~"
                  ]
                },
                "add": {
                  "component_groups": [
                    "minecraft:skill_1"
                  ]
                }
              },
              {
                "weight": 1,
                "filters": {
                  "all_of": [
                    {
                      "test": "has_target",
                      "value": true
                    }
                  ]
                },
                "run_command": {
                  "command": [
                    "tp @s ~~~"
                  ]
                },
                "add": {
                  "component_groups": [
                    "minecraft:skill_2"
                  ]
                }
              },
              {
                "weight": 1,
                "filters": {
                  "all_of": [
                    {
                      "test": "has_target",
                      "value": true
                    }
                  ]
                },
                "add": {
                  "component_groups": [
                    "minecraft:skill_3"
                  ]
                }
              }
            ]
          }
        ]
      }
    }
  }
}
