{
	"format_version": "1.8.0",
	"minecraft:entity": {
		"description": {
			"identifier": "one:paper_bomb",
			"is_spawnable": false,
			"is_summonable": true,
			"is_experimental": false,
	  	"runtime_identifier": "minecraft:egg"
    },

		"component_groups": {
			"minecraft:exploding": {
				"minecraft:explode": {
					"fuseLength": 0,
					"fuseLit": true,
					"power": 4,
          "destroyAffectedByGriefing": true,
					"causesFire": false
				}
			}
		},


		"components": {
			"minecraft:type_family": {
				"family": ["fantasma","snowball"]
			},
			"minecraft:collision_box": {
				"width": 0.5,
				"height": 0.5
			},
      "minecraft:damage_sensor": {
        "triggers": [
          {
            "on_damage": {
              "filters": {
                "any_of": [
                  {
                    "test": "has_damage",
                    "value":"any"
                  }
                ]
              },
              "event":"minecraft:explode",
              "target":"self"
            },
		         	"deals_damage": false
		     	}
        ]
      },
      "minecraft:entity_sensor": {
        "sensor_range": 0.5,
        "minimum_count": 1,
        "event": "minecraft:explode"
      },
      "minecraft:transformation": {
        "into": "one:despawn",
        "delay": 80.0
      },
	    "minecraft:timer": {
	    "looping": true,
	    "randomInterval": false,
	    "time": 0.1,
       	"time_down_event": {
      	"event": "minecraft:event_effect"
	      }
	    },
			"minecraft:projectile": {
				"onHit": {
          "stick_in_ground": {
            "shake_time": 0.3
          },
          "arrow_effect": {}
				},

				"power": 1.5,
				"gravity": 0.25,
				"inertia": 1,
    		"liquid_inertia": 1,
				"uncertaintyBase": 0,
				"uncertaintyMultiplier": 0,
				"anchor": 1,
				"offset": [0, -0.1, 0],
				"reflectOnHurt": false,
				"catchFire": false
			},
      "minecraft:conditional_bandwidth_optimization": {
        "default_values": {
          "max_optimized_distance": 80.0,
          "max_dropped_ticks": 10,
          "use_motion_prediction_hints": true
        }
      },
			"minecraft:physics": {}
		},
		"events": {
			"minecraft:explode": {
      "run_command": {
          "command": [
                 "particle minecraft:camera_shoot_explosion ~~~"
          ]
        },
				"add": {
					"component_groups": [
						"minecraft:exploding"
					]
				}
			}
		}
	}
}
