{
	"format_version": "1.16.0",
	"minecraft:entity": {
		"description": {
			"identifier": "one:rasenshuriken",
			"is_spawnable": false,
			"is_summonable": true,
			"is_experimental": false,
	  	"runtime_identifier": "minecraft:egg"
    },
		"component_groups": {
			"minecraft:exploding": {
				"minecraft:explode": {
					"fuseLength": 0,
					"fuseLit": true,
					"power": 0,
          "destroyAffectedByGriefing": true,
					"causesFire": false
				}
			}
		},
		"components": {
			"minecraft:type_family": {
				"family": ["fantasma","snowball","attack"]
			},
			"minecraft:collision_box": {
				"width": 1.0,
				"height": 1.0
			},
	    "minecraft:timer": {
	    "looping": true,
	    "randomInterval": false,
	    "time": 0.01,
       	"time_down_event": {
      	"event": "minecraft:event_effect"
	      }
	    },
			"minecraft:projectile": {

				"onHit": {
					"impact_damage": {
						"damage": 20,
						"knockback": true,
						"semirandomdiffdamage": false,
						"destroyonhit": false
					},
          "stick_in_ground": {
            "shake_time": 0
          },
          "arrow_effect": {}
				},

				"power": 1.5,
				"gravity": 0,
				"inertia": 1,
    		"liquid_inertia": 1,
				"uncertaintyBase": 0,
				"uncertaintyMultiplier": 0,
				"anchor": 0.5,
				"offset": [0, 1, 0],
				"reflectOnHurt": false,
				"catchFire": false
	  	},
      "minecraft:transformation": {
        "into": "one:despawn<minecraft:rasenshuriken>",
        "delay": 1.25
      },
      "minecraft:conditional_bandwidth_optimization": {
        "default_values": {
          "max_optimized_distance": 80.0,
          "max_dropped_ticks": 10,
          "use_motion_prediction_hints": true
        }
      },
			"minecraft:physics": {}
		},
		"events": {
      "minecraft:event_effect": {
        "sequence": [
              {
                "filters": {
                  "all_of": [
                    {
                      "test": "on_ground",
                      "value": false
                    }
                  ]
                },
                "run_command": {
                   "command": [
                      "tp @e[r=2,rm=0.01,family=!attack] ^^^0.1",
                      "playsound mob.witch.throw @a[r=15] ~~~ 0.6 1.1",
                      "particle one:rasenshuriken"
              ]
            }
          },
          {
                "filters": {
                  "all_of": [
                    {
                      "test": "on_ground",
                      "value": true
                    }
                  ]
                },
        				"add": {
	         				"component_groups": [
				         		"minecraft:exploding"
	        				]
		        		},
                "run_command": {
                   "command": [
                      "summon one:explosion ~~~ one:explode1", "playsound explosion @a[r=15] ~~~ 1 0.9 0", "camerashake add @a[r=3] 0.5 3 positional"
              ]
            }
          }
        ]
      }
		}
	}
}
