{
  "format_version": "1.16.0",
  "minecraft:entity": {
    "description": {
      "identifier": "one:shadow_clone",
      "is_spawnable": false,
      "is_summonable": true,
      "is_experimental": false
    },

    "component_groups": {
	      "despawn": {
			  	"minecraft:instant_despawn": {}
		  	},
        "minecraft:tame": {
        "minecraft:is_tamed": {},
        "minecraft:behavior.follow_owner": {
          "priority": 6,
          "speed_multiplier": 1.3,
          "start_distance": 10,
          "stop_distance": 5
        },
        "minecraft:behavior.owner_hurt_by_target": {
          "priority": 1
        },
        "minecraft:behavior.owner_hurt_target": {
          "priority": 2
        }
      }
    },

    "components": {
      "minecraft:type_family": {
        "family": [ "mob" ]
      },
      "minecraft:collision_box": {
        "width": 0.6,
        "height": 1.9
      },
	  "minecraft:timer": {
	    "looping": false,
	   	"randomInterval": false,
    		"time": 8.0,
	    	"time_down_event": {
	    	  "event": "minecraft:event_despawn"
	      }
	    },
      "minecraft:transformation": {
        "into": "one:despawn",
        "delay": 10.0
      },
      "minecraft:movement.basic": {
      },
      "minecraft:navigation.walk": {
        "is_amphibious": true,
        "can_pass_doors": true,
        "can_walk": true,
        "can_break_doors": true
      },
      "minecraft:jump.static": {
      },
      "minecraft:can_climb": {
      },
      "minecraft:movement": {
        "value": 0.45
      },
      "minecraft:health": {
        "value": 50,
        "max": 50
      },
      "minecraft:hurt_on_condition": {
        "damage_conditions": [
          {
            "filters": { "test": "in_lava", "subject": "self", "operator": "==", "value": true },
            "cause": "lava",
            "damage_per_tick": 4
          }
        ]
      },
      "minecraft:breathable": {
        "total_supply": 15,
        "suffocate_time": 0,
        "breathes_air": true,
        "breathes_water": true
      },
      "minecraft:attack": {
        "damage": 3
      },
      "minecraft:behavior.melee_attack": {
        "priority": 3,
        "speed_multiplier": 1,
        "track_target": false
      },
      "minecraft:behavior.move_towards_restriction": {
        "priority": 5,
        "speed_multiplier": 1
      },
      "minecraft:behavior.random_stroll": {
        "priority": 6,
        "speed_multiplier": 1
      },
      "minecraft:behavior.look_at_player": {
        "priority": 7,
        "look_distance": 6,
        "probability": 0.02
      },
      "minecraft:behavior.random_look_around": {
        "priority": 7
      },
      "minecraft:behavior.hurt_by_target": {
        "priority": 1
      },
      "minecraft:behavior.nearest_attackable_target": {
        "priority": 2,
        "within_radius": 25,
        "reselect_targets": false,
        "entity_types": [
          {
            "filters": {
              "all_of": [
                { "test": "has_tag", "subject": "other", "value": "sclone" }
              ],
              "any_of": [
                { "test": "is_family", "subject": "other", "value": "mob" },
                { "test": "is_family", "subject": "other", "value": "player" }
              ]
            },
            "max_dist": 35
          }
        ],
        "must_see": true,
        "must_see_forget_duration": 17.0
      },
      "minecraft:physics": {
      },
      "minecraft:pushable": {
        "is_pushable": true,
        "is_pushable_by_piston": true
      }
    },
    "events": {
     "minecraft:event_despawn": {
       "add": {
        "component_groups": [
           "despawn"
          ]
        },
      	"run_command": {
	     		"command": [
             "particle one:shadow_clone ~~~",
             "playsound kage_bunshin @a[r=20] ~~~ 1 0.8 0"
	        	],
         "target": "self"
     		}
     	},
      "minecraft:on_tame": {
        "add": {
          "component_groups": [
            "minecraft:tame"
          ]
        },
      	"run_command": {
	     		"command": [
             "particle one:shadow_clone ~~~",
             "execute as @p[hasitem={item=one:ambu_mask,location=slot.armor.head}] run replaceitem entity @e[r=2,type=one:shadow_clone] slot.armor.head 0 one:ambu_mask",
             "execute as @p[hasitem={item=one:clothing_ambu,location=slot.armor.chest}] run replaceitem entity @e[r=2,type=one:shadow_clone] slot.armor.chest 0 one:clothing_ambu",
             "execute as @p[hasitem={item=one:clothing_naruto,location=slot.armor.chest}] run replaceitem entity @e[r=2,type=one:shadow_clone] slot.armor.chest 0 one:clothing_naruto",
             "execute as @p[hasitem={item=one:clothing_sasuke,location=slot.armor.chest}] run replaceitem entity @e[r=2,type=one:shadow_clone] slot.armor.chest 0 one:clothing_sasuke",
             "execute as @p[hasitem={item=one:clothing_goku,location=slot.armor.chest}] run replaceitem entity @e[r=2,type=one:shadow_clone] slot.armor.chest 0 one:clothing_goku",
             "execute as @p[hasitem={item=one:clothing_vegeta,location=slot.armor.chest}] run replaceitem entity @e[r=2,type=one:shadow_clone] slot.armor.chest 0 one:clothing_vegeta",
             "execute as @p[hasitem={item=one:clothing_luffy,location=slot.armor.chest}] run replaceitem entity @e[r=2,type=one:shadow_clone] slot.armor.chest 0 one:clothing_luffy",
             "execute as @p[hasitem={item=one:clothing_zoro,location=slot.armor.chest}] run replaceitem entity @e[r=2,type=one:shadow_clone] slot.armor.chest 0 one:clothing_zoro"
	        	],
         "target": "self"
     		}
      }
    }
  }
}
