{
  "format_version": "1.10.0",
  "minecraft:entity": {
    "description": {
      "identifier": "one:solar_flare",
      "is_spawnable": false,
      "is_summonable": true,
      "is_experimental": false,
      "scripts":{
        "animate":["burning"]
      }
    },
    "components": {
      "minecraft:type_family": {
        "family": [
          "tnt", "attack"
        ]
      },
      "minecraft:explode": {
        "fuseLength": 1.5,
        "fuseLit": true,
        "power": 0,
        "causesFire": false,
        "destroyAffectedByGriefing": true
      },
      "minecraft:collision_box": {
        "width": 0,
        "height": 0
      },
	    "minecraft:timer": {
	    "looping": false,
	    "randomInterval": false,
	    "time": 1.25,
       	"time_down_event": {
      	"event": "minecraft:event_effect"
	      }
	    },
      "minecraft:scale": {
	   "value": 1.5
      },
      "minecraft:damage_sensor": [
        {
          "cause": "any",
          "deals_damage": false
        }
      ],
        "minecraft:physics": {
        "has_gravity": false,
        "has_collision": false
      }
    },
    "events": {
      "minecraft:event_effect": {
       "run_command": {
          "command": [
                 "effect @e[r=20,tag=!solar] blindness 5 1 true", "tag @a remove solar"
          ]
        }
      }
    }
  }
}
