{
  "format_version": "1.10.0",
  "particle_effect": {
    "description": {
      "identifier": "wesl3y:gear2_red_hawk",
      "basic_render_parameters": {
        "material": "particles_add",
        "texture": "textures/particle/particles2"
      }
    },
    "components": {
      "minecraft:emitter_rate_instant": {
        "num_particles": 2
      },
      "minecraft:emitter_lifetime_once": {
        "active_time": 1
      },
      "minecraft:emitter_shape_point": {},
      "minecraft:particle_lifetime_expression": {
        "max_lifetime": "Math.random( 1.0, 1.25 )"
      },
      "minecraft:particle_initial_spin": {
        "rotation": "math.random(-720, 720)"
      },
      "minecraft:particle_initial_speed": 0.1,
      "minecraft:particle_motion_dynamic": {},
      "minecraft:particle_appearance_billboard": {
        "size": ["variable.particle_random_1 * variable.particle_random_2 * 1.25 + 1.75", "variable.particle_random_1 * variable.particle_random_2 * 1.25 + 1.75"],
        "facing_camera_mode": "lookat_xyz",
        "uv": {
          "texture_width": 80,
          "texture_height": 8,
          "flipbook": {
            "base_UV": [0, 0],
            "size_UV": [8, 8],
            "step_UV": [8, 0],
            "frames_per_second": 10,
            "max_frame": 10,
            "stretch_to_lifetime": false
          }
        }
      },
      "minecraft:particle_appearance_tinting": {
        "color": {
          "interpolant": "v.particle_random_1 / v.particle_random_2",
          "gradient": {
            "0.29": "#80FF0D00",
            "0.5": "#BAFF2D00",
            "1.25": "#00FF5A00"
          }
        }
      }
    }
  }
}