{
  "format_version": "1.10",
  "minecraft:item": {
    "description": {
      "identifier": "jedy:ramen_god",
      "category": "nature"
    },
    "components": {
      "minecraft:hand_equipped": false,
      "minecraft:max_stack_size": 64,
      "minecraft:foil": true,
      "minecraft:stack_by_data": true,
      "minecraft:food": {
        "saturation_modifier": "normal",
        "nutrition": 4,
        "can_always_eat": true,
        "effects": [
          {
            "name": "absorption",
            "chance": 1,
            "duration": 240,
            "amplifier": 4
          },
          {
            "name": "fire_resistance",
            "chance": 1,
            "duration": 240,
            "amplifier": 1
          },
          {
            "name": "regeneration",
            "chance": 1,
            "duration": 240,
            "amplifier": 2
          },
          {
            "name": "resistance",
            "chance": 1,
            "duration": 240,
            "amplifier": 1
          }
        ]
      },
      "minecraft:use_duration": 32
    }
  }
}