{
  "format_version": "1.16.0",
  "minecraft:client_entity": {
    "description": {
      "identifier": "wesl3y:explosion_long",
      "materials": {
        "default": "entity_alphatest",
        "default2": "entity_alphablend"
      },
      "textures": {
        "default": "textures/entity/hell_flame1"
      },
      "geometry": {
        "default": "geometry.null"
      },
      "particle_effects": {
        "ap_machine_gun": "wesl3y:ap_machine_gun"
      },
      "scripts": {
        "animate": [
         {"flying": "query.variant == 1"},
         {"ap_machine_gun": "query.variant == 3"}
        ]
      },
      "animations": {
        "flying": "animation.look.projetil",
        "ap_machine_gun": "animation.projetil.ap_machine_gun"
      },
      "render_controllers": [
        "controller.render.all"
      ],
      "enable_attachables": false
    }
  }
}