{                                                                     
  "format_version": "1.16.100",
  "minecraft:item": {
    "description": {
      "identifier": "stk:anh",
      "category" : "items"
    },
    "components": {
      "minecraft:icon": {
        "texture": "anh"
      },
		"minecraft:render_offsets": {
			"main_hand": {
			  "first_person": { 
				"scale": [0.000,0.000,0.000]
			  },
			  "third_person": { 
				"scale": [0.000,0.000,0.000]
			  }
			},
			"off_hand": {
			  "first_person": { 
				"scale": [0.000,0.000,0.000]
			  },
			  "third_person": { 
				"scale": [0.000,0.000,0.000]
			  }
			}
		  },
      "minecraft:cooldown": {
        "category": "anh",
        "duration": 9
      },
        "minecraft:display_name": {
        "value": "§eAme no Habakiri \n§cDamage: 7"},
      "minecraft:stacked_by_data": false,
      "minecraft:max_stack_size": 1,
      "minecraft:foil": false,
      "minecraft:damage": 9,
      "minecraft:hand_equipped": true,
      "minecraft:on_use": {
        "on_use": {
          "event": "7",
          "target": "self"
        }
      }
    },
    "events": {
      "7": {
        "run_command": {
          "command": [ "summon stk:eslash ~~~","execute @s ~~~ tp @e[type=stk:eslash] ~~~ facing ^^^1","playanimation @s animation.anh.skill" ],
          "target": "self"
        }
      }
    }
  }
}








