{
  "format_version": "1.10.0",
  "animation_controllers": {
    "controller.animation.player.dash": { 
      "states": {
        "default": {
          "transitions": [ 
            { 
              "dash_motion": "query.property('property:anim') == 0 && query.is_sprinting && query.is_jumping"
            }
          ]
        },
        "dash_motion": {
          "animations": [
            "dash_motion"
          ],
          "transitions": [ 
            { 
              "default": "query.any_animation_finished"
            } 
          ]
        }
      }
    },
    "controller.animation.regen": { 
      "states": {
        "default": {
          "transitions": [ 
            { 
              "regen": "!query.is_alive"
            }
          ]
        },
        "regen": {
          "on_entry": [
            "/effect @s instant_health 1 225"
          ],
          "transitions": [ 
            { 
              "default": "query.is_alive"
            } 
          ]
        }
      }
    }
  }
}