{
   "format_version":"1.10.0",
   "animation_controllers":{
        "controller.animation.health": {
            "states": {
                "default": {
                    "transitions": [
                        {
                            "add_health": "query.scoreboard('h') < query.health"
                        },
                        {
                            "remove_health": "query.scoreboard('h') > query.health"
                        },
                        {
                            "add_health2": "query.scoreboard('hmax') < query.max_health"
                        },
                        {
                            "remove_health2": "query.scoreboard('hmax') > query.max_health"
                        }
                    ]
                },
                "add_health": {
                    "transitions": [
                        {
                            "default": "1.0"
                        }
                    ],
                    "on_entry": [
                        "/scoreboard players add @s h 1"
                    ]
                },
                "remove_health": {
                    "transitions": [
                        {
                            "default": "1.0"
                        }
                    ],
                    "on_entry": [
                        "/scoreboard players remove @s h 1"
                    ]
                },
                "add_health2": {
                    "transitions": [
                        {
                            "default": "1.0"
                        }
                    ],
                    "on_entry": [
                        "/scoreboard players add @s hmax 1"
                    ]
                },
                "remove_health2": {
                    "transitions": [
                        {
                            "default": "1.0"
                        }
                    ],
                    "on_entry": [
                        "/scoreboard players remove @s hmax 1"
                    ]
                }
            }
        }
   }
}