{
  "format_version": "1.10.0",
  "animation_controllers": {
    "controller.animation.skill": {
      "states": {
        "default": {
          "on_entry": ["@s kkong"],
          "transitions": [
            {

              "kiblast": "(query.scoreboard('stun') <= 0) && query.get_equipped_item_name == 'kiblast' && query.is_using_item && query.is_alive && !query.is_sneaking"
            },
            {

              "charge": "query.is_sneaking"
    
            },
            {

 "speed": "query.is_sprinting"
            },
            {

              "ewave": "(query.scoreboard('stun') <= 0) && query.get_equipped_item_name == 'ewave' && query.is_using_item && query.is_alive && !query.is_sneaking"
            },
            {

              "supernova": "(query.scoreboard('stun') <= 0) && (query.scoreboard('stm') >= 149) && query.get_equipped_item_name == 'supernova' && query.is_using_item && query.is_alive && !query.is_sneaking"
            },
            {

              "m": "(query.scoreboard('stun') <= 0) && query.get_equipped_item_name == 'menu' && query.is_using_item && query.is_alive && !query.is_sneaking"
            },
            {

              "bigbang": "(query.scoreboard('stun') <= 0) && query.get_equipped_item_name == 'bigbang' && query.is_using_item && query.is_alive && !query.is_sneaking"
            },
            {

              "dball": "(query.scoreboard('stun') <= 0) && query.get_equipped_item_name == 'dball' && query.is_using_item && query.is_alive && !query.is_sneaking"
            },
            {

              "gdama": "(query.scoreboard('stun') <= 0) && (query.scoreboard('stm') >= 199) && query.get_equipped_item_name == 'gdama' && query.is_using_item && query.is_alive && !query.is_sneaking"
            },
            {

              "kame": "(query.scoreboard('stun') <= 0) && (query.scoreboard('stm') >= 49) && query.get_equipped_item_name == 'kame' && query.is_using_item && query.is_alive && !query.is_sneaking"
            },
            {

              "masenko": "(query.scoreboard('stun') <= 0) && (query.scoreboard('stm') >= 49) && query.get_equipped_item_name == 'masenko' && query.is_using_item && query.is_alive && !query.is_sneaking"
            },
            {

              "galick": "(query.scoreboard('stun') <= 0) && (query.scoreboard('stm') >= 49) && query.get_equipped_item_name == 'galick' && query.is_using_item && query.is_alive && !query.is_sneaking"
            },
            {

              "sbeam": "(query.scoreboard('stun') <= 0) && (query.scoreboard('stm') >= 49) && query.get_equipped_item_name == 'brolyf' && query.is_using_item && query.is_alive && !query.is_on_ground"
            },
            {

              "kienzan": "(query.scoreboard('stun') <= 0) && (query.scoreboard('stm') >= 39) && query.get_equipped_item_name == 'kienzan' && query.is_using_item && query.is_alive && !query.is_sneaking"
            },
            {

              "kikoho": "(query.scoreboard('stun') <= 0) && (query.scoreboard('stm') >= 49) && query.get_equipped_item_name == 'kikoho' && query.is_using_item && query.is_alive && !query.is_sneaking"
            },
            {

              "nkikoho": "(query.scoreboard('stun') <= 0) && (query.scoreboard('stm') >= 49) && query.get_equipped_item_name == 'nkikoho' && query.is_using_item && query.is_alive && !query.is_sneaking"
            },
            {

              "meditation": "query.get_equipped_item_name == 'meditation'"
            },
            {
                "zdash": "(query.property('property:bah') == 2)"
            },
            {
                "ssjt": "(query.property('property:bah') == 3)"
            },
            {
                "ssj2t": "(query.property('property:bah') == 8)"
            },
            {
                "ssj3t": "(query.property('property:bah') == 9)"
            },
            {
                "ssj4t": "(query.property('property:bah') == 10)"
            },
            {
                "ssjgt": "(query.property('property:bah') == 11)"
            },
            {
                "kaiot": "(query.property('property:bah') == 4)"
            },
            {
                "ssjbt": "(query.property('property:bah') == 5)"
            },
            {
                "ssjrt": "(query.property('property:bah') == 6)"
            },
            {
                "lssjt": "(query.property('property:bah') == 7)"
            },
            {

              "fusion": "query.get_equipped_item_name == 'fusion' && query.is_using_item && query.is_alive && !query.is_sneaking"
            },
            {

              "kifoice": "(query.scoreboard('stun') <= 0) && query.get_equipped_item_name == 'kifoice' && v.attack_time>0"
            },
            {

              "kifoice1": "(query.scoreboard('stun') <= 0) && query.get_equipped_item_name == 'kifoice' && query.is_using_item && query.is_alive && query.is_on_ground && !query.is_sneaking"
            },
            {

              "bslash": "(query.scoreboard('stun') <= 0) && query.get_equipped_item_name == 'msword' && query.is_using_item && query.is_alive && query.is_on_ground && !query.is_sneaking"
            },
            {

              "smasenko": "(query.scoreboard('stun') <= 0) && query.get_equipped_item_name == 'msword' && query.is_using_item && query.is_alive && !query.is_on_ground"
            },
            {

              "kifoice2": "(query.scoreboard('stun') <= 0) && query.get_equipped_item_name == 'kifoice' && query.is_using_item && query.is_alive && !query.is_on_ground && !query.is_sneaking"
            },
            {

              "kiportal": "(query.scoreboard('stun') <= 0) && query.get_equipped_item_name == 'kifoice' && query.is_using_item && query.is_alive && !query.is_on_ground && v.attack_time>0"
            },
            {

              "vrush": "(query.scoreboard('stun') <= 0) && query.get_equipped_item_name == 'vegettof' && query.is_using_item && query.is_alive && query.is_on_ground"
            },
            {

              "vsword": "(query.scoreboard('stun') <= 0) && query.get_equipped_item_name == 'vegettof' && query.is_using_item && query.is_alive && !query.is_on_ground"
            },
            {

              "gskill1": "(query.scoreboard('stun') <= 0) && query.get_equipped_item_name == 'gokuf' && query.is_using_item && query.is_alive && query.is_on_ground"
            },
            {

              "ikick": "(query.scoreboard('stun') <= 0) && query.get_equipped_item_name == 'gokuf' && query.is_using_item && query.is_alive && !query.is_on_ground"
            },
            {

              "ecannon": "(query.scoreboard('stun') <= 0) && (query.scoreboard('stm') >= 49) && query.get_equipped_item_name == 'ecannon' && query.is_using_item && query.is_alive"
            },
            {

              "oblaster": "(query.scoreboard('stun') <= 0) && query.get_equipped_item_name == 'oblaster' && query.is_using_item && query.is_alive"
            },
            {

              "fimpact": "(query.scoreboard('stun') <= 0) && query.get_equipped_item_name == 'fimpact' && query.is_using_item && query.is_alive"
            },
            {

              "fshine": "(query.scoreboard('stun') <= 0) && query.get_equipped_item_name == 'fshine' && query.is_using_item && query.is_alive"
            },
            {

              "gmeteor": "(query.scoreboard('stun') <= 0) && (query.scoreboard('stm') >= 99) && query.get_equipped_item_name == 'gmeteor' && query.is_using_item && query.is_alive && !query.is_sneaking"
            },
            {

              "lbreak": "(query.scoreboard('stun') <= 0) && query.get_equipped_item_name == 'brolyf' && query.is_using_item && query.is_alive && query.is_on_ground"
            
              
              


        
            

            }
          ],
          "on_exit": ["@s Kkong"]
        },
        "kiblast": {
          "on_entry": [
            "/event entity @s[scores={stm=5..}] kiblast",
            "/playanimation @s[scores={stm=5..}] animation.kiblast",
            "/clear @s[scores={stm=5..}] stk:kiblast",
            "/give @s[scores={stm=5..}] stk:kiblast",
            "/scoreboard players remove @s[scores={stm=5..}] stm 5"
          ],
          "transitions": [
            {
              "default": "!query.is_using_item"
            }
          ],
          "on_exit": [
            
                      
            "/particle stk:minecraft:knockback_roar"]
        },
         "vrush": {
            "animations": [
              "vrush"
           ],
          "on_entry": [
            "@s anim.no"
          ],
          "transitions": [
            {
              "default": "query.all_animations_finished"
            }
          ],
          "on_exit": [
            "/event entity @s enable_anims",
                 "/tag @s remove ewave",
                  "/inputpermission set @s movement enabled",
                      "@s anim",
                      "/tag @e[tag=btp] remove btp",
                      "@s skill.no",
                      "@s speed.no"
                      ]
         },
         "vsword": {
            "animations": [
              "vsword"
           ],
          "on_entry": [
            "@s anim.no"
          ],
          "transitions": [
            {
              "default": "query.all_animations_finished"
            }
          ],
          "on_exit": [
            "/event entity @s enable_anims",
                 "/tag @s remove ewave",
                  "/inputpermission set @s movement enabled",
                      "@s anim",
                      "/tag @e[tag=btp] remove btp",
                      "@s skill.no",
                      "@s speed.no"
                      ]
         },
         "gskill1": {
            "animations": [
              "gskill1"
           ],
          "on_entry": [
            "@s anim.no"
          ],
          "transitions": [
            {
              "default": "query.all_animations_finished"
            }
          ],
          "on_exit": [
            "/event entity @s enable_anims",
                  "/inputpermission set @s movement enabled",
                      "@s anim",
                      "/tag @e[tag=btp] remove btp",
                      "@s skill.no",
                      "@s speed.no"
                      ]
         },
         "lbreak": {
            "animations": [
              "lbreak"
           ],
          "on_entry": [
            "@s anim.no"
          ],
          "transitions": [
            {
              "default": "query.all_animations_finished"
            }
          ],
          "on_exit": [
            "/event entity @s enable_anims",
                  "/inputpermission set @s movement enabled",
                      "@s anim",
                      "/tag @e[tag=utp] remove utp",
                      "@s skill.no",
                      "@s speed.no"
                      ]
         },
         "ikick": {
            "animations": [
              "ikick"
           ],
          "on_entry": [
            "@s anim.no"
          ],
          "transitions": [
            {
              "default": "query.all_animations_finished"
            }
          ],
          "on_exit": [
            "/event entity @s enable_anims",
                  "/inputpermission set @s movement enabled",
                      "@s anim",
                      "/tag @e[tag=btp] remove btp",
                      "@s skill.no",
                      "@s speed.no"
                      ]
        },
        "m": {
          "on_entry": [
            "/clear @s n:menu"
          ],
          "transitions": [
            {
              "default": "q.all_animations_finished"
            }
          ],
          "on_exit": [
            
                      "/particle stk:minecraft:knockback_roar"]
        },
        "bigbang": {
          "on_entry": [
            "/event entity @s[scores={stm=100..}] bigbang",
            "/tag @s[scores={stm=100..}] add bigbang",
            "/playanimation @s[scores={stm=100..}] animation.kiblast",
            "/clear @s[scores={stm=100..}] stk:bigbang",
            "/give @s[scores={stm=100..}] stk:bigbang",
            "/scoreboard players remove @s[scores={stm=100..}] stm 100"
          ],
          "transitions": [
            {
              "default": "!query.is_using_item"
            }
          ],
          "on_exit": [
            
                      "/particle minecraft:knockback_roar"
                      ]
        },
        "fshine": {
          "on_entry": [
            "/event entity @s[scores={stm=30..}] fshine",
            "/tag @s[scores={stm=30..}] add fshine",
            "/playanimation @s[scores={stm=30..}] animation.kiblast",
            "/clear @s[scores={stm=30..}] stk:fshine",
            "/give @s[scores={stm=30..}] stk:fshine",
            "/scoreboard players remove @s[scores={stm=30..}] stm 30"
          ],
          "transitions": [
            {
              "default": "!query.is_using_item"
            }
          ],
          "on_exit": [
            
                      "/particle minecraft:knockback_roar"
                      ]
        },
        "fimpact": {
          "on_entry": [
            "/event entity @s[scores={stm=30..}] fimpact",
            "/tag @s[scores={stm=30..}] add fimpact",
            "/playanimation @s[scores={stm=30..}] animation.kiblast",
            "/clear @s[scores={stm=30..}] stk:fimpact",
            "/give @s[scores={stm=30..}] stk:fimpact",
            "/scoreboard players remove @s[scores={stm=30..}] stm 30"
          ],
          "transitions": [
            {
              "default": "!query.is_using_item"
            }
          ],
          "on_exit": [
            
                      "/particle minecraft:knockback_roar"
                      ]
        },
        "oblaster": {
          "on_entry": [
            "/event entity @s[scores={stm=50..}] oblaster",
            "/tag @s[scores={stm=50..}] add oblaster",
            "/playanimation @s[scores={stm=50..}] animation.kiblast",
            "/clear @s[scores={stm=50..}] stnk:oblaster",
            "/give @s[scores={stm=50..}] stnk:oblaster",
            "/scoreboard players remove @s[scores={stm=50..}] stm 50"
          ],
          "transitions": [
            {
              "default": "!query.is_using_item"
            }
          ],
          "on_exit": [
            
                      "/particle minecraft:knockback_roar"
                      ]
        },
         "ecannon": {
            "animations": [
              "ecannon"
           ],
          "on_entry": [
            "@s anim.no",
            "/tag @s add ecannon"
          ],
          "transitions": [
            {
              "default": "query.all_animations_finished"
            }
          ],
          "on_exit": [
            "/event entity @s enable_anims",
                  "/inputpermission set @s movement enabled",
                      "@s anim",
                      "/tag @e[tag=btp] remove btp",
                      "@s skill.no",
                      "@s speed.no"
                      ]
        },
        "kifoice": {
          "on_entry": [
            "/particle stk:kifoiceslash"
          ],
          "transitions": [
            {
              "default": "!query.is_sneaking"
            }
          ],
          "on_exit": [
            
                      ""]
        },
        "charge": {
          "on_entry": [
            "/camerashake add @s 0.5 3 positional",
            "/camera @s fade time 0 0.1 0.2 color 255 255 255",
            "/playsound aura @s"
        
            
          ],
          "transitions": [
            {
              "default": "!query.is_sneaking"
            }
          ],
          "on_exit": [
            
                      "@s skill.no",
            "/particle stk:aura_final"]
        },
        "speed": {
          "on_entry": [
            "/particle minecraft:knockback_roar"
          ],
          "transitions": [
            {
              "default": "!query.is_sprinting"
            }
          ],
          "on_exit": [
            
                      "/scoreboard players set @s speed 0",
                      "@s anim",
                      "@s skill.no",
                      "@s speed.no",
                      "/tag @s remove zdash"]
        },
         "ewave": {
            "animations": [
              "ewave"
           ],
          "on_entry": [
            "@s anim.no"
          ],
          "transitions": [
            {
              "default": "query.all_animations_finished"
            }
          ],
          "on_exit": [
            "/event entity @s enable_anims",
                 "/tag @s remove ewave",
                  "/inputpermission set @s movement enabled",
                      "/scoreboard players remove @s[scores={stm=100..}] stm 100",
                      "@s anim",
                      "@s skill.no",
                      "@s speed.no"
                      ]
         },
         "supernova": {
            "animations": [
              "supernova"
           ],
          "on_entry": [
            "@s anim.no",
            "/tag @s add supernova"
          ],
          "transitions": [
            {
              "default": "query.all_animations_finished"
            }
          ],
          "on_exit": [
            "/event entity @s enable_anims",
                 "/tag @s remove ewave",
                  "/inputpermission set @s movement enabled",
                      "/scoreboard players remove @s[scores={stm=150..}] stm 150",
                      "@s anim",
                      "@s skill.no",
                      "@s speed.no"]
         },
         "gdama": {
            "animations": [
              "gdama"
           ],
          "on_entry": [
            "@s anim.no"
          ],
          "transitions": [
            {
              "default": "query.all_animations_finished"
            }
          ],
          "on_exit": [
            "/event entity @s enable_anims",
                 "/tag @s remove ewave",
                  "/inputpermission set @s movement enabled",
                      "@s anim",
                      "@s skill.no",
                      "@s speed.no"]
         },
         "kame": {
            "animations": [
              "kame"
           ],
          "on_entry": [
            "@s anim.no"
          ],
          "transitions": [
            {
              "default": "query.all_animations_finished"
            }
          ],
          "on_exit": [
            "/event entity @s enable_anims",
                 "/tag @s remove kame",
                  "/inputpermission set @s movement enabled",
                      "@s anim",
                      "@s skill.no",
                      "@s speed.no"]
         },
         "masenko": {
            "animations": [
              "masenko"
           ],
          "on_entry": [
            "@s anim.no"
          ],
          "transitions": [
            {
              "default": "query.all_animations_finished"
            }
          ],
          "on_exit": [
            "/event entity @s enable_anims",
                 "/tag @s remove kame",
                  "/inputpermission set @s movement enabled",
                      "@s anim",
                      "@s skill.no",
                      "@s speed.no"]
         },
         "galick": {
            "animations": [
              "galick"
           ],
          "on_entry": [
            "@s anim.no"
          ],
          "transitions": [
            {
              "default": "query.all_animations_finished"
            }
          ],
          "on_exit": [
            "/event entity @s enable_anims",
                 "/tag @s remove kame",
                  "/inputpermission set @s movement enabled",
                      "@s anim",
                      "@s skill.no",
                      "@s speed.no"]
         },
         "sbeam": {
            "animations": [
              "sbeam"
           ],
          "on_entry": [
            "@s anim.no"
          ],
          "transitions": [
            {
              "default": "query.all_animations_finished"
            }
          ],
          "on_exit": [
            "/event entity @s enable_anims",
                 "/tag @s remove kame",
                  "/inputpermission set @s movement enabled",
                      "@s anim",
                      "@s skill.no",
                      "@s speed.no"]
         },
         "kienzan": {
            "animations": [
              "kienzan"
           ],
          "on_entry": [
            "@s anim.no"
          ],
          "transitions": [
            {
              "default": "query.all_animations_finished"
            }
          ],
          "on_exit": [
            "/event entity @s enable_anims",
                 "/tag @s remove kienzan",
                  "/inputpermission set @s movement enabled",
                      "@s anim",
                      "@s skill.no",
                      "@s speed.no"]
         },
         "kikoho": {
            "animations": [
              "kikoho"
           ],
          "on_entry": [
            "@s anim.no"
          ],
          "transitions": [
            {
              "default": "query.all_animations_finished"
            }
          ],
          "on_exit": [
            "/event entity @s enable_anims",
                 "/tag @s remove kienzan",
                  "/inputpermission set @s movement enabled",
                      "@s anim",
                      "@s skill.no",
                      "@s speed.no"]
         },
         "nkikoho": {
            "animations": [
              "nkikoho"
           ],
          "on_entry": [
            "@s anim.no"
          ],
          "transitions": [
            {
              "default": "query.all_animations_finished"
            }
          ],
          "on_exit": [
            "/event entity @s enable_anims",
                 "/tag @s remove kienzan",
                  "/inputpermission set @s movement enabled",
                      "@s anim",
                      "@s skill.no",
                      "@s speed.no"]
         },
         "meditation": {
          "on_entry": [
            "@s anim.no",
            "/tag @s add meditation",
            "/inputpermission set @s movement disabled",
            "/fog @s push \"stk:df\" \"df\""
          ],
          "transitions": [
            {
              "default": "query.get_equipped_item_name != 'meditation'"
            }
          ],
          "on_exit": [
                 "/tag @s remove meditation",
                  "/inputpermission set @s movement enabled",
                  "/event entity @e[type=stk:medi] despawn",
                  "/fog @s remove \"df\"",
                      "@s anim"]
         },
         "gmeteor": {
            "animations": [
              "gmeteor"
           ],
          "on_entry": [
            "@s anim.no",
            "/tag @s add gmeteor"
          ],
          "transitions": [
            {
              "default": "query.all_animations_finished"
            }
          ],
          "on_exit": [
            "/event entity @s enable_anims",
                  "/inputpermission set @s movement enabled",
                      "/scoreboard players remove @s[scores={stm=100..}] stm 100",
                      "@s anim",
                      "@s skill.no",
                      "@s speed.no"]
         },
         "kifoice1": {
            "animations": [
              "kifoice1"
           ],
          "on_entry": [
            "@s anim.no"
          ],
          "transitions": [
            {
              "default": "query.all_animations_finished"
            }
          ],
          "on_exit": [
            "/event entity @s enable_anims",
                 "/tag @s remove ewave",
                  "/inputpermission set @s movement enabled",
                      "@s anim",
                      "@s skill.no",
                      "@s speed.no"]
         },
         "bslash": {
            "animations": [
              "bslash"
           ],
          "on_entry": [
            "@s anim.no"
          ],
          "transitions": [
            {
              "default": "query.all_animations_finished"
            }
          ],
          "on_exit": [
            "/event entity @s enable_anims",
                 "/tag @s remove bslash",
                  "/inputpermission set @s movement enabled",
                  "/tag @a[tag=btp] remove btp",
                  "/tag @e[tag=ttarget] remove utp",
                  "/tag @e[tag=ttarget] remove ttarget",
                      "@s anim",
                      "@s skill.no",
                      "@s speed.no",
                       "@s knock",
                 "/event entity @s enable_anims",
                 "/tag @s remove bslash",
                  "/inputpermission set @s movement enabled",
                  "@s skill.no",
                  "/give @s stk:blue 1 0 {\"item_lock\":{\"mode\":\"lock_in_inventory\"},\"keep_on_death\":{}}",
                  "/tag @e[tag=ttarget] remove btp",
                  "/tag @e[tag=ttarget] remove ttarget",
            "/tag @s remove in_cut",
                  "/event entity @s stun.yes"
        ]
         },
         "smasenko": {
            "animations": [
              "smasenko"
           ],
          "on_entry": [
            "@s anim.no"
          ],
          "transitions": [
            {
              "default": "query.all_animations_finished"
            }
          ],
          "on_exit": [
            "/event entity @s enable_anims",
                 "/tag @s remove bslash",
                  "/inputpermission set @s movement enabled",
                  "/tag @a[tag=btp] remove btp",
                  "/tag @e[tag=utp] remove utp",
                  "/tag @e[tag=ttarget] remove ttarget",
                      "@s anim",
                      "@s skill.no",
                      "@s speed.no",
                      "@s knock",
                 "/event entity @s enable_anims",
                 "/tag @s remove bslash",
                  "/inputpermission set @s movement enabled",
                  "@s skill.no",
                  "/give @s stk:blue 1 0 {\"item_lock\":{\"mode\":\"lock_in_inventory\"},\"keep_on_death\":{}}",
                  "/tag @e[tag=ttarget] remove utp",
                  "/tag @e[tag=ttarget] remove ttarget",
            "/tag @s remove in_cut",
                  "/event entity @s stun.yes"]
         },
         "kifoice2": {
            "animations": [
              "kifoice2"
           ],
          "on_entry": [
            "@s anim.no"
          ],
          "transitions": [
            {
              "default": "query.all_animations_finished"
            }
          ],
          "on_exit": [
            "/event entity @s enable_anims",
                 "/tag @s remove ewave",
                  "/inputpermission set @s movement enabled",
                      "@s anim",
                      "@s skill.no",
                      "@s speed.no"]
         },
         "kiportal": {
            "animations": [
              "kiportal"
           ],
          "on_entry": [
            "@s anim.no"
          ],
          "transitions": [
            {
              "default": "query.all_animations_finished"
            }
          ],
          "on_exit": [
            "/event entity @s enable_anims",
                  "/inputpermission set @s movement enabled",
                      "@s anim",
                      "@s skill.no",
                      "@s speed.no"]
         
        },
        "dball": {
          "on_entry": [
            "/event entity @s[scores={stm=150..}] dball",
          "/tag @s[scores={stm=150..}] add dball",
            "/playanimation @s[scores={stm=150..}] animation.kiblast",
            "/clear @s[scores={stm=150..}] stk:dball",
            "/give @s[scores={stm=150..}] stk:dball",
            "/scoreboard players remove @s[scores={stm=150..}] stm 150"
          ],
          "transitions": [
            {
              "default": "!query.is_using_item"
            }
          ],
          "on_exit": [
            
                      "/particle minecraft:knockback_roar"
                      ]
        },
         "zdash": {
            "animations": [
              "zdash"
           ],
          "on_entry": [
            "@s anim.no"
          ],
          "transitions": [
            {
              "default": "query.all_animations_finished"
            }
          ],
          "on_exit": [
            "/event entity @s anim",
                 "/tag @s remove ssjt",
                  "/inputpermission set @s movement enabled",
                      "@s anim",
                      "@s skill.no",
                      "@s speed.no"]
         },
         "ssjt": {
            "animations": [
              "ssjt"
           ],
          "on_entry": [
            "@s anim.no"
          ],
          "transitions": [
            {
              "default": "query.all_animations_finished"
            }
          ],
          "on_exit": [
            "/event entity @s anim",
                 "/tag @s remove ssjt",
                  "/inputpermission set @s movement enabled",
                      "@s anim",
                      "@s skill.no",
                      "@s speed.no"]
         },
         "ssj2t": {
            "animations": [
              "ssj2t"
           ],
          "on_entry": [
            "@s anim.no"
          ],
          "transitions": [
            {
              "default": "query.all_animations_finished"
            }
          ],
          "on_exit": [
            "/event entity @s anim",
                 "/tag @s remove ssjt",
                  "/inputpermission set @s movement enabled",
                      "@s anim",
                      "@s skill.no",
                      "@s speed.no"]
         },
         "ssj3t": {
            "animations": [
              "ssj3t"
           ],
          "on_entry": [
            "@s anim.no"
          ],
          "transitions": [
            {
              "default": "query.all_animations_finished"
            }
          ],
          "on_exit": [
            "/event entity @s anim",
                 "/tag @s remove ssjt",
                  "/inputpermission set @s movement enabled",
                      "@s anim",
                      "@s skill.no",
                      "@s speed.no"]
         },
         "ssj4t": {
            "animations": [
              "ssj4t"
           ],
          "on_entry": [
            "@s anim.no"
          ],
          "transitions": [
            {
              "default": "query.all_animations_finished"
            }
          ],
          "on_exit": [
            "/event entity @s anim",
                 "/tag @s remove ssjt",
                  "/inputpermission set @s movement enabled",
                      "@s anim",
                      "@s skill.no",
                      "@s speed.no"]
         },
         "ssjgt": {
            "animations": [
              "ssjgt"
           ],
          "on_entry": [
            "@s anim.no"
          ],
          "transitions": [
            {
              "default": "query.all_animations_finished"
            }
          ],
          "on_exit": [
            "/event entity @s anim",
                 "/tag @s remove ssjt",
                  "/inputpermission set @s movement enabled",
                      "@s anim",
                      "@s skill.no",
                      "@s speed.no"]
         },
         "kaiot": {
            "animations": [
              "kaiot"
           ],
          "on_entry": [
            "@s anim.no"
          ],
          "transitions": [
            {
              "default": "query.all_animations_finished"
            }
          ],
          "on_exit": [
            "/event entity @s anim",
                  "/inputpermission set @s movement enabled",
                      "@s anim",
                      "@s skill.no",
                      "@s speed.no"]
         },
         "ssjbt": {
            "animations": [
              "ssjbt"
           ],
          "on_entry": [
            "@s anim.no"
          ],
          "transitions": [
            {
              "default": "query.all_animations_finished"
            }
          ],
          "on_exit": [
            "/event entity @s anim",
                 "/tag @s remove ssjt",
                  "/inputpermission set @s movement enabled",
                      "@s anim",
                      "@s skill.no",
                      "@s speed.no"]
         },
         "ssjrt": {
            "animations": [
              "ssjrt"
           ],
          "on_entry": [
            "@s anim.no"
          ],
          "transitions": [
            {
              "default": "query.all_animations_finished"
            }
          ],
          "on_exit": [
            "/event entity @s anim",
                 "/tag @s remove ssjt",
                  "/inputpermission set @s movement enabled",
                      "@s anim",
                      "@s skill.no",
                      "@s speed.no"]
         },
         "lssjt": {
            "animations": [
              "lssjt"
           ],
          "on_entry": [
            "@s anim.no"
          ],
          "transitions": [
            {
              "default": "query.all_animations_finished"
            }
          ],
          "on_exit": [
            "/event entity @s anim",
                 "/tag @s remove ssjt",
                  "/inputpermission set @s movement enabled",
                      "@s anim",
                      "@s skill.no",
                      "@s speed.no"]
         },
         "fusion": {
            "animations": [
              "fusion"
           ],
          "on_entry": [
            "@s anim.no"
          ],
          "transitions": [
            {
              "default": "query.all_animations_finished"
            }
          ],
          "on_exit": [
            "/event entity @s anim",
                 "/tag @s remove fusi2",
                  "/inputpermission set @s movement enabled",
                      "@s anim",
                      "@s skill.no",
                      "@s speed.no"]
            
        }
      }
    }
  }
}