{
	"format_version": "1.12.0",
	"minecraft:geometry": [
		{
			"description": {
				"identifier": "geometry.fukasaku",
				"texture_width": 64,
				"texture_height": 64,
				"visible_bounds_width": 2,
				"visible_bounds_height": 2.5,
				"visible_bounds_offset": [0, 0.75, 0]
			},
			"bones": [
				{
					"name": "bone",
					"pivot": [0, 8.5, 0],
					"cubes": [
						{"origin": [-3, 0, -3], "size": [6, 8, 6], "uv": [0, 0]},
						{"origin": [-3.5, 0, -3.5], "size": [7, 1, 7], "uv": [0, 24]},
						{"origin": [-2.5, 7.5, -2.5], "size": [5, 1, 5], "inflate": 0.01, "uv": [18, 0]}
					]
				},
				{
					"name": "head",
					"parent": "bone",
					"pivot": [0, 8.5, 0],
					"cubes": [
						{"origin": [-2.5, 8.5, -2.5], "size": [5, 4.5, 5], "inflate": 0.1, "uv": [0, 14]},
						{"origin": [-3, 8, -2.5], "size": [6, 6, 1], "inflate": 0.15, "uv": [20, 14]},
						{"origin": [-2, 13, 0], "size": [4, 5, 0], "uv": [25, 7]}
					]
				}
			]
		}
	]
}