{
	"format_version": "1.12.0",
	"minecraft:geometry": [
		{
			"description": {
				"identifier": "geometry.gate",
				"texture_width": 64,
				"texture_height": 64,
				"visible_bounds_width": 5,
				"visible_bounds_height": 3.5,
				"visible_bounds_offset": [0, 1.25, 0]
			},
			"bones": [
				{
					"name": "root",
					"pivot": [0, 0, 0]
				},
				{
					"name": "waist",
					"parent": "root",
					"pivot": [0, 12, 0]
				},
				{
					"name": "body",
					"parent": "waist",
					"pivot": [0, 24, 0],
					"cubes": [
						{
							"origin": [-4, 12, -2],
							"size": [8, 12, 4],
							"inflate": 0.05,
							"uv": {
								"north": {"uv": [56, 56], "uv_size": [8, 8]},
								"east": {"uv": [60, 56], "uv_size": [4, 8]},
								"south": {"uv": [56, 56], "uv_size": [8, 8]},
								"west": {"uv": [60, 56], "uv_size": [4, 8]},
								"up": {"uv": [56, 60], "uv_size": [8, 4]},
								"down": {"uv": [56, 64], "uv_size": [8, -4]}
							}
						}
					]
				},
				{
					"name": "head",
					"parent": "body",
					"pivot": [0, 24, 0],
					"cubes": [
						{
							"origin": [-4, 24, -4],
							"size": [8, 8, 8],
							"inflate": 0.015,
							"uv": {
								"north": {"uv": [0, 0], "uv_size": [64, 64]},
								"east": {"uv": [0, 64], "uv_size": [0, 0]},
								"south": {"uv": [0, 64], "uv_size": [0, 0]},
								"west": {"uv": [0, 64], "uv_size": [0, 0]},
								"up": {"uv": [0, 64], "uv_size": [0, 0]},
								"down": {"uv": [0, 64], "uv_size": [0, 0]}
							}
						}
					]
				},
				{
					"name": "rightArm",
					"parent": "body",
					"pivot": [-5, 22, 0],
					"cubes": [
						{
							"origin": [-8, 12, -2],
							"size": [4, 12, 4],
							"inflate": 0.05,
							"uv": {
								"north": {"uv": [64, 58], "uv_size": [-4, 6]},
								"east": {"uv": [64, 58], "uv_size": [-4, 6]},
								"south": {"uv": [64, 58], "uv_size": [-4, 6]},
								"west": {"uv": [64, 58], "uv_size": [-4, 6]},
								"up": {"uv": [64, 60], "uv_size": [-4, 4]},
								"down": {"uv": [64, 64], "uv_size": [-4, -4]}
							}
						}
					]
				},
				{
					"name": "leftArm",
					"parent": "body",
					"pivot": [5, 22, 0],
					"cubes": [
						{
							"origin": [4, 12, -2],
							"size": [4, 12, 4],
							"inflate": 0.05,
							"uv": {
								"north": {"uv": [60, 58], "uv_size": [4, 6]},
								"east": {"uv": [60, 58], "uv_size": [4, 6]},
								"south": {"uv": [60, 58], "uv_size": [4, 6]},
								"west": {"uv": [60, 58], "uv_size": [4, 6]},
								"up": {"uv": [60, 60], "uv_size": [4, 4]},
								"down": {"uv": [60, 64], "uv_size": [4, -4]}
							}
						}
					]
				},
				{
					"name": "leftLeg",
					"parent": "root",
					"pivot": [2, 12, 0],
					"cubes": [
						{
							"origin": [0, 0, -2],
							"size": [4, 12, 4],
							"inflate": 0.05,
							"uv": {
								"north": {"uv": [64, 58], "uv_size": [-4, 6]},
								"east": {"uv": [64, 58], "uv_size": [-4, 6]},
								"south": {"uv": [64, 58], "uv_size": [-4, 6]},
								"west": {"uv": [64, 58], "uv_size": [-4, 6]},
								"up": {"uv": [64, 60], "uv_size": [-4, 4]},
								"down": {"uv": [64, 64], "uv_size": [-4, -4]}
							}
						}
					]
				},
				{
					"name": "rightLeg",
					"parent": "root",
					"pivot": [-2, 12, 0],
					"cubes": [
						{
							"origin": [-4, 0, -2],
							"size": [4, 12, 4],
							"inflate": 0.05,
							"uv": {
								"north": {"uv": [60, 58], "uv_size": [4, 6]},
								"east": {"uv": [60, 58], "uv_size": [4, 6]},
								"south": {"uv": [60, 58], "uv_size": [4, 6]},
								"west": {"uv": [60, 58], "uv_size": [4, 6]},
								"up": {"uv": [60, 60], "uv_size": [4, 4]},
								"down": {"uv": [60, 64], "uv_size": [4, -4]}
							}
						}
					]
				}
			]
		}
	]
}