{
	"format_version": "1.12.0",
	"minecraft:geometry": [
		{
			"description": {
				"identifier": "geometry.manto_kurama",
				"texture_width": 64,
				"texture_height": 64,
				"visible_bounds_width": 5,
				"visible_bounds_height": 3.5,
				"visible_bounds_offset": [0, 1.25, 0]
			},
			"bones": [
				{
					"name": "root",
					"pivot": [0, 0, 0]
				},
				{
					"name": "waist",
					"parent": "root",
					"pivot": [0, 12, 0]
				},
				{
					"name": "body",
					"parent": "waist",
					"pivot": [0, 24, 0],
					"cubes": [
						{
							"origin": [-4, 12, -2],
							"size": [8, 12, 4],
							"inflate": 0.3,
							"uv": {
								"north": {"uv": [56, 56], "uv_size": [8, 8]},
								"east": {"uv": [60, 56], "uv_size": [4, 8]},
								"south": {"uv": [56, 56], "uv_size": [8, 8]},
								"west": {"uv": [60, 56], "uv_size": [4, 8]},
								"up": {"uv": [56, 60], "uv_size": [8, 4]},
								"down": {"uv": [56, 64], "uv_size": [8, -4]}
							}
						}
					]
				},
				{
					"name": "head",
					"parent": "body",
					"pivot": [0, 24, 0],
					"cubes": [
						{
							"origin": [-4, 24, -4],
							"size": [8, 8, 8],
							"inflate": 0.015,
							"uv": {
								"north": {"uv": [0, 0], "uv_size": [32, 33]},
								"east": {"uv": [0, 64], "uv_size": [0, 0]},
								"south": {"uv": [0, 64], "uv_size": [0, 0]},
								"west": {"uv": [0, 64], "uv_size": [0, 0]},
								"up": {"uv": [0, 64], "uv_size": [0, 0]},
								"down": {"uv": [0, 64], "uv_size": [0, 0]}
							}
						}
					]
				},
				{
					"name": "hat",
					"parent": "head",
					"pivot": [0, 24, 0],
					"cubes": [
						{
							"origin": [-4, 24, -4],
							"size": [8, 8, 8],
							"inflate": 0.3,
							"uv": {
								"north": {"uv": [56, 56], "uv_size": [8, 8]},
								"east": {"uv": [56, 56], "uv_size": [8, 8]},
								"south": {"uv": [56, 56], "uv_size": [8, 8]},
								"west": {"uv": [56, 56], "uv_size": [8, 8]},
								"up": {"uv": [56, 56], "uv_size": [8, 8]},
								"down": {"uv": [56, 64], "uv_size": [8, -8]}
							}
						},
						{
							"origin": [2.5, 31.5, 1],
							"size": [3, 2.5, 4],
							"uv": {
								"north": {"uv": [60, 60], "uv_size": [4, 4]},
								"east": {"uv": [60, 60], "uv_size": [4, 4]},
								"south": {"uv": [60, 60], "uv_size": [4, 4]},
								"west": {"uv": [60, 60], "uv_size": [4, 4]},
								"up": {"uv": [64, 64], "uv_size": [-4, -4]},
								"down": {"uv": [64, 64], "uv_size": [-4, -4]}
							}
						},
						{
							"origin": [3.5, 31, 4],
							"size": [3, 3.5, 4],
							"uv": {
								"north": {"uv": [60, 60], "uv_size": [4, 4]},
								"east": {"uv": [60, 60], "uv_size": [4, 4]},
								"south": {"uv": [60, 60], "uv_size": [4, 4]},
								"west": {"uv": [60, 60], "uv_size": [4, 4]},
								"up": {"uv": [64, 64], "uv_size": [-4, -4]},
								"down": {"uv": [64, 64], "uv_size": [-4, -4]}
							}
						},
						{
							"origin": [5.5, 31.5, 7],
							"size": [2, 2.5, 2.5],
							"uv": {
								"north": {"uv": [60, 60], "uv_size": [4, 4]},
								"east": {"uv": [60, 60], "uv_size": [4, 4]},
								"south": {"uv": [60, 60], "uv_size": [4, 4]},
								"west": {"uv": [60, 60], "uv_size": [4, 4]},
								"up": {"uv": [64, 64], "uv_size": [-4, -4]},
								"down": {"uv": [64, 64], "uv_size": [-4, -4]}
							}
						},
						{
							"origin": [6.5, 32, 9],
							"size": [1.5, 1.5, 1.5],
							"uv": {
								"north": {"uv": [60, 60], "uv_size": [4, 4]},
								"east": {"uv": [60, 60], "uv_size": [4, 4]},
								"south": {"uv": [60, 60], "uv_size": [4, 4]},
								"west": {"uv": [60, 60], "uv_size": [4, 4]},
								"up": {"uv": [64, 64], "uv_size": [-4, -4]},
								"down": {"uv": [64, 64], "uv_size": [-4, -4]}
							}
						},
						{
							"origin": [-5.5, 31.5, 1],
							"size": [3, 2.5, 4],
							"uv": {
								"north": {"uv": [64, 60], "uv_size": [-4, 4]},
								"east": {"uv": [64, 60], "uv_size": [-4, 4]},
								"south": {"uv": [64, 60], "uv_size": [-4, 4]},
								"west": {"uv": [64, 60], "uv_size": [-4, 4]},
								"up": {"uv": [60, 64], "uv_size": [4, -4]},
								"down": {"uv": [60, 64], "uv_size": [4, -4]}
							}
						},
						{
							"origin": [7, 33, 10],
							"size": [1, 1, 1],
							"uv": {
								"north": {"uv": [60, 60], "uv_size": [4, 4]},
								"east": {"uv": [60, 60], "uv_size": [4, 4]},
								"south": {"uv": [60, 60], "uv_size": [4, 4]},
								"west": {"uv": [60, 60], "uv_size": [4, 4]},
								"up": {"uv": [64, 64], "uv_size": [-4, -4]},
								"down": {"uv": [64, 64], "uv_size": [-4, -4]}
							}
						},
						{
							"origin": [-6.5, 31, 4],
							"size": [3, 3.5, 4],
							"uv": {
								"north": {"uv": [64, 60], "uv_size": [-4, 4]},
								"east": {"uv": [64, 60], "uv_size": [-4, 4]},
								"south": {"uv": [64, 60], "uv_size": [-4, 4]},
								"west": {"uv": [64, 60], "uv_size": [-4, 4]},
								"up": {"uv": [60, 64], "uv_size": [4, -4]},
								"down": {"uv": [60, 64], "uv_size": [4, -4]}
							}
						},
						{
							"origin": [-7.5, 31.5, 7],
							"size": [2, 2.5, 2.5],
							"uv": {
								"north": {"uv": [64, 60], "uv_size": [-4, 4]},
								"east": {"uv": [64, 60], "uv_size": [-4, 4]},
								"south": {"uv": [64, 60], "uv_size": [-4, 4]},
								"west": {"uv": [64, 60], "uv_size": [-4, 4]},
								"up": {"uv": [60, 64], "uv_size": [4, -4]},
								"down": {"uv": [60, 64], "uv_size": [4, -4]}
							}
						},
						{
							"origin": [-8, 33, 10],
							"size": [1, 1, 1],
							"uv": {
								"north": {"uv": [64, 60], "uv_size": [-4, 4]},
								"east": {"uv": [64, 60], "uv_size": [-4, 4]},
								"south": {"uv": [64, 60], "uv_size": [-4, 4]},
								"west": {"uv": [64, 60], "uv_size": [-4, 4]},
								"up": {"uv": [60, 64], "uv_size": [4, -4]},
								"down": {"uv": [60, 64], "uv_size": [4, -4]}
							}
						},
						{
							"origin": [-8, 32, 9],
							"size": [1.5, 1.5, 1.5],
							"uv": {
								"north": {"uv": [64, 60], "uv_size": [-4, 4]},
								"east": {"uv": [64, 60], "uv_size": [-4, 4]},
								"south": {"uv": [64, 60], "uv_size": [-4, 4]},
								"west": {"uv": [64, 60], "uv_size": [-4, 4]},
								"up": {"uv": [60, 64], "uv_size": [4, -4]},
								"down": {"uv": [60, 64], "uv_size": [4, -4]}
							}
						}
					]
				},
				{
					"name": "rightArm",
					"parent": "body",
					"pivot": [-5, 22, 0],
					"cubes": [
						{
							"origin": [-8, 12, -2],
							"size": [4, 12, 4],
							"inflate": 0.3,
							"uv": {
								"north": {"uv": [64, 58], "uv_size": [-4, 6]},
								"east": {"uv": [64, 58], "uv_size": [-4, 6]},
								"south": {"uv": [64, 58], "uv_size": [-4, 6]},
								"west": {"uv": [64, 58], "uv_size": [-4, 6]},
								"up": {"uv": [64, 60], "uv_size": [-4, 4]},
								"down": {"uv": [64, 64], "uv_size": [-4, -4]}
							}
						}
					]
				},
				{
					"name": "leftArm",
					"parent": "body",
					"pivot": [5, 22, 0],
					"cubes": [
						{
							"origin": [4, 12, -2],
							"size": [4, 12, 4],
							"inflate": 0.3,
							"uv": {
								"north": {"uv": [60, 58], "uv_size": [4, 6]},
								"east": {"uv": [60, 58], "uv_size": [4, 6]},
								"south": {"uv": [60, 58], "uv_size": [4, 6]},
								"west": {"uv": [60, 58], "uv_size": [4, 6]},
								"up": {"uv": [60, 60], "uv_size": [4, 4]},
								"down": {"uv": [60, 64], "uv_size": [4, -4]}
							}
						}
					]
				},
				{
					"name": "tail1",
					"parent": "body",
					"pivot": [-0.5, 13.5, 2]
				},
				{
					"name": "tail1_p1",
					"parent": "tail1",
					"pivot": [-0.5, 13.5, 2],
					"cubes": [
						{
							"origin": [-1.5, 12, 2],
							"size": [3, 3, 3.5],
							"uv": {
								"north": {"uv": [60, 60], "uv_size": [4, 4]},
								"east": {"uv": [60, 60], "uv_size": [4, 4]},
								"south": {"uv": [60, 60], "uv_size": [4, 4]},
								"west": {"uv": [60, 60], "uv_size": [4, 4]},
								"up": {"uv": [64, 64], "uv_size": [-4, -4]},
								"down": {"uv": [64, 64], "uv_size": [-4, -4]}
							}
						}
					]
				},
				{
					"name": "tail1_p2",
					"parent": "tail1_p1",
					"pivot": [-0.5, 13.5, 5.5],
					"cubes": [
						{
							"origin": [-2, 11.5, 5.5],
							"size": [4, 4, 4.5],
							"uv": {
								"north": {"uv": [60, 60], "uv_size": [4, 4]},
								"east": {"uv": [60, 60], "uv_size": [4, 4]},
								"south": {"uv": [60, 60], "uv_size": [4, 4]},
								"west": {"uv": [60, 60], "uv_size": [4, 4]},
								"up": {"uv": [64, 64], "uv_size": [-4, -4]},
								"down": {"uv": [64, 64], "uv_size": [-4, -4]}
							}
						}
					]
				},
				{
					"name": "tail1_p3",
					"parent": "tail1_p2",
					"pivot": [-0.5, 13.5, 10],
					"cubes": [
						{
							"origin": [-2.5, 11, 10],
							"size": [5, 5, 7.5],
							"uv": {
								"north": {"uv": [60, 60], "uv_size": [4, 4]},
								"east": {"uv": [60, 60], "uv_size": [4, 4]},
								"south": {"uv": [60, 60], "uv_size": [4, 4]},
								"west": {"uv": [60, 60], "uv_size": [4, 4]},
								"up": {"uv": [64, 64], "uv_size": [-4, -4]},
								"down": {"uv": [64, 64], "uv_size": [-4, -4]}
							}
						}
					]
				},
				{
					"name": "tail1_p4",
					"parent": "tail1_p3",
					"pivot": [-0.5, 13.5, 17.5],
					"cubes": [
						{
							"origin": [-2, 11.5, 17.5],
							"size": [4, 4, 4],
							"uv": {
								"north": {"uv": [60, 60], "uv_size": [4, 4]},
								"east": {"uv": [60, 60], "uv_size": [4, 4]},
								"south": {"uv": [60, 60], "uv_size": [4, 4]},
								"west": {"uv": [60, 60], "uv_size": [4, 4]},
								"up": {"uv": [64, 64], "uv_size": [-4, -4]},
								"down": {"uv": [64, 64], "uv_size": [-4, -4]}
							}
						}
					]
				},
				{
					"name": "tail1_p5",
					"parent": "tail1_p4",
					"pivot": [-0.5, 13.5, 21.5],
					"cubes": [
						{
							"origin": [-1.5, 12, 21.5],
							"size": [3, 3, 3],
							"uv": {
								"north": {"uv": [60, 60], "uv_size": [4, 4]},
								"east": {"uv": [60, 60], "uv_size": [4, 4]},
								"south": {"uv": [60, 60], "uv_size": [4, 4]},
								"west": {"uv": [60, 60], "uv_size": [4, 4]},
								"up": {"uv": [64, 64], "uv_size": [-4, -4]},
								"down": {"uv": [64, 64], "uv_size": [-4, -4]}
							}
						}
					]
				},
				{
					"name": "tail1_p6",
					"parent": "tail1_p5",
					"pivot": [-0.5, 13.5, 24.5],
					"cubes": [
						{
							"origin": [-1, 12.5, 24.5],
							"size": [2, 2, 2.5],
							"uv": {
								"north": {"uv": [60, 60], "uv_size": [4, 4]},
								"east": {"uv": [60, 60], "uv_size": [4, 4]},
								"south": {"uv": [60, 60], "uv_size": [4, 4]},
								"west": {"uv": [60, 60], "uv_size": [4, 4]},
								"up": {"uv": [64, 64], "uv_size": [-4, -4]},
								"down": {"uv": [64, 64], "uv_size": [-4, -4]}
							}
						}
					]
				},
				{
					"name": "tail2",
					"parent": "body",
					"pivot": [-3.5, 13.5, 2]
				},
				{
					"name": "tail2_p1",
					"parent": "tail2",
					"pivot": [-3.5, 13.5, 2],
					"cubes": [
						{
							"origin": [-4.5, 12, 2],
							"size": [3, 3, 3.5],
							"uv": {
								"north": {"uv": [60, 60], "uv_size": [4, 4]},
								"east": {"uv": [60, 60], "uv_size": [4, 4]},
								"south": {"uv": [60, 60], "uv_size": [4, 4]},
								"west": {"uv": [60, 60], "uv_size": [4, 4]},
								"up": {"uv": [64, 64], "uv_size": [-4, -4]},
								"down": {"uv": [64, 64], "uv_size": [-4, -4]}
							}
						}
					]
				},
				{
					"name": "tail2_p2",
					"parent": "tail2_p1",
					"pivot": [-3.5, 13.5, 5.5],
					"cubes": [
						{
							"origin": [-5, 11.5, 5.5],
							"size": [4, 4, 4.5],
							"uv": {
								"north": {"uv": [60, 60], "uv_size": [4, 4]},
								"east": {"uv": [60, 60], "uv_size": [4, 4]},
								"south": {"uv": [60, 60], "uv_size": [4, 4]},
								"west": {"uv": [60, 60], "uv_size": [4, 4]},
								"up": {"uv": [64, 64], "uv_size": [-4, -4]},
								"down": {"uv": [64, 64], "uv_size": [-4, -4]}
							}
						}
					]
				},
				{
					"name": "tail2_p3",
					"parent": "tail2_p2",
					"pivot": [-3.5, 13.5, 10],
					"cubes": [
						{
							"origin": [-5.5, 11, 10],
							"size": [5, 5, 7.5],
							"uv": {
								"north": {"uv": [60, 60], "uv_size": [4, 4]},
								"east": {"uv": [60, 60], "uv_size": [4, 4]},
								"south": {"uv": [60, 60], "uv_size": [4, 4]},
								"west": {"uv": [60, 60], "uv_size": [4, 4]},
								"up": {"uv": [64, 64], "uv_size": [-4, -4]},
								"down": {"uv": [64, 64], "uv_size": [-4, -4]}
							}
						}
					]
				},
				{
					"name": "tail2_p4",
					"parent": "tail2_p3",
					"pivot": [-3.5, 13.5, 17.5],
					"cubes": [
						{
							"origin": [-5, 11.5, 17.5],
							"size": [4, 4, 4],
							"uv": {
								"north": {"uv": [60, 60], "uv_size": [4, 4]},
								"east": {"uv": [60, 60], "uv_size": [4, 4]},
								"south": {"uv": [60, 60], "uv_size": [4, 4]},
								"west": {"uv": [60, 60], "uv_size": [4, 4]},
								"up": {"uv": [64, 64], "uv_size": [-4, -4]},
								"down": {"uv": [64, 64], "uv_size": [-4, -4]}
							}
						}
					]
				},
				{
					"name": "tail2_p5",
					"parent": "tail2_p4",
					"pivot": [-3.5, 13.5, 21.5],
					"cubes": [
						{
							"origin": [-4.5, 12, 21.5],
							"size": [3, 3, 3],
							"uv": {
								"north": {"uv": [60, 60], "uv_size": [4, 4]},
								"east": {"uv": [60, 60], "uv_size": [4, 4]},
								"south": {"uv": [60, 60], "uv_size": [4, 4]},
								"west": {"uv": [60, 60], "uv_size": [4, 4]},
								"up": {"uv": [64, 64], "uv_size": [-4, -4]},
								"down": {"uv": [64, 64], "uv_size": [-4, -4]}
							}
						}
					]
				},
				{
					"name": "tail2_p6",
					"parent": "tail2_p5",
					"pivot": [-3.5, 13.5, 24.5],
					"cubes": [
						{
							"origin": [-4, 12.5, 24.5],
							"size": [2, 2, 2.5],
							"uv": {
								"north": {"uv": [60, 60], "uv_size": [4, 4]},
								"east": {"uv": [60, 60], "uv_size": [4, 4]},
								"south": {"uv": [60, 60], "uv_size": [4, 4]},
								"west": {"uv": [60, 60], "uv_size": [4, 4]},
								"up": {"uv": [64, 64], "uv_size": [-4, -4]},
								"down": {"uv": [64, 64], "uv_size": [-4, -4]}
							}
						}
					]
				},
				{
					"name": "tail3",
					"parent": "body",
					"pivot": [3.5, 13.5, 2]
				},
				{
					"name": "tail3_p1",
					"parent": "tail3",
					"pivot": [3.5, 13.5, 2],
					"cubes": [
						{
							"origin": [1.5, 12, 2],
							"size": [3, 3, 3.5],
							"uv": {
								"north": {"uv": [64, 60], "uv_size": [-4, 4]},
								"east": {"uv": [64, 60], "uv_size": [-4, 4]},
								"south": {"uv": [64, 60], "uv_size": [-4, 4]},
								"west": {"uv": [64, 60], "uv_size": [-4, 4]},
								"up": {"uv": [60, 64], "uv_size": [4, -4]},
								"down": {"uv": [60, 64], "uv_size": [4, -4]}
							}
						}
					]
				},
				{
					"name": "tail3_p2",
					"parent": "tail3_p1",
					"pivot": [3.5, 13.5, 5.5],
					"cubes": [
						{
							"origin": [1, 11.5, 5.5],
							"size": [4, 4, 4.5],
							"uv": {
								"north": {"uv": [64, 60], "uv_size": [-4, 4]},
								"east": {"uv": [64, 60], "uv_size": [-4, 4]},
								"south": {"uv": [64, 60], "uv_size": [-4, 4]},
								"west": {"uv": [64, 60], "uv_size": [-4, 4]},
								"up": {"uv": [60, 64], "uv_size": [4, -4]},
								"down": {"uv": [60, 64], "uv_size": [4, -4]}
							}
						}
					]
				},
				{
					"name": "tail3_p3",
					"parent": "tail3_p2",
					"pivot": [3.5, 13.5, 10],
					"cubes": [
						{
							"origin": [0.5, 11, 10],
							"size": [5, 5, 7.5],
							"uv": {
								"north": {"uv": [64, 60], "uv_size": [-4, 4]},
								"east": {"uv": [64, 60], "uv_size": [-4, 4]},
								"south": {"uv": [64, 60], "uv_size": [-4, 4]},
								"west": {"uv": [64, 60], "uv_size": [-4, 4]},
								"up": {"uv": [60, 64], "uv_size": [4, -4]},
								"down": {"uv": [60, 64], "uv_size": [4, -4]}
							}
						}
					]
				},
				{
					"name": "tail3_p4",
					"parent": "tail3_p3",
					"pivot": [3.5, 13.5, 17.5],
					"cubes": [
						{
							"origin": [1, 11.5, 17.5],
							"size": [4, 4, 4],
							"uv": {
								"north": {"uv": [64, 60], "uv_size": [-4, 4]},
								"east": {"uv": [64, 60], "uv_size": [-4, 4]},
								"south": {"uv": [64, 60], "uv_size": [-4, 4]},
								"west": {"uv": [64, 60], "uv_size": [-4, 4]},
								"up": {"uv": [60, 64], "uv_size": [4, -4]},
								"down": {"uv": [60, 64], "uv_size": [4, -4]}
							}
						}
					]
				},
				{
					"name": "tail3_p5",
					"parent": "tail3_p4",
					"pivot": [3.5, 13.5, 21.5],
					"cubes": [
						{
							"origin": [1.5, 12, 21.5],
							"size": [3, 3, 3],
							"uv": {
								"north": {"uv": [64, 60], "uv_size": [-4, 4]},
								"east": {"uv": [64, 60], "uv_size": [-4, 4]},
								"south": {"uv": [64, 60], "uv_size": [-4, 4]},
								"west": {"uv": [64, 60], "uv_size": [-4, 4]},
								"up": {"uv": [60, 64], "uv_size": [4, -4]},
								"down": {"uv": [60, 64], "uv_size": [4, -4]}
							}
						}
					]
				},
				{
					"name": "tail3_p6",
					"parent": "tail3_p5",
					"pivot": [3.5, 13.5, 24.5],
					"cubes": [
						{
							"origin": [2, 12.5, 24.5],
							"size": [2, 2, 2.5],
							"uv": {
								"north": {"uv": [64, 60], "uv_size": [-4, 4]},
								"east": {"uv": [64, 60], "uv_size": [-4, 4]},
								"south": {"uv": [64, 60], "uv_size": [-4, 4]},
								"west": {"uv": [64, 60], "uv_size": [-4, 4]},
								"up": {"uv": [60, 64], "uv_size": [4, -4]},
								"down": {"uv": [60, 64], "uv_size": [4, -4]}
							}
						}
					]
				},
				{
					"name": "leftLeg",
					"parent": "root",
					"pivot": [1.9, 12, 0],
					"cubes": [
						{
							"origin": [0, 0, -2],
							"size": [4, 12, 4],
							"inflate": 0.3,
							"uv": {
								"north": {"uv": [64, 58], "uv_size": [-4, 6]},
								"east": {"uv": [64, 58], "uv_size": [-4, 6]},
								"south": {"uv": [64, 58], "uv_size": [-4, 6]},
								"west": {"uv": [64, 58], "uv_size": [-4, 6]},
								"up": {"uv": [64, 60], "uv_size": [-4, 4]},
								"down": {"uv": [64, 64], "uv_size": [-4, -4]}
							}
						}
					]
				},
				{
					"name": "rightLeg",
					"parent": "root",
					"pivot": [-1.9, 12, 0],
					"cubes": [
						{
							"origin": [-4, 0, -2],
							"size": [4, 12, 4],
							"inflate": 0.3,
							"uv": {
								"north": {"uv": [60, 58], "uv_size": [4, 6]},
								"east": {"uv": [60, 58], "uv_size": [4, 6]},
								"south": {"uv": [60, 58], "uv_size": [4, 6]},
								"west": {"uv": [60, 58], "uv_size": [4, 6]},
								"up": {"uv": [60, 60], "uv_size": [4, 4]},
								"down": {"uv": [60, 64], "uv_size": [4, -4]}
							}
						}
					]
				}
			]
		}
	]
}