{
	"format_version": "1.12.0",
	"minecraft:geometry": [
		{
			"description": {
				"identifier": "geometry.sennin_frogs",
				"texture_width": 128,
				"texture_height": 128,
				"visible_bounds_width": 5,
				"visible_bounds_height": 3.5,
				"visible_bounds_offset": [0, 1.25, 0]
			},
			"bones": [
				{
					"name": "root",
					"pivot": [0, 0, 0]
				},
				{
					"name": "waist",
					"parent": "root",
					"pivot": [0, 12, 0]
				},
				{
					"name": "body",
					"parent": "waist",
					"pivot": [0, 24, 0],
					"cubes": [
						{
							"origin": [-10, 12, 2.5],
							"size": [20, 4, 4],
							"uv": {
								"north": {"uv": [97, 113], "uv_size": [14, 14]},
								"east": {"uv": [97, 113], "uv_size": [14, 14]},
								"south": {"uv": [97, 113], "uv_size": [14, 14]},
								"west": {"uv": [97, 113], "uv_size": [14, 14]},
								"up": {"uv": [97, 113], "uv_size": [14, 14]},
								"down": {"uv": [97, 127], "uv_size": [14, -14]}
							}
						},
						{
							"origin": [-9.5, 11.5, 2.5],
							"size": [19, 5, 4],
							"uv": {
								"north": {"uv": [113, 113], "uv_size": [14, 14]},
								"east": {"uv": [113, 113], "uv_size": [14, 14]},
								"south": {"uv": [113, 113], "uv_size": [14, 14]},
								"west": {"uv": [113, 113], "uv_size": [14, 14]},
								"up": {"uv": [113, 113], "uv_size": [14, 14]},
								"down": {"uv": [113, 127], "uv_size": [14, -14]}
							}
						},
						{
							"origin": [-6, 11.5, 2.5],
							"size": [12, 5, 4],
							"inflate": 0.05,
							"uv": {
								"north": {"uv": [97, 113], "uv_size": [14, 14]},
								"east": {"uv": [97, 113], "uv_size": [14, 14]},
								"south": {"uv": [97, 113], "uv_size": [14, 14]},
								"west": {"uv": [97, 113], "uv_size": [14, 14]},
								"up": {"uv": [97, 113], "uv_size": [14, 14]},
								"down": {"uv": [97, 127], "uv_size": [14, -14]}
							}
						},
						{
							"origin": [-4.5, 11.5, 2.5],
							"size": [9, 5, 4],
							"inflate": 0.1,
							"uv": {
								"north": {"uv": [81, 113], "uv_size": [14, 14]},
								"east": {"uv": [81, 113], "uv_size": [14, 14]},
								"south": {"uv": [81, 113], "uv_size": [14, 14]},
								"west": {"uv": [81, 113], "uv_size": [14, 14]},
								"up": {"uv": [81, 113], "uv_size": [14, 14]},
								"down": {"uv": [81, 127], "uv_size": [14, -14]}
							}
						},
						{
							"origin": [-4.5, 12, 2],
							"size": [9, 4, 5],
							"inflate": 0.1,
							"uv": {
								"north": {"uv": [81, 113], "uv_size": [14, 14]},
								"east": {"uv": [81, 113], "uv_size": [14, 14]},
								"south": {"uv": [81, 113], "uv_size": [14, 14]},
								"west": {"uv": [81, 113], "uv_size": [14, 14]},
								"up": {"uv": [81, 113], "uv_size": [14, 14]},
								"down": {"uv": [81, 127], "uv_size": [14, -14]}
							}
						},
						{
							"origin": [-6.5, 16, -2.25],
							"size": [14, 2.5, 4.5],
							"inflate": 0.1,
							"pivot": [-0.25, 17.25, 0],
							"rotation": [0, 0, -55],
							"uv": {
								"north": {"uv": [81, 113], "uv_size": [14, 14]},
								"east": {"uv": [81, 113], "uv_size": [14, 14]},
								"south": {"uv": [81, 113], "uv_size": [14, 14]},
								"west": {"uv": [81, 113], "uv_size": [14, 14]},
								"up": {"uv": [81, 113], "uv_size": [14, 14]},
								"down": {"uv": [81, 127], "uv_size": [14, -14]}
							}
						},
						{
							"origin": [-6, 12, 2],
							"size": [12, 4, 5],
							"inflate": 0.05,
							"uv": {
								"north": {"uv": [97, 113], "uv_size": [14, 14]},
								"east": {"uv": [97, 113], "uv_size": [14, 14]},
								"south": {"uv": [97, 113], "uv_size": [14, 14]},
								"west": {"uv": [97, 113], "uv_size": [14, 14]},
								"up": {"uv": [97, 113], "uv_size": [14, 14]},
								"down": {"uv": [97, 127], "uv_size": [14, -14]}
							}
						},
						{
							"origin": [-9.5, 12, 2],
							"size": [19, 4, 5],
							"uv": {
								"north": {"uv": [113, 113], "uv_size": [14, 14]},
								"east": {"uv": [113, 113], "uv_size": [14, 14]},
								"south": {"uv": [113, 113], "uv_size": [14, 14]},
								"west": {"uv": [113, 113], "uv_size": [14, 14]},
								"up": {"uv": [113, 113], "uv_size": [14, 14]},
								"down": {"uv": [113, 127], "uv_size": [14, -14]}
							}
						}
					]
				},
				{
					"name": "head",
					"parent": "body",
					"pivot": [0, 24, 0],
					"cubes": [
						{
							"origin": [-4, 24, -4],
							"size": [8, 8, 8],
							"inflate": 0.015,
							"uv": {
								"north": {"uv": [0, 0], "uv_size": [64, 64]},
								"east": {"uv": [0, 128], "uv_size": [0, 0]},
								"south": {"uv": [0, 128], "uv_size": [0, 0]},
								"west": {"uv": [0, 128], "uv_size": [0, 0]},
								"up": {"uv": [0, 128], "uv_size": [0, 0]},
								"down": {"uv": [0, 128], "uv_size": [0, 0]}
							}
						}
					]
				}
			]
		}
	]
}