{
	"format_version": "1.12.0",
	"minecraft:geometry": [
		{
			"description": {
				"identifier": "geometry.trigramas",
				"texture_width": 64,
				"texture_height": 64,
				"visible_bounds_width": 12,
				"visible_bounds_height": 1.5,
				"visible_bounds_offset": [0, 0.25, 0]
			},
			"bones": [
				{
					"name": "body",
					"pivot": [0, 0, 0],
					"cubes": [
						{
							"origin": [-88, 0.05, -88],
							"size": [176, 0, 176],
							"uv": {
								"up": {"uv": [0, 0], "uv_size": [64, 64]}
							}
						}
					]
				}
			]
		}
	]
}