{
	"format_version": "1.12.0",
	"minecraft:geometry": [
		{
			"description": {
				"identifier": "geometry.twin_lions",
				"texture_width": 128,
				"texture_height": 128,
				"visible_bounds_width": 4,
				"visible_bounds_height": 4,
				"visible_bounds_offset": [0, 1, 0]
			},
			"bones": [
				{
					"name": "root",
					"pivot": [0, 0, 0]
				},
				{
					"name": "waist",
					"parent": "root",
					"pivot": [0, 12, 0]
				},
				{
					"name": "body",
					"parent": "waist",
					"pivot": [0, 24, 0]
				},
				{
					"name": "rightArm",
					"parent": "body",
					"pivot": [-5, 22, 0],
					"cubes": [
						{
							"origin": [-9, 12.25, -1.75],
							"size": [5.5, 5, 3.5],
							"uv": {
								"north": {"uv": [0, 64], "uv_size": [64, 64]},
								"east": {"uv": [0, 64], "uv_size": [64, 64]},
								"south": {"uv": [0, 64], "uv_size": [64, 64]},
								"west": {"uv": [0, 64], "uv_size": [64, 64]},
								"up": {"uv": [64, 128], "uv_size": [-64, -64]},
								"down": {"uv": [64, 128], "uv_size": [-64, -64]}
							}
						},
						{
							"origin": [-8.75, 11, -2.75],
							"size": [5, 6, 5.5],
							"uv": {
								"north": {"uv": [0, 64], "uv_size": [64, 64]},
								"east": {"uv": [0, 64], "uv_size": [64, 64]},
								"south": {"uv": [0, 64], "uv_size": [64, 64]},
								"west": {"uv": [0, 64], "uv_size": [64, 64]},
								"up": {"uv": [64, 128], "uv_size": [-64, -64]},
								"down": {"uv": [64, 128], "uv_size": [-64, -64]}
							}
						},
						{
							"origin": [-7.25, 15.25, -3],
							"size": [1.5, 4.5, 1.5],
							"pivot": [-6.5, 16.125, -2.25],
							"rotation": [15, 0, 0],
							"uv": {
								"north": {"uv": [0, 64], "uv_size": [64, 64]},
								"east": {"uv": [0, 64], "uv_size": [64, 64]},
								"south": {"uv": [0, 64], "uv_size": [64, 64]},
								"west": {"uv": [0, 64], "uv_size": [64, 64]},
								"up": {"uv": [64, 128], "uv_size": [-64, -64]},
								"down": {"uv": [64, 128], "uv_size": [-64, -64]}
							}
						},
						{
							"origin": [-7.25, 15.25, 1.5],
							"size": [1.5, 4.5, 1.5],
							"pivot": [-6.5, 16.125, 2.25],
							"rotation": [-15, 0, 0],
							"uv": {
								"north": {"uv": [64, 64], "uv_size": [-64, 64]},
								"east": {"uv": [64, 64], "uv_size": [-64, 64]},
								"south": {"uv": [64, 64], "uv_size": [-64, 64]},
								"west": {"uv": [64, 64], "uv_size": [-64, 64]},
								"up": {"uv": [64, 64], "uv_size": [-64, 64]},
								"down": {"uv": [64, 64], "uv_size": [-64, 64]}
							}
						},
						{
							"origin": [-8.5, 17.25, -2.5],
							"size": [1.5, 3.75, 1.5],
							"pivot": [-7.75, 17.375, -1.75],
							"rotation": [10, 15, -7.5],
							"uv": {
								"north": {"uv": [0, 64], "uv_size": [64, 64]},
								"east": {"uv": [0, 64], "uv_size": [64, 64]},
								"south": {"uv": [0, 64], "uv_size": [64, 64]},
								"west": {"uv": [0, 64], "uv_size": [64, 64]},
								"up": {"uv": [64, 128], "uv_size": [-64, -64]},
								"down": {"uv": [64, 128], "uv_size": [-64, -64]}
							}
						},
						{
							"origin": [-8.5, 17.25, 1],
							"size": [1.5, 3.75, 1.5],
							"pivot": [-7.75, 17.375, 1.75],
							"rotation": [-10, -15, -7.5],
							"uv": {
								"north": {"uv": [64, 64], "uv_size": [-64, 64]},
								"east": {"uv": [64, 64], "uv_size": [-64, 64]},
								"south": {"uv": [64, 64], "uv_size": [-64, 64]},
								"west": {"uv": [64, 64], "uv_size": [-64, 64]},
								"up": {"uv": [64, 64], "uv_size": [-64, 64]},
								"down": {"uv": [64, 64], "uv_size": [-64, 64]}
							}
						},
						{
							"origin": [-6, 17.25, 1],
							"size": [1.5, 3.75, 1.5],
							"pivot": [-5.25, 17.375, 1.75],
							"rotation": [-10, 15, 7.5],
							"uv": {
								"north": {"uv": [64, 64], "uv_size": [-64, 64]},
								"east": {"uv": [64, 64], "uv_size": [-64, 64]},
								"south": {"uv": [64, 64], "uv_size": [-64, 64]},
								"west": {"uv": [64, 64], "uv_size": [-64, 64]},
								"up": {"uv": [64, 64], "uv_size": [-64, 64]},
								"down": {"uv": [64, 64], "uv_size": [-64, 64]}
							}
						},
						{
							"origin": [-6, 17.25, -2.5],
							"size": [1.5, 3.75, 1.5],
							"pivot": [-5.25, 17.375, -1.75],
							"rotation": [10, -15, 7.5],
							"uv": {
								"north": {"uv": [0, 64], "uv_size": [64, 64]},
								"east": {"uv": [0, 64], "uv_size": [64, 64]},
								"south": {"uv": [0, 64], "uv_size": [64, 64]},
								"west": {"uv": [0, 64], "uv_size": [64, 64]},
								"up": {"uv": [64, 128], "uv_size": [-64, -64]},
								"down": {"uv": [64, 128], "uv_size": [-64, -64]}
							}
						},
						{
							"origin": [-9.5, 16, -1],
							"size": [1.5, 3.75, 2],
							"pivot": [-9, 16.125, 0.5],
							"rotation": [0, 0, -27.5],
							"uv": {
								"north": {"uv": [64, 64], "uv_size": [-64, 64]},
								"east": {"uv": [64, 64], "uv_size": [-64, 64]},
								"south": {"uv": [64, 64], "uv_size": [-64, 64]},
								"west": {"uv": [64, 64], "uv_size": [-64, 64]},
								"up": {"uv": [64, 64], "uv_size": [-64, 64]},
								"down": {"uv": [64, 64], "uv_size": [-64, 64]}
							}
						},
						{
							"origin": [-5, 16, -1],
							"size": [1.5, 3.75, 2],
							"pivot": [-4.5, 16.125, 0.5],
							"rotation": [0, 0, 27.5],
							"uv": {
								"north": {"uv": [64, 64], "uv_size": [-64, 64]},
								"east": {"uv": [64, 64], "uv_size": [-64, 64]},
								"south": {"uv": [64, 64], "uv_size": [-64, 64]},
								"west": {"uv": [64, 64], "uv_size": [-64, 64]},
								"up": {"uv": [64, 64], "uv_size": [-64, 64]},
								"down": {"uv": [64, 64], "uv_size": [-64, 64]}
							}
						},
						{
							"origin": [-9.5, 14.75, -2.75],
							"size": [2, 4, 1.5],
							"pivot": [-8.5, 16.125, -2],
							"rotation": [22.5, 45, 2.5],
							"uv": {
								"north": {"uv": [0, 64], "uv_size": [64, 64]},
								"east": {"uv": [0, 64], "uv_size": [64, 64]},
								"south": {"uv": [0, 64], "uv_size": [64, 64]},
								"west": {"uv": [0, 64], "uv_size": [64, 64]},
								"up": {"uv": [64, 128], "uv_size": [-64, -64]},
								"down": {"uv": [64, 128], "uv_size": [-64, -64]}
							}
						},
						{
							"origin": [-9, 17.25, -1.25],
							"size": [2, 2.75, 1.5],
							"pivot": [-8, 17.375, -0.5],
							"rotation": [22.5, 45, 2.5],
							"uv": {
								"north": {"uv": [0, 64], "uv_size": [64, 64]},
								"east": {"uv": [0, 64], "uv_size": [64, 64]},
								"south": {"uv": [0, 64], "uv_size": [64, 64]},
								"west": {"uv": [0, 64], "uv_size": [64, 64]},
								"up": {"uv": [64, 128], "uv_size": [-64, -64]},
								"down": {"uv": [64, 128], "uv_size": [-64, -64]}
							}
						},
						{
							"origin": [-9, 17.25, -0.25],
							"size": [2, 2.75, 1.5],
							"pivot": [-8, 17.375, 0.5],
							"rotation": [-22.5, -45, 2.5],
							"uv": {
								"north": {"uv": [64, 64], "uv_size": [-64, 64]},
								"east": {"uv": [64, 64], "uv_size": [-64, 64]},
								"south": {"uv": [64, 64], "uv_size": [-64, 64]},
								"west": {"uv": [64, 64], "uv_size": [-64, 64]},
								"up": {"uv": [64, 64], "uv_size": [-64, 64]},
								"down": {"uv": [64, 64], "uv_size": [-64, 64]}
							}
						},
						{
							"origin": [-6.25, 17.25, -0.25],
							"size": [2, 2.75, 1.5],
							"pivot": [-5.25, 17.375, 0.5],
							"rotation": [-22.5, 45, 2.5],
							"uv": {
								"north": {"uv": [64, 64], "uv_size": [-64, 64]},
								"east": {"uv": [64, 64], "uv_size": [-64, 64]},
								"south": {"uv": [64, 64], "uv_size": [-64, 64]},
								"west": {"uv": [64, 64], "uv_size": [-64, 64]},
								"up": {"uv": [64, 64], "uv_size": [-64, 64]},
								"down": {"uv": [64, 64], "uv_size": [-64, 64]}
							}
						},
						{
							"origin": [-6.25, 17.25, -1.25],
							"size": [2, 2.75, 1.5],
							"pivot": [-5.25, 17.375, -0.5],
							"rotation": [22.5, -45, 2.5],
							"uv": {
								"north": {"uv": [0, 64], "uv_size": [64, 64]},
								"east": {"uv": [0, 64], "uv_size": [64, 64]},
								"south": {"uv": [0, 64], "uv_size": [64, 64]},
								"west": {"uv": [0, 64], "uv_size": [64, 64]},
								"up": {"uv": [64, 128], "uv_size": [-64, -64]},
								"down": {"uv": [64, 128], "uv_size": [-64, -64]}
							}
						},
						{
							"origin": [-9.5, 14.75, 1.25],
							"size": [2, 4, 1.5],
							"pivot": [-8.5, 16.125, 2],
							"rotation": [-22.5, -45, 2.5],
							"uv": {
								"north": {"uv": [64, 64], "uv_size": [-64, 64]},
								"east": {"uv": [64, 64], "uv_size": [-64, 64]},
								"south": {"uv": [64, 64], "uv_size": [-64, 64]},
								"west": {"uv": [64, 64], "uv_size": [-64, 64]},
								"up": {"uv": [64, 64], "uv_size": [-64, 64]},
								"down": {"uv": [64, 64], "uv_size": [-64, 64]}
							}
						},
						{
							"origin": [-5.5, 14.75, -2.75],
							"size": [2, 4, 1.5],
							"pivot": [-4.5, 16.125, -2],
							"rotation": [22.5, -45, -2.5],
							"uv": {
								"north": {"uv": [0, 64], "uv_size": [64, 64]},
								"east": {"uv": [0, 64], "uv_size": [64, 64]},
								"south": {"uv": [0, 64], "uv_size": [64, 64]},
								"west": {"uv": [0, 64], "uv_size": [64, 64]},
								"up": {"uv": [64, 128], "uv_size": [-64, -64]},
								"down": {"uv": [64, 128], "uv_size": [-64, -64]}
							}
						},
						{
							"origin": [-5.5, 14.75, 1.25],
							"size": [2, 4, 1.5],
							"pivot": [-4.5, 16.125, 2],
							"rotation": [-22.5, 45, -2.5],
							"uv": {
								"north": {"uv": [64, 64], "uv_size": [-64, 64]},
								"east": {"uv": [64, 64], "uv_size": [-64, 64]},
								"south": {"uv": [64, 64], "uv_size": [-64, 64]},
								"west": {"uv": [64, 64], "uv_size": [-64, 64]},
								"up": {"uv": [64, 64], "uv_size": [-64, 64]},
								"down": {"uv": [64, 64], "uv_size": [-64, 64]}
							}
						},
						{
							"origin": [-6.85, 8.9, -2.5],
							"size": [3.2, 2.16875, 5],
							"uv": {
								"north": {"uv": [0, 64], "uv_size": [64, 64]},
								"east": {"uv": [0, 64], "uv_size": [64, 64]},
								"south": {"uv": [0, 64], "uv_size": [64, 64]},
								"west": {"uv": [0, 64], "uv_size": [64, 64]},
								"up": {"uv": [64, 128], "uv_size": [-64, -64]},
								"down": {"uv": [0, 128], "uv_size": [0, 0]}
							}
						},
						{
							"origin": [-7.64591, 9.24203, -0.86],
							"size": [1.2, 2.5, 1.72],
							"pivot": [-7.04591, 10.49203, 0],
							"rotation": [0, 0, -20],
							"uv": {
								"north": {"uv": [71, 87], "uv_size": [9, 9]},
								"east": {"uv": [71, 87], "uv_size": [9, 9]},
								"south": {"uv": [71, 87], "uv_size": [9, 9]},
								"west": {"uv": [71, 87], "uv_size": [9, 9]},
								"up": {"uv": [80, 96], "uv_size": [-9, -9]},
								"down": {"uv": [80, 96], "uv_size": [-9, -9]}
							}
						},
						{
							"origin": [-6.33438, 8.31562, -2.575],
							"size": [1.16875, 3.2, 0],
							"pivot": [-5.23438, 9.9, -2.54375],
							"rotation": [0, 0, -90],
							"uv": {
								"north": {"uv": [118, 68], "uv_size": [10, 44]},
								"east": {"uv": [0, 0], "uv_size": [0, 0]},
								"south": {"uv": [0, 0], "uv_size": [0, 0]},
								"west": {"uv": [0, 0], "uv_size": [0, 0]},
								"up": {"uv": [0, 0], "uv_size": [0, 0]},
								"down": {"uv": [0, 0], "uv_size": [0, 0]}
							}
						},
						{
							"origin": [-6.33438, 8.31562, 2.524],
							"size": [1.16875, 3.2, 0],
							"pivot": [-5.23438, 9.9, 2.49275],
							"rotation": [0, 0, -90],
							"uv": {
								"north": {"uv": [0, 0], "uv_size": [0, 0]},
								"east": {"uv": [0, 0], "uv_size": [0, 0]},
								"south": {"uv": [64, 68], "uv_size": [10, 44]},
								"west": {"uv": [0, 0], "uv_size": [0, 0]},
								"up": {"uv": [0, 0], "uv_size": [0, 0]},
								"down": {"uv": [0, 0], "uv_size": [0, 0]}
							}
						},
						{
							"origin": [-8.28, 10.95, 0.75125],
							"size": [1.45, 0.0625, 2.02875],
							"uv": {
								"north": {"uv": [128, 0], "uv_size": [0, 0]},
								"east": {"uv": [128, 0], "uv_size": [0, 0]},
								"south": {"uv": [128, 0], "uv_size": [0, 0]},
								"west": {"uv": [128, 0], "uv_size": [0, 0]},
								"up": {"uv": [128, 0], "uv_size": [0, 0]},
								"down": {"uv": [82, 28], "uv_size": [36, 28]}
							}
						},
						{
							"origin": [-8.28, 10.95, -2.78],
							"size": [1.45, 0.0625, 2.02875],
							"uv": {
								"north": {"uv": [128, 0], "uv_size": [0, 0]},
								"east": {"uv": [128, 0], "uv_size": [0, 0]},
								"south": {"uv": [128, 0], "uv_size": [0, 0]},
								"west": {"uv": [128, 0], "uv_size": [0, 0]},
								"up": {"uv": [128, 0], "uv_size": [0, 0]},
								"down": {"uv": [82, 56], "uv_size": [36, -28]}
							}
						},
						{
							"origin": [-7.85, 8.8, -1.375],
							"size": [5.1, 0, 3.2],
							"pivot": [-5.15, 8.9, 0.125],
							"rotation": [0, -90, 0],
							"uv": {
								"north": {"uv": [128, 0], "uv_size": [0, 0]},
								"east": {"uv": [128, 0], "uv_size": [0, 0]},
								"south": {"uv": [128, 0], "uv_size": [0, 0]},
								"west": {"uv": [128, 0], "uv_size": [0, 0]},
								"up": {"uv": [128, 0], "uv_size": [0, 0]},
								"down": {"uv": [118, 112], "uv_size": [-44, -44]}
							}
						}
					]
				},
				{
					"name": "leftArm",
					"parent": "body",
					"pivot": [5, 22, 0],
					"cubes": [
						{
							"origin": [3.5, 12.25, -1.75],
							"size": [5.5, 5, 3.5],
							"uv": {
								"north": {"uv": [64, 64], "uv_size": [-64, 64]},
								"east": {"uv": [64, 64], "uv_size": [-64, 64]},
								"south": {"uv": [64, 64], "uv_size": [-64, 64]},
								"west": {"uv": [64, 64], "uv_size": [-64, 64]},
								"up": {"uv": [0, 128], "uv_size": [64, -64]},
								"down": {"uv": [0, 128], "uv_size": [64, -64]}
							}
						},
						{
							"origin": [3.75, 11, -2.75],
							"size": [5, 6, 5.5],
							"uv": {
								"north": {"uv": [64, 64], "uv_size": [-64, 64]},
								"east": {"uv": [64, 64], "uv_size": [-64, 64]},
								"south": {"uv": [64, 64], "uv_size": [-64, 64]},
								"west": {"uv": [64, 64], "uv_size": [-64, 64]},
								"up": {"uv": [0, 128], "uv_size": [64, -64]},
								"down": {"uv": [0, 128], "uv_size": [64, -64]}
							}
						},
						{
							"origin": [5.75, 15.25, -3],
							"size": [1.5, 4.5, 1.5],
							"pivot": [6.5, 16.125, -2.25],
							"rotation": [15, 0, 0],
							"uv": {
								"north": {"uv": [64, 64], "uv_size": [-64, 64]},
								"east": {"uv": [64, 64], "uv_size": [-64, 64]},
								"south": {"uv": [64, 64], "uv_size": [-64, 64]},
								"west": {"uv": [64, 64], "uv_size": [-64, 64]},
								"up": {"uv": [0, 128], "uv_size": [64, -64]},
								"down": {"uv": [0, 128], "uv_size": [64, -64]}
							}
						},
						{
							"origin": [5.75, 15.25, 1.5],
							"size": [1.5, 4.5, 1.5],
							"pivot": [6.5, 16.125, 2.25],
							"rotation": [-15, 0, 0],
							"uv": {
								"north": {"uv": [0, 64], "uv_size": [64, 64]},
								"east": {"uv": [0, 64], "uv_size": [64, 64]},
								"south": {"uv": [0, 64], "uv_size": [64, 64]},
								"west": {"uv": [0, 64], "uv_size": [64, 64]},
								"up": {"uv": [0, 64], "uv_size": [64, 64]},
								"down": {"uv": [0, 64], "uv_size": [64, 64]}
							}
						},
						{
							"origin": [7, 17.25, -2.5],
							"size": [1.5, 3.75, 1.5],
							"pivot": [7.75, 17.375, -1.75],
							"rotation": [10, -15, 7.5],
							"uv": {
								"north": {"uv": [64, 64], "uv_size": [-64, 64]},
								"east": {"uv": [64, 64], "uv_size": [-64, 64]},
								"south": {"uv": [64, 64], "uv_size": [-64, 64]},
								"west": {"uv": [64, 64], "uv_size": [-64, 64]},
								"up": {"uv": [0, 128], "uv_size": [64, -64]},
								"down": {"uv": [0, 128], "uv_size": [64, -64]}
							}
						},
						{
							"origin": [7, 17.25, 1],
							"size": [1.5, 3.75, 1.5],
							"pivot": [7.75, 17.375, 1.75],
							"rotation": [-10, 15, 7.5],
							"uv": {
								"north": {"uv": [0, 64], "uv_size": [64, 64]},
								"east": {"uv": [0, 64], "uv_size": [64, 64]},
								"south": {"uv": [0, 64], "uv_size": [64, 64]},
								"west": {"uv": [0, 64], "uv_size": [64, 64]},
								"up": {"uv": [0, 64], "uv_size": [64, 64]},
								"down": {"uv": [0, 64], "uv_size": [64, 64]}
							}
						},
						{
							"origin": [4.5, 17.25, 1],
							"size": [1.5, 3.75, 1.5],
							"pivot": [5.25, 17.375, 1.75],
							"rotation": [-10, -15, -7.5],
							"uv": {
								"north": {"uv": [0, 64], "uv_size": [64, 64]},
								"east": {"uv": [0, 64], "uv_size": [64, 64]},
								"south": {"uv": [0, 64], "uv_size": [64, 64]},
								"west": {"uv": [0, 64], "uv_size": [64, 64]},
								"up": {"uv": [0, 64], "uv_size": [64, 64]},
								"down": {"uv": [0, 64], "uv_size": [64, 64]}
							}
						},
						{
							"origin": [4.5, 17.25, -2.5],
							"size": [1.5, 3.75, 1.5],
							"pivot": [5.25, 17.375, -1.75],
							"rotation": [10, 15, -7.5],
							"uv": {
								"north": {"uv": [64, 64], "uv_size": [-64, 64]},
								"east": {"uv": [64, 64], "uv_size": [-64, 64]},
								"south": {"uv": [64, 64], "uv_size": [-64, 64]},
								"west": {"uv": [64, 64], "uv_size": [-64, 64]},
								"up": {"uv": [0, 128], "uv_size": [64, -64]},
								"down": {"uv": [0, 128], "uv_size": [64, -64]}
							}
						},
						{
							"origin": [8, 16, -1],
							"size": [1.5, 3.75, 2],
							"pivot": [9, 16.125, 0.5],
							"rotation": [0, 0, 27.5],
							"uv": {
								"north": {"uv": [0, 64], "uv_size": [64, 64]},
								"east": {"uv": [0, 64], "uv_size": [64, 64]},
								"south": {"uv": [0, 64], "uv_size": [64, 64]},
								"west": {"uv": [0, 64], "uv_size": [64, 64]},
								"up": {"uv": [0, 64], "uv_size": [64, 64]},
								"down": {"uv": [0, 64], "uv_size": [64, 64]}
							}
						},
						{
							"origin": [3.5, 16, -1],
							"size": [1.5, 3.75, 2],
							"pivot": [4.5, 16.125, 0.5],
							"rotation": [0, 0, -27.5],
							"uv": {
								"north": {"uv": [0, 64], "uv_size": [64, 64]},
								"east": {"uv": [0, 64], "uv_size": [64, 64]},
								"south": {"uv": [0, 64], "uv_size": [64, 64]},
								"west": {"uv": [0, 64], "uv_size": [64, 64]},
								"up": {"uv": [0, 64], "uv_size": [64, 64]},
								"down": {"uv": [0, 64], "uv_size": [64, 64]}
							}
						},
						{
							"origin": [7.5, 14.75, -2.75],
							"size": [2, 4, 1.5],
							"pivot": [8.5, 16.125, -2],
							"rotation": [22.5, -45, -2.5],
							"uv": {
								"north": {"uv": [64, 64], "uv_size": [-64, 64]},
								"east": {"uv": [64, 64], "uv_size": [-64, 64]},
								"south": {"uv": [64, 64], "uv_size": [-64, 64]},
								"west": {"uv": [64, 64], "uv_size": [-64, 64]},
								"up": {"uv": [0, 128], "uv_size": [64, -64]},
								"down": {"uv": [0, 128], "uv_size": [64, -64]}
							}
						},
						{
							"origin": [7, 17.25, -1.25],
							"size": [2, 2.75, 1.5],
							"pivot": [8, 17.375, -0.5],
							"rotation": [22.5, -45, -2.5],
							"uv": {
								"north": {"uv": [64, 64], "uv_size": [-64, 64]},
								"east": {"uv": [64, 64], "uv_size": [-64, 64]},
								"south": {"uv": [64, 64], "uv_size": [-64, 64]},
								"west": {"uv": [64, 64], "uv_size": [-64, 64]},
								"up": {"uv": [0, 128], "uv_size": [64, -64]},
								"down": {"uv": [0, 128], "uv_size": [64, -64]}
							}
						},
						{
							"origin": [7, 17.25, -0.25],
							"size": [2, 2.75, 1.5],
							"pivot": [8, 17.375, 0.5],
							"rotation": [-22.5, 45, -2.5],
							"uv": {
								"north": {"uv": [0, 64], "uv_size": [64, 64]},
								"east": {"uv": [0, 64], "uv_size": [64, 64]},
								"south": {"uv": [0, 64], "uv_size": [64, 64]},
								"west": {"uv": [0, 64], "uv_size": [64, 64]},
								"up": {"uv": [0, 64], "uv_size": [64, 64]},
								"down": {"uv": [0, 64], "uv_size": [64, 64]}
							}
						},
						{
							"origin": [4.25, 17.25, -0.25],
							"size": [2, 2.75, 1.5],
							"pivot": [5.25, 17.375, 0.5],
							"rotation": [-22.5, -45, -2.5],
							"uv": {
								"north": {"uv": [0, 64], "uv_size": [64, 64]},
								"east": {"uv": [0, 64], "uv_size": [64, 64]},
								"south": {"uv": [0, 64], "uv_size": [64, 64]},
								"west": {"uv": [0, 64], "uv_size": [64, 64]},
								"up": {"uv": [0, 64], "uv_size": [64, 64]},
								"down": {"uv": [0, 64], "uv_size": [64, 64]}
							}
						},
						{
							"origin": [4.25, 17.25, -1.25],
							"size": [2, 2.75, 1.5],
							"pivot": [5.25, 17.375, -0.5],
							"rotation": [22.5, 45, -2.5],
							"uv": {
								"north": {"uv": [64, 64], "uv_size": [-64, 64]},
								"east": {"uv": [64, 64], "uv_size": [-64, 64]},
								"south": {"uv": [64, 64], "uv_size": [-64, 64]},
								"west": {"uv": [64, 64], "uv_size": [-64, 64]},
								"up": {"uv": [0, 128], "uv_size": [64, -64]},
								"down": {"uv": [0, 128], "uv_size": [64, -64]}
							}
						},
						{
							"origin": [7.5, 14.75, 1.25],
							"size": [2, 4, 1.5],
							"pivot": [8.5, 16.125, 2],
							"rotation": [-22.5, 45, -2.5],
							"uv": {
								"north": {"uv": [0, 64], "uv_size": [64, 64]},
								"east": {"uv": [0, 64], "uv_size": [64, 64]},
								"south": {"uv": [0, 64], "uv_size": [64, 64]},
								"west": {"uv": [0, 64], "uv_size": [64, 64]},
								"up": {"uv": [0, 64], "uv_size": [64, 64]},
								"down": {"uv": [0, 64], "uv_size": [64, 64]}
							}
						},
						{
							"origin": [3.5, 14.75, -2.75],
							"size": [2, 4, 1.5],
							"pivot": [4.5, 16.125, -2],
							"rotation": [22.5, 45, 2.5],
							"uv": {
								"north": {"uv": [64, 64], "uv_size": [-64, 64]},
								"east": {"uv": [64, 64], "uv_size": [-64, 64]},
								"south": {"uv": [64, 64], "uv_size": [-64, 64]},
								"west": {"uv": [64, 64], "uv_size": [-64, 64]},
								"up": {"uv": [0, 128], "uv_size": [64, -64]},
								"down": {"uv": [0, 128], "uv_size": [64, -64]}
							}
						},
						{
							"origin": [3.5, 14.75, 1.25],
							"size": [2, 4, 1.5],
							"pivot": [4.5, 16.125, 2],
							"rotation": [-22.5, -45, 2.5],
							"uv": {
								"north": {"uv": [0, 64], "uv_size": [64, 64]},
								"east": {"uv": [0, 64], "uv_size": [64, 64]},
								"south": {"uv": [0, 64], "uv_size": [64, 64]},
								"west": {"uv": [0, 64], "uv_size": [64, 64]},
								"up": {"uv": [0, 64], "uv_size": [64, 64]},
								"down": {"uv": [0, 64], "uv_size": [64, 64]}
							}
						},
						{
							"origin": [3.65, 8.9, -2.5],
							"size": [3.2, 2.16875, 5],
							"uv": {
								"north": {"uv": [64, 64], "uv_size": [-64, 64]},
								"east": {"uv": [64, 64], "uv_size": [-64, 64]},
								"south": {"uv": [64, 64], "uv_size": [-64, 64]},
								"west": {"uv": [64, 64], "uv_size": [-64, 64]},
								"up": {"uv": [0, 128], "uv_size": [64, -64]},
								"down": {"uv": [0, 128], "uv_size": [0, 0]}
							}
						},
						{
							"origin": [6.44591, 9.24203, -0.86],
							"size": [1.2, 2.5, 1.72],
							"pivot": [7.04591, 10.49203, 0],
							"rotation": [0, 0, 20],
							"uv": {
								"north": {"uv": [80, 87], "uv_size": [-9, 9]},
								"east": {"uv": [80, 87], "uv_size": [-9, 9]},
								"south": {"uv": [80, 87], "uv_size": [-9, 9]},
								"west": {"uv": [80, 87], "uv_size": [-9, 9]},
								"up": {"uv": [71, 96], "uv_size": [9, -9]},
								"down": {"uv": [71, 96], "uv_size": [9, -9]}
							}
						},
						{
							"origin": [5.16563, 8.31562, -2.575],
							"size": [1.16875, 3.2, 0],
							"pivot": [5.23438, 9.9, -2.54375],
							"rotation": [0, 0, 90],
							"uv": {
								"north": {"uv": [128, 68], "uv_size": [-10, 44]},
								"east": {"uv": [0, 0], "uv_size": [0, 0]},
								"south": {"uv": [0, 0], "uv_size": [0, 0]},
								"west": {"uv": [0, 0], "uv_size": [0, 0]},
								"up": {"uv": [0, 0], "uv_size": [0, 0]},
								"down": {"uv": [0, 0], "uv_size": [0, 0]}
							}
						},
						{
							"origin": [5.16563, 8.31562, 2.524],
							"size": [1.16875, 3.2, 0],
							"pivot": [5.23438, 9.9, 2.49275],
							"rotation": [0, 0, 90],
							"uv": {
								"north": {"uv": [0, 0], "uv_size": [0, 0]},
								"east": {"uv": [0, 0], "uv_size": [0, 0]},
								"south": {"uv": [74, 68], "uv_size": [-10, 44]},
								"west": {"uv": [0, 0], "uv_size": [0, 0]},
								"up": {"uv": [0, 0], "uv_size": [0, 0]},
								"down": {"uv": [0, 0], "uv_size": [0, 0]}
							}
						},
						{
							"origin": [6.83, 10.95, 0.75125],
							"size": [1.45, 0.0625, 2.02875],
							"uv": {
								"north": {"uv": [128, 0], "uv_size": [0, 0]},
								"east": {"uv": [128, 0], "uv_size": [0, 0]},
								"south": {"uv": [128, 0], "uv_size": [0, 0]},
								"west": {"uv": [128, 0], "uv_size": [0, 0]},
								"up": {"uv": [128, 0], "uv_size": [0, 0]},
								"down": {"uv": [118, 28], "uv_size": [-36, 28]}
							}
						},
						{
							"origin": [6.83, 10.95, -2.78],
							"size": [1.45, 0.0625, 2.02875],
							"uv": {
								"north": {"uv": [128, 0], "uv_size": [0, 0]},
								"east": {"uv": [128, 0], "uv_size": [0, 0]},
								"south": {"uv": [128, 0], "uv_size": [0, 0]},
								"west": {"uv": [128, 0], "uv_size": [0, 0]},
								"up": {"uv": [128, 0], "uv_size": [0, 0]},
								"down": {"uv": [118, 56], "uv_size": [-36, -28]}
							}
						},
						{
							"origin": [2.75, 8.8, -1.375],
							"size": [5.1, 0, 3.2],
							"pivot": [5.15, 8.9, 0.125],
							"rotation": [0, 90, 0],
							"uv": {
								"north": {"uv": [128, 0], "uv_size": [0, 0]},
								"east": {"uv": [128, 0], "uv_size": [0, 0]},
								"south": {"uv": [128, 0], "uv_size": [0, 0]},
								"west": {"uv": [128, 0], "uv_size": [0, 0]},
								"up": {"uv": [128, 0], "uv_size": [0, 0]},
								"down": {"uv": [74, 112], "uv_size": [44, -44]}
							}
						}
					]
				}
			]
		}
	]
}