
{
  "format_version": "1.8.0",
  "minecraft:client_entity": {
    "description": {
      "identifier": "mello:gamakichi",
      "materials": {
	    "default": "glow",
	    "invisible": "glow_glass_blender"
	  },
      "textures": {
        "default": "textures/mobs/gamakichi" 
       
      
      },
      "geometry": {
        "default": "geometry.gamakichi"
      
      },
      "scripts": {
        "pre_animation": [
          "variable.z_bob = Math.cos(query.life_time * 103.13244) * 2.865 + 2.865;",
          "variable.x_bob = Math.sin(query.life_time * 76.776372) * 2.865;"
        ]
      },
      "animations": {
        "atacar": "animation.gamakichi_atacar",
        "andar": "animation.gamakichi_andar",
        "correr": "animation.gamakichi_andar"
      },
      "animation_controllers": [
        { "attack": "controller.animation.gamakichi" } 
        
      ],
      "spawn_egg": {
        "texture": "spawn_egg",
        "texture_index": 57
      },
      "render_controllers": [ "controller.render.glow"   ]
    }
  }
}