{
  "format_version": "1.10.0",
  "minecraft:client_entity": {
    "description": {
      "identifier": "mello:kunai_minato_projetil",
      "materials": {
        "default": "enderman"
      },
      "textures": {
        "default": "textures/armas/kunai_minato"
      },
      "geometry": {
        "default": "geometry.kunai_minato_projetil"
      },
      "animations": {
        "kunai": "animation.kunai"
      },
      "scripts": {
        "animate": [
          "kunai"
        ]
      },
      "render_controllers": [ "controller.render.default" ]
    }
  }
}
