{
  "format_version": "1.16.0",
  "minecraft:client_entity": {
    "description": {
      "identifier": "mello:raikage",
      "materials": {
        "default": "entity_alphatest"
      },
      "textures": {
        "default": "textures/mobs/raikage",
        "default2": "textures/roupas/chapeu_raikage"
      },
      "geometry": {
        "default": "geometry.mob2",
        "default2": "geometry.chapeu"
      },
      "scripts": {
        "pre_animation": [
          "variable.tcos0 = (Math.cos(query.modified_distance_moved * 38.17) * query.modified_move_speed / variable.gliding_speed_value) * 57.3;"
        ],
        "animate":[
          "look_at_target_controller",
          "move_controller",
          "riding_controller",
          "holding_controller",
          "attack_controller",
          "bob_controller",
          "swimming_controller"
        ]
      },
      "animations": {
        "look_at_target_controller": "controller.animation.humanoid.look_at_target",
        "move_controller": "controller.animation.humanoid.move",
        "riding_controller": "controller.animation.humanoid.riding",
        "holding_controller": "controller.animation.humanoid.holding",
        "attack_controller": "controller.animation.humanoid.attack",
        "bob_controller": "controller.animation.humanoid.bob",
        "swimming_controller": "controller.animation.zombie.swimming",
        "look_at_target_default": "animation.humanoid.look_at_target.default",
        "look_at_target_gliding": "animation.humanoid.look_at_target.gliding",
        "look_at_target_swimming": "animation.humanoid.look_at_target.swimming",
        "move": "animation.humanoid.move",
        "riding.arms": "animation.humanoid.riding.arms",
        "riding.legs": "animation.humanoid.riding.legs",
        "holding": "animation.humanoid.holding",
        "attack.rotations": "animation.humanoid.attack.rotations",
        "bob": "animation.humanoid.bob",
        "swimming": "animation.zombie.swimming"
      },
      "spawn_egg": {
        "texture": "spawn_egg",
        "texture_index": 45
      },
      "render_controllers": [
        "controller.render.skeleton",
        "controller.render.default2"
      ],
      "enable_attachables": true
    }
  }
}