{
  "format_version": "1.10.0",
  "particle_effect": {
    "description": {
      "identifier": "wesl3y:ope_radio_knife",
      "basic_render_parameters": {
        "material": "particles_blend",
        "texture": "textures/particle/particles12"
      }
    },
    "components": {
      "minecraft:emitter_rate_steady": {
        "spawn_rate": 2,
        "max_particles": 8
      },
      "minecraft:emitter_lifetime_once": {
        "active_time": 1
      },
      "minecraft:emitter_shape_point": {},
      "minecraft:particle_lifetime_expression": {
        "max_lifetime": 0.9
      },
      "minecraft:particle_initial_spin": {
        "rotation": "math.random(-90, 90)"
      },
      "minecraft:particle_initial_speed": 0,
      "minecraft:particle_motion_dynamic": {
        "linear_acceleration": [0, 0, 0]
      },
      "minecraft:particle_appearance_billboard": {
        "size": ["3.5 - (variable.particle_age * 2)", 0.25],
        "facing_camera_mode": "lookat_xyz",
        "uv": {
          "texture_width": 32,
          "texture_height": 32,
          "uv": [0, 0],
          "uv_size": [32, 32]
        }
      },
      "minecraft:particle_appearance_tinting": {
		"color": {
		  "interpolant": "v.particle_age",
		  "gradient": {
		    "0.0": "#FFB831DF",
		    "0.3": "#FFAF93FF",
		    "0.66": "#FFAA32E1",
		    "0.9": "#00D59CFF"
		  }
		}
	  }
    }
  }
}