{
  "format_version": "1.10.0",
  "particle_effect": {
    "description": {
      "identifier": "wesl3y:magu_walk",
      "basic_render_parameters": {
        "material": "particles_alpha",
        "texture": "textures/particle/magu"
      }
    },
    "components": {
      "minecraft:emitter_rate_instant": {
        "num_particles": 3
      },
      "minecraft:emitter_lifetime_once": {
      },
      "minecraft:emitter_shape_point": {
      },
	  "minecraft:particle_initial_spin": {
		"rotation": 5,
		"rotation_rate": 250
	  },
      "minecraft:particle_initial_speed": 0.1,
      "minecraft:particle_motion_dynamic": {},
      "minecraft:particle_lifetime_expression": {
        "max_lifetime": "Math.random( 1.0, 1.5 )"
      },
      "minecraft:particle_appearance_billboard": {
        "size": [ "variable.particle_random_1 * variable.particle_random_2 * 1.5 + 0.75", "variable.particle_random_1 * variable.particle_random_2 * 1.5 + 0.75" ],
		"facing_camera_mode": "direction_z",
		"direction": {
		  "mode": "custom",
		  "custom_direction": [0, -1, 0]
		},
        "uv": {
          "texture_width": 32,
          "texture_height": 32,
          "uv": [0, 0],
          "uv_size": [32, 32]
        }
      },
      "minecraft:particle_appearance_tinting": {
        "color": {
		  "interpolant": "v.particle_age",
		  "gradient": {
            "0.2": "#80FFFFFF",
            "1.5": "#00FFFFFF"
          }
		}
      }
    }
  }
}