{
  "format_version": "1.10.0",
  "particle_effect": {
    "description": {
      "identifier": "wesl3y:magu_destroy",
      "basic_render_parameters": {
        "material": "particles_alpha",
        "texture": "textures/attack/magu"
      }
    },
    "components": {
      "minecraft:emitter_rate_instant": {
        "num_particles": 30
      },
      "minecraft:emitter_lifetime_once": {
        "active_time": 2
      },
      "minecraft:emitter_shape_sphere": {
        "offset": ["Math.random(-0.5, 0.5)", "Math.random(-0.5, 0.5)", "Math.random(-0.5, 0.5)"],
        "radius": 1,
        "surface_only": true,
        "direction": "outwards"
      },
      "minecraft:particle_lifetime_expression": {
        "max_lifetime": "math.random(2, 2.5)"
      },
      "minecraft:particle_initial_spin": {
        "rotation": "Math.random(0, 360)"
      },
      "minecraft:particle_initial_speed": 5,
      "minecraft:particle_motion_dynamic": {
        "linear_acceleration": [0, -9.8, 0]
      },
      "minecraft:particle_appearance_billboard": {
        "size": [0.2, 0.2],
        "facing_camera_mode": "lookat_xyz",
        "uv": {
          "texture_width": 512,
          "texture_height": 512,
          "uv": [0, 16],
          "uv_size": [512, 512]
        }
      },
      "minecraft:particle_motion_collision": {
        "collision_drag": 4,
        "coefficient_of_restitution": 0.5,
        "collision_radius": 0.1
      },
      "minecraft:particle_appearance_tinting": {
        "color": {
		  "interpolant": "v.particle_age",
		  "gradient": {
            "1.0": "#80FFFFFF",
            "2.5": "#00FFFFFF"
          }
		}
      }
    }
  }
}