{
  "format_version": "1.10.0",
  "particle_effect": {
    "description": {
      "identifier": "wesl3y:magu_particle",
      "basic_render_parameters": {
        "material": "particles_alpha",
        "texture": "textures/particle/magu"
      }
    },
    "components": {
      "minecraft:emitter_rate_instant": {
        "num_particles": 20
      },
      "minecraft:emitter_lifetime_once": {
      },
      "minecraft:emitter_shape_sphere": {
      },
      "minecraft:particle_initial_speed": 0.1,
	  "minecraft:particle_initial_spin": {
		"rotation": 5,
		"rotation_rate": 250
	  },
      "minecraft:particle_motion_dynamic": {},
      "minecraft:particle_lifetime_expression": {
        "max_lifetime": "Math.random( 0.75, 1.0 )"
      },
      "minecraft:particle_appearance_billboard": {
        "size": [ "variable.particle_random_1 * variable.particle_random_2 * 0.3 + 0.25", "variable.particle_random_1 * variable.particle_random_2 * 0.3 + 0.25" ],
        "facing_camera_mode": "lookat_xyz",
        "uv": {
          "texture_width": 32,
          "texture_height": 32,
          "uv": [0, 0],
          "uv_size": [32, 32]
        }
      },
      "minecraft:particle_appearance_tinting": {
        "color": {
		  "interpolant": "v.particle_age",
		  "gradient": {
            "0.2": "#80FFFFFF",
            "0.8": "#00FFFFFF"
          }
		}
      }
    }
  }
}