{
  "format_version": "1.10.0",
  "particle_effect": {
    "description": {
      "identifier": "wesl3y:mochi_haki",
      "basic_render_parameters": {
        "material": "particles_blend",
        "texture": "textures/particle/haki"
      }
    },
    "components": {
      "minecraft:emitter_rate_steady": {
        "spawn_rate": 150,
        "max_particles": 150
      },
      "minecraft:emitter_lifetime_once": {
        "active_time": 0.5
      },
      "minecraft:emitter_shape_sphere": {
        "offset": [0, 0, 0],
        "radius": 3.0,
        "surface_only": true,
        "direction": "outwards"
      },
      "minecraft:particle_lifetime_expression": {
        "max_lifetime": 0.75
      },
      "minecraft:particle_initial_speed": 50,
      "minecraft:particle_motion_dynamic": {
        "linear_drag_coefficient": 10
      },
      "minecraft:particle_appearance_billboard": {
        "size": [3, 3],
        "facing_camera_mode": "direction_y",
        "uv": {
          "texture_width": 384,
          "texture_height": 64,
          "flipbook": {
            "base_UV": [0, 0],
            "size_UV": [64, 64],
            "step_UV": [64, 0],
            "frames_per_second": 1,
            "max_frame": 6,
            "loop": true
          }
        }
      },
      "minecraft:particle_appearance_tinting": {
        "color": {
          "interpolant": "v.particle_age",
          "gradient": {
            "0.2": "#80FFFFFF",
            "0.75": "#00FFFFFF"
          }
        }
      }
    }
  }
}