{
  "format_version": "1.10.0",
  "particle_effect": {
    "description": {
      "identifier": "wesl3y:mochi_fall",
      "basic_render_parameters": {
        "material": "particles_alpha",
        "texture": "textures/particle/particles3"
      }
    },
    "components": {
      "minecraft:emitter_rate_instant": {
        "num_particles": 1
      },        
      "minecraft:emitter_lifetime_once": {},
      "minecraft:emitter_shape_point": {
      },
      "minecraft:particle_initial_speed": 0.75,
      "minecraft:particle_lifetime_expression": {
        "max_lifetime": "Math.random(0.75, 1.0)"
      },
      "minecraft:particle_motion_dynamic": {
        "linear_acceleration": [0, -10, 0]
      },
      "minecraft:particle_motion_collision": {
        "collision_drag": 8,
        "collision_radius": 0.1
      },
      "minecraft:particle_appearance_billboard": {
        "size": [ "variable.particle_random_1 * variable.particle_random_2 * 0.1 + 0.3", "variable.particle_random_1 * variable.particle_random_2 * 0.1 + 0.3" ],
        "facing_camera_mode": "lookat_xyz",
        "uv": {
          "texture_width": 64,
          "texture_height": 8,
          "flipbook": {
            "base_UV": [64, 0],
            "size_UV": [8, 8],
            "step_UV": [-8, 0],
            "frames_per_second": 8,
            "max_frame": 8,
            "stretch_to_lifetime": false
          }
        }
      },
      "minecraft:particle_appearance_tinting": {
        "color": {
          "interpolant": "v.particle_age",
          "gradient": {
            "0.2": "#ffffffff",
            "1.0": "#00ffffff"
          }
        }
      }
    }
  }
} 
