{
  "format_version": "1.10.0",
  "particle_effect": {
    "description": {
      "identifier": "wesl3y:mochi_yaki_mochi",
      "basic_render_parameters": {
        "material": "particles_add",
        "texture": "textures/particle/particles12"
	  }
	},
	"components": {
      "minecraft:emitter_rate_instant": {
		"num_particles": 17
      },
      "minecraft:emitter_lifetime_once": {
		"active_time": 0
      },
      "minecraft:emitter_shape_point": {},
      "minecraft:particle_lifetime_expression": {
		"max_lifetime": "Math.random(0.5, 0.75)"
      },
      "minecraft:particle_initial_speed": 3,
      "minecraft:particle_motion_dynamic": {
        "linear_acceleration": [ 0, 0, 0 ],
        "linear_drag_coefficient": 0
      },
      "minecraft:particle_appearance_billboard": {
		"size": [0.75, 0.75],
		"facing_camera_mode": "direction_y",
		"uv": {
          "texture_width": 32,
          "texture_height": 32,
          "uv": [ 0, 0 ],
          "uv_size": [ 32, 32 ]
        }
      },
      "minecraft:particle_appearance_tinting": {
        "color": {
          "interpolant": "v.particle_age",
          "gradient": {
			"0.2": "#4DFF0D00",
			"0.3": "#38FF2D00",
			"0.5": "#85FF5A00",
			"0.75": "#00FF5A00"
		  }
        }
      }
    }
  }
}