{
  "format_version": "1.10.0",
  "particle_effect": {
    "description": {
      "identifier": "wesl3y:mochi_bullet_mochi",
      "basic_render_parameters": {
        "material": "particles_blend",
        "texture": "textures/particle/particles12"
      }
    },
    "components": {
      "minecraft:emitter_rate_instant": {
        "num_particles": 2
      },        
      "minecraft:emitter_lifetime_once": {},
      "minecraft:emitter_shape_point": {
      },
      "minecraft:particle_initial_speed": 0.01,
      "minecraft:particle_lifetime_expression": {
        "max_lifetime": "Math.random(0.5, 0.7)"
      },
      "minecraft:particle_initial_spin": {
        "rotation": "math.random(-180, 180)"
      },
      "minecraft:particle_motion_dynamic": {},
      "minecraft:particle_appearance_billboard": {
        "size": [0.2, 0.2],
        "facing_camera_mode": "rotate_xyz",
        "uv": {
          "texture_width": 32,
          "texture_height": 32,
          "uv": [0, 0],
          "uv_size": [32, 32]
        }
      },
      "minecraft:particle_appearance_tinting": {
        "color": {
          "interpolant": "v.particle_age",
          "gradient": {
            "0.1": "#80FFFFFF",
            "0.7": "#00FFFFFF"
          }
        }
	  }
    }
  }
} 
