{
  "format_version": "1.10.0",
  "minecraft:attachable": {
    "description": {
      "identifier": "stk:bisento",
      "materials": {
        "default": "elytra",
        "enchanted": "elytra_glint"
      },
      "textures": {
        "default": "textures/armas/bisento",
        "imbued": "textures/armas/bisentohaki",
        "enchanted": "textures/misc/enchanted_item_glint"
      },
      "geometry": {
        "default": "geometry.bisento",
        "imbued": "geometry.bisento"
      },
      "scripts": {
        "parent_setup": "variable.chest_layer_visible = 0.0;",
        "animate": [
          "default_controller"
        ]
      },
      "render_controllers": [
        {"controller.render.base": "query.property('property:haki') == 0"},
        {"controller.render.imbued": "query.property('property:haki') == 1"}
      ]
    }
  }
}




























































































