{
	"format_version": "1.12.0",
	"minecraft:geometry": [
		{
			"description": {
				"identifier": "geometry.overhaul_destroy",
				"texture_width": 64,
				"texture_height": 64,
				"visible_bounds_width": 2,
				"visible_bounds_height": 7,
				"visible_bounds_offset": [0, 1.5, 0]
			},
			"bones": [
				{
					"name": "body",
					"pivot": [0, 0, 0],
					"cubes": [
						{"origin": [-4, 56, -4], "size": [8, 16, 8], "uv": [0, 0]},
						{"origin": [-6, 32, -6], "size": [12, 24, 12], "uv": [4, 4]},
						{"origin": [-8, 0, -8], "size": [16, 32, 16], "uv": [0, 0]},
						{"origin": [-8, -32, -8], "size": [16, 32, 16], "uv": [0, 0]}
					]
				}
			]
		}
	]
}