{
  "format_version": "1.16.100",
  "minecraft:item": {
    "description": {
      "identifier": "jedy:arma_itachi",
      "category": "equipment"
    },
    "components": {
      "minecraft:creative_category": {
        "parent": "itemGroup.name.sword"
      },
      "minecraft:icon": {
        "texture": "arma_itachi"
      },
	  "minecraft:allow_off_hand": true,
	  "minecraft:render_offsets": "tools",
	  "minecraft:display_name": {},
      "minecraft:max_stack_size": 1,
      "minecraft:use_duration": 5000,
      "minecraft:hand_equipped": true,
      "minecraft:durability": {
        "max_durability": 5000
      },
      "minecraft:mining_speed": 1,
      "minecraft:damage": 26,
      "minecraft:enchantable": {
        "value": 26,
        "slot": "sword"
      },
      "minecraft:can_destroy_in_creative": false,
      "minecraft:digger": {
        "use_efficiency": false,
        "destroy_speeds": [
          {
            "block": "minecraft:web",
            "speed": 20
          },
          {
            "block": "minecraft:bamboo",
            "speed": 25
          }
        ]
      },
	  "minecraft:cooldown": {
		"category": "slc",
		"duration": 5
      },
	  "minecraft:on_use": {
		"on_use": {
		  "event": "1606"
		}
	  }
    },
    "events": {
	  "1606": {
		"run_command": {
		  "command": [
" "
		  ]
		}
	},
      "minecraft:weapon": {}
    }
  }
}