{
  "format_version": "1.10.0",
  "animations": {
    "animation.fly_sneak": {
      "loop": true,
      "animation_length": 1.28,
      "timeline": {
        "0.0": [
          "/effect @s slow_falling 5 3 true",
          "/effect @s levitation 1 0 true"
        ]
      }
    },
    "animation.fly_move": {
      "loop": true,
      "animation_length": 0.25,
      "timeline": {
        "0.0": [
          "/effect @s[rx=-35,rxm=-90] levitation 1 10 true",
          "/effect @s[rx=-20,rxm=-35] levitation 1 5 true",
          "/effect @s[rx=10,rxm=-20] levitation 1 0 true",
          "/effect @s[rx=10,rxm=-20,type=wesl3y:fly_ride] speed 1 1 true",
          "/effect @s slow_falling 5 0 true"
        ]
      }
    },
    "animation.tick": {
      "loop": true,
      "animation_length": 7.0,
      "timeline": {
        "0.0": [
          "/function player/tick/tick0_5",
          "/function player/tick/tick1_0",
          "/function player/tick/tick3_0",
          "/function player/tick/tick10_0"
        ],
        "0.5": [
          "/function player/tick/tick0_5"
        ],
        "1.0": [
          "/function player/tick/tick0_5",
          "/function player/tick/tick1_0"
        ],
        "1.5": [
          "/function player/tick/tick0_5"
        ],
        "2.0": [
          "/function player/tick/tick0_5",
          "/function player/tick/tick1_0"
        ],
        "2.5": [
          "/function player/tick/tick0_5"
        ],
        "3.0": [
          "/function player/tick/tick0_5",
          "/function player/tick/tick1_0"
        ],
        "3.5": [
          "/function player/tick/tick0_5"
        ],
        "4.0": [
          "/function player/tick/tick0_5",
          "/function player/tick/tick1_0"
        ],
        "4.5": [
          "/function player/tick/tick0_5"
        ],
        "5.0": [
          "/function player/tick/tick0_5",
          "/function player/tick/tick1_0"
        ],
        "5.5": [
          "/function player/tick/tick0_5"
        ],
        "6.0": [
          "/function player/tick/tick0_5",
          "/function player/tick/tick1_0"
        ],
        "6.5": [
          "/function player/tick/tick0_5"
        ]
      }
    }
  }
}