{
  "format_version": "1.19.50",
  "animations": {
    "animation.arlong.combo1": {
      "loop": false,
      "animation_length": 0.6,
      "timeline": {
        "0.0": [
          "/playanimation @s animation.arlong.combo1",
          "/inputpermission set @s movement disabled",
          "/tag @s add speed1"
        ],
        "0.3": [
          "/damage @e[r=3,family=!attack,type=!wesl3y:arlong,type=!item,type=!xp_orb] 17 entity_attack entity @s"
        ],
        "0.5": [
          "/damage @e[r=3,family=!attack,type=!wesl3y:arlong,type=!item,type=!xp_orb] 17 entity_attack entity @s",
          "/summon wesl3y:arlong_attack ^^^ ~~ wesl3y:impulse"
        ]
      }
    },
    "animation.arlong.combo2": {
      "loop": false,
      "animation_length": 1.8,
      "timeline": {
        "0.0": [
          "/playanimation @s animation.player.attack3",
          "/inputpermission set @s movement disabled"
        ],
        "0.3": [
          "/summon wesl3y:chew_attack ^^^ ~~ wesl3y:impulse"
        ],
        "0.5": [
          "/playanimation @s animation.chew.combo1"
        ],
        "0.9": [
          "/playsound woosh @a[r=10]"
        ],
        "1.0": [
          "/event entity @s wesl3y:water_shot",
          "/playsound shot2 @a[r=15]"
        ],
        "1.1": [
          "/playsound shot2 @a[r=15]"
        ],
        "1.2": [
          "/playsound shot2 @a[r=15]"
        ],
        "1.3": [
          "/playsound shot2 @a[r=15]"
        ],
        "1.4": [
          "/playsound shot2 @a[r=15]"
        ],
        "1.5": [
          "/playsound shot2 @a[r=15]"
        ],
        "1.6": [
          "/playsound shot2 @a[r=15]"
        ],
        "1.7": [
          "/playsound shot2 @a[r=15]"
        ]
      }
    },
    "animation.arlong.special": {
      "loop": false,
      "animation_length": 1.8,
      "timeline": {
        "0.0": [
          "/playanimation @s animation.arlong.combo1",
          "/inputpermission set @s movement disabled",
          "/tp @s ^^^ ~ 0",
          "/tag @s add speed1"
        ],
        "0.2": [
          "/damage @e[r=3,family=!attack,type=!wesl3y:arlong,type=!item,type=!xp_orb] 20 entity_attack entity @s",
          "/playsound sword_cut @a[r=7]"
        ],
        "0.5": [
          "/damage @e[r=3,family=!attack,type=!wesl3y:arlong,type=!item,type=!xp_orb] 20 entity_attack entity @s"
        ],
        "0.6": [
          "/playanimation @s animation.arlong.combo3",
          "/tp @s ^^^ ~ 0",
          "/tag @s add speed1"
        ],
        "0.7": [
          "/damage @e[r=3,family=!attack,type=!wesl3y:arlong,type=!item,type=!xp_orb] 20 entity_attack entity @s",
          "/playsound sword_cut @a[r=7]"
        ],
        "1.0": [
          "/damage @e[r=3,family=!attack,type=!wesl3y:arlong,type=!item,type=!xp_orb] 20 entity_attack entity @s"
        ],
        "1.1": [
          "/playanimation @s animation.arlong.combo3_2",
          "/tp @s ^^^ ~ 0",
          "/tag @s add speed1"
        ],
        "1.5": [
          "/particle wesl3y:smash_white.default ^^1^2",
          "/particle wesl3y:slash_white.default ^^1^2",
          "/execute positioned ^^1^2 run damage @e[r=3,family=!attack,type=!wesl3y:arlong,type=!item,type=!xp_orb] 20 entity_attack entity @s",
          "/playsound cut @a[r=10]"
        ],
        "1.7": [
          "/execute positioned ^^1^2 run damage @e[r=3,family=!attack,type=!wesl3y:arlong,type=!item,type=!xp_orb] 20 entity_attack entity @s",
          "/summon wesl3y:arlong_attack ^^^2 ~~ wesl3y:impulse"
        ]
      }
    },
    "animation.buggy.combo2": {
      "loop": false,
      "animation_length": 2.5,
      "timeline": {
        "0.0": [
          "/playanimation @s animation.bara.festival.start wesl3y",
          "/inputpermission set @s movement disabled",
          "/effect @s levitation 1 19 true"
        ],
        "0.4": [
          "/playanimation @s animation.bara.festival.end wesl3y",
          "/tag @s add tp",
          "/tag @s add attack_stunned",
          "/damage @e[r=8,family=!attack,type=!wesl3y:buggy,type=!item,type=!xp_orb] 12 entity_attack entity @s"
        ],
        "0.8": [
          "/damage @e[r=8,family=!attack,type=!wesl3y:buggy,type=!item,type=!xp_orb] 12 entity_attack entity @s"
        ],
        "1.0": [
          "/damage @e[r=8,family=!attack,type=!wesl3y:buggy,type=!item,type=!xp_orb] 12 entity_attack entity @s"
        ],
        "1.2": [
          "/damage @e[r=8,family=!attack,type=!wesl3y:buggy,type=!item,type=!xp_orb] 12 entity_attack entity @s"
        ],
        "1.4": [
          "/damage @e[r=8,family=!attack,type=!wesl3y:buggy,type=!item,type=!xp_orb] 12 entity_attack entity @s"
        ],
        "1.6": [
          "/damage @e[r=8,family=!attack,type=!wesl3y:buggy,type=!item,type=!xp_orb] 12 entity_attack entity @s"
        ],
        "1.8": [
          "/damage @e[r=8,family=!attack,type=!wesl3y:buggy,type=!item,type=!xp_orb] 12 entity_attack entity @s"
        ],
        "2.0": [
          "/damage @e[r=8,family=!attack,type=!wesl3y:buggy,type=!item,type=!xp_orb] 12 entity_attack entity @s"
        ],
        "2.2": [
          "/damage @e[r=8,family=!attack,type=!wesl3y:buggy,type=!item,type=!xp_orb] 12 entity_attack entity @s"
        ],
        "2.25": [
          "/tag @s remove attack_stunned",
          "/tag @s remove tp",
          "/effect @s slow_falling 3 0 true"
        ]
      }
    },
    "animation.chew.combo1": {
      "loop": false,
      "animation_length": 1.8,
      "timeline": {
        "0.0": [
          "/playanimation @s animation.player.attack3",
          "/inputpermission set @s movement disabled"
        ],
        "0.3": [
          "/summon wesl3y:chew_attack ^^^ ~~ wesl3y:impulse"
        ],
        "0.5": [
          "/playanimation @s animation.chew.combo1"
        ],
        "0.9": [
          "/playsound woosh @a[r=10]"
        ],
        "1.0": [
          "/event entity @s wesl3y:water_shot",
          "/playsound shot2 @a[r=15]"
        ],
        "1.1": [
          "/playsound shot2 @a[r=15]"
        ],
        "1.2": [
          "/playsound shot2 @a[r=15]"
        ],
        "1.3": [
          "/playsound shot2 @a[r=15]"
        ],
        "1.4": [
          "/playsound shot2 @a[r=15]"
        ],
        "1.5": [
          "/playsound shot2 @a[r=15]"
        ],
        "1.6": [
          "/playsound shot2 @a[r=15]"
        ],
        "1.7": [
          "/playsound shot2 @a[r=15]"
        ]
      }
    },
    "animation.don_krieg.combo1": {
      "loop": false,
      "animation_length": 2.75,
      "timeline": {
        "0.0": [
          "/playanimation @s animation.don_krieg.combo1",
          "/summon wesl3y:don_krieg_attack ^^^1 ~~ wesl3y:impulse",
          "/inputpermission set @s movement disabled"
        ],
        "0.3": [
          "/playsound shot_charge @a[r=5] ~~~ 0.5",
          "/playsound shot_charge @a[rm=5,r=7] ~~~ 0.3",
          "/playsound shot_charge @a[rm=7,r=10] ~~~ 0.1"
        ],
        "0.6": [
          "/event entity @s wesl3y:rightbullet",
          "/playsound shot @a[r=7] ~~~ 0.5",
          "/playsound shot @a[rm=7,r=10] ~~~ 0.3",
          "/playsound shot @a[rm=10,r=15] ~~~ 0.1"
        ],
        "0.68": [
          "/event entity @s wesl3y:leftbullet",
          "/playsound shot @a[r=7] ~~~ 0.5",
          "/playsound shot @a[rm=7,r=10] ~~~ 0.3",
          "/playsound shot @a[rm=10,r=15] ~~~ 0.1"
        ],
        "0.77": [
          "/event entity @s wesl3y:rightbullet",
          "/playsound shot @a[r=7] ~~~ 0.5",
          "/playsound shot @a[rm=7,r=10] ~~~ 0.3",
          "/playsound shot @a[rm=10,r=15] ~~~ 0.1"
        ],
        "0.85": [
          "/event entity @s wesl3y:leftbullet",
          "/playsound shot @a[r=7] ~~~ 0.5",
          "/playsound shot @a[rm=7,r=10] ~~~ 0.3",
          "/playsound shot @a[rm=10,r=15] ~~~ 0.1"
        ],
        "0.93": [
          "/event entity @s wesl3y:rightbullet",
          "/playsound shot @a[r=7] ~~~ 0.5",
          "/playsound shot @a[rm=7,r=10] ~~~ 0.3",
          "/playsound shot @a[rm=10,r=15] ~~~ 0.1"
        ],
        "1.02": [
          "/event entity @s wesl3y:leftbullet",
          "/playsound shot @a[r=7] ~~~ 0.5",
          "/playsound shot @a[rm=7,r=10] ~~~ 0.3",
          "/playsound shot @a[rm=10,r=15] ~~~ 0.1"
        ],
        "1.1": [
          "/event entity @s wesl3y:rightbullet",
          "/playsound shot @a[r=7] ~~~ 0.5",
          "/playsound shot @a[rm=7,r=10] ~~~ 0.3",
          "/playsound shot @a[rm=10,r=15] ~~~ 0.1"
        ],
        "1.18": [
          "/event entity @s wesl3y:leftbullet",
          "/playsound shot @a[r=7] ~~~ 0.5",
          "/playsound shot @a[rm=7,r=10] ~~~ 0.3",
          "/playsound shot @a[rm=10,r=15] ~~~ 0.1"
        ],
        "1.93": [
          "/event entity @s wesl3y:rightcannon",
          "/playsound shot @a[r=7] ~~~ 0.5",
          "/playsound shot @a[rm=7,r=10] ~~~ 0.3",
          "/playsound shot @a[rm=10,r=15] ~~~ 0.1"
        ],
        "2.27": [
          "/event entity @s wesl3y:leftcannon",
          "/playsound shot @a[r=7] ~~~ 0.5",
          "/playsound shot @a[rm=7,r=10] ~~~ 0.3",
          "/playsound shot @a[rm=10,r=15] ~~~ 0.1"
        ]
      }
    },
    "animation.gin.combo1": {
      "loop": false,
      "animation_length": 0.8,
      "timeline": {
        "0.0": [
          "/particle wesl3y:smash_white.default ~~1~",
          "/particle wesl3y:smash_black.default ~~1~",
          "/particle wesl3y:expansion_white.default ~~1~",
          "/particle wesl3y:crack5",
          "/playsound explosion @a[r=12] ~~~ 0.3",
          "/playsound explosion @a[rm=12,r=17] ~~~ 0.2",
          "/playsound explosion @a[rm=17,r=25] ~~~ 0.1",
          "/summon wesl3y:gin_attack ~~~ ~~ wesl3y:smash",
          "/damage @e[r=3,family=!attack,type=!wesl3y:gin,type=!item,type=!xp_orb] 7 override entity @s"
        ],
        "0.2": [
          "/damage @e[r=4,family=!attack,type=!wesl3y:gin,type=!item,type=!xp_orb] 7 override entity @s"
        ],
        "0.4": [
          "/damage @e[r=5,family=!attack,type=!wesl3y:gin,type=!item,type=!xp_orb] 7 override entity @s"
        ],
        "0.6": [
          "/damage @e[r=6,family=!attack,type=!wesl3y:gin,type=!item,type=!xp_orb] 7 override entity @s"
        ]
      }
    },
    "animation.katakuri.combo": {
      "loop": false,
      "animation_length": 2.35,
      "timeline": {
        "0.3": [
          "/execute positioned ^^1^2 run damage @e[r=2,family=!attack,type=!wesl3y:katakuri,type=!item,type=!xp_orb] 45 override entity @s"
        ],
        "0.75": [
          "/execute positioned ^^1^1.5 run damage @e[r=3,family=!attack,type=!wesl3y:katakuri,type=!item,type=!xp_orb] 45 override entity @s"
        ],
        "1.15": [
          "/damage @e[r=4,family=!attack,type=!wesl3y:katakuri,type=!item,type=!xp_orb] 45 override entity @s"
        ],
        "1.275": [
          "/execute positioned ^^1^1.5 run damage @e[r=3,family=!attack,type=!wesl3y:katakuri,type=!item,type=!xp_orb] 45 override entity @s"
        ],
        "1.5": [
          "/execute positioned ^^1^2 run damage @e[r=2,family=!attack,type=!wesl3y:katakuri,type=!item,type=!xp_orb] 45 override entity @s"
        ],
        "1.75": [
          "/execute positioned ^^1^1.5 run damage @e[r=3,family=!attack,type=!wesl3y:katakuri,type=!item,type=!xp_orb] 45 override entity @s"
        ],
        "2.15": [
          "/damage @e[r=4,family=!attack,type=!wesl3y:katakuri,type=!item,type=!xp_orb] 45 override entity @s"
        ],
        "2.275": [
          "/execute positioned ^^1^1.5 run damage @e[r=3,family=!attack,type=!wesl3y:katakuri,type=!item,type=!xp_orb] 45 override entity @s",
          "/summon wesl3y:katakuri_attack2 ^^^1 ~ ~ wesl3y:impulse"
        ]
      }
    },
    "animation.katakuri.combo2": {
      "loop": false,
      "animation_length": 2.0,
      "timeline": {
        "0.0": [
          "/playanimation @s animation.mochi.power_mochi1 wesl3y",
          "/execute positioned ~~1~ run particle wesl3y:smash ^^^8",
          "/execute positioned ~~1~ run particle wesl3y:smash_2 ^^^8"
        ],
        "0.2": [
          "/execute positioned ^^0.5^3.5 run damage @e[r=3,type=!wesl3y:katakuri,type=!item,type=!xp_orb] 20 override entity @s"
        ],
        "0.3": [
          "/playanimation @s animation.mochi.power_mochi2 wesl3y",
          "/execute positioned ~~1~ run particle wesl3y:smash ^^^8",
          "/execute positioned ~~1~ run particle wesl3y:smash_2 ^^^8"
        ],
        "0.4": [
          "/execute positioned ^^0.5^3.5 run damage @e[r=3,type=!wesl3y:katakuri,type=!item,type=!xp_orb] 20 override entity @s"
        ],
        "0.5": [
          "/playanimation @s animation.mochi.power_mochi1 wesl3y",
          "/execute positioned ~~1~ run particle wesl3y:smash ^^^8",
          "/execute positioned ~~1~ run particle wesl3y:smash_2 ^^^8"
        ],
        "0.6": [
          "/execute positioned ^^0.5^3.5 run damage @e[r=3,type=!wesl3y:katakuri,type=!item,type=!xp_orb] 20 override entity @s"
        ],
        "0.7": [
          "/playanimation @s animation.mochi.power_mochi2 wesl3y",
          "/execute positioned ~~1~ run particle wesl3y:smash ^^^8",
          "/execute positioned ~~1~ run particle wesl3y:smash_2 ^^^8"
        ],
        "0.8": [
          "/execute positioned ^^0.5^3.5 run damage @e[r=3,type=!wesl3y:katakuri,type=!item,type=!xp_orb] 20 override entity @s"
        ],
        "0.9": [
          "/playanimation @s animation.mochi.power_mochi1 wesl3y",
          "/execute positioned ~~1~ run particle wesl3y:smash ^^^8",
          "/execute positioned ~~1~ run particle wesl3y:smash_2 ^^^8"
        ],
        "1.0": [
          "/execute positioned ^^0.5^3.5 run damage @e[r=3,type=!wesl3y:katakuri,type=!item,type=!xp_orb] 20 override entity @s"
        ],
        "1.1": [
          "/playanimation @s animation.mochi.power_mochi2 wesl3y",
          "/execute positioned ~~1~ run particle wesl3y:smash ^^^8",
          "/execute positioned ~~1~ run particle wesl3y:smash_2 ^^^8"
        ],
        "1.2": [
          "/execute positioned ^^0.5^3.5 run damage @e[r=3,type=!wesl3y:katakuri,type=!item,type=!xp_orb] 20 override entity @s"
        ],
        "1.3": [
          "/playanimation @s animation.mochi.power_mochi1 wesl3y",
          "/execute positioned ~~1~ run particle wesl3y:smash ^^^8",
          "/execute positioned ~~1~ run particle wesl3y:smash_2 ^^^8"
        ],
        "1.4": [
          "/execute positioned ^^0.5^3.5 run damage @e[r=3,type=!wesl3y:katakuri,type=!item,type=!xp_orb] 20 override entity @s"
        ],
        "1.5": [
          "/playanimation @s animation.mochi.power_mochi2 wesl3y",
          "/execute positioned ~~1~ run particle wesl3y:smash ^^^8",
          "/execute positioned ~~1~ run particle wesl3y:smash_2 ^^^8"
        ],
        "1.6": [
          "/execute positioned ^^0.5^3.5 run damage @e[r=3,type=!wesl3y:katakuri,type=!item,type=!xp_orb] 20 override entity @s"
        ],
        "1.7": [
          "/playanimation @s animation.mochi.power_mochi1 wesl3y",
          "/execute positioned ~~1~ run particle wesl3y:smash ^^^8",
          "/execute positioned ~~1~ run particle wesl3y:smash_2 ^^^8"
        ],
        "1.8": [
          "/execute positioned ^^0.5^3.5 run damage @e[r=3,type=!wesl3y:katakuri,type=!item,type=!xp_orb] 20 override entity @s",
          "/summon wesl3y:katakuri_attack2 ^^^1 ~ ~ wesl3y:impulse"
        ]
      }
    },
    "animation.katakuri.special": {
      "loop": false,
      "animation_length": 6.5,
      "timeline": {
        "0.0": [
          "/playanimation @s animation.mochi.zan_giri.end wesl3y",
          "/tag @s add attack_stunned"
        ],
        "0.7": [
          "/damage @e[r=10,family=!katakuri,type=!item,type=!xp_orb] 20 override entity @s"
        ],
        "0.9": [
          "/damage @e[r=10,family=!katakuri,type=!item,type=!xp_orb] 20 override entity @s"
        ],
        "1.1": [
          "/damage @e[r=10,family=!katakuri,type=!item,type=!xp_orb] 20 override entity @s"
        ],
        "1.3": [
          "/damage @e[r=10,family=!katakuri,type=!item,type=!xp_orb] 20 override entity @s",
          "/particle wesl3y:mochi_haki",
          "/particle wesl3y:mochi_haki2"
        ],
        "1.5": [
          "/damage @e[r=10,family=!katakuri,type=!item,type=!xp_orb] 20 override entity @s"
        ],
        "1.7": [
          "/damage @e[r=10,family=!katakuri,type=!item,type=!xp_orb] 20 override entity @s"
        ],
        "1.9": [
          "/damage @e[r=10,family=!katakuri,type=!item,type=!xp_orb] 20 override entity @s"
        ],
        "2.1": [
          "/damage @e[r=10,family=!katakuri,type=!item,type=!xp_orb] 20 override entity @s",
          "/particle wesl3y:mochi_haki",
          "/particle wesl3y:mochi_haki2"
        ],
        "2.3": [
          "/damage @e[r=10,family=!katakuri,type=!item,type=!xp_orb] 20 override entity @s"
        ],
        "2.5": [
          "/damage @e[r=10,family=!katakuri,type=!item,type=!xp_orb] 20 override entity @s"
        ],
        "2.7": [
          "/damage @e[r=10,family=!katakuri,type=!item,type=!xp_orb] 20 override entity @s"
        ],
        "2.9": [
          "/damage @e[r=10,family=!katakuri,type=!item,type=!xp_orb] 20 override entity @s",
          "/particle wesl3y:mochi_haki",
          "/particle wesl3y:mochi_haki2"
        ],
        "3.1": [
          "/damage @e[r=10,family=!katakuri,type=!item,type=!xp_orb] 20 override entity @s"
        ],
        "3.3": [
          "/damage @e[r=10,family=!katakuri,type=!item,type=!xp_orb] 20 override entity @s"
        ],
        "3.5": [
          "/damage @e[r=10,family=!katakuri,type=!item,type=!xp_orb] 20 override entity @s"
        ],
        "3.7": [
          "/damage @e[r=10,family=!katakuri,type=!item,type=!xp_orb] 20 override entity @s",
          "/particle wesl3y:mochi_haki",
          "/particle wesl3y:mochi_haki2"
        ],
        "3.9": [
          "/damage @e[r=10,family=!katakuri,type=!item,type=!xp_orb] 20 override entity @s"
        ],
        "4.1": [
          "/damage @e[r=10,family=!katakuri,type=!item,type=!xp_orb] 20 override entity @s"
        ],
        "4.3": [
          "/damage @e[r=10,family=!katakuri,type=!item,type=!xp_orb] 20 override entity @s"
        ],
        "4.5": [
          "/damage @e[r=10,family=!katakuri,type=!item,type=!xp_orb] 20 override entity @s",
          "/particle wesl3y:mochi_haki",
          "/particle wesl3y:mochi_haki2"
        ],
        "5.0": [
          "/damage @e[r=27,family=!katakuri,type=!item,type=!xp_orb] 20 override entity @s"
        ],
        "5.5": [
          "/damage @e[r=27,family=!katakuri,type=!item,type=!xp_orb] 20 override entity @s",
          "/tag @s remove attack_stunned"
        ],
        "5.75": [
          "/damage @e[r=27,family=!katakuri,type=!item,type=!xp_orb] 20 override entity @s",
          "/particle wesl3y:mochi_haki",
          "/particle wesl3y:mochi_haki2"
        ],
        "5.87": [
          "/camerashake add @a[r=12] 0.75 10 positional",
          "/damage @e[r=27,family=!katakuri,type=!item,type=!xp_orb] 20 override entity @s",
          "/playsound explosion3 @a[r=12] ~~~ 0.75",
          "/summon wesl3y:mochi_attack ~~~ ~ ~ wesl3y:zan_giri_mochi"
        ],
        "5.9": [
          "/tp @s ~~10~",
          "/playsound teleport @a[r=7] ~~~ 1",
          "/effect @s slow_falling 3 0 true"
        ]
      }
    },
    "animation.kuroobi.combo1": {
      "loop": false,
      "animation_length": 1.5,
      "timeline": {
        "0.0": [
          "/playanimation @s animation.kuroobi.combo1",
          "/inputpermission set @s movement disabled"
        ],
        "0.2": [
          "/playsound woosh @a[r=10]"
        ],
        "0.45": [
          "/particle wesl3y:expansion_white.small ~~1~"
        ],
        "0.85": [
          "/particle wesl3y:expansion_white.default ~~1~"
        ],
        "1.0": [
          "/tag @s add attack_stunned",
          "/execute positioned ^^1^2 run damage @e[c=10,r=3.5,family=!attack,family=!inanimate,type=!wesl3y:kuroobi,type=!item,type=!xp_orb] 12 entity_attack entity @s",
          "/playsound explosion @a[r=10]"
        ],
        "1.1": [
          "/particle wesl3y:smash_white.default ^^1^2",
          "/particle wesl3y:slash_white.default ^^1^2",
          "/execute positioned ^^1^2 run damage @e[c=10,r=3.5,family=!attack,family=!inanimate,type=!wesl3y:kuroobi,type=!item,type=!xp_orb] 12 entity_attack entity @s"
        ],
        "1.2": [
          "/execute positioned ^^1^2 run damage @e[c=10,r=3.5,family=!attack,family=!inanimate,type=!wesl3y:kuroobi,type=!item,type=!xp_orb] 12 entity_attack entity @s"
        ],
        "1.3": [
          "/execute positioned ^^1^2 run damage @e[c=10,r=3.5,family=!attack,family=!inanimate,type=!wesl3y:kuroobi,type=!item,type=!xp_orb] 12 entity_attack entity @s",
          "/summon wesl3y:kuroobi_attack ^^^ ~~ wesl3y:impulse"
        ],
        "1.4": [
          "/execute positioned ^^1^2 run damage @e[c=10,r=3.5,family=!attack,family=!inanimate,type=!wesl3y:kuroobi,type=!item,type=!xp_orb] 12 entity_attack entity @s"
        ]
      }
    },
    "animation.sanji.combo1": {
      "loop": false,
      "animation_length": 0.8,
      "timeline": {
        "0.0": [
          "/particle wesl3y:smash_white.default ~~1~",
          "/particle wesl3y:smash_black.default ~~1~",
          "/particle wesl3y:expansion_white.default ~~1~",
          "/particle wesl3y:crack5",
          "/playsound explosion @a[r=12] ~~~ 0.3",
          "/playsound explosion @a[rm=12,r=17] ~~~ 0.2",
          "/playsound explosion @a[rm=17,r=25] ~~~ 0.1",
          "/summon wesl3y:sanji_attack ~~~ ~~ wesl3y:smash",
          "/damage @e[r=3,family=!attack,type=!wesl3y:sanji,type=!item,type=!xp_orb] 10 entity_attack entity @s"
        ],
        "0.2": [
          "/damage @e[r=4,family=!attack,type=!wesl3y:sanji,type=!item,type=!xp_orb] 10 override entity @s"
        ],
        "0.4": [
          "/damage @e[r=5,family=!attack,type=!wesl3y:sanji,type=!item,type=!xp_orb] 10 entity_attack entity @s"
        ],
        "0.6": [
          "/damage @e[r=6,family=!attack,type=!wesl3y:sanji,type=!item,type=!xp_orb] 10 override entity @s"
        ]
      }
    },
    "animation.sanji.combo2": {
      "loop": false,
      "animation_length": 1.9,
      "timeline": {
        "0.0": [
          "/playanimation @s animation.blackleg.barrage wesl3y"
        ],
        "0.15": [
          "/tag @s add attack_stunned",
          "/playsound shoot @a[r=7] ~~~ 0.5",
          "/playsound shoot @a[rm=7,r=10] ~~~ 0.3",
          "/playsound shoot @a[rm=10,r=15] ~~~ 0.1",
          "/execute positioned ^^^1 run damage @e[r=3,family=!attack,type=!wesl3y:sanji,type=!item,type=!xp_orb] 10 entity_attack entity @s"
        ],
        "0.2": [
          "/playsound shoot @a[r=7] ~~~ 0.5",
          "/playsound shoot @a[rm=7,r=10] ~~~ 0.3",
          "/playsound shoot @a[rm=10,r=15] ~~~ 0.1"
        ],
        "0.3": [
          "/playsound shoot @a[r=7] ~~~ 0.5",
          "/playsound shoot @a[rm=7,r=10] ~~~ 0.3",
          "/playsound shoot @a[rm=10,r=15] ~~~ 0.1",
          "/execute positioned ^^^1 run damage @e[r=3,family=!attack,type=!wesl3y:sanji,type=!item,type=!xp_orb] 10 override entity @s"
        ],
        "0.4": [
          "/playsound shoot @a[r=7] ~~~ 0.5",
          "/playsound shoot @a[rm=7,r=10] ~~~ 0.3",
          "/playsound shoot @a[rm=10,r=15] ~~~ 0.1"
        ],
        "0.5": [
          "/playsound shoot @a[r=7] ~~~ 0.5",
          "/playsound shoot @a[rm=7,r=10] ~~~ 0.3",
          "/playsound shoot @a[rm=10,r=15] ~~~ 0.1",
          "/execute positioned ^^^1 run damage @e[r=3,family=!attack,type=!wesl3y:sanji,type=!item,type=!xp_orb] 10 entity_attack entity @s"
        ],
        "0.6": [
          "/playsound shoot @a[r=7] ~~~ 0.5",
          "/playsound shoot @a[rm=7,r=10] ~~~ 0.3",
          "/playsound shoot @a[rm=10,r=15] ~~~ 0.1"
        ],
        "0.7": [
          "/playsound shoot @a[r=7] ~~~ 0.5",
          "/playsound shoot @a[rm=7,r=10] ~~~ 0.3",
          "/playsound shoot @a[rm=10,r=15] ~~~ 0.1",
          "/execute positioned ^^^1 run damage @e[r=3,family=!attack,type=!wesl3y:sanji,type=!item,type=!xp_orb] 10 override entity @s"
        ],
        "0.8": [
          "/playsound shoot @a[r=7] ~~~ 0.5",
          "/playsound shoot @a[rm=7,r=10] ~~~ 0.3",
          "/playsound shoot @a[rm=10,r=15] ~~~ 0.1"
        ],
        "0.9": [
          "/playsound shoot @a[r=7] ~~~ 0.5",
          "/playsound shoot @a[rm=7,r=10] ~~~ 0.3",
          "/playsound shoot @a[rm=10,r=15] ~~~ 0.1",
          "/execute positioned ^^^1 run damage @e[r=3,family=!attack,type=!wesl3y:sanji,type=!item,type=!xp_orb] 10 entity_attack entity @s"
        ],
        "1.0": [
          "/playsound shoot @a[r=7] ~~~ 0.5",
          "/playsound shoot @a[rm=7,r=10] ~~~ 0.3",
          "/playsound shoot @a[rm=10,r=15] ~~~ 0.1"
        ],
        "1.1": [
          "/playsound shoot @a[r=7] ~~~ 0.5",
          "/playsound shoot @a[rm=7,r=10] ~~~ 0.3",
          "/playsound shoot @a[rm=10,r=15] ~~~ 0.1",
          "/execute positioned ^^^1 run damage @e[r=3,family=!attack,type=!wesl3y:sanji,type=!item,type=!xp_orb] 10 override entity @s"
        ],
        "1.2": [
          "/playsound shoot @a[r=7] ~~~ 0.5",
          "/playsound shoot @a[rm=7,r=10] ~~~ 0.3",
          "/playsound shoot @a[rm=10,r=15] ~~~ 0.1"
        ],
        "1.3": [
          "/playsound shoot @a[r=7] ~~~ 0.5",
          "/playsound shoot @a[rm=7,r=10] ~~~ 0.3",
          "/playsound shoot @a[rm=10,r=15] ~~~ 0.1",
          "/execute positioned ^^^1 run damage @e[r=3,family=!attack,type=!wesl3y:sanji,type=!item,type=!xp_orb] 10 entity_attack entity @s"
        ],
        "1.4": [
          "/playsound shoot @a[r=7] ~~~ 0.5",
          "/playsound shoot @a[rm=7,r=10] ~~~ 0.3",
          "/playsound shoot @a[rm=10,r=15] ~~~ 0.1"
        ],
        "1.5": [
          "/playsound shoot @a[r=7] ~~~ 0.5",
          "/playsound shoot @a[rm=7,r=10] ~~~ 0.3",
          "/playsound shoot @a[rm=10,r=15] ~~~ 0.1",
          "/execute positioned ^^^1 run damage @e[r=3,family=!attack,type=!wesl3y:sanji,type=!item,type=!xp_orb] 10 override entity @s"
        ],
        "1.6": [
          "/playsound shoot @a[r=7] ~~~ 0.5",
          "/playsound shoot @a[rm=7,r=10] ~~~ 0.3",
          "/playsound shoot @a[rm=10,r=15] ~~~ 0.1"
        ],
        "1.7": [
          "/playsound shoot @a[r=7] ~~~ 0.5",
          "/playsound shoot @a[rm=7,r=10] ~~~ 0.3",
          "/playsound shoot @a[rm=10,r=15] ~~~ 0.1",
          "/execute positioned ^^^1 run damage @e[r=3,family=!attack,type=!wesl3y:sanji,type=!item,type=!xp_orb] 10 entity_attack entity @s"
        ],
        "1.8": [
          "/tag @s remove attack_stunned"
        ]
      }
    }
  }
}