{
  "format_version": "1.10.0",
  "animations": {
    "animation.style.loop": {
      "loop": true,
      "animation_length": 0.25,
      "timeline": {
        "0.0": [
          "/playanimation @s[hasitem={item=wesl3y:kanabo,location=slot.weapon.mainhand},scores={slotSkill2=1}] animation.kanabo.thunder_quake.loop wesl3y",
          "/playanimation @s[hasitem={item=wesl3y:yoru,location=slot.weapon.mainhand},scores={slotSkill2=0}] animation.yoru.dark_blade.loop wesl3y",
          "/playanimation @s[hasitem={item=wesl3y:yoru2,location=slot.weapon.mainhand},scores={slotSkill2=0}] animation.yoru.dark_blade.loop wesl3y",
          "/playanimation @s[hasitem={item=wesl3y:yoru2,location=slot.weapon.mainhand},scores={slotSkill2=1}] animation.yoru.divine_cuts.loop wesl3y"
        ]
      }
    },
    "animation.weapon.raimei_hakke": {
      "loop": false,
      "animation_length": 2.1,
      "timeline": {
        "0.0": [
          "/tag @s[tag=no_ground] add stop_air",
          "/tp @s[tag=no_ground] ~~~",
          "/playanimation @s animation.kanabo.raimei_hakke",
          "/tag @s add raimei_hakke"
        ],
        "0.1": [
          "/function damage/weapon/raimei_hakke",
          "/camerashake add @a[r=8] 0.6 3 positional"
        ],
        "0.4": [
          "/playsound raimei_hakke @a[r=5]",
          "/function damage/weapon/raimei_hakke"
        ],
        "0.7": [
          "/playsound explosion @a[r=5]",
          "/function damage/weapon/raimei_hakke",
          "/particle wesl3y:raimei_hakke_hit ^3^2^3",
          "/particle wesl3y:raimei_hakke_hit ^-3^2^3"
        ],
        "1.0": [
          "/function damage/weapon/raimei_hakke"
        ],
        "1.3": [
          "/function damage/weapon/raimei_hakke"
        ],
        "1.6": [
          "/function damage/weapon/raimei_hakke",
          "/particle wesl3y:raimei_hakke_explosion ^^1^3",
          "/particle wesl3y:raimei_hakke_explosion2 ^^1^3",
          "/execute at @s[tag=haki_king] run particle wesl3y:haki_king3 ~~~"
        ],
        "1.9": [
          "/function damage/weapon/raimei_hakke"
        ],
        "2.0": [
          "/tag @s remove stop_air",
          "/tag @s remove raimei_hakke"
        ]
      }
    },
    "animation.weapon.thunder_quake": {
      "loop": false,
      "animation_length": 1.8,
      "timeline": {
        "0.0": [
          "/playanimation @s animation.kanabo.thunder_quake",
          "/playsound explosion @a[r=7] ~~~ 1"
        ],
        "0.1": [
          "/camerashake add @a[r=8] 1.5 3 positional"
        ],
        "0.3": [
          "/particle wesl3y:thunder_quake ~~1~",
          "/particle wesl3y:thunder_quake2 ~~1~",
          "/tag @s add thunder_quake",
          "/function damage/weapon/thunder_quake"
        ],
        "0.5": [
          "/function damage/weapon/thunder_quake"
        ],
        "0.7": [
          "/function damage/weapon/thunder_quake",
          "/particle wesl3y:thunder_quake ~~1~",
          "/particle wesl3y:thunder_quake2 ~~1~"
        ],
        "0.9": [
          "/function damage/weapon/thunder_quake"
        ],
        "1.1": [
          "/function damage/weapon/thunder_quake"
        ],
        "1.3": [
          "/function damage/weapon/thunder_quake"
        ],
        "1.5": [
          "/function damage/weapon/thunder_quake"
        ],
        "1.7": [
          "/tag @s remove stop_air",
          "/tag @s remove thunder_quake"
        ]
      }
    },
    "animation.weapon.oden_cuts.loop": {
      "loop": false,
      "animation_length": 2.6,
      "timeline": {
        "0.0": [
          "/tag @s remove stop_air",
          "/playanimation @s animation.oden_nitoryu.cuts.loop wesl3y",
          "/inputpermission set @s movement disabled"
        ],
        "0.1": [
          "/tag @s add oden_cuts",
          "/tag @s add attack_stunned"
        ],
        "0.2": [
          "/execute positioned ^^1^ run function damage/weapon/oden_cuts",
          "/particle wesl3y:oden_cuts ^^1^",
          "/particle wesl3y:oden_cuts4 ^^1^",
          "/playsound cut @a[r=10] ~~~ 0.5"
        ],
        "0.3": [
          "/execute positioned ^^1^ run function damage/weapon/oden_cuts",
          "/particle wesl3y:oden_cuts2 ^^1^",
          "/playsound sword_cut @a[r=10] ~~~ 0.5"
        ],
        "0.4": [
          "/execute positioned ^^1^ run function damage/weapon/oden_cuts",
          "/particle wesl3y:oden_cuts3 ^^1^",
          "/playsound cut @a[r=10] ~~~ 0.5"
        ],
        "0.5": [
          "/execute positioned ^^1^ run function damage/weapon/oden_cuts",
          "/particle wesl3y:oden_cuts ^^1^",
          "/particle wesl3y:oden_cuts4 ^^1^",
          "/playsound sword_cut @a[r=10] ~~~ 0.5"
        ],
        "0.6": [
          "/execute positioned ^^1^ run function damage/weapon/oden_cuts",
          "/particle wesl3y:oden_cuts2 ^^1^",
          "/playsound cut @a[r=10] ~~~ 0.5"
        ],
        "0.7": [
          "/playanimation @s animation.oden_nitoryu.cuts.loop wesl3y",
          "/execute positioned ^^1^ run function damage/weapon/oden_cuts",
          "/particle wesl3y:oden_cuts3 ^^1^",
          "/playsound sword_cut @a[r=10] ~~~ 0.5"
        ],
        "0.8": [
          "/execute positioned ^^1^ run function damage/weapon/oden_cuts",
          "/particle wesl3y:oden_cuts ^^1^",
          "/particle wesl3y:oden_cuts4 ^^1^",
          "/playsound cut @a[r=10] ~~~ 0.5"
        ],
        "0.9": [
          "/execute positioned ^^1^ run function damage/weapon/oden_cuts",
          "/particle wesl3y:oden_cuts2 ^^1^",
          "/playsound sword_cut @a[r=10] ~~~ 0.5"
        ],
        "1.0": [
          "/execute positioned ^^1^ run function damage/weapon/oden_cuts",
          "/particle wesl3y:oden_cuts3 ^^1^",
          "/playsound cut @a[r=10] ~~~ 0.5"
        ],
        "1.1": [
          "/execute positioned ^^1^ run function damage/weapon/oden_cuts",
          "/particle wesl3y:oden_cuts ^^1^",
          "/particle wesl3y:oden_cuts4 ^^1^",
          "/playsound sword_cut @a[r=10] ~~~ 0.5"
        ],
        "1.2": [
          "/execute positioned ^^1^ run function damage/weapon/oden_cuts",
          "/particle wesl3y:oden_cuts2 ^^1^",
          "/playsound cut @a[r=10] ~~~ 0.5"
        ],
        "1.3": [
          "/execute positioned ^^1^ run function damage/weapon/oden_cuts",
          "/particle wesl3y:oden_cuts3 ^^1^",
          "/playsound sword_cut @a[r=10] ~~~ 0.5"
        ],
        "1.4": [
          "/playanimation @s animation.oden_nitoryu.cuts.loop wesl3y",
          "/execute positioned ^^1^ run function damage/weapon/oden_cuts",
          "/particle wesl3y:oden_cuts ^^1^",
          "/particle wesl3y:oden_cuts4 ^^1^",
          "/playsound cut @a[r=10] ~~~ 0.5"
        ],
        "1.5": [
          "/execute positioned ^^1^ run function damage/weapon/oden_cuts",
          "/particle wesl3y:oden_cuts2 ^^1^",
          "/playsound sword_cut @a[r=10] ~~~ 0.5"
        ],
        "1.6": [
          "/execute positioned ^^1^ run function damage/weapon/oden_cuts",
          "/particle wesl3y:oden_cuts3 ^^1^",
          "/playsound cut @a[r=10] ~~~ 0.5"
        ],
        "1.7": [
          "/execute positioned ^^1^ run function damage/weapon/oden_cuts",
          "/particle wesl3y:oden_cuts ^^1^",
          "/particle wesl3y:oden_cuts4 ^^1^",
          "/playsound sword_cut @a[r=10] ~~~ 0.5"
        ],
        "1.8": [
          "/execute positioned ^^1^ run function damage/weapon/oden_cuts",
          "/particle wesl3y:oden_cuts2 ^^1^",
          "/playsound cut @a[r=10] ~~~ 0.5"
        ],
        "1.9": [
          "/execute positioned ^^1^ run function damage/weapon/oden_cuts",
          "/particle wesl3y:oden_cuts3 ^^1^",
          "/playsound sword_cut @a[r=10] ~~~ 0.5"
        ],
        "2.0": [
          "/execute positioned ^^1^ run function damage/weapon/oden_cuts",
          "/particle wesl3y:oden_cuts ^^1^",
          "/particle wesl3y:oden_cuts4 ^^1^",
          "/playsound cut @a[r=10] ~~~ 0.5"
        ],
        "2.1": [
          "/playanimation @s animation.oden_nitoryu.cuts.loop wesl3y",
          "/execute positioned ^^1^ run function damage/weapon/oden_cuts",
          "/particle wesl3y:oden_cuts2 ^^1^",
          "/playsound sword_cut @a[r=10] ~~~ 0.5"
        ],
        "2.2": [
          "/execute positioned ^^1^ run function damage/weapon/oden_cuts",
          "/particle wesl3y:oden_cuts3 ^^1^",
          "/playsound cut @a[r=10] ~~~ 0.5"
        ],
        "2.3": [
          "/execute positioned ^^1^ run function damage/weapon/oden_cuts",
          "/particle wesl3y:oden_cuts ^^1^",
          "/particle wesl3y:oden_cuts4 ^^1^",
          "/playsound sword_cut @a[r=10] ~~~ 0.5"
        ],
        "2.4": [
          "/execute positioned ^^1^ run function damage/weapon/oden_cuts",
          "/particle wesl3y:oden_cuts2 ^^1^"
        ],
        "2.5": [
          "/tag @s remove stop_air",
          "/tag @s remove oden_cuts",
          "/tag @s remove attack_stunned"
        ]
      }
    },
    "animation.weapon.togen_shirataki": {
      "loop": false,
      "animation_length": 1.1,
      "timeline": {
        "0.0": [
          "/tag @s remove stop_air",
          "/playanimation @s animation.oden_nitoryu.togen_shirataki.end wesl3y",
          "/particle wesl3y:togen_shirataki",
          "/tag @s add togen_shirataki",
          "/summon wesl3y:weapon_attack ^^^-1 ~~ wesl3y:togen_shirataki",
          "/playsound jump1 @a[r=10] ~~0.1~ 0.75"
        ],
        "0.7": [
          "/playsound cut @a[r=10] ~~~ 0.5",
          "/function damage/weapon/togen_shirataki"
        ],
        "0.9": [
          "/execute at @e[tag=tshirataki] run particle wesl3y:togen_shirataki_cut ~~2~",
          "/function damage/weapon/togen_shirataki"
        ],
        "1.0": [
          "/tag @s remove togen_shirataki",
          "/tag @e remove tshirataki"
        ]
      }
    },
    "animation.weapon.togen_totsuka": {
      "loop": false,
      "animation_length": 1.4,
      "timeline": {
        "0.0": [
          "/tag @s remove stop_air",
          "/playanimation @s animation.oden_nitoryu.togen_totsuka.end wesl3y",
          "/particle wesl3y:togen_shirataki",
          "/tag @s add togen_totsuka",
          "/summon wesl3y:weapon_attack ^^^-1 ~~ wesl3y:togen_totsuka",
          "/playsound jump1 @a[r=10] ~~0.1~ 0.75",
          "/effect @s slow_falling 2 0 true"
        ],
        "0.9": [
          "/playsound cut @a[r=10] ~~~ 0.5"
        ],
        "1.2": [
          "/execute as @e[tag=ttotsuka] at @s run particle wesl3y:togen_totsuka_cut ~~3~",
          "/execute as @e[tag=ttotsuka] at @s run particle wesl3y:togen_totsuka_cut2 ~~3~",
          "/tag @s remove togen_totsuka",
          "/tag @e remove ttotsuka"
        ]
      }
    },
    "animation.weapon.mogura_cut": {
      "loop": false,
      "animation_length": 0.9,
      "timeline": {
        "0.0": [
          "/tag @s remove stop_air",
          "/playanimation @s animation.mogura.cut_impulse.end wesl3y",
          "/particle wesl3y:togen_shirataki",
          "/tag @s add cut_impulse",
          "/summon wesl3y:weapon_attack ^^^-1 ~~ wesl3y:cut_impulse",
          "/playsound jump1 @a[r=10] ~~0.1~ 0.75"
        ],
        "0.65": [
          "/execute at @e[tag=cimpulse] run particle wesl3y:cut_impulse_cut ~~~"
        ],
        "0.8": [
          "/tag @s remove cut_impulse"
        ]
      }
    },
    "animation.weapon.triple_cut": {
      "loop": false,
      "animation_length": 2.5,
      "timeline": {
        "0.0": [
          "/tag @s[tag=no_ground] add stop_air",
          "/tp @s[tag=no_ground] ~~~"
        ],
        "0.2": [
          "/playsound cut @a[r=10] ~~~ 0.75",
          "/tag @s add triple_cut",
          "/event entity @s wesl3y:weapon_projetil"
        ],
        "1.0": [
          "/tag @s remove stop_air"
        ],
        "2.4": [
          "/tag @s remove triple_cut"
        ]
      }
    },
    "animation.weapon.infinite_cuts": {
      "loop": false,
      "animation_length": 1.3,
      "timeline": {
        "0.0": [
          "/tag @s[tag=no_ground] add stop_air",
          "/tp @s[tag=no_ground] ~~~",
          "/tag @s add infinite_cuts",
          "/tag @s add attack_stunned",
          "/playanimation @s animation.mogura.infinite_cuts.end wesl3y"
        ],
        "1.2": [
          "/tag @s remove infinite_cuts",
          "/tag @s remove attack_stunned"
        ]
      }
    },
    "animation.weapon.dark_blade": {
      "loop": false,
      "animation_length": 0.6,
      "timeline": {
        "0.0": [
          "/tag @s[tag=no_ground] add stop_air",
          "/tp @s[tag=no_ground] ~~~",
          "/playanimation @s animation.yoru.dark_blade.end wesl3y"
        ],
        "0.1": [
          "/playsound sword_cut @a[r=10] ~~~ 0.75",
          "/playsound sword_cut @a[rm=7,r=10] ~~~ 0.3",
          "/playsound sword_cut @a[rm=10,r=15] ~~~ 0.1",
          "/tp @s ^^^ ~ 0",
          "/tag @s add dark_blade",
          "/event entity @s wesl3y:weapon_projetil"
        ],
        "0.5": [
          "/tag @s remove stop_air"
        ]
      }
    },
    "animation.weapon.dark_impulse.loop": {
      "loop": true,
      "animation_length": 0.2,
      "timeline": {
        "0.0": [
          "/playanimation @s animation.yoru.dark_impulse.loop",
          "/tp @s ^^^ facing @e[r=20,rm=0.001,c=1,type=!item,type=!armor_stand,type=!thrown_trident,type=!arrow,type=!area_effect_cloud,type=!minecart,type=!chest_minecart,type=!command_block_minecart,type=!dragon_fireball,type=!egg,type=!snowball,type=!ender_crystal,type=!ender_pearl,type=!evocation_fang,type=!falling_block,type=!fireball,type=!fireworks_rocket,type=!fishing_hook,type=!leash_knot,type=!lightning_bolt,type=!lingering_potion,type=!llama_spit,type=!xp_orb,type=!wither_skull,type=!wither_skull_dangerous,family=!attack,tag=!creative]"
        ],
        "0.1": [
          "/tp @s ^^^ facing @e[r=20,rm=0.001,c=1,type=!item,type=!armor_stand,type=!thrown_trident,type=!arrow,type=!area_effect_cloud,type=!minecart,type=!chest_minecart,type=!command_block_minecart,type=!dragon_fireball,type=!egg,type=!snowball,type=!ender_crystal,type=!ender_pearl,type=!evocation_fang,type=!falling_block,type=!fireball,type=!fireworks_rocket,type=!fishing_hook,type=!leash_knot,type=!lightning_bolt,type=!lingering_potion,type=!llama_spit,type=!xp_orb,type=!wither_skull,type=!wither_skull_dangerous,family=!attack,tag=!creative]"
        ]
      }
    },
    "animation.weapon.dark_impulse": {
      "loop": false,
      "animation_length": 1.0,
      "timeline": {
        "0.0": [
          "/tag @s remove stop_air",
          "/tag @s add dark_impulse",
          "/function damage/weapon/dark_impulse_tp",
          "/playanimation @s animation.yoru.dark_impulse wesl3y"
        ],
        "0.2": [
          "/function damage/weapon/dark_impulse"
        ],
        "0.7": [
          "/function damage/weapon/dark_impulse"
        ],
        "0.8": [
          "/tag @s remove dark_impulse"
        ]
      }
    },
    "animation.weapon.dark_cuts": {
      "loop": false,
      "animation_length": 2.5,
      "timeline": {
        "0.0": [
          "/tag @s[tag=no_ground] add stop_air",
          "/tp @s[tag=no_ground] ~~~",
          "/playanimation @s animation.yoru.dark_cuts.start wesl3y",
          "/inputpermission set @s movement disabled"
        ],
        "0.1": [
          "/tag @s add dark_cuts",
          "/tag @s add attack_stunned"
        ],
        "0.2": [
          "/particle wesl3y:dark_cuts ^^1^",
          "/particle wesl3y:dark_cuts4 ^^1^",
          "/playsound cut @a[r=10] ~~~ 0.5"
        ],
        "0.3": [
          "/particle wesl3y:dark_cuts2 ^^1^",
          "/playsound sword_cut @a[r=10] ~~~ 0.5"
        ],
        "0.4": [
          "/particle wesl3y:dark_cuts3 ^^1^",
          "/playsound cut @a[r=10] ~~~ 0.5"
        ],
        "0.5": [
          "/particle wesl3y:dark_cuts ^^1^",
          "/particle wesl3y:dark_cuts4 ^^1^",
          "/playsound sword_cut @a[r=10] ~~~ 0.5"
        ],
        "0.6": [
          "/particle wesl3y:dark_cuts2 ^^1^",
          "/playsound cut @a[r=10] ~~~ 0.5"
        ],
        "0.7": [
          "/particle wesl3y:dark_cuts3 ^^1^",
          "/playsound sword_cut @a[r=10] ~~~ 0.5"
        ],
        "0.8": [
          "/particle wesl3y:dark_cuts ^^1^",
          "/particle wesl3y:dark_cuts4 ^^1^",
          "/playsound cut @a[r=10] ~~~ 0.5"
        ],
        "0.9": [
          "/particle wesl3y:dark_cuts2 ^^1^",
          "/playsound sword_cut @a[r=10] ~~~ 0.5"
        ],
        "1.0": [
          "/particle wesl3y:dark_cuts3 ^^1^",
          "/playsound cut @a[r=10] ~~~ 0.5"
        ],
        "1.1": [
          "/particle wesl3y:dark_cuts ^^1^",
          "/particle wesl3y:dark_cuts4 ^^1^",
          "/playsound sword_cut @a[r=10] ~~~ 0.5"
        ],
        "1.2": [
          "/particle wesl3y:dark_cuts2 ^^1^",
          "/playsound cut @a[r=10] ~~~ 0.5"
        ],
        "1.3": [
          "/particle wesl3y:dark_cuts3 ^^1^",
          "/playsound sword_cut @a[r=10] ~~~ 0.5"
        ],
        "1.4": [
          "/playanimation @s animation.yoru.dark_cuts.end wesl3y",
          "/particle wesl3y:dark_cuts ^^1^",
          "/particle wesl3y:dark_cuts4 ^^1^",
          "/playsound cut @a[r=10] ~~~ 0.5"
        ],
        "1.5": [
          "/particle wesl3y:dark_cuts2 ^^1^",
          "/playsound sword_cut @a[r=10] ~~~ 0.5"
        ],
        "1.6": [
          "/particle wesl3y:dark_cuts3 ^^1^",
          "/playsound cut @a[r=10] ~~~ 0.5"
        ],
        "1.7": [
          "/particle wesl3y:dark_cuts ^^1^",
          "/particle wesl3y:dark_cuts4 ^^1^",
          "/playsound sword_cut @a[r=10] ~~~ 0.5"
        ],
        "1.8": [
          "/particle wesl3y:dark_cuts2 ^^1^",
          "/playsound cut @a[r=10] ~~~ 0.5"
        ],
        "1.9": [
          "/particle wesl3y:dark_cuts3 ^^1^",
          "/playsound sword_cut @a[r=10] ~~~ 0.5"
        ],
        "2.0": [
          "/particle wesl3y:dark_cuts ^^1^",
          "/particle wesl3y:dark_cuts4 ^^1^",
          "/playsound cut @a[r=10] ~~~ 0.5"
        ],
        "2.1": [
          "/particle wesl3y:dark_cuts2 ^^1^",
          "/playsound sword_cut @a[r=10] ~~~ 0.5"
        ],
        "2.2": [
          "/particle wesl3y:dark_cuts3 ^^1^",
          "/playsound cut @a[r=10] ~~~ 0.5"
        ],
        "2.3": [
          "/particle wesl3y:dark_cuts ^^1^",
          "/particle wesl3y:dark_cuts4 ^^1^",
          "/playsound sword_cut @a[r=10] ~~~ 0.5"
        ],
        "2.4": [
          "/tag @s remove stop_air",
          "/tag @s remove dark_cuts",
          "/tag @s remove attack_stunned"
        ]
      }
    },
    "animation.weapon.dark_rage": {
      "loop": false,
      "animation_length": 1.3,
      "timeline": {
        "0.0": [
          "/tag @s remove stop_air",
          "/tag @s add dark_rage",
          "/playanimation @s animation.yoru.dark_rage.end wesl3y"
        ],
        "0.4": [
          "/summon wesl3y:weapon_damage ^^1^2 ~~ wesl3y:dark_rage"
        ],
        "1.2": [
          "/tag @s remove dark_rage",
          "/tag @s remove stop_air"
        ]
      }
    },
    "animation.weapon.dark_end": {
      "loop": false,
      "animation_length": 1.3,
      "timeline": {
        "0.0": [
          "/tag @s remove stop_air",
          "/tag @s add dark_end",
          "/playanimation @s animation.yoru.dark_end wesl3y"
        ],
        "0.1": [
          "/function damage/weapon/dark_end_tp"
        ],
        "0.2": [
          "/function damage/weapon/dark_end"
        ],
        "0.4": [
          "/function damage/weapon/dark_end_tp2"
        ],
        "0.5": [
          "/function damage/weapon/dark_end"
        ],
        "0.7": [
          "/function damage/weapon/dark_end_tp3"
        ],
        "0.8": [
          "/function damage/weapon/dark_end"
        ],
        "1.0": [
          "/function damage/weapon/dark_end_tp4"
        ],
        "1.1": [
          "/function damage/weapon/dark_end"
        ],
        "1.2": [
          "/tag @s remove dark_end"
        ]
      }
    },
    "animation.weapon.light_blade": {
      "loop": false,
      "animation_length": 0.6,
      "timeline": {
        "0.0": [
          "/tag @s[tag=no_ground] add stop_air",
          "/tp @s[tag=no_ground] ~~~",
          "/playanimation @s animation.yoru.dark_blade.end wesl3y"
        ],
        "0.1": [
          "/playsound light_blade @a[r=5]",
          "/tp @s ^^^ ~ 0",
          "/tag @s add light_blade",
          "/event entity @s wesl3y:weapon_projetil"
        ],
        "0.5": [
          "/tag @s remove stop_air"
        ]
      }
    },
    "animation.weapon.bayblade_cuts": {
      "loop": false,
      "animation_length": 4.5,
      "timeline": {
        "0.0": [
          "/tag @s remove stop_air",
          "/playanimation @s animation.yoru.bayblade_cuts wesl3y",
          "/tag @s add update_stats"
        ],
        "0.1": [
          "/tag @s add bayblade_cuts"
        ],
        "2.8": [
          "/summon wesl3y:weapon_attack ^^^-2 ~ ~ wesl3y:bayblade_cuts"
        ],
        "3.0": [
          "/tag @s remove stop_air",
          "/tag @s remove bayblade_cuts"
        ]
      }
    },
    "animation.weapon.divine_cuts": {
      "loop": false,
      "animation_length": 1.1,
      "timeline": {
        "0.0": [
          "/tag @s[tag=no_ground] add stop_air",
          "/tp @s[tag=no_ground] ~~~",
          "/playanimation @s animation.yoru.divine_cuts wesl3y"
        ],
        "0.2": [
          "/tag @s add divine_cuts",
          "/event entity @s wesl3y:weapon_projetil"
        ],
        "1.0": [
          "/tag @s remove stop_air"
        ]
      }
    }
  }
}