{
  "format_version": "1.16.0",
  "minecraft:entity": {
    "description": {
      "identifier": "wesl3y:luffy_damage",
      "is_spawnable": false,
      "is_summonable": true,
      "is_experimental": false
    },
    "component_groups": {
      "wesl3y:despawn": {
        "minecraft:transformation": {
          "into": "wesl3y:despawn",
          "delay": 0.0
        }
      },
      "wesl3y:hit": {
        "minecraft:type_family": {
          "family": [ "hit", "luffy", "attack", "damage" ]
        },
        "minecraft:behavior.knockback_roar": {
          "duration": 0.2,
          "attack_time": 0.1,
          "knockback_filters": {
            "test": "has_tag","subject": "other","operator": "==","value": "sla"
          },
          "damage_filters": {
            "test": "has_tag","subject": "other","operator": "==","value": "sla"
          },
          "on_roar_end": {
            "event": "wesl3y:despawn"
          }
        }
      },
      "wesl3y:bazooka": {
        "minecraft:type_family": {
          "family": [ "bazooka", "luffy", "attack", "damage" ]
        },
        "minecraft:behavior.knockback_roar": {
          "duration": 0.2,
          "attack_time": 0.1,
          "knockback_damage": 0,
          "knockback_horizontal_strength": 1,
          "knockback_vertical_strength": 1,
          "knockback_range": 2.5,
          "cooldown_time": 0.1,
          "knockback_filters": {
            "any_of": [
              {"test": "has_tag","subject": "other","operator": "!=","value": "luffy"}
            ]
          },
          "damage_filters": {
            "test": "has_tag",
            "subject": "other",
            "operator": "==",
            "value": "empty"
          },
          "on_roar_end": {
            "event": "wesl3y:despawn"
          }
        }
      },
      "wesl3y:giant_pistol": {
        "minecraft:type_family": {
          "family": [ "giant_pistol", "luffy", "attack", "damage" ]
        },
        "minecraft:behavior.knockback_roar": {
          "duration": 0.8,
          "attack_time": 0.1,
          "knockback_damage": 0,
          "knockback_horizontal_strength": 1.5,
          "knockback_vertical_strength": 1,
          "knockback_range": 3.5,
          "cooldown_time": 0.5,
          "knockback_filters": {
            "any_of": [
              {"test": "has_tag","subject": "other","operator": "!=","value": "luffy"}
            ]
          },
          "damage_filters": {
            "test": "has_tag",
            "subject": "other",
            "operator": "==",
            "value": "empty"
          },
          "on_roar_end": {
            "event": "wesl3y:despawn"
          }
        }
      },
      "wesl3y:red_rock": {
        "minecraft:type_family": {
          "family": [ "red_rock", "luffy", "attack", "damage" ]
        },
        "minecraft:behavior.knockback_roar": {
          "duration": 0.8,
          "attack_time": 0.1,
          "knockback_damage": 0,
          "knockback_horizontal_strength": 1.5,
          "knockback_vertical_strength": 1,
          "knockback_range": 4.5,
          "cooldown_time": 0.5,
          "knockback_filters": {
            "any_of": [
              {"test": "has_tag","subject": "other","operator": "!=","value": "luffy"}
            ]
          },
          "damage_filters": {
            "test": "has_tag",
            "subject": "other",
            "operator": "==",
            "value": "empty"
          },
          "on_roar_end": {
            "event": "wesl3y:despawn"
          }
        }
      },
      "wesl3y:kaminari": {
        "minecraft:type_family": {
          "family": [ "kaminari", "luffy", "attack", "damage" ]
        }
      },
      "wesl3y:giant_pistol5": {
        "minecraft:type_family": {
          "family": [ "giant_pistol5", "luffy", "attack", "damage" ]
        },
        "minecraft:behavior.knockback_roar": {
          "duration": 0.2,
          "attack_time": 0.1,
          "knockback_damage": 0,
          "knockback_horizontal_strength": 1.5,
          "knockback_vertical_strength": 1,
          "knockback_range": 3.5,
          "cooldown_time": 0.1,
          "knockback_filters": {
            "any_of": [
              {"test": "has_tag","subject": "other","operator": "!=","value": "luffy"}
            ]
          },
          "damage_filters": {
            "test": "has_tag",
            "subject": "other",
            "operator": "==",
            "value": "empty"
          },
          "on_roar_end": {
            "event": "wesl3y:despawn"
          }
        }
      },
      "wesl3y:giant_kick": {
        "minecraft:type_family": {
          "family": [ "giant_kick", "luffy", "attack", "damage" ]
        },
        "minecraft:behavior.knockback_roar": {
          "duration": 0.8,
          "attack_time": 0.1,
          "knockback_damage": 0,
          "knockback_horizontal_strength": 1.75,
          "knockback_vertical_strength": 1,
          "knockback_range": 7.5,
          "cooldown_time": 0.5,
          "knockback_filters": {
            "any_of": [
              {"test": "has_tag","subject": "other","operator": "!=","value": "luffy"}
            ]
          },
          "damage_filters": {
            "test": "has_tag",
            "subject": "other",
            "operator": "==",
            "value": "empty"
          },
          "on_roar_end": {
            "event": "wesl3y:despawn"
          }
        }
      },
      "wesl3y:bajrang_gun": {
        "minecraft:type_family": {
          "family": [ "bajrang_gun", "luffy", "attack", "damage" ]
        },
        "minecraft:behavior.knockback_roar": {
          "duration": 0.2,
          "attack_time": 0.1,
          "knockback_damage": 0,
          "knockback_horizontal_strength": 3,
          "knockback_vertical_strength": 1,
          "knockback_range": 10,
          "cooldown_time": 0.1,
          "knockback_filters": {
            "any_of": [
              {"test": "has_tag","subject": "other","operator": "!=","value": "luffy"}
            ]
          },
          "damage_filters": {
            "test": "has_tag",
            "subject": "other",
            "operator": "==",
            "value": "empty"
          },
          "on_roar_end": {
            "event": "wesl3y:despawn"
          }
        }
      }
    },
    "components": {
      "minecraft:collision_box": {
        "width": 0.0,
        "height": 0.0
      },
      "minecraft:transformation": {
        "into": "wesl3y:despawn",
        "delay": 1.5
      },
      "minecraft:timer": {
        "time": 0.15,
        "looping": true,
        "time_down_event": {
          "event": "minecraft:command",
          "target": "self"
        }
      },
      "minecraft:damage_sensor": {
        "triggers": {
          "on_damage": {},
          "deals_damage": false
        }
      },
      "minecraft:despawn": {
        "filters": {
          "all_of":[{ "test": "distance_to_nearest_player", "operator": ">", "value": 48 }]
        }
      },
      "minecraft:knockback_resistance": {"value": 1.0},
      "minecraft:physics": {
        "has_gravity": false
      },
      "minecraft:pushable": {
        "is_pushable": false,
        "is_pushable_by_piston": true
      },
      "minecraft:conditional_bandwidth_optimization": {
        "default_values": {
          "max_optimized_distance": 80,
          "max_dropped_ticks": 10,
          "use_motion_prediction_hints": true
        }
      }
    },
    "events": {
      "minecraft:command": {
        "sequence": [
          {
            "filters": {
              "test": "is_family",
              "value": "giant_pistol"
            },
            "run_command": {
              "command": ["function one_piece/luffy/giant_pistol"]
            }
          },
          {
            "filters": {
              "test": "is_family",
              "value": "red_rock"
            },
            "run_command": {
              "command": ["function one_piece/luffy/red_rock"]
            }
          },
          {
            "filters": {
              "test": "is_family",
              "value": "kaminari"
            },
            "run_command": {
              "command": ["function one_piece/luffy/kaminari"]
            }
          },
          {
            "filters": {
              "test": "is_family",
              "value": "giant_kick"
            },
            "run_command": {
              "command": ["function one_piece/luffy/giant_kick"]
            }
          }
        ]
      },
      "wesl3y:despawn": {
        "add": {
          "component_groups": [
            "wesl3y:despawn"
          ]
        }
      },
      "wesl3y:hit": {
        "add": {
          "component_groups": [
            "wesl3y:hit"
          ]
        }
      },
      "wesl3y:bazooka": {
        "add": {
          "component_groups": [
            "wesl3y:bazooka"
          ]
        }
      },
      "wesl3y:giant_pistol": {
        "add": {
          "component_groups": [
            "wesl3y:giant_pistol"
          ]
        }
      },
      "wesl3y:red_rock": {
        "add": {
          "component_groups": [
            "wesl3y:red_rock"
          ]
        }
      },
      "wesl3y:kaminari": {
        "add": {
          "component_groups": [
            "wesl3y:kaminari"
          ]
        },
        "run_command": {
          "command": [
            "particle wesl3y:luffy_gear5.kaminari.smash ~~1~",
            "particle wesl3y:slash_white.default ~~1~",
            "particle wesl3y:smash_white.default ~~1~"
          ]
        }
      },
      "wesl3y:giant_pistol5": {
        "add": {
          "component_groups": [
            "wesl3y:giant_pistol5"
          ]
        }
      },
      "wesl3y:giant_kick": {
        "add": {
          "component_groups": [
            "wesl3y:giant_kick"
          ]
        }
      },
      "wesl3y:bajrang_gun": {
        "add": {
          "component_groups": [
            "wesl3y:bajrang_gun"
          ]
        }
      }
    }
  }
}