{
  "format_version": "1.10.0",
  "particle_effect": {
    "description": {
      "identifier": "wesl3y:smoke_yellow.small",
      "basic_render_parameters": {
        "material": "particles_add",
        "texture": "textures/particle/particles12"
      }
    },
    "components": {
      "minecraft:emitter_rate_instant": {
        "num_particles": 30
      },
      "minecraft:emitter_lifetime_once": {
        "active_time": 1
      },
      "minecraft:emitter_shape_sphere": {
        "offset": [0, 0.5, 0],
        "radius": 1.0,
        "surface_only": false,
        "direction": "outwards"
      },
      "minecraft:particle_lifetime_expression": {
        "max_lifetime": "math.random(0.75, 1.0)"
      },
      "minecraft:particle_initial_spin": {
        "rotation_rate": "math.random(-90, 90)"
      },
      "minecraft:particle_initial_speed": "math.random(2.5, 5)",
      "minecraft:particle_motion_dynamic": {
        "linear_drag_coefficient": 2
      },
      "minecraft:particle_appearance_billboard": {
        "size": ["(variable.particle_random_1 * variable.particle_random_2 * 0.5 + 0.5) + (3 * variable.particle_age)", "(variable.particle_random_1 * variable.particle_random_2 * 0.5 + 0.5) + (3 * variable.particle_age)"],
        "facing_camera_mode": "lookat_xyz",
        "uv": {
          "texture_width": 32,
          "texture_height": 32,
          "uv": [0, 0],
          "uv_size": [32, 32]
        }
      },
      "minecraft:particle_appearance_tinting": {
        "color": {
          "interpolant": "v.particle_age",
          "gradient": {
			"0.0": "#FFFF0D00",
			"0.25": "#FFFF2D00",
			"0.75": "#FCFF5A00",
			"1.0": "#00FF5A00"
          }
        }
      }
    }
  }
}