{
	"format_version": "1.19.0",
	"animation_controllers": {
		"controller.animation.cauda": {
			"states": {
				"default": {
					"animations": ["caudastop"],
					"transitions": [
						{"caudawalk": "query.is_moving"},
						{"caudarun": "query.is_moving && query.is_sprinting"},
						{"caudasneak": "query.is_sneaking"},
						{"cauda1": "variable.attack_time>0"},
						
						
						
						{"caudajump": "!query.is_on_ground"},
						{"mount": "query.is_riding"}
					],
					"blend_transition": 0.2
				},
				"caudawalk": {
					"animations": ["caudawalk"],
					"transitions": [
						{"default": "!query.is_moving"},
						{"caudarun": "query.is_moving && query.is_sprinting"},
						{"cauda1": "variable.attack_time>0"},
						
						
						
						{"caudajump": "!query.is_on_ground"},
						{"mount": "query.is_riding"}
					],
					"blend_transition": 0.2
				},
				"caudarun": {
					"animations": ["caudarun"],
					"transitions": [
						{"caudawalk": "query.is_moving && !query.is_sprinting"},
						{"default": "!query.is_moving"},
						{"cauda1": "variable.attack_time>0"},
						
						
						
						{"caudarunjump": "!query.is_on_ground && query.is_moving && query.is_sprinting"},
						{"mount": "query.is_riding"}
					],
					"blend_transition": 0.2
				},
				"cauda1": {
					"animations": ["caudaatk"],
					"transitions": [
						{"default": "query.all_animations_finished && !variable.attack_time>0"},
						{"cauda2": "query.all_animations_finished && variable.attack_time>0 && !q.is_using_item"}
					],
					"blend_transition": 0.2
				},
				"cauda2": {
					"animations": ["cauda2"],
					"transitions": [
						{"default": "query.all_animations_finished && !variable.attack_time>0"},
						{"cauda3": "query.all_animations_finished && variable.attack_time>0 && !q.is_using_item"}
					],
					"blend_transition": 0.2,
					"blend_via_shortest_path": true
				},
				"cauda3": {
					"animations": ["cauda3"],
					"transitions": [
						{"default": "query.all_animations_finished && !variable.attack_time>0"},
						{"cauda4": "query.all_animations_finished && variable.attack_time>0 && !q.is_using_item"}
					],
					"blend_transition": 0.2,
					"blend_via_shortest_path": true
				},
				"cauda4": {
					"animations": ["cauda4"],
					"transitions": [
						{"default": "query.all_animations_finished"}
					],
					"blend_transition": 0.2,
					"blend_via_shortest_path": true
				},
				"caudasneak": {
					"animations": ["caudasneak"],
					"transitions": [
						{"default": "!query.is_sneaking"},
						{"cauda1": "variable.attack_time>0"},
						
						
						
						{"mount": "query.is_riding"}
					],
					"blend_transition": 0.2
				},
				"caudajump": {
					"animations": ["caudajump"],
					"transitions": [
						{"default": "query.is_on_ground"},
						{"caudawalk": "query.is_on_ground && query.is_moving"},
						{"mount": "query.is_riding"}
					],
					"blend_transition": 0.2
				},
				"caudarunjump": {
					"animations": ["caudarunjump"],
					"transitions": [
						{"caudarun": "query.is_on_ground && query.is_moving && query.is_sprinting"},
						{"default": "query.is_on_ground && !query.is_moving && !query.is_sprinting"},
						{"caudawalk": "query.is_on_ground && query.is_moving && !query.is_sprinting"}
					],
					"blend_transition": 0.2
				},
				"mount": {
					"animations": ["playerfly"],
					"transitions": [
						{"default": "!query.is_riding"},
						{"ridewalk": "query.is_riding && query.is_moving"}
					]
				},
				"ridewalk": {
					"animations": ["playerflyrun"],
					"transitions": [
						{"mount": "query.is_riding && !query.is_moving"},
						{"caudawalk": "!query.is_riding && query.is_moving"},
						{"caudarun": "!query.is_riding && query.is_moving && query.is_sprinting"}
					]
				}
			}
		}
	}
}
















































































































































  













