{
	"format_version": "1.19.0",
	"animation_controllers": {
		"controller.animation.cene": {
			"states": {
				"default": {
					"animations": ["cenestop"],
					"transitions": [
						{"cenewalk": "query.is_moving"},
						{"cenerun": "query.is_moving && query.is_sprinting"},
						{"cenesneak": "query.is_sneaking"},
						{"cene1": "variable.attack_time>0 && variable.randomfour == 0"},
						{"cene2": "variable.attack_time>0 && variable.randomfour == 1"},
						{"cene3": "variable.attack_time>0 && variable.randomfour == 2"},
						{"cene4": "variable.attack_time>0 && variable.randomfour == 3"},
						{"cenejump": "!query.is_on_ground"},
						{"mount": "query.is_riding"}
					],
					"blend_transition": 0.2
				},
				"cenewalk": {
					"animations": ["walk"],
					"transitions": [
						{"default": "!query.is_moving"},
						{"cenerun": "query.is_moving && query.is_sprinting"},
						{"cene1": "variable.attack_time>0 && variable.randomfour == 0"},
						{"cene2": "variable.attack_time>0 && variable.randomfour == 1"},
						{"cene3": "variable.attack_time>0 && variable.randomfour == 2"},
						{"cene4": "variable.attack_time>0 && variable.randomfour == 3"},
						{"cenejump": "!query.is_on_ground"},
						{"mount": "query.is_riding"}
					],
					"blend_transition": 0.2
				},
				"cenerun": {
					"animations": ["run"],
					"transitions": [
						{"cenewalk": "query.is_moving && !query.is_sprinting"},
						{"default": "!query.is_moving"},
						{"cene1": "variable.attack_time>0 && variable.randomfour == 0"},
						{"cene2": "variable.attack_time>0 && variable.randomfour == 1"},
						{"cene3": "variable.attack_time>0 && variable.randomfour == 2"},
						{"cene4": "variable.attack_time>0 && variable.randomfour == 3"},
						{"cenerunjump": "!query.is_on_ground && query.is_moving && query.is_sprinting"},
						{"mount": "query.is_riding"}
					],
					"blend_transition": 0.2
				},
				"cene1": {
					"animations": ["ceneatk"],
					"transitions": [
						{"default": "query.all_animations_finished"},
						{"cenewalk": "query.all_animations_finished"},
						{"cenerun": "query.all_animations_finished"}
					],
					"blend_transition": 0.2
				},
				"cene2": {
					"animations": ["cene2"],
					"transitions": [
						{"default": "query.all_animations_finished"},
						{"cenewalk": "query.all_animations_finished"},
						{"cenerun": "query.all_animations_finished"}
					],
					"blend_transition": 0.2,
					"blend_via_shortest_path": true
				},
				"cene3": {
					"animations": ["cene3"],
					"transitions": [
						{"default": "query.all_animations_finished"},
						{"cenewalk": "query.all_animations_finished"},
						{"cenerun": "query.all_animations_finished"}
					],
					"blend_transition": 0.2,
					"blend_via_shortest_path": true
				},
				"cene4": {
					"animations": ["cene4"],
					"transitions": [
						{"default": "query.all_animations_finished"},
						{"cenewalk": "query.all_animations_finished"},
						{"cenerun": "query.all_animations_finished"}
					],
					"blend_transition": 0.2,
					"blend_via_shortest_path": true
				},
				"cenesneak": {
					"animations": ["sneak"],
					"transitions": [
						{"default": "!query.is_sneaking"},
						{"cene1": "variable.attack_time>0 && variable.randomfour == 0"},
						{"cene2": "variable.attack_time>0 && variable.randomfour == 1"},
						{"cene3": "variable.attack_time>0 && variable.randomfour == 2"},
						{"cene4": "variable.attack_time>0 && variable.randomfour == 3"},
						{"mount": "query.is_riding"}
					],
					"blend_transition": 0.2
				},
				"cenejump": {
					"animations": ["jump"],
					"transitions": [
						{"default": "query.is_on_ground"},
						{"cenewalk": "query.is_on_ground && query.is_moving"},
						{"mount": "query.is_riding"}
					],
					"blend_transition": 0.2
				},
				"cenerunjump": {
					"animations": ["runjump"],
					"transitions": [
						{"cenerun": "query.is_on_ground && query.is_moving && query.is_sprinting"},
						{"default": "query.is_on_ground && !query.is_moving && !query.is_sprinting"},
						{"cenewalk": "query.is_on_ground && query.is_moving && !query.is_sprinting"}
					],
					"blend_transition": 0.2
				},
				"mount": {
					"animations": ["chamafly"],
					"transitions": [
						{"default": "!query.is_riding"},
						{"ridewalk": "query.is_riding && query.is_moving"}
					]
				},
				"ridewalk": {
					"animations": ["chamaflyrun"],
					"transitions": [
						{"mount": "query.is_riding && !query.is_moving"},
						{"cenewalk": "!query.is_riding && query.is_moving"},
						{"cenerun": "!query.is_riding && query.is_moving && query.is_sprinting"}
					]
				}
			}
		}
	}
}
















































































































































  













