{
	"format_version": "1.19.0",
	"animation_controllers": {
		"controller.animation.msword": {
		    "initial_state" : "unsheath1",
			"states": {
				"default": {
					"animations": ["mswordstop"],
					"transitions": [
						{"playerwalk": "query.is_moving"},
						{"playerrun": "query.is_moving && query.is_sprinting"},
						{"playersneak": "query.is_sneaking"},
						{"player1": "variable.attack_time>0"},
						
						{"unsheath1":"query.get_equipped_item_name != 'msword'"},
						
						{"playerjump": "!query.is_on_ground"},
						{"mount": "query.is_riding"}
					],
					"blend_transition": 0.2
				},
				"playerwalk": {
					"animations": ["walk"],
					"transitions": [
						{"default": "!query.is_moving"},
						{"playerrun": "query.is_moving && query.is_sprinting"},
						{"playersneak": "query.is_sneaking"},
						{"player1": "variable.attack_time>0"},
						
						{"unsheath1":"query.get_equipped_item_name != 'msword'"},
						
						{"playerjump": "!query.is_on_ground"},
						{"mount": "query.is_riding"}
					],
					"blend_transition": 0.2
				},
				"playerrun": {
					"animations": ["run"],
					"transitions": [
						{"playerwalk": "query.is_moving && !query.is_sprinting"},
						{"default": "!query.is_moving"},
						{"playersneak": "query.is_sneaking"},
						{"player1": "variable.attack_time>0"},
						
						{"unsheath1":"query.get_equipped_item_name != 'msword'"},
						
						{"playerrunjump": "!query.is_on_ground && query.is_moving && query.is_sprinting"},
						{"mount": "query.is_riding"}
					],
					"blend_transition": 0.2
				},
				"player1": {
					"animations": ["mswordatk"],
					"transitions": [
						{"default": "query.all_animations_finished && !variable.attack_time>0"},
						{"unsheath1":"query.get_equipped_item_name != 'msword'"},
						{"player2": "query.all_animations_finished && variable.attack_time>0 && !q.is_using_item"}
					],
					"blend_transition": 0.2
				},
				"player2": {
					"animations": ["msword2"],
					"transitions": [
						{"default": "query.all_animations_finished && !variable.attack_time>0"},
						{"unsheath1":"query.get_equipped_item_name != 'msword'"},
						{"player3": "query.all_animations_finished && variable.attack_time>0 && !q.is_using_item"}
					],
					"blend_transition": 0.2,
					"blend_via_shortest_path": true
				},
				"player3": {
					"animations": ["msword3"],
					"transitions": [
						{"default": "query.all_animations_finished && !variable.attack_time>0"},
						{"unsheath1":"query.get_equipped_item_name != 'msword'"},
						{"player4": "query.all_animations_finished && variable.attack_time>0 && !q.is_using_item"}
					],
					"blend_transition": 0.2,
					"blend_via_shortest_path": true
				},
				"player4": {
					"animations": ["msword4"],
					"transitions": [
						{"unsheath1":"query.get_equipped_item_name != 'msword'"},
						{"default": "query.all_animations_finished"}
					],
					"blend_transition": 0.2,
					"blend_via_shortest_path": true
				},
				"playersneak": {
					"animations": ["sneak"],
					"transitions": [
						{"default": "!query.is_sneaking"},
						{"unsheath1":"query.get_equipped_item_name != 'msword'"},
						{"player1": "variable.attack_time>0"},
						
						
						
						{"mount": "query.is_riding"}
					],
					"blend_transition": 0.2
				},
				"playerjump": {
					"animations": ["jump"],
					"transitions": [
						{"default": "query.is_on_ground"},
						{"unsheath1":"query.get_equipped_item_name != 'msword'"},
						{"playerwalk": "query.is_on_ground && query.is_moving"},
						{"mount": "query.is_riding"}
					],
					"blend_transition": 0.2
				},
				"playerrunjump": {
					"animations": ["runjump"],
					"transitions": [
						{"playerrun": "query.is_on_ground && query.is_moving && query.is_sprinting"},
						{"default": "query.is_on_ground && !query.is_moving && !query.is_sprinting"},
						{"unsheath1":"query.get_equipped_item_name != 'msword'"},
						{"playerwalk": "query.is_on_ground && query.is_moving && !query.is_sprinting"}
					],
					"blend_transition": 0.2
				},
				"unsheath": {
					"animations": ["unsheath"],
					"transitions": [
						{"default": "q.all_animations_finished"}
					],
					"blend_transition": 0.2
				},
				"unsheath1": {
					"transitions": [
						{"unsheath": "query.get_equipped_item_name == 'msword' && (query.property('property:anim') != 1) && q.all_animations_finished"}
					],
					"blend_transition": 0
				}
			}
		},
		"controller.animation.sheath": {
		    "initial_state" : "sheath1",
			"states": {
				"default": {
				    "transitions": [
						{"sheath1": "(query.property('property:emb') == 0)"},
						{"sheath2": "(query.property('property:emb') == 1) && query.get_equipped_item_name != 'msword'"}
					]
				},
				"sheath1": {
				    "transitions": [
						{"sheath": "(query.property('property:emb') == 1) && query.get_equipped_item_name('main_hand') != 'msword'"}
					]
				},
				"sheath2": {
				    "transitions": [
						{"sheath1": "query.get_equipped_item_name('main_hand') == 'msword'"}
					]
				},
				"sheath": {
					"animations": ["sheath"],
					"transitions": [
						{"default": "q.all_animations_finished"}
					]
				}
			}
		}
	}
}