{
	"format_version": "1.19.0",
	"animation_controllers": {
		"controller.animation.ssj1": {
			"states": {
				"default": {
					"animations": ["stop"],
					"transitions": [
						{"playerwalk": "query.is_moving"},
						{"playerrun": "query.is_moving && query.is_sprinting"},
						{"playersneak": "query.is_sneaking"},
						{"player1": "variable.attack_time>0"},
						
						
						
						{"playerjump": "!query.is_on_ground"},
						{"mount": "query.is_riding"}
					],
					"blend_transition": 0.2
				},
				"playerwalk": {
					"animations": ["walk"],
					"transitions": [
						{"default": "!query.is_moving"},
						{"playerrun": "query.is_moving && query.is_sprinting"},
						{"player1": "variable.attack_time>0"},
						
						
						
						{"playerjump": "!query.is_on_ground"},
						{"mount": "query.is_riding"}
					],
					"blend_transition": 0.2
				},
				"playerrun": {
					"animations": ["run"],
					"transitions": [
						{"playerwalk": "query.is_moving && !query.is_sprinting"},
						{"default": "!query.is_moving"},
						{"player1": "variable.attack_time>0"},
						
						
						
						{"playerrunjump": "!query.is_on_ground && query.is_moving && query.is_sprinting"},
						{"mount": "query.is_riding"}
					],
					"blend_transition": 0.2
				},
				"player1": {
					"animations": ["playeratk"],
					"transitions": [
						{"default": "query.all_animations_finished && !variable.attack_time>0"},
						{"player2": "query.all_animations_finished && variable.attack_time>0 && !q.is_using_item"}
					],
					"blend_transition": 0.2
				},
				"player2": {
					"animations": ["player2"],
					"transitions": [
						{"default": "query.all_animations_finished && !variable.attack_time>0"},
						{"player3": "query.all_animations_finished && variable.attack_time>0 && !q.is_using_item"}
					],
					"blend_transition": 0.2,
					"blend_via_shortest_path": true
				},
				"player3": {
					"animations": ["player3"],
					"transitions": [
						{"default": "query.all_animations_finished && !variable.attack_time>0"},
						{"player4": "query.all_animations_finished && variable.attack_time>0 && !q.is_using_item"}
					],
					"blend_transition": 0.2,
					"blend_via_shortest_path": true
				},
				"player4": {
					"animations": ["player4"],
					"transitions": [
						{"default": "query.all_animations_finished"}
					],
					"blend_transition": 0.2,
					"blend_via_shortest_path": true
				},
				"playersneak": {
					"animations": ["ssjsneak"],
					"transitions": [
						{"default": "!query.is_sneaking"},
						{"player1": "variable.attack_time>0"},
						
						
						
						{"mount": "query.is_riding"}
					],
					"blend_transition": 0.2
				},
				"playerjump": {
					"animations": ["jump"],
					"transitions": [
						{"default": "query.is_on_ground"},
						{"playerwalk": "query.is_on_ground && query.is_moving"},
						{"mount": "query.is_riding"}
					],
					"blend_transition": 0.2
				},
				"playerrunjump": {
					"animations": ["runjump"],
					"transitions": [
						{"playerrun": "query.is_on_ground && query.is_moving && query.is_sprinting"},
						{"default": "query.is_on_ground && !query.is_moving && !query.is_sprinting"},
						{"playerwalk": "query.is_on_ground && query.is_moving && !query.is_sprinting"}
					],
					"blend_transition": 0.2
				},
				"mount": {
					"animations": ["chamafly"],
					"transitions": [
						{"default": "!query.is_riding"},
						{"ridewalk": "query.is_riding && query.is_moving"}
					]
				},
				"ridewalk": {
					"animations": ["chamaflyrun"],
					"transitions": [
						{"mount": "query.is_riding && !query.is_moving"},
						{"playerwalk": "!query.is_riding && query.is_moving"},
						{"playerrun": "!query.is_riding && query.is_moving && query.is_sprinting"}
					]
				}
			}
		}
	}
}
















































































































































  













