{
  "format_version": "1.17.100",
  "minecraft:item": {
    "description": {
      "identifier": "wesl3y:mera_remove",
      "category": "commands"
    },
    "components": {
      "tag:first_person": {},
      "minecraft:render_offsets": {
	    "main_hand": {
		  "first_person": { 
		    "scale": [0.0,0.0,0.0]
		  },
		  "third_person": { 
			"scale": [0.0,0.0,0.0]
		  }
		}
	  },
      "minecraft:chargeable":{},
      "minecraft:max_stack_size": 1,
      "minecraft:hand_equipped": true,
      "minecraft:use_duration": 9999,
      "minecraft:food": {
        "can_always_eat": true
      },
      "minecraft:icon": {
        "texture": "mera_remove"
      },
      "minecraft:display_name": {
        "value": "Mera Remove"
	  },
      "minecraft:on_use": {
        "on_use": {
          "event": "wg",
          "target": "self"
        }
      }
    },
    "events": {
      "wg": {
        "run_command": {
          "command": [
            "fill ~-15~-3~-15 ~15~2~15 air [] replace fire"
          ]
        }
	  }
	}
  }
}