{
  "format_version": "1.20",
  "minecraft:item": {
    "description": {
      "identifier": "wesl3y:neko_leopard_fruit",
      "category": "nature"
    },
    "components": {
      "minecraft:use_duration":1,
      "minecraft:use_animation":"eat",
      "minecraft:max_stack_size": 1,
      "minecraft:icon": {
        "texture": "neko_leopard_fruit"
      },
      "minecraft:display_name": {
        "value": "§cAkuma no Mi"
      },
      "minecraft:chargeable":{
        "movement_modifier":1,
        "on_complete":{
          "event":"wg"
        }
      }
    },
    "events": {
      "wg": {
        "run_command": {
          "command": [
            "clear @s wesl3y:neko_leopard_fruit 0 1",
            "kill @s[tag=devil_fruit]",
            "execute at @s[m=1] run function player/fruit/reset",
            "tag @s[m=1] remove devil_fruit",
            "execute if entity @e[tag=neko_leopard_fruit] at @s run tellraw @s {\"rawtext\":[{\"text\":\"Devil Fruit Used\"}]}",
            "execute unless entity @e[tag=neko_leopard_fruit] run tag @s[tag=!devil_fruit] add neko_leopard_fruit",
            "event entity @s[tag=!devil_fruit,tag=neko_leopard_fruit] wesl3y:devil_fruit"
          ]
        }
	  }
	}
  }
}