{
  "format_version": "1.19.70",
  "minecraft:item": {
    "description": {
      "identifier": "wesl3y:neko_leopard_forms",
      "category": "commands"
    },
    "components": {
      "tag:first_person": {},
      "tag:no_attack": {},
      "tag:2skills": {},
      "tag:leopard": {},
      "tag:fruit": {},
      "minecraft:render_offsets": {
	    "main_hand": {
		  "first_person": { 
		    "scale": [0.0,0.0,0.0]
		  },
		  "third_person": { 
			"scale": [0.0,0.0,0.0]
		  }
		}
	  },
      "minecraft:chargeable":{
        "movement_modifier": 1.0
      },
      "minecraft:max_stack_size": 1,
      "minecraft:hand_equipped": true,
      "minecraft:foil": true,
      "minecraft:use_duration": 9999,
      "minecraft:food": {
        "can_always_eat": true
      },
      "minecraft:icon": {
        "texture": "neko_leopard_forms"
      },
      "minecraft:display_name": {
        "value": "Leopard Forms"
      },
      "minecraft:on_use": {
        "on_use": {
          "event": "using",
          "target": "self"
        }
      }
    },
    "events": {
      "using": {
        "sequence": [
          {
            "condition": "query.property('wesl3y:mode') == 11 && query.scoreboard('slotSkill') == 0 && !q.is_sneaking",
            "run_command": {
              "command": [
                "tag @s remove neko_leopard",
                "tag @s remove stop_air",
                "scoreboard players set @s cooldown1 15",
                "scoreboard players set @s cooldownmax1 15" 
              ]
            }
          },
          {
            "condition": "q.property('wesley:empty') == 0 && q.property('wesl3y:mode') == 0 && q.property('wesl3y:skill') == 0 && q.scoreboard('slotSkill') == 0 && q.scoreboard('cooldown1') == 0 && !q.is_sneaking && !q.is_riding",
            "run_command": {
              "command": [
                "tellraw @s[scores={fruitMaes=..0}] {\"rawtext\":[{\"text\":\"§c\"}, {\"translate\":\"text.requires\"}, {\"text\":\"Fruit 1\"}]}",
                "tellraw @s[scores={fruitMaes=1..,energyCur=..99}] {\"rawtext\":[{\"text\":\"§c\"}, {\"translate\":\"text.requires\"}, {\"text\":\"Energy 100\"}]}",
                "playanimation @s[scores={fruitMaes=1..,energyCur=100..}] animation.dragon.transform wesl3y",
                "tag @s[scores={fruitMaes=1..,energyCur=100..}] add neko_leopard"
              ]
            }
          },
          {
            "condition": "query.property('wesl3y:mode') == 12 && query.scoreboard('slotSkill') == 1 && !q.is_sneaking",
            "run_command": {
              "command": [
                "tag @s remove neko_leopard2",
                "tag @s remove stop_air",
                "scoreboard players set @s cooldown2 20",
                "scoreboard players set @s cooldownmax2 20" 
              ]
            }
          },
          {
            "condition": "q.property('wesley:empty') == 0 && q.property('wesl3y:mode') == 0 && q.property('wesl3y:skill') == 0 && q.scoreboard('slotSkill') == 1 && q.scoreboard('cooldown2') == 0 && !q.is_sneaking && !q.is_riding",
            "run_command": {
              "command": [
                "tellraw @s[scores={fruitMaes=..79}] {\"rawtext\":[{\"text\":\"§c\"}, {\"translate\":\"text.requires\"}, {\"text\":\"Fruit 80\"}]}",
                "tellraw @s[scores={fruitMaes=80..,energyCur=..99}] {\"rawtext\":[{\"text\":\"§c\"}, {\"translate\":\"text.requires\"}, {\"text\":\"Energy 100\"}]}",
                "tag @s[scores={fruitMaes=80..,energyCur=100..}] add neko_leopard2"
              ]
            }
          }
        ]
      }
    }
  }
}