{
  "format_version": "1.17.100",
  "minecraft:item": {
    "description": {
      "identifier": "wesl3y:yami_skills",
      "category": "commands"
    },
    "components": {
      "tag:first_person": {},
      "tag:no_attack": {},
      "tag:4skills": {},
      "tag:fruit": {},
      "minecraft:render_offsets": {
	    "main_hand": {
		  "first_person": { 
		    "scale": [0.0,0.0,0.0]
		  },
		  "third_person": { 
			"scale": [0.0,0.0,0.0]
		  }
		}
	  },
      "minecraft:chargeable":{
        "movement_modifier": 0.5
      },
      "minecraft:max_stack_size": 1,
      "minecraft:hand_equipped": true,
      "minecraft:foil": true,
      "minecraft:use_duration": 9999,
      "minecraft:food": {
        "can_always_eat": true
      },
      "minecraft:icon": {
        "texture": "yami_skills"
      },
      "minecraft:display_name": {
        "value": "Yami Skills"
      },
      "minecraft:on_use": {
        "on_use": {
          "event": "using",
          "target": "self"
        }
      }
    },
    "events": {
      "using": {
        "sequence": [
          {
            "condition": "q.property('wesl3y:empty') == 0 && q.property('wesl3y:skill') == 0 && q.scoreboard('slotSkill') == 0 && q.scoreboard('cooldown1') == 0 && q.scoreboard('hurtCur') == 0 && !q.is_sneaking && !q.is_riding && !q.is_in_water",
            "run_command": {
              "command": [
                "tellraw @s[scores={fruitMaes=..0}] {\"rawtext\":[{\"text\":\"§c\"}, {\"translate\":\"text.requires\"}, {\"text\":\"Fruit 1\"}]}",
                "tellraw @s[scores={fruitMaes=1..,energyCur=..49}] {\"rawtext\":[{\"text\":\"§c\"}, {\"translate\":\"text.requires\"}, {\"text\":\"Energy 50\"}]}",
                "event entity @s[scores={fruitMaes=1..,energyCur=50..}] wesl3y:skill1"
              ]
            }
          },
          {
            "condition": "q.property('wesl3y:empty') == 0 && q.property('wesl3y:skill') == 0 && q.scoreboard('slotSkill') == 1 && q.scoreboard('cooldown2') == 0 && q.scoreboard('hurtCur') == 0 && !q.is_sneaking && !q.is_riding && !q.is_in_water",
            "run_command": {
              "command": [
                "tellraw @s[scores={fruitMaes=..99}] {\"rawtext\":[{\"text\":\"§c\"}, {\"translate\":\"text.requires\"}, {\"text\":\"Fruit 100\"}]}",
                "tellraw @s[scores={fruitMaes=100..,energyCur=..49}] {\"rawtext\":[{\"text\":\"§c\"}, {\"translate\":\"text.requires\"}, {\"text\":\"Energy 50\"}]}",
                "event entity @s[scores={fruitMaes=100..,energyCur=50..}] wesl3y:skill2"
              ]
            }
          },
          {
            "condition": "q.property('wesl3y:empty') == 0 && q.property('wesl3y:skill') == 0 && q.scoreboard('slotSkill') == 2 && q.scoreboard('cooldown3') == 0 && q.scoreboard('hurtCur') == 0 && !q.is_sneaking && !q.is_riding && !q.is_in_water",
            "run_command": {
              "command": [
                "tellraw @s[scores={fruitMaes=..199}] {\"rawtext\":[{\"text\":\"§c\"}, {\"translate\":\"text.requires\"}, {\"text\":\"Fruit 200\"}]}",
                "tellraw @s[scores={fruitMaes=200..,energyCur=..49}] {\"rawtext\":[{\"text\":\"§c\"}, {\"translate\":\"text.requires\"}, {\"text\":\"Energy 50\"}]}",
                "event entity @s[scores={fruitMaes=200..,energyCur=50..}] wesl3y:skill3"
              ]
            }
          },
          {
            "condition": "q.property('wesl3y:empty') == 0 && q.property('wesl3y:skill') == 0 && q.scoreboard('slotSkill') == 3 && q.scoreboard('cooldown4') == 0 && q.scoreboard('hurtCur') == 0 && !q.is_sneaking && !q.is_riding && !q.is_in_water",
            "run_command": {
              "command": [
                "tellraw @s[scores={fruitMaes=..299}] {\"rawtext\":[{\"text\":\"§c\"}, {\"translate\":\"text.requires\"}, {\"text\":\"Fruit 300\"}]}",
                "tellraw @s[scores={fruitMaes=300..,energyCur=..49}] {\"rawtext\":[{\"text\":\"§c\"}, {\"translate\":\"text.requires\"}, {\"text\":\"Energy 50\"}]}",
                "event entity @s[scores={fruitMaes=300..,energyCur=50..}] wesl3y:skill4"
              ]
            }
          },
          {
            "condition": "q.property('wesl3y:empty') == 0 && q.property('wesl3y:skill') == 0 && q.scoreboard('slotSkill') == 4 && q.scoreboard('cooldown5') == 0 && q.scoreboard('hurtCur') == 0 && !q.is_sneaking && !q.is_riding && !q.is_in_water",
            "run_command": {
              "command": [
                "tellraw @s[scores={fruitMaes=..49}] {\"rawtext\":[{\"text\":\"§c\"}, {\"translate\":\"text.requires\"}, {\"text\":\"Fruit 50\"}]}",
                "tellraw @s[scores={fruitMaes=50..,energyCur=..49}] {\"rawtext\":[{\"text\":\"§c\"}, {\"translate\":\"text.requires\"}, {\"text\":\"Energy 50\"}]}",
                "event entity @s[scores={fruitMaes=50..,energyCur=50..}] wesl3y:skill5"
              ]
            }
          }
        ]
      }
    }
  }
}