{
  "format_version": "1.10.0",
  "particle_effect": {
    "description": {
      "identifier": "wesl3y:pika_light_flash",
      "basic_render_parameters": {
        "material": "particles_alpha",
        "texture": "textures/particle/particles3"
      }
    },
    "components": {
      "minecraft:emitter_rate_instant": {
        "num_particles": 8
      },        
      "minecraft:emitter_lifetime_once": {
        "active_time": 0.1
      },
      "minecraft:emitter_shape_point": {
        "offset": [0, "math.cos(variable.particle_random_1 * 90) * (2 - (variable.particle_random_2 * 0.25))", 0]
      },
      "minecraft:particle_initial_speed": 0.01,
      "minecraft:particle_lifetime_expression": {
        "max_lifetime": "Math.random(1.0, 1.25)"
      },
      "minecraft:particle_motion_dynamic": {},
      "minecraft:particle_appearance_billboard": {
        "size": [0.5, 0.5],
        "facing_camera_mode": "lookat_xyz",
        "uv": {
          "texture_width": 64,
          "texture_height": 8,
          "flipbook": {
            "base_UV": [0, 0],
            "size_UV": [8, 8],
            "step_UV": [8, 0],
            "frames_per_second": 8,
            "max_frame": 8,
            "loop": false
          }
        }
      },
      "minecraft:particle_appearance_tinting": {
        "color": [2, "Math.random(1.0, 0.75)", 0, 1]
      }
    }
  }
} 