{
  "format_version": "1.10.0",
  "particle_effect": {
    "description": {
      "identifier": "wesl3y:pika_flash",
      "basic_render_parameters": {
        "material": "particles_blend",
        "texture": "textures/particle/pika/pika_explosion"
	  }
	},
	"components": {
      "minecraft:emitter_rate_instant": {
        "num_particles": 1
      },        
      "minecraft:emitter_lifetime_once": {
        "active_time": 0.1
      },
      "minecraft:emitter_shape_point": {},
      "minecraft:particle_initial_speed": 0.01,
      "minecraft:particle_lifetime_expression": {
        "max_lifetime": "Math.random(1.0, 1.5)"
      },
      "minecraft:particle_motion_dynamic": {},
	  "minecraft:particle_initial_spin": {
		"rotation_rate": 360
	  },
      "minecraft:particle_appearance_billboard": {
        "size": [ "1.5 - (1.0 * variable.particle_age)", "1.5 - (1.0 * variable.particle_age)" ],
        "facing_camera_mode": "lookat_xyz",
        "uv": {
          "texture_width": 192,
          "texture_height": 48,
          "flipbook": {
            "base_UV": [0, 0],
            "size_UV": [48, 48],
            "step_UV": [48, 0],
            "frames_per_second": 4,
            "max_frame": 4,
            "loop": false
          }
        }
      },
      "minecraft:particle_appearance_tinting": {
		"color": {
		  "interpolant": "v.particle_age",
		  "gradient": {
            "0.5": "#FFFFFFFF",
            "1.5": "#00FFFFFF"
          }
		}
      }
    }
  }
}