{
  "format_version": "1.10.0",
  "particle_effect": {
    "description": {
      "identifier": "wesl3y:pika_light_beam_charge",
      "basic_render_parameters": {
        "material": "particles_alpha",
        "texture": "textures/particle/particles7"
      }
    },
    "components": {
      "minecraft:emitter_rate_instant": {
        "num_particles": 30
      },
      "minecraft:emitter_lifetime_once": {
        "active_time": 1
      },
      "minecraft:emitter_shape_sphere": {
        "offset": [0, 0, 0],
        "radius": 1.25,
        "surface_only": true,
        "direction": "inwards"
      },
      "minecraft:particle_lifetime_expression": {
        "max_lifetime": 0.4
      },
      "minecraft:particle_initial_spin": {
        "rotation_rate": "Math.random(-180, 180)"
      },
      "minecraft:particle_initial_speed": 3,
      "minecraft:particle_motion_dynamic": {
        "linear_acceleration": [0, 0, 0],
        "linear_drag_coefficient": 1
      },
      "minecraft:particle_appearance_billboard": {
        "size": [0.25, 0.25],
        "facing_camera_mode": "lookat_xyz",
        "uv": {
          "texture_width": 48,
          "texture_height": 8,
          "flipbook": {
            "base_UV": [0, 0],
            "size_UV": [8, 8],
            "step_UV": [8, 0],
            "frames_per_second": 6,
            "max_frame": 6,
            "stretch_to_lifetime": true
          }
        }
      },
      "minecraft:particle_appearance_tinting": {
		"color": {
		  "interpolant": "v.particle_age",
		  "gradient": {
			"0.2": "#FFFFF114",
			"0.4": "#00FFF114"
		  }
		}
	  }
    }
  }
}