{
  "format_version": "1.16.100",
  "minecraft:item": { 
    "description": {
            "category": "nature",
      "identifier": "jedy:hotdog_kamui"
    },
    "components": {
    "minecraft:render_offsets": {
        "main_hand": {
            "first_person": { 
                "scale": [0.002,0.002,0.002]
            },
            "third_person": { 
                "scale": [0.01,0.01,0.01]
            }
        }
    },
      "minecraft:food": {
        "saturation_modifier": "normal",
        "nutrition": 10,
        "can_always_eat": false,
        "effects": []
      },
      "minecraft:display_name": {
		"value": "§l§6Cachorro Quente do Kamui"
      },
      "minecraft:icon": {
		"texture": "hotdog_kamui"
	  },
      "minecraft:max_stack_size": 64,
      "minecraft:use_duration": 2,

	  "minecraft:cooldown": {
		"category": "slc",
		"duration": 1
      },
	  "minecraft:on_use": {
		"on_use": {
		  "event": "1606"
		}
	  }
    },
    "events": {
	  "1606": {
		"run_command": {
		  "command": [
        "function hotdog_kamui"
		  ]
	    }
	  }
	}
  }
}