{
	"format_version": "1.12.0",
	"minecraft:geometry": [
		{
			"description": {
				"identifier": "geometry.hair_rocklee",
				"texture_width": 64,
				"texture_height": 64,
				"visible_bounds_width": 3,
				"visible_bounds_height": 6,
				"visible_bounds_offset": [0, 2, 0]
			},
			"bones": [
				{
					"name": "root",
					"pivot": [0, 0, 0]
				},
				{
					"name": "waist",
					"parent": "root",
					"pivot": [0, 12, 0]
				},
				{
					"name": "body",
					"parent": "waist",
					"pivot": [0, 24, 0]
				},
				{
					"name": "head",
					"parent": "body",
					"pivot": [0, 24, 0],
					"cubes": [
						{"origin": [-4, 24, -4], "size": [8, 8, 8], "uv": [0, 0]},
						{"origin": [0, 24, -4], "size": [4, 8, 8], "inflate": 0.2, "pivot": [2, 28, -3], "rotation": [0, 0, -2.5], "uv": [24, 8]},
						{"origin": [-4, 24, -4], "size": [4, 8, 8], "inflate": 0.2, "pivot": [-2, 28, -3], "rotation": [0, 0, 2.5], "uv": [0, 16]},
						{"origin": [-4, 24, 3], "size": [8, 8, 1], "inflate": 0.2, "uv": [24, 24]}
					]
				}
			]
		}
	]
}