{
	"format_version": "1.12.0",
	"minecraft:geometry": [
		{
			"description": {
				"identifier": "geometry.hair_tsunade",
				"texture_width": 64,
				"texture_height": 64,
				"visible_bounds_width": 3,
				"visible_bounds_height": 5,
				"visible_bounds_offset": [0, 1.5, 0]
			},
			"bones": [
				{
					"name": "root",
					"pivot": [0, 0, 0]
				},
				{
					"name": "waist",
					"parent": "root",
					"pivot": [0, 12, 0]
				},
				{
					"name": "body",
					"parent": "waist",
					"pivot": [0, 24, 0]
				},
				{
					"name": "head",
					"parent": "body",
					"pivot": [0, 24, 0],
					"cubes": [
						{
							"origin": [-4, 24, -4],
							"size": [8, 8, 8],
							"inflate": 0.1,
							"uv": {
								"north": {"uv": [0, 0], "uv_size": [8, 8]},
								"east": {"uv": [0, 8], "uv_size": [8, 8]},
								"south": {"uv": [8, 0], "uv_size": [8, 8]},
								"west": {"uv": [8, 8], "uv_size": [8, 8]},
								"up": {"uv": [0, 16], "uv_size": [8, 8]},
								"down": {"uv": [16, 8], "uv_size": [8, -8]}
							}
						},
						{
							"origin": [-4, 16, 0],
							"size": [8, 8, 4],
							"inflate": 0.1,
							"uv": {
								"north": {"uv": [8, 16], "uv_size": [8, 8]},
								"east": {"uv": [24, 16], "uv_size": [4, 8]},
								"south": {"uv": [16, 8], "uv_size": [8, 8]},
								"west": {"uv": [24, 24], "uv_size": [4, 8]},
								"up": {"uv": [28, 16], "uv_size": [8, 4]},
								"down": {"uv": [28, 24], "uv_size": [8, -4]}
							}
						},
						{
							"origin": [-4.5, 22.5, -4.2],
							"size": [3.5, 9, 1],
							"inflate": 0.2,
							"uv": {
								"north": {"uv": [28, 24], "uv_size": [3.5, 9]},
								"east": {"uv": [8, 32], "uv_size": [1, 9]},
								"south": {"uv": [0, 32], "uv_size": [3.5, 9]},
								"west": {"uv": [9, 32], "uv_size": [1, 9]},
								"up": {"uv": [32, 9], "uv_size": [3.5, 1]},
								"down": {"uv": [32, 11], "uv_size": [3.5, -1]}
							}
						},
						{
							"origin": [1, 22.5, -4.2],
							"size": [3.5, 9, 1],
							"inflate": 0.2,
							"uv": {
								"north": {"uv": [32, 0], "uv_size": [3.5, 9]},
								"east": {"uv": [10, 32], "uv_size": [1, 9]},
								"south": {"uv": [4, 32], "uv_size": [3.5, 9]},
								"west": {"uv": [11, 32], "uv_size": [1, 9]},
								"up": {"uv": [32, 11], "uv_size": [3.5, 1]},
								"down": {"uv": [12, 33], "uv_size": [3.5, -1]}
							}
						}
					]
				}
			]
		}
	]
}