{
	"format_version": "1.12.0",
	"minecraft:geometry": [
		{
			"description": {
				"identifier": "geometry.hair_kakashi",
				"texture_width": 64,
				"texture_height": 64,
				"visible_bounds_width": 3,
				"visible_bounds_height": 5,
				"visible_bounds_offset": [0, 1.5, 0]
			},
			"bones": [
				{
					"name": "root",
					"pivot": [0, 0, 0]
				},
				{
					"name": "waist",
					"parent": "root",
					"pivot": [0, 12, 0]
				},
				{
					"name": "body",
					"parent": "waist",
					"pivot": [0, 24, 0]
				},
				{
					"name": "head",
					"parent": "body",
					"pivot": [0, 24, 0],
					"cubes": [
						{"origin": [-4, 24, -4], "size": [8, 8, 8], "inflate": 0.1, "uv": [0, 0]},
						{"origin": [2, 27.34965, -4.77314], "size": [2, 3, 2], "pivot": [3, 28.84965, -3.77314], "rotation": [-10.56841, 0.47395, -7.4658], "uv": [38, 5]},
						{"origin": [2.45679, 27.40611, -3.85], "size": [2, 3, 2], "pivot": [3.45679, 28.90611, -2.97266], "rotation": [0, -90, -7.59136], "uv": [36, 37]},
						{"origin": [2.45679, 28.40611, -1.85], "size": [2, 3, 2], "pivot": [3.45679, 29.90611, -0.97266], "rotation": [0, -90, -7.59136], "uv": [8, 22]},
						{"origin": [-4.45679, 28.40611, -1.85], "size": [2, 3, 2], "pivot": [-3.45679, 29.90611, -0.97266], "rotation": [0, 90, 7.59136], "uv": [0, 22]},
						{"origin": [-4.45679, 27.40611, -3.85], "size": [2, 3, 2], "pivot": [-3.45679, 28.90611, -2.97266], "rotation": [0, 90, 7.59136], "uv": [22, 37]},
						{"origin": [-4, 27.34965, -4.77314], "size": [2, 3, 2], "pivot": [-3, 28.84965, -3.77314], "rotation": [-10.56841, -0.47395, 7.4658], "uv": [0, 37]},
						{"origin": [0.5, 27.5, -4.45], "size": [2, 3, 2], "pivot": [2, 29, -4.25], "rotation": [-5, 0, 0], "uv": [36, 27]},
						{"origin": [-2, 27.5, -4.75], "size": [2, 3, 2], "pivot": [2, 29, -4.25], "rotation": [-20, 0, 0], "uv": [36, 0]},
						{"origin": [2, 30.2108, -4.87102], "size": [2, 3, 2], "pivot": [3, 31.7108, -2.87102], "rotation": [-22.76944, 2.30539, -171.42141], "uv": [14, 35]},
						{"origin": [-4, 30.2108, -4.87102], "size": [2, 3, 2], "pivot": [-3, 31.7108, -2.87102], "rotation": [-22.76944, -2.30539, 171.42141], "uv": [30, 34]},
						{"origin": [-4.3, 31.01192, -4.51476], "size": [2, 3, 2], "pivot": [-3.14706, 32.51192, -3.51476], "rotation": [-9.7456, 3.88196, -174.15702], "uv": [22, 32]},
						{"origin": [-10.3, 30.01192, -4.95], "size": [2, 3, 2], "pivot": [-3.14706, 32.51192, -3.51476], "rotation": [-4.7456, 3.88196, -174.15702], "uv": [32, 18]},
						{"origin": [2.328, 31.83417, -4.37229], "size": [2, 3, 2], "pivot": [3.328, 33.33417, -3.37229], "rotation": [-14.36916, 4.03963, -159.81681], "uv": [32, 13]},
						{"origin": [-7.74801, 31.2, -4.60263], "size": [2, 3, 2], "pivot": [-2.74801, 33.50447, -3.60263], "rotation": [-15.36145, 4.72593, -169.26658], "uv": [32, 8]},
						{"origin": [0.48184, 33.05373, -3.70607], "size": [2, 4, 2], "pivot": [2.48184, 34.55373, -2.70607], "rotation": [-14.01758, 7.90772, -157.10258], "uv": [16, 16]},
						{"origin": [2.48184, 34.05373, -3.70607], "size": [2, 4, 2], "pivot": [2.48184, 34.55373, -2.70607], "rotation": [-14.01758, 7.90772, -157.10258], "uv": [8, 16]},
						{"origin": [0.48184, 34.05373, -4.35], "size": [2, 3, 2], "pivot": [2.48184, 34.55373, -2.70607], "rotation": [-14.01758, 7.90772, -157.10258], "uv": [8, 32]},
						{"origin": [-5.74801, 32.00447, -4.60263], "size": [2, 3, 2], "pivot": [-2.74801, 33.50447, -3.60263], "rotation": [-15.36145, 4.72593, -169.26658], "uv": [0, 32]},
						{"origin": [-3.96277, 30.80748, -4.55], "size": [2, 3, 2], "pivot": [-1.96277, 32.30748, -3.49396], "rotation": [-7.86145, 4.72593, -169.26658], "uv": [30, 24]},
						{"origin": [-2.00267, 30.20092, -4.69398], "size": [2, 3, 2], "pivot": [-0.00267, 31.70092, -3.69398], "rotation": [-15.14807, 5.3838, -166.84526], "uv": [30, 3]},
						{"origin": [-0.19559, 31.03759, -1.86664], "size": [2, 2, 2], "pivot": [-3.83186, 31.98862, -2.85038], "rotation": [-9.8511, 1.7279, 7.3511], "uv": [36, 32]},
						{"origin": [-0.19559, 31.03759, -1.86664], "size": [2, 2, 2], "pivot": [-3.83186, 31.98862, -2.85038], "rotation": [-9.8511, 1.7279, 7.3511], "uv": [8, 38]},
						{"origin": [-9.46078, 29.21946, -2.44279], "size": [2, 3, 2], "pivot": [-3.83186, 31.98862, -2.85038], "rotation": [-5.9581, 1.3994, -158.8001], "uv": [16, 22]},
						{"origin": [-7.49732, 30.02624, -2.26027], "size": [2, 3, 2], "pivot": [-3.83186, 31.98862, -2.85038], "rotation": [1.4868, 1.1386, -161.2871], "uv": [24, 0]},
						{"origin": [-7.226, 28.55885, -1.70145], "size": [2, 3, 2], "pivot": [-3.83186, 31.98862, -2.85038], "rotation": [-6.0132, 1.1386, -161.2871], "uv": [24, 16]},
						{"origin": [-10.48872, 26.31867, -1.42398], "size": [2, 3, 2], "pivot": [-3.83186, 31.98862, -2.85038], "rotation": [-5.6263, 2.4111, -148.8458], "uv": [24, 21]},
						{"origin": [-8.48872, 25.31867, -0.78005], "size": [2, 5, 2], "pivot": [-3.83186, 31.98862, -2.85038], "rotation": [-5.6263, 2.4111, -148.8458], "uv": [0, 0]},
						{"origin": [-10.48872, 25.31867, -0.78005], "size": [2, 4, 2], "pivot": [-3.83186, 31.98862, -2.85038], "rotation": [-5.6263, 2.4111, -148.8458], "uv": [0, 16]},
						{"origin": [-9.49732, 27.44915, -1.78006], "size": [2, 3, 2], "pivot": [-3.83186, 31.98862, -2.85038], "rotation": [-6.0132, 1.1386, -161.2871], "uv": [22, 26]},
						{"origin": [-10.79384, 26.25676, -1.45748], "size": [2, 3, 2], "pivot": [-3.83186, 31.98862, -2.85038], "rotation": [-5.7348, -1.0148, -152.0883], "uv": [0, 27]},
						{"origin": [-11.56816, 28.99971, -2.65067], "size": [2, 3, 2], "pivot": [-3.83186, 31.98862, -2.85038], "rotation": [4.8727, 1.1102, -166.237], "uv": [8, 27]},
						{"origin": [-5.56816, 29.14787, -2.09188], "size": [2, 3, 2], "pivot": [-3.83186, 31.98862, -2.85038], "rotation": [-0.1273, 1.1102, -166.237], "uv": [16, 29]},
						{"origin": [-5.63728, 30.76291, -2.55773], "size": [2, 3, 2], "pivot": [-3.83186, 31.98862, -2.85038], "rotation": [-12.7628, -2.5172, 178.4993], "uv": [28, 29]}
					]
				}
			]
		}
	]
}