{
	"format_version": "1.12.0",
	"minecraft:geometry": [
		{
			"description": {
				"identifier": "geometry.hair_itachi",
				"texture_width": 64,
				"texture_height": 64,
				"visible_bounds_width": 3,
				"visible_bounds_height": 4,
				"visible_bounds_offset": [0, 1, 0]
			},
			"bones": [
				{
					"name": "root",
					"pivot": [0, 0, 0]
				},
				{
					"name": "waist",
					"parent": "root",
					"pivot": [0, 12, 0]
				},
				{
					"name": "body",
					"parent": "waist",
					"pivot": [0, 24, 0]
				},
				{
					"name": "head",
					"parent": "body",
					"pivot": [0, 24, 0],
					"cubes": [
						{"origin": [-4, 24, -4], "size": [8, 8, 8], "inflate": 0.1, "uv": [0, 0]},
						{"origin": [-4, 16, 1], "size": [8, 8, 3], "inflate": 0.1, "uv": [0, 16]},
						{"origin": [1, 22, -4.25], "size": [3, 11, 3], "inflate": 0.2, "pivot": [1, 31.5, -2.75], "rotation": [0, 0, -2.5], "uv": [22, 16]},
						{"origin": [-4, 22, -4.25], "size": [3, 11, 3], "inflate": 0.2, "pivot": [-1, 31.5, -2.75], "rotation": [0, 0, 2.5], "uv": [22, 16], "mirror": true}
					]
				}
			]
		}
	]
}