{
	"format_version": "1.12.0",
	"minecraft:geometry": [
		{
			"description": {
				"identifier": "geometry.hair_sakura",
				"texture_width": 64,
				"texture_height": 64,
				"visible_bounds_width": 3,
				"visible_bounds_height": 4,
				"visible_bounds_offset": [0, 1, 0]
			},
			"bones": [
				{
					"name": "root",
					"pivot": [0, 0, 0]
				},
				{
					"name": "waist",
					"parent": "root",
					"pivot": [0, 12, 0]
				},
				{
					"name": "body",
					"parent": "waist",
					"pivot": [0, 24, 0]
				},
				{
					"name": "head",
					"parent": "body",
					"pivot": [0, 24, 0],
					"cubes": [
						{
							"origin": [-4, 24, -4],
							"size": [8, 8, 8],
							"inflate": 0.1,
							"uv": {
								"north": {"uv": [0, 0], "uv_size": [8, 8]},
								"east": {"uv": [0, 8], "uv_size": [8, 8]},
								"south": {"uv": [8, 0], "uv_size": [8, 8]},
								"west": {"uv": [8, 8], "uv_size": [8, 8]},
								"up": {"uv": [0, 16], "uv_size": [8, 8]},
								"down": {"uv": [16, 8], "uv_size": [8, -8]}
							}
						},
						{
							"origin": [-5.69981, 23.00872, -2.19943],
							"size": [4, 6, 1],
							"inflate": 0.18,
							"pivot": [-3.69981, 28.00872, -1.69943],
							"rotation": [0, 90, 2.5],
							"uv": {
								"north": {"uv": [20, 23], "uv_size": [4, 6]},
								"east": {"uv": [0, 30], "uv_size": [1, 6]},
								"south": {"uv": [0, 24], "uv_size": [4, 6]},
								"west": {"uv": [30, 0], "uv_size": [1, 6]},
								"up": {"uv": [30, 26], "uv_size": [4, 1]},
								"down": {"uv": [30, 28], "uv_size": [4, -1]}
							}
						},
						{
							"origin": [1.69981, 23.00872, -2.19943],
							"size": [4, 6, 1],
							"inflate": 0.18,
							"pivot": [3.69981, 28.00872, -1.69943],
							"rotation": [0, -90, -2.5],
							"uv": {
								"north": {"uv": [24, 23], "uv_size": [-4, 6]},
								"east": {"uv": [31, 0], "uv_size": [-1, 6]},
								"south": {"uv": [4, 24], "uv_size": [-4, 6]},
								"west": {"uv": [1, 30], "uv_size": [-1, 6]},
								"up": {"uv": [34, 26], "uv_size": [-4, 1]},
								"down": {"uv": [34, 28], "uv_size": [-4, -1]}
							}
						},
						{
							"origin": [5, 23.00872, -2.19943],
							"size": [4, 6, 1],
							"inflate": 0.2,
							"pivot": [3.69981, 28.00872, -1.69943],
							"rotation": [0, -90, -2.5],
							"uv": {
								"north": {"uv": [24, 23], "uv_size": [-4, 6]},
								"east": {"uv": [3, 30], "uv_size": [-1, 6]},
								"south": {"uv": [8, 24], "uv_size": [-4, 6]},
								"west": {"uv": [2, 30], "uv_size": [-1, 6]},
								"up": {"uv": [32, 30], "uv_size": [-4, 1]},
								"down": {"uv": [34, 29], "uv_size": [-4, -1]}
							}
						},
						{
							"origin": [-9, 23.00872, -2.19943],
							"size": [4, 6, 1],
							"inflate": 0.2,
							"pivot": [-3.69981, 28.00872, -1.69943],
							"rotation": [0, 90, 2.5],
							"uv": {
								"north": {"uv": [20, 23], "uv_size": [4, 6]},
								"east": {"uv": [1, 30], "uv_size": [1, 6]},
								"south": {"uv": [4, 24], "uv_size": [4, 6]},
								"west": {"uv": [2, 30], "uv_size": [1, 6]},
								"up": {"uv": [28, 30], "uv_size": [4, 1]},
								"down": {"uv": [30, 29], "uv_size": [4, -1]}
							}
						},
						{
							"origin": [-5.65619, 25.00777, 1.10076],
							"size": [4, 6, 1],
							"inflate": 0.21,
							"pivot": [-3.65619, 29.00777, 1.60076],
							"rotation": [0, 90, 5],
							"uv": {
								"north": {"uv": [20, 23], "uv_size": [4, 6]},
								"east": {"uv": [1, 30], "uv_size": [1, 6]},
								"south": {"uv": [4, 24], "uv_size": [4, 6]},
								"west": {"uv": [2, 30], "uv_size": [1, 6]},
								"up": {"uv": [28, 30], "uv_size": [4, 1]},
								"down": {"uv": [30, 29], "uv_size": [4, -1]}
							}
						},
						{
							"origin": [1.65619, 25.00777, 1.10076],
							"size": [4, 6, 1],
							"inflate": 0.21,
							"pivot": [3.65619, 29.00777, 1.60076],
							"rotation": [0, -90, -5],
							"uv": {
								"north": {"uv": [24, 23], "uv_size": [-4, 6]},
								"east": {"uv": [3, 30], "uv_size": [-1, 6]},
								"south": {"uv": [8, 24], "uv_size": [-4, 6]},
								"west": {"uv": [2, 30], "uv_size": [-1, 6]},
								"up": {"uv": [32, 30], "uv_size": [-4, 1]},
								"down": {"uv": [34, 29], "uv_size": [-4, -1]}
							}
						},
						{
							"origin": [-2.65619, 25.00777, 1.10076],
							"size": [4, 6, 1],
							"inflate": 0.2,
							"pivot": [-3.65619, 29.00777, 1.60076],
							"rotation": [0, 90, 5],
							"uv": {
								"north": {"uv": [20, 23], "uv_size": [4, 6]},
								"east": {"uv": [1, 30], "uv_size": [1, 6]},
								"south": {"uv": [4, 24], "uv_size": [4, 6]},
								"west": {"uv": [2, 30], "uv_size": [1, 6]},
								"up": {"uv": [28, 30], "uv_size": [4, 1]},
								"down": {"uv": [30, 29], "uv_size": [4, -1]}
							}
						},
						{
							"origin": [-1.34381, 25.00777, 1.10076],
							"size": [4, 6, 1],
							"inflate": 0.2,
							"pivot": [3.65619, 29.00777, 1.60076],
							"rotation": [0, -90, -5],
							"uv": {
								"north": {"uv": [24, 23], "uv_size": [-4, 6]},
								"east": {"uv": [3, 30], "uv_size": [-1, 6]},
								"south": {"uv": [8, 24], "uv_size": [-4, 6]},
								"west": {"uv": [2, 30], "uv_size": [-1, 6]},
								"up": {"uv": [32, 30], "uv_size": [-4, 1]},
								"down": {"uv": [34, 29], "uv_size": [-4, -1]}
							}
						},
						{
							"origin": [1.65619, 25.00777, 1.10076],
							"size": [4, 6, 1],
							"inflate": 0.2,
							"pivot": [3.65619, 29.00777, 1.60076],
							"rotation": [0, -90, -5],
							"uv": {
								"north": {"uv": [24, 23], "uv_size": [-4, 6]},
								"east": {"uv": [3, 30], "uv_size": [-1, 6]},
								"south": {"uv": [8, 24], "uv_size": [-4, 6]},
								"west": {"uv": [2, 30], "uv_size": [-1, 6]},
								"up": {"uv": [32, 30], "uv_size": [-4, 1]},
								"down": {"uv": [34, 29], "uv_size": [-4, -1]}
							}
						},
						{
							"origin": [-4.10038, 23.00895, 3.5],
							"size": [4, 6, 1],
							"inflate": 0.15,
							"pivot": [-2.10038, 28.00895, 3.80456],
							"rotation": [178.07144, -1.84858, -179.76722],
							"uv": {
								"north": {"uv": [20, 23], "uv_size": [4, 6]},
								"east": {"uv": [5, 30], "uv_size": [1, 6]},
								"south": {"uv": [26, 6], "uv_size": [4, 6]},
								"west": {"uv": [6, 30], "uv_size": [1, 6]},
								"up": {"uv": [31, 1], "uv_size": [4, 1]},
								"down": {"uv": [31, 3], "uv_size": [4, -1]}
							}
						},
						{
							"origin": [0.10038, 23.00895, 3.5],
							"size": [4, 6, 1],
							"inflate": 0.15,
							"pivot": [2.10038, 28.00895, 3.80456],
							"rotation": [178.07144, 1.84858, 179.76722],
							"uv": {
								"north": {"uv": [24, 23], "uv_size": [-4, 6]},
								"east": {"uv": [7, 30], "uv_size": [-1, 6]},
								"south": {"uv": [30, 6], "uv_size": [-4, 6]},
								"west": {"uv": [6, 30], "uv_size": [-1, 6]},
								"up": {"uv": [35, 1], "uv_size": [-4, 1]},
								"down": {"uv": [35, 3], "uv_size": [-4, -1]}
							}
						},
						{
							"origin": [0.10038, 25.00895, 3.5],
							"size": [4, 6, 1],
							"inflate": 0.16,
							"pivot": [2.10038, 28.00895, 3.80456],
							"rotation": [178.07144, 1.84858, 179.76722],
							"uv": {
								"north": {"uv": [24, 23], "uv_size": [-4, 6]},
								"east": {"uv": [7, 30], "uv_size": [-1, 6]},
								"south": {"uv": [30, 6], "uv_size": [-4, 6]},
								"west": {"uv": [6, 30], "uv_size": [-1, 6]},
								"up": {"uv": [35, 1], "uv_size": [-4, 1]},
								"down": {"uv": [35, 3], "uv_size": [-4, -1]}
							}
						},
						{
							"origin": [-4.10038, 25.00895, 3.5],
							"size": [4, 6, 1],
							"inflate": 0.16,
							"pivot": [-2.10038, 28.00895, 3.80456],
							"rotation": [178.07144, -1.84858, -179.76722],
							"uv": {
								"north": {"uv": [20, 23], "uv_size": [4, 6]},
								"east": {"uv": [5, 30], "uv_size": [1, 6]},
								"south": {"uv": [26, 6], "uv_size": [4, 6]},
								"west": {"uv": [6, 30], "uv_size": [1, 6]},
								"up": {"uv": [31, 1], "uv_size": [4, 1]},
								"down": {"uv": [31, 3], "uv_size": [4, -1]}
							}
						},
						{
							"origin": [1.5, 23.03148, -4.2439],
							"size": [3, 9, 2],
							"inflate": 0.15,
							"pivot": [3, 27.53148, -3.2439],
							"rotation": [0, 0, -2.5],
							"uv": {
								"north": {"uv": [8, 16], "uv_size": [3, 9]},
								"east": {"uv": [24, 26], "uv_size": [2, 9]},
								"south": {"uv": [16, 8], "uv_size": [3, 9]},
								"west": {"uv": [26, 26], "uv_size": [2, 9]},
								"up": {"uv": [30, 12], "uv_size": [3, 2]},
								"down": {"uv": [30, 16], "uv_size": [3, -2]}
							}
						},
						{
							"origin": [-1.5, 23.03148, -4.2439],
							"size": [3, 9, 2],
							"inflate": 0.15,
							"uv": {
								"north": {"uv": [14, 16], "uv_size": [-3, 9]},
								"east": {"uv": [30, 21], "uv_size": [-2, 9]},
								"south": {"uv": [17, 17], "uv_size": [-3, 9]},
								"west": {"uv": [30, 12], "uv_size": [-2, 9]},
								"up": {"uv": [33, 16], "uv_size": [-3, 2]},
								"down": {"uv": [33, 20], "uv_size": [-3, -2]}
							}
						},
						{
							"origin": [-4.5, 23.03148, -4.2439],
							"size": [3, 9, 2],
							"inflate": 0.15,
							"pivot": [-3, 27.53148, -3.2439],
							"rotation": [0, 0, 2.5],
							"uv": {
								"north": {"uv": [17, 17], "uv_size": [3, 9]},
								"east": {"uv": [20, 29], "uv_size": [2, 9]},
								"south": {"uv": [19, 8], "uv_size": [3, 9]},
								"west": {"uv": [22, 29], "uv_size": [2, 9]},
								"up": {"uv": [30, 20], "uv_size": [3, 2]},
								"down": {"uv": [30, 24], "uv_size": [3, -2]}
							}
						}
					]
				}
			]
		}
	]
}