{
  "format_version": "1.16.100",
  "minecraft:item": {
    "description": {
      "identifier": "jedy:amaterasu3"
    },
    "components": {
		"minecraft:render_offsets": {
			"main_hand": {
			  "first_person": { 
				"scale": [0.002,0.002,0.002]
			  },
			  "third_person": { 
				"scale": [0.006,0.006,0.006]
			  }
			},
			"off_hand": {
			  "first_person": { 
				"scale": [0.002,0.002,0.002]
			  },
			  "third_person": { 
				"scale": [0.006,0.006,0.006]
			  }
			}
		  }, 
		  "minecraft:armor": {
			"protection": 2
		  },
		
      "minecraft:display_name": {
		"value": "§l§c Amaterasu \n§a✪Dano: §cConsiderável  \n§8✪Alcance: Moderado \n§b✪Destruição: Nula\n✪Gasto: Nulo"
      },
      "minecraft:icon": {
		"texture": "amaterasu2"
	  },
      "minecraft:max_stack_size": 64,
      "minecraft:use_duration": 1,

	  "minecraft:cooldown": {
		"category": "use_time",
		"duration": 10
	  },
	  "minecraft:on_use": {
		"on_use": {
		  "event": "skill"
		}
	  }
    },
    "events": {
	  "skill": {
	    "shoot": {
		  "projectile": "jedy:amaterasu3",
		  "launch_power": 3
		
		},
		"run_command": {
			"command": [	
		  "clear @s jedy:amaterasu3"
	    
	    ]
	}
  }
 }
}
}