{
  "format_version": "1.16.100",
  "minecraft:item": {
    "description": {
        "category": "category",
      "identifier": "stk:falconhr"
    },
    "components": {
"minecraft:render_offsets": {
        "main_hand": {
          "first_person": { 
            "scale": [0.00,0.00,0.00]
          },
          "third_person": { 
            "scale": [0.00,0.00,0.00]
          }
        },
        "off_hand": {
          "first_person": { 
            "scale": [0.00,0.00,0.00]
          },
          "third_person": { 
            "scale": [0.00,0.00,0.00]

            
          }
        }
      },

      "minecraft:display_name": {
		"value": "§eFalcon falconhr"
      },
      "minecraft:icon": {
		"texture": "falconh"
	  },
      "minecraft:max_stack_size": 1,
      "minecraft:use_duration": 2,

	  "minecraft:cooldown": {
		"category": "falconhr",
		"duration": 0
	  },
	  "minecraft:on_use": {
		"on_use": {
		  "event": "tc"
		}
	  }
    },
    "events": {
	  "tc": {

		"run_command": {
		  "command": [
				"function falconhr"
		  ]
	    }
	  }
	  
	}
  }
}



















	
                