{
	"format_version": "1.8.0",
	"animations": {
		"animation.projetil.amaterasu": {
			"loop": true,
			"animation_length": 0.1,
			"particle_effects": {
			    "0.0": [
			        {"effect": "amaterasu","locator": ""}
			    ]
			}
		},
		"animation.projetil.chibaku_tensei": {
			"loop": false,
			"animation_length": 8.25,
			"override_previous_animation": true,
			"bones": {
				"part1": {
					"rotation": {
						"0.0": [-12.81574, 11.47696, -303.8254],
						"5.75": [0, 0, 0]
					},
					"position": {
						"0.0": [478, -1009, 112],
						"5.75": [0, 0, 0]
					}
				},
				"part2": {
					"rotation": {
						"0.0": [12.8616, -9.01629, 103.53011],
						"3.25": [0, 0, 0]
					},
					"position": {
						"0.0": [-671, -984, 132],
						"3.25": [0, 0, 0]
					}
				},
				"part3": {
					"rotation": {
						"0.0": [-135.22472, -59.11675, 74.75648],
						"8.0": [0, 0, 0]
					},
					"position": {
						"0.0": [0, -954, 102],
						"8.0": [0, 0, 0]
					}
				},
				"part4": {
					"rotation": {
						"0.0": [-293.52644, -9.88531, -109.35458],
						"7.75": [0, 0, 0]
					},
					"position": {
						"0.0": [128, -1003, 0],
						"7.75": [0, 0, 0]
					}
				},
				"part5": {
					"rotation": {
						"0.0": [43.99255, -60.10465, 155.42332],
						"6.5": [0, 0, 0]
					},
					"position": {
						"0.0": [114, -995, 117],
						"6.5": [0, 0, 0]
					}
				},
				"part6": {
					"rotation": {
						"0.0": [-145.90642, 12.3278, 203.99858],
						"8.25": [0, 0, 0]
					},
					"position": {
						"0.0": [0, -951, -134],
						"8.25": [0, 0, 0]
					}
				},
				"part7": {
					"rotation": {
						"0.0": [-181.53208, -42.406, 106.73634],
						"7.5": [0, 0, 0]
					},
					"position": {
						"0.0": [-270, -995, 215],
						"7.5": [0, 0, 0]
					}
				},
				"part10": {
					"rotation": {
						"0.0": [-122.71869, 37.41886, 8.79053],
						"4.25": [0, 0, 0]
					},
					"position": {
						"0.0": [-551, -1043, 318],
						"4.25": [0, 0, 0]
					}
				},
				"part11": {
					"rotation": {
						"0.0": [211.11828, -41.64114, -62.76369],
						"1.0": [0, 0, 0]
					},
					"position": {
						"0.0": [306, -1038, 281],
						"1.0": [0, 0, 0]
					}
				},
				"part12": {
					"rotation": {
						"0.0": [-46.23494, -51.37475, 53.23582],
						"2.25": [0, 0, 0]
					},
					"position": {
						"0.0": [-287, -970, 376],
						"2.25": [0, 0, 0]
					}
				},
				"part13": {
					"rotation": {
						"0.0": [-177.33874, -47.25669, 132.7871],
						"3.0": [0, 0, 0]
					},
					"position": {
						"0.0": [0, -981, -356],
						"3.0": [0, 0, 0]
					}
				},
				"part16": {
					"rotation": {
						"0.0": [-141.87657, -7.28625, 110.88121],
						"6.0": [0, 0, 0]
					},
					"position": {
						"0.0": [-253, -1000, -283],
						"6.0": [0, 0, 0]
					}
				},
				"part17": {
					"rotation": {
						"0.0": [72.67126, -31.41795, -36.98678],
						"1.5": [0, 0, 0]
					},
					"position": {
						"0.0": [-139, -993, 0],
						"1.5": [0, 0, 0]
					}
				},
				"part8": {
					"rotation": {
						"0.0": [-12.98383, 27.69849, 58.0999],
						"5.25": [0, 0, 0]
					},
					"position": {
						"0.0": [-368, -978, -179],
						"5.25": [0, 0, 0]
					}
				},
				"part14": {
					"rotation": {
						"0.0": [-76.02853, 53.85176, 3.93493],
						"5.5": [0, 0, 0]
					},
					"position": {
						"0.0": [0, -1029, 247],
						"5.5": [0, 0, 0]
					}
				},
				"part18": {
					"rotation": {
						"0.0": [-20.38158, -9.70582, -71.49458],
						"3.5": [0, 0, 0]
					},
					"position": {
						"0.0": [335, -1053, -353],
						"3.5": [0, 0, 0]
					}
				},
				"part23": {
					"rotation": {
						"0.0": [-39.15501, -8.87111, -149.19867],
						"3.75": [0, 0, 0]
					},
					"position": {
						"0.0": [-277, -1072, -472],
						"3.75": [0, 0, 0]
					}
				},
				"part24": {
					"rotation": {
						"0.0": [-41.97186, -57.4304, -78.36485],
						"7.25": [0, 0, 0]
					},
					"position": {
						"0.0": [-291, -1044, -135],
						"7.25": [0, 0, 0]
					}
				},
				"part25": {
					"rotation": {
						"0.0": [-149.03398, 11.58036, 27.81567],
						"5.0": [0, 0, 0]
					},
					"position": {
						"0.0": [-489, -1044, 177],
						"5.0": [0, 0, 0]
					}
				},
				"part26": {
					"rotation": {
						"0.0": [-43.92265, -5.62566, 112.80073],
						"2.5": [0, 0, 0]
					},
					"position": {
						"0.0": [137, -1033, -284],
						"2.5": [0, 0, 0]
					}
				},
				"part9": {
					"rotation": {
						"0.0": [207.58374, -34.39928, -139.41637],
						"7.0": [0, 0, 0]
					},
					"position": {
						"0.0": [42, -930, 285],
						"7.0": [0, 0, 0]
					}
				},
				"part19": {
					"rotation": {
						"0.0": [-95.72738, -56.41, 63.79892],
						"6.25": [0, 0, 0]
					},
					"position": {
						"0.0": [-497, -946, 38],
						"6.25": [0, 0, 0]
					}
				},
				"part20": {
					"rotation": {
						"0.0": [-266.90518, -6.93017, -215.05473],
						"6.75": [0, 0, 0]
					},
					"position": {
						"0.0": [214, -956, -204],
						"6.75": [0, 0, 0]
					}
				},
				"part21": {
					"rotation": {
						"0.0": [-220.69003, 16.39185, 167.81104],
						"4.5": [0, 0, 0]
					},
					"position": {
						"0.0": [157, -948, -481],
						"4.5": [0, 0, 0]
					}
				},
				"part22": {
					"rotation": {
						"0.0": [142.81048, -34.66274, -281.47776],
						"4.75": [0, 0, 0]
					},
					"position": {
						"0.0": [272, -935, 403],
						"4.75": [0, 0, 0]
					}
				},
				"ultimo": {
					"rotation": {
						"0.0": [16.12366, -38.1852, -43.53909],
						"1.75": [0, 0, 0]
					},
					"position": {
						"0.0": [260, -988, 0],
						"1.75": [0, 0, 0]
					}
				},
				"ultimo2": {
					"rotation": {
						"0.0": [-53.94761, -18.9373, 53.94761],
						"2.0": [0, 0, 0]
					},
					"position": {
						"0.0": [-503, -1000, -271],
						"2.0": [0, 0, 0]
					}
				},
				"ultimo3": {
					"rotation": {
						"0.0": [-175.20604, -15.53055, -113.86372],
						"2.75": [0, 0, 0]
					},
					"position": {
						"0.0": [0, -1043, 0],
						"2.75": [0, 0, 0]
					}
				},
				"ultimo4": {
					"rotation": {
						"0.0": [130.46469, -54.14953, -269.50872],
						"4.0": [0, 0, 0]
					},
					"position": {
						"0.0": [-72, -1043, 395],
						"4.0": [0, 0, 0]
					}
				}
			}
		},
		"animation.projetil.chibaku_tensei2": {
			"loop": true,
			"animation_length": 0.2,
			"particle_effects": {
			    "0.0": [
			        {"effect": "chibaku_tensei","locator": ""}
			    ]
			}
		},
		"animation.projetil.trigramas": {
			"loop": false,
			"animation_length": 1.25,
			"override_previous_animation": true,
			"bones": {
				"body": {
					"rotation": {
						"0.0": [0, -180, 0],
						"1.0": [0, 0, 0]
					},
					"scale": {
						"0.0": [0, 1, 0],
						"1.0": [1, 1, 1]
					}
				}
			}
		}
	}
}