{
  "format_version": "1.19.80",
  "minecraft:item": {
    "description": {
      "identifier": "wesl3y:hakis",
      "category": "nature"
    },
    "components": {
      "tag:first_person": {},
      "tag:no_attack": {},
      "tag:3skills": {},
      "tag:style": {},
      "minecraft:render_offsets": {
	    "main_hand": {
		  "first_person": { 
		    "scale": [0.0,0.0,0.0]
		  },
		  "third_person": { 
			"scale": [0.0,0.0,0.0]
		  }
		}
	  },
      "minecraft:chargeable":{
        "movement_modifier": 1.0
      },
      "minecraft:max_stack_size": 1,
      "minecraft:hand_equipped": true,
      "minecraft:foil": true,
      "minecraft:use_duration": 9999,
      "minecraft:food": {
        "can_always_eat": true
      },
      "minecraft:icon": {
        "texture": "hakis"
      },
      "minecraft:display_name": {
        "value": "Hakis"
      },
      "minecraft:on_use": {
        "on_use": {
          "event": "using",
          "target": "self"
        }
      }
    },
    "events": {
      "using": {
        "sequence": [
          {
            "condition": "query.property('wesl3y:haki') != 0 && query.scoreboard('slotSkill2') == 0 && !q.is_sneaking",
            "run_command": {
              "command": [
                "tag @s remove haki_armament",
                "tag @s remove stop_air",
                "event entity @s wesl3y:noSkill",
                "scoreboard players set @s 2cooldown1 10",
                "scoreboard players set @s 2cooldownmax1 10"
              ]
            }
          },
          {
            "condition": "query.property('wesl3y:haki') == 0 && query.property('wesl3y:empty') == 0 && query.scoreboard('slotSkill2') <= 0 && query.scoreboard('2cooldown1') == 0 && !query.is_sneaking",
            "run_command": {
              "command": [
                "tellraw @s[tag=!harm] {\"rawtext\":[{\"text\":\"§c\"}, {\"translate\":\"text.requires\"}, {\"translate\":\"text.awaken.hakiarm\"}]}",
                "tellraw @s[tag=harm,scores={energyCur=..99}] {\"rawtext\":[{\"text\":\"§c\"}, {\"translate\":\"text.requires\"}, {\"text\":\"Energy 100\"}]}",
                "tag @s[tag=harm,scores={energyCur=100..}] add haki_armament",
                "execute at @s[tag=harm,scores={energyCur=100..}] run playsound haki_armament @s ~~~ 0.5"
              ]
            }
          },
          {
            "condition": "query.scoreboard('hakiobs') != 0 && query.scoreboard('slotSkill2') == 1 && q.is_stackable && !q.is_sneaking",
            "run_command": {
              "command": [
                "tag @s remove haki_observation",
                "tag @s remove stop_air",
                "event entity @s wesl3y:noSkill",
                "scoreboard players set @s 2cooldown2 20",
                "scoreboard players set @s 2cooldownmax2 20"
              ]
            }
          },
          {
            "condition": "query.property('wesl3y:empty') == 0 && query.scoreboard('hakiobs') != 0 && query.scoreboard('slotSkill2') == 1 && query.scoreboard('2cooldown2') == 0 && query.scoreboard('hurtCur') == 0 && !q.is_stackable && !q.is_sneaking",
            "run_command": {
              "command": [
                "tellraw @s[tag=!hobs] {\"rawtext\":[{\"text\":\"§c\"}, {\"translate\":\"text.requires\"}, {\"translate\":\"text.awaken.hakiobs\"}]}",
                "tellraw @s[tag=hobs,scores={energyCur=..99}] {\"rawtext\":[{\"text\":\"§c\"}, {\"translate\":\"text.requires\"}, {\"text\":\"Energy 100\"}]}",
                "tag @s[tag=hobs,scores={energyCur=100..}] add haki_observation",
                "execute at @s[tag=hobs,scores={energyCur=100..}] run playsound haki_observation @a[r=7] ~~~ 0.5",
                "execute at @s[tag=hobs,scores={energyCur=100..}] run playsound haki_observation @a[rm=7,r=10] ~~~ 0.3",
                "execute at @s[tag=hobs,scores={energyCur=100..}] run playsound haki_observation @a[rm=10,r=15] ~~~ 0.1"
              ]
            }
          },
          {
            "condition": "query.property('wesl3y:empty') == 0 && query.scoreboard('2cooldown3') == 0 && query.scoreboard('slotSkill2') >= 2 && !q.is_sneaking",
            "run_command": {
              "command": [
                "tellraw @s[tag=!haki_king] {\"rawtext\":[{\"text\":\"§c\"}, {\"translate\":\"text.requires\"}, {\"translate\":\"text.awaken.hakiking\"}]}",
                "tellraw @s[tag=haki_king,scores={hakiMaes=..14}] {\"rawtext\":[{\"text\":\"§c\"}, {\"translate\":\"text.requires\"}, {\"text\":\"Haki Maestria 15\"}]}",
                "tellraw @s[tag=haki_king,scores={hakiMaes=15..,energyCur=..99}] {\"rawtext\":[{\"text\":\"§c\"}, {\"translate\":\"text.requires\"}, {\"text\":\"Energy 100\"}]}",
                "execute at @s[tag=haki_king,scores={hakiMaes=15..,energyCur=100..}] run playsound haki_king @a[r=15] ~~~ 0.5",
                "execute at @s[tag=haki_king,scores={hakiMaes=15..,energyCur=100..}] run playsound haki_king @a[rm=15,r=20] ~~~ 0.3",
                "execute at @s[tag=haki_king,scores={hakiMaes=15..,energyCur=100..}] run playsound haki_king @a[rm=20,r=27] ~~~ 0.15",
                "execute at @s[tag=haki_king,scores={hakiMaes=15..,energyCur=100..}] run function player/haki_king",
                "execute at @s[tag=haki_king,scores={hakiMaes=15..299,energyCur=100..}] run particle wesl3y:haki_king",
                "execute at @s[tag=haki_king,scores={hakiMaes=300..499,energyCur=100..}] run particle wesl3y:haki_king",
                "execute at @s[tag=haki_king,scores={hakiMaes=300..499,energyCur=100..}] run particle wesl3y:haki_king2",
                "execute at @s[tag=haki_king,scores={hakiMaes=500..,energyCur=100..}] run particle wesl3y:haki_king3",
                "execute at @s[tag=haki_king,scores={hakiMaes=500..,energyCur=100..}] run particle wesl3y:haki_king3_2",
                "tag @s[tag=haki_king,scores={hakiMaes=15..,energyCur=100..}] remove stop_air",
                "scoreboard players set @s[tag=haki_king,scores={hakiMaes=15..,energyCur=100..}] 2cooldown3 30",
                "scoreboard players set @s[tag=haki_king,scores={hakiMaes=15..,energyCur=100..}] 2cooldownmax3 30"
              ]
            }
          }
        ]
      }
    }
  }
}