{
  "format_version": "1.16.100",
  "minecraft:item": {
    "description": {
      "identifier": "wesl3y:punch_combat",
      "category": "nature"
    },
    "components": {
      "tag:first_person": {},
      "tag:no_attack": {},
      "tag:3skills": {},
      "tag:style": {},
      "minecraft:icon": {
        "texture": "punch_combat"
      },
      "minecraft:display_name": {
        "value":"Punch Combat\n§f(Default)§f"
      },
	  "minecraft:weapon": {},
      "minecraft:damage": 4,
      "minecraft:use_duration": 99999,
      "minecraft:max_stack_size": 1,
      "minecraft:hand_equipped": true,
      "minecraft:food": {
        "can_always_eat": true
      },
      "minecraft:render_offsets": {
	    "main_hand": {
		  "first_person": { 
		    "scale": [0.0,0.0,0.0]
		  },
		  "third_person": { 
			"scale": [0.0,0.0,0.0]
		  }
		}
      }
    },
    "events": {}
  }
}