{
  "resource_pack_name": "vanilla",
  "texture_name": "atlas.items",
  "texture_data": {
      "humna": {
            "textures": "textures/items/racas/human"
    },
   "mink": {
      "textures": "textures/items/racas/mink"
    },
    "skypian": {
        "textures": "textures/items/racas/skypian"
    },
    "skypian2": {
        "textures": "textures/items/racas/skypian2"
    },
    "fishman": {
        "textures": "textures/items/racas/fishman"
    },
    "fishman2": {
      "textures": "textures/items/racas/fishman2"
    },
   "mink2": {
      "textures": "textures/items/racas/mink2"
    },
    "katana": {
        "textures": "textures/items/armas/katana"
    },
    "katana2": {
        "textures": "textures/items/armas/katana2"
    },
    "katana3": {
        "textures": "textures/items/armas/katana3"
    },
    "shusui": {
        "textures": "textures/items/armas/shusui"
    },

    "gryphon": {
        "textures": "textures/items/armas/gryphon"
    },
    "inf": {
        "textures": "textures/items/inf"
    },
    "mori": {
        "textures": "textures/items/fruits/mori"
    },
    "source": {
        "textures": "textures/items/fruits/source"
    },
    "tree_titan": {
        "textures": "textures/items/fruits/tree_titan"
    },
    "nutrient": {
        "textures": "textures/items/fruits/nutrient"
    },
    "tree_punch": {
        "textures": "textures/items/fruits/tree_punch"
    },
    "armamento": {
        "textures": "textures/items/haki/armamento"
    },
    "rei": {
        "textures": "textures/items/haki/rei"
    },
    "inu": {
        "textures": "textures/items/fruits/inu"
    },
    "complet": {
        "textures": "textures/items/fruits/complet"
    },
    "hybrid": {
        "textures": "textures/items/fruits/hybrid"
    },
    "freezes": {
        "textures": "textures/items/fruits/freezes"
    },
    "doku": {
        "textures": "textures/items/fruits/doku"
    },
    "jiki": {
        "textures": "textures/items/fruits/jiki"
    },
    "ushi": {
        "textures": "textures/items/fruits/ushi"
    },
    "breath": {
        "textures": "textures/items/fruits/breath"
    },
    "dash": {
        "textures": "textures/items/fruits/dash"
    },
    "slingshot": {
        "textures": "textures/items/armas/slingshot"
    },
    "flintlock": {
        "textures": "textures/items/armas/flintlock"
    },
    "kabuto": {
        "textures": "textures/items/armas/kabuto"
    },
    "bazooka": {
        "textures": "textures/items/armas/bazooka"
    },
    "gbazooka": {
        "textures": "textures/items/fruits/gbazooka"
    },
    "gomu": {
        "textures": "textures/items/fruits/gomu"
    },
    "gatling": {
        "textures": "textures/items/fruits/gatling"
    },
    "pistol": {
        "textures": "textures/items/fruits/pistol"
    },
    "ball": {
        "textures": "textures/items/fruits/ball"
    },
    "fog": {
        "textures": "textures/items/fruits/fog"
    },
    "gear4": {
        "textures": "textures/items/fruits/gear4"
    },
    "k_gatling": {
        "textures": "textures/items/fruits/k_gatling"
    },
    "kong": {
        "textures": "textures/items/fruits/kong"
    },
    "king": {
        "textures": "textures/items/fruits/king"
    },
    "culvarin": {
        "textures": "textures/items/fruits/culvarin"
    },
    "": {
        "textures": "textures/items/f"
    },
    "kajuja2": {
        "textures": "textures/items/skypian2"
    },
    "m_meteors": {
        "textures": "textures/items/fruits/m_meteors"
    },
    "m_shot": {
        "textures": "textures/items/fruits/m_shot"
    },
    "m_prison": {
        "textures": "textures/items/fruits/m_prison"
    },
    "m_arm": {
        "textures": "textures/items/fruits/m_arm"
    },
    "belly": {
        "textures": "textures/items/belly"
    },
    "belly2": {
        "textures": "textures/items/belly2"
    },
    "belly3": {
        "textures": "textures/items/belly3"
    },
    "haki_energia": {
        "textures": "textures/items/haki_energia"
    },
    "haki_energia2": {
        "textures": "textures/items/haki_energia2"
    },
    "haki_energia3": {
        "textures": "textures/items/haki_energia3"
    },
    "armament_energia": {
        "textures": "textures/items/armament_energia"
    },
    "rei_energia": {
        "textures": "textures/items/rei_energia"
    },
    "haki_explosion": {
        "textures": "textures/items/haki/haki_explosion"
    },
    "bau": {
        "textures": "textures/items/bau"
    },
    "fruit_reset": {
        "textures": "textures/items/fruit_reset"
    },
    "gom": {
      "textures": "textures/items/gomu"
    },
    "pisto": {
      "textures": "textures/items/pistol"
    },
    "gatlin": {
      "textures": "textures/items/gatling"
    },
    "gura": {
      "textures": "textures/items/gura"
    },
    "gura_p": {
      "textures": "textures/items/gura_p"
    },
    "gura_p2": {
      "textures": "textures/items/gura_p2"
    },
    "tsunami": {
      "textures": "textures/items/tsunami"
    },
    "bari": {
      "textures": "textures/items/bari"
    },
    "b_pistol": {
      "textures": "textures/items/b_pistol"
    },
    "stomp": {
      "textures": "textures/items/stomp"
    },
    "mochi": {
      "textures": "textures/items/mochi"
    },
    "chikara": {
      "textures": "textures/items/chikara"
    },
    "chikara_m": {
      "textures": "textures/items/chikara_m"
    },
    "liquid": {
      "textures": "textures/items/liquid"
    },
    "donut": {
      "textures": "textures/items/donut"
    },
    "bara": {
      "textures": "textures/items/bara"
    },
    "punch": {
      "textures": "textures/items/punch"
    },
    "festival": {
      "textures": "textures/items/festival"
    },
    "suna": {
      "textures": "textures/items/suna"
    },
    "sand": {
      "textures": "textures/items/sand"
    },
    "sandstorm": {
      "textures": "textures/items/sandstorm"
    },
    "drone": {
      "textures": "textures/items/drone"
    },
    "domo": {
      "textures": "textures/items/domo"
    },
    "spike": {
      "textures": "textures/items/spike"
    },
    "bomu": {
      "textures": "textures/items/bomu"
    },
    "explo": {
      "textures": "textures/items/explo"
    },
    "katan": {
      "textures": "textures/items/katana"
    },
    "hook": {
      "textures": "textures/items/hook"
    },
    "nika": {
      "textures": "textures/items/nika"
    },
    "garm": {
      "textures": "textures/items/garm"
    },
    "gleg": {
      "textures": "textures/items/gleg"
    },
    "gpistol": {
      "textures": "textures/items/gpistol"
    },
    "bell": {
      "textures": "textures/items/belly"
    },
    "up": {
      "textures": "textures/items/up"
    },
    "lvl": {
      "textures": "textures/items/lvl"
    },
    "fruit": {
      "textures": "textures/items/fruit"
    },
    "island": {
      "textures": "textures/items/island"
    },
    "hard": {
      "textures": "textures/items/hard"
    },
    "shells": {
      "textures": "textures/items/shells"
    },
    "baratie": {
      "textures": "textures/items/baratie"
    },
    "sandi": {
      "textures": "textures/items/sandi"
    },
    "sand2": {
      "textures": "textures/items/sand2"
    },
    "clava": {
      "textures": "textures/items/clava"
    },
    "yoru": {
      "textures": "textures/items/yoru"
    },
    "triple": {
      "textures": "textures/items/triple"
    },
    "tori": {
      "textures": "textures/items/tori"
    },
    "venom": {
      "textures": "textures/items/venom"
    },
    "demon": {
      "textures": "textures/items/demon"
    },
    "hspike": {
      "textures": "textures/items/hspike"
    },
    "hydra": {
      "textures": "textures/items/hydra"
    },
    "floor": {
      "textures": "textures/items/floor"
    },
    "claw": {
      "textures": "textures/items/claw"
    },
    "dok": {
      "textures": "textures/items/doku"
    },
    "xp1": {
      "textures": "textures/items/xp1"
    },
    "xp2": {
      "textures": "textures/items/xp2"
    },
    "xp3": {
      "textures": "textures/items/xp3"
    },
    "fo": {
      "textures": "textures/items/fog"
    },
    "sea": {
      "textures": "textures/items/sea"
    },
    "hie": {
      "textures": "textures/items/hie"
    },
    "icespike": {
      "textures": "textures/items/icespike"
    },
    "hsword": {
      "textures": "textures/items/hsword"
    },
    "tower": {
      "textures": "textures/items/tower"
    },
    "hound": {
      "textures": "textures/items/hound"
    },
    "mfloor": {
      "textures": "textures/items/mfloor"
    },
    "magma": {
      "textures": "textures/items/magma"
    },
    "magu": {
      "textures": "textures/items/magu"
    },
    "fenix": {
      "textures": "textures/items/fenix"
    },
    "fenixf": {
      "textures": "textures/items/fenixf"
    },
    "cura": {
      "textures": "textures/items/cura"
    },
    "ffire": {
      "textures": "textures/items/ffire"
    },
    "elytra": {
      "textures": "textures/items/elytra"
    },
    "wpunch": {
      "textures": "textures/items/wpunch"
    },
    "moku": {
      "textures": "textures/items/moku"
    },
    "jumbe": {
      "textures": "textures/items/jumbe"
    },
    "shot": {
      "textures": "textures/items/shot"
    },
    "barrage": {
      "textures": "textures/items/barrage"
    },
    "black_leg": {
      "textures": "textures/items/black_leg"
    },
    "luffy": {
      "textures": "textures/items/luffy"
    },
    "cape": {
      "textures": "textures/items/cape"
    },
    "fruit_res": {
      "textures": "textures/items/fruit_reset"
    },
    "cigarro": {
      "textures": "textures/items/cigarro"
    },
    "stk_c_a": {
      "textures": [
        "textures/items/stk_c_a"
      ]
    },
    "stk_c_am": {
      "textures": [
        "textures/items/stk_c_am"
      ]
    },
    "stk_c_ve": {
      "textures": [
        "textures/items/stk_c_ve"
      ]
    },
    "stk_c_v": {
      "textures": [
        "textures/items/stk_c_v"
              ]
    },
    "zp": {
      "textures": [
        "textures/items/zp"
        ]
    },
    "soru": {
      "textures": [
        "textures/items/soru"
      ]
    },
    "lightz": {
      "textures": [
        "textures/items/lightz"
      ]
    },
    "firep": {
      "textures": [
        "textures/items/firep"
      ]
    },
    "napoleon": {
      "textures": [
        "textures/items/napoleon"
        
             ]
    },
    "jaquet": {
      "textures": [
        "textures/items/jaquet"
      ]
    },
    "fjaquet": {
      "textures": [
        "textures/items/fjaquet"
      ]
    },
    "sanjir": {
      "textures": [
        "textures/items/sanjir"
              ]
    },
    "dcape": {
      "textures": [
        "textures/items/dcape"
        ]
    },
    "black_cape": {
      "textures": [
        "textures/items/black_cape"
      ]
    },
    "dente": {
      "textures": [
        "textures/items/dente"
      ]
    },
    "golem_sword": {
      "textures": [
        "textures/items/golem_sword"
      ]
    },
    "sea_sword": {
      "textures": [
        "textures/items/sea_sword"
        ]
              
    },
    "golem_head": {
      "textures": [
        "textures/items/golem_head"
        ]
              
    },
    "raid": {
      "textures": [
        "textures/items/raid"
        ]
              
    },
    "kage": {
      "textures": [
        "textures/items/kage"
      ]
    },
    "box": {
      "textures": [
        "textures/items/box"
        ]
              
    },
    "hand": {
      "textures": [
        "textures/items/hand"
        ]
              
    },
    "teleport": {
      "textures": [
        "textures/items/teleport"
        ]
    },
    "maghand": {
      "textures": [
        "textures/items/maghand"
        ]
              
    },
    "magdemon": {
      "textures": [
        "textures/items/magdemon"
        ]
    },
    "magarm": {
      "textures": [
        "textures/items/magarm"
        ]
    },
    "vulcan": {
      "textures": [
        "textures/items/vulcan"
        ]
    },
    "meteor": {
      "textures": [
        "textures/items/meteor"
        ]
    },
    "wall": {
      "textures": [
        "textures/items/wall"
        ]
    },
    "bfloor": {
      "textures": [
        "textures/items/bfloor"
        ]
    },
    "m_planet": {
      "textures": [
        "textures/items/m_planet"
        ]
    },
    "m_am": {
      "textures": [
        "textures/items/m_arm"
        ]
    },
    "jki": {
      "textures": [
        "textures/items/jiki"
        ]
    },
    "g_explosion": {
      "textures": [
        "textures/items/g_explosion"
        ]
    },
    "bracheo": {
      "textures": [
        "textures/items/bracheo"
        ]
    },
    "blast": {
      "textures": [
        "textures/items/blast"
        ]
    },
    "ryu": {
      "textures": [
        "textures/items/ryu"
        ]
    },
    "bala": {
      "textures": [
        "textures/items/bala"
        ]
    },
    "capsula": {
      "textures": [
        "textures/items/capsula"
        ]
    },
    "anticorpos": {
      "textures": [
        "textures/items/anticorpos"
        ]
    },
    "oni_me": {
      "textures": [
        "textures/items/oni_me"
        ]
    },
    "oni": {
      "textures": [
        "textures/items/oni"
        ]
    },
    "hybid": {
      "textures": [
        "textures/items/hybrid"
        ]
    },
    "shadow": {
      "textures": [
        "textures/items/shadow"
        ]
    },
    "gear2": {
      "textures": [
        "textures/items/gear2"
        ]
    },
    "get": {
      "textures": [
        "textures/items/get"
        ]
    },
    "ggatling": {
      "textures": [
        "textures/items/ggatling"
        ]
    },
    "negao": {
      "textures": [
        "textures/items/negao"
        ]
    },
    "gear3": {
      "textures": [
        "textures/items/gear3"
        ]
    },
    "magrain": {
      "textures": [
        "textures/items/magrain"
        ]
    },
    "nikyu": {
      "textures": [
        "textures/items/nikyu"
        ]
    },
    "ho": {
      "textures": [
        "textures/items/ho"
        ]
    },
    "patas": {
      "textures": [
        "textures/items/patas"
        ]
    },
    "m_ho": {
      "textures": [
        "textures/items/m_ho"
        ]
    },
    "ursos": {
      "textures": [
        "textures/items/ursos"
        ]
    },
    "buddha": {
      "textures": [
        "textures/items/buddha"
        ]
    },
    "hito": {
      "textures": [
        "textures/items/hito"
        ]
    },
    "poof": {
      "textures": [
        "textures/items/poof"
        ]
    },
    "warea": {
      "textures": [
        "textures/items/warea"
        ]
    },
    "macaco": {
      "textures": [
        "textures/items/macaco"
        ]
    },
    "second": {
      "textures": [
        "textures/items/second"
        ]
    },
    "boat": {
      "textures": [
        "textures/items/boat"
        ]
    },
    "striker": {
      "textures": [
        "textures/items/striker"
        ]
    },
    "jumbe2": {
      "textures": [
        "textures/items/jumbe2"
        ]
    },
    "hyper": {
      "textures": [
        "textures/items/hyper"
        ]
    },
    "concasser": {
      "textures": [
        "textures/items/concasser"
        ]
    },
    "karate": {
      "textures": [
        "textures/items/karate"
        ]
    },
    "water": {
      "textures": [
        "textures/items/water"
        ]
    },
    "m_water": {
      "textures": [
        "textures/items/m_water"
        ]
    },
    "gbuble": {
      "textures": [
        "textures/items/gbuble"
        ]
    },
    "skate": {
      "textures": [
        "textures/items/skate"
        ]
    },
    "coffin": {
      "textures": [
        "textures/items/coffin"
        ]
    },
    "fenix2": {
      "textures": "textures/items/fenix2"
    },
    "fenix3": {
      "textures": "textures/items/fenix3"
    },
    "fenix4": {
      "textures": "textures/items/fenix4"
    },
    "fenix5": {
      "textures": "textures/items/fenix5"
    },
    "l_sword": {
      "textures": "textures/items/l_sword"
    },
    "l_kick": {
      "textures": "textures/items/l_kick"
    },
    "light": {
      "textures": "textures/items/light"
    },
    "pika": {
      "textures": "textures/items/pika"
    },
    "karuu": {
      "textures": "textures/items/karuu"
    },
    "in": {
      "textures": "textures/items/inf"
    },
    "flor": {
      "textures": "textures/items/flor"
    },
    "tree": {
      "textures": "textures/items/tree"
    },
    "vine": {
      "textures": "textures/items/vine"
    },
    "midori": {
      "textures": "textures/items/midori"
    },
    "re": {
      "textures": "textures/items/rei"
    },
    "haki": {
      "textures": "textures/items/haki"
    },
    "haki2": {
      "textures": "textures/items/haki2"
    },
    "doa": {
      "textures": "textures/items/doa"
    },
    "bal": {
      "textures": "textures/items/ball"
    },
    "thor": {
      "textures": "textures/items/thor"
    },
    "laser": {
      "textures": "textures/items/laser"
    },
    "area": {
      "textures": "textures/items/area"
    },
    "goro": {
      "textures": "textures/items/goro"
    },
    "dhybrid": {
      "textures": "textures/items/dhybrid"
    },
    "uo": {
      "textures": "textures/items/uo"
    },
    "dragon": {
      "textures": "textures/items/dragon"
    },
    "tornado": {
      "textures": "textures/items/tornado"
    },
    "air": {
      "textures": "textures/items/air"
    },
    "breth": {
      "textures": "textures/items/breath"
    },
    "roar": {
      "textures": "textures/items/roar"
    },
    "mera": {
      "textures": "textures/items/mera"
    },
    "pilar": {
      "textures": "textures/items/pilar"
    },
    "entei": {
      "textures": "textures/items/entei"
    },
    "hiken": {
      "textures": "textures/items/hiken"
    },
    "fpistol": {
      "textures": "textures/items/fpistol"
    },
    "fdhybrid": {
      "textures": "textures/items/fdhybrid"
    },
    "fdragon": {
      "textures": "textures/items/fdragon"
    },
    "gea4": {
      "textures": "textures/items/gear4"
    },
    "kng": {
      "textures": "textures/items/kong"
    },
    "wado": {
      "textures": "textures/items/wado"
    },
    "gyphon": {
      "textures": "textures/items/gryphon"
    },
    "shsui": {
      "textures": "textures/items/shusui"
    },
    "v": {
      "textures": "textures/items/fruits/"
    },
    "snakeman": {
      "textures": "textures/items/fruits/snakeman"
    },
    "jet_culverin": {
      "textures": "textures/items/fruits/jet_culverin"
    },
    "mamba": {
      "textures": "textures/items/fruits/mamba"
    },
    "king_cobra": {
      "textures": "textures/items/fruits/king_cobra"
    }
  }
}
    
  

 
  


