{
  "format_version": "1.16.0",
  "minecraft:client_entity": {
    "description": {
      "identifier": "wesl3y:katakuri",
      "materials": {
        "default": "entity_alphatest"
      },
      "textures": {
        "default": "textures/entity/katakuri"
      },
      "geometry": {
        "default": "geometry.katakuri"
      },
      "particle_effects": {
        "slash_horizontal": "wesl3y:slash_horizontal",
        "slash_hori_vertical": "wesl3y:slash_hori_vertical",
        "slash_vertical": "wesl3y:slash_vertical",
        "mochi_fall": "wesl3y:mochi_fall",
        "mochi_zan_giri": "wesl3y:mochi_zan_giri",
        "mochi_zan_giri2": "wesl3y:mochi_zan_giri2",
        "mochi_zan_giri.expansion": "wesl3y:mochi_zan_giri.expansion",
        "smash_black.medium": "wesl3y:smash_black.medium",
        "smash_white.medium": "wesl3y:smash_white.medium",
        "expansion_white.medium": "wesl3y:expansion_white.medium",
        "slash_white.medium": "wesl3y:slash_white.medium"
      },
      "sound_effects": {
        "cut": "cut"
      },
      "scripts": {
        "pre_animation": [
          "variable.tcos0 = (Math.cos(query.modified_distance_moved * 35) * query.modified_move_speed / variable.gliding_speed_value) * 37.5;"
        ],//38.17 //57.3
        "animate": [
          "root"
        ]
      },
      "animations": {
        "root": "controller.animation.katakuri",
        "attack_controller": "controller.animation.attacking",
        "look_at_target_controller": "controller.animation.humanoid.look_at_target",
        "move_controller": "controller.animation.mobs.move",
        "riding_controller": "controller.animation.humanoid.riding",
        "look_at_target_default": "animation.humanoid.look_at_target.default",
        "look_at_target_gliding": "animation.humanoid.look_at_target.gliding",
        "look_at_target_swimming": "animation.humanoid.look_at_target.swimming",
        "move.arms": "animation.test.move.arms",
        "move.legs": "animation.test.move.legs",
        "riding.arms": "animation.humanoid.riding.arms",
        "riding.legs": "animation.humanoid.riding.legs",
        "attack1": "animation.katakuri.attack1",
        "attack2": "animation.katakuri.attack2",
        "attack3": "animation.katakuri.attack3",
        "combo1": "animation.katakuri.combo1",
        "combo2": "animation.katakuri.combo2",
        "combo3": "animation.katakuri.combo3"
      },
      "spawn_egg": {
        "texture": "spawn_egg",
        "texture_index": 57
      },
      "render_controllers": [
        "controller.render.katakuri"
      ],
      "enable_attachables": true
    }
  }
}