{
  "format_version": "1.16.0",
  "minecraft:client_entity": {
    "description": {
      "identifier": "wesl3y:sanji",
      "materials": {
        "default": "entity_alphatest"
      },
      "textures": {
        "default": "textures/entity/sanji"
      },
      "geometry": {
        "default": "geometry.sanji"
      },
      "particle_effects": {
        "cigarette": "wesl3y:cigarette",
        "cigarette2": "wesl3y:cigarette2",
        "blackleg_barrage": "wesl3y:blackleg_barrage"
      },
      "scripts": {
        "pre_animation": [
          "variable.is_first_person = !q.is_alive;",
          "variable.attack_body_rot_y = Math.sin(360*Math.sqrt(variable.attack_time)) * 5.0;",
          "variable.katana = !q.is_alive;",
          "variable.gear_five = !q.is_alive;",
          "variable.tcos0 = (Math.cos(query.modified_distance_moved * 35) * query.modified_move_speed / variable.gliding_speed_value) * 45;"
        ],//38.17 //57.3
        "animate": [
          "attack",
          "humanoid_controller",
          "humanoid_base_pose",
          "look_at_target",
          "default"
        ]
      },
      "animations": {
        "default": "animation.sanji.default",
        "humanoid_controller": "controller.animation.humanoid.controller_base",
        "humanoid_base_pose": "animation.humanoid.base_pose",
        "look_at_target": "controller.animation.humanoid.look_at_target",
        "look_at_target_ui": "animation.player.look_at_target.ui",
        "look_at_target_default": "animation.humanoid.look_at_target.default",
        "look_at_target_gliding": "animation.humanoid.look_at_target.gliding",
        "look_at_target_swimming": "animation.humanoid.look_at_target.swimming",
        "look_at_target_inverted": "animation.player.look_at_target.inverted",
        "cape": "animation.player.cape",
        "gear_five.jump": "animation.gear_five.jump",
        "gear_five.jump2": "animation.gear_five.jump2",
        "gear_five.jump3": "animation.gear_five.jump3",
        "gear_five.sprint.arms": "animation.gear_five.sprint.arms",
        "gear_five.sprint.legs": "animation.gear_five.sprint.legs",
        "gear_five.stop": "animation.gear_five.stop",
        "jump": "animation.player.jump",
        "move.arms": "animation.a",
        "move.legs": "animation.player.sprint.legs",
        "sprint.arms": "animation.player.sprint.arms",
        "sprint.legs": "animation.player.sprint.legs",
        "swimming": "animation.player.swim",
        "swimming.legs": "animation.player.swim.legs",
        "riding.arms": "animation.player.riding.arms",
        "riding.legs": "animation.player.riding.legs",
        "holding": "animation.player.holding",
        "charging": "animation.humanoid.charging",
        "attack": "animation.blackleg.attack",
        "sneaking": "animation.player.sneaking",
        "sleeping": "animation.player.sleeping",
        "kill": "animation.player.kill"
      },
      "spawn_egg": {
        "texture": "spawn_egg",
        "texture_index": 57
      },
      "render_controllers": [
        "controller.render.skeleton"
      ],
      "enable_attachables": true
    }
  }
}