{
  "content_panel": {
    "modifications": [
      {
        "array_name": "controls",
        "operation": "insert_front",
        "value": [
          {"credits@debug_screen.wg": {}},
          {"credits_icon@debug_screen.wg2": {}}
        ]
      }
    ]
  },
  "wg": {
    "type": "label",
    "anchor_from": "top_right",
    "anchor_to": "top_right",
    "text": "Criador:Mugiwara\nAddon:Animes Wg 1.5",
    "font_size": "default",
    "font_scale_factor": 0.8,
    "shadow": true,
    "layer": 100
  },
  "wg2": {
    "type": "image",
    "texture": "textures/wg",
    "size": [15, 15],
    "offset": [-90, 0],
    "anchor_from": "top_right",
    "anchor_to": "top_right",
    "layer": 500
  }
}