{
	"format_version": "1.16.100",
	"minecraft:item": {
		"description": {
			"identifier": "mello:mangekyou_itachi",
			"category": "equipment0"
		},
		"components": {
			"minecraft:max_stack_size": 1,
			"minecraft:enchantable": {
				"value": 9,
				"slot": "armor_head"
			},
			"minecraft:icon": {
				"texture": "mangekyou_itachi"
			},
			"minecraft:render_offsets": "helmets",
			"minecraft:armor": {
				"protection": 0
			},
			"minecraft:wearable": {
				"slot": "slot.armor.head"
			},
			"minecraft:creative_category": {
				"parent": "itemGroup.name.helmet"
			},
			"minecraft:display_name": {
				"value": "mangekyou_itachi_modo"
			}
		}
	}
}