{
  "format_version": "1.10.0",
  "minecraft:attachable": {
    "description": {
      "identifier": "wesl3y:golden_armor",
      "materials": {
        "default": "entity_alphatest"
      },
      "textures": {
        "default": "textures/entity/don_krieg"
      },
      "geometry": {
        "default": "geometry.golden_armor"
      },
      "scripts": {
        "parent_setup": "variable.chest_layer_visible = 0.0;"
      },
      "render_controllers": [ {"controller.render.suit": "query.property('wesl3y:empty') == 0 && (query.property('wesl3y:mode') == 0 || query.property('wesl3y:mode') == 43)"} ]
    }
  }
}