{
  "format_version": "1.10.0",
  "minecraft:attachable": {
    "description": {
      "identifier": "wesl3y:mugiwara_hat",
      "materials": {
        "default": "entity_alphatest"
      },
      "textures": {
        "default": "textures/modes/armor/mugiwara_hat"
      },
      "geometry": {
        "default": "geometry.mugiwara_hat"
      },
      "scripts": {
        "parent_setup": "variable.chest_layer_visible = 0.0;"
      },
      "render_controllers": [ {"controller.render.mugiwara_hat": "query.property('wesl3y:empty') == 0 && !(query.property('wesl3y:mode') == 29)"} ]
    }
  }
}