{
  "format_version": "1.10.0",
  "minecraft:attachable": {
    "description": {
      "identifier": "wesl3y:pirate_haori",
      "materials": {
        "default": "entity_alphatest"
      },
      "textures": {
        "default": "textures/modes/armor/pirate_haori"
      },
      "geometry": {
        "default": "geometry.pirate_haori"
      },
      "scripts": {
        "parent_setup": "variable.chest_layer_visible = 0.0;"
      },
      "render_controllers": [ {"controller.render.suit": "query.property('wesl3y:empty') == 0 && !(query.property('wesl3y:mode') == 5 || query.property('wesl3y:mode') == 11 || query.property('wesl3y:mode') == 15 || query.property('wesl3y:mode') == 25 || query.property('wesl3y:mode') == 26 || query.property('wesl3y:mode') == 34 || query.property('wesl3y:mode') == 42)"} ]
    }
  }
}