{
  "format_version": "1.10.0",
  "particle_effect": {
    "description": {
      "identifier": "wesl3y:gear4_leo_bazooka",
      "basic_render_parameters": {
        "material": "particles_blend",
        "texture": "textures/particle/smash2"
      }
    },
    "components": {
      "minecraft:emitter_rate_instant": {
        "num_particles": 40
      },
      "minecraft:emitter_lifetime_once": {},
      "minecraft:emitter_shape_disc": {
        "offset": [0, 0, 0],
        "radius": 0.01,
        "surface_only": true,
        "direction": ["math.random(-2, 2)", -0.25, "math.random(-2, 2)"]
      },
      "minecraft:particle_lifetime_expression": {
        "max_lifetime": 0.75
      },
      "minecraft:particle_initial_speed": 10,
      "minecraft:particle_motion_dynamic": {
        "linear_drag_coefficient": 5
      },
      "minecraft:particle_appearance_billboard": {
        "size": [0.25, 1.75],
        "facing_camera_mode": "direction_y",
        "uv": {
          "texture_width": 16,
          "texture_height": 16,
          "uv": [0, 0],
          "uv_size": [16, 16]
        }
      },
      "minecraft:particle_appearance_tinting": {
        "color": [1, 1, 1, 1]
      }
    }
  }
}