{
	"format_version": "1.10.0",
	"particle_effect": {
		"description": {
			"identifier": "ds:rengoku_flameyellow",
			"basic_render_parameters": {
				"material": "particles_alpha",
				"texture": "textures/particle/customball"
			}
		},
		"curves": {
			"variable.test": {
				"type": "catmull_rom",
				"input": 1,
				"horizontal_range": 1,
				"nodes": [0, 1.12]
			}
		},
		"components": {
			"minecraft:emitter_rate_instant": {
				"num_particles": 10
			},
			"minecraft:emitter_lifetime_once": {},
			"minecraft:emitter_shape_disc": {
				"radius": 1,
				"surface_only": true,
				"direction": [0, 15, 0]
			},
			"minecraft:particle_lifetime_expression": {
				"max_lifetime": 2
			},
			"minecraft:particle_initial_speed": "variable.particle_random_2 * 80",
			"minecraft:particle_motion_dynamic": {
				"linear_drag_coefficient": "math.random(40,25)"
			},
			"minecraft:particle_appearance_billboard": {
				"size": ["0.2 - (variable.particle_age * 0.1)", "0.2 - (variable.particle_age * 0.1)"],
				"facing_camera_mode": "rotate_xyz",
				"uv": {
					"texture_width": 48,
					"texture_height": 6,
					"flipbook": {
						"base_UV": [0, 0],
						"size_UV": [6, 6],
						"step_UV": [6, 0],
						"frames_per_second": 8,
						"max_frame": 8,
						"stretch_to_lifetime": true
					}
				}
			},
			"minecraft:particle_appearance_tinting": {
				"color": {
					"interpolant": "variable.particle_random_2",
					"gradient": {
						"0.0": "#FF73301C",
						"0.29": "#FFD88700",
						"1.0": "#FFFFEBD0"
					}
				}
			}
		}
	}
}