{
  "format_version": "1.10.0",
  "animation_controllers": {
    "controller.animation.zetsu_boss": {
      "states": {
        "default": {
          "transitions": [ { "health": "!q.is_alive" } ],
          "on_entry": [ "" ]
        },
        "health": {
          "transitions": [ { "default": "q.is_alive" } ],
          "on_entry": [ 
                "/give @p mello:pergaminho" 
              ]
            }
          }
        },
        "controller.animation.bandido_boss": {
          "states": {
            "default": {
              "transitions": [ { "health": "!q.is_alive" } ],
              "on_entry": [ "" ]
            },
            "health": {
              "transitions": [ { "default": "q.is_alive" } ],
              "on_entry": [ 
                    "/give @p mello:pergaminho" 
                  ]
                }
              }
            }
      }
    }
