{
    "format_version": "1.10.0",
    "animation_controllers": {
          "controller.animation.celulas": {
            "states": {
              "default": {
                "transitions": [ {"1": "(1.0)"} ]
              },
              "1": {
                "transitions": [ { "default": "(1.0)"} ],
                "on_entry": [
                  "/execute as @s[tag=celulas] at @s run effect @s health_boost 1 4 true",
                  "/execute as @s[tag=celulas_2] at @s run effect @s health_boost 1 9 true",
                  "/execute as @s[tag=celulas_3] at @s run effect @s health_boost 1 14 true",
                  "/execute as @s[tag=celulas_4] at @s run effect @s health_boost 1 19 true"
                ]
        }
      }
    }
  }
}
