{
  "format_version": "1.10.0",
  "animation_controllers": {
    "controller.mangekyou_escolha": {
      "states": {
        "default": {
          "transitions": [
            { "1": "query.get_equipped_item_name=='amat_tsuk' && query.is_using_item"},
            { "2": "query.get_equipped_item_name=='koto_amat' && query.is_using_item"},
            { "3": "query.get_equipped_item_name=='koto_tsuk' && query.is_using_item"}
          ]
        },
        "1": {
          "on_entry": [

          ],
        "transitions": [
          {
            "default": "query.all_animations_finished"
          }
        ]
        }
      }
    }
  }
}