{
    "format_version": "1.10.0",
    "animation_controllers": {
      "controller.animation.sharingan_item": {
        "initial_state": "default",
        "states": {
          "default": {
            "transitions": [
              {"a": "(query.get_equipped_item_name=='sharingan_item') && (query.is_using_item)"},
              {"sha": "q.is_item_name_any('slot.armor.head',0,'mello:sharingan')"}
            ]
          },
          "a": {
            "transitions": [
              {
                "default": "!query.is_using_item"
              }
            ],
            "on_entry": [
              "/replaceitem entity @s slot.armor.head 1 mello:sharingan 1 0 {\"item_lock\":{\"mode\":\"lock_in_slot\"},\"keep_on_death\":{}}"
            ]
          },
          "sha": {
            "animations": [
              "sharingan"
            ],
            "transitions": [
              {
                "default": "query.all_animations_finished || !q.is_item_name_any('slot.armor.head',0,'mello:sharingan')"
              }
            ],
            "on_entry": [
              "/clear @s[tag=sharingan] mello:sharingan",
              "/effect @s[tag=!sharingan] speed 9999 2 true",
              "/tag @s[tag=!sharingan] add sharingan"
            ],
            "on_exit": [
              "/tag @s remove sharingan",
              "/clear @s mello:sharingan",
              "/effect @s clear"
            ]
          }
        }
      },




      "controller.animation.mangekyou_sasuke_item": {
        "initial_state": "default",
        "states": {
          "default": {
            "transitions": [
              {"a": "(query.get_equipped_item_name=='mangekyou_sasuke_item') && (query.is_using_item)"},
              {"sha": "q.is_item_name_any('slot.armor.head',0,'mello:mangekyou_sasuke')"}
            ]
          },
          "a": {
            "transitions": [
              {
                "default": "!query.is_using_item"
              }
            ],
            "on_entry": [
              "/replaceitem entity @s slot.armor.head 1 mello:mangekyou_sasuke 1 0 {\"item_lock\":{\"mode\":\"lock_in_slot\"},\"keep_on_death\":{}}"
            ]
          },
          "sha": {
            "animations": [
              "mangekyou"
            ],
            "transitions": [
              {
                "default": "query.all_animations_finished || !q.is_item_name_any('slot.armor.head',0,'mello:mangekyou_sasuke')"
              }
            ],
            "on_entry": [
              "/clear @s[tag=mangekyou_sasuke] mello:mangekyou_sasuke",
              "/effect @s[tag=!mangekyou_sasuke] speed 9999 3 true",
              "/effect @s[tag=!mangekyou_sasuke] strength 9999 0 true",
              "/tag @s[tag=!mangekyou_sasuke] add mangekyou_sasuke",
              "/clear @s mello:mangekyou_itachi_item",
              "/clear @s mello:mangekyou_shisui_item",
              "/clear @s mello:mangekyou_kakashi_item",
              "/clear @s mello:mangekyou_madara_item"
            ],
            "on_exit": [
              "/tag @s remove mangekyou_sasuke",
              "/clear @s mello:mangekyou_sasuke",
              "/effect @s clear"
            ]
          }
        }
      },




      "controller.animation.mangekyou_kakashi_item": {
        "initial_state": "default",
        "states": {
          "default": {
            "transitions": [
              {"a": "(query.get_equipped_item_name=='mangekyou_kakashi_item') && (query.is_using_item)"},
              {"sha": "q.is_item_name_any('slot.armor.head',0,'mello:mangekyou_kakashi')"}
            ]
          },
          "a": {
            "transitions": [
              {
                "default": "!query.is_using_item"
              }
            ],
            "on_entry": [
              "/replaceitem entity @s slot.armor.head 1 mello:mangekyou_kakashi 1 0 {\"item_lock\":{\"mode\":\"lock_in_slot\"},\"keep_on_death\":{}}"
            ]
          },
          "sha": {
            "animations": [
              "mangekyou"
            ],
            "transitions": [
              {
                "default": "query.all_animations_finished || !q.is_item_name_any('slot.armor.head',0,'mello:mangekyou_kakashi')"
              }
            ],
            "on_entry": [
              "/clear @s[tag=mangekyou_kakashi] mello:mangekyou_kakashi",
              "/effect @s[tag=!mangekyou_kakashi] speed 9999 3 true",
              "/effect @s[tag=!mangekyou_kakashi] strength 9999 0 true",
              "/tag @s[tag=!mangekyou_kakashi] add mangekyou_kakashi",
              "/clear @s mello:mangekyou_itachi_item",
              "/clear @s mello:mangekyou_shisui_item",
              "/clear @s mello:mangekyou_sasuke_item",
              "/clear @s mello:mangekyou_madara_item"
            ],
            "on_exit": [
              "/tag @s remove mangekyou_kakashi",
              "/clear @s mello:mangekyou_kakashi",
              "/effect @s clear"
            ]
          }
        }
      },




      "controller.animation.mangekyou_madara_item": {
        "initial_state": "default",
        "states": {
          "default": {
            "transitions": [
              {"a": "(query.get_equipped_item_name=='mangekyou_madara_item') && (query.is_using_item)"},
              {"sha": "q.is_item_name_any('slot.armor.head',0,'mello:mangekyou_madara')"}
            ]
          },
          "a": {
            "transitions": [
              {
                "default": "!query.is_using_item"
              }
            ],
            "on_entry": [
              "/replaceitem entity @s slot.armor.head 1 mello:mangekyou_madara 1 0 {\"item_lock\":{\"mode\":\"lock_in_slot\"},\"keep_on_death\":{}}"
            ]
          },
          "sha": {
            "animations": [
              "mangekyou"
            ],
            "transitions": [
              {
                "default": "query.all_animations_finished || !q.is_item_name_any('slot.armor.head',0,'mello:mangekyou_madara')"
              }
            ],
            "on_entry": [
              "/clear @s[tag=mangekyou_madara] mello:mangekyou_madara",
              "/effect @s[tag=!mangekyou_madara] speed 9999 3 true",
              "/effect @s[tag=!mangekyou_madara] strength 9999 0 true",
              "/tag @s[tag=!mangekyou_madara] add mangekyou_madara",
              "/clear @s mello:mangekyou_itachi_item",
              "/clear @s mello:mangekyou_shisui_item",
              "/clear @s mello:mangekyou_sasuke_item",
              "/clear @s mello:mangekyou_kakashi_item"
            ],
            "on_exit": [
              "/tag @s remove mangekyou_madara",
              "/clear @s mello:mangekyou_madara",
              "/effect @s clear"
            ]
          }
        }
      },




      "controller.animation.mangekyou_shisui_item": {
        "initial_state": "default",
        "states": {
          "default": {
            "transitions": [
              {"a": "(query.get_equipped_item_name=='mangekyou_shisui_item') && (query.is_using_item)"},
              {"sha": "q.is_item_name_any('slot.armor.head',0,'mello:mangekyou_shisui')"}
            ]
          },
          "a": {
            "transitions": [
              {
                "default": "!query.is_using_item"
              }
            ],
            "on_entry": [
              "/replaceitem entity @s slot.armor.head 1 mello:mangekyou_shisui 1 0 {\"item_lock\":{\"mode\":\"lock_in_slot\"},\"keep_on_death\":{}}"
            ]
          },
          "sha": {
            "animations": [
              "mangekyou"
            ],
            "transitions": [
              {
                "default": "query.all_animations_finished || !q.is_item_name_any('slot.armor.head',0,'mello:mangekyou_shisui')"
              }
            ],
            "on_entry": [
              "/clear @s[tag=mangekyou_shisui] mello:mangekyou_shisui",
              "/effect @s[tag=!mangekyou_shisui] speed 9999 3 true",
              "/effect @s[tag=!mangekyou_shisui] strength 9999 0 true",
              "/tag @s[tag=!mangekyou_shisui] add mangekyou_shisui",
              "/clear @s mello:mangekyou_itachi_item",
              "/clear @s mello:mangekyou_madara_item",
              "/clear @s mello:mangekyou_sasuke_item",
              "/clear @s mello:mangekyou_kakashi_item"
            ],
            "on_exit": [
              "/tag @s remove mangekyou_shisui",
              "/clear @s mello:mangekyou_shisui",
              "/effect @s clear"
            ]
          }
        }
      },




      "controller.animation.mangekyou_itachi_item": {
        "initial_state": "default",
        "states": {
          "default": {
            "transitions": [
              {"a": "(query.get_equipped_item_name=='mangekyou_itachi_item') && (query.is_using_item)"},
              {"sha": "q.is_item_name_any('slot.armor.head',0,'mello:mangekyou_itachi')"}
            ]
          },
          "a": {
            "transitions": [
              {
                "default": "!query.is_using_item"
              }
            ],
            "on_entry": [
              "/replaceitem entity @s slot.armor.head 1 mello:mangekyou_itachi 1 0 {\"item_lock\":{\"mode\":\"lock_in_slot\"},\"keep_on_death\":{}}"
            ]
          },
          "sha": {
            "animations": [
              "mangekyou"
            ],
            "transitions": [
              {
                "default": "query.all_animations_finished || !q.is_item_name_any('slot.armor.head',0,'mello:mangekyou_itachi')"
              }
            ],
            "on_entry": [
              "/clear @s[tag=mangekyou_itachi] mello:mangekyou_itachi",
              "/effect @s[tag=!mangekyou_itachi] speed 9999 3 true",
              "/effect @s[tag=!mangekyou_itachi] strength 9999 0 true",
              "/tag @s[tag=!mangekyou_itachi] add mangekyou_itachi",
              "/clear @s mello:mangekyou_shisui_item",
              "/clear @s mello:mangekyou_madara_item",
              "/clear @s mello:mangekyou_sasuke_item",
              "/clear @s mello:mangekyou_kakashi_item"
            ],
            "on_exit": [
              "/tag @s remove mangekyou_itachi",
              "/clear @s mello:mangekyou_itachi",
              "/effect @s clear"
            ]
          }
        }
      },




      "controller.animation.byakugan_item": {
        "initial_state": "default",
        "states": {
          "default": {
            "transitions": [
              {"a": "(query.get_equipped_item_name=='byakugan_item') && (query.is_using_item)"},
              {"sha": "q.is_item_name_any('slot.armor.head',0,'mello:byakugan')"}
            ]
          },
          "a": {
            "transitions": [
              {
                "default": "!query.is_using_item"
              }
            ],
            "on_entry": [
              "/replaceitem entity @s slot.armor.head 1 mello:byakugan 1 0 {\"item_lock\":{\"mode\":\"lock_in_slot\"},\"keep_on_death\":{}}"
            ]
          },
          "sha": {
            "animations": [
              "byakugan"
            ],
            "transitions": [
              {
                "default": "query.all_animations_finished || !q.is_item_name_any('slot.armor.head',0,'mello:byakugan')"
              }
            ],
            "on_entry": [
              "/clear @s[tag=byakugan] mello:byakugan",
              "/effect @s[tag=!byakugan] strength 9999 0 true",
              "/effect @s[tag=!byakugan] resistance 9999 0 true",
              "/tag @s[tag=!byakugan] add byakugan"
            ],
            "on_exit": [
              "/tag @s remove byakugan",
              "/clear @s mello:byakugan",
              "/effect @s clear"
            ]
          }
        }
      },




      "controller.animation.leao_gemeos_item": {
        "initial_state": "default",
        "states": {
          "default": {
            "transitions": [
              {"a": "(query.get_equipped_item_name=='leao_gemeos_item') && (query.is_using_item)"},
              {"sha": "q.is_item_name_any('slot.armor.head',0,'mello:leao_gemeos')"}
            ]
          },
          "a": {
            "transitions": [
              {
                "default": "!query.is_using_item"
              }
            ],
            "on_entry": [
              "/replaceitem entity @s slot.armor.head 1 mello:leao_gemeos 1 0 {\"item_lock\":{\"mode\":\"lock_in_slot\"},\"keep_on_death\":{}}"
            ]
          },
          "sha": {
            "animations": [
              "leao_gemeos"
            ],
            "transitions": [
              {
                "default": "query.all_animations_finished || !q.is_item_name_any('slot.armor.head',0,'mello:leao_gemeos')"
              }
            ],
            "on_entry": [
              "/clear @s[tag=leao_gemeos] mello:leao_gemeos",
              "/effect @s[tag=!leao_gemeos] strength 9999 1 true",
              "/effect @s[tag=!leao_gemeos] resistance 9999 0 true",
              "/tag @s[tag=!leao_gemeos] add leao_gemeos"
            ],
            "on_exit": [
              "/tag @s remove leao_gemeos",
              "/clear @s mello:leao_gemeos",
              "/effect @s clear"
            ]
          }
        }
      },





      "controller.animation.celulas_item": {
        "initial_state": "default",
        "states": {
          "default": {
            "transitions": [
              {"a": "(query.get_equipped_item_name=='celulas_item') && (query.is_using_item)"},
              {"sha": "q.is_item_name_any('slot.armor.chest',0,'mello:celulas')"}
            ]
          },
          "a": {
            "transitions": [
              {
                "default": "!query.is_using_item"
              }
            ],
            "on_entry": [
              "/replaceitem entity @s slot.armor.chest 1 mello:celulas 1 0 {\"item_lock\":{\"mode\":\"lock_in_slot\"},\"keep_on_death\":{}}",
              "/effect @s instant_health 30 0 true"
            ]
          },
          "sha": {
            "transitions": [
              {
                "default": "query.all_animations_finished || !q.is_item_name_any('slot.armor.chest',0,'mello:celulas')"
              }
            ]
          }
        }
      },




      "controller.animation.celulas_2_item": {
        "initial_state": "default",
        "states": {
          "default": {
            "transitions": [
              {"a": "(query.get_equipped_item_name=='celulas_2_item') && (query.is_using_item)"},
              {"sha": "q.is_item_name_any('slot.armor.chest',0,'mello:celulas_2')"}
            ]
          },
          "a": {
            "transitions": [
              {
                "default": "!query.is_using_item"
              }
            ],
            "on_entry": [
              "/replaceitem entity @s slot.armor.chest 1 mello:celulas_2 1 0 {\"item_lock\":{\"mode\":\"lock_in_slot\"},\"keep_on_death\":{}}",
              "/effect @s instant_health 30 0 true"
            ]
          },
          "sha": {
            "transitions": [
              {
                "default": "query.all_animations_finished || !q.is_item_name_any('slot.armor.chest',0,'mello:celulas_2')"
              }
            ]
          }
        }
      },




      "controller.animation.celulas_3_item": {
        "initial_state": "default",
        "states": {
          "default": {
            "transitions": [
              {"a": "(query.get_equipped_item_name=='celulas_3_item') && (query.is_using_item)"},
              {"sha": "q.is_item_name_any('slot.armor.chest',0,'mello:celulas_3')"}
            ]
          },
          "a": {
            "transitions": [
              {
                "default": "!query.is_using_item"
              }
            ],
            "on_entry": [
              "/replaceitem entity @s slot.armor.chest 1 mello:celulas_3 1 0 {\"item_lock\":{\"mode\":\"lock_in_slot\"},\"keep_on_death\":{}}",
              "/effect @s instant_health 30 0 true"
            ]
          },
          "sha": {
            "transitions": [
              {
                "default": "query.all_animations_finished || !q.is_item_name_any('slot.armor.chest',0,'mello:celulas_3')"
              }
            ]
          }
        }
      },



      "controller.animation.celulas_4_item": {
        "initial_state": "default",
        "states": {
          "default": {
            "transitions": [
              {"a": "(query.get_equipped_item_name=='celulas_4_item') && (query.is_using_item)"},
              {"sha": "q.is_item_name_any('slot.armor.chest',0,'mello:celulas_4')"}
            ]
          },
          "a": {
            "transitions": [
              {
                "default": "!query.is_using_item"
              }
            ],
            "on_entry": [
              "/replaceitem entity @s slot.armor.chest 1 mello:celulas_4 1 0 {\"item_lock\":{\"mode\":\"lock_in_slot\"},\"keep_on_death\":{}}",
              "/effect @s instant_health 30 0 true"
            ]
          },
          "sha": {
            "transitions": [
              {
                "default": "query.all_animations_finished || !q.is_item_name_any('slot.armor.chest',0,'mello:celulas_4')"
              }
            ]
          }
        }
      },




      "controller.animation.portao_item": {
        "initial_state": "default",
        "states": {
          "default": {
            "transitions": [
              {"a": "(query.get_equipped_item_name=='portao_item') && (query.is_using_item)"},
              {"sha": "q.is_item_name_any('slot.armor.head',0,'mello:portao')"}
            ]
          },
          "a": {
            "transitions": [
              {
                "default": "!query.is_using_item"
              }
            ],
            "on_entry": [
              "/replaceitem entity @s slot.armor.head 1 mello:portao 1 0 {\"item_lock\":{\"mode\":\"lock_in_slot\"},\"keep_on_death\":{}}"
            ]
          },
          "sha": {
            "animations": [
              "portao"
            ],
            "transitions": [
              {
                "default": "query.all_animations_finished || !q.is_item_name_any('slot.armor.head',0,'mello:portao')"
              }
            ],
            "on_entry": [
              "/clear @s[tag=portao] mello:portao",
              "/effect @s[tag=!portao] speed 9999 0 true",
              "/tag @s[tag=!portao] add portao"
            ],
            "on_exit": [
              "/tag @s remove portao",
              "/clear @s mello:portao",
              "/effect @s clear"
            ]
          }
        }
      },




      "controller.animation.portao_2_item": {
        "initial_state": "default",
        "states": {
          "default": {
            "transitions": [
              {"a": "(query.get_equipped_item_name=='portao_2_item') && (query.is_using_item)"},
              {"sha": "q.is_item_name_any('slot.armor.head',0,'mello:portao_2')"}
            ]
          },
          "a": {
            "transitions": [
              {
                "default": "!query.is_using_item"
              }
            ],
            "on_entry": [
              "/replaceitem entity @s slot.armor.head 1 mello:portao_2 1 0 {\"item_lock\":{\"mode\":\"lock_in_slot\"},\"keep_on_death\":{}}"
            ]
          },
          "sha": {
            "animations": [
              "portao"
            ],
            "transitions": [
              {
                "default": "query.all_animations_finished || !q.is_item_name_any('slot.armor.head',0,'mello:portao_2')"
              }
            ],
            "on_entry": [
              "/clear @s[tag=portao_2] mello:portao_2",
              "/effect @s[tag=!portao_2] speed 9999 2 true",
              "/tag @s[tag=!portao_2] add portao_2"
            ],
            "on_exit": [
              "/tag @s remove portao_2",
              "/clear @s mello:portao_2",
              "/effect @s clear"
            ]
          }
        }
      },




      "controller.animation.portao_3_item": {
        "initial_state": "default",
        "states": {
          "default": {
            "transitions": [
              {"a": "(query.get_equipped_item_name=='portao_3_item') && (query.is_using_item)"},
              {"sha": "q.is_item_name_any('slot.armor.head',0,'mello:portao_3')"}
            ]
          },
          "a": {
            "transitions": [
              {
                "default": "!query.is_using_item"
              }
            ],
            "on_entry": [
              "/replaceitem entity @s slot.armor.head 1 mello:portao_3 1 0 {\"item_lock\":{\"mode\":\"lock_in_slot\"},\"keep_on_death\":{}}"
            ]
          },
          "sha": {
            "animations": [
              "portao"
            ],
            "transitions": [
              {
                "default": "query.all_animations_finished || !q.is_item_name_any('slot.armor.head',0,'mello:portao_3')"
              }
            ],
            "on_entry": [
              "/clear @s[tag=portao_3] mello:portao_3",
              "/effect @s[tag=!portao_3] speed 9999 3 true",
              "/tag @s[tag=!portao_3] add portao_3"
            ],
            "on_exit": [
              "/tag @s remove portao_3",
              "/clear @s mello:portao_3",
              "/effect @s clear"
            ]
          }
        }
      },




      "controller.animation.portao_4_item": {
        "initial_state": "default",
        "states": {
          "default": {
            "transitions": [
              {"a": "(query.get_equipped_item_name=='portao_4_item') && (query.is_using_item)"},
              {"sha": "q.is_item_name_any('slot.armor.head',0,'mello:portao_4')"}
            ]
          },
          "a": {
            "transitions": [
              {
                "default": "!query.is_using_item"
              }
            ],
            "on_entry": [
              "/replaceitem entity @s slot.armor.head 1 mello:portao_4 1 0 {\"item_lock\":{\"mode\":\"lock_in_slot\"},\"keep_on_death\":{}}"
            ]
          },
          "sha": {
            "animations": [
              "portao"
            ],
            "transitions": [
              {
                "default": "query.all_animations_finished || !q.is_item_name_any('slot.armor.head',0,'mello:portao_4')"
              }
            ],
            "on_entry": [
              "/clear @s[tag=portao_4] mello:portao_4",
              "/effect @s[tag=!portao_4] speed 9999 3 true",
              "/effect @s[tag=!portao_4] strength 9999 0 true",
              "/tag @s[tag=!portao_4] add portao_4"
            ],
            "on_exit": [
              "/tag @s remove portao_4",
              "/clear @s mello:portao_4",
              "/effect @s clear"
            ]
          }
        }
      },




      "controller.animation.portao_5_item": {
        "initial_state": "default",
        "states": {
          "default": {
            "transitions": [
              {"a": "(query.get_equipped_item_name=='portao_5_item') && (query.is_using_item)"},
              {"sha": "q.is_item_name_any('slot.armor.head',0,'mello:portao_5')"}
            ]
          },
          "a": {
            "transitions": [
              {
                "default": "!query.is_using_item"
              }
            ],
            "on_entry": [
              "/replaceitem entity @s slot.armor.head 1 mello:portao_5 1 0 {\"item_lock\":{\"mode\":\"lock_in_slot\"},\"keep_on_death\":{}}"
            ]
          },
          "sha": {
            "animations": [
              "portao"
            ],
            "transitions": [
              {
                "default": "query.all_animations_finished || !q.is_item_name_any('slot.armor.head',0,'mello:portao_5')"
              }
            ],
            "on_entry": [
              "/clear @s[tag=portao_5] mello:portao_5",
              "/effect @s[tag=!portao_5] speed 9999 3 true",
              "/effect @s[tag=!portao_5] strength 9999 1 true",
              "/tag @s[tag=!portao_5] add portao_5"
            ],
            "on_exit": [
              "/tag @s remove portao_5",
              "/clear @s mello:portao_5",
              "/effect @s clear"
            ]
          }
        }
      },




      "controller.animation.portao_6_item": {
        "initial_state": "default",
        "states": {
          "default": {
            "transitions": [
              {"a": "(query.get_equipped_item_name=='portao_6_item') && (query.is_using_item)"},
              {"sha": "q.is_item_name_any('slot.armor.head',0,'mello:portao_6')"}
            ]
          },
          "a": {
            "transitions": [
              {
                "default": "!query.is_using_item"
              }
            ],
            "on_entry": [
              "/replaceitem entity @s slot.armor.head 1 mello:portao_6 1 0 {\"item_lock\":{\"mode\":\"lock_in_slot\"},\"keep_on_death\":{}}"
            ]
          },
          "sha": {
            "animations": [
              "portao"
            ],
            "transitions": [
              {
                "default": "query.all_animations_finished || !q.is_item_name_any('slot.armor.head',0,'mello:portao_6')"
              }
            ],
            "on_entry": [
              "/clear @s[tag=portao_6] mello:portao_6",
              "/effect @s[tag=!portao_6] speed 9999 3 true",
              "/effect @s[tag=!portao_6] strength 9999 2 true",
              "/tag @s[tag=!portao_6] add portao_6"
            ],
            "on_exit": [
              "/tag @s remove portao_6",
              "/clear @s mello:portao_6",
              "/effect @s clear"
            ]
          }
        }
      },




      "controller.animation.portao_7_item": {
        "initial_state": "default",
        "states": {
          "default": {
            "transitions": [
              {"a": "(query.get_equipped_item_name=='portao_7_item') && (query.is_using_item)"},
              {"sha": "q.is_item_name_any('slot.armor.head',0,'mello:portao_7')"}
            ]
          },
          "a": {
            "transitions": [
              {
                "default": "!query.is_using_item"
              }
            ],
            "on_entry": [
              "/replaceitem entity @s slot.armor.head 1 mello:portao_7 1 0 {\"item_lock\":{\"mode\":\"lock_in_slot\"},\"keep_on_death\":{}}"
            ]
          },
          "sha": {
            "animations": [
              "portao"
            ],
            "transitions": [
              {
                "default": "query.all_animations_finished || !q.is_item_name_any('slot.armor.head',0,'mello:portao_7')"
              }
            ],
            "on_entry": [
              "/clear @s[tag=portao_7] mello:portao_7",
              "/effect @s[tag=!portao_7] speed 9999 4 true",
              "/effect @s[tag=!portao_7] strength 9999 3 true",
              "/tag @s[tag=!portao_7] add portao_7"
            ],
            "on_exit": [
              "/tag @s remove portao_7",
              "/clear @s mello:portao_7",
              "/effect @s clear"
            ]
          }
        }
      },





      "controller.animation.portao_8_item": {
        "initial_state": "default",
        "states": {
          "default": {
            "transitions": [
              {"a": "(query.get_equipped_item_name=='portao_8_item') && (query.is_using_item)"},
              {"sha": "q.is_item_name_any('slot.armor.head',0,'mello:portao_8')"}
            ]
          },
          "a": {
            "transitions": [
              {
                "default": "!query.is_using_item"
              }
            ],
            "on_entry": [
              "/replaceitem entity @s slot.armor.head 1 mello:portao_8 1 0 {\"item_lock\":{\"mode\":\"lock_in_slot\"},\"keep_on_death\":{}}"
            ]
          },
          "sha": {
            "animations": [
              "portao"
            ],
            "transitions": [
              {
                "default": "query.all_animations_finished || !q.is_item_name_any('slot.armor.head',0,'mello:portao_8')"
              }
            ],
            "on_entry": [
              "/clear @s[tag=portao_8] mello:portao_8",
              "/effect @s[tag=!portao_8] speed 9999 5 true",
              "/effect @s[tag=!portao_8] strength 9999 5 true",
              "/tag @s[tag=!portao_8] add portao_8"
            ],
            "on_exit": [
              "/tag @s remove portao_8",
              "/clear @s mello:portao_8",
              "/effect @s clear"
            ]
          }
        }
      },




      "controller.animation.marca_maldicao_item": {
        "initial_state": "default",
        "states": {
          "default": {
            "transitions": [
              {"a": "(query.get_equipped_item_name=='marca_maldicao_item') && (query.is_using_item)"},
              {"sha": "q.is_item_name_any('slot.armor.head',0,'mello:marca_maldicao')"}
            ]
          },
          "a": {
            "transitions": [
              {
                "default": "!query.is_using_item"
              }
            ],
            "on_entry": [
              "/replaceitem entity @s slot.armor.head 1 mello:marca_maldicao 1 0 {\"item_lock\":{\"mode\":\"lock_in_slot\"},\"keep_on_death\":{}}"
            ]
          },
          "sha": {
            "animations": [
              "marca_maldicao"
            ],
            "transitions": [
              {
                "default": "query.all_animations_finished || !q.is_item_name_any('slot.armor.head',0,'mello:marca_maldicao')"
              }
            ],
            "on_entry": [
              "/clear @s[tag=marca_maldicao] mello:marca_maldicao",
              "/effect @s[tag=!marca_maldicao] strength 9999 0 true",
              "/tag @s[tag=!marca_maldicao] add marca_maldicao"
            ],
            "on_exit": [
              "/tag @s remove marca_maldicao",
              "/clear @s mello:marca_maldicao",
              "/effect @s clear"
            ]
          }
        }
      },




      "controller.animation.marca_maldicao_2_item": {
        "initial_state": "default",
        "states": {
          "default": {
            "transitions": [
              {"a": "(query.get_equipped_item_name=='marca_maldicao_2_item') && (query.is_using_item)"},
              {"sha": "q.is_item_name_any('slot.armor.head',0,'mello:marca_maldicao_2')"}
            ]
          },
          "a": {
            "transitions": [
              {
                "default": "!query.is_using_item"
              }
            ],
            "on_entry": [
              "/replaceitem entity @s slot.armor.head 1 mello:marca_maldicao_2 1 0 {\"item_lock\":{\"mode\":\"lock_in_slot\"},\"keep_on_death\":{}}"
            ]
          },
          "sha": {
            "animations": [
              "marca_maldicao"
            ],
            "transitions": [
              {
                "default": "query.all_animations_finished || !q.is_item_name_any('slot.armor.head',0,'mello:marca_maldicao_2')"
              }
            ],
            "on_entry": [
              "/clear @s[tag=marca_maldicao_2] mello:marca_maldicao_2",
              "/effect @s[tag=!marca_maldicao_2] resistance 9999 1 true",
              "/effect @s[tag=!marca_maldicao_2] strength 9999 2 true",
              "/tag @s[tag=!marca_maldicao_2] add marca_maldicao_2"
            ],
            "on_exit": [
              "/tag @s remove marca_maldicao_2",
              "/clear @s mello:marca_maldicao_2",
              "/effect @s clear"
            ]
          }
        }
      },



      "controller.animation.modo_sabio_sapos_item": {
        "initial_state": "default",
        "states": {
          "default": {
            "transitions": [
              {"a": "(query.get_equipped_item_name=='modo_sabio_sapos_item') && (query.is_using_item)"},
              {"sha": "q.is_item_name_any('slot.armor.head',0,'mello:modo_sabio_sapos')"}
            ]
          },
          "a": {
            "transitions": [
              {
                "default": "!query.is_using_item"
              }
            ],
            "on_entry": [
              "/replaceitem entity @s slot.armor.head 1 mello:modo_sabio_sapos 1 0 {\"item_lock\":{\"mode\":\"lock_in_slot\"},\"keep_on_death\":{}}"
            ]
          },
          "sha": {
            "animations": [
              "modo_sabio_sapos"
            ],
            "transitions": [
              {
                "default": "query.all_animations_finished || !q.is_item_name_any('slot.armor.head',0,'mello:modo_sabio_sapos')"
              }
            ],
            "on_entry": [
              "/clear @s[tag=modo_sabio_sapos] mello:modo_sabio_sapos",
              "/effect @s[tag=!modo_sabio_sapos] resistance 9999 1 true",
              "/effect @s[tag=!modo_sabio_sapos] strength 9999 1 true",
              "/tag @s[tag=!modo_sabio_sapos] add modo_sabio_sapos"
            ],
            "on_exit": [
              "/tag @s remove modo_sabio_sapos",
              "/clear @s mello:modo_sabio_sapos",
              "/effect @s clear"
            ]
          }
        }
      },




      "controller.animation.modo_sabio_sapos_2_item": {
        "initial_state": "default",
        "states": {
          "default": {
            "transitions": [
              {"a": "(query.get_equipped_item_name=='modo_sabio_sapos_2_item') && (query.is_using_item)"},
              {"sha": "q.is_item_name_any('slot.armor.head',0,'mello:modo_sabio_sapos_2')"}
            ]
          },
          "a": {
            "transitions": [
              {
                "default": "!query.is_using_item"
              }
            ],
            "on_entry": [
              "/replaceitem entity @s slot.armor.head 1 mello:modo_sabio_sapos_2 1 0 {\"item_lock\":{\"mode\":\"lock_in_slot\"},\"keep_on_death\":{}}"
            ]
          },
          "sha": {
            "animations": [
              "modo_sabio_sapos"
            ],
            "transitions": [
              {
                "default": "query.all_animations_finished || !q.is_item_name_any('slot.armor.head',0,'mello:modo_sabio_sapos_2')"
              }
            ],
            "on_entry": [
              "/clear @s[tag=modo_sabio_sapos_2] mello:modo_sabio_sapos_2",
              "/effect @s[tag=!modo_sabio_sapos_2] speed 9999 1 true",
              "/effect @s[tag=!modo_sabio_sapos_2] resistance 9999 1 true",
              "/effect @s[tag=!modo_sabio_sapos_2] strength 9999 2 true",
              "/tag @s[tag=!modo_sabio_sapos_2] add modo_sabio_sapos_2"
            ],
            "on_exit": [
              "/tag @s remove modo_sabio_sapos_2",
              "/clear @s mello:modo_sabio_sapos_2",
              "/effect @s clear"
            ]
          }
        }
      }
    }
  }

