{
  "format_version": "1.10.0",
  "animation_controllers": {
    "controller.animation.palma_ar": {
      "states": {
        "default": {
          "transitions": [
            {
              "walking": "(1.0)"
            }
          ],
          "on_entry": [
                        "/particle mello:palma_ar ~~~",
                        "/scoreboard objectives add kill dummy kill",
                        "/scoreboard players add @e[family=palma_ar] kill 1",
                        "/kill @e[family=palma_ar,scores={kill=500..}]"
          ]
        },
        "walking": {
          "transitions": [
            {
              "default": "(1.0)"
            }
          ],
          "on_entry": [
                        "/particle mello:palma_ar ~~~",
                        "/scoreboard objectives add kill dummy kill",
                        "/scoreboard players add @e[family=palma_ar] kill 1",
                        "/kill @e[family=palma_ar,scores={kill=500..}]"
          ]
        }
      }
    }
  }
}
