{
    "format_version": "1.10.0",
    "animation_controllers": {
      "controller.animation.pulo_boss": {
        "states": {
          "default": {
            "transitions": [
              {
                "jump3": "query.has_target && query.is_alive"
              }
            ]
          },
          "jump3": {
            "animations": [
              "pulo_boss_animation"
              
              ],
            "transitions": [
              {"default":"variable.time = (variable.time ?? 0);variable.time = variable.time < 150 ? variable.time + 1:0;return variable.time == 0;"}
            ],
            "on_entry": [
              ""
            ]
            }
        }
      }
    }
  }