{
  "format_version": "1.10.0",
  "animation_controllers": {
    "controller.animation.susanoo_defesa": {
      "states": {
        "default": {
          "transitions": [
            { "1": "query.is_item_name_any('slot.armor.head', 'mello:mangekyou_sasuke') && query.is_sneaking" },

            { "2": "query.is_item_name_any('slot.armor.head', 'mello:mangekyou_itachi') && query.is_sneaking" },

            { "3": "query.is_item_name_any('slot.armor.head', 'mello:mangekyou_madara') && query.is_sneaking" },

            { "4": "query.is_item_name_any('slot.armor.head', 'mello:mangekyou_kakashi') && query.is_sneaking" },

            { "5": "query.is_item_name_any('slot.armor.head', 'mello:mangekyou_shisui') && query.is_sneaking" }
          
         
            
           ]
        },
        "1": {
          "on_entry": [
            "/effect @s resistance 1 3 true"
        
          ],
          "transitions": [
            {
              "default": "query.is_sneaking"
            }
           ]
          },

          "2": {
            "on_entry": [
              "/effect @s resistance 1 3 true"
            ],
            "transitions": [
              {
                "default": "query.is_sneaking"
            }
           ]
          },

          "3": {
          "on_entry": [
            "/effect @s resistance 1 3 true"
          ],
          "transitions": [
            {
              "default": "query.is_sneaking"
            }
           ]
          },

          "4": {
            "on_entry": [
              "/effect @s resistance 1 3 true"
            ],
            "transitions": [
              {
                "default": "query.is_sneaking"
            }
           ]
          },
          
          "5": {
            "on_entry": [
              "/effect @s resistance 1 3 true"
            ],
            "transitions": [
              {
                "default": "query.is_sneaking"
            }
          ]
        }       
      }
    }
  }
}
