{
  "format_version": "1.10.0",
  "animation_controllers": {
    "controller.animation.trigramas": {
      "states": {
        "default": {
          "transitions": [
            { "no_attack": "query.get_equipped_item_name=='trigramas' && query.is_using_item"}
          ]
        },
        "no_attack": {
          "animations": ["trigramas_animation"],
        "transitions": [
          {
            "default": "query.all_animations_finished"
          }
        ]
        }
      }
    }
  }
}