{
  "format_version": "1.8.0",
  "render_controllers": {
    "controller.render.all": {
      "geometry": "Geometry.default",
      "materials": [ { "*": "Material.default" } ],
      "textures": [ "Texture.default" ]
    },
    "controller.render.all2": {
      "geometry": "Geometry.default2",
      "materials": [ { "*": "Material.default2" } ],
      "textures": [ "Texture.default2" ]
    },
    "controller.render.all3": {
      "geometry": "Geometry.default3",
      "materials": [ { "*": "Material.default3" } ],
      "textures": [ "Texture.default3" ]
    },
    "controller.render.all4": {
      "geometry": "Geometry.default4",
      "materials": [ { "*": "Material.default4" } ],
      "textures": [ "Texture.default4" ]
    },
    "controller.render.all5": {
      "geometry": "Geometry.default5",
      "materials": [ { "*": "Material.default5" } ],
      "textures": [ "Texture.default5" ]
    },
    "controller.render.size_long": {
      "geometry": "Geometry.default",
      "materials": [ { "*": "Material.default" } ],
      "textures": [ "query.variant == 3 ? Texture.default2 : (query.variant == 4 ? Texture.default3 : Texture.default)" ],
      "part_visibility": [
        { "*": false },
        { "grass": "query.variant == 1" },
        { "stone": "query.variant == 2" },
        { "arrow": "query.variant == 3" },
        { "sword": "query.variant == 4" }
      ]
    },
    "controller.render.zero_gravity_long": {
      "geometry": "Geometry.default",
      "materials": [ { "*": "Material.default" } ],
      "textures": [ "query.variant == 4 ? Texture.default3 : (query.variant == 3 ? Texture.default2 : Texture.default)" ],
      "part_visibility": [
        { "*": false },
        { "grass": "query.variant == 1" },
        { "stone": "query.variant == 2" },
        { "sand": "query.variant == 3" },
        { "wood": "query.variant == 4" }
      ]
    }
  }
}