{
  "format_version": "1.8.0",
  "render_controllers": {
    "controller.render.black_whip": {
      "geometry": "Geometry.black_whip_grab",
      "materials": [ { "*": "Material.default" } ],
      "textures": [ "Texture.black_whip" ],
      "part_visibility": [
        {"*": "query.get_equipped_item_name=='quirk_black_whip' && query.property('wesl3y:skill') == 1"}
      ]
    },
    "controller.render.dark_shadow": {
      "geometry": "query.variant == 3 ? Geometry.ragnarok_shadow : (query.variant == 2 ? Geometry.black_ankh : Geometry.dark_shadow)",
      "materials": [ { "*": "Material.default" } ],
      "textures": [ "query.variant == 3 ? Texture.ragnarok_shadow : Texture.dark_shadow" ],
      "part_visibility": [
        {"*": "query.variant >= 1 && query.variant <= 3"},
        {"rightArm": "query.variant == 2"},
        {"rightArm2": "query.variant == 2"},
        {"leftArm": "query.variant == 2"},
        {"leftArm2": "query.variant == 2"}
      ]
    },
    "controller.render.dark_shadow.fist_person": {
      "geometry": "query.variant == 2 ? Geometry.black_ankh : Geometry.dark_shadow",
      "materials": [ { "*": "Material.default" } ],
      "textures": [ "query.variant == 3 ? Texture.ragnarok_shadow : Texture.dark_shadow" ],
      "part_visibility": [
        {"*": "query.variant >= 1 && query.variant <= 3"},
        {"rightArm": "query.variant == 2 && (query.equipped_item_any_tag('slot.wapon.mainhand', 'arm') || query.get_equipped_item_name=='')"},
        {"rightArm2": "query.variant == 2 && (query.equipped_item_any_tag('slot.wapon.mainhand', 'arm') || query.get_equipped_item_name=='')"},
        {"leftArm": "query.variant == 2 && (query.equipped_item_any_tag('slot.wapon.mainhand', 'arm') || query.get_equipped_item_name=='')"},
        {"leftArm2": "query.variant == 2 && (query.equipped_item_any_tag('slot.wapon.mainhand', 'arm') || query.get_equipped_item_name=='')"}
      ]
    },
    "controller.render.fierce_wings": {
      "geometry": "Geometry.fierce_wings",
      "materials": [ { "*": "Material.default" } ],
      "textures": [ "Texture.fierce_wings" ],
      "part_visibility": [
        {"*": "query.is_item_name_any('slot.armor.head', 0, 'wesl3y:quirk_fierce_wings')"}
      ]
    },
    "controller.render.feather_sword": {
      "geometry": "Geometry.feather_sword",
      "materials": [ { "*": "Material.default" } ],
      "textures": [ "Texture.feather_sword" ],
      "part_visibility": [
        {"*": "query.get_equipped_item_name=='quirk_fierce_wings2' && query.property('wesl3y:skill') == 3"}
      ]
    },
    "controller.render.ice": {
      "geometry": "Geometry.ice",
      "materials": [ { "*": "Material.default" } ],
      "textures": [ "Texture.ice" ],
      "part_visibility": [
        { "*": false },
        { "rightArm": "query.get_equipped_item_name=='quirk_halfcold_halfhot' || query.get_equipped_item_name=='quirk_ice'" },
        { "rightArm2": "query.get_equipped_item_name=='quirk_halfcold_halfhot' || query.get_equipped_item_name=='quirk_ice'" },
        { "leftArm": "query.get_equipped_item_name=='quirk_ice'" },
        { "leftArm2": "query.get_equipped_item_name=='quirk_ice'" }
      ]
    },
    "controller.render.ice_arms": {
      "geometry": "Geometry.ice_arms",
      "materials": [ { "*": "Material.default" } ],
      "textures": [ "Texture.ice_arms" ],
      "part_visibility": [
        {"*": "query.get_equipped_item_name=='quirk_ice' && query.property('wesl3y:skill') == 3"}
      ]
    },
    "controller.render.halfhot": {
      "arrays": {
        "textures": {
          "Array.frame": [
            "Texture.hell_flame1",
            "Texture.hell_flame2",
            "Texture.hell_flame3"
          ]
        }
      },
      "geometry": "Geometry.hell_flame",
      "materials": [ { "*": "Material.default" } ],
      "textures": ["Array.frame[(query.anim_time * 6)]"],
      "part_visibility": [
        { "*": false },
        { "leftArm": "query.get_equipped_item_name=='quirk_halfcold_halfhot'" },
        { "leftArm2": "query.get_equipped_item_name=='quirk_halfcold_halfhot'" }
      ],
      "light_color_multiplier": 1.1,
      "ignore_lighting" : true
    },
    "controller.render.hell_flame": {
      "arrays": {
        "textures": {
          "Array.frame": [
            "Texture.hell_flame1",
            "Texture.hell_flame2",
            "Texture.hell_flame3"
          ]
        }
      },
      "geometry": "Geometry.hell_flame",
      "materials": [ { "*": "Material.default" } ],
      "textures": ["Array.frame[(query.anim_time * 9)]"],
      "part_visibility": [
        { "*": "query.get_equipped_item_name=='quirk_hell_flame'" },
        { "head": "variable.is_third_person && query.get_equipped_item_name=='quirk_hell_flame' && query.is_item_name_any('slot.armor.chest', 0, 'wesl3y:endeavor_suit')" },
        { "rightArm2": "query.get_equipped_item_name=='quirk_hell_flame' && !query.is_item_name_any('slot.armor.chest', 0, 'wesl3y:endeavor_suit')" },
        { "leftArm2": "query.get_equipped_item_name=='quirk_hell_flame' && !query.is_item_name_any('slot.armor.chest', 0, 'wesl3y:endeavor_suit')" }
      ],
      "light_color_multiplier": 1.1,
      "ignore_lighting" : true
    },
    "controller.render.hell_flame_wings": {
      "geometry": "Geometry.hell_flame_wings",
      "materials": [ { "*": "Material.default" } ],
      "textures": [ "Texture.hell_flame_wings" ],
      "part_visibility": [
        {"*": "query.is_riding && (query.get_ride -> query.owner_identifier) == 'wesl3y:hell_flame_wings_ride' && variable.is_third_person"}
      ],
      "light_color_multiplier": 1.2,
      "ignore_lighting" : true
    },
    "controller.render.hell_flame_ignited_arrow": {
      "geometry": "Geometry.hell_flame_ignited_arrow",
      "materials": [ { "*": "Material.default" } ],
      "textures": [ "Texture.hell_flame_ignited_arrow" ],
      "part_visibility": [
        {"*": "query.get_equipped_item_name == 'quirk_hell_flame' && query.property('wesl3y:skill') == 3"}
      ],
      "light_color_multiplier": 1.2,
      "ignore_lighting" : true
    },
    "controller.render.muscle": {
      "geometry": "query.variant == 6 ? Geometry.muscle_all : Geometry.muscle_body",
      "materials": [ { "*": "Material.default" } ],
      "textures": [ "Texture.muscle" ],
      "part_visibility": [
        {"*": "(query.variant == 4 || query.variant == 5 || query.variant == 6)"},
        {"body": "(query.variant == 5 || query.variant == 6) && !variable.is_first_person"}
      ]
    },
    "controller.render.one_for_all": {
      "geometry": "Geometry.one_for_all",
      "materials": [ { "*": "Material.alphablend" }, { "rightOfa": "Material.charged" } ],
      "textures": [ "Texture.one_for_all" ],
      "part_visibility": [
        {"head": "query.variant == 17 && variable.is_third_person"},
        {"body": "query.variant == 16 || query.variant == 17 && variable.is_third_person"},
        {"rightArm": "query.variant == 16 || query.variant == 17"},
        {"rightArm2": "(query.get_equipped_item_name=='quirk_one_for_all' && (query.property('wesl3y:skill') == 2 || query.property('wesl3y:skill') == 3 || query.property('wesl3y:skill') == 5)) || query.variant == 16 || query.variant == 17"},
        {"rightOfa": "query.variant >= 10 && query.variant <= 17 && (query.get_equipped_item_name=='quirk_one_for_all' && (query.property('wesl3y:skill') == 2 || query.property('wesl3y:skill') == 3 || query.property('wesl3y:skill') == 5))"},
        {"leftArm": "query.variant == 16 || query.variant == 17"},
        {"leftArm2": "query.variant == 16 || query.variant == 17"},
        {"rightLeg": "query.variant == 16 || query.variant == 17"},
        {"rightLeg2": "query.variant == 16 || query.variant == 17"},
        {"leftLeg": "query.variant== 16 || query.variant == 17"},
        {"leftLeg2": "query.property('wesl3y:skill') == 3 && query.get_equipped_item_name=='quirk_one_for_all' || query.variant == 16 || query.variant == 17"}
      ],
      "light_color_multiplier": 1.2,
      "ignore_lighting" : true
    },
    "controller.render.one_for_all2": {
      "geometry": "geometry.one_for_all2",
      "materials": [ { "*": "material.test" } ],
      "textures": [ "texture.transparent" ],
      "overlay_color": {
        "r": 0.0,
        "g": 0.7,
        "b": 0.7,
        "a": 0.5
      },
      "part_visibility": [
        {"*": "query.variant == 16 && variable.is_third_person"},
        {"rightArm": "query.variant == 17"},
        {"rightArm2": "query.variant == 17"}
      ]
    },
    "controller.render.one_for_all.first_person": {
      "geometry": "Geometry.one_for_all",
      "materials": [ { "*": "Material.default" } ],
      "textures": [ "Texture.one_for_all" ],
      "part_visibility": [
        {"*": false},
        {"rightArm": "(query.variant == 16 || query.variant == 17) && (query.equipped_item_any_tag('slot.wapon.mainhand', 'arm') || query.get_equipped_item_name=='')"},
        {"rightArm2": "((query.property('wesl3y:skill') == 1 || query.property('wesl3y:skill') == 2 || query.property('wesl3y:skill') == 4) && query.get_equipped_item_name=='quirk_one_for_all' || query.variant == 16 || query.variant == 17) && (query.equipped_item_any_tag('slot.wapon.mainhand', 'arm') || query.get_equipped_item_name=='')"}
      ],
      "light_color_multiplier": 1.2,
      "ignore_lighting" : true
    },
    "controller.render.rabbit": {
      "geometry": "Geometry.rabbit",
      "materials": [ { "*": "Material.default" } ],
      "textures": [ "Texture.rabbit" ],
      "part_visibility": [
        {"*": "query.is_item_name_any('slot.armor.head', 0, 'wesl3y:quirk_rabbit')"}
      ]
    },
    "controller.render.size_quirk": {
      "geometry": "Geometry.size_player",
      "materials": [ { "*": "Material.default" } ],
      "textures": [ "query.property('wesl3y:skill') == 3 ? Texture.size_player2 : (q.property('wesl3y:skill') == 4 ? Texture.size_player3 : Texture.size_player)" ],
      "part_visibility": [
        { "*": false },
        { "grass": "query.property('wesl3y:skill') == 1 && query.get_equipped_item_name=='quirk_size'" },
        { "stone": "query.property('wesl3y:skill') == 2 && query.get_equipped_item_name=='quirk_size'" },
        { "arrow": "query.property('wesl3y:skill') == 3 && query.get_equipped_item_name=='quirk_size'" },
        { "sword": "query.property('wesl3y:skill') == 4 && query.get_equipped_item_name=='quirk_size'" }
      ]
    }
  }
}