{
	"format_version": "1.12.0",
	"minecraft:geometry": [
		{
			"description": {
				"identifier": "geometry.all_might",
				"texture_width": 64,
				"texture_height": 64,
				"visible_bounds_width": 3,
				"visible_bounds_height": 5.5,
				"visible_bounds_offset": [0, 1.25, 0]
			},
			"bones": [
				{
					"name": "root",
					"pivot": [0, 0, 0]
				},
				{
					"name": "waist",
					"parent": "root",
					"pivot": [0, 12, 0]
				},
				{
					"name": "body",
					"parent": "waist",
					"pivot": [0, 24, 0],
					"cubes": [
						{
							"origin": [-3.75, 12, -1.75],
							"size": [7.5, 6, 3.5],
							"uv": {
								"north": {"uv": [20, 26], "uv_size": [8, 6]},
								"east": {"uv": [16, 26], "uv_size": [4, 6]},
								"south": {"uv": [32, 26], "uv_size": [8, 6]},
								"west": {"uv": [28, 26], "uv_size": [4, 6]},
								"up": {"uv": [20, 22], "uv_size": [8, 4]},
								"down": {"uv": [28, 20], "uv_size": [8, -4]}
							}
						},
						{
							"origin": [-4.5, 18, -2.5],
							"size": [9, 6.5, 5],
							"uv": {
								"north": {"uv": [20, 20], "uv_size": [8, 6]},
								"east": {"uv": [16, 20], "uv_size": [4, 6]},
								"south": {"uv": [32, 20], "uv_size": [8, 6]},
								"west": {"uv": [28, 20], "uv_size": [4, 6]},
								"up": {"uv": [20, 16], "uv_size": [8, 4]},
								"down": {"uv": [20, 26], "uv_size": [8, 3]}
							}
						},
						{
							"origin": [-4, 11.5, -2],
							"size": [8, 2, 4],
							"inflate": 0.1,
							"uv": {
								"north": {"uv": [2, 37], "uv_size": [6, 2.5]},
								"east": {"uv": [0, 37], "uv_size": [2, 2.5]},
								"south": {"uv": [10, 37], "uv_size": [6, 2.5]},
								"west": {"uv": [8, 37], "uv_size": [2, 2.5]},
								"up": {"uv": [2, 35], "uv_size": [6, 2]},
								"down": {"uv": [8, 37], "uv_size": [6, -2]}
							}
						}
					]
				},
				{
					"name": "head",
					"parent": "body",
					"pivot": [0, 24, 0],
					"cubes": [
						{
							"origin": [-3.5, 24.5, -3.5],
							"size": [7, 7, 7],
							"uv": {
								"north": {"uv": [8, 8], "uv_size": [8, 8]},
								"east": {"uv": [0, 8], "uv_size": [8, 8]},
								"south": {"uv": [24, 8], "uv_size": [8, 8]},
								"west": {"uv": [16, 8], "uv_size": [8, 8]},
								"up": {"uv": [16, 8], "uv_size": [-8, -8]},
								"down": {"uv": [24, 8], "uv_size": [-8, -8]}
							}
						},
						{
							"origin": [-3.5, 31.5, -3.5],
							"size": [3, 4, 0],
							"pivot": [-0.5, 31.5, -3.5],
							"rotation": [0, 0, -12.5],
							"uv": {
								"north": {"uv": [0, 0], "uv_size": [3, 4]},
								"east": {"uv": [56, 0], "uv_size": [8, 8]},
								"south": {"uv": [56, 0], "uv_size": [8, 8]},
								"west": {"uv": [56, 0], "uv_size": [8, 8]},
								"up": {"uv": [64, 8], "uv_size": [-8, -8]},
								"down": {"uv": [64, 8], "uv_size": [-8, -8]}
							}
						},
						{
							"origin": [0.5, 31.5, -3.5],
							"size": [3, 4, 0],
							"pivot": [0.5, 31.5, -3.5],
							"rotation": [0, 0, 12.5],
							"uv": {
								"north": {"uv": [3, 0], "uv_size": [-3, 4]},
								"east": {"uv": [64, 0], "uv_size": [-8, 8]},
								"south": {"uv": [64, 0], "uv_size": [-8, 8]},
								"west": {"uv": [64, 0], "uv_size": [-8, 8]},
								"up": {"uv": [56, 8], "uv_size": [8, -8]},
								"down": {"uv": [56, 8], "uv_size": [8, -8]}
							}
						}
					]
				},
				{
					"name": "rightArm",
					"parent": "body",
					"pivot": [-5.5, 22.5, 0],
					"cubes": [
						{
							"origin": [-8.25, 18, -1.5],
							"size": [3.5, 2.5, 3.5],
							"uv": {
								"north": {"uv": [44, 24], "uv_size": [4, 2]},
								"east": {"uv": [40, 24], "uv_size": [4, 2]},
								"south": {"uv": [52, 24], "uv_size": [4, 2]},
								"west": {"uv": [48, 24], "uv_size": [4, 2]},
								"up": {"uv": [44, 22], "uv_size": [4, 4]},
								"down": {"uv": [44, 26], "uv_size": [4, -2]}
							}
						},
						{
							"origin": [-8.5, 20.5, -2],
							"size": [4, 4, 4],
							"uv": {
								"north": {"uv": [44, 20], "uv_size": [4, 4]},
								"east": {"uv": [40, 20], "uv_size": [4, 4]},
								"south": {"uv": [52, 20], "uv_size": [4, 4]},
								"west": {"uv": [48, 20], "uv_size": [4, 4]},
								"up": {"uv": [44, 16], "uv_size": [4, 4]},
								"down": {"uv": [44, 24], "uv_size": [4, -1]}
							}
						},
						{
							"origin": [-8.5, 11.5, -2],
							"size": [4, 6.5, 4],
							"uv": {
								"north": {"uv": [44, 26], "uv_size": [4, 6]},
								"east": {"uv": [40, 26], "uv_size": [4, 6]},
								"south": {"uv": [52, 26], "uv_size": [4, 6]},
								"west": {"uv": [48, 26], "uv_size": [4, 6]},
								"up": {"uv": [40, 21], "uv_size": [4, 4]},
								"down": {"uv": [48, 20], "uv_size": [4, -4]}
							}
						},
						{
							"origin": [-10.5, 16, 0],
							"size": [2, 4, 0],
							"uv": {
								"north": {"uv": [0.5, 44.5], "uv_size": [2, 4]},
								"east": {"uv": [60, 0], "uv_size": [4, 6]},
								"south": {"uv": [60, 0], "uv_size": [4, 6]},
								"west": {"uv": [60, 0], "uv_size": [4, 6]},
								"up": {"uv": [60, 0], "uv_size": [4, 1]},
								"down": {"uv": [60, 4], "uv_size": [4, -4]}
							}
						}
					]
				},
				{
					"name": "leftArm",
					"parent": "body",
					"pivot": [5.5, 22.5, 0],
					"cubes": [
						{
							"origin": [4.75, 18, -1.5],
							"size": [3.5, 2.5, 3.5],
							"uv": {
								"north": {"uv": [48, 24], "uv_size": [-4, 2]},
								"east": {"uv": [52, 24], "uv_size": [-4, 2]},
								"south": {"uv": [56, 24], "uv_size": [-4, 2]},
								"west": {"uv": [44, 24], "uv_size": [-4, 2]},
								"up": {"uv": [48, 22], "uv_size": [-4, 4]},
								"down": {"uv": [48, 26], "uv_size": [-4, -2]}
							}
						},
						{
							"origin": [4.5, 20.5, -2],
							"size": [4, 4, 4],
							"uv": {
								"north": {"uv": [48, 20], "uv_size": [-4, 4]},
								"east": {"uv": [52, 20], "uv_size": [-4, 4]},
								"south": {"uv": [56, 20], "uv_size": [-4, 4]},
								"west": {"uv": [44, 20], "uv_size": [-4, 4]},
								"up": {"uv": [48, 16], "uv_size": [-4, 4]},
								"down": {"uv": [48, 24], "uv_size": [-4, -1]}
							}
						},
						{
							"origin": [4.5, 11.5, -2],
							"size": [4, 6.5, 4],
							"uv": {
								"north": {"uv": [48, 26], "uv_size": [-4, 6]},
								"east": {"uv": [52, 26], "uv_size": [-4, 6]},
								"south": {"uv": [56, 26], "uv_size": [-4, 6]},
								"west": {"uv": [44, 26], "uv_size": [-4, 6]},
								"up": {"uv": [44, 21], "uv_size": [-4, 4]},
								"down": {"uv": [52, 20], "uv_size": [-4, -4]}
							}
						},
						{
							"origin": [8.5, 16, 0],
							"size": [2, 4, 0],
							"uv": {
								"north": {"uv": [2.5, 44.5], "uv_size": [-2, 4]},
								"east": {"uv": [64, 0], "uv_size": [-4, 6]},
								"south": {"uv": [64, 0], "uv_size": [-4, 6]},
								"west": {"uv": [64, 0], "uv_size": [-4, 6]},
								"up": {"uv": [64, 0], "uv_size": [-4, 1]},
								"down": {"uv": [64, 4], "uv_size": [-4, -4]}
							}
						}
					]
				},
				{
					"name": "rightleg",
					"parent": "root",
					"pivot": [-1.9, 12, 0],
					"cubes": [
						{
							"origin": [-4, 8, -2],
							"size": [4, 4, 4],
							"uv": {
								"north": {"uv": [4, 20], "uv_size": [4, 6]},
								"east": {"uv": [0, 20], "uv_size": [4, 6]},
								"south": {"uv": [12, 20], "uv_size": [4, 6]},
								"west": {"uv": [8, 20], "uv_size": [4, 6]},
								"up": {"uv": [4, 16], "uv_size": [4, 4]},
								"down": {"uv": [4, 26], "uv_size": [4, -1]}
							}
						},
						{
							"origin": [-4.25, 6, -2.25],
							"size": [4.5, 2, 4.5],
							"uv": {
								"north": {"uv": [4, 24], "uv_size": [4, 2]},
								"east": {"uv": [0, 24], "uv_size": [4, 2]},
								"south": {"uv": [12, 24], "uv_size": [4, 2]},
								"west": {"uv": [8, 24], "uv_size": [4, 2]},
								"up": {"uv": [4, 24], "uv_size": [4, 1]},
								"down": {"uv": [4, 26], "uv_size": [4, -1]}
							}
						},
						{
							"origin": [-4.25, 0, -4.75],
							"size": [4.5, 2, 2.5],
							"uv": {
								"north": {"uv": [8, 56], "uv_size": [-4, 2]},
								"east": {"uv": [12, 56], "uv_size": [-4, 2]},
								"south": {"uv": [16, 56], "uv_size": [-4, 2]},
								"west": {"uv": [4, 56], "uv_size": [-4, 2]},
								"up": {"uv": [8, 54], "uv_size": [-4, 2]},
								"down": {"uv": [12, 56], "uv_size": [-4, -2]}
							}
						},
						{
							"origin": [-4.25, 0, -2.25],
							"size": [4.5, 6, 4.5],
							"uv": {
								"north": {"uv": [4, 26], "uv_size": [4, 6]},
								"east": {"uv": [0, 26], "uv_size": [4, 6]},
								"south": {"uv": [12, 26], "uv_size": [4, 6]},
								"west": {"uv": [8, 26], "uv_size": [4, 6]},
								"up": {"uv": [4, 26], "uv_size": [4, 1]},
								"down": {"uv": [8, 20], "uv_size": [4, -4]}
							}
						}
					]
				},
				{
					"name": "leftleg",
					"parent": "root",
					"pivot": [1.9, 12, 0],
					"cubes": [
						{
							"origin": [0, 8, -2],
							"size": [4, 4, 4],
							"uv": {
								"north": {"uv": [8, 20], "uv_size": [-4, 6]},
								"east": {"uv": [12, 20], "uv_size": [-4, 6]},
								"south": {"uv": [16, 20], "uv_size": [-4, 6]},
								"west": {"uv": [4, 20], "uv_size": [-4, 6]},
								"up": {"uv": [8, 16], "uv_size": [-4, 4]},
								"down": {"uv": [8, 26], "uv_size": [-4, -1]}
							}
						},
						{
							"origin": [-0.25, 6, -2.25],
							"size": [4.5, 2, 4.5],
							"uv": {
								"north": {"uv": [8, 24], "uv_size": [-4, 2]},
								"east": {"uv": [12, 24], "uv_size": [-4, 2]},
								"south": {"uv": [16, 24], "uv_size": [-4, 2]},
								"west": {"uv": [4, 24], "uv_size": [-4, 2]},
								"up": {"uv": [8, 24], "uv_size": [-4, 1]},
								"down": {"uv": [8, 26], "uv_size": [-4, -1]}
							}
						},
						{
							"origin": [-0.25, 0, -4.75],
							"size": [4.5, 2, 2.5],
							"uv": {
								"north": {"uv": [4, 56], "uv_size": [4, 2]},
								"east": {"uv": [0, 56], "uv_size": [4, 2]},
								"south": {"uv": [12, 56], "uv_size": [4, 2]},
								"west": {"uv": [8, 56], "uv_size": [4, 2]},
								"up": {"uv": [4, 54], "uv_size": [4, 2]},
								"down": {"uv": [8, 56], "uv_size": [4, -2]}
							}
						},
						{
							"origin": [-0.25, 0, -2.25],
							"size": [4.5, 6, 4.5],
							"uv": {
								"north": {"uv": [8, 26], "uv_size": [-4, 6]},
								"east": {"uv": [12, 26], "uv_size": [-4, 6]},
								"south": {"uv": [16, 26], "uv_size": [-4, 6]},
								"west": {"uv": [4, 26], "uv_size": [-4, 6]},
								"up": {"uv": [8, 26], "uv_size": [-4, 1]},
								"down": {"uv": [12, 20], "uv_size": [-4, -4]}
							}
						}
					]
				}
			]
		}
	]
}