{
	"format_version": "1.12.0",
	"minecraft:geometry": [
		{
			"description": {
				"identifier": "geometry.nomu",
				"texture_width": 256,
				"texture_height": 256,
				"visible_bounds_width": 5,
				"visible_bounds_height": 6.5,
				"visible_bounds_offset": [0, 2.75, 0]
			},
			"bones": [
				{
					"name": "root",
					"pivot": [0, 0, 0]
				},
				{
					"name": "waist",
					"parent": "root",
					"pivot": [0, 37, 0]
				},
				{
					"name": "Body",
					"parent": "waist",
					"pivot": [0, 66, 0],
					"cubes": [
						{"origin": [-10, 51, -1], "size": [20, 5, 11], "pivot": [0, 53, 3], "rotation": [-10, 0, 0], "uv": [125, 15]},
						{"origin": [-11, 54, -5], "size": [22, 10, 17], "uv": [0, 0]},
						{"origin": [-5, 63, -1.5], "size": [10, 6, 10], "pivot": [0, 66.5, 4], "rotation": [-5, 0, 0], "uv": [164, 164]},
						{"origin": [0, 53, -7], "size": [12, 11, 5], "pivot": [6, 60.5, -4.5], "rotation": [0, -10, -5], "uv": [173, 51]},
						{"origin": [-12, 53, -7], "size": [12, 11, 5], "pivot": [-6, 60.5, -4.5], "rotation": [0, 10, 5], "uv": [41, 168]},
						{"origin": [-8, 44, -4], "size": [16, 10, 12], "uv": [128, 67]},
						{"origin": [-9, 37, -5], "size": [18, 7, 14], "uv": [2, 28]}
					]
				},
				{
					"name": "Head",
					"parent": "Body",
					"pivot": [0, 66, -2],
					"cubes": [
						{"origin": [-6, 61, -12], "size": [12, 8, 10], "uv": [143, 32]},
						{"origin": [-5, 63, -11], "size": [10, 8, 10], "inflate": 0.2, "uv": [0, 155]},
						{"origin": [-4.5, 71, -9], "size": [4, 1, 6], "inflate": 0.2, "uv": [5, 192]},
						{"origin": [0.5, 71, -9], "size": [4, 1, 6], "inflate": 0.2, "uv": [5, 192], "mirror": true},
						{"origin": [-5.5, 68.5, -10.5], "size": [2, 2, 3], "pivot": [-4.5, 69.5, -9], "rotation": [10.08453, -7.38542, -1.30962], "uv": [0, 192]},
						{"origin": [3.5, 68.5, -10.5], "size": [2, 2, 3], "pivot": [4.5, 69.5, -9], "rotation": [10.08453, 7.38542, 1.30962], "uv": [0, 192], "mirror": true},
						{"origin": [-5, 63, -11], "size": [10, 8, 10], "uv": [133, 155]},
						{"origin": [-2, 66, -22], "size": [4, 3, 12], "pivot": [0, 67.5, -15], "rotation": [12.5, 0, 0], "uv": [64, 173]}
					]
				},
				{
					"name": "bone2",
					"parent": "Head",
					"pivot": [0, 66, -12],
					"cubes": [
						{"origin": [-6, 65, -15], "size": [12, 3, 3], "uv": [121, 0]},
						{"origin": [-3, 64, -22], "size": [6, 3, 7], "inflate": -0.01, "uv": [0, 109]},
						{"origin": [-5, 64, -19], "size": [5, 3, 5], "pivot": [0, 64.5, -17.5], "rotation": [5.04292, -7.4713, -0.6574], "uv": [103, 74]},
						{"origin": [0, 64, -19], "size": [5, 3, 5], "pivot": [0, 64.5, -17.5], "rotation": [5.04292, 7.4713, 0.6574], "uv": [103, 74], "mirror": true},
						{"origin": [-3, 63, -22], "size": [6, 3, 7], "inflate": -0.09, "uv": [62, 0]},
						{"origin": [-5, 63, -19], "size": [5, 2, 5], "inflate": -0.09, "pivot": [0, 64.5, -17.5], "rotation": [5.04292, -7.4713, -0.6574], "uv": [68, 131]},
						{"origin": [0, 63, -19], "size": [5, 2, 5], "inflate": -0.09, "pivot": [0, 64.5, -17.5], "rotation": [5.04292, 7.4713, 0.6574], "uv": [47, 131]},
						{"origin": [-6, 64, -15], "size": [12, 2, 3], "inflate": -0.09, "uv": [76, 26]}
					]
				},
				{
					"name": "bone3",
					"parent": "Head",
					"pivot": [0, 64, -11],
					"cubes": [
						{"origin": [-4.5, 61, -18.5], "size": [5, 2, 5], "pivot": [0, 62, -17], "rotation": [0, -12.5, 0], "uv": [142, 7]},
						{"origin": [-6, 61, -15], "size": [12, 3, 4], "inflate": -0.05, "uv": [98, 32]},
						{"origin": [-3, 61, -22], "size": [6, 2, 4], "inflate": 0.02, "uv": [151, 0]},
						{"origin": [-4.5, 62, -18.5], "size": [5, 2, 5], "inflate": -0.1, "pivot": [0, 62, -17], "rotation": [0, -12.5, 0], "uv": [141, 90]},
						{"origin": [-0.5, 62, -18.5], "size": [5, 2, 5], "inflate": -0.1, "pivot": [0, 62, -17], "rotation": [0, 12.5, 0], "uv": [119, 69]},
						{"origin": [-0.5, 61, -18.5], "size": [5, 2, 5], "pivot": [0, 62, -17], "rotation": [0, 12.5, 0], "uv": [121, 7]},
						{"origin": [-3, 62, -22], "size": [6, 2, 4], "inflate": -0.1, "uv": [141, 98]},
						{"origin": [-6, 63, -15], "size": [12, 2, 4], "inflate": -0.1, "uv": [90, 67]}
					]
				},
				{
					"name": "RightArm",
					"parent": "Body",
					"pivot": [-14.5, 59, 3.5],
					"cubes": [
						{"origin": [-23, 41, -3], "size": [12, 21, 13], "uv": [38, 96]},
						{"origin": [-24, 54, -4], "size": [13, 10, 15], "pivot": [-17.5, 59, 3.5], "rotation": [0, 0, -10], "uv": [101, 41]}
					]
				},
				{
					"name": "RightForeArm",
					"parent": "RightArm",
					"pivot": [-17, 41, 6.5],
					"cubes": [
						{"origin": [-23, 20, -3], "size": [12, 21, 13], "inflate": 0.2, "uv": [90, 83]}
					]
				},
				{
					"name": "RightHand",
					"parent": "RightForeArm",
					"pivot": [-17, 20, 3.5],
					"cubes": [
						{"origin": [-23, 11, -3], "size": [12, 11, 13], "uv": [136, 130]}
					]
				},
				{
					"name": "LeftArm",
					"parent": "Body",
					"pivot": [14.5, 59, 3.5],
					"cubes": [
						{"origin": [11, 41, -3], "size": [12, 21, 13], "uv": [38, 96], "mirror": true},
						{"origin": [11, 54, -4], "size": [13, 10, 15], "pivot": [17.5, 59, 3.5], "rotation": [0, 0, 10], "uv": [101, 41], "mirror": true}
					]
				},
				{
					"name": "LeftForeArm",
					"parent": "LeftArm",
					"pivot": [17, 41, 6.5],
					"cubes": [
						{"origin": [11, 20, -3], "size": [12, 21, 13], "inflate": 0.2, "uv": [90, 83], "mirror": true}
					]
				},
				{
					"name": "LeftHand",
					"parent": "LeftForeArm",
					"pivot": [17, 20, 3.5],
					"cubes": [
						{"origin": [11, 11, -3], "size": [12, 11, 13], "uv": [136, 130], "mirror": true}
					]
				},
				{
					"name": "RightLeg",
					"parent": "root",
					"pivot": [-5, 37, 2],
					"cubes": [
						{"origin": [-10, 23, -4], "size": [10, 14, 11], "uv": [47, 142], "mirror": true}
					]
				},
				{
					"name": "RightLeg1",
					"parent": "RightLeg",
					"pivot": [-5, 24, -1.75],
					"cubes": [
						{"origin": [-11, 3, -3], "size": [12, 23, 11], "uv": [0, 120]},
						{"origin": [-11, 13, -4], "size": [12, 14, 3], "inflate": 0.3, "pivot": [-5, 20, -2.5], "rotation": [5, 0, 0], "uv": [174, 90]}
					]
				},
				{
					"name": "RightFeet",
					"parent": "RightLeg1",
					"pivot": [-5, 5.5, 3],
					"cubes": [
						{"origin": [-12, 0, -9], "size": [14, 5, 18], "uv": [51, 32]}
					]
				},
				{
					"name": "LeftLeg",
					"parent": "root",
					"pivot": [5, 37, 2],
					"cubes": [
						{"origin": [0, 23, -4], "size": [10, 14, 11], "uv": [47, 142]}
					]
				},
				{
					"name": "LeftLeg1",
					"parent": "LeftLeg",
					"pivot": [5, 24, -1.75],
					"cubes": [
						{"origin": [-1, 3, -3], "size": [12, 23, 11], "uv": [0, 120], "mirror": true},
						{"origin": [-1, 13, -4], "size": [12, 14, 3], "inflate": 0.3, "pivot": [5, 20, -2.5], "rotation": [5, 0, 0], "uv": [174, 90], "mirror": true}
					]
				},
				{
					"name": "LeftFeet",
					"parent": "LeftLeg1",
					"pivot": [5, 5.5, 3],
					"cubes": [
						{"origin": [-2, 0, -9], "size": [14, 5, 18], "uv": [51, 32], "mirror": true}
					]
				}
			]
		}
	]
}