{
	"format_version": "1.12.0",
	"minecraft:geometry": [
		{
			"description": {
				"identifier": "geometry.overhaul",
				"texture_width": 64,
				"texture_height": 64,
				"visible_bounds_width": 3,
				"visible_bounds_height": 3.5,
				"visible_bounds_offset": [0, 1.25, 0]
			},
			"bones": [
				{
					"name": "root",
					"pivot": [0, 0, 0]
				},
				{
					"name": "rightLeg",
					"parent": "root",
					"pivot": [-1.9, 12, 0],
					"cubes": [
						{"origin": [-4, 0, -2], "size": [4, 12, 4], "uv": [16, 32]}
					]
				},
				{
					"name": "leftLeg",
					"parent": "root",
					"pivot": [1.9, 12, 0],
					"cubes": [
						{"origin": [0, 0, -2], "size": [4, 12, 4], "uv": [32, 0]}
					]
				},
				{
					"name": "waist",
					"parent": "root",
					"pivot": [0, 12, 0]
				},
				{
					"name": "body",
					"parent": "waist",
					"pivot": [0, 24, 0],
					"cubes": [
						{"origin": [-4, 12, -2], "size": [8, 12, 4], "uv": [0, 16]},
						{"origin": [4, 24, -2.5], "size": [2, 2, 6.5], "uv": [0, 48]},
						{"origin": [4, 24, -2.5], "size": [2, 2, 6.5], "inflate": 0.25, "uv": [42, 42]},
						{"origin": [-6, 24, -2.5], "size": [2, 2, 6.5], "inflate": 0.25, "uv": [26, 42]},
						{"origin": [-6, 24, -2.5], "size": [2, 2, 6.5], "uv": [40, 23]},
						{"origin": [-6, 24, 4], "size": [12, 2, 1], "uv": [32, 39]},
						{"origin": [-6, 24, 4], "size": [12, 2, 1], "inflate": 0.25, "uv": [36, 16]},
						{"origin": [-4, 22, 2], "size": [8, 2, 2], "uv": [40, 19]},
						{"origin": [4, 24, -4], "size": [1.5, 1.5, 2], "pivot": [5, 25, -2], "rotation": [45, 0, 40], "uv": [44, 0]},
						{"origin": [4, 24, -4], "size": [1.5, 1.5, 2], "inflate": 0.25, "pivot": [5, 25, -2], "rotation": [45, 0, 40], "uv": [40, 26]},
						{"origin": [-5.5, 24, -4], "size": [1.5, 1.5, 2], "inflate": 0.25, "pivot": [-5, 25, -2], "rotation": [45, 0, -40], "uv": [40, 23]},
						{"origin": [-5.5, 24, -4], "size": [1.5, 1.5, 2], "pivot": [-5, 25, -2], "rotation": [45, 0, -40], "uv": [28, 32]},
						{"origin": [3.12326, 22.93553, -5.44315], "size": [1, 1, 2], "pivot": [4, 24, -3.5], "rotation": [102.5, 0, 40], "uv": [12, 32]},
						{"origin": [3.12326, 22.93553, -5.44315], "size": [1, 1, 2], "inflate": 0.25, "pivot": [4, 24, -3.5], "rotation": [102.5, 0, 40], "uv": [24, 4]},
						{"origin": [-4.12326, 22.93553, -5.44315], "size": [1, 1, 2], "inflate": 0.25, "pivot": [-4, 24, -3.5], "rotation": [102.5, 0, -40], "uv": [20, 16]},
						{"origin": [-4.12326, 22.93553, -5.44315], "size": [1, 1, 2], "pivot": [-4, 24, -3.5], "rotation": [102.5, 0, -40], "uv": [0, 3]},
						{"origin": [-4, 14.5, -2], "size": [8, 3, 4], "inflate": 0.25, "uv": [32, 32]}
					]
				},
				{
					"name": "leftArm",
					"parent": "body",
					"pivot": [5, 22, 0],
					"cubes": [
						{"origin": [4, 12, -2], "size": [4, 12, 4], "uv": [0, 32]},
						{"origin": [4, 16.5, -2], "size": [4, 3, 4], "inflate": 0.25, "uv": [48, 7]}
					]
				},
				{
					"name": "rightArm",
					"parent": "body",
					"pivot": [-5, 22, 0],
					"cubes": [
						{"origin": [-8, 12, -2], "size": [4, 12, 4], "uv": [24, 16]},
						{"origin": [-8, 16.5, -2], "size": [4, 3, 4], "inflate": 0.25, "uv": [48, 0]}
					]
				},
				{
					"name": "head",
					"parent": "body",
					"pivot": [0, 24, 0],
					"cubes": [
						{"origin": [-4, 24, -4], "size": [8, 8, 8], "uv": [0, 0]},
						{"origin": [-2, 24, -6], "size": [4, 3, 2], "uv": [36, 42]},
						{"origin": [-1.5, 24, -8], "size": [3, 2.5, 2], "pivot": [0, 26.5, -6], "rotation": [5, 0, 0], "uv": [24, 0]},
						{"origin": [-1, 23.82759, -8.94881], "size": [2, 2, 1], "pivot": [-1, 25.82759, -7.94881], "rotation": [10, 0, 0], "uv": [0, 0]}
					]
				}
			]
		}
	]
}