{
  "format_version": "1.10.0",
  "animation_controllers": {
    "controller.animation.magu1": {
      "states": {
        "default": {
          "transitions": [
            {
              "magma": "query.get_equipped_item_name == 'magma' && query.is_sneaking"
            },
            {
              "magmafloor": "query.get_equipped_item_name == 'magmafloor' && query.is_sneaking"
            },
            {
              "acepunch": "query.get_equipped_item_name == 'acepunch' && query.is_sneaking"
            },
            {
              "maguult": "query.get_equipped_item_name == 'maguult' && query.is_sneaking"
            },
            {
              "magufly": "query.get_equipped_item_name == 'magufly' && query.is_sneaking"
          
     

            }
          ]
        },
        "magma": {
          "on_exit": [
            "/clear @s stk:magma","/give @s stk:magmafloor 1 0 {\"minecraft:keep_on_death\":{},\"item_lock\":{\"mode\":\"lock_in_inventory\"}}"
          ],
          "transitions": [
            {
              "default": "!query.is_sneaking"
            }
          ]
        },
        "magmafloor": {
          "on_entry": [
            "/clear @s stk:magmafloor","/give @s stk:acepunch 1 0 {\"minecraft:keep_on_death\":{},\"item_lock\":{\"mode\":\"lock_in_inventory\"}}"
          ],
          "transitions": [
            {
              "default": "!query.is_sneaking"
            }
          ]
        },
        "acepunch": {
          "on_entry": [
            "/clear @s stk:acepunch","/give @s stk:maguult 1 0 {\"minecraft:keep_on_death\":{},\"item_lock\":{\"mode\":\"lock_in_inventory\"}}"
          ],
          "transitions": [
            {
              "default": "!query.is_sneaking"
            }
          ]
        },
        "maguult": {
          "on_entry": [
            "/clear @s stk:maguult","/give @s stk:magufly 1 0 {\"minecraft:keep_on_death\":{},\"item_lock\":{\"mode\":\"lock_in_inventory\"}}"
          ],
          "transitions": [
            {
              "default": "!query.is_sneaking"
            }
          ]
        },
        "magufly": {
          "on_entry": [
            "/clear @s stk:magufly","/give @s stk:magma 1 0 {\"minecraft:keep_on_death\":{},\"item_lock\":{\"mode\":\"lock_in_inventory\"}}"
          ],
          "transitions": [
            {
              "default": "!query.is_sneaking"



            }
          ]
        }
      }
    }
  }
}