{
  "format_version": "1.10.0",
  "animation_controllers": {
    "controller.animation.mera": {
      "states": {
        "default": {
          "on_entry": ["@s kkong"],
          "transitions": [
            {

              "hiken": "query.get_equipped_item_name == 'hiken' && query.is_using_item && query.is_alive && !query.is_sneaking"
            },
            {

              "hashibira": "query.get_equipped_item_name == 'hashibira' && query.is_using_item && query.is_alive && !query.is_sneaking"
 },
            {

              "fpillars": "query.get_equipped_item_name == 'fpillars' && query.is_using_item && query.is_alive && !query.is_sneaking"
            },
            {

              "entei": "query.get_equipped_item_name == 'entei' && query.is_using_item && query.is_alive && !query.is_sneaking"
        
            

            }
          ],
          "on_exit": ["@s Kkong"]
        },
        
        "hiken": {
          "on_entry": ["/tag @s add hikenhold","/tag @s add anim","/execute as @s at @s[scores={ene=20..}] run playsound mob.witch.throw @a[r=10]"],
          "transitions": [
            {
              "default": "(!query.is_using_item || !query.is_alive)"
            }
          ],
          "on_exit": ["/tag @s remove hikenhold","/tag @s remove anim","/execute as @s at @s[scores={ene=20..}] run event entity @s hiken","/scoreboard players add @s[scores={ene=20..}] fury 5","/execute as @s at @s[scores={ene=20..}] run playsound mob.blaze.shoot @a[r=10]","/execute as @s at @s[scores={ene=20..}] run playanimation @s animation.player.hiken","/scoreboard players remove @s[scores={ene=20..}] ene 20"]
        },
        
        "hashibira": {
          "on_entry": ["/tag @s add hashihold","/tag @s add anim","/execute as @s at @s[scores={ene=30..}] run playsound mob.witch.throw @a[r=10]"],
          "transitions": [
            {
              "default": "(!query.is_using_item || !query.is_alive)"
            }
          ],
          "on_exit": ["/tag @s remove hashihold",
          "/tp @s @s",
          
          "/camera @s[scores={ene=30..}] set minecraft:free ease 1 linear pos ^^10^-5 rot 60 ~",
         "/tag @s[scores={ene=30..}] add hashibira", 
          
          "/tag @s remove anim",
          
          "/execute as @s at @s[scores={ene=30..}] run summon stk:hashibira",
          
          "/scoreboard players add @s[scores={ene=30..}] fury 5",
          
          "/execute as @s at @s[scores={ene=30..}] run playsound mob.blaze.shoot @a[r=10]",
          
          "/execute as @s at @s[scores={ene=30..}] run playanimation @s animation.hashibira",
          
          "/scoreboard players remove @s[scores={ene=30..}] ene 30"]
        },
        
        "fpillars": {
          "on_entry": ["/tag @s add hashihold","/tag @s add anim","/execute as @s at @s[scores={ene=40..}] run playsound mob.witch.throw @a[r=10]"],
          "transitions": [
            {
              "default": "(!query.is_using_item || !query.is_alive)"
            }
          ],
          "on_exit": ["/tag @s remove hashihold",
          
          "/tag @s remove anim",
          
          "/execute as @s at @s[scores={ene=40..}] run summon stk:fpillars",
          
          "/scoreboard players add @s[scores={ene=40..}] fury 5",
          
          "/execute as @s at @s[scores={ene=40..}] run playsound mob.blaze.shoot @a[r=10]",
          
          "/execute as @s at @s[scores={ene=40..}] run playanimation @s animation.hashibira",
          
          "/scoreboard players remove @s[scores={ene=40..}] ene 40"]
        },
        
        "entei": {
          "on_entry": ["/tag @s add enteihold","/tag @s add anim","/execute as @s at @s[scores={ene=50..}] run event entity @s enteianim","/execute as @s at @s[scores={ene=50..}] run playsound mob.witch.throw @a[r=10]"],
          "transitions": [
            {
              "default": "(!query.is_using_item || !query.is_alive)"
            }
          ],
          "on_exit": [
              
              "/tag @s remove enteihold",
              "/tag @s remove anim",
          
          "/execute as @s at @s[scores={ene=50..}] run event entity @s enteianim.no",
          
          "/execute as @s at @s[scores={ene=50..}] run event entity @s entei",
          
          "/scoreboard players add @s[scores={ene=50..}] fury 5",
          
          "/execute as @s at @s[scores={ene=50..}] run playsound mob.blaze.shoot @a[r=10]",
          
          "/execute as @s at @s[scores={ene=50..}] run playanimation @s animation.entei",
          
          "/scoreboard players remove @s[scores={ene=50..}] ene 50"]
            }
          
        }
      }
    }
  }































































































































































































