{
  "format_version": "1.10.0",
  "animation_controllers": {
    "controller.animation.moku1": {
      "states": {
        "default": {
          "transitions": [
            {
              "wout": "query.get_equipped_item_name == 'wout' && query.is_sneaking"
            },
            {
              "smoker": "query.get_equipped_item_name == 'smoker' && query.is_sneaking"
            },
            {
              "wrocket": "query.get_equipped_item_name == 'wrocket' && query.is_sneaking"
          
     

            }
          ]
        },
        "wout": {
          "on_exit": [
            "/clear @s stk:wout","/give @s stk:smoker 1 0 {\"minecraft:keep_on_death\":{},\"item_lock\":{\"mode\":\"lock_in_inventory\"}}"
          ],
          "transitions": [
            {
              "default": "!query.is_sneaking"
            }
          ]
        },
        "smoker": {
          "on_entry": [
            "/clear @s stk:smoker","/give @s stk:wrocket 1 0 {\"minecraft:keep_on_death\":{},\"item_lock\":{\"mode\":\"lock_in_inventory\"}}"
          ],
          "transitions": [
            {
              "default": "!query.is_sneaking"
            }
          ]
        },
        "wrocket": {
          "on_entry": [
            "/clear @s stk:wrocket","/give @s stk:wout 1 0 {\"minecraft:keep_on_death\":{},\"item_lock\":{\"mode\":\"lock_in_inventory\"}}"
          ],
          "transitions": [
            {
              "default": "!query.is_sneaking"



            }
          ]
        }
      }
    }
  }
}