{
  "format_version": "1.10.0",
  "animation_controllers": {
    "controller.animation.uchu1": {
      "states": {
        "default": {
          "transitions": [
            {
              "star": "query.get_equipped_item_name == 'star' && query.is_sneaking"
            },
            {
              "sarea": "query.get_equipped_item_name == 'sarea' && query.is_sneaking"
            },
            {
              "pillarcreation": "query.get_equipped_item_name == 'pillarcreation' && query.is_sneaking"
            },
            {
              "shole": "query.get_equipped_item_name == 'shole' && query.is_sneaking"
         
     

            }
          ]
        },
        "star": {
          "on_exit": [
            "/clear @s stk:star","/give @s stk:sarea 1 0 {\"minecraft:keep_on_death\":{},\"item_lock\":{\"mode\":\"lock_in_inventory\"}}"
          ],
          "transitions": [
            {
              "default": "!query.is_sneaking"
            }
          ]
        },
        "sarea": {
          "on_entry": [
            "/clear @s stk:sarea","/give @s stk:shole 1 0 {\"minecraft:keep_on_death\":{},\"item_lock\":{\"mode\":\"lock_in_inventory\"}}"
          ],
          "transitions": [
            {
              "default": "!query.is_sneaking"
            }
          ]
        },
        "pillarcreation": {
          "on_entry": [
            "/clear @s stk:pillarcreation","/give @s stk:star 1 0 {\"minecraft:keep_on_death\":{},\"item_lock\":{\"mode\":\"lock_in_inventory\"}}"
          ],
          "transitions": [
            {
              "default": "!query.is_sneaking"
            }
          ]
        },
        "shole": {
          "on_entry": [
            "/clear @s stk:shole","/give @s stk:pillarcreation 1 0 {\"minecraft:keep_on_death\":{},\"item_lock\":{\"mode\":\"lock_in_inventory\"}}"
          ],
          "transitions": [
            {
              "default": "!query.is_sneaking"



            }
          ]
        }
      }
    }
  }
}