{
  "format_version": "1.10.0",
  "animation_controllers": {
    "controller.animation.wado": {
      "states": {
        "default": {
          "on_entry": ["@s kkong"],
          "transitions": [
            {

              "ls": "query.get_equipped_item_name == 'wado' || query.get_equipped_item_name == 'katana' && query.is_using_item && query.is_alive && !query.is_sneaking"
            },
            {

              "dr": "query.get_equipped_item_name == 'wado3' && query.is_using_item && query.is_alive && !query.is_sneaking"
            },
            {

              "rd": "query.get_equipped_item_name == 'kikoku' && query.is_using_item && query.is_alive && !query.is_sneaking"
},
            {

              "is": "query.get_equipped_item_name == 'kikoku3' && query.is_using_item && query.is_alive && !query.is_sneaking"
            },
            {

              "ks": "query.get_equipped_item_name == 'ace' && query.is_using_item && query.is_alive && !query.is_sneaking"
            },
            {

              "ka": "query.get_equipped_item_name == 'ace3' && query.is_using_item && query.is_alive && !query.is_sneaking"
            },
            {

              "eq": "query.get_equipped_item_name == 'bisento' && query.is_using_item && query.is_alive && !query.is_sneaking"
            },
            {

              "ap": "query.get_equipped_item_name == 'bisento3' && query.is_using_item && query.is_alive && !query.is_sneaking"
            },
            {
                "aceult": "query.scoreboard('ene') >= 100 && query.get_equipped_item_name == 'ace4' && query.is_using_item && query.is_alive && !query.is_sneaking"
              


        
            

            }
          ],
          "on_exit": ["@s Kkong"]
        },
        
        "ls": {
          "on_entry": [
          
          "/particle stk:swordsspeed",
          "/tag @s add wadohold",
          "/tag @s add anim"
          ,
          "/execute as @s at @s[scores={ene=10..}] run playsound mob.witch.throw @a[r=10]"
          ],
          "transitions": [
            {
              "default": "(!query.is_using_item || !query.is_alive)"
            }
          ],
          "on_exit": [
          
          "/tag @s remove anim",
          "/tag @s remove wadohold",
          
          "/execute as @s at @s[scores={ene=10..}] run particle stk:swordsspeed",
          
          "/execute as @s at @s[scores={ene=10..}] run tp @s ^^^10 true",
          "/tag @s[scores={ene=10..}] add wado",
          "/tag @s[scores={ene=10..}] add hashibira",
          
          "/execute as @s at @s[scores={ene=10..}] run damage @e[r=10,type=!item,tag=!wado] 10 entity_attack entity @a[tag=wado]",
          
          "/scoreboard players add @s[scores={ene=10..}] fury 5",
          
          "/execute as @s at @s[scores={ene=10..}] run playsound mob.blaze.shoot @a[r=10]",
          
          "/playanimation @s[scores={ene=10..}] animation.shishisonson",
          
          "/scoreboard players remove @s[scores={ene=10..}] ene 10"]
        },
        
        "dr": {
          "on_entry": [
          
          "/particle stk:swordsspeed",
          "/tag @s add wadohold",
          "/tag @s add anim"
          ,
          "/execute as @s at @s[scores={ene=30..}] run playsound mob.witch.throw @a[r=10]"
          ],
          "transitions": [
            {
              "default": "(!query.is_using_item || !query.is_alive)"
            }
          ],
          "on_exit": [
          
          "/tag @s remove anim",
          "/tag @s remove wadohold",
          
          "/execute as @s at @s[scores={ene=30..}] run summon stk:dragonroar ^^^1",
           
          "/execute as @s at @s[scores={ene=30..}] run tag @s add sword",
          
          "/execute as @s at @s[scores={ene=30..}] run tp @e[type=stk:dragonroar] ~~~ facing ^^2^100",
          
          "/scoreboard players add @s[scores={ene=30..}] fury 5",
          
          "/execute as @s at @s[scores={ene=30..}] run playsound mob.blaze.shoot @a[r=10]",
          
          "/playanimation @s[scores={ene=30..}] animation.dragonroar",
          
          "/scoreboard players remove @s[scores={ene=30..}] ene 30"]
        },
        
        "rd": {
          "on_entry": [
          
          "/particle stk:swordsspeed",
          "/tag @s add wadohold",
          "/tag @s add anim"
          ,
          "/execute as @s at @s[scores={ene=30..}] run playsound mob.witch.throw @a[r=10]"
          ],
          "transitions": [
            {
              "default": "(!query.is_using_item || !query.is_alive)"
            }
          ],
          "on_exit": [
          
          "/tag @s remove anim",
          "/tag @s remove wadohold",
          
          "/execute as @s at @s[scores={ene=30..}] run summon stk:radioknife ^^^1",
           
          "/execute as @s at @s[scores={ene=30..}] run tag @s add kikoku",
          
          "event entity @e[type=stk:radioknife] time",
          
        
          
          "/scoreboard players add @s[scores={ene=30..}] fury 5",
          
          "/execute as @s at @s[scores={ene=30..}] run playsound mob.blaze.shoot @a[r=10]",
          
          "/playanimation @s[scores={ene=30..}] animation.kikoku.radioknife",
          
          "/scoreboard players remove @s[scores={ene=30..}] ene 30"]
        },
        
        "is": {
          "on_entry": [
          
          "/particle stk:swordsspeed",
          "/tag @s add wadohold",
          "/tag @s add anim"
          ,
          "/execute as @s at @s[scores={ene=30..}] run playsound mob.witch.throw @a[r=10]"
          ],
          "transitions": [
            {
              "default": "(!query.is_using_item || !query.is_alive)"
            }
          ],
          "on_exit": [
          
          "/tag @s remove anim",
          "/tag @s remove wadohold",
          
          "/execute as @s at @s[scores={ene=30..}] run summon stk:ishot ^^^1 facing ^^^100",
           
          "/execute as @s at @s[scores={ene=30..}] run tag @s add kikoku",
          
           "event entity @e[type=stk:ishot] time",
          
        
          
          "/scoreboard players add @s[scores={ene=30..}] fury 5",
          
          "/execute as @s at @s[scores={ene=30..}] run playsound mob.blaze.shoot @a[r=10]",
          
          "/playanimation @s[scores={ene=30..}] animation.kikoku.specialcut",
          
          "/scoreboard players remove @s[scores={ene=30..}] ene 30"]
        },
        
        "ks": {
          "on_entry": [
          
          "/particle stk:swordsspeed",
          "/tag @s add wadohold",
          "/tag @s add anim"
          ,
          "/execute as @s at @s[scores={ene=30..}] run playsound mob.witch.throw @a[r=10]"
          ],
          "transitions": [
            {
              "default": "(!query.is_using_item || !query.is_alive)"
            }
          ],
          "on_exit": [
          
          "/tag @s remove anim",
          "/tag @s remove wadohold",
          
          "/execute as @s at @s[scores={ene=30..}] run summon stk:kamusari ^^^1 facing ^^^100",
           
          "/execute as @s at @s[scores={ene=30..}] run tag @s add ace",
           "event entity @e[type=stk:kamusari] time",
        
          
          "/scoreboard players add @s[scores={ene=30..}] fury 5",
          
          "/execute as @s at @s[scores={ene=30..}] run playsound mob.blaze.shoot @a[r=10]",
          
          "/playanimation @s[scores={ene=30..}] animation.dragonroar",
          
          "/scoreboard players remove @s[scores={ene=30..}] ene 30"]
        },
        
        "ka": {
          "on_entry": [
          
          "/particle stk:swordsspeed",
          "/tag @s add wadohold",
          "/tag @s add anim"
          ,
          "/execute as @s at @s[scores={ene=30..}] run playsound mob.witch.throw @a[r=10]"
          ],
          "transitions": [
            {
              "default": "(!query.is_using_item || !query.is_alive)"
            }
          ],
          "on_exit": [
          
          "/tag @s remove anim",
          "/tag @s remove wadohold",
          
          "/execute as @s at @s[scores={ene=80..}] run summon stk:kaurea ^^^1 facing ^^^100",
           
          "/execute as @s at @s[scores={ene=80..}] run tag @s add ace",
          
           "event entity @e[type=stk:kaurea] time",
          
        
          
          "/scoreboard players add @s[scores={ene=80..}] fury 5",
          
          "/execute as @s at @s[scores={ene=80..}] run playsound mob.blaze.shoot @a[r=10]",
          
          "/playanimation @s[scores={ene=80..}] animation.kikoku.radioknife",
          
          "/scoreboard players remove @s[scores={ene=80..}] ene 80"]
        },
        
        "eq": {
          "on_entry": [
          
          "/particle stk:swordsspeed",
          "/tag @s add wadohold",
          "/tag @s add anim"
          ,
          "/execute as @s at @s[scores={ene=30..}] run playsound mob.witch.throw @a[r=10]"
          ],
          "transitions": [
            {
              "default": "(!query.is_using_item || !query.is_alive)"
            }
          ],
          "on_exit": [
          
          "/tag @s remove anim",
          "/tag @s remove wadohold",
          
          "/execute as @s at @s[scores={ene=30..}] run damage @e[r=30,tag=!bisento,type=!item] 10 entity_attack entity @a[tag=bisento]",
         "/execute as @s at @s[scores={ene=30..}] run tag @s add bisento",
         
          "/execute as @s at @s[scores={ene=30..}] run tag @s add hashibira",
          
          "/execute as @s[scores={ene=30..}] at @s run particle stk:earthquake ~~~",
          
          
          "/scoreboard players add @s[scores={ene=30..}] fury 5",
          
          "/execute as @s at @s[scores={ene=30..}] run playsound random.explode @a[r=10]",
          
          "/playanimation @s[scores={ene=30..}] animation.ope.tact",
          
          "/scoreboard players remove @s[scores={ene=30..}] ene 30"]
        },
        
        "ap": {
          "on_entry": [
          
          "/particle stk:swordsspeed",
          "/tag @s add wadohold",
          "/tag @s add anim"
          ,
          "/execute as @s at @s[scores={ene=30..}] run playsound mob.witch.throw @a[r=10]"
          ],
          "transitions": [
            {
              "default": "(!query.is_using_item || !query.is_alive)"
            }
          ],
          "on_exit": [
          
          "/tag @s remove anim",
          "/tag @s remove wadohold",
          
          "/execute as @s at @s[scores={ene=80..}] run summon stk:airpound ^^^1 facing ^^^100",
          
         "/execute as @s at @s[scores={ene=80..}] run tag @s add bisento",
         
          
           "event entity @e[type=stk:airpound] time",
           
          "/execute as @s[scores={ene=80..}] at @s run particle stk:aircrack ^^1.5^2",
          
          
          "/scoreboard players add @s[scores={ene=80..}] fury 5",
          
          "/execute as @s at @s[scores={ene=80..}] run playsound random.explode @a[r=10]",
          
          "/playanimation @s[scores={ene=80..}] animation.dragonroar",
          
          "/scoreboard players remove @s[scores={ene=80..}] ene 80"]
        },
        
        "aceult": {
            "animations": 
            ["aceult"],
          "on_entry": ["/tag @s add anim","/tag @s add ace"],
          "transitions": [
            {
              "default": "(!query.is_using_item || !query.is_alive) && query.all_animations_finished"
            }
          ],
          "on_exit": ["/scoreboard players remove @s ene 100"]

            }
          
        }
      }
    }
  }



























































































































































































































































































