{
  "format_version": "1.10.0",
  "particle_effect": {
    "description": {
      "identifier": "wesl3y:goro_dragon",
      "basic_render_parameters": {
        "material": "particles_add",
        "texture": "textures/particle/particles12"
      }
    },
    "components": {
      "minecraft:emitter_rate_instant": {
        "num_particles": 2
      },        
      "minecraft:emitter_lifetime_once": {
        "active_time": 0
      },
      "minecraft:emitter_shape_point": {
      },
      "minecraft:particle_initial_speed": 0.01,
      "minecraft:particle_lifetime_expression": {
        "max_lifetime": 0.2
      },
      "minecraft:particle_motion_dynamic": {},
      "minecraft:particle_appearance_billboard": {
        "size": [ "variable.particle_random_1 * variable.particle_random_2 * 0.7 + 0.5", "variable.particle_random_1 * variable.particle_random_2 * 0.7 + 0.5" ],
        "facing_camera_mode": "lookat_xyz",
        "uv": {
          "texture_width": 8,
          "texture_height": 8,
          "uv": [0, 0],
          "uv_size": [8, 8]
        }
      },
      "minecraft:particle_appearance_tinting": {
        "color": {
          "interpolant": "v.particle_age",
          "gradient": {
            "0.0": "#FF38A0FF",
            "0.2": "#00ffffff"
          }
        }
      }
    }
  }
} 
