{
	"format_version": "1.16.100",
	"minecraft:item": {
		"description": {
			"identifier": "jedy:raikagemode_speed"
		},
		"components": {
    "minecraft:render_offsets": {
        "main_hand": {
            "first_person": { 
                "scale": [0.002,0.002,0.002]
            },
            "third_person": { 
                "scale": [0.01,0.01,0.01]
            }
        }
    },
			 "minecraft:icon": {
				"texture": "raikagemode_speed"
			},
			"minecraft:max_stack_size": 1,
			"minecraft:allow_off_hand": true,
			"minecraft:display_name":  {"value":"§l§bHiper-Velocidade"
			}
		}
	}
}