{
  "format_version": "1.10.0",
  "animations": {
    "animation.one_for_all.detroit_smash.loop": {
      "loop": true,
      "animation_length": 0.25,
      "timeline": {
        "0.0": [
          "/playanimation @s animation.one_for_all.detroit_smash.loop wesl3y"
        ]
      }
    },
    "animation.one_for_all.manchester_smash.loop": {
      "loop": true,
      "animation_length": 0.25,
      "timeline": {
        "0.0": [
          "/playanimation @s animation.one_for_all.manchester_smash.loop wesl3y"
        ]
      }
    },
    "animation.one_for_all.100_detroit_smash.loop": {
      "loop": true,
      "animation_length": 0.4,
      "timeline": {
        "0.0": [
          "/playanimation @s animation.one_for_all.detroit_smash.loop wesl3y",
          "/particle wesl3y:charge_detroit_smash",
          "/particle wesl3y:charge_detroit_smash2",
          "/playsound woosh @a[r=10] 0.4"
        ]
      }
    }
  }
}