{
  "format_version": "1.10.0",
  "animations": {
    "animation.size.block.loop": {
      "loop": true,
      "animation_length": 0.25,
      "timeline": {
        "0.0": [
          "/playanimation @s[hasitem={item=dirt,quantity=1..}] animation.size.block.loop wesl3y",
          "/playanimation @s[hasitem={item=grass,quantity=1..}] animation.size.block.loop wesl3y",
          "/playanimation @s[hasitem={item=cobblestone,quantity=1..}] animation.size.block.loop wesl3y",
          "/playanimation @s[hasitem={item=stone,quantity=1..}] animation.size.block.loop wesl3y",
          "/playanimation @s[hasitem={item=diamond_sword,quantity=1..}] animation.size.block.loop wesl3y"
        ]
      }
    }
  }
}