{
	"format_version": "1.12.0",
	"minecraft:geometry": [
		{
			"description": {
				"identifier": "geometry.camada_manto_tenseigan",
				"texture_width": 64,
				"texture_height": 64,
				"visible_bounds_width": 10,
				"visible_bounds_height": 4,
				"visible_bounds_offset": [0, 1, 0]
			},
			"bones": [
				{
					"name": "root",
					"pivot": [0, 0, 0]
				},
				{
					"name": "waist",
					"parent": "root",
					"pivot": [0, 0, 0]
				},
				{
					"name": "rightLeg",
					"parent": "waist",
					"pivot": [-1.9, 12, 0],
					"cubes": [
						{
							"origin": [-4.15, -0.125, -2.125],
							"size": [4.375, 12.25, 4.25],
							"inflate": 0.25,
							"uv": {
								"north": {"uv": [39, 26], "uv_size": [4.5, 12.5]},
								"east": {"uv": [29, 39], "uv_size": [4.5, 12.5]},
								"south": {"uv": [34, 39], "uv_size": [4.5, 12.5]},
								"west": {"uv": [39, 39], "uv_size": [4.5, 12.5]},
								"up": {"uv": [15, 47], "uv_size": [4.5, 4.5]},
								"down": {"uv": [5, 52.5], "uv_size": [4.5, -4.5]}
							}
						}
					]
				},
				{
					"name": "leftLeg",
					"parent": "waist",
					"pivot": [1.9, 12, 0],
					"cubes": [
						{
							"origin": [-0.225, -0.125, -2.125],
							"size": [4.375, 12.25, 4.25],
							"inflate": 0.25,
							"uv": {
								"north": {"uv": [34, 26], "uv_size": [4.5, 12.5]},
								"east": {"uv": [5, 35], "uv_size": [4.5, 12.5]},
								"south": {"uv": [37, 0], "uv_size": [4.5, 12.5]},
								"west": {"uv": [37, 13], "uv_size": [4.5, 12.5]},
								"up": {"uv": [24, 45], "uv_size": [4.5, 4.5]},
								"down": {"uv": [10, 51.5], "uv_size": [4.5, -4.5]}
							}
						}
					]
				},
				{
					"name": "chama3",
					"parent": "leftLeg",
					"pivot": [8.47831, 24.737, -0.125]
				},
				{
					"name": "body",
					"parent": "waist",
					"pivot": [0, 24, 0],
					"cubes": [
						{
							"origin": [-4.125, 11.875, -2.125],
							"size": [8.25, 12.25, 4.25],
							"inflate": 0.25,
							"uv": {
								"north": {"uv": [0, 0], "uv_size": [8.5, 12.5]},
								"east": {"uv": [9, 22], "uv_size": [4.5, 12.5]},
								"south": {"uv": [9, 0], "uv_size": [8.5, 12.5]},
								"west": {"uv": [27, 0], "uv_size": [4.5, 12.5]},
								"up": {"uv": [44, 28], "uv_size": [8.5, 4.5]},
								"down": {"uv": [44, 37.5], "uv_size": [8.5, -4.5]}
							}
						}
					]
				},
				{
					"name": "leftArm",
					"parent": "body",
					"pivot": [5, 22, 0],
					"cubes": [
						{
							"origin": [3.875, 11.875, -2.125],
							"size": [4.25, 12.25, 4.25],
							"inflate": 0.25,
							"uv": {
								"north": {"uv": [27, 13], "uv_size": [4.5, 12.5]},
								"east": {"uv": [14, 27], "uv_size": [4.5, 12.5]},
								"south": {"uv": [19, 27], "uv_size": [4.5, 12.5]},
								"west": {"uv": [24, 27], "uv_size": [4.5, 12.5]},
								"up": {"uv": [24, 40], "uv_size": [4.5, 4.5]},
								"down": {"uv": [0, 48.5], "uv_size": [4.5, -4.5]}
							}
						}
					]
				},
				{
					"name": "chama",
					"parent": "leftArm",
					"pivot": [8.47831, 24.737, -0.125]
				},
				{
					"name": "rightArm",
					"parent": "body",
					"pivot": [-5, 22, 0],
					"cubes": [
						{
							"origin": [-8.125, 11.875, -2.125],
							"size": [4.25, 12.25, 4.25],
							"inflate": 0.25,
							"uv": {
								"north": {"uv": [29, 26], "uv_size": [4.5, 12.5]},
								"east": {"uv": [0, 31], "uv_size": [4.5, 12.5]},
								"south": {"uv": [32, 0], "uv_size": [4.5, 12.5]},
								"west": {"uv": [32, 13], "uv_size": [4.5, 12.5]},
								"up": {"uv": [44, 38], "uv_size": [4.5, 4.5]},
								"down": {"uv": [44, 47.5], "uv_size": [4.5, -4.5]}
							}
						}
					]
				},
				{
					"name": "chama2",
					"parent": "rightArm",
					"pivot": [8.47831, 24.737, -0.125]
				},
				{
					"name": "head",
					"parent": "body",
					"pivot": [0, 24, 0],
					"cubes": [
						{
							"origin": [-4.125, 23.875, -4.125],
							"size": [8.25, 8.25, 8.25],
							"inflate": 0.25,
							"uv": {
								"north": {"uv": [0, 13], "uv_size": [8.5, 8.5]},
								"east": {"uv": [9, 13], "uv_size": [8.5, 8.5]},
								"south": {"uv": [18, 0], "uv_size": [8.5, 8.5]},
								"west": {"uv": [18, 9], "uv_size": [8.5, 8.5]},
								"up": {"uv": [18, 18], "uv_size": [8.5, 8.5]},
								"down": {"uv": [0, 30.5], "uv_size": [8.5, -8.5]}
							}
						},
						{
							"origin": [-0.625, 32.125, -6.625],
							"size": [1.25, 1.25, 2.25],
							"inflate": 0.25,
							"pivot": [0, 30.5, -8.25],
							"rotation": [-32.5, 0, 0],
							"uv": {
								"north": {"uv": [11, 35], "uv_size": [1.5, 1.5]},
								"east": {"uv": [14, 22], "uv_size": [2.5, 1.5]},
								"south": {"uv": [11, 37], "uv_size": [1.5, 1.5]},
								"west": {"uv": [14, 24], "uv_size": [2.5, 1.5]},
								"up": {"uv": [5, 31], "uv_size": [1.5, 2.5]},
								"down": {"uv": [7, 33.5], "uv_size": [1.5, -2.5]}
							}
						},
						{
							"origin": [-0.375, 32.20398, -7.49438],
							"size": [0.75, 0.75, 2.25],
							"inflate": 0.25,
							"pivot": [0, 32.12898, -6.61938],
							"rotation": [-57.5, 0, 0],
							"uv": {
								"north": {"uv": [17, 25], "uv_size": [1, 1]},
								"east": {"uv": [14, 26], "uv_size": [2.5, 1]},
								"south": {"uv": [17, 26], "uv_size": [1, 1]},
								"west": {"uv": [5, 34], "uv_size": [2.5, 1]},
								"up": {"uv": [17, 22], "uv_size": [1, 2.5]},
								"down": {"uv": [10, 37.5], "uv_size": [1, -2.5]}
							}
						}
					]
				}
			]
		}
	]
}