{
	"format_version": "1.12.0",
	"minecraft:geometry": [
		{
			"description": {
				"identifier": "geometry.camada_susanoo",
				"texture_width": 64,
				"texture_height": 64,
				"visible_bounds_width": 164,
				"visible_bounds_height": 179,
				"visible_bounds_offset": [0, 49.5, 0]
			},
			"bones": [
				{
					"name": "susanoo_body",
					"pivot": [0, 0, 0]
				},
				{
					"name": "susanoo",
					"parent": "susanoo_body",
					"pivot": [0, 0.16555, 0.10048],
					"cubes": [
						{
							"origin": [-0.015, 0.20999, 0.08243],
							"size": [0.03, 0.11, 0.03],
							"inflate": 0.00391,
							"pivot": [0, 0.25499, 0.09743],
							"rotation": [25, 0, 0],
							"uv": {
								"north": {"uv": [0, 11], "uv_size": [3, 11]},
								"east": {"uv": [3, 11], "uv_size": [3, 11]},
								"south": {"uv": [6, 11], "uv_size": [3, 11]},
								"west": {"uv": [9, 11], "uv_size": [3, 11]},
								"up": {"uv": [21, 48], "uv_size": [3, 3]},
								"down": {"uv": [48, 24], "uv_size": [3, -3]}
							}
						},
						{
							"origin": [-0.015, 0.11055, 0.10004],
							"size": [0.03, 0.11, 0.03],
							"inflate": 0.00391,
							"uv": {
								"north": {"uv": [0, 0], "uv_size": [3, 11]},
								"east": {"uv": [3, 0], "uv_size": [3, 11]},
								"south": {"uv": [6, 0], "uv_size": [3, 11]},
								"west": {"uv": [9, 0], "uv_size": [3, 11]},
								"up": {"uv": [48, 15], "uv_size": [3, 3]},
								"down": {"uv": [48, 21], "uv_size": [3, -3]}
							}
						},
						{
							"origin": [-0.015, 0.0111, 0.08243],
							"size": [0.03, 0.11, 0.03],
							"inflate": 0.00391,
							"pivot": [0, 0.0761, 0.09743],
							"rotation": [-25, 0, 0],
							"uv": {
								"north": {"uv": [12, 0], "uv_size": [3, 11]},
								"east": {"uv": [12, 11], "uv_size": [3, 11]},
								"south": {"uv": [15, 0], "uv_size": [3, 11]},
								"west": {"uv": [15, 11], "uv_size": [3, 11]},
								"up": {"uv": [24, 48], "uv_size": [3, 3]},
								"down": {"uv": [27, 51], "uv_size": [3, -3]}
							}
						}
					]
				},
				{
					"name": "susanoo2",
					"parent": "susanoo_body",
					"pivot": [0, 0.16722, 0.08711],
					"cubes": [
						{
							"origin": [-0.02734, 0.22555, 0.07548],
							"size": [0.08272, 0.03, 0.03],
							"inflate": 0.00391,
							"pivot": [0, 0.24055, 0.00527],
							"rotation": [7.97532, 19.82169, 2.71994],
							"uv": {
								"north": {"uv": [18, 12], "uv_size": [8, 3]},
								"east": {"uv": [3, 49], "uv_size": [3, 3]},
								"south": {"uv": [18, 15], "uv_size": [8, 3]},
								"west": {"uv": [6, 49], "uv_size": [3, 3]},
								"up": {"uv": [18, 18], "uv_size": [8, 3]},
								"down": {"uv": [18, 24], "uv_size": [8, -3]}
							}
						},
						{
							"origin": [-0.02734, 0.15057, 0.09581],
							"size": [0.08272, 0.03, 0.03],
							"inflate": 0.00391,
							"pivot": [0, 0.16307, 0.0256],
							"rotation": [0, 20, 0],
							"uv": {
								"north": {"uv": [0, 25], "uv_size": [8, 3]},
								"east": {"uv": [36, 51], "uv_size": [3, 3]},
								"south": {"uv": [8, 25], "uv_size": [8, 3]},
								"west": {"uv": [39, 51], "uv_size": [3, 3]},
								"up": {"uv": [26, 0], "uv_size": [8, 3]},
								"down": {"uv": [26, 6], "uv_size": [8, -3]}
							}
						},
						{
							"origin": [-0.02734, 0.07557, 0.07581],
							"size": [0.08272, 0.03, 0.03],
							"inflate": 0.00391,
							"pivot": [0, 0.08807, 0.0056],
							"rotation": [-7.97533, 19.82169, -2.71994],
							"uv": {
								"north": {"uv": [26, 6], "uv_size": [8, 3]},
								"east": {"uv": [48, 51], "uv_size": [3, 3]},
								"south": {"uv": [26, 9], "uv_size": [8, 3]},
								"west": {"uv": [51, 48], "uv_size": [3, 3]},
								"up": {"uv": [26, 12], "uv_size": [8, 3]},
								"down": {"uv": [26, 18], "uv_size": [8, -3]}
							}
						},
						{
							"origin": [-0.05538, 0.07557, 0.07581],
							"size": [0.08272, 0.03, 0.03],
							"inflate": 0.00391,
							"pivot": [0, 0.08807, 0.0056],
							"rotation": [-7.97533, -19.82169, 2.71994],
							"uv": {
								"north": {"uv": [26, 18], "uv_size": [8, 3]},
								"east": {"uv": [52, 39], "uv_size": [3, 3]},
								"south": {"uv": [26, 21], "uv_size": [8, 3]},
								"west": {"uv": [52, 42], "uv_size": [3, 3]},
								"up": {"uv": [16, 27], "uv_size": [8, 3]},
								"down": {"uv": [24, 30], "uv_size": [8, -3]}
							}
						},
						{
							"origin": [-0.05538, 0.15057, 0.09581],
							"size": [0.08272, 0.03, 0.03],
							"inflate": 0.00391,
							"pivot": [0, 0.16307, 0.0256],
							"rotation": [0, -20, 0],
							"uv": {
								"north": {"uv": [0, 22], "uv_size": [8, 3]},
								"east": {"uv": [21, 51], "uv_size": [3, 3]},
								"south": {"uv": [8, 22], "uv_size": [8, 3]},
								"west": {"uv": [51, 21], "uv_size": [3, 3]},
								"up": {"uv": [16, 24], "uv_size": [8, 3]},
								"down": {"uv": [24, 27], "uv_size": [8, -3]}
							}
						},
						{
							"origin": [-0.05538, 0.22555, 0.07548],
							"size": [0.08272, 0.03, 0.03],
							"inflate": 0.00391,
							"pivot": [0, 0.24055, 0.00527],
							"rotation": [7.97532, -19.82169, -2.71994],
							"uv": {
								"north": {"uv": [18, 0], "uv_size": [8, 3]},
								"east": {"uv": [30, 48], "uv_size": [3, 3]},
								"south": {"uv": [18, 3], "uv_size": [8, 3]},
								"west": {"uv": [33, 48], "uv_size": [3, 3]},
								"up": {"uv": [18, 6], "uv_size": [8, 3]},
								"down": {"uv": [18, 12], "uv_size": [8, -3]}
							}
						}
					]
				},
				{
					"name": "susanoo3",
					"parent": "susanoo_body",
					"pivot": [0, 0.16225, 0.0497],
					"cubes": [
						{
							"origin": [-0.05293, 0.07057, 0.08881],
							"size": [0.07, 0.03, 0.03],
							"inflate": 0.00391,
							"pivot": [0, 0.08807, 0.0056],
							"rotation": [-13.76774, -56.7385, 11.57883],
							"uv": {
								"north": {"uv": [46, 24], "uv_size": [7, 3]},
								"east": {"uv": [52, 45], "uv_size": [3, 3]},
								"south": {"uv": [46, 27], "uv_size": [7, 3]},
								"west": {"uv": [53, 24], "uv_size": [3, 3]},
								"up": {"uv": [48, 0], "uv_size": [7, 3]},
								"down": {"uv": [48, 6], "uv_size": [7, -3]}
							}
						},
						{
							"origin": [-0.05293, 0.14557, 0.10881],
							"size": [0.07, 0.03, 0.03],
							"inflate": 0.00391,
							"pivot": [0, 0.16307, 0.0256],
							"rotation": [-0.00002, -57.5, 0.00002],
							"uv": {
								"north": {"uv": [39, 24], "uv_size": [7, 3]},
								"east": {"uv": [18, 51], "uv_size": [3, 3]},
								"south": {"uv": [39, 27], "uv_size": [7, 3]},
								"west": {"uv": [51, 18], "uv_size": [3, 3]},
								"up": {"uv": [28, 39], "uv_size": [7, 3]},
								"down": {"uv": [35, 42], "uv_size": [7, -3]}
							}
						},
						{
							"origin": [-0.05293, 0.22055, 0.08848],
							"size": [0.07, 0.03, 0.03],
							"inflate": 0.00391,
							"pivot": [0, 0.24055, 0.00527],
							"rotation": [13.7677, -56.73851, -11.57879],
							"uv": {
								"north": {"uv": [0, 28], "uv_size": [7, 3]},
								"east": {"uv": [36, 48], "uv_size": [3, 3]},
								"south": {"uv": [7, 28], "uv_size": [7, 3]},
								"west": {"uv": [39, 48], "uv_size": [3, 3]},
								"up": {"uv": [14, 30], "uv_size": [7, 3]},
								"down": {"uv": [21, 33], "uv_size": [7, -3]}
							}
						},
						{
							"origin": [-0.01707, 0.22055, 0.08848],
							"size": [0.07, 0.03, 0.03],
							"inflate": 0.00391,
							"pivot": [0, 0.24055, 0.00527],
							"rotation": [13.7677, 56.73851, 11.57879],
							"uv": {
								"north": {"uv": [0, 34], "uv_size": [7, 3]},
								"east": {"uv": [9, 49], "uv_size": [3, 3]},
								"south": {"uv": [34, 0], "uv_size": [7, 3]},
								"west": {"uv": [49, 30], "uv_size": [3, 3]},
								"up": {"uv": [34, 3], "uv_size": [7, 3]},
								"down": {"uv": [34, 9], "uv_size": [7, -3]}
							}
						},
						{
							"origin": [-0.01707, 0.14557, 0.10881],
							"size": [0.07, 0.03, 0.03],
							"inflate": 0.00391,
							"pivot": [0, 0.16307, 0.0256],
							"rotation": [-0.00002, 57.5, -0.00002],
							"uv": {
								"north": {"uv": [41, 18], "uv_size": [7, 3]},
								"east": {"uv": [42, 51], "uv_size": [3, 3]},
								"south": {"uv": [41, 21], "uv_size": [7, 3]},
								"west": {"uv": [45, 51], "uv_size": [3, 3]},
								"up": {"uv": [14, 42], "uv_size": [7, 3]},
								"down": {"uv": [21, 45], "uv_size": [7, -3]}
							}
						},
						{
							"origin": [-0.01707, 0.07057, 0.08881],
							"size": [0.07, 0.03, 0.03],
							"inflate": 0.00391,
							"pivot": [0, 0.08807, 0.0056],
							"rotation": [-13.76774, 56.7385, -11.57883],
							"uv": {
								"north": {"uv": [28, 42], "uv_size": [7, 3]},
								"east": {"uv": [51, 51], "uv_size": [3, 3]},
								"south": {"uv": [42, 30], "uv_size": [7, 3]},
								"west": {"uv": [0, 52], "uv_size": [3, 3]},
								"up": {"uv": [42, 33], "uv_size": [7, 3]},
								"down": {"uv": [35, 45], "uv_size": [7, -3]}
							}
						}
					]
				},
				{
					"name": "susanoo4",
					"parent": "susanoo_body",
					"pivot": [0, 0.16722, -0.00644],
					"cubes": [
						{
							"origin": [-0.01619, 0.07557, 0.09952],
							"size": [0.07, 0.03, 0.03],
							"inflate": 0.00391,
							"pivot": [0, 0.08807, 0.0056],
							"rotation": [-89.99999, 82.5, -89.99999],
							"uv": {
								"north": {"uv": [42, 36], "uv_size": [7, 3]},
								"east": {"uv": [3, 52], "uv_size": [3, 3]},
								"south": {"uv": [42, 39], "uv_size": [7, 3]},
								"west": {"uv": [6, 52], "uv_size": [3, 3]},
								"up": {"uv": [42, 42], "uv_size": [7, 3]},
								"down": {"uv": [0, 46], "uv_size": [7, -3]}
							}
						},
						{
							"origin": [-0.01619, 0.15057, 0.11952],
							"size": [0.07, 0.03, 0.03],
							"inflate": 0.00391,
							"pivot": [0, 0.16307, 0.0256],
							"rotation": [0, 90, 0],
							"uv": {
								"north": {"uv": [41, 6], "uv_size": [7, 3]},
								"east": {"uv": [30, 51], "uv_size": [3, 3]},
								"south": {"uv": [41, 9], "uv_size": [7, 3]},
								"west": {"uv": [33, 51], "uv_size": [3, 3]},
								"up": {"uv": [41, 12], "uv_size": [7, 3]},
								"down": {"uv": [41, 18], "uv_size": [7, -3]}
							}
						},
						{
							"origin": [-0.01619, 0.22555, 0.09919],
							"size": [0.07, 0.03, 0.03],
							"inflate": 0.00391,
							"pivot": [0, 0.24055, 0.00527],
							"rotation": [89.99999, 82.5, 89.99999],
							"uv": {
								"north": {"uv": [7, 34], "uv_size": [7, 3]},
								"east": {"uv": [49, 33], "uv_size": [3, 3]},
								"south": {"uv": [34, 9], "uv_size": [7, 3]},
								"west": {"uv": [49, 36], "uv_size": [3, 3]},
								"up": {"uv": [34, 12], "uv_size": [7, 3]},
								"down": {"uv": [34, 18], "uv_size": [7, -3]}
							}
						},
						{
							"origin": [-0.05381, 0.07557, 0.09952],
							"size": [0.07, 0.03, 0.03],
							"inflate": 0.00391,
							"pivot": [0, 0.08807, 0.0056],
							"rotation": [-89.99999, -82.5, 89.99999],
							"uv": {
								"north": {"uv": [48, 6], "uv_size": [7, 3]},
								"east": {"uv": [53, 27], "uv_size": [3, 3]},
								"south": {"uv": [48, 9], "uv_size": [7, 3]},
								"west": {"uv": [12, 54], "uv_size": [3, 3]},
								"up": {"uv": [48, 12], "uv_size": [7, 3]},
								"down": {"uv": [14, 51], "uv_size": [7, -3]}
							}
						},
						{
							"origin": [-0.05381, 0.15057, 0.11952],
							"size": [0.07, 0.03, 0.03],
							"inflate": 0.00391,
							"pivot": [0, 0.16307, 0.0256],
							"rotation": [0, -90, 0],
							"uv": {
								"north": {"uv": [0, 37], "uv_size": [7, 3]},
								"east": {"uv": [15, 51], "uv_size": [3, 3]},
								"south": {"uv": [7, 37], "uv_size": [7, 3]},
								"west": {"uv": [51, 15], "uv_size": [3, 3]},
								"up": {"uv": [14, 39], "uv_size": [7, 3]},
								"down": {"uv": [21, 42], "uv_size": [7, -3]}
							}
						},
						{
							"origin": [-0.05381, 0.22555, 0.09919],
							"size": [0.07, 0.03, 0.03],
							"inflate": 0.00391,
							"pivot": [0, 0.24055, 0.00527],
							"rotation": [89.99999, -82.5, -89.99999],
							"uv": {
								"north": {"uv": [28, 30], "uv_size": [7, 3]},
								"east": {"uv": [42, 48], "uv_size": [3, 3]},
								"south": {"uv": [0, 31], "uv_size": [7, 3]},
								"west": {"uv": [45, 48], "uv_size": [3, 3]},
								"up": {"uv": [7, 31], "uv_size": [7, 3]},
								"down": {"uv": [32, 27], "uv_size": [7, -3]}
							}
						}
					]
				},
				{
					"name": "susanoo5",
					"parent": "susanoo_body",
					"pivot": [0, 0.16225, -0.06258],
					"cubes": [
						{
							"origin": [-0.0488, 0.07057, -0.12783],
							"size": [0.07, 0.03, 0.03],
							"inflate": 0.00391,
							"pivot": [0, 0.08807, 0.0056],
							"rotation": [-13.7677, -56.73851, 11.57878],
							"uv": {
								"north": {"uv": [7, 43], "uv_size": [7, 3]},
								"east": {"uv": [9, 52], "uv_size": [3, 3]},
								"south": {"uv": [14, 45], "uv_size": [7, 3]},
								"west": {"uv": [52, 30], "uv_size": [3, 3]},
								"up": {"uv": [21, 45], "uv_size": [7, 3]},
								"down": {"uv": [28, 48], "uv_size": [7, -3]}
							}
						},
						{
							"origin": [-0.0488, 0.14557, -0.10783],
							"size": [0.07, 0.03, 0.03],
							"inflate": 0.00391,
							"pivot": [0, 0.16307, 0.0256],
							"rotation": [0.00002, -57.5, -0.00002],
							"uv": {
								"north": {"uv": [0, 40], "uv_size": [7, 3]},
								"east": {"uv": [24, 51], "uv_size": [3, 3]},
								"south": {"uv": [7, 40], "uv_size": [7, 3]},
								"west": {"uv": [27, 51], "uv_size": [3, 3]},
								"up": {"uv": [41, 0], "uv_size": [7, 3]},
								"down": {"uv": [41, 6], "uv_size": [7, -3]}
							}
						},
						{
							"origin": [-0.0488, 0.22055, -0.12815],
							"size": [0.07, 0.03, 0.03],
							"inflate": 0.00391,
							"pivot": [0, 0.24055, 0.00527],
							"rotation": [13.76774, -56.7385, -11.57883],
							"uv": {
								"north": {"uv": [34, 18], "uv_size": [7, 3]},
								"east": {"uv": [49, 39], "uv_size": [3, 3]},
								"south": {"uv": [34, 21], "uv_size": [7, 3]},
								"west": {"uv": [49, 42], "uv_size": [3, 3]},
								"up": {"uv": [35, 30], "uv_size": [7, 3]},
								"down": {"uv": [35, 36], "uv_size": [7, -3]}
							}
						},
						{
							"origin": [-0.0212, 0.22055, -0.12815],
							"size": [0.07, 0.03, 0.03],
							"inflate": 0.00391,
							"pivot": [0, 0.24055, 0.00527],
							"rotation": [13.76774, 56.7385, 11.57883],
							"uv": {
								"north": {"uv": [32, 27], "uv_size": [7, 3]},
								"east": {"uv": [48, 48], "uv_size": [3, 3]},
								"south": {"uv": [14, 33], "uv_size": [7, 3]},
								"west": {"uv": [0, 49], "uv_size": [3, 3]},
								"up": {"uv": [21, 33], "uv_size": [7, 3]},
								"down": {"uv": [28, 36], "uv_size": [7, -3]}
							}
						},
						{
							"origin": [-0.0212, 0.07057, -0.12783],
							"size": [0.07, 0.03, 0.03],
							"inflate": 0.00391,
							"pivot": [0, 0.08807, 0.0056],
							"rotation": [-13.7677, 56.73851, -11.57878],
							"uv": {
								"north": {"uv": [35, 45], "uv_size": [7, 3]},
								"east": {"uv": [52, 33], "uv_size": [3, 3]},
								"south": {"uv": [42, 45], "uv_size": [7, 3]},
								"west": {"uv": [52, 36], "uv_size": [3, 3]},
								"up": {"uv": [0, 46], "uv_size": [7, 3]},
								"down": {"uv": [7, 49], "uv_size": [7, -3]}
							}
						},
						{
							"origin": [-0.0212, 0.14557, -0.10783],
							"size": [0.07, 0.03, 0.03],
							"inflate": 0.00391,
							"pivot": [0, 0.16307, 0.0256],
							"rotation": [0.00002, 57.5, 0.00002],
							"uv": {
								"north": {"uv": [14, 36], "uv_size": [7, 3]},
								"east": {"uv": [49, 45], "uv_size": [3, 3]},
								"south": {"uv": [21, 36], "uv_size": [7, 3]},
								"west": {"uv": [12, 51], "uv_size": [3, 3]},
								"up": {"uv": [28, 36], "uv_size": [7, 3]},
								"down": {"uv": [35, 39], "uv_size": [7, -3]}
							}
						}
					]
				}
			]
		}
	]
}