{
	"format_version": "1.12.0",
	"minecraft:geometry": [
		{
			"description": {
				"identifier": "geometry.doujutsu",
				"texture_width": 32,
				"texture_height": 32,
				"visible_bounds_width": 3,
				"visible_bounds_height": 3.5,
				"visible_bounds_offset": [0, 1.25, 0]
			},
			"bones": [
				{
					"name": "head",
					"pivot": [0, 24, 0],
					"cubes": [
						{
							"origin": [-4.125, 23.875, -4.15],
							"size": [8.25, 8.25, 8.275],
							"uv": {
								"north": {"uv": [0, 0], "uv_size": [32, 32]},
								"east": {"uv": [31.5, 32], "uv_size": [0.5, 0]},
								"south": {"uv": [31.5, 32], "uv_size": [0.5, 0]},
								"west": {"uv": [31.5, 32], "uv_size": [0.5, 0]},
								"up": {"uv": [32, 32], "uv_size": [-0.5, 0]},
								"down": {"uv": [32, 32], "uv_size": [-0.5, 0]}
							}
						}
					]
				}
			]
		}
	]
}