{
	"format_version": "1.12.0",
	"minecraft:geometry": [
		{
			"description": {
				"identifier": "geometry.espada_trovao",
				"texture_width": 32,
				"texture_height": 32,
				"visible_bounds_width": 5,
				"visible_bounds_height": 2.5,
				"visible_bounds_offset": [0, 0.75, 0]
			},
			"bones": [
				{
					"name": "RightArm",
					"pivot": [-5, 22, 0],
					"cubes": [
						{
							"origin": [-6.62027, 12.47973, -2.62628],
							"size": [1.24054, 1.24054, 0.62027],
							"uv": {
								"north": {"uv": [0, 16], "uv_size": [2, 2]},
								"east": {"uv": [4, 20], "uv_size": [1, 2]},
								"south": {"uv": [2, 16], "uv_size": [2, 2]},
								"west": {"uv": [5, 20], "uv_size": [1, 2]},
								"up": {"uv": [6, 20], "uv_size": [2, 1]},
								"down": {"uv": [8, 21], "uv_size": [2, -1]}
							}
						},
						{
							"origin": [-6.4652, 12.6348, -2.00601],
							"size": [0.9304, 0.9304, 1.24054],
							"uv": {
								"north": {"uv": [18, 16], "uv_size": [1.5, 1.5]},
								"east": {"uv": [2, 18], "uv_size": [2, 1.5]},
								"south": {"uv": [18, 18], "uv_size": [1.5, 1.5]},
								"west": {"uv": [4, 18], "uv_size": [2, 1.5]},
								"up": {"uv": [6, 18], "uv_size": [1.5, 2]},
								"down": {"uv": [8, 20], "uv_size": [1.5, -2]}
							}
						},
						{
							"origin": [-6.4652, 12.6348, 0.47507],
							"size": [0.9304, 0.9304, 1.24054],
							"uv": {
								"north": {"uv": [0, 20], "uv_size": [1.5, 1.5]},
								"east": {"uv": [10, 18], "uv_size": [2, 1.5]},
								"south": {"uv": [2, 20], "uv_size": [1.5, 1.5]},
								"west": {"uv": [12, 18], "uv_size": [2, 1.5]},
								"up": {"uv": [14, 18], "uv_size": [1.5, 2]},
								"down": {"uv": [16, 20], "uv_size": [1.5, -2]}
							}
						},
						{
							"origin": [-6.62027, 12.47973, -0.76547],
							"size": [1.24054, 1.24054, 1.24054],
							"uv": {
								"north": {"uv": [4, 16], "uv_size": [2, 2]},
								"east": {"uv": [6, 16], "uv_size": [2, 2]},
								"south": {"uv": [8, 16], "uv_size": [2, 2]},
								"west": {"uv": [10, 16], "uv_size": [2, 2]},
								"up": {"uv": [12, 16], "uv_size": [2, 2]},
								"down": {"uv": [14, 18], "uv_size": [2, -2]}
							}
						},
						{
							"origin": [-6.62027, 12.47973, 1.71561],
							"size": [1.24054, 1.24054, 0.62027],
							"uv": {
								"north": {"uv": [16, 16], "uv_size": [2, 2]},
								"east": {"uv": [10, 20], "uv_size": [1, 2]},
								"south": {"uv": [0, 18], "uv_size": [2, 2]},
								"west": {"uv": [11, 20], "uv_size": [1, 2]},
								"up": {"uv": [12, 20], "uv_size": [2, 1]},
								"down": {"uv": [14, 21], "uv_size": [2, -1]}
							}
						},
						{
							"origin": [-6.26982, 13.51154, -3.84056],
							"size": [0.53964, 0.53964, 1.21417],
							"pivot": [-6, 13.1, -3.23065],
							"rotation": [-31.5, 0, 0],
							"uv": {
								"north": {"uv": [11, 22], "uv_size": [1, 1]},
								"east": {"uv": [16, 20], "uv_size": [2, 1]},
								"south": {"uv": [12, 22], "uv_size": [1, 1]},
								"west": {"uv": [20, 16], "uv_size": [2, 1]},
								"up": {"uv": [20, 17], "uv_size": [1, 2]},
								"down": {"uv": [18, 22], "uv_size": [1, -2]}
							}
						},
						{
							"origin": [-6.26982, 13.66421, -3.7988],
							"size": [0.53964, 0.53964, 0.80946],
							"pivot": [-6, 13.1, -3.23065],
							"rotation": [13.5, 0, 0],
							"uv": {
								"north": {"uv": [13, 22], "uv_size": [1, 1]},
								"east": {"uv": [8, 21], "uv_size": [1.5, 1]},
								"south": {"uv": [16, 22], "uv_size": [1, 1]},
								"west": {"uv": [12, 21], "uv_size": [1.5, 1]},
								"up": {"uv": [14, 21], "uv_size": [1, 1.5]},
								"down": {"uv": [15, 22.5], "uv_size": [1, -1.5]}
							}
						},
						{
							"origin": [-6.26982, 11.99616, -3.7988],
							"size": [0.53964, 0.53964, 0.80946],
							"pivot": [-6, 13.1, -3.23065],
							"rotation": [-13.5, 0, 0],
							"uv": {
								"north": {"uv": [22, 16], "uv_size": [1, 1]},
								"east": {"uv": [16, 21], "uv_size": [1.5, 1]},
								"south": {"uv": [17, 22], "uv_size": [1, 1]},
								"west": {"uv": [21, 17], "uv_size": [1.5, 1]},
								"up": {"uv": [19, 21], "uv_size": [1, 1.5]},
								"down": {"uv": [20, 22.5], "uv_size": [1, -1.5]}
							}
						},
						{
							"origin": [-6.26982, 12.14883, -3.84056],
							"size": [0.53964, 0.53964, 1.21417],
							"pivot": [-6, 13.1, -3.23065],
							"rotation": [31.5, 0, 0],
							"uv": {
								"north": {"uv": [18, 22], "uv_size": [1, 1]},
								"east": {"uv": [19, 20], "uv_size": [2, 1]},
								"south": {"uv": [22, 19], "uv_size": [1, 1]},
								"west": {"uv": [20, 19], "uv_size": [2, 1]},
								"up": {"uv": [6, 21], "uv_size": [1, 2]},
								"down": {"uv": [7, 23], "uv_size": [1, -2]}
							}
						},
						{
							"origin": [-6.2295, 12.20169, 2.43394],
							"size": [0.459, 0.459, 1.03275],
							"pivot": [-6, 13.1, 3.09359],
							"rotation": [-31.5, 0, 0],
							"uv": {
								"north": {"uv": [23, 16], "uv_size": [0.5, 0.5]},
								"east": {"uv": [6, 23], "uv_size": [1.5, 0.5]},
								"south": {"uv": [17, 23], "uv_size": [0.5, 0.5]},
								"west": {"uv": [8, 23], "uv_size": [1.5, 0.5]},
								"up": {"uv": [3, 23], "uv_size": [0.5, 1.5]},
								"down": {"uv": [10, 24.5], "uv_size": [0.5, -1.5]}
							}
						},
						{
							"origin": [-6.2295, 12.26791, 2.19529],
							"size": [0.459, 0.459, 1.40569],
							"pivot": [-6, 13.1, 3.09359],
							"rotation": [58.5, 0, 0],
							"uv": {
								"north": {"uv": [23, 17], "uv_size": [0.5, 0.5]},
								"east": {"uv": [21, 18], "uv_size": [2.5, 0.5]},
								"south": {"uv": [18, 23], "uv_size": [0.5, 0.5]},
								"west": {"uv": [21, 20], "uv_size": [2.5, 0.5]},
								"up": {"uv": [21, 21], "uv_size": [0.5, 2.5]},
								"down": {"uv": [0, 24.5], "uv_size": [0.5, -2.5]}
							}
						},
						{
							"origin": [-6.2295, 13.4731, 2.19529],
							"size": [0.459, 0.459, 1.40569],
							"pivot": [-6, 13.1, 3.09359],
							"rotation": [-58.5, 0, 0],
							"uv": {
								"north": {"uv": [19, 23], "uv_size": [0.5, 0.5]},
								"east": {"uv": [1, 22], "uv_size": [2.5, 0.5]},
								"south": {"uv": [23, 19], "uv_size": [0.5, 0.5]},
								"west": {"uv": [8, 22], "uv_size": [2.5, 0.5]},
								"up": {"uv": [4, 22], "uv_size": [0.5, 2.5]},
								"down": {"uv": [5, 24.5], "uv_size": [0.5, -2.5]}
							}
						},
						{
							"origin": [-6.2295, 13.53931, 2.43394],
							"size": [0.459, 0.459, 1.03275],
							"pivot": [-6, 13.1, 3.09359],
							"rotation": [31.5, 0, 0],
							"uv": {
								"north": {"uv": [20, 23], "uv_size": [0.5, 0.5]},
								"east": {"uv": [11, 23], "uv_size": [1.5, 0.5]},
								"south": {"uv": [22, 23], "uv_size": [0.5, 0.5]},
								"west": {"uv": [13, 23], "uv_size": [1.5, 0.5]},
								"up": {"uv": [15, 23], "uv_size": [0.5, 1.5]},
								"down": {"uv": [16, 24.5], "uv_size": [0.5, -1.5]}
							}
						},
						{
							"origin": [-6.15507, 12.94493, 2.33588],
							"size": [0.31013, 0.31013, 1.24054],
							"uv": {
								"north": {"uv": [23, 23], "uv_size": [0.5, 0.5]},
								"east": {"uv": [22, 21], "uv_size": [2, 0.5]},
								"south": {"uv": [6, 24], "uv_size": [0.5, 0.5]},
								"west": {"uv": [22, 22], "uv_size": [2, 0.5]},
								"up": {"uv": [1, 23], "uv_size": [0.5, 2]},
								"down": {"uv": [2, 25], "uv_size": [0.5, -2]}
							}
						}
					]
				},
				{
					"name": "lamina",
					"parent": "RightArm",
					"pivot": [-6, 13.1, -12.24046],
					"cubes": [
						{
							"origin": [-6, 11.85946, -20.30397],
							"size": [0, 2.48108, 16.12701],
							"pivot": [-6, 13.1, -12.24046],
							"rotation": [0, 0, 45],
							"uv": {
								"north": {"uv": [0, 0], "uv_size": [0, 4]},
								"east": {"uv": [0, 0], "uv_size": [26, 4]},
								"south": {"uv": [0, 0], "uv_size": [0, 4]},
								"west": {"uv": [0, 4], "uv_size": [26, 4]},
								"up": {"uv": [0, 0], "uv_size": [0, 26]},
								"down": {"uv": [0, 26], "uv_size": [0, -26]}
							}
						},
						{
							"origin": [-6, 11.85946, -20.30397],
							"size": [0, 2.48108, 16.12701],
							"pivot": [-6, 13.1, -12.24046],
							"rotation": [0, 0, 135],
							"uv": {
								"north": {"uv": [0, 0], "uv_size": [0, 4]},
								"east": {"uv": [0, 8], "uv_size": [26, 4]},
								"south": {"uv": [0, 0], "uv_size": [0, 4]},
								"west": {"uv": [0, 12], "uv_size": [26, 4]},
								"up": {"uv": [0, 0], "uv_size": [0, 26]},
								"down": {"uv": [0, 26], "uv_size": [0, -26]}
							}
						}
					]
				}
			]
		}
	]
}