{
	"format_version": "1.12.0",
	"minecraft:geometry": [
		{
			"description": {
				"identifier": "geometry.gamakichi",
				"texture_width": 72,
				"texture_height": 72,
				"visible_bounds_width": 4,
				"visible_bounds_height": 5.5,
				"visible_bounds_offset": [0, 2.25, 0]
			},
			"bones": [
				{
					"name": "root",
					"pivot": [0, 0, 0]
				},
				{
					"name": "head",
					"parent": "root",
					"pivot": [0.77344, 37.79848, -12.13093],
					"cubes": [
						{
							"origin": [-7.88305, 28.44336, -14.84346],
							"size": [17.31298, 13.4274, 14.86605],
							"uv": {
								"north": {"uv": [13, 22], "uv_size": [12.5, 9.5]},
								"east": {"uv": [13, 32], "uv_size": [11, 9.5]},
								"south": {"uv": [0, 24], "uv_size": [12.5, 9.5]},
								"west": {"uv": [0, 34], "uv_size": [11, 9.5]},
								"up": {"uv": [13, 0], "uv_size": [12.5, 11]},
								"down": {"uv": [13, 22], "uv_size": [12.5, -11]}
							}
						},
						{
							"origin": [-1.7768, 36.42706, -12.62372],
							"size": [2.39775, 2.39775, 7.6728],
							"pivot": [-0.39312, 35.04917, -14.19213],
							"rotation": [70.71781, -79.5619, -52.9226],
							"uv": {
								"north": {"uv": [33, 54], "uv_size": [1.5, 1.5]},
								"east": {"uv": [39, 60], "uv_size": [5.5, 1.5]},
								"south": {"uv": [7, 61], "uv_size": [1.5, 1.5]},
								"west": {"uv": [45, 60], "uv_size": [5.5, 1.5]},
								"up": {"uv": [44, 12], "uv_size": [1.5, 5.5]},
								"down": {"uv": [31, 64.5], "uv_size": [1.5, -5.5]}
							}
						},
						{
							"origin": [0.92593, 36.42706, -12.62372],
							"size": [2.39775, 2.39775, 7.6728],
							"pivot": [1.94, 35.04917, -14.19213],
							"rotation": [70.71781, 79.5619, 52.9226],
							"uv": {
								"north": {"uv": [61, 39], "uv_size": [1.5, 1.5]},
								"east": {"uv": [60, 48], "uv_size": [5.5, 1.5]},
								"south": {"uv": [61, 41], "uv_size": [1.5, 1.5]},
								"west": {"uv": [60, 50], "uv_size": [5.5, 1.5]},
								"up": {"uv": [60, 52], "uv_size": [1.5, 5.5]},
								"down": {"uv": [59, 65.5], "uv_size": [1.5, -5.5]}
							}
						}
					]
				},
				{
					"name": "body",
					"parent": "root",
					"pivot": [-7.01816, 27.56529, -4.40809],
					"cubes": [
						{
							"origin": [-6.86033, 18.67077, -6.73731],
							"size": [15.18, 9.66, 11.04],
							"pivot": [0.61151, 17.90529, -9.83995],
							"rotation": [17.5, 0, 0],
							"uv": {
								"north": {"uv": [42, 34], "uv_size": [11, 7]},
								"east": {"uv": [46, 0], "uv_size": [8, 7]},
								"south": {"uv": [42, 41], "uv_size": [11, 7]},
								"west": {"uv": [46, 7], "uv_size": [8, 7]},
								"up": {"uv": [35, 18], "uv_size": [11, 8]},
								"down": {"uv": [35, 34], "uv_size": [11, -8]}
							}
						},
						{
							"origin": [-8.24033, 1.96519, -6.91493],
							"size": [17.94, 16.56, 12.42],
							"pivot": [0.61151, 17.90529, -9.83995],
							"rotation": [22.5, 0, 0],
							"uv": {
								"north": {"uv": [0, 0], "uv_size": [13, 12]},
								"east": {"uv": [26, 18], "uv_size": [9, 12]},
								"south": {"uv": [0, 12], "uv_size": [13, 12]},
								"west": {"uv": [26, 30], "uv_size": [9, 12]},
								"up": {"uv": [26, 0], "uv_size": [13, 9]},
								"down": {"uv": [26, 18], "uv_size": [13, -9]}
							}
						}
					]
				},
				{
					"name": "LeftArm",
					"parent": "root",
					"pivot": [11.62182, 14.69929, -18.79851]
				},
				{
					"name": "leftarm2",
					"parent": "LeftArm",
					"pivot": [-0.11816, 19.63029, -8.54809],
					"cubes": [
						{
							"origin": [9.3174, 22.95144, -14.65737],
							"size": [2.76, 2.76, 11.04],
							"pivot": [-0.11816, 19.63029, -8.54809],
							"rotation": [44.71507, -26.61271, -11.29907],
							"uv": {
								"north": {"uv": [24, 40], "uv_size": [2, 2]},
								"east": {"uv": [57, 18], "uv_size": [8, 2]},
								"south": {"uv": [39, 46], "uv_size": [2, 2]},
								"west": {"uv": [57, 20], "uv_size": [8, 2]},
								"up": {"uv": [24, 32], "uv_size": [2, 8]},
								"down": {"uv": [11, 42], "uv_size": [2, -8]}
							}
						}
					]
				},
				{
					"name": "leftarm3",
					"parent": "LeftArm",
					"pivot": [11.62182, 14.69929, -18.79851],
					"cubes": [
						{
							"origin": [9.89192, 22.26144, -15.05719],
							"size": [4.14, 4.14, 8.28],
							"pivot": [-0.11816, 19.63029, -8.54809],
							"rotation": [39.0102, -2.08843, 10.92845],
							"uv": {
								"north": {"uv": [60, 25], "uv_size": [3, 3]},
								"east": {"uv": [46, 31], "uv_size": [6, 3]},
								"south": {"uv": [60, 28], "uv_size": [3, 3]},
								"west": {"uv": [54, 22], "uv_size": [6, 3]},
								"up": {"uv": [57, 0], "uv_size": [3, 6]},
								"down": {"uv": [57, 12], "uv_size": [3, -6]}
							}
						},
						{
							"origin": [5.75682, 11.24929, -21.90351],
							"size": [6.9, 6.9, 6.9],
							"pivot": [11.62182, 14.69929, -18.79851],
							"rotation": [46.49082, 29.85059, 40.28921],
							"uv": {
								"north": {"uv": [39, 12], "uv_size": [5, 5]},
								"east": {"uv": [46, 26], "uv_size": [5, 5]},
								"south": {"uv": [13, 54], "uv_size": [5, 5]},
								"west": {"uv": [18, 54], "uv_size": [5, 5]},
								"up": {"uv": [23, 54], "uv_size": [5, 5]},
								"down": {"uv": [28, 59], "uv_size": [5, -5]}
							}
						}
					]
				},
				{
					"name": "RightArm",
					"parent": "root",
					"pivot": [0.11816, 19.63029, -8.54809]
				},
				{
					"name": "rightarm2",
					"parent": "RightArm",
					"pivot": [-7.66772, 24.72133, -4.27478],
					"cubes": [
						{
							"origin": [-12.0774, 22.95144, -14.65737],
							"size": [2.76, 2.76, 11.04],
							"pivot": [0.11816, 19.63029, -8.54809],
							"rotation": [44.71507, 26.61271, 11.29907],
							"uv": {
								"north": {"uv": [51, 26], "uv_size": [2, 2]},
								"east": {"uv": [21, 59], "uv_size": [8, 2]},
								"south": {"uv": [51, 28], "uv_size": [2, 2]},
								"west": {"uv": [59, 58], "uv_size": [8, 2]},
								"up": {"uv": [37, 57], "uv_size": [2, 8]},
								"down": {"uv": [29, 67], "uv_size": [2, -8]}
							}
						}
					]
				},
				{
					"name": "rightarm3",
					"parent": "RightArm",
					"pivot": [-12.30184, 22.39029, -9.92809],
					"cubes": [
						{
							"origin": [-12.65682, 11.24929, -21.90351],
							"size": [6.9, 6.9, 6.9],
							"pivot": [-11.62182, 14.69929, -18.79851],
							"rotation": [46.49082, -29.85059, -40.28921],
							"uv": {
								"north": {"uv": [55, 48], "uv_size": [5, 5]},
								"east": {"uv": [55, 53], "uv_size": [5, 5]},
								"south": {"uv": [0, 56], "uv_size": [5, 5]},
								"west": {"uv": [5, 56], "uv_size": [5, 5]},
								"up": {"uv": [56, 37], "uv_size": [5, 5]},
								"down": {"uv": [56, 47], "uv_size": [5, -5]}
							}
						},
						{
							"origin": [-14.03192, 22.26144, -15.05719],
							"size": [4.14, 4.14, 8.28],
							"pivot": [0.11816, 19.63029, -8.54809],
							"rotation": [39.0102, 2.08843, -10.92845],
							"uv": {
								"north": {"uv": [60, 31], "uv_size": [3, 3]},
								"east": {"uv": [57, 12], "uv_size": [6, 3]},
								"south": {"uv": [60, 34], "uv_size": [3, 3]},
								"west": {"uv": [57, 15], "uv_size": [6, 3]},
								"up": {"uv": [57, 25], "uv_size": [3, 6]},
								"down": {"uv": [57, 37], "uv_size": [3, -6]}
							}
						}
					]
				},
				{
					"name": "Rightleg",
					"parent": "root",
					"pivot": [-12.72468, 5.94674, -4.30142]
				},
				{
					"name": "rightleg2",
					"parent": "Rightleg",
					"pivot": [-9.96468, 5.94674, 5.35858],
					"cubes": [
						{
							"origin": [-14.82419, -1.59535, -1.95333],
							"size": [4.7472, 16.6152, 7.1208],
							"pivot": [-12.72468, 5.94674, -4.30142],
							"rotation": [53.98856, 16.10861, -4.46938],
							"uv": {
								"north": {"uv": [39, 48], "uv_size": [3.5, 12]},
								"east": {"uv": [25, 42], "uv_size": [5, 12]},
								"south": {"uv": [43, 48], "uv_size": [3.5, 12]},
								"west": {"uv": [30, 42], "uv_size": [5, 12]},
								"up": {"uv": [33, 57], "uv_size": [3.5, 5]},
								"down": {"uv": [55, 63], "uv_size": [3.5, -5]}
							}
						}
					]
				},
				{
					"name": "rightleg3",
					"parent": "Rightleg",
					"pivot": [-12.72468, 5.94674, -4.30142],
					"cubes": [
						{
							"origin": [-14.52749, 0.73673, -6.80446],
							"size": [4.1538, 14.2416, 5.3406],
							"pivot": [-12.72468, 5.94674, -4.30142],
							"rotation": [23.98856, 16.10861, -4.46938],
							"uv": {
								"north": {"uv": [53, 37], "uv_size": [3, 10.5]},
								"east": {"uv": [46, 14], "uv_size": [4, 10.5]},
								"south": {"uv": [54, 0], "uv_size": [3, 10.5]},
								"west": {"uv": [35, 46], "uv_size": [4, 10.5]},
								"up": {"uv": [51, 59], "uv_size": [3, 4]},
								"down": {"uv": [60, 4], "uv_size": [3, -4]}
							}
						},
						{
							"origin": [-17.35883, 0.05755, -14.93504],
							"size": [9.8808, 1.1868, 15.8148],
							"pivot": [-12.72468, 5.94674, -4.30142],
							"rotation": [0, 20, 0],
							"uv": {
								"north": {"uv": [0, 61], "uv_size": [7, 1]},
								"east": {"uv": [56, 47], "uv_size": [11.5, 1]},
								"south": {"uv": [21, 61], "uv_size": [7, 1]},
								"west": {"uv": [60, 22], "uv_size": [11.5, 1]},
								"up": {"uv": [35, 34], "uv_size": [7, 11.5]},
								"down": {"uv": [39, 11.5], "uv_size": [7, -11.5]}
							}
						}
					]
				},
				{
					"name": "LeftLeg",
					"parent": "root",
					"pivot": [12.72468, 5.94674, -4.30142]
				},
				{
					"name": "leftleg2",
					"parent": "LeftLeg",
					"pivot": [9.96468, 5.94674, 5.35858],
					"cubes": [
						{
							"origin": [10.07699, -1.59535, -1.95333],
							"size": [4.7472, 16.6152, 7.1208],
							"pivot": [12.72468, 5.94674, -4.30142],
							"rotation": [53.98856, -16.10861, 4.46938],
							"uv": {
								"north": {"uv": [47, 48], "uv_size": [3.5, 12]},
								"east": {"uv": [0, 44], "uv_size": [5, 12]},
								"south": {"uv": [50, 14], "uv_size": [3.5, 12]},
								"west": {"uv": [5, 44], "uv_size": [5, 12]},
								"up": {"uv": [13, 59], "uv_size": [3.5, 5]},
								"down": {"uv": [17, 64], "uv_size": [3.5, -5]}
							}
						}
					]
				},
				{
					"name": "leftleg3",
					"parent": "LeftLeg",
					"pivot": [12.72468, 5.94674, -4.30142],
					"cubes": [
						{
							"origin": [10.37369, 0.73673, -6.80446],
							"size": [4.1538, 14.2416, 5.3406],
							"pivot": [12.72468, 5.94674, -4.30142],
							"rotation": [23.98856, -16.10861, 4.46938],
							"uv": {
								"north": {"uv": [10, 54], "uv_size": [3, 10.5]},
								"east": {"uv": [51, 48], "uv_size": [4, 10.5]},
								"south": {"uv": [54, 11], "uv_size": [3, 10.5]},
								"west": {"uv": [53, 26], "uv_size": [4, 10.5]},
								"up": {"uv": [60, 4], "uv_size": [3, 4]},
								"down": {"uv": [60, 12], "uv_size": [3, -4]}
							}
						},
						{
							"origin": [7.47803, 0.05755, -14.93504],
							"size": [9.8808, 1.1868, 15.8148],
							"pivot": [12.72468, 5.94674, -4.30142],
							"rotation": [0, -20, 0],
							"uv": {
								"north": {"uv": [61, 37], "uv_size": [7, 1]},
								"east": {"uv": [60, 23], "uv_size": [11.5, 1]},
								"south": {"uv": [61, 38], "uv_size": [7, 1]},
								"west": {"uv": [60, 24], "uv_size": [11.5, 1]},
								"up": {"uv": [11, 42], "uv_size": [7, 11.5]},
								"down": {"uv": [18, 53.5], "uv_size": [7, -11.5]}
							}
						}
					]
				}
			]
		}
	]
}