{
	"format_version": "1.12.0",
	"minecraft:geometry": [
		{
			"description": {
				"identifier": "geometry.guy_noturno",
				"texture_width": 64,
				"texture_height": 64,
				"visible_bounds_width": 9,
				"visible_bounds_height": 4.5,
				"visible_bounds_offset": [0, 1.75, 0]
			},
			"bones": [
				{
					"name": "bone",
					"pivot": [0, 28.66266, -1.22968],
					"rotation": [-17.5, 0, 0],
					"cubes": [
						{
							"origin": [-0.12, 28.44536, -1.562],
							"size": [0.24, 0.08, 0.32],
							"pivot": [0, 28.63825, -1.27092],
							"rotation": [37.5, 0, 0],
							"uv": {
								"north": {"uv": [34, 27], "uv_size": [6, 2]},
								"east": {"uv": [34, 19], "uv_size": [8, 2]},
								"south": {"uv": [35, 4], "uv_size": [6, 2]},
								"west": {"uv": [34, 21], "uv_size": [8, 2]},
								"up": {"uv": [7, 28], "uv_size": [6, 8]},
								"down": {"uv": [28, 15], "uv_size": [6, -8]}
							}
						},
						{
							"origin": [-0.12, 28.48186, -1.51185],
							"size": [0.24, 0.04, 0.28],
							"pivot": [0, 28.63825, -1.27092],
							"rotation": [5, 0, 0],
							"uv": {
								"north": {"uv": [38, 24], "uv_size": [6, 1]},
								"east": {"uv": [10, 38], "uv_size": [7, 1]},
								"south": {"uv": [38, 25], "uv_size": [6, 1]},
								"west": {"uv": [38, 23], "uv_size": [7, 1]},
								"up": {"uv": [19, 28], "uv_size": [6, 7]},
								"down": {"uv": [28, 30], "uv_size": [6, -7]}
							}
						},
						{
							"origin": [0.1, 28.45161, -1.38656],
							"size": [0.06, 0.16, 0.16],
							"pivot": [0, 28.63825, -1.27092],
							"rotation": [35, 0, 0],
							"uv": {
								"north": {"uv": [4, 35], "uv_size": [2, 4]},
								"east": {"uv": [34, 23], "uv_size": [4, 4]},
								"south": {"uv": [23, 35], "uv_size": [2, 4]},
								"west": {"uv": [0, 35], "uv_size": [4, 4]},
								"up": {"uv": [6, 36], "uv_size": [2, 4]},
								"down": {"uv": [8, 40], "uv_size": [2, -4]}
							}
						},
						{
							"origin": [-0.08, 28.60186, -1.53185],
							"size": [0.16, 0.06, 0.06],
							"pivot": [0, 28.63825, -1.27092],
							"rotation": [5, 0, 0],
							"uv": {
								"north": {"uv": [10, 36], "uv_size": [4, 2]},
								"east": {"uv": [25, 28], "uv_size": [2, 2]},
								"south": {"uv": [14, 36], "uv_size": [4, 2]},
								"west": {"uv": [14, 39], "uv_size": [2, 2]},
								"up": {"uv": [25, 37], "uv_size": [4, 2]},
								"down": {"uv": [29, 39], "uv_size": [4, -2]}
							}
						},
						{
							"origin": [-0.14, 28.46018, -1.24238],
							"size": [0.28, 0.28, 0.28],
							"pivot": [0, 28.63825, -1.27092],
							"rotation": [7.5, 0, 0],
							"uv": {
								"north": {"uv": [14, 7], "uv_size": [7, 7]},
								"east": {"uv": [14, 14], "uv_size": [7, 7]},
								"south": {"uv": [0, 21], "uv_size": [7, 7]},
								"west": {"uv": [7, 21], "uv_size": [7, 7]},
								"up": {"uv": [21, 7], "uv_size": [7, 7]},
								"down": {"uv": [14, 28], "uv_size": [7, -7]}
							}
						},
						{
							"origin": [-0.16, 28.45161, -1.38656],
							"size": [0.06, 0.16, 0.16],
							"pivot": [0, 28.63825, -1.27092],
							"rotation": [35, 0, 0],
							"uv": {
								"north": {"uv": [37, 29], "uv_size": [2, 4]},
								"east": {"uv": [35, 0], "uv_size": [4, 4]},
								"south": {"uv": [33, 37], "uv_size": [2, 4]},
								"west": {"uv": [19, 35], "uv_size": [4, 4]},
								"up": {"uv": [37, 33], "uv_size": [2, 4]},
								"down": {"uv": [35, 41], "uv_size": [2, -4]}
							}
						},
						{
							"origin": [-0.03201, 28.76181, -1.25712],
							"size": [0.08, 0.09, 0.08],
							"pivot": [0, 28.63825, -1.27092],
							"rotation": [-14.88921, 24.42438, 25.837],
							"uv": {
								"north": {"uv": [19, 39], "uv_size": [2, 2]},
								"east": {"uv": [21, 39], "uv_size": [2, 2]},
								"south": {"uv": [23, 39], "uv_size": [2, 2]},
								"west": {"uv": [25, 39], "uv_size": [2, 2]},
								"up": {"uv": [27, 39], "uv_size": [2, 2]},
								"down": {"uv": [29, 41], "uv_size": [2, -2]}
							}
						},
						{
							"origin": [0.04031, 28.67549, -1.28321],
							"size": [0.12, 0.04, 0.04],
							"pivot": [0, 28.63825, -1.27092],
							"rotation": [5.23129, -4.95248, -18.14061],
							"uv": {
								"north": {"uv": [34, 29], "uv_size": [3, 1]},
								"east": {"uv": [27, 28], "uv_size": [1, 1]},
								"south": {"uv": [40, 17], "uv_size": [3, 1]},
								"west": {"uv": [27, 29], "uv_size": [1, 1]},
								"up": {"uv": [40, 18], "uv_size": [3, 1]},
								"down": {"uv": [40, 28], "uv_size": [3, -1]}
							}
						},
						{
							"origin": [-0.16031, 28.67549, -1.28321],
							"size": [0.12, 0.04, 0.04],
							"pivot": [0, 28.63825, -1.27092],
							"rotation": [5.23129, 4.95248, 18.14061],
							"uv": {
								"north": {"uv": [40, 28], "uv_size": [3, 1]},
								"east": {"uv": [6, 35], "uv_size": [1, 1]},
								"south": {"uv": [39, 40], "uv_size": [3, 1]},
								"west": {"uv": [18, 36], "uv_size": [1, 1]},
								"up": {"uv": [41, 0], "uv_size": [3, 1]},
								"down": {"uv": [41, 2], "uv_size": [3, -1]}
							}
						},
						{
							"origin": [-0.02201, 28.85181, -1.24712],
							"size": [0.06, 0.12, 0.06],
							"pivot": [0, 28.63825, -1.27092],
							"rotation": [-14.88921, 24.42438, 25.837],
							"uv": {
								"north": {"uv": [17, 38], "uv_size": [2, 3]},
								"east": {"uv": [37, 38], "uv_size": [2, 3]},
								"south": {"uv": [0, 39], "uv_size": [2, 3]},
								"west": {"uv": [39, 0], "uv_size": [2, 3]},
								"up": {"uv": [39, 29], "uv_size": [2, 2]},
								"down": {"uv": [31, 41], "uv_size": [2, -2]}
							}
						},
						{
							"origin": [-0.04799, 28.76181, -1.25712],
							"size": [0.08, 0.09, 0.08],
							"pivot": [0, 28.63825, -1.27092],
							"rotation": [-14.88921, -24.42438, -25.837],
							"uv": {
								"north": {"uv": [39, 31], "uv_size": [2, 2]},
								"east": {"uv": [39, 33], "uv_size": [2, 2]},
								"south": {"uv": [39, 35], "uv_size": [2, 2]},
								"west": {"uv": [39, 38], "uv_size": [2, 2]},
								"up": {"uv": [6, 40], "uv_size": [2, 2]},
								"down": {"uv": [8, 42], "uv_size": [2, -2]}
							}
						},
						{
							"origin": [-0.01201, 28.86454, -1.51279],
							"size": [0.04, 0.12, 0.04],
							"pivot": [0, 28.63825, -1.27092],
							"rotation": [-67.38921, 24.42438, 25.837],
							"uv": {
								"north": {"uv": [16, 39], "uv_size": [1, 3]},
								"east": {"uv": [41, 7], "uv_size": [1, 3]},
								"south": {"uv": [41, 10], "uv_size": [1, 3]},
								"west": {"uv": [14, 41], "uv_size": [1, 3]},
								"up": {"uv": [18, 37], "uv_size": [1, 1]},
								"down": {"uv": [41, 3], "uv_size": [1, -1]}
							}
						},
						{
							"origin": [-0.02799, 28.86454, -1.51279],
							"size": [0.04, 0.12, 0.04],
							"pivot": [0, 28.63825, -1.27092],
							"rotation": [-67.38921, -24.42438, -25.837],
							"uv": {
								"north": {"uv": [15, 41], "uv_size": [1, 3]},
								"east": {"uv": [17, 41], "uv_size": [1, 3]},
								"south": {"uv": [18, 41], "uv_size": [1, 3]},
								"west": {"uv": [19, 41], "uv_size": [1, 3]},
								"up": {"uv": [41, 4], "uv_size": [1, 1]},
								"down": {"uv": [41, 6], "uv_size": [1, -1]}
							}
						},
						{
							"origin": [-0.03799, 28.85181, -1.24712],
							"size": [0.06, 0.12, 0.06],
							"pivot": [0, 28.63825, -1.27092],
							"rotation": [-14.88921, -24.42438, -25.837],
							"uv": {
								"north": {"uv": [2, 39], "uv_size": [2, 3]},
								"east": {"uv": [4, 39], "uv_size": [2, 3]},
								"south": {"uv": [10, 39], "uv_size": [2, 3]},
								"west": {"uv": [12, 39], "uv_size": [2, 3]},
								"up": {"uv": [40, 13], "uv_size": [2, 2]},
								"down": {"uv": [40, 17], "uv_size": [2, -2]}
							}
						},
						{
							"origin": [0.10204, 28.4729, -1.35179],
							"size": [0.28, 0.28, 0],
							"pivot": [0, 28.63825, -1.27092],
							"rotation": [9.112, -57.45243, -6.28334],
							"uv": {
								"north": {"uv": [21, 14], "uv_size": [7, 7]},
								"east": {"uv": [0, 0], "uv_size": [0, 7]},
								"south": {"uv": [21, 21], "uv_size": [7, 7]},
								"west": {"uv": [0, 0], "uv_size": [0, 7]},
								"up": {"uv": [0, 0], "uv_size": [7, 0]},
								"down": {"uv": [0, 0], "uv_size": [7, 0]}
							}
						},
						{
							"origin": [-0.38204, 28.4729, -1.35179],
							"size": [0.28, 0.28, 0],
							"pivot": [0, 28.63825, -1.27092],
							"rotation": [9.112, 57.45243, 6.28334],
							"uv": {
								"north": {"uv": [0, 28], "uv_size": [7, 7]},
								"east": {"uv": [0, 0], "uv_size": [0, 7]},
								"south": {"uv": [28, 0], "uv_size": [7, 7]},
								"west": {"uv": [0, 0], "uv_size": [0, 7]},
								"up": {"uv": [0, 0], "uv_size": [7, 0]},
								"down": {"uv": [0, 0], "uv_size": [7, 0]}
							}
						},
						{
							"origin": [-0.12, 28.52186, -1.51185],
							"size": [0.24, 0.12, 0.28],
							"pivot": [0, 28.63825, -1.27092],
							"rotation": [5, 0, 0],
							"uv": {
								"north": {"uv": [34, 13], "uv_size": [6, 3]},
								"east": {"uv": [34, 7], "uv_size": [7, 3]},
								"south": {"uv": [34, 16], "uv_size": [6, 3]},
								"west": {"uv": [34, 10], "uv_size": [7, 3]},
								"up": {"uv": [25, 30], "uv_size": [6, 7]},
								"down": {"uv": [31, 37], "uv_size": [6, -7]}
							}
						},
						{
							"origin": [-0.12, 28.52536, -1.562],
							"size": [0.24, 0.04, 0.32],
							"pivot": [0, 28.63825, -1.27092],
							"rotation": [37.5, 0, 0],
							"uv": {
								"north": {"uv": [38, 26], "uv_size": [6, 1]},
								"east": {"uv": [35, 6], "uv_size": [8, 1]},
								"south": {"uv": [39, 3], "uv_size": [6, 1]},
								"west": {"uv": [37, 37], "uv_size": [8, 1]},
								"up": {"uv": [13, 28], "uv_size": [6, 8]},
								"down": {"uv": [28, 23], "uv_size": [6, -8]}
							}
						},
						{
							"origin": [-0.58537, 28.53647, -1.43878],
							"size": [0.56, 0.28, 0],
							"pivot": [0, 28.63825, -1.27092],
							"rotation": [5, 30, 0],
							"uv": {
								"north": {"uv": [0, 0], "uv_size": [14, 7]},
								"east": {"uv": [0, 0], "uv_size": [0, 7]},
								"south": {"uv": [0, 7], "uv_size": [14, 7]},
								"west": {"uv": [0, 0], "uv_size": [0, 7]},
								"up": {"uv": [0, 0], "uv_size": [14, 0]},
								"down": {"uv": [0, 0], "uv_size": [14, 0]}
							}
						},
						{
							"origin": [0.02537, 28.53647, -1.43878],
							"size": [0.56, 0.28, 0],
							"pivot": [0, 28.63825, -1.27092],
							"rotation": [5, -30, 0],
							"uv": {
								"north": {"uv": [0, 14], "uv_size": [14, 7]},
								"east": {"uv": [0, 0], "uv_size": [0, 7]},
								"south": {"uv": [14, 0], "uv_size": [14, 7]},
								"west": {"uv": [0, 0], "uv_size": [0, 7]},
								"up": {"uv": [0, 0], "uv_size": [14, 0]},
								"down": {"uv": [0, 0], "uv_size": [14, 0]}
							}
						}
					]
				}
			]
		}
	]
}