{
	"format_version": "1.8.0",
	"geometry.zetsu": {
		"texturewidth": 64,
		"textureheight": 64,
		"visible_bounds_width": 3,
		"visible_bounds_height": 3,
		"visible_bounds_offset": [0, 1.5, 0],
		"bones": [
			{
				"name": "body",
				"pivot": [0, 24, 0],
				"cubes": [
					{"origin": [-4, 12, -2], "size": [8, 12, 4], "uv": [16, 16]},
					{"origin": [-4.125, 11.875, -2.125], "size": [8.25, 12.25, 4.25], "uv": [16, 32]}
				]
			},
			{
				"name": "head",
				"pivot": [0, 24, 0],
				"cubes": [
					{"origin": [-4, 24, -4], "size": [8, 8, 8], "uv": [0, 0]},
					{"origin": [-4.125, 23.875, -4.125], "size": [8.25, 8.25, 8.25], "uv": [32, 0]}
				]
			},
			{
				"name": "rightArm",
				"pivot": [-5, 22, 0],
				"cubes": [
					{"origin": [-8, 12, -2], "size": [4, 12, 4], "uv": [40, 16]},
					{"origin": [-8.125, 11.875, -2.125], "size": [4.25, 12.25, 4.25], "uv": [40, 32]}
				]
			},
			{
				"name": "leftArm",
				"pivot": [5, 22, 0],
				"mirror": true,
				"cubes": [
					{"origin": [4, 12, -2], "size": [4, 12, 4], "uv": [40, 16]},
					{"origin": [3.875, 11.875, -2.125], "size": [4.25, 12.25, 4.25], "uv": [40, 32]}
				]
			},
			{
				"name": "rightLeg",
				"pivot": [-1.9, 12, 0],
				"cubes": [
					{"origin": [-3.9, 0, -2], "size": [4, 12, 4], "uv": [0, 16]},
					{"origin": [-4.15, -0.125, -2.125], "size": [4.375, 12.25, 4.25], "uv": [0, 32]}
				]
			},
			{
				"name": "leftLeg",
				"pivot": [1.9, 12, 0],
				"mirror": true,
				"cubes": [
					{"origin": [-0.1, 0, -2], "size": [4, 12, 4], "uv": [0, 16]},
					{"origin": [-0.225, -0.125, -2.125], "size": [4.375, 12.25, 4.25], "uv": [0, 32]}
				]
			}
		]
	}
}