{
	"format_version": "1.12.0",
	"minecraft:geometry": [
		{
			"description": {
				"identifier": "geometry.kubikiribocho",
				"texture_width": 40,
				"texture_height": 40,
				"visible_bounds_width": 4,
				"visible_bounds_height": 2.5,
				"visible_bounds_offset": [0, 0.75, 0]
			},
			"bones": [
				{
					"name": "rightarm",
					"pivot": [-5, 22, 0],
					"cubes": [
						{
							"origin": [-6.5, 12.5, -3],
							"size": [1, 1, 15],
							"uv": {
								"north": {"uv": [24, 14], "uv_size": [1, 1]},
								"east": {"uv": [19, 0], "uv_size": [15, 1]},
								"south": {"uv": [24, 15], "uv_size": [1, 1]},
								"west": {"uv": [19, 1], "uv_size": [15, 1]},
								"up": {"uv": [14, 19], "uv_size": [1, 15]},
								"down": {"uv": [15, 34], "uv_size": [1, -15]}
							}
						},
						{
							"origin": [-6.5, 9.5, -8.75],
							"size": [1, 7, 5.75],
							"uv": {
								"north": {"uv": [18, 19], "uv_size": [1, 7]},
								"east": {"uv": [13, 0], "uv_size": [6, 7]},
								"south": {"uv": [19, 19], "uv_size": [1, 7]},
								"west": {"uv": [13, 7], "uv_size": [6, 7]},
								"up": {"uv": [5, 21], "uv_size": [1, 6]},
								"down": {"uv": [6, 27], "uv_size": [1, -6]}
							}
						},
						{
							"origin": [-6.5, 10.5, -35],
							"size": [1, 7, 3],
							"uv": {
								"north": {"uv": [20, 19], "uv_size": [1, 7]},
								"east": {"uv": [8, 14], "uv_size": [3, 7]},
								"south": {"uv": [0, 21], "uv_size": [1, 7]},
								"west": {"uv": [11, 14], "uv_size": [3, 7]},
								"up": {"uv": [23, 6], "uv_size": [1, 3]},
								"down": {"uv": [7, 26], "uv_size": [1, -3]}
							}
						},
						{
							"origin": [-7, 11.5, -6],
							"size": [0.5, 3, 3],
							"uv": {
								"north": {"uv": [23, 16], "uv_size": [0.5, 3]},
								"east": {"uv": [19, 2], "uv_size": [3, 3]},
								"south": {"uv": [21, 23], "uv_size": [0.5, 3]},
								"west": {"uv": [19, 5], "uv_size": [3, 3]},
								"up": {"uv": [22, 23], "uv_size": [0.5, 3]},
								"down": {"uv": [23, 26], "uv_size": [0.5, -3]}
							}
						},
						{
							"origin": [-5.5, 11.5, -6],
							"size": [0.5, 3, 3],
							"uv": {
								"north": {"uv": [24, 2], "uv_size": [0.5, 3]},
								"east": {"uv": [19, 8], "uv_size": [3, 3]},
								"south": {"uv": [24, 5], "uv_size": [0.5, 3]},
								"west": {"uv": [19, 11], "uv_size": [3, 3]},
								"up": {"uv": [24, 8], "uv_size": [0.5, 3]},
								"down": {"uv": [24, 14], "uv_size": [0.5, -3]}
							}
						},
						{
							"origin": [-6.5, 9.5, -32],
							"size": [1, 7, 4],
							"uv": {
								"north": {"uv": [1, 21], "uv_size": [1, 7]},
								"east": {"uv": [0, 14], "uv_size": [4, 7]},
								"south": {"uv": [2, 21], "uv_size": [1, 7]},
								"west": {"uv": [4, 14], "uv_size": [4, 7]},
								"up": {"uv": [22, 7], "uv_size": [1, 4]},
								"down": {"uv": [22, 15], "uv_size": [1, -4]}
							}
						},
						{
							"origin": [-6.5, 12, -12.25],
							"size": [1, 4.5, 3.5],
							"uv": {
								"north": {"uv": [13, 21], "uv_size": [1, 4.5]},
								"east": {"uv": [14, 14], "uv_size": [3.5, 4.5]},
								"south": {"uv": [22, 2], "uv_size": [1, 4.5]},
								"west": {"uv": [18, 14], "uv_size": [3.5, 4.5]},
								"up": {"uv": [22, 15], "uv_size": [1, 3.5]},
								"down": {"uv": [23, 5.5], "uv_size": [1, -3.5]}
							}
						},
						{
							"origin": [-6.5, 9.5, -25],
							"size": [1, 7, 12.75],
							"uv": {
								"north": {"uv": [3, 21], "uv_size": [1, 7]},
								"east": {"uv": [0, 0], "uv_size": [13, 7]},
								"south": {"uv": [4, 21], "uv_size": [1, 7]},
								"west": {"uv": [0, 7], "uv_size": [13, 7]},
								"up": {"uv": [16, 19], "uv_size": [1, 13]},
								"down": {"uv": [17, 32], "uv_size": [1, -13]}
							}
						},
						{
							"origin": [-6.5, 14.5, -28],
							"size": [1, 2, 3],
							"uv": {
								"north": {"uv": [11, 23], "uv_size": [1, 2]},
								"east": {"uv": [7, 21], "uv_size": [3, 2]},
								"south": {"uv": [12, 23], "uv_size": [1, 2]},
								"west": {"uv": [10, 21], "uv_size": [3, 2]},
								"up": {"uv": [8, 23], "uv_size": [1, 3]},
								"down": {"uv": [9, 26], "uv_size": [1, -3]}
							}
						},
						{
							"origin": [-6.5, 9.5, -28],
							"size": [1, 2, 3],
							"uv": {
								"north": {"uv": [23, 12], "uv_size": [1, 2]},
								"east": {"uv": [21, 19], "uv_size": [3, 2]},
								"south": {"uv": [23, 14], "uv_size": [1, 2]},
								"west": {"uv": [21, 21], "uv_size": [3, 2]},
								"up": {"uv": [23, 9], "uv_size": [1, 3]},
								"down": {"uv": [10, 26], "uv_size": [1, -3]}
							}
						}
					]
				}
			]
		}
	]
}