{
	"format_version": "1.12.0",
	"minecraft:geometry": [
		{
			"description": {
				"identifier": "geometry.kunai_asuma",
				"texture_width": 16,
				"texture_height": 16,
				"visible_bounds_width": 3,
				"visible_bounds_height": 2.5,
				"visible_bounds_offset": [0, 0.75, 0]
			},
			"bones": [
				{
					"name": "RightArm",
					"pivot": [-5, 22, 0],
					"cubes": [
						{
							"origin": [-6.195, 12.61146, -3.28911],
							"size": [0.39, 0.39, 7.02],
							"uv": {
								"north": {"uv": [4.5, 13], "uv_size": [-0.5, 0.5]},
								"east": {"uv": [12, 0], "uv_size": [-9, 0.5]},
								"south": {"uv": [13.5, 3], "uv_size": [-0.5, 0.5]},
								"west": {"uv": [12, 1], "uv_size": [-9, 0.5]},
								"up": {"uv": [3, 11], "uv_size": [0.5, -9]},
								"down": {"uv": [0, 4], "uv_size": [0.5, 9]}
							}
						},
						{
							"origin": [-6.195, 11.44146, -3.28911],
							"size": [0.39, 0.39, 7.02],
							"uv": {
								"north": {"uv": [5.5, 13], "uv_size": [-0.5, 0.5]},
								"east": {"uv": [13, 2], "uv_size": [-9, 0.5]},
								"south": {"uv": [13.5, 4], "uv_size": [-0.5, 0.5]},
								"west": {"uv": [13, 3], "uv_size": [-9, 0.5]},
								"up": {"uv": [1, 13], "uv_size": [0.5, -9]},
								"down": {"uv": [2, 4], "uv_size": [0.5, 9]}
							}
						},
						{
							"origin": [-6.195, 11.83146, -1.72911],
							"size": [0.39, 0.78, 0.78],
							"uv": {
								"north": {"uv": [5.5, 11], "uv_size": [-0.5, 1]},
								"east": {"uv": [9, 8], "uv_size": [-1, 1]},
								"south": {"uv": [11.5, 4], "uv_size": [-0.5, 1]},
								"west": {"uv": [10, 4], "uv_size": [-1, 1]},
								"up": {"uv": [11, 6], "uv_size": [0.5, -1]},
								"down": {"uv": [6, 11], "uv_size": [0.5, 1]}
							}
						},
						{
							"origin": [-6.195, 11.83146, -0.16911],
							"size": [0.39, 0.78, 0.78],
							"uv": {
								"north": {"uv": [7.5, 11], "uv_size": [-0.5, 1]},
								"east": {"uv": [10, 5], "uv_size": [-1, 1]},
								"south": {"uv": [11.5, 6], "uv_size": [-0.5, 1]},
								"west": {"uv": [10, 6], "uv_size": [-1, 1]},
								"up": {"uv": [11, 8], "uv_size": [0.5, -1]},
								"down": {"uv": [11, 8], "uv_size": [0.5, 1]}
							}
						},
						{
							"origin": [-6.195, 11.83146, 1.39089],
							"size": [0.39, 0.78, 0.78],
							"uv": {
								"north": {"uv": [11.5, 10], "uv_size": [-0.5, 1]},
								"east": {"uv": [10, 7], "uv_size": [-1, 1]},
								"south": {"uv": [11.5, 9], "uv_size": [-0.5, 1]},
								"west": {"uv": [9, 9], "uv_size": [-1, 1]},
								"up": {"uv": [11, 12], "uv_size": [0.5, -1]},
								"down": {"uv": [12, 0], "uv_size": [0.5, 1]}
							}
						},
						{
							"origin": [-6.195, 11.83146, 2.95089],
							"size": [0.39, 0.78, 0.78],
							"uv": {
								"north": {"uv": [12.5, 4], "uv_size": [-0.5, 1]},
								"east": {"uv": [10, 8], "uv_size": [-1, 1]},
								"south": {"uv": [12.5, 1], "uv_size": [-0.5, 1]},
								"west": {"uv": [10, 9], "uv_size": [-1, 1]},
								"up": {"uv": [5, 13], "uv_size": [0.5, -1]},
								"down": {"uv": [12, 5], "uv_size": [0.5, 1]}
							}
						},
						{
							"origin": [-6.195, 11.83146, -3.67911],
							"size": [0.39, 0.78, 1.17],
							"uv": {
								"north": {"uv": [12.5, 6], "uv_size": [-0.5, 1]},
								"east": {"uv": [8.5, 6], "uv_size": [-1.5, 1]},
								"south": {"uv": [6.5, 12], "uv_size": [-0.5, 1]},
								"west": {"uv": [8.5, 7], "uv_size": [-1.5, 1]},
								"up": {"uv": [9, 11.5], "uv_size": [0.5, -1.5]},
								"down": {"uv": [10, 10], "uv_size": [0.5, 1.5]}
							}
						},
						{
							"origin": [-6.195, 11.54908, 3.68273],
							"size": [0.39, 1.56, 1.95],
							"pivot": [-6, 12.59893, 6.17282],
							"rotation": [2.5, 0, 0],
							"uv": {
								"north": {"uv": [10.5, 6], "uv_size": [-0.5, 2]},
								"east": {"uv": [2.5, 0], "uv_size": [-2.5, 2]},
								"south": {"uv": [10.5, 4], "uv_size": [-0.5, 2]},
								"west": {"uv": [2.5, 2], "uv_size": [-2.5, 2]},
								"up": {"uv": [6, 10.5], "uv_size": [0.5, -2.5]},
								"down": {"uv": [7, 8], "uv_size": [0.5, 2.5]}
							}
						},
						{
							"origin": [-6.195, 12.03314, 5.61995],
							"size": [0.39, 1.17, 2.34],
							"pivot": [-6, 12.26142, 6.98495],
							"rotation": [5, 0, 0],
							"uv": {
								"north": {"uv": [4.5, 11], "uv_size": [-0.5, 1.5]},
								"east": {"uv": [7, 4], "uv_size": [-3, 1.5]},
								"south": {"uv": [3.5, 11], "uv_size": [-0.5, 1.5]},
								"west": {"uv": [7, 6], "uv_size": [-3, 1.5]},
								"up": {"uv": [4, 11], "uv_size": [0.5, -3]},
								"down": {"uv": [5, 8], "uv_size": [0.5, 3]}
							}
						},
						{
							"origin": [-6.195, 12.38305, 7.94897],
							"size": [0.39, 0.78, 1.56],
							"pivot": [-6, 12.26327, 7.00187],
							"rotation": [7.5, 0, 0],
							"uv": {
								"north": {"uv": [12.5, 7], "uv_size": [-0.5, 1]},
								"east": {"uv": [9, 4], "uv_size": [-2, 1]},
								"south": {"uv": [7.5, 12], "uv_size": [-0.5, 1]},
								"west": {"uv": [9, 5], "uv_size": [-2, 1]},
								"up": {"uv": [8, 12], "uv_size": [0.5, -2]},
								"down": {"uv": [10, 8], "uv_size": [0.5, 2]}
							}
						},
						{
							"origin": [-6.195, 11.05146, -2.50911],
							"size": [0.39, 0.39, 0.78],
							"uv": {
								"north": {"uv": [6.5, 13], "uv_size": [-0.5, 0.5]},
								"east": {"uv": [9, 12], "uv_size": [-1, 0.5]},
								"south": {"uv": [13.5, 5], "uv_size": [-0.5, 0.5]},
								"west": {"uv": [13, 8], "uv_size": [-1, 0.5]},
								"up": {"uv": [9, 13], "uv_size": [0.5, -1]},
								"down": {"uv": [12, 9], "uv_size": [0.5, 1]}
							}
						},
						{
							"origin": [-6.195, 11.05146, -0.94911],
							"size": [0.39, 0.39, 0.78],
							"uv": {
								"north": {"uv": [7.5, 13], "uv_size": [-0.5, 0.5]},
								"east": {"uv": [11, 12], "uv_size": [-1, 0.5]},
								"south": {"uv": [13.5, 6], "uv_size": [-0.5, 0.5]},
								"west": {"uv": [13, 10], "uv_size": [-1, 0.5]},
								"up": {"uv": [11, 13], "uv_size": [0.5, -1]},
								"down": {"uv": [12, 11], "uv_size": [0.5, 1]}
							}
						},
						{
							"origin": [-6.195, 11.05146, 0.61089],
							"size": [0.39, 0.39, 0.78],
							"uv": {
								"north": {"uv": [8.5, 13], "uv_size": [-0.5, 0.5]},
								"east": {"uv": [13, 12], "uv_size": [-1, 0.5]},
								"south": {"uv": [13.5, 7], "uv_size": [-0.5, 0.5]},
								"west": {"uv": [1, 13], "uv_size": [-1, 0.5]},
								"up": {"uv": [13, 1], "uv_size": [0.5, -1]},
								"down": {"uv": [1, 13], "uv_size": [0.5, 1]}
							}
						},
						{
							"origin": [-6.195, 11.05146, 2.17089],
							"size": [0.39, 0.39, 0.78],
							"uv": {
								"north": {"uv": [9.5, 13], "uv_size": [-0.5, 0.5]},
								"east": {"uv": [14, 1], "uv_size": [-1, 0.5]},
								"south": {"uv": [13.5, 8], "uv_size": [-0.5, 0.5]},
								"west": {"uv": [3, 13], "uv_size": [-1, 0.5]},
								"up": {"uv": [13, 3], "uv_size": [0.5, -1]},
								"down": {"uv": [3, 13], "uv_size": [0.5, 1]}
							}
						}
					]
				},
				{
					"name": "LeftArm",
					"pivot": [5, 22, 0],
					"cubes": [
						{
							"origin": [5.805, 12.61146, -3.28911],
							"size": [0.39, 0.39, 7.02],
							"uv": {
								"north": {"uv": [4, 13], "uv_size": [0.5, 0.5]},
								"east": {"uv": [3, 1], "uv_size": [9, 0.5]},
								"south": {"uv": [13, 3], "uv_size": [0.5, 0.5]},
								"west": {"uv": [3, 0], "uv_size": [9, 0.5]},
								"up": {"uv": [3.5, 11], "uv_size": [-0.5, -9]},
								"down": {"uv": [0.5, 4], "uv_size": [-0.5, 9]}
							}
						},
						{
							"origin": [5.805, 11.44146, -3.28911],
							"size": [0.39, 0.39, 7.02],
							"uv": {
								"north": {"uv": [5, 13], "uv_size": [0.5, 0.5]},
								"east": {"uv": [4, 3], "uv_size": [9, 0.5]},
								"south": {"uv": [13, 4], "uv_size": [0.5, 0.5]},
								"west": {"uv": [4, 2], "uv_size": [9, 0.5]},
								"up": {"uv": [1.5, 13], "uv_size": [-0.5, -9]},
								"down": {"uv": [2.5, 4], "uv_size": [-0.5, 9]}
							}
						},
						{
							"origin": [5.805, 11.83146, -1.72911],
							"size": [0.39, 0.78, 0.78],
							"uv": {
								"north": {"uv": [5, 11], "uv_size": [0.5, 1]},
								"east": {"uv": [9, 4], "uv_size": [1, 1]},
								"south": {"uv": [11, 4], "uv_size": [0.5, 1]},
								"west": {"uv": [8, 8], "uv_size": [1, 1]},
								"up": {"uv": [11.5, 6], "uv_size": [-0.5, -1]},
								"down": {"uv": [6.5, 11], "uv_size": [-0.5, 1]}
							}
						},
						{
							"origin": [5.805, 11.83146, -0.16911],
							"size": [0.39, 0.78, 0.78],
							"uv": {
								"north": {"uv": [7, 11], "uv_size": [0.5, 1]},
								"east": {"uv": [9, 6], "uv_size": [1, 1]},
								"south": {"uv": [11, 6], "uv_size": [0.5, 1]},
								"west": {"uv": [9, 5], "uv_size": [1, 1]},
								"up": {"uv": [11.5, 8], "uv_size": [-0.5, -1]},
								"down": {"uv": [11.5, 8], "uv_size": [-0.5, 1]}
							}
						},
						{
							"origin": [5.805, 11.83146, 1.39089],
							"size": [0.39, 0.78, 0.78],
							"uv": {
								"north": {"uv": [11, 10], "uv_size": [0.5, 1]},
								"east": {"uv": [8, 9], "uv_size": [1, 1]},
								"south": {"uv": [11, 9], "uv_size": [0.5, 1]},
								"west": {"uv": [9, 7], "uv_size": [1, 1]},
								"up": {"uv": [11.5, 12], "uv_size": [-0.5, -1]},
								"down": {"uv": [12.5, 0], "uv_size": [-0.5, 1]}
							}
						},
						{
							"origin": [5.805, 11.83146, 2.95089],
							"size": [0.39, 0.78, 0.78],
							"uv": {
								"north": {"uv": [12, 4], "uv_size": [0.5, 1]},
								"east": {"uv": [9, 9], "uv_size": [1, 1]},
								"south": {"uv": [12, 1], "uv_size": [0.5, 1]},
								"west": {"uv": [9, 8], "uv_size": [1, 1]},
								"up": {"uv": [5.5, 13], "uv_size": [-0.5, -1]},
								"down": {"uv": [12.5, 5], "uv_size": [-0.5, 1]}
							}
						},
						{
							"origin": [5.805, 11.83146, -3.67911],
							"size": [0.39, 0.78, 1.17],
							"uv": {
								"north": {"uv": [12, 6], "uv_size": [0.5, 1]},
								"east": {"uv": [7, 7], "uv_size": [1.5, 1]},
								"south": {"uv": [6, 12], "uv_size": [0.5, 1]},
								"west": {"uv": [7, 6], "uv_size": [1.5, 1]},
								"up": {"uv": [9.5, 11.5], "uv_size": [-0.5, -1.5]},
								"down": {"uv": [10.5, 10], "uv_size": [-0.5, 1.5]}
							}
						},
						{
							"origin": [5.805, 11.54908, 3.68273],
							"size": [0.39, 1.56, 1.95],
							"pivot": [6, 12.59893, 6.17282],
							"rotation": [2.5, 0, 0],
							"uv": {
								"north": {"uv": [10, 6], "uv_size": [0.5, 2]},
								"east": {"uv": [0, 2], "uv_size": [2.5, 2]},
								"south": {"uv": [10, 4], "uv_size": [0.5, 2]},
								"west": {"uv": [0, 0], "uv_size": [2.5, 2]},
								"up": {"uv": [6.5, 10.5], "uv_size": [-0.5, -2.5]},
								"down": {"uv": [7.5, 8], "uv_size": [-0.5, 2.5]}
							}
						},
						{
							"origin": [5.805, 12.03314, 5.61995],
							"size": [0.39, 1.17, 2.34],
							"pivot": [6, 12.26142, 6.98495],
							"rotation": [5, 0, 0],
							"uv": {
								"north": {"uv": [4, 11], "uv_size": [0.5, 1.5]},
								"east": {"uv": [4, 6], "uv_size": [3, 1.5]},
								"south": {"uv": [3, 11], "uv_size": [0.5, 1.5]},
								"west": {"uv": [4, 4], "uv_size": [3, 1.5]},
								"up": {"uv": [4.5, 11], "uv_size": [-0.5, -3]},
								"down": {"uv": [5.5, 8], "uv_size": [-0.5, 3]}
							}
						},
						{
							"origin": [5.805, 12.38305, 7.94897],
							"size": [0.39, 0.78, 1.56],
							"pivot": [6, 12.26327, 7.00187],
							"rotation": [7.5, 0, 0],
							"uv": {
								"north": {"uv": [12, 7], "uv_size": [0.5, 1]},
								"east": {"uv": [7, 5], "uv_size": [2, 1]},
								"south": {"uv": [7, 12], "uv_size": [0.5, 1]},
								"west": {"uv": [7, 4], "uv_size": [2, 1]},
								"up": {"uv": [8.5, 12], "uv_size": [-0.5, -2]},
								"down": {"uv": [10.5, 8], "uv_size": [-0.5, 2]}
							}
						},
						{
							"origin": [5.805, 11.05146, -2.50911],
							"size": [0.39, 0.39, 0.78],
							"uv": {
								"north": {"uv": [6, 13], "uv_size": [0.5, 0.5]},
								"east": {"uv": [12, 8], "uv_size": [1, 0.5]},
								"south": {"uv": [13, 5], "uv_size": [0.5, 0.5]},
								"west": {"uv": [8, 12], "uv_size": [1, 0.5]},
								"up": {"uv": [9.5, 13], "uv_size": [-0.5, -1]},
								"down": {"uv": [12.5, 9], "uv_size": [-0.5, 1]}
							}
						},
						{
							"origin": [5.805, 11.05146, -0.94911],
							"size": [0.39, 0.39, 0.78],
							"uv": {
								"north": {"uv": [7, 13], "uv_size": [0.5, 0.5]},
								"east": {"uv": [12, 10], "uv_size": [1, 0.5]},
								"south": {"uv": [13, 6], "uv_size": [0.5, 0.5]},
								"west": {"uv": [10, 12], "uv_size": [1, 0.5]},
								"up": {"uv": [11.5, 13], "uv_size": [-0.5, -1]},
								"down": {"uv": [12.5, 11], "uv_size": [-0.5, 1]}
							}
						},
						{
							"origin": [5.805, 11.05146, 0.61089],
							"size": [0.39, 0.39, 0.78],
							"uv": {
								"north": {"uv": [8, 13], "uv_size": [0.5, 0.5]},
								"east": {"uv": [0, 13], "uv_size": [1, 0.5]},
								"south": {"uv": [13, 7], "uv_size": [0.5, 0.5]},
								"west": {"uv": [12, 12], "uv_size": [1, 0.5]},
								"up": {"uv": [13.5, 1], "uv_size": [-0.5, -1]},
								"down": {"uv": [1.5, 13], "uv_size": [-0.5, 1]}
							}
						},
						{
							"origin": [5.805, 11.05146, 2.17089],
							"size": [0.39, 0.39, 0.78],
							"uv": {
								"north": {"uv": [9, 13], "uv_size": [0.5, 0.5]},
								"east": {"uv": [2, 13], "uv_size": [1, 0.5]},
								"south": {"uv": [13, 8], "uv_size": [0.5, 0.5]},
								"west": {"uv": [13, 1], "uv_size": [1, 0.5]},
								"up": {"uv": [13.5, 3], "uv_size": [-0.5, -1]},
								"down": {"uv": [3.5, 13], "uv_size": [-0.5, 1]}
							}
						}
					]
				}
			]
		}
	]
}