{
	"format_version": "1.12.0",
	"minecraft:geometry": [
		{
			"description": {
				"identifier": "geometry.kunai_minato_projetil",
				"texture_width": 16,
				"texture_height": 16,
				"visible_bounds_width": 4,
				"visible_bounds_height": 2.5,
				"visible_bounds_offset": [0, 0.75, 0]
			},
			"bones": [
				{
					"name": "bone",
					"pivot": [0, 0, 1.53015],
					"cubes": [
						{
							"origin": [-0.5, -0.5, 0.44822],
							"size": [1, 1, 5.5],
							"pivot": [0, 0, 3.19822],
							"rotation": [0, 0, -45],
							"uv": {
								"north": {"uv": [4, 3], "uv_size": [1, 1]},
								"east": {"uv": [0, 4], "uv_size": [5.5, 1]},
								"south": {"uv": [5, 3], "uv_size": [1, 1]},
								"west": {"uv": [4, 0], "uv_size": [5.5, 1]},
								"up": {"uv": [0, 5], "uv_size": [1, 5.5]},
								"down": {"uv": [1, 10.5], "uv_size": [1, -5.5]}
							}
						},
						{
							"origin": [-0.25, -0.25, 5.94822],
							"size": [0.5, 0.5, 0.5],
							"pivot": [0, 0, 6.69822],
							"rotation": [-45, 0, 0],
							"uv": {
								"north": {"uv": [1, 12], "uv_size": [0.5, 0.5]},
								"east": {"uv": [12, 1], "uv_size": [0.5, 0.5]},
								"south": {"uv": [2, 12], "uv_size": [0.5, 0.5]},
								"west": {"uv": [12, 2], "uv_size": [0.5, 0.5]},
								"up": {"uv": [3, 12], "uv_size": [0.5, 0.5]},
								"down": {"uv": [12, 3.5], "uv_size": [0.5, -0.5]}
							}
						},
						{
							"origin": [-0.25, -0.25, 6.94822],
							"size": [0.5, 0.5, 0.5],
							"pivot": [0, 0, 6.69822],
							"rotation": [-45, 0, 0],
							"uv": {
								"north": {"uv": [12, 4], "uv_size": [0.5, 0.5]},
								"east": {"uv": [12, 5], "uv_size": [0.5, 0.5]},
								"south": {"uv": [12, 6], "uv_size": [0.5, 0.5]},
								"west": {"uv": [12, 7], "uv_size": [0.5, 0.5]},
								"up": {"uv": [12, 8], "uv_size": [0.5, 0.5]},
								"down": {"uv": [12, 9.5], "uv_size": [0.5, -0.5]}
							}
						},
						{
							"origin": [-0.25, 0.25, 5.94822],
							"size": [0.5, 0.5, 1.5],
							"pivot": [0, 0, 6.69822],
							"rotation": [-45, 0, 0],
							"uv": {
								"north": {"uv": [10, 12], "uv_size": [0.5, 0.5]},
								"east": {"uv": [10, 6], "uv_size": [1.5, 0.5]},
								"south": {"uv": [12, 10], "uv_size": [0.5, 0.5]},
								"west": {"uv": [10, 7], "uv_size": [1.5, 0.5]},
								"up": {"uv": [10, 8], "uv_size": [0.5, 1.5]},
								"down": {"uv": [10, 11.5], "uv_size": [0.5, -1.5]}
							}
						},
						{
							"origin": [-0.25, -0.75, 5.94822],
							"size": [0.5, 0.5, 1.5],
							"pivot": [0, 0, 6.69822],
							"rotation": [-45, 0, 0],
							"uv": {
								"north": {"uv": [11, 12], "uv_size": [0.5, 0.5]},
								"east": {"uv": [0, 11], "uv_size": [1.5, 0.5]},
								"south": {"uv": [12, 11], "uv_size": [0.5, 0.5]},
								"west": {"uv": [11, 0], "uv_size": [1.5, 0.5]},
								"up": {"uv": [11, 1], "uv_size": [0.5, 1.5]},
								"down": {"uv": [11, 4.5], "uv_size": [0.5, -1.5]}
							}
						},
						{
							"origin": [-0.375, -0.75, -0.05178],
							"size": [0.75, 1.5, 0.5],
							"uv": {
								"north": {"uv": [7, 9], "uv_size": [1, 1.5]},
								"east": {"uv": [4, 11], "uv_size": [0.5, 1.5]},
								"south": {"uv": [8, 9], "uv_size": [1, 1.5]},
								"west": {"uv": [5, 11], "uv_size": [0.5, 1.5]},
								"up": {"uv": [11, 5], "uv_size": [1, 0.5]},
								"down": {"uv": [11, 10.5], "uv_size": [1, -0.5]}
							}
						},
						{
							"origin": [-0.5, -1.25, -1.55178],
							"size": [1, 2.5, 1.5],
							"uv": {
								"north": {"uv": [4, 8], "uv_size": [1, 2.5]},
								"east": {"uv": [2, 5], "uv_size": [1.5, 2.5]},
								"south": {"uv": [5, 8], "uv_size": [1, 2.5]},
								"west": {"uv": [4, 5], "uv_size": [1.5, 2.5]},
								"up": {"uv": [9, 9], "uv_size": [1, 1.5]},
								"down": {"uv": [10, 1.5], "uv_size": [1, -1.5]}
							}
						},
						{
							"origin": [-0.25, 0.5, -1.80178],
							"size": [0.5, 1.75, 1.25],
							"pivot": [0, 1.625, -1.55178],
							"rotation": [32.5, 0, 0],
							"uv": {
								"north": {"uv": [2, 10], "uv_size": [0.5, 2]},
								"east": {"uv": [6, 7], "uv_size": [1.5, 2]},
								"south": {"uv": [10, 2], "uv_size": [0.5, 2]},
								"west": {"uv": [8, 1], "uv_size": [1.5, 2]},
								"up": {"uv": [7, 11], "uv_size": [0.5, 1.5]},
								"down": {"uv": [8, 12.5], "uv_size": [0.5, -1.5]}
							}
						},
						{
							"origin": [-0.25, -2.25, -1.80178],
							"size": [0.5, 1.75, 1.25],
							"pivot": [0, -1.625, -1.55178],
							"rotation": [-32.5, 0, 0],
							"uv": {
								"north": {"uv": [3, 10], "uv_size": [0.5, 2]},
								"east": {"uv": [2, 8], "uv_size": [1.5, 2]},
								"south": {"uv": [10, 4], "uv_size": [0.5, 2]},
								"west": {"uv": [8, 3], "uv_size": [1.5, 2]},
								"up": {"uv": [11, 8], "uv_size": [0.5, 1.5]},
								"down": {"uv": [9, 12.5], "uv_size": [0.5, -1.5]}
							}
						},
						{
							"origin": [-0.375, -1, -5.05178],
							"size": [0.75, 2, 3.5],
							"uv": {
								"north": {"uv": [8, 5], "uv_size": [1, 2]},
								"east": {"uv": [0, 0], "uv_size": [3.5, 2]},
								"south": {"uv": [8, 7], "uv_size": [1, 2]},
								"west": {"uv": [0, 2], "uv_size": [3.5, 2]},
								"up": {"uv": [6, 3], "uv_size": [1, 3.5]},
								"down": {"uv": [7, 6.5], "uv_size": [1, -3.5]}
							}
						},
						{
							"origin": [-0.25, -0.5, -9.05178],
							"size": [0.5, 1, 4],
							"uv": {
								"north": {"uv": [11, 11], "uv_size": [0.5, 1]},
								"east": {"uv": [4, 1], "uv_size": [4, 1]},
								"south": {"uv": [0, 12], "uv_size": [0.5, 1]},
								"west": {"uv": [4, 2], "uv_size": [4, 1]},
								"up": {"uv": [9, 5], "uv_size": [0.5, 4]},
								"down": {"uv": [6, 13], "uv_size": [0.5, -4]}
							}
						}
					]
				}
			]
		}
	]
}