{
	"format_version": "1.12.0",
	"minecraft:geometry": [
		{
			"description": {
				"identifier": "geometry.marca_maldicao",
				"texture_width": 64,
				"texture_height": 64,
				"visible_bounds_width": 3,
				"visible_bounds_height": 3.5,
				"visible_bounds_offset": [0, 1.25, 0]
			},
			"bones": [
				{
					"name": "head",
					"pivot": [0, 24, 0],
					"cubes": [
						{
							"origin": [-4.125, 23.875, -4.125],
							"size": [8.25, 8.25, 8.25],
							"uv": {
								"north": {"uv": [0, 13], "uv_size": [8.25, 8.25]},
								"east": {"uv": [9, 13], "uv_size": [8.25, 8.25]},
								"south": {"uv": [18, 0], "uv_size": [8.25, 8.25]},
								"west": {"uv": [18, 9], "uv_size": [8.25, 8.25]},
								"up": {"uv": [18, 18], "uv_size": [8.25, 8.25]},
								"down": {"uv": [0, 30.25], "uv_size": [8.25, -8.25]}
							}
						}
					]
				},
				{
					"name": "body",
					"pivot": [0, 24, 0],
					"cubes": [
						{
							"origin": [-4.125, 11.875, -2.125],
							"size": [8.25, 12.25, 4.25],
							"uv": {
								"north": {"uv": [0, 0], "uv_size": [8.25, 12.25]},
								"east": {"uv": [19, 27], "uv_size": [4.25, 12.25]},
								"south": {"uv": [9, 0], "uv_size": [8.25, 12.25]},
								"west": {"uv": [24, 27], "uv_size": [4.25, 12.25]},
								"up": {"uv": [10, 40], "uv_size": [8.25, 4.25]},
								"down": {"uv": [19, 44.25], "uv_size": [8.25, -4.25]}
							}
						}
					]
				},
				{
					"name": "leftArm",
					"pivot": [5, 22, 0],
					"cubes": [
						{
							"origin": [3.875, 11.875, -2.125],
							"size": [4.25, 12.25, 4.25],
							"uv": {
								"north": {"uv": [29, 26], "uv_size": [4.25, 12.25]},
								"east": {"uv": [0, 31], "uv_size": [4.25, 12.25]},
								"south": {"uv": [32, 0], "uv_size": [4.25, 12.25]},
								"west": {"uv": [32, 13], "uv_size": [4.25, 12.25]},
								"up": {"uv": [42, 20], "uv_size": [4.25, 4.25]},
								"down": {"uv": [0, 48.25], "uv_size": [4.25, -4.25]}
							}
						}
					]
				},
				{
					"name": "rightArm",
					"pivot": [-5, 22, 0],
					"cubes": [
						{
							"origin": [-8.125, 11.875, -2.125],
							"size": [4.25, 12.25, 4.25],
							"uv": {
								"north": {"uv": [34, 26], "uv_size": [4.25, 12.25]},
								"east": {"uv": [5, 35], "uv_size": [4.25, 12.25]},
								"south": {"uv": [37, 0], "uv_size": [4.25, 12.25]},
								"west": {"uv": [37, 13], "uv_size": [4.25, 12.25]},
								"up": {"uv": [44, 25], "uv_size": [4.25, 4.25]},
								"down": {"uv": [44, 34.25], "uv_size": [4.25, -4.25]}
							}
						}
					]
				},
				{
					"name": "leftLeg",
					"pivot": [1.9, 12, 0],
					"cubes": [
						{
							"origin": [-0.225, -0.125, -2.125],
							"size": [4.375, 12.25, 4.25],
							"uv": {
								"north": {"uv": [9, 22], "uv_size": [4.5, 12.25]},
								"east": {"uv": [39, 26], "uv_size": [4.25, 12.25]},
								"south": {"uv": [27, 0], "uv_size": [4.5, 12.25]},
								"west": {"uv": [29, 39], "uv_size": [4.25, 12.25]},
								"up": {"uv": [42, 0], "uv_size": [4.5, 4.25]},
								"down": {"uv": [42, 9.25], "uv_size": [4.5, -4.25]}
							}
						}
					]
				},
				{
					"name": "rightLeg",
					"pivot": [-1.9, 12, 0],
					"cubes": [
						{
							"origin": [-4.15, -0.125, -2.125],
							"size": [4.375, 12.25, 4.25],
							"uv": {
								"north": {"uv": [27, 13], "uv_size": [4.5, 12.25]},
								"east": {"uv": [34, 39], "uv_size": [4.25, 12.25]},
								"south": {"uv": [14, 27], "uv_size": [4.5, 12.25]},
								"west": {"uv": [39, 39], "uv_size": [4.25, 12.25]},
								"up": {"uv": [42, 10], "uv_size": [4.5, 4.25]},
								"down": {"uv": [42, 19.25], "uv_size": [4.5, -4.25]}
							}
						}
					]
				}
			]
		}
	]
}