{
	"format_version": "1.8.0",
	"geometry.mob2": {
		"texturewidth": 64,
		"textureheight": 64,
		"visible_bounds_width": 3,
		"visible_bounds_height": 3,
		"visible_bounds_offset": [0, 1.5, 0],
		"bones": [
			{
				"name": "body",
				"pivot": [0, 24, 0],
				"cubes": [
					{"origin": [-4, 12, -2], "size": [8, 12, 4], "uv": [16, 16]},
					{"origin": [-4.25, 11.75, -2.25], "size": [8.5, 12.5, 4.5], "uv": [16, 32]}
				]
			},
			{
				"name": "head",
				"pivot": [0, 24, 0],
				"cubes": [
					{"origin": [-4, 24, -4], "size": [8, 8, 8], "uv": [0, 0]},
					{"origin": [-4.25, 23.75, -4.25], "size": [8.5, 8.5, 8.5], "uv": [32, 0]}
				]
			},
			{
				"name": "rightArm",
				"pivot": [-5, 22, 0],
				"cubes": [
					{"origin": [-7, 12, -2], "size": [3, 12, 4], "uv": [40, 16]},
					{"origin": [-7.25, 11.75, -2.25], "size": [3.5, 12.5, 4.5], "uv": [40, 32]}
				]
			},
			{
				"name": "leftArm",
				"pivot": [5, 22, 0],
				"mirror": true,
				"cubes": [
					{"origin": [4, 12, -2], "size": [3, 12, 4], "uv": [32, 48], "mirror": false},
					{"origin": [3.75, 11.75, -2.25], "size": [3.5, 12.5, 4.5], "uv": [48, 48], "mirror": false}
				]
			},
			{
				"name": "rightLeg",
				"pivot": [-1.9, 12, 0],
				"cubes": [
					{"origin": [-3.9, 0, -2], "size": [4, 12, 4], "uv": [0, 16]},
					{"origin": [-4.15, -0.25, -2.25], "size": [4.5, 12.5, 4.5], "uv": [0, 32]}
				]
			},
			{
				"name": "leftLeg",
				"pivot": [1.9, 12, 0],
				"mirror": true,
				"cubes": [
					{"origin": [-0.1, 0, -2], "size": [4, 12, 4], "uv": [0, 16]},
					{"origin": [-0.35, -0.25, -2.25], "size": [4.5, 12.5, 4.5], "uv": [0, 32]}
				]
			},
			{
				"name": "locator",
				"pivot": [0, 0, 0],
				"locators": {
					"locator_fala": [0, 41, 0]
				}
			}
		]
	}
}