{
	"format_version": "1.12.0",
	"minecraft:geometry": [
		{
			"description": {
				"identifier": "geometry.tigre",
				"texture_width": 32,
				"texture_height": 32,
				"visible_bounds_width": 5,
				"visible_bounds_height": 4.5,
				"visible_bounds_offset": [0, 1.75, 0]
			},
			"bones": [
				{
					"name": "bone",
					"pivot": [0, 20.18132, -0.7608],
					"cubes": [
						{
							"origin": [-0.06775, 20.25726, -0.81232],
							"size": [0.1355, 0.08469, 0.271],
							"pivot": [0, 20.2003, -0.73921],
							"rotation": [12.5, 0, 0],
							"uv": {
								"north": {"uv": [9, 25], "uv_size": [2, 1.5]},
								"east": {"uv": [16, 15], "uv_size": [4, 1.5]},
								"south": {"uv": [26, 12], "uv_size": [2, 1.5]},
								"west": {"uv": [3, 17], "uv_size": [4, 1.5]},
								"up": {"uv": [0, 12], "uv_size": [2, 4]},
								"down": {"uv": [2, 16], "uv_size": [2, -4]}
							}
						},
						{
							"origin": [0.03865, 20.25625, -0.83109],
							"size": [0.1355, 0.06775, 0.06775],
							"pivot": [0, 20.2003, -0.73921],
							"rotation": [13.27463, -19.50645, -4.50432],
							"uv": {
								"north": {"uv": [21, 10], "uv_size": [2, 1]},
								"east": {"uv": [13, 14], "uv_size": [1, 1]},
								"south": {"uv": [27, 9], "uv_size": [2, 1]},
								"west": {"uv": [3, 16], "uv_size": [1, 1]},
								"up": {"uv": [27, 27], "uv_size": [2, 1]},
								"down": {"uv": [28, 1], "uv_size": [2, -1]}
							}
						},
						{
							"origin": [-0.17416, 20.25625, -0.83109],
							"size": [0.1355, 0.06775, 0.06775],
							"pivot": [0, 20.2003, -0.73921],
							"rotation": [13.27463, 19.50645, 4.50432],
							"uv": {
								"north": {"uv": [28, 1], "uv_size": [2, 1]},
								"east": {"uv": [2, 21], "uv_size": [1, 1]},
								"south": {"uv": [28, 2], "uv_size": [2, 1]},
								"west": {"uv": [8, 22], "uv_size": [1, 1]},
								"up": {"uv": [3, 28], "uv_size": [2, 1]},
								"down": {"uv": [9, 29], "uv_size": [2, -1]}
							}
						},
						{
							"origin": [-0.05082, 20.18267, -1.06069],
							"size": [0.10162, 0.10162, 0.25406],
							"pivot": [0, 20.2003, -0.73921],
							"rotation": [12.5, 0, 0],
							"uv": {
								"north": {"uv": [12, 27], "uv_size": [1.5, 1.5]},
								"east": {"uv": [17, 6], "uv_size": [4, 1.5]},
								"south": {"uv": [27, 16], "uv_size": [1.5, 1.5]},
								"west": {"uv": [7, 17], "uv_size": [4, 1.5]},
								"up": {"uv": [17, 8], "uv_size": [1.5, 4]},
								"down": {"uv": [11, 21], "uv_size": [1.5, -4]}
							}
						},
						{
							"origin": [0.03103, 20.19397, -1.04208],
							"size": [0.10162, 0.06775, 0.23712],
							"pivot": [0, 20.2003, -0.73921],
							"rotation": [11.93845, -3.73171, 17.10967],
							"uv": {
								"north": {"uv": [28, 12], "uv_size": [1.5, 1]},
								"east": {"uv": [26, 6], "uv_size": [3.5, 1]},
								"south": {"uv": [28, 13], "uv_size": [1.5, 1]},
								"west": {"uv": [26, 7], "uv_size": [3.5, 1]},
								"up": {"uv": [20, 0], "uv_size": [1.5, 3.5]},
								"down": {"uv": [13, 23.5], "uv_size": [1.5, -3.5]}
							}
						},
						{
							"origin": [-0.13267, 20.19397, -1.04208],
							"size": [0.10162, 0.06775, 0.23712],
							"pivot": [0, 20.2003, -0.73921],
							"rotation": [11.93845, 3.73171, -17.10967],
							"uv": {
								"north": {"uv": [28, 18], "uv_size": [1.5, 1]},
								"east": {"uv": [26, 10], "uv_size": [3.5, 1]},
								"south": {"uv": [28, 21], "uv_size": [1.5, 1]},
								"west": {"uv": [26, 11], "uv_size": [3.5, 1]},
								"up": {"uv": [15, 20], "uv_size": [1.5, 3.5]},
								"down": {"uv": [20, 22.5], "uv_size": [1.5, -3.5]}
							}
						},
						{
							"origin": [-0.10163, 20.0026, -1.01269],
							"size": [0.20325, 0.15244, 0.22019],
							"uv": {
								"north": {"uv": [4, 14], "uv_size": [3, 2.5]},
								"east": {"uv": [11, 0], "uv_size": [3.5, 2.5]},
								"south": {"uv": [14, 6], "uv_size": [3, 2.5]},
								"west": {"uv": [11, 3], "uv_size": [3.5, 2.5]},
								"up": {"uv": [3, 8], "uv_size": [3, 3.5]},
								"down": {"uv": [8, 7.5], "uv_size": [3, -3.5]}
							}
						},
						{
							"origin": [0.09128, 20.08044, -0.76161],
							"size": [0.1355, 0.18631, 0.1355],
							"pivot": [0, 20.2003, -0.73921],
							"rotation": [0, 0, -17.5],
							"uv": {
								"north": {"uv": [17, 12], "uv_size": [2, 3]},
								"east": {"uv": [16, 17], "uv_size": [2, 3]},
								"south": {"uv": [18, 0], "uv_size": [2, 3]},
								"west": {"uv": [18, 3], "uv_size": [2, 3]},
								"up": {"uv": [4, 12], "uv_size": [2, 2]},
								"down": {"uv": [15, 26], "uv_size": [2, -2]}
							}
						},
						{
							"origin": [0.11901, 20.11364, -0.77855],
							"size": [0.15244, 0.11856, 0.18631],
							"pivot": [0, 20.2003, -0.73921],
							"rotation": [0, 0, 17.5],
							"uv": {
								"north": {"uv": [20, 15], "uv_size": [2.5, 2]},
								"east": {"uv": [11, 6], "uv_size": [3, 2]},
								"south": {"uv": [21, 8], "uv_size": [2.5, 2]},
								"west": {"uv": [13, 18], "uv_size": [3, 2]},
								"up": {"uv": [7, 14], "uv_size": [2.5, 3]},
								"down": {"uv": [14, 12], "uv_size": [2.5, -3]}
							}
						},
						{
							"origin": [0.01759, 20.11215, -0.69276],
							"size": [0.15244, 0.11856, 0.16937],
							"pivot": [0, 20.2003, -0.73921],
							"rotation": [0, 60, 17.5],
							"uv": {
								"north": {"uv": [21, 17], "uv_size": [2.5, 2]},
								"east": {"uv": [22, 0], "uv_size": [2.5, 2]},
								"south": {"uv": [2, 22], "uv_size": [2.5, 2]},
								"west": {"uv": [22, 2], "uv_size": [2.5, 2]},
								"up": {"uv": [15, 0], "uv_size": [2.5, 2.5]},
								"down": {"uv": [15, 5.5], "uv_size": [2.5, -2.5]}
							}
						},
						{
							"origin": [0.13958, 20.27349, -0.77792],
							"size": [0.07119, 0.11856, 0.16937],
							"pivot": [0, 20.2003, -0.73921],
							"rotation": [0, 0, 77.5],
							"uv": {
								"north": {"uv": [20, 4], "uv_size": [1, 2]},
								"east": {"uv": [5, 22], "uv_size": [2.5, 2]},
								"south": {"uv": [14, 27], "uv_size": [1, 2]},
								"west": {"uv": [22, 19], "uv_size": [2.5, 2]},
								"up": {"uv": [27, 0], "uv_size": [1, 2.5]},
								"down": {"uv": [2, 29.5], "uv_size": [1, -2.5]}
							}
						},
						{
							"origin": [0.12386, 20.18383, -0.89668],
							"size": [0.06775, 0.06775, 0.271],
							"pivot": [0, 20.2003, -0.73921],
							"rotation": [39.06267, 26.86346, 15.66076],
							"uv": {
								"north": {"uv": [23, 16], "uv_size": [1, 1]},
								"east": {"uv": [24, 18], "uv_size": [4, 1]},
								"south": {"uv": [28, 26], "uv_size": [1, 1]},
								"west": {"uv": [24, 23], "uv_size": [4, 1]},
								"up": {"uv": [24, 24], "uv_size": [1, 4]},
								"down": {"uv": [0, 29], "uv_size": [1, -4]}
							}
						},
						{
							"origin": [0.17036, 20.15316, -0.84474],
							"size": [0.06775, 0.06775, 0.20325],
							"pivot": [0, 20.2003, -0.73921],
							"rotation": [28.0169, 38.00601, 27.60701],
							"uv": {
								"north": {"uv": [28, 28], "uv_size": [1, 1]},
								"east": {"uv": [26, 14], "uv_size": [3, 1]},
								"south": {"uv": [0, 29], "uv_size": [1, 1]},
								"west": {"uv": [26, 15], "uv_size": [3, 1]},
								"up": {"uv": [17, 20], "uv_size": [1, 3]},
								"down": {"uv": [15, 29], "uv_size": [1, -3]}
							}
						},
						{
							"origin": [-0.00105, 20.18673, -0.83016],
							"size": [0.16937, 0.08469, 0.06775],
							"pivot": [0, 20.2003, -0.73921],
							"rotation": [0, -20, 0],
							"uv": {
								"north": {"uv": [17, 25], "uv_size": [2.5, 1.5]},
								"east": {"uv": [28, 22], "uv_size": [1, 1.5]},
								"south": {"uv": [25, 21], "uv_size": [2.5, 1.5]},
								"west": {"uv": [24, 28], "uv_size": [1, 1.5]},
								"up": {"uv": [3, 27], "uv_size": [2.5, 1]},
								"down": {"uv": [27, 4], "uv_size": [2.5, -1]}
							}
						},
						{
							"origin": [0.01575, 20.25829, -0.68943],
							"size": [0.10162, 0.18631, 0.08469],
							"pivot": [0, 20.2003, -0.73921],
							"rotation": [15.2903, 18.43466, 15.75023],
							"uv": {
								"north": {"uv": [11, 21], "uv_size": [1.5, 3]},
								"east": {"uv": [20, 23], "uv_size": [1.5, 3]},
								"south": {"uv": [22, 23], "uv_size": [1.5, 3]},
								"west": {"uv": [2, 24], "uv_size": [1.5, 3]},
								"up": {"uv": [17, 27], "uv_size": [1.5, 1.5]},
								"down": {"uv": [19, 28.5], "uv_size": [1.5, -1.5]}
							}
						},
						{
							"origin": [-0.23812, 20.15316, -0.84474],
							"size": [0.06775, 0.06775, 0.20325],
							"pivot": [0, 20.2003, -0.73921],
							"rotation": [28.0169, -38.00601, -27.60701],
							"uv": {
								"north": {"uv": [1, 29], "uv_size": [1, 1]},
								"east": {"uv": [20, 26], "uv_size": [3, 1]},
								"south": {"uv": [3, 29], "uv_size": [1, 1]},
								"west": {"uv": [25, 26], "uv_size": [3, 1]},
								"up": {"uv": [16, 26], "uv_size": [1, 3]},
								"down": {"uv": [23, 29], "uv_size": [1, -3]}
							}
						},
						{
							"origin": [-0.21078, 20.27349, -0.77792],
							"size": [0.07119, 0.11856, 0.16937],
							"pivot": [0, 20.2003, -0.73921],
							"rotation": [0, 0, -77.5],
							"uv": {
								"north": {"uv": [5, 28], "uv_size": [1, 2]},
								"east": {"uv": [22, 21], "uv_size": [2.5, 2]},
								"south": {"uv": [11, 28], "uv_size": [1, 2]},
								"west": {"uv": [23, 4], "uv_size": [2.5, 2]},
								"up": {"uv": [6, 27], "uv_size": [1, 2.5]},
								"down": {"uv": [7, 29.5], "uv_size": [1, -2.5]}
							}
						},
						{
							"origin": [-0.17004, 20.11215, -0.69276],
							"size": [0.15244, 0.11856, 0.16937],
							"pivot": [0, 20.2003, -0.73921],
							"rotation": [0, -60, -17.5],
							"uv": {
								"north": {"uv": [23, 6], "uv_size": [2.5, 2]},
								"east": {"uv": [8, 23], "uv_size": [2.5, 2]},
								"south": {"uv": [23, 10], "uv_size": [2.5, 2]},
								"west": {"uv": [23, 12], "uv_size": [2.5, 2]},
								"up": {"uv": [13, 15], "uv_size": [2.5, 2.5]},
								"down": {"uv": [0, 18.5], "uv_size": [2.5, -2.5]}
							}
						},
						{
							"origin": [-0.27146, 20.11364, -0.77855],
							"size": [0.15244, 0.11856, 0.18631],
							"pivot": [0, 20.2003, -0.73921],
							"rotation": [0, 0, -17.5],
							"uv": {
								"north": {"uv": [23, 14], "uv_size": [2.5, 2]},
								"east": {"uv": [18, 17], "uv_size": [3, 2]},
								"south": {"uv": [17, 23], "uv_size": [2.5, 2]},
								"west": {"uv": [0, 19], "uv_size": [3, 2]},
								"up": {"uv": [10, 14], "uv_size": [2.5, 3]},
								"down": {"uv": [14, 15], "uv_size": [2.5, -3]}
							}
						},
						{
							"origin": [-0.22679, 20.08044, -0.76161],
							"size": [0.1355, 0.18631, 0.1355],
							"pivot": [0, 20.2003, -0.73921],
							"rotation": [0, 0, 17.5],
							"uv": {
								"north": {"uv": [3, 19], "uv_size": [2, 3]},
								"east": {"uv": [5, 19], "uv_size": [2, 3]},
								"south": {"uv": [7, 19], "uv_size": [2, 3]},
								"west": {"uv": [19, 8], "uv_size": [2, 3]},
								"up": {"uv": [25, 0], "uv_size": [2, 2]},
								"down": {"uv": [25, 4], "uv_size": [2, -2]}
							}
						},
						{
							"origin": [-0.16833, 20.18673, -0.83016],
							"size": [0.16937, 0.08469, 0.06775],
							"pivot": [0, 20.2003, -0.73921],
							"rotation": [0, 20, 0],
							"uv": {
								"north": {"uv": [25, 24], "uv_size": [2.5, 1.5]},
								"east": {"uv": [28, 24], "uv_size": [1, 1.5]},
								"south": {"uv": [26, 4], "uv_size": [2.5, 1.5]},
								"west": {"uv": [27, 28], "uv_size": [1, 1.5]},
								"up": {"uv": [27, 8], "uv_size": [2.5, 1]},
								"down": {"uv": [9, 28], "uv_size": [2.5, -1]}
							}
						},
						{
							"origin": [-0.19162, 20.18383, -0.89668],
							"size": [0.06775, 0.06775, 0.271],
							"pivot": [0, 20.2003, -0.73921],
							"rotation": [39.06267, -26.86346, -15.66076],
							"uv": {
								"north": {"uv": [4, 29], "uv_size": [1, 1]},
								"east": {"uv": [25, 19], "uv_size": [4, 1]},
								"south": {"uv": [29, 4], "uv_size": [1, 1]},
								"west": {"uv": [25, 20], "uv_size": [4, 1]},
								"up": {"uv": [1, 25], "uv_size": [1, 4]},
								"down": {"uv": [8, 29], "uv_size": [1, -4]}
							}
						},
						{
							"origin": [-0.11739, 20.25829, -0.68943],
							"size": [0.10162, 0.18631, 0.08469],
							"pivot": [0, 20.2003, -0.73921],
							"rotation": [15.2903, -18.43466, -15.75023],
							"uv": {
								"north": {"uv": [4, 24], "uv_size": [1.5, 3]},
								"east": {"uv": [6, 24], "uv_size": [1.5, 3]},
								"south": {"uv": [11, 24], "uv_size": [1.5, 3]},
								"west": {"uv": [13, 24], "uv_size": [1.5, 3]},
								"up": {"uv": [21, 27], "uv_size": [1.5, 1.5]},
								"down": {"uv": [25, 28.5], "uv_size": [1.5, -1.5]}
							}
						},
						{
							"origin": [-0.1355, 19.99072, -0.79145],
							"size": [0.271, 0.16937, 0.25406],
							"pivot": [0, 20.2003, -0.73921],
							"rotation": [-4.5, 0, 0],
							"uv": {
								"north": {"uv": [6, 8], "uv_size": [4, 2.5]},
								"east": {"uv": [6, 11], "uv_size": [3.5, 2.5]},
								"south": {"uv": [10, 8], "uv_size": [4, 2.5]},
								"west": {"uv": [10, 11], "uv_size": [3.5, 2.5]},
								"up": {"uv": [0, 0], "uv_size": [4, 3.5]},
								"down": {"uv": [0, 7.5], "uv_size": [4, -3.5]}
							}
						},
						{
							"origin": [-0.13597, 20.08002, -0.67385],
							"size": [0.27193, 0.22019, 0.10162],
							"pivot": [0, 20.2003, -0.73921],
							"rotation": [20, 0, 0],
							"uv": {
								"north": {"uv": [4, 0], "uv_size": [4, 3.5]},
								"east": {"uv": [0, 21], "uv_size": [1.5, 3.5]},
								"south": {"uv": [4, 4], "uv_size": [4, 3.5]},
								"west": {"uv": [21, 4], "uv_size": [1.5, 3.5]},
								"up": {"uv": [19, 11], "uv_size": [4, 1.5]},
								"down": {"uv": [19, 14.5], "uv_size": [4, -1.5]}
							}
						},
						{
							"origin": [-0.10163, 20.03062, -0.58751],
							"size": [0.20325, 0.271, 0.08469],
							"pivot": [0, 20.2003, -0.73921],
							"rotation": [10, 0, 0],
							"uv": {
								"north": {"uv": [0, 8], "uv_size": [3, 4]},
								"east": {"uv": [9, 19], "uv_size": [1.5, 4]},
								"south": {"uv": [8, 0], "uv_size": [3, 4]},
								"west": {"uv": [18, 19], "uv_size": [1.5, 4]},
								"up": {"uv": [24, 8], "uv_size": [3, 1.5]},
								"down": {"uv": [24, 17.5], "uv_size": [3, -1.5]}
							}
						}
					]
				}
			]
		}
	]
}