{
  "format_version": "1.21.10",
  "minecraft:item": {
    "description": {
      "identifier": "wesl3y:bara_skills",
      "menu_category": {
        "category": "items"
      }
    },
    "components": {
      "minecraft:tags": {
        "tags": [
          "first_person",
          "no_attack",
          "4skills",
          "fruit"
        ]
      },
      "minecraft:use_modifiers": {
        "movement_modifier": 0.35,
        "use_duration": 99999
      },
      "minecraft:icon": "bara_skills",
      "minecraft:display_name": {
        "value": "Bara Skills"
      },
      "minecraft:custom_components": [
        "wesl3y:bara_skills"
      ]
    }
  }
}