{
  "format_version": "1.21.10",
  "minecraft:item": {
    "description": {
      "identifier": "wesl3y:bomu_skills",
      "menu_category": {
        "category": "items"
      }
    },
    "components": {
      "minecraft:tags": {
        "tags": [
          "first_person",
          "no_attack",
          "4skills",
          "fruit"
        ]
      },
      "minecraft:use_modifiers": {
        "movement_modifier": 0.35,
        "use_duration": 99999
      },
      "minecraft:icon": "bomu_skills",
      "minecraft:display_name": {
        "value": "Bomu Skills"
      },
      "minecraft:custom_components": [
        "wesl3y:bomu_skills"
      ]
    }
  }
}/*
      "minecraft:on_use": {
        "on_use": {
          "event": "using",
          "target": "self"
        }
      }
    },
    "events": {
      "using": {
        "sequence": [
          {
            "condition": "q.property('wesl3y:empty') == 0 && q.property('wesl3y:skill') == 0 && q.scoreboard('slotSkill') == 0 && q.scoreboard('cooldown1') == 0 && q.scoreboard('hurtCur') == 0 && !q.is_sneaking && !q.is_riding && !q.is_in_water",
            "run_command": {
              "command": [
                "tellraw @s[scores={fruitMaes=..0}] {\"rawtext\":[{\"text\":\"§c\"}, {\"translate\":\"text.requires\"}, {\"text\":\"Fruit 1\"}]}",
                "tellraw @s[scores={fruitMaes=1..,energyCur=..49}] {\"rawtext\":[{\"text\":\"§c\"}, {\"translate\":\"text.requires\"}, {\"text\":\"Energy 50\"}]}",
                "event entity @s[scores={fruitMaes=1..,energyCur=50..}] wesl3y:skill1"
              ]
            }
          },
          {
            "condition": "q.property('wesl3y:empty') == 0 && q.property('wesl3y:skill') == 0 && q.scoreboard('slotSkill') == 1 && q.scoreboard('cooldown2') == 0 && q.scoreboard('hurtCur') == 0 && !q.is_sneaking && !q.is_riding && !q.is_in_water",
            "run_command": {
              "command": [
                "tellraw @s[scores={fruitMaes=..69}] {\"rawtext\":[{\"text\":\"§c\"}, {\"translate\":\"text.requires\"}, {\"text\":\"Fruit 70\"}]}",
                "tellraw @s[scores={fruitMaes=70..,energyCur=..49}] {\"rawtext\":[{\"text\":\"§c\"}, {\"translate\":\"text.requires\"}, {\"text\":\"Energy 50\"}]}",
                "event entity @s[scores={fruitMaes=70..,energyCur=50..}] wesl3y:skill2"
              ]
            }
          },
          {
            "condition": "q.property('wesl3y:empty') == 0 && q.property('wesl3y:skill') == 0 && q.scoreboard('slotSkill') == 2 && q.scoreboard('cooldown3') == 0 && q.scoreboard('hurtCur') == 0 && !q.is_sneaking && !q.is_riding && !q.is_in_water",
            "run_command": {
              "command": [
                "tellraw @s[scores={fruitMaes=..139}] {\"rawtext\":[{\"text\":\"§c\"}, {\"translate\":\"text.requires\"}, {\"text\":\"Fruit 140\"}]}",
                "tellraw @s[scores={fruitMaes=140..,energyCur=..49}] {\"rawtext\":[{\"text\":\"§c\"}, {\"translate\":\"text.requires\"}, {\"text\":\"Energy 50\"}]}",
                "event entity @s[scores={fruitMaes=140..,energyCur=50..}] wesl3y:skill3"
              ]
            }
          },
          {
            "condition": "q.property('wesl3y:empty') == 0 && q.property('wesl3y:skill') == 0 && q.scoreboard('slotSkill') == 3 && q.scoreboard('cooldown4') == 0 && q.scoreboard('hurtCur') == 0 && !q.is_sneaking && !q.is_riding && !q.is_in_water",
            "run_command": {
              "command": [
                "tellraw @s[scores={fruitMaes=..209}] {\"rawtext\":[{\"text\":\"§c\"}, {\"translate\":\"text.requires\"}, {\"text\":\"Fruit 210\"}]}",
                "tellraw @s[scores={fruitMaes=210..,energyCur=..49}] {\"rawtext\":[{\"text\":\"§c\"}, {\"translate\":\"text.requires\"}, {\"text\":\"Energy 50\"}]}",
                "event entity @s[scores={fruitMaes=210..,energyCur=50..}] wesl3y:skill4"
              ]
            }
          }
        ]
      }
    }
  }
}*/