{
  "format_version": "1.21.10",
  "minecraft:item": {
    "description": {
      "identifier": "wesl3y:bomu_fruit",
      "menu_category": {
        "category": "nature"
      }
    },
    "components": {
      "minecraft:use_modifiers": {
        "movement_modifier": 0.35,
        "use_duration": 1.0
      },
      "minecraft:use_animation": {
        "value": "eat"
      },
      "minecraft:max_stack_size": 64,
      "minecraft:icon":{
        "textures": {
          "default": "bomu_fruit"
        }
      },
      "minecraft:food": {
        "nutrition": 8,
        "saturation_modifier": 2.4,
        "can_always_eat": true
      },
      "minecraft:display_name":{
        "value":"Akuma no Mi\n\n§9§oParamecia"
      },
      "minecraft:custom_components": [
        "wesl3y:bomu_fruit"
      ]
    }
  }
}