{
  "format_version": "1.21.10",
  "minecraft:item": {
    "description": {
      "identifier": "wesl3y:gomu_gears",
      "menu_category": {
        "category": "items"
      }
    },
    "components": {
      "minecraft:tags": {
        "tags": [
          "first_person",
          "no_attack",
          "5skills",
          "gomu",
          "fruit"
        ]
      },
      "minecraft:use_modifiers": {
        "movement_modifier": 0.35,
        "use_duration": 99999
      },
      "minecraft:icon": "gomu_gears",
      "minecraft:display_name": {
        "value": "Gomu Gear"
      },
      "minecraft:custom_components": [
        "wesl3y:gomu_gears"
      ]
    }
  }
}/*
      "minecraft:on_use": {
        "on_use": {
          "event": "using",
          "target": "self"
        }
      }
    },
    "events": {
      "using": {
        "sequence": [
          {
            "condition": "query.property('wesl3y:mode') == 3 && query.scoreboard('slotSkill') == 0 && !q.is_sneaking",
            "run_command": {
              "command": [
                "tag @s remove gear_second",
                "tag @s remove stop_air",
                "scoreboard players set @s cooldown1 15",
                "scoreboard players set @s cooldownmax1 15" 
              ]
            }
          },
          {
            "condition": "q.property('wesley:empty') == 0 && q.property('wesl3y:mode') == 0 && q.property('wesl3y:skill') == 0 && q.scoreboard('slotSkill') == 0 && q.scoreboard('cooldown1') == 0 && !q.is_sneaking && !q.is_riding",
            "run_command": {
              "command": [
                "tellraw @s[scores={fruitMaes=..319}] {\"rawtext\":[{\"text\":\"§c\"}, {\"translate\":\"text.requires\"}, {\"text\":\"Fruit 320\"}]}",
                "tellraw @s[scores={fruitMaes=320..,energyCur=..49}] {\"rawtext\":[{\"text\":\"§c\"}, {\"translate\":\"text.requires\"}, {\"text\":\"Energy 50\"}]}",
                "event entity @s[scores={fruitMaes=320..,energyCur=50..}] wesl3y:skill1"
              ]
            }
          },
          {
            "condition": "query.property('wesl3y:mode') == 4 && query.scoreboard('slotSkill') == 1 && !q.is_sneaking",
            "run_command": {
              "command": [
                "tag @s remove gear_third",
                "tag @s remove stop_air",
                "scoreboard players set @s cooldown2 20",
                "scoreboard players set @s cooldownmax2 20" 
              ]
            }
          },
          {
            "condition": "q.property('wesley:empty') == 0 && q.property('wesl3y:mode') == 0 && q.property('wesl3y:skill') == 0 && q.scoreboard('slotSkill') == 1 && q.scoreboard('cooldown2') == 0 && !q.is_sneaking && !q.is_riding",
            "run_command": {
              "command": [
                "tellraw @s {\"rawtext\":[{\"text\":\"§cNext Version\"}]}"
              ]
            }
          },
          {
            "condition": "q.property('wesley:empty') == 0 && (q.property('wesl3y:mode') == 0 || q.property('wesl3y:mode') == 5) && q.property('wesl3y:skill') == 0 && q.scoreboard('slotSkill') == 2 && q.scoreboard('cooldown3') == 0 && !q.is_sneaking && !q.is_riding",
            "run_command": {
              "command": [
                "tellraw @s {\"rawtext\":[{\"text\":\"§cNext Version\"}]}"
              ]
            }
          },
          {
            "condition": "q.property('wesley:empty') == 0 && q.property('wesl3y:mode') == 0 && q.property('wesl3y:skill') == 0 && q.scoreboard('slotSkill') == 3 && q.scoreboard('cooldown4') == 0 && !q.is_sneaking && !q.is_riding",
            "run_command": {
              "command": [
                "tellraw @s {\"rawtext\":[{\"text\":\"§cNext Version\"}]}"
              ]
            }
          },
          {
            "condition": "query.property('wesl3y:mode') == 8 && query.scoreboard('slotSkill') == 4 && !q.is_sneaking",
            "run_command": {
              "command": [
                "tag @s remove gear_five",
                "tag @s remove stop_air",
                "scoreboard players set @s cooldown5 30",
                "scoreboard players set @s cooldownmax5 30" 
              ]
            }
          },
          {
            "condition": "q.property('wesley:empty') == 0 && q.property('wesl3y:mode') == 0 && q.property('wesl3y:skill') == 0 && q.scoreboard('slotSkill') == 4 && q.scoreboard('cooldown5') == 0 && !q.is_sneaking && !q.is_riding",
            "run_command": {
              "command": [
                "tellraw @s[tag=!fruit_awakening] {\"rawtext\":[{\"text\":\"§c\"}, {\"translate\":\"text.requires\"}, {\"text\":\"Death and Fruit Maestria 600\"}]}",
                "tellraw @s[tag=fruit_awakening,scores={energyCur=..49}] {\"rawtext\":[{\"text\":\"§c\"}, {\"translate\":\"text.requires\"}, {\"text\":\"Energy 50\"}]}",
                "tag @s[tag=fruit_awakening,scores={energyCur=50..}] add gear_five"
              ]
            }
          }
        ]
      }
    }
  }
}*/