{
  "format_version": "1.21.10",
  "minecraft:item": {
    "description": {
      "identifier": "wesl3y:goro2_skills",
      "menu_category": {
        "category": "items"
      }
    },
    "components": {
      "minecraft:tags": {
        "tags": [
          "first_person",
          "no_attack",
          "5skills",
          "fruit"
        ]
      },
      "minecraft:use_modifiers": {
        "movement_modifier": 0.35,
        "use_duration": 99999
      },
      "minecraft:icon": "goro2_skills",
      "minecraft:display_name": {
        "value": "Goro Skills"
      },
      "minecraft:custom_components": [
        "wesl3y:goro2_skills"
      ]
    }
  }
}/*
      "minecraft:on_use": {
        "on_use": {
          "event": "using",
          "target": "self"
        }
      }
    },
    "events": {
      "using": {
        "sequence": [
          {
            "condition": "q.property('wesl3y:empty') == 0 && q.property('wesl3y:skill') == 0 && q.scoreboard('slotSkill') == 0 && q.scoreboard('cooldown1') == 0 && q.scoreboard('hurtCur') == 0 && !q.is_sneaking && !q.is_riding && !q.is_in_water",
            "run_command": {
              "command": [
                "tellraw @s[scores={fruitMaes=..199}] {\"rawtext\":[{\"text\":\"§c\"}, {\"translate\":\"text.requires\"}, {\"text\":\"Fruit 200\"}]}",
                "tellraw @s[scores={fruitMaes=200..,energyCur=..49}] {\"rawtext\":[{\"text\":\"§c\"}, {\"translate\":\"text.requires\"}, {\"text\":\"Energy 50\"}]}",
                "event entity @s[scores={fruitMaes=200..,energyCur=50..}] wesl3y:skill1"
              ]
            }
          },
          {
            "condition": "q.property('wesl3y:empty') == 0 && q.property('wesl3y:skill') == 0 && q.scoreboard('slotSkill') == 1 && q.scoreboard('cooldown2') == 0 && q.scoreboard('hurtCur') == 0 && !q.is_sneaking && !q.is_riding && !q.is_in_water",
            "run_command": {
              "command": [
                "tellraw @s[scores={fruitMaes=..299}] {\"rawtext\":[{\"text\":\"§c\"}, {\"translate\":\"text.requires\"}, {\"text\":\"Fruit 300\"}]}",
                "tellraw @s[scores={fruitMaes=300..,energyCur=..49}] {\"rawtext\":[{\"text\":\"§c\"}, {\"translate\":\"text.requires\"}, {\"text\":\"Energy 50\"}]}",
                "event entity @s[scores={fruitMaes=300..,energyCur=50..}] wesl3y:skill2"
              ]
            }
          },
          {
            "condition": "q.property('wesl3y:empty') == 0 && q.property('wesl3y:skill') == 0 && q.scoreboard('slotSkill') == 2 && q.scoreboard('cooldown3') == 0 && q.scoreboard('hurtCur') == 0 && !q.is_sneaking && !q.is_riding && !q.is_in_water",
            "run_command": {
              "command": [
                "tellraw @s[scores={fruitMaes=..399}] {\"rawtext\":[{\"text\":\"§c\"}, {\"translate\":\"text.requires\"}, {\"text\":\"Fruit 400\"}]}",
                "tellraw @s[scores={fruitMaes=400..,energyCur=..49}] {\"rawtext\":[{\"text\":\"§c\"}, {\"translate\":\"text.requires\"}, {\"text\":\"Energy 50\"}]}",
                "event entity @s[scores={fruitMaes=400..,energyCur=50..}] wesl3y:skill3"
              ]
            }
          },
          {
            "condition": "q.property('wesl3y:empty') == 0 && q.property('wesl3y:skill') == 0 && q.scoreboard('slotSkill') == 3 && q.scoreboard('cooldown4') == 0 && q.scoreboard('hurtCur') == 0 && !q.is_sneaking && !q.is_riding && !q.is_in_water",
            "run_command": {
              "command": [
                "tellraw @s[scores={fruitMaes=..499}] {\"rawtext\":[{\"text\":\"§c\"}, {\"translate\":\"text.requires\"}, {\"text\":\"Fruit 500\"}]}",
                "tellraw @s[scores={fruitMaes=500..,energyCur=..49}] {\"rawtext\":[{\"text\":\"§c\"}, {\"translate\":\"text.requires\"}, {\"text\":\"Energy 50\"}]}",
                "event entity @s[scores={fruitMaes=500..,energyCur=50..}] wesl3y:skill4"
              ]
            }
          },
          {
            "condition": "query.property('wesl3y:mode') == 10 && query.scoreboard('slotSkill') == 4 && !q.is_sneaking",
            "run_command": {
              "command": [
                "tag @s remove goro_amaru",
                "tag @s remove stop_air",
                "scoreboard players set @s cooldown5 15",
                "scoreboard players set @s cooldownmax5 15" 
              ]
            }
          },
          {
            "condition": "q.property('wesl3y:empty') == 0 && q.property('wesl3y:mode') == 0 && q.property('wesl3y:skill') == 0 && q.scoreboard('slotSkill') == 4 && q.scoreboard('cooldown5') == 0 && q.scoreboard('hurtCur') == 0 && !q.is_sneaking && !q.is_riding && !q.is_in_water",
            "run_command": {
              "command": [
                "tellraw @s[scores={fruitMaes=..599}] {\"rawtext\":[{\"text\":\"§c\"}, {\"translate\":\"text.requires\"}, {\"text\":\"Fruit 600\"}]}",
                "tellraw @s[scores={fruitMaes=600..,energyCur=..49}] {\"rawtext\":[{\"text\":\"§c\"}, {\"translate\":\"text.requires\"}, {\"text\":\"Energy 50\"}]}",
                "tag @s[scores={fruitMaes=600..,energyCur=50..}] add goro_amaru"
              ]
            }
          }
        ]
      }
    }
  }
}*/