{
  "format_version": "1.21.10",
  "minecraft:item": {
    "description": {
      "identifier": "wesl3y:mera_remove",
      "menu_category": {
        "category": "items"
      }
    },
    "components": {
      "minecraft:tags": {
        "tags": [
          "first_person"
        ]
      },
      "minecraft:use_modifiers": {
        "movement_modifier": 0.35,
        "use_duration": 99999
      },
      "minecraft:icon": "mera_remove",
      "minecraft:display_name": {
        "value": "Mera Remove"
      },
      "minecraft:custom_components": [
        "wesl3y:mera2_skills"
      ]
    }
  }
}/*
      "minecraft:on_use": {
        "on_use": {
          "event": "wg",
          "target": "self"
        }
      }
    },
    "events": {
      "wg": {
        "run_command": {
          "command": [
            "fill ~-15~-3~-15 ~15~2~15 air [] replace fire"
          ]
        }
	  }
	}
  }
}*/