{
  "format_version": "1.21.10",
  "minecraft:item": {
    "description": {
      "identifier": "wesl3y:suke_skills",
      "menu_category": {
        "category": "items"
      }
    },
    "components": {
      "minecraft:tags": {
        "tags": [
          "first_person",
          "no_attack",
          "1skills",
          "suke",
          "fruit"
        ]
      },
      "minecraft:use_modifiers": {
        "movement_modifier": 0.35,
        "use_duration": 99999
      },
      "minecraft:icon": "suke_skills",
      "minecraft:display_name": {
        "value": "Suke Skills"
      },
      "minecraft:custom_components": [
        "wesl3y:suke_skills"
      ]
    }
  }
}/*
      "minecraft:on_use": {
        "on_use": {
          "event": "using",
          "target": "self"
        }
      }
    },
    "events": {
      "using": {
        "sequence": [
          {
            "condition": "query.property('wesl3y:mode') == 42 && query.scoreboard('slotSkill') == 0",
            "run_command": {
              "command": [
                "tag @s remove suke_invisible",
                "tag @s remove stop_air",
                "scoreboard players set @s cooldown1 15",
                "scoreboard players set @s cooldownmax1 15" 
              ]
            }
          },
          {
            "condition": "q.property('wesley:empty') == 0 && q.property('wesl3y:mode') == 0 && q.property('wesl3y:skill') == 0 && q.scoreboard('slotSkill') == 0 && q.scoreboard('cooldown1') == 0 && !q.is_sneaking && !q.is_riding && !q.is_in_water",
            "run_command": {
              "command": [
                "tellraw @s[scores={fruitMaes=..0}] {\"rawtext\":[{\"text\":\"§c\"}, {\"translate\":\"text.requires\"}, {\"text\":\"Fruit 1\"}]}",
                "tellraw @s[scores={fruitMaes=1..,energyCur=..49}] {\"rawtext\":[{\"text\":\"§c\"}, {\"translate\":\"text.requires\"}, {\"text\":\"Energy 50\"}]}",
                "tag @s[scores={fruitMaes=1..,energyCur=50..}] add suke_invisible"
              ]
            }
          }
        ]
      }
    }
  }
}*/