{
  "format_version": "1.21.10",
  "minecraft:item": {
    "description": {
      "identifier": "wesl3y:zou_elephant_skills",
      "menu_category": {
        "category": "items"
      }
    },
    "components": {
      "minecraft:tags": {
        "tags": [
          "first_person",
          "no_attack",
          "2skills",
          "elephant",
          "fruit"
        ]
      },
      "minecraft:use_modifiers": {
        "movement_modifier": 0.35,
        "use_duration": 99999
      },
      "minecraft:icon": "zou_elephant_skills",
      "minecraft:damage": 6,
      "minecraft:display_name": {
        "value": "Elephant Skills"
      },
      "minecraft:custom_components": [
        "wesl3y:zou_elephant_skills"
      ]
    }
  }
}/*
      "minecraft:on_use": {
        "on_use": {
          "event": "using",
          "target": "self"
        }
      }
    },
    "events": {
      "using": {
        "sequence": [
          {
            "condition": "q.property('wesl3y:empty') == 0 && q.property('wesl3y:mode') == 0 && q.property('wesl3y:skill') == 0 && q.scoreboard('slotSkill') == 0 && q.scoreboard('cooldown1') == 0 && q.scoreboard('hurtCur') == 0 && !q.is_sneaking && !q.is_riding && !q.is_in_water",
            "run_command": {
              "command": [
                "tellraw @s {\"rawtext\":[{\"text\":\"§c\"}, {\"translate\":\"text.requires\"}, {\"text\":\"Zoan Form\"}]}"
              ]
            }
          },
          {
            "condition": "q.property('wesl3y:empty') == 0 && q.property('wesl3y:mode') != 0 && q.property('wesl3y:skill') == 0 && q.scoreboard('slotSkill') == 0 && q.scoreboard('cooldown1') == 0 && q.scoreboard('hurtCur') == 0 && !q.is_sneaking && !q.is_riding && !q.is_in_water",
            "run_command": {
              "command": [
                "tellraw @s[scores={fruitMaes=..0}] {\"rawtext\":[{\"text\":\"§c\"}, {\"translate\":\"text.requires\"}, {\"text\":\"Fruit 1\"}]}",
                "tellraw @s[scores={fruitMaes=1..,energyCur=..49}] {\"rawtext\":[{\"text\":\"§c\"}, {\"translate\":\"text.requires\"}, {\"text\":\"Energy 50\"}]}",
                "event entity @s[scores={fruitMaes=1..,energyCur=50..}] wesl3y:skill1"
              ]
            }
          },
          {
            "condition": "q.property('wesl3y:empty') == 0 && q.property('wesl3y:mode') != 34 && q.property('wesl3y:skill') == 0 && q.scoreboard('slotSkill') == 1 && q.scoreboard('cooldown2') == 0 && q.scoreboard('hurtCur') == 0 && !q.is_sneaking && !q.is_riding && !q.is_in_water",
            "run_command": {
              "command": [
                "tellraw @s {\"rawtext\":[{\"text\":\"§c\"}, {\"translate\":\"text.requires\"}, {\"text\":\"Elephant Form\"}]}"
              ]
            }
          },
          {
            "condition": "q.property('wesl3y:empty') == 0 && q.property('wesl3y:mode') == 34 && q.property('wesl3y:skill') == 0 && q.scoreboard('slotSkill') == 1 && q.scoreboard('cooldown2') == 0 && q.scoreboard('hurtCur') == 0 && !q.is_sneaking && !q.is_riding && !q.is_in_water",
            "run_command": {
              "command": [
                "tellraw @s[scores={fruitMaes=..79}] {\"rawtext\":[{\"text\":\"§c\"}, {\"translate\":\"text.requires\"}, {\"text\":\"Fruit 80\"}]}",
                "tellraw @s[scores={fruitMaes=80..,energyCur=..49}] {\"rawtext\":[{\"text\":\"§c\"}, {\"translate\":\"text.requires\"}, {\"text\":\"Energy 50\"}]}",
                "event entity @s[scores={fruitMaes=80..,energyCur=50..}] wesl3y:skill2"
              ]
            }
          }
        ]
      }
    }
  }
}*/