{
	"format_version": "1.10.0",
	"particle_effect": {
		"description": {
			"identifier": "wesl3y:hp5",
			"basic_render_parameters": {
				"material": "particles_blend",
				"texture": "textures/wg/hp5"
			}
		},
		"components": {
			"minecraft:emitter_local_space": {
				"position": true,
				"rotation": true
			},
			"minecraft:emitter_rate_instant": {
				"num_particles": 1
			},
			"minecraft:emitter_lifetime_once": {
				"active_time": 1
			},
			"minecraft:emitter_shape_point": {},
			"minecraft:particle_lifetime_expression": {
				"max_lifetime": 1
			},
			"minecraft:particle_initial_speed": 0,
			"minecraft:particle_motion_dynamic": {},
			"minecraft:particle_appearance_billboard": {
				"size": [0.9, 0.135],
				"facing_camera_mode": "rotate_xyz",
				"uv": {
					"texture_width": 40,
					"texture_height": 6,
					"uv": [0, 0],
					"uv_size": [40, 6]
				}
			}
		}
	}
}