{
  "format_version": "1.10.0",
  "minecraft:attachable": {
    "description": {
      "identifier": "wesl3y:neko_leopard_skills",
      "materials": {
        "default": "entity_alphatest"
      },
      "textures": {
        "default": "textures/wesl3y/zinvisible"
      },
      "geometry": {
        "default": "geometry.null"
      },
      "scripts": {
        "parent_setup": "variable.chest_layer_visible = 0.0;"
      },
      "render_controllers": [ {"controller.render.skeleton": "query.property('wesl3y:empty') == 0"} ]
    }
  }
}