{
  "format_version": "1.10.0",
  "minecraft:attachable": {
    "description": {
      "identifier": "wesl3y:pika_skills",
      "materials": {
        "default": "entity_alphatest",
        "charged": "charged_creeper"
      },
      "textures": {
        "default": "textures/attachables/pika_sword"
      },
      "geometry": {
        "default": "geometry.pika_sword"
      },
      "scripts": {},
      "render_controllers": [ {"controller.render.pika_sword": "query.property('wesl3y:empty') == 0"} ]
    }
  }
}