{
  "format_version": "1.10.0",
  "minecraft:attachable": {
    "description": {
      "identifier": "wesl3y:uo_dragon_forms",
      "materials": {
        "default": "entity_alphatest"
      },
      "textures": {
        "default": "textures/wesl3y/zinvisible"
      },
      "geometry": {
        "default": "geometry.null"
      },
      "scripts": {
        "parent_setup": "variable.chest_layer_visible = 0.0;"
      },
      "render_controllers": [ {"controller.render.skeleton": "c.item_slot == 'main_hand'"} ]
    }
  }
}