{
  "format_version": "1.10.0",
  "particle_effect": {
    "description": {
      "identifier": "wesl3y:dragon_tatsumaki5",
      "basic_render_parameters": {
        "material": "particles_blend",
        "texture": "textures/particle/suna/sables"
      }
    },
    "components": {
      "minecraft:emitter_rate_instant": {
        "num_particles": 8
      },
      "minecraft:emitter_lifetime_once": {
        "active_time": 0.1
      },
      "minecraft:emitter_shape_point": {
        "offset": ["Math.random(-0.35, 0.35)", "Math.random(0, 5)", "Math.random(-0.35, 0.35)"]
      },
      "minecraft:particle_lifetime_expression": {
        "max_lifetime": "Math.random(0.3, 0.6)"
      },
      "minecraft:particle_initial_spin": {
        "rotation": "Math.random(0, -360)",
        "rotation_rate": "Math.random(200, -200)"
      },
      "minecraft:particle_initial_speed": 0.02,
      "minecraft:particle_motion_dynamic": {},
      "minecraft:particle_appearance_billboard": {
        "size": ["2.5 + (1.5 * variable.particle_age)", "2.5 + (1.5 * variable.particle_age)"],
        "facing_camera_mode": "direction_z",
        "direction": {
          "mode": "custom",
          "custom_direction": [0, -1, 0]
        },
        "uv": {
          "texture_width": 32,
          "texture_height": 32,
          "uv": [0, 0],
          "uv_size": [32, 32]
        }
      },
      "minecraft:particle_appearance_tinting": {
        "color": [0.7, 0.7, 0.7, 1]
      }
    }
  }
}