{
  "format_version": "1.10.0",
  "particle_effect": {
    "description": {
      "identifier": "wesl3y:dragon_tatsumaki3",
      "basic_render_parameters": {
        "material": "particles_add",
        "texture": "textures/particle/dragon/tatsumaki"
	  }
	},
	"components": {
      "minecraft:emitter_rate_instant": {
        "num_particles": 3
      },        
      "minecraft:emitter_lifetime_once": {
        "active_time": 1
      },
      "minecraft:emitter_shape_sphere": {
        "radius": 5,
        "offset": ["math.random(-12, 12)", -30, "math.random(-12, 12)"]
      },
      "minecraft:particle_initial_speed": 0,
      "minecraft:particle_lifetime_expression": {
        "max_lifetime": "Math.random(0.75, 1.25)"
      },
      "minecraft:particle_motion_dynamic": {},
      "minecraft:particle_appearance_billboard": {
        "size": [ "(variable.particle_random_1 * variable.particle_random_2 * 4 + 4) - (5 * variable.particle_age)", 80 ],
        "facing_camera_mode": "rotate_y",
        "uv": {
          "texture_width": 64,
          "texture_height": 128,
          "flipbook": {
            "base_UV": ["Math.round(variable.particle_random_1*4)*16", 0],
            "size_UV": [16, 128],
            "step_UV": [0, 0],
			"frames_per_second": 2,
			"max_frame": 4,
			"loop": true
          }
        }
      }
    }
  }
}