{
  "format_version": "1.10.0",
  "particle_effect": {
    "description": {
      "identifier": "wesl3y:dragon_roar",
      "basic_render_parameters": {
        "material": "particles_blend",
        "texture": "textures/particle/particles12"
      }
    },
    "components": {
      "minecraft:emitter_rate_instant": {
        "num_particles": 35
      },
      "minecraft:emitter_lifetime_once": {
        "active_time": 1
      },
      "minecraft:emitter_shape_sphere": {
        "offset": [0, 0, 0],
        "radius": 0.75,
        "surface_only": true,
        "direction": "outwards"
      },
      "minecraft:particle_lifetime_expression": {
        "max_lifetime": 0.75
      },
      "minecraft:particle_initial_speed": "math.random(15, 20)",
      "minecraft:particle_motion_dynamic": {
        "linear_drag_coefficient": 0.25
      },
      "minecraft:particle_appearance_billboard": {
        "size": [0.15, 1.5],
        "facing_camera_mode": "direction_y",
        "uv": {
          "texture_width": 32,
          "texture_height": 32,
          "uv": [0, 0],
          "uv_size": [32, 32]
        }
      },
      "minecraft:particle_appearance_tinting": {
        "color": {
          "interpolant": "v.particle_age",
          "gradient": {
            "0.2": "#EDFFFFFF",
            "0.75": "#00FFFFFF"
          }
        }
      }
    }
  }
}