{
  "format_version": "1.10.0",
  "particle_effect": {
    "description": {
      "identifier": "wesl3y:dragon_boro_breath_charge2",
      "basic_render_parameters": {
        "material": "particles_add",
        "texture": "textures/particle/particles9"
      }
    },
    "components": {
	  "minecraft:emitter_local_space": {
		"position": true,
		"rotation": false
	  },
      "minecraft:emitter_rate_instant": {
        "num_particles": 1
      },
      "minecraft:emitter_lifetime_once": {
        "active_time": 1
      },
      "minecraft:emitter_shape_point": {
        "offset": [0, 0, 0]
      },
      "minecraft:particle_lifetime_expression": {
        "max_lifetime": 1
      },
      "minecraft:particle_initial_spin": {
        "rotation": "math.random(0,-180)",
        "rotation_rate": 360
      },
      "minecraft:particle_initial_speed": 0.1,
      "minecraft:particle_motion_dynamic": {},
      "minecraft:particle_appearance_billboard": {
        "size": ["(variable.particle_random_1 * variable.particle_random_2 * 3 + 2) - (0.1 * variable.particle_age)", "(variable.particle_random_1 * variable.particle_random_2 * 3 + 2) - (0.1 * variable.particle_age)"],
        "facing_camera_mode": "direction_y",
        "uv": {
          "texture_width": 32,
          "texture_height": 32,
          "uv": [ 0, 0 ],
          "uv_size": [ 32, 32 ]
        }
      },
      "minecraft:particle_appearance_tinting": {
        "color": {
          "interpolant": "v.particle_age",
          "gradient": {
			"0.1": "#C4FFA300",
			"0.2": "#B3FF2D00",
			"1.0": "#00FF5A00"
		  }
        }
      }
    }
  }
}