{
  "format_version": "1.16.100",
  "minecraft:item": {
    "description": {
      "identifier": "wesl3y:stain_suit",
	  "category": "equipment"
    },

    "components": {
      "minecraft:render_offsets": {
	    "main_hand": {
		  "first_person": {
		    "scale": [0.03, 0.03, 0.03]
		  },
		  "third_person": {
			"scale": [0.075, 0.075, 0.075]
		  }
		}
	  },
	  "tag:suit": {},
	  "tag:no_jacket": {},
	  "tag:no_sleeve": {},
	  "tag:no_pants": {},
	  "minecraft:creative_category": {
	    "parent": "itemGroup.name.chestplate"
	  },
	  "minecraft:armor": {
		"protection": 12
	  },
      "minecraft:durability": {
        "max_durability": 1500
      },
	  "minecraft:enchantable": {
		"value": 15,
		"slot": "armor_chest"
	  },
	  "minecraft:repairable": {
		"repair_items": [
		  {
			"items": [
			  "wesl3y:stain_suit"
			],
			"repair_amount": 100
		  }
		]
	  },
      "minecraft:icon": {
        "texture": "stain_suit"
      },
      "minecraft:max_stack_size": 1,
      "minecraft:hand_equipped": true,
	  "minecraft:wearable": {
	    "slot": "slot.armor.chest"
	  },
      "minecraft:display_name": {
        "value":"Stain Suit\n\n§9+6 Resistance"
      }
    }
  }
}