{
  "format_version": "1.10.0",
  "particle_effect": {
    "description": {
      "identifier": "wesl3y:goro_particle",
      "basic_render_parameters": {
        "material": "particles_add",
        "texture": "textures/particle/goro"
      }
    },
    "components": {
      "minecraft:emitter_rate_instant": {
        "num_particles": 10
      },
      "minecraft:emitter_lifetime_once": {
      },
      "minecraft:emitter_shape_sphere": {
      },
      "minecraft:particle_initial_speed": 0.1,
      "minecraft:particle_motion_dynamic": {},
      "minecraft:particle_lifetime_expression": {
        "max_lifetime": "Math.random( 0.5, 0.8 )"
      },
      "minecraft:particle_appearance_billboard": {
        "size": [ "variable.particle_random_1 * variable.particle_random_2 * 0.3 + 0.25", "variable.particle_random_1 * variable.particle_random_2 * 0.3 + 0.25" ],
        "facing_camera_mode": "lookat_xyz",
        "uv": {
          "texture_width": 384,
          "texture_height": 64,
          "flipbook": {
            "base_UV": [0, 0],
            "size_UV": [64, 64],
            "step_UV": [64, 0],
            "frames_per_second": 6,
            "max_frame": 6,
            "stretch_to_lifetime": true
          }
        }
      },
      "minecraft:particle_appearance_tinting": {
        "color": {
          "interpolant": "v.particle_age",
          "gradient": {
            "0.2": "#ffffffff",
            "0.65": "#00ffffff"
          }
        }
      }
    }
  }
}