{
  "format_version": "1.21.10",
  "minecraft:item": {
    "description": {
      "identifier": "wesl3y:katakuri_scarf",
      "menu_category": {
        "category": "equipment",
        "group": "itemGroup.name.chestplate"
      }
    },

    "components": {
      "minecraft:tags": {
        "tags": [
          "haori"
        ]
      },
      "minecraft:durability": {
        "max_durability": 1500
      },
	  "minecraft:repairable": {
		"repair_items": [
		  {
			"items": [
			  "wesl3y:katakuri_scarf"
			],
			"repair_amount": 100
		  }
		]
	  },
      "minecraft:icon": "katakuri_scarf",
      "minecraft:max_stack_size": 1,
      "minecraft:hand_equipped": true,
	  "minecraft:wearable": {
	    "protection": 8,
	    "slot": "slot.armor.chest"
	  },
      "minecraft:display_name": {
        "value":"Katakuri Scarf\n\n§9+4 Resistance\n§9<Drop §5Legendary§9>"
      }
    }
  }
}