{
	"format_version": "1.8.0",
	"animations": {
		"animation.chew.combo1": {
			"loop": "hold_on_last_frame",
			"animation_length": 1.5,
			"bones": {
				"waist": {
					"rotation": {
						"0.0": [0, 0, 0],
						"0.2083": {
							"pre": [-5, 0, 0],
							"post": [-5, 0, 0],
							"lerp_mode": "catmullrom"
						},
						"0.375": {
							"post": [-5, 0, 0],
							"lerp_mode": "catmullrom"
						},
						"0.5": [7.02406, -2.60782, -0.54231],
						"1.25": [7.02406, -2.60782, -0.54231],
						"1.5": [0, 0, 0]
					}
				},
				"head": {
					"rotation": {
						"0.0": [0, 0, 0],
						"0.2083": {
							"pre": [-15, 0, 0],
							"post": [-15, 0, 0],
							"lerp_mode": "catmullrom"
						},
						"0.375": {
							"post": [-15, 0, 0],
							"lerp_mode": "catmullrom"
						},
						"0.5": [-5, "math.sin(q.anim_time * 5000) * 2.5", 0],
						"1.25": [-5, "math.sin(q.anim_time * 5000) * 2.5", 0],
						"1.5": [0, 0, 0]
					}
				},
				"rightArm": {
					"rotation": {
						"0.0": [0, 0, 0],
						"0.2083": {
							"pre": [-12.5, 0, 17.5],
							"post": [-12.5, 0, 17.5],
							"lerp_mode": "catmullrom"
						},
						"0.375": {
							"post": [-12.5, 0, 17.5],
							"lerp_mode": "catmullrom"
						},
						"0.5": [17.5, 0, 10],
						"1.25": [17.5, 0, 10],
						"1.5": [0, 0, 0]
					}
				},
				"leftArm": {
					"rotation": {
						"0.0": [0, 0, 0],
						"0.2083": {
							"pre": [-12.5, 0, -17.5],
							"post": [-12.5, 0, -17.5],
							"lerp_mode": "catmullrom"
						},
						"0.375": {
							"post": [-12.5, 0, -17.5],
							"lerp_mode": "catmullrom"
						},
						"0.5": [17.5, 0, -10],
						"1.25": [17.5, 0, -10],
						"1.5": [0, 0, 0]
					}
				},
				"rightLeg": {
					"rotation": {
						"0.0": [0, 0, 0],
						"0.2083": {
							"pre": [0, 0, 2.5],
							"post": [0, 0, 2.5],
							"lerp_mode": "catmullrom"
						},
						"0.375": {
							"post": [0, 0, 2.5],
							"lerp_mode": "catmullrom"
						},
						"0.5": [2.5, 0, 2.5],
						"1.25": [2.5, 0, 2.5],
						"1.5": [0, 0, 0]
					},
					"position": {
						"0.0": [0, 0, 0],
						"0.2083": {
							"pre": [0, 0, 0],
							"post": [0, 0, 0],
							"lerp_mode": "catmullrom"
						},
						"0.375": {
							"post": [0, 0, 0],
							"lerp_mode": "catmullrom"
						},
						"0.5": [-0.5, 0, -1],
						"1.25": [-0.5, 0, -1],
						"1.5": [0, 0, 0]
					}
				},
				"leftLeg": {
					"rotation": {
						"0.0": [0, 0, 0],
						"0.2083": {
							"pre": [0, 0, -2.5],
							"post": [0, 0, -2.5],
							"lerp_mode": "catmullrom"
						},
						"0.375": {
							"post": [0, 0, -2.5],
							"lerp_mode": "catmullrom"
						},
						"0.5": [5, 0, -2.5],
						"1.25": [5, 0, -2.5],
						"1.5": [0, 0, 0]
					},
					"position": {
						"0.0": [0, 0, 0],
						"0.2083": {
							"pre": [0, 0, 0],
							"post": [0, 0, 0],
							"lerp_mode": "catmullrom"
						},
						"0.375": {
							"post": [0, 0, 0],
							"lerp_mode": "catmullrom"
						},
						"0.5": [0.5, 0, -1],
						"1.25": [0.5, 0, -1],
						"1.5": [0, 0, 0]
					}
				}
			},
			"particle_effects": {
				"0.5": {
					"effect": "shoot.small",
					"locator": "water_shoot"
				},
				"0.6": {
					"effect": "shoot.small",
					"locator": "water_shoot"
				},
				"0.7": {
					"effect": "shoot.small",
					"locator": "water_shoot"
				},
				"0.8": {
					"effect": "shoot.small",
					"locator": "water_shoot"
				},
				"0.9": {
					"effect": "shoot.small",
					"locator": "water_shoot"
				},
				"1.0": {
					"effect": "shoot.small",
					"locator": "water_shoot"
				},
				"1.1": {
					"effect": "shoot.small",
					"locator": "water_shoot"
				},
				"1.2": {
					"effect": "shoot.small",
					"locator": "water_shoot"
				}
			}
		}
	}
}