{
	"format_version": "1.8.0",
	"animations": {
		"animation.kuroobi.default": {
			"loop": true,
			"override_previous_animation": true,
			"bones": {
				"hair": {
					"rotation": ["query.modified_move_speed * 2.5", 0, "math.cos(q.anim_time * 75) * 5"]
				},
				"hair2": {
					"rotation": ["query.modified_move_speed * 2.5", 0, "math.cos(q.anim_time * 80) * 5"]
				},
				"hair3": {
					"rotation": [0, 0, "math.cos(q.anim_time * 85) * 5"]
				},
				"hair4": {
					"rotation": ["query.modified_move_speed * 2.5", 0, "math.cos(q.anim_time * 90) * 5"]
				},
				"hair5": {
					"rotation": [0, 0, "math.cos(q.anim_time * 95) * 5"]
				},
				"hair6": {
					"rotation": [0, 0, "math.cos(q.anim_time * 100) * 5"]
				}
			}
		},
		"animation.kuroobi.combo1": {
			"loop": "hold_on_last_frame",
			"animation_length": 1.5,
			"override_previous_animation": true,
			"bones": {
				"waist": {
					"rotation": {
						"0.0": [0, 0, 0],
						"0.2083": [0, -37.5, 0],
						"1.0": {
							"pre": [0, -37.5, 0],
							"post": [0, -37.5, 0],
							"lerp_mode": "catmullrom"
						},
						"1.0417": {
							"post": [0, 30, 0],
							"lerp_mode": "catmullrom"
						},
						"1.4167": {
							"post": [0, 30, 0],
							"lerp_mode": "catmullrom"
						},
						"1.5": {
							"post": [0, 0, 0],
							"lerp_mode": "catmullrom"
						}
					},
					"position": {
						"0.0": [0, 0, 0],
						"0.2083": [0, -1, 0],
						"1.0": {
							"pre": [0, -1, 0],
							"post": [0, -1, 0],
							"lerp_mode": "catmullrom"
						},
						"1.4167": {
							"post": [0, -1, 0],
							"lerp_mode": "catmullrom"
						},
						"1.5": {
							"post": [0, 0, 0],
							"lerp_mode": "catmullrom"
						}
					}
				},
				"rightArm": {
					"rotation": {
						"0.0": [0, 0, 0],
						"0.2083": [-81.29696, 34.79703, 1.99668],
						"1.0": {
							"pre": [-81.29696, 34.79703, 1.99668],
							"post": [-81.29696, 34.79703, 1.99668],
							"lerp_mode": "catmullrom"
						},
						"1.0417": {
							"post": [-45.96607, -32.69948, 1.73812],
							"lerp_mode": "catmullrom"
						},
						"1.4167": {
							"post": [-45.96607, -32.69948, 1.73812],
							"lerp_mode": "catmullrom"
						},
						"1.5": {
							"post": [0, 0, 0],
							"lerp_mode": "catmullrom"
						}
					},
					"position": {
						"0.0": [0, 0, 0],
						"0.2083": [0.5, -0.5, 1.5],
						"1.0": {
							"pre": [0.5, -0.5, 1.5],
							"post": [0.5, -0.5, 1.5],
							"lerp_mode": "catmullrom"
						},
						"1.0417": {
							"post": [-0.5, -1, -0.5],
							"lerp_mode": "catmullrom"
						},
						"1.4167": {
							"post": [-0.5, -1, -0.5],
							"lerp_mode": "catmullrom"
						},
						"1.5": {
							"post": [0, 0, 0],
							"lerp_mode": "catmullrom"
						}
					}
				},
				"leftArm": {
					"rotation": {
						"0.0": [0, 0, 0],
						"0.2083": [-46.89245, -18.58655, 72.01476],
						"1.0": {
							"pre": [-46.89245, -18.58655, 72.01476],
							"post": [-46.89245, -18.58655, 72.01476],
							"lerp_mode": "catmullrom"
						},
						"1.0417": {
							"post": [-92.35147, -30.01678, -0.78338],
							"lerp_mode": "catmullrom"
						},
						"1.4167": {
							"post": [-92.35147, -30.01678, -0.78338],
							"lerp_mode": "catmullrom"
						},
						"1.5": {
							"post": [0, 0, 0],
							"lerp_mode": "catmullrom"
						}
					},
					"position": {
						"0.0": [0, 0, 0],
						"0.2083": [2, -0.5, -0.5],
						"1.0": {
							"pre": [2, -0.5, -0.5],
							"post": [2, -0.5, -0.5],
							"lerp_mode": "catmullrom"
						},
						"1.0417": {
							"post": [0, 0, -1],
							"lerp_mode": "catmullrom"
						},
						"1.4167": {
							"post": [0, 0, -1],
							"lerp_mode": "catmullrom"
						},
						"1.5": {
							"post": [0, 0, 0],
							"lerp_mode": "catmullrom"
						}
					}
				},
				"rightLeg": {
					"rotation": {
						"0.0": {
							"post": [0, 0, 0],
							"lerp_mode": "catmullrom"
						},
						"0.2083": {
							"post": [0, 0, 0],
							"lerp_mode": "catmullrom"
						},
						"1.0": {
							"post": [0, 0, 0],
							"lerp_mode": "catmullrom"
						},
						"1.0417": {
							"post": [-7.5, 0, 0],
							"lerp_mode": "catmullrom"
						},
						"1.4167": {
							"post": [-7.5, 0, 0],
							"lerp_mode": "catmullrom"
						},
						"1.5": {
							"post": [0, 0, 0],
							"lerp_mode": "catmullrom"
						}
					},
					"position": {
						"0.0": {
							"post": [0, 0, 0],
							"lerp_mode": "catmullrom"
						},
						"0.2083": {
							"post": [-0.5, 0, -2],
							"lerp_mode": "catmullrom"
						},
						"1.0": {
							"post": [-0.5, 0, -1.5],
							"lerp_mode": "catmullrom"
						},
						"1.0417": {
							"post": [-0.5, 0, -1],
							"lerp_mode": "catmullrom"
						},
						"1.4167": {
							"post": [-0.5, 0, -1],
							"lerp_mode": "catmullrom"
						},
						"1.5": {
							"post": [0, 0, 0],
							"lerp_mode": "catmullrom"
						}
					}
				},
				"leftLeg": {
					"rotation": {
						"0.0": {
							"post": [0, 0, 0],
							"lerp_mode": "catmullrom"
						},
						"0.2083": {
							"post": [5, 0, 0],
							"lerp_mode": "catmullrom"
						},
						"1.0": {
							"post": [5, 0, 0],
							"lerp_mode": "catmullrom"
						},
						"1.0417": {
							"post": [15, 0, 0],
							"lerp_mode": "catmullrom"
						},
						"1.4167": {
							"post": [15, 0, 0],
							"lerp_mode": "catmullrom"
						},
						"1.5": {
							"post": [0, 0, 0],
							"lerp_mode": "catmullrom"
						}
					},
					"position": {
						"0.0": {
							"post": [0, 0, 0],
							"lerp_mode": "catmullrom"
						},
						"0.2083": {
							"post": [1, 0, 0.5],
							"lerp_mode": "catmullrom"
						},
						"1.0": {
							"post": [1, 0, 0.5],
							"lerp_mode": "catmullrom"
						},
						"1.0417": {
							"post": [1, 0, 0.5],
							"lerp_mode": "catmullrom"
						},
						"1.4167": {
							"post": [1, 0, 0.5],
							"lerp_mode": "catmullrom"
						},
						"1.5": {
							"post": [0, 0, 0],
							"lerp_mode": "catmullrom"
						}
					}
				},
				"head": {
					"rotation": {
						"0.0": [0, 0, 0],
						"0.2083": [0, 35, 0],
						"1.0": {
							"pre": [0, 35, 0],
							"post": [0, 35, 0],
							"lerp_mode": "catmullrom"
						},
						"1.0417": {
							"post": [0, -30, 0],
							"lerp_mode": "catmullrom"
						},
						"1.4167": {
							"post": [0, -30, 0],
							"lerp_mode": "catmullrom"
						},
						"1.5": {
							"post": [0, 0, 0],
							"lerp_mode": "catmullrom"
						}
					}
				}
			}
		}
	}
}