{
  "format_version": "1.10.0",
  "animations": {
    "animation.timer.0_05": {
      "loop": false,
      "animation_length": 0.05
    },
    "animation.timer.0_1": {
      "loop": false,
      "animation_length": 0.1
    },
    "animation.timer.0_3": {
      "loop": false,
      "animation_length": 0.3
    },
    "animation.timer.0_35": {
      "loop": false,
      "animation_length": 0.35
    },
    "animation.timer.0_45": {
      "loop": false,
      "animation_length": 0.45
    },
    "animation.timer.0_5": {
      "loop": false,
      "animation_length": 0.5
    },
    "animation.timer.0_65": {
      "loop": false,
      "animation_length": 0.65
    },
    "animation.timer.0_7": {
      "loop": false,
      "animation_length": 0.7
    },
    "animation.timer.0_75": {
      "loop": false,
      "animation_length": 0.75
    },
    "animation.timer.1_0": {
      "loop": false,
      "animation_length": 1.0
    },
    "animation.timer.1_5": {
      "loop": false,
      "animation_length": 1.5
    },
    "animation.timer": {
      "loop": true,
      "animation_length": 0.25,
      "timeline": {
        "0.0": [
          "/effect @s[scores={wg:animes=8,wg:characters=3}] speed 1 2 true",
          "/effect @s[scores={wg:animes=8,wg:characters=3}] jump_boost 1 2 true",
          "/function characters"
        ]
      }
    }
  }
}