{
  "format_version": "1.10.0",
  "animations": {
    "animation.ryujin_jakka.dash": {
      "loop": false,
      "animation_length": 0.7,
      "timeline": {
        "0.0": [
          "/playanimation @s animation.yamamoto.dash.loop wesl3y",
          "/damage @e[rm=0.1,r=2.75,type=!item,type=!xp_orb,family=!attack] 15 entity_attack entity @s",
          "/fill ~1~1~1 ~-1~-1~-1 fire [] replace air"
        ],
        "0.1": [
          "/playanimation @s animation.yamamoto.dash.loop wesl3y",
          "/damage @e[rm=0.1,r=2.75,type=!item,type=!xp_orb,family=!attack] 15 entity_attack entity @s",
          "/fill ~1~1~1 ~-1~-1~-1 fire [] replace air"
        ],
        "0.2": [
          "/playanimation @s animation.yamamoto.dash.loop wesl3y",
          "/damage @e[rm=0.1,r=2.75,type=!item,type=!xp_orb,family=!attack] 15 entity_attack entity @s",
          "/fill ~1~1~1 ~-1~-1~-1 fire [] replace air"
        ],
        "0.3": [
          "/playanimation @s animation.yamamoto.dash.loop wesl3y",
          "/damage @e[rm=0.1,r=2.75,type=!item,type=!xp_orb,family=!attack] 15 entity_attack entity @s",
          "/fill ~1~1~1 ~-1~-1~-1 fire [] replace air"
        ],
        "0.4": [
          "/playanimation @s animation.yamamoto.dash.loop wesl3y",
          "/damage @e[rm=0.1,r=2.75,type=!item,type=!xp_orb,family=!attack] 15 entity_attack entity @s",
          "/fill ~1~1~1 ~-1~-1~-1 fire [] replace air"
        ],
        "0.5": [
          "/playanimation @s animation.yamamoto.dash wesl3y",
          "/damage @e[rm=0.1,r=2.75,type=!item,type=!xp_orb,family=!attack] 15 entity_attack entity @s",
          "/fill ~1~1~1 ~-1~-1~-1 fire [] replace air"
        ],
        "0.6": [
          "/damage @e[rm=0.1,r=2.75,type=!item,type=!xp_orb,family=!attack] 15 entity_attack entity @s",
          "/fill ~1~1~1 ~-1~-1~-1 fire [] replace air"
        ]
      }
    },
    "animation.zanka_no_tachi.leste": {
      "loop": true,
      "animation_length": 2.0,
      "timeline": {
        "0.0": [
          "/playanimation @s animation.yamamoto_bankai.leste wesl3y",
          "/effect @s strength 1 4 true"
        ],
        "0.2": [
          "/playanimation @s animation.yamamoto_bankai.leste wesl3y",
          "/effect @s strength 1 4 true"
        ],
        "0.4": [
          "/playanimation @s animation.yamamoto_bankai.leste wesl3y",
          "/effect @s strength 1 4 true"
        ],
        "0.6": [
          "/playanimation @s animation.yamamoto_bankai.leste wesl3y",
          "/effect @s strength 1 4 true"
        ],
        "0.8": [
          "/playanimation @s animation.yamamoto_bankai.leste wesl3y",
          "/effect @s strength 1 4 true"
        ],
        "1.0": [
          "/playanimation @s animation.yamamoto_bankai.leste wesl3y",
          "/effect @s strength 1 4 true"
        ],
        "1.2": [
          "/playanimation @s animation.yamamoto_bankai.leste wesl3y",
          "/effect @s strength 1 4 true"
        ],
        "1.4": [
          "/playanimation @s animation.yamamoto_bankai.leste wesl3y",
          "/effect @s strength 1 4 true"
        ],
        "1.6": [
          "/playanimation @s animation.yamamoto_bankai.leste wesl3y",
          "/effect @s strength 1 4 true"
        ],
        "1.8": [
          "/playanimation @s animation.yamamoto_bankai.leste wesl3y",
          "/effect @s strength 1 4 true"
        ]
      }
    },
    "animation.zanka_no_tachi.oeste": {
      "loop": true,
      "animation_length": 0.1,
      "timeline": {
        "0.0": [
          "/particle wesl3y:zanka_no_tachi.oeste",
          "/particle wesl3y:zanka_no_tachi.oeste",
          "/particle wesl3y:zanka_no_tachi.oeste2",
          "/particle wesl3y:zanka_no_tachi.oeste2",
          "/particle wesl3y:zanka_no_tachi.oeste3",
          "/particle wesl3y:zanka_no_tachi.oeste3",
          "/particle wesl3y:zanka_no_tachi.oeste4",
          "/particle wesl3y:zanka_no_tachi.oeste4",
          "/damage @e[r=2.75,tag=!zanka_no_tachi_oeste,type=!item,type=!xp_orb,family=!attack] 15 entity_attack entity @s"
        ]
      }
    }
  }
}