{
  "format_version": "1.16.0",
  "minecraft:client_entity": {
    "description": {
      "identifier": "wesl3y:overhaul_short",
      "materials": {
        "default": "entity_alphatest"
      },
      "textures": {
        "default": "textures/entity/stone"
      },
      "geometry": {
        "default": "geometry.overhaul_destroy"
      },
      "scripts": {
        "animate": [
          "look"
        ]
      },
      "animations": {
        "look": "animation.projetil.overhaul"
      },
      "render_controllers": [
        "controller.render.all"
      ],
      "enable_attachables": false
    }
  }
}