{
  "format_version": "1.10.0",
  "particle_effect": {
    "description": {
      "identifier": "wesl3y:1m_volt2",
      "basic_render_parameters": {
        "material": "particles_blend",
        "texture": "textures/particle/ball"
      }
    },
    "components": {
      "minecraft:emitter_rate_instant": {
        "num_particles": "math.random(10, 15)"
      },
      "minecraft:emitter_lifetime_once": {},
      "minecraft:emitter_shape_custom": {
        "offset": [ "Math.random(-3, 3)", "Math.random(-0.5, 1.5)", "Math.random(-3, 3)" ]
      },
      "minecraft:particle_initial_speed": 0.0,
      "minecraft:particle_lifetime_expression": {
        "max_lifetime": "Math.random(0.3, 0.5)"
      },
      "minecraft:particle_appearance_billboard": {
        "size": [ 1.0, 1.0 ],
        "facing_camera_mode": "lookat_xyz",
        "uv": {
          "texture_width": 8,
          "texture_height": 8,
          "uv": [0, 0],
          "uv_size": [8, 8]
        }
      },
      "minecraft:particle_appearance_tinting": {
        "color": [1, 1, 0.5, 0.2]
      }
    }
  }
}