{
  "format_version": "1.10.0",
  "animation_controllers": {
    "controller.animation.kusanagi_sasuke": {
      "initial_state": "default",
      "states": {
        "default": {
          "transitions": [
            {
              "1606": "variable.attack_time > 0 && query.get_equipped_item_name('main_hand') == 'kusanagi_sasuke'"
            }
          ]
        },
        "1606": {
          "transitions": [
            {
              "default": "variable.attack_time > 0 && query.get_equipped_item_name('main_hand') == 'kusanagi_sasuke'"
            }
          ],
          "on_entry": [
          "/summon lightning_bolt ^^^-7",
          "/summon lightning_bolt ^-7^^",
          "/summon lightning_bolt ^^^7",
          "/summon lightning_bolt ^7^^",
       "/effect @s fire_resistance 4 10 true "
          ]
        }
      }
    }
}
}