{
   "format_version": "1.10.0",
     "animation_controllers": {
        "controller.animation.olho": {
      "states": {
      "default": {
        "transitions": [
            {
       "walking": "!query.has_armor_slot(0)"
            }
          ],
          "on_entry": [

        "/function olho"
        

          ]
        },
       "walking": {
        "transitions": [
            {
       "default": "!query.has_armor_slot(0)"
            }
          ]
        }
      }
    }
  }
}