{
  "format_version": "1.16.0",
  "minecraft:entity": {
    "description": {
      "identifier": "wesl3y:overhaul_short",
      "is_spawnable": false,
      "is_summonable": true,
      "is_experimental": false
    },
	"component_groups": {
	  "wesl3y:despawn": {
        "minecraft:instant_despawn": {}
      },
	  "wesl3y:overhaul_destroy1": {
	    "minecraft:variant": {
	      "value": 1
	    },
        "minecraft:type_family": {
          "family": [ "overhaul_destroy", "overhaul_destroy1", "overhaul", "attack" ]
        },
        "minecraft:scale": {
          "value": 1.0
        },
        "minecraft:transformation": {
          "into": "wesl3y:despawn",
          "delay": 2.0
        }
	  },
	  "wesl3y:overhaul_destroy2": {
	    "minecraft:variant": {
	      "value": 2
	    },
        "minecraft:type_family": {
          "family": [ "overhaul_destroy", "overhaul_destroy2", "overhaul", "attack" ]
        },
        "minecraft:scale": {
          "value": 1.5
        },
        "minecraft:transformation": {
          "into": "wesl3y:despawn",
          "delay": 2.5
        }
	  },
	  "wesl3y:overhaul_destroy3": {
	    "minecraft:variant": {
	      "value": 3
	    },
        "minecraft:type_family": {
          "family": [ "overhaul_destroy", "overhaul_destroy3", "overhaul", "attack" ]
        },
        "minecraft:scale": {
          "value": 2.0
        },
        "minecraft:transformation": {
          "into": "wesl3y:despawn",
          "delay": 3.0
        }
	  }
	},
    "components": {
      "minecraft:collision_box": {
        "width": 0.0,
        "height": 0.0
      },
      "minecraft:transformation": {
        "into": "wesl3y:despawn",
        "delay": 5.0
      },
      "minecraft:despawn": {
        "filters": {
          "any_of": [
            { "test": "distance_to_nearest_player", "operator": ">", "value": 32}
          ]
        }
      },
      "minecraft:damage_sensor": {
        "triggers":[
          {
            "cause": "all",
            "deals_damage": false
          }
        ]
      },
      "minecraft:timer": {
        "looping": true,
        "time": 0.1,
        "time_down_event": {
          "event": "wesl3y:command"
        }
      },
      "minecraft:persistent": {
      },
      "minecraft:physics": {},
      "minecraft:pushable": {
        "is_pushable": false,
        "is_pushable_by_piston": true
      },
      "minecraft:conditional_bandwidth_optimization": {
        "default_values": {
          "max_optimized_distance": 80,
          "max_dropped_ticks": 10,
          "use_motion_prediction_hints": true
        }
      }
    },
	
	"events": {
      "wesl3y:command": {
        "sequence": [
          {
            "filters": {
              "test": "is_family",
              "value": "overhaul_destroy" 
            },
            "run_command": {
              "command": [
                "function damage/overhaul/overhaul_destroy"
              ]
            }
          },
          {
            "filters": {
              "test": "is_family",
              "value": "overhaul_destroy_all" 
            },
            "run_command": {
              "command": [
                "function damage/overhaul/overhaul_destroy_all"
              ]
            }
          }
        ]
      },
      "wesl3y:command2": {},
	  "wesl3y:despawn": {
	    "add": {
	      "component_groups": [
	        "wesl3y:despawn"
	      ]
	    }
	  },
	  "wesl3y:overhaul_destroy1": {
	    "add": {
	      "component_groups": [
	        "wesl3y:overhaul_destroy1"
	      ]
        },
        "run_command": {
          "command": [
            "summon wesl3y:overhaul_short ^^^4 facing ^^^90 wesl3y:overhaul_destroy2",
            "particle wesl3y:overhaul_destroy ~~1~",
            "particle wesl3y:overhaul_destroy ~~1~",
            "playsound overhaul_destroy @a[r=15] ~ ~ ~ 1 2"
          ]
        }
	  },
	  "wesl3y:overhaul_destroy2": {
	    "add": {
	      "component_groups": [
	        "wesl3y:overhaul_destroy2"
	      ]
        },
        "run_command": {
          "command": [
            "summon wesl3y:overhaul_short ^^^4 facing ^^^90 wesl3y:overhaul_destroy3",
            "particle wesl3y:overhaul_destroy ~~1~",
            "particle wesl3y:overhaul_destroy ~~1~",
            "playsound overhaul_destroy @a[r=15] ~ ~ ~ 1 2"
          ]
	    }
	  },
	  "wesl3y:overhaul_destroy3": {
	    "add": {
	      "component_groups": [
	        "wesl3y:overhaul_destroy3"
	      ]
        },
        "run_command": {
          "command": [
            "particle wesl3y:overhaul_destroy ~~1~",
            "particle wesl3y:overhaul_destroy ~~1~",
            "playsound overhaul_destroy @a[r=15] ~ ~ ~ 1 2"
          ]
	    }
	  }
	}
  }
}